word,pos,var,shaw,ipa,verdict,shaw_override,pos_override,var_override,ipa_override,source,status,confidence,notes
a closed mouth gathers no feet,UNC,GenAm,𐑩 𐑒𐑤𐑴𐑟𐑛 𐑥𐑬𐑔 𐑜𐑨𐑞𐑼𐑟 𐑯𐑴 𐑓𐑰𐑑,ə ˈkloʊzd ˌmaʊθ ˈɡæðəRz noʊ ˈfiːt,drop,,,,,wiktionary,new,97,shave_agrees
a closed mouth gathers no feet,UNC,RSSB,𐑩 𐑒𐑤𐑴𐑟𐑛 𐑥𐑬𐑔 𐑜𐑨𐑞𐑼𐑟 𐑯𐑴 𐑓𐑰𐑑,ə ˈkləʊzd ˌmaʊθ ɡæðəRz nəʊ ˈfiːt,drop,,,,,wiktionary,new,97,shave_agrees
a friend in need is a friend indeed,UNC,RSSB,𐑩 𐑓𐑮𐑧𐑯𐑛 𐑦𐑯 𐑯𐑰𐑛 𐑦𐑟 𐑩 𐑓𐑮𐑧𐑯𐑛 𐑦𐑯𐑛𐑰𐑛,ə ˌfrend ɪn ˈniːd ɪz ə ˌfrend ɪnˈdiːd,drop,,,,,wiktionary,new,97,shave_agrees
a little bird told me,UNC,RSSB,𐑩 𐑤𐑦𐑑𐑩𐑤 𐑚𐑻𐑛 𐑑𐑴𐑤𐑛 𐑥𐑰,ə ˌlɪtəl bɜːRd ˈtəʊld miː,drop,,,,,wiktionary,new,97,shave_agrees
a lottle,AV0,GenAm,𐑩 𐑤𐑪𐑑𐑩𐑤,ə ˈlɒtəl,drop,,,,,wiktionary,new,97,shave_agrees
a whole nother,DT0,GenAm,𐑩 𐑣𐑴𐑤 𐑯𐑳𐑞𐑼,ə ˈhoʊl ˌnʌðər,drop,,,,,wiktionary,new,97,shave_agrees
a whole nother,DT0,RSSB,𐑩 𐑣𐑴𐑤 𐑯𐑳𐑞𐑼,ə ˈhəʊl nʌðəR,drop,,,,,wiktionary,new,97,shave_agrees
a woman needs a man like a fish needs a bicycle,UNC,RSSB,𐑩 𐑢𐑫𐑥𐑩𐑯 𐑯𐑰𐑛𐑟 𐑩 𐑥𐑨𐑯 𐑤𐑲𐑒 𐑩 𐑓𐑦𐑖 𐑯𐑰𐑛𐑟 𐑩 𐑚𐑲𐑕𐑦𐑒𐑩𐑤,ə ˈwʊmən ˌniːdz ə ˈmæn laɪk ə ˈfɪʃ ˌniːdz ə ˈbaɪsɪkəl,drop,,,,,wiktionary,new,97,shave_agrees
a woman without a man is like a fish without a bicycle,UNC,GenAm,𐑩 𐑢𐑫𐑥𐑩𐑯 𐑢𐑦𐑞𐑬𐑑 𐑩 𐑥𐑨𐑯 𐑦𐑟 𐑤𐑲𐑒 𐑩 𐑓𐑦𐑖 𐑢𐑦𐑞𐑬𐑑 𐑩 𐑚𐑲𐑕𐑦𐑒𐑩𐑤,ə ˈwʊmən wɪðˌaʊt ə ˈmæn ɪz laɪk ə ˈfɪʃ wɪðˌaʊt ə ˈbaɪˌsɪkəl,drop,,,,,wiktionary,new,97,shave_agrees
a woman without a man is like a fish without a bicycle,UNC,RSSB,𐑩 𐑢𐑫𐑥𐑩𐑯 𐑢𐑦𐑞𐑬𐑑 𐑩 𐑥𐑨𐑯 𐑦𐑟 𐑤𐑲𐑒 𐑩 𐑓𐑦𐑖 𐑢𐑦𐑞𐑬𐑑 𐑩 𐑚𐑲𐑕𐑦𐑒𐑩𐑤,ə ˈwʊmən wɪðˌaʊt ə ˈmæn ɪz laɪk ə ˈfɪʃ wɪðˌaʊt ə ˈbaɪsɪkəl,drop,,,,,wiktionary,new,97,shave_agrees
abdominodiaphragmatic breathing,NN1,GenAm,𐑨𐑚𐑛𐑪𐑥𐑦𐑯𐑴𐑛𐑾𐑓𐑮𐑨𐑜𐑥𐑨𐑑𐑦𐑒 𐑚𐑮𐑰𐑞𐑦𐑙,æbˌdɒmɪnoʊdiəfræɡˈmætɪk briːðɪŋ,drop,,,,,wiktionary,new,97,shave_agrees
abdominoscrotal muscle,NN1,GenAm,𐑨𐑚𐑛𐑪𐑥𐑦𐑯𐑴𐑕𐑒𐑮𐑴𐑑𐑩𐑤 𐑥𐑳𐑕𐑩𐑤,æbˌdɒmɪnoʊskroʊtəl ˈmʌsəl,drop,,,,,wiktionary,new,97,shave_agrees
abducens nerve,NN1,RSSB,𐑨𐑚𐑛𐑿𐑕𐑩𐑯𐑟 𐑯𐑻𐑝,abˈdjuːsənz nɜːRv,drop,,,,,wiktionary,new,97,shave_agrees
about ship,VVI,GenAm,𐑩𐑚𐑬𐑑 𐑖𐑦𐑐,əˌbaʊt ˈʃɪp,drop,,,,,wiktionary,new,97,shave_agrees
abscission layer,NN1,GenAm,𐑨𐑚𐑕𐑦𐑖𐑩𐑯 𐑤𐑱𐑼,æbˈsɪʃən ˈleɪəR,drop,,,,,wiktionary,new,97,shave_agrees
abscission zone,NN1,GenAm,𐑨𐑚𐑕𐑦𐑖𐑩𐑯 𐑟𐑴𐑯,æbˈsɪʃən ˈzoʊn,drop,,,,,wiktionary,new,97,shave_agrees
abscission zone,NN1,RSSB,𐑨𐑚𐑕𐑦𐑖𐑩𐑯 𐑟𐑴𐑯,æbˈsɪʃən ˈzəʊn,drop,,,,,wiktionary,new,97,shave_agrees
absinthe oil,NN1,GenAm,𐑨𐑚𐑕𐑦𐑯𐑔 𐑶𐑤,ˈæbsɪnθ ɔɪl,drop,,,,,wiktionary,new,97,shave_agrees
absit omen,ITJ,GenAm,𐑨𐑚𐑕𐑦𐑑 𐑴𐑥𐑩𐑯,ˈæbsɪt ˈoʊmən,drop,,,,,wiktionary,new,97,shave_agrees
absorbed dose,NN1,GenAm,𐑩𐑚𐑕𐑹𐑚𐑛 𐑛𐑴𐑕,əbˈsɔːRbd doʊs,drop,,,,,wiktionary,new,97,shave_agrees
absorbent cotton,NN1,GenAm,𐑩𐑚𐑕𐑹𐑚𐑩𐑯𐑑 𐑒𐑪𐑑𐑩𐑯,əbˈsɔːRbənt ˈkɒtən,drop,,,,,wiktionary,new,97,shave_agrees
absorption band,NN1,GenAm,𐑩𐑚𐑕𐑹𐑐𐑖𐑩𐑯 𐑚𐑨𐑯𐑛,əbˈsɔːRpʃən bænd,drop,,,,,wiktionary,new,97,shave_agrees
absorption costing,NN1,GenAm,𐑩𐑚𐑕𐑹𐑐𐑖𐑩𐑯 𐑒𐑪𐑕𐑑𐑦𐑙,əbˈsɔːRpʃən ˈkɒstɪŋ,drop,,,,,wiktionary,new,97,shave_agrees
absorption dynamometer,NN1,GenAm,𐑩𐑚𐑕𐑹𐑐𐑖𐑩𐑯 𐑛𐑲𐑯𐑩𐑥𐑪𐑥𐑦𐑑𐑼,əbˈsɔːRpʃən ˌdaɪnəˈmɒmɪtəR,drop,,,,,wiktionary,new,97,shave_agrees
absorption factor,NN1,GenAm,𐑩𐑚𐑕𐑹𐑐𐑖𐑩𐑯 𐑓𐑨𐑒𐑑𐑼,əbˈsɔːRpʃən ˈfæktəR,drop,,,,,wiktionary,new,97,shave_agrees
absorption hygrometer,NN1,GenAm,𐑩𐑚𐑕𐑹𐑐𐑖𐑩𐑯 𐑣𐑲𐑜𐑮𐑪𐑥𐑦𐑑𐑼,əbˈsɔːRpʃən haɪˈɡrɒmɪtəR,drop,,,,,wiktionary,new,97,shave_agrees
absorption line,NN1,GenAm,𐑩𐑚𐑕𐑹𐑐𐑖𐑩𐑯 𐑤𐑲𐑯,əbˈsɔːRpʃən laɪn,drop,,,,,wiktionary,new,97,shave_agrees
absorption system,NN1,GenAm,𐑩𐑚𐑕𐑹𐑐𐑖𐑩𐑯 𐑕𐑦𐑕𐑑𐑩𐑥,əbˈsɔːRpʃən ˈsɪstəm,drop,,,,,wiktionary,new,97,shave_agrees
abstract algebra,NN1,RSSB,𐑨𐑚𐑕𐑑𐑮𐑨𐑒𐑑 𐑨𐑤𐑡𐑦𐑚𐑮𐑩,ˈæbˌstrækt ældʒɪbrə,drop,,,,,wiktionary,new,95,ml_disagrees:𐑨𐑚𐑕𐑑𐑮𐑨𐑒𐑑 𐑨𐑤𐑡𐑩𐑚𐑮𐑩; shave_agrees
abstract art,NN1,GenAm,𐑨𐑚𐑕𐑑𐑮𐑨𐑒𐑑 𐑸𐑑,ˈæbˌstrækt ɑːRt,drop,,,,,wiktionary,new,97,shave_agrees
abstract art,NN1,RSSB,𐑨𐑚𐑕𐑑𐑮𐑨𐑒𐑑 𐑸𐑑,ˈæbˌstrækt ɑːrt,drop,,,,,wiktionary,new,97,shave_agrees
abstract music,NN1,RSSB,𐑨𐑚𐑕𐑑𐑮𐑨𐑒𐑑 𐑥𐑿𐑟𐑦𐑒,æbˈstrækt ˈmjuːzɪk,drop,,,,,wiktionary,new,97,shave_agrees
abstract music,NN1,RSSB,𐑨𐑚𐑕𐑑𐑮𐑨𐑒𐑑 𐑥𐑿𐑟𐑦𐑒,ˈæbˌstrækt ˈmjuːzɪk,drop,,,,,wiktionary,new,97,shave_agrees
abstract noun,NN1,GenAm,𐑨𐑚𐑕𐑑𐑮𐑨𐑒𐑑 𐑯𐑬𐑯,ˈæbˌstrækt naʊn,drop,,,,,wiktionary,new,97,shave_agrees
abstract noun,NN1,RSSB,𐑨𐑚𐑕𐑑𐑮𐑨𐑒𐑑 𐑯𐑬𐑯,ˈæbˌstrækt naʊn,drop,,,,,wiktionary,new,97,shave_agrees
abundant number,NN1,GenAm,𐑩𐑚𐑳𐑯𐑛𐑩𐑯𐑑 𐑯𐑳𐑥𐑚𐑼,əˈbʌndənt ˈnʌmbəR,drop,,,,,wiktionary,new,97,shave_agrees
abundant number,NN1,RSSB,𐑩𐑚𐑳𐑯𐑛𐑩𐑯𐑑 𐑯𐑳𐑥𐑚𐑼,əˈbʌndənt nʌmbəR,drop,,,,,wiktionary,new,97,shave_agrees
abyssal rock,NN1,GenAm,𐑩𐑚𐑦𐑕𐑩𐑤 𐑮𐑪𐑒,əˈbɪsəl rɒk,drop,,,,,wiktionary,new,97,shave_agrees
abyssal rock,NN1,RSSB,𐑩𐑚𐑦𐑕𐑩𐑤 𐑮𐑪𐑒,əˈbɪsəl rɒk,drop,,,,,wiktionary,new,97,shave_agrees
abyssal zone,NN1,GenAm,𐑩𐑚𐑦𐑕𐑩𐑤 𐑟𐑴𐑯,əˈbɪsəl zoʊn,drop,,,,,wiktionary,new,97,shave_agrees
abyssal zone,NN1,RSSB,𐑩𐑚𐑦𐑕𐑩𐑤 𐑟𐑴𐑯,əˈbɪsəl zəʊn,drop,,,,,wiktionary,new,97,shave_agrees
acacia gum,NN1,GenAm,𐑩𐑒𐑱𐑖𐑩 𐑜𐑳𐑥,əˈkeɪʃə ɡʌm,drop,,,,,wiktionary,new,97,shave_agrees
acacia gum,NN1,RSSB,𐑩𐑒𐑱𐑖𐑩 𐑜𐑳𐑥,əˈkeɪʃə ɡʌm,drop,,,,,wiktionary,new,97,shave_agrees
academic freedom,NN1,RSSB,𐑨𐑒𐑩𐑛𐑧𐑥𐑦𐑒 𐑓𐑮𐑰𐑛𐑩𐑥,ˌækəˈdemɪk friːdəm,drop,,,,,wiktionary,new,97,shave_agrees
academic quarter,NN1,GenAm,𐑨𐑒𐑩𐑛𐑧𐑥𐑦𐑒 𐑒𐑢𐑹𐑑𐑼,ˌækəˈdemɪk ˈkwɔːRtər,drop,,,,,wiktionary,new,97,shave_agrees
academic year,NN1,RSSB,𐑨𐑒𐑩𐑛𐑧𐑥𐑦𐑒 𐑘𐑽,ˌækəˈdemɪk jɪəR,drop,,,,,wiktionary,new,97,shave_agrees
academy blue,NN1,RSSB,𐑩𐑒𐑨𐑛𐑩𐑥𐑦 𐑚𐑤𐑵,əˈkædəmi bluː,drop,,,,,wiktionary,new,97,shave_agrees
accidental abortion,NN1,GenAm,𐑨𐑒𐑕𐑦𐑛𐑧𐑯𐑑𐑩𐑤 𐑩𐑚𐑹𐑖𐑩𐑯,ˌæksɪˈdentəl əˈbɔːRʃən,drop,,,,,wiktionary,new,97,shave_agrees
accusative cognate,NN1,RSSB,𐑩𐑒𐑿𐑟𐑩𐑑𐑦𐑝 𐑒𐑪𐑜𐑯𐑱𐑑,əˈkjuːzətɪv ˈkɒɡneɪt,drop,,,,,wiktionary,new,97,shave_agrees
act up,VVI,GenAm,𐑨𐑒𐑑 𐑳𐑐,ækt ˈʌp,drop,,,,,wiktionary,new,97,shave_agrees
act up,VVI,RSSB,𐑨𐑒𐑑 𐑳𐑐,ækt ˈʌp,drop,,,,,wiktionary,new,97,shave_agrees
actions speak louder than words,UNC,RSSB,𐑨𐑒𐑖𐑩𐑯𐑟 𐑕𐑐𐑰𐑒 𐑤𐑬𐑛𐑼 𐑞𐑨𐑯 𐑢𐑻𐑛𐑟,ˈakʃənz spiːk laʊdəR ˌðan wɜːRdz,drop,,,,,wiktionary,new,97,shave_agrees
actions speak louder than words,UNC,RSSB,𐑨𐑒𐑖𐑩𐑯𐑟 𐑕𐑐𐑰𐑒 𐑤𐑬𐑛𐑼 𐑞𐑨𐑯 𐑢𐑻𐑛𐑟,ˈækʃənz spiːk laʊdəR ˌðæn wɜːRdz,drop,,,,,wiktionary,new,97,shave_agrees
active shooter,NN1,GenAm,𐑨𐑒𐑑𐑦𐑝 𐑖𐑵𐑑𐑼,ˌæktɪv ˈʃuːtəR,drop,,,,,wiktionary,new,97,shave_agrees
acute abdomen,NN1,RSSB,𐑩𐑒𐑿𐑑 𐑨𐑚𐑛𐑩𐑥𐑩𐑯,əˈkjuːt ˈæbdəmən,drop,,,,,wiktionary,new,97,shave_agrees
additive inverse,NN1,RSSB,𐑨𐑛𐑦𐑑𐑦𐑝 𐑦𐑯𐑝𐑻𐑕,ˌædɪtɪv ɪnvɜːRs,drop,,,,,wiktionary,new,97,shave_agrees
after one's own heart,UNC,GenAm,𐑨𐑓𐑑𐑼 𐑢𐑳𐑯𐑟 𐑴𐑯 𐑣𐑸𐑑,ˈæftəR wʌnz oʊn ˈhɑːRt,drop,,,,,wiktionary,new,97,shave_agrees
after one's own soul,UNC,GenAm,𐑨𐑓𐑑𐑼 𐑢𐑳𐑯𐑟 𐑴𐑯 𐑕𐑴𐑤,ˈæftəR wʌnz oʊn ˈsoʊl,drop,,,,,wiktionary,new,97,shave_agrees
agent general,NN1,RSSB,𐑱𐑡𐑩𐑯𐑑 𐑡𐑧𐑯𐑼𐑩𐑤,ˌeɪdʒənt dʒenərəl,drop,,,,,wiktionary,new,97,shave_agrees
air conditioner,NN1,RSSB,𐑺 𐑒𐑩𐑯𐑛𐑦𐑖𐑩𐑯𐑼,eəR kəndɪʃənəR,drop,,,,,wiktionary,new,97,shave_agrees
air cover,NN1,RSSB,𐑺 𐑒𐑳𐑝𐑼,eəR kʌvəR,drop,,,,,wiktionary,new,97,shave_agrees
air mass,NN1,GenAm,𐑺 𐑥𐑨𐑕,eər mæs,drop,,,,,wiktionary,new,97,shave_agrees
air pressure,NN1,RSSB,𐑺 𐑐𐑮𐑧𐑖𐑼,eəR preʃəR,drop,,,,,wiktionary,new,97,shave_agrees
all hail,ITJ,RSSB,𐑷𐑤 𐑣𐑱𐑤,ˌɔːl ˈheɪl,drop,,,,,wiktionary,new,97,shave_agrees
all hail,NN1,RSSB,𐑷𐑤 𐑣𐑱𐑤,ˌɔːl ˈheɪl,drop,,,,,wiktionary,new,97,shave_agrees
aloe vera,NN1,RSSB,𐑨𐑤𐑴 𐑝𐑽𐑩,ˌæləʊ vɪərə,drop,,,,,wiktionary,new,97,shave_agrees
amniotic sac,NN1,GenAm,𐑨𐑥𐑯𐑦𐑪𐑑𐑦𐑒 𐑕𐑨𐑒,ˌæmniˌɒtɪk ˈsæk,drop,,,,,wiktionary,new,97,shave_agrees
an all,AV0,RSSB,𐑩𐑯 𐑷𐑤,ən ˈɔːl,drop,,,,,wiktionary,new,97,shave_agrees
ang moh,NN1,RSSB,𐑨𐑙 𐑥𐑴,ˌaŋ ˈməʊ,drop,,,,,wiktionary,new,97,shave_agrees
angle parking,NN1,GenAm,𐑨𐑙𐑜𐑩𐑤 𐑐𐑸𐑒𐑦𐑙,ˈæŋɡəl ˈpɑːRkɪŋ,drop,,,,,wiktionary,new,97,shave_agrees
angle parking,NN1,RSSB,𐑨𐑙𐑜𐑩𐑤 𐑐𐑸𐑒𐑦𐑙,ˈæŋɡəl pɑːRkɪŋ,drop,,,,,wiktionary,new,97,shave_agrees
ankle lock,NN1,RSSB,𐑨𐑙𐑒𐑩𐑤 𐑤𐑪𐑒,ˈaŋkəl ˌlɒk,drop,,,,,wiktionary,new,97,shave_agrees
ankle locks,NN1,RSSB,𐑨𐑙𐑒𐑩𐑤 𐑤𐑪𐑒𐑕,ˈaŋkəl ˌlɒks,drop,,,,,wiktionary,new,97,shave_agrees
antler moth,NN1,GenAm,𐑨𐑯𐑑𐑤𐑼 𐑥𐑪𐑔,ˈæntləR mɒθ,drop,,,,,wiktionary,new,97,shave_agrees
antler moth,NN1,RSSB,𐑨𐑯𐑑𐑤𐑼 𐑥𐑪𐑔,æntləR mɒθ,drop,,,,,wiktionary,new,97,shave_agrees
apple tree,NN1,RSSB,𐑨𐑐𐑩𐑤 𐑑𐑮𐑰,ˈæpəl triː,drop,,,,,wiktionary,new,97,shave_agrees
archaic smile,NN1,GenAm,𐑸𐑒𐑱𐑦𐑒 𐑕𐑥𐑲𐑤,ɑːRˌkeɪɪk ˈsmaɪl,drop,,,,,wiktionary,new,97,shave_agrees
archaic smile,NN1,RSSB,𐑸𐑒𐑱𐑦𐑒 𐑕𐑥𐑲𐑤,ɑːRkeɪɪk ˈsmaɪl,drop,,,,,wiktionary,new,97,shave_agrees
arctic fox,NN1,GenAm,𐑸𐑒𐑑𐑦𐑒 𐑓𐑪𐑒𐑕,ˈɑːRktɪk fɒks,drop,,,,,wiktionary,new,97,shave_agrees
arctic fox,NN1,RSSB,𐑸𐑒𐑑𐑦𐑒 𐑓𐑪𐑒𐑕,ɑːRktɪk fɒks,drop,,,,,wiktionary,new,97,shave_agrees
are you OK,UNC,GenAm,𐑸 𐑿 𐑴𐑒𐑱,ɑːR juː oʊˈkeɪ,drop,,,,,wiktionary,new,97,shave_agrees
are you OK,UNC,RSSB,𐑸 𐑿 𐑴𐑒𐑱,ɑːR juː əʊˈkeɪ,drop,,,,,wiktionary,new,97,shave_agrees
arm wrestling,NN1,GenAm,𐑸𐑥 𐑮𐑧𐑕𐑤𐑦𐑙,ˈɑːRm ˌreslɪŋ,drop,,,,,wiktionary,new,97,shave_agrees
arm wrestling,NN1,RSSB,𐑸𐑥 𐑮𐑧𐑕𐑤𐑦𐑙,ɑːRm ˌreslɪŋ,drop,,,,,wiktionary,new,97,shave_agrees
arm wrestling,VVI,GenAm,𐑸𐑥 𐑮𐑧𐑕𐑤𐑦𐑙,ˈɑːRm ˌreslɪŋ,drop,,,,,wiktionary,new,97,shave_agrees
arm wrestling,VVI,RSSB,𐑸𐑥 𐑮𐑧𐑕𐑤𐑦𐑙,ɑːRm ˌreslɪŋ,drop,,,,,wiktionary,new,97,shave_agrees
as ever,UNC,RSSB,𐑨𐑟 𐑧𐑝𐑼,æz evəR,drop,,,,,wiktionary,new,97,shave_agrees
as per,AV0,GenAm,𐑨𐑟 𐑐𐑻,ˌæz ˈpɜːR,drop,,,,,wiktionary,new,97,shave_agrees
as per,AV0,RSSB,𐑨𐑟 𐑐𐑻,ˌæz pɜːR,drop,,,,,wiktionary,new,97,shave_agrees
as per,PRP,GenAm,𐑨𐑟 𐑐𐑻,ˌæz ˈpɜːR,drop,,,,,wiktionary,new,97,shave_agrees
as per,PRP,RSSB,𐑨𐑟 𐑐𐑻,ˌæz pɜːR,drop,,,,,wiktionary,new,97,shave_agrees
assault rifle,NN1,RSSB,𐑩𐑕𐑷𐑤𐑑 𐑮𐑲𐑓𐑩𐑤,əˈsɔːlt raɪfəl,drop,,,,,wiktionary,new,97,shave_agrees
assembly line,NN1,GenAm,𐑩𐑕𐑧𐑥𐑚𐑤𐑦 𐑤𐑲𐑯,əˈsembli laɪːn,drop,,,,,wiktionary,new,97,shave_agrees
asylum seeker,NN1,GenAm,𐑩𐑕𐑲𐑤𐑩𐑥 𐑕𐑰𐑒𐑼,əˈsaɪːləm siːkəR,drop,,,,,wiktionary,new,97,shave_agrees
at daggers drawn,UNC,RSSB,𐑨𐑑 𐑛𐑨𐑜𐑼𐑟 𐑛𐑮𐑷𐑯,æt dæɡəRz drɔːn,drop,,,,,wiktionary,new,97,shave_agrees
at it,UNC,GenAm,𐑨𐑑 𐑦𐑑,ˈæt ɪt,drop,,,,,wiktionary,new,97,shave_agrees
at it,UNC,RSSB,𐑨𐑑 𐑦𐑑,ˈat ɪt,drop,,,,,wiktionary,new,97,shave_agrees
at loggerheads,UNC,GenAm,𐑨𐑑 𐑤𐑪𐑜𐑼𐑣𐑧𐑛𐑟,æt ˈlɒɡəRˌhedz,drop,,,,,wiktionary,new,97,shave_agrees
at loggerheads,UNC,RSSB,𐑨𐑑 𐑤𐑪𐑜𐑼𐑣𐑧𐑛𐑟,æt lɒɡəRhedz,drop,,,,,wiktionary,new,97,shave_agrees
au contraire,AV0,GenAm,𐑴 𐑒𐑪𐑯𐑑𐑮𐑺,oʊ ˌkɒnˈtreər,drop,,,,,wiktionary,new,97,shave_agrees
auld lang syne,NN1,RSSB,𐑷𐑤𐑛 𐑤𐑨𐑙 𐑕𐑲𐑯,ˌɔːld læŋ ˈsaɪn,drop,,,,,wiktionary,supplement,97,shave_agrees
babbitt metal,NN1,GenAm,𐑚𐑨𐑚𐑦𐑑 𐑥𐑧𐑑𐑩𐑤,ˈbæbɪt ˌmetəl,drop,,,,,wiktionary,new,97,shave_agrees
babbitt metal,NN1,RSSB,𐑚𐑨𐑚𐑦𐑑 𐑥𐑧𐑑𐑩𐑤,ˈbæbɪt ˌmetəl,drop,,,,,wiktionary,new,97,shave_agrees
baby carrot,NN1,GenAm,𐑚𐑱𐑚𐑦 𐑒𐑨𐑮𐑩𐑑,ˈbeɪbi ˈkærət,drop,,,,,wiktionary,new,95,"r_gap:spelling=2,ipa=1; shave_agrees"
baby carrot,NN1,RSSB,𐑚𐑱𐑚𐑦 𐑒𐑨𐑮𐑩𐑑,ˈbeɪbi kærət,drop,,,,,wiktionary,new,95,"r_gap:spelling=2,ipa=1; shave_agrees"
baby duck syndrome,NN1,GenAm,𐑚𐑱𐑚𐑦 𐑛𐑳𐑒 𐑕𐑦𐑯𐑛𐑮𐑴𐑥,ˌbeɪbi dʌk ˈsɪndroʊm,drop,,,,,wiktionary,new,97,shave_agrees
baby duck syndrome,NN1,RSSB,𐑚𐑱𐑚𐑦 𐑛𐑳𐑒 𐑕𐑦𐑯𐑛𐑮𐑴𐑥,ˌbeɪbi dʌk ˈsɪndrəʊm,drop,,,,,wiktionary,new,97,shave_agrees
baby face,NN1,GenAm,𐑚𐑱𐑚𐑦 𐑓𐑱𐑕,ˈbeɪbi ˌfeɪs,drop,,,,,wiktionary,new,97,shave_agrees
baby face,NN1,RSSB,𐑚𐑱𐑚𐑦 𐑓𐑱𐑕,ˈbeɪbɪ feɪs,drop,,,,,wiktionary,new,97,shave_agrees
back road,NN1,GenAm,𐑚𐑨𐑒 𐑮𐑴𐑛,ˈbæk ˌroʊd,drop,,,,,wiktionary,new,97,shave_agrees
back road,NN1,RSSB,𐑚𐑨𐑒 𐑮𐑴𐑛,ˈbæk ˌrəʊd,drop,,,,,wiktionary,new,97,shave_agrees
bah humbug,ITJ,RSSB,𐑚𐑭 𐑣𐑳𐑥𐑚𐑳𐑜,bɑː ˈhʌmbʌɡ,drop,,,,,wiktionary,new,97,shave_agrees
bah humbug,VVI,RSSB,𐑚𐑭 𐑣𐑳𐑥𐑚𐑳𐑜,bɑː ˈhʌmbʌɡ,drop,,,,,wiktionary,new,97,shave_agrees
baker's dozen,NN1,GenAm,𐑚𐑱𐑒𐑼𐑟 𐑛𐑳𐑟𐑩𐑯,ˌbeɪkərz ˈdʌzən,drop,,,,,wiktionary,new,97,shave_agrees
baker's dozen,NN1,GenAm,𐑚𐑱𐑒𐑼𐑟 𐑛𐑳𐑟𐑩𐑯,ˌbeɪkəRz ˈdʌzən,drop,,,,,wiktionary,new,97,shave_agrees
baker's dozen,NN1,RSSB,𐑚𐑱𐑒𐑼𐑟 𐑛𐑳𐑟𐑩𐑯,beɪkəRz ˈdʌzən,drop,,,,,wiktionary,new,97,shave_agrees
baller band,NN1,GenAm,𐑚𐑷𐑤𐑼 𐑚𐑨𐑯𐑛,ˈbɔːləR ˌbænd,drop,,,,,wiktionary,new,97,shave_agrees
balloon goes up,UNC,RSSB,𐑚𐑩𐑤𐑵𐑯 𐑜𐑴𐑟 𐑳𐑐,bəˌluːn ɡəʊz ˈʌp,drop,,,,,wiktionary,new,97,shave_agrees
banana split,NN1,GenAm,𐑚𐑩𐑯𐑨𐑯𐑩 𐑕𐑐𐑤𐑦𐑑,bəˈnænə splɪt,drop,,,,,wiktionary,new,97,shave_agrees
banana split,NN1,RSSB,𐑚𐑩𐑯𐑭𐑯𐑩 𐑕𐑐𐑤𐑦𐑑,bəˈnɑːnə splɪt,drop,,,,,wiktionary,new,97,shave_agrees
bar review,NN1,RSSB,𐑚𐑸 𐑮𐑦𐑝𐑿,bɑːR rɪˌvjuː,drop,,,,,wiktionary,new,97,shave_agrees
barbecue sauce,NN1,RSSB,𐑚𐑸𐑚𐑦𐑒𐑿 𐑕𐑷𐑕,bɑːRbɪkjuː sɔːs,drop,,,,,wiktionary,new,97,shave_agrees
barbed wire,NN1,GenAm,𐑚𐑸𐑚𐑛 𐑢𐑲𐑼,bɑːRbd waɪər,drop,,,,,wiktionary,new,97,shave_agrees
barking mad,AJ0,RSSB,𐑚𐑸𐑒𐑦𐑙 𐑥𐑨𐑛,bɑːRkɪŋ mæd,drop,,,,,wiktionary,new,97,shave_agrees
barracks emperor,NN1,GenAm,𐑚𐑨𐑮𐑩𐑒𐑕 𐑧𐑥𐑐𐑼𐑼,ˈbærəks ˈempərəR,drop,,,,,wiktionary,new,95,"r_gap:spelling=4,ipa=3; shave_agrees"
barracks emperor,NN1,RSSB,𐑚𐑨𐑮𐑩𐑒𐑕 𐑧𐑥𐑐𐑼𐑼,bærəks empərəR,drop,,,,,wiktionary,new,95,"r_gap:spelling=4,ipa=3; shave_agrees"
baseball cap,NN1,RSSB,𐑚𐑱𐑕𐑚𐑷𐑤 𐑒𐑨𐑐,ˈbeɪsbɔːl ˌkæp,drop,,,,,wiktionary,new,97,shave_agrees
bastard strangles,NN1,GenAm,𐑚𐑨𐑕𐑑𐑼𐑛 𐑕𐑑𐑮𐑨𐑙𐑜𐑩𐑤𐑟,ˈbæstəRd ˈstræŋɡəlz,drop,,,,,wiktionary,new,97,shave_agrees
bastard strangles,NN1,RSSB,𐑚𐑭𐑕𐑑𐑼𐑛 𐑕𐑑𐑮𐑨𐑙𐑜𐑩𐑤𐑟,bɑːstəRd stræŋɡəlz,drop,,,,,wiktionary,new,97,shave_agrees
bear in mind,VVI,RSSB,𐑚𐑺 𐑦𐑯 𐑥𐑲𐑯𐑛,beəR ɪn ˈmaɪnd,drop,,,,,wiktionary,new,97,shave_agrees
bearded seal,NN1,GenAm,𐑚𐑽𐑛𐑩𐑛 𐑕𐑰𐑤,ˈbiəRdəd siːl,drop,,,,,wiktionary,new,97,shave_agrees
bearded seal,NN1,RSSB,𐑚𐑽𐑛𐑩𐑛 𐑕𐑰𐑤,bɪəRdəd siːl,drop,,,,,wiktionary,new,97,shave_agrees
beauty sleep,NN1,RSSB,𐑚𐑿𐑑𐑦 𐑕𐑤𐑰𐑐,ˈbjuːti ˌsliːp,drop,,,,,wiktionary,new,97,shave_agrees
beauty spot,NN1,RSSB,𐑚𐑿𐑑𐑦 𐑕𐑐𐑪𐑑,ˈbjuːtɪ ˌspɒt,drop,,,,,wiktionary,new,97,shave_agrees
bedside manner,NN1,GenAm,𐑚𐑧𐑛𐑕𐑲𐑛 𐑥𐑨𐑯𐑼,ˌbedˌsaɪd ˈmænəR,drop,,,,,wiktionary,new,97,shave_agrees
bedside manner,NN1,RSSB,𐑚𐑧𐑛𐑕𐑲𐑛 𐑥𐑨𐑯𐑼,ˌbedsaɪd mænəR,drop,,,,,wiktionary,new,97,shave_agrees
beer goggles,NN1,RSSB,𐑚𐑽 𐑜𐑪𐑜𐑩𐑤𐑟,bɪəR ˌɡɒɡəlz,drop,,,,,wiktionary,new,97,shave_agrees
beer o'clock,NN1,GenAm,𐑚𐑽 𐑩𐑒𐑤𐑪𐑒,ˌbiər əˈklɒk,drop,,,,,wiktionary,new,97,shave_agrees
behind every successful man there stands a woman,UNC,GenAm,𐑚𐑦𐑣𐑲𐑯𐑛 𐑧𐑝𐑮𐑦 𐑕𐑩𐑒𐑕𐑧𐑕𐑓𐑩𐑤 𐑥𐑨𐑯 𐑞𐑺 𐑕𐑑𐑨𐑯𐑛𐑟 𐑩 𐑢𐑫𐑥𐑩𐑯,bɪˈhaɪnd ˌevri səkˈsesfəl ˈmæn ðeəR ˈstændz ə ˈwʊmən,drop,,,,,wiktionary,new,97,shave_agrees
behind every successful man there stands a woman,UNC,RSSB,𐑚𐑦𐑣𐑲𐑯𐑛 𐑧𐑝𐑮𐑦 𐑕𐑩𐑒𐑕𐑧𐑕𐑓𐑩𐑤 𐑥𐑨𐑯 𐑞𐑺 𐑕𐑑𐑨𐑯𐑛𐑟 𐑩 𐑢𐑫𐑥𐑩𐑯,bɪˈhaɪnd ˌevri səkˈsesfəl ˈmæn ðeəR ˈstændz ə ˈwʊmən,drop,,,,,wiktionary,new,97,shave_agrees
believe you me,UNC,RSSB,𐑚𐑦𐑤𐑰𐑝 𐑿 𐑥𐑰,bɪˈliːv juː ˈmiː,drop,,,,,wiktionary,new,97,shave_agrees
bell curve god,NN1,RSSB,𐑚𐑧𐑤 𐑒𐑻𐑝 𐑜𐑪𐑛,ˈbel kɜːRv ˌɡɒd,drop,,,,,wiktionary,new,97,shave_agrees
bento box,NN1,GenAm,𐑚𐑧𐑯𐑑𐑴 𐑚𐑪𐑒𐑕,ˈbenˌtoʊ ˌbɒks,drop,,,,,wiktionary,new,97,shave_agrees
bento box,NN1,RSSB,𐑚𐑧𐑯𐑑𐑴 𐑚𐑪𐑒𐑕,ˈbentəʊ ˌbɒks,drop,,,,,wiktionary,new,97,shave_agrees
big cat,NN1,GenAm,𐑚𐑦𐑜 𐑒𐑨𐑑,ˈbɪɡ ˈkæt,drop,,,,,wiktionary,new,97,shave_agrees
big data,NN1,RSSB,𐑚𐑦𐑜 𐑛𐑱𐑑𐑩,ˌbɪɡ ˈdeɪtə,drop,,,,,wiktionary,new,97,shave_agrees
big fish in a small pond,NN1,RSSB,𐑚𐑦𐑜 𐑓𐑦𐑖 𐑦𐑯 𐑩 𐑕𐑥𐑷𐑤 𐑐𐑪𐑯𐑛,bɪɡ ˈfɪʃ ɪn ə smɔːl ˈpɒnd,drop,,,,,wiktionary,new,97,shave_agrees
big picture,NN1,GenAm,𐑚𐑦𐑜 𐑐𐑦𐑒𐑗𐑼,bɪɡ ˈpɪktʃəR,drop,,,,,wiktionary,new,97,shave_agrees
big woop,ITJ,GenAm,𐑚𐑦𐑜 𐑢𐑫𐑐,bɪɡ wʊp,drop,,,,,wiktionary,new,97,shave_agrees
biodiversity hotspot,NN1,RSSB,𐑚𐑲𐑴𐑛𐑲𐑝𐑻𐑕𐑦𐑑𐑦 𐑣𐑪𐑑𐑕𐑐𐑪𐑑,baɪəʊdaɪvɜːRsɪti ˈhɒtˌspɒt,drop,,,,,wiktionary,new,97,shave_agrees
bipolar disorder,NN1,GenAm,𐑚𐑲𐑐𐑴𐑤𐑼 𐑛𐑦𐑕𐑹𐑛𐑼,ˌbaɪˈpoʊləR dɪˈsɔːrdəR,drop,,,,,wiktionary,new,97,shave_agrees
birch tree,NN1,RSSB,𐑚𐑻𐑗 𐑑𐑮𐑰,bɜːRtʃ ˌtriː,drop,,,,,wiktionary,new,97,shave_agrees
birth pill,NN1,GenAm,𐑚𐑻𐑔 𐑐𐑦𐑤,bɜːRθ pɪl,drop,,,,,wiktionary,new,97,shave_agrees
birth pill,NN1,RSSB,𐑚𐑻𐑔 𐑐𐑦𐑤,bɜːRθ pɪl,drop,,,,,wiktionary,new,97,shave_agrees
birth pills,NN1,GenAm,𐑚𐑻𐑔 𐑐𐑦𐑤𐑟,bɜːRθ pɪlz,drop,,,,,wiktionary,new,97,shave_agrees
birth pills,NN1,RSSB,𐑚𐑻𐑔 𐑐𐑦𐑤𐑟,bɜːRθ pɪlz,drop,,,,,wiktionary,new,97,shave_agrees
bisexual lighting,NN1,RSSB,𐑚𐑲𐑕𐑧𐑒𐑖𐑫𐑩𐑤 𐑤𐑲𐑑𐑦𐑙,baɪˌsekʃʊəl ˈlaɪtɪŋ,drop,,,,,wiktionary,new,97,shave_agrees
bit bucket,NN1,GenAm,𐑚𐑦𐑑 𐑚𐑳𐑒𐑩𐑑,ˈbɪt ˌbʌkət,drop,,,,,wiktionary,new,97,shave_agrees
bit bucket,VVI,GenAm,𐑚𐑦𐑑 𐑚𐑳𐑒𐑩𐑑,ˈbɪt ˌbʌkət,drop,,,,,wiktionary,new,97,shave_agrees
black eye,NN1,GenAm,𐑚𐑤𐑨𐑒 𐑲,ˌblæk ˈaɪ,drop,,,,,wiktionary,new,97,shave_agrees
black hole,NN1,GenAm,𐑚𐑤𐑨𐑒 𐑣𐑴𐑤,blæk ˈhoʊl,drop,,,,,wiktionary,new,97,shave_agrees
black hole,NN1,RSSB,𐑚𐑤𐑨𐑒 𐑣𐑴𐑤,blæk ˈhəʊl,drop,,,,,wiktionary,new,97,shave_agrees
black hole,VVI,GenAm,𐑚𐑤𐑨𐑒 𐑣𐑴𐑤,blæk ˈhoʊl,drop,,,,,wiktionary,new,97,shave_agrees
black hole,VVI,RSSB,𐑚𐑤𐑨𐑒 𐑣𐑴𐑤,blæk ˈhəʊl,drop,,,,,wiktionary,new,97,shave_agrees
black panther,NN1,GenAm,𐑚𐑤𐑨𐑒 𐑐𐑨𐑯𐑔𐑼,ˈblæk ˈpænθəR,drop,,,,,wiktionary,new,97,shave_agrees
black panther,NN1,RSSB,𐑚𐑤𐑨𐑒 𐑐𐑨𐑯𐑔𐑼,blak pænθəR,drop,,,,,wiktionary,new,97,shave_agrees
black swallowtail,NN1,GenAm,𐑚𐑤𐑨𐑒 𐑕𐑢𐑪𐑤𐑴𐑑𐑱𐑤,blæk ˈswɒloʊˌteɪl,drop,,,,,wiktionary,new,97,shave_agrees
black swallowtail,NN1,RSSB,𐑚𐑤𐑨𐑒 𐑕𐑢𐑪𐑤𐑴𐑑𐑱𐑤,blæk ˈswɒləʊˌteɪl,drop,,,,,wiktionary,new,97,shave_agrees
black swan,NN1,GenAm,𐑚𐑤𐑨𐑒 𐑕𐑢𐑪𐑯,blæk ˈswɒn,drop,,,,,wiktionary,new,97,shave_agrees
black swan,NN1,RSSB,𐑚𐑤𐑨𐑒 𐑕𐑢𐑪𐑯,blæk ˈswɒn,drop,,,,,wiktionary,new,97,shave_agrees
blind abscess,NN1,GenAm,𐑚𐑤𐑲𐑯𐑛 𐑨𐑚𐑕𐑧𐑕,blaɪnd ˈæbˌses,drop,,,,,wiktionary,new,97,shave_agrees
block booking,NN1,GenAm,𐑚𐑤𐑪𐑒 𐑚𐑫𐑒𐑦𐑙,ˌblɒk ˈbʊkɪŋ,drop,,,,,wiktionary,new,97,shave_agrees
block booking,NN1,RSSB,𐑚𐑤𐑪𐑒 𐑚𐑫𐑒𐑦𐑙,ˌblɒk ˈbʊkɪŋ,drop,,,,,wiktionary,new,97,shave_agrees
blood cell,NN1,GenAm,𐑚𐑤𐑳𐑛 𐑕𐑧𐑤,ˈblʌd ˌsel,drop,,,,,wiktionary,new,97,shave_agrees
blood type,NN1,GenAm,𐑚𐑤𐑳𐑛 𐑑𐑲𐑐,ˈblʌd taɪp,drop,,,,,wiktionary,new,97,shave_agrees
blossom forth,VVI,RSSB,𐑚𐑤𐑪𐑕𐑩𐑥 𐑓𐑹𐑔,ˈblɒsəm fɔːrθ,drop,,,,,wiktionary,new,97,shave_agrees
blue cheese,NN1,RSSB,𐑚𐑤𐑵 𐑗𐑰𐑟,bluː ˈtʃiːz,drop,,,,,wiktionary,new,97,shave_agrees
blue hour,NN1,RSSB,𐑚𐑤𐑵 𐑬𐑼,ˈbluː aʊəR,drop,,,,,wiktionary,new,97,shave_agrees
blue shark,NN1,GenAm,𐑚𐑤𐑵 𐑖𐑸𐑒,bluː ʃɑːrk,drop,,,,,wiktionary,new,97,shave_agrees
boarding pass,NN1,GenAm,𐑚𐑹𐑛𐑦𐑙 𐑐𐑨𐑕,ˈbɔːRdɪŋ ˌpæs,drop,,,,,wiktionary,new,97,shave_agrees
boarding school,NN1,RSSB,𐑚𐑹𐑛𐑦𐑙 𐑕𐑒𐑵𐑤,bɔːRdɪŋ ˌskuːl,drop,,,,,wiktionary,new,97,shave_agrees
bodice ripper,NN1,GenAm,𐑚𐑪𐑛𐑦𐑕 𐑮𐑦𐑐𐑼,ˈbɒdɪs ˌrɪpəR,drop,,,,,wiktionary,new,97,shave_agrees
bodice ripper,NN1,RSSB,𐑚𐑪𐑛𐑦𐑕 𐑮𐑦𐑐𐑼,ˈbɒdɪs rɪpəR,drop,,,,,wiktionary,new,97,shave_agrees
body camera,NN1,GenAm,𐑚𐑪𐑛𐑦 𐑒𐑨𐑥𐑼𐑩,ˈbɒdi ˈkæmərə,drop,,,,,wiktionary,new,97,shave_agrees
body camera,NN1,RSSB,𐑚𐑪𐑛𐑦 𐑒𐑨𐑥𐑼𐑩,ˈbɒdi kæmərə,drop,,,,,wiktionary,new,97,shave_agrees
boiling frog,NN1,GenAm,𐑚𐑶𐑤𐑦𐑙 𐑓𐑮𐑪𐑜,ˈbɔɪlɪŋ ˌfrɒɡ,drop,,,,,wiktionary,new,97,shave_agrees
boiling frog,NN1,RSSB,𐑚𐑶𐑤𐑦𐑙 𐑓𐑮𐑪𐑜,ˈbɔɪlɪŋ ˌfrɒɡ,drop,,,,,wiktionary,new,97,shave_agrees
boomerang child,NN1,RSSB,𐑚𐑵𐑥𐑼𐑨𐑙 𐑗𐑲𐑤𐑛,buːməræŋ ˌtʃaɪld,drop,,,,,wiktionary,new,97,shave_agrees
booster pack,NN1,RSSB,𐑚𐑵𐑕𐑑𐑼 𐑐𐑨𐑒,buːstəR ˌpak,drop,,,,,wiktionary,new,97,shave_agrees
bottle episode,NN1,RSSB,𐑚𐑪𐑑𐑩𐑤 𐑧𐑐𐑦𐑕𐑴𐑛,ˈbɒtəl ˈepɪsəʊd,drop,,,,,wiktionary,new,97,shave_agrees
bottleneck inflation,NN1,RSSB,𐑚𐑪𐑑𐑩𐑤𐑯𐑧𐑒 𐑦𐑯𐑓𐑤𐑱𐑖𐑩𐑯,ˈbɒtəlnek ɪnˈfleɪʃən,drop,,,,,wiktionary,new,97,shave_agrees
bouncing castle,NN1,GenAm,𐑚𐑬𐑯𐑕𐑦𐑙 𐑒𐑨𐑕𐑩𐑤,ˌbaʊnsɪŋ ˈkæsəl,drop,,,,,wiktionary,new,97,shave_agrees
bouncing castle,NN1,RSSB,𐑚𐑬𐑯𐑕𐑦𐑙 𐑒𐑭𐑕𐑩𐑤,ˌbaʊnsɪŋ ˈkɑːsəl,drop,,,,,wiktionary,new,97,shave_agrees
bouncy castle,NN1,GenAm,𐑚𐑬𐑯𐑕𐑦 𐑒𐑨𐑕𐑩𐑤,ˌbaʊnsi ˈkæsəl,drop,,,,,wiktionary,new,97,shave_agrees
bouncy castle,NN1,RSSB,𐑚𐑬𐑯𐑕𐑦 𐑒𐑭𐑕𐑩𐑤,ˌbaʊnsi ˈkɑːsəl,drop,,,,,wiktionary,new,97,shave_agrees
bouncy castle,NN1,RSSB,𐑚𐑬𐑯𐑕𐑦 𐑒𐑭𐑕𐑩𐑤,ˌbaʊnsɪ ˈkɑːsəl,drop,,,,,wiktionary,new,97,shave_agrees
box stitch,NN1,GenAm,𐑚𐑪𐑒𐑕 𐑕𐑑𐑦𐑗,bɒks stɪtʃ,drop,,,,,wiktionary,new,97,shave_agrees
box stitch,NN1,RSSB,𐑚𐑪𐑒𐑕 𐑕𐑑𐑦𐑗,bɒks stɪtʃ,drop,,,,,wiktionary,new,97,shave_agrees
boys will be boys,UNC,RSSB,𐑚𐑶𐑟 𐑢𐑦𐑤 𐑚𐑰 𐑚𐑶𐑟,bɔɪz wɪl biː bɔɪz,drop,,,,,wiktionary,new,97,shave_agrees
brain rot,NN1,GenAm,𐑚𐑮𐑱𐑯 𐑮𐑪𐑑,ˈbreɪn ˌrɒt,drop,,,,,wiktionary,new,97,shave_agrees
brain rot,NN1,RSSB,𐑚𐑮𐑱𐑯 𐑮𐑪𐑑,ˈbreɪn ˌrɒt,drop,,,,,wiktionary,new,97,shave_agrees
brain storm,NN1,RSSB,𐑚𐑮𐑱𐑯 𐑕𐑑𐑹𐑥,ˈbreɪn stɔːRm,drop,,,,,wiktionary,new,97,shave_agrees
brain storm,VVI,RSSB,𐑚𐑮𐑱𐑯 𐑕𐑑𐑹𐑥,ˈbreɪn stɔːRm,drop,,,,,wiktionary,new,97,shave_agrees
brick over,VVI,GenAm,𐑚𐑮𐑦𐑒 𐑴𐑝𐑼,ˈbrɪk ˌoʊvər,drop,,,,,wiktionary,new,97,shave_agrees
brick over,VVI,RSSB,𐑚𐑮𐑦𐑒 𐑴𐑝𐑼,ˈbrɪk əʊvəR,drop,,,,,wiktionary,new,97,shave_agrees
bring back,VVI,GenAm,𐑚𐑮𐑦𐑙 𐑚𐑨𐑒,ˈbrɪŋ bæk,drop,,,,,wiktionary,new,97,shave_agrees
broad daylight,NN1,RSSB,𐑚𐑮𐑷𐑛 𐑛𐑱𐑤𐑲𐑑,brɔːd ˈdeɪlaɪt,drop,,,,,wiktionary,new,97,shave_agrees
brute force,NN1,RSSB,𐑚𐑮𐑵𐑑 𐑓𐑹𐑕,bruːt fɔːRs,drop,,,,,wiktionary,new,97,shave_agrees
brute force,VVI,RSSB,𐑚𐑮𐑵𐑑 𐑓𐑹𐑕,bruːt fɔːRs,drop,,,,,wiktionary,new,97,shave_agrees
bucket list,NN1,GenAm,𐑚𐑳𐑒𐑩𐑑 𐑤𐑦𐑕𐑑,ˈbʌkət ˌlɪst,drop,,,,,wiktionary,new,97,shave_agrees
bugger up,VVI,GenAm,𐑚𐑳𐑜𐑼 𐑳𐑐,ˈbʌɡər ʌp,drop,,,,,wiktionary,new,97,shave_agrees
built different,AJ0,GenAm,𐑚𐑦𐑤𐑑 𐑛𐑦𐑓𐑼𐑩𐑯𐑑,bɪlt ˈdɪfərənt,drop,,,,,wiktionary,new,97,shave_agrees
built different,AJ0,RSSB,𐑚𐑦𐑤𐑑 𐑛𐑦𐑓𐑼𐑩𐑯𐑑,bɪlt dɪfərənt,drop,,,,,wiktionary,new,97,shave_agrees
bulldog clip,NN1,GenAm,𐑚𐑫𐑤𐑛𐑪𐑜 𐑒𐑤𐑦𐑐,ˈbʊlˌdɒɡ ˈklɪp,drop,,,,,wiktionary,new,97,shave_agrees
bulldog clip,NN1,RSSB,𐑚𐑫𐑤𐑛𐑪𐑜 𐑒𐑤𐑦𐑐,ˈbʊldɒɡ ˈklɪp,drop,,,,,wiktionary,new,97,shave_agrees
bully pulpit,NN1,GenAm,𐑚𐑫𐑤𐑦 𐑐𐑫𐑤𐑐𐑦𐑑,ˌbʊli ˈpʊlpɪt,drop,,,,,wiktionary,new,97,shave_agrees
bully pulpit,NN1,RSSB,𐑚𐑫𐑤𐑦 𐑐𐑫𐑤𐑐𐑦𐑑,ˌbʊli ˈpʊlpɪt,drop,,,,,wiktionary,new,97,shave_agrees
bumble along,VVI,GenAm,𐑚𐑳𐑥𐑚𐑩𐑤 𐑩𐑤𐑪𐑙,ˈbʌmbəl əˈlɒŋ,drop,,,,,wiktionary,new,97,shave_agrees
bumper crop,NN1,GenAm,𐑚𐑳𐑥𐑐𐑼 𐑒𐑮𐑪𐑐,ˈbʌmpər ˌkrɒp,drop,,,,,wiktionary,new,97,shave_agrees
bumper crop,NN1,RSSB,𐑚𐑳𐑥𐑐𐑼 𐑒𐑮𐑪𐑐,bʌmpəR ˌkrɒp,drop,,,,,wiktionary,new,97,shave_agrees
bunny boiler,NN1,GenAm,𐑚𐑳𐑯𐑦 𐑚𐑶𐑤𐑼,ˈbʌni ˈbɔɪləR,drop,,,,,wiktionary,new,97,shave_agrees
bunny boiler,NN1,RSSB,𐑚𐑳𐑯𐑦 𐑚𐑶𐑤𐑼,ˈbʌni bɔɪləR,drop,,,,,wiktionary,new,97,shave_agrees
burnt offering,NN1,RSSB,𐑚𐑻𐑯𐑑 𐑪𐑓𐑼𐑦𐑙,bɜːRnt ɒfərɪŋ,drop,,,,,wiktionary,new,97,shave_agrees
busman's holiday,NN1,RSSB,𐑚𐑳𐑕𐑥𐑩𐑯𐑟 𐑣𐑪𐑤𐑦𐑛𐑱,ˌbʌsmənz ˈhɒlɪdeɪ,drop,,,,,wiktionary,new,97,shave_agrees
busy beaver,NN1,GenAm,𐑚𐑦𐑟𐑦 𐑚𐑰𐑝𐑼,ˈbɪzi ˈbiːvəR,drop,,,,,wiktionary,new,97,shave_agrees
busy beaver,NN1,RSSB,𐑚𐑦𐑟𐑦 𐑚𐑰𐑝𐑼,ˈbɪzi biːvəR,drop,,,,,wiktionary,new,97,shave_agrees
butterfly app,NP0,GenAm,𐑚𐑳𐑑𐑼𐑓𐑤𐑲 𐑨𐑐,ˈbʌtərflaɪ ˈæp,drop,,,,,wiktionary,new,97,shave_agrees
butterfly app,NP0,RSSB,𐑚𐑳𐑑𐑼𐑓𐑤𐑲 𐑨𐑐,bʌtəRflaɪ ˈæp,drop,,,,,wiktionary,new,97,shave_agrees
by heart,UNC,GenAm,𐑚𐑲 𐑣𐑸𐑑,baɪ ˈhɑːRt,drop,,,,,wiktionary,new,97,shave_agrees
by heart,UNC,RSSB,𐑚𐑲 𐑣𐑸𐑑,baɪ hɑːRt,drop,,,,,wiktionary,new,97,shave_agrees
by no means,UNC,RSSB,𐑚𐑲 𐑯𐑴 𐑥𐑰𐑯𐑟,baɪ nəʊ ˈmiːnz,drop,,,,,wiktionary,new,97,shave_agrees
bête noire,NN1,GenAm,𐑚𐑧𐑑 𐑯𐑢𐑸,bet ˈnwɑːR,drop,,,,,wiktionary,new,97,shave_agrees
bête noire,NN1,RSSB,𐑚𐑧𐑑 𐑯𐑢𐑸,bet nwɑːR,drop,,,,,wiktionary,new,97,shave_agrees
cable car,NN1,GenAm,𐑒𐑱𐑚𐑩𐑤 𐑒𐑸,ˈkeɪbəl ˌkɑːR,drop,,,,,wiktionary,new,97,shave_agrees
cable car,NN1,RSSB,𐑒𐑱𐑚𐑩𐑤 𐑒𐑸,ˈkeɪbəl kɑːr,drop,,,,,wiktionary,new,97,shave_agrees
cactus cat,NN1,GenAm,𐑒𐑨𐑒𐑑𐑩𐑕 𐑒𐑨𐑑,ˈkæktəs kæt,drop,,,,,wiktionary,new,97,shave_agrees
cactus cats,NN1,GenAm,𐑒𐑨𐑒𐑑𐑩𐑕 𐑒𐑨𐑑𐑕,ˈkæktəs kæts,drop,,,,,wiktionary,new,97,shave_agrees
cake shop,NN1,GenAm,𐑒𐑱𐑒 𐑖𐑪𐑐,ˈkeɪk ʃɒp,drop,,,,,wiktionary,new,97,shave_agrees
cake shop,NN1,RSSB,𐑒𐑱𐑒 𐑖𐑪𐑐,ˈkeɪk ʃɒp,drop,,,,,wiktionary,new,97,shave_agrees
camel case,NN1,GenAm,𐑒𐑨𐑥𐑩𐑤 𐑒𐑱𐑕,ˈkæməl ˌkeɪs,drop,,,,,wiktionary,new,97,shave_agrees
camel case,NN1,RSSB,𐑒𐑨𐑥𐑩𐑤 𐑒𐑱𐑕,ˈkæməl keɪs,drop,,,,,wiktionary,new,97,shave_agrees
camp fever,NN1,RSSB,𐑒𐑨𐑥𐑐 𐑓𐑰𐑝𐑼,ˈkæmp fiːvəR,drop,,,,,wiktionary,new,97,shave_agrees
candy floss,NN1,RSSB,𐑒𐑨𐑯𐑛𐑦 𐑓𐑤𐑪𐑕,ˈkændi ˌflɒs,drop,,,,,wiktionary,new,97,shave_agrees
caped crusader,NP0,RSSB,𐑒𐑱𐑐𐑑 𐑒𐑮𐑵𐑕𐑱𐑛𐑼,ˈkeɪpt kruːseɪdəR,drop,,,,,wiktionary,new,97,shave_agrees
capitalist roader,NN1,RSSB,𐑒𐑨𐑐𐑦𐑑𐑩𐑤𐑦𐑕𐑑 𐑮𐑴𐑛𐑼,ˌkæpɪtəlɪst rəʊdəR,drop,,,,,wiktionary,new,97,shave_agrees
car park,NN1,GenAm,𐑒𐑸 𐑐𐑸𐑒,ˈkɑːR ˌpɑːrk,drop,,,,,wiktionary,new,97,shave_agrees
car wash,NN1,GenAm,𐑒𐑸 𐑢𐑪𐑖,kɑːR wɒʃ,drop,,,,,wiktionary,new,97,shave_agrees
carbon dioxide,NN1,GenAm,𐑒𐑸𐑚𐑩𐑯 𐑛𐑲𐑪𐑒𐑕𐑲𐑛,ˌkɑːRbən daɪˈɒksaɪd,drop,,,,,wiktionary,new,97,shave_agrees
carbon dioxide,NN1,RSSB,𐑒𐑸𐑚𐑩𐑯 𐑛𐑲𐑪𐑒𐑕𐑲𐑛,kɑːRbən daɪˈɒksaɪd,drop,,,,,wiktionary,new,97,shave_agrees
carbon tetrabromide,NN1,RSSB,𐑒𐑸𐑚𐑩𐑯 𐑑𐑧𐑑𐑮𐑩𐑚𐑮𐑴𐑥𐑲𐑛,kɑːrbən tetrəbrəʊmaɪd,drop,,,,,wiktionary,new,97,shave_agrees
cardboard box,NN1,GenAm,𐑒𐑸𐑛𐑚𐑹𐑛 𐑚𐑪𐑒𐑕,ˈkɑːRdbɔːRd bɒks,drop,,,,,wiktionary,new,97,shave_agrees
cardboard box,NN1,RSSB,𐑒𐑸𐑛𐑚𐑹𐑛 𐑚𐑪𐑒𐑕,kɑːRdbɔːRd bɒks,drop,,,,,wiktionary,new,97,shave_agrees
cardiac muscle,NN1,GenAm,𐑒𐑸𐑛𐑦𐑨𐑒 𐑥𐑳𐑕𐑩𐑤,ˌkɑːrdiæk ˈmʌsəl,drop,,,,,wiktionary,new,97,shave_agrees
cardinal numeral,NN1,RSSB,𐑒𐑸𐑛𐑦𐑯𐑩𐑤 𐑯𐑿𐑥𐑼𐑩𐑤,kɑːRdɪnəl njuːmərəl,drop,,,,,wiktionary,new,97,shave_agrees
carrier wave,NN1,GenAm,𐑒𐑨𐑮𐑽 𐑢𐑱𐑝,ˈkærɪəR weɪv,drop,,,,,wiktionary,new,95,"r_gap:spelling=3,ipa=2; shave_agrees"
carrier wave,NN1,RSSB,𐑒𐑨𐑮𐑽 𐑢𐑱𐑝,kærɪəR weɪv,drop,,,,,wiktionary,new,95,"r_gap:spelling=3,ipa=2; shave_agrees"
carry on,NN1,GenAm,𐑒𐑨𐑮𐑦 𐑪𐑯,ˈkæri ˈɒn,drop,,,,,wiktionary,new,95,"r_gap:spelling=2,ipa=1; shave_agrees"
carry on,VVI,GenAm,𐑒𐑨𐑮𐑦 𐑪𐑯,ˈkæri ˈɒn,drop,,,,,wiktionary,new,95,"r_gap:spelling=2,ipa=1; shave_agrees"
cash on delivery,NN1,RSSB,𐑒𐑨𐑖 𐑪𐑯 𐑛𐑦𐑤𐑦𐑝𐑼𐑦,ˈkæʃ ɒn dɪlɪvəri,drop,,,,,wiktionary,new,97,shave_agrees
casting vote,NN1,GenAm,𐑒𐑨𐑕𐑑𐑦𐑙 𐑝𐑴𐑑,ˌkæstɪŋ ˈvoʊt,drop,,,,,wiktionary,new,97,shave_agrees
cat burglar,NN1,GenAm,𐑒𐑨𐑑 𐑚𐑻𐑜𐑤𐑼,ˈkæt ˌbɜːRɡləR,drop,,,,,wiktionary,new,97,shave_agrees
cat burglar,NN1,RSSB,𐑒𐑨𐑑 𐑚𐑻𐑜𐑤𐑼,kæt bɜːRɡləR,drop,,,,,wiktionary,new,97,shave_agrees
cathead biscuit,NN1,GenAm,𐑒𐑨𐑑𐑣𐑧𐑛 𐑚𐑦𐑕𐑒𐑦𐑑,ˌkætˌhed ˈbɪskɪt,drop,,,,,wiktionary,new,97,shave_agrees
cathead biscuit,NN1,RSSB,𐑒𐑨𐑑𐑣𐑧𐑛 𐑚𐑦𐑕𐑒𐑦𐑑,ˌkæthed ˈbɪskɪt,drop,,,,,wiktionary,new,97,shave_agrees
cause célèbre,NN1,RSSB,𐑒𐑷𐑟 𐑕𐑧𐑤𐑧𐑚𐑮𐑩,ˈkɔːz selebrə,drop,,,,,wiktionary,new,97,shave_agrees
cell wall,NN1,GenAm,𐑕𐑧𐑤 𐑢𐑷𐑤,sel wɔːl,drop,,,,,wiktionary,new,97,shave_agrees
cell wall,NN1,RSSB,𐑕𐑧𐑤 𐑢𐑷𐑤,sel wɔːl,drop,,,,,wiktionary,new,97,shave_agrees
cellar door,NN1,GenAm,𐑕𐑧𐑤𐑼 𐑛𐑹,ˌselər ˈdɔːR,drop,,,,,wiktionary,new,97,shave_agrees
cellar door,NN1,RSSB,𐑕𐑧𐑤𐑼 𐑛𐑹,seləR dɔːR,drop,,,,,wiktionary,new,97,shave_agrees
cellulite,NN1,GenAm,-𐑤𐑦𐑑,ˌ-lit,drop,,,,,wiktionary,fragment,89,shave_says:𐑕𐑧𐑤𐑿𐑤𐑲𐑑
cellulite,NN1,RSSB,-𐑤𐑰𐑑,ˌ-liːt,drop,,,,,wiktionary,fragment,89,shave_says:𐑕𐑧𐑤𐑿𐑤𐑲𐑑
censored spelling,NN1,GenAm,𐑕𐑧𐑯𐑕𐑼𐑛 𐑕𐑐𐑧𐑤𐑦𐑙,ˈsenˌsərd ˈspelˌɪŋ,drop,,,,,wiktionary,new,97,shave_agrees
censored spelling,NN1,RSSB,𐑕𐑧𐑯𐑕𐑼𐑛 𐑕𐑐𐑧𐑤𐑦𐑙,sensəRd ˈspelˌɪŋ,drop,,,,,wiktionary,new,97,shave_agrees
central bank,NN1,GenAm,𐑕𐑧𐑯𐑑𐑮𐑩𐑤 𐑚𐑨𐑙𐑒,ˌsentrəl ˈbæŋk,drop,,,,,wiktionary,new,97,shave_agrees
central bank,NN1,RSSB,𐑕𐑧𐑯𐑑𐑮𐑩𐑤 𐑚𐑨𐑙𐑒,sentrəl ˈbæŋk,drop,,,,,wiktionary,new,97,shave_agrees
chaise lounge,NN1,GenAm,𐑖𐑱𐑟 𐑤𐑬𐑯𐑡,ˌʃeɪz ˈlaʊndʒ,drop,,,,,wiktionary,new,97,shave_agrees
chamber tomb,NN1,RSSB,𐑗𐑱𐑥𐑚𐑼 𐑑𐑵𐑥,tʃeɪmbəR ˌtuːm,drop,,,,,wiktionary,new,97,shave_agrees
chance upon,VVI,GenAm,𐑗𐑨𐑯𐑕 𐑩𐑐𐑪𐑯,ˈtʃæns əˌpɒn,drop,,,,,wiktionary,new,97,shave_agrees
chance upon,VVI,RSSB,𐑗𐑭𐑯𐑕 𐑩𐑐𐑪𐑯,ˈtʃɑːns əˌpɒn,drop,,,,,wiktionary,new,97,shave_agrees
chapstick lesbian,NN1,GenAm,𐑗𐑨𐑐𐑕𐑑𐑦𐑒 𐑤𐑧𐑟𐑚𐑾𐑯,ˈtʃæpstɪk ˈlezbiən,drop,,,,,wiktionary,new,97,shave_agrees
charlotte russe,NN1,RSSB,𐑖𐑸𐑤𐑩𐑑 𐑮𐑵𐑕,ʃɑːRlət ˈruːs,drop,,,,,wiktionary,new,97,shave_agrees
cherry on top,NN1,GenAm,𐑗𐑧𐑮𐑦 𐑪𐑯 𐑑𐑪𐑐,ˌtʃeri ɒn ˈtɒp,drop,,,,,wiktionary,new,95,"r_gap:spelling=2,ipa=1; shave_agrees"
cherry on top,NN1,RSSB,𐑗𐑧𐑮𐑦 𐑪𐑯 𐑑𐑪𐑐,ˌtʃeri ɒn ˈtɒp,drop,,,,,wiktionary,new,95,"r_gap:spelling=2,ipa=1; shave_agrees"
chess cake,NN1,GenAm,𐑗𐑧𐑕 𐑒𐑱𐑒,ˈtʃes ˌkeɪk,drop,,,,,wiktionary,new,97,shave_agrees
chess cake,NN1,RSSB,𐑗𐑧𐑕 𐑒𐑱𐑒,ˈtʃes ˌkeɪk,drop,,,,,wiktionary,new,97,shave_agrees
chess pie,NN1,GenAm,𐑗𐑧𐑕 𐑐𐑲,ˈtʃes ˌpaɪ,drop,,,,,wiktionary,new,97,shave_agrees
chess pie,NN1,RSSB,𐑗𐑧𐑕 𐑐𐑲,ˈtʃes ˌpaɪ,drop,,,,,wiktionary,new,97,shave_agrees
chilli crab,NN1,RSSB,𐑗𐑦𐑤𐑦 𐑒𐑮𐑨𐑚,ˈtʃɪli kræb,drop,,,,,wiktionary,new,97,shave_agrees
ching chong,ITJ,GenAm,𐑗𐑦𐑙 𐑗𐑪𐑙,ˈtʃɪŋ ˌtʃɒŋ,drop,,,,,wiktionary,new,97,shave_agrees
ching chong,ITJ,RSSB,𐑗𐑦𐑙 𐑗𐑪𐑙,ˈtʃɪŋ ˌtʃɒŋ,drop,,,,,wiktionary,new,97,shave_agrees
ching chong,NN1,GenAm,𐑗𐑦𐑙 𐑗𐑪𐑙,ˈtʃɪŋ ˌtʃɒŋ,drop,,,,,wiktionary,new,97,shave_agrees
ching chong,NN1,RSSB,𐑗𐑦𐑙 𐑗𐑪𐑙,ˈtʃɪŋ ˌtʃɒŋ,drop,,,,,wiktionary,new,97,shave_agrees
chopped liver,NN1,GenAm,𐑗𐑪𐑐𐑑 𐑤𐑦𐑝𐑼,ˈtʃɒpt ˌlɪvəR,drop,,,,,wiktionary,new,97,shave_agrees
chopped liver,NN1,RSSB,𐑗𐑪𐑐𐑑 𐑤𐑦𐑝𐑼,ˈtʃɒpt lɪvəR,drop,,,,,wiktionary,new,97,shave_agrees
chordae tendineae,NN1,GenAm,𐑒𐑹𐑛𐑦 𐑑𐑧𐑯𐑛𐑦𐑯𐑦𐑦,ˌkɔːRdi tenˈdɪniˌi,drop,,,,,wiktionary,new,97,shave_agrees
chordae tendineae,NN1,RSSB,𐑒𐑹𐑛𐑦 𐑑𐑧𐑯𐑛𐑦𐑯𐑦𐑦,kɔːRdi tenˈdɪniˌi,drop,,,,,wiktionary,new,97,shave_agrees
chromatic aberration,NN1,GenAm,𐑒𐑮𐑴𐑥𐑨𐑑𐑦𐑒 𐑨𐑚𐑼𐑱𐑖𐑩𐑯,kroʊˈmætɪk ˌæbəˈreɪʃən,drop,,,,,wiktionary,new,95,"r_gap:spelling=3,ipa=2; shave_agrees"
chute house,NN1,GenAm,𐑖𐑵𐑑 𐑣𐑬𐑕,ʃuːt haʊs,drop,,,,,wiktionary,new,97,shave_agrees
circuit diagram,NN1,GenAm,𐑕𐑻𐑒𐑦𐑑 𐑛𐑲𐑩𐑜𐑮𐑨𐑥,ˈsɜːRkɪt ˌdaɪəˌɡræm,drop,,,,,wiktionary,new,97,shave_agrees
circuit diagram,NN1,RSSB,𐑕𐑻𐑒𐑦𐑑 𐑛𐑲𐑩𐑜𐑮𐑨𐑥,sɜːRkɪt daɪəɡram,drop,,,,,wiktionary,new,97,shave_agrees
circuit diagram,NN1,RSSB,𐑕𐑻𐑒𐑦𐑑 𐑛𐑲𐑩𐑜𐑮𐑨𐑥,sɜːRkɪt daɪəɡræm,drop,,,,,wiktionary,new,97,shave_agrees
circulatory system,NN1,RSSB,𐑕𐑻𐑒𐑿𐑤𐑩𐑑𐑼𐑦 𐑕𐑦𐑕𐑑𐑩𐑥,sɜːRkjuːlətəri ˈsɪstəm,drop,,,,,wiktionary,new,97,shave_agrees
citation needed,UNC,RSSB,𐑕𐑲𐑑𐑱𐑖𐑩𐑯 𐑯𐑰𐑛𐑩𐑛,ˌsaɪˈteɪʃən ˈniːdƏd,drop,,,,,wiktionary,new,97,shave_agrees
city hall,NN1,RSSB,𐑕𐑦𐑑𐑦 𐑣𐑷𐑤,ˈsɪti ˌhɔːl,drop,,,,,wiktionary,new,97,shave_agrees
city hall,NN1,RSSB,𐑕𐑦𐑑𐑦 𐑣𐑷𐑤,ˈsɪtɪ ˌhɔːl,drop,,,,,wiktionary,new,97,shave_agrees
civil union,NN1,RSSB,𐑕𐑦𐑝𐑩𐑤 𐑿𐑯𐑾𐑯,ˌsɪvəl ˈjuːnjən,drop,,,,,wiktionary,new,97,shave_agrees
cleft lip,NN1,GenAm,𐑒𐑤𐑧𐑓𐑑 𐑤𐑦𐑐,ˌkleft ˈlɪp,drop,,,,,wiktionary,new,97,shave_agrees
close call,NN1,RSSB,𐑒𐑤𐑴𐑕 𐑒𐑷𐑤,kləʊs ˈkɔːl,drop,,,,,wiktionary,new,97,shave_agrees
close helmet,NN1,GenAm,𐑒𐑤𐑴𐑕 𐑣𐑧𐑤𐑥𐑩𐑑,ˈkloʊs ˈhelmət,drop,,,,,wiktionary,new,97,shave_agrees
close helmet,NN1,RSSB,𐑒𐑤𐑴𐑕 𐑣𐑧𐑤𐑥𐑩𐑑,ˈkləʊs ˈhelmət,drop,,,,,wiktionary,new,97,shave_agrees
clown car,NN1,GenAm,𐑒𐑤𐑬𐑯 𐑒𐑸,ˈklaʊn kɑːR,drop,,,,,wiktionary,new,97,shave_agrees
clown car,NN1,RSSB,𐑒𐑤𐑬𐑯 𐑒𐑸,ˈklaʊn kɑːR,drop,,,,,wiktionary,new,97,shave_agrees
clown doctor,NN1,GenAm,𐑒𐑤𐑬𐑯 𐑛𐑪𐑒𐑑𐑼,ˈklaʊn ˌdɒktər,drop,,,,,wiktionary,new,97,shave_agrees
clown doctor,NN1,RSSB,𐑒𐑤𐑬𐑯 𐑛𐑪𐑒𐑑𐑼,ˈklaʊn dɒktəR,drop,,,,,wiktionary,new,97,shave_agrees
coal tit,NN1,GenAm,𐑒𐑴𐑤 𐑑𐑦𐑑,ˌkoʊl ˈtɪt,drop,,,,,wiktionary,new,97,shave_agrees
coal tit,NN1,RSSB,𐑒𐑴𐑤 𐑑𐑦𐑑,ˌkəʊl ˈtɪt,drop,,,,,wiktionary,new,97,shave_agrees
coat hanger,NN1,GenAm,𐑒𐑴𐑑 𐑣𐑨𐑙𐑼,ˌkoʊt ˈhæŋəR,drop,,,,,wiktionary,new,97,shave_agrees
coat hanger,NN1,RSSB,𐑒𐑴𐑑 𐑣𐑨𐑙𐑼,ˌkəʊt hæŋəR,drop,,,,,wiktionary,new,97,shave_agrees
cobra effect,NN1,GenAm,𐑒𐑴𐑚𐑮𐑩 𐑦𐑓𐑧𐑒𐑑,ˌkoʊbrə ɪˈfekt,drop,,,,,wiktionary,new,97,shave_agrees
cobra effect,NN1,RSSB,𐑒𐑴𐑚𐑮𐑩 𐑦𐑓𐑧𐑒𐑑,kəʊbrə ɪˈfekt,drop,,,,,wiktionary,new,97,shave_agrees
cocktail fork,NN1,GenAm,𐑒𐑪𐑒𐑑𐑱𐑤 𐑓𐑹𐑒,ˌkɒkˌteɪl ˈfɔːRk,drop,,,,,wiktionary,new,97,shave_agrees
cocktail fork,NN1,RSSB,𐑒𐑪𐑒𐑑𐑱𐑤 𐑓𐑹𐑒,ˈkɒkteɪl fɔːRk,drop,,,,,wiktionary,new,97,shave_agrees
cocoa butter,NN1,GenAm,𐑒𐑴𐑒𐑴 𐑚𐑳𐑑𐑼,ˌkoʊkoʊ ˈbʌtəR,drop,,,,,wiktionary,new,97,shave_agrees
cocoa butter,NN1,RSSB,𐑒𐑴𐑒𐑴 𐑚𐑳𐑑𐑼,ˌkəʊkəʊ bʌtəR,drop,,,,,wiktionary,new,97,shave_agrees
coffee table book,NN1,GenAm,𐑒𐑪𐑓𐑦 𐑑𐑱𐑚𐑩𐑤 𐑚𐑫𐑒,ˈkɒfi ˌteɪbəl ˈbʊk,drop,,,,,wiktionary,new,97,shave_agrees
coffee table book,NN1,RSSB,𐑒𐑪𐑓𐑦 𐑑𐑱𐑚𐑩𐑤 𐑚𐑫𐑒,ˈkɒfi ˌteɪbəl ˈbʊk,drop,,,,,wiktionary,new,97,shave_agrees
cognate accusative,NN1,RSSB,𐑒𐑪𐑜𐑯𐑱𐑑 𐑩𐑒𐑿𐑟𐑩𐑑𐑦𐑝,ˈkɒɡneɪt əˈkjuːzətɪv,drop,,,,,wiktionary,new,97,shave_agrees
coincidence theorist,NN1,RSSB,𐑒𐑴𐑦𐑯𐑕𐑦𐑛𐑩𐑯𐑕 𐑔𐑽𐑦𐑕𐑑,kəʊˈɪnsɪdəns θɪərɪst,drop,,,,,wiktionary,new,97,shave_agrees
cold abscess,NN1,GenAm,𐑒𐑴𐑤𐑛 𐑨𐑚𐑕𐑧𐑕,koʊld ˈæbˌses,drop,,,,,wiktionary,new,97,shave_agrees
cold sore,NN1,GenAm,𐑒𐑴𐑤𐑛 𐑕𐑹,ˈkoʊld ˌsɔːR,drop,,,,,wiktionary,new,97,shave_agrees
cold war,NN1,RSSB,𐑒𐑴𐑤𐑛 𐑢𐑹,ˌkəʊld wɔːR,drop,,,,,wiktionary,new,97,shave_agrees
cold weapon,NN1,GenAm,𐑒𐑴𐑤𐑛 𐑢𐑧𐑐𐑩𐑯,koʊld ˈwepən,drop,,,,,wiktionary,new,97,shave_agrees
cold weapon,NN1,RSSB,𐑒𐑴𐑤𐑛 𐑢𐑧𐑐𐑩𐑯,kəʊld ˈwepən,drop,,,,,wiktionary,new,97,shave_agrees
collared dove,NN1,GenAm,𐑒𐑪𐑤𐑼𐑛 𐑛𐑳𐑝,ˌkɒləRd ˈdʌv,drop,,,,,wiktionary,new,97,shave_agrees
collared dove,NN1,RSSB,𐑒𐑪𐑤𐑼𐑛 𐑛𐑳𐑝,kɒləRd ˈdʌv,drop,,,,,wiktionary,new,97,shave_agrees
colon cleansing,NN1,GenAm,𐑒𐑴𐑤𐑩𐑯 𐑒𐑤𐑧𐑯𐑟𐑦𐑙,ˈkoʊlən ˈklenzɪŋ,drop,,,,,wiktionary,new,97,shave_agrees
colon cleansing,NN1,RSSB,𐑒𐑴𐑤𐑩𐑯 𐑒𐑤𐑧𐑯𐑟𐑦𐑙,ˈkəʊlən ˈklenzɪŋ,drop,,,,,wiktionary,new,97,shave_agrees
come in,VVI,GenAm,𐑒𐑳𐑥 𐑦𐑯,ˌkʌm ˈɪn,drop,,,,,wiktionary,new,97,shave_agrees
come in,VVI,RSSB,𐑒𐑳𐑥 𐑦𐑯,ˌkʌm ˈɪn,drop,,,,,wiktionary,new,97,shave_agrees
come on,VVI,RSSB,𐑒𐑳𐑥 𐑪𐑯,ˌkʌm ˈɒn,drop,,,,,wiktionary,new,97,shave_agrees
comfort food,NN1,RSSB,𐑒𐑳𐑥𐑓𐑼𐑑 𐑓𐑵𐑛,kʌmfəRt ˌfuːd,drop,,,,,wiktionary,new,97,shave_agrees
comic relief,NN1,GenAm,𐑒𐑪𐑥𐑦𐑒 𐑮𐑦𐑤𐑰𐑓,ˈkɒmɪk rɪˈliːf,drop,,,,,wiktionary,new,97,shave_agrees
comic relief,NN1,RSSB,𐑒𐑪𐑥𐑦𐑒 𐑮𐑦𐑤𐑰𐑓,ˈkɒmɪk rɪˈliːf,drop,,,,,wiktionary,new,97,shave_agrees
coming out,VVI,GenAm,𐑒𐑳𐑥𐑦𐑙 𐑬𐑑,ˈkʌmɪŋ ˈaʊt,drop,,,,,wiktionary,new,97,shave_agrees
common gender,NN1,GenAm,𐑒𐑪𐑥𐑩𐑯 𐑡𐑧𐑯𐑛𐑼,ˈkɒmən ˈdʒendər,drop,,,,,wiktionary,new,97,shave_agrees
common gender,NN1,RSSB,𐑒𐑪𐑥𐑩𐑯 𐑡𐑧𐑯𐑛𐑼,ˈkɒmən dʒendəR,drop,,,,,wiktionary,new,97,shave_agrees
common gull,NN1,RSSB,𐑒𐑪𐑥𐑩𐑯 𐑜𐑳𐑤,ˈkɒmən ˌɡʌl,drop,,,,,wiktionary,new,97,shave_agrees
comp sci,NN1,GenAm,𐑒𐑪𐑥𐑐 𐑕𐑲,ˌkɒmp ˈsaɪ,drop,,,,,wiktionary,new,97,shave_agrees
comp sci,NN1,GenAm,𐑒𐑪𐑥𐑐 𐑕𐑲,ˈkɒmp ˌsaɪ,drop,,,,,wiktionary,new,97,shave_agrees
computer literacy,NN1,RSSB,𐑒𐑩𐑥𐑐𐑿𐑑𐑼 𐑤𐑦𐑑𐑼𐑩𐑕𐑦,kəmpjuːtəR lɪtərəsi,drop,,,,,wiktionary,new,97,shave_agrees
consider it done,UNC,RSSB,𐑒𐑩𐑯𐑕𐑦𐑛𐑼 𐑦𐑑 𐑛𐑳𐑯,kənsɪdəR ɪt dʌn,drop,,,,,wiktionary,new,97,shave_agrees
conspiracy theorist,NN1,RSSB,𐑒𐑩𐑯𐑕𐑐𐑦𐑮𐑩𐑕𐑦 𐑔𐑽𐑦𐑕𐑑,kənspɪrəsi θɪərɪst,drop,,,,,wiktionary,new,97,shave_agrees
conspiracy theory,NN1,GenAm,𐑒𐑩𐑯𐑕𐑐𐑦𐑮𐑩𐑕𐑦 𐑔𐑽𐑦,kənˈspɪrəsi ˌθiəri,drop,,,,,wiktionary,new,97,shave_agrees
conspiracy theory,NN1,RSSB,𐑒𐑩𐑯𐑕𐑐𐑦𐑮𐑩𐑕𐑦 𐑔𐑽𐑦,kənspɪrəsi θɪəri,drop,,,,,wiktionary,new,97,shave_agrees
constructed language,NN1,RSSB,𐑒𐑩𐑯𐑕𐑑𐑮𐑳𐑒𐑑𐑩𐑛 𐑤𐑨𐑙𐑜𐑢𐑦𐑡,kənstrʌktəd ˈlaŋɡwɪdʒ,drop,,,,,wiktionary,new,97,shave_agrees
construction grammar,NN1,GenAm,𐑒𐑩𐑯𐑕𐑑𐑮𐑳𐑒𐑖𐑩𐑯 𐑜𐑮𐑨𐑥𐑼,kənˈstrʌkʃən ˈɡræməR,drop,,,,,wiktionary,new,97,shave_agrees
construction grammar,NN1,RSSB,𐑒𐑩𐑯𐑕𐑑𐑮𐑳𐑒𐑖𐑩𐑯 𐑜𐑮𐑨𐑥𐑼,kənstrʌkʃən ɡræmər,drop,,,,,wiktionary,new,97,shave_agrees
contain multitudes,VVI,RSSB,𐑒𐑩𐑯𐑑𐑱𐑯 𐑥𐑳𐑤𐑑𐑦𐑑𐑿𐑛𐑟,kənˌteɪn ˈmʌltɪtjuːdz,drop,,,,,wiktionary,new,97,shave_agrees
contest shape,NN1,RSSB,𐑒𐑪𐑯𐑑𐑧𐑕𐑑 𐑖𐑱𐑐,ˈkɒntest ˌʃeɪp,drop,,,,,wiktionary,new,97,shave_agrees
cook someone's goose,VVI,RSSB,𐑒𐑫𐑒 𐑕𐑳𐑥𐑢𐑳𐑯𐑟 𐑜𐑵𐑕,ˈkʊk ˌsʌmwʌnz ˈɡuːs,drop,,,,,wiktionary,new,97,shave_agrees
cooling center,NN1,RSSB,𐑒𐑵𐑤𐑦𐑙 𐑕𐑧𐑯𐑑𐑼,ˈkuːlɪŋ sentəR,drop,,,,,wiktionary,new,97,shave_agrees
cooling glasses,NN1,GenAm,𐑒𐑵𐑤𐑦𐑙 𐑜𐑤𐑨𐑕𐑩𐑟,ˈkuːlɪŋ ˈɡlæsƏz,drop,,,,,wiktionary,new,97,shave_agrees
cooling glasses,NN1,RSSB,𐑒𐑵𐑤𐑦𐑙 𐑜𐑤𐑭𐑕𐑩𐑟,ˈkuːlɪŋ ˈɡlɑːsƏz,drop,,,,,wiktionary,new,97,shave_agrees
cop on,NN1,RSSB,𐑒𐑪𐑐 𐑪𐑯,kɒp ɒn,drop,,,,,wiktionary,new,97,shave_agrees
cop on,VVI,RSSB,𐑒𐑪𐑐 𐑪𐑯,kɒp ɒn,drop,,,,,wiktionary,new,97,shave_agrees
corbie step,NN1,GenAm,𐑒𐑹𐑚𐑦 𐑕𐑑𐑧𐑐,ˈkɔːrbi ˌstep,drop,,,,,wiktionary,new,97,shave_agrees
corbie step,NN1,RSSB,𐑒𐑹𐑚𐑦 𐑕𐑑𐑧𐑐,kɔːRbi ˌstep,drop,,,,,wiktionary,new,97,shave_agrees
corn cheese,NN1,RSSB,𐑒𐑹𐑯 𐑗𐑰𐑟,kɔːRn tʃiːz,drop,,,,,wiktionary,new,97,shave_agrees
cornfield meet,NN1,RSSB,𐑒𐑹𐑯𐑓𐑰𐑤𐑛 𐑥𐑰𐑑,kɔːRnfiːld ˌmiːt,drop,,,,,wiktionary,new,97,shave_agrees
corporal punishment,NN1,RSSB,𐑒𐑹𐑐𐑼𐑩𐑤 𐑐𐑳𐑯𐑦𐑖𐑥𐑩𐑯𐑑,kɔːRpərəl ˈpʌnɪʃmənt,drop,,,,,wiktionary,new,97,shave_agrees
couch potato,NN1,GenAm,𐑒𐑬𐑗 𐑐𐑩𐑑𐑱𐑑𐑴,ˈkaʊtʃ pəˌteɪtoʊ,drop,,,,,wiktionary,new,97,shave_agrees
couch potato,NN1,RSSB,𐑒𐑬𐑗 𐑐𐑩𐑑𐑱𐑑𐑴,ˈkaʊtʃ pəˌteɪtəʊ,drop,,,,,wiktionary,new,97,shave_agrees
count coup,VVI,RSSB,𐑒𐑬𐑯𐑑 𐑒𐑵,ˌkaʊnt ˈkuː,drop,,,,,wiktionary,new,97,shave_agrees
country road,NN1,GenAm,𐑒𐑳𐑯𐑑𐑮𐑦 𐑮𐑴𐑛,ˌkʌntri ˈroʊd,drop,,,,,wiktionary,new,97,shave_agrees
country road,NN1,RSSB,𐑒𐑳𐑯𐑑𐑮𐑦 𐑮𐑴𐑛,ˌkʌntri ˈrəʊd,drop,,,,,wiktionary,new,97,shave_agrees
cranial nerve,NN1,GenAm,𐑒𐑮𐑱𐑯𐑾𐑤 𐑯𐑻𐑝,ˈkreɪniəl nɜːRv,drop,,,,,wiktionary,new,97,shave_agrees
cream soda,NN1,RSSB,𐑒𐑮𐑰𐑥 𐑕𐑴𐑛𐑩,ˈkriːm ˌsəʊdə,drop,,,,,wiktionary,new,97,shave_agrees
creaming soda,NN1,RSSB,𐑒𐑮𐑰𐑥𐑦𐑙 𐑕𐑴𐑛𐑩,ˈkriːmɪŋ ˌsəʊdə,drop,,,,,wiktionary,new,97,shave_agrees
creature comfort,NN1,GenAm,𐑒𐑮𐑰𐑗𐑼 𐑒𐑳𐑥𐑓𐑼𐑑,ˌkriːtʃəR ˈkʌmfəRt,drop,,,,,wiktionary,new,97,shave_agrees
creature comfort,NN1,RSSB,𐑒𐑮𐑰𐑗𐑼 𐑒𐑳𐑥𐑓𐑼𐑑,kriːtʃəR kʌmfəRt,drop,,,,,wiktionary,new,97,shave_agrees
credit card,NN1,GenAm,𐑒𐑮𐑧𐑛𐑦𐑑 𐑒𐑸𐑛,ˈkredɪt ˌkɑːRd,drop,,,,,wiktionary,new,97,shave_agrees
crime doesn't pay,UNC,GenAm,𐑒𐑮𐑲𐑥 𐑛𐑳𐑟𐑩𐑯𐑑 𐑐𐑱,kraɪm ˈdʌzˌənt peɪ,drop,,,,,wiktionary,new,97,shave_agrees
critically endangered,AJ0,GenAm,𐑒𐑮𐑦𐑑𐑦𐑒𐑤𐑦 𐑦𐑯𐑛𐑱𐑯𐑡𐑼𐑛,ˈkrɪtɪkli ɪnˈdeɪndʒərd,drop,,,,,wiktionary,new,97,shave_agrees
crony capitalism,NN1,GenAm,𐑒𐑮𐑴𐑯𐑦 𐑒𐑨𐑐𐑦𐑑𐑩𐑤𐑦𐑟𐑩𐑥,ˈkroʊni ˈkæpɪtəlɪzəm,drop,,,,,wiktionary,new,97,shave_agrees
crow over,VVI,GenAm,𐑒𐑮𐑴 𐑴𐑝𐑼,ˌkroʊ ˈoʊvəR,drop,,,,,wiktionary,new,97,shave_agrees
crow over,VVI,RSSB,𐑒𐑮𐑴 𐑴𐑝𐑼,ˌkrəʊ əʊvər,drop,,,,,wiktionary,new,97,shave_agrees
crowd in on,VVI,RSSB,𐑒𐑮𐑬𐑛 𐑦𐑯 𐑪𐑯,kraʊd ˈɪn ɒn,drop,,,,,wiktionary,new,97,shave_agrees
crude form,NN1,GenAm,𐑒𐑮𐑵𐑛 𐑓𐑹𐑥,ˈkruːd ˌfɔːRm,drop,,,,,wiktionary,new,97,shave_agrees
crude form,NN1,RSSB,𐑒𐑮𐑵𐑛 𐑓𐑹𐑥,ˈkruːd fɔːRm,drop,,,,,wiktionary,new,97,shave_agrees
cruise ship,NN1,GenAm,𐑒𐑮𐑵𐑟 𐑖𐑦𐑐,ˈkruːz ʃɪp,drop,,,,,wiktionary,new,97,shave_agrees
crystal meth,NN1,RSSB,𐑒𐑮𐑦𐑕𐑑𐑩𐑤 𐑥𐑧𐑔,krɪstəl meθ,drop,,,,,wiktionary,new,97,shave_agrees
cultural appropriation,NN1,GenAm,𐑒𐑳𐑤𐑗𐑼𐑩𐑤 𐑩𐑐𐑮𐑴𐑐𐑮𐑦𐑱𐑖𐑩𐑯,ˈkʌltʃərəl əˌproʊpriˈeɪʃən,drop,,,,,wiktionary,new,97,shave_agrees
culture vulture,NN1,GenAm,𐑒𐑳𐑤𐑗𐑼 𐑝𐑳𐑤𐑗𐑼,ˈkʌltʃər ˌvʌltʃər,drop,,,,,wiktionary,new,97,shave_agrees
culture vulture,NN1,RSSB,𐑒𐑳𐑤𐑗𐑼 𐑝𐑳𐑤𐑗𐑼,kʌltʃəR vʌltʃəR,drop,,,,,wiktionary,new,97,shave_agrees
cum dumpster,NN1,GenAm,𐑒𐑳𐑥 𐑛𐑳𐑥𐑐𐑕𐑑𐑼,kʌm dʌmpstəR,drop,,,,,wiktionary,new,97,shave_agrees
cum tribute,NN1,RSSB,𐑒𐑳𐑥 𐑑𐑮𐑦𐑚𐑿𐑑,ˈkʌm ˌtrɪbjuːt,drop,,,,,wiktionary,new,97,shave_agrees
cushy number,NN1,GenAm,𐑒𐑫𐑖𐑦 𐑯𐑳𐑥𐑚𐑼,ˌkʊʃi ˈnʌmbəR,drop,,,,,wiktionary,new,97,shave_agrees
cushy number,NN1,RSSB,𐑒𐑫𐑖𐑦 𐑯𐑳𐑥𐑚𐑼,ˌkʊʃi nʌmbəR,drop,,,,,wiktionary,new,97,shave_agrees
cutie patootie,NN1,RSSB,𐑒𐑿𐑑𐑦 𐑐𐑩𐑑𐑵𐑑𐑦,ˌkjuːti pəˈtuːti,drop,,,,,wiktionary,new,97,shave_agrees
cutting board,NN1,GenAm,𐑒𐑳𐑑𐑦𐑙 𐑚𐑹𐑛,ˈkʌtɪŋ bɔːRd,drop,,,,,wiktionary,new,97,shave_agrees
cuttlefish bone,NN1,GenAm,𐑒𐑳𐑑𐑩𐑤𐑓𐑦𐑖 𐑚𐑴𐑯,ˌkʌtəlˌfɪʃ ˈboʊn,drop,,,,,wiktionary,new,97,shave_agrees
cuttlefish bone,NN1,RSSB,𐑒𐑳𐑑𐑩𐑤𐑓𐑦𐑖 𐑚𐑴𐑯,ˌkʌtəlfɪʃ ˈbəʊn,drop,,,,,wiktionary,new,97,shave_agrees
dad bod,NN1,GenAm,𐑛𐑨𐑛 𐑚𐑪𐑛,ˈdæd ˌbɒd,drop,,,,,wiktionary,new,97,shave_agrees
dad bod,NN1,RSSB,𐑛𐑨𐑛 𐑚𐑪𐑛,ˈdæd ˌbɒd,drop,,,,,wiktionary,new,97,shave_agrees
daisy chain,NN1,GenAm,𐑛𐑱𐑟𐑦 𐑗𐑱𐑯,ˈdeɪzi ˌtʃeɪn,drop,,,,,wiktionary,new,97,shave_agrees
daisy chain,NN1,RSSB,𐑛𐑱𐑟𐑦 𐑗𐑱𐑯,ˈdeɪzi tʃeɪn,drop,,,,,wiktionary,new,97,shave_agrees
daisy chain,VVI,GenAm,𐑛𐑱𐑟𐑦 𐑗𐑱𐑯,ˈdeɪzi ˌtʃeɪn,drop,,,,,wiktionary,new,97,shave_agrees
daisy chain,VVI,RSSB,𐑛𐑱𐑟𐑦 𐑗𐑱𐑯,ˈdeɪzi tʃeɪn,drop,,,,,wiktionary,new,97,shave_agrees
dan buoy,NN1,GenAm,𐑛𐑨𐑯 𐑚𐑶,dæn ˈbɔɪ,drop,,,,,wiktionary,new,97,shave_agrees
dan buoy,NN1,RSSB,𐑛𐑨𐑯 𐑚𐑶,dæn ˈbɔɪ,drop,,,,,wiktionary,new,97,shave_agrees
dance card,NN1,GenAm,𐑛𐑨𐑯𐑕 𐑒𐑸𐑛,ˈdæns ˌkɑːRd,drop,,,,,wiktionary,new,97,shave_agrees
dance card,NN1,RSSB,𐑛𐑭𐑯𐑕 𐑒𐑸𐑛,ˈdɑːns kɑːRd,drop,,,,,wiktionary,new,97,shave_agrees
dark elf,NN1,GenAm,𐑛𐑸𐑒 𐑧𐑤𐑓,ˈdɑːRk elf,drop,,,,,wiktionary,new,97,shave_agrees
dark elf,NN1,RSSB,𐑛𐑸𐑒 𐑧𐑤𐑓,dɑːRk elf,drop,,,,,wiktionary,new,97,shave_agrees
darn it,ITJ,GenAm,𐑛𐑸𐑯 𐑦𐑑,ˈdɑːRn ɪt,drop,,,,,wiktionary,new,97,shave_agrees
dawn chorus,NN1,RSSB,𐑛𐑷𐑯 𐑒𐑹𐑩𐑕,dɔːn kɔːrəs,drop,,,,,wiktionary,new,97,shave_agrees
daylight robbery,NN1,GenAm,𐑛𐑱𐑤𐑲𐑑 𐑮𐑪𐑚𐑼𐑦,ˌdeɪˌlaɪt ˈrɒbəri,drop,,,,,wiktionary,new,97,shave_agrees
daylight robbery,NN1,RSSB,𐑛𐑱𐑤𐑲𐑑 𐑮𐑪𐑚𐑼𐑦,ˌdeɪlaɪt rɒbəri,drop,,,,,wiktionary,new,97,shave_agrees
de jour,AJ0,RSSB,𐑛𐑩 𐑠𐑫𐑼,də ʒʊəR,drop,,,,,wiktionary,new,97,shave_agrees
dead cat bounce,NN1,GenAm,𐑛𐑧𐑛 𐑒𐑨𐑑 𐑚𐑬𐑯𐑕,ded kæt baʊns,drop,,,,,wiktionary,new,97,shave_agrees
death camp,NN1,GenAm,𐑛𐑧𐑔 𐑒𐑨𐑥𐑐,deθ kæmp,drop,,,,,wiktionary,new,97,shave_agrees
debit card,NN1,GenAm,𐑛𐑧𐑚𐑦𐑑 𐑒𐑸𐑛,ˈdebɪt ˌkɑːRd,drop,,,,,wiktionary,new,97,shave_agrees
deerstalker hat,NN1,RSSB,𐑛𐑽𐑕𐑑𐑷𐑒𐑼 𐑣𐑨𐑑,dɪərstɔːkəR hæt,drop,,,,,wiktionary,new,97,shave_agrees
dengue fever,NN1,GenAm,𐑛𐑧𐑙𐑜𐑱 𐑓𐑰𐑝𐑼,ˈdeŋɡeɪ ˈfiːvəR,drop,,,,,wiktionary,new,97,shave_agrees
dengue fever,NN1,RSSB,𐑛𐑧𐑙𐑜𐑱 𐑓𐑰𐑝𐑼,ˈdeŋɡeɪ fiːvəR,drop,,,,,wiktionary,new,97,shave_agrees
desire line,NN1,RSSB,𐑛𐑦𐑟𐑲𐑼 𐑤𐑲𐑯,dɪzaɪəR laɪn,drop,,,,,wiktionary,new,97,shave_agrees
devious lick,NN1,GenAm,𐑛𐑰𐑝𐑾𐑕 𐑤𐑦𐑒,ˈdiːviəs ˈlɪk,drop,,,,,wiktionary,new,97,shave_agrees
devious lick,VVI,GenAm,𐑛𐑰𐑝𐑾𐑕 𐑤𐑦𐑒,ˈdiːviəs ˈlɪk,drop,,,,,wiktionary,new,97,shave_agrees
diaper lover,NN1,GenAm,𐑛𐑲𐑩𐑐𐑼 𐑤𐑳𐑝𐑼,ˈdaɪəpəR ˌlʌvəR,drop,,,,,wiktionary,new,97,shave_agrees
diaper lover,NN1,RSSB,𐑛𐑲𐑩𐑐𐑼 𐑤𐑳𐑝𐑼,daɪəpəR lʌvəR,drop,,,,,wiktionary,new,97,shave_agrees
dictionary attack,NN1,RSSB,𐑛𐑦𐑒𐑖𐑩𐑯𐑼𐑦 𐑩𐑑𐑨𐑒,dɪkʃənəri əˈtæk,drop,,,,,wiktionary,new,97,shave_agrees
dindu nuffin,NN1,RSSB,𐑛𐑦𐑯𐑛𐑵 𐑯𐑳𐑓𐑦𐑯,ˌdɪnduː ˈnʌfɪn,drop,,,,,wiktionary,new,97,shave_agrees
dindu nuffin,VVI,RSSB,𐑛𐑦𐑯𐑛𐑵 𐑯𐑳𐑓𐑦𐑯,ˌdɪnduː ˈnʌfɪn,drop,,,,,wiktionary,new,97,shave_agrees
dire wolf,NN1,GenAm,𐑛𐑲𐑼 𐑢𐑫𐑤𐑓,ˈdaɪəR wʊlf,drop,,,,,wiktionary,new,97,shave_agrees
dire wolf,NN1,RSSB,𐑛𐑲𐑼 𐑢𐑫𐑤𐑓,daɪəR wʊlf,drop,,,,,wiktionary,new,97,shave_agrees
disco ball,NN1,GenAm,𐑛𐑦𐑕𐑒𐑴 𐑚𐑷𐑤,ˈdɪskoʊ ˌbɔːl,drop,,,,,wiktionary,new,97,shave_agrees
disco ball,NN1,RSSB,𐑛𐑦𐑕𐑒𐑴 𐑚𐑷𐑤,ˈdɪskəʊ ˌbɔːl,drop,,,,,wiktionary,new,97,shave_agrees
dispatch box,NN1,RSSB,𐑛𐑦𐑕𐑐𐑨𐑗 𐑚𐑪𐑒𐑕,dɪˈspætʃ ˌbɒks,drop,,,,,wiktionary,new,97,shave_agrees
displaced person,NN1,GenAm,𐑛𐑦𐑕𐑐𐑤𐑱𐑕𐑑 𐑐𐑻𐑕𐑩𐑯,dɪsˌpleɪst ˈpɜːRsən,drop,,,,,wiktionary,new,97,shave_agrees
displaced person,NN1,RSSB,𐑛𐑦𐑕𐑐𐑤𐑱𐑕𐑑 𐑐𐑻𐑕𐑩𐑯,dɪsˌpleɪst pɜːRsən,drop,,,,,wiktionary,new,97,shave_agrees
divvy up,VVI,RSSB,𐑛𐑦𐑝𐑦 𐑳𐑐,ˌdɪvi ˈʌp,drop,,,,,wiktionary,new,97,shave_agrees
do ill,VVI,RSSB,𐑛𐑵 𐑦𐑤,ˈduː ˌɪl,drop,,,,,wiktionary,new,97,shave_agrees
doctor bird,NN1,GenAm,𐑛𐑪𐑒𐑑𐑼 𐑚𐑻𐑛,ˈdɒktəR ˈbɜːRd,drop,,,,,wiktionary,new,97,shave_agrees
dog bone spanner,NN1,RSSB,𐑛𐑪𐑜 𐑚𐑴𐑯 𐑕𐑐𐑨𐑯𐑼,dɒɡ boʊn spænər,drop,,,,,wiktionary,new,97,shave_agrees
dog bone wrench,NN1,GenAm,𐑛𐑪𐑜 𐑚𐑴𐑯 𐑮𐑧𐑯𐑗,dɒɡ boʊn rentʃ,drop,,,,,wiktionary,new,97,shave_agrees
dog days,NN1,GenAm,𐑛𐑪𐑜 𐑛𐑱𐑟,ˈdɒɡ deɪz,drop,,,,,wiktionary,new,97,shave_agrees
dog days,NN1,RSSB,𐑛𐑪𐑜 𐑛𐑱𐑟,ˈdɒɡ deɪz,drop,,,,,wiktionary,new,97,shave_agrees
dog eat dog,AJ0,RSSB,𐑛𐑪𐑜 𐑰𐑑 𐑛𐑪𐑜,dɒɡ iːt dɒɡ,drop,,,,,wiktionary,new,97,shave_agrees
dog's dinner,NN1,RSSB,𐑛𐑪𐑜𐑟 𐑛𐑦𐑯𐑼,dɒɡz dɪnəR,drop,,,,,wiktionary,new,97,shave_agrees
doggy style,AJ0,GenAm,𐑛𐑪𐑜𐑦 𐑕𐑑𐑲𐑤,ˈdɒɡi staɪl,drop,,,,,wiktionary,new,97,shave_agrees
doggy style,AJ0,RSSB,𐑛𐑪𐑜𐑦 𐑕𐑑𐑲𐑤,ˈdɒɡi staɪl,drop,,,,,wiktionary,new,97,shave_agrees
doggy style,AV0,GenAm,𐑛𐑪𐑜𐑦 𐑕𐑑𐑲𐑤,ˈdɒɡi staɪl,drop,,,,,wiktionary,new,97,shave_agrees
doggy style,AV0,RSSB,𐑛𐑪𐑜𐑦 𐑕𐑑𐑲𐑤,ˈdɒɡi staɪl,drop,,,,,wiktionary,new,97,shave_agrees
doggy style,NN1,GenAm,𐑛𐑪𐑜𐑦 𐑕𐑑𐑲𐑤,ˈdɒɡi staɪl,drop,,,,,wiktionary,new,97,shave_agrees
doggy style,NN1,RSSB,𐑛𐑪𐑜𐑦 𐑕𐑑𐑲𐑤,ˈdɒɡi staɪl,drop,,,,,wiktionary,new,97,shave_agrees
door frame,NN1,GenAm,𐑛𐑹 𐑓𐑮𐑱𐑥,ˈdɔːR ˌfreɪm,drop,,,,,wiktionary,new,97,shave_agrees
door frame,NN1,RSSB,𐑛𐑹 𐑓𐑮𐑱𐑥,dɔːR ˌfreɪm,drop,,,,,wiktionary,new,97,shave_agrees
door frames,NN1,GenAm,𐑛𐑹 𐑓𐑮𐑱𐑥𐑟,ˈdɔːR ˌfreɪmz,drop,,,,,wiktionary,new,97,shave_agrees
door frames,NN1,RSSB,𐑛𐑹 𐑓𐑮𐑱𐑥𐑟,dɔːR ˌfreɪmz,drop,,,,,wiktionary,new,97,shave_agrees
dot matrix,NN1,RSSB,𐑛𐑪𐑑 𐑥𐑱𐑑𐑮𐑦𐑒𐑕,ˈdɒt ˌmeɪtrɪks,drop,,,,,wiktionary,new,97,shave_agrees
double bar,NN1,GenAm,𐑛𐑳𐑚𐑩𐑤 𐑚𐑸,ˈdʌbəl bɑːR,drop,,,,,wiktionary,new,97,shave_agrees
double dog dare,NN1,GenAm,𐑛𐑳𐑚𐑩𐑤 𐑛𐑪𐑜 𐑛𐑺,ˌdʌbəl dɒɡ ˈdeər,drop,,,,,wiktionary,new,97,shave_agrees
double dog dare,NN1,RSSB,𐑛𐑳𐑚𐑩𐑤 𐑛𐑪𐑜 𐑛𐑺,ˌdʌbəl dɒɡ deəR,drop,,,,,wiktionary,new,97,shave_agrees
double dog dare,VVI,GenAm,𐑛𐑳𐑚𐑩𐑤 𐑛𐑪𐑜 𐑛𐑺,ˌdʌbəl dɒɡ ˈdeər,drop,,,,,wiktionary,new,97,shave_agrees
double dog dare,VVI,RSSB,𐑛𐑳𐑚𐑩𐑤 𐑛𐑪𐑜 𐑛𐑺,ˌdʌbəl dɒɡ deəR,drop,,,,,wiktionary,new,97,shave_agrees
doujin circle,NN1,GenAm,𐑛𐑴𐑡𐑦𐑯 𐑕𐑻𐑒𐑩𐑤,ˈdoʊdʒɪn ˈsɜːRkəl,drop,,,,,wiktionary,new,97,shave_agrees
doujin circle,NN1,RSSB,𐑛𐑴𐑡𐑦𐑯 𐑕𐑻𐑒𐑩𐑤,ˈdəʊdʒɪn sɜːRkəl,drop,,,,,wiktionary,new,97,shave_agrees
doujin event,NN1,GenAm,𐑛𐑴𐑡𐑦𐑯 𐑦𐑝𐑧𐑯𐑑,ˈdoʊdʒɪn ɪˈvent,drop,,,,,wiktionary,new,97,shave_agrees
doujin game,NN1,GenAm,𐑛𐑴𐑡𐑦𐑯 𐑜𐑱𐑥,ˈdoʊdʒɪn ɡeɪm,drop,,,,,wiktionary,new,97,shave_agrees
down there,AV0,RSSB,𐑛𐑬𐑯 𐑞𐑺,ˌdaʊn ðeəR,drop,,,,,wiktionary,new,97,shave_agrees
drag mother,NN1,GenAm,𐑛𐑮𐑨𐑜 𐑥𐑳𐑞𐑼,dræɡ ˈmʌðəR,drop,,,,,wiktionary,new,97,shave_agrees
dragline excavator,NN1,GenAm,𐑛𐑮𐑨𐑜𐑤𐑲𐑯 𐑧𐑒𐑕𐑒𐑩𐑝𐑱𐑑𐑼,ˈdræɡlaɪn ˈekskəˌveɪtəR,drop,,,,,wiktionary,new,97,shave_agrees
dragline excavator,NN1,RSSB,𐑛𐑮𐑨𐑜𐑤𐑲𐑯 𐑧𐑒𐑕𐑒𐑩𐑝𐑱𐑑𐑼,ˈdræɡlaɪn ekskəveɪtəR,drop,,,,,wiktionary,new,97,shave_agrees
dragon fruit,NN1,RSSB,𐑛𐑮𐑨𐑜𐑩𐑯 𐑓𐑮𐑵𐑑,dræɡən ˌfruːt,drop,,,,,wiktionary,new,97,shave_agrees
drama llama,NN1,RSSB,𐑛𐑮𐑭𐑥𐑩 𐑤𐑭𐑥𐑩,drɑːmə ˈlɑːmə,drop,,,,,wiktionary,new,97,shave_agrees
draw near,VVI,RSSB,𐑛𐑮𐑷 𐑯𐑽,drɔː nɪər,drop,,,,,wiktionary,new,97,shave_agrees
dream pop,NN1,RSSB,𐑛𐑮𐑰𐑥 𐑐𐑪𐑐,ˈdriːm ˌpɒp,drop,,,,,wiktionary,new,97,shave_agrees
dream team,NN1,RSSB,𐑛𐑮𐑰𐑥 𐑑𐑰𐑥,driːm tiːm,drop,,,,,wiktionary,new,97,shave_agrees
dressing room,NN1,RSSB,𐑛𐑮𐑧𐑕𐑦𐑙 𐑮𐑵𐑥,ˈdresɪŋ ruːm,drop,,,,,wiktionary,new,97,shave_agrees
drop bear,NN1,GenAm,𐑛𐑮𐑪𐑐 𐑚𐑺,drɒp beəR,drop,,,,,wiktionary,new,97,shave_agrees
drop bear,NN1,RSSB,𐑛𐑮𐑪𐑐 𐑚𐑺,drɒp beəR,drop,,,,,wiktionary,new,97,shave_agrees
drum machine,NN1,RSSB,𐑛𐑮𐑳𐑥 𐑥𐑩𐑖𐑰𐑯,ˈdrʌm məˌʃiːn,drop,,,,,wiktionary,new,97,shave_agrees
dry abscess,NN1,GenAm,𐑛𐑮𐑲 𐑨𐑚𐑕𐑧𐑕,draɪ ˈæbˌses,drop,,,,,wiktionary,new,97,shave_agrees
du jour,AJ0,RSSB,𐑛𐑵 𐑠𐑫𐑼,duː ʒʊəR,drop,,,,,wiktionary,new,97,shave_agrees
dual earner,NN1,RSSB,𐑛𐑿𐑩𐑤 𐑻𐑯𐑼,ˈdjuːəl ɜːRnəR,drop,,,,,wiktionary,new,97,shave_agrees
due diligence,NN1,RSSB,𐑛𐑿 𐑛𐑦𐑤𐑦𐑡𐑩𐑯𐑕,ˈdjuː ˌdɪlɪdʒəns,drop,,,,,wiktionary,new,97,shave_agrees
dung beetle,NN1,RSSB,𐑛𐑳𐑙 𐑚𐑰𐑑𐑩𐑤,ˈdʌŋ biːtəl,drop,,,,,wiktionary,new,97,shave_agrees
eager beaver,NN1,RSSB,𐑰𐑜𐑼 𐑚𐑰𐑝𐑼,iːɡəR biːvəR,drop,,,,,wiktionary,new,97,shave_agrees
easy street,NN1,RSSB,𐑰𐑟𐑦 𐑕𐑑𐑮𐑰𐑑,ˈiːzi ˌstriːt,drop,,,,,wiktionary,new,97,shave_agrees
eat someone's lunch,VVI,RSSB,𐑰𐑑 𐑕𐑳𐑥𐑢𐑳𐑯𐑟 𐑤𐑳𐑯𐑗,ˈiːt ˌsʌmwʌnz ˈlʌntʃ,drop,,,,,wiktionary,new,97,shave_agrees
edit war,NN1,RSSB,𐑧𐑛𐑦𐑑 𐑢𐑹,ˌedɪt wɔːR,drop,,,,,wiktionary,new,97,shave_agrees
edit war,VVI,RSSB,𐑧𐑛𐑦𐑑 𐑢𐑹,ˌedɪt wɔːR,drop,,,,,wiktionary,new,97,shave_agrees
egg spoon,NN1,RSSB,𐑧𐑜 𐑕𐑐𐑵𐑯,ˈeɡ ˌspuːn,drop,,,,,wiktionary,new,97,shave_agrees
elbow bump,NN1,GenAm,𐑧𐑤𐑚𐑴 𐑚𐑳𐑥𐑐,ˌelboʊ ˈbʌmp,drop,,,,,wiktionary,new,97,shave_agrees
elbow bump,NN1,RSSB,𐑧𐑤𐑚𐑴 𐑚𐑳𐑥𐑐,ˌelbəʊ ˈbʌmp,drop,,,,,wiktionary,new,97,shave_agrees
electronic cigarette,NN1,GenAm,𐑦𐑤𐑧𐑒𐑑𐑮𐑪𐑯𐑦𐑒 𐑕𐑦𐑜𐑼𐑧𐑑,ɪˌlekˈtrɒnɪk ˈsɪɡəˌret,drop,,,,,wiktionary,new,97,shave_agrees
elephant trap,NN1,RSSB,𐑧𐑤𐑦𐑓𐑩𐑯𐑑 𐑑𐑮𐑨𐑐,ˈelɪfənt ˌtræp,drop,,,,,wiktionary,new,97,shave_agrees
elfin safety,NN1,RSSB,𐑧𐑤𐑓𐑦𐑯 𐑕𐑱𐑓𐑑𐑦,elˈfɪn ˌseɪfti,drop,,,,,wiktionary,new,97,shave_agrees
embarrassingly parallel,AJ0,RSSB,𐑦𐑥𐑚𐑨𐑮𐑩𐑕𐑦𐑙𐑤𐑦 𐑐𐑨𐑮𐑩𐑤𐑧𐑤,ɪmbærəsɪŋli pærəlel,drop,,,,,wiktionary,new,95,"r_gap:spelling=3,ipa=2; shave_agrees"
emo skink,NN1,RSSB,𐑰𐑥𐑴 𐑕𐑒𐑦𐑙𐑒,ˌiːməʊ ˈskɪŋk,drop,,,,,wiktionary,new,97,shave_agrees
enhanced interrogation,NN1,GenAm,𐑦𐑯𐑣𐑨𐑯𐑕𐑑 𐑦𐑯𐑑𐑧𐑮𐑩𐑜𐑱𐑖𐑩𐑯,ɪnˈhænst ɪnˌterəˌɡeɪʃən,drop,,,,,wiktionary,new,95,"r_gap:spelling=2,ipa=1; shave_agrees"
enhanced interrogation,NN1,RSSB,𐑦𐑯𐑣𐑭𐑯𐑕𐑑 𐑦𐑯𐑑𐑧𐑮𐑩𐑜𐑱𐑖𐑩𐑯,ɪnˈhɑːnst ɪnterəɡeɪʃən,drop,,,,,wiktionary,new,95,"r_gap:spelling=2,ipa=1; shave_agrees"
evil twin,NN1,RSSB,𐑰𐑝𐑩𐑤 𐑑𐑢𐑦𐑯,ˈiːvəl twɪn,drop,,,,,wiktionary,new,97,shave_agrees
exclamation mark,NN1,GenAm,𐑧𐑒𐑕𐑒𐑤𐑩𐑥𐑱𐑖𐑩𐑯 𐑥𐑸𐑒,ˌekskləˈmeɪʃən ˌmɑːRk,drop,,,,,wiktionary,new,97,shave_agrees
exclamation mark,NN1,RSSB,𐑧𐑒𐑕𐑒𐑤𐑩𐑥𐑱𐑖𐑩𐑯 𐑥𐑸𐑒,ˌekskləˈmeɪʃən mɑːRk,drop,,,,,wiktionary,new,97,shave_agrees
fabric softener,NN1,GenAm,𐑓𐑨𐑚𐑮𐑦𐑒 𐑕𐑪𐑓𐑩𐑯𐑼,ˈfæbrɪk ˈsɒfənər,drop,,,,,wiktionary,new,97,shave_agrees
fabric softener,NN1,RSSB,𐑓𐑨𐑚𐑮𐑦𐑒 𐑕𐑪𐑓𐑩𐑯𐑼,ˈfæbrɪk sɒfənər,drop,,,,,wiktionary,new,97,shave_agrees
fair share,NN1,GenAm,𐑓𐑺 𐑖𐑺,feəR ʃeəR,drop,,,,,wiktionary,new,97,shave_agrees
fair share,NN1,RSSB,𐑓𐑺 𐑖𐑺,feəR ʃeəR,drop,,,,,wiktionary,new,97,shave_agrees
fairy tale,NN1,RSSB,𐑓𐑺𐑦 𐑑𐑱𐑤,feəri ˌteɪl,drop,,,,,wiktionary,new,97,shave_agrees
fall down,VVI,RSSB,𐑓𐑷𐑤 𐑛𐑬𐑯,fɔːl ˈdaʊn,drop,,,,,wiktionary,new,97,shave_agrees
false dichotomy,NN1,RSSB,𐑓𐑷𐑤𐑕 𐑛𐑲𐑒𐑪𐑑𐑩𐑥𐑦,ˌfɔːls daɪˈkɒtəmi,drop,,,,,wiktionary,new,97,shave_agrees
false friend,NN1,RSSB,𐑓𐑷𐑤𐑕 𐑓𐑮𐑧𐑯𐑛,ˌfɔːls ˈfrend,drop,,,,,wiktionary,new,97,shave_agrees
false negative,NN1,RSSB,𐑓𐑷𐑤𐑕 𐑯𐑧𐑜𐑩𐑑𐑦𐑝,ˈfɔːls ˈneɡətɪv,drop,,,,,wiktionary,new,97,shave_agrees
far right,NN1,GenAm,𐑓𐑸 𐑮𐑲𐑑,ˌfɑːR ˈraɪt,drop,,,,,wiktionary,new,97,shave_agrees
fasten down,VVI,GenAm,𐑓𐑨𐑕𐑩𐑯 𐑛𐑬𐑯,ˈfæsən daʊn,drop,,,,,wiktionary,new,97,shave_agrees
fat finger,NN1,GenAm,𐑓𐑨𐑑 𐑓𐑦𐑙𐑜𐑼,ˈfæt ˈfɪŋɡəR,drop,,,,,wiktionary,new,97,shave_agrees
fat finger,NN1,RSSB,𐑓𐑨𐑑 𐑓𐑦𐑙𐑜𐑼,ˈfæt fɪŋɡəR,drop,,,,,wiktionary,new,97,shave_agrees
fat finger,VVI,GenAm,𐑓𐑨𐑑 𐑓𐑦𐑙𐑜𐑼,ˈfæt ˈfɪŋɡəR,drop,,,,,wiktionary,new,97,shave_agrees
fat finger,VVI,RSSB,𐑓𐑨𐑑 𐑓𐑦𐑙𐑜𐑼,ˈfæt fɪŋɡəR,drop,,,,,wiktionary,new,97,shave_agrees
father tongue,NN1,RSSB,𐑓𐑭𐑞𐑼 𐑑𐑳𐑙,fɑːðəR ˌtʌŋ,drop,,,,,wiktionary,new,97,shave_agrees
fay gurry,NN1,GenAm,𐑓𐑱 𐑜𐑻𐑦,ˌfeɪ ˈɡɜːRi,drop,,,,,wiktionary,new,95,"r_gap:spelling=2,ipa=1; shave_agrees"
fay gurry,NN1,RSSB,𐑓𐑱 𐑜𐑻𐑦,ˌfeɪ ɡɜːri,drop,,,,,wiktionary,new,95,"r_gap:spelling=2,ipa=1; shave_agrees"
feather duster,NN1,GenAm,𐑓𐑧𐑞𐑼 𐑛𐑳𐑕𐑑𐑼,ˈfeðəR ˈdʌstəR,drop,,,,,wiktionary,new,97,shave_agrees
featherless biped,NN1,GenAm,𐑓𐑧𐑞𐑼𐑤𐑩𐑕 𐑚𐑲𐑐𐑧𐑛,ˌfeðərləs ˈbaɪˌped,drop,,,,,wiktionary,new,97,shave_agrees
featherless biped,NN1,RSSB,𐑓𐑧𐑞𐑼𐑤𐑩𐑕 𐑚𐑲𐑐𐑧𐑛,feðəRləs ˈbaɪped,drop,,,,,wiktionary,new,97,shave_agrees
femme fatale,NN1,RSSB,𐑓𐑧𐑥 𐑓𐑩𐑑𐑭𐑤,fem fəˈtɑːl,drop,,,,,wiktionary,new,97,shave_agrees
fever pitch,NN1,RSSB,𐑓𐑰𐑝𐑼 𐑐𐑦𐑗,fiːvəR pɪtʃ,drop,,,,,wiktionary,new,97,shave_agrees
fifth wheel,NN1,RSSB,𐑓𐑦𐑓𐑔 𐑢𐑰𐑤,ˌfɪfθ ˈʍiːl,drop,,,,,wiktionary,new,97,shave_agrees
fighting spirit,NN1,RSSB,𐑓𐑲𐑑𐑦𐑙 𐑕𐑐𐑦𐑮𐑦𐑑,ˌfaɪtɪŋ ˈspɪrɪt,drop,,,,,wiktionary,new,97,shave_agrees
filter bed,NN1,GenAm,𐑓𐑦𐑤𐑑𐑼 𐑚𐑧𐑛,ˈfɪltəR ˌbed,drop,,,,,wiktionary,new,97,shave_agrees
filter bed,NN1,RSSB,𐑓𐑦𐑤𐑑𐑼 𐑚𐑧𐑛,fɪltəR bed,drop,,,,,wiktionary,new,97,shave_agrees
final reckoning,NN1,GenAm,𐑓𐑲𐑯𐑩𐑤 𐑮𐑧𐑒𐑩𐑯𐑦𐑙,ˌfaɪnəl ˈrekənɪŋ,drop,,,,,wiktionary,new,97,shave_agrees
final reckoning,NN1,RSSB,𐑓𐑲𐑯𐑩𐑤 𐑮𐑧𐑒𐑩𐑯𐑦𐑙,ˌfaɪnəl rekənɪŋ,drop,,,,,wiktionary,new,97,shave_agrees
final whistle,NN1,GenAm,𐑓𐑲𐑯𐑩𐑤 𐑢𐑦𐑕𐑩𐑤,ˌfaɪnəl wɪsəl,drop,,,,,wiktionary,new,97,shave_agrees
final whistle,NN1,RSSB,𐑓𐑲𐑯𐑩𐑤 𐑢𐑦𐑕𐑩𐑤,ˌfaɪnəl wɪsəl,drop,,,,,wiktionary,new,97,shave_agrees
fingers crossed,AV0,GenAm,𐑓𐑦𐑙𐑜𐑼𐑟 𐑒𐑮𐑪𐑕𐑑,fɪŋɡəRz krɒst,drop,,,,,wiktionary,new,97,shave_agrees
fingers crossed,UNC,GenAm,𐑓𐑦𐑙𐑜𐑼𐑟 𐑒𐑮𐑪𐑕𐑑,fɪŋɡəRz krɒst,drop,,,,,wiktionary,new,97,shave_agrees
first time,NN1,GenAm,𐑓𐑻𐑕𐑑 𐑑𐑲𐑥,fɜːRst taɪm,drop,,,,,wiktionary,new,97,shave_agrees
first time,NN1,RSSB,𐑓𐑻𐑕𐑑 𐑑𐑲𐑥,fɜːRst taɪm,drop,,,,,wiktionary,new,97,shave_agrees
first time,VVI,GenAm,𐑓𐑻𐑕𐑑 𐑑𐑲𐑥,fɜːRst taɪm,drop,,,,,wiktionary,new,97,shave_agrees
first time,VVI,RSSB,𐑓𐑻𐑕𐑑 𐑑𐑲𐑥,fɜːRst taɪm,drop,,,,,wiktionary,new,97,shave_agrees
fishbone diagram,NN1,GenAm,𐑓𐑦𐑖𐑚𐑴𐑯 𐑛𐑲𐑩𐑜𐑮𐑨𐑥,ˈfɪʃboʊn ˈdaɪəɡræm,drop,,,,,wiktionary,new,97,shave_agrees
fishbone diagram,NN1,RSSB,𐑓𐑦𐑖𐑚𐑴𐑯 𐑛𐑲𐑩𐑜𐑮𐑨𐑥,ˈfɪʃbəʊn daɪəɡræm,drop,,,,,wiktionary,new,97,shave_agrees
flash lock,NN1,RSSB,𐑓𐑤𐑨𐑖 𐑤𐑪𐑒,flaʃ lɒk,drop,,,,,wiktionary,new,97,shave_agrees
flash locks,NN1,RSSB,𐑓𐑤𐑨𐑖 𐑤𐑪𐑒𐑕,flaʃ lɒks,drop,,,,,wiktionary,new,97,shave_agrees
flat lock,NN1,RSSB,𐑓𐑤𐑨𐑑 𐑤𐑪𐑒,flat lɒk,drop,,,,,wiktionary,new,97,shave_agrees
flat locks,NN1,RSSB,𐑓𐑤𐑨𐑑 𐑤𐑪𐑒𐑕,flat lɒks,drop,,,,,wiktionary,new,97,shave_agrees
flat scissors,NN1,GenAm,𐑓𐑤𐑨𐑑 𐑕𐑦𐑟𐑼𐑟,flæt ˈsɪzəRz,drop,,,,,wiktionary,new,97,shave_agrees
flatbed editor,NN1,GenAm,𐑓𐑤𐑨𐑑𐑚𐑧𐑛 𐑧𐑛𐑦𐑑𐑼,ˈflætˌbed ˈedɪtər,drop,,,,,wiktionary,new,97,shave_agrees
flatbed editor,NN1,RSSB,𐑓𐑤𐑨𐑑𐑚𐑧𐑛 𐑧𐑛𐑦𐑑𐑼,ˈflatˌbed edɪtəR,drop,,,,,wiktionary,new,97,shave_agrees
flower cluster,NN1,GenAm,𐑓𐑤𐑬𐑼 𐑒𐑤𐑳𐑕𐑑𐑼,ˈflaʊəR ˌklʌstəR,drop,,,,,wiktionary,new,97,shave_agrees
flower cluster,NN1,RSSB,𐑓𐑤𐑬𐑼 𐑒𐑤𐑳𐑕𐑑𐑼,flaʊəR klʌstəR,drop,,,,,wiktionary,new,97,shave_agrees
fly ash,NN1,GenAm,𐑓𐑤𐑲 𐑨𐑖,ˈflaɪ ˌæʃ,drop,,,,,wiktionary,new,97,shave_agrees
fly ash,NN1,RSSB,𐑓𐑤𐑲 𐑨𐑖,ˈflaɪ æʃ,drop,,,,,wiktionary,new,97,shave_agrees
focal point,NN1,GenAm,𐑓𐑴𐑒𐑩𐑤 𐑐𐑶𐑯𐑑,ˈfoʊkəl ˌpɔɪnt,drop,,,,,wiktionary,new,97,shave_agrees
foie gras,NN1,RSSB,𐑓𐑢𐑭 𐑜𐑮𐑭,ˌfwɑː ɡrɑː,drop,,,,,wiktionary,new,97,shave_agrees
folding stuff,NN1,GenAm,𐑓𐑴𐑤𐑛𐑦𐑙 𐑕𐑑𐑳𐑓,ˈfoʊldɪŋ ˌstʌf,drop,,,,,wiktionary,new,97,shave_agrees
folding stuff,NN1,RSSB,𐑓𐑴𐑤𐑛𐑦𐑙 𐑕𐑑𐑳𐑓,ˈfəʊldɪŋ ˌstʌf,drop,,,,,wiktionary,new,97,shave_agrees
food desert,NN1,RSSB,𐑓𐑵𐑛 𐑛𐑧𐑟𐑼𐑑,fuːd dezərt,drop,,,,,wiktionary,new,97,shave_agrees
food web,NN1,RSSB,𐑓𐑵𐑛 𐑢𐑧𐑚,ˈfuːd web,drop,,,,,wiktionary,new,97,shave_agrees
foot soldier,NN1,GenAm,𐑓𐑫𐑑 𐑕𐑴𐑤𐑡𐑼,fʊt ˈsoʊldʒər,drop,,,,,wiktionary,new,97,shave_agrees
foot soldier,NN1,RSSB,𐑓𐑫𐑑 𐑕𐑴𐑤𐑡𐑼,fʊt səʊldʒəR,drop,,,,,wiktionary,new,97,shave_agrees
football match,NN1,RSSB,𐑓𐑫𐑑𐑚𐑷𐑤 𐑥𐑨𐑗,ˈfʊtbɔːl mætʃ,drop,,,,,wiktionary,new,97,shave_agrees
forbidden fruit,NN1,RSSB,𐑓𐑼𐑚𐑦𐑛𐑩𐑯 𐑓𐑮𐑵𐑑,fəRbɪdən fruːt,drop,,,,,wiktionary,new,97,shave_agrees
fork hoe,NN1,GenAm,𐑓𐑹𐑒 𐑣𐑴,ˈfɔːRk ˌhoʊ,drop,,,,,wiktionary,new,97,shave_agrees
fork hoe,NN1,RSSB,𐑓𐑹𐑒 𐑣𐑴,fɔːRk ˌhəʊ,drop,,,,,wiktionary,new,97,shave_agrees
forlorn hope,NN1,RSSB,𐑓𐑼𐑤𐑹𐑯 𐑣𐑴𐑐,fəRlɔːRn ˈhəʊp,drop,,,,,wiktionary,new,97,shave_agrees
fortune stick,NN1,RSSB,𐑓𐑹𐑗𐑵𐑯 𐑕𐑑𐑦𐑒,fɔːRtʃuːn ˈstɪk,drop,,,,,wiktionary,new,97,shave_agrees
fortune teller,NN1,RSSB,𐑓𐑹𐑗𐑵𐑯 𐑑𐑧𐑤𐑼,fɔːRtʃuːn teləR,drop,,,,,wiktionary,new,97,shave_agrees
foul up,VVI,RSSB,𐑓𐑬𐑤 𐑳𐑐,faʊl ˈʌp,drop,,,,,wiktionary,new,97,shave_agrees
founding mother,NN1,GenAm,𐑓𐑬𐑯𐑛𐑦𐑙 𐑥𐑳𐑞𐑼,ˌfaʊndɪŋ ˈmʌðəR,drop,,,,,wiktionary,new,97,shave_agrees
founding mother,NN1,RSSB,𐑓𐑬𐑯𐑛𐑦𐑙 𐑥𐑳𐑞𐑼,ˌfaʊndɪŋ mʌðəR,drop,,,,,wiktionary,new,97,shave_agrees
four hundred,CRD,GenAm,𐑓𐑹 𐑣𐑳𐑯𐑛𐑮𐑩𐑛,ˈfɔːr ˈhʌndrƏd,drop,,,,,wiktionary,new,97,shave_agrees
four hundred,CRD,RSSB,𐑓𐑹 𐑣𐑳𐑯𐑛𐑮𐑩𐑛,fɔːR hʌndrəd,drop,,,,,wiktionary,new,97,shave_agrees
four hundred,CRD,RSSB,𐑓𐑹 𐑣𐑳𐑯𐑛𐑮𐑩𐑛,fɔːR ˈhʌndrƏd,drop,,,,,wiktionary,new,95,ml_disagrees:𐑓𐑹 𐑣𐑳𐑯𐑛𐑮𐑦𐑛; shave_agrees
fragrant meat,NN1,GenAm,𐑓𐑮𐑱𐑜𐑮𐑩𐑯𐑑 𐑥𐑰𐑑,ˈfreɪɡrənt ˈmiːt,drop,,,,,wiktionary,new,97,shave_agrees
fragrant meat,NN1,RSSB,𐑓𐑮𐑱𐑜𐑮𐑩𐑯𐑑 𐑥𐑰𐑑,freɪɡrənt ˈmiːt,drop,,,,,wiktionary,new,97,shave_agrees
free city,NN1,RSSB,𐑓𐑮𐑰 𐑕𐑦𐑑𐑦,friː ˈsɪti,drop,,,,,wiktionary,new,97,shave_agrees
free rein,NN1,RSSB,𐑓𐑮𐑰 𐑮𐑱𐑯,ˌfriː ˈreɪn,drop,,,,,wiktionary,new,97,shave_agrees
freedom ride,NN1,RSSB,𐑓𐑮𐑰𐑛𐑩𐑥 𐑮𐑲𐑛,friːdəm ˌraɪd,drop,,,,,wiktionary,new,97,shave_agrees
freedom rider,NN1,RSSB,𐑓𐑮𐑰𐑛𐑩𐑥 𐑮𐑲𐑛𐑼,friːdəm raɪdəR,drop,,,,,wiktionary,new,97,shave_agrees
fresh start,NN1,GenAm,𐑓𐑮𐑧𐑖 𐑕𐑑𐑸𐑑,freʃ ˈstɑːRt,drop,,,,,wiktionary,new,97,shave_agrees
fresh start,NN1,RSSB,𐑓𐑮𐑧𐑖 𐑕𐑑𐑸𐑑,freʃ stɑːRt,drop,,,,,wiktionary,new,97,shave_agrees
friend zone,NN1,GenAm,𐑓𐑮𐑧𐑯𐑛 𐑟𐑴𐑯,ˈfrend zoʊn,drop,,,,,wiktionary,new,97,shave_agrees
friend zone,NN1,RSSB,𐑓𐑮𐑧𐑯𐑛 𐑟𐑴𐑯,ˈfrend zəʊn,drop,,,,,wiktionary,new,97,shave_agrees
friend zone,VVI,GenAm,𐑓𐑮𐑧𐑯𐑛 𐑟𐑴𐑯,ˈfrend zoʊn,drop,,,,,wiktionary,new,97,shave_agrees
friend zone,VVI,RSSB,𐑓𐑮𐑧𐑯𐑛 𐑟𐑴𐑯,ˈfrend zəʊn,drop,,,,,wiktionary,new,97,shave_agrees
friendly fire,NN1,GenAm,𐑓𐑮𐑧𐑯𐑛𐑤𐑦 𐑓𐑲𐑼,ˌfrendli ˈfaɪəR,drop,,,,,wiktionary,new,97,shave_agrees
friendly fire,NN1,RSSB,𐑓𐑮𐑧𐑯𐑛𐑤𐑦 𐑓𐑲𐑼,ˌfrendli faɪəR,drop,,,,,wiktionary,new,97,shave_agrees
fuel cell,NN1,RSSB,𐑓𐑿𐑩𐑤 𐑕𐑧𐑤,ˈfjuːəl sel,drop,,,,,wiktionary,new,97,shave_agrees
full circle,AV0,RSSB,𐑓𐑫𐑤 𐑕𐑻𐑒𐑩𐑤,ˌfʊl sɜːRkəl,drop,,,,,wiktionary,new,97,shave_agrees
full circle,NN1,RSSB,𐑓𐑫𐑤 𐑕𐑻𐑒𐑩𐑤,ˌfʊl sɜːRkəl,drop,,,,,wiktionary,new,97,shave_agrees
full stop,ITJ,RSSB,𐑓𐑫𐑤 𐑕𐑑𐑪𐑐,ˌfʊl ˈstɒp,drop,,,,,wiktionary,new,97,shave_agrees
full stop,NN1,RSSB,𐑓𐑫𐑤 𐑕𐑑𐑪𐑐,ˌfʊl ˈstɒp,drop,,,,,wiktionary,new,97,shave_agrees
full stop,VVI,RSSB,𐑓𐑫𐑤 𐑕𐑑𐑪𐑐,ˌfʊl ˈstɒp,drop,,,,,wiktionary,new,97,shave_agrees
full stops,NN1,RSSB,𐑓𐑫𐑤 𐑕𐑑𐑪𐑐𐑕,ˈfʊl ˈstɒps,drop,,,,,wiktionary,new,97,shave_agrees
full stops,VVI,RSSB,𐑓𐑫𐑤 𐑕𐑑𐑪𐑐𐑕,ˈfʊl ˈstɒps,drop,,,,,wiktionary,new,97,shave_agrees
funny bone,NN1,GenAm,𐑓𐑳𐑯𐑦 𐑚𐑴𐑯,ˈfʌni boʊn,drop,,,,,wiktionary,new,97,shave_agrees
funny bone,NN1,RSSB,𐑓𐑳𐑯𐑦 𐑚𐑴𐑯,ˈfʌni bəʊn,drop,,,,,wiktionary,new,97,shave_agrees
future tense,NN1,GenAm,𐑓𐑿𐑗𐑼 𐑑𐑧𐑯𐑕,fjuːtʃəR tens,drop,,,,,wiktionary,new,97,shave_agrees
game over,NN1,GenAm,𐑜𐑱𐑥 𐑴𐑝𐑼,ˌɡeɪm ˈoʊvəR,drop,,,,,wiktionary,new,97,shave_agrees
game over,NN1,RSSB,𐑜𐑱𐑥 𐑴𐑝𐑼,ˌɡeɪm əʊvər,drop,,,,,wiktionary,new,97,shave_agrees
game over,UNC,GenAm,𐑜𐑱𐑥 𐑴𐑝𐑼,ˌɡeɪm ˈoʊvəR,drop,,,,,wiktionary,new,97,shave_agrees
game over,UNC,RSSB,𐑜𐑱𐑥 𐑴𐑝𐑼,ˌɡeɪm əʊvər,drop,,,,,wiktionary,new,97,shave_agrees
game over,VVI,GenAm,𐑜𐑱𐑥 𐑴𐑝𐑼,ˌɡeɪm ˈoʊvəR,drop,,,,,wiktionary,new,97,shave_agrees
game over,VVI,RSSB,𐑜𐑱𐑥 𐑴𐑝𐑼,ˌɡeɪm əʊvər,drop,,,,,wiktionary,new,97,shave_agrees
gamma radiation,NN1,GenAm,𐑜𐑨𐑥𐑩 𐑮𐑱𐑛𐑦𐑱𐑖𐑩𐑯,ˈɡæmːə reɪːdieɪːʃən,drop,,,,,wiktionary,new,97,shave_agrees
garden cress,NN1,RSSB,𐑜𐑸𐑛𐑩𐑯 𐑒𐑮𐑧𐑕,ɡɑːRdən kres,drop,,,,,wiktionary,new,97,shave_agrees
garden path sentence,NN1,GenAm,𐑜𐑸𐑛𐑩𐑯 𐑐𐑨𐑔 𐑕𐑧𐑯𐑑𐑩𐑯𐑕,ˈɡɑːrdən pæθ ˈsentəns,drop,,,,,wiktionary,new,97,shave_agrees
garden path sentence,NN1,RSSB,𐑜𐑸𐑛𐑩𐑯 𐑐𐑭𐑔 𐑕𐑧𐑯𐑑𐑩𐑯𐑕,ɡɑːRdən pɑːθ ˈsentəns,drop,,,,,wiktionary,new,97,shave_agrees
gas mask,NN1,RSSB,𐑜𐑨𐑕 𐑥𐑭𐑕𐑒,ɡæs mɑːsk,drop,,,,,wiktionary,new,97,shave_agrees
gas station,NN1,GenAm,𐑜𐑨𐑕 𐑕𐑑𐑱𐑖𐑩𐑯,ˈɡæs steɪːʃən,drop,,,,,wiktionary,new,97,shave_agrees
gay icon,NN1,GenAm,𐑜𐑱 𐑲𐑒𐑪𐑯,ɡeɪ ˈaɪkɒn,drop,,,,,wiktionary,new,97,shave_agrees
gay icon,NN1,RSSB,𐑜𐑱 𐑲𐑒𐑪𐑯,ɡeɪ ˈaɪkɒn,drop,,,,,wiktionary,new,97,shave_agrees
gender identity,NN1,RSSB,𐑡𐑧𐑯𐑛𐑼 𐑲𐑛𐑧𐑯𐑑𐑦𐑑𐑦,dʒendəR aɪˈdentɪti,drop,,,,,wiktionary,new,97,shave_agrees
general knowledge,NN1,GenAm,𐑡𐑧𐑯𐑼𐑩𐑤 𐑯𐑪𐑤𐑦𐑡,ˈdʒenərəl ˈnɒlɪdʒ,drop,,,,,wiktionary,new,97,shave_agrees
get a word in edgewise,VVI,GenAm,𐑜𐑧𐑑 𐑩 𐑢𐑻𐑛 𐑦𐑯 𐑧𐑡𐑢𐑲𐑟,ˌɡet ə ˈwɜːRd ɪn ˈedʒwaɪz,drop,,,,,wiktionary,new,97,shave_agrees
get a word in edgewise,VVI,RSSB,𐑜𐑧𐑑 𐑩 𐑢𐑻𐑛 𐑦𐑯 𐑧𐑡𐑢𐑲𐑟,ˌɡet ə wɜːRd ɪn ˈedʒwaɪz,drop,,,,,wiktionary,new,97,shave_agrees
get cold feet,VVI,RSSB,𐑜𐑧𐑑 𐑒𐑴𐑤𐑛 𐑓𐑰𐑑,ˌɡet ˈkəʊld fiːt,drop,,,,,wiktionary,new,97,shave_agrees
get medieval,VVI,RSSB,𐑜𐑧𐑑 𐑥𐑧𐑛𐑦𐑰𐑝𐑩𐑤,ˌɡet ˌmediˈiːvəl,drop,,,,,wiktionary,new,97,shave_agrees
get someone's goat,VVI,GenAm,𐑜𐑧𐑑 𐑕𐑳𐑥𐑢𐑳𐑯𐑟 𐑜𐑴𐑑,ˌɡet ˈsʌmwʌnz ˈɡoʊt,drop,,,,,wiktionary,new,97,shave_agrees
get someone's goat,VVI,RSSB,𐑜𐑧𐑑 𐑕𐑳𐑥𐑢𐑳𐑯𐑟 𐑜𐑴𐑑,ˌɡet ˈsʌmwʌnz ˈɡəʊt,drop,,,,,wiktionary,new,97,shave_agrees
ghillie suit,NN1,RSSB,𐑜𐑦𐑤𐑦 𐑕𐑵𐑑,ˈɡɪli ˈsuːt,drop,,,,,wiktionary,new,97,shave_agrees
ghost crab,NN1,GenAm,𐑜𐑴𐑕𐑑 𐑒𐑮𐑨𐑚,ˈɡoʊst kræb,drop,,,,,wiktionary,new,97,shave_agrees
ghost crab,NN1,RSSB,𐑜𐑴𐑕𐑑 𐑒𐑮𐑨𐑚,ˈɡəʊst kræb,drop,,,,,wiktionary,new,97,shave_agrees
ghost town,NN1,GenAm,𐑜𐑴𐑕𐑑 𐑑𐑬𐑯,ˈɡoʊst taʊn,drop,,,,,wiktionary,new,97,shave_agrees
ghost town,NN1,RSSB,𐑜𐑴𐑕𐑑 𐑑𐑬𐑯,ˈɡəʊst taʊn,drop,,,,,wiktionary,new,97,shave_agrees
give paw,ITJ,RSSB,𐑜𐑦𐑝 𐑐𐑷,ˌɡɪv ˈpɔː,drop,,,,,wiktionary,new,97,shave_agrees
give paw,VVI,RSSB,𐑜𐑦𐑝 𐑐𐑷,ˌɡɪv ˈpɔː,drop,,,,,wiktionary,new,97,shave_agrees
glass ceiling,NN1,RSSB,𐑜𐑤𐑭𐑕 𐑕𐑰𐑤𐑦𐑙,ɡlɑːs ˈsiːlɪŋ,drop,,,,,wiktionary,new,97,shave_agrees
glass harp,NN1,GenAm,𐑜𐑤𐑨𐑕 𐑣𐑸𐑐,ɡlæs hɑːRp,drop,,,,,wiktionary,new,97,shave_agrees
glass harp,NN1,RSSB,𐑜𐑤𐑭𐑕 𐑣𐑸𐑐,ɡlɑːs hɑːRp,drop,,,,,wiktionary,new,97,shave_agrees
glebe farm,NN1,RSSB,𐑜𐑤𐑰𐑚 𐑓𐑸𐑥,ˈɡliːb fɑːRm,drop,,,,,wiktionary,new,97,shave_agrees
glottal stop,NN1,GenAm,𐑜𐑤𐑪𐑑𐑩𐑤 𐑕𐑑𐑪𐑐,ɡlɒtəl stɒp,drop,,,,,wiktionary,new,97,shave_agrees
glottal stop,NN1,RSSB,𐑜𐑤𐑪𐑑𐑩𐑤 𐑕𐑑𐑪𐑐,ɡlɒtəl stɒp,drop,,,,,wiktionary,new,97,shave_agrees
glow stick,NN1,GenAm,𐑜𐑤𐑴 𐑕𐑑𐑦𐑒,ˈɡloʊ ˌstɪk,drop,,,,,wiktionary,new,97,shave_agrees
go ahead,VVI,GenAm,𐑜𐑴 𐑩𐑣𐑧𐑛,ˌɡoʊ əˈhed,drop,,,,,wiktionary,new,97,shave_agrees
go ahead,VVI,RSSB,𐑜𐑴 𐑩𐑣𐑧𐑛,ˌɡəʊ əˈhed,drop,,,,,wiktionary,new,97,shave_agrees
go at it,VVI,GenAm,𐑜𐑴 𐑨𐑑 𐑦𐑑,ˌɡoʊ ˈæt ɪt,drop,,,,,wiktionary,new,97,shave_agrees
go it alone,VVI,GenAm,𐑜𐑴 𐑦𐑑 𐑩𐑤𐑴𐑯,ˈɡoʊ ɪt əˈloʊn,drop,,,,,wiktionary,new,97,shave_agrees
go it alone,VVI,RSSB,𐑜𐑴 𐑦𐑑 𐑩𐑤𐑴𐑯,ˈɡəʊ ɪt əˈləʊn,drop,,,,,wiktionary,new,97,shave_agrees
go postal,VVI,GenAm,𐑜𐑴 𐑐𐑴𐑕𐑑𐑩𐑤,ˌɡoʊ ˈpoʊstəl,drop,,,,,wiktionary,new,97,shave_agrees
go postal,VVI,RSSB,𐑜𐑴 𐑐𐑴𐑕𐑑𐑩𐑤,ˌɡəʊ ˈpəʊstəl,drop,,,,,wiktionary,new,97,shave_agrees
god tier,NN1,GenAm,𐑜𐑪𐑛 𐑑𐑽,ˈɡɒd ˈtɪəR,drop,,,,,wiktionary,new,97,shave_agrees
god tier,NN1,RSSB,𐑜𐑪𐑛 𐑑𐑽,ˈɡɒd tɪəR,drop,,,,,wiktionary,new,97,shave_agrees
going at it,VVI,GenAm,𐑜𐑴𐑦𐑙 𐑨𐑑 𐑦𐑑,ˌɡoʊɪŋ ˈæt ɪt,drop,,,,,wiktionary,new,97,shave_agrees
goji berry,NN1,RSSB,𐑜𐑴𐑡𐑦 𐑚𐑧𐑮𐑦,ˈɡəʊdʒi ˌberi,drop,,,,,wiktionary,new,95,"r_gap:spelling=2,ipa=1; shave_agrees"
gold ochre,NN1,GenAm,𐑜𐑴𐑤𐑛 𐑴𐑒𐑼,ɡoʊld ˈoʊkəR,drop,,,,,wiktionary,new,97,shave_agrees
gold ochre,NN1,RSSB,𐑜𐑴𐑤𐑛 𐑴𐑒𐑼,ɡəʊld əʊkər,drop,,,,,wiktionary,new,97,shave_agrees
gold star wife,NN1,GenAm,𐑜𐑴𐑤𐑛 𐑕𐑑𐑸 𐑢𐑲𐑓,ˌɡoʊld stɑːR ˈwaɪf,drop,,,,,wiktionary,new,97,shave_agrees
gold star wife,NN1,RSSB,𐑜𐑴𐑤𐑛 𐑕𐑑𐑸 𐑢𐑲𐑓,ˌɡəʊld stɑːR ˈwaɪf,drop,,,,,wiktionary,new,97,shave_agrees
golden age,NN1,GenAm,𐑜𐑴𐑤𐑛𐑩𐑯 𐑱𐑡,ˈɡoʊldən eɪdʒ,drop,,,,,wiktionary,new,97,shave_agrees
golden age,NN1,RSSB,𐑜𐑴𐑤𐑛𐑩𐑯 𐑱𐑡,ˈɡəʊldən eɪdʒ,drop,,,,,wiktionary,new,97,shave_agrees
golden hour,NN1,GenAm,𐑜𐑴𐑤𐑛𐑩𐑯 𐑬𐑼,ˈɡoʊldən ˌaʊəR,drop,,,,,wiktionary,new,97,shave_agrees
golden hour,NN1,RSSB,𐑜𐑴𐑤𐑛𐑩𐑯 𐑬𐑼,ˈɡəʊldən aʊəR,drop,,,,,wiktionary,new,97,shave_agrees
golden mean,NN1,GenAm,𐑜𐑴𐑤𐑛𐑩𐑯 𐑥𐑰𐑯,ˈɡoʊldən ˈmiːn,drop,,,,,wiktionary,new,97,shave_agrees
golden mean,NN1,RSSB,𐑜𐑴𐑤𐑛𐑩𐑯 𐑥𐑰𐑯,ˈɡəʊldən ˈmiːn,drop,,,,,wiktionary,new,97,shave_agrees
golden touch,NN1,GenAm,𐑜𐑴𐑤𐑛𐑩𐑯 𐑑𐑳𐑗,ˌɡoʊldən ˈtʌtʃ,drop,,,,,wiktionary,new,97,shave_agrees
golden touch,NN1,RSSB,𐑜𐑴𐑤𐑛𐑩𐑯 𐑑𐑳𐑗,ˌɡəʊldən ˈtʌtʃ,drop,,,,,wiktionary,new,97,shave_agrees
good girl,ITJ,GenAm,𐑜𐑫𐑛 𐑜𐑻𐑤,ˈɡʊd ˌɡɜːRl,drop,,,,,wiktionary,new,97,shave_agrees
good girl,ITJ,RSSB,𐑜𐑫𐑛 𐑜𐑻𐑤,ˈɡʊd ɡɜːRl,drop,,,,,wiktionary,new,97,shave_agrees
good girl,NN1,GenAm,𐑜𐑫𐑛 𐑜𐑻𐑤,ˈɡʊd ˌɡɜːRl,drop,,,,,wiktionary,new,97,shave_agrees
good girl,NN1,RSSB,𐑜𐑫𐑛 𐑜𐑻𐑤,ˈɡʊd ɡɜːRl,drop,,,,,wiktionary,new,97,shave_agrees
good morning,ITJ,GenAm,𐑜𐑫𐑛 𐑥𐑹𐑯𐑦𐑙,ˌɡʊd ˈmɔːRnɪŋ,drop,,,,,wiktionary,new,97,shave_agrees
good morning,ITJ,RSSB,𐑜𐑫𐑛 𐑥𐑹𐑯𐑦𐑙,ˌɡʊd mɔːRnɪŋ,drop,,,,,wiktionary,new,97,shave_agrees
good morning,NN1,GenAm,𐑜𐑫𐑛 𐑥𐑹𐑯𐑦𐑙,ˌɡʊd ˈmɔːRnɪŋ,drop,,,,,wiktionary,new,97,shave_agrees
good morning,NN1,RSSB,𐑜𐑫𐑛 𐑥𐑹𐑯𐑦𐑙,ˌɡʊd mɔːRnɪŋ,drop,,,,,wiktionary,new,97,shave_agrees
good morning,VVI,GenAm,𐑜𐑫𐑛 𐑥𐑹𐑯𐑦𐑙,ˌɡʊd ˈmɔːRnɪŋ,drop,,,,,wiktionary,new,97,shave_agrees
good morning,VVI,RSSB,𐑜𐑫𐑛 𐑥𐑹𐑯𐑦𐑙,ˌɡʊd mɔːRnɪŋ,drop,,,,,wiktionary,new,97,shave_agrees
good morrow,ITJ,RSSB,𐑜𐑫𐑛 𐑥𐑪𐑮𐑴,ɡʊd ˈmɒrəʊ,drop,,,,,wiktionary,new,95,"r_gap:spelling=2,ipa=1; shave_agrees"
good morrow,NN1,RSSB,𐑜𐑫𐑛 𐑥𐑪𐑮𐑴,ɡʊd ˈmɒrəʊ,drop,,,,,wiktionary,new,95,"r_gap:spelling=2,ipa=1; shave_agrees"
good news,NN1,GenAm,𐑜𐑫𐑛 𐑯𐑵𐑟,ɡʊd nuːz,drop,,,,,wiktionary,new,97,shave_agrees
good sense,NN1,GenAm,𐑜𐑫𐑛 𐑕𐑧𐑯𐑕,ˌɡʊd ˈsens,drop,,,,,wiktionary,new,97,shave_agrees
goof off,VVI,RSSB,𐑜𐑵𐑓 𐑪𐑓,ˌɡuːf ˈɒf,drop,,,,,wiktionary,new,97,shave_agrees
gossip mirror,NN1,RSSB,𐑜𐑪𐑕𐑦𐑐 𐑥𐑦𐑮𐑼,ˈɡɒsɪp mɪrəR,drop,,,,,wiktionary,new,95,"r_gap:spelling=3,ipa=2; shave_agrees"
grace note,NN1,GenAm,𐑜𐑮𐑱𐑕 𐑯𐑴𐑑,ˈɡreɪs ˌnoʊt,drop,,,,,wiktionary,new,97,shave_agrees
grace note,NN1,RSSB,𐑜𐑮𐑱𐑕 𐑯𐑴𐑑,ˈɡreɪs nəʊt,drop,,,,,wiktionary,new,97,shave_agrees
grapefruit spoon,NN1,RSSB,𐑜𐑮𐑱𐑐𐑓𐑮𐑵𐑑 𐑕𐑐𐑵𐑯,ˈɡreɪpfruːt ˌspuːn,drop,,,,,wiktionary,new,97,shave_agrees
graph theory,NN1,GenAm,𐑜𐑮𐑨𐑓 𐑔𐑽𐑦,ˈɡræf θiəri,drop,,,,,wiktionary,new,97,shave_agrees
grass widow,NN1,RSSB,𐑜𐑮𐑭𐑕 𐑢𐑦𐑛𐑴,ɡrɑːs ˌwɪdəʊ,drop,,,,,wiktionary,new,97,shave_agrees
grassroots leader,NN1,RSSB,𐑜𐑮𐑭𐑕𐑮𐑵𐑑𐑕 𐑤𐑰𐑛𐑼,ɡrɑːsruːts liːdəR,drop,,,,,wiktionary,new,97,shave_agrees
great albatross,NN1,RSSB,𐑜𐑮𐑱𐑑 𐑨𐑤𐑚𐑩𐑑𐑮𐑪𐑕,ɡreɪt ælbətrɒs,drop,,,,,wiktionary,new,97,shave_agrees
great unwashed,NN1,RSSB,𐑜𐑮𐑱𐑑 𐑳𐑯𐑢𐑪𐑖𐑑,ˌɡreɪt ʌnˈwɒʃt,drop,,,,,wiktionary,new,97,shave_agrees
greatest common divisor,NN1,RSSB,𐑜𐑮𐑱𐑑𐑩𐑕𐑑 𐑒𐑪𐑥𐑩𐑯 𐑛𐑦𐑝𐑲𐑟𐑼,ˈɡreɪtɪst ˈkɒmən dɪvaɪzəR,drop,,,,,wiktionary,new,97,shave_agrees
green belt,NN1,RSSB,𐑜𐑮𐑰𐑯 𐑚𐑧𐑤𐑑,ˈɡriːn belt,drop,,,,,wiktionary,new,97,shave_agrees
green corn,NN1,RSSB,𐑜𐑮𐑰𐑯 𐑒𐑹𐑯,ˈɡriːn kɔːrn,drop,,,,,wiktionary,new,97,shave_agrees
green fingers,NN1,RSSB,𐑜𐑮𐑰𐑯 𐑓𐑦𐑙𐑜𐑼𐑟,ɡriːn fɪŋɡəRz,drop,,,,,wiktionary,new,97,shave_agrees
green sickness,NN1,RSSB,𐑜𐑮𐑰𐑯 𐑕𐑦𐑒𐑯𐑩𐑕,ˈɡriːn ˌsɪknəs,drop,,,,,wiktionary,new,97,shave_agrees
green with envy,UNC,RSSB,𐑜𐑮𐑰𐑯 𐑢𐑦𐑞 𐑧𐑯𐑝𐑦,ɡriːn wɪð ˈenvi,drop,,,,,wiktionary,new,97,shave_agrees
greenhouse gas,NN1,RSSB,𐑜𐑮𐑰𐑯𐑣𐑬𐑕 𐑜𐑨𐑕,ˌɡriːnhaʊs ˈɡæs,drop,,,,,wiktionary,new,97,shave_agrees
ground zero,NN1,GenAm,𐑜𐑮𐑬𐑯𐑛 𐑟𐑽𐑴,ˌɡraʊnd ˈzɪəRˌoʊ,drop,,,,,wiktionary,new,97,shave_agrees
ground zero,NN1,RSSB,𐑜𐑮𐑬𐑯𐑛 𐑟𐑽𐑴,ˌɡraʊnd zɪərəʊ,drop,,,,,wiktionary,new,97,shave_agrees
habitual abortion,NN1,GenAm,𐑣𐑩𐑚𐑦𐑗𐑫𐑩𐑤 𐑩𐑚𐑹𐑖𐑩𐑯,həˈbɪtʃuəl əˈbɔːRʃən,drop,,,,,wiktionary,new,97,shave_agrees
half past,NN1,GenAm,𐑣𐑨𐑓 𐑐𐑨𐑕𐑑,ˈhæf ˌpæst,drop,,,,,wiktionary,new,97,shave_agrees
half past,NN1,RSSB,𐑣𐑭𐑓 𐑐𐑭𐑕𐑑,ˈhɑːf ˌpɑːst,drop,,,,,wiktionary,new,97,shave_agrees
half sister,NN1,GenAm,𐑣𐑨𐑓 𐑕𐑦𐑕𐑑𐑼,ˈhæf sɪstəR,drop,,,,,wiktionary,new,97,shave_agrees
halogen oven,NN1,GenAm,𐑣𐑨𐑤𐑩𐑡𐑩𐑯 𐑳𐑝𐑩𐑯,ˈhælədʒən ˈʌvən,drop,,,,,wiktionary,new,97,shave_agrees
hammer pond,NN1,GenAm,𐑣𐑨𐑥𐑼 𐑐𐑪𐑯𐑛,ˈhæməR pɒnd,drop,,,,,wiktionary,new,97,shave_agrees
hand boiler,NN1,GenAm,𐑣𐑨𐑯𐑛 𐑚𐑶𐑤𐑼,ˈhænd ˈbɔɪləR,drop,,,,,wiktionary,new,97,shave_agrees
hand boiler,NN1,RSSB,𐑣𐑨𐑯𐑛 𐑚𐑶𐑤𐑼,ˈhænd bɔɪləR,drop,,,,,wiktionary,new,97,shave_agrees
hand sanitizer,NN1,GenAm,𐑣𐑨𐑯𐑛 𐑕𐑨𐑯𐑦𐑑𐑲𐑟𐑼,ˈhænd ˌsænɪtaɪzəR,drop,,,,,wiktionary,new,97,shave_agrees
handkerchief tree,NN1,RSSB,𐑣𐑨𐑙𐑒𐑼𐑗𐑦𐑓 𐑑𐑮𐑰,hæŋkəRtʃɪf ˈtriː,drop,,,,,wiktionary,new,97,shave_agrees
hang glider,NN1,RSSB,𐑣𐑨𐑙 𐑜𐑤𐑲𐑛𐑼,hæŋ ɡlaɪdər,drop,,,,,wiktionary,new,97,shave_agrees
hang low,VVI,RSSB,𐑣𐑨𐑙 𐑤𐑴,hæŋ ˈləʊ,drop,,,,,wiktionary,new,97,shave_agrees
happy birthday,ITJ,GenAm,𐑣𐑨𐑐𐑦 𐑚𐑻𐑔𐑛𐑱,ˈhæpi ˈbɜːRθˌdeɪ,drop,,,,,wiktionary,new,97,shave_agrees
happy birthday,ITJ,RSSB,𐑣𐑨𐑐𐑦 𐑚𐑻𐑔𐑛𐑱,ˈhæpi bɜːRθdeɪ,drop,,,,,wiktionary,new,97,shave_agrees
happy birthday,VVI,GenAm,𐑣𐑨𐑐𐑦 𐑚𐑻𐑔𐑛𐑱,ˈhæpi ˈbɜːRθˌdeɪ,drop,,,,,wiktionary,new,97,shave_agrees
happy birthday,VVI,RSSB,𐑣𐑨𐑐𐑦 𐑚𐑻𐑔𐑛𐑱,ˈhæpi bɜːRθdeɪ,drop,,,,,wiktionary,new,97,shave_agrees
hark back,VVI,GenAm,𐑣𐑸𐑒 𐑚𐑨𐑒,ˌhɑːRk ˈbæk,drop,,,,,wiktionary,new,97,shave_agrees
hark back,VVI,RSSB,𐑣𐑸𐑒 𐑚𐑨𐑒,hɑːRk ˈbæk,drop,,,,,wiktionary,new,97,shave_agrees
hash brownie,NN1,GenAm,𐑣𐑨𐑖 𐑚𐑮𐑬𐑯𐑦,ˌhæʃ ˈbraʊni,drop,,,,,wiktionary,new,97,shave_agrees
haute cuisine,NN1,RSSB,𐑴𐑑 𐑒𐑢𐑦𐑟𐑰𐑯,əʊt kwɪˈziːn,drop,,,,,wiktionary,new,97,shave_agrees
have a blessed one,UNC,GenAm,𐑣𐑨𐑝 𐑩 𐑚𐑤𐑧𐑕𐑑 𐑢𐑳𐑯,hæv ə blest wʌn,drop,,,,,wiktionary,new,97,shave_agrees
hawk tuah,ITJ,RSSB,𐑣𐑷𐑒 𐑑𐑵𐑩,hɔːk ˈtuːə,drop,,,,,wiktionary,new,97,shave_agrees
hawk tuah,VVI,RSSB,𐑣𐑷𐑒 𐑑𐑵𐑩,hɔːk ˈtuːə,drop,,,,,wiktionary,new,97,shave_agrees
hawthorn berry,NN1,RSSB,𐑣𐑷𐑔𐑹𐑯 𐑚𐑧𐑮𐑦,hɔːθɔːRn ˌberi,drop,,,,,wiktionary,new,95,"r_gap:spelling=3,ipa=2; shave_agrees"
he who laughs last laughs best,UNC,RSSB,𐑣𐑰 𐑣𐑵 𐑤𐑭𐑓𐑕 𐑤𐑭𐑕𐑑 𐑤𐑭𐑓𐑕 𐑚𐑧𐑕𐑑,ˈhiː huː ˈlɑːfs ˈlɑːst ˈlɑːfs ˈbest,drop,,,,,wiktionary,new,97,shave_agrees
head over heels,AJ0,RSSB,𐑣𐑧𐑛 𐑴𐑝𐑼 𐑣𐑰𐑤𐑟,ˌhed əʊvəR ˈhiːlz,drop,,,,,wiktionary,new,97,shave_agrees
head over heels,AV0,RSSB,𐑣𐑧𐑛 𐑴𐑝𐑼 𐑣𐑰𐑤𐑟,ˌhed əʊvəR ˈhiːlz,drop,,,,,wiktionary,new,97,shave_agrees
hearken back,VVI,GenAm,𐑣𐑸𐑒𐑩𐑯 𐑚𐑨𐑒,ˌhɑːRkən ˈbæk,drop,,,,,wiktionary,new,97,shave_agrees
hearken back,VVI,RSSB,𐑣𐑸𐑒𐑩𐑯 𐑚𐑨𐑒,hɑːRkən ˈbæk,drop,,,,,wiktionary,new,97,shave_agrees
heaven forfend,ITJ,GenAm,𐑣𐑧𐑝𐑩𐑯 𐑓𐑹𐑓𐑧𐑯𐑛,ˌhevən fɔːRˈfend,drop,,,,,wiktionary,new,97,shave_agrees
heaven forfend,ITJ,RSSB,𐑣𐑧𐑝𐑩𐑯 𐑓𐑹𐑓𐑧𐑯𐑛,ˌhevən fɔːRfend,drop,,,,,wiktionary,new,97,shave_agrees
heavy metal,NN1,GenAm,𐑣𐑧𐑝𐑦 𐑥𐑧𐑑𐑩𐑤,ˈhevi ˌmetəl,drop,,,,,wiktionary,new,97,shave_agrees
hedge sermon,NN1,GenAm,𐑣𐑧𐑡 𐑕𐑻𐑥𐑩𐑯,ˈhedʒ ˌsɜːRmən,drop,,,,,wiktionary,new,97,shave_agrees
hell gate,NN1,RSSB,𐑣𐑧𐑤 𐑜𐑱𐑑,ˈhel ɡeɪt,drop,,,,,wiktionary,new,97,shave_agrees
hello girl,NN1,GenAm,𐑣𐑧𐑤𐑴 𐑜𐑻𐑤,heˈloʊ ˌɡɜːRl,drop,,,,,wiktionary,new,97,shave_agrees
hello there,ITJ,GenAm,𐑣𐑧𐑤𐑴 𐑞𐑺,heˈloʊ ðeəR,drop,,,,,wiktionary,new,97,shave_agrees
help vampire,NN1,GenAm,𐑣𐑧𐑤𐑐 𐑝𐑨𐑥𐑐𐑲𐑼,ˌhelp ˈvæmpaɪəR,drop,,,,,wiktionary,new,97,shave_agrees
help vampire,NN1,RSSB,𐑣𐑧𐑤𐑐 𐑝𐑨𐑥𐑐𐑲𐑼,ˌhelp væmpaɪəR,drop,,,,,wiktionary,new,97,shave_agrees
hen party,NN1,GenAm,𐑣𐑧𐑯 𐑐𐑸𐑑𐑦,ˈhen ˈpɑːRti,drop,,,,,wiktionary,new,97,shave_agrees
hen party,NN1,RSSB,𐑣𐑧𐑯 𐑐𐑸𐑑𐑦,ˈhen pɑːRti,drop,,,,,wiktionary,new,97,shave_agrees
herostratic fame,NN1,RSSB,𐑣𐑽𐑴𐑕𐑑𐑮𐑨𐑑𐑦𐑒 𐑓𐑱𐑥,hɪərəʊstrætɪk ˈfeɪm,drop,,,,,wiktionary,new,97,shave_agrees
high concept,AJ0,GenAm,𐑣𐑲 𐑒𐑪𐑯𐑕𐑧𐑐𐑑,ˌhaɪ ˈkɒnˌsept,drop,,,,,wiktionary,new,97,shave_agrees
high concept,AJ0,RSSB,𐑣𐑲 𐑒𐑪𐑯𐑕𐑧𐑐𐑑,ˌhaɪ ˈkɒnsept,drop,,,,,wiktionary,new,97,shave_agrees
high concept,NN1,GenAm,𐑣𐑲 𐑒𐑪𐑯𐑕𐑧𐑐𐑑,ˌhaɪ ˈkɒnˌsept,drop,,,,,wiktionary,new,97,shave_agrees
high concept,NN1,RSSB,𐑣𐑲 𐑒𐑪𐑯𐑕𐑧𐑐𐑑,ˌhaɪ ˈkɒnsept,drop,,,,,wiktionary,new,97,shave_agrees
high five,NN1,GenAm,𐑣𐑲 𐑓𐑲𐑝,haɪ faɪv,drop,,,,,wiktionary,new,97,shave_agrees
high five,VVI,GenAm,𐑣𐑲 𐑓𐑲𐑝,haɪ faɪv,drop,,,,,wiktionary,new,97,shave_agrees
high road,NN1,GenAm,𐑣𐑲 𐑮𐑴𐑛,ˈhaɪ ˌroʊd,drop,,,,,wiktionary,new,97,shave_agrees
high road,NN1,RSSB,𐑣𐑲 𐑮𐑴𐑛,ˈhaɪ rəʊd,drop,,,,,wiktionary,new,97,shave_agrees
high roller,NN1,GenAm,𐑣𐑲 𐑮𐑴𐑤𐑼,ˈhaɪ ˈroʊləR,drop,,,,,wiktionary,new,97,shave_agrees
high roller,NN1,RSSB,𐑣𐑲 𐑮𐑴𐑤𐑼,ˈhaɪ rəʊləR,drop,,,,,wiktionary,new,97,shave_agrees
hit point,NN1,GenAm,𐑣𐑦𐑑 𐑐𐑶𐑯𐑑,ˈhɪt ˌpɔɪnt,drop,,,,,wiktionary,new,97,shave_agrees
hoar frost,NN1,RSSB,𐑣𐑹 𐑓𐑮𐑪𐑕𐑑,hɔːR frɒst,drop,,,,,wiktionary,new,97,shave_agrees
hold a candle,VVI,GenAm,𐑣𐑴𐑤𐑛 𐑩 𐑒𐑨𐑯𐑛𐑩𐑤,ˌhoʊld ə ˈkændəl,drop,,,,,wiktionary,new,97,shave_agrees
hold a candle,VVI,RSSB,𐑣𐑴𐑤𐑛 𐑩 𐑒𐑨𐑯𐑛𐑩𐑤,ˌhəʊld ə ˈkandəl,drop,,,,,wiktionary,new,97,shave_agrees
hold a candle,VVI,RSSB,𐑣𐑴𐑤𐑛 𐑩 𐑒𐑨𐑯𐑛𐑩𐑤,ˌhəʊld ə ˈkændəl,drop,,,,,wiktionary,new,97,shave_agrees
hold good,VVI,GenAm,𐑣𐑴𐑤𐑛 𐑜𐑫𐑛,ˌhoʊld ˈɡʊd,drop,,,,,wiktionary,new,97,shave_agrees
hold good,VVI,RSSB,𐑣𐑴𐑤𐑛 𐑜𐑫𐑛,ˌhəʊld ˈɡʊd,drop,,,,,wiktionary,new,97,shave_agrees
hold my beer,UNC,RSSB,𐑣𐑴𐑤𐑛 𐑥𐑲 𐑚𐑽,həʊld maɪ bɪəR,drop,,,,,wiktionary,new,97,shave_agrees
holler copper,VVI,GenAm,𐑣𐑪𐑤𐑼 𐑒𐑪𐑐𐑼,ˌhɒləR ˈkɒpəR,drop,,,,,wiktionary,new,97,shave_agrees
hollow leg,NN1,GenAm,𐑣𐑪𐑤𐑴 𐑤𐑧𐑜,ˌhɒloʊ ˈleɡ,drop,,,,,wiktionary,new,97,shave_agrees
hollow leg,NN1,RSSB,𐑣𐑪𐑤𐑴 𐑤𐑧𐑜,ˌhɒləʊ ˈleɡ,drop,,,,,wiktionary,new,97,shave_agrees
holy shit,ITJ,GenAm,𐑣𐑴𐑤𐑦 𐑖𐑦𐑑,ˌhoʊli ˈʃɪt,drop,,,,,wiktionary,new,97,shave_agrees
holy shit,ITJ,RSSB,𐑣𐑴𐑤𐑦 𐑖𐑦𐑑,ˌhəʊli ˈʃɪt,drop,,,,,wiktionary,new,97,shave_agrees
holy water,NN1,RSSB,𐑣𐑴𐑤𐑦 𐑢𐑷𐑑𐑼,ˈhəʊli wɔːtəR,drop,,,,,wiktionary,new,97,shave_agrees
holy water sprinkler,NN1,RSSB,𐑣𐑴𐑤𐑦 𐑢𐑷𐑑𐑼 𐑕𐑐𐑮𐑦𐑙𐑒𐑤𐑼,ˈhəʊli wɔːtəR sprɪŋkləR,drop,,,,,wiktionary,new,97,shave_agrees
home free,AJ0,RSSB,𐑣𐑴𐑥 𐑓𐑮𐑰,ˌhəʊm ˈfriː,drop,,,,,wiktionary,new,97,shave_agrees
home sweet home,ITJ,GenAm,𐑣𐑴𐑥 𐑕𐑢𐑰𐑑 𐑣𐑴𐑥,hoʊm swiːt hoʊm,drop,,,,,wiktionary,new,97,shave_agrees
home sweet home,ITJ,RSSB,𐑣𐑴𐑥 𐑕𐑢𐑰𐑑 𐑣𐑴𐑥,həʊm swiːt həʊm,drop,,,,,wiktionary,new,97,shave_agrees
home sweet home,NN1,GenAm,𐑣𐑴𐑥 𐑕𐑢𐑰𐑑 𐑣𐑴𐑥,hoʊm swiːt hoʊm,drop,,,,,wiktionary,new,97,shave_agrees
home sweet home,NN1,RSSB,𐑣𐑴𐑥 𐑕𐑢𐑰𐑑 𐑣𐑴𐑥,həʊm swiːt həʊm,drop,,,,,wiktionary,new,97,shave_agrees
homed in,VVI,GenAm,𐑣𐑴𐑥𐑛 𐑦𐑯,hoʊmd ɪn,drop,,,,,wiktionary,new,97,shave_agrees
homed in,VVI,RSSB,𐑣𐑴𐑥𐑛 𐑦𐑯,həʊmd ɪn,drop,,,,,wiktionary,new,97,shave_agrees
homing in,VVI,GenAm,𐑣𐑴𐑥𐑦𐑙 𐑦𐑯,hoʊmɪŋ ɪn,drop,,,,,wiktionary,new,97,shave_agrees
homing in,VVI,RSSB,𐑣𐑴𐑥𐑦𐑙 𐑦𐑯,həʊmɪŋ ɪn,drop,,,,,wiktionary,new,97,shave_agrees
hone in,VVI,GenAm,𐑣𐑴𐑯 𐑦𐑯,hoʊn ɪn,drop,,,,,wiktionary,new,97,shave_agrees
hone in,VVI,RSSB,𐑣𐑴𐑯 𐑦𐑯,həʊn ɪn,drop,,,,,wiktionary,new,97,shave_agrees
honed in,VVI,GenAm,𐑣𐑴𐑯𐑛 𐑦𐑯,hoʊnd ɪn,drop,,,,,wiktionary,new,97,shave_agrees
honed in,VVI,RSSB,𐑣𐑴𐑯𐑛 𐑦𐑯,həʊnd ɪn,drop,,,,,wiktionary,new,97,shave_agrees
hones in,VVI,GenAm,𐑣𐑴𐑯𐑟 𐑦𐑯,hoʊnz ɪn,drop,,,,,wiktionary,new,97,shave_agrees
hones in,VVI,RSSB,𐑣𐑴𐑯𐑟 𐑦𐑯,həʊnz ɪn,drop,,,,,wiktionary,new,97,shave_agrees
honey plant,NN1,GenAm,𐑣𐑳𐑯𐑦 𐑐𐑤𐑨𐑯𐑑,ˈhʌni ˌplænt,drop,,,,,wiktionary,new,97,shave_agrees
honey plant,NN1,RSSB,𐑣𐑳𐑯𐑦 𐑐𐑤𐑭𐑯𐑑,ˈhʌni ˌplɑːnt,drop,,,,,wiktionary,new,97,shave_agrees
honing in,VVI,GenAm,𐑣𐑴𐑯𐑦𐑙 𐑦𐑯,hoʊnɪŋ ɪn,drop,,,,,wiktionary,new,97,shave_agrees
honing in,VVI,RSSB,𐑣𐑴𐑯𐑦𐑙 𐑦𐑯,həʊnɪŋ ɪn,drop,,,,,wiktionary,new,97,shave_agrees
horizontal dancing,NN1,RSSB,𐑣𐑪𐑮𐑦𐑟𐑪𐑯𐑑𐑩𐑤 𐑛𐑭𐑯𐑕𐑦𐑙,hɒrɪzɒntəl ˈdɑːnsɪŋ,drop,,,,,wiktionary,new,97,shave_agrees
horizontal jogging,NN1,RSSB,𐑣𐑪𐑮𐑦𐑟𐑪𐑯𐑑𐑩𐑤 𐑡𐑪𐑜𐑦𐑙,hɒrɪzɒntəl ˈdʒɒɡɪŋ,drop,,,,,wiktionary,new,97,shave_agrees
horizontal refreshments,NN1,RSSB,𐑣𐑪𐑮𐑦𐑟𐑪𐑯𐑑𐑩𐑤 𐑮𐑦𐑓𐑮𐑧𐑖𐑥𐑩𐑯𐑑𐑕,hɒrɪzɒntəl rɪfreʃmənts,drop,,,,,wiktionary,new,97,shave_agrees
horizontal tango,NN1,RSSB,𐑣𐑪𐑮𐑦𐑟𐑪𐑯𐑑𐑩𐑤 𐑑𐑨𐑙𐑜𐑴,hɒrɪzɒntəl ˈtæŋɡəʊ,drop,,,,,wiktionary,new,97,shave_agrees
horseshoe curve,NN1,GenAm,𐑣𐑹𐑕𐑖𐑵 𐑒𐑻𐑝,ˈhɔːrsʃuː kɜːRv,drop,,,,,wiktionary,new,97,shave_agrees
horseshoe curve,NN1,RSSB,𐑣𐑹𐑕𐑖𐑵 𐑒𐑻𐑝,hɔːRsʃuː kɜːRv,drop,,,,,wiktionary,new,97,shave_agrees
horseshoe moustache,NN1,GenAm,𐑣𐑹𐑕𐑖𐑵 𐑥𐑳𐑕𐑑𐑨𐑖,ˈhɔːrsʃuː ˈmʌstæʃ,drop,,,,,wiktionary,new,97,shave_agrees
horseshoe moustache,NN1,RSSB,𐑣𐑹𐑕𐑖𐑵 𐑥𐑩𐑕𐑑𐑭𐑖,hɔːRsʃuː məsˈtɑːʃ,drop,,,,,wiktionary,new,97,shave_agrees
hot mess,NN1,GenAm,𐑣𐑪𐑑 𐑥𐑧𐑕,ˌhɒt ˈmes,drop,,,,,wiktionary,new,97,shave_agrees
hot shit,NN1,GenAm,𐑣𐑪𐑑 𐑖𐑦𐑑,ˌhɒt ˈʃɪt,drop,,,,,wiktionary,new,97,shave_agrees
hot shit,NN1,RSSB,𐑣𐑪𐑑 𐑖𐑦𐑑,ˌhɒt ˈʃɪt,drop,,,,,wiktionary,new,97,shave_agrees
hotel load,NN1,GenAm,𐑣𐑴𐑑𐑧𐑤 𐑤𐑴𐑛,hoʊˈtel loʊd,drop,,,,,wiktionary,new,97,shave_agrees
hotel load,NN1,RSSB,𐑣𐑴𐑑𐑧𐑤 𐑤𐑴𐑛,həʊˈtel ləʊd,drop,,,,,wiktionary,new,97,shave_agrees
house plunder,NN1,GenAm,𐑣𐑬𐑕 𐑐𐑤𐑳𐑯𐑛𐑼,ˈhaʊs ˌplʌndəR,drop,,,,,wiktionary,new,97,shave_agrees
house plunder,NN1,RSSB,𐑣𐑬𐑕 𐑐𐑤𐑳𐑯𐑛𐑼,ˈhaʊs plʌndəR,drop,,,,,wiktionary,new,97,shave_agrees
how are you,UNC,RSSB,𐑣𐑬 𐑸 𐑿,haʊ ɑːR juː,drop,,,,,wiktionary,new,97,shave_agrees
how do you pronounce this word,UNC,GenAm,𐑣𐑬 𐑛𐑵 𐑿 𐑐𐑮𐑩𐑯𐑬𐑯𐑕 𐑞𐑦𐑕 𐑢𐑻𐑛,ˈhaʊ duː ˈjuː prəˈnaʊns ðɪs ˈwɜːRd,drop,,,,,wiktionary,new,97,shave_agrees
hung parliament,NN1,GenAm,𐑣𐑳𐑙 𐑐𐑸𐑤𐑩𐑥𐑩𐑯𐑑,hʌŋ ˈpɑːRləmənt,drop,,,,,wiktionary,new,97,shave_agrees
hung parliament,NN1,RSSB,𐑣𐑳𐑙 𐑐𐑸𐑤𐑩𐑥𐑩𐑯𐑑,hʌŋ pɑːRləmənt,drop,,,,,wiktionary,new,97,shave_agrees
hunger stone,NN1,GenAm,𐑣𐑳𐑙𐑜𐑼 𐑕𐑑𐑴𐑯,ˈhʌŋɡəR ˌstoʊn,drop,,,,,wiktionary,new,97,shave_agrees
hunger stone,NN1,RSSB,𐑣𐑳𐑙𐑜𐑼 𐑕𐑑𐑴𐑯,hʌŋɡəR ˌstəʊn,drop,,,,,wiktionary,new,97,shave_agrees
hydrogen sulfide,NN1,GenAm,𐑣𐑲𐑛𐑮𐑩𐑡𐑩𐑯 𐑕𐑳𐑤𐑓𐑲𐑛,ˈhaɪdrədʒən ˈsʌlfaɪd,drop,,,,,wiktionary,new,97,shave_agrees
hydrogen sulfide,NN1,RSSB,𐑣𐑲𐑛𐑮𐑩𐑡𐑩𐑯 𐑕𐑳𐑤𐑓𐑲𐑛,haɪdrədʒən ˈsʌlfaɪd,drop,,,,,wiktionary,new,97,shave_agrees
if anything,AV0,GenAm,𐑦𐑓 𐑧𐑯𐑦𐑔𐑦𐑙,ɪf ˈeniθɪŋ,drop,,,,,wiktionary,new,97,shave_agrees
if anything,AV0,RSSB,𐑦𐑓 𐑧𐑯𐑦𐑔𐑦𐑙,ɪf ˈenɪθɪŋ,drop,,,,,wiktionary,new,97,shave_agrees
imaginary lat syndrome,NN1,RSSB,𐑦𐑥𐑨𐑡𐑦𐑯𐑼𐑦 𐑤𐑨𐑑 𐑕𐑦𐑯𐑛𐑮𐑴𐑥,ɪmædʒɪnəri ˈlæt ˌsɪndrəʊm,drop,,,,,wiktionary,new,97,shave_agrees
imminent abortion,NN1,GenAm,𐑦𐑥𐑦𐑯𐑩𐑯𐑑 𐑩𐑚𐑹𐑖𐑩𐑯,ˈɪmɪnənt əˈbɔːRʃən,drop,,,,,wiktionary,new,97,shave_agrees
impostor syndrome,NN1,GenAm,𐑦𐑥𐑐𐑪𐑕𐑑𐑼 𐑕𐑦𐑯𐑛𐑮𐑴𐑥,ɪmˈpɒstəR ˈsɪndroʊm,drop,,,,,wiktionary,new,97,shave_agrees
impostor syndrome,NN1,RSSB,𐑦𐑥𐑐𐑪𐑕𐑑𐑼 𐑕𐑦𐑯𐑛𐑮𐑴𐑥,ɪmpɒstəR ˈsɪndrəʊm,drop,,,,,wiktionary,new,97,shave_agrees
in broad daylight,UNC,RSSB,𐑦𐑯 𐑚𐑮𐑷𐑛 𐑛𐑱𐑤𐑲𐑑,ɪn brɔːd ˈdeɪlaɪt,drop,,,,,wiktionary,new,97,shave_agrees
in due time,UNC,RSSB,𐑦𐑯 𐑛𐑿 𐑑𐑲𐑥,ɪn djuː taɪm,drop,,,,,wiktionary,new,97,shave_agrees
in excelsis,AJ0,RSSB,𐑦𐑯 𐑦𐑒𐑕𐑧𐑤𐑕𐑦𐑕,ˌɪn ɪkˈselsɪs,drop,,,,,wiktionary,new,97,shave_agrees
in fine fettle,UNC,GenAm,𐑦𐑯 𐑓𐑲𐑯 𐑓𐑧𐑑𐑩𐑤,ɪn ˌfaɪn ˈfetəl,drop,,,,,wiktionary,new,97,shave_agrees
in fine fettle,UNC,RSSB,𐑦𐑯 𐑓𐑲𐑯 𐑓𐑧𐑑𐑩𐑤,ɪn ˌfaɪn ˈfetəl,drop,,,,,wiktionary,new,97,shave_agrees
in funds,AJ0,GenAm,𐑦𐑯 𐑓𐑳𐑯𐑛𐑟,ɪn ˈfʌndz,drop,,,,,wiktionary,new,97,shave_agrees
in funds,AJ0,RSSB,𐑦𐑯 𐑓𐑳𐑯𐑛𐑟,ɪn ˈfʌndz,drop,,,,,wiktionary,new,97,shave_agrees
in good sorts,AJ0,GenAm,𐑦𐑯 𐑜𐑫𐑛 𐑕𐑹𐑑𐑕,ɪn ˌɡʊd ˈsɔːRts,drop,,,,,wiktionary,new,97,shave_agrees
in good sorts,AJ0,RSSB,𐑦𐑯 𐑜𐑫𐑛 𐑕𐑹𐑑𐑕,ɪn ˌɡʊd sɔːRts,drop,,,,,wiktionary,new,97,shave_agrees
in silico,UNC,RSSB,𐑦𐑯 𐑕𐑦𐑤𐑦𐑒𐑴,ɪn ˈsɪlɪkəʊ,drop,,,,,wiktionary,new,97,shave_agrees
in vino veritas,UNC,RSSB,𐑦𐑯 𐑝𐑰𐑯𐑴 𐑝𐑧𐑮𐑦𐑑𐑭𐑕,ˌɪn ˈviːnəʊ verɪtɑːs,drop,,,,,wiktionary,new,97,shave_agrees
inevitable abortion,NN1,GenAm,𐑦𐑯𐑧𐑝𐑦𐑑𐑩𐑚𐑩𐑤 𐑩𐑚𐑹𐑖𐑩𐑯,ɪnˈevɪtəbəl əˈbɔːRʃən,drop,,,,,wiktionary,new,97,shave_agrees
infected abortion,NN1,GenAm,𐑦𐑯𐑓𐑧𐑒𐑑𐑩𐑛 𐑩𐑚𐑹𐑖𐑩𐑯,ɪnˈfektəd əˈbɔːRʃən,drop,,,,,wiktionary,new,97,shave_agrees
input method editor,NN1,GenAm,𐑦𐑯𐑐𐑫𐑑 𐑥𐑧𐑔𐑩𐑛 𐑧𐑛𐑦𐑑𐑼,ˈɪnˌpʊt ˈmeθəd ˈedɪtər,drop,,,,,wiktionary,new,97,shave_agrees
input method editor,NN1,RSSB,𐑦𐑯𐑐𐑫𐑑 𐑥𐑧𐑔𐑩𐑛 𐑧𐑛𐑦𐑑𐑼,ˈɪnˌpʊt ˈmeθəd edɪtəR,drop,,,,,wiktionary,new,97,shave_agrees
inside joke,NN1,RSSB,𐑦𐑯𐑕𐑲𐑛 𐑡𐑴𐑒,ˈɪnsaɪd ˌdʒəʊk,drop,,,,,wiktionary,new,97,shave_agrees
inside joke,NN1,RSSB,𐑦𐑯𐑕𐑲𐑛 𐑡𐑴𐑒,ˈɪnsaɪd ˌdʒoʊk,drop,,,,,wiktionary,new,97,shave_agrees
instant coffee,NN1,RSSB,𐑦𐑯𐑕𐑑𐑩𐑯𐑑 𐑒𐑪𐑓𐑦,ˌɪnstənt ˈkɒfi,drop,,,,,wiktionary,new,97,shave_agrees
internally displaced person,NN1,GenAm,𐑦𐑯𐑑𐑻𐑯𐑩𐑤𐑦 𐑛𐑦𐑕𐑐𐑤𐑱𐑕𐑑 𐑐𐑻𐑕𐑩𐑯,ɪnˌtɜːRnəli dɪsˌpleɪst ˈpɜːRsən,drop,,,,,wiktionary,new,97,shave_agrees
internally displaced person,NN1,RSSB,𐑦𐑯𐑑𐑻𐑯𐑩𐑤𐑦 𐑛𐑦𐑕𐑐𐑤𐑱𐑕𐑑 𐑐𐑻𐑕𐑩𐑯,ɪntɜːRnəli dɪsˌpleɪst pɜːRsən,drop,,,,,wiktionary,new,97,shave_agrees
internet brigade,NP0,GenAm,𐑦𐑯𐑑𐑼𐑯𐑧𐑑 𐑚𐑮𐑦𐑜𐑱𐑛,ˈɪntərˌnet brɪˈɡeɪd,drop,,,,,wiktionary,new,97,shave_agrees
internet brigade,NP0,RSSB,𐑦𐑯𐑑𐑼𐑯𐑧𐑑 𐑚𐑮𐑦𐑜𐑱𐑛,ɪntəRnet brɪˈɡeɪd,drop,,,,,wiktionary,new,97,shave_agrees
iron curtain,NN1,GenAm,𐑲𐑼𐑯 𐑒𐑻𐑑𐑩𐑯,ˌaɪərn ˈkɜːRtən,drop,,,,,wiktionary,new,97,shave_agrees
iron curtain,NN1,RSSB,𐑲𐑼𐑯 𐑒𐑻𐑑𐑩𐑯,aɪəRn kɜːRtən,drop,,,,,wiktionary,new,97,shave_agrees
ivory tower,AJ0,GenAm,𐑲𐑝𐑼𐑦 𐑑𐑬𐑼,ˈaɪvəri ˈtaʊəR,drop,,,,,wiktionary,new,97,shave_agrees
ivory tower,AJ0,RSSB,𐑲𐑝𐑼𐑦 𐑑𐑬𐑼,aɪvəri taʊəR,drop,,,,,wiktionary,new,97,shave_agrees
ivory tower,NN1,GenAm,𐑲𐑝𐑼𐑦 𐑑𐑬𐑼,ˈaɪvəri ˈtaʊəR,drop,,,,,wiktionary,new,97,shave_agrees
ivory tower,NN1,RSSB,𐑲𐑝𐑼𐑦 𐑑𐑬𐑼,aɪvəri taʊəR,drop,,,,,wiktionary,new,97,shave_agrees
jab molassie,NN1,GenAm,𐑡𐑨𐑚 𐑥𐑩𐑤𐑨𐑕𐑦,ˈdʒæb məˈlæsi,drop,,,,,wiktionary,new,97,shave_agrees
jail fever,NN1,RSSB,𐑡𐑱𐑤 𐑓𐑰𐑝𐑼,ˈdʒeɪl fiːvəR,drop,,,,,wiktionary,new,97,shave_agrees
jam jar,NN1,RSSB,𐑡𐑨𐑥 𐑡𐑸,ˈdʒam dʒɑːR,drop,,,,,wiktionary,new,97,shave_agrees
jingle bell,NN1,GenAm,𐑡𐑦𐑙𐑜𐑩𐑤 𐑚𐑧𐑤,ˈdʒɪŋɡəl ˌbel,drop,,,,,wiktionary,new,97,shave_agrees
jingle bell,NN1,RSSB,𐑡𐑦𐑙𐑜𐑩𐑤 𐑚𐑧𐑤,ˈdʒɪŋɡəl bel,drop,,,,,wiktionary,new,97,shave_agrees
job market,NN1,RSSB,𐑡𐑪𐑚 𐑥𐑸𐑒𐑩𐑑,ˈdʒɒb mɑːRkɪt,drop,,,,,wiktionary,new,97,shave_agrees
jokes aside,AV0,GenAm,𐑡𐑴𐑒𐑕 𐑩𐑕𐑲𐑛,dʒoʊks əˈsaɪd,drop,,,,,wiktionary,new,97,shave_agrees
junior doctor,NN1,RSSB,𐑡𐑵𐑯𐑽 𐑛𐑪𐑒𐑑𐑼,dʒuːniəR dɒktəR,drop,,,,,wiktionary,new,97,shave_agrees
just deserts,NN1,RSSB,𐑡𐑳𐑕𐑑 𐑛𐑦𐑟𐑻𐑑𐑕,dʒʌst dɪzɜːRts,drop,,,,,wiktionary,new,97,shave_agrees
just so,AV0,GenAm,𐑡𐑳𐑕𐑑 𐑕𐑴,ˌdʒʌst ˈsoʊ,drop,,,,,wiktionary,new,97,shave_agrees
just so,AV0,RSSB,𐑡𐑳𐑕𐑑 𐑕𐑴,ˌdʒʌst ˈsəʊ,drop,,,,,wiktionary,new,97,shave_agrees
justice delayed is justice denied,UNC,RSSB,𐑡𐑳𐑕𐑑𐑦𐑕 𐑛𐑦𐑤𐑱𐑛 𐑦𐑟 𐑡𐑳𐑕𐑑𐑦𐑕 𐑛𐑦𐑯𐑲𐑛,ˌdʒʌstɪs dɪˈleɪd ɪz ˌdʒʌstɪs dɪˈnaɪd,drop,,,,,wiktionary,new,97,shave_agrees
kangaroo court,NN1,RSSB,𐑒𐑨𐑙𐑜𐑼𐑵 𐑒𐑹𐑑,kæŋɡəruː kɔːRt,drop,,,,,wiktionary,new,97,shave_agrees
kapok tree,NN1,RSSB,𐑒𐑱𐑐𐑪𐑒 𐑑𐑮𐑰,ˈkeɪpɒk triː,drop,,,,,wiktionary,new,97,shave_agrees
keel over,VVI,RSSB,𐑒𐑰𐑤 𐑴𐑝𐑼,ˈkiːl əʊvər,drop,,,,,wiktionary,new,97,shave_agrees
kick ass,ITJ,GenAm,𐑒𐑦𐑒 𐑨𐑕,kɪk æs,drop,,,,,wiktionary,new,97,shave_agrees
kick ass,VVI,GenAm,𐑒𐑦𐑒 𐑨𐑕,kɪk æs,drop,,,,,wiktionary,new,97,shave_agrees
kill off,VVI,GenAm,𐑒𐑦𐑤 𐑪𐑓,kɪl ɒf,drop,,,,,wiktionary,new,97,shave_agrees
kill off,VVI,RSSB,𐑒𐑦𐑤 𐑪𐑓,kɪl ɒf,drop,,,,,wiktionary,new,97,shave_agrees
killer poke,NN1,GenAm,𐑒𐑦𐑤𐑼 𐑐𐑴𐑒,ˈkɪləR poʊk,drop,,,,,wiktionary,new,97,shave_agrees
kinetic energy,NN1,GenAm,𐑒𐑦𐑯𐑧𐑑𐑦𐑒 𐑧𐑯𐑼𐑡𐑦,ˈkɪˈnetɪk ˈenəRdʒi,drop,,,,,wiktionary,new,97,shave_agrees
kinetic energy,NN1,GenAm,𐑒𐑦𐑯𐑧𐑑𐑦𐑒 𐑧𐑯𐑼𐑡𐑦,kɪˈnetɪk ˈenəRdʒi,drop,,,,,wiktionary,new,97,shave_agrees
king vulture,NN1,GenAm,𐑒𐑦𐑙 𐑝𐑳𐑤𐑗𐑼,kɪŋ ˈvʌltʃər,drop,,,,,wiktionary,new,97,shave_agrees
kissing ball,NN1,RSSB,𐑒𐑦𐑕𐑦𐑙 𐑚𐑷𐑤,ˈkɪsɪŋ ˌbɔːl,drop,,,,,wiktionary,new,97,shave_agrees
kissing ball,NN1,RSSB,𐑒𐑦𐑕𐑦𐑙 𐑚𐑷𐑤,ˌkɪsɪŋ ˈbɔːl,drop,,,,,wiktionary,new,97,shave_agrees
kissing cousin,NN1,GenAm,𐑒𐑦𐑕𐑦𐑙 𐑒𐑳𐑟𐑩𐑯,ˌkɪsɪŋ ˈkʌzən,drop,,,,,wiktionary,new,97,shave_agrees
kissing cousin,NN1,RSSB,𐑒𐑦𐑕𐑦𐑙 𐑒𐑳𐑟𐑩𐑯,ˌkɪsɪŋ ˈkʌzən,drop,,,,,wiktionary,new,97,shave_agrees
kitchen sink,AJ0,RSSB,𐑒𐑦𐑗𐑦𐑯 𐑕𐑦𐑙𐑒,ˌkɪtʃɪn ˈsɪŋk,drop,,,,,wiktionary,new,97,shave_agrees
kitchen sink,NN1,RSSB,𐑒𐑦𐑗𐑦𐑯 𐑕𐑦𐑙𐑒,ˌkɪtʃɪn ˈsɪŋk,drop,,,,,wiktionary,new,97,shave_agrees
kitchen sink,VVI,RSSB,𐑒𐑦𐑗𐑦𐑯 𐑕𐑦𐑙𐑒,ˌkɪtʃɪn ˈsɪŋk,drop,,,,,wiktionary,new,97,shave_agrees
kitty litter,NN1,GenAm,𐑒𐑦𐑑𐑦 𐑤𐑦𐑑𐑼,ˈkɪti ˈlɪtəR,drop,,,,,wiktionary,new,97,shave_agrees
kitty litter,NN1,RSSB,𐑒𐑦𐑑𐑦 𐑤𐑦𐑑𐑼,ˈkɪti lɪtər,drop,,,,,wiktionary,new,97,shave_agrees
knacker's yard,NN1,GenAm,𐑯𐑨𐑒𐑼𐑟 𐑘𐑸𐑛,ˈnækəRz ˌjɑːRd,drop,,,,,wiktionary,new,97,shave_agrees
knacker's yard,NN1,RSSB,𐑯𐑨𐑒𐑼𐑟 𐑘𐑸𐑛,nækəRz jɑːRd,drop,,,,,wiktionary,new,97,shave_agrees
knight in shining armor,NN1,GenAm,𐑯𐑲𐑑 𐑦𐑯 𐑖𐑲𐑯𐑦𐑙 𐑸𐑥𐑼,ˈnaɪt ɪn ˈʃaɪnɪŋ ˈɑːRmər,drop,,,,,wiktionary,new,97,shave_agrees
knight in shining armor,NN1,RSSB,𐑯𐑲𐑑 𐑦𐑯 𐑖𐑲𐑯𐑦𐑙 𐑸𐑥𐑼,ˈnaɪt ɪn ˈʃaɪnɪŋ ɑːRməR,drop,,,,,wiktionary,new,97,shave_agrees
knitting pattern,NN1,GenAm,𐑯𐑦𐑑𐑦𐑙 𐑐𐑨𐑑𐑼𐑯,nɪtɪŋ pætəRn,drop,,,,,wiktionary,new,97,shave_agrees
knock about,VVI,GenAm,𐑯𐑪𐑒 𐑩𐑚𐑬𐑑,ˌnɒk əˈbaʊt,drop,,,,,wiktionary,new,97,shave_agrees
knock about,VVI,RSSB,𐑯𐑪𐑒 𐑩𐑚𐑬𐑑,ˌnɒk əˈbaʊt,drop,,,,,wiktionary,new,97,shave_agrees
knock into a cocked hat,VVI,RSSB,𐑯𐑪𐑒 𐑦𐑯𐑑𐑵 𐑩 𐑒𐑪𐑒𐑑 𐑣𐑨𐑑,ˈnɒk ˌɪntuː ə ˌkɒkt ˈhæt,drop,,,,,wiktionary,new,97,shave_agrees
knock on wood,ITJ,GenAm,𐑯𐑪𐑒 𐑪𐑯 𐑢𐑫𐑛,ˌnɒk ɒn ˈwʊd,drop,,,,,wiktionary,new,97,shave_agrees
knock on wood,ITJ,RSSB,𐑯𐑪𐑒 𐑪𐑯 𐑢𐑫𐑛,ˌnɒk ɒn ˈwʊd,drop,,,,,wiktionary,new,97,shave_agrees
knock on wood,VVI,GenAm,𐑯𐑪𐑒 𐑪𐑯 𐑢𐑫𐑛,ˌnɒk ɒn ˈwʊd,drop,,,,,wiktionary,new,97,shave_agrees
knock on wood,VVI,RSSB,𐑯𐑪𐑒 𐑪𐑯 𐑢𐑫𐑛,ˌnɒk ɒn ˈwʊd,drop,,,,,wiktionary,new,97,shave_agrees
lab coat,NN1,GenAm,𐑤𐑨𐑚 𐑒𐑴𐑑,ˈlæb ˌkoʊt,drop,,,,,wiktionary,new,97,shave_agrees
lab coat,NN1,RSSB,𐑤𐑨𐑚 𐑒𐑴𐑑,ˈlæb ˌkəʊt,drop,,,,,wiktionary,new,97,shave_agrees
lackadaisical,AJ0,RSSB,𐑤𐑨𐑒𐑕𐑩-,læksə-,drop,,,,,wordnet,fragment,89,shave_says:𐑤𐑨𐑒𐑩𐑛𐑱𐑟𐑦𐑒𐑩𐑤
laissez faire,AJ0,RSSB,𐑤𐑱𐑕𐑱 𐑓𐑺,ˈleɪseɪ feər,drop,,,,,wiktionary,new,97,shave_agrees
laissez faire,NN1,RSSB,𐑤𐑱𐑕𐑱 𐑓𐑺,ˈleɪseɪ feər,drop,,,,,wiktionary,new,97,shave_agrees
last mile,NN1,GenAm,𐑤𐑨𐑕𐑑 𐑥𐑲𐑤,ˌlæst ˈmaɪl,drop,,,,,wiktionary,new,97,shave_agrees
last mile,NN1,RSSB,𐑤𐑭𐑕𐑑 𐑥𐑲𐑤,ˌlɑːst ˈmaɪl,drop,,,,,wiktionary,new,97,shave_agrees
late night,NN1,GenAm,𐑤𐑱𐑑 𐑯𐑲𐑑,ˌleɪt ˈnaɪt,drop,,,,,wiktionary,new,97,shave_agrees
late night,NN1,GenAm,𐑤𐑱𐑑 𐑯𐑲𐑑,ˈleɪt ˌnaɪt,drop,,,,,wiktionary,new,97,shave_agrees
lateral aberration,NN1,GenAm,𐑤𐑨𐑑𐑼𐑩𐑤 𐑨𐑚𐑼𐑱𐑖𐑩𐑯,ˈlætəRəl ˌæbəˈreɪʃən,drop,,,,,wiktionary,new,95,"r_gap:spelling=3,ipa=2; shave_agrees"
leaf peeper,NN1,RSSB,𐑤𐑰𐑓 𐑐𐑰𐑐𐑼,ˈliːf piːpəR,drop,,,,,wiktionary,new,97,shave_agrees
leap year,NN1,RSSB,𐑤𐑰𐑐 𐑘𐑽,ˈliːp jɪəR,drop,,,,,wiktionary,new,97,shave_agrees
least flycatcher,NN1,RSSB,𐑤𐑰𐑕𐑑 𐑓𐑤𐑲𐑒𐑨𐑗𐑼,liːst flaɪkætʃər,drop,,,,,wiktionary,new,97,shave_agrees
least weasel,NN1,RSSB,𐑤𐑰𐑕𐑑 𐑢𐑰𐑟𐑩𐑤,ˈliːst ˈwiːzəl,drop,,,,,wiktionary,new,97,shave_agrees
leave alone,VVI,RSSB,𐑤𐑰𐑝 𐑩𐑤𐑴𐑯,liːv əˈləʊn,drop,,,,,wiktionary,new,97,shave_agrees
legal beagle,NN1,RSSB,𐑤𐑰𐑜𐑩𐑤 𐑚𐑰𐑜𐑩𐑤,ˌliːɡəl ˈbiːɡəl,drop,,,,,wiktionary,new,97,shave_agrees
lemon drop,NN1,GenAm,𐑤𐑧𐑥𐑩𐑯 𐑛𐑮𐑪𐑐,ˈlemən drɒp,drop,,,,,wiktionary,new,97,shave_agrees
lemon drop,NN1,RSSB,𐑤𐑧𐑥𐑩𐑯 𐑛𐑮𐑪𐑐,ˈlemən drɒp,drop,,,,,wiktionary,new,97,shave_agrees
lemon drop martini,NN1,RSSB,𐑤𐑧𐑥𐑩𐑯 𐑛𐑮𐑪𐑐 𐑥𐑸𐑑𐑰𐑯𐑦,ˈlemən drɒp mɑːrtiːni,drop,,,,,wiktionary,new,97,shave_agrees
lemon martini,NN1,RSSB,𐑤𐑧𐑥𐑩𐑯 𐑥𐑸𐑑𐑰𐑯𐑦,ˈlemən mɑːRtiːni,drop,,,,,wiktionary,new,97,shave_agrees
leopard seal,NN1,GenAm,𐑤𐑧𐑐𐑼𐑛 𐑕𐑰𐑤,ˈlepəRd siːl,drop,,,,,wiktionary,new,97,shave_agrees
leopard seal,NN1,RSSB,𐑤𐑧𐑐𐑼𐑛 𐑕𐑰𐑤,lepəRd siːl,drop,,,,,wiktionary,new,97,shave_agrees
less is more,UNC,GenAm,𐑤𐑧𐑕 𐑦𐑟 𐑥𐑹,les ɪz ˈmɔːR,drop,,,,,wiktionary,new,97,shave_agrees
less is more,UNC,RSSB,𐑤𐑧𐑕 𐑦𐑟 𐑥𐑹,les ɪz mɔːR,drop,,,,,wiktionary,new,97,shave_agrees
let bygones be bygones,VVI,RSSB,𐑤𐑧𐑑 𐑚𐑲𐑜𐑪𐑯𐑟 𐑚𐑰 𐑚𐑲𐑜𐑪𐑯𐑟,let ˈbaɪɡɒnz biː ˈbaɪɡɒnz,drop,,,,,wiktionary,new,97,shave_agrees
letters patent,NN1,RSSB,𐑤𐑧𐑑𐑼𐑟 𐑐𐑱𐑑𐑩𐑯𐑑,letəRz ˈpeɪtənt,drop,,,,,wiktionary,new,97,shave_agrees
level best,NN1,RSSB,𐑤𐑧𐑝𐑩𐑤 𐑚𐑧𐑕𐑑,ˌlevəl ˈbest,drop,,,,,wiktionary,new,97,shave_agrees
lexical analysis,NN1,GenAm,𐑤𐑧𐑒𐑕𐑦𐑒𐑩𐑤 𐑩𐑯𐑨𐑤𐑩𐑕𐑦𐑕,ˈleksɪkəl əˈnæləsɪs,drop,,,,,wiktionary,new,97,shave_agrees
liberty sausage,NN1,GenAm,𐑤𐑦𐑚𐑼𐑑𐑦 𐑕𐑪𐑕𐑦𐑡,ˌlɪbərti ˈsɒsɪdʒ,drop,,,,,wiktionary,new,97,shave_agrees
lick into shape,VVI,RSSB,𐑤𐑦𐑒 𐑦𐑯𐑑𐑵 𐑖𐑱𐑐,ˌlɪk ɪntuː ˈʃeɪp,drop,,,,,wiktionary,new,97,shave_agrees
lie doggo,VVI,GenAm,𐑤𐑲 𐑛𐑪𐑜𐑴,laɪ ˈdɒɡoʊ,drop,,,,,wiktionary,new,97,shave_agrees
lie doggo,VVI,RSSB,𐑤𐑲 𐑛𐑪𐑜𐑴,laɪ ˈdɒɡəʊ,drop,,,,,wiktionary,new,97,shave_agrees
lieutenant colonel,NN1,RSSB,𐑤𐑧𐑓𐑑𐑧𐑯𐑩𐑯𐑑 𐑒𐑻𐑯𐑩𐑤,lefˈtenənt ˈkɜːnəl,drop,,,,,wiktionary,new,97,shave_agrees
lion's share,NN1,GenAm,𐑤𐑲𐑩𐑯𐑟 𐑖𐑺,ˈlaɪənz ʃeər,drop,,,,,wiktionary,new,97,shave_agrees
lipstick tree,NN1,RSSB,𐑤𐑦𐑐𐑕𐑑𐑦𐑒 𐑑𐑮𐑰,ˌlɪpstɪk ˈtriː,drop,,,,,wiktionary,new,97,shave_agrees
liquid paraffin,NN1,RSSB,𐑤𐑦𐑒𐑢𐑦𐑛 𐑐𐑨𐑮𐑩𐑓𐑦𐑯,ˌlɪkwɪd parəfɪn,drop,,,,,wiktionary,new,97,shave_agrees
little green man,NN1,RSSB,𐑤𐑦𐑑𐑩𐑤 𐑜𐑮𐑰𐑯 𐑥𐑨𐑯,ˌlɪtəl ˌɡriːn ˈmæn,drop,,,,,wiktionary,new,97,shave_agrees
live oak,NN1,GenAm,𐑤𐑲𐑝 𐑴𐑒,laɪv oʊk,drop,,,,,wiktionary,new,97,shave_agrees
living fossil,NN1,GenAm,𐑤𐑦𐑝𐑦𐑙 𐑓𐑪𐑕𐑩𐑤,ˈlɪvɪŋ ˈfɒsəl,drop,,,,,wiktionary,new,97,shave_agrees
living fossil,NN1,RSSB,𐑤𐑦𐑝𐑦𐑙 𐑓𐑪𐑕𐑩𐑤,ˈlɪvɪŋ ˈfɒsəl,drop,,,,,wiktionary,new,97,shave_agrees
lock on,VVI,GenAm,𐑤𐑪𐑒 𐑪𐑯,ˌlɒk ˈɒn,drop,,,,,wiktionary,new,97,shave_agrees
lock on,VVI,RSSB,𐑤𐑪𐑒 𐑪𐑯,ˌlɒk ˈɒn,drop,,,,,wiktionary,new,97,shave_agrees
lone wolf,NN1,GenAm,𐑤𐑴𐑯 𐑢𐑫𐑤𐑓,ˌloʊn ˈwʊlf,drop,,,,,wiktionary,new,97,shave_agrees
lone wolf,NN1,RSSB,𐑤𐑴𐑯 𐑢𐑫𐑤𐑓,ləʊn ˈwʊlf,drop,,,,,wiktionary,new,97,shave_agrees
look daggers,VVI,GenAm,𐑤𐑫𐑒 𐑛𐑨𐑜𐑼𐑟,ˌlʊk ˈdæɡəRz,drop,,,,,wiktionary,new,97,shave_agrees
look daggers,VVI,RSSB,𐑤𐑫𐑒 𐑛𐑨𐑜𐑼𐑟,ˌlʊk dæɡəRz,drop,,,,,wiktionary,new,97,shave_agrees
loss leader,NN1,RSSB,𐑤𐑪𐑕 𐑤𐑰𐑛𐑼,ˈlɒs liːdər,drop,,,,,wiktionary,new,97,shave_agrees
louis d'or,NN1,RSSB,𐑤𐑵𐑦 𐑛𐑹,ˌluːɪ dɔːR,drop,,,,,wiktionary,new,97,shave_agrees
love conquers all,UNC,GenAm,𐑤𐑳𐑝 𐑒𐑪𐑙𐑒𐑼𐑟 𐑷𐑤,lʌv ˈkɒŋkəRz ɔːl,drop,,,,,wiktionary,new,97,shave_agrees
love conquers all,UNC,RSSB,𐑤𐑳𐑝 𐑒𐑪𐑙𐑒𐑼𐑟 𐑷𐑤,lʌv kɒŋkəRz ɔːl,drop,,,,,wiktionary,new,97,shave_agrees
love interest,NN1,GenAm,𐑤𐑳𐑝 𐑦𐑯𐑑𐑮𐑩𐑕𐑑,ˈlʌv ˈɪntrəst,drop,,,,,wiktionary,new,97,shave_agrees
lovely jubbly,AJ0,RSSB,𐑤𐑳𐑝𐑤𐑦 𐑡𐑳𐑚𐑤𐑦,ˌlʌvli ˈdʒʌbli,drop,,,,,wiktionary,new,97,shave_agrees
lovely jubbly,ITJ,RSSB,𐑤𐑳𐑝𐑤𐑦 𐑡𐑳𐑚𐑤𐑦,ˌlʌvli ˈdʒʌbli,drop,,,,,wiktionary,new,97,shave_agrees
lovely jubbly,NN1,RSSB,𐑤𐑳𐑝𐑤𐑦 𐑡𐑳𐑚𐑤𐑦,ˌlʌvli ˈdʒʌbli,drop,,,,,wiktionary,new,97,shave_agrees
mad as a hatter,AJ0,GenAm,𐑥𐑨𐑛 𐑨𐑟 𐑩 𐑣𐑨𐑑𐑼,ˌmæd æz ə ˈhætəR,drop,,,,,wiktionary,new,97,shave_agrees
mad as a hatter,AJ0,RSSB,𐑥𐑨𐑛 𐑨𐑟 𐑩 𐑣𐑨𐑑𐑼,ˌmæd æz ə hætəR,drop,,,,,wiktionary,new,97,shave_agrees
magic realism,NN1,GenAm,𐑥𐑨𐑡𐑦𐑒 𐑮𐑾𐑤𐑦𐑟𐑩𐑥,ˈmædʒɪk ˈriəlɪzəm,drop,,,,,wiktionary,new,97,shave_agrees
magic realism,NN1,RSSB,𐑥𐑨𐑡𐑦𐑒 𐑮𐑾𐑤𐑦𐑟𐑩𐑥,ˈmadʒɪk riəlɪzəm,drop,,,,,wiktionary,new,97,shave_agrees
magic word,NN1,GenAm,𐑥𐑨𐑡𐑦𐑒 𐑢𐑻𐑛,ˌmædʒɪk ˈwɜːRd,drop,,,,,wiktionary,new,97,shave_agrees
magic word,NN1,RSSB,𐑥𐑨𐑡𐑦𐑒 𐑢𐑻𐑛,ˌmædʒɪk wɜːRd,drop,,,,,wiktionary,new,97,shave_agrees
magnetic bottle,NN1,RSSB,𐑥𐑨𐑜𐑯𐑧𐑑𐑦𐑒 𐑚𐑪𐑑𐑩𐑤,mæɡˈnetɪk ˈbɒtəl,drop,,,,,wiktionary,new,97,shave_agrees
mailing list,NN1,GenAm,𐑥𐑱𐑤𐑦𐑙 𐑤𐑦𐑕𐑑,ˈmeɪlɪŋ lɪst,drop,,,,,wiktionary,new,97,shave_agrees
make a clean breast,VVI,RSSB,𐑥𐑱𐑒 𐑩 𐑒𐑤𐑰𐑯 𐑚𐑮𐑧𐑕𐑑,ˈmeɪk ə ˈkliːn brest,drop,,,,,wiktionary,new,97,shave_agrees
make no bones about,VVI,GenAm,𐑥𐑱𐑒 𐑯𐑴 𐑚𐑴𐑯𐑟 𐑩𐑚𐑬𐑑,ˌmeɪk noʊ ˈboʊnz əˌbaʊt,drop,,,,,wiktionary,new,97,shave_agrees
make no bones about,VVI,RSSB,𐑥𐑱𐑒 𐑯𐑴 𐑚𐑴𐑯𐑟 𐑩𐑚𐑬𐑑,ˌmeɪk nəʊ ˈbəʊnz əˌbaʊt,drop,,,,,wiktionary,new,97,shave_agrees
man Friday,NN1,GenAm,𐑥𐑨𐑯 𐑓𐑮𐑲𐑛𐑱,ˌmæn ˈfraɪˌdeɪ,drop,,,,,wiktionary,new,97,shave_agrees
man Friday,NN1,RSSB,𐑥𐑨𐑯 𐑓𐑮𐑲𐑛𐑱,ˌmæn ˈfraɪdeɪ,drop,,,,,wiktionary,new,97,shave_agrees
mandarin duck,NN1,GenAm,𐑥𐑨𐑯𐑛𐑼𐑦𐑯 𐑛𐑳𐑒,ˈmændərɪn dʌk,drop,,,,,wiktionary,new,97,shave_agrees
mandarin duck,NN1,RSSB,𐑥𐑨𐑯𐑛𐑼𐑦𐑯 𐑛𐑳𐑒,mændərɪn dʌk,drop,,,,,wiktionary,new,97,shave_agrees
manic pixie dream girl,NN1,RSSB,𐑥𐑨𐑯𐑦𐑒 𐑐𐑦𐑒𐑕𐑦 𐑛𐑮𐑰𐑥 𐑜𐑻𐑤,ˈmænɪk ˌpɪksi ˈdriːm ɡɜːRl,drop,,,,,wiktionary,new,97,shave_agrees
marsh crake,NN1,RSSB,𐑥𐑸𐑖 𐑒𐑮𐑱𐑒,mɑːRʃ ˌkreɪk,drop,,,,,wiktionary,new,97,shave_agrees
martial law,NN1,RSSB,𐑥𐑸𐑖𐑩𐑤 𐑤𐑷,mɑːRʃəl lɔː,drop,,,,,wiktionary,new,97,shave_agrees
mash tun,NN1,RSSB,𐑥𐑨𐑖 𐑑𐑳𐑯,ˈmæʃ tʌn,drop,,,,,wiktionary,new,97,shave_agrees
mediterranean sea,NN1,RSSB,𐑥𐑧𐑛𐑦𐑑𐑼𐑱𐑯𐑾𐑯 𐑕𐑰,medɪtəreɪnɪən ˈsiː,drop,,,,,wiktionary,new,95,"r_gap:spelling=2,ipa=1; shave_agrees"
meet cute,NN1,RSSB,𐑥𐑰𐑑 𐑒𐑿𐑑,ˈmiːt ˌkjuːt,drop,,,,,wiktionary,new,97,shave_agrees
meet cute,VVI,RSSB,𐑥𐑰𐑑 𐑒𐑿𐑑,ˈmiːt ˌkjuːt,drop,,,,,wiktionary,new,97,shave_agrees
melt pond,NN1,GenAm,𐑥𐑧𐑤𐑑 𐑐𐑪𐑯𐑛,ˈmelt ˌpɒnd,drop,,,,,wiktionary,new,97,shave_agrees
melt pond,NN1,RSSB,𐑥𐑧𐑤𐑑 𐑐𐑪𐑯𐑛,ˈmelt ˌpɒnd,drop,,,,,wiktionary,new,97,shave_agrees
memory hole,NN1,GenAm,𐑥𐑧𐑥𐑼𐑦 𐑣𐑴𐑤,ˈmeməri ˌhoʊl,drop,,,,,wiktionary,new,97,shave_agrees
memory hole,NN1,RSSB,𐑥𐑧𐑥𐑼𐑦 𐑣𐑴𐑤,meməri ˌhəʊl,drop,,,,,wiktionary,new,97,shave_agrees
menstrual cup,NN1,GenAm,𐑥𐑧𐑯𐑕𐑑𐑮𐑫𐑩𐑤 𐑒𐑳𐑐,ˈmenstruəl kʌp,drop,,,,,wiktionary,new,97,shave_agrees
methamphetamine hydrochloride,NN1,RSSB,𐑥𐑧𐑔𐑨𐑥𐑓𐑧𐑑𐑩𐑥𐑰𐑯 𐑣𐑲𐑛𐑮𐑴𐑒𐑤𐑹𐑲𐑛,ˌmeθamˈfetəmiːn haɪdrəʊklɔːraɪd,drop,,,,,wiktionary,new,97,shave_agrees
midnight sun,NN1,GenAm,𐑥𐑦𐑛𐑯𐑲𐑑 𐑕𐑳𐑯,ˈmɪdˌnaɪt sʌn,drop,,,,,wiktionary,new,97,shave_agrees
milk abscess,NN1,GenAm,𐑥𐑦𐑤𐑒 𐑨𐑚𐑕𐑧𐑕,mɪlk ˈæbˌses,drop,,,,,wiktionary,new,97,shave_agrees
milk toast,NN1,GenAm,𐑥𐑦𐑤𐑒 𐑑𐑴𐑕𐑑,ˈmɪlk ˌtoʊst,drop,,,,,wiktionary,new,97,shave_agrees
milk toast,NN1,RSSB,𐑥𐑦𐑤𐑒 𐑑𐑴𐑕𐑑,ˈmɪlk təʊst,drop,,,,,wiktionary,new,97,shave_agrees
mince one's words,VVI,GenAm,𐑥𐑦𐑯𐑕 𐑢𐑳𐑯𐑟 𐑢𐑻𐑛𐑟,mɪns wʌnz ˈwɜːRdz,drop,,,,,wiktionary,new,97,shave_agrees
mince one's words,VVI,RSSB,𐑥𐑦𐑯𐑕 𐑢𐑳𐑯𐑟 𐑢𐑻𐑛𐑟,mɪns wʌnz wɜːRdz,drop,,,,,wiktionary,new,97,shave_agrees
mince words,VVI,GenAm,𐑥𐑦𐑯𐑕 𐑢𐑻𐑛𐑟,ˌmɪns ˈwɜːRdz,drop,,,,,wiktionary,new,97,shave_agrees
mince words,VVI,RSSB,𐑥𐑦𐑯𐑕 𐑢𐑻𐑛𐑟,ˌmɪns wɜːRdz,drop,,,,,wiktionary,new,97,shave_agrees
minimum wage,NN1,RSSB,𐑥𐑦𐑯𐑦𐑥𐑩𐑥 𐑢𐑱𐑡,ˌmɪnɪməm ˈweɪdʒ,drop,,,,,wiktionary,new,97,shave_agrees
misery loves company,UNC,GenAm,𐑥𐑦𐑟𐑼𐑦 𐑤𐑳𐑝𐑟 𐑒𐑳𐑥𐑐𐑩𐑯𐑦,ˈmɪzəri lʌvz ˈkʌmpəni,drop,,,,,wiktionary,new,97,shave_agrees
misery loves company,UNC,RSSB,𐑥𐑦𐑟𐑼𐑦 𐑤𐑳𐑝𐑟 𐑒𐑳𐑥𐑐𐑩𐑯𐑦,mɪzərɪ lʌvz ˈkʌmpəni,drop,,,,,wiktionary,new,97,shave_agrees
missed abortion,NN1,GenAm,𐑥𐑦𐑕𐑑 𐑩𐑚𐑹𐑖𐑩𐑯,mɪst əˈbɔːRʃən,drop,,,,,wiktionary,new,97,shave_agrees
mob cap,NN1,RSSB,𐑥𐑪𐑚 𐑒𐑨𐑐,ˈmɒb kap,drop,,,,,wiktionary,new,97,shave_agrees
modus operandi,NN1,GenAm,𐑥𐑴𐑛𐑩𐑕 𐑪𐑐𐑼𐑨𐑯𐑛𐑦,ˈmoʊdəs ɒpərˌændi,drop,,,,,wiktionary,supplement,97,shave_agrees
mola mola,NN1,GenAm,𐑥𐑴𐑤𐑩 𐑥𐑴𐑤𐑩,ˈmoʊlə ˈmoʊlə,drop,,,,,wiktionary,new,97,shave_agrees
mola mola,NN1,RSSB,𐑥𐑴𐑤𐑩 𐑥𐑴𐑤𐑩,ˈməʊlə ˈməʊlə,drop,,,,,wiktionary,new,97,shave_agrees
moly cow,NN1,GenAm,𐑥𐑴𐑤𐑦 𐑒𐑬,ˈmoʊli kaʊ,drop,,,,,wiktionary,new,97,shave_agrees
moly cow,NN1,RSSB,𐑥𐑴𐑤𐑦 𐑒𐑬,ˈməʊli kaʊ,drop,,,,,wiktionary,new,97,shave_agrees
money talks,UNC,RSSB,𐑥𐑳𐑯𐑦 𐑑𐑷𐑒𐑕,ˈmʌni tɔːks,drop,,,,,wiktionary,new,97,shave_agrees
monkey business,NN1,GenAm,𐑥𐑳𐑙𐑒𐑦 𐑚𐑦𐑟𐑯𐑩𐑕,ˈmʌŋki ˌbɪznəs,drop,,,,,wiktionary,new,97,shave_agrees
monkey business,NN1,RSSB,𐑥𐑳𐑙𐑒𐑦 𐑚𐑦𐑟𐑯𐑩𐑕,ˈmʌŋkɪ ˌbɪznəs,drop,,,,,wiktionary,new,97,shave_agrees
moon shot,NN1,GenAm,𐑥𐑵𐑯 𐑖𐑪𐑑,ˈmuːn ʃɒt,drop,,,,,wiktionary,new,97,shave_agrees
moon shot,NN1,RSSB,𐑥𐑵𐑯 𐑖𐑪𐑑,ˈmuːn ʃɒt,drop,,,,,wiktionary,new,97,shave_agrees
moonlight flit,NN1,RSSB,𐑥𐑵𐑯𐑤𐑲𐑑 𐑓𐑤𐑦𐑑,ˌmuːnlaɪt ˈflɪt,drop,,,,,wiktionary,new,97,shave_agrees
moral compass,NN1,RSSB,𐑥𐑪𐑮𐑩𐑤 𐑒𐑳𐑥𐑐𐑩𐑕,mɒrəl ˈkʌmpəs,drop,,,,,wiktionary,new,97,shave_agrees
more or less,AV0,GenAm,𐑥𐑹 𐑹 𐑤𐑧𐑕,mɔːR ɔːR les,drop,,,,,wiktionary,new,97,shave_agrees
mother abscess,NN1,GenAm,𐑥𐑳𐑞𐑼 𐑨𐑚𐑕𐑧𐑕,ˈmʌðəR ˈæbˌses,drop,,,,,wiktionary,new,97,shave_agrees
mother figure,NN1,GenAm,𐑥𐑳𐑞𐑼 𐑓𐑦𐑜𐑼,ˈmʌðəR ˌfɪɡəR,drop,,,,,wiktionary,new,97,shave_agrees
mother figure,NN1,RSSB,𐑥𐑳𐑞𐑼 𐑓𐑦𐑜𐑼,mʌðəR fɪɡəR,drop,,,,,wiktionary,new,97,shave_agrees
mother tongue,NN1,GenAm,𐑥𐑳𐑞𐑼 𐑑𐑳𐑙,ˈmʌðəR ˌtʌŋ,drop,,,,,wiktionary,new,97,shave_agrees
mother tongue,NN1,RSSB,𐑥𐑳𐑞𐑼 𐑑𐑳𐑙,mʌðəR ˌtʌŋ,drop,,,,,wiktionary,new,97,shave_agrees
motherhood statement,NN1,GenAm,𐑥𐑳𐑞𐑼𐑣𐑫𐑛 𐑕𐑑𐑱𐑑𐑥𐑩𐑯𐑑,ˈmʌðəRˌhʊd ˈsteɪtmənt,drop,,,,,wiktionary,new,97,shave_agrees
motherhood statement,NN1,RSSB,𐑥𐑳𐑞𐑼𐑣𐑫𐑛 𐑕𐑑𐑱𐑑𐑥𐑩𐑯𐑑,mʌðəRhʊd ˈsteɪtmənt,drop,,,,,wiktionary,new,97,shave_agrees
motley crew,NN1,RSSB,𐑥𐑪𐑑𐑤𐑦 𐑒𐑮𐑵,ˌmɒtli ˈkruː,drop,,,,,wiktionary,new,97,shave_agrees
mountain apple,NN1,GenAm,𐑥𐑬𐑯𐑑𐑩𐑯 𐑨𐑐𐑩𐑤,ˌmaʊntən ˈæpəl,drop,,,,,wiktionary,new,97,shave_agrees
mouse potato,NN1,RSSB,𐑥𐑬𐑕 𐑐𐑩𐑑𐑱𐑑𐑴,ˈmaʊs pəˈteɪtəʊ,drop,,,,,wiktionary,new,97,shave_agrees
mox nix,AJ0,GenAm,𐑥𐑪𐑒𐑕 𐑯𐑦𐑒𐑕,ˈmɒks ˌnɪks,drop,,,,,wiktionary,new,97,shave_agrees
mox nix,ITJ,GenAm,𐑥𐑪𐑒𐑕 𐑯𐑦𐑒𐑕,ˈmɒks ˌnɪks,drop,,,,,wiktionary,new,97,shave_agrees
much too,AV0,RSSB,𐑥𐑳𐑗 𐑑𐑵,ˈmʌtʃ tuː,drop,,,,,wiktionary,new,97,shave_agrees
muddle through,VVI,RSSB,𐑥𐑳𐑛𐑩𐑤 𐑔𐑮𐑵,ˈmʌdəl θruː,drop,,,,,wiktionary,new,97,shave_agrees
mulching mower,NN1,GenAm,𐑥𐑳𐑤𐑗𐑦𐑙 𐑥𐑴𐑼,mʌltʃɪŋ moʊər,drop,,,,,wiktionary,new,97,shave_agrees
mulching mower,NN1,RSSB,𐑥𐑳𐑤𐑗𐑦𐑙 𐑥𐑴𐑼,mʌltʃɪŋ məʊəR,drop,,,,,wiktionary,new,97,shave_agrees
mulga wire,NN1,GenAm,𐑥𐑳𐑤𐑜𐑩 𐑢𐑲𐑼,ˈmʌlɡə ˌwaɪər,drop,,,,,wiktionary,new,97,shave_agrees
mulga wire,NN1,RSSB,𐑥𐑳𐑤𐑜𐑩 𐑢𐑲𐑼,ˈmʌlɡə waɪəR,drop,,,,,wiktionary,new,97,shave_agrees
muscle memory,NN1,GenAm,𐑥𐑳𐑕𐑩𐑤 𐑥𐑧𐑥𐑼𐑦,ˈmʌsəl ˈmeməRi,drop,,,,,wiktionary,new,97,shave_agrees
muscle memory,NN1,RSSB,𐑥𐑳𐑕𐑩𐑤 𐑥𐑧𐑥𐑼𐑦,ˌmʌsəl meməri,drop,,,,,wiktionary,new,97,shave_agrees
muscle mommy,NN1,GenAm,𐑥𐑳𐑕𐑩𐑤 𐑥𐑪𐑥𐑦,ˌmʌsəl ˈmɒmi,drop,,,,,wiktionary,new,97,shave_agrees
muscle mommy,NN1,RSSB,𐑥𐑳𐑕𐑩𐑤 𐑥𐑪𐑥𐑦,ˌmʌsəl ˈmɒmi,drop,,,,,wiktionary,new,97,shave_agrees
my giddy aunt,ITJ,GenAm,𐑥𐑲 𐑜𐑦𐑛𐑦 𐑨𐑯𐑑,maɪ ˌɡɪdi ˈænt,drop,,,,,wiktionary,new,97,shave_agrees
my giddy aunt,ITJ,RSSB,𐑥𐑲 𐑜𐑦𐑛𐑦 𐑭𐑯𐑑,maɪ ˌɡɪdi ˈɑːnt,drop,,,,,wiktionary,new,97,shave_agrees
narrow escape,NN1,RSSB,𐑯𐑨𐑮𐑴 𐑦𐑕𐑒𐑱𐑐,ˌnærəʊ ɪˈskeɪp,drop,,,,,wiktionary,new,95,"r_gap:spelling=2,ipa=1; shave_agrees"
naughty list,NN1,RSSB,𐑯𐑷𐑑𐑦 𐑤𐑦𐑕𐑑,ˈnɔːti lɪst,drop,,,,,wiktionary,new,97,shave_agrees
naughty step,NN1,RSSB,𐑯𐑷𐑑𐑦 𐑕𐑑𐑧𐑐,ˈnɔːti ˌstep,drop,,,,,wiktionary,new,97,shave_agrees
neither fish nor fowl,AJ0,GenAm,𐑯𐑲𐑞𐑼 𐑓𐑦𐑖 𐑯𐑹 𐑓𐑬𐑤,ˌnaɪðəR ˈfɪʃ nɔːR ˈfaʊl,drop,,,,,wiktionary,new,97,shave_agrees
neither fish nor fowl,AJ0,RSSB,𐑯𐑲𐑞𐑼 𐑓𐑦𐑖 𐑯𐑹 𐑓𐑬𐑤,naɪðəR ˈfɪʃ nɔːR ˈfaʊl,drop,,,,,wiktionary,new,97,shave_agrees
neutral ground,NN1,GenAm,𐑯𐑵𐑑𐑮𐑩𐑤 𐑜𐑮𐑬𐑯𐑛,ˈnuːtrəl ɡraʊnd,drop,,,,,wiktionary,new,97,shave_agrees
nice list,NN1,GenAm,𐑯𐑲𐑕 𐑤𐑦𐑕𐑑,ˈnaɪs lɪst,drop,,,,,wiktionary,new,97,shave_agrees
nice list,NN1,RSSB,𐑯𐑲𐑕 𐑤𐑦𐑕𐑑,ˈnaɪs lɪst,drop,,,,,wiktionary,new,97,shave_agrees
night owl,NN1,GenAm,𐑯𐑲𐑑 𐑬𐑤,ˈnaɪt ˌaʊl,drop,,,,,wiktionary,new,97,shave_agrees
night owl,NN1,RSSB,𐑯𐑲𐑑 𐑬𐑤,ˈnaɪt aʊl,drop,,,,,wiktionary,new,97,shave_agrees
ninja van,NN1,RSSB,𐑯𐑦𐑯𐑡𐑩 𐑝𐑨𐑯,ˈnɪndʒə væn,drop,,,,,wiktionary,new,97,shave_agrees
no diggity,UNC,GenAm,𐑯𐑴 𐑛𐑦𐑜𐑦𐑑𐑦,ˈnoʊ ˈdɪɡɪti,drop,,,,,wiktionary,new,97,shave_agrees
no homo,AV0,GenAm,𐑯𐑴 𐑣𐑴𐑥𐑴,ˌnoʊ ˈhoʊmoʊ,drop,,,,,wiktionary,new,97,shave_agrees
no longer,AV0,GenAm,𐑯𐑴 𐑤𐑪𐑙𐑜𐑼,noʊ ˈlɒŋɡəR,drop,,,,,wiktionary,new,97,shave_agrees
no shit,ITJ,GenAm,𐑯𐑴 𐑖𐑦𐑑,noʊ ˈʃɪt,drop,,,,,wiktionary,new,97,shave_agrees
north country,NN1,RSSB,𐑯𐑹𐑔 𐑒𐑳𐑯𐑑𐑮𐑦,nɔːRθ ˌkʌntri,drop,,,,,wiktionary,new,97,shave_agrees
north pole,NN1,GenAm,𐑯𐑹𐑔 𐑐𐑴𐑤,ˌnɔːRθ ˈpoʊl,drop,,,,,wiktionary,new,97,shave_agrees
north pole,NN1,RSSB,𐑯𐑹𐑔 𐑐𐑴𐑤,nɔːRθ ˈpəʊl,drop,,,,,wiktionary,new,97,shave_agrees
north wind,NN1,RSSB,𐑯𐑹𐑔 𐑢𐑦𐑯𐑛,nɔːRθ wɪnd,drop,,,,,wiktionary,new,97,shave_agrees
northern pike,NN1,GenAm,𐑯𐑹𐑞𐑼𐑯 𐑐𐑲𐑒,ˈnɔːRðəRn paɪk,drop,,,,,wiktionary,new,97,shave_agrees
northern pike,NN1,RSSB,𐑯𐑹𐑞𐑼𐑯 𐑐𐑲𐑒,nɔːRðəRn paɪk,drop,,,,,wiktionary,new,97,shave_agrees
nothing if not,AV0,RSSB,𐑯𐑳𐑔𐑦𐑙 𐑦𐑓 𐑯𐑪𐑑,ˈnʌθɪŋ ɪf nɒt,drop,,,,,wiktionary,new,97,shave_agrees
nurse merger,NN1,RSSB,𐑯𐑻𐑕 𐑥𐑻𐑡𐑼,nɜːRs mɜːRdʒəR,drop,,,,,wiktionary,new,97,shave_agrees
nutting truck,NN1,GenAm,𐑯𐑳𐑑𐑦𐑙 𐑑𐑮𐑳𐑒,ˈnʌtɪŋ ˌtrʌk,drop,,,,,wiktionary,new,97,shave_agrees
nutty slack,NN1,GenAm,𐑯𐑳𐑑𐑦 𐑕𐑤𐑨𐑒,ˌnʌti ˈslæk,drop,,,,,wiktionary,new,97,shave_agrees
nutty slack,NN1,RSSB,𐑯𐑳𐑑𐑦 𐑕𐑤𐑨𐑒,ˌnʌti ˈslæk,drop,,,,,wiktionary,new,97,shave_agrees
oak tree,NN1,RSSB,𐑴𐑒 𐑑𐑮𐑰,ˈəʊk ˌtriː,drop,,,,,wiktionary,new,97,shave_agrees
occipital lobe,NN1,GenAm,𐑪𐑒𐑕𐑦𐑐𐑦𐑑𐑩𐑤 𐑤𐑴𐑚,ˌɒkˈsɪpɪtəl ˌloʊb,drop,,,,,wiktionary,new,97,shave_agrees
ocean depths,NN1,GenAm,𐑴𐑖𐑩𐑯 𐑛𐑧𐑐𐑔𐑕,ˈoʊʃən ˌdepθs,drop,,,,,wiktionary,new,97,shave_agrees
ocean depths,NN1,RSSB,𐑴𐑖𐑩𐑯 𐑛𐑧𐑐𐑔𐑕,ˈəʊʃən ˌdepθs,drop,,,,,wiktionary,new,97,shave_agrees
odd man,NN1,RSSB,𐑪𐑛 𐑥𐑨𐑯,ˈɒd man,drop,,,,,wiktionary,new,97,shave_agrees
oh my goodness,ITJ,GenAm,𐑴 𐑥𐑲 𐑜𐑫𐑛𐑯𐑩𐑕,oʊ maɪ ˈɡʊdnəs,drop,,,,,wiktionary,new,97,shave_agrees
oh well,ITJ,GenAm,𐑴 𐑢𐑧𐑤,ˈoʊ wel,drop,,,,,wiktionary,new,97,shave_agrees
oh well,ITJ,RSSB,𐑴 𐑢𐑧𐑤,ˈəʊ wel,drop,,,,,wiktionary,new,97,shave_agrees
olive branch,NN1,GenAm,𐑪𐑤𐑦𐑝 𐑚𐑮𐑨𐑯𐑗,ˈɒlɪv bræntʃ,drop,,,,,wiktionary,new,97,shave_agrees
olive branch,NN1,RSSB,𐑪𐑤𐑦𐑝 𐑚𐑮𐑭𐑯𐑗,ˈɒlɪv brɑːntʃ,drop,,,,,wiktionary,new,97,shave_agrees
olive branch,VVI,GenAm,𐑪𐑤𐑦𐑝 𐑚𐑮𐑨𐑯𐑗,ˈɒlɪv bræntʃ,drop,,,,,wiktionary,new,97,shave_agrees
olive branch,VVI,RSSB,𐑪𐑤𐑦𐑝 𐑚𐑮𐑭𐑯𐑗,ˈɒlɪv brɑːntʃ,drop,,,,,wiktionary,new,97,shave_agrees
on fleek,UNC,RSSB,𐑪𐑯 𐑓𐑤𐑰𐑒,ɒn ˈfliːk,drop,,,,,wiktionary,new,97,shave_agrees
on high,UNC,GenAm,𐑪𐑯 𐑣𐑲,ɒn ˈhaɪ,drop,,,,,wiktionary,new,97,shave_agrees
on high,UNC,RSSB,𐑪𐑯 𐑣𐑲,ɒn ˈhaɪ,drop,,,,,wiktionary,new,97,shave_agrees
on ice,UNC,GenAm,𐑪𐑯 𐑲𐑕,ɒn ˈaɪs,drop,,,,,wiktionary,new,97,shave_agrees
on ice,UNC,RSSB,𐑪𐑯 𐑲𐑕,ɒn ˈaɪs,drop,,,,,wiktionary,new,97,shave_agrees
on tenterhooks,UNC,GenAm,𐑪𐑯 𐑑𐑧𐑯𐑑𐑼𐑣𐑫𐑒𐑕,ˌɒn ˈtentərˌhʊks,drop,,,,,wiktionary,new,97,shave_agrees
on tenterhooks,UNC,RSSB,𐑪𐑯 𐑑𐑧𐑯𐑑𐑼𐑣𐑫𐑒𐑕,ˌɒn tentəRhʊks,drop,,,,,wiktionary,new,97,shave_agrees
open source,NN1,GenAm,𐑴𐑐𐑩𐑯 𐑕𐑹𐑕,ˈoʊpən ˌsɔːRs,drop,,,,,wiktionary,new,97,shave_agrees
open source,VVI,GenAm,𐑴𐑐𐑩𐑯 𐑕𐑹𐑕,ˈoʊpən ˌsɔːRs,drop,,,,,wiktionary,new,97,shave_agrees
open world,NN1,GenAm,𐑴𐑐𐑩𐑯 𐑢𐑻𐑤𐑛,ˌoʊpən ˈwɜːRld,drop,,,,,wiktionary,new,97,shave_agrees
open world,NN1,RSSB,𐑴𐑐𐑩𐑯 𐑢𐑻𐑤𐑛,ˌəʊpən wɜːRld,drop,,,,,wiktionary,new,97,shave_agrees
opera slipper,NN1,GenAm,𐑪𐑐𐑼𐑩 𐑕𐑤𐑦𐑐𐑼,ˌɒpərə ˈslɪpər,drop,,,,,wiktionary,new,97,shave_agrees
opera slipper,NN1,RSSB,𐑪𐑐𐑼𐑩 𐑕𐑤𐑦𐑐𐑼,ɒpərə slɪpər,drop,,,,,wiktionary,new,97,shave_agrees
operating system,NN1,GenAm,𐑪𐑐𐑼𐑱𐑑𐑦𐑙 𐑕𐑦𐑕𐑑𐑩𐑥,ˈɒpəˌreɪtɪŋ ˌsɪstəm,drop,,,,,wiktionary,new,97,shave_agrees
operating system,NN1,RSSB,𐑪𐑐𐑼𐑱𐑑𐑦𐑙 𐑕𐑦𐑕𐑑𐑩𐑥,ɒpəreɪtɪŋ ˌsɪstəm,drop,,,,,wiktionary,new,97,shave_agrees
operetta house,NN1,GenAm,𐑪𐑐𐑼𐑧𐑑𐑩 𐑣𐑬𐑕,ˌɒpəˈretə ˌhaʊs,drop,,,,,wiktionary,new,97,shave_agrees
operetta house,NN1,RSSB,𐑪𐑐𐑼𐑧𐑑𐑩 𐑣𐑬𐑕,ɒpəretə ˌhaʊs,drop,,,,,wiktionary,new,97,shave_agrees
opinions are like assholes,UNC,GenAm,𐑩𐑐𐑦𐑯𐑘𐑩𐑯𐑟 𐑸 𐑤𐑲𐑒 𐑨𐑕𐑣𐑴𐑤𐑟,əˈpɪnjənz ɑːr laɪk ˈæsˌhoʊlz,drop,,,,,wiktionary,new,97,shave_agrees
or bust,UNC,GenAm,𐑹 𐑚𐑳𐑕𐑑,ɔːR ˈbʌst,drop,,,,,wiktionary,new,97,shave_agrees
or bust,UNC,RSSB,𐑹 𐑚𐑳𐑕𐑑,ɔːR ˈbʌst,drop,,,,,wiktionary,new,97,shave_agrees
ordinal numeral,NN1,RSSB,𐑹𐑛𐑦𐑯𐑩𐑤 𐑯𐑿𐑥𐑼𐑩𐑤,ɔːrdɪnəl njuːmərəl,drop,,,,,wiktionary,new,97,shave_agrees
organ grinder,NN1,GenAm,𐑹𐑜𐑩𐑯 𐑜𐑮𐑲𐑯𐑛𐑼,ˈɔːRɡən ˌɡraɪndər,drop,,,,,wiktionary,new,97,shave_agrees
organ grinder,NN1,RSSB,𐑹𐑜𐑩𐑯 𐑜𐑮𐑲𐑯𐑛𐑼,ɔːRɡən ɡraɪndəR,drop,,,,,wiktionary,new,97,shave_agrees
organ gun,NN1,GenAm,𐑹𐑜𐑩𐑯 𐑜𐑳𐑯,ˌɔːRɡən ˈɡʌn,drop,,,,,wiktionary,new,97,shave_agrees
organ gun,NN1,RSSB,𐑹𐑜𐑩𐑯 𐑜𐑳𐑯,ɔːRɡən ˈɡʌn,drop,,,,,wiktionary,new,97,shave_agrees
outer space,NN1,GenAm,𐑬𐑑𐑼 𐑕𐑐𐑱𐑕,ˌaʊtəR ˈspeɪs,drop,,,,,wiktionary,new,97,shave_agrees
outer space,NN1,RSSB,𐑬𐑑𐑼 𐑕𐑐𐑱𐑕,aʊtəR ˈspeɪs,drop,,,,,wiktionary,new,97,shave_agrees
over my dead body,UNC,GenAm,𐑴𐑝𐑼 𐑥𐑲 𐑛𐑧𐑛 𐑚𐑪𐑛𐑦,oʊvəR maɪ ded bɒdi,drop,,,,,wiktionary,new,97,shave_agrees
overvalued idea,NN1,RSSB,𐑴𐑝𐑼𐑝𐑨𐑤𐑿𐑛 𐑲𐑛𐑾,əʊvərvæljuːd aɪˈdɪə,drop,,,,,wiktionary,new,97,shave_agrees
ozone layer,NN1,GenAm,𐑴𐑟𐑴𐑯 𐑤𐑱𐑼,ˈoʊzoʊn ˌleɪər,drop,,,,,wiktionary,new,97,shave_agrees
pack journalism,NN1,GenAm,𐑐𐑨𐑒 𐑡𐑻𐑯𐑩𐑤𐑦𐑟𐑩𐑥,ˈpæk ˈdʒɜːRnəlˌɪzəm,drop,,,,,wiktionary,new,97,shave_agrees
packed like sardines,AJ0,RSSB,𐑐𐑨𐑒𐑑 𐑤𐑲𐑒 𐑕𐑸𐑛𐑰𐑯𐑟,pækt laɪk sɑːRdiːnz,drop,,,,,wiktionary,new,97,shave_agrees
pad thai,NN1,GenAm,𐑐𐑨𐑛 𐑑𐑲,ˌpæd ˈtaɪ,drop,,,,,wiktionary,new,97,shave_agrees
pad thai,NN1,RSSB,𐑐𐑨𐑛 𐑑𐑲,ˌpæd ˈtaɪ,drop,,,,,wiktionary,new,97,shave_agrees
panda car,NN1,GenAm,𐑐𐑨𐑯𐑛𐑩 𐑒𐑸,ˌpændə ˈkɑːR,drop,,,,,wiktionary,new,97,shave_agrees
panda car,NN1,RSSB,𐑐𐑨𐑯𐑛𐑩 𐑒𐑸,ˌpændə kɑːR,drop,,,,,wiktionary,new,97,shave_agrees
paper candidate,NN1,RSSB,𐑐𐑱𐑐𐑼 𐑒𐑨𐑯𐑛𐑦𐑛𐑩𐑑,peɪpəR ˈkændɪdət,drop,,,,,wiktionary,new,97,shave_agrees
paper general,NN1,GenAm,𐑐𐑱𐑐𐑼 𐑡𐑧𐑯𐑼𐑩𐑤,ˈpeɪpəR ˈdʒenərəl,drop,,,,,wiktionary,new,97,shave_agrees
paper general,NN1,RSSB,𐑐𐑱𐑐𐑼 𐑡𐑧𐑯𐑼𐑩𐑤,peɪpəR dʒenərəl,drop,,,,,wiktionary,new,97,shave_agrees
paper money,NN1,GenAm,𐑐𐑱𐑐𐑼 𐑥𐑳𐑯𐑦,ˌpeɪpər ˈmʌni,drop,,,,,wiktionary,new,97,shave_agrees
paper money,NN1,RSSB,𐑐𐑱𐑐𐑼 𐑥𐑳𐑯𐑦,peɪpəR ˈmʌni,drop,,,,,wiktionary,new,97,shave_agrees
paradoxical frog,NN1,RSSB,𐑐𐑨𐑮𐑩𐑛𐑪𐑒𐑕𐑦𐑒𐑩𐑤 𐑓𐑮𐑪𐑜,pærədɒksɪkəl frɒɡ,drop,,,,,wiktionary,new,97,shave_agrees
parietal lobe,NN1,GenAm,𐑐𐑼𐑲𐑩𐑑𐑩𐑤 𐑤𐑴𐑚,pəˈraɪətəl ˌloʊb,drop,,,,,wiktionary,new,97,shave_agrees
park connector,NN1,GenAm,𐑐𐑸𐑒 𐑒𐑩𐑯𐑧𐑒𐑑𐑼,ˈpɑːRk kəˌnektəR,drop,,,,,wiktionary,new,97,shave_agrees
parking coupon,NN1,RSSB,𐑐𐑸𐑒𐑦𐑙 𐑒𐑵𐑐𐑪𐑯,pɑːRkɪŋ ˈkuːpɒn,drop,,,,,wiktionary,new,97,shave_agrees
pars distalis,NN1,GenAm,𐑐𐑸𐑟 𐑛𐑦𐑕𐑑𐑨𐑤𐑦𐑕,ˌpɑːRz dɪsˈtælis,drop,,,,,wiktionary,new,97,shave_agrees
parson bird,NN1,GenAm,𐑐𐑸𐑕𐑩𐑯 𐑚𐑻𐑛,ˈpɑːRsən ˌbɜːRd,drop,,,,,wiktionary,new,97,shave_agrees
parson bird,NN1,RSSB,𐑐𐑸𐑕𐑩𐑯 𐑚𐑻𐑛,pɑːRsən bɜːRd,drop,,,,,wiktionary,new,97,shave_agrees
partial false friend,NN1,RSSB,𐑐𐑸𐑖𐑩𐑤 𐑓𐑷𐑤𐑕 𐑓𐑮𐑧𐑯𐑛,pɑːRʃəl fɔːls frend,drop,,,,,wiktionary,new,97,shave_agrees
party favor,NN1,GenAm,𐑐𐑸𐑑𐑦 𐑓𐑱𐑝𐑼,ˈpɑːRti ˌfeɪvəR,drop,,,,,wiktionary,new,97,shave_agrees
party spirit,NN1,GenAm,𐑐𐑸𐑑𐑦 𐑕𐑐𐑦𐑮𐑦𐑑,ˌpɑːRti ˈspɪrɪt,drop,,,,,wiktionary,new,97,shave_agrees
party spirit,NN1,RSSB,𐑐𐑸𐑑𐑦 𐑕𐑐𐑦𐑮𐑦𐑑,pɑːRti ˈspɪrɪt,drop,,,,,wiktionary,new,97,shave_agrees
pass by,VVI,GenAm,𐑐𐑨𐑕 𐑚𐑲,pæs ˈbaɪ,drop,,,,,wiktionary,new,97,shave_agrees
pass by,VVI,RSSB,𐑐𐑭𐑕 𐑚𐑲,pɑːs ˈbaɪ,drop,,,,,wiktionary,new,97,shave_agrees
pass muster,VVI,GenAm,𐑐𐑨𐑕 𐑥𐑳𐑕𐑑𐑼,ˌpæs ˈmʌstəR,drop,,,,,wiktionary,new,97,shave_agrees
pass muster,VVI,RSSB,𐑐𐑭𐑕 𐑥𐑳𐑕𐑑𐑼,ˌpɑːs mʌstəR,drop,,,,,wiktionary,new,97,shave_agrees
pass up,VVI,RSSB,𐑐𐑭𐑕 𐑳𐑐,pɑːs ˈʌp,drop,,,,,wiktionary,new,97,shave_agrees
paternity leave,NN1,RSSB,𐑐𐑩𐑑𐑻𐑯𐑦𐑑𐑦 𐑤𐑰𐑝,pətɜːRnɪti ˌliːv,drop,,,,,wiktionary,new,97,shave_agrees
pavement special,NN1,GenAm,𐑐𐑱𐑝𐑥𐑩𐑯𐑑 𐑕𐑐𐑧𐑖𐑩𐑤,ˌpeɪvmənt ˈspeʃəl,drop,,,,,wiktionary,new,97,shave_agrees
pavement special,NN1,RSSB,𐑐𐑱𐑝𐑥𐑩𐑯𐑑 𐑕𐑐𐑧𐑖𐑩𐑤,ˌpeɪvmənt ˈspeʃəl,drop,,,,,wiktionary,new,97,shave_agrees
pea roller,NN1,RSSB,𐑐𐑰 𐑮𐑴𐑤𐑼,ˈpiː rəʊləR,drop,,,,,wiktionary,new,97,shave_agrees
peanut butters,NN1,RSSB,𐑐𐑰𐑯𐑳𐑑 𐑚𐑳𐑑𐑼𐑟,ˌpiːnʌt bʌtəRz,drop,,,,,wiktionary,new,97,shave_agrees
pear tree,NN1,RSSB,𐑐𐑺 𐑑𐑮𐑰,peəR ˈtriː,drop,,,,,wiktionary,new,97,shave_agrees
pedal pushers,NN1,GenAm,𐑐𐑧𐑛𐑩𐑤 𐑐𐑫𐑖𐑼𐑟,ˈpedəl ˌpʊʃəRz,drop,,,,,wiktionary,new,97,shave_agrees
pedal pushers,NN1,RSSB,𐑐𐑧𐑛𐑩𐑤 𐑐𐑫𐑖𐑼𐑟,ˈpedəl pʊʃəRz,drop,,,,,wiktionary,new,97,shave_agrees
peeling skin syndrome,NN1,GenAm,𐑐𐑰𐑤𐑦𐑙 𐑕𐑒𐑦𐑯 𐑕𐑦𐑯𐑛𐑮𐑴𐑥,ˈpiːlɪŋ skɪn ˈsɪndroʊm,drop,,,,,wiktionary,new,97,shave_agrees
pen picture,NN1,RSSB,𐑐𐑧𐑯 𐑐𐑦𐑒𐑗𐑼,ˈpen pɪktʃəR,drop,,,,,wiktionary,new,97,shave_agrees
pen picture,NN1,RSSB,𐑐𐑧𐑯 𐑐𐑦𐑒𐑗𐑼,ˈpen pɪktʃər,drop,,,,,wiktionary,new,97,shave_agrees
pencil case,NN1,GenAm,𐑐𐑧𐑯𐑕𐑩𐑤 𐑒𐑱𐑕,ˈpensəl ˌkeɪs,drop,,,,,wiktionary,new,97,shave_agrees
pencil case,NN1,RSSB,𐑐𐑧𐑯𐑕𐑩𐑤 𐑒𐑱𐑕,ˈpensəl ˌkeɪs,drop,,,,,wiktionary,new,97,shave_agrees
pep talk,NN1,RSSB,𐑐𐑧𐑐 𐑑𐑷𐑒,ˈpep tɔːk,drop,,,,,wiktionary,new,97,shave_agrees
percussive maintenance,NN1,GenAm,𐑐𐑼𐑒𐑳𐑕𐑦𐑝 𐑥𐑱𐑯𐑑𐑩𐑯𐑩𐑯𐑕,pəRˈkʌsɪv ˈmeɪntənəns,drop,,,,,wiktionary,new,97,shave_agrees
percussive maintenance,NN1,RSSB,𐑐𐑼𐑒𐑳𐑕𐑦𐑝 𐑥𐑱𐑯𐑑𐑩𐑯𐑩𐑯𐑕,pəRkʌsɪv ˈmeɪntənəns,drop,,,,,wiktionary,new,97,shave_agrees
pet shop,NN1,GenAm,𐑐𐑧𐑑 𐑖𐑪𐑐,ˈpet ʃɒp,drop,,,,,wiktionary,new,97,shave_agrees
pet shop,NN1,RSSB,𐑐𐑧𐑑 𐑖𐑪𐑐,ˈpet ʃɒp,drop,,,,,wiktionary,new,97,shave_agrees
petit four,NN1,GenAm,𐑐𐑧𐑑𐑦 𐑓𐑹,ˈpeti ˈfɔːR,drop,,,,,wiktionary,new,97,shave_agrees
phenomenal consciousness,NN1,RSSB,𐑓𐑦𐑯𐑪𐑥𐑦𐑯𐑩𐑤 𐑒𐑪𐑯𐑖𐑩𐑕𐑯𐑩𐑕,fɪˈnɒmɪnəl ˈkɒnʃəsnəs,drop,,,,,wiktionary,new,97,shave_agrees
philosopher's wool,NN1,RSSB,𐑓𐑦𐑤𐑪𐑕𐑩𐑓𐑼𐑟 𐑢𐑫𐑤,fɪlɒsəfəRz ˈwʊl,drop,,,,,wiktionary,new,97,shave_agrees
phys ed,NN1,GenAm,𐑓𐑦𐑟 𐑧𐑛,fɪz ˈed,drop,,,,,wiktionary,new,97,shave_agrees
pickle fork,NN1,GenAm,𐑐𐑦𐑒𐑩𐑤 𐑓𐑹𐑒,ˌpɪkəl ˈfɔːRk,drop,,,,,wiktionary,new,97,shave_agrees
pickle fork,NN1,RSSB,𐑐𐑦𐑒𐑩𐑤 𐑓𐑹𐑒,ˈpɪkəl fɔːRk,drop,,,,,wiktionary,new,97,shave_agrees
picture editor,NN1,GenAm,𐑐𐑦𐑒𐑗𐑼 𐑧𐑛𐑦𐑑𐑼,ˈpɪktʃər ˈedɪtər,drop,,,,,wiktionary,new,97,shave_agrees
picture editor,NN1,RSSB,𐑐𐑦𐑒𐑗𐑼 𐑧𐑛𐑦𐑑𐑼,pɪktʃəR edɪtəR,drop,,,,,wiktionary,new,97,shave_agrees
picture frame,NN1,GenAm,𐑐𐑦𐑒𐑗𐑼 𐑓𐑮𐑱𐑥,ˈpɪktʃəR ˌfreɪm,drop,,,,,wiktionary,new,97,shave_agrees
picture frame,NN1,RSSB,𐑐𐑦𐑒𐑗𐑼 𐑓𐑮𐑱𐑥,pɪktʃəR ˌfreɪm,drop,,,,,wiktionary,new,97,shave_agrees
picture framing,NN1,RSSB,𐑐𐑦𐑒𐑗𐑼 𐑓𐑮𐑱𐑥𐑦𐑙,pɪktʃəR ˌfreɪmɪŋ,drop,,,,,wiktionary,new,97,shave_agrees
pie chart,NN1,GenAm,𐑐𐑲 𐑗𐑸𐑑,ˈpaɪ ˌtʃɑːRt,drop,,,,,wiktionary,new,97,shave_agrees
pill bottle,NN1,RSSB,𐑐𐑦𐑤 𐑚𐑪𐑑𐑩𐑤,pɪl ˈbɒtəl,drop,,,,,wiktionary,new,97,shave_agrees
pillow fight,NN1,GenAm,𐑐𐑦𐑤𐑴 𐑓𐑲𐑑,ˈpɪloʊ ˌfaɪt,drop,,,,,wiktionary,new,97,shave_agrees
pillow fight,NN1,RSSB,𐑐𐑦𐑤𐑴 𐑓𐑲𐑑,ˈpɪləʊ ˌfaɪt,drop,,,,,wiktionary,new,97,shave_agrees
pillow fight,VVI,GenAm,𐑐𐑦𐑤𐑴 𐑓𐑲𐑑,ˈpɪloʊ ˌfaɪt,drop,,,,,wiktionary,new,97,shave_agrees
pillow fight,VVI,RSSB,𐑐𐑦𐑤𐑴 𐑓𐑲𐑑,ˈpɪləʊ ˌfaɪt,drop,,,,,wiktionary,new,97,shave_agrees
pine straw,NN1,RSSB,𐑐𐑲𐑯 𐑕𐑑𐑮𐑷,ˈpaɪn strɔː,drop,,,,,wiktionary,new,97,shave_agrees
pineapple tart,NN1,GenAm,𐑐𐑲𐑯𐑨𐑐𐑩𐑤 𐑑𐑸𐑑,ˈpaɪnˌæpəl tɑːrt,drop,,,,,wiktionary,new,97,shave_agrees
pineapple tart,NN1,RSSB,𐑐𐑲𐑯𐑨𐑐𐑩𐑤 𐑑𐑸𐑑,ˈpaɪnˌæpəl tɑːRt,drop,,,,,wiktionary,new,97,shave_agrees
pink slime,NN1,GenAm,𐑐𐑦𐑙𐑒 𐑕𐑤𐑲𐑥,ˌpɪŋk ˈslaɪm,drop,,,,,wiktionary,new,97,shave_agrees
pink tea,NN1,RSSB,𐑐𐑦𐑙𐑒 𐑑𐑰,pɪŋk ˈtiː,drop,,,,,wiktionary,new,97,shave_agrees
pipe bomb,NN1,GenAm,𐑐𐑲𐑐 𐑚𐑪𐑥,ˈpaɪp ˌbɒm,drop,,,,,wiktionary,new,97,shave_agrees
pipe bomb,NN1,RSSB,𐑐𐑲𐑐 𐑚𐑪𐑥,ˈpaɪp ˌbɒm,drop,,,,,wiktionary,new,97,shave_agrees
pipe bomb,VVI,GenAm,𐑐𐑲𐑐 𐑚𐑪𐑥,ˈpaɪp ˌbɒm,drop,,,,,wiktionary,new,97,shave_agrees
pipe bomb,VVI,RSSB,𐑐𐑲𐑐 𐑚𐑪𐑥,ˈpaɪp ˌbɒm,drop,,,,,wiktionary,new,97,shave_agrees
pipe dream,NN1,RSSB,𐑐𐑲𐑐 𐑛𐑮𐑰𐑥,ˈpaɪp driːm,drop,,,,,wiktionary,new,97,shave_agrees
piping hot,AJ0,GenAm,𐑐𐑲𐑐𐑦𐑙 𐑣𐑪𐑑,ˌpaɪpɪŋ ˈhɒt,drop,,,,,wiktionary,new,97,shave_agrees
piping hot,AJ0,RSSB,𐑐𐑲𐑐𐑦𐑙 𐑣𐑪𐑑,ˌpaɪpɪŋ ˈhɒt,drop,,,,,wiktionary,new,97,shave_agrees
pirate shirt,NN1,GenAm,𐑐𐑲𐑮𐑩𐑑 𐑖𐑻𐑑,ˌpaɪrət ˈʃɜːRt,drop,,,,,wiktionary,new,97,shave_agrees
pirate shirt,NN1,RSSB,𐑐𐑲𐑮𐑩𐑑 𐑖𐑻𐑑,paɪrət ʃɜːRt,drop,,,,,wiktionary,new,97,shave_agrees
planning permission,NN1,GenAm,𐑐𐑤𐑨𐑯𐑦𐑙 𐑐𐑼𐑥𐑦𐑖𐑩𐑯,ˈplænɪŋ pəRˈmɪʃən,drop,,,,,wiktionary,new,97,shave_agrees
planning permission,NN1,RSSB,𐑐𐑤𐑨𐑯𐑦𐑙 𐑐𐑼𐑥𐑦𐑖𐑩𐑯,ˈplænɪŋ pəRmɪʃən,drop,,,,,wiktionary,new,97,shave_agrees
play doggo,VVI,GenAm,𐑐𐑤𐑱 𐑛𐑪𐑜𐑴,pleɪ ˈdɒɡoʊ,drop,,,,,wiktionary,new,97,shave_agrees
play doggo,VVI,RSSB,𐑐𐑤𐑱 𐑛𐑪𐑜𐑴,pleɪ ˈdɒɡəʊ,drop,,,,,wiktionary,new,97,shave_agrees
pleasing fungus beetle,NN1,RSSB,𐑐𐑤𐑰𐑟𐑦𐑙 𐑓𐑳𐑙𐑜𐑩𐑕 𐑚𐑰𐑑𐑩𐑤,ˈpliːzɪŋ ˈfʌŋɡəs ˈbiːtəl,drop,,,,,wiktionary,new,97,shave_agrees
poetic justice,NN1,GenAm,𐑐𐑴𐑧𐑑𐑦𐑒 𐑡𐑳𐑕𐑑𐑦𐑕,poʊˌetɪk ˈdʒʌstɪs,drop,,,,,wiktionary,new,97,shave_agrees
poetic justice,NN1,RSSB,𐑐𐑴𐑧𐑑𐑦𐑒 𐑡𐑳𐑕𐑑𐑦𐑕,pəʊˌetɪk ˈdʒʌstɪs,drop,,,,,wiktionary,new,97,shave_agrees
poetical justice,NN1,GenAm,𐑐𐑴𐑧𐑑𐑦𐑒𐑩𐑤 𐑡𐑳𐑕𐑑𐑦𐑕,poʊˌetɪkəl ˈdʒʌstɪs,drop,,,,,wiktionary,new,97,shave_agrees
poetical justice,NN1,RSSB,𐑐𐑴𐑧𐑑𐑦𐑒𐑩𐑤 𐑡𐑳𐑕𐑑𐑦𐑕,pəʊˌetɪkəl ˈdʒʌstɪs,drop,,,,,wiktionary,new,97,shave_agrees
poisoned chalice,NN1,GenAm,𐑐𐑶𐑟𐑩𐑯𐑛 𐑗𐑨𐑤𐑦𐑕,ˈpɔɪzənd ˈtʃælɪs,drop,,,,,wiktionary,new,97,shave_agrees
poisoned chalice,NN1,RSSB,𐑐𐑶𐑟𐑩𐑯𐑛 𐑗𐑨𐑤𐑦𐑕,ˈpɔɪzənd ˈtʃælɪs,drop,,,,,wiktionary,new,97,shave_agrees
polar willow,NN1,GenAm,𐑐𐑴𐑤𐑼 𐑢𐑦𐑤𐑴,ˈpoʊləR ˈwɪloʊ,drop,,,,,wiktionary,new,97,shave_agrees
pole star,NN1,GenAm,𐑐𐑴𐑤 𐑕𐑑𐑸,ˈpoʊl ˌstɑːR,drop,,,,,wiktionary,new,97,shave_agrees
pole star,NN1,RSSB,𐑐𐑴𐑤 𐑕𐑑𐑸,ˈpəʊl stɑːR,drop,,,,,wiktionary,new,97,shave_agrees
polka dot,NN1,RSSB,𐑐𐑪𐑤𐑒𐑩 𐑛𐑪𐑑,ˈpɒlkə ˌdɒt,drop,,,,,wiktionary,new,97,shave_agrees
polka dot,VVI,RSSB,𐑐𐑪𐑤𐑒𐑩 𐑛𐑪𐑑,ˈpɒlkə ˌdɒt,drop,,,,,wiktionary,new,97,shave_agrees
polo shirt,NN1,GenAm,𐑐𐑴𐑤𐑴 𐑖𐑻𐑑,ˈpoʊloʊ ˌʃɜːRt,drop,,,,,wiktionary,new,97,shave_agrees
polo shirt,NN1,RSSB,𐑐𐑴𐑤𐑴 𐑖𐑻𐑑,ˈpəʊləʊ ʃɜːRt,drop,,,,,wiktionary,new,97,shave_agrees
popular beat combo,NN1,RSSB,𐑐𐑪𐑐𐑘𐑩𐑤𐑼 𐑚𐑰𐑑 𐑒𐑪𐑥𐑚𐑴,pɒpjələR ˌbiːt ˈkɒmbəʊ,drop,,,,,wiktionary,new,97,shave_agrees
porcelain goddess,NN1,RSSB,𐑐𐑹𐑕𐑩𐑤𐑦𐑯 𐑜𐑪𐑛𐑧𐑕,pɔːRsəlɪn ˈɡɒdes,drop,,,,,wiktionary,new,97,shave_agrees
post office,NN1,GenAm,𐑐𐑴𐑕𐑑 𐑪𐑓𐑦𐑕,ˈpoʊst ˌɒfɪs,drop,,,,,wiktionary,new,97,shave_agrees
post office,NN1,RSSB,𐑐𐑴𐑕𐑑 𐑪𐑓𐑦𐑕,ˈpəʊst ˌɒfɪs,drop,,,,,wiktionary,new,97,shave_agrees
postcode lottery,NN1,GenAm,𐑐𐑴𐑕𐑑𐑒𐑴𐑛 𐑤𐑪𐑑𐑼𐑦,ˌpoʊstˌkoʊd ˈlɒtəRi,drop,,,,,wiktionary,new,97,shave_agrees
postcode lottery,NN1,RSSB,𐑐𐑴𐑕𐑑𐑒𐑴𐑛 𐑤𐑪𐑑𐑼𐑦,ˌpəʊstkəʊd lɒtəri,drop,,,,,wiktionary,new,97,shave_agrees
pound sterling,NN1,RSSB,𐑐𐑬𐑯𐑛 𐑕𐑑𐑻𐑤𐑦𐑙,paʊnd stɜːrlɪŋ,drop,,,,,wiktionary,new,97,shave_agrees
powdered sugar,NN1,GenAm,𐑐𐑬𐑛𐑼𐑛 𐑖𐑫𐑜𐑼,ˈpaʊdəRd ˈʃʊɡəR,drop,,,,,wiktionary,new,97,shave_agrees
powdered sugar,NN1,RSSB,𐑐𐑬𐑛𐑼𐑛 𐑖𐑫𐑜𐑼,paʊdəRd ʃʊɡəR,drop,,,,,wiktionary,new,97,shave_agrees
power plant,NN1,GenAm,𐑐𐑬𐑼 𐑐𐑤𐑨𐑯𐑑,ˈpaʊər ˌplænt,drop,,,,,wiktionary,new,97,shave_agrees
power plant,NN1,RSSB,𐑐𐑬𐑼 𐑐𐑤𐑭𐑯𐑑,paʊəR ˌplɑːnt,drop,,,,,wiktionary,new,97,shave_agrees
pretty penny,NN1,GenAm,𐑐𐑮𐑦𐑑𐑦 𐑐𐑧𐑯𐑦,ˌprɪti ˈpeni,drop,,,,,wiktionary,new,97,shave_agrees
pretty penny,NN1,RSSB,𐑐𐑮𐑦𐑑𐑦 𐑐𐑧𐑯𐑦,ˌprɪti ˈpeni,drop,,,,,wiktionary,new,97,shave_agrees
prince regent,NN1,RSSB,𐑐𐑮𐑦𐑯𐑕 𐑮𐑰𐑡𐑩𐑯𐑑,ˌprɪns riːdʒənt,drop,,,,,wiktionary,new,97,shave_agrees
pro bono,UNC,GenAm,𐑐𐑮𐑴 𐑚𐑴𐑯𐑴,proʊ ˈboʊnoʊ,drop,,,,,wiktionary,new,97,shave_agrees
pro bono,UNC,RSSB,𐑐𐑮𐑴 𐑚𐑴𐑯𐑴,prəʊ ˈbəʊnəʊ,drop,,,,,wiktionary,new,97,shave_agrees
pro domino,AV0,RSSB,𐑐𐑮𐑴 𐑛𐑪𐑥𐑦𐑯𐑴,prəʊ ˈdɒmɪnəʊ,drop,,,,,wiktionary,new,97,shave_agrees
programming language,NN1,GenAm,𐑐𐑮𐑴𐑜𐑮𐑨𐑥𐑦𐑙 𐑤𐑨𐑙𐑜𐑢𐑦𐑡,ˈproʊɡræmɪŋ læŋɡwɪdʒ,drop,,,,,wiktionary,new,97,shave_agrees
programming language,NN1,RSSB,𐑐𐑮𐑴𐑜𐑮𐑨𐑥𐑦𐑙 𐑤𐑨𐑙𐑜𐑢𐑦𐑡,ˈprəʊɡræmɪŋ læŋɡwɪdʒ,drop,,,,,wiktionary,new,97,shave_agrees
progress report,NN1,RSSB,𐑐𐑮𐑴𐑜𐑮𐑧𐑕 𐑮𐑦𐑐𐑹𐑑,ˈprəʊɡres rɪpɔːRt,drop,,,,,wiktionary,new,97,shave_agrees
prop up,VVI,GenAm,𐑐𐑮𐑪𐑐 𐑳𐑐,ˌprɒp ˈʌp,drop,,,,,wiktionary,new,97,shave_agrees
prop up,VVI,RSSB,𐑐𐑮𐑪𐑐 𐑳𐑐,ˌprɒp ˈʌp,drop,,,,,wiktionary,new,97,shave_agrees
public domain,NN1,GenAm,𐑐𐑳𐑚𐑤𐑦𐑒 𐑛𐑴𐑥𐑱𐑯,ˌpʌblɪk doʊˈmeɪn,drop,,,,,wiktionary,new,97,shave_agrees
public domain,NN1,RSSB,𐑐𐑳𐑚𐑤𐑦𐑒 𐑛𐑴𐑥𐑱𐑯,ˌpʌblɪk dəʊˈmeɪn,drop,,,,,wiktionary,new,97,shave_agrees
public office,NN1,GenAm,𐑐𐑳𐑚𐑤𐑦𐑒 𐑪𐑓𐑦𐑕,ˈpʌblɪk ˈɒfɪs,drop,,,,,wiktionary,new,97,shave_agrees
public office,NN1,RSSB,𐑐𐑳𐑚𐑤𐑦𐑒 𐑪𐑓𐑦𐑕,ˈpʌblɪk ˈɒfɪs,drop,,,,,wiktionary,new,97,shave_agrees
public purse,NN1,GenAm,𐑐𐑳𐑚𐑤𐑦𐑒 𐑐𐑻𐑕,pʌblɪk ˈpɜːRs,drop,,,,,wiktionary,new,97,shave_agrees
public purse,NN1,RSSB,𐑐𐑳𐑚𐑤𐑦𐑒 𐑐𐑻𐑕,pʌblɪk pɜːRs,drop,,,,,wiktionary,new,97,shave_agrees
punch dialogue,NN1,GenAm,𐑐𐑳𐑯𐑗 𐑛𐑲𐑩𐑤𐑪𐑜,ˌpʌntʃ ˈdaɪəˌlɒɡ,drop,,,,,wiktionary,new,97,shave_agrees
punch dialogue,NN1,RSSB,𐑐𐑳𐑯𐑗 𐑛𐑲𐑩𐑤𐑪𐑜,ˌpʌntʃ ˈdaɪəlɒɡ,drop,,,,,wiktionary,new,97,shave_agrees
punching bag,NN1,GenAm,𐑐𐑳𐑯𐑗𐑦𐑙 𐑚𐑨𐑜,ˈpʌntʃɪŋ ˌbæɡ,drop,,,,,wiktionary,new,97,shave_agrees
punching bag,NN1,RSSB,𐑐𐑳𐑯𐑗𐑦𐑙 𐑚𐑨𐑜,ˈpʌntʃɪŋ ˌbæɡ,drop,,,,,wiktionary,new,97,shave_agrees
purple heron,NN1,GenAm,𐑐𐑻𐑐𐑩𐑤 𐑣𐑧𐑮𐑩𐑯,ˈpɜːRpəl ˈherən,drop,,,,,wiktionary,new,97,shave_agrees
purple heron,NN1,RSSB,𐑐𐑻𐑐𐑩𐑤 𐑣𐑧𐑮𐑩𐑯,pɜːrpəl herən,drop,,,,,wiktionary,new,97,shave_agrees
purry forn,NN1,GenAm,𐑐𐑻𐑦 𐑓𐑹𐑯,ˌpɜːRi ˈfɔːRn,drop,,,,,wiktionary,new,95,"r_gap:spelling=3,ipa=2; shave_agrees"
purry forn,NN1,RSSB,𐑐𐑻𐑦 𐑓𐑹𐑯,pɜːri fɔːRn,drop,,,,,wiktionary,new,95,"r_gap:spelling=3,ipa=2; shave_agrees"
push factor,NN1,RSSB,𐑐𐑫𐑖 𐑓𐑨𐑒𐑑𐑼,pʊʃ fæktəR,drop,,,,,wiktionary,new,97,shave_agrees
pyroclastic flow,NN1,GenAm,𐑐𐑲𐑮𐑴𐑒𐑤𐑨𐑕𐑑𐑦𐑒 𐑓𐑤𐑴,ˈpaɪroʊklæstɪk floʊ,drop,,,,,wiktionary,new,97,shave_agrees
pyroclastic flow,NN1,RSSB,𐑐𐑲𐑮𐑴𐑒𐑤𐑨𐑕𐑑𐑦𐑒 𐑓𐑤𐑴,paɪrəʊˌklæstɪk ˈfləʊ,drop,,,,,wiktionary,new,97,shave_agrees
quad bike,NN1,GenAm,𐑒𐑢𐑪𐑛 𐑚𐑲𐑒,ˈkwɒd ˌbaɪk,drop,,,,,wiktionary,new,97,shave_agrees
quad bike,NN1,RSSB,𐑒𐑢𐑪𐑛 𐑚𐑲𐑒,ˈkwɒd ˌbaɪk,drop,,,,,wiktionary,new,97,shave_agrees
quantum cryptography,NN1,GenAm,𐑒𐑢𐑪𐑯𐑑𐑩𐑥 𐑒𐑮𐑦𐑐𐑑𐑪𐑜𐑮𐑩𐑓𐑦,ˌkwɒntəm krɪpˈtɒɡrəfi,drop,,,,,wiktionary,new,97,shave_agrees
que sera sera,UNC,RSSB,𐑒𐑱 𐑕𐑧𐑮𐑭 𐑕𐑧𐑮𐑭,ˈkeɪ serɑː serɑː,drop,,,,,wiktionary,new,97,shave_agrees
queen cake,NN1,RSSB,𐑒𐑢𐑰𐑯 𐑒𐑱𐑒,ˈkwiːn keɪk,drop,,,,,wiktionary,new,97,shave_agrees
question mark,AV0,GenAm,𐑒𐑢𐑧𐑕𐑗𐑩𐑯 𐑥𐑸𐑒,ˈkwestʃən ˌmɑːRk,drop,,,,,wiktionary,new,97,shave_agrees
question mark,AV0,RSSB,𐑒𐑢𐑧𐑕𐑗𐑩𐑯 𐑥𐑸𐑒,ˈkwestʃən mɑːRk,drop,,,,,wiktionary,new,97,shave_agrees
question mark,NN1,GenAm,𐑒𐑢𐑧𐑕𐑗𐑩𐑯 𐑥𐑸𐑒,ˈkwestʃən ˌmɑːRk,drop,,,,,wiktionary,new,97,shave_agrees
question mark,NN1,RSSB,𐑒𐑢𐑧𐑕𐑗𐑩𐑯 𐑥𐑸𐑒,ˈkwestʃən mɑːRk,drop,,,,,wiktionary,new,97,shave_agrees
quotation mark,NN1,GenAm,𐑒𐑢𐑴𐑑𐑱𐑖𐑩𐑯 𐑥𐑸𐑒,kwoʊˈteɪʃən mɑːRk,drop,,,,,wiktionary,new,97,shave_agrees
quotation marks,NN1,GenAm,𐑒𐑢𐑴𐑑𐑱𐑖𐑩𐑯 𐑥𐑸𐑒𐑕,kwoʊˈteɪʃən mɑːRks,drop,,,,,wiktionary,new,97,shave_agrees
quotation marks,NN1,RSSB,𐑒𐑢𐑴𐑑𐑱𐑖𐑩𐑯 𐑥𐑸𐑒𐑕,kwəʊˈteɪʃən mɑːRks,drop,,,,,wiktionary,new,97,shave_agrees
quote unquote,AJ0,RSSB,𐑒𐑢𐑴𐑑 𐑳𐑯𐑒𐑢𐑴𐑑,kwəʊt ʌnkwəʊt,drop,,,,,wiktionary,new,97,shave_agrees
quote unquote,AV0,RSSB,𐑒𐑢𐑴𐑑 𐑳𐑯𐑒𐑢𐑴𐑑,kwəʊt ʌnkwəʊt,drop,,,,,wiktionary,new,97,shave_agrees
rabbit vibrator,NN1,GenAm,𐑮𐑨𐑚𐑦𐑑 𐑝𐑲𐑚𐑮𐑱𐑑𐑼,ˈræbɪt ˈvaɪˌbreɪtər,drop,,,,,wiktionary,new,97,shave_agrees
rabbit vibrator,NN1,RSSB,𐑮𐑨𐑚𐑦𐑑 𐑝𐑲𐑚𐑮𐑱𐑑𐑼,ˈrabɪt vaɪbreɪtəR,drop,,,,,wiktionary,new,97,shave_agrees
race knife,NN1,GenAm,𐑮𐑱𐑕 𐑯𐑲𐑓,ˈreɪs ˌnaɪf,drop,,,,,wiktionary,new,97,shave_agrees
race knife,NN1,RSSB,𐑮𐑱𐑕 𐑯𐑲𐑓,ˈreɪs naɪf,drop,,,,,wiktionary,new,97,shave_agrees
radio silence,NN1,GenAm,𐑮𐑱𐑛𐑦𐑴 𐑕𐑲𐑤𐑩𐑯𐑕,ˈreɪdioʊ ˌsaɪləns,drop,,,,,wiktionary,new,97,shave_agrees
radio station,NN1,GenAm,𐑮𐑱𐑛𐑦𐑴 𐑕𐑑𐑱𐑖𐑩𐑯,ˈreɪdioʊ ˌsteɪʃən,drop,,,,,wiktionary,new,97,shave_agrees
raison d'être,NN1,GenAm,𐑮𐑱𐑟𐑪𐑯 𐑛𐑧𐑑𐑮𐑩,ˌreɪzɒn ˈdetrə,drop,,,,,wiktionary,new,97,shave_agrees
raison d'être,NN1,RSSB,𐑮𐑱𐑟𐑪𐑯 𐑛𐑧𐑑𐑮𐑩,ˌreɪzɒn detrə,drop,,,,,wiktionary,new,97,shave_agrees
rally cap,NN1,GenAm,𐑮𐑨𐑤𐑦 𐑒𐑨𐑐,ˈræli ˌkæp,drop,,,,,wiktionary,new,97,shave_agrees
random number,NN1,GenAm,𐑮𐑨𐑯𐑛𐑩𐑥 𐑯𐑳𐑥𐑚𐑼,ˈrændəm ˈnʌmbəR,drop,,,,,wiktionary,new,97,shave_agrees
rara avis,NN1,GenAm,𐑮𐑸𐑩 𐑱𐑝𐑦𐑕,ˌrɑːRə ˈeɪvɪs,drop,,,,,wiktionary,new,97,shave_agrees
rara avis,NN1,RSSB,𐑮𐑸𐑩 𐑱𐑝𐑦𐑕,rɑːrə ˈeɪvɪs,drop,,,,,wiktionary,new,97,shave_agrees
real school,NN1,RSSB,𐑮𐑾𐑤 𐑕𐑒𐑵𐑤,rɪəl ˌskuːl,drop,,,,,wiktionary,new,97,shave_agrees
red blood cell,NN1,GenAm,𐑮𐑧𐑛 𐑚𐑤𐑳𐑛 𐑕𐑧𐑤,red blʌd sel,drop,,,,,wiktionary,new,97,shave_agrees
red deer,NN1,RSSB,𐑮𐑧𐑛 𐑛𐑽,red dɪəR,drop,,,,,wiktionary,new,97,shave_agrees
red envelope,NN1,GenAm,𐑮𐑧𐑛 𐑧𐑯𐑝𐑩𐑤𐑴𐑐,ˌred ˈenvəˌloʊp,drop,,,,,wiktionary,new,97,shave_agrees
red envelope,NN1,RSSB,𐑮𐑧𐑛 𐑧𐑯𐑝𐑩𐑤𐑴𐑐,ˌred ˈenvələʊp,drop,,,,,wiktionary,new,97,shave_agrees
red packet,NN1,GenAm,𐑮𐑧𐑛 𐑐𐑨𐑒𐑩𐑑,ˌred ˈpækət,drop,,,,,wiktionary,new,97,shave_agrees
reindeer games,NN1,GenAm,𐑮𐑱𐑯𐑛𐑽 𐑜𐑱𐑥𐑟,ˈreɪndɪər ˌɡeɪmz,drop,,,,,wiktionary,new,97,shave_agrees
reindeer games,NN1,RSSB,𐑮𐑱𐑯𐑛𐑽 𐑜𐑱𐑥𐑟,reɪndɪəR ˌɡeɪmz,drop,,,,,wiktionary,new,97,shave_agrees
relative pronoun,NN1,GenAm,𐑮𐑧𐑤𐑩𐑑𐑦𐑝 𐑐𐑮𐑴𐑯𐑬𐑯,ˈrelətɪv ˈproʊnaʊn,drop,,,,,wiktionary,new,97,shave_agrees
relative pronoun,NN1,RSSB,𐑮𐑧𐑤𐑩𐑑𐑦𐑝 𐑐𐑮𐑴𐑯𐑬𐑯,relətɪv ˈprəʊnaʊn,drop,,,,,wiktionary,new,97,shave_agrees
research ship,NN1,GenAm,𐑮𐑦𐑕𐑻𐑗 𐑖𐑦𐑐,ˌriˌsɜːRtʃ ˈʃɪp,drop,,,,,wiktionary,new,97,shave_agrees
research ship,NN1,RSSB,𐑮𐑦𐑕𐑻𐑗 𐑖𐑦𐑐,rɪsɜːRtʃ ˈʃɪp,drop,,,,,wiktionary,new,97,shave_agrees
resident doctor,NN1,GenAm,𐑮𐑧𐑟𐑦𐑛𐑩𐑯𐑑 𐑛𐑪𐑒𐑑𐑼,ˈrezɪdənt ˈdɒktəR,drop,,,,,wiktionary,new,97,shave_agrees
resident doctor,NN1,RSSB,𐑮𐑧𐑟𐑦𐑛𐑩𐑯𐑑 𐑛𐑪𐑒𐑑𐑼,rezɪdənt dɒktəR,drop,,,,,wiktionary,new,97,shave_agrees
ride down,VVI,GenAm,𐑮𐑲𐑛 𐑛𐑬𐑯,ˈraɪd daʊn,drop,,,,,wiktionary,new,97,shave_agrees
ride roughshod over,VVI,GenAm,𐑮𐑲𐑛 𐑮𐑳𐑓𐑖𐑪𐑛 𐑴𐑝𐑼,ˌraɪd ˈrʌfʃɒd ˌoʊvəR,drop,,,,,wiktionary,new,97,shave_agrees
ride roughshod over,VVI,RSSB,𐑮𐑲𐑛 𐑮𐑳𐑓𐑖𐑪𐑛 𐑴𐑝𐑼,ˌraɪd ˈrʌfʃɒd əʊvəR,drop,,,,,wiktionary,new,97,shave_agrees
ride shotgun,VVI,GenAm,𐑮𐑲𐑛 𐑖𐑪𐑑𐑜𐑳𐑯,ˌraɪd ˈʃɒtɡʌn,drop,,,,,wiktionary,new,97,shave_agrees
ride shotgun,VVI,RSSB,𐑮𐑲𐑛 𐑖𐑪𐑑𐑜𐑳𐑯,ˌraɪd ˈʃɒtɡʌn,drop,,,,,wiktionary,new,97,shave_agrees
rifle cartridge,NN1,GenAm,𐑮𐑲𐑓𐑩𐑤 𐑒𐑸𐑑𐑮𐑦𐑡,ˈraɪfəl ˈkɑːRtrɪdʒ,drop,,,,,wiktionary,new,97,shave_agrees
rifle cartridge,NN1,RSSB,𐑮𐑲𐑓𐑩𐑤 𐑒𐑸𐑑𐑮𐑦𐑡,raɪfəl kɑːRtrɪdʒ,drop,,,,,wiktionary,new,97,shave_agrees
rightly so,AV0,GenAm,𐑮𐑲𐑑𐑤𐑦 𐑕𐑴,ˌraɪtli ˈsoʊ,drop,,,,,wiktionary,new,97,shave_agrees
rightly so,AV0,RSSB,𐑮𐑲𐑑𐑤𐑦 𐑕𐑴,ˌraɪtli ˈsəʊ,drop,,,,,wiktionary,new,97,shave_agrees
river god,NN1,RSSB,𐑮𐑦𐑝𐑼 𐑜𐑪𐑛,rɪvəR ˌɡɒd,drop,,,,,wiktionary,new,97,shave_agrees
rock music,NN1,RSSB,𐑮𐑪𐑒 𐑥𐑿𐑟𐑦𐑒,ˈrɒk ˈmjuːzɪk,drop,,,,,wiktionary,new,97,shave_agrees
rock salmon,NN1,GenAm,𐑮𐑪𐑒 𐑕𐑨𐑥𐑩𐑯,ˌrɒk ˈsæmən,drop,,,,,wiktionary,new,97,shave_agrees
rock salmon,NN1,RSSB,𐑮𐑪𐑒 𐑕𐑨𐑥𐑩𐑯,ˌrɒk ˈsamən,drop,,,,,wiktionary,new,97,shave_agrees
roi fainéant,NN1,RSSB,𐑮𐑢𐑭 𐑓𐑱𐑯𐑾𐑯𐑑,rwɑː ˈfeɪnɪənt,drop,,,,,wiktionary,new,97,shave_agrees
roll step,NN1,GenAm,𐑮𐑴𐑤 𐑕𐑑𐑧𐑐,ˈroʊl step,drop,,,,,wiktionary,new,97,shave_agrees
roll step,VVI,GenAm,𐑮𐑴𐑤 𐑕𐑑𐑧𐑐,ˈroʊl step,drop,,,,,wiktionary,new,97,shave_agrees
rood screen,NN1,RSSB,𐑮𐑵𐑛 𐑕𐑒𐑮𐑰𐑯,ˈruːd skriːn,drop,,,,,wiktionary,new,97,shave_agrees
root beer,NN1,RSSB,𐑮𐑵𐑑 𐑚𐑽,ˈruːt bɪəR,drop,,,,,wiktionary,new,97,shave_agrees
rose petal,NN1,GenAm,𐑮𐑴𐑟 𐑐𐑧𐑑𐑩𐑤,roʊz petəl,drop,,,,,wiktionary,new,97,shave_agrees
rose petal,NN1,RSSB,𐑮𐑴𐑟 𐑐𐑧𐑑𐑩𐑤,rəʊz petəl,drop,,,,,wiktionary,new,97,shave_agrees
rotten borough,NN1,RSSB,𐑮𐑪𐑑𐑩𐑯 𐑚𐑳𐑮𐑩,rɒtən bʌrə,drop,,,,,wiktionary,new,97,shave_agrees
round robin,NN1,RSSB,𐑮𐑬𐑯𐑛 𐑮𐑪𐑚𐑦𐑯,ˌraʊnd ˈrɒbɪn,drop,,,,,wiktionary,new,97,shave_agrees
royal burgh,NN1,RSSB,𐑮𐑶𐑩𐑤 𐑚𐑳𐑮𐑩,rɔɪəl bʌrə,drop,,,,,wiktionary,new,97,shave_agrees
rub elbows,VVI,GenAm,𐑮𐑳𐑚 𐑧𐑤𐑚𐑴𐑟,ˌrʌb ˈelˌboʊz,drop,,,,,wiktionary,new,97,shave_agrees
rub elbows,VVI,RSSB,𐑮𐑳𐑚 𐑧𐑤𐑚𐑴𐑟,ˌrʌb ˈelˌbəʊz,drop,,,,,wiktionary,new,97,shave_agrees
rum go,NN1,RSSB,𐑮𐑳𐑥 𐑜𐑴,ˈrʌm ˌɡəʊ,drop,,,,,wiktionary,new,97,shave_agrees
run someone ragged,VVI,RSSB,𐑮𐑳𐑯 𐑕𐑳𐑥𐑢𐑳𐑯 𐑮𐑨𐑜𐑩𐑛,ˈrʌn ˌsʌmwʌn ˈræɡƏd,drop,,,,,wiktionary,new,97,shave_agrees
run someone ragged,VVI,RSSB,𐑮𐑳𐑯 𐑕𐑳𐑥𐑢𐑳𐑯 𐑮𐑨𐑜𐑩𐑛,ˈrʌn ˌsʌmwʌn ræɡəd,drop,,,,,wiktionary,new,97,shave_agrees
running headline,NN1,RSSB,𐑮𐑳𐑯𐑦𐑙 𐑣𐑧𐑛𐑤𐑲𐑯,ˈrʌnɪŋ ˈhedlaɪn,drop,,,,,wiktionary,new,97,shave_agrees
sacrifice bunt,NN1,RSSB,𐑕𐑨𐑒𐑮𐑦𐑓𐑲𐑕 𐑚𐑳𐑯𐑑,ˌsækrɪfaɪs ˈbʌnt,drop,,,,,wiktionary,new,97,shave_agrees
saddle shoe,NN1,GenAm,𐑕𐑨𐑛𐑩𐑤 𐑖𐑵,ˈsædəl ʃuː,drop,,,,,wiktionary,new,97,shave_agrees
safety valve,NN1,GenAm,𐑕𐑱𐑓𐑑𐑦 𐑝𐑨𐑤𐑝,ˈseɪfti ˌvælv,drop,,,,,wiktionary,new,97,shave_agrees
safety valve,NN1,RSSB,𐑕𐑱𐑓𐑑𐑦 𐑝𐑨𐑤𐑝,ˈseɪftɪ ˌvælv,drop,,,,,wiktionary,new,97,shave_agrees
safety valve,VVI,GenAm,𐑕𐑱𐑓𐑑𐑦 𐑝𐑨𐑤𐑝,ˈseɪfti ˌvælv,drop,,,,,wiktionary,new,97,shave_agrees
safety valve,VVI,RSSB,𐑕𐑱𐑓𐑑𐑦 𐑝𐑨𐑤𐑝,ˈseɪftɪ ˌvælv,drop,,,,,wiktionary,new,97,shave_agrees
salami slicing,NN1,RSSB,𐑕𐑩𐑤𐑭𐑥𐑦 𐑕𐑤𐑲𐑕𐑦𐑙,səˈlɑːmi ˈslaɪsɪŋ,drop,,,,,wiktionary,new,97,shave_agrees
salami slicing,VVI,RSSB,𐑕𐑩𐑤𐑭𐑥𐑦 𐑕𐑤𐑲𐑕𐑦𐑙,səˈlɑːmi ˈslaɪsɪŋ,drop,,,,,wiktionary,new,97,shave_agrees
sausage party,NN1,GenAm,𐑕𐑪𐑕𐑦𐑡 𐑐𐑸𐑑𐑦,ˈsɒsɪdʒ ˌpɑːRti,drop,,,,,wiktionary,new,97,shave_agrees
scaphoid abdomen,NN1,GenAm,𐑕𐑒𐑨𐑓𐑶𐑛 𐑨𐑚𐑛𐑩𐑥𐑩𐑯,ˈskæfɔɪd ˈæbdəmən,drop,,,,,wiktionary,new,97,shave_agrees
scaphoid abdomen,NN1,RSSB,𐑕𐑒𐑨𐑓𐑶𐑛 𐑨𐑚𐑛𐑩𐑥𐑩𐑯,ˈskæfɔɪd ˈæbdəmən,drop,,,,,wiktionary,new,97,shave_agrees
schizoid personality disorder,NN1,GenAm,𐑕𐑒𐑦𐑑𐑕𐑶𐑛 𐑐𐑻𐑕𐑩𐑯𐑨𐑤𐑦𐑑𐑦 𐑛𐑦𐑕𐑹𐑛𐑼,ˈskɪtsɔɪd ˌpɜːRsəˈnælɪti dɪsˈɔːrdəR,drop,,,,,wiktionary,new,97,shave_agrees
scramble competition,NN1,GenAm,𐑕𐑒𐑮𐑨𐑥𐑚𐑩𐑤 𐑒𐑪𐑥𐑐𐑩𐑑𐑦𐑖𐑩𐑯,skræmbəl kɒmpətɪʃən,drop,,,,,wiktionary,new,97,shave_agrees
scream blue murder,VVI,GenAm,𐑕𐑒𐑮𐑰𐑥 𐑚𐑤𐑵 𐑥𐑻𐑛𐑼,ˈskriːm bluː ˈmɜːRdəR,drop,,,,,wiktionary,new,97,shave_agrees
scream blue murder,VVI,RSSB,𐑕𐑒𐑮𐑰𐑥 𐑚𐑤𐑵 𐑥𐑻𐑛𐑼,ˈskriːm bluː mɜːrdər,drop,,,,,wiktionary,new,97,shave_agrees
scream queen,NN1,RSSB,𐑕𐑒𐑮𐑰𐑥 𐑒𐑢𐑰𐑯,ˈskriːm kwiːn,drop,,,,,wiktionary,new,97,shave_agrees
screen time,NN1,RSSB,𐑕𐑒𐑮𐑰𐑯 𐑑𐑲𐑥,ˈskriːn ˌtaɪm,drop,,,,,wiktionary,new,97,shave_agrees
screwed up,AJ0,RSSB,𐑕𐑒𐑮𐑵𐑛 𐑳𐑐,ˈskruːd ʌp,drop,,,,,wiktionary,new,97,shave_agrees
screwed up,VVI,RSSB,𐑕𐑒𐑮𐑵𐑛 𐑳𐑐,ˈskruːd ʌp,drop,,,,,wiktionary,new,97,shave_agrees
sea arch,NN1,RSSB,𐑕𐑰 𐑸𐑗,ˈsiː ɑːRtʃ,drop,,,,,wiktionary,new,97,shave_agrees
sea stack,NN1,RSSB,𐑕𐑰 𐑕𐑑𐑨𐑒,ˈsiː ˌstæk,drop,,,,,wiktionary,new,97,shave_agrees
secular arm,NN1,GenAm,𐑕𐑧𐑒𐑘𐑩𐑤𐑼 𐑸𐑥,ˌsekjələr ˈɑːRm,drop,,,,,wiktionary,new,97,shave_agrees
secular arm,NN1,RSSB,𐑕𐑧𐑒𐑘𐑩𐑤𐑼 𐑸𐑥,sekjələR ɑːRm,drop,,,,,wiktionary,new,97,shave_agrees
seed cone,NN1,RSSB,𐑕𐑰𐑛 𐑒𐑴𐑯,ˈsiːd ˌkəʊn,drop,,,,,wiktionary,new,97,shave_agrees
seize up,VVI,RSSB,𐑕𐑰𐑟 𐑳𐑐,ˈsiːz ˌʌp,drop,,,,,wiktionary,new,97,shave_agrees
septic abortion,NN1,GenAm,𐑕𐑧𐑐𐑑𐑦𐑒 𐑩𐑚𐑹𐑖𐑩𐑯,ˈseptɪk əˈbɔːRʃən,drop,,,,,wiktionary,new,97,shave_agrees
serial killer,NN1,GenAm,𐑕𐑽𐑾𐑤 𐑒𐑦𐑤𐑼,ˈsɪəriəl ˌkɪləR,drop,,,,,wiktionary,new,97,shave_agrees
serial killer,NN1,RSSB,𐑕𐑽𐑾𐑤 𐑒𐑦𐑤𐑼,sɪərɪəl kɪləR,drop,,,,,wiktionary,new,97,shave_agrees
service dog,NN1,GenAm,𐑕𐑻𐑝𐑦𐑕 𐑛𐑪𐑜,ˈsɜːRvɪs ˌdɒɡ,drop,,,,,wiktionary,new,97,shave_agrees
service dog,NN1,RSSB,𐑕𐑻𐑝𐑦𐑕 𐑛𐑪𐑜,sɜːRvɪs ˌdɒɡ,drop,,,,,wiktionary,new,97,shave_agrees
seventh art,NN1,GenAm,𐑕𐑧𐑝𐑩𐑯𐑔 𐑸𐑑,ˌsevənθ ˈɑːRt,drop,,,,,wiktionary,new,97,shave_agrees
shalom aleichem,ITJ,RSSB,𐑖𐑩𐑤𐑪𐑥 𐑩𐑤𐑱𐑒𐑩𐑥,ʃəˌlɒm əˈleɪxəm,drop,,,,,wiktionary,new,97,shave_agrees
shalom aleichem,ITJ,RSSB,𐑖𐑩𐑤𐑪𐑥 𐑩𐑤𐑱𐑒𐑩𐑥,ʃəˌlɒm əˈleɪkəm,drop,,,,,wiktionary,new,97,shave_agrees
shea butter,NN1,GenAm,𐑖𐑱 𐑚𐑳𐑑𐑼,ˈʃeɪ ˌbʌtəR,drop,,,,,wiktionary,new,97,shave_agrees
ship in a bottle,NN1,GenAm,𐑖𐑦𐑐 𐑦𐑯 𐑩 𐑚𐑪𐑑𐑩𐑤,ˌʃɪp ɪn ə ˈbɒtəl,drop,,,,,wiktionary,new,97,shave_agrees
ship in a bottle,NN1,RSSB,𐑖𐑦𐑐 𐑦𐑯 𐑩 𐑚𐑪𐑑𐑩𐑤,ˌʃɪp ɪn ə ˈbɒtəl,drop,,,,,wiktionary,new,97,shave_agrees
shit hot,AJ0,GenAm,𐑖𐑦𐑑 𐑣𐑪𐑑,ˈʃɪt ˌhɒt,drop,,,,,wiktionary,new,97,shave_agrees
shit hot,AJ0,RSSB,𐑖𐑦𐑑 𐑣𐑪𐑑,ˈʃɪt ˌhɒt,drop,,,,,wiktionary,new,97,shave_agrees
shit show,NN1,GenAm,𐑖𐑦𐑑 𐑖𐑴,ʃɪt ʃoʊ,drop,,,,,wiktionary,new,97,shave_agrees
shit stain,NN1,GenAm,𐑖𐑦𐑑 𐑕𐑑𐑱𐑯,ˈʃɪt steɪn,drop,,,,,wiktionary,new,97,shave_agrees
shock stall,NN1,RSSB,𐑖𐑪𐑒 𐑕𐑑𐑷𐑤,ˈʃɒk ˌstɔːl,drop,,,,,wiktionary,new,97,shave_agrees
shock stall,VVI,RSSB,𐑖𐑪𐑒 𐑕𐑑𐑷𐑤,ˈʃɒk ˌstɔːl,drop,,,,,wiktionary,new,97,shave_agrees
shock stalling,NN1,RSSB,𐑖𐑪𐑒 𐑕𐑑𐑷𐑤𐑦𐑙,ˈʃɒk ˌstɔːlɪŋ,drop,,,,,wiktionary,new,97,shave_agrees
shock stalling,VVI,RSSB,𐑖𐑪𐑒 𐑕𐑑𐑷𐑤𐑦𐑙,ˈʃɒk ˌstɔːlɪŋ,drop,,,,,wiktionary,new,97,shave_agrees
shopping cart,NN1,GenAm,𐑖𐑪𐑐𐑦𐑙 𐑒𐑸𐑑,ˈʃɒpɪŋ kɑːRt,drop,,,,,wiktionary,new,97,shave_agrees
short shrift,NN1,GenAm,𐑖𐑹𐑑 𐑖𐑮𐑦𐑓𐑑,ˌʃɔːRt ˈʃrɪft,drop,,,,,wiktionary,new,97,shave_agrees
short shrift,NN1,RSSB,𐑖𐑹𐑑 𐑖𐑮𐑦𐑓𐑑,ʃɔːRt ˈʃrɪft,drop,,,,,wiktionary,new,97,shave_agrees
short wave,NN1,RSSB,𐑖𐑹𐑑 𐑢𐑱𐑝,ʃɔːRt weɪv,drop,,,,,wiktionary,new,97,shave_agrees
shotgun start,NN1,GenAm,𐑖𐑪𐑑𐑜𐑳𐑯 𐑕𐑑𐑸𐑑,ˈʃɒtɡʌn stɑːRt,drop,,,,,wiktionary,new,97,shave_agrees
shotgun start,NN1,RSSB,𐑖𐑪𐑑𐑜𐑳𐑯 𐑕𐑑𐑸𐑑,ˈʃɒtɡʌn stɑːRt,drop,,,,,wiktionary,new,97,shave_agrees
shrinking violet,NN1,GenAm,𐑖𐑮𐑦𐑙𐑒𐑦𐑙 𐑝𐑲𐑩𐑤𐑩𐑑,ˈʃrɪŋkɪŋ ˈvaɪələt,drop,,,,,wiktionary,new,97,shave_agrees
shrinking violet,NN1,RSSB,𐑖𐑮𐑦𐑙𐑒𐑦𐑙 𐑝𐑲𐑩𐑤𐑩𐑑,ˈʃrɪŋkɪŋ ˈvaɪələt,drop,,,,,wiktionary,new,97,shave_agrees
shut up,AJ0,GenAm,𐑖𐑳𐑑 𐑳𐑐,ʃʌt ʌp,drop,,,,,wiktionary,new,97,shave_agrees
shut up,AJ0,RSSB,𐑖𐑳𐑑 𐑳𐑐,ʃʌt ʌp,drop,,,,,wiktionary,new,97,shave_agrees
shut up,ITJ,GenAm,𐑖𐑳𐑑 𐑳𐑐,ʃʌt ʌp,drop,,,,,wiktionary,new,97,shave_agrees
shut up,ITJ,RSSB,𐑖𐑳𐑑 𐑳𐑐,ʃʌt ʌp,drop,,,,,wiktionary,new,97,shave_agrees
shut up,VVI,GenAm,𐑖𐑳𐑑 𐑳𐑐,ʃʌt ʌp,drop,,,,,wiktionary,new,97,shave_agrees
shut up,VVI,RSSB,𐑖𐑳𐑑 𐑳𐑐,ʃʌt ʌp,drop,,,,,wiktionary,new,97,shave_agrees
shy bairns get nowt,UNC,RSSB,𐑖𐑲 𐑚𐑺𐑯𐑟 𐑜𐑧𐑑 𐑯𐑬𐑑,ʃaɪ beəRnz ɡet naʊt,drop,,,,,wiktionary,new,97,shave_agrees
siege engine,NN1,RSSB,𐑕𐑰𐑡 𐑧𐑯𐑡𐑦𐑯,ˈsiːdʒ ˌendʒɪn,drop,,,,,wiktionary,new,97,shave_agrees
sing small,VVI,RSSB,𐑕𐑦𐑙 𐑕𐑥𐑷𐑤,sɪŋ ˈsmɔːl,drop,,,,,wiktionary,new,97,shave_agrees
sinking feeling,NN1,RSSB,𐑕𐑦𐑙𐑒𐑦𐑙 𐑓𐑰𐑤𐑦𐑙,ˌsɪŋkɪŋ ˈfiːlɪŋ,drop,,,,,wiktionary,new,97,shave_agrees
sissy squat,NN1,GenAm,𐑕𐑦𐑕𐑦 𐑕𐑒𐑢𐑪𐑑,ˈsɪsi skwɒt,drop,,,,,wiktionary,new,97,shave_agrees
sissy squat,NN1,RSSB,𐑕𐑦𐑕𐑦 𐑕𐑒𐑢𐑪𐑑,ˈsɪsi skwɒt,drop,,,,,wiktionary,new,97,shave_agrees
sissy squat,NN1,RSSB,𐑕𐑦𐑕𐑦 𐑕𐑒𐑢𐑪𐑑,ˈsɪsɪ skwɒt,drop,,,,,wiktionary,new,97,shave_agrees
sitting pretty,AJ0,GenAm,𐑕𐑦𐑑𐑦𐑙 𐑐𐑮𐑦𐑑𐑦,ˈsɪtɪŋ ˈprɪti,drop,,,,,wiktionary,new,97,shave_agrees
sitting pretty,AJ0,RSSB,𐑕𐑦𐑑𐑦𐑙 𐑐𐑮𐑦𐑑𐑦,ˈsɪtɪŋ ˈprɪti,drop,,,,,wiktionary,new,97,shave_agrees
skid row,NN1,GenAm,𐑕𐑒𐑦𐑛 𐑮𐑴,ˌskɪd ˈroʊ,drop,,,,,wiktionary,new,97,shave_agrees
sleep in,VVI,RSSB,𐑕𐑤𐑰𐑐 𐑦𐑯,ˈsliːp ˌɪn,drop,,,,,wiktionary,new,97,shave_agrees
sleep like a log,VVI,GenAm,𐑕𐑤𐑰𐑐 𐑤𐑲𐑒 𐑩 𐑤𐑪𐑜,ˈsliːp laɪk ə ˈlɒɡ,drop,,,,,wiktionary,new,97,shave_agrees
sleep like a log,VVI,RSSB,𐑕𐑤𐑰𐑐 𐑤𐑲𐑒 𐑩 𐑤𐑪𐑜,ˈsliːp laɪk ə ˈlɒɡ,drop,,,,,wiktionary,new,97,shave_agrees
sleep mask,NN1,RSSB,𐑕𐑤𐑰𐑐 𐑥𐑭𐑕𐑒,sliːp mɑːsk,drop,,,,,wiktionary,new,97,shave_agrees
sleep rough,VVI,RSSB,𐑕𐑤𐑰𐑐 𐑮𐑳𐑓,ˌsliːp ˈrʌf,drop,,,,,wiktionary,new,97,shave_agrees
slide off,VVI,GenAm,𐑕𐑤𐑲𐑛 𐑪𐑓,slaɪd ˈɒf,drop,,,,,wiktionary,new,97,shave_agrees
slide off,VVI,RSSB,𐑕𐑤𐑲𐑛 𐑪𐑓,slaɪd ˈɒf,drop,,,,,wiktionary,new,97,shave_agrees
slipper sock,NN1,GenAm,𐑕𐑤𐑦𐑐𐑼 𐑕𐑪𐑒,ˈslɪpər ˌsɒk,drop,,,,,wiktionary,new,97,shave_agrees
slipper sock,NN1,RSSB,𐑕𐑤𐑦𐑐𐑼 𐑕𐑪𐑒,slɪpəR ˌsɒk,drop,,,,,wiktionary,new,97,shave_agrees
sloe gin,NN1,GenAm,𐑕𐑤𐑴 𐑡𐑦𐑯,ˈsloʊ ˌdʒɪn,drop,,,,,wiktionary,new,97,shave_agrees
sloe gin,NN1,RSSB,𐑕𐑤𐑴 𐑡𐑦𐑯,ˈsləʊ ˌdʒɪn,drop,,,,,wiktionary,new,97,shave_agrees
slow boil,NN1,GenAm,𐑕𐑤𐑴 𐑚𐑶𐑤,ˌsloʊ ˈbɔɪl,drop,,,,,wiktionary,new,97,shave_agrees
slow boil,NN1,RSSB,𐑕𐑤𐑴 𐑚𐑶𐑤,ˌsləʊ ˈbɔɪl,drop,,,,,wiktionary,new,97,shave_agrees
slow boils,NN1,GenAm,𐑕𐑤𐑴 𐑚𐑶𐑤𐑟,ˌsloʊ ˈbɔɪlz,drop,,,,,wiktionary,new,97,shave_agrees
slow boils,NN1,RSSB,𐑕𐑤𐑴 𐑚𐑶𐑤𐑟,ˌsləʊ ˈbɔɪlz,drop,,,,,wiktionary,new,97,shave_agrees
small fortune,NN1,RSSB,𐑕𐑥𐑷𐑤 𐑓𐑹𐑗𐑵𐑯,smɔːl fɔːRtʃuːn,drop,,,,,wiktionary,new,97,shave_agrees
smell a rat,VVI,RSSB,𐑕𐑥𐑧𐑤 𐑩 𐑮𐑨𐑑,ˈsmel ə ˈræt,drop,,,,,wiktionary,new,97,shave_agrees
smoke wagon,NN1,GenAm,𐑕𐑥𐑴𐑒 𐑢𐑨𐑜𐑩𐑯,ˈsmoʊk ˌwæɡən,drop,,,,,wiktionary,new,97,shave_agrees
smoke wagon,NN1,RSSB,𐑕𐑥𐑴𐑒 𐑢𐑨𐑜𐑩𐑯,ˈsməʊk ˌwæɡən,drop,,,,,wiktionary,new,97,shave_agrees
snail fever,NN1,RSSB,𐑕𐑯𐑱𐑤 𐑓𐑰𐑝𐑼,sneɪl fiːvəR,drop,,,,,wiktionary,new,97,shave_agrees
snap election,NN1,GenAm,𐑕𐑯𐑨𐑐 𐑦𐑤𐑧𐑒𐑖𐑩𐑯,ˌsnæp iˈlekʃən,drop,,,,,wiktionary,new,97,shave_agrees
snap election,NN1,RSSB,𐑕𐑯𐑨𐑐 𐑦𐑤𐑧𐑒𐑖𐑩𐑯,ˌsnæp ɪˈlekʃən,drop,,,,,wiktionary,new,97,shave_agrees
soap opera,NN1,GenAm,𐑕𐑴𐑐 𐑪𐑐𐑼𐑩,ˈsoʊp ˌɒpəRə,drop,,,,,wiktionary,new,97,shave_agrees
social work,NN1,GenAm,𐑕𐑴𐑖𐑩𐑤 𐑢𐑻𐑒,ˈsoʊʃəl wɜːRk,drop,,,,,wiktionary,new,97,shave_agrees
social work,NN1,RSSB,𐑕𐑴𐑖𐑩𐑤 𐑢𐑻𐑒,ˈsəʊʃəl wɜːRk,drop,,,,,wiktionary,new,97,shave_agrees
sodium nitrite,NN1,GenAm,𐑕𐑴𐑛𐑾𐑥 𐑯𐑲𐑑𐑮𐑲𐑑,ˈsoʊdiəm ˈnaɪtraɪt,drop,,,,,wiktionary,new,97,shave_agrees
sofa king,AV0,GenAm,𐑕𐑴𐑓𐑩 𐑒𐑦𐑙,ˈsoʊfə kɪŋ,drop,,,,,wiktionary,new,97,shave_agrees
sofa king,AV0,RSSB,𐑕𐑴𐑓𐑩 𐑒𐑦𐑙,ˈsəʊfə kɪŋ,drop,,,,,wiktionary,new,97,shave_agrees
soft flimsy,NN1,GenAm,𐑕𐑪𐑓𐑑 𐑓𐑤𐑦𐑥𐑟𐑦,sɒft ˈflɪmzi,drop,,,,,wiktionary,new,97,shave_agrees
soft flimsy,NN1,RSSB,𐑕𐑪𐑓𐑑 𐑓𐑤𐑦𐑥𐑟𐑦,sɒft ˈflɪmzi,drop,,,,,wiktionary,new,97,shave_agrees
soft spot,NN1,GenAm,𐑕𐑪𐑓𐑑 𐑕𐑐𐑪𐑑,sɒft spɒt,drop,,,,,wiktionary,new,97,shave_agrees
soft spot,NN1,RSSB,𐑕𐑪𐑓𐑑 𐑕𐑐𐑪𐑑,sɒft spɒt,drop,,,,,wiktionary,new,97,shave_agrees
solar eclipse,NN1,GenAm,𐑕𐑴𐑤𐑼 𐑦𐑒𐑤𐑦𐑐𐑕,ˈsoʊləR ɪˈklɪps,drop,,,,,wiktionary,new,97,shave_agrees
solar eclipse,NN1,RSSB,𐑕𐑴𐑤𐑼 𐑦𐑒𐑤𐑦𐑐𐑕,səʊləR ɪˈklɪps,drop,,,,,wiktionary,new,97,shave_agrees
solar storm,NN1,GenAm,𐑕𐑴𐑤𐑼 𐑕𐑑𐑹𐑥,ˈsoʊləR stɔːRm,drop,,,,,wiktionary,new,97,shave_agrees
solar storm,NN1,RSSB,𐑕𐑴𐑤𐑼 𐑕𐑑𐑹𐑥,səʊləR stɔːRm,drop,,,,,wiktionary,new,97,shave_agrees
solar storms,NN1,GenAm,𐑕𐑴𐑤𐑼 𐑕𐑑𐑹𐑥𐑟,ˈsoʊləR stɔːRmz,drop,,,,,wiktionary,new,97,shave_agrees
solar storms,NN1,RSSB,𐑕𐑴𐑤𐑼 𐑕𐑑𐑹𐑥𐑟,səʊləR stɔːRmz,drop,,,,,wiktionary,new,97,shave_agrees
solar system,NN1,GenAm,𐑕𐑴𐑤𐑼 𐑕𐑦𐑕𐑑𐑩𐑥,ˈsoʊləR ˌsɪstəm,drop,,,,,wiktionary,new,97,shave_agrees
solar system,NN1,RSSB,𐑕𐑴𐑤𐑼 𐑕𐑦𐑕𐑑𐑩𐑥,səʊləR ˌsɪstəm,drop,,,,,wiktionary,new,97,shave_agrees
solar system,NP0,GenAm,𐑕𐑴𐑤𐑼 𐑕𐑦𐑕𐑑𐑩𐑥,ˈsoʊləR ˌsɪstəm,drop,,,,,wiktionary,new,97,shave_agrees
solar system,NP0,RSSB,𐑕𐑴𐑤𐑼 𐑕𐑦𐑕𐑑𐑩𐑥,səʊləR ˌsɪstəm,drop,,,,,wiktionary,new,97,shave_agrees
sotto voce,AJ0,GenAm,𐑕𐑪𐑑𐑴 𐑝𐑴𐑗𐑦,ˌsɒtoʊ ˈvoʊtʃi,drop,,,,,wiktionary,supplement,97,shave_agrees
sotto voce,AV0,GenAm,𐑕𐑪𐑑𐑴 𐑝𐑴𐑗𐑦,ˌsɒtoʊ ˈvoʊtʃi,drop,,,,,wiktionary,supplement,97,shave_agrees
sotto voce,NN1,GenAm,𐑕𐑪𐑑𐑴 𐑝𐑴𐑗𐑦,ˌsɒtoʊ ˈvoʊtʃi,drop,,,,,wiktionary,supplement,97,shave_agrees
soul sister,NN1,GenAm,𐑕𐑴𐑤 𐑕𐑦𐑕𐑑𐑼,soʊl ˈsɪstəR,drop,,,,,wiktionary,new,97,shave_agrees
soul sister,NN1,RSSB,𐑕𐑴𐑤 𐑕𐑦𐑕𐑑𐑼,soʊl sɪstəR,drop,,,,,wiktionary,new,97,shave_agrees
sound law,NN1,RSSB,𐑕𐑬𐑯𐑛 𐑤𐑷,ˈsaʊnd lɔː,drop,,,,,wiktionary,new,97,shave_agrees
soup du jour,NN1,RSSB,𐑕𐑵𐑐 𐑛𐑵 𐑠𐑫𐑼,ˌsuːp duː ʒʊəR,drop,,,,,wiktionary,new,97,shave_agrees
soya sauce,NN1,RSSB,𐑕𐑶𐑩 𐑕𐑷𐑕,ˈsɔɪə sɔːs,drop,,,,,wiktionary,new,97,shave_agrees
speak up,VVI,RSSB,𐑕𐑐𐑰𐑒 𐑳𐑐,ˌspiːk ˈʌp,drop,,,,,wiktionary,new,97,shave_agrees
speculative evolution,NN1,RSSB,𐑕𐑐𐑧𐑒𐑘𐑩𐑤𐑩𐑑𐑦𐑝 𐑰𐑝𐑩𐑤𐑵𐑖𐑩𐑯,ˈspekjələˌtɪv ˌiːvəˈluːʃən,drop,,,,,wiktionary,new,97,shave_agrees
spell off,VVI,GenAm,𐑕𐑐𐑧𐑤 𐑪𐑓,ˌspel ˈɒf,drop,,,,,wiktionary,new,97,shave_agrees
spell off,VVI,RSSB,𐑕𐑐𐑧𐑤 𐑪𐑓,ˌspel ˈɒf,drop,,,,,wiktionary,new,97,shave_agrees
spina bifida,NN1,GenAm,𐑕𐑐𐑲𐑯𐑩 𐑚𐑦𐑓𐑦𐑛𐑩,ˈspaɪnə ˈbɪfɪdə,drop,,,,,wiktionary,new,97,shave_agrees
spinal cord,NN1,GenAm,𐑕𐑐𐑲𐑯𐑩𐑤 𐑒𐑹𐑛,ˈspaɪnəl ˈkɔːRd,drop,,,,,wiktionary,new,97,shave_agrees
spitting image,NN1,RSSB,𐑕𐑐𐑦𐑑𐑦𐑙 𐑦𐑥𐑦𐑡,ˈspɪtɪŋ ˈɪmɪdʒ,drop,,,,,wiktionary,new,97,shave_agrees
splash page,NN1,GenAm,𐑕𐑐𐑤𐑨𐑖 𐑐𐑱𐑡,splæʃ peɪdʒ,drop,,,,,wiktionary,new,97,shave_agrees
splash page,NN1,RSSB,𐑕𐑐𐑤𐑨𐑖 𐑐𐑱𐑡,splæʃ peɪdʒ,drop,,,,,wiktionary,new,97,shave_agrees
splash page,NN1,RSSB,𐑕𐑐𐑤𐑨𐑖 𐑐𐑱𐑡,splaʃ peɪdʒ,drop,,,,,wiktionary,new,97,shave_agrees
sport one's oak,VVI,RSSB,𐑕𐑐𐑹𐑑 𐑢𐑳𐑯𐑟 𐑴𐑒,spɔːRt wʌnz ˈəʊk,drop,,,,,wiktionary,new,97,shave_agrees
square meal,NN1,RSSB,𐑕𐑒𐑢𐑺 𐑥𐑰𐑤,skweəR ˈmiːl,drop,,,,,wiktionary,new,97,shave_agrees
square script,NN1,GenAm,𐑕𐑒𐑢𐑺 𐑕𐑒𐑮𐑦𐑐𐑑,ˈskweəR skrɪpt,drop,,,,,wiktionary,new,97,shave_agrees
squatty potty,NN1,GenAm,𐑕𐑒𐑢𐑪𐑑𐑦 𐑐𐑪𐑑𐑦,skwɒti pɒti,drop,,,,,wiktionary,new,97,shave_agrees
stack talk,NN1,RSSB,𐑕𐑑𐑨𐑒 𐑑𐑷𐑒,ˈstæk tɔːk,drop,,,,,wiktionary,new,97,shave_agrees
stag party,NN1,GenAm,𐑕𐑑𐑨𐑜 𐑐𐑸𐑑𐑦,ˈstæɡ ˈpɑːRti,drop,,,,,wiktionary,new,97,shave_agrees
stag party,NN1,RSSB,𐑕𐑑𐑨𐑜 𐑐𐑸𐑑𐑦,ˈstæɡ pɑːRti,drop,,,,,wiktionary,new,97,shave_agrees
stage whisper,NN1,GenAm,𐑕𐑑𐑱𐑡 𐑢𐑦𐑕𐑐𐑼,ˈsteɪdʒ ˈwɪspəR,drop,,,,,wiktionary,new,97,shave_agrees
stage whisper,NN1,RSSB,𐑕𐑑𐑱𐑡 𐑢𐑦𐑕𐑐𐑼,ˈsteɪdʒ wɪspəR,drop,,,,,wiktionary,new,97,shave_agrees
stage whisper,VVI,GenAm,𐑕𐑑𐑱𐑡 𐑢𐑦𐑕𐑐𐑼,ˈsteɪdʒ ˈwɪspəR,drop,,,,,wiktionary,new,97,shave_agrees
stage whisper,VVI,RSSB,𐑕𐑑𐑱𐑡 𐑢𐑦𐑕𐑐𐑼,ˈsteɪdʒ wɪspəR,drop,,,,,wiktionary,new,97,shave_agrees
stamp out,VVI,RSSB,𐑕𐑑𐑨𐑥𐑐 𐑬𐑑,stamp aʊt,drop,,,,,wiktionary,new,97,shave_agrees
stand trial,VVI,GenAm,𐑕𐑑𐑨𐑯𐑛 𐑑𐑮𐑲𐑩𐑤,ˌstænd ˈtraɪəl,drop,,,,,wiktionary,new,97,shave_agrees
stand trial,VVI,RSSB,𐑕𐑑𐑨𐑯𐑛 𐑑𐑮𐑲𐑩𐑤,ˌstænd traɪəl,drop,,,,,wiktionary,new,97,shave_agrees
status quo ante bellum,NN1,GenAm,𐑕𐑑𐑱𐑑𐑩𐑕 𐑒𐑢𐑴 𐑨𐑯𐑑𐑦 𐑚𐑧𐑤𐑩𐑥,ˌsteɪtəs ˈkwoʊ ˌænti ˈbeləm,drop,,,,,wiktionary,new,97,shave_agrees
status quos,NN1,GenAm,𐑕𐑑𐑱𐑑𐑩𐑕 𐑒𐑢𐑴𐑟,ˌsteɪtəs ˈkwoʊz,drop,,,,,wiktionary,new,97,shave_agrees
status quos,NN1,RSSB,𐑕𐑑𐑱𐑑𐑩𐑕 𐑒𐑢𐑴𐑟,ˌsteɪtəs ˈkwəʊz,drop,,,,,wiktionary,new,97,shave_agrees
status symbol,NN1,GenAm,𐑕𐑑𐑱𐑑𐑩𐑕 𐑕𐑦𐑥𐑚𐑩𐑤,ˈsteɪtəs ˈsɪmbəl,drop,,,,,wiktionary,new,97,shave_agrees
status symbol,NN1,RSSB,𐑕𐑑𐑱𐑑𐑩𐑕 𐑕𐑦𐑥𐑚𐑩𐑤,ˈsteɪtəs ˈsɪmbəl,drop,,,,,wiktionary,new,97,shave_agrees
steam locomotive,NN1,GenAm,𐑕𐑑𐑰𐑥 𐑤𐑴𐑒𐑩𐑥𐑴𐑑𐑦𐑝,stiːm ˌloʊkəˈmoʊtiv,drop,,,,,wiktionary,new,97,shave_agrees
steam shovel,NN1,RSSB,𐑕𐑑𐑰𐑥 𐑖𐑳𐑝𐑩𐑤,ˈstiːm ˌʃʌvəl,drop,,,,,wiktionary,new,97,shave_agrees
steam shovel,VVI,RSSB,𐑕𐑑𐑰𐑥 𐑖𐑳𐑝𐑩𐑤,ˈstiːm ˌʃʌvəl,drop,,,,,wiktionary,new,97,shave_agrees
stepping stone,NN1,GenAm,𐑕𐑑𐑧𐑐𐑦𐑙 𐑕𐑑𐑴𐑯,ˈstepɪŋ stoʊn,drop,,,,,wiktionary,new,97,shave_agrees
stepping stone,NN1,RSSB,𐑕𐑑𐑧𐑐𐑦𐑙 𐑕𐑑𐑴𐑯,ˈstepɪŋ stəʊn,drop,,,,,wiktionary,new,97,shave_agrees
stochastic terrorism,NN1,RSSB,𐑕𐑑𐑩𐑒𐑨𐑕𐑑𐑦𐑒 𐑑𐑧𐑮𐑼𐑦𐑟𐑩𐑥,stəˈkastɪk terərɪzəm,drop,,,,,wiktionary,new,95,"r_gap:spelling=3,ipa=2; shave_agrees"
story arc,NN1,GenAm,𐑕𐑑𐑹𐑦 𐑸𐑒,ˈstɔːri ɑːRk,drop,,,,,wiktionary,new,97,shave_agrees
story arc,NN1,RSSB,𐑕𐑑𐑹𐑦 𐑸𐑒,stɔːri ɑːRk,drop,,,,,wiktionary,new,97,shave_agrees
stretch forth,VVI,RSSB,𐑕𐑑𐑮𐑧𐑗 𐑓𐑹𐑔,ˈstretʃ fɔːrθ,drop,,,,,wiktionary,new,97,shave_agrees
strewing herb,NN1,RSSB,𐑕𐑑𐑮𐑵𐑦𐑙 𐑣𐑻𐑚,ˈstruːɪŋ hɜːRb,drop,,,,,wiktionary,new,97,shave_agrees
string trimmer,NN1,GenAm,𐑕𐑑𐑮𐑦𐑙 𐑑𐑮𐑦𐑥𐑼,ˌstrɪŋ ˈtrɪməR,drop,,,,,wiktionary,new,97,shave_agrees
string trimmer,NN1,RSSB,𐑕𐑑𐑮𐑦𐑙 𐑑𐑮𐑦𐑥𐑼,ˌstrɪŋ trɪməR,drop,,,,,wiktionary,new,97,shave_agrees
suicide bomber,NN1,GenAm,𐑕𐑵𐑦𐑕𐑲𐑛 𐑚𐑪𐑥𐑼,ˈsuːɪˌsaɪd ˈbɒmər,drop,,,,,wiktionary,new,97,shave_agrees
suicide bomber,NN1,RSSB,𐑕𐑵𐑦𐑕𐑲𐑛 𐑚𐑪𐑥𐑼,ˈsuːɪˌsaɪd bɒməR,drop,,,,,wiktionary,new,97,shave_agrees
summit disease,NN1,RSSB,𐑕𐑳𐑥𐑦𐑑 𐑛𐑦𐑟𐑰𐑟,ˌsʌmɪt dɪˈziːz,drop,,,,,wiktionary,new,97,shave_agrees
summum bonum,NN1,GenAm,𐑕𐑳𐑥𐑩𐑥 𐑚𐑴𐑯𐑩𐑥,ˌsʌməm ˈboʊnəm,drop,,,,,wiktionary,new,97,shave_agrees
summum bonum,NN1,RSSB,𐑕𐑳𐑥𐑩𐑥 𐑚𐑴𐑯𐑩𐑥,ˌsʌməm ˈbəʊnəm,drop,,,,,wiktionary,new,97,shave_agrees
sun dog,NN1,GenAm,𐑕𐑳𐑯 𐑛𐑪𐑜,ˈsʌn ˌdɒɡ,drop,,,,,wiktionary,new,97,shave_agrees
sun dog,NN1,RSSB,𐑕𐑳𐑯 𐑛𐑪𐑜,ˈsʌn dɒɡ,drop,,,,,wiktionary,new,97,shave_agrees
sunlit uplands,NN1,GenAm,𐑕𐑳𐑯𐑤𐑦𐑑 𐑳𐑐𐑤𐑩𐑯𐑛𐑟,ˌsʌnlɪt ˈʌpləndz,drop,,,,,wiktionary,new,97,shave_agrees
sunlit uplands,NN1,RSSB,𐑕𐑳𐑯𐑤𐑦𐑑 𐑳𐑐𐑤𐑩𐑯𐑛𐑟,ˌsʌnlɪt ˈʌpləndz,drop,,,,,wiktionary,new,97,shave_agrees
sunny uplands,NN1,GenAm,𐑕𐑳𐑯𐑦 𐑳𐑐𐑤𐑩𐑯𐑛𐑟,ˌsʌni ˈʌpləndz,drop,,,,,wiktionary,new,97,shave_agrees
surgical abdomen,NN1,GenAm,𐑕𐑻𐑡𐑦𐑒𐑩𐑤 𐑨𐑚𐑛𐑩𐑥𐑩𐑯,ˈsɜːRdʒɪkəl ˈæbdəmən,drop,,,,,wiktionary,new,97,shave_agrees
surgical abdomen,NN1,RSSB,𐑕𐑻𐑡𐑦𐑒𐑩𐑤 𐑨𐑚𐑛𐑩𐑥𐑩𐑯,sɜːRdʒɪkəl ˈæbdəmən,drop,,,,,wiktionary,new,97,shave_agrees
sweet potato,NN1,RSSB,𐑕𐑢𐑰𐑑 𐑐𐑩𐑑𐑱𐑑𐑴,ˈswiːt pəˈteɪtəʊ,drop,,,,,wiktionary,new,97,shave_agrees
sweet spot,NN1,RSSB,𐑕𐑢𐑰𐑑 𐑕𐑐𐑪𐑑,ˈswiːt spɒt,drop,,,,,wiktionary,new,97,shave_agrees
swimming hole,NN1,RSSB,𐑕𐑢𐑦𐑥𐑦𐑙 𐑣𐑴𐑤,ˈswɪmɪŋ həʊl,drop,,,,,wiktionary,new,97,shave_agrees
tag team,NN1,RSSB,𐑑𐑨𐑜 𐑑𐑰𐑥,ˈtæɡ tiːm,drop,,,,,wiktionary,new,97,shave_agrees
tag team,VVI,RSSB,𐑑𐑨𐑜 𐑑𐑰𐑥,ˈtæɡ tiːm,drop,,,,,wiktionary,new,97,shave_agrees
take by storm,VVI,GenAm,𐑑𐑱𐑒 𐑚𐑲 𐑕𐑑𐑹𐑥,ˌteɪk baɪ ˈstɔːrm,drop,,,,,wiktionary,new,97,shave_agrees
take by storm,VVI,RSSB,𐑑𐑱𐑒 𐑚𐑲 𐑕𐑑𐑹𐑥,ˌteɪk baɪ stɔːRm,drop,,,,,wiktionary,new,97,shave_agrees
take heart,ITJ,GenAm,𐑑𐑱𐑒 𐑣𐑸𐑑,ˌteɪk ˈhɑːRt,drop,,,,,wiktionary,new,97,shave_agrees
take heart,ITJ,RSSB,𐑑𐑱𐑒 𐑣𐑸𐑑,ˌteɪk hɑːRt,drop,,,,,wiktionary,new,97,shave_agrees
take heart,VVI,GenAm,𐑑𐑱𐑒 𐑣𐑸𐑑,ˌteɪk ˈhɑːRt,drop,,,,,wiktionary,new,97,shave_agrees
take heart,VVI,RSSB,𐑑𐑱𐑒 𐑣𐑸𐑑,ˌteɪk hɑːRt,drop,,,,,wiktionary,new,97,shave_agrees
talking head,NN1,RSSB,𐑑𐑷𐑒𐑦𐑙 𐑣𐑧𐑛,ˌtɔːkɪŋ ˈhed,drop,,,,,wiktionary,new,97,shave_agrees
tall order,NN1,RSSB,𐑑𐑷𐑤 𐑹𐑛𐑼,ˈtɔːl ɔːRdəR,drop,,,,,wiktionary,new,97,shave_agrees
tall story,NN1,RSSB,𐑑𐑷𐑤 𐑕𐑑𐑹𐑦,tɔːl stɔːri,drop,,,,,wiktionary,new,97,shave_agrees
tall tale,NN1,RSSB,𐑑𐑷𐑤 𐑑𐑱𐑤,tɔːl ˈteɪl,drop,,,,,wiktionary,new,97,shave_agrees
taper off,VVI,GenAm,𐑑𐑱𐑐𐑼 𐑪𐑓,ˈteɪpəR ɒf,drop,,,,,wiktionary,new,97,shave_agrees
taper off,VVI,RSSB,𐑑𐑱𐑐𐑼 𐑪𐑓,teɪpəR ɒf,drop,,,,,wiktionary,new,97,shave_agrees
tattie cake,NN1,GenAm,𐑑𐑨𐑑𐑦 𐑒𐑱𐑒,ˌtæti ˈkeɪk,drop,,,,,wiktionary,new,97,shave_agrees
tattie cake,NN1,RSSB,𐑑𐑨𐑑𐑦 𐑒𐑱𐑒,ˌtæti ˈkeɪk,drop,,,,,wiktionary,new,97,shave_agrees
tawny owl,NN1,RSSB,𐑑𐑷𐑯𐑦 𐑬𐑤,ˈtɔːni aʊl,drop,,,,,wiktionary,new,97,shave_agrees
tear off,NN1,RSSB,𐑑𐑺 𐑪𐑓,teər ɒf,drop,,,,,wiktionary,new,97,shave_agrees
tear off,VVI,RSSB,𐑑𐑺 𐑪𐑓,teər ɒf,drop,,,,,wiktionary,new,97,shave_agrees
tear out,VVI,RSSB,𐑑𐑺 𐑬𐑑,teəR aʊt,drop,,,,,wiktionary,new,97,shave_agrees
tear up,VVI,GenAm,𐑑𐑺 𐑳𐑐,ˈteər ˈʌp,drop,,,,,wiktionary,new,97,shave_agrees
tear up,VVI,RSSB,𐑑𐑺 𐑳𐑐,teər ˈʌp,drop,,,,,wiktionary,new,97,shave_agrees
tech gurus,NN1,GenAm,𐑑𐑧𐑒 𐑜𐑵𐑮𐑵𐑟,tek ˈɡuːruːz,drop,,,,,wiktionary,new,97,shave_agrees
tech gurus,NN1,GenAm,𐑑𐑧𐑒 𐑜𐑵𐑮𐑵𐑟,tek ɡuːˈruːz,drop,,,,,wiktionary,new,97,shave_agrees
tech gurus,NN1,RSSB,𐑑𐑧𐑒 𐑜𐑵𐑮𐑵𐑟,tek ˈɡuːruːz,drop,,,,,wiktionary,new,97,shave_agrees
teething trouble,NN1,RSSB,𐑑𐑰𐑞𐑦𐑙 𐑑𐑮𐑳𐑚𐑩𐑤,ˈtiːðɪŋ trʌbəl,drop,,,,,wiktionary,new,97,shave_agrees
teething troubles,NN1,RSSB,𐑑𐑰𐑞𐑦𐑙 𐑑𐑮𐑳𐑚𐑩𐑤𐑟,ˈtiːðɪŋ trʌbəlz,drop,,,,,wiktionary,new,97,shave_agrees
tensor fasciae latae,NN1,GenAm,𐑑𐑧𐑯𐑕𐑼 𐑓𐑨𐑖𐑦𐑦 𐑤𐑱𐑑𐑦,ˈtensəR ˌfæʃiˌi ˈleɪti,drop,,,,,wiktionary,new,97,shave_agrees
that dog won't hunt,UNC,GenAm,𐑞𐑨𐑑 𐑛𐑪𐑜 𐑢𐑴𐑯𐑑 𐑣𐑳𐑯𐑑,ðæt ˈdɒɡ woʊnt ˈhʌnt,drop,,,,,wiktionary,new,97,shave_agrees
that dog won't hunt,UNC,RSSB,𐑞𐑨𐑑 𐑛𐑪𐑜 𐑢𐑴𐑯𐑑 𐑣𐑳𐑯𐑑,ðæt ˈdɒɡ wəʊnt ˈhʌnt,drop,,,,,wiktionary,new,97,shave_agrees
theme park,NN1,RSSB,𐑔𐑰𐑥 𐑐𐑸𐑒,ˈθiːm pɑːRk,drop,,,,,wiktionary,new,97,shave_agrees
thigh pad,NN1,RSSB,𐑔𐑲 𐑐𐑨𐑛,ˈθaɪ ˌpad,drop,,,,,wiktionary,new,97,shave_agrees
think tank,NN1,RSSB,𐑔𐑦𐑙𐑒 𐑑𐑨𐑙𐑒,ˈθɪŋk ˌtaŋk,drop,,,,,wiktionary,new,97,shave_agrees
thought blocking,NN1,GenAm,𐑔𐑷𐑑 𐑚𐑤𐑪𐑒𐑦𐑙,θɔːt ˈblɒkɪŋ,drop,,,,,wiktionary,new,97,shave_agrees
thought blocking,NN1,RSSB,𐑔𐑷𐑑 𐑚𐑤𐑪𐑒𐑦𐑙,θɔːt ˈblɒkɪŋ,drop,,,,,wiktionary,new,97,shave_agrees
threatened abortion,NN1,GenAm,𐑔𐑮𐑧𐑑𐑩𐑯𐑛 𐑩𐑚𐑹𐑖𐑩𐑯,ˈθretənd əˈbɔːRʃən,drop,,,,,wiktionary,new,97,shave_agrees
throw back,VVI,GenAm,𐑔𐑮𐑴 𐑚𐑨𐑒,θroʊ ˈbæk,drop,,,,,wiktionary,new,97,shave_agrees
throw back,VVI,RSSB,𐑔𐑮𐑴 𐑚𐑨𐑒,θrəʊ ˈbæk,drop,,,,,wiktionary,new,97,shave_agrees
ticket inspection,NN1,GenAm,𐑑𐑦𐑒𐑩𐑑 𐑦𐑯𐑕𐑐𐑧𐑒𐑖𐑩𐑯,ˈtɪkət ɪnˈspekʃən,drop,,,,,wiktionary,new,97,shave_agrees
tier list,NN1,GenAm,𐑑𐑽 𐑤𐑦𐑕𐑑,ˈtɪəR ˌlɪst,drop,,,,,wiktionary,new,97,shave_agrees
tier list,NN1,RSSB,𐑑𐑽 𐑤𐑦𐑕𐑑,tɪəR ˌlɪst,drop,,,,,wiktionary,new,95,ml_disagrees:𐑑𐑺 𐑤𐑦𐑕𐑑; shave_agrees
time period,NN1,GenAm,𐑑𐑲𐑥 𐑐𐑽𐑾𐑛,ˈtaɪm pɪəRiəd,drop,,,,,wiktionary,new,97,shave_agrees
tin anniversary,NN1,GenAm,𐑑𐑦𐑯 𐑨𐑯𐑦𐑝𐑻𐑕𐑼𐑦,ˈtɪn ænɪˌvɜːRsəri,drop,,,,,wiktionary,new,97,shave_agrees
toke tube,NN1,GenAm,𐑑𐑴𐑒 𐑑𐑵𐑚,təʊk tuːb,drop,,,,,wiktionary,new,97,shave_agrees
tom yam,NN1,RSSB,𐑑𐑪𐑥 𐑘𐑨𐑥,ˌtɒm ˈjæm,drop,,,,,wiktionary,new,97,shave_agrees
tom yam,NN1,RSSB,𐑑𐑪𐑥 𐑘𐑨𐑥,ˌtɒm ˈjam,drop,,,,,wiktionary,new,97,shave_agrees
tooth fairy,NN1,RSSB,𐑑𐑵𐑔 𐑓𐑺𐑦,ˈtuːθ feəri,drop,,,,,wiktionary,new,97,shave_agrees
top banana,NN1,GenAm,𐑑𐑪𐑐 𐑚𐑩𐑯𐑨𐑯𐑩,ˌtɒp bəˈnænə,drop,,,,,wiktionary,new,97,shave_agrees
top banana,NN1,RSSB,𐑑𐑪𐑐 𐑚𐑩𐑯𐑭𐑯𐑩,ˌtɒp bəˈnɑːnə,drop,,,,,wiktionary,new,97,shave_agrees
top tier,AJ0,GenAm,𐑑𐑪𐑐 𐑑𐑽,ˈtɒp ˈtɪəR,drop,,,,,wiktionary,new,97,shave_agrees
top tier,AJ0,RSSB,𐑑𐑪𐑐 𐑑𐑽,ˈtɒp tɪəR,drop,,,,,wiktionary,new,97,shave_agrees
top tier,NN1,GenAm,𐑑𐑪𐑐 𐑑𐑽,ˈtɒp ˈtɪəR,drop,,,,,wiktionary,new,97,shave_agrees
top tier,NN1,RSSB,𐑑𐑪𐑐 𐑑𐑽,ˈtɒp tɪəR,drop,,,,,wiktionary,new,97,shave_agrees
tot up,VVI,GenAm,𐑑𐑪𐑑 𐑳𐑐,ˌtɒt ˈʌp,drop,,,,,wiktionary,new,97,shave_agrees
tot up,VVI,RSSB,𐑑𐑪𐑑 𐑳𐑐,ˌtɒt ˈʌp,drop,,,,,wiktionary,new,97,shave_agrees
total football,NN1,RSSB,𐑑𐑴𐑑𐑩𐑤 𐑓𐑫𐑑𐑚𐑷𐑤,ˈtəʊtəl ˈfʊtbɔːl,drop,,,,,wiktionary,new,97,shave_agrees
trading card,NN1,GenAm,𐑑𐑮𐑱𐑛𐑦𐑙 𐑒𐑸𐑛,ˈtreɪdɪŋ ˌkɑːRd,drop,,,,,wiktionary,new,97,shave_agrees
training wheel,NN1,RSSB,𐑑𐑮𐑱𐑯𐑦𐑙 𐑢𐑰𐑤,ˈtreɪnɪŋ wiːl,drop,,,,,wiktionary,new,97,shave_agrees
training wheels,NN1,RSSB,𐑑𐑮𐑱𐑯𐑦𐑙 𐑢𐑰𐑤𐑟,ˈtreɪnɪŋ wiːlz,drop,,,,,wiktionary,new,97,shave_agrees
trans girl,NN1,GenAm,𐑑𐑮𐑨𐑯𐑟 𐑜𐑻𐑤,ˈtrænz ɡɜːRl,drop,,,,,wiktionary,new,97,shave_agrees
trial balloon,NN1,RSSB,𐑑𐑮𐑲𐑩𐑤 𐑚𐑩𐑤𐑵𐑯,traɪəl bəˈluːn,drop,,,,,wiktionary,new,97,shave_agrees
truant officer,NN1,GenAm,𐑑𐑮𐑵𐑩𐑯𐑑 𐑪𐑓𐑦𐑕𐑼,ˈtruːənt ˈɒfɪsəR,drop,,,,,wiktionary,new,97,shave_agrees
true blue,AJ0,RSSB,𐑑𐑮𐑵 𐑚𐑤𐑵,ˌtruː ˈbluː,drop,,,,,wiktionary,new,97,shave_agrees
true blue,NN1,RSSB,𐑑𐑮𐑵 𐑚𐑤𐑵,ˌtruː ˈbluː,drop,,,,,wiktionary,new,97,shave_agrees
tubular bells,NN1,RSSB,𐑑𐑿𐑚𐑘𐑩𐑤𐑼 𐑚𐑧𐑤𐑟,tjuːbjələR ˈbelz,drop,,,,,wiktionary,new,97,shave_agrees
tule fog,NN1,GenAm,𐑑𐑵𐑤𐑦 𐑓𐑪𐑜,ˈtuːli fɒɡ,drop,,,,,wiktionary,new,97,shave_agrees
turf war,NN1,RSSB,𐑑𐑻𐑓 𐑢𐑹,tɜːRf wɔːR,drop,,,,,wiktionary,new,97,shave_agrees
turn a blind eye,VVI,GenAm,𐑑𐑻𐑯 𐑩 𐑚𐑤𐑲𐑯𐑛 𐑲,ˈtɜːRn ə ˌblaɪnd ˈaɪ,drop,,,,,wiktionary,new,97,shave_agrees
turn a blind eye,VVI,RSSB,𐑑𐑻𐑯 𐑩 𐑚𐑤𐑲𐑯𐑛 𐑲,tɜːRn ə ˌblaɪnd ˈaɪ,drop,,,,,wiktionary,new,97,shave_agrees
turn turtle,VVI,GenAm,𐑑𐑻𐑯 𐑑𐑻𐑑𐑩𐑤,ˈtɜːRn ˈtɜːRtəl,drop,,,,,wiktionary,new,97,shave_agrees
turn turtle,VVI,RSSB,𐑑𐑻𐑯 𐑑𐑻𐑑𐑩𐑤,tɜːRn tɜːRtəl,drop,,,,,wiktionary,new,97,shave_agrees
two left hands,NN1,RSSB,𐑑𐑵 𐑤𐑧𐑓𐑑 𐑣𐑨𐑯𐑛𐑟,tuː left hændz,drop,,,,,wiktionary,new,97,shave_agrees
Ugandan affairs,NN1,RSSB,𐑿𐑜𐑨𐑯𐑛𐑩𐑯 𐑩𐑓𐑺𐑟,juːˌɡændən əfeəRz,drop,,,,,wiktionary,new,97,shave_agrees
ugly duckling,NN1,GenAm,𐑳𐑜𐑤𐑦 𐑛𐑳𐑒𐑤𐑦𐑙,ˈʌɡli ˌdʌklɪŋ,drop,,,,,wiktionary,new,97,shave_agrees
uncredit card,NN1,GenAm,𐑳𐑯𐑒𐑮𐑧𐑛𐑦𐑑 𐑒𐑸𐑛,ˈʌnˌkredɪt kɑːRd,drop,,,,,wiktionary,new,97,shave_agrees
uncredit card,NN1,RSSB,𐑳𐑯𐑒𐑮𐑧𐑛𐑦𐑑 𐑒𐑸𐑛,ˈʌnˌkredɪt kɑːRd,drop,,,,,wiktionary,new,97,shave_agrees
under a cloud,UNC,GenAm,𐑳𐑯𐑛𐑼 𐑩 𐑒𐑤𐑬𐑛,ˈʌndəR ə klaʊd,drop,,,,,wiktionary,new,97,shave_agrees
under fire,UNC,GenAm,𐑳𐑯𐑛𐑼 𐑓𐑲𐑼,ˈʌndəR faɪəR,drop,,,,,wiktionary,new,97,shave_agrees
under fire,UNC,RSSB,𐑳𐑯𐑛𐑼 𐑓𐑲𐑼,ʌndəR faɪəR,drop,,,,,wiktionary,new,97,shave_agrees
under one's own steam,UNC,RSSB,𐑳𐑯𐑛𐑼 𐑢𐑳𐑯𐑟 𐑴𐑯 𐑕𐑑𐑰𐑥,ʌndəR ˈwʌnz əʊn ˈstiːm,drop,,,,,wiktionary,new,97,shave_agrees
universal grinder,NN1,RSSB,𐑿𐑯𐑦𐑝𐑻𐑕𐑩𐑤 𐑜𐑮𐑲𐑯𐑛𐑼,juːnɪvɜːRsəl ɡraɪndəR,drop,,,,,wiktionary,new,97,shave_agrees
vanity press,NN1,RSSB,𐑝𐑨𐑯𐑦𐑑𐑦 𐑐𐑮𐑧𐑕,ˌvænɪti ˈpres,drop,,,,,wiktionary,new,97,shave_agrees
vantage point,NN1,GenAm,𐑝𐑨𐑯𐑑𐑦𐑡 𐑐𐑶𐑯𐑑,ˈvæntɪdʒ ˌpɔɪnt,drop,,,,,wiktionary,new,97,shave_agrees
vantage point,NN1,RSSB,𐑝𐑭𐑯𐑑𐑦𐑡 𐑐𐑶𐑯𐑑,ˈvɑːntɪdʒ ˌpɔɪnt,drop,,,,,wiktionary,new,97,shave_agrees
vantage points,NN1,GenAm,𐑝𐑨𐑯𐑑𐑦𐑡 𐑐𐑶𐑯𐑑𐑕,ˈvæntɪdʒ ˌpɔɪnts,drop,,,,,wiktionary,new,97,shave_agrees
vegetable lamb,NN1,GenAm,𐑝𐑧𐑡𐑑𐑩𐑚𐑩𐑤 𐑤𐑨𐑥,ˌvedʒtəbəl ˈlæm,drop,,,,,wiktionary,new,97,shave_agrees
vegetable lamb,NN1,RSSB,𐑝𐑧𐑡𐑑𐑩𐑚𐑩𐑤 𐑤𐑨𐑥,ˌvedʒtəbəl ˈlam,drop,,,,,wiktionary,new,97,shave_agrees
venous plexus,NN1,RSSB,𐑝𐑰𐑯𐑩𐑕 𐑐𐑤𐑧𐑒𐑕𐑩𐑕,ˈviːnəs ˈpleksəs,drop,,,,,wiktionary,new,97,shave_agrees
venture capital,NN1,GenAm,𐑝𐑧𐑯𐑗𐑼 𐑒𐑨𐑐𐑦𐑑𐑩𐑤,ˈventʃəR ˈkæpɪtəl,drop,,,,,wiktionary,new,97,shave_agrees
venture capital,NN1,RSSB,𐑝𐑧𐑯𐑗𐑼 𐑒𐑨𐑐𐑦𐑑𐑩𐑤,ventʃəR ˈkæpɪtəl,drop,,,,,wiktionary,new,97,shave_agrees
vibe coding,NN1,GenAm,𐑝𐑲𐑚 𐑒𐑴𐑛𐑦𐑙,ˈvaɪb ˈkoʊdiŋ,drop,,,,,wiktionary,new,97,shave_agrees
vibe coding,VVI,GenAm,𐑝𐑲𐑚 𐑒𐑴𐑛𐑦𐑙,ˈvaɪb ˈkoʊdiŋ,drop,,,,,wiktionary,new,97,shave_agrees
vibe working,NN1,GenAm,𐑝𐑲𐑚 𐑢𐑻𐑒𐑦𐑙,ˈvaɪb ˈwɜːRkɪŋ,drop,,,,,wiktionary,new,97,shave_agrees
virtual dinner party,NN1,GenAm,𐑝𐑻𐑗𐑫𐑩𐑤 𐑛𐑦𐑯𐑼 𐑐𐑸𐑑𐑦,ˈvɜːRtʃuəl ˈdɪnər ˈpɑːRti,drop,,,,,wiktionary,new,97,shave_agrees
virtue signaller,NN1,RSSB,𐑝𐑻𐑗𐑵 𐑕𐑦𐑜𐑯𐑩𐑤𐑼,vɜːRtʃuː sɪɡnələR,drop,,,,,wiktionary,new,97,shave_agrees
virtuous circle,NN1,GenAm,𐑝𐑻𐑗𐑫𐑩𐑕 𐑕𐑻𐑒𐑩𐑤,ˈvɜːRtʃuəs ˈsɜːRkəl,drop,,,,,wiktionary,new,97,shave_agrees
volcanic winter,NN1,GenAm,𐑝𐑪𐑤𐑒𐑨𐑯𐑦𐑒 𐑢𐑦𐑯𐑑𐑼,vɒlˌkænɪk ˈwɪntər,drop,,,,,wiktionary,new,97,shave_agrees
volcanic winter,NN1,RSSB,𐑝𐑪𐑤𐑒𐑨𐑯𐑦𐑒 𐑢𐑦𐑯𐑑𐑼,vɒlˌkænɪk wɪntəR,drop,,,,,wiktionary,new,97,shave_agrees
vox populi,NN1,GenAm,𐑝𐑪𐑒𐑕 𐑐𐑪𐑐𐑿𐑤𐑲,ˈvɒks ˈpɒpjuːlaɪ,drop,,,,,wiktionary,supplement,97,shave_agrees
vulture culture,NN1,GenAm,𐑝𐑳𐑤𐑗𐑼 𐑒𐑳𐑤𐑗𐑼,ˈvʌltʃər ˌkʌltʃər,drop,,,,,wiktionary,new,97,shave_agrees
vulture culture,NN1,RSSB,𐑝𐑳𐑤𐑗𐑼 𐑒𐑳𐑤𐑗𐑼,vʌltʃəR kʌltʃəR,drop,,,,,wiktionary,new,97,shave_agrees
walk on eggshells,VVI,RSSB,𐑢𐑷𐑒 𐑪𐑯 𐑧𐑜𐑖𐑧𐑤𐑟,ˌwɔːk ɒn ˈeɡʃelz,drop,,,,,wiktionary,new,97,shave_agrees
war crime,NN1,GenAm,𐑢𐑹 𐑒𐑮𐑲𐑥,ˈwɔːR ˌkraɪm,drop,,,,,wiktionary,new,97,shave_agrees
war crime,NN1,RSSB,𐑢𐑹 𐑒𐑮𐑲𐑥,wɔːR kraɪm,drop,,,,,wiktionary,new,97,shave_agrees
war machine,NN1,RSSB,𐑢𐑹 𐑥𐑩𐑖𐑰𐑯,wɔːR məˌʃiːn,drop,,,,,wiktionary,new,97,shave_agrees
war machine,NN1,RSSB,𐑢𐑹 𐑥𐑩𐑖𐑰𐑯,wɔːr məˌʃiːn,drop,,,,,wiktionary,new,97,shave_agrees
warming center,NN1,RSSB,𐑢𐑹𐑥𐑦𐑙 𐑕𐑧𐑯𐑑𐑼,wɔːRmɪŋ sentəR,drop,,,,,wiktionary,new,97,shave_agrees
wash one's hands,VVI,GenAm,𐑢𐑪𐑖 𐑢𐑳𐑯𐑟 𐑣𐑨𐑯𐑛𐑟,ˌwɒʃ wʌnz ˈhændz,drop,,,,,wiktionary,new,97,shave_agrees
wash one's hands,VVI,RSSB,𐑢𐑪𐑖 𐑢𐑳𐑯𐑟 𐑣𐑨𐑯𐑛𐑟,ˌwɒʃ wʌnz ˈhændz,drop,,,,,wiktionary,new,97,shave_agrees
washing line,NN1,RSSB,𐑢𐑪𐑖𐑦𐑙 𐑤𐑲𐑯,ˈwɒʃɪŋ ˌlaɪn,drop,,,,,wiktionary,new,97,shave_agrees
water spout,NN1,RSSB,𐑢𐑷𐑑𐑼 𐑕𐑐𐑬𐑑,wɔːtəR spaʊt,drop,,,,,wiktionary,new,97,shave_agrees
wax poetic,VVI,GenAm,𐑢𐑨𐑒𐑕 𐑐𐑴𐑧𐑑𐑦𐑒,ˈwæks poʊˈetɪk,drop,,,,,wiktionary,new,97,shave_agrees
weather vane,NN1,GenAm,𐑢𐑧𐑞𐑼 𐑝𐑱𐑯,ˈweðəR veɪn,drop,,,,,wiktionary,new,97,shave_agrees
weather vane,NN1,RSSB,𐑢𐑧𐑞𐑼 𐑝𐑱𐑯,weðəR veɪn,drop,,,,,wiktionary,new,97,shave_agrees
webside manner,NN1,GenAm,𐑢𐑧𐑚𐑕𐑲𐑛 𐑥𐑨𐑯𐑼,ˌwebˌsaɪd ˈmænəR,drop,,,,,wiktionary,new,97,shave_agrees
webside manner,NN1,RSSB,𐑢𐑧𐑚𐑕𐑲𐑛 𐑥𐑨𐑯𐑼,ˌwebsaɪd mænəR,drop,,,,,wiktionary,new,97,shave_agrees
wendigo psychosis,NN1,GenAm,𐑢𐑧𐑯𐑛𐑦𐑜𐑴 𐑕𐑲𐑒𐑴𐑕𐑦𐑕,ˈwendiɡoʊ saɪˈkoʊsɪs,drop,,,,,wiktionary,new,97,shave_agrees
wendigo psychosis,NN1,RSSB,𐑢𐑧𐑯𐑛𐑦𐑜𐑴 𐑕𐑲𐑒𐑴𐑕𐑦𐑕,ˈwendɪɡəʊ saɪˈkəʊsɪs,drop,,,,,wiktionary,new,97,shave_agrees
wet meadow,NN1,GenAm,𐑢𐑧𐑑 𐑥𐑧𐑛𐑴,wet ˈmedoʊ,drop,,,,,wiktionary,new,97,shave_agrees
wet meadow,NN1,RSSB,𐑢𐑧𐑑 𐑥𐑧𐑛𐑴,wet ˈmedəʊ,drop,,,,,wiktionary,new,97,shave_agrees
where there is a will there is a way,UNC,GenAm,𐑢𐑺 𐑞𐑺 𐑦𐑟 𐑩 𐑢𐑦𐑤 𐑞𐑺 𐑦𐑟 𐑩 𐑢𐑱,ʍeəR ˌðeəR ɪz ə ˈwɪl ðeəR ɪz ə ˈweɪ,drop,,,,,wiktionary,new,97,shave_agrees
where there is a will there is a way,UNC,RSSB,𐑢𐑺 𐑞𐑺 𐑦𐑟 𐑩 𐑢𐑦𐑤 𐑞𐑺 𐑦𐑟 𐑩 𐑢𐑱,ʍeəR ðeər ɪz ə ˈwɪl ðeər ɪz ə ˈweɪ,drop,,,,,wiktionary,new,97,shave_agrees
white coat,NN1,GenAm,𐑢𐑲𐑑 𐑒𐑴𐑑,ˌwaɪt ˈkoʊt,drop,,,,,wiktionary,new,97,shave_agrees
white stork,NN1,GenAm,𐑢𐑲𐑑 𐑕𐑑𐑹𐑒,waɪt stɔːRk,drop,,,,,wiktionary,new,97,shave_agrees
white stork,NN1,RSSB,𐑢𐑲𐑑 𐑕𐑑𐑹𐑒,waɪt stɔːRk,drop,,,,,wiktionary,new,97,shave_agrees
whooping cough,NN1,GenAm,𐑣𐑵𐑐𐑦𐑙 𐑒𐑪𐑓,ˈhuːpɪŋ ˌkɒf,drop,,,,,wiktionary,new,97,shave_agrees
whooping cough,NN1,RSSB,𐑣𐑵𐑐𐑦𐑙 𐑒𐑪𐑓,ˈhuːpɪŋ ˌkɒf,drop,,,,,wiktionary,new,97,shave_agrees
widow's mite,NN1,GenAm,𐑢𐑦𐑛𐑴𐑟 𐑥𐑲𐑑,ˈwɪdoʊz ˈmaɪt,drop,,,,,wiktionary,new,97,shave_agrees
widow's mite,NN1,RSSB,𐑢𐑦𐑛𐑴𐑟 𐑥𐑲𐑑,ˈwɪdəʊz ˈmaɪt,drop,,,,,wiktionary,new,97,shave_agrees
wild boar,NN1,RSSB,𐑢𐑲𐑤𐑛 𐑚𐑹,ˈwaɪld bɔːR,drop,,,,,wiktionary,new,97,shave_agrees
wildcat strike,NN1,RSSB,𐑢𐑲𐑤𐑛𐑒𐑨𐑑 𐑕𐑑𐑮𐑲𐑒,ˈwaɪldˌkæt ˈstraɪk,drop,,,,,wiktionary,new,97,shave_agrees
window sill,NN1,GenAm,𐑢𐑦𐑯𐑛𐑴 𐑕𐑦𐑤,ˈwɪndoʊ ˌsɪl,drop,,,,,wiktionary,new,97,shave_agrees
window sill,NN1,RSSB,𐑢𐑦𐑯𐑛𐑴 𐑕𐑦𐑤,ˈwɪndəʊ ˌsɪl,drop,,,,,wiktionary,new,97,shave_agrees
wine glass,NN1,GenAm,𐑢𐑲𐑯 𐑜𐑤𐑨𐑕,ˈwaɪn ɡlæs,drop,,,,,wiktionary,new,97,shave_agrees
winged word,NN1,GenAm,𐑢𐑦𐑙𐑛 𐑢𐑻𐑛,ˌwɪŋd ˈwɜːRd,drop,,,,,wiktionary,new,97,shave_agrees
winged word,NN1,RSSB,𐑢𐑦𐑙𐑛 𐑢𐑻𐑛,ˌwɪŋd wɜːRd,drop,,,,,wiktionary,new,97,shave_agrees
winter storm,NN1,GenAm,𐑢𐑦𐑯𐑑𐑼 𐑕𐑑𐑹𐑥,ˈwɪntəR stɔːRm,drop,,,,,wiktionary,new,97,shave_agrees
wish upon a star,VVI,GenAm,𐑢𐑦𐑖 𐑩𐑐𐑪𐑯 𐑩 𐑕𐑑𐑸,wɪʃ əˈpɒn ə stɑːR,drop,,,,,wiktionary,new,97,shave_agrees
wish upon a star,VVI,RSSB,𐑢𐑦𐑖 𐑩𐑐𐑪𐑯 𐑩 𐑕𐑑𐑸,wɪʃ əˈpɒn ə stɑːr,drop,,,,,wiktionary,new,97,shave_agrees
witch doctor,NN1,GenAm,𐑢𐑦𐑗 𐑛𐑪𐑒𐑑𐑼,ˈwɪtʃ ˌdɒktəR,drop,,,,,wiktionary,new,97,shave_agrees
witch doctor,NN1,RSSB,𐑢𐑦𐑗 𐑛𐑪𐑒𐑑𐑼,ˈwɪtʃ dɒktəR,drop,,,,,wiktionary,new,97,shave_agrees
witching hour,NN1,GenAm,𐑢𐑦𐑗𐑦𐑙 𐑬𐑼,ˈwɪtʃɪŋ ˌaʊər,drop,,,,,wiktionary,new,97,shave_agrees
witching hour,NN1,RSSB,𐑢𐑦𐑗𐑦𐑙 𐑬𐑼,ˈwɪtʃɪŋ aʊəR,drop,,,,,wiktionary,new,97,shave_agrees
with pleasure,UNC,GenAm,𐑢𐑦𐑔 𐑐𐑤𐑧𐑠𐑼,wɪθ ˈpleʒəR,drop,,,,,wiktionary,new,97,shave_agrees
with pleasure,UNC,RSSB,𐑢𐑦𐑞 𐑐𐑤𐑧𐑠𐑼,wɪð pleʒəR,drop,,,,,wiktionary,new,97,shave_agrees
woe betide,VVI,RSSB,𐑢𐑴 𐑚𐑦𐑑𐑲𐑛,ˌwəʊ bɪˈtaɪd,drop,,,,,wiktionary,new,97,shave_agrees
woe is me,ITJ,RSSB,𐑢𐑴 𐑦𐑟 𐑥𐑰,ˌwəʊ ɪz ˈmiː,drop,,,,,wiktionary,new,97,shave_agrees
wolf in sheep's clothing,NN1,RSSB,𐑢𐑫𐑤𐑓 𐑦𐑯 𐑖𐑰𐑐𐑕 𐑒𐑤𐑴𐑞𐑦𐑙,ˈwʊlf ɪn ˈʃiːps ˈkləʊðɪŋ,drop,,,,,wiktionary,new,97,shave_agrees
Woozle effect,NP0,RSSB,𐑢𐑵𐑟𐑩𐑤 𐑦𐑓𐑧𐑒𐑑,ˈwuːzəl ɪˈfekt,drop,,,,,wiktionary,new,97,shave_agrees
word processor,NN1,RSSB,𐑢𐑻𐑛 𐑐𐑮𐑴𐑕𐑧𐑕𐑼,wɜːRd prəʊsesər,drop,,,,,wiktionary,new,97,shave_agrees
word separator,NN1,GenAm,𐑢𐑻𐑛 𐑕𐑧𐑐𐑼𐑱𐑑𐑼,wɜːRd ˈsepəˌreɪtər,drop,,,,,wiktionary,new,97,shave_agrees
word separator,NN1,RSSB,𐑢𐑻𐑛 𐑕𐑧𐑐𐑼𐑱𐑑𐑼,wɜːRd sepəreɪtəR,drop,,,,,wiktionary,new,97,shave_agrees
words fail someone,UNC,GenAm,𐑢𐑻𐑛𐑟 𐑓𐑱𐑤 𐑕𐑳𐑥𐑢𐑳𐑯,ˈwɜːRdz feɪl ˈsʌmˌwʌn,drop,,,,,wiktionary,new,97,shave_agrees
words fail someone,UNC,RSSB,𐑢𐑻𐑛𐑟 𐑓𐑱𐑤 𐑕𐑳𐑥𐑢𐑳𐑯,wɜːRdz feɪl ˈsʌmwʌn,drop,,,,,wiktionary,new,97,shave_agrees
work out,VVI,GenAm,𐑢𐑻𐑒 𐑬𐑑,ˌwɜːRk ˈaʊt,drop,,,,,wiktionary,new,97,shave_agrees
work out,VVI,RSSB,𐑢𐑻𐑒 𐑬𐑑,wɜːRk ˈaʊt,drop,,,,,wiktionary,new,97,shave_agrees
working stiff,NN1,GenAm,𐑢𐑻𐑒𐑦𐑙 𐑕𐑑𐑦𐑓,ˌwɜːRkɪŋ ˈstɪf,drop,,,,,wiktionary,new,97,shave_agrees
working stiff,NN1,RSSB,𐑢𐑻𐑒𐑦𐑙 𐑕𐑑𐑦𐑓,wɜːRkɪŋ ˈstɪf,drop,,,,,wiktionary,new,97,shave_agrees
world egg,NN1,GenAm,𐑢𐑻𐑤𐑛 𐑧𐑜,wɜːld ˌeɡ,drop,,,,,wiktionary,new,95,"r_gap:spelling=1,ipa=0; shave_agrees"
world map,NN1,GenAm,𐑢𐑻𐑤𐑛 𐑥𐑨𐑐,wɜːRld ˈmæp,drop,,,,,wiktionary,new,97,shave_agrees
world map,NN1,RSSB,𐑢𐑻𐑤𐑛 𐑥𐑨𐑐,wɜːRld ˈmæp,drop,,,,,wiktionary,new,97,shave_agrees
yardage book,NN1,RSSB,𐑘𐑸𐑛𐑦𐑡 𐑚𐑫𐑒,jɑːRdɪdʒ ˌbʊk,drop,,,,,wiktionary,new,97,shave_agrees
yardage books,NN1,RSSB,𐑘𐑸𐑛𐑦𐑡 𐑚𐑫𐑒𐑕,jɑːRdɪdʒ ˌbʊks,drop,,,,,wiktionary,new,97,shave_agrees
yellow baboon,NN1,RSSB,𐑘𐑧𐑤𐑴 𐑚𐑩𐑚𐑵𐑯,ˈjeləʊ bəˈbuːn,drop,,,,,wiktionary,new,97,shave_agrees
yellow card,NN1,GenAm,𐑘𐑧𐑤𐑴 𐑒𐑸𐑛,ˈjeloʊ ˌkɑːRd,drop,,,,,wiktionary,new,97,shave_agrees
yellow card,NN1,RSSB,𐑘𐑧𐑤𐑴 𐑒𐑸𐑛,ˈjeləʊ kɑːRd,drop,,,,,wiktionary,new,97,shave_agrees
yellow jersey,NN1,GenAm,𐑘𐑧𐑤𐑴 𐑡𐑻𐑟𐑦,ˌjeloʊ ˈdʒɜːRzi,drop,,,,,wiktionary,new,97,shave_agrees
yellow jersey,NN1,RSSB,𐑘𐑧𐑤𐑴 𐑡𐑻𐑟𐑦,ˌjeləʊ dʒɜːRzi,drop,,,,,wiktionary,new,97,shave_agrees
yes homo,AV0,GenAm,𐑘𐑧𐑕 𐑣𐑴𐑥𐑴,jes hoʊmoʊ,drop,,,,,wiktionary,new,97,shave_agrees
Yoda condition,NN1,GenAm,𐑘𐑴𐑛𐑩 𐑒𐑩𐑯𐑛𐑦𐑖𐑩𐑯,ˌjoʊdə kənˈdɪʃən,drop,,,,,wiktionary,new,97,shave_agrees
Yoda condition,NN1,RSSB,𐑘𐑴𐑛𐑩 𐑒𐑩𐑯𐑛𐑦𐑖𐑩𐑯,ˌjəʊdə kənˈdɪʃən,drop,,,,,wiktionary,new,97,shave_agrees
you have beautiful eyes,UNC,RSSB,𐑿 𐑣𐑨𐑝 𐑚𐑿𐑑𐑦𐑓𐑩𐑤 𐑲𐑟,juː hæv ˈbjuːtɪfəl aɪz,drop,,,,,wiktionary,new,97,shave_agrees
you know,ITJ,RSSB,𐑿 𐑯𐑴,juː nəʊ,drop,,,,,wiktionary,new,97,shave_agrees
zero derivation,NN1,RSSB,𐑟𐑽𐑴 𐑛𐑧𐑮𐑦𐑝𐑱𐑖𐑩𐑯,zɪərəʊ derɪveɪʃən,drop,,,,,wiktionary,new,97,shave_agrees
zero fighter,NN1,RSSB,𐑟𐑽𐑴 𐑓𐑲𐑑𐑼,zɪərəʊ faɪtər,drop,,,,,wiktionary,new,97,shave_agrees
zoological garden,NN1,GenAm,𐑟𐑴𐑩𐑤𐑪𐑡𐑦𐑒𐑩𐑤 𐑜𐑸𐑛𐑩𐑯,ˌzoʊəˈlɒdʒɪkəl ˈɡɑːRdən,drop,,,,,wiktionary,new,97,shave_agrees
zoological garden,NN1,RSSB,𐑟𐑴𐑩𐑤𐑪𐑡𐑦𐑒𐑩𐑤 𐑜𐑸𐑛𐑩𐑯,ˌzəʊəˈlɒdʒɪkəl ɡɑːRdən,drop,,,,,wiktionary,new,97,shave_agrees
