word	shaw	ipa	pos	var	confidence	notes
aalii	𐑭𐑤𐑰𐑰	ɑːˈliːiː	NN1	RSSB	89	shave_says:𐑱𐑱𐑤𐑦
aalii	𐑪𐑤𐑰𐑰	ɒˈliːˌiː	NN1	GenAm	89	shave_says:𐑱𐑱𐑤𐑦
aare	𐑸𐑩	ˈɑːRə	NN1	GenAm	89	shave_says:𐑱𐑸
aba	𐑩𐑚𐑭	əˈbɑː	NN1	RSSB	89	shave_says:[𐑨𐑚𐑩 / 𐑱𐑚𐑰𐑱 / 𐑭𐑚𐑧𐑩]
abaca	𐑨𐑚𐑩𐑒𐑭	ˌæbəˈkɑː	NN1	RSSB	89	shave_says:𐑨𐑚𐑩𐑒𐑩
abaca	𐑨𐑚𐑩𐑒𐑪	ˌæbəˈkɒ	NN1	GenAm	89	shave_says:𐑨𐑚𐑩𐑒𐑩
abacinate	𐑨𐑚𐑨𐑕𐑦𐑯𐑱𐑑	æbˈæsɪneɪt	VVI	RSSB	89	shave_says:[𐑨𐑚𐑩𐑒𐑦𐑯𐑱𐑑 / 𐑨𐑚𐑩𐑒𐑰𐑯𐑱𐑑 / 𐑱𐑚𐑱𐑒𐑦𐑯𐑱𐑑 / 𐑨𐑚𐑱𐑕𐑦𐑯𐑱𐑑]
abactinal	𐑨𐑚𐑨𐑒𐑑𐑩𐑯𐑩𐑤	æˈbæktənəl	AJ0	GenAm	89	shave_says:[𐑨𐑚𐑩𐑒𐑑𐑦𐑯𐑩𐑤 / 𐑱𐑚𐑨𐑒𐑑𐑦𐑯𐑩𐑤 / 𐑨𐑚𐑨𐑒𐑑𐑦𐑯𐑩𐑤 / 𐑨𐑚𐑩𐑒𐑑𐑰𐑯𐑩𐑤]
abadan	𐑪𐑚𐑪𐑛𐑪𐑯	ˌɒbɒˈdɒn	NN1	GenAm	89	shave_says:[𐑩𐑚𐑭𐑛𐑩𐑯 / 𐑨𐑚𐑩𐑛𐑭𐑯 / 𐑱𐑚𐑭𐑛𐑩𐑯 / 𐑨𐑚𐑱𐑛𐑩𐑯]
abampere	𐑨𐑚𐑨𐑥𐑐𐑽	æbæmpɪəR	NN1	RSSB	89	shave_says:𐑨𐑚𐑨𐑥𐑐𐑺
abampere	𐑨𐑚𐑨𐑥𐑐𐑦𐑮	æˈbæmpɪr	NN1	GenAm	89	shave_says:𐑨𐑚𐑨𐑥𐑐𐑺
abasia	𐑩𐑚𐑱𐑠𐑩	əˈbeɪʒə	NN1	RSSB	89	shave_says:[𐑨𐑚𐑱𐑠𐑩 / 𐑩𐑚𐑱𐑕𐑦𐑩 / 𐑱𐑚𐑱𐑕𐑦𐑩]
abatic	𐑩𐑚𐑨𐑑𐑦𐑒	əˈbætɪk	AJ0	GenAm	89	shave_says:[𐑨𐑚𐑨𐑑𐑦𐑒 / 𐑩𐑚𐑱𐑑𐑦𐑒 / 𐑭𐑚𐑧𐑨𐑑𐑦𐑒 / 𐑱𐑚𐑱𐑑𐑦𐑒 / 𐑨𐑚𐑱𐑑𐑦𐑒]
abatis	𐑨𐑚𐑩𐑑𐑰	ˈæbəˌtiː	NN1	GenAm	89	shave_says:[𐑩𐑚𐑱𐑑𐑦𐑕 / 𐑩𐑚𐑱𐑑𐑦𐑟 / 𐑱𐑚𐑱𐑑𐑦𐑕 / 𐑨𐑚𐑨𐑑𐑦𐑕 / 𐑨𐑚𐑱𐑑𐑦𐑕]
abattis	𐑩𐑚𐑨𐑑𐑦𐑕	əˈbætɪs	NN1	GenAm	89	shave_says:[𐑱𐑚𐑨𐑑𐑦𐑕 / 𐑨𐑚𐑨𐑑𐑦𐑕 / 𐑨𐑚𐑨𐑑𐑦𐑟]
abaya	𐑩𐑚𐑱𐑘𐑩	əˈbeɪjə	NN1	GenAm	89	shave_says:𐑩𐑚𐑲𐑩
abb	𐑨𐑚	æb	NN1	GenAm	89	shave_says:𐑱𐑚
abbatial	𐑩𐑚𐑱𐑖𐑩𐑤	əˈbeɪʃəl	AJ0	GenAm	89	shave_says:[𐑨𐑚𐑩𐑑𐑦𐑩𐑤 / 𐑨𐑚𐑱𐑑𐑦𐑩𐑤 / 𐑨𐑚𐑨𐑑𐑦𐑩𐑤 / 𐑨𐑚𐑭𐑑𐑦𐑩𐑤 / 𐑨𐑚𐑚𐑱𐑑𐑦𐑩𐑤]
abcoulomb	𐑨𐑚𐑒𐑫𐑤𐑪𐑥	ˌæbkuˈlɒm	NN1	GenAm	89	shave_says:𐑨𐑚𐑒𐑵𐑤𐑪𐑥
abdicable	𐑨𐑚𐑛𐑩𐑒𐑩𐑚𐑩𐑤	ˈæbdəkəbəl	AJ0	GenAm	89	shave_says:[𐑨𐑚𐑛𐑦𐑒𐑩𐑚𐑩𐑤 / 𐑨𐑚𐑛𐑲𐑒𐑱𐑚𐑩𐑤 / 𐑨𐑚𐑛𐑦𐑒𐑩𐑚𐑩𐑤]
abdicator	𐑨𐑚𐑛𐑩𐑒𐑧𐑦𐑑𐑼	ˈæbdəˌkeitəR	NN1	GenAm	89	shave_says:𐑨𐑚𐑛𐑦𐑒𐑱𐑑𐑼
abdominocentesis	𐑨𐑚𐑛𐑪𐑥𐑦𐑯𐑴𐑕𐑻𐑯𐑑𐑰𐑕𐑩𐑕	æbˌdɒmɪnoʊsɜːnˈtiːsəs	NN1	GenAm	89	shave_says:[𐑨𐑚𐑛𐑪𐑥𐑦𐑯𐑴𐑕𐑧𐑯𐑑𐑰𐑕𐑦𐑕 / 𐑨𐑚𐑛𐑴𐑥𐑰𐑯𐑴𐑕𐑧𐑯𐑑𐑰𐑕𐑦𐑕 / 𐑨𐑚𐑛𐑴𐑥𐑰𐑯𐑴𐑕𐑧𐑯𐑑𐑩𐑰𐑟𐑦𐑕 / 𐑨𐑚𐑛𐑴𐑥𐑰𐑯𐑴𐑕𐑧𐑯𐑑𐑩𐑰𐑟𐑦𐑟]
abdominoplasty	𐑨𐑚𐑛𐑪𐑥𐑦𐑯𐑴𐑐𐑤𐑨𐑕𐑑𐑦	æbˈdɒmɪnoʊˌplæsti	NN1	GenAm	89	shave_says:[𐑨𐑚𐑛𐑪𐑥𐑦𐑯𐑴𐑐𐑤𐑭𐑕𐑑𐑦 / 𐑨𐑚𐑛𐑴𐑥𐑰𐑯𐑴𐑐𐑤𐑭𐑕𐑑𐑦]
abdominous	𐑨𐑚𐑛𐑪𐑥𐑩𐑯𐑩𐑕	æbˈdɒmənəs	AJ0	GenAm	89	shave_says:[𐑨𐑚𐑛𐑪𐑥𐑦𐑯𐑴𐑩𐑕 / 𐑭𐑚𐑛𐑴𐑥𐑲𐑯𐑩𐑕 / 𐑨𐑚𐑛𐑴𐑥𐑦𐑯𐑩𐑕 / 𐑨𐑚𐑛𐑴𐑥𐑰𐑯𐑴𐑩𐑕 / 𐑨𐑚𐑛𐑴𐑥𐑰𐑯𐑴𐑵𐑟]
abduce	𐑩𐑚𐑛𐑿𐑕	əbˈdjuːs	VVI	RSSB	89	shave_says:[𐑨𐑚𐑛𐑵𐑗𐑱 / 𐑭𐑚𐑛𐑵𐑕]
abduce	𐑨𐑚𐑛𐑫𐑕	æbˈdus	VVI	GenAm	89	shave_says:[𐑨𐑚𐑛𐑵𐑗𐑱 / 𐑭𐑚𐑛𐑵𐑕]
abducens	𐑨𐑚𐑡𐑵𐑕𐑩𐑯𐑟	abˈdʒuːsənz	NN1	RSSB	89	shave_says:𐑨𐑚𐑛𐑵𐑗𐑱𐑩𐑯𐑟
abducens	𐑨𐑚𐑛𐑫𐑕𐑧𐑯𐑟	æbˈduˌsenz	NN1	GenAm	89	shave_says:𐑨𐑚𐑛𐑵𐑗𐑱𐑩𐑯𐑟
abducent	𐑨𐑚𐑛𐑫𐑕𐑩𐑯𐑑	æbˈdusənt	AJ0	GenAm	89	shave_says:[𐑭𐑚𐑛𐑵𐑕𐑧𐑯𐑑 / 𐑨𐑚𐑛𐑵𐑕𐑧𐑯𐑑]
abecedarian	𐑱𐑚𐑰𐑕𐑰𐑛𐑺𐑦𐑩𐑯	eɪbiːsiːdeərɪ+ən	NN1	RSSB	89	shave_says:[𐑱𐑚𐑦𐑕𐑰𐑛𐑼𐑦𐑩𐑯 / 𐑭𐑚𐑧𐑕𐑑𐑺𐑦𐑩𐑯 / 𐑨𐑚𐑰𐑕𐑰𐑛𐑺𐑦𐑩𐑯 / 𐑭𐑚𐑧𐑕𐑑𐑼𐑦𐑩𐑯 / 𐑭𐑚𐑧𐑕𐑛𐑸𐑦𐑩𐑯]
abecedarian	𐑱𐑚𐑦𐑕𐑰𐑛𐑧𐑮𐑦𐑩𐑯	ˌeɪbiˌsiːˈderi+ən	NN1	GenAm	89	shave_says:[𐑱𐑚𐑦𐑕𐑰𐑛𐑼𐑦𐑩𐑯 / 𐑭𐑚𐑧𐑕𐑑𐑺𐑦𐑩𐑯 / 𐑨𐑚𐑰𐑕𐑰𐑛𐑺𐑦𐑩𐑯 / 𐑭𐑚𐑧𐑕𐑑𐑼𐑦𐑩𐑯 / 𐑭𐑚𐑧𐑕𐑛𐑸𐑦𐑩𐑯]
abecedarius	𐑱𐑚𐑦𐑕𐑰𐑛𐑨𐑮𐑦𐑩𐑕	ˌeɪbiˌsiːˈdæri+əs	NN1	GenAm	89	shave_says:[𐑱𐑚𐑧𐑒𐑑𐑺𐑾𐑕 / 𐑭𐑚𐑧𐑕𐑑𐑺𐑾𐑕 / 𐑨𐑚𐑰𐑕𐑰𐑛𐑺𐑾𐑕 / 𐑭𐑚𐑧𐑕𐑑𐑼𐑦𐑩𐑕 / 𐑭𐑚𐑧𐑕𐑛𐑸𐑦𐑩𐑕]
abelia	𐑩𐑚𐑰𐑤𐑘𐑩	əˈbiːljə	NN1	GenAm	89	shave_says:[𐑨𐑚𐑰𐑤𐑦𐑩 / 𐑱𐑚𐑦𐑤𐑦𐑩 / 𐑩𐑚𐑰𐑤𐑦𐑩]
abelmosk	𐑱𐑚𐑩𐑤𐑥𐑪𐑕𐑒	ˈeɪbəlˌmɒsk	NN1	GenAm	89	shave_says:[𐑨𐑚𐑧𐑤𐑥𐑴𐑕𐑒 / 𐑱𐑚𐑩𐑤𐑥𐑴𐑕𐑒 / 𐑱𐑚𐑩𐑤𐑥𐑴𐑟𐑒]
abenaki	𐑨𐑚𐑩𐑯𐑨𐑒𐑦	ˌæbəˈnæki	NN1	GenAm	89	shave_says:𐑨𐑚𐑩𐑯𐑭𐑒𐑦
aberdonian	𐑨𐑚𐑼𐑛𐑴𐑯𐑘𐑩𐑯	ˌæbəRˈdoʊnjən	AJ0	GenAm	89	shave_says:[𐑨𐑚𐑼𐑛𐑴𐑯𐑦𐑩𐑯 / 𐑱𐑚𐑧𐑮𐑛𐑴𐑯𐑦𐑩𐑯 / 𐑨𐑚𐑼𐑛𐑩𐑯𐑦𐑩𐑯]
aberrance	𐑨𐑚𐑧𐑮𐑩𐑯𐑕	ˈæberəns	NN1	GenAm	89	shave_says:[𐑨𐑚𐑼𐑩𐑯𐑕 / 𐑱𐑚𐑧𐑮𐑩𐑯𐑕 / 𐑨𐑚𐑩𐑩𐑩𐑯𐑕]
aberrancy	𐑨𐑚𐑧𐑮𐑩𐑯𐑕𐑦	æˈberənsi	NN1	GenAm	89	shave_says:[𐑱𐑚𐑧𐑮𐑩𐑯𐑕𐑦 / 𐑨𐑚𐑼𐑩𐑯𐑕𐑦]
abetalipoproteinemia	𐑱𐑚𐑱𐑑𐑩𐑤𐑦𐑐𐑴𐑐𐑮𐑴𐑑𐑦𐑯𐑰𐑥𐑦𐑩	eɪˌbeɪtəˌlɪpoʊˌproʊtiˈniːmi+ə	NN1	GenAm	89	shave_says:[𐑱𐑚𐑱𐑑𐑩𐑤𐑲𐑐𐑴𐑐𐑮𐑴𐑑𐑰𐑯𐑰𐑥𐑦𐑩 / 𐑩𐑚𐑧𐑑𐑩𐑤𐑦𐑐𐑴𐑐𐑮𐑴𐑑𐑲𐑯𐑰𐑥𐑦𐑩 / 𐑨𐑚𐑰𐑑𐑰𐑱𐑤𐑦𐑐𐑴𐑐𐑮𐑴𐑑𐑲𐑯𐑰𐑥𐑦𐑩 / 𐑩𐑚𐑧𐑑𐑩𐑤𐑦𐑐𐑴𐑐𐑮𐑴𐑑𐑰𐑯𐑰𐑥𐑦𐑩 / 𐑩𐑚𐑧𐑑𐑩𐑤𐑦𐑐𐑴𐑐𐑮𐑴𐑑𐑲𐑯𐑩𐑥𐑦𐑩]
abetter	𐑩𐑚𐑧𐑑𐑼	əˈbetəR	NN1	GenAm	89	shave_says:𐑱𐑚𐑧𐑑𐑼
abeyant	𐑩𐑚𐑱𐑯𐑑	əˈbeɪnt	AJ0	RSSB	89	shave_says:[𐑱𐑚𐑦𐑘𐑭𐑯𐑑 / 𐑩𐑚𐑱𐑩𐑯𐑑]
abfarad	𐑨𐑚𐑓𐑨𐑮𐑨𐑛	æbˈfærˌæd	NN1	GenAm	89	shave_says:[𐑨𐑚𐑓𐑺𐑨𐑛 / 𐑱𐑚𐑓𐑼𐑨𐑛]
abhorrer	𐑨𐑚𐑣𐑹𐑼	æbˈhɔːRəR	NN1	GenAm	89	shave_says:𐑩𐑚𐑣𐑹𐑼
abience	𐑨𐑚𐑾𐑯𐑑𐑕	ˈæbiənts	NN1	GenAm	89	shave_says:[𐑱𐑚𐑦𐑧𐑯𐑕 / 𐑭𐑚𐑦𐑩𐑯𐑕 / 𐑨𐑚𐑘𐑧𐑯𐑕]
abient	𐑨𐑚𐑾𐑯𐑑	ˈæbiənt	AJ0	GenAm	89	shave_says:[𐑱𐑚𐑦𐑧𐑯𐑑 / 𐑭𐑚𐑦𐑩𐑯𐑑 / 𐑨𐑚𐑘𐑧𐑯𐑑]
abies	𐑱𐑚𐑦𐑰𐑟	ˈeɪbiˌiːz	NN1	GenAm	89	shave_says:[𐑭𐑚𐑦𐑟 / 𐑱𐑚𐑰𐑟 / 𐑨𐑚𐑦𐑟]
abiogenesis	𐑱𐑚𐑨𐑦𐑴𐑡𐑧𐑯𐑩𐑕𐑦𐑕	ˌeɪˌbaioʊˈdʒenəsɪs	NN1	GenAm	89	shave_says:[𐑭𐑚𐑦𐑴𐑡𐑧𐑯𐑩𐑕𐑦𐑕 / 𐑨𐑚𐑲𐑴𐑡𐑧𐑯𐑩𐑕𐑦𐑕 / 𐑱𐑚𐑲𐑴𐑡𐑧𐑯𐑩𐑕𐑦𐑕 / 𐑭𐑚𐑦𐑩𐑡𐑩𐑯𐑰𐑕𐑦𐑕 / 𐑭𐑚𐑦𐑴𐑡𐑰𐑯𐑟𐑦𐑕]
abiogenetic	𐑱𐑚𐑨𐑦𐑴𐑡𐑧𐑯𐑩𐑑𐑦𐑒	ˌeɪbaioʊdʒeˈnətɪk	AJ0	GenAm	89	shave_says:[𐑱𐑚𐑲𐑴𐑡𐑦𐑯𐑧𐑑𐑦𐑒 / 𐑨𐑚𐑘𐑴𐑠𐑪𐑯𐑧𐑑𐑦𐑒 / 𐑭𐑚𐑦𐑩𐑡𐑩𐑯𐑧𐑑𐑦𐑒 / 𐑭𐑚𐑦𐑩𐑡𐑩𐑯𐑰𐑑𐑦𐑒 / 𐑭𐑚𐑦𐑩𐑡𐑩𐑯𐑩𐑑𐑦𐑒]
abiogenist	𐑱𐑚𐑨𐑦𐑪𐑡𐑧𐑯𐑩𐑕𐑑	ˌeɪbaiˈɒdʒenəst	NN1	GenAm	89	shave_says:[𐑱𐑚𐑲𐑴𐑡𐑧𐑯𐑦𐑕𐑑 / 𐑨𐑚𐑘𐑴𐑠𐑪𐑯𐑦𐑕𐑑 / 𐑭𐑚𐑦𐑩𐑡𐑩𐑯𐑦𐑕𐑑]
abiotrophy	𐑱𐑚𐑲𐑪𐑑𐑮𐑩𐑓𐑦	ˌeɪbaɪˈɒtrəfi	NN1	GenAm	89	shave_says:[𐑱𐑚𐑲𐑴𐑑𐑮𐑴𐑓𐑦 / 𐑭𐑚𐑦𐑴𐑑𐑮𐑴𐑓𐑦 / 𐑨𐑚𐑲𐑴𐑑𐑮𐑴𐑓𐑦]
abjurer	𐑨𐑚𐑡𐑫𐑮𐑼	æbˈdʒʊrəR	NN1	GenAm	89	shave_says:𐑩𐑚𐑡𐑫𐑼𐑼
abkhas	𐑨𐑚𐑒𐑪𐑕	æbˈkɒs	NN1	GenAm	89	shave_says:𐑨𐑚𐑒𐑭𐑕
abkhaz	𐑪𐑚𐑒𐑪𐑟	ɒbˈkɒz	AJ0	GenAm	89	shave_says:𐑭𐑚𐑣𐑒𐑭𐑟
abkhazian	𐑨𐑚𐑒𐑱𐑠𐑦𐑩𐑯	æbˈkeɪʒi+ən	AJ0	GenAm	89	shave_says:𐑭𐑚𐑣𐑒𐑭𐑟𐑦𐑩𐑯
ablepharia	𐑨𐑚𐑩𐑤𐑓𐑱𐑮𐑦𐑩	æbəlˈfeɪri+ə	NN1	GenAm	89	shave_says:[𐑱𐑚𐑤𐑧𐑓𐑺𐑦𐑩 / 𐑱𐑚𐑩𐑤𐑓𐑺𐑦𐑩 / 𐑱𐑚𐑩𐑤𐑓𐑼𐑦𐑩 / 𐑨𐑚𐑤𐑫𐑓𐑺𐑦𐑩]
ablutionary	𐑩𐑚𐑤𐑫𐑖𐑩𐑯𐑧𐑮𐑦	əˈbluʃəˌneri	AJ0	GenAm	89	shave_says:𐑩𐑚𐑤𐑵𐑖𐑩𐑯𐑼𐑦
abocclusion	𐑨𐑚𐑴𐑒𐑤𐑫𐑠𐑩𐑯	ˈæboʊˌkluʒən	NN1	GenAm	89	shave_says:[𐑨𐑚𐑩𐑒𐑤𐑵𐑕𐑦𐑩𐑯 / 𐑱𐑚𐑴𐑒𐑤𐑩𐑕𐑦𐑩𐑯]
abohm	𐑨𐑚𐑴𐑥	æbˈoʊm	NN1	GenAm	89	shave_says:𐑱𐑚𐑵𐑥
abolitionary	𐑨𐑚𐑩𐑤𐑦𐑖𐑩𐑯𐑧𐑮𐑦	æbəˈlɪʃəˌneri	AJ0	GenAm	89	shave_says:𐑨𐑚𐑩𐑤𐑦𐑖𐑩𐑯𐑼𐑦
abominator	𐑩𐑚𐑪𐑥𐑩𐑯𐑱𐑑𐑼	əˈbɒməˌneɪtəR	NN1	GenAm	89	shave_says:𐑩𐑚𐑪𐑥𐑦𐑯𐑱𐑑𐑼
abor	𐑪𐑚𐑹	ˈɒˌbɔːR	NN1	GenAm	89	shave_says:𐑱𐑚𐑹
aborad	𐑨𐑚𐑪𐑮𐑨𐑛	æˈborˌæd	AV0	GenAm	89	shave_says:[𐑨𐑚𐑹𐑨𐑛 / 𐑱𐑚𐑹𐑨𐑛 / 𐑨𐑚𐑼𐑨𐑛]
aboral	𐑨𐑚𐑹𐑩𐑤	æbˈɔːRəl	AJ0	GenAm	89	shave_says:𐑩𐑚𐑹𐑩𐑤
abortifacient	𐑩𐑚𐑹𐑑𐑩𐑓𐑱𐑖𐑩𐑯𐑑	əˌbɔːRtəˈfeɪʃənt	AJ0	GenAm	89	shave_says:𐑩𐑚𐑹𐑑𐑦𐑓𐑱𐑕𐑦𐑩𐑯𐑑
aboulia	𐑩𐑚𐑫𐑤𐑦𐑩	əˈbuli+ə	NN1	GenAm	89	shave_says:[𐑭𐑚𐑵𐑤𐑦𐑩 / 𐑱𐑚𐑵𐑤𐑦𐑩 / 𐑨𐑚𐑴𐑤𐑦𐑩]
aboulic	𐑩𐑚𐑫𐑤𐑦𐑒	əˈbulɪk	AJ0	GenAm	89	shave_says:[𐑭𐑚𐑵𐑤𐑦𐑒 / 𐑱𐑚𐑵𐑤𐑦𐑒 / 𐑨𐑚𐑴𐑿𐑤𐑦𐑒 / 𐑨𐑚𐑴𐑤𐑦𐑒]
abrachia	𐑩𐑚𐑮𐑱𐑒𐑦𐑩	əˈbreɪki+ə	NN1	GenAm	89	shave_says:[𐑱𐑚𐑮𐑭𐑒𐑦𐑩 / 𐑨𐑚𐑮𐑨𐑒𐑦𐑩]
abranchial	𐑱𐑚𐑮𐑨𐑙𐑒𐑾𐑤	eɪˈbræŋkiəl	AJ0	GenAm	89	shave_says:𐑱𐑚𐑮𐑨𐑙𐑒𐑦𐑩𐑤
abranchiate	𐑱𐑚𐑮𐑨𐑙𐑒𐑦𐑦𐑑	eɪˈbræŋkiɪt	AJ0	GenAm	89	shave_says:[𐑱𐑚𐑮𐑭𐑯𐑗𐑦𐑱𐑑 / 𐑨𐑚𐑮𐑨𐑯𐑗𐑦𐑱𐑑]
abranchious	𐑱𐑚𐑮𐑨𐑙𐑒𐑦𐑩𐑕	ˈeɪˌbræŋki+əs	AJ0	GenAm	89	shave_says:[𐑱𐑚𐑮𐑭𐑯𐑗𐑦𐑩𐑕 / 𐑨𐑚𐑮𐑨𐑯𐑗𐑦𐑩𐑕]
abrase	𐑩𐑚𐑮𐑱𐑟	əˈbreɪz	VVI	GenAm	89	shave_says:𐑩𐑚𐑮𐑱𐑕
abroach	𐑩𐑚𐑮𐑴𐑗	əˈbroʊtʃ	AJ0	GenAm	89	shave_says:𐑱𐑚𐑮𐑴𐑗
abrocome	𐑨𐑚𐑮𐑩𐑒𐑴𐑥	ˈæbrəˌkoʊm	NN1	GenAm	89	shave_says:𐑨𐑚𐑮𐑴𐑒𐑳𐑥
abronia	𐑩𐑚𐑮𐑴𐑯𐑦𐑩	əˈbroʊni+ə	NN1	GenAm	89	shave_says:[𐑱𐑚𐑮𐑴𐑯𐑦𐑩 / 𐑨𐑚𐑮𐑴𐑯𐑦𐑩]
abruption	𐑩𐑚𐑮𐑳𐑐𐑖𐑩𐑯	əˈbrʌpʃən	NN1	GenAm	89	shave_says:[𐑩𐑚𐑮𐑳𐑐𐑑𐑦𐑩𐑯 / 𐑨𐑚𐑮𐑳𐑐𐑑𐑦𐑩𐑯 / 𐑱𐑚𐑮𐑳𐑐𐑑𐑦𐑩𐑯]
abscise	𐑩𐑚𐑕𐑲𐑟	əbˈsaɪz	VVI	RSSB	89	shave_says:[𐑱𐑚𐑰𐑧𐑕𐑕𐑰𐑲𐑟 / 𐑨𐑚𐑕𐑒𐑲𐑟]
abscise	𐑨𐑚𐑕𐑲𐑟	æbˈsaɪz	VVI	GenAm	89	shave_says:[𐑱𐑚𐑰𐑧𐑕𐑕𐑰𐑲𐑟 / 𐑨𐑚𐑕𐑒𐑲𐑟]
abscission	𐑨𐑚𐑕𐑦𐑖𐑩𐑯	æbˈsɪʃən	NN1	GenAm	89	shave_says:[𐑨𐑚𐑕𐑦𐑕𐑦𐑩𐑯 / 𐑱𐑚𐑰𐑧𐑕𐑕𐑰𐑦𐑕𐑦𐑩𐑯 / 𐑨𐑚𐑕𐑒𐑦𐑕𐑦𐑩𐑯]
absconder	𐑨𐑚𐑕𐑒𐑪𐑯𐑛𐑼	æbˈskɒndəR	NN1	GenAm	89	shave_says:𐑩𐑚𐑕𐑒𐑪𐑯𐑛𐑼
abseil	𐑪𐑐𐑟𐑲𐑤	ˈɒpˌzaɪl	NN1	GenAm	89	shave_says:[𐑨𐑚𐑕𐑦𐑤 / 𐑨𐑚𐑕𐑱𐑤]
abseiler	𐑪𐑐𐑟𐑲𐑤𐑼	ˈɒpˌzaɪləR	NN1	GenAm	89	shave_says:[𐑨𐑚𐑕𐑦𐑤𐑼 / 𐑨𐑚𐑕𐑱𐑤𐑼]
absoluteness	𐑨𐑚𐑕𐑩𐑤𐑫𐑑𐑯𐑩𐑕	ˈæbsəˌlutnəs	NN1	GenAm	89	shave_says:[𐑨𐑚𐑕𐑩𐑤𐑵𐑑𐑯𐑩𐑕 / 𐑨𐑚𐑕𐑩𐑤𐑵𐑑𐑩𐑯𐑩𐑕 / 𐑨𐑚𐑕𐑪𐑤𐑿𐑑𐑯𐑩𐑕 / 𐑱𐑚𐑰𐑧𐑕𐑴𐑤𐑳𐑑𐑩𐑯𐑩𐑕]
absolutisation	𐑨𐑚𐑕𐑩𐑤𐑫𐑑𐑩𐑟𐑱𐑖𐑩𐑯	ˌæbsəˌlutəˈzeɪʃən	NN1	GenAm	89	shave_says:[𐑨𐑚𐑕𐑩𐑤𐑵𐑑𐑲𐑟𐑱𐑖𐑩𐑯 / 𐑨𐑚𐑕𐑩𐑤𐑵𐑑𐑦𐑕𐑱𐑖𐑩𐑯 / 𐑨𐑚𐑕𐑩𐑤𐑵𐑑𐑲𐑟𐑭𐑑𐑦𐑩𐑯 / 𐑨𐑚𐑕𐑪𐑤𐑿𐑑𐑲𐑟𐑱𐑖𐑩𐑯 / 𐑨𐑚𐑕𐑩𐑤𐑵𐑑𐑲𐑟𐑩𐑑𐑦𐑩𐑯]
absolutistic	𐑨𐑚𐑕𐑩𐑤𐑫𐑑𐑦𐑕𐑑𐑦𐑒	ˈæbsəˌluˌtɪstɪk	AJ0	GenAm	89	shave_says:𐑨𐑚𐑕𐑩𐑤𐑵𐑑𐑦𐑕𐑑𐑦𐑒
absolutization	𐑨𐑚𐑕𐑩𐑤𐑫𐑑𐑩𐑟𐑱𐑖𐑩𐑯	ˌæbsəˌlutəˈzeɪʃən	NN1	GenAm	89	shave_says:[𐑨𐑚𐑕𐑩𐑤𐑵𐑑𐑲𐑟𐑱𐑖𐑩𐑯 / 𐑨𐑚𐑕𐑩𐑤𐑵𐑑𐑦𐑟𐑱𐑖𐑩𐑯 / 𐑨𐑚𐑕𐑩𐑤𐑵𐑑𐑲𐑟𐑭𐑑𐑦𐑩𐑯 / 𐑨𐑚𐑕𐑪𐑤𐑿𐑑𐑲𐑟𐑱𐑖𐑩𐑯 / 𐑨𐑚𐑕𐑩𐑤𐑵𐑑𐑲𐑟𐑩𐑑𐑦𐑩𐑯]
absolver	𐑨𐑚𐑟𐑪𐑤𐑝𐑼	æbˈzɒlvəR	NN1	GenAm	89	shave_says:𐑩𐑚𐑟𐑪𐑤𐑝𐑼
absolvitory	𐑨𐑚𐑟𐑪𐑤𐑝𐑩𐑑𐑹𐑦	æbˈzɒlvəˌtɔːRi	AJ0	GenAm	89	shave_says:[𐑩𐑚𐑟𐑪𐑤𐑝𐑦𐑑𐑼𐑦 / 𐑨𐑚𐑕𐑪𐑤𐑝𐑦𐑑𐑼𐑦 / 𐑩𐑚𐑟𐑪𐑤𐑝𐑲𐑑𐑼𐑦 / 𐑨𐑚𐑕𐑩𐑤𐑝𐑦𐑑𐑼𐑦]
absorbate	𐑩𐑚𐑕𐑹𐑚𐑩𐑑	əbsɔːRbət	NN1	GenAm	89	shave_says:[𐑩𐑚𐑕𐑹𐑚𐑱𐑑 / 𐑨𐑚𐑕𐑹𐑚𐑱𐑑]
absorbefacient	𐑨𐑚𐑕𐑹𐑚𐑩𐑓𐑱𐑖𐑩𐑯𐑑	æbˌsɔːRbəˈfeɪʃənt	AJ0	GenAm	89	shave_says:𐑩𐑚𐑕𐑹𐑚𐑧𐑓𐑩𐑕𐑦𐑩𐑯𐑑
absorbency	𐑨𐑚𐑕𐑹𐑚𐑩𐑯𐑕𐑦	æbsɔːRbənsi	NN1	GenAm	89	shave_says:𐑩𐑚𐑕𐑹𐑚𐑩𐑯𐑕𐑦
absorptance	𐑨𐑚𐑕𐑹𐑐𐑑𐑩𐑯𐑑𐑕	æbˈsɔːRptənts	NN1	GenAm	89	shave_says:𐑩𐑚𐑕𐑹𐑐𐑑𐑩𐑯𐑕
absorptive	𐑨𐑚𐑕𐑹𐑐𐑑𐑦𐑝	æbˈsɔːRptɪv	AJ0	GenAm	89	shave_says:𐑩𐑚𐑕𐑹𐑐𐑑𐑦𐑝
absorptivity	𐑨𐑚𐑕𐑹𐑐𐑑𐑦𐑝𐑩𐑑𐑦	æbˌsɔːRpˈtɪvəti	NN1	GenAm	89	shave_says:[𐑩𐑚𐑕𐑹𐑐𐑑𐑦𐑝𐑦𐑑𐑦 / 𐑩𐑚𐑕𐑹𐑐𐑑𐑦𐑝𐑲𐑑𐑦]
absquatulate	𐑨𐑚𐑕𐑒𐑢𐑭𐑗𐑫𐑤𐑱𐑑	æbˈskwɑːtʃʊleɪt	VVI	RSSB	89	shave_says:[𐑨𐑚𐑕𐑒𐑢𐑪𐑗𐑫𐑤𐑱𐑑 / 𐑱𐑚𐑰𐑧𐑕𐑒𐑢𐑱𐑗𐑫𐑤𐑱𐑑]
abstentious	𐑨𐑚𐑕𐑑𐑧𐑯𐑖𐑩𐑕	æbˈstenʃəs	AJ0	GenAm	89	shave_says:[𐑩𐑚𐑕𐑑𐑧𐑯𐑑𐑦𐑩𐑕 / 𐑩𐑚𐑕𐑑𐑧𐑯𐑑𐑦𐑴𐑩𐑕 / 𐑩𐑚𐑕𐑑𐑧𐑯𐑑𐑦𐑴𐑵𐑟 / 𐑨𐑚𐑕𐑑𐑧𐑯𐑑𐑦𐑩𐑕 / 𐑱𐑚𐑰𐑧𐑕𐑑𐑰𐑩𐑯𐑑𐑦𐑩𐑕]
abstractedness	𐑩𐑚𐑕𐑑𐑮𐑨𐑒𐑑𐑦𐑛𐑯𐑩𐑕	əbstræktɪdnəs	NN1	RSSB	89	shave_says:𐑩𐑚𐑕𐑑𐑮𐑨𐑒𐑑𐑩𐑛𐑯𐑩𐑕
abstractedness	𐑨𐑚𐑕𐑑𐑮𐑨𐑒𐑑𐑦𐑛𐑯𐑩𐑕	æbˈstræktɪdnəs	NN1	GenAm	89	shave_says:𐑩𐑚𐑕𐑑𐑮𐑨𐑒𐑑𐑩𐑛𐑯𐑩𐑕
abstracter	𐑨𐑚𐑕𐑑𐑮𐑒𐑨𐑑𐑼	æbˈstrkætəR	NN1	GenAm	89	shave_says:𐑨𐑚𐑕𐑑𐑮𐑨𐑒𐑑𐑼
abstractionism	𐑨𐑚𐑕𐑑𐑮𐑨𐑒𐑖𐑩𐑯𐑦𐑟𐑩𐑥	æbˈstrækʃənˌɪzəm	NN1	GenAm	89	shave_says:𐑩𐑚𐑕𐑑𐑮𐑨𐑒𐑖𐑩𐑯𐑦𐑟𐑩𐑥
abstractionist	𐑨𐑚𐑕𐑑𐑮𐑨𐑒𐑖𐑩𐑯𐑩𐑕𐑑	æbˈstrækʃənəst	AJ0	GenAm	89	shave_says:𐑩𐑚𐑕𐑑𐑮𐑨𐑒𐑖𐑩𐑯𐑦𐑕𐑑
abstractive	𐑩𐑚𐑕𐑑𐑮𐑨𐑒𐑑𐑦𐑝	əbstræktɪv	AJ0	RSSB	89	shave_says:𐑨𐑚𐑕𐑑𐑮𐑨𐑒𐑑𐑦𐑝
abstractness	𐑨𐑚𐑕𐑑𐑮𐑨𐑒𐑯𐑩𐑕	æbˈstræknəs	NN1	GenAm	89	shave_says:𐑨𐑚𐑕𐑑𐑮𐑨𐑒𐑑𐑯𐑩𐑕
abstrusity	𐑩𐑚𐑕𐑑𐑮𐑵𐑕𐑩𐑑𐑦	əbstruːsəti	NN1	RSSB	89	shave_says:𐑨𐑚𐑕𐑑𐑮𐑵𐑕𐑦𐑑𐑦
abstrusity	𐑨𐑚𐑕𐑑𐑮𐑫𐑕𐑩𐑑𐑦	æbˈstrusəti	NN1	GenAm	89	shave_says:𐑨𐑚𐑕𐑑𐑮𐑵𐑕𐑦𐑑𐑦
absurdness	𐑨𐑚𐑕𐑻𐑛𐑯𐑩𐑕	æbˈsɜːRdnəs	NN1	GenAm	89	shave_says:𐑩𐑚𐑕𐑻𐑛𐑯𐑩𐑕
abulia	𐑩𐑚𐑵𐑤𐑾	əˈbuːlɪə	NN1	RSSB	89	shave_says:[𐑭𐑚𐑵𐑤𐑦𐑩 / 𐑱𐑚𐑿𐑤𐑦𐑩]
abulia	𐑩𐑚𐑫𐑤𐑦𐑩	əˈbuli+ə	NN1	GenAm	89	shave_says:[𐑭𐑚𐑵𐑤𐑦𐑩 / 𐑱𐑚𐑿𐑤𐑦𐑩]
abulic	𐑱𐑚𐑘𐑫𐑤𐑦𐑒	ˌeɪˈbjulɪk	AJ0	GenAm	89	shave_says:[𐑭𐑚𐑵𐑤𐑦𐑒 / 𐑱𐑚𐑿𐑤𐑦𐑒 / 𐑨𐑚𐑿𐑤𐑦𐑒 / 𐑨𐑚𐑵𐑤𐑦𐑒]
abutilon	𐑩𐑚𐑿𐑑𐑦𐑤𐑪𐑯	əˈbjuːtɪˌlɒn	NN1	RSSB	89	shave_says:[𐑭𐑚𐑵𐑑𐑲𐑤𐑩𐑯 / 𐑩𐑚𐑳𐑑𐑦𐑤𐑩𐑯]
abutilon	𐑩𐑚𐑘𐑫𐑑𐑩𐑤𐑪𐑯	əˈbjutˌəlɒn	NN1	GenAm	89	shave_says:[𐑭𐑚𐑵𐑑𐑲𐑤𐑩𐑯 / 𐑩𐑚𐑳𐑑𐑦𐑤𐑩𐑯]
abutter	𐑩𐑚𐑳𐑑𐑼	əˈbʌtəR	NN1	GenAm	89	shave_says:𐑱𐑚𐑳𐑑𐑼
abuzz	𐑩𐑚𐑳𐑟	əˈbʌz	AJ0	RSSB	89	shave_says:𐑱𐑚𐑳𐑟
aby	𐑩𐑚𐑲	əˈbaɪ	VVI	RSSB	89	shave_says:[𐑨𐑚𐑦 / 𐑱𐑚𐑲 / 𐑭𐑚𐑧𐑦]
abye	𐑩𐑚𐑲	əˈbaɪ	VVI	GenAm	89	shave_says:𐑱𐑚𐑲
academicism	𐑨𐑒𐑩𐑛𐑧𐑥𐑩𐑕𐑦𐑟𐑩𐑥	ˌækəˈdeməˌsɪzəm	NN1	GenAm	89	shave_says:𐑨𐑒𐑩𐑛𐑧𐑥𐑦𐑒𐑦𐑟𐑩𐑥
academism	𐑩𐑒𐑨𐑛𐑩𐑥𐑦𐑟𐑩𐑥	əˈkædəˌmɪzəm	NN1	GenAm	89	shave_says:[𐑨𐑒𐑩𐑛𐑰𐑥𐑦𐑟𐑩𐑥 / 𐑩𐑒𐑱𐑛𐑩𐑥𐑦𐑟𐑩𐑥 / 𐑱𐑒𐑱𐑛𐑩𐑥𐑦𐑟𐑩𐑥]
acanthion	𐑩𐑒𐑨𐑯𐑔𐑾𐑯	əˈkænθiən	NN1	GenAm	89	shave_says:[𐑩𐑒𐑨𐑯𐑔𐑦𐑩𐑯 / 𐑱𐑒𐑨𐑯𐑔𐑦𐑩𐑯]
acanthocephalan	𐑩𐑒𐑨𐑯𐑔𐑩𐑕𐑧𐑓𐑩𐑤𐑩𐑯	əˌkænθəˈsefələn	NN1	GenAm	89	shave_says:𐑩𐑒𐑨𐑯𐑔𐑴𐑕𐑓𐑩𐑤𐑩𐑯
acanthocytosis	𐑩𐑒𐑨𐑯𐑔𐑴𐑕𐑲𐑑𐑴𐑕𐑦𐑕	əˌkænθoʊsaɪˈtoʊsɪs	NN1	GenAm	89	shave_says:[𐑩𐑒𐑨𐑯𐑔𐑩𐑕𐑲𐑑𐑴𐑕𐑦𐑕 / 𐑩𐑒𐑨𐑯𐑔𐑪𐑒𐑦𐑑𐑴𐑕𐑦𐑕 / 𐑩𐑒𐑨𐑯𐑔𐑩𐑕𐑲𐑑𐑴𐑟𐑦𐑕 / 𐑩𐑒𐑨𐑯𐑔𐑩𐑕𐑲𐑑𐑴𐑕𐑦𐑟 / 𐑱𐑒𐑨𐑯𐑔𐑩𐑕𐑲𐑑𐑴𐑕𐑦𐑕]
acantholysis	𐑨𐑒𐑨𐑯𐑔𐑪𐑤𐑦𐑕𐑦𐑕	æˌkænˈθɒlɪsɪs	NN1	RSSB	89	shave_says:[𐑩𐑒𐑨𐑯𐑔𐑪𐑤𐑦𐑕𐑦𐑕 / 𐑩𐑒𐑨𐑯𐑔𐑪𐑤𐑦𐑟𐑦𐑕 / 𐑱𐑒𐑨𐑯𐑔𐑪𐑤𐑦𐑕𐑦𐑕 / 𐑩𐑒𐑨𐑯𐑔𐑪𐑤𐑦𐑟𐑦𐑟]
acantholysis	𐑨𐑒𐑨𐑯𐑔𐑪𐑤𐑩𐑕𐑦𐑕	æˌkænˈθɒləsɪs	NN1	GenAm	89	shave_says:[𐑩𐑒𐑨𐑯𐑔𐑪𐑤𐑦𐑕𐑦𐑕 / 𐑩𐑒𐑨𐑯𐑔𐑪𐑤𐑦𐑟𐑦𐑕 / 𐑱𐑒𐑨𐑯𐑔𐑪𐑤𐑦𐑕𐑦𐑕 / 𐑩𐑒𐑨𐑯𐑔𐑪𐑤𐑦𐑟𐑦𐑟]
acanthopterygian	𐑨𐑒𐑨𐑯𐑔𐑪𐑐𐑑𐑼𐑦𐑡𐑾𐑯	ˌækænˌθɒptəˈrɪdʒiən	NN1	GenAm	89	shave_says:[𐑩𐑒𐑨𐑯𐑔𐑪𐑐𐑑𐑼𐑦𐑡𐑦𐑩𐑯 / 𐑱𐑒𐑨𐑯𐑑𐑣𐑪𐑐𐑑𐑼𐑦𐑡𐑦𐑩𐑯]
acanthosis	𐑨𐑒𐑨𐑯𐑔𐑴𐑕𐑦𐑕	æˌkænˈθoʊsɪs	NN1	GenAm	89	shave_says:[𐑩𐑒𐑨𐑯𐑔𐑴𐑕𐑦𐑕 / 𐑩𐑒𐑨𐑯𐑔𐑴𐑟𐑦𐑕 / 𐑩𐑒𐑨𐑯𐑔𐑴𐑕𐑦𐑟 / 𐑱𐑒𐑨𐑯𐑔𐑴𐑕𐑦𐑕]
acanthotic	𐑨𐑒𐑨𐑯𐑔𐑪𐑑𐑦𐑒	æˌkænˈθɒtɪk	AJ0	GenAm	89	shave_says:[𐑩𐑒𐑨𐑯𐑔𐑪𐑑𐑦𐑒 / 𐑩𐑒𐑨𐑯𐑔𐑴𐑑𐑦𐑒 / 𐑱𐑒𐑨𐑯𐑔𐑪𐑑𐑦𐑒]
acapnia	𐑩𐑒𐑨𐑐𐑯𐑦𐑩	əˈkæpni+ə	NN1	GenAm	89	
acapnial	𐑩𐑒𐑨𐑐𐑯𐑾𐑤	əˈkæpniəl	AJ0	GenAm	89	shave_says:𐑱𐑒𐑨𐑐𐑯𐑦𐑩𐑤
acariasis	𐑨𐑒𐑼𐑲𐑩𐑕𐑦𐑕	ækəraɪ+əsɪs	NN1	RSSB	89	shave_says:[𐑱𐑒𐑺𐑲𐑩𐑕𐑦𐑕 / 𐑭𐑒𐑼𐑲𐑩𐑕𐑦𐑕 / 𐑭𐑒𐑺𐑦𐑩𐑟𐑦𐑕 / 𐑭𐑒𐑼𐑦𐑱𐑕𐑦𐑕 / 𐑭𐑒𐑺𐑦𐑩𐑟𐑦𐑟]
acaricide	𐑩𐑒𐑧𐑮𐑩𐑕𐑰𐑛	əˈkerəˌsiːd	NN1	GenAm	89	shave_says:[𐑱𐑒𐑨𐑮𐑦𐑒𐑲𐑛 / 𐑭𐑒𐑼𐑦𐑕𐑲𐑛 / 𐑭𐑒𐑼𐑦𐑒𐑲𐑛]
acarine	𐑨𐑒𐑼𐑲𐑯	ækəraɪn	NN1	RSSB	89	shave_says:[𐑱𐑒𐑺𐑰𐑯 / 𐑭𐑒𐑼𐑰𐑯]
acarophobia	𐑨𐑒𐑼𐑩𐑓𐑴𐑚𐑦𐑩	ækərəfəʊbi+ə	NN1	RSSB	89	shave_says:[𐑭𐑒𐑸𐑴𐑓𐑴𐑚𐑦𐑩 / 𐑱𐑒𐑺𐑴𐑓𐑴𐑚𐑦𐑩]
acarpellous	𐑱𐑒𐑸𐑐𐑩𐑤𐑩𐑕	ˌeɪˈkɑːRpələs	AJ0	GenAm	89	shave_says:𐑱𐑒𐑸𐑐𐑱𐑧𐑤𐑴𐑩𐑕
acarus	𐑨𐑒𐑼𐑩𐑕	ækərəs	NN1	RSSB	89	shave_says:[𐑱𐑒𐑺𐑩𐑕 / 𐑭𐑒𐑼𐑩𐑕]
acatalectic	𐑱𐑒𐑨𐑑𐑩𐑤𐑧𐑒𐑑𐑦𐑒	ˌeɪˌkætəˈlektɪk	AJ0	GenAm	89	shave_says:[𐑱𐑗𐑭𐑑𐑭𐑤𐑧𐑒𐑑𐑦𐑒 / 𐑭𐑒𐑭𐑑𐑩𐑤𐑧𐑒𐑑𐑦𐑒]
acaudal	𐑱𐑒𐑪𐑛𐑤	eɪˈkɒdl	AJ0	GenAm	89	shave_says:[𐑱𐑒𐑷𐑛𐑩𐑤 / 𐑭𐑒𐑷𐑛𐑩𐑤]
acaudate	𐑱𐑒𐑪𐑛𐑱𐑑	eɪˈkɒˌdeɪt	AJ0	GenAm	89	shave_says:[𐑱𐑒𐑷𐑛𐑱𐑑 / 𐑭𐑒𐑷𐑛𐑱𐑑]
acaulescent	𐑨𐑒𐑪𐑤𐑧𐑕𐑩𐑯𐑑	ˌækɒˈlesənt	AJ0	GenAm	89	shave_says:𐑱𐑒𐑷𐑤𐑧𐑕𐑩𐑯𐑑
accelerative	𐑦𐑒𐑕𐑧𐑤𐑼𐑱𐑑𐑦𐑝	ɪkˈseləˌreɪtɪv	AJ0	GenAm	89	shave_says:𐑩𐑒𐑕𐑧𐑤𐑼𐑱𐑑𐑦𐑝
accelerometer	𐑨𐑒𐑕𐑧𐑤𐑼𐑪𐑥𐑩𐑑𐑼	ækˌseləˈrɒmətəR	NN1	GenAm	89	shave_says:[𐑩𐑒𐑕𐑧𐑤𐑼𐑪𐑥𐑦𐑑𐑼 / 𐑩𐑒𐑕𐑧𐑤𐑧𐑮𐑴𐑥𐑰𐑑𐑼 / 𐑩𐑒𐑕𐑧𐑤𐑧𐑮𐑴𐑥𐑩𐑑𐑼 / 𐑱𐑕𐑰𐑕𐑰𐑩𐑤𐑼𐑪𐑥𐑦𐑑𐑼]
accentor	𐑩𐑒𐑕𐑧𐑯𐑑𐑼	əkˈsentəR	NN1	GenAm	89	shave_says:𐑨𐑒𐑕𐑩𐑯𐑑𐑼
accentual	𐑨𐑒𐑕𐑧𐑯𐑗𐑫𐑩𐑤	ækˈsentʃuəl	AJ0	GenAm	89	shave_says:𐑩𐑒𐑕𐑧𐑯𐑗𐑵𐑩𐑤
acceptableness	𐑨𐑒𐑕𐑧𐑐𐑑𐑩𐑚𐑩𐑤𐑯𐑩𐑕	ækˈseptəbəlnəs	NN1	GenAm	89	shave_says:𐑩𐑒𐑕𐑧𐑐𐑑𐑩𐑚𐑩𐑤𐑯𐑩𐑕
acceptant	𐑨𐑒𐑕𐑧𐑐𐑑𐑩𐑯𐑑	ækˈseptənt	AJ0	GenAm	89	shave_says:[𐑩𐑒𐑕𐑧𐑐𐑑𐑩𐑯𐑑 / 𐑱𐑕𐑰𐑕𐑰𐑧𐑐𐑑𐑩𐑯𐑑]
acceptive	𐑨𐑒𐑕𐑧𐑐𐑑𐑦𐑝	ækˈseptɪv	AJ0	GenAm	89	shave_says:[𐑩𐑒𐑕𐑧𐑐𐑑𐑦𐑝 / 𐑱𐑕𐑰𐑕𐑰𐑧𐑐𐑑𐑦𐑝]
accessional	𐑨𐑒𐑕𐑧𐑖𐑯𐑩𐑤	ækˈseʃnəl	AJ0	GenAm	89	shave_says:𐑩𐑒𐑕𐑧𐑖𐑩𐑯𐑩𐑤
accessorial	𐑨𐑒𐑕𐑩𐑕𐑪𐑮𐑦𐑩𐑤	æksəˈsori+əl	AJ0	GenAm	89	shave_says:𐑩𐑒𐑕𐑧𐑕𐑼𐑦𐑩𐑤
acciaccatura	𐑩𐑗𐑨𐑒𐑩𐑑𐑘𐑫𐑼𐑩	ətʃækətjʊərə	NN1	RSSB	89	shave_says:𐑭𐑒𐑦𐑨𐑒𐑩𐑗𐑼𐑩
acciaccatura	𐑩𐑗𐑪𐑒𐑩𐑑𐑫𐑮𐑩	əˌtʃɒkəˈtʊrə	NN1	GenAm	89	shave_says:𐑭𐑒𐑦𐑨𐑒𐑩𐑗𐑼𐑩
accipiter	𐑨𐑒𐑕𐑦𐑐𐑩𐑑𐑼	ækˈsɪpətəR	NN1	GenAm	89	shave_says:[𐑨𐑒𐑕𐑦𐑐𐑲𐑑𐑼 / 𐑨𐑒𐑕𐑦𐑐𐑦𐑑𐑼 / 𐑱𐑕𐑰𐑕𐑰𐑲𐑐𐑲𐑑𐑼]
accipitrine	𐑨𐑒𐑕𐑦𐑐𐑩𐑑𐑮𐑲𐑯	ækˈsɪpətraɪn	AJ0	GenAm	89	shave_says:𐑨𐑒𐑕𐑦𐑐𐑦𐑑𐑮𐑰𐑯
acclivitous	𐑩𐑒𐑤𐑦𐑝𐑦𐑑𐑩𐑕	əˈklɪvɪtəs	AJ0	RSSB	89	shave_says:[𐑭𐑒𐑒𐑤𐑦𐑝𐑲𐑑𐑩𐑕 / 𐑭𐑒𐑒𐑤𐑦𐑝𐑦𐑑𐑩𐑕 / 𐑭𐑒𐑒𐑤𐑦𐑝𐑰𐑑𐑴𐑩𐑕 / 𐑭𐑒𐑒𐑤𐑦𐑝𐑰𐑑𐑴𐑵𐑟]
accomplishable	𐑩𐑒𐑪𐑥𐑐𐑤𐑦𐑖𐑩𐑚𐑩𐑤	əˈkɒmplɪʃəbəl	AJ0	GenAm	89	shave_says:𐑩𐑒𐑳𐑥𐑐𐑤𐑦𐑖𐑩𐑚𐑩𐑤
accordionist	𐑩𐑒𐑹𐑛𐑦𐑩𐑯𐑩𐑕𐑑	əˈkɔːRdi+ənəst	NN1	GenAm	89	shave_says:𐑩𐑒𐑹𐑛𐑾𐑯𐑦𐑕𐑑
accoucheur	𐑨𐑒𐑫𐑖𐑻	ˌækuˈʃɜːR	NN1	GenAm	89	
accountantship	𐑩𐑒𐑬𐑯𐑑𐑩𐑯𐑗𐑦𐑐	əˈkaʊntəntˌʃɪp	NN1	GenAm	89	shave_says:𐑩𐑒𐑬𐑯𐑑𐑩𐑯𐑑𐑖𐑦𐑐
accouter	𐑩𐑒𐑫𐑑𐑼	əˈkutəR	VVI	GenAm	89	shave_says:𐑩𐑒𐑵𐑑𐑼
accouterment	𐑩𐑒𐑫𐑑𐑼𐑥𐑩𐑯𐑑	əˈkutəRmənt	NN1	GenAm	89	shave_says:[𐑩𐑒𐑵𐑑𐑼𐑥𐑩𐑯𐑑 / 𐑩𐑒𐑵𐑑𐑼𐑥𐑧𐑯𐑑 / 𐑱𐑕𐑰𐑕𐑰𐑬𐑑𐑼𐑥𐑩𐑯𐑑]
accoutre	𐑩𐑒𐑵𐑑𐑼	əkuːtəR	VVI	RSSB	89	shave_says:𐑩𐑒𐑵𐑑𐑮𐑩
accretionary	𐑩𐑒𐑮𐑰𐑖𐑩𐑯𐑧𐑮𐑦	əˈkriːʃəˌneri	AJ0	GenAm	89	shave_says:𐑩𐑒𐑮𐑰𐑖𐑩𐑯𐑼𐑦
accretive	𐑩𐑒𐑮𐑦𐑑𐑦𐑝	əkritɪv	AJ0	RSSB	89	shave_says:[𐑩𐑒𐑮𐑰𐑑𐑦𐑝 / 𐑭𐑒𐑒𐑮𐑩𐑑𐑦𐑝]
accroides	𐑩𐑒𐑮𐑶𐑛𐑰𐑟	əkrɔɪdiːz	NN1	RSSB	89	
accruement	𐑩𐑒𐑮𐑫𐑥𐑩𐑯𐑑	əˈkrumənt	NN1	GenAm	89	shave_says:[𐑩𐑒𐑮𐑵𐑥𐑩𐑯𐑑 / 𐑩𐑒𐑮𐑵𐑥𐑧𐑯𐑑]
accumbent	𐑩𐑒𐑳𐑥𐑚𐑩𐑯𐑑	əˈkʌmbənt	AJ0	GenAm	89	shave_says:𐑩𐑒𐑳𐑥𐑚𐑦𐑯𐑑
accusatorial	𐑩𐑒𐑘𐑫𐑟𐑩𐑑𐑹𐑦𐑩𐑤	əˌkjuzəˈtɔːRi+əl	AJ0	GenAm	89	shave_says:[𐑩𐑒𐑿𐑟𐑩𐑑𐑹𐑦𐑩𐑤 / 𐑨𐑒𐑿𐑟𐑩𐑑𐑹𐑦𐑩𐑤 / 𐑩𐑒𐑿𐑟𐑱𐑑𐑹𐑦𐑩𐑤 / 𐑩𐑒𐑿𐑟𐑨𐑑𐑹𐑦𐑩𐑤 / 𐑩𐑒𐑿𐑟𐑩𐑑𐑼𐑦𐑩𐑤]
accusatory	𐑩𐑒𐑘𐑫𐑟𐑩𐑑𐑹𐑦	əˈkjuzəˌtɔːRi	AJ0	GenAm	89	shave_says:[𐑩𐑒𐑿𐑟𐑩𐑑𐑼𐑦 / 𐑨𐑒𐑿𐑟𐑩𐑑𐑼𐑦 / 𐑩𐑒𐑿𐑟𐑱𐑑𐑼𐑦 / 𐑱𐑕𐑰𐑕𐑰𐑩𐑕𐑩𐑑𐑼𐑦 / 𐑨𐑒𐑿𐑕𐑱𐑑𐑼𐑦]
acebutolol	𐑨𐑕𐑩𐑚𐑘𐑫𐑑𐑩𐑤𐑪𐑤	ˌæsəˈbjutəˌlɒl	NN1	GenAm	89	shave_says:[𐑱𐑕𐑚𐑳𐑑𐑴𐑤𐑩𐑤 / 𐑱𐑕𐑚𐑳𐑑𐑩𐑤𐑩𐑤]
acedia	𐑩𐑕𐑰𐑛𐑾	əˈsiːdɪə	NN1	RSSB	89	shave_says:[𐑩𐑕𐑰𐑛𐑦𐑩 / 𐑱𐑕𐑰𐑛𐑦𐑩]
acephalous	𐑩𐑕𐑧𐑓𐑩𐑤𐑩𐑕	əˈsefələs	AJ0	RSSB	89	shave_says:[𐑱𐑕𐑧𐑓𐑩𐑤𐑩𐑳𐑕 / 𐑱𐑕𐑓𐑩𐑤𐑩𐑕 / 𐑱𐑕𐑓𐑩𐑤𐑴𐑩𐑕]
acerbate	𐑨𐑕𐑼𐑚𐑱𐑑	ˈæsərˌbeɪt	VVI	GenAm	89	shave_says:𐑩𐑕𐑻𐑚𐑱𐑑
acerola	𐑨𐑕𐑼𐑴𐑤𐑩	æsərəʊlə	NN1	RSSB	89	shave_says:[𐑱𐑕𐑧𐑮𐑴𐑤𐑩 / 𐑱𐑕𐑽𐑴𐑤𐑩 / 𐑱𐑕𐑼𐑴𐑤𐑩]
acervate	𐑨𐑕𐑼𐑝𐑱𐑑	ˈæsəRveɪt	AJ0	GenAm	89	shave_says:𐑱𐑕𐑻𐑝𐑱𐑑
acetabular	𐑨𐑕𐑦𐑑𐑨𐑚𐑘𐑩𐑤𐑼	ˌæsɪˈtæbjələR	AJ0	GenAm	89	shave_says:𐑩𐑕𐑰𐑑𐑩𐑚𐑿𐑤𐑼
acetabulum	𐑨𐑕𐑦𐑑𐑨𐑚𐑘𐑩𐑤𐑩𐑥	ˌæsɪˈtæbjələm	NN1	RSSB	89	shave_says:[𐑩𐑕𐑰𐑑𐑩𐑚𐑿𐑤𐑩𐑥 / 𐑩𐑕𐑰𐑑𐑩𐑚𐑿𐑤𐑵𐑥]
acetabulum	𐑨𐑕𐑩𐑑𐑨𐑚𐑘𐑩𐑤𐑩𐑥	ˌæsəˈtæbjələm	NN1	GenAm	89	shave_says:[𐑩𐑕𐑰𐑑𐑩𐑚𐑿𐑤𐑩𐑥 / 𐑩𐑕𐑰𐑑𐑩𐑚𐑿𐑤𐑵𐑥]
acetal	𐑨𐑕𐑦𐑑𐑨𐑤	ˈæsɪˌtæl	NN1	RSSB	89	shave_says:[𐑩𐑕𐑰𐑑𐑩𐑤 / 𐑱𐑕𐑰𐑑𐑩𐑤]
acetaldehyde	𐑨𐑕𐑦𐑑𐑨𐑤𐑛𐑩𐑣𐑲𐑛	ˌæsɪˈtældəˌhaɪd	NN1	GenAm	89	shave_says:𐑨𐑕𐑦𐑑𐑨𐑤𐑛𐑦𐑣𐑲𐑛
acetaminophen	𐑩𐑕𐑦𐑑𐑩𐑥𐑦𐑯𐑩𐑓𐑩𐑯	əˌsitəˈmɪnəfən	NN1	RSSB	89	shave_says:𐑩𐑕𐑰𐑑𐑩𐑥𐑦𐑯𐑩𐑓𐑩𐑯
acetin	𐑩𐑕𐑰𐑑𐑦𐑯	əˈsiːtɪn	NN1	GenAm	89	shave_says:𐑱𐑗𐑧𐑑𐑦𐑯
acetonic	𐑨𐑕𐑧𐑑𐑪𐑯𐑦𐑒	ˈæseˌtɒnɪk	AJ0	RSSB	89	shave_says:𐑨𐑕𐑩𐑑𐑴𐑯𐑦𐑒
acetose	𐑨𐑕𐑦𐑑𐑴𐑕	ˈæsɪtoʊs	AJ0	GenAm	89	shave_says:𐑩𐑕𐑰𐑑𐑴𐑕𐑱
acetous	𐑨𐑕𐑦𐑑𐑩𐑕	ˈæsɪtəs	AJ0	RSSB	89	shave_says:𐑩𐑕𐑰𐑑𐑴𐑳𐑕
acetyl	𐑩𐑕𐑰𐑑𐑲𐑤	əˈsiːtaɪl	NN1	RSSB	89	shave_says:[𐑩𐑕𐑰𐑑𐑦𐑤 / 𐑱𐑕𐑰𐑑𐑦𐑤]
acetyl	𐑨𐑕𐑩𐑑𐑦𐑤	ˈæsətɪl	NN1	GenAm	89	shave_says:[𐑩𐑕𐑰𐑑𐑦𐑤 / 𐑱𐑕𐑰𐑑𐑦𐑤]
achaean	𐑩𐑒𐑰𐑩𐑯	əˈkiːən	AJ0	RSSB	89	shave_says:𐑩𐑒𐑦𐑩𐑯
achene	𐑩𐑒𐑰𐑯	əˈkiːn	NN1	RSSB	89	shave_says:𐑱𐑖𐑧𐑯
achondroplasia	𐑱𐑒𐑪𐑯𐑛𐑮𐑩𐑐𐑤𐑱𐑟𐑾	eɪkɒndrəpleɪziə	NN1	RSSB	89	shave_says:𐑱𐑒𐑪𐑯𐑛𐑮𐑴𐑐𐑤𐑱𐑠𐑩
achondroplastic	𐑱𐑒𐑭𐑯𐑛𐑮𐑩𐑐𐑤𐑨𐑕𐑑𐑦𐑒	eɪkɑːndrəplæstɪk	AJ0	RSSB	89	shave_says:𐑱𐑒𐑪𐑯𐑛𐑮𐑴𐑐𐑤𐑨𐑕𐑑𐑦𐑒
achromatic	𐑨𐑒𐑮𐑴𐑥𐑨𐑑𐑦𐑒	ˌækrəʊˈmætɪk	AJ0	RSSB	89	shave_says:𐑱𐑒𐑮𐑴𐑥𐑨𐑑𐑦𐑒
acidification	𐑩𐑕𐑦𐑛𐑦𐑓𐑦𐑒𐑱𐑖𐑩𐑯	əˌsɪdɪfɪˈkeɪʃən	NN1	RSSB	89	shave_says:[𐑨𐑕𐑦𐑛𐑦𐑓𐑦𐑒𐑱𐑖𐑩𐑯 / 𐑱𐑕𐑲𐑛𐑦𐑓𐑦𐑒𐑱𐑖𐑩𐑯 / 𐑨𐑕𐑦𐑛𐑦𐑓𐑦𐑒𐑭𐑑𐑦𐑩𐑯 / 𐑨𐑕𐑦𐑛𐑦𐑓𐑦𐑒𐑩𐑑𐑦𐑩𐑯]
acidophil	𐑩𐑕𐑦𐑛𐑩𐑓𐑦𐑤	əˈsɪdəfɪl	NN1	RSSB	89	shave_says:𐑨𐑕𐑦𐑛𐑴𐑓𐑦𐑤
acidophil	𐑩𐑕𐑦𐑑𐑩𐑓𐑦𐑤	əˈsɪtəfɪl	NN1	GenAm	89	shave_says:𐑨𐑕𐑦𐑛𐑴𐑓𐑦𐑤
acidophilic	𐑨𐑕𐑦𐑑𐑴𐑓𐑦𐑤𐑦𐑒	ˌæsɪtoʊˈfɪlɪk	AJ0	GenAm	89	shave_says:𐑨𐑕𐑦𐑛𐑴𐑓𐑦𐑤𐑦𐑒
acidulate	𐑩𐑕𐑦𐑡𐑫𐑤𐑱𐑑	əˈsɪdʒʊleɪt	VVI	GenAm	89	shave_says:[𐑩𐑕𐑦𐑡𐑩𐑤𐑱𐑑 / 𐑨𐑕𐑦𐑛𐑿𐑤𐑱𐑑 / 𐑱𐑕𐑲𐑛𐑿𐑤𐑱𐑑]
acinus	𐑨𐑕𐑦𐑯𐑩𐑕	ˈæsɪnəs	NN1	RSSB	89	shave_says:𐑱𐑕𐑦𐑯𐑩𐑕
acmeism	𐑨𐑒𐑥𐑰𐑦𐑟𐑩𐑥	ˈækmiːɪzəm	NN1	RSSB	89	shave_says:𐑨𐑒𐑥𐑦𐑦𐑟𐑩𐑥
acrocyanosis	𐑨𐑒𐑮𐑴𐑕𐑲𐑩𐑯𐑴𐑕𐑦𐑕	ˌækroʊˌsaɪ+əˈnoʊsɪs	NN1	GenAm	89	shave_says:[𐑨𐑒𐑮𐑴𐑕𐑲𐑨𐑯𐑴𐑕𐑦𐑕 / 𐑨𐑒𐑮𐑴𐑕𐑘𐑭𐑯𐑴𐑕𐑦𐑕 / 𐑨𐑒𐑮𐑴𐑕𐑘𐑩𐑯𐑴𐑟𐑦𐑕 / 𐑱𐑒𐑮𐑴𐑗𐑧𐑘𐑭𐑯𐑴𐑕𐑦𐑕 / 𐑨𐑒𐑮𐑴𐑕𐑘𐑭𐑯𐑴𐑟𐑦𐑕]
acromegalic	𐑨𐑒𐑮𐑩𐑥𐑦𐑜𐑨𐑤𐑦𐑒	akrəmɪɡalɪk	AJ0	RSSB	89	shave_says:[𐑨𐑒𐑮𐑴𐑥𐑧𐑜𐑩𐑤𐑦𐑒 / 𐑱𐑒𐑮𐑴𐑥𐑜𐑱𐑤𐑦𐑒]
acromegalic	𐑨𐑒𐑮𐑴𐑥𐑦𐑜𐑨𐑤𐑦𐑒	ˌækroʊmɪˈɡælɪk	AJ0	GenAm	89	shave_says:[𐑨𐑒𐑮𐑴𐑥𐑧𐑜𐑩𐑤𐑦𐑒 / 𐑱𐑒𐑮𐑴𐑥𐑜𐑱𐑤𐑦𐑒]
acrophony	𐑩𐑒𐑮𐑪𐑓𐑩𐑯𐑦	əkrɒfəni	NN1	RSSB	89	shave_says:[𐑨𐑒𐑮𐑴𐑓𐑴𐑯𐑦 / 𐑱𐑒𐑮𐑪𐑓𐑩𐑯𐑦 / 𐑨𐑒𐑮𐑴𐑓𐑩𐑯𐑦]
actinoid	𐑨𐑒𐑑𐑦𐑯𐑶𐑛	ˈæktɪnɔɪd	AJ0	RSSB	89	shave_says:𐑨𐑒𐑑𐑦𐑯𐑴𐑦𐑛
actinomycete	𐑨𐑒𐑑𐑦𐑯𐑩𐑥𐑲𐑕𐑰𐑑	ˌæktɪnəˈmaɪsiːt	NN1	RSSB	89	shave_says:[𐑨𐑒𐑑𐑦𐑯𐑴𐑥𐑲𐑕𐑰𐑑 / 𐑨𐑒𐑑𐑰𐑯𐑴𐑥𐑦𐑕𐑰𐑑]
actuator	𐑨𐑒𐑑𐑿𐑱𐑑𐑼	æktjuːeɪtəR	NN1	RSSB	89	shave_says:𐑨𐑒𐑗𐑫𐑱𐑑𐑼
acuminate	𐑩𐑒𐑿𐑥𐑦𐑯𐑩𐑑	əˈkjuːmɪnət	AJ0	RSSB	89	shave_says:[𐑱𐑒𐑳𐑥𐑦𐑯𐑱𐑑 / 𐑨𐑒𐑿𐑥𐑲𐑯𐑱𐑑 / 𐑭𐑒𐑵𐑥𐑦𐑯𐑱𐑑]
acyl	𐑨𐑕𐑦𐑤	ˈæsɪl	NN1	RSSB	89	
adaption	𐑩𐑛𐑨𐑐𐑖𐑩𐑯	əˈdæpʃən	NN1	RSSB	89	shave_says:[𐑩𐑛𐑨𐑐𐑑𐑦𐑩𐑯 / 𐑨𐑛𐑭𐑐𐑑𐑦𐑩𐑯 / 𐑱𐑛𐑨𐑐𐑑𐑦𐑩𐑯]
addax	𐑨𐑛𐑨𐑒𐑕	ˈadaks	NN1	RSSB	89	
adduction	𐑩𐑛𐑳𐑒𐑖𐑩𐑯	əˈdʌkʃən	NN1	RSSB	89	shave_says:[𐑩𐑛𐑳𐑒𐑑𐑦𐑩𐑯 / 𐑨𐑛𐑛𐑳𐑒𐑑𐑦𐑩𐑯]
adenitis	𐑨𐑛𐑩𐑯𐑲𐑑𐑦𐑕	ædəˈnaɪtɪs	NN1	GenAm	89	shave_says:[𐑱𐑛𐑩𐑯𐑲𐑑𐑦𐑕 / 𐑱𐑛𐑰𐑯𐑲𐑑𐑦𐑕 / 𐑱𐑛𐑩𐑯𐑦𐑑𐑦𐑕 / 𐑨𐑛𐑧𐑯𐑲𐑑𐑦𐑕 / 𐑱𐑛𐑩𐑯𐑲𐑑𐑦𐑟]
adenoma	𐑨𐑛𐑩𐑯𐑴𐑥𐑳	ædˈənoʊmʌ	NN1	GenAm	89	shave_says:𐑨𐑛𐑧𐑯𐑴𐑥𐑭
adenopathy	𐑨𐑛𐑩𐑯𐑭𐑐𐑩𐑔𐑦	ædəˈnɑːpəθi	NN1	RSSB	89	shave_says:[𐑱𐑛𐑩𐑯𐑪𐑐𐑩𐑔𐑦 / 𐑨𐑛𐑧𐑯𐑪𐑐𐑩𐑔𐑦 / 𐑱𐑛𐑩𐑯𐑴𐑐𐑨𐑔𐑦 / 𐑨𐑛𐑧𐑯𐑴𐑐𐑨𐑔𐑦 / 𐑱𐑛𐑰𐑯𐑪𐑐𐑩𐑔𐑦]
adenovirus	𐑩𐑛𐑧𐑯𐑴𐑝𐑲𐑮𐑩𐑕	ədenəʊvaɪrəs	NN1	RSSB	89	shave_says:[𐑨𐑛𐑧𐑯𐑴𐑝𐑲𐑮𐑩𐑕 / 𐑱𐑛𐑩𐑯𐑴𐑝𐑲𐑮𐑩𐑕 / 𐑱𐑛𐑰𐑯𐑴𐑝𐑲𐑮𐑩𐑕 / 𐑱𐑛𐑩𐑯𐑴𐑝𐑲𐑼𐑩𐑕 / 𐑱𐑛𐑩𐑯𐑴𐑝𐑲𐑼𐑵𐑟]
adhocracy	𐑨𐑛𐑣𐑪𐑒𐑮𐑩𐑕𐑦	ædˈhɒkrəsi	NN1	GenAm	89	
adiabatic	𐑱𐑛𐑲𐑩𐑚𐑨𐑑𐑦𐑒	ˌeɪdaɪəˈbætɪk	AJ0	RSSB	89	shave_says:𐑨𐑛𐑦𐑩𐑚𐑨𐑑𐑦𐑒
adit	𐑨𐑛𐑦𐑑	ˈædɪt	NN1	RSSB	89	shave_says:𐑭𐑛𐑦𐑑
adjectivally	𐑨𐑡𐑧𐑒𐑑𐑲𐑝𐑩𐑤𐑦	ˌædʒekˈtaɪvəli	AV0	RSSB	89	shave_says:𐑨𐑡𐑦𐑒𐑑𐑲𐑝𐑩𐑤𐑦
adjectively	𐑨𐑡𐑧𐑒𐑑𐑦𐑝𐑤𐑦	ˈadʒektɪvli	AV0	RSSB	89	shave_says:𐑨𐑡𐑦𐑒𐑑𐑦𐑝𐑤𐑦
admirability	𐑨𐑛𐑥𐑦𐑮𐑩𐑚𐑦𐑤𐑦𐑑𐑦	ædmɪrəbɪlɪti	NN1	RSSB	89	shave_says:[𐑩𐑛𐑥𐑲𐑼𐑩𐑚𐑦𐑤𐑦𐑑𐑦 / 𐑨𐑛𐑥𐑽𐑩𐑚𐑦𐑤𐑦𐑑𐑦 / 𐑨𐑛𐑥𐑲𐑼𐑩𐑚𐑦𐑤𐑦𐑑𐑦 / 𐑱𐑛𐑥𐑲𐑼𐑩𐑚𐑦𐑤𐑦𐑑𐑦 / 𐑩𐑛𐑥𐑲𐑼𐑩𐑚𐑦𐑤𐑲𐑑𐑦]
adonis	𐑩𐑛𐑴𐑯𐑦𐑕	əˈdoʊnɪs	NN1	RSSB	89	shave_says:𐑩𐑛𐑪𐑯𐑦𐑕
adscititious	𐑨𐑛𐑕𐑩𐑑𐑦𐑖𐑩𐑕	ædsəˈtɪʃəs	AJ0	RSSB	89	shave_says:[𐑨𐑛𐑟𐑩𐑕𐑲𐑑𐑦𐑖𐑩𐑕 / 𐑨𐑛𐑟𐑩𐑕𐑦𐑑𐑦𐑖𐑩𐑕 / 𐑱𐑛𐑰𐑧𐑕𐑕𐑰𐑲𐑑𐑦𐑖𐑩𐑕 / 𐑨𐑛𐑕𐑒𐑲𐑑𐑦𐑖𐑩𐑕 / 𐑨𐑛𐑟𐑩𐑕𐑲𐑑𐑦𐑑𐑦𐑩𐑕]
adsorb	𐑩𐑛𐑟𐑹𐑚	ədzɔːRb	VVI	RSSB	89	shave_says:[𐑨𐑛𐑟𐑼𐑚 / 𐑨𐑛𐑕𐑹𐑚]
adsorbate	𐑩𐑛𐑕𐑹𐑚𐑱𐑑	ədsɔːRbeɪt	NN1	RSSB	89	shave_says:[𐑨𐑛𐑟𐑼𐑚𐑱𐑑 / 𐑨𐑛𐑕𐑹𐑚𐑱𐑑]
adulterine	𐑩𐑛𐑳𐑤𐑑𐑼𐑲𐑯	ədʌltəraɪn	AJ0	RSSB	89	shave_says:[𐑩𐑛𐑳𐑤𐑑𐑼𐑰𐑯 / 𐑨𐑛𐑳𐑤𐑑𐑼𐑰𐑯]
adumbration	𐑨𐑛𐑳𐑥𐑚𐑮𐑱𐑖𐑯	ˌædʌmˈbreɪʃn	NN1	RSSB	89	shave_says:𐑨𐑛𐑳𐑥𐑚𐑮𐑱𐑑𐑦𐑩𐑯
adumbration	𐑨𐑛𐑩𐑥𐑚𐑮𐑱𐑖𐑯	ˌædəmˈbreɪʃn	NN1	GenAm	89	shave_says:𐑨𐑛𐑳𐑥𐑚𐑮𐑱𐑑𐑦𐑩𐑯
adust	𐑩𐑛𐑳𐑕𐑑	əˈdʌst	AJ0	RSSB	89	shave_says:𐑱𐑛𐑳𐑕𐑑
advancer	𐑩𐑛𐑝𐑨𐑯𐑕𐑼	ədˈvænsəR	NN1	GenAm	89	shave_says:𐑩𐑛𐑝𐑭𐑯𐑕𐑼
advection	𐑨𐑛𐑝𐑧𐑒𐑖𐑩𐑯	ædˈvekʃən	NN1	RSSB	89	shave_says:𐑨𐑛𐑝𐑧𐑒𐑑𐑦𐑩𐑯
adventive	𐑩𐑛𐑝𐑧𐑯𐑑𐑦𐑝	ədˈventɪv	AJ0	GenAm	89	shave_says:𐑨𐑛𐑝𐑧𐑯𐑑𐑦𐑝
adventurism	𐑩𐑛𐑝𐑧𐑯𐑖𐑼𐑦𐑟𐑥	ədvenʃərɪzm	NN1	RSSB	89	shave_says:𐑩𐑛𐑝𐑧𐑯𐑗𐑼𐑦𐑟𐑩𐑥
advertorial	𐑨𐑛𐑝𐑼𐑑𐑹𐑦𐑩𐑤	ˌædvəRˈtɔːRi+əl	NN1	GenAm	89	shave_says:[𐑨𐑛𐑝𐑻𐑑𐑹𐑦𐑩𐑤 / 𐑨𐑛𐑝𐑻𐑑𐑼𐑦𐑩𐑤]
advisor	𐑨𐑛𐑝𐑲𐑟𐑼	ædvaɪzəR	NN1	RSSB	89	shave_says:𐑩𐑛𐑝𐑲𐑟𐑼
aecium	𐑦𐑕𐑦𐑳𐑥	ˈisiʌm	NN1	RSSB	89	
aegean	𐑰𐑡𐑰𐑩𐑯	iːˈdʒiː+ən	AJ0	GenAm	89	shave_says:𐑩𐑡𐑦𐑩𐑯
aepyornis	𐑰𐑐𐑦𐑹𐑯𐑦𐑕	iːpɪɔːRnɪs	NN1	RSSB	89	
aerobics	𐑼𐑴𐑚𐑦𐑒𐑕	əroʊbɪks	NN1	RSSB	89	shave_says:𐑺𐑴𐑚𐑦𐑒𐑕
aerofoil	𐑺𐑩𐑓𐑶𐑤	eərəfɔɪl	NN1	RSSB	89	shave_says:𐑺𐑴𐑓𐑶𐑤
aeronautic	𐑨𐑮𐑪𐑯𐑷𐑑𐑦𐑒	ˌæroˈnɔtɪk	AJ0	RSSB	89	shave_says:𐑺𐑩𐑯𐑷𐑑𐑦𐑒
aerophyte	𐑺𐑩𐑓𐑲𐑑	eərəfaɪt	NN1	RSSB	89	shave_says:𐑺𐑴𐑓𐑲𐑑
aerophyte	𐑧𐑮𐑴𐑓𐑲𐑑	ˈeroʊˌfaɪt	NN1	GenAm	89	shave_says:𐑺𐑴𐑓𐑲𐑑
aestivation	𐑰𐑕𐑑𐑦𐑝𐑱𐑖𐑩𐑯	ˌiːstɪˈveɪʃən	NN1	RSSB	89	shave_says:𐑱𐑧𐑕𐑑𐑦𐑝𐑱𐑖𐑩𐑯
affluenza	𐑨𐑓𐑤𐑫𐑧𐑯𐑟𐑩	ˌæfluˈenzə	NN1	GenAm	89	shave_says:𐑨𐑓𐑤𐑵𐑧𐑯𐑟𐑩
affrication	𐑨𐑓𐑮𐑦𐑒𐑱𐑖𐑩𐑯	æfrɪˈkeɪʃən	NN1	GenAm	89	shave_says:𐑨𐑓𐑮𐑦𐑒𐑩𐑑𐑦𐑩𐑯
afghani	𐑨𐑓𐑜𐑭𐑯𐑦	æfˈɡɑːni	AJ0	RSSB	89	shave_says:𐑨𐑓𐑜𐑨𐑯𐑦
aficionado	𐑩𐑓𐑦𐑕𐑘𐑩𐑯𐑭𐑛𐑴	əfɪsjəˈnɑːdəʊ	NN1	RSSB	89	shave_says:[𐑩𐑓𐑦𐑖𐑦𐑩𐑯𐑭𐑛𐑴 / 𐑩𐑓𐑦𐑖𐑦𐑩𐑯𐑱𐑛𐑴 / 𐑩𐑓𐑦𐑖𐑦𐑩𐑯𐑨𐑛𐑴 / 𐑩𐑓𐑦𐑖𐑦𐑢𐑳𐑯𐑭𐑛𐑴 / 𐑱𐑓𐑦𐑕𐑦𐑩𐑯𐑭𐑛𐑴]
afl	𐑱𐑧𐑓𐑧𐑤	eɪefel	NN1	RSSB	89	shave_says:[𐑨𐑓𐑤 / 𐑱𐑓𐑤]
afro	𐑨𐑓𐑮𐑴	ˈæfroʊ	NN1	GenAm	89	shave_says:𐑱𐑓𐑮𐑴
afterbirth	𐑨𐑓𐑑𐑼𐑚𐑼𐑔	ˈæftəRbəRθ	NN1	GenAm	89	shave_says:[𐑭𐑓𐑑𐑼𐑚𐑻𐑔 / 𐑱𐑓𐑰𐑑𐑼𐑚𐑻𐑔]
aga	𐑭𐑜𐑩	ˈɑːɡə	NN1	RSSB	89	shave_says:[𐑨𐑜𐑩 / 𐑱𐑜𐑭]
agar	𐑱𐑜𐑼	eɪɡəR	NN1	RSSB	89	shave_says:𐑱𐑜𐑸
agar	𐑪𐑜𐑸	ˈɒˌɡɑːR	NN1	GenAm	89	shave_says:𐑱𐑜𐑸
agendum	𐑩𐑡𐑧𐑯𐑛𐑩𐑥	əˈdʒendəm	NN1	GenAm	89	shave_says:[𐑱𐑡𐑧𐑯𐑛𐑩𐑥 / 𐑱𐑡𐑧𐑯𐑛𐑵𐑥]
agha	𐑭𐑜𐑩	ˈɑːɡə	NN1	RSSB	89	shave_says:𐑭𐑣𐑜𐑭
agio	𐑨𐑡𐑴	ˈædʒoʊ	NN1	RSSB	89	shave_says:𐑱𐑡𐑴
agitprop	𐑨𐑡𐑩𐑑𐑐𐑮𐑪𐑐	ˈædʒətˌprɒp	NN1	GenAm	89	shave_says:𐑨𐑡𐑦𐑑𐑐𐑮𐑪𐑐
agleam	𐑩𐑜𐑤𐑰𐑥	əˈɡliːm	AJ0	RSSB	89	shave_says:𐑱𐑜𐑤𐑰𐑥
aglitter	𐑩𐑜𐑤𐑦𐑑𐑼	əɡlɪtəR	AJ0	RSSB	89	shave_says:𐑱𐑜𐑤𐑦𐑑𐑼
agnate	𐑨𐑜𐑯𐑱𐑑	ˈæɡneɪt	AJ0	RSSB	89	
agnatha	𐑨𐑜𐑯𐑩𐑔𐑩	ˈæɡnəθə	NN1	RSSB	89	shave_says:𐑱𐑜𐑯𐑨𐑔𐑩
agnathan	𐑨𐑜𐑯𐑩𐑔𐑩𐑯	ˈæɡnəθən	NN1	RSSB	89	shave_says:𐑱𐑜𐑯𐑨𐑔𐑩𐑯
agon	𐑨𐑜𐑴𐑯	ˈæɡoʊn	NN1	GenAm	89	shave_says:𐑨𐑜𐑩𐑯
agouti	𐑩𐑜𐑵𐑑𐑦	əˈɡuːti	NN1	RSSB	89	shave_says:[𐑱𐑜𐑬𐑑𐑦 / 𐑨𐑜𐑬𐑑𐑦]
agrimony	𐑨𐑜𐑮𐑦𐑥𐑩𐑯𐑦	æɡrɪməni	NN1	RSSB	89	shave_says:[𐑨𐑜𐑮𐑦𐑥𐑴𐑯𐑦 / 𐑱𐑜𐑮𐑲𐑥𐑩𐑯𐑦 / 𐑩𐑜𐑮𐑦𐑥𐑩𐑯𐑦]
agromania	𐑨𐑜𐑮𐑩𐑥𐑱𐑯𐑾	aɡrəmeɪnɪə	NN1	RSSB	89	shave_says:[𐑨𐑜𐑮𐑴𐑥𐑱𐑯𐑦𐑩 / 𐑨𐑜𐑮𐑴𐑥𐑱𐑯𐑾 / 𐑱𐑜𐑮𐑪𐑥𐑱𐑯𐑦𐑩 / 𐑨𐑜𐑮𐑴𐑥𐑩𐑯𐑦𐑩]
agronomist	𐑩𐑜𐑮𐑭𐑯𐑩𐑥𐑦𐑕𐑑	əˈɡrɑːnəmɪst	NN1	GenAm	89	shave_says:[𐑩𐑜𐑮𐑪𐑯𐑩𐑥𐑦𐑕𐑑 / 𐑨𐑜𐑮𐑴𐑯𐑴𐑥𐑦𐑕𐑑 / 𐑱𐑜𐑮𐑪𐑯𐑩𐑥𐑦𐑕𐑑]
agronomy	𐑩𐑜𐑮𐑭𐑯𐑩𐑥𐑦	əˈɡrɑːnəmi	NN1	GenAm	89	shave_says:[𐑩𐑜𐑮𐑪𐑯𐑩𐑥𐑦 / 𐑨𐑜𐑮𐑴𐑯𐑴𐑥𐑦 / 𐑱𐑜𐑮𐑪𐑯𐑩𐑥𐑦]
ahimsa	𐑩𐑣𐑦𐑥𐑕𐑭	əˈhɪmsɑː	NN1	RSSB	89	shave_says:𐑱𐑣𐑦𐑥𐑟𐑩
ahistorical	𐑱𐑣𐑦𐑕𐑑𐑹𐑦𐑒𐑩𐑤	ˌeɪhɪˈstɔːRɪkəl	AJ0	GenAm	89	shave_says:𐑱𐑣𐑦𐑕𐑑𐑪𐑮𐑦𐑒𐑩𐑤
ahorse	𐑩𐑣𐑹𐑕	əˈhɔːRs	AV0	GenAm	89	shave_says:𐑱𐑣𐑹𐑕
ahorseback	𐑩𐑣𐑹𐑕𐑚𐑨𐑒	əhɔːRsbæk	AV0	RSSB	89	shave_says:𐑱𐑣𐑹𐑕𐑚𐑨𐑒
aiglet	𐑱𐑜𐑤𐑧𐑑	ˈeɪɡlet	NN1	RSSB	89	shave_says:[𐑧𐑜𐑤𐑫𐑩𐑑 / 𐑱𐑦𐑜𐑤𐑩𐑑]
aikido	𐑲𐑒𐑰𐑛𐑴	aɪˈkiːdəʊ	NN1	RSSB	89	shave_says:[𐑱𐑒𐑰𐑛𐑴 / ⸰⁠𐑸𐑦𐑒𐑦𐑛𐑴 / 𐑱𐑲𐑒𐑰𐑛𐑴]
ailanthus	𐑱𐑤𐑨𐑯𐑔𐑩𐑕𐑩𐑟	ˌeɪˈlænθəsƏz	NN1	RSSB	89	shave_says:[𐑱𐑦𐑤𐑨𐑯𐑔𐑩𐑕 / 𐑱𐑤𐑩𐑯𐑑𐑩𐑕 / 𐑱𐑤𐑩𐑯𐑔𐑩𐑕 / 𐑱𐑤𐑩𐑯𐑔𐑵𐑟]
ailurophobia	𐑲𐑤𐑘𐑫𐑼𐑩𐑓𐑴𐑚𐑦𐑩	aɪljʊərəfəʊbɪ+ə	NN1	RSSB	89	shave_says:[𐑱𐑦𐑤𐑘𐑫𐑼𐑴𐑓𐑴𐑚𐑾 / 𐑲𐑤𐑫𐑼𐑴𐑓𐑴𐑚𐑦𐑩]
ailurophobia	𐑲𐑤𐑫𐑮𐑩𐑓𐑴𐑚𐑦𐑩	aɪˌlʊrəˈfoʊbi+ə	NN1	GenAm	89	shave_says:[𐑱𐑦𐑤𐑘𐑫𐑼𐑴𐑓𐑴𐑚𐑾 / 𐑲𐑤𐑫𐑼𐑴𐑓𐑴𐑚𐑦𐑩]
aioli	𐑲𐑴𐑤𐑦	aɪˈoʊli	NN1	GenAm	89	shave_says:𐑱𐑴𐑤𐑦
airiness	𐑺𐑰𐑯𐑩𐑕	eəRiːnəs	NN1	RSSB	89	shave_says:[𐑺𐑦𐑯𐑩𐑕 / 𐑱𐑦𐑮𐑦𐑯𐑩𐑕]
aken	𐑱𐑒𐑩𐑯	ˈeɪkən	NN1	RSSB	89	shave_says:𐑱𐑒𐑧𐑯
akkadian	𐑩𐑒𐑱𐑛𐑦𐑩𐑯	əˈkeɪdi+ən	NN1	RSSB	89	shave_says:𐑩𐑒𐑭𐑛𐑦𐑩𐑯
ala	𐑱𐑤𐑩	ˈeɪlə	NN1	GenAm	89	shave_says:𐑭𐑤𐑭
alalia	𐑩𐑤𐑱𐑤𐑾	əˈleɪliə	NN1	GenAm	89	shave_says:[𐑱𐑤𐑭𐑤𐑦𐑩 / 𐑭𐑤𐑭𐑤𐑦𐑩 / 𐑱𐑤𐑩𐑤𐑦𐑩]
alary	𐑱𐑤𐑼𐑦	eɪləri	AJ0	RSSB	89	shave_says:𐑱𐑤𐑸𐑦
albinism	𐑨𐑤𐑚𐑩𐑯𐑦𐑟𐑩𐑥	ˈælbəˌnɪzəm	NN1	RSSB	89	shave_says:[𐑨𐑤𐑚𐑦𐑯𐑦𐑟𐑩𐑥 / 𐑱𐑐𐑬𐑯𐑛𐑦𐑯𐑦𐑟𐑩𐑥]
albizzia	𐑨𐑤𐑚𐑦𐑑𐑕𐑦𐑩	ælˈbɪtsi+ə	NN1	GenAm	89	shave_says:𐑨𐑤𐑚𐑦𐑟𐑦𐑩
albumin	𐑨𐑤𐑚𐑘𐑩𐑥𐑦𐑯	ˈalbjəmɪn	NN1	RSSB	89	shave_says:𐑨𐑤𐑚𐑿𐑥𐑦𐑯
albumin	𐑨𐑤𐑚𐑿𐑥𐑩𐑯	ælˈbjuːmən	NN1	GenAm	89	shave_says:𐑨𐑤𐑚𐑿𐑥𐑦𐑯
albuterol	𐑨𐑤𐑚𐑘𐑫𐑑𐑼𐑪𐑤	ælˈbjutəˌrɒl	NN1	GenAm	89	shave_says:𐑨𐑤𐑚𐑿𐑑𐑼𐑪𐑤
alcahest	𐑨𐑤𐑒𐑩𐑣𐑧𐑕𐑑	ˈalkəhest	NN1	RSSB	89	
alcaic	𐑨𐑤𐑒𐑱𐑦𐑒	ælˈkeɪɪk	NN1	RSSB	89	
alcazar	𐑨𐑤𐑒𐑩𐑟𐑸	ˌælkəˈzɑːR	NN1	GenAm	89	shave_says:𐑭𐑤𐑒𐑭𐑔𐑸
alchemistic	𐑨𐑤𐑒𐑩𐑥𐑦𐑕𐑑𐑩𐑒	ˈælkəmɪstək	AJ0	GenAm	89	shave_says:𐑨𐑤𐑒𐑧𐑥𐑦𐑕𐑑𐑦𐑒
alchemistical	𐑨𐑤𐑒𐑩𐑥𐑦𐑕𐑑𐑦𐑒𐑩𐑤	ælkəˈmɪstɪkəl	AJ0	RSSB	89	shave_says:𐑨𐑤𐑒𐑧𐑥𐑦𐑕𐑑𐑦𐑒𐑩𐑤
aleatory	𐑱𐑤𐑦𐑩𐑑𐑼𐑦	eɪlɪ+ətəri	AJ0	RSSB	89	shave_says:[𐑱𐑤𐑩𐑑𐑼𐑦 / 𐑱𐑤𐑫𐑩𐑑𐑼𐑦 / 𐑱𐑤𐑱𐑑𐑼𐑦]
aleatory	𐑨𐑤𐑦𐑩𐑑𐑹𐑦	ˈælɪ+ətɔːRi	AJ0	GenAm	89	shave_says:[𐑱𐑤𐑩𐑑𐑼𐑦 / 𐑱𐑤𐑫𐑩𐑑𐑼𐑦 / 𐑱𐑤𐑱𐑑𐑼𐑦]
alendronate	𐑩𐑤𐑧𐑯𐑛𐑮𐑩𐑯𐑱𐑑	əˈlendrəˌneɪt	NN1	GenAm	89	shave_says:[𐑱𐑤𐑧𐑯𐑛𐑮𐑴𐑯𐑱𐑑 / 𐑱𐑤𐑩𐑯𐑛𐑮𐑴𐑯𐑱𐑑 / 𐑱𐑤𐑧𐑯𐑛𐑮𐑩𐑯𐑱𐑑]
aleurone	𐑩𐑤𐑫𐑼𐑴𐑯	əlʊərəʊn	NN1	RSSB	89	shave_says:𐑱𐑤𐑻𐑢𐑳𐑯
aleut	𐑨𐑤𐑰𐑵𐑑	ˌæliːˈuːt	NN1	RSSB	89	shave_says:𐑩𐑤𐑵𐑑
aleutian	𐑨𐑤𐑰𐑵𐑖𐑩𐑯	ˌæliːˈuːʃən	AJ0	RSSB	89	shave_says:𐑩𐑤𐑵𐑖𐑩𐑯
alexandrite	𐑨𐑤𐑦𐑜𐑟𐑨𐑯𐑛𐑮𐑲𐑑	ˌælɪɡˈzændraɪt	NN1	GenAm	89	shave_says:𐑨𐑤𐑦𐑜𐑟𐑨𐑯𐑛𐑼𐑲𐑑
algid	𐑨𐑤𐑡𐑩𐑛	ˈældʒƏd	AJ0	RSSB	89	shave_says:[𐑨𐑤𐑡𐑦𐑛 / 𐑨𐑤𐑜𐑦𐑛 / 𐑱𐑤𐑡𐑦𐑛]
algolagnia	𐑨𐑤𐑜𐑩𐑤𐑨𐑜𐑯𐑾	alɡəˈlaɡnɪə	NN1	RSSB	89	
algonquian	𐑨𐑤𐑜𐑭𐑙𐑒𐑦𐑩𐑯	ælˈɡɑːŋki+ən	AJ0	GenAm	89	shave_says:𐑨𐑤𐑜𐑪𐑙𐑒𐑦𐑩𐑯
algonquin	𐑨𐑤𐑜𐑭𐑙𐑒𐑦𐑯	ælˈɡɑːŋkɪn	NN1	GenAm	89	shave_says:𐑨𐑤𐑜𐑪𐑙𐑒𐑦𐑯
alidade	𐑨𐑤𐑦𐑛𐑱𐑛	ˈælɪdeɪd	NN1	RSSB	89	shave_says:𐑱𐑤𐑦𐑛𐑱𐑛
alienable	𐑱𐑤𐑘𐑩𐑯𐑩𐑚𐑩𐑤	ˈeɪljənəbəl	AJ0	RSSB	89	shave_says:[𐑱𐑤𐑾𐑯𐑩𐑚𐑩𐑤 / 𐑱𐑤𐑾𐑯𐑩𐑚𐑩𐑤]
aliphatic	𐑨𐑤𐑦𐑓𐑨𐑑𐑦𐑒	ælɪˈfætɪk	AJ0	GenAm	89	shave_says:[𐑭𐑤𐑦𐑓𐑨𐑑𐑦𐑒 / 𐑱𐑤𐑰𐑓𐑨𐑑𐑦𐑒 / 𐑭𐑤𐑦𐑐𐑣𐑱𐑑𐑦𐑒 / 𐑭𐑤𐑦𐑐𐑣𐑨𐑑𐑦𐑒]
aliveness	𐑩𐑤𐑲𐑝𐑯𐑩𐑕	əˈlaɪvnəs	NN1	GenAm	89	shave_says:𐑱𐑤𐑲𐑝𐑯𐑩𐑕
aliyah	𐑩𐑤𐑰𐑘𐑭	əliːˈjɑː	NN1	RSSB	89	shave_says:𐑱𐑤𐑰𐑭
alizarin	𐑩𐑤𐑦𐑟𐑼𐑦𐑯	əlɪzərɪn	NN1	RSSB	89	shave_says:[𐑱𐑤𐑰𐑟𐑼𐑦𐑯 / 𐑱𐑤𐑲𐑟𐑼𐑦𐑯]
alkahest	𐑨𐑤𐑒𐑩𐑣𐑧𐑕𐑑	ˈalkəhest	NN1	RSSB	89	shave_says:𐑨𐑤𐑒𐑩𐑩𐑕𐑑
alkalic	𐑨𐑤𐑒𐑨𐑤𐑦𐑒	ælˈkælɪk	AJ0	RSSB	89	shave_says:𐑨𐑤𐑒𐑩𐑤𐑦𐑒
alkaptonuria	𐑨𐑤𐑒𐑨𐑐𐑑𐑩𐑯𐑫𐑼𐑾	ælkæptənʊərɪə	NN1	RSSB	89	shave_says:[𐑨𐑤𐑒𐑨𐑐𐑑𐑴𐑯𐑫𐑼𐑦𐑩 / 𐑨𐑤𐑒𐑨𐑐𐑑𐑩𐑯𐑫𐑼𐑦𐑩]
allamanda	𐑨𐑤𐑩𐑥𐑨𐑯𐑛𐑩	aləˈmandə	NN1	RSSB	89	shave_says:[𐑷𐑤𐑩𐑥𐑨𐑯𐑛𐑩 / 𐑭𐑤𐑧𐑥𐑨𐑯𐑛𐑩 / 𐑱𐑤𐑭𐑥𐑩𐑯𐑛𐑩]
allegorically	𐑨𐑤𐑩𐑜𐑪𐑮𐑦𐑒𐑤𐑦	æləɡɒrɪkli	AV0	RSSB	89	shave_says:𐑨𐑤𐑦𐑜𐑪𐑮𐑦𐑒𐑩𐑤𐑦
allele	𐑨𐑤𐑰𐑤	ˈæliːl	NN1	RSSB	89	shave_says:𐑩𐑤𐑰𐑤
allice	𐑨𐑤𐑦𐑕	ˈalɪs	NN1	RSSB	89	shave_says:[𐑭𐑤𐑦𐑕 / 𐑷𐑤𐑦𐑕 / 𐑷𐑤𐑲𐑕 / 𐑭𐑤𐑧𐑦𐑕 / 𐑱𐑤𐑲𐑯𐑟𐑦𐑕]
alliterate	𐑩𐑤𐑦𐑑𐑼𐑱𐑑	əˈlɪtəreɪt	VVI	GenAm	89	shave_says:𐑷𐑤𐑦𐑑𐑼𐑱𐑑
allium	𐑨𐑤𐑾𐑥	ˈæliəm	NN1	RSSB	89	shave_says:[𐑨𐑤𐑲𐑩𐑥 / 𐑨𐑤𐑲𐑵𐑥 / 𐑭𐑤𐑦𐑩𐑥]
allochthonous	𐑩𐑤𐑪𐑒𐑔𐑩𐑯𐑩𐑕	əˈlɒkθənəs	AJ0	RSSB	89	shave_says:[𐑨𐑤𐑩𐑒𐑔𐑩𐑯𐑩𐑕 / 𐑨𐑤𐑩𐑗𐑔𐑩𐑯𐑩𐑕 / 𐑷𐑤𐑪𐑒𐑔𐑩𐑯𐑩𐑕 / 𐑨𐑤𐑩𐑗𐑔𐑩𐑯𐑴𐑩𐑕 / 𐑨𐑤𐑩𐑗𐑔𐑢𐑳𐑯𐑩𐑕]
allocution	𐑨𐑤𐑩𐑒𐑿𐑖𐑩𐑯	aləˈkjuːʃən	NN1	RSSB	89	shave_says:[𐑨𐑤𐑩𐑒𐑳𐑑𐑲𐑪𐑯 / 𐑨𐑤𐑩𐑒𐑵𐑑𐑦𐑩𐑯 / 𐑨𐑤𐑩𐑒𐑳𐑑𐑦𐑩𐑯]
allogeneic	𐑨𐑤𐑩𐑡𐑩𐑯𐑦𐑦𐑒	ˌælədʒəˈniɪk	AJ0	RSSB	89	shave_says:𐑨𐑤𐑩𐑡𐑰𐑯𐑦𐑒
allomorph	𐑨𐑤𐑴𐑥𐑹𐑓	ˈæloʊmɔːRf	NN1	GenAm	89	shave_says:[𐑨𐑤𐑩𐑥𐑹𐑓 / 𐑨𐑤𐑩𐑥𐑼𐑓 / 𐑷𐑤𐑴𐑥𐑼𐑓 / 𐑱𐑤𐑲𐑯𐑟𐑩𐑥𐑼𐑓]
allomorphic	𐑨𐑤𐑩𐑥𐑷𐑮𐑓𐑦𐑒	æləmɔrfɪk	AJ0	RSSB	89	shave_says:[𐑨𐑤𐑩𐑥𐑹𐑓𐑦𐑒 / 𐑷𐑤𐑴𐑥𐑼𐑓𐑦𐑒]
allopathic	𐑨𐑤𐑴𐑐𐑨𐑔𐑦𐑒	ˌæloʊˈpæθɪk	AJ0	GenAm	89	shave_says:𐑨𐑤𐑩𐑐𐑨𐑔𐑦𐑒
allopurinol	𐑨𐑤𐑩𐑐𐑘𐑫𐑼𐑦𐑯𐑪𐑤	æləpjʊərɪnɒl	NN1	RSSB	89	shave_says:𐑨𐑤𐑩𐑐𐑘𐑫𐑼𐑰𐑯𐑴𐑤
allopurinol	𐑨𐑤𐑴𐑐𐑘𐑼𐑩𐑯𐑪𐑤	ˌæloʊˈpjərəˌnɒl	NN1	GenAm	89	shave_says:𐑨𐑤𐑩𐑐𐑘𐑫𐑼𐑰𐑯𐑴𐑤
allylic	𐑩𐑤𐑦𐑤𐑦𐑒	əˈlɪlɪk	AJ0	RSSB	89	shave_says:𐑨𐑤𐑲𐑤𐑦𐑒
almandine	𐑨𐑤𐑥𐑩𐑯𐑛𐑲𐑯	ˈalməndaɪn	NN1	RSSB	89	shave_says:𐑷𐑤𐑥𐑩𐑯𐑛𐑰𐑯
aloha	𐑩𐑤𐑴𐑩	əˈləʊə	NN1	RSSB	89	shave_says:𐑩𐑤𐑴𐑣𐑭
aloha	𐑩𐑤𐑴𐑣𐑪	əˈloʊˌhɒ	NN1	GenAm	89	shave_says:𐑩𐑤𐑴𐑣𐑭
alopecia	𐑨𐑤𐑴𐑐𐑰𐑖𐑩	æloʊˈpiːʃə	NN1	GenAm	89	shave_says:𐑨𐑤𐑩𐑐𐑰𐑖𐑩
alprazolam	𐑨𐑤𐑐𐑮𐑱𐑟𐑴𐑤𐑨𐑥	alˈpreɪzəʊlam	NN1	RSSB	89	shave_says:𐑨𐑤𐑐𐑮𐑨𐑟𐑩𐑤𐑨𐑥
alstroemeria	𐑨𐑤𐑕𐑑𐑮𐑦𐑥𐑰𐑮𐑦𐑩	ælstrɪmiːri+ə	NN1	RSSB	89	shave_says:[𐑭𐑤𐑕𐑑𐑮𐑴𐑩𐑥𐑽𐑦𐑩 / 𐑭𐑤𐑕𐑑𐑮𐑴𐑩𐑥𐑼𐑦𐑩]
alt	𐑷𐑤𐑑	ɔlt	NN1	RSSB	89	shave_says:[𐑭𐑤𐑑 / 𐑱𐑤𐑧𐑓𐑑𐑧𐑯𐑩𐑯𐑑]
altaic	𐑨𐑤𐑑𐑱𐑦𐑒	ælˈteɪɪk	AJ0	RSSB	89	shave_says:𐑱𐑤𐑧𐑓𐑑𐑧𐑯𐑩𐑯𐑑𐑱𐑦𐑒
alterative	𐑪𐑤𐑑𐑮𐑩𐑑𐑦𐑝	ɒltrətɪv	AJ0	RSSB	89	shave_says:[𐑷𐑤𐑑𐑼𐑩𐑑𐑦𐑝 / 𐑷𐑤𐑑𐑼𐑱𐑑𐑦𐑝 / 𐑷𐑤𐑑𐑼𐑨𐑑𐑦𐑝 / 𐑭𐑤𐑑𐑺𐑩𐑑𐑦𐑝 / 𐑱𐑤𐑧𐑓𐑑𐑧𐑯𐑩𐑯𐑑𐑼𐑩𐑑𐑦𐑝]
alterative	𐑪𐑤𐑑𐑼𐑲𐑑𐑦𐑝	ˈɒltəRˌaɪtɪv	AJ0	GenAm	89	shave_says:[𐑷𐑤𐑑𐑼𐑩𐑑𐑦𐑝 / 𐑷𐑤𐑑𐑼𐑱𐑑𐑦𐑝 / 𐑷𐑤𐑑𐑼𐑨𐑑𐑦𐑝 / 𐑭𐑤𐑑𐑺𐑩𐑑𐑦𐑝 / 𐑱𐑤𐑧𐑓𐑑𐑧𐑯𐑩𐑯𐑑𐑼𐑩𐑑𐑦𐑝]
altricial	𐑩𐑤𐑑𐑮𐑦𐑖𐑩𐑤	əltrɪʃəl	AJ0	RSSB	89	shave_says:𐑭𐑤𐑑𐑮𐑲𐑕𐑦𐑩𐑤
alumina	𐑩𐑤𐑵𐑥𐑦𐑯𐑩	əˈluːmɪnə	NN1	RSSB	89	shave_says:𐑨𐑤𐑫𐑥𐑦𐑯𐑩
alveolus	𐑨𐑤𐑝𐑦𐑴𐑤𐑩𐑕	ˌalviˈəʊləs	NN1	RSSB	89	shave_says:[𐑨𐑤𐑝𐑴𐑤𐑩𐑕 / 𐑨𐑤𐑝𐑩𐑤𐑩𐑕 / 𐑨𐑤𐑝𐑴𐑤𐑵𐑟]
alveolus	𐑨𐑤𐑝𐑰𐑩𐑤𐑩𐑕	ælˈviː+ələs	NN1	GenAm	89	shave_says:[𐑨𐑤𐑝𐑴𐑤𐑩𐑕 / 𐑨𐑤𐑝𐑩𐑤𐑩𐑕 / 𐑨𐑤𐑝𐑴𐑤𐑵𐑟]
alvine	𐑨𐑤𐑝𐑦𐑯	ælvɪn	AJ0	RSSB	89	shave_says:[𐑭𐑤𐑝𐑲𐑯 / 𐑨𐑤𐑝𐑰𐑯]
amanita	𐑨𐑥𐑩𐑯𐑲𐑑𐑩	ˌæməˈnaɪtə	NN1	RSSB	89	shave_says:𐑭𐑥𐑩𐑯𐑰𐑑𐑩
amaranth	𐑨𐑥𐑼𐑨𐑯𐑔	ˈæməˌrænθ	NN1	GenAm	89	shave_says:𐑨𐑥𐑸𐑨𐑯𐑔
amaranthine	𐑨𐑥𐑼𐑨𐑯𐑔𐑦𐑯	æmərænθɪn	AJ0	RSSB	89	shave_says:[𐑨𐑥𐑸𐑨𐑯𐑔𐑰𐑯 / 𐑱𐑥𐑺𐑩𐑯𐑔𐑰𐑯]
ambages	𐑨𐑥𐑚𐑦𐑡𐑩𐑟	ˈambɪdʒƏz	NN1	RSSB	89	shave_says:𐑱𐑧𐑥𐑚𐑰𐑦𐑡𐑩𐑟
ambagious	𐑨𐑥𐑚𐑱𐑡𐑩𐑕	æmˈbeɪdʒəs	AJ0	RSSB	89	
ambiversion	𐑨𐑥𐑚𐑦𐑝𐑻𐑖𐑯	æmbɪvɜːRʃn	NN1	RSSB	89	
ambiversion	𐑨𐑥𐑚𐑩𐑝𐑼𐑖𐑩𐑯	ˌæmbəˈvəRʃən	NN1	GenAm	89	
ambler	𐑨𐑥𐑚𐑤𐑼	ˈæmbləR	NN1	GenAm	89	shave_says:𐑨𐑥𐑚𐑩𐑤𐑼
amblyopia	𐑨𐑥𐑚𐑤𐑾𐑫𐑐𐑾	æmblɪˈəʊpɪə	NN1	RSSB	89	shave_says:[𐑨𐑥𐑚𐑩𐑤𐑦𐑴𐑐𐑦𐑩 / 𐑨𐑥𐑚𐑩𐑤𐑦𐑩𐑐𐑦𐑩 / 𐑱𐑧𐑥𐑚𐑰𐑤𐑦𐑴𐑐𐑦𐑩]
amblyopic	𐑨𐑥𐑚𐑤𐑰𐑪𐑐𐑦𐑒	æmbliːɒpɪk	AJ0	RSSB	89	shave_says:[𐑨𐑥𐑚𐑩𐑤𐑦𐑪𐑐𐑦𐑒 / 𐑨𐑥𐑚𐑩𐑤𐑦𐑴𐑐𐑦𐑒 / 𐑱𐑧𐑥𐑚𐑰𐑤𐑦𐑪𐑐𐑦𐑒]
ambrosial	𐑨𐑥𐑚𐑮𐑴𐑠𐑩𐑤	æmˈbroʊʒəl	AJ0	GenAm	89	shave_says:𐑨𐑥𐑚𐑮𐑴𐑟𐑾𐑤
ambulatory	𐑨𐑥𐑚𐑘𐑩𐑤𐑩𐑑𐑷𐑮𐑦	ambjələtɔri	AJ0	RSSB	89	shave_says:[𐑨𐑥𐑚𐑘𐑩𐑤𐑱𐑑𐑼𐑦 / 𐑱𐑧𐑥𐑚𐑰𐑿𐑤𐑩𐑑𐑼𐑦]
amentia	𐑱𐑥𐑧𐑯𐑖𐑩	eɪˈmenʃə	NN1	RSSB	89	shave_says:[𐑭𐑥𐑧𐑯𐑑𐑦𐑩 / 𐑱𐑥𐑧𐑯𐑑𐑦𐑩]
amerce	𐑩𐑥𐑻𐑕	əˈmɜːRs	VVI	GenAm	89	shave_says:𐑱𐑥𐑻𐑕
americana	𐑩𐑥𐑧𐑮𐑦𐑒𐑨𐑯𐑩	əmerɪkænə	NN1	RSSB	89	shave_says:𐑩𐑥𐑧𐑮𐑦𐑒𐑭𐑯𐑩
americanness	𐑩𐑥𐑧𐑮𐑦𐑒𐑩𐑯𐑩𐑕	əmerɪkənəs	NN1	RSSB	89	shave_says:[𐑩𐑥𐑧𐑮𐑦𐑒𐑩𐑯𐑯𐑩𐑕 / 𐑩𐑥𐑧𐑮𐑦𐑒𐑨𐑯𐑯𐑩𐑕 / 𐑱𐑥𐑽𐑦𐑒𐑩𐑯𐑯𐑩𐑕]
amethopterin	𐑨𐑥𐑩𐑔𐑪𐑐𐑑𐑼𐑦𐑯	ˌæməˈθɒptərɪn	NN1	GenAm	89	shave_says:[𐑱𐑥𐑧𐑔𐑪𐑐𐑑𐑼𐑦𐑯 / 𐑨𐑥𐑩𐑑𐑣𐑪𐑐𐑑𐑼𐑦𐑯]
amide	𐑨𐑥𐑲𐑛	ˈæmaɪd	NN1	GenAm	89	shave_says:𐑩𐑥𐑲𐑛
amiodarone	𐑩𐑥𐑰𐑩𐑛𐑼𐑴𐑯	əˈmiː+ədəˌroʊn	NN1	GenAm	89	shave_says:𐑱𐑥𐑦𐑴𐑛𐑸𐑢𐑳𐑯
amitriptyline	𐑨𐑥𐑦𐑑𐑮𐑦𐑐𐑑𐑦𐑤𐑰𐑯	æmɪˈtrɪptɪliːn	NN1	RSSB	89	shave_says:𐑨𐑥𐑦𐑑𐑮𐑦𐑐𐑑𐑩𐑤𐑰𐑯
ammonal	𐑨𐑥𐑩𐑯𐑨𐑤	ˈamənal	NN1	RSSB	89	shave_says:𐑩𐑥𐑴𐑯𐑩𐑤
amniocentesis	𐑨𐑥𐑯𐑾𐑕𐑧𐑯𐑑𐑰𐑕𐑦𐑕	ˌamnɪəsenˈtiːsɪs	NN1	RSSB	89	shave_says:𐑨𐑥𐑯𐑦𐑴𐑕𐑧𐑯𐑑𐑰𐑕𐑦𐑕
amnion	𐑨𐑥𐑯𐑦𐑪𐑯	ˈæmnɪɒn	NN1	RSSB	89	
amnion	𐑨𐑥𐑯𐑦𐑭𐑯	ˈæmnɪɑːn	NN1	GenAm	89	
amniote	𐑨𐑥𐑯𐑦𐑴𐑑	ˈamnɪ+əʊt	NN1	RSSB	89	
amniotic	𐑨𐑥𐑯𐑦𐑪𐑑𐑦𐑒	æmniˈɒtɪk	AJ0	RSSB	89	shave_says:𐑱𐑥𐑯𐑦𐑩𐑑𐑦𐑒
amniotic	𐑨𐑥𐑯𐑦𐑭𐑑𐑦𐑒	æmniˈɑːtɪk	AJ0	GenAm	89	shave_says:𐑱𐑥𐑯𐑦𐑩𐑑𐑦𐑒
amobarbital	𐑨𐑥𐑴𐑚𐑸𐑚𐑩𐑑𐑪𐑤	ˌæmoʊˈbɑːRbəˌtɒl	NN1	GenAm	89	shave_says:𐑱𐑥𐑴𐑚𐑸𐑚𐑰𐑑𐑩𐑤
amorally	𐑱𐑥𐑹𐑩𐑤𐑦	eɪˈmɔːRəli	AV0	GenAm	89	shave_says:𐑱𐑥𐑪𐑮𐑩𐑤𐑦
amoxicillin	𐑩𐑥𐑪𐑒𐑕𐑦𐑕𐑦𐑤𐑦𐑯	əˌmɒksɪˈsɪlɪn	NN1	GenAm	89	shave_says:𐑱𐑥𐑪𐑒𐑕𐑦𐑕𐑦𐑤𐑦𐑯
amphibrach	𐑨𐑥𐑓𐑦𐑚𐑮𐑨𐑒	ˈamfɪbrak	NN1	RSSB	89	shave_says:[𐑨𐑥𐑓𐑦𐑚𐑮𐑭𐑒 / 𐑨𐑥𐑓𐑦𐑚𐑮𐑩𐑗]
amphigory	𐑨𐑥𐑓𐑦𐑜𐑷𐑮𐑦	ˈæmfɪɡɔri	NN1	RSSB	89	shave_says:[𐑨𐑥𐑓𐑦𐑜𐑹𐑦 / 𐑱𐑧𐑥𐑐𐑰𐑱𐑗𐑦𐑜𐑹𐑦 / 𐑨𐑥𐑓𐑦𐑜𐑼𐑦]
amphisbaena	𐑨𐑥𐑓𐑦𐑕𐑚𐑰𐑯𐑩	æmfɪsˈbiːnə	NN1	RSSB	89	
ampulla	𐑨𐑥𐑐𐑫𐑤𐑩	æmˈpʊlə	NN1	RSSB	89	shave_says:𐑨𐑥𐑐𐑿𐑤𐑩
amrinone	𐑨𐑥𐑮𐑩𐑯𐑴𐑯	ˈæmrəˌnoʊn	NN1	GenAm	89	shave_says:𐑱𐑥𐑼𐑦𐑯𐑢𐑳𐑯
anabaptism	𐑨𐑯𐑩𐑚𐑨𐑐𐑑𐑦𐑟𐑥	ænəˈbæptɪzm	NN1	RSSB	89	shave_says:𐑨𐑯𐑩𐑚𐑨𐑐𐑑𐑦𐑟𐑩𐑥
anabolism	𐑩𐑯𐑨𐑚𐑩𐑤𐑦𐑟𐑩𐑥	əˈnæbəˌlɪzəm	NN1	RSSB	89	shave_says:𐑩𐑥𐑨𐑚𐑩𐑤𐑦𐑟𐑩𐑥
anachronistically	𐑩𐑯𐑨𐑒𐑮𐑩𐑯𐑦𐑕𐑑𐑦𐑒𐑤𐑦	ənækrənɪstɪkli	AV0	RSSB	89	shave_says:𐑩𐑯𐑨𐑒𐑮𐑩𐑯𐑦𐑕𐑑𐑦𐑒𐑩𐑤𐑦
anaclisis	𐑨𐑯𐑩𐑒𐑤𐑲𐑕𐑦𐑕	ˌænəˈklaɪsɪs	NN1	RSSB	89	shave_says:[𐑩𐑯𐑩𐑒𐑩𐑤𐑲𐑟𐑦𐑕 / 𐑩𐑯𐑩𐑒𐑩𐑤𐑦𐑕𐑦𐑕 / 𐑨𐑯𐑩𐑒𐑤𐑲𐑟𐑦𐑕 / 𐑩𐑯𐑩𐑒𐑩𐑤𐑲𐑟𐑦𐑟 / 𐑱𐑯𐑭𐑒𐑤𐑲𐑟𐑦𐑕]
anadromous	𐑩𐑯𐑨𐑛𐑮𐑩𐑥𐑩𐑕	əˈnædrəməs	AJ0	GenAm	89	shave_says:[𐑭𐑯𐑩𐑛𐑮𐑴𐑥𐑩𐑕 / 𐑨𐑯𐑩𐑛𐑮𐑴𐑥𐑩𐑕 / 𐑨𐑯𐑨𐑛𐑮𐑴𐑥𐑩𐑕 / 𐑭𐑯𐑩𐑛𐑮𐑴𐑥𐑴𐑩𐑕 / 𐑱𐑯𐑭𐑛𐑮𐑴𐑥𐑩𐑕]
anagoge	𐑨𐑯𐑩𐑜𐑴𐑡𐑦	anəˈɡəʊdʒi	NN1	RSSB	89	shave_says:[𐑭𐑯𐑩𐑜𐑪𐑡 / 𐑱𐑯𐑭𐑜𐑪𐑡]
analphabet	𐑨𐑯𐑨𐑤𐑓𐑩𐑚𐑧𐑑	ˌæˈnælfəbet	NN1	GenAm	89	shave_says:𐑩𐑯𐑨𐑤𐑓𐑩𐑚𐑩𐑑
anamnesis	𐑨𐑯𐑨𐑥𐑯𐑰𐑕𐑦𐑕	ˌænæmˈniːsɪs	NN1	RSSB	89	shave_says:[𐑭𐑯𐑭𐑥𐑯𐑰𐑕𐑦𐑕 / 𐑨𐑯𐑨𐑥𐑯𐑰𐑟𐑦𐑕 / 𐑨𐑯𐑩𐑥𐑯𐑰𐑕𐑦𐑕 / 𐑱𐑯𐑨𐑥𐑯𐑰𐑕𐑦𐑕 / 𐑭𐑯𐑭𐑥𐑯𐑰𐑟𐑦𐑕]
ananas	𐑩𐑯𐑱𐑯𐑩𐑕	əˈneɪnəs	NN1	RSSB	89	shave_says:[𐑨𐑯𐑭𐑯𐑩𐑟 / 𐑭𐑯𐑭𐑯𐑩𐑟 / 𐑱𐑯𐑨𐑯𐑩𐑟]
anaphor	𐑨𐑯𐑩𐑓𐑼	ænəfəR	NN1	RSSB	89	shave_says:𐑨𐑯𐑨𐑓𐑼
anastomose	𐑩𐑯𐑨𐑕𐑑𐑩𐑥𐑴𐑟	əˈnæstəˌmoʊz	VVI	GenAm	89	shave_says:[𐑨𐑯𐑩𐑕𐑑𐑴𐑥𐑴𐑕 / 𐑱𐑯𐑨𐑕𐑑𐑩𐑥𐑴𐑕 / 𐑩𐑯𐑨𐑕𐑑𐑩𐑥𐑴𐑕 / 𐑨𐑯𐑨𐑕𐑑𐑩𐑥𐑴𐑕]
anatolian	𐑨𐑯𐑩𐑑𐑴𐑤𐑾𐑯	anəˈtəʊlɪən	NN1	RSSB	89	shave_says:[𐑭𐑯𐑩𐑑𐑴𐑤𐑦𐑩𐑯 / 𐑱𐑯𐑱𐑑𐑴𐑤𐑦𐑩𐑯 / 𐑨𐑯𐑨𐑑𐑪𐑤𐑦𐑩𐑯 / 𐑨𐑯𐑩𐑑𐑴𐑤𐑦𐑩𐑯]
anatomic	𐑨𐑯𐑨𐑑𐑪𐑥𐑦𐑒	ˈænætɒmɪk	AJ0	RSSB	89	shave_says:𐑨𐑯𐑩𐑑𐑪𐑥𐑦𐑒
andean	𐑨𐑯𐑛𐑰𐑩𐑯	ænˈdiːən	AJ0	RSSB	89	shave_says:[𐑨𐑯𐑛𐑩𐑯 / 𐑨𐑯𐑛𐑰𐑯]
androgyne	𐑨𐑯𐑛𐑮𐑩𐑡𐑲𐑯	ændrədʒaɪn	NN1	RSSB	89	shave_says:𐑨𐑯𐑛𐑮𐑴𐑜𐑲𐑯𐑩
androgynous	𐑨𐑯𐑛𐑮𐑪𐑡𐑦𐑯𐑩𐑕	ændrɒdʒɪnəs	AJ0	RSSB	89	shave_says:𐑨𐑯𐑛𐑮𐑪𐑡𐑩𐑯𐑩𐑕
anemia	𐑩𐑯𐑰𐑥𐑦𐑩	əˈniːmi+ə	NN1	GenAm	89	shave_says:𐑩𐑯𐑰𐑥𐑾
anemic	𐑳𐑯𐑦𐑥𐑦𐑒	ʌˈnimɪk	AJ0	RSSB	89	shave_says:𐑩𐑯𐑰𐑥𐑦𐑒
anencephaly	𐑨𐑯𐑦𐑯𐑕𐑧𐑓𐑩𐑤𐑦	ænɪnˈsefəlɪ	NN1	RSSB	89	shave_says:[𐑨𐑯𐑧𐑯𐑒𐑧𐑓𐑩𐑤𐑦 / 𐑱𐑯𐑧𐑯𐑕𐑓𐑩𐑤𐑦]
anfractuous	𐑨𐑯𐑓𐑮𐑨𐑒𐑑𐑘𐑫𐑩𐑕	ænfræktjʊəs	AJ0	RSSB	89	
angiogenesis	𐑨𐑯𐑡𐑾𐑡𐑧𐑯𐑦𐑕𐑦𐑕	andʒɪəˈdʒenɪsɪs	NN1	RSSB	89	shave_says:[𐑨𐑯𐑡𐑦𐑴𐑡𐑧𐑯𐑩𐑕𐑦𐑕 / 𐑨𐑯𐑡𐑴𐑡𐑧𐑯𐑩𐑕𐑦𐑕 / 𐑨𐑯𐑡𐑦𐑩𐑡𐑩𐑯𐑰𐑕𐑦𐑕 / 𐑨𐑯𐑡𐑦𐑴𐑡𐑰𐑯𐑟𐑦𐑕 / 𐑨𐑯𐑡𐑦𐑩𐑡𐑩𐑯𐑰𐑟𐑦𐑕]
angiotensin	𐑨𐑯𐑡𐑾𐑫𐑑𐑧𐑯𐑕𐑦𐑯	ændʒɪəʊˈtensɪn	NN1	RSSB	89	shave_says:[𐑨𐑯𐑡𐑦𐑴𐑑𐑧𐑯𐑕𐑦𐑯 / 𐑨𐑯𐑡𐑴𐑑𐑩𐑯𐑟𐑦𐑯 / 𐑨𐑯𐑡𐑦𐑩𐑑𐑩𐑯𐑟𐑦𐑯 / 𐑱𐑦𐑙𐑦𐑩𐑑𐑩𐑯𐑟𐑦𐑯]
anglo-norman	𐑨𐑙𐑜𐑤𐑴𐑯𐑹𐑥𐑩𐑯	æŋɡloʊnɔːrmən	NN1	GenAm	89	shave_says:𐑨𐑙𐑜𐑤𐑴-𐑯𐑹𐑥𐑩𐑯
anglophilia	𐑨𐑙𐑜𐑤𐑴𐑓𐑦𐑤𐑦𐑩	ˌæŋɡləʊˈfɪli+ə	NN1	RSSB	89	shave_says:𐑨𐑙𐑜𐑤𐑩𐑓𐑲𐑤𐑦𐑩
anglophilic	𐑨𐑙𐑜𐑤𐑩𐑓𐑦𐑤𐑦𐑒	ˌæŋɡləˈfɪlɪk	AJ0	RSSB	89	shave_says:𐑨𐑙𐑜𐑤𐑩𐑓𐑲𐑤𐑦𐑒
anguine	𐑨𐑙𐑜𐑢𐑦𐑯	ˈæŋɡwɪn	AJ0	RSSB	89	shave_says:𐑨𐑙𐑵𐑰𐑯
anhedonia	𐑨𐑯𐑣𐑦𐑛𐑴𐑯𐑾	ˌanhɪˈdəʊnɪə	NN1	RSSB	89	shave_says:𐑩𐑯𐑣𐑰𐑛𐑪𐑯𐑦𐑩
anhedonia	𐑨𐑯𐑣𐑦𐑛𐑴𐑯𐑦𐑩	ˌænhiˈdoʊni+ə	NN1	GenAm	89	shave_says:𐑩𐑯𐑣𐑰𐑛𐑪𐑯𐑦𐑩
anile	𐑨𐑯𐑲𐑤	ˈænaɪl	AJ0	RSSB	89	shave_says:𐑱𐑯𐑲𐑤
anjou	𐑪𐑯𐑠𐑵	ˈɒnʒuː	NN1	RSSB	89	shave_says:𐑭𐑯𐑠𐑵
anklebone	𐑨𐑙𐑒𐑤𐑚𐑴𐑯	ˈaŋklbəʊn	NN1	RSSB	89	shave_says:[𐑨𐑙𐑒𐑩𐑤𐑚𐑴𐑯 / 𐑨𐑙𐑒𐑩𐑤𐑚𐑢𐑳𐑯 / 𐑨𐑯𐑒𐑤𐑧𐑚𐑢𐑳𐑯]
ankylosaurus	𐑨𐑙𐑒𐑩𐑤𐑴𐑕𐑹𐑩𐑕	ˌæŋkəloʊˈsɔːrəs	NN1	GenAm	89	shave_says:𐑨𐑙𐑒𐑦𐑤𐑩𐑕𐑹𐑩𐑕
annoyingly	𐑳𐑯𐑶𐑘𐑦𐑙𐑤𐑦	ʌˈnɔɪjɪŋli	AV0	RSSB	89	shave_says:𐑩𐑯𐑶𐑦𐑙𐑤𐑦
anoa	𐑩𐑯𐑴𐑩	əˈnoʊə	NN1	GenAm	89	
anole	𐑩𐑯𐑴𐑤𐑦	əˈnoʊli	NN1	GenAm	89	shave_says:𐑱𐑯𐑴𐑤
anomia	𐑩𐑯𐑴𐑥𐑦𐑩	əˈnəʊmi+ə	NN1	RSSB	89	shave_says:[𐑨𐑯𐑴𐑥𐑦𐑩 / 𐑱𐑯𐑴𐑥𐑦𐑩]
anorectic	𐑨𐑯𐑼𐑧𐑒𐑑𐑦𐑒	ænərektɪk	AJ0	RSSB	89	shave_says:[𐑨𐑯𐑴𐑮𐑧𐑒𐑑𐑦𐑒 / 𐑨𐑯𐑹𐑧𐑒𐑑𐑦𐑒 / 𐑱𐑯𐑹𐑧𐑒𐑑𐑦𐑒 / 𐑩𐑯𐑼𐑧𐑒𐑑𐑦𐑒]
anosmatic	𐑨𐑯𐑪𐑟𐑥𐑨𐑑𐑦𐑒	ˌænɒzˈmætɪk	AJ0	RSSB	89	shave_says:[𐑭𐑯𐑘𐑴𐑕𐑥𐑱𐑑𐑦𐑒 / 𐑭𐑯𐑘𐑴𐑕𐑥𐑨𐑑𐑦𐑒 / 𐑨𐑯𐑴𐑕𐑥𐑨𐑑𐑦𐑒 / 𐑨𐑯𐑪𐑟𐑩𐑥𐑨𐑑𐑦𐑒 / 𐑱𐑯𐑴𐑟𐑥𐑱𐑑𐑦𐑒]
anosmia	𐑨𐑯𐑭𐑟𐑥𐑰𐑩	æˈnɑːzmiːə	NN1	GenAm	89	shave_says:𐑨𐑯𐑪𐑟𐑩𐑥𐑦𐑩
anosmic	𐑨𐑯𐑪𐑟𐑥𐑦𐑒	æˈnɒzmɪk	AJ0	RSSB	89	shave_says:[𐑨𐑯𐑴𐑕𐑥𐑦𐑒 / 𐑨𐑯𐑪𐑟𐑩𐑥𐑦𐑒]
ans	𐑨𐑯𐑟	ˈænz	NN1	GenAm	89	shave_says:𐑩𐑯𐑟
answerer	𐑨𐑯𐑕𐑼𐑼	ˈænsərər	NN1	GenAm	89	shave_says:𐑭𐑯𐑕𐑼𐑼
antediluvial	𐑨𐑯𐑑𐑦𐑛𐑦𐑤𐑵𐑝𐑾𐑤	ˌantɪdɪˈluːvɪəl	AJ0	RSSB	89	shave_says:𐑨𐑯𐑑𐑦𐑛𐑦𐑤𐑵𐑝𐑦𐑩𐑤
antepenult	𐑨𐑯𐑑𐑦𐑐𐑦𐑯𐑳𐑤𐑑	ˌantɪpɪˈnʌlt	NN1	RSSB	89	shave_says:𐑨𐑯𐑑𐑦𐑐𐑩𐑯𐑵𐑤𐑑
anthologist	𐑨𐑯𐑔𐑪𐑤𐑩𐑡𐑦𐑕𐑑	ænˈθɒlədʒɪst	NN1	RSSB	89	shave_says:[𐑨𐑯𐑔𐑰𐑪𐑤𐑩𐑡𐑦𐑕𐑑 / 𐑨𐑯𐑔𐑰𐑩𐑤𐑪𐑜𐑦𐑕𐑑 / 𐑱𐑧𐑯𐑔𐑪𐑤𐑩𐑡𐑦𐑕𐑑 / 𐑨𐑯𐑞𐑪𐑤𐑩𐑡𐑦𐑕𐑑]
anthologize	𐑨𐑯𐑔𐑪𐑤𐑩𐑡𐑲𐑟	ænˈθɒlədʒaɪz	VVI	RSSB	89	shave_says:[𐑨𐑯𐑔𐑰𐑪𐑤𐑩𐑡𐑲𐑟 / 𐑨𐑯𐑔𐑰𐑩𐑤𐑪𐑜𐑲𐑟 / 𐑱𐑧𐑯𐑔𐑪𐑤𐑩𐑡𐑲𐑟 / 𐑨𐑯𐑞𐑪𐑤𐑩𐑡𐑲𐑟]
anthozoan	𐑨𐑯𐑔𐑩𐑟𐑴𐑩𐑯	anθəˈzəʊən	NN1	RSSB	89	shave_says:[𐑨𐑯𐑔𐑰𐑩𐑟𐑴𐑩𐑯 / 𐑱𐑧𐑯𐑔𐑩𐑟𐑴𐑩𐑯 / 𐑨𐑯𐑔𐑰𐑴𐑟𐑴𐑩𐑯 / 𐑨𐑯𐑞𐑩𐑟𐑴𐑩𐑯]
anthropocentrism	𐑨𐑯𐑔𐑮𐑩𐑐𐑴𐑕𐑧𐑯𐑑𐑮𐑦𐑟𐑥	ænθrəpoʊsentrɪzm	NN1	RSSB	89	shave_says:[𐑨𐑯𐑔𐑮𐑪𐑐𐑩𐑕𐑧𐑯𐑑𐑮𐑦𐑟𐑩𐑥 / 𐑨𐑯𐑔𐑮𐑩𐑐𐑴𐑕𐑧𐑯𐑑𐑮𐑦𐑟𐑩𐑥]
anthropometry	𐑨𐑯𐑔𐑮𐑩𐑐𐑪𐑥𐑦𐑑𐑮𐑦	ænθrəpɒmɪtrɪ	NN1	RSSB	89	shave_says:[𐑨𐑯𐑔𐑮𐑪𐑐𐑩𐑥𐑧𐑑𐑮𐑦 / 𐑨𐑯𐑔𐑮𐑩𐑐𐑴𐑥𐑧𐑑𐑮𐑦 / 𐑨𐑯𐑔𐑮𐑩𐑐𐑩𐑥𐑩𐑑𐑮𐑦 / 𐑱𐑧𐑯𐑔𐑮𐑴𐑐𐑩𐑥𐑩𐑑𐑮𐑦]
anthropomorphism	𐑨𐑯𐑔𐑮𐑩𐑐𐑩𐑥𐑹𐑓𐑦𐑟𐑩𐑥	ˌænθrəpəˈmɔːRfɪzəm	NN1	GenAm	89	shave_says:[𐑨𐑯𐑔𐑮𐑪𐑐𐑩𐑥𐑹𐑓𐑦𐑟𐑩𐑥 / 𐑨𐑯𐑔𐑮𐑩𐑐𐑴𐑥𐑹𐑓𐑦𐑟𐑩𐑥 / 𐑱𐑧𐑯𐑔𐑮𐑴𐑐𐑩𐑥𐑼𐑓𐑦𐑟𐑩𐑥]
anthroposophy	𐑨𐑯𐑔𐑮𐑩𐑐𐑪𐑕𐑩𐑓𐑦	ˌænθrəˈpɒsəfi	NN1	GenAm	89	shave_says:[𐑨𐑯𐑔𐑮𐑪𐑐𐑩𐑕𐑴𐑓𐑦 / 𐑨𐑯𐑔𐑮𐑩𐑐𐑴𐑕𐑴𐑓𐑦]
antialiasing	𐑨𐑯𐑑𐑦𐑱𐑤𐑦𐑩𐑕𐑦𐑙	ˈæntiˈeɪli+əsɪŋ	NN1	RSSB	89	shave_says:[𐑨𐑯𐑑𐑦𐑱𐑤𐑾𐑕𐑦𐑙 / 𐑨𐑯𐑑𐑦𐑭𐑤𐑦𐑩𐑟𐑦𐑙 / 𐑨𐑯𐑑𐑦𐑩𐑤𐑦𐑱𐑕𐑦𐑙 / 𐑨𐑯𐑑𐑲𐑭𐑤𐑦𐑩𐑟𐑦𐑙 / 𐑱𐑧𐑯𐑑𐑰𐑦𐑩𐑤𐑦𐑱𐑕𐑦𐑙]
antihero	𐑨𐑯𐑑𐑲𐑣𐑦𐑮𐑴	ˈænˌtaɪhiroʊ	NN1	GenAm	89	shave_says:[𐑨𐑯𐑑𐑦𐑣𐑽𐑴 / 𐑨𐑯𐑑𐑦𐑧𐑮𐑴 / 𐑨𐑯𐑑𐑦𐑼𐑴 / 𐑱𐑧𐑯𐑑𐑰𐑦𐑧𐑮𐑴]
antineoplastic	𐑨𐑯𐑑𐑲𐑯𐑦𐑩𐑐𐑤𐑨𐑕𐑑𐑦𐑒	æntaɪni+əplæstɪk	AJ0	RSSB	89	shave_says:[𐑨𐑯𐑑𐑦𐑯𐑰𐑴𐑐𐑤𐑨𐑕𐑑𐑦𐑒 / 𐑨𐑯𐑑𐑲𐑯𐑴𐑐𐑤𐑭𐑕𐑑𐑦𐑒 / 𐑨𐑯𐑑𐑦𐑯𐑱𐑴𐑐𐑤𐑭𐑕𐑑𐑦𐑒 / 𐑱𐑧𐑯𐑑𐑰𐑦𐑯𐑱𐑴𐑐𐑤𐑭𐑕𐑑𐑦𐑒]
antinomy	𐑨𐑯𐑑𐑦𐑯𐑩𐑥𐑦	ænˈtɪnəmi	NN1	RSSB	89	shave_says:[𐑨𐑯𐑑𐑦𐑯𐑴𐑥𐑦 / 𐑨𐑯𐑑𐑰𐑯𐑴𐑥𐑦 / 𐑨𐑯𐑑𐑲𐑯𐑩𐑥𐑦]
antipodal	𐑨𐑯𐑑𐑦𐑐𐑩𐑛𐑩𐑤	ænˈtɪpədəl	AJ0	RSSB	89	shave_says:[𐑭𐑯𐑑𐑦𐑐𐑴𐑛𐑩𐑤 / 𐑭𐑯𐑑𐑦𐑐𐑪𐑛𐑩𐑤 / 𐑨𐑯𐑑𐑦𐑐𐑴𐑛𐑩𐑤 / 𐑱𐑧𐑯𐑑𐑰𐑲𐑐𐑴𐑛𐑩𐑤]
antipodean	𐑨𐑯𐑑𐑦𐑐𐑴𐑛𐑦𐑩𐑯	ˈæntɪpəʊˌdi+ən	AJ0	RSSB	89	shave_says:[𐑭𐑯𐑑𐑦𐑐𐑴𐑛𐑩𐑯 / 𐑨𐑯𐑑𐑦𐑐𐑴𐑛𐑩𐑯 / 𐑱𐑧𐑯𐑑𐑰𐑲𐑐𐑴𐑛𐑩𐑯]
antipollution	𐑨𐑯𐑑𐑲𐑐𐑩𐑤𐑵𐑖𐑩𐑯	æntaɪpəˈluːʃən	AJ0	RSSB	89	shave_says:𐑨𐑯𐑑𐑦𐑐𐑩𐑤𐑵𐑖𐑩𐑯
antonymous	𐑨𐑯𐑑𐑪𐑯𐑦𐑥𐑩𐑕	ænˈtɒnɪməs	AJ0	GenAm	89	shave_says:𐑨𐑯𐑑𐑩𐑯𐑦𐑥𐑩𐑕
anuran	𐑩𐑯𐑘𐑫𐑼𐑯	ənjʊərn	AJ0	RSSB	89	shave_says:[𐑱𐑯𐑻𐑩𐑯 / 𐑨𐑯𐑘𐑫𐑼𐑩𐑯]
anuran	𐑩𐑯𐑫𐑮𐑩𐑯	əˈnʊrən	AJ0	GenAm	89	shave_says:[𐑱𐑯𐑻𐑩𐑯 / 𐑨𐑯𐑘𐑫𐑼𐑩𐑯]
anxiolytic	𐑨𐑙𐑒𐑕𐑾𐑤𐑦𐑑𐑦𐑒	ˌæŋksiəˈlɪtɪk	AJ0	RSSB	89	shave_says:𐑨𐑯𐑖𐑰𐑩𐑤𐑦𐑑𐑦𐑒
aorist	𐑱𐑼𐑦𐑕𐑑	eɪ+ərɪst	NN1	RSSB	89	shave_says:𐑱𐑹𐑦𐑕𐑑
aphaeretic	𐑨𐑓𐑦𐑮𐑧𐑑𐑦𐑒	æfɪˈretɪk	AJ0	RSSB	89	
aphanitic	𐑨𐑓𐑩𐑯𐑦𐑑𐑦𐑒	æfəˈnɪtɪk	AJ0	RSSB	89	shave_says:[𐑱𐑓𐑭𐑯𐑦𐑑𐑦𐑒 / 𐑨𐑐𐑣𐑨𐑯𐑦𐑑𐑦𐑒 / 𐑨𐑐𐑣𐑨𐑯𐑲𐑑𐑦𐑒]
aphasic	𐑩𐑓𐑱𐑟𐑩𐑒	əˈfeɪzək	AJ0	RSSB	89	shave_says:𐑩𐑓𐑱𐑟𐑦𐑒
aphelion	𐑩𐑓𐑰𐑤𐑾𐑯	əˈfiːlɪən	NN1	RSSB	89	shave_says:[𐑨𐑐𐑣𐑰𐑤𐑦𐑩𐑯 / 𐑱𐑓𐑧𐑤𐑧𐑦𐑩𐑯]
apheresis	𐑩𐑓𐑽𐑦𐑕𐑦𐑕	əfɪərɪsɪs	NN1	RSSB	89	shave_says:𐑱𐑓𐑽𐑰𐑕𐑦𐑕
apheresis	𐑩𐑓𐑧𐑮𐑩𐑕𐑦𐑕	əˈferəsɪs	NN1	GenAm	89	shave_says:𐑱𐑓𐑽𐑰𐑕𐑦𐑕
aphesis	𐑨𐑓𐑩𐑕𐑦𐑕	ˈæfəsɪs	NN1	RSSB	89	shave_says:𐑱𐑐𐑰𐑱𐑗𐑰𐑕𐑦𐑕
aphetic	𐑩𐑓𐑧𐑑𐑦𐑒	əˈfetɪk	AJ0	RSSB	89	shave_says:𐑱𐑐𐑰𐑱𐑗𐑧𐑑𐑦𐑒
aphotic	𐑱𐑓𐑴𐑑𐑦𐑒	eɪˈfoʊtɪk	AJ0	GenAm	89	shave_says:𐑱𐑐𐑰𐑱𐑗𐑪𐑑𐑦𐑒
aphrodite	𐑨𐑓𐑮𐑴𐑛𐑲𐑑	ˈæfrəʊdaɪt	NN1	RSSB	89	shave_says:𐑨𐑓𐑮𐑩𐑛𐑲𐑑𐑦
apiarian	𐑱𐑐𐑦𐑺𐑾𐑯	eɪpɪeərɪən	AJ0	RSSB	89	shave_says:𐑱𐑐𐑽𐑦𐑩𐑯
apocope	𐑩𐑐𐑪𐑒𐑩𐑐𐑦	əˈpɒkəpi	NN1	RSSB	89	shave_says:[𐑩𐑐𐑪𐑒𐑴𐑐 / 𐑨𐑐𐑩𐑒𐑴𐑐 / 𐑱𐑐𐑪𐑒𐑴𐑐]
apodictic	𐑨𐑐𐑴𐑛𐑦𐑒𐑑𐑦𐑒	apoʊˈdɪktɪk	AJ0	GenAm	89	shave_says:[𐑨𐑐𐑩𐑛𐑦𐑒𐑑𐑦𐑒 / 𐑱𐑐𐑪𐑛𐑦𐑒𐑑𐑦𐑒 / 𐑱𐑐𐑴𐑛𐑦𐑒𐑑𐑦𐑒]
apogamy	𐑩𐑐𐑪𐑜𐑩𐑥𐑦	əˈpɒɡəmɪ	NN1	RSSB	89	shave_says:[𐑨𐑐𐑩𐑜𐑱𐑥𐑦 / 𐑱𐑐𐑰𐑴𐑜𐑱𐑥𐑦]
apojove	𐑨𐑐𐑩𐑡𐑩𐑫𐑝	ˈæpəˌdʒəuv	NN1	RSSB	89	shave_says:[𐑨𐑐𐑩𐑡𐑴𐑝 / 𐑱𐑐𐑶𐑴𐑝]
aponeurosis	𐑨𐑐𐑩𐑯𐑘𐑼𐑴𐑕𐑦𐑕	apənjərəʊsɪs	NN1	RSSB	89	shave_says:𐑨𐑐𐑩𐑯𐑘𐑫𐑼𐑴𐑕𐑦𐑕
aponeurosis	𐑨𐑐𐑩𐑯𐑫𐑮𐑴𐑕𐑦𐑕	ˌæpənʊˈroʊsɪs	NN1	GenAm	89	shave_says:𐑨𐑐𐑩𐑯𐑘𐑫𐑼𐑴𐑕𐑦𐑕
aponeurotic	𐑨𐑐𐑩𐑯𐑘𐑼𐑪𐑑𐑦𐑒	apənjərɒtɪk	AJ0	RSSB	89	shave_says:𐑨𐑐𐑩𐑯𐑘𐑫𐑼𐑪𐑑𐑦𐑒
aponeurotic	𐑨𐑐𐑩𐑯𐑫𐑮𐑪𐑑𐑦𐑒	ˌæpənʊˈrɒtɪk	AJ0	GenAm	89	shave_says:𐑨𐑐𐑩𐑯𐑘𐑫𐑼𐑪𐑑𐑦𐑒
apophasis	𐑩𐑐𐑪𐑓𐑩𐑕𐑦𐑕	əˈpɒfəsɪs	NN1	RSSB	89	shave_says:[𐑨𐑐𐑩𐑓𐑱𐑟𐑦𐑕 / 𐑱𐑐𐑰𐑴𐑓𐑱𐑕𐑦𐑕]
apophatic	𐑨𐑐𐑩𐑓𐑨𐑑𐑦𐑒	apəˈfatɪk	AJ0	RSSB	89	shave_says:[𐑨𐑐𐑩𐑐𐑰𐑱𐑗𐑨𐑑𐑦𐑒 / 𐑱𐑐𐑰𐑴𐑓𐑨𐑑𐑦𐑒 / 𐑱𐑐𐑪𐑐𐑣𐑱𐑑𐑦𐑒 / 𐑱𐑐𐑪𐑐𐑣𐑨𐑑𐑦𐑒]
apophysis	𐑩𐑐𐑪𐑓𐑦𐑕𐑦𐑕	əˈpɒfɪsɪs	NN1	GenAm	89	shave_says:𐑨𐑐𐑩𐑓𐑦𐑟𐑦𐑕
apoptosis	𐑨𐑐𐑪𐑐𐑑𐑴𐑕𐑦𐑕	ˌapɒpˈtəʊsɪs	NN1	RSSB	89	shave_says:𐑨𐑐𐑩𐑐𐑑𐑴𐑕𐑦𐑕
apoptosis	𐑨𐑐𐑩𐑑𐑴𐑕𐑦𐑕	ˌæpəˈtoʊsɪs	NN1	GenAm	89	shave_says:𐑨𐑐𐑩𐑐𐑑𐑴𐑕𐑦𐑕
aposiopesis	𐑨𐑐𐑩𐑕𐑲𐑩𐑐𐑰𐑕𐑦𐑕	ˌæpəsaɪəˈpiːsɪs	NN1	RSSB	89	shave_says:𐑭𐑐𐑩𐑕𐑲𐑩𐑐𐑰𐑕𐑦𐑕
appalachian	𐑨𐑐𐑩𐑤𐑱𐑖𐑩𐑯	ˌæpəˈleɪʃən	AJ0	GenAm	89	shave_says:𐑨𐑐𐑩𐑤𐑱𐑗𐑩𐑯
appalachians	𐑨𐑐𐑩𐑤𐑱𐑖𐑩𐑯𐑟	ˌæpəˈleɪʃənz	NN1	GenAm	89	shave_says:𐑨𐑐𐑩𐑤𐑱𐑗𐑩𐑯𐑟
appall	𐑩𐑐𐑷𐑤	əˈpɔːl	VVI	RSSB	89	shave_says:[𐑨𐑐𐑷𐑤 / 𐑱𐑐𐑷𐑤]
apparatchik	𐑨𐑐𐑼𐑨𐑗𐑦𐑒	æpəˈrætʃɪk	NN1	GenAm	89	shave_says:[𐑭𐑐𐑸𐑭𐑗𐑦𐑒 / 𐑨𐑐𐑺𐑩𐑗𐑦𐑒]
apperception	𐑨𐑐𐑼𐑕𐑧𐑐𐑖𐑩𐑯	ˌæpəRˈsepʃən	NN1	GenAm	89	shave_says:𐑨𐑐𐑼𐑕𐑧𐑐𐑑𐑦𐑩𐑯
appetence	𐑨𐑐𐑦𐑑𐑩𐑯𐑕	ˈæpɪtəns	NN1	RSSB	89	shave_says:[𐑨𐑐𐑰𐑑𐑩𐑯𐑕 / 𐑨𐑐𐑧𐑑𐑩𐑯𐑕 / 𐑱𐑐𐑰𐑑𐑩𐑯𐑕]
appetent	𐑨𐑐𐑩𐑑𐑩𐑯𐑑	ˈæpətənt	AJ0	RSSB	89	shave_says:𐑨𐑐𐑰𐑑𐑩𐑯𐑑
appetitive	𐑨𐑐𐑐𐑧𐑑𐑲𐑑𐑦𐑝	æpˈpetaɪtɪv	AJ0	RSSB	89	shave_says:𐑨𐑐𐑩𐑑𐑲𐑑𐑦𐑝
appoggiatura	𐑩𐑐𐑪𐑡𐑩𐑑𐑫𐑮𐑩	əpɒdʒətʊrə	NN1	RSSB	89	shave_says:𐑨𐑐𐑪𐑜𐑦𐑩𐑗𐑼𐑩
apraxia	𐑩𐑐𐑮𐑨𐑒𐑕𐑾	əpræksɪə	NN1	RSSB	89	shave_says:𐑱𐑐𐑮𐑩𐑤𐑨𐑒𐑕𐑦𐑩
apteral	𐑨𐑐𐑑𐑼𐑩𐑤	æptərəl	AJ0	RSSB	89	shave_says:𐑨𐑐𐑑𐑧𐑮𐑩𐑤
arachnophobia	𐑨𐑮𐑨𐑒𐑯𐑩𐑓𐑴𐑚𐑦𐑩	æræknəfəʊbɪ+ə	NN1	RSSB	89	shave_says:[𐑼𐑨𐑒𐑯𐑴𐑓𐑴𐑚𐑾 / 𐑼𐑨𐑒𐑯𐑴𐑓𐑴𐑚𐑦𐑩 / 𐑱𐑮𐑨𐑒𐑯𐑴𐑓𐑴𐑚𐑦𐑩]
aramaean	𐑨𐑮𐑩𐑥𐑰𐑩𐑯	ærəmiːən	AJ0	RSSB	89	shave_says:[𐑺𐑩𐑥𐑦𐑩𐑯 / 𐑱𐑮𐑭𐑥𐑩𐑦𐑩𐑯]
aramaic	𐑨𐑮𐑩𐑥𐑧𐑦𐑦𐑒	ærəmeiɪk	AJ0	RSSB	89	shave_says:[𐑺𐑩𐑥𐑱𐑦𐑒 / 𐑺𐑩𐑥𐑩𐑦𐑒 / 𐑱𐑮𐑭𐑥𐑩𐑦𐑒 / 𐑸𐑱𐑥𐑱𐑦𐑒]
arapaho	𐑼𐑨𐑐𐑩𐑣𐑴	əˈræpəhoʊ	NN1	GenAm	89	shave_says:𐑸𐑨𐑐𐑩𐑣𐑴
aras	𐑨𐑮𐑨𐑕	æˈræs	NN1	RSSB	89	shave_says:𐑺𐑩𐑟
araucaria	𐑨𐑮𐑷𐑒𐑺𐑦𐑩	arɔːkeəri+ə	NN1	RSSB	89	shave_says:[𐑺𐑩𐑵𐑒𐑺𐑦𐑩 / 𐑱𐑮𐑬𐑒𐑺𐑦𐑩]
arbitrage	𐑸𐑚𐑦𐑑𐑮𐑪𐑠	ˈɑːRbɪˌtrɒʒ	NN1	GenAm	89	shave_says:𐑸𐑚𐑦𐑑𐑮𐑭𐑠
arbitral	𐑸𐑚𐑦𐑑𐑮𐑩𐑤	ɑːRbɪtrəl	AJ0	RSSB	89	
arboriculture	𐑸𐑚𐑪𐑮𐑦𐑒𐑳𐑤𐑗𐑼	ɑːRbɒrɪkʌltʃəR	NN1	RSSB	89	shave_says:[𐑸𐑚𐑼𐑦𐑒𐑳𐑤𐑗𐑼 / 𐑸𐑚𐑼𐑦𐑒𐑵𐑤𐑗𐑼]
arboriculture	𐑸𐑚𐑹𐑦𐑒𐑳𐑤𐑗𐑼	ɑːrˈbɔːrɪˌkʌltʃəR	NN1	GenAm	89	shave_says:[𐑸𐑚𐑼𐑦𐑒𐑳𐑤𐑗𐑼 / 𐑸𐑚𐑼𐑦𐑒𐑵𐑤𐑗𐑼]
archdiocesan	𐑸𐑗𐑛𐑲𐑪𐑕𐑦𐑕𐑩𐑯	ˌɑːRtʃˌdaɪˈɒsɪsən	AJ0	GenAm	89	shave_says:𐑸𐑗𐑛𐑲𐑩𐑕𐑦𐑕𐑩𐑯
archeopteryx	𐑸𐑒𐑰𐑪𐑐𐑑𐑼𐑦𐑒𐑕	ɑːRkiːɒptərɪks	NN1	RSSB	89	
archidiaconal	𐑸𐑒𐑦𐑛𐑲𐑨𐑒𐑩𐑯𐑩𐑤	ɑːRkɪdaɪækənəl	AJ0	RSSB	89	shave_says:[𐑸𐑒𐑦𐑛𐑲𐑩𐑒𐑴𐑯𐑩𐑤 / 𐑸𐑒𐑣𐑲𐑛𐑲𐑩𐑒𐑴𐑯𐑩𐑤 / 𐑸𐑗𐑰𐑛𐑦𐑩𐑒𐑪𐑯𐑩𐑤 / 𐑸𐑗𐑦𐑛𐑦𐑩𐑒𐑪𐑯𐑩𐑤 / 𐑱𐑸𐑕𐑰𐑣𐑲𐑛𐑦𐑨𐑒𐑩𐑯𐑩𐑤]
arduousness	𐑸𐑛𐑿𐑩𐑕𐑯𐑩𐑕	ɑːRdjuːəsnəs	NN1	RSSB	89	shave_says:𐑸𐑡𐑫𐑩𐑕𐑯𐑩𐑕
areola	𐑼𐑦𐑩𐑤𐑩	əri+ələ	NN1	RSSB	89	shave_says:[𐑱𐑮𐑧𐑴𐑤𐑩 / 𐑸𐑴𐑤𐑩 / 𐑸𐑩𐑤𐑩]
areola	𐑼𐑰𐑩𐑤𐑩	əˈriː+ələ	NN1	GenAm	89	shave_says:[𐑱𐑮𐑧𐑴𐑤𐑩 / 𐑸𐑴𐑤𐑩 / 𐑸𐑩𐑤𐑩]
areopagite	𐑨𐑮𐑰𐑪𐑐𐑩𐑜𐑲𐑑	æriːɒpəɡaɪt	NN1	RSSB	89	shave_says:𐑸𐑦𐑴𐑐𐑭𐑜𐑲𐑑
argillaceous	𐑸𐑡𐑦𐑤𐑱𐑖𐑩𐑕	ɑːRdʒɪleɪʃəs	AJ0	RSSB	89	shave_says:[𐑸𐑜𐑦𐑤𐑱𐑖𐑩𐑕 / 𐑸𐑜𐑦𐑤𐑩𐑕𐑦𐑩𐑕 / 𐑸𐑜𐑦𐑤𐑨𐑒𐑦𐑩𐑕 / 𐑸𐑜𐑦𐑤𐑩𐑕𐑩𐑕 / 𐑸𐑜𐑦𐑤𐑩𐑕𐑴𐑩𐑕]
arginine	𐑸𐑜𐑦𐑯𐑰𐑯	ˈɑːRɡɪniːn	NN1	GenAm	89	shave_says:𐑸𐑡𐑦𐑯𐑰𐑯
argive	𐑸𐑜𐑲𐑝	ˈɑːRɡaɪv	AJ0	GenAm	89	shave_says:𐑸𐑜𐑦𐑝
argy-bargy	𐑸𐑡𐑦𐑚𐑸𐑡𐑦	ˈɑːRdʒiˌbɑːRdʒi	NN1	GenAm	89	shave_says:𐑸𐑜𐑦-𐑚𐑸𐑡𐑦
arianism	𐑺𐑾𐑯𐑦𐑟𐑩𐑥	eərɪənɪzəm	NN1	RSSB	89	shave_says:[𐑸𐑦𐑭𐑯𐑦𐑟𐑩𐑥 / 𐑺𐑦𐑩𐑯𐑦𐑟𐑩𐑥 / 𐑱𐑮𐑦𐑩𐑯𐑦𐑟𐑩𐑥]
arikara	𐑼𐑦𐑒𐑼𐑩	ərɪkərə	NN1	RSSB	89	shave_says:[𐑱𐑮𐑲𐑒𐑼𐑩 / 𐑸𐑦𐑒𐑼𐑩]
ariose	𐑪𐑮𐑰𐑴𐑕	ˈɒriːəʊs	AJ0	RSSB	89	shave_says:𐑱𐑮𐑲𐑴𐑕
ariose	𐑸𐑦𐑴𐑕	ˈɑːRiˌoʊs	AJ0	GenAm	89	shave_says:𐑱𐑮𐑲𐑴𐑕
arity	𐑨𐑮𐑦𐑑𐑦	ˈærɪti	NN1	RSSB	89	shave_says:[𐑸𐑦𐑑𐑦 / 𐑱𐑮𐑲𐑑𐑦 / 𐑸𐑲𐑑𐑦]
arkansan	𐑸𐑒𐑩𐑯𐑕𐑷𐑯	ɑːRkənsɔːn	NN1	RSSB	89	shave_says:𐑸𐑒𐑨𐑯𐑟𐑩𐑯
arrhythmia	𐑱𐑮𐑦𐑞𐑥𐑾	eɪrɪðmɪə	NN1	RSSB	89	shave_says:𐑼𐑦𐑞𐑩𐑥𐑦𐑩
arrivederci	𐑼𐑰𐑝𐑩𐑛𐑺𐑗𐑦	əriːvədeəRtʃi	NN1	RSSB	89	shave_says:𐑼𐑲𐑝𐑛𐑼𐑕𐑦
arriviste	𐑨𐑮𐑦𐑝𐑰𐑕𐑑	ˌærɪˈviːst	NN1	RSSB	89	shave_says:𐑸𐑦𐑝𐑰𐑕𐑑
arroyo	𐑼𐑶𐑴	əˈrɔɪoʊ	NN1	GenAm	89	shave_says:𐑸𐑶𐑴
arsenical	𐑸𐑕𐑧𐑯𐑦𐑒𐑩𐑤	ɑːRsenɪkəl	AJ0	RSSB	89	shave_says:𐑸𐑕𐑩𐑯𐑦𐑒𐑩𐑤
arsenide	𐑨𐑮𐑕𐑩𐑯𐑲𐑛	ˈarsəˌnaɪd	NN1	GenAm	89	shave_says:𐑸𐑕𐑧𐑯𐑲𐑛
arsonist	𐑸𐑕𐑩𐑯𐑩𐑕𐑑	ˈɑːRsənəst	NN1	GenAm	89	shave_says:𐑸𐑕𐑩𐑯𐑦𐑕𐑑
artemisia	𐑸𐑑𐑦𐑥𐑦𐑟𐑾	ɑːRtɪmɪzɪə	NN1	RSSB	89	shave_says:𐑸𐑑𐑩𐑥𐑦𐑕𐑦𐑩
arteria	𐑸𐑑𐑦𐑮𐑦𐑩	ɑːRˈtɪri+ə	NN1	GenAm	89	shave_says:𐑸𐑑𐑼𐑦𐑩
artificiality	𐑸𐑑𐑦𐑓𐑦𐑖𐑦𐑨𐑤𐑦𐑑𐑦	ɑːRtɪfɪʃiælɪti	NN1	RSSB	89	shave_says:𐑸𐑑𐑦𐑓𐑦𐑖𐑩𐑤𐑦𐑑𐑦
artiodactyl	𐑸𐑑𐑾𐑫𐑛𐑨𐑒𐑑𐑦𐑤	ɑːRtɪəʊdaktɪl	NN1	RSSB	89	shave_says:𐑸𐑑𐑦𐑴𐑛𐑨𐑒𐑑𐑦𐑤
arugula	𐑼𐑫𐑜𐑩𐑤𐑩	əˈruɡələ	NN1	GenAm	89	shave_says:𐑸𐑵𐑜𐑩𐑤𐑩
arytenoid	𐑨𐑮𐑦𐑑𐑰𐑯𐑶𐑛	ˌarɪˈtiːnɔɪd	NN1	RSSB	89	shave_says:[𐑸𐑦𐑑𐑰𐑯𐑶𐑛 / 𐑸𐑦𐑑𐑰𐑯𐑴𐑦𐑛]
arytenoid	𐑨𐑮𐑩𐑑𐑰𐑯𐑶𐑛	ˌærəˈtiːˌnɔɪd	NN1	GenAm	89	shave_says:[𐑸𐑦𐑑𐑰𐑯𐑶𐑛 / 𐑸𐑦𐑑𐑰𐑯𐑴𐑦𐑛]
asana	𐑭𐑕𐑩𐑯𐑩	ˈɑːsənə	NN1	RSSB	89	shave_says:𐑩𐑕𐑭𐑯𐑩
asbestosis	𐑨𐑕𐑚𐑧𐑕𐑑𐑴𐑕𐑦𐑕	ˈæsbesˌtəʊsɪs	NN1	RSSB	89	shave_says:𐑨𐑟𐑚𐑧𐑕𐑑𐑪𐑕𐑦𐑕
ascensive	𐑩𐑕𐑧𐑯𐑕𐑦𐑝	əˈsensɪv	AJ0	RSSB	89	shave_says:𐑩𐑕𐑩𐑯𐑟𐑦𐑝
ascesis	𐑩𐑕𐑰𐑕𐑦𐑕	əˈsiːsɪs	NN1	GenAm	89	shave_says:𐑩𐑕𐑒𐑰𐑕𐑦𐑕
asea	𐑩𐑕𐑰	əˈsiː	AV0	RSSB	89	shave_says:𐑱𐑕𐑰
ashkenazi	𐑨𐑖𐑒𐑦𐑯𐑭𐑟𐑦	ˌæʃkɪˈnɑːzi	NN1	RSSB	89	shave_says:𐑨𐑖𐑒𐑩𐑯𐑭𐑟𐑦
ashkenazi	𐑭𐑖𐑒𐑦𐑯𐑭𐑟𐑦	ˌɑːʃkɪˈnɑːzi	NN1	GenAm	89	shave_says:𐑨𐑖𐑒𐑩𐑯𐑭𐑟𐑦
asocial	𐑱𐑕𐑴𐑖𐑤	eɪˈsəʊʃl	AJ0	RSSB	89	shave_says:𐑱𐑕𐑴𐑖𐑩𐑤
aspartame	𐑩𐑕𐑐𐑸𐑑𐑱𐑥	əspɑːRteɪm	NN1	RSSB	89	shave_says:𐑨𐑕𐑐𐑼𐑑𐑱𐑥
aspergillus	𐑨𐑕𐑐𐑼𐑡𐑦𐑤𐑩𐑕	ˌæspəRˈdʒɪləs	NN1	GenAm	89	shave_says:[𐑨𐑕𐑐𐑼𐑜𐑦𐑤𐑩𐑕 / 𐑨𐑕𐑐𐑼𐑜𐑦𐑤𐑵𐑟 / 𐑱𐑕𐑐𐑻𐑜𐑦𐑤𐑩𐑕]
asquint	𐑩𐑕𐑒𐑢𐑦𐑯𐑑	əˈskwɪnt	AJ0	RSSB	89	shave_says:𐑱𐑕𐑒𐑢𐑦𐑯𐑑
assembler	𐑩𐑕𐑧𐑥𐑚𐑤𐑼	əsembləR	NN1	RSSB	89	shave_says:𐑩𐑕𐑧𐑥𐑚𐑩𐑤𐑼
assyrian	𐑩𐑕𐑦𐑮𐑦𐑩𐑯	əsɪri+ən	NN1	RSSB	89	shave_says:𐑩𐑕𐑽𐑦𐑩𐑯
asthenia	𐑨𐑕𐑔𐑰𐑯𐑾	æsˈθiːnɪə	NN1	RSSB	89	shave_says:𐑨𐑕𐑔𐑰𐑯𐑦𐑩
asthenosphere	𐑨𐑕𐑔𐑧𐑯𐑩𐑕𐑓𐑽	asθenəsfɪəR	NN1	RSSB	89	shave_says:[𐑨𐑕𐑔𐑰𐑯𐑩𐑕𐑓𐑽 / 𐑨𐑕𐑔𐑰𐑯𐑴𐑕𐑓𐑽 / 𐑭𐑕𐑔𐑩𐑯𐑩𐑕𐑓𐑽]
astonied	𐑩𐑕𐑑𐑭𐑯𐑦𐑛	əˈstɑːnid	AJ0	RSSB	89	shave_says:[𐑨𐑕𐑑𐑩𐑯𐑦𐑛 / 𐑱𐑕𐑑𐑴𐑯𐑦𐑛]
astraddle	𐑩𐑕𐑑𐑮𐑨𐑛𐑩𐑤	əstrædəl	AV0	RSSB	89	shave_says:𐑱𐑕𐑑𐑮𐑨𐑛𐑩𐑤
astrometry	𐑩𐑕𐑑𐑮𐑪𐑥𐑩𐑑𐑮𐑦	əstrɒmətri	NN1	RSSB	89	shave_says:[𐑨𐑕𐑑𐑮𐑴𐑥𐑧𐑑𐑮𐑦 / 𐑱𐑕𐑑𐑮𐑪𐑥𐑩𐑑𐑮𐑦 / 𐑨𐑕𐑑𐑮𐑩𐑥𐑩𐑑𐑮𐑦]
ataraxic	𐑨𐑑𐑼𐑨𐑒𐑕𐑦𐑒	ætəræksɪk	AJ0	RSSB	89	shave_says:[𐑱𐑑𐑺𐑨𐑒𐑕𐑦𐑒 / 𐑱𐑑𐑼𐑨𐑒𐑕𐑦𐑒]
ataxia	𐑩𐑑𐑨𐑒𐑕𐑾	əˈtæksɪə	NN1	RSSB	89	shave_says:𐑱𐑑𐑨𐑒𐑕𐑦𐑩
atelectasis	𐑨𐑑𐑦𐑤𐑧𐑒𐑑𐑩𐑕𐑦𐑕	ætɪˈlektəsɪs	NN1	RSSB	89	shave_says:[𐑱𐑑𐑧𐑤𐑧𐑒𐑑𐑱𐑕𐑦𐑕 / 𐑱𐑑𐑧𐑤𐑧𐑒𐑑𐑩𐑟𐑦𐑕 / 𐑱𐑑𐑧𐑤𐑧𐑒𐑑𐑱𐑕𐑦𐑟]
atenolol	𐑩𐑑𐑧𐑯𐑩𐑤𐑪𐑤	əˈtenəˌlɒl	NN1	GenAm	89	shave_says:[𐑭𐑑𐑩𐑯𐑴𐑤𐑩𐑤 / 𐑭𐑑𐑩𐑯𐑩𐑤𐑩𐑤 / 𐑭𐑑𐑩𐑯𐑴𐑤𐑴𐑤 / 𐑱𐑑𐑧𐑯𐑴𐑤𐑩𐑤]
athanor	𐑨𐑔𐑩𐑯𐑹	ˈæθənɔːR	NN1	GenAm	89	shave_says:[𐑱𐑔𐑱𐑯𐑼 / 𐑨𐑑𐑣𐑨𐑯𐑼]
athenaeum	𐑨𐑔𐑦𐑯𐑰𐑩𐑥	aθɪˈniːəm	NN1	RSSB	89	shave_says:[𐑩𐑔𐑰𐑯𐑩𐑦𐑩𐑥 / 𐑩𐑔𐑰𐑯𐑦𐑩𐑥 / 𐑱𐑔𐑰𐑯𐑩𐑦𐑩𐑥 / 𐑩𐑔𐑰𐑯𐑦𐑵𐑥]
atherosclerosis	𐑨𐑔𐑼𐑴𐑕𐑒𐑤𐑼𐑴𐑕𐑩𐑕	æθəRoʊskləroʊsəs	NN1	RSSB	89	shave_says:𐑨𐑔𐑼𐑴𐑕𐑒𐑤𐑼𐑴𐑕𐑦𐑕
atony	𐑨𐑑𐑩𐑯𐑦	ˈætəni	NN1	RSSB	89	shave_says:𐑩𐑑𐑴𐑯𐑦
atopy	𐑨𐑑𐑩𐑐𐑦	ˈætəpi	NN1	RSSB	89	shave_says:𐑩𐑑𐑪𐑐𐑦
atrip	𐑩𐑑𐑮𐑦𐑐	ətrɪp	AJ0	RSSB	89	shave_says:𐑱𐑑𐑮𐑦𐑐
atropine	𐑨𐑑𐑮𐑩𐑐𐑰𐑯	ˈætrəˌpiːn	NN1	GenAm	89	shave_says:𐑱𐑑𐑮𐑴𐑐𐑰𐑯
attestation	𐑨𐑑𐑧𐑕𐑑𐑱𐑖𐑩𐑯	ˌæteˈsteɪʃən	NN1	GenAm	89	shave_says:[𐑩𐑑𐑧𐑕𐑑𐑱𐑖𐑩𐑯 / 𐑩𐑑𐑧𐑕𐑑𐑭𐑑𐑦𐑩𐑯 / 𐑩𐑑𐑧𐑕𐑑𐑩𐑑𐑦𐑩𐑯 / 𐑱𐑑𐑩𐑕𐑑𐑱𐑖𐑩𐑯]
audiovisual	𐑷𐑛𐑦𐑴𐑝𐑦𐑟𐑘𐑫𐑩𐑤	ˌɔːdi+əʊˈvɪzjʊəl	AJ0	RSSB	89	shave_says:[𐑷𐑛𐑦𐑴𐑝𐑦𐑠𐑫𐑩𐑤 / 𐑷𐑛𐑦𐑴𐑝𐑲𐑟𐑵𐑩𐑤 / 𐑱𐑵𐑛𐑦𐑴𐑝𐑲𐑟𐑵𐑩𐑤]
audiovisual	𐑪𐑛𐑦𐑴𐑝𐑦𐑠𐑫𐑩𐑤	ˌɒdioʊˈvɪʒuəl	AJ0	GenAm	89	shave_says:[𐑷𐑛𐑦𐑴𐑝𐑦𐑠𐑫𐑩𐑤 / 𐑷𐑛𐑦𐑴𐑝𐑲𐑟𐑵𐑩𐑤 / 𐑱𐑵𐑛𐑦𐑴𐑝𐑲𐑟𐑵𐑩𐑤]
augean	𐑷𐑡𐑰𐑩𐑯	ɔːˈdʒiːən	AJ0	RSSB	89	shave_says:𐑷𐑡𐑦𐑩𐑯
augend	𐑷𐑡𐑧𐑯𐑛	ˈɔdʒend	NN1	RSSB	89	shave_says:[𐑱𐑿𐑡𐑧𐑯𐑛 / 𐑴𐑠𐑧𐑯𐑛 / 𐑷𐑜𐑩𐑕𐑑𐑧𐑯𐑛 / 𐑱𐑿𐑡𐑩𐑯𐑛 / 𐑱𐑳𐑜𐑧𐑯𐑛]
aurochs	𐑬𐑮𐑪𐑒𐑕	ˈaʊrɒks	NN1	RSSB	89	shave_says:𐑹𐑪𐑒𐑕
aurorean	𐑹𐑷𐑼𐑾𐑯	ɔːrɔərɪən	AJ0	RSSB	89	shave_says:[𐑹𐑹𐑦𐑩𐑯 / 𐑱𐑘𐑫𐑼𐑴𐑮𐑦𐑩𐑯]
auscultation	𐑷𐑕𐑒𐑩𐑤𐑑𐑱𐑖𐑩𐑯	ˌɔːskəlˈteɪʃən	NN1	RSSB	89	shave_says:[𐑬𐑕𐑒𐑳𐑤𐑑𐑱𐑖𐑩𐑯 / 𐑱𐑳𐑕𐑒𐑳𐑤𐑑𐑱𐑖𐑩𐑯 / 𐑬𐑕𐑒𐑳𐑤𐑑𐑭𐑑𐑦𐑩𐑯 / 𐑬𐑕𐑒𐑳𐑤𐑑𐑩𐑑𐑦𐑩𐑯]
australopithecine	𐑪𐑕𐑑𐑮𐑩𐑤𐑩𐑐𐑦𐑔𐑦𐑕𐑰𐑯	ɒstrələpɪθɪsiːn	AJ0	RSSB	89	shave_says:𐑪𐑕𐑑𐑮𐑨𐑤𐑦𐑴𐑐𐑦𐑔𐑩𐑒𐑰𐑯
austronesian	𐑷𐑕𐑑𐑮𐑴𐑯𐑰𐑠𐑩𐑯	ɔːstroʊniːʒən	AJ0	RSSB	89	shave_says:[𐑪𐑕𐑑𐑮𐑩𐑯𐑰𐑟𐑦𐑩𐑯 / 𐑱𐑳𐑕𐑑𐑮𐑪𐑯𐑰𐑟𐑦𐑩𐑯]
auteur	𐑷𐑑𐑻	ɔːtɜːR	NN1	RSSB	89	shave_says:𐑴𐑑𐑻
autochthon	𐑷𐑑𐑪𐑒𐑔𐑯	ɔːˈtɒkθn	NN1	RSSB	89	shave_says:𐑷𐑑𐑪𐑒𐑔𐑩𐑯
autochthon	𐑪𐑑𐑪𐑒𐑔𐑯	ɒˈtɒkθn	NN1	GenAm	89	shave_says:𐑷𐑑𐑪𐑒𐑔𐑩𐑯
autochthonous	𐑪𐑑𐑪𐑒𐑔𐑩𐑯𐑩𐑕	ɒˈtɒkθənəs	AJ0	GenAm	89	shave_says:𐑷𐑑𐑪𐑒𐑔𐑩𐑯𐑩𐑕
autoclave	𐑷𐑑𐑩𐑒𐑤𐑱𐑝	ˈɔtəˌkleɪv	NN1	RSSB	89	shave_says:[𐑷𐑑𐑴𐑒𐑤𐑱𐑝 / 𐑷𐑑𐑴𐑒𐑤𐑱𐑝]
autogenous	𐑷𐑑𐑪𐑡𐑦𐑯𐑩𐑕	ɔːˈtɒdʒɪnəs	AJ0	RSSB	89	shave_says:𐑷𐑑𐑪𐑡𐑩𐑯𐑩𐑕
automatism	𐑷𐑑𐑪𐑥𐑩𐑑𐑦𐑟𐑩𐑥	ɔːˈtɒmətɪzəm	NN1	RSSB	89	shave_says:𐑷𐑑𐑩𐑥𐑱𐑑𐑦𐑟𐑩𐑥
autosome	𐑷𐑑𐑩𐑕𐑴𐑥	ˈɔːtəsəʊm	NN1	RSSB	89	shave_says:𐑷𐑑𐑴𐑕𐑴𐑥
autosome	𐑪𐑑𐑩𐑕𐑴𐑥	ˈɒtəˌsoʊm	NN1	GenAm	89	shave_says:𐑷𐑑𐑴𐑕𐑴𐑥
autotroph	𐑷𐑑𐑩𐑑𐑮𐑴𐑓	ɔːtətrəʊf	NN1	RSSB	89	shave_says:𐑷𐑑𐑴𐑑𐑮𐑴𐑓
autotroph	𐑪𐑑𐑩𐑑𐑮𐑴𐑓	ˈɒtəˌtroʊf	NN1	GenAm	89	shave_says:𐑷𐑑𐑴𐑑𐑮𐑴𐑓
avens	𐑨𐑝𐑦𐑯𐑟	ˈævɪnz	NN1	RSSB	89	shave_says:𐑭𐑝𐑧𐑯𐑟
aventurine	𐑩𐑝𐑧𐑯𐑗𐑼𐑦𐑯	əˈventʃərɪn	NN1	GenAm	89	shave_says:[𐑭𐑝𐑧𐑯𐑑𐑵𐑮𐑰𐑯 / 𐑱𐑝𐑧𐑯𐑗𐑼𐑰𐑯 / 𐑭𐑝𐑧𐑯𐑗𐑼𐑰𐑯]
avestan	𐑩𐑝𐑧𐑕𐑑𐑯	əˈvestn	AJ0	RSSB	89	shave_says:𐑩𐑝𐑧𐑕𐑑𐑩𐑯
aviate	𐑱𐑝𐑦𐑱𐑑	ˈeɪvieɪt	VVI	RSSB	89	shave_says:[𐑭𐑝𐑦𐑱𐑑 / 𐑱𐑝𐑲𐑱𐑑]
aviatrix	𐑱𐑝𐑦𐑱𐑑𐑮𐑦𐑒𐑕	ˈeɪvieɪtrɪks	NN1	RSSB	89	
avocet	𐑨𐑝𐑩𐑕𐑧𐑑	ˈævəset	NN1	RSSB	89	shave_says:[𐑨𐑝𐑩𐑒𐑩𐑑 / 𐑱𐑝𐑴𐑒𐑩𐑑]
avulse	𐑩𐑝𐑳𐑤𐑕	əˈvʌls	VVI	RSSB	89	
aweless	𐑪𐑤𐑩𐑕	ˈɒləs	AJ0	GenAm	89	shave_says:[𐑷𐑤𐑩𐑕 / 𐑱𐑢𐑰𐑤𐑩𐑕 / 𐑷𐑩𐑤𐑩𐑕]
awheel	𐑩𐑢𐑰𐑤	əˈwiːl	AJ0	RSSB	89	shave_says:𐑱𐑢𐑰𐑤
awlwort	𐑷𐑤𐑢𐑻𐑑	ɔːlwɜːRt	NN1	RSSB	89	shave_says:[𐑷𐑤𐑢𐑹𐑑 / 𐑷𐑤𐑢𐑼𐑑]
axil	𐑨𐑒𐑕𐑦𐑤	ˈæksɪl	NN1	RSSB	89	
axilla	𐑨𐑒𐑕𐑦𐑤𐑩	ækˈsɪlə	NN1	RSSB	89	
axillary	𐑨𐑒𐑕𐑦𐑤𐑼𐑦	æksɪləri	AJ0	RSSB	89	shave_says:[𐑨𐑒𐑕𐑦𐑤𐑲𐑯𐑟𐑼𐑦 / 𐑱𐑖𐑰𐑤𐑼𐑦]
axillary	𐑨𐑒𐑕𐑦𐑤𐑧𐑮𐑦	ˈæksɪleri	AJ0	GenAm	89	shave_says:[𐑨𐑒𐑕𐑦𐑤𐑲𐑯𐑟𐑼𐑦 / 𐑱𐑖𐑰𐑤𐑼𐑦]
aye-aye	𐑲𐑲	ˈaɪˌaɪ	NN1	RSSB	89	shave_says:𐑲-𐑲
ayin	𐑲𐑦𐑯	ˈaɪɪn	NN1	RSSB	89	shave_says:𐑱𐑘𐑦𐑯
ayrshire	𐑺𐑖𐑽	ˈeəRʃɪəR	NN1	GenAm	89	shave_says:[𐑺𐑖𐑼 / 𐑱𐑘𐑽𐑖𐑼 / 𐑺𐑖𐑲𐑼]
ayurveda	𐑲𐑫𐑼𐑝𐑱𐑛𐑩	aɪʊəRveɪdə	NN1	RSSB	89	shave_says:𐑲𐑼𐑝𐑱𐑛𐑩
azathioprine	𐑱𐑟𐑩𐑔𐑲𐑩𐑐𐑮𐑰𐑯	eɪzəθaɪ+əpriːn	NN1	RSSB	89	
azathioprine	𐑨𐑟𐑩𐑔𐑲𐑩𐑐𐑮𐑰𐑯	ˌæzəˈθaɪ+əˌpriːn	NN1	GenAm	89	
azeri	𐑩𐑟𐑺𐑦	əzeəri	NN1	RSSB	89	shave_says:𐑭𐑟𐑧𐑮𐑦
azeri	𐑩𐑟𐑧𐑮𐑦	əˈzeri	NN1	GenAm	89	shave_says:𐑭𐑟𐑧𐑮𐑦
azimuthal	𐑨𐑟𐑩𐑥𐑳𐑔𐑩𐑤	ˌæzəˈmʌθəl	AJ0	GenAm	89	shave_says:𐑨𐑟𐑦𐑥𐑩𐑔𐑩𐑤
azithromycin	𐑩𐑟𐑦𐑔𐑮𐑴𐑥𐑲𐑕𐑩𐑯	əˌzɪθroʊˈmaɪsən	NN1	GenAm	89	shave_says:𐑩𐑟𐑦𐑔𐑮𐑴𐑥𐑲𐑕𐑦𐑯
azote	𐑨𐑟𐑴𐑑	ˈæzəʊt	NN1	RSSB	89	shave_says:𐑱𐑟𐑴𐑑
azotemia	𐑨𐑟𐑴𐑑𐑰𐑥𐑾	ˌæzoʊˈtiːmiə	NN1	GenAm	89	shave_says:[𐑱𐑟𐑴𐑑𐑰𐑥𐑦𐑩 / 𐑭𐑟𐑴𐑑𐑰𐑥𐑦𐑩 / 𐑭𐑟𐑪𐑑𐑰𐑥𐑦𐑩]
azurite	𐑨𐑠𐑫𐑮𐑲𐑑	ˈæʒʊˌraɪt	NN1	RSSB	89	shave_says:[𐑨𐑠𐑼𐑲𐑑 / 𐑭𐑟𐑫𐑼𐑲𐑑 / 𐑱𐑟𐑻𐑲𐑑]
babushka	𐑚𐑩𐑚𐑵𐑖𐑒𐑩	bəˈbuːʃkə	NN1	RSSB	89	shave_says:𐑚𐑭𐑚𐑫𐑖𐑒𐑩
bacchant	𐑚𐑨𐑒𐑩𐑯𐑑	ˈbækənt	NN1	RSSB	89	shave_says:𐑚𐑭𐑒𐑩𐑯𐑑
bach	𐑚𐑨𐑗	bætʃ	NN1	GenAm	89	shave_says:𐑚𐑭𐑒
bachelorette	𐑚𐑨𐑗𐑤𐑼𐑧𐑑	bætʃləret	NN1	RSSB	89	shave_says:𐑚𐑨𐑗𐑩𐑤𐑼𐑧𐑑
bacitracin	𐑚𐑨𐑕𐑦𐑑𐑮𐑱𐑕𐑦𐑯	ˌbæsɪˈtreɪsɪn	NN1	RSSB	89	shave_says:[𐑚𐑱𐑒𐑦𐑑𐑮𐑩𐑕𐑦𐑯 / 𐑚𐑱𐑒𐑦𐑑𐑮𐑨𐑒𐑦𐑯]
back-to-back	𐑚𐑨𐑒𐑑𐑩𐑚𐑨𐑒	ˌbæktəˈbæk	AJ0	RSSB	89	shave_says:𐑚𐑨𐑒-𐑑-𐑚𐑨𐑒
bacteriophage	𐑚𐑨𐑒𐑑𐑽𐑾𐑫𐑓𐑱𐑡	bæktɪərɪəʊfeɪdʒ	NN1	RSSB	89	shave_says:[𐑚𐑨𐑒𐑑𐑽𐑦𐑴𐑓𐑱𐑡 / 𐑚𐑨𐑒𐑑𐑽𐑦𐑴𐑓𐑦𐑡]
bacteriostasis	𐑚𐑨𐑒𐑑𐑽𐑾𐑫𐑕𐑑𐑱𐑕𐑦𐑕	bæktɪərɪəʊsteɪsɪs	NN1	RSSB	89	shave_says:[𐑚𐑨𐑒𐑑𐑽𐑦𐑴𐑖𐑑𐑭𐑟𐑦𐑟 / 𐑚𐑨𐑒𐑑𐑽𐑦𐑪𐑕𐑑𐑱𐑕𐑦𐑕 / 𐑚𐑨𐑒𐑑𐑽𐑦𐑪𐑕𐑑𐑩𐑟𐑦𐑕 / 𐑚𐑨𐑒𐑑𐑽𐑦𐑪𐑕𐑑𐑱𐑕𐑦𐑟]
balas	𐑚𐑨𐑤𐑩𐑕	ˈbaləs	NN1	RSSB	89	shave_says:𐑚𐑱𐑤𐑩𐑟
balboa	𐑚𐑨𐑤𐑚𐑴𐑩	bælˈbəʊə	NN1	RSSB	89	shave_says:𐑚𐑭𐑤𐑚𐑴𐑩
baldy	𐑚𐑷𐑤𐑛𐑦	ˈbɔːldi	NN1	RSSB	89	shave_says:𐑚𐑭𐑤𐑛𐑱𐑦
baleen	𐑚𐑱𐑤𐑰𐑯	ˈbeɪliːn	NN1	RSSB	89	shave_says:𐑚𐑩𐑤𐑰𐑯
balletic	𐑚𐑩𐑤𐑧𐑑𐑦𐑒	ˌbəˈletɪk	AJ0	RSSB	89	shave_says:𐑚𐑨𐑤𐑱𐑦𐑒
balletomane	𐑚𐑨𐑤𐑧𐑑𐑩𐑥𐑱𐑯	bæˈletəˌmeɪn	NN1	GenAm	89	
balmily	𐑚𐑪𐑥𐑩𐑤𐑦	ˈbɒməli	AV0	GenAm	89	shave_says:𐑚𐑭𐑥𐑦𐑤𐑦
balsamy	𐑚𐑭𐑤𐑕𐑩𐑥𐑰	ˈbɑːlsəmiː	AJ0	RSSB	89	shave_says:𐑚𐑷𐑤𐑕𐑩𐑥𐑦
balthazar	𐑚𐑨𐑤𐑔𐑱𐑟𐑼	bælθeɪzəR	NN1	RSSB	89	shave_says:𐑚𐑭𐑤𐑔𐑩𐑟𐑸
balthazar	𐑚𐑨𐑤𐑔𐑩𐑟𐑹	ˈbælθəˌzɔːR	NN1	GenAm	89	shave_says:𐑚𐑭𐑤𐑔𐑩𐑟𐑸
balzacian	𐑚𐑪𐑤𐑟𐑨𐑒𐑦𐑩𐑯	bɒlˈzæki+ən	AJ0	GenAm	89	shave_says:𐑚𐑨𐑤𐑟𐑨𐑒𐑦𐑩𐑯
banausic	𐑚𐑩𐑯𐑷𐑕𐑦𐑒	bəˈnɔːsɪk	AJ0	RSSB	89	shave_says:𐑚𐑱𐑯𐑩𐑩𐑕𐑦𐑒
banausic	𐑚𐑩𐑯𐑪𐑟𐑦𐑒	bəˈnɒzɪk	AJ0	GenAm	89	shave_says:𐑚𐑱𐑯𐑩𐑩𐑕𐑦𐑒
banderilla	𐑚𐑨𐑯𐑛𐑼𐑰𐑘𐑩	ˌbændəˈriːjə	NN1	GenAm	89	shave_says:𐑚𐑨𐑯𐑛𐑼𐑦𐑤𐑩
banderillero	𐑚𐑨𐑯𐑛𐑼𐑰𐑘𐑺𐑴	bændəriːjeərəʊ	NN1	RSSB	89	shave_says:[𐑚𐑨𐑯𐑛𐑼𐑦𐑤𐑧𐑮𐑴 / 𐑚𐑨𐑯𐑛𐑼𐑦𐑤𐑼𐑴]
bandicoot	𐑚𐑨𐑯𐑛𐑦𐑒𐑫𐑑	ˈbændiˌkut	NN1	GenAm	89	shave_says:𐑚𐑨𐑯𐑛𐑦𐑒𐑵𐑑
banksia	𐑚𐑨𐑙𐑒𐑕𐑾	ˈbæŋksɪə	NN1	RSSB	89	shave_says:𐑚𐑨𐑙𐑒𐑕𐑦𐑩
banneret	𐑚𐑨𐑯𐑼𐑧𐑑	bænəret	NN1	RSSB	89	shave_says:𐑚𐑨𐑯𐑼𐑩𐑑
barberry	𐑚𐑸𐑚𐑧𐑮𐑦	bɑːRberi	NN1	RSSB	89	shave_says:𐑚𐑸𐑚𐑼𐑦
baric	𐑚𐑺𐑦𐑒	beərɪk	AJ0	RSSB	89	shave_says:𐑚𐑨𐑮𐑦𐑒
barramundi	𐑚𐑨𐑮𐑩𐑥𐑳𐑯𐑛𐑦	bærəmʌndi	NN1	RSSB	89	shave_says:[𐑚𐑸𐑮𐑭𐑥𐑵𐑯𐑛𐑦 / 𐑚𐑸𐑩𐑥𐑫𐑯𐑑𐑦]
barrator	𐑚𐑨𐑮𐑩𐑑𐑼	bærətəR	NN1	RSSB	89	shave_says:𐑚𐑸𐑩𐑑𐑼
barratry	𐑚𐑨𐑮𐑩𐑑𐑮𐑦	bærətri	NN1	RSSB	89	shave_says:𐑚𐑸𐑩𐑑𐑮𐑦
barrette	𐑚𐑼𐑧𐑑	bəret	NN1	RSSB	89	shave_says:[𐑚𐑸𐑧𐑑 / 𐑚𐑸𐑱𐑧𐑑]
baryon	𐑚𐑺𐑦𐑪𐑯	beəriɒn	NN1	RSSB	89	shave_says:𐑚𐑨𐑮𐑦𐑪𐑯
barytic	𐑚𐑼𐑦𐑑𐑦𐑒	bərɪtɪk	AJ0	RSSB	89	shave_says:[𐑚𐑨𐑮𐑦𐑑𐑦𐑒 / 𐑚𐑸𐑞𐑑𐑦𐑒]
basidium	𐑚𐑩𐑕𐑦𐑛𐑾𐑥	bəˈsɪdɪəm	NN1	RSSB	89	shave_says:𐑚𐑰𐑱𐑕𐑲𐑛𐑦𐑩𐑥
basilar	𐑚𐑨𐑕𐑦𐑤𐑼	basɪləR	AJ0	RSSB	89	shave_says:𐑚𐑨𐑟𐑩𐑤𐑼
basileus	𐑚𐑨𐑕𐑦𐑤𐑱𐑩𐑕	ˌbæsɪˈleɪəs	NN1	RSSB	89	shave_says:𐑚𐑭𐑕𐑰𐑤𐑧𐑩𐑕
basinet	𐑚𐑨𐑕𐑦𐑯𐑧𐑑	bæsɪˈnet	NN1	RSSB	89	shave_says:𐑚𐑱𐑕𐑩𐑯𐑩𐑑
basophil	𐑚𐑱𐑕𐑩𐑓𐑦𐑤	ˈbeɪsəfɪl	NN1	RSSB	89	
basque	𐑚𐑭𐑕𐑒	bɑːsk	NN1	RSSB	89	shave_says:𐑚𐑨𐑕𐑒
basset	𐑚𐑨𐑕𐑦𐑑	ˈbæsɪt	NN1	RSSB	89	shave_says:𐑚𐑨𐑕𐑩𐑑
bathetic	𐑚𐑩𐑔𐑧𐑑𐑦𐑒	bəˈθetɪk	AJ0	RSSB	89	shave_says:[𐑚𐑱𐑞𐑧𐑑𐑦𐑒 / 𐑚𐑭𐑔𐑧𐑑𐑦𐑒 / 𐑚𐑱𐑞𐑰𐑑𐑦𐑒 / 𐑚𐑱𐑞𐑩𐑑𐑦𐑒]
bathyscaphe	𐑚𐑨𐑔𐑦𐑕𐑒𐑱𐑝	ˈbæθɪˌskeɪv	NN1	RSSB	89	shave_says:𐑚𐑨𐑔𐑦𐑕𐑒𐑨𐑓
batrachian	𐑚𐑩𐑑𐑮𐑱𐑒𐑾𐑯	bətreɪkɪən	AJ0	RSSB	89	shave_says:𐑚𐑨𐑑𐑮𐑱𐑒𐑦𐑩𐑯
battlemented	𐑚𐑨𐑑𐑩𐑤𐑥𐑧𐑯𐑑𐑩𐑛	ˈbætəlmentəd	AJ0	RSSB	89	shave_says:𐑚𐑨𐑑𐑩𐑤𐑥𐑩𐑯𐑑𐑩𐑛
bavarian	𐑚𐑩𐑝𐑺𐑾𐑯	bəveərɪən	AJ0	RSSB	89	shave_says:[𐑚𐑩𐑝𐑺𐑦𐑩𐑯 / 𐑚𐑭𐑝𐑺𐑦𐑩𐑯]
bayesian	𐑚𐑱𐑟𐑾𐑯	ˈbeɪziən	AJ0	RSSB	89	shave_says:𐑚𐑱𐑟𐑦𐑩𐑯
bazillion	𐑚𐑩𐑟𐑦𐑤𐑾𐑯	bəˈzɪlɪən	NN1	RSSB	89	shave_says:𐑚𐑩𐑟𐑦𐑤𐑘𐑩𐑯
bdellium	𐑛𐑧𐑤𐑦𐑳𐑥	ˈdeliˌʌm	NN1	RSSB	89	shave_says:[𐑛𐑧𐑤𐑦𐑩𐑥 / 𐑛𐑧𐑤𐑦𐑵𐑥]
beamish	𐑚𐑰𐑥𐑦𐑖	ˈbiːmɪʃ	AJ0	RSSB	89	shave_says:𐑚𐑦𐑭𐑥𐑦𐑖
bearberry	𐑚𐑺𐑚𐑮𐑦	beəRbri	NN1	RSSB	89	shave_says:[𐑚𐑺𐑚𐑼𐑦 / 𐑚𐑦𐑸𐑚𐑮𐑩𐑦 / 𐑚𐑺𐑚𐑧𐑮𐑦 / 𐑚𐑺𐑚𐑼𐑮𐑦]
becket	𐑚𐑧𐑒𐑦𐑑	ˈbekɪt	NN1	RSSB	89	shave_says:[𐑚𐑧𐑒𐑩𐑑 / 𐑚𐑧𐑒𐑩𐑩𐑑 / 𐑚𐑦𐑒𐑩𐑑]
bedizen	𐑚𐑦𐑛𐑲𐑟𐑩𐑯	bɪˈdaɪzən	VVI	RSSB	89	shave_says:[𐑚𐑦𐑛𐑰𐑟𐑩𐑯 / 𐑚𐑰𐑛𐑲𐑟𐑩𐑯 / 𐑚𐑰𐑛𐑦𐑟𐑩𐑯]
beelzebub	𐑚𐑰𐑤𐑟𐑦𐑚𐑳𐑚	ˈbiːlzɪbʌb	NN1	GenAm	89	shave_says:𐑚𐑰𐑧𐑤𐑟𐑦𐑚𐑳𐑚
beethovenian	𐑚𐑱𐑑𐑴𐑝𐑰𐑯𐑾𐑯	ˌbeɪtəʊˈviːnɪən	AJ0	RSSB	89	shave_says:𐑚𐑱𐑑𐑴𐑝𐑦𐑯𐑦𐑩𐑯
beethovenian	𐑚𐑱𐑑𐑴𐑝𐑰𐑯𐑦𐑩𐑯	ˌbeɪtoʊˈviːni+ən	AJ0	GenAm	89	shave_says:𐑚𐑱𐑑𐑴𐑝𐑦𐑯𐑦𐑩𐑯
befuddle	𐑚𐑦𐑓𐑳𐑛𐑤	bɪˈfʌdl	VVI	RSSB	89	shave_says:𐑚𐑦𐑓𐑳𐑛𐑩𐑤
beguine	𐑚𐑱𐑜𐑰𐑯	beɪˈɡiːn	NN1	RSSB	89	shave_says:𐑚𐑧𐑜𐑵𐑰𐑯
beguine	𐑚𐑩𐑜𐑰𐑯	bəˈɡiːn	NN1	GenAm	89	shave_says:𐑚𐑧𐑜𐑵𐑰𐑯
beignet	𐑚𐑧𐑯𐑘𐑱	benˈjeɪ	NN1	GenAm	89	shave_says:[𐑚𐑰𐑦𐑜𐑯𐑧𐑑 / 𐑚𐑦𐑦𐑜𐑯𐑧𐑑]
belarusian	𐑚𐑧𐑤𐑼𐑳𐑖𐑩𐑯	belərʌʃən	AJ0	RSSB	89	shave_says:[𐑚𐑧𐑤𐑼𐑵𐑕𐑦𐑩𐑯 / 𐑚𐑦𐑤𐑩𐑮𐑵𐑕𐑾𐑯]
belemnite	𐑚𐑧𐑤𐑩𐑥𐑯𐑲𐑑	ˈbeləmˌnaɪt	NN1	RSSB	89	shave_says:[𐑚𐑩𐑤𐑧𐑥𐑯𐑲𐑑 / 𐑚𐑦𐑤𐑧𐑥𐑯𐑲𐑑]
beluga	𐑚𐑩𐑤𐑵𐑜𐑩	bəˈluːɡə	NN1	RSSB	89	shave_says:[𐑚𐑦𐑤𐑵𐑜𐑩 / 𐑚𐑧𐑤𐑳𐑜𐑩]
belvedere	𐑚𐑧𐑤𐑝𐑦𐑛𐑽	belvɪdɪəR	NN1	RSSB	89	shave_says:𐑚𐑧𐑤𐑝𐑩𐑛𐑽
belvedere	𐑚𐑧𐑤𐑝𐑩𐑛𐑦𐑮	ˈbelvəˌdɪr	NN1	GenAm	89	shave_says:𐑚𐑧𐑤𐑝𐑩𐑛𐑽
bema	𐑚𐑰𐑥𐑩	ˈbiːmə	NN1	RSSB	89	shave_says:𐑚𐑧𐑥𐑩
bemire	𐑚𐑩𐑥𐑲𐑼	bəˌmaɪər	VVI	GenAm	89	shave_says:[𐑚𐑦𐑥𐑲𐑼 / 𐑚𐑧𐑥𐑲𐑼]
benet	𐑚𐑧𐑯𐑩𐑑	ˈbenət	NN1	RSSB	89	shave_says:𐑚𐑧𐑯𐑦𐑑
benthos	𐑚𐑧𐑯𐑔𐑪𐑕	ˈbenθɒs	NN1	RSSB	89	shave_says:[𐑚𐑧𐑯𐑔𐑴𐑟 / 𐑚𐑦𐑧𐑯𐑔𐑴𐑟]
benzocaine	𐑚𐑧𐑯𐑟𐑩𐑒𐑱𐑯	ˈbenzəˌkeɪn	NN1	GenAm	89	shave_says:[𐑚𐑧𐑯𐑟𐑴𐑒𐑱𐑯 / 𐑚𐑧𐑯𐑟𐑪𐑒𐑱𐑯]
benzodiazepine	𐑚𐑧𐑯𐑟𐑴𐑛𐑲𐑨𐑟𐑦𐑐𐑰𐑯	ˌbenzoʊdaɪˈæzɪpiːn	NN1	RSSB	89	shave_says:𐑚𐑧𐑯𐑟𐑴𐑛𐑲𐑱𐑟𐑩𐑐𐑰𐑯
benzylpenicillin	𐑚𐑧𐑯𐑟𐑩𐑤𐑐𐑧𐑯𐑦𐑕𐑦𐑤𐑦𐑯	ˌbenzəlˌpenɪˈsɪlɪn	NN1	GenAm	89	
berceuse	𐑚𐑧𐑮𐑕𐑫𐑟	berˈsuz	NN1	GenAm	89	shave_says:[𐑚𐑻𐑒𐑫𐑟 / 𐑚𐑻𐑖𐑫𐑟 / 𐑚𐑦𐑸𐑕𐑰𐑫𐑟]
bering	𐑚𐑦𐑮𐑦𐑙	bɪˈrɪŋ	NN1	RSSB	89	shave_says:𐑚𐑺𐑦𐑙
berk	𐑚𐑻𐑒	bɜːRk	NN1	RSSB	89	shave_says:𐑚𐑸𐑒
berliner	𐑚𐑼𐑤𐑦𐑯𐑼	bəRˈlɪnəR	NN1	GenAm	89	shave_says:𐑚𐑻𐑤𐑦𐑯𐑼
beta-carotene	𐑚𐑰𐑑𐑩𐑒𐑨𐑮𐑩𐑑𐑰𐑯	biːtəkarətiːn	NN1	RSSB	89	shave_says:𐑚𐑰𐑑𐑩-𐑒𐑨𐑮𐑩𐑑𐑰𐑯
beta-carotene	𐑚𐑱𐑑𐑩𐑒𐑧𐑮𐑩𐑑𐑰𐑯	ˌbeɪtəˈkerəˌtiːn	NN1	GenAm	89	shave_says:𐑚𐑱𐑑𐑩-𐑒𐑨𐑮𐑩𐑑𐑰𐑯
bethlehem	𐑚𐑧𐑔𐑤𐑩𐑣𐑧𐑥	ˈbeθləhem	NN1	RSSB	89	shave_says:𐑚𐑧𐑔𐑤𐑧𐑣𐑧𐑥
bhutanese	𐑚𐑫𐑑𐑩𐑯𐑰𐑟	butəˈniːz	AJ0	RSSB	89	shave_says:𐑚𐑵𐑑𐑭𐑯𐑰𐑟
biannual	𐑚𐑲𐑨𐑯𐑿𐑩𐑤	baɪˈanjuːəl	AJ0	RSSB	89	shave_says:𐑚𐑲𐑨𐑯𐑘𐑫𐑩𐑤
biannually	𐑚𐑲𐑨𐑯𐑿𐑩𐑤𐑰	baɪˈænjuːəliː	AV0	RSSB	89	shave_says:𐑚𐑲𐑨𐑯𐑘𐑫𐑩𐑤𐑦
bibliothecal	𐑚𐑦𐑚𐑤𐑾𐑔𐑰𐑒𐑩𐑤	ˌbɪbliəˈθiːkəl	AJ0	RSSB	89	shave_says:𐑚𐑦𐑚𐑤𐑦𐑴𐑔𐑰𐑒𐑩𐑤
bicipital	𐑚𐑲𐑕𐑦𐑐𐑦𐑑𐑩𐑤	baɪˈsɪpɪtəl	AJ0	RSSB	89	shave_says:[𐑚𐑦𐑒𐑲𐑐𐑰𐑑𐑩𐑤 / 𐑚𐑲𐑕𐑦𐑐𐑰𐑑𐑩𐑤 / 𐑚𐑦𐑒𐑲𐑐𐑲𐑑𐑩𐑤 / 𐑚𐑦𐑒𐑲𐑐𐑦𐑑𐑩𐑤]
bigness	𐑚𐑦𐑜𐑯𐑩𐑕	ˈbɪɡnəs	NN1	RSSB	89	shave_says:𐑚𐑲𐑜𐑯𐑧𐑕
bilby	𐑚𐑦𐑤𐑚𐑰	ˈbɪlbiː	NN1	RSSB	89	shave_says:𐑚𐑦𐑤𐑚𐑦
biliary	𐑚𐑦𐑤𐑽𐑦	bɪlɪəri	AJ0	RSSB	89	shave_says:[𐑚𐑦𐑤𐑦𐑼𐑦 / 𐑚𐑲𐑤𐑲𐑼𐑦 / 𐑚𐑲𐑤𐑦𐑼𐑦]
billabong	𐑚𐑦𐑤𐑩𐑚𐑪𐑙	ˈbɪləbɒŋ	NN1	RSSB	89	shave_says:𐑚𐑦𐑤𐑤𐑨𐑚𐑪𐑙
binturong	𐑚𐑦𐑯𐑑𐑼𐑪𐑙	bɪntərɒŋ	NN1	RSSB	89	shave_says:[𐑚𐑦𐑯𐑑𐑘𐑫𐑼𐑪𐑙 / 𐑚𐑦𐑯𐑗𐑼𐑪𐑙 / 𐑚𐑦𐑯𐑑𐑵𐑮𐑪𐑙]
biogenesis	𐑚𐑲𐑩𐑡𐑧𐑯𐑩𐑕𐑦𐑕	baɪəˈdʒenəsɪs	NN1	RSSB	89	shave_says:𐑚𐑲𐑴𐑡𐑧𐑯𐑩𐑕𐑦𐑕
biogenesis	𐑚𐑨𐑦𐑴𐑡𐑧𐑯𐑩𐑕𐑦𐑕	ˌbaioʊˈdʒenəsɪs	NN1	GenAm	89	shave_says:𐑚𐑲𐑴𐑡𐑧𐑯𐑩𐑕𐑦𐑕
bioluminescence	𐑚𐑲𐑴𐑤𐑫𐑥𐑩𐑯𐑧𐑕𐑩𐑯𐑕	ˌbaɪoʊˌluməˈnesəns	NN1	GenAm	89	shave_says:[𐑚𐑲𐑴𐑤𐑵𐑥𐑦𐑯𐑧𐑕𐑩𐑯𐑕 / 𐑚𐑲𐑴𐑤𐑵𐑥𐑲𐑯𐑧𐑕𐑩𐑯𐑕]
biomass	𐑚𐑲𐑩𐑥𐑨𐑕	ˈbaɪ+əˌmæs	NN1	RSSB	89	shave_says:𐑚𐑲𐑴𐑥𐑨𐑕
biosafety	𐑚𐑲𐑭𐑕𐑱𐑓𐑑𐑰	baɪɑːˈseɪftiː	NN1	RSSB	89	shave_says:[𐑚𐑲𐑴𐑕𐑱𐑓𐑑𐑦 / 𐑚𐑲𐑴𐑕𐑱𐑓𐑩𐑑𐑦 / 𐑚𐑲𐑴𐑟𐑩𐑓𐑩𐑑𐑦 / 𐑚𐑲𐑴𐑕𐑱𐑓𐑰𐑑𐑦 / 𐑚𐑲𐑴𐑕𐑩𐑓𐑩𐑑𐑦]
biotin	𐑚𐑲𐑩𐑑𐑦𐑯	ˈbaɪətɪn	NN1	RSSB	89	shave_says:[𐑚𐑲𐑴𐑑𐑦𐑯 / 𐑚𐑲𐑪𐑑𐑦𐑯 / 𐑚𐑲𐑴𐑑𐑰𐑦𐑯]
biotite	𐑚𐑲𐑩𐑑𐑲𐑑	ˈbaɪəˌtaɪt	NN1	RSSB	89	shave_says:[𐑚𐑲𐑴𐑑𐑲𐑑 / 𐑚𐑲𐑪𐑑𐑲𐑑 / 𐑚𐑲𐑴𐑑𐑰𐑲𐑑]
birdbrain	𐑚𐑼𐑛𐑚𐑮𐑱𐑯	ˈbəRdbreɪn	NN1	GenAm	89	shave_says:[𐑚𐑻𐑛𐑚𐑮𐑱𐑯 / 𐑚𐑻𐑛𐑚𐑮𐑩𐑦𐑯]
birefringence	𐑚𐑲𐑮𐑦𐑓𐑮𐑦𐑯𐑡𐑩𐑯𐑕	baɪrɪfrɪndʒəns	NN1	RSSB	89	shave_says:[𐑚𐑲𐑮𐑰𐑓𐑮𐑦𐑯𐑡𐑩𐑯𐑕 / 𐑚𐑻𐑧𐑓𐑮𐑦𐑯𐑡𐑩𐑯𐑕]
blameful	𐑚𐑤𐑱𐑥𐑓𐑫𐑤	ˈbleɪmfʊl	AJ0	RSSB	89	shave_says:[𐑚𐑤𐑱𐑥𐑓𐑩𐑤 / 𐑚𐑤𐑱𐑥𐑓𐑵𐑤]
blaster	𐑚𐑤𐑨𐑕𐑑𐑼	ˈblæstəR	NN1	GenAm	89	shave_says:𐑚𐑤𐑭𐑕𐑑𐑼
blastoderm	𐑚𐑤𐑨𐑕𐑑𐑩𐑛𐑼𐑥	ˈblæstəˌdəRm	NN1	GenAm	89	shave_says:[𐑚𐑤𐑨𐑕𐑑𐑴𐑛𐑻𐑥 / 𐑚𐑤𐑭𐑕𐑑𐑴𐑛𐑻𐑥 / 𐑚𐑤𐑭𐑕𐑑𐑴𐑛𐑼𐑥]
blastoma	𐑚𐑤𐑨𐑕𐑑𐑴𐑥𐑩	blæstˈoʊmə	NN1	GenAm	89	shave_says:𐑚𐑤𐑨𐑕𐑑𐑴𐑥𐑭
blepharospasm	𐑚𐑤𐑧𐑓𐑼𐑴𐑕𐑐𐑨𐑟𐑩𐑥	blefərəʊspæzəm	NN1	RSSB	89	shave_says:𐑚𐑤𐑧𐑓𐑸𐑴𐑕𐑐𐑨𐑟𐑩𐑥
blooper	𐑚𐑤𐑵𐑐𐑼	bluːpəR	NN1	RSSB	89	
blooper	𐑚𐑤𐑫𐑐𐑼	ˈblupəR	NN1	GenAm	89	
bloviate	𐑚𐑤𐑴𐑝𐑦𐑱𐑑	ˈbloʊviˌeɪt	VVI	RSSB	89	
blt	𐑚𐑰𐑧𐑤𐑑𐑰	ˌbiːelˈtiː	NN1	RSSB	89	shave_says:𐑚𐑤𐑑
blueberry	𐑚𐑤𐑵𐑚𐑮𐑦	ˈbluːbri	NN1	RSSB	89	shave_says:[𐑚𐑤𐑵𐑚𐑼𐑦 / 𐑚𐑤𐑵𐑚𐑧𐑮𐑦 / 𐑚𐑤𐑵𐑚𐑼𐑮𐑦]
blueberry	𐑚𐑤𐑫𐑚𐑧𐑮𐑦	ˈbluˌberi	NN1	GenAm	89	shave_says:[𐑚𐑤𐑵𐑚𐑼𐑦 / 𐑚𐑤𐑵𐑚𐑧𐑮𐑦 / 𐑚𐑤𐑵𐑚𐑼𐑮𐑦]
bluestem	𐑚𐑤𐑵𐑕𐑑𐑧𐑥	ˈbluːstem	NN1	RSSB	89	shave_says:𐑚𐑤𐑵𐑩𐑕𐑑𐑩𐑥
blusterous	𐑚𐑤𐑳𐑕𐑑𐑮𐑩𐑕	blʌstrəs	AJ0	RSSB	89	shave_says:𐑚𐑤𐑳𐑕𐑑𐑼𐑩𐑕
bock	𐑚𐑷𐑒	bɔːk	NN1	RSSB	89	shave_says:𐑚𐑪𐑒
bodega	𐑚𐑴𐑛𐑱𐑜𐑩	boʊˈdeɪɡə	NN1	GenAm	89	shave_says:𐑚𐑴𐑛𐑧𐑜𐑩
bodhisattva	𐑚𐑴𐑛𐑰𐑕𐑭𐑑𐑝𐑩	boʊdiːˈsɑːtvə	NN1	RSSB	89	shave_says:𐑚𐑪𐑛𐑦𐑕𐑭𐑑𐑝𐑩
bodybuilder	𐑚𐑭𐑛𐑦𐑚𐑦𐑤𐑛𐑼	ˈbɑːdiˌbɪldəR	NN1	GenAm	89	shave_says:𐑚𐑪𐑛𐑦𐑚𐑦𐑤𐑛𐑼
bodybuilding	𐑚𐑭𐑛𐑦𐑚𐑦𐑤𐑛𐑦𐑙	ˈbɑːdiˌbɪldɪŋ	NN1	GenAm	89	shave_says:𐑚𐑪𐑛𐑦𐑚𐑦𐑤𐑛𐑦𐑙
boeotian	𐑚𐑰𐑴𐑖𐑩𐑯	biːˈəʊʃən	AJ0	RSSB	89	shave_says:𐑚𐑦𐑴𐑖𐑩𐑯
bolete	𐑚𐑴𐑤𐑦𐑑	boʊˈlit	NN1	RSSB	89	shave_says:𐑚𐑴𐑤𐑰𐑑
bollix	𐑚𐑪𐑤𐑦𐑒𐑕	ˈbɒlɪks	VVI	RSSB	89	
bolshevism	𐑚𐑪𐑤𐑖𐑩𐑝𐑦𐑟𐑥	ˈbɒlʃəˌvɪzm	NN1	RSSB	89	shave_says:𐑚𐑴𐑤𐑖𐑧𐑝𐑦𐑟𐑩𐑥
bolshevism	𐑚𐑪𐑤𐑖𐑩𐑝𐑦𐑟𐑩𐑥	ˈbɒlʃəˌvɪzəm	NN1	GenAm	89	shave_says:𐑚𐑴𐑤𐑖𐑧𐑝𐑦𐑟𐑩𐑥
bolshevist	𐑚𐑪𐑤𐑖𐑩𐑝𐑦𐑕𐑑	ˈbɒlʃəvɪst	NN1	RSSB	89	shave_says:𐑚𐑴𐑤𐑖𐑧𐑝𐑦𐑕𐑑
bolshie	𐑚𐑪𐑤𐑖𐑦	ˈbɒlʃi	NN1	RSSB	89	shave_says:𐑚𐑴𐑤𐑖𐑦
bombinate	𐑚𐑪𐑥𐑚𐑦𐑯𐑱𐑑	ˈbɒmbɪneɪt	VVI	RSSB	89	shave_says:[𐑚𐑪𐑥𐑦𐑯𐑱𐑑 / 𐑚𐑪𐑥𐑰𐑯𐑱𐑑]
boo-boo	𐑚𐑵𐑚𐑵	ˈbuːˌbuː	NN1	RSSB	89	shave_says:𐑚𐑵-𐑚𐑵
bordelaise	𐑚𐑹𐑛𐑩𐑤𐑱𐑟	ˌbɔːRdəˈleɪz	NN1	GenAm	89	shave_says:𐑚𐑹𐑛𐑫𐑤𐑧𐑟
bosnian	𐑚𐑪𐑟𐑯𐑦𐑩𐑯	ˈbɒzni+ən	AJ0	RSSB	89	shave_says:𐑚𐑪𐑟𐑯𐑾𐑯
bosnian	𐑚𐑭𐑟𐑯𐑦𐑩𐑯	ˈbɑːzni+ən	AJ0	GenAm	89	shave_says:𐑚𐑪𐑟𐑯𐑾𐑯
bosomy	𐑚𐑫𐑟𐑥𐑦	ˈbʊzmi	AJ0	RSSB	89	shave_says:𐑚𐑫𐑟𐑩𐑥𐑦
bouffant	𐑚𐑵𐑓𐑭	ˈbuːfɑː	AJ0	RSSB	89	shave_says:𐑚𐑵𐑓𐑭𐑯𐑑
bouffant	𐑚𐑫𐑓𐑭𐑯𐑑	ˈbufɑːnt	AJ0	GenAm	89	shave_says:𐑚𐑵𐑓𐑭𐑯𐑑
bouillabaisse	𐑚𐑫𐑘𐑩𐑚𐑱𐑕	ˈbujəˌbeɪs	NN1	GenAm	89	shave_says:𐑚𐑵𐑘𐑩𐑚𐑱𐑕
bourdon	𐑚𐑫𐑼𐑛𐑩𐑯	bʊəRdən	NN1	RSSB	89	shave_says:𐑚𐑹𐑛𐑩𐑯
boustrophedon	𐑚𐑵𐑕𐑑𐑮𐑩𐑓𐑰𐑛𐑩𐑯	buːstrəfiːdən	NN1	RSSB	89	shave_says:𐑚𐑵𐑟𐑑𐑮𐑴𐑓𐑑𐑩𐑯
boutonniere	𐑚𐑵𐑑𐑩𐑯𐑰𐑼	buːtəniːəR	NN1	RSSB	89	shave_says:𐑚𐑵𐑑𐑩𐑯𐑽
bovid	𐑚𐑴𐑝𐑩𐑛	ˈboʊvƏd	NN1	GenAm	89	shave_says:𐑚𐑴𐑝𐑦𐑛
bracero	𐑚𐑮𐑩𐑕𐑽𐑴	brəsɪərəʊ	NN1	RSSB	89	shave_says:[𐑚𐑮𐑱𐑕𐑧𐑮𐑴 / 𐑚𐑮𐑱𐑕𐑼𐑴 / 𐑚𐑮𐑨𐑒𐑧𐑮𐑴]
brachial	𐑚𐑮𐑱𐑒𐑾𐑤	breɪkɪəl	AJ0	RSSB	89	shave_says:[𐑚𐑮𐑭𐑒𐑦𐑩𐑤 / 𐑚𐑮𐑱𐑒𐑦𐑩𐑤]
brachiate	𐑚𐑮𐑨𐑒𐑾𐑑	brækɪət	AJ0	RSSB	89	shave_says:𐑚𐑮𐑭𐑒𐑦𐑱𐑑
brachiate	𐑚𐑮𐑨𐑒𐑦𐑱𐑑	ˈbrækɪeɪt	VVI	RSSB	89	shave_says:𐑚𐑮𐑭𐑒𐑦𐑱𐑑
brachiopod	𐑚𐑮𐑨𐑒𐑾𐑐𐑪𐑛	ˈbrækɪəˌpɒd	NN1	GenAm	89	shave_says:𐑚𐑮𐑨𐑒𐑦𐑴𐑐𐑪𐑛
brachyuran	𐑚𐑮𐑨𐑒𐑦𐑘𐑫𐑮𐑩𐑯	ˌbrækiˈjurən	NN1	GenAm	89	shave_says:𐑚𐑮𐑨𐑒𐑦𐑘𐑫𐑼𐑩𐑯
bracteate	𐑚𐑮𐑨𐑒𐑑𐑰𐑩𐑑	braktiːət	AJ0	RSSB	89	
braggadocio	𐑚𐑮𐑨𐑜𐑩𐑛𐑴𐑗𐑴	bræɡədəʊtʃəʊ	NN1	RSSB	89	shave_says:𐑚𐑮𐑨𐑜𐑩𐑛𐑴𐑗𐑦𐑴
braggadocio	𐑚𐑮𐑨𐑜𐑩𐑛𐑴𐑖𐑦𐑴	ˌbræɡəˈdoʊʃiˌoʊ	NN1	GenAm	89	shave_says:𐑚𐑮𐑨𐑜𐑩𐑛𐑴𐑗𐑦𐑴
brahma	𐑚𐑮𐑪𐑥𐑩	ˈbrɒmə	NN1	GenAm	89	shave_says:𐑚𐑮𐑭𐑥𐑩
brahminical	𐑚𐑮𐑩𐑥𐑦𐑯𐑩𐑒𐑩𐑤	brəmɪnəkəl	AJ0	RSSB	89	shave_says:𐑚𐑮𐑭𐑥𐑦𐑯𐑦𐑒𐑩𐑤
brassie	𐑚𐑮𐑨𐑕𐑦	ˈbræsi	NN1	RSSB	89	shave_says:𐑚𐑮𐑭𐑕𐑦
bravura	𐑚𐑮𐑩𐑝𐑘𐑫𐑼𐑩	brəvjʊərə	NN1	RSSB	89	shave_says:𐑚𐑮𐑩𐑝𐑻𐑩
breadbasket	𐑚𐑮𐑧𐑛𐑚𐑭𐑕𐑒𐑦𐑑	bredbɑːskɪt	NN1	RSSB	89	shave_says:[𐑚𐑮𐑧𐑛𐑚𐑭𐑕𐑒𐑩𐑑 / 𐑚𐑮𐑧𐑛𐑚𐑩𐑕𐑒𐑩𐑑]
breadbasket	𐑚𐑮𐑧𐑛𐑚𐑨𐑕𐑒𐑦𐑑	ˈbredˌbæskɪt	NN1	GenAm	89	shave_says:[𐑚𐑮𐑧𐑛𐑚𐑭𐑕𐑒𐑩𐑑 / 𐑚𐑮𐑧𐑛𐑚𐑩𐑕𐑒𐑩𐑑]
breccia	𐑚𐑮𐑧𐑗𐑩	bretʃə	NN1	RSSB	89	shave_says:𐑚𐑮𐑧𐑒𐑦𐑩
breccia	𐑚𐑮𐑧𐑗𐑦𐑩	ˈbretʃi+ə	NN1	GenAm	89	shave_says:𐑚𐑮𐑧𐑒𐑦𐑩
breton	𐑚𐑮𐑧𐑑𐑩𐑯	bretən	NN1	RSSB	89	shave_says:𐑚𐑮𐑧𐑑𐑪𐑯
brickfield	𐑚𐑮𐑦𐑒𐑓𐑾𐑤𐑛	brɪkfɪəld	NN1	RSSB	89	shave_says:[𐑚𐑮𐑦𐑒𐑓𐑰𐑤𐑛 / 𐑚𐑮𐑦𐑒𐑓𐑦𐑩𐑤𐑛]
bricolage	𐑚𐑮𐑦𐑒𐑴𐑤𐑭𐑠	brikəʊlɑːʒ	NN1	RSSB	89	shave_says:[𐑚𐑮𐑰𐑒𐑴𐑤𐑦𐑡 / 𐑚𐑮𐑦𐑒𐑴𐑤𐑦𐑡]
brinjal	𐑚𐑮𐑦𐑯𐑡𐑩𐑤	brɪndʒəl	NN1	RSSB	89	
brisance	𐑚𐑮𐑰𐑟𐑭𐑕	briːzɑːs	NN1	RSSB	89	shave_says:𐑚𐑮𐑦𐑟𐑭𐑯𐑕
brobdingnagian	𐑚𐑮𐑪𐑚𐑛𐑦𐑙𐑯𐑨𐑜𐑾𐑯	brɒbdɪŋnaɡɪən	AJ0	RSSB	89	shave_says:𐑚𐑮𐑪𐑚𐑛𐑦𐑙𐑯𐑨𐑜𐑦𐑩𐑯
brochette	𐑚𐑮𐑴𐑖𐑧𐑑	brəʊˈʃet	NN1	RSSB	89	shave_says:𐑚𐑮𐑪𐑣𐑒𐑧𐑑
bromidic	𐑚𐑮𐑴𐑥𐑦𐑛𐑦𐑒	broʊˈmɪdɪk	AJ0	GenAm	89	shave_says:𐑚𐑮𐑴𐑥𐑲𐑛𐑦𐑒
brooder	𐑚𐑮𐑫𐑛𐑼	ˈbrudəR	NN1	GenAm	89	shave_says:𐑚𐑮𐑵𐑛𐑼
brumous	𐑚𐑮𐑫𐑥𐑩𐑕	ˈbruməs	AJ0	GenAm	89	shave_says:[𐑚𐑮𐑳𐑥𐑩𐑕 / 𐑚𐑮𐑳𐑥𐑴𐑩𐑕 / 𐑚𐑮𐑵𐑥𐑩𐑕 / 𐑚𐑮𐑳𐑥𐑴𐑵𐑟]
bruno	𐑚𐑮𐑫𐑯𐑴	ˈbrunoʊ	NN1	GenAm	89	shave_says:𐑚𐑮𐑵𐑯𐑴
brutus	𐑚𐑮𐑫𐑑𐑩𐑕	brutəs	NN1	RSSB	89	shave_says:[𐑚𐑮𐑵𐑑𐑩𐑕 / 𐑚𐑮𐑵𐑗𐑫𐑟]
bruxism	𐑚𐑮𐑳𐑒𐑕𐑦𐑟𐑥	ˈbrʌksɪzm	NN1	RSSB	89	shave_says:𐑚𐑮𐑳𐑒𐑕𐑦𐑟𐑩𐑥
bryophyte	𐑚𐑮𐑲𐑩𐑓𐑲𐑑	braɪəfaɪt	NN1	RSSB	89	shave_says:𐑚𐑮𐑲𐑴𐑓𐑲𐑑
bryophyte	𐑚𐑮𐑲𐑩𐑓𐑳𐑦𐑑	ˈbraɪəfʌit	NN1	GenAm	89	shave_says:𐑚𐑮𐑲𐑴𐑓𐑲𐑑
bryozoan	𐑚𐑮𐑪𐑾𐑟𐑴𐑩𐑯	ˌbrɒɪəˈzəʊən	NN1	GenAm	89	shave_says:[𐑚𐑮𐑲𐑩𐑟𐑴𐑩𐑯 / 𐑚𐑮𐑲𐑴𐑟𐑴𐑩𐑯]
btu	𐑚𐑰𐑑𐑰𐑿	biːtiːjuː	NN1	RSSB	89	shave_says:𐑚𐑭𐑗𐑫
bubo	𐑚𐑫𐑚𐑴	ˈbuboʊ	NN1	GenAm	89	shave_says:𐑚𐑿𐑚𐑴
buckaroo	𐑚𐑳𐑒𐑼𐑫	bʌkəru	NN1	RSSB	89	shave_says:[𐑚𐑳𐑒𐑼𐑵 / 𐑚𐑳𐑒𐑸𐑵]
bufflehead	𐑚𐑳𐑓𐑩𐑤𐑣𐑧𐑛	ˈbʌfəlhed	NN1	RSSB	89	
bulimia	𐑚𐑘𐑫𐑤𐑦𐑥𐑦𐑩	bjuˈlimi+ə	NN1	RSSB	89	shave_says:𐑚𐑫𐑤𐑦𐑥𐑦𐑩
bulimic	𐑚𐑩𐑤𐑦𐑥𐑦𐑒	bəˈlɪmɪk	AJ0	RSSB	89	shave_says:𐑚𐑫𐑤𐑦𐑥𐑦𐑒
bullhead	𐑚𐑳𐑤𐑣𐑧𐑛	ˈbʌlˌhed	NN1	RSSB	89	shave_says:𐑚𐑫𐑤𐑣𐑧𐑛
burbot	𐑚𐑻𐑚𐑩𐑑	bɜːRbət	NN1	RSSB	89	shave_says:𐑚𐑻𐑚𐑪𐑑
burnoose	𐑚𐑻𐑯𐑵𐑕	bɜːRnuːs	NN1	RSSB	89	shave_says:𐑚𐑼𐑯𐑵𐑕
burnoose	𐑚𐑻𐑯𐑫𐑕	bɜːRˈnus	NN1	GenAm	89	shave_says:𐑚𐑼𐑯𐑵𐑕
burro	𐑚𐑫𐑮𐑴	ˈbʊroʊ	NN1	GenAm	89	shave_says:𐑚𐑻𐑴
buspirone	𐑚𐑘𐑫𐑕𐑐𐑲𐑮𐑴𐑯	bjuˈspaɪˌroʊn	NN1	GenAm	89	shave_says:𐑚𐑳𐑕𐑐𐑲𐑼𐑢𐑳𐑯
by-blow	𐑚𐑲𐑚𐑤𐑴	ˈbaɪbləʊ	NN1	RSSB	89	shave_says:𐑚𐑲-𐑚𐑤𐑴
byelorussian	𐑚𐑘𐑧𐑤𐑼𐑳𐑖𐑩𐑯	bjelərʌʃən	NN1	RSSB	89	shave_says:[𐑚𐑘𐑧𐑤𐑴𐑮𐑳𐑖𐑩𐑯 / 𐑚𐑲𐑧𐑤𐑹𐑩𐑕𐑦𐑩𐑯 / 𐑚𐑲𐑩𐑤𐑼𐑩𐑕𐑦𐑩𐑯]
byre	𐑚𐑲𐑼	baɪəR	NN1	RSSB	89	shave_says:𐑚𐑲𐑮
byrnie	𐑚𐑻𐑯𐑦	bɜːRni	NN1	RSSB	89	shave_says:𐑚𐑲𐑸𐑧𐑯𐑦
byssus	𐑚𐑦𐑕𐑩𐑕	ˈbɪsəs	NN1	RSSB	89	shave_says:𐑚𐑲𐑕𐑵𐑟
byzant	𐑚𐑦𐑟𐑨𐑯𐑑	bɪˈzænt	NN1	RSSB	89	shave_says:𐑚𐑲𐑟𐑨𐑯𐑑
byzantine	𐑚𐑦𐑟𐑩𐑯𐑑𐑰𐑯	ˈbɪzəntiːn	AJ0	GenAm	89	shave_says:𐑚𐑦𐑟𐑨𐑯𐑑𐑲𐑯
byzantium	𐑚𐑦𐑟𐑨𐑯𐑑𐑦𐑩𐑥	bɪˈzænti+əm	NN1	RSSB	89	shave_says:[𐑚𐑲𐑟𐑨𐑯𐑑𐑦𐑩𐑥 / 𐑚𐑲𐑟𐑨𐑯𐑑𐑦𐑵𐑥]
cabana	𐑒𐑩𐑚𐑨𐑯𐑩	kəˈbænə	NN1	RSSB	89	shave_says:𐑒𐑩𐑚𐑭𐑯𐑩
cabg	𐑒𐑨𐑚𐑦𐑡	ˈkæbɪdʒ	NN1	RSSB	89	
cachectic	𐑒𐑩𐑒𐑧𐑒𐑑𐑦𐑒	kəˈkektɪk	AJ0	RSSB	89	shave_says:𐑒𐑨𐑖𐑧𐑒𐑑𐑦𐑒
cachexia	𐑒𐑩𐑒𐑧𐑒𐑕𐑾	kəˈkeksiə	NN1	GenAm	89	shave_says:[𐑒𐑨𐑖𐑧𐑒𐑕𐑦𐑩 / 𐑕𐑩𐑗𐑧𐑒𐑕𐑦𐑩 / 𐑒𐑨𐑖𐑧𐑒𐑕𐑦𐑩]
cachinnate	𐑒𐑨𐑒𐑦𐑯𐑱𐑑	ˈkækɪneɪt	VVI	RSSB	89	shave_says:𐑒𐑨𐑖𐑦𐑯𐑱𐑑
cachinnation	𐑒𐑨𐑒𐑦𐑯𐑱𐑖𐑯	kakɪˈneɪʃn	NN1	RSSB	89	shave_says:[𐑒𐑨𐑖𐑦𐑯𐑱𐑖𐑩𐑯 / 𐑒𐑨𐑖𐑦𐑯𐑭𐑑𐑦𐑩𐑯 / 𐑒𐑨𐑖𐑦𐑯𐑩𐑑𐑦𐑩𐑯]
cacoethes	𐑒𐑨𐑒𐑴𐑰𐑔𐑰𐑟	ˌkakəʊˈiːθiːz	NN1	RSSB	89	shave_says:[𐑒𐑭𐑒𐑴𐑩𐑔𐑕 / 𐑒𐑨𐑒𐑩𐑰𐑔𐑕]
cacography	𐑒𐑨𐑒𐑪𐑜𐑮𐑩𐑓𐑦	kakɒɡrəfi	NN1	RSSB	89	shave_says:[𐑒𐑭𐑒𐑴𐑜𐑮𐑩𐑓𐑦 / 𐑒𐑭𐑒𐑴𐑜𐑮𐑭𐑓𐑦 / 𐑒𐑨𐑒𐑩𐑜𐑮𐑭𐑓𐑰𐑦]
cadaveric	𐑒𐑨𐑛𐑩𐑝𐑧𐑮𐑦𐑒	kadəverɪk	AJ0	RSSB	89	shave_says:𐑒𐑩𐑛𐑨𐑝𐑼𐑦𐑒
caduceus	𐑒𐑩𐑛𐑫𐑕𐑦𐑩𐑕	kəˈdusi+əs	NN1	GenAm	89	shave_says:𐑒𐑩𐑛𐑵𐑕𐑩𐑕
caducous	𐑒𐑩𐑛𐑿𐑒𐑩𐑕	kəˈdjuːkəs	AJ0	RSSB	89	shave_says:𐑒𐑱𐑛𐑵𐑒𐑴𐑩𐑕
caecilian	𐑕𐑦𐑕𐑦𐑤𐑾𐑯	sɪˈsɪlɪən	NN1	RSSB	89	shave_says:𐑕𐑦𐑕𐑦𐑤𐑦𐑩𐑯
caecum	𐑕𐑰𐑒𐑩𐑥	ˈsiːkəm	NN1	RSSB	89	
cairned	𐑒𐑧𐑻𐑯𐑑	keɜːRnt	AJ0	RSSB	89	shave_says:𐑒𐑺𐑯𐑛
cakewalk	𐑒𐑱𐑒𐑢𐑪𐑒	ˈkeɪkwɒk	NN1	GenAm	89	shave_says:[𐑒𐑱𐑒𐑢𐑷𐑒 / 𐑒𐑱𐑒𐑵𐑩𐑤𐑒]
calamari	𐑒𐑨𐑤𐑩𐑥𐑸𐑦	kæləmɑːri	NN1	RSSB	89	shave_says:𐑒𐑭𐑤𐑩𐑥𐑸𐑦
caldera	𐑒𐑨𐑤𐑛𐑺𐑩	kældeərə	NN1	RSSB	89	shave_says:𐑒𐑭𐑤𐑛𐑧𐑮𐑩
caldera	𐑒𐑨𐑤𐑛𐑧𐑮𐑩	kælˈderə	NN1	GenAm	89	shave_says:𐑒𐑭𐑤𐑛𐑧𐑮𐑩
caliche	𐑒𐑩𐑤𐑦𐑗𐑦	kəˈlitʃi	NN1	RSSB	89	
caliginous	𐑒𐑩𐑤𐑦𐑡𐑦𐑯𐑩𐑕	kəˈlɪdʒɪnəs	AJ0	RSSB	89	shave_says:[𐑒𐑱𐑤𐑦𐑜𐑦𐑯𐑩𐑕 / 𐑒𐑱𐑤𐑦𐑜𐑰𐑯𐑴𐑩𐑕 / 𐑒𐑨𐑤𐑦𐑜𐑦𐑯𐑩𐑕 / 𐑒𐑱𐑤𐑦𐑜𐑰𐑯𐑴𐑵𐑟]
caliginous	𐑒𐑩𐑤𐑦𐑡𐑩𐑯𐑩𐑕	kəˈlɪdʒənəs	AJ0	GenAm	89	shave_says:[𐑒𐑱𐑤𐑦𐑜𐑦𐑯𐑩𐑕 / 𐑒𐑱𐑤𐑦𐑜𐑰𐑯𐑴𐑩𐑕 / 𐑒𐑨𐑤𐑦𐑜𐑦𐑯𐑩𐑕 / 𐑒𐑱𐑤𐑦𐑜𐑰𐑯𐑴𐑵𐑟]
calligraph	𐑒𐑨𐑤𐑦𐑜𐑮𐑨𐑓	ˈkælɪɡræf	VVI	RSSB	89	shave_says:[𐑒𐑩𐑤𐑦𐑜𐑮𐑭𐑓 / 𐑒𐑨𐑤𐑦𐑜𐑮𐑭𐑓 / 𐑒𐑨𐑤𐑤𐑦𐑜𐑮𐑭𐑓 / 𐑒𐑩𐑤𐑦𐑜𐑮𐑩𐑓]
callipygian	𐑒𐑨𐑤𐑩𐑐𐑦𐑡𐑦𐑩𐑯	ˌkæləˈpɪdʒi+ən	AJ0	GenAm	89	shave_says:[𐑒𐑨𐑤𐑦𐑐𐑦𐑡𐑦𐑩𐑯 / 𐑒𐑨𐑤𐑤𐑦𐑐𐑦𐑡𐑦𐑩𐑯]
callipygous	𐑒𐑨𐑤𐑦𐑐𐑦𐑡𐑩𐑕	ˌkælɪˈpɪdʒəs	AJ0	GenAm	89	shave_says:[𐑒𐑨𐑤𐑦𐑐𐑦𐑜𐑴𐑩𐑕 / 𐑒𐑨𐑤𐑦𐑐𐑦𐑜𐑴𐑵𐑟 / 𐑒𐑨𐑤𐑤𐑦𐑐𐑦𐑜𐑩𐑕]
callithump	𐑒𐑨𐑤𐑦𐑔𐑳𐑥𐑐	ˈkælɪθʌmp	NN1	RSSB	89	shave_says:[𐑒𐑩𐑤𐑦𐑔𐑳𐑥𐑐 / 𐑒𐑨𐑤𐑦𐑑𐑣𐑳𐑥𐑐 / 𐑒𐑨𐑤𐑤𐑦𐑑𐑣𐑳𐑥𐑐 / 𐑒𐑩𐑤𐑦𐑔𐑩𐑥𐑐]
caloric	𐑒𐑩𐑤𐑪𐑮𐑦𐑒	kəlɒrɪk	AJ0	RSSB	89	shave_says:𐑒𐑩𐑤𐑹𐑦𐑒
caltrop	𐑒𐑷𐑤𐑑𐑮𐑩𐑐	kɔːltrəp	NN1	RSSB	89	shave_says:𐑒𐑨𐑤𐑑𐑮𐑩𐑐
calumet	𐑒𐑨𐑤𐑘𐑩𐑥𐑧𐑑	ˈkæljəmet	NN1	RSSB	89	shave_says:𐑒𐑨𐑤𐑿𐑥𐑧𐑑
calumniatory	𐑒𐑩𐑤𐑳𐑥𐑯𐑾𐑑𐑼𐑦	kəlʌmnɪətəri	AJ0	RSSB	89	shave_says:𐑒𐑩𐑤𐑳𐑥𐑯𐑦𐑱𐑑𐑼𐑦
calumniatory	𐑒𐑩𐑤𐑳𐑥𐑯𐑘𐑩𐑑𐑹𐑦	kəˈlʌmnjəˌtɔːRi	AJ0	GenAm	89	shave_says:𐑒𐑩𐑤𐑳𐑥𐑯𐑦𐑱𐑑𐑼𐑦
calx	𐑒𐑨𐑤𐑒𐑕	kælks	NN1	RSSB	89	
calyculus	𐑒𐑩𐑤𐑦𐑒𐑘𐑩𐑤𐑩𐑕	kəˈlɪkjələs	NN1	RSSB	89	
cambium	𐑒𐑨𐑥𐑚𐑾𐑥	ˈkambɪəm	NN1	RSSB	89	shave_says:𐑒𐑨𐑥𐑚𐑦𐑩𐑥
cambium	𐑒𐑺𐑥𐑚𐑾𐑥	ˈkeəmbiˌəm	NN1	GenAm	89	shave_says:𐑒𐑨𐑥𐑚𐑦𐑩𐑥
camelopard	𐑒𐑨𐑥𐑩𐑤𐑩𐑐𐑸𐑛	kæmələpɑːRd	NN1	RSSB	89	shave_says:[𐑒𐑨𐑥𐑩𐑤𐑴𐑐𐑸𐑛 / 𐑒𐑨𐑥𐑩𐑤𐑪𐑐𐑸𐑛 / 𐑒𐑨𐑥𐑩𐑤𐑴𐑐𐑼𐑛]
camelopard	𐑒𐑩𐑥𐑧𐑤𐑩𐑐𐑸𐑛	kəˈmeləpɑːRd	NN1	GenAm	89	shave_says:[𐑒𐑨𐑥𐑩𐑤𐑴𐑐𐑸𐑛 / 𐑒𐑨𐑥𐑩𐑤𐑪𐑐𐑸𐑛 / 𐑒𐑨𐑥𐑩𐑤𐑴𐑐𐑼𐑛]
campestral	𐑒𐑨𐑥𐑐𐑧𐑕𐑑𐑮𐑩𐑤	kæmpestrəl	AJ0	RSSB	89	shave_says:𐑒𐑨𐑥𐑐𐑩𐑕𐑑𐑮𐑩𐑤
canaliculus	𐑒𐑨𐑯𐑩𐑤𐑦𐑒𐑘𐑩𐑤𐑩𐑕	ˌkænəˈlɪkjələs	NN1	GenAm	89	shave_says:[𐑒𐑨𐑯𐑩𐑤𐑦𐑒𐑿𐑤𐑩𐑕 / 𐑒𐑨𐑯𐑩𐑤𐑦𐑒𐑵𐑤𐑩𐑕 / 𐑒𐑨𐑯𐑩𐑤𐑦𐑒𐑿𐑤𐑵𐑟]
candlemas	𐑒𐑨𐑯𐑛𐑩𐑤𐑥𐑩𐑕	ˈkændəlməs	NN1	RSSB	89	shave_says:[𐑒𐑨𐑯𐑛𐑩𐑤𐑥𐑭𐑕 / 𐑒𐑨𐑯𐑛𐑩𐑤𐑩𐑥𐑩𐑟]
canella	𐑒𐑩𐑯𐑧𐑤𐑩	kəˈnelə	NN1	RSSB	89	shave_says:𐑒𐑭𐑯𐑧𐑤𐑩
canescent	𐑒𐑩𐑯𐑧𐑕𐑩𐑯𐑑	kəˈnesənt	AJ0	RSSB	89	shave_says:[𐑒𐑱𐑯𐑟𐑕𐑧𐑯𐑑 / 𐑒𐑱𐑯𐑟𐑩𐑕𐑩𐑯𐑑]
cangue	𐑒𐑨𐑙	kæŋ	NN1	RSSB	89	
canicule	𐑒𐑨𐑯𐑦𐑒𐑿𐑤	ˈkanɪkjuːl	NN1	RSSB	89	shave_says:[𐑒𐑱𐑯𐑦𐑒𐑿𐑤 / 𐑒𐑱𐑯𐑦𐑒𐑵𐑩𐑤]
canid	𐑒𐑱𐑯𐑩𐑛	ˈkeɪnəd	NN1	RSSB	89	shave_says:[𐑒𐑱𐑯𐑦𐑛 / 𐑒𐑨𐑯𐑦𐑛]
canistel	𐑒𐑨𐑯𐑦𐑕𐑑𐑩𐑤	ˈkænɪstəl	NN1	RSSB	89	shave_says:[𐑒𐑱𐑯𐑦𐑕𐑑𐑧𐑤 / 𐑒𐑱𐑯𐑦𐑕𐑑𐑩𐑤]
cannula	𐑒𐑨𐑯𐑘𐑩𐑤𐑩	ˈkænjələ	NN1	RSSB	89	shave_says:[𐑒𐑨𐑯𐑿𐑤𐑩 / 𐑒𐑨𐑯𐑵𐑤𐑩]
canola	𐑒𐑩𐑯𐑴𐑤𐑩	kəˈnoʊlə	NN1	RSSB	89	shave_says:𐑒𐑨𐑯𐑴𐑤𐑩
cantabrigian	𐑒𐑨𐑯𐑑𐑩𐑚𐑮𐑦𐑡𐑾𐑯	kæntəbrɪdʒɪən	AJ0	RSSB	89	shave_says:𐑒𐑨𐑯𐑑𐑩𐑚𐑮𐑦𐑡𐑦𐑩𐑯
caoutchouc	𐑒𐑬𐑗𐑫𐑒	ˈkaʊtʃʊk	NN1	RSSB	89	
capercaillie	𐑒𐑨𐑐𐑼𐑒𐑱𐑤𐑦	kæpəRˈkeɪli	NN1	GenAm	89	
capful	𐑒𐑨𐑐𐑓𐑫𐑤	ˈkæpfʊl	NN1	RSSB	89	shave_says:[𐑒𐑨𐑐𐑓𐑩𐑤 / 𐑒𐑨𐑐𐑓𐑵𐑤]
cappadocian	𐑒𐑨𐑐𐑩𐑛𐑴𐑖𐑦𐑩𐑯	kæpəˈdəʊʃi+ən	AJ0	RSSB	89	shave_says:𐑒𐑨𐑐𐑩𐑛𐑴𐑖𐑾𐑯
cappuccino	𐑒𐑨𐑐𐑩𐑗𐑰𐑯𐑴	ˌkæpəˈtʃiːnoʊ	NN1	GenAm	89	shave_says:𐑒𐑭𐑐𐑵𐑗𐑰𐑯𐑴
caprifig	𐑒𐑨𐑐𐑮𐑩𐑓𐑦𐑜	kæprəfɪɡ	NN1	RSSB	89	shave_says:𐑒𐑭𐑐𐑮𐑦𐑓𐑦𐑜
capsaicin	𐑒𐑨𐑐𐑕𐑱𐑩𐑕𐑩𐑯	kæpˈseɪəsən	NN1	RSSB	89	shave_says:𐑒𐑨𐑐𐑕𐑱𐑕𐑦𐑯
captopril	𐑒𐑨𐑐𐑑𐑩𐑐𐑮𐑦𐑤	ˈkæptəˌprɪl	NN1	GenAm	89	shave_says:[𐑒𐑨𐑐𐑑𐑪𐑐𐑮𐑦𐑤 / 𐑒𐑨𐑐𐑑𐑴𐑐𐑮𐑦𐑤]
capuchin	𐑒𐑨𐑐𐑩𐑗𐑦𐑯	ˈkæpətʃɪn	NN1	RSSB	89	shave_says:𐑒𐑨𐑐𐑿𐑖𐑩𐑯
caput	𐑒𐑨𐑐𐑩𐑑	ˈkæpət	NN1	RSSB	89	shave_says:[𐑒𐑱𐑐𐑳𐑑 / 𐑒𐑨𐑐𐑳𐑑]
capybara	𐑒𐑨𐑐𐑦𐑚𐑸𐑩	kapɪbɑːrə	NN1	RSSB	89	shave_says:𐑒𐑱𐑐𐑦𐑚𐑸𐑩
capybara	𐑒𐑨𐑐𐑦𐑚𐑧𐑮𐑩	ˌkæpiˈberə	NN1	GenAm	89	shave_says:𐑒𐑱𐑐𐑦𐑚𐑸𐑩
carabao	𐑒𐑨𐑮𐑩𐑚𐑱𐑴	kærəbeɪəʊ	NN1	RSSB	89	shave_says:𐑒𐑨𐑮𐑩𐑚𐑬
caracara	𐑒𐑨𐑮𐑩𐑒𐑸𐑩	kærəkɑːRə	NN1	RSSB	89	shave_says:[𐑒𐑺𐑩𐑒𐑺𐑩 / 𐑒𐑺𐑩𐑒𐑸𐑩]
caragana	𐑒𐑨𐑮𐑩𐑜𐑭𐑯𐑩	kærəɡɑːnə	NN1	RSSB	89	shave_says:𐑒𐑺𐑭𐑜𐑩𐑯𐑩
carbonara	𐑒𐑸𐑚𐑩𐑯𐑸𐑩	ˌkɑːRbəˈnɑːRə	NN1	GenAm	89	shave_says:[𐑒𐑸𐑚𐑩𐑯𐑼𐑩 / 𐑒𐑸𐑚𐑴𐑯𐑨𐑮𐑩]
carbonarism	𐑒𐑸𐑚𐑩𐑯𐑸𐑦𐑟𐑩𐑥	ˌkɑːRbəˈnɑːRɪzəm	NN1	GenAm	89	shave_says:[𐑒𐑸𐑚𐑩𐑯𐑼𐑦𐑟𐑩𐑥 / 𐑒𐑸𐑚𐑴𐑯𐑨𐑮𐑦𐑟𐑩𐑥]
carburetor	𐑒𐑸𐑚𐑼𐑧𐑑𐑼	kɑːRbəretəR	NN1	RSSB	89	shave_says:𐑒𐑸𐑚𐑼𐑱𐑑𐑼
carcajou	𐑒𐑸𐑒𐑩𐑠𐑫	kɑːRkəʒu	NN1	RSSB	89	
carotid	𐑒𐑼𐑪𐑑𐑩𐑛	kəˈrɒtƏd	AJ0	GenAm	89	shave_says:𐑒𐑼𐑪𐑑𐑦𐑛
carrageen	𐑒𐑨𐑮𐑩𐑜𐑰𐑯	kærəɡiːn	NN1	RSSB	89	shave_says:𐑒𐑸𐑦𐑡𐑰𐑯
carrageen	𐑒𐑧𐑮𐑩𐑜𐑰𐑯	ˌkerəˈɡiːn	NN1	GenAm	89	shave_says:𐑒𐑸𐑦𐑡𐑰𐑯
carrageenan	𐑒𐑨𐑮𐑩𐑜𐑰𐑯𐑩𐑯	kærəɡiːnən	NN1	RSSB	89	shave_says:𐑒𐑸𐑦𐑡𐑰𐑯𐑩𐑯
carrageenan	𐑒𐑧𐑮𐑩𐑜𐑰𐑯𐑩𐑯	ˌkerəˈɡiːnən	NN1	GenAm	89	shave_says:𐑒𐑸𐑦𐑡𐑰𐑯𐑩𐑯
cartesian	𐑒𐑸𐑑𐑰𐑟𐑾𐑯	kɑːrtiːziən	AJ0	RSSB	89	shave_says:𐑒𐑸𐑑𐑰𐑠𐑩𐑯
carthusian	𐑒𐑸𐑔𐑿𐑟𐑦𐑩𐑯	kɑːRθjuːzi+ən	AJ0	RSSB	89	shave_says:𐑒𐑸𐑔𐑩𐑕𐑦𐑩𐑯
carthusian	𐑒𐑸𐑔𐑫𐑠𐑩𐑯	kɑːRˈθuʒən	AJ0	GenAm	89	shave_says:𐑒𐑸𐑔𐑩𐑕𐑦𐑩𐑯
cartographic	𐑒𐑸𐑑𐑴𐑜𐑮𐑨𐑓𐑦𐑒	kɑːRtəʊɡræfɪk	AJ0	RSSB	89	shave_says:𐑒𐑸𐑑𐑩𐑜𐑮𐑭𐑓𐑦𐑒
cartographic	𐑒𐑸𐑑𐑩𐑜𐑮𐑨𐑓𐑦𐑒	ˌkɑːRtəˈɡræfɪk	AJ0	GenAm	89	shave_says:𐑒𐑸𐑑𐑩𐑜𐑮𐑭𐑓𐑦𐑒
cartouche	𐑒𐑸𐑑𐑫𐑖	kɑːRˈtuʃ	NN1	GenAm	89	shave_says:𐑒𐑸𐑑𐑵𐑖
caruncle	𐑒𐑨𐑮𐑩𐑙𐑒𐑩𐑤	karəŋkəl	NN1	RSSB	89	shave_says:𐑒𐑼𐑳𐑙𐑒𐑩𐑤
caruncle	𐑒𐑧𐑮𐑳𐑙𐑒𐑩𐑤	ˈkerˌʌŋkəl	NN1	GenAm	89	shave_says:𐑒𐑼𐑳𐑙𐑒𐑩𐑤
caruncula	𐑒𐑼𐑳𐑙𐑒𐑘𐑩𐑤𐑩	kəˈrʌŋkjələ	NN1	GenAm	89	shave_says:𐑒𐑸𐑳𐑙𐑒𐑿𐑤𐑩
carvedilol	𐑒𐑸𐑝𐑩𐑛𐑦𐑤𐑪𐑤	ˈkɑːRvəˌdɪlɒl	NN1	GenAm	89	shave_says:[𐑒𐑸𐑝𐑛𐑦𐑤𐑩𐑤 / 𐑒𐑸𐑝𐑛𐑦𐑤𐑴𐑤]
casbah	𐑒𐑨𐑟𐑚𐑪	ˈkæzbɒ	NN1	GenAm	89	shave_says:𐑒𐑨𐑟𐑚𐑭
cascabel	𐑒𐑨𐑕𐑒𐑩𐑚𐑧𐑤	ˈkæskəbel	NN1	RSSB	89	shave_says:𐑒𐑨𐑕𐑒𐑨𐑚𐑩𐑤
casern	𐑒𐑩𐑟𐑻𐑯	kəzɜːRn	NN1	RSSB	89	shave_says:[𐑒𐑱𐑕𐑸𐑧𐑯 / 𐑒𐑱𐑕𐑼𐑯]
cassia	𐑒𐑨𐑕𐑾	ˈkæsiə	NN1	RSSB	89	shave_says:𐑒𐑨𐑕𐑦𐑩
casteless	𐑒𐑨𐑕𐑑𐑤𐑩𐑕	ˈkæstləs	AJ0	GenAm	89	shave_says:[𐑒𐑨𐑕𐑑𐑦𐑤𐑩𐑕 / 𐑒𐑭𐑕𐑑𐑤𐑩𐑕]
castrato	𐑒𐑨𐑕𐑑𐑮𐑭𐑑𐑴	kæstrɑːtəʊ	NN1	RSSB	89	shave_says:𐑒𐑨𐑕𐑑𐑮𐑱𐑑𐑴
catamenia	𐑒𐑨𐑑𐑩𐑥𐑰𐑯𐑾	kætəˈmiːnɪə	NN1	RSSB	89	shave_says:[𐑒𐑨𐑑𐑩𐑥𐑧𐑯𐑦𐑩 / 𐑒𐑨𐑑𐑭𐑥𐑧𐑯𐑦𐑩]
catamountain	𐑒𐑨𐑑𐑩𐑥𐑬𐑯𐑑𐑦𐑯	kætəˈmaʊntɪn	NN1	RSSB	89	shave_says:[𐑒𐑨𐑑𐑩𐑥𐑬𐑯𐑑𐑩𐑯 / 𐑒𐑨𐑑𐑩𐑥𐑬𐑯𐑑𐑱𐑯 / 𐑒𐑨𐑑𐑩𐑥𐑬𐑯𐑑𐑩𐑦𐑯]
catamountain	𐑒𐑨𐑑𐑩𐑥𐑬𐑯𐑑𐑯	kætəˈmaʊntn	NN1	GenAm	89	shave_says:[𐑒𐑨𐑑𐑩𐑥𐑬𐑯𐑑𐑩𐑯 / 𐑒𐑨𐑑𐑩𐑥𐑬𐑯𐑑𐑱𐑯 / 𐑒𐑨𐑑𐑩𐑥𐑬𐑯𐑑𐑩𐑦𐑯]
catbird	𐑒𐑨𐑑𐑚𐑼𐑛	katbəRd	NN1	RSSB	89	shave_says:𐑒𐑨𐑑𐑚𐑻𐑛
catechetic	𐑒𐑨𐑑𐑰𐑒𐑰𐑑𐑦𐑒	ˌkatiːˈkiːtɪk	AJ0	RSSB	89	shave_says:[𐑒𐑨𐑑𐑩𐑒𐑧𐑑𐑦𐑒 / 𐑒𐑨𐑑𐑩𐑒𐑰𐑑𐑦𐑒 / 𐑒𐑨𐑑𐑩𐑒𐑩𐑑𐑦𐑒 / 𐑒𐑨𐑑𐑧𐑗𐑧𐑧𐑑𐑦𐑒]
catechu	𐑒𐑨𐑑𐑦𐑗𐑵	ˈkætɪtʃuː	NN1	RSSB	89	shave_says:𐑒𐑨𐑑𐑩𐑒𐑵
catechu	𐑒𐑨𐑑𐑩𐑗𐑵	ˈkætəˌtʃuː	NN1	GenAm	89	shave_says:𐑒𐑨𐑑𐑩𐑒𐑵
catechumen	𐑒𐑨𐑑𐑦𐑒𐑿𐑥𐑧𐑯	ˌkætɪˈkjuːmen	NN1	RSSB	89	shave_says:[𐑒𐑨𐑑𐑩𐑒𐑵𐑥𐑧𐑯 / 𐑒𐑨𐑑𐑩𐑒𐑵𐑥𐑩𐑯 / 𐑒𐑨𐑑𐑩𐑒𐑩𐑥𐑩𐑯]
catechumen	𐑒𐑨𐑑𐑩𐑒𐑘𐑫𐑥𐑩𐑯	ˌkætəˈkjumən	NN1	GenAm	89	shave_says:[𐑒𐑨𐑑𐑩𐑒𐑵𐑥𐑧𐑯 / 𐑒𐑨𐑑𐑩𐑒𐑵𐑥𐑩𐑯 / 𐑒𐑨𐑑𐑩𐑒𐑩𐑥𐑩𐑯]
catenate	𐑒𐑨𐑑𐑩𐑯𐑱𐑑	ˈkætəneɪt	VVI	RSSB	89	shave_says:[𐑒𐑩𐑑𐑰𐑯𐑱𐑑 / 𐑒𐑨𐑑𐑦𐑯𐑱𐑑 / 𐑒𐑨𐑑𐑧𐑯𐑱𐑑]
cathect	𐑒𐑩𐑔𐑧𐑒𐑑	kəˈθekt	VVI	RSSB	89	shave_says:[𐑒𐑨𐑔𐑧𐑒𐑑 / 𐑒𐑨𐑑𐑣𐑧𐑒𐑑]
cathectic	𐑒𐑩𐑔𐑧𐑒𐑑𐑦𐑒	kəˈθektɪk	AJ0	RSSB	89	shave_says:[𐑒𐑨𐑑𐑣𐑧𐑒𐑑𐑦𐑒 / 𐑒𐑨𐑔𐑧𐑒𐑑𐑦𐑒]
catheter	𐑒𐑨𐑔𐑦𐑑𐑼	ˈkæθɪtəR	NN1	GenAm	89	shave_says:[𐑒𐑨𐑑𐑣𐑧𐑑𐑼 / 𐑒𐑨𐑔𐑩𐑑𐑼 / 𐑒𐑨𐑔𐑰𐑑𐑼]
cathexis	𐑒𐑩𐑔𐑧𐑒𐑕𐑦𐑕	kəˈθeksɪs	NN1	RSSB	89	shave_says:[𐑒𐑨𐑑𐑣𐑧𐑒𐑕𐑦𐑕 / 𐑒𐑨𐑔𐑧𐑒𐑕𐑦𐑕 / 𐑒𐑨𐑔𐑧𐑒𐑕𐑦𐑟]
catholicon	𐑒𐑩𐑔𐑪𐑤𐑦𐑒𐑪𐑯	kəˈθɒlɪkɒn	NN1	RSSB	89	shave_says:𐑒𐑨𐑔𐑩𐑤𐑦𐑒𐑩𐑯
catholicos	𐑒𐑩𐑔𐑪𐑤𐑦𐑒𐑩𐑕	kəˈθɒlɪkəs	NN1	RSSB	89	shave_says:𐑒𐑨𐑔𐑩𐑤𐑦𐑒𐑴𐑟
cattleya	𐑒𐑨𐑑𐑤𐑾	ˈkatlɪə	NN1	RSSB	89	shave_says:𐑒𐑨𐑑𐑤𐑦𐑩
caudex	𐑒𐑷𐑛𐑧𐑒𐑕	ˈkɔːdeks	NN1	RSSB	89	
cay	𐑒𐑰	kiː	NN1	RSSB	89	shave_says:𐑒𐑱
cayuga	𐑒𐑩𐑿𐑜𐑩	kəˈjuːɡə	NN1	RSSB	89	shave_says:𐑒𐑲𐑵𐑜𐑩
cd-rom	𐑕𐑰𐑛𐑰𐑮𐑪𐑥	siːdiːˈrɒm	NN1	RSSB	89	shave_says:𐑕𐑰𐑛𐑰-𐑮𐑪𐑥
ce	𐑕𐑰	siː	NN1	RSSB	89	shave_says:𐑕𐑧
cedi	𐑕𐑰𐑛𐑰	ˈsiːdiː	NN1	RSSB	89	shave_says:𐑕𐑰𐑛𐑦
cefotaxime	𐑕𐑧𐑓𐑩𐑑𐑨𐑒𐑕𐑰𐑥	sefəˈtæksiːm	NN1	RSSB	89	
ceftazidime	𐑕𐑧𐑓𐑑𐑨𐑟𐑦𐑛𐑰𐑥	sefˈtæzɪdiːm	NN1	RSSB	89	
cefuroxime	𐑕𐑧𐑓𐑘𐑼𐑪𐑒𐑕𐑰𐑥	ˌsefjəˈrɒkˌsiːm	NN1	GenAm	89	
celebratory	𐑕𐑧𐑤𐑩𐑚𐑮𐑩𐑑𐑹𐑦	seləbrətɔːri	AJ0	RSSB	89	shave_says:𐑕𐑧𐑤𐑩𐑚𐑮𐑱𐑑𐑼𐑦
celecoxib	𐑕𐑧𐑤𐑩𐑒𐑪𐑒𐑕𐑦𐑚	ˌseləˈkɒksɪb	NN1	GenAm	89	
celeriac	𐑕𐑩𐑤𐑺𐑦𐑨𐑒	səleəriæk	NN1	RSSB	89	shave_says:𐑕𐑧𐑤𐑼𐑦𐑨𐑒
celesta	𐑕𐑩𐑤𐑧𐑕𐑑𐑩	səˈlestə	NN1	RSSB	89	shave_says:𐑕𐑰𐑤𐑩𐑕𐑑𐑩
celtuce	𐑕𐑧𐑤𐑑𐑩𐑕	ˈseltəs	NN1	RSSB	89	shave_says:𐑒𐑧𐑤𐑗𐑫𐑕
cementitious	𐑕𐑧𐑥𐑧𐑯𐑑𐑦𐑖𐑩𐑕	ˌsemenˈtɪʃəs	AJ0	RSSB	89	shave_says:[𐑕𐑦𐑥𐑧𐑯𐑑𐑦𐑖𐑩𐑕 / 𐑕𐑦𐑥𐑧𐑯𐑑𐑦𐑑𐑦𐑩𐑕 / 𐑕𐑦𐑥𐑧𐑯𐑑𐑲𐑑𐑦𐑩𐑕 / 𐑕𐑦𐑥𐑧𐑯𐑑𐑦𐑑𐑦𐑴𐑩𐑕 / 𐑕𐑦𐑥𐑧𐑯𐑑𐑦𐑑𐑦𐑴𐑵𐑟]
cenobite	𐑕𐑰𐑯𐑩𐑚𐑲𐑑	ˈsiːnəbaɪt	NN1	RSSB	89	shave_says:[𐑕𐑰𐑯𐑴𐑚𐑲𐑑 / 𐑕𐑰𐑯𐑪𐑚𐑲𐑑]
centaury	𐑕𐑧𐑯𐑑𐑹𐑦	ˈsentɔːRi	NN1	GenAm	89	shave_says:𐑕𐑭𐑯𐑑𐑹𐑦
centavo	𐑕𐑧𐑯𐑑𐑭𐑝𐑴	senˈtɑːvoʊ	NN1	RSSB	89	shave_says:[𐑕𐑧𐑯𐑑𐑱𐑝𐑴 / 𐑕𐑧𐑯𐑑𐑩𐑝𐑴]
centesimal	𐑕𐑧𐑯𐑑𐑧𐑕𐑩𐑥𐑩𐑤	senˈtesəməl	AJ0	GenAm	89	shave_says:[𐑕𐑧𐑯𐑑𐑧𐑕𐑦𐑥𐑩𐑤 / 𐑕𐑧𐑯𐑑𐑩𐑰𐑟𐑦𐑥𐑩𐑤]
centesimo	𐑗𐑧𐑯𐑑𐑧𐑟𐑦𐑥𐑴	tʃenˈtezɪməʊ	NN1	RSSB	89	shave_says:𐑕𐑧𐑯𐑑𐑩𐑰𐑟𐑦𐑥𐑴
centrical	𐑕𐑧𐑯𐑑𐑮𐑩𐑒𐑩𐑤	ˈsentrəkəl	AJ0	GenAm	89	shave_says:𐑕𐑧𐑯𐑑𐑮𐑦𐑒𐑩𐑤
centriole	𐑕𐑧𐑯𐑑𐑮𐑾𐑫𐑤	sentrɪəʊl	NN1	RSSB	89	shave_says:[𐑕𐑧𐑯𐑑𐑮𐑦𐑴𐑤 / 𐑕𐑧𐑯𐑑𐑮𐑦𐑴𐑩𐑤]
centromere	𐑕𐑧𐑯𐑑𐑮𐑩𐑥𐑽	ˈsentrəˌmiəR	NN1	GenAm	89	shave_says:𐑕𐑧𐑯𐑑𐑮𐑴𐑥𐑽
cephalalgia	𐑕𐑧𐑓𐑩𐑤𐑨𐑤𐑡𐑩	ˌsefəˈlældʒə	NN1	RSSB	89	
cephalopod	𐑕𐑧𐑓𐑨𐑤𐑨𐑐𐑪𐑛	ˈsefalapɒd	NN1	GenAm	89	shave_says:𐑕𐑧𐑓𐑩𐑤𐑩𐑐𐑪𐑛
cephalosporin	𐑒𐑧𐑓𐑩𐑤𐑴𐑕𐑐𐑷𐑼𐑦𐑯	kefələʊspɔərɪn	NN1	RSSB	89	shave_says:[𐑕𐑧𐑓𐑩𐑤𐑩𐑕𐑐𐑹𐑦𐑯 / 𐑕𐑧𐑓𐑩𐑤𐑴𐑟𐑐𐑹𐑦𐑯 / 𐑕𐑧𐑓𐑩𐑤𐑴𐑕𐑐𐑼𐑦𐑯]
cercaria	𐑕𐑻𐑒𐑺𐑾	sɜːRkeərɪə	NN1	RSSB	89	
cerebellum	𐑕𐑧𐑮𐑦𐑚𐑧𐑤𐑩𐑥	serɪbeləm	NN1	RSSB	89	shave_says:𐑕𐑧𐑮𐑩𐑚𐑧𐑤𐑩𐑥
cerebrum	𐑕𐑼𐑰𐑚𐑮𐑩𐑥	səˈriːbrəm	NN1	GenAm	89	shave_says:[𐑕𐑧𐑮𐑦𐑚𐑮𐑩𐑥 / 𐑕𐑧𐑮𐑦𐑚𐑮𐑵𐑥]
certiorari	𐑕𐑻𐑖𐑼𐑺𐑲	sɜːRʃəreəraɪ	NN1	RSSB	89	shave_says:𐑕𐑼𐑖𐑽𐑺𐑦
certiorari	𐑕𐑻𐑖𐑼𐑧𐑮𐑲	ˌsɜːRʃəˈreraɪ	NN1	GenAm	89	shave_says:𐑕𐑼𐑖𐑽𐑺𐑦
cerumen	𐑕𐑼𐑵𐑥𐑧𐑯	səˈruːmen	NN1	GenAm	89	shave_says:[𐑕𐑽𐑵𐑥𐑧𐑯 / 𐑕𐑽𐑵𐑥𐑩𐑯 / 𐑕𐑽𐑩𐑥𐑩𐑯]
ceruse	𐑕𐑦𐑮𐑵𐑕	sɪˈruːs	NN1	RSSB	89	
cervine	𐑕𐑻𐑝𐑲𐑯	sɜːRvaɪn	AJ0	RSSB	89	shave_says:𐑕𐑻𐑝𐑰𐑯
cestode	𐑕𐑧𐑕𐑑𐑴𐑛	ˈseˌstoʊd	NN1	GenAm	89	shave_says:𐑒𐑧𐑕𐑑𐑴𐑛
cetacean	𐑕𐑦𐑑𐑱𐑖𐑩𐑯	sɪˈteɪʃən	AJ0	RSSB	89	shave_says:𐑕𐑩𐑑𐑱𐑖𐑩𐑯
chabazite	𐑒𐑨𐑚𐑩𐑟𐑲𐑑	ˈkæbəzaɪt	NN1	RSSB	89	shave_says:[𐑗𐑭𐑚𐑱𐑟𐑲𐑑 / 𐑗𐑭𐑚𐑩𐑟𐑲𐑑]
chaeta	𐑒𐑰𐑑𐑩	ˈkiːtə	NN1	RSSB	89	shave_says:[𐑗𐑭𐑰𐑑𐑩 / 𐑗𐑭𐑩𐑑𐑩]
chalaza	𐑒𐑩𐑤𐑱𐑟𐑩	kəˈleɪzə	NN1	RSSB	89	shave_says:[𐑗𐑭𐑤𐑱𐑟𐑩 / 𐑗𐑭𐑤𐑩𐑟𐑩]
chalazion	𐑒𐑩𐑤𐑱𐑟𐑦𐑩𐑯	kəˈleɪzi+ən	NN1	RSSB	89	shave_says:𐑗𐑭𐑤𐑱𐑟𐑦𐑩𐑯
chalcedon	𐑒𐑨𐑤𐑕𐑦𐑛𐑪𐑯	ˈkælsɪdɒn	NN1	RSSB	89	shave_says:𐑗𐑨𐑤𐑕𐑦𐑛𐑪𐑯
chalcedon	𐑒𐑨𐑤𐑕𐑦𐑛𐑭𐑯	ˈkælsɪdɑːn	NN1	GenAm	89	shave_says:𐑗𐑨𐑤𐑕𐑦𐑛𐑪𐑯
chalcedony	𐑒𐑨𐑤𐑕𐑧𐑛𐑩𐑯𐑦	kælˈsedəni	NN1	RSSB	89	shave_says:𐑗𐑨𐑤𐑕𐑦𐑛𐑴𐑯𐑦
chalcopyrite	𐑒𐑨𐑤𐑒𐑩𐑐𐑲𐑮𐑲𐑑	kælkəpaɪraɪt	NN1	RSSB	89	shave_says:[𐑗𐑭𐑤𐑒𐑴𐑐𐑲𐑼𐑲𐑑 / 𐑗𐑨𐑤𐑒𐑩𐑐𐑦𐑮𐑲𐑑]
challis	𐑖𐑨𐑤𐑦	ˈʃæli	NN1	RSSB	89	shave_says:𐑗𐑭𐑤𐑦𐑕
chamfer	𐑖𐑨𐑥𐑓𐑼	ʃæmfəR	NN1	RSSB	89	shave_says:𐑗𐑨𐑥𐑓𐑼
champaign	𐑗𐑨𐑥𐑐𐑱𐑯	ˈtʃæmpeɪn	NN1	RSSB	89	shave_says:𐑖𐑨𐑥𐑐𐑱𐑯
chanceful	𐑗𐑨𐑯𐑕𐑓𐑩𐑤	ˈtʃænsfəl	AJ0	RSSB	89	shave_says:[𐑗𐑭𐑯𐑕𐑓𐑩𐑤 / 𐑗𐑭𐑯𐑕𐑓𐑵𐑤]
change-up	𐑗𐑱𐑯𐑡𐑳𐑐	ˈtʃeɪndʒʌp	NN1	RSSB	89	shave_says:𐑗𐑱𐑯𐑡-𐑳𐑐
chanter	𐑗𐑨𐑯𐑑𐑼	ˈtʃæntəR	NN1	GenAm	89	shave_says:𐑗𐑭𐑯𐑑𐑼
chanterelle	𐑗𐑨𐑯𐑑𐑼𐑧𐑤	tʃæntərel	NN1	RSSB	89	shave_says:[𐑗𐑭𐑯𐑑𐑼𐑧𐑤 / 𐑗𐑭𐑯𐑑𐑼𐑩𐑤𐑩𐑤]
chapati	𐑗𐑩𐑐𐑨𐑑𐑦	tʃəˈpæti	NN1	RSSB	89	shave_says:[𐑗𐑨𐑐𐑭𐑑𐑦 / 𐑗𐑨𐑐𐑱𐑑𐑦 / 𐑗𐑨𐑐𐑨𐑑𐑦 / 𐑗𐑱𐑱𐑐𐑭𐑑𐑦]
chapeau	𐑖𐑨𐑐𐑴	ʃæˈpoʊ	NN1	RSSB	89	shave_says:𐑖𐑩𐑐𐑴
charcuterie	𐑖𐑸𐑒𐑵𐑑𐑼𐑦	ʃɑːrkuːtəri	NN1	RSSB	89	shave_says:𐑗𐑸𐑒𐑿𐑑𐑼𐑦
charon	𐑒𐑺𐑪𐑯	keərɒn	NN1	RSSB	89	shave_says:𐑒𐑨𐑮𐑩𐑯
charon	𐑒𐑺𐑩𐑯	ˈkeərən	NN1	GenAm	89	shave_says:𐑒𐑨𐑮𐑩𐑯
chasse	𐑖𐑭𐑕𐑱	ʃɑːˈseɪ	NN1	RSSB	89	shave_says:𐑖𐑨𐑕𐑱
chateaubriand	𐑖𐑨𐑑𐑴𐑚𐑮𐑰𐑪	ˌʃatəʊˈbriːɒ	NN1	RSSB	89	shave_says:𐑖𐑭𐑑𐑴𐑚𐑮𐑦𐑭𐑯𐑛
chateaubriand	𐑖𐑨𐑑𐑴𐑚𐑮𐑦𐑪	ʃæˌtoʊbriˈɒ	NN1	GenAm	89	shave_says:𐑖𐑭𐑑𐑴𐑚𐑮𐑦𐑭𐑯𐑛
chatoyant	𐑖𐑩𐑑𐑶𐑩𐑯𐑑	ʃəˈtɔɪənt	AJ0	GenAm	89	shave_says:𐑗𐑨𐑑𐑶𐑩𐑯𐑑
chechen	𐑗𐑧𐑗𐑧𐑯	ˈtʃetʃen	AJ0	RSSB	89	shave_says:𐑗𐑧𐑗𐑩𐑯
cheerlead	𐑗𐑦𐑮𐑤𐑦𐑛	ˈtʃɪrlid	VVI	GenAm	89	shave_says:𐑗𐑽𐑤𐑰𐑛
chelicera	𐑒𐑩𐑤𐑦𐑕𐑼𐑩	kəlɪsərə	NN1	RSSB	89	shave_says:𐑒𐑰𐑤𐑦𐑕𐑼𐑩
cherimoya	𐑗𐑧𐑮𐑦𐑥𐑶𐑩	tʃerɪmɔɪ+ə	NN1	RSSB	89	shave_says:[𐑖𐑧𐑮𐑦𐑥𐑶𐑩 / 𐑖𐑧𐑮𐑦𐑥𐑴𐑘𐑩]
chernobyl	𐑗𐑼𐑯𐑪𐑚𐑩𐑤	tʃəRnɒbəl	NN1	RSSB	89	shave_says:𐑗𐑼𐑯𐑴𐑚𐑦𐑤
chernobyl	𐑗𐑼𐑯𐑴𐑚𐑩𐑤	tʃəRˈnoʊbəl	NN1	GenAm	89	shave_says:𐑗𐑼𐑯𐑴𐑚𐑦𐑤
chevalier	𐑖𐑧𐑝𐑩𐑤𐑽	ʃevəlɪəR	NN1	RSSB	89	shave_says:𐑖𐑧𐑝𐑭𐑤𐑘𐑱
cheviot	𐑖𐑧𐑝𐑾𐑑	ˈʃeviət	NN1	RSSB	89	shave_says:[𐑗𐑰𐑝𐑦𐑩𐑑 / 𐑖𐑧𐑝𐑦𐑩𐑑 / 𐑗𐑰𐑝𐑦𐑪𐑑]
chevy	𐑗𐑧𐑝𐑦	ˈtʃevi	VVI	RSSB	89	shave_says:𐑗𐑰𐑝𐑦
chiasma	𐑒𐑲𐑨𐑟𐑥𐑩	kaɪˈæzmə	NN1	RSSB	89	shave_says:𐑒𐑲𐑨𐑟𐑩𐑥𐑩
chiasmus	𐑒𐑲𐑨𐑟𐑥𐑩𐑕	kaɪˈæzməs	NN1	RSSB	89	shave_says:𐑒𐑲𐑨𐑟𐑩𐑥𐑩𐑕
chicane	𐑖𐑦𐑒𐑱𐑯	ʃɪˈkeɪn	NN1	RSSB	89	shave_says:𐑗𐑦𐑒𐑱𐑯
chickadee	𐑗𐑦𐑒𐑩𐑛𐑦	ˈtʃɪkəˌdi	NN1	RSSB	89	shave_says:𐑗𐑦𐑒𐑩𐑛𐑰
chigoe	𐑗𐑦𐑜𐑴	ˈtʃɪɡoʊ	NN1	RSSB	89	shave_says:𐑗𐑱𐑦𐑜𐑴
chihuahua	𐑗𐑦𐑢𐑭𐑢𐑭	tʃɪˈwɑːwɑː	NN1	GenAm	89	shave_says:𐑗𐑦𐑢𐑬𐑩
childbed	𐑗𐑲𐑤𐑚𐑧𐑛	ˈtʃaɪlbed	NN1	RSSB	89	shave_says:[𐑗𐑲𐑤𐑛𐑚𐑧𐑛 / 𐑗𐑲𐑤𐑛𐑚𐑛]
chili	𐑗𐑲𐑤𐑲	ˈtʃaɪlaɪ	NN1	RSSB	89	shave_says:𐑗𐑦𐑤𐑦
chiliasm	𐑒𐑦𐑤𐑦𐑨𐑟𐑥	ˈkɪlɪæzm	NN1	RSSB	89	shave_says:[𐑗𐑦𐑤𐑦𐑨𐑟𐑩𐑥 / 𐑒𐑲𐑤𐑦𐑨𐑟𐑩𐑥]
chiliast	𐑒𐑦𐑤𐑾𐑕𐑑	ˈkɪliəst	NN1	RSSB	89	shave_says:[𐑗𐑦𐑤𐑦𐑨𐑕𐑑 / 𐑒𐑲𐑤𐑦𐑨𐑕𐑑]
chiliastic	𐑒𐑦𐑤𐑦𐑨𐑕𐑑𐑦𐑒	kɪliˈæstɪk	AJ0	GenAm	89	shave_says:𐑗𐑦𐑤𐑦𐑨𐑕𐑑𐑦𐑒
chimeric	𐑒𐑦𐑥𐑧𐑮𐑦𐑒	kɪˈmerɪk	AJ0	RSSB	89	shave_says:𐑒𐑲𐑥𐑧𐑮𐑦𐑒
chin-up	𐑗𐑦𐑯𐑳𐑐	ˈtʃɪnʌp	NN1	GenAm	89	shave_says:𐑗𐑦𐑯-𐑳𐑐
chinoiserie	𐑖𐑰𐑯𐑢𐑭𐑟𐑼𐑰	ʃiːnwɑːzəriː	NN1	RSSB	89	shave_says:𐑗𐑰𐑯𐑴𐑲𐑟𐑼𐑦
chipotle	𐑗𐑦𐑐𐑴𐑑𐑤𐑱	tʃɪˈpoʊtleɪ	NN1	GenAm	89	shave_says:𐑗𐑦𐑐𐑴𐑑𐑤𐑧
chiromancer	𐑒𐑲𐑮𐑩𐑥𐑨𐑯𐑕𐑼	ˈkaɪrəˌmænsəR	NN1	GenAm	89	shave_says:𐑒𐑲𐑮𐑴𐑥𐑩𐑯𐑕𐑼
chiromancy	𐑒𐑲𐑮𐑴𐑥𐑨𐑯𐑕𐑦	ˈkaɪrəʊmænsi	NN1	RSSB	89	shave_says:𐑒𐑲𐑮𐑴𐑥𐑩𐑯𐑕𐑦
chirr	𐑗𐑻	tʃɜːR	VVI	GenAm	89	
chitlins	𐑗𐑰𐑑𐑤𐑦𐑯𐑟	tʃiːtlɪnz	NN1	GenAm	89	shave_says:𐑗𐑦𐑑𐑤𐑦𐑯𐑟
chlamys	𐑒𐑤𐑨𐑥𐑦𐑕	ˈklæmɪs	NN1	GenAm	89	
chloramphenicol	𐑒𐑤𐑹𐑨𐑥𐑓𐑧𐑯𐑦𐑒𐑪𐑤	ˌklɔːRˌæmˈfenɪˌkɒl	NN1	GenAm	89	shave_says:[𐑒𐑤𐑹𐑩𐑥𐑓𐑰𐑯𐑦𐑒𐑩𐑤 / 𐑒𐑤𐑹𐑨𐑥𐑓𐑰𐑯𐑦𐑒𐑩𐑤 / 𐑒𐑤𐑹𐑩𐑥𐑓𐑰𐑯𐑦𐑒𐑴𐑤]
chloroplast	𐑒𐑤𐑹𐑴𐑐𐑤𐑨𐑕𐑑	klɔːrəʊplæst	NN1	RSSB	89	shave_says:[𐑒𐑤𐑹𐑩𐑐𐑤𐑨𐑕𐑑 / 𐑒𐑤𐑹𐑴𐑐𐑤𐑭𐑕𐑑 / 𐑒𐑤𐑹𐑪𐑐𐑤𐑨𐑕𐑑]
chloroquine	𐑒𐑤𐑹𐑩𐑒𐑢𐑰𐑯	klɔːrəkwiːn	NN1	RSSB	89	shave_says:𐑒𐑤𐑹𐑴𐑒𐑢𐑰𐑯
chloroquine	𐑒𐑤𐑹𐑩𐑒𐑢𐑦𐑯	ˈklɔːRəˌkwɪn	NN1	GenAm	89	shave_says:𐑒𐑤𐑹𐑴𐑒𐑢𐑰𐑯
chlorpromazine	𐑒𐑤𐑹𐑐𐑮𐑴𐑥𐑩𐑟𐑦𐑯	klɔːRprəʊməzɪn	NN1	RSSB	89	shave_says:[𐑒𐑤𐑹𐑐𐑮𐑪𐑥𐑱𐑟𐑰𐑯 / 𐑒𐑤𐑹𐑐𐑮𐑴𐑥𐑱𐑟𐑰𐑯 / 𐑒𐑤𐑹𐑐𐑮𐑴𐑥𐑩𐑟𐑰𐑯]
chlorpromazine	𐑒𐑤𐑹𐑐𐑮𐑪𐑥𐑩𐑟𐑰𐑯	klɔːRˈprɒməˌziːn	NN1	GenAm	89	shave_says:[𐑒𐑤𐑹𐑐𐑮𐑪𐑥𐑱𐑟𐑰𐑯 / 𐑒𐑤𐑹𐑐𐑮𐑴𐑥𐑱𐑟𐑰𐑯 / 𐑒𐑤𐑹𐑐𐑮𐑴𐑥𐑩𐑟𐑰𐑯]
chlortetracycline	𐑒𐑤𐑹𐑑𐑧𐑑𐑮𐑩𐑕𐑲𐑒𐑤𐑰𐑯	ˌklɔːRˌtetrəˈsaɪˌkliːn	NN1	GenAm	89	shave_says:[𐑒𐑤𐑹𐑑𐑧𐑑𐑮𐑩𐑕𐑲𐑒𐑤𐑲𐑯 / 𐑒𐑤𐑹𐑑𐑩𐑑𐑮𐑩𐑕𐑲𐑒𐑩𐑤𐑰𐑯 / 𐑒𐑤𐑹𐑑𐑩𐑑𐑮𐑩𐑕𐑦𐑒𐑤𐑰𐑯]
choleraic	𐑒𐑪𐑤𐑼𐑱𐑦𐑒	kɒləreɪɪk	AJ0	RSSB	89	shave_says:𐑒𐑪𐑤𐑼𐑩𐑦𐑒
cholla	𐑗𐑶𐑩	ˈtʃɔɪ+ə	NN1	RSSB	89	shave_says:𐑒𐑪𐑤𐑩
chon	𐑗𐑭𐑯	tʃɑːn	NN1	RSSB	89	shave_says:𐑗𐑪𐑯
chopine	𐑗𐑴𐑐𐑰𐑯	tʃəʊˈpiːn	NN1	RSSB	89	shave_says:[𐑗𐑪𐑐𐑰𐑯 / 𐑗𐑱𐑴𐑐𐑰𐑯]
chorion	𐑒𐑷𐑮𐑦𐑭𐑯	kɔriɑːn	NN1	RSSB	89	shave_says:𐑗𐑹𐑦𐑩𐑯
chorizo	𐑗𐑪𐑮𐑰𐑔𐑴	tʃɒˈriːθəʊ	NN1	RSSB	89	shave_says:𐑗𐑹𐑰𐑕𐑴
chorizo	𐑗𐑪𐑮𐑰𐑔𐑪	tʃɒˈriːθɒ	NN1	GenAm	89	shave_says:𐑗𐑹𐑰𐑕𐑴
choroid	𐑒𐑹𐑶𐑛	ˈkɔːRˌɔɪd	NN1	GenAm	89	shave_says:[𐑗𐑹𐑶𐑛 / 𐑗𐑹𐑴𐑦𐑛 / 𐑗𐑱𐑼𐑶𐑛]
chrestomathy	𐑒𐑮𐑧𐑕𐑑𐑪𐑥𐑩𐑔𐑦	krestɒməθi	NN1	RSSB	89	shave_says:𐑒𐑮𐑦𐑕𐑑𐑪𐑥𐑩𐑔𐑦
chrism	𐑒𐑮𐑦𐑟𐑥	ˈkrɪzm	NN1	RSSB	89	
chrisom	𐑒𐑮𐑦𐑟𐑩𐑥	krɪzəm	NN1	RSSB	89	shave_says:𐑒𐑮𐑦𐑕𐑩𐑥
christology	𐑒𐑮𐑦𐑕𐑑𐑭𐑤𐑩𐑡𐑦	krɪstɑːlədʒi	NN1	RSSB	89	shave_says:[𐑒𐑮𐑲𐑕𐑑𐑪𐑤𐑩𐑡𐑦 / 𐑒𐑮𐑲𐑕𐑑𐑩𐑤𐑪𐑜𐑦]
chromatid	𐑒𐑮𐑴𐑥𐑩𐑑𐑩𐑛	krəʊmətƏd	NN1	RSSB	89	shave_says:𐑒𐑮𐑴𐑥𐑨𐑑𐑦𐑛
chromatin	𐑒𐑮𐑴𐑥𐑩𐑑𐑦𐑯	krəʊmətɪn	NN1	RSSB	89	shave_says:𐑒𐑮𐑴𐑥𐑨𐑑𐑦𐑯
chromatography	𐑒𐑮𐑴𐑥𐑩𐑑𐑪𐑜𐑮𐑩𐑓𐑦	krəʊmətɒɡrəfi	NN1	RSSB	89	shave_says:[𐑒𐑮𐑴𐑥𐑨𐑑𐑪𐑜𐑮𐑩𐑓𐑦 / 𐑒𐑮𐑴𐑥𐑨𐑑𐑴𐑜𐑮𐑩𐑓𐑦 / 𐑒𐑮𐑴𐑥𐑨𐑑𐑩𐑜𐑮𐑭𐑓𐑦 / 𐑒𐑮𐑴𐑥𐑱𐑑𐑪𐑜𐑮𐑩𐑓𐑦]
chrysoberyl	𐑒𐑮𐑦𐑕𐑩𐑚𐑧𐑮𐑦𐑤	krɪsəberɪl	NN1	RSSB	89	shave_says:𐑒𐑮𐑲𐑕𐑰𐑴𐑚𐑼𐑦𐑤
chrysolite	𐑒𐑮𐑦𐑕𐑩𐑤𐑲𐑑	krɪsəlaɪt	NN1	RSSB	89	shave_says:[𐑒𐑮𐑲𐑕𐑰𐑴𐑤𐑲𐑑 / 𐑒𐑮𐑲𐑕𐑰𐑩𐑤𐑲𐑑]
chrysotile	𐑒𐑮𐑦𐑕𐑩𐑑𐑦𐑤	ˈkrɪsətɪl	NN1	GenAm	89	shave_says:[𐑒𐑮𐑲𐑕𐑰𐑴𐑑𐑲𐑤 / 𐑒𐑮𐑲𐑕𐑰𐑪𐑑𐑲𐑤 / 𐑒𐑮𐑲𐑕𐑰𐑴𐑑𐑦𐑩𐑤]
chthonian	𐑒𐑔𐑴𐑯𐑾𐑯	ˈkθəʊnɪən	AJ0	RSSB	89	shave_says:[𐑒𐑔𐑴𐑯𐑦𐑩𐑯 / 𐑒𐑔𐑩𐑯𐑦𐑩𐑯]
chthonic	𐑔𐑪𐑯𐑦𐑒	ˈθɒnɪk	AJ0	GenAm	89	shave_says:[𐑒𐑔𐑪𐑯𐑦𐑒 / 𐑒𐑔𐑩𐑯𐑦𐑒 / 𐑒𐑔𐑢𐑳𐑯𐑦𐑒]
chuffed	𐑗𐑳𐑓𐑑	ˈtʃʌft	AJ0	RSSB	89	shave_says:𐑗𐑱𐑳𐑓𐑑
chukchi	𐑗𐑫𐑒𐑗𐑰	ˈtʃuktʃiː	NN1	RSSB	89	shave_says:𐑗𐑵𐑒𐑗𐑦
chutzpah	𐑒𐑫𐑑𐑕𐑐𐑭	ˈxʊtspɑː	NN1	RSSB	89	shave_says:𐑣𐑫𐑑𐑕𐑐𐑩
chutzpah	𐑒𐑫𐑑𐑕𐑐𐑩	ˈxʊtspə	NN1	GenAm	89	shave_says:𐑣𐑫𐑑𐑕𐑐𐑩
chuvash	𐑗𐑫𐑝𐑭𐑖	tʃʊˈvɑːʃ	NN1	RSSB	89	shave_says:𐑗𐑵𐑝𐑭𐑖
chyle	𐑒𐑲𐑤	kaɪl	NN1	RSSB	89	shave_says:[𐑗𐑱𐑲𐑤 / 𐑗𐑲𐑤]
cichlid	𐑕𐑦𐑒𐑤𐑩𐑛	ˈsɪklƏd	NN1	RSSB	89	shave_says:𐑕𐑦𐑒𐑤𐑦𐑛
cigarillo	𐑕𐑦𐑜𐑼𐑦𐑤𐑴	ˌsɪɡəˈrɪloʊ	NN1	GenAm	89	shave_says:𐑕𐑦𐑜𐑸𐑦𐑤𐑴
cilantro	𐑕𐑦𐑤𐑨𐑯𐑑𐑮𐑴	siˈlæntrəʊ	NN1	RSSB	89	shave_says:𐑕𐑦𐑤𐑭𐑯𐑑𐑮𐑴
cilantro	𐑕𐑰𐑤𐑪𐑯𐑑𐑮𐑴	siːˈlɒntroʊ	NN1	GenAm	89	shave_says:𐑕𐑦𐑤𐑭𐑯𐑑𐑮𐑴
ciliary	𐑕𐑦𐑤𐑦𐑧𐑮𐑦	ˈsɪliˌeri	AJ0	GenAm	89	shave_says:𐑕𐑦𐑤𐑦𐑼𐑦
cimetidine	𐑕𐑲𐑥𐑧𐑑𐑦𐑛𐑰𐑯	saɪˈmetɪdiːn	NN1	RSSB	89	shave_says:𐑕𐑦𐑥𐑰𐑑𐑦𐑛𐑰𐑯
cimmerian	𐑕𐑦𐑥𐑽𐑾𐑯	sɪmɪərɪən	AJ0	RSSB	89	shave_says:[𐑕𐑦𐑥𐑺𐑦𐑩𐑯 / 𐑕𐑦𐑥𐑽𐑦𐑩𐑯 / 𐑕𐑦𐑥𐑼𐑦𐑩𐑯]
cingulum	𐑕𐑦𐑙𐑜𐑘𐑩𐑤𐑩𐑥	ˈsɪŋɡjələm	NN1	RSSB	89	shave_says:[𐑕𐑦𐑙𐑿𐑤𐑩𐑥 / 𐑕𐑦𐑙𐑵𐑤𐑩𐑥 / 𐑕𐑦𐑙𐑿𐑤𐑵𐑥]
cinque	𐑕𐑦𐑙𐑒	sɪŋk	NN1	RSSB	89	shave_says:𐑗𐑰𐑯𐑒𐑢𐑧
ciprofloxacin	𐑕𐑦𐑐𐑮𐑩𐑓𐑤𐑪𐑒𐑕𐑩𐑕𐑦𐑯	ˌsɪprəˈflɒksəsɪn	NN1	GenAm	89	
circularization	𐑕𐑻𐑒𐑿𐑤𐑼𐑲𐑟𐑱𐑖𐑩𐑯	sɜːRkjuːləraɪzeɪʃən	NN1	RSSB	89	shave_says:[𐑕𐑻𐑒𐑘𐑩𐑤𐑼𐑲𐑟𐑱𐑖𐑩𐑯 / 𐑕𐑻𐑒𐑘𐑩𐑤𐑼𐑲𐑟𐑭𐑑𐑦𐑩𐑯 / 𐑕𐑻𐑒𐑘𐑩𐑤𐑼𐑲𐑟𐑩𐑑𐑦𐑩𐑯 / 𐑕𐑻𐑒𐑘𐑩𐑤𐑼𐑦𐑟𐑱𐑖𐑩𐑯]
circumferential	𐑕𐑼𐑒𐑩𐑥𐑓𐑼𐑧𐑯𐑖𐑩𐑤	səRkəmfərenʃəl	AJ0	RSSB	89	shave_says:[𐑕𐑼𐑒𐑳𐑥𐑓𐑼𐑧𐑯𐑖𐑩𐑤 / 𐑕𐑼𐑒𐑳𐑥𐑓𐑼𐑩𐑯𐑑𐑦𐑩𐑤 / 𐑕𐑻𐑒𐑩𐑥𐑓𐑻𐑧𐑯𐑖𐑩𐑤]
circumfuse	𐑕𐑻𐑒𐑩𐑥𐑓𐑘𐑩𐑟	sɜːRkəmfjəz	VVI	RSSB	89	shave_says:𐑕𐑻𐑒𐑩𐑥𐑓𐑿𐑟
cirque	𐑕𐑻𐑒	sɜːRk	NN1	GenAm	89	shave_says:𐑕𐑽𐑒𐑩
cirrostratus	𐑕𐑦𐑮𐑩𐑕𐑑𐑮𐑱𐑑𐑩𐑕	sɪrəstreɪtəs	NN1	RSSB	89	shave_says:[𐑕𐑻𐑴𐑕𐑑𐑮𐑱𐑑𐑩𐑕 / 𐑕𐑻𐑴𐑕𐑑𐑮𐑨𐑑𐑩𐑕 / 𐑕𐑻𐑴𐑕𐑑𐑮𐑱𐑗𐑫𐑟]
cisc	𐑕𐑦𐑕𐑒	sɪsk	NN1	RSSB	89	
citrine	𐑕𐑦𐑑𐑮𐑦𐑯	ˈsɪtrin	NN1	GenAm	89	shave_says:𐑕𐑦𐑑𐑮𐑰𐑯
clabber	𐑒𐑤𐑨𐑚𐑼	klæbəR	NN1	RSSB	89	
clamant	𐑒𐑤𐑨𐑥𐑩𐑯𐑑	ˈklæmənt	AJ0	RSSB	89	shave_says:𐑒𐑤𐑱𐑥𐑩𐑯𐑑
classwork	𐑒𐑤𐑨𐑕𐑢𐑻𐑒	ˈklæsˌwɜːRk	NN1	GenAm	89	shave_says:[𐑒𐑤𐑭𐑕𐑢𐑻𐑒 / 𐑒𐑤𐑭𐑕𐑢𐑼𐑒]
clathrate	𐑒𐑤𐑨𐑔𐑮𐑱𐑑	ˈklæθreɪt	AJ0	RSSB	89	shave_says:𐑒𐑤𐑭𐑔𐑮𐑱𐑑
claustrophobe	𐑒𐑤𐑪𐑕𐑑𐑮𐑩𐑓𐑴𐑚	ˈklɒstrəˌfoʊb	NN1	GenAm	89	shave_says:[𐑒𐑤𐑷𐑕𐑑𐑮𐑴𐑓𐑴𐑚 / 𐑒𐑤𐑬𐑕𐑑𐑮𐑩𐑓𐑦𐑴𐑚]
claustrum	𐑒𐑤𐑷𐑕𐑑𐑮𐑩𐑥	klɔːstrəm	NN1	RSSB	89	shave_says:[𐑒𐑤𐑬𐑕𐑑𐑮𐑩𐑥 / 𐑒𐑤𐑬𐑕𐑑𐑮𐑵𐑥]
claver	𐑒𐑤𐑨𐑝𐑼	klævəR	VVI	RSSB	89	shave_says:𐑒𐑤𐑱𐑝𐑼
clavier	𐑒𐑤𐑨𐑝𐑽	klævɪəR	NN1	RSSB	89	shave_says:𐑒𐑤𐑱𐑝𐑦𐑼
clepsydra	𐑒𐑤𐑧𐑐𐑕𐑦𐑛𐑮𐑩	klepsɪdrə	NN1	RSSB	89	
clinometer	𐑒𐑤𐑲𐑯𐑭𐑥𐑩𐑑𐑼	klaɪˈnɑːmətəR	NN1	GenAm	89	shave_says:[𐑒𐑤𐑲𐑯𐑪𐑥𐑦𐑑𐑼 / 𐑒𐑤𐑲𐑯𐑴𐑥𐑰𐑑𐑼 / 𐑒𐑤𐑦𐑯𐑪𐑥𐑦𐑑𐑼 / 𐑒𐑤𐑲𐑯𐑩𐑥𐑩𐑑𐑼]
clinquant	𐑒𐑤𐑦𐑙𐑒𐑩𐑯𐑑	ˈklɪŋkənt	AJ0	RSSB	89	shave_says:𐑒𐑤𐑦𐑯𐑒𐑢𐑩𐑯𐑑
clip-clop	𐑒𐑤𐑦𐑐𐑒𐑤𐑪𐑐	ˈklɪpklɒp	NN1	RSSB	89	shave_says:𐑒𐑤𐑦𐑐-𐑒𐑤𐑪𐑐
clip-clop	𐑒𐑤𐑦𐑐𐑒𐑤𐑭𐑐	ˈklɪpklɑːp	NN1	GenAm	89	shave_says:𐑒𐑤𐑦𐑐-𐑒𐑤𐑪𐑐
clitoral	𐑒𐑤𐑦𐑑𐑼𐑩𐑤	ˈklɪtərəl	AJ0	GenAm	89	shave_says:𐑒𐑤𐑦𐑑𐑹𐑩𐑤
clofibrate	𐑒𐑤𐑴𐑓𐑲𐑚𐑮𐑱𐑑	kloʊˈfaɪˌbreɪt	NN1	GenAm	89	
clonidine	𐑒𐑤𐑪𐑯𐑦𐑛𐑰𐑯	ˈklɒnɪdiːn	NN1	RSSB	89	shave_says:𐑒𐑤𐑴𐑯𐑦𐑛𐑰𐑯
clonidine	𐑒𐑤𐑪𐑯𐑩𐑛𐑰𐑯	ˈklɒnəˌdiːn	NN1	GenAm	89	shave_says:𐑒𐑤𐑴𐑯𐑦𐑛𐑰𐑯
cloture	𐑒𐑤𐑴𐑑𐑘𐑫𐑼	kloʊtjʊəR	NN1	RSSB	89	
cloture	𐑒𐑤𐑴𐑗𐑻	ˈkloʊtʃɜːR	NN1	GenAm	89	
clowder	𐑒𐑤𐑴𐑛𐑼	kləʊdəR	NN1	RSSB	89	shave_says:𐑒𐑤𐑬𐑛𐑼
clozapine	𐑒𐑤𐑴𐑟𐑩𐑐𐑰𐑯	ˈkloʊzəˌpiːn	NN1	GenAm	89	shave_says:[𐑒𐑤𐑴𐑟𐑱𐑐𐑰𐑯 / 𐑒𐑤𐑴𐑟𐑨𐑐𐑰𐑯]
clypeus	𐑒𐑤𐑦𐑐𐑾𐑕	ˈklɪpɪəs	NN1	RSSB	89	shave_says:𐑒𐑤𐑲𐑐𐑦𐑩𐑕
cnidarian	𐑯𐑦𐑛𐑺𐑾𐑯	nɪdeərɪən	NN1	RSSB	89	shave_says:𐑯𐑲𐑛𐑺𐑦𐑩𐑯
cnidarian	𐑯𐑲𐑛𐑺𐑾𐑯	naɪˈdeərɪən	NN1	GenAm	89	shave_says:𐑯𐑲𐑛𐑺𐑦𐑩𐑯
coadjutor	𐑒𐑴𐑩𐑡𐑵𐑑𐑼	kəʊədʒuːtəR	NN1	RSSB	89	shave_says:𐑒𐑴𐑨𐑡𐑵𐑑𐑼
coati	𐑒𐑴𐑭𐑑𐑦	kəʊˈɑːti	NN1	RSSB	89	shave_says:𐑒𐑴𐑑𐑦
coati	𐑒𐑴𐑪𐑑𐑦	koʊˈɒti	NN1	GenAm	89	shave_says:𐑒𐑴𐑑𐑦
coaxial	𐑒𐑴𐑨𐑒𐑕𐑰𐑩𐑤	koʊˈæksiː+əl	AJ0	GenAm	89	shave_says:𐑒𐑴𐑨𐑒𐑕𐑦𐑩𐑤
cobalamin	𐑒𐑴𐑚𐑨𐑤𐑩𐑥𐑦𐑯	koʊˈbæləmɪn	NN1	RSSB	89	shave_says:[𐑒𐑴𐑚𐑩𐑤𐑱𐑥𐑦𐑯 / 𐑒𐑴𐑚𐑩𐑤𐑩𐑥𐑦𐑯 / 𐑒𐑴𐑚𐑱𐑤𐑱𐑥𐑦𐑯]
coccyx	𐑒𐑪𐑒𐑕𐑦𐑒𐑕	ˈkɒksɪks	NN1	GenAm	89	
cochlear	𐑒𐑴𐑒𐑤𐑽	ˈkoʊkliəR	AJ0	GenAm	89	shave_says:𐑒𐑪𐑒𐑤𐑦𐑼
cockamamie	𐑒𐑭𐑒𐑩𐑥𐑱𐑥𐑦	ˈkɑːkəˌmeɪmi	AJ0	RSSB	89	shave_says:𐑒𐑪𐑒𐑩𐑥𐑱𐑥𐑦
cockatrice	𐑒𐑪𐑒𐑩𐑑𐑮𐑲𐑕	kɒkətraɪs	NN1	RSSB	89	shave_says:[𐑒𐑪𐑒𐑱𐑑𐑮𐑦𐑕 / 𐑒𐑪𐑒𐑨𐑑𐑮𐑦𐑕]
codswallop	𐑒𐑪𐑛𐑟𐑢𐑪𐑤𐑩𐑐	ˌkɒdzˈwɒləp	NN1	RSSB	89	shave_says:𐑒𐑪𐑛𐑕𐑢𐑪𐑤𐑩𐑐
coelacanth	𐑕𐑰𐑤𐑩𐑒𐑨𐑯𐑔	ˈsiːləkænθ	NN1	RSSB	89	shave_says:[𐑒𐑴𐑧𐑤𐑩𐑒𐑨𐑯𐑔 / 𐑕𐑰𐑤𐑦𐑨𐑒𐑩𐑯𐑔]
coelenterate	𐑕𐑦𐑤𐑧𐑯𐑑𐑼𐑩𐑑	sɪlentərət	NN1	RSSB	89	shave_says:𐑒𐑴𐑧𐑤𐑧𐑯𐑑𐑼𐑱𐑑
coeliac	𐑕𐑰𐑤𐑦𐑨𐑒	ˈsiːlɪæk	AJ0	RSSB	89	shave_says:[𐑒𐑴𐑰𐑤𐑦𐑨𐑒 / 𐑒𐑴𐑤𐑦𐑨𐑒 / 𐑕𐑰𐑤𐑦𐑦𐑨𐑒]
coelom	𐑕𐑰𐑤𐑩𐑥	ˈsiːləm	NN1	RSSB	89	shave_says:[𐑒𐑴𐑧𐑤𐑩𐑥 / 𐑕𐑰𐑤𐑦𐑩𐑥 / 𐑒𐑥𐑩𐑤𐑩𐑥 / 𐑕𐑰𐑤𐑦𐑴𐑥]
coenobite	𐑕𐑰𐑯𐑩𐑚𐑲𐑑	ˈsiːnəbaɪt	NN1	RSSB	89	shave_says:[𐑒𐑴𐑧𐑯𐑴𐑚𐑲𐑑 / 𐑒𐑵𐑯𐑩𐑴𐑚𐑲𐑑 / 𐑒𐑵𐑯𐑩𐑪𐑚𐑲𐑑]
coextensive	𐑒𐑴𐑧𐑒𐑕𐑑𐑧𐑯𐑕𐑦𐑝	ˌkoʊekˈstensɪv	AJ0	GenAm	89	shave_says:𐑒𐑴𐑦𐑒𐑕𐑑𐑧𐑯𐑕𐑦𐑝
cognoscente	𐑒𐑪𐑯𐑘𐑩𐑖𐑧𐑯𐑑𐑱	kɒnjəˈʃenteɪ	NN1	RSSB	89	
cognoscente	𐑒𐑪𐑜𐑯𐑩𐑖𐑧𐑯𐑑𐑦	ˌkɒɡnəˈʃenti	NN1	GenAm	89	
cohosh	𐑒𐑩𐑣𐑪𐑖	kəˈhɒʃ	NN1	RSSB	89	shave_says:𐑒𐑴𐑣𐑴𐑖
colchicine	𐑒𐑪𐑤𐑗𐑩𐑕𐑰𐑯	ˈkɒltʃəˌsiːn	NN1	GenAm	89	shave_says:𐑒𐑴𐑤𐑗𐑦𐑕𐑰𐑯
collard	𐑒𐑪𐑤𐑸𐑛	kɒlɑːRd	NN1	RSSB	89	shave_says:𐑒𐑪𐑤𐑼𐑛
collinear	𐑒𐑩𐑤𐑦𐑯𐑽	kəˈlɪniəR	AJ0	GenAm	89	shave_says:[𐑒𐑻𐑯𐑩𐑤𐑦𐑯𐑽 / 𐑒𐑻𐑯𐑩𐑤𐑤𐑲𐑯𐑼 / 𐑒𐑻𐑯𐑩𐑤𐑤𐑲𐑯𐑽 / 𐑒𐑴𐑤𐑲𐑯𐑟𐑦𐑯𐑽]
collogue	𐑒𐑪𐑤𐑴𐑜	kɒˈləʊɡ	VVI	RSSB	89	shave_says:𐑒𐑻𐑯𐑩𐑤𐑤𐑪𐑜
colloquium	𐑒𐑩𐑤𐑴𐑒𐑢𐑰𐑩𐑥	kəˈləʊkwiːəm	NN1	RSSB	89	shave_says:𐑒𐑪𐑤𐑩𐑒𐑢𐑦𐑩𐑥
colly	𐑒𐑪𐑤𐑦	ˈkɒli	VVI	RSSB	89	shave_says:𐑒𐑻𐑯𐑩𐑤𐑦
collyrium	𐑒𐑩𐑤𐑦𐑮𐑾𐑥	kəlɪrɪəm	NN1	RSSB	89	shave_says:[𐑒𐑻𐑯𐑩𐑤𐑦𐑮𐑦𐑩𐑥 / 𐑒𐑻𐑯𐑩𐑤𐑲𐑼𐑦𐑩𐑥 / 𐑒𐑴𐑣𐑤𐑺𐑦𐑩𐑥 / 𐑒𐑻𐑯𐑩𐑤𐑦𐑮𐑦𐑵𐑥]
colophon	𐑒𐑪𐑤𐑩𐑓𐑩𐑯	ˈkɒləfən	NN1	RSSB	89	shave_says:[𐑒𐑴𐑤𐑪𐑓𐑩𐑯 / 𐑒𐑴𐑤𐑴𐑓𐑩𐑯]
colostrum	𐑒𐑩𐑤𐑪𐑕𐑑𐑮𐑩𐑥	kəlɒstrəm	NN1	RSSB	89	shave_says:[𐑒𐑴𐑤𐑪𐑕𐑑𐑮𐑩𐑥 / 𐑒𐑴𐑤𐑴𐑕𐑑𐑮𐑩𐑥 / 𐑒𐑴𐑤𐑴𐑕𐑑𐑮𐑵𐑥]
colposcope	𐑒𐑪𐑤𐑐𐑩𐑕𐑒𐑴𐑐	ˈkɒlpəskəʊp	NN1	RSSB	89	shave_says:[𐑒𐑻𐑯𐑩𐑤𐑐𐑩𐑕𐑒𐑴𐑐 / 𐑒𐑴𐑧𐑤𐑐𐑰𐑩𐑕𐑒𐑴𐑐 / 𐑒𐑻𐑯𐑩𐑤𐑐𐑴𐑕𐑒𐑴𐑐]
columnar	𐑒𐑩𐑤𐑳𐑥𐑯𐑼	kəlʌmnəR	AJ0	RSSB	89	shave_says:𐑒𐑪𐑤𐑩𐑥𐑼
comber	𐑒𐑴𐑥𐑼	kəʊməR	NN1	RSSB	89	shave_says:𐑒𐑪𐑥𐑚𐑼
combinational	𐑒𐑨𐑥𐑚𐑦𐑯𐑧𐑘𐑖𐑦𐑯𐑩𐑤	kambɪˈnejʃɪnəl	AJ0	GenAm	89	shave_says:𐑒𐑪𐑥𐑚𐑦𐑯𐑱𐑖𐑩𐑯𐑩𐑤
commandery	𐑒𐑩𐑥𐑨𐑯𐑛𐑮𐑦	kəmændri	NN1	RSSB	89	shave_says:𐑒𐑩𐑥𐑭𐑯𐑛𐑼𐑦
comminute	𐑒𐑪𐑥𐑦𐑯𐑿𐑑	ˈkɒmɪnjuːt	VVI	GenAm	89	
commissure	𐑒𐑪𐑥𐑦𐑕𐑘𐑫𐑼	kɒmɪsjʊəR	NN1	RSSB	89	
commissure	𐑒𐑪𐑥𐑩𐑖𐑫𐑮	ˈkɒməˌʃʊr	NN1	GenAm	89	
comparably	𐑒𐑪𐑥𐑐𐑨𐑮𐑩𐑚𐑩𐑤𐑦	kɒmˈpærəbəli	AV0	GenAm	89	shave_says:𐑒𐑪𐑥𐑐𐑼𐑩𐑚𐑩𐑤𐑦
complementarity	𐑒𐑪𐑥𐑐𐑤𐑩𐑥𐑧𐑯𐑑𐑨𐑮𐑦𐑑𐑦	kɒmpləmentærɪti	NN1	RSSB	89	shave_says:𐑒𐑪𐑥𐑐𐑤𐑦𐑥𐑧𐑯𐑑𐑼𐑦𐑑𐑦
conceptualise	𐑒𐑩𐑯𐑕𐑧𐑐𐑑𐑘𐑩𐑤𐑲𐑟	kənˈseptjəlaɪz	VVI	RSSB	89	shave_says:𐑒𐑩𐑯𐑕𐑧𐑐𐑗𐑫𐑩𐑤𐑲𐑟
concha	𐑒𐑪𐑙𐑒𐑩	ˈkɒŋkə	NN1	GenAm	89	shave_says:𐑒𐑴𐑯𐑗𐑩
concision	𐑒𐑩𐑯𐑕𐑦𐑠𐑩𐑯	kənˈsɪʒən	NN1	RSSB	89	shave_says:[𐑒𐑩𐑯𐑕𐑲𐑕𐑦𐑩𐑯 / 𐑒𐑪𐑯𐑕𐑦𐑠𐑩𐑯 / 𐑒𐑪𐑯𐑕𐑦𐑕𐑲𐑪𐑯]
concupiscent	𐑒𐑪𐑯𐑒𐑿𐑐𐑦𐑕𐑩𐑯𐑑	kɒnˈkjuːpɪsənt	AJ0	RSSB	89	shave_says:𐑒𐑩𐑯𐑒𐑿𐑐𐑦𐑕𐑩𐑯𐑑
concupiscent	𐑒𐑭𐑯𐑒𐑿𐑐𐑦𐑕𐑩𐑯𐑑	kɑːnˈkjuːpɪsənt	AJ0	GenAm	89	shave_says:𐑒𐑩𐑯𐑒𐑿𐑐𐑦𐑕𐑩𐑯𐑑
condemnable	𐑒𐑩𐑯𐑛𐑧𐑥𐑯𐑩𐑚𐑩𐑤	kənˈdemnəbəl	AJ0	RSSB	89	shave_says:[𐑒𐑩𐑯𐑛𐑧𐑥𐑩𐑚𐑩𐑤 / 𐑒𐑩𐑯𐑛𐑧𐑥𐑩𐑚𐑩𐑤 / 𐑒𐑪𐑯𐑛𐑧𐑥𐑯𐑩𐑚𐑩𐑤]
condyle	𐑒𐑪𐑯𐑛𐑦𐑤	ˈkɒndɪl	NN1	RSSB	89	shave_says:𐑒𐑪𐑯𐑛𐑲𐑤
conferva	𐑒𐑩𐑯𐑓𐑻𐑝𐑩	kənfɜːRvə	NN1	RSSB	89	shave_says:𐑒𐑪𐑯𐑓𐑼𐑝𐑩
confirmatory	𐑒𐑩𐑯𐑓𐑻𐑥𐑩𐑑𐑮𐑦	kənfɜːRmətri	AJ0	RSSB	89	shave_says:[𐑒𐑩𐑯𐑓𐑻𐑥𐑩𐑑𐑼𐑦 / 𐑒𐑩𐑯𐑓𐑻𐑥𐑱𐑑𐑼𐑦 / 𐑒𐑪𐑯𐑓𐑻𐑥𐑩𐑑𐑼𐑦]
confirmatory	𐑒𐑩𐑯𐑓𐑻𐑥𐑩𐑑𐑹𐑦	kənˈfɜːRmətɔːRi	AJ0	GenAm	89	shave_says:[𐑒𐑩𐑯𐑓𐑻𐑥𐑩𐑑𐑼𐑦 / 𐑒𐑩𐑯𐑓𐑻𐑥𐑱𐑑𐑼𐑦 / 𐑒𐑪𐑯𐑓𐑻𐑥𐑩𐑑𐑼𐑦]
confiture	𐑒𐑷𐑯𐑓𐑦𐑑𐑘𐑫𐑼	kɔnfɪtjʊəR	NN1	RSSB	89	shave_says:[𐑒𐑪𐑯𐑓𐑲𐑗𐑼 / 𐑒𐑪𐑯𐑓𐑦𐑗𐑼]
congelation	𐑒𐑪𐑯𐑡𐑩𐑤𐑱𐑖𐑩𐑯	ˌkɒndʒəˈleɪʃən	NN1	RSSB	89	shave_says:[𐑒𐑪𐑯𐑠𐑱𐑩𐑤𐑱𐑖𐑩𐑯 / 𐑒𐑪𐑯𐑡𐑧𐑤𐑱𐑖𐑩𐑯 / 𐑒𐑴𐑦𐑙𐑩𐑤𐑱𐑖𐑩𐑯 / 𐑒𐑪𐑯𐑠𐑱𐑩𐑤𐑭𐑑𐑦𐑩𐑯 / 𐑒𐑪𐑯𐑠𐑱𐑩𐑤𐑩𐑑𐑦𐑩𐑯]
congeniality	𐑒𐑩𐑯𐑡𐑰𐑯𐑦𐑨𐑤𐑦𐑑𐑦	kənˌdʒiːniˈælɪti	NN1	RSSB	89	shave_says:𐑒𐑩𐑯𐑡𐑰𐑯𐑾𐑤𐑦𐑑𐑦
conglobe	𐑒𐑩𐑙𐑜𐑤𐑴𐑚	kəŋˈɡləʊb	VVI	RSSB	89	shave_says:[𐑒𐑪𐑙𐑜𐑩𐑤𐑴𐑚 / 𐑒𐑪𐑯𐑜𐑤𐑴𐑚 / 𐑒𐑪𐑙𐑤𐑴𐑚]
congou	𐑒𐑪𐑙𐑜𐑵	ˈkɒŋɡuː	NN1	RSSB	89	shave_says:𐑒𐑪𐑙𐑜𐑴𐑵
congregationalism	𐑒𐑪𐑙𐑜𐑮𐑩𐑜𐑱𐑖𐑩𐑯𐑩𐑤𐑦𐑟𐑩𐑥	ˌkɒŋɡrəˈɡeɪʃənəˌlɪzəm	NN1	GenAm	89	shave_says:𐑒𐑪𐑙𐑜𐑮𐑦𐑜𐑱𐑖𐑩𐑯𐑩𐑤𐑦𐑟𐑩𐑥
congregationalist	𐑒𐑪𐑙𐑜𐑮𐑩𐑜𐑱𐑖𐑩𐑯𐑩𐑤𐑦𐑕𐑑	kɒŋɡrəˈɡeɪʃənəlɪst	NN1	GenAm	89	shave_says:𐑒𐑪𐑙𐑜𐑮𐑦𐑜𐑱𐑖𐑩𐑯𐑩𐑤𐑦𐑕𐑑
congruence	𐑒𐑭𐑙𐑜𐑮𐑫𐑩𐑯𐑕	kɑːŋɡruəns	NN1	RSSB	89	shave_says:[𐑒𐑪𐑙𐑜𐑮𐑵𐑩𐑯𐑕 / 𐑒𐑪𐑯𐑜𐑮𐑵𐑯𐑕𐑧]
conniption	𐑒𐑩𐑯𐑦𐑐𐑖𐑩𐑯	kəˈnɪpʃən	NN1	RSSB	89	shave_says:[𐑒𐑩𐑯𐑦𐑐𐑑𐑦𐑩𐑯 / 𐑒𐑪𐑯𐑯𐑦𐑐𐑑𐑦𐑩𐑯]
consuetude	𐑒𐑪𐑯𐑕𐑢𐑦𐑑𐑿𐑛	ˈkɒnswɪtjuːd	NN1	RSSB	89	shave_says:𐑒𐑪𐑯𐑕𐑵𐑑𐑿𐑛
continuum	𐑒𐑩𐑯𐑑𐑦𐑯𐑘𐑫𐑩𐑥	kənˈtɪnjuəm	NN1	RSSB	89	shave_says:[𐑒𐑪𐑯𐑑𐑰𐑯𐑵𐑩𐑥 / 𐑒𐑪𐑯𐑑𐑰𐑯𐑵𐑥 / 𐑒𐑩𐑯𐑑𐑦𐑯𐑿𐑩𐑥 / 𐑒𐑪𐑯𐑑𐑲𐑯𐑵𐑩𐑥]
contralateral	𐑒𐑭𐑯𐑑𐑮𐑩𐑤𐑨𐑑𐑼𐑩𐑤	kɑːntrəlætərəl	AJ0	RSSB	89	shave_says:[𐑒𐑪𐑯𐑑𐑮𐑩𐑤𐑨𐑑𐑼𐑩𐑤 / 𐑒𐑪𐑯𐑑𐑮𐑭𐑤𐑱𐑑𐑼𐑩𐑤]
contrarian	𐑒𐑩𐑯𐑑𐑮𐑧𐑮𐑦𐑩𐑯	kəntreri+ən	NN1	RSSB	89	shave_says:𐑒𐑪𐑯𐑑𐑮𐑼𐑦𐑩𐑯
conventual	𐑒𐑩𐑯𐑝𐑧𐑯𐑑𐑿𐑩𐑤	kənˈventjuːəl	AJ0	RSSB	89	shave_says:[𐑒𐑪𐑯𐑝𐑩𐑯𐑗𐑫𐑩𐑤 / 𐑒𐑪𐑯𐑝𐑧𐑯𐑗𐑫𐑩𐑤]
conventual	𐑒𐑩𐑯𐑝𐑧𐑯𐑗𐑫𐑩𐑤	kənˈventʃuəl	AJ0	GenAm	89	shave_says:[𐑒𐑪𐑯𐑝𐑩𐑯𐑗𐑫𐑩𐑤 / 𐑒𐑪𐑯𐑝𐑧𐑯𐑗𐑫𐑩𐑤]
convergency	𐑒𐑩𐑯𐑝𐑻𐑡𐑧𐑯𐑕𐑰	kənvɜːRdʒensiː	NN1	RSSB	89	shave_says:𐑒𐑩𐑯𐑝𐑻𐑡𐑩𐑯𐑕𐑦
convolute	𐑒𐑭𐑯𐑝𐑩𐑤𐑵𐑑	ˌkɑːnvəˈluːt	AJ0	GenAm	89	shave_says:𐑒𐑪𐑯𐑝𐑩𐑤𐑵𐑑
convolve	𐑒𐑩𐑯𐑝𐑪𐑤𐑝	kənˈvɒlv	VVI	GenAm	89	shave_says:𐑒𐑪𐑯𐑝𐑪𐑤𐑝
cooter	𐑒𐑫𐑑𐑼	kutəR	NN1	RSSB	89	shave_says:[𐑒𐑵𐑑𐑼 / 𐑒𐑴𐑴𐑑𐑰𐑼]
copaiba	𐑒𐑴𐑐𐑲𐑰𐑚𐑩	ˌkəʊpaɪˈiːbə	NN1	RSSB	89	shave_says:𐑒𐑴𐑐𐑱𐑚𐑩
copal	𐑒𐑴𐑐𐑤	ˈkəʊpl	NN1	RSSB	89	shave_says:[𐑒𐑴𐑐𐑩𐑤 / 𐑒𐑪𐑐𐑩𐑤 / 𐑒𐑴𐑐𐑨𐑤 / 𐑒𐑥𐑐𐑨𐑤]
coprolalia	𐑒𐑪𐑐𐑮𐑩𐑤𐑱𐑤𐑾	ˌkɒprəˈleɪliə	NN1	GenAm	89	shave_says:[𐑒𐑴𐑐𐑮𐑴𐑤𐑭𐑤𐑦𐑩 / 𐑒𐑪𐑐𐑮𐑴𐑤𐑭𐑤𐑦𐑩 / 𐑒𐑪𐑐𐑮𐑩𐑤𐑭𐑤𐑦𐑩]
cordovan	𐑒𐑹𐑛𐑩𐑝𐑩𐑯	ˈkɔːrdəvən	NN1	GenAm	89	shave_says:[𐑒𐑹𐑛𐑴𐑝𐑩𐑯 / 𐑒𐑹𐑛𐑴𐑓𐑩𐑯 / 𐑒𐑴𐑮𐑴𐑛𐑴𐑝𐑩𐑯]
coriander	𐑒𐑪𐑮𐑦𐑨𐑯𐑛𐑼	kɒriændəR	NN1	RSSB	89	shave_says:[𐑒𐑹𐑦𐑨𐑯𐑛𐑼 / 𐑒𐑴𐑮𐑦𐑩𐑯𐑛𐑼]
coronach	𐑒𐑪𐑮𐑩𐑯𐑩𐑒	kɒrənək	NN1	RSSB	89	shave_says:𐑒𐑼𐑴𐑯𐑩𐑗
coronal	𐑒𐑪𐑮𐑩𐑯𐑩𐑤	kɒrənəl	NN1	RSSB	89	shave_says:𐑒𐑼𐑴𐑯𐑩𐑤
coronal	𐑒𐑹𐑩𐑯𐑩𐑤	ˈkɔːRənəl	NN1	GenAm	89	shave_says:𐑒𐑼𐑴𐑯𐑩𐑤
corposant	𐑒𐑹𐑐𐑩𐑟𐑨𐑯𐑑	kɔːRpəzant	NN1	RSSB	89	shave_says:𐑒𐑹𐑐𐑴𐑕𐑩𐑯𐑑
corposant	𐑒𐑹𐑐𐑩𐑕𐑨𐑯𐑑	ˈkɔːrpəˌsænt	NN1	GenAm	89	shave_says:𐑒𐑹𐑐𐑴𐑕𐑩𐑯𐑑
corsican	𐑒𐑹𐑕𐑩𐑒𐑩𐑯	ˈkɔːRsəkən	AJ0	GenAm	89	shave_says:[𐑒𐑹𐑕𐑦𐑒𐑩𐑯 / 𐑒𐑹𐑕𐑦𐑒𐑨𐑯]
coruscant	𐑒𐑼𐑳𐑕𐑒𐑩𐑯𐑑	kərʌskənt	AJ0	RSSB	89	shave_says:[𐑒𐑪𐑮𐑩𐑕𐑒𐑩𐑯𐑑 / 𐑒𐑴𐑮𐑵𐑕𐑒𐑨𐑯𐑑]
corymb	𐑒𐑪𐑮𐑦𐑥𐑚	ˈkɒrɪmb	NN1	RSSB	89	shave_says:𐑒𐑹𐑦𐑥𐑚
coryza	𐑒𐑼𐑪𐑦𐑟𐑩	kəˈrɒɪzə	NN1	GenAm	89	shave_says:𐑒𐑹𐑦𐑟𐑩
cosmid	𐑒𐑪𐑟𐑥𐑩𐑛	ˈkɒzmƏd	NN1	GenAm	89	shave_says:[𐑒𐑪𐑟𐑩𐑥𐑦𐑛 / 𐑒𐑴𐑕𐑥𐑦𐑛]
cosmographer	𐑒𐑪𐑟𐑥𐑪𐑜𐑮𐑩𐑓𐑼	kɒzmɒɡrəfəR	NN1	RSSB	89	shave_says:[𐑒𐑪𐑟𐑩𐑥𐑪𐑜𐑮𐑩𐑓𐑼 / 𐑒𐑴𐑕𐑥𐑪𐑜𐑮𐑩𐑓𐑼 / 𐑒𐑪𐑟𐑩𐑥𐑴𐑜𐑮𐑩𐑓𐑼 / 𐑒𐑪𐑟𐑩𐑥𐑩𐑜𐑮𐑭𐑓𐑼 / 𐑒𐑪𐑟𐑥𐑴𐑜𐑮𐑭𐑓𐑰𐑼]
costumer	𐑒𐑪𐑕𐑑𐑫𐑥𐑼	ˈkɒstuməR	NN1	GenAm	89	shave_says:𐑒𐑪𐑕𐑑𐑿𐑥𐑼
cotoneaster	𐑒𐑩𐑑𐑴𐑯𐑰𐑨𐑕𐑑𐑼	kətəʊniːastəR	NN1	RSSB	89	shave_says:[𐑒𐑥𐑑𐑴𐑯𐑨𐑕𐑑𐑼 / 𐑒𐑴𐑑𐑴𐑯𐑨𐑕𐑑𐑼 / 𐑒𐑥𐑑𐑴𐑯𐑩𐑕𐑑𐑼]
coulisse	𐑒𐑵𐑤𐑰𐑕	kuːˈliːs	NN1	RSSB	89	shave_says:[𐑒𐑴𐑤𐑰𐑕 / 𐑒𐑥𐑿𐑤𐑰𐑕 / 𐑒𐑴𐑵𐑤𐑰𐑕]
coulomb	𐑒𐑫𐑤𐑪𐑥	ˈkulɒm	NN1	GenAm	89	shave_says:𐑒𐑵𐑤𐑪𐑥
coupler	𐑒𐑳𐑐𐑤𐑼	kʌpləR	NN1	RSSB	89	shave_says:𐑒𐑳𐑐𐑩𐑤𐑼
couture	𐑒𐑵𐑑𐑘𐑫𐑼	kuːtjʊəR	NN1	RSSB	89	shave_says:𐑒𐑵𐑑𐑿𐑼
couture	𐑒𐑫𐑑𐑫𐑼	kuˈtʊəR	NN1	GenAm	89	shave_says:𐑒𐑵𐑑𐑿𐑼
couvade	𐑒𐑵𐑝𐑭𐑛	kuːˈvɑːd	NN1	RSSB	89	shave_says:𐑒𐑴𐑿𐑝𐑰𐑱𐑛
cowberry	𐑒𐑨𐑫𐑚𐑼𐑦	kaubərɪ	NN1	RSSB	89	shave_says:[𐑒𐑬𐑚𐑼𐑦 / 𐑒𐑬𐑚𐑧𐑮𐑦 / 𐑒𐑬𐑚𐑼𐑮𐑦]
cpu	𐑕𐑰𐑐𐑰𐑿	siːpiːˈjuː	NN1	RSSB	89	
cpu	𐑕𐑰𐑐𐑦𐑘𐑫	ˌsiːpiˈju	NN1	GenAm	89	
crapulous	𐑒𐑮𐑨𐑐𐑘𐑩𐑤𐑩𐑕	kræpjələs	AJ0	RSSB	89	shave_says:[𐑒𐑮𐑱𐑐𐑿𐑤𐑩𐑕 / 𐑒𐑮𐑱𐑐𐑵𐑤𐑴𐑩𐑕 / 𐑒𐑮𐑨𐑐𐑵𐑤𐑩𐑕 / 𐑒𐑮𐑱𐑐𐑵𐑤𐑩𐑕 / 𐑒𐑮𐑱𐑐𐑵𐑤𐑴𐑵𐑟]
craton	𐑒𐑮𐑱𐑑𐑪𐑯	ˈkreɪtɒn	NN1	RSSB	89	shave_says:[𐑒𐑮𐑱𐑑𐑩𐑯 / 𐑒𐑮𐑨𐑑𐑩𐑯]
crawdad	𐑒𐑮𐑪𐑛𐑨𐑛	ˈkrɒˌdæd	NN1	GenAm	89	shave_says:𐑒𐑮𐑷𐑛𐑨𐑛
creatine	𐑒𐑮𐑰𐑩𐑑𐑰𐑯	ˈkriː+əˌtiːn	NN1	GenAm	89	shave_says:𐑒𐑮𐑦𐑩𐑑𐑰𐑯
credendum	𐑒𐑮𐑦𐑛𐑧𐑯𐑛𐑩𐑥	krɪdendəm	NN1	RSSB	89	shave_says:[𐑒𐑮𐑰𐑛𐑩𐑯𐑛𐑩𐑥 / 𐑒𐑮𐑰𐑛𐑩𐑯𐑛𐑵𐑥]
credenza	𐑒𐑮𐑩𐑛𐑧𐑯𐑟𐑩	krəˈdenzə	NN1	GenAm	89	shave_says:𐑒𐑮𐑦𐑛𐑧𐑯𐑟𐑩
crenate	𐑒𐑮𐑰𐑯𐑱𐑑	ˈkriːneɪt	AJ0	RSSB	89	shave_says:𐑒𐑮𐑧𐑯𐑱𐑑
crenated	𐑒𐑮𐑦𐑯𐑱𐑑𐑩𐑛	krɪˈneɪtƏd	AJ0	RSSB	89	shave_says:[𐑒𐑮𐑧𐑯𐑱𐑑𐑩𐑛 / 𐑒𐑮𐑧𐑯𐑨𐑑𐑩𐑛]
crenellate	𐑒𐑮𐑧𐑯𐑧𐑤𐑱𐑑	ˈkreneleɪt	VVI	RSSB	89	shave_says:𐑒𐑮𐑧𐑯𐑩𐑤𐑱𐑑
creolize	𐑒𐑮𐑰𐑩𐑤𐑲𐑟	kriːəlaɪz	VVI	RSSB	89	shave_says:𐑒𐑮𐑰𐑴𐑤𐑲𐑟
crepuscle	𐑒𐑮𐑦𐑐𐑳𐑕𐑩𐑤	krɪˈpʌsəl	NN1	GenAm	89	
crepuscule	𐑒𐑮𐑧𐑐𐑫𐑕𐑒𐑿𐑤	ˈkrepʊˌskjuːl	NN1	RSSB	89	shave_says:𐑒𐑮𐑦𐑐𐑳𐑕𐑒𐑿𐑤
crepuscule	𐑒𐑮𐑦𐑐𐑳𐑕𐑒𐑘𐑫𐑤	krɪˈpʌskjul	NN1	GenAm	89	shave_says:𐑒𐑮𐑦𐑐𐑳𐑕𐑒𐑿𐑤
crinoid	𐑒𐑮𐑲𐑯𐑶𐑛	ˈkraɪnɔɪd	AJ0	RSSB	89	shave_says:[𐑒𐑮𐑦𐑯𐑶𐑛 / 𐑒𐑮𐑦𐑯𐑴𐑦𐑛]
criterium	𐑒𐑮𐑲𐑑𐑽𐑾𐑥	kraɪtɪəriəm	NN1	RSSB	89	shave_says:[𐑒𐑮𐑲𐑑𐑽𐑦𐑩𐑥 / 𐑒𐑮𐑲𐑑𐑽𐑦𐑵𐑥]
crocodilian	𐑒𐑮𐑪𐑒𐑩𐑛𐑦𐑤𐑾𐑯	krɒkədɪliən	NN1	RSSB	89	shave_says:𐑒𐑮𐑪𐑒𐑩𐑛𐑲𐑤𐑦𐑩𐑯
cromulent	𐑒𐑮𐑪𐑥𐑘𐑩𐑤𐑩𐑯𐑑	ˈkrɒmjələnt	AJ0	GenAm	89	shave_says:𐑒𐑮𐑪𐑥𐑿𐑤𐑩𐑯𐑑
cross-dress	𐑒𐑮𐑪𐑕𐑛𐑮𐑧𐑕	ˈkrɒsˈdres	VVI	GenAm	89	shave_says:𐑒𐑮𐑪𐑕-𐑛𐑮𐑧𐑕
cross-dresser	𐑒𐑮𐑪𐑕𐑛𐑮𐑧𐑕𐑼	ˈkrɒsˌdresəR	NN1	GenAm	89	shave_says:𐑒𐑮𐑪𐑕-𐑛𐑮𐑧𐑕𐑼
croton	𐑒𐑮𐑴𐑑𐑯	ˈkroʊtn	NN1	GenAm	89	shave_says:𐑒𐑮𐑴𐑑𐑩𐑯
crouton	𐑒𐑮𐑵𐑑𐑭𐑯	ˈkruːtɑːn	NN1	GenAm	89	shave_says:𐑒𐑮𐑵𐑑𐑪𐑯
cruciferous	𐑒𐑮𐑫𐑕𐑦𐑓𐑼𐑩𐑕	krusɪfərəs	AJ0	RSSB	89	
crustose	𐑒𐑮𐑫𐑕𐑑𐑴𐑕	ˈkrʊstoʊs	AJ0	GenAm	89	shave_says:𐑒𐑮𐑳𐑕𐑑𐑴𐑕
cryptophyte	𐑒𐑮𐑦𐑐𐑑𐑩𐑓𐑲𐑑	ˈkrɪptəˌfaɪt	NN1	GenAm	89	shave_says:𐑒𐑮𐑦𐑐𐑑𐑴𐑓𐑲𐑑
csardas	𐑗𐑸𐑛𐑨𐑖	tʃɑːRdæʃ	NN1	RSSB	89	
csardas	𐑗𐑸𐑛𐑪𐑖	ˈtʃɑːRdɒʃ	NN1	GenAm	89	
ctenophore	𐑑𐑰𐑯𐑩𐑓𐑹	tiːnəfɔːR	NN1	RSSB	89	shave_says:[𐑑𐑧𐑯𐑩𐑓𐑹 / 𐑑𐑧𐑯𐑴𐑓𐑹]
cubeb	𐑒𐑿𐑚𐑧𐑚	ˈkjuːbeb	NN1	RSSB	89	shave_says:𐑒𐑿𐑚𐑚
cucurbit	𐑒𐑿𐑒𐑻𐑚𐑦𐑑	kjuːkɜːRbɪt	NN1	RSSB	89	
cucurbitaceous	𐑒𐑿𐑒𐑻𐑚𐑦𐑑𐑱𐑖𐑩𐑕	kjuːkɜːRbɪteɪʃəs	AJ0	RSSB	89	
cuisse	𐑒𐑢𐑦𐑕	kwɪs	NN1	RSSB	89	shave_says:𐑒𐑿𐑰𐑕
culex	𐑒𐑿𐑤𐑧𐑒𐑕	ˈkjuːleks	NN1	RSSB	89	
cumin	𐑒𐑿𐑥𐑦𐑯	ˈkjuːmɪn	NN1	RSSB	89	shave_says:𐑒𐑳𐑥𐑦𐑯
cumin	𐑒𐑫𐑥𐑦𐑯	ˈkumɪn	NN1	GenAm	89	shave_says:𐑒𐑳𐑥𐑦𐑯
cumulation	𐑒𐑿𐑥𐑘𐑩𐑤𐑱𐑖𐑩𐑯	ˌkjuːmjəˈleɪʃən	NN1	RSSB	89	shave_says:[𐑒𐑿𐑥𐑿𐑤𐑱𐑖𐑩𐑯 / 𐑒𐑳𐑥𐑵𐑤𐑱𐑖𐑩𐑯 / 𐑒𐑿𐑥𐑵𐑤𐑱𐑖𐑩𐑯 / 𐑒𐑿𐑥𐑿𐑤𐑭𐑑𐑦𐑩𐑯 / 𐑒𐑿𐑥𐑿𐑤𐑩𐑑𐑦𐑩𐑯]
cumulonimbus	𐑒𐑿𐑥𐑩𐑤𐑴𐑯𐑦𐑥𐑚𐑩𐑕	ˌkjuːmələʊˈnɪmbəs	NN1	RSSB	89	shave_says:[𐑒𐑿𐑥𐑿𐑤𐑩𐑯𐑦𐑥𐑚𐑳𐑕 / 𐑒𐑳𐑥𐑵𐑤𐑩𐑯𐑦𐑥𐑚𐑳𐑕 / 𐑒𐑿𐑥𐑿𐑤𐑩𐑯𐑦𐑥𐑚𐑩𐑕]
cupbearer	𐑒𐑳𐑐𐑚𐑧𐑮𐑼	ˈkʌpˌberəR	NN1	GenAm	89	shave_says:𐑒𐑳𐑐𐑚𐑺𐑼
cupel	𐑒𐑿𐑐𐑩𐑤	ˈkjuːpəl	NN1	RSSB	89	shave_says:[𐑒𐑳𐑐𐑩𐑤 / 𐑒𐑵𐑐𐑧𐑩𐑤]
cupulate	𐑒𐑩𐑐𐑘𐑫𐑤𐑩𐑑	ˈkəpjulət	AJ0	RSSB	89	shave_says:[𐑒𐑳𐑐𐑿𐑤𐑱𐑑 / 𐑒𐑳𐑐𐑵𐑤𐑱𐑑]
curare	𐑒𐑘𐑼𐑸𐑦	kjəˈrɑːRi	NN1	GenAm	89	shave_says:𐑒𐑿𐑮𐑸𐑦
curettage	𐑒𐑘𐑫𐑼𐑦𐑑𐑭𐑠	kjʊərɪtɑːʒ	NN1	RSSB	89	shave_says:[𐑒𐑘𐑫𐑼𐑩𐑑𐑦𐑡 / 𐑒𐑘𐑫𐑼𐑧𐑑𐑦𐑡]
curia	𐑒𐑿𐑮𐑦𐑩	kjuːri+ə	NN1	RSSB	89	shave_says:𐑒𐑘𐑫𐑼𐑦𐑩
curiosa	𐑒𐑘𐑫𐑼𐑾𐑫𐑕𐑩	kjʊərɪəʊsə	NN1	RSSB	89	shave_says:𐑒𐑘𐑫𐑼𐑦𐑴𐑟𐑩
curiosa	𐑒𐑘𐑼𐑦𐑴𐑕𐑩	ˌkjəriˈoʊsə	NN1	GenAm	89	shave_says:𐑒𐑘𐑫𐑼𐑦𐑴𐑟𐑩
curiousness	𐑒𐑘𐑫𐑼𐑦𐑩𐑕𐑯𐑩𐑕	kjʊəri+əsnəs	NN1	RSSB	89	shave_says:𐑒𐑘𐑫𐑼𐑾𐑕𐑯𐑩𐑕
currier	𐑒𐑳𐑮𐑽	kʌrɪəR	NN1	RSSB	89	shave_says:𐑒𐑳𐑮𐑦𐑼
curvet	𐑒𐑼𐑝𐑧𐑑	kəRˈvet	NN1	GenAm	89	shave_says:[𐑒𐑻𐑝𐑩𐑑 / 𐑒𐑻𐑝𐑧𐑑]
cuscus	𐑒𐑳𐑕𐑒𐑩𐑕	ˈkʌskəs	NN1	RSSB	89	shave_says:𐑒𐑳𐑕𐑒𐑳𐑕
cushat	𐑒𐑳𐑖𐑩𐑑	ˈkʌʃət	NN1	RSSB	89	shave_says:𐑒𐑫𐑖𐑨𐑑
cuspid	𐑒𐑳𐑕𐑐𐑩𐑛	ˈkʌspƏd	NN1	RSSB	89	shave_says:𐑒𐑳𐑕𐑐𐑦𐑛
cutaneous	𐑒𐑿𐑑𐑱𐑯𐑾𐑕	kjuːˈteɪniəs	AJ0	RSSB	89	shave_says:[𐑒𐑿𐑑𐑱𐑯𐑦𐑩𐑕 / 𐑒𐑳𐑑𐑱𐑯𐑦𐑩𐑕 / 𐑒𐑳𐑑𐑩𐑯𐑦𐑩𐑕 / 𐑒𐑿𐑑𐑩𐑯𐑦𐑩𐑕 / 𐑒𐑿𐑑𐑩𐑯𐑱𐑴𐑩𐑕]
cutis	𐑒𐑘𐑫𐑑𐑩𐑕	kjutəs	NN1	RSSB	89	shave_says:[𐑒𐑿𐑑𐑦𐑕 / 𐑒𐑳𐑑𐑦𐑕 / 𐑒𐑳𐑑𐑦𐑟 / 𐑒𐑿𐑑𐑦𐑟]
cwm	𐑒𐑫𐑥	kʊm	NN1	RSSB	89	shave_says:𐑒𐑵𐑥
cyanogen	𐑕𐑨𐑘𐑨𐑯𐑩𐑡𐑦𐑯	sajˈænədʒɪn	NN1	RSSB	89	shave_says:[𐑕𐑲𐑨𐑯𐑴𐑡𐑧𐑯𐑼𐑩𐑤 / 𐑕𐑲𐑨𐑯𐑩𐑡𐑩𐑯 / 𐑕𐑲𐑨𐑯𐑴𐑡𐑩𐑯]
cyanosis	𐑕𐑲𐑩𐑯𐑴𐑕𐑦𐑕	ˌsaɪəˈnoʊsɪs	NN1	RSSB	89	shave_says:[𐑕𐑲𐑨𐑯𐑴𐑕𐑦𐑕 / 𐑕𐑲𐑨𐑯𐑴𐑟𐑦𐑕 / 𐑕𐑲𐑨𐑯𐑴𐑕𐑦𐑟]
cycad	𐑕𐑲𐑒𐑩𐑛	ˈsaɪkəd	NN1	RSSB	89	shave_says:𐑕𐑲𐑒𐑨𐑛
cycloid	𐑕𐑲𐑒𐑤𐑶𐑛	ˈsaɪklɔɪd	AJ0	RSSB	89	shave_says:𐑕𐑲𐑒𐑤𐑴𐑦𐑛
cycloserine	𐑕𐑲𐑒𐑤𐑴𐑕𐑦𐑮𐑰𐑯	ˌsaɪkloʊˈsɪrˌiːn	NN1	GenAm	89	shave_says:[𐑕𐑲𐑒𐑤𐑴𐑕𐑽𐑰𐑯 / 𐑕𐑲𐑒𐑩𐑤𐑴𐑕𐑼𐑰𐑯]
cylix	𐑕𐑲𐑤𐑦𐑒𐑕	saɪlɪks	NN1	RSSB	89	
cyma	𐑕𐑲𐑥𐑩	ˈsaɪmə	NN1	RSSB	89	shave_says:𐑕𐑰𐑥𐑩
cyme	𐑕𐑲𐑥	saɪm	NN1	RSSB	89	
cymric	𐑒𐑦𐑥𐑮𐑦𐑒	ˈkɪmrɪk	NN1	RSSB	89	
cynophobia	𐑕𐑲𐑯𐑩𐑓𐑴𐑚𐑦𐑩	ˌsaɪnəˈfoʊbi+ə	NN1	GenAm	89	shave_says:[𐑕𐑲𐑯𐑴𐑓𐑴𐑚𐑾 / 𐑕𐑦𐑯𐑴𐑓𐑴𐑚𐑦𐑩]
cyproheptadine	𐑕𐑲𐑐𐑮𐑩𐑣𐑧𐑐𐑑𐑩𐑛𐑰𐑯	saɪprəheptədiːn	NN1	RSSB	89	shave_says:[𐑕𐑲𐑐𐑮𐑴𐑧𐑐𐑑𐑱𐑛𐑰𐑯 / 𐑕𐑲𐑐𐑮𐑴𐑧𐑐𐑑𐑨𐑛𐑰𐑯]
cytochrome	𐑕𐑲𐑑𐑩𐑒𐑮𐑴𐑥	saɪtəkrəʊm	NN1	RSSB	89	shave_says:𐑕𐑲𐑑𐑴𐑒𐑮𐑴𐑥
cytologist	𐑕𐑲𐑑𐑭𐑤𐑩𐑡𐑦𐑕𐑑	saɪˈtɑːlədʒɪst	NN1	GenAm	89	shave_says:[𐑕𐑲𐑑𐑴𐑤𐑩𐑡𐑦𐑕𐑑 / 𐑕𐑲𐑑𐑪𐑤𐑩𐑡𐑦𐑕𐑑 / 𐑕𐑲𐑑𐑩𐑤𐑪𐑜𐑦𐑕𐑑]
cytoplasmic	𐑕𐑲𐑑𐑩𐑐𐑤𐑨𐑟𐑥𐑦𐑒	saɪtəˈplazmɪk	AJ0	RSSB	89	shave_says:[𐑕𐑲𐑑𐑴𐑐𐑤𐑨𐑟𐑩𐑥𐑦𐑒 / 𐑕𐑲𐑑𐑪𐑐𐑤𐑨𐑟𐑩𐑥𐑦𐑒]
dacitic	𐑛𐑩𐑕𐑦𐑑𐑦𐑒	dəˈsɪtɪk	AJ0	RSSB	89	shave_says:[𐑛𐑱𐑕𐑦𐑑𐑦𐑒 / 𐑛𐑨𐑒𐑦𐑑𐑦𐑒 / 𐑛𐑱𐑕𐑲𐑑𐑦𐑒]
dada	𐑛𐑭𐑛𐑭	ˈdɑːdɑː	NN1	RSSB	89	shave_says:𐑛𐑭𐑛𐑩
dadaism	𐑛𐑭𐑛𐑭𐑦𐑟𐑩𐑥	ˈdɑːdɑːɪzəm	NN1	RSSB	89	shave_says:𐑛𐑭𐑛𐑩𐑦𐑟𐑩𐑥
daftness	𐑛𐑨𐑓𐑑𐑯𐑩𐑕	ˈdæftnəs	NN1	GenAm	89	shave_says:𐑛𐑭𐑓𐑑𐑯𐑩𐑕
daikon	𐑛𐑲𐑒𐑪𐑯	ˈdaɪkɒn	NN1	RSSB	89	shave_says:𐑛𐑭𐑦𐑒𐑩𐑯
daimon	𐑛𐑲𐑥𐑴𐑯	ˈdaɪˌmoʊn	NN1	GenAm	89	shave_says:𐑛𐑭𐑦𐑥𐑩𐑯
dak	𐑛𐑭𐑒	dɑːk	NN1	RSSB	89	shave_says:𐑛𐑨𐑒
dal	𐑛𐑭𐑤	dɑːl	NN1	RSSB	89	shave_says:𐑛𐑨𐑤
dalasi	𐑛𐑩𐑤𐑭𐑕𐑦	dəˈlɑːsi	NN1	RSSB	89	shave_says:[𐑛𐑱𐑤𐑱𐑕𐑦 / 𐑛𐑱𐑤𐑩𐑟𐑦]
daltonism	𐑛𐑷𐑤𐑑𐑩𐑯𐑦𐑟𐑩𐑥	ˈdɔːltənɪzəm	NN1	RSSB	89	shave_says:[𐑛𐑪𐑤𐑑𐑩𐑯𐑦𐑟𐑩𐑥 / 𐑛𐑨𐑤𐑑𐑴𐑯𐑦𐑟𐑩𐑥]
dantesque	𐑛𐑨𐑯𐑑𐑦𐑧𐑕𐑒	ˌdæntɪˈesk	AJ0	RSSB	89	shave_says:[𐑛𐑭𐑯𐑑𐑱𐑧𐑕𐑒 / 𐑛𐑨𐑯𐑑𐑧𐑕𐑒]
daphnia	𐑛𐑨𐑓𐑯𐑾	ˈdæfnɪə	NN1	RSSB	89	shave_says:𐑛𐑨𐑓𐑯𐑦𐑩
dapsone	𐑛𐑨𐑐𐑕𐑴𐑯	ˈdæpˌsoʊn	NN1	GenAm	89	shave_says:𐑛𐑨𐑐𐑕𐑢𐑳𐑯
das	𐑛𐑨𐑕	dæs	NN1	RSSB	89	shave_says:𐑛𐑭𐑕
dasheen	𐑛𐑨𐑖𐑦𐑯	dæˈʃin	NN1	RSSB	89	shave_says:𐑛𐑨𐑖𐑰𐑯
daydreamer	𐑛𐑱𐑛𐑮𐑦𐑥𐑼	ˈdeɪdriməR	NN1	GenAm	89	shave_says:𐑛𐑱𐑛𐑮𐑰𐑥𐑼
dd	𐑛𐑰𐑛𐑰	ˌdiːˈdiː	NN1	RSSB	89	
de-emphasize	𐑛𐑰𐑧𐑥𐑓𐑩𐑕𐑲𐑟	diːˈemfəsaɪz	VVI	RSSB	89	shave_says:𐑛𐑧-𐑧𐑥𐑓𐑩𐑕𐑲𐑟
deaccession	𐑛𐑰𐑨𐑒𐑕𐑧𐑖𐑩𐑯	ˌdiːækˈseʃən	VVI	RSSB	89	shave_says:𐑛𐑰𐑩𐑒𐑕𐑧𐑖𐑩𐑯
deadliness	𐑛𐑧𐑛𐑤𐑦𐑯𐑩𐑕	ˈdedlɪnəs	NN1	RSSB	89	shave_says:𐑛𐑧𐑛𐑤𐑲𐑯𐑩𐑕
dealignment	𐑛𐑰𐑘𐑩𐑤𐑲𐑯𐑥𐑩𐑯𐑑	ˌdiːjəˈlaɪnmənt	NN1	RSSB	89	shave_says:𐑛𐑰𐑩𐑤𐑲𐑯𐑥𐑩𐑯𐑑
deaminate	𐑛𐑰𐑨𐑥𐑦𐑯𐑱𐑑	diːˈæmɪneɪt	VVI	RSSB	89	shave_says:[𐑛𐑩𐑩𐑥𐑰𐑯𐑱𐑑 / 𐑛𐑰𐑩𐑥𐑰𐑯𐑱𐑑 / 𐑛𐑰𐑥𐑦𐑯𐑱𐑑]
deamination	𐑛𐑰𐑨𐑥𐑦𐑯𐑱𐑖𐑩𐑯	diːæmɪˈneɪʃən	NN1	RSSB	89	shave_says:[𐑛𐑩𐑩𐑥𐑰𐑯𐑱𐑖𐑩𐑯 / 𐑛𐑰𐑩𐑥𐑰𐑯𐑱𐑖𐑩𐑯 / 𐑛𐑰𐑥𐑦𐑯𐑱𐑖𐑩𐑯 / 𐑛𐑩𐑩𐑥𐑰𐑯𐑭𐑑𐑦𐑩𐑯 / 𐑛𐑩𐑩𐑥𐑰𐑯𐑩𐑑𐑦𐑩𐑯]
debarment	𐑛𐑦𐑚𐑸𐑥𐑩𐑯𐑑	dɪbɑːRmənt	NN1	RSSB	89	shave_says:[𐑛𐑰𐑚𐑸𐑥𐑩𐑯𐑑 / 𐑛𐑰𐑚𐑸𐑥𐑧𐑯𐑑]
debile	𐑛𐑧𐑚𐑾𐑤	deˈbɪəl	AJ0	RSSB	89	shave_says:[𐑛𐑰𐑚𐑲𐑤 / 𐑛𐑧𐑚𐑲𐑤 / 𐑛𐑧𐑚𐑦𐑩𐑤]
debilitation	𐑛𐑦𐑚𐑦𐑤𐑦𐑑𐑱𐑖𐑩𐑯	dɪbɪlɪˈteɪʃən	NN1	RSSB	89	shave_says:𐑛𐑦𐑚𐑦𐑤𐑦𐑑𐑱𐑑𐑦𐑩𐑯
debridement	𐑛𐑱𐑚𐑮𐑰𐑛𐑥𐑭	deɪbriːdmɑː	NN1	RSSB	89	shave_says:[𐑛𐑦𐑚𐑮𐑰𐑛𐑥𐑩𐑯𐑑 / 𐑛𐑦𐑚𐑮𐑰𐑛𐑥𐑧𐑯𐑑 / 𐑛𐑰𐑚𐑮𐑲𐑛𐑥𐑩𐑯𐑑]
decaffeinate	𐑛𐑰𐑒𐑨𐑓𐑰𐑯𐑱𐑑	diːˈkæfiːneɪt	VVI	RSSB	89	shave_says:𐑛𐑰𐑒𐑨𐑓𐑦𐑯𐑱𐑑
decagon	𐑛𐑧𐑒𐑩𐑜𐑩𐑯	ˈdekəɡən	NN1	RSSB	89	shave_says:[𐑛𐑧𐑒𐑩𐑜𐑪𐑯 / 𐑛𐑧𐑒𐑨𐑜𐑩𐑯]
decalitre	𐑛𐑧𐑒𐑩𐑤𐑦𐑑𐑼	dekəlɪtəR	NN1	RSSB	89	shave_says:𐑛𐑧𐑒𐑩𐑤𐑰𐑑𐑼
decarboxylase	𐑛𐑰𐑒𐑸𐑚𐑪𐑒𐑕𐑦𐑤𐑱𐑟	diːkɑːRbɒksɪleɪz	NN1	RSSB	89	shave_says:𐑛𐑰𐑒𐑸𐑚𐑴𐑟𐑲𐑤𐑱𐑕
decarboxylate	𐑛𐑰𐑒𐑸𐑚𐑪𐑒𐑕𐑦𐑤𐑱𐑑	diːkɑːRbɒksɪleɪt	VVI	RSSB	89	shave_says:𐑛𐑰𐑒𐑸𐑚𐑴𐑟𐑲𐑤𐑱𐑑
decarboxylation	𐑛𐑰𐑒𐑸𐑚𐑪𐑒𐑕𐑦𐑤𐑱𐑖𐑩𐑯	diːkɑːRbɒksɪleɪʃən	NN1	RSSB	89	shave_says:𐑛𐑰𐑒𐑸𐑚𐑴𐑟𐑲𐑤𐑱𐑖𐑩𐑯
decathlon	𐑛𐑰𐑒𐑨𐑔𐑤𐑪𐑯	diːˈkæθlɒn	NN1	RSSB	89	shave_says:𐑛𐑦𐑒𐑨𐑔𐑤𐑪𐑯
decennium	𐑛𐑦𐑕𐑧𐑯𐑾𐑥	dɪˈsenɪəm	NN1	RSSB	89	shave_says:[𐑛𐑧𐑕𐑧𐑯𐑦𐑩𐑥 / 𐑛𐑧𐑕𐑧𐑯𐑦𐑵𐑥]
decerebrate	𐑛𐑦𐑕𐑧𐑮𐑩𐑚𐑮𐑩𐑑	dɪserəbrət	VVI	RSSB	89	shave_says:𐑛𐑰𐑕𐑧𐑮𐑦𐑚𐑮𐑱𐑑
decidua	𐑛𐑦𐑕𐑦𐑡𐑫𐑩	dɪˈsɪdʒʊə	NN1	RSSB	89	shave_says:𐑛𐑦𐑕𐑦𐑛𐑿𐑩
decile	𐑛𐑧𐑕𐑩𐑤	ˈdesəl	NN1	GenAm	89	shave_says:𐑛𐑧𐑕𐑲𐑤
declaratory	𐑛𐑧𐑒𐑤𐑨𐑮𐑩𐑑𐑮𐑦	deklærətri	AJ0	RSSB	89	shave_says:[𐑛𐑦𐑒𐑤𐑺𐑩𐑑𐑼𐑦 / 𐑛𐑧𐑒𐑤𐑼𐑩𐑑𐑼𐑦 / 𐑛𐑰𐑒𐑤𐑺𐑩𐑑𐑼𐑦 / 𐑛𐑦𐑒𐑤𐑺𐑱𐑑𐑼𐑦]
declinometer	𐑛𐑧𐑒𐑤𐑦𐑯𐑪𐑥𐑩𐑑𐑼	deklɪnɒmətəR	NN1	RSSB	89	shave_says:[𐑛𐑦𐑒𐑤𐑲𐑯𐑪𐑥𐑦𐑑𐑼 / 𐑛𐑧𐑒𐑤𐑦𐑯𐑪𐑥𐑦𐑑𐑼 / 𐑛𐑦𐑒𐑤𐑲𐑯𐑴𐑥𐑰𐑑𐑼 / 𐑛𐑰𐑒𐑤𐑲𐑯𐑪𐑥𐑦𐑑𐑼 / 𐑛𐑦𐑒𐑤𐑲𐑯𐑩𐑥𐑩𐑑𐑼]
declivitous	𐑛𐑦𐑒𐑤𐑦𐑝𐑦𐑑𐑩𐑕	dɪˈklɪvɪtəs	AJ0	RSSB	89	shave_says:[𐑛𐑰𐑒𐑤𐑲𐑝𐑲𐑑𐑩𐑕 / 𐑛𐑧𐑒𐑤𐑦𐑝𐑲𐑑𐑩𐑕 / 𐑛𐑧𐑒𐑤𐑦𐑝𐑦𐑑𐑩𐑕 / 𐑛𐑧𐑒𐑤𐑦𐑝𐑰𐑑𐑴𐑩𐑕 / 𐑛𐑧𐑒𐑤𐑦𐑝𐑰𐑑𐑴𐑵𐑟]
decoct	𐑛𐑩𐑒𐑪𐑒𐑑	dəˈkɒkt	VVI	GenAm	89	shave_says:𐑛𐑦𐑒𐑪𐑒𐑑
decoction	𐑛𐑦𐑒𐑪𐑒𐑖𐑩𐑯	dɪˈkɒkʃən	NN1	RSSB	89	shave_says:𐑛𐑦𐑒𐑪𐑒𐑑𐑦𐑩𐑯
decollate	𐑛𐑦𐑒𐑪𐑤𐑱𐑑	dɪˈkɒleɪt	VVI	RSSB	89	shave_says:𐑛𐑰𐑒𐑩𐑤𐑱𐑑
decompound	𐑛𐑦𐑒𐑪𐑥𐑐𐑬𐑯𐑛	dɪˈkɒmpaʊnd	AJ0	RSSB	89	shave_says:𐑛𐑰𐑒𐑪𐑥𐑐𐑬𐑯𐑛
deconsecrate	𐑛𐑰𐑒𐑪𐑯𐑕𐑩𐑒𐑮𐑱𐑑	diːkɒnsəkreɪt	VVI	RSSB	89	shave_says:𐑛𐑰𐑒𐑪𐑯𐑕𐑦𐑒𐑮𐑱𐑑
decoratively	𐑛𐑻𐑒𐑮𐑩𐑑𐑦𐑝𐑤𐑦	dɜːRkrətɪvli	AV0	RSSB	89	shave_says:𐑛𐑧𐑒𐑼𐑩𐑑𐑦𐑝𐑤𐑦
decorativeness	𐑛𐑻𐑒𐑮𐑩𐑑𐑦𐑝𐑯𐑩𐑕	dɜːRkrətɪvnəs	NN1	RSSB	89	shave_says:𐑛𐑧𐑒𐑼𐑩𐑑𐑦𐑝𐑯𐑩𐑕
decorousness	𐑛𐑧𐑒𐑮𐑩𐑕𐑯𐑩𐑕	dekrəsnəs	NN1	RSSB	89	shave_says:[𐑛𐑧𐑒𐑼𐑩𐑕𐑯𐑩𐑕 / 𐑛𐑰𐑒𐑹𐑩𐑕𐑯𐑩𐑕]
decoupage	𐑛𐑱𐑒𐑵𐑐𐑭𐑠	ˌdeɪkuːˈpɑːʒ	NN1	RSSB	89	shave_says:[𐑛𐑰𐑒𐑵𐑐𐑱𐑦𐑡 / 𐑛𐑧𐑒𐑴𐑳𐑐𐑦𐑡]
decrement	𐑛𐑧𐑒𐑮𐑩𐑥𐑩𐑯𐑑	dekrəmənt	NN1	RSSB	89	shave_says:𐑛𐑧𐑒𐑮𐑩𐑥𐑧𐑯𐑑
decrementation	𐑛𐑧𐑒𐑮𐑩𐑥𐑩𐑯𐑑𐑱𐑖𐑩𐑯	dekrəmənteɪʃən	NN1	RSSB	89	shave_says:[𐑛𐑧𐑒𐑮𐑩𐑥𐑧𐑯𐑑𐑱𐑖𐑩𐑯 / 𐑛𐑧𐑒𐑮𐑩𐑥𐑧𐑯𐑑𐑭𐑑𐑦𐑩𐑯 / 𐑛𐑧𐑒𐑮𐑩𐑥𐑧𐑯𐑑𐑩𐑑𐑦𐑩𐑯 / 𐑛𐑰𐑒𐑮𐑧𐑥𐑩𐑯𐑑𐑱𐑖𐑩𐑯]
decrepitate	𐑛𐑦𐑒𐑮𐑧𐑐𐑦𐑑𐑱𐑑	dɪˈkrepɪteɪt	VVI	RSSB	89	shave_says:𐑛𐑰𐑒𐑮𐑧𐑐𐑦𐑑𐑱𐑑
decrepitation	𐑛𐑦𐑒𐑮𐑧𐑐𐑦𐑑𐑱𐑖𐑩𐑯	dɪkrepɪteɪʃən	NN1	RSSB	89	shave_says:𐑛𐑰𐑒𐑮𐑧𐑐𐑦𐑑𐑱𐑖𐑩𐑯
decrescendo	𐑛𐑰𐑒𐑮𐑧𐑖𐑧𐑯𐑛𐑴	diːˌkreˈʃendəʊ	AJ0	RSSB	89	shave_says:𐑛𐑰𐑒𐑮𐑦𐑖𐑧𐑯𐑛𐑴
decrypt	𐑛𐑦𐑒𐑮𐑦𐑐𐑑	dɪˈkrɪpt	VVI	RSSB	89	shave_says:𐑛𐑰𐑒𐑮𐑦𐑐𐑑
decryption	𐑛𐑦𐑒𐑮𐑦𐑐𐑖𐑩𐑯	dɪkrɪpʃən	NN1	RSSB	89	shave_says:[𐑛𐑰𐑒𐑮𐑦𐑐𐑑𐑦𐑩𐑯 / 𐑛𐑰𐑒𐑮𐑦𐑐𐑑𐑲𐑪𐑯]
decubitus	𐑛𐑦𐑒𐑿𐑚𐑦𐑑𐑩𐑕	dɪˈkjuːbɪtəs	NN1	RSSB	89	shave_says:[𐑛𐑰𐑒𐑿𐑚𐑦𐑑𐑩𐑕 / 𐑛𐑧𐑒𐑳𐑚𐑲𐑑𐑩𐑕 / 𐑛𐑧𐑒𐑳𐑚𐑦𐑑𐑩𐑕 / 𐑛𐑧𐑒𐑳𐑚𐑲𐑗𐑫𐑟]
decumbent	𐑛𐑦𐑒𐑳𐑥𐑚𐑩𐑯𐑑	dɪˈkʌmbənt	AJ0	RSSB	89	shave_says:[𐑛𐑰𐑒𐑳𐑥𐑚𐑩𐑯𐑑 / 𐑛𐑧𐑒𐑳𐑥𐑩𐑯𐑑]
decussate	𐑛𐑦𐑒𐑳𐑕𐑱𐑑	dɪˈkʌseɪt	AJ0	RSSB	89	shave_says:[𐑛𐑰𐑒𐑳𐑕𐑱𐑑 / 𐑛𐑧𐑒𐑩𐑕𐑱𐑑]
decussation	𐑛𐑧𐑒𐑳𐑕𐑱𐑖𐑩𐑯	dekʌˈseɪʃən	NN1	RSSB	89	shave_says:[𐑛𐑰𐑒𐑳𐑕𐑱𐑖𐑩𐑯 / 𐑛𐑧𐑒𐑩𐑕𐑱𐑖𐑩𐑯 / 𐑛𐑧𐑒𐑩𐑕𐑭𐑑𐑦𐑩𐑯 / 𐑛𐑧𐑒𐑩𐑕𐑩𐑑𐑦𐑩𐑯]
defecator	𐑛𐑧𐑓𐑦𐑒𐑱𐑑𐑼	defɪkeɪtəR	NN1	RSSB	89	shave_says:𐑛𐑧𐑓𐑩𐑒𐑱𐑑𐑼
defenestrate	𐑛𐑦𐑓𐑧𐑯𐑦𐑕𐑑𐑮𐑱𐑑	dɪˈfenɪstreɪt	VVI	RSSB	89	shave_says:[𐑛𐑰𐑓𐑧𐑯𐑧𐑕𐑑𐑮𐑱𐑑 / 𐑛𐑧𐑓𐑩𐑯𐑩𐑕𐑑𐑮𐑱𐑑]
defenestrate	𐑛𐑩𐑓𐑧𐑯𐑦𐑕𐑑𐑮𐑱𐑑	dəˈfenɪstreɪt	VVI	GenAm	89	shave_says:[𐑛𐑰𐑓𐑧𐑯𐑧𐑕𐑑𐑮𐑱𐑑 / 𐑛𐑧𐑓𐑩𐑯𐑩𐑕𐑑𐑮𐑱𐑑]
defervesce	𐑛𐑰𐑓𐑼𐑝𐑧𐑕	ˌdiːfəRˈves	VVI	GenAm	89	shave_says:[𐑛𐑦𐑓𐑻𐑝𐑧𐑕 / 𐑛𐑰𐑓𐑻𐑝𐑧𐑕]
defervescence	𐑛𐑧𐑓𐑼𐑝𐑧𐑕𐑩𐑯𐑕	defəRvesəns	NN1	RSSB	89	shave_says:[𐑛𐑦𐑓𐑻𐑝𐑧𐑕𐑩𐑯𐑕 / 𐑛𐑰𐑓𐑻𐑝𐑧𐑕𐑩𐑯𐑕]
defoliator	𐑛𐑰𐑓𐑴𐑤𐑰𐑱𐑑𐑼	diːfəʊliːeɪtəR	NN1	RSSB	89	shave_says:𐑛𐑰𐑓𐑴𐑤𐑦𐑱𐑑𐑼
deglutition	𐑛𐑰𐑜𐑤𐑵𐑑𐑦𐑖𐑯	ˌdiːɡluːˈtɪʃn	NN1	RSSB	89	shave_says:[𐑛𐑰𐑜𐑤𐑵𐑑𐑦𐑖𐑩𐑯 / 𐑛𐑧𐑜𐑤𐑳𐑑𐑦𐑖𐑩𐑯 / 𐑛𐑧𐑜𐑤𐑳𐑑𐑦𐑑𐑦𐑩𐑯]
deglutition	𐑛𐑰𐑜𐑤𐑫𐑑𐑦𐑖𐑯	ˌdiːɡluˈtɪʃn	NN1	GenAm	89	shave_says:[𐑛𐑰𐑜𐑤𐑵𐑑𐑦𐑖𐑩𐑯 / 𐑛𐑧𐑜𐑤𐑳𐑑𐑦𐑖𐑩𐑯 / 𐑛𐑧𐑜𐑤𐑳𐑑𐑦𐑑𐑦𐑩𐑯]
dehisce	𐑛𐑦𐑣𐑦𐑕	dɪˈhɪs	VVI	RSSB	89	shave_says:[𐑛𐑰𐑣𐑦𐑟𐑩𐑕 / 𐑛𐑧𐑦𐑕𐑩𐑕]
dehiscence	𐑛𐑦𐑣𐑦𐑕𐑩𐑯𐑕	dɪˈhɪsəns	NN1	RSSB	89	shave_says:[𐑛𐑰𐑣𐑦𐑟𐑩𐑕𐑩𐑯𐑕 / 𐑛𐑧𐑦𐑕𐑩𐑕𐑩𐑯𐑕]
dehiscent	𐑛𐑦𐑣𐑦𐑕𐑩𐑯𐑑	dɪˈhɪsənt	AJ0	RSSB	89	shave_says:[𐑛𐑰𐑣𐑲𐑕𐑧𐑯𐑑 / 𐑛𐑧𐑦𐑕𐑕𐑧𐑯𐑑 / 𐑛𐑧𐑦𐑕𐑩𐑕𐑩𐑯𐑑]
deicer	𐑛𐑦𐑲𐑕𐑼	diaɪsəR	NN1	RSSB	89	shave_says:[𐑛𐑱𐑕𐑼 / 𐑛𐑩𐑦𐑒𐑼 / 𐑛𐑰𐑲𐑕𐑼]
deimos	𐑛𐑲𐑥𐑩𐑕	ˈdaɪməs	NN1	RSSB	89	shave_says:𐑛𐑰𐑥𐑴𐑕
deistic	𐑛𐑱𐑦𐑕𐑑𐑦𐑒	deɪˈɪstɪk	AJ0	RSSB	89	shave_says:𐑛𐑰𐑦𐑕𐑑𐑦𐑒
deixis	𐑛𐑲𐑒𐑕𐑦𐑕	ˈdaɪksɪs	NN1	RSSB	89	shave_says:[𐑛𐑩𐑦𐑒𐑕𐑦𐑕 / 𐑛𐑰𐑦𐑒𐑕𐑦𐑕]
dekameter	𐑛𐑧𐑒𐑩𐑥𐑰𐑑𐑼	dekəmiːtəR	NN1	RSSB	89	shave_says:[𐑛𐑰𐑒𐑩𐑥𐑰𐑑𐑼 / 𐑛𐑰𐑒𐑭𐑥𐑰𐑑𐑼 / 𐑛𐑰𐑒𐑱𐑥𐑩𐑑𐑼 / 𐑛𐑰𐑒𐑩𐑥𐑩𐑑𐑼]
delavirdine	𐑛𐑧𐑤𐑩𐑝𐑽𐑛𐑰𐑯	deləvɪəRdiːn	NN1	RSSB	89	
delavirdine	𐑛𐑧𐑤𐑩𐑝𐑦𐑮𐑛𐑰𐑯	ˌdeləˈvɪrˌdiːn	NN1	GenAm	89	
deliverable	𐑛𐑦𐑤𐑦𐑝𐑮𐑩𐑚𐑩𐑤	dɪlɪvrəbəl	AJ0	RSSB	89	shave_says:[𐑛𐑦𐑤𐑦𐑝𐑼𐑩𐑚𐑩𐑤 / 𐑛𐑦𐑤𐑦𐑝𐑼𐑩𐑚𐑩𐑤 / 𐑛𐑰𐑤𐑦𐑝𐑼𐑩𐑚𐑩𐑤]
delusory	𐑛𐑦𐑤𐑵𐑟𐑼𐑦	dɪluːzəri	AJ0	RSSB	89	shave_says:[𐑛𐑦𐑤𐑵𐑕𐑼𐑦 / 𐑛𐑰𐑤𐑿𐑟𐑼𐑦]
dematerialize	𐑛𐑰𐑥𐑩𐑑𐑽𐑦𐑩𐑤𐑲𐑟	diːmətɪərɪ+əlaɪz	VVI	RSSB	89	shave_says:𐑛𐑰𐑥𐑩𐑑𐑽𐑾𐑤𐑲𐑟
dematerialize	𐑛𐑰𐑥𐑩𐑑𐑦𐑮𐑦𐑩𐑤𐑲𐑟	ˌdiːməˈtɪri+əlaɪz	VVI	GenAm	89	shave_says:𐑛𐑰𐑥𐑩𐑑𐑽𐑾𐑤𐑲𐑟
demineralization	𐑛𐑦𐑥𐑦𐑯𐑼𐑩𐑤𐑲𐑟𐑱𐑖𐑩𐑯	dɪmɪnərəlaɪzeɪʃən	NN1	RSSB	89	shave_says:[𐑛𐑰𐑥𐑦𐑯𐑼𐑩𐑤𐑲𐑟𐑱𐑖𐑩𐑯 / 𐑛𐑧𐑥𐑦𐑯𐑽𐑩𐑤𐑲𐑟𐑱𐑖𐑩𐑯 / 𐑛𐑩𐑥𐑲𐑯𐑼𐑩𐑤𐑲𐑟𐑱𐑖𐑩𐑯 / 𐑛𐑩𐑥𐑲𐑯𐑼𐑩𐑤𐑦𐑟𐑱𐑖𐑩𐑯 / 𐑛𐑩𐑥𐑲𐑯𐑼𐑩𐑤𐑲𐑟𐑭𐑑𐑦𐑩𐑯]
demineralize	𐑛𐑦𐑥𐑦𐑯𐑼𐑩𐑤𐑲𐑟	dɪmɪnərəlaɪz	VVI	RSSB	89	shave_says:[𐑛𐑰𐑥𐑦𐑯𐑼𐑩𐑤𐑲𐑟 / 𐑛𐑧𐑥𐑦𐑯𐑽𐑩𐑤𐑲𐑟 / 𐑛𐑩𐑥𐑲𐑯𐑼𐑩𐑤𐑲𐑟]
demitasse	𐑛𐑧𐑥𐑦𐑑𐑨𐑕	ˈdemɪtæs	NN1	RSSB	89	shave_says:𐑛𐑧𐑥𐑦𐑑𐑭𐑕
demiurge	𐑛𐑧𐑥𐑽𐑡	ˈdemiˌəRdʒ	NN1	GenAm	89	shave_says:𐑛𐑧𐑥𐑦𐑻𐑡
demodulate	𐑛𐑦𐑥𐑪𐑛𐑖𐑩𐑤𐑱𐑑	dɪˈmɒdʃəleɪt	VVI	RSSB	89	shave_says:𐑛𐑰𐑥𐑪𐑛𐑘𐑩𐑤𐑱𐑑
demodulation	𐑛𐑦𐑥𐑪𐑛𐑖𐑩𐑤𐑱𐑖𐑩𐑯	dɪˌmɒdʃəˈleɪʃən	NN1	RSSB	89	shave_says:𐑛𐑰𐑥𐑪𐑛𐑘𐑩𐑤𐑱𐑖𐑩𐑯
demodulator	𐑛𐑦𐑥𐑪𐑛𐑖𐑩𐑤𐑱𐑑𐑼	dɪmɒdʃəleɪtəR	NN1	RSSB	89	shave_says:[𐑛𐑰𐑥𐑪𐑛𐑘𐑩𐑤𐑱𐑑𐑼 / 𐑛𐑱𐑥𐑴𐑛𐑱𐑿𐑤𐑱𐑑𐑼 / 𐑛𐑱𐑥𐑴𐑛𐑱𐑿𐑤𐑨𐑑𐑼 / 𐑛𐑧𐑥𐑩𐑛𐑿𐑤𐑱𐑑𐑼]
demographer	𐑛𐑦𐑥𐑪𐑜𐑮𐑩𐑓𐑼	dɪmɒɡrəfəR	NN1	RSSB	89	shave_says:𐑛𐑧𐑥𐑪𐑜𐑮𐑩𐑓𐑼
demosthenic	𐑛𐑧𐑥𐑩𐑕𐑔𐑧𐑯𐑦𐑒	ˌdeməsˈθenɪk	AJ0	RSSB	89	shave_says:[𐑛𐑧𐑥𐑴𐑟𐑔𐑩𐑯𐑦𐑒 / 𐑛𐑰𐑥𐑪𐑕𐑔𐑩𐑯𐑦𐑒]
demulcent	𐑛𐑦𐑥𐑳𐑤𐑕𐑯𐑑	dɪˈmʌlsnt	AJ0	GenAm	89	shave_says:[𐑛𐑰𐑥𐑳𐑤𐑕𐑧𐑯𐑑 / 𐑛𐑧𐑥𐑵𐑤𐑕𐑧𐑯𐑑]
demurrer	𐑛𐑦𐑥𐑳𐑮𐑼	dɪmʌrəR	NN1	RSSB	89	shave_says:𐑛𐑦𐑥𐑻𐑼
demyelinate	𐑛𐑰𐑥𐑲𐑩𐑤𐑦𐑯𐑱𐑑	diːˈmaɪəlɪneɪt	VVI	RSSB	89	shave_says:[𐑛𐑰𐑥𐑲𐑧𐑤𐑦𐑯𐑱𐑑 / 𐑛𐑧𐑥𐑦𐑩𐑤𐑦𐑯𐑱𐑑]
denaturalize	𐑛𐑰𐑯𐑨𐑑𐑮𐑩𐑤𐑲𐑟	diːnætrəlaɪz	VVI	RSSB	89	shave_says:𐑛𐑰𐑯𐑨𐑗𐑼𐑩𐑤𐑲𐑟
denature	𐑛𐑰𐑯𐑱𐑑𐑘𐑼	diːneɪtjəR	VVI	RSSB	89	shave_says:𐑛𐑰𐑯𐑱𐑗𐑼
dendriform	𐑛𐑧𐑯𐑛𐑮𐑦𐑓𐑹𐑥	dendrɪfɔːRm	AJ0	RSSB	89	
dengue	𐑛𐑧𐑙𐑜𐑦	ˈdeŋɡi	NN1	GenAm	89	shave_says:𐑛𐑧𐑙𐑜𐑱
deoxygenate	𐑛𐑦𐑪𐑒𐑕𐑦𐑡𐑦𐑯𐑱𐑑	diˈɒksɪdʒɪneɪt	VVI	RSSB	89	shave_says:𐑛𐑰𐑪𐑒𐑕𐑦𐑡𐑩𐑯𐑱𐑑
deoxythymidine	𐑛𐑦𐑪𐑒𐑕𐑦𐑔𐑲𐑥𐑦𐑛𐑰𐑯	diˌɒksɪˈθaɪmɪdiːn	NN1	RSSB	89	shave_says:[𐑛𐑦𐑪𐑒𐑕𐑦𐑑𐑲𐑥𐑦𐑛𐑰𐑯 / 𐑛𐑰𐑪𐑒𐑕𐑦𐑑𐑲𐑥𐑦𐑛𐑰𐑯]
depilate	𐑛𐑧𐑐𐑦𐑤𐑱𐑑	ˈdepɪleɪt	VVI	RSSB	89	shave_says:𐑛𐑰𐑐𐑲𐑤𐑩𐑑
depilation	𐑛𐑧𐑐𐑦𐑤𐑱𐑖𐑩𐑯	depɪˈleɪʃən	NN1	RSSB	89	shave_says:[𐑛𐑦𐑐𐑦𐑤𐑱𐑖𐑩𐑯 / 𐑛𐑦𐑐𐑦𐑤𐑭𐑑𐑦𐑩𐑯 / 𐑛𐑰𐑐𐑲𐑤𐑱𐑖𐑩𐑯 / 𐑛𐑦𐑐𐑦𐑤𐑩𐑑𐑦𐑩𐑯]
depositary	𐑛𐑦𐑐𐑪𐑟𐑦𐑑𐑮𐑦	dɪˈpɒzɪtri	NN1	RSSB	89	shave_says:𐑛𐑦𐑐𐑪𐑟𐑦𐑑𐑼𐑦
depositary	𐑛𐑦𐑐𐑪𐑟𐑦𐑑𐑧𐑮𐑦	dɪˈpɒzɪteri	NN1	GenAm	89	shave_says:𐑛𐑦𐑐𐑪𐑟𐑦𐑑𐑼𐑦
depravation	𐑛𐑧𐑐𐑮𐑩𐑝𐑱𐑖𐑩𐑯	deprəveɪʃən	NN1	RSSB	89	shave_says:[𐑛𐑦𐑐𐑮𐑱𐑝𐑱𐑖𐑩𐑯 / 𐑛𐑦𐑐𐑮𐑱𐑝𐑭𐑑𐑦𐑩𐑯 / 𐑛𐑦𐑐𐑮𐑱𐑝𐑩𐑑𐑦𐑩𐑯 / 𐑛𐑰𐑐𐑮𐑭𐑝𐑱𐑖𐑩𐑯]
dermabrasion	𐑛𐑻𐑥𐑩𐑚𐑮𐑱𐑖𐑩𐑯	dɜːRməbreɪʃən	NN1	RSSB	89	shave_says:[𐑛𐑻𐑥𐑩𐑚𐑮𐑭𐑟𐑦𐑩𐑯 / 𐑛𐑻𐑥𐑩𐑚𐑮𐑩𐑕𐑦𐑩𐑯]
derp	𐑛𐑻𐑐	dɜːRp	AJ0	RSSB	89	shave_says:𐑛𐑧𐑮𐑐
desiccation	𐑛𐑧𐑕𐑦𐑒𐑱𐑖𐑩𐑯	ˌdesɪˈkeɪʃən	NN1	RSSB	89	shave_says:𐑛𐑧𐑕𐑦𐑒𐑱𐑑𐑦𐑩𐑯
desipramine	𐑛𐑩𐑟𐑦𐑐𐑮𐑩𐑥𐑰𐑯	dəˈzɪprəˌmiːn	NN1	GenAm	89	shave_says:[𐑛𐑱𐑕𐑦𐑐𐑮𐑩𐑥𐑰𐑯 / 𐑛𐑰𐑕𐑦𐑐𐑮𐑩𐑥𐑰𐑯 / 𐑛𐑱𐑕𐑦𐑐𐑮𐑩𐑥𐑲𐑯 / 𐑛𐑱𐑕𐑦𐑐𐑮𐑱𐑥𐑰𐑯]
desmid	𐑛𐑧𐑟𐑥𐑩𐑛	ˈdezmƏd	NN1	RSSB	89	shave_says:𐑛𐑰𐑕𐑥𐑦𐑛
destabilise	𐑛𐑰𐑕𐑑𐑱𐑚𐑦𐑤𐑲𐑟	diːˈsteɪbɪlaɪz	VVI	RSSB	89	shave_says:𐑛𐑰𐑕𐑑𐑱𐑚𐑩𐑤𐑲𐑟
destabilize	𐑛𐑰𐑕𐑑𐑱𐑚𐑦𐑤𐑲𐑟	diːˈsteɪbɪlaɪz	VVI	RSSB	89	shave_says:𐑛𐑰𐑕𐑑𐑱𐑚𐑩𐑤𐑲𐑟
desynchronization	𐑛𐑰𐑕𐑦𐑯𐑒𐑮𐑩𐑯𐑦𐑟𐑱𐑖𐑩𐑯	diːsɪnkrənɪzeɪʃən	NN1	RSSB	89	shave_says:𐑛𐑰𐑕𐑦𐑙𐑒𐑮𐑩𐑯𐑲𐑟𐑱𐑖𐑩𐑯
detent	𐑛𐑰𐑑𐑧𐑯𐑑	ˈdiːtent	NN1	RSSB	89	shave_says:𐑛𐑦𐑑𐑧𐑯𐑑
deuterium	𐑛𐑿𐑑𐑽𐑾𐑥	djuːtɪərɪəm	NN1	RSSB	89	shave_says:[𐑛𐑿𐑑𐑽𐑦𐑩𐑥 / 𐑛𐑿𐑑𐑽𐑦𐑵𐑥 / 𐑛𐑰𐑵𐑑𐑼𐑦𐑩𐑥]
deuterium	𐑛𐑿𐑑𐑦𐑮𐑦𐑩𐑥	djuːˈtɪri+əm	NN1	GenAm	89	shave_says:[𐑛𐑿𐑑𐑽𐑦𐑩𐑥 / 𐑛𐑿𐑑𐑽𐑦𐑵𐑥 / 𐑛𐑰𐑵𐑑𐑼𐑦𐑩𐑥]
devoir	𐑛𐑩𐑝𐑢𐑸	dəvwɑːR	NN1	RSSB	89	shave_says:[𐑛𐑰𐑝𐑢𐑸 / 𐑛𐑧𐑝𐑢𐑸]
dewar	𐑛𐑿𐑢𐑼	djuːwəR	NN1	RSSB	89	shave_says:[𐑛𐑩𐑢𐑹 / 𐑛𐑿𐑼 / 𐑛𐑰𐑢𐑹]
dewar	𐑛𐑵𐑼	ˈduːəR	NN1	GenAm	89	shave_says:[𐑛𐑩𐑢𐑹 / 𐑛𐑿𐑼 / 𐑛𐑰𐑢𐑹]
dewberry	𐑛𐑿𐑚𐑮𐑦	ˈdjuːbri	NN1	RSSB	89	shave_says:[𐑛𐑿𐑚𐑼𐑦 / 𐑛𐑿𐑚𐑧𐑮𐑦 / 𐑛𐑿𐑚𐑼𐑮𐑦]
dewberry	𐑛𐑫𐑚𐑧𐑮𐑦	ˈduˌberi	NN1	GenAm	89	shave_says:[𐑛𐑿𐑚𐑼𐑦 / 𐑛𐑿𐑚𐑧𐑮𐑦 / 𐑛𐑿𐑚𐑼𐑮𐑦]
dextrocardia	𐑛𐑧𐑒𐑕𐑑𐑮𐑩𐑒𐑸𐑛𐑾	dekstrəkɑːRdiə	NN1	RSSB	89	shave_says:𐑛𐑧𐑒𐑕𐑑𐑮𐑴𐑒𐑸𐑛𐑦𐑩
diacetylmorphine	𐑛𐑲𐑨𐑕𐑦𐑑𐑤-𐑥𐑷𐑮𐑓𐑦𐑯	daɪˌæsɪtl-ˈmɔrfin	NN1	RSSB	89	shave_says:[𐑛𐑲𐑩𐑕𐑰𐑑𐑩𐑤𐑥𐑹𐑓𐑰𐑯 / 𐑛𐑲𐑩𐑕𐑰𐑑𐑦𐑤𐑥𐑹𐑓𐑰𐑯 / 𐑛𐑲𐑩𐑕𐑩𐑑𐑦𐑤𐑥𐑹𐑓𐑰𐑯]
diachrony	𐑛𐑲𐑨𐑒𐑮𐑩𐑯𐑦	daɪækrəni	NN1	RSSB	89	shave_says:[𐑛𐑲𐑩𐑒𐑮𐑪𐑯𐑦 / 𐑛𐑲𐑭𐑒𐑮𐑩𐑯𐑦]
diamante	𐑛𐑲𐑩𐑥𐑪𐑯𐑑𐑦	daɪəˈmɒnti	NN1	RSSB	89	shave_says:𐑛𐑦𐑩𐑥𐑭𐑯𐑑𐑧
diamondback	𐑛𐑲𐑥𐑩𐑯𐑛𐑚𐑨𐑒	ˈdaɪməndˌbæk	NN1	RSSB	89	shave_says:[𐑛𐑲𐑩𐑥𐑩𐑯𐑛𐑚𐑨𐑒 / 𐑛𐑲𐑩𐑥𐑩𐑯𐑛𐑚𐑨𐑒𐑒 / 𐑛𐑲𐑩𐑥𐑪𐑯𐑛𐑚𐑨𐑒]
diaphoresis	𐑛𐑲𐑩𐑓𐑼𐑰𐑕𐑦𐑕	daɪ+əfəriːsɪs	NN1	RSSB	89	shave_says:[𐑛𐑲𐑨𐑓𐑼𐑰𐑕𐑦𐑕 / 𐑛𐑲𐑩𐑓𐑹𐑰𐑕𐑦𐑕]
diaphoretic	𐑛𐑲𐑩𐑓𐑼𐑧𐑑𐑦𐑒	daɪəfəretɪk	AJ0	RSSB	89	shave_says:[𐑛𐑲𐑨𐑓𐑼𐑧𐑑𐑦𐑒 / 𐑛𐑲𐑩𐑓𐑹𐑧𐑑𐑦𐑒]
diapsid	𐑛𐑲𐑨𐑐𐑕𐑩𐑛	daɪˈæpsƏd	NN1	RSSB	89	shave_says:[𐑛𐑲𐑐𐑕𐑦𐑛 / 𐑛𐑲𐑨𐑐𐑕𐑦𐑛]
diarrheic	𐑛𐑲𐑼𐑰𐑦𐑒	daɪəriːɪk	AJ0	RSSB	89	
diastasis	𐑛𐑲𐑩𐑕𐑑𐑱𐑕𐑦𐑕	daɪəˈsteɪsɪs	NN1	RSSB	89	shave_says:[𐑛𐑲𐑩𐑖𐑑𐑭𐑟𐑦𐑟 / 𐑛𐑲𐑨𐑕𐑑𐑱𐑕𐑦𐑕 / 𐑛𐑲𐑨𐑕𐑑𐑱𐑕𐑦𐑟]
diastema	𐑛𐑲𐑩𐑕𐑑𐑰𐑥𐑩	daɪəˈstiːmə	NN1	RSSB	89	shave_says:[𐑛𐑲𐑩𐑕𐑑𐑧𐑥𐑩 / 𐑛𐑲𐑨𐑕𐑑𐑩𐑥𐑩]
diastole	𐑛𐑲𐑨𐑕𐑑𐑩𐑤𐑦	daɪˈæstəli	NN1	RSSB	89	shave_says:[𐑛𐑲𐑩𐑕𐑑𐑴𐑤 / 𐑛𐑲𐑨𐑕𐑑𐑴𐑤 / 𐑛𐑲𐑨𐑕𐑑𐑴𐑩𐑤]
diathesis	𐑛𐑲𐑨𐑔𐑩𐑕𐑦𐑕	daɪˈæθəsɪs	NN1	GenAm	89	shave_says:[𐑛𐑲𐑩𐑔𐑰𐑕𐑦𐑕 / 𐑛𐑲𐑨𐑔𐑰𐑕𐑦𐑕]
diatom	𐑛𐑲𐑩𐑑𐑩𐑥	ˈdaɪətəm	NN1	RSSB	89	shave_says:𐑛𐑲𐑩𐑑𐑪𐑥
diatomite	𐑛𐑲𐑩𐑑𐑩𐑥𐑲𐑑	ˈdaɪətəˌmaɪt	NN1	RSSB	89	shave_says:[𐑛𐑲𐑩𐑑𐑪𐑥𐑲𐑑 / 𐑛𐑲𐑨𐑑𐑩𐑥𐑲𐑑 / 𐑛𐑲𐑩𐑑𐑴𐑥𐑲𐑑]
diazepam	𐑛𐑲𐑨𐑟𐑦𐑐𐑨𐑥	daɪˈazɪpam	NN1	RSSB	89	shave_says:𐑛𐑲𐑨𐑟𐑩𐑐𐑨𐑥
diazoxide	𐑛𐑲𐑩𐑟𐑪𐑒𐑕𐑲𐑛	ˌdaɪ+əˈzɒkˌsaɪd	NN1	GenAm	89	shave_says:[𐑛𐑦𐑭𐑔𐑪𐑒𐑕𐑲𐑛 / 𐑛𐑲𐑭𐑟𐑪𐑒𐑕𐑲𐑛]
dichotomous	𐑛𐑲𐑒𐑭𐑑𐑩𐑥𐑩𐑕	daɪˈkɑːtəməs	AJ0	GenAm	89	shave_says:[𐑛𐑲𐑒𐑪𐑑𐑩𐑥𐑩𐑕 / 𐑛𐑰𐑗𐑪𐑑𐑩𐑥𐑩𐑕 / 𐑛𐑰𐑗𐑪𐑑𐑩𐑥𐑴𐑩𐑕 / 𐑛𐑰𐑗𐑪𐑑𐑩𐑥𐑴𐑵𐑟]
dickensian	𐑛𐑦𐑒𐑧𐑯𐑟𐑾𐑯	dɪˈkenziən	AJ0	RSSB	89	shave_says:𐑛𐑦𐑒𐑧𐑯𐑟𐑦𐑩𐑯
dicloxacillin	𐑛𐑲𐑒𐑤𐑪𐑒𐑕𐑩𐑕𐑦𐑤𐑦𐑯	daɪˌklɒksəˈsɪlɪn	NN1	GenAm	89	
didanosine	𐑛𐑦𐑛𐑨𐑯𐑴𐑕𐑰𐑯	dɪˈdanəʊsiːn	NN1	RSSB	89	shave_says:[𐑛𐑦𐑛𐑩𐑯𐑴𐑟𐑰𐑯 / 𐑛𐑲𐑛𐑭𐑯𐑴𐑟𐑰𐑯]
didanosine	𐑛𐑲𐑛𐑨𐑯𐑩𐑕𐑰𐑯	daɪˈdænəˌsiːn	NN1	GenAm	89	shave_says:[𐑛𐑦𐑛𐑩𐑯𐑴𐑟𐑰𐑯 / 𐑛𐑲𐑛𐑭𐑯𐑴𐑟𐑰𐑯]
diddly-squat	𐑛𐑦𐑛𐑤𐑰𐑕𐑒𐑢𐑪𐑑	ˈdɪdliːskwɒt	NN1	RSSB	89	shave_says:𐑛𐑦𐑛𐑩𐑤𐑦-𐑕𐑒𐑢𐑪𐑑
diddly-squat	𐑛𐑦𐑛𐑤𐑦𐑕𐑒𐑢𐑪𐑑	ˈdɪdliskwɒt	NN1	GenAm	89	shave_says:𐑛𐑦𐑛𐑩𐑤𐑦-𐑕𐑒𐑢𐑪𐑑
dideoxyinosine	𐑛𐑲𐑛𐑦𐑪𐑒𐑕𐑦𐑦𐑯𐑴𐑕𐑰𐑯	ˌdaɪdiɒksɪˈɪnəʊsiːn	NN1	RSSB	89	shave_says:𐑛𐑲𐑛𐑦𐑪𐑒𐑕𐑦𐑦𐑯𐑩𐑕𐑰𐑯
diethylstilboestrol	𐑛𐑲𐑰𐑔𐑲𐑤𐑕𐑑𐑦𐑤𐑚𐑰𐑕𐑑𐑮𐑪𐑤	daɪˌiːθaɪlstɪlˈbiːstrɒl	NN1	RSSB	89	shave_says:𐑛𐑲𐑧𐑔𐑩𐑤𐑕𐑑𐑦𐑤𐑚𐑴𐑕𐑑𐑮𐑩𐑤
differentia	𐑛𐑦𐑓𐑼𐑧𐑯𐑖𐑾	dɪfərenʃɪə	NN1	RSSB	89	shave_says:𐑛𐑦𐑓𐑼𐑩𐑯𐑑𐑦𐑩
digenesis	𐑛𐑲𐑡𐑧𐑯𐑦𐑕𐑦𐑕	daɪˈdʒenɪsɪs	NN1	RSSB	89	shave_says:𐑛𐑲𐑡𐑧𐑯𐑩𐑕𐑦𐑕
digitalin	𐑛𐑦𐑡𐑦𐑑𐑭𐑤𐑦𐑯	dɪdʒɪˈtɑːlɪn	NN1	RSSB	89	shave_says:𐑛𐑦𐑡𐑦𐑑𐑩𐑤𐑦𐑯
digitalis	𐑛𐑦𐑡𐑦𐑑𐑭𐑤𐑦𐑕	dɪdʒɪˈtɑːlɪs	NN1	RSSB	89	shave_says:𐑛𐑦𐑡𐑦𐑑𐑱𐑤𐑦𐑕
digitalis	𐑛𐑦𐑡𐑦𐑑𐑨𐑤𐑦𐑕	dɪdʒɪˈtælɪs	NN1	GenAm	89	shave_says:𐑛𐑦𐑡𐑦𐑑𐑱𐑤𐑦𐑕
digitate	𐑛𐑦𐑡𐑦𐑑𐑩𐑑	ˈdɪdʒɪtət	AJ0	RSSB	89	shave_says:[𐑛𐑦𐑡𐑦𐑑𐑱𐑑 / 𐑛𐑦𐑡𐑲𐑑𐑱𐑑 / 𐑛𐑲𐑜𐑦𐑑𐑱𐑑]
digitigrade	𐑛𐑦𐑡𐑩𐑑𐑩𐑜𐑮𐑱𐑛	ˈdɪdʒətəɡreɪd	AJ0	GenAm	89	shave_says:[𐑛𐑦𐑡𐑦𐑑𐑦𐑜𐑮𐑱𐑛 / 𐑛𐑲𐑜𐑦𐑑𐑦𐑜𐑮𐑱𐑛]
digoxin	𐑛𐑦𐑡𐑪𐑒𐑕𐑦𐑯	dɪˈdʒɒksɪn	NN1	GenAm	89	shave_says:[𐑛𐑦𐑜𐑪𐑒𐑕𐑦𐑯 / 𐑛𐑲𐑜𐑪𐑒𐑕𐑦𐑯]
dihydroxyphenylalanine	𐑛𐑲𐑣𐑲𐑛𐑮𐑪𐑒𐑕𐑰𐑓𐑰𐑯𐑲𐑤𐑨𐑤𐑩𐑯𐑰𐑯	daɪhaɪdrɒksiːfiːnaɪlæləniːn	NN1	RSSB	89	shave_says:𐑛𐑲𐑣𐑲𐑛𐑮𐑪𐑒𐑕𐑦𐑓𐑰𐑯𐑩𐑤𐑨𐑤𐑩𐑯𐑰𐑯
dilatation	𐑛𐑲𐑤𐑱𐑑𐑱𐑖𐑯	ˌdaɪleɪˈteɪʃn	NN1	RSSB	89	shave_says:[𐑛𐑲𐑤𐑱𐑑𐑱𐑖𐑩𐑯 / 𐑛𐑲𐑤𐑨𐑑𐑱𐑖𐑩𐑯 / 𐑛𐑲𐑤𐑱𐑑𐑭𐑑𐑦𐑩𐑯 / 𐑛𐑲𐑤𐑱𐑑𐑩𐑑𐑦𐑩𐑯]
diltiazem	𐑛𐑦𐑤𐑑𐑲𐑩𐑟𐑧𐑥	dɪlˈtaɪ+əˌzem	NN1	GenAm	89	shave_says:𐑛𐑦𐑤𐑑𐑦𐑱𐑟𐑩𐑥
diluent	𐑛𐑦𐑤𐑘𐑫𐑩𐑯𐑑	ˈdɪljuənt	NN1	RSSB	89	shave_says:𐑛𐑲𐑤𐑵𐑩𐑯𐑑
diluvian	𐑛𐑲𐑤𐑿𐑝𐑾𐑯	daɪˈljuːvɪən	AJ0	RSSB	89	shave_says:[𐑛𐑦𐑤𐑵𐑝𐑦𐑩𐑯 / 𐑛𐑲𐑤𐑳𐑝𐑦𐑩𐑯]
diluvian	𐑛𐑲𐑤𐑫𐑝𐑾𐑯	daɪˈluvɪən	AJ0	GenAm	89	shave_says:[𐑛𐑦𐑤𐑵𐑝𐑦𐑩𐑯 / 𐑛𐑲𐑤𐑳𐑝𐑦𐑩𐑯]
dim-witted	𐑛𐑦𐑥𐑢𐑦𐑑𐑩𐑛	dɪmˈwɪtəd	AJ0	RSSB	89	shave_says:𐑛𐑦𐑥-𐑢𐑦𐑑𐑩𐑛
dimenhydrinate	𐑛𐑲𐑥𐑧𐑯𐑣𐑲𐑛𐑮𐑦𐑯𐑱𐑑	ˌdaɪˌmenˈhaɪdrɪˌneɪt	NN1	GenAm	89	
dimorphous	𐑛𐑲𐑥𐑹𐑓𐑩𐑕	daɪmɔːRfəs	AJ0	RSSB	89	shave_says:[𐑛𐑲𐑥𐑹𐑓𐑴𐑩𐑕 / 𐑛𐑰𐑥𐑹𐑓𐑩𐑕 / 𐑛𐑰𐑥𐑹𐑓𐑴𐑩𐑕 / 𐑛𐑰𐑥𐑹𐑓𐑴𐑵𐑟]
dionaea	𐑛𐑲𐑩𐑯𐑰𐑩	ˌdaɪəˈniːə	NN1	RSSB	89	shave_says:[𐑛𐑰𐑪𐑯𐑦𐑩 / 𐑛𐑲𐑢𐑳𐑯𐑦𐑩 / 𐑛𐑰𐑪𐑯𐑩𐑦𐑩]
dionysian	𐑛𐑲𐑩𐑯𐑦𐑠𐑩𐑯	daɪəˈnɪʒən	AJ0	RSSB	89	shave_says:𐑛𐑲𐑩𐑯𐑲𐑕𐑦𐑩𐑯
dioxin	𐑛𐑲𐑪𐑒𐑕𐑩𐑯	daɪˈɒksən	NN1	GenAm	89	shave_says:𐑛𐑲𐑪𐑒𐑕𐑦𐑯
diplegia	𐑛𐑲𐑐𐑤𐑰𐑡𐑩	daɪˈpliːdʒə	NN1	RSSB	89	shave_says:𐑛𐑲𐑐𐑤𐑰𐑡𐑦𐑩
diplotene	𐑛𐑦𐑐𐑤𐑩𐑑𐑰𐑯	ˈdɪpləˌtiːn	NN1	GenAm	89	
disaffirmation	𐑛𐑦𐑕𐑨𐑓𐑻𐑥𐑱𐑖𐑩𐑯	dɪsæfɜːRmeɪʃən	NN1	RSSB	89	shave_says:𐑛𐑦𐑕𐑨𐑓𐑼𐑥𐑱𐑖𐑩𐑯
disarticulate	𐑛𐑦𐑕𐑸𐑑𐑦𐑒𐑘𐑩𐑤𐑱𐑑	dɪsɑːRtɪkjəleɪt	VVI	RSSB	89	shave_says:𐑛𐑦𐑕𐑸𐑑𐑦𐑒𐑘𐑩𐑤𐑩𐑑
disassembly	𐑛𐑦𐑕𐑩𐑕𐑧𐑥𐑚𐑤𐑦	dɪsəˈsembli	NN1	RSSB	89	shave_says:𐑛𐑦𐑕𐑩𐑕𐑧𐑥𐑚𐑩𐑤𐑦
disceptation	𐑛𐑦𐑕𐑧𐑐𐑑𐑱𐑖𐑩𐑯	dɪsepˈteɪʃən	NN1	RSSB	89	shave_says:[𐑛𐑦𐑕𐑒𐑧𐑐𐑑𐑱𐑖𐑩𐑯 / 𐑛𐑦𐑕𐑕𐑧𐑐𐑑𐑱𐑖𐑩𐑯 / 𐑛𐑲𐑕𐑒𐑧𐑐𐑑𐑱𐑖𐑩𐑯 / 𐑛𐑦𐑕𐑒𐑧𐑐𐑑𐑭𐑑𐑦𐑩𐑯 / 𐑛𐑦𐑕𐑒𐑧𐑐𐑑𐑩𐑑𐑦𐑩𐑯]
discerp	𐑛𐑦𐑕𐑻𐑐	dɪsɜːRp	VVI	RSSB	89	shave_says:𐑛𐑦𐑕𐑒𐑼𐑐
discombobulate	𐑛𐑦𐑕𐑒𐑩𐑥𐑚𐑪𐑚𐑘𐑩𐑤𐑱𐑑	ˌdɪskəmˈbɒbjəˌleɪt	VVI	RSSB	89	shave_says:[𐑛𐑦𐑕𐑒𐑩𐑥𐑚𐑪𐑚𐑿𐑤𐑱𐑑 / 𐑛𐑦𐑕𐑒𐑩𐑥𐑴𐑚𐑿𐑤𐑱𐑑 / 𐑛𐑦𐑕𐑒𐑩𐑥𐑴𐑚𐑵𐑤𐑱𐑑]
discoverable	𐑛𐑦𐑕𐑒𐑳𐑝𐑮𐑩𐑚𐑩𐑤	dɪskʌvrəbəl	AJ0	RSSB	89	shave_says:[𐑛𐑦𐑕𐑒𐑳𐑝𐑼𐑩𐑚𐑩𐑤 / 𐑛𐑦𐑕𐑒𐑳𐑝𐑼𐑩𐑚𐑩𐑤 / 𐑛𐑲𐑕𐑒𐑴𐑝𐑼𐑩𐑚𐑩𐑤]
discrepant	𐑛𐑦𐑕𐑒𐑮𐑦𐑐𐑩𐑯𐑑	dɪskrɪpənt	AJ0	RSSB	89	shave_says:𐑛𐑦𐑕𐑒𐑮𐑧𐑐𐑩𐑯𐑑
disenfranchisement	𐑛𐑦𐑕𐑦𐑯𐑓𐑮𐑨𐑯𐑗𐑲𐑟𐑥𐑩𐑯𐑑	dɪsɪnfræntʃaɪzmənt	NN1	RSSB	89	shave_says:𐑛𐑦𐑕𐑦𐑯𐑓𐑮𐑨𐑯𐑗𐑦𐑟𐑥𐑩𐑯𐑑
disesteem	𐑛𐑦𐑕𐑩𐑕𐑑𐑰𐑥	ˌdɪsəˈstiːm	NN1	RSSB	89	shave_says:[𐑛𐑦𐑕𐑦𐑕𐑑𐑰𐑥 / 𐑛𐑲𐑕𐑧𐑕𐑑𐑰𐑥 / 𐑛𐑰𐑟𐑩𐑕𐑑𐑰𐑥]
disgruntle	𐑛𐑦𐑕𐑜𐑮𐑳𐑯𐑑𐑤	dɪsˈɡrʌntl	VVI	RSSB	89	shave_says:𐑛𐑦𐑕𐑜𐑮𐑳𐑯𐑑𐑩𐑤
disintegrable	𐑛𐑦𐑕𐑦𐑯𐑑𐑩𐑜𐑮𐑩𐑚𐑩𐑤	dɪsɪntəɡrəbəl	AJ0	RSSB	89	shave_says:𐑛𐑦𐑕𐑦𐑯𐑑𐑦𐑜𐑮𐑩𐑚𐑩𐑤
disinterest	𐑛𐑦𐑕𐑦𐑯𐑑𐑮𐑧𐑕𐑑	dɪsˈɪntrest	NN1	RSSB	89	shave_says:𐑛𐑦𐑕𐑦𐑯𐑑𐑼𐑩𐑕𐑑
disneyland	𐑛𐑦𐑟𐑯𐑰𐑤𐑨𐑯𐑛	ˈdɪzniːˌlænd	NN1	RSSB	89	shave_says:𐑛𐑦𐑟𐑯𐑦𐑤𐑨𐑯𐑛
dissentious	𐑛𐑦𐑕𐑧𐑯𐑖𐑦𐑩𐑕	dɪˈsenʃi+əs	AJ0	RSSB	89	shave_says:[𐑛𐑦𐑕𐑧𐑯𐑑𐑦𐑩𐑕 / 𐑛𐑦𐑕𐑧𐑯𐑑𐑦𐑴𐑩𐑕 / 𐑛𐑦𐑕𐑧𐑯𐑑𐑦𐑴𐑵𐑟 / 𐑛𐑦𐑕𐑕𐑧𐑯𐑑𐑦𐑩𐑕 / 𐑛𐑲𐑧𐑕𐑧𐑕𐑩𐑯𐑑𐑦𐑩𐑕]
dissociative	𐑛𐑦𐑕𐑴𐑖𐑦𐑩𐑑𐑦𐑝	dɪˈsoʊʃi+ətɪv	AJ0	GenAm	89	shave_says:𐑛𐑦𐑕𐑴𐑖𐑦𐑱𐑑𐑦𐑝
dissonate	𐑛𐑦𐑕𐑪𐑯𐑱𐑑	dɪsoneɪt	VVI	RSSB	89	shave_says:[𐑛𐑰𐑕𐑩𐑯𐑱𐑑 / 𐑛𐑦𐑕𐑕𐑴𐑯𐑱𐑑 / 𐑛𐑦𐑕𐑢𐑳𐑯𐑱𐑑 / 𐑛𐑲𐑧𐑕𐑧𐑕𐑩𐑯𐑱𐑑]
dissuasive	𐑛𐑦𐑕𐑢𐑱𐑟𐑦𐑝	dɪˈsweɪzɪv	AJ0	RSSB	89	shave_says:[𐑛𐑦𐑖𐑫𐑱𐑕𐑦𐑝 / 𐑛𐑦𐑕𐑕𐑵𐑱𐑕𐑦𐑝 / 𐑛𐑲𐑕𐑵𐑱𐑕𐑦𐑝 / 𐑛𐑦𐑖𐑫𐑩𐑟𐑦𐑝]
distention	𐑛𐑦𐑕𐑑𐑧𐑯𐑖𐑩𐑯	dɪsˈtenʃən	NN1	RSSB	89	shave_says:[𐑛𐑦𐑕𐑑𐑧𐑯𐑑𐑦𐑩𐑯 / 𐑛𐑰𐑕𐑑𐑩𐑯𐑑𐑦𐑩𐑯 / 𐑛𐑲𐑕𐑑𐑧𐑯𐑑𐑦𐑩𐑯]
disulfiram	𐑛𐑲𐑕𐑳𐑤𐑓𐑦𐑮𐑨𐑥	daɪˈsʌlfɪræm	NN1	RSSB	89	shave_says:𐑛𐑲𐑕𐑳𐑤𐑓𐑼𐑨𐑥
disunify	𐑛𐑦𐑕𐑘𐑫𐑯𐑦𐑓𐑲	dɪsˈjunɪfaɪ	VVI	GenAm	89	shave_says:[𐑛𐑦𐑕𐑿𐑯𐑦𐑓𐑲 / 𐑛𐑲𐑕𐑳𐑯𐑦𐑓𐑲 / 𐑛𐑰𐑟𐑵𐑯𐑦𐑓𐑲]
diuresis	𐑛𐑲𐑘𐑼𐑰𐑕𐑦𐑕	ˌdaɪjəˈriːsɪs	NN1	RSSB	89	shave_says:[𐑛𐑲𐑼𐑰𐑕𐑦𐑕 / 𐑛𐑲𐑼𐑰𐑟𐑦𐑕 / 𐑛𐑲𐑘𐑫𐑼𐑰𐑕𐑦𐑕 / 𐑛𐑲𐑼𐑰𐑟𐑦𐑟]
divaricate	𐑛𐑲𐑝𐑨𐑮𐑦𐑒𐑱𐑑	daɪˈværɪkeɪt	VVI	RSSB	89	shave_says:[𐑛𐑲𐑝𐑺𐑦𐑒𐑱𐑑 / 𐑛𐑲𐑝𐑼𐑦𐑒𐑱𐑑]
divertimento	𐑛𐑦𐑝𐑻𐑑𐑦𐑥𐑧𐑯𐑑𐑴	dɪvɜːRtɪmentəʊ	NN1	RSSB	89	shave_says:𐑛𐑲𐑝𐑻𐑑𐑦𐑥𐑩𐑯𐑑𐑴
divertimento	𐑛𐑩𐑝𐑻𐑑𐑩𐑥𐑧𐑯𐑑𐑴	dəˌvɜːRtəˈmentoʊ	NN1	GenAm	89	shave_says:𐑛𐑲𐑝𐑻𐑑𐑦𐑥𐑩𐑯𐑑𐑴
divinatory	𐑛𐑦𐑝𐑦𐑯𐑩𐑑𐑮𐑦	dɪvɪnətri	AJ0	RSSB	89	shave_says:[𐑛𐑦𐑝𐑲𐑯𐑩𐑑𐑼𐑦 / 𐑛𐑦𐑝𐑦𐑯𐑩𐑑𐑼𐑦 / 𐑛𐑦𐑝𐑦𐑯𐑱𐑑𐑼𐑦 / 𐑛𐑲𐑝𐑲𐑯𐑩𐑑𐑼𐑦]
docetism	𐑛𐑴𐑕𐑰𐑑𐑦𐑟𐑥	dəʊˈsiːtɪzm	NN1	RSSB	89	shave_says:𐑛𐑴𐑕𐑰𐑑𐑦𐑟𐑩𐑥
doctoral	𐑛𐑪𐑒𐑑𐑼𐑩𐑤	dɒktərəl	AJ0	RSSB	89	shave_says:𐑛𐑪𐑒𐑑𐑹𐑩𐑤
dolman	𐑛𐑴𐑤𐑥𐑩𐑯	ˈdoʊlmən	NN1	GenAm	89	shave_says:𐑛𐑪𐑤𐑥𐑩𐑯
dolomite	𐑛𐑪𐑤𐑩𐑥𐑲𐑑	ˈdɒləˌmaɪt	NN1	RSSB	89	shave_says:𐑛𐑴𐑤𐑩𐑥𐑲𐑑
dominatrix	𐑛𐑪𐑥𐑦𐑯𐑱𐑑𐑮𐑦𐑒𐑕	ˌdɒmɪˈneɪtrɪks	NN1	RSSB	89	
dominus	𐑛𐑪𐑥𐑦𐑯𐑩𐑕	ˈdɒmɪnəs	NN1	RSSB	89	shave_says:𐑛𐑴𐑥𐑦𐑯𐑵𐑕
donatist	𐑛𐑴𐑯𐑩𐑑𐑦𐑕𐑑	ˈdəʊnətɪst	NN1	RSSB	89	shave_says:[𐑛𐑳𐑯𐑩𐑑𐑦𐑕𐑑 / 𐑛𐑪𐑯𐑩𐑑𐑦𐑕𐑑 / 𐑛𐑴𐑯𐑱𐑑𐑦𐑕𐑑 / 𐑛𐑳𐑯𐑨𐑑𐑦𐑕𐑑]
donnean	𐑛𐑳𐑯𐑦𐑩𐑯	ˈdʌni+ən	AJ0	GenAm	89	shave_says:𐑛𐑳𐑯𐑩𐑯
doodly-squat	𐑛𐑫𐑛𐑩𐑤𐑦𐑕𐑒𐑢𐑪𐑑	ˈdudəliskwɒt	NN1	GenAm	89	shave_says:𐑛𐑵𐑛𐑩𐑤𐑦-𐑕𐑒𐑢𐑪𐑑
doohickey	𐑛𐑫𐑣𐑦𐑒𐑦	ˈduhɪki	NN1	GenAm	89	shave_says:𐑛𐑵𐑣𐑦𐑒𐑦
doppelganger	𐑛𐑪𐑐𐑤𐑜𐑧𐑙𐑼	ˈdɒplˌɡeŋər	NN1	GenAm	89	shave_says:𐑛𐑪𐑐𐑩𐑤𐑜𐑨𐑙𐑼
dorado	𐑛𐑼𐑭𐑛𐑴	dərɑːdəʊ	NN1	RSSB	89	shave_says:[𐑛𐑹𐑭𐑛𐑴 / 𐑛𐑹𐑱𐑛𐑴 / 𐑛𐑹𐑨𐑛𐑴]
dormition	𐑛𐑹𐑥𐑦𐑖𐑯	dɔːRmɪʃn	NN1	RSSB	89	shave_says:[𐑛𐑹𐑥𐑦𐑖𐑩𐑯 / 𐑛𐑹𐑥𐑦𐑑𐑦𐑩𐑯]
dotterel	𐑛𐑪𐑑𐑮𐑩𐑤	dɒtrəl	NN1	RSSB	89	shave_says:[𐑛𐑪𐑑𐑼𐑩𐑤 / 𐑛𐑪𐑑𐑑𐑧𐑮𐑩𐑤]
doxazosin	𐑛𐑪𐑒𐑕𐑱𐑟𐑩𐑕𐑦𐑯	dɒkˈseɪzəsɪn	NN1	GenAm	89	shave_says:𐑛𐑪𐑒𐑕𐑱𐑟𐑴𐑕𐑦𐑯
doxepin	𐑛𐑪𐑒𐑕𐑩𐑐𐑦𐑯	ˈdɒksəpɪn	NN1	GenAm	89	
doxorubicin	𐑛𐑪𐑒𐑕𐑴𐑮𐑵𐑚𐑦𐑕𐑦𐑯	ˌdɒksəʊˈruːbɪsɪn	NN1	RSSB	89	shave_says:[𐑛𐑪𐑒𐑕𐑼𐑳𐑚𐑦𐑕𐑦𐑯 / 𐑛𐑪𐑒𐑕𐑼𐑳𐑚𐑦𐑒𐑦𐑯]
doxorubicin	𐑛𐑪𐑒𐑕𐑼𐑫𐑚𐑦𐑕𐑦𐑯	ˌdɒksəˈrubɪsɪn	NN1	GenAm	89	shave_says:[𐑛𐑪𐑒𐑕𐑼𐑳𐑚𐑦𐑕𐑦𐑯 / 𐑛𐑪𐑒𐑕𐑼𐑳𐑚𐑦𐑒𐑦𐑯]
draff	𐑛𐑮𐑨𐑓	dræf	NN1	RSSB	89	
drafty	𐑛𐑮𐑨𐑓𐑑𐑦	ˈdræfti	AJ0	GenAm	89	shave_says:𐑛𐑮𐑭𐑓𐑑𐑦
dramaturgic	𐑛𐑮𐑨𐑥𐑩𐑑𐑻𐑡𐑦𐑒	dræmətɜːRdʒɪk	AJ0	RSSB	89	shave_says:𐑛𐑮𐑭𐑥𐑩𐑑𐑼𐑡𐑦𐑒
dramaturgy	𐑛𐑮𐑨𐑥𐑩𐑑𐑻𐑡𐑦	dræmətɜːRdʒi	NN1	RSSB	89	shave_says:𐑛𐑮𐑭𐑥𐑩𐑑𐑼𐑡𐑦
dravidian	𐑛𐑮𐑩𐑝𐑦𐑛𐑾𐑯	drəvɪdɪən	NN1	RSSB	89	shave_says:𐑛𐑮𐑭𐑝𐑦𐑛𐑦𐑩𐑯
drawbar	𐑛𐑮𐑪𐑚𐑸	ˈdrɒbɑːR	NN1	GenAm	89	shave_says:[𐑛𐑮𐑷𐑚𐑸 / 𐑛𐑮𐑷𐑚𐑼]
dreck	𐑛𐑮𐑧𐑒	drek	NN1	RSSB	89	shave_says:[𐑛𐑮𐑱𐑧𐑒 / 𐑛𐑼𐑧𐑒]
dreg	𐑛𐑮𐑧𐑜	dreɡ	NN1	RSSB	89	shave_says:[𐑛𐑮𐑱𐑧𐑜 / 𐑛𐑼𐑧𐑜]
drey	𐑛𐑮𐑱	dreɪ	NN1	RSSB	89	shave_says:𐑛𐑮𐑱𐑦
dronabinol	𐑛𐑮𐑴𐑯𐑨𐑚𐑦𐑯𐑪𐑤	droʊˈnæbɪˌnɒl	NN1	GenAm	89	shave_says:[𐑛𐑮𐑴𐑯𐑩𐑚𐑰𐑯𐑴𐑤 / 𐑛𐑮𐑴𐑯𐑩𐑚𐑦𐑯𐑩𐑤]
drosophila	𐑛𐑮𐑴𐑕𐑪𐑓𐑩𐑤𐑩	droʊˈsɒfələ	NN1	GenAm	89	
drupelet	𐑛𐑮𐑵𐑐𐑤𐑦𐑑	ˈdruːplɪt	NN1	RSSB	89	shave_says:[𐑛𐑮𐑵𐑐𐑤𐑩𐑑 / 𐑛𐑮𐑵𐑐𐑩𐑤𐑩𐑑]
drupelet	𐑛𐑮𐑫𐑐𐑤𐑦𐑑	ˈdruplɪt	NN1	GenAm	89	shave_says:[𐑛𐑮𐑵𐑐𐑤𐑩𐑑 / 𐑛𐑮𐑵𐑐𐑩𐑤𐑩𐑑]
duad	𐑛𐑫𐑨𐑛	ˈduæd	NN1	GenAm	89	shave_says:[𐑛𐑵𐑨𐑛 / 𐑛𐑿𐑨𐑛]
duff	𐑛𐑳𐑓	dʌf	NN1	RSSB	89	
dulcinea	𐑛𐑳𐑤𐑕𐑦𐑯𐑰𐑩	ˌdʌlsɪˈniːə	NN1	RSSB	89	shave_says:𐑛𐑳𐑤𐑕𐑦𐑯𐑦𐑩
dulcorate	𐑛𐑳𐑤𐑒𐑼𐑱𐑑	dʌlkəreɪt	VVI	RSSB	89	shave_says:𐑛𐑳𐑤𐑒𐑹𐑱𐑑
duomo	𐑛𐑢𐑴𐑥𐑴	ˈdwəʊməʊ	NN1	RSSB	89	shave_says:𐑛𐑿𐑴𐑥𐑴
duplicitous	𐑛𐑘𐑩𐑐𐑤𐑦𐑕𐑦𐑑𐑩𐑕	djəˈplɪsɪtəs	AJ0	RSSB	89	shave_says:𐑛𐑵𐑐𐑤𐑦𐑕𐑦𐑑𐑩𐑕
duplicitous	𐑛𐑵𐑐𐑤𐑦𐑕𐑩𐑑𐑩𐑕	duːˈplɪsətəs	AJ0	GenAm	89	shave_says:𐑛𐑵𐑐𐑤𐑦𐑕𐑦𐑑𐑩𐑕
durian	𐑛𐑫𐑼𐑾𐑯	dʊərɪən	NN1	RSSB	89	shave_says:𐑛𐑘𐑫𐑼𐑦𐑩𐑯
durian	𐑛𐑫𐑼𐑦𐑩𐑯	ˈdʊəri+ən	NN1	GenAm	89	shave_says:𐑛𐑘𐑫𐑼𐑦𐑩𐑯
dvd	𐑛𐑰𐑝𐑰𐑛𐑰	diːviːdiː	NN1	RSSB	89	
dvd	𐑛𐑰𐑝𐑦𐑛𐑦	diːvidi	NN1	GenAm	89	
dyscrasia	𐑛𐑦𐑕𐑒𐑮𐑱𐑟𐑾	dɪskreɪzɪə	NN1	RSSB	89	shave_says:[𐑛𐑲𐑕𐑒𐑮𐑩𐑕𐑦𐑩 / 𐑛𐑦𐑕𐑒𐑮𐑩𐑕𐑦𐑩 / 𐑛𐑲𐑕𐑒𐑮𐑱𐑕𐑦𐑩]
dysphasia	𐑛𐑦𐑕𐑓𐑱𐑠𐑩	dɪsˈfeɪʒə	NN1	RSSB	89	shave_says:𐑛𐑦𐑕𐑓𐑱𐑟𐑦𐑩
dysphemism	𐑛𐑦𐑕𐑓𐑩𐑥𐑦𐑟𐑥	ˈdɪsfəˌmɪzm	NN1	RSSB	89	shave_says:𐑛𐑦𐑕𐑓𐑰𐑥𐑦𐑟𐑩𐑥
dystopia	𐑛𐑦𐑕𐑑𐑴𐑐𐑰𐑩	ˈdɪsˌtəʊpiː+ə	NN1	RSSB	89	shave_says:[𐑛𐑦𐑕𐑑𐑴𐑐𐑦𐑩 / 𐑛𐑦𐑕𐑑𐑩𐑐𐑦𐑩]
dystopia	𐑛𐑦𐑕𐑑𐑴𐑐𐑦𐑩	dɪsˈtoʊpi+ə	NN1	GenAm	89	shave_says:𐑛𐑦𐑕𐑑𐑴𐑐𐑾
dziggetai	𐑟𐑦𐑜𐑩𐑑𐑲	ˈzɪɡətaɪ	NN1	GenAm	89	shave_says:[𐑛𐑟𐑦𐑜𐑰𐑑𐑲 / 𐑛𐑟𐑦𐑜𐑩𐑑𐑲 / 𐑛𐑟𐑦𐑜𐑰𐑑𐑩𐑦]
e-bike	𐑰𐑚𐑲𐑒	ˈiːbaɪk	NN1	RSSB	89	shave_says:𐑰-𐑚𐑲𐑒
e.g.	𐑰𐑡𐑰	ˌiːˈdʒiː	AV0	GenAm	89	shave_says:𐑰.𐑜.
ea	𐑰	ˈiː	NN1	RSSB	89	
eagre	𐑱𐑜𐑼	eɪɡəR	NN1	RSSB	89	
earless	𐑦𐑮𐑤𐑩𐑕	ɪrləs	AJ0	GenAm	89	shave_says:[𐑽𐑤𐑩𐑕 / 𐑻𐑤𐑩𐑕 / 𐑽𐑤𐑧𐑕 / 𐑰𐑸𐑤𐑩𐑕]
easement	𐑰𐑟𐑥𐑯𐑑	ˈiːzmnt	NN1	RSSB	89	shave_says:[𐑰𐑟𐑥𐑩𐑯𐑑 / 𐑰𐑟𐑥𐑧𐑯𐑑]
eburnation	𐑧𐑚𐑼𐑯𐑱𐑖𐑩𐑯	ˌebəRˈneɪʃən	NN1	GenAm	89	shave_says:𐑰𐑚𐑻𐑯𐑱𐑖𐑩𐑯
ecchymosis	𐑧𐑒𐑦𐑥𐑴𐑕𐑦𐑕	ˌekɪˈmoʊsɪs	NN1	GenAm	89	shave_says:[𐑧𐑗𐑦𐑥𐑴𐑕𐑦𐑕 / 𐑧𐑗𐑦𐑥𐑴𐑕𐑦𐑟]
eccrine	𐑧𐑒𐑮𐑦𐑯	ˈekrɪn	AJ0	GenAm	89	shave_says:𐑰𐑕𐑰𐑒𐑮𐑰𐑯
ecdysiast	𐑧𐑒𐑛𐑦𐑟𐑦𐑨𐑕𐑑	ekˈdɪziæst	NN1	RSSB	89	
echidna	𐑩𐑒𐑦𐑛𐑯𐑩	əˈkɪdnə	NN1	RSSB	89	shave_says:𐑰𐑗𐑦𐑛𐑯𐑩
echinacea	𐑧𐑒𐑦𐑯𐑱𐑕𐑾	ˌekɪˈneɪsɪə	NN1	RSSB	89	shave_says:[𐑰𐑗𐑲𐑯𐑩𐑕𐑦𐑩 / 𐑧𐑗𐑧𐑦𐑯𐑩𐑕𐑩]
echinococcus	𐑦𐑒𐑲𐑯𐑩𐑒𐑪𐑒𐑩𐑕	ɪˌkaɪnəˈkɒkəs	NN1	GenAm	89	shave_says:[𐑰𐑗𐑲𐑯𐑩𐑒𐑪𐑒𐑩𐑕 / 𐑧𐑗𐑧𐑦𐑯𐑩𐑒𐑪𐑒𐑩𐑕 / 𐑧𐑗𐑧𐑦𐑯𐑩𐑒𐑪𐑒𐑵𐑟]
echium	𐑧𐑒𐑾𐑥	ˈekiəm	NN1	RSSB	89	shave_says:𐑰𐑗𐑿𐑥
echoic	𐑦𐑒𐑴𐑦𐑒	ɪˈkəʊɪk	AJ0	RSSB	89	shave_says:[𐑧𐑒𐑴𐑦𐑒 / 𐑰𐑗𐑴𐑦𐑒]
echt	𐑧𐑒𐑑	ekt	AJ0	RSSB	89	
econometrics	𐑦𐑒𐑪𐑯𐑩𐑥𐑧𐑑𐑮𐑦𐑒𐑕	ɪkɒnəmetrɪks	NN1	RSSB	89	shave_says:𐑦𐑒𐑪𐑯𐑴𐑥𐑧𐑑𐑮𐑦𐑒𐑕
ecotourism	𐑰𐑒𐑴𐑑𐑫𐑼𐑦𐑟𐑥	iːkəʊtʊərɪzm	NN1	RSSB	89	shave_says:𐑰𐑒𐑴𐑑𐑫𐑼𐑦𐑟𐑩𐑥
ecotourism	𐑧𐑒𐑴𐑑𐑫𐑮𐑦𐑟𐑩𐑥	ˌekoʊˈtʊrɪzəm	NN1	GenAm	89	shave_says:𐑰𐑒𐑴𐑑𐑫𐑼𐑦𐑟𐑩𐑥
ectasia	𐑧𐑒𐑑𐑱𐑟𐑘𐑩	ekˈteɪzjə	NN1	RSSB	89	shave_says:[𐑧𐑒𐑑𐑩𐑕𐑦𐑩 / 𐑧𐑒𐑑𐑱𐑕𐑦𐑩]
ectasis	𐑧𐑒𐑑𐑩𐑕𐑦𐑕	ˈektəsɪs	NN1	RSSB	89	shave_says:[𐑧𐑒𐑑𐑱𐑕𐑦𐑕 / 𐑧𐑒𐑑𐑩𐑟𐑦𐑕 / 𐑧𐑒𐑑𐑱𐑕𐑦𐑟]
ectoparasite	𐑧𐑒𐑑𐑩𐑐𐑨𐑮𐑩𐑕𐑲𐑑	ektəpærəsaɪt	NN1	RSSB	89	shave_says:[𐑧𐑒𐑑𐑴𐑐𐑨𐑮𐑩𐑕𐑲𐑑 / 𐑧𐑒𐑑𐑴𐑐𐑼𐑱𐑕𐑲𐑑]
ectoparasite	𐑧𐑒𐑑𐑩𐑐𐑧𐑮𐑩𐑕𐑲𐑑	ˌektəˈperəˌsaɪt	NN1	GenAm	89	shave_says:[𐑧𐑒𐑑𐑴𐑐𐑨𐑮𐑩𐑕𐑲𐑑 / 𐑧𐑒𐑑𐑴𐑐𐑼𐑱𐑕𐑲𐑑]
edentulous	𐑰𐑛𐑧𐑯𐑑𐑘𐑩𐑤𐑩𐑕	iːˈdentjələs	AJ0	GenAm	89	shave_says:[𐑰𐑛𐑩𐑯𐑗𐑫𐑤𐑩𐑕 / 𐑰𐑛𐑩𐑯𐑗𐑫𐑤𐑴𐑩𐑕 / 𐑰𐑛𐑧𐑯𐑗𐑫𐑤𐑩𐑕 / 𐑰𐑛𐑩𐑯𐑗𐑫𐑤𐑴𐑵𐑟]
effluence	𐑧𐑓𐑤𐑫𐑩𐑯𐑕	ˈefːluəns	NN1	RSSB	89	
effluvium	𐑦𐑓𐑤𐑵𐑝𐑦𐑩𐑥	ɪˈfluːvi+əm	NN1	RSSB	89	shave_says:[𐑧𐑓𐑤𐑵𐑝𐑦𐑩𐑥 / 𐑧𐑓𐑤𐑵𐑝𐑦𐑵𐑥]
egality	𐑦𐑜𐑨𐑤𐑦𐑑𐑦	ɪˈɡælɪti	NN1	RSSB	89	shave_says:[𐑧𐑜𐑩𐑤𐑦𐑑𐑧𐑦 / 𐑰𐑜𐑱𐑤𐑦𐑑𐑦 / 𐑦𐑜𐑟𐑩𐑤𐑦𐑑𐑦]
egeria	𐑦𐑡𐑽𐑾	ɪdʒɪərɪə	NN1	RSSB	89	shave_says:[𐑦𐑜𐑟𐑽𐑦𐑩 / 𐑦𐑜𐑟𐑼𐑦𐑩 / 𐑰𐑜𐑽𐑦𐑩]
egression	𐑦𐑜𐑮𐑧𐑖𐑩𐑯	ɪɡreʃən	NN1	RSSB	89	shave_says:𐑰𐑜𐑮𐑧𐑕𐑦𐑩𐑯
eidetic	𐑲𐑛𐑧𐑑𐑦𐑒	aɪˈdetɪk	AJ0	RSSB	89	shave_says:[𐑲𐑛𐑱𐑧𐑑𐑦𐑒 / 𐑭𐑰𐑛𐑧𐑑𐑦𐑒 / 𐑰𐑲𐑛𐑧𐑑𐑦𐑒 / 𐑲𐑛𐑱𐑰𐑑𐑦𐑒 / 𐑲𐑛𐑱𐑩𐑑𐑦𐑒]
eidos	𐑲𐑛𐑪𐑕	ˈaɪdɒs	NN1	RSSB	89	shave_says:[𐑲𐑛𐑱𐑴𐑟 / 𐑰𐑰𐑛𐑴𐑟]
eisegesis	𐑲𐑕𐑦𐑡𐑰𐑕𐑦𐑕	aɪsɪˈdʒiːsɪs	NN1	GenAm	89	shave_says:𐑲𐑕𐑩𐑡𐑰𐑕𐑩𐑕
elater	𐑧𐑤𐑩𐑑𐑼	elətəR	NN1	RSSB	89	shave_says:𐑰𐑤𐑱𐑑𐑼
elderberry	𐑧𐑤𐑛𐑼𐑚𐑧𐑮𐑦	eldəRberi	NN1	RSSB	89	shave_says:𐑧𐑤𐑛𐑼𐑚𐑼𐑦
elecampane	𐑧𐑤𐑦𐑒𐑨𐑥𐑐𐑱𐑯	ˌelɪkamˈpeɪn	NN1	RSSB	89	shave_says:[𐑧𐑤𐑩𐑒𐑨𐑥𐑐𐑱𐑯 / 𐑰𐑤𐑫𐑒𐑨𐑥𐑐𐑱𐑯 / 𐑧𐑤𐑰𐑕𐑰𐑩𐑥𐑐𐑱𐑯]
electroencephalograph	𐑩𐑤𐑧𐑒𐑑𐑮𐑴𐑩𐑯𐑕𐑧𐑓𐑩𐑤𐑩𐑜𐑮𐑨𐑓	əlektroʊənsefələɡræf	NN1	RSSB	89	shave_says:[𐑦𐑤𐑧𐑒𐑑𐑮𐑴𐑦𐑯𐑕𐑧𐑓𐑩𐑤𐑩𐑜𐑮𐑨𐑓 / 𐑦𐑤𐑧𐑒𐑑𐑮𐑴𐑩𐑯𐑕𐑓𐑩𐑤𐑩𐑜𐑮𐑭𐑓 / 𐑦𐑤𐑧𐑒𐑑𐑮𐑴𐑩𐑯𐑕𐑓𐑩𐑤𐑴𐑜𐑮𐑭𐑓 / 𐑦𐑤𐑧𐑒𐑑𐑮𐑴𐑩𐑯𐑕𐑓𐑩𐑤𐑪𐑜𐑮𐑩𐑓]
electrolytic	𐑦𐑤𐑧𐑒𐑑𐑮𐑫𐑤𐑦𐑑𐑦𐑒	ɪˌlektrʊˈlɪtɪk	AJ0	GenAm	89	shave_says:𐑦𐑤𐑧𐑒𐑑𐑮𐑩𐑤𐑲𐑑𐑦𐑒
elucubration	𐑦𐑤𐑵𐑒𐑘𐑩𐑚𐑮𐑱𐑖𐑩𐑯	ɪluːkjəbreɪʃən	NN1	RSSB	89	shave_says:𐑰𐑤𐑵𐑒𐑳𐑚𐑮𐑱𐑖𐑩𐑯
elute	𐑦𐑤𐑵𐑑	iˈluːt	VVI	RSSB	89	shave_says:𐑰𐑤𐑵𐑑
elytron	𐑧𐑤𐑦𐑑𐑮𐑪𐑯	ˈelɪtrɒn	NN1	RSSB	89	shave_says:[𐑰𐑤𐑦𐑑𐑮𐑪𐑯 / 𐑧𐑤𐑰𐑑𐑮𐑩𐑯]
em	𐑧𐑥	em	NN1	RSSB	89	shave_says:𐑩𐑥
embezzler	𐑩𐑥𐑚𐑧𐑟𐑤𐑼	əmˈbezlər	NN1	GenAm	89	shave_says:𐑦𐑥𐑚𐑧𐑟𐑩𐑤𐑼
embouchure	𐑪𐑥𐑚𐑫𐑖𐑫𐑼	ɒmbʊʃʊəR	NN1	RSSB	89	
embouchure	𐑪𐑥𐑚𐑩𐑖𐑼	ˈɒmbəʃəR	NN1	GenAm	89	
emollient	𐑦𐑥𐑪𐑤𐑘𐑩𐑯𐑑	ɪˈmɒljənt	AJ0	GenAm	89	shave_says:[𐑦𐑥𐑪𐑤𐑦𐑩𐑯𐑑 / 𐑰𐑥𐑪𐑤𐑦𐑩𐑯𐑑]
emote	𐑩𐑥𐑴𐑑	əˈmoʊt	VVI	GenAm	89	shave_says:𐑦𐑥𐑴𐑑
emotionalism	𐑦𐑥𐑴𐑖𐑯𐑩𐑤𐑦𐑟𐑥	ɪˈmoʊʃnəlɪzm	NN1	GenAm	89	shave_says:𐑦𐑥𐑴𐑖𐑩𐑯𐑩𐑤𐑦𐑟𐑩𐑥
empyema	𐑧𐑥𐑐𐑲𐑰𐑥𐑩	empaɪˈiːmə	NN1	GenAm	89	shave_says:𐑧𐑥𐑐𐑦𐑩𐑥𐑩
empyreal	𐑧𐑥𐑐𐑦𐑮𐑦𐑩𐑤	emˈpɪri+əl	AJ0	GenAm	89	shave_says:𐑧𐑥𐑐𐑲𐑼𐑩𐑤
enalapril	𐑦𐑯𐑨𐑤𐑩𐑐𐑮𐑦𐑤	ɪˈnæləˌprɪl	NN1	GenAm	89	shave_says:[𐑧𐑯𐑩𐑤𐑨𐑐𐑮𐑦𐑤 / 𐑰𐑯𐑭𐑤𐑨𐑐𐑮𐑦𐑤]
enallage	𐑧𐑯𐑨𐑤𐑩𐑡𐑰	eˈnælədʒiː	NN1	RSSB	89	shave_says:[𐑦𐑯𐑭𐑤𐑦𐑡 / 𐑰𐑯𐑭𐑤𐑦𐑡 / 𐑧𐑯𐑩𐑤𐑦𐑡 / 𐑧𐑯𐑷𐑤𐑦𐑡]
encapsulate	𐑦𐑯𐑒𐑨𐑐𐑕𐑫𐑤𐑱𐑑	ɪnˈkæpsʊˌleɪt	VVI	RSSB	89	shave_says:𐑧𐑯𐑒𐑨𐑐𐑕𐑩𐑤𐑱𐑑
encephalon	𐑧𐑯𐑕𐑧𐑓𐑩𐑤𐑩𐑯	enˈsefələn	NN1	RSSB	89	shave_says:[𐑧𐑯𐑒𐑧𐑓𐑩𐑤𐑩𐑯 / 𐑦𐑯𐑕𐑧𐑓𐑩𐑤𐑩𐑯]
encephalopathy	𐑧𐑯𐑕𐑧𐑓𐑩𐑤𐑪𐑐𐑩𐑔𐑦	enˌsefəˈlɒpəθi	NN1	RSSB	89	shave_says:[𐑧𐑯𐑒𐑧𐑓𐑩𐑤𐑪𐑐𐑩𐑔𐑦 / 𐑦𐑯𐑕𐑧𐑓𐑩𐑤𐑩𐑐𐑨𐑔𐑦 / 𐑧𐑯𐑒𐑧𐑓𐑩𐑤𐑴𐑐𐑨𐑔𐑦]
enchilada	𐑧𐑯𐑗𐑦𐑤𐑪𐑛𐑩	ˌentʃɪˈlɒdə	NN1	GenAm	89	shave_says:[𐑧𐑯𐑗𐑦𐑤𐑭𐑛𐑩 / 𐑧𐑯𐑗𐑦𐑤𐑱𐑛𐑩 / 𐑧𐑯𐑗𐑦𐑤𐑨𐑛𐑩 / 𐑦𐑯𐑒𐑲𐑤𐑭𐑛𐑩]
encolure	𐑭𐑙𐑒𐑩𐑤𐑫𐑼	ɑːŋkəlʊəR	NN1	RSSB	89	shave_says:[𐑦𐑯𐑒𐑥𐑤𐑫𐑼 / 𐑧𐑯𐑒𐑴𐑤𐑫𐑼 / 𐑰𐑧𐑯𐑕𐑦𐑴𐑤𐑫𐑼]
endocrinology	𐑧𐑯𐑛𐑩𐑒𐑮𐑦𐑯𐑭𐑤𐑩𐑡𐑦	endəkrɪnɑːlədʒi	NN1	RSSB	89	shave_says:[𐑧𐑯𐑛𐑴𐑒𐑮𐑲𐑯𐑪𐑤𐑩𐑡𐑦 / 𐑧𐑯𐑛𐑴𐑒𐑮𐑲𐑯𐑩𐑤𐑪𐑜𐑦 / 𐑧𐑯𐑛𐑴𐑒𐑮𐑦𐑯𐑪𐑤𐑩𐑡𐑦 / 𐑦𐑯𐑛𐑪𐑒𐑮𐑦𐑯𐑪𐑤𐑩𐑡𐑦]
endogenous	𐑦𐑯𐑛𐑪𐑡𐑩𐑯𐑩𐑕	ɪnˈdɒdʒənəs	AJ0	GenAm	89	shave_says:𐑧𐑯𐑛𐑪𐑡𐑩𐑯𐑩𐑕
endolymph	𐑧𐑯𐑛𐑩𐑤𐑦𐑥𐑓	ˈendəˌlɪmf	NN1	GenAm	89	shave_says:[𐑧𐑯𐑛𐑴𐑤𐑦𐑥𐑓 / 𐑧𐑯𐑛𐑪𐑤𐑦𐑥𐑓 / 𐑰𐑛𐑪𐑤𐑦𐑥𐑓]
endometrial	𐑧𐑯𐑛𐑩𐑥𐑰𐑑𐑮𐑦𐑩𐑤	endəmiːtri+əl	AJ0	RSSB	89	shave_says:[𐑧𐑯𐑛𐑴𐑥𐑰𐑑𐑮𐑦𐑩𐑤 / 𐑧𐑯𐑛𐑴𐑥𐑧𐑑𐑮𐑦𐑩𐑤 / 𐑦𐑯𐑛𐑵𐑥𐑧𐑑𐑮𐑦𐑩𐑤]
endometrium	𐑧𐑯𐑛𐑩𐑥𐑰𐑑𐑮𐑦𐑩𐑥	endəmiːtri+əm	NN1	RSSB	89	shave_says:[𐑧𐑯𐑛𐑴𐑥𐑰𐑑𐑮𐑦𐑩𐑥 / 𐑧𐑯𐑛𐑴𐑥𐑰𐑑𐑮𐑦𐑵𐑥 / 𐑧𐑯𐑛𐑴𐑥𐑧𐑑𐑮𐑦𐑩𐑥 / 𐑦𐑯𐑛𐑵𐑥𐑧𐑑𐑮𐑦𐑩𐑥]
endoparasite	𐑧𐑯𐑛𐑩𐑐𐑨𐑮𐑩𐑕𐑲𐑑	endəpærəsaɪt	NN1	RSSB	89	shave_says:[𐑧𐑯𐑛𐑴𐑐𐑨𐑮𐑩𐑕𐑲𐑑 / 𐑧𐑯𐑛𐑴𐑐𐑼𐑱𐑕𐑲𐑑 / 𐑦𐑯𐑛𐑴𐑐𐑼𐑱𐑕𐑲𐑑 / 𐑰𐑛𐑴𐑐𐑼𐑱𐑕𐑲𐑑]
endoparasite	𐑧𐑯𐑛𐑩𐑐𐑧𐑮𐑩𐑕𐑲𐑑	ˌendəˈperəˌsaɪt	NN1	GenAm	89	shave_says:[𐑧𐑯𐑛𐑴𐑐𐑨𐑮𐑩𐑕𐑲𐑑 / 𐑧𐑯𐑛𐑴𐑐𐑼𐑱𐑕𐑲𐑑 / 𐑦𐑯𐑛𐑴𐑐𐑼𐑱𐑕𐑲𐑑 / 𐑰𐑛𐑴𐑐𐑼𐑱𐑕𐑲𐑑]
endosteum	𐑧𐑯𐑛𐑪𐑕𐑑𐑾𐑩𐑥	enˈdɒstɪəəm	NN1	RSSB	89	shave_says:[𐑧𐑯𐑛𐑴𐑕𐑱𐑯𐑑𐑦𐑩𐑥 / 𐑦𐑯𐑛𐑳𐑕𐑑𐑦𐑩𐑥 / 𐑧𐑯𐑛𐑪𐑕𐑑𐑦𐑩𐑥 / 𐑰𐑛𐑪𐑕𐑑𐑦𐑩𐑥]
endosteum	𐑧𐑯𐑛𐑪𐑕𐑑𐑰𐑩𐑥	enˈdɒstiːəm	NN1	GenAm	89	shave_says:[𐑧𐑯𐑛𐑴𐑕𐑱𐑯𐑑𐑦𐑩𐑥 / 𐑦𐑯𐑛𐑳𐑕𐑑𐑦𐑩𐑥 / 𐑧𐑯𐑛𐑪𐑕𐑑𐑦𐑩𐑥 / 𐑰𐑛𐑪𐑕𐑑𐑦𐑩𐑥]
enfeoff	𐑧𐑯𐑓𐑧𐑓	enˈfef	VVI	RSSB	89	shave_says:𐑦𐑯𐑓𐑰𐑓
enfeoffment	𐑦𐑯𐑓𐑧𐑓𐑥𐑩𐑯𐑑	ɪnˈfefmənt	NN1	RSSB	89	shave_says:𐑦𐑯𐑓𐑰𐑓𐑥𐑩𐑯𐑑
enfilade	𐑧𐑯𐑓𐑩𐑤𐑱𐑛	ˈenfəlˌeɪd	NN1	GenAm	89	shave_says:𐑦𐑯𐑓𐑲𐑤𐑱𐑛
enflurane	𐑧𐑯𐑓𐑤𐑫𐑼𐑱𐑯	enflʊəreɪn	NN1	RSSB	89	
enflurane	𐑧𐑯𐑓𐑤𐑫𐑮𐑱𐑯	enˈflʊrˌeɪn	NN1	GenAm	89	
engild	𐑦𐑙𐑜𐑦𐑤𐑛	ɪŋˈɡɪld	VVI	RSSB	89	shave_says:[𐑦𐑯𐑜𐑦𐑤𐑛 / 𐑧𐑙𐑦𐑤𐑛]
enginery	𐑧𐑯𐑡𐑦𐑯𐑮𐑦	ˈendʒɪnri	NN1	RSSB	89	shave_says:[𐑧𐑯𐑡𐑦𐑯𐑼𐑦 / 𐑧𐑙𐑦𐑯𐑼𐑦 / 𐑦𐑯𐑡𐑦𐑯𐑼𐑦 / 𐑰𐑦𐑙𐑦𐑯𐑼𐑦]
englishness	𐑦𐑙𐑤𐑦𐑖𐑯𐑩𐑕	ˈɪŋlɪʃnəs	NN1	RSSB	89	shave_says:[𐑦𐑙𐑜𐑤𐑦𐑖𐑯𐑩𐑕 / 𐑦𐑯𐑜𐑤𐑦𐑖𐑯𐑩𐑕]
engrossment	𐑧𐑯𐑜𐑮𐑴𐑕𐑥𐑩𐑯𐑑	enɡrəʊsmənt	NN1	RSSB	89	shave_says:[𐑦𐑯𐑜𐑮𐑴𐑕𐑥𐑩𐑯𐑑 / 𐑦𐑯𐑜𐑮𐑴𐑕𐑥𐑧𐑯𐑑]
ensete	𐑧𐑯𐑕𐑩𐑑	ˈensət	NN1	RSSB	89	shave_says:[𐑦𐑯𐑕𐑧𐑑𐑧 / 𐑰𐑯𐑕𐑧𐑰𐑑]
ensiform	𐑧𐑯𐑕𐑩𐑓𐑹𐑥	ˈensəˌfɔːRm	AJ0	GenAm	89	shave_says:𐑦𐑯𐑕𐑰𐑓𐑹𐑥
ensile	𐑧𐑯𐑕𐑲𐑤	ensaɪl	VVI	RSSB	89	shave_says:[𐑦𐑯𐑕𐑲𐑤 / 𐑰𐑯𐑕𐑧𐑲𐑤]
ensky	𐑧𐑯𐑕𐑒𐑲	enˈskaɪ	VVI	RSSB	89	shave_says:[𐑦𐑯𐑕𐑒𐑲 / 𐑧𐑯𐑕𐑒𐑦]
entablature	𐑧𐑯𐑑𐑨𐑚𐑤𐑩𐑗𐑼	entæblətʃəR	NN1	RSSB	89	shave_says:[𐑦𐑯𐑑𐑱𐑚𐑩𐑤𐑩𐑗𐑼 / 𐑧𐑯𐑑𐑩𐑚𐑩𐑤𐑩𐑗𐑼 / 𐑰𐑧𐑯𐑑𐑰𐑩𐑚𐑩𐑤𐑩𐑗𐑼]
entailment	𐑧𐑯𐑑𐑱𐑤𐑥𐑩𐑯𐑑	enˈteɪlmənt	NN1	RSSB	89	shave_says:[𐑦𐑯𐑑𐑱𐑤𐑥𐑩𐑯𐑑 / 𐑦𐑯𐑑𐑱𐑤𐑥𐑧𐑯𐑑 / 𐑰𐑧𐑯𐑑𐑰𐑱𐑤𐑥𐑩𐑯𐑑]
entasis	𐑧𐑯𐑑𐑩𐑕𐑦𐑕	ˈentəsɪs	NN1	RSSB	89	shave_says:[𐑧𐑯𐑑𐑱𐑕𐑦𐑕 / 𐑦𐑯𐑑𐑱𐑟𐑦𐑕 / 𐑧𐑯𐑑𐑩𐑟𐑦𐑕 / 𐑧𐑯𐑑𐑱𐑕𐑦𐑟 / 𐑰𐑧𐑯𐑑𐑰𐑱𐑕𐑦𐑕]
entelechy	𐑧𐑯𐑑𐑧𐑤𐑩𐑒𐑦	enˈteləki	NN1	RSSB	89	shave_says:𐑦𐑯𐑑𐑧𐑤𐑦𐑗𐑦
enthalpy	𐑧𐑯𐑔𐑩𐑤𐑐𐑰	ˈenθəlpiː	NN1	RSSB	89	shave_says:𐑧𐑯𐑔𐑭𐑤𐑐𐑦
entomophilous	𐑧𐑯𐑑𐑩𐑥𐑪𐑓𐑩𐑤𐑩𐑕	entəˈmɒfələs	AJ0	RSSB	89	
enzootic	𐑧𐑯𐑟𐑴𐑪𐑑𐑦𐑒	enzoʊˈɒtɪk	AJ0	GenAm	89	shave_says:[𐑦𐑯𐑟𐑵𐑑𐑦𐑒 / 𐑧𐑯𐑟𐑵𐑑𐑦𐑒]
eonian	𐑰𐑴𐑯𐑾𐑯	iːˈəʊnɪən	AJ0	RSSB	89	shave_says:[𐑰𐑪𐑯𐑾𐑯 / 𐑰𐑪𐑯𐑦𐑩𐑯]
eosinophil	𐑦𐑩𐑕𐑦𐑯𐑩𐑓𐑦𐑤	i+əˈsɪnəˌfɪl	NN1	RSSB	89	shave_says:𐑰𐑴𐑕𐑦𐑯𐑩𐑓𐑦𐑤
ependyma	𐑧𐑐𐑧𐑯𐑛𐑦𐑥𐑩	epˈendɪmə	NN1	RSSB	89	
epenthesis	𐑦𐑐𐑧𐑯𐑔𐑩𐑕𐑦𐑕	ɪˈpenθəsɪs	NN1	RSSB	89	shave_says:[𐑰𐑐𐑧𐑯𐑔𐑰𐑕𐑦𐑕 / 𐑧𐑐𐑩𐑯𐑔𐑰𐑕𐑦𐑕 / 𐑧𐑐𐑩𐑯𐑔𐑰𐑟𐑦𐑕 / 𐑧𐑐𐑩𐑯𐑔𐑕𐑦𐑕]
epergne	𐑦𐑐𐑻𐑯	ɪpɜːRn	NN1	RSSB	89	
epergne	𐑰𐑐𐑻𐑯	iːˈpɜːRn	NN1	GenAm	89	
ephedrine	𐑧𐑓𐑩𐑛𐑮𐑰𐑯	efədriːn	NN1	RSSB	89	shave_says:𐑦𐑓𐑧𐑛𐑮𐑦𐑯
epigone	𐑧𐑐𐑦𐑜𐑴𐑯	ˈepɪɡoʊn	NN1	GenAm	89	shave_says:𐑧𐑐𐑩𐑜𐑴𐑯
epigraphy	𐑦𐑐𐑦𐑜𐑮𐑩𐑓𐑦	ɪpɪɡrəfi	NN1	RSSB	89	shave_says:[𐑰𐑐𐑲𐑜𐑮𐑩𐑓𐑦 / 𐑧𐑐𐑦𐑜𐑮𐑭𐑓𐑰𐑦]
epiphenomenon	𐑧𐑐𐑩𐑓𐑩𐑯𐑪𐑥𐑩𐑯𐑪𐑯	ˌepəfəˈnɒməˌnɒn	NN1	GenAm	89	shave_says:𐑧𐑐𐑦𐑓𐑦𐑯𐑪𐑥𐑦𐑯𐑩𐑯
epiphonema	𐑧𐑐𐑦𐑓𐑩𐑯𐑰𐑥𐑩	ˌepɪfəˈniːmə	NN1	RSSB	89	shave_says:[𐑧𐑐𐑦𐑓𐑴𐑯𐑰𐑥𐑩 / 𐑰𐑐𐑲𐑓𐑴𐑯𐑩𐑥𐑩]
episcopate	𐑦𐑐𐑦𐑕𐑒𐑩𐑐𐑩𐑑	ɪˈpɪskəpət	NN1	RSSB	89	shave_says:𐑦𐑐𐑦𐑕𐑒𐑩𐑐𐑱𐑑
episiotomy	𐑧𐑐𐑩𐑕𐑲𐑪𐑑𐑩𐑥𐑰	ˌepəsaɪˈɒtəmiː	NN1	RSSB	89	shave_says:[𐑦𐑐𐑰𐑟𐑦𐑪𐑑𐑩𐑥𐑦 / 𐑧𐑐𐑦𐑕𐑲𐑪𐑑𐑩𐑥𐑦 / 𐑰𐑐𐑲𐑟𐑦𐑪𐑑𐑩𐑥𐑦]
episiotomy	𐑩𐑐𐑰𐑟𐑰𐑪𐑑𐑩𐑥𐑰	əˌpiːziːˈɒtəmiː	NN1	GenAm	89	shave_says:[𐑦𐑐𐑰𐑟𐑦𐑪𐑑𐑩𐑥𐑦 / 𐑧𐑐𐑦𐑕𐑲𐑪𐑑𐑩𐑥𐑦 / 𐑰𐑐𐑲𐑟𐑦𐑪𐑑𐑩𐑥𐑦]
epispadias	𐑧𐑐𐑦𐑕𐑐𐑱𐑛𐑦𐑩𐑕	ˌepɪˈspeɪdi+əs	NN1	GenAm	89	shave_says:𐑧𐑐𐑦𐑕𐑐𐑱𐑛𐑦𐑩𐑟
epistasis	𐑦𐑐𐑦𐑕𐑑𐑩𐑕𐑦𐑕	ɪˈpɪstəsɪs	NN1	RSSB	89	shave_says:[𐑧𐑐𐑦𐑖𐑑𐑭𐑟𐑦𐑟 / 𐑧𐑐𐑦𐑕𐑑𐑩𐑟𐑦𐑕 / 𐑰𐑐𐑦𐑕𐑑𐑱𐑕𐑦𐑕 / 𐑧𐑐𐑦𐑕𐑑𐑱𐑕𐑦𐑕 / 𐑧𐑐𐑦𐑕𐑑𐑩𐑟𐑦𐑟]
epistemic	𐑧𐑐𐑩𐑕𐑑𐑦𐑥𐑦𐑒	ˌepəˈstimɪk	AJ0	RSSB	89	shave_says:𐑧𐑐𐑦𐑕𐑑𐑧𐑥𐑦𐑒
epistemological	𐑦𐑐𐑦𐑕𐑑𐑩𐑥𐑩𐑤𐑪𐑡𐑦𐑒𐑩𐑤	ɪˌpɪstəməˈlɒdʒɪkəl	AJ0	RSSB	89	shave_says:[𐑧𐑐𐑦𐑕𐑑𐑧𐑥𐑩𐑤𐑪𐑡𐑦𐑒𐑩𐑤 / 𐑰𐑐𐑰𐑕𐑑𐑩𐑥𐑩𐑤𐑪𐑡𐑦𐑒𐑩𐑤 / 𐑧𐑐𐑦𐑕𐑑𐑰𐑥𐑦𐑴𐑤𐑪𐑡𐑦𐑒𐑩𐑤]
epistemology	𐑦𐑐𐑦𐑕𐑑𐑩𐑥𐑪𐑤𐑩𐑡𐑦	ɪˌpɪstəˈmɒlədʒi	NN1	GenAm	89	shave_says:[𐑧𐑐𐑦𐑕𐑑𐑧𐑥𐑪𐑤𐑩𐑡𐑦 / 𐑧𐑐𐑦𐑕𐑑𐑰𐑥𐑦𐑪𐑤𐑩𐑡𐑦 / 𐑧𐑐𐑦𐑕𐑑𐑰𐑥𐑦𐑩𐑤𐑪𐑜𐑦 / 𐑰𐑐𐑰𐑕𐑑𐑩𐑥𐑪𐑤𐑩𐑡𐑦]
epitaxy	𐑧𐑐𐑩𐑑𐑨𐑒𐑕𐑦	ˈepətæksi	NN1	RSSB	89	shave_says:[𐑧𐑐𐑦𐑑𐑨𐑒𐑕𐑦 / 𐑰𐑐𐑦𐑑𐑨𐑒𐑕𐑦 / 𐑧𐑐𐑲𐑑𐑨𐑒𐑕𐑦]
epithalamium	𐑧𐑐𐑦𐑔𐑩𐑤𐑱𐑥𐑾𐑥	epɪθəˈleɪmɪəm	NN1	RSSB	89	shave_says:[𐑧𐑐𐑦𐑔𐑨𐑤𐑩𐑥𐑦𐑩𐑥 / 𐑧𐑐𐑦𐑔𐑩𐑤𐑱𐑥𐑦𐑩𐑥 / 𐑧𐑐𐑦𐑔𐑩𐑤𐑱𐑥𐑦𐑵𐑥 / 𐑰𐑐𐑲𐑔𐑷𐑤𐑱𐑥𐑦𐑩𐑥]
epithelium	𐑧𐑐𐑦𐑔𐑰𐑤𐑾𐑥	ˌepɪˈθiːlɪəm	NN1	RSSB	89	shave_says:[𐑧𐑐𐑦𐑔𐑰𐑤𐑦𐑩𐑥 / 𐑰𐑐𐑦𐑔𐑩𐑤𐑦𐑩𐑥 / 𐑧𐑐𐑦𐑔𐑩𐑤𐑦𐑩𐑥]
epizootic	𐑧𐑐𐑦𐑟𐑩𐑢𐑪𐑑𐑦𐑒	epɪzəˈwɒtɪk	AJ0	RSSB	89	shave_says:[𐑧𐑐𐑦𐑟𐑵𐑑𐑦𐑒 / 𐑰𐑐𐑦𐑟𐑵𐑑𐑦𐑒 / 𐑧𐑐𐑲𐑟𐑵𐑑𐑦𐑒]
epsilon	𐑧𐑐𐑕𐑲𐑤𐑩𐑯	epˈsaɪlən	NN1	RSSB	89	shave_says:𐑧𐑐𐑕𐑦𐑤𐑪𐑯
equanimous	𐑦𐑒𐑢𐑨𐑯𐑦𐑥𐑩𐑕	ɪˈkwænɪməs	AJ0	RSSB	89	shave_says:[𐑧𐑒𐑢𐑩𐑯𐑦𐑥𐑩𐑕 / 𐑰𐑒𐑢𐑭𐑯𐑦𐑥𐑩𐑕 / 𐑧𐑒𐑢𐑩𐑯𐑦𐑥𐑴𐑩𐑕]
erasmus	𐑦𐑮𐑨𐑟𐑥𐑩𐑕	ɪræzməs	NN1	RSSB	89	shave_says:𐑼𐑨𐑕𐑥𐑩𐑕
eremitic	𐑧𐑮𐑩𐑥𐑦𐑑𐑦𐑒	erəmɪtɪk	AJ0	RSSB	89	shave_says:𐑧𐑮𐑦𐑥𐑲𐑑𐑦𐑒
eremitical	𐑧𐑮𐑩𐑥𐑦𐑑𐑦𐑒𐑩𐑤	erəmɪtɪkəl	AJ0	RSSB	89	shave_says:[𐑧𐑮𐑦𐑥𐑲𐑑𐑦𐑒𐑩𐑤 / 𐑰𐑮𐑰𐑥𐑦𐑑𐑦𐑒𐑩𐑤]
erethism	𐑧𐑮𐑦𐑔𐑦𐑟𐑩𐑥	erɪθɪzəm	NN1	RSSB	89	shave_says:[𐑰𐑮𐑦𐑔𐑦𐑟𐑩𐑥 / 𐑺𐑩𐑔𐑦𐑟𐑩𐑥]
ergot	𐑻𐑜𐑩𐑑	ɜːRɡət	NN1	RSSB	89	shave_says:𐑻𐑜𐑪𐑑
erie	𐑦𐑮𐑦	ˈɪri	NN1	GenAm	89	shave_says:𐑽𐑦
errhine	𐑧𐑮𐑲𐑯	ˈeraɪn	AJ0	RSSB	89	shave_says:𐑰𐑮𐑲𐑯
ersatz	𐑻𐑕𐑨𐑑𐑕	ˈɜːRsæts	AJ0	GenAm	89	shave_says:𐑺𐑕𐑭𐑑𐑕
erstwhile	𐑼𐑕𐑑𐑢𐑲𐑤	ˈəRstwaɪl	AJ0	GenAm	89	shave_says:𐑻𐑕𐑑𐑢𐑲𐑤
eryngo	𐑰𐑮𐑦𐑙𐑜𐑴	iːˈrɪŋɡəʊ	NN1	RSSB	89	shave_says:[𐑧𐑮𐑦𐑯𐑜𐑴 / 𐑺𐑦𐑙𐑴 / 𐑰𐑮𐑦𐑯𐑜𐑴]
erythroid	𐑦𐑮𐑦𐑔𐑮𐑶𐑛	ɪˈrɪθrɔɪd	AJ0	RSSB	89	shave_says:[𐑼𐑦𐑔𐑮𐑶𐑛 / 𐑼𐑦𐑔𐑮𐑴𐑦𐑛]
erythromycin	𐑦𐑮𐑦𐑔𐑮𐑩𐑥𐑲𐑕𐑦𐑯	ɪrɪθrəmaɪsɪn	NN1	RSSB	89	shave_says:𐑼𐑦𐑔𐑮𐑴𐑥𐑲𐑕𐑩𐑯
erythromycin	𐑦𐑮𐑦𐑔𐑮𐑩𐑥𐑲𐑕𐑩𐑯	ɪˌrɪθrəˈmaɪsən	NN1	GenAm	89	shave_says:𐑼𐑦𐑔𐑮𐑴𐑥𐑲𐑕𐑩𐑯
erythropoietin	𐑦𐑮𐑦𐑔𐑮𐑩𐑐𐑶𐑦𐑑𐑦𐑯	ɪrɪθrəpɔɪɪtɪn	NN1	RSSB	89	shave_says:𐑧𐑮𐑦𐑔𐑮𐑴𐑐𐑶𐑑𐑩𐑯
escapology	𐑧𐑕𐑒𐑩𐑐𐑪𐑤𐑩𐑡𐑰	ˈeskəˌpɒlədʒiː	NN1	RSSB	89	shave_says:𐑧𐑕𐑒𐑩𐑐𐑪𐑤𐑩𐑡𐑦
escarole	𐑧𐑕𐑒𐑼𐑴𐑤	ˈeskəroʊl	NN1	GenAm	89	shave_says:𐑧𐑕𐑒𐑸𐑴𐑤
escheat	𐑩𐑕𐑗𐑰𐑑	əsˈtʃiːt	NN1	RSSB	89	shave_says:𐑰𐑖𐑰𐑨𐑑
esmolol	𐑧𐑟𐑥𐑩𐑤𐑪𐑤	ˈezməˌlɒl	NN1	GenAm	89	shave_says:[𐑰𐑕𐑥𐑴𐑤𐑩𐑤 / 𐑧𐑕𐑥𐑴𐑤𐑩𐑤 / 𐑧𐑕𐑥𐑴𐑤𐑴𐑤]
esoterica	𐑰𐑕𐑩𐑑𐑧𐑮𐑦𐑒𐑩	iːsəterɪkə	NN1	RSSB	89	shave_says:𐑧𐑕𐑴𐑑𐑧𐑮𐑦𐑒𐑩
esoterica	𐑧𐑕𐑫𐑑𐑧𐑮𐑦𐑒𐑩	esʊˈterɪkə	NN1	GenAm	89	shave_says:𐑧𐑕𐑴𐑑𐑧𐑮𐑦𐑒𐑩
esotropia	𐑧𐑕𐑴𐑑𐑮𐑴𐑐𐑦𐑩	ˈesoʊˌtroʊpi+ə	NN1	GenAm	89	shave_says:𐑰𐑕𐑪𐑑𐑮𐑴𐑐𐑦𐑩
estazolam	𐑧𐑕𐑑𐑨𐑟𐑩𐑤𐑨𐑥	eˈstæzəˌlæm	NN1	GenAm	89	shave_says:[𐑧𐑕𐑑𐑱𐑟𐑴𐑤𐑩𐑥 / 𐑧𐑕𐑑𐑱𐑟𐑩𐑤𐑩𐑥 / 𐑰𐑕𐑑𐑱𐑖𐑩𐑯𐑟𐑴𐑤𐑩𐑥]
estival	𐑰𐑕𐑑𐑲𐑝𐑤	iːˈstaɪvl	AJ0	RSSB	89	shave_says:[𐑰𐑕𐑑𐑦𐑝𐑩𐑤 / 𐑧𐑕𐑑𐑦𐑝𐑩𐑤]
estradiol	𐑧𐑕𐑑𐑮𐑩𐑛𐑲𐑪𐑤	ˌestrəˈdaɪˌɒl	NN1	GenAm	89	shave_says:𐑦𐑕𐑑𐑮𐑨𐑛𐑦𐑪𐑤
estriol	𐑧𐑕𐑑𐑮𐑲𐑪𐑤	ˈeˌstraɪˌɒl	NN1	GenAm	89	shave_says:[𐑰𐑕𐑑𐑮𐑦𐑩𐑤 / 𐑰𐑕𐑑𐑮𐑦𐑴𐑤]
estrone	𐑧𐑕𐑑𐑮𐑴𐑯	ˈeˌstroʊn	NN1	GenAm	89	shave_says:𐑰𐑕𐑑𐑮𐑢𐑳𐑯
esurient	𐑦𐑕𐑘𐑫𐑼𐑦𐑩𐑯𐑑	ɪsjʊərɪ+ənt	AJ0	RSSB	89	shave_says:𐑰𐑕𐑵𐑮𐑦𐑩𐑯𐑑
esurient	𐑦𐑕𐑫𐑮𐑦𐑩𐑯𐑑	ɪˈsʊri+ənt	AJ0	GenAm	89	shave_says:𐑰𐑕𐑵𐑮𐑦𐑩𐑯𐑑
etanercept	𐑦𐑑𐑨𐑯𐑼𐑕𐑧𐑐𐑑	ɪˈtænəRˌsept	NN1	GenAm	89	shave_says:𐑰𐑑𐑱𐑯𐑼𐑕𐑧𐑐𐑑
etc.	𐑧𐑑𐑕𐑧𐑑𐑮𐑩	ˌetˈsetrə	AV0	RSSB	89	shave_says:𐑯𐑯𐑯.
ethnos	𐑧𐑔𐑯𐑪𐑕	ˈeθnɒs	NN1	RSSB	89	shave_says:𐑧𐑔𐑯𐑴𐑕
ethosuximide	𐑧𐑔𐑩𐑕𐑳𐑒𐑕𐑦𐑥𐑲𐑛	ˌeθəsʌkˈsɪmaɪd	NN1	RSSB	89	shave_says:𐑰𐑔𐑪𐑖𐑫𐑧𐑒𐑕𐑦𐑥𐑲𐑛
ethosuximide	𐑧𐑔𐑴𐑕𐑳𐑒𐑕𐑦𐑥𐑲𐑛	ˌeθoʊˈsʌksɪˌmaɪd	NN1	GenAm	89	shave_says:𐑰𐑔𐑪𐑖𐑫𐑧𐑒𐑕𐑦𐑥𐑲𐑛
ethylene	𐑧𐑔𐑦𐑤𐑰𐑯	ˈeθɪˌliːn	NN1	RSSB	89	shave_says:𐑧𐑔𐑩𐑤𐑰𐑯
etiological	𐑰𐑑𐑾𐑤𐑪𐑡𐑦𐑒𐑩𐑤	ˌiːtɪəˈlɒdʒɪkəl	AJ0	RSSB	89	shave_says:[𐑰𐑑𐑦𐑩𐑤𐑪𐑡𐑦𐑒𐑩𐑤 / 𐑰𐑑𐑲𐑩𐑤𐑪𐑡𐑦𐑒𐑩𐑤]
etna	𐑧𐑑𐑯𐑩	ˈetnə	NN1	RSSB	89	
etonian	𐑰𐑑𐑴𐑯𐑰𐑩𐑯	iːˈtəʊniːən	NN1	RSSB	89	shave_says:𐑧𐑑𐑴𐑯𐑦𐑩𐑯
etude	𐑱𐑑𐑿𐑛	eɪˈtjuːd	NN1	RSSB	89	shave_says:𐑱𐑑𐑵𐑛
etude	𐑱𐑑𐑫𐑛	ˈeɪˌtud	NN1	GenAm	89	shave_says:𐑱𐑑𐑵𐑛
etymon	𐑧𐑑𐑩𐑥𐑪𐑯	ˈetəmɒn	NN1	GenAm	89	shave_says:[𐑧𐑑𐑦𐑥𐑩𐑯 / 𐑰𐑑𐑲𐑥𐑩𐑯]
eudaemon	𐑘𐑫𐑛𐑦𐑥𐑩𐑯	juˈdimən	NN1	RSSB	89	shave_says:𐑿𐑛𐑰𐑥𐑩𐑯
eudaemonic	𐑿𐑛𐑦𐑥𐑪𐑯𐑦𐑒	ˌjuːdɪˈmɒnɪk	AJ0	RSSB	89	shave_says:[𐑿𐑛𐑰𐑥𐑩𐑯𐑦𐑒 / 𐑰𐑳𐑛𐑰𐑥𐑪𐑯𐑦𐑒]
eudaemonic	𐑘𐑫𐑑𐑦𐑥𐑪𐑯𐑦𐑒	ˌjutɪˈmɒnɪk	AJ0	GenAm	89	shave_says:[𐑿𐑛𐑰𐑥𐑩𐑯𐑦𐑒 / 𐑰𐑳𐑛𐑰𐑥𐑪𐑯𐑦𐑒]
eugenic	𐑿𐑡𐑧𐑯𐑦𐑒	juːˈdʒenɪk	AJ0	RSSB	89	shave_says:𐑿𐑡𐑰𐑯𐑦𐑒
euglena	𐑿𐑜𐑤𐑰𐑯𐑩	juːˈɡliːnə	NN1	RSSB	89	shave_says:[𐑰𐑿𐑜𐑤𐑧𐑯𐑩 / 𐑿𐑜𐑤𐑧𐑯𐑩 / 𐑰𐑳𐑜𐑤𐑰𐑯𐑩]
eukaryote	𐑘𐑫𐑒𐑨𐑮𐑦𐑴𐑑	juˈkæri+əʊt	NN1	RSSB	89	shave_says:[𐑿𐑒𐑺𐑦𐑴𐑑𐑱 / 𐑰𐑿𐑒𐑼𐑦𐑴𐑑]
eumenides	𐑘𐑫𐑥𐑧𐑯𐑦𐑛𐑰𐑟	juˈmenɪdiːz	NN1	RSSB	89	shave_says:𐑿𐑥𐑧𐑯𐑦𐑛𐑰𐑟
euphonious	𐑿𐑓𐑴𐑯𐑦𐑩𐑕	juːˈfəʊnɪ+əs	AJ0	RSSB	89	shave_says:𐑿𐑓𐑩𐑯𐑦𐑩𐑕
euphonious	𐑘𐑫𐑓𐑴𐑯𐑦𐑩𐑕	juˈfoʊni+əs	AJ0	GenAm	89	shave_says:𐑿𐑓𐑩𐑯𐑦𐑩𐑕
euphoriant	𐑘𐑫𐑓𐑷𐑮𐑦𐑩𐑯𐑑	jufɔri+ənt	AJ0	RSSB	89	shave_says:𐑿𐑓𐑹𐑾𐑯𐑑
eurafrican	𐑘𐑫𐑼𐑨𐑓𐑮𐑦𐑒𐑩𐑯	jʊəræfrɪkən	AJ0	RSSB	89	shave_says:[𐑰𐑻𐑨𐑓𐑮𐑦𐑒𐑩𐑯 / 𐑿𐑸𐑱𐑧𐑓𐑮𐑦𐑒𐑩𐑯]
eutectic	𐑘𐑫𐑑𐑧𐑒𐑑𐑦𐑒	juˈtektɪk	NN1	GenAm	89	shave_says:[𐑿𐑑𐑧𐑒𐑑𐑦𐑒 / 𐑰𐑿𐑑𐑧𐑒𐑑𐑦𐑒]
eutrophic	𐑿𐑑𐑮𐑪𐑓𐑦𐑒	juːˈtrɒfɪk	AJ0	GenAm	89	shave_says:[𐑰𐑿𐑑𐑮𐑴𐑓𐑦𐑒 / 𐑰𐑵𐑑𐑮𐑴𐑓𐑦𐑒]
evanesce	𐑰𐑝𐑩𐑯𐑧𐑕	ˌiːvəˈnes	VVI	RSSB	89	shave_says:[𐑧𐑝𐑩𐑯𐑧𐑕 / 𐑰𐑝𐑱𐑯𐑟𐑩𐑕]
eventuate	𐑦𐑝𐑧𐑯𐑑𐑿𐑱𐑑	ɪˈventjuːeɪt	VVI	RSSB	89	shave_says:[𐑦𐑝𐑧𐑯𐑗𐑫𐑱𐑑 / 𐑰𐑝𐑧𐑯𐑗𐑫𐑱𐑑]
evert	𐑦𐑝𐑻𐑑	ɪvɜːRt	VVI	RSSB	89	shave_says:𐑧𐑝𐑼𐑑
evert	𐑰𐑝𐑻𐑑	iːˈvɜːRt	VVI	GenAm	89	shave_says:𐑧𐑝𐑼𐑑
evidential	𐑧𐑝𐑦𐑛𐑩𐑯𐑗𐑩𐑤	ˌevɪˈdəntʃəl	AJ0	RSSB	89	shave_says:𐑧𐑝𐑦𐑛𐑩𐑯𐑑𐑦𐑩𐑤
evitable	𐑧𐑝𐑦𐑑𐑩𐑚𐑤	ˈevɪtəbl	AJ0	GenAm	89	shave_says:[𐑧𐑝𐑦𐑑𐑩𐑚𐑩𐑤 / 𐑰𐑝𐑰𐑑𐑩𐑚𐑩𐑤 / 𐑰𐑝𐑲𐑑𐑩𐑚𐑩𐑤 / 𐑧𐑝𐑦𐑑𐑩𐑚𐑩𐑤]
ew	𐑦𐑫	ɪʊ	NN1	RSSB	89	shave_says:𐑰𐑵
examen	𐑦𐑜𐑟𐑱𐑥𐑩𐑯	ɪɡˈzeɪmən	NN1	RSSB	89	shave_says:[𐑦𐑜𐑟𐑨𐑥𐑩𐑯 / 𐑦𐑒𐑕𐑭𐑥𐑧𐑯 / 𐑧𐑒𐑕𐑩𐑥𐑧𐑯 / 𐑧𐑒𐑕𐑱𐑥𐑩𐑯]
exceedance	𐑧𐑒𐑕𐑰𐑛𐑩𐑯𐑕	ekˈsiːdəns	NN1	RSSB	89	shave_says:[𐑦𐑒𐑕𐑰𐑛𐑩𐑯𐑕 / 𐑦𐑒𐑕𐑒𐑰𐑛𐑭𐑯𐑕 / 𐑦𐑒𐑕𐑕𐑱𐑛𐑭𐑯𐑕]
excerption	𐑦𐑒𐑕𐑻𐑐𐑖𐑩𐑯	ɪksɜːRpʃən	NN1	RSSB	89	shave_says:𐑧𐑒𐑕𐑻𐑐𐑑𐑦𐑩𐑯
excruciate	𐑧𐑒𐑕𐑒𐑮𐑫𐑖𐑦𐑱𐑑	ekˈskruʃieɪt	VVI	RSSB	89	shave_says:𐑦𐑒𐑕𐑒𐑮𐑵𐑖𐑦𐑱𐑑
exculpatory	𐑧𐑒𐑕𐑒𐑳𐑤𐑐𐑩𐑑𐑼𐑦	ekskʌlpətəri	AJ0	RSSB	89	shave_says:𐑧𐑒𐑕𐑒𐑳𐑤𐑐𐑱𐑑𐑼𐑦
exculpatory	𐑧𐑒𐑕𐑒𐑳𐑤𐑐𐑩𐑑𐑪𐑮𐑦	eksˈkʌlpəˌtɒri	AJ0	GenAm	89	shave_says:𐑧𐑒𐑕𐑒𐑳𐑤𐑐𐑱𐑑𐑼𐑦
excursus	𐑦𐑒𐑕𐑒𐑻𐑕𐑩𐑕	ɪkskɜːRsəs	NN1	RSSB	89	shave_says:𐑧𐑒𐑕𐑒𐑻𐑕𐑩𐑕
executable	𐑧𐑒𐑕𐑦𐑒𐑿𐑑𐑩𐑚𐑤	ˈeksɪkjuːtəbl	AJ0	RSSB	89	shave_says:[𐑧𐑒𐑕𐑦𐑒𐑿𐑑𐑩𐑚𐑩𐑤 / 𐑧𐑒𐑕𐑦𐑒𐑿𐑑𐑩𐑚𐑩𐑤 / 𐑦𐑜𐑟𐑧𐑒𐑳𐑑𐑩𐑚𐑩𐑤 / 𐑰𐑟𐑰𐑒𐑿𐑑𐑩𐑚𐑩𐑤 / 𐑦𐑒𐑕𐑰𐑕𐑰𐑳𐑑𐑩𐑚𐑩𐑤]
exegete	𐑧𐑒𐑕𐑦𐑡𐑦𐑑	ˈeksɪdʒit	NN1	GenAm	89	shave_says:[𐑧𐑒𐑕𐑦𐑡𐑰𐑑 / 𐑧𐑒𐑕𐑧𐑜𐑰𐑑 / 𐑦𐑒𐑕𐑦𐑜𐑟𐑰𐑑]
exemplar	𐑧𐑜𐑟𐑧𐑥𐑐𐑤𐑼	eɡzempləR	NN1	RSSB	89	shave_says:𐑦𐑜𐑟𐑧𐑥𐑐𐑤𐑸
exemplar	𐑧𐑜𐑟𐑧𐑥𐑐𐑤𐑸	eɡˈzemplɑːR	NN1	GenAm	89	shave_says:𐑦𐑜𐑟𐑧𐑥𐑐𐑤𐑸
exenteration	𐑧𐑒𐑕𐑧𐑯𐑑𐑼𐑱𐑖𐑩𐑯	eksentəreɪʃən	NN1	RSSB	89	shave_says:[𐑦𐑜𐑟𐑧𐑯𐑑𐑼𐑱𐑖𐑩𐑯 / 𐑦𐑒𐑕𐑧𐑯𐑑𐑼𐑱𐑖𐑩𐑯 / 𐑦𐑜𐑟𐑧𐑯𐑑𐑼𐑭𐑑𐑦𐑩𐑯 / 𐑦𐑜𐑟𐑧𐑯𐑑𐑼𐑩𐑑𐑦𐑩𐑯]
exfiltrate	𐑧𐑒𐑕𐑓𐑦𐑤𐑑𐑮𐑱𐑑	ˈeksfɪltreɪt	VVI	RSSB	89	shave_says:𐑦𐑒𐑕𐑓𐑦𐑤𐑑𐑮𐑱𐑑
exfoliate	𐑧𐑒𐑕𐑓𐑴𐑤𐑦𐑱𐑑	eksˈfoʊlieɪt	VVI	GenAm	89	shave_says:𐑦𐑒𐑕𐑓𐑴𐑤𐑦𐑱𐑑
exhortative	𐑦𐑜𐑟𐑷𐑮𐑑𐑩𐑑𐑦𐑝	ɪɡzɔrtətɪv	AJ0	RSSB	89	shave_says:𐑦𐑒𐑕𐑣𐑹𐑑𐑩𐑑𐑦𐑝
exiguity	𐑧𐑜𐑟𐑦𐑜𐑘𐑫𐑦𐑑𐑦	eɡziˈɡjuiti	NN1	GenAm	89	shave_says:[𐑧𐑜𐑟𐑦𐑜𐑿𐑦𐑑𐑦 / 𐑧𐑜𐑟𐑦𐑜𐑿𐑲𐑑𐑦 / 𐑰𐑖𐑰𐑜𐑲𐑑𐑦]
exocet	𐑧𐑒𐑕𐑴𐑕𐑱	ˈeksəʊseɪ	NN1	RSSB	89	shave_says:𐑧𐑒𐑕𐑴𐑕𐑧𐑑
exon	𐑧𐑒𐑕𐑪𐑯	ˈeksɒn	NN1	GenAm	89	shave_says:[𐑧𐑒𐑕𐑩𐑯 / 𐑦𐑒𐑕𐑪𐑯]
exorcism	𐑧𐑒𐑕𐑹𐑕𐑦𐑟𐑩𐑥	ˈeksɔːRˌsɪzəm	NN1	GenAm	89	shave_says:𐑧𐑒𐑕𐑼𐑕𐑦𐑟𐑩𐑥
exorcist	𐑧𐑒𐑕𐑹𐑕𐑦𐑕𐑑	ˈeksɔːRˌsɪst	NN1	GenAm	89	shave_says:𐑧𐑒𐑕𐑼𐑕𐑦𐑕𐑑
exoteric	𐑧𐑒𐑕𐑪𐑑𐑧𐑮𐑦𐑒	ˌeksoˈterɪk	AJ0	RSSB	89	shave_says:[𐑦𐑜𐑟𐑪𐑑𐑼𐑦𐑒 / 𐑧𐑒𐑕𐑴𐑑𐑧𐑮𐑦𐑒 / 𐑦𐑒𐑕𐑴𐑑𐑰𐑼𐑦𐑒]
exotropia	𐑧𐑒𐑕𐑴𐑑𐑮𐑴𐑐𐑦𐑩	ˈeksoʊˌtroʊpi+ə	NN1	GenAm	89	shave_says:[𐑧𐑒𐑕𐑴𐑑𐑮𐑪𐑐𐑦𐑩 / 𐑦𐑜𐑟𐑪𐑑𐑮𐑴𐑐𐑦𐑩 / 𐑦𐑜𐑟𐑪𐑑𐑮𐑩𐑐𐑦𐑩]
expansionism	𐑧𐑒𐑕𐑐𐑨𐑯𐑖𐑩𐑯𐑦𐑟𐑩𐑥	ekˈspænʃənɪzəm	NN1	RSSB	89	shave_says:𐑦𐑒𐑕𐑐𐑨𐑯𐑖𐑩𐑯𐑦𐑟𐑩𐑥
expensiveness	𐑧𐑒𐑕𐑐𐑧𐑯𐑕𐑦𐑝𐑯𐑩𐑕	ekˈspensɪvnəs	NN1	RSSB	89	shave_says:𐑦𐑒𐑕𐑐𐑧𐑯𐑕𐑦𐑝𐑯𐑩𐑕
experiential	𐑧𐑒𐑕𐑐𐑽𐑦𐑧𐑯𐑖𐑩𐑤	ekspɪərienʃəl	AJ0	RSSB	89	shave_says:[𐑦𐑒𐑕𐑐𐑽𐑦𐑧𐑯𐑖𐑩𐑤 / 𐑰𐑧𐑒𐑕𐑐𐑽𐑦𐑧𐑯𐑖𐑩𐑤 / 𐑧𐑒𐑕𐑐𐑼𐑦𐑧𐑯𐑖𐑩𐑤 / 𐑦𐑒𐑕𐑐𐑽𐑦𐑩𐑯𐑑𐑦𐑩𐑤]
experiential	𐑦𐑒𐑕𐑐𐑦𐑮𐑦𐑧𐑯𐑖𐑩𐑤	ɪkˌspɪriˈenʃəl	AJ0	GenAm	89	shave_says:[𐑦𐑒𐑕𐑐𐑽𐑦𐑧𐑯𐑖𐑩𐑤 / 𐑰𐑧𐑒𐑕𐑐𐑽𐑦𐑧𐑯𐑖𐑩𐑤 / 𐑧𐑒𐑕𐑐𐑼𐑦𐑧𐑯𐑖𐑩𐑤 / 𐑦𐑒𐑕𐑐𐑽𐑦𐑩𐑯𐑑𐑦𐑩𐑤]
exploitive	𐑦𐑒𐑕𐑐𐑤𐑶𐑑𐑦𐑝	ɪkˈsplɔɪtɪv	AJ0	RSSB	89	shave_says:𐑧𐑒𐑕𐑐𐑤𐑶𐑑𐑦𐑝
exsiccate	𐑧𐑒𐑕𐑦𐑒𐑱𐑑	ˈeksɪkeɪt	VVI	RSSB	89	shave_says:𐑦𐑒𐑕𐑕𐑦𐑒𐑱𐑑
extendable	𐑧𐑒𐑕𐑑𐑧𐑯𐑛𐑩𐑚𐑩𐑤	ekˈstendəbəl	AJ0	RSSB	89	shave_says:[𐑦𐑒𐑕𐑑𐑧𐑯𐑛𐑩𐑚𐑩𐑤 / 𐑦𐑒𐑕𐑑𐑧𐑯𐑛𐑩𐑚𐑩𐑤]
exteriorization	𐑦𐑒𐑕𐑑𐑦𐑮𐑽𐑦𐑟𐑱𐑖𐑩𐑯	ɪkˌstɪriəRɪˈzeɪʃən	NN1	GenAm	89	shave_says:[𐑦𐑒𐑕𐑑𐑽𐑽𐑲𐑟𐑱𐑖𐑩𐑯 / 𐑦𐑒𐑕𐑑𐑽𐑽𐑲𐑟𐑭𐑑𐑦𐑩𐑯 / 𐑦𐑒𐑕𐑑𐑽𐑽𐑲𐑟𐑩𐑑𐑦𐑩𐑯 / 𐑦𐑒𐑕𐑑𐑽𐑽𐑦𐑟𐑱𐑖𐑩𐑯 / 𐑦𐑒𐑕𐑑𐑧𐑮𐑦𐑼𐑲𐑟𐑱𐑖𐑩𐑯]
externality	𐑧𐑒𐑕𐑑𐑼𐑯𐑨𐑤𐑦𐑑𐑦	ekstəRˈnælɪti	NN1	GenAm	89	shave_says:𐑦𐑒𐑕𐑑𐑻𐑯𐑩𐑤𐑦𐑑𐑦
extraneousness	𐑧𐑒𐑕𐑑𐑮𐑱𐑯𐑦𐑩𐑕𐑯𐑩𐑕	ekstreɪni+əsnəs	NN1	RSSB	89	shave_says:𐑦𐑒𐑕𐑑𐑮𐑱𐑯𐑾𐑕𐑯𐑩𐑕
extraneousness	𐑦𐑒𐑕𐑑𐑮𐑱𐑯𐑦𐑩𐑕𐑯𐑩𐑕	ɪkˈstreɪni+əsnəs	NN1	GenAm	89	shave_says:𐑦𐑒𐑕𐑑𐑮𐑱𐑯𐑾𐑕𐑯𐑩𐑕
extravasate	𐑦𐑒𐑕𐑑𐑮𐑨𐑝𐑩𐑕𐑱𐑑	ɪkstrævəseɪt	VVI	RSSB	89	shave_says:[𐑧𐑒𐑕𐑑𐑮𐑩𐑝𐑭𐑟𐑱𐑑 / 𐑧𐑒𐑕𐑑𐑮𐑩𐑝𐑱𐑕𐑱𐑑 / 𐑦𐑒𐑕𐑑𐑮𐑨𐑝𐑱𐑕𐑱𐑑 / 𐑧𐑒𐑕𐑑𐑮𐑩𐑝𐑩𐑟𐑱𐑑]
extroverted	𐑧𐑒𐑕𐑑𐑮𐑩𐑝𐑼𐑑𐑩𐑛	ˈekstrəˌvərtƏd	AJ0	GenAm	89	shave_says:𐑧𐑒𐑕𐑑𐑮𐑩𐑝𐑻𐑑𐑩𐑛
exudate	𐑧𐑒𐑕𐑘𐑩𐑛𐑱𐑑	ˈeksjədeɪt	NN1	RSSB	89	shave_says:[𐑦𐑜𐑟𐑵𐑛𐑱𐑑 / 𐑦𐑒𐑕𐑳𐑛𐑱𐑑]
exuviate	𐑦𐑜𐑟𐑿𐑝𐑦𐑱𐑑	ɪɡˈzjuːvɪeɪt	VVI	RSSB	89	
exuviate	𐑧𐑒𐑕𐑵𐑝𐑦𐑱𐑑	ekˈsuːvɪeɪt	VVI	GenAm	89	
eyas	𐑲𐑩𐑕	ˈaɪəs	NN1	RSSB	89	
fabulist	𐑓𐑨𐑚𐑘𐑩𐑤𐑦𐑕𐑑	ˈfæbjəlɪst	NN1	RSSB	89	shave_says:[𐑓𐑨𐑚𐑿𐑤𐑦𐑕𐑑 / 𐑓𐑱𐑚𐑵𐑤𐑦𐑕𐑑]
face-off	𐑓𐑱𐑕𐑪𐑓	ˈfeɪsˌɒf	NN1	GenAm	89	shave_says:𐑓𐑱𐑕-𐑪𐑓
factorial	𐑓𐑨𐑒𐑑𐑹𐑦𐑩𐑤	fæktɔːri+əl	AJ0	RSSB	89	shave_says:𐑓𐑨𐑒𐑑𐑼𐑦𐑩𐑤
facula	𐑓𐑨𐑒𐑘𐑩𐑤𐑩	ˈfækjələ	NN1	RSSB	89	shave_says:[𐑓𐑭𐑒𐑿𐑤𐑩 / 𐑓𐑭𐑒𐑵𐑤𐑩]
fagot	𐑓𐑨𐑜𐑩𐑑	ˈfæɡət	NN1	RSSB	89	shave_says:𐑓𐑨𐑜𐑴
falafel	𐑓𐑩𐑤𐑪𐑓𐑩𐑤	fəˈlɒfəl	NN1	GenAm	89	shave_says:𐑓𐑩𐑤𐑭𐑓𐑩𐑤
falchion	𐑓𐑷𐑤𐑖𐑩𐑯	ˈfɔːlʃən	NN1	RSSB	89	shave_says:𐑓𐑨𐑤𐑒𐑦𐑩𐑯
falchion	𐑓𐑪𐑤𐑗𐑩𐑯	ˈfɒltʃən	NN1	GenAm	89	shave_says:𐑓𐑨𐑤𐑒𐑦𐑩𐑯
falciform	𐑓𐑨𐑤𐑕𐑦𐑓𐑹𐑥	ˈfælsɪfɔːRm	AJ0	GenAm	89	shave_says:[𐑓𐑨𐑤𐑒𐑦𐑓𐑹𐑥 / 𐑓𐑨𐑤𐑒𐑦𐑓𐑼𐑥]
faq	𐑧𐑓𐑱𐑒𐑿	efeɪkjuː	NN1	RSSB	89	shave_says:𐑓𐑨𐑒
faqir	𐑓𐑩𐑒𐑽	fəkɪəR	NN1	RSSB	89	shave_says:𐑓𐑭𐑒𐑽
farfalle	𐑓𐑸𐑓𐑪𐑤𐑱	fɑːRˈfɒleɪ	NN1	GenAm	89	shave_says:𐑓𐑸𐑓𐑭𐑤𐑧
faroese	𐑓𐑧𐑮𐑴𐑰𐑟	ˌferoʊˈiːz	NN1	GenAm	89	shave_says:𐑓𐑺𐑴𐑰𐑟
fascicle	𐑓𐑨𐑕𐑦𐑒𐑩𐑤	ˈfæsɪkəl	NN1	RSSB	89	shave_says:[𐑓𐑨𐑖𐑦𐑒𐑩𐑤 / 𐑓𐑨𐑖𐑦𐑒𐑩𐑤]
fasciola	𐑓𐑩𐑕𐑰𐑩𐑤𐑩	fəˈsiːələ	NN1	GenAm	89	shave_says:[𐑓𐑭𐑕𐑦𐑴𐑤𐑩 / 𐑓𐑭𐑕𐑦𐑩𐑤𐑩]
fastigiate	𐑓𐑨𐑕𐑑𐑦𐑡𐑦𐑦𐑑	fæˈstɪdʒiɪt	AJ0	RSSB	89	shave_says:𐑓𐑭𐑕𐑑𐑦𐑜𐑦𐑱𐑑
fatwa	𐑓𐑨𐑑𐑢𐑭	ˈfætwɑː	NN1	RSSB	89	shave_says:𐑓𐑭𐑑𐑢𐑩
fatwa	𐑓𐑨𐑑𐑢𐑪	ˈfætwɒ	NN1	GenAm	89	shave_says:𐑓𐑭𐑑𐑢𐑩
faubourg	𐑓𐑴𐑚𐑫𐑼𐑜	fəʊbʊəRɡ	NN1	RSSB	89	shave_says:𐑓𐑴𐑚𐑵𐑼
fauces	𐑓𐑷𐑕𐑰𐑟	fɔːsiːz	NN1	RSSB	89	
faustian	𐑓𐑬𐑕𐑑𐑾𐑯	ˈfaʊstiən	AJ0	GenAm	89	shave_says:𐑓𐑬𐑕𐑑𐑦𐑩𐑯
fauteuil	𐑓𐑴𐑑𐑻𐑦	fəʊˈtɜːi	NN1	RSSB	89	shave_says:𐑓𐑴𐑑𐑩𐑵𐑦𐑤
fauteuil	𐑓𐑴𐑑𐑦𐑤	ˈfoʊtɪl	NN1	GenAm	89	shave_says:𐑓𐑴𐑑𐑩𐑵𐑦𐑤
fecula	𐑓𐑧𐑒𐑘𐑩𐑤𐑩	ˈfekjələ	NN1	RSSB	89	shave_says:[𐑓𐑧𐑒𐑿𐑤𐑩 / 𐑓𐑧𐑒𐑵𐑤𐑩]
feculent	𐑓𐑧𐑒𐑘𐑩𐑤𐑩𐑯𐑑	ˈfekjələnt	AJ0	RSSB	89	shave_says:𐑓𐑧𐑒𐑿𐑤𐑩𐑯𐑑
fedora	𐑓𐑦𐑛𐑹𐑩	fɪdɔːrə	NN1	RSSB	89	shave_says:𐑓𐑧𐑛𐑹𐑩
feijoa	𐑓𐑱𐑠𐑴𐑩	feɪˈʒoʊə	NN1	RSSB	89	
fellatio	𐑓𐑩𐑤𐑱𐑖𐑦𐑴	fəˈleɪʃioʊ	NN1	GenAm	89	shave_says:𐑓𐑧𐑤𐑱𐑖𐑴
feminization	𐑓𐑧𐑥𐑦𐑯𐑦𐑟𐑱𐑖𐑩𐑯	ˌfemɪnɪˈzeɪʃən	NN1	GenAm	89	shave_says:[𐑓𐑧𐑥𐑦𐑯𐑲𐑟𐑱𐑖𐑩𐑯 / 𐑓𐑱𐑥𐑲𐑯𐑲𐑟𐑱𐑖𐑩𐑯 / 𐑓𐑱𐑥𐑲𐑯𐑦𐑟𐑱𐑖𐑩𐑯 / 𐑓𐑱𐑥𐑲𐑯𐑲𐑟𐑭𐑑𐑦𐑩𐑯 / 𐑓𐑱𐑥𐑲𐑯𐑲𐑟𐑩𐑑𐑦𐑩𐑯]
fenugreek	𐑓𐑧𐑯𐑘𐑩𐑜𐑮𐑰𐑒	ˈfenjəˌɡriːk	NN1	RSSB	89	shave_says:𐑓𐑰𐑯𐑵𐑜𐑮𐑰𐑒
feria	𐑓𐑧𐑮𐑾	ferɪə	NN1	RSSB	89	shave_says:𐑓𐑻𐑦𐑩
ferial	𐑓𐑧𐑮𐑾𐑤	ferɪəl	AJ0	RSSB	89	shave_says:𐑓𐑻𐑦𐑩𐑤
ferine	𐑓𐑽𐑲𐑯	fɪəraɪn	AJ0	RSSB	89	shave_says:𐑓𐑻𐑰𐑯
fermata	𐑓𐑻𐑥𐑭𐑑𐑩	fɜːrˈmɑːtə	NN1	GenAm	89	shave_says:𐑓𐑼𐑥𐑭𐑑𐑩
ferric	𐑓𐑧𐑮𐑦𐑒	ˈferɪk	AJ0	RSSB	89	shave_says:𐑓𐑻𐑦𐑒
ferrite	𐑓𐑧𐑮𐑲𐑑	ˈferaɪt	NN1	RSSB	89	shave_says:𐑓𐑻𐑲𐑑
festschrift	𐑓𐑧𐑕𐑗𐑮𐑦𐑓𐑑	ˈfestˌʃrɪft	NN1	RSSB	89	shave_says:𐑓𐑧𐑕𐑑𐑖𐑮𐑦𐑓𐑑
festschrift	𐑓𐑧𐑕𐑖𐑮𐑦𐑓𐑑	ˈfesˌʃrɪft	NN1	GenAm	89	shave_says:𐑓𐑧𐑕𐑑𐑖𐑮𐑦𐑓𐑑
fettuccini	𐑓𐑧𐑑𐑩𐑗𐑰𐑯𐑦	ˌfetəˈtʃiːni	NN1	GenAm	89	shave_says:𐑓𐑧𐑑𐑩𐑗𐑰𐑯𐑦𐑦
fibril	𐑓𐑲𐑚𐑮𐑤	faɪbrl	NN1	GenAm	89	shave_says:𐑓𐑦𐑚𐑮𐑦𐑤
fibrosis	𐑓𐑲𐑚𐑮𐑴𐑕𐑦𐑕	faɪˈbroʊsɪs	NN1	GenAm	89	shave_says:𐑓𐑲𐑚𐑮𐑩𐑕𐑦𐑕
fichu	𐑓𐑦𐑖𐑵	ˈfɪʃuː	NN1	GenAm	89	shave_says:𐑓𐑰𐑖𐑵
fictile	𐑓𐑦𐑒𐑑𐑩𐑤	ˈfɪktəl	AJ0	RSSB	89	shave_says:[𐑓𐑦𐑒𐑑𐑲𐑤 / 𐑓𐑦𐑒𐑑𐑦𐑩𐑤]
fictionalization	𐑓𐑦𐑒𐑖𐑩𐑯𐑩𐑤𐑩𐑟𐑱𐑖𐑩𐑯	ˌfɪkʃənələˈzeɪʃən	NN1	GenAm	89	shave_says:𐑓𐑦𐑒𐑖𐑩𐑯𐑩𐑤𐑲𐑟𐑱𐑖𐑩𐑯
fiduciary	𐑓𐑲𐑛𐑿𐑖𐑼𐑦	faɪdjuːʃəri	AJ0	RSSB	89	shave_says:𐑓𐑲𐑛𐑵𐑖𐑦𐑼𐑦
figural	𐑓𐑦𐑜𐑫𐑮𐑩𐑤	fɪɡʊrəl	AJ0	RSSB	89	shave_says:𐑓𐑦𐑜𐑼𐑩𐑤
figural	𐑓𐑦𐑜𐑘𐑼𐑩𐑤	ˈfɪɡjərəl	AJ0	GenAm	89	shave_says:𐑓𐑦𐑜𐑼𐑩𐑤
filarial	𐑓𐑦𐑤𐑺𐑾𐑤	fɪleərɪəl	AJ0	RSSB	89	shave_says:[𐑓𐑲𐑤𐑺𐑦𐑩𐑤 / 𐑓𐑲𐑤𐑼𐑦𐑩𐑤]
filer	𐑓𐑲𐑤𐑼	ˈfaɪləR	NN1	GenAm	89	shave_says:𐑓𐑦𐑤𐑼
fils	𐑓𐑦𐑤𐑕	fɪls	NN1	RSSB	89	shave_says:𐑓𐑦𐑤𐑟
fimbriate	𐑓𐑦𐑥𐑚𐑮𐑦𐑦𐑑	ˈfɪmbriɪt	AJ0	RSSB	89	shave_says:𐑓𐑦𐑥𐑚𐑮𐑦𐑱𐑑
finagle	𐑓𐑦𐑯𐑱𐑜𐑩𐑤	fɪˈneɪɡəl	VVI	RSSB	89	shave_says:𐑓𐑩𐑯𐑱𐑜𐑩𐑤
finocchio	𐑓𐑦𐑯𐑪𐑒𐑾𐑫	fɪˈnɒkɪəʊ	NN1	RSSB	89	shave_says:𐑓𐑲𐑯𐑴𐑒𐑦𐑴
firelock	𐑓𐑲𐑮𐑤𐑪𐑒	ˈfaɪrˌlɒk	NN1	GenAm	89	shave_says:𐑓𐑲𐑼𐑤𐑪𐑒
firewall	𐑓𐑲𐑼𐑢𐑷𐑩𐑤	faɪəRwɔəl	NN1	RSSB	89	shave_says:[𐑓𐑲𐑼𐑢𐑷𐑤 / 𐑓𐑲𐑼𐑵𐑷𐑤]
firewall	𐑓𐑲𐑮𐑢𐑪𐑤	ˈfaɪrˌwɒl	NN1	GenAm	89	shave_says:[𐑓𐑲𐑼𐑢𐑷𐑤 / 𐑓𐑲𐑼𐑵𐑷𐑤]
fixedness	𐑓𐑦𐑒𐑕𐑦𐑛𐑯𐑩𐑕	ˈfɪksɪdnəs	NN1	RSSB	89	shave_says:[𐑓𐑰𐑒𐑕𐑩𐑛𐑯𐑩𐑕 / 𐑓𐑦𐑒𐑕𐑩𐑛𐑯𐑩𐑕 / 𐑓𐑦𐑒𐑕𐑑𐑯𐑩𐑕]
flagitious	𐑓𐑤𐑩𐑡𐑦𐑖𐑩𐑕	fləˈdʒɪʃəs	AJ0	RSSB	89	shave_says:[𐑓𐑤𐑨𐑡𐑦𐑖𐑩𐑕 / 𐑓𐑤𐑨𐑜𐑦𐑖𐑩𐑕 / 𐑓𐑤𐑨𐑡𐑦𐑑𐑦𐑩𐑕 / 𐑓𐑤𐑨𐑡𐑲𐑑𐑦𐑩𐑕 / 𐑓𐑤𐑨𐑡𐑦𐑑𐑦𐑴𐑩𐑕]
flatulent	𐑓𐑤𐑨𐑑𐑘𐑩𐑤𐑩𐑯𐑑	ˈflætjələnt	AJ0	RSSB	89	shave_says:𐑓𐑤𐑨𐑗𐑩𐑤𐑩𐑯𐑑
flavone	𐑓𐑤𐑱𐑝𐑴𐑯	ˈfleɪvəʊn	NN1	RSSB	89	shave_says:[𐑓𐑤𐑱𐑝𐑢𐑳𐑯 / 𐑓𐑤𐑨𐑝𐑢𐑳𐑯]
flaxseed	𐑓𐑤𐑨𐑒𐑕𐑰𐑛	ˈflæksiːd	NN1	RSSB	89	shave_says:𐑓𐑤𐑨𐑒𐑕𐑕𐑰𐑛
flecainide	𐑓𐑤𐑧𐑒𐑱𐑯𐑲𐑛	fleˈkeɪˌnaɪd	NN1	GenAm	89	
fleer	𐑓𐑤𐑽	flɪəR	VVI	RSSB	89	shave_says:𐑓𐑤𐑰𐑮
fleer	𐑓𐑤𐑦𐑮	flɪr	VVI	GenAm	89	shave_says:𐑓𐑤𐑰𐑮
flexuous	𐑓𐑤𐑧𐑒𐑖𐑢𐑩𐑕	ˈflekʃwəs	AJ0	GenAm	89	shave_says:[𐑓𐑤𐑧𐑒𐑖𐑫𐑩𐑕 / 𐑓𐑤𐑧𐑒𐑖𐑫𐑴𐑩𐑕 / 𐑓𐑤𐑧𐑒𐑖𐑫𐑴𐑵𐑟]
flip-flap	𐑓𐑤𐑦𐑐𐑓𐑤𐑨𐑐	flɪpflæp	AV0	RSSB	89	shave_says:𐑓𐑤𐑦𐑐-𐑓𐑤𐑨𐑐
flip-flop	𐑓𐑤𐑦𐑐𐑓𐑤𐑪𐑐	ˈflɪpˌflɒp	NN1	GenAm	89	shave_says:𐑓𐑤𐑦𐑐-𐑓𐑤𐑪𐑐
flocculation	𐑓𐑤𐑪𐑒𐑘𐑩𐑤𐑱𐑖𐑩𐑯	ˌflɒkjəˈleɪʃən	NN1	RSSB	89	shave_says:[𐑓𐑤𐑪𐑒𐑿𐑤𐑱𐑖𐑩𐑯 / 𐑓𐑤𐑪𐑒𐑿𐑤𐑭𐑑𐑦𐑩𐑯 / 𐑓𐑤𐑪𐑒𐑿𐑤𐑩𐑑𐑦𐑩𐑯]
flocculent	𐑓𐑤𐑪𐑒𐑘𐑩𐑤𐑩𐑯𐑑	ˈflɒkjələnt	AJ0	RSSB	89	shave_says:𐑓𐑤𐑪𐑒𐑿𐑤𐑩𐑯𐑑
florescence	𐑓𐑤𐑪𐑮𐑧𐑕𐑩𐑯𐑕	flɒˈresəns	NN1	GenAm	89	shave_says:𐑓𐑤𐑹𐑧𐑕𐑩𐑯𐑕
floridian	𐑓𐑤𐑷𐑮𐑦𐑛𐑦𐑩𐑯	flɔrɪdi+ən	NN1	RSSB	89	shave_says:𐑓𐑤𐑪𐑮𐑦𐑛𐑦𐑩𐑯
florilegium	𐑓𐑤𐑷𐑮𐑩𐑤𐑰𐑡𐑦𐑩𐑥	flɔrəliːdʒi+əm	NN1	RSSB	89	shave_says:𐑓𐑤𐑹𐑦𐑤𐑧𐑜𐑦𐑩𐑥
flub	𐑓𐑤𐑳𐑚	flʌb	NN1	RSSB	89	shave_says:𐑓𐑤𐑵𐑚
flummery	𐑓𐑤𐑳𐑥𐑼𐑦	flʌməri	NN1	RSSB	89	shave_says:[𐑓𐑤𐑵𐑥𐑼𐑦 / 𐑓𐑤𐑩𐑥𐑼𐑦]
flunitrazepam	𐑓𐑤𐑵𐑯𐑲𐑑𐑮𐑱𐑟𐑦𐑐𐑨𐑥	ˌfluːnaɪˈtreɪzɪpam	NN1	RSSB	89	
flunitrazepam	𐑓𐑤𐑫𐑯𐑩𐑑𐑮𐑨𐑟𐑩𐑐𐑨𐑥	ˌflunəˈtræzəˌpæm	NN1	GenAm	89	
fluor	𐑓𐑤𐑫𐑹	fluɔːR	NN1	GenAm	89	shave_says:𐑓𐑤𐑹
fluorapatite	𐑓𐑤𐑫𐑼𐑨𐑐𐑩𐑑𐑲𐑑	flʊəræpətaɪt	NN1	RSSB	89	shave_says:[𐑓𐑤𐑫𐑼𐑱𐑐𐑱𐑑𐑲𐑑 / 𐑓𐑤𐑫𐑼𐑱𐑐𐑨𐑑𐑲𐑑]
fluorite	𐑓𐑤𐑹𐑨𐑦𐑑	ˈflɔːRait	NN1	GenAm	89	shave_says:𐑓𐑤𐑫𐑼𐑲𐑑
fluorouracil	𐑓𐑤𐑫𐑼𐑩𐑘𐑫𐑼𐑩𐑕𐑦𐑤	flʊərəjʊərəsɪl	NN1	RSSB	89	shave_says:[𐑓𐑤𐑫𐑼𐑴𐑘𐑫𐑼𐑩𐑕𐑦𐑤 / 𐑓𐑤𐑫𐑼𐑼𐑩𐑕𐑦𐑤]
fluorouracil	𐑓𐑤𐑫𐑮𐑴𐑘𐑫𐑮𐑩𐑕𐑦𐑤	ˌflʊroʊˈjʊrəˌsɪl	NN1	GenAm	89	shave_says:[𐑓𐑤𐑫𐑼𐑴𐑘𐑫𐑼𐑩𐑕𐑦𐑤 / 𐑓𐑤𐑫𐑼𐑼𐑩𐑕𐑦𐑤]
fluoxetine	𐑓𐑤𐑵𐑪𐑒𐑕𐑩𐑑𐑰𐑯	fluːˈɒksətiːn	NN1	RSSB	89	shave_says:𐑓𐑤𐑵𐑪𐑒𐑕𐑦𐑑𐑰𐑯
fluoxetine	𐑓𐑤𐑫𐑪𐑒𐑕𐑩𐑑𐑰𐑯	fluˈɒksəˌtiːn	NN1	GenAm	89	shave_says:𐑓𐑤𐑵𐑪𐑒𐑕𐑦𐑑𐑰𐑯
fluphenazine	𐑓𐑤𐑵𐑓𐑧𐑯𐑩𐑟𐑰𐑯	fluːˈfenəziːn	NN1	RSSB	89	shave_says:[𐑓𐑤𐑵𐑓𐑰𐑯𐑱𐑟𐑰𐑯 / 𐑓𐑤𐑵𐑓𐑰𐑯𐑩𐑟𐑰𐑯]
flurazepam	𐑓𐑤𐑫𐑮𐑨𐑟𐑩𐑐𐑨𐑥	flʊrˈæzəˌpæm	NN1	GenAm	89	shave_says:𐑓𐑤𐑫𐑼𐑱𐑟𐑐𐑩𐑥
fluxion	𐑓𐑤𐑳𐑒𐑖𐑩𐑯	ˈflʌkʃən	NN1	RSSB	89	shave_says:𐑓𐑤𐑳𐑒𐑕𐑦𐑩𐑯
foehn	𐑓𐑻𐑯	fɜːRn	NN1	GenAm	89	shave_says:𐑓𐑻︀𐑯
folderol	𐑓𐑪𐑤𐑛𐑼𐑩𐑤	fɒldərəl	NN1	RSSB	89	shave_says:𐑓𐑴𐑤𐑛𐑼𐑩𐑤
folderol	𐑓𐑪𐑤𐑛𐑼𐑪𐑤	ˈfɒldərɒl	NN1	GenAm	89	shave_says:𐑓𐑴𐑤𐑛𐑼𐑩𐑤
foliation	𐑓𐑴𐑤𐑦𐑱𐑖𐑯	fəʊlɪˈeɪʃn	NN1	RSSB	89	shave_says:[𐑓𐑴𐑤𐑦𐑱𐑖𐑩𐑯 / 𐑓𐑴𐑤𐑦𐑭𐑑𐑦𐑩𐑯]
fomes	𐑓𐑴𐑥𐑰𐑟	ˈfoʊmiːz	NN1	GenAm	89	shave_says:𐑓𐑴𐑥𐑟
fondue	𐑓𐑪𐑯𐑛𐑵	ˈfɒnduː	NN1	RSSB	89	shave_says:𐑓𐑪𐑯𐑛𐑿
fondue	𐑓𐑪𐑯𐑛𐑫	fɒnˈdu	NN1	GenAm	89	shave_says:𐑓𐑪𐑯𐑛𐑵
footbath	𐑓𐑫𐑑𐑚𐑨𐑔	ˈfʊtbæθ	NN1	GenAm	89	shave_says:[𐑓𐑫𐑑𐑚𐑭𐑔 / 𐑓𐑫𐑑𐑚𐑩𐑔]
forager	𐑓𐑹𐑦𐑡𐑼	ˈfɔːRɪdʒəR	NN1	GenAm	89	shave_says:𐑓𐑪𐑮𐑦𐑡𐑼
foramen	𐑓𐑼𐑱𐑥𐑧𐑯	fəreɪmen	NN1	RSSB	89	shave_says:𐑓𐑹𐑱𐑥𐑦𐑯
foramen	𐑓𐑼𐑱𐑥𐑩𐑯	fəˈreɪmən	NN1	GenAm	89	shave_says:𐑓𐑹𐑱𐑥𐑦𐑯
foraminifer	𐑓𐑪𐑮𐑩𐑥𐑦𐑯𐑦𐑓𐑼	fɒrəmɪnɪfəR	NN1	RSSB	89	shave_says:[𐑓𐑹𐑩𐑥𐑰𐑯𐑦𐑓𐑼 / 𐑓𐑹𐑱𐑥𐑦𐑯𐑦𐑓𐑼]
foraminifer	𐑓𐑹𐑩𐑥𐑦𐑯𐑩𐑓𐑼	ˌfɔːRəˈmɪnəfəR	NN1	GenAm	89	shave_says:[𐑓𐑹𐑩𐑥𐑰𐑯𐑦𐑓𐑼 / 𐑓𐑹𐑱𐑥𐑦𐑯𐑦𐑓𐑼]
foraminifera	𐑓𐑪𐑮𐑩𐑥𐑦𐑯𐑦𐑓𐑼𐑩	fɒrəmɪnɪfərə	NN1	RSSB	89	shave_says:𐑓𐑹𐑩𐑥𐑰𐑯𐑦𐑓𐑼𐑩
foraminifera	𐑓𐑼𐑨𐑥𐑩𐑯𐑦𐑓𐑮𐑩	fəˌræməˈnɪfrə	NN1	GenAm	89	shave_says:𐑓𐑹𐑩𐑥𐑰𐑯𐑦𐑓𐑼𐑩
foreignness	𐑓𐑹𐑩𐑯𐑯𐑩𐑕	ˈfɔːRənnəs	NN1	GenAm	89	shave_says:𐑓𐑪𐑮𐑦𐑯𐑯𐑩𐑕
forensics	𐑓𐑼𐑧𐑯𐑟𐑦𐑒𐑕	fərenzɪks	NN1	RSSB	89	shave_says:𐑓𐑼𐑧𐑯𐑕𐑦𐑒𐑕
forethoughtful	𐑓𐑹𐑔𐑷𐑑𐑓𐑫𐑤	fɔːRθɔːtfʊl	AJ0	RSSB	89	shave_says:𐑓𐑹𐑔𐑷𐑑𐑓𐑩𐑤
forethoughtful	𐑓𐑹𐑔𐑪𐑑𐑓𐑫𐑤	ˈfɔːRθɒtfʊl	AJ0	GenAm	89	shave_says:𐑓𐑹𐑔𐑷𐑑𐑓𐑩𐑤
forint	𐑓𐑪𐑮𐑦𐑯𐑑	ˈfɒrɪnt	NN1	RSSB	89	shave_says:𐑓𐑹𐑦𐑯𐑑
formulaic	𐑓𐑹𐑥𐑘𐑩𐑤𐑱𐑦𐑒	ˌfɔːRmjəˈleɪɪk	AJ0	GenAm	89	shave_says:𐑓𐑹𐑥𐑘𐑩𐑤𐑩𐑦𐑒
foul-up	𐑓𐑬𐑤𐑳𐑐	ˈfaʊlʌp	NN1	RSSB	89	shave_says:𐑓𐑬𐑤-𐑳𐑐
foulard	𐑓𐑵𐑤𐑸𐑛	fuːˈlɑːRd	NN1	GenAm	89	shave_says:[𐑓𐑬𐑤𐑸𐑛 / 𐑓𐑬𐑤𐑼𐑛 / 𐑧𐑓𐑴𐑿𐑤𐑸𐑛]
foumart	𐑓𐑵𐑥𐑼𐑑	fuːməRt	NN1	RSSB	89	shave_says:[𐑓𐑫𐑥𐑸𐑑 / 𐑧𐑓𐑴𐑵𐑥𐑸𐑑 / 𐑓𐑫𐑥𐑼𐑑]
fovea	𐑓𐑴𐑝𐑦𐑩	ˈfəʊvi+ə	NN1	RSSB	89	shave_says:𐑓𐑴𐑝𐑩
francophobe	𐑓𐑮𐑨𐑙𐑒𐑩𐑓𐑴𐑚	ˈfræŋkəfoʊb	NN1	GenAm	89	shave_says:[𐑓𐑮𐑭𐑯𐑒𐑴𐑓𐑴𐑚 / 𐑓𐑮𐑨𐑙𐑒𐑴𐑐𐑰𐑱𐑗𐑴𐑚]
fraudulence	𐑓𐑮𐑷𐑛𐑘𐑩𐑤𐑯𐑕	frɔːdjəlns	NN1	RSSB	89	shave_says:𐑓𐑮𐑷𐑡𐑩𐑤𐑩𐑯𐑕
fraudulence	𐑓𐑮𐑪𐑡𐑩𐑤𐑩𐑯𐑕	ˈfrɒdʒələns	NN1	GenAm	89	shave_says:𐑓𐑮𐑷𐑡𐑩𐑤𐑩𐑯𐑕
frequentative	𐑓𐑮𐑦𐑒𐑢𐑧𐑯𐑑𐑩𐑑𐑦𐑝	frɪkwentətɪv	NN1	RSSB	89	shave_says:[𐑓𐑮𐑰𐑒𐑢𐑩𐑯𐑑𐑩𐑑𐑦𐑝 / 𐑓𐑮𐑰𐑒𐑢𐑩𐑯𐑑𐑱𐑑𐑦𐑝 / 𐑓𐑮𐑰𐑒𐑢𐑩𐑯𐑑𐑨𐑑𐑦𐑝]
freshet	𐑓𐑮𐑧𐑖𐑦𐑑	ˈfreʃɪt	NN1	RSSB	89	shave_says:𐑓𐑮𐑧𐑖𐑩𐑑
fricandeau	𐑓𐑮𐑦𐑒𐑨𐑯𐑛𐑴	ˈfrɪkændəʊ	NN1	RSSB	89	shave_says:[𐑓𐑭𐑞𐑼𐑦𐑒𐑨𐑯𐑛𐑴 / 𐑓𐑭𐑞𐑼𐑦𐑒𐑨𐑯𐑛𐑦𐑩𐑵]
fricandeau	𐑓𐑮𐑦𐑒𐑩𐑯𐑛𐑴	ˈfrɪkənˌdoʊ	NN1	GenAm	89	shave_says:[𐑓𐑭𐑞𐑼𐑦𐑒𐑨𐑯𐑛𐑴 / 𐑓𐑭𐑞𐑼𐑦𐑒𐑨𐑯𐑛𐑦𐑩𐑵]
friesian	𐑓𐑮𐑰𐑠𐑩𐑯	friːʒən	NN1	RSSB	89	shave_says:𐑓𐑮𐑲𐑟𐑦𐑩𐑯
frigorific	𐑓𐑮𐑦𐑜𐑼𐑦𐑓𐑦𐑒	frɪɡərɪfɪk	AJ0	RSSB	89	shave_says:𐑓𐑮𐑲𐑜𐑹𐑦𐑓𐑦𐑒
frisbee	𐑓𐑮𐑦𐑟𐑚𐑦	ˈfrɪzbi	NN1	GenAm	89	shave_says:𐑓𐑮𐑦𐑟𐑚𐑰
frittata	𐑓𐑮𐑦𐑑𐑭𐑑𐑩	fritɑːtə	NN1	RSSB	89	shave_says:[𐑓𐑭𐑞𐑼𐑦𐑑𐑭𐑑𐑩 / 𐑓𐑭𐑞𐑼𐑦𐑑𐑱𐑑𐑩 / 𐑓𐑭𐑞𐑼𐑦𐑑𐑨𐑑𐑩]
friulian	𐑓𐑮𐑰𐑵𐑤𐑾𐑯	friːuːliən	NN1	RSSB	89	shave_says:𐑓𐑮𐑦𐑵𐑤𐑦𐑩𐑯
frumenty	𐑓𐑮𐑵𐑥𐑩𐑯𐑑𐑦	ˈfruːmənti	NN1	GenAm	89	shave_says:𐑓𐑮𐑳𐑥𐑩𐑯𐑑𐑦
ftp	𐑧𐑓𐑑𐑰𐑐𐑰	ˌeftiːˈpiː	NN1	RSSB	89	shave_says:𐑓𐑰𐑑𐑐
fuchs	𐑓𐑿𐑒𐑕	fjuːks	NN1	RSSB	89	shave_says:𐑓𐑵𐑒𐑕
fucked-up	𐑓𐑳𐑒𐑑𐑳𐑐	ˈfʌktˌʌp	AJ0	GenAm	89	shave_says:𐑓𐑳𐑒𐑑-𐑳𐑐
fuckhole	𐑓𐑳𐑒𐑣𐑷𐑤	ˈfʌkhɔl	NN1	RSSB	89	shave_says:[𐑓𐑳𐑒𐑣𐑴𐑤 / 𐑓𐑳𐑒𐑣𐑒𐑴𐑤 / 𐑓𐑳𐑒𐑣𐑒𐑴𐑩𐑤]
fucus	𐑓𐑿𐑒𐑩𐑕	ˈfjuːkəs	NN1	RSSB	89	shave_says:[𐑓𐑳𐑒𐑩𐑕 / 𐑓𐑳𐑒𐑵𐑟]
fugacious	𐑓𐑿𐑜𐑱𐑖𐑩𐑕	fjuːˈɡeɪʃəs	AJ0	RSSB	89	shave_says:[𐑓𐑳𐑜𐑱𐑖𐑩𐑕 / 𐑓𐑳𐑜𐑩𐑕𐑦𐑩𐑕]
fugu	𐑓𐑵𐑜𐑵	ˈfuːɡuː	NN1	RSSB	89	shave_says:𐑓𐑳𐑜𐑵
fula	𐑓𐑵𐑤𐑩	ˈfuːlə	NN1	RSSB	89	shave_says:𐑓𐑫𐑤𐑩
fulgent	𐑓𐑳𐑤𐑡𐑩𐑯𐑑	ˈfʌldʒənt	AJ0	RSSB	89	shave_says:𐑓𐑫𐑤𐑡𐑩𐑯𐑑
fulgid	𐑓𐑳𐑤𐑡𐑩𐑛	ˈfʌldʒƏd	AJ0	RSSB	89	shave_says:𐑓𐑫𐑤𐑡𐑦𐑛
fulgurous	𐑓𐑫𐑤𐑜𐑽𐑩𐑕	ˈfʊlɡɪərəs	AJ0	GenAm	89	shave_says:[𐑓𐑫𐑤𐑜𐑼𐑩𐑕 / 𐑓𐑫𐑤𐑜𐑼𐑴𐑩𐑕 / 𐑓𐑫𐑤𐑜𐑼𐑴𐑵𐑟]
funambulist	𐑓𐑿𐑯𐑨𐑥𐑚𐑘𐑩𐑤𐑦𐑕𐑑	fjuːˈnæmbjəlɪst	NN1	RSSB	89	shave_says:𐑓𐑿𐑯𐑩𐑥𐑚𐑿𐑤𐑦𐑕𐑑
fungal	𐑓𐑳𐑙𐑜𐑩𐑤	ˈfʌŋɡəl	AJ0	RSSB	89	shave_says:𐑓𐑳𐑙𐑩𐑤
funiculus	𐑓𐑘𐑩𐑯𐑦𐑒𐑘𐑩𐑤𐑩𐑕	fjəˈnɪkjələs	NN1	GenAm	89	shave_says:[𐑓𐑿𐑯𐑦𐑒𐑿𐑤𐑩𐑕 / 𐑓𐑿𐑯𐑦𐑒𐑿𐑤𐑵𐑟]
furcate	𐑓𐑻𐑒𐑱𐑑	ˈfɜːRkeɪt	VVI	GenAm	89	shave_says:𐑓𐑼𐑒𐑱𐑑
furfural	𐑓𐑻𐑓𐑼𐑨𐑤	ˈfɜːRfəˌræl	NN1	GenAm	89	
furor	𐑓𐑘𐑫𐑼𐑼	ˈfjʊərəR	NN1	GenAm	89	shave_says:𐑓𐑘𐑫𐑼𐑹
furosemide	𐑓𐑘𐑼𐑴𐑕𐑩𐑥𐑲𐑛	fjəˈroʊsəˌmaɪd	NN1	GenAm	89	shave_says:𐑓𐑘𐑫𐑼𐑴𐑕𐑩𐑥𐑲𐑛
furuncle	𐑓𐑘𐑫𐑼𐑳𐑙𐑒𐑩𐑤	fjʊərʌŋkəl	NN1	RSSB	89	
furuncle	𐑓𐑘𐑼𐑳𐑙𐑒𐑩𐑤	ˈfjərˌʌŋkəl	NN1	GenAm	89	
fuscous	𐑓𐑳𐑕𐑒𐑩𐑕	ˈfʌskəs	AJ0	GenAm	89	
futon	𐑓𐑵𐑑𐑪𐑯	ˈfuːtɒn	NN1	RSSB	89	shave_says:[𐑓𐑵𐑑𐑩𐑯 / 𐑓𐑿𐑑𐑩𐑯 / 𐑓𐑳𐑑𐑩𐑯]
futon	𐑓𐑫𐑑𐑪𐑯	ˈfutɒn	NN1	GenAm	89	shave_says:[𐑓𐑵𐑑𐑩𐑯 / 𐑓𐑿𐑑𐑩𐑯 / 𐑓𐑳𐑑𐑩𐑯]
gaillardia	𐑜𐑱𐑤𐑸𐑛𐑾	ɡeɪlɑːRdɪə	NN1	RSSB	89	shave_says:𐑜𐑲𐑸𐑦𐑩
galago	𐑜𐑩𐑤𐑱𐑜𐑴	ɡəˈleɪɡəʊ	NN1	RSSB	89	shave_says:[𐑜𐑭𐑤𐑩𐑜𐑴 / 𐑜𐑱𐑤𐑨𐑜𐑴]
galangal	𐑜𐑩𐑤𐑨𐑙𐑜𐑩𐑤	ɡəˈlæŋɡəl	NN1	RSSB	89	shave_says:𐑜𐑱𐑤𐑨𐑙𐑩𐑤
galbanum	𐑜𐑨𐑤𐑚𐑩𐑯𐑩𐑥	ˈɡælbənəm	NN1	RSSB	89	shave_says:[𐑜𐑨𐑤𐑚𐑱𐑯𐑩𐑥 / 𐑜𐑨𐑤𐑚𐑨𐑯𐑩𐑥 / 𐑜𐑨𐑤𐑚𐑱𐑯𐑵𐑥]
galingale	𐑜𐑨𐑤𐑦𐑙𐑜𐑱𐑤	ˈɡælɪŋɡeɪl	NN1	RSSB	89	shave_says:[𐑜𐑩𐑤𐑦𐑯𐑜𐑱𐑤 / 𐑜𐑷𐑤𐑦𐑙𐑩𐑩𐑤]
gallimaufry	𐑜𐑨𐑤𐑦𐑥𐑷𐑓𐑮𐑦	ɡalɪmɔːfri	NN1	RSSB	89	shave_says:𐑜𐑨𐑤𐑦𐑥𐑬𐑓𐑮𐑦
galoot	𐑜𐑩𐑤𐑵𐑑	ɡəˈluːt	NN1	RSSB	89	shave_says:[𐑜𐑱𐑤𐑵𐑑 / 𐑜𐑨𐑤𐑵𐑑]
galvanometer	𐑜𐑨𐑤𐑝𐑩𐑯𐑪𐑥𐑩𐑑𐑼	ˌɡælvəˈnɒmətəR	NN1	GenAm	89	shave_says:[𐑜𐑨𐑤𐑝𐑩𐑯𐑪𐑥𐑦𐑑𐑼 / 𐑜𐑨𐑤𐑝𐑱𐑯𐑪𐑥𐑦𐑑𐑼 / 𐑜𐑨𐑤𐑝𐑩𐑯𐑴𐑥𐑰𐑑𐑼 / 𐑜𐑨𐑤𐑝𐑩𐑯𐑩𐑥𐑩𐑑𐑼]
galwegian	𐑜𐑷𐑤𐑢𐑰𐑡𐑩𐑯	ɡɔːlˈwiːdʒən	AJ0	RSSB	89	shave_says:𐑜𐑨𐑤𐑝𐑧𐑜𐑦𐑩𐑯
galwegian	𐑜𐑪𐑤𐑢𐑰𐑡𐑩𐑯	ɡɒlˈwiːdʒən	AJ0	GenAm	89	shave_says:𐑜𐑨𐑤𐑝𐑧𐑜𐑦𐑩𐑯
gamelan	𐑜𐑨𐑥𐑩𐑤𐑨𐑯	ˈɡæməˌlæn	NN1	RSSB	89	shave_says:[𐑜𐑱𐑥𐑤𐑨𐑯 / 𐑜𐑭𐑥𐑰𐑤𐑩𐑯 / 𐑜𐑱𐑥𐑩𐑤𐑩𐑯]
gandhi	𐑜𐑨𐑯𐑛𐑦	ˈɡandi	NN1	RSSB	89	shave_says:𐑜𐑭𐑯𐑛𐑦
ganesha	𐑜𐑩𐑯𐑱𐑖𐑩	ɡəˈneɪʃə	NN1	RSSB	89	shave_says:𐑜𐑭𐑯𐑧𐑖𐑩
ganja	𐑜𐑨𐑯𐑡𐑩	ˈɡændʒə	NN1	RSSB	89	shave_says:𐑜𐑭𐑯𐑡𐑩
ganja	𐑜𐑪𐑯𐑡𐑩	ˈɡɒndʒə	NN1	GenAm	89	shave_says:𐑜𐑭𐑯𐑡𐑩
garget	𐑜𐑸𐑜𐑦𐑑	ɡɑːRɡɪt	NN1	RSSB	89	shave_says:𐑜𐑸𐑜𐑩𐑑
garibaldi	𐑜𐑨𐑮𐑦𐑚𐑨𐑤𐑛𐑦	ɡærɪˈbældi	NN1	RSSB	89	shave_says:𐑜𐑸𐑦𐑚𐑭𐑤𐑛𐑦
garrote	𐑜𐑼𐑪𐑑	ɡərɒt	NN1	RSSB	89	shave_says:𐑜𐑸𐑪𐑑
garuda	𐑜𐑨𐑮𐑫𐑛𐑩	ɡærʊdə	NN1	RSSB	89	shave_says:𐑜𐑸𐑵𐑛𐑩
garuda	𐑜𐑼𐑵𐑛𐑩	ɡəˈruːdə	NN1	GenAm	89	shave_says:𐑜𐑸𐑵𐑛𐑩
gasconade	𐑜𐑨𐑕𐑒𐑩𐑯𐑱𐑛	ɡaskəˈneɪd	NN1	RSSB	89	shave_says:𐑜𐑭𐑕𐑒𐑪𐑯𐑱𐑛
gastrocnemius	𐑜𐑨𐑕𐑑𐑮𐑩𐑒𐑯𐑰𐑥𐑾𐑕	ɡæstrəkniːmiəs	NN1	RSSB	89	shave_says:𐑜𐑨𐑕𐑑𐑮𐑪𐑒𐑯𐑩𐑥𐑦𐑩𐑕
gastropod	𐑜𐑨𐑕𐑑𐑮𐑩𐑐𐑪𐑛	ˈɡæstrəˌpɒd	NN1	GenAm	89	shave_says:[𐑜𐑨𐑕𐑑𐑮𐑴𐑐𐑪𐑛 / 𐑜𐑨𐑕𐑑𐑮𐑪𐑐𐑪𐑛]
gaumless	𐑜𐑷𐑥𐑤𐑩𐑕	ˈɡɔːmləs	AJ0	RSSB	89	shave_says:𐑜𐑬𐑥𐑤𐑩𐑕
gavage	𐑜𐑩𐑝𐑭𐑠	ɡəˈvɑːʒ	NN1	RSSB	89	shave_says:[𐑜𐑱𐑝𐑦𐑡 / 𐑜𐑨𐑝𐑦𐑡]
gazpacho	𐑜𐑩𐑕𐑐𐑭𐑗𐑴	ɡəsˈpɑːtʃəʊ	NN1	RSSB	89	shave_says:𐑜𐑭𐑔𐑐𐑭𐑗𐑴
gean	𐑜𐑰𐑯	ɡiːn	NN1	RSSB	89	shave_says:𐑡𐑦𐑩𐑯
gegenschein	𐑜𐑱𐑜𐑩𐑯𐑖𐑲𐑯	ˈɡeɪɡənˌʃaɪn	NN1	RSSB	89	shave_says:𐑡𐑦𐑡𐑩𐑯𐑖𐑲𐑯
gelid	𐑡𐑧𐑤𐑩𐑛	ˈdʒelƏd	AJ0	RSSB	89	shave_says:𐑡𐑧𐑤𐑦𐑛
gemfibrozil	𐑡𐑧𐑥𐑓𐑲𐑚𐑮𐑩𐑟𐑦𐑤	dʒemˈfaɪbrəˌzɪl	NN1	GenAm	89	
generalship	𐑡𐑧𐑯𐑮𐑩𐑤𐑖𐑦𐑐	dʒenrəlʃɪp	NN1	RSSB	89	shave_says:𐑡𐑧𐑯𐑼𐑩𐑤𐑖𐑦𐑐
geniculate	𐑡𐑦𐑯𐑦𐑒𐑘𐑩𐑤𐑦𐑑	dʒɪˈnɪkjəlɪt	AJ0	RSSB	89	shave_says:[𐑡𐑧𐑯𐑦𐑒𐑿𐑤𐑱𐑑 / 𐑡𐑧𐑯𐑦𐑒𐑵𐑤𐑱𐑑]
geniculate	𐑡𐑩𐑯𐑦𐑒𐑘𐑩𐑤𐑦𐑑	dʒəˈnɪkjəlɪt	AJ0	GenAm	89	shave_says:[𐑡𐑧𐑯𐑦𐑒𐑿𐑤𐑱𐑑 / 𐑡𐑧𐑯𐑦𐑒𐑵𐑤𐑱𐑑]
genitor	𐑡𐑧𐑯𐑦𐑑𐑼	dʒenɪtəR	NN1	RSSB	89	shave_says:𐑡𐑧𐑯𐑦𐑑𐑹
genoese	𐑡𐑧𐑯𐑴𐑰𐑟	ˌdʒenəʊˈiːz	AJ0	RSSB	89	shave_says:𐑡𐑰𐑯𐑴𐑰𐑟
gentamicin	𐑡𐑧𐑯𐑑𐑩𐑥𐑲𐑕𐑦𐑯	dʒentəˈmaɪsɪn	NN1	RSSB	89	shave_says:[𐑡𐑧𐑯𐑑𐑱𐑥𐑦𐑕𐑦𐑯 / 𐑡𐑧𐑯𐑑𐑱𐑥𐑦𐑒𐑦𐑯]
genu	𐑡𐑰𐑯𐑫	ˈdʒiːˌnu	NN1	GenAm	89	shave_says:𐑡𐑧𐑯𐑿
geodesic	𐑡𐑰𐑩𐑛𐑰𐑕𐑦𐑒	ˌdʒiːəˈdiːsɪk	AJ0	RSSB	89	shave_says:𐑡𐑦𐑩𐑛𐑧𐑕𐑦𐑒
geodesy	𐑡𐑰𐑪𐑛𐑦𐑕𐑦	dʒiːˈɒdɪsi	NN1	RSSB	89	shave_says:[𐑡𐑰𐑴𐑛𐑟𐑦 / 𐑡𐑰𐑴𐑛𐑰𐑟𐑦 / 𐑡𐑰𐑴𐑛𐑩𐑰𐑟𐑦]
geodesy	𐑡𐑰𐑪𐑛𐑩𐑕𐑦	dʒiːˈɒdəsi	NN1	GenAm	89	shave_says:[𐑡𐑰𐑴𐑛𐑟𐑦 / 𐑡𐑰𐑴𐑛𐑰𐑟𐑦 / 𐑡𐑰𐑴𐑛𐑩𐑰𐑟𐑦]
geodetic	𐑡𐑰𐑩𐑛𐑧𐑑𐑦𐑒	ˌdʒiːəˈdetɪk	AJ0	RSSB	89	shave_says:[𐑡𐑰𐑴𐑛𐑧𐑑𐑦𐑒 / 𐑡𐑦𐑪𐑛𐑧𐑑𐑦𐑒 / 𐑡𐑰𐑴𐑛𐑰𐑑𐑦𐑒 / 𐑡𐑰𐑴𐑛𐑩𐑑𐑦𐑒]
geoduck	𐑜𐑵𐑦𐑛𐑳𐑒	ˈɡuːɪdʌk	NN1	RSSB	89	shave_says:[𐑡𐑰𐑴𐑛𐑳𐑒 / 𐑡𐑦𐑪𐑛𐑳𐑒]
geoduck	𐑜𐑫𐑦𐑛𐑩𐑒	ˈɡuiˌdək	NN1	GenAm	89	shave_says:[𐑡𐑰𐑴𐑛𐑳𐑒 / 𐑡𐑦𐑪𐑛𐑳𐑒]
geologic	𐑡𐑰𐑩𐑤𐑪𐑡𐑦𐑒	ˌdʒiː+əˈlɒdʒɪk	AJ0	GenAm	89	shave_says:𐑡𐑦𐑩𐑤𐑪𐑡𐑦𐑒
geometer	𐑡𐑰𐑪𐑥𐑦𐑑𐑼	dʒiːɒmɪtəR	NN1	RSSB	89	shave_says:𐑡𐑦𐑪𐑥𐑦𐑑𐑼
geometer	𐑡𐑰𐑪𐑥𐑩𐑑𐑼	dʒiːˈɒmətəR	NN1	GenAm	89	shave_says:𐑡𐑦𐑪𐑥𐑦𐑑𐑼
geophagia	𐑡𐑾𐑓𐑱𐑡𐑩	dʒiəˈfeɪdʒəˌ	NN1	RSSB	89	shave_says:𐑡𐑰𐑴𐑓𐑱𐑡𐑦𐑩
geophyte	𐑡𐑰𐑩𐑓𐑲𐑑	ˈdʒiːəfaɪt	NN1	RSSB	89	shave_says:𐑡𐑰𐑴𐑓𐑲𐑑
geordie	𐑡𐑹𐑛𐑦	ˈdʒɔːRdi	NN1	GenAm	89	shave_says:[𐑡𐑦𐑹𐑛𐑦 / 𐑡𐑰𐑴𐑮𐑴𐑛𐑦]
geosphere	𐑡𐑰𐑴𐑕𐑓𐑽	dʒiːəʊsfɪəR	NN1	RSSB	89	shave_says:𐑡𐑦𐑩𐑕𐑓𐑽
geotropism	𐑡𐑰𐑸𐑑𐑮𐑪𐑐𐑦𐑟𐑩𐑥	dʒiːɑːRtrɒpɪzəm	NN1	RSSB	89	shave_says:𐑡𐑰𐑴𐑑𐑮𐑴𐑐𐑦𐑟𐑩𐑥
gerenuk	𐑜𐑧𐑮𐑧𐑯𐑵𐑒	ˈɡerenuːk	NN1	RSSB	89	shave_says:𐑡𐑼𐑰𐑯𐑵𐑒
germander	𐑡𐑼𐑥𐑨𐑯𐑛𐑼	dʒəRˈmændəR	NN1	GenAm	89	shave_says:𐑡𐑻𐑥𐑩𐑯𐑛𐑼
gesso	𐑡𐑧𐑕𐑴	ˈdʒesəʊ	NN1	RSSB	89	shave_says:𐑜𐑧𐑕𐑴
gettable	𐑜𐑧𐑛𐑩𐑚𐑩𐑤	ˈɡedəbəl	AJ0	GenAm	89	shave_says:𐑜𐑧𐑑𐑩𐑚𐑩𐑤
gewgaw	𐑜𐑫𐑜𐑪	ˈɡuɡɒ	NN1	GenAm	89	shave_says:𐑜𐑿𐑜𐑷
ghillie	𐑜𐑰𐑤𐑦	ˈɡiːli	NN1	GenAm	89	shave_says:𐑜𐑦𐑤𐑦
giardia	𐑡𐑦𐑸𐑛𐑾	dʒiɑːRdɪə	NN1	RSSB	89	shave_says:𐑡𐑦𐑸𐑛𐑦𐑩
giardia	𐑡𐑰𐑸𐑛𐑾	dʒiːˈɑːRdiə	NN1	GenAm	89	shave_says:𐑡𐑦𐑸𐑛𐑦𐑩
giardiasis	𐑡𐑸𐑛𐑲𐑩𐑕𐑦𐑕	dʒɑːRdaɪəsɪs	NN1	RSSB	89	shave_says:[𐑡𐑦𐑸𐑛𐑲𐑩𐑕𐑦𐑕 / 𐑡𐑦𐑸𐑛𐑦𐑱𐑕𐑦𐑕 / 𐑡𐑦𐑸𐑛𐑦𐑩𐑟𐑦𐑕 / 𐑡𐑦𐑸𐑛𐑦𐑱𐑕𐑦𐑟]
gidgee	𐑜𐑦𐑡𐑦	ˈɡɪdʒi	NN1	RSSB	89	shave_says:𐑜𐑦𐑡𐑰
gig-mill	𐑜𐑦𐑜𐑥𐑦𐑤	ˈɡɪɡmɪl	NN1	RSSB	89	shave_says:𐑜𐑦𐑜-𐑥𐑦𐑤
gigot	𐑡𐑦𐑜𐑩𐑑	ˈdʒɪɡət	NN1	RSSB	89	shave_says:𐑠𐑰𐑜𐑴
gila	𐑣𐑰𐑤𐑩	ˈhiːlə	NN1	RSSB	89	shave_says:𐑜𐑦𐑤𐑩
gillyflower	𐑡𐑦𐑤𐑦𐑓𐑤𐑬𐑼	ˈdʒɪliˌflaʊəR	NN1	GenAm	89	shave_says:[𐑜𐑦𐑤𐑦𐑓𐑤𐑬𐑼 / 𐑜𐑦𐑤𐑦𐑓𐑤𐑴𐑼]
gingerol	𐑡𐑦𐑯𐑡𐑼𐑪𐑤	dʒɪndʒərɒl	NN1	RSSB	89	shave_says:𐑡𐑦𐑯𐑡𐑼𐑩𐑤
gingivitis	𐑡𐑦𐑯𐑡𐑦𐑝𐑲𐑑𐑩𐑕	ˌdʒɪndʒɪˈvaɪtəs	NN1	RSSB	89	shave_says:[𐑡𐑦𐑯𐑡𐑦𐑝𐑲𐑑𐑦𐑕 / 𐑡𐑦𐑯𐑡𐑦𐑝𐑦𐑑𐑦𐑕 / 𐑡𐑦𐑯𐑡𐑦𐑝𐑲𐑑𐑦𐑟]
ginglymus	𐑜𐑦𐑙𐑜𐑤𐑦𐑥𐑩𐑕	ˈɡɪŋɡlɪməs	NN1	RSSB	89	shave_says:[𐑡𐑦𐑙𐑤𐑦𐑥𐑩𐑕 / 𐑡𐑦𐑙𐑤𐑦𐑥𐑵𐑟]
girandole	𐑡𐑦𐑮𐑩𐑯𐑛𐑴𐑤	dʒɪrəndəʊl	NN1	RSSB	89	shave_says:𐑡𐑽𐑩𐑯𐑛𐑴𐑤
glabrescent	𐑜𐑤𐑱𐑚𐑮𐑧𐑕𐑩𐑯𐑑	ɡleɪbresənt	AJ0	RSSB	89	
glabrous	𐑜𐑤𐑨𐑚𐑮𐑩𐑕	ɡlabrəs	AJ0	RSSB	89	
glacially	𐑜𐑤𐑱𐑖𐑾𐑤𐑦	ˈɡleɪʃɪəli	AV0	RSSB	89	shave_says:𐑜𐑤𐑱𐑖𐑩𐑤𐑦
glassless	𐑜𐑤𐑨𐑕𐑤𐑩𐑕	ˈɡlæsləs	AJ0	GenAm	89	shave_says:𐑜𐑤𐑭𐑕𐑤𐑩𐑕
glipizide	𐑜𐑤𐑦𐑐𐑦𐑟𐑲𐑛	ˈɡlɪpɪˌzaɪd	NN1	GenAm	89	shave_says:[𐑜𐑤𐑲𐑐𐑲𐑟𐑲𐑛 / 𐑜𐑤𐑲𐑐𐑦𐑟𐑲𐑛]
globulin	𐑜𐑤𐑪𐑚𐑤𐑘𐑩𐑤𐑦𐑯	ˈɡlɒbljəlɪn	NN1	GenAm	89	shave_says:𐑜𐑤𐑪𐑚𐑿𐑤𐑦𐑯
glogg	𐑜𐑤𐑳𐑜	ɡlʌɡ	NN1	GenAm	89	shave_says:𐑜𐑤𐑪𐑜
glossolalia	𐑜𐑤𐑪𐑕𐑩𐑤𐑱𐑤𐑾	ˌɡlɒsəˈleɪliə	NN1	GenAm	89	shave_says:[𐑜𐑤𐑪𐑕𐑴𐑤𐑩𐑤𐑦𐑩 / 𐑜𐑤𐑪𐑕𐑴𐑤𐑭𐑤𐑦𐑩 / 𐑜𐑤𐑪𐑕𐑩𐑤𐑭𐑤𐑦𐑩]
glossopharyngeal	𐑜𐑤𐑪𐑕𐑩𐑓𐑼𐑦𐑯𐑡𐑦𐑩𐑤	ɡlɒsəfərɪndʒi+əl	AJ0	RSSB	89	shave_says:[𐑜𐑤𐑪𐑕𐑴𐑓𐑨𐑮𐑦𐑯𐑡𐑩𐑤 / 𐑜𐑤𐑪𐑕𐑴𐑓𐑼𐑦𐑙𐑩𐑤]
glossopharyngeal	𐑜𐑤𐑪𐑕𐑴𐑓𐑧𐑮𐑩𐑯𐑡𐑰𐑩𐑤	ˌɡlɒsoʊˌferənˈdʒiː+əl	AJ0	GenAm	89	shave_says:[𐑜𐑤𐑪𐑕𐑴𐑓𐑨𐑮𐑦𐑯𐑡𐑩𐑤 / 𐑜𐑤𐑪𐑕𐑴𐑓𐑼𐑦𐑙𐑩𐑤]
glucagon	𐑜𐑤𐑵𐑒𐑩𐑜𐑩𐑯	ˈɡluːkəɡən	NN1	RSSB	89	shave_says:𐑜𐑤𐑵𐑒𐑨𐑜𐑩𐑯
glucagon	𐑜𐑤𐑫𐑒𐑩𐑜𐑪𐑯	ˈɡlukəˌɡɒn	NN1	GenAm	89	shave_says:𐑜𐑤𐑵𐑒𐑨𐑜𐑩𐑯
glutamine	𐑜𐑤𐑫𐑑𐑩𐑥𐑦𐑯	ˈɡlutəmin	NN1	GenAm	89	shave_says:[𐑜𐑤𐑵𐑑𐑩𐑥𐑰𐑯 / 𐑜𐑤𐑳𐑑𐑩𐑥𐑰𐑯 / 𐑜𐑤𐑵𐑑𐑩𐑥𐑲𐑯 / 𐑜𐑤𐑵𐑑𐑱𐑥𐑰𐑯]
glyburide	𐑜𐑤𐑲𐑚𐑘𐑼𐑲𐑛	ˈɡlaɪbjəˌraɪd	NN1	GenAm	89	shave_says:𐑜𐑤𐑲𐑚𐑼𐑲𐑛
gnocchi	𐑯𐑪𐑒𐑦	ˈnɒki	NN1	RSSB	89	shave_says:𐑯𐑘𐑪𐑒𐑦
gnocchi	𐑯𐑘𐑴𐑒𐑦	ˈnjoʊki	NN1	GenAm	89	shave_says:𐑯𐑘𐑪𐑒𐑦
gnomon	𐑯𐑴𐑥𐑪𐑯	ˈnoʊˌmɒn	NN1	GenAm	89	shave_says:𐑯𐑴𐑥𐑩𐑯
gnostic	𐑯𐑪𐑕𐑑𐑦𐑒	ˈnɒstɪk	AJ0	GenAm	89	shave_says:𐑯𐑷𐑕𐑑𐑦𐑒
gnosticism	𐑯𐑪𐑕𐑑𐑦𐑕𐑦𐑟𐑩𐑥	ˈnɒstɪsɪzəm	NN1	RSSB	89	shave_says:[𐑯𐑷𐑕𐑑𐑦𐑕𐑦𐑟𐑩𐑥 / 𐑯𐑷𐑕𐑑𐑦𐑒𐑦𐑟𐑩𐑥]
gnosticism	𐑯𐑪𐑕𐑑𐑩𐑕𐑦𐑟𐑩𐑥	ˈnɒstəsɪzəm	NN1	GenAm	89	shave_says:[𐑯𐑷𐑕𐑑𐑦𐑕𐑦𐑟𐑩𐑥 / 𐑯𐑷𐑕𐑑𐑦𐑒𐑦𐑟𐑩𐑥]
goby	𐑜𐑩𐑫𐑚𐑦	ˈɡəubɪ	NN1	RSSB	89	shave_says:𐑜𐑪𐑚𐑦
goffer	𐑜𐑪𐑓𐑼	ɡɒfəR	NN1	RSSB	89	shave_says:𐑜𐑴𐑓𐑼
goidelic	𐑜𐑶𐑛𐑧𐑤𐑦𐑒	ɡɔɪˈdelɪk	NN1	RSSB	89	shave_says:𐑜𐑴𐑦𐑛𐑩𐑤𐑦𐑒
goldeneye	𐑜𐑴𐑤𐑛𐑩𐑯𐑭𐑦	ˈɡəʊldənɑːɪ	NN1	RSSB	89	shave_says:𐑜𐑴𐑤𐑛𐑦𐑯𐑲
golgotha	𐑜𐑪𐑤𐑜𐑩𐑔𐑩	ˈɡɒlɡəθə	NN1	RSSB	89	
gonadotrophin	𐑜𐑴𐑯𐑨𐑛𐑩𐑑𐑮𐑴𐑓𐑦𐑯	ɡəʊnadətrəʊfɪn	NN1	RSSB	89	shave_says:𐑜𐑴𐑯𐑨𐑛𐑴𐑑𐑮𐑴𐑓𐑦𐑯
goober	𐑜𐑫𐑚𐑼	ˈɡubər	NN1	GenAm	89	shave_says:𐑜𐑵𐑚𐑼
goofball	𐑜𐑫𐑓𐑚𐑪𐑤	ˈɡufˌbɒl	NN1	GenAm	89	shave_says:𐑜𐑵𐑓𐑚𐑷𐑤
gook	𐑜𐑫𐑒	ɡʊk	NN1	RSSB	89	shave_says:𐑜𐑵𐑒
gorget	𐑜𐑹𐑡𐑦𐑑	ɡɔːRdʒɪt	NN1	RSSB	89	shave_says:[𐑜𐑹𐑡𐑩𐑑 / 𐑜𐑹𐑜𐑩𐑑]
gouda	𐑜𐑬𐑛𐑩	ˈɡaʊdə	NN1	RSSB	89	shave_says:𐑜𐑵𐑛𐑩
gourde	𐑜𐑫𐑼𐑛	ɡʊəRd	NN1	RSSB	89	shave_says:𐑜𐑹𐑛
gourde	𐑜𐑫𐑮𐑛	ɡʊrd	NN1	GenAm	89	shave_says:𐑜𐑹𐑛
graeco-roman	𐑜𐑮𐑰𐑒𐑴𐑮𐑴𐑥𐑩𐑯	ɡriːkəʊrəʊmən	AJ0	RSSB	89	shave_says:𐑜𐑮𐑧𐑒𐑴-𐑮𐑴𐑥𐑩𐑯
graeco-roman	𐑜𐑮𐑧𐑒𐑴𐑮𐑴𐑥𐑩𐑯	ˌɡrekoʊˈroʊmən	AJ0	GenAm	89	shave_says:𐑜𐑮𐑧𐑒𐑴-𐑮𐑴𐑥𐑩𐑯
grama	𐑜𐑮𐑭𐑥𐑩	ɡrɑːmə	NN1	RSSB	89	shave_says:𐑜𐑮𐑨𐑥𐑩
granola	𐑜𐑮𐑩𐑯𐑴𐑤𐑩	ɡrəˈnoʊlə	NN1	GenAm	89	shave_says:[𐑜𐑮𐑱𐑯𐑴𐑤𐑩 / 𐑜𐑮𐑱𐑯𐑩𐑤𐑩]
granulocyte	𐑜𐑮𐑨𐑯𐑘𐑩𐑤𐑴𐑕𐑲𐑑	ɡrænjəloʊsaɪt	NN1	RSSB	89	shave_says:[𐑜𐑮𐑨𐑯𐑿𐑤𐑩𐑕𐑲𐑑 / 𐑜𐑮𐑨𐑯𐑿𐑤𐑴𐑕𐑲𐑑 / 𐑜𐑮𐑱𐑯𐑵𐑤𐑩𐑕𐑲𐑑]
graviton	𐑜𐑮𐑨𐑝𐑦𐑑𐑪𐑯	ˈɡravɪtɒn	NN1	RSSB	89	shave_says:𐑜𐑮𐑨𐑝𐑦𐑑𐑩𐑯
grecism	𐑜𐑮𐑰𐑕𐑦𐑟𐑩𐑥	ɡriːsɪzəm	NN1	RSSB	89	shave_says:𐑜𐑮𐑧𐑒𐑦𐑟𐑩𐑥
greco-roman	𐑜𐑮𐑰𐑒𐑴𐑮𐑴𐑥𐑩𐑯	ɡriːkəʊrəʊmən	AJ0	RSSB	89	shave_says:𐑜𐑮𐑧𐑒𐑴-𐑮𐑴𐑥𐑩𐑯
greco-roman	𐑜𐑮𐑧𐑒𐑴𐑮𐑴𐑥𐑩𐑯	ˌɡrekoʊˈroʊmən	AJ0	GenAm	89	shave_says:𐑜𐑮𐑧𐑒𐑴-𐑮𐑴𐑥𐑩𐑯
griot	𐑜𐑮𐑦𐑴	ˈɡrioʊ	NN1	RSSB	89	shave_says:𐑜𐑮𐑦𐑩𐑑
griseofulvin	𐑜𐑮𐑦𐑟𐑦𐑩𐑓𐑫𐑤𐑝𐑦𐑯	ɡrɪzi+əfʊlvɪn	NN1	RSSB	89	shave_says:𐑜𐑮𐑰𐑟𐑴𐑓𐑩𐑤𐑝𐑦𐑯
griseofulvin	𐑜𐑮𐑦𐑟𐑦𐑴𐑓𐑫𐑤𐑝𐑦𐑯	ˌɡrɪzioʊˈfʊlvɪn	NN1	GenAm	89	shave_says:𐑜𐑮𐑰𐑟𐑴𐑓𐑩𐑤𐑝𐑦𐑯
grissino	𐑜𐑮𐑩𐑕𐑰𐑯𐑴	ɡrəˈsiːnoʊ	NN1	GenAm	89	shave_says:[𐑜𐑮𐑦𐑕𐑰𐑯𐑴 / 𐑜𐑮𐑦𐑕𐑦𐑯𐑴]
grogram	𐑜𐑮𐑪𐑜𐑮𐑩𐑥	ˈɡrɒɡrəm	NN1	GenAm	89	shave_says:𐑜𐑮𐑩𐑜𐑮𐑨𐑥
grommet	𐑜𐑮𐑪𐑥𐑦𐑑	ˈɡrɒmɪt	NN1	GenAm	89	shave_says:𐑜𐑮𐑪𐑥𐑩𐑑
gruyere	𐑜𐑮𐑵𐑘𐑺	ɡruːjeəR	NN1	RSSB	89	shave_says:𐑜𐑮𐑵𐑘𐑧𐑮
gruyere	𐑜𐑮𐑰𐑘𐑧𐑮	ɡriːˈjer	NN1	GenAm	89	shave_says:𐑜𐑮𐑵𐑘𐑧𐑮
guacamole	𐑜𐑢𐑪𐑒𐑩𐑥𐑴𐑤𐑦	ˌɡwɒkəˈmoʊli	NN1	GenAm	89	shave_says:𐑜𐑢𐑭𐑒𐑩𐑥𐑴𐑤𐑦
guaiacum	𐑜𐑢𐑲𐑩𐑒𐑩𐑥	ˈɡwaɪəkəm	NN1	RSSB	89	shave_says:[𐑜𐑵𐑲𐑨𐑒𐑩𐑥 / 𐑜𐑵𐑲𐑨𐑒𐑵𐑥]
guanaco	𐑜𐑢𐑩𐑯𐑭𐑒𐑴	ɡwəˈnɑːkəʊ	NN1	RSSB	89	shave_says:[𐑜𐑢𐑭𐑯𐑩𐑒𐑴 / 𐑜𐑢𐑭𐑯𐑨𐑒𐑴]
gubbins	𐑜𐑳𐑚𐑦𐑯𐑟	ˈɡʌbɪnz	NN1	RSSB	89	shave_says:𐑜𐑵𐑚𐑦𐑯𐑟
guenon	𐑜𐑩𐑯𐑴𐑯	ɡəˈnoʊn	NN1	RSSB	89	shave_says:𐑜𐑢𐑧𐑯𐑪𐑯
guerdon	𐑜𐑻𐑛𐑩𐑯	ˈɡɜːRdən	NN1	GenAm	89	shave_says:𐑜𐑧𐑮𐑛𐑩𐑯
guff	𐑜𐑳𐑓	ɡʌf	NN1	RSSB	89	
gui	𐑡𐑰𐑿𐑲	ˈdʒiːjuːaɪ	NN1	RSSB	89	shave_says:𐑜𐑵𐑦
guilloche	𐑜𐑦𐑤𐑪𐑖	ɡɪˈlɒʃ	NN1	RSSB	89	
guimpe	𐑜𐑦𐑥𐑐	ɡɪmp	NN1	RSSB	89	
gujarati	𐑜𐑫𐑡𐑼𐑭𐑑𐑦	ɡʊdʒərɑːti	NN1	RSSB	89	shave_says:𐑜𐑵𐑡𐑸𐑭𐑑𐑦
gula	𐑜𐑿𐑤𐑩	ˈɡjuːlə	NN1	RSSB	89	shave_says:𐑜𐑵𐑤𐑩
gula	𐑜𐑫𐑤𐑩	ˈɡulə	NN1	GenAm	89	shave_says:𐑜𐑵𐑤𐑩
gulag	𐑜𐑫𐑤𐑭𐑜	ˈɡulɑːɡ	NN1	RSSB	89	shave_says:𐑜𐑵𐑤𐑭𐑜
gumdrop	𐑜𐑳𐑥𐑛𐑮𐑭𐑐	ˈɡʌmdrɑːp	NN1	GenAm	89	shave_says:𐑜𐑳𐑥𐑛𐑮𐑪𐑐
gunnel	𐑜𐑳𐑯𐑤	ˈɡʌnl	NN1	GenAm	89	shave_says:𐑜𐑳𐑯𐑩𐑤
gurnard	𐑜𐑼𐑯𐑼𐑛	ˈɡəRnəRd	NN1	GenAm	89	shave_says:[𐑜𐑻𐑯𐑸𐑛 / 𐑜𐑻𐑯𐑼𐑛]
guttle	𐑜𐑳𐑑𐑤	ˈɡʌtl	VVI	RSSB	89	shave_says:𐑜𐑳𐑑𐑩𐑤
guyot	𐑜𐑰𐑘𐑴	ɡiːˈjoʊ	NN1	GenAm	89	shave_says:𐑜𐑢𐑦𐑴
gymnosophist	𐑡𐑦𐑥𐑯𐑪𐑕𐑩𐑓𐑦𐑕𐑑	dʒɪmˈnɒsəfɪst	NN1	RSSB	89	shave_says:𐑡𐑦𐑥𐑯𐑴𐑟𐑴𐑓𐑦𐑕𐑑
gynecology	𐑜𐑲𐑯𐑦𐑒𐑪𐑤𐑩𐑡𐑦	ˌɡaɪnɪˈkɒlədʒi	NN1	RSSB	89	shave_says:[𐑜𐑲𐑯𐑩𐑒𐑪𐑤𐑩𐑡𐑦 / 𐑜𐑲𐑯𐑩𐑒𐑩𐑤𐑪𐑜𐑦 / 𐑜𐑲𐑯𐑩𐑒𐑴𐑤𐑴𐑜𐑦]
gynecomastia	𐑜𐑲𐑯𐑦𐑒𐑩𐑥𐑨𐑕𐑑𐑾	ˌɡaɪnɪkəˈmæstɪə	NN1	RSSB	89	shave_says:[𐑜𐑲𐑯𐑩𐑒𐑴𐑥𐑩𐑟𐑑𐑦𐑩 / 𐑜𐑲𐑯𐑩𐑒𐑩𐑥𐑨𐑕𐑑𐑦𐑩]
gynecomastia	𐑜𐑲𐑯𐑦𐑒𐑴𐑥𐑨𐑕𐑑𐑾	ˌɡaɪnɪkoʊˈmæstiə	NN1	GenAm	89	shave_says:[𐑜𐑲𐑯𐑩𐑒𐑴𐑥𐑩𐑟𐑑𐑦𐑩 / 𐑜𐑲𐑯𐑩𐑒𐑩𐑥𐑨𐑕𐑑𐑦𐑩]
gyneolatry	𐑡𐑲𐑯𐑦𐑪𐑤𐑩𐑑𐑮𐑦	dʒaɪniɒlətri	NN1	RSSB	89	shave_says:[𐑜𐑲𐑯𐑩𐑪𐑤𐑩𐑑𐑮𐑦 / 𐑜𐑲𐑯𐑩𐑴𐑤𐑨𐑑𐑮𐑦]
gynoecium	𐑜𐑲𐑯𐑰𐑕𐑦𐑩𐑥	ɡaɪˈniːsi+əm	NN1	GenAm	89	
gyrfalcon	𐑡𐑻𐑓𐑷𐑤𐑒𐑩𐑯	dʒɜːRfɔːlkən	NN1	RSSB	89	shave_says:𐑜𐑘𐑽𐑓𐑩𐑤𐑒𐑪𐑯
gyrfalcon	𐑡𐑻𐑓𐑨𐑤𐑒𐑩𐑯	ˈdʒɜːRˌfælkən	NN1	GenAm	89	shave_says:𐑜𐑘𐑽𐑓𐑩𐑤𐑒𐑪𐑯
gyrus	𐑡𐑲𐑮𐑩𐑕	dʒaɪrəs	NN1	RSSB	89	shave_says:[𐑡𐑲𐑼𐑩𐑕 / 𐑜𐑘𐑽𐑩𐑕 / 𐑡𐑲𐑼𐑵𐑟]
ha-ha	𐑣𐑭𐑣𐑭	ˈhɑːhɑː	NN1	RSSB	89	shave_says:𐑣𐑭-𐑣𐑭
ha-ha	𐑣𐑪𐑣𐑪	ˈhɒˌhɒ	NN1	GenAm	89	shave_says:𐑣𐑭-𐑣𐑭
habsburg	𐑣𐑨𐑐𐑕𐑚𐑻𐑜	hæpsbɜːrɡ	NN1	RSSB	89	shave_says:𐑣𐑭𐑐𐑕𐑚𐑼𐑜
hachure	𐑣𐑨𐑖𐑘𐑫𐑼	hæʃjʊəR	NN1	RSSB	89	
hachure	𐑣𐑨𐑖𐑫𐑮	hæˈʃʊr	NN1	GenAm	89	
haecceity	𐑣𐑧𐑒𐑕𐑰𐑩𐑑𐑰	hekˈsiːətiː	NN1	RSSB	89	
haemopoiesis	𐑣𐑰𐑥𐑩𐑐𐑰𐑕𐑦𐑕	hiːməˈpiːsɪs	NN1	RSSB	89	shave_says:[𐑣𐑰𐑥𐑩𐑐𐑶𐑰𐑕𐑦𐑕 / 𐑣𐑰𐑥𐑩𐑐𐑶𐑰𐑟𐑦𐑕 / 𐑣𐑰𐑥𐑩𐑐𐑶𐑟𐑦𐑕 / 𐑣𐑰𐑥𐑩𐑐𐑶𐑰𐑟𐑦𐑟]
haftarah	𐑣𐑩𐑓𐑑𐑸𐑭	həftɑːrɑː	NN1	RSSB	89	shave_says:𐑣𐑭𐑓𐑑𐑼𐑩
hahn	𐑣𐑪𐑯	hɒn	NN1	GenAm	89	shave_says:𐑣𐑭𐑯
haiku	𐑣𐑲𐑒𐑫	ˈhaɪku	NN1	GenAm	89	shave_says:𐑣𐑲𐑒𐑵
hajj	𐑣𐑭𐑠	hɑːʒ	NN1	RSSB	89	
hajji	𐑣𐑨𐑡𐑦	ˈhædʒi	NN1	RSSB	89	shave_says:𐑣𐑭𐑡𐑦
hakka	𐑣𐑪𐑒𐑩	ˈhɒkə	NN1	GenAm	89	shave_says:𐑣𐑭𐑒𐑩
halal	𐑣𐑩𐑤𐑨𐑤	həˈlæl	AJ0	RSSB	89	shave_says:𐑣𐑭𐑤𐑭𐑤
halal	𐑣𐑩𐑤𐑭𐑤	həˈlɑːl	AJ0	GenAm	89	shave_says:𐑣𐑭𐑤𐑭𐑤
half-life	𐑣𐑨𐑓𐑤𐑲𐑓	ˈhæfˌlaɪf	NN1	GenAm	89	shave_says:𐑣𐑨𐑓-𐑤𐑲𐑓
hallowmas	𐑣𐑨𐑤𐑴𐑥𐑩𐑕	ˈhæloʊməs	NN1	GenAm	89	shave_says:𐑣𐑨𐑤𐑴𐑥𐑩𐑟
hallux	𐑣𐑨𐑤𐑩𐑒𐑕	ˈhæləks	NN1	RSSB	89	
halm	𐑣𐑷𐑥	hɔːm	NN1	RSSB	89	shave_says:𐑣𐑨𐑤𐑥
halm	𐑣𐑪𐑥	hɒm	NN1	GenAm	89	shave_says:𐑣𐑨𐑤𐑥
haloperidol	𐑣𐑨𐑤𐑴𐑐𐑧𐑮𐑦𐑛𐑪𐑤	ˌhæloʊˈperɪˌdɒl	NN1	GenAm	89	shave_says:[𐑣𐑨𐑤𐑩𐑐𐑧𐑮𐑦𐑛𐑪𐑤 / 𐑣𐑱𐑤𐑴𐑐𐑼𐑰𐑛𐑴𐑤 / 𐑣𐑱𐑤𐑴𐑐𐑼𐑦𐑛𐑩𐑤]
haltere	𐑣𐑨𐑤𐑑𐑽	hæltɪəR	NN1	RSSB	89	
haltere	𐑣𐑨𐑤𐑑𐑦𐑮	ˈhæltɪr	NN1	GenAm	89	
hamartia	𐑣𐑨𐑥𐑸𐑑𐑰𐑩	ˌhæˌmɑːRˈtiːə	NN1	GenAm	89	shave_says:𐑣𐑩𐑥𐑸𐑑𐑦𐑩
han	𐑣𐑨𐑯	hæn	NN1	RSSB	89	shave_says:𐑣𐑭𐑯
hand-held	𐑣𐑨𐑯𐑛𐑣𐑧𐑤𐑛	ˈhændˌheld	AJ0	RSSB	89	shave_says:𐑣𐑨𐑯𐑛-𐑣𐑧𐑤𐑛
hands-on	𐑣𐑨𐑯𐑛𐑟𐑪𐑯	ˌhændzˈɒn	AJ0	RSSB	89	shave_says:𐑣𐑨𐑯𐑛𐑟-𐑪𐑯
handsomeness	𐑣𐑨𐑯𐑕𐑩𐑥𐑯𐑩𐑕	ˈhænsəmnəs	NN1	RSSB	89	shave_says:[𐑣𐑨𐑯𐑛𐑕𐑩𐑥𐑯𐑩𐑕 / 𐑣𐑨𐑯𐑛𐑕𐑩𐑥𐑩𐑯𐑩𐑕 / 𐑣𐑨𐑯𐑛𐑕𐑳𐑥𐑯𐑩𐑕]
happenstance	𐑣𐑨𐑐𐑯𐑕𐑑𐑨𐑯𐑕	ˈhapnˌstans	NN1	RSSB	89	shave_says:𐑣𐑨𐑐𐑩𐑯𐑕𐑑𐑨𐑯𐑕
hapsburg	𐑣𐑨𐑐𐑕𐑚𐑻𐑜	hæpsbɜːrɡ	NN1	RSSB	89	shave_says:𐑣𐑭𐑐𐑕𐑚𐑼𐑜
hard-on	𐑣𐑸𐑛𐑪𐑯	ˈhɑːRdɒn	NN1	GenAm	89	shave_says:𐑣𐑸𐑛-𐑪𐑯
harken	𐑣𐑸𐑒𐑯	hɑːRkn	VVI	RSSB	89	shave_says:𐑣𐑸𐑒𐑧𐑯
harken	𐑣𐑸𐑒𐑩𐑯	ˈhɑːRkən	VVI	GenAm	89	shave_says:𐑣𐑸𐑒𐑧𐑯
harquebus	𐑣𐑸𐑒𐑦𐑚𐑳𐑕	hɑːRkɪbʌs	NN1	RSSB	89	
hartebeest	𐑣𐑸𐑑𐑩𐑚𐑰𐑕𐑑	hɑːRtəbiːst	NN1	RSSB	89	
hastate	𐑣𐑨𐑕𐑑𐑱𐑑	ˈhæsteɪt	AJ0	RSSB	89	shave_says:𐑣𐑭𐑕𐑑𐑱𐑑
hawse	𐑣𐑪𐑟	hɒz	NN1	GenAm	89	shave_says:𐑣𐑷𐑟
head-to-head	𐑣𐑧𐑛𐑑𐑫𐑣𐑧𐑛	hedtuhed	AJ0	RSSB	89	shave_says:𐑣𐑧𐑛-𐑑-𐑣𐑧𐑛
headlinese	𐑣𐑧𐑛𐑤𐑲𐑯𐑦𐑟	ˌhedlaɪˈniz	NN1	RSSB	89	shave_says:𐑣𐑧𐑛𐑤𐑲𐑯𐑰𐑟
headsail	𐑣𐑧𐑛𐑕𐑩𐑤	ˈhedˌsəl	NN1	RSSB	89	shave_says:[𐑣𐑧𐑛𐑟𐑱𐑤 / 𐑣𐑧𐑛𐑕𐑱𐑤 / 𐑣𐑧𐑛𐑟𐑲𐑤]
heaume	𐑣𐑴𐑥	həʊm	NN1	RSSB	89	shave_says:𐑣𐑱𐑵𐑥
hebdomad	𐑣𐑧𐑚𐑛𐑩𐑥𐑨𐑛	ˈhebdəmæd	NN1	RSSB	89	shave_says:[𐑧𐑚𐑛𐑴𐑥𐑨𐑛 / 𐑣𐑧𐑚𐑛𐑴𐑥𐑨𐑛]
hebephrenia	𐑣𐑰𐑚𐑦𐑓𐑮𐑰𐑯𐑾	hiːbɪfriːnɪə	NN1	RSSB	89	shave_says:[𐑣𐑰𐑚𐑓𐑮𐑰𐑯𐑦𐑩 / 𐑣𐑰𐑚𐑓𐑮𐑩𐑯𐑦𐑩]
hebetude	𐑣𐑧𐑚𐑩𐑑𐑿𐑛	ˈhebətjuːd	NN1	RSSB	89	shave_says:𐑣𐑰𐑚𐑑𐑿𐑛
hebetude	𐑣𐑧𐑚𐑩𐑑𐑵𐑛	ˈhebətuːd	NN1	GenAm	89	shave_says:𐑣𐑰𐑚𐑑𐑿𐑛
hedera	𐑣𐑧𐑛𐑼𐑩	hedərə	NN1	RSSB	89	shave_says:𐑣𐑧𐑛𐑧𐑮𐑩
hedonic	𐑣𐑰𐑛𐑩𐑯𐑦𐑒	ˈhiːdənɪk	AJ0	RSSB	89	shave_says:𐑣𐑧𐑛𐑪𐑯𐑦𐑒
heebie-jeebies	𐑣𐑰𐑚𐑰𐑡𐑰𐑚𐑰𐑟	ˈhiːbiːˌdʒiːbiːz	NN1	RSSB	89	shave_says:𐑣𐑰𐑚𐑦-𐑡𐑰𐑚𐑦𐑟
hegelian	𐑣𐑱𐑜𐑱𐑤𐑾𐑯	heɪˈɡeɪlɪən	AJ0	RSSB	89	shave_says:𐑣𐑱𐑜𐑧𐑤𐑦𐑩𐑯
hegelian	𐑣𐑩𐑜𐑱𐑤𐑦𐑩𐑯	həˈɡeɪli+ən	AJ0	GenAm	89	shave_says:𐑣𐑱𐑜𐑧𐑤𐑦𐑩𐑯
hegemon	𐑣𐑧𐑡𐑧𐑥𐑩𐑯	ˈhedʒemən	NN1	GenAm	89	shave_says:𐑣𐑧𐑡𐑧𐑥𐑪𐑯
heliacal	𐑣𐑦𐑤𐑲𐑩𐑒𐑩𐑤	hɪˈlaɪ+əˌkəl	AJ0	GenAm	89	shave_says:[𐑣𐑰𐑤𐑲𐑩𐑒𐑩𐑤 / 𐑣𐑧𐑤𐑲𐑩𐑒𐑩𐑤 / 𐑣𐑰𐑤𐑦𐑨𐑒𐑩𐑤]
helical	𐑣𐑧𐑤𐑦𐑒𐑩𐑤	ˈhelɪkəl	AJ0	RSSB	89	shave_says:𐑣𐑰𐑤𐑦𐑒𐑩𐑤
heliocentric	𐑣𐑰𐑤𐑦𐑴𐑕𐑧𐑯𐑑𐑮𐑦𐑒	ˌhiːlioʊˈsentrɪk	AJ0	GenAm	89	shave_says:𐑣𐑰𐑤𐑦𐑩𐑕𐑧𐑯𐑑𐑮𐑦𐑒
helix	𐑣𐑰𐑤𐑦𐑒𐑕	ˈhiːlɪks	NN1	RSSB	89	
hell-bent	𐑣𐑧𐑤𐑚𐑧𐑯𐑑	ˈhelˌbent	AJ0	RSSB	89	shave_says:𐑣𐑧𐑤-𐑚𐑧𐑯𐑑
hellebore	𐑣𐑧𐑤𐑦𐑚𐑹	ˈhelɪbɔːr	NN1	GenAm	89	shave_says:𐑣𐑧𐑤𐑩𐑚𐑹
hellenistic	𐑣𐑧𐑤𐑩𐑯𐑦𐑕𐑑𐑦𐑒	ˈhelənɪstɪk	AJ0	RSSB	89	shave_says:[𐑣𐑧𐑤𐑰𐑯𐑦𐑕𐑑𐑦𐑒 / 𐑣𐑧𐑤𐑧𐑯𐑦𐑕𐑑𐑦𐑒]
hematocrit	𐑣𐑦𐑥𐑨𐑑𐑩𐑒𐑮𐑦𐑑	hɪmætəkrɪt	NN1	RSSB	89	shave_says:[𐑣𐑰𐑥𐑩𐑑𐑴𐑒𐑮𐑦𐑑 / 𐑣𐑰𐑥𐑩𐑑𐑴𐑒𐑮𐑦𐑑]
hematoma	𐑣𐑰𐑥𐑩𐑑𐑴𐑥𐑩	ˌhiːməˈtoʊmə	NN1	GenAm	89	shave_says:𐑣𐑰𐑥𐑩𐑑𐑴𐑥𐑭
hematopoiesis	𐑣𐑦𐑥𐑩𐑑𐑴𐑐𐑪𐑘𐑦𐑕𐑦𐑕	ˌhimətoʊpojˈisɪs	NN1	RSSB	89	shave_says:[𐑣𐑰𐑥𐑩𐑑𐑴𐑐𐑶𐑰𐑕𐑦𐑕 / 𐑣𐑰𐑥𐑩𐑑𐑴𐑐𐑶𐑰𐑟𐑦𐑕 / 𐑣𐑰𐑥𐑩𐑑𐑴𐑐𐑶𐑟𐑦𐑕 / 𐑣𐑰𐑥𐑩𐑑𐑴𐑐𐑶𐑰𐑟𐑦𐑟]
hemin	𐑣𐑦𐑥𐑦𐑯	ˈhimɪn	NN1	RSSB	89	shave_says:[𐑣𐑰𐑥𐑦𐑯 / 𐑣𐑧𐑥𐑦𐑯]
hemochromatosis	𐑣𐑰𐑥𐑩𐑒𐑮𐑴𐑥𐑩𐑑𐑴𐑕𐑦𐑕	hiːməkrəʊmətəʊsɪs	NN1	RSSB	89	shave_says:[𐑣𐑰𐑥𐑩𐑒𐑮𐑴𐑥𐑨𐑑𐑴𐑕𐑦𐑕 / 𐑣𐑰𐑥𐑩𐑒𐑮𐑴𐑥𐑱𐑑𐑴𐑕𐑦𐑕 / 𐑣𐑰𐑥𐑩𐑒𐑮𐑴𐑥𐑱𐑑𐑴𐑟𐑦𐑕 / 𐑣𐑰𐑥𐑩𐑒𐑮𐑴𐑥𐑱𐑑𐑴𐑕𐑦𐑟]
hemodynamic	𐑣𐑦𐑥𐑴𐑛𐑲𐑯𐑨𐑥𐑦𐑒	himoʊdaɪˈnæmɪk	AJ0	RSSB	89	shave_says:[𐑣𐑰𐑥𐑩𐑛𐑲𐑯𐑨𐑥𐑦𐑒 / 𐑣𐑰𐑥𐑩𐑛𐑲𐑯𐑱𐑥𐑦𐑒]
hemodynamics	𐑣𐑦𐑥𐑴𐑛𐑲𐑯𐑨𐑥𐑦𐑒𐑕	ˌhimoʊdaɪˈnæmɪks	NN1	RSSB	89	shave_says:𐑣𐑰𐑥𐑩𐑛𐑲𐑯𐑨𐑥𐑦𐑒𐑕
hemosiderosis	𐑣𐑰𐑥𐑴𐑕𐑦𐑛𐑼𐑴𐑕𐑦𐑕	hiːməʊsɪdərəʊsɪs	NN1	RSSB	89	shave_says:[𐑣𐑰𐑥𐑩𐑕𐑲𐑛𐑽𐑴𐑕𐑦𐑕 / 𐑣𐑰𐑥𐑩𐑕𐑲𐑛𐑼𐑴𐑕𐑦𐑕 / 𐑣𐑰𐑥𐑩𐑕𐑲𐑛𐑧𐑮𐑴𐑟𐑦𐑕 / 𐑣𐑰𐑥𐑩𐑕𐑲𐑛𐑧𐑮𐑴𐑟𐑦𐑟]
hemostasis	𐑣𐑰𐑥𐑩𐑕𐑑𐑱𐑕𐑦𐑕	ˌhiːməˈsteɪsɪs	NN1	RSSB	89	shave_says:[𐑣𐑰𐑥𐑩𐑖𐑑𐑭𐑟𐑦𐑟 / 𐑣𐑰𐑥𐑴𐑕𐑑𐑱𐑕𐑦𐑕 / 𐑣𐑰𐑥𐑴𐑕𐑑𐑩𐑟𐑦𐑕 / 𐑣𐑰𐑥𐑴𐑕𐑑𐑱𐑕𐑦𐑟]
hendiadys	𐑣𐑧𐑯𐑛𐑲𐑩𐑛𐑦𐑕	henˈdaɪ+ədɪs	NN1	RSSB	89	shave_says:𐑣𐑧𐑯𐑛𐑲𐑨𐑛𐑘𐑟
hepatic	𐑣𐑦𐑐𐑨𐑑𐑦𐑒	hɪˈpætɪk	AJ0	RSSB	89	shave_says:[𐑣𐑧𐑐𐑨𐑑𐑦𐑒 / 𐑣𐑧𐑐𐑱𐑑𐑦𐑒]
hepatic	𐑣𐑩𐑐𐑨𐑑𐑦𐑒	həˈpætɪk	AJ0	GenAm	89	shave_says:[𐑣𐑧𐑐𐑨𐑑𐑦𐑒 / 𐑣𐑧𐑐𐑱𐑑𐑦𐑒]
hera	𐑣𐑽𐑩	hɪərə	NN1	RSSB	89	shave_says:𐑣𐑧𐑮𐑩
herero	𐑣𐑧𐑮𐑺𐑴	hereəroʊ	NN1	RSSB	89	shave_says:𐑣𐑧𐑮𐑧𐑮𐑴
hermeneutics	𐑣𐑻𐑥𐑩𐑯𐑿𐑑𐑦𐑒𐑕	hɜːrmənjuːtɪks	NN1	RSSB	89	shave_says:𐑣𐑼𐑥𐑩𐑯𐑿𐑑𐑦𐑒𐑕
herpes	𐑣𐑻𐑐𐑦𐑟	ˈhɜːRpiz	NN1	GenAm	89	shave_says:𐑣𐑻𐑐𐑰𐑟
herpetology	𐑣𐑻𐑐𐑦𐑑𐑪𐑤𐑩𐑡𐑦	hɜːRpɪtɒlədʒi	NN1	RSSB	89	shave_says:[𐑣𐑻𐑐𐑧𐑑𐑪𐑤𐑩𐑡𐑦 / 𐑣𐑻𐑐𐑧𐑑𐑩𐑤𐑪𐑜𐑦]
herrenvolk	𐑣𐑧𐑮𐑩𐑯𐑓𐑴𐑒	ˈherənfoʊk	NN1	GenAm	89	shave_says:𐑣𐑧𐑮𐑧𐑯𐑓𐑴𐑤𐑒
hesperides	𐑣𐑧𐑕𐑐𐑧𐑮𐑦𐑛𐑰𐑟	heˈsperɪdiːz	NN1	RSSB	89	shave_says:𐑣𐑧𐑕𐑐𐑼𐑲𐑛𐑟
heterotroph	𐑣𐑧𐑑𐑮𐑩𐑑𐑮𐑴𐑓	hetrətrəʊf	NN1	RSSB	89	shave_says:[𐑣𐑧𐑑𐑼𐑴𐑑𐑮𐑴𐑓 / 𐑣𐑧𐑑𐑼𐑪𐑑𐑮𐑴𐑓]
heterotroph	𐑣𐑧𐑑𐑼𐑩𐑑𐑮𐑴𐑓	ˈhetərəˌtroʊf	NN1	GenAm	89	shave_says:[𐑣𐑧𐑑𐑼𐑴𐑑𐑮𐑴𐑓 / 𐑣𐑧𐑑𐑼𐑪𐑑𐑮𐑴𐑓]
hieratic	𐑣𐑲𐑮𐑨𐑑𐑦𐑒	ˌhaɪˈrætɪk	AJ0	RSSB	89	shave_says:[𐑣𐑲𐑼𐑨𐑑𐑦𐑒 / 𐑣𐑲𐑼𐑱𐑑𐑦𐑒 / 𐑣𐑲𐑺𐑨𐑑𐑦𐑒]
highfalutin	𐑣𐑲𐑓𐑩𐑤𐑫𐑑𐑦𐑯	ˌhaɪfəˈlutɪn	AJ0	GenAm	89	shave_says:𐑣𐑲𐑓𐑩𐑤𐑵𐑑𐑦𐑯
hilum	𐑣𐑲𐑤𐑩𐑥	ˈhaɪləm	NN1	RSSB	89	shave_says:[𐑣𐑦𐑤𐑩𐑥 / 𐑣𐑲𐑤𐑳𐑥 / 𐑣𐑦𐑤𐑵𐑥]
hircine	𐑣𐑻𐑕𐑲𐑯	hɜːRsaɪn	AJ0	RSSB	89	shave_says:𐑣𐑦𐑮𐑕𐑰𐑯
hircine	𐑣𐑻𐑕𐑦𐑯	ˈhɜːRsɪn	AJ0	GenAm	89	shave_says:𐑣𐑦𐑮𐑕𐑰𐑯
histologist	𐑣𐑦𐑕𐑑𐑭𐑤𐑩𐑡𐑦𐑕𐑑	hɪˈstɑːlədʒɪst	NN1	RSSB	89	shave_says:[𐑣𐑦𐑕𐑑𐑴𐑤𐑩𐑡𐑦𐑕𐑑 / 𐑣𐑦𐑕𐑑𐑪𐑤𐑩𐑡𐑦𐑕𐑑 / 𐑣𐑦𐑕𐑑𐑩𐑤𐑪𐑜𐑦𐑕𐑑 / 𐑣𐑲𐑕𐑩𐑯𐑑𐑪𐑤𐑩𐑡𐑦𐑕𐑑]
histone	𐑣𐑦𐑕𐑑𐑴𐑯	ˈhɪstoʊn	NN1	GenAm	89	shave_says:𐑣𐑲𐑕𐑑𐑴𐑯
historiographer	𐑣𐑦𐑕𐑑𐑷𐑮𐑦𐑭𐑜𐑮𐑩𐑓𐑼	hɪstɔriɑːɡrəfər	NN1	RSSB	89	shave_says:[𐑣𐑦𐑕𐑑𐑼𐑦𐑪𐑜𐑮𐑩𐑓𐑼 / 𐑣𐑦𐑕𐑑𐑹𐑦𐑪𐑜𐑮𐑩𐑓𐑼 / 𐑣𐑦𐑕𐑑𐑼𐑦𐑴𐑜𐑮𐑩𐑓𐑼 / 𐑣𐑦𐑕𐑑𐑴𐑮𐑲𐑪𐑜𐑮𐑩𐑓𐑼 / 𐑣𐑲𐑕𐑑𐑹𐑦𐑪𐑜𐑮𐑩𐑓𐑼]
historiography	𐑣𐑦𐑕𐑑𐑷𐑮𐑦𐑭𐑜𐑮𐑩𐑓𐑦	hɪstɔriɑːɡrəfi	NN1	RSSB	89	shave_says:[𐑣𐑦𐑕𐑑𐑼𐑦𐑪𐑜𐑮𐑩𐑓𐑦 / 𐑣𐑦𐑕𐑑𐑹𐑦𐑪𐑜𐑮𐑩𐑓𐑦 / 𐑣𐑦𐑕𐑑𐑼𐑦𐑴𐑜𐑮𐑩𐑓𐑦 / 𐑣𐑦𐑕𐑑𐑼𐑦𐑩𐑜𐑮𐑭𐑓𐑦 / 𐑣𐑦𐑕𐑑𐑴𐑮𐑲𐑪𐑜𐑮𐑩𐑓𐑦]
hiv	𐑱𐑗𐑲𐑝𐑰	ˌeɪtʃaɪˈviː	NN1	RSSB	89	shave_says:𐑣𐑦𐑝
hmong	𐑣𐑥𐑪𐑙	hˈmɒŋ	AJ0	GenAm	89	shave_says:𐑱𐑗𐑧𐑥𐑪𐑙
hoatzin	𐑢𐑨𐑑𐑕𐑦𐑯	ˈwætsɪn	NN1	RSSB	89	
hoatzin	𐑢𐑭𐑑𐑕𐑦𐑯	ˈwɑːtsɪn	NN1	GenAm	89	
hogg	𐑣𐑪𐑜	hɒɡ	NN1	GenAm	89	
hogget	𐑣𐑪𐑜𐑦𐑑	ˈhɒɡɪt	NN1	RSSB	89	shave_says:[𐑣𐑪𐑜𐑩𐑑 / 𐑣𐑪𐑜𐑜𐑧𐑑]
hohenzollern	𐑣𐑴𐑩𐑯𐑟𐑪𐑤𐑼𐑯	ˈhoʊənˌzɒlərn	NN1	GenAm	89	shave_says:𐑣𐑴𐑧𐑯𐑑𐑕𐑪𐑤𐑼𐑯
holier-than-thou	𐑣𐑴𐑤𐑽𐑞𐑩𐑯𐑞𐑬	ˈhoʊliəRðənˈðaʊ	AJ0	GenAm	89	shave_says:𐑣𐑴𐑤𐑦𐑼-𐑞𐑨𐑯-𐑞𐑬
hombre	𐑪𐑥𐑚𐑮𐑱	ˈɒmbreɪ	NN1	GenAm	89	shave_says:𐑴𐑥𐑚𐑮𐑧
homeopathy	𐑣𐑴𐑥𐑦𐑪𐑐𐑩𐑔𐑦	ˌhəʊmɪˈɒpəθi	NN1	RSSB	89	shave_says:𐑣𐑴𐑥𐑦𐑴𐑐𐑨𐑔𐑦
homeopathy	𐑣𐑪𐑥𐑦𐑪𐑐𐑩𐑔𐑦	ˌhomiˈɒpəθi	NN1	GenAm	89	shave_says:𐑣𐑴𐑥𐑦𐑴𐑐𐑨𐑔𐑦
homeostasis	𐑣𐑪𐑥𐑦𐑩𐑕𐑑𐑱𐑕𐑦𐑕	ˌhɒmi+əˈsteɪsɪs	NN1	RSSB	89	shave_says:[𐑣𐑴𐑥𐑦𐑴𐑖𐑑𐑭𐑟𐑦𐑟 / 𐑣𐑴𐑥𐑪𐑕𐑑𐑱𐑕𐑦𐑕 / 𐑣𐑴𐑥𐑪𐑕𐑑𐑩𐑟𐑦𐑕 / 𐑣𐑴𐑥𐑪𐑕𐑑𐑱𐑕𐑦𐑟]
homeostasis	𐑣𐑴𐑥𐑦𐑴𐑕𐑑𐑱𐑕𐑦𐑕	ˌhoʊmioʊˈsteɪsɪs	NN1	GenAm	89	shave_says:[𐑣𐑴𐑥𐑦𐑴𐑖𐑑𐑭𐑟𐑦𐑟 / 𐑣𐑴𐑥𐑪𐑕𐑑𐑱𐑕𐑦𐑕 / 𐑣𐑴𐑥𐑪𐑕𐑑𐑩𐑟𐑦𐑕 / 𐑣𐑴𐑥𐑪𐑕𐑑𐑱𐑕𐑦𐑟]
homogenous	𐑣𐑩𐑥𐑪𐑡𐑦𐑯𐑩𐑕	həˈmɒdʒɪnəs	AJ0	GenAm	89	shave_says:𐑣𐑴𐑥𐑪𐑡𐑩𐑯𐑩𐑕
homogeny	𐑣𐑩𐑥𐑪𐑡𐑩𐑯𐑦	həˈmɒdʒəni	NN1	GenAm	89	shave_says:[𐑣𐑴𐑥𐑪𐑡𐑩𐑯𐑦 / 𐑣𐑪𐑥𐑪𐑡𐑩𐑯𐑦 / 𐑣𐑴𐑥𐑴𐑡𐑧𐑯𐑢𐑲 / 𐑣𐑴𐑥𐑩𐑡𐑩𐑯𐑦]
homologous	𐑣𐑩𐑥𐑪𐑤𐑩𐑜𐑩𐑕	həˈmɒləɡəs	AJ0	RSSB	89	shave_says:𐑣𐑴𐑥𐑪𐑤𐑩𐑜𐑩𐑕
homophonous	𐑣𐑩𐑥𐑪𐑓𐑩𐑯𐑩𐑕	həˈmɒfənəs	AJ0	RSSB	89	shave_says:𐑣𐑪𐑥𐑩𐑓𐑴𐑯𐑩𐑕
homophony	𐑣𐑩𐑥𐑪𐑓𐑩𐑯𐑦	həˈmɒfəni	NN1	RSSB	89	shave_says:𐑣𐑪𐑥𐑩𐑓𐑴𐑯𐑦
homunculus	𐑣𐑩𐑥𐑳𐑙𐑒𐑘𐑩𐑤𐑩𐑕	həˈmʌŋkjələs	NN1	GenAm	89	shave_says:𐑣𐑴𐑥𐑳𐑙𐑒𐑿𐑤𐑩𐑕
honeymooner	𐑣𐑳𐑯𐑦𐑥𐑫𐑯𐑼	ˈhʌniˌmunəR	NN1	GenAm	89	shave_says:𐑣𐑳𐑯𐑦𐑥𐑵𐑯𐑼
honky-tonk	𐑣𐑪𐑙𐑒𐑦𐑑𐑪𐑙𐑒	ˈhɒŋkiˌtɒŋk	NN1	RSSB	89	shave_says:𐑣𐑪𐑙𐑒𐑦-𐑑𐑪𐑙𐑒
hoo-ha	𐑣𐑵𐑣𐑭	ˈhuːˌhɑː	NN1	RSSB	89	shave_says:𐑣𐑵-𐑣𐑭
hoofed	𐑣𐑫𐑓𐑑	hʊft	AJ0	RSSB	89	shave_says:𐑣𐑵𐑓𐑑
hoopla	𐑣𐑵𐑐𐑤𐑭	ˈhuːplɑː	NN1	RSSB	89	shave_says:𐑣𐑵𐑐𐑤𐑩
hoopoe	𐑣𐑵𐑐𐑵	ˈhuːpuː	NN1	RSSB	89	shave_says:𐑣𐑵𐑐𐑴
hoopoe	𐑣𐑫𐑐𐑫	ˈhupu	NN1	GenAm	89	shave_says:𐑣𐑵𐑐𐑴
hoosegow	𐑣𐑵𐑕𐑜𐑬	ˈhuːsɡaʊ	NN1	RSSB	89	shave_says:𐑣𐑵𐑟𐑧𐑜𐑴
hoosier	𐑣𐑫𐑠𐑼	ˈhuʒəR	NN1	GenAm	89	shave_says:𐑣𐑵𐑟𐑦𐑼
horary	𐑣𐑹𐑼𐑦	hɔːrəri	AJ0	RSSB	89	shave_says:𐑣𐑪𐑮𐑼𐑦
horologe	𐑣𐑪𐑮𐑩𐑤𐑪𐑡	hɒrəlɒdʒ	NN1	RSSB	89	shave_says:𐑣𐑪𐑮𐑪𐑤𐑩𐑡
horripilate	𐑣𐑪𐑮𐑦𐑐𐑦𐑤𐑱𐑑	hɒˈrɪpɪˌleɪt	VVI	RSSB	89	shave_says:𐑣𐑪𐑮𐑲𐑐𐑦𐑤𐑱𐑑
horripilate	𐑣𐑪𐑮𐑦𐑐𐑩𐑤𐑱𐑑	hɒˈrɪpəˌleɪt	VVI	GenAm	89	shave_says:𐑣𐑪𐑮𐑲𐑐𐑦𐑤𐑱𐑑
hortatory	𐑣𐑹𐑑𐑩𐑑𐑹𐑦	ˈhɔːRtətɔːRi	AJ0	GenAm	89	shave_says:[𐑣𐑹𐑑𐑩𐑑𐑼𐑦 / 𐑣𐑹𐑑𐑱𐑑𐑼𐑦]
hortensia	𐑣𐑹𐑑𐑧𐑯𐑟𐑾	hɔːRtenziə	NN1	RSSB	89	shave_says:𐑹𐑑𐑪𐑯𐑕𐑦𐑩
hosta	𐑣𐑪𐑕𐑑𐑩	ˈhɒstə	NN1	RSSB	89	shave_says:𐑣𐑴𐑕𐑑𐑩
hostler	𐑪𐑕𐑤𐑼	ɒsləR	NN1	RSSB	89	shave_says:𐑣𐑪𐑕𐑤𐑼
hostler	𐑭𐑕𐑤𐑼	ˈɑːsləR	NN1	GenAm	89	shave_says:𐑣𐑪𐑕𐑤𐑼
hr	𐑣𐑱𐑗𐑷𐑮	heɪtʃɔr	NN1	RSSB	89	shave_says:𐑬𐑼
hryvnia	𐑣𐑮𐑦𐑝𐑯𐑾	hrɪvnɪə	NN1	RSSB	89	shave_says:𐑣𐑮𐑦𐑝𐑯𐑦𐑩
hula-hula	𐑣𐑵𐑤𐑩𐑣𐑵𐑤𐑩	ˌhuːləˈhuːlə	NN1	RSSB	89	shave_says:𐑣𐑵𐑤𐑩-𐑣𐑵𐑤𐑩
hula-hula	𐑣𐑫𐑤𐑩𐑣𐑫𐑤𐑩	ˌhuləˈhulə	NN1	GenAm	89	shave_says:𐑣𐑵𐑤𐑩-𐑣𐑵𐑤𐑩
hungover	𐑣𐑳𐑙𐑪𐑫𐑝𐑼	hʌŋˈouvəR	AJ0	GenAm	89	shave_says:[𐑣𐑳𐑙𐑴𐑝𐑼 / 𐑣𐑳𐑙𐑴𐑓𐑼]
huron	𐑣𐑘𐑫𐑼𐑪𐑯	hjʊərɒn	NN1	RSSB	89	shave_says:𐑣𐑿𐑮𐑪𐑯
huron	𐑣𐑘𐑼𐑪𐑯	ˈhjərɒn	NN1	GenAm	89	shave_says:𐑣𐑿𐑮𐑪𐑯
hyaline	𐑣𐑲𐑩𐑤𐑦𐑯	ˈhaɪəlɪn	AJ0	RSSB	89	shave_says:𐑣𐑘𐑭𐑤𐑰𐑯
hydralazine	𐑣𐑲𐑛𐑮𐑨𐑤𐑩𐑟𐑰𐑯	haɪˈdræləˌziːn	NN1	GenAm	89	shave_says:[𐑣𐑲𐑛𐑮𐑩𐑤𐑱𐑟𐑰𐑯 / 𐑣𐑲𐑛𐑮𐑩𐑤𐑩𐑟𐑰𐑯]
hydremia	𐑣𐑲𐑛𐑮𐑰𐑥𐑾	haɪdriːmɪə	NN1	RSSB	89	shave_says:[𐑣𐑲𐑛𐑮𐑰𐑥𐑦𐑩 / 𐑣𐑲𐑛𐑮𐑧𐑥𐑦𐑩 / 𐑣𐑲𐑛𐑮𐑩𐑥𐑦𐑩]
hydrocele	𐑣𐑲𐑛𐑮𐑩𐑕𐑰𐑤	haɪdrəsiːl	NN1	RSSB	89	shave_says:[𐑣𐑲𐑛𐑮𐑴𐑕𐑰𐑤 / 𐑣𐑲𐑛𐑮𐑴𐑕𐑩𐑤]
hydrochlorothiazide	𐑣𐑲𐑛𐑮𐑩𐑒𐑤𐑹𐑩𐑔𐑲𐑩𐑟𐑲𐑛	ˌhaɪdrəˌklɔːRəˈθaɪ+əˌzaɪd	NN1	GenAm	89	shave_says:[𐑣𐑲𐑛𐑮𐑴𐑒𐑤𐑹𐑩𐑔𐑲𐑩𐑟𐑲𐑛 / 𐑣𐑲𐑛𐑮𐑪𐑒𐑤𐑼𐑪𐑔𐑦𐑱𐑟𐑲𐑛 / 𐑣𐑲𐑛𐑮𐑴𐑗𐑤𐑼𐑪𐑔𐑦𐑱𐑟𐑲𐑛]
hydrocortisone	𐑣𐑲𐑛𐑮𐑩𐑒𐑹𐑑𐑦𐑟𐑴𐑯	haɪdrəkɔːRtɪzəʊn	NN1	RSSB	89	shave_says:[𐑣𐑲𐑛𐑮𐑴𐑒𐑹𐑑𐑦𐑟𐑴𐑯 / 𐑣𐑲𐑛𐑮𐑪𐑒𐑹𐑑𐑲𐑟𐑢𐑳𐑯 / 𐑣𐑲𐑛𐑮𐑪𐑒𐑹𐑑𐑦𐑕𐑢𐑳𐑯]
hydrocortisone	𐑣𐑲𐑛𐑮𐑴𐑒𐑹𐑑𐑦𐑕𐑴𐑯	ˌhaɪdroʊˈkɔːRtɪˌsoʊn	NN1	GenAm	89	shave_says:[𐑣𐑲𐑛𐑮𐑴𐑒𐑹𐑑𐑦𐑟𐑴𐑯 / 𐑣𐑲𐑛𐑮𐑪𐑒𐑹𐑑𐑲𐑟𐑢𐑳𐑯 / 𐑣𐑲𐑛𐑮𐑪𐑒𐑹𐑑𐑦𐑕𐑢𐑳𐑯]
hydrolysate	𐑣𐑲𐑛𐑮𐑪𐑤𐑦𐑕𐑩𐑑	haɪdrɒlɪsət	NN1	RSSB	89	shave_says:[𐑣𐑲𐑛𐑮𐑴𐑤𐑲𐑕𐑱𐑑 / 𐑣𐑲𐑛𐑮𐑪𐑤𐑦𐑟𐑱𐑑]
hydrolysis	𐑣𐑲𐑛𐑮𐑪𐑤𐑩𐑕𐑩𐑕	haɪˈdrɒləsəs	NN1	GenAm	89	shave_says:[𐑣𐑲𐑛𐑮𐑪𐑤𐑦𐑕𐑦𐑕 / 𐑣𐑲𐑛𐑮𐑪𐑤𐑩𐑕𐑦𐑕 / 𐑣𐑲𐑛𐑮𐑴𐑤𐑲𐑕𐑦𐑕 / 𐑣𐑲𐑛𐑮𐑪𐑤𐑦𐑟𐑦𐑕 / 𐑣𐑲𐑛𐑮𐑪𐑤𐑦𐑟𐑦𐑟]
hydrometer	𐑣𐑲𐑛𐑮𐑭𐑥𐑦𐑑𐑼	haɪdrɑːmɪtəR	NN1	RSSB	89	shave_says:[𐑣𐑲𐑛𐑮𐑪𐑥𐑦𐑑𐑼 / 𐑣𐑲𐑛𐑮𐑴𐑥𐑰𐑑𐑼 / 𐑣𐑲𐑛𐑮𐑴𐑥𐑩𐑑𐑼 / 𐑣𐑲𐑛𐑮𐑩𐑥𐑩𐑑𐑼]
hydrophyte	𐑣𐑲𐑛𐑮𐑩𐑓𐑲𐑑	haɪdrəfaɪt	NN1	RSSB	89	shave_says:𐑣𐑲𐑛𐑮𐑴𐑓𐑲𐑑
hydroponic	𐑣𐑲𐑛𐑮𐑩𐑐𐑪𐑯𐑦𐑒	haɪdrəpɒnɪk	AJ0	RSSB	89	shave_says:[𐑣𐑲𐑛𐑮𐑴𐑐𐑪𐑯𐑦𐑒 / 𐑣𐑲𐑛𐑮𐑪𐑐𐑪𐑯𐑦𐑒 / 𐑣𐑲𐑛𐑮𐑴𐑐𐑩𐑯𐑦𐑒 / 𐑣𐑲𐑛𐑮𐑴𐑐𐑢𐑳𐑯𐑦𐑒]
hydrous	𐑣𐑲𐑛𐑮𐑩𐑕	ˈhaɪdrəs	AJ0	GenAm	89	shave_says:𐑣𐑲𐑛𐑮𐑴𐑳𐑕
hydroxychloroquine	𐑣𐑲𐑛𐑮𐑪𐑒𐑕𐑦𐑒𐑤𐑹𐑩𐑒𐑢𐑰𐑯	haɪdrɒksɪklɔːrəkwiːn	NN1	RSSB	89	shave_says:[𐑣𐑲𐑛𐑮𐑪𐑒𐑕𐑦𐑒𐑤𐑹𐑴𐑒𐑢𐑰𐑯 / 𐑣𐑲𐑛𐑮𐑪𐑒𐑕𐑦𐑗𐑤𐑼𐑴𐑒𐑢𐑰𐑯]
hydroxychloroquine	𐑣𐑲𐑛𐑮𐑪𐑒𐑕𐑦𐑒𐑤𐑹𐑩𐑒𐑢𐑦𐑯	haɪˌdrɒksiˈklɔːRəkwɪn	NN1	GenAm	89	shave_says:[𐑣𐑲𐑛𐑮𐑪𐑒𐑕𐑦𐑒𐑤𐑹𐑴𐑒𐑢𐑰𐑯 / 𐑣𐑲𐑛𐑮𐑪𐑒𐑕𐑦𐑗𐑤𐑼𐑴𐑒𐑢𐑰𐑯]
hydroxyzine	𐑣𐑲𐑛𐑮𐑪𐑒𐑕𐑩𐑟𐑰𐑯	haɪˈdrɒksəˌziːn	NN1	GenAm	89	shave_says:𐑣𐑲𐑛𐑮𐑪𐑒𐑕𐑦𐑟𐑰𐑯
hymeneal	𐑣𐑲𐑥𐑩𐑯𐑰𐑩𐑤	haɪməˈniːəl	AJ0	RSSB	89	shave_says:𐑣𐑲𐑥𐑩𐑯𐑦𐑩𐑤
hymenopteran	𐑣𐑲𐑥𐑧𐑯𐑪𐑐𐑑𐑼𐑩𐑯	haɪmenɒptərən	NN1	RSSB	89	shave_says:𐑣𐑲𐑥𐑩𐑯𐑪𐑐𐑑𐑼𐑩𐑯
hyoscyamine	𐑣𐑲𐑩𐑕𐑲𐑩𐑥𐑰𐑯	ˌhaɪ+əˈsaɪ+əˌmiːn	NN1	GenAm	89	
hypaethral	𐑣𐑲𐑐𐑰𐑔𐑮𐑩𐑤	haɪpiːθrəl	AJ0	RSSB	89	shave_says:𐑣𐑲𐑐𐑩𐑩𐑔𐑮𐑩𐑤
hypallage	𐑣𐑦𐑐𐑨𐑤𐑩𐑡𐑦	hɪˈpælədʒi	NN1	RSSB	89	shave_says:[𐑣𐑲𐑐𐑩𐑤𐑦𐑡 / 𐑣𐑲𐑐𐑷𐑤𐑦𐑡]
hyperbaton	𐑣𐑲𐑐𐑻𐑚𐑩𐑑𐑪𐑯	haɪpɜːRbətɒn	NN1	RSSB	89	shave_says:[𐑣𐑲𐑐𐑼𐑚𐑨𐑑𐑩𐑯 / 𐑣𐑲𐑐𐑼𐑚𐑱𐑑𐑩𐑯]
hyperbolize	𐑣𐑲𐑐𐑼𐑚𐑩𐑤𐑲𐑟	haɪˈpəRːbəlaɪz	VVI	GenAm	89	shave_says:𐑣𐑲𐑐𐑻𐑚𐑩𐑤𐑲𐑟
hyperborean	𐑣𐑲𐑐𐑼𐑚𐑹𐑾𐑯	haɪpəRbɔːrɪən	NN1	RSSB	89	shave_says:𐑣𐑲𐑐𐑼𐑚𐑹𐑩𐑯
hyperemic	𐑣𐑲𐑐𐑼𐑰𐑥𐑦𐑒	haɪpəriːmɪk	AJ0	RSSB	89	shave_says:[𐑣𐑲𐑐𐑼𐑩𐑥𐑦𐑒 / 𐑣𐑲𐑐𐑼𐑧𐑥𐑦𐑒]
hypermetropia	𐑣𐑲𐑐𐑼𐑥𐑩𐑑𐑮𐑴𐑐𐑾	haɪpəRmətrəʊpɪə	NN1	RSSB	89	shave_says:[𐑣𐑲𐑐𐑼𐑥𐑩𐑑𐑮𐑪𐑐𐑦𐑩 / 𐑣𐑲𐑐𐑼𐑥𐑧𐑑𐑮𐑴𐑐𐑦𐑩 / 𐑣𐑲𐑐𐑼𐑥𐑧𐑑𐑮𐑩𐑐𐑦𐑩]
hypernatremia	𐑣𐑲𐑐𐑼𐑯𐑩𐑑𐑮𐑰𐑥𐑦𐑩	ˌhaɪpəRnəˈtriːmi+ə	NN1	GenAm	89	shave_says:𐑣𐑲𐑐𐑼𐑯𐑨𐑑𐑮𐑰𐑥𐑦𐑩
hyperoodon	𐑣𐑲𐑐𐑼𐑴𐑩𐑛𐑪𐑯	haɪpərəʊədɒn	NN1	RSSB	89	shave_says:𐑣𐑲𐑐𐑼𐑵𐑛𐑩𐑯
hypertrophy	𐑣𐑲𐑐𐑻𐑑𐑮𐑩𐑓𐑦	haɪˈpɜːRtrəfi	NN1	GenAm	89	shave_says:𐑣𐑲𐑐𐑼𐑑𐑮𐑴𐑓𐑦
hyperventilation	𐑣𐑲𐑐𐑼𐑝𐑧𐑯𐑑𐑩𐑤𐑱𐑖𐑩𐑯	haɪpəRventəleɪʃən	NN1	RSSB	89	shave_says:𐑣𐑲𐑐𐑼𐑝𐑧𐑯𐑑𐑦𐑤𐑱𐑖𐑩𐑯
hyphenation	𐑣𐑲𐑓𐑩𐑯𐑱𐑖𐑩𐑯	ˌhaɪfəˈneɪʃən	NN1	RSSB	89	shave_says:𐑣𐑲𐑓𐑩𐑯𐑱𐑑𐑦𐑩𐑯
hypocorism	𐑣𐑲𐑐𐑪𐑒𐑼𐑦𐑟𐑥	haɪpɒkərɪzm	NN1	RSSB	89	shave_says:[𐑣𐑲𐑐𐑴𐑒𐑴𐑮𐑦𐑟𐑩𐑥 / 𐑣𐑲𐑐𐑴𐑒𐑹𐑦𐑟𐑩𐑥 / 𐑣𐑲𐑐𐑪𐑒𐑼𐑦𐑟𐑩𐑥]
hypoglossal	𐑣𐑲𐑐𐑩𐑜𐑤𐑪𐑕𐑩𐑤	ˌhaɪpəˈɡlɒsəl	NN1	GenAm	89	shave_says:𐑣𐑲𐑐𐑴𐑜𐑤𐑪𐑕𐑩𐑤
hyponatremia	𐑣𐑲𐑐𐑴𐑯𐑩𐑑𐑮𐑰𐑥𐑦𐑩	haɪpəʊnətriːmi+ə	NN1	RSSB	89	shave_says:[𐑣𐑲𐑐𐑴𐑯𐑨𐑑𐑮𐑰𐑥𐑦𐑩 / 𐑣𐑲𐑐𐑩𐑯𐑨𐑑𐑮𐑰𐑥𐑦𐑩]
hyponatremia	𐑣𐑲𐑐𐑴𐑯𐑱𐑑𐑮𐑰𐑥𐑦𐑩	ˌhaɪpoʊˌneɪˈtriːmi+ə	NN1	GenAm	89	shave_says:[𐑣𐑲𐑐𐑴𐑯𐑨𐑑𐑮𐑰𐑥𐑦𐑩 / 𐑣𐑲𐑐𐑩𐑯𐑨𐑑𐑮𐑰𐑥𐑦𐑩]
hypophysis	𐑣𐑲𐑐𐑪𐑓𐑦𐑕𐑦𐑕	haɪˈpɒfɪsɪs	NN1	RSSB	89	shave_says:[𐑣𐑲𐑐𐑴𐑓𐑦𐑟𐑦𐑕 / 𐑣𐑲𐑐𐑴𐑓𐑦𐑟𐑦𐑟]
hypospadias	𐑣𐑲𐑐𐑴𐑕𐑐𐑱𐑛𐑦𐑩𐑕	ˌhaɪpəʊˈspeɪdi+əs	NN1	RSSB	89	shave_says:𐑣𐑲𐑐𐑴𐑕𐑐𐑱𐑛𐑦𐑩𐑟
hypospadias	𐑣𐑲𐑐𐑩𐑕𐑐𐑱𐑛𐑦𐑩𐑕	ˌhaɪpəˈspeɪdi+əs	NN1	GenAm	89	shave_says:𐑣𐑲𐑐𐑴𐑕𐑐𐑱𐑛𐑦𐑩𐑟
hypostasis	𐑣𐑲𐑐𐑪𐑕𐑑𐑩𐑕𐑦𐑕	haɪˈpɒstəsɪs	NN1	GenAm	89	shave_says:[𐑣𐑲𐑐𐑴𐑖𐑑𐑭𐑟𐑦𐑟 / 𐑣𐑲𐑐𐑴𐑕𐑑𐑱𐑕𐑦𐑕 / 𐑣𐑲𐑐𐑴𐑕𐑑𐑩𐑟𐑦𐑕 / 𐑣𐑲𐑐𐑴𐑕𐑑𐑱𐑕𐑦𐑟]
hypothyroidism	𐑣𐑲𐑐𐑩𐑔𐑲𐑮𐑶𐑛𐑦𐑟𐑩𐑥	haɪpəθaɪrɔɪdɪzəm	NN1	RSSB	89	shave_says:[𐑣𐑲𐑐𐑴𐑔𐑲𐑮𐑶𐑛𐑦𐑟𐑩𐑥 / 𐑣𐑲𐑐𐑴𐑔𐑲𐑼𐑶𐑛𐑦𐑟𐑩𐑥]
hypotonic	𐑣𐑲𐑐𐑩𐑑𐑪𐑯𐑦𐑒	haɪpəˈtɒnɪk	AJ0	GenAm	89	shave_says:[𐑣𐑲𐑐𐑴𐑑𐑪𐑯𐑦𐑒 / 𐑣𐑲𐑐𐑪𐑑𐑪𐑯𐑦𐑒 / 𐑣𐑲𐑐𐑴𐑑𐑴𐑯𐑦𐑒 / 𐑣𐑲𐑐𐑴𐑑𐑩𐑯𐑦𐑒]
hyrax	𐑣𐑲𐑮𐑨𐑒𐑕	ˈhaɪræks	NN1	RSSB	89	
i.e.	𐑲𐑰	ˌaɪˈiː	AV0	RSSB	89	shave_says:i.𐑰.
iatrogenic	𐑲𐑨𐑑𐑮𐑩𐑡𐑧𐑯𐑦𐑒	aɪætrədʒenɪk	AJ0	RSSB	89	shave_says:𐑦𐑩𐑑𐑮𐑴𐑡𐑧𐑯𐑦𐑒
ibid.	𐑦𐑚𐑩𐑛	ˈɪbƏd	AV0	RSSB	89	shave_says:𐑦𐑚𐑦𐑛.
ibuprofen	𐑲𐑚𐑿𐑐𐑮𐑴𐑓𐑩𐑯	aɪbjuːprəʊfən	NN1	RSSB	89	shave_says:𐑲𐑚𐑿𐑐𐑮𐑴𐑓𐑦𐑯
ibuprofen	𐑲𐑚𐑘𐑫𐑐𐑮𐑴𐑓𐑩𐑯	ˌaɪbjuˈproʊfən	NN1	GenAm	89	shave_says:𐑲𐑚𐑿𐑐𐑮𐑴𐑓𐑦𐑯
ice-cold	𐑲𐑕𐑒𐑴𐑤𐑛	ˈaɪskəʊld	AJ0	RSSB	89	shave_says:𐑲𐑕-𐑒𐑴𐑤𐑛
ichor	𐑲𐑒𐑹	ˈaɪkɔːR	NN1	GenAm	89	shave_says:𐑲𐑗𐑱𐑼
ichthyosaur	𐑦𐑒𐑔𐑾𐑕𐑹	ɪkθiəsɔːr	NN1	RSSB	89	shave_says:[𐑦𐑒𐑔𐑦𐑴𐑕𐑹 / 𐑦𐑒𐑔𐑦𐑴𐑟𐑹 / 𐑲𐑒𐑔𐑦𐑴𐑕𐑹]
ichthyosaurus	𐑦𐑒𐑔𐑾𐑕𐑹𐑩𐑕	ɪkθiəsɔːrəs	NN1	RSSB	89	shave_says:[𐑦𐑒𐑔𐑦𐑴𐑕𐑹𐑩𐑕 / 𐑦𐑒𐑔𐑦𐑴𐑕𐑹𐑵𐑟 / 𐑲𐑒𐑔𐑦𐑴𐑕𐑹𐑩𐑕]
ichthyosis	𐑦𐑒𐑔𐑾𐑫𐑕𐑦𐑕	ɪkθɪˈəʊsɪs	NN1	RSSB	89	shave_says:[𐑦𐑒𐑔𐑦𐑴𐑕𐑦𐑕 / 𐑦𐑒𐑔𐑦𐑴𐑟𐑦𐑕 / 𐑦𐑒𐑔𐑦𐑴𐑕𐑦𐑟 / 𐑲𐑒𐑔𐑦𐑴𐑕𐑦𐑕]
icky	𐑦𐑒𐑦	ˈɪki	AJ0	RSSB	89	
iconology	𐑲𐑒𐑩𐑯𐑪𐑤𐑩𐑡𐑦	aɪkəˈnɒlədʒi	NN1	RSSB	89	shave_says:[𐑲𐑒𐑪𐑯𐑪𐑤𐑩𐑡𐑦 / 𐑲𐑒𐑪𐑯𐑩𐑤𐑪𐑜𐑦 / 𐑲𐑒𐑴𐑯𐑪𐑤𐑩𐑡𐑦]
ictus	𐑦𐑒𐑑𐑩𐑕	ˈɪktəs	NN1	RSSB	89	
ideate	𐑲𐑛𐑦𐑱𐑑	ˈaɪdieɪt	VVI	GenAm	89	shave_says:[𐑲𐑛𐑱𐑑 / 𐑲𐑛𐑩𐑱𐑑]
ideational	𐑲𐑛𐑦𐑱𐑖𐑩𐑯𐑤	aɪdɪˈeɪʃənl	AJ0	RSSB	89	shave_says:[𐑲𐑛𐑩𐑱𐑖𐑩𐑯𐑩𐑤 / 𐑲𐑛𐑱𐑖𐑩𐑯𐑩𐑤 / 𐑲𐑛𐑾𐑑𐑦𐑢𐑳𐑯𐑩𐑤]
idempotent	𐑲𐑛𐑩𐑥𐑐𐑴𐑑𐑩𐑯𐑑	aɪdəmˈpoʊtənt	AJ0	GenAm	89	shave_says:𐑦𐑛𐑧𐑥𐑐𐑴𐑑𐑩𐑯𐑑
idiopathic	𐑦𐑛𐑦𐑴𐑐𐑨𐑔𐑦𐑒	ˌɪdioʊˈpæθɪk	AJ0	RSSB	89	shave_says:𐑦𐑛𐑦𐑩𐑐𐑨𐑔𐑦𐑒
ied	𐑨𐑰𐑛𐑰	ˌaiːːˈdiː	NN1	RSSB	89	shave_says:𐑲𐑧𐑛
igbo	𐑰𐑚𐑴	ˈiːboʊ	NN1	GenAm	89	
ileus	𐑦𐑤𐑾𐑕	ˈɪliəs	NN1	RSSB	89	shave_says:[𐑰𐑤𐑦𐑩𐑕 / 𐑦𐑤𐑦𐑩𐑕 / 𐑰𐑤𐑩𐑕 / 𐑰𐑤𐑵𐑟 / 𐑲𐑤𐑵𐑟]
iliad	𐑦𐑤𐑦𐑨𐑛	ˈɪliˌæd	NN1	GenAm	89	shave_says:𐑦𐑤𐑦𐑭𐑛
ilium	𐑦𐑤𐑾𐑥	ˈɪlɪəm	NN1	RSSB	89	shave_says:[𐑦𐑤𐑘𐑩𐑥 / 𐑦𐑤𐑘𐑵𐑥 / 𐑲𐑤𐑿𐑥]
illation	𐑦𐑤𐑱𐑖𐑯	ɪˈleɪʃn	NN1	RSSB	89	shave_says:[𐑦𐑤𐑱𐑖𐑩𐑯 / 𐑰𐑤𐑱𐑖𐑩𐑯 / 𐑲𐑤𐑲𐑯𐑟𐑱𐑖𐑩𐑯 / 𐑦𐑤𐑭𐑑𐑦𐑩𐑯 / 𐑦𐑤𐑱𐑑𐑦𐑩𐑯]
illation	𐑩𐑤𐑱𐑖𐑯	əˈleɪʃn	NN1	GenAm	89	shave_says:[𐑦𐑤𐑱𐑖𐑩𐑯 / 𐑰𐑤𐑱𐑖𐑩𐑯 / 𐑲𐑤𐑲𐑯𐑟𐑱𐑖𐑩𐑯 / 𐑦𐑤𐑭𐑑𐑦𐑩𐑯 / 𐑦𐑤𐑱𐑑𐑦𐑩𐑯]
illinoisan	𐑦𐑤𐑩𐑯𐑶𐑩𐑯	ˌɪləˈnɔɪən	NN1	GenAm	89	shave_says:𐑦𐑤𐑦𐑯𐑶𐑩𐑯
illyrian	𐑦𐑤𐑽𐑾𐑯	ɪlɪərɪən	NN1	RSSB	89	shave_says:[𐑦𐑤𐑽𐑦𐑩𐑯 / 𐑲𐑣𐑤𐑺𐑦𐑩𐑯 / 𐑦𐑤𐑲𐑼𐑦𐑩𐑯]
imago	𐑦𐑥𐑱𐑜𐑴	ɪˈmeɪɡoʊ	NN1	GenAm	89	shave_says:[𐑲𐑥𐑩𐑜𐑴 / 𐑦𐑥𐑩𐑜𐑴 / 𐑲𐑥𐑨𐑜𐑴 / 𐑲’𐑥𐑨𐑜𐑴]
imbricated	𐑦𐑥𐑚𐑮𐑦𐑒𐑱𐑑𐑩𐑛	ˈɪmbrɪkeɪtƏd	AJ0	RSSB	89	shave_says:𐑦𐑥𐑚𐑮𐑰𐑒𐑨𐑑𐑩𐑛
imbrue	𐑦𐑥𐑚𐑮𐑵	ɪmˈbruː	VVI	RSSB	89	
imide	𐑲𐑥𐑲𐑛	ˈaɪmaɪd	NN1	RSSB	89	shave_says:[𐑲’𐑥𐑲𐑛 / 𐑦𐑥𐑲𐑛]
imperium	𐑦𐑥𐑐𐑦𐑮𐑦𐑩𐑥	ɪmˈpɪri+əm	NN1	GenAm	89	shave_says:[𐑦𐑥𐑐𐑽𐑦𐑩𐑥 / 𐑦𐑥𐑐𐑽𐑦𐑵𐑥 / 𐑲𐑧𐑥𐑐𐑰𐑼𐑦𐑩𐑥]
impermeability	𐑦𐑥𐑐𐑻𐑥𐑦𐑩𐑚𐑦𐑤𐑦𐑑𐑦	ɪmˌpɜːRmi+əˈbɪlɪti	NN1	GenAm	89	shave_says:𐑦𐑥𐑐𐑻𐑥𐑾𐑚𐑦𐑤𐑦𐑑𐑦
impregnation	𐑦𐑥𐑐𐑮𐑧𐑜𐑯𐑱𐑖𐑩𐑯	ɪmpreɡneɪʃən	NN1	RSSB	89	shave_says:𐑦𐑥𐑐𐑮𐑧𐑜𐑯𐑱𐑑𐑦𐑩𐑯
in-joke	𐑦𐑯𐑡𐑴𐑒	ˈɪnˌdʒoʊk	NN1	GenAm	89	shave_says:𐑦𐑯-𐑡𐑴𐑒
inamorata	𐑦𐑯𐑨𐑥𐑪𐑮𐑭𐑑𐑩	ɪnæmɒrɑːtə	NN1	RSSB	89	shave_says:[𐑦𐑯𐑭𐑥𐑹𐑭𐑑𐑩 / 𐑲𐑯𐑩𐑥𐑹𐑭𐑑𐑩 / 𐑲𐑯𐑩𐑥𐑼𐑭𐑑𐑩 / 𐑲𐑯𐑩𐑥𐑹𐑱𐑑𐑩 / 𐑲𐑯𐑩𐑥𐑹𐑨𐑑𐑩]
incipiency	𐑦𐑯𐑕𐑦𐑐𐑾𐑯𐑕𐑦	ɪnˈsɪpɪənsi	NN1	RSSB	89	shave_says:𐑦𐑯𐑕𐑦𐑐𐑦𐑩𐑯𐑕𐑦
incisiveness	𐑦𐑯𐑕𐑲𐑕𐑩𐑝𐑯𐑩𐑕	ˌɪnˈsaɪsəvnəs	NN1	RSSB	89	shave_says:[𐑦𐑯𐑕𐑲𐑕𐑦𐑝𐑯𐑩𐑕 / 𐑦𐑯𐑕𐑲𐑕𐑦𐑝𐑩𐑯𐑩𐑕 / 𐑦𐑯𐑕𐑲𐑟𐑦𐑝𐑯𐑩𐑕]
incitation	𐑦𐑯𐑕𐑦𐑑𐑱𐑖𐑯	ɪnsɪˈteɪʃn	NN1	RSSB	89	shave_says:𐑦𐑯𐑕𐑲𐑑𐑱𐑖𐑩𐑯
incontrovertibly	𐑦𐑯𐑒𐑪𐑯𐑑𐑮𐑩𐑝𐑻𐑑𐑦𐑚𐑤𐑦	ɪnkɒntrəvɜːRtɪbli	AV0	RSSB	89	shave_says:𐑦𐑯𐑒𐑪𐑯𐑑𐑮𐑩𐑝𐑻𐑑𐑩𐑚𐑩𐑤𐑦
incontrovertibly	𐑦𐑯𐑒𐑪𐑯𐑑𐑮𐑩𐑝𐑻𐑑𐑩𐑚𐑤𐑦	ˌɪnˌkɒntrəˈvɜːRtəbli	AV0	GenAm	89	shave_says:𐑦𐑯𐑒𐑪𐑯𐑑𐑮𐑩𐑝𐑻𐑑𐑩𐑚𐑩𐑤𐑦
incrementation	𐑦𐑙𐑒𐑮𐑩𐑥𐑩𐑯𐑑𐑱𐑖𐑩𐑯	ɪŋkrəmənteɪʃən	NN1	RSSB	89	shave_says:[𐑦𐑯𐑒𐑮𐑩𐑥𐑩𐑯𐑑𐑱𐑖𐑩𐑯 / 𐑦𐑯𐑒𐑮𐑩𐑥𐑩𐑯𐑑𐑭𐑑𐑦𐑩𐑯 / 𐑦𐑯𐑒𐑮𐑩𐑥𐑩𐑯𐑑𐑩𐑑𐑦𐑩𐑯 / 𐑦𐑯𐑒𐑮𐑧𐑥𐑩𐑯𐑑𐑱𐑖𐑩𐑯]
incumbrance	𐑦𐑯𐑒𐑳𐑥𐑚𐑮𐑩𐑯𐑑𐑕	ɪnkʌmbrənts	NN1	RSSB	89	shave_says:[𐑦𐑯𐑒𐑳𐑥𐑚𐑮𐑩𐑯𐑕 / 𐑦𐑙𐑒𐑳𐑥𐑮𐑩𐑯𐑕]
indaba	𐑦𐑯𐑛𐑭𐑚𐑩	ɪnˈdɑːbə	NN1	RSSB	89	shave_says:[𐑦𐑯𐑛𐑨𐑚𐑩 / 𐑦𐑯𐑛𐑩𐑚𐑩]
indaba	𐑦𐑯𐑛𐑪𐑚𐑩	ɪnˈdɒbə	NN1	GenAm	89	shave_says:[𐑦𐑯𐑛𐑨𐑚𐑩 / 𐑦𐑯𐑛𐑩𐑚𐑩]
indigene	𐑦𐑯𐑛𐑦𐑡𐑰𐑯	ˈɪndɪdʒiːn	NN1	RSSB	89	shave_says:𐑦𐑯𐑛𐑩𐑡𐑰𐑯
indinavir	𐑦𐑯𐑛𐑦𐑯𐑩𐑝𐑦𐑮	ɪnˈdɪnəˌvɪr	NN1	GenAm	89	
indirection	𐑦𐑯𐑛𐑼𐑧𐑒𐑖𐑩𐑯	ɪndərekʃən	NN1	RSSB	89	shave_says:𐑦𐑯𐑛𐑦𐑮𐑧𐑒𐑖𐑩𐑯
indomitability	𐑦𐑯𐑛𐑪𐑥𐑦𐑑𐑩𐑚𐑩𐑤𐑦𐑑𐑦	ɪndɒmɪtəbəlɪti	NN1	GenAm	89	shave_says:[𐑦𐑯𐑛𐑪𐑥𐑦𐑑𐑩𐑚𐑦𐑤𐑦𐑑𐑦 / 𐑦𐑯𐑛𐑴𐑥𐑲𐑑𐑩𐑚𐑦𐑤𐑦𐑑𐑦 / 𐑦𐑯𐑛𐑴𐑥𐑦𐑑𐑩𐑚𐑦𐑤𐑦𐑑𐑦 / 𐑲𐑛𐑩𐑥𐑲𐑑𐑩𐑚𐑦𐑤𐑦𐑑𐑦 / 𐑦𐑯𐑛𐑴𐑥𐑰𐑑𐑩𐑚𐑦𐑤𐑦𐑑𐑦]
induration	𐑦𐑯𐑛𐑘𐑼𐑱𐑖𐑩𐑯	ɪndjəreɪʃən	NN1	RSSB	89	shave_says:𐑦𐑯𐑛𐑘𐑫𐑼𐑱𐑖𐑩𐑯
inerrable	𐑦𐑯𐑻𐑩𐑚𐑩𐑤	ɪnɜːrəbəl	AJ0	RSSB	89	shave_says:[𐑲𐑯𐑻𐑩𐑚𐑩𐑤 / 𐑦𐑯𐑼𐑩𐑚𐑩𐑤 / 𐑦𐑯𐑩𐑩𐑩𐑚𐑩𐑤]
inerrancy	𐑦𐑯𐑧𐑮𐑩𐑯𐑕𐑦	ɪnerənsi	NN1	RSSB	89	shave_says:[𐑲𐑯𐑻𐑩𐑯𐑕𐑦 / 𐑦𐑯𐑼𐑩𐑯𐑕𐑦]
infliximab	𐑦𐑯𐑓𐑤𐑦𐑒𐑕𐑦𐑥𐑨𐑚	ɪnˈflɪksɪˌmæb	NN1	GenAm	89	
ingestion	𐑦𐑯𐑡𐑧𐑕𐑗𐑩𐑯	ɪnˈdʒestʃən	NN1	RSSB	89	shave_says:[𐑦𐑯𐑡𐑧𐑕𐑑𐑦𐑩𐑯 / 𐑲𐑦𐑙𐑩𐑕𐑑𐑦𐑩𐑯]
inglenook	𐑦𐑙𐑜𐑤𐑯𐑫𐑒	ˈɪŋɡlnʊk	NN1	RSSB	89	shave_says:[𐑦𐑙𐑜𐑩𐑤𐑯𐑫𐑒 / 𐑦𐑯𐑜𐑤𐑧𐑯𐑵𐑒 / 𐑲𐑦𐑙𐑤𐑰𐑯𐑵𐑒]
inguinal	𐑦𐑙𐑜𐑢𐑦𐑯𐑩𐑤	ˈɪŋɡwɪnəl	AJ0	RSSB	89	shave_says:[𐑦𐑙𐑵𐑦𐑯𐑩𐑤 / 𐑦𐑯𐑜𐑵𐑦𐑯𐑩𐑤 / 𐑦𐑙𐑵𐑰𐑯𐑩𐑤]
inkblot	𐑦𐑙𐑒𐑚𐑤𐑭𐑑	ˈɪŋkˌblɑːt	NN1	RSSB	89	shave_says:𐑦𐑙𐑒𐑚𐑤𐑪𐑑
innumerous	𐑦𐑯𐑯𐑫𐑥𐑻𐑩𐑕	ɪnnumɜːRəs	AJ0	RSSB	89	shave_says:𐑦𐑯𐑿𐑥𐑼𐑩𐑕
inosculate	𐑦𐑯𐑪𐑕𐑒𐑘𐑩𐑤𐑱𐑑	ɪˈnɒskjəˌleɪt	VVI	RSSB	89	shave_says:𐑦𐑯𐑪𐑕𐑒𐑿𐑤𐑱𐑑
inositol	𐑲𐑯𐑴𐑕𐑦𐑑𐑪𐑤	aɪˈnəʊsɪtɒl	NN1	RSSB	89	shave_says:[𐑲𐑯𐑴𐑟𐑰𐑑𐑴𐑤 / 𐑦𐑯𐑴𐑕𐑰𐑑𐑴𐑤 / 𐑦𐑯𐑴𐑟𐑰𐑑𐑴𐑤 / 𐑦𐑯𐑴𐑕𐑲𐑑𐑩𐑤 / 𐑦𐑯𐑴𐑕𐑦𐑑𐑩𐑤]
inositol	𐑦𐑯𐑴𐑕𐑩𐑑𐑪𐑤	ɪˈnoʊsəˌtɒl	NN1	GenAm	89	shave_says:[𐑲𐑯𐑴𐑟𐑰𐑑𐑴𐑤 / 𐑦𐑯𐑴𐑕𐑰𐑑𐑴𐑤 / 𐑦𐑯𐑴𐑟𐑰𐑑𐑴𐑤 / 𐑦𐑯𐑴𐑕𐑲𐑑𐑩𐑤 / 𐑦𐑯𐑴𐑕𐑦𐑑𐑩𐑤]
insectivore	𐑦𐑯𐑕𐑧𐑒𐑑𐑩𐑝𐑹	ɪnˈsektəˌvɔːR	NN1	GenAm	89	shave_says:𐑦𐑯𐑕𐑧𐑒𐑑𐑦𐑝𐑹
insightful	𐑦𐑯𐑕𐑲𐑑𐑓𐑤	ɪnˈsaɪtfl	AJ0	RSSB	89	shave_says:𐑦𐑯𐑕𐑲𐑑𐑓𐑩𐑤
instantiation	𐑦𐑯𐑕𐑑𐑨𐑯𐑖𐑦𐑱𐑖𐑩𐑯	ɪnˌstænʃɪˈeɪʃən	NN1	RSSB	89	shave_says:𐑦𐑯𐑕𐑑𐑨𐑯𐑖𐑦𐑱𐑑𐑦𐑩𐑯
insufflate	𐑦𐑯𐑕𐑳𐑓𐑤𐑱𐑑	ˈɪnsʌfleɪt	VVI	RSSB	89	shave_says:[𐑦𐑯𐑗𐑩𐑟𐑳𐑓𐑤𐑱𐑑 / 𐑦𐑯𐑕𐑩𐑓𐑤𐑱𐑑]
intercalate	𐑦𐑯𐑑𐑻𐑒𐑩𐑤𐑱𐑑	ɪnˈtɜːRkəˌleɪt	VVI	GenAm	89	shave_says:𐑦𐑯𐑑𐑼𐑒𐑱𐑤𐑱𐑑
interlanguage	𐑦𐑯𐑑𐑻𐑤𐑨𐑙𐑜𐑢𐑦𐑡	ɪnˈtɜːRˈlæŋɡwɪdʒ	NN1	GenAm	89	shave_says:[𐑦𐑯𐑑𐑼𐑤𐑨𐑙𐑜𐑢𐑦𐑡 / 𐑦𐑯𐑑𐑻𐑤𐑨𐑙𐑵𐑦𐑡]
introit	𐑦𐑯𐑑𐑮𐑶𐑑	ˈɪnˌtrɔɪt	NN1	GenAm	89	shave_says:𐑦𐑯𐑑𐑮𐑴𐑦𐑑
intubate	𐑦𐑯𐑑𐑘𐑩𐑚𐑱𐑑	ˈɪntjəbeɪt	VVI	RSSB	89	shave_says:𐑦𐑯𐑑𐑿𐑚𐑱𐑑
intussusception	𐑦𐑯𐑑𐑩𐑕𐑩𐑕𐑧𐑐𐑖𐑩𐑯	ɪntəsəˈsepʃən	NN1	RSSB	89	shave_says:[𐑦𐑯𐑑𐑳𐑕𐑩𐑕𐑩𐑕𐑧𐑐𐑑𐑦𐑩𐑯 / 𐑦𐑯𐑑𐑩𐑕𐑩𐑕𐑩𐑕𐑧𐑐𐑑𐑦𐑩𐑯 / 𐑲𐑧𐑯𐑑𐑰𐑩𐑕𐑩𐑕𐑩𐑕𐑧𐑐𐑑𐑦𐑩𐑯]
inuit	𐑦𐑯𐑿𐑦𐑑	ˈɪnjuːɪt	NN1	RSSB	89	shave_says:𐑦𐑯𐑵𐑦𐑑
inula	𐑦𐑯𐑘𐑩𐑤𐑩	ˈɪnjələ	NN1	RSSB	89	shave_says:[𐑲𐑯𐑳𐑤𐑩 / 𐑦𐑯𐑿𐑤𐑩]
invariance	𐑦𐑯𐑝𐑧𐑮𐑦𐑩𐑯𐑕	inveri+əns	NN1	RSSB	89	shave_says:𐑦𐑯𐑝𐑺𐑾𐑯𐑕
invitee	𐑦𐑯𐑝𐑩𐑑𐑰	ˌɪnvəˈtiː	NN1	GenAm	89	shave_says:𐑦𐑯𐑝𐑲𐑑𐑰
ipecac	𐑦𐑐𐑦𐑒𐑨𐑒	ˈɪpɪkæk	NN1	RSSB	89	shave_says:𐑦𐑐𐑧𐑒𐑭𐑒
iproclozide	𐑲𐑐𐑮𐑴𐑒𐑤𐑩𐑟𐑲𐑛	aɪprəʊkləzaɪd	NN1	RSSB	89	shave_says:𐑲𐑐𐑮𐑴𐑒𐑤𐑴𐑟𐑲𐑛
ipsedixitism	𐑦𐑐𐑕𐑰𐑛𐑦𐑒𐑕𐑦𐑑𐑦𐑟𐑩𐑥	ˌɪpsiːˈdɪksɪtɪzəm	NN1	RSSB	89	shave_says:[𐑦𐑐𐑕𐑑𐑦𐑒𐑕𐑦𐑑𐑦𐑟𐑩𐑥 / 𐑦𐑐𐑕𐑑𐑦𐑒𐑕𐑲𐑑𐑦𐑟𐑩𐑥]
ipsedixitism	𐑦𐑐𐑕𐑦𐑛𐑦𐑒𐑕𐑦𐑑𐑦𐑟𐑩𐑥	ˌɪpsiˈdɪksɪtɪzəm	NN1	GenAm	89	shave_says:[𐑦𐑐𐑕𐑑𐑦𐑒𐑕𐑦𐑑𐑦𐑟𐑩𐑥 / 𐑦𐑐𐑕𐑑𐑦𐑒𐑕𐑲𐑑𐑦𐑟𐑩𐑥]
ipsilateral	𐑦𐑐𐑕𐑦𐑤𐑨𐑑𐑼𐑩𐑤	ɪpsɪlætərəl	AJ0	RSSB	89	shave_says:𐑲𐑕𐑲𐑤𐑱𐑑𐑼𐑩𐑤
irenic	𐑲𐑮𐑧𐑯𐑦𐑒	aɪˈrenɪk	AJ0	RSSB	89	shave_says:[𐑲𐑮𐑰𐑯𐑦𐑒 / 𐑲𐑮𐑩𐑯𐑱𐑦𐑒 / 𐑦𐑮𐑧𐑯𐑦𐑒 / 𐑲𐑼𐑩𐑯𐑦𐑒]
iridocyclitis	𐑰𐑮𐑦𐑛𐑴𐑕𐑦𐑒𐑤𐑲𐑑𐑩𐑕	ˈiːrɪdoʊsɪˌklaɪtəs	NN1	GenAm	89	shave_says:[𐑦𐑮𐑦𐑛𐑴𐑕𐑲𐑒𐑩𐑤𐑲𐑑𐑦𐑕 / 𐑦𐑮𐑰𐑛𐑴𐑕𐑲𐑒𐑩𐑤𐑲𐑑𐑦𐑕 / 𐑲𐑮𐑲𐑛𐑴𐑕𐑲𐑒𐑩𐑤𐑲𐑑𐑦𐑕 / 𐑦𐑮𐑦𐑛𐑪𐑒𐑦𐑒𐑤𐑲𐑑𐑦𐑕 / 𐑦𐑮𐑦𐑛𐑴𐑕𐑲𐑒𐑩𐑤𐑦𐑑𐑦𐑕]
ironist	𐑲𐑮𐑩𐑯𐑦𐑕𐑑	aɪrənɪst	NN1	RSSB	89	shave_says:[𐑲𐑼𐑯𐑦𐑕𐑑 / 𐑦𐑮𐑢𐑳𐑯𐑦𐑕𐑑 / 𐑲𐑮𐑴𐑯𐑦𐑕𐑑]
iroquois	𐑦𐑮𐑩𐑒𐑢𐑶	ɪrəkwɔɪ	NN1	RSSB	89	shave_says:𐑽𐑩𐑒𐑢𐑭
irresponsibly	𐑦𐑮𐑦𐑕𐑐𐑪𐑯𐑕𐑩𐑚𐑤𐑦	ɪrɪspɒnsəbli	AV0	RSSB	89	shave_says:𐑦𐑮𐑦𐑕𐑐𐑪𐑯𐑕𐑩𐑚𐑩𐑤𐑦
irresponsibly	𐑦𐑮𐑦𐑕𐑐𐑭𐑯𐑕𐑩𐑚𐑤𐑦	ˌɪrɪˈspɑːnsəbli	AV0	GenAm	89	shave_says:𐑦𐑮𐑦𐑕𐑐𐑪𐑯𐑕𐑩𐑚𐑩𐑤𐑦
ischium	𐑦𐑕𐑒𐑾𐑥	ˈɪskiəm	NN1	GenAm	89	shave_says:[𐑦𐑕𐑒𐑦𐑩𐑥 / 𐑦𐑕𐑒𐑦𐑵𐑥 / 𐑲𐑖𐑦𐑩𐑥]
islamism	𐑦𐑟𐑤𐑩𐑥𐑦𐑟𐑥	ˈɪzləmɪzm	NN1	RSSB	89	shave_says:[𐑦𐑟𐑤𐑭𐑥𐑦𐑟𐑩𐑥 / 𐑲𐑕𐑤𐑨𐑥𐑦𐑟𐑩𐑥 / 𐑲𐑤𐑱𐑥𐑦𐑟𐑩𐑥]
islamist	𐑦𐑕𐑤𐑩𐑥𐑦𐑕𐑑	ˈɪsləmɪst	NN1	RSSB	89	shave_says:[𐑦𐑟𐑤𐑭𐑥𐑦𐑕𐑑 / 𐑲𐑕𐑤𐑨𐑥𐑦𐑕𐑑 / 𐑲𐑤𐑱𐑥𐑦𐑕𐑑]
ismaili	𐑦𐑕𐑥𐑲𐑰𐑤𐑦	ˌɪsmaɪˈiːli	NN1	RSSB	89	shave_says:𐑦𐑕𐑥𐑩𐑰𐑤𐑦
isocarboxazid	𐑲𐑕𐑴𐑒𐑸𐑚𐑪𐑒𐑕𐑩𐑟𐑩𐑛	ˌaɪsoʊˌkɑːRˈbɒksəzƏd	NN1	GenAm	89	shave_says:[𐑲𐑕𐑩𐑒𐑸𐑚𐑪𐑒𐑕𐑭𐑟𐑦𐑛 / 𐑲𐑕𐑴𐑒𐑸𐑚𐑪𐑒𐑕𐑱𐑟𐑦𐑛]
isoflurane	𐑲𐑕𐑩𐑓𐑤𐑫𐑮𐑱𐑯	ˌaɪsəˈflʊrˌeɪn	NN1	GenAm	89	
isomer	𐑲𐑕𐑩𐑥𐑼	ˈaɪsəməR	NN1	GenAm	89	shave_says:[𐑦𐑕𐑪𐑥𐑼 / 𐑲𐑕𐑩𐑥𐑧𐑮 / 𐑲𐑕𐑳𐑥𐑼]
isomerase	𐑲𐑕𐑪𐑥𐑼𐑱𐑟	aɪsɒməreɪz	NN1	RSSB	89	shave_says:[𐑲𐑕𐑩𐑥𐑼𐑱𐑟 / 𐑲𐑕𐑳𐑥𐑮𐑱𐑟 / 𐑦𐑕𐑪𐑥𐑼𐑱𐑕]
isomerase	𐑲𐑕𐑪𐑥𐑼𐑱𐑕	aɪˈsɒməˌreɪs	NN1	GenAm	89	shave_says:[𐑲𐑕𐑩𐑥𐑼𐑱𐑟 / 𐑲𐑕𐑳𐑥𐑮𐑱𐑟 / 𐑦𐑕𐑪𐑥𐑼𐑱𐑕]
isomerize	𐑲𐑕𐑪𐑥𐑼𐑲𐑟	aɪˈsɒməˌraɪz	VVI	GenAm	89	shave_says:[𐑲𐑕𐑳𐑥𐑮𐑲𐑟 / 𐑦𐑕𐑪𐑥𐑼𐑲𐑟 / 𐑲𐑕𐑩𐑥𐑽𐑲𐑟]
isoniazid	𐑲𐑕𐑩𐑯𐑲𐑩𐑟𐑩𐑛	ˌaɪsəˈnaɪ+əzƏd	NN1	GenAm	89	shave_says:[𐑲𐑕𐑪𐑯𐑘𐑩𐑟𐑦𐑛 / 𐑲𐑕𐑪𐑯𐑦𐑱𐑟𐑦𐑛 / 𐑲𐑟𐑴𐑯𐑦𐑩𐑟𐑦𐑛 / 𐑲𐑕𐑩𐑯𐑦𐑩𐑟𐑦𐑛]
isoproterenol	𐑲𐑕𐑩𐑐𐑮𐑴𐑑𐑼𐑰𐑯𐑪𐑤	aɪsəprəʊtəriːnɒl	NN1	RSSB	89	shave_says:[𐑲𐑕𐑩𐑐𐑮𐑴𐑑𐑼𐑩𐑯𐑩𐑤 / 𐑲𐑕𐑴𐑐𐑮𐑴𐑑𐑼𐑩𐑯𐑩𐑤 / 𐑲𐑕𐑴𐑐𐑮𐑴𐑑𐑼𐑩𐑯𐑴𐑤 / 𐑲𐑕𐑪𐑐𐑮𐑴𐑑𐑼𐑩𐑯𐑩𐑤]
isoproterenol	𐑲𐑕𐑩𐑐𐑮𐑴𐑑𐑧𐑮𐑩𐑯𐑪𐑤	ˌaɪsəproʊˈterəˌnɒl	NN1	GenAm	89	shave_says:[𐑲𐑕𐑩𐑐𐑮𐑴𐑑𐑼𐑩𐑯𐑩𐑤 / 𐑲𐑕𐑴𐑐𐑮𐑴𐑑𐑼𐑩𐑯𐑩𐑤 / 𐑲𐑕𐑴𐑐𐑮𐑴𐑑𐑼𐑩𐑯𐑴𐑤 / 𐑲𐑕𐑪𐑐𐑮𐑴𐑑𐑼𐑩𐑯𐑩𐑤]
isostasy	𐑲𐑕𐑪𐑕𐑑𐑩𐑕𐑦	aɪˈsɒstəsi	NN1	RSSB	89	shave_says:[𐑲𐑕𐑩𐑕𐑑𐑱𐑕𐑦 / 𐑲𐑟𐑪𐑕𐑑𐑩𐑕𐑦 / 𐑲𐑟𐑪𐑕𐑑𐑱𐑕𐑦]
israelite	𐑦𐑟𐑮𐑦𐑩𐑤𐑲𐑑	ɪzri+əlaɪt	NN1	RSSB	89	shave_says:𐑦𐑟𐑮𐑱𐑤𐑲𐑑
itraconazole	𐑦𐑑𐑮𐑩𐑒𐑪𐑯𐑩𐑟𐑴𐑤	ˌɪtrəˈkɒnəˌzoʊl	NN1	GenAm	89	shave_says:𐑲𐑑𐑮𐑭𐑒𐑪𐑯𐑱𐑟𐑴𐑤
itsy-bitsy	𐑦𐑑𐑕𐑦𐑚𐑦𐑑𐑕𐑦	ˈɪtsiˈbɪtsi	AJ0	RSSB	89	shave_says:𐑦𐑑𐑕𐑦-𐑚𐑦𐑑𐑕𐑦
jabiru	𐑡𐑨𐑚𐑦𐑮𐑵	ˈdʒæbɪruː	NN1	RSSB	89	shave_says:𐑡𐑨𐑚𐑽𐑵
jaboticaba	𐑡𐑨𐑚𐑪𐑑𐑦𐑒𐑭𐑚𐑩	dʒæbɒtɪˈkɑːbə	NN1	RSSB	89	shave_says:𐑠𐑭𐑚𐑴𐑑𐑦𐑒𐑨𐑚𐑩
jacinth	𐑡𐑨𐑕𐑦𐑯𐑔	ˈdʒæsɪnθ	NN1	RSSB	89	shave_says:𐑡𐑱𐑕𐑦𐑯𐑔
jaffa	𐑡𐑪𐑓𐑩	ˈdʒɒfə	NN1	GenAm	89	shave_says:𐑡𐑨𐑓𐑩
jalousie	𐑡𐑨𐑤𐑩𐑕𐑰	ˈdʒæləsiː	NN1	RSSB	89	shave_says:𐑡𐑭𐑤𐑩𐑕𐑦
jangly	𐑡𐑨𐑙𐑜𐑤𐑦	ˈdʒæŋɡli	AJ0	RSSB	89	shave_says:𐑡𐑨𐑙𐑜𐑩𐑤𐑦
japheth	𐑡𐑱𐑓𐑧𐑔	ˈdʒeɪfeθ	NN1	RSSB	89	shave_says:𐑡𐑭𐑓𐑧𐑔
jatropha	𐑡𐑨𐑑𐑮𐑩𐑓𐑩	dʒatrəfə	NN1	RSSB	89	shave_says:𐑡𐑭𐑑𐑮𐑴𐑓𐑩
javelina	𐑣𐑨𐑝𐑩𐑤𐑰𐑯𐑩	havəˈliːnə	NN1	RSSB	89	shave_says:𐑡𐑨𐑝𐑤𐑦𐑯𐑩
jawan	𐑡𐑩𐑢𐑭𐑯	dʒəˈwɑːn	NN1	RSSB	89	shave_says:𐑡𐑬𐑩𐑯
jejunum	𐑡𐑰𐑡𐑵𐑯𐑩𐑥	dʒiːˈdʒuːnəm	NN1	RSSB	89	shave_says:𐑡𐑦𐑡𐑵𐑯𐑩𐑥
jerkwater	𐑡𐑼𐑒𐑢𐑪𐑑𐑼	ˈdʒəRkwɒtəR	AJ0	GenAm	89	shave_says:[𐑡𐑻𐑒𐑢𐑷𐑑𐑼 / 𐑡𐑻𐑒𐑢𐑱𐑑𐑼 / 𐑡𐑻𐑒𐑢𐑨𐑑𐑼]
jeweler	𐑡𐑫𐑤𐑼	ˈdʒuləR	NN1	GenAm	89	shave_says:𐑡𐑵𐑩𐑤𐑼
jillion	𐑘𐑦𐑤𐑘𐑩𐑯	ˈjɪljən	NN1	RSSB	89	shave_says:𐑡𐑦𐑤𐑦𐑩𐑯
jingly	𐑡𐑦𐑙𐑜𐑤𐑦	ˈdʒɪŋɡli	AJ0	RSSB	89	shave_says:𐑡𐑦𐑙𐑜𐑩𐑤𐑦
jirga	𐑡𐑽𐑜𐑩	dʒɪəRɡə	NN1	RSSB	89	shave_says:𐑡𐑻𐑜𐑩
johnnycake	𐑡𐑭𐑯𐑰𐑒𐑱𐑒	ˈdʒɑːniːˌkeɪk	NN1	GenAm	89	shave_says:𐑡𐑪𐑯𐑦𐑒𐑱𐑒
jongleur	𐑡𐑪𐑙𐑜𐑤𐑼	ˈdʒɒŋɡləR	NN1	GenAm	89	shave_says:𐑡𐑪𐑙𐑤𐑻
jorum	𐑡𐑴𐑮𐑩𐑥	ˈdʒoʊrəm	NN1	GenAm	89	shave_says:[𐑡𐑹𐑩𐑥 / 𐑡𐑹𐑵𐑥]
judaica	𐑡𐑫𐑛𐑱𐑦𐑒	dʒuˈdeɪɪk	NN1	RSSB	89	shave_says:𐑡𐑵𐑛𐑱𐑦𐑒𐑩
judicatory	𐑡𐑫𐑛𐑦𐑒𐑩𐑑𐑹𐑦	dʒuˈdɪkəˌtɔːRi	NN1	GenAm	89	shave_says:[𐑡𐑵𐑛𐑦𐑒𐑩𐑑𐑼𐑦 / 𐑡𐑵𐑛𐑦𐑒𐑱𐑑𐑼𐑦]
juicer	𐑡𐑫𐑕𐑼	ˈdʒusəR	NN1	GenAm	89	shave_says:[𐑡𐑵𐑕𐑼 / 𐑡𐑵𐑦𐑒𐑼]
jujitsu	𐑡𐑵𐑡𐑦𐑑𐑕𐑵	ˌdʒuːˈdʒɪtsuː	NN1	RSSB	89	shave_says:𐑡𐑵𐑡𐑦𐑑𐑖𐑫
jujutsu	𐑡𐑵𐑡𐑫𐑑𐑕𐑵	ˌdʒuːˈdʒʊtsuː	NN1	RSSB	89	shave_says:𐑡𐑵𐑡𐑵𐑑𐑕𐑵
junker	𐑘𐑩𐑙𐑒𐑼	jəŋkəR	NN1	RSSB	89	shave_says:𐑡𐑳𐑙𐑒𐑼
junto	𐑡𐑳𐑯𐑑𐑴	ˈdʒʌntoʊ	NN1	GenAm	89	shave_says:𐑡𐑵𐑯𐑑𐑴
justificatory	𐑡𐑳𐑕𐑑𐑦𐑓𐑩𐑒𐑱𐑑𐑮𐑦	dʒʌstɪfəkeɪtri	AJ0	RSSB	89	shave_says:[𐑡𐑳𐑕𐑑𐑦𐑓𐑦𐑒𐑩𐑑𐑼𐑦 / 𐑡𐑳𐑕𐑑𐑦𐑓𐑦𐑒𐑱𐑑𐑼𐑦]
justificatory	𐑡𐑩𐑕𐑑𐑦𐑓𐑩𐑒𐑩𐑑𐑹𐑦	dʒəˈstɪfəkəˌtɔːRi	AJ0	GenAm	89	shave_says:[𐑡𐑳𐑕𐑑𐑦𐑓𐑦𐑒𐑩𐑑𐑼𐑦 / 𐑡𐑳𐑕𐑑𐑦𐑓𐑦𐑒𐑱𐑑𐑼𐑦]
kaaba	𐑒𐑭𐑩𐑚𐑩	ˈkɑːəbə	NN1	RSSB	89	shave_says:𐑒𐑭𐑚𐑩
kafir	𐑒𐑭𐑓𐑽	kɑːfɪəR	NN1	RSSB	89	shave_says:𐑒𐑨𐑓𐑼
kafkaesque	𐑒𐑨𐑓𐑒𐑩𐑧𐑕𐑒	ˌkæfkəˈesk	AJ0	RSSB	89	shave_says:𐑒𐑭𐑓𐑒𐑩𐑧𐑕𐑒
kafkaesque	𐑒𐑪𐑓𐑒𐑩𐑧𐑕𐑒	ˌkɒfkəˈesk	AJ0	GenAm	89	shave_says:𐑒𐑭𐑓𐑒𐑩𐑧𐑕𐑒
kagura	𐑒𐑪𐑜𐑼𐑪	ˈkɒɡərɒ	NN1	GenAm	89	shave_says:𐑒𐑭𐑜𐑵𐑮𐑩
kala-azar	𐑒𐑭𐑤𐑩𐑩𐑟𐑸	kɑːləəzɑːR	NN1	RSSB	89	shave_says:𐑒𐑱𐑤𐑩-𐑱𐑟𐑸
kanamycin	𐑒𐑨𐑯𐑩𐑥𐑲𐑕𐑦𐑯	ˌkænəˈmaɪsɪn	NN1	RSSB	89	
kannada	𐑒𐑭𐑯𐑩𐑛𐑩	ˈkɑːnədə	NN1	RSSB	89	shave_says:[𐑒𐑭𐑯𐑭𐑛𐑩 / 𐑒𐑭𐑯𐑱𐑛𐑩 / 𐑒𐑭𐑯𐑨𐑛𐑩]
kaon	𐑒𐑱𐑭𐑯	ˈkeɪˌɑːn	NN1	RSSB	89	shave_says:𐑒𐑭𐑩𐑯
karakalpak	𐑒𐑨𐑮𐑩𐑒𐑨𐑤𐑐𐑨𐑒	kærəkælpæk	NN1	RSSB	89	shave_says:𐑒𐑸𐑩𐑒𐑭𐑤𐑐𐑭𐑒
karyotype	𐑒𐑨𐑮𐑾𐑑𐑲𐑐	karɪətaɪp	NN1	RSSB	89	shave_says:[𐑒𐑺𐑦𐑴𐑑𐑲𐑐 / 𐑒𐑨𐑮𐑦𐑴𐑑𐑲𐑐]
kasha	𐑒𐑭𐑖𐑩	ˈkɑːʃə	NN1	RSSB	89	shave_says:𐑒𐑨𐑖𐑩
katabatic	𐑒𐑨𐑑𐑩𐑚𐑨𐑑𐑦𐑒	kætəˈbætɪk	AJ0	RSSB	89	shave_says:[𐑒𐑭𐑑𐑭𐑚𐑨𐑑𐑦𐑒 / 𐑒𐑭𐑑𐑭𐑚𐑱𐑑𐑦𐑒]
katydid	𐑒𐑱𐑑𐑦𐑛𐑩𐑛	ˈkeɪtiˌdƏd	NN1	GenAm	89	shave_says:𐑒𐑱𐑑𐑦𐑛𐑦𐑛
katzenjammer	𐑒𐑨𐑑𐑕𐑩𐑯𐑡𐑨𐑥𐑼	kætsəndʒæməR	NN1	RSSB	89	shave_says:𐑒𐑨𐑑𐑕𐑧𐑯𐑡𐑨𐑥𐑼
kauri	𐑒𐑬𐑮𐑦	ˈkaʊri	NN1	RSSB	89	shave_says:𐑒𐑹𐑦
kea	𐑒𐑰𐑩	ˈkiːə	NN1	RSSB	89	shave_says:𐑒𐑦𐑩
keeshond	𐑒𐑱𐑕𐑩𐑯𐑛	ˈkeɪsənd	NN1	RSSB	89	shave_says:𐑒𐑰𐑖𐑩𐑯𐑛
kelvin	𐑒𐑧𐑤𐑝𐑩𐑯	ˈkelvən	NN1	GenAm	89	shave_says:𐑒𐑧𐑤𐑝𐑦𐑯
keno	𐑒𐑰𐑯𐑴	ˈkiːnəʊ	NN1	RSSB	89	shave_says:𐑒𐑧𐑯𐑴
kenosis	𐑒𐑦𐑯𐑴𐑕𐑦𐑕	kɪˈnəʊsɪs	NN1	RSSB	89	shave_says:[𐑒𐑧𐑯𐑴𐑕𐑦𐑕 / 𐑒𐑧𐑯𐑴𐑟𐑦𐑕 / 𐑒𐑧𐑯𐑴𐑟𐑦𐑟]
keratin	𐑒𐑧𐑮𐑩𐑑𐑯	kerətn	NN1	RSSB	89	shave_says:𐑒𐑧𐑮𐑩𐑑𐑦𐑯
keratinization	𐑒𐑼𐑨𐑑𐑦𐑯𐑲𐑟𐑱𐑖𐑩𐑯	kərætɪnaɪzeɪʃən	NN1	RSSB	89	shave_says:[𐑒𐑧𐑮𐑩𐑑𐑦𐑯𐑲𐑟𐑱𐑖𐑩𐑯 / 𐑒𐑧𐑮𐑩𐑑𐑦𐑯𐑦𐑟𐑱𐑖𐑩𐑯 / 𐑒𐑧𐑮𐑩𐑑𐑦𐑯𐑲𐑟𐑭𐑑𐑦𐑩𐑯 / 𐑒𐑧𐑮𐑩𐑑𐑦𐑯𐑲𐑟𐑩𐑑𐑦𐑩𐑯]
keratinize	𐑒𐑧𐑮𐑩𐑑𐑯𐑲𐑟	kerətnaɪz	VVI	RSSB	89	shave_says:[𐑒𐑧𐑮𐑩𐑑𐑦𐑯𐑲𐑟 / 𐑒𐑧𐑮𐑩𐑑𐑰𐑯𐑲𐑟]
kerygma	𐑒𐑼𐑦𐑜𐑥𐑩	kərɪɡmə	NN1	RSSB	89	shave_says:𐑒𐑧𐑮𐑦𐑜𐑥𐑩
ketamine	𐑒𐑧𐑑𐑩𐑥𐑦𐑯	ˈketəmɪn	NN1	RSSB	89	shave_says:𐑒𐑧𐑑𐑩𐑥𐑰𐑯
ketoprofen	𐑒𐑰𐑑𐑩𐑐𐑮𐑴𐑓𐑩𐑯	ˌkiːtəˈproʊfən	NN1	GenAm	89	shave_says:𐑒𐑰𐑑𐑴𐑐𐑮𐑴𐑓𐑩𐑯
ketorolac	𐑒𐑰𐑑𐑹𐑩𐑤𐑨𐑒	kiːˈtɔːRəˌlæk	NN1	GenAm	89	shave_says:[𐑒𐑰𐑑𐑼𐑴𐑤𐑨𐑒 / 𐑒𐑰𐑑𐑼𐑩𐑤𐑨𐑒]
keynesian	𐑒𐑱𐑯𐑟𐑾𐑯	ˈkeɪnziən	AJ0	GenAm	89	shave_says:[𐑒𐑱𐑯𐑟𐑦𐑩𐑯 / 𐑒𐑰𐑯𐑧𐑕𐑦𐑩𐑯]
keynesianism	𐑒𐑱𐑯𐑟𐑾𐑯𐑦𐑟𐑩𐑥	ˈkeɪnziənɪzəm	NN1	RSSB	89	shave_says:[𐑒𐑱𐑯𐑟𐑦𐑩𐑯𐑦𐑟𐑩𐑥 / 𐑒𐑰𐑯𐑧𐑕𐑦𐑩𐑯𐑦𐑟𐑩𐑥]
khedive	𐑒𐑩𐑛𐑰𐑝	kəˈdiːv	NN1	RSSB	89	shave_says:𐑣𐑒𐑑𐑦𐑝
khoisan	𐑒𐑶𐑕𐑪𐑯	ˈkɔɪˌsɒn	NN1	GenAm	89	shave_says:𐑒𐑶𐑕𐑭𐑯
kiang	𐑒𐑦𐑨𐑙	kiˈæŋ	NN1	RSSB	89	shave_says:[𐑒𐑲𐑨𐑙 / 𐑒𐑰𐑨𐑙]
kiang	𐑒𐑰𐑪𐑙	kiːˈɒŋ	NN1	GenAm	89	shave_says:[𐑒𐑲𐑨𐑙 / 𐑒𐑰𐑨𐑙]
kibe	𐑒𐑲𐑚	kaɪb	NN1	RSSB	89	
kieselguhr	𐑒𐑰𐑟𐑩𐑤𐑜𐑫𐑼	kiːzəlɡʊəR	NN1	RSSB	89	
killdeer	𐑒𐑦𐑤𐑛𐑦𐑮	ˈkɪldɪr	NN1	GenAm	89	shave_says:[𐑒𐑦𐑤𐑛𐑽 / 𐑒𐑦𐑤𐑛𐑰𐑮]
kinase	𐑒𐑦𐑯𐑱𐑟	ˈkɪneɪz	NN1	RSSB	89	shave_says:[𐑒𐑲𐑯𐑱𐑕 / 𐑒𐑦𐑯𐑱𐑕]
kinesiology	𐑒𐑩𐑯𐑦𐑟𐑦𐑷𐑤𐑩𐑡𐑦	kəˌniziˈɔlədʒɪ	NN1	RSSB	89	shave_says:[𐑒𐑦𐑯𐑰𐑟𐑦𐑪𐑤𐑩𐑡𐑦 / 𐑒𐑦𐑯𐑰𐑟𐑦𐑩𐑤𐑪𐑜𐑦]
kinesis	𐑒𐑩𐑯𐑰𐑕𐑦𐑕	ˌkəˈniːsɪs	NN1	RSSB	89	shave_says:𐑒𐑦𐑯𐑰𐑕𐑦𐑕
kinesthesia	𐑒𐑦𐑯𐑦𐑕𐑔𐑰𐑠𐑩	ˌkɪnɪsˈθiːʒə	NN1	GenAm	89	shave_says:𐑒𐑦𐑯𐑦𐑕𐑔𐑰𐑟𐑦𐑩
kinetochore	𐑒𐑦𐑯𐑰𐑑𐑴𐑒𐑹	kɪniːtəʊkɔːR	NN1	RSSB	89	
kinetochore	𐑒𐑩𐑯𐑰𐑑𐑴𐑒𐑹	kəˈniːtoʊkɔːR	NN1	GenAm	89	
kinkajou	𐑒𐑦𐑙𐑒𐑩𐑡𐑵	ˈkɪŋkəˌdʒuː	NN1	RSSB	89	
kinyarwanda	𐑒𐑦𐑯𐑘𐑼𐑫𐑨𐑯𐑛𐑩	kɪnjəruændə	NN1	RSSB	89	
kirghiz	𐑒𐑻𐑜𐑩𐑟	kɜːRɡƏz	NN1	RSSB	89	shave_says:𐑒𐑽𐑜𐑦𐑟
kirghiz	𐑒𐑦𐑮𐑜𐑰𐑟	kɪrˈɡiːz	NN1	GenAm	89	shave_says:𐑒𐑽𐑜𐑦𐑟
kishke	𐑒𐑦𐑖𐑒𐑩	ˈkɪʃkə	NN1	RSSB	89	
knish	𐑒𐑩𐑯𐑦𐑖	kəˈnɪʃ	NN1	RSSB	89	shave_says:𐑒𐑯𐑦𐑖
koan	𐑒𐑴𐑭𐑯	ˈkəʊɑːn	NN1	RSSB	89	shave_says:𐑒𐑴𐑯
koan	𐑒𐑴𐑪𐑯	ˈkoʊɒn	NN1	GenAm	89	shave_says:𐑒𐑴𐑯
koine	𐑒𐑶𐑯𐑰	ˈkɔɪniː	NN1	RSSB	89	shave_says:𐑒𐑶𐑯
koinonia	𐑒𐑶𐑯𐑴𐑯𐑾	kɔɪˈnəʊnɪə	NN1	RSSB	89	shave_says:[𐑒𐑶𐑯𐑴𐑯𐑦𐑩 / 𐑒𐑶𐑯𐑩𐑯𐑦𐑩 / 𐑒𐑱𐑴𐑦𐑯𐑴𐑯𐑦𐑩]
kolkhoz	𐑒𐑩𐑤𐑒𐑪𐑟	kəlˈkɒz	NN1	RSSB	89	shave_says:𐑒𐑭𐑤𐑣𐑒𐑴𐑕
kooky	𐑒𐑫𐑒𐑦	ˈkuki	AJ0	GenAm	89	shave_says:𐑒𐑵𐑒𐑦
kore	𐑒𐑷𐑼𐑱	kɔəreɪ	NN1	RSSB	89	shave_says:𐑒𐑹
kore	𐑒𐑪𐑮𐑱	ˈkoreɪ	NN1	GenAm	89	shave_says:𐑒𐑹
koruna	𐑒𐑼𐑵𐑯𐑩	kəruːnə	NN1	RSSB	89	shave_says:𐑒𐑪𐑮𐑵𐑯𐑩
kowhai	𐑒𐑴𐑓𐑲	ˈkoʊfaɪ	NN1	RSSB	89	shave_says:𐑒𐑬𐑣𐑭𐑦
krait	𐑒𐑮𐑲𐑑	kraɪt	NN1	RSSB	89	shave_says:𐑒𐑮𐑭𐑦𐑑
kroon	𐑒𐑮𐑴𐑯	krəʊn	NN1	RSSB	89	shave_says:𐑒𐑮𐑵𐑯
kshatriya	𐑒𐑖𐑨𐑑𐑮𐑦𐑩	kʃatri+ə	NN1	RSSB	89	shave_says:[𐑖𐑩𐑑𐑮𐑦𐑩 / 𐑖𐑩𐑑𐑮𐑦𐑘𐑩]
kudzu	𐑒𐑫𐑛𐑟𐑵	ˈkʊdzuː	NN1	GenAm	89	shave_says:𐑒𐑳𐑛𐑟𐑵
kuru	𐑒𐑫𐑮𐑵	ˈkʊruː	NN1	RSSB	89	shave_says:𐑒𐑵𐑮𐑵
kuvasz	𐑒𐑫𐑝𐑨𐑕	ˈkuvas	NN1	RSSB	89	
kwashiorkor	𐑒𐑢𐑪𐑖𐑦𐑹𐑒𐑹	kwɒʃiɔːRkɔːR	NN1	RSSB	89	
kwashiorkor	𐑒𐑢𐑪𐑖𐑦𐑹𐑒𐑼	ˌkwɒʃiˈɔːRkəR	NN1	GenAm	89	
kyat	𐑒𐑰𐑭𐑑	kiːˈɑːt	NN1	RSSB	89	shave_says:𐑒𐑲𐑨𐑑
kyat	𐑒𐑰𐑪𐑑	kiːˈɒt	NN1	GenAm	89	shave_says:𐑒𐑲𐑨𐑑
kylix	𐑒𐑲𐑤𐑦𐑒𐑕	ˈkaɪlɪks	NN1	RSSB	89	
labetalol	𐑤𐑩𐑚𐑰𐑑𐑩𐑤𐑪𐑤	ləˈbiːtəlɒl	NN1	RSSB	89	shave_says:[𐑤𐑭𐑚𐑱𐑑𐑱𐑤𐑩𐑤 / 𐑤𐑩𐑚𐑱𐑑𐑩𐑤𐑪𐑤 / 𐑤𐑭𐑚𐑱𐑑𐑱𐑤𐑴𐑤 / 𐑤𐑭𐑚𐑱𐑰𐑑𐑩𐑤𐑩𐑤]
labetalol	𐑤𐑩𐑚𐑧𐑑𐑩𐑤𐑪𐑤	ləˈbetəˌlɒl	NN1	GenAm	89	shave_says:[𐑤𐑭𐑚𐑱𐑑𐑱𐑤𐑩𐑤 / 𐑤𐑩𐑚𐑱𐑑𐑩𐑤𐑪𐑤 / 𐑤𐑭𐑚𐑱𐑑𐑱𐑤𐑴𐑤 / 𐑤𐑭𐑚𐑱𐑰𐑑𐑩𐑤𐑩𐑤]
labile	𐑤𐑱𐑚𐑲𐑤	ˈleɪbaɪl	AJ0	RSSB	89	shave_says:[𐑤𐑭𐑚𐑱𐑲𐑤 / 𐑤𐑨𐑚𐑲𐑤 / 𐑤𐑩𐑚𐑲𐑤 / 𐑤𐑭𐑚𐑱𐑦𐑩𐑤]
labium	𐑤𐑱𐑚𐑦𐑩𐑥	ˈleɪbi+əm	NN1	RSSB	89	shave_says:[𐑤𐑭𐑚𐑱𐑦𐑩𐑥 / 𐑤𐑩𐑚𐑲𐑩𐑥 / 𐑤𐑭𐑚𐑱𐑦𐑵𐑥]
labyrinthian	𐑤𐑨𐑚𐑼𐑦𐑯𐑔𐑦𐑧𐑯	læbərɪnθien	AJ0	RSSB	89	shave_says:𐑤𐑨𐑚𐑼𐑦𐑯𐑔𐑦𐑩𐑯
lac	𐑤𐑨𐑒	læk	NN1	RSSB	89	shave_says:𐑤𐑭𐑒
lacer	𐑤𐑱𐑕𐑼	leɪsəR	NN1	RSSB	89	shave_says:𐑤𐑨𐑕𐑼
lachesis	𐑤𐑨𐑒𐑦𐑕𐑦𐑕	ˈlækɪsɪs	NN1	RSSB	89	shave_says:𐑤𐑭𐑒𐑩𐑕𐑦𐑕
lachrymatory	𐑤𐑨𐑒𐑮𐑦𐑥𐑩𐑑𐑼𐑦	lækrɪmətəri	AJ0	RSSB	89	shave_says:[𐑤𐑨𐑗𐑮𐑦𐑥𐑩𐑑𐑼𐑦 / 𐑤𐑨𐑗𐑮𐑦𐑥𐑱𐑑𐑼𐑦 / 𐑤𐑩𐑗𐑮𐑦𐑥𐑱𐑑𐑼𐑦]
laciniate	𐑤𐑩𐑕𐑦𐑯𐑦𐑩𐑑	ləˈsɪni+ət	AJ0	RSSB	89	shave_says:[𐑤𐑱𐑕𐑦𐑯𐑦𐑱𐑑 / 𐑤𐑩𐑕𐑦𐑯𐑦𐑱𐑑]
lacrimal	𐑤𐑨𐑒𐑮𐑩𐑥𐑩𐑤	ˈlækrəməl	AJ0	GenAm	89	shave_says:𐑤𐑨𐑒𐑮𐑦𐑥𐑩𐑤
lactose	𐑤𐑨𐑒𐑑𐑴𐑕	ˈlæktoʊs	NN1	GenAm	89	shave_says:𐑤𐑨𐑒𐑑𐑴𐑕𐑱
lacustrine	𐑤𐑩𐑒𐑳𐑕𐑑𐑮𐑦𐑯	ləkʌstrɪn	AJ0	RSSB	89	shave_says:𐑤𐑩𐑒𐑳𐑕𐑑𐑮𐑰𐑯
ladin	𐑤𐑩𐑛𐑰𐑯	ləˈdiːn	NN1	RSSB	89	shave_says:[𐑤𐑱𐑛𐑦𐑯 / 𐑤𐑨𐑛𐑦𐑯 / 𐑤𐑩𐑛𐑦𐑯]
lahar	𐑤𐑭𐑣𐑸	lɑːhɑːR	NN1	RSSB	89	shave_says:[𐑤𐑭𐑼 / 𐑤𐑩𐑣𐑸 / 𐑤𐑭𐑣𐑧𐑼]
lambdacism	𐑤𐑨𐑥𐑚𐑛𐑩𐑕𐑦𐑟𐑩𐑥	ˈlæmbdəˌsɪzəm	NN1	RSSB	89	shave_says:[𐑤𐑨𐑥𐑛𐑩𐑕𐑦𐑟𐑩𐑥 / 𐑤𐑨𐑥𐑛𐑨𐑒𐑦𐑟𐑩𐑥]
lamedh	𐑤𐑭𐑥𐑧𐑛	ˈlɑːmed	NN1	RSSB	89	
lamia	𐑤𐑱𐑥𐑾	ˈleɪmɪə	NN1	RSSB	89	shave_says:[𐑤𐑩𐑥𐑦𐑩 / 𐑤𐑱𐑥𐑦𐑩]
laminar	𐑤𐑨𐑥𐑦𐑯𐑼	læmɪnəR	AJ0	RSSB	89	shave_says:𐑤𐑨𐑥𐑦𐑯𐑸
lamivudine	𐑤𐑩𐑥𐑦𐑝𐑘𐑩𐑛𐑰𐑯	ləˈmɪvjəˌdiːn	NN1	GenAm	89	
lammergeier	𐑤𐑨𐑥𐑼𐑜𐑲𐑼	ˈlaməRɡaɪəR	NN1	GenAm	89	shave_says:[𐑤𐑨𐑥𐑼𐑡𐑦𐑼 / 𐑤𐑩𐑥𐑼𐑡𐑦𐑼]
lammergeyer	𐑤𐑨𐑥𐑼𐑜𐑲𐑼	laməRɡaɪəR	NN1	RSSB	89	shave_says:[𐑤𐑨𐑥𐑼𐑡𐑦𐑼 / 𐑤𐑩𐑥𐑼𐑡𐑦𐑼]
landscaper	𐑤𐑨𐑯𐑛𐑕𐑒𐑧𐑦𐑐𐑼	ˈlændskeipəR	NN1	GenAm	89	shave_says:𐑤𐑨𐑯𐑛𐑕𐑒𐑱𐑐𐑼
langoustine	𐑤𐑪𐑙𐑜𐑩𐑕𐑑𐑰𐑯	ˈlɒŋɡəstiːn	NN1	RSSB	89	shave_says:𐑤𐑪𐑙𐑜𐑵𐑕𐑑𐑰𐑯
lansoprazole	𐑤𐑨𐑯𐑕𐑴𐑐𐑮𐑩𐑟𐑴𐑤	lænˈsoʊprəˌzoʊl	NN1	GenAm	89	
lanugo	𐑤𐑩𐑯𐑿𐑜𐑴	ləˈnjuːɡəʊ	NN1	RSSB	89	shave_says:[𐑤𐑩𐑯𐑳𐑜𐑴 / 𐑤𐑱𐑯𐑵𐑜𐑴 / 𐑤𐑱𐑯𐑳𐑜𐑴]
largess	𐑤𐑸𐑠𐑧𐑕	lɑːRʒes	NN1	RSSB	89	shave_says:𐑤𐑸𐑡𐑧𐑕
larrup	𐑤𐑨𐑮𐑩𐑐	lærəp	VVI	RSSB	89	shave_says:[𐑤𐑸𐑵𐑐 / 𐑤𐑸𐑳𐑐]
laryngeal	𐑤𐑼𐑦𐑯𐑡𐑦𐑩𐑤	lərɪndʒi+əl	AJ0	RSSB	89	shave_says:𐑤𐑨𐑮𐑦𐑯𐑡𐑩𐑤
laryngeal	𐑤𐑼𐑦𐑯𐑡𐑩𐑤	ləˈrɪndʒəl	AJ0	GenAm	89	shave_says:𐑤𐑨𐑮𐑦𐑯𐑡𐑩𐑤
laryngismus	𐑤𐑨𐑮𐑦𐑯𐑡𐑦𐑟𐑥𐑩𐑕	lærɪndʒɪzməs	NN1	RSSB	89	shave_says:[𐑤𐑨𐑮𐑦𐑯𐑡𐑦𐑟𐑩𐑥𐑩𐑕 / 𐑤𐑨𐑮𐑦𐑯𐑡𐑦𐑟𐑩𐑥𐑵𐑟]
lasik	𐑤𐑱𐑕𐑦𐑒	ˈleɪsɪk	NN1	RSSB	89	shave_says:[𐑤𐑱𐑟𐑦𐑒 / 𐑤𐑭𐑕𐑦𐑒 / 𐑤𐑩𐑕𐑦𐑒]
lastingness	𐑤𐑨𐑕𐑑𐑦𐑙𐑯𐑩𐑕	ˈlæstɪŋnəs	NN1	GenAm	89	shave_says:[𐑤𐑭𐑕𐑑𐑦𐑙𐑯𐑩𐑕 / 𐑤𐑩𐑕𐑑𐑦𐑙𐑯𐑩𐑕]
latakia	𐑤𐑨𐑑𐑩𐑒𐑰𐑩	latəˈkiːə	NN1	RSSB	89	shave_says:[𐑤𐑭𐑑𐑭𐑒𐑦𐑩 / 𐑤𐑩𐑑𐑭𐑒𐑦𐑩]
lates	𐑤𐑱𐑑𐑰𐑟	ˈleɪtiːz	NN1	RSSB	89	shave_says:𐑤𐑱𐑑𐑕
latke	𐑤𐑭𐑑𐑒𐑦	ˈlɑːtki	NN1	RSSB	89	shave_says:𐑤𐑭𐑑𐑒𐑩
lats	𐑤𐑭𐑑𐑕	lɑːts	NN1	RSSB	89	shave_says:𐑤𐑨𐑑𐑕
laugher	𐑤𐑨𐑓𐑼	ˈlæfəR	NN1	GenAm	89	shave_says:𐑤𐑭𐑓𐑼
laureled	𐑤𐑹𐑩𐑤𐑛	ˈlɔːRəld	AJ0	GenAm	89	shave_says:𐑤𐑪𐑮𐑩𐑤𐑛
lavabo	𐑤𐑩𐑝𐑱𐑚𐑴	ləˈveɪbəʊ	NN1	RSSB	89	shave_says:[𐑤𐑭𐑝𐑩𐑚𐑴 / 𐑤𐑩𐑝𐑨𐑚𐑴]
lawman	𐑤𐑪𐑥𐑨𐑯	ˈlɒmæn	NN1	GenAm	89	shave_says:[𐑤𐑷𐑥𐑩𐑯 / 𐑤𐑷𐑥𐑨𐑯 / 𐑤𐑩𐑢𐑥𐑩𐑯]
lay-by	𐑤𐑱𐑚𐑲	ˈleɪbaɪ	NN1	RSSB	89	shave_says:𐑤𐑱-𐑚𐑲
leakproof	𐑤𐑰𐑒𐑐𐑮𐑫𐑓	ˈliːkpruf	AJ0	RSSB	89	shave_says:𐑤𐑰𐑒𐑐𐑮𐑵𐑓
lebensraum	𐑤𐑧𐑚𐑩𐑯𐑕𐑮𐑬𐑥	leːbənsraʊm	NN1	RSSB	89	shave_says:𐑤𐑧𐑚𐑩𐑯𐑟𐑮𐑬𐑥
lecithin	𐑤𐑧𐑕𐑩𐑔𐑦𐑯	ˈlesəθɪn	NN1	RSSB	89	shave_says:𐑤𐑧𐑕𐑦𐑔𐑦𐑯
lederhosen	𐑤𐑱𐑛𐑼𐑣𐑴𐑟𐑩𐑯	ˈleɪdəRˌhoʊzən	NN1	GenAm	89	shave_says:𐑤𐑰𐑛𐑼𐑣𐑴𐑟𐑩𐑯
leflunomide	𐑤𐑩𐑓𐑤𐑵𐑯𐑩𐑥𐑲𐑛	ləˈfluːnəˌmaɪd	NN1	GenAm	89	
legitimation	𐑤𐑦𐑡𐑦𐑑𐑦𐑥𐑱𐑖𐑯	lɪdʒɪtɪˈmeɪʃn	NN1	RSSB	89	shave_says:𐑤𐑦𐑡𐑦𐑑𐑦𐑥𐑩𐑑𐑦𐑩𐑯
leister	𐑤𐑰𐑕𐑑𐑼	ˈliːstəR	NN1	GenAm	89	shave_says:𐑤𐑲𐑕𐑑𐑼
leitmotif	𐑤𐑱𐑑𐑥𐑴𐑑𐑰𐑓	ˈleɪtmoʊˌtiːf	NN1	GenAm	89	shave_says:𐑤𐑲𐑑𐑥𐑴𐑑𐑰𐑓
lemniscate	𐑤𐑧𐑥𐑯𐑦𐑕𐑒𐑩𐑑	lemˈnɪskət	NN1	RSSB	89	shave_says:𐑤𐑧𐑥𐑯𐑦𐑕𐑒𐑱𐑑
lenape	𐑤𐑩𐑯𐑭𐑐𐑦	ləˈnɑːpi	NN1	GenAm	89	shave_says:𐑤𐑧𐑯𐑩𐑐𐑦
lenify	𐑤𐑰𐑯𐑦𐑓𐑲	ˈliːnɪfaɪ	VVI	RSSB	89	shave_says:[𐑤𐑧𐑯𐑦𐑓𐑲 / 𐑤𐑰𐑯𐑦𐑓𐑦 / 𐑤𐑱𐑯𐑩𐑦𐑓𐑲]
lenticular	𐑤𐑧𐑯𐑑𐑦𐑒𐑘𐑩𐑤𐑼	lenˈtɪkjələR	AJ0	GenAm	89	shave_says:[𐑤𐑧𐑯𐑑𐑦𐑒𐑿𐑤𐑼 / 𐑤𐑧𐑯𐑑𐑦𐑒𐑵𐑤𐑼]
leotard	𐑤𐑰𐑩𐑑𐑸𐑛	ˈliːətɑːrd	NN1	GenAm	89	shave_says:𐑤𐑦𐑩𐑑𐑸𐑛
leu	𐑤𐑱𐑵	ˈleɪuː	NN1	RSSB	89	shave_says:𐑤𐑵
leukemia	𐑤𐑵𐑒𐑰𐑥𐑦𐑩	luːˈkiːmi+ə	NN1	RSSB	89	shave_says:𐑤𐑵𐑒𐑰𐑥𐑾
levator	𐑤𐑦𐑝𐑱𐑑𐑼	lɪˈveɪtəR	NN1	GenAm	89	shave_says:[𐑤𐑧𐑝𐑱𐑑𐑼 / 𐑤𐑧𐑝𐑨𐑑𐑼]
levodopa	𐑤𐑰𐑝𐑩𐑛𐑴𐑐𐑩	ˌliːvəˈdəʊpə	NN1	RSSB	89	shave_says:[𐑤𐑰𐑝𐑴𐑛𐑴𐑐𐑩 / 𐑤𐑧𐑝𐑴𐑛𐑴𐑐𐑩 / 𐑤𐑧𐑝𐑴𐑛𐑪𐑐𐑩]
levodopa	𐑤𐑧𐑝𐑩𐑛𐑴𐑐𐑩	ˌlevəˈdoʊpə	NN1	GenAm	89	shave_says:[𐑤𐑰𐑝𐑴𐑛𐑴𐑐𐑩 / 𐑤𐑧𐑝𐑴𐑛𐑴𐑐𐑩 / 𐑤𐑧𐑝𐑴𐑛𐑪𐑐𐑩]
libertarianism	𐑤𐑦𐑚𐑼𐑑𐑺𐑾𐑯𐑦𐑟𐑥	lɪbəRteərɪənɪzm	NN1	RSSB	89	shave_says:𐑤𐑦𐑚𐑼𐑑𐑺𐑾𐑯𐑦𐑟𐑩𐑥
libration	𐑤𐑲𐑚𐑮𐑱𐑖𐑩𐑯	laɪbreɪʃən	NN1	RSSB	89	shave_says:[𐑤𐑦𐑚𐑮𐑨𐑖𐑩𐑯 / 𐑤𐑦𐑚𐑮𐑱𐑖𐑩𐑯 / 𐑤𐑰𐑚𐑮𐑩𐑑𐑦𐑩𐑯 / 𐑤𐑦𐑚𐑮𐑭𐑑𐑦𐑩𐑯]
licorice	𐑤𐑦𐑒𐑮𐑦𐑖	ˈlɪkrɪʃ	NN1	RSSB	89	shave_says:𐑤𐑦𐑒𐑼𐑦𐑖
lidocaine	𐑤𐑦𐑛𐑩𐑒𐑱𐑯	ˈlɪdəkeɪn	NN1	RSSB	89	shave_says:[𐑤𐑲𐑛𐑩𐑒𐑱𐑯 / 𐑤𐑲𐑛𐑩𐑒𐑩𐑰𐑯]
lienal	𐑤𐑲𐑩𐑯𐑩𐑤	ˈlaɪ+ənəl	AJ0	RSSB	89	shave_says:𐑤𐑾𐑯𐑩𐑤
lights-out	𐑤𐑲𐑑𐑕𐑬𐑑	ˈlaɪtsaʊt	NN1	RSSB	89	shave_says:𐑤𐑲𐑑𐑕-𐑬𐑑
lilangeni	𐑤𐑦𐑤𐑨𐑙𐑜𐑱𐑯𐑦	ˌlɪlæŋˈɡeɪni	NN1	RSSB	89	shave_says:𐑤𐑲𐑤𐑩𐑯𐑡𐑩𐑯𐑦
limner	𐑤𐑦𐑥𐑯𐑼	lɪmnəR	NN1	RSSB	89	shave_says:𐑤𐑦𐑥𐑼
linalool	𐑤𐑦𐑯𐑨𐑤𐑴𐑪𐑤	lɪˈnæləʊɒl	NN1	RSSB	89	shave_says:𐑤𐑰𐑯𐑩𐑤𐑵𐑤
linalool	𐑤𐑦𐑯𐑨𐑤𐑴𐑩𐑤	lɪˈnæloʊəl	NN1	GenAm	89	shave_says:𐑤𐑰𐑯𐑩𐑤𐑵𐑤
lindsay	𐑤𐑦𐑯𐑟𐑦	ˈlɪnzi	NN1	GenAm	89	shave_says:𐑤𐑦𐑯𐑛𐑟𐑦
linearity	𐑤𐑦𐑯𐑦𐑨𐑮𐑩𐑑𐑦	lɪniærəti	NN1	RSSB	89	shave_says:𐑤𐑦𐑯𐑦𐑺𐑦𐑑𐑦
linguica	𐑤𐑦𐑙𐑜𐑢𐑲𐑒𐑩	lɪŋˈɡwaɪkə	NN1	RSSB	89	shave_says:𐑤𐑦𐑙𐑜𐑢𐑦𐑒𐑩
linguine	𐑤𐑦𐑙𐑜𐑢𐑰𐑯𐑦	lɪŋˈɡwiːni	NN1	GenAm	89	shave_says:𐑤𐑦𐑙𐑜𐑢𐑰𐑯
linnaean	𐑤𐑦𐑯𐑱𐑩𐑯	lɪˈneɪ+ən	AJ0	RSSB	89	shave_says:𐑤𐑦𐑯𐑦𐑩𐑯
liothyronine	𐑤𐑲𐑴𐑔𐑲𐑮𐑩𐑯𐑰𐑯	ˌlaɪoʊˈθaɪrəˌniːn	NN1	GenAm	89	shave_says:𐑤𐑦𐑪𐑔𐑲𐑼𐑩𐑯𐑰𐑯
lipid	𐑤𐑦𐑐𐑩𐑛	ˈlɪpƏd	NN1	RSSB	89	shave_says:𐑤𐑦𐑐𐑦𐑛
liposuction	𐑤𐑨𐑦𐑐𐑪𐑕𐑳𐑒𐑖𐑩𐑯	ˈlaipoˌsʌkʃən	NN1	RSSB	89	shave_says:𐑤𐑲𐑐𐑴𐑕𐑳𐑒𐑖𐑩𐑯
lisinopril	𐑤𐑦𐑕𐑦𐑯𐑩𐑐𐑮𐑦𐑤	lɪˈsɪnəˌprɪl	NN1	GenAm	89	shave_says:𐑤𐑰𐑟𐑰𐑯𐑴𐑐𐑮𐑦𐑤
litas	𐑤𐑦𐑑𐑨𐑕	ˈlɪtæs	NN1	RSSB	89	shave_says:𐑤𐑲𐑑𐑩𐑟
literatim	𐑤𐑦𐑑𐑼𐑱𐑑𐑦𐑥	ˌlɪtəRˈeɪtɪm	AV0	GenAm	89	shave_says:𐑤𐑦𐑑𐑼𐑩𐑑𐑦𐑥
lithuanian	𐑤𐑦𐑔𐑫𐑱𐑯𐑦𐑩𐑯	ˌlɪθʊˈeɪni+ən	AJ0	RSSB	89	shave_says:𐑤𐑦𐑔𐑿𐑱𐑯𐑾𐑯
litterateur	𐑤𐑦𐑑𐑼𐑩𐑑𐑻	lɪtərətɜːR	NN1	RSSB	89	shave_says:[𐑤𐑦𐑑𐑼𐑱𐑑𐑻 / 𐑤𐑦𐑑𐑼𐑨𐑑𐑻]
litterateur	𐑤𐑦𐑑𐑼𐑩𐑑𐑫𐑼	ˌlɪtərəˈtʊəR	NN1	GenAm	89	shave_says:[𐑤𐑦𐑑𐑼𐑱𐑑𐑻 / 𐑤𐑦𐑑𐑼𐑨𐑑𐑻]
liverwort	𐑤𐑦𐑝𐑼𐑢𐑻𐑑	ˈlɪvəRwɜːRt	NN1	GenAm	89	shave_says:[𐑤𐑦𐑝𐑼𐑢𐑹𐑑 / 𐑤𐑦𐑝𐑼𐑢𐑼𐑑]
llano	𐑤𐑭𐑯𐑴	ˈlɑːnəʊ	NN1	RSSB	89	shave_says:𐑘𐑭𐑯𐑴
lobelia	𐑤𐑴𐑚𐑰𐑤𐑾	loʊˈbiːliə	NN1	RSSB	89	shave_says:[𐑤𐑴𐑚𐑤𐑦𐑩 / 𐑤𐑴𐑚𐑩𐑤𐑦𐑩]
lobule	𐑤𐑪𐑚𐑘𐑫𐑤	ˈlɒbjul	NN1	GenAm	89	shave_says:[𐑤𐑴𐑚𐑿𐑤 / 𐑤𐑪𐑚𐑿𐑤 / 𐑤𐑴𐑚𐑵𐑩𐑤]
lochia	𐑤𐑴𐑒𐑦𐑩	ˈloʊki+ə	NN1	GenAm	89	shave_says:𐑤𐑪𐑒𐑦𐑩
locomote	𐑤𐑴𐑒𐑩𐑥𐑴𐑑	ləʊkəˈməʊt	VVI	RSSB	89	shave_says:[𐑤𐑴𐑒𐑴𐑥𐑴𐑑 / 𐑤𐑴𐑒𐑳𐑥𐑴𐑑]
logger	𐑤𐑭𐑜𐑼	ˈlɑːɡəR	NN1	GenAm	89	shave_says:𐑤𐑪𐑜𐑼
logion	𐑤𐑴𐑡𐑦𐑩𐑯	ˈloʊdʒi+ən	NN1	GenAm	89	shave_says:[𐑤𐑴𐑜𐑦𐑩𐑯 / 𐑤𐑴𐑠𐑦𐑩𐑯]
logogram	𐑤𐑷𐑜𐑩𐑜𐑮𐑨𐑥	ˈlɔːɡəɡræm	NN1	GenAm	89	shave_says:[𐑤𐑪𐑜𐑩𐑜𐑮𐑨𐑥 / 𐑤𐑴𐑜𐑴𐑜𐑮𐑨𐑥 / 𐑤𐑴𐑜𐑴𐑜𐑮𐑩𐑥]
logomachy	𐑤𐑴𐑜𐑪𐑥𐑩𐑒𐑦	loʊˈɡɒməki	NN1	GenAm	89	shave_says:[𐑤𐑴𐑜𐑴𐑥𐑱𐑒𐑦 / 𐑤𐑪𐑜𐑴𐑥𐑩𐑗𐑦]
logorrhea	𐑤𐑪𐑜𐑼𐑰𐑩	ˌlɒɡəˈriː+ə	NN1	GenAm	89	shave_says:𐑤𐑪𐑜𐑼𐑾
loir	𐑤𐑶𐑼	lɔɪəR	NN1	RSSB	89	
longan	𐑤𐑪𐑙𐑜𐑩𐑯	ˈlɒŋɡən	NN1	GenAm	89	shave_says:𐑤𐑪𐑙𐑩𐑯
longanimity	𐑤𐑪𐑙𐑜𐑩𐑯𐑦𐑥𐑦𐑑𐑦	lɒŋɡəˈnɪmɪti	NN1	RSSB	89	shave_says:[𐑤𐑪𐑙𐑨𐑯𐑦𐑥𐑱𐑦𐑑𐑦 / 𐑤𐑪𐑙𐑩𐑯𐑦𐑥𐑦𐑑𐑦 / 𐑤𐑪𐑙𐑩𐑯𐑦𐑥𐑲𐑑𐑦]
longyi	𐑤𐑪𐑯𐑡𐑦	ˈlɒndʒi	NN1	GenAm	89	shave_says:𐑤𐑪𐑙𐑘𐑦
lorazepam	𐑤𐑹𐑨𐑟𐑩𐑐𐑨𐑥	lɔːRˈæzəˌpæm	NN1	GenAm	89	shave_says:𐑤𐑹𐑱𐑟𐑦𐑐𐑨𐑥
lorchel	𐑤𐑹𐑒𐑩𐑤	lɔːRkəl	NN1	RSSB	89	shave_says:𐑤𐑹𐑣𐑒𐑩𐑤
lorenz	𐑤𐑼𐑧𐑯𐑟	lərenz	NN1	RSSB	89	shave_says:𐑤𐑹𐑧𐑯𐑑𐑕
lorikeet	𐑤𐑪𐑮𐑦𐑒𐑰𐑑	lɒrɪˈkiːt	NN1	RSSB	89	shave_says:𐑤𐑹𐑦𐑒𐑰𐑑
lorraine	𐑤𐑼𐑱𐑯	ləreɪn	NN1	RSSB	89	shave_says:[𐑤𐑹𐑱𐑯 / 𐑤𐑹𐑩𐑰𐑯]
lothario	𐑤𐑴𐑔𐑺𐑦𐑴	loʊθeərioʊ	NN1	RSSB	89	shave_says:𐑤𐑴𐑔𐑸𐑦𐑴
louche	𐑤𐑫𐑖	luʃ	AJ0	GenAm	89	shave_says:𐑤𐑵𐑖
loup-garou	𐑤𐑫𐑜𐑼𐑵	luɡəruː	NN1	RSSB	89	shave_says:𐑤𐑵𐑐-𐑜𐑸𐑴𐑵
lovage	𐑤𐑳𐑝𐑩𐑡	ˈlʌvədʒ	NN1	GenAm	89	shave_says:[𐑤𐑳𐑝𐑦𐑡 / 𐑤𐑴𐑓𐑦𐑡]
lovastatin	𐑤𐑴𐑝𐑩𐑕𐑑𐑨𐑑𐑦𐑯	ləʊvəˈstatɪn	NN1	RSSB	89	shave_says:[𐑤𐑳𐑝𐑩𐑕𐑑𐑱𐑑𐑦𐑯 / 𐑤𐑳𐑝𐑩𐑕𐑑𐑨𐑑𐑦𐑯]
lovastatin	𐑤𐑴𐑝𐑩𐑕𐑑𐑨𐑑𐑩𐑯	ˈloʊvəˌstætən	NN1	GenAm	89	shave_says:[𐑤𐑳𐑝𐑩𐑕𐑑𐑱𐑑𐑦𐑯 / 𐑤𐑳𐑝𐑩𐑕𐑑𐑨𐑑𐑦𐑯]
low-key	𐑤𐑴𐑒𐑦	ˈloʊki	AJ0	GenAm	89	shave_says:𐑤𐑴-𐑒𐑰
luau	𐑤𐑫𐑬	ˈluaʊ	NN1	RSSB	89	shave_says:𐑤𐑵𐑬
lubricity	𐑤𐑵𐑚𐑮𐑦𐑕𐑦𐑑𐑦	luːˈbrɪsɪti	NN1	RSSB	89	shave_says:[𐑤𐑵𐑚𐑮𐑦𐑒𐑦𐑑𐑦 / 𐑤𐑵𐑚𐑮𐑦𐑒𐑲𐑑𐑦 / 𐑤𐑳𐑚𐑮𐑦𐑕𐑦𐑑𐑦]
lucubrate	𐑤𐑵𐑒𐑘𐑩𐑚𐑮𐑱𐑑	luːkjəbreɪt	VVI	RSSB	89	shave_says:𐑤𐑵𐑒𐑳𐑚𐑮𐑱𐑑
lues	𐑤𐑵𐑰𐑟	ˈluːiːz	NN1	RSSB	89	shave_says:𐑤𐑵𐑟
luftwaffe	𐑤𐑫𐑓𐑑𐑢𐑭𐑓𐑩	ˈlʊftwɑːfə	NN1	RSSB	89	shave_says:𐑤𐑵𐑓𐑑𐑝𐑭𐑓𐑩
luger	𐑤𐑫𐑜𐑼	ˈluɡəR	NN1	GenAm	89	shave_says:[𐑤𐑵𐑠𐑼 / 𐑤𐑳𐑜𐑼]
lumen	𐑤𐑫𐑥𐑩𐑯	ˈlumən	NN1	GenAm	89	shave_says:[𐑤𐑵𐑥𐑧𐑯 / 𐑤𐑵𐑥𐑩𐑯 / 𐑤𐑳𐑥𐑩𐑯]
luminaire	𐑤𐑵𐑥𐑩𐑯𐑧𐑮	ˌluːməˈner	NN1	GenAm	89	shave_says:[𐑤𐑵𐑥𐑦𐑯𐑺 / 𐑤𐑵𐑥𐑦𐑯𐑩𐑲𐑼 / 𐑤𐑵𐑥𐑲𐑯𐑺]
luminesce	𐑤𐑫𐑥𐑦𐑯𐑧𐑕	lumɪˈnes	VVI	GenAm	89	shave_says:[𐑤𐑵𐑥𐑦𐑯𐑧𐑕 / 𐑤𐑵𐑥𐑲𐑯𐑧𐑕 / 𐑤𐑵𐑥𐑲𐑯𐑟𐑩𐑕]
luminescence	𐑤𐑵𐑥𐑩𐑯𐑧𐑕𐑩𐑯𐑕	ˌluːməˈnesəns	NN1	RSSB	89	shave_says:𐑤𐑵𐑥𐑦𐑯𐑧𐑕𐑩𐑯𐑕
luminescent	𐑤𐑵𐑥𐑦𐑯𐑧𐑕𐑯𐑑	luːmɪˈnesnt	AJ0	RSSB	89	shave_says:[𐑤𐑵𐑥𐑦𐑯𐑧𐑕𐑩𐑯𐑑 / 𐑤𐑵𐑥𐑲𐑯𐑟𐑕𐑧𐑯𐑑]
lumpenproletariat	𐑤𐑫𐑥𐑐𐑩𐑯𐑐𐑮𐑴𐑤𐑩𐑑𐑺𐑦𐑩𐑑	lʊmpənprəʊləteəri+ət	NN1	RSSB	89	shave_says:[𐑤𐑳𐑥𐑐𐑦𐑯𐑐𐑮𐑴𐑤𐑦𐑑𐑺𐑾𐑑 / 𐑤𐑳𐑥𐑐𐑦𐑯𐑐𐑮𐑴𐑤𐑩𐑑𐑺𐑦𐑩𐑑 / 𐑤𐑳𐑥𐑐𐑦𐑯𐑐𐑮𐑴𐑤𐑰𐑑𐑺𐑦𐑩𐑑 / 𐑤𐑳𐑥𐑐𐑦𐑯𐑐𐑮𐑴𐑤𐑩𐑑𐑼𐑦𐑨𐑑]
lupine	𐑤𐑵𐑐𐑦𐑯	ˈluːpɪn	NN1	RSSB	89	shave_says:𐑤𐑵𐑐𐑲𐑯
lupulin	𐑤𐑫𐑐𐑘𐑩𐑤𐑦𐑯	ˈlupjəlɪn	NN1	RSSB	89	shave_says:𐑤𐑵𐑐𐑧𐑿𐑤𐑦𐑯
lupus	𐑤𐑵𐑐𐑩𐑕	ˈluːpəs	NN1	RSSB	89	shave_says:𐑤𐑵𐑐𐑧𐑩𐑕
lusatian	𐑤𐑵𐑕𐑱𐑖𐑩𐑯	luːˈseɪʃən	NN1	RSSB	89	shave_says:[𐑤𐑿𐑟𐑭𐑑𐑦𐑩𐑯 / 𐑤𐑿𐑟𐑩𐑑𐑦𐑩𐑯]
lutefisk	𐑤𐑵𐑑𐑩𐑓𐑦𐑕𐑒	ˈluːtəfɪsk	NN1	RSSB	89	shave_says:𐑤𐑵𐑑𐑓𐑦𐑕𐑒
luthier	𐑤𐑵𐑑𐑦𐑼	luːti+əR	NN1	RSSB	89	
luthier	𐑤𐑵𐑑𐑽	ˈluːtiəR	NN1	GenAm	89	
luvian	𐑤𐑵𐑝𐑾𐑯	ˈluːviən	NN1	RSSB	89	shave_says:𐑤𐑳𐑝𐑦𐑩𐑯
luwian	𐑤𐑵𐑦𐑩𐑯	ˈluːi+ən	NN1	RSSB	89	
lychnis	𐑤𐑦𐑒𐑯𐑦𐑕	ˈlɪknɪs	NN1	RSSB	89	shave_says:[𐑤𐑦𐑗𐑯𐑦𐑕 / 𐑤𐑦𐑗𐑯𐑦𐑟]
lycian	𐑤𐑦𐑕𐑾𐑯	ˈlɪsɪən	NN1	RSSB	89	shave_says:[𐑤𐑦𐑕𐑦𐑩𐑯 / 𐑤𐑲𐑕𐑦𐑩𐑯]
lydian	𐑤𐑦𐑛𐑦𐑩𐑯	ˈlɪdi+ən	NN1	GenAm	89	shave_says:𐑤𐑦𐑛𐑾𐑯
lymphoid	𐑤𐑦𐑥𐑓𐑶𐑛	ˈlɪmfɔɪd	AJ0	RSSB	89	shave_says:𐑤𐑦𐑥𐑓𐑴𐑦𐑛
lymphoma	𐑤𐑦𐑥𐑓𐑴𐑥𐑩	lɪmˈfoʊmə	NN1	GenAm	89	shave_says:𐑤𐑦𐑥𐑓𐑴𐑥𐑭
lyonnaise	𐑤𐑰𐑩𐑯𐑱𐑟	ˌliːəˈneɪz	AJ0	RSSB	89	shave_says:𐑤𐑲𐑩𐑯𐑩𐑲𐑟
lysosome	𐑤𐑲𐑕𐑩𐑕𐑴𐑥	ˈlaɪsəˌsoʊm	NN1	GenAm	89	shave_says:𐑤𐑲𐑕𐑴𐑕𐑩𐑥
lyssa	𐑤𐑦𐑕𐑩	ˈlɪsə	NN1	RSSB	89	shave_says:𐑤𐑰𐑕𐑩
maar	𐑥𐑸	mɑːr	NN1	GenAm	89	shave_says:𐑥𐑭𐑮
macadamia	𐑥𐑨𐑒𐑩𐑛𐑱𐑥𐑦𐑩	mækəˈdeɪmi+ə	NN1	GenAm	89	shave_says:𐑥𐑩𐑒𐑨𐑛𐑩𐑥𐑦𐑩
macguffin	𐑥𐑩𐑜𐑳𐑓𐑦𐑯	məˈɡʌfɪn	NN1	RSSB	89	shave_says:𐑥𐑩𐑒𐑜𐑳𐑓𐑦𐑯
machicolation	𐑥𐑩𐑗𐑦𐑒𐑩𐑤𐑱𐑖𐑯	məˌtʃɪkəˈleɪʃn	NN1	RSSB	89	shave_says:[𐑥𐑩𐑒𐑣𐑦𐑒𐑴𐑤𐑱𐑖𐑩𐑯 / 𐑥𐑭𐑖𐑱𐑦𐑒𐑴𐑤𐑱𐑖𐑩𐑯 / 𐑥𐑭𐑖𐑱𐑦𐑒𐑩𐑤𐑱𐑖𐑩𐑯 / 𐑥𐑭𐑖𐑱𐑦𐑒𐑪𐑤𐑩𐑑𐑦𐑩𐑯]
machicolation	𐑥𐑩𐑗𐑦𐑒𐑩𐑤𐑱𐑖𐑩𐑯	məˌtʃɪkəˈleɪʃən	NN1	GenAm	89	shave_says:[𐑥𐑩𐑒𐑣𐑦𐑒𐑴𐑤𐑱𐑖𐑩𐑯 / 𐑥𐑭𐑖𐑱𐑦𐑒𐑴𐑤𐑱𐑖𐑩𐑯 / 𐑥𐑭𐑖𐑱𐑦𐑒𐑩𐑤𐑱𐑖𐑩𐑯 / 𐑥𐑭𐑖𐑱𐑦𐑒𐑪𐑤𐑩𐑑𐑦𐑩𐑯]
macho	𐑥𐑨𐑗𐑴	ˈmætʃəʊ	AJ0	RSSB	89	shave_says:𐑥𐑭𐑗𐑴
macho	𐑥𐑪𐑗𐑴	ˈmɒtʃoʊ	AJ0	GenAm	89	shave_says:𐑥𐑭𐑗𐑴
mackinaw	𐑥𐑨𐑒𐑩𐑯𐑪	ˈmækənɒ	NN1	GenAm	89	shave_says:[𐑥𐑨𐑒𐑦𐑯𐑷 / 𐑥𐑩𐑒𐑒𐑲𐑯𐑷 / 𐑥𐑨𐑒𐑰𐑯𐑷]
madrasah	𐑥𐑩𐑛𐑮𐑨𐑕𐑩	mədræsə	NN1	RSSB	89	shave_says:𐑥𐑩𐑛𐑮𐑭𐑕𐑩
magdalen	𐑥𐑨𐑜𐑛𐑩𐑤𐑦𐑯	ˈmæɡdəlɪn	NN1	RSSB	89	shave_says:𐑥𐑨𐑜𐑛𐑩𐑤𐑩𐑯
magnetometer	𐑥𐑨𐑜𐑯𐑦𐑑𐑪𐑥𐑦𐑑𐑼	ˌmæɡnɪˈtɒmɪtəR	NN1	GenAm	89	shave_says:[𐑥𐑨𐑜𐑯𐑰𐑑𐑴𐑥𐑰𐑑𐑼 / 𐑥𐑩𐑜𐑯𐑧𐑑𐑴𐑥𐑰𐑑𐑼 / 𐑥𐑨𐑜𐑯𐑩𐑑𐑪𐑥𐑦𐑑𐑼 / 𐑥𐑨𐑜𐑯𐑰𐑑𐑴𐑥𐑩𐑑𐑼 / 𐑥𐑨𐑜𐑯𐑰𐑑𐑪𐑥𐑦𐑑𐑼]
maguey	𐑥𐑩𐑜𐑱	məˈɡeɪ	NN1	RSSB	89	shave_says:𐑥𐑭𐑜𐑧𐑦
maigre	𐑥𐑱𐑜𐑼	ˈmeɪɡəR	NN1	GenAm	89	
maillot	𐑥𐑨𐑘𐑴	mæˈjoʊ	NN1	GenAm	89	shave_says:𐑥𐑱𐑤𐑪𐑑
mako	𐑥𐑭𐑒𐑴	ˈmɑːkəʊ	NN1	RSSB	89	shave_says:𐑥𐑱𐑒𐑴
mako	𐑥𐑪𐑒𐑴	ˈmɒkoʊ	NN1	GenAm	89	shave_says:𐑥𐑱𐑒𐑴
malayalam	𐑥𐑨𐑤𐑩𐑘𐑭𐑤𐑩𐑥	mæləˈjɑːləm	NN1	RSSB	89	shave_says:𐑥𐑭𐑤𐑩𐑘𐑭𐑤𐑩𐑥
maleficence	𐑥𐑩𐑤𐑧𐑓𐑦𐑕𐑩𐑯𐑕	məˈlefɪsəns	NN1	RSSB	89	shave_says:[𐑥𐑩𐑤𐑧𐑓𐑦𐑒𐑩𐑯𐑕 / 𐑥𐑨𐑤𐑧𐑓𐑦𐑕𐑩𐑯𐑕]
malodor	𐑥𐑨𐑤𐑪𐑛𐑼	ˌmælˈodər	NN1	GenAm	89	shave_says:𐑥𐑨𐑤𐑴𐑛𐑼
malus	𐑥𐑱𐑤𐑩𐑕	ˈmeɪləs	NN1	RSSB	89	shave_says:𐑥𐑭𐑤𐑵𐑟
malvasia	𐑥𐑨𐑤𐑝𐑩𐑕𐑾	ˌmalvəˈsɪə	NN1	RSSB	89	shave_says:[𐑥𐑭𐑤𐑝𐑩𐑕𐑦𐑩 / 𐑥𐑨𐑤𐑝𐑩𐑟𐑦𐑩 / 𐑥𐑨𐑤𐑝𐑭𐑟𐑦𐑩]
malvasia	𐑥𐑨𐑤𐑝𐑩𐑕𐑰𐑩	ˌmælvəˈsiː+ə	NN1	GenAm	89	shave_says:[𐑥𐑭𐑤𐑝𐑩𐑕𐑦𐑩 / 𐑥𐑨𐑤𐑝𐑩𐑟𐑦𐑩 / 𐑥𐑨𐑤𐑝𐑭𐑟𐑦𐑩]
mammary	𐑥𐑨𐑥𐑼𐑦	mæməri	AJ0	RSSB	89	shave_says:𐑥𐑨𐑥𐑸𐑦
manchu	𐑥𐑨𐑯𐑗𐑵	ˌmænˈtʃuː	NN1	RSSB	89	shave_says:𐑥𐑪𐑯𐑖𐑵
manchurian	𐑥𐑨𐑯𐑗𐑫𐑼𐑾𐑯	mæntʃʊəriən	AJ0	RSSB	89	shave_says:[𐑥𐑨𐑯𐑗𐑻𐑦𐑩𐑯 / 𐑥𐑨𐑯𐑒𐑵𐑼𐑦𐑩𐑯]
mandala	𐑥𐑳𐑯𐑛𐑩𐑤𐑩	ˈmʌndələ	NN1	RSSB	89	shave_says:[𐑥𐑨𐑯𐑛𐑩𐑤𐑩 / 𐑥𐑨𐑯𐑛𐑱𐑤𐑩]
mandibula	𐑥𐑨𐑯𐑛𐑦𐑚𐑘𐑩𐑤𐑩	mænˈdɪbjələ	NN1	GenAm	89	shave_says:𐑥𐑨𐑯𐑛𐑦𐑚𐑿𐑤𐑩
mandibular	𐑥𐑨𐑯𐑛𐑦𐑚𐑘𐑩𐑤𐑼	mænˈdɪbjələR	AJ0	GenAm	89	shave_says:𐑥𐑨𐑯𐑛𐑦𐑚𐑿𐑤𐑼
manichaean	𐑥𐑨𐑯𐑦𐑒𐑰𐑩𐑯	ˌmænɪˈkiːən	AJ0	RSSB	89	shave_says:𐑥𐑨𐑯𐑦𐑒𐑦𐑩𐑯
manipulable	𐑥𐑩𐑯𐑦𐑐𐑘𐑩𐑤𐑩𐑚𐑩𐑤	məˈnɪpjələbəl	AJ0	RSSB	89	shave_says:[𐑥𐑩𐑯𐑦𐑐𐑿𐑤𐑩𐑚𐑩𐑤 / 𐑥𐑩𐑯𐑦𐑐𐑿𐑤𐑩𐑚𐑩𐑤 / 𐑥𐑨𐑯𐑦𐑐𐑿𐑤𐑩𐑚𐑩𐑤 / 𐑥𐑭𐑯𐑦𐑐𐑵𐑤𐑩𐑚𐑩𐑤]
manometer	𐑥𐑩𐑯𐑪𐑥𐑦𐑑𐑼	məˈnɒmɪtəR	NN1	GenAm	89	shave_says:[𐑥𐑱𐑯𐑪𐑥𐑦𐑑𐑼 / 𐑥𐑨𐑯𐑪𐑥𐑦𐑑𐑼 / 𐑥𐑱𐑯𐑴𐑥𐑰𐑑𐑼 / 𐑥𐑱𐑯𐑩𐑥𐑩𐑑𐑼 / 𐑥𐑨𐑯𐑴𐑥𐑩𐑑𐑼]
manque	𐑥𐑪𐑙𐑒𐑱	mɒŋˈkeɪ	AJ0	RSSB	89	shave_says:𐑥𐑪𐑙𐑒
mansi	𐑥𐑨𐑯𐑕𐑦	ˈmænsi	NN1	RSSB	89	shave_says:𐑥𐑭𐑯𐑕𐑦
mantelet	𐑥𐑨𐑯𐑑𐑤𐑩𐑑	ˈmæntlət	NN1	RSSB	89	shave_says:𐑥𐑨𐑯𐑑𐑩𐑤𐑩𐑑
manticore	𐑥𐑨𐑯𐑑𐑦𐑒𐑹	ˈmæntɪˌkɔːR	NN1	GenAm	89	shave_says:[𐑥𐑨𐑯𐑑𐑲𐑒𐑹 / 𐑥𐑨𐑯𐑑𐑰𐑒𐑹]
mantlet	𐑥𐑨𐑯𐑑𐑤𐑩𐑑	ˈmæntlət	NN1	RSSB	89	shave_says:𐑥𐑨𐑯𐑑𐑩𐑤𐑩𐑑
maquisard	𐑥𐑨𐑒𐑰𐑟𐑸	makiːzɑːR	NN1	RSSB	89	shave_says:[𐑥𐑨𐑒𐑰𐑸𐑛 / 𐑥𐑨𐑒𐑰𐑼𐑛 / 𐑥𐑭𐑒𐑢𐑲𐑟𐑸𐑛]
marabout	𐑥𐑨𐑮𐑩𐑚𐑵𐑑	marəbuːt	NN1	RSSB	89	shave_says:[𐑥𐑺𐑩𐑚𐑬𐑑 / 𐑥𐑸𐑗𐑩𐑚𐑬𐑑]
maraca	𐑥𐑼𐑨𐑒𐑩	mərækə	NN1	RSSB	89	shave_says:𐑥𐑼𐑭𐑒𐑩
marasmus	𐑥𐑼𐑨𐑟𐑥𐑩𐑕	məræzməs	NN1	RSSB	89	shave_says:[𐑥𐑺𐑨𐑟𐑩𐑥𐑩𐑕 / 𐑥𐑺𐑨𐑟𐑩𐑥𐑵𐑟]
marathoner	𐑥𐑨𐑮𐑨𐑔𐑩𐑯𐑼	mæræθənəR	NN1	RSSB	89	shave_says:𐑥𐑨𐑮𐑩𐑔𐑩𐑯𐑼
marcionism	𐑥𐑸𐑖𐑩𐑯𐑦𐑟𐑥	mɑːRʃənɪzm	NN1	RSSB	89	shave_says:[𐑥𐑸𐑖𐑩𐑯𐑦𐑟𐑩𐑥 / 𐑥𐑸𐑖𐑢𐑳𐑯𐑦𐑟𐑩𐑥]
margarita	𐑥𐑸𐑜𐑼𐑰𐑑𐑩	ˌmɑːRɡəˈriːtə	NN1	GenAm	89	shave_says:𐑥𐑸𐑜𐑸𐑰𐑑𐑩
marginalia	𐑥𐑸𐑡𐑦𐑯𐑱𐑤𐑦𐑩	mɑːRdʒɪˈneɪli+ə	NN1	GenAm	89	shave_says:𐑥𐑸𐑡𐑩𐑯𐑱𐑤𐑦𐑩
markhor	𐑥𐑸𐑒𐑹	ˈmɑːRkɔːR	NN1	GenAm	89	shave_says:𐑥𐑸𐑗𐑣𐑒𐑼
marmite	𐑥𐑸𐑥𐑲𐑑	ˈmɑːRˌmaɪt	NN1	GenAm	89	shave_says:𐑥𐑭𐑥𐑲𐑑
marrano	𐑥𐑼𐑭𐑯𐑴	mərɑːnəʊ	NN1	RSSB	89	shave_says:𐑥𐑸𐑭𐑯𐑴
mascarpone	𐑥𐑨𐑕𐑒𐑼𐑐𐑴𐑯𐑦	mæskəRpəʊni	NN1	RSSB	89	shave_says:𐑥𐑨𐑕𐑒𐑼𐑐𐑢𐑳𐑯
masjid	𐑥𐑭𐑕𐑡𐑰𐑛	mɑːsdʒiːd	NN1	RSSB	89	shave_says:𐑥𐑭𐑕𐑠𐑦𐑛
masjid	𐑥𐑨𐑕𐑡𐑦𐑛	mæsdʒid	NN1	GenAm	89	shave_says:𐑥𐑭𐑕𐑠𐑦𐑛
massasauga	𐑥𐑨𐑕𐑩𐑕𐑷𐑜𐑩	ˌmasəˈsɔːɡə	NN1	RSSB	89	shave_says:𐑥𐑭𐑕𐑩𐑟𐑩𐑳𐑜𐑩
massasauga	𐑥𐑨𐑕𐑩𐑕𐑪𐑜𐑩	ˌmæsəˈsɒɡə	NN1	GenAm	89	shave_says:𐑥𐑭𐑕𐑩𐑟𐑩𐑳𐑜𐑩
masseter	𐑥𐑩𐑕𐑰𐑑𐑼	məˈsiːtəR	NN1	GenAm	89	shave_says:[𐑥𐑨𐑕𐑩𐑑𐑼 / 𐑥𐑨𐑕𐑰𐑑𐑼]
massicot	𐑥𐑨𐑕𐑦𐑒𐑴	ˈmæsɪkəʊ	NN1	RSSB	89	shave_says:𐑥𐑨𐑕𐑦𐑒𐑪𐑑
mastaba	𐑥𐑨𐑕𐑑𐑩𐑚𐑩	ˈmæstəbə	NN1	RSSB	89	shave_says:𐑥𐑭𐑕𐑑𐑩𐑚𐑩
mater	𐑥𐑱𐑑𐑼	meɪtəR	NN1	RSSB	89	shave_says:𐑥𐑭𐑑𐑼
matriarchate	𐑥𐑱𐑑𐑮𐑦𐑸𐑒𐑩𐑑	meɪtriɑːRkət	NN1	RSSB	89	shave_says:𐑥𐑱𐑑𐑮𐑦𐑸𐑒𐑱𐑑
matrilineal	𐑥𐑱𐑑𐑮𐑦𐑤𐑦𐑯𐑾𐑤	meɪtrɪlɪnɪəl	AJ0	RSSB	89	shave_says:[𐑥𐑨𐑑𐑮𐑦𐑤𐑦𐑯𐑾𐑤 / 𐑥𐑭𐑑𐑮𐑦𐑤𐑲𐑯𐑩𐑤]
matronymic	𐑥𐑨𐑑𐑮𐑩𐑯𐑦𐑥𐑦𐑒	mætrənɪmɪk	NN1	RSSB	89	shave_says:𐑥𐑱𐑑𐑮𐑩𐑯𐑦𐑥𐑦𐑒
matzo	𐑥𐑨𐑑𐑕𐑩	ˈmætsə	NN1	RSSB	89	shave_says:𐑥𐑭𐑑𐑕𐑴
matzo	𐑥𐑭𐑑𐑕𐑩	ˈmɑːtsə	NN1	GenAm	89	shave_says:𐑥𐑭𐑑𐑕𐑴
maven	𐑥𐑱𐑝𐑩𐑯	ˈmeɪvən	NN1	RSSB	89	shave_says:𐑥𐑱𐑝𐑦𐑯
meatus	𐑥𐑦𐑱𐑑𐑩𐑕	miˈeɪtəs	NN1	RSSB	89	shave_says:[𐑥𐑰𐑑𐑩𐑕 / 𐑥𐑰𐑑𐑳𐑕 / 𐑥𐑰𐑗𐑫𐑟 / 𐑥𐑰𐑱𐑑𐑩𐑕]
meclizine	𐑥𐑧𐑒𐑤𐑦𐑟𐑰𐑯	ˈmeklɪziːn	NN1	RSSB	89	shave_says:[𐑥𐑰𐑒𐑤𐑲𐑟𐑰𐑯 / 𐑥𐑰𐑒𐑤𐑦𐑟𐑰𐑯]
mediant	𐑥𐑰𐑛𐑦𐑩𐑯𐑑	ˈmiːdi+ənt	NN1	RSSB	89	shave_says:𐑥𐑰𐑛𐑾𐑯𐑑
mediatorial	𐑥𐑦𐑛𐑦𐑩𐑑𐑹𐑦𐑩𐑤	midi+ətɔːri+əl	AJ0	RSSB	89	shave_says:𐑥𐑰𐑛𐑦𐑱𐑑𐑼𐑦𐑩𐑤
mediatrix	𐑥𐑰𐑛𐑾𐑑𐑮𐑦𐑒𐑕	miːdɪətrɪks	NN1	RSSB	89	
mediety	𐑥𐑦𐑛𐑲𐑦𐑑𐑦	mɪˈdaɪɪti	NN1	RSSB	89	shave_says:[𐑥𐑧𐑛𐑦𐑩𐑑𐑦 / 𐑥𐑧𐑛𐑦𐑰𐑑𐑦 / 𐑥𐑰𐑛𐑦𐑩𐑑𐑦 / 𐑥𐑰𐑛𐑦𐑑𐑦 / 𐑥𐑧𐑛𐑲𐑰𐑑𐑦]
medroxyprogesterone	𐑥𐑧𐑛𐑮𐑪𐑒𐑕𐑦𐑐𐑮𐑩𐑡𐑧𐑕𐑑𐑼𐑴𐑯	medrɒksɪprədʒestərəʊn	NN1	RSSB	89	shave_says:𐑥𐑧𐑛𐑮𐑪𐑒𐑕𐑦𐑐𐑮𐑴𐑡𐑧𐑕𐑑𐑼𐑴𐑯
medroxyprogesterone	𐑥𐑩𐑛𐑮𐑪𐑒𐑕𐑦𐑐𐑮𐑴𐑡𐑧𐑕𐑑𐑼𐑴𐑯	məˌdrɒksɪproʊˈdʒestəˌroʊn	NN1	GenAm	89	shave_says:𐑥𐑧𐑛𐑮𐑪𐑒𐑕𐑦𐑐𐑮𐑴𐑡𐑧𐑕𐑑𐑼𐑴𐑯
medullary	𐑥𐑧𐑡𐑫𐑤𐑧𐑮𐑦	ˈmedʒuleri	AJ0	RSSB	89	shave_says:[𐑥𐑧𐑛𐑳𐑤𐑼𐑦 / 𐑥𐑧𐑛𐑵𐑤𐑼𐑦]
medusoid	𐑥𐑩𐑛𐑿𐑟𐑶𐑛	məˈdjuːzɔɪd	AJ0	RSSB	89	shave_says:[𐑥𐑰𐑛𐑩𐑕𐑶𐑛 / 𐑥𐑧𐑛𐑵𐑟𐑩𐑶𐑛 / 𐑥𐑧𐑛𐑿𐑟𐑶𐑛 / 𐑥𐑧𐑛𐑵𐑟𐑩𐑴𐑦𐑛]
medusoid	𐑥𐑩𐑛𐑫𐑕𐑶𐑛	məˈdusɔɪd	AJ0	GenAm	89	shave_says:[𐑥𐑰𐑛𐑩𐑕𐑶𐑛 / 𐑥𐑧𐑛𐑵𐑟𐑩𐑶𐑛 / 𐑥𐑧𐑛𐑿𐑟𐑶𐑛 / 𐑥𐑧𐑛𐑵𐑟𐑩𐑴𐑦𐑛]
mefloquine	𐑥𐑧𐑓𐑤𐑩𐑒𐑢𐑰𐑯	ˈmefləkwiːn	NN1	RSSB	89	
mefloquine	𐑥𐑧𐑓𐑤𐑩𐑒𐑢𐑦𐑯	ˈmefləkwɪn	NN1	GenAm	89	
megagametophyte	𐑥𐑧𐑜𐑩𐑜𐑩𐑥𐑰𐑑𐑩𐑓𐑲𐑑	ˌmeɡəɡəˈmiːtəˌfaɪt	NN1	GenAm	89	shave_says:[𐑥𐑧𐑜𐑩𐑜𐑨𐑥𐑰𐑑𐑴𐑓𐑲𐑑 / 𐑥𐑧𐑜𐑭𐑜𐑩𐑥𐑰𐑑𐑴𐑓𐑲𐑑]
megilp	𐑥𐑩𐑜𐑦𐑤𐑐	məˈɡɪlp	NN1	RSSB	89	shave_says:𐑥𐑧𐑜𐑦𐑤𐑐
melamine	𐑥𐑧𐑤𐑩𐑥𐑦𐑯	ˈmeləmin	NN1	GenAm	89	shave_says:[𐑥𐑧𐑤𐑩𐑥𐑰𐑯 / 𐑥𐑧𐑤𐑩𐑥𐑲𐑯 / 𐑥𐑧𐑤𐑧𐑩𐑥𐑰𐑯 / 𐑥𐑧𐑤𐑱𐑥𐑰𐑯]
melanin	𐑥𐑧𐑤𐑩𐑯𐑦𐑯	ˈmelənɪn	NN1	RSSB	89	shave_says:𐑥𐑩𐑤𐑨𐑯𐑦𐑯
melchior	𐑥𐑧𐑤𐑒𐑦𐑹	melkiɔːR	NN1	RSSB	89	shave_says:𐑥𐑧𐑤𐑗𐑰𐑼
melena	𐑥𐑦𐑤𐑰𐑯𐑩	mɪˈliːnə	NN1	RSSB	89	shave_says:[𐑥𐑰𐑤𐑰𐑯𐑩 / 𐑥𐑧𐑤𐑩𐑯𐑩]
mellon	𐑥𐑧𐑤𐑪𐑯	ˈmelɒn	NN1	RSSB	89	shave_says:[𐑥𐑧𐑤𐑩𐑯 / 𐑥𐑧𐑤𐑧𐑩𐑯]
melphalan	𐑥𐑧𐑤𐑓𐑩𐑤𐑨𐑯	ˈmelfəlæn	NN1	RSSB	89	shave_says:𐑥𐑧𐑤𐑓𐑩𐑤𐑩𐑯
memetics	𐑥𐑧𐑥𐑧𐑑𐑦𐑒𐑕	meˈmetɪks	NN1	RSSB	89	shave_says:[𐑥𐑰𐑥𐑑𐑦𐑒𐑕 / 𐑥𐑰𐑥𐑧𐑑𐑦𐑒𐑕]
men's	𐑥𐑧𐑯𐑟	menz	NN1	RSSB	89	shave_says:𐑥𐑧𐑯’𐑟
menadione	𐑥𐑧𐑯𐑩𐑛𐑲𐑴𐑯	ˌmenəˈdaɪˌoʊn	NN1	GenAm	89	shave_says:𐑥𐑧𐑯𐑱𐑛𐑦𐑢𐑳𐑯
menarche	𐑥𐑧𐑯𐑸𐑒𐑦	menɑːRki	NN1	RSSB	89	shave_says:𐑥𐑩𐑯𐑸𐑒𐑦
meningeal	𐑥𐑦𐑯𐑦𐑯𐑡𐑦𐑩𐑤	mɪˈnɪndʒi+əl	AJ0	RSSB	89	shave_says:𐑥𐑧𐑯𐑦𐑯𐑡𐑩𐑤
meningeal	𐑥𐑧𐑯𐑩𐑯𐑡𐑰𐑩𐑤	ˌmenənˈdʒiː+əl	AJ0	GenAm	89	shave_says:𐑥𐑧𐑯𐑦𐑯𐑡𐑩𐑤
meninx	𐑥𐑰𐑯𐑦𐑙𐑒𐑕	ˈmiːnɪŋks	NN1	GenAm	89	shave_says:𐑥𐑧𐑯𐑦𐑙𐑒𐑕
meniscus	𐑥𐑩𐑯𐑦𐑕𐑒𐑩𐑕	məˈnɪskəs	NN1	RSSB	89	shave_says:𐑥𐑦𐑯𐑦𐑕𐑒𐑩𐑕
menorah	𐑥𐑦𐑯𐑹𐑩	mɪnɔːrə	NN1	RSSB	89	shave_says:𐑥𐑧𐑯𐑹𐑩
menshevik	𐑥𐑧𐑯𐑖𐑩𐑝𐑦𐑒	ˈmenʃəvɪk	NN1	RSSB	89	shave_says:𐑥𐑧𐑯𐑖𐑧𐑝𐑦𐑒
menstruum	𐑥𐑧𐑯𐑕𐑑𐑮𐑫𐑩𐑥	menstrʊəm	NN1	RSSB	89	shave_says:𐑥𐑧𐑯𐑕𐑑𐑮𐑵𐑩𐑥
meperidine	𐑥𐑧𐑐𐑧𐑮𐑦𐑛𐑰𐑯	meˈperɪdiːn	NN1	RSSB	89	shave_says:𐑥𐑧𐑐𐑼𐑦𐑛𐑰𐑯
meperidine	𐑥𐑩𐑐𐑧𐑮𐑦𐑛𐑰𐑯	məˈperɪˌdiːn	NN1	GenAm	89	shave_says:𐑥𐑧𐑐𐑼𐑦𐑛𐑰𐑯
mephenytoin	𐑥𐑩𐑓𐑧𐑯𐑦𐑑𐑴𐑦𐑯	məˈfenɪˌtoʊɪn	NN1	GenAm	89	shave_says:𐑥𐑰𐑓𐑰𐑯𐑦𐑑𐑴𐑦𐑯
mephistopheles	𐑥𐑧𐑓𐑦𐑕𐑑𐑪𐑓𐑦𐑤𐑰𐑟	ˌmefɪˈstɒfɪliːz	NN1	RSSB	89	shave_says:𐑥𐑧𐑓𐑦𐑕𐑑𐑪𐑓𐑩𐑤𐑰𐑟
mephobarbital	𐑥𐑧𐑓𐑴𐑚𐑸𐑚𐑩𐑑𐑪𐑤	ˌmefoʊˈbɑːRbəˌtɒl	NN1	GenAm	89	shave_says:[𐑥𐑧𐑓𐑴𐑚𐑸𐑚𐑰𐑑𐑩𐑤 / 𐑥𐑧𐑓𐑴𐑚𐑸𐑚𐑲𐑑𐑩𐑤 / 𐑥𐑧𐑓𐑴𐑚𐑸𐑚𐑦𐑑𐑩𐑤]
mercaptopurine	𐑥𐑻𐑒𐑨𐑐𐑑𐑩𐑐𐑫𐑼𐑰𐑯	mɜːRkaptəpʊəriːn	NN1	RSSB	89	
mercaptopurine	𐑥𐑼𐑒𐑨𐑐𐑑𐑩𐑐𐑘𐑼𐑰𐑯	məRˌkæptəˈpjərˌiːn	NN1	GenAm	89	
merganser	𐑥𐑻𐑜𐑨𐑯𐑕𐑼	mɜːRɡansəR	NN1	RSSB	89	shave_says:𐑥𐑼𐑜𐑨𐑯𐑕𐑼
merlot	𐑥𐑻𐑤𐑴	mɜːRˈloʊ	NN1	GenAm	89	shave_says:𐑥𐑼𐑤𐑴
merovingian	𐑥𐑧𐑮𐑩𐑝𐑦𐑯𐑡𐑾𐑯	merəvɪndʒɪən	AJ0	RSSB	89	shave_says:𐑥𐑧𐑮𐑩𐑝𐑦𐑯𐑡𐑦𐑩𐑯
mesencephalon	𐑥𐑧𐑟𐑩𐑯𐑕𐑧𐑓𐑩𐑤𐑩𐑯	ˌmezənˈsefələn	NN1	RSSB	89	shave_says:𐑥𐑰𐑕𐑩𐑯𐑕𐑓𐑩𐑤𐑩𐑯
mesentery	𐑥𐑧𐑕𐑩𐑯𐑑𐑼𐑦	mesəntəri	NN1	RSSB	89	shave_says:𐑥𐑰𐑕𐑩𐑯𐑑𐑼𐑦
mesentery	𐑥𐑧𐑟𐑩𐑯𐑑𐑧𐑮𐑦	ˈmezənˌteri	NN1	GenAm	89	shave_says:𐑥𐑰𐑕𐑩𐑯𐑑𐑼𐑦
meshugge	𐑥𐑩𐑖𐑫𐑜𐑩	məˈʃʊɡə	AJ0	RSSB	89	
meshuggener	𐑥𐑩𐑖𐑫𐑜𐑩𐑯𐑼	məʃʊɡənər	AJ0	RSSB	89	shave_says:𐑥𐑧𐑖𐑳𐑜𐑡𐑩𐑯𐑼
mesial	𐑥𐑰𐑟𐑾𐑤	miːzɪəl	AJ0	RSSB	89	shave_says:𐑥𐑧𐑕𐑦𐑩𐑤
mesomorph	𐑥𐑧𐑕𐑴𐑥𐑹𐑓	mesəʊmɔːRf	NN1	RSSB	89	shave_says:[𐑥𐑧𐑟𐑴𐑥𐑹𐑓 / 𐑥𐑧𐑟𐑴𐑥𐑼𐑓]
mesophyte	𐑥𐑧𐑕𐑩𐑓𐑲𐑑	ˈmesəfaɪt	NN1	RSSB	89	shave_says:𐑥𐑧𐑟𐑴𐑓𐑲𐑑
mesophyte	𐑥𐑧𐑟𐑩𐑓𐑲𐑑	ˈmezəˌfaɪt	NN1	GenAm	89	shave_says:𐑥𐑧𐑟𐑴𐑓𐑲𐑑
mestizo	𐑥𐑧𐑕𐑑𐑦𐑟𐑴	mesˈtizoʊ	NN1	RSSB	89	shave_says:𐑥𐑧𐑕𐑑𐑰𐑕𐑴
mestranol	𐑥𐑧𐑕𐑑𐑮𐑩𐑯𐑪𐑤	ˈmestrəˌnɒl	NN1	GenAm	89	shave_says:[𐑥𐑧𐑕𐑑𐑮𐑩𐑯𐑩𐑤 / 𐑥𐑧𐑕𐑑𐑮𐑩𐑯𐑴𐑤]
metamorphic	𐑥𐑧𐑑𐑩𐑥𐑷𐑮𐑓𐑦𐑒	metəmɔrfɪk	AJ0	RSSB	89	shave_says:𐑥𐑧𐑑𐑩𐑥𐑹𐑓𐑦𐑒
metamorphism	𐑥𐑧𐑑𐑩𐑥𐑹𐑓𐑦𐑟𐑥	metəmɔːRfɪzm	NN1	RSSB	89	shave_says:𐑥𐑧𐑑𐑩𐑥𐑹𐑓𐑦𐑟𐑩𐑥
metastasis	𐑥𐑦𐑑𐑨𐑕𐑑𐑩𐑕𐑦𐑕	mɪˈtæstəsɪs	NN1	RSSB	89	shave_says:𐑥𐑧𐑑𐑨𐑕𐑑𐑩𐑕𐑦𐑕
metastasize	𐑥𐑦𐑑𐑨𐑕𐑑𐑩𐑕𐑲𐑟	mɪˈtæstəsaɪz	VVI	RSSB	89	shave_says:𐑥𐑧𐑑𐑨𐑕𐑑𐑩𐑕𐑲𐑟
metathesis	𐑥𐑩𐑑𐑨𐑔𐑩𐑕𐑦𐑕	məˈtæθəsɪs	NN1	GenAm	89	shave_says:[𐑥𐑧𐑑𐑩𐑔𐑰𐑕𐑦𐑕 / 𐑥𐑧𐑑𐑩𐑔𐑰𐑟𐑦𐑕 / 𐑥𐑧𐑑𐑩𐑔𐑕𐑦𐑕 / 𐑥𐑧𐑑𐑩𐑔𐑰𐑟𐑦𐑟]
methacholine	𐑥𐑧𐑔𐑩𐑒𐑴𐑤𐑰𐑯	ˌmeθəˈkoʊˌliːn	NN1	GenAm	89	shave_says:[𐑥𐑧𐑔𐑱𐑒𐑴𐑤𐑲𐑯 / 𐑥𐑧𐑔𐑨𐑒𐑣𐑴𐑤𐑰𐑯 / 𐑥𐑧𐑔𐑱𐑒𐑩𐑤𐑰𐑯]
metharbital	𐑥𐑩𐑔𐑸𐑚𐑩𐑑𐑪𐑤	məˈθɑːRbəˌtɒl	NN1	GenAm	89	shave_says:[𐑥𐑧𐑔𐑸𐑚𐑦𐑑𐑱𐑩𐑤 / 𐑥𐑧𐑔𐑼𐑚𐑰𐑑𐑩𐑤 / 𐑥𐑧𐑔𐑼𐑚𐑲𐑑𐑩𐑤 / 𐑥𐑧𐑔𐑼𐑚𐑦𐑑𐑩𐑤]
metheglin	𐑥𐑦𐑔𐑧𐑜𐑤𐑦𐑯	mɪˈθeɡlɪn	NN1	RSSB	89	shave_says:𐑥𐑧𐑔𐑧𐑜𐑤𐑦𐑯
methenamine	𐑥𐑦𐑔𐑰𐑯𐑩𐑥𐑰𐑯	mɪˈθiːnəmiːn	NN1	RSSB	89	shave_says:[𐑥𐑧𐑔𐑧𐑯𐑩𐑥𐑰𐑯 / 𐑥𐑧𐑔𐑩𐑯𐑩𐑥𐑰𐑯 / 𐑥𐑧𐑔𐑩𐑯𐑩𐑥𐑲𐑯 / 𐑥𐑧𐑔𐑩𐑯𐑱𐑥𐑰𐑯]
methionine	𐑥𐑦𐑔𐑲𐑩𐑯𐑰𐑯	mɪˈθaɪəniːn	NN1	RSSB	89	shave_says:𐑥𐑧𐑔𐑦𐑴𐑯𐑦𐑯
methionine	𐑥𐑧𐑔𐑲𐑩𐑯𐑰𐑯	meˈθaɪəˌniːn	NN1	GenAm	89	shave_says:𐑥𐑧𐑔𐑦𐑴𐑯𐑦𐑯
methotrexate	𐑥𐑧𐑔𐑩𐑑𐑮𐑧𐑒𐑕𐑱𐑑	ˌmeθəˈtrekˌseɪt	NN1	GenAm	89	shave_says:𐑥𐑧𐑔𐑪𐑑𐑮𐑧𐑒𐑕𐑱𐑑
methyldopa	𐑥𐑰𐑔𐑲𐑤𐑛𐑴𐑐𐑩	ˌmiːθaɪlˈdəʊpə	NN1	RSSB	89	shave_says:[𐑥𐑧𐑔𐑩𐑤𐑛𐑴𐑐𐑩 / 𐑥𐑧𐑔𐑦𐑤𐑛𐑴𐑐𐑩 / 𐑥𐑧𐑔𐑦𐑤𐑛𐑪𐑐𐑩]
methylenedioxymethamphetamine	𐑥𐑧𐑔𐑦𐑤𐑰𐑯𐑛𐑲𐑷𐑒𐑕𐑦𐑥𐑧𐑔𐑨𐑥𐑓𐑧𐑑𐑩𐑥𐑦𐑯	ˈmeθɪliːndaɪˈɔksiˈmeθæmˈfetəmin	NN1	RSSB	89	shave_says:[𐑥𐑧𐑔𐑩𐑤𐑰𐑯𐑛𐑦𐑪𐑒𐑕𐑦𐑥𐑩𐑑𐑩𐑥𐑓𐑰𐑑𐑩𐑥𐑰𐑯 / 𐑥𐑧𐑔𐑩𐑤𐑰𐑯𐑛𐑦𐑪𐑒𐑕𐑦𐑥𐑩𐑑𐑩𐑥𐑓𐑩𐑑𐑩𐑥𐑰𐑯 / 𐑥𐑧𐑔𐑩𐑤𐑰𐑯𐑛𐑦𐑪𐑒𐑕𐑦𐑥𐑩𐑑𐑩𐑥𐑓𐑰𐑑𐑩𐑥𐑲𐑯 / 𐑥𐑧𐑔𐑩𐑤𐑰𐑯𐑛𐑦𐑪𐑒𐑕𐑦𐑥𐑩𐑑𐑩𐑥𐑓𐑰𐑑𐑱𐑥𐑰𐑯 / 𐑥𐑧𐑔𐑦𐑤𐑱𐑯𐑛𐑦𐑪𐑒𐑕𐑦𐑥𐑩𐑑𐑩𐑥𐑓𐑰𐑑𐑩𐑥𐑰𐑯]
methyltestosterone	𐑥𐑰𐑔𐑲𐑤𐑑𐑧𐑕𐑑𐑪𐑕𐑑𐑼𐑴𐑯	miːθaɪltestɒstərəʊn	NN1	RSSB	89	shave_says:[𐑥𐑧𐑔𐑩𐑤𐑑𐑧𐑕𐑑𐑪𐑕𐑑𐑼𐑴𐑯 / 𐑥𐑧𐑔𐑦𐑤𐑑𐑩𐑕𐑑𐑪𐑕𐑑𐑼𐑢𐑳𐑯]
metical	𐑥𐑧𐑑𐑦𐑒𐑭𐑤	ˌmetɪˈkɑːl	NN1	RSSB	89	shave_says:𐑥𐑧𐑑𐑦𐑒𐑩𐑤
metis	𐑥𐑱𐑑𐑰	meɪˈtiː	NN1	RSSB	89	shave_says:[𐑥𐑰𐑑𐑦𐑕 / 𐑥𐑧𐑑𐑦𐑕 / 𐑥𐑰𐑑𐑦𐑟]
metoprolol	𐑥𐑦𐑑𐑪𐑐𐑮𐑩𐑤𐑪𐑤	mɪtɒprəlɒl	NN1	RSSB	89	shave_says:[𐑥𐑰𐑑𐑴𐑐𐑮𐑴𐑤𐑩𐑤 / 𐑥𐑰𐑑𐑴𐑐𐑮𐑴𐑤𐑴𐑤]
metoprolol	𐑥𐑩𐑑𐑴𐑐𐑮𐑩𐑤𐑪𐑤	məˈtoʊprəˌlɒl	NN1	GenAm	89	shave_says:[𐑥𐑰𐑑𐑴𐑐𐑮𐑴𐑤𐑩𐑤 / 𐑥𐑰𐑑𐑴𐑐𐑮𐑴𐑤𐑴𐑤]
metronidazole	𐑥𐑧𐑑𐑮𐑩𐑯𐑲𐑛𐑩𐑟𐑴𐑤	ˌmetrəˈnaɪdəˌzoʊl	NN1	GenAm	89	shave_says:[𐑥𐑧𐑑𐑮𐑴𐑯𐑲𐑛𐑱𐑟𐑴𐑤 / 𐑥𐑰𐑑𐑮𐑪𐑯𐑦𐑛𐑱𐑟𐑴𐑤 / 𐑥𐑰𐑑𐑮𐑪𐑯𐑦𐑛𐑩𐑟𐑴𐑤 / 𐑥𐑰𐑑𐑮𐑪𐑯𐑦𐑛𐑱𐑟𐑴𐑩𐑤]
mexiletine	𐑥𐑦𐑒𐑕𐑲𐑤𐑦𐑑𐑰𐑯	mɪkˈsaɪlɪtiːn	NN1	RSSB	89	shave_says:𐑥𐑧𐑒𐑕𐑦𐑤𐑩𐑑𐑰𐑯
mezuzah	𐑥𐑩𐑟𐑵𐑟𐑷	məˈzuːzɔː	NN1	RSSB	89	shave_says:𐑥𐑧𐑟𐑵𐑟𐑩
miasmic	𐑥𐑲𐑨𐑟𐑥𐑦𐑒	maɪˈæzmɪk	AJ0	RSSB	89	shave_says:𐑥𐑦𐑨𐑟𐑩𐑥𐑦𐑒
miaul	𐑥𐑘𐑬𐑤	ˈmjaʊl	NN1	RSSB	89	shave_says:𐑥𐑦𐑩𐑵𐑤
michelangelesque	𐑥𐑲𐑒𐑩𐑤𐑨𐑯𐑡𐑩𐑤𐑧𐑕𐑒	ˌmaɪkəlændʒəˈlesk	AJ0	RSSB	89	shave_says:𐑥𐑦𐑖𐑧𐑤𐑨𐑙𐑩𐑤𐑧𐑕𐑒
michelangelo	𐑥𐑲𐑒𐑩𐑤𐑨𐑯𐑡𐑦𐑤𐑴	ˌmaɪkəlˈændʒɪloʊ	NN1	RSSB	89	shave_says:𐑥𐑲𐑒𐑩𐑤𐑨𐑯𐑡𐑩𐑤𐑴
microeconomics	𐑥𐑲𐑒𐑮𐑴𐑧𐑒𐑩𐑯𐑪𐑯𐑦𐑒𐑕	maɪkrəʊekənɒnɪks	NN1	RSSB	89	shave_says:[𐑥𐑲𐑒𐑮𐑴𐑰𐑒𐑩𐑯𐑪𐑥𐑦𐑒𐑕 / 𐑥𐑲𐑒𐑮𐑴𐑒𐑪𐑯𐑪𐑥𐑦𐑒𐑕]
microgametophyte	𐑥𐑲𐑒𐑮𐑩𐑜𐑨𐑥𐑰𐑑𐑩𐑓𐑲𐑑	maɪkrəɡamiːtəfaɪt	NN1	RSSB	89	shave_says:[𐑥𐑲𐑒𐑮𐑴𐑜𐑨𐑥𐑰𐑑𐑴𐑓𐑲𐑑 / 𐑥𐑲𐑒𐑮𐑴𐑡𐑰𐑩𐑥𐑰𐑑𐑴𐑓𐑲𐑑]
microgametophyte	𐑥𐑲𐑒𐑮𐑴𐑜𐑩𐑥𐑰𐑛𐑩𐑓𐑲𐑑	ˈˌmaɪkroʊɡəˈmiːdəˌfaɪt	NN1	GenAm	89	shave_says:[𐑥𐑲𐑒𐑮𐑴𐑜𐑨𐑥𐑰𐑑𐑴𐑓𐑲𐑑 / 𐑥𐑲𐑒𐑮𐑴𐑡𐑰𐑩𐑥𐑰𐑑𐑴𐑓𐑲𐑑]
micropenis	𐑥𐑭𐑦𐑒𐑮𐑴𐑐𐑰𐑯𐑦𐑕	mɑːikrəʊpiːnɪs	NN1	RSSB	89	shave_says:[𐑥𐑲𐑒𐑮𐑴𐑐𐑰𐑯𐑦𐑕 / 𐑥𐑲𐑒𐑮𐑴𐑐𐑩𐑯𐑦𐑕 / 𐑥𐑲𐑒𐑮𐑴𐑐𐑩𐑯𐑦𐑟]
microsome	𐑥𐑲𐑒𐑮𐑩𐑕𐑴𐑥	ˈmaɪkrəsoʊm	NN1	GenAm	89	shave_says:[𐑥𐑲𐑒𐑮𐑴𐑕𐑳𐑥 / 𐑥𐑲𐑒𐑮𐑴𐑕𐑩𐑥]
midazolam	𐑥𐑲𐑛𐑱𐑟𐑩𐑤𐑨𐑥	maɪˈdeɪzəlam	NN1	RSSB	89	shave_says:𐑥𐑦𐑛𐑨𐑟𐑩𐑤𐑨𐑥
miff	𐑥𐑦𐑓	mɪf	NN1	GenAm	89	
millenarianism	𐑥𐑦𐑤𐑦𐑯𐑧𐑮𐑾𐑯𐑦𐑟𐑩𐑥	mɪlɪˈneriənɪzəm	NN1	GenAm	89	shave_says:𐑥𐑦𐑤𐑦𐑯𐑺𐑾𐑯𐑦𐑟𐑩𐑥
mimeo	𐑥𐑦𐑥𐑾𐑫	ˈmɪmɪəʊ	NN1	RSSB	89	shave_says:𐑥𐑲𐑥𐑴
mimesis	𐑥𐑦𐑥𐑰𐑕𐑦𐑕	mɪˈmiːsɪs	NN1	RSSB	89	shave_says:𐑥𐑩𐑥𐑰𐑕𐑦𐑕
minacious	𐑥𐑦𐑯𐑱𐑖𐑩𐑕	mɪˈneɪʃəs	AJ0	RSSB	89	shave_says:[𐑥𐑲𐑯𐑱𐑖𐑩𐑕 / 𐑥𐑰𐑯𐑱𐑖𐑩𐑕 / 𐑥𐑲𐑯𐑩𐑕𐑦𐑩𐑕]
miniskirt	𐑥𐑦𐑯𐑦𐑕𐑒𐑼𐑑	mɪnɪskəRt	NN1	RSSB	89	shave_says:𐑥𐑦𐑯𐑦𐑕𐑒𐑻𐑑
minium	𐑥𐑦𐑯𐑾𐑥	ˈmɪnɪəm	NN1	RSSB	89	shave_says:[𐑥𐑦𐑯𐑦𐑩𐑥 / 𐑥𐑦𐑯𐑦𐑵𐑥 / 𐑥𐑲𐑯𐑦𐑩𐑥]
minnesotan	𐑥𐑦𐑯𐑩𐑕𐑴𐑑𐑩𐑯	ˌmɪnəˈsoʊtən	NN1	GenAm	89	shave_says:𐑥𐑦𐑯𐑦𐑕𐑴𐑑𐑩𐑯
minocycline	𐑥𐑲𐑯𐑴𐑕𐑲𐑒𐑤𐑰𐑯	ˌmaɪnəʊˈsaɪkliːn	NN1	RSSB	89	shave_says:[𐑥𐑲𐑯𐑴𐑕𐑲𐑒𐑩𐑤𐑰𐑯 / 𐑥𐑲𐑯𐑪𐑒𐑦𐑒𐑤𐑰𐑯]
minocycline	𐑥𐑦𐑯𐑴𐑕𐑲𐑒𐑤𐑰𐑯	ˌmɪnoʊˈsaɪˌkliːn	NN1	GenAm	89	shave_says:[𐑥𐑲𐑯𐑴𐑕𐑲𐑒𐑩𐑤𐑰𐑯 / 𐑥𐑲𐑯𐑪𐑒𐑦𐑒𐑤𐑰𐑯]
minoxidil	𐑥𐑩𐑯𐑪𐑒𐑕𐑩𐑛𐑦𐑤	məˈnɒksəˌdɪl	NN1	GenAm	89	shave_says:𐑥𐑦𐑯𐑪𐑒𐑕𐑦𐑛𐑦𐑤
minyan	𐑥𐑦𐑯𐑘𐑩𐑯	ˈmɪnjən	NN1	RSSB	89	shave_says:[𐑥𐑲𐑯𐑘𐑭𐑯 / 𐑥𐑰𐑯𐑘𐑭𐑯 / 𐑥𐑲𐑯𐑦𐑩𐑯 / 𐑥𐑲𐑯𐑘𐑩𐑯]
mirasol	𐑥𐑦𐑮𐑩𐑕𐑪𐑤	mɪrəsɒl	NN1	RSSB	89	shave_says:[𐑥𐑽𐑩𐑕𐑪𐑤 / 𐑥𐑲𐑮𐑩𐑟𐑩𐑤 / 𐑥𐑲𐑼𐑱𐑕𐑩𐑤 / 𐑥𐑲𐑮𐑩𐑟𐑴𐑤]
mirza	𐑥𐑽𐑟𐑩	mɪəRzə	NN1	RSSB	89	shave_says:𐑥𐑽𐑟𐑭
misbehavior	𐑥𐑦𐑕𐑚𐑩𐑣𐑱𐑝𐑘𐑼	ˌmɪsbəˈheɪvjəR	NN1	GenAm	89	shave_says:𐑥𐑦𐑕𐑚𐑦𐑣𐑱𐑝𐑘𐑼
miserabilism	𐑥𐑦𐑟𐑮𐑩𐑚𐑩𐑤𐑦𐑟𐑥	mɪzrəbəlɪzm	NN1	RSSB	89	shave_says:𐑥𐑲𐑟𐑼𐑩𐑚𐑦𐑤𐑦𐑟𐑩𐑥
mishpocha	𐑥𐑦𐑖𐑐𐑪𐑒𐑩	mɪʃˈpɒkə	NN1	RSSB	89	shave_says:𐑥𐑦𐑖𐑐𐑴𐑗𐑩
misoneism	𐑥𐑦𐑕𐑩𐑯𐑰𐑦𐑟𐑩𐑥	ˌmɪsəˈniːɪzəm	NN1	RSSB	89	shave_says:[𐑥𐑦𐑕𐑢𐑳𐑯𐑦𐑟𐑩𐑥 / 𐑥𐑦𐑕𐑪𐑯𐑱𐑦𐑟𐑩𐑥 / 𐑥𐑰𐑟𐑢𐑳𐑯𐑦𐑟𐑩𐑥]
missourian	𐑥𐑦𐑟𐑫𐑮𐑦𐑩𐑯	mɪzʊri+ən	NN1	RSSB	89	shave_says:𐑥𐑦𐑟𐑫𐑼𐑦𐑩𐑯
mithramycin	𐑥𐑦𐑔𐑮𐑩𐑥𐑲𐑕𐑦𐑯	mɪθrəmaɪsɪn	NN1	RSSB	89	shave_says:𐑥𐑦𐑔𐑮𐑱𐑥𐑦𐑕𐑦𐑯
mitosis	𐑥𐑲𐑑𐑴𐑕𐑦𐑕	maɪˈtoʊsɪs	NN1	GenAm	89	shave_says:𐑥𐑲𐑑𐑴𐑕𐑩𐑕
mitral	𐑥𐑲𐑑𐑮𐑩𐑤	maɪtrəl	AJ0	RSSB	89	shave_says:𐑥𐑦𐑑𐑮𐑭𐑤
mizzenmast	𐑥𐑦𐑟𐑩𐑯𐑥𐑭𐑕𐑑	ˈmɪzənˌmɑːst	NN1	RSSB	89	shave_says:𐑥𐑦𐑟𐑩𐑯𐑥𐑨𐑕𐑑
mnemotechnic	𐑯𐑰𐑥𐑩𐑑𐑧𐑒𐑯𐑦𐑒	ˌniːməˈteknɪk	AJ0	RSSB	89	shave_says:𐑥𐑯𐑩𐑥𐑴𐑑𐑗𐑯𐑦𐑒
mnemotechnical	𐑯𐑧𐑥𐑩𐑑𐑧𐑒𐑯𐑦𐑒𐑩𐑤	neməˈteknɪkəl	AJ0	RSSB	89	shave_says:𐑥𐑯𐑩𐑥𐑴𐑑𐑗𐑯𐑦𐑒𐑩𐑤
mol	𐑥𐑴𐑤	məʊl	NN1	RSSB	89	shave_says:𐑥𐑪𐑤
moldova	𐑥𐑪𐑤𐑛𐑴𐑝𐑩	mɒlˈdoʊvə	NN1	GenAm	89	shave_says:[𐑥𐑴𐑤𐑛𐑴𐑝𐑩 / 𐑥𐑴𐑤𐑛𐑴𐑓𐑩]
monet	𐑥𐑴𐑯𐑱	moʊneɪ	NN1	RSSB	89	shave_says:𐑥𐑳𐑯𐑦𐑑
moneyer	𐑥𐑳𐑯𐑽	ˈmʌniəR	NN1	GenAm	89	shave_says:𐑥𐑳𐑯𐑦𐑼
monition	𐑥𐑩𐑯𐑦𐑖𐑩𐑯	məˈnɪʃən	NN1	RSSB	89	shave_says:[𐑥𐑴𐑯𐑦𐑖𐑩𐑯 / 𐑥𐑳𐑯𐑛𐑱𐑦𐑖𐑩𐑯 / 𐑥𐑴𐑯𐑦𐑑𐑦𐑩𐑯 / 𐑥𐑴𐑯𐑲𐑑𐑦𐑩𐑯]
monody	𐑥𐑪𐑯𐑩𐑛𐑦	ˈmɒnədi	NN1	RSSB	89	shave_says:[𐑥𐑪𐑯𐑩𐑛𐑲 / 𐑥𐑴𐑯𐑴𐑛𐑦 / 𐑥𐑴𐑯𐑪𐑛𐑦]
monoecious	𐑥𐑩𐑯𐑰𐑖𐑩𐑕	məˈniːʃəs	AJ0	RSSB	89	
monogyny	𐑥𐑩𐑯𐑪𐑡𐑦𐑯𐑦	məˈnɒdʒɪnɪ	NN1	RSSB	89	shave_says:𐑥𐑪𐑯𐑩𐑜𐑲𐑯𐑦
monomer	𐑥𐑪𐑯𐑩𐑥𐑼	ˈmɒnəməR	NN1	GenAm	89	shave_says:[𐑥𐑪𐑯𐑩𐑥𐑧𐑮 / 𐑥𐑪𐑯𐑴𐑥𐑼]
monophysite	𐑥𐑩𐑯𐑪𐑓𐑦𐑕𐑲𐑑	məˈnɒfɪsaɪt	NN1	RSSB	89	shave_says:[𐑥𐑪𐑯𐑩𐑓𐑦𐑟𐑲𐑑 / 𐑥𐑪𐑯𐑴𐑓𐑦𐑟𐑲𐑑 / 𐑥𐑪𐑯𐑪𐑓𐑦𐑟𐑲𐑑]
monosemy	𐑥𐑪𐑯𐑩𐑕𐑰𐑥𐑦	ˈmɒnəˌsiːmi	NN1	RSSB	89	shave_says:[𐑥𐑴𐑯𐑴𐑕𐑩𐑥𐑦 / 𐑥𐑪𐑯𐑩𐑕𐑧𐑥𐑦]
monotypic	𐑥𐑪𐑯𐑩𐑑𐑦𐑐𐑦𐑒	ˌmɒnəˈtɪpɪk	AJ0	RSSB	89	shave_says:𐑥𐑪𐑯𐑴𐑑𐑲𐑐𐑦𐑒
moong	𐑥𐑫𐑙	mʊŋ	NN1	RSSB	89	
moonwalk	𐑥𐑫𐑯𐑢𐑪𐑒	ˈmunwɒk	NN1	GenAm	89	shave_says:[𐑥𐑵𐑯𐑢𐑷𐑒 / 𐑥𐑵𐑯𐑢𐑩𐑤𐑒]
moralism	𐑥𐑪𐑮𐑩𐑤𐑦𐑟𐑥	mɒrəlɪzm	NN1	RSSB	89	shave_says:[𐑥𐑼𐑭𐑤𐑦𐑟𐑩𐑥 / 𐑥𐑪𐑮𐑩𐑤𐑦𐑟𐑩𐑥]
mouflon	𐑥𐑵𐑓𐑤𐑪𐑯	ˈmuːflɒn	NN1	RSSB	89	shave_says:𐑥𐑬𐑓𐑤𐑩𐑯
mouflon	𐑥𐑵𐑓𐑤𐑭𐑯	ˈmuːflɑːn	NN1	GenAm	89	shave_says:𐑥𐑬𐑓𐑤𐑩𐑯
moulin	𐑥𐑵𐑤𐑨𐑯	ˈmuːlan	NN1	RSSB	89	shave_says:𐑥𐑵𐑤𐑭𐑯
mst	𐑧𐑥𐑧𐑕𐑑𐑰	ˌemˌesˈtiː	NN1	RSSB	89	
mu	𐑥𐑵	muː	NN1	RSSB	89	shave_says:𐑥𐑿
mu	𐑥𐑘𐑫	mju	NN1	GenAm	89	shave_says:𐑥𐑿
mudra	𐑥𐑵𐑛𐑮𐑭	muːdrɑː	NN1	RSSB	89	shave_says:[𐑥𐑳𐑛𐑸𐑱 / 𐑥𐑳𐑛𐑮𐑩]
mujik	𐑥𐑵𐑠𐑦𐑒	ˈmuːʒɪk	NN1	RSSB	89	
muliebrity	𐑥𐑿𐑤𐑦𐑧𐑚𐑮𐑦𐑑𐑦	ˌmjuːlɪˈebrɪti	NN1	RSSB	89	shave_says:𐑥𐑿𐑤𐑦𐑚𐑮𐑦𐑑𐑦
muliebrity	𐑥𐑘𐑫𐑤𐑦𐑧𐑚𐑮𐑩𐑑𐑦	ˌmjuliˈebrəti	NN1	GenAm	89	shave_says:𐑥𐑿𐑤𐑦𐑚𐑮𐑦𐑑𐑦
multiculturalism	𐑥𐑳𐑤𐑑𐑦𐑒𐑳𐑤𐑗𐑼𐑩𐑤𐑦𐑟𐑥	mʌltɪkʌltʃərəlɪzm	NN1	RSSB	89	shave_says:𐑥𐑳𐑤𐑑𐑦𐑒𐑳𐑤𐑗𐑼𐑩𐑤𐑦𐑟𐑩𐑥
multiplicand	𐑥𐑳𐑤𐑑𐑩𐑐𐑤𐑦𐑒𐑨𐑯𐑛	ˌmʌltəplɪˈkænd	NN1	RSSB	89	shave_says:[𐑥𐑳𐑤𐑑𐑦𐑐𐑩𐑤𐑦𐑒𐑨𐑯𐑛 / 𐑥𐑳𐑤𐑑𐑦𐑐𐑩𐑤𐑦𐑒𐑩𐑯𐑛 / 𐑥𐑳𐑤𐑑𐑦𐑐𐑤𐑦𐑒𐑨𐑯𐑛]
multiplicative	𐑥𐑳𐑤𐑑𐑦𐑐𐑤𐑦𐑒𐑱𐑑𐑦𐑝	ˈmʌltɪplɪˌkeɪtɪv	AJ0	RSSB	89	shave_says:[𐑥𐑳𐑤𐑑𐑦𐑐𐑩𐑤𐑦𐑒𐑩𐑑𐑦𐑝 / 𐑥𐑳𐑤𐑑𐑦𐑐𐑩𐑤𐑦𐑒𐑱𐑑𐑦𐑝 / 𐑥𐑳𐑤𐑑𐑦𐑐𐑩𐑤𐑦𐑒𐑨𐑑𐑦𐑝 / 𐑥𐑳𐑤𐑑𐑦𐑐𐑤𐑦𐑒𐑩𐑑𐑦𐑝]
multiprocessing	𐑥𐑳𐑤𐑑𐑦𐑐𐑮𐑪𐑕𐑧𐑕𐑦𐑙	ˈmʌltiˌprɒsesɪŋ	NN1	RSSB	89	shave_says:[𐑥𐑳𐑤𐑑𐑦𐑐𐑮𐑴𐑕𐑧𐑕𐑦𐑙 / 𐑥𐑳𐑤𐑑𐑦𐑐𐑮𐑴𐑕𐑩𐑕𐑦𐑙]
murre	𐑥𐑻	mɜːR	NN1	GenAm	89	
musicality	𐑥𐑘𐑫𐑟𐑦𐑒𐑨𐑤𐑦𐑑𐑦	ˌmjuzɪˈkælɪti	NN1	RSSB	89	shave_says:𐑥𐑿𐑟𐑦𐑒𐑭𐑤𐑦𐑑𐑦
mussitate	𐑥𐑳𐑕𐑦𐑑𐑱𐑑	ˈmʌsɪteɪt	VVI	RSSB	89	shave_says:[𐑥𐑵𐑕𐑲𐑑𐑱𐑑 / 𐑥𐑵𐑕𐑦𐑑𐑱𐑑]
mutawa	𐑥𐑫𐑑𐑭𐑢𐑩	mʊˈtɑːwə	NN1	RSSB	89	shave_says:[𐑥𐑿𐑑𐑬𐑩 / 𐑥𐑳𐑑𐑬𐑩 / 𐑥𐑿𐑑𐑷𐑩]
mutualism	𐑥𐑘𐑫𐑗𐑫𐑩𐑤𐑦𐑟𐑩𐑥	ˈmjutʃuəˌlɪzəm	NN1	GenAm	89	shave_says:𐑥𐑿𐑗𐑫𐑩𐑤𐑦𐑟𐑩𐑥
mx	𐑥𐑦𐑒𐑕	mɪks	NN1	RSSB	89	
mycelium	𐑥𐑭𐑦𐑕𐑦𐑤𐑦𐑩𐑥	mɑːɪˈsili+əm	NN1	RSSB	89	shave_says:[𐑥𐑲𐑕𐑧𐑤𐑦𐑩𐑥 / 𐑥𐑲𐑕𐑰𐑤𐑦𐑩𐑥]
mycenaean	𐑥𐑲𐑕𐑦𐑯𐑰𐑩𐑯	ˌmaɪsɪˈniːən	AJ0	RSSB	89	shave_says:𐑥𐑲𐑕𐑩𐑯𐑦𐑩𐑯
mycologist	𐑥𐑲𐑒𐑭𐑤𐑩𐑡𐑦𐑕𐑑	maɪˌkɑːləˈdʒɪst	NN1	RSSB	89	shave_says:[𐑥𐑲𐑒𐑴𐑤𐑩𐑡𐑦𐑕𐑑 / 𐑥𐑲𐑒𐑪𐑤𐑩𐑡𐑦𐑕𐑑 / 𐑥𐑲𐑒𐑩𐑤𐑪𐑜𐑦𐑕𐑑]
mydriasis	𐑥𐑦𐑛𐑮𐑲𐑩𐑕𐑦𐑕	mɪdraɪəsɪs	NN1	RSSB	89	shave_says:𐑥𐑲𐑛𐑼𐑲𐑩𐑕𐑦𐑕
myeloid	𐑥𐑲𐑩𐑤𐑶𐑛	ˈmaɪəˌlɔɪd	AJ0	RSSB	89	shave_says:𐑥𐑲𐑩𐑤𐑴𐑦𐑛
myoclonus	𐑥𐑲𐑪𐑒𐑤𐑩𐑯𐑩𐑕	maɪˈɒklənəs	NN1	RSSB	89	shave_says:𐑥𐑲𐑴𐑒𐑤𐑴𐑯𐑩𐑕
myosotis	𐑥𐑲𐑩𐑕𐑴𐑑𐑦𐑕	maɪəˈsəʊtɪs	NN1	RSSB	89	shave_says:[𐑥𐑲𐑴𐑕𐑪𐑑𐑦𐑕 / 𐑥𐑲𐑴𐑕𐑴𐑑𐑦𐑕 / 𐑥𐑲𐑴𐑟𐑴𐑑𐑦𐑕]
myrmecophyte	𐑥𐑻𐑥𐑧𐑒𐑩𐑓𐑲𐑑	mɜːRmekəfaɪt	NN1	RSSB	89	shave_says:𐑥𐑻𐑥𐑦𐑒𐑴𐑓𐑲𐑑
myrmecophyte	𐑥𐑼𐑥𐑩𐑒𐑴𐑓𐑲𐑑	ˈmərməkoʊˌfaɪt	NN1	GenAm	89	shave_says:𐑥𐑻𐑥𐑦𐑒𐑴𐑓𐑲𐑑
myrobalan	𐑥𐑲𐑮𐑪𐑚𐑩𐑤𐑩𐑯	maɪrɒbələn	NN1	RSSB	89	shave_says:[𐑥𐑲𐑼𐑴𐑚𐑩𐑤𐑩𐑯 / 𐑥𐑲𐑮𐑴𐑚𐑩𐑤𐑩𐑯]
mysophilia	𐑥𐑲𐑕𐑴𐑓𐑦𐑤𐑾	ˌmaɪsəʊˈfɪlɪə	NN1	RSSB	89	shave_says:𐑥𐑲𐑕𐑴𐑓𐑦𐑤𐑦𐑩
nacho	𐑯𐑨𐑗𐑴	ˈnætʃəʊ	NN1	RSSB	89	shave_says:𐑯𐑭𐑗𐑴
nacho	𐑯𐑪𐑗𐑴	ˈnɒtʃoʊ	NN1	GenAm	89	shave_says:𐑯𐑭𐑗𐑴
nacreous	𐑯𐑱𐑒𐑮𐑦𐑩𐑕	neɪkri+əs	AJ0	RSSB	89	shave_says:[𐑯𐑱𐑒𐑼𐑩𐑕 / 𐑯𐑱𐑒𐑼𐑦𐑩𐑕 / 𐑯𐑱𐑒𐑼𐑴𐑩𐑕 / 𐑯𐑭𐑒𐑮𐑦𐑩𐑕 / 𐑯𐑱𐑒𐑼𐑴𐑵𐑟]
nadolol	𐑯𐑱𐑛𐑴𐑤𐑪𐑤	neɪˈdoʊˌlɒl	NN1	GenAm	89	shave_says:[𐑯𐑱𐑛𐑴𐑤𐑩𐑤 / 𐑯𐑱𐑛𐑩𐑤𐑩𐑤 / 𐑯𐑱𐑛𐑴𐑤𐑴𐑤]
nafcillin	𐑯𐑨𐑓𐑕𐑦𐑤𐑦𐑯	næfˈsɪlɪn	NN1	GenAm	89	
nahuatl	𐑯𐑭𐑢𐑭𐑑𐑤	ˈnɑːwɑːtl	NN1	RSSB	89	shave_says:𐑯𐑭𐑢𐑭𐑑𐑩𐑤
naproxen	𐑯𐑩𐑐𐑮𐑪𐑒𐑕𐑩𐑯	nəˈprɒksən	NN1	GenAm	89	shave_says:𐑯𐑨𐑐𐑮𐑪𐑒𐑕𐑩𐑯
narcotize	𐑯𐑸𐑒𐑩𐑑𐑲𐑟	ˈnɑːRkəˌtaɪz	VVI	GenAm	89	shave_says:[𐑯𐑸𐑒𐑴𐑑𐑲𐑕 / 𐑯𐑸𐑒𐑴𐑑𐑲𐑟 / 𐑯𐑸𐑒𐑪𐑑𐑲𐑟]
naris	𐑯𐑺𐑦𐑕	neərɪs	NN1	RSSB	89	shave_says:[𐑯𐑨𐑮𐑦𐑕 / 𐑯𐑨𐑮𐑦𐑟]
narthex	𐑯𐑸𐑔𐑧𐑒𐑕	ˈnɑːRθeks	NN1	GenAm	89	
nary	𐑯𐑺𐑦	neəri	AJ0	RSSB	89	shave_says:𐑯𐑨𐑮𐑦
nasalis	𐑯𐑱𐑟𐑱𐑤𐑦𐑕	neɪˈzeɪlɪs	NN1	GenAm	89	shave_says:𐑯𐑱𐑟𐑩𐑤𐑦𐑕
nascence	𐑯𐑱𐑕𐑩𐑯𐑕	ˈneɪsəns	NN1	RSSB	89	
nascency	𐑯𐑱𐑕𐑩𐑯𐑕𐑦	ˈneɪsənsi	NN1	RSSB	89	
natatorium	𐑯𐑱𐑑𐑩𐑑𐑹𐑾𐑥	neɪtətɔːrɪəm	NN1	RSSB	89	shave_says:[𐑯𐑱𐑑𐑱𐑑𐑹𐑦𐑩𐑥 / 𐑯𐑱𐑑𐑨𐑑𐑹𐑦𐑩𐑥 / 𐑯𐑱𐑑𐑩𐑑𐑼𐑦𐑩𐑥 / 𐑯𐑱𐑑𐑩𐑑𐑼𐑦𐑵𐑥 / 𐑯𐑱𐑑𐑱𐑑𐑼𐑦𐑩𐑥]
natatorium	𐑯𐑱𐑑𐑩𐑑𐑹𐑦𐑩𐑥	neɪtəˈtɔːri+əm	NN1	GenAm	89	shave_says:[𐑯𐑱𐑑𐑱𐑑𐑹𐑦𐑩𐑥 / 𐑯𐑱𐑑𐑨𐑑𐑹𐑦𐑩𐑥 / 𐑯𐑱𐑑𐑩𐑑𐑼𐑦𐑩𐑥 / 𐑯𐑱𐑑𐑩𐑑𐑼𐑦𐑵𐑥 / 𐑯𐑱𐑑𐑱𐑑𐑼𐑦𐑩𐑥]
nates	𐑯𐑱𐑑𐑰𐑟	ˈneɪtiːz	NN1	RSSB	89	shave_says:𐑯𐑱𐑑𐑕
natriuresis	𐑯𐑱𐑑𐑮𐑦𐑘𐑼𐑰𐑕𐑦𐑕	ˌneɪtrɪjəˈriːsɪs	NN1	RSSB	89	shave_says:[𐑯𐑱𐑑𐑮𐑦𐑘𐑫𐑼𐑰𐑕𐑦𐑕 / 𐑯𐑱𐑑𐑮𐑦𐑘𐑫𐑼𐑟𐑦𐑕 / 𐑯𐑱𐑑𐑮𐑦𐑘𐑫𐑼𐑟𐑦𐑟 / 𐑯𐑱𐑑𐑮𐑦𐑘𐑫𐑼𐑰𐑟𐑦𐑕]
natriuresis	𐑯𐑱𐑑𐑮𐑰𐑘𐑼𐑰𐑕𐑦𐑕	ˌneɪtriːjəˈriːsɪs	NN1	GenAm	89	shave_says:[𐑯𐑱𐑑𐑮𐑦𐑘𐑫𐑼𐑰𐑕𐑦𐑕 / 𐑯𐑱𐑑𐑮𐑦𐑘𐑫𐑼𐑟𐑦𐑕 / 𐑯𐑱𐑑𐑮𐑦𐑘𐑫𐑼𐑟𐑦𐑟 / 𐑯𐑱𐑑𐑮𐑦𐑘𐑫𐑼𐑰𐑟𐑦𐑕]
navel-gazing	𐑯𐑱𐑝𐑩𐑤𐑜𐑱𐑟𐑦𐑙	ˈneɪvəlˌɡeɪzɪŋ	NN1	RSSB	89	shave_says:𐑯𐑱𐑝𐑩𐑤-𐑜𐑱𐑟𐑦𐑙
nawab	𐑯𐑩𐑢𐑭𐑚	nəˈwɑːb	NN1	RSSB	89	shave_says:𐑯𐑷𐑩𐑚
ndebele	𐑧𐑯𐑛𐑩𐑚𐑰𐑤𐑰	endəˈbiːliː	NN1	RSSB	89	shave_says:𐑯𐑛𐑩𐑚𐑧𐑤𐑧
ne	𐑯𐑩	nə	NN1	RSSB	89	shave_says:𐑯𐑱
nebuchadnezzar	𐑯𐑧𐑚𐑘𐑩𐑒𐑩𐑛𐑯𐑧𐑟𐑼	nebjəkədnezəR	NN1	RSSB	89	shave_says:𐑯𐑧𐑚𐑫𐑒𐑩𐑛𐑯𐑧𐑟𐑼
nebuchadnezzar	𐑯𐑧𐑚𐑩𐑒𐑩𐑛𐑯𐑧𐑟𐑼	ˌnebəkədˈnezəR	NN1	GenAm	89	shave_says:𐑯𐑧𐑚𐑫𐑒𐑩𐑛𐑯𐑧𐑟𐑼
nebulose	𐑯𐑧𐑚𐑘𐑩𐑤𐑴𐑟	ˈnebjələʊz	AJ0	RSSB	89	shave_says:[𐑯𐑧𐑚𐑿𐑤𐑴𐑕 / 𐑯𐑧𐑚𐑵𐑤𐑴𐑕]
necrophagy	𐑯𐑧𐑒𐑮𐑪𐑓𐑩𐑡𐑦	nekrɒfədʒi	NN1	RSSB	89	shave_says:[𐑯𐑧𐑒𐑮𐑴𐑓𐑱𐑡𐑦 / 𐑯𐑧𐑒𐑮𐑴𐑓𐑨𐑜𐑦]
necrophilia	𐑯𐑧𐑒𐑮𐑩𐑓𐑦𐑤𐑾	nekrəfɪlɪə	NN1	RSSB	89	shave_says:𐑯𐑧𐑒𐑮𐑴𐑓𐑦𐑤𐑦𐑩
neem	𐑯𐑰𐑥	niːm	NN1	RSSB	89	shave_says:𐑯𐑱𐑥
nefazodone	𐑯𐑩𐑓𐑨𐑟𐑩𐑛𐑴𐑯	nəˈfæzəˌdoʊn	NN1	GenAm	89	shave_says:[𐑯𐑧𐑓𐑱𐑟𐑴𐑛𐑢𐑳𐑯 / 𐑯𐑧𐑓𐑱𐑟𐑪𐑛𐑢𐑳𐑯]
negritude	𐑯𐑧𐑜𐑮𐑦𐑑𐑿𐑛	ˈneɡrɪtjuːd	NN1	RSSB	89	shave_says:[𐑯𐑰𐑜𐑮𐑦𐑑𐑿𐑛 / 𐑯𐑧𐑜𐑮𐑲𐑑𐑿𐑛]
nelfinavir	𐑯𐑧𐑤𐑓𐑦𐑯𐑩𐑝𐑦𐑮	nelˈfɪnəˌvɪr	NN1	GenAm	89	
nematode	𐑯𐑧𐑥𐑩𐑑𐑴𐑛	ˈneməˌtoʊd	NN1	GenAm	89	shave_says:𐑯𐑰𐑥𐑩𐑑𐑴𐑛
neomycin	𐑯𐑰𐑩𐑥𐑲𐑕𐑦𐑯	ˌniːəˈmaɪsɪn	NN1	RSSB	89	shave_says:𐑯𐑰𐑴𐑥𐑲𐑒𐑦𐑯
neomycin	𐑯𐑰𐑩𐑥𐑲𐑕𐑩𐑯	ˌniː+əˈmaɪsən	NN1	GenAm	89	shave_says:𐑯𐑰𐑴𐑥𐑲𐑒𐑦𐑯
neonatology	𐑯𐑰𐑴𐑯𐑩𐑑𐑪𐑤𐑩𐑡𐑦	ˌniːəʊnəˈtɒlədʒi	NN1	RSSB	89	shave_says:[𐑯𐑰𐑴𐑯𐑱𐑑𐑪𐑤𐑩𐑡𐑦 / 𐑯𐑰𐑴𐑯𐑱𐑑𐑩𐑤𐑪𐑜𐑦]
neophobia	𐑯𐑰𐑩𐑓𐑴𐑚𐑾	niːəˈfəʊbɪə	NN1	RSSB	89	shave_says:[𐑯𐑰𐑴𐑓𐑴𐑚𐑦𐑩 / 𐑯𐑰𐑴𐑓𐑴𐑚𐑾]
neoplatonist	𐑯𐑰𐑩𐑐𐑤𐑱𐑑𐑩𐑯𐑦𐑕𐑑	niːəˈpleɪtənɪst	NN1	RSSB	89	shave_says:𐑯𐑰𐑴𐑐𐑤𐑭𐑑𐑴𐑯𐑦𐑕𐑑
neoprene	𐑯𐑦𐑫𐑐𐑮𐑦𐑯	ˈniʊprin	NN1	RSSB	89	shave_says:𐑯𐑰𐑴𐑐𐑮𐑰𐑯
neostigmine	𐑯𐑰𐑩𐑕𐑑𐑦𐑜𐑥𐑰𐑯	ˌniːəˈstɪɡmiːn	NN1	RSSB	89	shave_says:[𐑯𐑰𐑴𐑕𐑑𐑦𐑜𐑥𐑲𐑯 / 𐑯𐑱𐑪𐑕𐑑𐑦𐑜𐑥𐑲𐑯 / 𐑯𐑱𐑪𐑕𐑑𐑦𐑜𐑥𐑰𐑯]
neotenous	𐑯𐑰𐑭𐑑𐑩𐑯𐑩𐑕	niːˈɑːtənəs	AJ0	GenAm	89	shave_says:[𐑯𐑦𐑪𐑑𐑩𐑯𐑩𐑕 / 𐑯𐑦𐑪𐑑𐑩𐑯𐑴𐑩𐑕 / 𐑯𐑦𐑪𐑑𐑩𐑯𐑴𐑵𐑟 / 𐑯𐑰𐑴𐑑𐑧𐑯𐑩𐑕]
neoteny	𐑯𐑰𐑭𐑑𐑩𐑯𐑦	niːˈɑːtəni	NN1	GenAm	89	shave_says:𐑯𐑦𐑪𐑑𐑩𐑯𐑦
nephology	𐑯𐑦𐑓𐑪𐑤𐑩𐑡𐑦	nɪˈfɒlədʒi	NN1	RSSB	89	shave_says:[𐑯𐑰𐑓𐑪𐑤𐑩𐑡𐑦 / 𐑯𐑰𐑓𐑩𐑤𐑪𐑜𐑦]
nernst	𐑯𐑻𐑯𐑕𐑑	nɜːRnst	NN1	RSSB	89	
nero	𐑯𐑰𐑮𐑴	ˈniːroʊ	NN1	RSSB	89	shave_says:𐑯𐑽𐑴
nervure	𐑯𐑻𐑝𐑘𐑼	nɜːRvjəR	NN1	RSSB	89	
neuroepithelium	𐑯𐑻𐑴𐑧𐑐𐑦𐑔𐑰𐑤𐑦𐑩𐑥	ˌnɜːRoʊˌepɪˈθiːli+əm	NN1	GenAm	89	shave_says:[𐑯𐑘𐑫𐑼𐑴𐑧𐑐𐑦𐑔𐑰𐑤𐑦𐑩𐑥 / 𐑯𐑘𐑫𐑼𐑴𐑐𐑦𐑔𐑩𐑤𐑦𐑩𐑥 / 𐑯𐑶𐑮𐑴𐑐𐑦𐑔𐑩𐑤𐑦𐑩𐑥 / 𐑯𐑘𐑫𐑼𐑴𐑐𐑦𐑔𐑩𐑤𐑦𐑵𐑥]
neutrophil	𐑯𐑿𐑑𐑮𐑩𐑓𐑦𐑤	njuːtrəfɪl	NN1	RSSB	89	shave_says:𐑯𐑶𐑑𐑮𐑴𐑓𐑦𐑤
neutrophile	𐑯𐑵𐑑𐑮𐑴𐑓𐑲𐑤	ˈnuːtroʊˌfaɪl	NN1	RSSB	89	shave_says:[𐑯𐑶𐑑𐑮𐑴𐑓𐑦𐑩𐑤 / 𐑯𐑶𐑑𐑮𐑴𐑓𐑲𐑤 / 𐑯𐑿𐑑𐑮𐑴𐑓𐑲𐑤]
nevirapine	𐑯𐑦𐑝𐑲𐑮𐑩𐑐𐑰𐑯	nɪvaɪrəpiːn	NN1	RSSB	89	shave_says:[𐑯𐑧𐑝𐑲𐑼𐑱𐑐𐑰𐑯 / 𐑯𐑧𐑝𐑲𐑼𐑨𐑐𐑰𐑯]
nevirapine	𐑯𐑩𐑝𐑦𐑮𐑩𐑐𐑰𐑯	nəˈvɪrəˌpiːn	NN1	GenAm	89	shave_says:[𐑯𐑧𐑝𐑲𐑼𐑱𐑐𐑰𐑯 / 𐑯𐑧𐑝𐑲𐑼𐑨𐑐𐑰𐑯]
newcomb	𐑯𐑵𐑒𐑩𐑥	ˈnuːkəm	NN1	RSSB	89	shave_says:[𐑯𐑿𐑒𐑩𐑥 / 𐑯𐑿𐑒𐑴𐑥 / 𐑯𐑿𐑒𐑪𐑥𐑚]
niblick	𐑯𐑦𐑚𐑤𐑦𐑒	ˈnɪblɪk	NN1	RSSB	89	shave_says:𐑯𐑦𐑚𐑤𐑦𐑒𐑒
nietzscheanism	𐑯𐑰𐑗𐑦𐑩𐑯𐑦𐑟𐑩𐑥	ˈniːtʃi+ənɪzəm	NN1	GenAm	89	shave_says:𐑯𐑰𐑗𐑩𐑩𐑯𐑦𐑟𐑩𐑥
nifedipine	𐑯𐑲𐑓𐑧𐑛𐑦𐑐𐑰𐑯	naɪˈfedɪˌpiːn	NN1	GenAm	89	shave_says:𐑯𐑲𐑓𐑑𐑲𐑐𐑰𐑯
nigella	𐑯𐑲𐑡𐑧𐑤𐑩	naɪˈdʒelə	NN1	RSSB	89	shave_says:𐑯𐑲𐑡𐑩𐑤𐑩
nighthawk	𐑯𐑲𐑑𐑣𐑪𐑒	ˈnaɪthɒk	NN1	GenAm	89	shave_says:[𐑯𐑲𐑑𐑣𐑷𐑒 / 𐑯𐑲𐑔𐑷𐑒]
nimiety	𐑯𐑦𐑥𐑲𐑦𐑑𐑦	nɪˈmaɪɪti	NN1	RSSB	89	shave_says:[𐑯𐑦𐑥𐑦𐑩𐑑𐑦 / 𐑯𐑦𐑥𐑦𐑑𐑦 / 𐑯𐑦𐑥𐑦𐑰𐑑𐑦]
nipa	𐑯𐑰𐑐𐑭	ˈniːpɑː	NN1	RSSB	89	shave_says:𐑯𐑦𐑐𐑩
nippon	𐑯𐑦𐑐𐑪𐑯	nɪˈpɒn	NN1	GenAm	89	shave_says:𐑯𐑦𐑐𐑩𐑯
niqab	𐑯𐑦𐑒𐑭𐑚	nɪˈkɑːb	NN1	RSSB	89	shave_says:𐑯𐑰𐑒𐑭𐑚
nitpick	𐑯𐑦𐑑𐑐𐑦𐑒	ˈnɪtpɪk	VVI	RSSB	89	shave_says:𐑯𐑦𐑑𐑐𐑦𐑒𐑒
nitpicker	𐑯𐑦𐑑𐑐𐑦𐑒𐑼	nɪtpɪkəR	NN1	RSSB	89	
nitrazepam	𐑯𐑲𐑑𐑮𐑱𐑟𐑦𐑐𐑨𐑥	naɪˈtreɪzɪpam	NN1	RSSB	89	shave_says:𐑯𐑲𐑑𐑮𐑱𐑟𐑐𐑩𐑥
nitrazepam	𐑯𐑲𐑑𐑮𐑨𐑟𐑩𐑐𐑨𐑥	naɪˈtræzəˌpæm	NN1	GenAm	89	shave_says:𐑯𐑲𐑑𐑮𐑱𐑟𐑐𐑩𐑥
nitrile	𐑯𐑲𐑑𐑮𐑲𐑤	ˈnaɪtraɪl	NN1	RSSB	89	shave_says:𐑯𐑲𐑑𐑮𐑩𐑤
nitrofurantoin	𐑯𐑲𐑑𐑮𐑩𐑓𐑘𐑼𐑨𐑯𐑑𐑴𐑦𐑯	naɪtrəfjərantəʊɪn	NN1	RSSB	89	
nitrofurantoin	𐑯𐑲𐑑𐑮𐑴𐑓𐑘𐑼𐑨𐑯𐑑𐑴𐑦𐑯	ˌnaɪtroʊfjəˈræntoʊɪn	NN1	GenAm	89	
no-show	𐑯𐑴𐑖𐑴	ˈnoʊˌʃoʊ	NN1	GenAm	89	shave_says:𐑯𐑴-𐑖𐑴
nociceptive	𐑯𐑴𐑕𐑦𐑕𐑧𐑐𐑑𐑦𐑝	ˌnəʊsɪˈseptɪv	AJ0	RSSB	89	
nociceptive	𐑯𐑴𐑕𐑩𐑕𐑧𐑐𐑑𐑦𐑝	ˌnoʊsəˈseptɪv	AJ0	GenAm	89	
noctiluca	𐑯𐑪𐑒𐑑𐑦𐑤𐑫𐑒𐑩	ˌnɒktɪˈlukə	NN1	GenAm	89	shave_says:𐑯𐑪𐑒𐑑𐑦𐑤𐑵𐑒𐑩
noli-me-tangere	𐑯𐑴𐑤𐑲𐑥𐑰𐑑𐑨𐑯𐑡𐑼𐑰	noʊlaɪmiːtændʒəriː	NN1	RSSB	89	shave_says:𐑯𐑴𐑤𐑦-𐑥𐑰-tangere
nombril	𐑯𐑪𐑥𐑚𐑮𐑩𐑤	ˈnɒmbrəl	NN1	GenAm	89	shave_says:𐑯𐑪𐑥𐑚𐑮𐑦𐑤
nomenklatura	𐑯𐑪𐑥𐑧𐑯𐑒𐑤𐑩𐑑𐑘𐑫𐑼𐑩	nɒmenklətjʊərə	NN1	RSSB	89	shave_says:𐑯𐑴𐑥𐑧𐑯𐑒𐑤𐑭𐑑𐑵𐑮𐑩
nonagon	𐑯𐑪𐑯𐑩𐑜𐑩𐑯	ˈnɒnəɡən	NN1	RSSB	89	shave_says:[𐑯𐑪𐑯𐑩𐑜𐑪𐑯 / 𐑯𐑪𐑯𐑨𐑜𐑩𐑯 / 𐑯𐑳𐑯𐑨𐑜𐑩𐑯]
nones	𐑯𐑴𐑯𐑟	nəʊnz	NN1	RSSB	89	shave_says:𐑯𐑳𐑯𐑟
nopal	𐑯𐑴𐑐𐑪𐑤	noʊˈpɒl	NN1	GenAm	89	shave_says:[𐑯𐑴𐑐𐑩𐑤 / 𐑯𐑴𐑐𐑨𐑤]
norethindrone	𐑯𐑹𐑧𐑔𐑦𐑯𐑛𐑮𐑴𐑯	nɔːRˈeθɪnˌdroʊn	NN1	GenAm	89	shave_says:[𐑯𐑹𐑩𐑔𐑦𐑯𐑛𐑮𐑴𐑯 / 𐑯𐑹𐑩𐑔𐑦𐑯𐑛𐑮𐑢𐑳𐑯]
norgestrel	𐑯𐑹𐑡𐑧𐑕𐑑𐑮𐑩𐑤	nɔːRˈdʒestrəl	NN1	GenAm	89	shave_says:𐑯𐑹𐑜𐑧𐑕𐑑𐑮𐑩𐑤
noria	𐑯𐑹𐑾	nɔːrɪə	NN1	RSSB	89	shave_says:𐑯𐑹𐑦𐑩
nosocomial	𐑯𐑪𐑕𐑩𐑒𐑴𐑥𐑦𐑩𐑤	ˌnɒsəˈkoʊmi+əl	AJ0	GenAm	89	shave_says:𐑯𐑴𐑟𐑴𐑒𐑴𐑥𐑦𐑩𐑤
notornis	𐑯𐑩𐑑𐑹𐑯𐑦𐑕	nətɔːRnɪs	NN1	RSSB	89	shave_says:[𐑯𐑪𐑑𐑹𐑯𐑰𐑖 / 𐑯𐑴𐑑𐑹𐑯𐑦𐑕 / 𐑯𐑴𐑑𐑹𐑯𐑦𐑟]
notturno	𐑯𐑪𐑑𐑫𐑼𐑯𐑴	nɒtʊəRnəʊ	NN1	RSSB	89	shave_says:𐑯𐑪𐑑𐑑𐑻𐑯𐑴
noumenon	𐑯𐑵𐑥𐑩𐑯𐑪𐑯	ˈnuːmənɒn	NN1	RSSB	89	shave_says:𐑯𐑵𐑥𐑧𐑯𐑩𐑯
noumenon	𐑯𐑫𐑥𐑩𐑯𐑪𐑯	ˈnumənɒn	NN1	GenAm	89	shave_says:𐑯𐑵𐑥𐑧𐑯𐑩𐑯
nsaid	𐑧𐑯𐑕𐑧𐑛	ˈensed	NN1	GenAm	89	shave_says:𐑯𐑕𐑧𐑱𐑛
nu	𐑯𐑫	nu	NN1	GenAm	89	shave_says:𐑯𐑵
nucha	𐑯𐑿𐑒𐑩	ˈnjuːkə	NN1	RSSB	89	shave_says:[𐑯𐑿𐑗𐑭 / 𐑯𐑿𐑗𐑩]
nucha	𐑯𐑫𐑒𐑩	ˈnukə	NN1	GenAm	89	shave_says:[𐑯𐑿𐑗𐑭 / 𐑯𐑿𐑗𐑩]
nucleon	𐑯𐑵𐑒𐑤𐑦𐑪𐑯	ˈnuːkliɒn	NN1	RSSB	89	shave_says:𐑯𐑿𐑒𐑤𐑦𐑪𐑯
nudibranch	𐑯𐑿𐑛𐑦𐑚𐑮𐑨𐑙𐑒	ˈnjuːdɪˌbræŋk	NN1	RSSB	89	shave_says:𐑯𐑿𐑛𐑲𐑚𐑮𐑭𐑯𐑗
nudnik	𐑯𐑫𐑛𐑯𐑦𐑒	ˈnʊdnɪk	NN1	RSSB	89	shave_says:𐑯𐑳𐑛𐑯𐑦𐑒
numen	𐑯𐑿𐑥𐑩𐑯	ˈnjuːmən	NN1	RSSB	89	shave_says:[𐑯𐑿𐑥𐑧𐑯 / 𐑯𐑵𐑥𐑩𐑯 / 𐑯𐑳𐑥𐑩𐑯]
nyctalopia	𐑯𐑦𐑒𐑑𐑩𐑤𐑴𐑐𐑾	nɪktəˈloʊpɪə	NN1	RSSB	89	shave_says:[𐑯𐑦𐑒𐑑𐑩𐑤𐑴𐑐𐑦𐑩 / 𐑯𐑦𐑒𐑑𐑩𐑤𐑩𐑐𐑦𐑩]
nynorsk	𐑯𐑿𐑯𐑹𐑕𐑒	njuːnɔːRsk	NN1	RSSB	89	shave_says:𐑯𐑦𐑯𐑹𐑕𐑒
nynorsk	𐑯𐑫𐑯𐑹𐑕𐑒	ˈnunɔːRsk	NN1	GenAm	89	shave_says:𐑯𐑦𐑯𐑹𐑕𐑒
nystagmus	𐑯𐑦𐑕𐑑𐑨𐑜𐑥𐑩𐑕	nɪˈstæɡməs	NN1	RSSB	89	
nystatin	𐑯𐑲𐑕𐑑𐑩𐑑𐑦𐑯	ˈnaɪstətɪn	NN1	RSSB	89	shave_says:[𐑯𐑘𐑕𐑑𐑱𐑑𐑦𐑯 / 𐑯𐑘𐑕𐑑𐑨𐑑𐑦𐑯]
nystatin	𐑯𐑲𐑕𐑑𐑨𐑑𐑩𐑯	naɪˈstætən	NN1	GenAm	89	shave_says:[𐑯𐑘𐑕𐑑𐑱𐑑𐑦𐑯 / 𐑯𐑘𐑕𐑑𐑨𐑑𐑦𐑯]
oaxaca	𐑢𐑩𐑣𐑨𐑒𐑩	wəˈhækə	NN1	GenAm	89	shave_says:𐑴𐑩𐑣𐑭𐑒𐑩
obeah	𐑴𐑚𐑾	ˈəʊbɪə	NN1	RSSB	89	shave_says:[𐑴𐑚𐑦𐑩 / 𐑪𐑚𐑦𐑩 / 𐑴𐑚𐑩]
objectification	𐑪𐑚𐑡𐑧𐑒𐑑𐑦𐑓𐑦𐑒𐑱𐑖𐑳𐑯	ɒbˌdʒektɪfɪˈkeɪʃʌn	NN1	RSSB	89	shave_says:[𐑪𐑚𐑡𐑧𐑒𐑑𐑦𐑓𐑦𐑒𐑱𐑖𐑩𐑯 / 𐑪𐑚𐑡𐑧𐑒𐑑𐑦𐑓𐑦𐑒𐑭𐑑𐑦𐑩𐑯 / 𐑪𐑚𐑡𐑧𐑒𐑑𐑦𐑓𐑦𐑒𐑩𐑑𐑦𐑩𐑯]
objectify	𐑩𐑚𐑡𐑧𐑒𐑑𐑦𐑓𐑲	əbˈdʒektɪˌfaɪ	VVI	RSSB	89	shave_says:[𐑪𐑚𐑡𐑧𐑒𐑑𐑦𐑓𐑲 / 𐑪𐑚𐑡𐑧𐑒𐑑𐑦𐑓𐑦]
obnubilate	𐑪𐑚𐑯𐑿𐑚𐑦𐑤𐑱𐑑	ɒbˈnjuːbɪleɪt	VVI	RSSB	89	
obsequy	𐑷𐑚𐑕𐑦𐑒𐑢𐑰	ˈɔbsɪkwiː	NN1	RSSB	89	shave_says:𐑪𐑚𐑕𐑦𐑒𐑢𐑦
obstipation	𐑪𐑚𐑕𐑑𐑦𐑐𐑱𐑖𐑩𐑯	ɒbstɪˈpeɪʃən	NN1	GenAm	89	shave_says:[𐑴𐑚𐑕𐑑𐑲𐑐𐑱𐑖𐑩𐑯 / 𐑴𐑚𐑕𐑑𐑦𐑐𐑱𐑖𐑩𐑯 / 𐑴𐑚𐑕𐑑𐑲𐑐𐑭𐑑𐑦𐑩𐑯 / 𐑴𐑚𐑕𐑑𐑲𐑐𐑩𐑑𐑦𐑩𐑯]
obtund	𐑩𐑚𐑑𐑳𐑯𐑛	əbˈtʌnd	VVI	RSSB	89	
obtund	𐑩𐑚𐑑𐑩𐑯𐑛	əbˈtənd	VVI	GenAm	89	
obviation	𐑪𐑚𐑝𐑦𐑱𐑖𐑩𐑯	ˌɒbviˈeɪʃən	NN1	RSSB	89	shave_says:𐑪𐑚𐑝𐑦𐑱𐑑𐑦𐑩𐑯
occiput	𐑪𐑒𐑕𐑦𐑐𐑳𐑑	ˈɒksɪpʌt	NN1	RSSB	89	shave_says:[𐑪𐑒𐑲𐑐𐑳𐑑 / 𐑪𐑒𐑦𐑐𐑳𐑑]
occiput	𐑪𐑒𐑕𐑩𐑐𐑳𐑑	ˈɒksəˌpʌt	NN1	GenAm	89	shave_says:[𐑪𐑒𐑲𐑐𐑳𐑑 / 𐑪𐑒𐑦𐑐𐑳𐑑]
occultation	𐑪𐑒𐑩𐑤𐑑𐑱𐑖𐑯	ˌɒkəlˈteɪʃn	NN1	GenAm	89	shave_says:[𐑪𐑒𐑳𐑤𐑑𐑱𐑖𐑩𐑯 / 𐑪𐑒𐑳𐑤𐑑𐑭𐑑𐑦𐑩𐑯 / 𐑪𐑒𐑳𐑤𐑑𐑩𐑑𐑦𐑩𐑯]
occurrent	𐑩𐑒𐑳𐑮𐑩𐑯𐑑	əkʌrənt	AJ0	RSSB	89	shave_says:𐑩𐑒𐑻𐑩𐑯𐑑
oceanographer	𐑪𐑖𐑩𐑯𐑪𐑜𐑮𐑩𐑓𐑼	ˌoʃəˈnɒɡrəfər	NN1	GenAm	89	shave_says:[𐑴𐑕𐑧𐑭𐑯𐑪𐑜𐑮𐑩𐑓𐑼 / 𐑴𐑖𐑩𐑯𐑪𐑜𐑮𐑩𐑓𐑼 / 𐑴𐑕𐑧𐑭𐑯𐑴𐑜𐑮𐑩𐑓𐑼 / 𐑴𐑕𐑧𐑭𐑯𐑩𐑜𐑮𐑭𐑓𐑼 / 𐑴𐑖𐑩𐑯𐑴𐑜𐑮𐑩𐑓𐑼]
oceanography	𐑴𐑖𐑘𐑩𐑯𐑪𐑜𐑮𐑩𐑓𐑦	əʊʃjənɒɡrəfi	NN1	RSSB	89	shave_says:[𐑴𐑕𐑧𐑭𐑯𐑪𐑜𐑮𐑩𐑓𐑦 / 𐑴𐑖𐑩𐑯𐑪𐑜𐑮𐑩𐑓𐑦 / 𐑴𐑕𐑧𐑭𐑯𐑴𐑜𐑮𐑩𐑓𐑦 / 𐑴𐑕𐑧𐑭𐑯𐑩𐑜𐑮𐑭𐑓𐑦]
ocelot	𐑭𐑕𐑩𐑤𐑭𐑑	ˈɑːsəlɑːt	NN1	GenAm	89	shave_says:𐑪𐑕𐑩𐑤𐑪𐑑
ocotillo	𐑴𐑒𐑩𐑑𐑦𐑤𐑴	əʊkəˈtɪləʊ	NN1	RSSB	89	shave_says:𐑴𐑒𐑴𐑑𐑰𐑴
octangular	𐑭𐑒𐑑𐑨𐑙𐑜𐑘𐑩𐑤𐑼	ɑːktæŋɡjələR	AJ0	RSSB	89	shave_says:[𐑪𐑒𐑑𐑩𐑦𐑙𐑿𐑤𐑼 / 𐑪𐑒𐑑𐑨𐑙𐑿𐑤𐑼 / 𐑪𐑒𐑑𐑨𐑙𐑵𐑤𐑼]
octosyllabic	𐑪𐑒𐑑𐑴𐑕𐑦𐑤𐑨𐑚𐑦𐑒	ˌɒktoʊsɪˈlæbɪk	AJ0	GenAm	89	shave_says:𐑪𐑒𐑑𐑩𐑕𐑦𐑤𐑨𐑚𐑦𐑒
octuple	𐑪𐑒𐑑𐑵𐑐𐑩𐑤	ɒkˈtuːpəl	AJ0	RSSB	89	shave_says:[𐑪𐑒𐑗𐑫𐑐𐑩𐑤 / 𐑪𐑒𐑑𐑳𐑐𐑩𐑤]
oculus	𐑪𐑒𐑘𐑩𐑤𐑩𐑕	ˈɒkjələs	NN1	GenAm	89	shave_says:𐑪𐑒𐑿𐑤𐑩𐑕
od	𐑴𐑛𐑰	ˌoʊˈdiː	NN1	RSSB	89	shave_says:𐑪𐑛
oddball	𐑭𐑛𐑚𐑪𐑤	ˈɑːdˌbɒl	NN1	GenAm	89	shave_says:𐑪𐑛𐑚𐑷𐑤
odometer	𐑴𐑛𐑪𐑥𐑩𐑑𐑼	əʊdɒmətəR	NN1	RSSB	89	shave_says:𐑴𐑛𐑪𐑥𐑦𐑑𐑼
odometer	𐑴𐑛𐑭𐑥𐑩𐑑𐑼	oʊˈdɑːmətəR	NN1	GenAm	89	shave_says:𐑴𐑛𐑪𐑥𐑦𐑑𐑼
oenology	𐑦𐑯𐑭𐑤𐑩𐑡𐑦	iˈnɑːlədʒi	NN1	RSSB	89	shave_says:[𐑰𐑯𐑪𐑤𐑩𐑡𐑦 / 𐑰𐑯𐑩𐑤𐑪𐑜𐑦]
oestradiol	𐑰𐑕𐑑𐑮𐑩𐑛𐑲𐑪𐑤	iːstrədaɪɒl	NN1	RSSB	89	shave_says:[𐑰𐑕𐑑𐑮𐑱𐑛𐑦𐑩𐑤 / 𐑰𐑕𐑑𐑮𐑱𐑛𐑦𐑴𐑤]
oestriol	𐑰𐑕𐑑𐑮𐑦𐑪𐑤	ˈiːstriɒl	NN1	RSSB	89	shave_says:[𐑰𐑕𐑑𐑮𐑦𐑩𐑤 / 𐑰𐑕𐑑𐑮𐑦𐑴𐑤]
oestrone	𐑰𐑕𐑑𐑮𐑴𐑯	ˈiːstrəʊn	NN1	RSSB	89	shave_says:𐑰𐑕𐑑𐑮𐑢𐑳𐑯
oeuvre	𐑻𐑝𐑮𐑩	ˈɜːvrə	NN1	GenAm	89	shave_says:𐑻︀𐑝𐑮𐑩
ogdoad	𐑪𐑜𐑛𐑴𐑨𐑛	ˈɒɡdəʊæd	NN1	RSSB	89	
ogee	𐑴𐑡𐑰	oʊˈdʒiː	NN1	GenAm	89	shave_says:𐑪𐑜𐑰
ogive	𐑴𐑜𐑲𐑝	ˈoʊɡaɪv	NN1	GenAm	89	shave_says:𐑪𐑜𐑦𐑝
oka	𐑪𐑒𐑩	ˈɒkə	NN1	RSSB	89	shave_says:[𐑴𐑒𐑩 / 𐑴𐑒𐑱𐑩]
olecranon	𐑩𐑤𐑧𐑒𐑮𐑩𐑯𐑩𐑯	əlekrənən	NN1	RSSB	89	shave_says:[𐑴𐑤𐑒𐑮𐑩𐑯𐑪𐑯 / 𐑴𐑤𐑒𐑮𐑨𐑯𐑩𐑯]
olecranon	𐑴𐑤𐑧𐑒𐑮𐑩𐑯𐑪𐑯	oʊˈlekrəˌnɒn	NN1	GenAm	89	shave_says:[𐑴𐑤𐑒𐑮𐑩𐑯𐑪𐑯 / 𐑴𐑤𐑒𐑮𐑨𐑯𐑩𐑯]
oled	𐑴𐑤𐑧𐑛	ˈəʊled	NN1	RSSB	89	shave_says:𐑴𐑤𐑛
olefin	𐑴𐑤𐑩𐑓𐑦𐑯	ˈəʊləfɪn	NN1	RSSB	89	shave_says:𐑴𐑤𐑦𐑓𐑦𐑯
olibanum	𐑪𐑤𐑦𐑚𐑩𐑯𐑩𐑥	ɒˈlɪbənəm	NN1	RSSB	89	
olla	𐑪𐑤𐑩	ˈɒlə	NN1	RSSB	89	shave_says:𐑴𐑤𐑩
ommatidium	𐑪𐑥𐑩𐑑𐑦𐑛𐑾𐑥	ɒməˈtɪdɪəm	NN1	RSSB	89	shave_says:𐑴𐑥𐑥𐑱𐑑𐑦𐑛𐑦𐑩𐑥
omnium-gatherum	𐑪𐑥𐑯𐑾𐑥𐑜𐑨𐑞𐑼𐑩𐑥	ɒmnɪəmɡæðərəm	NN1	RSSB	89	shave_says:[𐑪𐑥𐑯𐑦𐑩𐑥 / 𐑪𐑥𐑯𐑦𐑩𐑥 / 𐑪𐑥𐑯𐑦𐑵𐑥]-𐑜𐑨𐑞𐑼𐑩𐑥
omnium-gatherum	𐑪𐑥𐑯𐑦𐑩𐑥𐑜𐑨𐑞𐑼𐑩𐑥	ˌɒmni+əmˈɡæðəRəm	NN1	GenAm	89	shave_says:[𐑪𐑥𐑯𐑦𐑩𐑥 / 𐑪𐑥𐑯𐑦𐑩𐑥 / 𐑪𐑥𐑯𐑦𐑵𐑥]-𐑜𐑨𐑞𐑼𐑩𐑥
omophagia	𐑴𐑥𐑩𐑓𐑱𐑡𐑾	əʊməˈfeɪdʒɪə	NN1	RSSB	89	
omphalocele	𐑪𐑥𐑓𐑨𐑤𐑩𐑕𐑰𐑤	ɒmˈfæləˌsiːl	NN1	GenAm	89	shave_says:𐑪𐑥𐑓𐑩𐑤𐑴𐑕𐑰𐑤
omphalos	𐑪𐑥𐑓𐑩𐑤𐑪𐑕	ˈɒmfəlɒs	NN1	RSSB	89	
onager	𐑪𐑯𐑩𐑡𐑼	ˈɒnədʒəR	NN1	GenAm	89	shave_says:[𐑢𐑳𐑯𐑦𐑡𐑼 / 𐑢𐑳𐑯𐑨𐑜𐑼 / 𐑪𐑯𐑱𐑡𐑼]
onchocerciasis	𐑪𐑙𐑒𐑩𐑕𐑻𐑒𐑲𐑩𐑕𐑦𐑕	ɒŋkəsɜːRkaɪəsɪs	NN1	RSSB	89	shave_says:[𐑪𐑙𐑒𐑴𐑕𐑼𐑒𐑲𐑩𐑕𐑦𐑕 / 𐑪𐑙𐑒𐑴𐑕𐑼𐑒𐑦𐑱𐑕𐑦𐑕 / 𐑪𐑙𐑒𐑴𐑕𐑼𐑒𐑦𐑩𐑟𐑦𐑕 / 𐑪𐑙𐑒𐑴𐑕𐑼𐑒𐑦𐑱𐑕𐑦𐑟 / 𐑪𐑯𐑗𐑪𐑒𐑼𐑕𐑲𐑩𐑕𐑦𐑕]
oncogene	𐑪𐑙𐑒𐑩𐑡𐑰𐑯	ˈɒŋkədʒiːn	NN1	RSSB	89	shave_says:[𐑪𐑯𐑒𐑥𐑡𐑰𐑯 / 𐑪𐑯𐑒𐑴𐑡𐑰𐑯]
oncologic	𐑪𐑙𐑒𐑩𐑤𐑪𐑡𐑦𐑒	ˌɒŋkəˈlɒdʒɪk	AJ0	RSSB	89	shave_says:[𐑪𐑯𐑒𐑩𐑤𐑪𐑡𐑦𐑒 / 𐑪𐑯𐑒𐑥𐑤𐑪𐑡𐑦𐑒 / 𐑪𐑯𐑒𐑴𐑤𐑪𐑡𐑦𐑒 / 𐑪𐑯𐑒𐑪𐑤𐑩𐑡𐑦𐑒 / 𐑪𐑯𐑒𐑩𐑤𐑪𐑜𐑦𐑒]
oncological	𐑪𐑙𐑒𐑩𐑤𐑪𐑡𐑦𐑒𐑩𐑤	ˌɒŋkəˈlɒdʒɪkəl	AJ0	RSSB	89	shave_says:[𐑪𐑯𐑒𐑴𐑤𐑪𐑡𐑦𐑒𐑩𐑤 / 𐑪𐑯𐑒𐑩𐑤𐑪𐑡𐑦𐑒𐑩𐑤]
oncologist	𐑪𐑙𐑒𐑪𐑤𐑩𐑡𐑦𐑕𐑑	ɒŋˈkɒlədʒɪst	NN1	RSSB	89	shave_says:[𐑪𐑯𐑒𐑴𐑤𐑩𐑡𐑦𐑕𐑑 / 𐑪𐑯𐑒𐑪𐑤𐑩𐑡𐑦𐑕𐑑 / 𐑪𐑯𐑒𐑩𐑤𐑪𐑜𐑦𐑕𐑑]
oncology	𐑪𐑙𐑒𐑪𐑤𐑩𐑡𐑦	ɒŋˈkɒlədʒi	NN1	RSSB	89	shave_says:[𐑪𐑯𐑒𐑴𐑤𐑴𐑜𐑦 / 𐑪𐑯𐑒𐑪𐑤𐑩𐑡𐑦 / 𐑪𐑯𐑒𐑩𐑤𐑪𐑜𐑦]
oneiric	𐑴𐑯𐑲𐑮𐑦𐑒	oʊˈnaɪrɪk	AJ0	GenAm	89	shave_says:[𐑢𐑳𐑯𐑽𐑦𐑒 / 𐑢𐑳𐑯𐑲𐑼𐑦𐑒 / 𐑢𐑳𐑯𐑺𐑦𐑒 / 𐑪𐑯𐑺𐑦𐑒]
oneirism	𐑩𐑯𐑲𐑮𐑦𐑟𐑩𐑥	ənaɪrɪzəm	NN1	RSSB	89	shave_says:[𐑢𐑳𐑯𐑲𐑼𐑦𐑟𐑩𐑥 / 𐑢𐑳𐑯𐑺𐑦𐑟𐑩𐑥 / 𐑪𐑯𐑺𐑦𐑟𐑩𐑥]
oneiromancy	𐑩𐑯𐑲𐑮𐑩𐑥𐑨𐑯𐑕𐑦	ənaɪrəmænsi	NN1	RSSB	89	shave_says:[𐑢𐑳𐑯𐑦𐑮𐑴𐑥𐑭𐑯𐑕𐑦 / 𐑢𐑳𐑯𐑺𐑴𐑥𐑩𐑯𐑕𐑦 / 𐑪𐑯𐑺𐑴𐑥𐑩𐑯𐑕𐑦]
oneiromancy	𐑴𐑯𐑲𐑮𐑴𐑥𐑨𐑯𐑕𐑦	oʊˈnaɪroʊˌmænsi	NN1	GenAm	89	shave_says:[𐑢𐑳𐑯𐑦𐑮𐑴𐑥𐑭𐑯𐑕𐑦 / 𐑢𐑳𐑯𐑺𐑴𐑥𐑩𐑯𐑕𐑦 / 𐑪𐑯𐑺𐑴𐑥𐑩𐑯𐑕𐑦]
onomastic	𐑭𐑯𐑴𐑥𐑨𐑕𐑑𐑦𐑒	ˌɑːnoʊˈmæstɪk	AJ0	GenAm	89	shave_says:[𐑴𐑯𐑴𐑥𐑨𐑕𐑑𐑦𐑒 / 𐑪𐑯𐑴𐑥𐑨𐑕𐑑𐑦𐑒]
onomasticon	𐑪𐑯𐑴𐑥𐑨𐑕𐑑𐑦𐑒𐑩𐑯	ˌɒnəʊˈmæstɪkən	NN1	RSSB	89	shave_says:[𐑴𐑯𐑴𐑥𐑨𐑕𐑑𐑦𐑒𐑪𐑯 / 𐑴𐑯𐑴𐑥𐑨𐑕𐑑𐑦𐑒𐑩𐑯 / 𐑪𐑯𐑴𐑥𐑨𐑕𐑑𐑦𐑒𐑪𐑯]
onomasticon	𐑭𐑯𐑴𐑥𐑨𐑕𐑑𐑦𐑒𐑩𐑯	ˌɑːnoʊˈmæstɪkən	NN1	GenAm	89	shave_says:[𐑴𐑯𐑴𐑥𐑨𐑕𐑑𐑦𐑒𐑪𐑯 / 𐑴𐑯𐑴𐑥𐑨𐑕𐑑𐑦𐑒𐑩𐑯 / 𐑪𐑯𐑴𐑥𐑨𐑕𐑑𐑦𐑒𐑪𐑯]
onomastics	𐑭𐑯𐑴𐑥𐑨𐑕𐑑𐑦𐑒𐑕	ˌɑːnoʊˈmæstɪks	NN1	GenAm	89	shave_says:[𐑴𐑯𐑴𐑥𐑨𐑕𐑑𐑦𐑒𐑕 / 𐑪𐑯𐑴𐑥𐑨𐑕𐑑𐑦𐑒𐑕]
oocyte	𐑴𐑩𐑕𐑲𐑑	ˈəʊəsaɪt	NN1	RSSB	89	shave_says:𐑵𐑕𐑲𐑑
oocyte	𐑴𐑴𐑕𐑲𐑑	ˈoʊoʊsaɪt	NN1	GenAm	89	shave_says:𐑵𐑕𐑲𐑑
oology	𐑴𐑪𐑤𐑩𐑡𐑦	oʊˈɒlədʒi	NN1	GenAm	89	shave_says:𐑵𐑤𐑪𐑜𐑦
oolong	𐑵𐑤𐑫𐑙	ˈuːlʊŋ	NN1	RSSB	89	shave_says:𐑵𐑤𐑪𐑙
oophorectomy	𐑴𐑩𐑓𐑼𐑧𐑒𐑑𐑩𐑥𐑦	əʊəfərektəmi	NN1	RSSB	89	shave_says:𐑵𐑓𐑹𐑧𐑒𐑑𐑩𐑥𐑦
oosphere	𐑴𐑩𐑕𐑓𐑽	əʊəsfɪəR	NN1	RSSB	89	shave_says:𐑵𐑕𐑓𐑽
ophthalmologist	𐑪𐑓𐑔𐑨𐑤𐑥𐑪𐑤𐑩𐑡𐑦𐑕𐑑	ˌɒfθælˈmɒlədʒɪst	NN1	RSSB	89	shave_says:𐑪𐑓𐑔𐑩𐑥𐑪𐑤𐑩𐑡𐑦𐑕𐑑
ophthalmology	𐑪𐑓𐑔𐑩𐑤𐑥𐑪𐑤𐑩𐑡𐑦	ˌɒfθəlˈmɒlədʒi	NN1	RSSB	89	shave_says:𐑪𐑓𐑔𐑩𐑥𐑪𐑤𐑩𐑡𐑦
opisthorchiasis	𐑪𐑐𐑦𐑕𐑔𐑹𐑒𐑲𐑩𐑕𐑦𐑕	ˌɒpɪsθɔːRˈkaɪəsɪs	NN1	GenAm	89	
opopanax	𐑩𐑐𐑪𐑐𐑩𐑯𐑨𐑒𐑕	əˈpɒpənæks	NN1	GenAm	89	
opportunistic	𐑪𐑐𐑼𐑑𐑵𐑯𐑦𐑕𐑑𐑦𐑒	ˌɒpərˌtuːˈnɪstɪk	AJ0	GenAm	89	shave_says:𐑪𐑐𐑼𐑑𐑿𐑯𐑦𐑕𐑑𐑦𐑒
opuntia	𐑩𐑐𐑳𐑯𐑑𐑾	əˈpʌntiə	NN1	RSSB	89	shave_says:𐑴𐑐𐑳𐑯𐑑𐑦𐑩
orach	𐑪𐑮𐑦𐑗	ˈɒrɪtʃ	NN1	RSSB	89	shave_says:𐑹𐑩𐑗
orach	𐑹𐑦𐑗	ˈɔːRɪtʃ	NN1	GenAm	89	shave_says:𐑹𐑩𐑗
orangutan	𐑼𐑨𐑙𐑩𐑑𐑨𐑯	əˈræŋəˌtæn	NN1	GenAm	89	shave_says:𐑹𐑨𐑙𐑩𐑑𐑨𐑯
orangutang	𐑼𐑨𐑙𐑵𐑑𐑨𐑙	əræŋuːtæŋ	NN1	RSSB	89	shave_says:𐑹𐑨𐑙𐑩𐑑𐑨𐑙
orangutang	𐑼𐑨𐑙𐑫𐑑𐑨𐑙	əˈræŋuˌtæŋ	NN1	GenAm	89	shave_says:𐑹𐑨𐑙𐑩𐑑𐑨𐑙
orbicular	𐑹𐑚𐑦𐑒𐑘𐑩𐑤𐑼	ɔːRbɪkjələR	AJ0	RSSB	89	shave_says:𐑹𐑚𐑦𐑒𐑿𐑤𐑼
orbicular	𐑹𐑚𐑦𐑒𐑘𐑫𐑤𐑼	ɔːRˈbɪkjuləR	AJ0	GenAm	89	shave_says:𐑹𐑚𐑦𐑒𐑿𐑤𐑼
oreide	𐑴𐑮𐑰𐑲𐑛	ˈoʊriːˌaɪd	NN1	RSSB	89	shave_says:[𐑹𐑲𐑛𐑱 / 𐑹𐑲𐑛]
oriflamme	𐑪𐑮𐑦𐑓𐑤𐑨𐑥	ˈɒrɪflæm	NN1	RSSB	89	shave_says:𐑹𐑦𐑓𐑤𐑨𐑥
origanum	𐑼𐑦𐑜𐑩𐑯𐑩𐑥	ərɪɡənəm	NN1	RSSB	89	shave_says:[𐑪𐑮𐑦𐑡𐑩𐑯𐑩𐑥 / 𐑪𐑮𐑦𐑡𐑩𐑯𐑵𐑥 / 𐑹𐑦𐑜𐑩𐑯𐑩𐑥]
ormer	𐑹𐑥𐑼	ɔːRməR	NN1	RSSB	89	shave_says:[𐑹𐑥𐑧𐑮 / 𐑹𐑥𐑧𐑼]
orogeny	𐑪𐑮𐑪𐑡𐑦𐑯𐑦	ɒˈrɒdʒɪni	NN1	RSSB	89	shave_says:𐑹𐑪𐑡𐑩𐑯𐑦
orography	𐑪𐑮𐑪𐑜𐑮𐑩𐑓𐑦	ɒrɒɡrəfi	NN1	RSSB	89	shave_says:𐑹𐑪𐑜𐑮𐑩𐑓𐑦
oroide	𐑴𐑮𐑩𐑢𐑲𐑛	oʊrəwaɪd	NN1	RSSB	89	shave_says:𐑹𐑴𐑲𐑛
orphrey	𐑹𐑓𐑮𐑦	ˈɔːRfri	NN1	GenAm	89	
orpiment	𐑹𐑐𐑦𐑥𐑩𐑯𐑑	ɔːRpɪmənt	NN1	RSSB	89	shave_says:𐑹𐑐𐑦𐑥𐑧𐑯𐑑
orpiment	𐑹𐑐𐑩𐑥𐑩𐑯𐑑	ˈɔːRpəmənt	NN1	GenAm	89	shave_says:𐑹𐑐𐑦𐑥𐑧𐑯𐑑
orpine	𐑹𐑐𐑦𐑯	ɔːRpɪn	NN1	RSSB	89	shave_says:𐑹𐑐𐑲𐑯
orrery	𐑪𐑮𐑼𐑦	ɒrəri	NN1	RSSB	89	shave_says:[𐑹𐑼𐑦 / 𐑹𐑮𐑰𐑮𐑲]
orthoepist	𐑹𐑔𐑴𐑦𐑐𐑦𐑕𐑑	ɔːRθəʊɪpɪst	NN1	RSSB	89	shave_says:𐑹𐑔𐑩𐑧𐑐𐑦𐑕𐑑
orthoepist	𐑹𐑔𐑴𐑩𐑐𐑦𐑕𐑑	ɔːRˈθoʊəpɪst	NN1	GenAm	89	shave_says:𐑹𐑔𐑩𐑧𐑐𐑦𐑕𐑑
orthoepy	𐑹𐑔𐑴𐑰𐑐𐑦	ɔːRθəʊiːpi	NN1	RSSB	89	
orthoepy	𐑹𐑔𐑴𐑧𐑐𐑦	ˈɔːRθoʊˌepi	NN1	GenAm	89	
os	𐑴𐑧𐑕	ˌoʊˈes	NN1	RSSB	89	shave_says:𐑴𐑕
os	𐑪𐑕	ɒs	NN1	RSSB	89	shave_says:𐑴𐑕
oscan	𐑪𐑕𐑒𐑩𐑯	ˈɒskən	NN1	RSSB	89	shave_says:𐑴𐑕𐑒𐑨𐑯
oscan	𐑭𐑕𐑒𐑩𐑯	ˈɑːskən	NN1	GenAm	89	shave_says:𐑴𐑕𐑒𐑨𐑯
oscine	𐑭𐑕𐑲𐑯	ˈɑːsaɪn	AJ0	RSSB	89	
oscitant	𐑪𐑕𐑦𐑑𐑩𐑯𐑑	ˈɒsɪtənt	AJ0	RSSB	89	
osculation	𐑪𐑕𐑒𐑘𐑩𐑤𐑱𐑖𐑩𐑯	ˌɒskjəˈleɪʃən	NN1	RSSB	89	shave_says:𐑪𐑕𐑒𐑿𐑤𐑱𐑑𐑦𐑩𐑯
osculation	𐑪𐑕𐑒𐑘𐑫𐑤𐑱𐑖𐑩𐑯	ˌɒskjuˈleɪʃən	NN1	GenAm	89	shave_says:𐑪𐑕𐑒𐑿𐑤𐑱𐑑𐑦𐑩𐑯
ostentate	𐑪𐑕𐑑𐑩𐑯𐑑𐑱𐑑	ˈɒstənteɪt	VVI	RSSB	89	shave_says:𐑪𐑕𐑑𐑧𐑯𐑑𐑱𐑑
osteophyte	𐑪𐑕𐑑𐑾𐑓𐑲𐑑	ˈɒstɪəfaɪt	NN1	RSSB	89	shave_says:𐑪𐑕𐑑𐑦𐑴𐑓𐑲𐑑
ostinato	𐑪𐑕𐑑𐑦𐑯𐑭𐑑𐑴	ɒstɪˈnɑːtoʊ	NN1	RSSB	89	shave_says:[𐑪𐑕𐑑𐑦𐑯𐑱𐑑𐑴 / 𐑪𐑕𐑑𐑦𐑯𐑨𐑑𐑴]
otic	𐑴𐑑𐑦𐑒	ˈoʊtɪk	AJ0	GenAm	89	shave_says:𐑴𐑑𐑰𐑦𐑒
otitis	𐑴𐑑𐑲𐑑𐑦𐑕	oʊˈtaɪtɪs	NN1	RSSB	89	shave_says:[𐑴𐑑𐑰𐑲𐑑𐑦𐑕 / 𐑴𐑑𐑰𐑦𐑑𐑦𐑕]
otolaryngologist	𐑴𐑑𐑴𐑤𐑺𐑦𐑙𐑜𐑪𐑤𐑩𐑡𐑦𐑕𐑑	ˌoʊtoʊleəRɪŋˈɡɒlədʒɪst	NN1	GenAm	89	shave_says:[𐑴𐑑𐑴𐑤𐑼𐑦𐑙𐑜𐑴𐑤𐑩𐑡𐑦𐑕𐑑 / 𐑴𐑑𐑰𐑴𐑤𐑼𐑦𐑙𐑪𐑤𐑩𐑡𐑦𐑕𐑑 / 𐑴𐑑𐑰𐑴𐑤𐑼𐑦𐑙𐑩𐑤𐑪𐑜𐑦𐑕𐑑]
otolaryngology	𐑴𐑑𐑩𐑤𐑨𐑮𐑦𐑙𐑜𐑪𐑤𐑩𐑡𐑦	əʊtəlærɪŋɡɒlədʒi	NN1	RSSB	89	shave_says:[𐑴𐑑𐑴𐑤𐑼𐑦𐑙𐑜𐑴𐑤𐑴𐑜𐑦 / 𐑴𐑑𐑰𐑴𐑤𐑼𐑦𐑙𐑪𐑤𐑩𐑡𐑦 / 𐑴𐑑𐑰𐑴𐑤𐑼𐑦𐑙𐑩𐑤𐑪𐑜𐑦]
otolaryngology	𐑴𐑑𐑴𐑤𐑧𐑮𐑦𐑙𐑜𐑪𐑤𐑩𐑡𐑦	ˌoʊtoʊˌlerɪŋˈɡɒlədʒi	NN1	GenAm	89	shave_says:[𐑴𐑑𐑴𐑤𐑼𐑦𐑙𐑜𐑴𐑤𐑴𐑜𐑦 / 𐑴𐑑𐑰𐑴𐑤𐑼𐑦𐑙𐑪𐑤𐑩𐑡𐑦 / 𐑴𐑑𐑰𐑴𐑤𐑼𐑦𐑙𐑩𐑤𐑪𐑜𐑦]
otologist	𐑴𐑑𐑪𐑤𐑩𐑡𐑦𐑕𐑑	əʊˈtɒlədʒɪst	NN1	RSSB	89	shave_says:[𐑴𐑑𐑴𐑤𐑩𐑡𐑦𐑕𐑑 / 𐑴𐑑𐑰𐑪𐑤𐑩𐑡𐑦𐑕𐑑 / 𐑴𐑑𐑰𐑩𐑤𐑪𐑜𐑦𐑕𐑑]
otology	𐑴𐑑𐑪𐑤𐑩𐑡𐑦	oʊˈtɒlədʒi	NN1	GenAm	89	shave_says:[𐑴𐑑𐑴𐑤𐑴𐑜𐑦 / 𐑴𐑑𐑰𐑪𐑤𐑩𐑡𐑦 / 𐑴𐑑𐑰𐑩𐑤𐑪𐑜𐑦]
otorhinolaryngologist	𐑸𐑑𐑪𐑮𐑨𐑘𐑯𐑪𐑤𐑨𐑮𐑦𐑙𐑜𐑭𐑤𐑩𐑡𐑦𐑕𐑑	ɑːRtorajnolærɪŋɡɑːlədʒɪst	NN1	RSSB	89	shave_says:𐑴𐑑𐑴𐑮𐑲𐑯𐑴𐑤𐑼𐑦𐑙𐑜𐑴𐑤𐑩𐑡𐑦𐑕𐑑
otorhinolaryngology	𐑸𐑑𐑪𐑮𐑨𐑘𐑯𐑪𐑤𐑨𐑮𐑦𐑙𐑜𐑭𐑤𐑩𐑡𐑦	ɑːRtorajnolærɪŋɡɑːlədʒi	NN1	RSSB	89	shave_says:𐑴𐑑𐑴𐑮𐑲𐑯𐑴𐑤𐑼𐑦𐑙𐑜𐑴𐑤𐑴𐑜𐑦
otoscope	𐑴𐑑𐑩𐑕𐑒𐑴𐑐	ˈoʊtəskoʊp	NN1	GenAm	89	shave_says:𐑴𐑑𐑰𐑩𐑕𐑒𐑴𐑐
ouguiya	𐑵𐑜𐑰𐑘𐑩	uːˈɡiːjə	NN1	RSSB	89	shave_says:[𐑬𐑜𐑢𐑦𐑩 / 𐑬𐑜𐑢𐑦𐑘𐑩]
outgeneral	𐑬𐑑𐑡𐑧𐑯𐑮𐑩𐑤	aʊtdʒenrəl	VVI	RSSB	89	shave_says:𐑬𐑑𐑡𐑧𐑯𐑼𐑩𐑤
outsell	𐑭𐑫𐑑𐑕𐑧𐑤	ɑːʊtˈsel	VVI	RSSB	89	shave_says:𐑬𐑑𐑕𐑧𐑤
ovarian	𐑴𐑝𐑧𐑮𐑦𐑩𐑯	oʊˈveri+ən	AJ0	GenAm	89	shave_says:𐑴𐑝𐑺𐑦𐑩𐑯
overage	𐑴𐑝𐑼𐑱𐑡	əʊvəreɪdʒ	AJ0	RSSB	89	shave_says:𐑴𐑝𐑼𐑦𐑡
overreact	𐑴𐑝𐑼𐑦𐑨𐑒𐑑	əʊvəriækt	VVI	RSSB	89	shave_says:𐑴𐑝𐑼𐑮𐑦𐑨𐑒𐑑
overuse	𐑴𐑝𐑼𐑿𐑟	ˌoʊvəRˈjuːz	NN1	GenAm	89	shave_says:𐑴𐑝𐑼𐑿𐑕
oviform	𐑴𐑝𐑰𐑓𐑹𐑥	ˈoʊviːfɔːRm	AJ0	GenAm	89	
ovoviviparous	𐑴𐑝𐑴𐑝𐑦𐑝𐑦𐑐𐑼𐑩𐑕	ˌoʊvoʊvɪˈvɪpərəs	AJ0	GenAm	89	shave_says:[𐑳𐑝𐑴𐑝𐑦𐑝𐑲𐑐𐑸𐑴𐑩𐑕 / 𐑳𐑝𐑴𐑝𐑦𐑝𐑲𐑐𐑸𐑴𐑵𐑟]
ovulation	𐑪𐑝𐑘𐑩𐑤𐑱𐑖𐑯	ɒvjəˈleɪʃn	NN1	GenAm	89	shave_says:[𐑪𐑝𐑿𐑤𐑱𐑖𐑩𐑯 / 𐑪𐑝𐑿𐑤𐑭𐑑𐑦𐑩𐑯 / 𐑪𐑝𐑿𐑤𐑩𐑑𐑦𐑩𐑯]
oxacillin	𐑪𐑒𐑕𐑩𐑕𐑦𐑤𐑦𐑯	ˌɒksəˈsɪlɪn	NN1	GenAm	89	
oxalic	𐑪𐑒𐑕𐑨𐑤𐑦𐑒	ɒkˈsælɪk	AJ0	GenAm	89	shave_says:𐑪𐑒𐑕𐑩𐑤𐑦𐑒
oxazepam	𐑪𐑒𐑕𐑱𐑟𐑦𐑐𐑨𐑥	ɒkˈseɪzɪpam	NN1	RSSB	89	shave_says:𐑪𐑒𐑕𐑱𐑟𐑐𐑩𐑥
oxazepam	𐑪𐑒𐑕𐑨𐑟𐑩𐑐𐑨𐑥	ɒkˈsæzəˌpæm	NN1	GenAm	89	shave_says:𐑪𐑒𐑕𐑱𐑟𐑐𐑩𐑥
oxbow	𐑪𐑒𐑕𐑚𐑴	ˈɒksbəʊ	NN1	RSSB	89	
oxidative	𐑪𐑒𐑕𐑩𐑛𐑱𐑑𐑦𐑝	ˈɒksəˌdeɪtɪv	AJ0	GenAm	89	shave_says:[𐑪𐑒𐑕𐑲𐑛𐑩𐑑𐑦𐑝 / 𐑪𐑒𐑕𐑦𐑛𐑩𐑑𐑦𐑝 / 𐑪𐑒𐑕𐑲𐑛𐑱𐑑𐑦𐑝 / 𐑪𐑒𐑕𐑲𐑛𐑨𐑑𐑦𐑝]
oxime	𐑪𐑒𐑕𐑰𐑥	ˈɒkˌsiːm	NN1	GenAm	89	
oximeter	𐑪𐑒𐑕𐑦𐑥𐑩𐑑𐑼	ɒkˈsɪmətəR	NN1	GenAm	89	shave_says:𐑪𐑒𐑕𐑦𐑥𐑦𐑑𐑼
oxytetracycline	𐑪𐑒𐑕𐑦𐑑𐑧𐑑𐑮𐑩𐑕𐑲𐑒𐑤𐑰𐑯	ˌɒksɪˌtetrəˈsaɪˌkliːn	NN1	GenAm	89	shave_says:𐑪𐑒𐑕𐑦𐑑𐑧𐑑𐑮𐑩𐑕𐑲𐑒𐑤𐑲𐑯
oxytocic	𐑪𐑒𐑕𐑦𐑑𐑪𐑕𐑦𐑒	ˌɒksiˈtɒsɪk	NN1	GenAm	89	shave_says:𐑪𐑒𐑕𐑦𐑑𐑴𐑕𐑦𐑒
pachuco	𐑐𐑩𐑗𐑵𐑒𐑴	pəˈtʃuːkəʊ	NN1	RSSB	89	shave_says:𐑐𐑭𐑣𐑒𐑵𐑒𐑴
paczki	𐑐𐑷𐑯𐑗𐑒𐑦	ˈpɔntʃki	NN1	RSSB	89	shave_says:𐑐𐑭𐑗𐑒𐑦
pademelon	𐑐𐑨𐑛𐑩𐑥𐑧𐑤𐑩𐑯	ˈpædəmelən	NN1	RSSB	89	shave_says:𐑐𐑨𐑛𐑩𐑥𐑩𐑤𐑩𐑯
paella	𐑐𐑲𐑧𐑤𐑩	paɪˈelə	NN1	RSSB	89	shave_says:𐑐𐑩𐑱𐑩
paella	𐑐𐑭𐑱𐑩	pɑːˈeɪə	NN1	GenAm	89	shave_says:𐑐𐑩𐑱𐑩
pahoehoe	𐑐𐑩𐑣𐑴𐑦𐑣𐑴𐑦	pəˈhoʊihoʊi	NN1	GenAm	89	shave_says:𐑐𐑩𐑣𐑶𐑣𐑶
palaestra	𐑐𐑩𐑤𐑰𐑕𐑑𐑮𐑩	pəliːstrə	NN1	RSSB	89	shave_says:𐑐𐑱𐑤𐑦𐑕𐑑𐑮𐑩
palatoglossal	𐑐𐑨𐑤𐑩𐑑𐑩𐑜𐑤𐑪𐑕𐑩𐑤	ˌpalətəˈɡlɒsəl	AJ0	RSSB	89	shave_says:𐑐𐑨𐑤𐑩𐑑𐑴𐑜𐑤𐑪𐑕𐑩𐑤
paleography	𐑐𐑨𐑤𐑦𐑪𐑜𐑮𐑩𐑓𐑦	palɪɒɡrəfi	NN1	RSSB	89	shave_says:[𐑐𐑱𐑤𐑪𐑜𐑮𐑩𐑓𐑦 / 𐑐𐑨𐑤𐑦𐑴𐑜𐑮𐑩𐑓𐑦 / 𐑐𐑱𐑤𐑩𐑜𐑮𐑭𐑓𐑦 / 𐑐𐑨𐑤𐑦𐑴𐑜𐑮𐑭𐑓𐑰𐑦]
paleography	𐑐𐑱𐑤𐑦𐑪𐑜𐑮𐑩𐑓𐑦	ˌpeɪliˈɒɡrəfi	NN1	GenAm	89	shave_says:[𐑐𐑱𐑤𐑪𐑜𐑮𐑩𐑓𐑦 / 𐑐𐑨𐑤𐑦𐑴𐑜𐑮𐑩𐑓𐑦 / 𐑐𐑱𐑤𐑩𐑜𐑮𐑭𐑓𐑦 / 𐑐𐑨𐑤𐑦𐑴𐑜𐑮𐑭𐑓𐑰𐑦]
palilalia	𐑐𐑨𐑤𐑦𐑤𐑱𐑤𐑾	ˌpælɪˈleɪliə	NN1	GenAm	89	shave_says:[𐑐𐑭𐑤𐑦𐑤𐑭𐑤𐑦𐑩 / 𐑐𐑭𐑤𐑦𐑤𐑩𐑤𐑦𐑩]
pallette	𐑐𐑨𐑤𐑦𐑑	ˈpælɪt	NN1	GenAm	89	shave_says:[𐑐𐑨𐑤𐑧𐑑 / 𐑐𐑷𐑤𐑧𐑑 / 𐑐𐑭𐑤𐑧𐑧𐑑]
pallium	𐑐𐑨𐑤𐑾𐑥	ˈpæliəm	NN1	GenAm	89	shave_says:𐑐𐑨𐑤𐑦𐑩𐑥
palpebra	𐑐𐑨𐑤𐑐𐑦𐑚𐑮𐑩	palpɪbrə	NN1	RSSB	89	
palpebra	𐑐𐑨𐑤𐑐𐑩𐑚𐑮𐑩	ˈpælpəbrə	NN1	GenAm	89	
panchayat	𐑐𐑨𐑯𐑗𐑲𐑩𐑑	panˈtʃaɪət	NN1	RSSB	89	shave_says:[𐑐𐑭𐑯𐑗𐑱𐑨𐑑 / 𐑐𐑨𐑯𐑗𐑲𐑨𐑑]
pancytopenia	𐑐𐑨𐑯𐑕𐑲𐑑𐑩𐑐𐑰𐑯𐑾	ˌpænsaɪtəˈpiːnɪə	NN1	RSSB	89	shave_says:[𐑐𐑨𐑯𐑕𐑲𐑑𐑴𐑐𐑰𐑯𐑦𐑩 / 𐑐𐑨𐑯𐑕𐑲𐑑𐑴𐑐𐑩𐑯𐑦𐑩]
pandeism	𐑐𐑨𐑯𐑛𐑰𐑦𐑟𐑥	pænˈdiːɪzm	NN1	RSSB	89	shave_says:𐑐𐑨𐑯𐑛𐑰𐑦𐑟𐑩𐑥
panentheism	𐑐𐑨𐑯𐑧𐑯𐑔𐑦𐑦𐑟𐑩𐑥	pænˈenθiɪzəm	NN1	RSSB	89	shave_says:𐑐𐑨𐑯𐑦𐑯𐑔𐑰𐑦𐑟𐑩𐑥
panhandler	𐑐𐑨𐑯𐑣𐑨𐑯𐑛𐑤𐑼	pænhændləR	NN1	RSSB	89	shave_says:𐑐𐑨𐑯𐑣𐑨𐑯𐑛𐑩𐑤𐑼
panjabi	𐑐𐑭𐑯𐑡𐑭𐑚𐑦	pɑːnˈdʒɑːbi	NN1	RSSB	89	shave_says:𐑐𐑨𐑯𐑡𐑨𐑚𐑦
pantyhose	𐑐𐑨𐑯𐑑𐑦𐑣𐑩𐑫𐑟	ˈpæntɪhəuz	NN1	RSSB	89	shave_says:𐑐𐑨𐑯𐑑𐑦𐑣𐑴𐑟
papaver	𐑐𐑩𐑐𐑱𐑝𐑼	pəpeɪvəR	NN1	RSSB	89	shave_says:[𐑐𐑭𐑐𐑩𐑝𐑻 / 𐑐𐑩𐑐𐑭𐑝𐑼 / 𐑐𐑱𐑐𐑱𐑝𐑼]
papilla	𐑐𐑩𐑐𐑦𐑤𐑩	pəˈpɪlə	NN1	RSSB	89	shave_says:𐑐𐑨𐑐𐑦𐑤𐑩
papillon	𐑐𐑨𐑐𐑦𐑘𐑪	ˈpæpɪjɒ	NN1	RSSB	89	shave_says:𐑐𐑨𐑐𐑦𐑪𐑯
papistical	𐑐𐑩𐑐𐑦𐑕𐑑𐑦𐑒𐑤	pəˈpɪstɪkl	AJ0	RSSB	89	shave_says:𐑐𐑱𐑐𐑦𐑕𐑑𐑦𐑒𐑩𐑤
paracosm	𐑐𐑨𐑮𐑩𐑒𐑪𐑟𐑥	ˈpærəˌkɒzm	NN1	GenAm	89	shave_says:𐑐𐑨𐑮𐑩𐑒𐑪𐑟𐑩𐑥
paradisal	𐑐𐑨𐑮𐑩𐑛𐑲𐑕𐑤	parədaɪsl	AJ0	RSSB	89	shave_says:𐑐𐑨𐑮𐑩𐑛𐑲𐑕𐑩𐑤
paraleipsis	𐑐𐑨𐑮𐑩𐑤𐑰𐑐𐑕𐑦𐑕	pærəliːpsɪs	NN1	RSSB	89	shave_says:[𐑐𐑨𐑮𐑩𐑤𐑲𐑐𐑕𐑦𐑕 / 𐑐𐑨𐑮𐑩𐑤𐑦𐑐𐑕𐑦𐑕]
parallelepiped	𐑐𐑨𐑮𐑩𐑤𐑧𐑤𐑩𐑐𐑲𐑐𐑩𐑛	pærəleləpaɪpƏd	NN1	RSSB	89	shave_says:𐑐𐑨𐑮𐑩𐑤𐑧𐑤𐑩𐑐𐑲𐑐𐑧𐑛
paralogism	𐑐𐑼𐑨𐑤𐑩𐑡𐑦𐑟𐑩𐑥	pəˈrælədʒɪzəm	NN1	GenAm	89	shave_says:[𐑐𐑺𐑨𐑤𐑩𐑡𐑦𐑟𐑩𐑥 / 𐑐𐑨𐑮𐑩𐑤𐑪𐑜𐑦𐑟𐑩𐑥 / 𐑐𐑨𐑮𐑩𐑤𐑴𐑠𐑦𐑟𐑩𐑥]
paramagnetism	𐑐𐑨𐑮𐑩𐑥𐑨𐑜𐑯𐑩𐑑𐑦𐑟𐑩𐑥	pærəmæɡnətɪzəm	NN1	RSSB	89	shave_says:𐑐𐑨𐑮𐑩𐑥𐑨𐑜𐑯𐑦𐑑𐑦𐑟𐑩𐑥
paramecium	𐑐𐑧𐑮𐑩𐑥𐑰𐑕𐑦𐑩𐑥	ˌperəˈmiːsi+əm	NN1	GenAm	89	shave_says:[𐑐𐑨𐑮𐑩𐑥𐑰𐑕𐑦𐑩𐑥 / 𐑐𐑺𐑱𐑥𐑕𐑦𐑩𐑥 / 𐑐𐑺𐑱𐑥𐑕𐑦𐑵𐑥]
parapsychology	𐑐𐑧𐑮𐑩𐑕𐑲𐑒𐑭𐑤𐑩𐑡𐑦	perəsaɪkɑːlədʒi	NN1	RSSB	89	shave_says:𐑐𐑨𐑮𐑩𐑕𐑲𐑒𐑪𐑤𐑩𐑡𐑦
parasitism	𐑐𐑨𐑮𐑩𐑕𐑦𐑑𐑦𐑟𐑩𐑥	pærəsɪtɪzəm	NN1	RSSB	89	shave_says:𐑐𐑨𐑮𐑩𐑕𐑲𐑑𐑦𐑟𐑩𐑥
parasympathetic	𐑐𐑧𐑮𐑩𐑕𐑦𐑥𐑐𐑩𐑔𐑧𐑑𐑦𐑒	ˌperəsɪmpəˈθetɪk	AJ0	GenAm	89	shave_says:𐑐𐑨𐑮𐑩𐑕𐑦𐑥𐑐𐑩𐑔𐑧𐑑𐑦𐑒
parathion	𐑐𐑨𐑮𐑩𐑔𐑲𐑪𐑯	pærəθaɪɒn	NN1	RSSB	89	shave_says:[𐑐𐑨𐑮𐑩𐑞𐑲𐑩𐑯 / 𐑐𐑨𐑮𐑩𐑔𐑦𐑩𐑯]
paresis	𐑐𐑼𐑰𐑕𐑦𐑕	pəriːsɪs	NN1	RSSB	89	shave_says:𐑐𐑺𐑟𐑦𐑕
paretic	𐑐𐑼𐑧𐑑𐑦𐑒	pəretɪk	NN1	RSSB	89	shave_says:[𐑐𐑺𐑧𐑑𐑦𐑒 / 𐑐𐑸𐑧𐑑𐑦𐑒 / 𐑐𐑺𐑰𐑑𐑦𐑒 / 𐑐𐑺𐑩𐑑𐑦𐑒]
pareve	𐑐𐑸𐑩𐑝𐑩	pɑːrəvə	AJ0	RSSB	89	
pareve	𐑐𐑸𐑩𐑝	ˈpɑːRəv	AJ0	GenAm	89	
parget	𐑐𐑸𐑡𐑦𐑑	ˈpɑːRdʒɪt	NN1	GenAm	89	
parhelion	𐑐𐑸𐑣𐑰𐑤𐑾𐑯	pɑːRhiːlɪən	NN1	RSSB	89	shave_says:𐑐𐑸𐑣𐑰𐑤𐑦𐑩𐑯
parisienne	𐑐𐑼𐑦𐑟𐑦𐑧𐑯	pərɪzɪen	NN1	RSSB	89	shave_says:𐑐𐑸𐑦𐑟𐑦𐑧𐑯
parkour	𐑐𐑸𐑒𐑫𐑮	pɑːRˈkʊr	NN1	GenAm	89	shave_says:𐑐𐑸𐑒𐑫𐑼
paronomasia	𐑐𐑨𐑮𐑩𐑯𐑫𐑥𐑱𐑟𐑾	pærənʊmeɪzɪə	NN1	RSSB	89	shave_says:[𐑐𐑺𐑪𐑯𐑩𐑥𐑩𐑕𐑦𐑩 / 𐑐𐑺𐑪𐑯𐑩𐑥𐑱𐑕𐑦𐑩]
paroxetine	𐑐𐑼𐑪𐑒𐑕𐑩𐑑𐑰𐑯	pəˈrɒksəˌtiːn	NN1	GenAm	89	shave_says:[𐑐𐑺𐑪𐑒𐑕𐑰𐑑𐑰𐑯 / 𐑐𐑺𐑪𐑒𐑕𐑩𐑑𐑰𐑯]
paroxysmal	𐑐𐑨𐑮𐑩𐑒𐑕𐑦𐑟𐑥𐑩𐑤	pærəkˈsɪzməl	AJ0	GenAm	89	shave_says:𐑐𐑨𐑮𐑩𐑒𐑕𐑦𐑟𐑩𐑥𐑩𐑤
parquetry	𐑐𐑸𐑒𐑦𐑑𐑮𐑦	ˈpɑːRkɪtri	NN1	GenAm	89	shave_says:𐑐𐑸𐑒𐑱𐑮𐑦
parsi	𐑐𐑸𐑕𐑰	pɑːRsiː	NN1	RSSB	89	shave_says:𐑐𐑸𐑟𐑦
participatory	𐑐𐑸𐑑𐑦𐑕𐑦𐑐𐑩𐑑𐑼𐑦	pɑːRtɪsɪpətəri	AJ0	RSSB	89	shave_says:𐑐𐑸𐑑𐑦𐑕𐑦𐑐𐑱𐑑𐑼𐑦
parvis	𐑐𐑸𐑝𐑩𐑕	ˈpɑːRvəs	NN1	GenAm	89	shave_says:[𐑐𐑸𐑝𐑦𐑕 / 𐑐𐑸𐑝𐑦𐑟]
pasch	𐑐𐑨𐑕𐑒	pæsk	NN1	RSSB	89	shave_says:𐑐𐑨𐑖
paspalum	𐑐𐑨𐑕𐑐𐑩𐑤𐑩𐑥	ˈpaspələm	NN1	RSSB	89	shave_says:𐑐𐑭𐑐𐑨𐑤𐑩𐑥
pasquinade	𐑐𐑨𐑕𐑒𐑢𐑦𐑯𐑱𐑛	paskwɪˈneɪd	NN1	RSSB	89	shave_says:[𐑐𐑭𐑕𐑒𐑢𐑦𐑯𐑱𐑛 / 𐑐𐑭𐑕𐑒𐑢𐑰𐑯𐑱𐑛]
passant	𐑐𐑨𐑕𐑩𐑯𐑑	ˈpæsənt	AJ0	RSSB	89	shave_says:[𐑐𐑭𐑕𐑨𐑯𐑑 / 𐑐𐑨𐑕𐑱𐑩𐑯𐑑]
passel	𐑐𐑨𐑕𐑤	ˈpæsl	NN1	RSSB	89	shave_says:𐑐𐑨𐑕𐑩𐑤
passer	𐑐𐑨𐑕𐑼	ˈpæsər	NN1	GenAm	89	shave_says:[𐑐𐑨𐑕𐑱𐑼 / 𐑐𐑭𐑕𐑼 / 𐑐𐑭𐑕𐑩𐑩]
passerine	𐑐𐑨𐑕𐑼𐑩𐑯	pæsərən	AJ0	RSSB	89	shave_says:𐑐𐑨𐑕𐑱𐑼𐑰𐑯
pastis	𐑐𐑨𐑕𐑑𐑰𐑕	pæsˈtiːs	NN1	RSSB	89	shave_says:[𐑐𐑭𐑕𐑑𐑦𐑕 / 𐑐𐑭𐑕𐑑𐑦𐑟]
pastrami	𐑐𐑨𐑕𐑑𐑮𐑭𐑥𐑦	pæstrɑːmi	NN1	RSSB	89	shave_says:𐑐𐑩𐑕𐑑𐑮𐑭𐑥𐑦
patency	𐑐𐑱𐑑𐑩𐑯𐑕𐑦	ˈpeɪtənsi	NN1	RSSB	89	shave_says:𐑐𐑨𐑑𐑱𐑩𐑯𐑕𐑦
pathan	𐑐𐑩𐑑𐑭𐑯	pəˈtɑːn	NN1	RSSB	89	shave_says:[𐑐𐑨𐑔𐑩𐑯 / 𐑐𐑭𐑔𐑩𐑯 / 𐑐𐑨𐑑𐑣𐑨𐑯]
patrology	𐑐𐑩𐑑𐑮𐑪𐑤𐑩𐑡𐑦	pətrɒlədʒi	NN1	RSSB	89	shave_says:[𐑐𐑨𐑑𐑮𐑪𐑤𐑩𐑡𐑦 / 𐑐𐑨𐑑𐑮𐑩𐑤𐑪𐑜𐑦]
patronym	𐑐𐑨𐑑𐑮𐑴𐑯𐑦𐑥	ˈpætroʊnɪm	NN1	GenAm	89	shave_says:𐑐𐑨𐑑𐑮𐑩𐑯𐑦𐑥
pavane	𐑐𐑩𐑝𐑭𐑯	pəˈvɑːn	NN1	RSSB	89	shave_says:𐑐𐑭𐑝𐑱𐑯
pavlovian	𐑐𐑨𐑝𐑤𐑴𐑝𐑦𐑩𐑯	pævˈloʊvi+ən	AJ0	GenAm	89	shave_says:𐑐𐑭𐑝𐑤𐑴𐑝𐑦𐑩𐑯
pea-souper	𐑐𐑰𐑕𐑵𐑐𐑼	piːsuːpəR	NN1	RSSB	89	shave_says:𐑐𐑰-𐑕𐑵𐑐𐑼
pea-souper	𐑐𐑰𐑕𐑫𐑐𐑼	ˈpiːˌsupəR	NN1	GenAm	89	shave_says:𐑐𐑰-𐑕𐑵𐑐𐑼
pean	𐑐𐑰𐑩𐑯	ˈpiːən	NN1	RSSB	89	shave_says:𐑐𐑧𐑭𐑯
pectinate	𐑐𐑧𐑒𐑑𐑩𐑯𐑱𐑑	ˈpektəneɪt	AJ0	RSSB	89	shave_says:[𐑐𐑧𐑒𐑑𐑦𐑯𐑱𐑑 / 𐑐𐑧𐑒𐑑𐑰𐑯𐑱𐑑]
pedicel	𐑐𐑧𐑛𐑩𐑕𐑧𐑤	ˈpedəˌsel	NN1	GenAm	89	shave_says:[𐑐𐑧𐑛𐑦𐑕𐑧𐑤 / 𐑐𐑧𐑛𐑦𐑕𐑧𐑤 / 𐑐𐑧𐑛𐑦𐑕𐑩𐑤 / 𐑐𐑰𐑛𐑦𐑒𐑩𐑤]
peduncle	𐑐𐑦𐑛𐑳𐑙𐑒𐑤	pɪˈdʌŋkl	NN1	RSSB	89	
pee-pee	𐑐𐑰𐑐𐑰	ˈpiːpiː	VVI	RSSB	89	shave_says:𐑐𐑰-𐑐𐑰
pei	𐑐𐑰𐑰𐑲	piːiːaɪ	NN1	RSSB	89	shave_says:𐑐𐑱
pelage	𐑐𐑧𐑤𐑦𐑡	ˈpelɪdʒ	NN1	RSSB	89	shave_says:𐑐𐑩𐑤𐑨𐑡
pellagra	𐑐𐑦𐑤𐑨𐑜𐑮𐑩	pɪlaɡrə	NN1	RSSB	89	shave_says:𐑐𐑩𐑤𐑱𐑜𐑮𐑩
pendragon	𐑐𐑧𐑯𐑛𐑮𐑨𐑜𐑯	penˈdræɡn	NN1	GenAm	89	
peneplain	𐑐𐑰𐑯𐑦𐑐𐑤𐑱𐑯	ˈpiːnɪpleɪn	NN1	RSSB	89	shave_says:[𐑐𐑰𐑯𐑐𐑤𐑱𐑯 / 𐑐𐑰𐑯𐑐𐑤𐑩𐑦𐑯]
penetralium	𐑐𐑧𐑯𐑦𐑑𐑮𐑱𐑤𐑾𐑥	penɪtreɪliəm	NN1	RSSB	89	shave_says:𐑐𐑧𐑯𐑦𐑑𐑮𐑱𐑤𐑦𐑩𐑥
penicillamine	𐑐𐑧𐑯𐑦𐑕𐑦𐑤𐑩𐑥𐑰𐑯	ˌpenɪˈsɪləmiːn	NN1	RSSB	89	shave_says:[𐑐𐑰𐑯𐑦𐑕𐑦𐑤𐑩𐑥𐑰𐑯 / 𐑐𐑰𐑯𐑦𐑕𐑦𐑤𐑱𐑥𐑰𐑯]
penne	𐑐𐑧𐑯𐑱	ˈpeneɪ	NN1	RSSB	89	shave_says:𐑐𐑧𐑯𐑧
pennsylvanian	𐑐𐑧𐑯𐑕𐑫𐑤𐑝𐑱𐑯𐑘𐑦𐑯	pensʊlˈveɪnjɪn	NN1	GenAm	89	shave_says:𐑐𐑧𐑯𐑕𐑦𐑤𐑝𐑱𐑯𐑾𐑯
pentahedron	𐑐𐑧𐑯𐑑𐑨𐑣𐑰𐑛𐑮𐑩𐑯	pentahiːdrən	NN1	RSSB	89	shave_says:𐑐𐑧𐑯𐑑𐑩𐑣𐑰𐑛𐑮𐑩𐑯
pentamethylenetetrazol	𐑐𐑧𐑯𐑑𐑩𐑥𐑧𐑔𐑦𐑤𐑰𐑯𐑑𐑧𐑑𐑮𐑩𐑟𐑪𐑤	pentəmeθɪliːntetrəzɒl	NN1	RSSB	89	shave_says:[𐑐𐑧𐑯𐑑𐑩𐑥𐑧𐑔𐑩𐑤𐑰𐑯𐑰𐑑𐑩𐑑𐑮𐑱𐑟𐑩𐑤 / 𐑐𐑧𐑯𐑑𐑱𐑥𐑩𐑑𐑣𐑲𐑤𐑯𐑧𐑑𐑩𐑑𐑮𐑱𐑟𐑩𐑤 / 𐑐𐑧𐑯𐑑𐑱𐑥𐑩𐑑𐑣𐑲𐑤𐑯𐑧𐑑𐑩𐑑𐑮𐑩𐑟𐑩𐑤 / 𐑐𐑧𐑯𐑑𐑱𐑥𐑩𐑑𐑣𐑲𐑤𐑯𐑧𐑑𐑩𐑑𐑮𐑱𐑟𐑴𐑤]
pentathlete	𐑐𐑧𐑯𐑑𐑨𐑔𐑤𐑦𐑑	ˈpentæθlit	NN1	RSSB	89	
pentazocine	𐑐𐑧𐑯𐑑𐑨𐑟𐑩𐑕𐑰𐑯	penˈtæzəsiːn	NN1	RSSB	89	shave_says:𐑐𐑧𐑯𐑑𐑱𐑟𐑪𐑒𐑰𐑯
pentimento	𐑐𐑧𐑯𐑑𐑦𐑥𐑧𐑯𐑑𐑴	ˌpentɪˈmentəʊ	NN1	RSSB	89	shave_says:𐑐𐑧𐑯𐑑𐑦𐑥𐑩𐑯𐑑𐑴
pentobarbital	𐑐𐑧𐑯𐑑𐑩𐑚𐑸𐑚𐑩𐑑𐑪𐑤	ˌpentəˈbɑːRbəˌtɒl	NN1	GenAm	89	shave_says:𐑐𐑧𐑯𐑑𐑴𐑚𐑸𐑚𐑰𐑑𐑩𐑤
penuche	𐑐𐑩𐑯𐑵𐑗𐑦	pəˈnuːtʃɪ	NN1	GenAm	89	
penult	𐑐𐑰𐑯𐑳𐑤𐑑	ˈpiːˌnʌlt	NN1	RSSB	89	shave_says:𐑐𐑰𐑯𐑵𐑤𐑑
percept	𐑐𐑻𐑕𐑧𐑐𐑑	ˈpɜːRsept	NN1	GenAm	89	shave_says:𐑐𐑼𐑕𐑧𐑐𐑑
percutaneous	𐑐𐑻𐑒𐑿𐑑𐑱𐑯𐑾𐑕	pɜːRkjuːteɪnɪəs	AJ0	RSSB	89	shave_says:[𐑐𐑼𐑒𐑿𐑑𐑱𐑯𐑦𐑩𐑕 / 𐑐𐑻𐑒𐑳𐑑𐑱𐑯𐑦𐑩𐑕 / 𐑐𐑻𐑒𐑿𐑑𐑱𐑯𐑦𐑩𐑕 / 𐑐𐑻𐑒𐑳𐑑𐑩𐑯𐑦𐑩𐑕 / 𐑐𐑻𐑒𐑳𐑑𐑩𐑯𐑱𐑴𐑩𐑕]
perestroika	𐑐𐑧𐑮𐑦𐑕𐑑𐑮𐑪𐑦𐑒𐑩	perɪˈstrɒikə	NN1	GenAm	89	shave_says:𐑐𐑧𐑮𐑦𐑕𐑑𐑮𐑶𐑒𐑩
perfecta	𐑐𐑼𐑓𐑧𐑒𐑑𐑩	pəRfektə	NN1	RSSB	89	shave_says:𐑐𐑻𐑓𐑦𐑒𐑑𐑩
perfusion	𐑐𐑼𐑓𐑘𐑫𐑠𐑩𐑯	pərfjuʒən	NN1	RSSB	89	shave_says:𐑐𐑼𐑓𐑿𐑠𐑩𐑯
peridotite	𐑐𐑧𐑮𐑦𐑛𐑩𐑑𐑲𐑑	perɪdətaɪt	NN1	RSSB	89	shave_says:[𐑐𐑧𐑮𐑦𐑛𐑴𐑑𐑲𐑑 / 𐑐𐑻𐑦𐑛𐑴𐑑𐑲𐑑 / 𐑐𐑻𐑦𐑛𐑪𐑑𐑲𐑑 / 𐑐𐑼𐑲𐑛𐑴𐑑𐑲𐑑]
peridotite	𐑐𐑼𐑦𐑛𐑩𐑑𐑲𐑑	pəˈrɪdəˌtaɪt	NN1	GenAm	89	shave_says:[𐑐𐑧𐑮𐑦𐑛𐑴𐑑𐑲𐑑 / 𐑐𐑻𐑦𐑛𐑴𐑑𐑲𐑑 / 𐑐𐑻𐑦𐑛𐑪𐑑𐑲𐑑 / 𐑐𐑼𐑲𐑛𐑴𐑑𐑲𐑑]
perilla	𐑐𐑼𐑦𐑤𐑩	pərɪlə	NN1	RSSB	89	shave_says:𐑐𐑧𐑮𐑩𐑤𐑩
perineum	𐑐𐑧𐑮𐑦𐑯𐑰𐑩𐑥	ˌperɪˈniː+əm	NN1	GenAm	89	shave_says:𐑐𐑰𐑮𐑲𐑯𐑩𐑥
peripeteia	𐑐𐑧𐑮𐑦𐑐𐑦𐑑𐑾	perɪpɪtɪə	NN1	RSSB	89	shave_says:[𐑐𐑽𐑦𐑐𐑧𐑑𐑦𐑩 / 𐑐𐑧𐑮𐑦𐑐𐑰𐑑𐑦𐑩 / 𐑐𐑽𐑦𐑐𐑰𐑑𐑦𐑩 / 𐑐𐑼𐑦𐑐𐑰𐑑𐑦𐑩]
peripeteia	𐑐𐑧𐑮𐑦𐑐𐑦𐑑𐑰𐑩	perɪpɪˈtiːə	NN1	GenAm	89	shave_says:[𐑐𐑽𐑦𐑐𐑧𐑑𐑦𐑩 / 𐑐𐑧𐑮𐑦𐑐𐑰𐑑𐑦𐑩 / 𐑐𐑽𐑦𐑐𐑰𐑑𐑦𐑩 / 𐑐𐑼𐑦𐑐𐑰𐑑𐑦𐑩]
peristalsis	𐑐𐑧𐑮𐑦𐑕𐑑𐑨𐑤𐑕𐑦𐑕	ˌperɪˈstælsɪs	NN1	GenAm	89	shave_says:[𐑐𐑧𐑮𐑦𐑕𐑑𐑭𐑤𐑟𐑦𐑕 / 𐑐𐑻𐑦𐑕𐑑𐑩𐑤𐑟𐑦𐑕 / 𐑐𐑼𐑦𐑕𐑑𐑩𐑤𐑟𐑦𐑕 / 𐑐𐑻𐑦𐑕𐑑𐑩𐑤𐑟𐑦𐑟]
peritoneum	𐑐𐑧𐑮𐑦𐑑𐑩𐑯𐑰𐑩𐑥	perɪtəniːəm	NN1	RSSB	89	shave_says:𐑐𐑧𐑮𐑦𐑑𐑴𐑯𐑦𐑩𐑥
permian	𐑐𐑻𐑥𐑾𐑯	pɜːRmɪən	NN1	RSSB	89	shave_says:[𐑐𐑻𐑥𐑦𐑩𐑯 / 𐑐𐑼𐑥𐑦𐑩𐑯]
peroneal	𐑐𐑺𐑩𐑯𐑰𐑩𐑤	peərəniːəl	AJ0	RSSB	89	shave_says:𐑐𐑧𐑮𐑴𐑯𐑧𐑩𐑤
peroneal	𐑐𐑧𐑮𐑴𐑯𐑰𐑩𐑤	ˌperoʊˈniːəl	AJ0	GenAm	89	shave_says:𐑐𐑧𐑮𐑴𐑯𐑧𐑩𐑤
peroneus	𐑐𐑧𐑮𐑩𐑯𐑰𐑩𐑕	ˌperəˈniː+əs	NN1	GenAm	89	shave_says:𐑐𐑧𐑮𐑴𐑯𐑧𐑩𐑕
perseverate	𐑐𐑻𐑕𐑧𐑝𐑼𐑱𐑑	pɜːRsevəreɪt	VVI	RSSB	89	shave_says:𐑐𐑻𐑕𐑩𐑝𐑽𐑱𐑑
perseverate	𐑐𐑼𐑕𐑧𐑝𐑼𐑱𐑑	pəRˈsevəˌreɪt	VVI	GenAm	89	shave_says:𐑐𐑻𐑕𐑩𐑝𐑽𐑱𐑑
perseveration	𐑐𐑼𐑕𐑧𐑝𐑼𐑱𐑖𐑩𐑯	pəRˌsevəˈreɪʃən	NN1	GenAm	89	shave_says:[𐑐𐑻𐑕𐑩𐑝𐑽𐑱𐑖𐑩𐑯 / 𐑐𐑻𐑕𐑩𐑝𐑽𐑭𐑑𐑦𐑩𐑯 / 𐑐𐑻𐑕𐑩𐑝𐑽𐑩𐑑𐑦𐑩𐑯 / 𐑐𐑼𐑕𐑦𐑝𐑽𐑱𐑖𐑩𐑯 / 𐑐𐑻𐑕𐑧𐑝𐑼𐑱𐑖𐑩𐑯]
persistency	𐑐𐑼𐑕𐑦𐑕𐑑𐑯𐑕𐑦	pəRsɪstnsi	NN1	RSSB	89	shave_says:𐑐𐑼𐑕𐑦𐑕𐑑𐑩𐑯𐑕𐑦
persnickety	𐑐𐑼𐑕𐑯𐑦𐑒𐑦𐑑𐑦	pəRsnɪkɪti	AJ0	RSSB	89	shave_says:[𐑐𐑼𐑕𐑯𐑦𐑒𐑩𐑑𐑦 / 𐑐𐑻𐑕𐑯𐑦𐑒𐑒𐑩𐑑𐑦 / 𐑐𐑻𐑕𐑯𐑦𐑒𐑒𐑰𐑑𐑦]
pertussis	𐑐𐑼𐑑𐑳𐑕𐑦𐑕	pəRtʌsɪs	NN1	RSSB	89	shave_says:𐑐𐑼𐑑𐑳𐑕𐑩𐑕
pervaporate	𐑐𐑻𐑝𐑨𐑐𐑼𐑱𐑑	pɜːRvapəreɪt	VVI	RSSB	89	shave_says:[𐑐𐑼𐑝𐑱𐑐𐑼𐑱𐑑 / 𐑐𐑻𐑝𐑩𐑐𐑹𐑱𐑑 / 𐑐𐑻𐑝𐑱𐑐𐑼𐑱𐑑]
pesewa	𐑐𐑩𐑕𐑱𐑢𐑩	pəˈseɪwə	NN1	RSSB	89	shave_says:𐑐𐑧𐑖𐑫𐑩
petechia	𐑐𐑦𐑑𐑰𐑒𐑾	pɪˈtiːkɪə	NN1	RSSB	89	shave_says:𐑐𐑰𐑰𐑑𐑧𐑒𐑦𐑩
petiole	𐑐𐑧𐑑𐑾𐑫𐑤	ˈpetɪəʊl	NN1	RSSB	89	shave_says:𐑐𐑧𐑑𐑦𐑴𐑤
petiole	𐑐𐑧𐑛𐑦𐑴𐑤	ˈpediˌoʊl	NN1	GenAm	89	shave_says:𐑐𐑧𐑑𐑦𐑴𐑤
pettifogger	𐑐𐑧𐑑𐑦𐑓𐑭𐑜𐑼	ˈpetɪˌfɑːɡəR	NN1	GenAm	89	shave_says:𐑐𐑧𐑑𐑦𐑓𐑪𐑜𐑼
ph.d.	𐑐𐑰𐑱𐑗𐑛𐑰	ˈpiːˌeɪtʃˈdiː	NN1	RSSB	89	shave_says:𐑐𐑰𐑱𐑗.𐑛.
phacelia	𐑓𐑩𐑕𐑰𐑤𐑾	fəˈsiːliə	NN1	RSSB	89	shave_says:𐑐𐑰𐑱𐑗𐑩𐑕𐑤𐑦𐑩
phagocytosis	𐑓𐑱𐑜𐑴𐑕𐑲𐑑𐑴𐑕𐑦𐑕	ˌfeɪɡəʊsaɪˈtəʊsɪs	NN1	RSSB	89	shave_says:[𐑓𐑨𐑜𐑩𐑕𐑲𐑑𐑴𐑕𐑦𐑕 / 𐑓𐑨𐑜𐑩𐑕𐑲𐑑𐑴𐑟𐑦𐑕 / 𐑓𐑨𐑜𐑩𐑕𐑲𐑑𐑴𐑕𐑦𐑟]
phalarope	𐑓𐑨𐑤𐑼𐑴𐑐	fælərəʊp	NN1	RSSB	89	shave_says:𐑐𐑰𐑱𐑗𐑩𐑤𐑼𐑴𐑐
pharyngeal	𐑓𐑼𐑦𐑯𐑡𐑦𐑩𐑤	fərɪndʒi+əl	AJ0	RSSB	89	shave_says:𐑓𐑨𐑮𐑦𐑯𐑡𐑩𐑤
pharyngeal	𐑓𐑧𐑮𐑩𐑯𐑡𐑰𐑩𐑤	ˌferənˈdʒiː+əl	AJ0	GenAm	89	shave_says:𐑓𐑨𐑮𐑦𐑯𐑡𐑩𐑤
phasianid	𐑓𐑱𐑖𐑩𐑯𐑩𐑛	ˈfeɪʃənəd	NN1	GenAm	89	shave_says:𐑐𐑰𐑱𐑗𐑱𐑠𐑩𐑯𐑦𐑛
phasmid	𐑓𐑨𐑟𐑥𐑩𐑛	ˈfæzmƏd	NN1	RSSB	89	shave_says:𐑐𐑰𐑱𐑗𐑨𐑟𐑩𐑥𐑦𐑛
phencyclidine	𐑓𐑧𐑯𐑕𐑲𐑒𐑤𐑦𐑛𐑰𐑯	fenˈsaɪklɪdiːn	NN1	RSSB	89	shave_says:𐑓𐑧𐑯𐑕𐑲𐑒𐑩𐑤𐑦𐑛𐑰𐑯
phenelzine	𐑓𐑦𐑯𐑧𐑤𐑟𐑰𐑯	fɪˈnelziːn	NN1	RSSB	89	shave_says:[𐑓𐑧𐑯𐑧𐑤𐑟𐑰𐑯 / 𐑓𐑧𐑯𐑩𐑤𐑟𐑰𐑯]
phenobarbital	𐑓𐑰𐑯𐑩𐑚𐑸𐑚𐑦𐑑𐑩𐑤	fiːnəbɑːRbɪtəl	NN1	RSSB	89	shave_says:[𐑓𐑰𐑯𐑴𐑚𐑸𐑚𐑦𐑑𐑭𐑤 / 𐑓𐑧𐑯𐑴𐑚𐑸𐑚𐑰𐑑𐑩𐑤 / 𐑓𐑧𐑯𐑴𐑚𐑸𐑚𐑲𐑑𐑩𐑤 / 𐑓𐑧𐑯𐑴𐑚𐑸𐑚𐑦𐑑𐑩𐑤]
phenobarbital	𐑓𐑰𐑯𐑴𐑚𐑸𐑚𐑩𐑑𐑪𐑤	ˌfiːnoʊˈbɑːRbəˌtɒl	NN1	GenAm	89	shave_says:[𐑓𐑰𐑯𐑴𐑚𐑸𐑚𐑦𐑑𐑭𐑤 / 𐑓𐑧𐑯𐑴𐑚𐑸𐑚𐑰𐑑𐑩𐑤 / 𐑓𐑧𐑯𐑴𐑚𐑸𐑚𐑲𐑑𐑩𐑤 / 𐑓𐑧𐑯𐑴𐑚𐑸𐑚𐑦𐑑𐑩𐑤]
phenolphthalein	𐑓𐑰𐑯𐑪𐑤𐑔𐑨𐑤𐑰𐑯	ˌfiːnɒlˈθaliːn	NN1	RSSB	89	shave_says:[𐑓𐑰𐑯𐑪𐑤𐑓𐑔𐑷𐑤𐑲𐑯 / 𐑓𐑰𐑯𐑪𐑤𐑓𐑔𐑩𐑤𐑲𐑯 / 𐑓𐑧𐑯𐑴𐑤𐑓𐑔𐑷𐑤𐑲𐑯]
phenolphthalein	𐑓𐑰𐑯𐑩𐑤𐑔𐑨𐑤𐑦𐑦𐑯	ˌfiːnəlˈθæliɪn	NN1	GenAm	89	shave_says:[𐑓𐑰𐑯𐑪𐑤𐑓𐑔𐑷𐑤𐑲𐑯 / 𐑓𐑰𐑯𐑪𐑤𐑓𐑔𐑩𐑤𐑲𐑯 / 𐑓𐑧𐑯𐑴𐑤𐑓𐑔𐑷𐑤𐑲𐑯]
phenomenology	𐑓𐑦𐑯𐑪𐑥𐑦𐑯𐑪𐑤𐑩𐑜𐑦	fɪˌnɒmɪˈnɒləɡi	NN1	RSSB	89	shave_says:[𐑓𐑧𐑯𐑪𐑥𐑩𐑯𐑪𐑤𐑩𐑡𐑦 / 𐑓𐑧𐑯𐑪𐑥𐑩𐑯𐑩𐑤𐑪𐑜𐑦 / 𐑓𐑰𐑯𐑴𐑥𐑧𐑯𐑪𐑤𐑩𐑡𐑦 / 𐑓𐑧𐑯𐑴𐑥𐑩𐑯𐑪𐑤𐑩𐑡𐑦]
phenomenology	𐑓𐑦𐑯𐑪𐑥𐑩𐑯𐑪𐑤𐑩𐑜𐑦	fɪˌnɒməˈnɒləɡi	NN1	GenAm	89	shave_says:[𐑓𐑧𐑯𐑪𐑥𐑩𐑯𐑪𐑤𐑩𐑡𐑦 / 𐑓𐑧𐑯𐑪𐑥𐑩𐑯𐑩𐑤𐑪𐑜𐑦 / 𐑓𐑰𐑯𐑴𐑥𐑧𐑯𐑪𐑤𐑩𐑡𐑦 / 𐑓𐑧𐑯𐑴𐑥𐑩𐑯𐑪𐑤𐑩𐑡𐑦]
phenoplast	𐑓𐑦𐑯𐑩𐑐𐑤𐑨𐑕𐑑	ˈfinəˌplæst	NN1	RSSB	89	shave_says:[𐑓𐑰𐑯𐑴𐑐𐑤𐑨𐑕𐑑 / 𐑓𐑧𐑯𐑴𐑐𐑤𐑭𐑕𐑑 / 𐑓𐑧𐑯𐑪𐑐𐑤𐑨𐑕𐑑]
phenotypic	𐑓𐑰𐑯𐑩𐑑𐑦𐑐𐑦𐑒	fiːnəˈtɪpɪk	AJ0	RSSB	89	shave_says:𐑓𐑰𐑯𐑴𐑑𐑲𐑐𐑦𐑒
phentolamine	𐑓𐑧𐑯𐑑𐑪𐑤𐑩𐑥𐑰𐑯	fenˈtɒləˌmiːn	NN1	GenAm	89	shave_says:[𐑓𐑧𐑯𐑑𐑴𐑤𐑩𐑥𐑰𐑯 / 𐑓𐑧𐑯𐑑𐑩𐑤𐑩𐑥𐑰𐑯 / 𐑓𐑧𐑯𐑑𐑴𐑤𐑩𐑥𐑲𐑯 / 𐑓𐑧𐑯𐑑𐑴𐑤𐑱𐑥𐑰𐑯]
phenylephrine	𐑓𐑰𐑯𐑲𐑤𐑧𐑓𐑮𐑦𐑯	ˌfiːnaɪlˈefrɪn	NN1	RSSB	89	
phenylephrine	𐑓𐑧𐑯𐑩𐑤𐑧𐑓𐑮𐑰𐑯	ˌfenəlˈefriːn	NN1	GenAm	89	
phenylketonuria	𐑓𐑧𐑯𐑲𐑤𐑒𐑰𐑑𐑩𐑯𐑘𐑫𐑼𐑾	fenaɪlkiːtənjʊərɪə	NN1	RSSB	89	shave_says:[𐑓𐑰𐑯𐑩𐑤𐑒𐑰𐑑𐑴𐑯𐑫𐑼𐑦𐑩 / 𐑓𐑰𐑯𐑩𐑤𐑒𐑰𐑑𐑩𐑯𐑫𐑼𐑦𐑩 / 𐑓𐑰𐑯𐑩𐑤𐑒𐑰𐑑𐑢𐑳𐑯𐑫𐑼𐑦𐑩]
phenytoin	𐑓𐑩𐑯𐑦𐑑𐑴𐑦𐑯	fəˈnɪtoʊɪn	NN1	GenAm	89	shave_says:𐑓𐑧𐑯𐑦𐑑𐑴𐑦𐑯
philomath	𐑓𐑦𐑤𐑩𐑥𐑨𐑔	ˈfɪləmæθ	NN1	RSSB	89	shave_says:[𐑓𐑲𐑤𐑴𐑥𐑨𐑔 / 𐑓𐑦𐑤𐑴𐑥𐑩𐑔]
phimosis	𐑓𐑲𐑥𐑴𐑕𐑦𐑕	faɪˈmoʊsɪs	NN1	GenAm	89	shave_says:𐑐𐑰𐑱𐑗𐑦𐑥𐑴𐑕𐑦𐑕
phloem	𐑓𐑤𐑴𐑩𐑥	ˈfloʊəm	NN1	GenAm	89	
phlogiston	𐑓𐑤𐑩𐑡𐑦𐑕𐑑𐑪𐑯	fləˈdʒɪstɒn	NN1	RSSB	89	shave_says:𐑓𐑤𐑴𐑡𐑦𐑕𐑑𐑪𐑯
phobic	𐑓𐑴𐑚𐑦𐑒	ˈfoʊbɪk	AJ0	GenAm	89	shave_says:[𐑐𐑰𐑱𐑗𐑴𐑚𐑦𐑒 / 𐑐𐑰𐑱𐑗𐑪𐑚𐑦𐑒]
phobos	𐑓𐑴𐑚𐑩𐑕	ˈfoʊbəs	NN1	RSSB	89	shave_says:𐑓𐑴𐑚𐑴𐑕
phocine	𐑓𐑴𐑕𐑲𐑯	ˈfəʊsaɪn	AJ0	RSSB	89	shave_says:𐑐𐑰𐑱𐑗𐑪𐑒𐑰𐑯
phocomelia	𐑓𐑴𐑒𐑩𐑥𐑰𐑤𐑾	ˌfəʊkəˈmiːlɪə	NN1	RSSB	89	
phoenician	𐑓𐑩𐑯𐑦𐑖𐑯	fəˈnɪʃn	AJ0	RSSB	89	shave_says:𐑓𐑩𐑯𐑰𐑖𐑩𐑯
phonologist	𐑓𐑩𐑯𐑪𐑤𐑩𐑡𐑦𐑕𐑑	fəˈnɒlədʒɪst	NN1	GenAm	89	shave_says:[𐑓𐑴𐑯𐑴𐑤𐑩𐑡𐑦𐑕𐑑 / 𐑓𐑴𐑯𐑪𐑤𐑩𐑡𐑦𐑕𐑑 / 𐑓𐑴𐑯𐑩𐑤𐑪𐑜𐑦𐑕𐑑]
phot	𐑓𐑪𐑑	fɒt	NN1	RSSB	89	shave_says:𐑐𐑰𐑱𐑗𐑪𐑑
phratry	𐑓𐑮𐑨𐑑𐑮𐑦	ˈfrætri	NN1	RSSB	89	
phreatic	𐑓𐑮𐑰𐑨𐑑𐑦𐑒	friːˈætɪk	AJ0	RSSB	89	shave_says:𐑓𐑮𐑦𐑨𐑑𐑦𐑒
phrenitis	𐑓𐑮𐑩𐑯𐑲𐑑𐑦𐑕	frənaɪtɪs	NN1	RSSB	89	shave_says:[𐑓𐑮𐑧𐑯𐑲𐑑𐑦𐑕 / 𐑓𐑮𐑧𐑯𐑦𐑑𐑦𐑕 / 𐑓𐑮𐑧𐑯𐑲𐑑𐑦𐑟]
phrenitis	𐑓𐑮𐑩𐑯𐑲𐑑𐑩𐑕	frəˈnaɪtəs	NN1	GenAm	89	shave_says:[𐑓𐑮𐑧𐑯𐑲𐑑𐑦𐑕 / 𐑓𐑮𐑧𐑯𐑦𐑑𐑦𐑕 / 𐑓𐑮𐑧𐑯𐑲𐑑𐑦𐑟]
phrygian	𐑓𐑮𐑦𐑡𐑾𐑯	frɪdʒɪən	NN1	RSSB	89	
phyllo	𐑓𐑰𐑤𐑴	ˈfiːloʊ	NN1	GenAm	89	shave_says:𐑓𐑲𐑤𐑴
phylloxera	𐑓𐑦𐑤𐑪𐑒𐑕𐑼𐑩	fɪlɒksərə	NN1	RSSB	89	shave_says:[𐑓𐑦𐑤𐑴𐑟𐑽𐑩 / 𐑓𐑲𐑤𐑪𐑒𐑕𐑼𐑩]
physalis	𐑓𐑦𐑕𐑩𐑤𐑦𐑕	ˈfɪsəlɪs	NN1	RSSB	89	shave_says:[𐑓𐑦𐑟𐑨𐑤𐑦𐑕 / 𐑓𐑦𐑟𐑩𐑤𐑦𐑕 / 𐑓𐑦𐑟𐑩𐑤𐑦𐑟]
physostigmine	𐑓𐑲𐑕𐑴𐑕𐑑𐑦𐑜𐑥𐑰𐑯	ˌfaɪsəʊˈstɪɡmiːn	NN1	RSSB	89	shave_says:[𐑓𐑦𐑟𐑪𐑕𐑑𐑦𐑜𐑥𐑲𐑯 / 𐑓𐑦𐑟𐑪𐑕𐑑𐑦𐑜𐑥𐑰𐑯]
physostigmine	𐑓𐑲𐑕𐑩𐑕𐑑𐑦𐑜𐑥𐑰𐑯	ˌfaɪsəˈstɪɡˌmiːn	NN1	GenAm	89	shave_says:[𐑓𐑦𐑟𐑪𐑕𐑑𐑦𐑜𐑥𐑲𐑯 / 𐑓𐑦𐑟𐑪𐑕𐑑𐑦𐑜𐑥𐑰𐑯]
phytonadione	𐑓𐑲𐑑𐑴𐑯𐑩𐑛𐑲𐑴𐑯	ˌfaɪtoʊnəˈdaɪˌoʊn	NN1	GenAm	89	shave_says:[𐑓𐑲𐑑𐑴𐑯𐑭𐑛𐑦𐑢𐑳𐑯 / 𐑓𐑲𐑑𐑩𐑯𐑱𐑛𐑦𐑢𐑳𐑯]
picayune	𐑐𐑦𐑒𐑩𐑘𐑫𐑯	ˌpɪkəˈjun	AJ0	GenAm	89	shave_says:𐑐𐑦𐑒𐑩𐑿𐑯
pickelhaube	𐑐𐑦𐑒𐑤𐑣𐑬𐑚𐑩	ˈpɪklhaʊbə	NN1	RSSB	89	shave_says:𐑐𐑦𐑒𐑧𐑤𐑣𐑬𐑚𐑩
picul	𐑐𐑦𐑒𐑩𐑤	ˈpɪkəl	NN1	RSSB	89	shave_says:𐑐𐑦𐑒𐑵𐑤
piddock	𐑐𐑦𐑛𐑩𐑒	ˈpɪdək	NN1	RSSB	89	shave_says:[𐑐𐑦𐑛𐑪𐑒 / 𐑐𐑦𐑛𐑪𐑒𐑒]
pie-eyed	𐑐𐑲𐑲𐑛	ˈpaɪˌaɪd	AJ0	GenAm	89	shave_says:𐑐𐑲-𐑲𐑛
pietism	𐑐𐑲𐑩𐑑𐑦𐑟𐑥	ˈpaɪətɪzm	NN1	RSSB	89	shave_says:𐑐𐑲𐑩𐑑𐑦𐑟𐑩𐑥
pileus	𐑐𐑦𐑤𐑾𐑕	ˈpɪliəs	NN1	RSSB	89	shave_says:[𐑐𐑲𐑤𐑩𐑕 / 𐑐𐑲𐑤𐑦𐑩𐑕 / 𐑐𐑦𐑤𐑦𐑩𐑕 / 𐑐𐑲𐑤𐑵𐑟]
pilocarpine	𐑐𐑲𐑤𐑩𐑒𐑸𐑐𐑰𐑯	ˌpaɪləˈkɑːRˌpiːn	NN1	GenAm	89	shave_says:[𐑐𐑲𐑤𐑴𐑒𐑸𐑐𐑰𐑯 / 𐑐𐑲𐑤𐑴𐑒𐑸𐑐𐑰𐑯]
pimiento	𐑐𐑦𐑥𐑘𐑧𐑯𐑑𐑴	pɪˈmjentoʊ	NN1	GenAm	89	shave_says:𐑐𐑦𐑥𐑦𐑧𐑯𐑑𐑴
pindolol	𐑐𐑦𐑯𐑛𐑩𐑤𐑪𐑤	ˈpɪndəˌlɒl	NN1	GenAm	89	shave_says:[𐑐𐑦𐑯𐑛𐑴𐑤𐑩𐑤 / 𐑐𐑦𐑯𐑛𐑩𐑤𐑩𐑤]
pink-collar	𐑐𐑦𐑙𐑒𐑒𐑪𐑤𐑼	ˈpɪŋkˌkɒləR	AJ0	GenAm	89	shave_says:𐑐𐑦𐑙𐑒-𐑒𐑪𐑤𐑼
pinochle	𐑐𐑰𐑯𐑳𐑒𐑩𐑤	ˈpiːˌnʌkəl	NN1	GenAm	89	shave_says:𐑐𐑰𐑯𐑩𐑒𐑩𐑤
pinole	𐑐𐑰𐑯𐑴𐑤𐑱	piːˈnoʊleɪ	NN1	GenAm	89	shave_says:[𐑐𐑲𐑯𐑴𐑤 / 𐑐𐑦𐑯𐑴𐑤 / 𐑐𐑲𐑯𐑴𐑩𐑤]
pinscher	𐑐𐑦𐑯𐑖𐑼	pɪnʃəR	NN1	RSSB	89	shave_says:[𐑐𐑦𐑯𐑖𐑧𐑮 / 𐑐𐑦𐑯𐑟𐑗𐑼]
piolet	𐑐𐑘𐑴𐑤𐑱	ˈpjəʊleɪ	NN1	RSSB	89	shave_says:𐑐𐑦𐑩𐑤𐑱
piolet	𐑐𐑰𐑩𐑤𐑱	ˈpiːəleɪ	NN1	GenAm	89	shave_says:𐑐𐑦𐑩𐑤𐑱
piperacillin	𐑐𐑦𐑐𐑧𐑮𐑦𐑕𐑦𐑤𐑦𐑯	pɪˌperɪˈsɪlɪn	NN1	GenAm	89	shave_says:𐑐𐑲𐑐𐑼𐑩𐑕𐑦𐑤𐑦𐑯
piperazine	𐑐𐑦𐑐𐑧𐑮𐑩𐑟𐑰𐑯	pɪperəziːn	NN1	RSSB	89	shave_says:[𐑐𐑲𐑐𐑼𐑱𐑟𐑰𐑯 / 𐑐𐑲𐑐𐑼𐑩𐑟𐑰𐑯]
pipistrelle	𐑐𐑦𐑐𐑦𐑕𐑑𐑮𐑧𐑤	pɪpɪˈstrel	NN1	RSSB	89	shave_says:𐑐𐑦𐑐𐑦𐑕𐑑𐑮𐑩𐑤𐑩𐑤
pirogue	𐑐𐑼𐑴𐑜	pərəʊɡ	NN1	RSSB	89	shave_says:𐑐𐑦𐑮𐑴𐑜
pirozhki	𐑐𐑦𐑮𐑪𐑠𐑒𐑦	pɪˈrɒʒkɪ	NN1	RSSB	89	
piscine	𐑐𐑦𐑕𐑲𐑯	ˈpɪsaɪn	AJ0	RSSB	89	shave_says:𐑐𐑲𐑕𐑰𐑯
piscine	𐑐𐑲𐑕𐑦𐑯	ˈpaɪsin	AJ0	GenAm	89	shave_says:𐑐𐑲𐑕𐑰𐑯
piscivorous	𐑐𐑦𐑕𐑦𐑝𐑼𐑩𐑕	pɪsɪvərəs	AJ0	RSSB	89	shave_says:[𐑐𐑦𐑖𐑦𐑝𐑼𐑩𐑕 / 𐑐𐑦𐑖𐑦𐑝𐑹𐑩𐑕 / 𐑐𐑦𐑖𐑦𐑝𐑹𐑴𐑩𐑕 / 𐑐𐑦𐑖𐑦𐑝𐑹𐑴𐑵𐑟]
pismire	𐑐𐑦𐑕𐑥𐑲𐑼	pɪsmaɪəR	NN1	RSSB	89	shave_says:𐑐𐑦𐑟𐑩𐑥𐑲𐑼
pita	𐑐𐑦𐑑𐑭	piˈtɑː	NN1	RSSB	89	shave_says:𐑐𐑦𐑑𐑩
pizzazz	𐑐𐑦𐑟𐑨𐑟	pɪˈzæz	NN1	RSSB	89	
plagioclase	𐑐𐑤𐑱𐑡𐑾𐑒𐑤𐑱𐑟	ˈpleɪdʒɪəkleɪz	NN1	RSSB	89	shave_says:𐑐𐑤𐑱𐑡𐑴𐑒𐑤𐑱𐑕
plagioclase	𐑐𐑤𐑨𐑡𐑾𐑒𐑤𐑱𐑟	ˈplædʒɪəkleɪz	NN1	GenAm	89	shave_says:𐑐𐑤𐑱𐑡𐑴𐑒𐑤𐑱𐑕
planktonic	𐑐𐑤𐑨𐑙𐑒𐑑𐑪𐑯𐑦𐑒	plæŋkˈtɒnɪk	AJ0	GenAm	89	shave_says:𐑐𐑤𐑨𐑙𐑒𐑑𐑩𐑯𐑦𐑒
plantagenet	𐑐𐑤𐑨𐑯𐑑𐑨𐑡𐑯𐑩𐑑	planˈtadʒnət	NN1	RSSB	89	shave_says:𐑐𐑤𐑨𐑯𐑑𐑨𐑡𐑯𐑧𐑑
plantal	𐑐𐑤𐑨𐑯𐑑𐑩𐑤	ˈplæntəl	AJ0	GenAm	89	shave_says:𐑐𐑤𐑭𐑯𐑑𐑩𐑤
plantigrade	𐑐𐑤𐑨𐑯𐑑𐑩𐑜𐑮𐑱𐑛	ˈplæntəˌɡreɪd	AJ0	GenAm	89	shave_says:𐑐𐑤𐑨𐑯𐑑𐑦𐑜𐑮𐑱𐑛
plasmid	𐑐𐑤𐑨𐑟𐑥𐑩𐑛	ˈplæzmƏd	NN1	RSSB	89	shave_says:𐑐𐑤𐑨𐑟𐑩𐑥𐑦𐑛
plasmodium	𐑐𐑤𐑨𐑟𐑥𐑴𐑛𐑾𐑥	plazˈməʊdɪəm	NN1	RSSB	89	shave_says:[𐑐𐑤𐑨𐑟𐑩𐑥𐑴𐑛𐑦𐑩𐑥 / 𐑐𐑤𐑨𐑟𐑩𐑥𐑴𐑛𐑦𐑵𐑥]
plasterwork	𐑐𐑤𐑨𐑕𐑑𐑼𐑢𐑻𐑒	ˈplæstəRˌwɜːRk	NN1	GenAm	89	shave_says:[𐑐𐑤𐑭𐑕𐑑𐑼𐑢𐑻𐑒 / 𐑐𐑤𐑭𐑕𐑑𐑼𐑢𐑼𐑒]
plastically	𐑐𐑤𐑨𐑕𐑑𐑦𐑒𐑤𐑦	ˈplastɪkli	AV0	RSSB	89	shave_says:[𐑐𐑤𐑨𐑕𐑑𐑦𐑒𐑩𐑤𐑦 / 𐑐𐑤𐑨𐑕𐑑𐑦𐑒𐑷𐑤𐑦 / 𐑐𐑤𐑨𐑕𐑑𐑦𐑒𐑩𐑤𐑤𐑦]
plasticizer	𐑐𐑤𐑨𐑕𐑑𐑦𐑕𐑲𐑟𐑼	plæstɪsaɪzəR	NN1	RSSB	89	shave_says:[𐑐𐑤𐑨𐑕𐑑𐑦𐑒𐑲𐑟𐑼 / 𐑐𐑤𐑨𐑕𐑑𐑦𐑒𐑦𐑟𐑼]
platan	𐑐𐑤𐑨𐑑𐑯	ˈplatn	NN1	RSSB	89	shave_says:𐑐𐑤𐑭𐑑𐑩𐑯
plattdeutsch	𐑐𐑤𐑭𐑑𐑛𐑶𐑗	ˈplɑːtˌdɔɪtʃ	NN1	RSSB	89	shave_says:[𐑐𐑤𐑨𐑑𐑛𐑿𐑑𐑖 / 𐑐𐑤𐑨𐑑𐑛𐑿𐑑𐑕𐑗]
platy	𐑐𐑤𐑨𐑑𐑦	ˈplæti	NN1	RSSB	89	shave_says:𐑐𐑤𐑱𐑑𐑦
platysma	𐑐𐑤𐑩𐑑𐑦𐑟𐑥𐑩	pləˈtɪzmə	NN1	RSSB	89	shave_says:𐑐𐑤𐑱𐑑𐑦𐑟𐑩𐑥𐑩
plenum	𐑐𐑤𐑰𐑯𐑩𐑥	ˈpliːnəm	NN1	RSSB	89	shave_says:[𐑐𐑤𐑧𐑯𐑩𐑥 / 𐑐𐑤𐑧𐑯𐑵𐑥]
pleural	𐑐𐑤𐑫𐑮𐑩𐑤	ˈplʊrəl	AJ0	GenAm	89	shave_says:𐑐𐑤𐑫𐑼𐑩𐑤
plicate	𐑐𐑤𐑲𐑒𐑩𐑑	ˈplaɪkət	VVI	GenAm	89	shave_says:𐑐𐑤𐑦𐑒𐑱𐑑
plication	𐑐𐑤𐑦𐑒𐑱𐑖𐑯	plɪˈkeɪʃn	NN1	RSSB	89	shave_says:[𐑐𐑤𐑦𐑒𐑱𐑖𐑩𐑯 / 𐑐𐑤𐑦𐑒𐑭𐑑𐑦𐑩𐑯]
pliocene	𐑐𐑤𐑲𐑩𐑕𐑰𐑯	ˈplaɪəsiːn	NN1	RSSB	89	shave_says:𐑐𐑤𐑲𐑴𐑕𐑦𐑯
ploce	𐑐𐑤𐑪𐑕𐑦	ˈplɒsi	NN1	RSSB	89	
plumbic	𐑐𐑤𐑳𐑥𐑚𐑦𐑒	ˈplʌmbɪk	AJ0	RSSB	89	shave_says:𐑐𐑤𐑳𐑥𐑦𐑒
plutarch	𐑐𐑤𐑫𐑑𐑸𐑒	ˈplutɑːRk	NN1	GenAm	89	shave_says:[𐑐𐑤𐑵𐑑𐑸𐑒 / 𐑐𐑤𐑳𐑑𐑸𐑒 / 𐑐𐑤𐑵𐑑𐑼𐑗]
plutonic	𐑐𐑤𐑫𐑑𐑪𐑯𐑦𐑒	pluˈtɒnɪk	AJ0	GenAm	89	shave_says:[𐑐𐑤𐑵𐑑𐑪𐑯𐑦𐑒 / 𐑐𐑤𐑳𐑑𐑪𐑯𐑦𐑒 / 𐑐𐑤𐑵𐑑𐑩𐑯𐑦𐑒 / 𐑐𐑤𐑵𐑑𐑢𐑳𐑯𐑦𐑒]
po-faced	𐑐𐑴𐑓𐑱𐑕𐑑	ˈpəʊfeɪst	AJ0	RSSB	89	shave_says:𐑐𐑰𐑴-𐑓𐑱𐑕𐑑
pochard	𐑐𐑴𐑗𐑼𐑛	pəʊtʃəRd	NN1	RSSB	89	shave_says:[𐑐𐑪𐑒𐑣𐑸𐑛 / 𐑐𐑰𐑴𐑗𐑸𐑛 / 𐑐𐑰𐑴𐑗𐑼𐑛]
podocarpus	𐑐𐑴𐑛𐑩𐑒𐑸𐑐𐑩𐑕	poʊdəkɑːRpəs	NN1	RSSB	89	shave_says:[𐑐𐑴𐑛𐑴𐑒𐑸𐑐𐑩𐑕 / 𐑐𐑴𐑛𐑴𐑒𐑸𐑐𐑵𐑟]
pogge	𐑐𐑪𐑜	pɒɡ	NN1	GenAm	89	
polack	𐑐𐑴𐑤𐑨𐑒	ˈpəʊlæk	NN1	RSSB	89	shave_says:𐑐𐑴𐑤𐑭𐑒
polack	𐑐𐑴𐑤𐑪𐑒	ˈpoʊlɒk	NN1	GenAm	89	shave_says:𐑐𐑴𐑤𐑭𐑒
polenta	𐑐𐑩𐑤𐑧𐑯𐑑𐑩	pəˈlentə	NN1	RSSB	89	shave_says:[𐑐𐑴𐑤𐑧𐑯𐑑𐑩 / 𐑐𐑪𐑤𐑧𐑯𐑑𐑩 / 𐑐𐑴𐑤𐑩𐑯𐑑𐑩]
politesse	𐑐𐑪𐑤𐑩𐑑𐑧𐑕	pɒləˈtes	NN1	GenAm	89	shave_says:𐑐𐑪𐑤𐑦𐑑𐑧𐑕
politico	𐑐𐑩𐑤𐑦𐑑𐑦𐑒𐑴	pəˈlɪtɪkəʊ	NN1	RSSB	89	shave_says:𐑐𐑪𐑤𐑩𐑑𐑦𐑒𐑴
pollinosis	𐑐𐑪𐑤𐑩𐑯𐑴𐑕𐑦𐑕	ˌpɒləˈnoʊsɪs	NN1	GenAm	89	shave_says:[𐑐𐑪𐑤𐑦𐑯𐑴𐑟𐑦𐑕 / 𐑐𐑪𐑤𐑦𐑯𐑴𐑕𐑦𐑕 / 𐑐𐑪𐑤𐑤𐑲𐑯𐑴𐑕𐑦𐑕 / 𐑐𐑪𐑤𐑦𐑯𐑴𐑟𐑦𐑟 / 𐑐𐑪𐑤𐑰𐑯𐑴𐑟𐑦𐑕]
polychaete	𐑐𐑪𐑤𐑦𐑒𐑰𐑑	ˈpɒlɪkiːt	NN1	RSSB	89	shave_says:[𐑐𐑪𐑤𐑦𐑗𐑭𐑰𐑑 / 𐑐𐑪𐑤𐑦𐑗𐑩𐑰𐑑]
polychromatic	𐑐𐑪𐑤𐑦𐑒𐑮𐑩𐑥𐑨𐑑𐑦𐑒	ˌpɒlikrəˈmætɪk	AJ0	GenAm	89	shave_says:𐑐𐑪𐑤𐑦𐑒𐑮𐑴𐑥𐑨𐑑𐑦𐑒
polycythemia	𐑐𐑪𐑤𐑦𐑕𐑲𐑔𐑰𐑥𐑾	ˌpɒlɪsaɪˈθiːmɪə	NN1	RSSB	89	shave_says:[𐑐𐑪𐑤𐑦𐑕𐑲𐑔𐑰𐑥𐑦𐑩 / 𐑐𐑪𐑤𐑦𐑕𐑦𐑔𐑰𐑥𐑦𐑩 / 𐑐𐑪𐑤𐑦𐑕𐑦𐑔𐑩𐑥𐑦𐑩]
polydactyly	𐑐𐑪𐑤𐑦𐑛𐑨𐑒𐑑𐑩𐑤𐑦	ˌpɒliˈdæktəli	NN1	GenAm	89	shave_says:𐑐𐑪𐑤𐑦𐑛𐑨𐑒𐑑𐑦𐑤𐑦
polymeric	𐑐𐑪𐑤𐑦𐑥𐑧𐑮𐑦𐑒	ˌpɒliˈmerɪk	AJ0	GenAm	89	shave_says:𐑐𐑪𐑤𐑦𐑥𐑼𐑦𐑒
polymerize	𐑐𐑪𐑤𐑩𐑥𐑼𐑲𐑟	ˈpɒləməˌraɪz	VVI	GenAm	89	shave_says:𐑐𐑪𐑤𐑦𐑥𐑼𐑲𐑟
polynya	𐑐𐑩𐑤𐑦𐑯𐑘𐑩	pəˈlɪnjə	NN1	GenAm	89	shave_says:[𐑐𐑪𐑤𐑦𐑯𐑘𐑩 / 𐑐𐑪𐑤𐑦𐑯𐑦𐑩]
polyptoton	𐑐𐑪𐑤𐑩𐑐𐑑𐑴𐑑𐑪𐑯	ˌpɒləpˈtoʊtɒn	NN1	GenAm	89	shave_says:[𐑐𐑪𐑤𐑦𐑐𐑑𐑴𐑑𐑩𐑯 / 𐑐𐑪𐑤𐑦𐑐𐑑𐑪𐑑𐑩𐑯 / 𐑐𐑪𐑤𐑦𐑐𐑰𐑑𐑰𐑴𐑑𐑩𐑯]
polysemous	𐑐𐑩𐑤𐑦𐑕𐑦𐑥𐑩𐑕	pəˈlɪsɪməs	AJ0	RSSB	89	shave_says:[𐑐𐑪𐑤𐑦𐑟𐑩𐑥𐑩𐑕 / 𐑐𐑪𐑤𐑦𐑕𐑧𐑥𐑩𐑕 / 𐑐𐑪𐑤𐑦𐑟𐑩𐑥𐑴𐑩𐑕 / 𐑐𐑪𐑤𐑦𐑟𐑩𐑥𐑴𐑵𐑟]
polysemous	𐑐𐑭𐑤𐑦𐑕𐑰𐑥𐑩𐑕	ˌpɑːliˈsiːməs	AJ0	GenAm	89	shave_says:[𐑐𐑪𐑤𐑦𐑟𐑩𐑥𐑩𐑕 / 𐑐𐑪𐑤𐑦𐑕𐑧𐑥𐑩𐑕 / 𐑐𐑪𐑤𐑦𐑟𐑩𐑥𐑴𐑩𐑕 / 𐑐𐑪𐑤𐑦𐑟𐑩𐑥𐑴𐑵𐑟]
polysemy	𐑐𐑪𐑤𐑦𐑕𐑰𐑥𐑦	ˈpɒlɪsiːmi	NN1	RSSB	89	shave_says:[𐑐𐑪𐑤𐑦𐑟𐑩𐑥𐑦 / 𐑐𐑪𐑤𐑦𐑕𐑧𐑥𐑦]
polytetrafluoroethylene	𐑐𐑪𐑤𐑦𐑑𐑧𐑑𐑮𐑩𐑓𐑤𐑹𐑴𐑧𐑔𐑦𐑤𐑰𐑯	pɒlitetrəflɔːrəʊeθɪliːn	NN1	RSSB	89	shave_says:𐑐𐑪𐑤𐑦𐑑𐑧𐑑𐑮𐑩𐑓𐑤𐑫𐑼𐑴𐑧𐑔𐑩𐑤𐑰𐑯
polytetrafluoroethylene	𐑐𐑪𐑤𐑦𐑑𐑧𐑑𐑮𐑩𐑓𐑤𐑹𐑴𐑧𐑔𐑦𐑤𐑦𐑯	ˌpɒlitetrəˌflɔːRoʊˈeθɪlin	NN1	GenAm	89	shave_says:𐑐𐑪𐑤𐑦𐑑𐑧𐑑𐑮𐑩𐑓𐑤𐑫𐑼𐑴𐑧𐑔𐑩𐑤𐑰𐑯
pomeranian	𐑐𐑪𐑥𐑼𐑱𐑯𐑾𐑯	pɒməreɪniən	NN1	RSSB	89	shave_says:𐑐𐑪𐑥𐑼𐑱𐑯𐑦𐑩𐑯
pomfret	𐑐𐑪𐑥𐑓𐑮𐑦𐑑	ˈpɒmfrɪt	NN1	RSSB	89	shave_says:𐑐𐑪𐑥𐑓𐑮𐑩𐑑
pompadour	𐑐𐑪𐑥𐑐𐑩𐑛𐑫𐑼	pɒmpədʊəR	NN1	RSSB	89	shave_says:𐑐𐑪𐑥𐑐𐑩𐑛𐑹
pompadour	𐑐𐑭𐑥𐑐𐑩𐑛𐑹	ˈpɑːmpədɔːr	NN1	GenAm	89	shave_says:𐑐𐑪𐑥𐑐𐑩𐑛𐑹
pontifex	𐑐𐑪𐑯𐑑𐑩𐑓𐑧𐑒𐑕	ˈpɒntəˌfeks	NN1	GenAm	89	
pooh-bah	𐑐𐑵𐑚𐑭	ˈpuːbɑː	NN1	RSSB	89	shave_says:𐑐𐑵-𐑚𐑭
porphyria	𐑐𐑹𐑓𐑦𐑮𐑾	pɔːRfɪrɪə	NN1	RSSB	89	shave_says:𐑐𐑹𐑓𐑦𐑮𐑦𐑩
porphyrin	𐑐𐑹𐑓𐑦𐑮𐑦𐑯	pɔːRfɪrɪn	NN1	RSSB	89	shave_says:𐑐𐑹𐑓𐑲𐑼𐑦𐑯
porphyrin	𐑐𐑹𐑓𐑼𐑦𐑯	ˈpɔːRfərɪn	NN1	GenAm	89	shave_says:𐑐𐑹𐑓𐑲𐑼𐑦𐑯
positivity	𐑐𐑪𐑟𐑦𐑑𐑦𐑝𐑦𐑑𐑦	ˌpɒzɪˈtɪvɪti	NN1	RSSB	89	shave_says:𐑐𐑪𐑟𐑩𐑑𐑦𐑝𐑦𐑑𐑦
posology	𐑐𐑴𐑕𐑪𐑤𐑩𐑡𐑦	pəʊˈsɒlədʒi	NN1	RSSB	89	shave_says:[𐑐𐑴𐑟𐑪𐑤𐑩𐑡𐑦 / 𐑐𐑴𐑟𐑩𐑤𐑪𐑜𐑦]
posology	𐑐𐑩𐑟𐑪𐑤𐑩𐑡𐑦	pəˈzɒlədʒi	NN1	GenAm	89	shave_says:[𐑐𐑴𐑟𐑪𐑤𐑩𐑡𐑦 / 𐑐𐑴𐑟𐑩𐑤𐑪𐑜𐑦]
postalveolar	𐑐𐑴𐑕𐑑𐑨𐑤𐑝𐑰𐑩𐑤𐑼	ˌpoʊstælˈviːələr	NN1	GenAm	89	shave_says:[𐑐𐑴𐑕𐑑𐑨𐑤𐑝𐑦𐑴𐑤𐑼 / 𐑐𐑴𐑕𐑑𐑩𐑤𐑝𐑱𐑴𐑤𐑼]
postdoctoral	𐑐𐑴𐑕𐑛𐑪𐑒𐑑𐑮𐑤	pəʊsˈdɒktrl	AJ0	RSSB	89	shave_says:[𐑐𐑴𐑕𐑑𐑛𐑪𐑒𐑑𐑹𐑩𐑤 / 𐑐𐑴𐑕𐑑𐑛𐑪𐑒𐑑𐑼𐑩𐑤]
postfix	𐑐𐑴𐑕𐑑𐑓𐑦𐑒𐑕	ˈpoʊstfɪks	NN1	GenAm	89	
posthitis	𐑐𐑪𐑕𐑔𐑲𐑑𐑦𐑕	pɒsˈθaɪtɪs	NN1	GenAm	89	shave_says:[𐑐𐑴𐑕𐑑𐑣𐑲𐑑𐑦𐑕 / ∘𐑐𐑪𐑕𐑔𐑲𐑑𐑦𐑕 / ∘𐑐𐑪𐑕𐑔𐑦𐑑𐑦𐑕 / ∘𐑐𐑪𐑕𐑔𐑲𐑑𐑦𐑟]
postiche	𐑐𐑪𐑕𐑑𐑰𐑖	pɒˈstiːʃ	NN1	GenAm	89	
prandial	𐑐𐑮𐑨𐑯𐑛𐑾𐑤	prandɪəl	AJ0	RSSB	89	shave_says:𐑐𐑮𐑨𐑯𐑛𐑦𐑩𐑤
prang	𐑐𐑮𐑨𐑙	præŋ	NN1	RSSB	89	shave_says:⸰⁠𐑐𐑮𐑨𐑙
pratincole	𐑐𐑮𐑨𐑑𐑦𐑯𐑒𐑴𐑤	ˈprætɪnˌkəʊl	NN1	RSSB	89	shave_says:𐑐𐑮𐑱𐑑𐑦𐑯𐑒𐑴𐑩𐑤
pravastatin	𐑐𐑮𐑨𐑝𐑩𐑕𐑑𐑨𐑑𐑦𐑯	pravəstatɪn	NN1	RSSB	89	shave_says:[𐑐𐑮𐑭𐑝𐑩𐑕𐑑𐑱𐑑𐑦𐑯 / 𐑐𐑮𐑭𐑝𐑩𐑕𐑑𐑨𐑑𐑦𐑯]
pravastatin	𐑐𐑮𐑨𐑝𐑩𐑕𐑑𐑨𐑑𐑩𐑯	ˈprævəˌstætən	NN1	GenAm	89	shave_says:[𐑐𐑮𐑭𐑝𐑩𐑕𐑑𐑱𐑑𐑦𐑯 / 𐑐𐑮𐑭𐑝𐑩𐑕𐑑𐑨𐑑𐑦𐑯]
praxis	𐑐𐑮𐑨𐑒𐑕𐑦𐑕	ˈpræksɪs	NN1	RSSB	89	shave_says:⸰⁠𐑐𐑮𐑨𐑒𐑕𐑦𐑕
prazosin	𐑐𐑮𐑱𐑟𐑩𐑕𐑦𐑯	preɪzəsɪn	NN1	RSSB	89	shave_says:𐑐𐑮𐑭𐑟𐑴𐑕𐑦𐑯
pre-socratic	𐑐𐑮𐑰𐑕𐑪𐑒𐑮𐑨𐑑𐑦𐑒	ˌpriːsɒˈkrætɪk	AJ0	RSSB	89	shave_says:𐑐𐑮𐑰-𐑕𐑩𐑒𐑮𐑨𐑑𐑦𐑒
precancerous	𐑐𐑮𐑦𐑒𐑨𐑯𐑕𐑼𐑩𐑕	prikænsərəs	AJ0	RSSB	89	shave_says:𐑐𐑮𐑰𐑒𐑨𐑯𐑕𐑼𐑩𐑕
precatory	𐑐𐑮𐑧𐑒𐑩𐑑𐑼𐑦	prekətəri	AJ0	RSSB	89	shave_says:[𐑐𐑮𐑰𐑒𐑱𐑑𐑼𐑦 / 𐑐𐑮𐑰𐑒𐑨𐑑𐑼𐑦]
precatory	𐑐𐑮𐑧𐑒𐑩𐑑𐑹𐑦	ˈprekəˌtɔːRi	AJ0	GenAm	89	shave_says:[𐑐𐑮𐑰𐑒𐑱𐑑𐑼𐑦 / 𐑐𐑮𐑰𐑒𐑨𐑑𐑼𐑦]
precedential	𐑐𐑮𐑧𐑕𐑩𐑛𐑧𐑯𐑖𐑩𐑤	presədenʃəl	AJ0	RSSB	89	shave_says:𐑐𐑮𐑧𐑕𐑦𐑛𐑩𐑯𐑑𐑦𐑩𐑤
preclusive	𐑐𐑮𐑧𐑒𐑤𐑫𐑕𐑦𐑝	preˈklusɪv	AJ0	RSSB	89	shave_says:𐑐𐑮𐑦𐑒𐑤𐑵𐑕𐑦𐑝
precognitive	𐑐𐑮𐑰𐑒𐑪𐑜𐑯𐑩𐑑𐑦𐑝	priːˈkɒɡnətɪv	AJ0	GenAm	89	shave_says:𐑐𐑮𐑰𐑒𐑪𐑜𐑯𐑦𐑑𐑦𐑝
predicatively	𐑐𐑮𐑧𐑛𐑦𐑒𐑩𐑑𐑦𐑝𐑤𐑦	predɪkətɪvli	AV0	RSSB	89	shave_says:𐑐𐑮𐑦𐑛𐑦𐑒𐑩𐑑𐑦𐑝𐑤𐑦
prednisolone	𐑐𐑮𐑧𐑛𐑯𐑦𐑕𐑩𐑤𐑴𐑯	predˈnɪsəˌloʊn	NN1	GenAm	89	
prednisone	𐑐𐑮𐑧𐑛𐑯𐑦𐑕𐑴𐑯	ˈprednɪˌsoʊn	NN1	GenAm	89	shave_says:𐑐𐑮𐑧𐑛𐑯𐑦𐑟𐑴𐑯
preformation	𐑐𐑮𐑰𐑓𐑹𐑥𐑱𐑖𐑯	priːfɔːRmeɪʃn	NN1	RSSB	89	shave_says:𐑐𐑮𐑰𐑓𐑹𐑥𐑱𐑖𐑩𐑯
prehend	𐑐𐑮𐑦𐑣𐑧𐑯𐑛	prɪˈhend	VVI	RSSB	89	shave_says:[𐑐𐑮𐑰𐑣𐑧𐑯𐑛 / 𐑐𐑮𐑰𐑧𐑧𐑯𐑛 / 𐑐𐑮𐑰𐑧𐑩𐑯𐑛]
prehension	𐑐𐑮𐑦𐑣𐑧𐑯𐑖𐑩𐑯	prɪhenʃən	NN1	RSSB	89	shave_says:𐑐𐑮𐑰𐑣𐑧𐑯𐑖𐑷𐑯
prelapsarian	𐑐𐑮𐑰𐑤𐑨𐑐𐑕𐑺𐑾𐑯	priːlapseərɪən	AJ0	RSSB	89	shave_says:𐑐𐑮𐑰𐑤𐑨𐑐𐑕𐑺𐑦𐑩𐑯
premenstrual	𐑐𐑮𐑰𐑥𐑧𐑯𐑟𐑑𐑮𐑩𐑤	priːˈmenztrəl	AJ0	GenAm	89	shave_says:𐑐𐑮𐑰𐑥𐑧𐑯𐑕𐑑𐑮𐑫𐑩𐑤
prescriptivism	𐑐𐑮𐑩𐑕𐑒𐑮𐑦𐑐𐑑𐑦𐑝𐑦𐑟𐑩𐑥	prəˈskrɪptɪvɪzəm	NN1	GenAm	89	shave_says:𐑐𐑮𐑦𐑕𐑒𐑮𐑦𐑐𐑑𐑦𐑝𐑦𐑟𐑩𐑥
preterist	𐑐𐑮𐑧𐑑𐑼𐑦𐑕𐑑	pretərɪst	NN1	RSSB	89	shave_says:[𐑐𐑮𐑰𐑑𐑼𐑦𐑕𐑑 / 𐑐𐑮𐑰𐑩𐑑𐑼𐑦𐑕𐑑 / 𐑐𐑮𐑰𐑑𐑧𐑮𐑦𐑕𐑑]
prexy	𐑐𐑮𐑧𐑒𐑕𐑦	ˈpreksi	NN1	RSSB	89	shave_says:𐑐𐑮𐑰𐑧𐑒𐑕𐑦
priapic	𐑐𐑮𐑲𐑨𐑐𐑦𐑒	praɪˈæpɪk	AJ0	RSSB	89	shave_says:𐑐𐑮𐑲𐑩𐑐𐑦𐑒
priapus	𐑐𐑮𐑲𐑱𐑐𐑩𐑕	praɪeɪpəs	NN1	RSSB	89	shave_says:𐑐𐑮𐑲𐑩𐑐𐑩𐑕
pricket	𐑐𐑮𐑦𐑒𐑦𐑑	ˈprɪkɪt	NN1	RSSB	89	shave_says:𐑐𐑮𐑦𐑒𐑩𐑑
prideful	𐑐𐑮𐑲𐑛𐑓𐑩𐑤	praɪdfəl	AJ0	RSSB	89	shave_says:𐑐𐑮𐑲𐑛𐑓𐑫𐑤
primaquine	𐑐𐑮𐑦𐑥𐑩𐑒𐑢𐑦𐑯	prɪməkwɪn	NN1	RSSB	89	shave_says:𐑐𐑮𐑰𐑥𐑩𐑒𐑢𐑰𐑯
primidone	𐑐𐑮𐑦𐑥𐑩𐑛𐑴𐑯	prɪmədəʊn	NN1	RSSB	89	shave_says:𐑐𐑮𐑲𐑥𐑦𐑛𐑢𐑳𐑯
primidone	𐑐𐑮𐑲𐑥𐑩𐑛𐑴𐑯	ˈpraɪməˌdoʊn	NN1	GenAm	89	shave_says:𐑐𐑮𐑲𐑥𐑦𐑛𐑢𐑳𐑯
primigravida	𐑐𐑮𐑲𐑥𐑦𐑜𐑮𐑨𐑝𐑦𐑛𐑩	praɪmɪɡrævɪdə	NN1	RSSB	89	shave_says:𐑐𐑮𐑲𐑥𐑦𐑜𐑮𐑱𐑝𐑦𐑛𐑩
primigravida	𐑐𐑮𐑲𐑥𐑩𐑜𐑮𐑨𐑝𐑦𐑛𐑩	ˌpraɪməˈɡrævɪdə	NN1	GenAm	89	shave_says:𐑐𐑮𐑲𐑥𐑦𐑜𐑮𐑱𐑝𐑦𐑛𐑩
primipara	𐑐𐑮𐑲𐑥𐑦𐑐𐑼𐑩	praɪˈmɪpərə	NN1	GenAm	89	shave_says:𐑐𐑮𐑲𐑥𐑲𐑐𐑼𐑩
prissy	𐑐𐑮𐑦𐑕𐑦	ˈprɪsi	AJ0	RSSB	89	shave_says:⸰⁠𐑐𐑮𐑦𐑕𐑦
probenecid	𐑐𐑮𐑴𐑚𐑧𐑯𐑦𐑕𐑩𐑛	prəʊˈbenɪsƏd	NN1	RSSB	89	shave_says:𐑐𐑮𐑴𐑚𐑧𐑯𐑩𐑕𐑦𐑛
probenecid	𐑐𐑮𐑴𐑚𐑧𐑯𐑩𐑕𐑩𐑛	proʊˈbenəsƏd	NN1	GenAm	89	shave_says:𐑐𐑮𐑴𐑚𐑧𐑯𐑩𐑕𐑦𐑛
progesterone	𐑐𐑮𐑩𐑡𐑧𐑕𐑑𐑼𐑴𐑯	prədʒestərəʊn	NN1	RSSB	89	shave_says:𐑐𐑮𐑴𐑡𐑧𐑕𐑑𐑼𐑴𐑯
proinflammatory	𐑐𐑮𐑴𐑦𐑯𐑓𐑤𐑨𐑥𐑩𐑑𐑮𐑦	prəʊɪnflæmətri	AJ0	RSSB	89	shave_says:𐑐𐑮𐑴𐑦𐑯𐑓𐑤𐑨𐑥𐑩𐑑𐑼𐑦
proinflammatory	𐑐𐑮𐑴𐑦𐑯𐑓𐑤𐑨𐑥𐑩𐑑𐑹𐑦	ˌproʊɪnˈflæməˌtɔːRi	AJ0	GenAm	89	shave_says:𐑐𐑮𐑴𐑦𐑯𐑓𐑤𐑨𐑥𐑩𐑑𐑼𐑦
prolegomenon	𐑐𐑮𐑴𐑤𐑦𐑜𐑪𐑥𐑦𐑯𐑪𐑯	ˌprəʊlɪˈɡɒmɪnɒn	NN1	RSSB	89	shave_says:[𐑐𐑮𐑴𐑤𐑜𐑴𐑥𐑧𐑯𐑩𐑯 / 𐑐𐑮𐑴𐑤𐑧𐑜𐑴𐑥𐑧𐑯𐑩𐑯]
prolegomenon	𐑐𐑮𐑴𐑤𐑦𐑜𐑪𐑥𐑩𐑯𐑪𐑯	ˌproʊlɪˈɡɒmənɒn	NN1	GenAm	89	shave_says:[𐑐𐑮𐑴𐑤𐑜𐑴𐑥𐑧𐑯𐑩𐑯 / 𐑐𐑮𐑴𐑤𐑧𐑜𐑴𐑥𐑧𐑯𐑩𐑯]
proletarianism	𐑐𐑮𐑴𐑤𐑦𐑑𐑧𐑮𐑦𐑩𐑯𐑦𐑟𐑩𐑥	ˌproʊlɪˈteri+ənɪzəm	NN1	GenAm	89	shave_says:𐑐𐑮𐑴𐑤𐑦𐑑𐑺𐑾𐑯𐑦𐑟𐑩𐑥
promethazine	𐑐𐑮𐑩𐑥𐑧𐑔𐑩𐑟𐑰𐑯	prəmeθəziːn	NN1	RSSB	89	shave_says:[𐑐𐑮𐑴𐑥𐑰𐑔𐑱𐑟𐑰𐑯 / 𐑐𐑮𐑴𐑥𐑰𐑔𐑩𐑟𐑰𐑯 / 𐑐𐑮𐑴𐑥𐑧𐑔𐑱𐑟𐑰𐑯]
promethazine	𐑐𐑮𐑴𐑥𐑧𐑔𐑩𐑟𐑰𐑯	proʊˈmeθəˌziːn	NN1	GenAm	89	shave_says:[𐑐𐑮𐑴𐑥𐑰𐑔𐑱𐑟𐑰𐑯 / 𐑐𐑮𐑴𐑥𐑰𐑔𐑩𐑟𐑰𐑯 / 𐑐𐑮𐑴𐑥𐑧𐑔𐑱𐑟𐑰𐑯]
propaedeutic	𐑐𐑮𐑴𐑐𐑰𐑛𐑿𐑑𐑦𐑒	ˌproʊpiːˈdjuːtɪk	AJ0	RSSB	89	shave_says:𐑐𐑮𐑴𐑐𐑰𐑛𐑳𐑑𐑦𐑒
proparoxytone	𐑐𐑮𐑴𐑐𐑼𐑪𐑒𐑕𐑦𐑑𐑴𐑯	proʊpəˈrɒksɪtoʊn	NN1	GenAm	89	shave_says:[𐑐𐑮𐑪𐑐𐑼𐑪𐑒𐑕𐑦𐑑𐑴𐑯 / 𐑐𐑮𐑴𐑐𐑺𐑪𐑒𐑕𐑦𐑑𐑴𐑯 / 𐑐𐑮𐑪𐑐𐑼𐑪𐑒𐑕𐑦𐑑𐑢𐑳𐑯]
propitiative	𐑐𐑮𐑩𐑐𐑦𐑖𐑩𐑑𐑦𐑝	prəpɪʃətɪv	AJ0	RSSB	89	shave_says:𐑐𐑮𐑩𐑐𐑦𐑖𐑦𐑱𐑑𐑦𐑝
propranolol	𐑐𐑮𐑴𐑐𐑮𐑨𐑯𐑩𐑤𐑪𐑤	proʊˈprænəˌlɒl	NN1	GenAm	89	shave_says:[𐑐𐑮𐑴𐑐𐑮𐑨𐑯𐑴𐑤𐑩𐑤 / 𐑐𐑮𐑪𐑐𐑮𐑩𐑯𐑴𐑤𐑩𐑤 / 𐑐𐑮𐑪𐑐𐑮𐑩𐑯𐑩𐑤𐑩𐑤 / 𐑐𐑮𐑪𐑐𐑮𐑩𐑯𐑴𐑤𐑴𐑤]
proprioception	𐑐𐑮𐑴𐑐𐑮𐑦𐑴𐑕𐑧𐑐𐑖𐑩𐑯	ˌproʊprioʊˈsepʃən	NN1	GenAm	89	shave_says:[𐑐𐑮𐑪𐑐𐑮𐑦𐑪𐑒𐑧𐑐𐑑𐑦𐑩𐑯 / 𐑐𐑮𐑴𐑐𐑮𐑲𐑪𐑒𐑧𐑐𐑑𐑦𐑩𐑯]
propylthiouracil	𐑐𐑮𐑴𐑐𐑲𐑤𐑔𐑲𐑴𐑘𐑫𐑼𐑩𐑕𐑦𐑤	prəʊpaɪlθaɪ+əʊjʊərəsɪl	NN1	RSSB	89	shave_says:[𐑐𐑮𐑴𐑐𐑦𐑤𐑔𐑲𐑴𐑘𐑫𐑼𐑩𐑕𐑦𐑤 / 𐑐𐑮𐑪𐑐𐑦𐑤𐑔𐑦𐑼𐑩𐑕𐑦𐑤]
propylthiouracil	𐑐𐑮𐑴𐑐𐑩𐑤𐑔𐑲𐑴𐑘𐑫𐑮𐑩𐑕𐑦𐑤	ˌproʊpəlˌθaɪoʊˈjʊrəˌsɪl	NN1	GenAm	89	shave_says:[𐑐𐑮𐑴𐑐𐑦𐑤𐑔𐑲𐑴𐑘𐑫𐑼𐑩𐑕𐑦𐑤 / 𐑐𐑮𐑪𐑐𐑦𐑤𐑔𐑦𐑼𐑩𐑕𐑦𐑤]
prosciutto	𐑐𐑮𐑩𐑖𐑵𐑑𐑴	prəˈʃuːtoʊ	NN1	GenAm	89	shave_says:𐑐𐑮𐑴𐑖𐑵𐑑𐑴
prosodic	𐑐𐑮𐑩𐑟𐑪𐑛𐑦𐑒	prəzɒdɪk	AJ0	RSSB	89	shave_says:[𐑐𐑮𐑴𐑟𐑪𐑛𐑦𐑒 / 𐑐𐑮𐑴𐑟𐑴𐑛𐑦𐑒 / 𐑐𐑮𐑴𐑕𐑴𐑛𐑦𐑒]
prostaglandin	𐑐𐑮𐑪𐑕𐑑𐑩𐑜𐑤𐑨𐑯𐑛𐑦𐑯	prɒstəɡlændɪn	NN1	RSSB	89	shave_says:[𐑐𐑮𐑪𐑕𐑑𐑨𐑜𐑤𐑩𐑯𐑛𐑦𐑯 / 𐑐𐑮𐑴𐑕𐑑𐑨𐑜𐑤𐑩𐑯𐑛𐑦𐑯]
protease	𐑐𐑮𐑴𐑑𐑦𐑱𐑟	ˈprəʊtɪeɪz	NN1	RSSB	89	shave_says:[𐑐𐑮𐑴𐑑𐑱𐑕 / 𐑐𐑮𐑴𐑑𐑰𐑟]
protectiveness	𐑐𐑮𐑧𐑑𐑧𐑒𐑑𐑦𐑝𐑯𐑩𐑕	pretektɪvnəs	NN1	RSSB	89	shave_says:𐑐𐑮𐑩𐑑𐑧𐑒𐑑𐑦𐑝𐑯𐑩𐑕
proteome	𐑐𐑮𐑴𐑑𐑾𐑫𐑥	prəʊtɪəʊm	NN1	RSSB	89	shave_says:𐑐𐑮𐑴𐑑𐑦𐑴𐑥
protoplast	𐑐𐑮𐑴𐑑𐑩𐑐𐑤𐑨𐑕𐑑	prəʊtəplast	NN1	RSSB	89	shave_says:[𐑐𐑮𐑴𐑑𐑴𐑐𐑤𐑨𐑕𐑑 / 𐑐𐑮𐑴𐑑𐑐𐑤𐑭𐑕𐑑 / 𐑐𐑮𐑴𐑑𐑴𐑐𐑤𐑭𐑕𐑑 / 𐑐𐑮𐑴𐑑𐑪𐑐𐑤𐑨𐑕𐑑]
prototherian	𐑐𐑮𐑴𐑑𐑫𐑔𐑽𐑦𐑩𐑯	proʊtʊθɪəri+ən	NN1	RSSB	89	shave_says:[𐑐𐑮𐑴𐑑𐑴𐑞𐑺𐑦𐑩𐑯 / 𐑐𐑮𐑴𐑑𐑪𐑔𐑺𐑦𐑩𐑯 / 𐑐𐑮𐑴𐑑𐑪𐑔𐑺𐑦𐑩𐑯 / 𐑐𐑮𐑴𐑑𐑪𐑔𐑽𐑦𐑩𐑯 / 𐑐𐑮𐑴𐑑𐑪𐑔𐑼𐑦𐑩𐑯]
prototypical	𐑐𐑮𐑴𐑑𐑩𐑑𐑦𐑐𐑦𐑒𐑩𐑤	ˌproʊtəˈtɪpɪkəl	AJ0	GenAm	89	shave_says:[𐑐𐑮𐑴𐑑𐑴𐑑𐑦𐑐𐑦𐑒𐑩𐑤 / 𐑐𐑮𐑴𐑑𐑴𐑑𐑲𐑐𐑦𐑒𐑩𐑤 / 𐑐𐑮𐑴𐑑𐑑𐑲𐑐𐑦𐑒𐑩𐑤]
proustian	𐑐𐑮𐑫𐑕𐑑𐑦𐑩𐑯	ˈprusti+ən	AJ0	GenAm	89	shave_says:[𐑐𐑮𐑵𐑕𐑑𐑦𐑩𐑯 / 𐑐𐑮𐑴𐑵𐑕𐑑𐑦𐑩𐑯]
prurigo	𐑐𐑮𐑫𐑼𐑲𐑜𐑴	prʊəraɪɡəʊ	NN1	RSSB	89	shave_says:𐑐𐑮𐑫𐑼𐑦𐑜𐑴
pruritus	𐑐𐑮𐑵𐑮𐑲𐑑𐑩𐑕	pruːraɪtəs	NN1	RSSB	89	shave_says:𐑐𐑮𐑼𐑲𐑑𐑩𐑕
pseudepigrapha	𐑕𐑵𐑛𐑩𐑐𐑦𐑜𐑮𐑩𐑓𐑩	ˌsuːdəˈpɪɡrəfə	NN1	GenAm	89	shave_says:𐑕𐑿𐑛𐑧𐑐𐑦𐑜𐑮𐑭𐑓𐑰𐑩
pseudoephedrine	𐑕𐑿𐑛𐑴𐑧𐑓𐑩𐑛𐑮𐑰𐑯	sjuːdəʊefədriːn	NN1	RSSB	89	shave_says:[𐑕𐑿𐑛𐑴𐑦𐑓𐑧𐑛𐑮𐑦𐑯 / 𐑕𐑿𐑛𐑴𐑐𐑣𐑰𐑛𐑮𐑰𐑯]
pseudoephedrine	𐑕𐑫𐑛𐑴𐑦𐑓𐑧𐑛𐑮𐑦𐑯	sudoʊɪˈfedrɪn	NN1	GenAm	89	shave_says:[𐑕𐑿𐑛𐑴𐑦𐑓𐑧𐑛𐑮𐑦𐑯 / 𐑕𐑿𐑛𐑴𐑐𐑣𐑰𐑛𐑮𐑰𐑯]
pseudopod	𐑕𐑵𐑛𐑩𐑐𐑪𐑛	ˈsuːdəpɒd	NN1	RSSB	89	shave_says:𐑕𐑿𐑛𐑴𐑐𐑪𐑛
psi	𐑐𐑕𐑲	psaɪ	NN1	RSSB	89	shave_says:𐑕𐑲
psilophyte	𐑕𐑲𐑤𐑩𐑓𐑲𐑑	ˈsaɪləˌfaɪt	NN1	GenAm	89	shave_says:𐑕𐑲𐑤𐑴𐑓𐑲𐑑
psoas	𐑕𐑴𐑩𐑕	ˈsoʊəs	NN1	GenAm	89	shave_says:𐑐𐑕𐑴𐑩𐑕
psychically	𐑕𐑲𐑒𐑦𐑒𐑤𐑦	ˈsaɪkɪkli	AV0	RSSB	89	shave_says:𐑕𐑲𐑒𐑦𐑒𐑩𐑤𐑦
psychobabble	𐑕𐑲𐑒𐑴𐑚𐑨𐑚𐑤	ˈsaɪkəʊbabl	NN1	RSSB	89	shave_says:[𐑕𐑲𐑒𐑴𐑚𐑨𐑚𐑩𐑤 / 𐑕𐑲𐑒𐑴𐑚𐑩𐑚𐑩𐑤]
psychogenic	𐑕𐑲𐑒𐑪𐑡𐑧𐑯𐑦𐑒	ˌsaɪkɒˈdʒenɪk	AJ0	RSSB	89	shave_says:[𐑕𐑲𐑒𐑩𐑡𐑧𐑯𐑦𐑒 / 𐑕𐑲𐑒𐑴𐑡𐑧𐑯𐑦𐑒 / 𐑕𐑲𐑒𐑩𐑡𐑩𐑯𐑦𐑒 / 𐑕𐑲𐑒𐑦𐑩𐑡𐑧𐑯𐑦𐑒]
psychoneurotic	𐑕𐑲𐑒𐑴𐑯𐑘𐑼𐑪𐑑𐑦𐑒	saɪkəʊnjəˈrɒtɪk	AJ0	RSSB	89	shave_says:[𐑕𐑲𐑒𐑴𐑯𐑘𐑫𐑼𐑪𐑑𐑦𐑒 / 𐑕𐑲𐑒𐑩𐑯𐑻𐑪𐑑𐑦𐑒 / 𐑕𐑲𐑒𐑩𐑯𐑻𐑴𐑑𐑦𐑒]
psychopathological	𐑕𐑲𐑒𐑴𐑐𐑨𐑔𐑩𐑤𐑪𐑡𐑦𐑒𐑤	saɪkəʊˌpæθəˈlɒdʒɪkl	AJ0	RSSB	89	shave_says:𐑕𐑲𐑒𐑴𐑐𐑨𐑔𐑩𐑤𐑪𐑡𐑦𐑒𐑩𐑤
psychopathological	𐑕𐑲𐑒𐑴𐑐𐑨𐑔𐑩𐑤𐑭𐑡𐑦𐑒𐑤	saɪkoʊˌpæθəˈlɑːdʒɪkl	AJ0	GenAm	89	shave_says:𐑕𐑲𐑒𐑴𐑐𐑨𐑔𐑩𐑤𐑪𐑡𐑦𐑒𐑩𐑤
psychopathology	𐑕𐑲𐑒𐑪𐑐𐑩𐑔𐑪𐑤𐑩𐑡𐑦	ˌsaɪkɒpəˈθɒlədʒɪ	NN1	RSSB	89	shave_says:[𐑕𐑲𐑒𐑴𐑐𐑩𐑔𐑪𐑤𐑩𐑡𐑦 / 𐑕𐑲𐑒𐑴𐑐𐑨𐑔𐑪𐑤𐑩𐑡𐑦 / 𐑕𐑲𐑒𐑴𐑐𐑨𐑔𐑩𐑤𐑪𐑜𐑦]
pteridophyte	𐑑𐑦𐑮𐑦𐑛𐑩𐑓𐑲𐑑	tɪrɪdəfaɪt	NN1	RSSB	89	shave_says:𐑐𐑮𐑲𐑝𐑩𐑑𐑼𐑰𐑛𐑴𐑓𐑲𐑑
pteridophyte	𐑑𐑼𐑦𐑛𐑩𐑓𐑲𐑑	təˈrɪdəˌfaɪt	NN1	GenAm	89	shave_says:𐑐𐑮𐑲𐑝𐑩𐑑𐑼𐑰𐑛𐑴𐑓𐑲𐑑
pterion	𐑑𐑧𐑮𐑾𐑯	terɪən	NN1	RSSB	89	shave_says:𐑐𐑮𐑲𐑝𐑩𐑑𐑼𐑦𐑩𐑯
ptolemaic	𐑑𐑪𐑤𐑩𐑥𐑱𐑦𐑒	ˌtɒləˈmeɪɪk	AJ0	GenAm	89	shave_says:[𐑑𐑪𐑤𐑧𐑥𐑱𐑦𐑒 / 𐑑𐑪𐑤𐑧𐑥𐑩𐑦𐑒]
ptosis	𐑑𐑴𐑕𐑦𐑕	ˈtoʊsɪs	NN1	GenAm	89	shave_says:𐑐𐑰𐑑𐑰𐑴𐑕𐑦𐑕
pubes	𐑐𐑿𐑚𐑦𐑟	pjuːbiz	NN1	RSSB	89	shave_says:𐑐𐑿𐑚𐑟
pubis	𐑐𐑘𐑫𐑚𐑦𐑕	ˈpjubɪs	NN1	RSSB	89	shave_says:[𐑐𐑿𐑚𐑦𐑕 / 𐑐𐑳𐑚𐑦𐑕 / 𐑐𐑿𐑚𐑦𐑟]
puccoon	𐑐𐑳𐑒𐑵𐑯	pʌˈkuːn	NN1	RSSB	89	shave_says:𐑐𐑵𐑗𐑵𐑯
puerpera	𐑐𐑿𐑻𐑐𐑼𐑩	pjuːɜːRpərə	NN1	RSSB	89	shave_says:𐑐𐑿𐑼𐑐𐑼𐑩
puerperium	𐑐𐑵𐑻𐑐𐑰𐑮𐑦𐑩𐑥	puːɜːRpiːri+əm	NN1	RSSB	89	shave_says:[𐑐𐑿𐑼𐑐𐑼𐑦𐑩𐑥 / 𐑐𐑿𐑼𐑐𐑼𐑦𐑵𐑥]
pula	𐑐𐑫𐑤𐑩	pʊlə	NN1	RSSB	89	shave_says:𐑐𐑿𐑤𐑩
pula	𐑐𐑵𐑤𐑭	puːlɑː	NN1	GenAm	89	shave_says:𐑐𐑿𐑤𐑩
punjabi	𐑐𐑳𐑯𐑡𐑭𐑚𐑦	pʌnˈdʒɑːbi	NN1	RSSB	89	shave_says:𐑐𐑫𐑯𐑡𐑭𐑚𐑦
purlieu	𐑐𐑻𐑤𐑫	ˈpɜːRlu	NN1	GenAm	89	shave_says:𐑐𐑻𐑤𐑿
putrefacient	𐑐𐑘𐑫𐑑𐑮𐑩𐑓𐑱𐑖𐑩𐑯𐑑	ˌpjutrəˈfeɪʃənt	AJ0	GenAm	89	shave_says:𐑐𐑿𐑑𐑮𐑧𐑓𐑩𐑕𐑦𐑩𐑯𐑑
pyralid	𐑐𐑲𐑮𐑨𐑤𐑩𐑛	paɪˈralƏd	NN1	RSSB	89	shave_says:[𐑐𐑲𐑼𐑩𐑤𐑦𐑛 / 𐑐𐑲𐑮𐑭𐑤𐑦𐑛]
pyrethrum	𐑐𐑲𐑮𐑰𐑔𐑮𐑩𐑥	paɪˈriːθrəm	NN1	GenAm	89	shave_says:[𐑐𐑲𐑮𐑰𐑔𐑮𐑳𐑥 / 𐑐𐑲𐑼𐑩𐑔𐑮𐑩𐑥 / 𐑐𐑲𐑼𐑩𐑔𐑮𐑵𐑥]
pyridoxine	𐑐𐑦𐑮𐑦𐑛𐑪𐑒𐑕𐑦𐑯	ˌpɪrɪˈdɒksɪn	NN1	RSSB	89	shave_says:[𐑐𐑲𐑼𐑦𐑛𐑪𐑒𐑕𐑰𐑯 / 𐑐𐑲𐑮𐑲𐑛𐑪𐑒𐑕𐑰𐑯]
pyrimidine	𐑐𐑲𐑮𐑦𐑥𐑦𐑛𐑰𐑯	paɪˈrɪmɪˌdiːn	NN1	RSSB	89	shave_says:[𐑐𐑲𐑼𐑦𐑥𐑦𐑛𐑰𐑯 / 𐑐𐑲𐑮𐑲𐑥𐑦𐑛𐑰𐑯]
pyrolysis	𐑐𐑦𐑮𐑪𐑤𐑦𐑕𐑦𐑕	pɪˈrɒlɪsɪs	NN1	RSSB	89	shave_says:[𐑐𐑲𐑼𐑪𐑤𐑦𐑕𐑦𐑕 / 𐑐𐑲𐑮𐑴𐑤𐑲𐑕𐑦𐑕 / 𐑐𐑲𐑮𐑴𐑤𐑦𐑟𐑦𐑕 / 𐑐𐑲𐑮𐑴𐑤𐑦𐑟𐑦𐑟]
pyromania	𐑐𐑲𐑮𐑩𐑥𐑱𐑯𐑾	paɪrəmeɪnɪə	NN1	RSSB	89	shave_says:𐑐𐑲𐑮𐑴𐑥𐑱𐑯𐑾
pyroxene	𐑐𐑲𐑮𐑪𐑒𐑕𐑰𐑯	paɪˈrɒksiːn	NN1	RSSB	89	shave_says:𐑐𐑲𐑮𐑴𐑟𐑰𐑯
pyroxene	𐑐𐑲𐑮𐑪𐑒𐑕𐑦𐑯	paɪˈrɒksin	NN1	GenAm	89	shave_says:𐑐𐑲𐑮𐑴𐑟𐑰𐑯
pyrrhotite	𐑐𐑦𐑮𐑩𐑑𐑲𐑑	pɪrətaɪt	NN1	RSSB	89	shave_says:[𐑐𐑦𐑮𐑴𐑑𐑲𐑑 / 𐑐𐑦𐑮𐑪𐑑𐑲𐑑]
pythagoras	𐑐𐑦𐑔𐑨𐑜𐑼𐑩𐑕	pɪˈθæɡərəs	NN1	GenAm	89	shave_says:𐑐𐑲𐑔𐑨𐑜𐑼𐑩𐑕
qoph	𐑒𐑪𐑓	kɒf	NN1	RSSB	89	
quadrature	𐑒𐑢𐑪𐑛𐑮𐑩𐑑𐑘𐑫𐑼	kwɒdrətjʊəR	NN1	RSSB	89	shave_says:[𐑒𐑢𐑪𐑛𐑸𐑱𐑗𐑼 / 𐑒𐑢𐑪𐑛𐑮𐑩𐑗𐑼]
quadrennium	𐑒𐑢𐑭𐑛𐑮𐑧𐑯𐑘𐑩𐑥	kwɑːdrenːjəm	NN1	RSSB	89	shave_says:[𐑒𐑢𐑪𐑛𐑮𐑧𐑯𐑦𐑩𐑥 / 𐑒𐑢𐑪𐑛𐑮𐑩𐑯𐑦𐑩𐑥 / 𐑒𐑢𐑪𐑛𐑮𐑩𐑯𐑦𐑵𐑥]
quadrillionth	𐑒𐑢𐑪𐑛𐑮𐑦𐑤𐑦𐑩𐑯𐑔	kwɒdrɪli+ənθ	AJ0	RSSB	89	shave_says:𐑒𐑢𐑪𐑛𐑮𐑦𐑤𐑘𐑩𐑯𐑔
quadriplegia	𐑒𐑢𐑪𐑛𐑮𐑦𐑐𐑤𐑰𐑡𐑩	ˌkwɒdrɪˈpliːdʒə	NN1	GenAm	89	shave_says:𐑒𐑢𐑪𐑛𐑮𐑦𐑐𐑤𐑰𐑡𐑦𐑩
quaestor	𐑒𐑢𐑰𐑕𐑑𐑼	ˈkwiːstəR	NN1	GenAm	89	shave_says:𐑒𐑢𐑧𐑕𐑑𐑼
quaggy	𐑒𐑢𐑪𐑜𐑦	ˈkwɒɡi	AJ0	RSSB	89	shave_says:𐑒𐑱𐑨𐑜𐑦
quahog	𐑒𐑴𐑣𐑪𐑜	ˈkəʊhɒɡ	NN1	RSSB	89	shave_says:𐑒𐑢𐑭𐑣𐑪𐑜
quahog	𐑒𐑢𐑪𐑣𐑪𐑜	ˈkwɒhɒɡ	NN1	GenAm	89	shave_says:𐑒𐑢𐑭𐑣𐑪𐑜
quandong	𐑒𐑢𐑨𐑯𐑛𐑪𐑙	ˈkwandɒŋ	NN1	RSSB	89	shave_says:𐑒𐑢𐑭𐑯𐑛𐑪𐑙
quarreler	𐑒𐑢𐑷𐑮𐑩𐑤𐑻	kwɔrəlɜːR	NN1	RSSB	89	shave_says:𐑒𐑢𐑪𐑮𐑩𐑤𐑼
quartile	𐑒𐑢𐑹𐑑𐑲𐑤	kwɔːRtaɪl	NN1	RSSB	89	shave_says:𐑒𐑢𐑸𐑑𐑲𐑤
quartzite	𐑒𐑹𐑑𐑕𐑲𐑑	ˈkɔːRtˌsaɪt	NN1	GenAm	89	shave_says:𐑒𐑢𐑹𐑑𐑕𐑲𐑑
quasi	𐑒𐑢𐑱𐑟𐑲	ˈkweɪzaɪ	AJ0	RSSB	89	shave_says:[𐑒𐑢𐑭𐑟𐑦 / 𐑒𐑱𐑱𐑕𐑦]
quasi	𐑒𐑢𐑪𐑟𐑦	ˈkwɒzi	AJ0	GenAm	89	shave_says:[𐑒𐑢𐑭𐑟𐑦 / 𐑒𐑱𐑱𐑕𐑦]
quechua	𐑒𐑧𐑗𐑢𐑩	ˈketʃwə	NN1	RSSB	89	shave_says:𐑒𐑧𐑗𐑵𐑩
queen-size	𐑒𐑢𐑰𐑯𐑕𐑲𐑟	ˈkwiːnsaɪz	AJ0	RSSB	89	shave_says:𐑒𐑢𐑰𐑯-𐑕𐑲𐑟
quesadilla	𐑒𐑱𐑕𐑩𐑛𐑰𐑘𐑩	ˌkeɪsəˈdiːjə	NN1	RSSB	89	shave_says:𐑒𐑱𐑕𐑩𐑛𐑦𐑩
quesadilla	𐑒𐑱𐑕𐑩𐑛𐑰𐑩	ˌkeɪsəˈdiːə	NN1	GenAm	89	shave_says:𐑒𐑱𐑕𐑩𐑛𐑦𐑩
quidnunc	𐑒𐑢𐑦𐑛𐑯𐑳𐑙𐑒	ˈkwɪdˌnʌŋk	NN1	RSSB	89	
quiesce	𐑒𐑢𐑦𐑧𐑕	kwiˈes	VVI	RSSB	89	
quine	𐑒𐑢𐑲𐑯	kwaɪn	NN1	GenAm	89	shave_says:[𐑒𐑱𐑰𐑯 / 𐑒𐑢𐑰𐑯]
quintessential	𐑒𐑢𐑦𐑯𐑑𐑩𐑕𐑧𐑯𐑖𐑩𐑤	ˌkwɪntəˈsenʃəl	AJ0	RSSB	89	shave_says:[𐑒𐑢𐑦𐑯𐑑𐑧𐑕𐑧𐑯𐑖𐑩𐑤 / 𐑒𐑢𐑦𐑯𐑑𐑧𐑕𐑩𐑯𐑑𐑦𐑩𐑤]
quintillion	𐑒𐑢𐑦𐑯𐑑𐑦𐑤𐑦𐑤𐑘𐑩𐑯	kwɪnˈtɪlɪljən	NN1	RSSB	89	shave_says:[𐑒𐑢𐑦𐑯𐑑𐑦𐑤𐑘𐑩𐑯 / 𐑒𐑢𐑦𐑯𐑑𐑦𐑤𐑦𐑩𐑯]
quintillionth	𐑒𐑢𐑦𐑯𐑑𐑦𐑤𐑦𐑩𐑯𐑔	kwɪnˈtɪli+ənθ	AJ0	RSSB	89	shave_says:𐑒𐑢𐑦𐑯𐑑𐑦𐑤𐑘𐑩𐑯𐑔
quipu	𐑒𐑦𐑐𐑫	ˈkipu	NN1	RSSB	89	shave_says:𐑒𐑰𐑐𐑵
quirt	𐑒𐑢𐑼𐑑	kwəRt	NN1	GenAm	89	shave_says:[𐑒𐑱𐑻𐑑 / 𐑒𐑢𐑻𐑑]
quitclaim	𐑒𐑢𐑦𐑑𐑒𐑤𐑱𐑥	ˈkwɪtkleɪm	NN1	RSSB	89	shave_says:𐑒𐑢𐑦𐑑𐑒𐑤𐑩𐑦𐑥
quixotism	𐑒𐑢𐑦𐑒𐑕𐑩𐑑𐑦𐑟𐑥	ˈkwɪksəˌtɪzm	NN1	RSSB	89	shave_says:𐑒𐑦𐑣𐑴𐑑𐑦𐑟𐑩𐑥
rabbinate	𐑮𐑨𐑚𐑦𐑯𐑩𐑑	ræbɪnət	NN1	RSSB	89	shave_says:[𐑮𐑨𐑚𐑦𐑯𐑱𐑑 / 𐑮𐑨𐑚𐑰𐑯𐑱𐑑]
racemose	𐑮𐑨𐑕𐑩𐑥𐑴𐑟	ræsəməʊz	AJ0	RSSB	89	shave_says:[𐑮𐑨𐑕𐑰𐑥𐑴𐑕 / 𐑮𐑱𐑕𐑥𐑴𐑟 / 𐑮𐑱𐑕𐑩𐑥𐑴𐑕]
rachis	𐑮𐑱𐑒𐑦𐑕	ˈreɪkɪs	NN1	RSSB	89	shave_says:[𐑮𐑨𐑒𐑦𐑕 / 𐑮𐑨𐑒𐑦𐑟 / 𐑮𐑭𐑣𐑒𐑧𐑦𐑕]
rachitic	𐑮𐑩𐑒𐑦𐑑𐑦𐑒	rəkɪtɪk	AJ0	RSSB	89	shave_says:[𐑮𐑨𐑒𐑦𐑑𐑦𐑒 / 𐑮𐑨𐑒𐑲𐑑𐑦𐑒 / 𐑮𐑭𐑣𐑒𐑧𐑦𐑑𐑦𐑒]
rachitis	𐑮𐑩𐑒𐑲𐑑𐑦𐑕	rəkaɪtɪs	NN1	RSSB	89	shave_says:[𐑮𐑨𐑒𐑲𐑑𐑦𐑕 / 𐑮𐑨𐑒𐑦𐑑𐑦𐑕 / 𐑮𐑭𐑣𐑒𐑧𐑲𐑑𐑦𐑕 / 𐑮𐑨𐑒𐑲𐑑𐑦𐑟]
radicchio	𐑮𐑩𐑛𐑰𐑒𐑘𐑴	rəˈdiːkjoʊ	NN1	GenAm	89	shave_says:𐑮𐑨𐑛𐑦𐑒𐑗𐑦𐑴
radiotelegraphy	𐑮𐑱𐑛𐑦𐑴𐑑𐑩𐑤𐑧𐑜𐑮𐑩𐑓𐑦	reɪdi+əʊtəleɡrəfi	NN1	RSSB	89	shave_says:[𐑮𐑱𐑛𐑦𐑴𐑑𐑦𐑤𐑧𐑜𐑮𐑩𐑓𐑦 / 𐑮𐑱𐑛𐑦𐑴𐑑𐑧𐑤𐑧𐑜𐑮𐑩𐑓𐑦]
radix	𐑮𐑱𐑛𐑦𐑒𐑕	reɪdɪks	NN1	RSSB	89	
rakehell	𐑮𐑱𐑒𐑣𐑧𐑤	ˈreɪkhel	NN1	RSSB	89	
rale	𐑮𐑨𐑤	ræl	NN1	GenAm	89	shave_says:𐑮𐑭𐑤
ramekin	𐑮𐑨𐑥𐑒𐑦𐑯	ˈræmkɪn	NN1	RSSB	89	shave_says:𐑮𐑨𐑥𐑦𐑒𐑦𐑯
randomise	𐑮𐑨𐑯𐑛𐑩𐑥𐑭𐑦𐑟	rændəmɑːɪz	VVI	RSSB	89	shave_says:[𐑮𐑨𐑯𐑛𐑩𐑥𐑲𐑟 / 𐑮𐑨𐑯𐑛𐑴𐑥𐑲𐑟]
ranitidine	𐑮𐑨𐑯𐑦𐑑𐑦𐑛𐑰𐑯	raˈnɪtɪdiːn	NN1	RSSB	89	shave_says:𐑮𐑩𐑯𐑦𐑑𐑦𐑛𐑰𐑯
ranula	𐑮𐑨𐑯𐑘𐑩𐑤𐑩	ˈrænjələ	NN1	GenAm	89	shave_says:[𐑮𐑨𐑯𐑿𐑤𐑩 / 𐑮𐑨𐑯𐑵𐑤𐑩]
rappel	𐑮𐑨𐑐𐑧𐑤	ræˈpel	NN1	RSSB	89	shave_says:𐑮𐑩𐑐𐑧𐑤
ratafia	𐑮𐑨𐑑𐑩𐑓𐑰𐑩	rætəfiːə	NN1	RSSB	89	shave_says:[𐑮𐑱𐑑𐑩𐑓𐑲𐑩 / 𐑮𐑭𐑑𐑩𐑓𐑦𐑩]
ratatouille	𐑮𐑨𐑑𐑩𐑑𐑵𐑦	rætətuːi	NN1	RSSB	89	shave_says:𐑮𐑭𐑑𐑭𐑑𐑵𐑦
ratiocinate	𐑮𐑨𐑑𐑦𐑪𐑕𐑩𐑯𐑱𐑑	ˌrætiˈosəˌneɪt	VVI	GenAm	89	shave_says:𐑮𐑨𐑖𐑦𐑪𐑕𐑦𐑯𐑱𐑑
ratiocinative	𐑮𐑨𐑖𐑦𐑪𐑕𐑩𐑯𐑱𐑑𐑦𐑝	ˌræʃɪˈɒsəˌneɪtɪv	AJ0	GenAm	89	shave_says:[𐑮𐑨𐑖𐑦𐑪𐑕𐑦𐑯𐑩𐑑𐑦𐑝 / 𐑮𐑨𐑖𐑦𐑪𐑕𐑦𐑯𐑱𐑑𐑦𐑝 / 𐑮𐑨𐑖𐑦𐑪𐑕𐑦𐑯𐑨𐑑𐑦𐑝 / 𐑮𐑱𐑖𐑦𐑴𐑕𐑰𐑯𐑩𐑑𐑦𐑝]
razzmatazz	𐑮𐑨𐑟𐑥𐑩𐑑𐑨𐑟	ræzmətæz	NN1	RSSB	89	
re-equip	𐑮𐑰𐑦𐑒𐑢𐑦𐑐	riːɪˈkwɪp	VVI	RSSB	89	shave_says:𐑮𐑰-𐑦𐑒𐑢𐑦𐑐
real-time	𐑮𐑰𐑩𐑤𐑑𐑲𐑥	riːəltaɪm	AJ0	RSSB	89	shave_says:𐑮𐑾𐑤-𐑑𐑲𐑥
realign	𐑮𐑰𐑘𐑩𐑤𐑲𐑯	riːjəlaɪn	VVI	RSSB	89	shave_says:𐑮𐑰𐑩𐑤𐑲𐑯
realpolitik	𐑮𐑱𐑭𐑤𐑐𐑪𐑤𐑦𐑑𐑰𐑒	reɪɑːlpɒlɪtiːk	NN1	RSSB	89	shave_says:[𐑮𐑾𐑤𐑐𐑪𐑤𐑦𐑑𐑦𐑒 / 𐑮𐑾𐑤𐑐𐑴𐑤𐑦𐑑𐑦𐑒 / 𐑮𐑾𐑤𐑐𐑴𐑤𐑲𐑑𐑦𐑒 / 𐑮𐑰𐑨𐑤𐑐𐑴𐑤𐑦𐑑𐑦𐑒]
realpolitik	𐑮𐑱𐑪𐑤𐑐𐑴𐑤𐑦𐑑𐑰𐑒	reɪˈɒlpoʊlɪˌtiːk	NN1	GenAm	89	shave_says:[𐑮𐑾𐑤𐑐𐑪𐑤𐑦𐑑𐑦𐑒 / 𐑮𐑾𐑤𐑐𐑴𐑤𐑦𐑑𐑦𐑒 / 𐑮𐑾𐑤𐑐𐑴𐑤𐑲𐑑𐑦𐑒 / 𐑮𐑰𐑨𐑤𐑐𐑴𐑤𐑦𐑑𐑦𐑒]
reata	𐑮𐑦𐑭𐑑𐑩	riɑːtə	NN1	RSSB	89	shave_says:[𐑮𐑰𐑭𐑑𐑩 / 𐑮𐑰𐑱𐑑𐑩 / 𐑮𐑰𐑨𐑑𐑩]
reconstitute	𐑮𐑰𐑒𐑪𐑯𐑕𐑑𐑦𐑑𐑫𐑑	riːˈkɒnstɪˌtut	VVI	GenAm	89	shave_says:𐑮𐑰𐑒𐑪𐑯𐑕𐑑𐑦𐑑𐑿𐑑
recrudescent	𐑮𐑧𐑒𐑮𐑫𐑛𐑧𐑕𐑩𐑯𐑑	rekrudesənt	AJ0	RSSB	89	shave_says:𐑮𐑰𐑒𐑮𐑵𐑛𐑧𐑕𐑩𐑯𐑑
red-eye	𐑮𐑧𐑛𐑲	ˈredˌaɪ	VVI	GenAm	89	shave_says:𐑮𐑧𐑛-𐑲
redbird	𐑮𐑧𐑛𐑚𐑼𐑛	redbəRd	NN1	RSSB	89	shave_says:𐑮𐑧𐑛𐑚𐑻𐑛
redemptory	𐑮𐑦𐑛𐑧𐑥𐑑𐑼𐑦	rɪdemtəri	AJ0	RSSB	89	shave_says:𐑮𐑧𐑛𐑧𐑥𐑐𐑑𐑼𐑦
reductase	𐑮𐑦𐑛𐑳𐑒𐑑𐑱𐑟	rɪˈdʌkteɪz	NN1	RSSB	89	shave_says:[𐑮𐑦𐑛𐑳𐑒𐑑𐑱𐑕 / 𐑮𐑰𐑛𐑳𐑒𐑑𐑱𐑕]
reduviid	𐑮𐑦𐑛𐑿𐑝𐑦𐑦𐑛	rɪˈdjuːviɪd	NN1	RSSB	89	shave_says:𐑮𐑰𐑛𐑵𐑝𐑦𐑦𐑛
reduviid	𐑮𐑦𐑛𐑫𐑝𐑦𐑦𐑛	rɪˈduviɪd	NN1	GenAm	89	shave_says:𐑮𐑰𐑛𐑵𐑝𐑦𐑦𐑛
redux	𐑮𐑰𐑛𐑳𐑒𐑕	ˈriːdʌks	AJ0	RSSB	89	
reenact	𐑮𐑦𐑦𐑯𐑨𐑒𐑑	riɪnækt	VVI	RSSB	89	shave_says:𐑮𐑰𐑦𐑯𐑨𐑒𐑑
regorge	𐑮𐑦𐑜𐑹𐑡	rɪɡɔːRdʒ	VVI	RSSB	89	shave_says:𐑮𐑰𐑜𐑹𐑡
reification	𐑮𐑱𐑩𐑓𐑩𐑒𐑱𐑖𐑩𐑯	reɪəfəkeɪʃən	NN1	RSSB	89	shave_says:[𐑮𐑰𐑦𐑓𐑦𐑒𐑱𐑖𐑩𐑯 / 𐑮𐑰𐑦𐑓𐑦𐑒𐑭𐑑𐑦𐑩𐑯 / 𐑮𐑰𐑦𐑓𐑦𐑒𐑩𐑑𐑦𐑩𐑯]
reify	𐑮𐑰𐑩𐑓𐑲	riːəfaɪ	VVI	RSSB	89	shave_says:[𐑮𐑰𐑦𐑓𐑲 / 𐑮𐑱𐑓𐑦]
reiter	𐑮𐑲𐑑𐑼	raɪtəR	NN1	RSSB	89	shave_says:[𐑮𐑰𐑦𐑑𐑼 / 𐑮𐑰𐑲𐑑𐑼]
remediate	𐑮𐑩𐑥𐑰𐑛𐑦𐑱𐑑	rəmiːdieɪt	VVI	RSSB	89	shave_says:𐑮𐑦𐑥𐑰𐑛𐑦𐑱𐑑
remindful	𐑮𐑦𐑥𐑲𐑯𐑛𐑓𐑤	rɪˈmaɪndfl	AJ0	RSSB	89	shave_says:𐑮𐑰𐑥𐑲𐑯𐑛𐑓𐑩𐑤
remora	𐑮𐑦𐑥𐑹𐑩	rɪmɔːrə	NN1	RSSB	89	shave_says:[𐑮𐑰𐑥𐑹𐑩 / 𐑮𐑧𐑥𐑼𐑩]
remotion	𐑮𐑦𐑥𐑴𐑖𐑩𐑯	rɪməʊʃən	NN1	RSSB	89	shave_says:𐑮𐑰𐑥𐑴𐑖𐑩𐑯
remuda	𐑮𐑩𐑥𐑵𐑛𐑩	rəmuːdə	NN1	RSSB	89	shave_says:𐑮𐑰𐑥𐑳𐑛𐑩
reniform	𐑮𐑰𐑯𐑦𐑓𐑹𐑥	riːnɪfɔːRm	AJ0	RSSB	89	shave_says:[𐑮𐑧𐑯𐑦𐑓𐑹𐑥 / 𐑮𐑰𐑯𐑰𐑓𐑹𐑥 / 𐑮𐑧𐑯𐑦𐑓𐑼𐑥]
renin	𐑮𐑰𐑯𐑦𐑯	ˈriːnɪn	NN1	GenAm	89	shave_says:𐑮𐑧𐑯𐑦𐑯
reno	𐑮𐑧𐑯𐑴	renoʊ	NN1	RSSB	89	shave_says:𐑮𐑩𐑯𐑱𐑴
rent-seeking	𐑮𐑧𐑯𐑑𐑕𐑰𐑒𐑦𐑙	rentsiːkɪŋ	NN1	RSSB	89	shave_says:𐑮𐑧𐑯𐑑-𐑕𐑰𐑒𐑦𐑙
repechage	𐑮𐑧𐑐𐑩𐑖𐑭𐑠	repəʃɑːʒ	NN1	RSSB	89	shave_says:𐑮𐑧𐑐𐑦𐑖𐑭𐑠
repechage	𐑮𐑧𐑐𐑩𐑖𐑪𐑠	ˌrepəˈʃɒʒ	NN1	GenAm	89	shave_says:𐑮𐑧𐑐𐑦𐑖𐑭𐑠
reposit	𐑮𐑦𐑐𐑪𐑟𐑦𐑑	rɪˈpɒzɪt	VVI	RSSB	89	shave_says:𐑮𐑦𐑐𐑴𐑟𐑦𐑑
reprise	𐑮𐑦𐑐𐑮𐑰𐑟	rɪˈpriːz	VVI	RSSB	89	shave_says:𐑮𐑦𐑐𐑮𐑲𐑟
requiescat	𐑮𐑧𐑒𐑢𐑦𐑧𐑕𐑒𐑨𐑑	ˌrekwiˈeskæt	NN1	GenAm	89	shave_says:𐑮𐑧𐑒𐑢𐑦𐑧𐑕𐑒𐑭𐑑
reschedule	𐑮𐑰𐑖𐑧𐑛𐑿𐑤	riːˈʃedjuːl	VVI	RSSB	89	shave_says:𐑮𐑰𐑖𐑧𐑡𐑵𐑤
reschedule	𐑮𐑰𐑕𐑒𐑧𐑡𐑫𐑤	riːˈskedʒʊl	VVI	GenAm	89	shave_says:𐑮𐑰𐑖𐑧𐑡𐑵𐑤
reseda	𐑮𐑦𐑕𐑰𐑛𐑩	rɪsiːdə	NN1	RSSB	89	shave_says:[𐑮𐑧𐑟𐑛𐑩 / 𐑮𐑰𐑕𐑧𐑛𐑩]
reseda	𐑮𐑩𐑕𐑰𐑛𐑩	rəˈsiːdə	NN1	GenAm	89	shave_says:[𐑮𐑧𐑟𐑛𐑩 / 𐑮𐑰𐑕𐑧𐑛𐑩]
reserpine	𐑮𐑦𐑕𐑻𐑐𐑰𐑯	rɪˈsɜːRˌpiːn	NN1	GenAm	89	shave_says:𐑮𐑰𐑕𐑼𐑐𐑰𐑯
resh	𐑮𐑧𐑖	reʃ	NN1	RSSB	89	shave_says:𐑮𐑰𐑖
residuum	𐑮𐑧𐑟𐑦𐑛𐑘𐑫𐑳𐑥	reˈzɪdjuʌm	NN1	RSSB	89	shave_says:𐑮𐑦𐑟𐑦𐑡𐑫𐑩𐑥
resile	𐑮𐑦𐑟𐑲𐑤	rɪˈzaɪl	VVI	RSSB	89	shave_says:[𐑮𐑧𐑟𐑦𐑩𐑤 / 𐑮𐑰𐑕𐑲𐑤 / 𐑮𐑧𐑟𐑲𐑤]
resile	𐑮𐑩𐑟𐑲𐑤	rəˈzaɪl	VVI	GenAm	89	shave_says:[𐑮𐑧𐑟𐑦𐑩𐑤 / 𐑮𐑰𐑕𐑲𐑤 / 𐑮𐑧𐑟𐑲𐑤]
restharrow	𐑮𐑧𐑕𐑑𐑣𐑨𐑮𐑴	ˈrestharəʊ	NN1	RSSB	89	shave_says:[𐑮𐑧𐑟𐑔𐑼𐑴 / 𐑮𐑧𐑟𐑔𐑼𐑮𐑴]
rete	𐑮𐑰𐑑𐑦	ˈriːti	NN1	RSSB	89	shave_says:𐑮𐑰𐑑𐑱
retinopathy	𐑮𐑧𐑑𐑦𐑯𐑭𐑐𐑩𐑔𐑦	retɪnɑːpəθi	NN1	RSSB	89	shave_says:[𐑮𐑧𐑑𐑦𐑯𐑴𐑐𐑨𐑔𐑦 / 𐑮𐑧𐑑𐑦𐑯𐑪𐑐𐑩𐑔𐑦 / 𐑮𐑰𐑑𐑲𐑯𐑪𐑐𐑩𐑔𐑦]
retry	𐑮𐑦𐑑𐑮𐑲	riˈtraɪ	VVI	RSSB	89	shave_says:𐑮𐑰𐑑𐑮𐑲
revenant	𐑮𐑧𐑝𐑩𐑯𐑩𐑯𐑑	revənənt	AJ0	RSSB	89	shave_says:[𐑮𐑰𐑝𐑩𐑯𐑩𐑯𐑑 / 𐑮𐑰𐑝𐑰𐑯𐑩𐑯𐑑]
reverberative	𐑮𐑩𐑝𐑻𐑚𐑼𐑩𐑑𐑦𐑝	rəvɜːRbərətɪv	AJ0	RSSB	89	shave_says:𐑮𐑦𐑝𐑻𐑚𐑼𐑱𐑑𐑦𐑝
reverberative	𐑮𐑩𐑝𐑻𐑚𐑼𐑩𐑦𐑑𐑦𐑝	rəˈvɜːRbəˌrəɪtɪv	AJ0	GenAm	89	shave_says:𐑮𐑦𐑝𐑻𐑚𐑼𐑱𐑑𐑦𐑝
rhabdomancy	𐑮𐑨𐑚𐑛𐑩𐑥𐑨𐑯𐑕𐑦	ræbdəmænsi	NN1	RSSB	89	shave_says:𐑮𐑨𐑚𐑛𐑴𐑥𐑨𐑯𐑕𐑲
rhadamanthus	𐑮𐑨𐑛𐑩𐑥𐑨𐑯𐑔𐑩𐑕	rædəmænθəs	NN1	RSSB	89	shave_says:[𐑮𐑭𐑛𐑩𐑥𐑩𐑯𐑑𐑩𐑕 / 𐑮𐑭𐑛𐑩𐑥𐑩𐑯𐑔𐑩𐑕 / 𐑮𐑭𐑛𐑩𐑥𐑩𐑯𐑔𐑵𐑟]
rhombencephalon	𐑮𐑪𐑥𐑚𐑧𐑯𐑒𐑧𐑓𐑩𐑤𐑪𐑯	rɒmbenkefəlɒn	NN1	RSSB	89	shave_says:[𐑮𐑪𐑥𐑚𐑧𐑯𐑒𐑧𐑓𐑩𐑤𐑩𐑯 / 𐑮𐑪𐑥𐑩𐑯𐑕𐑓𐑩𐑤𐑩𐑯]
rhonchus	𐑮𐑪𐑙𐑒𐑩𐑕	ˈrɒŋkəs	NN1	GenAm	89	shave_says:𐑮𐑩𐑯𐑗𐑩𐑕
rhyolite	𐑮𐑲𐑩𐑤𐑲𐑑	raɪ+əlaɪt	NN1	RSSB	89	
riata	𐑮𐑦𐑭𐑑𐑩	rɪɑːtə	NN1	RSSB	89	shave_says:[𐑮𐑲𐑭𐑑𐑩 / 𐑮𐑰𐑭𐑑𐑩 / 𐑮𐑲𐑱𐑑𐑩 / 𐑮𐑲𐑨𐑑𐑩]
ribonuclease	𐑮𐑲𐑚𐑴𐑯𐑿𐑒𐑤𐑦𐑱𐑟	ˌraɪbəʊˈnjuːklieɪz	NN1	RSSB	89	shave_says:𐑮𐑲𐑚𐑴𐑯𐑿𐑒𐑤𐑦𐑱𐑕
ricin	𐑮𐑲𐑕𐑦𐑯	ˈraɪsɪn	NN1	RSSB	89	shave_says:𐑮𐑲𐑕𐑩𐑯
ricksha	𐑮𐑦𐑒𐑖𐑩	rɪkʃə	NN1	RSSB	89	shave_says:𐑮𐑦𐑒𐑖𐑭
rifampin	𐑮𐑦𐑓𐑨𐑥𐑐𐑦𐑯	rɪˈfæmpɪn	NN1	GenAm	89	shave_says:𐑮𐑲𐑓𐑨𐑥𐑐𐑦𐑯
rigatoni	𐑮𐑦𐑜𐑩𐑑𐑴𐑯𐑦	rɪɡəˈtoʊni	NN1	GenAm	89	shave_says:[𐑮𐑰𐑜𐑩𐑑𐑴𐑯𐑦 / 𐑮𐑰𐑜𐑩𐑑𐑩𐑯𐑦]
rimu	𐑮𐑰𐑥𐑵	ˈriːmuː	NN1	RSSB	89	shave_says:𐑮𐑲𐑥𐑵
ritonavir	𐑮𐑦𐑑𐑴𐑯𐑩𐑝𐑦𐑮	rɪˈtoʊnəˌvɪr	NN1	GenAm	89	shave_says:𐑮𐑦𐑑𐑴𐑯𐑩𐑝𐑽
rivalrous	𐑮𐑲𐑝𐑤𐑮𐑩𐑕	raɪvlrəs	AJ0	RSSB	89	shave_says:[𐑮𐑲𐑝𐑩𐑤𐑮𐑩𐑕 / 𐑮𐑲𐑝𐑩𐑤𐑮𐑴𐑩𐑕 / 𐑮𐑲𐑝𐑩𐑤𐑮𐑴𐑵𐑟]
roanoke	𐑮𐑴𐑩𐑯𐑴𐑒	rəʊənəʊk	NN1	RSSB	89	shave_says:𐑮𐑴𐑯𐑴𐑒
rocambole	𐑮𐑪𐑒𐑩𐑥𐑚𐑴𐑤	rɒkəmbəʊl	NN1	RSSB	89	shave_says:𐑮𐑴𐑒𐑨𐑥𐑚𐑴𐑤
rochambeau	𐑮𐑴𐑖𐑨𐑥𐑚𐑴	ˌroʊʃæmˈboʊ	NN1	RSSB	89	shave_says:𐑮𐑴𐑖𐑭𐑥𐑚𐑴
rockabilly	𐑮𐑭𐑒𐑩𐑚𐑦𐑤𐑦	ˈrɑːkəˌbɪli	NN1	GenAm	89	shave_says:[𐑮𐑪𐑒𐑨𐑚𐑦𐑤𐑘 / 𐑮𐑪𐑒𐑩𐑚𐑦𐑤𐑦]
rofecoxib	𐑮𐑴𐑓𐑩𐑒𐑪𐑒𐑕𐑦𐑚	ˌroʊfəˈkɒksɪb	NN1	GenAm	89	
rollick	𐑮𐑪𐑤𐑦𐑒	ˈrɒlɪk	VVI	GenAm	89	shave_says:𐑮𐑪𐑤𐑦𐑒𐑒
romani	𐑮𐑪𐑥𐑩𐑯𐑦	ˈrɒməni	AJ0	GenAm	89	shave_says:𐑮𐑴𐑥𐑭𐑯𐑦
rooftree	𐑮𐑫𐑓𐑑𐑮𐑰	ˈrufˌtriː	NN1	GenAm	89	shave_says:𐑮𐑵𐑓𐑑𐑮𐑰
roommate	𐑮𐑫𐑥𐑥𐑱𐑑	ˈrumˌmeɪt	NN1	GenAm	89	shave_says:[𐑮𐑵𐑥𐑱𐑑 / 𐑮𐑵𐑥𐑥𐑱𐑑]
rorqual	𐑮𐑪𐑮𐑒𐑢𐑩𐑤	rɒrkwəl	NN1	RSSB	89	shave_says:𐑮𐑹𐑒𐑢𐑩𐑤
rosemaling	𐑮𐑴𐑟𐑩𐑥𐑭𐑤𐑦𐑙	rəʊzəmɑːlɪŋ	NN1	RSSB	89	shave_says:𐑮𐑴𐑟𐑩𐑥𐑩𐑤𐑦𐑙
rosemaling	𐑮𐑴𐑟𐑩𐑥𐑪𐑤𐑦𐑙	ˈroʊzəˌmɒlɪŋ	NN1	GenAm	89	shave_says:𐑮𐑴𐑟𐑩𐑥𐑩𐑤𐑦𐑙
roseola	𐑮𐑩𐑟𐑰𐑩𐑤𐑩	rəziːələ	NN1	RSSB	89	shave_says:[𐑮𐑴𐑟𐑴𐑤𐑩 / 𐑮𐑴𐑟𐑩𐑤𐑩]
rotl	𐑮𐑪𐑑𐑩𐑤	rɒtəl	NN1	RSSB	89	shave_says:𐑮𐑪𐑑𐑤
rottweiler	𐑮𐑪𐑑𐑝𐑲𐑤𐑼	rɒtvaɪləR	NN1	RSSB	89	shave_says:𐑮𐑪𐑑𐑢𐑲𐑤𐑼
roughhouse	𐑮𐑳𐑓𐑣𐑬𐑕	ˈrʌfhaʊs	VVI	RSSB	89	shave_says:𐑮𐑳𐑓𐑣𐑬𐑟
roux	𐑮𐑵	ruː	NN1	RSSB	89	
royalism	𐑮𐑶𐑩𐑤𐑦𐑟𐑥	rɔɪəlɪzm	NN1	RSSB	89	shave_says:[𐑮𐑶𐑨𐑤𐑦𐑟𐑩𐑥 / 𐑮𐑶𐑩𐑤𐑦𐑟𐑩𐑥]
rubato	𐑮𐑩𐑚𐑪𐑑𐑴	rəˈbɒtoʊ	NN1	GenAm	89	shave_says:[𐑮𐑵𐑚𐑱𐑑𐑴 / 𐑮𐑵𐑚𐑨𐑑𐑴]
rubefacient	𐑮𐑫𐑚𐑩𐑓𐑱𐑖𐑩𐑯𐑑	rubəˈfeɪʃənt	NN1	GenAm	89	shave_says:𐑮𐑵𐑚𐑓𐑱𐑕𐑦𐑩𐑯𐑑
rubeola	𐑮𐑫𐑚𐑦𐑴𐑤𐑨	ruˈbioʊla	NN1	RSSB	89	shave_says:[𐑮𐑵𐑚𐑴𐑤𐑩 / 𐑮𐑵𐑚𐑩𐑤𐑩]
rudd	𐑮𐑳𐑛	rʌd	NN1	RSSB	89	
ruga	𐑮𐑵𐑜𐑩	ruːɡə	NN1	RSSB	89	shave_says:𐑮𐑳𐑜𐑩
rugose	𐑮𐑫𐑜𐑴𐑕	rʊˈɡəʊs	AJ0	RSSB	89	shave_says:𐑮𐑳𐑜𐑴𐑕
rugose	𐑮𐑵𐑜𐑴𐑕	ˌruːˈɡoʊs	AJ0	GenAm	89	shave_says:𐑮𐑳𐑜𐑴𐑕
rumen	𐑮𐑫𐑥𐑩𐑯	rumən	NN1	RSSB	89	shave_says:[𐑮𐑵𐑥𐑧𐑯 / 𐑮𐑵𐑥𐑩𐑯 / 𐑮𐑳𐑥𐑩𐑯]
rutabaga	𐑮𐑫𐑑𐑩𐑚𐑱𐑜𐑩	ˈrutəˌbeɪɡə	NN1	GenAm	89	shave_says:𐑮𐑵𐑑𐑩𐑚𐑱𐑜𐑩
ruthful	𐑮𐑵𐑔𐑓𐑫𐑤	ˈruːθfʊl	AJ0	RSSB	89	shave_says:[𐑮𐑵𐑔𐑓𐑩𐑤 / 𐑮𐑵𐑔𐑓𐑵𐑤]
sabal	𐑕𐑱𐑚𐑨𐑤	ˈseɪˌbæl	NN1	RSSB	89	shave_says:𐑕𐑱𐑚𐑩𐑤
sabaoth	𐑕𐑨𐑚𐑱𐑪𐑔	ˈsæbeɪˌɒθ	NN1	RSSB	89	shave_says:𐑕𐑨𐑚𐑦𐑪𐑔
sabayon	𐑕𐑨𐑚𐑲𐑘𐑪	ˈsabaɪjɒ	NN1	RSSB	89	shave_says:𐑕𐑱𐑚𐑱𐑩𐑯
sabayon	𐑕𐑪𐑚𐑲𐑴𐑯	ˌsɒbaɪˈoʊn	NN1	GenAm	89	shave_says:𐑕𐑱𐑚𐑱𐑩𐑯
sacagawea	𐑕𐑨𐑒𐑩𐑡𐑩𐑢𐑰𐑩	ˌsækədʒəˈwiː+ə	NN1	GenAm	89	shave_says:𐑕𐑨𐑒𐑨𐑜𐑷𐑦𐑩
sacculus	𐑕𐑨𐑒𐑘𐑩𐑤𐑩𐑕	ˈsækjələs	NN1	GenAm	89	shave_says:[𐑕𐑨𐑒𐑿𐑤𐑩𐑕 / 𐑕𐑨𐑒𐑵𐑤𐑩𐑕 / 𐑕𐑨𐑒𐑿𐑤𐑵𐑟]
sacque	𐑕𐑨𐑒	sæk	NN1	RSSB	89	
sacral	𐑕𐑱𐑒𐑮𐑩𐑤	seɪkrəl	AJ0	RSSB	89	shave_says:𐑕𐑨𐑒𐑮𐑩𐑤
sagamore	𐑕𐑨𐑜𐑩𐑥𐑹	sæɡəmɔːR	NN1	RSSB	89	shave_says:𐑕𐑭𐑜𐑩𐑥𐑹
sainfoin	𐑕𐑱𐑯𐑓𐑶𐑯	ˈseɪnfɔɪn	NN1	RSSB	89	shave_says:𐑕𐑭𐑦𐑯𐑓𐑴𐑦𐑯
sakkara	𐑕𐑩𐑒𐑸𐑩	səkɑːrə	NN1	RSSB	89	shave_says:𐑕𐑨𐑒𐑼𐑩
salian	𐑕𐑱𐑤𐑰𐑩𐑯	ˈseɪliːən	NN1	RSSB	89	shave_says:𐑕𐑱𐑤𐑦𐑩𐑯
salmagundi	𐑕𐑨𐑤𐑥𐑩𐑜𐑳𐑯𐑛𐑦	ˌsælməˈɡʌndi	NN1	GenAm	89	shave_says:𐑕𐑭𐑤𐑥𐑨𐑜𐑳𐑯𐑛𐑦
salpinx	𐑕𐑨𐑤𐑐𐑦𐑙𐑒𐑕	ˈsælpɪŋks	NN1	RSSB	89	shave_says:𐑕𐑨𐑤𐑐𐑦𐑯𐑧𐑒𐑕
salsa	𐑕𐑪𐑤𐑕𐑩	ˈsɒlsə	NN1	GenAm	89	shave_says:𐑕𐑭𐑤𐑕𐑩
saltbush	𐑕𐑪𐑤𐑑𐑚𐑫𐑖	ˈsɒltbʊʃ	NN1	RSSB	89	shave_says:[𐑕𐑷𐑤𐑑𐑚𐑫𐑖 / 𐑕𐑷𐑤𐑑𐑚𐑳𐑖 / 𐑕𐑷𐑤𐑑𐑚𐑵𐑖]
saltire	𐑕𐑨𐑤𐑑𐑲𐑼	sæltaɪəR	NN1	RSSB	89	shave_says:𐑕𐑷𐑤𐑑𐑲𐑼
saltwort	𐑕𐑪𐑤𐑑𐑢𐑹𐑑	ˈsɒltwɔːRt	NN1	GenAm	89	shave_says:[𐑕𐑷𐑤𐑑𐑢𐑹𐑑 / 𐑕𐑷𐑤𐑑𐑢𐑼𐑑]
saluki	𐑕𐑩𐑤𐑫𐑒𐑦	səˈluki	NN1	RSSB	89	shave_says:𐑕𐑩𐑤𐑵𐑒𐑦
saman	𐑕𐑨𐑥𐑨𐑯	saˈman	NN1	RSSB	89	shave_says:[𐑕𐑭𐑥𐑩𐑯 / 𐑕𐑱𐑥𐑩𐑯 / 𐑕𐑨𐑥𐑩𐑯]
samara	𐑕𐑨𐑥𐑼𐑩	ˈsæmərə	NN1	GenAm	89	shave_says:𐑕𐑭𐑥𐑸𐑩
sambuca	𐑕𐑨𐑥𐑚𐑫𐑒𐑩	samˈbʊkə	NN1	RSSB	89	shave_says:𐑕𐑭𐑥𐑚𐑵𐑒𐑩
samisen	𐑕𐑨𐑥𐑦𐑕𐑧𐑯	ˈsæmɪsen	NN1	RSSB	89	shave_says:[𐑕𐑭𐑥𐑦𐑕𐑩𐑯 / 𐑕𐑭𐑥𐑦𐑟𐑩𐑯 / 𐑕𐑱𐑥𐑲𐑟𐑩𐑯]
samizdat	𐑕𐑨𐑥𐑦𐑟𐑛𐑨𐑑	ˈsæmɪzdæt	NN1	RSSB	89	shave_says:𐑕𐑭𐑥𐑦𐑟𐑛𐑭𐑑
samoyed	𐑕𐑨𐑥𐑩𐑘𐑧𐑛	ˈsæməjed	NN1	RSSB	89	shave_says:𐑕𐑩𐑥𐑶𐑩𐑛
samsara	𐑕𐑳𐑥𐑕𐑸𐑩	sʌmˈsɑːRə	NN1	GenAm	89	shave_says:𐑕𐑨𐑥𐑟𐑼𐑩
sander	𐑕𐑭𐑯𐑛𐑼	sɑːndəR	NN1	RSSB	89	shave_says:[𐑕𐑨𐑯𐑛𐑼 / 𐑕𐑨𐑯𐑛𐑩𐑩 / 𐑕𐑨𐑯𐑛𐑧𐑮 / 𐑕𐑭𐑯𐑛𐑧𐑼]
sangoma	𐑕𐑨𐑙𐑜𐑴𐑥𐑩	sæŋˈɡoʊmə	NN1	GenAm	89	shave_says:[𐑕𐑨𐑙𐑴𐑥𐑩 / 𐑕𐑨𐑯𐑜𐑴𐑥𐑩 / 𐑕𐑭𐑙𐑜𐑴𐑥𐑩]
sangria	𐑕𐑨𐑙𐑜𐑮𐑰𐑩	sæŋɡriːə	NN1	RSSB	89	shave_says:𐑕𐑨𐑙𐑮𐑦𐑩
sanies	𐑕𐑱𐑯𐑰𐑟	ˈseɪniːz	NN1	RSSB	89	shave_says:𐑕𐑱𐑯𐑦𐑟
sanitize	𐑕𐑨𐑯𐑩𐑑𐑲𐑟	ˈsænətaɪz	VVI	GenAm	89	shave_says:𐑕𐑨𐑯𐑦𐑑𐑲𐑟
sapodilla	𐑕𐑨𐑐𐑩𐑛𐑦𐑤𐑩	ˌsæpəˈdɪlə	NN1	RSSB	89	shave_says:𐑕𐑱𐑐𐑴𐑛𐑦𐑤𐑩
sapote	𐑕𐑩𐑐𐑴𐑑𐑰	səˈpəʊtiː	NN1	RSSB	89	shave_says:[𐑕𐑱𐑐𐑴𐑑 / 𐑕𐑨𐑐𐑴𐑑]
sapote	𐑕𐑩𐑐𐑴𐑑𐑦	səˈpoʊti	NN1	GenAm	89	shave_says:[𐑕𐑱𐑐𐑴𐑑 / 𐑕𐑨𐑐𐑴𐑑]
sapropel	𐑕𐑨𐑐𐑮𐑩𐑐𐑧𐑤	saprəpel	NN1	RSSB	89	shave_says:[𐑕𐑨𐑐𐑮𐑩𐑐𐑩𐑤 / 𐑕𐑨𐑐𐑮𐑴𐑐𐑩𐑤]
saprophyte	𐑕𐑨𐑐𐑮𐑴𐑓𐑲𐑑	ˈsæprəʊfaɪt	NN1	RSSB	89	shave_says:𐑕𐑨𐑐𐑮𐑩𐑓𐑲𐑑
sarcomere	𐑕𐑸𐑒𐑴𐑥𐑦𐑮	ˈsɑːRkoʊˌmɪr	NN1	GenAm	89	shave_says:[𐑕𐑸𐑒𐑴𐑥𐑽 / 𐑕𐑸𐑒𐑴𐑥𐑽]
sardonyx	𐑕𐑸𐑛𐑪𐑯𐑦𐑒𐑕	sɑːRdɒnɪks	NN1	RSSB	89	
sasquatch	𐑕𐑨𐑕𐑒𐑢𐑪𐑗	ˈsæskwɒtʃ	NN1	RSSB	89	shave_says:𐑕𐑭𐑕𐑒𐑢𐑭𐑗
satanism	𐑕𐑱𐑑𐑩𐑯𐑦𐑟𐑥	ˈseɪtənɪzm	NN1	RSSB	89	shave_says:𐑕𐑱𐑑𐑩𐑯𐑦𐑟𐑩𐑥
satiation	𐑕𐑱𐑖𐑦𐑱𐑖𐑩𐑯	seɪʃɪˈeɪʃən	NN1	RSSB	89	shave_says:[𐑕𐑭𐑑𐑰𐑱𐑖𐑩𐑯 / 𐑕𐑱𐑖𐑦𐑱𐑑𐑦𐑩𐑯 / 𐑕𐑱𐑑𐑦𐑱𐑖𐑩𐑯]
satori	𐑕𐑨𐑑𐑹𐑦	sætɔːri	NN1	RSSB	89	shave_says:𐑕𐑱𐑑𐑼𐑦
saturniid	𐑕𐑩𐑑𐑼𐑯𐑦𐑦𐑛	səˈtəRniɪd	NN1	GenAm	89	shave_says:[𐑕𐑨𐑑𐑼𐑯𐑦𐑦𐑛 / 𐑕𐑨𐑑𐑼𐑯𐑦𐑛]
satyagraha	𐑕𐑩𐑑𐑘𐑭𐑜𐑮𐑩𐑣𐑩	sətjɑːɡrəhə	NN1	RSSB	89	shave_says:𐑕𐑭𐑑𐑘𐑭𐑜𐑮𐑩𐑣𐑩
satyriasis	𐑕𐑨𐑑𐑦𐑮𐑲𐑩𐑕𐑦𐑕	satɪraɪəsɪs	NN1	RSSB	89	shave_says:[𐑕𐑨𐑑𐑼𐑲𐑩𐑕𐑦𐑕 / 𐑕𐑱𐑑𐑲𐑼𐑲𐑩𐑕𐑦𐑕 / 𐑕𐑨𐑑𐑼𐑦𐑱𐑕𐑦𐑕 / 𐑕𐑨𐑑𐑼𐑦𐑩𐑟𐑦𐑕 / 𐑕𐑨𐑑𐑼𐑦𐑱𐑕𐑦𐑟]
sawpit	𐑕𐑪𐑐𐑦𐑑	ˈsɒpɪt	NN1	GenAm	89	shave_says:𐑕𐑷𐑐𐑦𐑑
sayonara	𐑕𐑲𐑩𐑯𐑸𐑩	saɪənɑːrə	NN1	RSSB	89	shave_says:𐑕𐑲𐑴𐑯𐑸𐑩
scalenus	𐑕𐑒𐑩𐑤𐑰𐑯𐑩𐑕	skəˈliːnəs	NN1	RSSB	89	shave_says:𐑕𐑒𐑱𐑤𐑰𐑯𐑩𐑕
scapular	𐑕𐑒𐑨𐑐𐑘𐑩𐑤𐑼	skapjələR	AJ0	RSSB	89	shave_says:𐑕𐑒𐑨𐑐𐑿𐑤𐑼
scaup	𐑕𐑒𐑷𐑐	skɔːp	NN1	RSSB	89	shave_says:𐑕𐑒𐑬𐑐
scheduler	𐑖𐑧𐑛𐑘𐑩𐑤𐑼	ʃedjələR	NN1	RSSB	89	shave_says:𐑖𐑧𐑡𐑵𐑤𐑼
schematize	𐑕𐑒𐑰𐑥𐑩𐑑𐑨𐑦𐑟	ˈskiːmətaiz	VVI	RSSB	89	shave_says:[𐑕𐑒𐑰𐑥𐑩𐑑𐑲𐑟 / 𐑕𐑣𐑒𐑧𐑥𐑩𐑑𐑲𐑟 / 𐑕𐑒𐑰𐑥𐑱𐑑𐑲𐑟 / 𐑕𐑒𐑰𐑥𐑨𐑑𐑲𐑟]
schistosome	𐑖𐑦𐑕𐑑𐑩𐑕𐑴𐑥	ˈʃɪstəˌsoʊm	NN1	GenAm	89	shave_says:𐑖𐑦𐑕𐑑𐑴𐑕𐑩𐑥
schlimazel	𐑖𐑤𐑩𐑥𐑭𐑟𐑩𐑤	ʃləˈmɑːzəl	NN1	RSSB	89	shave_says:𐑖𐑤𐑦𐑦𐑥𐑱𐑟𐑩𐑤
schnauzer	𐑖𐑯𐑬𐑟𐑼	ˈʃnaʊzəR	NN1	GenAm	89	
scholastically	𐑕𐑒𐑩𐑤𐑨𐑕𐑑𐑦𐑒𐑤𐑦	skəˈlæstɪkli	AV0	RSSB	89	shave_says:[𐑕𐑒𐑩𐑤𐑨𐑕𐑑𐑦𐑒𐑩𐑤𐑦 / 𐑕𐑒𐑩𐑤𐑨𐑕𐑑𐑦𐑒𐑷𐑤𐑦 / 𐑕𐑒𐑩𐑤𐑨𐑕𐑑𐑦𐑒𐑩𐑤𐑤𐑦]
scholiast	𐑕𐑒𐑴𐑤𐑦𐑨𐑕𐑑	ˈskəʊlɪæst	NN1	RSSB	89	shave_says:𐑕𐑒𐑪𐑤𐑦𐑨𐑕𐑑
schoolmarm	𐑕𐑒𐑫𐑤𐑥𐑸𐑥	ˈskulˌmɑːRm	NN1	GenAm	89	shave_says:[𐑕𐑒𐑵𐑤𐑥𐑭𐑥 / 𐑕𐑒𐑵𐑤𐑥𐑸𐑥 / 𐑕𐑒𐑵𐑤𐑥𐑼𐑥]
schoolwork	𐑕𐑒𐑫𐑤𐑢𐑻𐑒	ˈskulˌwɜːRk	NN1	GenAm	89	shave_says:[𐑕𐑒𐑵𐑤𐑢𐑻𐑒 / 𐑕𐑒𐑵𐑤𐑢𐑼𐑒]
schuss	𐑖𐑫𐑕	ʃʊs	VVI	RSSB	89	shave_says:𐑖𐑵𐑕
schutzstaffel	𐑖𐑫𐑑𐑕𐑖𐑑𐑨𐑓𐑩𐑤	ˈʃʊtsʃtafəl	NN1	RSSB	89	shave_says:𐑖𐑫𐑑𐑕𐑖𐑑𐑭𐑓𐑩𐑤
scilla	𐑕𐑦𐑤𐑩	ˈsɪlə	NN1	RSSB	89	shave_says:𐑕𐑲𐑤𐑩
sciolistic	𐑕𐑲𐑩𐑤𐑦𐑕𐑑𐑦𐑒	saɪəˈlɪstik	AJ0	RSSB	89	shave_says:𐑕𐑦𐑴𐑤𐑦𐑕𐑑𐑦𐑒
scission	𐑕𐑦𐑠𐑩𐑯	ˈsɪʒən	NN1	RSSB	89	shave_says:𐑕𐑒𐑦𐑕𐑦𐑩𐑯
scissure	𐑕𐑦𐑖𐑼	sɪʃəR	NN1	RSSB	89	
sclerotic	𐑕𐑒𐑤𐑦𐑮𐑪𐑑𐑦𐑒	sklɪˈrɒtɪk	AJ0	GenAm	89	shave_says:𐑕𐑒𐑤𐑧𐑮𐑩𐑑𐑦𐑒
scofflaw	𐑕𐑒𐑪𐑓𐑤𐑪	ˈskɒfˌlɒ	NN1	GenAm	89	shave_says:𐑕𐑒𐑪𐑓𐑤𐑷
scombroid	𐑕𐑒𐑪𐑥𐑚𐑮𐑶𐑛	ˈskɒmbrɔɪd	NN1	RSSB	89	
scopolamine	𐑕𐑒𐑩𐑐𐑪𐑤𐑩𐑥𐑰𐑯	skəˈpɒləmiːn	NN1	RSSB	89	shave_says:[𐑕𐑒𐑴𐑐𐑴𐑤𐑩𐑥𐑰𐑯 / 𐑕𐑒𐑴𐑐𐑩𐑤𐑩𐑥𐑰𐑯 / 𐑕𐑒𐑴𐑐𐑴𐑤𐑩𐑥𐑲𐑯 / 𐑕𐑒𐑴𐑐𐑴𐑤𐑱𐑥𐑰𐑯]
scopolamine	𐑕𐑒𐑴𐑐𐑪𐑤𐑩𐑥𐑰𐑯	skoʊˈpɒləˌmiːn	NN1	GenAm	89	shave_says:[𐑕𐑒𐑴𐑐𐑴𐑤𐑩𐑥𐑰𐑯 / 𐑕𐑒𐑴𐑐𐑩𐑤𐑩𐑥𐑰𐑯 / 𐑕𐑒𐑴𐑐𐑴𐑤𐑩𐑥𐑲𐑯 / 𐑕𐑒𐑴𐑐𐑴𐑤𐑱𐑥𐑰𐑯]
scotoma	𐑕𐑒𐑩𐑑𐑴𐑥𐑩	skəˈtoʊmə	NN1	RSSB	89	shave_says:[𐑕𐑒𐑪𐑑𐑴𐑥𐑩 / 𐑕𐑒𐑪𐑑𐑩𐑥𐑩 / 𐑕𐑒𐑴𐑑𐑴𐑥𐑩]
scriptorium	𐑕𐑒𐑮𐑦𐑐𐑑𐑹𐑾𐑥	skrɪptɔːrɪəm	NN1	RSSB	89	shave_says:[𐑕𐑒𐑮𐑦𐑐𐑑𐑹𐑦𐑩𐑥 / 𐑕𐑒𐑮𐑦𐑐𐑑𐑼𐑦𐑩𐑥 / 𐑕𐑒𐑮𐑦𐑐𐑑𐑼𐑦𐑵𐑥]
scute	𐑕𐑒𐑿𐑑	skjuːt	NN1	RSSB	89	
scythian	𐑕𐑦𐑞𐑦𐑩𐑯	ˈsɪði+ən	AJ0	RSSB	89	shave_says:𐑕𐑲𐑞𐑦𐑩𐑯
se	𐑕𐑧	se	NN1	RSSB	89	shave_says:𐑕𐑱
sea-ear	𐑕𐑰𐑽	siːɪəR	NN1	RSSB	89	shave_says:𐑕𐑰-𐑽
seax	𐑕𐑰𐑒𐑕	ˈsiːks	NN1	RSSB	89	
sebum	𐑕𐑦𐑚𐑩𐑥	ˈsibəm	NN1	RSSB	89	shave_says:[𐑕𐑱𐑚𐑳𐑥 / 𐑕𐑧𐑚𐑩𐑥 / 𐑕𐑧𐑚𐑵𐑥]
secern	𐑕𐑩𐑕𐑻𐑯	səsɜːRn	VVI	RSSB	89	shave_says:𐑕𐑧𐑒𐑼𐑯
secobarbital	𐑕𐑧𐑒𐑴𐑚𐑸𐑚𐑩𐑑𐑪𐑤	ˌsekoʊˈbɑːRbəˌtɒl	NN1	GenAm	89	shave_says:[𐑕𐑧𐑒𐑴𐑚𐑸𐑚𐑰𐑑𐑩𐑤 / 𐑕𐑧𐑒𐑴𐑚𐑸𐑚𐑲𐑑𐑩𐑤 / 𐑕𐑧𐑒𐑴𐑚𐑸𐑚𐑦𐑑𐑩𐑤]
seconal	𐑕𐑧𐑒𐑩𐑯𐑷𐑤	ˈsekəˌnɔl	NN1	RSSB	89	shave_says:𐑕𐑧𐑒𐑩𐑯𐑨𐑤
secretory	𐑕𐑦𐑒𐑮𐑰𐑑𐑮𐑰	sɪˈkriːtriː	AJ0	RSSB	89	shave_says:𐑕𐑦𐑒𐑮𐑰𐑑𐑼𐑦
seeable	𐑕𐑦𐑩𐑚𐑩𐑤	ˈsi+əbəl	AJ0	RSSB	89	shave_says:[𐑕𐑰𐑩𐑚𐑩𐑤 / 𐑕𐑰𐑩𐑚𐑩𐑤]
seidel	𐑟𐑲𐑛𐑤	ˈzaɪdl	NN1	RSSB	89	shave_says:𐑕𐑲𐑛𐑧𐑤
seidel	𐑕𐑲𐑛𐑩𐑤	ˈsaɪdəl	NN1	GenAm	89	shave_says:𐑕𐑲𐑛𐑧𐑤
seigneur	𐑕𐑧𐑯𐑘𐑻	seˈnjɜːR	NN1	GenAm	89	shave_says:𐑕𐑦𐑯𐑘𐑫𐑼
seigniory	𐑕𐑰𐑯𐑘𐑼𐑦	siːnjəri	NN1	RSSB	89	shave_says:𐑕𐑱𐑯𐑘𐑼𐑦
selachian	𐑕𐑦𐑤𐑱𐑒𐑾𐑯	sɪˈleɪkɪən	NN1	RSSB	89	shave_says:𐑕𐑧𐑤𐑱𐑒𐑦𐑩𐑯
selenator	𐑕𐑩𐑤𐑰𐑯𐑱𐑑𐑼	səˌliːˈneɪtəR	NN1	GenAm	89	shave_says:[𐑕𐑦𐑤𐑰𐑯𐑱𐑑𐑼 / 𐑕𐑦𐑤𐑰𐑯𐑨𐑑𐑼]
selenology	𐑕𐑧𐑤𐑰𐑯𐑪𐑤𐑩𐑡𐑦	seliːˈnɒlədʒɪ	NN1	RSSB	89	shave_says:[𐑕𐑦𐑤𐑰𐑯𐑴𐑤𐑴𐑜𐑦 / 𐑕𐑦𐑤𐑰𐑯𐑪𐑤𐑩𐑡𐑦 / 𐑕𐑦𐑤𐑰𐑯𐑩𐑤𐑪𐑜𐑦]
self-abuse	𐑕𐑧𐑤𐑓𐑩𐑚𐑿𐑕	selfəˈbjuːs	NN1	RSSB	89	shave_says:𐑕𐑧𐑤𐑓-𐑩𐑚𐑿𐑕
self-knowledge	𐑕𐑧𐑤𐑓𐑯𐑪𐑤𐑦𐑡	ˈselfˌnɒlɪdʒ	NN1	GenAm	89	shave_says:𐑕𐑧𐑤𐑓-𐑯𐑪𐑤𐑦𐑡
seljuk	𐑕𐑧𐑤𐑡𐑵𐑒	selˈdʒuːk	AJ0	GenAm	89	shave_says:𐑕𐑧𐑤𐑡𐑩𐑒
sellotape	𐑕𐑧𐑤𐑩𐑑𐑱𐑐	ˈseləteɪp	NN1	RSSB	89	shave_says:[𐑕𐑧𐑤𐑴𐑑𐑱𐑐 / 𐑕𐑧𐑤𐑪𐑑𐑱𐑐]
semasiology	𐑕𐑰𐑥𐑱𐑕𐑦𐑪𐑤𐑩𐑡𐑦	ˌsiːmeɪsɪˈɒlədʒɪ	NN1	RSSB	89	shave_says:[𐑕𐑧𐑥𐑩𐑕𐑦𐑪𐑤𐑩𐑡𐑦 / 𐑕𐑧𐑥𐑩𐑕𐑦𐑩𐑤𐑪𐑜𐑦]
semasiology	𐑕𐑦𐑥𐑱𐑕𐑦𐑪𐑤𐑩𐑡𐑦	sɪmeɪsiˈɒlədʒi	NN1	GenAm	89	shave_says:[𐑕𐑧𐑥𐑩𐑕𐑦𐑪𐑤𐑩𐑡𐑦 / 𐑕𐑧𐑥𐑩𐑕𐑦𐑩𐑤𐑪𐑜𐑦]
seminole	𐑕𐑧𐑥𐑦𐑯𐑩𐑤	ˈsemɪnəl	NN1	RSSB	89	shave_says:[𐑕𐑧𐑥𐑦𐑯𐑴𐑤 / 𐑕𐑧𐑥𐑦𐑯𐑴𐑩𐑤 / 𐑕𐑱𐑥𐑲𐑯𐑴𐑤]
sempiternal	𐑕𐑧𐑥𐑐𐑦𐑑𐑻𐑯𐑩𐑤	ˌsempɪˈtɜːRnəl	AJ0	GenAm	89	
senesce	𐑕𐑩𐑯𐑧𐑕	səˈnes	VVI	RSSB	89	shave_says:𐑕𐑦𐑯𐑧𐑕
senioritis	𐑕𐑦𐑯𐑘𐑼𐑸𐑦𐑑𐑦𐑕	sinjəRɑːRitɪs	NN1	RSSB	89	shave_says:[𐑕𐑰𐑯𐑽𐑲𐑑𐑦𐑕 / 𐑕𐑰𐑯𐑽𐑦𐑑𐑦𐑕 / 𐑕𐑰𐑯𐑽𐑲𐑑𐑦𐑟]
senpai	𐑕𐑧𐑥𐑐𐑲	ˈsempaɪ	NN1	RSSB	89	shave_says:[𐑕𐑧𐑯𐑐𐑲 / 𐑕𐑧𐑯𐑐𐑩𐑦]
sensorial	𐑕𐑧𐑯𐑕𐑹𐑦𐑩𐑤	sensɔːri+əl	AJ0	RSSB	89	shave_says:𐑕𐑧𐑯𐑕𐑼𐑦𐑩𐑤
sensorium	𐑕𐑧𐑯𐑕𐑹𐑦𐑩𐑥	sensɔːri+əm	NN1	RSSB	89	shave_says:𐑕𐑧𐑯𐑕𐑼𐑦𐑩𐑥
separative	𐑕𐑧𐑐𐑮𐑩𐑑𐑦𐑝	seprətɪv	AJ0	RSSB	89	shave_says:𐑕𐑧𐑐𐑼𐑩𐑑𐑦𐑝
seppuku	𐑕𐑧𐑐𐑫𐑒𐑫	ˈsepuku	NN1	GenAm	89	shave_says:𐑕𐑧𐑐𐑵𐑒𐑵
septenary	𐑕𐑧𐑐𐑑𐑰𐑯𐑼𐑦	septiːnəri	NN1	RSSB	89	shave_says:𐑕𐑧𐑐𐑑𐑩𐑯𐑼𐑦
sequela	𐑕𐑦𐑒𐑢𐑰𐑤𐑩	sɪˈkwiːlə	NN1	RSSB	89	shave_says:𐑕𐑰𐑒𐑢𐑩𐑤𐑩
serape	𐑕𐑧𐑮𐑭𐑐𐑱	serɑːpeɪ	NN1	RSSB	89	shave_says:𐑕𐑼𐑭𐑐𐑦
serbo-croatian	𐑕𐑻𐑚𐑴𐑒𐑮𐑴𐑱𐑖𐑩𐑯	sɜːRbəʊkrəʊeɪʃən	NN1	RSSB	89	shave_says:𐑕𐑻𐑚𐑴-𐑒𐑮𐑴𐑱𐑖𐑩𐑯
serendipitous	𐑕𐑧𐑮𐑧𐑯𐑛𐑦𐑐𐑦𐑑𐑩𐑕	serendɪpɪtəs	AJ0	RSSB	89	shave_says:𐑕𐑧𐑮𐑩𐑯𐑛𐑦𐑐𐑦𐑑𐑩𐑕
seriema	𐑕𐑧𐑮𐑦𐑰𐑥𐑩	serɪiːmə	NN1	RSSB	89	shave_says:𐑕𐑽𐑦𐑩𐑥𐑩
serow	𐑕𐑼𐑴	səˈroʊ	NN1	GenAm	89	shave_says:[𐑕𐑱𐑮𐑴 / 𐑕𐑽𐑴 / 𐑕𐑧𐑮𐑴]
sertindole	𐑕𐑼𐑑𐑦𐑯𐑛𐑴𐑤	səRˈtɪnˌdoʊl	NN1	GenAm	89	
sertraline	𐑕𐑻𐑑𐑮𐑩𐑤𐑰𐑯	ˈsɜːRtrəˌliːn	NN1	GenAm	89	
sesquicentennial	𐑕𐑧𐑕𐑒𐑢𐑦𐑕𐑧𐑯𐑑𐑧𐑯𐑦𐑩𐑤	ˌseskwɪsenˈteni+əl	NN1	RSSB	89	shave_says:[𐑕𐑧𐑕𐑒𐑢𐑦𐑕𐑧𐑯𐑑𐑧𐑯𐑾𐑤 / 𐑕𐑧𐑕𐑒𐑢𐑦𐑕𐑧𐑯𐑑𐑩𐑯𐑦𐑩𐑤]
sesquipedality	𐑕𐑧𐑕𐑒𐑢𐑦𐑐𐑦𐑛𐑨𐑤𐑩𐑑𐑦	ˌseskwɪpɪˈdæləti	NN1	RSSB	89	shave_says:𐑕𐑧𐑕𐑒𐑢𐑦𐑐𐑦𐑛𐑱𐑤𐑦𐑑𐑦
sgraffito	𐑕𐑜𐑮𐑩𐑓𐑰𐑑𐑴	sɡrəˈfiːtoʊ	NN1	GenAm	89	
shakespearean	𐑖𐑱𐑒𐑕𐑐𐑽𐑦𐑩𐑯	ʃeɪkspɪəri+ən	AJ0	RSSB	89	shave_says:𐑖𐑱𐑒𐑕𐑐𐑽𐑩𐑯
shakespearean	𐑖𐑱𐑒𐑕𐑐𐑦𐑮𐑦𐑩𐑯	ʃeɪkˈspɪri+ən	AJ0	GenAm	89	shave_says:𐑖𐑱𐑒𐑕𐑐𐑽𐑩𐑯
shalwar	𐑖𐑳𐑤𐑝𐑸	ʃʌlvɑːR	NN1	RSSB	89	shave_says:[𐑖𐑭𐑤𐑢𐑹 / 𐑖𐑭𐑤𐑢𐑼]
shambolically	𐑖𐑨𐑥𐑚𐑪𐑤𐑦𐑒𐑤𐑦	ʃæmˈbɒlɪkli	AV0	GenAm	89	shave_says:[𐑖𐑨𐑥𐑚𐑪𐑤𐑦𐑒𐑩𐑤𐑦 / 𐑖𐑨𐑥𐑚𐑪𐑤𐑦𐑒𐑷𐑤𐑦 / 𐑖𐑨𐑥𐑚𐑪𐑤𐑦𐑒𐑩𐑤𐑤𐑦]
shamisen	𐑖𐑨𐑥𐑦𐑕𐑧𐑯	ˈʃæmɪsen	NN1	RSSB	89	shave_says:[𐑖𐑱𐑥𐑦𐑕𐑩𐑯 / 𐑖𐑱𐑥𐑲𐑟𐑩𐑯]
shamus	𐑖𐑭𐑥𐑩𐑕	ˈʃɑːməs	NN1	RSSB	89	shave_says:𐑖𐑨𐑥𐑵𐑟
shangri-la	𐑖𐑨𐑙𐑜𐑮𐑦𐑤𐑭	ʃæŋɡrilɑː	NN1	RSSB	89	shave_says:𐑖𐑭𐑙𐑜𐑮𐑦-𐑤𐑭
shangri-la	𐑖𐑨𐑙𐑮𐑦𐑤𐑪	ˌʃæŋˈrɪlɒ	NN1	GenAm	89	shave_says:𐑖𐑭𐑙𐑜𐑮𐑦-𐑤𐑭
shay	𐑖𐑱	ʃeɪ	NN1	RSSB	89	shave_says:𐑖𐑭𐑦
she-oak	𐑖𐑰𐑴𐑒	ˈʃiːəʊk	NN1	RSSB	89	shave_says:𐑖𐑰-𐑴𐑒
shiatsu	𐑖𐑰𐑭𐑑𐑕𐑵	ʃiːˈɑːtsuː	NN1	RSSB	89	shave_says:𐑖𐑦𐑭𐑑𐑕𐑵
shigella	𐑖𐑦𐑜𐑧𐑤𐑩	ʃiˈɡelə	NN1	RSSB	89	shave_says:[𐑖𐑰𐑦𐑜𐑧𐑤𐑩 / 𐑖𐑰𐑦𐑜𐑩𐑤𐑩]
shigellosis	𐑖𐑦𐑜𐑩𐑤𐑴𐑕𐑦𐑕	ˌʃɪɡəˈloʊsɪs	NN1	GenAm	89	shave_says:[𐑖𐑰𐑦𐑜𐑩𐑤𐑴𐑕𐑦𐑕 / 𐑖𐑰𐑦𐑜𐑧𐑤𐑴𐑕𐑦𐑕 / 𐑖𐑰𐑦𐑜𐑧𐑤𐑴𐑟𐑦𐑕 / 𐑖𐑰𐑦𐑜𐑩𐑤𐑴𐑕𐑦𐑟]
shiitake	𐑖𐑰𐑑𐑭𐑒𐑱	ʃiːˈtɑːkeɪ	NN1	RSSB	89	shave_says:𐑖𐑦𐑑𐑭𐑒𐑦
shiitake	𐑖𐑦𐑑𐑪𐑒𐑦	ʃɪˈtɒki	NN1	GenAm	89	shave_says:𐑖𐑦𐑑𐑭𐑒𐑦
shikoku	𐑖𐑦𐑒𐑴𐑒𐑵	ʃɪˈkəʊkuː	NN1	RSSB	89	shave_says:[𐑖𐑰𐑦𐑒𐑴𐑒𐑵 / 𐑖𐑰𐑦𐑒𐑪𐑒𐑵]
shiksa	𐑖𐑦𐑒𐑕𐑩	ˈʃɪksə	NN1	RSSB	89	
shimmy	𐑖𐑦𐑥𐑦	ˈʃɪmi	NN1	RSSB	89	shave_says:𐑖𐑰𐑦𐑥𐑦
shisha	𐑖𐑰𐑖𐑩	ˈʃiːʃə	NN1	RSSB	89	shave_says:𐑖𐑰𐑦𐑖𐑩
shoebill	𐑖𐑫𐑚𐑦𐑤	ˈʃubɪl	NN1	RSSB	89	shave_says:𐑖𐑵𐑚𐑦𐑤
shofar	𐑖𐑴𐑓𐑼	ˈʃoʊfəR	NN1	GenAm	89	shave_says:𐑖𐑴𐑓𐑸
shtick	𐑖𐑑𐑦𐑒	ʃtɪk	NN1	RSSB	89	
shufti	𐑖𐑫𐑓𐑑𐑦	ˈʃʊfti	NN1	RSSB	89	
shut-eye	𐑖𐑳𐑑𐑲	ˈʃʌtaɪ	NN1	RSSB	89	shave_says:𐑖𐑳𐑑-𐑲
si	𐑕𐑦	si	NN1	RSSB	89	shave_says:𐑕𐑰
sideboob	𐑕𐑲𐑛𐑚𐑫𐑚	ˈsaɪdbub	NN1	GenAm	89	shave_says:𐑕𐑲𐑛𐑚𐑵𐑚
signory	𐑕𐑰𐑯𐑘𐑼𐑦	siːnjəri	NN1	RSSB	89	shave_says:𐑕𐑰𐑯𐑘𐑹𐑦
silex	𐑕𐑲𐑤𐑧𐑒𐑕	ˈsaɪleks	NN1	RSSB	89	
silique	𐑕𐑦𐑤𐑦𐑒	ˈsɪlɪk	NN1	RSSB	89	shave_says:[𐑕𐑲𐑤𐑰𐑒 / 𐑕𐑦𐑤𐑰𐑒]
silversword	𐑕𐑦𐑤𐑝𐑼𐑕𐑹𐑛	sɪlvəRsɔːRd	NN1	RSSB	89	shave_says:[𐑕𐑦𐑤𐑝𐑼𐑟𐑢𐑻𐑛 / 𐑕𐑦𐑤𐑝𐑼𐑟𐑢𐑹𐑛 / 𐑕𐑦𐑤𐑝𐑼𐑟𐑢𐑼𐑛]
simplex	𐑕𐑦𐑥𐑐𐑤𐑧𐑒𐑕	ˈsɪmpleks	AJ0	RSSB	89	
simulcast	𐑕𐑦𐑥𐑩𐑤𐑒𐑨𐑕𐑑	ˈsɪməlˌkæst	NN1	RSSB	89	shave_says:𐑕𐑲𐑥𐑩𐑤𐑒𐑭𐑕𐑑
simvastatin	𐑕𐑦𐑥𐑝𐑩𐑕𐑑𐑨𐑑𐑩𐑯	ˈsɪmvəˌstætən	NN1	GenAm	89	shave_says:[𐑕𐑦𐑥𐑝𐑩𐑕𐑑𐑱𐑑𐑦𐑯 / 𐑕𐑦𐑥𐑝𐑩𐑕𐑑𐑨𐑑𐑦𐑯]
sinopia	𐑕𐑦𐑯𐑴𐑐𐑾	sɪˈnəʊpɪə	NN1	RSSB	89	shave_says:[𐑕𐑲𐑯𐑴𐑐𐑦𐑩 / 𐑕𐑦𐑯𐑴𐑐𐑦𐑩 / 𐑕𐑲𐑯𐑩𐑐𐑦𐑩]
siouan	𐑕𐑵𐑩𐑯	ˈsuːən	AJ0	RSSB	89	
sirenian	𐑕𐑲𐑮𐑰𐑯𐑾𐑯	saɪriːnɪən	NN1	RSSB	89	shave_says:𐑕𐑲𐑮𐑩𐑯𐑦𐑩𐑯
sise	𐑕𐑲𐑕	saɪs	NN1	RSSB	89	
sisyphean	𐑕𐑦𐑕𐑩𐑓𐑰𐑩𐑯	ˌsɪsəˈfiːən	AJ0	RSSB	89	shave_says:𐑕𐑦𐑕𐑦𐑓𐑦𐑩𐑯
sizz	𐑕𐑩𐑟	sƏz	VVI	RSSB	89	
skew-whiff	𐑕𐑒𐑿𐑦𐑓	ˈskjuːɪf	AJ0	RSSB	89	shave_says:𐑕𐑒𐑿-𐑢𐑦𐑓
skulduggery	𐑕𐑒𐑳𐑤𐑛𐑳𐑜𐑼𐑦	ˌskʌlˈdʌɡəri	NN1	GenAm	89	shave_says:𐑕𐑒𐑩𐑤𐑛𐑳𐑜𐑼𐑦
slanguage	𐑕𐑤𐑨𐑙𐑜𐑢𐑦𐑡	ˈslæŋˌɡwɪdʒ	NN1	RSSB	89	shave_says:𐑕𐑤𐑨𐑙𐑵𐑦𐑡
slavic	𐑕𐑤𐑨𐑝𐑦𐑒	ˈslævɪk	AJ0	RSSB	89	shave_says:[𐑕𐑤𐑱𐑝𐑦𐑒 / 𐑕𐑤𐑭𐑝𐑦𐑒]
slider	𐑕𐑤𐑲𐑛𐑼	ˈslaɪdəR	NN1	GenAm	89	shave_says:𐑕𐑤𐑲𐑛𐑩𐑼
slivovitz	𐑕𐑤𐑦𐑝𐑩𐑝𐑦𐑑𐑕	ˈslɪvəˌvɪts	NN1	GenAm	89	shave_says:𐑕𐑤𐑦𐑝𐑴𐑝𐑦𐑑𐑕
smegma	𐑕𐑥𐑧𐑜𐑥𐑩	ˈsmeɡmə	NN1	RSSB	89	
smew	𐑕𐑥𐑿	ˈsmjuː	NN1	RSSB	89	shave_says:𐑕𐑥𐑵
snickersnee	𐑕𐑯𐑦𐑒𐑼𐑕𐑯𐑰	ˌsnɪkəRˈsniː	NN1	GenAm	89	shave_says:𐑕𐑯𐑦𐑒𐑼𐑟𐑯𐑰
snp	𐑧𐑕𐑧𐑯𐑐𐑰	esenˈpiː	NN1	RSSB	89	shave_says:𐑕𐑯𐑐
societal	𐑕𐑩𐑕𐑲𐑩𐑑𐑤	səˈsaɪətl	AJ0	RSSB	89	shave_says:𐑕𐑴𐑕𐑦𐑧𐑑𐑱𐑩𐑤
socinian	𐑕𐑴𐑕𐑦𐑯𐑰𐑩𐑯	soʊˈsɪniːən	NN1	RSSB	89	shave_says:𐑕𐑴𐑕𐑦𐑯𐑦𐑩𐑯
socle	𐑕𐑴𐑒𐑩𐑤	ˈsoʊkəl	NN1	RSSB	89	shave_says:𐑕𐑪𐑒𐑩𐑤
sodality	𐑕𐑴𐑛𐑨𐑤𐑦𐑑𐑦	səʊˈdælɪti	NN1	RSSB	89	shave_says:𐑕𐑴𐑛𐑩𐑤𐑲𐑑𐑦
soi-disant	𐑕𐑢𐑭𐑛𐑰𐑟𐑪	ˌswɑːdiːˈzɒ	AJ0	RSSB	89	shave_says:𐑕𐑶-𐑛𐑲𐑕𐑭𐑯
solanaceous	𐑕𐑪𐑤𐑩𐑯𐑱𐑖𐑩𐑕	sɒləˈneɪʃəs	AJ0	RSSB	89	shave_says:[𐑕𐑴𐑤𐑭𐑯𐑱𐑖𐑩𐑕 / 𐑕𐑴𐑤𐑱𐑯𐑱𐑖𐑩𐑕 / 𐑕𐑴𐑤𐑭𐑯𐑩𐑕𐑦𐑩𐑕 / 𐑕𐑴𐑤𐑭𐑯𐑨𐑒𐑦𐑩𐑕 / 𐑕𐑴𐑤𐑭𐑯𐑩𐑕𐑩𐑕]
soleus	𐑕𐑴𐑤𐑰𐑩𐑕	səʊˈliːəs	NN1	RSSB	89	shave_says:[𐑕𐑴𐑤𐑩𐑕 / 𐑕𐑴𐑤𐑦𐑩𐑕 / 𐑕𐑪𐑤𐑦𐑩𐑕 / 𐑕𐑴𐑤𐑵𐑟]
solitariness	𐑕𐑪𐑤𐑦𐑑𐑮𐑦𐑯𐑩𐑕	sɒlɪtrɪnəs	NN1	RSSB	89	shave_says:[𐑕𐑪𐑤𐑦𐑑𐑼𐑦𐑯𐑩𐑕 / 𐑕𐑪𐑤𐑦𐑑𐑼𐑰𐑯𐑩𐑕]
somite	𐑕𐑴𐑥𐑲𐑑	ˈsoʊmaɪt	NN1	GenAm	89	shave_says:[𐑕𐑳𐑥𐑲𐑑 / 𐑕𐑪𐑥𐑲𐑑]
sommelier	𐑕𐑪𐑥𐑥𐑧𐑤𐑦𐑼	sɒmmeli+əR	NN1	RSSB	89	shave_says:𐑕𐑴𐑥𐑧𐑤𐑦𐑱
sortition	𐑕𐑷𐑮𐑑𐑦𐑖𐑩𐑯	sɔrtɪʃən	NN1	RSSB	89	shave_says:[𐑕𐑹𐑑𐑦𐑖𐑩𐑯 / 𐑕𐑹𐑑𐑦𐑑𐑦𐑩𐑯 / 𐑕𐑹𐑑𐑲𐑑𐑦𐑩𐑯]
soteriological	𐑕𐑴𐑑𐑽𐑾𐑤𐑪𐑡𐑦𐑒𐑤	səʊtɪərɪəlɒdʒɪkl	AJ0	RSSB	89	shave_says:𐑕𐑪𐑑𐑼𐑦𐑩𐑤𐑪𐑡𐑦𐑒𐑩𐑤
soteriology	𐑕𐑴𐑑𐑽𐑦𐑪𐑤𐑩𐑡𐑦	səʊtɪərɪɒlədʒi	NN1	RSSB	89	shave_says:[𐑕𐑪𐑑𐑼𐑦𐑪𐑤𐑩𐑡𐑦 / 𐑕𐑪𐑑𐑼𐑦𐑩𐑤𐑪𐑜𐑦]
soul-searching	𐑕𐑴𐑤𐑕𐑼𐑗𐑦𐑙	ˈsoʊlˌsərtʃɪŋ	NN1	GenAm	89	shave_says:𐑕𐑴𐑤-𐑕𐑻𐑗𐑦𐑙
soupy	𐑕𐑫𐑐𐑦	ˈsupi	AJ0	RSSB	89	shave_says:𐑕𐑵𐑐𐑦
sourball	𐑕𐑬𐑼𐑚𐑭𐑤	saʊəRbɑːl	NN1	RSSB	89	shave_says:𐑕𐑬𐑼𐑚𐑷𐑤
sourdine	𐑕𐑫𐑼𐑛𐑰𐑯	sʊəRdiːn	NN1	RSSB	89	shave_says:𐑕𐑫𐑼𐑰𐑯
souslik	𐑕𐑫𐑕𐑤𐑦𐑒	ˈsʊslɪk	NN1	RSSB	89	shave_says:𐑕𐑵𐑟𐑤𐑦𐑒
spadix	𐑕𐑐𐑱𐑛𐑦𐑒𐑕	ˈspeɪdɪks	NN1	RSSB	89	
spallation	𐑕𐑐𐑩𐑤𐑱𐑖𐑯	spəˈleɪʃn	NN1	RSSB	89	shave_says:[𐑕𐑐𐑷𐑤𐑱𐑖𐑩𐑯 / 𐑕𐑐𐑷𐑤𐑭𐑑𐑦𐑩𐑯 / 𐑕𐑐𐑷𐑤𐑩𐑑𐑦𐑩𐑯]
spandex	𐑕𐑐𐑨𐑯𐑛𐑧𐑒𐑕	ˈspændeks	NN1	GenAm	89	
spathe	𐑕𐑐𐑱𐑞	speɪð	NN1	RSSB	89	
spatulate	𐑕𐑐𐑨𐑑𐑘𐑩𐑤𐑩𐑑	ˈspatjələt	AJ0	RSSB	89	shave_says:[𐑕𐑐𐑨𐑗𐑩𐑤𐑱𐑑 / 𐑕𐑐𐑱𐑗𐑫𐑤𐑱𐑑]
specifier	𐑕𐑐𐑧𐑕𐑩𐑓𐑲𐑼	ˈspesəˌfaɪəR	NN1	GenAm	89	shave_says:𐑕𐑐𐑧𐑕𐑦𐑓𐑲𐑼
spectrograph	𐑕𐑐𐑧𐑒𐑑𐑮𐑩𐑜𐑮𐑨𐑓	ˈspektrəˌɡræf	NN1	GenAm	89	shave_says:[𐑕𐑐𐑧𐑒𐑑𐑮𐑴𐑜𐑮𐑨𐑓 / 𐑕𐑐𐑧𐑒𐑑𐑮𐑩𐑜𐑮𐑭𐑓 / 𐑕𐑐𐑧𐑒𐑑𐑮𐑴𐑜𐑮𐑭𐑓 / 𐑕𐑐𐑧𐑒𐑑𐑮𐑴𐑜𐑮𐑩𐑓]
specular	𐑕𐑐𐑧𐑒𐑘𐑩𐑤𐑼	spekjələR	AJ0	RSSB	89	shave_says:[𐑕𐑐𐑧𐑒𐑿𐑤𐑼 / 𐑕𐑐𐑧𐑒𐑵𐑤𐑼]
speculum	𐑕𐑐𐑧𐑒𐑘𐑩𐑤𐑩𐑥	ˈspekjələm	NN1	RSSB	89	shave_says:[𐑕𐑐𐑧𐑒𐑿𐑤𐑩𐑥 / 𐑕𐑐𐑧𐑒𐑵𐑤𐑩𐑥 / 𐑕𐑐𐑧𐑒𐑿𐑤𐑵𐑥]
spermatic	𐑕𐑐𐑼𐑥𐑨𐑑𐑦𐑒	spəRˈmætɪk	AJ0	GenAm	89	shave_says:𐑕𐑐𐑻𐑥𐑨𐑑𐑦𐑒
spermatozoid	𐑕𐑐𐑻𐑥𐑨𐑑𐑩𐑟𐑴𐑦𐑛	spɜːRmætəzəʊɪd	NN1	RSSB	89	shave_says:[𐑕𐑐𐑻𐑥𐑨𐑑𐑴𐑟𐑶𐑛 / 𐑕𐑐𐑻𐑥𐑨𐑑𐑴𐑟𐑴𐑦𐑛]
spermophile	𐑕𐑐𐑻𐑥𐑩𐑓𐑲𐑤	spɜːRməfaɪl	NN1	RSSB	89	shave_says:[𐑕𐑐𐑻𐑥𐑴𐑓𐑲𐑤 / 𐑕𐑐𐑻𐑥𐑴𐑓𐑦𐑩𐑤]
sphenoid	𐑕𐑓𐑰𐑯𐑶𐑛	ˈsfiːnɔɪd	NN1	RSSB	89	shave_says:𐑕𐑓𐑰𐑯𐑩𐑦𐑛
spherocyte	𐑕𐑓𐑧𐑮𐑩𐑕𐑲𐑑	sferəsaɪt	NN1	RSSB	89	shave_says:[𐑕𐑓𐑧𐑮𐑴𐑕𐑲𐑑 / 𐑕𐑓𐑽𐑩𐑕𐑲𐑑 / 𐑕𐑓𐑽𐑴𐑕𐑲𐑑]
spherule	𐑕𐑓𐑦𐑮𐑿𐑤	sfɪrjuːl	NN1	GenAm	89	shave_says:𐑕𐑓𐑽𐑵𐑤
sphygmomanometer	𐑕𐑓𐑦𐑜𐑥𐑴𐑥𐑩𐑯𐑪𐑥𐑦𐑑𐑼	ˌsfɪɡmoʊməˈnɒmɪtəR	NN1	GenAm	89	shave_says:[𐑕𐑓𐑦𐑜𐑥𐑪𐑥𐑩𐑯𐑪𐑥𐑦𐑑𐑼 / 𐑕𐑓𐑦𐑜𐑥𐑪𐑥𐑩𐑯𐑴𐑥𐑰𐑑𐑼 / 𐑕𐑓𐑦𐑜𐑥𐑪𐑥𐑩𐑯𐑩𐑥𐑩𐑑𐑼]
spicate	𐑕𐑐𐑲𐑒𐑱𐑑	ˈspaɪkeɪt	AJ0	RSSB	89	shave_says:𐑕𐑐𐑦𐑒𐑱𐑑
spiculum	𐑕𐑐𐑦𐑒𐑘𐑩𐑤𐑩𐑥	ˈspɪkjələm	NN1	RSSB	89	shave_says:𐑕𐑐𐑦𐑒𐑿𐑤𐑩𐑥
spiff	𐑕𐑐𐑦𐑓	spɪf	NN1	RSSB	89	
spiffy	𐑕𐑐𐑦𐑓𐑦	ˈspɪfi	AJ0	RSSB	89	
spinelessness	𐑕𐑐𐑭𐑦𐑯𐑤𐑩𐑕𐑯𐑩𐑕	ˈspɑːɪnləsnəs	NN1	RSSB	89	shave_says:𐑕𐑐𐑲𐑯𐑤𐑩𐑕𐑯𐑩𐑕
spiracle	𐑕𐑐𐑦𐑮𐑩𐑒𐑩𐑤	spɪrəkəl	NN1	RSSB	89	shave_says:𐑕𐑐𐑲𐑮𐑩𐑒𐑩𐑤
spirant	𐑕𐑐𐑲𐑼𐑩𐑯𐑑	spaɪərənt	AJ0	RSSB	89	shave_says:𐑕𐑐𐑽𐑩𐑯𐑑
spirant	𐑕𐑐𐑲𐑮𐑩𐑯𐑑	ˈspaɪrənt	AJ0	GenAm	89	shave_says:𐑕𐑐𐑽𐑩𐑯𐑑
spirometer	𐑕𐑐𐑲𐑮𐑪𐑥𐑦𐑑𐑼	spaɪrɒmɪtəR	NN1	RSSB	89	shave_says:[𐑕𐑐𐑲𐑼𐑪𐑥𐑦𐑑𐑼 / 𐑕𐑐𐑽𐑴𐑥𐑰𐑑𐑼 / 𐑕𐑐𐑽𐑴𐑥𐑩𐑑𐑼]
spirometer	𐑕𐑐𐑲𐑮𐑪𐑥𐑩𐑑𐑼	spaɪˈrɒmətəR	NN1	GenAm	89	shave_says:[𐑕𐑐𐑲𐑼𐑪𐑥𐑦𐑑𐑼 / 𐑕𐑐𐑽𐑴𐑥𐑰𐑑𐑼 / 𐑕𐑐𐑽𐑴𐑥𐑩𐑑𐑼]
spironolactone	𐑕𐑐𐑲𐑮𐑩𐑯𐑴𐑤𐑨𐑒𐑑𐑴𐑯	ˌspaɪrənoʊˈlækˌtoʊn	NN1	GenAm	89	shave_says:𐑕𐑐𐑲𐑮𐑩𐑯𐑩𐑤𐑨𐑒𐑑𐑴𐑯
splanchnic	𐑕𐑐𐑤𐑨𐑙𐑒𐑯𐑦𐑒	ˈsplæŋknɪk	AJ0	RSSB	89	
spliff	𐑕𐑐𐑤𐑦𐑓	splɪf	NN1	RSSB	89	
spoopy	𐑕𐑐𐑵𐑐𐑦	spuːpi	AJ0	RSSB	89	
sporozoite	𐑕𐑐𐑪𐑮𐑩𐑟𐑴𐑲𐑑	spɒrəzəʊaɪt	NN1	RSSB	89	shave_says:𐑕𐑐𐑹𐑴𐑟𐑴𐑲𐑑
squamulose	𐑕𐑒𐑢𐑱𐑥𐑘𐑩𐑤𐑴𐑕	ˈskweɪmjəloʊs	AJ0	GenAm	89	shave_says:[𐑕𐑒𐑢𐑭𐑥𐑿𐑤𐑴𐑕 / 𐑕𐑒𐑢𐑭𐑥𐑵𐑤𐑴𐑕]
squarish	𐑕𐑒𐑢𐑧𐑮𐑦𐑖	ˈskwerɪʃ	AJ0	GenAm	89	shave_says:[𐑕𐑒𐑢𐑺𐑦𐑖 / 𐑕𐑒𐑢𐑼𐑦𐑖]
squill	𐑕𐑒𐑢𐑦𐑤	skwɪl	NN1	RSSB	89	
stalingrad	𐑕𐑑𐑭𐑤𐑦𐑯𐑜𐑮𐑨𐑛	stɑːlɪnɡræd	NN1	RSSB	89	shave_says:[𐑕𐑑𐑭𐑤𐑦𐑯𐑜𐑮𐑭𐑛 / 𐑕𐑑𐑷𐑤𐑦𐑙𐑮𐑨𐑛]
stanch	𐑕𐑑𐑨𐑯𐑗	stæntʃ	VVI	GenAm	89	shave_says:𐑕𐑑𐑭𐑯𐑗
stapes	𐑕𐑑𐑱𐑐𐑰𐑟	ˈsteɪpiːz	NN1	RSSB	89	shave_says:𐑕𐑑𐑱𐑐𐑦𐑟
staphylococcus	𐑕𐑑𐑨𐑓𐑦𐑤𐑩𐑒𐑪𐑒𐑩𐑕	ˌstæfɪləˈkɒkəs	NN1	RSSB	89	shave_says:[𐑕𐑑𐑨𐑐𐑣𐑲𐑤𐑩𐑒𐑪𐑒𐑩𐑕 / 𐑕𐑑𐑨𐑐𐑣𐑲𐑤𐑩𐑒𐑪𐑒𐑵𐑟 / 𐑕𐑑𐑨𐑐𐑣𐑲𐑤𐑪𐑒𐑪𐑒𐑩𐑕]
startup	𐑕𐑑𐑸𐑑𐑩𐑐	stɑːRtəp	NN1	RSSB	89	shave_says:𐑕𐑑𐑸𐑑𐑳𐑐
stasis	𐑕𐑑𐑱𐑕𐑦𐑕	ˈsteɪsɪs	NN1	RSSB	89	shave_says:𐑖𐑑𐑭𐑟𐑦𐑟
stative	𐑕𐑑𐑱𐑑𐑦𐑝	ˈsteɪtɪv	AJ0	RSSB	89	shave_says:𐑕𐑩𐑯𐑑𐑩𐑑𐑦𐑝
stearic	𐑕𐑑𐑦𐑼𐑦𐑒	sti+ərɪk	AJ0	RSSB	89	shave_says:𐑕𐑑𐑽𐑦𐑒
stearic	𐑕𐑑𐑰𐑨𐑮𐑦𐑒	stiːˈærɪk	AJ0	GenAm	89	shave_says:𐑕𐑑𐑽𐑦𐑒
steganography	𐑕𐑑𐑧𐑜𐑳𐑯𐑪𐑜𐑮𐑳𐑓𐑦	ˌsteɡʌnˈɒɡrʌfi	NN1	GenAm	89	shave_says:[𐑕𐑑𐑧𐑜𐑩𐑯𐑪𐑜𐑮𐑩𐑓𐑦 / 𐑕𐑑𐑧𐑜𐑩𐑯𐑴𐑜𐑮𐑩𐑓𐑦 / 𐑕𐑑𐑧𐑜𐑩𐑯𐑩𐑜𐑮𐑭𐑓𐑦]
stegosaur	𐑕𐑑𐑧𐑜𐑩𐑕𐑹	ˈsteɡəsɔːr	NN1	GenAm	89	shave_says:[𐑕𐑑𐑧𐑜𐑴𐑕𐑹 / 𐑕𐑑𐑧𐑜𐑴𐑟𐑹]
stemmatics	𐑕𐑑𐑩𐑥𐑨𐑑𐑦𐑒𐑕	stəˈmætɪks	NN1	RSSB	89	shave_says:𐑕𐑑𐑧𐑥𐑨𐑑𐑦𐑒𐑕
stenosis	𐑕𐑑𐑦𐑯𐑴𐑕𐑦𐑕	stɪˈnəʊsɪs	NN1	RSSB	89	shave_says:[𐑕𐑑𐑧𐑯𐑴𐑕𐑦𐑕 / 𐑕𐑑𐑧𐑯𐑴𐑟𐑦𐑕 / 𐑕𐑑𐑧𐑯𐑴𐑕𐑦𐑟]
stenosis	𐑕𐑑𐑩𐑯𐑴𐑕𐑦𐑕	stəˈnoʊsɪs	NN1	GenAm	89	shave_says:[𐑕𐑑𐑧𐑯𐑴𐑕𐑦𐑕 / 𐑕𐑑𐑧𐑯𐑴𐑟𐑦𐑕 / 𐑕𐑑𐑧𐑯𐑴𐑕𐑦𐑟]
sternocleidomastoid	𐑕𐑑𐑻𐑯𐑩𐑒𐑤𐑲𐑛𐑩𐑥𐑨𐑕𐑑𐑶𐑛	ˌstɜːRnəˌklaɪdəˈmæˌstɔɪd	NN1	GenAm	89	shave_says:[𐑕𐑑𐑻𐑯𐑪𐑒𐑤𐑦𐑛𐑴𐑥𐑨𐑕𐑑𐑶𐑛 / 𐑕𐑑𐑻𐑯𐑪𐑒𐑤𐑦𐑛𐑴𐑥𐑨𐑕𐑑𐑴𐑦𐑛]
sternutatory	𐑕𐑑𐑻𐑯𐑿𐑑𐑩𐑑𐑹𐑦	stɜːRnjuːtətɔːri	AJ0	RSSB	89	shave_says:[𐑕𐑑𐑻𐑯𐑳𐑑𐑩𐑑𐑼𐑦 / 𐑕𐑑𐑻𐑯𐑳𐑑𐑱𐑑𐑼𐑦]
sternutatory	𐑕𐑑𐑻𐑯𐑵𐑑𐑩𐑑𐑹𐑦	stɜːRˈnuːtəˌtɔːri	AJ0	GenAm	89	shave_says:[𐑕𐑑𐑻𐑯𐑳𐑑𐑩𐑑𐑼𐑦 / 𐑕𐑑𐑻𐑯𐑳𐑑𐑱𐑑𐑼𐑦]
stevia	𐑕𐑑𐑰𐑝𐑾	ˈstiːvɪə	NN1	RSSB	89	shave_says:𐑕𐑑𐑰𐑝𐑦𐑩
stigmata	𐑕𐑑𐑦𐑜𐑥𐑩𐑑𐑩	ˈstɪɡmətə	NN1	RSSB	89	shave_says:[𐑕𐑑𐑦𐑜𐑥𐑭𐑑𐑩 / 𐑕𐑑𐑦𐑜𐑥𐑱𐑑𐑩 / 𐑕𐑑𐑦𐑜𐑥𐑨𐑑𐑩]
stilboestrol	𐑕𐑑𐑦𐑤𐑚𐑰𐑕𐑑𐑮𐑪𐑤	stɪlˈbiːstrɒl	NN1	RSSB	89	shave_says:[𐑕𐑑𐑦𐑤𐑚𐑴𐑕𐑑𐑮𐑩𐑤 / 𐑕𐑑𐑦𐑤𐑚𐑴𐑕𐑑𐑮𐑴𐑤]
stoichiometry	𐑕𐑑𐑶𐑒𐑦𐑪𐑥𐑩𐑑𐑮𐑦	stɔɪkiɒmətri	NN1	RSSB	89	shave_says:[𐑕𐑑𐑶𐑒𐑦𐑴𐑥𐑧𐑑𐑮𐑦 / 𐑕𐑑𐑶𐑒𐑦𐑩𐑥𐑩𐑑𐑮𐑦]
stotinka	𐑕𐑑𐑪𐑑𐑦𐑙𐑒𐑩	stɒˈtɪŋkə	NN1	RSSB	89	shave_says:[𐑕𐑑𐑴𐑑𐑦𐑙𐑒𐑩 / 𐑕𐑑𐑴𐑑𐑦𐑯𐑒𐑩]
straightener	𐑕𐑑𐑮𐑱𐑑𐑯𐑼	ˈstreɪtnəR	NN1	GenAm	89	shave_says:𐑕𐑑𐑮𐑱𐑑𐑩𐑯𐑼
stratigraphy	𐑕𐑑𐑮𐑩𐑑𐑦𐑜𐑮𐑩𐑓𐑦	strəˈtɪɡrəfi	NN1	GenAm	89	shave_says:[𐑕𐑑𐑮𐑨𐑑𐑦𐑜𐑮𐑩𐑓𐑦 / 𐑕𐑑𐑮𐑨𐑑𐑦𐑜𐑮𐑭𐑓𐑦]
stratus	𐑕𐑑𐑮𐑱𐑑𐑩𐑕	streɪtəs	NN1	RSSB	89	shave_says:𐑕𐑑𐑮𐑨𐑑𐑩𐑕
streptokinase	𐑕𐑑𐑮𐑧𐑐𐑑𐑩𐑒𐑲𐑯𐑱𐑟	streptəkaɪneɪz	NN1	RSSB	89	shave_says:[𐑕𐑑𐑮𐑧𐑐𐑑𐑴𐑒𐑦𐑯𐑱𐑕 / 𐑕𐑑𐑮𐑧𐑐𐑑𐑴𐑒𐑰𐑯𐑱𐑕]
streptokinase	𐑕𐑑𐑮𐑧𐑐𐑑𐑴𐑒𐑲𐑯𐑱𐑕	ˌstreptoʊˈkaɪneɪs	NN1	GenAm	89	shave_says:[𐑕𐑑𐑮𐑧𐑐𐑑𐑴𐑒𐑦𐑯𐑱𐑕 / 𐑕𐑑𐑮𐑧𐑐𐑑𐑴𐑒𐑰𐑯𐑱𐑕]
stria	𐑕𐑑𐑮𐑲𐑩	straɪə	NN1	RSSB	89	shave_says:𐑕𐑑𐑮𐑦𐑩
strickle	𐑕𐑑𐑮𐑦𐑒𐑩𐑤	strɪkəl	NN1	RSSB	89	shave_says:𐑕𐑑𐑮𐑦𐑒𐑒𐑩𐑤
stridor	𐑕𐑑𐑮𐑪𐑘𐑑𐑮	ˈstrɒjtr	NN1	GenAm	89	shave_says:𐑕𐑑𐑮𐑲𐑛𐑼
stroma	𐑕𐑑𐑮𐑴𐑥𐑩	stroʊmə	NN1	RSSB	89	shave_says:𐑕𐑑𐑮𐑪𐑥𐑩
strombus	𐑕𐑑𐑮𐑭𐑥𐑚𐑩𐑕	strɑːmbəs	NN1	RSSB	89	shave_says:[𐑕𐑑𐑮𐑪𐑥𐑚𐑳𐑕 / 𐑕𐑑𐑮𐑪𐑥𐑚𐑩𐑕 / 𐑕𐑑𐑮𐑪𐑥𐑚𐑵𐑟]
strontianite	𐑕𐑑𐑮𐑪𐑯𐑑𐑰𐑩𐑯𐑲𐑑	strɒntiːənaɪt	NN1	RSSB	89	shave_says:𐑕𐑑𐑮𐑪𐑯𐑑𐑦𐑩𐑯𐑲𐑑
struma	𐑕𐑑𐑮𐑵𐑥𐑩	struːmə	NN1	RSSB	89	shave_says:𐑕𐑑𐑮𐑳𐑥𐑩
stupa	𐑕𐑑𐑵𐑐𐑩	ˈstuːpə	NN1	RSSB	89	shave_says:𐑕𐑑𐑿𐑐𐑩
subaqueous	𐑕𐑳𐑚𐑱𐑒𐑢𐑦𐑩𐑕	sʌˈbeɪkwi+əs	AJ0	RSSB	89	shave_says:𐑕𐑳𐑚𐑱𐑒𐑢𐑾𐑕
subarctic	𐑕𐑳𐑚𐑸𐑑𐑦𐑒	sʌbɑːRtɪk	AJ0	RSSB	89	shave_says:𐑕𐑳𐑚𐑸𐑒𐑑𐑦𐑒
subduction	𐑕𐑩𐑚𐑛𐑳𐑒𐑖𐑩𐑯	səbˈdʌkʃən	NN1	RSSB	89	shave_says:𐑕𐑳𐑚𐑛𐑳𐑒𐑑𐑦𐑩𐑯
subduer	𐑕𐑳𐑚𐑛𐑿𐑼	sʌbdjuːəR	NN1	RSSB	89	shave_says:[𐑕𐑩𐑚𐑛𐑿𐑼 / 𐑕𐑳𐑚𐑛𐑵𐑼]
subjacent	𐑕𐑳𐑚𐑡𐑱𐑕𐑩𐑯𐑑	sʌbˈdʒeɪsənt	AJ0	RSSB	89	shave_says:𐑕𐑳𐑚𐑡𐑭𐑕𐑧𐑯𐑑
subnormality	𐑕𐑳𐑚𐑯𐑹𐑥𐑨𐑤𐑦𐑑𐑦	sʌbnɔːRmælɪtɪ	NN1	RSSB	89	shave_says:𐑕𐑳𐑚𐑯𐑹𐑥𐑩𐑤𐑦𐑑𐑦
subsidiarity	𐑕𐑩𐑚𐑕𐑦𐑛𐑦𐑨𐑮𐑦𐑑𐑦	səbsɪdiærɪti	NN1	RSSB	89	shave_says:𐑕𐑩𐑚𐑕𐑦𐑛𐑽𐑦𐑑𐑦
succade	𐑕𐑩𐑒𐑱𐑛	səˈkeɪd	NN1	RSSB	89	
succedaneum	𐑕𐑳𐑒𐑕𐑦𐑛𐑱𐑯𐑾𐑥	sʌksɪˈdeɪnɪəm	NN1	RSSB	89	
succinylcholine	𐑕𐑳𐑒𐑕𐑦𐑯𐑲𐑤𐑒𐑴𐑤𐑰𐑯	ˌsʌksɪnaɪlˈkəʊliːn	NN1	RSSB	89	shave_says:[𐑕𐑩𐑒𐑕𐑦𐑯𐑦𐑤𐑒𐑴𐑤𐑰𐑯 / 𐑕𐑳𐑒𐑕𐑦𐑯𐑦𐑤𐑗𐑴𐑤𐑲𐑯 / 𐑕𐑳𐑒𐑕𐑦𐑯𐑦𐑤𐑗𐑴𐑤𐑰𐑯 / 𐑕𐑳𐑒𐑕𐑦𐑯𐑦𐑤𐑗𐑩𐑤𐑰𐑯]
succinylcholine	𐑕𐑳𐑒𐑕𐑦𐑯𐑦𐑤𐑒𐑴𐑤𐑰𐑯	ˌsʌksɪnɪlˈkoʊˌliːn	NN1	GenAm	89	shave_says:[𐑕𐑩𐑒𐑕𐑦𐑯𐑦𐑤𐑒𐑴𐑤𐑰𐑯 / 𐑕𐑳𐑒𐑕𐑦𐑯𐑦𐑤𐑗𐑴𐑤𐑲𐑯 / 𐑕𐑳𐑒𐑕𐑦𐑯𐑦𐑤𐑗𐑴𐑤𐑰𐑯 / 𐑕𐑳𐑒𐑕𐑦𐑯𐑦𐑤𐑗𐑩𐑤𐑰𐑯]
sucralfate	𐑕𐑵𐑒𐑮𐑩𐑤𐑓𐑱𐑑	suːkrəlfeɪt	NN1	RSSB	89	
sucralfate	𐑕𐑫𐑒𐑮𐑨𐑤𐑓𐑱𐑑	suˈkrælˌfeɪt	NN1	GenAm	89	
sucre	𐑕𐑵𐑒𐑮𐑱	ˈsuːkreɪ	NN1	RSSB	89	shave_says:𐑕𐑵𐑒𐑮𐑧
sucrose	𐑕𐑵𐑒𐑮𐑴𐑟	ˈsuːkrəʊz	NN1	RSSB	89	shave_says:𐑕𐑵𐑒𐑮𐑴𐑕
sucrose	𐑕𐑫𐑒𐑮𐑴𐑕	ˈsukroʊs	NN1	GenAm	89	shave_says:𐑕𐑵𐑒𐑮𐑴𐑕
sudoku	𐑕𐑫𐑛𐑴𐑒𐑫	sʊˈdoʊku	NN1	GenAm	89	shave_says:[𐑕𐑵𐑛𐑴𐑒𐑵 / 𐑕𐑳𐑛𐑴𐑒𐑵 / 𐑕𐑵𐑛𐑪𐑒𐑵]
sudorific	𐑕𐑵𐑛𐑼𐑦𐑓𐑦𐑒	suːdərɪfɪk	AJ0	RSSB	89	shave_says:𐑕𐑵𐑛𐑹𐑦𐑓𐑦𐑒
sudorific	𐑕𐑫𐑛𐑼𐑦𐑓𐑦𐑒	ˌsudəˈrɪfɪk	AJ0	GenAm	89	shave_says:𐑕𐑵𐑛𐑹𐑦𐑓𐑦𐑒
suffocative	𐑕𐑳𐑓𐑩𐑒𐑩𐑑𐑦𐑝	ˈsʌfəkətɪv	AJ0	RSSB	89	shave_says:𐑕𐑳𐑓𐑩𐑒𐑱𐑑𐑦𐑝
suffrutex	𐑕𐑳𐑓𐑮𐑵𐑑𐑧𐑒𐑕	ˈsʌfruːteks	NN1	RSSB	89	
sulfadiazine	𐑕𐑳𐑤𐑓𐑩𐑛𐑲𐑩𐑟𐑰𐑯	ˌsʌlfəˈdaɪ+əziːn	NN1	RSSB	89	
sulfamethoxazole	𐑕𐑳𐑤𐑓𐑩𐑥𐑦𐑑𐑪𐑒𐑕𐑩𐑟𐑴𐑤	ˌsʌlfəmɪˈtɒksəzəʊl	NN1	RSSB	89	shave_says:[𐑕𐑳𐑤𐑓𐑱𐑥𐑩𐑔𐑪𐑒𐑕𐑱𐑟𐑴𐑤 / 𐑕𐑳𐑤𐑓𐑱𐑥𐑩𐑔𐑪𐑒𐑕𐑱𐑟𐑴𐑩𐑤]
sulfamethoxazole	𐑕𐑳𐑤𐑓𐑩𐑥𐑧𐑔𐑪𐑒𐑕𐑩𐑟𐑴𐑤	ˌsʌlfəˌmeˈθɒksəˌzoʊl	NN1	GenAm	89	shave_says:[𐑕𐑳𐑤𐑓𐑱𐑥𐑩𐑔𐑪𐑒𐑕𐑱𐑟𐑴𐑤 / 𐑕𐑳𐑤𐑓𐑱𐑥𐑩𐑔𐑪𐑒𐑕𐑱𐑟𐑴𐑩𐑤]
sulfuric	𐑕𐑳𐑤𐑓𐑘𐑫𐑮𐑦𐑒	sʌlˈfjurɪk	AJ0	GenAm	89	shave_says:𐑕𐑳𐑤𐑓𐑘𐑫𐑼𐑦𐑒
sulfurous	𐑕𐑳𐑤𐑓𐑘𐑫𐑮𐑩𐑕	sʌlfjurəs	AJ0	RSSB	89	shave_says:[𐑕𐑳𐑤𐑓𐑼𐑩𐑕 / 𐑕𐑳𐑤𐑓𐑼𐑴𐑩𐑕 / 𐑕𐑳𐑤𐑓𐑼𐑴𐑵𐑟]
sunni	𐑕𐑫𐑯𐑦	ˈsʊni	NN1	RSSB	89	shave_says:𐑕𐑵𐑯𐑦
supercilium	𐑕𐑫𐑐𐑼𐑕𐑦𐑤𐑦𐑩𐑥	ˌsupəRˈsɪli+əm	NN1	GenAm	89	shave_says:[𐑕𐑵𐑐𐑼𐑕𐑦𐑤𐑦𐑩𐑥 / 𐑕𐑵𐑐𐑼𐑕𐑦𐑤𐑦𐑵𐑥]
supererogatory	𐑕𐑵𐑐𐑼𐑧𐑮𐑪𐑜𐑩𐑑𐑼𐑦	suːpərerɒɡətəri	AJ0	RSSB	89	shave_says:[𐑕𐑵𐑐𐑼𐑧𐑮𐑩𐑜𐑩𐑑𐑼𐑦 / 𐑕𐑵𐑐𐑼𐑼𐑪𐑜𐑩𐑑𐑹𐑦 / 𐑕𐑵𐑐𐑼𐑧𐑮𐑩𐑜𐑱𐑑𐑼𐑦]
superfecundation	𐑕𐑫𐑐𐑼𐑓𐑦𐑒𐑩𐑯𐑛𐑱𐑖𐑩𐑯	supərfikəndeɪʃən	NN1	RSSB	89	shave_says:𐑕𐑵𐑐𐑼𐑓𐑧𐑒𐑩𐑯𐑛𐑱𐑖𐑩𐑯
superhet	𐑕𐑫𐑐𐑼𐑣𐑧𐑑	ˌsupəRˈhet	NN1	GenAm	89	shave_says:𐑕𐑵𐑐𐑼𐑣𐑧𐑑
superjacent	𐑕𐑵𐑐𐑼𐑡𐑱𐑕𐑩𐑯𐑑	suːpəRdʒeɪsənt	AJ0	RSSB	89	shave_says:𐑕𐑵𐑐𐑼𐑡𐑭𐑕𐑧𐑯𐑑
supinate	𐑕𐑵𐑐𐑩𐑯𐑱𐑑	ˈsuːpəˌneɪt	VVI	GenAm	89	shave_says:[𐑕𐑵𐑐𐑲𐑯𐑱𐑑 / 𐑕𐑵𐑐𐑦𐑯𐑱𐑑]
supposititious	𐑕𐑩𐑐𐑪𐑟𐑦𐑑𐑦𐑖𐑩𐑕	səˌpɒzɪˈtɪʃəs	AJ0	RSSB	89	shave_says:[𐑕𐑩𐑐𐑴𐑟𐑲𐑑𐑦𐑖𐑩𐑕 / 𐑕𐑩𐑐𐑴𐑟𐑦𐑑𐑦𐑖𐑩𐑕 / 𐑕𐑩𐑐𐑴𐑟𐑲𐑑𐑦𐑑𐑦𐑩𐑕 / 𐑕𐑩𐑐𐑴𐑟𐑲𐑑𐑲𐑑𐑦𐑩𐑕 / 𐑕𐑩𐑐𐑴𐑟𐑲𐑑𐑦𐑑𐑦𐑴𐑩𐑕]
supposititious	𐑕𐑩𐑐𐑪𐑟𐑩𐑑𐑦𐑖𐑩𐑕	səˌpɒzəˈtɪʃəs	AJ0	GenAm	89	shave_says:[𐑕𐑩𐑐𐑴𐑟𐑲𐑑𐑦𐑖𐑩𐑕 / 𐑕𐑩𐑐𐑴𐑟𐑦𐑑𐑦𐑖𐑩𐑕 / 𐑕𐑩𐑐𐑴𐑟𐑲𐑑𐑦𐑑𐑦𐑩𐑕 / 𐑕𐑩𐑐𐑴𐑟𐑲𐑑𐑲𐑑𐑦𐑩𐑕 / 𐑕𐑩𐑐𐑴𐑟𐑲𐑑𐑦𐑑𐑦𐑴𐑩𐑕]
supraorbital	𐑕𐑫𐑐𐑮𐑩𐑹𐑚𐑩𐑑𐑩𐑤	ˌsuprəˈɔːRbətəl	AJ0	GenAm	89	shave_says:[𐑕𐑵𐑐𐑮𐑩𐑹𐑚𐑦𐑑𐑩𐑤 / 𐑕𐑵𐑐𐑮𐑩𐑼𐑚𐑰𐑑𐑩𐑤 / 𐑕𐑵𐑐𐑮𐑩𐑼𐑚𐑲𐑑𐑩𐑤 / 𐑕𐑵𐑐𐑮𐑩𐑼𐑚𐑦𐑑𐑩𐑤]
surcease	𐑕𐑻𐑕𐑰𐑕	ˈsɜːRˌsiːs	NN1	GenAm	89	shave_says:𐑕𐑼𐑕𐑰𐑕
surfactant	𐑕𐑼𐑓𐑨𐑒𐑑𐑩𐑯𐑑	sərfæktənt	NN1	RSSB	89	shave_says:𐑕𐑻𐑓𐑨𐑒𐑑𐑩𐑯𐑑
surficial	𐑕𐑻𐑓𐑦𐑖𐑤	sɜːRfɪʃl	AJ0	RSSB	89	shave_says:[𐑕𐑻𐑓𐑦𐑖𐑩𐑤 / 𐑕𐑻𐑓𐑦𐑕𐑦𐑩𐑤 / 𐑕𐑻𐑓𐑦𐑒𐑦𐑩𐑤]
surficial	𐑕𐑼𐑓𐑦𐑖𐑤	sərˈfɪʃl	AJ0	GenAm	89	shave_says:[𐑕𐑻𐑓𐑦𐑖𐑩𐑤 / 𐑕𐑻𐑓𐑦𐑕𐑦𐑩𐑤 / 𐑕𐑻𐑓𐑦𐑒𐑦𐑩𐑤]
surmullet	𐑕𐑼𐑥𐑩𐑤𐑩𐑑	səRmələt	NN1	RSSB	89	shave_says:[𐑕𐑻𐑥𐑳𐑤𐑩𐑑 / 𐑕𐑻𐑥𐑫𐑤𐑩𐑑]
surrebutter	𐑕𐑳𐑮𐑦𐑚𐑳𐑑𐑼	sʌrɪbʌtəR	NN1	RSSB	89	shave_says:𐑕𐑻𐑮𐑦𐑚𐑳𐑑𐑼
surtout	𐑕𐑻𐑑𐑵	sɜːRtuː	NN1	RSSB	89	shave_says:[𐑕𐑻𐑑𐑬𐑑 / 𐑕𐑻𐑑𐑴𐑳𐑑]
sushi	𐑕𐑫𐑖𐑦	ˈsʊʃi	NN1	RSSB	89	shave_says:[𐑕𐑵𐑖𐑧𐑦 / 𐑕𐑵𐑖𐑦]
suslik	𐑕𐑳𐑕𐑤𐑦𐑒	ˈsʌslɪk	NN1	RSSB	89	shave_says:𐑕𐑵𐑕𐑤𐑦𐑒
suspire	𐑕𐑩𐑕𐑐𐑲𐑼	səspaɪəR	VVI	RSSB	89	shave_says:𐑕𐑵𐑕𐑐𐑲𐑼
susurrus	𐑕𐑫𐑕𐑼𐑩𐑕	ˈsusərəs	NN1	GenAm	89	shave_says:𐑕𐑵𐑕𐑼𐑩𐑕
sutra	𐑕𐑵𐑑𐑮𐑩	suːtrə	NN1	RSSB	89	shave_says:𐑕𐑳𐑑𐑮𐑩
suv	𐑧𐑕𐑿𐑝𐑰	ˌesjuːˈviː	NN1	RSSB	89	shave_says:𐑕𐑵𐑝
suv	𐑧𐑕𐑘𐑫𐑝𐑰	ˌesjuˈviː	NN1	GenAm	89	shave_says:𐑕𐑵𐑝
svengali	𐑕𐑝𐑧𐑙𐑜𐑭𐑤𐑦	sveŋˈɡɑːli	NN1	RSSB	89	shave_says:𐑕𐑝𐑧𐑯𐑜𐑭𐑤𐑦
swagman	𐑕𐑢𐑨𐑜𐑥𐑨𐑯	ˈswæɡˌmæn	NN1	GenAm	89	shave_says:𐑕𐑢𐑨𐑜𐑥𐑩𐑯
swamphen	𐑕𐑢𐑪𐑥𐑐𐑣𐑧𐑯	ˈswɒmphen	NN1	RSSB	89	shave_says:𐑕𐑢𐑨𐑥𐑓𐑩𐑯
swither	𐑕𐑢𐑦𐑞𐑼	swɪðəR	NN1	RSSB	89	shave_says:𐑕𐑢𐑦𐑔𐑼
swoosh	𐑕𐑢𐑫𐑖	ˈswʊʃ	NN1	RSSB	89	shave_says:𐑕𐑢𐑵𐑖
syllabub	𐑕𐑦𐑤𐑩𐑚𐑳𐑚	ˈsɪləˌbʌb	NN1	GenAm	89	shave_says:𐑕𐑦𐑤𐑨𐑚𐑳𐑚
syllepsis	𐑕𐑦𐑤𐑧𐑐𐑕𐑦𐑕	sɪˈlepsɪs	NN1	RSSB	89	
symphysis	𐑕𐑦𐑥𐑓𐑦𐑕𐑦𐑕	ˈsɪmfɪsɪs	NN1	RSSB	89	shave_says:[𐑕𐑦𐑥𐑓𐑦𐑟𐑦𐑕 / 𐑕𐑦𐑥𐑓𐑦𐑟𐑦𐑟]
symploce	𐑕𐑦𐑥𐑐𐑤𐑴𐑕𐑦	ˈsɪmploʊsi	NN1	GenAm	89	shave_says:𐑕𐑦𐑥𐑐𐑤𐑴𐑕
synaeresis	𐑕𐑦𐑯𐑧𐑮𐑩𐑕𐑦𐑕	sɪnerəsɪs	NN1	RSSB	89	shave_says:[𐑕𐑦𐑯𐑩𐑼𐑰𐑕𐑦𐑕 / 𐑕𐑦𐑯𐑺𐑰𐑕𐑦𐑕 / 𐑕𐑦𐑯𐑩𐑼𐑰𐑟𐑦𐑕 / 𐑕𐑦𐑯𐑩𐑼𐑰𐑟𐑦𐑟]
synaesthesia	𐑕𐑦𐑯𐑦𐑕𐑔𐑰𐑠𐑩	ˌsɪnɪsˈθiːʒə	NN1	RSSB	89	shave_says:𐑕𐑦𐑯𐑰𐑕𐑔𐑰𐑟𐑦𐑩
synaesthesia	𐑕𐑦𐑯𐑩𐑕𐑔𐑰𐑠𐑩	ˌsɪnəsˈθiːʒə	NN1	GenAm	89	shave_says:𐑕𐑦𐑯𐑰𐑕𐑔𐑰𐑟𐑦𐑩
synapsid	𐑕𐑦𐑯𐑨𐑐𐑕𐑩𐑛	sɪˈnapsƏd	NN1	RSSB	89	shave_says:𐑕𐑦𐑯𐑨𐑐𐑕𐑦𐑛
synchrocyclotron	𐑕𐑦𐑙𐑒𐑮𐑴𐑕𐑲𐑒𐑤𐑩𐑑𐑮𐑪𐑯	sɪŋkrəʊsaɪklətrɒn	NN1	RSSB	89	shave_says:[𐑕𐑦𐑙𐑒𐑮𐑴𐑕𐑲𐑒𐑩𐑤𐑴𐑑𐑮𐑪𐑯 / 𐑕𐑦𐑙𐑒𐑮𐑴𐑕𐑲𐑒𐑩𐑤𐑪𐑑𐑮𐑩𐑯]
synchronic	𐑕𐑦𐑙𐑒𐑮𐑪𐑯𐑦𐑒	sɪŋˈkrɒnɪk	AJ0	GenAm	89	shave_says:𐑕𐑦𐑯𐑒𐑮𐑪𐑯𐑦𐑒
syncretism	𐑕𐑦𐑙𐑒𐑮𐑩𐑑𐑦𐑕𐑥	sɪŋkrətɪsm	NN1	RSSB	89	shave_says:[𐑕𐑦𐑙𐑒𐑮𐑩𐑑𐑦𐑟𐑩𐑥 / 𐑕𐑦𐑯𐑒𐑮𐑩𐑑𐑦𐑟𐑩𐑥 / 𐑕𐑦𐑙𐑒𐑮𐑰𐑑𐑦𐑟𐑩𐑥]
synecdoche	𐑕𐑦𐑯𐑧𐑒𐑛𐑩𐑒𐑦	sɪˈnekdəki	NN1	RSSB	89	shave_says:𐑕𐑩𐑯𐑧𐑒𐑛𐑩𐑒𐑦
synecdochical	𐑕𐑦𐑯𐑩𐑒𐑛𐑴𐑒𐑦𐑒𐑩𐑤	ˌsɪnəkˈdoʊkɪkəl	AJ0	GenAm	89	shave_says:𐑕𐑩𐑯𐑧𐑒𐑛𐑩𐑒𐑦𐑦𐑒𐑩𐑤
synechia	𐑕𐑦𐑯𐑧𐑒𐑦𐑩	sɪˈneki+ə	NN1	GenAm	89	shave_says:𐑕𐑲𐑯𐑗𐑦𐑩
synoecious	𐑕𐑦𐑯𐑰𐑖𐑩𐑕	sɪˈniːʃəs	AJ0	RSSB	89	
synonymy	𐑕𐑦𐑯𐑪𐑯𐑩𐑥𐑦	sɪˈnɒnəmi	NN1	RSSB	89	shave_says:𐑕𐑦𐑯𐑩𐑯𐑦𐑥𐑦
synovia	𐑕𐑦𐑯𐑴𐑝𐑦𐑩	sɪˈnoʊvi+ə	NN1	GenAm	89	shave_says:𐑕𐑲𐑯𐑴𐑝𐑦𐑩
synovial	𐑕𐑦𐑯𐑴𐑝𐑦𐑩𐑤	sɪˈnoʊvi+əl	AJ0	GenAm	89	shave_says:[𐑕𐑲𐑯𐑴𐑝𐑦𐑩𐑤 / 𐑕𐑲𐑯𐑴𐑓𐑦𐑩𐑤 / 𐑕𐑦𐑯𐑳𐑝𐑦𐑩𐑤]
synovium	𐑕𐑦𐑯𐑴𐑝𐑦𐑩𐑥	sɪˈnoʊvi+əm	NN1	GenAm	89	shave_says:𐑕𐑲𐑯𐑴𐑝𐑦𐑩𐑥
syntagm	𐑕𐑦𐑯𐑑𐑨𐑥	ˈsɪntæm	NN1	RSSB	89	shave_says:𐑕𐑦𐑯𐑑𐑨𐑜𐑥
tabbouleh	𐑑𐑩𐑚𐑵𐑤𐑦	təˈbuːli	NN1	RSSB	89	shave_says:[𐑑𐑨𐑚𐑵𐑤𐑧 / 𐑑𐑨𐑚𐑴𐑿𐑤𐑧]
tabes	𐑑𐑱𐑚𐑰𐑟	ˈteɪbiːz	NN1	RSSB	89	
tablature	𐑑𐑨𐑚𐑤𐑩𐑗𐑻	tæblətʃɜːR	NN1	RSSB	89	shave_says:𐑑𐑱𐑚𐑩𐑤𐑩𐑗𐑼
taboret	𐑑𐑨𐑚𐑼𐑧𐑑	tæbəret	NN1	RSSB	89	shave_says:𐑑𐑱𐑚𐑼𐑩𐑑
tachometer	𐑑𐑩𐑒𐑪𐑥𐑩𐑑𐑼	təkɒmətəR	NN1	RSSB	89	shave_says:[𐑑𐑨𐑒𐑪𐑥𐑦𐑑𐑼 / 𐑑𐑨𐑒𐑴𐑥𐑰𐑑𐑼 / 𐑑𐑨𐑒𐑩𐑥𐑩𐑑𐑼 / 𐑑𐑨𐑒𐑣𐑴𐑥𐑩𐑑𐑼]
tael	𐑑𐑱𐑤	teɪl	NN1	RSSB	89	shave_says:𐑑𐑭𐑩𐑤
tagalog	𐑑𐑩𐑜𐑭𐑤𐑪𐑜	təˈɡɑːlɒɡ	NN1	RSSB	89	shave_says:𐑑𐑩𐑜𐑭𐑤𐑩𐑜
tagalog	𐑑𐑩𐑜𐑪𐑤𐑩𐑜	təˈɡɒləɡ	NN1	GenAm	89	shave_says:𐑑𐑩𐑜𐑭𐑤𐑩𐑜
tagliatelle	𐑑𐑨𐑤𐑘𐑩𐑑𐑧𐑤𐑦	ˌtæljəˈteli	NN1	GenAm	89	shave_says:[𐑑𐑨𐑜𐑤𐑦𐑱𐑑𐑧𐑤 / 𐑑𐑨𐑜𐑤𐑦𐑨𐑑𐑧𐑤 / 𐑑𐑨𐑜𐑤𐑦𐑩𐑑𐑧𐑤𐑩𐑤]
tajik	𐑑𐑭𐑡𐑦𐑒	ˈtɑːdʒɪk	NN1	GenAm	89	shave_says:𐑑𐑩𐑡𐑰𐑒
talaria	𐑑𐑩𐑤𐑺𐑾	təleərɪə	NN1	RSSB	89	shave_says:[𐑑𐑱𐑤𐑺𐑦𐑩 / 𐑑𐑭𐑤𐑺𐑦𐑩 / 𐑑𐑭𐑤𐑸𐑦𐑩]
talaria	𐑑𐑩𐑤𐑧𐑮𐑾	təˈleriə	NN1	GenAm	89	shave_says:[𐑑𐑱𐑤𐑺𐑦𐑩 / 𐑑𐑭𐑤𐑺𐑦𐑩 / 𐑑𐑭𐑤𐑸𐑦𐑩]
talismanic	𐑑𐑨𐑤𐑦𐑟𐑥𐑨𐑯𐑦𐑒	ˌtælɪzˈmænɪk	AJ0	RSSB	89	shave_says:𐑑𐑨𐑤𐑦𐑟𐑥𐑩𐑯𐑦𐑒
tamandua	𐑑𐑩𐑥𐑨𐑯𐑛𐑫𐑩	təˈmænduə	NN1	RSSB	89	shave_says:𐑑𐑭𐑥𐑭𐑯𐑛𐑵𐑩
tamarin	𐑑𐑨𐑥𐑼𐑦𐑯	tæmərɪn	NN1	RSSB	89	shave_says:𐑑𐑱𐑥𐑸𐑦𐑯
tamoxifen	𐑑𐑩𐑥𐑪𐑒𐑕𐑦𐑓𐑧𐑯	təˈmɒksɪfen	NN1	RSSB	89	
tamoxifen	𐑑𐑩𐑥𐑪𐑒𐑕𐑦𐑓𐑩𐑯	təˈmɒksɪfən	NN1	GenAm	89	
tanager	𐑑𐑨𐑯𐑩𐑡𐑼	tænədʒəR	NN1	RSSB	89	shave_says:𐑑𐑨𐑯𐑦𐑡𐑼
tandoor	𐑑𐑨𐑯𐑛𐑫𐑼	tændʊəR	NN1	RSSB	89	shave_says:[𐑑𐑨𐑯𐑛𐑹 / 𐑑𐑨𐑯𐑛𐑵𐑮]
tangential	𐑑𐑨𐑯𐑡𐑧𐑯𐑗𐑩𐑤	tænˈdʒentʃəl	AJ0	GenAm	89	shave_says:𐑑𐑨𐑯𐑡𐑩𐑯𐑑𐑦𐑩𐑤
tangentially	𐑑𐑨𐑯𐑡𐑧𐑯𐑖𐑦𐑩𐑤𐑦	tænˈdʒenʃi+əli	AV0	RSSB	89	shave_says:[𐑑𐑨𐑯𐑡𐑧𐑯𐑖𐑩𐑤𐑦 / 𐑑𐑨𐑯𐑡𐑩𐑯𐑑𐑦𐑩𐑤𐑤𐑦 / 𐑑𐑨𐑯𐑡𐑩𐑯𐑑𐑦𐑷𐑤𐑦]
tao	𐑛𐑬	daʊ	NN1	RSSB	89	shave_says:𐑑𐑬
taoiseach	𐑑𐑰𐑖𐑩𐑒	ˈtiːʃəx	NN1	RSSB	89	shave_says:𐑑𐑰𐑖𐑩𐑣𐑒
tapenade	𐑑𐑨𐑐𐑩𐑯𐑭𐑛	ˌtæpəˈnɑːd	NN1	RSSB	89	shave_says:𐑑𐑱𐑐𐑩𐑯𐑱𐑛
tapotement	𐑑𐑩𐑐𐑴𐑑𐑥𐑩𐑯𐑑	təˈpəʊtmənt	NN1	RSSB	89	shave_says:[𐑑𐑱𐑐𐑴𐑑𐑥𐑩𐑯𐑑 / 𐑑𐑱𐑐𐑴𐑑𐑥𐑧𐑯𐑑]
tarantism	𐑑𐑨𐑮𐑩𐑯𐑑𐑦𐑟𐑥	ˈtærənˌtɪzm	NN1	GenAm	89	shave_says:𐑑𐑨𐑮𐑩𐑯𐑑𐑦𐑟𐑩𐑥
tartarean	𐑑𐑸𐑑𐑸𐑦𐑩𐑯	tɑːRtɑːRi+ən	AJ0	RSSB	89	shave_says:𐑑𐑸𐑑𐑸𐑩𐑯
tasset	𐑑𐑨𐑕𐑦𐑑	ˈtæsɪt	NN1	RSSB	89	shave_says:𐑑𐑨𐑕𐑩𐑑
tatar	𐑑𐑨𐑑𐑸	tætɑːR	NN1	RSSB	89	shave_says:𐑑𐑭𐑑𐑼
tate	𐑑𐑷𐑑𐑱	tɔːteɪ	NN1	RSSB	89	shave_says:𐑑𐑱𐑑
taurine	𐑑𐑹𐑲𐑯	tɔːraɪn	AJ0	RSSB	89	shave_says:𐑑𐑹𐑰𐑯
taw	𐑑𐑬	ˈtaʊ	NN1	RSSB	89	shave_says:𐑑𐑷
taxon	𐑑𐑨𐑒𐑕𐑭𐑯	ˈtæksɑːn	NN1	GenAm	89	shave_says:[𐑑𐑨𐑒𐑕𐑩𐑯 / 𐑑𐑨𐑒𐑕𐑪𐑯]
tayra	𐑑𐑲𐑮𐑩	taɪrə	NN1	RSSB	89	shave_says:[𐑑𐑱𐑮𐑩 / 𐑑𐑭𐑲𐑼𐑩]
te	𐑑𐑰	tiː	NN1	RSSB	89	shave_says:𐑑𐑱
teepee	𐑑𐑰𐑐𐑦	ˈtiːpi	NN1	GenAm	89	shave_says:𐑑𐑰𐑐𐑰
teff	𐑑𐑧𐑓	tef	NN1	RSSB	89	
tegular	𐑑𐑧𐑜𐑘𐑩𐑤𐑼	teɡjələR	AJ0	RSSB	89	shave_says:𐑑𐑧𐑜𐑿𐑤𐑼
telamon	𐑑𐑧𐑤𐑩𐑥𐑴𐑯	ˈteləməʊn	NN1	RSSB	89	shave_says:[𐑑𐑧𐑤𐑱𐑥𐑩𐑯 / 𐑑𐑧𐑤𐑩𐑥𐑩𐑯]
telekinesis	𐑑𐑧𐑤𐑩𐑒𐑦𐑯𐑰𐑕𐑦𐑕	ˌteləkɪˈniːsɪs	NN1	RSSB	89	shave_says:[𐑑𐑧𐑤𐑦𐑒𐑦𐑯𐑰𐑕𐑦𐑕 / 𐑑𐑧𐑤𐑦𐑒𐑦𐑯𐑰𐑕𐑦𐑕 / 𐑑𐑧𐑤𐑦𐑒𐑦𐑯𐑰𐑟𐑦𐑕 / 𐑑𐑧𐑤𐑦𐑒𐑦𐑯𐑰𐑟𐑦𐑟]
telencephalon	𐑑𐑧𐑤𐑩𐑯𐑕𐑧𐑓𐑩𐑤𐑩𐑯	ˌtelənˈsefələn	NN1	RSSB	89	shave_says:𐑑𐑧𐑤𐑧𐑯𐑕𐑓𐑩𐑤𐑩𐑯
teleport	𐑑𐑧𐑤𐑩𐑐𐑹𐑑	teləpɔːRt	VVI	RSSB	89	shave_says:[𐑑𐑧𐑤𐑦𐑐𐑹𐑑 / 𐑑𐑧𐑤𐑦𐑐𐑹𐑑 / 𐑑𐑧𐑤𐑦𐑐𐑼𐑑]
tellurian	𐑑𐑧𐑤𐑘𐑫𐑼𐑦𐑩𐑯	teljʊərɪ+ən	AJ0	RSSB	89	shave_says:𐑑𐑧𐑤𐑫𐑼𐑦𐑩𐑯
tellurian	𐑑𐑧𐑤𐑫𐑮𐑦𐑩𐑯	teˈlʊri+ən	AJ0	GenAm	89	shave_says:𐑑𐑧𐑤𐑫𐑼𐑦𐑩𐑯
telomerase	𐑑𐑧𐑤𐑪𐑥𐑼𐑱𐑟	telɒməreɪz	NN1	RSSB	89	shave_says:𐑑𐑧𐑤𐑪𐑥𐑼𐑱𐑕
temazepam	𐑑𐑩𐑥𐑱𐑟𐑦𐑐𐑨𐑥	təˈmeɪzɪpam	NN1	RSSB	89	shave_says:𐑑𐑧𐑥𐑱𐑟𐑐𐑩𐑥
temazepam	𐑑𐑩𐑥𐑨𐑟𐑩𐑐𐑨𐑥	təˈmæzəˌpæm	NN1	GenAm	89	shave_says:𐑑𐑧𐑥𐑱𐑟𐑐𐑩𐑥
temblor	𐑑𐑧𐑥𐑚𐑤𐑹	temblɔːR	NN1	RSSB	89	shave_says:𐑑𐑧𐑥𐑚𐑤𐑼
temerarious	𐑑𐑧𐑥𐑼𐑺𐑦𐑩𐑕	teməreəri+əs	AJ0	RSSB	89	shave_says:[𐑑𐑧𐑥𐑼𐑼𐑦𐑩𐑕 / 𐑑𐑧𐑥𐑼𐑼𐑦𐑴𐑩𐑕 / 𐑑𐑧𐑥𐑼𐑼𐑦𐑴𐑵𐑟]
temporalis	𐑑𐑧𐑥𐑐𐑼𐑱𐑤𐑦𐑕	tempəreɪlɪs	NN1	RSSB	89	shave_says:𐑑𐑧𐑥𐑐𐑼𐑩𐑤𐑦𐑕
tempura	𐑑𐑧𐑥𐑐𐑫𐑮𐑩	tempʊrə	NN1	RSSB	89	shave_says:𐑑𐑧𐑥𐑐𐑫𐑼𐑩
tendinitis	𐑑𐑧𐑯𐑛𐑩𐑯𐑲𐑑𐑦𐑕	ˈtendənˌaɪtɪs	NN1	RSSB	89	shave_says:[𐑑𐑧𐑯𐑛𐑦𐑯𐑲𐑑𐑦𐑕 / 𐑑𐑧𐑯𐑛𐑰𐑯𐑲𐑑𐑦𐑕 / 𐑑𐑧𐑯𐑛𐑦𐑯𐑦𐑑𐑦𐑕 / 𐑑𐑧𐑯𐑛𐑦𐑯𐑲𐑑𐑦𐑟]
tenebrous	𐑑𐑧𐑯𐑩𐑚𐑮𐑩𐑕	ˈtenəbrəs	AJ0	GenAm	89	shave_says:[𐑑𐑧𐑯𐑦𐑚𐑮𐑩𐑕 / 𐑑𐑧𐑯𐑦𐑚𐑮𐑴𐑩𐑕 / 𐑑𐑧𐑯𐑦𐑚𐑮𐑴𐑵𐑟]
tenesmus	𐑑𐑦𐑯𐑧𐑟𐑥𐑩𐑕	tɪˈnezməs	NN1	RSSB	89	
tenge	𐑑𐑧𐑙𐑜𐑱	ˈteŋɡeɪ	NN1	RSSB	89	shave_says:𐑑𐑧𐑙𐑜𐑧
tepal	𐑑𐑧𐑐𐑤	ˈtepl	NN1	RSSB	89	shave_says:[𐑑𐑧𐑐𐑩𐑤 / 𐑑𐑧𐑐𐑧𐑩𐑤 / 𐑑𐑱𐑐𐑨𐑤]
tequila	𐑑𐑩𐑒𐑰𐑤𐑩	ˌtəˈkiːlə	NN1	RSSB	89	shave_says:𐑑𐑧𐑒𐑰𐑤𐑩
terazosin	𐑑𐑼𐑱𐑟𐑩𐑕𐑦𐑯	təˈreɪzəsɪn	NN1	GenAm	89	shave_says:𐑑𐑧𐑮𐑱𐑟𐑴𐑕𐑦𐑯
terbinafine	𐑑𐑼𐑚𐑦𐑯𐑩𐑓𐑰𐑯	təRˈbɪnəˌfiːn	NN1	GenAm	89	shave_says:[𐑑𐑻𐑚𐑰𐑯𐑩𐑓𐑲𐑯 / 𐑑𐑻𐑚𐑰𐑯𐑩𐑓𐑰𐑯]
teriyaki	𐑑𐑧𐑮𐑦𐑘𐑪𐑒𐑦	ˌteriˈjɒki	NN1	GenAm	89	shave_says:𐑑𐑧𐑮𐑦𐑘𐑭𐑒𐑦
termes	𐑑𐑻𐑥𐑰𐑟	tɜːRmiːz	NN1	RSSB	89	
ternate	𐑑𐑻𐑯𐑩𐑑	tɜːRnət	AJ0	RSSB	89	shave_says:𐑑𐑻𐑯𐑱𐑑
terrarium	𐑑𐑼𐑧𐑮𐑦𐑩𐑥	təˈreri+əm	NN1	GenAm	89	shave_says:𐑑𐑼𐑺𐑦𐑩𐑥
terrine	𐑑𐑼𐑦𐑯	tərin	NN1	RSSB	89	shave_says:𐑑𐑧𐑮𐑰𐑯
territoriality	𐑑𐑧𐑮𐑦𐑑𐑹𐑦𐑨𐑤𐑦𐑑𐑦	terɪtɔːrɪalɪti	NN1	RSSB	89	shave_says:𐑑𐑧𐑮𐑦𐑑𐑹𐑾𐑤𐑦𐑑𐑦
testicular	𐑑𐑧𐑕𐑑𐑦𐑒𐑘𐑩𐑤𐑼	testɪkjələR	AJ0	RSSB	89	shave_says:[𐑑𐑧𐑕𐑑𐑦𐑒𐑿𐑤𐑼 / 𐑑𐑧𐑕𐑑𐑦𐑒𐑵𐑤𐑼]
tetanic	𐑑𐑩𐑑𐑨𐑯𐑦𐑒	təˈtænɪk	AJ0	RSSB	89	shave_says:[𐑑𐑱𐑑𐑨𐑯𐑦𐑒 / 𐑑𐑧𐑑𐑨𐑯𐑦𐑒 / 𐑑𐑱𐑑𐑩𐑯𐑦𐑒]
tetracycline	𐑑𐑧𐑑𐑮𐑩𐑕𐑲𐑒𐑤𐑰𐑯	tetrəsaɪkliːn	NN1	RSSB	89	shave_says:[𐑑𐑧𐑑𐑮𐑩𐑕𐑲𐑒𐑤𐑲𐑯 / 𐑑𐑧𐑑𐑮𐑩𐑕𐑲𐑒𐑩𐑤𐑰𐑯]
tetragon	𐑑𐑧𐑑𐑮𐑩𐑜𐑩𐑯	tetrəɡən	NN1	RSSB	89	shave_says:[𐑑𐑧𐑑𐑮𐑩𐑜𐑪𐑯 / 𐑑𐑧𐑑𐑮𐑨𐑜𐑩𐑯]
tetrahydrocannabinol	𐑑𐑧𐑑𐑮𐑩𐑣𐑲𐑛𐑮𐑩𐑒𐑨𐑯𐑩𐑚𐑦𐑯𐑪𐑤	tetrəhaɪdrəkænəbɪnɒl	NN1	RSSB	89	shave_says:𐑑𐑧𐑑𐑮𐑩𐑣𐑲𐑛𐑮𐑴𐑒𐑨𐑯𐑩𐑚𐑰𐑯𐑴𐑤
tetrahydrocannabinol	𐑑𐑧𐑑𐑮𐑩𐑣𐑲𐑛𐑮𐑩𐑒𐑩𐑯𐑨𐑚𐑩𐑯𐑪𐑤	ˌtetrəˌhaɪdrəkəˈnæbəˌnɒl	NN1	GenAm	89	shave_says:𐑑𐑧𐑑𐑮𐑩𐑣𐑲𐑛𐑮𐑴𐑒𐑨𐑯𐑩𐑚𐑰𐑯𐑴𐑤
thallophyte	𐑔𐑨𐑤𐑩𐑓𐑲𐑑	ˈθæləfaɪt	NN1	RSSB	89	shave_says:𐑔𐑨𐑤𐑴𐑓𐑲𐑑
thalweg	𐑑𐑭𐑤𐑝𐑧𐑣	ˈtɑːlveh	NN1	RSSB	89	shave_says:𐑑𐑭𐑤𐑝𐑧𐑜
thalweg	𐑑𐑪𐑤𐑝𐑧𐑜	ˈtɒlveɡ	NN1	GenAm	89	shave_says:𐑑𐑭𐑤𐑝𐑧𐑜
thanatology	𐑔𐑨𐑯𐑩𐑑𐑪𐑤𐑩𐑡𐑦	ˌθænəˈtɒlədʒi	NN1	GenAm	89	shave_says:[𐑔𐑱𐑯𐑱𐑑𐑪𐑤𐑩𐑡𐑦 / 𐑔𐑱𐑯𐑱𐑑𐑩𐑤𐑪𐑜𐑦]
thanatopsis	𐑔𐑨𐑯𐑩𐑑𐑪𐑐𐑕𐑦𐑕	θænəˈtɒpsɪs	NN1	RSSB	89	shave_says:[𐑔𐑱𐑯𐑩𐑑𐑪𐑐𐑕𐑦𐑕 / 𐑔𐑱𐑯𐑩𐑑𐑪𐑐𐑕𐑦𐑟]
thanatos	𐑔𐑨𐑯𐑩𐑑𐑪𐑕	ˈθænəˌtɒs	NN1	RSSB	89	shave_says:𐑔𐑨𐑯𐑩𐑑𐑴𐑕
thaumaturgy	𐑔𐑪𐑥𐑩𐑑𐑻𐑡𐑦	ˈθɒməˌtɜːRdʒi	NN1	GenAm	89	shave_says:𐑔𐑷𐑥𐑩𐑑𐑻𐑡𐑦
theodicy	𐑔𐑰𐑪𐑛𐑦𐑕𐑦	θiːˈɒdɪsi	NN1	GenAm	89	shave_says:𐑔𐑦𐑪𐑛𐑦𐑕𐑦
theogony	𐑔𐑦𐑪𐑜𐑩𐑯𐑦	θɪˈɒɡənɪ	NN1	RSSB	89	shave_says:[𐑔𐑦𐑴𐑜𐑴𐑯𐑦 / 𐑞𐑩𐑪𐑜𐑩𐑯𐑦]
theogony	𐑔𐑦𐑭𐑜𐑩𐑯𐑦	θɪˈɑːɡənɪ	NN1	GenAm	89	shave_says:[𐑔𐑦𐑴𐑜𐑴𐑯𐑦 / 𐑞𐑩𐑪𐑜𐑩𐑯𐑦]
theophany	𐑔𐑰𐑪𐑓𐑩𐑯𐑦	θiːˈɒfəni	NN1	RSSB	89	shave_says:𐑔𐑦𐑩𐑓𐑨𐑯𐑦
theophylline	𐑔𐑦𐑩𐑓𐑦𐑤𐑰𐑯	θi+əˈfɪliːn	NN1	RSSB	89	shave_says:[𐑔𐑦𐑪𐑓𐑦𐑤𐑤𐑲𐑯 / 𐑔𐑦𐑴𐑓𐑲𐑤𐑤𐑲𐑯 / 𐑔𐑦𐑪𐑓𐑦𐑤𐑰𐑯 / 𐑞𐑩𐑪𐑓𐑦𐑤𐑤𐑲𐑯]
theophylline	𐑔𐑰𐑪𐑓𐑩𐑤𐑦𐑯	θiːˈɒfəlɪn	NN1	GenAm	89	shave_says:[𐑔𐑦𐑪𐑓𐑦𐑤𐑤𐑲𐑯 / 𐑔𐑦𐑴𐑓𐑲𐑤𐑤𐑲𐑯 / 𐑔𐑦𐑪𐑓𐑦𐑤𐑰𐑯 / 𐑞𐑩𐑪𐑓𐑦𐑤𐑤𐑲𐑯]
theremin	𐑔𐑺𐑩𐑥𐑦𐑯	θeərəmɪn	NN1	RSSB	89	shave_says:[𐑞𐑺𐑥𐑰𐑯 / 𐑞𐑩𐑮𐑧𐑥𐑦𐑯 / 𐑞𐑺𐑩𐑥𐑦𐑯]
thermidor	𐑔𐑻𐑥𐑩𐑛𐑹	ˈθɜːRmədɔːR	NN1	GenAm	89	shave_says:𐑔𐑻𐑥𐑦𐑛𐑹
theurgy	𐑔𐑰𐑻𐑡𐑦	θiːɜːRdʒi	NN1	RSSB	89	shave_says:𐑞𐑩𐑻𐑡𐑦
thiabendazole	𐑔𐑲𐑩𐑚𐑧𐑯𐑛𐑩𐑟𐑴𐑤	ˌθaɪ+əˈbendəˌzoʊl	NN1	GenAm	89	shave_says:𐑞𐑲𐑩𐑚𐑧𐑯𐑛𐑱𐑟𐑴𐑤
thick-knee	𐑔𐑦𐑒𐑯𐑰	ˈθɪkniː	NN1	RSSB	89	shave_says:𐑔𐑦𐑒-𐑯𐑰
thill	𐑔𐑦𐑤	θɪl	NN1	RSSB	89	
thimblerig	𐑔𐑦𐑥𐑚𐑩𐑤𐑮𐑦𐑜	θɪmbəlrɪɡ	NN1	RSSB	89	shave_says:𐑔𐑦𐑥𐑚𐑩𐑤𐑼𐑦𐑜
thioguanine	𐑔𐑲𐑩𐑜𐑢𐑭𐑯𐑰𐑯	ˌθaɪ+əˈɡwɑːniːn	NN1	RSSB	89	shave_says:[𐑔𐑲𐑴𐑜𐑢𐑭𐑯𐑰𐑯 / 𐑞𐑲𐑴𐑜𐑢𐑭𐑯𐑰𐑯]
thioguanine	𐑔𐑲𐑴𐑜𐑢𐑪𐑯𐑰𐑯	ˌθaɪoʊˈɡwɒˌniːn	NN1	GenAm	89	shave_says:[𐑔𐑲𐑴𐑜𐑢𐑭𐑯𐑰𐑯 / 𐑞𐑲𐑴𐑜𐑢𐑭𐑯𐑰𐑯]
thiopental	𐑔𐑲𐑴𐑐𐑧𐑯𐑑𐑪𐑤	ˌθaɪoʊˈpenˌtɒl	NN1	GenAm	89	shave_says:[𐑞𐑲𐑴𐑐𐑧𐑯𐑑𐑩𐑤 / 𐑞𐑲𐑪𐑐𐑧𐑯𐑑𐑩𐑤 / 𐑔𐑲𐑴𐑐𐑧𐑯𐑑𐑩𐑤 / 𐑞𐑲𐑴𐑐𐑩𐑯𐑑𐑩𐑤]
thioridazine	𐑔𐑲𐑼𐑦𐑛𐑱𐑟𐑰𐑯	θaɪ+ərɪdeɪziːn	NN1	RSSB	89	shave_says:[𐑔𐑲𐑴𐑮𐑲𐑛𐑱𐑟𐑰𐑯 / 𐑞𐑲𐑼𐑦𐑛𐑱𐑟𐑰𐑯]
thioridazine	𐑔𐑲𐑼𐑦𐑛𐑩𐑟𐑰𐑯	ˌθaɪ+əˈrɪdəˌziːn	NN1	GenAm	89	shave_says:[𐑔𐑲𐑴𐑮𐑲𐑛𐑱𐑟𐑰𐑯 / 𐑞𐑲𐑼𐑦𐑛𐑱𐑟𐑰𐑯]
thracian	𐑔𐑮𐑱𐑕𐑰𐑩𐑯	θreɪsiːən	AJ0	RSSB	89	shave_says:𐑔𐑮𐑱𐑖𐑩𐑯
thuja	𐑔𐑫𐑡𐑩	ˈθudʒə	NN1	RSSB	89	shave_says:𐑔𐑿𐑡𐑩
thymine	𐑔𐑲𐑥𐑦𐑯	ˈθaɪmɪn	NN1	RSSB	89	shave_says:𐑔𐑲𐑥𐑰𐑯
thyrocalcitonin	𐑔𐑲𐑮𐑴𐑒𐑨𐑤𐑕𐑦𐑑𐑴𐑯𐑦𐑯	ˌθaɪroʊˌkælsɪˈtoʊnɪn	NN1	GenAm	89	shave_says:[𐑔𐑲𐑮𐑪𐑒𐑩𐑤𐑕𐑦𐑑𐑴𐑯𐑦𐑯 / 𐑔𐑲𐑮𐑪𐑒𐑩𐑤𐑕𐑦𐑑𐑩𐑯𐑦𐑯]
thyrsus	𐑔𐑻𐑕𐑩𐑕	θɜːRsəs	NN1	RSSB	89	shave_says:[𐑔𐑲𐑮𐑟𐑩𐑕 / 𐑔𐑲𐑮𐑟𐑵𐑟]
thyrsus	𐑔𐑼𐑕𐑩𐑕	ˈθəRsəs	NN1	GenAm	89	shave_says:[𐑔𐑲𐑮𐑟𐑩𐑕 / 𐑔𐑲𐑮𐑟𐑵𐑟]
tibial	𐑑𐑦𐑚𐑦𐑩𐑤	ˈtɪbi+əl	AJ0	RSSB	89	shave_says:𐑑𐑦𐑚𐑾𐑤
tibicen	𐑑𐑦𐑚𐑲𐑕𐑦𐑯	tɪˈbaɪsɪn	NN1	RSSB	89	shave_says:[𐑑𐑦𐑚𐑦𐑕𐑩𐑯 / 𐑑𐑦𐑚𐑦𐑒𐑩𐑯]
tical	𐑑𐑦𐑒𐑭𐑤	tɪˈkɑːl	NN1	RSSB	89	shave_says:𐑑𐑦𐑒𐑩𐑤
tie-dye	𐑑𐑲𐑛𐑲	ˈtaɪˌdaɪ	VVI	RSSB	89	shave_says:𐑑𐑲-𐑛𐑲
tigon	𐑑𐑲𐑜𐑩𐑯	ˈtaɪɡən	NN1	RSSB	89	shave_says:𐑑𐑦𐑜𐑩𐑯
tilapia	𐑑𐑦𐑤𐑭𐑐𐑾	tɪˈlɑːpiə	NN1	RSSB	89	shave_says:𐑑𐑦𐑤𐑨𐑐𐑦𐑩
tilapia	𐑑𐑩𐑤𐑭𐑐𐑾	təˈlɑːpiə	NN1	GenAm	89	shave_says:𐑑𐑦𐑤𐑨𐑐𐑦𐑩
time-out	𐑑𐑲𐑥𐑬𐑑	ˈtaɪmaʊt	NN1	RSSB	89	shave_says:𐑑𐑲𐑥-𐑬𐑑
timeworn	𐑑𐑲𐑥𐑢𐑷𐑮𐑯	ˈtaɪmwɔrn	AJ0	RSSB	89	shave_says:[𐑑𐑲𐑥𐑢𐑹𐑯 / 𐑑𐑲𐑥𐑵𐑹𐑯 / 𐑑𐑲𐑥𐑵𐑼𐑯]
timolol	𐑑𐑦𐑥𐑩𐑤𐑪𐑤	ˈtɪməlɒl	NN1	RSSB	89	shave_says:[𐑑𐑰𐑥𐑴𐑤𐑩𐑤 / 𐑑𐑲𐑥𐑩𐑤𐑩𐑤 / 𐑑𐑰𐑥𐑴𐑤𐑴𐑤]
timolol	𐑑𐑲𐑥𐑩𐑤𐑪𐑤	ˈtaɪməˌlɒl	NN1	GenAm	89	shave_says:[𐑑𐑰𐑥𐑴𐑤𐑩𐑤 / 𐑑𐑲𐑥𐑩𐑤𐑩𐑤 / 𐑑𐑰𐑥𐑴𐑤𐑴𐑤]
tinea	𐑑𐑦𐑯𐑦𐑩	ˈtɪni+ə	NN1	RSSB	89	shave_says:𐑑𐑲𐑯𐑩
tiramisu	𐑑𐑦𐑮𐑩𐑥𐑦𐑕𐑵	tɪrəmɪsuː	NN1	RSSB	89	shave_says:𐑑𐑽𐑩𐑥𐑦𐑕𐑵
tiramisu	𐑑𐑦𐑮𐑩𐑥𐑰𐑕𐑫	ˌtɪrəˈmiːsu	NN1	GenAm	89	shave_says:𐑑𐑽𐑩𐑥𐑦𐑕𐑵
titrate	𐑑𐑦𐑑𐑮𐑱𐑑	ˈtɪtreɪt	VVI	RSSB	89	shave_says:𐑑𐑲𐑑𐑮𐑱𐑑
tivoli	𐑑𐑦𐑝𐑩𐑤𐑦	ˈtɪvəli	NN1	GenAm	89	shave_says:𐑑𐑦𐑝𐑴𐑤𐑦
tko	𐑑𐑰𐑒𐑱𐑴	ˈtiːˈkeɪˈoʊ	NN1	GenAm	89	shave_says:𐑑𐑒𐑴
tlingit	𐑒𐑤𐑦𐑙𐑒𐑦𐑑	ˈklɪŋkɪt	NN1	RSSB	89	shave_says:𐑑𐑤𐑦𐑙𐑜𐑦𐑑
tobramycin	𐑑𐑪𐑚𐑮𐑩𐑥𐑲𐑕𐑦𐑯	tɒbrəmaɪsɪn	NN1	RSSB	89	
tobramycin	𐑑𐑴𐑚𐑮𐑩𐑥𐑲𐑕𐑩𐑯	ˌtoʊbrəˈmaɪsən	NN1	GenAm	89	
tocharian	𐑑𐑩𐑫𐑒𐑺𐑦𐑩𐑯	təukeəri+ən	NN1	RSSB	89	shave_says:[𐑑𐑴𐑗𐑺𐑦𐑩𐑯 / 𐑑𐑴𐑗𐑼𐑦𐑩𐑯]
toiletry	𐑑𐑶𐑤𐑦𐑑𐑮𐑦	ˈtɔɪlɪtri	NN1	RSSB	89	shave_says:𐑑𐑶𐑤𐑩𐑑𐑮𐑦
tolazamide	𐑑𐑩𐑤𐑨𐑟𐑩𐑥𐑲𐑛	təˈlæzəmaɪd	NN1	RSSB	89	shave_says:[𐑑𐑴𐑤𐑱𐑟𐑩𐑥𐑲𐑛 / 𐑑𐑴𐑤𐑩𐑟𐑩𐑥𐑲𐑛 / 𐑑𐑴𐑤𐑱𐑟𐑱𐑥𐑲𐑛 / 𐑑𐑴𐑤𐑱𐑟𐑩𐑥𐑲𐑛]
toluene	𐑑𐑪𐑤𐑘𐑫𐑦𐑯	ˈtɒljuin	NN1	GenAm	89	shave_says:𐑑𐑪𐑤𐑿𐑰𐑯
tomalley	𐑑𐑩𐑥𐑭𐑤𐑦	təˈmɑːli	NN1	RSSB	89	shave_says:[𐑑𐑴𐑥𐑩𐑤𐑤𐑦 / 𐑑𐑴𐑥𐑩𐑤𐑦 / 𐑑𐑴𐑥𐑷𐑤𐑦]
tonicity	𐑑𐑩𐑯𐑦𐑕𐑦𐑑𐑦	təˈnɪsɪti	NN1	RSSB	89	shave_says:[𐑑𐑴𐑯𐑦𐑕𐑦𐑑𐑦 / 𐑑𐑳𐑯𐑦𐑕𐑦𐑑𐑦 / 𐑑𐑪𐑯𐑦𐑒𐑦𐑑𐑦 / 𐑑𐑪𐑯𐑦𐑒𐑲𐑑𐑦]
topee	𐑑𐑴𐑐𐑦	ˈtəʊpi	NN1	RSSB	89	shave_says:[𐑑𐑴𐑐𐑰 / 𐑑𐑪𐑐𐑰]
topos	𐑑𐑪𐑐𐑪𐑕	ˈtɒpɒs	NN1	RSSB	89	shave_says:[𐑑𐑪𐑐𐑴𐑕 / 𐑑𐑴𐑐𐑴𐑟]
tortfeasor	𐑑𐑹𐑑𐑓𐑰𐑟𐑼	ˈtɔːRtˌfiːzəR	NN1	GenAm	89	shave_says:𐑑𐑹𐑑𐑓𐑦𐑩𐑟𐑼
tortious	𐑑𐑹𐑖𐑩𐑕	ˈtɔːRʃəs	AJ0	GenAm	89	shave_says:[𐑑𐑹𐑑𐑦𐑩𐑕 / 𐑑𐑹𐑑𐑦𐑴𐑩𐑕 / 𐑑𐑹𐑑𐑦𐑴𐑵𐑟]
toupe	𐑑𐑵𐑐𐑱	tuːˈpeɪ	NN1	RSSB	89	
tovarich	𐑑𐑪𐑝𐑸𐑦𐑗	tɒvɑːrɪtʃ	NN1	RSSB	89	shave_says:𐑑𐑴𐑝𐑸𐑦𐑗
toxoplasmosis	𐑑𐑪𐑒𐑕𐑴𐑐𐑤𐑨𐑟𐑥𐑴𐑕𐑦𐑕	ˌtɒksəʊplæzˈməʊsɪs	NN1	RSSB	89	shave_says:[𐑑𐑪𐑒𐑕𐑴𐑐𐑤𐑨𐑟𐑩𐑥𐑴𐑕𐑦𐑕 / 𐑑𐑪𐑒𐑕𐑪𐑐𐑤𐑨𐑟𐑩𐑥𐑴𐑕𐑦𐑕 / 𐑑𐑪𐑒𐑕𐑪𐑐𐑤𐑨𐑟𐑩𐑥𐑴𐑕𐑦𐑟]
trabecula	𐑑𐑮𐑩𐑚𐑧𐑒𐑘𐑩𐑤𐑩	trəbekjələ	NN1	RSSB	89	shave_says:[𐑑𐑮𐑩𐑚𐑧𐑒𐑿𐑤𐑩 / 𐑑𐑮𐑩𐑚𐑧𐑒𐑵𐑤𐑩]
tracheophyte	𐑑𐑮𐑨𐑒𐑾𐑓𐑲𐑑	trakɪəfaɪt	NN1	RSSB	89	shave_says:[𐑑𐑮𐑱𐑒𐑦𐑴𐑓𐑲𐑑 / 𐑑𐑮𐑩𐑒𐑰𐑴𐑓𐑲𐑑]
tracheophyte	𐑑𐑮𐑱𐑒𐑦𐑩𐑓𐑲𐑑	ˈtreɪki+əˌfaɪt	NN1	GenAm	89	shave_says:[𐑑𐑮𐑱𐑒𐑦𐑴𐑓𐑲𐑑 / 𐑑𐑮𐑩𐑒𐑰𐑴𐑓𐑲𐑑]
tragopan	𐑑𐑮𐑨𐑜𐑩𐑐𐑨𐑯	traɡəpan	NN1	RSSB	89	shave_says:[𐑑𐑮𐑭𐑜𐑴𐑐𐑨𐑯 / 𐑑𐑮𐑭𐑜𐑴𐑐𐑩𐑯 / 𐑑𐑮𐑨𐑜𐑴𐑐𐑩𐑯]
tragus	𐑑𐑮𐑱𐑜𐑩𐑕	treɪɡəs	NN1	RSSB	89	shave_says:𐑑𐑮𐑨𐑜𐑩𐑕
tramontane	𐑑𐑮𐑩𐑥𐑪𐑯𐑑𐑱𐑯	trəmɒnteɪn	AJ0	RSSB	89	
transeunt	𐑑𐑮𐑨𐑯𐑕𐑦𐑩𐑯𐑑	trænsi+ənt	AJ0	RSSB	89	shave_says:[𐑑𐑮𐑨𐑯𐑕𐑳𐑯𐑑 / 𐑑𐑮𐑨𐑯𐑟𐑫𐑯𐑑 / 𐑑𐑮𐑨𐑯𐑖𐑫𐑯𐑑 / 𐑑𐑮𐑨𐑯𐑕𐑦𐑫𐑯𐑑]
transitivity	𐑑𐑮𐑨𐑯𐑟𐑦𐑑𐑦𐑝𐑦𐑑𐑦	ˌtrænzɪˈtɪvɪti	NN1	RSSB	89	shave_says:𐑑𐑮𐑨𐑯𐑕𐑦𐑑𐑦𐑝𐑦𐑑𐑦
transmontane	𐑑𐑮𐑨𐑯𐑟𐑥𐑪𐑯𐑑𐑱𐑯	ˌtrænzmɒnˈteɪn	AJ0	GenAm	89	shave_says:𐑑𐑮𐑨𐑯𐑟𐑥𐑪𐑯𐑑𐑭𐑯𐑧
transversal	𐑑𐑮𐑨𐑯𐑕𐑝𐑻𐑕𐑩𐑤	trænsˈvɜːRsəl	AJ0	GenAm	89	shave_says:𐑑𐑮𐑨𐑯𐑟𐑝𐑻𐑕𐑩𐑤
tranylcypromine	𐑑𐑮𐑨𐑯𐑩𐑤𐑕𐑲𐑐𐑮𐑩𐑥𐑰𐑯	ˌtrænəlˈsaɪprəˌmiːn	NN1	GenAm	89	
trapezius	𐑑𐑮𐑩𐑐𐑰𐑟𐑾𐑕	trəpiːziəs	NN1	RSSB	89	shave_says:[𐑑𐑮𐑩𐑐𐑰𐑟𐑦𐑩𐑕 / 𐑑𐑮𐑩𐑐𐑰𐑟𐑦𐑵𐑟]
trazodone	𐑑𐑮𐑨𐑟𐑩𐑛𐑴𐑯	ˈtræzəˌdoʊn	NN1	GenAm	89	shave_says:𐑑𐑮𐑱𐑟𐑩𐑛𐑴𐑯
trebuchet	𐑑𐑮𐑧𐑚𐑩𐑖𐑧𐑑	trebəʃet	NN1	RSSB	89	shave_says:𐑑𐑮𐑧𐑚𐑵𐑖𐑱
trebuchet	𐑑𐑮𐑧𐑚𐑘𐑫𐑖𐑧𐑑	ˈtrebjuˌʃet	NN1	GenAm	89	shave_says:𐑑𐑮𐑧𐑚𐑵𐑖𐑱
trekker	𐑑𐑮𐑩𐑒𐑼	trəkəR	NN1	RSSB	89	shave_says:𐑑𐑮𐑧𐑒𐑼
trema	𐑑𐑮𐑧𐑥𐑩	tremə	NN1	RSSB	89	shave_says:𐑑𐑮𐑰𐑥𐑩
trematode	𐑑𐑮𐑧𐑥𐑩𐑑𐑴𐑛	ˈtreməˌtoʊd	NN1	GenAm	89	shave_says:[𐑑𐑮𐑰𐑥𐑱𐑑𐑴𐑛 / 𐑑𐑮𐑰𐑥𐑨𐑑𐑴𐑛]
trepang	𐑑𐑮𐑦𐑐𐑨𐑙	trɪˈpaŋ	NN1	RSSB	89	shave_says:𐑑𐑮𐑧𐑐𐑨𐑙
triamcinolone	𐑑𐑮𐑲𐑨𐑥𐑕𐑦𐑯𐑩𐑤𐑴𐑯	ˌtraɪˌæmˈsɪnəˌloʊn	NN1	GenAm	89	shave_says:[𐑑𐑮𐑲𐑩𐑥𐑕𐑰𐑯𐑴𐑤𐑢𐑳𐑯 / 𐑑𐑮𐑲𐑩𐑥𐑕𐑦𐑯𐑴𐑤𐑢𐑳𐑯]
triangulate	𐑑𐑮𐑲𐑨𐑙𐑜𐑘𐑩𐑤𐑱𐑑	traɪæŋɡjəleɪt	AJ0	RSSB	89	shave_says:[𐑑𐑮𐑲𐑨𐑙𐑜𐑿𐑤𐑱𐑑 / 𐑑𐑮𐑲𐑨𐑙𐑿𐑤𐑱𐑑 / 𐑑𐑮𐑲𐑨𐑙𐑵𐑤𐑱𐑑]
triangulation	𐑑𐑮𐑲𐑨𐑙𐑜𐑘𐑩𐑤𐑱𐑖𐑩𐑯	ˌtraɪˌæŋɡjəˈleɪʃən	NN1	GenAm	89	shave_says:[𐑑𐑮𐑲𐑨𐑙𐑜𐑿𐑤𐑱𐑖𐑩𐑯 / 𐑑𐑮𐑲𐑨𐑙𐑿𐑤𐑱𐑖𐑩𐑯 / 𐑑𐑮𐑲𐑨𐑙𐑵𐑤𐑱𐑖𐑩𐑯 / 𐑑𐑮𐑲𐑨𐑙𐑿𐑤𐑭𐑑𐑦𐑩𐑯 / 𐑑𐑮𐑲𐑨𐑙𐑿𐑤𐑩𐑑𐑦𐑩𐑯]
triazolam	𐑑𐑮𐑲𐑨𐑟𐑩𐑤𐑨𐑥	traɪˈæzəˌlæm	NN1	GenAm	89	shave_says:[𐑑𐑮𐑲𐑱𐑟𐑴𐑤𐑩𐑥 / 𐑑𐑮𐑲𐑱𐑟𐑩𐑤𐑩𐑥 / 𐑑𐑮𐑲𐑭𐑟𐑴𐑤𐑩𐑥]
tribade	𐑑𐑮𐑦𐑚𐑩𐑛	trɪbəd	NN1	RSSB	89	shave_says:[𐑑𐑮𐑲𐑚𐑱𐑛 / 𐑑𐑮𐑦𐑚𐑱𐑛 / 𐑑𐑮𐑲𐑚𐑨𐑛]
tribadism	𐑑𐑮𐑦𐑚𐑩𐑛𐑦𐑟𐑥	trɪbədɪzm	NN1	RSSB	89	shave_says:[𐑑𐑮𐑲𐑚𐑨𐑛𐑦𐑟𐑩𐑥 / 𐑑𐑮𐑲𐑚𐑱𐑛𐑦𐑟𐑩𐑥]
trichinosis	𐑑𐑮𐑦𐑒𐑩𐑯𐑴𐑕𐑦𐑕	trɪkənoʊsɪs	NN1	RSSB	89	shave_says:[𐑑𐑮𐑲𐑗𐑲𐑯𐑴𐑕𐑦𐑕 / 𐑑𐑮𐑦𐑗𐑦𐑯𐑴𐑕𐑦𐑕 / 𐑑𐑮𐑦𐑗𐑦𐑯𐑴𐑟𐑦𐑕 / 𐑑𐑮𐑦𐑗𐑰𐑯𐑴𐑟𐑦𐑕 / 𐑑𐑮𐑦𐑗𐑦𐑯𐑴𐑟𐑦𐑟]
trichobezoar	𐑑𐑮𐑦𐑒𐑩𐑚𐑰𐑟𐑷𐑮	trɪkəbiːzɔr	NN1	RSSB	89	shave_says:𐑑𐑮𐑦𐑗𐑴𐑚𐑟𐑴𐑼
trifoliate	𐑑𐑮𐑲𐑓𐑴𐑤𐑾𐑑	traɪfəʊlɪət	AJ0	RSSB	89	shave_says:[𐑑𐑮𐑲𐑓𐑪𐑤𐑦𐑱𐑑 / 𐑑𐑮𐑲𐑓𐑴𐑤𐑦𐑱𐑑]
trigeminus	𐑑𐑮𐑲𐑡𐑧𐑥𐑩𐑯𐑩𐑕	traɪˈdʒemənəs	NN1	GenAm	89	shave_says:[𐑑𐑮𐑲𐑡𐑦𐑥𐑲𐑯𐑩𐑕 / 𐑑𐑮𐑦𐑜𐑩𐑥𐑦𐑯𐑩𐑕]
trigonal	𐑑𐑮𐑦𐑜𐑯𐑤	ˈtrɪɡnl	AJ0	RSSB	89	shave_says:[𐑑𐑮𐑲𐑜𐑩𐑯𐑩𐑤 / 𐑑𐑮𐑦𐑜𐑩𐑯𐑩𐑤]
trilobite	𐑑𐑮𐑲𐑤𐑩𐑚𐑲𐑑	ˈtraɪləˌbaɪt	NN1	GenAm	89	shave_says:[𐑑𐑮𐑲𐑤𐑴𐑚𐑲𐑑 / 𐑑𐑮𐑲𐑤𐑪𐑚𐑲𐑑]
trimester	𐑑𐑮𐑲𐑥𐑧𐑕𐑑𐑼	ˈtraɪmestər	NN1	GenAm	89	shave_says:𐑑𐑮𐑦𐑥𐑧𐑕𐑑𐑼
trimipramine	𐑑𐑮𐑲𐑥𐑦𐑐𐑮𐑩𐑥𐑰𐑯	traɪmɪprəmiːn	NN1	RSSB	89	shave_says:[𐑑𐑮𐑦𐑥𐑦𐑐𐑮𐑩𐑥𐑰𐑯 / 𐑑𐑮𐑲𐑥𐑰𐑐𐑮𐑩𐑥𐑰𐑯 / 𐑑𐑮𐑦𐑥𐑦𐑐𐑮𐑩𐑥𐑲𐑯 / 𐑑𐑮𐑦𐑥𐑦𐑐𐑮𐑱𐑥𐑰𐑯]
trine	𐑑𐑮𐑲𐑯	traɪn	NN1	RSSB	89	shave_says:[𐑑𐑮𐑲𐑯𐑱 / 𐑑𐑮𐑰𐑯]
trinketry	𐑑𐑮𐑦𐑙𐑒𐑦𐑑𐑮𐑦	ˈtrɪŋkɪtri	NN1	RSSB	89	shave_says:𐑑𐑮𐑦𐑙𐑒𐑩𐑑𐑮𐑦
triskele	𐑑𐑮𐑲𐑕𐑒𐑦𐑤	ˈtraɪskil	NN1	GenAm	89	shave_says:𐑑𐑮𐑲𐑕𐑒𐑰𐑤
triskelion	𐑑𐑮𐑭𐑦𐑕𐑒𐑧𐑤𐑦𐑩𐑯	trɑːɪskeli+ən	NN1	RSSB	89	shave_says:𐑑𐑮𐑲𐑕𐑒𐑧𐑤𐑦𐑩𐑯
trivium	𐑑𐑮𐑦𐑝𐑾𐑥	trɪviəm	NN1	RSSB	89	shave_says:[𐑑𐑮𐑦𐑝𐑦𐑩𐑥 / 𐑑𐑮𐑲𐑝𐑲𐑩𐑥 / 𐑑𐑮𐑦𐑝𐑦𐑵𐑥]
trochlear	𐑑𐑮𐑪𐑒𐑤𐑦𐑼	trɒkli+əR	NN1	RSSB	89	shave_says:𐑑𐑮𐑴𐑒𐑤𐑽
trochlear	𐑑𐑮𐑪𐑒𐑤𐑽	ˈtrɒkliəR	NN1	GenAm	89	shave_says:𐑑𐑮𐑴𐑒𐑤𐑽
trophic	𐑑𐑮𐑪𐑓𐑦𐑒	ˈtrɒfɪk	AJ0	GenAm	89	
trophoblast	𐑑𐑮𐑪𐑓𐑩𐑚𐑤𐑭𐑕𐑑	trɒfəblɑːst	NN1	RSSB	89	
tryptophan	𐑑𐑮𐑦𐑐𐑑𐑩𐑓𐑨𐑯	trɪptəfæn	NN1	RSSB	89	shave_says:𐑑𐑮𐑦𐑑𐑴𐑓𐑨𐑯
tsaritsa	𐑕𐑸𐑦𐑑𐑕𐑩	sɑːrɪtsə	NN1	RSSB	89	shave_says:𐑑𐑕𐑸𐑦𐑑𐑕𐑩
tsatske	𐑑𐑕𐑪𐑑𐑕𐑒𐑩	ˈtsɒtskə	NN1	GenAm	89	
tsimshian	𐑕𐑦𐑥𐑖𐑾𐑯	ˈsɪmʃiən	NN1	RSSB	89	shave_says:𐑖𐑦𐑥𐑖𐑦𐑩𐑯
tsuga	𐑕𐑵𐑜𐑩	ˈsuːɡə	NN1	RSSB	89	shave_says:𐑑𐑕𐑵𐑜𐑩
tsundere	𐑑𐑕𐑫𐑯𐑛𐑼𐑱	ˈtsundəreɪ	NN1	GenAm	89	shave_says:𐑑𐑕𐑳𐑯𐑛𐑧𐑮𐑧
tsuris	𐑑𐑕𐑫𐑮𐑦𐑕	tsʊrɪs	NN1	RSSB	89	shave_says:[𐑑𐑕𐑵𐑮𐑦𐑕 / 𐑑𐑕𐑵𐑮𐑦𐑟]
tubal	𐑑𐑫𐑚𐑩𐑤	ˈtubəl	AJ0	GenAm	89	shave_says:𐑑𐑿𐑚𐑩𐑤
tuberous	𐑑𐑵𐑚𐑼𐑩𐑕	tuːbərəs	AJ0	RSSB	89	shave_says:[𐑑𐑿𐑚𐑼𐑩𐑕 / 𐑑𐑿𐑚𐑼𐑴𐑩𐑕 / 𐑑𐑿𐑚𐑼𐑴𐑵𐑟]
tubocurarine	𐑑𐑿𐑚𐑩𐑒𐑘𐑫𐑼𐑼𐑰𐑯	tjuːbəkjʊərəriːn	NN1	RSSB	89	
tubocurarine	𐑑𐑫𐑚𐑴𐑒𐑘𐑼𐑸𐑦𐑯	ˌtuboʊkjəˈrɑːRɪn	NN1	GenAm	89	
tubule	𐑑𐑫𐑚𐑘𐑫𐑤	ˈtubjul	NN1	GenAm	89	shave_says:[𐑑𐑿𐑚𐑿𐑤 / 𐑑𐑳𐑚𐑿𐑤 / 𐑑𐑿𐑚𐑵𐑩𐑤]
tucket	𐑑𐑳𐑒𐑦𐑑	ˈtʌkɪt	NN1	RSSB	89	shave_says:𐑑𐑳𐑒𐑩𐑑
tudor	𐑑𐑵𐑛𐑼	ˈtuːdər	AJ0	GenAm	89	shave_says:[𐑑𐑿𐑛𐑼 / 𐑑𐑳𐑛𐑼]
tuff	𐑑𐑳𐑓	tʌf	NN1	RSSB	89	
tuille	𐑑𐑢𐑰𐑤	twiːl	NN1	RSSB	89	shave_says:𐑑𐑵𐑦𐑤𐑩𐑤
tularemia	𐑑𐑵𐑤𐑼𐑰𐑥𐑾	tuːləriːmɪə	NN1	RSSB	89	shave_says:[𐑑𐑳𐑤𐑼𐑰𐑥𐑦𐑩 / 𐑑𐑫𐑤𐑺𐑦𐑰𐑥𐑦𐑩 / 𐑑𐑫𐑤𐑺𐑦𐑩𐑥𐑦𐑩]
tumefy	𐑑𐑵𐑥𐑦𐑓𐑲	ˈtuːmɪfaɪ	VVI	RSSB	89	shave_says:𐑑𐑿𐑥𐑓𐑦
tungus	𐑑𐑫𐑙𐑜𐑫𐑕	ˈtʊŋɡʊs	NN1	RSSB	89	shave_says:𐑑𐑵𐑯𐑜𐑵𐑕
tungusic	𐑑𐑫𐑙𐑜𐑫𐑕𐑦𐑒	tʊŋˈɡʊsɪk	NN1	RSSB	89	shave_says:𐑑𐑵𐑯𐑜𐑵𐑕𐑦𐑒
tupi	𐑑𐑵𐑐𐑦	ˈtuːpɪ	NN1	RSSB	89	shave_says:𐑑𐑳𐑐𐑦
tupik	𐑑𐑵𐑐𐑦𐑒	ˈtuːpɪk	NN1	RSSB	89	shave_says:𐑑𐑳𐑐𐑦𐑒
tutelar	𐑑𐑿𐑑𐑩𐑤𐑼	tjuːtələR	AJ0	RSSB	89	shave_says:𐑑𐑿𐑑𐑦𐑤𐑼
tutelar	𐑑𐑵𐑑𐑩𐑤𐑼	ˈtuːtələR	AJ0	GenAm	89	shave_says:𐑑𐑿𐑑𐑦𐑤𐑼
tux	𐑑𐑳𐑒𐑕	tʌks	NN1	RSSB	89	
twenty-one	𐑑𐑢𐑧𐑯𐑑𐑦𐑢𐑳𐑯	ˌtwentiˈwʌn	NN1	RSSB	89	shave_says:𐑑𐑢𐑧𐑯𐑑𐑦-𐑢𐑳𐑯
twenty-seventh	𐑑𐑢𐑧𐑯𐑦𐑕𐑧𐑝𐑩𐑯𐑔	ˌtweniˈsevənθ	AJ0	RSSB	89	shave_says:𐑑𐑢𐑧𐑯𐑑𐑦-𐑕𐑧𐑝𐑩𐑯𐑔
twenty-two	𐑑𐑢𐑧𐑯𐑑𐑦𐑑𐑵	ˌtwentiˈtuː	NN1	RSSB	89	shave_says:𐑑𐑢𐑧𐑯𐑑𐑦-𐑑𐑵
twofer	𐑑𐑫𐑓𐑼	ˈtufəR	NN1	GenAm	89	shave_says:[𐑑𐑵𐑓𐑻 / 𐑑𐑵𐑓𐑼]
tylenol	𐑑𐑲𐑤𐑩𐑯𐑪𐑤	ˈtaɪləˌnɒl	NN1	GenAm	89	shave_says:𐑑𐑲𐑤𐑩𐑯𐑴𐑤
tyramine	𐑑𐑲𐑮𐑩𐑥𐑰𐑯	ˈtaɪrəˌmiːn	NN1	GenAm	89	shave_says:[𐑑𐑲𐑼𐑩𐑥𐑰𐑯 / 𐑑𐑲𐑼𐑩𐑥𐑲𐑯 / 𐑑𐑲𐑼𐑱𐑥𐑰𐑯]
tyrannicide	𐑑𐑲𐑮𐑨𐑯𐑦𐑕𐑲𐑛	taɪˈrænɪsaɪd	NN1	GenAm	89	shave_says:𐑑𐑦𐑮𐑨𐑯𐑦𐑒𐑲𐑛
tyrannosaurus	𐑑𐑦𐑮𐑨𐑯𐑩𐑕𐑹𐑩𐑕	tɪrænəsɔːrəs	NN1	RSSB	89	shave_says:𐑑𐑼𐑨𐑯𐑴𐑕𐑹𐑩𐑕
tyrolean	𐑑𐑦𐑮𐑴𐑤𐑦𐑩𐑯	tɪroʊli+ən	AJ0	RSSB	89	shave_says:𐑑𐑦𐑮𐑴𐑤𐑩𐑯
tyrolese	𐑑𐑦𐑮𐑩𐑤𐑦𐑟	tɪrəliz	AJ0	RSSB	89	shave_says:[𐑑𐑦𐑮𐑴𐑤𐑰𐑟 / 𐑑𐑲𐑮𐑴𐑤𐑰𐑟]
ugli	𐑳𐑜𐑤𐑦	ˈʌɡli	NN1	RSSB	89	shave_says:𐑵𐑤𐑩𐑦
ulema	𐑫𐑤𐑩𐑥𐑩	ˈʊləmə	NN1	RSSB	89	shave_says:𐑵𐑤𐑧𐑥𐑭
umbilicus	𐑳𐑥𐑚𐑦𐑤𐑦𐑒𐑩𐑕	ˌʌmˈbɪlɪkəs	NN1	RSSB	89	
umbo	𐑳𐑥𐑚𐑴	ˈʌmboʊ	NN1	GenAm	89	
umbra	𐑳𐑥𐑚𐑮𐑩	ʌmbrə	NN1	RSSB	89	
umbrageous	𐑳𐑥𐑚𐑮𐑱𐑡𐑩𐑕	ʌmbreɪdʒəs	AJ0	RSSB	89	shave_says:𐑳𐑥𐑚𐑮𐑦𐑡𐑩𐑕
umbrian	𐑳𐑥𐑚𐑮𐑦𐑩𐑯	ʌmbri+ən	NN1	RSSB	89	shave_says:𐑿𐑧𐑥𐑚𐑰𐑮𐑦𐑩𐑯
ummah	𐑫𐑥𐑩	ˈʊmə	NN1	RSSB	89	shave_says:𐑵𐑥𐑭
ump	𐑳𐑥𐑐	ʌmp	NN1	RSSB	89	shave_says:[𐑩𐑥𐑐 / 𐑿𐑧𐑥𐑐𐑰]
unabashedly	𐑳𐑯𐑩𐑚𐑨𐑖𐑩𐑛𐑤𐑦	ˌʌnəˈbæʃƏdli	AV0	RSSB	89	shave_says:𐑳𐑯𐑩𐑚𐑨𐑖𐑑𐑤𐑦
unattainability	𐑳𐑯𐑩𐑑𐑱𐑯𐑩𐑚𐑦𐑤𐑩𐑑𐑦	ʌnəteɪnəˈbɪləti	NN1	RSSB	89	shave_says:[𐑳𐑯𐑩𐑑𐑱𐑯𐑩𐑚𐑦𐑤𐑦𐑑𐑦 / 𐑫𐑯𐑨𐑑𐑱𐑯𐑩𐑚𐑦𐑤𐑦𐑑𐑦]
unau	𐑿𐑯𐑷	juːˈnɔː	NN1	RSSB	89	shave_says:𐑵𐑯𐑩𐑵
uncleanly	𐑳𐑯𐑒𐑤𐑧𐑯𐑤𐑦	ʌnˈklenli	AJ0	GenAm	89	shave_says:𐑳𐑯𐑒𐑤𐑰𐑯𐑤𐑦
uncleanness	𐑳𐑯𐑒𐑤𐑦𐑯𐑩𐑕	ʌnˈklinːəs	NN1	RSSB	89	shave_says:𐑳𐑯𐑒𐑤𐑰𐑯𐑯𐑩𐑕
uncoil	𐑳𐑯𐑒𐑶𐑩𐑤	ʌnˈkɔɪəl	VVI	RSSB	89	shave_says:[𐑳𐑯𐑒𐑶𐑤 / 𐑳𐑙𐑒𐑴𐑦𐑤]
uncollectible	𐑳𐑯𐑒𐑩𐑤𐑧𐑒𐑑𐑦𐑚𐑩𐑤	ʌnkəˈlektɪbəl	AJ0	RSSB	89	shave_says:[𐑳𐑯𐑒𐑩𐑤𐑧𐑒𐑑𐑩𐑚𐑩𐑤 / 𐑳𐑙𐑒𐑴𐑤𐑧𐑒𐑑𐑩𐑚𐑩𐑤 / 𐑳𐑙𐑒𐑴𐑤𐑧𐑒𐑑𐑦𐑚𐑩𐑤]
unembodied	𐑩𐑯𐑧𐑥𐑚𐑪𐑛𐑩𐑛	ənemˈbɒdƏd	AJ0	RSSB	89	shave_says:𐑳𐑯𐑦𐑥𐑚𐑪𐑛𐑦𐑛
ungulate	𐑳𐑙𐑜𐑘𐑩𐑤𐑩𐑑	ˈʌŋɡjələt	AJ0	RSSB	89	shave_says:[𐑳𐑙𐑜𐑿𐑤𐑱𐑑 / 𐑳𐑯𐑜𐑵𐑤𐑱𐑑 / 𐑳𐑙𐑵𐑤𐑱𐑑]
uniat	𐑘𐑫𐑯𐑦𐑨𐑑	ˈyuniˌæt	NN1	RSSB	89	shave_says:[𐑿𐑯𐑦𐑨𐑑 / 𐑿𐑯𐑦𐑨𐑑]
uniate	𐑿𐑯𐑦𐑩𐑑	ˈjuːnɪ+ət	AJ0	RSSB	89	shave_says:[𐑿𐑯𐑦𐑱𐑑 / 𐑿𐑯𐑦𐑱𐑑]
uniate	𐑘𐑫𐑯𐑦𐑦𐑑	ˈjuniˌɪt	AJ0	GenAm	89	shave_says:[𐑿𐑯𐑦𐑱𐑑 / 𐑿𐑯𐑦𐑱𐑑]
unicameral	𐑿𐑯𐑰𐑒𐑨𐑥𐑼𐑩𐑤	juːniːkamərəl	AJ0	RSSB	89	shave_says:[𐑿𐑯𐑦𐑒𐑨𐑥𐑼𐑩𐑤 / 𐑿𐑯𐑦𐑒𐑨𐑥𐑼𐑩𐑤 / 𐑳𐑯𐑰𐑒𐑩𐑥𐑼𐑩𐑤]
unicameral	𐑘𐑫𐑯𐑦𐑒𐑨𐑥𐑼𐑩𐑤	junɪˈkæmərəl	AJ0	GenAm	89	shave_says:[𐑿𐑯𐑦𐑒𐑨𐑥𐑼𐑩𐑤 / 𐑿𐑯𐑦𐑒𐑨𐑥𐑼𐑩𐑤 / 𐑳𐑯𐑰𐑒𐑩𐑥𐑼𐑩𐑤]
unicycle	𐑘𐑫𐑯𐑦𐑕𐑲𐑒𐑩𐑤	ˈjunɪsaɪkəl	NN1	RSSB	89	shave_says:[𐑿𐑯𐑦𐑕𐑲𐑒𐑩𐑤 / 𐑿𐑯𐑦𐑕𐑲𐑒𐑩𐑤]
unidirectional	𐑘𐑫𐑯𐑦𐑛𐑦𐑮𐑧𐑒𐑖𐑩𐑯𐑩𐑤	ˌjunɪdɪˈrekʃənəl	AJ0	GenAm	89	shave_says:𐑿𐑯𐑦𐑛𐑦𐑮𐑧𐑒𐑖𐑩𐑯𐑩𐑤
uniformize	𐑘𐑫𐑯𐑦𐑓𐑹𐑥𐑲𐑟	ˈjunɪfɔːRˌmaɪz	VVI	GenAm	89	shave_says:𐑿𐑯𐑦𐑓𐑹𐑥𐑲𐑟
unionised	𐑳𐑯𐑲𐑩𐑯𐑲𐑟𐑛	ʌnˈaɪənaɪzd	AJ0	RSSB	89	shave_says:𐑳𐑯𐑲𐑪𐑯𐑲𐑟𐑛
unionized	𐑳𐑯𐑲𐑩𐑯𐑲𐑟𐑛	ʌnˈaɪənaɪzd	AJ0	RSSB	89	shave_says:𐑳𐑯𐑲𐑪𐑯𐑲𐑟𐑛
universalism	𐑿𐑯𐑩𐑝𐑻𐑕𐑩𐑤𐑦𐑟𐑩𐑥	ˌjuːnəˈvɜːRsəlˌɪzəm	NN1	GenAm	89	shave_says:𐑿𐑯𐑦𐑝𐑻𐑕𐑩𐑤𐑦𐑟𐑩𐑥
unlive	𐑳𐑯𐑤𐑦𐑝	ʌnˈlɪv	VVI	RSSB	89	shave_says:𐑳𐑯𐑤𐑲𐑝
unprocurable	𐑳𐑯𐑐𐑮𐑩𐑒𐑘𐑫𐑼𐑩𐑚𐑤	ʌnprəkjʊərəbl	AJ0	RSSB	89	shave_says:𐑳𐑯𐑐𐑮𐑩𐑒𐑘𐑫𐑼𐑩𐑚𐑩𐑤
upper-class	𐑳𐑐𐑼𐑒𐑤𐑨𐑕	ˈʌpəRˌklæs	AJ0	GenAm	89	shave_says:𐑳𐑐𐑼-𐑒𐑤𐑭𐑕
upsilon	𐑿𐑐𐑕𐑲𐑤𐑩𐑯	juːpˈsaɪlən	NN1	RSSB	89	shave_says:𐑵𐑐𐑕𐑦𐑤𐑪𐑯
upsilon	𐑫𐑐𐑕𐑦𐑤𐑪𐑯	ˈupsilɒn	NN1	GenAm	89	shave_says:𐑵𐑐𐑕𐑦𐑤𐑪𐑯
urceolate	𐑻𐑕𐑾𐑤𐑱𐑑	ɜːRsɪəleɪt	AJ0	RSSB	89	shave_says:[𐑻⸰⁠𐑗𐑦𐑪𐑤𐑱𐑑 / 𐑻𐑕𐑴𐑤𐑱𐑑 / 𐑻𐑕𐑩𐑤𐑱𐑑]
urethra	𐑘𐑼𐑰𐑔𐑮𐑩	jəˈriːθrə	NN1	GenAm	89	shave_says:[𐑘𐑫𐑼𐑰𐑔𐑮𐑩 / 𐑿𐑮𐑦𐑔𐑮𐑩 / 𐑻𐑰𐑔𐑮𐑩]
urethral	𐑘𐑼𐑰𐑔𐑮𐑩𐑤	jəˈriːθrəl	AJ0	GenAm	89	shave_says:[𐑿𐑮𐑰𐑔𐑮𐑷𐑤 / 𐑘𐑫𐑼𐑰𐑔𐑮𐑩𐑤 / 𐑻𐑰𐑔𐑮𐑩𐑤]
urinalysis	𐑘𐑫𐑼𐑦𐑯𐑨𐑤𐑦𐑕𐑦𐑕	jʊərɪnælɪsɪs	NN1	RSSB	89	shave_says:[𐑘𐑫𐑼𐑦𐑯𐑩𐑤𐑦𐑟𐑦𐑕 / 𐑘𐑫𐑼𐑦𐑯𐑩𐑤𐑦𐑟𐑦𐑟 / 𐑻𐑦𐑯𐑨𐑤𐑦𐑕𐑦𐑕 / 𐑿𐑮𐑲𐑯𐑨𐑤𐑦𐑕𐑦𐑕]
url	𐑘𐑫𐑸𐑧𐑤	ˌjuˌɑːRˈel	NN1	GenAm	89	shave_says:𐑻𐑤
uropygium	𐑘𐑫𐑼𐑩𐑐𐑦𐑡𐑾𐑥	jʊərəpɪdʒɪəm	NN1	RSSB	89	shave_says:[𐑘𐑫𐑼𐑴𐑐𐑲𐑡𐑰𐑲𐑩𐑥 / 𐑿𐑮𐑴𐑐𐑦𐑡𐑦𐑩𐑥]
ursine	𐑻𐑕𐑲𐑯	ˈɜːRsaɪn	AJ0	GenAm	89	shave_says:𐑻𐑕𐑦𐑯
urus	𐑘𐑫𐑼𐑩𐑕	jʊərəs	NN1	RSSB	89	shave_says:𐑵𐑮𐑵𐑕
usufruct	𐑿𐑟𐑫𐑓𐑮𐑳𐑒𐑑	ˈjuːzʊfrʌkt	NN1	RSSB	89	shave_says:𐑿𐑟𐑘𐑫𐑓𐑮𐑳𐑒𐑑
usufruct	𐑘𐑫𐑟𐑩𐑓𐑮𐑳𐑒𐑑	ˈjuzəˌfrʌkt	NN1	GenAm	89	shave_says:𐑿𐑟𐑩𐑓𐑮𐑳𐑒𐑑
usufructuary	𐑿𐑟𐑫𐑓𐑮𐑳𐑒𐑗𐑫𐑼𐑦	juːzʊfrʌktʃʊəri	AJ0	RSSB	89	shave_says:𐑿𐑟𐑘𐑫𐑓𐑮𐑳𐑒𐑗𐑫𐑼𐑦
utriculus	𐑘𐑩𐑑𐑮𐑦𐑒𐑘𐑩𐑤𐑩𐑕	jəˈtrɪkjələs	NN1	GenAm	89	shave_says:[𐑿𐑑𐑮𐑲𐑒𐑿𐑤𐑩𐑕 / 𐑵𐑑𐑮𐑦𐑒𐑿𐑤𐑩𐑕 / 𐑵𐑑𐑮𐑦𐑒𐑿𐑤𐑵𐑟]
uzi	𐑵𐑟𐑦	ˈuːzi	NN1	RSSB	89	shave_says:[𐑫𐑟𐑦 / 𐑿𐑟𐑰]
vacationer	𐑝𐑩𐑒𐑱𐑖𐑩𐑯𐑼	vəkeɪʃənəR	NN1	RSSB	89	shave_says:𐑝𐑱𐑒𐑱𐑖𐑩𐑯𐑼
vacuolation	𐑝𐑨𐑒𐑘𐑫𐑩𐑤𐑱𐑖𐑩𐑯	ˌvækjʊəˈleɪʃən	NN1	RSSB	89	shave_says:[𐑝𐑨𐑒𐑿𐑴𐑤𐑱𐑖𐑩𐑯 / 𐑝𐑨𐑒𐑿𐑩𐑤𐑱𐑖𐑩𐑯 / 𐑝𐑨𐑒𐑿𐑪𐑤𐑩𐑑𐑦𐑩𐑯]
vacuole	𐑝𐑨𐑒𐑘𐑩𐑴𐑤	ˈvækjəˌəʊl	NN1	RSSB	89	shave_says:[𐑝𐑨𐑒𐑿𐑴𐑤 / 𐑝𐑨𐑒𐑿𐑴𐑩𐑤]
vagal	𐑝𐑱𐑜𐑩𐑤	ˈveɪɡəl	AJ0	RSSB	89	shave_says:𐑝𐑭𐑜𐑩𐑤
vaginismus	𐑝𐑨𐑡𐑦𐑯𐑦𐑟𐑥𐑩𐑕	vadʒɪˈnɪzməs	NN1	RSSB	89	shave_says:[𐑝𐑨𐑡𐑦𐑯𐑦𐑟𐑩𐑥𐑩𐑕 / 𐑝𐑨𐑡𐑦𐑯𐑦𐑟𐑩𐑥𐑵𐑟]
valhalla	𐑝𐑨𐑤𐑣𐑨𐑤𐑩	vælˈhælə	NN1	GenAm	89	shave_says:𐑝𐑭𐑤𐑣𐑭𐑤𐑩
vali	𐑝𐑭𐑤𐑾	vɑːˈlɪə	NN1	RSSB	89	shave_says:𐑝𐑨𐑤𐑦
valkyrie	𐑝𐑨𐑤𐑒𐑦𐑮𐑦	ˈvælˌkɪri	NN1	RSSB	89	shave_says:𐑝𐑨𐑤𐑒𐑼𐑦
valsartan	𐑝𐑨𐑤𐑕𐑸𐑑𐑨𐑯	vælˈsɑːRˌtæn	NN1	GenAm	89	shave_says:𐑝𐑷𐑤𐑕𐑸𐑑𐑩𐑯
vanadate	𐑝𐑨𐑯𐑩𐑛𐑱𐑑	ˈvænədeɪt	NN1	RSSB	89	shave_says:[𐑝𐑩𐑯𐑱𐑛𐑱𐑑 / 𐑝𐑨𐑯𐑱𐑛𐑱𐑑 / 𐑝𐑱𐑯𐑨𐑛𐑱𐑑]
vancomycin	𐑝𐑨𐑙𐑒𐑩𐑥𐑲𐑕𐑦𐑯	ˌvæŋkəˈmaɪsɪn	NN1	RSSB	89	shave_says:[𐑝𐑨𐑯𐑒𐑴𐑥𐑲𐑒𐑦𐑯 / 𐑝𐑨𐑯𐑒𐑳𐑥𐑦𐑕𐑦𐑯]
vanillin	𐑝𐑩𐑯𐑦𐑤𐑦𐑯	vəˈnɪlɪn	NN1	RSSB	89	shave_says:[𐑝𐑨𐑯𐑦𐑤𐑦𐑯 / 𐑝𐑱𐑯𐑦𐑤𐑦𐑯]
varicocele	𐑝𐑨𐑮𐑦𐑒𐑩𐑕𐑰𐑤	varɪkəsiːl	NN1	RSSB	89	shave_says:[𐑝𐑺𐑦𐑒𐑴𐑕𐑰𐑤 / 𐑝𐑺𐑦𐑒𐑴𐑕𐑩𐑤]
varna	𐑝𐑻𐑯𐑩	vɜːRnə	NN1	RSSB	89	shave_says:𐑝𐑸𐑯𐑩
vascularity	𐑝𐑨𐑕𐑒𐑘𐑩𐑤𐑨𐑮𐑦𐑑𐑦	vaskjəˈlarɪti	NN1	RSSB	89	shave_says:𐑝𐑨𐑕𐑒𐑘𐑩𐑤𐑼𐑦𐑑𐑦
vasculitis	𐑝𐑨𐑕𐑒𐑘𐑩𐑤𐑲𐑑𐑦𐑕	ˌvæskjəˈlaɪtɪs	NN1	RSSB	89	shave_says:[𐑝𐑨𐑕𐑒𐑿𐑤𐑲𐑑𐑦𐑕 / 𐑝𐑨𐑕𐑒𐑵𐑤𐑲𐑑𐑦𐑕 / 𐑝𐑨𐑕𐑒𐑵𐑤𐑦𐑑𐑦𐑕 / 𐑝𐑨𐑕𐑒𐑵𐑤𐑦𐑑𐑦𐑟]
vaticinate	𐑝𐑩𐑑𐑦𐑕𐑩𐑯𐑱𐑑	vəˈtɪsəˌneɪt	VVI	RSSB	89	shave_says:𐑝𐑨𐑑𐑦𐑕𐑦𐑯𐑱𐑑
vaticination	𐑝𐑩𐑑𐑦𐑕𐑦𐑯𐑱𐑖𐑩𐑯	vəˌtɪsɪˈneɪʃən	NN1	RSSB	89	shave_says:[𐑝𐑨𐑑𐑦𐑕𐑦𐑯𐑱𐑖𐑩𐑯 / 𐑝𐑨𐑑𐑦𐑕𐑰𐑯𐑩𐑑𐑦𐑩𐑯 / 𐑝𐑨𐑑𐑦𐑕𐑦𐑯𐑭𐑑𐑦𐑩𐑯]
veda	𐑝𐑱𐑛𐑩	ˈveɪdə	NN1	RSSB	89	shave_says:𐑝𐑧𐑛𐑩
vedic	𐑝𐑱𐑛𐑦𐑒	ˈveɪdɪk	AJ0	RSSB	89	shave_says:𐑝𐑰𐑛𐑦𐑒
vegetal	𐑝𐑧𐑡𐑦𐑑𐑩𐑤	ˈvedʒɪtəl	AJ0	GenAm	89	shave_says:𐑝𐑧𐑡𐑩𐑑𐑩𐑤
vegetarianism	𐑝𐑧𐑡𐑦𐑑𐑺𐑦𐑩𐑯𐑦𐑟𐑩𐑥	vedʒɪteəri+ənɪzəm	NN1	RSSB	89	shave_says:𐑝𐑧𐑡𐑦𐑑𐑺𐑾𐑯𐑦𐑟𐑩𐑥
vegetarianism	𐑝𐑧𐑡𐑦𐑑𐑧𐑮𐑦𐑩𐑯𐑦𐑟𐑩𐑥	vedʒɪˈteri+ənɪzəm	NN1	GenAm	89	shave_says:𐑝𐑧𐑡𐑦𐑑𐑺𐑾𐑯𐑦𐑟𐑩𐑥
velleity	𐑝𐑧𐑤𐑰𐑦𐑑𐑦	veˈliːɪti	NN1	RSSB	89	shave_says:[𐑝𐑧𐑤𐑱𐑦𐑑𐑦 / 𐑝𐑧𐑤𐑦𐑑𐑦]
vendible	𐑝𐑧𐑯𐑛𐑦𐑚𐑤	ˈvendɪbl	AJ0	RSSB	89	shave_says:[𐑝𐑧𐑯𐑛𐑩𐑚𐑩𐑤 / 𐑝𐑧𐑯𐑛𐑦𐑚𐑩𐑤]
venire	𐑝𐑦𐑯𐑲𐑼𐑰	vɪnaɪ+əriː	NN1	RSSB	89	shave_says:[𐑝𐑰𐑯𐑲𐑼 / 𐑝𐑧𐑯𐑲𐑼]
venire	𐑝𐑧𐑯𐑰𐑮𐑱	veˈniːreɪ	NN1	GenAm	89	shave_says:[𐑝𐑰𐑯𐑲𐑼 / 𐑝𐑧𐑯𐑲𐑼]
venography	𐑝𐑦𐑯𐑪𐑜𐑮𐑩𐑓𐑦	vɪnɒɡrəfi	NN1	RSSB	89	shave_says:𐑝𐑰𐑯𐑪𐑜𐑮𐑩𐑓𐑦
venography	𐑝𐑦𐑯𐑭𐑜𐑮𐑩𐑓𐑦	vɪˈnɑːɡrəfi	NN1	GenAm	89	shave_says:𐑝𐑰𐑯𐑪𐑜𐑮𐑩𐑓𐑦
venturi	𐑝𐑧𐑯𐑑𐑘𐑫𐑼𐑦	ventjʊəri	NN1	RSSB	89	shave_says:𐑝𐑧𐑯𐑗𐑻𐑦
verapamil	𐑝𐑼𐑨𐑐𐑩𐑥𐑦𐑤	vəræpəmɪl	NN1	RSSB	89	shave_says:𐑝𐑽𐑩𐑐𐑱𐑥𐑦𐑤
veridical	𐑝𐑼𐑦𐑛𐑦𐑒𐑩𐑤	vərɪdɪkəl	AJ0	RSSB	89	shave_says:[𐑝𐑧𐑮𐑦𐑛𐑦𐑒𐑩𐑤 / 𐑝𐑽𐑦𐑛𐑦𐑒𐑩𐑤]
verisimilar	𐑝𐑧𐑮𐑦𐑕𐑦𐑥𐑩𐑤𐑼	ˌverɪˈsɪmələR	AJ0	GenAm	89	shave_says:𐑝𐑧𐑮𐑦𐑕𐑦𐑥𐑦𐑤𐑼
vermiculate	𐑝𐑼𐑥𐑦𐑒𐑘𐑩𐑤𐑧𐑦𐑑	vərmikjəleit	AJ0	RSSB	89	shave_says:[𐑝𐑻𐑥𐑦𐑒𐑿𐑤𐑱𐑑 / 𐑝𐑻𐑥𐑦𐑒𐑵𐑤𐑱𐑑]
vermiculation	𐑝𐑼𐑥𐑦𐑒𐑘𐑩𐑤𐑱𐑖𐑯	vəRmɪkjəleɪʃn	NN1	RSSB	89	shave_says:[𐑝𐑻𐑥𐑦𐑒𐑿𐑤𐑱𐑖𐑩𐑯 / 𐑝𐑻𐑥𐑦𐑒𐑵𐑤𐑱𐑖𐑩𐑯 / 𐑝𐑻𐑥𐑦𐑒𐑿𐑤𐑭𐑑𐑦𐑩𐑯 / 𐑝𐑻𐑥𐑦𐑒𐑿𐑤𐑩𐑑𐑦𐑩𐑯]
vermiculation	𐑝𐑼𐑥𐑦𐑒𐑘𐑫𐑤𐑱𐑖𐑯	vəRˌmɪkjuˈleɪʃn	NN1	GenAm	89	shave_says:[𐑝𐑻𐑥𐑦𐑒𐑿𐑤𐑱𐑖𐑩𐑯 / 𐑝𐑻𐑥𐑦𐑒𐑵𐑤𐑱𐑖𐑩𐑯 / 𐑝𐑻𐑥𐑦𐑒𐑿𐑤𐑭𐑑𐑦𐑩𐑯 / 𐑝𐑻𐑥𐑦𐑒𐑿𐑤𐑩𐑑𐑦𐑩𐑯]
vernix	𐑝𐑻𐑯𐑦𐑒𐑕	vɜːRnɪks	NN1	RSSB	89	
verst	𐑝𐑼𐑕𐑑	vəRst	NN1	GenAm	89	shave_says:𐑝𐑻𐑕𐑑
vervain	𐑝𐑼𐑝𐑱𐑯	ˈvəRveɪn	NN1	GenAm	89	shave_says:[𐑝𐑻𐑝𐑱𐑯 / 𐑝𐑻𐑝𐑩𐑦𐑯]
vesica	𐑝𐑰𐑕𐑦𐑒𐑩	ˈviːsɪkə	NN1	RSSB	89	shave_says:𐑝𐑧𐑕𐑦𐑒𐑩
vestibular	𐑝𐑧𐑕𐑑𐑦𐑚𐑘𐑩𐑤𐑼	veˈstɪbjələR	AJ0	GenAm	89	shave_says:𐑝𐑧𐑕𐑑𐑦𐑚𐑿𐑤𐑼
vestiture	𐑝𐑧𐑕𐑑𐑦𐑕𐑑𐑘𐑫𐑼	vestɪstjʊəR	NN1	RSSB	89	shave_says:𐑝𐑧𐑕𐑑𐑦𐑗𐑼
vibrissa	𐑝𐑦𐑚𐑮𐑦𐑕𐑩	vɪbrɪsə	NN1	RSSB	89	shave_says:𐑝𐑲𐑚𐑮𐑦𐑕𐑩
vicariate	𐑝𐑲𐑒𐑺𐑦𐑩𐑑	vaɪkeəri+ət	NN1	RSSB	89	shave_says:[𐑝𐑲𐑒𐑺𐑦𐑱𐑑 / 𐑝𐑦𐑒𐑼𐑦𐑱𐑑]
vicegerent	𐑝𐑲𐑕𐑡𐑽𐑩𐑯𐑑	vaɪsdʒɪərənt	NN1	RSSB	89	shave_says:[𐑝𐑲𐑕𐑜𐑽𐑩𐑯𐑑 / 𐑝𐑲𐑕𐑧𐑜𐑼𐑩𐑯𐑑]
vicinal	𐑝𐑦𐑕𐑦𐑯𐑩𐑤	ˈvɪsɪnəl	AJ0	RSSB	89	shave_says:[𐑝𐑲𐑕𐑦𐑯𐑩𐑤 / 𐑝𐑦𐑒𐑦𐑯𐑩𐑤 / 𐑝𐑲𐑕𐑰𐑯𐑩𐑤]
victrola	𐑝𐑦𐑒𐑑𐑮𐑴𐑤𐑩	vɪkˈtroʊlə	NN1	GenAm	89	
vigesimal	𐑝𐑦𐑡𐑧𐑕𐑦𐑥𐑤	vɪˈdʒesɪml	AJ0	RSSB	89	shave_says:[𐑝𐑦𐑜𐑧𐑕𐑦𐑥𐑩𐑤 / 𐑝𐑦𐑜𐑟𐑦𐑥𐑩𐑤]
vilipend	𐑝𐑦𐑤𐑩𐑐𐑧𐑯𐑛	ˈvɪləˌpend	VVI	GenAm	89	shave_says:[𐑝𐑦𐑤𐑦𐑐𐑧𐑯𐑛 / 𐑝𐑲𐑤𐑲𐑐𐑧𐑯𐑛 / 𐑝𐑦𐑤𐑦𐑐𐑩𐑯𐑛]
vinblastine	𐑝𐑦𐑯𐑚𐑤𐑨𐑕𐑑𐑰𐑯	vɪnˈblæstiːn	NN1	RSSB	89	shave_says:𐑝𐑦𐑯𐑚𐑤𐑭𐑕𐑑𐑰𐑯
vingt-et-un	𐑝𐑨𐑯𐑑𐑱𐑳𐑯	vænteɪˈʌn	NN1	RSSB	89	shave_says:𐑝𐑨𐑯𐑑-𐑧𐑑-𐑳𐑯
violist	𐑝𐑦𐑴𐑤𐑦𐑕𐑑	viˈəʊlɪst	NN1	RSSB	89	shave_says:[𐑝𐑲𐑩𐑤𐑦𐑕𐑑 / 𐑝𐑲𐑴𐑤𐑦𐑕𐑑]
virginian	𐑝𐑼𐑡𐑦𐑯𐑘𐑩𐑯	vəRˈdʒɪnjən	NN1	GenAm	89	shave_says:𐑝𐑼𐑡𐑦𐑯𐑾𐑯
virion	𐑝𐑦𐑮𐑦𐑪𐑯	ˈvɪriɒn	NN1	RSSB	89	shave_says:𐑝𐑲𐑮𐑦𐑩𐑯
virion	𐑝𐑲𐑮𐑦𐑪𐑯	ˈvaɪriɒn	NN1	GenAm	89	shave_says:𐑝𐑲𐑮𐑦𐑩𐑯
viscacha	𐑝𐑦𐑕𐑒𐑨𐑗𐑩	vɪˈskatʃə	NN1	RSSB	89	shave_says:[𐑝𐑦𐑕𐑒𐑱𐑒𐑩 / 𐑝𐑦𐑕𐑒𐑩𐑗𐑩]
viscacha	𐑝𐑦𐑕𐑒𐑪𐑗𐑩	vɪˈskɒtʃə	NN1	GenAm	89	shave_says:[𐑝𐑦𐑕𐑒𐑱𐑒𐑩 / 𐑝𐑦𐑕𐑒𐑩𐑗𐑩]
viverrine	𐑝𐑲𐑝𐑧𐑮𐑲𐑯	vaɪˈveraɪn	NN1	RSSB	89	shave_says:𐑝𐑰𐑝𐑼𐑰𐑯
viz.	𐑝𐑩𐑟	vƏz	AV0	RSSB	89	shave_says:𐑝𐑦𐑟.
vizsla	𐑝𐑦𐑠𐑤𐑩	ˈviʒlə	NN1	RSSB	89	shave_says:𐑝𐑰𐑖𐑤𐑩
vol-au-vent	𐑝𐑪𐑤𐑪𐑝𐑭	ˌvɒloˈvɑː	NN1	RSSB	89	shave_says:𐑝𐑪𐑤-𐑴-𐑝𐑧𐑯𐑑
voltaic	𐑝𐑪𐑤𐑑𐑱𐑦𐑒	vɒlˈteɪɪk	AJ0	RSSB	89	shave_says:[𐑝𐑴𐑤𐑑𐑱𐑦𐑒 / 𐑝𐑴𐑤𐑑𐑩𐑦𐑒]
volution	𐑝𐑩𐑤𐑵𐑖𐑩𐑯	vəˈluːʃən	NN1	RSSB	89	shave_says:𐑝𐑩𐑤𐑵𐑑𐑦𐑩𐑯
volvulus	𐑝𐑪𐑤𐑝𐑘𐑩𐑤𐑩𐑕	ˈvɒlvjələs	NN1	GenAm	89	shave_says:[𐑝𐑪𐑤𐑝𐑿𐑤𐑩𐑕 / 𐑝𐑪𐑤𐑝𐑵𐑤𐑩𐑕 / 𐑝𐑪𐑤𐑝𐑿𐑤𐑵𐑟]
vomer	𐑝𐑴𐑥𐑼	voʊməR	NN1	RSSB	89	shave_says:𐑝𐑪𐑥𐑼
vroom	𐑝𐑮𐑫𐑥	vrum	NN1	GenAm	89	shave_says:𐑝𐑮𐑵𐑥
vulcanology	𐑝𐑪𐑤𐑒𐑩𐑯𐑪𐑤𐑩𐑡𐑦	ˌvɒlkənˈɒlədʒi	NN1	RSSB	89	shave_says:[𐑝𐑳𐑤𐑒𐑩𐑯𐑪𐑤𐑩𐑡𐑦 / 𐑝𐑳𐑤𐑒𐑩𐑯𐑩𐑤𐑪𐑜𐑦]
vulvar	𐑝𐑳𐑤𐑝𐑸	vʌlvɑːR	AJ0	RSSB	89	shave_says:𐑝𐑳𐑤𐑝𐑼
wafture	𐑢𐑪𐑓𐑗𐑼	ˈwɒftʃəR	NN1	GenAm	89	shave_says:𐑢𐑭𐑓𐑗𐑼
wainscoting	𐑢𐑱𐑯𐑕𐑒𐑪𐑑𐑦𐑙	ˈweɪnskɒtɪŋ	NN1	RSSB	89	shave_says:𐑢𐑱𐑯𐑕𐑒𐑩𐑑𐑦𐑙
wainscotting	𐑢𐑱𐑯𐑕𐑒𐑪𐑑𐑦𐑙	ˈweɪnskɒtɪŋ	NN1	RSSB	89	shave_says:𐑢𐑱𐑯𐑕𐑒𐑩𐑑𐑦𐑙
waldmeister	𐑝𐑭𐑤𐑛𐑥𐑲𐑕𐑑𐑼	vɑːldmaɪstəR	NN1	RSSB	89	shave_says:𐑢𐑷𐑤𐑛𐑥𐑲𐑕𐑑𐑼
walkway	𐑢𐑪𐑒𐑢𐑱	ˈwɒkˌweɪ	NN1	GenAm	89	shave_says:[𐑢𐑷𐑒𐑢𐑱 / 𐑢𐑷𐑒𐑢𐑩𐑦]
wampee	𐑢𐑭𐑥𐑐𐑰	ˈwɑːmpiː	NN1	RSSB	89	shave_says:𐑢𐑨𐑥𐑐𐑰
wampumpeag	𐑢𐑪𐑥𐑐𐑩𐑥𐑐𐑰𐑜	ˈwɒmpəmpiːɡ	NN1	RSSB	89	
waratah	𐑢𐑹𐑩𐑑𐑭	wɔːrətɑː	NN1	RSSB	89	shave_says:[𐑢𐑺𐑱𐑑𐑩 / 𐑢𐑺𐑨𐑑𐑩 / 𐑢𐑹𐑱𐑑𐑩]
warfarin	𐑢𐑹𐑓𐑼𐑦𐑯	ˈwɔːRfərɪn	NN1	GenAm	89	shave_says:𐑢𐑹𐑓𐑺𐑦𐑯
wartwort	𐑢𐑹𐑑𐑢𐑻𐑑	ˈwɔːRtˌwɜːRt	NN1	GenAm	89	shave_says:[𐑢𐑹𐑑𐑢𐑹𐑑 / 𐑢𐑹𐑑𐑢𐑼𐑑]
water-shield	𐑢𐑷𐑑𐑼𐑖𐑰𐑤𐑛	wɔːtərʃiːld	NN1	RSSB	89	shave_says:𐑢𐑷𐑑𐑼-𐑖𐑰𐑤𐑛
waul	𐑢𐑷𐑤	wɔːl	VVI	RSSB	89	
waw	𐑢𐑭𐑢	wɑːw	NN1	RSSB	89	shave_says:𐑢𐑷
weeaboo	𐑢𐑰𐑩𐑚𐑵	ˈwiːəbuː	NN1	RSSB	89	shave_says:𐑢𐑦𐑩𐑚𐑵
weimaraner	𐑝𐑲𐑥𐑼𐑸𐑯𐑼	vaɪmərɑːRnər	NN1	RSSB	89	shave_says:𐑢𐑲𐑥𐑸𐑩𐑯𐑼
weltanschauung	𐑝𐑧𐑤𐑑𐑭𐑯𐑖𐑬𐑫𐑙	ˈveltɑːnˌʃaʊʊŋ	NN1	RSSB	89	shave_says:𐑝𐑧𐑤𐑑𐑭𐑯𐑖𐑬𐑩𐑙
weltschmerz	𐑝𐑧𐑤𐑗𐑥𐑺𐑑𐑕	veltʃmeəRts	NN1	RSSB	89	shave_says:𐑝𐑧𐑤𐑑𐑖𐑥𐑧𐑮𐑑𐑕
welwitschia	𐑢𐑧𐑤𐑢𐑦𐑗𐑾	welˈwɪtʃɪə	NN1	RSSB	89	shave_says:𐑝𐑧𐑤𐑝𐑦𐑗𐑦𐑩
whatchamacallit	𐑢𐑪𐑗𐑩𐑥𐑩𐑒𐑷𐑤𐑦𐑑	ˈwɒtʃəməkɔːlɪt	NN1	RSSB	89	shave_says:𐑢𐑪𐑗𐑩𐑥𐑩𐑒𐑪𐑤𐑦𐑑
whatchamacallit	𐑢𐑳𐑗𐑩𐑥𐑩𐑒𐑪𐑤𐑦𐑑	ˈʍʌtʃəməkɒlɪt	NN1	GenAm	89	shave_says:𐑢𐑪𐑗𐑩𐑥𐑩𐑒𐑪𐑤𐑦𐑑
whicker	𐑢𐑦𐑒𐑼	ˈwɪkəR	NN1	GenAm	89	
whistler	𐑢𐑦𐑕𐑤𐑼	ʍɪsləR	NN1	RSSB	89	shave_says:𐑢𐑦𐑕𐑩𐑤𐑼
whomp	𐑢𐑪𐑥𐑐	ʍɒmp	VVI	RSSB	89	shave_says:𐑣𐑵𐑥𐑐
whoreson	𐑣𐑹𐑕𐑩𐑯	ˈhɔːRsən	NN1	GenAm	89	shave_says:𐑣𐑹𐑟𐑩𐑯
whydah	𐑢𐑦𐑛𐑩	ˈwɪdə	NN1	RSSB	89	shave_says:𐑢𐑲𐑛𐑩
wichita	𐑢𐑦𐑗𐑦𐑑𐑷	ˈwɪtʃɪtɔː	NN1	RSSB	89	shave_says:𐑢𐑦𐑗𐑦𐑑𐑭
wisenheimer	𐑢𐑲𐑟𐑯𐑣𐑲𐑥𐑼	ˈwaɪznˌhaɪmər	NN1	GenAm	89	shave_says:⸰⁠𐑢𐑦𐑕𐑩𐑯𐑣𐑲𐑥𐑼
wisent	𐑢𐑦𐑟𐑩𐑯𐑑	ˈwɪzənt	NN1	RSSB	89	shave_says:[𐑢𐑲𐑟𐑧𐑯𐑑𐑰 / ⸰⁠𐑢𐑦𐑕𐑩𐑯𐑑]
wlan	𐑛𐑳𐑚𐑩𐑤𐑘𐑫𐑤𐑨𐑯	ˈdʌbəljulæn	NN1	GenAm	89	shave_says:𐑝𐑢𐑭𐑯
wolffish	𐑢𐑫𐑤𐑓𐑓𐑦𐑖	ˈwʊlfˌfɪʃ	NN1	RSSB	89	shave_says:𐑢𐑫𐑤𐑓𐑦𐑖
wolof	𐑢𐑪𐑤𐑪𐑓	ˈwɒlɒf	NN1	RSSB	89	shave_says:𐑢𐑴𐑤𐑪𐑓
wonton	𐑢𐑪𐑯𐑑𐑪𐑯	ˈwɒntɒn	NN1	GenAm	89	shave_says:[𐑢𐑴𐑯𐑑𐑩𐑯 / 𐑢𐑳𐑯𐑑𐑩𐑯]
workout	𐑢𐑼𐑒𐑬𐑑	ˈwəRkaʊt	NN1	GenAm	89	shave_says:[𐑢𐑻𐑒𐑬𐑑 / 𐑢𐑻𐑒𐑴𐑳𐑑]
workwear	𐑢𐑻𐑒𐑢𐑧𐑮	ˈwɜːRkwer	NN1	GenAm	89	shave_says:[𐑢𐑻𐑒𐑢𐑺 / 𐑢𐑻𐑒𐑢𐑽]
world-class	𐑢𐑻𐑤𐑛𐑒𐑤𐑨𐑕	wɜːRldklæs	AJ0	RSSB	89	shave_says:𐑢𐑻𐑤𐑛-𐑒𐑤𐑭𐑕
worrywart	𐑢𐑻𐑦𐑢𐑹𐑑	ˈwɜːRiˌwɔːRt	NN1	GenAm	89	shave_says:[𐑢𐑳𐑮𐑦𐑢𐑹𐑑 / 𐑢𐑳𐑮𐑦𐑢𐑸𐑑]
worthful	𐑢𐑼𐑔𐑓𐑤	ˈwəRθfl	AJ0	GenAm	89	shave_says:[𐑢𐑻𐑔𐑓𐑩𐑤 / 𐑢𐑻𐑔𐑓𐑵𐑤]
writhen	𐑮𐑦𐑞𐑩𐑯	rɪðən	AJ0	RSSB	89	shave_says:𐑮𐑲𐑞𐑩𐑯
wyvern	𐑢𐑲𐑝𐑼𐑯	waɪvəRn	NN1	RSSB	89	
xanthelasma	𐑟𐑨𐑯𐑔𐑦𐑤𐑨𐑟𐑥𐑩	zænθɪˈlæzmə	NN1	RSSB	89	shave_says:[𐑧𐑒𐑕𐑨𐑯𐑔𐑰𐑤𐑨𐑟𐑩𐑥𐑩 / 𐑟𐑨𐑯𐑔𐑩𐑤𐑨𐑟𐑩𐑥𐑩]
xanthous	𐑟𐑨𐑯𐑔𐑩𐑕	ˈzænθəs	AJ0	RSSB	89	shave_says:𐑟𐑨𐑯𐑔𐑴𐑳𐑕
xe	𐑟𐑦	zi	NN1	RSSB	89	shave_says:𐑟𐑰
xenogenesis	𐑟𐑧𐑯𐑴𐑡𐑧𐑯𐑩𐑕𐑦𐑕	zenəʊˈdʒenəsɪs	NN1	RSSB	89	shave_says:[𐑟𐑧𐑯𐑩𐑡𐑧𐑯𐑩𐑕𐑦𐑕 / 𐑟𐑰𐑯𐑴𐑡𐑧𐑯𐑩𐑕𐑦𐑕 / 𐑟𐑰𐑯𐑩𐑡𐑩𐑯𐑰𐑕𐑦𐑕 / 𐑟𐑰𐑯𐑴𐑡𐑰𐑯𐑟𐑦𐑕 / 𐑧𐑒𐑕𐑧𐑯𐑩𐑡𐑩𐑯𐑰𐑕𐑦𐑕]
xenograft	𐑟𐑧𐑯𐑴𐑜𐑮𐑨𐑓𐑑	ˈzenəʊɡræft	NN1	RSSB	89	shave_says:[𐑟𐑧𐑯𐑩𐑜𐑮𐑭𐑓𐑑 / 𐑧𐑒𐑕𐑦𐑯𐑴𐑜𐑮𐑨𐑓𐑑 / 𐑟𐑰𐑯𐑴𐑜𐑮𐑨𐑓𐑑]
xeric	𐑟𐑽𐑦𐑒	zɪərɪk	AJ0	RSSB	89	shave_says:𐑧𐑒𐑕𐑧𐑮𐑦𐑒
xeric	𐑟𐑦𐑮𐑦𐑒	ˈzɪrɪk	AJ0	GenAm	89	shave_says:𐑧𐑒𐑕𐑧𐑮𐑦𐑒
xhosa	𐑒𐑴𐑕𐑩	ˈkoʊsə	NN1	GenAm	89	shave_says:𐑒𐑷𐑕𐑩
xi	𐑒𐑕𐑲	ksaɪ	NN1	RSSB	89	
xiphias	𐑟𐑦𐑓𐑾𐑕	ˈzɪfɪəs	NN1	RSSB	89	
xylene	𐑟𐑲𐑤𐑰𐑯	ˈzaɪliːn	NN1	RSSB	89	shave_says:𐑧𐑒𐑕𐑦𐑤𐑱𐑯
yakima	𐑘𐑨𐑒𐑦𐑥𐑭	ˈjækɪmɑː	NN1	RSSB	89	shave_says:𐑘𐑨𐑒𐑦𐑥𐑩
yakut	𐑘𐑩𐑒𐑵𐑑	jəˈkuːt	NN1	RSSB	89	shave_says:𐑘𐑭𐑒𐑵𐑑
yana	𐑘𐑭𐑯𐑩	ˈjɑːnə	NN1	RSSB	89	shave_says:𐑘𐑭𐑯𐑧𐑩
yardbird	𐑘𐑸𐑛𐑚𐑼𐑛	jɑːRdbəRd	NN1	RSSB	89	shave_says:𐑘𐑸𐑛𐑚𐑻𐑛
yataghan	𐑘𐑨𐑑𐑩𐑜𐑨𐑯	ˈjætəɡæn	NN1	RSSB	89	shave_says:[𐑘𐑩𐑑𐑨𐑜𐑣𐑨𐑯 / 𐑘𐑩𐑑𐑨𐑜𐑣𐑭𐑯]
yer	𐑘𐑺	jeəR	NN1	RSSB	89	shave_says:𐑘𐑻
yer	𐑘𐑧𐑮	jer	NN1	GenAm	89	shave_says:𐑘𐑻
yeshiva	𐑘𐑩𐑖𐑰𐑝𐑩	jəˈʃiːvə	NN1	GenAm	89	shave_says:𐑘𐑧𐑖𐑰𐑝𐑩
yid	𐑘𐑩𐑛	jƏd	NN1	RSSB	89	shave_says:𐑘𐑦𐑛
ylem	𐑰𐑤𐑧𐑥	ˈiːlem	NN1	RSSB	89	shave_says:𐑵𐑤𐑧𐑩𐑥
yodh	𐑘𐑪𐑛	jɒd	NN1	RSSB	89	
yoruba	𐑘𐑪𐑮𐑫𐑚𐑩	jɒrʊbə	NN1	RSSB	89	shave_says:𐑘𐑹𐑵𐑚𐑩
yoruba	𐑘𐑹𐑩𐑚𐑩	ˈjɔːrəbə	NN1	GenAm	89	shave_says:𐑘𐑹𐑵𐑚𐑩
yuan	𐑘𐑩𐑭𐑯	jəˈɑːn	NN1	RSSB	89	shave_says:𐑿𐑭𐑯
yuan	𐑘𐑫𐑪𐑯	ˌjuˈɒn	NN1	GenAm	89	shave_says:𐑿𐑭𐑯
yue	𐑿𐑱	ˈjuːeɪ	NN1	RSSB	89	shave_says:𐑿𐑧
zaatar	𐑟𐑭𐑑𐑸	zɑːtɑːR	NN1	RSSB	89	shave_says:[𐑟𐑭𐑱𐑑𐑼 / 𐑟𐑭𐑨𐑑𐑼]
zaatar	𐑟𐑪𐑑𐑸	ˈzɒtɑːR	NN1	GenAm	89	shave_says:[𐑟𐑭𐑱𐑑𐑼 / 𐑟𐑭𐑨𐑑𐑼]
zabaglione	𐑟𐑨𐑚𐑩𐑤𐑘𐑴𐑯𐑦	ˌzæbəˈljəʊnɪ	NN1	RSSB	89	
zabaglione	𐑟𐑪𐑚𐑩𐑤𐑘𐑴𐑯𐑦	ˌzɒbəlˈjoʊni	NN1	GenAm	89	
zaftig	𐑟𐑨𐑓𐑑𐑦𐑜	ˈzæftɪɡ	AJ0	RSSB	89	shave_says:𐑟𐑧𐑛𐑭𐑓𐑑𐑦𐑜
zaftig	𐑟𐑪𐑓𐑑𐑦𐑜	ˈzɒftɪɡ	AJ0	GenAm	89	shave_says:𐑟𐑧𐑛𐑭𐑓𐑑𐑦𐑜
zalcitabine	𐑟𐑨𐑤𐑕𐑦𐑑𐑩𐑚𐑰𐑯	zalˈsɪtəbiːn	NN1	RSSB	89	
zalcitabine	𐑟𐑨𐑤𐑕𐑲𐑑𐑩𐑚𐑰𐑯	zælˈsaɪtəˌbiːn	NN1	GenAm	89	
zamboni	𐑟𐑨𐑥𐑚𐑴𐑯𐑦	zæmˈbəʊni	NN1	RSSB	89	shave_says:𐑟𐑭𐑥𐑚𐑴𐑯𐑦
zamburak	𐑟𐑳𐑥𐑚𐑫𐑮𐑳𐑒	ˈzʌmbʊrʌk	NN1	RSSB	89	
zantedeschia	𐑟𐑨𐑯𐑑𐑦𐑛𐑧𐑕𐑒𐑦𐑩	ˌzæntɪˈdeski+ə	NN1	RSSB	89	shave_says:𐑟𐑧𐑛𐑨𐑯𐑑𐑰𐑛𐑖𐑦𐑩
zeitgeist	𐑑𐑕𐑲𐑑𐑜𐑲𐑕𐑑	ˈtsaɪtɡaɪst	NN1	RSSB	89	shave_says:𐑟𐑲𐑑𐑜𐑲𐑕𐑑
zeroth	𐑟𐑦𐑮𐑴𐑔	ˈzɪroʊθ	AJ0	GenAm	89	shave_says:𐑟𐑽𐑴𐑔
zeugma	𐑟𐑿𐑜𐑥𐑩	ˈzjuːɡmə	NN1	RSSB	89	
zidovudine	𐑟𐑦𐑛𐑪𐑝𐑘𐑩𐑛𐑰𐑯	zɪˈdɒvjədiːn	NN1	RSSB	89	
zidovudine	𐑟𐑦𐑛𐑴𐑝𐑘𐑩𐑛𐑰𐑯	zɪˈdoʊvjəˌdiːn	NN1	GenAm	89	
ziggurat	𐑟𐑦𐑜𐑫𐑮𐑨𐑑	ˈzɪɡʊˌræt	NN1	RSSB	89	shave_says:𐑟𐑦𐑜𐑼𐑨𐑑
ziti	𐑟𐑰𐑑𐑦	ˈziːti	NN1	RSSB	89	shave_says:𐑟𐑦𐑑𐑦
zizania	𐑟𐑦𐑟𐑱𐑯𐑾	zɪˈzeɪniə	NN1	RSSB	89	shave_says:[𐑟𐑦𐑟𐑱𐑯𐑦𐑩 / 𐑟𐑦𐑟𐑩𐑯𐑦𐑩]
zizz	𐑟𐑩𐑟	zƏz	NN1	RSSB	89	shave_says:𐑟𐑧𐑛𐑦𐑟
zoarium	𐑟𐑴𐑺𐑾𐑥	zəʊeəriəm	NN1	RSSB	89	shave_says:𐑟𐑴𐑺𐑦𐑩𐑥
zodiacal	𐑟𐑴𐑛𐑲𐑩𐑒𐑩𐑤	ˌzoʊˈdaɪ+əkəl	AJ0	RSSB	89	shave_says:𐑟𐑴𐑛𐑦𐑨𐑒𐑩𐑤
zoolatry	𐑟𐑴𐑪𐑤𐑩𐑑𐑮𐑦	zəʊɒlətri	NN1	RSSB	89	shave_says:[𐑟𐑴𐑩𐑤𐑨𐑑𐑮𐑦 / 𐑟𐑵𐑤𐑨𐑑𐑮𐑦]
zoonosis	𐑟𐑴𐑪𐑯𐑩𐑕𐑦𐑕	zoʊˈɒnəsɪs	NN1	GenAm	89	shave_says:[𐑟𐑴𐑪𐑯𐑴𐑕𐑦𐑕 / 𐑟𐑴𐑩𐑯𐑴𐑟𐑦𐑕 / 𐑟𐑴𐑪𐑯𐑴𐑟𐑦𐑕 / 𐑟𐑴𐑪𐑯𐑴𐑕𐑦𐑟 / 𐑟𐑧𐑛𐑵𐑯𐑴𐑟𐑦𐑕]
zoonotic	𐑟𐑴𐑩𐑯𐑪𐑑𐑦𐑒	ˌzoʊəˈnɒtɪk	AJ0	GenAm	89	shave_says:[𐑟𐑴𐑪𐑯𐑪𐑑𐑦𐑒 / 𐑟𐑴𐑩𐑯𐑴𐑑𐑦𐑒 / 𐑟𐑴𐑪𐑯𐑴𐑑𐑦𐑒]
zoophilia	𐑟𐑴𐑩𐑓𐑦𐑤𐑾	ˈzoʊəfiliə	NN1	GenAm	89	shave_says:𐑟𐑴𐑩𐑓𐑦𐑤𐑦𐑩
zoopsia	𐑟𐑵𐑪𐑐𐑕𐑾	zuːˈɒpsɪə	NN1	RSSB	89	shave_says:[𐑟𐑴𐑩𐑕𐑲𐑩 / 𐑟𐑵𐑐𐑕𐑦𐑩]
zoroastrian	𐑟𐑪𐑮𐑴𐑨𐑕𐑑𐑮𐑾𐑯	zɒrəʊæstrɪən	AJ0	RSSB	89	shave_says:𐑟𐑹𐑴𐑨𐑕𐑑𐑮𐑦𐑩𐑯
zoroastrian	𐑟𐑴𐑮𐑴𐑨𐑕𐑑𐑮𐑦𐑩𐑯	ˌzoʊroʊˈæstri+ən	AJ0	GenAm	89	shave_says:𐑟𐑹𐑴𐑨𐑕𐑑𐑮𐑦𐑩𐑯
zygomatic	𐑟𐑲𐑜𐑩𐑥𐑨𐑑𐑦𐑒	ˌzaɪɡəˈmætɪk	AJ0	GenAm	89	shave_says:[𐑟𐑲𐑜𐑴𐑥𐑨𐑑𐑦𐑒 / 𐑟𐑲𐑜𐑴𐑥𐑱𐑑𐑦𐑒 / 𐑟𐑧𐑛𐑦𐑜𐑩𐑥𐑨𐑑𐑦𐑒]
acerbic	𐑩𐑕𐑻𐑚𐑦𐑒	əˈsɜːbɪk	AJ0	GenAm	95	r_gap:spelling=1,ipa=0; shave_agrees
beelzebub	𐑚𐑰𐑧𐑤𐑟𐑦𐑚𐑳𐑚	biːˈelzɪbʌb	NN1	RSSB	95	ml_disagrees:𐑚𐑰𐑧𐑤𐑟𐑩𐑚𐑳𐑚; shave_agrees
dagestani	𐑛𐑨𐑜𐑦𐑕𐑑𐑭𐑯𐑦	ˌdæɡɪˈstɑːni	NN1	RSSB	95	ml_disagrees:𐑛𐑨𐑜𐑩𐑕𐑑𐑭𐑯𐑦; shave_agrees
defensibility	𐑛𐑦𐑓𐑧𐑯𐑕𐑦𐑚𐑦𐑤𐑦𐑑𐑦	dɪˌfensɪˈbɪlɪti	NN1	RSSB	95	ml_disagrees:𐑛𐑦𐑓𐑧𐑯𐑕𐑩𐑚𐑦𐑤𐑦𐑑𐑦; shave_agrees
emblematical	𐑧𐑥𐑚𐑤𐑩𐑥𐑨𐑑𐑦𐑒𐑩𐑤	ˌembləˈmætɪkəl	AJ0	RSSB	95	ml_disagrees:𐑦𐑥𐑚𐑤𐑩𐑥𐑨𐑑𐑦𐑒𐑩𐑤; shave_agrees
embolus	𐑧𐑥𐑚𐑩𐑤𐑩𐑕	ˈembələs	NN1	RSSB	95	ml_disagrees:𐑦𐑥𐑚𐑩𐑤𐑩𐑕; shave_agrees
empathic	𐑧𐑥𐑐𐑨𐑔𐑦𐑒	emˈpæθɪk	AJ0	RSSB	95	ml_disagrees:𐑦𐑥𐑐𐑨𐑔𐑦𐑒; shave_agrees
fetishist	𐑓𐑧𐑑𐑦𐑖𐑦𐑕𐑑	ˈfetɪʃɪst	NN1	RSSB	95	ml_disagrees:𐑓𐑧𐑑𐑦𐑖𐑩𐑕𐑑; shave_agrees
hexadecimal	𐑣𐑧𐑒𐑕𐑩𐑛𐑧𐑕𐑦𐑥𐑩𐑤	ˌheksəˈdesɪməl	AJ0	RSSB	95	ml_disagrees:𐑣𐑧𐑒𐑕𐑩𐑛𐑧𐑕𐑩𐑥𐑩𐑤; shave_agrees
kickshaw	𐑒𐑦𐑒𐑖𐑷	ˈkɪkʃɔː	NN1	RSSB	95	ml_disagrees:𐑒𐑦𐑒𐑖𐑷𐑮; shave_agrees
monistic	𐑥𐑪𐑯𐑦𐑕𐑑𐑦𐑒	mɒˈnɪstɪk	AJ0	RSSB	95	ml_disagrees:𐑥𐑪𐑯𐑩𐑕𐑑𐑦𐑒; shave_agrees
pessimal	𐑐𐑧𐑕𐑦𐑥𐑩𐑤	ˈpesɪməl	AJ0	RSSB	95	ml_disagrees:𐑐𐑧𐑕𐑩𐑥𐑩𐑤; shave_agrees
podiatrist	𐑐𐑩𐑛𐑲𐑩𐑑𐑮𐑦𐑕𐑑	pədaɪətrɪst	NN1	RSSB	95	ml_disagrees:𐑐𐑩𐑛𐑲𐑩𐑑𐑮𐑩𐑕𐑑; shave_agrees
aar	𐑸	ɑːR	NN1	GenAm	97	shave_agrees
aardwolf	𐑸𐑛𐑢𐑫𐑤𐑓	ˈɑːRdˌwʊlf	NN1	GenAm	97	shave_agrees
ab	𐑨𐑚	æb	NN1	RSSB	97	shave_agrees
abalone	𐑨𐑚𐑩𐑤𐑴𐑯𐑦	æbəˈloʊni	NN1	GenAm	97	shave_agrees
abamp	𐑨𐑚𐑨𐑥𐑐	ˈæbˌæmp	NN1	GenAm	97	shave_agrees
abarticulation	𐑨𐑚𐑸𐑑𐑦𐑒𐑘𐑩𐑤𐑱𐑖𐑩𐑯	æbɑːRˌtɪkjəˈleɪʃən	NN1	GenAm	97	shave_agrees
abashment	𐑩𐑚𐑨𐑖𐑥𐑩𐑯𐑑	əˈbæʃmənt	NN1	GenAm	97	shave_agrees
abatable	𐑩𐑚𐑱𐑑𐑩𐑚𐑩𐑤	əˈbeɪtəbəl	AJ0	GenAm	97	shave_agrees
abaxial	𐑨𐑚𐑨𐑒𐑕𐑦𐑩𐑤	æbˈæksi+əl	AJ0	GenAm	97	shave_agrees
abbacy	𐑨𐑚𐑩𐑕𐑦	ˈæbəsi	NN1	GenAm	97	shave_agrees
abbreviator	𐑩𐑚𐑮𐑰𐑝𐑦𐑱𐑑𐑼	əˈbriːviˌeɪtər	NN1	GenAm	97	shave_agrees
abele	𐑩𐑚𐑰𐑤	əˈbiːl	NN1	GenAm	97	shave_agrees
aberrate	𐑨𐑚𐑼𐑱𐑑	ˈæbəreɪt	VVI	GenAm	97	shave_agrees
abetment	𐑩𐑚𐑧𐑑𐑥𐑩𐑯𐑑	əˈbetmənt	NN1	GenAm	97	shave_agrees
abettal	𐑩𐑚𐑧𐑑𐑩𐑤	əˈbetəl	NN1	GenAm	97	shave_agrees
abettor	𐑩𐑚𐑧𐑑𐑼	əˈbetəR	NN1	GenAm	97	shave_agrees
abhenry	𐑨𐑚𐑣𐑧𐑯𐑮𐑦	æbˈhenri	NN1	GenAm	97	shave_agrees
abhorrer	𐑩𐑚𐑣𐑹𐑼	əbhɔːrəR	NN1	RSSB	97	shave_agrees
abidance	𐑩𐑚𐑲𐑛𐑩𐑯𐑕	əˈbaɪdəns	NN1	GenAm	97	shave_agrees
abiogenesis	𐑱𐑚𐑲𐑴𐑡𐑧𐑯𐑩𐑕𐑦𐑕	ˌeɪbaɪəʊˈdʒenəsɪs	NN1	RSSB	97	shave_agrees
ablactate	𐑨𐑚𐑤𐑨𐑒𐑑𐑱𐑑	ˌæblækˈteɪt	VVI	RSSB	97	shave_agrees
ablactation	𐑨𐑚𐑤𐑨𐑒𐑑𐑱𐑖𐑩𐑯	ˌæblækˈteɪʃən	NN1	GenAm	97	shave_agrees
ablate	𐑩𐑚𐑤𐑱𐑑	əˈbleɪt	VVI	GenAm	97	shave_agrees
ablation	𐑩𐑚𐑤𐑱𐑖𐑩𐑯	əˈbleɪʃən	NN1	RSSB	97	shave_agrees
ableism	𐑱𐑚𐑩𐑤𐑦𐑟𐑩𐑥	ˈeɪbəlɪzəm	NN1	GenAm	97	shave_agrees
abnegate	𐑨𐑚𐑯𐑦𐑜𐑱𐑑	ˈæbnɪɡeɪt	VVI	GenAm	97	shave_agrees
abnegator	𐑨𐑚𐑯𐑦𐑜𐑱𐑑𐑼	ˈæbnɪˌɡeɪtəR	NN1	GenAm	97	shave_agrees
abnormalcy	𐑨𐑚𐑯𐑹𐑥𐑩𐑤𐑕𐑦	æbˈnɔːRməlsi	NN1	GenAm	97	shave_agrees
abolishable	𐑩𐑚𐑪𐑤𐑦𐑖𐑩𐑚𐑩𐑤	əˈbɒlɪʃəbəl	AJ0	GenAm	97	shave_agrees
abolishment	𐑩𐑚𐑪𐑤𐑦𐑖𐑥𐑩𐑯𐑑	əˈbɒlɪʃmənt	NN1	GenAm	97	shave_agrees
abolitionism	𐑨𐑚𐑩𐑤𐑦𐑖𐑩𐑯𐑦𐑟𐑩𐑥	ˌæbəˈlɪʃəˌnɪzəm	NN1	GenAm	97	shave_agrees
abomasal	𐑨𐑚𐑴𐑥𐑱𐑕𐑩𐑤	ˌæboʊˈmeɪsəl	AJ0	GenAm	97	shave_agrees
abomasum	𐑨𐑚𐑴𐑥𐑱𐑕𐑩𐑥	ˌæboʊˈmeɪsəm	NN1	GenAm	97	shave_agrees
aborticide	𐑩𐑚𐑹𐑑𐑦𐑕𐑲𐑛	əˈbɔːRtɪˌsaɪd	NN1	GenAm	97	shave_agrees
abortus	𐑩𐑚𐑹𐑑𐑩𐑕	əˈbɔːRtəs	NN1	GenAm	97	shave_agrees
abradant	𐑩𐑚𐑮𐑱𐑛𐑩𐑯𐑑	əˈbreɪdənt	NN1	GenAm	97	shave_agrees
abrader	𐑩𐑚𐑮𐑱𐑛𐑼	əˈbreɪdəR	NN1	GenAm	97	shave_agrees
abreact	𐑨𐑚𐑮𐑦𐑨𐑒𐑑	ˌæbriˈækt	VVI	GenAm	97	shave_agrees
abreaction	𐑨𐑚𐑮𐑦𐑨𐑒𐑖𐑩𐑯	ˌæbriˈækʃən	NN1	GenAm	97	shave_agrees
abridger	𐑩𐑚𐑮𐑦𐑡𐑼	əˈbrɪdʒəR	NN1	GenAm	97	shave_agrees
abrogator	𐑨𐑚𐑮𐑩𐑜𐑱𐑑𐑼	ˈæbrəˌɡeɪtəR	NN1	GenAm	97	shave_agrees
abs	𐑨𐑚𐑟	æbz	NN1	RSSB	97	shave_agrees
abscissa	𐑨𐑚𐑕𐑦𐑕𐑩	æbˈsɪsə	NN1	GenAm	97	shave_agrees
abseil	𐑨𐑚𐑕𐑱𐑤	ˈæbseɪl	NN1	RSSB	97	shave_agrees
absoluteness	𐑨𐑚𐑕𐑩𐑤𐑵𐑑𐑯𐑩𐑕	ˈabsəluːtnəs	NN1	RSSB	97	shave_agrees
absorbable	𐑩𐑚𐑕𐑹𐑚𐑩𐑚𐑩𐑤	əbˈsɔːRbəbəl	AJ0	GenAm	97	shave_agrees
absorbance	𐑩𐑚𐑕𐑹𐑚𐑩𐑯𐑕	əbˈsɔːRbəns	NN1	GenAm	97	shave_agrees
absorber	𐑩𐑚𐑕𐑹𐑚𐑼	əbˈsɔːRbəR	NN1	GenAm	97	shave_agrees
absorptance	𐑩𐑚𐑕𐑹𐑐𐑑𐑩𐑯𐑕	əbzɔːRptəns	NN1	RSSB	97	shave_agrees
abstinent	𐑨𐑚𐑕𐑑𐑦𐑯𐑩𐑯𐑑	ˈæbstɪnənt	NN1	GenAm	97	shave_agrees
abstractive	𐑨𐑚𐑕𐑑𐑮𐑨𐑒𐑑𐑦𐑝	æbˈstræktɪv	AJ0	GenAm	97	shave_agrees
abstractly	𐑨𐑚𐑕𐑑𐑮𐑨𐑒𐑑𐑤𐑦	æbˈstræktli	AV0	GenAm	97	shave_agrees
abstractor	𐑨𐑚𐑕𐑑𐑮𐑨𐑒𐑑𐑼	æbˈstræktəR	NN1	GenAm	97	shave_agrees
absurdness	𐑩𐑚𐑕𐑻𐑛𐑯𐑩𐑕	əbsɜːRdnəs	NN1	RSSB	97	shave_agrees
abvolt	𐑨𐑚𐑝𐑴𐑤𐑑	æbˈvoʊlt	NN1	GenAm	97	shave_agrees
abwatt	𐑨𐑚𐑢𐑪𐑑	æbwɒt	NN1	GenAm	97	shave_agrees
abyssal	𐑩𐑚𐑦𐑕𐑩𐑤	əˈbɪsəl	AJ0	GenAm	97	shave_agrees
academe	𐑨𐑒𐑩𐑛𐑰𐑥	ˈækəˌdiːm	NN1	GenAm	97	shave_agrees
acadian	𐑩𐑒𐑱𐑛𐑾𐑯	əˈkeɪdiən	NN1	GenAm	97	shave_agrees
acantha	𐑩𐑒𐑨𐑯𐑔𐑩	əˈkænθə	NN1	GenAm	97	shave_agrees
acanthocyte	𐑩𐑒𐑨𐑯𐑔𐑴𐑕𐑲𐑑	əˈkænθoʊˌsaɪt	NN1	GenAm	97	shave_agrees
acanthoid	𐑩𐑒𐑨𐑯𐑔𐑶𐑛	əˈkænˌθɔɪd	AJ0	GenAm	97	shave_agrees
acanthoma	𐑩𐑒𐑨𐑯𐑔𐑴𐑥𐑩	əkænˈθoʊmə	NN1	GenAm	97	shave_agrees
acanthous	𐑩𐑒𐑨𐑯𐑔𐑩𐑕	əˈkænθəs	AJ0	GenAm	97	shave_agrees
acanthus	𐑩𐑒𐑨𐑯𐑔𐑩𐑕	əˈkænθəs	NN1	GenAm	97	shave_agrees
acarpous	𐑱𐑒𐑸𐑐𐑩𐑕	eɪkɑːRpəs	AJ0	RSSB	97	shave_agrees
acceptor	𐑩𐑒𐑕𐑧𐑐𐑑𐑼	əkˈseptəR	NN1	GenAm	97	shave_agrees
accommodatingly	𐑩𐑒𐑪𐑥𐑩𐑛𐑱𐑑𐑦𐑙𐑤𐑦	əˈkɒməˌdeɪtɪŋli	AV0	GenAm	97	shave_agrees
accommodative	𐑩𐑒𐑪𐑥𐑩𐑛𐑱𐑑𐑦𐑝	əˈkɒməˌdeɪtɪv	AJ0	GenAm	97	shave_agrees
accommodator	𐑩𐑒𐑪𐑥𐑩𐑛𐑱𐑑𐑼	əˈkɒməˌdeɪtəR	NN1	GenAm	97	shave_agrees
accordant	𐑩𐑒𐑹𐑛𐑩𐑯𐑑	əˈkɔːRdənt	AJ0	GenAm	97	shave_agrees
accrual	𐑩𐑒𐑮𐑵𐑩𐑤	əkruːəl	NN1	RSSB	97	shave_agrees
acculturate	𐑩𐑒𐑳𐑤𐑗𐑼𐑱𐑑	əkʌltʃəreɪt	VVI	RSSB	97	shave_agrees
acculturation	𐑩𐑒𐑳𐑤𐑗𐑼𐑱𐑖𐑩𐑯	əkʌltʃəreɪʃən	NN1	RSSB	97	shave_agrees
acculturational	𐑩𐑒𐑳𐑤𐑗𐑼𐑱𐑖𐑩𐑯𐑩𐑤	əkʌltʃəreɪʃənəl	AJ0	RSSB	97	shave_agrees
acculturative	𐑩𐑒𐑳𐑤𐑗𐑼𐑱𐑑𐑦𐑝	əˈkʌltʃəˌreɪtɪv	AJ0	GenAm	97	shave_agrees
accurse	𐑩𐑒𐑻𐑕	əkɜːRs	VVI	RSSB	97	shave_agrees
accusal	𐑩𐑒𐑿𐑟𐑩𐑤	əˈkjuːzəl	NN1	RSSB	97	shave_agrees
acerb	𐑩𐑕𐑻𐑚	əˈsɜːRb	AJ0	GenAm	97	shave_agrees
acetone	𐑨𐑕𐑩𐑑𐑴𐑯	ˈæsətoʊn	NN1	GenAm	97	shave_agrees
achy	𐑱𐑒𐑦	eɪki	AJ0	RSSB	97	shave_agrees
acidophilic	𐑨𐑕𐑦𐑛𐑴𐑓𐑦𐑤𐑦𐑒	ˌæsɪdəʊˈfɪlɪk	AJ0	RSSB	97	shave_agrees
ackee	𐑨𐑒𐑰	ˈækiː	NN1	RSSB	97	shave_agrees
acquittance	𐑩𐑒𐑢𐑦𐑑𐑩𐑯𐑕	əˈkwɪtəns	NN1	RSSB	97	shave_agrees
acrylamide	𐑩𐑒𐑮𐑦𐑤𐑩𐑥𐑲𐑛	əkrɪləmaɪd	NN1	RSSB	97	shave_agrees
actinide	𐑨𐑒𐑑𐑦𐑯𐑲𐑛	ˈæktɪnaɪd	NN1	RSSB	97	shave_agrees
activistic	𐑨𐑒𐑑𐑦𐑝𐑦𐑕𐑑𐑦𐑒	æktɪˈvɪstɪk	AJ0	GenAm	97	shave_agrees
adactylous	𐑱𐑛𐑨𐑒𐑑𐑦𐑤𐑩𐑕	eɪˈdæktɪləs	AJ0	RSSB	97	shave_agrees
addend	𐑨𐑛𐑧𐑯𐑛	ˈædend	NN1	RSSB	97	shave_agrees
adduct	𐑩𐑛𐑳𐑒𐑑	əˈdʌkt	NN1	RSSB	97	shave_agrees
adductor	𐑩𐑛𐑳𐑒𐑑𐑼	ədʌktəR	NN1	RSSB	97	shave_agrees
ade	𐑱𐑛	ˈeɪd	NN1	RSSB	97	shave_agrees
adenine	𐑨𐑛𐑩𐑯𐑰𐑯	ˈædəˌniːn	NN1	RSSB	97	shave_agrees
adjuvant	𐑨𐑡𐑩𐑝𐑩𐑯𐑑	ˈædʒəvənt	AJ0	RSSB	97	shave_agrees
administrate	𐑩𐑛𐑥𐑦𐑯𐑦𐑕𐑑𐑮𐑱𐑑	ədmɪnɪstreɪt	VVI	RSSB	97	shave_agrees
adopter	𐑩𐑛𐑪𐑐𐑑𐑼	əˈdɒptəR	NN1	GenAm	97	shave_agrees
adorableness	𐑩𐑛𐑹𐑩𐑚𐑩𐑤𐑯𐑩𐑕	əˈdɔːrəbəlnəs	NN1	GenAm	97	shave_agrees
adoxography	𐑱𐑛𐑪𐑒𐑕𐑪𐑜𐑮𐑩𐑓𐑦	eɪdɒkˈsɒɡrəfi	NN1	GenAm	97	shave_agrees
adulate	𐑨𐑡𐑩𐑤𐑱𐑑	ˈædʒəleɪt	VVI	RSSB	97	shave_agrees
adulterine	𐑩𐑛𐑳𐑤𐑑𐑼𐑰𐑯	əˈdʌltəriːn	AJ0	GenAm	97	shave_agrees
adulterousness	𐑩𐑛𐑳𐑤𐑑𐑼𐑩𐑕𐑯𐑩𐑕	ədʌltərəsnəs	NN1	RSSB	97	shave_agrees
advertorial	𐑨𐑛𐑝𐑻𐑑𐑹𐑦𐑩𐑤	ædvɜːRtɔːri+əl	NN1	RSSB	97	shave_agrees
affiant	𐑩𐑓𐑲𐑩𐑯𐑑	əˈfaɪ+ənt	NN1	RSSB	97	shave_agrees
affine	𐑩𐑓𐑲𐑯	əˈfaɪn	AJ0	RSSB	97	shave_agrees
affluenza	𐑨𐑓𐑤𐑵𐑧𐑯𐑟𐑩	ˌæfluːˈenzə	NN1	RSSB	97	shave_agrees
aflutter	𐑩𐑓𐑤𐑳𐑑𐑼	əˈflʌtəR	AJ0	GenAm	97	shave_agrees
aforementioned	𐑩𐑓𐑹𐑥𐑧𐑯𐑖𐑩𐑯𐑛	əˈfɔːRˌmenʃənd	AJ0	GenAm	97	shave_agrees
ag	𐑨𐑜	æɡ	NN1	RSSB	97	shave_agrees
agaric	𐑨𐑜𐑼𐑦𐑒	æɡərɪk	NN1	RSSB	97	shave_agrees
ageism	𐑱𐑡𐑦𐑟𐑩𐑥	ˈeɪdʒɪzəm	NN1	RSSB	97	shave_agrees
agglutinin	𐑩𐑜𐑤𐑵𐑑𐑦𐑯𐑦𐑯	əˈɡluːtɪnɪn	NN1	RSSB	97	shave_agrees
aggress	𐑩𐑜𐑮𐑧𐑕	əɡres	VVI	RSSB	97	shave_agrees
agitprop	𐑨𐑡𐑦𐑑𐑐𐑮𐑪𐑐	ˈædʒɪtprɒp	NN1	RSSB	97	shave_agrees
agonistic	𐑨𐑜𐑩𐑯𐑦𐑕𐑑𐑦𐑒	aɡəˈnɪstɪk	AJ0	RSSB	97	shave_agrees
agribusiness	𐑨𐑜𐑮𐑦𐑚𐑦𐑟𐑯𐑩𐑕	æɡrɪbɪznəs	NN1	RSSB	97	shave_agrees
agriculturalist	𐑨𐑜𐑮𐑦𐑒𐑳𐑤𐑗𐑼𐑩𐑤𐑦𐑕𐑑	æɡrɪkʌltʃərəlɪst	NN1	RSSB	97	shave_agrees
agrimony	𐑨𐑜𐑮𐑦𐑥𐑴𐑯𐑦	ˈæɡrɪˌmoʊni	NN1	GenAm	97	shave_agrees
agrology	𐑩𐑜𐑮𐑪𐑤𐑩𐑡𐑦	əˈɡrɒlədʒi	NN1	GenAm	97	shave_agrees
agronomist	𐑩𐑜𐑮𐑪𐑯𐑩𐑥𐑦𐑕𐑑	əɡrɒnəmɪst	NN1	RSSB	97	shave_agrees
agronomy	𐑩𐑜𐑮𐑪𐑯𐑩𐑥𐑦	əɡrɒnəmi	NN1	RSSB	97	shave_agrees
alabamian	𐑨𐑤𐑩𐑚𐑨𐑥𐑦𐑩𐑯	ˌæləˈbæmi+ən	NN1	RSSB	97	shave_agrees
alaskan	𐑩𐑤𐑨𐑕𐑒𐑩𐑯	əˈlæskən	AJ0	RSSB	97	shave_agrees
alate	𐑱𐑤𐑱𐑑	ˈeɪˌleɪt	AJ0	GenAm	97	shave_agrees
albacore	𐑨𐑤𐑚𐑩𐑒𐑹	ˈælbəkɔːR	NN1	GenAm	97	shave_agrees
albedo	𐑨𐑤𐑚𐑰𐑛𐑴	ælˈbiːdoʊ	NN1	GenAm	97	shave_agrees
albescent	𐑨𐑤𐑚𐑧𐑕𐑩𐑯𐑑	alˈbesənt	AJ0	RSSB	97	shave_agrees
albion	𐑨𐑤𐑚𐑦𐑩𐑯	ˈælbi+ən	NN1	GenAm	97	shave_agrees
albuminous	𐑨𐑤𐑚𐑿𐑥𐑦𐑯𐑩𐑕	ælˈbjuːmɪnəs	AJ0	RSSB	97	shave_agrees
aldehyde	𐑨𐑤𐑛𐑦𐑣𐑲𐑛	ˈældɪhaɪd	NN1	RSSB	97	shave_agrees
alderfly	𐑷𐑤𐑛𐑼𐑓𐑤𐑲	ɔːldəRflaɪ	NN1	RSSB	97	shave_agrees
alembic	𐑩𐑤𐑧𐑥𐑚𐑦𐑒	əˈlembɪk	NN1	RSSB	97	shave_agrees
algonquian	𐑨𐑤𐑜𐑪𐑙𐑒𐑦𐑩𐑯	ælˈɡɒŋki+ən	AJ0	RSSB	97	shave_agrees
algonquin	𐑨𐑤𐑜𐑪𐑙𐑒𐑦𐑯	ælˈɡɒŋkɪn	NN1	RSSB	97	shave_agrees
aliment	𐑨𐑤𐑦𐑥𐑩𐑯𐑑	ˈalɪmənt	NN1	RSSB	97	shave_agrees
aliquot	𐑨𐑤𐑦𐑒𐑢𐑪𐑑	ˈælɪkwɒt	AJ0	RSSB	97	shave_agrees
aliterate	𐑱𐑤𐑦𐑑𐑼𐑩𐑑	eɪlɪtərət	NN1	RSSB	97	shave_agrees
alkalosis	𐑨𐑤𐑒𐑩𐑤𐑴𐑕𐑦𐑕	ælkəˈləʊsɪs	NN1	RSSB	97	shave_agrees
alkane	𐑨𐑤𐑒𐑱𐑯	ˈælkeɪn	NN1	RSSB	97	shave_agrees
allele	𐑩𐑤𐑰𐑤	əˈliːl	NN1	GenAm	97	shave_agrees
allograph	𐑨𐑤𐑩𐑜𐑮𐑨𐑓	æləɡræf	NN1	RSSB	97	shave_agrees
allomorph	𐑨𐑤𐑩𐑥𐑹𐑓	æləmɔːRf	NN1	RSSB	97	shave_agrees
allotrope	𐑨𐑤𐑩𐑑𐑮𐑴𐑐	ælətrəʊp	NN1	RSSB	97	shave_agrees
alpinism	𐑨𐑤𐑐𐑦𐑯𐑦𐑟𐑩𐑥	ˈælpɪnɪzəm	NN1	RSSB	97	shave_agrees
alprazolam	𐑨𐑤𐑐𐑮𐑨𐑟𐑩𐑤𐑨𐑥	ælˈpræzəˌlæm	NN1	GenAm	97	shave_agrees
amative	𐑨𐑥𐑩𐑑𐑦𐑝	ˈamətɪv	AJ0	RSSB	97	shave_agrees
amativeness	𐑨𐑥𐑩𐑑𐑦𐑝𐑯𐑩𐑕	ˈamətɪvnəs	NN1	RSSB	97	shave_agrees
amberjack	𐑨𐑥𐑚𐑼𐑡𐑨𐑒	ˈæmbəRdʒæk	NN1	GenAm	97	shave_agrees
ambrose	𐑨𐑥𐑚𐑮𐑴𐑟	ˈæmbrəʊz	NN1	RSSB	97	shave_agrees
ambrosial	𐑨𐑥𐑚𐑮𐑴𐑟𐑾𐑤	ambrəʊzɪəl	AJ0	RSSB	97	shave_agrees
amerind	𐑨𐑥𐑼𐑦𐑯𐑛	æmərɪnd	AJ0	RSSB	97	shave_agrees
amerindian	𐑨𐑥𐑼𐑦𐑯𐑛𐑦𐑩𐑯	æmərɪndi+ən	NN1	RSSB	97	shave_agrees
amigo	𐑩𐑥𐑰𐑜𐑴	əˈmiːɡoʊ	NN1	GenAm	97	shave_agrees
amine	𐑩𐑥𐑰𐑯	əˈmiːn	NN1	GenAm	97	shave_agrees
ammoniacal	𐑨𐑥𐑩𐑯𐑲𐑩𐑒𐑩𐑤	aməˈnaɪəkəl	AJ0	RSSB	97	shave_agrees
amnestic	𐑨𐑥𐑯𐑧𐑕𐑑𐑦𐑒	æmˈnestɪk	AJ0	RSSB	97	shave_agrees
ampersand	𐑨𐑥𐑐𐑼𐑕𐑨𐑯𐑛	æmpəRsænd	NN1	RSSB	97	shave_agrees
amphibology	𐑨𐑥𐑓𐑦𐑚𐑪𐑤𐑩𐑡𐑦	amfɪˈbɒlədʒi	NN1	RSSB	97	shave_agrees
amphiboly	𐑨𐑥𐑓𐑦𐑚𐑩𐑤𐑦	amˈfɪbəli	NN1	RSSB	97	shave_agrees
amphipod	𐑨𐑥𐑓𐑦𐑐𐑪𐑛	ˈamfɪpɒd	NN1	RSSB	97	shave_agrees
amphiprostylar	𐑨𐑥𐑓𐑦𐑐𐑮𐑴𐑕𐑑𐑲𐑤𐑼	æmfɪprəʊstaɪləR	AJ0	RSSB	97	shave_agrees
amphotericin	𐑨𐑥𐑓𐑩𐑑𐑧𐑮𐑦𐑕𐑦𐑯	ˌæmfəˈterɪsɪn	NN1	GenAm	97	shave_agrees
ampicillin	𐑨𐑥𐑐𐑦𐑕𐑦𐑤𐑦𐑯	ˌæmpɪˈsɪlɪn	NN1	RSSB	97	shave_agrees
amygdaliform	𐑩𐑥𐑦𐑜𐑛𐑩𐑤𐑦𐑓𐑹𐑥	əmɪɡdəlɪfɔːRm	AJ0	RSSB	97	shave_agrees
amyl	𐑨𐑥𐑦𐑤	ˈæmɪl	NN1	RSSB	97	shave_agrees
amylase	𐑨𐑥𐑦𐑤𐑱𐑕	ˈæmɪleɪs	NN1	RSSB	97	shave_agrees
anabolic	𐑨𐑯𐑩𐑚𐑪𐑤𐑦𐑒	ˌænəˈbɒlɪk	AJ0	GenAm	97	shave_agrees
anaclitic	𐑨𐑯𐑩𐑒𐑤𐑦𐑑𐑦𐑒	ænəˈklɪtɪk	AJ0	RSSB	97	shave_agrees
anacoluthon	𐑨𐑯𐑩𐑒𐑩𐑤𐑵𐑔𐑪𐑯	ænəkəˈluːθɒn	NN1	RSSB	97	shave_agrees
anaheim	𐑨𐑯𐑩𐑣𐑲𐑥	ˈænəhaɪm	NN1	RSSB	97	shave_agrees
analeptic	𐑨𐑯𐑩𐑤𐑧𐑐𐑑𐑦𐑒	ˌænəˈleptɪk	AJ0	RSSB	97	shave_agrees
anamorphic	𐑨𐑯𐑩𐑥𐑹𐑓𐑦𐑒	ˌænəˈmɔːRfɪk	AJ0	GenAm	97	shave_agrees
anapest	𐑨𐑯𐑩𐑐𐑰𐑕𐑑	ˈænəpiːst	NN1	RSSB	97	shave_agrees
anapestic	𐑨𐑯𐑩𐑐𐑰𐑕𐑑𐑦𐑒	ˌænəˈpiːstɪk	AJ0	RSSB	97	shave_agrees
anaphase	𐑨𐑯𐑩𐑓𐑱𐑟	ˈænəˌfeɪz	NN1	RSSB	97	shave_agrees
anaplastic	𐑨𐑯𐑩𐑐𐑤𐑨𐑕𐑑𐑦𐑒	ˌænəˈplæstɪk	AJ0	RSSB	97	shave_agrees
anastomosis	𐑩𐑯𐑨𐑕𐑑𐑩𐑥𐑴𐑕𐑦𐑕	ənæstəˈməʊsɪs	NN1	RSSB	97	shave_agrees
androgynous	𐑨𐑯𐑛𐑮𐑪𐑡𐑩𐑯𐑩𐑕	ænˈdrɒdʒənəs	AJ0	GenAm	97	shave_agrees
androgyny	𐑨𐑯𐑛𐑮𐑪𐑡𐑩𐑯𐑦	ænˈdrɒdʒəni	NN1	GenAm	97	shave_agrees
aneurysm	𐑨𐑯𐑘𐑼𐑦𐑟𐑩𐑥	ˈænjərɪzəm	NN1	GenAm	97	shave_agrees
angioplasty	𐑨𐑯𐑡𐑦𐑴𐑐𐑤𐑨𐑕𐑑𐑦	ˈændʒi+əʊplæsti	NN1	RSSB	97	shave_agrees
anglerfish	𐑨𐑙𐑜𐑤𐑼𐑓𐑦𐑖	ˈæŋɡləRˌfɪʃ	NN1	GenAm	97	shave_agrees
angleworm	𐑨𐑙𐑜𐑩𐑤𐑢𐑻𐑥	æŋɡəlwɜːRm	NN1	RSSB	97	shave_agrees
anglicisation	𐑨𐑙𐑜𐑤𐑦𐑕𐑲𐑟𐑱𐑖𐑩𐑯	ˌæŋɡlɪsaɪˈzeɪʃən	NN1	RSSB	97	shave_agrees
ani	𐑭𐑯𐑦	ˈɑːni	NN1	RSSB	97	shave_agrees
anile	𐑱𐑯𐑲𐑤	ˈeɪnaɪl	AJ0	GenAm	97	shave_agrees
anisogamy	𐑨𐑯𐑲𐑕𐑪𐑜𐑩𐑥𐑦	ænaɪˈsɒɡəmi	NN1	RSSB	97	shave_agrees
ankus	𐑨𐑙𐑒𐑩𐑕	ˈaŋkəs	NN1	RSSB	97	shave_agrees
anomie	𐑨𐑯𐑩𐑥𐑰	ˈænəmiː	NN1	RSSB	97	shave_agrees
anorexia	𐑨𐑯𐑼𐑧𐑒𐑕𐑦𐑩	ænəˈreksi+ə	NN1	GenAm	97	shave_agrees
anorexic	𐑨𐑯𐑼𐑧𐑒𐑕𐑦𐑒	ænəˈreksɪk	AJ0	GenAm	97	shave_agrees
anoxia	𐑨𐑯𐑪𐑒𐑕𐑦𐑩	ænˈɒksi+ə	NN1	RSSB	97	shave_agrees
anserine	𐑨𐑯𐑕𐑼𐑲𐑯	ansəraɪn	AJ0	RSSB	97	shave_agrees
answerer	𐑭𐑯𐑕𐑼𐑼	ɑːnsərəR	NN1	RSSB	97	shave_agrees
anteater	𐑨𐑯𐑑𐑰𐑑𐑼	ˈæntˌiːtəR	NN1	GenAm	97	shave_agrees
antebellum	𐑨𐑯𐑑𐑦𐑚𐑧𐑤𐑩𐑥	ˌæntiˈbeləm	AJ0	RSSB	97	shave_agrees
anthelmintic	𐑨𐑯𐑔𐑧𐑤𐑥𐑦𐑯𐑑𐑦𐑒	ænθelˈmɪntɪk	AJ0	RSSB	97	shave_agrees
anthropic	𐑨𐑯𐑔𐑮𐑪𐑐𐑦𐑒	ænˈθrɒpɪk	AJ0	RSSB	97	shave_agrees
anthropogenic	𐑨𐑯𐑔𐑮𐑩𐑐𐑩𐑡𐑧𐑯𐑦𐑒	ænθrəpədʒenɪk	AJ0	RSSB	97	shave_agrees
antihero	𐑨𐑯𐑑𐑦𐑣𐑽𐑴	æntɪhɪərəʊ	NN1	RSSB	97	shave_agrees
antihistamine	𐑨𐑯𐑑𐑦𐑣𐑦𐑕𐑑𐑩𐑥𐑰𐑯	ˌæntiˈhɪstəmiːn	NN1	GenAm	97	shave_agrees
antinomian	𐑨𐑯𐑑𐑦𐑯𐑴𐑥𐑦𐑩𐑯	æntiˈnoʊmi+ən	AJ0	GenAm	97	shave_agrees
antinomianism	𐑨𐑯𐑑𐑦𐑯𐑴𐑥𐑦𐑩𐑯𐑦𐑟𐑩𐑥	æntiˈnoʊmi+ənɪzəm	NN1	GenAm	97	shave_agrees
antiparticle	𐑨𐑯𐑑𐑦𐑐𐑸𐑑𐑦𐑒𐑩𐑤	æntipɑːRtɪkəl	NN1	RSSB	97	shave_agrees
antiphon	𐑨𐑯𐑑𐑦𐑓𐑩𐑯	ˈæntɪfən	NN1	RSSB	97	shave_agrees
antipode	𐑨𐑯𐑑𐑦𐑐𐑴𐑛	ˈæntɪpoʊd	NN1	RSSB	97	shave_agrees
antipope	𐑨𐑯𐑑𐑦𐑐𐑴𐑐	ˈantɪpəʊp	NN1	RSSB	97	shave_agrees
antonymy	𐑨𐑯𐑑𐑩𐑯𐑦𐑥𐑦	ˈæntənɪmi	NN1	RSSB	97	shave_agrees
antrum	𐑨𐑯𐑑𐑮𐑩𐑥	æntrəm	NN1	RSSB	97	shave_agrees
antsy	𐑨𐑯𐑑𐑕𐑦	ˈæntsi	AJ0	RSSB	97	shave_agrees
anyways	𐑧𐑯𐑦𐑢𐑱𐑟	ˈeniˌweɪz	AV0	GenAm	97	shave_agrees
apatite	𐑨𐑐𐑩𐑑𐑲𐑑	ˈæpətaɪt	NN1	RSSB	97	shave_agrees
aphoristic	𐑨𐑓𐑼𐑦𐑕𐑑𐑦𐑒	æfərɪstɪk	AJ0	RSSB	97	shave_agrees
apodeictic	𐑨𐑐𐑩𐑛𐑲𐑒𐑑𐑦𐑒	ˌapəˈdaɪktɪk	AJ0	RSSB	97	shave_agrees
apologia	𐑨𐑐𐑩𐑤𐑴𐑡𐑦𐑩	ˌæpəˈloʊdʒi+ə	NN1	GenAm	97	shave_agrees
apomorphine	𐑨𐑐𐑩𐑥𐑹𐑓𐑰𐑯	ˌæpəˈmɔːRˌfiːn	NN1	GenAm	97	shave_agrees
appellative	𐑩𐑐𐑧𐑤𐑩𐑑𐑦𐑝	əˈpelətɪv	AJ0	RSSB	97	shave_agrees
appendant	𐑩𐑐𐑧𐑯𐑛𐑩𐑯𐑑	əˈpendənt	AJ0	RSSB	97	shave_agrees
approbative	𐑨𐑐𐑮𐑩𐑚𐑱𐑑𐑦𐑝	ˈæprəˌbeɪtɪv	AJ0	GenAm	97	shave_agrees
approver	𐑩𐑐𐑮𐑵𐑝𐑼	əpruːvəR	NN1	RSSB	97	shave_agrees
apsis	𐑨𐑐𐑕𐑦𐑕	ˈæpsɪs	NN1	RSSB	97	shave_agrees
ar	𐑸	ɑːR	NN1	GenAm	97	shave_agrees
arbitrageur	𐑸𐑚𐑦𐑑𐑮𐑭𐑠𐑻	ɑːRbɪtrɑːʒɜːR	NN1	RSSB	97	shave_agrees
arborescent	𐑸𐑚𐑼𐑧𐑕𐑩𐑯𐑑	ɑːrbəˈresənt	AJ0	GenAm	97	shave_agrees
arboretum	𐑸𐑚𐑼𐑰𐑑𐑩𐑥	ɑːRbəriːtəm	NN1	RSSB	97	shave_agrees
arborvitae	𐑸𐑚𐑼𐑝𐑲𐑑𐑦	ɑːRbəRvaɪti	NN1	RSSB	97	shave_agrees
arcanum	𐑸𐑒𐑱𐑯𐑩𐑥	ɑːRkeɪnəm	NN1	RSSB	97	shave_agrees
arcdegree	𐑸𐑒𐑛𐑦𐑜𐑮𐑰	ˈɑːRkdɪˌɡriː	NN1	GenAm	97	shave_agrees
archaistic	𐑸𐑒𐑱𐑦𐑕𐑑𐑦𐑒	ɑːRkeɪɪstɪk	AJ0	RSSB	97	shave_agrees
archducal	𐑸𐑗𐑛𐑿𐑒𐑩𐑤	ɑːRtʃdjuːkəl	AJ0	RSSB	97	shave_agrees
archipelagic	𐑸𐑒𐑦𐑐𐑩𐑤𐑨𐑡𐑦𐑒	ɑːRkɪpəlædʒɪk	AJ0	RSSB	97	shave_agrees
architrave	𐑸𐑒𐑦𐑑𐑮𐑱𐑝	ɑːRkɪtreɪv	NN1	RSSB	97	shave_agrees
ard	𐑸𐑛	ɑːRd	NN1	GenAm	97	shave_agrees
ardor	𐑸𐑛𐑼	ˈɑːrdər	NN1	GenAm	97	shave_agrees
argyle	𐑸𐑜𐑲𐑤	ɑːRɡaɪl	NN1	RSSB	97	shave_agrees
arhat	𐑸𐑣𐑨𐑑	ɑːRhæt	NN1	RSSB	97	shave_agrees
armenian	𐑸𐑥𐑰𐑯𐑦𐑩𐑯	ɑːrˈmiːni+ən	AJ0	GenAm	97	shave_agrees
armhole	𐑸𐑥𐑣𐑴𐑤	ˈɑːRmˌhoʊl	NN1	GenAm	97	shave_agrees
armiger	𐑸𐑥𐑦𐑡𐑼	ˈɑːrmɪdʒər	NN1	GenAm	97	shave_agrees
arsonist	𐑸𐑕𐑩𐑯𐑦𐑕𐑑	ɑːRsənɪst	NN1	RSSB	97	shave_agrees
arthralgia	𐑸𐑔𐑮𐑨𐑤𐑡𐑦𐑩	ɑːRˈθrældʒi+ə	NN1	GenAm	97	shave_agrees
asafoetida	𐑨𐑕𐑩𐑓𐑧𐑑𐑦𐑛𐑩	ˌæsəˈfetɪdə	NN1	RSSB	97	shave_agrees
ashlar	𐑨𐑖𐑤𐑼	ˈæʃləR	NN1	GenAm	97	shave_agrees
aspartame	𐑨𐑕𐑐𐑼𐑑𐑱𐑥	ˈæspərteɪm	NN1	GenAm	97	shave_agrees
aspis	𐑨𐑕𐑐𐑦𐑕	ˈæspɪs	NN1	RSSB	97	shave_agrees
assam	𐑨𐑕𐑨𐑥	æˈsæm	NN1	RSSB	97	shave_agrees
assessee	𐑩𐑕𐑧𐑕𐑰	əsesˈiː	NN1	GenAm	97	shave_agrees
assistive	𐑩𐑕𐑦𐑕𐑑𐑦𐑝	əˈsɪstɪv	AJ0	RSSB	97	shave_agrees
assort	𐑩𐑕𐑹𐑑	əˈsɔːRt	VVI	GenAm	97	shave_agrees
assuagement	𐑩𐑕𐑢𐑱𐑡𐑥𐑩𐑯𐑑	əˈsweɪdʒmənt	NN1	RSSB	97	shave_agrees
asterism	𐑨𐑕𐑑𐑼𐑦𐑟𐑩𐑥	astərɪzəm	NN1	RSSB	97	shave_agrees
asthenia	𐑨𐑕𐑔𐑰𐑯𐑦𐑩	æsˈθiːni+ə	NN1	GenAm	97	shave_agrees
astringence	𐑩𐑕𐑑𐑮𐑦𐑯𐑡𐑩𐑯𐑕	əstrɪndʒəns	NN1	RSSB	97	shave_agrees
ataxy	𐑱𐑑𐑨𐑒𐑕𐑦	ˈeɪtæksi	NN1	RSSB	97	shave_agrees
athena	𐑩𐑔𐑰𐑯𐑩	əˈθiːnə	NN1	RSSB	97	shave_agrees
atonic	𐑱𐑑𐑪𐑯𐑦𐑒	eɪˈtɒnɪk	AJ0	RSSB	97	shave_agrees
atrium	𐑱𐑑𐑮𐑦𐑩𐑥	eɪtri+əm	NN1	RSSB	97	shave_agrees
attaint	𐑩𐑑𐑱𐑯𐑑	əˈteɪnt	VVI	RSSB	97	shave_agrees
audaciousness	𐑷𐑛𐑱𐑖𐑩𐑕𐑯𐑩𐑕	ɔˈdeɪʃəsnəs	NN1	RSSB	97	shave_agrees
audile	𐑷𐑛𐑲𐑤	ˈɔːdaɪl	AJ0	RSSB	97	shave_agrees
auklet	𐑷𐑒𐑤𐑩𐑑	ˈɔːklət	NN1	RSSB	97	shave_agrees
aurally	𐑹𐑩𐑤𐑦	ɔːrəli	AV0	RSSB	97	shave_agrees
austenite	𐑪𐑕𐑑𐑦𐑯𐑲𐑑	ˈɒstɪnaɪt	NN1	GenAm	97	shave_agrees
austral	𐑪𐑕𐑑𐑮𐑩𐑤	ɒstrəl	AJ0	RSSB	97	shave_agrees
autarchic	𐑷𐑑𐑸𐑒𐑦𐑒	ɔːtɑːRkɪk	AJ0	RSSB	97	shave_agrees
autarkic	𐑷𐑑𐑸𐑒𐑦𐑒	ɔːtɑːRkɪk	AJ0	RSSB	97	shave_agrees
auteur	𐑴𐑑𐑻	oʊˈtɜːR	NN1	GenAm	97	shave_agrees
autochthonous	𐑷𐑑𐑪𐑒𐑔𐑩𐑯𐑩𐑕	ɔːˈtɒkθənəs	AJ0	RSSB	97	shave_agrees
autochthony	𐑷𐑑𐑪𐑒𐑔𐑩𐑯𐑦	ɔːˈtɒkθəni	NN1	RSSB	97	shave_agrees
autodidact	𐑷𐑑𐑴𐑛𐑲𐑛𐑨𐑒𐑑	ˌɔːtoʊˈdaɪdækt	NN1	GenAm	97	shave_agrees
autoerotic	𐑷𐑑𐑴𐑼𐑪𐑑𐑦𐑒	ɔːtəʊərɒtɪk	AJ0	RSSB	97	shave_agrees
autolytic	𐑷𐑑𐑩𐑤𐑦𐑑𐑦𐑒	ˌɔːtəˈlɪtɪk	AJ0	RSSB	97	shave_agrees
autotomy	𐑷𐑑𐑪𐑑𐑩𐑥𐑦	ɔːˈtɒtəmi	NN1	RSSB	97	shave_agrees
avionic	𐑱𐑝𐑦𐑪𐑯𐑦𐑒	eɪviˈɒnɪk	AJ0	RSSB	97	shave_agrees
avionics	𐑱𐑝𐑦𐑪𐑯𐑦𐑒𐑕	eɪviˈɒnɪks	NN1	RSSB	97	shave_agrees
aweless	𐑷𐑤𐑩𐑕	ˈɔːləs	AJ0	RSSB	97	shave_agrees
awn	𐑷𐑯	ɔːn	NN1	RSSB	97	shave_agrees
axial	𐑨𐑒𐑕𐑦𐑩𐑤	ˈæksi+əl	AJ0	GenAm	97	shave_agrees
azerbaijani	𐑨𐑟𐑼𐑚𐑲𐑡𐑭𐑯𐑦	ˌæzərbaɪˈdʒɑːni	AJ0	GenAm	97	shave_agrees
aztec	𐑨𐑟𐑑𐑧𐑒	ˈæztek	NN1	RSSB	97	shave_agrees
azurite	𐑨𐑠𐑼𐑲𐑑	ˈæʒəˌraɪt	NN1	GenAm	97	shave_agrees
baal	𐑚𐑭𐑤	ˈbɑːl	NN1	GenAm	97	shave_agrees
bacchanalia	𐑚𐑨𐑒𐑩𐑯𐑱𐑤𐑦𐑩	ˌbækəˈneɪli+ə	NN1	RSSB	97	shave_agrees
backhoe	𐑚𐑨𐑒𐑣𐑴	ˈbækhəʊ	NN1	RSSB	97	shave_agrees
backrest	𐑚𐑨𐑒𐑮𐑧𐑕𐑑	ˈbækˌrest	NN1	RSSB	97	shave_agrees
backtrack	𐑚𐑨𐑒𐑑𐑮𐑨𐑒	ˈbæktræk	VVI	RSSB	97	shave_agrees
bactericide	𐑚𐑨𐑒𐑑𐑽𐑦𐑕𐑲𐑛	bæktɪərɪsaɪd	NN1	RSSB	97	shave_agrees
badass	𐑚𐑨𐑛𐑨𐑕	ˈbædˌæs	AJ0	GenAm	97	shave_agrees
baddie	𐑚𐑨𐑛𐑦	ˈbædi	NN1	RSSB	97	shave_agrees
badmouth	𐑚𐑨𐑛𐑥𐑬𐑔	ˈbædmaʊθ	VVI	RSSB	97	shave_agrees
bailiwick	𐑚𐑱𐑤𐑦𐑢𐑦𐑒	ˈbeɪlɪwɪk	NN1	RSSB	97	shave_agrees
bakehouse	𐑚𐑱𐑒𐑣𐑬𐑕	ˈbeɪkhaʊs	NN1	RSSB	97	shave_agrees
balancer	𐑚𐑨𐑤𐑩𐑯𐑕𐑼	bælənsər	NN1	RSSB	97	shave_agrees
balanitis	𐑚𐑨𐑤𐑩𐑯𐑲𐑑𐑦𐑕	ˌbæləˈnaɪtɪs	NN1	RSSB	97	shave_agrees
baldwin	𐑚𐑷𐑤𐑛𐑢𐑦𐑯	ˈbɔːldwɪn	NN1	RSSB	97	shave_agrees
balinese	𐑚𐑭𐑤𐑦𐑯𐑰𐑟	ˈbɑːlɪniːz	NN1	RSSB	97	shave_agrees
ballista	𐑚𐑩𐑤𐑦𐑕𐑑𐑩	bəˈlɪstə	NN1	RSSB	97	shave_agrees
balmily	𐑚𐑭𐑥𐑦𐑤𐑦	ˈbɑːmɪli	AV0	RSSB	97	shave_agrees
balzacian	𐑚𐑨𐑤𐑟𐑨𐑒𐑦𐑩𐑯	balˈzakɪ+ən	AJ0	RSSB	97	shave_agrees
bandana	𐑚𐑨𐑯𐑛𐑨𐑯𐑩	bænˈdænə	NN1	RSSB	97	shave_agrees
bandicoot	𐑚𐑨𐑯𐑛𐑦𐑒𐑵𐑑	ˈbændɪˌkuːt	NN1	RSSB	97	shave_agrees
banquette	𐑚𐑨𐑙𐑒𐑧𐑑	bæŋˈket	NN1	GenAm	97	shave_agrees
banteng	𐑚𐑨𐑯𐑑𐑧𐑙	ˈbænteŋ	NN1	RSSB	97	shave_agrees
banzai	𐑚𐑭𐑯𐑟𐑲	ˈbɑːnˈzaɪ	NN1	RSSB	97	shave_agrees
barbette	𐑚𐑸𐑚𐑧𐑑	bɑːRbet	NN1	RSSB	97	shave_agrees
barf	𐑚𐑸𐑓	bɑːRf	NN1	GenAm	97	shave_agrees
bargello	𐑚𐑸𐑡𐑧𐑤𐑴	bɑːRˈdʒeloʊ	NN1	GenAm	97	shave_agrees
barkeep	𐑚𐑸𐑒𐑰𐑐	bɑːRkiːp	NN1	RSSB	97	shave_agrees
barytone	𐑚𐑨𐑮𐑦𐑑𐑴𐑯	ˈbærɪtəʊn	NN1	RSSB	97	shave_agrees
basenji	𐑚𐑩𐑕𐑧𐑯𐑡𐑦	bəˈsendʒi	NN1	RSSB	97	shave_agrees
basilar	𐑚𐑨𐑟𐑩𐑤𐑼	ˈbæzələR	AJ0	GenAm	97	shave_agrees
bassist	𐑚𐑱𐑕𐑦𐑕𐑑	ˈbeɪsɪst	NN1	GenAm	97	shave_agrees
basswood	𐑚𐑨𐑕𐑢𐑫𐑛	ˈbæswʊd	NN1	RSSB	97	shave_agrees
baster	𐑚𐑱𐑕𐑑𐑼	ˈbeɪstəR	NN1	GenAm	97	shave_agrees
beadsman	𐑚𐑰𐑛𐑟𐑥𐑩𐑯	ˈbiːdzmən	NN1	RSSB	97	shave_agrees
beanbag	𐑚𐑰𐑯𐑚𐑨𐑜	ˈbiːnbæɡ	NN1	RSSB	97	shave_agrees
beanie	𐑚𐑰𐑯𐑦	ˈbiːni	NN1	RSSB	97	shave_agrees
beatles	𐑚𐑰𐑑𐑩𐑤𐑟	ˈbiːtəlz	NN1	GenAm	97	shave_agrees
beaut	𐑚𐑿𐑑	bjuːt	NN1	RSSB	97	shave_agrees
beautification	𐑚𐑿𐑑𐑦𐑓𐑦𐑒𐑱𐑖𐑩𐑯	bjuːtɪfɪˈkeɪʃən	NN1	RSSB	97	shave_agrees
bebop	𐑚𐑰𐑚𐑪𐑐	ˈbiːbɒp	NN1	RSSB	97	shave_agrees
becalm	𐑚𐑦𐑒𐑭𐑥	bɪˈkɑːm	VVI	RSSB	97	shave_agrees
becloud	𐑚𐑦𐑒𐑤𐑬𐑛	bɪˈklaʊd	VVI	RSSB	97	shave_agrees
bedazzle	𐑚𐑦𐑛𐑨𐑟𐑩𐑤	bɪˈdæzəl	VVI	RSSB	97	shave_agrees
bedeck	𐑚𐑦𐑛𐑧𐑒	bɪˈdek	VVI	RSSB	97	shave_agrees
bedight	𐑚𐑦𐑛𐑲𐑑	bɪˈdaɪt	VVI	RSSB	97	shave_agrees
bedless	𐑚𐑧𐑛𐑤𐑩𐑕	ˈbedləs	AJ0	RSSB	97	shave_agrees
bedraggle	𐑚𐑦𐑛𐑮𐑨𐑜𐑩𐑤	bɪdræɡəl	VVI	RSSB	97	shave_agrees
bedwetter	𐑚𐑧𐑛𐑢𐑧𐑑𐑼	ˈbedwetəR	NN1	GenAm	97	shave_agrees
beebread	𐑚𐑰𐑚𐑮𐑧𐑛	ˈbiːˌbred	NN1	RSSB	97	shave_agrees
beechnut	𐑚𐑰𐑗𐑯𐑳𐑑	ˈbiːtʃˌnʌt	NN1	RSSB	97	shave_agrees
beefcake	𐑚𐑰𐑓𐑒𐑱𐑒	ˈbiːfˌkeɪk	NN1	RSSB	97	shave_agrees
beeline	𐑚𐑰𐑤𐑲𐑯	ˈbiːlaɪn	NN1	RSSB	97	shave_agrees
beeper	𐑚𐑰𐑐𐑼	ˈbiːpəR	NN1	GenAm	97	shave_agrees
befool	𐑚𐑦𐑓𐑵𐑤	bɪˈfuːl	VVI	RSSB	97	shave_agrees
behoove	𐑚𐑦𐑣𐑵𐑝	bɪˈhuːv	VVI	GenAm	97	shave_agrees
belieber	𐑚𐑦𐑤𐑰𐑚𐑼	bɪliːbəR	NN1	RSSB	97	shave_agrees
benthic	𐑚𐑧𐑯𐑔𐑦𐑒	ˈbenθɪk	AJ0	RSSB	97	shave_agrees
bentwood	𐑚𐑧𐑯𐑑𐑢𐑫𐑛	ˈbentwʊd	NN1	RSSB	97	shave_agrees
benzoin	𐑚𐑧𐑯𐑟𐑴𐑦𐑯	ˈbenzəʊɪn	NN1	RSSB	97	shave_agrees
bergall	𐑚𐑻𐑜𐑷𐑤	bɜːRɡɔːl	NN1	RSSB	97	shave_agrees
bezant	𐑚𐑧𐑟𐑩𐑯𐑑	ˈbezənt	NN1	RSSB	97	shave_agrees
bezel	𐑚𐑧𐑟𐑩𐑤	ˈbezəl	NN1	RSSB	97	shave_agrees
biannual	𐑚𐑲𐑨𐑯𐑘𐑫𐑩𐑤	baɪˈænjuəl	AJ0	GenAm	97	shave_agrees
bidirectional	𐑚𐑲𐑛𐑦𐑮𐑧𐑒𐑖𐑩𐑯𐑩𐑤	baɪdɪrekʃənəl	AJ0	RSSB	97	shave_agrees
bigfoot	𐑚𐑦𐑜𐑓𐑫𐑑	ˈbɪɡˌfʊt	NN1	RSSB	97	shave_agrees
bighead	𐑚𐑦𐑜𐑣𐑧𐑛	ˈbɪɡˌhed	NN1	RSSB	97	shave_agrees
biker	𐑚𐑲𐑒𐑼	ˈbaɪkəR	NN1	GenAm	97	shave_agrees
bilgewater	𐑚𐑦𐑤𐑡𐑢𐑷𐑑𐑼	bɪldʒwɔtəR	NN1	RSSB	97	shave_agrees
bilgy	𐑚𐑦𐑤𐑡𐑦	ˈbɪldʒi	AJ0	RSSB	97	shave_agrees
bilirubin	𐑚𐑦𐑤𐑦𐑮𐑵𐑚𐑦𐑯	bɪlɪˈruːbɪn	NN1	RSSB	97	shave_agrees
billfish	𐑚𐑦𐑤𐑓𐑦𐑖	ˈbɪlˌfɪʃ	NN1	RSSB	97	shave_agrees
billings	𐑚𐑦𐑤𐑦𐑙𐑟	ˈbɪlɪŋz	NN1	RSSB	97	shave_agrees
bilocation	𐑚𐑲𐑤𐑴𐑒𐑱𐑖𐑩𐑯	baɪləʊˈkeɪʃən	NN1	RSSB	97	shave_agrees
binocular	𐑚𐑦𐑯𐑪𐑒𐑘𐑩𐑤𐑼	bɪnɒkjələR	AJ0	RSSB	97	shave_agrees
biologic	𐑚𐑲𐑩𐑤𐑪𐑡𐑦𐑒	baɪəˈlɒdʒɪk	AJ0	RSSB	97	shave_agrees
biota	𐑚𐑲𐑴𐑑𐑩	baɪˈəʊtə	NN1	RSSB	97	shave_agrees
biotic	𐑚𐑲𐑪𐑑𐑦𐑒	baɪˈɒtɪk	AJ0	GenAm	97	shave_agrees
bioweapon	𐑚𐑲𐑴𐑢𐑧𐑐𐑩𐑯	ˈbaɪoʊˌwepən	NN1	GenAm	97	shave_agrees
biparous	𐑚𐑦𐑐𐑼𐑩𐑕	ˈbɪpərəs	AJ0	GenAm	97	shave_agrees
bipartite	𐑚𐑲𐑐𐑸𐑑𐑲𐑑	baɪpɑːRtaɪt	AJ0	RSSB	97	shave_agrees
bipinnate	𐑚𐑲𐑐𐑦𐑯𐑱𐑑	baɪˈpɪneɪt	AJ0	RSSB	97	shave_agrees
birdbrain	𐑚𐑻𐑛𐑚𐑮𐑱𐑯	bɜːRdbreɪn	NN1	RSSB	97	shave_agrees
birder	𐑚𐑻𐑛𐑼	bɜːRdəR	NN1	RSSB	97	shave_agrees
birdie	𐑚𐑻𐑛𐑦	ˈbɜːRdi	NN1	GenAm	97	shave_agrees
birl	𐑚𐑻𐑤	bɜːRl	VVI	RSSB	97	shave_agrees
birr	𐑚𐑻	bɜːR	VVI	GenAm	97	shave_agrees
bismarck	𐑚𐑦𐑟𐑥𐑸𐑒	ˈbɪzmɑːRk	NN1	GenAm	97	shave_agrees
bitchiness	𐑚𐑦𐑗𐑦𐑯𐑩𐑕	ˈbɪtʃinəs	NN1	RSSB	97	shave_agrees
biter	𐑚𐑲𐑑𐑼	ˈbaɪtəR	NN1	GenAm	97	shave_agrees
bitey	𐑚𐑲𐑑𐑦	ˈbaɪti	AJ0	RSSB	97	shave_agrees
bittersweet	𐑚𐑦𐑑𐑼𐑕𐑢𐑰𐑑	ˈbɪtəRˌswiːt	AJ0	GenAm	97	shave_agrees
bitty	𐑚𐑦𐑑𐑦	bɪti	AJ0	RSSB	97	shave_agrees
bivalent	𐑚𐑲𐑝𐑱𐑤𐑩𐑯𐑑	baɪˈveɪlənt	AJ0	RSSB	97	shave_agrees
biweekly	𐑚𐑲𐑢𐑰𐑒𐑤𐑦	baɪˈwiːkli	AJ0	RSSB	97	shave_agrees
bizarreness	𐑚𐑦𐑟𐑸𐑯𐑩𐑕	bɪˈzɑːRnəs	NN1	GenAm	97	shave_agrees
blabby	𐑚𐑤𐑨𐑚𐑦	ˈblæbi	AJ0	RSSB	97	shave_agrees
blackface	𐑚𐑤𐑨𐑒𐑓𐑱𐑕	ˈblækˌfeɪs	NN1	RSSB	97	shave_agrees
blacksnake	𐑚𐑤𐑨𐑒𐑕𐑯𐑱𐑒	ˈblaksneɪk	NN1	RSSB	97	shave_agrees
blacktop	𐑚𐑤𐑨𐑒𐑑𐑪𐑐	ˈblæktɒp	NN1	RSSB	97	shave_agrees
blain	𐑚𐑤𐑱𐑯	bleɪn	NN1	RSSB	97	shave_agrees
blandish	𐑚𐑤𐑨𐑯𐑛𐑦𐑖	ˈblændɪʃ	VVI	RSSB	97	shave_agrees
blaster	𐑚𐑤𐑭𐑕𐑑𐑼	blɑːstəR	NN1	RSSB	97	shave_agrees
bleb	𐑚𐑤𐑧𐑚	bleb	NN1	RSSB	97	shave_agrees
bleeder	𐑚𐑤𐑰𐑛𐑼	ˈbliːdəR	NN1	GenAm	97	shave_agrees
blende	𐑚𐑤𐑧𐑯𐑛	blend	NN1	RSSB	97	shave_agrees
blender	𐑚𐑤𐑧𐑯𐑛𐑼	ˈblendəR	NN1	GenAm	97	shave_agrees
blepharitis	𐑚𐑤𐑧𐑓𐑼𐑲𐑑𐑦𐑕	blefəraɪtɪs	NN1	RSSB	97	shave_agrees
blewits	𐑚𐑤𐑵𐑦𐑑𐑕	ˈbluːɪts	NN1	RSSB	97	shave_agrees
blindside	𐑚𐑤𐑲𐑯𐑛𐑕𐑲𐑛	ˈblaɪndˌsaɪd	VVI	RSSB	97	shave_agrees
bling	𐑚𐑤𐑦𐑙	blɪŋ	NN1	RSSB	97	shave_agrees
blither	𐑚𐑤𐑦𐑞𐑼	ˈblɪðəR	VVI	GenAm	97	shave_agrees
blowhard	𐑚𐑤𐑴𐑣𐑸𐑛	ˈbloʊhɑːRd	NN1	GenAm	97	shave_agrees
blowjob	𐑚𐑤𐑴𐑡𐑪𐑚	ˈbloʊdʒɒb	NN1	GenAm	97	shave_agrees
blub	𐑚𐑤𐑳𐑚	blʌb	VVI	RSSB	97	shave_agrees
blubbery	𐑚𐑤𐑳𐑚𐑼𐑦	blʌbəri	AJ0	RSSB	97	shave_agrees
blucher	𐑚𐑤𐑵𐑒𐑼	bluːkəR	NN1	RSSB	97	shave_agrees
bluegill	𐑚𐑤𐑵𐑜𐑦𐑤	ˈbluːɡɪl	NN1	RSSB	97	shave_agrees
blusher	𐑚𐑤𐑳𐑖𐑼	blʌʃəR	NN1	RSSB	97	shave_agrees
blushful	𐑚𐑤𐑳𐑖𐑓𐑩𐑤	ˈblʌʃfəl	AJ0	RSSB	97	shave_agrees
bo's'n	𐑚𐑴𐑕𐑩𐑯	ˈbəʊsən	NN1	RSSB	97	shave_agrees
boathouse	𐑚𐑴𐑑𐑣𐑬𐑕	ˈboʊtˌhaʊs	NN1	GenAm	97	shave_agrees
bobble	𐑚𐑪𐑚𐑩𐑤	ˈbɒbəl	NN1	RSSB	97	shave_agrees
bocce	𐑚𐑪𐑗𐑦	ˈbɒtʃi	NN1	GenAm	97	shave_agrees
bod	𐑚𐑪𐑛	bɒd	NN1	GenAm	97	shave_agrees
bodacious	𐑚𐑴𐑛𐑱𐑖𐑩𐑕	boʊˈdeɪʃəs	AJ0	RSSB	97	shave_agrees
bodybuilder	𐑚𐑪𐑛𐑦𐑚𐑦𐑤𐑛𐑼	bɒdibɪldəR	NN1	RSSB	97	shave_agrees
bodybuilding	𐑚𐑪𐑛𐑦𐑚𐑦𐑤𐑛𐑦𐑙	ˈbɒdiˌbɪldɪŋ	NN1	RSSB	97	shave_agrees
bolide	𐑚𐑴𐑤𐑲𐑛	ˈboʊlaɪd	NN1	GenAm	97	shave_agrees
bolo	𐑚𐑴𐑤𐑴	ˈboʊloʊ	NN1	GenAm	97	shave_agrees
bondsman	𐑚𐑪𐑯𐑛𐑟𐑥𐑩𐑯	ˈbɒndzmən	NN1	GenAm	97	shave_agrees
bonk	𐑚𐑪𐑙𐑒	bɒŋk	VVI	GenAm	97	shave_agrees
bonobo	𐑚𐑩𐑯𐑴𐑚𐑴	bəˈnoʊˌboʊ	NN1	GenAm	97	shave_agrees
bonsai	𐑚𐑪𐑯𐑕𐑲	ˈbɒnsaɪ	NN1	GenAm	97	shave_agrees
bonzer	𐑚𐑪𐑯𐑟𐑼	bɒnzəR	AJ0	RSSB	97	shave_agrees
boodle	𐑚𐑵𐑛𐑩𐑤	ˈbuːdəl	NN1	RSSB	97	shave_agrees
boondoggle	𐑚𐑵𐑯𐑛𐑪𐑜𐑩𐑤	ˈbuːndɒɡəl	NN1	RSSB	97	shave_agrees
borscht	𐑚𐑹𐑖𐑑	bɔːRʃt	NN1	RSSB	97	shave_agrees
bosk	𐑚𐑪𐑕𐑒	bɒsk	NN1	GenAm	97	shave_agrees
bosomy	𐑚𐑫𐑟𐑩𐑥𐑦	ˈbʊzəmi	AJ0	GenAm	97	shave_agrees
botryoidal	𐑚𐑪𐑑𐑮𐑦𐑶𐑛𐑩𐑤	bɒtriɔɪdəl	AJ0	RSSB	97	shave_agrees
boughten	𐑚𐑷𐑑𐑩𐑯	ˈbɔːtən	AJ0	RSSB	97	shave_agrees
bouillabaisse	𐑚𐑵𐑘𐑩𐑚𐑱𐑕	ˈbuːjəˌbeɪs	NN1	RSSB	97	shave_agrees
bowstring	𐑚𐑴𐑕𐑑𐑮𐑦𐑙	ˈboʊstrɪŋ	NN1	GenAm	97	shave_agrees
bowtie	𐑚𐑴𐑑𐑲	boʊˈtaɪ	NN1	GenAm	97	shave_agrees
boysenberry	𐑚𐑶𐑟𐑩𐑯𐑚𐑧𐑮𐑦	bɔɪzənberi	NN1	RSSB	97	shave_agrees
bozo	𐑚𐑴𐑟𐑴	ˈboʊzoʊ	NN1	GenAm	97	shave_agrees
bracer	𐑚𐑮𐑱𐑕𐑼	ˈbreɪsəR	NN1	GenAm	97	shave_agrees
brachydactylous	𐑚𐑮𐑨𐑒𐑦𐑛𐑨𐑒𐑑𐑦𐑤𐑩𐑕	brækɪdæktɪləs	AJ0	RSSB	97	shave_agrees
brachyuran	𐑚𐑮𐑨𐑒𐑦𐑘𐑫𐑼𐑩𐑯	brækijʊərən	NN1	RSSB	97	shave_agrees
brahmaputra	𐑚𐑮𐑭𐑥𐑩𐑐𐑵𐑑𐑮𐑩	brɑːməpuːtrə	NN1	RSSB	97	shave_agrees
brail	𐑚𐑮𐑱𐑤	breɪl	NN1	RSSB	97	shave_agrees
brainiac	𐑚𐑮𐑱𐑯𐑦𐑨𐑒	ˈbreɪniæk	NN1	RSSB	97	shave_agrees
branchial	𐑚𐑮𐑨𐑙𐑒𐑦𐑩𐑤	bræŋki+əl	AJ0	RSSB	97	shave_agrees
brassica	𐑚𐑮𐑨𐑕𐑦𐑒𐑩	bræsɪkə	NN1	RSSB	97	shave_agrees
brattle	𐑚𐑮𐑨𐑑𐑩𐑤	brætəl	VVI	RSSB	97	shave_agrees
bratty	𐑚𐑮𐑨𐑑𐑦	ˈbræti	AJ0	GenAm	97	shave_agrees
breeched	𐑚𐑮𐑰𐑗𐑑	briːtʃt	AJ0	RSSB	97	shave_agrees
bricole	𐑚𐑮𐑦𐑒𐑴𐑤	brɪˈkəʊl	NN1	RSSB	97	shave_agrees
brie	𐑚𐑮𐑰	briː	NN1	RSSB	97	shave_agrees
briery	𐑚𐑮𐑲𐑼𐑦	braɪəri	AJ0	RSSB	97	shave_agrees
brigandine	𐑚𐑮𐑦𐑜𐑩𐑯𐑛𐑰𐑯	brɪɡəndiːn	NN1	RSSB	97	shave_agrees
brinded	𐑚𐑮𐑦𐑯𐑛𐑩𐑛	ˈbrɪndƏd	AJ0	RSSB	97	shave_agrees
brio	𐑚𐑮𐑰𐑴	ˈbriːoʊ	NN1	RSSB	97	shave_agrees
bris	𐑚𐑮𐑦𐑕	brɪs	NN1	RSSB	97	shave_agrees
briskness	𐑚𐑮𐑦𐑕𐑒𐑯𐑩𐑕	brɪsknəs	NN1	RSSB	97	shave_agrees
britches	𐑚𐑮𐑦𐑗𐑩𐑟	ˈbrɪtʃƏz	NN1	RSSB	97	shave_agrees
britt	𐑚𐑮𐑦𐑑	brɪt	NN1	RSSB	97	shave_agrees
broadsword	𐑚𐑮𐑷𐑛𐑕𐑹𐑛	brɔːdsɔːRd	NN1	RSSB	97	shave_agrees
broadtail	𐑚𐑮𐑷𐑛𐑑𐑱𐑤	brɔːdteɪl	NN1	RSSB	97	shave_agrees
brocket	𐑚𐑮𐑪𐑒𐑩𐑑	ˈbrɒkɪt	NN1	RSSB	97	shave_agrees
bromance	𐑚𐑮𐑴𐑥𐑨𐑯𐑕	ˈbroʊmæns	NN1	GenAm	97	shave_agrees
brome	𐑚𐑮𐑴𐑥	brəʊm	NN1	RSSB	97	shave_agrees
brony	𐑚𐑮𐑴𐑯𐑦	ˈbroʊni	NN1	GenAm	97	shave_agrees
bronzy	𐑚𐑮𐑪𐑯𐑟𐑦	ˈbrɒnzi	AJ0	GenAm	97	shave_agrees
brooder	𐑚𐑮𐑵𐑛𐑼	bruːdəR	NN1	RSSB	97	shave_agrees
brumal	𐑚𐑮𐑵𐑥𐑩𐑤	bruːməl	AJ0	RSSB	97	shave_agrees
brumous	𐑚𐑮𐑵𐑥𐑩𐑕	bruːməs	AJ0	RSSB	97	shave_agrees
brushy	𐑚𐑮𐑳𐑖𐑦	ˈbrʌʃi	AJ0	RSSB	97	shave_agrees
bruxism	𐑚𐑮𐑳𐑒𐑕𐑦𐑟𐑩𐑥	ˈbrʌksɪzəm	NN1	GenAm	97	shave_agrees
bryony	𐑚𐑮𐑲𐑩𐑯𐑦	braɪəni	NN1	RSSB	97	shave_agrees
bubo	𐑚𐑿𐑚𐑴	ˈbjuːbəʊ	NN1	RSSB	97	shave_agrees
buccal	𐑚𐑳𐑒𐑩𐑤	ˈbʌkəl	AJ0	RSSB	97	shave_agrees
buckeye	𐑚𐑳𐑒𐑲	ˈbʌkaɪ	NN1	RSSB	97	shave_agrees
buddha	𐑚𐑫𐑛𐑩	ˈbudə	NN1	GenAm	97	shave_agrees
buddleia	𐑚𐑳𐑛𐑤𐑦𐑩	ˈbʌdlɪ+ə	NN1	RSSB	97	shave_agrees
bulbaceous	𐑚𐑳𐑤𐑚𐑱𐑖𐑩𐑕	bʌlˈbeɪʃəs	AJ0	RSSB	97	shave_agrees
bulgur	𐑚𐑳𐑤𐑜𐑼	bʌlɡəR	NN1	RSSB	97	shave_agrees
bumf	𐑚𐑳𐑥𐑓	bʌmf	NN1	RSSB	97	shave_agrees
bunco	𐑚𐑳𐑙𐑒𐑴	ˈbʌŋkəʊ	NN1	RSSB	97	shave_agrees
bungee	𐑚𐑳𐑯𐑡𐑦	ˈbʌndʒi	NN1	RSSB	97	shave_agrees
burgrave	𐑚𐑻𐑜𐑮𐑱𐑝	ˈbɜːRɡreɪv	NN1	GenAm	97	shave_agrees
burl	𐑚𐑻𐑤	bɜːRl	NN1	GenAm	97	shave_agrees
burrito	𐑚𐑼𐑰𐑑𐑴	bəˈriːtoʊ	NN1	GenAm	97	shave_agrees
bursiform	𐑚𐑻𐑕𐑦𐑓𐑹𐑥	ˈbɜːRsɪfɔːRm	AJ0	GenAm	97	shave_agrees
bushed	𐑚𐑫𐑖𐑑	bʊʃt	AJ0	RSSB	97	shave_agrees
bushing	𐑚𐑫𐑖𐑦𐑙	ˈbʊʃɪŋ	NN1	RSSB	97	shave_agrees
buskin	𐑚𐑳𐑕𐑒𐑦𐑯	ˈbʌskɪn	NN1	RSSB	97	shave_agrees
busty	𐑚𐑳𐑕𐑑𐑦	ˈbʌsti	AJ0	RSSB	97	shave_agrees
butcherly	𐑚𐑫𐑗𐑼𐑤𐑦	bʊtʃəRli	AJ0	RSSB	97	shave_agrees
butte	𐑚𐑿𐑑	ˈbjuːt	NN1	RSSB	97	shave_agrees
butterfat	𐑚𐑳𐑑𐑼𐑓𐑨𐑑	ˈbʌtəRfæt	NN1	GenAm	97	shave_agrees
butterfingered	𐑚𐑳𐑑𐑼𐑓𐑦𐑙𐑜𐑼𐑛	ˈbʌtəRˌfɪŋɡəRd	AJ0	GenAm	97	shave_agrees
butterfish	𐑚𐑳𐑑𐑼𐑓𐑦𐑖	ˈbʌtərfɪʃ	NN1	GenAm	97	shave_agrees
buttinsky	𐑚𐑳𐑑𐑦𐑯𐑕𐑒𐑦	bʌtˈɪnski	NN1	RSSB	97	shave_agrees
butty	𐑚𐑳𐑑𐑦	ˈbʌti	NN1	GenAm	97	shave_agrees
byronism	𐑚𐑲𐑮𐑩𐑯𐑦𐑟𐑩𐑥	baɪrənɪzəm	NN1	RSSB	97	shave_agrees
byzantine	𐑚𐑦𐑟𐑨𐑯𐑑𐑲𐑯	bɪˈzæntaɪn	AJ0	RSSB	97	shave_agrees
cabotage	𐑒𐑨𐑚𐑩𐑑𐑦𐑡	ˈkæbətɪdʒ	NN1	RSSB	97	shave_agrees
cachalot	𐑒𐑨𐑖𐑩𐑤𐑪𐑑	ˈkæʃəˌlɒt	NN1	GenAm	97	shave_agrees
cacodaemon	𐑒𐑨𐑒𐑩𐑛𐑰𐑥𐑩𐑯	kækəˈdiːmən	NN1	RSSB	97	shave_agrees
cacodemon	𐑒𐑨𐑒𐑩𐑛𐑰𐑥𐑩𐑯	kækəˈdiːmən	NN1	RSSB	97	shave_agrees
cacogenic	𐑒𐑨𐑒𐑩𐑡𐑧𐑯𐑦𐑒	ˌkækəˈdʒenɪk	AJ0	RSSB	97	shave_agrees
cadaveric	𐑒𐑩𐑛𐑨𐑝𐑼𐑦𐑒	kəˈdavərɪk	AJ0	GenAm	97	shave_agrees
caddo	𐑒𐑨𐑛𐑴	ˈkædəʊ	NN1	RSSB	97	shave_agrees
caesaropapism	𐑕𐑰𐑟𐑼𐑴𐑐𐑱𐑐𐑦𐑟𐑩𐑥	siːzərəʊpeɪpɪzəm	NN1	RSSB	97	shave_agrees
cahoot	𐑒𐑩𐑣𐑵𐑑	kəˈhuːt	NN1	RSSB	97	shave_agrees
cajun	𐑒𐑱𐑡𐑩𐑯	ˈkeɪdʒən	NN1	RSSB	97	shave_agrees
cakehole	𐑒𐑱𐑒𐑣𐑴𐑤	keɪkhoʊl	NN1	RSSB	97	shave_agrees
calamondin	𐑒𐑨𐑤𐑩𐑥𐑪𐑯𐑛𐑦𐑯	ˌkæləˈmɒndɪn	NN1	RSSB	97	shave_agrees
calced	𐑒𐑨𐑤𐑕𐑑	ˈkælst	AJ0	RSSB	97	shave_agrees
calcification	𐑒𐑨𐑤𐑕𐑦𐑓𐑦𐑒𐑱𐑖𐑩𐑯	ˌkælsɪfɪˈkeɪʃən	NN1	RSSB	97	shave_agrees
calcite	𐑒𐑨𐑤𐑕𐑲𐑑	ˈkælsaɪt	NN1	RSSB	97	shave_agrees
calcitonin	𐑒𐑨𐑤𐑕𐑦𐑑𐑴𐑯𐑦𐑯	ˌkælsɪˈtoʊnɪn	NN1	GenAm	97	shave_agrees
calendrical	𐑒𐑩𐑤𐑧𐑯𐑛𐑮𐑦𐑒𐑩𐑤	kəlendrɪkəl	AJ0	RSSB	97	shave_agrees
caliber	𐑒𐑨𐑤𐑦𐑚𐑼	ˈkælɪbəR	NN1	GenAm	97	shave_agrees
caliper	𐑒𐑨𐑤𐑦𐑐𐑼	ˈkælɪpəR	NN1	GenAm	97	shave_agrees
calligrapher	𐑒𐑩𐑤𐑦𐑜𐑮𐑩𐑓𐑼	kəlɪɡrəfəR	NN1	RSSB	97	shave_agrees
calque	𐑒𐑨𐑤𐑒	kælk	NN1	RSSB	97	shave_agrees
caltrop	𐑒𐑨𐑤𐑑𐑮𐑩𐑐	ˈkæltrəp	NN1	GenAm	97	shave_agrees
cambrian	𐑒𐑨𐑥𐑚𐑮𐑦𐑩𐑯	ˈkæmbri+ən	AJ0	GenAm	97	shave_agrees
camisole	𐑒𐑨𐑥𐑦𐑕𐑴𐑤	ˈkamɪsəʊl	NN1	RSSB	97	shave_agrees
camo	𐑒𐑨𐑥𐑴	ˈkæmoʊ	NN1	GenAm	97	shave_agrees
canaanite	𐑒𐑱𐑯𐑩𐑯𐑲𐑑	ˈkeɪnənaɪt	NN1	RSSB	97	shave_agrees
candela	𐑒𐑨𐑯𐑛𐑧𐑤𐑩	kænˈdelə	NN1	RSSB	97	shave_agrees
candidiasis	𐑒𐑨𐑯𐑛𐑦𐑛𐑲𐑩𐑕𐑦𐑕	ˌkændɪˈdaɪəsɪs	NN1	RSSB	97	shave_agrees
candor	𐑒𐑨𐑯𐑛𐑼	ˈkændəR	NN1	GenAm	97	shave_agrees
cannonball	𐑒𐑨𐑯𐑩𐑯𐑚𐑷𐑤	ˈkænənˌbɔːl	NN1	RSSB	97	shave_agrees
canoodle	𐑒𐑩𐑯𐑵𐑛𐑩𐑤	kəˈnuːdəl	VVI	RSSB	97	shave_agrees
canopus	𐑒𐑩𐑯𐑴𐑐𐑩𐑕	kəˈnoʊpəs	NN1	RSSB	97	shave_agrees
canthus	𐑒𐑨𐑯𐑔𐑩𐑕	ˈkænθəs	NN1	RSSB	97	shave_agrees
cantle	𐑒𐑨𐑯𐑑𐑩𐑤	ˈkæntəl	NN1	GenAm	97	shave_agrees
canvasser	𐑒𐑨𐑯𐑝𐑩𐑕𐑼	kænvəsəR	NN1	RSSB	97	shave_agrees
capacitate	𐑒𐑩𐑐𐑨𐑕𐑦𐑑𐑱𐑑	kəˈpæsɪteɪt	VVI	RSSB	97	shave_agrees
caracal	𐑒𐑨𐑮𐑩𐑒𐑨𐑤	ˈkærəkæl	NN1	GenAm	97	shave_agrees
carburetor	𐑒𐑸𐑚𐑼𐑱𐑑𐑼	ˈkɑːRbəˌreɪtər	NN1	GenAm	97	shave_agrees
cardoon	𐑒𐑸𐑛𐑵𐑯	kɑːRduːn	NN1	RSSB	97	shave_agrees
cardsharp	𐑒𐑸𐑛𐑖𐑸𐑐	ˈkɑːRdʃɑːRp	NN1	GenAm	97	shave_agrees
carjack	𐑒𐑸𐑡𐑨𐑒	ˈkɑːRdʒæk	VVI	GenAm	97	shave_agrees
carload	𐑒𐑸𐑤𐑴𐑛	ˈkɑːRloʊd	NN1	GenAm	97	shave_agrees
carminative	𐑒𐑸𐑥𐑦𐑯𐑩𐑑𐑦𐑝	kɑːRmɪnətɪv	AJ0	RSSB	97	shave_agrees
carom	𐑒𐑨𐑮𐑩𐑥	kærəm	NN1	RSSB	97	shave_agrees
carpel	𐑒𐑸𐑐𐑩𐑤	kɑːRpəl	NN1	RSSB	97	shave_agrees
carper	𐑒𐑸𐑐𐑼	kɑːRpəR	NN1	RSSB	97	shave_agrees
carpus	𐑒𐑸𐑐𐑩𐑕	ˈkɑːRpəs	NN1	GenAm	97	shave_agrees
cartesian	𐑒𐑸𐑑𐑰𐑠𐑩𐑯	kɑːRˈtiːʒən	AJ0	GenAm	97	shave_agrees
cartouche	𐑒𐑸𐑑𐑵𐑖	kɑːRtuːʃ	NN1	RSSB	97	shave_agrees
casanova	𐑒𐑨𐑕𐑩𐑯𐑴𐑝𐑩	kæsəˈnoʊvə	NN1	RSSB	97	shave_agrees
casbah	𐑒𐑨𐑟𐑚𐑭	ˈkazbɑː	NN1	RSSB	97	shave_agrees
caspian	𐑒𐑨𐑕𐑐𐑦𐑩𐑯	ˈkæspi+ən	NN1	RSSB	97	shave_agrees
cassandra	𐑒𐑩𐑕𐑨𐑯𐑛𐑮𐑩	kəsændrə	NN1	RSSB	97	shave_agrees
catachresis	𐑒𐑨𐑑𐑩𐑒𐑮𐑰𐑕𐑦𐑕	kætəkriːsɪs	NN1	RSSB	97	shave_agrees
catalyze	𐑒𐑨𐑑𐑩𐑤𐑲𐑟	ˈkætəˌlaɪz	VVI	RSSB	97	shave_agrees
catamenial	𐑒𐑨𐑑𐑩𐑥𐑰𐑯𐑾𐑤	kætəˈmiːnɪəl	AJ0	RSSB	97	shave_agrees
catamite	𐑒𐑨𐑑𐑩𐑥𐑲𐑑	ˈkætəmaɪt	NN1	RSSB	97	shave_agrees
catamount	𐑒𐑨𐑑𐑩𐑥𐑬𐑯𐑑	ˈkætəˌmaʊnt	NN1	GenAm	97	shave_agrees
catecholamine	𐑒𐑨𐑑𐑩𐑒𐑴𐑤𐑩𐑥𐑰𐑯	katəˈkəʊləmiːn	NN1	RSSB	97	shave_agrees
catena	𐑒𐑩𐑑𐑰𐑯𐑩	kəˈtiːnə	NN1	RSSB	97	shave_agrees
catheterize	𐑒𐑨𐑔𐑩𐑑𐑼𐑲𐑟	kæθətəraɪz	VVI	RSSB	97	shave_agrees
cathouse	𐑒𐑨𐑑𐑣𐑬𐑕	ˈkathaʊs	NN1	RSSB	97	shave_agrees
catling	𐑒𐑨𐑑𐑤𐑦𐑙	ˈkætlɪŋ	NN1	RSSB	97	shave_agrees
catmint	𐑒𐑨𐑑𐑥𐑦𐑯𐑑	ˈkætmɪnt	NN1	RSSB	97	shave_agrees
catnip	𐑒𐑨𐑑𐑯𐑦𐑐	ˈkatnɪp	NN1	RSSB	97	shave_agrees
catoptric	𐑒𐑨𐑑𐑪𐑐𐑑𐑮𐑦𐑒	kaˈtɒptrɪk	AJ0	RSSB	97	shave_agrees
cattail	𐑒𐑨𐑑𐑑𐑱𐑤	ˈkætteɪl	NN1	RSSB	97	shave_agrees
caudal	𐑒𐑷𐑛𐑩𐑤	ˈkɔːdəl	AJ0	RSSB	97	shave_agrees
caudate	𐑒𐑷𐑛𐑱𐑑	ˈkɔːdeɪt	AJ0	RSSB	97	shave_agrees
cavy	𐑒𐑱𐑝𐑦	ˈkeɪvi	NN1	RSSB	97	shave_agrees
cebuano	𐑕𐑧𐑚𐑢𐑭𐑯𐑴	seˈbwɑːnoʊ	NN1	RSSB	97	shave_agrees
ceilidh	𐑒𐑱𐑤𐑦	ˈkeɪli	NN1	RSSB	97	shave_agrees
ceilinged	𐑕𐑰𐑤𐑦𐑙𐑛	ˈsiːlɪŋd	AJ0	RSSB	97	shave_agrees
censorial	𐑕𐑧𐑯𐑕𐑹𐑦𐑩𐑤	ˌsenˈsɔːRi+əl	AJ0	GenAm	97	shave_agrees
centerfold	𐑕𐑧𐑯𐑑𐑼𐑓𐑴𐑤𐑛	ˈsentəRfoʊld	NN1	GenAm	97	shave_agrees
centrical	𐑕𐑧𐑯𐑑𐑮𐑦𐑒𐑩𐑤	sentrɪkəl	AJ0	RSSB	97	shave_agrees
cephalic	𐑕𐑦𐑓𐑨𐑤𐑦𐑒	sɪˈfælɪk	AJ0	GenAm	97	shave_agrees
ceramist	𐑕𐑼𐑨𐑥𐑦𐑕𐑑	səramɪst	NN1	RSSB	97	shave_agrees
cere	𐑕𐑽	sɪəR	NN1	RSSB	97	shave_agrees
cerebellar	𐑕𐑧𐑮𐑩𐑚𐑧𐑤𐑼	ˌserəˈbeləR	AJ0	GenAm	97	shave_agrees
cerebellum	𐑕𐑧𐑮𐑩𐑚𐑧𐑤𐑩𐑥	ˌserəˈbeləm	NN1	GenAm	97	shave_agrees
cerebrum	𐑕𐑧𐑮𐑦𐑚𐑮𐑩𐑥	serɪbrəm	NN1	RSSB	97	shave_agrees
ceres	𐑕𐑽𐑰𐑟	sɪəriːz	NN1	RSSB	97	shave_agrees
chalkboard	𐑗𐑷𐑒𐑚𐑹𐑛	tʃɔːkbɔːRd	NN1	RSSB	97	shave_agrees
chamfer	𐑗𐑨𐑥𐑓𐑼	ˈtʃæmfəR	NN1	GenAm	97	shave_agrees
chamfron	𐑗𐑨𐑥𐑓𐑮𐑩𐑯	tʃamfrən	NN1	RSSB	97	shave_agrees
chancre	𐑖𐑨𐑙𐑒𐑼	ʃæŋkəR	NN1	RSSB	97	shave_agrees
chancroid	𐑖𐑨𐑙𐑒𐑮𐑶𐑛	ˈʃæŋkrɔɪd	NN1	RSSB	97	shave_agrees
chanter	𐑗𐑭𐑯𐑑𐑼	tʃɑːntəR	NN1	RSSB	97	shave_agrees
chapleted	𐑗𐑨𐑐𐑤𐑩𐑑𐑩𐑛	ˈtʃæplətəd	AJ0	RSSB	97	shave_agrees
chardonnay	𐑖𐑸𐑛𐑩𐑯𐑱	ʃɑːRdəneɪ	NN1	RSSB	97	shave_agrees
cheatgrass	𐑗𐑰𐑑𐑜𐑮𐑭𐑕	tʃiːtɡrɑːs	NN1	RSSB	97	shave_agrees
cheerlead	𐑗𐑽𐑤𐑰𐑛	tʃɪəRliːd	VVI	RSSB	97	shave_agrees
cheesy	𐑗𐑰𐑟𐑦	ˈtʃiːzi	AJ0	RSSB	97	shave_agrees
chelate	𐑒𐑰𐑤𐑱𐑑	ˈkiːˌleɪt	AJ0	RSSB	97	shave_agrees
chelation	𐑒𐑰𐑤𐑱𐑖𐑩𐑯	ˈkiːˌleɪˈʃən	NN1	RSSB	97	shave_agrees
chemic	𐑒𐑧𐑥𐑦𐑒	ˈkemɪk	AJ0	RSSB	97	shave_agrees
chen	𐑗𐑧𐑯	tʃen	NN1	RSSB	97	shave_agrees
cherokee	𐑗𐑧𐑮𐑩𐑒𐑰	tʃerəkiː	NN1	RSSB	97	shave_agrees
cherty	𐑗𐑻𐑑𐑦	tʃɜːRti	AJ0	RSSB	97	shave_agrees
chesty	𐑗𐑧𐑕𐑑𐑦	ˈtʃesti	AJ0	RSSB	97	shave_agrees
chewy	𐑗𐑵𐑦	ˈtʃuːi	AJ0	RSSB	97	shave_agrees
cheyenne	𐑖𐑲𐑨𐑯	ʃaɪˈæn	NN1	RSSB	97	shave_agrees
chiasm	𐑒𐑲𐑨𐑟𐑩𐑥	ˈkaɪæzəm	NN1	RSSB	97	shave_agrees
chicano	𐑗𐑦𐑒𐑭𐑯𐑴	tʃɪˈkɑːnəʊ	NN1	RSSB	97	shave_agrees
chickasaw	𐑗𐑦𐑒𐑩𐑕𐑷	ˈtʃɪkəsɔː	NN1	RSSB	97	shave_agrees
chihuahua	𐑗𐑦𐑢𐑬𐑩	tʃɪwaʊə	NN1	RSSB	97	shave_agrees
chinch	𐑗𐑦𐑯𐑗	tʃɪntʃ	NN1	RSSB	97	shave_agrees
chinook	𐑖𐑦𐑯𐑫𐑒	ʃɪˈnʊk	NN1	RSSB	97	shave_agrees
chipewyan	𐑗𐑦𐑐𐑩𐑢𐑲𐑩𐑯	tʃɪpəˈwaɪ+ən	NN1	RSSB	97	shave_agrees
chitin	𐑒𐑲𐑑𐑦𐑯	ˈkaɪtɪn	NN1	RSSB	97	shave_agrees
chitinous	𐑒𐑲𐑑𐑦𐑯𐑩𐑕	ˈkaɪtɪnəs	AJ0	RSSB	97	shave_agrees
chivalric	𐑖𐑦𐑝𐑩𐑤𐑮𐑦𐑒	ʃɪvəlrɪk	AJ0	RSSB	97	shave_agrees
chlorite	𐑒𐑤𐑹𐑲𐑑	klɔːraɪt	NN1	RSSB	97	shave_agrees
chockablock	𐑗𐑪𐑒𐑩𐑚𐑤𐑪𐑒	ˈtʃɒkəˌblɒk	AJ0	RSSB	97	shave_agrees
choctaw	𐑗𐑪𐑒𐑑𐑷	ˈtʃɒktɔː	NN1	RSSB	97	shave_agrees
choline	𐑒𐑴𐑤𐑰𐑯	ˈkoʊliːn	NN1	GenAm	97	shave_agrees
chondritic	𐑒𐑪𐑯𐑛𐑮𐑦𐑑𐑦𐑒	kɒnˈdrɪtɪk	AJ0	GenAm	97	shave_agrees
chondrule	𐑒𐑪𐑯𐑛𐑮𐑵𐑤	ˈkɒndruːl	NN1	RSSB	97	shave_agrees
chordate	𐑒𐑹𐑛𐑱𐑑	ˈkɔːrdeɪt	AJ0	GenAm	97	shave_agrees
chough	𐑗𐑳𐑓	tʃʌf	NN1	RSSB	97	shave_agrees
chroma	𐑒𐑮𐑴𐑥𐑩	ˈkroʊmə	NN1	GenAm	97	shave_agrees
chronoscope	𐑒𐑮𐑪𐑯𐑩𐑕𐑒𐑴𐑐	ˈkrɒnəˌskoʊp	NN1	GenAm	97	shave_agrees
chthonian	𐑒𐑔𐑴𐑯𐑦𐑩𐑯	ˈkθoʊni+ən	AJ0	GenAm	97	shave_agrees
chthonic	𐑒𐑔𐑪𐑯𐑦𐑒	ˈkθɒnɪk	AJ0	RSSB	97	shave_agrees
chyme	𐑒𐑲𐑥	kaɪm	NN1	RSSB	97	shave_agrees
cicatrise	𐑕𐑦𐑒𐑩𐑑𐑮𐑲𐑟	sɪkətraɪz	VVI	RSSB	97	shave_agrees
cicuta	𐑕𐑦𐑒𐑿𐑑𐑩	sɪˈkjuːtə	NN1	RSSB	97	shave_agrees
ciliary	𐑕𐑦𐑤𐑦𐑼𐑦	sɪli+əri	AJ0	RSSB	97	shave_agrees
cilium	𐑕𐑦𐑤𐑦𐑩𐑥	ˈsɪli+əm	NN1	RSSB	97	shave_agrees
cinnabar	𐑕𐑦𐑯𐑩𐑚𐑸	sɪnəbɑːR	AJ0	RSSB	97	shave_agrees
circumvallate	𐑕𐑻𐑒𐑩𐑥𐑝𐑨𐑤𐑱𐑑	sɜːRkəmvæleɪt	VVI	RSSB	97	shave_agrees
cisco	𐑕𐑦𐑕𐑒𐑴	ˈsɪskəʊ	NN1	RSSB	97	shave_agrees
citrine	𐑕𐑦𐑑𐑮𐑰𐑯	ˈsɪtriːn	NN1	RSSB	97	shave_agrees
cladistics	𐑒𐑤𐑩𐑛𐑦𐑕𐑑𐑦𐑒𐑕	kləˈdɪstɪks	NN1	RSSB	97	shave_agrees
classwork	𐑒𐑤𐑭𐑕𐑢𐑻𐑒	klɑːswɜːRk	NN1	RSSB	97	shave_agrees
clast	𐑒𐑤𐑨𐑕𐑑	klæst	NN1	RSSB	97	shave_agrees
claudication	𐑒𐑤𐑷𐑛𐑦𐑒𐑱𐑖𐑩𐑯	ˌklɔːdɪˈkeɪʃən	NN1	RSSB	97	shave_agrees
claymore	𐑒𐑤𐑱𐑥𐑹	kleɪmɔːr	NN1	RSSB	97	shave_agrees
cleanness	𐑒𐑤𐑰𐑯𐑯𐑩𐑕	ˈkliːnnəs	NN1	RSSB	97	shave_agrees
cleg	𐑒𐑤𐑧𐑜	kleɡ	NN1	RSSB	97	shave_agrees
clementine	𐑒𐑤𐑧𐑥𐑩𐑯𐑑𐑲𐑯	ˈkleməntaɪn	NN1	RSSB	97	shave_agrees
clericalist	𐑒𐑤𐑧𐑮𐑦𐑒𐑩𐑤𐑦𐑕𐑑	klerɪkəlɪst	NN1	RSSB	97	shave_agrees
clerisy	𐑒𐑤𐑧𐑮𐑦𐑕𐑦	ˈklerɪsi	NN1	RSSB	97	shave_agrees
cliffhanger	𐑒𐑤𐑦𐑓𐑣𐑨𐑙𐑼	klɪfhæŋəR	NN1	RSSB	97	shave_agrees
clingfilm	𐑒𐑤𐑦𐑙𐑓𐑦𐑤𐑥	ˈklɪŋfɪlm	NN1	RSSB	97	shave_agrees
cliquishly	𐑒𐑤𐑰𐑒𐑦𐑖𐑤𐑦	ˈkliːkɪʃli	AV0	RSSB	97	shave_agrees
cloaca	𐑒𐑤𐑴𐑱𐑒𐑩	kloʊˈeɪkə	NN1	GenAm	97	shave_agrees
clomp	𐑒𐑤𐑪𐑥𐑐	klɒmp	VVI	GenAm	97	shave_agrees
clonic	𐑒𐑤𐑪𐑯𐑦𐑒	ˈklɒnɪk	AJ0	RSSB	97	shave_agrees
clonus	𐑒𐑤𐑴𐑯𐑩𐑕	ˈkləʊnəs	NN1	RSSB	97	shave_agrees
clop	𐑒𐑤𐑪𐑐	klɒp	NN1	RSSB	97	shave_agrees
cloudberry	𐑒𐑤𐑬𐑛𐑚𐑧𐑮𐑦	ˈklaʊdˌberi	NN1	RSSB	97	shave_agrees
clowder	𐑒𐑤𐑬𐑛𐑼	klaʊdəR	NN1	GenAm	97	shave_agrees
clueless	𐑒𐑤𐑵𐑤𐑩𐑕	ˈkluːləs	AJ0	RSSB	97	shave_agrees
clusterfuck	𐑒𐑤𐑳𐑕𐑑𐑼𐑓𐑳𐑒	ˈklʌstəRˌfʌk	NN1	GenAm	97	shave_agrees
clyster	𐑒𐑤𐑦𐑕𐑑𐑼	ˈklɪstəR	NN1	GenAm	97	shave_agrees
coarctate	𐑒𐑴𐑸𐑒𐑑𐑱𐑑	koʊˈɑːRkˌteɪt	AJ0	GenAm	97	shave_agrees
coarctation	𐑒𐑴𐑸𐑒𐑑𐑱𐑖𐑩𐑯	ˌkoʊˌɑːRkˈteɪʃən	NN1	GenAm	97	shave_agrees
coastland	𐑒𐑴𐑕𐑑𐑤𐑩𐑯𐑛	ˈkəʊstlənd	NN1	RSSB	97	shave_agrees
cobnut	𐑒𐑪𐑚𐑯𐑳𐑑	ˈkɒbˌnʌt	NN1	RSSB	97	shave_agrees
cochlear	𐑒𐑪𐑒𐑤𐑦𐑼	kɒkli+əR	AJ0	RSSB	97	shave_agrees
cockatiel	𐑒𐑪𐑒𐑩𐑑𐑰𐑤	ˌkɒkəˈtiːl	NN1	GenAm	97	shave_agrees
coextensive	𐑒𐑴𐑦𐑒𐑕𐑑𐑧𐑯𐑕𐑦𐑝	ˌkəʊɪkˈstensɪv	AJ0	RSSB	97	shave_agrees
cofounder	𐑒𐑴𐑓𐑬𐑯𐑛𐑼	ˈkoʊfaʊndəR	NN1	GenAm	97	shave_agrees
cognation	𐑒𐑪𐑜𐑯𐑱𐑖𐑩𐑯	kɒɡˈneɪʃən	NN1	RSSB	97	shave_agrees
cognizable	𐑒𐑪𐑜𐑯𐑦𐑟𐑩𐑚𐑩𐑤	ˈkɒɡnɪzəbəl	AJ0	RSSB	97	shave_agrees
coho	𐑒𐑴𐑣𐑴	kəʊhəʊ	NN1	RSSB	97	shave_agrees
coleus	𐑒𐑴𐑤𐑦𐑩𐑕	ˈkəʊli+əs	NN1	RSSB	97	shave_agrees
collagen	𐑒𐑪𐑤𐑩𐑡𐑩𐑯	ˈkɒlədʒən	NN1	RSSB	97	shave_agrees
collectible	𐑒𐑩𐑤𐑧𐑒𐑑𐑦𐑚𐑩𐑤	kəˈlektɪbəl	AJ0	RSSB	97	shave_agrees
collectivist	𐑒𐑩𐑤𐑧𐑒𐑑𐑦𐑝𐑦𐑕𐑑	kəˈlektɪvɪst	AJ0	RSSB	97	shave_agrees
colter	𐑒𐑴𐑤𐑑𐑼	ˈkoʊltər	NN1	GenAm	97	shave_agrees
colugo	𐑒𐑩𐑤𐑵𐑜𐑴	kəˈluːɡoʊ	NN1	RSSB	97	shave_agrees
comanche	𐑒𐑩𐑥𐑨𐑯𐑗𐑦	kəˈmæntʃi	NN1	GenAm	97	shave_agrees
combinative	𐑒𐑪𐑥𐑚𐑦𐑯𐑱𐑑𐑦𐑝	ˈkɒmbɪneɪtɪv	AJ0	GenAm	97	shave_agrees
combinatorial	𐑒𐑪𐑥𐑚𐑦𐑯𐑩𐑑𐑹𐑦𐑩𐑤	ˌkɒmbɪnəˈtɔːRi+əl	AJ0	GenAm	97	shave_agrees
combo	𐑒𐑪𐑥𐑚𐑴	ˈkɒmbəʊ	NN1	RSSB	97	shave_agrees
comedo	𐑒𐑩𐑥𐑰𐑛𐑴	kəˈmiːdəʊ	NN1	RSSB	97	shave_agrees
comeuppance	𐑒𐑳𐑥𐑳𐑐𐑩𐑯𐑕	kʌmˈʌpəns	NN1	RSSB	97	shave_agrees
commensalism	𐑒𐑩𐑥𐑧𐑯𐑕𐑩𐑤𐑦𐑟𐑩𐑥	kəˈmensəˌlɪzəm	NN1	RSSB	97	shave_agrees
comminate	𐑒𐑪𐑥𐑦𐑯𐑱𐑑	ˈkɒmɪneɪt	VVI	RSSB	97	shave_agrees
committal	𐑒𐑩𐑥𐑦𐑑𐑩𐑤	kəˈmɪtəl	NN1	RSSB	97	shave_agrees
comp	𐑒𐑪𐑥𐑐	kɒmp	NN1	RSSB	97	shave_agrees
compartmentalization	𐑒𐑪𐑥𐑐𐑸𐑑𐑥𐑧𐑯𐑑𐑩𐑤𐑲𐑟𐑱𐑖𐑩𐑯	kɒmpɑːRtmentəlaɪzeɪʃən	NN1	RSSB	97	shave_agrees
complainer	𐑒𐑩𐑥𐑐𐑤𐑱𐑯𐑼	kəmˈpleɪnəR	NN1	GenAm	97	shave_agrees
concentre	𐑒𐑪𐑯𐑕𐑧𐑯𐑑𐑼	kɒnˈsentəR	VVI	GenAm	97	shave_agrees
conceptional	𐑒𐑩𐑯𐑕𐑧𐑐𐑖𐑩𐑯𐑩𐑤	kənˈsepʃənəl	AJ0	RSSB	97	shave_agrees
confect	𐑒𐑩𐑯𐑓𐑧𐑒𐑑	kənˈfekt	NN1	RSSB	97	shave_agrees
conferral	𐑒𐑩𐑯𐑓𐑻𐑩𐑤	kənˈfɜːRəl	NN1	GenAm	97	shave_agrees
conflate	𐑒𐑩𐑯𐑓𐑤𐑱𐑑	kənˈfleɪt	VVI	GenAm	97	shave_agrees
conga	𐑒𐑪𐑙𐑜𐑩	ˈkɒŋɡə	NN1	GenAm	97	shave_agrees
congregant	𐑒𐑪𐑙𐑜𐑮𐑦𐑜𐑩𐑯𐑑	kɒŋɡrɪɡənt	NN1	RSSB	97	shave_agrees
conjunctivitis	𐑒𐑩𐑯𐑡𐑳𐑙𐑒𐑑𐑦𐑝𐑲𐑑𐑦𐑕	kənˌdʒʌŋktɪˈvaɪtɪs	NN1	RSSB	97	shave_agrees
conn	𐑒𐑪𐑯	kɒn	VVI	GenAm	97	shave_agrees
consanguineous	𐑒𐑪𐑯𐑕𐑨𐑙𐑜𐑢𐑦𐑯𐑦𐑩𐑕	kɒnsæŋˈɡwɪni+əs	AJ0	GenAm	97	shave_agrees
conscionable	𐑒𐑪𐑯𐑖𐑩𐑯𐑩𐑚𐑩𐑤	ˈkɒnʃənəbəl	AJ0	GenAm	97	shave_agrees
constrictor	𐑒𐑩𐑯𐑕𐑑𐑮𐑦𐑒𐑑𐑼	kənˈstrɪktəR	NN1	GenAm	97	shave_agrees
construal	𐑒𐑩𐑯𐑕𐑑𐑮𐑵𐑩𐑤	kənstruːəl	NN1	RSSB	97	shave_agrees
consubstantial	𐑒𐑪𐑯𐑕𐑩𐑚𐑕𐑑𐑨𐑯𐑖𐑩𐑤	ˌkɒnsəbˈstanʃəl	AJ0	RSSB	97	shave_agrees
continency	𐑒𐑪𐑯𐑑𐑦𐑯𐑩𐑯𐑕𐑦	ˈkɒntɪnənsi	NN1	RSSB	97	shave_agrees
contra	𐑒𐑪𐑯𐑑𐑮𐑩	kɒntrə	NN1	RSSB	97	shave_agrees
contraindication	𐑒𐑪𐑯𐑑𐑮𐑩𐑦𐑯𐑛𐑦𐑒𐑱𐑖𐑩𐑯	kɒntrəɪndɪkeɪʃən	NN1	RSSB	97	shave_agrees
convolute	𐑒𐑪𐑯𐑝𐑩𐑤𐑵𐑑	ˌkɒnvəˈluːt	AJ0	RSSB	97	shave_agrees
copacetic	𐑒𐑴𐑐𐑩𐑕𐑧𐑑𐑦𐑒	ˌkoʊpəˈsetɪk	AJ0	GenAm	97	shave_agrees
copal	𐑒𐑴𐑐𐑩𐑤	ˈkoʊpəl	NN1	GenAm	97	shave_agrees
coplanar	𐑒𐑴𐑐𐑤𐑱𐑯𐑼	kəʊpleɪnəR	AJ0	RSSB	97	shave_agrees
coquet	𐑒𐑪𐑒𐑧𐑑	ˈkɒket	VVI	RSSB	97	shave_agrees
cordate	𐑒𐑹𐑛𐑱𐑑	ˈkɔːrdeɪt	AJ0	GenAm	97	shave_agrees
coriander	𐑒𐑹𐑦𐑨𐑯𐑛𐑼	ˈkɔːRiˌændəR	NN1	GenAm	97	shave_agrees
cornhusking	𐑒𐑹𐑯𐑣𐑳𐑕𐑒𐑦𐑙	ˈkɔːRnˌhʌskɪŋ	NN1	GenAm	97	shave_agrees
cornish	𐑒𐑹𐑯𐑦𐑖	kɔːrnɪʃ	AJ0	RSSB	97	shave_agrees
corpulency	𐑒𐑹𐑐𐑘𐑩𐑤𐑩𐑯𐑕𐑦	kɔːRpjələnsi	NN1	RSSB	97	shave_agrees
corsican	𐑒𐑹𐑕𐑦𐑒𐑩𐑯	kɔːRsɪkən	AJ0	RSSB	97	shave_agrees
cosecant	𐑒𐑴𐑕𐑰𐑒𐑩𐑯𐑑	ˈkoʊˌsiːkənt	NN1	GenAm	97	shave_agrees
cosign	𐑒𐑴𐑕𐑲𐑯	ˈkoʊsaɪn	VVI	GenAm	97	shave_agrees
coss	𐑒𐑪𐑕	kɒs	NN1	RSSB	97	shave_agrees
costa	𐑒𐑪𐑕𐑑𐑩	ˈkɒstə	NN1	GenAm	97	shave_agrees
costal	𐑒𐑪𐑕𐑑𐑩𐑤	ˈkɒstəl	AJ0	GenAm	97	shave_agrees
costumer	𐑒𐑪𐑕𐑑𐑿𐑥𐑼	kɒstjuːməR	NN1	RSSB	97	shave_agrees
cotangent	𐑒𐑴𐑑𐑨𐑯𐑡𐑩𐑯𐑑	ˈkoʊˌtændʒənt	NN1	GenAm	97	shave_agrees
cotswold	𐑒𐑪𐑑𐑕𐑢𐑴𐑤𐑛	ˈkɒtswəʊld	NN1	RSSB	97	shave_agrees
coulomb	𐑒𐑵𐑤𐑪𐑥	ˈkuːlɒm	NN1	RSSB	97	shave_agrees
counterfactual	𐑒𐑬𐑯𐑑𐑼𐑓𐑨𐑒𐑗𐑫𐑩𐑤	kaʊntəRfæktʃuəl	AJ0	RSSB	97	shave_agrees
counterpose	𐑒𐑬𐑯𐑑𐑼𐑐𐑴𐑟	kaʊntəRpəʊz	VVI	RSSB	97	shave_agrees
countertransference	𐑒𐑬𐑯𐑑𐑼𐑑𐑮𐑨𐑯𐑕𐑓𐑻𐑩𐑯𐑕	kaʊntəRtransfɜːrəns	NN1	RSSB	97	shave_agrees
countrywide	𐑒𐑳𐑯𐑑𐑮𐑦𐑢𐑲𐑛	ˌkʌntriˈwaɪd	AJ0	RSSB	97	shave_agrees
covalent	𐑒𐑴𐑝𐑱𐑤𐑩𐑯𐑑	koʊˈveɪlənt	AJ0	RSSB	97	shave_agrees
cowage	𐑒𐑬𐑦𐑡	ˈkaʊɪdʒ	NN1	RSSB	97	shave_agrees
cowlick	𐑒𐑬𐑤𐑦𐑒	ˈkaʊˌlɪk	NN1	RSSB	97	shave_agrees
cowpea	𐑒𐑬𐑐𐑰	ˈkaʊpiː	NN1	RSSB	97	shave_agrees
coxa	𐑒𐑪𐑒𐑕𐑩	ˈkɒksə	NN1	RSSB	97	shave_agrees
cozenage	𐑒𐑳𐑟𐑩𐑯𐑦𐑡	ˈkʌzənɪdʒ	NN1	RSSB	97	shave_agrees
crabapple	𐑒𐑮𐑨𐑚𐑨𐑐𐑩𐑤	kræbæpəl	NN1	RSSB	97	shave_agrees
crabby	𐑒𐑮𐑨𐑚𐑦	ˈkræbi	AJ0	RSSB	97	shave_agrees
crappy	𐑒𐑮𐑨𐑐𐑦	ˈkræpi	AJ0	GenAm	97	shave_agrees
craw	𐑒𐑮𐑷	krɔː	NN1	RSSB	97	shave_agrees
creamer	𐑒𐑮𐑰𐑥𐑼	kriːməR	NN1	RSSB	97	shave_agrees
creampie	𐑒𐑮𐑰𐑥𐑐𐑲	kriːmˈpaɪ	NN1	RSSB	97	shave_agrees
cred	𐑒𐑮𐑧𐑛	kred	NN1	RSSB	97	shave_agrees
cree	𐑒𐑮𐑰	kriː	NN1	RSSB	97	shave_agrees
crenel	𐑒𐑮𐑧𐑯𐑩𐑤	krenəl	NN1	RSSB	97	shave_agrees
crenellate	𐑒𐑮𐑧𐑯𐑩𐑤𐑱𐑑	ˈkrenəˌleɪt	VVI	GenAm	97	shave_agrees
crenellation	𐑒𐑮𐑧𐑯𐑩𐑤𐑱𐑖𐑩𐑯	ˌkrenəˈleɪʃən	NN1	GenAm	97	shave_agrees
cretan	𐑒𐑮𐑰𐑑𐑩𐑯	kriːtən	NN1	RSSB	97	shave_agrees
criminologist	𐑒𐑮𐑦𐑥𐑦𐑯𐑪𐑤𐑩𐑡𐑦𐑕𐑑	krɪmɪnɒlədʒɪst	NN1	RSSB	97	shave_agrees
crispin	𐑒𐑮𐑦𐑕𐑐𐑦𐑯	ˈkrɪspɪn	NN1	RSSB	97	shave_agrees
crispy	𐑒𐑮𐑦𐑕𐑐𐑦	ˈkrɪspi	AJ0	RSSB	97	shave_agrees
crith	𐑒𐑮𐑦𐑔	krɪθ	NN1	RSSB	97	shave_agrees
croat	𐑒𐑮𐑴𐑨𐑑	ˈkroʊæt	NN1	GenAm	97	shave_agrees
croatian	𐑒𐑮𐑴𐑱𐑖𐑩𐑯	ˌkroʊˈeɪʃən	AJ0	GenAm	97	shave_agrees
cronyism	𐑒𐑮𐑴𐑯𐑦𐑦𐑟𐑩𐑥	ˈkroʊniɪzəm	NN1	GenAm	97	shave_agrees
crossbill	𐑒𐑮𐑪𐑕𐑚𐑦𐑤	ˈkrɒsbɪl	NN1	RSSB	97	shave_agrees
croton	𐑒𐑮𐑴𐑑𐑩𐑯	krəʊtən	NN1	RSSB	97	shave_agrees
croupy	𐑒𐑮𐑵𐑐𐑦	ˈkruːpi	AJ0	RSSB	97	shave_agrees
crouton	𐑒𐑮𐑵𐑑𐑪𐑯	ˈkruːtɒn	NN1	RSSB	97	shave_agrees
crowberry	𐑒𐑮𐑴𐑚𐑼𐑦	krəʊbərɪ	NN1	RSSB	97	shave_agrees
crud	𐑒𐑮𐑳𐑛	krʌd	NN1	RSSB	97	shave_agrees
cruddy	𐑒𐑮𐑳𐑛𐑦	ˈkrʌdi	AJ0	RSSB	97	shave_agrees
crummy	𐑒𐑮𐑳𐑥𐑦	ˈkrʌmi	AJ0	RSSB	97	shave_agrees
crural	𐑒𐑮𐑫𐑼𐑩𐑤	krʊərəl	AJ0	RSSB	97	shave_agrees
crusher	𐑒𐑮𐑳𐑖𐑼	krʌʃəR	NN1	RSSB	97	shave_agrees
crustaceous	𐑒𐑮𐑳𐑕𐑑𐑱𐑖𐑩𐑕	krʌsteɪʃəs	AJ0	RSSB	97	shave_agrees
crustal	𐑒𐑮𐑳𐑕𐑑𐑩𐑤	krʌstəl	AJ0	RSSB	97	shave_agrees
cryogenic	𐑒𐑮𐑲𐑴𐑡𐑧𐑯𐑦𐑒	ˌkraɪoʊˈdʒenɪk	AJ0	GenAm	97	shave_agrees
cryptology	𐑒𐑮𐑦𐑐𐑑𐑪𐑤𐑩𐑡𐑦	krɪpˈtɒlədʒi	NN1	GenAm	97	shave_agrees
cryptomonad	𐑒𐑮𐑦𐑐𐑑𐑴𐑥𐑴𐑯𐑨𐑛	krɪptoʊˈmoʊnæd	NN1	RSSB	97	shave_agrees
crystalize	𐑒𐑮𐑦𐑕𐑑𐑩𐑤𐑲𐑟	krɪstəlaɪz	VVI	RSSB	97	shave_agrees
cufflink	𐑒𐑳𐑓𐑤𐑦𐑙𐑒	ˈkʌflɪŋk	NN1	RSSB	97	shave_agrees
cultist	𐑒𐑳𐑤𐑑𐑦𐑕𐑑	ˈkʌltɪst	NN1	RSSB	97	shave_agrees
culturati	𐑒𐑳𐑤𐑗𐑼𐑭𐑑𐑦	kʌltʃərɑːti	NN1	RSSB	97	shave_agrees
culverin	𐑒𐑳𐑤𐑝𐑼𐑦𐑯	kʌlvərɪn	NN1	RSSB	97	shave_agrees
cum	𐑒𐑳𐑥	kʌm	NN1	RSSB	97	shave_agrees
cumfrey	𐑒𐑳𐑥𐑓𐑮𐑦	ˈkʌmfri	NN1	RSSB	97	shave_agrees
cunctation	𐑒𐑳𐑙𐑒𐑑𐑱𐑖𐑩𐑯	kʌŋkˈteɪʃən	NN1	RSSB	97	shave_agrees
cunnilingus	𐑒𐑳𐑯𐑦𐑤𐑦𐑙𐑜𐑩𐑕	ˌkʌnɪˈlɪŋɡəs	NN1	RSSB	97	shave_agrees
cupbearer	𐑒𐑳𐑐𐑚𐑺𐑼	kʌpbeərəR	NN1	RSSB	97	shave_agrees
cupcake	𐑒𐑳𐑐𐑒𐑱𐑒	ˈkʌpkeɪk	NN1	RSSB	97	shave_agrees
currawong	𐑒𐑳𐑮𐑩𐑢𐑪𐑙	kʌrəwɒŋ	NN1	RSSB	97	shave_agrees
curtal	𐑒𐑻𐑑𐑩𐑤	kɜːRtəl	AJ0	RSSB	97	shave_agrees
curtilage	𐑒𐑻𐑑𐑦𐑤𐑦𐑡	kɜːRtɪlɪdʒ	NN1	RSSB	97	shave_agrees
curvet	𐑒𐑻𐑝𐑧𐑑	kɜːRvet	NN1	RSSB	97	shave_agrees
curvy	𐑒𐑻𐑝𐑦	ˈkɜːRvi	AJ0	GenAm	97	shave_agrees
cyan	𐑕𐑲𐑨𐑯	ˈsaɪˌæn	AJ0	RSSB	97	shave_agrees
cyclicity	𐑕𐑲𐑒𐑤𐑦𐑕𐑦𐑑𐑦	ˈsaɪklɪsɪti	NN1	RSSB	97	shave_agrees
cyclops	𐑕𐑲𐑒𐑤𐑪𐑐𐑕	ˈsaɪˌklɒps	NN1	GenAm	97	shave_agrees
cymbalist	𐑕𐑦𐑥𐑚𐑩𐑤𐑦𐑕𐑑	ˈsɪmbəlɪst	NN1	RSSB	97	shave_agrees
cystic	𐑕𐑦𐑕𐑑𐑦𐑒	ˈsɪstɪk	AJ0	RSSB	97	shave_agrees
cytidine	𐑕𐑲𐑑𐑦𐑛𐑰𐑯	ˈsaɪtɪdiːn	NN1	RSSB	97	shave_agrees
cytologist	𐑕𐑲𐑑𐑪𐑤𐑩𐑡𐑦𐑕𐑑	saɪˈtɒlədʒɪst	NN1	RSSB	97	shave_agrees
cytology	𐑕𐑲𐑑𐑪𐑤𐑩𐑡𐑦	saɪˈtɒlədʒi	NN1	GenAm	97	shave_agrees
cytolytic	𐑕𐑲𐑑𐑩𐑤𐑦𐑑𐑦𐑒	ˌsaɪtəˈlɪtɪk	AJ0	RSSB	97	shave_agrees
cytoplasm	𐑕𐑲𐑑𐑴𐑐𐑤𐑨𐑟𐑩𐑥	ˈsaɪtoʊˌplæzəm	NN1	GenAm	97	shave_agrees
cytosine	𐑕𐑲𐑑𐑩𐑕𐑰𐑯	ˈsaɪtəsiːn	NN1	RSSB	97	shave_agrees
da	𐑛𐑭	dɑː	NN1	RSSB	97	shave_agrees
dacite	𐑛𐑱𐑕𐑲𐑑	ˈdeɪsaɪt	NN1	RSSB	97	shave_agrees
dacryocystitis	𐑛𐑨𐑒𐑮𐑦𐑴𐑕𐑦𐑕𐑑𐑲𐑑𐑦𐑕	ˌdækrɪ+əʊsɪˈstaɪtɪs	NN1	RSSB	97	shave_agrees
daedal	𐑛𐑰𐑛𐑩𐑤	ˈdiːdəl	AJ0	RSSB	97	shave_agrees
daftness	𐑛𐑭𐑓𐑑𐑯𐑩𐑕	ˈdɑːftnəs	NN1	RSSB	97	shave_agrees
dagga	𐑛𐑨𐑜𐑩	ˈdaɡə	NN1	RSSB	97	shave_agrees
daiquiri	𐑛𐑨𐑒𐑼𐑦	dækəri	NN1	RSSB	97	shave_agrees
damselfish	𐑛𐑨𐑥𐑟𐑩𐑤𐑓𐑦𐑖	ˈdæmzəlfɪʃ	NN1	RSSB	97	shave_agrees
damselfly	𐑛𐑨𐑥𐑟𐑩𐑤𐑓𐑤𐑲	ˈdæmzəlflaɪ	NN1	RSSB	97	shave_agrees
dankness	𐑛𐑨𐑙𐑒𐑯𐑩𐑕	ˈdæŋknəs	NN1	RSSB	97	shave_agrees
dard	𐑛𐑸𐑛	dɑːRd	NN1	GenAm	97	shave_agrees
darjeeling	𐑛𐑸𐑡𐑰𐑤𐑦𐑙	dɑːRdʒiːlɪŋ	NN1	RSSB	97	shave_agrees
darnel	𐑛𐑸𐑯𐑩𐑤	dɑːRnəl	NN1	RSSB	97	shave_agrees
darner	𐑛𐑸𐑯𐑼	dɑːRnəR	NN1	RSSB	97	shave_agrees
dartboard	𐑛𐑸𐑑𐑚𐑹𐑛	ˈdɑːRtbɔːrd	NN1	GenAm	97	shave_agrees
darwinism	𐑛𐑸𐑢𐑦𐑯𐑦𐑟𐑩𐑥	dɑːRwɪnɪzəm	NN1	RSSB	97	shave_agrees
davy	𐑛𐑱𐑝𐑦	ˈdeɪvi	NN1	RSSB	97	shave_agrees
daybed	𐑛𐑱𐑚𐑧𐑛	ˈdeɪˌbed	NN1	RSSB	97	shave_agrees
daycare	𐑛𐑱𐑒𐑺	deɪkeəR	NN1	RSSB	97	shave_agrees
daydreamer	𐑛𐑱𐑛𐑮𐑰𐑥𐑼	deɪdriːməR	NN1	RSSB	97	shave_agrees
daystar	𐑛𐑱𐑕𐑑𐑸	ˈdeɪstɑːR	NN1	GenAm	97	shave_agrees
deactivate	𐑛𐑰𐑨𐑒𐑑𐑦𐑝𐑱𐑑	ˌdiːˈæktɪveɪt	VVI	RSSB	97	shave_agrees
deactivation	𐑛𐑰𐑨𐑒𐑑𐑦𐑝𐑱𐑖𐑩𐑯	ˌdiːæktɪˈveɪʃən	NN1	RSSB	97	shave_agrees
deadbeat	𐑛𐑧𐑛𐑚𐑰𐑑	ˈdedbiːt	NN1	RSSB	97	shave_agrees
deadeye	𐑛𐑧𐑛𐑲	ˈdedaɪ	NN1	RSSB	97	shave_agrees
deadhead	𐑛𐑧𐑛𐑣𐑧𐑛	ˈdedhed	NN1	RSSB	97	shave_agrees
deadness	𐑛𐑧𐑛𐑯𐑩𐑕	ˈdednəs	NN1	RSSB	97	shave_agrees
deadwood	𐑛𐑧𐑛𐑢𐑫𐑛	ˈdedwʊd	NN1	RSSB	97	shave_agrees
deaerate	𐑛𐑰𐑺𐑱𐑑	diːeəreɪt	VVI	RSSB	97	shave_agrees
dealership	𐑛𐑰𐑤𐑼𐑖𐑦𐑐	diːləRʃɪp	NN1	RSSB	97	shave_agrees
deanship	𐑛𐑰𐑯𐑖𐑦𐑐	ˈdiːnʃɪp	NN1	RSSB	97	shave_agrees
deathwatch	𐑛𐑧𐑔𐑢𐑪𐑗	ˈdeθwɒtʃ	NN1	RSSB	97	shave_agrees
debaser	𐑛𐑦𐑚𐑱𐑕𐑼	dɪbeɪsəR	NN1	RSSB	97	shave_agrees
debaucher	𐑛𐑦𐑚𐑷𐑗𐑼	dɪbɔːtʃəR	NN1	RSSB	97	shave_agrees
debone	𐑛𐑰𐑚𐑴𐑯	diːˈbəʊn	VVI	RSSB	97	shave_agrees
deboned	𐑛𐑰𐑚𐑴𐑯𐑛	diːˈbəʊnd	AJ0	RSSB	97	shave_agrees
debugger	𐑛𐑰𐑚𐑳𐑜𐑼	diːbʌɡəR	NN1	RSSB	97	shave_agrees
decaf	𐑛𐑰𐑒𐑨𐑓	ˈdiːkæf	NN1	RSSB	97	shave_agrees
decagon	𐑛𐑧𐑒𐑩𐑜𐑪𐑯	ˈdekəɡɒn	NN1	GenAm	97	shave_agrees
decagram	𐑛𐑧𐑒𐑩𐑜𐑮𐑨𐑥	dekəɡræm	NN1	RSSB	97	shave_agrees
decahedron	𐑛𐑧𐑒𐑩𐑣𐑰𐑛𐑮𐑩𐑯	dekəhiːdrən	NN1	RSSB	97	shave_agrees
decal	𐑛𐑰𐑒𐑨𐑤	ˈdiːkæl	NN1	GenAm	97	shave_agrees
decametre	𐑛𐑧𐑒𐑩𐑥𐑰𐑑𐑼	dekəmiːtəR	NN1	RSSB	97	shave_agrees
decampment	𐑛𐑰𐑒𐑨𐑥𐑐𐑥𐑩𐑯𐑑	diːˈkæmpmənt	NN1	RSSB	97	shave_agrees
decantation	𐑛𐑰𐑒𐑨𐑯𐑑𐑱𐑖𐑩𐑯	ˌdiːkænˈteɪʃən	NN1	RSSB	97	shave_agrees
decapod	𐑛𐑧𐑒𐑩𐑐𐑪𐑛	ˈdekəpɒd	NN1	RSSB	97	shave_agrees
decarbonate	𐑛𐑰𐑒𐑸𐑚𐑩𐑯𐑱𐑑	diːkɑːRbəneɪt	VVI	RSSB	97	shave_agrees
decedent	𐑛𐑦𐑕𐑰𐑛𐑩𐑯𐑑	dɪˈsiːdənt	NN1	GenAm	97	shave_agrees
decentration	𐑛𐑰𐑕𐑧𐑯𐑑𐑮𐑱𐑖𐑩𐑯	diːsentreɪʃən	NN1	RSSB	97	shave_agrees
decertify	𐑛𐑰𐑕𐑻𐑑𐑦𐑓𐑲	diːsɜːRtɪfaɪ	VVI	RSSB	97	shave_agrees
dechlorinate	𐑛𐑰𐑒𐑤𐑹𐑦𐑯𐑱𐑑	diːklɔːrɪneɪt	VVI	RSSB	97	shave_agrees
deciban	𐑛𐑧𐑕𐑦𐑚𐑨𐑯	ˈdesibæn	NN1	RSSB	97	shave_agrees
decigram	𐑛𐑧𐑕𐑦𐑜𐑮𐑨𐑥	ˈdesɪɡræm	NN1	RSSB	97	shave_agrees
decilitre	𐑛𐑧𐑕𐑦𐑤𐑰𐑑𐑼	desɪliːtəR	NN1	RSSB	97	shave_agrees
decimation	𐑛𐑧𐑕𐑦𐑥𐑱𐑖𐑩𐑯	ˌdesɪˈmeɪʃən	NN1	RSSB	97	shave_agrees
decimetre	𐑛𐑧𐑕𐑦𐑥𐑰𐑑𐑼	desɪmiːtər	NN1	RSSB	97	shave_agrees
decipherer	𐑛𐑦𐑕𐑲𐑓𐑼𐑼	dɪsaɪfərəR	NN1	RSSB	97	shave_agrees
decisiveness	𐑛𐑦𐑕𐑲𐑕𐑦𐑝𐑯𐑩𐑕	dɪˈsaɪsɪvnəs	NN1	RSSB	97	shave_agrees
deckle	𐑛𐑧𐑒𐑩𐑤	ˈdekəl	NN1	RSSB	97	shave_agrees
declarer	𐑛𐑦𐑒𐑤𐑺𐑼	dɪkleərəR	NN1	RSSB	97	shave_agrees
declaw	𐑛𐑰𐑒𐑤𐑷	diːˈklɔː	VVI	RSSB	97	shave_agrees
decoct	𐑛𐑦𐑒𐑪𐑒𐑑	dɪˈkɒkt	VVI	RSSB	97	shave_agrees
decolorize	𐑛𐑰𐑒𐑳𐑤𐑼𐑲𐑟	diːkʌləraɪz	VVI	RSSB	97	shave_agrees
decolourize	𐑛𐑰𐑒𐑳𐑤𐑼𐑲𐑟	diːkʌləraɪz	VVI	RSSB	97	shave_agrees
decongestant	𐑛𐑰𐑒𐑩𐑯𐑡𐑧𐑕𐑑𐑩𐑯𐑑	diːkənˈdʒestənt	NN1	RSSB	97	shave_agrees
deconstructionism	𐑛𐑰𐑒𐑩𐑯𐑕𐑑𐑮𐑳𐑒𐑖𐑩𐑯𐑦𐑟𐑩𐑥	diːkənstrʌkʃənɪzəm	NN1	RSSB	97	shave_agrees
deconstructionist	𐑛𐑰𐑒𐑩𐑯𐑕𐑑𐑮𐑳𐑒𐑖𐑩𐑯𐑦𐑕𐑑	diːkənstrʌkʃənɪst	AJ0	RSSB	97	shave_agrees
deconstructivism	𐑛𐑰𐑒𐑩𐑯𐑕𐑑𐑮𐑳𐑒𐑑𐑦𐑝𐑦𐑟𐑩𐑥	diːkənstrʌktɪvɪzəm	NN1	RSSB	97	shave_agrees
decorticate	𐑛𐑰𐑒𐑹𐑑𐑦𐑒𐑱𐑑	diːkɔːRtɪkeɪt	VVI	RSSB	97	shave_agrees
decortication	𐑛𐑰𐑒𐑹𐑑𐑦𐑒𐑱𐑖𐑩𐑯	diːkɔːRtɪkeɪʃən	NN1	RSSB	97	shave_agrees
dedifferentiate	𐑛𐑰𐑛𐑦𐑓𐑼𐑧𐑯𐑖𐑦𐑱𐑑	diːdɪfərenʃɪeɪt	VVI	RSSB	97	shave_agrees
dedifferentiated	𐑛𐑰𐑛𐑦𐑓𐑼𐑧𐑯𐑖𐑦𐑱𐑑𐑩𐑛	diːdɪfərenʃɪeɪtəd	AJ0	RSSB	97	shave_agrees
dedifferentiation	𐑛𐑰𐑛𐑦𐑓𐑼𐑧𐑯𐑖𐑦𐑱𐑖𐑩𐑯	diːdɪfərenʃɪeɪʃən	NN1	RSSB	97	shave_agrees
defamer	𐑛𐑦𐑓𐑱𐑥𐑼	dɪfeɪməR	NN1	RSSB	97	shave_agrees
defang	𐑛𐑰𐑓𐑨𐑙	diːˈfæŋ	VVI	RSSB	97	shave_agrees
defeminize	𐑛𐑰𐑓𐑧𐑥𐑦𐑯𐑲𐑟	diːˈfemɪnaɪz	VVI	RSSB	97	shave_agrees
defensiveness	𐑛𐑦𐑓𐑧𐑯𐑕𐑦𐑝𐑯𐑩𐑕	dɪˈfensɪvnəs	NN1	RSSB	97	shave_agrees
deferent	𐑛𐑧𐑓𐑼𐑩𐑯𐑑	defərənt	AJ0	RSSB	97	shave_agrees
deferral	𐑛𐑦𐑓𐑻𐑩𐑤	dɪˈfɜːRəl	NN1	GenAm	97	shave_agrees
defibrillate	𐑛𐑰𐑓𐑦𐑚𐑮𐑦𐑤𐑱𐑑	diːˈfɪbrɪleɪt	VVI	RSSB	97	shave_agrees
defibrillation	𐑛𐑰𐑓𐑦𐑚𐑮𐑦𐑤𐑱𐑖𐑩𐑯	diːfɪbrɪleɪʃən	NN1	RSSB	97	shave_agrees
defibrillator	𐑛𐑰𐑓𐑦𐑚𐑮𐑦𐑤𐑱𐑑𐑼	diːfɪbrɪleɪtəR	NN1	RSSB	97	shave_agrees
defibrinate	𐑛𐑦𐑓𐑲𐑚𐑮𐑦𐑯𐑱𐑑	dɪˈfaɪbrɪneɪt	VVI	RSSB	97	shave_agrees
defilade	𐑛𐑧𐑓𐑦𐑤𐑱𐑛	defɪˈleɪd	NN1	RSSB	97	shave_agrees
definability	𐑛𐑦𐑓𐑲𐑯𐑩𐑚𐑦𐑤𐑦𐑑𐑦	dɪˌfaɪnəˈbɪlɪti	NN1	RSSB	97	shave_agrees
definiteness	𐑛𐑧𐑓𐑦𐑯𐑦𐑑𐑯𐑩𐑕	ˈdefɪnɪtnəs	NN1	RSSB	97	shave_agrees
deflagrate	𐑛𐑧𐑓𐑤𐑩𐑜𐑮𐑱𐑑	defləɡreɪt	VVI	RSSB	97	shave_agrees
deflagration	𐑛𐑧𐑓𐑤𐑩𐑜𐑮𐑱𐑖𐑩𐑯	defləɡreɪʃən	NN1	RSSB	97	shave_agrees
deflator	𐑛𐑦𐑓𐑤𐑱𐑑𐑼	dɪfleɪtəR	NN1	RSSB	97	shave_agrees
deflective	𐑛𐑦𐑓𐑤𐑧𐑒𐑑𐑦𐑝	dɪˈflektɪv	AJ0	RSSB	97	shave_agrees
deflector	𐑛𐑦𐑓𐑤𐑧𐑒𐑑𐑼	dɪflektəR	NN1	RSSB	97	shave_agrees
defog	𐑛𐑰𐑓𐑪𐑜	diːˈfɒɡ	VVI	GenAm	97	shave_agrees
defrauder	𐑛𐑦𐑓𐑮𐑷𐑛𐑼	dɪfrɔːdəR	NN1	RSSB	97	shave_agrees
deglaze	𐑛𐑰𐑜𐑤𐑱𐑟	diːˈɡleɪz	VVI	RSSB	97	shave_agrees
degrader	𐑛𐑦𐑜𐑮𐑱𐑛𐑼	dɪɡreɪdəR	NN1	RSSB	97	shave_agrees
dehumanization	𐑛𐑰𐑣𐑿𐑥𐑩𐑯𐑲𐑟𐑱𐑖𐑩𐑯	diːˌhjuːmənaɪˈzeɪʃən	NN1	RSSB	97	shave_agrees
dehumidifier	𐑛𐑰𐑣𐑿𐑥𐑦𐑛𐑦𐑓𐑲𐑼	diːhjuːmɪdɪfaɪəR	NN1	RSSB	97	shave_agrees
dehumidify	𐑛𐑰𐑣𐑿𐑥𐑦𐑛𐑦𐑓𐑲	diːˌhjuːˈmɪdɪfaɪ	VVI	RSSB	97	shave_agrees
dehydrogenate	𐑛𐑰𐑣𐑲𐑛𐑮𐑪𐑡𐑦𐑯𐑱𐑑	diːhaɪdrɒdʒəneɪt	VVI	RSSB	97	shave_agrees
deice	𐑛𐑰𐑲𐑕	diːˈaɪs	VVI	RSSB	97	shave_agrees
deicer	𐑛𐑰𐑲𐑕𐑼	ˌdiːˈaɪsəR	NN1	GenAm	97	shave_agrees
dejectedness	𐑛𐑦𐑡𐑧𐑒𐑑𐑩𐑛𐑯𐑩𐑕	dɪˈdʒektədnəs	NN1	RSSB	97	shave_agrees
deli	𐑛𐑧𐑤𐑦	ˈdeli	NN1	RSSB	97	shave_agrees
delilah	𐑛𐑦𐑤𐑲𐑤𐑩	dɪˈlaɪlə	NN1	RSSB	97	shave_agrees
deliquesce	𐑛𐑧𐑤𐑦𐑒𐑢𐑧𐑕	delɪˈkwes	VVI	RSSB	97	shave_agrees
delocalize	𐑛𐑰𐑤𐑴𐑒𐑩𐑤𐑲𐑟	diːˈləʊkəlaɪz	VVI	RSSB	97	shave_agrees
deltoid	𐑛𐑧𐑤𐑑𐑶𐑛	ˈdeltɔɪd	AJ0	RSSB	97	shave_agrees
demeanor	𐑛𐑦𐑥𐑰𐑯𐑼	dɪˈmiːnəR	NN1	GenAm	97	shave_agrees
demisemiquaver	𐑛𐑧𐑥𐑦𐑕𐑧𐑥𐑦𐑒𐑢𐑱𐑝𐑼	demɪsemɪkweɪvəR	NN1	RSSB	97	shave_agrees
demiurge	𐑛𐑧𐑥𐑦𐑻𐑡	demɪ+ɜːRdʒ	NN1	RSSB	97	shave_agrees
demonize	𐑛𐑰𐑥𐑩𐑯𐑲𐑟	ˈdiːmənaɪz	VVI	RSSB	97	shave_agrees
demurral	𐑛𐑦𐑥𐑻𐑩𐑤	dɪˈmɜːRəl	NN1	GenAm	97	shave_agrees
demystify	𐑛𐑰𐑥𐑦𐑕𐑑𐑦𐑓𐑲	diːˈmɪstɪfaɪ	VVI	RSSB	97	shave_agrees
dendrite	𐑛𐑧𐑯𐑛𐑮𐑲𐑑	ˈdendraɪt	NN1	RSSB	97	shave_agrees
dendritic	𐑛𐑧𐑯𐑛𐑮𐑦𐑑𐑦𐑒	dendˈrɪtɪk	AJ0	RSSB	97	shave_agrees
dendrology	𐑛𐑧𐑯𐑛𐑮𐑪𐑤𐑩𐑡𐑦	dendrɒlədʒi	NN1	RSSB	97	shave_agrees
denotation	𐑛𐑰𐑯𐑴𐑑𐑱𐑖𐑩𐑯	ˌdiːnoʊˈteɪʃən	NN1	GenAm	97	shave_agrees
dentition	𐑛𐑧𐑯𐑑𐑦𐑖𐑩𐑯	denˈtɪʃən	NN1	RSSB	97	shave_agrees
deoxycytidine	𐑛𐑦𐑪𐑒𐑕𐑦𐑕𐑲𐑑𐑦𐑛𐑰𐑯	diˌɒksɪˈsaɪtɪdiːn	NN1	RSSB	97	shave_agrees
deplume	𐑛𐑰𐑐𐑤𐑵𐑥	diːˈpluːm	VVI	RSSB	97	shave_agrees
depolarization	𐑛𐑰𐑐𐑴𐑤𐑼𐑲𐑟𐑱𐑖𐑩𐑯	diːpəʊləraɪzeɪʃən	NN1	RSSB	97	shave_agrees
depolarize	𐑛𐑰𐑐𐑴𐑤𐑼𐑲𐑟	diːpəʊləraɪz	VVI	RSSB	97	shave_agrees
depressant	𐑛𐑦𐑐𐑮𐑧𐑕𐑩𐑯𐑑	dɪpresənt	AJ0	RSSB	97	shave_agrees
depressor	𐑛𐑦𐑐𐑮𐑧𐑕𐑼	dɪˈpresəR	NN1	GenAm	97	shave_agrees
depressurize	𐑛𐑰𐑐𐑮𐑧𐑖𐑼𐑲𐑟	diːpreʃəraɪz	VVI	RSSB	97	shave_agrees
deracinate	𐑛𐑦𐑮𐑨𐑕𐑦𐑯𐑱𐑑	dɪˈræsɪneɪt	VVI	RSSB	97	shave_agrees
deregulate	𐑛𐑰𐑮𐑧𐑜𐑘𐑩𐑤𐑱𐑑	diːreɡjəleɪt	VVI	RSSB	97	shave_agrees
dermatosis	𐑛𐑻𐑥𐑩𐑑𐑴𐑕𐑦𐑕	dɜːRmətəʊsɪs	NN1	RSSB	97	shave_agrees
dermic	𐑛𐑻𐑥𐑦𐑒	dɜːRmɪk	AJ0	RSSB	97	shave_agrees
dermis	𐑛𐑻𐑥𐑦𐑕	ˈdɜːRmɪs	NN1	GenAm	97	shave_agrees
derringer	𐑛𐑧𐑮𐑦𐑯𐑡𐑼	derɪndʒəR	NN1	RSSB	97	shave_agrees
determinist	𐑛𐑦𐑑𐑻𐑥𐑦𐑯𐑦𐑕𐑑	dɪtɜːRmɪnɪst	NN1	RSSB	97	shave_agrees
detox	𐑛𐑰𐑑𐑪𐑒𐑕	ˈdiːtɒks	NN1	RSSB	97	shave_agrees
deviltry	𐑛𐑧𐑝𐑩𐑤𐑑𐑮𐑦	devəltri	NN1	RSSB	97	shave_agrees
dexamethasone	𐑛𐑧𐑒𐑕𐑩𐑥𐑧𐑔𐑩𐑕𐑴𐑯	ˌdeksəˈmeθəˌsoʊn	NN1	GenAm	97	shave_agrees
dexter	𐑛𐑧𐑒𐑕𐑑𐑼	dekstəR	AJ0	RSSB	97	shave_agrees
dextrin	𐑛𐑧𐑒𐑕𐑑𐑮𐑦𐑯	ˈdekstrɪn	NN1	RSSB	97	shave_agrees
dharma	𐑛𐑸𐑥𐑩	ˈdɑːRmə	NN1	GenAm	97	shave_agrees
dhole	𐑛𐑴𐑤	doʊl	NN1	GenAm	97	shave_agrees
diachronic	𐑛𐑲𐑩𐑒𐑮𐑪𐑯𐑦𐑒	daɪ+əˈkrɒnɪk	AJ0	GenAm	97	shave_agrees
dialysis	𐑛𐑲𐑨𐑤𐑦𐑕𐑦𐑕	daɪˈælɪsɪs	NN1	RSSB	97	shave_agrees
diamagnetic	𐑛𐑲𐑩𐑥𐑨𐑜𐑯𐑧𐑑𐑦𐑒	daɪəmæɡˈnetɪk	AJ0	RSSB	97	shave_agrees
diametric	𐑛𐑲𐑩𐑥𐑧𐑑𐑮𐑦𐑒	daɪəmetrɪk	AJ0	RSSB	97	shave_agrees
diamine	𐑛𐑲𐑩𐑥𐑰𐑯	ˈdaɪ+əmiːn	NN1	RSSB	97	shave_agrees
dianoetic	𐑛𐑲𐑩𐑯𐑴𐑧𐑑𐑦𐑒	daɪənəʊˈetɪk	AJ0	RSSB	97	shave_agrees
diapir	𐑛𐑲𐑩𐑐𐑽	daɪ+əpɪəR	NN1	RSSB	97	shave_agrees
diarrhetic	𐑛𐑲𐑼𐑧𐑑𐑦𐑒	daɪəretɪk	AJ0	RSSB	97	shave_agrees
diastolic	𐑛𐑲𐑩𐑕𐑑𐑪𐑤𐑦𐑒	daɪəˈstɒlɪk	AJ0	RSSB	97	shave_agrees
diatom	𐑛𐑲𐑩𐑑𐑪𐑥	ˈdaɪəˌtɒm	NN1	GenAm	97	shave_agrees
diazepam	𐑛𐑲𐑨𐑟𐑩𐑐𐑨𐑥	daɪˈæzəˌpæm	NN1	GenAm	97	shave_agrees
dichloride	𐑛𐑲𐑒𐑤𐑹𐑲𐑛	daɪklɔːraɪd	NN1	RSSB	97	shave_agrees
dichotomize	𐑛𐑲𐑒𐑪𐑑𐑩𐑥𐑲𐑟	daɪˈkɒtəmaɪz	VVI	RSSB	97	shave_agrees
dichotomous	𐑛𐑲𐑒𐑪𐑑𐑩𐑥𐑩𐑕	daɪˈkɒtəməs	AJ0	RSSB	97	shave_agrees
dichromate	𐑛𐑲𐑒𐑮𐑴𐑥𐑱𐑑	daɪˈkrəʊmeɪt	NN1	RSSB	97	shave_agrees
dickhead	𐑛𐑦𐑒𐑣𐑧𐑛	ˈdɪkhed	NN1	RSSB	97	shave_agrees
dideoxyinosine	𐑛𐑲𐑛𐑦𐑪𐑒𐑕𐑦𐑦𐑯𐑩𐑕𐑰𐑯	ˌdaɪdiˌɒksɪˈɪnəˌsiːn	NN1	GenAm	97	shave_agrees
dido	𐑛𐑲𐑛𐑴	ˈdaɪdəʊ	NN1	RSSB	97	shave_agrees
dielectric	𐑛𐑲𐑦𐑤𐑧𐑒𐑑𐑮𐑦𐑒	ˌdaɪɪˈlektrɪk	NN1	RSSB	97	shave_agrees
dietetic	𐑛𐑲𐑩𐑑𐑧𐑑𐑦𐑒	daɪəˈtetɪk	AJ0	RSSB	97	shave_agrees
diethylstilbestrol	𐑛𐑲𐑧𐑔𐑩𐑤𐑕𐑑𐑦𐑤𐑚𐑧𐑕𐑑𐑮𐑪𐑤	daɪˌeθəlstɪlˈbeˌstrɒl	NN1	GenAm	97	shave_agrees
diffusive	𐑛𐑦𐑓𐑿𐑕𐑦𐑝	dɪˈfjuːsɪv	AJ0	RSSB	97	shave_agrees
digitalization	𐑛𐑦𐑡𐑦𐑑𐑩𐑤𐑲𐑟𐑱𐑖𐑩𐑯	ˌdɪdʒɪtəlaɪˈzeɪʃən	NN1	RSSB	97	shave_agrees
digitalize	𐑛𐑦𐑡𐑦𐑑𐑩𐑤𐑲𐑟	ˌdɪdʒɪtəˈlaɪz	VVI	RSSB	97	shave_agrees
digitigrade	𐑛𐑦𐑡𐑦𐑑𐑦𐑜𐑮𐑱𐑛	ˈdɪdʒɪtɪˌɡreɪd	AJ0	RSSB	97	shave_agrees
digitisation	𐑛𐑦𐑡𐑦𐑑𐑲𐑟𐑱𐑖𐑩𐑯	ˌdɪdʒɪtaɪˈzeɪʃən	NN1	RSSB	97	shave_agrees
digitizer	𐑛𐑦𐑡𐑦𐑑𐑲𐑟𐑼	dɪdʒɪtaɪzəR	NN1	RSSB	97	shave_agrees
digram	𐑛𐑲𐑜𐑮𐑨𐑥	ˈdaɪɡræm	NN1	RSSB	97	shave_agrees
digressive	𐑛𐑲𐑜𐑮𐑧𐑕𐑦𐑝	daɪˈɡresɪv	AJ0	RSSB	97	shave_agrees
dihybrid	𐑛𐑲𐑣𐑲𐑚𐑮𐑦𐑛	daɪˈhaɪbrƏd	NN1	RSSB	97	shave_agrees
dilapidate	𐑛𐑦𐑤𐑨𐑐𐑦𐑛𐑱𐑑	dɪˈlæpɪdeɪt	VVI	RSSB	97	shave_agrees
dillydally	𐑛𐑦𐑤𐑦𐑛𐑨𐑤𐑦	ˈdɪliˌdæli	VVI	RSSB	97	shave_agrees
dimer	𐑛𐑲𐑥𐑼	daɪməR	NN1	RSSB	97	shave_agrees
dimorphic	𐑛𐑲𐑥𐑹𐑓𐑦𐑒	ˌdaɪˈmɔːRfɪk	AJ0	GenAm	97	shave_agrees
dimorphism	𐑛𐑲𐑥𐑹𐑓𐑦𐑟𐑩𐑥	daɪmɔːRfɪzəm	NN1	RSSB	97	shave_agrees
dimwit	𐑛𐑦𐑥𐑢𐑦𐑑	ˈdɪmwɪt	NN1	RSSB	97	shave_agrees
dinette	𐑛𐑲𐑯𐑧𐑑	daɪˈnet	NN1	RSSB	97	shave_agrees
dingbat	𐑛𐑦𐑙𐑚𐑨𐑑	ˈdɪŋˌbæt	NN1	GenAm	97	shave_agrees
dingo	𐑛𐑦𐑙𐑜𐑴	ˈdɪŋɡəʊ	NN1	RSSB	97	shave_agrees
dink	𐑛𐑦𐑙𐑒	dɪŋk	NN1	RSSB	97	shave_agrees
dinkey	𐑛𐑦𐑙𐑒𐑦	ˈdɪŋki	NN1	RSSB	97	shave_agrees
dioxin	𐑛𐑲𐑪𐑒𐑕𐑦𐑯	daɪˈɒksɪn	NN1	RSSB	97	shave_agrees
diphenhydramine	𐑛𐑲𐑓𐑧𐑯𐑣𐑲𐑛𐑮𐑩𐑥𐑰𐑯	ˌdaɪˌfenˈhaɪdrəˌmiːn	NN1	GenAm	97	shave_agrees
dipole	𐑛𐑲𐑐𐑴𐑤	ˈdaɪˌpoʊl	NN1	GenAm	97	shave_agrees
dipteran	𐑛𐑦𐑐𐑑𐑼𐑩𐑯	dɪptərən	NN1	RSSB	97	shave_agrees
dis	𐑛𐑦𐑕	dɪs	NN1	RSSB	97	shave_agrees
disaccharide	𐑛𐑲𐑕𐑨𐑒𐑼𐑲𐑛	daɪsækəraɪd	NN1	RSSB	97	shave_agrees
disaccord	𐑛𐑦𐑕𐑩𐑒𐑹𐑛	dɪsəkɔːRd	VVI	RSSB	97	shave_agrees
disaffect	𐑛𐑦𐑕𐑩𐑓𐑧𐑒𐑑	dɪsəˈfekt	VVI	RSSB	97	shave_agrees
disambiguate	𐑛𐑦𐑕𐑨𐑥𐑚𐑦𐑜𐑿𐑱𐑑	dɪsamˈbɪɡjuːeɪt	VVI	RSSB	97	shave_agrees
disbar	𐑛𐑦𐑕𐑚𐑸	dɪsbɑːR	VVI	RSSB	97	shave_agrees
disbarment	𐑛𐑦𐑕𐑚𐑸𐑥𐑩𐑯𐑑	dɪsbɑːRmənt	NN1	RSSB	97	shave_agrees
discalced	𐑛𐑦𐑕𐑒𐑨𐑤𐑕𐑑	dɪsˈkælst	AJ0	RSSB	97	shave_agrees
discography	𐑛𐑦𐑕𐑒𐑪𐑜𐑮𐑩𐑓𐑦	ˌdɪsˈkɒɡrəfi	NN1	GenAm	97	shave_agrees
disconnection	𐑛𐑦𐑕𐑒𐑩𐑯𐑧𐑒𐑖𐑩𐑯	dɪskəˈnekʃən	NN1	RSSB	97	shave_agrees
discontentment	𐑛𐑦𐑕𐑒𐑩𐑯𐑑𐑧𐑯𐑑𐑥𐑩𐑯𐑑	dɪskənˈtentmənt	NN1	RSSB	97	shave_agrees
discussant	𐑛𐑦𐑕𐑒𐑳𐑕𐑩𐑯𐑑	dɪˈskʌsənt	NN1	RSSB	97	shave_agrees
disgruntlement	𐑛𐑦𐑕𐑜𐑮𐑳𐑯𐑑𐑩𐑤𐑥𐑩𐑯𐑑	dɪsɡrʌntəlmənt	NN1	RSSB	97	shave_agrees
disharmonize	𐑛𐑦𐑕𐑣𐑸𐑥𐑩𐑯𐑲𐑟	dɪsˈhɑːRmənˌaɪz	VVI	GenAm	97	shave_agrees
disintegrative	𐑛𐑦𐑕𐑦𐑯𐑑𐑦𐑜𐑮𐑱𐑑𐑦𐑝	dɪsˈɪntɪˌɡreɪtɪv	AJ0	RSSB	97	shave_agrees
disjoin	𐑛𐑦𐑕𐑡𐑶𐑯	dɪsˈdʒɔɪn	VVI	RSSB	97	shave_agrees
disjunct	𐑛𐑦𐑕𐑡𐑳𐑙𐑒𐑑	dɪsˈdʒʌŋkt	AJ0	RSSB	97	shave_agrees
disjunction	𐑛𐑦𐑕𐑡𐑳𐑙𐑒𐑖𐑩𐑯	dɪsˈdʒʌŋkʃən	NN1	RSSB	97	shave_agrees
diskette	𐑛𐑦𐑕𐑒𐑧𐑑	dɪsˈket	NN1	RSSB	97	shave_agrees
dispassion	𐑛𐑦𐑕𐑐𐑨𐑖𐑩𐑯	dɪsˈpæʃən	NN1	RSSB	97	shave_agrees
dispatcher	𐑛𐑦𐑕𐑐𐑨𐑗𐑼	dɪspætʃəR	NN1	RSSB	97	shave_agrees
dispraise	𐑛𐑦𐑕𐑐𐑮𐑱𐑟	dɪˈspreɪz	NN1	RSSB	97	shave_agrees
dissimilation	𐑛𐑦𐑕𐑦𐑥𐑦𐑤𐑱𐑖𐑩𐑯	ˌdɪsɪmɪˈleɪʃən	NN1	RSSB	97	shave_agrees
distal	𐑛𐑦𐑕𐑑𐑩𐑤	ˈdɪstəl	AJ0	RSSB	97	shave_agrees
distillate	𐑛𐑦𐑕𐑑𐑦𐑤𐑩𐑑	ˈdɪstɪlət	NN1	RSSB	97	shave_agrees
disulfiram	𐑛𐑲𐑕𐑳𐑤𐑓𐑼𐑨𐑥	daɪˈsʌlfəˌræm	NN1	GenAm	97	shave_agrees
disunify	𐑛𐑦𐑕𐑿𐑯𐑦𐑓𐑲	dɪsˈjuːnɪfaɪ	VVI	RSSB	97	shave_agrees
dittany	𐑛𐑦𐑑𐑩𐑯𐑦	ˈdɪtəni	NN1	RSSB	97	shave_agrees
diuretic	𐑛𐑲𐑼𐑧𐑑𐑦𐑒	daɪəretɪk	NN1	RSSB	97	shave_agrees
divalent	𐑛𐑲𐑝𐑱𐑤𐑩𐑯𐑑	daɪˈveɪlənt	AJ0	RSSB	97	shave_agrees
divisibility	𐑛𐑦𐑝𐑦𐑟𐑩𐑚𐑦𐑤𐑦𐑑𐑦	dɪˈvɪzɪbɪlɪti	NN1	RSSB	97	shave_agrees
dobra	𐑛𐑴𐑚𐑮𐑩	dəʊbrə	NN1	RSSB	97	shave_agrees
docent	𐑛𐑴𐑕𐑩𐑯𐑑	ˈdoʊsənt	NN1	GenAm	97	shave_agrees
dodecahedron	𐑛𐑴𐑛𐑧𐑒𐑩𐑣𐑰𐑛𐑮𐑩𐑯	ˌdoʊdekəˈhiːdrən	NN1	GenAm	97	shave_agrees
dogie	𐑛𐑴𐑜𐑦	ˈdoʊɡi	NN1	GenAm	97	shave_agrees
dogleg	𐑛𐑪𐑜𐑤𐑧𐑜	ˈdɒɡˌleɡ	NN1	GenAm	97	shave_agrees
dolman	𐑛𐑪𐑤𐑥𐑩𐑯	ˈdɒlmən	NN1	RSSB	97	shave_agrees
dolomite	𐑛𐑴𐑤𐑩𐑥𐑲𐑑	ˈdoʊləˌmaɪt	NN1	GenAm	97	shave_agrees
dolor	𐑛𐑪𐑤𐑼	dɒləR	NN1	RSSB	97	shave_agrees
dolorous	𐑛𐑪𐑤𐑼𐑩𐑕	dɒlərəs	AJ0	RSSB	97	shave_agrees
dominical	𐑛𐑩𐑥𐑦𐑯𐑦𐑒𐑩𐑤	dəˈmɪnɪkəl	AJ0	RSSB	97	shave_agrees
dongle	𐑛𐑪𐑙𐑜𐑩𐑤	ˈdɒŋɡəl	NN1	GenAm	97	shave_agrees
dork	𐑛𐑹𐑒	dɔːRk	NN1	GenAm	97	shave_agrees
dorm	𐑛𐑹𐑥	dɔːRm	NN1	GenAm	97	shave_agrees
dorsum	𐑛𐑹𐑕𐑩𐑥	ˈdɔːRsəm	NN1	GenAm	97	shave_agrees
dovish	𐑛𐑳𐑝𐑦𐑖	ˈdʌvɪʃ	AJ0	RSSB	97	shave_agrees
dowitcher	𐑛𐑬𐑦𐑗𐑼	daʊɪtʃəR	NN1	RSSB	97	shave_agrees
downer	𐑛𐑬𐑯𐑼	ˈdaʊnəR	NN1	GenAm	97	shave_agrees
downsize	𐑛𐑬𐑯𐑕𐑲𐑟	ˈdaʊnsaɪz	VVI	RSSB	97	shave_agrees
doxycycline	𐑛𐑪𐑒𐑕𐑦𐑕𐑲𐑒𐑤𐑰𐑯	ˌdɒksɪˈsaɪˌkliːn	NN1	GenAm	97	shave_agrees
drafty	𐑛𐑮𐑭𐑓𐑑𐑦	drɑːfti	AJ0	RSSB	97	shave_agrees
driftwood	𐑛𐑮𐑦𐑓𐑑𐑢𐑫𐑛	ˈdrɪftwʊd	NN1	RSSB	97	shave_agrees
droopy	𐑛𐑮𐑵𐑐𐑦	ˈdruːpi	AJ0	RSSB	97	shave_agrees
drouth	𐑛𐑮𐑬𐑔	draʊθ	NN1	RSSB	97	shave_agrees
druthers	𐑛𐑮𐑳𐑞𐑼𐑟	ˈdrʌðəRz	NN1	GenAm	97	shave_agrees
dryas	𐑛𐑮𐑲𐑩𐑕	draɪ+əs	NN1	RSSB	97	shave_agrees
duad	𐑛𐑿𐑨𐑛	ˈdjuːæd	NN1	RSSB	97	shave_agrees
dubitable	𐑛𐑿𐑚𐑦𐑑𐑩𐑚𐑩𐑤	ˈdjuːbɪtəbəl	AJ0	RSSB	97	shave_agrees
dubstep	𐑛𐑳𐑚𐑕𐑑𐑧𐑐	ˈdʌbstep	NN1	RSSB	97	shave_agrees
dudeen	𐑛𐑵𐑛𐑰𐑯	duːˈdiːn	NN1	RSSB	97	shave_agrees
dulse	𐑛𐑳𐑤𐑕	dʌls	NN1	RSSB	97	shave_agrees
dumbass	𐑛𐑳𐑥𐑨𐑕	ˈdʌmæs	NN1	RSSB	97	shave_agrees
duncical	𐑛𐑳𐑯𐑕𐑦𐑒𐑩𐑤	ˈdʌnsɪkəl	AJ0	RSSB	97	shave_agrees
dungaree	𐑛𐑳𐑙𐑜𐑼𐑰	dʌŋɡəriː	NN1	RSSB	97	shave_agrees
dyadic	𐑛𐑲𐑨𐑛𐑦𐑒	daɪˈædɪk	AJ0	GenAm	97	shave_agrees
dysgenic	𐑛𐑦𐑕𐑡𐑧𐑯𐑦𐑒	dɪsˈdʒenɪk	AJ0	RSSB	97	shave_agrees
dyslectic	𐑛𐑦𐑕𐑤𐑧𐑒𐑑𐑦𐑒	dɪsˈlektɪk	AJ0	RSSB	97	shave_agrees
dysmenorrhea	𐑛𐑦𐑕𐑥𐑧𐑯𐑼𐑦𐑩	dɪsmenəri+ə	NN1	RSSB	97	shave_agrees
dysplasia	𐑛𐑦𐑕𐑐𐑤𐑱𐑠𐑩	dɪsˈpleɪʒə	NN1	RSSB	97	shave_agrees
dysplastic	𐑛𐑦𐑕𐑐𐑤𐑨𐑕𐑑𐑦𐑒	dɪsˈplæstɪk	AJ0	RSSB	97	shave_agrees
earless	𐑽𐑤𐑩𐑕	ɪəRləs	AJ0	RSSB	97	shave_agrees
easement	𐑰𐑟𐑥𐑩𐑯𐑑	ˈiːzmənt	NN1	GenAm	97	shave_agrees
eatery	𐑰𐑑𐑼𐑦	iːtəri	NN1	RSSB	97	shave_agrees
echolocation	𐑧𐑒𐑴𐑤𐑴𐑒𐑱𐑖𐑩𐑯	ˌekoʊloʊˈkeɪʃən	NN1	GenAm	97	shave_agrees
eclipsis	𐑦𐑒𐑤𐑦𐑐𐑕𐑦𐑕	ɪˈklɪpsɪs	NN1	RSSB	97	shave_agrees
ectomorph	𐑧𐑒𐑑𐑴𐑥𐑹𐑓	ˈektoʊmɔːrf	NN1	GenAm	97	shave_agrees
ecumenic	𐑰𐑒𐑿𐑥𐑧𐑯𐑦𐑒	iːkjuːˈmenɪk	AJ0	RSSB	97	shave_agrees
efferent	𐑧𐑓𐑼𐑩𐑯𐑑	efərənt	AJ0	RSSB	97	shave_agrees
effloresce	𐑧𐑓𐑤𐑼𐑧𐑕	ˌefləˈres	VVI	GenAm	97	shave_agrees
effortlessness	𐑧𐑓𐑼𐑑𐑤𐑩𐑕𐑯𐑩𐑕	ˈefəRtləsnəs	NN1	GenAm	97	shave_agrees
egest	𐑰𐑡𐑧𐑕𐑑	iːˈdʒest	VVI	RSSB	97	shave_agrees
eggar	𐑧𐑜𐑼	ˈeɡəR	NN1	GenAm	97	shave_agrees
eggnog	𐑧𐑜𐑯𐑪𐑜	ˈeɡnɒɡ	NN1	GenAm	97	shave_agrees
egomaniac	𐑰𐑜𐑴𐑥𐑱𐑯𐑦𐑨𐑒	iːɡoʊˈmeɪniæk	NN1	GenAm	97	shave_agrees
egyptology	𐑰𐑡𐑦𐑐𐑑𐑪𐑤𐑩𐑡𐑦	ˌiːdʒɪpˈtɒlədʒi	NN1	GenAm	97	shave_agrees
eigenvalue	𐑲𐑜𐑩𐑯𐑝𐑨𐑤𐑿	ˈaɪɡənˌvæljuː	NN1	RSSB	97	shave_agrees
einstein	𐑲𐑯𐑕𐑑𐑲𐑯	ˈaɪnstaɪn	NN1	RSSB	97	shave_agrees
einsteinian	𐑲𐑯𐑕𐑑𐑲𐑯𐑦𐑩𐑯	aɪnˈstaɪnɪ+ən	AJ0	RSSB	97	shave_agrees
ejaculator	𐑦𐑡𐑨𐑒𐑘𐑩𐑤𐑱𐑑𐑼	ɪdʒækjəleɪtər	NN1	RSSB	97	shave_agrees
ejective	𐑦𐑡𐑧𐑒𐑑𐑦𐑝	iˈdʒektɪv	NN1	RSSB	97	shave_agrees
eld	𐑧𐑤𐑛	eld	NN1	RSSB	97	shave_agrees
elecampane	𐑧𐑤𐑩𐑒𐑨𐑥𐑐𐑱𐑯	ˌeləkæmˈpeɪn	NN1	GenAm	97	shave_agrees
electioneer	𐑦𐑤𐑧𐑒𐑖𐑩𐑯𐑽	ɪlekʃənɪəR	VVI	RSSB	97	shave_agrees
electrum	𐑦𐑤𐑧𐑒𐑑𐑮𐑩𐑥	ɪlektrəm	NN1	RSSB	97	shave_agrees
elvis	𐑧𐑤𐑝𐑦𐑕	ˈelvɪs	NN1	RSSB	97	shave_agrees
emancipator	𐑦𐑥𐑨𐑯𐑕𐑦𐑐𐑱𐑑𐑼	ɪmænsɪpeɪtəR	NN1	RSSB	97	shave_agrees
embower	𐑦𐑥𐑚𐑬𐑼	embaʊəR	VVI	RSSB	97	shave_agrees
emcee	𐑧𐑥𐑕𐑰	ˌemˈsiː	NN1	RSSB	97	shave_agrees
emesis	𐑧𐑥𐑦𐑕𐑦𐑕	ˈemɪsɪs	NN1	RSSB	97	shave_agrees
emollient	𐑦𐑥𐑪𐑤𐑦𐑩𐑯𐑑	ɪˈmɒlɪ+ənt	AJ0	RSSB	97	shave_agrees
emoticon	𐑦𐑥𐑴𐑑𐑦𐑒𐑪𐑯	ɪˈməʊtɪˌkɒn	NN1	RSSB	97	shave_agrees
emphysema	𐑧𐑥𐑓𐑦𐑕𐑰𐑥𐑩	ˌemfɪˈsiːmə	NN1	GenAm	97	shave_agrees
en	𐑧𐑯	en	NN1	RSSB	97	shave_agrees
enamor	𐑦𐑯𐑨𐑥𐑼	ɪnæməR	VVI	RSSB	97	shave_agrees
enamored	𐑦𐑯𐑨𐑥𐑼𐑛	ɪnæmərd	AJ0	RSSB	97	shave_agrees
enchiridion	𐑦𐑯𐑒𐑲𐑮𐑦𐑛𐑦𐑩𐑯	enkaɪrɪdɪ+ən	NN1	RSSB	97	shave_agrees
enclothe	𐑦𐑯𐑒𐑤𐑴𐑞	enˈkloʊð	VVI	RSSB	97	shave_agrees
encomiastic	𐑦𐑯𐑒𐑴𐑥𐑦𐑨𐑕𐑑𐑦𐑒	enkoʊmiˈæstɪk	AJ0	RSSB	97	shave_agrees
encysted	𐑧𐑯𐑕𐑦𐑕𐑑𐑩𐑛	enˈsɪstƏd	AJ0	RSSB	97	shave_agrees
endmost	𐑧𐑯𐑛𐑥𐑴𐑕𐑑	ˈendˌmoʊst	AJ0	GenAm	97	shave_agrees
endocrinologist	𐑧𐑯𐑛𐑴𐑒𐑮𐑦𐑯𐑪𐑤𐑩𐑡𐑦𐑕𐑑	endəʊkrɪnɒlədʒɪst	NN1	RSSB	97	shave_agrees
endogamy	𐑧𐑯𐑛𐑪𐑜𐑩𐑥𐑦	enˈdɒɡəmi	NN1	RSSB	97	shave_agrees
endomorph	𐑧𐑯𐑛𐑴𐑥𐑹𐑓	ˈendoʊmɔːrf	NN1	GenAm	97	shave_agrees
endorphin	𐑧𐑯𐑛𐑹𐑓𐑦𐑯	endɔːRfɪn	NN1	RSSB	97	shave_agrees
endoscopy	𐑧𐑯𐑛𐑪𐑕𐑒𐑩𐑐𐑦	enˈdɒskəpi	NN1	GenAm	97	shave_agrees
endothermic	𐑧𐑯𐑛𐑴𐑔𐑻𐑥𐑦𐑒	endəʊθɜːRmɪk	AJ0	RSSB	97	shave_agrees
engram	𐑧𐑯𐑜𐑮𐑨𐑥	ˈenˌɡræm	NN1	RSSB	97	shave_agrees
enjambment	𐑦𐑯𐑡𐑨𐑥𐑥𐑩𐑯𐑑	ɪnˈdʒæmmənt	NN1	RSSB	97	shave_agrees
ennead	𐑧𐑯𐑦𐑨𐑛	ˈenɪad	NN1	RSSB	97	shave_agrees
enterolith	𐑧𐑯𐑑𐑼𐑩𐑤𐑦𐑔	entərəlɪθ	NN1	RSSB	97	shave_agrees
enteropathy	𐑧𐑯𐑑𐑼𐑪𐑐𐑩𐑔𐑦	entərɒpəθi	NN1	RSSB	97	shave_agrees
eosin	𐑦𐑩𐑕𐑦𐑯	ˈi+əsɪn	NN1	RSSB	97	shave_agrees
ephedrine	𐑦𐑓𐑧𐑛𐑮𐑦𐑯	ɪˈfedrɪn	NN1	GenAm	97	shave_agrees
ephemeris	𐑦𐑓𐑧𐑥𐑼𐑦𐑕	ɪfemərɪs	NN1	RSSB	97	shave_agrees
epical	𐑧𐑐𐑦𐑒𐑩𐑤	ˈepɪkəl	AJ0	RSSB	97	shave_agrees
epicness	𐑧𐑐𐑦𐑒𐑯𐑩𐑕	ˈepɪknəs	NN1	GenAm	97	shave_agrees
epicycle	𐑧𐑐𐑦𐑕𐑲𐑒𐑩𐑤	ˈepɪˌsaɪkəl	NN1	RSSB	97	shave_agrees
epideictic	𐑧𐑐𐑦𐑛𐑲𐑒𐑑𐑦𐑒	ˌepɪˈdaɪktɪk	AJ0	RSSB	97	shave_agrees
epididymis	𐑧𐑐𐑦𐑛𐑦𐑛𐑦𐑥𐑦𐑕	epiˈdɪdɪmɪs	NN1	RSSB	97	shave_agrees
epidural	𐑧𐑐𐑦𐑛𐑘𐑫𐑼𐑩𐑤	epɪdjʊərəl	AJ0	RSSB	97	shave_agrees
epigraph	𐑧𐑐𐑦𐑜𐑮𐑨𐑓	ˈepɪˌɡræf	NN1	RSSB	97	shave_agrees
epilation	𐑧𐑐𐑦𐑤𐑱𐑖𐑩𐑯	epɪˈleɪʃən	NN1	RSSB	97	shave_agrees
epinephrine	𐑧𐑐𐑦𐑯𐑧𐑓𐑮𐑦𐑯	epɪˈnefrɪn	NN1	RSSB	97	shave_agrees
epiphenomenon	𐑧𐑐𐑦𐑓𐑦𐑯𐑪𐑥𐑦𐑯𐑩𐑯	epɪfɪˈnɒmɪnən	NN1	RSSB	97	shave_agrees
episcopacy	𐑦𐑐𐑦𐑕𐑒𐑩𐑐𐑩𐑕𐑦	ɪˈpɪskəpəsi	NN1	RSSB	97	shave_agrees
epistaxis	𐑧𐑐𐑦𐑕𐑑𐑨𐑒𐑕𐑦𐑕	ˌepɪˈstæksɪs	NN1	RSSB	97	shave_agrees
episteme	𐑧𐑐𐑦𐑕𐑑𐑰𐑥𐑦	ˌepɪˈstiːmi	NN1	RSSB	97	shave_agrees
eponym	𐑧𐑐𐑩𐑯𐑦𐑥	ˈepənɪm	NN1	RSSB	97	shave_agrees
epsilon	𐑧𐑐𐑕𐑦𐑤𐑪𐑯	ˈepsɪˌlɒn	NN1	GenAm	97	shave_agrees
equilibrate	𐑰𐑒𐑢𐑦𐑤𐑦𐑚𐑮𐑱𐑑	iːkwɪˈlɪbreɪt	VVI	RSSB	97	shave_agrees
equivocate	𐑦𐑒𐑢𐑦𐑝𐑩𐑒𐑱𐑑	ɪˈkwɪvəˌkeɪt	VVI	GenAm	97	shave_agrees
ergotamine	𐑻𐑜𐑪𐑑𐑩𐑥𐑰𐑯	ɜːRɡɒtəmiːn	NN1	RSSB	97	shave_agrees
erie	𐑽𐑦	ɪəri	NN1	RSSB	97	shave_agrees
erstwhile	𐑻𐑕𐑑𐑢𐑲𐑤	ɜːRstwaɪl	AJ0	RSSB	97	shave_agrees
erythrocyte	𐑼𐑦𐑔𐑮𐑩𐑕𐑲𐑑	ərɪθrəsaɪt	NN1	RSSB	97	shave_agrees
escalade	𐑧𐑕𐑒𐑩𐑤𐑱𐑛	ˈeskəˌleɪd	NN1	GenAm	97	shave_agrees
eschar	𐑧𐑕𐑒𐑸	ˈeskɑːR	NN1	GenAm	97	shave_agrees
eschatological	𐑧𐑕𐑒𐑩𐑑𐑩𐑤𐑪𐑡𐑦𐑒𐑩𐑤	ˌeskətəˈlɒdʒɪkəl	AJ0	GenAm	97	shave_agrees
eschaton	𐑧𐑕𐑒𐑩𐑑𐑪𐑯	ˈeskəˌtɒn	NN1	GenAm	97	shave_agrees
escrow	𐑧𐑕𐑒𐑮𐑴	ˈeskroʊ	NN1	GenAm	97	shave_agrees
esker	𐑧𐑕𐑒𐑼	ˈeskəR	NN1	GenAm	97	shave_agrees
espial	𐑦𐑕𐑐𐑲𐑩𐑤	ɪˈspaɪ+əl	NN1	RSSB	97	shave_agrees
ester	𐑧𐑕𐑑𐑼	ˈestəR	NN1	GenAm	97	shave_agrees
esthesis	𐑰𐑕𐑔𐑰𐑕𐑦𐑕	iːsˈθiːsɪs	NN1	RSSB	97	shave_agrees
estivate	𐑧𐑕𐑑𐑦𐑝𐑱𐑑	ˈestɪˌveɪt	VVI	RSSB	97	shave_agrees
ethane	𐑰𐑔𐑱𐑯	ˈiːθeɪn	NN1	RSSB	97	shave_agrees
ethane	𐑧𐑔𐑱𐑯	ˈeθeɪn	NN1	GenAm	97	shave_agrees
ethanol	𐑧𐑔𐑩𐑯𐑪𐑤	ˈeθənɒl	NN1	GenAm	97	shave_agrees
etherize	𐑰𐑔𐑼𐑲𐑟	iːθəraɪz	VVI	RSSB	97	shave_agrees
ethicist	𐑧𐑔𐑦𐑕𐑦𐑕𐑑	ˈeθɪsɪst	NN1	RSSB	97	shave_agrees
ethmoid	𐑧𐑔𐑥𐑶𐑛	ˈeθmɔɪd	NN1	RSSB	97	shave_agrees
ethnocentrism	𐑧𐑔𐑯𐑴𐑕𐑧𐑯𐑑𐑮𐑦𐑟𐑩𐑥	eθnəʊsentrɪzəm	NN1	RSSB	97	shave_agrees
etiolate	𐑰𐑑𐑦𐑩𐑤𐑱𐑑	ˈiːti+əleɪt	AJ0	RSSB	97	shave_agrees
eu	𐑰𐑿	ˌiːˈjuː	NN1	RSSB	97	shave_agrees
evaporite	𐑦𐑝𐑨𐑐𐑼𐑲𐑑	ɪvæpəraɪt	NN1	RSSB	97	shave_agrees
exarch	𐑧𐑒𐑕𐑸𐑒	ˈeksɑːRk	NN1	GenAm	97	shave_agrees
executability	𐑧𐑒𐑕𐑦𐑒𐑿𐑑𐑩𐑚𐑦𐑤𐑦𐑑𐑦	ˌeksɪkjuːtəˈbɪlɪti	NN1	RSSB	97	shave_agrees
exegete	𐑧𐑒𐑕𐑦𐑡𐑰𐑑	ˈeksɪdʒiːt	NN1	RSSB	97	shave_agrees
exhaustible	𐑦𐑜𐑟𐑷𐑕𐑑𐑦𐑚𐑩𐑤	ɪɡˈzɔːstɪbəl	AJ0	RSSB	97	shave_agrees
exiguity	𐑧𐑜𐑟𐑦𐑜𐑿𐑦𐑑𐑦	eɡzɪˈɡjuːɪti	NN1	RSSB	97	shave_agrees
expat	𐑧𐑒𐑕𐑐𐑨𐑑	ˈeksˌpæt	NN1	RSSB	97	shave_agrees
exterminator	𐑦𐑒𐑕𐑑𐑻𐑥𐑦𐑯𐑱𐑑𐑼	ɪkˈstɜːRmɪˌneɪtəR	NN1	GenAm	97	shave_agrees
extractor	𐑦𐑒𐑕𐑑𐑮𐑨𐑒𐑑𐑼	ɪkˈstræktəR	NN1	GenAm	97	shave_agrees
extraordinaire	𐑦𐑒𐑕𐑑𐑮𐑹𐑛𐑦𐑯𐑺	ɪkstrɔːRdɪneəR	AJ0	RSSB	97	shave_agrees
exuberate	𐑦𐑜𐑟𐑵𐑚𐑼𐑱𐑑	ɪɡzuːbəreɪt	VVI	RSSB	97	shave_agrees
eyespot	𐑲𐑕𐑐𐑪𐑑	ˈaɪspɒt	NN1	RSSB	97	shave_agrees
eyre	𐑺	eər	NN1	GenAm	97	shave_agrees
facelift	𐑓𐑱𐑕𐑤𐑦𐑓𐑑	ˈfeɪsˌlɪft	NN1	RSSB	97	shave_agrees
facepalm	𐑓𐑱𐑕𐑐𐑭𐑥	ˈfeɪsˌpɑːm	NN1	RSSB	97	shave_agrees
factoid	𐑓𐑨𐑒𐑑𐑶𐑛	ˈfæktɔɪd	NN1	RSSB	97	shave_agrees
facultative	𐑓𐑨𐑒𐑩𐑤𐑑𐑩𐑑𐑦𐑝	ˈfækəltətɪv	AJ0	RSSB	97	shave_agrees
facultative	𐑓𐑨𐑒𐑩𐑤𐑑𐑱𐑑𐑦𐑝	ˈfækəlˌteɪtɪv	AJ0	GenAm	97	shave_agrees
faddish	𐑓𐑨𐑛𐑦𐑖	ˈfædɪʃ	AJ0	RSSB	97	shave_agrees
fagin	𐑓𐑱𐑜𐑦𐑯	ˈfeɪɡɪn	NN1	RSSB	97	shave_agrees
faineance	𐑓𐑱𐑯𐑦𐑩𐑯𐑕	ˈfeɪni+əns	NN1	RSSB	97	shave_agrees
falafel	𐑓𐑩𐑤𐑭𐑓𐑩𐑤	fəˈlɑːfəl	NN1	RSSB	97	shave_agrees
falcate	𐑓𐑨𐑤𐑒𐑱𐑑	ˈfælkeɪt	AJ0	RSSB	97	shave_agrees
fallback	𐑓𐑷𐑤𐑚𐑨𐑒	ˈfɔːlbæk	NN1	RSSB	97	shave_agrees
famishment	𐑓𐑨𐑥𐑦𐑖𐑥𐑩𐑯𐑑	ˈfamɪʃmənt	NN1	RSSB	97	shave_agrees
famotidine	𐑓𐑩𐑥𐑴𐑑𐑦𐑛𐑰𐑯	fəˈmoʊtɪˌdiːn	NN1	GenAm	97	shave_agrees
fandom	𐑓𐑨𐑯𐑛𐑩𐑥	ˈfændəm	NN1	RSSB	97	shave_agrees
fantasize	𐑓𐑨𐑯𐑑𐑩𐑕𐑲𐑟	ˈfæntəˌsaɪz	VVI	RSSB	97	shave_agrees
fantasticalness	𐑓𐑨𐑯𐑑𐑨𐑕𐑑𐑦𐑒𐑩𐑤𐑯𐑩𐑕	fanˈtastɪkəlnəs	NN1	RSSB	97	shave_agrees
faro	𐑓𐑺𐑴	feərəʊ	NN1	RSSB	97	shave_agrees
faroese	𐑓𐑺𐑴𐑰𐑟	feərəʊiːz	NN1	RSSB	97	shave_agrees
fasces	𐑓𐑨𐑕𐑰𐑟	ˈfæsiːz	NN1	RSSB	97	shave_agrees
fathomable	𐑓𐑨𐑞𐑩𐑥𐑩𐑚𐑩𐑤	ˈfæðəməbəl	AJ0	RSSB	97	shave_agrees
fatso	𐑓𐑨𐑑𐑕𐑴	ˈfætsoʊ	NN1	GenAm	97	shave_agrees
favus	𐑓𐑱𐑝𐑩𐑕	ˈfeɪvəs	NN1	RSSB	97	shave_agrees
faze	𐑓𐑱𐑟	feɪz	VVI	RSSB	97	shave_agrees
febrifuge	𐑓𐑧𐑚𐑮𐑦𐑓𐑿𐑡	ˈfebrɪfjuːdʒ	NN1	RSSB	97	shave_agrees
feist	𐑓𐑲𐑕𐑑	faɪst	NN1	RSSB	97	shave_agrees
feisty	𐑓𐑲𐑕𐑑𐑦	ˈfaɪsti	AJ0	RSSB	97	shave_agrees
fella	𐑓𐑧𐑤𐑩	felə	NN1	RSSB	97	shave_agrees
felloe	𐑓𐑧𐑤𐑴	ˈfeloʊ	NN1	GenAm	97	shave_agrees
felly	𐑓𐑧𐑤𐑦	ˈfeli	NN1	RSSB	97	shave_agrees
femaleness	𐑓𐑰𐑥𐑱𐑤𐑯𐑩𐑕	ˈfiːmeɪlnəs	NN1	RSSB	97	shave_agrees
feminize	𐑓𐑧𐑥𐑦𐑯𐑲𐑟	ˈfemɪnaɪz	VVI	RSSB	97	shave_agrees
fermion	𐑓𐑻𐑥𐑦𐑪𐑯	fɜːRmɪɒn	NN1	RSSB	97	shave_agrees
fervor	𐑓𐑻𐑝𐑼	ˈfɜːRvəR	NN1	GenAm	97	shave_agrees
fescue	𐑓𐑧𐑕𐑒𐑿	ˈfeskjuː	NN1	RSSB	97	shave_agrees
feudalize	𐑓𐑿𐑛𐑩𐑤𐑲𐑟	ˈfjuːdəlaɪz	VVI	RSSB	97	shave_agrees
fibrin	𐑓𐑲𐑚𐑮𐑦𐑯	ˈfaɪbrɪn	NN1	RSSB	97	shave_agrees
fictionalization	𐑓𐑦𐑒𐑖𐑩𐑯𐑩𐑤𐑲𐑟𐑱𐑖𐑩𐑯	ˌfɪkʃənəlaɪˈzeɪʃən	NN1	RSSB	97	shave_agrees
fictive	𐑓𐑦𐑒𐑑𐑦𐑝	ˈfɪktɪv	AJ0	RSSB	97	shave_agrees
ficus	𐑓𐑲𐑒𐑩𐑕	ˈfaɪkəs	NN1	RSSB	97	shave_agrees
fiefdom	𐑓𐑰𐑓𐑛𐑩𐑥	ˈfiːfdəm	NN1	RSSB	97	shave_agrees
fieldfare	𐑓𐑰𐑤𐑛𐑓𐑺	fiːldfeəR	NN1	RSSB	97	shave_agrees
fifo	𐑓𐑲𐑓𐑴	ˈfaɪfoʊ	NN1	GenAm	97	shave_agrees
filicide	𐑓𐑦𐑤𐑦𐑕𐑲𐑛	ˈfɪlɪsaɪd	NN1	RSSB	97	shave_agrees
fimbria	𐑓𐑦𐑥𐑚𐑮𐑦𐑩	fɪmbri+ə	NN1	RSSB	97	shave_agrees
fingerpost	𐑓𐑦𐑙𐑜𐑼𐑐𐑴𐑕𐑑	fɪŋɡəRpəʊst	NN1	RSSB	97	shave_agrees
finial	𐑓𐑦𐑯𐑦𐑩𐑤	ˈfɪni+əl	NN1	RSSB	97	shave_agrees
finisher	𐑓𐑦𐑯𐑦𐑖𐑼	ˈfɪnɪʃəR	NN1	GenAm	97	shave_agrees
fipple	𐑓𐑦𐑐𐑩𐑤	ˈfɪpəl	NN1	RSSB	97	shave_agrees
firebase	𐑓𐑲𐑼𐑚𐑱𐑕	ˈfaɪəRˌbeɪs	NN1	GenAm	97	shave_agrees
firelock	𐑓𐑲𐑼𐑤𐑪𐑒	faɪəRlɒk	NN1	RSSB	97	shave_agrees
fisc	𐑓𐑦𐑕𐑒	fɪsk	NN1	RSSB	97	shave_agrees
fishhook	𐑓𐑦𐑖𐑣𐑫𐑒	ˈfɪʃˌhʊk	NN1	RSSB	97	shave_agrees
fistfight	𐑓𐑦𐑕𐑑𐑓𐑲𐑑	ˈfɪstˌfaɪt	NN1	RSSB	97	shave_agrees
fistmele	𐑓𐑦𐑕𐑑𐑥𐑰𐑤	ˈfɪstˌmiːl	NN1	RSSB	97	shave_agrees
flab	𐑓𐑤𐑨𐑚	flæb	NN1	RSSB	97	shave_agrees
flagellum	𐑓𐑤𐑩𐑡𐑧𐑤𐑩𐑥	fləˈdʒeləm	NN1	RSSB	97	shave_agrees
flamen	𐑓𐑤𐑱𐑥𐑩𐑯	ˈfleɪmən	NN1	RSSB	97	shave_agrees
flamenco	𐑓𐑤𐑩𐑥𐑧𐑙𐑒𐑴	fləˈmeŋkəʊ	NN1	RSSB	97	shave_agrees
flanker	𐑓𐑤𐑨𐑙𐑒𐑼	flæŋkəR	NN1	RSSB	97	shave_agrees
flashcard	𐑓𐑤𐑨𐑖𐑒𐑸𐑛	ˈflæʃˌkɑːRd	NN1	GenAm	97	shave_agrees
flatmate	𐑓𐑤𐑨𐑑𐑥𐑱𐑑	ˈflætmeɪt	NN1	RSSB	97	shave_agrees
flavonoid	𐑓𐑤𐑱𐑝𐑩𐑯𐑶𐑛	ˈfleɪvənɔɪd	NN1	RSSB	97	shave_agrees
flavorsome	𐑓𐑤𐑱𐑝𐑼𐑕𐑩𐑥	ˈfleɪvəRsəm	AJ0	GenAm	97	shave_agrees
fleabane	𐑓𐑤𐑰𐑚𐑱𐑯	ˈfliːbeɪn	NN1	RSSB	97	shave_agrees
fleming	𐑓𐑤𐑧𐑥𐑦𐑙	ˈflemɪŋ	NN1	RSSB	97	shave_agrees
flense	𐑓𐑤𐑧𐑯𐑕	flens	VVI	RSSB	97	shave_agrees
flintlock	𐑓𐑤𐑦𐑯𐑑𐑤𐑪𐑒	ˈflɪntˌlɒk	NN1	RSSB	97	shave_agrees
flitch	𐑓𐑤𐑦𐑗	flɪtʃ	NN1	RSSB	97	shave_agrees
floater	𐑓𐑤𐑴𐑑𐑼	ˈfloʊtər	NN1	GenAm	97	shave_agrees
flogger	𐑓𐑤𐑪𐑜𐑼	flɒɡəR	NN1	GenAm	97	shave_agrees
flophouse	𐑓𐑤𐑪𐑐𐑣𐑬𐑕	ˈflɒphaʊs	NN1	RSSB	97	shave_agrees
fomenter	𐑓𐑴𐑥𐑧𐑯𐑑𐑼	foʊˈmentəR	NN1	GenAm	97	shave_agrees
fomite	𐑓𐑴𐑥𐑲𐑑	ˈfoʊmaɪt	NN1	GenAm	97	shave_agrees
foodie	𐑓𐑵𐑛𐑦	ˈfuːdi	NN1	RSSB	97	shave_agrees
footbath	𐑓𐑫𐑑𐑚𐑭𐑔	ˈfʊtbɑːθ	NN1	RSSB	97	shave_agrees
forehanded	𐑓𐑹𐑣𐑨𐑯𐑛𐑩𐑛	fɔːRhandƏd	AJ0	RSSB	97	shave_agrees
foremilk	𐑓𐑹𐑥𐑦𐑤𐑒	fɔːRmɪlk	NN1	RSSB	97	shave_agrees
foreplay	𐑓𐑹𐑐𐑤𐑱	fɔːRpleɪ	NN1	RSSB	97	shave_agrees
foreshow	𐑓𐑹𐑖𐑴	fɔːRʃəʊ	VVI	RSSB	97	shave_agrees
forfend	𐑓𐑹𐑓𐑧𐑯𐑛	fɔːRfend	VVI	RSSB	97	shave_agrees
forint	𐑓𐑹𐑦𐑯𐑑	ˈfɔːRɪnt	NN1	GenAm	97	shave_agrees
fornicator	𐑓𐑹𐑯𐑦𐑒𐑱𐑑𐑼	fɔːRnɪkeɪtəR	NN1	RSSB	97	shave_agrees
foxily	𐑓𐑪𐑒𐑕𐑦𐑤𐑦	ˈfɒksɪli	AV0	RSSB	97	shave_agrees
frangible	𐑓𐑮𐑨𐑯𐑡𐑩𐑚𐑩𐑤	ˈfrændʒəbəl	AJ0	GenAm	97	shave_agrees
frankish	𐑓𐑮𐑨𐑙𐑒𐑦𐑖	ˈfræŋkɪʃ	AJ0	RSSB	97	shave_agrees
frat	𐑓𐑮𐑨𐑑	fræt	NN1	RSSB	97	shave_agrees
freebie	𐑓𐑮𐑰𐑚𐑦	ˈfriːbi	NN1	RSSB	97	shave_agrees
freeload	𐑓𐑮𐑰𐑤𐑴𐑛	ˈfriːloʊd	VVI	RSSB	97	shave_agrees
freeloader	𐑓𐑮𐑰𐑤𐑴𐑛𐑼	ˈfriːloʊdəR	NN1	GenAm	97	shave_agrees
frenchify	𐑓𐑮𐑧𐑯𐑗𐑦𐑓𐑲	ˈfrentʃɪfaɪ	VVI	RSSB	97	shave_agrees
frenchness	𐑓𐑮𐑧𐑯𐑗𐑯𐑩𐑕	frentʃnəs	NN1	RSSB	97	shave_agrees
friary	𐑓𐑮𐑲𐑼𐑦	fraɪəri	NN1	RSSB	97	shave_agrees
frisian	𐑓𐑮𐑦𐑠𐑩𐑯	frɪʒən	AJ0	RSSB	97	shave_agrees
frontlet	𐑓𐑮𐑳𐑯𐑑𐑤𐑩𐑑	frʌntlət	NN1	RSSB	97	shave_agrees
fuckhead	𐑓𐑳𐑒𐑣𐑧𐑛	ˈfʌkˌhed	NN1	RSSB	97	shave_agrees
fuckup	𐑓𐑳𐑒𐑳𐑐	ˈfʌkʌp	NN1	RSSB	97	shave_agrees
fuji	𐑓𐑵𐑡𐑦	fuːdʒi	NN1	RSSB	97	shave_agrees
fulgurous	𐑓𐑫𐑤𐑜𐑼𐑩𐑕	fʊlɡərəs	AJ0	RSSB	97	shave_agrees
fungible	𐑓𐑳𐑯𐑡𐑩𐑚𐑩𐑤	ˈfʌndʒɪbəl	AJ0	RSSB	97	shave_agrees
futuristic	𐑓𐑿𐑗𐑼𐑦𐑕𐑑𐑦𐑒	fjuːtʃəRɪstɪk	AJ0	RSSB	97	shave_agrees
gaba	𐑜𐑨𐑚𐑩	ˈɡæbə	NN1	RSSB	97	shave_agrees
gabapentin	𐑜𐑨𐑚𐑩𐑐𐑧𐑯𐑑𐑦𐑯	ˈɡæbəˌpentɪn	NN1	GenAm	97	shave_agrees
gabbro	𐑜𐑨𐑚𐑮𐑴	ˈɡabrəʊ	NN1	RSSB	97	shave_agrees
gabby	𐑜𐑨𐑚𐑦	ˈɡæbi	AJ0	RSSB	97	shave_agrees
gabfest	𐑜𐑨𐑚𐑓𐑧𐑕𐑑	ˈɡæbˌfest	NN1	GenAm	97	shave_agrees
gadoid	𐑜𐑱𐑛𐑶𐑛	ˈɡeɪdɔɪd	NN1	RSSB	97	shave_agrees
gaffsail	𐑜𐑨𐑓𐑕𐑱𐑤	ˈɡæfseɪl	NN1	RSSB	97	shave_agrees
gainer	𐑜𐑱𐑯𐑼	ˈɡeɪnəR	NN1	GenAm	97	shave_agrees
galactagogue	𐑜𐑩𐑤𐑨𐑒𐑑𐑩𐑜𐑪𐑜	ɡəˈlæktəɡɒɡ	NN1	GenAm	97	shave_agrees
galena	𐑜𐑩𐑤𐑰𐑯𐑩	ɡəˈliːnə	NN1	RSSB	97	shave_agrees
gallamine	𐑜𐑨𐑤𐑩𐑥𐑰𐑯	ˈɡæləˌmiːn	NN1	GenAm	97	shave_agrees
gallinule	𐑜𐑨𐑤𐑦𐑯𐑿𐑤	ˈɡælɪnjuːl	NN1	RSSB	97	shave_agrees
galvanometer	𐑜𐑨𐑤𐑝𐑩𐑯𐑪𐑥𐑦𐑑𐑼	ɡælvənɒmɪtəR	NN1	RSSB	97	shave_agrees
gameboard	𐑜𐑱𐑥𐑚𐑹𐑛	ˈɡeɪmbɔːRd	NN1	GenAm	97	shave_agrees
gamey	𐑜𐑱𐑥𐑦	ˈɡeɪmi	AJ0	RSSB	97	shave_agrees
gamin	𐑜𐑨𐑥𐑦𐑯	ˈɡæmɪn	NN1	RSSB	97	shave_agrees
ganymede	𐑜𐑨𐑯𐑦𐑥𐑰𐑛	ˈɡænɪmiːd	NN1	RSSB	97	shave_agrees
garbanzo	𐑜𐑸𐑚𐑭𐑯𐑟𐑴	ɡɑːRbɑːnzoʊ	NN1	RSSB	97	shave_agrees
garlicky	𐑜𐑸𐑤𐑦𐑒𐑦	ˈɡɑːRlɪki	AJ0	GenAm	97	shave_agrees
gaskin	𐑜𐑨𐑕𐑒𐑦𐑯	ˈɡæskɪn	NN1	RSSB	97	shave_agrees
gasohol	𐑜𐑨𐑕𐑩𐑣𐑪𐑤	ˈɡæsəˌhɒl	NN1	GenAm	97	shave_agrees
gastrointestinal	𐑜𐑨𐑕𐑑𐑮𐑴𐑦𐑯𐑑𐑧𐑕𐑑𐑦𐑯𐑩𐑤	ɡæstrəʊɪntestɪnəl	AJ0	RSSB	97	shave_agrees
gator	𐑜𐑱𐑑𐑼	ɡeɪtəR	NN1	RSSB	97	shave_agrees
gaudery	𐑜𐑷𐑛𐑼𐑦	ɡɔːdəri	NN1	RSSB	97	shave_agrees
gaur	𐑜𐑬𐑼	ɡaʊər	NN1	GenAm	97	shave_agrees
gaussian	𐑜𐑬𐑕𐑦𐑩𐑯	ˈɡaʊsi+ən	AJ0	RSSB	97	shave_agrees
gayly	𐑜𐑱𐑤𐑦	ˈɡeɪli	AV0	RSSB	97	shave_agrees
gazebo	𐑜𐑩𐑟𐑰𐑚𐑴	ɡəˈziːboʊ	NN1	GenAm	97	shave_agrees
gazillion	𐑜𐑩𐑟𐑦𐑤𐑘𐑩𐑯	ɡəˈzɪljən	NN1	RSSB	97	shave_agrees
gemstone	𐑡𐑧𐑥𐑕𐑑𐑴𐑯	ˈdʒemˌstoʊn	NN1	GenAm	97	shave_agrees
genetical	𐑡𐑦𐑯𐑧𐑑𐑦𐑒𐑩𐑤	dʒəˈnetɪkəl	AJ0	RSSB	97	shave_agrees
gentrification	𐑡𐑧𐑯𐑑𐑮𐑦𐑓𐑦𐑒𐑱𐑖𐑩𐑯	dʒentrɪfɪkeɪʃən	NN1	RSSB	97	shave_agrees
gentrify	𐑡𐑧𐑯𐑑𐑮𐑦𐑓𐑲	ˈdʒentrɪfaɪ	VVI	RSSB	97	shave_agrees
genu	𐑡𐑧𐑯𐑿	ˈdʒenjuː	NN1	RSSB	97	shave_agrees
geode	𐑡𐑰𐑴𐑛	ˈdʒiːoʊd	NN1	GenAm	97	shave_agrees
geophyte	𐑡𐑰𐑴𐑓𐑲𐑑	ˈdʒiːoʊˌfaɪt	NN1	GenAm	97	shave_agrees
gerbil	𐑡𐑻𐑚𐑩𐑤	ˈdʒɜːRbəl	NN1	GenAm	97	shave_agrees
gettable	𐑜𐑧𐑑𐑩𐑚𐑩𐑤	ˈɡetəbəl	AJ0	RSSB	97	shave_agrees
gewgaw	𐑜𐑿𐑜𐑷	ˈɡjuːɡɔː	NN1	RSSB	97	shave_agrees
ghettoize	𐑜𐑧𐑑𐑴𐑲𐑟	ˈɡetoʊaɪz	VVI	GenAm	97	shave_agrees
ghillie	𐑜𐑦𐑤𐑦	ˈɡɪli	NN1	RSSB	97	shave_agrees
ghrelin	𐑜𐑮𐑧𐑤𐑦𐑯	ˈɡrelɪn	NN1	RSSB	97	shave_agrees
gib	𐑜𐑦𐑚	ɡɪb	NN1	RSSB	97	shave_agrees
gibson	𐑜𐑦𐑚𐑕𐑩𐑯	ˈɡɪbsən	NN1	RSSB	97	shave_agrees
gigabit	𐑜𐑦𐑜𐑩𐑚𐑦𐑑	ˈɡɪɡəbɪt	NN1	GenAm	97	shave_agrees
gilled	𐑜𐑦𐑤𐑛	ɡɪld	AJ0	RSSB	97	shave_agrees
gimp	𐑜𐑦𐑥𐑐	ɡɪmp	NN1	RSSB	97	shave_agrees
gingiva	𐑡𐑦𐑯𐑡𐑦𐑝𐑩	ˈdʒɪndʒɪvə	NN1	RSSB	97	shave_agrees
ginkgo	𐑜𐑦𐑙𐑒𐑴	ˈɡɪŋkəʊ	NN1	RSSB	97	shave_agrees
gizmo	𐑜𐑦𐑟𐑥𐑴	ˈɡɪzmoʊ	NN1	GenAm	97	shave_agrees
glamping	𐑜𐑤𐑨𐑥𐑐𐑦𐑙	ˈɡlæmpɪŋ	NN1	GenAm	97	shave_agrees
glans	𐑜𐑤𐑨𐑯𐑟	ɡlænz	NN1	RSSB	97	shave_agrees
glary	𐑜𐑤𐑺𐑦	ɡleəri	AJ0	RSSB	97	shave_agrees
gleet	𐑜𐑤𐑰𐑑	ɡliːt	NN1	RSSB	97	shave_agrees
glioma	𐑜𐑤𐑲𐑴𐑥𐑩	ɡlaɪˈəʊmə	NN1	RSSB	97	shave_agrees
glitz	𐑜𐑤𐑦𐑑𐑕	ɡlɪts	NN1	RSSB	97	shave_agrees
glob	𐑜𐑤𐑪𐑚	ɡlɒb	NN1	GenAm	97	shave_agrees
globalisation	𐑜𐑤𐑴𐑚𐑩𐑤𐑲𐑟𐑱𐑖𐑩𐑯	ˌɡloʊbəlaɪˈzeɪʃən	NN1	RSSB	97	shave_agrees
globin	𐑜𐑤𐑴𐑚𐑦𐑯	ˈɡləʊbɪn	NN1	RSSB	97	shave_agrees
glogg	𐑜𐑤𐑪𐑜	ɡlɒɡ	NN1	RSSB	97	shave_agrees
glossitis	𐑜𐑤𐑪𐑕𐑲𐑑𐑦𐑕	ɡlɒˈsaɪtɪs	NN1	RSSB	97	shave_agrees
glug	𐑜𐑤𐑳𐑜	ɡlʌɡ	VVI	RSSB	97	shave_agrees
gluon	𐑜𐑤𐑵𐑪𐑯	ˈɡluːɒn	NN1	RSSB	97	shave_agrees
glute	𐑜𐑤𐑵𐑑	ɡluːt	NN1	RSSB	97	shave_agrees
glyceride	𐑜𐑤𐑦𐑕𐑼𐑲𐑛	ˈɡlɪsəraɪd	NN1	GenAm	97	shave_agrees
glycol	𐑜𐑤𐑲𐑒𐑪𐑤	ˈɡlaɪkɒl	NN1	RSSB	97	shave_agrees
gneiss	𐑯𐑲𐑕	ˈnaɪs	NN1	RSSB	97	shave_agrees
gnosis	𐑯𐑴𐑕𐑦𐑕	ˈnəʊsɪs	NN1	RSSB	97	shave_agrees
gobsmacked	𐑜𐑪𐑚𐑕𐑥𐑨𐑒𐑑	ˈɡɒbsmækt	AJ0	RSSB	97	shave_agrees
godwit	𐑜𐑪𐑛𐑢𐑦𐑑	ˈɡɒdwɪt	NN1	RSSB	97	shave_agrees
goer	𐑜𐑴𐑼	ˈɡoʊəR	NN1	GenAm	97	shave_agrees
gofer	𐑜𐑴𐑓𐑼	ˈɡoʊfəR	NN1	GenAm	97	shave_agrees
goiter	𐑜𐑶𐑑𐑼	ˈɡɔɪtəR	NN1	GenAm	97	shave_agrees
goitrogen	𐑜𐑶𐑑𐑮𐑩𐑡𐑩𐑯	ɡɔɪtrədʒən	NN1	RSSB	97	shave_agrees
golconda	𐑜𐑪𐑤𐑒𐑪𐑯𐑛𐑩	ɡɒlˈkɒndə	NN1	GenAm	97	shave_agrees
gonococcus	𐑜𐑪𐑯𐑩𐑒𐑪𐑒𐑩𐑕	ˈɡɒnəˌkɒkəs	NN1	RSSB	97	shave_agrees
gonzo	𐑜𐑪𐑯𐑟𐑴	ˈɡɒnzoʊ	AJ0	GenAm	97	shave_agrees
goober	𐑜𐑵𐑚𐑼	ɡuːbəR	NN1	RSSB	97	shave_agrees
goop	𐑜𐑵𐑐	ɡuːp	NN1	RSSB	97	shave_agrees
goosefoot	𐑜𐑵𐑕𐑓𐑫𐑑	ˈɡuːsfʊt	NN1	RSSB	97	shave_agrees
goshawk	𐑜𐑪𐑕𐑣𐑷𐑒	ˈɡɒshɔːk	NN1	RSSB	97	shave_agrees
gouger	𐑜𐑬𐑡𐑼	ˈɡaʊdʒəR	NN1	GenAm	97	shave_agrees
goy	𐑜𐑶	ɡɔɪ	NN1	RSSB	97	shave_agrees
grabby	𐑜𐑮𐑨𐑚𐑦	ˈɡræbi	AJ0	GenAm	97	shave_agrees
gracile	𐑜𐑮𐑨𐑕𐑲𐑤	ˈɡræˌsaɪl	AJ0	GenAm	97	shave_agrees
grackle	𐑜𐑮𐑨𐑒𐑩𐑤	ˈɡrækəl	NN1	GenAm	97	shave_agrees
grad	𐑜𐑮𐑨𐑛	ɡræd	NN1	RSSB	97	shave_agrees
gradable	𐑜𐑮𐑱𐑛𐑩𐑚𐑩𐑤	ɡreɪdəbəl	AJ0	RSSB	97	shave_agrees
graham	𐑜𐑮𐑱𐑩𐑥	ɡreɪ+əm	NN1	RSSB	97	shave_agrees
grainy	𐑜𐑮𐑱𐑯𐑦	ˈɡreɪni	AJ0	RSSB	97	shave_agrees
granger	𐑜𐑮𐑱𐑯𐑡𐑼	ɡreɪndʒəR	NN1	RSSB	97	shave_agrees
gravedigger	𐑜𐑮𐑱𐑝𐑛𐑦𐑜𐑼	ˈɡreɪvˌdɪɡər	NN1	GenAm	97	shave_agrees
graverobber	𐑜𐑮𐑱𐑝𐑮𐑪𐑚𐑼	ˈɡreɪvˌrɒbəR	NN1	GenAm	97	shave_agrees
grayish	𐑜𐑮𐑱𐑦𐑖	ˈɡreɪɪʃ	AJ0	RSSB	97	shave_agrees
greasewood	𐑜𐑮𐑰𐑕𐑢𐑫𐑛	ˈɡriːswʊd	NN1	RSSB	97	shave_agrees
greening	𐑜𐑮𐑰𐑯𐑦𐑙	ˈɡriːnɪŋ	NN1	RSSB	97	shave_agrees
greenness	𐑜𐑮𐑰𐑯𐑯𐑩𐑕	ɡriːnnəs	NN1	RSSB	97	shave_agrees
greensand	𐑜𐑮𐑰𐑯𐑕𐑨𐑯𐑛	ˈɡriːnsænd	NN1	GenAm	97	shave_agrees
grenadine	𐑜𐑮𐑧𐑯𐑩𐑛𐑰𐑯	ɡrenədiːn	NN1	RSSB	97	shave_agrees
greyback	𐑜𐑮𐑱𐑚𐑨𐑒	ˈɡreɪbak	NN1	RSSB	97	shave_agrees
greylag	𐑜𐑮𐑱𐑤𐑨𐑜	ˈɡreɪlæɡ	NN1	RSSB	97	shave_agrees
grifter	𐑜𐑮𐑦𐑓𐑑𐑼	ˈɡrɪftəR	NN1	GenAm	97	shave_agrees
grimoire	𐑜𐑮𐑦𐑥𐑢𐑸	ˈɡrɪmˌwɑːr	NN1	GenAm	97	shave_agrees
gringo	𐑜𐑮𐑦𐑙𐑜𐑴	ɡrɪŋɡəʊ	NN1	RSSB	97	shave_agrees
gripe	𐑜𐑮𐑲𐑐	ɡraɪp	NN1	RSSB	97	shave_agrees
grissino	𐑜𐑮𐑦𐑕𐑰𐑯𐑴	ɡrɪˈsiːnəʊ	NN1	RSSB	97	shave_agrees
grok	𐑜𐑮𐑪𐑒	ˈɡrɒk	VVI	GenAm	97	shave_agrees
grosgrain	𐑜𐑮𐑴𐑜𐑮𐑱𐑯	ˈɡrəʊɡreɪn	NN1	RSSB	97	shave_agrees
grotesquerie	𐑜𐑮𐑴𐑑𐑧𐑕𐑒𐑼𐑦	ɡrəʊteskəri	NN1	RSSB	97	shave_agrees
grounder	𐑜𐑮𐑬𐑯𐑛𐑼	ɡraʊndəR	NN1	RSSB	97	shave_agrees
groupthink	𐑜𐑮𐑵𐑐𐑔𐑦𐑙𐑒	ˈɡruːpθɪŋk	NN1	RSSB	97	shave_agrees
grout	𐑜𐑮𐑬𐑑	ɡraʊt	NN1	RSSB	97	shave_agrees
grume	𐑜𐑮𐑵𐑥	ɡruːm	NN1	RSSB	97	shave_agrees
grump	𐑜𐑮𐑳𐑥𐑐	ɡrʌmp	NN1	RSSB	97	shave_agrees
grunge	𐑜𐑮𐑳𐑯𐑡	ɡrʌndʒ	NN1	RSSB	97	shave_agrees
grungy	𐑜𐑮𐑳𐑯𐑡𐑦	ˈɡrʌndʒi	AJ0	RSSB	97	shave_agrees
guan	𐑜𐑢𐑭𐑯	ɡwɑːn	NN1	RSSB	97	shave_agrees
guanine	𐑜𐑢𐑭𐑯𐑰𐑯	ˈɡwɑːniːn	NN1	RSSB	97	shave_agrees
guaranine	𐑜𐑢𐑸𐑩𐑯𐑰𐑯	ɡwɑːrəniːn	NN1	RSSB	97	shave_agrees
guernsey	𐑜𐑻𐑯𐑟𐑦	ˈɡɜːRnzi	NN1	GenAm	97	shave_agrees
gumdrop	𐑜𐑳𐑥𐑛𐑮𐑪𐑐	ˈɡʌmdrɒp	NN1	RSSB	97	shave_agrees
gunite	𐑜𐑳𐑯𐑲𐑑	ˈɡʌnaɪt	NN1	RSSB	97	shave_agrees
gunk	𐑜𐑳𐑙𐑒	ɡʌŋk	NN1	RSSB	97	shave_agrees
gunlock	𐑜𐑳𐑯𐑤𐑪𐑒	ˈɡʌnˌlɒk	NN1	RSSB	97	shave_agrees
gunnel	𐑜𐑳𐑯𐑩𐑤	ˈɡʌnəl	NN1	RSSB	97	shave_agrees
guppy	𐑜𐑳𐑐𐑦	ˈɡʌpi	NN1	RSSB	97	shave_agrees
gurnard	𐑜𐑻𐑯𐑼𐑛	ɡɜːRnəRd	NN1	RSSB	97	shave_agrees
gutsy	𐑜𐑳𐑑𐑕𐑦	ˈɡʌtsi	AJ0	RSSB	97	shave_agrees
gynarchy	𐑜𐑲𐑯𐑸𐑒𐑦	ˈɡaɪˌnɑːRki	NN1	GenAm	97	shave_agrees
gynecology	𐑜𐑲𐑯𐑩𐑒𐑪𐑤𐑩𐑡𐑦	ˌɡaɪnəˈkɒlədʒi	NN1	GenAm	97	shave_agrees
habergeon	𐑣𐑨𐑚𐑼𐑡𐑩𐑯	habəRdʒən	NN1	RSSB	97	shave_agrees
hackamore	𐑣𐑨𐑒𐑩𐑥𐑹	hækəmɔːR	NN1	RSSB	97	shave_agrees
hackle	𐑣𐑨𐑒𐑩𐑤	ˈhækəl	NN1	GenAm	97	shave_agrees
hadal	𐑣𐑱𐑛𐑩𐑤	ˈheɪdəl	AJ0	RSSB	97	shave_agrees
hadron	𐑣𐑨𐑛𐑮𐑪𐑯	ˈhædrɒn	NN1	GenAm	97	shave_agrees
haem	𐑣𐑰𐑥	hiːm	NN1	RSSB	97	shave_agrees
haemoglobinopathy	𐑣𐑰𐑥𐑩𐑜𐑤𐑴𐑚𐑦𐑯𐑪𐑐𐑩𐑔𐑦	ˌhiːməˌɡloʊbɪˈnɒpəθi	NN1	GenAm	97	shave_agrees
haggardly	𐑣𐑨𐑜𐑼𐑛𐑤𐑦	hæɡəRdli	AV0	RSSB	97	shave_agrees
hagiographer	𐑣𐑱𐑡𐑦𐑪𐑜𐑮𐑩𐑓𐑼	ˌheɪdʒiˈɒɡrəfər	NN1	GenAm	97	shave_agrees
hagiography	𐑣𐑨𐑜𐑦𐑪𐑜𐑮𐑩𐑓𐑦	ˌhæɡiˈɒɡrəfi	NN1	GenAm	97	shave_agrees
hagiolatry	𐑣𐑨𐑜𐑦𐑪𐑤𐑩𐑑𐑮𐑦	haɡiɒlətri	NN1	RSSB	97	shave_agrees
haida	𐑣𐑲𐑛𐑩	ˈhaɪdə	NN1	RSSB	97	shave_agrees
haiku	𐑣𐑲𐑒𐑵	ˈhaɪkuː	NN1	RSSB	97	shave_agrees
hairsbreadth	𐑣𐑺𐑟𐑚𐑮𐑧𐑛𐑔	heərzbredθ	NN1	RSSB	97	shave_agrees
halite	𐑣𐑨𐑤𐑲𐑑	ˈhælaɪt	NN1	RSSB	97	shave_agrees
halogen	𐑣𐑨𐑤𐑩𐑡𐑩𐑯	ˈhælədʒən	NN1	GenAm	97	shave_agrees
haloperidol	𐑣𐑨𐑤𐑩𐑐𐑧𐑮𐑦𐑛𐑪𐑤	haləperɪdɒl	NN1	RSSB	97	shave_agrees
halothane	𐑣𐑨𐑤𐑩𐑔𐑱𐑯	ˈhæləθeɪn	NN1	RSSB	97	shave_agrees
hamartia	𐑣𐑩𐑥𐑸𐑑𐑦𐑩	həmɑːRti+ə	NN1	RSSB	97	shave_agrees
handout	𐑣𐑨𐑯𐑛𐑬𐑑	ˈhændaʊt	NN1	RSSB	97	shave_agrees
hankie	𐑣𐑨𐑙𐑒𐑦	ˈhæŋki	NN1	RSSB	97	shave_agrees
happenstance	𐑣𐑨𐑐𐑩𐑯𐑕𐑑𐑨𐑯𐑕	ˈhæpənˌstæns	NN1	GenAm	97	shave_agrees
haptic	𐑣𐑨𐑐𐑑𐑦𐑒	ˈhæptɪk	AJ0	RSSB	97	shave_agrees
hardscrabble	𐑣𐑸𐑛𐑕𐑒𐑮𐑨𐑚𐑩𐑤	ˈhɑːRdˌskræbəl	AJ0	GenAm	97	shave_agrees
hausa	𐑣𐑬𐑕𐑩	ˈhaʊsə	NN1	RSSB	97	shave_agrees
hawala	𐑣𐑩𐑢𐑭𐑤𐑩	həˈwɑːlə	NN1	RSSB	97	shave_agrees
hawse	𐑣𐑷𐑟	hɔːz	NN1	RSSB	97	shave_agrees
hazelnut	𐑣𐑱𐑟𐑩𐑤𐑯𐑳𐑑	ˈheɪzəlnʌt	NN1	RSSB	97	shave_agrees
hazelwood	𐑣𐑱𐑟𐑩𐑤𐑢𐑫𐑛	ˈheɪzəlwʊd	NN1	RSSB	97	shave_agrees
hazmat	𐑣𐑨𐑟𐑥𐑨𐑑	ˈhæzˌmæt	NN1	GenAm	97	shave_agrees
headbutt	𐑣𐑧𐑛𐑚𐑳𐑑	ˈhedbʌt	VVI	RSSB	97	shave_agrees
heartbreaker	𐑣𐑸𐑑𐑚𐑮𐑱𐑒𐑼	hɑːRtbreɪkəR	NN1	GenAm	97	shave_agrees
hearthstone	𐑣𐑸𐑔𐑕𐑑𐑴𐑯	ˈhɑːRθstoʊn	NN1	GenAm	97	shave_agrees
heaver	𐑣𐑰𐑝𐑼	hiːvəR	NN1	RSSB	97	shave_agrees
hebe	𐑣𐑰𐑚	ˈhiːb	NN1	RSSB	97	shave_agrees
heedfully	𐑣𐑰𐑛𐑓𐑩𐑤𐑦	ˈhiːdfəli	AV0	RSSB	97	shave_agrees
heist	𐑣𐑲𐑕𐑑	ˈhaɪst	NN1	RSSB	97	shave_agrees
hellfire	𐑣𐑧𐑤𐑓𐑲𐑼	ˈhelˌfaɪər	NN1	GenAm	97	shave_agrees
helminth	𐑣𐑧𐑤𐑥𐑦𐑯𐑔	ˈhelmɪnθ	NN1	RSSB	97	shave_agrees
hematin	𐑣𐑰𐑥𐑩𐑑𐑦𐑯	ˈhiːməˌtɪn	NN1	RSSB	97	shave_agrees
heme	𐑣𐑰𐑥	hiːm	NN1	RSSB	97	shave_agrees
hemopoietic	𐑣𐑰𐑥𐑩𐑐𐑶𐑧𐑑𐑦𐑒	ˌhiːməpɔɪˈetɪk	AJ0	RSSB	97	shave_agrees
heparin	𐑣𐑧𐑐𐑼𐑦𐑯	hepərɪn	NN1	RSSB	97	shave_agrees
heptad	𐑣𐑧𐑐𐑑𐑨𐑛	ˈheptæd	NN1	RSSB	97	shave_agrees
herbivore	𐑣𐑻𐑚𐑦𐑝𐑹	ˈhɜːrbɪvɔːr	NN1	GenAm	97	shave_agrees
herder	𐑣𐑻𐑛𐑼	ˈhɜːRdəR	NN1	GenAm	97	shave_agrees
hermes	𐑣𐑻𐑥𐑰𐑟	ˈhɜːRmiːz	NN1	GenAm	97	shave_agrees
hess	𐑣𐑧𐑕	hes	NN1	RSSB	97	shave_agrees
hexad	𐑣𐑧𐑒𐑕𐑨𐑛	ˈheksæd	NN1	RSSB	97	shave_agrees
hexagram	𐑣𐑧𐑒𐑕𐑩𐑜𐑮𐑨𐑥	heksəɡræm	NN1	RSSB	97	shave_agrees
hexahedron	𐑣𐑧𐑒𐑕𐑩𐑣𐑰𐑛𐑮𐑩𐑯	heksəhiːdrən	NN1	RSSB	97	shave_agrees
hexane	𐑣𐑧𐑒𐑕𐑱𐑯	ˈhekseɪn	NN1	RSSB	97	shave_agrees
hexapod	𐑣𐑧𐑒𐑕𐑩𐑐𐑪𐑛	ˈheksəpɒd	NN1	GenAm	97	shave_agrees
hickey	𐑣𐑦𐑒𐑦	ˈhɪki	NN1	RSSB	97	shave_agrees
hideout	𐑣𐑲𐑛𐑬𐑑	ˈhaɪdˌaʊt	NN1	RSSB	97	shave_agrees
hierarchal	𐑣𐑲𐑼𐑸𐑒𐑩𐑤	haɪərɑːRkəl	AJ0	RSSB	97	shave_agrees
hierocracy	𐑣𐑲𐑼𐑪𐑒𐑮𐑩𐑕𐑦	haɪəˈrɒkrəsi	NN1	GenAm	97	shave_agrees
higgle	𐑣𐑦𐑜𐑩𐑤	ˈhɪɡəl	VVI	RSSB	97	shave_agrees
hightail	𐑣𐑲𐑑𐑱𐑤	ˈhaɪteɪl	VVI	RSSB	97	shave_agrees
hillbilly	𐑣𐑦𐑤𐑚𐑦𐑤𐑦	ˈhɪlbɪli	NN1	GenAm	97	shave_agrees
hipster	𐑣𐑦𐑐𐑕𐑑𐑼	ˈhɪpstəR	NN1	GenAm	97	shave_agrees
hisser	𐑣𐑦𐑕𐑼	hɪsəR	NN1	RSSB	97	shave_agrees
histamine	𐑣𐑦𐑕𐑑𐑩𐑥𐑰𐑯	ˈhɪstəmiːn	NN1	RSSB	97	shave_agrees
hitchings	𐑣𐑦𐑗𐑦𐑙𐑟	ˈhɪtʃɪŋz	NN1	RSSB	97	shave_agrees
hitler	𐑣𐑦𐑑𐑤𐑼	ˈhɪtləR	NN1	GenAm	97	shave_agrees
hitter	𐑣𐑦𐑑𐑼	ˈhɪtəR	NN1	GenAm	97	shave_agrees
hittite	𐑣𐑦𐑑𐑲𐑑	ˈhɪtaɪt	AJ0	RSSB	97	shave_agrees
hoagie	𐑣𐑴𐑜𐑦	ˈhoʊɡi	NN1	GenAm	97	shave_agrees
hobber	𐑣𐑪𐑚𐑼	hɒbəR	NN1	RSSB	97	shave_agrees
hogan	𐑣𐑴𐑜𐑩𐑯	ˈhoʊɡən	NN1	GenAm	97	shave_agrees
hogget	𐑣𐑪𐑜𐑩𐑑	ˈhɒɡət	NN1	GenAm	97	shave_agrees
hokey	𐑣𐑴𐑒𐑦	ˈhəʊki	AJ0	RSSB	97	shave_agrees
hokum	𐑣𐑴𐑒𐑩𐑥	ˈhoʊkəm	NN1	GenAm	97	shave_agrees
holey	𐑣𐑴𐑤𐑦	ˈhoʊli	AJ0	GenAm	97	shave_agrees
homburg	𐑣𐑪𐑥𐑚𐑼𐑜	ˈhɒmbəRɡ	NN1	GenAm	97	shave_agrees
homeboy	𐑣𐑴𐑥𐑚𐑶	ˈhoʊmbɔɪ	NN1	GenAm	97	shave_agrees
homeostatic	𐑣𐑴𐑥𐑦𐑴𐑕𐑑𐑨𐑑𐑦𐑒	ˌhoʊmioʊˈstætɪk	AJ0	GenAm	97	shave_agrees
homeotherm	𐑣𐑴𐑥𐑦𐑴𐑔𐑻𐑥	ˈhoʊmioʊˌθɜːRm	NN1	GenAm	97	shave_agrees
homiletical	𐑣𐑪𐑥𐑦𐑤𐑧𐑑𐑦𐑒𐑩𐑤	hɒmɪˈletɪkəl	AJ0	RSSB	97	shave_agrees
homoerotic	𐑣𐑴𐑥𐑴𐑼𐑪𐑑𐑦𐑒	ˌhoʊmoʊəˈrɒtɪk	AJ0	GenAm	97	shave_agrees
homozygote	𐑣𐑴𐑥𐑴𐑟𐑲𐑜𐑴𐑑	ˌhəʊməʊˈzaɪɡəʊt	NN1	RSSB	97	shave_agrees
homozygous	𐑣𐑴𐑥𐑴𐑟𐑲𐑜𐑩𐑕	ˌhəʊməʊˈzaɪɡəs	AJ0	RSSB	97	shave_agrees
honcho	𐑣𐑪𐑯𐑗𐑴	ˈhɒntʃoʊ	NN1	GenAm	97	shave_agrees
hoodmould	𐑣𐑫𐑛𐑥𐑴𐑤𐑛	ˈhʊdməʊld	NN1	RSSB	97	shave_agrees
hookup	𐑣𐑫𐑒𐑳𐑐	ˈhʊkʌp	NN1	RSSB	97	shave_agrees
hoopy	𐑣𐑵𐑐𐑦	ˈhuːpi	AJ0	RSSB	97	shave_agrees
hopi	𐑣𐑴𐑐𐑦	ˈhoʊpi	NN1	GenAm	97	shave_agrees
hopple	𐑣𐑪𐑐𐑩𐑤	ˈhɒpəl	VVI	RSSB	97	shave_agrees
hornblende	𐑣𐑹𐑯𐑚𐑤𐑧𐑯𐑛	ˈhɔːRnˌblend	NN1	GenAm	97	shave_agrees
hornswoggle	𐑣𐑹𐑯𐑕𐑢𐑪𐑜𐑩𐑤	ˈhɔːRnswɒɡəl	VVI	GenAm	97	shave_agrees
horsetail	𐑣𐑹𐑕𐑑𐑱𐑤	hɔːRsteɪl	NN1	RSSB	97	shave_agrees
horst	𐑣𐑹𐑕𐑑	hɔːRst	NN1	RSSB	97	shave_agrees
hortatory	𐑣𐑹𐑑𐑩𐑑𐑼𐑦	hɔːRtətəri	AJ0	RSSB	97	shave_agrees
hosta	𐑣𐑴𐑕𐑑𐑩	ˈhoʊstə	NN1	GenAm	97	shave_agrees
hotdog	𐑣𐑪𐑑𐑛𐑪𐑜	ˈhɒtdɒɡ	NN1	GenAm	97	shave_agrees
hotspur	𐑣𐑪𐑑𐑕𐑐𐑻	hɒtspɜːR	NN1	RSSB	97	shave_agrees
howdy	𐑣𐑬𐑛𐑦	ˈhaʊdi	NN1	RSSB	97	shave_agrees
hud	𐑣𐑳𐑛	hʌd	NN1	RSSB	97	shave_agrees
hugger	𐑣𐑳𐑜𐑼	ˈhʌɡəR	NN1	GenAm	97	shave_agrees
humanoid	𐑣𐑿𐑥𐑩𐑯𐑶𐑛	ˈhjuːmənɔɪd	NN1	RSSB	97	shave_agrees
humectant	𐑣𐑿𐑥𐑧𐑒𐑑𐑩𐑯𐑑	hjuːˈmektənt	NN1	RSSB	97	shave_agrees
hummer	𐑣𐑳𐑥𐑼	ˈhʌməR	NN1	GenAm	97	shave_agrees
humongous	𐑣𐑿𐑥𐑳𐑙𐑜𐑩𐑕	ˌhjuːˈmʌŋɡəs	AJ0	RSSB	97	shave_agrees
humvee	𐑣𐑳𐑥𐑝𐑰	ˈhʌmviː	NN1	RSSB	97	shave_agrees
hungover	𐑣𐑳𐑙𐑴𐑝𐑼	hʌŋəʊvəR	AJ0	RSSB	97	shave_agrees
husbandly	𐑣𐑳𐑟𐑚𐑩𐑯𐑛𐑤𐑦	ˈhʌzbəndli	AJ0	RSSB	97	shave_agrees
hybridization	𐑣𐑲𐑚𐑮𐑦𐑛𐑲𐑟𐑱𐑖𐑩𐑯	haɪbrɪdaɪzeɪʃən	NN1	RSSB	97	shave_agrees
hydration	𐑣𐑲𐑛𐑮𐑱𐑖𐑩𐑯	haɪˈdreɪʃən	NN1	GenAm	97	shave_agrees
hydrolysis	𐑣𐑲𐑛𐑮𐑪𐑤𐑦𐑕𐑦𐑕	haɪˈdrɒlɪsɪs	NN1	RSSB	97	shave_agrees
hydrostatic	𐑣𐑲𐑛𐑮𐑴𐑕𐑑𐑨𐑑𐑦𐑒	ˌhaɪdrəʊˈstætɪk	AJ0	RSSB	97	shave_agrees
hydroxide	𐑣𐑲𐑛𐑮𐑪𐑒𐑕𐑲𐑛	haɪˈdrɒksaɪd	NN1	RSSB	97	shave_agrees
hygrophyte	𐑣𐑲𐑜𐑮𐑴𐑓𐑲𐑑	ˈhaɪɡrəʊfaɪt	NN1	RSSB	97	shave_agrees
hymenopteran	𐑣𐑲𐑥𐑩𐑯𐑪𐑐𐑑𐑼𐑩𐑯	ˌhaɪməˈnɒptərən	NN1	GenAm	97	shave_agrees
hymie	𐑣𐑲𐑥𐑦	ˈhaɪmi	NN1	RSSB	97	shave_agrees
hymnody	𐑣𐑦𐑥𐑯𐑩𐑛𐑦	ˈhɪmnədi	NN1	RSSB	97	shave_agrees
hyoid	𐑣𐑲𐑶𐑛	ˈhaɪɔɪd	AJ0	RSSB	97	shave_agrees
hyperbolize	𐑣𐑲𐑐𐑻𐑚𐑩𐑤𐑲𐑟	haɪpɜːRbəlaɪz	VVI	RSSB	97	shave_agrees
hypernym	𐑣𐑲𐑐𐑼𐑯𐑦𐑥	ˈhaɪpəRnɪm	NN1	GenAm	97	shave_agrees
hyperplasia	𐑣𐑲𐑐𐑼𐑐𐑤𐑱𐑠𐑩	haɪpəRpleɪʒə	NN1	RSSB	97	shave_agrees
hypertension	𐑣𐑲𐑐𐑼𐑑𐑧𐑯𐑖𐑩𐑯	ˌhaɪpəRˈtenʃən	NN1	GenAm	97	shave_agrees
hyperthyroidism	𐑣𐑲𐑐𐑼𐑔𐑲𐑮𐑶𐑛𐑦𐑟𐑩𐑥	haɪpəRθaɪrɔɪdɪzəm	NN1	RSSB	97	shave_agrees
hypnagogic	𐑣𐑦𐑐𐑯𐑩𐑜𐑪𐑡𐑦𐑒	hɪpnəˈɡɒdʒɪk	AJ0	RSSB	97	shave_agrees
hypocorism	𐑣𐑲𐑐𐑪𐑒𐑼𐑦𐑟𐑩𐑥	haɪˈpɒkəˌrɪzəm	NN1	GenAm	97	shave_agrees
hypoglycemic	𐑣𐑲𐑐𐑴𐑜𐑤𐑲𐑕𐑰𐑥𐑦𐑒	ˌhaɪpəʊɡlaɪˈsiːmɪk	AJ0	RSSB	97	shave_agrees
hyponym	𐑣𐑲𐑐𐑴𐑯𐑦𐑥	ˈhaɪpoʊnɪm	NN1	GenAm	97	shave_agrees
hysteric	𐑣𐑦𐑕𐑑𐑧𐑮𐑦𐑒	hɪsˈterɪk	AJ0	RSSB	97	shave_agrees
icosahedron	𐑲𐑒𐑴𐑕𐑩𐑣𐑰𐑛𐑮𐑩𐑯	aɪkoʊsəhiːdrən	NN1	RSSB	97	shave_agrees
ideologue	𐑲𐑛𐑦𐑩𐑤𐑪𐑜	ˈaɪdi+əlɒɡ	NN1	GenAm	97	shave_agrees
iffy	𐑦𐑓𐑦	ˈɪfi	AJ0	RSSB	97	shave_agrees
illative	𐑦𐑤𐑱𐑑𐑦𐑝	ɪˈleɪtɪv	AJ0	RSSB	97	shave_agrees
illegalize	𐑦𐑤𐑰𐑜𐑩𐑤𐑲𐑟	ɪˈliːɡəlaɪz	VVI	RSSB	97	shave_agrees
illiquidity	𐑦𐑤𐑦𐑒𐑢𐑦𐑛𐑦𐑑𐑦	ˌɪlɪˈkwɪdɪti	NN1	RSSB	97	shave_agrees
illogic	𐑦𐑤𐑪𐑡𐑦𐑒	ɪˈlɒdʒɪk	NN1	GenAm	97	shave_agrees
imagism	𐑦𐑥𐑦𐑡𐑦𐑟𐑩𐑥	ˈɪmɪdʒɪzəm	NN1	RSSB	97	shave_agrees
imipramine	𐑦𐑥𐑦𐑐𐑮𐑩𐑥𐑰𐑯	ɪmɪprəmiːn	NN1	RSSB	97	shave_agrees
immortelle	𐑦𐑥𐑹𐑑𐑧𐑤	ɪmɔːRtel	NN1	RSSB	97	shave_agrees
immunodeficiency	𐑦𐑥𐑿𐑯𐑴𐑛𐑦𐑓𐑦𐑖𐑩𐑯𐑕𐑦	ɪˌmjuːnəʊdɪˈfɪʃənsi	NN1	RSSB	97	shave_agrees
impalpability	𐑦𐑥𐑐𐑨𐑤𐑐𐑩𐑚𐑦𐑤𐑦𐑑𐑦	ɪmpælpəˈbɪlɪtɪ	NN1	RSSB	97	shave_agrees
impedance	𐑦𐑥𐑐𐑰𐑛𐑩𐑯𐑕	ɪmˈpiːdəns	NN1	RSSB	97	shave_agrees
impellent	𐑦𐑥𐑐𐑧𐑤𐑩𐑯𐑑	ɪmˈpelənt	AJ0	RSSB	97	shave_agrees
imperativeness	𐑦𐑥𐑐𐑧𐑮𐑩𐑑𐑦𐑝𐑯𐑩𐑕	ɪmperətɪvnəs	NN1	RSSB	97	shave_agrees
imperium	𐑦𐑥𐑐𐑽𐑦𐑩𐑥	ɪmpɪəri+əm	NN1	RSSB	97	shave_agrees
implike	𐑦𐑥𐑐𐑤𐑲𐑒	ˈɪmplaɪk	AJ0	RSSB	97	shave_agrees
impracticality	𐑦𐑥𐑐𐑮𐑨𐑒𐑑𐑦𐑒𐑨𐑤𐑦𐑑𐑦	ɪmˈpræktɪˌkælɪti	NN1	RSSB	97	shave_agrees
impressment	𐑦𐑥𐑐𐑮𐑧𐑕𐑥𐑩𐑯𐑑	ɪmpresmənt	NN1	RSSB	97	shave_agrees
inapposite	𐑦𐑯𐑨𐑐𐑩𐑟𐑦𐑑	ɪnˈæpəzɪt	AJ0	GenAm	97	shave_agrees
inappositeness	𐑦𐑯𐑨𐑐𐑩𐑟𐑦𐑑𐑯𐑩𐑕	ɪnˈapəzɪtnəs	NN1	RSSB	97	shave_agrees
inca	𐑦𐑙𐑒𐑩	ˈɪŋkə	NN1	RSSB	97	shave_agrees
incaution	𐑦𐑯𐑒𐑷𐑖𐑩𐑯	ɪnˈkɔːʃən	NN1	RSSB	97	shave_agrees
inceptive	𐑦𐑯𐑕𐑧𐑐𐑑𐑦𐑝	ɪnˈseptɪv	AJ0	GenAm	97	shave_agrees
incus	𐑦𐑙𐑒𐑩𐑕	ˈɪŋkəs	NN1	RSSB	97	shave_agrees
indiction	𐑦𐑯𐑛𐑦𐑒𐑖𐑩𐑯	ɪnˈdɪkʃən	NN1	RSSB	97	shave_agrees
indocile	𐑦𐑯𐑛𐑴𐑕𐑲𐑤	ɪnˈdəʊsaɪl	AJ0	RSSB	97	shave_agrees
indole	𐑦𐑯𐑛𐑴𐑤	ˈɪndəʊl	NN1	RSSB	97	shave_agrees
indomethacin	𐑦𐑯𐑛𐑴𐑥𐑧𐑔𐑩𐑕𐑦𐑯	ˌɪndoʊˈmeθəsɪn	NN1	GenAm	97	shave_agrees
indri	𐑦𐑯𐑛𐑮𐑦	ˈɪndri	NN1	RSSB	97	shave_agrees
industrialize	𐑦𐑯𐑛𐑳𐑕𐑑𐑮𐑾𐑤𐑲𐑟	ɪndʌstriəlaɪz	VVI	RSSB	97	shave_agrees
indwell	𐑦𐑯𐑛𐑢𐑧𐑤	ɪnˈdwel	VVI	RSSB	97	shave_agrees
inerrant	𐑦𐑯𐑧𐑮𐑩𐑯𐑑	ɪnerənt	AJ0	RSSB	97	shave_agrees
infarct	𐑦𐑯𐑓𐑸𐑒𐑑	ɪnfɑːRkt	NN1	RSSB	97	shave_agrees
infective	𐑦𐑯𐑓𐑧𐑒𐑑𐑦𐑝	ɪnˈfektɪv	AJ0	RSSB	97	shave_agrees
infelicitous	𐑦𐑯𐑓𐑩𐑤𐑦𐑕𐑦𐑑𐑩𐑕	ˌɪnfəˈlɪsɪtəs	AJ0	GenAm	97	shave_agrees
infiltrator	𐑦𐑯𐑓𐑦𐑤𐑑𐑮𐑱𐑑𐑼	ɪnfɪltreɪtəR	NN1	RSSB	97	shave_agrees
infotainment	𐑦𐑯𐑓𐑴𐑑𐑱𐑯𐑥𐑩𐑯𐑑	ˌɪnfoʊˈteɪnmənt	NN1	GenAm	97	shave_agrees
infrangible	𐑦𐑯𐑓𐑮𐑨𐑯𐑡𐑩𐑚𐑩𐑤	ɪnfrændʒɪbəl	AJ0	RSSB	97	shave_agrees
infrigidation	𐑦𐑯𐑓𐑮𐑦𐑡𐑦𐑛𐑱𐑖𐑩𐑯	ɪnfrɪdʒɪdeɪʃən	NN1	RSSB	97	shave_agrees
inglenook	𐑦𐑙𐑜𐑩𐑤𐑯𐑫𐑒	ˈɪŋɡəlˌnʊk	NN1	GenAm	97	shave_agrees
ingrate	𐑦𐑯𐑜𐑮𐑱𐑑	ˈɪnɡreɪt	NN1	RSSB	97	shave_agrees
ingrown	𐑦𐑯𐑜𐑮𐑴𐑯	ɪnˈɡroʊn	AJ0	GenAm	97	shave_agrees
ingrowth	𐑦𐑯𐑜𐑮𐑴𐑔	ˈɪnˌɡroʊθ	NN1	GenAm	97	shave_agrees
ingurgitate	𐑦𐑯𐑜𐑻𐑡𐑦𐑑𐑱𐑑	ɪnɡɜːRdʒɪteɪt	VVI	RSSB	97	shave_agrees
inhere	𐑦𐑯𐑣𐑽	ɪnhɪəR	VVI	RSSB	97	shave_agrees
inherence	𐑦𐑯𐑣𐑽𐑩𐑯𐑕	ɪnhɪərəns	NN1	RSSB	97	shave_agrees
inhumation	𐑦𐑯𐑣𐑿𐑥𐑱𐑖𐑩𐑯	ɪnhjuːˈmeɪʃən	NN1	RSSB	97	shave_agrees
initialism	𐑦𐑯𐑦𐑖𐑩𐑤𐑦𐑟𐑩𐑥	ɪˈnɪʃəlɪzəm	NN1	RSSB	97	shave_agrees
injector	𐑦𐑯𐑡𐑧𐑒𐑑𐑼	ɪnˈdʒektəR	NN1	GenAm	97	shave_agrees
innervate	𐑦𐑯𐑼𐑝𐑱𐑑	ɪnəRveɪt	VVI	RSSB	97	shave_agrees
innervate	𐑦𐑯𐑻𐑝𐑱𐑑	ɪˈnɜːRˌveɪt	VVI	GenAm	97	shave_agrees
innervation	𐑦𐑯𐑼𐑝𐑱𐑖𐑩𐑯	ˌɪnəRˈveɪʃən	NN1	GenAm	97	shave_agrees
innocency	𐑦𐑯𐑩𐑕𐑩𐑯𐑕𐑦	ˈɪnəsənsi	NN1	RSSB	97	shave_agrees
insalubrious	𐑦𐑯𐑕𐑩𐑤𐑵𐑚𐑮𐑾𐑕	ɪnsəluːbrɪəs	AJ0	RSSB	97	shave_agrees
insolation	𐑦𐑯𐑕𐑴𐑤𐑱𐑖𐑩𐑯	ˌɪnsoʊˈleɪʃən	NN1	GenAm	97	shave_agrees
insolvable	𐑦𐑯𐑕𐑪𐑤𐑝𐑩𐑚𐑩𐑤	ɪnˈsɒlvəbəl	AJ0	RSSB	97	shave_agrees
inspissate	𐑦𐑯𐑕𐑐𐑦𐑕𐑱𐑑	ɪnˈspɪseɪt	VVI	RSSB	97	shave_agrees
instar	𐑦𐑯𐑕𐑑𐑸	ɪnstɑːR	NN1	RSSB	97	shave_agrees
instill	𐑦𐑯𐑕𐑑𐑦𐑤	ɪnˈstɪl	VVI	RSSB	97	shave_agrees
intension	𐑦𐑯𐑑𐑧𐑯𐑖𐑩𐑯	ɪnˈtenʃən	NN1	RSSB	97	shave_agrees
intercessor	𐑦𐑯𐑑𐑼𐑕𐑧𐑕𐑼	ɪntəRsesəR	NN1	RSSB	97	shave_agrees
intercostal	𐑦𐑯𐑑𐑼𐑒𐑪𐑕𐑑𐑩𐑤	ˌɪntəRˈkɒstəl	AJ0	GenAm	97	shave_agrees
interleaf	𐑦𐑯𐑑𐑼𐑤𐑰𐑓	ˈɪntəRliːf	NN1	GenAm	97	shave_agrees
intermit	𐑦𐑯𐑑𐑼𐑥𐑦𐑑	ɪntəRˈmɪt	VVI	GenAm	97	shave_agrees
interspecific	𐑦𐑯𐑑𐑼𐑕𐑐𐑩𐑕𐑦𐑓𐑦𐑒	ˌɪntəRspəˈsɪfɪk	AJ0	GenAm	97	shave_agrees
interstitial	𐑦𐑯𐑑𐑼𐑕𐑑𐑦𐑖𐑩𐑤	ɪntərˈstɪʃəl	AJ0	GenAm	97	shave_agrees
intranet	𐑦𐑯𐑑𐑮𐑩𐑯𐑧𐑑	ɪntrənet	NN1	RSSB	97	shave_agrees
intriguer	𐑦𐑯𐑑𐑮𐑰𐑜𐑼	ɪntriːɡəR	NN1	RSSB	97	shave_agrees
introitus	𐑦𐑯𐑑𐑮𐑴𐑦𐑑𐑩𐑕	ɪntrəʊɪtəs	NN1	RSSB	97	shave_agrees
introject	𐑦𐑯𐑑𐑮𐑩𐑡𐑧𐑒𐑑	ɪntrədʒekt	NN1	RSSB	97	shave_agrees
intromit	𐑦𐑯𐑑𐑮𐑩𐑥𐑦𐑑	ɪntrəmɪt	VVI	RSSB	97	shave_agrees
intron	𐑦𐑯𐑑𐑮𐑪𐑯	ˈɪntrɒn	NN1	RSSB	97	shave_agrees
inunction	𐑦𐑯𐑳𐑙𐑒𐑖𐑩𐑯	ɪnˈʌŋkʃən	NN1	RSSB	97	shave_agrees
inutile	𐑦𐑯𐑿𐑑𐑲𐑤	ɪnˈjuːtaɪl	AJ0	RSSB	97	shave_agrees
io	𐑲𐑴	ˈaɪəʊ	NN1	RSSB	97	shave_agrees
iphone	𐑲𐑓𐑴𐑯	ˈaɪˌfoʊn	NN1	GenAm	97	shave_agrees
irredentism	𐑦𐑮𐑦𐑛𐑧𐑯𐑑𐑦𐑟𐑩𐑥	ɪrɪdentɪzəm	NN1	RSSB	97	shave_agrees
irreligion	𐑦𐑮𐑦𐑤𐑦𐑡𐑩𐑯	ɪrɪlɪdʒən	NN1	RSSB	97	shave_agrees
ischemia	𐑦𐑕𐑒𐑰𐑥𐑦𐑩	ɪˈskiːmi+ə	NN1	GenAm	97	shave_agrees
ischemic	𐑦𐑕𐑒𐑰𐑥𐑦𐑒	ɪˈskiːmɪk	AJ0	RSSB	97	shave_agrees
isis	𐑲𐑕𐑦𐑕	ˈaɪsɪs	NN1	RSSB	97	shave_agrees
isogamy	𐑲𐑕𐑪𐑜𐑩𐑥𐑦	aɪˈsɒɡəmi	NN1	RSSB	97	shave_agrees
isogloss	𐑲𐑕𐑩𐑜𐑤𐑪𐑕	ˈaɪsəɡlɒs	NN1	GenAm	97	shave_agrees
isoleucine	𐑲𐑕𐑩𐑤𐑵𐑕𐑰𐑯	ˌaɪsəˈluːsiːn	NN1	RSSB	97	shave_agrees
isometric	𐑲𐑕𐑴𐑥𐑧𐑑𐑮𐑦𐑒	ˌaɪsoʊˈmetrɪk	AJ0	GenAm	97	shave_agrees
isotropy	𐑲𐑕𐑪𐑑𐑮𐑩𐑐𐑦	aɪsɒtrəpi	NN1	RSSB	97	shave_agrees
iterative	𐑦𐑑𐑼𐑩𐑑𐑦𐑝	ɪtərətɪv	AJ0	RSSB	97	shave_agrees
izzard	𐑦𐑟𐑼𐑛	ɪzərd	NN1	RSSB	97	shave_agrees
jabberwocky	𐑡𐑨𐑚𐑼𐑢𐑪𐑒𐑦	ˈdʒæbəRˌwɒki	NN1	GenAm	97	shave_agrees
jacksonian	𐑡𐑨𐑒𐑕𐑴𐑯𐑦𐑩𐑯	dʒækˈsoʊni+ən	AJ0	GenAm	97	shave_agrees
jactitate	𐑡𐑨𐑒𐑑𐑦𐑑𐑱𐑑	ˈdʒaktɪteɪt	VVI	RSSB	97	shave_agrees
jactitation	𐑡𐑨𐑒𐑑𐑦𐑑𐑱𐑖𐑩𐑯	ˌdʒæktɪˈteɪʃən	NN1	RSSB	97	shave_agrees
jadeite	𐑡𐑱𐑛𐑲𐑑	ˈdʒeɪdaɪt	NN1	RSSB	97	shave_agrees
jaeger	𐑘𐑱𐑜𐑼	jeɪɡəR	NN1	RSSB	97	shave_agrees
jaffa	𐑡𐑨𐑓𐑩	ˈdʒæfə	NN1	RSSB	97	shave_agrees
jaggery	𐑡𐑨𐑜𐑼𐑦	dʒæɡəri	NN1	RSSB	97	shave_agrees
jain	𐑡𐑱𐑯	dʒeɪn	AJ0	RSSB	97	shave_agrees
jammer	𐑡𐑨𐑥𐑼	ˈdʒæməR	NN1	GenAm	97	shave_agrees
jap	𐑡𐑨𐑐	dʒæp	NN1	RSSB	97	shave_agrees
javan	𐑡𐑭𐑝𐑩𐑯	ˈdʒɑːvən	AJ0	RSSB	97	shave_agrees
jello	𐑡𐑧𐑤𐑴	ˈdʒeloʊ	NN1	GenAm	97	shave_agrees
jericho	𐑡𐑧𐑮𐑦𐑒𐑴	ˈdʒerɪˌkoʊ	NN1	GenAm	97	shave_agrees
jeroboam	𐑡𐑧𐑮𐑩𐑚𐑴𐑩𐑥	ˌdʒerəˈboʊəm	NN1	GenAm	97	shave_agrees
jesuitic	𐑡𐑧𐑟𐑘𐑫𐑦𐑑𐑦𐑒	ˌdʒezjuˈɪtɪk	AJ0	RSSB	97	shave_agrees
jewbush	𐑡𐑵𐑚𐑫𐑖	ˈdʒuːbʊʃ	NN1	RSSB	97	shave_agrees
jeweler	𐑡𐑵𐑩𐑤𐑼	dʒuːələR	NN1	RSSB	97	shave_agrees
jewry	𐑡𐑵𐑮𐑦	ˈdʒuːri	NN1	RSSB	97	shave_agrees
jitter	𐑡𐑦𐑑𐑼	dʒɪtəR	NN1	RSSB	97	shave_agrees
jockstrap	𐑡𐑪𐑒𐑕𐑑𐑮𐑨𐑐	ˈdʒɒkstræp	NN1	GenAm	97	shave_agrees
jodhpur	𐑡𐑪𐑛𐑐𐑼	dʒɒdpəR	NN1	RSSB	97	shave_agrees
jokester	𐑡𐑴𐑒𐑕𐑑𐑼	ˈdʒoʊkstəR	NN1	GenAm	97	shave_agrees
jong	𐑡𐑪𐑙	dʒɒŋ	NN1	RSSB	97	shave_agrees
jook	𐑡𐑵𐑒	dʒuːk	NN1	RSSB	97	shave_agrees
jorum	𐑡𐑹𐑩𐑥	dʒɔːrəm	NN1	RSSB	97	shave_agrees
jotun	𐑘𐑴𐑑𐑫𐑯	ˈjəʊtʊn	NN1	RSSB	97	shave_agrees
joyride	𐑡𐑶𐑮𐑲𐑛	ˈdʒɔɪˌraɪd	NN1	RSSB	97	shave_agrees
judaical	𐑡𐑵𐑛𐑱𐑦𐑒𐑩𐑤	dʒuːˈdeɪɪkəl	AJ0	RSSB	97	shave_agrees
jude	𐑡𐑵𐑛	ˈdʒuːd	NN1	RSSB	97	shave_agrees
judicable	𐑡𐑵𐑛𐑦𐑒𐑩𐑚𐑩𐑤	ˈdʒuːdɪkəbəl	AJ0	RSSB	97	shave_agrees
judicatory	𐑡𐑵𐑛𐑦𐑒𐑩𐑑𐑼𐑦	dʒuːdɪkətəri	NN1	RSSB	97	shave_agrees
junco	𐑡𐑳𐑙𐑒𐑴	ˈdʒʌŋkoʊ	NN1	GenAm	97	shave_agrees
jynx	𐑡𐑦𐑙𐑒𐑕	dʒɪŋks	NN1	RSSB	97	shave_agrees
kaftan	𐑒𐑨𐑓𐑑𐑨𐑯	ˈkæftæn	NN1	RSSB	97	shave_agrees
kaph	𐑒𐑭𐑓	kɑːf	NN1	RSSB	97	shave_agrees
katharometer	𐑒𐑨𐑔𐑼𐑪𐑥𐑦𐑑𐑼	kæθərɒmitər	NN1	GenAm	97	shave_agrees
kelter	𐑒𐑧𐑤𐑑𐑼	ˈkeltəR	NN1	GenAm	97	shave_agrees
keratosis	𐑒𐑧𐑮𐑩𐑑𐑴𐑕𐑦𐑕	ˌkerəˈtoʊsɪs	NN1	GenAm	97	shave_agrees
kerfuffle	𐑒𐑼𐑓𐑳𐑓𐑩𐑤	kəRˈfʌfəl	NN1	GenAm	97	shave_agrees
kernicterus	𐑒𐑻𐑯𐑦𐑒𐑑𐑼𐑩𐑕	kɜːRˈnɪktərəs	NN1	GenAm	97	shave_agrees
ketamine	𐑒𐑧𐑑𐑩𐑥𐑰𐑯	ˈketəˌmiːn	NN1	GenAm	97	shave_agrees
keypad	𐑒𐑰𐑐𐑨𐑛	ˈkiːpæd	NN1	RSSB	97	shave_agrees
khanate	𐑒𐑭𐑯𐑱𐑑	ˈkɑːneɪt	NN1	RSSB	97	shave_agrees
khoisan	𐑒𐑶𐑕𐑭𐑯	ˈkɔɪsɑːn	NN1	RSSB	97	shave_agrees
ki	𐑒𐑰	kiː	NN1	RSSB	97	shave_agrees
kiddie	𐑒𐑦𐑛𐑦	ˈkɪdi	NN1	RSSB	97	shave_agrees
kike	𐑒𐑲𐑒	kaɪk	NN1	RSSB	97	shave_agrees
killdeer	𐑒𐑦𐑤𐑛𐑽	kɪldɪəR	NN1	RSSB	97	shave_agrees
kiloton	𐑒𐑦𐑤𐑩𐑑𐑳𐑯	ˈkɪləˌtʌn	NN1	GenAm	97	shave_agrees
kilter	𐑒𐑦𐑤𐑑𐑼	ˈkɪltəR	NN1	GenAm	97	shave_agrees
kindergartner	𐑒𐑦𐑯𐑛𐑼𐑜𐑸𐑑𐑯𐑼	ˈkɪndəRˌɡɑːRtnəR	NN1	GenAm	97	shave_agrees
kinematics	𐑒𐑦𐑯𐑩𐑥𐑨𐑑𐑦𐑒𐑕	ˌkɪnəˈmætɪks	NN1	GenAm	97	shave_agrees
kinesthetic	𐑒𐑦𐑯𐑦𐑕𐑔𐑧𐑑𐑦𐑒	ˌkɪnɪsˈθetɪk	AJ0	RSSB	97	shave_agrees
kingmaker	𐑒𐑦𐑙𐑥𐑱𐑒𐑼	ˈkɪŋˌmeɪkəR	NN1	GenAm	97	shave_agrees
kitschy	𐑒𐑦𐑗𐑦	ˈkɪtʃi	AJ0	RSSB	97	shave_agrees
klamath	𐑒𐑤𐑨𐑥𐑩𐑔	ˈklæməθ	NN1	RSSB	97	shave_agrees
klondike	𐑒𐑤𐑪𐑯𐑛𐑲𐑒	ˈklɒnˌdaɪk	NN1	RSSB	97	shave_agrees
kludge	𐑒𐑤𐑳𐑡	klʌdʒ	NN1	RSSB	97	shave_agrees
klutz	𐑒𐑤𐑳𐑑𐑕	klʌts	NN1	RSSB	97	shave_agrees
knapweed	𐑯𐑨𐑐𐑢𐑰𐑛	ˈnæpwiːd	NN1	RSSB	97	shave_agrees
knowable	𐑯𐑴𐑩𐑚𐑩𐑤	ˈnoʊəbəl	AJ0	GenAm	97	shave_agrees
knox	𐑯𐑪𐑒𐑕	nɒks	NN1	GenAm	97	shave_agrees
knucks	𐑯𐑳𐑒𐑕	nʌks	NN1	RSSB	97	shave_agrees
kob	𐑒𐑪𐑚	kɒb	NN1	RSSB	97	shave_agrees
komi	𐑒𐑴𐑥𐑦	ˈkoʊmi	NN1	RSSB	97	shave_agrees
kook	𐑒𐑵𐑒	kuːk	NN1	RSSB	97	shave_agrees
kooky	𐑒𐑵𐑒𐑦	ˈkuːki	AJ0	RSSB	97	shave_agrees
kraut	𐑒𐑮𐑬𐑑	kraʊt	NN1	RSSB	97	shave_agrees
krummhorn	𐑒𐑮𐑳𐑥𐑣𐑹𐑯	krʌmhɔːRn	NN1	RSSB	97	shave_agrees
kudu	𐑒𐑵𐑛𐑵	ˈkuːduː	NN1	RSSB	97	shave_agrees
kumquat	𐑒𐑳𐑥𐑒𐑢𐑪𐑑	ˈkʌmkwɒt	NN1	GenAm	97	shave_agrees
kurd	𐑒𐑻𐑛	kɜːRd	NN1	RSSB	97	shave_agrees
kvetch	𐑒𐑝𐑧𐑗	kvetʃ	NN1	GenAm	97	shave_agrees
kwanza	𐑒𐑢𐑭𐑯𐑟𐑩	ˈkwɑːnzə	NN1	RSSB	97	shave_agrees
kylie	𐑒𐑲𐑤𐑦	ˈkaɪli	NN1	RSSB	97	shave_agrees
labiodental	𐑤𐑱𐑚𐑦𐑴𐑛𐑧𐑯𐑑𐑩𐑤	ˌleɪbioʊˈdentəl	NN1	GenAm	97	shave_agrees
lacewing	𐑤𐑱𐑕𐑢𐑦𐑙	ˈleɪswɪŋ	NN1	RSSB	97	shave_agrees
lacquerware	𐑤𐑨𐑒𐑼𐑢𐑺	lakəRweəR	NN1	RSSB	97	shave_agrees
lacrimal	𐑤𐑨𐑒𐑮𐑦𐑥𐑩𐑤	lakrɪməl	AJ0	RSSB	97	shave_agrees
lactation	𐑤𐑨𐑒𐑑𐑱𐑖𐑩𐑯	lækˈteɪʃən	NN1	GenAm	97	shave_agrees
ladybug	𐑤𐑱𐑛𐑦𐑚𐑳𐑜	ˈleɪdibʌɡ	NN1	GenAm	97	shave_agrees
lagan	𐑤𐑨𐑜𐑩𐑯	ˈlæɡən	NN1	RSSB	97	shave_agrees
lagniappe	𐑤𐑨𐑯𐑘𐑨𐑐	lænˈjæp	NN1	RSSB	97	shave_agrees
lagopus	𐑤𐑩𐑜𐑴𐑐𐑩𐑕	ləˈɡəʊpəs	NN1	RSSB	97	shave_agrees
lakeshore	𐑤𐑱𐑒𐑖𐑹	leɪkʃɔːR	NN1	RSSB	97	shave_agrees
lakota	𐑤𐑩𐑒𐑴𐑑𐑩	ləˈkoʊtə	NN1	GenAm	97	shave_agrees
lambchop	𐑤𐑨𐑥𐑗𐑪𐑐	ˈlæmtʃɒp	NN1	GenAm	97	shave_agrees
lambda	𐑤𐑨𐑥𐑛𐑩	ˈlæmdə	NN1	RSSB	97	shave_agrees
lamella	𐑤𐑩𐑥𐑧𐑤𐑩	ləˈmelə	NN1	RSSB	97	shave_agrees
lamina	𐑤𐑨𐑥𐑦𐑯𐑩	ˈlæmɪnə	NN1	RSSB	97	shave_agrees
lamination	𐑤𐑨𐑥𐑦𐑯𐑱𐑖𐑩𐑯	ˌlæmɪˈneɪʃən	NN1	RSSB	97	shave_agrees
lancinating	𐑤𐑭𐑯𐑕𐑦𐑯𐑱𐑑𐑦𐑙	ˈlɑːnsɪneɪtɪŋ	AJ0	RSSB	97	shave_agrees
landmass	𐑤𐑨𐑯𐑛𐑥𐑨𐑕	ˈlændmæs	NN1	RSSB	97	shave_agrees
landscaper	𐑤𐑨𐑯𐑛𐑕𐑒𐑱𐑐𐑼	lændskeɪpəR	NN1	RSSB	97	shave_agrees
lankiness	𐑤𐑨𐑙𐑒𐑦𐑯𐑩𐑕	ˈlæŋkɪnəs	NN1	RSSB	97	shave_agrees
lanthanide	𐑤𐑨𐑯𐑔𐑩𐑯𐑲𐑛	ˈlænθənaɪd	NN1	RSSB	97	shave_agrees
lanthanoid	𐑤𐑨𐑯𐑔𐑩𐑯𐑶𐑛	ˈlænθənɔɪd	NN1	RSSB	97	shave_agrees
laparoscopy	𐑤𐑨𐑐𐑼𐑪𐑕𐑒𐑩𐑐𐑦	lapərɒskəpi	NN1	RSSB	97	shave_agrees
lapidate	𐑤𐑨𐑐𐑦𐑛𐑱𐑑	ˈlæpɪˌdeɪt	VVI	GenAm	97	shave_agrees
lapidation	𐑤𐑨𐑐𐑦𐑛𐑱𐑖𐑩𐑯	ˌlæpɪˈdeɪʃən	NN1	RSSB	97	shave_agrees
laputan	𐑤𐑩𐑐𐑿𐑑𐑩𐑯	ləˈpjuːtən	AJ0	RSSB	97	shave_agrees
largess	𐑤𐑸𐑡𐑧𐑕	lɑːRˈdʒes	NN1	GenAm	97	shave_agrees
lastingness	𐑤𐑭𐑕𐑑𐑦𐑙𐑯𐑩𐑕	ˈlɑːstɪŋnəs	NN1	RSSB	97	shave_agrees
latecomer	𐑤𐑱𐑑𐑒𐑳𐑥𐑼	ˈleɪtˌkʌməR	NN1	GenAm	97	shave_agrees
latinate	𐑤𐑨𐑑𐑦𐑯𐑩𐑑	ˈlætɪnət	AJ0	RSSB	97	shave_agrees
latria	𐑤𐑩𐑑𐑮𐑲𐑩	lətraɪə	NN1	RSSB	97	shave_agrees
latte	𐑤𐑭𐑑𐑱	ˈlɑːteɪ	NN1	RSSB	97	shave_agrees
latten	𐑤𐑨𐑑𐑩𐑯	ˈlætən	NN1	RSSB	97	shave_agrees
laudableness	𐑤𐑷𐑛𐑩𐑚𐑩𐑤𐑯𐑩𐑕	ˈlɔːdəbəlnəs	NN1	RSSB	97	shave_agrees
lauder	𐑤𐑷𐑛𐑼	lɔːdəR	NN1	RSSB	97	shave_agrees
laureled	𐑤𐑪𐑮𐑩𐑤𐑛	lɒrəld	AJ0	RSSB	97	shave_agrees
lavishness	𐑤𐑨𐑝𐑦𐑖𐑯𐑩𐑕	ˈlævɪʃnəs	NN1	RSSB	97	shave_agrees
lawman	𐑤𐑷𐑥𐑨𐑯	ˈlɔːmæn	NN1	RSSB	97	shave_agrees
leadless	𐑤𐑧𐑛𐑤𐑩𐑕	ˈledləs	AJ0	RSSB	97	shave_agrees
leatherback	𐑤𐑧𐑞𐑼𐑚𐑨𐑒	leðəRbæk	NN1	RSSB	97	shave_agrees
lech	𐑤𐑧𐑗	letʃ	NN1	RSSB	97	shave_agrees
lectin	𐑤𐑧𐑒𐑑𐑦𐑯	ˈlektɪn	NN1	RSSB	97	shave_agrees
lefty	𐑤𐑧𐑓𐑑𐑦	ˈlefti	NN1	RSSB	97	shave_agrees
leishmaniasis	𐑤𐑰𐑖𐑥𐑩𐑯𐑲𐑩𐑕𐑦𐑕	liːʃməˈnaɪəsɪs	NN1	RSSB	97	shave_agrees
leitmotif	𐑤𐑲𐑑𐑥𐑴𐑑𐑰𐑓	ˈlaɪtməʊˌtiːf	NN1	RSSB	97	shave_agrees
lemniscus	𐑤𐑧𐑥𐑯𐑦𐑕𐑒𐑩𐑕	lemˈnɪskəs	NN1	RSSB	97	shave_agrees
lenticel	𐑤𐑧𐑯𐑑𐑦𐑕𐑧𐑤	ˈlentɪsel	NN1	RSSB	97	shave_agrees
lettish	𐑤𐑧𐑑𐑦𐑖	ˈletɪʃ	NN1	RSSB	97	shave_agrees
lev	𐑤𐑧𐑝	lev	NN1	RSSB	97	shave_agrees
levite	𐑤𐑰𐑝𐑲𐑑	ˈliːvaɪt	NN1	RSSB	97	shave_agrees
lhasa	𐑤𐑭𐑕𐑩	ˈlɑːsə	NN1	RSSB	97	shave_agrees
lidar	𐑤𐑲𐑛𐑸	ˈlaɪdɑːR	NN1	GenAm	97	shave_agrees
lidocaine	𐑤𐑲𐑛𐑩𐑒𐑱𐑯	ˈlaɪdəˌkeɪn	NN1	GenAm	97	shave_agrees
ligand	𐑤𐑦𐑜𐑩𐑯𐑛	ˈlɪɡənd	NN1	GenAm	97	shave_agrees
ligate	𐑤𐑦𐑜𐑱𐑑	ˈlɪɡeɪt	VVI	RSSB	97	shave_agrees
liger	𐑤𐑲𐑜𐑼	ˈlaɪɡəR	NN1	GenAm	97	shave_agrees
lightbulb	𐑤𐑲𐑑𐑚𐑳𐑤𐑚	ˈlaɪtˌbʌlb	NN1	RSSB	97	shave_agrees
lignify	𐑤𐑦𐑜𐑯𐑦𐑓𐑲	ˈlɪɡnɪfaɪ	VVI	RSSB	97	shave_agrees
lilo	𐑤𐑲𐑤𐑴	laɪləʊ	NN1	RSSB	97	shave_agrees
limeade	𐑤𐑲𐑥𐑱𐑛	ˈlaɪmeɪd	NN1	RSSB	97	shave_agrees
linac	𐑤𐑦𐑯𐑨𐑒	ˈlɪnæk	NN1	RSSB	97	shave_agrees
lind	𐑤𐑦𐑯𐑛	lɪnd	NN1	RSSB	97	shave_agrees
lindsay	𐑤𐑦𐑯𐑛𐑟𐑦	ˈlɪndzi	NN1	RSSB	97	shave_agrees
lingberry	𐑤𐑦𐑙𐑚𐑧𐑮𐑦	ˈlɪŋˌberi	NN1	RSSB	97	shave_agrees
lingua	𐑤𐑦𐑙𐑜𐑢𐑩	ˈlɪŋɡwə	NN1	RSSB	97	shave_agrees
lipoid	𐑤𐑦𐑐𐑶𐑛	ˈlɪpɔɪd	NN1	RSSB	97	shave_agrees
lipread	𐑤𐑦𐑐𐑮𐑰𐑛	ˈlɪpriːd	VVI	RSSB	97	shave_agrees
listenership	𐑤𐑦𐑕𐑩𐑯𐑼𐑖𐑦𐑐	ˈlɪsənəRʃɪp	NN1	GenAm	97	shave_agrees
liter	𐑤𐑰𐑑𐑼	ˈliːtəR	NN1	GenAm	97	shave_agrees
lithesome	𐑤𐑲𐑞𐑕𐑩𐑥	ˈlaɪðsəm	AJ0	RSSB	97	shave_agrees
lithic	𐑤𐑦𐑔𐑦𐑒	ˈlɪθɪk	AJ0	RSSB	97	shave_agrees
lithophyte	𐑤𐑦𐑔𐑩𐑓𐑲𐑑	ˈlɪθəfaɪt	NN1	RSSB	97	shave_agrees
litterbug	𐑤𐑦𐑑𐑼𐑚𐑳𐑜	ˈlɪtəRˌbʌɡ	NN1	GenAm	97	shave_agrees
loaner	𐑤𐑴𐑯𐑼	ˈloʊnəR	NN1	GenAm	97	shave_agrees
lobsterman	𐑤𐑪𐑚𐑕𐑑𐑼𐑥𐑩𐑯	lɒbstəRmən	NN1	RSSB	97	shave_agrees
lobule	𐑤𐑪𐑚𐑿𐑤	ˈlɒbjuːl	NN1	RSSB	97	shave_agrees
lochia	𐑤𐑪𐑒𐑦𐑩	ˈlɒkɪ+ə	NN1	RSSB	97	shave_agrees
locke	𐑤𐑪𐑒	lɒk	NN1	GenAm	97	shave_agrees
lockstep	𐑤𐑪𐑒𐑕𐑑𐑧𐑐	ˈlɒkstep	NN1	RSSB	97	shave_agrees
loge	𐑤𐑴𐑠	ləʊʒ	NN1	RSSB	97	shave_agrees
logger	𐑤𐑪𐑜𐑼	lɒɡəR	NN1	RSSB	97	shave_agrees
loggerhead	𐑤𐑪𐑜𐑼𐑣𐑧𐑛	ˈlɒɡəRˌhed	NN1	GenAm	97	shave_agrees
logion	𐑤𐑴𐑜𐑦𐑩𐑯	ˈləʊɡɪ+ən	NN1	RSSB	97	shave_agrees
logogram	𐑤𐑪𐑜𐑩𐑜𐑮𐑨𐑥	lɒɡəɡræm	NN1	RSSB	97	shave_agrees
logorrhea	𐑤𐑪𐑜𐑼𐑦𐑩	lɒɡərɪ+ə	NN1	RSSB	97	shave_agrees
logrolling	𐑤𐑪𐑜𐑮𐑴𐑤𐑦𐑙	ˈlɒɡˌroʊlɪŋ	NN1	GenAm	97	shave_agrees
logy	𐑤𐑴𐑜𐑦	ˈloʊɡi	AJ0	RSSB	97	shave_agrees
lollygag	𐑤𐑪𐑤𐑦𐑜𐑨𐑜	ˈlɒlɪɡæɡ	VVI	RSSB	97	shave_agrees
lombard	𐑤𐑪𐑥𐑚𐑸𐑛	ˈlɒmbɑːRd	NN1	GenAm	97	shave_agrees
longhorn	𐑤𐑪𐑙𐑣𐑹𐑯	ˈlɒŋhɔːRn	NN1	GenAm	97	shave_agrees
longness	𐑤𐑪𐑙𐑯𐑩𐑕	ˈlɒŋnəs	NN1	RSSB	97	shave_agrees
longueur	𐑤𐑪𐑙𐑻	lɒŋɜːR	NN1	RSSB	97	shave_agrees
looper	𐑤𐑵𐑐𐑼	luːpəR	NN1	RSSB	97	shave_agrees
looseness	𐑤𐑵𐑕𐑯𐑩𐑕	ˈluːsnəs	NN1	RSSB	97	shave_agrees
lorazepam	𐑤𐑹𐑱𐑟𐑦𐑐𐑨𐑥	lɔːreɪzɪpam	NN1	RSSB	97	shave_agrees
lorelei	𐑤𐑹𐑩𐑤𐑲	lɔːrəlaɪ	NN1	RSSB	97	shave_agrees
lossless	𐑤𐑪𐑕𐑤𐑩𐑕	ˈlɒsləs	AJ0	RSSB	97	shave_agrees
lossy	𐑤𐑪𐑕𐑦	ˈlɒsi	AJ0	GenAm	97	shave_agrees
lota	𐑤𐑴𐑑𐑩	ˈləʊtə	NN1	RSSB	97	shave_agrees
loti	𐑤𐑴𐑑𐑦	ˈləʊti	NN1	RSSB	97	shave_agrees
louche	𐑤𐑵𐑖	luːʃ	AJ0	RSSB	97	shave_agrees
louden	𐑤𐑬𐑛𐑩𐑯	ˈlaʊdən	VVI	RSSB	97	shave_agrees
loupe	𐑤𐑵𐑐	luːp	NN1	RSSB	97	shave_agrees
louver	𐑤𐑵𐑝𐑼	ˈluːvəR	NN1	GenAm	97	shave_agrees
lovage	𐑤𐑳𐑝𐑦𐑡	ˈlʌvɪdʒ	NN1	RSSB	97	shave_agrees
lowboy	𐑤𐑴𐑚𐑶	ˈləʊbɔɪ	NN1	RSSB	97	shave_agrees
lowlife	𐑤𐑴𐑤𐑲𐑓	ˈloʊlaɪf	NN1	GenAm	97	shave_agrees
loxodrome	𐑤𐑪𐑒𐑕𐑩𐑛𐑮𐑴𐑥	lɒksədrəʊm	NN1	RSSB	97	shave_agrees
luce	𐑤𐑵𐑕	luːs	NN1	RSSB	97	shave_agrees
lucidness	𐑤𐑵𐑕𐑦𐑛𐑯𐑩𐑕	ˈluːsɪdnəs	NN1	RSSB	97	shave_agrees
ludic	𐑤𐑵𐑛𐑦𐑒	ˈluːdɪk	AJ0	RSSB	97	shave_agrees
luger	𐑤𐑵𐑠𐑼	luːʒəR	NN1	RSSB	97	shave_agrees
lumen	𐑤𐑵𐑥𐑩𐑯	ˈluːmən	NN1	RSSB	97	shave_agrees
lummox	𐑤𐑳𐑥𐑩𐑒𐑕	ˈlʌməks	NN1	RSSB	97	shave_agrees
luna	𐑤𐑵𐑯𐑩	ˈluːnə	NN1	RSSB	97	shave_agrees
lund	𐑤𐑫𐑯𐑛	lʊnd	NN1	RSSB	97	shave_agrees
lunette	𐑤𐑵𐑯𐑧𐑑	luːˈnet	NN1	GenAm	97	shave_agrees
lunt	𐑤𐑳𐑯𐑑	lʌnt	NN1	RSSB	97	shave_agrees
lupine	𐑤𐑵𐑐𐑲𐑯	ˈluːpaɪn	AJ0	RSSB	97	shave_agrees
lurker	𐑤𐑻𐑒𐑼	ˈlɜːRkəR	NN1	GenAm	97	shave_agrees
lusterless	𐑤𐑳𐑕𐑑𐑼𐑤𐑩𐑕	ˈlʌstəRləs	AJ0	GenAm	97	shave_agrees
lustrum	𐑤𐑳𐑕𐑑𐑮𐑩𐑥	lʌstrəm	NN1	RSSB	97	shave_agrees
luxate	𐑤𐑳𐑒𐑕𐑱𐑑	ˈlʌkseɪt	VVI	RSSB	97	shave_agrees
lycanthrope	𐑤𐑲𐑒𐑩𐑯𐑔𐑮𐑴𐑐	laɪkənθroʊp	NN1	RSSB	97	shave_agrees
lycanthropy	𐑤𐑲𐑒𐑨𐑯𐑔𐑮𐑩𐑐𐑦	laɪˈkanθrəpi	NN1	GenAm	97	shave_agrees
lycian	𐑤𐑦𐑕𐑦𐑩𐑯	ˈlɪsi+ən	NN1	GenAm	97	shave_agrees
lydian	𐑤𐑦𐑛𐑾𐑯	ˈlɪdɪən	NN1	RSSB	97	shave_agrees
lyra	𐑤𐑲𐑮𐑩	laɪrə	NN1	RSSB	97	shave_agrees
lyrist	𐑤𐑦𐑮𐑦𐑕𐑑	lɪrɪst	NN1	RSSB	97	shave_agrees
lysin	𐑤𐑲𐑕𐑦𐑯	ˈlaɪsɪn	NN1	RSSB	97	shave_agrees
lysis	𐑤𐑲𐑕𐑦𐑕	ˈlaɪsɪs	NN1	RSSB	97	shave_agrees
lysozyme	𐑤𐑲𐑕𐑩𐑟𐑲𐑥	ˈlaɪsəzaɪm	NN1	RSSB	97	shave_agrees
macaca	𐑥𐑩𐑒𐑭𐑒𐑩	məˈkɑːkə	NN1	GenAm	97	shave_agrees
macaronic	𐑥𐑨𐑒𐑼𐑪𐑯𐑦𐑒	ˌmækəˈrɒnɪk	AJ0	GenAm	97	shave_agrees
maceration	𐑥𐑨𐑕𐑼𐑱𐑖𐑩𐑯	mæsəreɪʃən	NN1	RSSB	97	shave_agrees
machinate	𐑥𐑨𐑒𐑦𐑯𐑱𐑑	ˈmækɪneɪt	VVI	RSSB	97	shave_agrees
mack	𐑥𐑨𐑒	mæk	NN1	RSSB	97	shave_agrees
mackem	𐑥𐑨𐑒𐑩𐑥	ˈmakəm	NN1	RSSB	97	shave_agrees
mackinaw	𐑥𐑨𐑒𐑦𐑯𐑷	ˈmakɪnɔː	NN1	RSSB	97	shave_agrees
macrobiotics	𐑥𐑨𐑒𐑮𐑴𐑚𐑲𐑪𐑑𐑦𐑒𐑕	ˌmækrəʊˈbaɪɒtɪks	NN1	RSSB	97	shave_agrees
macromolecule	𐑥𐑨𐑒𐑮𐑴𐑥𐑪𐑤𐑦𐑒𐑿𐑤	ˈmækrəʊˌmɒlɪkjuːl	NN1	RSSB	97	shave_agrees
madrepore	𐑥𐑨𐑛𐑮𐑦𐑐𐑹	mædrɪpɔːR	NN1	RSSB	97	shave_agrees
maglev	𐑥𐑨𐑜𐑤𐑧𐑝	ˈmæɡlev	NN1	RSSB	97	shave_agrees
magnetite	𐑥𐑨𐑜𐑯𐑩𐑑𐑲𐑑	ˈmaɡnətaɪt	NN1	RSSB	97	shave_agrees
magus	𐑥𐑱𐑜𐑩𐑕	ˈmeɪɡəs	NN1	RSSB	97	shave_agrees
mahound	𐑥𐑩𐑣𐑵𐑯𐑛	məˈhuːnd	NN1	RSSB	97	shave_agrees
mainer	𐑥𐑱𐑯𐑼	ˈmeɪnəR	NN1	GenAm	97	shave_agrees
mainline	𐑥𐑱𐑯𐑤𐑲𐑯	ˈmeɪnˌlaɪn	VVI	RSSB	97	shave_agrees
maintainer	𐑥𐑱𐑯𐑑𐑱𐑯𐑼	meɪnteɪnəR	NN1	RSSB	97	shave_agrees
majorette	𐑥𐑱𐑡𐑼𐑧𐑑	meɪdʒəret	NN1	RSSB	97	shave_agrees
malamute	𐑥𐑨𐑤𐑩𐑥𐑿𐑑	ˈmæləmjuːt	NN1	RSSB	97	shave_agrees
malar	𐑥𐑱𐑤𐑼	meɪləR	NN1	RSSB	97	shave_agrees
malayalam	𐑥𐑭𐑤𐑩𐑘𐑭𐑤𐑩𐑥	ˌmɑːləˈjɑːləm	NN1	GenAm	97	shave_agrees
malefic	𐑥𐑩𐑤𐑧𐑓𐑦𐑒	məˈlefɪk	AJ0	RSSB	97	shave_agrees
malleus	𐑥𐑨𐑤𐑦𐑩𐑕	ˈmæli+əs	NN1	RSSB	97	shave_agrees
malodor	𐑥𐑨𐑤𐑴𐑛𐑼	mæləʊdəR	NN1	RSSB	97	shave_agrees
malware	𐑥𐑨𐑤𐑢𐑺	mælweəR	NN1	RSSB	97	shave_agrees
mambo	𐑥𐑭𐑥𐑚𐑴	ˈmɑːmboʊ	NN1	RSSB	97	shave_agrees
mamo	𐑥𐑱𐑥𐑴	ˈmeɪməʊ	NN1	RSSB	97	shave_agrees
mandamus	𐑥𐑨𐑯𐑛𐑱𐑥𐑩𐑕	mænˈdeɪməs	NN1	RSSB	97	shave_agrees
mandrel	𐑥𐑨𐑯𐑛𐑮𐑩𐑤	mændrəl	NN1	RSSB	97	shave_agrees
manicotti	𐑥𐑨𐑯𐑦𐑒𐑪𐑑𐑦	ˌmænɪˈkɒti	NN1	GenAm	97	shave_agrees
manioc	𐑥𐑨𐑯𐑦𐑪𐑒	ˈmæniˌɒk	NN1	GenAm	97	shave_agrees
manky	𐑥𐑨𐑙𐑒𐑦	ˈmæŋki	AJ0	RSSB	97	shave_agrees
mantic	𐑥𐑨𐑯𐑑𐑦𐑒	ˈmæntɪk	AJ0	RSSB	97	shave_agrees
marathi	𐑥𐑼𐑭𐑑𐑦	mərɑːti	NN1	RSSB	97	shave_agrees
marcel	𐑥𐑸𐑕𐑧𐑤	mɑːRsel	NN1	RSSB	97	shave_agrees
marchland	𐑥𐑸𐑗𐑤𐑨𐑯𐑛	ˈmɑːRtʃlænd	NN1	GenAm	97	shave_agrees
marchpane	𐑥𐑸𐑗𐑐𐑱𐑯	ˈmɑːRtʃpeɪn	NN1	GenAm	97	shave_agrees
marginalisation	𐑥𐑸𐑡𐑦𐑯𐑩𐑤𐑲𐑟𐑱𐑖𐑩𐑯	mɑːRdʒɪnəlaɪzeɪʃən	NN1	RSSB	97	shave_agrees
mariachi	𐑥𐑸𐑦𐑭𐑗𐑦	mɑːRiɑːtʃi	NN1	RSSB	97	shave_agrees
markovian	𐑥𐑸𐑒𐑴𐑝𐑦𐑩𐑯	mɑːRˈkoʊvi+ən	AJ0	GenAm	97	shave_agrees
markup	𐑥𐑸𐑒𐑳𐑐	mɑːRkʌp	NN1	RSSB	97	shave_agrees
marlite	𐑥𐑸𐑤𐑲𐑑	mɑːRlaɪt	NN1	RSSB	97	shave_agrees
masoretic	𐑥𐑨𐑕𐑼𐑧𐑑𐑦𐑒	mæsəretɪk	AJ0	RSSB	97	shave_agrees
masseter	𐑥𐑨𐑕𐑰𐑑𐑼	masiːtəR	NN1	RSSB	97	shave_agrees
masterwort	𐑥𐑭𐑕𐑑𐑼𐑢𐑼𐑑	mɑːstəRwəRt	NN1	RSSB	97	shave_agrees
mastic	𐑥𐑨𐑕𐑑𐑦𐑒	ˈmæstɪk	NN1	RSSB	97	shave_agrees
matchmaking	𐑥𐑨𐑗𐑥𐑱𐑒𐑦𐑙	ˈmætʃˌmeɪkɪŋ	NN1	RSSB	97	shave_agrees
matte	𐑥𐑨𐑑	mæt	AJ0	RSSB	97	shave_agrees
maundy	𐑥𐑷𐑯𐑛𐑦	ˈmɔːndi	NN1	RSSB	97	shave_agrees
maxilla	𐑥𐑨𐑒𐑕𐑦𐑤𐑩	mækˈsɪlə	NN1	RSSB	97	shave_agrees
mayhap	𐑥𐑱𐑣𐑨𐑐	ˈmeɪhæp	AV0	RSSB	97	shave_agrees
mazer	𐑥𐑱𐑟𐑼	meɪzəR	NN1	RSSB	97	shave_agrees
mealworm	𐑥𐑰𐑤𐑢𐑻𐑥	miːlwɜːRm	NN1	RSSB	97	shave_agrees
meatloaf	𐑥𐑰𐑑𐑤𐑴𐑓	ˈmiːtloʊf	NN1	GenAm	97	shave_agrees
meatman	𐑥𐑰𐑑𐑥𐑩𐑯	ˈmiːtmən	NN1	RSSB	97	shave_agrees
medevac	𐑥𐑧𐑛𐑦𐑝𐑨𐑒	ˈmedɪvæk	NN1	RSSB	97	shave_agrees
mediastinum	𐑥𐑰𐑛𐑦𐑩𐑕𐑑𐑲𐑯𐑩𐑥	ˌmiːdi+əˈstaɪnəm	NN1	RSSB	97	shave_agrees
medulla	𐑥𐑧𐑛𐑳𐑤𐑩	meˈdʌlə	NN1	RSSB	97	shave_agrees
meerkat	𐑥𐑽𐑒𐑨𐑑	ˈmɪərkæt	NN1	GenAm	97	shave_agrees
megabit	𐑥𐑧𐑜𐑩𐑚𐑦𐑑	ˈmeɡəbɪt	NN1	RSSB	97	shave_agrees
megadose	𐑥𐑧𐑜𐑩𐑛𐑴𐑕	meɡədəʊs	NN1	RSSB	97	shave_agrees
megahit	𐑥𐑧𐑜𐑩𐑣𐑦𐑑	ˈmeɡəhɪt	NN1	RSSB	97	shave_agrees
melanoma	𐑥𐑧𐑤𐑩𐑯𐑴𐑥𐑩	meləˈnoʊmə	NN1	RSSB	97	shave_agrees
melatonin	𐑥𐑧𐑤𐑩𐑑𐑴𐑯𐑦𐑯	ˌmeləˈtoʊnɪn	NN1	RSSB	97	shave_agrees
melilot	𐑥𐑧𐑤𐑦𐑤𐑪𐑑	ˈmelɪlɒt	NN1	RSSB	97	shave_agrees
melissa	𐑥𐑩𐑤𐑦𐑕𐑩	məˈlɪsə	NN1	RSSB	97	shave_agrees
melkite	𐑥𐑧𐑤𐑒𐑲𐑑	ˈmelkaɪt	NN1	GenAm	97	shave_agrees
menhir	𐑥𐑧𐑯𐑣𐑽	menhɪəR	NN1	RSSB	97	shave_agrees
mensch	𐑥𐑧𐑯𐑖	menʃ	NN1	RSSB	97	shave_agrees
mentum	𐑥𐑧𐑯𐑑𐑩𐑥	ˈmentəm	NN1	RSSB	97	shave_agrees
meritable	𐑥𐑧𐑮𐑦𐑑𐑩𐑚𐑩𐑤	merɪtəbəl	AJ0	RSSB	97	shave_agrees
meritless	𐑥𐑧𐑮𐑦𐑑𐑤𐑩𐑕	ˈmerɪtləs	AJ0	RSSB	97	shave_agrees
meronym	𐑥𐑧𐑮𐑩𐑯𐑦𐑥	merənɪm	NN1	RSSB	97	shave_agrees
mers	𐑥𐑻𐑟	mɜːRz	NN1	GenAm	97	shave_agrees
mesa	𐑥𐑱𐑕𐑩	ˈmeɪsə	NN1	RSSB	97	shave_agrees
mesomorph	𐑥𐑧𐑟𐑴𐑥𐑹𐑓	ˈmezoʊmɔːrf	NN1	GenAm	97	shave_agrees
mesquite	𐑥𐑧𐑕𐑒𐑰𐑑	mesˈkiːt	NN1	RSSB	97	shave_agrees
metabolite	𐑥𐑦𐑑𐑨𐑚𐑩𐑤𐑲𐑑	mɪˈtæbəlaɪt	NN1	RSSB	97	shave_agrees
metabolize	𐑥𐑦𐑑𐑨𐑚𐑩𐑤𐑲𐑟	mɪˈtæbəˌlaɪz	VVI	RSSB	97	shave_agrees
metacentre	𐑥𐑧𐑑𐑩𐑕𐑧𐑯𐑑𐑼	metəsentəR	NN1	RSSB	97	shave_agrees
metagenesis	𐑥𐑧𐑑𐑩𐑡𐑧𐑯𐑩𐑕𐑦𐑕	ˌmetəˈdʒenəsɪs	NN1	RSSB	97	shave_agrees
metaknowledge	𐑥𐑧𐑑𐑩𐑯𐑪𐑤𐑦𐑡	ˈmetəˌnɒlɪdʒ	NN1	RSSB	97	shave_agrees
metalloid	𐑥𐑧𐑑𐑩𐑤𐑶𐑛	ˈmetəlɔɪd	AJ0	RSSB	97	shave_agrees
metempsychosis	𐑥𐑧𐑑𐑩𐑥𐑕𐑲𐑒𐑴𐑕𐑦𐑕	metəmsaɪˈkəʊsɪs	NN1	RSSB	97	shave_agrees
metformin	𐑥𐑧𐑑𐑓𐑹𐑥𐑦𐑯	metˈfɔːRmɪn	NN1	GenAm	97	shave_agrees
methadone	𐑥𐑧𐑔𐑩𐑛𐑴𐑯	ˈmeθəˌdoʊn	NN1	GenAm	97	shave_agrees
methicillin	𐑥𐑧𐑔𐑦𐑕𐑦𐑤𐑦𐑯	ˌmeθɪˈsɪlɪn	NN1	RSSB	97	shave_agrees
methyldopa	𐑥𐑧𐑔𐑩𐑤𐑛𐑴𐑐𐑩	ˌmeθəlˈdoʊpə	NN1	GenAm	97	shave_agrees
methylphenidate	𐑥𐑧𐑔𐑩𐑤𐑓𐑧𐑯𐑦𐑛𐑱𐑑	ˌmeθəlˈfenɪˌdeɪt	NN1	RSSB	97	shave_agrees
methyltestosterone	𐑥𐑧𐑔𐑩𐑤𐑑𐑧𐑕𐑑𐑪𐑕𐑑𐑼𐑴𐑯	ˌmeθəlteˈstɒstəˌroʊn	NN1	GenAm	97	shave_agrees
metic	𐑥𐑧𐑑𐑦𐑒	ˈmetɪk	NN1	RSSB	97	shave_agrees
metonym	𐑥𐑧𐑑𐑩𐑯𐑦𐑥	ˈmetənɪm	NN1	RSSB	97	shave_agrees
metonymic	𐑥𐑧𐑑𐑩𐑯𐑦𐑥𐑦𐑒	ˌmetəˈnɪmɪk	AJ0	RSSB	97	shave_agrees
metrology	𐑥𐑧𐑑𐑮𐑪𐑤𐑩𐑡𐑦	meˈtrɒlədʒi	NN1	GenAm	97	shave_agrees
mexiletine	𐑥𐑧𐑒𐑕𐑦𐑤𐑩𐑑𐑰𐑯	mekˈsɪləˌtiːn	NN1	GenAm	97	shave_agrees
micelle	𐑥𐑲𐑕𐑧𐑤	maɪˈsel	NN1	RSSB	97	shave_agrees
micro	𐑥𐑲𐑒𐑮𐑴	ˈmaɪkroʊ	AJ0	GenAm	97	shave_agrees
microorganism	𐑥𐑲𐑒𐑮𐑴𐑹𐑜𐑩𐑯𐑦𐑟𐑩𐑥	ˌmaɪkroʊˈɔːRɡəˌnɪzəm	NN1	GenAm	97	shave_agrees
micropyle	𐑥𐑲𐑒𐑮𐑴𐑐𐑲𐑤	ˈmaɪkroʊˌpaɪl	NN1	GenAm	97	shave_agrees
micturate	𐑥𐑦𐑒𐑗𐑼𐑱𐑑	mɪktʃəreɪt	VVI	RSSB	97	shave_agrees
midazolam	𐑥𐑦𐑛𐑨𐑟𐑩𐑤𐑨𐑥	mɪˈdæzəˌlæm	NN1	GenAm	97	shave_agrees
miffed	𐑥𐑦𐑓𐑑	mɪft	AJ0	RSSB	97	shave_agrees
mil	𐑥𐑦𐑤	mɪl	NN1	RSSB	97	shave_agrees
millenarianism	𐑥𐑦𐑤𐑦𐑯𐑺𐑾𐑯𐑦𐑟𐑩𐑥	mɪlɪneərɪənɪzəm	NN1	RSSB	97	shave_agrees
milquetoast	𐑥𐑦𐑤𐑒𐑑𐑴𐑕𐑑	ˈmɪlkˌtoʊst	NN1	GenAm	97	shave_agrees
minah	𐑥𐑲𐑯𐑩	ˈmaɪnə	NN1	RSSB	97	shave_agrees
mindfuck	𐑥𐑲𐑯𐑛𐑓𐑳𐑒	maɪndfʌk	NN1	RSSB	97	shave_agrees
ming	𐑥𐑦𐑙	mɪŋ	NN1	RSSB	97	shave_agrees
minoan	𐑥𐑦𐑯𐑴𐑩𐑯	mɪˈnəʊən	AJ0	RSSB	97	shave_agrees
minoxidil	𐑥𐑦𐑯𐑪𐑒𐑕𐑦𐑛𐑦𐑤	mɪˈnɒksɪdɪl	NN1	RSSB	97	shave_agrees
minter	𐑥𐑦𐑯𐑑𐑼	ˈmɪntəR	NN1	GenAm	97	shave_agrees
minty	𐑥𐑦𐑯𐑑𐑦	ˈmɪnti	AJ0	GenAm	97	shave_agrees
miosis	𐑥𐑲𐑴𐑕𐑦𐑕	maɪˈoʊsɪs	NN1	GenAm	97	shave_agrees
miotic	𐑥𐑲𐑪𐑑𐑦𐑒	maɪˈɒtɪk	AJ0	RSSB	97	shave_agrees
misbeliever	𐑥𐑦𐑕𐑚𐑦𐑤𐑰𐑝𐑼	mɪsbɪˈliːvəR	NN1	GenAm	97	shave_agrees
miscreate	𐑥𐑦𐑕𐑒𐑮𐑦𐑱𐑑	mɪskrɪˈeɪt	VVI	RSSB	97	shave_agrees
misdo	𐑥𐑦𐑕𐑛𐑵	mɪsˈduː	VVI	RSSB	97	shave_agrees
mismatch	𐑥𐑦𐑕𐑥𐑨𐑗	ˈmɪsmætʃ	NN1	RSSB	97	shave_agrees
miso	𐑥𐑰𐑕𐑴	ˈmiːsoʊ	NN1	GenAm	97	shave_agrees
misremember	𐑥𐑦𐑕𐑮𐑦𐑥𐑧𐑥𐑚𐑼	mɪsrɪˈmembəR	VVI	GenAm	97	shave_agrees
misspeak	𐑥𐑦𐑕𐑕𐑐𐑰𐑒	mɪsˈspiːk	VVI	RSSB	97	shave_agrees
miter	𐑥𐑲𐑑𐑼	ˈmaɪtər	NN1	GenAm	97	shave_agrees
mizzenmast	𐑥𐑦𐑟𐑩𐑯𐑥𐑨𐑕𐑑	ˈmɪzənˌmæst	NN1	GenAm	97	shave_agrees
moa	𐑥𐑴𐑩	ˈməʊə	NN1	RSSB	97	shave_agrees
mobocracy	𐑥𐑪𐑚𐑪𐑒𐑮𐑩𐑕𐑦	mɒbɒkrəsi	NN1	RSSB	97	shave_agrees
mockingbird	𐑥𐑪𐑒𐑦𐑙𐑚𐑻𐑛	ˈmɒkɪŋˌbɜːRd	NN1	GenAm	97	shave_agrees
mohawk	𐑥𐑴𐑣𐑷𐑒	ˈmoʊhɔːk	NN1	RSSB	97	shave_agrees
moire	𐑥𐑢𐑸	mwɑːR	NN1	RSSB	97	shave_agrees
mojo	𐑥𐑴𐑡𐑴	ˈmoʊdʒoʊ	NN1	GenAm	97	shave_agrees
mol	𐑥𐑪𐑤	mol	NN1	GenAm	97	shave_agrees
mola	𐑥𐑴𐑤𐑩	ˈmoʊlə	NN1	GenAm	97	shave_agrees
molding	𐑥𐑴𐑤𐑛𐑦𐑙	ˈmoʊldɪŋ	NN1	GenAm	97	shave_agrees
molester	𐑥𐑩𐑤𐑧𐑕𐑑𐑼	məlestəR	NN1	RSSB	97	shave_agrees
mollie	𐑥𐑪𐑤𐑦	ˈmɒli	NN1	GenAm	97	shave_agrees
momma	𐑥𐑪𐑥𐑩	ˈmɒmə	NN1	GenAm	97	shave_agrees
moneywort	𐑥𐑳𐑯𐑦𐑢𐑼𐑑	mʌnɪwəRt	NN1	RSSB	97	shave_agrees
moniker	𐑥𐑪𐑯𐑦𐑒𐑼	ˈmɒnɪkəR	NN1	GenAm	97	shave_agrees
monkeypod	𐑥𐑳𐑙𐑒𐑦𐑐𐑪𐑛	ˈmʌŋkipɒd	NN1	RSSB	97	shave_agrees
monoamine	𐑥𐑪𐑯𐑴𐑱𐑥𐑰𐑯	mɒnəʊˈeɪmiːn	NN1	RSSB	97	shave_agrees
monoclonal	𐑥𐑪𐑯𐑩𐑒𐑤𐑴𐑯𐑩𐑤	ˌmɒnəˈkloʊnəl	AJ0	GenAm	97	shave_agrees
monocotyledon	𐑥𐑪𐑯𐑩𐑒𐑪𐑑𐑦𐑤𐑰𐑛𐑩𐑯	ˌmɒnəˌkɒtɪˈliːdən	NN1	RSSB	97	shave_agrees
monoculture	𐑥𐑪𐑯𐑩𐑒𐑳𐑤𐑗𐑼	mɒnəkʌltʃəR	NN1	RSSB	97	shave_agrees
monocycle	𐑥𐑪𐑯𐑴𐑕𐑲𐑒𐑩𐑤	ˈmɒnoʊˌsaɪkəl	NN1	GenAm	97	shave_agrees
monogenesis	𐑥𐑪𐑯𐑩𐑡𐑧𐑯𐑩𐑕𐑦𐑕	mɒnəˈdʒenəsɪs	NN1	RSSB	97	shave_agrees
monopsony	𐑥𐑩𐑯𐑪𐑐𐑕𐑩𐑯𐑦	məˈnɒpsəni	NN1	RSSB	97	shave_agrees
monotonic	𐑥𐑪𐑯𐑩𐑑𐑪𐑯𐑦𐑒	ˌmɒnəˈtɒnɪk	AJ0	GenAm	97	shave_agrees
monotreme	𐑥𐑪𐑯𐑩𐑑𐑮𐑰𐑥	mɒnətriːm	NN1	RSSB	97	shave_agrees
mons	𐑥𐑪𐑯𐑟	mɒnz	NN1	RSSB	97	shave_agrees
montane	𐑥𐑪𐑯𐑑𐑱𐑯	mɒnˈteɪn	AJ0	GenAm	97	shave_agrees
moonwalk	𐑥𐑵𐑯𐑢𐑷𐑒	ˈmuːnwɔːk	NN1	RSSB	97	shave_agrees
moonwort	𐑥𐑵𐑯𐑢𐑼𐑑	muːnwəRt	NN1	RSSB	97	shave_agrees
mopper	𐑥𐑪𐑐𐑼	ˈmɒpər	NN1	GenAm	97	shave_agrees
moralization	𐑥𐑪𐑮𐑩𐑤𐑲𐑟𐑱𐑖𐑩𐑯	mɒrəlaɪzeɪʃən	NN1	RSSB	97	shave_agrees
morel	𐑥𐑼𐑧𐑤	mərel	NN1	RSSB	97	shave_agrees
mortmain	𐑥𐑹𐑑𐑥𐑱𐑯	ˈmɔːRtmeɪn	NN1	GenAm	97	shave_agrees
mosh	𐑥𐑪𐑖	mɒʃ	VVI	RSSB	97	shave_agrees
mot	𐑥𐑴	məʊ	NN1	RSSB	97	shave_agrees
motherwort	𐑥𐑳𐑞𐑼𐑢𐑼𐑑	mʌðəRwəRt	NN1	RSSB	97	shave_agrees
motile	𐑥𐑴𐑑𐑲𐑤	ˈməʊtaɪl	AJ0	RSSB	97	shave_agrees
motional	𐑥𐑴𐑖𐑩𐑯𐑩𐑤	ˈməʊʃənəl	AJ0	RSSB	97	shave_agrees
moue	𐑥𐑵	muː	NN1	RSSB	97	shave_agrees
mouthbreeder	𐑥𐑬𐑔𐑚𐑮𐑰𐑛𐑼	ˈmaʊθˌbriːdəR	NN1	GenAm	97	shave_agrees
moxie	𐑥𐑪𐑒𐑕𐑦	ˈmɒksi	NN1	RSSB	97	shave_agrees
mucor	𐑥𐑿𐑒𐑼	mjuːkəR	NN1	RSSB	97	shave_agrees
mugwort	𐑥𐑳𐑜𐑢𐑼𐑑	mʌɡwəRt	NN1	RSSB	97	shave_agrees
multicolor	𐑥𐑳𐑤𐑑𐑦𐑒𐑳𐑤𐑼	mʌltɪkʌləR	AJ0	RSSB	97	shave_agrees
multicolored	𐑥𐑳𐑤𐑑𐑦𐑒𐑳𐑤𐑼𐑛	ˈmʌltɪˌkʌləRd	AJ0	GenAm	97	shave_agrees
multicultural	𐑥𐑳𐑤𐑑𐑦𐑒𐑳𐑤𐑗𐑼𐑩𐑤	mʌltikʌltʃərəl	AJ0	RSSB	97	shave_agrees
multilingual	𐑥𐑳𐑤𐑑𐑦𐑤𐑦𐑙𐑜𐑢𐑩𐑤	ˌmʌltiˈlɪŋɡwəl	AJ0	RSSB	97	shave_agrees
multiparous	𐑥𐑳𐑤𐑑𐑦𐑐𐑼𐑩𐑕	mʌltɪpərəs	AJ0	RSSB	97	shave_agrees
multiracial	𐑥𐑳𐑤𐑑𐑦𐑮𐑱𐑖𐑩𐑤	mʌltireɪʃəl	AJ0	RSSB	97	shave_agrees
mumpsimus	𐑥𐑳𐑥𐑐𐑕𐑦𐑥𐑩𐑕	ˈmʌmpsɪməs	NN1	GenAm	97	shave_agrees
mung	𐑥𐑳𐑙	mʌŋ	NN1	RSSB	97	shave_agrees
muntjac	𐑥𐑳𐑯𐑑𐑡𐑨𐑒	ˈmʌntdʒæk	NN1	RSSB	97	shave_agrees
muon	𐑥𐑿𐑪𐑯	ˈmjuːɒn	NN1	RSSB	97	shave_agrees
murine	𐑥𐑘𐑫𐑼𐑲𐑯	mjʊəraɪn	AJ0	RSSB	97	shave_agrees
muscat	𐑥𐑳𐑕𐑒𐑨𐑑	ˈmʌskæt	NN1	RSSB	97	shave_agrees
musette	𐑥𐑿𐑟𐑧𐑑	mjuːˈzet	NN1	RSSB	97	shave_agrees
musicology	𐑥𐑿𐑟𐑦𐑒𐑪𐑤𐑩𐑡𐑦	mjuːzɪˈkɒlədʒi	NN1	RSSB	97	shave_agrees
muslimah	𐑥𐑫𐑟𐑤𐑦𐑥𐑩	ˈmʊzlɪmə	NN1	RSSB	97	shave_agrees
mutagen	𐑥𐑿𐑑𐑩𐑡𐑩𐑯	ˈmjuːtədʒən	NN1	RSSB	97	shave_agrees
mutualism	𐑥𐑿𐑗𐑫𐑩𐑤𐑦𐑟𐑩𐑥	ˈmjuːtʃʊəˌlɪzəm	NN1	RSSB	97	shave_agrees
muumuu	𐑥𐑵𐑥𐑵	ˈmuːmuː	NN1	RSSB	97	shave_agrees
myalgic	𐑥𐑲𐑨𐑤𐑡𐑦𐑒	maɪˈældʒɪk	AJ0	RSSB	97	shave_agrees
mycosis	𐑥𐑲𐑒𐑴𐑕𐑦𐑕	maɪˈkoʊsɪs	NN1	GenAm	97	shave_agrees
myelin	𐑥𐑲𐑩𐑤𐑦𐑯	ˈmaɪəlɪn	NN1	RSSB	97	shave_agrees
myiasis	𐑥𐑲𐑲𐑩𐑕𐑦𐑕	maɪˈaɪ+əsɪs	NN1	RSSB	97	shave_agrees
mylar	𐑥𐑲𐑤𐑸	ˈmaɪlɑːR	NN1	GenAm	97	shave_agrees
myocardial	𐑥𐑲𐑴𐑒𐑸𐑛𐑦𐑩𐑤	maɪoʊˈkɑːRdi+əl	AJ0	GenAm	97	shave_agrees
myology	𐑥𐑲𐑪𐑤𐑩𐑡𐑦	maɪˈɒlədʒi	NN1	RSSB	97	shave_agrees
myoma	𐑥𐑲𐑴𐑥𐑩	maɪˈoʊmə	NN1	GenAm	97	shave_agrees
myotomy	𐑥𐑲𐑪𐑑𐑩𐑥𐑦	maɪˈɒtəmi	NN1	GenAm	97	shave_agrees
mythic	𐑥𐑦𐑔𐑦𐑒	ˈmɪθɪk	AJ0	RSSB	97	shave_agrees
mythicize	𐑥𐑦𐑔𐑦𐑕𐑲𐑟	ˈmɪθɪˌsaɪz	VVI	RSSB	97	shave_agrees
mythologize	𐑥𐑦𐑔𐑪𐑤𐑩𐑡𐑲𐑟	mɪˈθɒlədʒaɪz	VVI	RSSB	97	shave_agrees
nailer	𐑯𐑱𐑤𐑼	ˈneɪləR	NN1	GenAm	97	shave_agrees
naloxone	𐑯𐑩𐑤𐑪𐑒𐑕𐑴𐑯	nəˈlɒkˌsoʊn	NN1	GenAm	97	shave_agrees
naltrexone	𐑯𐑨𐑤𐑑𐑮𐑧𐑒𐑕𐑴𐑯	nælˈtrekˌsoʊn	NN1	GenAm	97	shave_agrees
nandrolone	𐑯𐑨𐑯𐑛𐑮𐑩𐑤𐑴𐑯	ˈnændrəˌloʊn	NN1	GenAm	97	shave_agrees
narcissistic	𐑯𐑸𐑕𐑦𐑕𐑦𐑕𐑑𐑦𐑒	ˌnɑːRsɪˈsɪstɪk	AJ0	GenAm	97	shave_agrees
narcosis	𐑯𐑸𐑒𐑴𐑕𐑦𐑕	nɑːRˈkoʊsɪs	NN1	GenAm	97	shave_agrees
nasally	𐑯𐑱𐑟𐑩𐑤𐑦	ˈneɪzəli	AV0	RSSB	97	shave_agrees
natation	𐑯𐑨𐑑𐑱𐑖𐑩𐑯	næteɪʃən	NN1	RSSB	97	shave_agrees
navajo	𐑯𐑨𐑝𐑩𐑣𐑴	ˈnævəhoʊ	NN1	GenAm	97	shave_agrees
naze	𐑯𐑱𐑟	neɪz	NN1	RSSB	97	shave_agrees
neb	𐑯𐑧𐑚	neb	NN1	RSSB	97	shave_agrees
nebbish	𐑯𐑧𐑚𐑦𐑖	ˈnebɪʃ	NN1	RSSB	97	shave_agrees
nebule	𐑯𐑧𐑚𐑿𐑤	ˈnebjuːl	NN1	RSSB	97	shave_agrees
nebulously	𐑯𐑧𐑚𐑘𐑩𐑤𐑩𐑕𐑤𐑦	ˈnebjələsli	AV0	RSSB	97	shave_agrees
neckless	𐑯𐑧𐑒𐑤𐑩𐑕	ˈnekləs	AJ0	RSSB	97	shave_agrees
necrology	𐑯𐑧𐑒𐑮𐑪𐑤𐑩𐑡𐑦	nekrɒlədʒi	NN1	RSSB	97	shave_agrees
necrolysis	𐑯𐑧𐑒𐑮𐑪𐑤𐑦𐑕𐑦𐑕	neˈkrɒlɪsɪs	NN1	RSSB	97	shave_agrees
necrophilia	𐑯𐑧𐑒𐑮𐑴𐑓𐑦𐑤𐑦𐑩	nekroʊˈfɪli+ə	NN1	GenAm	97	shave_agrees
necropsy	𐑯𐑧𐑒𐑮𐑪𐑐𐑕𐑦	ˈnekrɒpsi	NN1	GenAm	97	shave_agrees
neediness	𐑯𐑰𐑛𐑦𐑯𐑩𐑕	ˈniːdinəs	NN1	RSSB	97	shave_agrees
neo	𐑯𐑰𐑴	ˈniːəʊ	AJ0	RSSB	97	shave_agrees
neonate	𐑯𐑰𐑴𐑯𐑱𐑑	ˈniːoʊneɪt	NN1	GenAm	97	shave_agrees
neotenous	𐑯𐑦𐑪𐑑𐑩𐑯𐑩𐑕	niˈɒtənəs	AJ0	RSSB	97	shave_agrees
neoteny	𐑯𐑦𐑪𐑑𐑩𐑯𐑦	niˈɒtəni	NN1	RSSB	97	shave_agrees
neuroanatomy	𐑯𐑘𐑫𐑼𐑴𐑩𐑯𐑨𐑑𐑩𐑥𐑦	njʊərəʊənatəmi	NN1	RSSB	97	shave_agrees
neutrino	𐑯𐑿𐑑𐑮𐑰𐑯𐑴	njuːˈtriːnoʊ	NN1	GenAm	97	shave_agrees
newbie	𐑯𐑿𐑚𐑦	ˈnjuːbi	NN1	RSSB	97	shave_agrees
nicaean	𐑯𐑲𐑕𐑦𐑩𐑯	naɪˈsi+ən	AJ0	RSSB	97	shave_agrees
nicene	𐑯𐑲𐑕𐑰𐑯	ˈnaɪsiːn	AJ0	RSSB	97	shave_agrees
nictate	𐑯𐑦𐑒𐑑𐑱𐑑	nɪkˈteɪt	VVI	RSSB	97	shave_agrees
nictation	𐑯𐑦𐑒𐑑𐑱𐑖𐑩𐑯	nɪˈkteɪʃən	NN1	RSSB	97	shave_agrees
nictitate	𐑯𐑦𐑒𐑑𐑦𐑑𐑱𐑑	ˈnɪktɪteɪt	VVI	RSSB	97	shave_agrees
nictitation	𐑯𐑦𐑒𐑑𐑦𐑑𐑱𐑖𐑩𐑯	nɪktɪˈteɪʃən	NN1	RSSB	97	shave_agrees
nighthawk	𐑯𐑲𐑑𐑣𐑷𐑒	ˈnaɪthɔːk	NN1	RSSB	97	shave_agrees
nighttime	𐑯𐑲𐑑𐑑𐑲𐑥	ˈnaɪtˌtaɪm	NN1	RSSB	97	shave_agrees
nim	𐑯𐑦𐑥	nɪm	NN1	RSSB	97	shave_agrees
nimby	𐑯𐑦𐑥𐑚𐑦	ˈnɪmbi	NN1	RSSB	97	shave_agrees
niner	𐑯𐑲𐑯𐑼	naɪnəR	NN1	RSSB	97	shave_agrees
ninja	𐑯𐑦𐑯𐑡𐑩	ˈnɪndʒə	NN1	RSSB	97	shave_agrees
nisei	𐑯𐑦𐑕𐑱	ˈniseɪ	NN1	RSSB	97	shave_agrees
nitride	𐑯𐑲𐑑𐑮𐑲𐑛	ˈnaɪtraɪd	NN1	RSSB	97	shave_agrees
nitrite	𐑯𐑲𐑑𐑮𐑲𐑑	ˈnaɪtraɪt	NN1	RSSB	97	shave_agrees
noctiluca	𐑯𐑪𐑒𐑑𐑦𐑤𐑵𐑒𐑩	ˌnɒktɪˈluːkə	NN1	RSSB	97	shave_agrees
noesis	𐑯𐑴𐑰𐑕𐑦𐑕	noʊˈiːsɪs	NN1	GenAm	97	shave_agrees
noetic	𐑯𐑴𐑧𐑑𐑦𐑒	noʊˈetɪk	AJ0	GenAm	97	shave_agrees
nombril	𐑯𐑪𐑥𐑚𐑮𐑦𐑤	ˈnɒmbrɪl	NN1	RSSB	97	shave_agrees
nonagon	𐑯𐑪𐑯𐑩𐑜𐑪𐑯	ˈnɒnəɡɒn	NN1	GenAm	97	shave_agrees
nonclassical	𐑯𐑪𐑯𐑒𐑤𐑨𐑕𐑦𐑒𐑩𐑤	nɒnˈklæsɪkəl	AJ0	GenAm	97	shave_agrees
nonfat	𐑯𐑪𐑯𐑓𐑨𐑑	nɒnˈfæt	AJ0	GenAm	97	shave_agrees
nonliterary	𐑯𐑪𐑯𐑤𐑦𐑑𐑼𐑼𐑦	nɒnlɪtərəri	AJ0	RSSB	97	shave_agrees
nonperson	𐑯𐑪𐑯𐑐𐑻𐑕𐑩𐑯	nɒnpɜːRsən	NN1	RSSB	97	shave_agrees
nopal	𐑯𐑴𐑐𐑩𐑤	ˈnəʊpəl	NN1	RSSB	97	shave_agrees
noradrenaline	𐑯𐑹𐑩𐑛𐑮𐑧𐑯𐑩𐑤𐑦𐑯	nɔːrədrenəlɪn	NN1	RSSB	97	shave_agrees
noria	𐑯𐑹𐑦𐑩	ˈnɔːRi+ə	NN1	GenAm	97	shave_agrees
novation	𐑯𐑴𐑝𐑱𐑖𐑩𐑯	noʊˈveɪʃən	NN1	RSSB	97	shave_agrees
nth	𐑧𐑯𐑔	enθ	AJ0	RSSB	97	shave_agrees
nu	𐑯𐑿	njuː	NN1	RSSB	97	shave_agrees
nubbin	𐑯𐑳𐑚𐑦𐑯	ˈnʌbɪn	NN1	RSSB	97	shave_agrees
numen	𐑯𐑵𐑥𐑩𐑯	ˈnuːmən	NN1	GenAm	97	shave_agrees
nurturance	𐑯𐑻𐑗𐑼𐑩𐑯𐑕	nɜːRtʃərəns	NN1	RSSB	97	shave_agrees
nurturant	𐑯𐑻𐑗𐑼𐑩𐑯𐑑	nɜːRtʃərənt	AJ0	RSSB	97	shave_agrees
nutcase	𐑯𐑳𐑑𐑒𐑱𐑕	ˈnʌtkeɪs	NN1	RSSB	97	shave_agrees
nympholepsy	𐑯𐑦𐑥𐑓𐑩𐑤𐑧𐑐𐑕𐑦	ˈnɪmfəˌlepsi	NN1	RSSB	97	shave_agrees
obit	𐑴𐑚𐑦𐑑	ˈəʊbɪt	NN1	RSSB	97	shave_agrees
obliger	𐑩𐑚𐑤𐑲𐑡𐑼	əblaɪdʒəR	NN1	RSSB	97	shave_agrees
observational	𐑪𐑚𐑟𐑼𐑝𐑱𐑖𐑩𐑯𐑩𐑤	ˌɒbzəRˈveɪʃənəl	AJ0	GenAm	97	shave_agrees
occlude	𐑩𐑒𐑤𐑵𐑛	əˈkluːd	VVI	RSSB	97	shave_agrees
occlusive	𐑩𐑒𐑤𐑵𐑕𐑦𐑝	əˈkluːsɪv	AJ0	RSSB	97	shave_agrees
oceanography	𐑴𐑖𐑩𐑯𐑪𐑜𐑮𐑩𐑓𐑦	ˌoʊʃəˈnɒɡrəfi	NN1	GenAm	97	shave_agrees
ocelot	𐑪𐑕𐑩𐑤𐑪𐑑	ˈɒsəlɒt	NN1	RSSB	97	shave_agrees
ocher	𐑴𐑒𐑼	ˈoʊkəR	NN1	GenAm	97	shave_agrees
ochlocracy	𐑪𐑒𐑤𐑪𐑒𐑮𐑩𐑕𐑦	ɒkˈlɒkrəsi	NN1	GenAm	97	shave_agrees
ochronosis	𐑴𐑒𐑮𐑩𐑯𐑴𐑕𐑦𐑕	ˌoʊkrəˈnoʊsɪs	NN1	GenAm	97	shave_agrees
octad	𐑪𐑒𐑑𐑨𐑛	ˈɒkˌtæd	NN1	GenAm	97	shave_agrees
octal	𐑪𐑒𐑑𐑩𐑤	ˈɒktəl	AJ0	RSSB	97	shave_agrees
odor	𐑴𐑛𐑼	ˈoʊdəR	NN1	GenAm	97	shave_agrees
odorless	𐑴𐑛𐑼𐑤𐑩𐑕	əʊdəRləs	AJ0	RSSB	97	shave_agrees
oenophile	𐑰𐑯𐑴𐑓𐑲𐑤	iːnəʊfaɪl	NN1	RSSB	97	shave_agrees
oestrus	𐑰𐑕𐑑𐑮𐑩𐑕	iːstrəs	NN1	RSSB	97	shave_agrees
offeror	𐑪𐑓𐑼𐑼	ˈɒfərəR	NN1	GenAm	97	shave_agrees
offload	𐑪𐑓𐑤𐑴𐑛	ˌɒfˈloʊd	VVI	GenAm	97	shave_agrees
ogler	𐑴𐑜𐑩𐑤𐑼	əʊɡələR	NN1	RSSB	97	shave_agrees
ohmic	𐑴𐑥𐑦𐑒	ˈoʊmɪk	AJ0	GenAm	97	shave_agrees
oldness	𐑴𐑤𐑛𐑯𐑩𐑕	əʊldnəs	NN1	RSSB	97	shave_agrees
oligo	𐑪𐑤𐑦𐑜𐑴	ˈɒlɪɡoʊ	NN1	GenAm	97	shave_agrees
oligopoly	𐑪𐑤𐑦𐑜𐑪𐑐𐑩𐑤𐑦	ɒlɪˈɡɒpəli	NN1	GenAm	97	shave_agrees
olivine	𐑪𐑤𐑦𐑝𐑰𐑯	ˈɒlɪviːn	NN1	RSSB	97	shave_agrees
olm	𐑴𐑤𐑥	əʊlm	NN1	RSSB	97	shave_agrees
olmec	𐑴𐑤𐑥𐑧𐑒	ˈoʊlmek	NN1	GenAm	97	shave_agrees
ology	𐑪𐑤𐑩𐑡𐑦	ˈɒlədʒi	NN1	GenAm	97	shave_agrees
omeprazole	𐑴𐑥𐑧𐑐𐑮𐑩𐑟𐑴𐑤	oʊˈmeprəˌzoʊl	NN1	GenAm	97	shave_agrees
omnipresent	𐑪𐑥𐑯𐑦𐑐𐑮𐑧𐑟𐑩𐑯𐑑	ɒmnɪˈprezənt	AJ0	GenAm	97	shave_agrees
omnivore	𐑪𐑥𐑯𐑦𐑝𐑹	ɒmnɪvɔːR	NN1	RSSB	97	shave_agrees
onanism	𐑴𐑯𐑩𐑯𐑦𐑟𐑩𐑥	ˈoʊnəˌnɪzəm	NN1	GenAm	97	shave_agrees
onomastic	𐑪𐑯𐑴𐑥𐑨𐑕𐑑𐑦𐑒	ˌɒnəʊˈmæstɪk	AJ0	RSSB	97	shave_agrees
onomastics	𐑪𐑯𐑴𐑥𐑨𐑕𐑑𐑦𐑒𐑕	ˌɒnəʊˈmæstɪks	NN1	RSSB	97	shave_agrees
onomatopoeic	𐑪𐑯𐑩𐑥𐑨𐑑𐑩𐑐𐑰𐑦𐑒	ˌɒnəmætəˈpiːɪk	AJ0	RSSB	97	shave_agrees
ontogeny	𐑪𐑯𐑑𐑪𐑡𐑩𐑯𐑦	ɒnˈtɒdʒəni	NN1	RSSB	97	shave_agrees
onymous	𐑪𐑯𐑦𐑥𐑩𐑕	ˈɒnɪməs	AJ0	GenAm	97	shave_agrees
ooh	𐑵	uː	VVI	RSSB	97	shave_agrees
opah	𐑴𐑐𐑩	ˈoʊpə	NN1	GenAm	97	shave_agrees
openbill	𐑴𐑐𐑩𐑯𐑚𐑦𐑤	ˈəʊpənbɪl	NN1	RSSB	97	shave_agrees
operose	𐑪𐑐𐑼𐑴𐑕	ɒpərəʊs	AJ0	RSSB	97	shave_agrees
ophidian	𐑴𐑓𐑦𐑛𐑦𐑩𐑯	oʊˈfɪdi+ən	NN1	RSSB	97	shave_agrees
ophthalmologist	𐑪𐑓𐑔𐑩𐑥𐑪𐑤𐑩𐑡𐑦𐑕𐑑	ˌɒfθəˈmɒlədʒɪst	NN1	GenAm	97	shave_agrees
opsonin	𐑪𐑐𐑕𐑩𐑯𐑦𐑯	ˈɒpsənɪn	NN1	RSSB	97	shave_agrees
optometrist	𐑪𐑐𐑑𐑪𐑥𐑩𐑑𐑮𐑦𐑕𐑑	ɒpˈtɒmətrɪst	NN1	GenAm	97	shave_agrees
orca	𐑹𐑒𐑩	ˈɔːRkə	NN1	GenAm	97	shave_agrees
organdy	𐑹𐑜𐑩𐑯𐑛𐑦	ɔːRɡəndi	NN1	RSSB	97	shave_agrees
organelle	𐑹𐑜𐑩𐑯𐑧𐑤	ˌɔːRɡənˈel	NN1	GenAm	97	shave_agrees
ornithopter	𐑹𐑯𐑦𐑔𐑪𐑐𐑑𐑼	ˈɔːRnɪˌθɒptəR	NN1	GenAm	97	shave_agrees
orpington	𐑹𐑐𐑦𐑙𐑑𐑩𐑯	ɔːRpɪŋtən	NN1	RSSB	97	shave_agrees
orwellian	𐑹𐑢𐑧𐑤𐑦𐑩𐑯	ɔːRˈweli+ən	AJ0	GenAm	97	shave_agrees
orzo	𐑹𐑟𐑴	ˈɔːRzoʊ	NN1	GenAm	97	shave_agrees
osage	𐑴𐑕𐑱𐑡	ˈoʊseɪdʒ	NN1	RSSB	97	shave_agrees
ossete	𐑪𐑕𐑰𐑑	ˈɒsiːt	NN1	RSSB	97	shave_agrees
ossicle	𐑪𐑕𐑦𐑒𐑩𐑤	ˈɒsɪkəl	NN1	RSSB	97	shave_agrees
osteophyte	𐑪𐑕𐑑𐑦𐑴𐑓𐑲𐑑	ˈɒstioʊˌfaɪt	NN1	GenAm	97	shave_agrees
osteoporosis	𐑪𐑕𐑑𐑦𐑴𐑐𐑼𐑴𐑕𐑦𐑕	ɒstiəʊpərəʊsɪs	NN1	RSSB	97	shave_agrees
ostiary	𐑪𐑕𐑑𐑦𐑼𐑦	ɒsti+əri	NN1	RSSB	97	shave_agrees
otherworld	𐑳𐑞𐑼𐑢𐑻𐑤𐑛	ˈʌðəRˌwɜːRld	NN1	GenAm	97	shave_agrees
outdoorsy	𐑬𐑑𐑛𐑹𐑟𐑦	aʊtˈdɔːRzi	AJ0	GenAm	97	shave_agrees
outercourse	𐑬𐑑𐑼𐑒𐑹𐑕	aʊtəRkɔːRs	NN1	RSSB	97	shave_agrees
outreach	𐑬𐑑𐑮𐑰𐑗	ˈaʊtriːtʃ	NN1	RSSB	97	shave_agrees
outskirt	𐑬𐑑𐑕𐑒𐑻𐑑	ˈaʊtskɜːRt	NN1	GenAm	97	shave_agrees
outsource	𐑬𐑑𐑕𐑹𐑕	ˈaʊtˌsɔːRs	VVI	GenAm	97	shave_agrees
outwardness	𐑬𐑑𐑢𐑼𐑛𐑯𐑩𐑕	ˈaʊtwəRdnəs	NN1	GenAm	97	shave_agrees
overage	𐑴𐑝𐑼𐑦𐑡	əʊvərɪdʒ	NN1	RSSB	97	shave_agrees
overprotection	𐑴𐑝𐑼𐑐𐑮𐑩𐑑𐑧𐑒𐑖𐑩𐑯	ˌoʊvəRprəˈtekʃən	NN1	GenAm	97	shave_agrees
overprotective	𐑴𐑝𐑼𐑐𐑮𐑩𐑑𐑧𐑒𐑑𐑦𐑝	ˌoʊvəRprəˈtektɪv	AJ0	GenAm	97	shave_agrees
overreact	𐑴𐑝𐑼𐑮𐑦𐑨𐑒𐑑	ˌoʊvərriˈækt	VVI	GenAm	97	shave_agrees
oversolicitous	𐑴𐑝𐑼𐑕𐑩𐑤𐑦𐑕𐑦𐑑𐑩𐑕	ˌoʊvəRsəˈlɪsɪtəs	AJ0	GenAm	97	shave_agrees
overspecialize	𐑴𐑝𐑼𐑕𐑐𐑧𐑖𐑩𐑤𐑲𐑟	ˌoʊvəRˈspeʃəˌlaɪz	VVI	GenAm	97	shave_agrees
oversupply	𐑴𐑝𐑼𐑕𐑩𐑐𐑤𐑲	əʊvəRsəplaɪ	NN1	RSSB	97	shave_agrees
overweary	𐑴𐑝𐑼𐑢𐑽𐑦	əʊvəRwɪəri	VVI	RSSB	97	shave_agrees
ovine	𐑴𐑝𐑲𐑯	ˈoʊvaɪn	AJ0	RSSB	97	shave_agrees
ovipositor	𐑴𐑝𐑦𐑐𐑪𐑟𐑦𐑑𐑼	oʊvɪˈpɒzɪtəR	NN1	GenAm	97	shave_agrees
oxalate	𐑪𐑒𐑕𐑩𐑤𐑱𐑑	ˈɒksəleɪt	NN1	RSSB	97	shave_agrees
oximeter	𐑪𐑒𐑕𐑦𐑥𐑦𐑑𐑼	ɒksɪmɪtəR	NN1	RSSB	97	shave_agrees
oxymoron	𐑪𐑒𐑕𐑦𐑥𐑹𐑪𐑯	ˌɒksiˈmɔːRɒn	NN1	GenAm	97	shave_agrees
oxytocin	𐑪𐑒𐑕𐑦𐑑𐑴𐑕𐑦𐑯	ɒksiˈtoʊsɪn	NN1	GenAm	97	shave_agrees
oxytone	𐑪𐑒𐑕𐑦𐑑𐑴𐑯	ˈɒksɪˌtoʊn	NN1	GenAm	97	shave_agrees
oystercatcher	𐑶𐑕𐑑𐑼𐑒𐑨𐑗𐑼	ɔɪstəRkætʃəR	NN1	RSSB	97	shave_agrees
pablum	𐑐𐑨𐑚𐑤𐑩𐑥	ˈpæbləm	NN1	RSSB	97	shave_agrees
paca	𐑐𐑨𐑒𐑩	ˈpækə	NN1	RSSB	97	shave_agrees
pachinko	𐑐𐑩𐑗𐑦𐑙𐑒𐑴	pəˈtʃɪŋkəʊ	NN1	RSSB	97	shave_agrees
pacifier	𐑐𐑨𐑕𐑦𐑓𐑲𐑼	ˈpæsɪfaɪəR	NN1	GenAm	97	shave_agrees
paducah	𐑐𐑩𐑛𐑵𐑒𐑩	pəduːkə	NN1	RSSB	97	shave_agrees
pager	𐑐𐑱𐑡𐑼	peɪdʒəR	NN1	RSSB	97	shave_agrees
paginate	𐑐𐑨𐑡𐑦𐑯𐑱𐑑	ˈpædʒəneɪt	VVI	RSSB	97	shave_agrees
palatoglossal	𐑐𐑨𐑤𐑩𐑑𐑴𐑜𐑤𐑪𐑕𐑩𐑤	ˌpælətoʊˈɡlɒsəl	AJ0	GenAm	97	shave_agrees
palomino	𐑐𐑨𐑤𐑩𐑥𐑰𐑯𐑴	pæləˈmiːnoʊ	NN1	GenAm	97	shave_agrees
palpate	𐑐𐑨𐑤𐑐𐑱𐑑	ˈpælpeɪt	VVI	RSSB	97	shave_agrees
pandanus	𐑐𐑨𐑯𐑛𐑱𐑯𐑩𐑕	pænˈdeɪnəs	NN1	RSSB	97	shave_agrees
pandar	𐑐𐑨𐑯𐑛𐑼	pændəR	NN1	RSSB	97	shave_agrees
pandeism	𐑐𐑨𐑯𐑛𐑰𐑦𐑟𐑩𐑥	pænˈdiːɪzəm	NN1	GenAm	97	shave_agrees
paneling	𐑐𐑨𐑯𐑩𐑤𐑦𐑙	ˈpænəlɪŋ	NN1	RSSB	97	shave_agrees
pangolin	𐑐𐑨𐑙𐑜𐑩𐑤𐑦𐑯	ˈpæŋɡəlɪn	NN1	RSSB	97	shave_agrees
pansexual	𐑐𐑨𐑯𐑕𐑧𐑒𐑖𐑫𐑩𐑤	pænˈsekʃuəl	NN1	GenAm	97	shave_agrees
paraclete	𐑐𐑨𐑮𐑩𐑒𐑤𐑰𐑑	pærəkliːt	NN1	RSSB	97	shave_agrees
paradiddle	𐑐𐑨𐑮𐑩𐑛𐑦𐑛𐑩𐑤	pærədɪdəl	NN1	RSSB	97	shave_agrees
paradigmatic	𐑐𐑨𐑮𐑩𐑛𐑦𐑜𐑥𐑨𐑑𐑦𐑒	ˈpærədɪɡˈmætɪk	AJ0	GenAm	97	shave_agrees
paradisaical	𐑐𐑨𐑮𐑩𐑛𐑦𐑕𐑱𐑦𐑒𐑩𐑤	pærədɪseɪɪkəl	AJ0	RSSB	97	shave_agrees
paragliding	𐑐𐑨𐑮𐑩𐑜𐑤𐑲𐑛𐑦𐑙	pærəɡlaɪdɪŋ	NN1	RSSB	97	shave_agrees
paralipsis	𐑐𐑨𐑮𐑩𐑤𐑦𐑐𐑕𐑦𐑕	pærəlɪpsɪs	NN1	RSSB	97	shave_agrees
paramecium	𐑐𐑨𐑮𐑩𐑥𐑰𐑕𐑦𐑩𐑥	pærəmiːsi+əm	NN1	RSSB	97	shave_agrees
paraph	𐑐𐑨𐑮𐑩𐑓	parəf	NN1	RSSB	97	shave_agrees
paraphilia	𐑐𐑨𐑮𐑩𐑓𐑦𐑤𐑦𐑩	parəfɪlɪ+ə	NN1	RSSB	97	shave_agrees
parasympathetic	𐑐𐑨𐑮𐑩𐑕𐑦𐑥𐑐𐑩𐑔𐑧𐑑𐑦𐑒	parəsɪmpəθetɪk	AJ0	RSSB	97	shave_agrees
parenchyma	𐑐𐑼𐑧𐑙𐑒𐑦𐑥𐑩	pəreŋkɪmə	NN1	RSSB	97	shave_agrees
parisology	𐑐𐑨𐑮𐑦𐑕𐑪𐑤𐑩𐑡𐑦	pærɪsɒlədʒi	NN1	RSSB	97	shave_agrees
parkour	𐑐𐑸𐑒𐑫𐑼	pɑːRkʊəR	NN1	RSSB	97	shave_agrees
parlay	𐑐𐑸𐑤𐑱	ˈpɑːRˌleɪ	NN1	GenAm	97	shave_agrees
partible	𐑐𐑸𐑑𐑦𐑚𐑩𐑤	ˈpɑːRtɪbəl	AJ0	GenAm	97	shave_agrees
partita	𐑐𐑸𐑑𐑰𐑑𐑩	pɑːRtiːtə	NN1	RSSB	97	shave_agrees
parvis	𐑐𐑸𐑝𐑦𐑕	pɑːRvɪs	NN1	RSSB	97	shave_agrees
passer	𐑐𐑭𐑕𐑼	pɑːsəR	NN1	RSSB	97	shave_agrees
pastrami	𐑐𐑩𐑕𐑑𐑮𐑭𐑥𐑦	pəˈstrɑːmi	NN1	GenAm	97	shave_agrees
patrilineal	𐑐𐑨𐑑𐑮𐑦𐑤𐑦𐑯𐑾𐑤	patrɪlɪnɪəl	AJ0	RSSB	97	shave_agrees
patroller	𐑐𐑩𐑑𐑮𐑴𐑤𐑼	pəˈtroʊləR	NN1	GenAm	97	shave_agrees
patsy	𐑐𐑨𐑑𐑕𐑦	ˈpætsi	NN1	RSSB	97	shave_agrees
patzer	𐑐𐑨𐑑𐑕𐑼	patsəR	NN1	RSSB	97	shave_agrees
payback	𐑐𐑱𐑚𐑨𐑒	ˈpeɪbæk	NN1	RSSB	97	shave_agrees
paywall	𐑐𐑱𐑢𐑷𐑤	ˈpeɪwɔːl	NN1	RSSB	97	shave_agrees
peacekeeping	𐑐𐑰𐑕𐑒𐑰𐑐𐑦𐑙	ˈpiːskiːpɪŋ	NN1	RSSB	97	shave_agrees
peachy	𐑐𐑰𐑗𐑦	ˈpiːtʃi	AJ0	RSSB	97	shave_agrees
peccant	𐑐𐑧𐑒𐑩𐑯𐑑	ˈpekənt	AJ0	RSSB	97	shave_agrees
peckerwood	𐑐𐑧𐑒𐑼𐑢𐑫𐑛	ˈpekəRwʊd	NN1	GenAm	97	shave_agrees
pecs	𐑐𐑧𐑒𐑕	peks	NN1	RSSB	97	shave_agrees
pedicel	𐑐𐑧𐑛𐑦𐑕𐑩𐑤	ˈpedɪsəl	NN1	RSSB	97	shave_agrees
pedicle	𐑐𐑧𐑛𐑦𐑒𐑩𐑤	ˈpedɪkəl	NN1	RSSB	97	shave_agrees
pedophile	𐑐𐑰𐑛𐑩𐑓𐑲𐑤	ˈpiːdəˌfaɪl	NN1	RSSB	97	shave_agrees
pedophile	𐑐𐑧𐑛𐑩𐑓𐑲𐑤	ˈpedəˌfaɪl	NN1	GenAm	97	shave_agrees
pelagic	𐑐𐑩𐑤𐑨𐑡𐑦𐑒	pəˈlædʒɪk	AJ0	RSSB	97	shave_agrees
penile	𐑐𐑰𐑯𐑲𐑤	ˈpiːnaɪl	AJ0	RSSB	97	shave_agrees
penni	𐑐𐑧𐑯𐑦	ˈpeni	NN1	RSSB	97	shave_agrees
pennyroyal	𐑐𐑧𐑯𐑦𐑮𐑶𐑩𐑤	penɪrɔɪəl	NN1	RSSB	97	shave_agrees
pentacle	𐑐𐑧𐑯𐑑𐑩𐑒𐑩𐑤	ˈpentəkəl	NN1	GenAm	97	shave_agrees
pentad	𐑐𐑧𐑯𐑑𐑨𐑛	ˈpentæd	NN1	RSSB	97	shave_agrees
pentasyllabic	𐑐𐑧𐑯𐑑𐑩𐑕𐑦𐑤𐑨𐑚𐑦𐑒	ˌpentəsɪˈlæbɪk	AJ0	GenAm	97	shave_agrees
pepperoni	𐑐𐑧𐑐𐑼𐑴𐑯𐑦	pepəˈroʊni	NN1	GenAm	97	shave_agrees
pepperwort	𐑐𐑧𐑐𐑼𐑢𐑼𐑑	pepəRwəRt	NN1	RSSB	97	shave_agrees
peppy	𐑐𐑧𐑐𐑦	ˈpepi	AJ0	RSSB	97	shave_agrees
pepsi	𐑐𐑧𐑐𐑕𐑦	ˈpepsi	NN1	RSSB	97	shave_agrees
percale	𐑐𐑼𐑒𐑱𐑤	pəRkeɪl	NN1	RSSB	97	shave_agrees
percuss	𐑐𐑼𐑒𐑳𐑕	pəRˈkʌs	VVI	GenAm	97	shave_agrees
percussive	𐑐𐑼𐑒𐑳𐑕𐑦𐑝	pəRˈkʌsɪv	AJ0	GenAm	97	shave_agrees
perdurable	𐑐𐑼𐑛𐑘𐑫𐑼𐑩𐑚𐑩𐑤	pəRdjʊərəbəl	AJ0	RSSB	97	shave_agrees
perfective	𐑐𐑼𐑓𐑧𐑒𐑑𐑦𐑝	pəRfektɪv	NN1	RSSB	97	shave_agrees
pericarp	𐑐𐑧𐑮𐑦𐑒𐑸𐑐	ˈperɪˌkɑːRp	NN1	GenAm	97	shave_agrees
peridot	𐑐𐑧𐑮𐑦𐑛𐑪𐑑	ˈperɪdɒt	NN1	GenAm	97	shave_agrees
pernio	𐑐𐑻𐑯𐑦𐑴	ˈpɜːRnioʊ	NN1	GenAm	97	shave_agrees
persuader	𐑐𐑼𐑕𐑢𐑱𐑛𐑼	pəRˈsweɪdəR	NN1	GenAm	97	shave_agrees
pertinency	𐑐𐑻𐑑𐑦𐑯𐑩𐑯𐑕𐑦	pɜːRtɪnənsi	NN1	RSSB	97	shave_agrees
pervious	𐑐𐑻𐑝𐑦𐑩𐑕	pɜːRvi+əs	AJ0	RSSB	97	shave_agrees
pesto	𐑐𐑧𐑕𐑑𐑴	ˈpestoʊ	NN1	GenAm	97	shave_agrees
petaflop	𐑐𐑧𐑑𐑩𐑓𐑤𐑪𐑐	ˈpetəflɒp	NN1	GenAm	97	shave_agrees
petalless	𐑐𐑧𐑑𐑩𐑤𐑤𐑩𐑕	ˈpetəlləs	AJ0	RSSB	97	shave_agrees
petalous	𐑐𐑧𐑑𐑩𐑤𐑩𐑕	ˈpetələs	AJ0	RSSB	97	shave_agrees
petcock	𐑐𐑧𐑑𐑒𐑪𐑒	ˈpetkɒk	NN1	RSSB	97	shave_agrees
petter	𐑐𐑧𐑑𐑼	petəR	NN1	RSSB	97	shave_agrees
pettifog	𐑐𐑧𐑑𐑦𐑓𐑪𐑜	ˈpetiˌfɒɡ	VVI	RSSB	97	shave_agrees
pettifogger	𐑐𐑧𐑑𐑦𐑓𐑪𐑜𐑼	petɪfɒɡəR	NN1	RSSB	97	shave_agrees
pettifoggery	𐑐𐑧𐑑𐑦𐑓𐑪𐑜𐑼𐑦	petifɒɡəri	NN1	RSSB	97	shave_agrees
phage	𐑓𐑱𐑡	feɪdʒ	NN1	RSSB	97	shave_agrees
pharmacologic	𐑓𐑸𐑥𐑩𐑒𐑩𐑤𐑪𐑡𐑦𐑒	fɑːRməkəlɒdʒɪk	AJ0	RSSB	97	shave_agrees
phenelzine	𐑓𐑧𐑯𐑩𐑤𐑟𐑰𐑯	ˈfenəlˌziːn	NN1	GenAm	97	shave_agrees
phensuximide	𐑓𐑧𐑯𐑕𐑳𐑒𐑕𐑦𐑥𐑲𐑛	fenˈsʌksɪˌmaɪd	NN1	GenAm	97	shave_agrees
phenytoin	𐑓𐑧𐑯𐑦𐑑𐑴𐑦𐑯	feˈnɪtəʊɪn	NN1	RSSB	97	shave_agrees
phi	𐑓𐑲	faɪ	NN1	RSSB	97	shave_agrees
philia	𐑓𐑦𐑤𐑦𐑩	ˈfɪli+ə	NN1	RSSB	97	shave_agrees
philippic	𐑓𐑦𐑤𐑦𐑐𐑦𐑒	fɪˈlɪpɪk	NN1	RSSB	97	shave_agrees
philter	𐑓𐑦𐑤𐑑𐑼	ˈfɪltəR	NN1	GenAm	97	shave_agrees
phlebotomy	𐑓𐑤𐑦𐑚𐑪𐑑𐑩𐑥𐑦	flɪˈbɒtəmi	NN1	RSSB	97	shave_agrees
phoenician	𐑓𐑩𐑯𐑰𐑖𐑩𐑯	fəˈniːʃən	AJ0	GenAm	97	shave_agrees
phonate	𐑓𐑴𐑯𐑱𐑑	ˈfoʊˌneɪt	VVI	GenAm	97	shave_agrees
phonogram	𐑓𐑴𐑯𐑩𐑜𐑮𐑨𐑥	fəʊnəɡræm	NN1	RSSB	97	shave_agrees
phonogram	𐑓𐑪𐑯𐑩𐑜𐑮𐑨𐑥	ˈfɒnəˌɡræm	NN1	GenAm	97	shave_agrees
phosphine	𐑓𐑪𐑕𐑓𐑰𐑯	ˈfɒsfiːn	NN1	RSSB	97	shave_agrees
phosphor	𐑓𐑪𐑕𐑓𐑼	ˈfɒsfəR	NN1	GenAm	97	shave_agrees
photobomb	𐑓𐑴𐑑𐑴𐑚𐑪𐑥	ˈfəʊtəʊˌbɒm	VVI	RSSB	97	shave_agrees
phragmites	𐑓𐑮𐑨𐑜𐑥𐑲𐑑𐑰𐑟	fræɡˈmaɪtiːz	NN1	RSSB	97	shave_agrees
phrenic	𐑓𐑮𐑧𐑯𐑦𐑒	ˈfrenɪk	AJ0	RSSB	97	shave_agrees
phylactery	𐑓𐑦𐑤𐑨𐑒𐑑𐑼𐑦	fɪlæktəri	NN1	RSSB	97	shave_agrees
phylogeny	𐑓𐑲𐑤𐑪𐑡𐑩𐑯𐑦	faɪˈlɒdʒəni	NN1	GenAm	97	shave_agrees
picayune	𐑐𐑦𐑒𐑩𐑿𐑯	ˌpɪkəˈjuːn	AJ0	RSSB	97	shave_agrees
pickaninny	𐑐𐑦𐑒𐑩𐑯𐑦𐑯𐑦	ˈpɪkənɪni	NN1	RSSB	97	shave_agrees
picky	𐑐𐑦𐑒𐑦	ˈpɪki	AJ0	RSSB	97	shave_agrees
picosecond	𐑐𐑰𐑒𐑴𐑕𐑧𐑒𐑩𐑯𐑛	ˈpiːkəʊˌsekənd	NN1	RSSB	97	shave_agrees
pictural	𐑐𐑦𐑒𐑗𐑼𐑩𐑤	pɪktʃərəl	AJ0	RSSB	97	shave_agrees
piedmont	𐑐𐑰𐑛𐑥𐑪𐑯𐑑	ˈpiːdmɒnt	NN1	RSSB	97	shave_agrees
pignut	𐑐𐑦𐑜𐑯𐑳𐑑	ˈpɪɡnʌt	NN1	RSSB	97	shave_agrees
pika	𐑐𐑲𐑒𐑩	ˈpaɪkə	NN1	GenAm	97	shave_agrees
pima	𐑐𐑰𐑥𐑩	ˈpiːmə	NN1	GenAm	97	shave_agrees
pimozide	𐑐𐑦𐑥𐑩𐑟𐑲𐑛	ˈpɪməzaɪd	NN1	RSSB	97	shave_agrees
pinata	𐑐𐑦𐑯𐑘𐑭𐑑𐑩	pɪnˈjɑːtə	NN1	RSSB	97	shave_agrees
pinko	𐑐𐑦𐑙𐑒𐑴	pɪŋkoʊ	NN1	GenAm	97	shave_agrees
pinna	𐑐𐑦𐑯𐑩	ˈpɪnə	NN1	RSSB	97	shave_agrees
pinot	𐑐𐑰𐑯𐑴	ˈpiːnoʊ	NN1	GenAm	97	shave_agrees
pintle	𐑐𐑦𐑯𐑑𐑩𐑤	ˈpɪntəl	NN1	RSSB	97	shave_agrees
pinto	𐑐𐑦𐑯𐑑𐑴	ˈpɪntəʊ	NN1	RSSB	97	shave_agrees
pinyin	𐑐𐑦𐑯𐑘𐑦𐑯	ˈpɪnjɪn	NN1	RSSB	97	shave_agrees
pipit	𐑐𐑦𐑐𐑦𐑑	ˈpɪpɪt	NN1	RSSB	97	shave_agrees
placative	𐑐𐑤𐑩𐑒𐑱𐑑𐑦𐑝	pləˈkeɪtɪv	AJ0	RSSB	97	shave_agrees
placatory	𐑐𐑤𐑩𐑒𐑱𐑑𐑼𐑦	pləkeɪtəri	AJ0	RSSB	97	shave_agrees
placer	𐑐𐑤𐑨𐑕𐑼	plæsəR	NN1	RSSB	97	shave_agrees
planar	𐑐𐑤𐑱𐑯𐑼	ˈpleɪnəR	AJ0	GenAm	97	shave_agrees
planck	𐑐𐑤𐑨𐑙𐑒	plaŋk	NN1	RSSB	97	shave_agrees
plantal	𐑐𐑤𐑭𐑯𐑑𐑩𐑤	ˈplɑːntəl	AJ0	RSSB	97	shave_agrees
plantigrade	𐑐𐑤𐑨𐑯𐑑𐑦𐑜𐑮𐑱𐑛	ˈplæntɪɡreɪd	AJ0	RSSB	97	shave_agrees
plastron	𐑐𐑤𐑨𐑕𐑑𐑮𐑩𐑯	plæstrən	NN1	RSSB	97	shave_agrees
plausive	𐑐𐑤𐑷𐑟𐑦𐑝	ˈplɔːzɪv	AJ0	RSSB	97	shave_agrees
pleader	𐑐𐑤𐑰𐑛𐑼	pliːdəR	NN1	RSSB	97	shave_agrees
plebe	𐑐𐑤𐑰𐑚	pliːb	NN1	GenAm	97	shave_agrees
plethoric	𐑐𐑤𐑧𐑔𐑼𐑦𐑒	pleθərɪk	AJ0	RSSB	97	shave_agrees
pleural	𐑐𐑤𐑫𐑼𐑩𐑤	plʊərəl	AJ0	RSSB	97	shave_agrees
plexor	𐑐𐑤𐑧𐑒𐑕𐑼	pleksəR	NN1	RSSB	97	shave_agrees
plowed	𐑐𐑤𐑬𐑛	plaʊd	AJ0	RSSB	97	shave_agrees
plowman	𐑐𐑤𐑬𐑥𐑩𐑯	ˈplaʊmən	NN1	RSSB	97	shave_agrees
pluralization	𐑐𐑤𐑫𐑼𐑩𐑤𐑦𐑟𐑱𐑖𐑩𐑯	plʊərəlɪzeɪʃən	NN1	RSSB	97	shave_agrees
plutarch	𐑐𐑤𐑵𐑑𐑸𐑒	pluːtɑːRk	NN1	RSSB	97	shave_agrees
plutonic	𐑐𐑤𐑵𐑑𐑪𐑯𐑦𐑒	pluːˈtɒnɪk	AJ0	RSSB	97	shave_agrees
pogey	𐑐𐑴𐑜𐑦	ˈpəʊɡi	NN1	RSSB	97	shave_agrees
poignance	𐑐𐑶𐑯𐑘𐑩𐑯𐑕	ˈpɔɪnjəns	NN1	RSSB	97	shave_agrees
pol	𐑐𐑪𐑤	pɒl	NN1	GenAm	97	shave_agrees
polder	𐑐𐑴𐑤𐑛𐑼	pəʊldəR	NN1	RSSB	97	shave_agrees
polemical	𐑐𐑩𐑤𐑧𐑥𐑦𐑒𐑩𐑤	pəˈlemɪkəl	AJ0	RSSB	97	shave_agrees
politesse	𐑐𐑪𐑤𐑦𐑑𐑧𐑕	pɒlɪˈtes	NN1	RSSB	97	shave_agrees
pollinator	𐑐𐑪𐑤𐑦𐑯𐑱𐑑𐑼	pɒlɪneɪtəR	NN1	RSSB	97	shave_agrees
polychromatic	𐑐𐑪𐑤𐑦𐑒𐑮𐑴𐑥𐑨𐑑𐑦𐑒	ˌpɒlikrəʊˈmætɪk	AJ0	RSSB	97	shave_agrees
polydactyly	𐑐𐑪𐑤𐑦𐑛𐑨𐑒𐑑𐑦𐑤𐑦	ˌpɒlɪˈdaktɪli	NN1	RSSB	97	shave_agrees
polygraph	𐑐𐑪𐑤𐑦𐑜𐑮𐑨𐑓	ˈpɒliɡræf	NN1	RSSB	97	shave_agrees
polygynist	𐑐𐑩𐑤𐑦𐑡𐑦𐑯𐑦𐑕𐑑	pəˈlɪdʒɪnɪst	NN1	RSSB	97	shave_agrees
polygynous	𐑐𐑩𐑤𐑦𐑡𐑦𐑯𐑩𐑕	pəˈlɪdʒɪnəs	AJ0	RSSB	97	shave_agrees
polygyny	𐑐𐑩𐑤𐑦𐑡𐑦𐑯𐑦	pəˈlɪdʒɪnɪ	NN1	RSSB	97	shave_agrees
polymerization	𐑐𐑪𐑤𐑦𐑥𐑼𐑲𐑟𐑱𐑖𐑩𐑯	pɒlɪməraɪzeɪʃən	NN1	RSSB	97	shave_agrees
polymerize	𐑐𐑪𐑤𐑦𐑥𐑼𐑲𐑟	pɒlɪməraɪz	VVI	RSSB	97	shave_agrees
polyploidy	𐑐𐑪𐑤𐑦𐑐𐑤𐑶𐑛𐑦	ˈpɒlɪplɔɪdi	NN1	RSSB	97	shave_agrees
polypody	𐑐𐑪𐑤𐑦𐑐𐑴𐑛𐑦	ˈpɒlɪpəʊdi	NN1	RSSB	97	shave_agrees
polysynthetic	𐑐𐑪𐑤𐑦𐑕𐑦𐑯𐑔𐑧𐑑𐑦𐑒	ˌpɒlisɪnˈθetɪk	AJ0	RSSB	97	shave_agrees
polytheist	𐑐𐑪𐑤𐑦𐑔𐑰𐑦𐑕𐑑	pɒlɪˈθiːɪst	NN1	RSSB	97	shave_agrees
polytonal	𐑐𐑪𐑤𐑦𐑑𐑴𐑯𐑩𐑤	ˌpɒliˈtoʊnəl	AJ0	GenAm	97	shave_agrees
polyzoa	𐑐𐑪𐑤𐑦𐑟𐑴𐑩	pɒliˈzəʊə	NN1	RSSB	97	shave_agrees
polyzoan	𐑐𐑪𐑤𐑦𐑟𐑴𐑩𐑯	pɒliˈzəʊən	NN1	RSSB	97	shave_agrees
pompano	𐑐𐑪𐑥𐑐𐑩𐑯𐑴	ˈpɒmpənəʊ	NN1	RSSB	97	shave_agrees
ponderosity	𐑐𐑪𐑯𐑛𐑼𐑪𐑕𐑦𐑑𐑦	pɒndərɒsɪti	NN1	RSSB	97	shave_agrees
pons	𐑐𐑪𐑯𐑟	pɒnz	NN1	RSSB	97	shave_agrees
popliteal	𐑐𐑪𐑐𐑤𐑦𐑑𐑦𐑩𐑤	pɒˈplɪtɪ+əl	AJ0	RSSB	97	shave_agrees
popsicle	𐑐𐑪𐑐𐑕𐑦𐑒𐑩𐑤	ˈpɒpsɪkəl	NN1	GenAm	97	shave_agrees
porno	𐑐𐑹𐑯𐑴	pɔːRnəʊ	NN1	RSSB	97	shave_agrees
positron	𐑐𐑪𐑟𐑦𐑑𐑮𐑪𐑯	ˈpɒzɪtrɒn	NN1	GenAm	97	shave_agrees
postalveolar	𐑐𐑴𐑕𐑑𐑨𐑤𐑝𐑦𐑴𐑤𐑼	pəʊstælviəʊləR	NN1	RSSB	97	shave_agrees
postdoc	𐑐𐑴𐑕𐑑𐑛𐑪𐑒	ˈpoʊstˌdɒk	NN1	RSSB	97	shave_agrees
postlude	𐑐𐑴𐑕𐑑𐑤𐑵𐑛	ˈpəʊstluːd	NN1	RSSB	97	shave_agrees
postmodernism	𐑐𐑴𐑕𐑑𐑥𐑪𐑛𐑼𐑯𐑦𐑟𐑩𐑥	pəʊstˈmɒdəRnɪzəm	NN1	GenAm	97	shave_agrees
postoperative	𐑐𐑴𐑕𐑑𐑪𐑐𐑼𐑩𐑑𐑦𐑝	poʊstˈɒpərətɪv	AJ0	GenAm	97	shave_agrees
potlatch	𐑐𐑪𐑑𐑤𐑨𐑗	ˈpɒtˌlætʃ	NN1	GenAm	97	shave_agrees
potluck	𐑐𐑪𐑑𐑤𐑳𐑒	ˈpɒtˌlʌk	NN1	GenAm	97	shave_agrees
pottle	𐑐𐑪𐑑𐑩𐑤	ˈpɒtəl	NN1	RSSB	97	shave_agrees
potto	𐑐𐑪𐑑𐑴	ˈpɒtəʊ	NN1	RSSB	97	shave_agrees
powhatan	𐑐𐑬𐑩𐑑𐑨𐑯	paʊəˈtæn	NN1	RSSB	97	shave_agrees
praetorship	𐑐𐑮𐑰𐑑𐑼𐑖𐑦𐑐	priːtəRʃɪp	NN1	RSSB	97	shave_agrees
praia	𐑐𐑮𐑲𐑩	praɪə	NN1	RSSB	97	shave_agrees
praline	𐑐𐑮𐑭𐑤𐑰𐑯	prɑːliːn	NN1	RSSB	97	shave_agrees
praline	𐑐𐑮𐑱𐑤𐑰𐑯	ˈpreɪˌliːn	NN1	GenAm	97	shave_agrees
prandial	𐑐𐑮𐑨𐑯𐑛𐑦𐑩𐑤	ˈprændi+əl	AJ0	GenAm	97	shave_agrees
precedency	𐑐𐑮𐑧𐑕𐑦𐑛𐑩𐑯𐑕𐑦	presɪdənsi	NN1	RSSB	97	shave_agrees
prednisone	𐑐𐑮𐑧𐑛𐑯𐑦𐑟𐑴𐑯	ˈprednɪzəʊn	NN1	RSSB	97	shave_agrees
preeminent	𐑐𐑮𐑰𐑧𐑥𐑦𐑯𐑩𐑯𐑑	priːemɪnənt	AJ0	RSSB	97	shave_agrees
premenstrual	𐑐𐑮𐑰𐑥𐑧𐑯𐑕𐑑𐑮𐑫𐑩𐑤	priːmenstrʊəl	AJ0	RSSB	97	shave_agrees
prepose	𐑐𐑮𐑰𐑐𐑴𐑟	priːˈpəʊz	VVI	RSSB	97	shave_agrees
preprandial	𐑐𐑮𐑰𐑐𐑮𐑨𐑯𐑛𐑦𐑩𐑤	ˌpriːˈprændi+əl	AJ0	GenAm	97	shave_agrees
presbyopic	𐑐𐑮𐑧𐑟𐑚𐑦𐑪𐑐𐑦𐑒	prezbiˈɒpɪk	AJ0	RSSB	97	shave_agrees
primo	𐑐𐑮𐑰𐑥𐑴	ˈpriːmoʊ	AJ0	RSSB	97	shave_agrees
prion	𐑐𐑮𐑰𐑪𐑯	ˈpriːɒn	NN1	RSSB	97	shave_agrees
procaine	𐑐𐑮𐑴𐑒𐑱𐑯	ˈproʊˌkeɪn	NN1	GenAm	97	shave_agrees
prochlorperazine	𐑐𐑮𐑴𐑒𐑤𐑹𐑐𐑧𐑮𐑩𐑟𐑰𐑯	ˌproʊˌklɔːRˈperəˌziːn	NN1	GenAm	97	shave_agrees
procrustean	𐑐𐑮𐑴𐑒𐑮𐑳𐑕𐑑𐑦𐑩𐑯	prəʊkrʌsti+ən	AJ0	RSSB	97	shave_agrees
prodromal	𐑐𐑮𐑴𐑛𐑮𐑴𐑥𐑩𐑤	prəʊdrəʊməl	AJ0	RSSB	97	shave_agrees
professionalization	𐑐𐑮𐑩𐑓𐑧𐑖𐑩𐑯𐑩𐑤𐑲𐑟𐑱𐑖𐑩𐑯	prəfeʃənəlaɪzeɪʃən	NN1	RSSB	97	shave_agrees
progesterone	𐑐𐑮𐑴𐑡𐑧𐑕𐑑𐑼𐑴𐑯	proʊˈdʒestəˌroʊn	NN1	GenAm	97	shave_agrees
prognosticator	𐑐𐑮𐑪𐑜𐑯𐑪𐑕𐑑𐑦𐑒𐑱𐑑𐑼	prɒɡnɒstɪkeɪtəR	NN1	RSSB	97	shave_agrees
prolate	𐑐𐑮𐑴𐑤𐑱𐑑	ˈprəʊleɪt	AJ0	RSSB	97	shave_agrees
prolepsis	𐑐𐑮𐑴𐑤𐑧𐑐𐑕𐑦𐑕	proʊˈlepsɪs	NN1	RSSB	97	shave_agrees
proletarianism	𐑐𐑮𐑴𐑤𐑦𐑑𐑺𐑾𐑯𐑦𐑟𐑩𐑥	prəʊlɪteərɪənɪzəm	NN1	RSSB	97	shave_agrees
promo	𐑐𐑮𐑴𐑥𐑴	ˈprəʊməʊ	NN1	RSSB	97	shave_agrees
pronate	𐑐𐑮𐑴𐑯𐑱𐑑	ˈproʊneɪt	VVI	GenAm	97	shave_agrees
propagandistic	𐑐𐑮𐑪𐑐𐑩𐑜𐑨𐑯𐑛𐑦𐑕𐑑𐑦𐑒	prɒpəɡandɪstɪk	AJ0	RSSB	97	shave_agrees
properness	𐑐𐑮𐑪𐑐𐑼𐑯𐑩𐑕	ˈprɒpəRnəs	NN1	GenAm	97	shave_agrees
prorate	𐑐𐑮𐑴𐑮𐑱𐑑	proʊˈreɪt	VVI	RSSB	97	shave_agrees
protamine	𐑐𐑮𐑴𐑑𐑩𐑥𐑰𐑯	ˈproʊtəˌmiːn	NN1	GenAm	97	shave_agrees
protist	𐑐𐑮𐑴𐑑𐑦𐑕𐑑	ˈproʊtɪst	NN1	RSSB	97	shave_agrees
protozoan	𐑐𐑮𐑴𐑑𐑩𐑟𐑴𐑩𐑯	ˌproʊtəˈzoʊən	AJ0	GenAm	97	shave_agrees
proustian	𐑐𐑮𐑵𐑕𐑑𐑦𐑩𐑯	pruːstɪ+ən	AJ0	RSSB	97	shave_agrees
proximal	𐑐𐑮𐑪𐑒𐑕𐑦𐑥𐑩𐑤	prɒksɪməl	AJ0	RSSB	97	shave_agrees
psilosis	𐑕𐑲𐑤𐑴𐑕𐑦𐑕	saɪˈloʊsɪs	NN1	GenAm	97	shave_agrees
psychokinesis	𐑕𐑲𐑒𐑴𐑒𐑦𐑯𐑰𐑕𐑦𐑕	ˌsaɪkoʊkɪˈniːsɪs	NN1	GenAm	97	shave_agrees
psychopomp	𐑕𐑲𐑒𐑴𐑐𐑪𐑥𐑐	ˈsaɪkoʊpɒmp	NN1	GenAm	97	shave_agrees
psychosexuality	𐑕𐑲𐑒𐑴𐑕𐑧𐑒𐑖𐑫𐑨𐑤𐑦𐑑𐑦	saɪkəʊsekʃʊˈalɪti	NN1	RSSB	97	shave_agrees
pterosaur	𐑑𐑧𐑮𐑩𐑕𐑹	ˈterəˌsɔːR	NN1	GenAm	97	shave_agrees
pudge	𐑐𐑳𐑡	pʌdʒ	NN1	RSSB	97	shave_agrees
puffer	𐑐𐑳𐑓𐑼	ˈpʌfəR	NN1	GenAm	97	shave_agrees
puller	𐑐𐑫𐑤𐑼	ˈpʊləR	NN1	GenAm	97	shave_agrees
purine	𐑐𐑘𐑫𐑼𐑰𐑯	pjʊəriːn	NN1	RSSB	97	shave_agrees
purlieu	𐑐𐑻𐑤𐑿	pɜːRljuː	NN1	RSSB	97	shave_agrees
purslane	𐑐𐑻𐑕𐑤𐑩𐑯	ˈpɜːRslən	NN1	GenAm	97	shave_agrees
pushpin	𐑐𐑫𐑖𐑐𐑦𐑯	ˈpʊʃˌpɪn	NN1	RSSB	97	shave_agrees
pushy	𐑐𐑫𐑖𐑦	ˈpʊʃi	AJ0	RSSB	97	shave_agrees
putz	𐑐𐑳𐑑𐑕	pʌts	NN1	RSSB	97	shave_agrees
pyramidic	𐑐𐑦𐑮𐑩𐑥𐑦𐑛𐑦𐑒	pɪrəmɪdɪk	AJ0	RSSB	97	shave_agrees
pyrexia	𐑐𐑲𐑮𐑧𐑒𐑕𐑦𐑩	paɪˈreksi+ə	NN1	GenAm	97	shave_agrees
pyrite	𐑐𐑲𐑮𐑲𐑑	ˈpaɪˌraɪt	NN1	RSSB	97	shave_agrees
pyromaniac	𐑐𐑲𐑮𐑴𐑥𐑱𐑯𐑦𐑨𐑒	ˌpaɪroʊˈmeɪniæk	NN1	GenAm	97	shave_agrees
pythagoras	𐑐𐑲𐑔𐑨𐑜𐑼𐑩𐑕	paɪθæɡərəs	NN1	RSSB	97	shave_agrees
qadi	𐑒𐑭𐑛𐑦	ˈkɑːdi	NN1	RSSB	97	shave_agrees
quaalude	𐑒𐑢𐑱𐑤𐑵𐑛	ˈkweɪluːd	NN1	RSSB	97	shave_agrees
quadriplegic	𐑒𐑢𐑪𐑛𐑮𐑦𐑐𐑤𐑰𐑡𐑦𐑒	ˌkwɒdrɪˈpliːdʒɪk	NN1	GenAm	97	shave_agrees
quamash	𐑒𐑢𐑭𐑥𐑨𐑖	ˈkwɑːmæʃ	NN1	RSSB	97	shave_agrees
quantized	𐑒𐑢𐑪𐑯𐑑𐑲𐑟𐑛	ˈkwɒntaɪzd	AJ0	RSSB	97	shave_agrees
quarrelsomeness	𐑒𐑢𐑪𐑮𐑩𐑤𐑕𐑩𐑥𐑯𐑩𐑕	kwɒrəlsəmnəs	NN1	RSSB	97	shave_agrees
quartan	𐑒𐑢𐑹𐑑𐑩𐑯	ˈkwɔːRtən	AJ0	GenAm	97	shave_agrees
quaternion	𐑒𐑢𐑩𐑑𐑻𐑯𐑦𐑩𐑯	kwətɜːRni+ən	NN1	RSSB	97	shave_agrees
quickener	𐑒𐑢𐑦𐑒𐑩𐑯𐑼	ˈkwɪkənəR	NN1	GenAm	97	shave_agrees
quiddity	𐑒𐑢𐑦𐑛𐑦𐑑𐑦	ˈkwɪdɪti	NN1	RSSB	97	shave_agrees
quincy	𐑒𐑢𐑦𐑯𐑕𐑦	ˈkwɪnsi	NN1	RSSB	97	shave_agrees
quinidine	𐑒𐑢𐑦𐑯𐑦𐑛𐑰𐑯	ˈkwɪnɪdiːn	NN1	RSSB	97	shave_agrees
quirt	𐑒𐑢𐑻𐑑	kwɜːRt	NN1	RSSB	97	shave_agrees
quondam	𐑒𐑢𐑪𐑯𐑛𐑩𐑥	ˈkwɒndəm	AJ0	RSSB	97	shave_agrees
rabbinic	𐑮𐑩𐑚𐑦𐑯𐑦𐑒	rəbɪnɪk	AJ0	RSSB	97	shave_agrees
radiophoto	𐑮𐑱𐑛𐑦𐑴𐑓𐑴𐑑𐑴	reɪdɪəʊfəʊtəʊ	NN1	RSSB	97	shave_agrees
ragwort	𐑮𐑨𐑜𐑢𐑼𐑑	raɡwəRt	NN1	RSSB	97	shave_agrees
rainmaker	𐑮𐑱𐑯𐑥𐑱𐑒𐑼	ˈreɪnˌmeɪkəR	NN1	GenAm	97	shave_agrees
rale	𐑮𐑭𐑤	rɑːl	NN1	RSSB	97	shave_agrees
rammer	𐑮𐑨𐑥𐑼	ræməR	NN1	RSSB	97	shave_agrees
ramus	𐑮𐑱𐑥𐑩𐑕	reɪməs	NN1	RSSB	97	shave_agrees
rancor	𐑮𐑨𐑙𐑒𐑼	ræŋkəR	NN1	RSSB	97	shave_agrees
rangy	𐑮𐑱𐑯𐑡𐑦	ˈreɪndʒi	AJ0	RSSB	97	shave_agrees
ranitidine	𐑮𐑩𐑯𐑦𐑑𐑦𐑛𐑰𐑯	rəˈnɪtɪˌdiːn	NN1	GenAm	97	shave_agrees
raper	𐑮𐑱𐑐𐑼	reɪpəR	NN1	RSSB	97	shave_agrees
raphe	𐑮𐑱𐑓𐑦	ˈreɪfi	NN1	RSSB	97	shave_agrees
rapporteur	𐑮𐑨𐑐𐑹𐑑𐑻	ˌræpɔːRˈtɜːR	NN1	GenAm	97	shave_agrees
raptus	𐑮𐑨𐑐𐑑𐑩𐑕	raptəs	NN1	RSSB	97	shave_agrees
raster	𐑮𐑨𐑕𐑑𐑼	ˈræstəR	NN1	GenAm	97	shave_agrees
ratel	𐑮𐑱𐑑𐑩𐑤	reɪtəl	NN1	RSSB	97	shave_agrees
ratite	𐑮𐑨𐑑𐑲𐑑	ˈrætaɪt	NN1	RSSB	97	shave_agrees
rattail	𐑮𐑨𐑑𐑑𐑱𐑤	ˈrætteɪl	NN1	RSSB	97	shave_agrees
raunch	𐑮𐑷𐑯𐑗	rɔːntʃ	NN1	RSSB	97	shave_agrees
razz	𐑮𐑨𐑟	ræz	NN1	RSSB	97	shave_agrees
reamer	𐑮𐑰𐑥𐑼	ˈriːmər	NN1	GenAm	97	shave_agrees
reboot	𐑮𐑰𐑚𐑵𐑑	ˈriːbuːt	VVI	RSSB	97	shave_agrees
recalcitrate	𐑮𐑦𐑒𐑨𐑤𐑕𐑦𐑑𐑮𐑱𐑑	rɪˈkælsɪtreɪt	VVI	RSSB	97	shave_agrees
recency	𐑮𐑰𐑕𐑩𐑯𐑕𐑦	riːsənsi	NN1	RSSB	97	shave_agrees
reconnoiter	𐑮𐑧𐑒𐑩𐑯𐑶𐑑𐑼	ˌrekəˈnɔɪtəR	VVI	GenAm	97	shave_agrees
reconnoitering	𐑮𐑧𐑒𐑩𐑯𐑶𐑑𐑼𐑦𐑙	rekənɔɪtərɪŋ	NN1	RSSB	97	shave_agrees
reconstitute	𐑮𐑰𐑒𐑪𐑯𐑕𐑑𐑦𐑑𐑿𐑑	riːˈkɒnstɪtjuːt	VVI	RSSB	97	shave_agrees
rectus	𐑮𐑧𐑒𐑑𐑩𐑕	rektəs	NN1	RSSB	97	shave_agrees
recusal	𐑮𐑦𐑒𐑿𐑟𐑩𐑤	rɪkjuːzəl	NN1	RSSB	97	shave_agrees
reddishness	𐑮𐑧𐑛𐑦𐑖𐑯𐑩𐑕	redɪʃnəs	NN1	RSSB	97	shave_agrees
redneck	𐑮𐑧𐑛𐑯𐑧𐑒	ˈrednek	NN1	RSSB	97	shave_agrees
redox	𐑮𐑰𐑛𐑪𐑒𐑕	ˈriːdɒks	NN1	RSSB	97	shave_agrees
redshift	𐑮𐑧𐑛𐑖𐑦𐑓𐑑	ˈredˌʃɪft	NN1	RSSB	97	shave_agrees
reductive	𐑮𐑦𐑛𐑳𐑒𐑑𐑦𐑝	rɪˈdʌktɪv	AJ0	RSSB	97	shave_agrees
regardant	𐑮𐑦𐑜𐑸𐑛𐑩𐑯𐑑	rɪɡɑːRdənt	AJ0	RSSB	97	shave_agrees
regift	𐑮𐑰𐑜𐑦𐑓𐑑	riːˈɡɪft	VVI	GenAm	97	shave_agrees
relearn	𐑮𐑰𐑤𐑻𐑯	riːlɜːRn	VVI	RSSB	97	shave_agrees
rematch	𐑮𐑰𐑥𐑨𐑗	ˈriːmætʃ	NN1	GenAm	97	shave_agrees
remora	𐑮𐑰𐑥𐑹𐑩	riːˈmɔːRə	NN1	GenAm	97	shave_agrees
rennin	𐑮𐑧𐑯𐑦𐑯	ˈrenɪn	NN1	RSSB	97	shave_agrees
restrainer	𐑮𐑦𐑕𐑑𐑮𐑱𐑯𐑼	rɪˈstreɪnəR	NN1	GenAm	97	shave_agrees
restrengthen	𐑮𐑰𐑕𐑑𐑮𐑧𐑙𐑔𐑩𐑯	riːstreŋθən	VVI	RSSB	97	shave_agrees
resurge	𐑮𐑦𐑕𐑻𐑡	rɪsɜːRdʒ	VVI	RSSB	97	shave_agrees
resuspension	𐑮𐑰𐑕𐑩𐑕𐑐𐑧𐑯𐑖𐑩𐑯	riːsəspenʃən	NN1	RSSB	97	shave_agrees
reticle	𐑮𐑧𐑑𐑦𐑒𐑩𐑤	retɪkəl	NN1	RSSB	97	shave_agrees
retractor	𐑮𐑦𐑑𐑮𐑨𐑒𐑑𐑼	rɪˈtræktəR	NN1	GenAm	97	shave_agrees
rewind	𐑮𐑰𐑢𐑲𐑯𐑛	riːˈwaɪnd	VVI	RSSB	97	shave_agrees
rheumy	𐑮𐑵𐑥𐑦	ˈruːmi	AJ0	RSSB	97	shave_agrees
rho	𐑮𐑴	roʊ	NN1	GenAm	97	shave_agrees
rhumb	𐑮𐑳𐑥	rʌm	NN1	RSSB	97	shave_agrees
ri	𐑮𐑰	riː	NN1	RSSB	97	shave_agrees
ribavirin	𐑮𐑲𐑚𐑩𐑝𐑲𐑮𐑦𐑯	raɪbəvaɪrɪn	NN1	RSSB	97	shave_agrees
ribosome	𐑮𐑲𐑚𐑩𐑕𐑴𐑥	ˈraɪbəˌsoʊm	NN1	GenAm	97	shave_agrees
rigidification	𐑮𐑦𐑡𐑦𐑛𐑦𐑓𐑦𐑒𐑱𐑖𐑩𐑯	rɪdʒɪdɪfɪkeɪʃən	NN1	RSSB	97	shave_agrees
risc	𐑮𐑦𐑕𐑒	ˈrɪsk	NN1	RSSB	97	shave_agrees
rivalrous	𐑮𐑲𐑝𐑩𐑤𐑮𐑩𐑕	ˈraɪvəlrəs	AJ0	GenAm	97	shave_agrees
roadkill	𐑮𐑴𐑛𐑒𐑦𐑤	ˈrəʊdˌkɪl	NN1	RSSB	97	shave_agrees
roadrunner	𐑮𐑴𐑛𐑮𐑳𐑯𐑼	roʊdrʌnəR	NN1	RSSB	97	shave_agrees
robotic	𐑮𐑴𐑚𐑪𐑑𐑦𐑒	roʊˈbɒtɪk	AJ0	GenAm	97	shave_agrees
robotics	𐑮𐑴𐑚𐑪𐑑𐑦𐑒𐑕	roʊˈbɒtɪks	NN1	GenAm	97	shave_agrees
rockabilly	𐑮𐑪𐑒𐑩𐑚𐑦𐑤𐑦	rɒkəbɪli	NN1	RSSB	97	shave_agrees
rockfish	𐑮𐑪𐑒𐑓𐑦𐑖	ˈrɒkfɪʃ	NN1	GenAm	97	shave_agrees
roister	𐑮𐑶𐑕𐑑𐑼	ˈrɔɪstəR	VVI	GenAm	97	shave_agrees
rooftree	𐑮𐑵𐑓𐑑𐑮𐑰	ˈruːftriː	NN1	RSSB	97	shave_agrees
roper	𐑮𐑴𐑐𐑼	rəʊpəR	NN1	RSSB	97	shave_agrees
ropy	𐑮𐑴𐑐𐑦	ˈrəʊpi	AJ0	RSSB	97	shave_agrees
roselle	𐑮𐑴𐑟𐑧𐑤	roʊˈzel	NN1	GenAm	97	shave_agrees
rotavirus	𐑮𐑴𐑑𐑩𐑝𐑲𐑮𐑩𐑕	rəʊtəvaɪrəs	NN1	RSSB	97	shave_agrees
roulade	𐑮𐑵𐑤𐑭𐑛	ruːlɑːd	NN1	RSSB	97	shave_agrees
roundworm	𐑮𐑬𐑯𐑛𐑢𐑻𐑥	ˈraʊndˌwɜːRm	NN1	GenAm	97	shave_agrees
rubbernecker	𐑮𐑳𐑚𐑼𐑯𐑧𐑒𐑼	ˈrʌbəRˌnekəR	NN1	GenAm	97	shave_agrees
rube	𐑮𐑵𐑚	ruːb	NN1	RSSB	97	shave_agrees
rubella	𐑮𐑵𐑚𐑧𐑤𐑩	ruːbelə	NN1	RSSB	97	shave_agrees
ruble	𐑮𐑵𐑚𐑩𐑤	ruːbəl	NN1	RSSB	97	shave_agrees
ruhr	𐑮𐑫𐑼	rʊəR	NN1	GenAm	97	shave_agrees
rulership	𐑮𐑵𐑤𐑼𐑖𐑦𐑐	ruːləRʃɪp	NN1	RSSB	97	shave_agrees
rus	𐑮𐑵𐑕	ruːs	NN1	RSSB	97	shave_agrees
ryukyuan	𐑮𐑿𐑒𐑿𐑩𐑯	rjuːkjuːən	NN1	RSSB	97	shave_agrees
saber	𐑕𐑱𐑚𐑼	ˈseɪbəR	NN1	GenAm	97	shave_agrees
sabin	𐑕𐑱𐑚𐑦𐑯	ˈseɪbɪn	NN1	RSSB	97	shave_agrees
saccade	𐑕𐑩𐑒𐑭𐑛	səˈkɑːd	NN1	RSSB	97	shave_agrees
saccharide	𐑕𐑨𐑒𐑼𐑲𐑛	ˈsækəraɪd	NN1	GenAm	97	shave_agrees
saccule	𐑕𐑨𐑒𐑿𐑤	ˈsækjuːl	NN1	RSSB	97	shave_agrees
sachem	𐑕𐑱𐑗𐑩𐑥	ˈseɪtʃəm	NN1	RSSB	97	shave_agrees
safflower	𐑕𐑨𐑓𐑤𐑬𐑼	sæflaʊəR	NN1	RSSB	97	shave_agrees
sagebrush	𐑕𐑱𐑡𐑚𐑮𐑳𐑖	ˈseɪdʒˌbrʌʃ	NN1	RSSB	97	shave_agrees
sagittal	𐑕𐑩𐑡𐑦𐑑𐑩𐑤	səˈdʒɪtəl	AJ0	RSSB	97	shave_agrees
sailboat	𐑕𐑱𐑤𐑚𐑴𐑑	ˈseɪlˌboʊt	NN1	GenAm	97	shave_agrees
salem	𐑕𐑱𐑤𐑩𐑥	ˈseɪləm	NN1	RSSB	97	shave_agrees
salish	𐑕𐑱𐑤𐑦𐑖	ˈseɪlɪʃ	NN1	GenAm	97	shave_agrees
saltbush	𐑕𐑷𐑤𐑑𐑚𐑫𐑖	ˈsɔːltˌbʊʃ	NN1	GenAm	97	shave_agrees
saltwort	𐑕𐑷𐑤𐑑𐑢𐑼𐑑	sɔːltwəRt	NN1	RSSB	97	shave_agrees
salyut	𐑕𐑭𐑤𐑿𐑑	sɑːlˈjuːt	NN1	RSSB	97	shave_agrees
sami	𐑕𐑭𐑥𐑦	ˈsɑːmi	NN1	RSSB	97	shave_agrees
samite	𐑕𐑨𐑥𐑲𐑑	ˈsæmaɪt	NN1	RSSB	97	shave_agrees
samnite	𐑕𐑨𐑥𐑯𐑲𐑑	ˈsæmnaɪt	NN1	RSSB	97	shave_agrees
sanctimony	𐑕𐑨𐑙𐑒𐑑𐑦𐑥𐑴𐑯𐑦	ˈsæŋktɪˌmoʊni	NN1	GenAm	97	shave_agrees
sandarac	𐑕𐑨𐑯𐑛𐑼𐑨𐑒	sændəræk	NN1	RSSB	97	shave_agrees
sander	𐑕𐑨𐑯𐑛𐑼	ˈsændəR	NN1	GenAm	97	shave_agrees
sandgrouse	𐑕𐑨𐑯𐑛𐑜𐑮𐑬𐑕	ˈsændˌɡraʊs	NN1	RSSB	97	shave_agrees
sandman	𐑕𐑨𐑯𐑛𐑥𐑨𐑯	ˈsændmæn	NN1	RSSB	97	shave_agrees
sapphism	𐑕𐑨𐑓𐑦𐑟𐑩𐑥	ˈsæfɪzəm	NN1	RSSB	97	shave_agrees
sapsucker	𐑕𐑨𐑐𐑕𐑳𐑒𐑼	ˈsæpˌsʌkər	NN1	GenAm	97	shave_agrees
sarcoma	𐑕𐑸𐑒𐑴𐑥𐑩	sɑːRˈkoʊmə	NN1	GenAm	97	shave_agrees
sarcomere	𐑕𐑸𐑒𐑴𐑥𐑽	sɑːRkəʊmɪəR	NN1	RSSB	97	shave_agrees
sargasso	𐑕𐑸𐑜𐑨𐑕𐑴	sɑːRˈɡæsoʊ	NN1	GenAm	97	shave_agrees
sartorius	𐑕𐑸𐑑𐑹𐑦𐑩𐑕	sɑːRtɔːri+əs	NN1	RSSB	97	shave_agrees
sashay	𐑕𐑨𐑖𐑱	ˈsæʃeɪ	NN1	RSSB	97	shave_agrees
sashimi	𐑕𐑨𐑖𐑦𐑥𐑦	saʃɪmɪ	NN1	RSSB	97	shave_agrees
saskatoon	𐑕𐑨𐑕𐑒𐑩𐑑𐑵𐑯	ˌsæskəˈtuːn	NN1	RSSB	97	shave_agrees
sass	𐑕𐑨𐑕	sæs	NN1	RSSB	97	shave_agrees
sassafras	𐑕𐑨𐑕𐑩𐑓𐑮𐑨𐑕	sasəfras	NN1	RSSB	97	shave_agrees
sassy	𐑕𐑨𐑕𐑦	ˈsæsi	AJ0	GenAm	97	shave_agrees
saury	𐑕𐑹𐑦	sɔːri	NN1	RSSB	97	shave_agrees
sawpit	𐑕𐑷𐑐𐑦𐑑	ˈsɔːpɪt	NN1	RSSB	97	shave_agrees
saxony	𐑕𐑨𐑒𐑕𐑩𐑯𐑦	ˈsæksəni	NN1	RSSB	97	shave_agrees
sazerac	𐑕𐑨𐑟𐑼𐑨𐑒	sæzəræk	NN1	RSSB	97	shave_agrees
scad	𐑕𐑒𐑨𐑛	skad	NN1	RSSB	97	shave_agrees
scag	𐑕𐑒𐑨𐑜	skæɡ	NN1	RSSB	97	shave_agrees
scalene	𐑕𐑒𐑱𐑤𐑰𐑯	ˈskeɪˌliːn	AJ0	GenAm	97	shave_agrees
scalenus	𐑕𐑒𐑱𐑤𐑰𐑯𐑩𐑕	skeɪˈliːnəs	NN1	GenAm	97	shave_agrees
scathe	𐑕𐑒𐑱𐑞	skeɪð	NN1	RSSB	97	shave_agrees
schadenfreude	𐑖𐑭𐑛𐑩𐑯𐑓𐑮𐑶𐑛𐑩	ʃɑːdənfrɔɪdə	NN1	RSSB	97	shave_agrees
schefflera	𐑖𐑧𐑓𐑤𐑼𐑩	ʃeflərə	NN1	RSSB	97	shave_agrees
schilling	𐑖𐑦𐑤𐑦𐑙	ˈʃɪlɪŋ	NN1	RSSB	97	shave_agrees
schlemiel	𐑖𐑤𐑩𐑥𐑰𐑤	ʃləˈmiːl	NN1	RSSB	97	shave_agrees
schlep	𐑖𐑤𐑧𐑐	ʃlep	NN1	RSSB	97	shave_agrees
schlock	𐑖𐑤𐑪𐑒	ʃlɒk	NN1	GenAm	97	shave_agrees
schmo	𐑖𐑥𐑴	ʃməʊ	NN1	RSSB	97	shave_agrees
schmooze	𐑖𐑥𐑵𐑟	ʃmuːz	NN1	RSSB	97	shave_agrees
schmuck	𐑖𐑥𐑳𐑒	ʃmʌk	NN1	RSSB	97	shave_agrees
schoolboyish	𐑕𐑒𐑵𐑤𐑚𐑶𐑦𐑖	ˈskuːlbɔɪɪʃ	AJ0	RSSB	97	shave_agrees
schoolwork	𐑕𐑒𐑵𐑤𐑢𐑻𐑒	skuːlwɜːRk	NN1	RSSB	97	shave_agrees
scintigram	𐑕𐑦𐑯𐑑𐑦𐑜𐑮𐑨𐑥	ˈsɪntɪɡram	NN1	RSSB	97	shave_agrees
scintillant	𐑕𐑦𐑯𐑑𐑦𐑤𐑩𐑯𐑑	ˈsɪntɪlənt	AJ0	RSSB	97	shave_agrees
sciolism	𐑕𐑲𐑩𐑤𐑦𐑟𐑩𐑥	ˈsaɪ+əlɪzəm	NN1	RSSB	97	shave_agrees
sciolist	𐑕𐑲𐑩𐑤𐑦𐑕𐑑	ˈsaɪəlɪst	NN1	RSSB	97	shave_agrees
scissor	𐑕𐑦𐑟𐑼	ˈsɪzəR	VVI	GenAm	97	shave_agrees
scoria	𐑕𐑒𐑹𐑦𐑩	ˈskɔːRi+ə	NN1	GenAm	97	shave_agrees
scoter	𐑕𐑒𐑴𐑑𐑼	ˈskoʊtəR	NN1	GenAm	97	shave_agrees
scourger	𐑕𐑒𐑻𐑡𐑼	skɜːRdʒəR	NN1	RSSB	97	shave_agrees
scouse	𐑕𐑒𐑬𐑕	skaʊs	NN1	RSSB	97	shave_agrees
scrapie	𐑕𐑒𐑮𐑱𐑐𐑦	ˈskreɪpi	NN1	RSSB	97	shave_agrees
screamer	𐑕𐑒𐑮𐑰𐑥𐑼	ˈskriːməR	NN1	GenAm	97	shave_agrees
scriptorium	𐑕𐑒𐑮𐑦𐑐𐑑𐑹𐑦𐑩𐑥	skrɪpˈtɔːRi+əm	NN1	GenAm	97	shave_agrees
scrod	𐑕𐑒𐑮𐑪𐑛	skrɒd	NN1	GenAm	97	shave_agrees
scrubber	𐑕𐑒𐑮𐑳𐑚𐑼	skrʌbəR	NN1	RSSB	97	shave_agrees
scrumpy	𐑕𐑒𐑮𐑳𐑥𐑐𐑦	ˈskrʌmpi	NN1	RSSB	97	shave_agrees
scuba	𐑕𐑒𐑵𐑚𐑩	ˈskuːbə	NN1	RSSB	97	shave_agrees
scumble	𐑕𐑒𐑳𐑥𐑚𐑩𐑤	ˈskʌmbəl	NN1	RSSB	97	shave_agrees
scuttlebutt	𐑕𐑒𐑳𐑑𐑩𐑤𐑚𐑳𐑑	ˈskʌtəlbʌt	NN1	RSSB	97	shave_agrees
sealant	𐑕𐑰𐑤𐑩𐑯𐑑	ˈsiːlənt	NN1	RSSB	97	shave_agrees
seatbelt	𐑕𐑰𐑑𐑚𐑧𐑤𐑑	ˈsiːtbelt	NN1	RSSB	97	shave_agrees
secant	𐑕𐑰𐑒𐑩𐑯𐑑	ˈsiːkənt	NN1	RSSB	97	shave_agrees
seder	𐑕𐑱𐑛𐑼	seɪdəR	NN1	RSSB	97	shave_agrees
segue	𐑕𐑧𐑜𐑢𐑱	ˈseɡweɪ	NN1	RSSB	97	shave_agrees
segway	𐑕𐑧𐑜𐑢𐑱	ˈseɡweɪ	NN1	RSSB	97	shave_agrees
seiche	𐑕𐑱𐑖	seɪʃ	NN1	GenAm	97	shave_agrees
seigniorage	𐑕𐑱𐑯𐑘𐑼𐑦𐑡	seɪnjərɪdʒ	NN1	RSSB	97	shave_agrees
seism	𐑕𐑲𐑟𐑩𐑥	ˈsaɪzəm	NN1	RSSB	97	shave_agrees
selenator	𐑕𐑦𐑤𐑰𐑯𐑱𐑑𐑼	sɪliːneɪtəR	NN1	RSSB	97	shave_agrees
selfsame	𐑕𐑧𐑤𐑓𐑕𐑱𐑥	ˈselfseɪm	AJ0	RSSB	97	shave_agrees
sellable	𐑕𐑧𐑤𐑩𐑚𐑩𐑤	ˈseləbəl	AJ0	RSSB	97	shave_agrees
selma	𐑕𐑧𐑤𐑥𐑩	ˈselmə	NN1	RSSB	97	shave_agrees
seltzer	𐑕𐑧𐑤𐑑𐑕𐑼	ˈseltsəR	NN1	GenAm	97	shave_agrees
selva	𐑕𐑧𐑤𐑝𐑩	ˈselvə	NN1	RSSB	97	shave_agrees
semiotics	𐑕𐑧𐑥𐑦𐑪𐑑𐑦𐑒𐑕	semiˈɒtɪks	NN1	RSSB	97	shave_agrees
semipermeable	𐑕𐑧𐑥𐑦𐑐𐑻𐑥𐑾𐑚𐑩𐑤	semipɜːRmiəbəl	AJ0	RSSB	97	shave_agrees
sensate	𐑕𐑧𐑯𐑕𐑱𐑑	ˈsenseɪt	AJ0	RSSB	97	shave_agrees
seppuku	𐑕𐑧𐑐𐑵𐑒𐑵	seˈpuːkuː	NN1	RSSB	97	shave_agrees
septum	𐑕𐑧𐑐𐑑𐑩𐑥	ˈseptəm	NN1	RSSB	97	shave_agrees
sepulcher	𐑕𐑧𐑐𐑩𐑤𐑒𐑼	ˈsepəlkəR	NN1	GenAm	97	shave_agrees
serb	𐑕𐑻𐑚	ˈsɜːRb	NN1	GenAm	97	shave_agrees
serotonin	𐑕𐑧𐑮𐑩𐑑𐑴𐑯𐑦𐑯	serətəʊnɪn	NN1	RSSB	97	shave_agrees
serow	𐑕𐑧𐑮𐑴	ˈserəʊ	NN1	RSSB	97	shave_agrees
serval	𐑕𐑻𐑝𐑩𐑤	ˈsɜːRvəl	NN1	GenAm	97	shave_agrees
sexting	𐑕𐑧𐑒𐑕𐑑𐑦𐑙	ˈsekstɪŋ	NN1	RSSB	97	shave_agrees
shako	𐑖𐑱𐑒𐑴	ˈʃeɪkoʊ	NN1	GenAm	97	shave_agrees
shamanism	𐑖𐑱𐑥𐑩𐑯𐑦𐑟𐑩𐑥	ˈʃeɪmənɪzəm	NN1	RSSB	97	shave_agrees
shambolic	𐑖𐑨𐑥𐑚𐑪𐑤𐑦𐑒	ʃæmˈbɒlɪk	AJ0	GenAm	97	shave_agrees
shaper	𐑖𐑱𐑐𐑼	ʃeɪpəR	NN1	RSSB	97	shave_agrees
sheepshank	𐑖𐑰𐑐𐑖𐑨𐑙𐑒	ˈʃiːpˌʃæŋk	NN1	GenAm	97	shave_agrees
shelfy	𐑖𐑧𐑤𐑓𐑦	ˈʃelfi	AJ0	RSSB	97	shave_agrees
shenanigan	𐑖𐑩𐑯𐑨𐑯𐑦𐑜𐑩𐑯	ʃəˈnænɪɡən	NN1	RSSB	97	shave_agrees
sherd	𐑖𐑻𐑛	ʃɜːRd	NN1	RSSB	97	shave_agrees
sherman	𐑖𐑻𐑥𐑩𐑯	ʃɜːRmən	NN1	RSSB	97	shave_agrees
shiite	𐑖𐑰𐑲𐑑	ʃiːaɪt	NN1	RSSB	97	shave_agrees
shill	𐑖𐑦𐑤	ʃɪl	NN1	RSSB	97	shave_agrees
shiner	𐑖𐑲𐑯𐑼	ʃaɪnəR	NN1	RSSB	97	shave_agrees
shinto	𐑖𐑦𐑯𐑑𐑴	ˈʃɪntoʊ	AJ0	GenAm	97	shave_agrees
shipworm	𐑖𐑦𐑐𐑢𐑻𐑥	ʃɪpwɜːRm	NN1	RSSB	97	shave_agrees
shiraz	𐑖𐑼𐑭𐑟	ʃəRˈɑːz	NN1	GenAm	97	shave_agrees
shirr	𐑖𐑻	ʃɜːR	VVI	GenAm	97	shave_agrees
shithead	𐑖𐑦𐑑𐑣𐑧𐑛	ˈʃɪthed	NN1	RSSB	97	shave_agrees
shitty	𐑖𐑦𐑑𐑦	ˈʃɪti	AJ0	GenAm	97	shave_agrees
shiv	𐑖𐑦𐑝	ʃɪv	NN1	RSSB	97	shave_agrees
shivaree	𐑖𐑦𐑝𐑼𐑰	ʃɪvəriː	NN1	RSSB	97	shave_agrees
shlep	𐑖𐑤𐑧𐑐	ʃlep	NN1	RSSB	97	shave_agrees
shoaly	𐑖𐑴𐑤𐑦	ˈʃəʊli	AJ0	RSSB	97	shave_agrees
shoegazing	𐑖𐑵𐑜𐑱𐑟𐑦𐑙	ˈʃuːɡeɪzɪŋ	NN1	RSSB	97	shave_agrees
shortener	𐑖𐑹𐑑𐑩𐑯𐑼	ˈʃɔːRtənəR	NN1	GenAm	97	shave_agrees
shoshone	𐑖𐑴𐑖𐑴𐑯𐑦	ʃoʊˈʃoʊni	NN1	RSSB	97	shave_agrees
shredder	𐑖𐑮𐑧𐑛𐑼	ʃredəR	NN1	RSSB	97	shave_agrees
shrimpy	𐑖𐑮𐑦𐑥𐑐𐑦	ˈʃrɪmpi	AJ0	RSSB	97	shave_agrees
shrubby	𐑖𐑮𐑳𐑚𐑦	ˈʃrʌbi	AJ0	RSSB	97	shave_agrees
shutterbug	𐑖𐑳𐑑𐑼𐑚𐑳𐑜	ˈʃʌtəRbʌɡ	NN1	GenAm	97	shave_agrees
shylock	𐑖𐑲𐑤𐑪𐑒	ˈʃaɪlɒk	NN1	GenAm	97	shave_agrees
sidekick	𐑕𐑲𐑛𐑒𐑦𐑒	ˈsaɪdkɪk	NN1	RSSB	97	shave_agrees
siemens	𐑕𐑰𐑥𐑩𐑯𐑟	ˈsiːmənz	NN1	RSSB	97	shave_agrees
siglum	𐑕𐑦𐑜𐑤𐑩𐑥	ˈsɪɡləm	NN1	RSSB	97	shave_agrees
sigma	𐑕𐑦𐑜𐑥𐑩	ˈsɪɡmə	NN1	RSSB	97	shave_agrees
sigmoid	𐑕𐑦𐑜𐑥𐑶𐑛	ˈsɪɡmɔɪd	AJ0	RSSB	97	shave_agrees
signage	𐑕𐑲𐑯𐑦𐑡	ˈsaɪnɪdʒ	NN1	RSSB	97	shave_agrees
sild	𐑕𐑦𐑤𐑛	sɪld	NN1	RSSB	97	shave_agrees
sildenafil	𐑕𐑦𐑤𐑛𐑧𐑯𐑩𐑓𐑦𐑤	sɪlˈdenəfɪl	NN1	RSSB	97	shave_agrees
simnel	𐑕𐑦𐑥𐑯𐑩𐑤	ˈsɪmnəl	NN1	RSSB	97	shave_agrees
sinciput	𐑕𐑦𐑯𐑕𐑦𐑐𐑳𐑑	ˈsɪnsɪpʌt	NN1	RSSB	97	shave_agrees
sindhi	𐑕𐑦𐑯𐑛𐑦	ˈsɪndi	NN1	RSSB	97	shave_agrees
sinitic	𐑕𐑲𐑯𐑦𐑑𐑦𐑒	saɪˈnɪtɪk	AJ0	RSSB	97	shave_agrees
sinter	𐑕𐑦𐑯𐑑𐑼	sɪntəR	VVI	RSSB	97	shave_agrees
sinusoid	𐑕𐑲𐑯𐑩𐑕𐑶𐑛	ˈsaɪnəsɔɪd	NN1	RSSB	97	shave_agrees
sinusoidal	𐑕𐑲𐑯𐑩𐑕𐑶𐑛𐑩𐑤	saɪnəˈsɔɪdəl	AJ0	RSSB	97	shave_agrees
sis	𐑕𐑦𐑕	sɪs	NN1	RSSB	97	shave_agrees
siskin	𐑕𐑦𐑕𐑒𐑦𐑯	ˈsɪskɪn	NN1	RSSB	97	shave_agrees
skanky	𐑕𐑒𐑨𐑙𐑒𐑦	ˈskæŋki	AJ0	GenAm	97	shave_agrees
skeg	𐑕𐑒𐑧𐑜	skeɡ	NN1	RSSB	97	shave_agrees
skillful	𐑕𐑒𐑦𐑤𐑓𐑩𐑤	ˈskɪlfəl	AJ0	RSSB	97	shave_agrees
skinful	𐑕𐑒𐑦𐑯𐑓𐑩𐑤	ˈskɪnfəl	NN1	RSSB	97	shave_agrees
skydive	𐑕𐑒𐑲𐑛𐑲𐑝	ˈskaɪˌdaɪv	VVI	RSSB	97	shave_agrees
skyhook	𐑕𐑒𐑲𐑣𐑫𐑒	ˈskaɪˌhʊk	NN1	RSSB	97	shave_agrees
skype	𐑕𐑒𐑲𐑐	skaɪp	VVI	RSSB	97	shave_agrees
skyway	𐑕𐑒𐑲𐑢𐑱	ˈskaɪweɪ	NN1	RSSB	97	shave_agrees
slapper	𐑕𐑤𐑨𐑐𐑼	ˈslæpəR	NN1	GenAm	97	shave_agrees
slater	𐑕𐑤𐑱𐑑𐑼	ˈsleɪtəR	NN1	GenAm	97	shave_agrees
slather	𐑕𐑤𐑨𐑞𐑼	slæðəR	VVI	RSSB	97	shave_agrees
sleaze	𐑕𐑤𐑰𐑟	sliːz	NN1	RSSB	97	shave_agrees
sleuthhound	𐑕𐑤𐑵𐑔𐑣𐑬𐑯𐑛	ˈsluːθhaʊnd	NN1	RSSB	97	shave_agrees
slovene	𐑕𐑤𐑴𐑝𐑰𐑯	ˈsləʊviːn	NN1	RSSB	97	shave_agrees
slowpoke	𐑕𐑤𐑴𐑐𐑴𐑒	ˈsloʊˌpoʊk	NN1	GenAm	97	shave_agrees
slowworm	𐑕𐑤𐑴𐑢𐑻𐑥	sləʊwɜːRm	NN1	RSSB	97	shave_agrees
slub	𐑕𐑤𐑳𐑚	slʌb	NN1	RSSB	97	shave_agrees
slue	𐑕𐑤𐑵	sluː	VVI	RSSB	97	shave_agrees
slugabed	𐑕𐑤𐑳𐑜𐑩𐑚𐑧𐑛	ˈslʌɡəˌbed	NN1	GenAm	97	shave_agrees
slugger	𐑕𐑤𐑳𐑜𐑼	ˈslʌɡəR	NN1	GenAm	97	shave_agrees
slumgullion	𐑕𐑤𐑳𐑥𐑜𐑳𐑤𐑘𐑩𐑯	slʌmˈɡʌljən	NN1	RSSB	97	shave_agrees
slurp	𐑕𐑤𐑻𐑐	slɜːRp	VVI	GenAm	97	shave_agrees
smarm	𐑕𐑥𐑸𐑥	smɑːRm	NN1	RSSB	97	shave_agrees
smatter	𐑕𐑥𐑨𐑑𐑼	ˈsmætər	VVI	GenAm	97	shave_agrees
smetana	𐑕𐑥𐑧𐑑𐑩𐑯𐑩	ˈsmetənə	NN1	RSSB	97	shave_agrees
smidgen	𐑕𐑥𐑦𐑡𐑩𐑯	ˈsmɪdʒən	NN1	RSSB	97	shave_agrees
smiley	𐑕𐑥𐑲𐑤𐑦	ˈsmaɪli	NN1	RSSB	97	shave_agrees
smokehouse	𐑕𐑥𐑴𐑒𐑣𐑬𐑕	ˈsmoʊkˌhaʊs	NN1	GenAm	97	shave_agrees
smolder	𐑕𐑥𐑴𐑤𐑛𐑼	ˈsmoʊldəR	VVI	GenAm	97	shave_agrees
smooch	𐑕𐑥𐑵𐑗	smuːtʃ	NN1	RSSB	97	shave_agrees
smoothen	𐑕𐑥𐑵𐑞𐑩𐑯	ˈsmuːðən	VVI	RSSB	97	shave_agrees
smoothie	𐑕𐑥𐑵𐑞𐑦	ˈsmuːði	NN1	RSSB	97	shave_agrees
snacker	𐑕𐑯𐑨𐑒𐑼	snækəR	NN1	RSSB	97	shave_agrees
snafu	𐑕𐑯𐑨𐑓𐑵	snæːˈfuː	NN1	GenAm	97	shave_agrees
snapchat	𐑕𐑯𐑨𐑐𐑗𐑨𐑑	snæptʃæt	VVI	RSSB	97	shave_agrees
snapper	𐑕𐑯𐑨𐑐𐑼	ˈsnæpəR	NN1	GenAm	97	shave_agrees
snarky	𐑕𐑯𐑸𐑒𐑦	ˈsnɑːRki	AJ0	GenAm	97	shave_agrees
sneezer	𐑕𐑯𐑰𐑟𐑼	sniːzəR	NN1	RSSB	97	shave_agrees
sneezeweed	𐑕𐑯𐑰𐑟𐑢𐑰𐑛	ˈsniːzwiːd	NN1	RSSB	97	shave_agrees
sniffly	𐑕𐑯𐑦𐑓𐑩𐑤𐑦	ˈsnɪfəli	AJ0	RSSB	97	shave_agrees
snit	𐑕𐑯𐑦𐑑	snɪt	NN1	RSSB	97	shave_agrees
snoot	𐑕𐑯𐑵𐑑	snuːt	NN1	RSSB	97	shave_agrees
snowbird	𐑕𐑯𐑴𐑚𐑻𐑛	ˈsnoʊbɜːRd	NN1	GenAm	97	shave_agrees
socage	𐑕𐑪𐑒𐑦𐑡	ˈsɒkɪdʒ	NN1	RSSB	97	shave_agrees
sociolinguistic	𐑕𐑴𐑕𐑦𐑴𐑤𐑦𐑙𐑜𐑢𐑦𐑕𐑑𐑦𐑒	ˌsəʊsi+əʊlɪŋˈɡwɪstɪk	AJ0	RSSB	97	shave_agrees
sociolinguistically	𐑕𐑴𐑕𐑦𐑴𐑤𐑦𐑙𐑜𐑢𐑦𐑕𐑑𐑦𐑒𐑤𐑦	ˌsoʊsioʊlɪŋˈɡwɪstɪkli	AV0	GenAm	97	shave_agrees
sociolinguistics	𐑕𐑴𐑕𐑦𐑴𐑤𐑦𐑙𐑜𐑢𐑦𐑕𐑑𐑦𐑒𐑕	ˌsoʊsioʊlɪŋˈɡwɪstɪks	NN1	GenAm	97	shave_agrees
sodalite	𐑕𐑴𐑛𐑩𐑤𐑲𐑑	ˈsoʊdəˌlaɪt	NN1	RSSB	97	shave_agrees
sodomise	𐑕𐑪𐑛𐑩𐑥𐑲𐑟	ˈsɒdəmaɪz	VVI	RSSB	97	shave_agrees
soffit	𐑕𐑪𐑓𐑦𐑑	ˈsɒfɪt	NN1	GenAm	97	shave_agrees
solarization	𐑕𐑴𐑤𐑼𐑲𐑟𐑱𐑖𐑩𐑯	ˌsoʊləraɪˈzeɪʃən	NN1	GenAm	97	shave_agrees
soleus	𐑕𐑴𐑤𐑦𐑩𐑕	ˈsoʊli+əs	NN1	GenAm	97	shave_agrees
solidus	𐑕𐑪𐑤𐑦𐑛𐑩𐑕	ˈsɒlɪdəs	NN1	GenAm	97	shave_agrees
solute	𐑕𐑪𐑤𐑿𐑑	ˈsɒljuːt	NN1	RSSB	97	shave_agrees
somber	𐑕𐑪𐑥𐑚𐑼	ˈsɒmbəR	AJ0	GenAm	97	shave_agrees
someways	𐑕𐑳𐑥𐑢𐑱𐑟	ˈsʌmweɪz	AV0	RSSB	97	shave_agrees
sone	𐑕𐑴𐑯	soʊn	NN1	GenAm	97	shave_agrees
songhai	𐑕𐑪𐑙𐑜𐑲	sɒŋˈɡaɪ	NN1	RSSB	97	shave_agrees
sonogram	𐑕𐑴𐑯𐑩𐑜𐑮𐑨𐑥	səʊnəɡræm	NN1	RSSB	97	shave_agrees
sonogram	𐑕𐑪𐑯𐑩𐑜𐑮𐑨𐑥	ˈsɒnəˌɡræm	NN1	GenAm	97	shave_agrees
sorbian	𐑕𐑹𐑚𐑦𐑩𐑯	ˈsɔːrbi+ən	NN1	GenAm	97	shave_agrees
soulfulness	𐑕𐑴𐑤𐑓𐑩𐑤𐑯𐑩𐑕	ˈsoʊlfəlnəs	NN1	RSSB	97	shave_agrees
sourdough	𐑕𐑬𐑼𐑛𐑴	ˈsaʊəRˌdoʊ	NN1	GenAm	97	shave_agrees
sourpuss	𐑕𐑬𐑼𐑐𐑫𐑕	saʊəRpʊs	NN1	RSSB	97	shave_agrees
soursop	𐑕𐑬𐑼𐑕𐑪𐑐	saʊərsɒp	NN1	RSSB	97	shave_agrees
spackle	𐑕𐑐𐑨𐑒𐑩𐑤	ˈspækəl	NN1	RSSB	97	shave_agrees
spallation	𐑕𐑐𐑷𐑤𐑱𐑖𐑩𐑯	spɔːleɪʃən	NN1	GenAm	97	shave_agrees
spanker	𐑕𐑐𐑨𐑙𐑒𐑼	spæŋkəR	NN1	GenAm	97	shave_agrees
sparerib	𐑕𐑐𐑺𐑮𐑦𐑚	ˌspeəRˈrɪb	NN1	GenAm	97	shave_agrees
sparge	𐑕𐑐𐑸𐑡	spɑːRdʒ	NN1	RSSB	97	shave_agrees
spatialism	𐑕𐑐𐑱𐑖𐑩𐑤𐑦𐑟𐑩𐑥	ˈspeɪʃəlɪzəm	NN1	RSSB	97	shave_agrees
spawner	𐑕𐑐𐑷𐑯𐑼	spɔːnəR	NN1	RSSB	97	shave_agrees
speakerphone	𐑕𐑐𐑰𐑒𐑼𐑓𐑴𐑯	ˈspiːkəRˌfoʊn	NN1	GenAm	97	shave_agrees
spectrogram	𐑕𐑐𐑧𐑒𐑑𐑮𐑩𐑜𐑮𐑨𐑥	ˈspektrəˌɡræm	NN1	GenAm	97	shave_agrees
speediness	𐑕𐑐𐑰𐑛𐑦𐑯𐑩𐑕	ˈspiːdinəs	NN1	RSSB	97	shave_agrees
spherule	𐑕𐑓𐑽𐑵𐑤	sfɪəruːl	NN1	RSSB	97	shave_agrees
sphincter	𐑕𐑓𐑦𐑙𐑒𐑑𐑼	sfɪŋktəR	NN1	RSSB	97	shave_agrees
spic	𐑕𐑐𐑦𐑒	ˈspɪk	NN1	RSSB	97	shave_agrees
spinel	𐑕𐑐𐑦𐑯𐑧𐑤	spɪˈnel	NN1	RSSB	97	shave_agrees
spinous	𐑕𐑐𐑲𐑯𐑩𐑕	spaɪnəs	AJ0	RSSB	97	shave_agrees
spiritous	𐑕𐑐𐑦𐑮𐑦𐑑𐑩𐑕	spɪrɪtəs	AJ0	RSSB	97	shave_agrees
spironolactone	𐑕𐑐𐑲𐑮𐑩𐑯𐑩𐑤𐑨𐑒𐑑𐑴𐑯	spaɪrənəlæktəʊn	NN1	RSSB	97	shave_agrees
splenius	𐑕𐑐𐑤𐑰𐑯𐑦𐑩𐑕	ˈspliːni+əs	NN1	RSSB	97	shave_agrees
spline	𐑕𐑐𐑤𐑲𐑯	splaɪn	NN1	RSSB	97	shave_agrees
spookily	𐑕𐑐𐑵𐑒𐑦𐑤𐑦	ˈspuːkɪli	AV0	RSSB	97	shave_agrees
sporty	𐑕𐑐𐑹𐑑𐑦	ˈspɔːRti	AJ0	GenAm	97	shave_agrees
spousal	𐑕𐑐𐑬𐑟𐑩𐑤	ˈspaʊzəl	AJ0	GenAm	97	shave_agrees
sprawly	𐑕𐑐𐑮𐑷𐑤𐑦	sprɔːli	AJ0	RSSB	97	shave_agrees
spritz	𐑕𐑐𐑮𐑦𐑑𐑕	sprɪts	NN1	RSSB	97	shave_agrees
sprog	𐑕𐑐𐑮𐑪𐑜	sprɒɡ	NN1	RSSB	97	shave_agrees
spumy	𐑕𐑐𐑿𐑥𐑦	ˈspjuːmi	AJ0	RSSB	97	shave_agrees
squatty	𐑕𐑒𐑢𐑪𐑑𐑦	ˈskwɒti	AJ0	RSSB	97	shave_agrees
squinch	𐑕𐑒𐑢𐑦𐑯𐑗	skwɪntʃ	NN1	RSSB	97	shave_agrees
squishy	𐑕𐑒𐑢𐑦𐑖𐑦	ˈskwɪʃi	AJ0	RSSB	97	shave_agrees
stacker	𐑕𐑑𐑨𐑒𐑼	ˈstækəR	NN1	GenAm	97	shave_agrees
staddle	𐑕𐑑𐑨𐑛𐑩𐑤	stædəl	NN1	RSSB	97	shave_agrees
stainer	𐑕𐑑𐑱𐑯𐑼	ˈsteɪnəR	NN1	GenAm	97	shave_agrees
stakeholder	𐑕𐑑𐑱𐑒𐑣𐑴𐑤𐑛𐑼	steɪkhoʊldəR	NN1	RSSB	97	shave_agrees
stamper	𐑕𐑑𐑨𐑥𐑐𐑼	stæmpəR	NN1	RSSB	97	shave_agrees
stanch	𐑕𐑑𐑭𐑯𐑗	stɑːntʃ	VVI	RSSB	97	shave_agrees
standee	𐑕𐑑𐑨𐑯𐑛𐑰	stænˈdiː	NN1	GenAm	97	shave_agrees
stannic	𐑕𐑑𐑨𐑯𐑦𐑒	ˈstænɪk	AJ0	RSSB	97	shave_agrees
stannous	𐑕𐑑𐑨𐑯𐑩𐑕	ˈstænəs	AJ0	RSSB	97	shave_agrees
stargaze	𐑕𐑑𐑸𐑜𐑱𐑟	ˈstɑːRɡeɪz	VVI	GenAm	97	shave_agrees
starship	𐑕𐑑𐑸𐑖𐑦𐑐	stɑːRʃɪp	NN1	RSSB	97	shave_agrees
stealer	𐑕𐑑𐑰𐑤𐑼	ˈstiːləR	NN1	GenAm	97	shave_agrees
steaminess	𐑕𐑑𐑰𐑥𐑦𐑯𐑩𐑕	ˈstiːminəs	NN1	GenAm	97	shave_agrees
steampunk	𐑕𐑑𐑰𐑥𐑐𐑳𐑙𐑒	ˈstiːmpʌŋk	NN1	RSSB	97	shave_agrees
steatorrhea	𐑕𐑑𐑦𐑩𐑑𐑼𐑦𐑩	sti+ətəri+ə	NN1	RSSB	97	shave_agrees
steen	𐑕𐑑𐑰𐑯	stiːn	NN1	RSSB	97	shave_agrees
steerer	𐑕𐑑𐑽𐑼	stɪərəR	NN1	RSSB	97	shave_agrees
steganography	𐑕𐑑𐑧𐑜𐑩𐑯𐑪𐑜𐑮𐑩𐑓𐑦	steɡənɒɡrəfi	NN1	RSSB	97	shave_agrees
stela	𐑕𐑑𐑰𐑤𐑩	ˈstiːlə	NN1	RSSB	97	shave_agrees
stellate	𐑕𐑑𐑧𐑤𐑱𐑑	ˈstelˌeɪt	AJ0	GenAm	97	shave_agrees
steller	𐑕𐑑𐑧𐑤𐑼	steləR	NN1	RSSB	97	shave_agrees
sternal	𐑕𐑑𐑻𐑯𐑩𐑤	ˈstɜːRnəl	AJ0	GenAm	97	shave_agrees
stickpin	𐑕𐑑𐑦𐑒𐑐𐑦𐑯	ˈstɪkpɪn	NN1	RSSB	97	shave_agrees
stigmatic	𐑕𐑑𐑦𐑜𐑥𐑨𐑑𐑦𐑒	stɪɡˈmætɪk	AJ0	RSSB	97	shave_agrees
stigmatism	𐑕𐑑𐑦𐑜𐑥𐑩𐑑𐑦𐑟𐑩𐑥	ˈstɪɡməˌtɪzəm	NN1	RSSB	97	shave_agrees
stilbestrol	𐑕𐑑𐑦𐑤𐑚𐑧𐑕𐑑𐑮𐑪𐑤	stɪlˈbeˌstrɒl	NN1	GenAm	97	shave_agrees
stinky	𐑕𐑑𐑦𐑙𐑒𐑦	ˈstɪŋki	AJ0	RSSB	97	shave_agrees
stipe	𐑕𐑑𐑲𐑐	staɪp	NN1	RSSB	97	shave_agrees
stipule	𐑕𐑑𐑦𐑐𐑿𐑤	ˈstɪpjuːl	NN1	RSSB	97	shave_agrees
stirrer	𐑕𐑑𐑻𐑼	ˈstɜːRəR	NN1	GenAm	97	shave_agrees
stocker	𐑕𐑑𐑪𐑒𐑼	ˈstɒkəR	NN1	GenAm	97	shave_agrees
stoma	𐑕𐑑𐑴𐑥𐑩	ˈstoʊmə	NN1	GenAm	97	shave_agrees
stomachache	𐑕𐑑𐑳𐑥𐑩𐑒𐑱𐑒	ˈstʌməkˌeɪk	NN1	RSSB	97	shave_agrees
stomacher	𐑕𐑑𐑳𐑥𐑩𐑒𐑼	stʌməkəR	NN1	RSSB	97	shave_agrees
stopple	𐑕𐑑𐑪𐑐𐑩𐑤	ˈstɒpəl	NN1	RSSB	97	shave_agrees
strad	𐑕𐑑𐑮𐑨𐑛	stræd	NN1	GenAm	97	shave_agrees
strauss	𐑕𐑑𐑮𐑬𐑕	straʊs	NN1	RSSB	97	shave_agrees
streaker	𐑕𐑑𐑮𐑰𐑒𐑼	ˈstriːkəR	NN1	GenAm	97	shave_agrees
stretchy	𐑕𐑑𐑮𐑧𐑗𐑦	ˈstretʃi	AJ0	RSSB	97	shave_agrees
streusel	𐑕𐑑𐑮𐑵𐑟𐑩𐑤	struːzəl	NN1	RSSB	97	shave_agrees
stringer	𐑕𐑑𐑮𐑦𐑙𐑼	strɪŋəR	NN1	GenAm	97	shave_agrees
striping	𐑕𐑑𐑮𐑲𐑐𐑦𐑙	ˈstraɪpɪŋ	NN1	RSSB	97	shave_agrees
strombus	𐑕𐑑𐑮𐑪𐑥𐑚𐑩𐑕	ˈstrɒmbəs	NN1	GenAm	97	shave_agrees
stuffer	𐑕𐑑𐑳𐑓𐑼	ˈstʌfəR	NN1	GenAm	97	shave_agrees
stylite	𐑕𐑑𐑲𐑤𐑲𐑑	ˈstaɪlaɪt	NN1	GenAm	97	shave_agrees
sublingual	𐑕𐑳𐑚𐑤𐑦𐑙𐑜𐑢𐑩𐑤	sʌbˈlɪŋɡwəl	AJ0	RSSB	97	shave_agrees
sublunary	𐑕𐑳𐑚𐑤𐑵𐑯𐑼𐑦	sʌbluːnəri	AJ0	RSSB	97	shave_agrees
subluxation	𐑕𐑳𐑚𐑤𐑳𐑒𐑕𐑱𐑖𐑩𐑯	ˌsʌblʌkˈseɪʃən	NN1	RSSB	97	shave_agrees
subpart	𐑕𐑳𐑚𐑐𐑸𐑑	sʌbpɑːRt	NN1	RSSB	97	shave_agrees
subset	𐑕𐑳𐑚𐑕𐑧𐑑	ˈsʌbˌset	NN1	RSSB	97	shave_agrees
subtrahend	𐑕𐑳𐑚𐑑𐑮𐑩𐑣𐑧𐑯𐑛	sʌbtrəhend	NN1	RSSB	97	shave_agrees
subunit	𐑕𐑳𐑚𐑿𐑯𐑦𐑑	sʌbˈjuːnɪt	NN1	RSSB	97	shave_agrees
sudsy	𐑕𐑳𐑛𐑟𐑦	ˈsʌdzi	AJ0	RSSB	97	shave_agrees
sulcus	𐑕𐑳𐑤𐑒𐑩𐑕	ˈsʌlkəs	NN1	RSSB	97	shave_agrees
sulfate	𐑕𐑳𐑤𐑓𐑱𐑑	ˈsʌlfeɪt	NN1	RSSB	97	shave_agrees
sulfur	𐑕𐑳𐑤𐑓𐑼	ˈsʌlfəR	NN1	GenAm	97	shave_agrees
sulfuric	𐑕𐑳𐑤𐑓𐑘𐑫𐑼𐑦𐑒	sʌlfjʊərɪk	AJ0	RSSB	97	shave_agrees
sulfurous	𐑕𐑳𐑤𐑓𐑼𐑩𐑕	ˈsʌlfərəs	AJ0	GenAm	97	shave_agrees
summarisation	𐑕𐑳𐑥𐑼𐑲𐑟𐑱𐑖𐑩𐑯	sʌməraɪzeɪʃən	NN1	RSSB	97	shave_agrees
summative	𐑕𐑳𐑥𐑩𐑑𐑦𐑝	ˈsʌmətɪv	AJ0	RSSB	97	shave_agrees
sumo	𐑕𐑵𐑥𐑴	ˈsuːməʊ	NN1	RSSB	97	shave_agrees
sunnite	𐑕𐑳𐑯𐑲𐑑	ˈsʌnaɪt	NN1	RSSB	97	shave_agrees
sunporch	𐑕𐑳𐑯𐑐𐑹𐑗	ˈsʌnˌpɔːRtʃ	NN1	GenAm	97	shave_agrees
sunup	𐑕𐑳𐑯𐑳𐑐	ˈsʌnʌp	NN1	RSSB	97	shave_agrees
supercilium	𐑕𐑵𐑐𐑼𐑕𐑦𐑤𐑦𐑩𐑥	suːpəRsɪli+əm	NN1	RSSB	97	shave_agrees
superfetation	𐑕𐑵𐑐𐑼𐑓𐑩𐑑𐑱𐑖𐑩𐑯	suːpəRfəteɪʃən	NN1	RSSB	97	shave_agrees
superhet	𐑕𐑵𐑐𐑼𐑣𐑧𐑑	suːpəRhet	NN1	RSSB	97	shave_agrees
superincumbent	𐑕𐑵𐑐𐑼𐑦𐑯𐑒𐑳𐑥𐑚𐑩𐑯𐑑	suːpərɪnkʌmbənt	AJ0	RSSB	97	shave_agrees
supposal	𐑕𐑩𐑐𐑴𐑟𐑩𐑤	səˈpəʊzəl	NN1	RSSB	97	shave_agrees
supranormal	𐑕𐑵𐑐𐑮𐑩𐑯𐑹𐑥𐑩𐑤	suːprənɔːRməl	AJ0	RSSB	97	shave_agrees
supraorbital	𐑕𐑵𐑐𐑮𐑩𐑹𐑚𐑦𐑑𐑩𐑤	suːprəɔːRbɪtəl	AJ0	RSSB	97	shave_agrees
surcease	𐑕𐑼𐑕𐑰𐑕	səRsiːs	NN1	RSSB	97	shave_agrees
surprisal	𐑕𐑼𐑐𐑮𐑲𐑟𐑩𐑤	səRpraɪzəl	NN1	RSSB	97	shave_agrees
susurrus	𐑕𐑵𐑕𐑼𐑩𐑕	suːsərəs	NN1	RSSB	97	shave_agrees
sutler	𐑕𐑳𐑑𐑤𐑼	ˈsʌtlər	NN1	GenAm	97	shave_agrees
swad	𐑕𐑢𐑪𐑛	swɒd	NN1	RSSB	97	shave_agrees
swaggie	𐑕𐑢𐑨𐑜𐑦	ˈswaɡi	NN1	RSSB	97	shave_agrees
swallowtail	𐑕𐑢𐑪𐑤𐑴𐑑𐑱𐑤	ˈswɒləʊˌteɪl	NN1	RSSB	97	shave_agrees
sweepstakes	𐑕𐑢𐑰𐑐𐑕𐑑𐑱𐑒𐑕	ˈswiːpˌsteɪks	NN1	GenAm	97	shave_agrees
swiftie	𐑕𐑢𐑦𐑓𐑑𐑦	ˈswɪfti	NN1	RSSB	97	shave_agrees
swinger	𐑕𐑢𐑦𐑙𐑼	swɪŋəR	NN1	RSSB	97	shave_agrees
switcheroo	𐑕𐑢𐑦𐑗𐑼𐑵	swɪtʃəruː	NN1	RSSB	97	shave_agrees
syllogize	𐑕𐑦𐑤𐑩𐑡𐑲𐑟	ˈsɪlədʒaɪz	VVI	RSSB	97	shave_agrees
symbiotic	𐑕𐑦𐑥𐑚𐑲𐑪𐑑𐑦𐑒	ˌsɪmbaɪˈɒtɪk	AJ0	GenAm	97	shave_agrees
sympatric	𐑕𐑦𐑥𐑐𐑨𐑑𐑮𐑦𐑒	sɪmˈpætrɪk	AJ0	RSSB	97	shave_agrees
synapsis	𐑕𐑦𐑯𐑨𐑐𐑕𐑦𐑕	sɪˈnæpsɪs	NN1	RSSB	97	shave_agrees
syncretic	𐑕𐑦𐑙𐑒𐑮𐑧𐑑𐑦𐑒	sɪŋˈkretɪk	AJ0	RSSB	97	shave_agrees
syncretistic	𐑕𐑦𐑙𐑒𐑮𐑩𐑑𐑦𐑕𐑑𐑦𐑒	sɪŋkrətɪstɪk	AJ0	RSSB	97	shave_agrees
synergy	𐑕𐑦𐑯𐑼𐑡𐑦	ˈsɪnəRdʒi	NN1	GenAm	97	shave_agrees
synovial	𐑕𐑲𐑯𐑴𐑝𐑦𐑩𐑤	saɪˈnəʊvi+əl	AJ0	RSSB	97	shave_agrees
syntactician	𐑕𐑦𐑯𐑑𐑨𐑒𐑑𐑦𐑖𐑩𐑯	ˌsɪntækˈtɪʃən	NN1	RSSB	97	shave_agrees
syntagma	𐑕𐑦𐑯𐑑𐑨𐑜𐑥𐑩	sɪnˈtæɡmə	NN1	RSSB	97	shave_agrees
syrinx	𐑕𐑦𐑮𐑦𐑙𐑒𐑕	ˈsɪrɪŋks	NN1	RSSB	97	shave_agrees
systole	𐑕𐑦𐑕𐑑𐑩𐑤𐑦	ˈsɪstəli	NN1	RSSB	97	shave_agrees
tach	𐑑𐑨𐑒	tæk	NN1	RSSB	97	shave_agrees
tachycardia	𐑑𐑨𐑒𐑦𐑒𐑸𐑛𐑦𐑩	tækɪˈkɑːrdi+ə	NN1	GenAm	97	shave_agrees
tachygraphy	𐑑𐑨𐑒𐑦𐑜𐑮𐑩𐑓𐑦	tækɪɡrəfi	NN1	RSSB	97	shave_agrees
tad	𐑑𐑨𐑛	tæd	NN1	RSSB	97	shave_agrees
tadalafil	𐑑𐑩𐑛𐑨𐑤𐑩𐑓𐑦𐑤	təˈdæləfɪl	NN1	RSSB	97	shave_agrees
taekwondo	𐑑𐑲𐑒𐑢𐑪𐑯𐑛𐑴	ˌtaɪkwɒnˈdoʊ	NN1	GenAm	97	shave_agrees
tai	𐑑𐑲	taɪ	NN1	RSSB	97	shave_agrees
tailcoat	𐑑𐑱𐑤𐑒𐑴𐑑	ˈteɪlkoʊt	NN1	GenAm	97	shave_agrees
tailpipe	𐑑𐑱𐑤𐑐𐑲𐑐	ˈteɪlpaɪp	NN1	RSSB	97	shave_agrees
tailwind	𐑑𐑱𐑤𐑢𐑦𐑯𐑛	ˈteɪlwɪnd	NN1	RSSB	97	shave_agrees
tangelo	𐑑𐑨𐑯𐑡𐑩𐑤𐑴	ˈtændʒələʊ	NN1	RSSB	97	shave_agrees
tangram	𐑑𐑨𐑯𐑜𐑮𐑨𐑥	ˈtænˌɡræm	NN1	RSSB	97	shave_agrees
tantalite	𐑑𐑨𐑯𐑑𐑩𐑤𐑲𐑑	ˈtæntəlaɪt	NN1	RSSB	97	shave_agrees
tantalus	𐑑𐑨𐑯𐑑𐑩𐑤𐑩𐑕	ˈtæntələs	NN1	RSSB	97	shave_agrees
tantric	𐑑𐑨𐑯𐑑𐑮𐑦𐑒	ˈtæntrɪk	AJ0	GenAm	97	shave_agrees
tapis	𐑑𐑨𐑐𐑦𐑕	ˈtapɪs	NN1	RSSB	97	shave_agrees
tarp	𐑑𐑸𐑐	tɑːRp	NN1	GenAm	97	shave_agrees
tarpan	𐑑𐑸𐑐𐑩𐑯	ˈtɑːRpən	NN1	GenAm	97	shave_agrees
tartuffe	𐑑𐑸𐑑𐑵𐑓	tɑːRtuːf	NN1	RSSB	97	shave_agrees
tarzan	𐑑𐑸𐑟𐑨𐑯	ˈtɑːRzæn	NN1	GenAm	97	shave_agrees
tater	𐑑𐑱𐑑𐑼	ˈteɪtəR	NN1	GenAm	97	shave_agrees
tau	𐑑𐑬	taʊ	NN1	RSSB	97	shave_agrees
taupe	𐑑𐑴𐑐	toʊp	AJ0	GenAm	97	shave_agrees
taurine	𐑑𐑹𐑰𐑯	tɔːriːn	NN1	RSSB	97	shave_agrees
taxon	𐑑𐑨𐑒𐑕𐑪𐑯	ˈtæksɒn	NN1	RSSB	97	shave_agrees
tay	𐑑𐑱	teɪ	NN1	RSSB	97	shave_agrees
teary	𐑑𐑽𐑦	tɪəri	AJ0	RSSB	97	shave_agrees
techno	𐑑𐑧𐑒𐑯𐑴	ˈteknoʊ	NN1	GenAm	97	shave_agrees
technobabble	𐑑𐑧𐑒𐑯𐑴𐑚𐑨𐑚𐑩𐑤	ˈteknoʊbæbəl	NN1	GenAm	97	shave_agrees
telemark	𐑑𐑧𐑤𐑩𐑥𐑸𐑒	teləmɑːRk	NN1	RSSB	97	shave_agrees
televangelist	𐑑𐑧𐑤𐑦𐑝𐑨𐑯𐑡𐑩𐑤𐑦𐑕𐑑	telɪˈvændʒəlɪst	NN1	RSSB	97	shave_agrees
telomerase	𐑑𐑧𐑤𐑪𐑥𐑼𐑱𐑕	teˈlɒməreɪs	NN1	GenAm	97	shave_agrees
telpherage	𐑑𐑧𐑤𐑓𐑼𐑦𐑡	telfərɪdʒ	NN1	RSSB	97	shave_agrees
telugu	𐑑𐑧𐑤𐑩𐑜𐑵	ˈteləɡuː	NN1	RSSB	97	shave_agrees
tenderizer	𐑑𐑧𐑯𐑛𐑼𐑲𐑟𐑼	tendəraɪzəR	NN1	RSSB	97	shave_agrees
tendinous	𐑑𐑧𐑯𐑛𐑦𐑯𐑩𐑕	ˈtendɪnəs	AJ0	RSSB	97	shave_agrees
tenebrous	𐑑𐑧𐑯𐑦𐑚𐑮𐑩𐑕	tenɪbrəs	AJ0	RSSB	97	shave_agrees
tensor	𐑑𐑧𐑯𐑕𐑼	ˈtensəR	NN1	GenAm	97	shave_agrees
tentacular	𐑑𐑧𐑯𐑑𐑨𐑒𐑿𐑤𐑼	tentækjuːləR	AJ0	RSSB	97	shave_agrees
tenter	𐑑𐑧𐑯𐑑𐑼	tentər	NN1	RSSB	97	shave_agrees
teraflop	𐑑𐑧𐑮𐑩𐑓𐑤𐑪𐑐	ˈterəflɒp	NN1	GenAm	97	shave_agrees
teratoma	𐑑𐑧𐑮𐑩𐑑𐑴𐑥𐑩	terətəʊmə	NN1	RSSB	97	shave_agrees
teriyaki	𐑑𐑧𐑮𐑦𐑘𐑭𐑒𐑦	terɪjɑːki	NN1	RSSB	97	shave_agrees
termer	𐑑𐑻𐑥𐑼	tɜːRməR	NN1	RSSB	97	shave_agrees
terminator	𐑑𐑻𐑥𐑦𐑯𐑱𐑑𐑼	ˈtɜːRmɪneɪtəR	NN1	GenAm	97	shave_agrees
ternary	𐑑𐑻𐑯𐑼𐑦	tɜːRnəri	AJ0	GenAm	97	shave_agrees
terra	𐑑𐑧𐑮𐑩	terə	NN1	RSSB	97	shave_agrees
terracotta	𐑑𐑧𐑮𐑩𐑒𐑪𐑑𐑩	terəkɒtə	NN1	RSSB	97	shave_agrees
terrarium	𐑑𐑼𐑺𐑦𐑩𐑥	təreərɪ+əm	NN1	RSSB	97	shave_agrees
terrene	𐑑𐑼𐑰𐑯	təriːn	AJ0	RSSB	97	shave_agrees
tessellate	𐑑𐑧𐑕𐑩𐑤𐑱𐑑	ˈtesəleɪt	VVI	RSSB	97	shave_agrees
tessellation	𐑑𐑧𐑕𐑩𐑤𐑱𐑖𐑩𐑯	tesəˈleɪʃən	NN1	RSSB	97	shave_agrees
testaceous	𐑑𐑧𐑕𐑑𐑱𐑖𐑩𐑕	teˈsteɪʃəs	AJ0	RSSB	97	shave_agrees
testcross	𐑑𐑧𐑕𐑑𐑒𐑮𐑪𐑕	ˈtestˌkrɒs	NN1	RSSB	97	shave_agrees
teton	𐑑𐑰𐑑𐑪𐑯	ˈtiːtɒn	NN1	GenAm	97	shave_agrees
tetracaine	𐑑𐑧𐑑𐑮𐑩𐑒𐑱𐑯	ˈtetrəˌkeɪn	NN1	GenAm	97	shave_agrees
tetrad	𐑑𐑧𐑑𐑮𐑨𐑛	ˈtetræd	NN1	RSSB	97	shave_agrees
tetragon	𐑑𐑧𐑑𐑮𐑩𐑜𐑪𐑯	ˈtetrəɡɒn	NN1	GenAm	97	shave_agrees
tetrahedron	𐑑𐑧𐑑𐑮𐑩𐑣𐑰𐑛𐑮𐑩𐑯	tetrəhiːdrən	NN1	RSSB	97	shave_agrees
tetralogy	𐑑𐑧𐑑𐑮𐑨𐑤𐑩𐑡𐑦	tetrælədʒi	NN1	RSSB	97	shave_agrees
tetrazzini	𐑑𐑧𐑑𐑮𐑩𐑟𐑰𐑯𐑦	tetrəziːni	NN1	RSSB	97	shave_agrees
thales	𐑔𐑱𐑤𐑰𐑟	ˈθeɪliːz	NN1	RSSB	97	shave_agrees
thallus	𐑔𐑨𐑤𐑩𐑕	ˈθæləs	NN1	RSSB	97	shave_agrees
thatcherite	𐑔𐑨𐑗𐑼𐑲𐑑	θætʃəraɪt	NN1	RSSB	97	shave_agrees
thaumaturgy	𐑔𐑷𐑥𐑩𐑑𐑻𐑡𐑦	θɔːmətɜːRdʒi	NN1	RSSB	97	shave_agrees
thenar	𐑔𐑰𐑯𐑼	θiːnəR	AJ0	RSSB	97	shave_agrees
therefor	𐑞𐑺𐑓𐑹	ðeərˈfɔːR	AV0	GenAm	97	shave_agrees
thermic	𐑔𐑻𐑥𐑦𐑒	θɜːRmɪk	AJ0	RSSB	97	shave_agrees
thermidor	𐑔𐑻𐑥𐑦𐑛𐑹	θɜːRmɪdɔːR	NN1	RSSB	97	shave_agrees
thermodynamic	𐑔𐑻𐑥𐑴𐑛𐑲𐑯𐑨𐑥𐑦𐑒	ˌθɜːRmoʊdaɪˈnæmɪk	AJ0	GenAm	97	shave_agrees
thiazide	𐑔𐑲𐑩𐑟𐑲𐑛	ˈθaɪ+əˌzaɪd	NN1	GenAm	97	shave_agrees
thiopental	𐑔𐑲𐑴𐑐𐑧𐑯𐑑𐑩𐑤	ˌθaɪ+əʊˈpentəl	NN1	RSSB	97	shave_agrees
thralldom	𐑔𐑮𐑷𐑤𐑛𐑩𐑥	θrɔːldəm	NN1	RSSB	97	shave_agrees
threescore	𐑔𐑮𐑰𐑕𐑒𐑹	ˈθriːskɔːR	NN1	GenAm	97	shave_agrees
thrombin	𐑔𐑮𐑪𐑥𐑚𐑦𐑯	ˈθrɒmbɪn	NN1	RSSB	97	shave_agrees
thrombocyte	𐑔𐑮𐑪𐑥𐑚𐑩𐑕𐑲𐑑	θrɒmbəsaɪt	NN1	RSSB	97	shave_agrees
thuggee	𐑔𐑳𐑜𐑰	θʌˈɡiː	NN1	RSSB	97	shave_agrees
thunderbird	𐑔𐑳𐑯𐑛𐑼𐑚𐑻𐑛	ˈθʌndəRbɜːRd	NN1	GenAm	97	shave_agrees
thusly	𐑞𐑳𐑕𐑤𐑦	ˈðʌsli	AV0	RSSB	97	shave_agrees
thwarter	𐑔𐑢𐑹𐑑𐑼	θwɔːRtəR	NN1	RSSB	97	shave_agrees
thymus	𐑔𐑲𐑥𐑩𐑕	ˈθaɪməs	NN1	RSSB	97	shave_agrees
tiebreaker	𐑑𐑲𐑚𐑮𐑱𐑒𐑼	ˈtaɪˌbreɪkəR	NN1	GenAm	97	shave_agrees
tierce	𐑑𐑽𐑕	ˈtɪəRs	NN1	GenAm	97	shave_agrees
tiffany	𐑑𐑦𐑓𐑩𐑯𐑦	ˈtɪfəni	NN1	RSSB	97	shave_agrees
tiffin	𐑑𐑦𐑓𐑦𐑯	ˈtɪfɪn	NN1	RSSB	97	shave_agrees
timberline	𐑑𐑦𐑥𐑚𐑼𐑤𐑲𐑯	ˈtɪmbəRˌlaɪn	NN1	GenAm	97	shave_agrees
timelessness	𐑑𐑲𐑥𐑤𐑩𐑕𐑯𐑩𐑕	ˈtaɪmləsnəs	NN1	GenAm	97	shave_agrees
tinct	𐑑𐑦𐑙𐑒𐑑	tɪŋkt	VVI	RSSB	97	shave_agrees
tininess	𐑑𐑲𐑯𐑦𐑯𐑩𐑕	ˈtaɪninəs	NN1	RSSB	97	shave_agrees
tinnitus	𐑑𐑦𐑯𐑦𐑑𐑩𐑕	ˈtɪnɪtəs	NN1	RSSB	97	shave_agrees
tipi	𐑑𐑰𐑐𐑦	ˈtiːpi	NN1	GenAm	97	shave_agrees
tippytoe	𐑑𐑦𐑐𐑦𐑑𐑴	ˈtɪpiˌtoʊ	VVI	RSSB	97	shave_agrees
tisane	𐑑𐑦𐑟𐑨𐑯	tɪˈzæn	NN1	GenAm	97	shave_agrees
titer	𐑑𐑲𐑑𐑼	ˈtaɪtəR	NN1	GenAm	97	shave_agrees
titfer	𐑑𐑦𐑑𐑓𐑼	ˈtɪtfəR	NN1	GenAm	97	shave_agrees
titian	𐑑𐑦𐑖𐑩𐑯	ˈtɪʃən	NN1	RSSB	97	shave_agrees
titration	𐑑𐑲𐑑𐑮𐑱𐑖𐑩𐑯	taɪˈtreɪʃən	NN1	GenAm	97	shave_agrees
titre	𐑑𐑲𐑑𐑼	ˈtaɪtəR	NN1	GenAm	97	shave_agrees
titty	𐑑𐑦𐑑𐑦	ˈtɪti	NN1	RSSB	97	shave_agrees
tod	𐑑𐑪𐑛	tɒd	NN1	GenAm	97	shave_agrees
tokamak	𐑑𐑴𐑒𐑩𐑥𐑨𐑒	ˈtoʊkəmæk	NN1	GenAm	97	shave_agrees
toluene	𐑑𐑪𐑤𐑿𐑰𐑯	ˈtɒljuːiːn	NN1	RSSB	97	shave_agrees
toolbox	𐑑𐑵𐑤𐑚𐑪𐑒𐑕	ˈtuːlˌbɒks	NN1	GenAm	97	shave_agrees
torah	𐑑𐑹𐑭	tɔːrɑː	NN1	RSSB	97	shave_agrees
torte	𐑑𐑹𐑑	tɔːRt	NN1	RSSB	97	shave_agrees
tortellini	𐑑𐑹𐑑𐑩𐑤𐑰𐑯𐑦	ˌtɔːRtəˈliːni	NN1	GenAm	97	shave_agrees
torturous	𐑑𐑹𐑗𐑼𐑩𐑕	ˈtɔːRtʃərəs	AJ0	GenAm	97	shave_agrees
totemism	𐑑𐑴𐑑𐑩𐑥𐑦𐑟𐑩𐑥	ˈtoʊtəmɪzəm	NN1	RSSB	97	shave_agrees
towhee	𐑑𐑴𐑣𐑰	ˈtoʊhiː	NN1	RSSB	97	shave_agrees
townie	𐑑𐑬𐑯𐑦	ˈtaʊni	NN1	RSSB	97	shave_agrees
toxicant	𐑑𐑪𐑒𐑕𐑦𐑒𐑩𐑯𐑑	ˈtɒksɪkənt	AJ0	RSSB	97	shave_agrees
toyota	𐑑𐑶𐑴𐑑𐑩	tɔɪˈoʊtə	NN1	GenAm	97	shave_agrees
tracheid	𐑑𐑮𐑩𐑒𐑰𐑦𐑛	trəkiːɪd	NN1	RSSB	97	shave_agrees
trackable	𐑑𐑮𐑨𐑒𐑩𐑚𐑩𐑤	ˈtrækəbəl	AJ0	GenAm	97	shave_agrees
tramper	𐑑𐑮𐑨𐑥𐑐𐑼	ˈtræmpəR	NN1	GenAm	97	shave_agrees
transect	𐑑𐑮𐑨𐑯𐑕𐑧𐑒𐑑	trænˈsekt	VVI	RSSB	97	shave_agrees
translational	𐑑𐑮𐑨𐑯𐑟𐑤𐑱𐑖𐑩𐑯𐑩𐑤	trænzleɪʃənəl	AJ0	RSSB	97	shave_agrees
trashiness	𐑑𐑮𐑨𐑖𐑦𐑯𐑩𐑕	træʃɪnəs	NN1	RSSB	97	shave_agrees
trave	𐑑𐑮𐑱𐑝	treɪv	NN1	RSSB	97	shave_agrees
trental	𐑑𐑮𐑧𐑯𐑑𐑩𐑤	trentəl	NN1	RSSB	97	shave_agrees
trey	𐑑𐑮𐑱	treɪ	NN1	RSSB	97	shave_agrees
triassic	𐑑𐑮𐑲𐑨𐑕𐑦𐑒	traɪˈæsɪk	AJ0	GenAm	97	shave_agrees
tribology	𐑑𐑮𐑲𐑚𐑪𐑤𐑩𐑡𐑦	traɪbɒlədʒi	NN1	RSSB	97	shave_agrees
triceratops	𐑑𐑮𐑲𐑕𐑧𐑮𐑩𐑑𐑪𐑐𐑕	traɪserətɒps	NN1	RSSB	97	shave_agrees
trichotomy	𐑑𐑮𐑲𐑒𐑪𐑑𐑩𐑥𐑦	traɪˈkɒtəmi	NN1	GenAm	97	shave_agrees
trichrome	𐑑𐑮𐑲𐑒𐑮𐑴𐑥	ˈtraɪˌkrəʊm	AJ0	RSSB	97	shave_agrees
tricot	𐑑𐑮𐑦𐑒𐑴	ˈtrikoʊ	NN1	RSSB	97	shave_agrees
trigeminal	𐑑𐑮𐑲𐑡𐑧𐑥𐑦𐑯𐑩𐑤	traɪdʒemɪnəl	NN1	RSSB	97	shave_agrees
triglyceride	𐑑𐑮𐑲𐑜𐑤𐑦𐑕𐑼𐑲𐑛	traɪɡlɪsəraɪd	NN1	RSSB	97	shave_agrees
trigon	𐑑𐑮𐑲𐑜𐑪𐑯	ˈtraɪɡɒn	NN1	RSSB	97	shave_agrees
trigonometric	𐑑𐑮𐑦𐑜𐑩𐑯𐑩𐑥𐑧𐑑𐑮𐑦𐑒	ˌtrɪɡənəˈmetrɪk	AJ0	GenAm	97	shave_agrees
triplicity	𐑑𐑮𐑦𐑐𐑤𐑦𐑕𐑦𐑑𐑦	trɪˈplɪsɪti	NN1	RSSB	97	shave_agrees
triskaidekaphobia	𐑑𐑮𐑦𐑕𐑒𐑲𐑛𐑧𐑒𐑩𐑓𐑴𐑚𐑦𐑩	trɪskaɪdekəfəʊbi+ə	NN1	RSSB	97	shave_agrees
trisomy	𐑑𐑮𐑲𐑕𐑩𐑥𐑦	traɪsəmi	NN1	RSSB	97	shave_agrees
trivalent	𐑑𐑮𐑲𐑝𐑱𐑤𐑩𐑯𐑑	traɪveɪlənt	AJ0	RSSB	97	shave_agrees
trolleybus	𐑑𐑮𐑪𐑤𐑦𐑚𐑳𐑕	trɒlɪbʌs	NN1	RSSB	97	shave_agrees
tropicbird	𐑑𐑮𐑪𐑐𐑦𐑒𐑚𐑻𐑛	trɒpɪkbɜːRd	NN1	RSSB	97	shave_agrees
tropism	𐑑𐑮𐑴𐑐𐑦𐑟𐑩𐑥	trəʊpɪzəm	NN1	RSSB	97	shave_agrees
troubleshoot	𐑑𐑮𐑳𐑚𐑩𐑤𐑖𐑵𐑑	trʌbəlʃuːt	VVI	RSSB	97	shave_agrees
trucking	𐑑𐑮𐑳𐑒𐑦𐑙	ˈtrʌkɪŋ	NN1	RSSB	97	shave_agrees
truster	𐑑𐑮𐑳𐑕𐑑𐑼	ˈtrʌstəR	NN1	GenAm	97	shave_agrees
tuareg	𐑑𐑢𐑸𐑧𐑜	ˈtwɑːReɡ	NN1	GenAm	97	shave_agrees
tuatara	𐑑𐑵𐑩𐑑𐑸𐑩	tuːətɑːrə	NN1	RSSB	97	shave_agrees
tubal	𐑑𐑿𐑚𐑩𐑤	ˈtjuːbəl	AJ0	RSSB	97	shave_agrees
tubule	𐑑𐑿𐑚𐑿𐑤	ˈtjuːbjuːl	NN1	RSSB	97	shave_agrees
tuckahoe	𐑑𐑳𐑒𐑩𐑣𐑴	ˈtʌkəhəʊ	NN1	RSSB	97	shave_agrees
tudor	𐑑𐑿𐑛𐑼	tjuːdəR	AJ0	RSSB	97	shave_agrees
tum	𐑑𐑳𐑥	tʌm	NN1	RSSB	97	shave_agrees
turkmen	𐑑𐑻𐑒𐑥𐑩𐑯	ˈtɜːRkmən	AJ0	GenAm	97	shave_agrees
turnery	𐑑𐑻𐑯𐑼𐑦	tɜːRnəri	NN1	RSSB	97	shave_agrees
tuscan	𐑑𐑳𐑕𐑒𐑩𐑯	ˈtʌskən	AJ0	RSSB	97	shave_agrees
tussore	𐑑𐑳𐑕𐑹	ˈtʌsɔːR	NN1	GenAm	97	shave_agrees
twaddler	𐑑𐑢𐑪𐑛𐑩𐑤𐑼	twɒdələR	NN1	RSSB	97	shave_agrees
twat	𐑑𐑢𐑪𐑑	twɒt	NN1	GenAm	97	shave_agrees
tweedle	𐑑𐑢𐑰𐑛𐑩𐑤	ˈtwiːdəl	VVI	RSSB	97	shave_agrees
tweeze	𐑑𐑢𐑰𐑟	twiːz	VVI	GenAm	97	shave_agrees
twosome	𐑑𐑵𐑕𐑩𐑥	ˈtuːsəm	NN1	RSSB	97	shave_agrees
tympanic	𐑑𐑦𐑥𐑐𐑨𐑯𐑦𐑒	tɪmˈpænɪk	AJ0	RSSB	97	shave_agrees
typhon	𐑑𐑲𐑓𐑩𐑯	ˈtaɪfən	NN1	RSSB	97	shave_agrees
tyrannic	𐑑𐑦𐑮𐑨𐑯𐑦𐑒	tɪˈrænɪk	AJ0	GenAm	97	shave_agrees
uke	𐑿𐑒	juːk	NN1	RSSB	97	shave_agrees
ullage	𐑳𐑤𐑦𐑡	ˈʌlɪdʒ	NN1	RSSB	97	shave_agrees
ultra	𐑳𐑤𐑑𐑮𐑩	ʌltrə	AJ0	RSSB	97	shave_agrees
unalike	𐑳𐑯𐑩𐑤𐑲𐑒	ˌʌnəˈlaɪk	AJ0	GenAm	97	shave_agrees
unarm	𐑳𐑯𐑸𐑥	ʌˈnɑːRm	VVI	GenAm	97	shave_agrees
unartistic	𐑳𐑯𐑸𐑑𐑦𐑕𐑑𐑦𐑒	ˌʌnɑːRˈtɪstɪk	AJ0	GenAm	97	shave_agrees
unary	𐑿𐑯𐑼𐑦	juːnəri	AJ0	RSSB	97	shave_agrees
unascertainable	𐑳𐑯𐑨𐑕𐑼𐑑𐑱𐑯𐑩𐑚𐑩𐑤	ˌʌnæsəRˈteɪnəbəl	AJ0	GenAm	97	shave_agrees
unassignable	𐑳𐑯𐑩𐑕𐑲𐑯𐑩𐑚𐑩𐑤	ˌʌnəˈsaɪnəbəl	AJ0	RSSB	97	shave_agrees
unbecomingness	𐑳𐑯𐑚𐑦𐑒𐑳𐑥𐑦𐑙𐑯𐑩𐑕	ʌnbɪˈkʌmɪŋnəs	NN1	RSSB	97	shave_agrees
unblinkingly	𐑳𐑯𐑚𐑤𐑦𐑙𐑒𐑦𐑙𐑤𐑦	ʌnˈblɪŋkɪŋli	AV0	RSSB	97	shave_agrees
unbrace	𐑳𐑯𐑚𐑮𐑱𐑕	ʌnˈbreɪs	VVI	RSSB	97	shave_agrees
uncheerful	𐑳𐑯𐑗𐑽𐑓𐑩𐑤	ʌntʃɪəRfəl	AJ0	RSSB	97	shave_agrees
unclassifiable	𐑳𐑯𐑒𐑤𐑨𐑕𐑦𐑓𐑲𐑩𐑚𐑩𐑤	ʌnˈklæsɪfaɪ+əbəl	AJ0	RSSB	97	shave_agrees
uncreative	𐑳𐑯𐑒𐑮𐑦𐑱𐑑𐑦𐑝	ʌnkrɪˈeɪtɪv	AJ0	RSSB	97	shave_agrees
uncropped	𐑳𐑯𐑒𐑮𐑪𐑐𐑑	ʌnˈkrɒpt	AJ0	RSSB	97	shave_agrees
unctuousness	𐑳𐑙𐑒𐑗𐑫𐑩𐑕𐑯𐑩𐑕	ˈʌŋktʃuəsnəs	NN1	RSSB	97	shave_agrees
undecipherable	𐑳𐑯𐑛𐑦𐑕𐑲𐑓𐑼𐑩𐑚𐑩𐑤	ʌndɪsaɪfərəbəl	AJ0	RSSB	97	shave_agrees
underage	𐑳𐑯𐑛𐑼𐑱𐑡	ʌndəreɪdʒ	AJ0	RSSB	97	shave_agrees
underlip	𐑳𐑯𐑛𐑼𐑤𐑦𐑐	ˈʌndəRˌlɪp	NN1	GenAm	97	shave_agrees
undeviating	𐑳𐑯𐑛𐑰𐑝𐑦𐑱𐑑𐑦𐑙	ʌnˈdiːvieɪtɪŋ	AJ0	RSSB	97	shave_agrees
undine	𐑳𐑯𐑛𐑰𐑯	ˈʌndiːn	NN1	RSSB	97	shave_agrees
uneager	𐑳𐑯𐑰𐑜𐑼	ʌniːɡəR	AJ0	RSSB	97	shave_agrees
unencumbered	𐑳𐑯𐑦𐑯𐑒𐑳𐑥𐑚𐑼𐑛	ˌʌnɪnˈkʌmbəRd	AJ0	GenAm	97	shave_agrees
unfriend	𐑳𐑯𐑓𐑮𐑧𐑯𐑛	ʌnˈfrend	VVI	RSSB	97	shave_agrees
unidirectional	𐑿𐑯𐑦𐑛𐑦𐑮𐑧𐑒𐑖𐑩𐑯𐑩𐑤	juːnɪdɪrekʃənəl	AJ0	RSSB	97	shave_agrees
uniformize	𐑿𐑯𐑦𐑓𐑹𐑥𐑲𐑟	juːnɪfɔːRmaɪz	VVI	RSSB	97	shave_agrees
univalent	𐑿𐑯𐑦𐑝𐑱𐑤𐑩𐑯𐑑	ˌjuːnɪˈveɪlənt	AJ0	RSSB	97	shave_agrees
universalism	𐑿𐑯𐑦𐑝𐑻𐑕𐑩𐑤𐑦𐑟𐑩𐑥	juːnɪvɜːRsəlɪzəm	NN1	RSSB	97	shave_agrees
univocal	𐑿𐑯𐑦𐑝𐑴𐑒𐑩𐑤	juːnɪˈvoʊkəl	AJ0	GenAm	97	shave_agrees
unknot	𐑳𐑯𐑯𐑪𐑑	ˈʌnnɒt	VVI	RSSB	97	shave_agrees
unleaded	𐑳𐑯𐑤𐑧𐑛𐑩𐑛	ˌʌnˈledəd	AJ0	RSSB	97	shave_agrees
unmeaning	𐑳𐑯𐑥𐑰𐑯𐑦𐑙	ʌnˈmiːnɪŋ	AJ0	RSSB	97	shave_agrees
unmeasurable	𐑳𐑯𐑥𐑧𐑠𐑼𐑩𐑚𐑩𐑤	ʌnmeʒərəbəl	AJ0	RSSB	97	shave_agrees
unsavory	𐑳𐑯𐑕𐑱𐑝𐑼𐑦	ʌnseɪvəri	AJ0	RSSB	97	shave_agrees
unspell	𐑳𐑯𐑕𐑐𐑧𐑤	ʌnˈspel	VVI	RSSB	97	shave_agrees
unstinted	𐑳𐑯𐑕𐑑𐑦𐑯𐑑𐑩𐑛	ʌnˈstɪntƏd	AJ0	RSSB	97	shave_agrees
unstinting	𐑳𐑯𐑕𐑑𐑦𐑯𐑑𐑦𐑙	ʌnˈstɪntɪŋ	AJ0	GenAm	97	shave_agrees
unstrap	𐑳𐑯𐑕𐑑𐑮𐑨𐑐	ʌnˈstræp	VVI	RSSB	97	shave_agrees
unsufferable	𐑳𐑯𐑕𐑳𐑓𐑼𐑩𐑚𐑩𐑤	ʌnsʌfərəbəl	AJ0	RSSB	97	shave_agrees
unthaw	𐑳𐑯𐑔𐑷	ʌnˈθɔː	VVI	RSSB	97	shave_agrees
unuttered	𐑳𐑯𐑳𐑑𐑼𐑛	ˌʌnˈʌtəRd	AJ0	GenAm	97	shave_agrees
unwellness	𐑳𐑯𐑢𐑧𐑤𐑯𐑩𐑕	ʌnˈwelnəs	NN1	RSSB	97	shave_agrees
uptick	𐑳𐑐𐑑𐑦𐑒	ˈʌptɪk	NN1	RSSB	97	shave_agrees
upvote	𐑳𐑐𐑝𐑴𐑑	ˈʌpˌvoʊt	NN1	GenAm	97	shave_agrees
upwind	𐑳𐑐𐑢𐑦𐑯𐑛	ʌpˈwɪnd	AJ0	RSSB	97	shave_agrees
ureter	𐑘𐑫𐑼𐑰𐑑𐑼	jʊəriːtər	NN1	RSSB	97	shave_agrees
urticaria	𐑻𐑑𐑦𐑒𐑺𐑦𐑩	ɜːRtɪkeəri+ə	NN1	RSSB	97	shave_agrees
usability	𐑿𐑟𐑩𐑚𐑦𐑤𐑦𐑑𐑦	ˌjuːzəˈbɪlɪti	NN1	RSSB	97	shave_agrees
ute	𐑿𐑑	juːt	NN1	RSSB	97	shave_agrees
utile	𐑿𐑑𐑲𐑤	ˈjuːtaɪl	AJ0	RSSB	97	shave_agrees
utricle	𐑿𐑑𐑮𐑦𐑒𐑩𐑤	juːtrɪkəl	NN1	RSSB	97	shave_agrees
uxorial	𐑳𐑒𐑕𐑹𐑦𐑩𐑤	ʌkˈsɔːRi+əl	AJ0	GenAm	97	shave_agrees
uxoricide	𐑳𐑒𐑕𐑹𐑦𐑕𐑲𐑛	ʌksɔːrɪsaɪd	NN1	RSSB	97	shave_agrees
vacay	𐑝𐑱𐑒𐑱	ˈveɪkeɪ	NN1	RSSB	97	shave_agrees
vagile	𐑝𐑨𐑡𐑲𐑤	ˈvadʒaɪl	AJ0	RSSB	97	shave_agrees
vagus	𐑝𐑱𐑜𐑩𐑕	ˈveɪɡəs	NN1	RSSB	97	shave_agrees
valent	𐑝𐑱𐑤𐑩𐑯𐑑	ˈveɪlənt	AJ0	RSSB	97	shave_agrees
valium	𐑝𐑨𐑤𐑦𐑩𐑥	ˈvæli+əm	NN1	GenAm	97	shave_agrees
variegate	𐑝𐑺𐑦𐑩𐑜𐑱𐑑	ˈveəri+əˌɡeɪt	VVI	GenAm	97	shave_agrees
varietal	𐑝𐑼𐑲𐑩𐑑𐑩𐑤	vəraɪətəl	NN1	RSSB	97	shave_agrees
vasectomize	𐑝𐑩𐑕𐑧𐑒𐑑𐑩𐑥𐑲𐑟	vəˈsektəmaɪz	VVI	RSSB	97	shave_agrees
vatic	𐑝𐑨𐑑𐑦𐑒	ˈvætɪk	AJ0	RSSB	97	shave_agrees
veery	𐑝𐑽𐑦	vɪəri	NN1	RSSB	97	shave_agrees
veg	𐑝𐑧𐑡	vedʒ	NN1	RSSB	97	shave_agrees
vela	𐑝𐑰𐑤𐑩	ˈviːlə	NN1	GenAm	97	shave_agrees
velcro	𐑝𐑧𐑤𐑒𐑮𐑴	ˈvelkroʊ	VVI	GenAm	97	shave_agrees
vellicate	𐑝𐑧𐑤𐑦𐑒𐑱𐑑	ˈvelɪkeɪt	VVI	RSSB	97	shave_agrees
velodrome	𐑝𐑧𐑤𐑩𐑛𐑮𐑴𐑥	velədrəʊm	NN1	RSSB	97	shave_agrees
velum	𐑝𐑰𐑤𐑩𐑥	ˈviːləm	NN1	RSSB	97	shave_agrees
versant	𐑝𐑻𐑕𐑩𐑯𐑑	vɜːRsənt	NN1	RSSB	97	shave_agrees
verst	𐑝𐑻𐑕𐑑	vɜːRst	NN1	RSSB	97	shave_agrees
vervain	𐑝𐑻𐑝𐑱𐑯	vɜːRveɪn	NN1	RSSB	97	shave_agrees
vesical	𐑝𐑧𐑕𐑦𐑒𐑩𐑤	ˈvesɪkəl	AJ0	RSSB	97	shave_agrees
vesper	𐑝𐑧𐑕𐑐𐑼	ˈvespəR	NN1	GenAm	97	shave_agrees
viceroyalty	𐑝𐑲𐑕𐑮𐑶𐑩𐑤𐑑𐑦	vaɪsrɔɪəlti	NN1	RSSB	97	shave_agrees
vigor	𐑝𐑦𐑜𐑼	ˈvɪɡəR	NN1	GenAm	97	shave_agrees
vila	𐑝𐑰𐑤𐑩	ˈviːlə	NN1	RSSB	97	shave_agrees
vilipend	𐑝𐑦𐑤𐑦𐑐𐑧𐑯𐑛	ˈvɪlɪpend	VVI	RSSB	97	shave_agrees
vincristine	𐑝𐑦𐑯𐑒𐑮𐑦𐑕𐑑𐑰𐑯	vɪnˈkrɪstiːn	NN1	RSSB	97	shave_agrees
violoncello	𐑝𐑲𐑩𐑤𐑩𐑯𐑗𐑧𐑤𐑴	ˌvaɪələnˈtʃeloʊ	NN1	GenAm	97	shave_agrees
virga	𐑝𐑻𐑜𐑩	vɜːRɡə	NN1	RSSB	97	shave_agrees
vise	𐑝𐑲𐑕	vaɪs	NN1	RSSB	97	shave_agrees
vitrification	𐑝𐑦𐑑𐑮𐑦𐑓𐑦𐑒𐑱𐑖𐑩𐑯	vɪtrɪfɪkeɪʃən	NN1	RSSB	97	shave_agrees
vitrine	𐑝𐑦𐑑𐑮𐑰𐑯	vɪˈtriːn	NN1	RSSB	97	shave_agrees
vivify	𐑝𐑦𐑝𐑦𐑓𐑲	ˈvɪvɪfaɪ	VVI	RSSB	97	shave_agrees
vlog	𐑝𐑤𐑪𐑜	ˈvlɒɡ	NN1	GenAm	97	shave_agrees
vocable	𐑝𐑴𐑒𐑩𐑚𐑩𐑤	ˈvoʊkəbəl	NN1	GenAm	97	shave_agrees
voguish	𐑝𐑴𐑜𐑦𐑖	ˈvoʊɡɪʃ	AJ0	GenAm	97	shave_agrees
voider	𐑝𐑶𐑛𐑼	vɔɪdəR	NN1	RSSB	97	shave_agrees
volant	𐑝𐑴𐑤𐑩𐑯𐑑	ˈvəʊlənt	AJ0	RSSB	97	shave_agrees
volar	𐑝𐑴𐑤𐑼	voʊləR	AJ0	RSSB	97	shave_agrees
volcanology	𐑝𐑪𐑤𐑒𐑩𐑯𐑪𐑤𐑩𐑡𐑦	ˌvɒlkənˈɒlədʒi	NN1	RSSB	97	shave_agrees
vroom	𐑝𐑮𐑵𐑥	vruːm	NN1	RSSB	97	shave_agrees
vulval	𐑝𐑳𐑤𐑝𐑩𐑤	ˈvʌlvəl	AJ0	RSSB	97	shave_agrees
wacko	𐑢𐑨𐑒𐑴	ˈwækəʊ	NN1	RSSB	97	shave_agrees
waifu	𐑢𐑲𐑓𐑵	ˈwaɪfuː	NN1	RSSB	97	shave_agrees
wailful	𐑢𐑱𐑤𐑓𐑩𐑤	ˈweɪlfəl	AJ0	RSSB	97	shave_agrees
walkway	𐑢𐑷𐑒𐑢𐑱	ˈwɔːkˌweɪ	NN1	RSSB	97	shave_agrees
walloon	𐑢𐑩𐑤𐑵𐑯	wəˈluːn	NN1	RSSB	97	shave_agrees
warlock	𐑢𐑹𐑤𐑪𐑒	ˈwɔːRlɒk	NN1	GenAm	97	shave_agrees
wasabi	𐑢𐑩𐑕𐑭𐑚𐑦	wəˈsɑːbi	NN1	RSSB	97	shave_agrees
weber	𐑢𐑧𐑚𐑼	ˈwebəR	NN1	GenAm	97	shave_agrees
webster	𐑢𐑧𐑚𐑕𐑑𐑼	webstəR	NN1	RSSB	97	shave_agrees
wedgie	𐑢𐑧𐑡𐑦	ˈwedʒi	NN1	RSSB	97	shave_agrees
weepy	𐑢𐑰𐑐𐑦	ˈwiːpi	AJ0	RSSB	97	shave_agrees
weigher	𐑢𐑱𐑼	ˈweɪəR	NN1	GenAm	97	shave_agrees
weirdo	𐑢𐑽𐑛𐑴	ˈwɪərdoʊ	NN1	GenAm	97	shave_agrees
welch	𐑢𐑧𐑤𐑗	weltʃ	VVI	RSSB	97	shave_agrees
weldment	𐑢𐑧𐑤𐑛𐑥𐑩𐑯𐑑	ˈweldmənt	NN1	RSSB	97	shave_agrees
welfarist	𐑢𐑧𐑤𐑓𐑺𐑦𐑕𐑑	welfeərɪst	AJ0	RSSB	97	shave_agrees
wesleyanism	𐑢𐑧𐑟𐑤𐑾𐑯𐑦𐑟𐑩𐑥	ˈwezlɪənɪzəm	NN1	RSSB	97	shave_agrees
wetback	𐑢𐑧𐑑𐑚𐑨𐑒	wetbæk	NN1	RSSB	97	shave_agrees
wetness	𐑢𐑧𐑑𐑯𐑩𐑕	ˈwetnəs	NN1	RSSB	97	shave_agrees
whelm	𐑢𐑧𐑤𐑥	ʍelm	VVI	RSSB	97	shave_agrees
whiny	𐑢𐑲𐑯𐑦	ˈwaɪni	AJ0	RSSB	97	shave_agrees
whish	𐑢𐑦𐑖	ʍɪʃ	VVI	RSSB	97	shave_agrees
whitelash	𐑢𐑲𐑑𐑤𐑨𐑖	ˈwaɪtlæʃ	NN1	RSSB	97	shave_agrees
whitey	𐑢𐑲𐑑𐑦	ˈwaɪti	NN1	RSSB	97	shave_agrees
whoredom	𐑣𐑹𐑛𐑩𐑥	hɔːRdəm	NN1	RSSB	97	shave_agrees
whortleberry	𐑢𐑻𐑑𐑩𐑤𐑚𐑼𐑦	wɜːRtəlbəri	NN1	RSSB	97	shave_agrees
whortleberry	𐑢𐑻𐑑𐑩𐑤𐑚𐑧𐑮𐑦	ˈwɜːRtəlberi	NN1	GenAm	97	shave_agrees
wickiup	𐑢𐑦𐑒𐑦𐑳𐑐	ˈwɪkiʌp	NN1	GenAm	97	shave_agrees
wieldy	𐑢𐑰𐑤𐑛𐑦	ˈwiːldi	AJ0	GenAm	97	shave_agrees
wiener	𐑢𐑰𐑯𐑼	wiːnəR	NN1	RSSB	97	shave_agrees
wiggly	𐑢𐑦𐑜𐑩𐑤𐑦	ˈwɪɡəˌli	AJ0	RSSB	97	shave_agrees
wigwag	𐑢𐑦𐑜𐑢𐑨𐑜	ˈwɪɡˌwæɡ	VVI	GenAm	97	shave_agrees
windage	𐑢𐑦𐑯𐑛𐑦𐑡	ˈwɪndɪdʒ	NN1	RSSB	97	shave_agrees
windburn	𐑢𐑦𐑯𐑛𐑚𐑻𐑯	wɪndbɜːRn	NN1	RSSB	97	shave_agrees
winder	𐑢𐑲𐑯𐑛𐑼	waɪndəR	NN1	RSSB	97	shave_agrees
windstorm	𐑢𐑦𐑯𐑛𐑕𐑑𐑹𐑥	wɪndstɔːRm	NN1	RSSB	97	shave_agrees
windsurf	𐑢𐑦𐑯𐑛𐑕𐑻𐑓	wɪndsɜːRf	VVI	RSSB	97	shave_agrees
winemaker	𐑢𐑲𐑯𐑥𐑱𐑒𐑼	ˈwaɪnˌmeɪkəR	NN1	GenAm	97	shave_agrees
winery	𐑢𐑲𐑯𐑼𐑦	waɪnəri	NN1	RSSB	97	shave_agrees
wingman	𐑢𐑦𐑙𐑥𐑨𐑯	ˈwɪŋmæn	NN1	RSSB	97	shave_agrees
winker	𐑢𐑦𐑙𐑒𐑼	wɪŋkəR	NN1	RSSB	97	shave_agrees
wino	𐑢𐑲𐑯𐑴	ˈwaɪnəʊ	NN1	RSSB	97	shave_agrees
winy	𐑢𐑲𐑯𐑦	ˈwaɪni	AJ0	RSSB	97	shave_agrees
wittol	𐑢𐑦𐑑𐑩𐑤	ˈwɪtəl	NN1	RSSB	97	shave_agrees
wizardly	𐑢𐑦𐑟𐑼𐑛𐑤𐑦	wɪzəRdli	AJ0	RSSB	97	shave_agrees
wizen	𐑢𐑦𐑟𐑩𐑯	ˈwɪzən	AJ0	RSSB	97	shave_agrees
wok	𐑢𐑪𐑒	wɒk	NN1	RSSB	97	shave_agrees
wolfsbane	𐑢𐑫𐑤𐑓𐑕𐑚𐑱𐑯	ˈwʊlfsbeɪn	NN1	RSSB	97	shave_agrees
wolverine	𐑢𐑫𐑤𐑝𐑼𐑰𐑯	wʊlvəriːn	NN1	RSSB	97	shave_agrees
woodruff	𐑢𐑫𐑛𐑮𐑳𐑓	ˈwʊdrʌf	NN1	RSSB	97	shave_agrees
woozy	𐑢𐑵𐑟𐑦	ˈwuːzi	AJ0	RSSB	97	shave_agrees
wop	𐑢𐑪𐑐	wɒp	NN1	RSSB	97	shave_agrees
wordsmith	𐑢𐑻𐑛𐑕𐑥𐑦𐑔	wɜːRdsmɪθ	NN1	GenAm	97	shave_agrees
workout	𐑢𐑻𐑒𐑬𐑑	wɜːRkaʊt	NN1	RSSB	97	shave_agrees
workwear	𐑢𐑻𐑒𐑢𐑺	wɜːRkweəR	NN1	RSSB	97	shave_agrees
worrywart	𐑢𐑳𐑮𐑦𐑢𐑹𐑑	wʌrɪwɔːRt	NN1	RSSB	97	shave_agrees
wrasse	𐑮𐑨𐑕	ræs	NN1	RSSB	97	shave_agrees
wrawl	𐑮𐑷𐑤	rɔːl	VVI	RSSB	97	shave_agrees
wryneck	𐑮𐑲𐑯𐑧𐑒	ˈraɪnek	NN1	RSSB	97	shave_agrees
wyrd	𐑢𐑽𐑛	wiəRd	NN1	RSSB	97	shave_agrees
xanthate	𐑟𐑨𐑯𐑔𐑱𐑑	ˈzænθeɪt	NN1	RSSB	97	shave_agrees
xerophyte	𐑟𐑽𐑴𐑓𐑲𐑑	zɪərəʊfaɪt	NN1	RSSB	97	shave_agrees
xylem	𐑟𐑲𐑤𐑩𐑥	ˈzaɪləm	NN1	RSSB	97	shave_agrees
yack	𐑘𐑨𐑒	jæk	NN1	RSSB	97	shave_agrees
yanker	𐑘𐑨𐑙𐑒𐑼	jæŋkəR	NN1	RSSB	97	shave_agrees
yardbird	𐑘𐑸𐑛𐑚𐑻𐑛	ˈjɑːRdbɜːRd	NN1	GenAm	97	shave_agrees
yardman	𐑘𐑸𐑛𐑥𐑩𐑯	jɑːRdmən	NN1	RSSB	97	shave_agrees
yarmulke	𐑘𐑸𐑥𐑩𐑤𐑒𐑩	jɑːRməlkə	NN1	RSSB	97	shave_agrees
yesteryear	𐑘𐑧𐑕𐑑𐑼𐑘𐑽	ˈjestərjɪər	NN1	GenAm	97	shave_agrees
yip	𐑘𐑦𐑐	jɪp	NN1	RSSB	97	shave_agrees
yobbo	𐑘𐑪𐑚𐑴	ˈjɒbəʊ	NN1	RSSB	97	shave_agrees
yokelish	𐑘𐑴𐑒𐑩𐑤𐑦𐑖	ˈjəʊkəlɪʃ	AJ0	RSSB	97	shave_agrees
yucca	𐑘𐑳𐑒𐑩	ˈjʌkə	NN1	GenAm	97	shave_agrees
yucky	𐑘𐑳𐑒𐑦	ˈjʌki	AJ0	GenAm	97	shave_agrees
yummy	𐑘𐑳𐑥𐑦	ˈjʌmi	AJ0	RSSB	97	shave_agrees
yuppie	𐑘𐑳𐑐𐑦	ˈjʌpi	NN1	GenAm	97	shave_agrees
yurt	𐑘𐑻𐑑	jɜːRt	NN1	GenAm	97	shave_agrees
zag	𐑟𐑨𐑜	zæɡ	NN1	RSSB	97	shave_agrees
zapper	𐑟𐑨𐑐𐑼	zæpəR	NN1	RSSB	97	shave_agrees
zed	𐑟𐑧𐑛	zed	NN1	RSSB	97	shave_agrees
zesty	𐑟𐑧𐑕𐑑𐑦	ˈzesti	AJ0	GenAm	97	shave_agrees
zilch	𐑟𐑦𐑤𐑗	zɪltʃ	NN1	RSSB	97	shave_agrees
zillion	𐑟𐑦𐑤𐑘𐑩𐑯	ˈzɪljən	NN1	RSSB	97	shave_agrees
zinfandel	𐑟𐑦𐑯𐑓𐑩𐑯𐑛𐑧𐑤	ˈzɪnfəndel	NN1	GenAm	97	shave_agrees
zippy	𐑟𐑦𐑐𐑦	ˈzɪpi	AJ0	RSSB	97	shave_agrees
zoic	𐑟𐑴𐑦𐑒	ˈzəʊɪk	AJ0	RSSB	97	shave_agrees
zooid	𐑟𐑴𐑶𐑛	ˈzəʊɔɪd	NN1	RSSB	97	shave_agrees
zooplankton	𐑟𐑴𐑩𐑐𐑤𐑨𐑙𐑒𐑑𐑩𐑯	ˈzoʊəˌplæŋktən	NN1	RSSB	97	shave_agrees
zori	𐑟𐑹𐑦	zɔːri	NN1	RSSB	97	shave_agrees
zulu	𐑟𐑵𐑤𐑵	ˈzuːluː	NN1	RSSB	97	shave_agrees
zymotic	𐑟𐑲𐑥𐑪𐑑𐑦𐑒	zaɪˈmɒtɪk	AJ0	RSSB	97	shave_agrees
