phrase	pos	var	phrase_ipa	expected_ipa	phrase_shaw	expected_shaw	classification
false friend	NN1	RSSB	ˌfɒls ˈfrend	fɔːls frend	𐑓𐑪𐑤𐑕 𐑓𐑮𐑧𐑯𐑛	𐑓𐑷𐑤𐑕𐑓𐑮𐑧𐑯𐑛	divergent
false friend	NN1	GenAm	ˌfɒls ˈfrend	fɔːls frend	𐑓𐑪𐑤𐑕 𐑓𐑮𐑧𐑯𐑛	𐑓𐑷𐑤𐑕𐑓𐑮𐑧𐑯𐑛	divergent
false friend	NN1	RSSB	ˌfɔːls ˈfrend	fɔːls frend	𐑓𐑷𐑤𐑕 𐑓𐑮𐑧𐑯𐑛	𐑓𐑷𐑤𐑕𐑓𐑮𐑧𐑯𐑛	matches
quid pro quo	NN1	RSSB	ˌkwɪdprəʊˈkwəʊ		𐑒𐑢𐑦𐑛𐑐𐑮𐑴𐑒𐑢𐑴		unknown
quid pro quo	NN1	GenAm	ˌkwɪdproʊˈkwoʊ	kwɪd prəʊ kwoʊ	𐑒𐑢𐑦𐑛𐑐𐑮𐑴𐑒𐑢𐑴	𐑒𐑢𐑦𐑛𐑐𐑮𐑴𐑒𐑢𐑴	matches
Aaron's rod	NN1	RSSB	eərənz rɒd		𐑺𐑩𐑯𐑟 𐑮𐑪𐑛		unknown
Aaron's rod	NN1	GenAm	ˈerənz rɒd		𐑧𐑮𐑩𐑯𐑟 𐑮𐑪𐑛		unknown
Abraham man	NN1	GenAm	ˈeɪbrəˌhæm mæn	ˈeɪbrəhæm mæn	𐑱𐑚𐑮𐑩𐑣𐑨𐑥 𐑥𐑨𐑯	𐑱𐑚𐑮𐑩𐑣𐑨𐑥𐑥𐑨𐑯	matches
Abraham man	NN1	GenAm	ˈeɪbrəhəm mæn	ˈeɪbrəhæm mæn	𐑱𐑚𐑮𐑩𐑣𐑩𐑥 𐑥𐑨𐑯	𐑱𐑚𐑮𐑩𐑣𐑨𐑥𐑥𐑨𐑯	matches
mouse potato	NN1	RSSB	ˈmaʊs pəˈteɪtəʊ	maʊs pəˈteɪtəʊ	𐑥𐑬𐑕 𐑐𐑩𐑑𐑱𐑑𐑴	𐑥𐑬𐑕𐑐𐑩𐑑𐑱𐑑𐑴	matches
mouse potato	NN1	GenAm	maʊs pəʊteɪtəʊ	maʊs pəˈteɪtəʊ	𐑥𐑬𐑕 𐑐𐑴𐑑𐑱𐑑𐑴	𐑥𐑬𐑕𐑐𐑩𐑑𐑱𐑑𐑴	divergent
outer space	NN1	RSSB	aʊtəR ˈspeɪs	ˈaʊtəR speɪs	𐑬𐑑𐑼 𐑕𐑐𐑱𐑕	𐑬𐑑𐑼𐑕𐑐𐑱𐑕	matches
outer space	NN1	GenAm	ˌaʊtəR ˈspeɪs	ˈaʊtəR speɪs	𐑬𐑑𐑼 𐑕𐑐𐑱𐑕	𐑬𐑑𐑼𐑕𐑐𐑱𐑕	matches
your mileage may vary	UNC	RSSB	jəR ˈmaɪlədʒ meɪ veəri	jɔːR ˈmaɪlɪdʒ meɪ ˈveəri	𐑘𐑼 𐑥𐑲𐑤𐑩𐑡 𐑥𐑱 𐑝𐑺𐑦	𐑘𐑹𐑥𐑲𐑤𐑦𐑡𐑥𐑱𐑝𐑺𐑦	divergent
your mileage may vary	UNC	GenAm	jəR ˈmaɪlədʒ meɪ ˈveəri	jɔːR ˈmaɪlɪdʒ meɪ ˈveəri	𐑘𐑼 𐑥𐑲𐑤𐑩𐑡 𐑥𐑱 𐑝𐑺𐑦	𐑘𐑹𐑥𐑲𐑤𐑦𐑡𐑥𐑱𐑝𐑺𐑦	divergent
Achilles tendon	NN1	GenAm	əˈkɪliːz tendən	əˈkɪliːz ˈtendən	𐑩𐑒𐑦𐑤𐑰𐑟 𐑑𐑧𐑯𐑛𐑩𐑯	𐑩𐑒𐑦𐑤𐑰𐑟𐑑𐑧𐑯𐑛𐑩𐑯	matches
sub rosa	AV0	RSSB	ˌsʌb rəʊzə	sʌb ˈrəʊzə	𐑕𐑳𐑚 𐑮𐑴𐑟𐑩	𐑕𐑳𐑚𐑮𐑴𐑟𐑩	matches
sub rosa	AV0	GenAm	ˌsʌb ˈroʊzə	sʌb ˈrəʊzə	𐑕𐑳𐑚 𐑮𐑴𐑟𐑩	𐑕𐑳𐑚𐑮𐑴𐑟𐑩	matches
sub rosa	AJ0	RSSB	ˌsʌb rəʊzə	sʌb ˈrəʊzə	𐑕𐑳𐑚 𐑮𐑴𐑟𐑩	𐑕𐑳𐑚𐑮𐑴𐑟𐑩	matches
sub rosa	AJ0	GenAm	ˌsʌb ˈroʊzə	sʌb ˈrəʊzə	𐑕𐑳𐑚 𐑮𐑴𐑟𐑩	𐑕𐑳𐑚𐑮𐑴𐑟𐑩	matches
sub rosa	NN1	RSSB	ˌsʌb rəʊzə	sʌb ˈrəʊzə	𐑕𐑳𐑚 𐑮𐑴𐑟𐑩	𐑕𐑳𐑚𐑮𐑴𐑟𐑩	matches
sub rosa	NN1	GenAm	ˌsʌb ˈroʊzə	sʌb ˈrəʊzə	𐑕𐑳𐑚 𐑮𐑴𐑟𐑩	𐑕𐑳𐑚𐑮𐑴𐑟𐑩	matches
safety valve	NN1	RSSB	ˈseɪftɪ ˌvælv	ˈseɪfti vælv	𐑕𐑱𐑓𐑑𐑦 𐑝𐑨𐑤𐑝	𐑕𐑱𐑓𐑑𐑦𐑝𐑨𐑤𐑝	matches
safety valve	NN1	GenAm	ˈseɪfti ˌvælv	ˈseɪfti vælv	𐑕𐑱𐑓𐑑𐑦 𐑝𐑨𐑤𐑝	𐑕𐑱𐑓𐑑𐑦𐑝𐑨𐑤𐑝	matches
safety valve	VVI	RSSB	ˈseɪftɪ ˌvælv	ˈseɪfti vælv	𐑕𐑱𐑓𐑑𐑦 𐑝𐑨𐑤𐑝	𐑕𐑱𐑓𐑑𐑦𐑝𐑨𐑤𐑝	matches
safety valve	VVI	GenAm	ˈseɪfti ˌvælv	ˈseɪfti vælv	𐑕𐑱𐑓𐑑𐑦 𐑝𐑨𐑤𐑝	𐑕𐑱𐑓𐑑𐑦𐑝𐑨𐑤𐑝	matches
operating system	NN1	RSSB	ɒpəreɪtɪŋ ˌsɪstəm	ˈɒpəreɪtɪŋ ˈsɪstəm	𐑪𐑐𐑼𐑱𐑑𐑦𐑙 𐑕𐑦𐑕𐑑𐑩𐑥	𐑪𐑐𐑼𐑱𐑑𐑦𐑙𐑕𐑦𐑕𐑑𐑩𐑥	matches
operating system	NN1	GenAm	ˈɒpəˌreɪtɪŋ ˌsɪstəm	ˈɒpəreɪtɪŋ ˈsɪstəm	𐑪𐑐𐑼𐑱𐑑𐑦𐑙 𐑕𐑦𐑕𐑑𐑩𐑥	𐑪𐑐𐑼𐑱𐑑𐑦𐑙𐑕𐑦𐑕𐑑𐑩𐑥	matches
United Arab Emirates	NP0	RSSB	juˌnaɪtɪd arəb ˈemɪrɪts	juːˈnaɪtƏd ˈærəb eˈmɪrəts	𐑘𐑫𐑯𐑲𐑑𐑦𐑛 𐑨𐑮𐑩𐑚 𐑧𐑥𐑦𐑮𐑦𐑑𐑕	𐑿𐑯𐑲𐑑𐑩𐑛𐑨𐑮𐑩𐑚𐑧𐑥𐑦𐑮𐑩𐑑𐑕	divergent
United Arab Emirates	NP0	GenAm	jəˌnaɪtɪd ˌerəb ˈemɪrɪts	juːˈnaɪtƏd ˈærəb eˈmɪrəts	𐑘𐑩𐑯𐑲𐑑𐑦𐑛 𐑧𐑮𐑩𐑚 𐑧𐑥𐑦𐑮𐑦𐑑𐑕	𐑿𐑯𐑲𐑑𐑩𐑛𐑨𐑮𐑩𐑚𐑧𐑥𐑦𐑮𐑩𐑑𐑕	divergent
New Zealand	NP0	RSSB	nju ˈziːlənd	njuː ˈziːlənd	𐑯𐑘𐑫 𐑟𐑰𐑤𐑩𐑯𐑛	𐑯𐑿𐑟𐑰𐑤𐑩𐑯𐑛	divergent
New Zealand	NP0	GenAm	nu ˈzilənd	nuː ˈziːlənd	𐑯𐑫 𐑟𐑦𐑤𐑩𐑯𐑛	𐑯𐑵𐑟𐑰𐑤𐑩𐑯𐑛	divergent
New Zealand	NN1	RSSB	nju ˈziːlənd	njuː ˈziːlənd	𐑯𐑘𐑫 𐑟𐑰𐑤𐑩𐑯𐑛	𐑯𐑿𐑟𐑰𐑤𐑩𐑯𐑛	divergent
New Zealand	NN1	GenAm	nu ˈzilənd	nuː ˈziːlənd	𐑯𐑫 𐑟𐑦𐑤𐑩𐑯𐑛	𐑯𐑵𐑟𐑰𐑤𐑩𐑯𐑛	divergent
Solomon Islands	NP0	RSSB	ˈsɒləmən ˈaɪləndz	ˈsɒləmən ˈaɪləndz	𐑕𐑪𐑤𐑩𐑥𐑩𐑯 𐑲𐑤𐑩𐑯𐑛𐑟	𐑕𐑪𐑤𐑩𐑥𐑩𐑯𐑲𐑤𐑩𐑯𐑛𐑟	matches
Solomon Islands	NP0	GenAm	ˈsɒləmən ˈaɪləndz	ˈsɒləmən ˈaɪləndz	𐑕𐑪𐑤𐑩𐑥𐑩𐑯 𐑲𐑤𐑩𐑯𐑛𐑟	𐑕𐑪𐑤𐑩𐑥𐑩𐑯𐑲𐑤𐑩𐑯𐑛𐑟	matches
Antigua and Barbuda	NP0	RSSB	æntiːɡə əndbɑːbjuːdə		𐑨𐑯𐑑𐑰𐑜𐑩 𐑩𐑯𐑛𐑚𐑭𐑚𐑿𐑛𐑩		unknown
Antigua and Barbuda	NP0	GenAm	ænˌtiɡwə ənd bɑːRˈbjudə	ænˈtiːɡə N bɑːRˈbjudə	𐑨𐑯𐑑𐑦𐑜𐑢𐑩 𐑩𐑯𐑛 𐑚𐑸𐑚𐑘𐑫𐑛𐑩	𐑨𐑯𐑑𐑰𐑜𐑩𐑯𐑚𐑸𐑚𐑘𐑫𐑛𐑩	divergent
Dominican Republic	NP0	RSSB	dəmˌɪnɪkən rɪˈpʌblɪk	dəˈmɪnɪkən rɪˈpʌblɪk	𐑛𐑩𐑥𐑦𐑯𐑦𐑒𐑩𐑯 𐑮𐑦𐑐𐑳𐑚𐑤𐑦𐑒	𐑛𐑩𐑥𐑦𐑯𐑦𐑒𐑩𐑯𐑮𐑦𐑐𐑳𐑚𐑤𐑦𐑒	matches
Dominican Republic	NP0	GenAm	doʊˌmɪnɪkən rəˈpʌblɪk	dəˈmɪnɪkən rɪˈpʌblɪk	𐑛𐑴𐑥𐑦𐑯𐑦𐑒𐑩𐑯 𐑮𐑩𐑐𐑳𐑚𐑤𐑦𐑒	𐑛𐑩𐑥𐑦𐑯𐑦𐑒𐑩𐑯𐑮𐑦𐑐𐑳𐑚𐑤𐑦𐑒	divergent
full stop	NN1	RSSB	ˌfʊl ˈstɒp	fʊl stɒp	𐑓𐑫𐑤 𐑕𐑑𐑪𐑐	𐑓𐑫𐑤𐑕𐑑𐑪𐑐	matches
full stop	ITJ	RSSB	ˌfʊl ˈstɒp	fʊl stɒp	𐑓𐑫𐑤 𐑕𐑑𐑪𐑐	𐑓𐑫𐑤𐑕𐑑𐑪𐑐	matches
full stop	VVI	RSSB	ˌfʊl ˈstɒp	fʊl stɒp	𐑓𐑫𐑤 𐑕𐑑𐑪𐑐	𐑓𐑫𐑤𐑕𐑑𐑪𐑐	matches
Marshall Islands	NP0	RSSB	mɑːRʃəl ˈaɪləndz	ˈmɑːRʃəl ˈaɪləndz	𐑥𐑸𐑖𐑩𐑤 𐑲𐑤𐑩𐑯𐑛𐑟	𐑥𐑸𐑖𐑩𐑤𐑲𐑤𐑩𐑯𐑛𐑟	matches
Marshall Islands	NP0	GenAm	ˈmɑːRʃəl ˈaɪləndz	ˈmɑːRʃəl ˈaɪləndz	𐑥𐑸𐑖𐑩𐑤 𐑲𐑤𐑩𐑯𐑛𐑟	𐑥𐑸𐑖𐑩𐑤𐑲𐑤𐑩𐑯𐑛𐑟	matches
French Polynesia	NP0	RSSB	ˈfrentʃ pɒlɪˈniːʒə		𐑓𐑮𐑧𐑯𐑗 𐑐𐑪𐑤𐑦𐑯𐑰𐑠𐑩		unknown
French Polynesia	NP0	RSSB	ˈfrentʃ pɒlɪˈniːziə		𐑓𐑮𐑧𐑯𐑗 𐑐𐑪𐑤𐑦𐑯𐑰𐑟𐑾		unknown
French Polynesia	NP0	RSSB	ˈfrentʃ pɒlɪˈniːʃə		𐑓𐑮𐑧𐑯𐑗 𐑐𐑪𐑤𐑦𐑯𐑰𐑖𐑩		unknown
French Polynesia	NP0	GenAm	ˈfrentʃ pɒlɪˈniʒə	frentʃ ˌpɑːləˈniːʒə	𐑓𐑮𐑧𐑯𐑗 𐑐𐑪𐑤𐑦𐑯𐑦𐑠𐑩	𐑓𐑮𐑧𐑯𐑗𐑐𐑭𐑤𐑩𐑯𐑰𐑠𐑩	divergent
French Polynesia	NP0	GenAm	ˈfrentʃ pɒləˈniʒə	frentʃ ˌpɑːləˈniːʒə	𐑓𐑮𐑧𐑯𐑗 𐑐𐑪𐑤𐑩𐑯𐑦𐑠𐑩	𐑓𐑮𐑧𐑯𐑗𐑐𐑭𐑤𐑩𐑯𐑰𐑠𐑩	divergent
Papua New Guinea	NP0	RSSB	ˈpæpuːə ˌnjuː ˈɡɪni	ˈpæpuə njuː ˈɡɪni	𐑐𐑨𐑐𐑵𐑩 𐑯𐑿 𐑜𐑦𐑯𐑦	𐑐𐑨𐑐𐑫𐑩𐑯𐑿𐑜𐑦𐑯𐑦	divergent
Papua New Guinea	NP0	RSSB	ˈpæpjuːə ˌnjuː ˈɡɪni	ˈpæpuə njuː ˈɡɪni	𐑐𐑨𐑐𐑿𐑩 𐑯𐑿 𐑜𐑦𐑯𐑦	𐑐𐑨𐑐𐑫𐑩𐑯𐑿𐑜𐑦𐑯𐑦	divergent
Papua New Guinea	NP0	GenAm	ˈpæpuə ˌnu ˈɡɪni	ˈpæpuə nuː ˈɡɪni	𐑐𐑨𐑐𐑫𐑩 𐑯𐑫 𐑜𐑦𐑯𐑦	𐑐𐑨𐑐𐑫𐑩𐑯𐑵𐑜𐑦𐑯𐑦	divergent
San Marino	NP0	RSSB	ˌsæn məriːnəʊ		𐑕𐑨𐑯 𐑥𐑼𐑰𐑯𐑴		unknown
San Marino	NP0	GenAm	ˌsæn məˈrinoʊ		𐑕𐑨𐑯 𐑥𐑼𐑦𐑯𐑴		unknown
El Salvador	NP0	RSSB	el sælvədɔːR		𐑧𐑤 𐑕𐑨𐑤𐑝𐑩𐑛𐑹		unknown
El Salvador	NP0	GenAm	el ˈsælvədɔːR		𐑧𐑤 𐑕𐑨𐑤𐑝𐑩𐑛𐑹		unknown
Trinidad and Tobago	NP0	RSSB	ˌtrɪnɪdæd ænd təˈbeɪɡəʊ	ˈtrɪnɪdæd N təˈbeɪɡəʊ	𐑑𐑮𐑦𐑯𐑦𐑛𐑨𐑛 𐑨𐑯𐑛 𐑑𐑩𐑚𐑱𐑜𐑴	𐑑𐑮𐑦𐑯𐑦𐑛𐑨𐑛𐑯𐑑𐑩𐑚𐑱𐑜𐑴	divergent
Trinidad and Tobago	NP0	RSSB	trɪnədæd ændtəbeɪɡəʊ	ˈtrɪnɪdæd N təˈbeɪɡəʊ	𐑑𐑮𐑦𐑯𐑩𐑛𐑨𐑛 𐑨𐑯𐑛𐑑𐑩𐑚𐑱𐑜𐑴	𐑑𐑮𐑦𐑯𐑦𐑛𐑨𐑛𐑯𐑑𐑩𐑚𐑱𐑜𐑴	divergent
Trinidad and Tobago	NP0	GenAm	ˌtrɪnɪdæd ænd toʊˈbeɪɡoʊ	ˈtrɪnɪdæd N təˈbeɪɡəʊ	𐑑𐑮𐑦𐑯𐑦𐑛𐑨𐑛 𐑨𐑯𐑛 𐑑𐑴𐑚𐑱𐑜𐑴	𐑑𐑮𐑦𐑯𐑦𐑛𐑨𐑛𐑯𐑑𐑩𐑚𐑱𐑜𐑴	divergent
Trinidad and Tobago	NP0	GenAm	ˌtrɪnədæd ænd təˈbeɪɡoʊ	ˈtrɪnɪdæd N təˈbeɪɡəʊ	𐑑𐑮𐑦𐑯𐑩𐑛𐑨𐑛 𐑨𐑯𐑛 𐑑𐑩𐑚𐑱𐑜𐑴	𐑑𐑮𐑦𐑯𐑦𐑛𐑨𐑛𐑯𐑑𐑩𐑚𐑱𐑜𐑴	divergent
United States	NP0	RSSB	juːˌnaɪtɪd ˈsteɪts	juːˈnaɪtƏd steɪts	𐑿𐑯𐑲𐑑𐑦𐑛 𐑕𐑑𐑱𐑑𐑕	𐑿𐑯𐑲𐑑𐑩𐑛𐑕𐑑𐑱𐑑𐑕	matches
United States	NP0	RSSB	jəˌnaɪtɪd ˈsteɪts	juːˈnaɪtƏd steɪts	𐑘𐑩𐑯𐑲𐑑𐑦𐑛 𐑕𐑑𐑱𐑑𐑕	𐑿𐑯𐑲𐑑𐑩𐑛𐑕𐑑𐑱𐑑𐑕	divergent
United States	NP0	GenAm	juˌnaɪtɪd ˈsteɪts	juːˈnaɪtƏd steɪts	𐑘𐑫𐑯𐑲𐑑𐑦𐑛 𐑕𐑑𐑱𐑑𐑕	𐑿𐑯𐑲𐑑𐑩𐑛𐑕𐑑𐑱𐑑𐑕	divergent
Bosnia and Herzegovina	NP0	GenAm	ˈbɒzniə ænd ˌhɜːRtsɪɡoʊˈviːnə		𐑚𐑪𐑟𐑯𐑾 𐑨𐑯𐑛 𐑣𐑻𐑑𐑕𐑦𐑜𐑴𐑝𐑰𐑯𐑩		unknown
Bosnia and Herzegovina	NP0	RSSB	bɒzniːə əndhɜːRtsəɡɒvɪnə		𐑚𐑪𐑟𐑯𐑰𐑩 𐑩𐑯𐑛𐑣𐑻𐑑𐑕𐑩𐑜𐑪𐑝𐑦𐑯𐑩		unknown
Burkina Faso	NP0	GenAm	bərˈkiːnə ˈfɒsoʊ		𐑚𐑼𐑒𐑰𐑯𐑩 𐑓𐑪𐑕𐑴		unknown
Burkina Faso	NP0	RSSB	bəRːkiːnə ˈfasəʊ		𐑚𐑼𐑒𐑰𐑯𐑩 𐑓𐑨𐑕𐑴		unknown
North Korea	NP0	GenAm	norθ ˌkəˈriə	nɔːRθ kəˈrɪə	𐑯𐑪𐑮𐑔 𐑒𐑼𐑾	𐑯𐑹𐑔𐑒𐑼𐑾	divergent
North Korea	NP0	RSSB	nɔːRθ kəriːə	nɔːRθ kəˈrɪə	𐑯𐑹𐑔 𐑒𐑼𐑰𐑩	𐑯𐑹𐑔𐑒𐑼𐑾	divergent
Costa Rica	NP0	RSSB	ˌkɒstə riːkə		𐑒𐑪𐑕𐑑𐑩 𐑮𐑰𐑒𐑩		unknown
Costa Rica	NP0	GenAm	ˌkoʊstə ˈrikə		𐑒𐑴𐑕𐑑𐑩 𐑮𐑦𐑒𐑩		unknown
Costa Rica	NP0	GenAm	ˌkɒstə ˈrikə		𐑒𐑪𐑕𐑑𐑩 𐑮𐑦𐑒𐑩		unknown
Puerto Rico	NP0	GenAm	ˌpɔːRtəˈrikoʊ		𐑐𐑹𐑑𐑼𐑦𐑒𐑴		unknown
Puerto Rico	NP0	GenAm	ˌpɒəRtəˈrikoʊ		𐑐𐑪𐑼𐑑𐑼𐑦𐑒𐑴		unknown
Puerto Rico	NP0	RSSB	pwɜːrtəriːkəʊ		𐑐𐑢𐑻𐑑𐑼𐑰𐑒𐑴		unknown
Puerto Rico	NP0	RSSB	pweərtəriːkəʊ		𐑐𐑢𐑺𐑑𐑼𐑰𐑒𐑴		unknown
Western Sahara	NP0	GenAm	ˈwestəRn səˈheərə	ˈwestəRn səˈhɑːrə	𐑢𐑧𐑕𐑑𐑼𐑯 𐑕𐑩𐑣𐑺𐑩	𐑢𐑧𐑕𐑑𐑼𐑯𐑕𐑩𐑣𐑸𐑩	divergent
Saint Lucia	NP0	RSSB	seɪnt ˈluːʃə	ˈseɪnt ˈluːsiə	𐑕𐑱𐑯𐑑 𐑤𐑵𐑖𐑩	𐑕𐑱𐑯𐑑𐑤𐑵𐑕𐑾	divergent
Saint Lucia	NP0	GenAm	seɪnt ˈluʃə	ˈseɪnt ˈluːsiə	𐑕𐑱𐑯𐑑 𐑤𐑫𐑖𐑩	𐑕𐑱𐑯𐑑𐑤𐑵𐑕𐑾	divergent
New Caledonia	NP0	RSSB	ˈnjuː ˌkælɪˈdəʊniə		𐑯𐑿 𐑒𐑨𐑤𐑦𐑛𐑴𐑯𐑾		unknown
New Caledonia	NP0	RSSB	ˈnjuː ˌkæləˈdəʊniə		𐑯𐑿 𐑒𐑨𐑤𐑩𐑛𐑴𐑯𐑾		unknown
New Caledonia	NP0	GenAm	ˈnu ˌkælɪˈdoʊniə		𐑯𐑫 𐑒𐑨𐑤𐑦𐑛𐑴𐑯𐑾		unknown
New Caledonia	NP0	GenAm	ˈnu ˌkæləˈdoʊniə		𐑯𐑫 𐑒𐑨𐑤𐑩𐑛𐑴𐑯𐑾		unknown
American Samoa	NP0	RSSB	əmerɪkən səˈməʊə	əˈmerɪkən səˈməʊə	𐑩𐑥𐑧𐑮𐑦𐑒𐑩𐑯 𐑕𐑩𐑥𐑴𐑩	𐑩𐑥𐑧𐑮𐑦𐑒𐑩𐑯𐑕𐑩𐑥𐑴𐑩	matches
American Samoa	NP0	GenAm	əˈmerɪkən səˈmoʊə	əˈmerɪkən səˈməʊə	𐑩𐑥𐑧𐑮𐑦𐑒𐑩𐑯 𐑕𐑩𐑥𐑴𐑩	𐑩𐑥𐑧𐑮𐑦𐑒𐑩𐑯𐑕𐑩𐑥𐑴𐑩	matches
Norfolk Island	NP0	RSSB	nɔːRfək ˈaɪlənd	ˈnɔːRfək ˈaɪlənd	𐑯𐑹𐑓𐑩𐑒 𐑲𐑤𐑩𐑯𐑛	𐑯𐑹𐑓𐑩𐑒𐑲𐑤𐑩𐑯𐑛	matches
Norfolk Island	NP0	GenAm	ˈnɔːRfɒk ˈaɪlənd	ˈnɔːRfək ˈaɪlənd	𐑯𐑹𐑓𐑪𐑒 𐑲𐑤𐑩𐑯𐑛	𐑯𐑹𐑓𐑩𐑒𐑲𐑤𐑩𐑯𐑛	divergent
abominable snowman	NN1	GenAm	əˈbɒmənəbəl ˈsnoʊmæn	əˈbɒmɪnəbəl ˈsnəʊmæn	𐑩𐑚𐑪𐑥𐑩𐑯𐑩𐑚𐑩𐑤 𐑕𐑯𐑴𐑥𐑨𐑯	𐑩𐑚𐑪𐑥𐑦𐑯𐑩𐑚𐑩𐑤𐑕𐑯𐑴𐑥𐑨𐑯	matches
abominable snowman	NN1	GenAm	əˈbɒmnəbəl ˈsnoʊmæn	əˈbɒmɪnəbəl ˈsnəʊmæn	𐑩𐑚𐑪𐑥𐑯𐑩𐑚𐑩𐑤 𐑕𐑯𐑴𐑥𐑨𐑯	𐑩𐑚𐑪𐑥𐑦𐑯𐑩𐑚𐑩𐑤𐑕𐑯𐑴𐑥𐑨𐑯	divergent
couch potato	NN1	RSSB	ˈkaʊtʃ pəˌteɪtəʊ	kaʊtʃ pəˈteɪtəʊ	𐑒𐑬𐑗 𐑐𐑩𐑑𐑱𐑑𐑴	𐑒𐑬𐑗𐑐𐑩𐑑𐑱𐑑𐑴	matches
couch potato	NN1	GenAm	ˈkaʊtʃ pəˌteɪtoʊ	kaʊtʃ pəˈteɪtəʊ	𐑒𐑬𐑗 𐑐𐑩𐑑𐑱𐑑𐑴	𐑒𐑬𐑗𐑐𐑩𐑑𐑱𐑑𐑴	matches
deoxyribonucleic acid	NN1	RSSB	diɒksɪˌraɪbəʊnjuːˈkleɪɪk ˈæsƏd		𐑛𐑦𐑪𐑒𐑕𐑦𐑮𐑲𐑚𐑴𐑯𐑿𐑒𐑤𐑱𐑦𐑒 𐑨𐑕𐑩𐑛		unknown
deoxyribonucleic acid	NN1	GenAm	diɒksiˌraɪboʊnuːˈkleɪɪk ˈæsƏd	diɒksiˌraɪboʊnuˈkleɪɪk ˈæsɪd	𐑛𐑦𐑪𐑒𐑕𐑦𐑮𐑲𐑚𐑴𐑯𐑵𐑒𐑤𐑱𐑦𐑒 𐑨𐑕𐑩𐑛	𐑛𐑦𐑪𐑒𐑕𐑦𐑮𐑲𐑚𐑴𐑯𐑫𐑒𐑤𐑱𐑦𐑒𐑨𐑕𐑦𐑛	divergent
solar system	NP0	RSSB	səʊləR ˌsɪstəm	ˈsəʊləR ˈsɪstəm	𐑕𐑴𐑤𐑼 𐑕𐑦𐑕𐑑𐑩𐑥	𐑕𐑴𐑤𐑼𐑕𐑦𐑕𐑑𐑩𐑥	matches
solar system	NP0	GenAm	ˈsoʊləR ˌsɪstəm	ˈsəʊləR ˈsɪstəm	𐑕𐑴𐑤𐑼 𐑕𐑦𐑕𐑑𐑩𐑥	𐑕𐑴𐑤𐑼𐑕𐑦𐑕𐑑𐑩𐑥	matches
solar system	NN1	RSSB	səʊləR ˌsɪstəm	ˈsəʊləR ˈsɪstəm	𐑕𐑴𐑤𐑼 𐑕𐑦𐑕𐑑𐑩𐑥	𐑕𐑴𐑤𐑼𐑕𐑦𐑕𐑑𐑩𐑥	matches
solar system	NN1	GenAm	ˈsoʊləR ˌsɪstəm	ˈsəʊləR ˈsɪstəm	𐑕𐑴𐑤𐑼 𐑕𐑦𐑕𐑑𐑩𐑥	𐑕𐑴𐑤𐑼𐑕𐑦𐑕𐑑𐑩𐑥	matches
half past	NN1	RSSB	ˈhɑːf ˌpɑːst	hⱭːf pⱭːst	𐑣𐑭𐑓 𐑐𐑭𐑕𐑑	𐑣𐑭𐑓𐑐𐑭𐑕𐑑	matches
half past	NN1	RSSB	ˈhɑːˌpɑːst	hⱭːf pⱭːst	𐑣𐑭𐑐𐑭𐑕𐑑	𐑣𐑭𐑓𐑐𐑭𐑕𐑑	divergent
half past	NN1	RSSB	ˈhɑːpəst	hⱭːf pⱭːst	𐑣𐑭𐑐𐑩𐑕𐑑	𐑣𐑭𐑓𐑐𐑭𐑕𐑑	divergent
half past	NN1	GenAm	ˈhæf ˌpæst	hⱭːf pⱭːst	𐑣𐑨𐑓 𐑐𐑨𐑕𐑑	𐑣𐑭𐑓𐑐𐑭𐑕𐑑	matches
half past	NN1	GenAm	ˈhæˌpæst	hⱭːf pⱭːst	𐑣𐑨𐑐𐑨𐑕𐑑	𐑣𐑭𐑓𐑐𐑭𐑕𐑑	divergent
leap year	NN1	RSSB	ˈliːp jɪəR	liːp jɪəR	𐑤𐑰𐑐 𐑘𐑽	𐑤𐑰𐑐𐑘𐑽	matches
leap year	NN1	GenAm	ˈlip ˌjɪər	liːp jɪəR	𐑤𐑦𐑐 𐑘𐑽	𐑤𐑰𐑐𐑘𐑽	divergent
white stork	NN1	GenAm	waɪt stɔːRk	ʍaɪt stɔːRk	𐑢𐑲𐑑 𐑕𐑑𐑹𐑒	𐑢𐑲𐑑𐑕𐑑𐑹𐑒	matches
white stork	NN1	RSSB	waɪt stɔːRk	ʍaɪt stɔːRk	𐑢𐑲𐑑 𐑕𐑑𐑹𐑒	𐑢𐑲𐑑𐑕𐑑𐑹𐑒	matches
red deer	NN1	GenAm	red dɪr	red dɪəR	𐑮𐑧𐑛 𐑛𐑦𐑮	𐑮𐑧𐑛𐑛𐑽	divergent
red deer	NN1	RSSB	red dɪəR	red dɪəR	𐑮𐑧𐑛 𐑛𐑽	𐑮𐑧𐑛𐑛𐑽	matches
relative pronoun	NN1	RSSB	relətɪv ˈprəʊnaʊn	ˈrelətɪv ˈprəʊnaʊn	𐑮𐑧𐑤𐑩𐑑𐑦𐑝 𐑐𐑮𐑴𐑯𐑬𐑯	𐑮𐑧𐑤𐑩𐑑𐑦𐑝𐑐𐑮𐑴𐑯𐑬𐑯	matches
relative pronoun	NN1	GenAm	ˈrelətɪv ˈproʊnaʊn	ˈrelətɪv ˈprəʊnaʊn	𐑮𐑧𐑤𐑩𐑑𐑦𐑝 𐑐𐑮𐑴𐑯𐑬𐑯	𐑮𐑧𐑤𐑩𐑑𐑦𐑝𐑐𐑮𐑴𐑯𐑬𐑯	matches
prisoner of war	NN1	RSSB	prɪzənəR əv wɔːR	ˈprɪzənəR V wɔːR	𐑐𐑮𐑦𐑟𐑩𐑯𐑼 𐑩𐑝 𐑢𐑹	𐑐𐑮𐑦𐑟𐑩𐑯𐑼𐑝𐑢𐑹	divergent
prisoner of war	NN1	GenAm	ˈprɪzənəR əv ˈwor	ˈprɪzənəR V wɔːR	𐑐𐑮𐑦𐑟𐑩𐑯𐑼 𐑩𐑝 𐑢𐑪𐑮	𐑐𐑮𐑦𐑟𐑩𐑯𐑼𐑝𐑢𐑹	divergent
a la	PRP	RSSB	æ læ	ə ˌeˈleɪ	𐑨 𐑤𐑨	𐑩𐑧𐑤𐑱	divergent
a la	PRP	GenAm	ɒ lɒ	ə ˌeˈleɪ	𐑪 𐑤𐑪	𐑩𐑧𐑤𐑱	divergent
periodic table	NN1	RSSB	ˌpɪriˈɒdɪk ˈteɪbəl	ˌpɪərɪˈɒdɪk ˈteɪbəl	𐑐𐑦𐑮𐑦𐑪𐑛𐑦𐑒 𐑑𐑱𐑚𐑩𐑤	𐑐𐑽𐑦𐑪𐑛𐑦𐑒𐑑𐑱𐑚𐑩𐑤	divergent
periodic table	NN1	GenAm	ˌpɪriˈɒdɪk ˈteɪbəl	ˌpɪərɪˈɒdɪk ˈteɪbəl	𐑐𐑦𐑮𐑦𐑪𐑛𐑦𐑒 𐑑𐑱𐑚𐑩𐑤	𐑐𐑽𐑦𐑪𐑛𐑦𐑒𐑑𐑱𐑚𐑩𐑤	divergent
soap opera	NN1	GenAm	ˈsoʊp ˌɒpəRə	səʊp ˈɒpərə	𐑕𐑴𐑐 𐑪𐑐𐑼𐑩	𐑕𐑴𐑐𐑪𐑐𐑼𐑩	matches
soap opera	NN1	GenAm	ˈsoʊp ˌɒprə	səʊp ˈɒpərə	𐑕𐑴𐑐 𐑪𐑐𐑮𐑩	𐑕𐑴𐑐𐑪𐑐𐑼𐑩	divergent
Northern Territory	NP0	RSSB	nɔːRðəRn terɪtəri	ˈnɔːRðəRn ˈterɪtəri	𐑯𐑹𐑞𐑼𐑯 𐑑𐑧𐑮𐑦𐑑𐑼𐑦	𐑯𐑹𐑞𐑼𐑯𐑑𐑧𐑮𐑦𐑑𐑼𐑦	matches
tout de suite	AV0	GenAm	ˌtuːt ˈswiːt	taʊt də swiːt	𐑑𐑵𐑑 𐑕𐑢𐑰𐑑	𐑑𐑬𐑑𐑛𐑩𐑕𐑢𐑰𐑑	divergent
tout de suite	AV0	RSSB	ˌtuː də ˈswiːt	taʊt də swiːt	𐑑𐑵 𐑛𐑩 𐑕𐑢𐑰𐑑	𐑑𐑬𐑑𐑛𐑩𐑕𐑢𐑰𐑑	divergent
vox populi	NN1	GenAm	ˈvɒks ˈpɒpjuːlaɪ		𐑝𐑪𐑒𐑕 𐑐𐑪𐑐𐑿𐑤𐑲		unknown
British Columbia	NP0	RSSB	ˈbrɪtɪʃ kəˈlʌmbiə	ˈbrɪtɪʃ kəˈlʌmbɪə	𐑚𐑮𐑦𐑑𐑦𐑖 𐑒𐑩𐑤𐑳𐑥𐑚𐑾	𐑚𐑮𐑦𐑑𐑦𐑖𐑒𐑩𐑤𐑳𐑥𐑚𐑾	matches
New Brunswick	NP0	RSSB	njuː ˈbrʌnzwɪk	njuː ˈbrʌnzwɪk	𐑯𐑿 𐑚𐑮𐑳𐑯𐑟𐑢𐑦𐑒	𐑯𐑿𐑚𐑮𐑳𐑯𐑟𐑢𐑦𐑒	matches
Nova Scotia	NP0	GenAm	ˌnoʊvə ˈskoʊʃə	ˈnəʊvə ˈskəʊʃə	𐑯𐑴𐑝𐑩 𐑕𐑒𐑴𐑖𐑩	𐑯𐑴𐑝𐑩𐑕𐑒𐑴𐑖𐑩	matches
Nova Scotia	NP0	RSSB	ˌnəʊvə ˈskəʊʃə	ˈnəʊvə ˈskəʊʃə	𐑯𐑴𐑝𐑩 𐑕𐑒𐑴𐑖𐑩	𐑯𐑴𐑝𐑩𐑕𐑒𐑴𐑖𐑩	matches
carpe diem	UNC	RSSB	kɑːRpiː ˈdaɪem		𐑒𐑸𐑐𐑰 𐑛𐑲𐑧𐑥		unknown
carpe diem	UNC	RSSB	kɑːRpeɪ ˈdiːəm		𐑒𐑸𐑐𐑱 𐑛𐑰𐑩𐑥		unknown
carpe diem	UNC	GenAm	ˌkɑːRpi ˈdaɪem		𐑒𐑸𐑐𐑦 𐑛𐑲𐑧𐑥		unknown
lingua franca	NN1	RSSB	ˈlɪŋɡwə fræŋkə		𐑤𐑦𐑙𐑜𐑢𐑩 𐑓𐑮𐑨𐑙𐑒𐑩		unknown
Kuala Lumpur	NP0	RSSB	kuˈɑːlə lʊmpər		𐑒𐑫𐑭𐑤𐑩 𐑤𐑫𐑥𐑐𐑼		unknown
Kuala Lumpur	NP0	RSSB	kuˈɑːlə lʊmpʊəR		𐑒𐑫𐑭𐑤𐑩 𐑤𐑫𐑥𐑐𐑫𐑼		unknown
Alor Setar	NP0	GenAm	əˈlor səˌtɑːR		𐑩𐑤𐑪𐑮 𐑕𐑩𐑑𐑸		unknown
Alor Setar	NP0	RSSB	əlɔːR setɑːR		𐑩𐑤𐑹 𐑕𐑧𐑑𐑸		unknown
Down syndrome	NN1	RSSB	daʊn ˈsɪndrəʊm	daʊn ˈsɪndrəʊm	𐑛𐑬𐑯 𐑕𐑦𐑯𐑛𐑮𐑴𐑥	𐑛𐑬𐑯𐑕𐑦𐑯𐑛𐑮𐑴𐑥	matches
Down syndrome	NN1	GenAm	daʊn ˈsɪndroʊm	daʊn ˈsɪndrəʊm	𐑛𐑬𐑯 𐑕𐑦𐑯𐑛𐑮𐑴𐑥	𐑛𐑬𐑯𐑕𐑦𐑯𐑛𐑮𐑴𐑥	matches
ad hoc	AJ0	RSSB	ˌæd ˈhɒk		𐑨𐑛 𐑣𐑪𐑒		unknown
ad hoc	AJ0	GenAm	ˌæd ˈhɒk		𐑨𐑛 𐑣𐑪𐑒		unknown
ad hoc	AV0	RSSB	ˌæd ˈhɒk		𐑨𐑛 𐑣𐑪𐑒		unknown
ad hoc	AV0	GenAm	ˌæd ˈhɒk		𐑨𐑛 𐑣𐑪𐑒		unknown
Hong Kong	NP0	RSSB	ˌhɒŋˈkɒŋ	ˌhɒŋ ˈkɒŋ	𐑣𐑪𐑙𐑒𐑪𐑙	𐑣𐑪𐑙𐑒𐑪𐑙	matches
Hong Kong	NP0	GenAm	ˌhɒŋˈkɒŋ	ˌhɒŋ ˈkɒŋ	𐑣𐑪𐑙𐑒𐑪𐑙	𐑣𐑪𐑙𐑒𐑪𐑙	matches
north pole	NN1	RSSB	nɔːRθ ˈpəʊl	nɔːRθ pəʊl	𐑯𐑹𐑔 𐑐𐑴𐑤	𐑯𐑹𐑔𐑐𐑴𐑤	matches
north pole	NN1	GenAm	ˌnɔːRθ ˈpoʊl	nɔːRθ pəʊl	𐑯𐑹𐑔 𐑐𐑴𐑤	𐑯𐑹𐑔𐑐𐑴𐑤	matches
Dutch auction	NN1	RSSB	ˌdʌtʃ ˈɔːkʃən	dʌtʃ ˈɔːkʃən	𐑛𐑳𐑗 𐑷𐑒𐑖𐑩𐑯	𐑛𐑳𐑗𐑷𐑒𐑖𐑩𐑯	matches
ipso facto	AV0	RSSB	ˌɪpsəʊ ˈfæktəʊ		𐑦𐑐𐑕𐑴 𐑓𐑨𐑒𐑑𐑴		unknown
ipso facto	AJ0	RSSB	ˌɪpsəʊ ˈfæktəʊ		𐑦𐑐𐑕𐑴 𐑓𐑨𐑒𐑑𐑴		unknown
ipse dixit	NN1	RSSB	ˌɪpseɪ ˈdɪksɪt		𐑦𐑐𐑕𐑱 𐑛𐑦𐑒𐑕𐑦𐑑		unknown
ipse dixit	NN1	RSSB	ˌɪpsiː ˈdɪksɪt		𐑦𐑐𐑕𐑰 𐑛𐑦𐑒𐑕𐑦𐑑		unknown
ipse dixit	NN1	GenAm	ˌɪpsi ˈdɪksɪt		𐑦𐑐𐑕𐑦 𐑛𐑦𐑒𐑕𐑦𐑑		unknown
long-eared owl	NN1	RSSB	lɒŋɪədaʊl		𐑤𐑪𐑙𐑾𐑛𐑬𐑤		unknown
International Phonetic Alphabet	NP0	RSSB	ɪntəRnæʃənəl fəˈnetɪk ˈælfəˌbet	ˌɪntəRˈnæʃənəl fəˈnetɪk ˈælfəbet	𐑦𐑯𐑑𐑼𐑯𐑨𐑖𐑩𐑯𐑩𐑤 𐑓𐑩𐑯𐑧𐑑𐑦𐑒 𐑨𐑤𐑓𐑩𐑚𐑧𐑑	𐑦𐑯𐑑𐑼𐑯𐑨𐑖𐑩𐑯𐑩𐑤𐑓𐑩𐑯𐑧𐑑𐑦𐑒𐑨𐑤𐑓𐑩𐑚𐑧𐑑	matches
International Phonetic Alphabet	NP0	GenAm	ˌɪntəRˈnæʃənəl fəˈnetɪk ˈælfəˌbet	ˌɪntəRˈnæʃənəl fəˈnetɪk ˈælfəbet	𐑦𐑯𐑑𐑼𐑯𐑨𐑖𐑩𐑯𐑩𐑤 𐑓𐑩𐑯𐑧𐑑𐑦𐑒 𐑨𐑤𐑓𐑩𐑚𐑧𐑑	𐑦𐑯𐑑𐑼𐑯𐑨𐑖𐑩𐑯𐑩𐑤𐑓𐑩𐑯𐑧𐑑𐑦𐑒𐑨𐑤𐑓𐑩𐑚𐑧𐑑	matches
common gull	NN1	RSSB	ˈkɒmən ˌɡʌl	ˈkɒmən ɡʌl	𐑒𐑪𐑥𐑩𐑯 𐑜𐑳𐑤	𐑒𐑪𐑥𐑩𐑯𐑜𐑳𐑤	matches
common gull	NN1	GenAm	ˈkɑːmən ˌɡʌl	ˈkɒmən ɡʌl	𐑒𐑭𐑥𐑩𐑯 𐑜𐑳𐑤	𐑒𐑪𐑥𐑩𐑯𐑜𐑳𐑤	divergent
green woodpecker	NN1	GenAm	ɡrinˈwʊdpekər	ɡriːn ˈwʊdpekəR	𐑜𐑮𐑦𐑯𐑢𐑫𐑛𐑐𐑧𐑒𐑼	𐑜𐑮𐑰𐑯𐑢𐑫𐑛𐑐𐑧𐑒𐑼	divergent
turtle dove	NN1	RSSB	tɜːRtəldʌv	ˈtɜːRtəl dʌv	𐑑𐑻𐑑𐑩𐑤𐑛𐑳𐑝	𐑑𐑻𐑑𐑩𐑤𐑛𐑳𐑝	matches
turtle dove	NN1	GenAm	ˈtɜːRtəldʌv	ˈtɜːRtəl dʌv	𐑑𐑻𐑑𐑩𐑤𐑛𐑳𐑝	𐑑𐑻𐑑𐑩𐑤𐑛𐑳𐑝	matches
tawny owl	NN1	RSSB	ˈtɔːni aʊl	ˈtɔːni aʊl	𐑑𐑷𐑯𐑦 𐑬𐑤	𐑑𐑷𐑯𐑦𐑬𐑤	matches
roe deer	NN1	RSSB	rəʊdɪəR	rəʊ dɪəR	𐑮𐑴𐑛𐑽	𐑮𐑴𐑛𐑽	matches
roe deer	NN1	GenAm	ˈroʊˌdɪr	rəʊ dɪəR	𐑮𐑴𐑛𐑦𐑮	𐑮𐑴𐑛𐑽	divergent
least weasel	NN1	RSSB	ˈliːst ˈwiːzəl	liːst ˈwiːzəl	𐑤𐑰𐑕𐑑 𐑢𐑰𐑟𐑩𐑤	𐑤𐑰𐑕𐑑𐑢𐑰𐑟𐑩𐑤	matches
least weasel	NN1	GenAm	ˈlist ˈwizəl	liːst ˈwiːzəl	𐑤𐑦𐑕𐑑 𐑢𐑦𐑟𐑩𐑤	𐑤𐑰𐑕𐑑𐑢𐑰𐑟𐑩𐑤	divergent
wild boar	NN1	GenAm	ˈwaɪld ˈbor	waɪld bɔːR	𐑢𐑲𐑤𐑛 𐑚𐑪𐑮	𐑢𐑲𐑤𐑛𐑚𐑹	divergent
wild boar	NN1	RSSB	ˈwaɪld bɔːR	waɪld bɔːR	𐑢𐑲𐑤𐑛 𐑚𐑹	𐑢𐑲𐑤𐑛𐑚𐑹	matches
no one	PNP	RSSB	ˈnəʊ wʌn	nəʊ wʌn	𐑯𐑴 𐑢𐑳𐑯	𐑯𐑴𐑢𐑳𐑯	matches
no one	PNP	GenAm	ˈnoʊ ˌwʌn	nəʊ wʌn	𐑯𐑴 𐑢𐑳𐑯	𐑯𐑴𐑢𐑳𐑯	matches
ice floe	NN1	RSSB	ˈaɪsfləʊ	aɪs fləʊ	𐑲𐑕𐑓𐑤𐑴	𐑲𐑕𐑓𐑤𐑴	matches
ice floe	NN1	GenAm	ˈaɪsfloʊ	aɪs fləʊ	𐑲𐑕𐑓𐑤𐑴	𐑲𐑕𐑓𐑤𐑴	matches
European Union	NP0	RSSB	jəərəpiːən ˈjuːnjən	ˌjʊərəˈpiən ˈjuːnɪən	𐑘𐑩𐑼𐑩𐑐𐑰𐑩𐑯 𐑿𐑯𐑘𐑩𐑯	𐑘𐑫𐑼𐑩𐑐𐑾𐑯𐑿𐑯𐑾𐑯	divergent
European Union	NP0	RSSB	jɔːrəpiːən ˈjuːnjən	ˌjʊərəˈpiən ˈjuːnɪən	𐑘𐑹𐑩𐑐𐑰𐑩𐑯 𐑿𐑯𐑘𐑩𐑯	𐑘𐑫𐑼𐑩𐑐𐑾𐑯𐑿𐑯𐑾𐑯	divergent
European Union	NP0	GenAm	ˌjərəˈpiən ˈjunjən	ˌjʊərəˈpiən ˈjuːnɪən	𐑘𐑼𐑩𐑐𐑾𐑯 𐑘𐑫𐑯𐑘𐑩𐑯	𐑘𐑫𐑼𐑩𐑐𐑾𐑯𐑿𐑯𐑾𐑯	divergent
European Union	NP0	GenAm	ˌjɜːRrəˈpiən ˈjunjən	ˌjʊərəˈpiən ˈjuːnɪən	𐑘𐑻𐑮𐑩𐑐𐑾𐑯 𐑘𐑫𐑯𐑘𐑩𐑯	𐑘𐑫𐑼𐑩𐑐𐑾𐑯𐑿𐑯𐑾𐑯	divergent
laissez faire	NN1	RSSB	ˈlæseɪ feər		𐑤𐑨𐑕𐑱 𐑓𐑺		unknown
laissez faire	NN1	RSSB	ˈleɪseɪ feər		𐑤𐑱𐑕𐑱 𐑓𐑺		unknown
laissez faire	NN1	GenAm	ˌleˌseɪ ˈfeər		𐑤𐑧𐑕𐑱 𐑓𐑺		unknown
laissez faire	AJ0	RSSB	ˈlæseɪ feər		𐑤𐑨𐑕𐑱 𐑓𐑺		unknown
laissez faire	AJ0	RSSB	ˈleɪseɪ feər		𐑤𐑱𐑕𐑱 𐑓𐑺		unknown
laissez faire	AJ0	GenAm	ˌleˌseɪ ˈfeər		𐑤𐑧𐑕𐑱 𐑓𐑺		unknown
blood type	NN1	GenAm	ˈblʌd taɪp	blʌd taɪp	𐑚𐑤𐑳𐑛 𐑑𐑲𐑐	𐑚𐑤𐑳𐑛𐑑𐑲𐑐	matches
de facto	AV0	RSSB	ˌdeɪˈfæktəʊ		𐑛𐑱𐑓𐑨𐑒𐑑𐑴		unknown
de facto	AV0	GenAm	ˌdeɪˈfæktoʊ		𐑛𐑱𐑓𐑨𐑒𐑑𐑴		unknown
de facto	AV0	RSSB	dɪˈfæktəʊ		𐑛𐑦𐑓𐑨𐑒𐑑𐑴		unknown
de facto	AV0	GenAm	ˌdiˈfæktoʊ		𐑛𐑦𐑓𐑨𐑒𐑑𐑴		unknown
de facto	AV0	RSSB	ˌdiːˈfæktəʊ		𐑛𐑰𐑓𐑨𐑒𐑑𐑴		unknown
de facto	AV0	GenAm	dəˈfæktoʊ		𐑛𐑩𐑓𐑨𐑒𐑑𐑴		unknown
de facto	AJ0	RSSB	ˌdeɪˈfæktəʊ		𐑛𐑱𐑓𐑨𐑒𐑑𐑴		unknown
de facto	AJ0	GenAm	ˌdeɪˈfæktoʊ		𐑛𐑱𐑓𐑨𐑒𐑑𐑴		unknown
de facto	AJ0	RSSB	dɪˈfæktəʊ		𐑛𐑦𐑓𐑨𐑒𐑑𐑴		unknown
de facto	AJ0	GenAm	ˌdiˈfæktoʊ		𐑛𐑦𐑓𐑨𐑒𐑑𐑴		unknown
de facto	AJ0	RSSB	ˌdiːˈfæktəʊ		𐑛𐑰𐑓𐑨𐑒𐑑𐑴		unknown
de facto	AJ0	GenAm	dəˈfæktoʊ		𐑛𐑩𐑓𐑨𐑒𐑑𐑴		unknown
de facto	NN1	RSSB	ˌdeɪˈfæktəʊ		𐑛𐑱𐑓𐑨𐑒𐑑𐑴		unknown
de facto	NN1	GenAm	ˌdeɪˈfæktoʊ		𐑛𐑱𐑓𐑨𐑒𐑑𐑴		unknown
de facto	NN1	RSSB	dɪˈfæktəʊ		𐑛𐑦𐑓𐑨𐑒𐑑𐑴		unknown
de facto	NN1	GenAm	ˌdiˈfæktoʊ		𐑛𐑦𐑓𐑨𐑒𐑑𐑴		unknown
de facto	NN1	RSSB	ˌdiːˈfæktəʊ		𐑛𐑰𐑓𐑨𐑒𐑑𐑴		unknown
de facto	NN1	GenAm	dəˈfæktoʊ		𐑛𐑩𐑓𐑨𐑒𐑑𐑴		unknown
de jure	AV0	GenAm	deɪ ˈdʒʊri		𐑛𐑱 𐑡𐑫𐑮𐑦		unknown
de jure	AV0	RSSB	deɪ dʒʊəreɪ		𐑛𐑱 𐑡𐑫𐑼𐑱		unknown
de jure	AV0	RSSB	deɪ dʒʊərɪ		𐑛𐑱 𐑡𐑫𐑼𐑦		unknown
de jure	AV0	RSSB	diː dʒʊəri		𐑛𐑰 𐑡𐑫𐑼𐑦		unknown
de jure	AJ0	GenAm	deɪ ˈdʒʊri		𐑛𐑱 𐑡𐑫𐑮𐑦		unknown
de jure	AJ0	RSSB	deɪ dʒʊəreɪ		𐑛𐑱 𐑡𐑫𐑼𐑱		unknown
de jure	AJ0	RSSB	deɪ dʒʊərɪ		𐑛𐑱 𐑡𐑫𐑼𐑦		unknown
de jure	AJ0	RSSB	diː dʒʊəri		𐑛𐑰 𐑡𐑫𐑼𐑦		unknown
abundant number	NN1	RSSB	əˈbʌndənt nʌmbəR	əˈbʌndənt ˈnʌmbəR	𐑩𐑚𐑳𐑯𐑛𐑩𐑯𐑑 𐑯𐑳𐑥𐑚𐑼	𐑩𐑚𐑳𐑯𐑛𐑩𐑯𐑑𐑯𐑳𐑥𐑚𐑼	matches
abundant number	NN1	GenAm	əˈbʌndənt ˈnʌmbəR	əˈbʌndənt ˈnʌmbəR	𐑩𐑚𐑳𐑯𐑛𐑩𐑯𐑑 𐑯𐑳𐑥𐑚𐑼	𐑩𐑚𐑳𐑯𐑛𐑩𐑯𐑑𐑯𐑳𐑥𐑚𐑼	matches
abundant number	NN1	GenAm	əˈbəndənt ˈnʌmbəR	əˈbʌndənt ˈnʌmbəR	𐑩𐑚𐑩𐑯𐑛𐑩𐑯𐑑 𐑯𐑳𐑥𐑚𐑼	𐑩𐑚𐑳𐑯𐑛𐑩𐑯𐑑𐑯𐑳𐑥𐑚𐑼	divergent
quotation mark	NN1	GenAm	kwoʊˈteɪʃən mɑːRk	kwəʊˈteɪʃən mɑːRk	𐑒𐑢𐑴𐑑𐑱𐑖𐑩𐑯 𐑥𐑸𐑒	𐑒𐑢𐑴𐑑𐑱𐑖𐑩𐑯𐑥𐑸𐑒	matches
black hole	NN1	GenAm	blæk ˈhoʊl	blæk həʊl	𐑚𐑤𐑨𐑒 𐑣𐑴𐑤	𐑚𐑤𐑨𐑒𐑣𐑴𐑤	matches
black hole	NN1	RSSB	blæk ˈhəʊl	blæk həʊl	𐑚𐑤𐑨𐑒 𐑣𐑴𐑤	𐑚𐑤𐑨𐑒𐑣𐑴𐑤	matches
black hole	VVI	GenAm	blæk ˈhoʊl	blæk həʊl	𐑚𐑤𐑨𐑒 𐑣𐑴𐑤	𐑚𐑤𐑨𐑒𐑣𐑴𐑤	matches
black hole	VVI	RSSB	blæk ˈhəʊl	blæk həʊl	𐑚𐑤𐑨𐑒 𐑣𐑴𐑤	𐑚𐑤𐑨𐑒𐑣𐑴𐑤	matches
a cappella	NN1	RSSB	ˌækəˈpelə		𐑨𐑒𐑩𐑐𐑧𐑤𐑩		unknown
a cappella	NN1	RSSB	ˌækæˈpelə		𐑨𐑒𐑨𐑐𐑧𐑤𐑩		unknown
a cappella	NN1	GenAm	ˌɒ kəˈpelə		𐑪 𐑒𐑩𐑐𐑧𐑤𐑩		unknown
a cappella	AV0	RSSB	ˌækəˈpelə		𐑨𐑒𐑩𐑐𐑧𐑤𐑩		unknown
a cappella	AV0	RSSB	ˌækæˈpelə		𐑨𐑒𐑨𐑐𐑧𐑤𐑩		unknown
a cappella	AV0	GenAm	ˌɒ kəˈpelə		𐑪 𐑒𐑩𐑐𐑧𐑤𐑩		unknown
a cappella	AJ0	RSSB	ˌækəˈpelə		𐑨𐑒𐑩𐑐𐑧𐑤𐑩		unknown
a cappella	AJ0	RSSB	ˌækæˈpelə		𐑨𐑒𐑨𐑐𐑧𐑤𐑩		unknown
a cappella	AJ0	GenAm	ˌɒ kəˈpelə		𐑪 𐑒𐑩𐑐𐑧𐑤𐑩		unknown
South Dakota	NP0	GenAm	ˈsaʊθ dəˈkoʊtə	saʊθ dəˈkəʊtə	𐑕𐑬𐑔 𐑛𐑩𐑒𐑴𐑑𐑩	𐑕𐑬𐑔𐑛𐑩𐑒𐑴𐑑𐑩	matches
video game	NN1	RSSB	ˈvɪdiːəʊˌɡeɪm	ˈvɪdiəʊ ɡeɪm	𐑝𐑦𐑛𐑰𐑴𐑜𐑱𐑥	𐑝𐑦𐑛𐑾𐑫𐑜𐑱𐑥	divergent
video game	NN1	GenAm	ˈvɪdioʊˌɡeɪm	ˈvɪdiəʊ ɡeɪm	𐑝𐑦𐑛𐑦𐑴𐑜𐑱𐑥	𐑝𐑦𐑛𐑾𐑫𐑜𐑱𐑥	divergent
video game	NN1	GenAm	ˈvɪdjoʊˌɡeɪm	ˈvɪdiəʊ ɡeɪm	𐑝𐑦𐑛𐑘𐑴𐑜𐑱𐑥	𐑝𐑦𐑛𐑾𐑫𐑜𐑱𐑥	divergent
video game	VVI	RSSB	ˈvɪdiːəʊˌɡeɪm	ˈvɪdiəʊ ɡeɪm	𐑝𐑦𐑛𐑰𐑴𐑜𐑱𐑥	𐑝𐑦𐑛𐑾𐑫𐑜𐑱𐑥	divergent
video game	VVI	GenAm	ˈvɪdioʊˌɡeɪm	ˈvɪdiəʊ ɡeɪm	𐑝𐑦𐑛𐑦𐑴𐑜𐑱𐑥	𐑝𐑦𐑛𐑾𐑫𐑜𐑱𐑥	divergent
video game	VVI	GenAm	ˈvɪdjoʊˌɡeɪm	ˈvɪdiəʊ ɡeɪm	𐑝𐑦𐑛𐑘𐑴𐑜𐑱𐑥	𐑝𐑦𐑛𐑾𐑫𐑜𐑱𐑥	divergent
hold a candle	VVI	RSSB	ˌhəʊld ə ˈkandəl	həʊld ə ˈkændəl	𐑣𐑴𐑤𐑛 𐑩 𐑒𐑨𐑯𐑛𐑩𐑤	𐑣𐑴𐑤𐑛𐑩𐑒𐑨𐑯𐑛𐑩𐑤	matches
hold a candle	VVI	RSSB	ˌhəʊld ə ˈkændəl	həʊld ə ˈkændəl	𐑣𐑴𐑤𐑛 𐑩 𐑒𐑨𐑯𐑛𐑩𐑤	𐑣𐑴𐑤𐑛𐑩𐑒𐑨𐑯𐑛𐑩𐑤	matches
hold a candle	VVI	GenAm	ˌhoʊld ə ˈkændəl	həʊld ə ˈkændəl	𐑣𐑴𐑤𐑛 𐑩 𐑒𐑨𐑯𐑛𐑩𐑤	𐑣𐑴𐑤𐑛𐑩𐑒𐑨𐑯𐑛𐑩𐑤	matches
chaos theory	NN1	GenAm	ˈkeɪɒs ˈθɪri	ˈkeɪɒs ˈθɪəri	𐑒𐑱𐑪𐑕 𐑔𐑦𐑮𐑦	𐑒𐑱𐑪𐑕𐑔𐑽𐑦	divergent
event horizon	NN1	GenAm	əˈvent həˈraɪzən	ɪˈvent həˈraɪzən	𐑩𐑝𐑧𐑯𐑑 𐑣𐑼𐑲𐑟𐑩𐑯	𐑦𐑝𐑧𐑯𐑑𐑣𐑼𐑲𐑟𐑩𐑯	matches
event horizon	NN1	GenAm	əˈvet həˈraɪzən	ɪˈvent həˈraɪzən	𐑩𐑝𐑧𐑑 𐑣𐑼𐑲𐑟𐑩𐑯	𐑦𐑝𐑧𐑯𐑑𐑣𐑼𐑲𐑟𐑩𐑯	divergent
Tok Pisin	NP0	RSSB	tɒk ˈpɪsɪn		𐑑𐑪𐑒 𐑐𐑦𐑕𐑦𐑯		unknown
Tok Pisin	NN1	RSSB	tɒk ˈpɪsɪn		𐑑𐑪𐑒 𐑐𐑦𐑕𐑦𐑯		unknown
shopping cart	NN1	GenAm	ˈʃɒpɪŋ kɑːRt	ˈʃɒpɪŋ kɑːRt	𐑖𐑪𐑐𐑦𐑙 𐑒𐑸𐑑	𐑖𐑪𐑐𐑦𐑙𐑒𐑸𐑑	matches
artificial intelligence	NN1	RSSB	ɑːRtəfɪʃəl ɪnˈtelədʒəns	ˌɑːRtɪˈfɪʃəl ɪnˈtelɪdʒəns	𐑸𐑑𐑩𐑓𐑦𐑖𐑩𐑤 𐑦𐑯𐑑𐑧𐑤𐑩𐑡𐑩𐑯𐑕	𐑸𐑑𐑦𐑓𐑦𐑖𐑩𐑤𐑦𐑯𐑑𐑧𐑤𐑦𐑡𐑩𐑯𐑕	matches
artificial intelligence	NN1	GenAm	ˌɑːRtəˈfɪʃəl ɪnˈtelədʒəns	ˌɑːRtɪˈfɪʃəl ɪnˈtelɪdʒəns	𐑸𐑑𐑩𐑓𐑦𐑖𐑩𐑤 𐑦𐑯𐑑𐑧𐑤𐑩𐑡𐑩𐑯𐑕	𐑸𐑑𐑦𐑓𐑦𐑖𐑩𐑤𐑦𐑯𐑑𐑧𐑤𐑦𐑡𐑩𐑯𐑕	matches
zebra crossing	NN1	RSSB	zebrə ˌkrɔsɪŋ	ˈzebrə ˈkrɒsɪŋ	𐑟𐑧𐑚𐑮𐑩 𐑒𐑮𐑷𐑕𐑦𐑙	𐑟𐑧𐑚𐑮𐑩𐑒𐑮𐑪𐑕𐑦𐑙	divergent
fire engine	NN1	RSSB	faɪərendʒɪn	ˈfaɪəR ˈendʒɪn	𐑓𐑲𐑼𐑧𐑯𐑡𐑦𐑯	𐑓𐑲𐑼𐑧𐑯𐑡𐑦𐑯	matches
fire engine	NN1	GenAm	faɪəRendʒɪn	ˈfaɪəR ˈendʒɪn	𐑓𐑲𐑼𐑧𐑯𐑡𐑦𐑯	𐑓𐑲𐑼𐑧𐑯𐑡𐑦𐑯	matches
West Virginian	AJ0	GenAm	ˈwest vəRˈdʒɪnjən	west vəRˈdʒɪnjən	𐑢𐑧𐑕𐑑 𐑝𐑼𐑡𐑦𐑯𐑘𐑩𐑯	𐑢𐑧𐑕𐑑𐑝𐑼𐑡𐑦𐑯𐑘𐑩𐑯	matches
West Virginian	NN1	GenAm	ˈwest vəRˈdʒɪnjən	west vəRˈdʒɪnjən	𐑢𐑧𐑕𐑑 𐑝𐑼𐑡𐑦𐑯𐑘𐑩𐑯	𐑢𐑧𐑕𐑑𐑝𐑼𐑡𐑦𐑯𐑘𐑩𐑯	matches
acetous acid	NN1	GenAm	əˈsiːtəs ˈæsƏd		𐑩𐑕𐑰𐑑𐑩𐑕 𐑨𐑕𐑩𐑛		unknown
Christmas tree	NN1	RSSB	krɪsməs triː	ˈkrɪsməs triː	𐑒𐑮𐑦𐑕𐑥𐑩𐑕 𐑑𐑮𐑰	𐑒𐑮𐑦𐑕𐑥𐑩𐑕𐑑𐑮𐑰	matches
Christmas tree	NN1	GenAm	ˈkrɪsməs ˌtri	ˈkrɪsməs triː	𐑒𐑮𐑦𐑕𐑥𐑩𐑕 𐑑𐑮𐑦	𐑒𐑮𐑦𐑕𐑥𐑩𐑕𐑑𐑮𐑰	divergent
North Pole	NP0	RSSB	nɔːRθpəʊl	nɔːRθ pəʊl	𐑯𐑹𐑔𐑐𐑴𐑤	𐑯𐑹𐑔𐑐𐑴𐑤	matches
South Pole	NP0	RSSB	ˌsaʊθ ˈpəʊl	saʊθ pəʊl	𐑕𐑬𐑔 𐑐𐑴𐑤	𐑕𐑬𐑔𐑐𐑴𐑤	matches
South Pole	NP0	GenAm	ˌsaʊθ ˈpoʊl	saʊθ pəʊl	𐑕𐑬𐑔 𐑐𐑴𐑤	𐑕𐑬𐑔𐑐𐑴𐑤	matches
Abu Dhabi	NP0	GenAm	ˈɒbu ˈdɒbi		𐑪𐑚𐑫 𐑛𐑪𐑚𐑦		unknown
Abu Dhabi	NP0	GenAm	ˈɒbu ˈðɒbi		𐑪𐑚𐑫 𐑞𐑪𐑚𐑦		unknown
Abu Dhabi	NP0	GenAm	ˈɒbu ˈdæbi		𐑪𐑚𐑫 𐑛𐑨𐑚𐑦		unknown
The Hague	NP0	RSSB	ðə ˈheɪɡ	Ð heɪɡ	𐑞𐑩 𐑣𐑱𐑜	𐑞𐑣𐑱𐑜	divergent
The Hague	NN1	RSSB	ðə ˈheɪɡ	Ð heɪɡ	𐑞𐑩 𐑣𐑱𐑜	𐑞𐑣𐑱𐑜	divergent
Los Angeles	NP0	GenAm	lɒs ˈændʒələs		𐑤𐑪𐑕 𐑨𐑯𐑡𐑩𐑤𐑩𐑕		unknown
Los Angeles	NP0	RSSB	lɒs ˈændʒɪliːz		𐑤𐑪𐑕 𐑨𐑯𐑡𐑦𐑤𐑰𐑟		unknown
Los Angeles	NP0	RSSB	lɒs ˈændʒɪlƏz		𐑤𐑪𐑕 𐑨𐑯𐑡𐑦𐑤𐑩𐑟		unknown
Los Angeles	NP0	GenAm	lɒs ˈæŋɡələs		𐑤𐑪𐑕 𐑨𐑙𐑜𐑩𐑤𐑩𐑕		unknown
Los Angeles	NP0	GenAm	loʊs ˈæŋɡələs		𐑤𐑴𐑕 𐑨𐑙𐑜𐑩𐑤𐑩𐑕		unknown
Los Angeles	NN1	GenAm	lɒs ˈændʒələs		𐑤𐑪𐑕 𐑨𐑯𐑡𐑩𐑤𐑩𐑕		unknown
Los Angeles	NN1	RSSB	lɒs ˈændʒɪliːz		𐑤𐑪𐑕 𐑨𐑯𐑡𐑦𐑤𐑰𐑟		unknown
Los Angeles	NN1	RSSB	lɒs ˈændʒɪlƏz		𐑤𐑪𐑕 𐑨𐑯𐑡𐑦𐑤𐑩𐑟		unknown
Los Angeles	NN1	GenAm	lɒs ˈæŋɡələs		𐑤𐑪𐑕 𐑨𐑙𐑜𐑩𐑤𐑩𐑕		unknown
Los Angeles	NN1	GenAm	loʊs ˈæŋɡələs		𐑤𐑴𐑕 𐑨𐑙𐑜𐑩𐑤𐑩𐑕		unknown
New York	NP0	RSSB	ˌnjuː jɔːRk	njuː jɔːRk	𐑯𐑿 𐑘𐑹𐑒	𐑯𐑿𐑘𐑹𐑒	matches
New York	NP0	GenAm	ˌnju ˈjɔːRk	nuː jɔːRk	𐑯𐑘𐑫 𐑘𐑹𐑒	𐑯𐑵𐑘𐑹𐑒	divergent
future tense	NN1	GenAm	fjuːtʃəR tens	ˈfjuːtʃəR tens	𐑓𐑿𐑗𐑼 𐑑𐑧𐑯𐑕	𐑓𐑿𐑗𐑼𐑑𐑧𐑯𐑕	matches
boomerang child	NN1	RSSB	buːməræŋ ˌtʃaɪld	ˈbuːməræŋ tʃaɪld	𐑚𐑵𐑥𐑼𐑨𐑙 𐑗𐑲𐑤𐑛	𐑚𐑵𐑥𐑼𐑨𐑙𐑗𐑲𐑤𐑛	matches
boomerang child	NN1	GenAm	ˈbuməræŋ ˌtʃaɪld	ˈbuːməræŋ tʃaɪld	𐑚𐑫𐑥𐑼𐑨𐑙 𐑗𐑲𐑤𐑛	𐑚𐑵𐑥𐑼𐑨𐑙𐑗𐑲𐑤𐑛	divergent
how are you	UNC	RSSB	haʊ ɑːR juː	haʊ ɑːR juː	𐑣𐑬 𐑸 𐑿	𐑣𐑬𐑸𐑿	matches
how are you	UNC	GenAm	haʊ ˈɑːR ju	haʊ ɑːR juː	𐑣𐑬 𐑸 𐑘𐑫	𐑣𐑬𐑸𐑿	divergent
ice cream	NN1	RSSB	ˌaɪsˈkriːm	aɪs kriːm	𐑲𐑕𐑒𐑮𐑰𐑥	𐑲𐑕𐑒𐑮𐑰𐑥	matches
ice cream	NN1	RSSB	ˈaɪsˌkriːm	aɪs kriːm	𐑲𐑕𐑒𐑮𐑰𐑥	𐑲𐑕𐑒𐑮𐑰𐑥	matches
Valle d'Aosta	NP0	RSSB	ˌvaleɪ dɑːˈɒstə		𐑝𐑨𐑤𐑱 𐑛𐑭𐑪𐑕𐑑𐑩		unknown
East Timorese	AJ0	RSSB	ˈiːst tɪməriːz		𐑰𐑕𐑑 𐑑𐑦𐑥𐑼𐑰𐑟		unknown
East Timorese	NN1	RSSB	ˈiːst tɪməriːz		𐑰𐑕𐑑 𐑑𐑦𐑥𐑼𐑰𐑟		unknown
La Spezia	NP0	RSSB	la ˈspetsɪə		𐑤𐑨 𐑕𐑐𐑧𐑑𐑕𐑾		unknown
La Spezia	NP0	GenAm	lɒ ˈspetsiə		𐑤𐑪 𐑕𐑐𐑧𐑑𐑕𐑾		unknown
nucleic acid	NN1	RSSB	njuːˈkliːɪk ˈæsƏd	njuːˈkleɪɪk ˈæsɪd	𐑯𐑿𐑒𐑤𐑰𐑦𐑒 𐑨𐑕𐑩𐑛	𐑯𐑿𐑒𐑤𐑱𐑦𐑒𐑨𐑕𐑦𐑛	divergent
nucleic acid	NN1	RSSB	njuːˈkleɪɪk ˈæsƏd	njuːˈkleɪɪk ˈæsɪd	𐑯𐑿𐑒𐑤𐑱𐑦𐑒 𐑨𐑕𐑩𐑛	𐑯𐑿𐑒𐑤𐑱𐑦𐑒𐑨𐑕𐑦𐑛	matches
nucleic acid	NN1	GenAm	nuˈkleɪɪk ˈæsƏd	nuːˈkleɪɪk ˈæsɪd	𐑯𐑫𐑒𐑤𐑱𐑦𐑒 𐑨𐑕𐑩𐑛	𐑯𐑵𐑒𐑤𐑱𐑦𐑒𐑨𐑕𐑦𐑛	divergent
Puerto Rican	NN1	GenAm	ˌpɔːRtəˈriːkən		𐑐𐑹𐑑𐑼𐑰𐑒𐑩𐑯		unknown
Puerto Rican	NN1	RSSB	pwɜːrtəriːkən		𐑐𐑢𐑻𐑑𐑼𐑰𐑒𐑩𐑯		unknown
Puerto Rican	NN1	RSSB	pweərtəriːkən		𐑐𐑢𐑺𐑑𐑼𐑰𐑒𐑩𐑯		unknown
Puerto Rican	AJ0	GenAm	ˌpɔːRtəˈriːkən		𐑐𐑹𐑑𐑼𐑰𐑒𐑩𐑯		unknown
Puerto Rican	AJ0	RSSB	pwɜːrtəriːkən		𐑐𐑢𐑻𐑑𐑼𐑰𐑒𐑩𐑯		unknown
Puerto Rican	AJ0	RSSB	pweərtəriːkən		𐑐𐑢𐑺𐑑𐑼𐑰𐑒𐑩𐑯		unknown
Toki Pona	NP0	RSSB	ˈtəʊki ˈpəʊnə		𐑑𐑴𐑒𐑦 𐑐𐑴𐑯𐑩		unknown
Toki Pona	NP0	GenAm	ˈtoʊki ˈpoʊnə		𐑑𐑴𐑒𐑦 𐑐𐑴𐑯𐑩		unknown
exclamation mark	NN1	RSSB	ˌekskləˈmeɪʃən mɑːRk	ˌekskləˈmeɪʃən mɑːRk	𐑧𐑒𐑕𐑒𐑤𐑩𐑥𐑱𐑖𐑩𐑯 𐑥𐑸𐑒	𐑧𐑒𐑕𐑒𐑤𐑩𐑥𐑱𐑖𐑩𐑯𐑥𐑸𐑒	matches
exclamation mark	NN1	GenAm	ˌekskləˈmeɪʃən ˌmɑːRk	ˌekskləˈmeɪʃən mɑːRk	𐑧𐑒𐑕𐑒𐑤𐑩𐑥𐑱𐑖𐑩𐑯 𐑥𐑸𐑒	𐑧𐑒𐑕𐑒𐑤𐑩𐑥𐑱𐑖𐑩𐑯𐑥𐑸𐑒	matches
question mark	NN1	RSSB	ˈkwestʃən mɑːRk	ˈkwestʃən mɑːRk	𐑒𐑢𐑧𐑕𐑗𐑩𐑯 𐑥𐑸𐑒	𐑒𐑢𐑧𐑕𐑗𐑩𐑯𐑥𐑸𐑒	matches
question mark	NN1	GenAm	ˈkwestʃən ˌmɑːRk	ˈkwestʃən mɑːRk	𐑒𐑢𐑧𐑕𐑗𐑩𐑯 𐑥𐑸𐑒	𐑒𐑢𐑧𐑕𐑗𐑩𐑯𐑥𐑸𐑒	matches
question mark	AV0	RSSB	ˈkwestʃən mɑːRk	ˈkwestʃən mɑːRk	𐑒𐑢𐑧𐑕𐑗𐑩𐑯 𐑥𐑸𐑒	𐑒𐑢𐑧𐑕𐑗𐑩𐑯𐑥𐑸𐑒	matches
question mark	AV0	GenAm	ˈkwestʃən ˌmɑːRk	ˈkwestʃən mɑːRk	𐑒𐑢𐑧𐑕𐑗𐑩𐑯 𐑥𐑸𐑒	𐑒𐑢𐑧𐑕𐑗𐑩𐑯𐑥𐑸𐑒	matches
turn up one's nose	VVI	RSSB	tɜːRnʌp wʌnz nəʊz	tɜːRn ʌp wʌnz nəʊz	𐑑𐑻𐑯𐑳𐑐 𐑢𐑳𐑯𐑟 𐑯𐑴𐑟	𐑑𐑻𐑯𐑳𐑐𐑢𐑳𐑯𐑟𐑯𐑴𐑟	matches
turn up one's nose	VVI	GenAm	ˌtɜːRnʌp wʌnz ˈnoʊz	tɜːRn ʌp wʌnz nəʊz	𐑑𐑻𐑯𐑳𐑐 𐑢𐑳𐑯𐑟 𐑯𐑴𐑟	𐑑𐑻𐑯𐑳𐑐𐑢𐑳𐑯𐑟𐑯𐑴𐑟	matches
gung ho	AJ0	RSSB	ˌɡʌŋˈhəʊ		𐑜𐑳𐑙𐑣𐑴		unknown
gung ho	AJ0	GenAm	ˌɡʌŋˈhoʊ		𐑜𐑳𐑙𐑣𐑴		unknown
New Guinea	NP0	RSSB	njuː ˈɡɪni	njuː ˈɡɪni	𐑯𐑿 𐑜𐑦𐑯𐑦	𐑯𐑿𐑜𐑦𐑯𐑦	matches
New Guinea	NP0	GenAm	nu ˈɡɪni	nuː ˈɡɪni	𐑯𐑫 𐑜𐑦𐑯𐑦	𐑯𐑵𐑜𐑦𐑯𐑦	divergent
Inner Hebrides	NP0	RSSB	ɪnəR ˈhebrɪdiːz	ˈɪnəR ˈhebrɪdiːz	𐑦𐑯𐑼 𐑣𐑧𐑚𐑮𐑦𐑛𐑰𐑟	𐑦𐑯𐑼𐑣𐑧𐑚𐑮𐑦𐑛𐑰𐑟	matches
Outer Hebrides	NP0	RSSB	aʊtəR ˈhebrɪdiːz	ˈaʊtəR ˈhebrɪdiːz	𐑬𐑑𐑼 𐑣𐑧𐑚𐑮𐑦𐑛𐑰𐑟	𐑬𐑑𐑼𐑣𐑧𐑚𐑮𐑦𐑛𐑰𐑟	matches
Scilly Islands	NP0	RSSB	ˈsɪli ˈaɪləndz		𐑕𐑦𐑤𐑦 𐑲𐑤𐑩𐑯𐑛𐑟		unknown
Lower Saxony	NP0	GenAm	ˈləʊːəR ˌsæksəni		𐑤𐑴𐑼 𐑕𐑨𐑒𐑕𐑩𐑯𐑦		unknown
Lower Saxony	NP0	RSSB	ləʊəR ˈsæksəni		𐑤𐑴𐑼 𐑕𐑨𐑒𐑕𐑩𐑯𐑦		unknown
half brother	NN1	GenAm	ˌhæfˈbrʌðəR	hⱭːf ˈbrʌðəR	𐑣𐑨𐑓𐑚𐑮𐑳𐑞𐑼	𐑣𐑭𐑓𐑚𐑮𐑳𐑞𐑼	matches
half sister	NN1	GenAm	ˈhæf sɪstəR	hⱭːf ˈsɪstəR	𐑣𐑨𐑓 𐑕𐑦𐑕𐑑𐑼	𐑣𐑭𐑓𐑕𐑦𐑕𐑑𐑼	matches
water buffalo	NN1	GenAm	ˈwɒtəRˌbʌfəloʊ	ˈwɔːtər ˈbʌfələʊ	𐑢𐑪𐑑𐑼𐑚𐑳𐑓𐑩𐑤𐑴	𐑢𐑷𐑑𐑼𐑚𐑳𐑓𐑩𐑤𐑴	divergent
ad infinitum	AV0	RSSB	ad ˌɪnfəˈnaɪtəm		𐑨𐑛 𐑦𐑯𐑓𐑩𐑯𐑲𐑑𐑩𐑥		unknown
ad infinitum	AV0	RSSB	ˌæd ɪnfɪˈnaɪtəm		𐑨𐑛 𐑦𐑯𐑓𐑦𐑯𐑲𐑑𐑩𐑥		unknown
Torres Strait Creole	NP0	RSSB	tɔːrez streɪt ˈkriːəʊl		𐑑𐑹𐑧𐑟 𐑕𐑑𐑮𐑱𐑑 𐑒𐑮𐑰𐑴𐑤		unknown
Torres Strait Creole	NP0	GenAm	ˈtɔːrez streɪt ˈkriːoʊl		𐑑𐑹𐑧𐑟 𐑕𐑑𐑮𐑱𐑑 𐑒𐑮𐑰𐑴𐑤		unknown
knock about	VVI	RSSB	ˌnɒk əˈbaʊt	nɒk əˈbaʊt	𐑯𐑪𐑒 𐑩𐑚𐑬𐑑	𐑯𐑪𐑒𐑩𐑚𐑬𐑑	matches
knock about	VVI	GenAm	ˌnɒk əˈbaʊt	nɒk əˈbaʊt	𐑯𐑪𐑒 𐑩𐑚𐑬𐑑	𐑯𐑪𐑒𐑩𐑚𐑬𐑑	matches
Phnom Penh	NP0	RSSB	pəˈnɔːm ˈpen		𐑐𐑩𐑯𐑷𐑥 𐑐𐑧𐑯		unknown
Phnom Penh	NP0	RSSB	ˈnɒm ˈpen		𐑯𐑪𐑥 𐑐𐑧𐑯		unknown
Phnom Penh	NP0	GenAm	pəˈnɒm ˈpen		𐑐𐑩𐑯𐑪𐑥 𐑐𐑧𐑯		unknown
sea urchin	NN1	GenAm	ˈsi ˌɜːRtʃɪn	siː ˈɜːRtʃɪn	𐑕𐑦 𐑻𐑗𐑦𐑯	𐑕𐑰𐑻𐑗𐑦𐑯	divergent
busman's holiday	NN1	RSSB	ˌbʌsmənz ˈhɒlɪdeɪ		𐑚𐑳𐑕𐑥𐑩𐑯𐑟 𐑣𐑪𐑤𐑦𐑛𐑱		unknown
busman's holiday	NN1	GenAm	ˌbʌsmənz ˈhɒləˌdeɪ		𐑚𐑳𐑕𐑥𐑩𐑯𐑟 𐑣𐑪𐑤𐑩𐑛𐑱		unknown
barking mad	AJ0	RSSB	bɑːRkɪŋ mæd	ˈbɑːRkɪŋ mæd	𐑚𐑸𐑒𐑦𐑙 𐑥𐑨𐑛	𐑚𐑸𐑒𐑦𐑙𐑥𐑨𐑛	matches
abstract noun	NN1	RSSB	ˈæbˌstrækt naʊn	ˈæbstrækt naʊn	𐑨𐑚𐑕𐑑𐑮𐑨𐑒𐑑 𐑯𐑬𐑯	𐑨𐑚𐑕𐑑𐑮𐑨𐑒𐑑𐑯𐑬𐑯	matches
abstract noun	NN1	GenAm	ˈæbˌstrækt naʊn	ˈæbstrækt naʊn	𐑨𐑚𐑕𐑑𐑮𐑨𐑒𐑑 𐑯𐑬𐑯	𐑨𐑚𐑕𐑑𐑮𐑨𐑒𐑑𐑯𐑬𐑯	matches
glottal stop	NN1	RSSB	ɡlɒtəl stɒp	ˈɡlɒtəl stɒp	𐑜𐑤𐑪𐑑𐑩𐑤 𐑕𐑑𐑪𐑐	𐑜𐑤𐑪𐑑𐑩𐑤𐑕𐑑𐑪𐑐	matches
glottal stop	NN1	GenAm	ɡlɒtəl stɒp	ˈɡlɒtəl stɒp	𐑜𐑤𐑪𐑑𐑩𐑤 𐑕𐑑𐑪𐑐	𐑜𐑤𐑪𐑑𐑩𐑤𐑕𐑑𐑪𐑐	matches
ping pong	NN1	RSSB	ˈpɪŋˌpɒŋ		𐑐𐑦𐑙𐑐𐑪𐑙		unknown
ping pong	NN1	RSSB	ˈpiŋˌpɒŋ		𐑐𐑦𐑙𐑐𐑪𐑙		unknown
ping pong	NN1	GenAm	ˈpɪŋˌpɒŋ	pɪŋ pɒŋ	𐑐𐑦𐑙𐑐𐑪𐑙	𐑐𐑦𐑙𐑐𐑪𐑙	matches
ping pong	VVI	RSSB	ˈpɪŋˌpɒŋ		𐑐𐑦𐑙𐑐𐑪𐑙		unknown
ping pong	VVI	RSSB	ˈpiŋˌpɒŋ		𐑐𐑦𐑙𐑐𐑪𐑙		unknown
ping pong	VVI	GenAm	ˈpɪŋˌpɒŋ	pɪŋ pɒŋ	𐑐𐑦𐑙𐑐𐑪𐑙	𐑐𐑦𐑙𐑐𐑪𐑙	matches
non sequitur	NN1	RSSB	ˌnɒn sekwɪtəR		𐑯𐑪𐑯 𐑕𐑧𐑒𐑢𐑦𐑑𐑼		unknown
non sequitur	NN1	GenAm	ˌnɒn ˈsekwɪtəR	nɒn ˈsekwətəR	𐑯𐑪𐑯 𐑕𐑧𐑒𐑢𐑦𐑑𐑼	𐑯𐑪𐑯𐑕𐑧𐑒𐑢𐑩𐑑𐑼	matches
Isle of Man	NP0	RSSB	ˌaɪl əvˈmæn	aɪl V mæn	𐑲𐑤 𐑩𐑝𐑥𐑨𐑯	𐑲𐑤𐑝𐑥𐑨𐑯	divergent
Kuiper belt	NP0	RSSB	kaɪpərbelt	ˈkaɪpəR belt	𐑒𐑲𐑐𐑼𐑚𐑧𐑤𐑑	𐑒𐑲𐑐𐑼𐑚𐑧𐑤𐑑	matches
Kuiper belt	NP0	GenAm	ˈkaɪpəRbelt	ˈkaɪpəR belt	𐑒𐑲𐑐𐑼𐑚𐑧𐑤𐑑	𐑒𐑲𐑐𐑼𐑚𐑧𐑤𐑑	matches
Kuiper belt	NP0	RSSB	kʌɪpəR belt	ˈkaɪpəR belt	𐑒𐑳𐑦𐑐𐑼 𐑚𐑧𐑤𐑑	𐑒𐑲𐑐𐑼𐑚𐑧𐑤𐑑	divergent
Kuiper belt	NN1	RSSB	kaɪpərbelt	ˈkaɪpəR belt	𐑒𐑲𐑐𐑼𐑚𐑧𐑤𐑑	𐑒𐑲𐑐𐑼𐑚𐑧𐑤𐑑	matches
Kuiper belt	NN1	GenAm	ˈkaɪpəRbelt	ˈkaɪpəR belt	𐑒𐑲𐑐𐑼𐑚𐑧𐑤𐑑	𐑒𐑲𐑐𐑼𐑚𐑧𐑤𐑑	matches
Kuiper belt	NN1	RSSB	kʌɪpəR belt	ˈkaɪpəR belt	𐑒𐑳𐑦𐑐𐑼 𐑚𐑧𐑤𐑑	𐑒𐑲𐑐𐑼𐑚𐑧𐑤𐑑	divergent
candy floss	NN1	RSSB	ˈkændi ˌflɒs	ˈkændi flɒs	𐑒𐑨𐑯𐑛𐑦 𐑓𐑤𐑪𐑕	𐑒𐑨𐑯𐑛𐑦𐑓𐑤𐑪𐑕	matches
Ku Klux Klan	NP0	RSSB	ˌkuː klʌks ˈklæn		𐑒𐑵 𐑒𐑤𐑳𐑒𐑕 𐑒𐑤𐑨𐑯		unknown
Ku Klux Klan	NP0	GenAm	ˌku klʌks ˈklæn		𐑒𐑫 𐑒𐑤𐑳𐑒𐑕 𐑒𐑤𐑨𐑯		unknown
air gun	NN1	RSSB	eərɡʌn	eəR ɡʌn	𐑺𐑜𐑳𐑯	𐑺𐑜𐑳𐑯	matches
air gun	NN1	GenAm	ˈerɡə	eəR ɡʌn	𐑧𐑮𐑜𐑩	𐑺𐑜𐑳𐑯	divergent
instant coffee	NN1	RSSB	ˌɪnstənt ˈkɒfi	ˈɪnstənt ˈkɒfi	𐑦𐑯𐑕𐑑𐑩𐑯𐑑 𐑒𐑪𐑓𐑦	𐑦𐑯𐑕𐑑𐑩𐑯𐑑𐑒𐑪𐑓𐑦	matches
raison d'être	NN1	RSSB	ˌreɪzɒ detrə		𐑮𐑱𐑟𐑪 𐑛𐑧𐑑𐑮𐑩		unknown
raison d'être	NN1	RSSB	ˌrezɒ detrə		𐑮𐑧𐑟𐑪 𐑛𐑧𐑑𐑮𐑩		unknown
raison d'être	NN1	RSSB	ˌreɪzɒn detrə		𐑮𐑱𐑟𐑪𐑯 𐑛𐑧𐑑𐑮𐑩		unknown
raison d'être	NN1	GenAm	ˌreɪzɒn ˈdetrə		𐑮𐑱𐑟𐑪𐑯 𐑛𐑧𐑑𐑮𐑩		unknown
Laurel and Hardy	NP0	RSSB	lɒrəl ænd hɑːRdi	ˈlɒrəl N ˈhɑːRdi	𐑤𐑪𐑮𐑩𐑤 𐑨𐑯𐑛 𐑣𐑸𐑛𐑦	𐑤𐑪𐑮𐑩𐑤𐑯𐑣𐑸𐑛𐑦	divergent
Laurel and Hardy	NP0	RSSB	lɔːrəl ænd hɑːRdi	ˈlɒrəl N ˈhɑːRdi	𐑤𐑹𐑩𐑤 𐑨𐑯𐑛 𐑣𐑸𐑛𐑦	𐑤𐑪𐑮𐑩𐑤𐑯𐑣𐑸𐑛𐑦	divergent
Laurel and Hardy	NP0	GenAm	ˈlɔːRəl ænd ˈhɑːRdi	ˈlɒrəl N ˈhɑːRdi	𐑤𐑹𐑩𐑤 𐑨𐑯𐑛 𐑣𐑸𐑛𐑦	𐑤𐑪𐑮𐑩𐑤𐑯𐑣𐑸𐑛𐑦	divergent
crocodile tear	NN1	RSSB	krɒkədaɪl tɪəR	ˈkrɒkədaɪl teəR	𐑒𐑮𐑪𐑒𐑩𐑛𐑲𐑤 𐑑𐑽	𐑒𐑮𐑪𐑒𐑩𐑛𐑲𐑤𐑑𐑺	divergent
crocodile tear	NN1	GenAm	ˈkrɒkədaɪl ˌtɪr	ˈkrɒkədaɪl teəR	𐑒𐑮𐑪𐑒𐑩𐑛𐑲𐑤 𐑑𐑦𐑮	𐑒𐑮𐑪𐑒𐑩𐑛𐑲𐑤𐑑𐑺	divergent
programming language	NN1	RSSB	ˈprəʊɡræmɪŋ læŋɡwɪdʒ	ˈprəʊɡræmɪŋ ˈlæŋɡwɪdʒ	𐑐𐑮𐑴𐑜𐑮𐑨𐑥𐑦𐑙 𐑤𐑨𐑙𐑜𐑢𐑦𐑡	𐑐𐑮𐑴𐑜𐑮𐑨𐑥𐑦𐑙𐑤𐑨𐑙𐑜𐑢𐑦𐑡	matches
programming language	NN1	GenAm	ˈproʊɡræmɪŋ læŋɡwɪdʒ	ˈprəʊɡræmɪŋ ˈlæŋɡwɪdʒ	𐑐𐑮𐑴𐑜𐑮𐑨𐑥𐑦𐑙 𐑤𐑨𐑙𐑜𐑢𐑦𐑡	𐑐𐑮𐑴𐑜𐑮𐑨𐑥𐑦𐑙𐑤𐑨𐑙𐑜𐑢𐑦𐑡	matches
marine corps	NN1	GenAm	məˈrinˌkɔːR	məˈriːn kɔːR	𐑥𐑼𐑦𐑯𐑒𐑹	𐑥𐑼𐑰𐑯𐑒𐑹	divergent
marine corps	NN1	GenAm	məˈrinˌkɔːRz	məˈriːn kɔːR	𐑥𐑼𐑦𐑯𐑒𐑹𐑟	𐑥𐑼𐑰𐑯𐑒𐑹	divergent
glass ceiling	NN1	RSSB	ɡlɑːs ˈsiːlɪŋ	ɡlⱭːs ˈsiːlɪŋ	𐑜𐑤𐑭𐑕 𐑕𐑰𐑤𐑦𐑙	𐑜𐑤𐑭𐑕𐑕𐑰𐑤𐑦𐑙	matches
glass ceiling	NN1	GenAm	ɡlæs ˈsilɪŋ	ɡlⱭːs ˈsiːlɪŋ	𐑜𐑤𐑨𐑕 𐑕𐑦𐑤𐑦𐑙	𐑜𐑤𐑭𐑕𐑕𐑰𐑤𐑦𐑙	divergent
take French leave	VVI	RSSB	ˌteɪk frentʃ ˈliːv	teɪk frentʃ liːv	𐑑𐑱𐑒 𐑓𐑮𐑧𐑯𐑗 𐑤𐑰𐑝	𐑑𐑱𐑒𐑓𐑮𐑧𐑯𐑗𐑤𐑰𐑝	matches
take French leave	VVI	GenAm	ˌteɪk frentʃ ˈliv	teɪk frentʃ liːv	𐑑𐑱𐑒 𐑓𐑮𐑧𐑯𐑗 𐑤𐑦𐑝	𐑑𐑱𐑒𐑓𐑮𐑧𐑯𐑗𐑤𐑰𐑝	divergent
Fertile Crescent	NP0	RSSB	fɜːRtaɪl kresənt	ˈfɜːRtaɪl ˈkresənt	𐑓𐑻𐑑𐑲𐑤 𐑒𐑮𐑧𐑕𐑩𐑯𐑑	𐑓𐑻𐑑𐑲𐑤𐑒𐑮𐑧𐑕𐑩𐑯𐑑	matches
Fertile Crescent	NP0	GenAm	ˈfɜːRtəl ˈkresənt	ˈfɜːRtaɪl ˈkresənt	𐑓𐑻𐑑𐑩𐑤 𐑒𐑮𐑧𐑕𐑩𐑯𐑑	𐑓𐑻𐑑𐑲𐑤𐑒𐑮𐑧𐑕𐑩𐑯𐑑	divergent
Good Friday	NN1	GenAm	ɡʊd fraɪːdeɪ	ɡʊd ˈfraɪdeɪ	𐑜𐑫𐑛 𐑓𐑮𐑲𐑛𐑱	𐑜𐑫𐑛𐑓𐑮𐑲𐑛𐑱	matches
lower case	NN1	RSSB	ləʊərkeɪs	ˈləʊəR keɪs	𐑤𐑴𐑼𐑒𐑱𐑕	𐑤𐑴𐑼𐑒𐑱𐑕	matches
pit stop	NN1	GenAm	ˈpɪtstɒp	pɪt stɒp	𐑐𐑦𐑑𐑕𐑑𐑪𐑐	𐑐𐑦𐑑𐑕𐑑𐑪𐑐	matches
fairy tale	NN1	GenAm	ˈferi ˌteɪl	ˈfeəri teɪl	𐑓𐑧𐑮𐑦 𐑑𐑱𐑤	𐑓𐑺𐑦𐑑𐑱𐑤	divergent
fairy tale	NN1	RSSB	feəri ˌteɪl	ˈfeəri teɪl	𐑓𐑺𐑦 𐑑𐑱𐑤	𐑓𐑺𐑦𐑑𐑱𐑤	matches
random number	NN1	GenAm	ˈrændəm ˈnʌmbəR	ˈrændəm ˈnʌmbəR	𐑮𐑨𐑯𐑛𐑩𐑥 𐑯𐑳𐑥𐑚𐑼	𐑮𐑨𐑯𐑛𐑩𐑥𐑯𐑳𐑥𐑚𐑼	matches
caveat emptor	UNC	RSSB	ˈkeɪviˌæt ˈemptɔr		𐑒𐑱𐑝𐑦𐑨𐑑 𐑧𐑥𐑐𐑑𐑷𐑮		unknown
caveat emptor	UNC	GenAm	ˈkæviˌɒt ˈemptɔːR		𐑒𐑨𐑝𐑦𐑪𐑑 𐑧𐑥𐑐𐑑𐑹		unknown
coat of arms	NN1	GenAm	kɔʊːt ʌv ˈɑːRmz	kəʊt V ɑːRmz	𐑒𐑷𐑫𐑑 𐑳𐑝 𐑸𐑥𐑟	𐑒𐑴𐑑𐑝𐑸𐑥𐑟	divergent
coat of arms	NN1	GenAm	kɔʊtəv ˈɑːRmz	kəʊt V ɑːRmz	𐑒𐑷𐑫𐑑𐑩𐑝 𐑸𐑥𐑟	𐑒𐑴𐑑𐑝𐑸𐑥𐑟	divergent
kick ass	VVI	GenAm	kɪk æs	kɪk æs	𐑒𐑦𐑒 𐑨𐑕	𐑒𐑦𐑒𐑨𐑕	matches
kick ass	ITJ	GenAm	kɪk æs	kɪk æs	𐑒𐑦𐑒 𐑨𐑕	𐑒𐑦𐑒𐑨𐑕	matches
work out	VVI	RSSB	wɜːRk ˈaʊt	wɜːRk aʊt	𐑢𐑻𐑒 𐑬𐑑	𐑢𐑻𐑒𐑬𐑑	matches
work out	VVI	GenAm	ˌwɜːRk ˈaʊt	wɜːRk aʊt	𐑢𐑻𐑒 𐑬𐑑	𐑢𐑻𐑒𐑬𐑑	matches
pain in the arse	NN1	RSSB	ˈpeɪn ɪn ði ɑːRs	peɪn ɪn Ð ɑːRs	𐑐𐑱𐑯 𐑦𐑯 𐑞𐑦 𐑸𐑕	𐑐𐑱𐑯𐑦𐑯𐑞𐑸𐑕	divergent
Wheel of Fortune	NP0	GenAm	ˌwiləv ˈfortʃun	ʍiːl V ˈfɔːRtʃuːn	𐑢𐑦𐑤𐑩𐑝 𐑓𐑪𐑮𐑗𐑫𐑯	𐑢𐑰𐑤𐑝𐑓𐑹𐑗𐑵𐑯	divergent
New Year	NN1	RSSB	ˈnjuː jɪəR	njuː jɪəR	𐑯𐑿 𐑘𐑽	𐑯𐑿𐑘𐑽	matches
New Year	NN1	GenAm	ˈnu ˌjɪr	nuː jɪəR	𐑯𐑫 𐑘𐑦𐑮	𐑯𐑵𐑘𐑽	divergent
New Year's resolution	NN1	RSSB	ˈnjuː jɪəRz rezəluːʃən		𐑯𐑿 𐑘𐑽𐑟 𐑮𐑧𐑟𐑩𐑤𐑵𐑖𐑩𐑯		unknown
New Year's resolution	NN1	GenAm	ˈnju jɪrz ˌrezəˈljuʃən		𐑯𐑘𐑫 𐑘𐑦𐑮𐑟 𐑮𐑧𐑟𐑩𐑤𐑘𐑫𐑖𐑩𐑯		unknown
light year	NN1	RSSB	laɪtjɪəR	laɪt jɪəR	𐑤𐑲𐑑𐑘𐑽	𐑤𐑲𐑑𐑘𐑽	matches
light year	NN1	GenAm	ˈlaɪtjɪr	laɪt jɪəR	𐑤𐑲𐑑𐑘𐑦𐑮	𐑤𐑲𐑑𐑘𐑽	divergent
friendly fire	NN1	RSSB	ˌfrendli faɪəR	ˈfrendli ˈfaɪəR	𐑓𐑮𐑧𐑯𐑛𐑤𐑦 𐑓𐑲𐑼	𐑓𐑮𐑧𐑯𐑛𐑤𐑦𐑓𐑲𐑼	matches
friendly fire	NN1	GenAm	ˌfrendli ˈfaɪəR	ˈfrendli ˈfaɪəR	𐑓𐑮𐑧𐑯𐑛𐑤𐑦 𐑓𐑲𐑼	𐑓𐑮𐑧𐑯𐑛𐑤𐑦𐑓𐑲𐑼	matches
de rigueur	AJ0	RSSB	də rɪɡɜːr		𐑛𐑩 𐑮𐑦𐑜𐑻		unknown
de rigueur	AJ0	GenAm	də rɪˈɡɜːR		𐑛𐑩 𐑮𐑦𐑜𐑻		unknown
tour de force	NN1	GenAm	ˌturdəˈfors	tʊəR də fɔːRs	𐑑𐑫𐑮𐑛𐑩𐑓𐑪𐑮𐑕	𐑑𐑫𐑼𐑛𐑩𐑓𐑹𐑕	divergent
tour de force	NN1	GenAm	ˌturdəˈfɔːRs	tʊəR də fɔːRs	𐑑𐑫𐑮𐑛𐑩𐑓𐑹𐑕	𐑑𐑫𐑼𐑛𐑩𐑓𐑹𐑕	divergent
absolute zero	NN1	GenAm	ˈæbsəˌlut ˈziroʊ	ˈæbsəluːt ˈzɪərəʊ	𐑨𐑚𐑕𐑩𐑤𐑫𐑑 𐑟𐑦𐑮𐑴	𐑨𐑚𐑕𐑩𐑤𐑵𐑑𐑟𐑽𐑴	divergent
absolute zero	NN1	GenAm	ˌæbsəˈljut ˈziroʊ	ˈæbsəluːt ˈzɪərəʊ	𐑨𐑚𐑕𐑩𐑤𐑘𐑫𐑑 𐑟𐑦𐑮𐑴	𐑨𐑚𐑕𐑩𐑤𐑵𐑑𐑟𐑽𐑴	divergent
hydrochloric acid	NN1	GenAm	ˌhaɪdrəʊˌklɔːRɪkˈæsƏd	ˌhaɪdrəʊˈklɔːrɪk ˈæsɪd	𐑣𐑲𐑛𐑮𐑴𐑒𐑤𐑹𐑦𐑒𐑨𐑕𐑩𐑛	𐑣𐑲𐑛𐑮𐑴𐑒𐑤𐑹𐑦𐑒𐑨𐑕𐑦𐑛	matches
anno Domini	NN1	RSSB	ˈænəʊ ˈdɒmənɪ		𐑨𐑯𐑴 𐑛𐑪𐑥𐑩𐑯𐑦		unknown
anno Domini	NN1	GenAm	ˈænoʊ ˈdɒməni		𐑨𐑯𐑴 𐑛𐑪𐑥𐑩𐑯𐑦		unknown
in the closet	UNC	GenAm	ɪn ðə ˈklɒzɪt	ɪn Ð ˈklɒzIt	𐑦𐑯 𐑞𐑩 𐑒𐑤𐑪𐑟𐑦𐑑	𐑦𐑯𐑞𐑒𐑤𐑪𐑟𐑩𐑑	divergent
in the closet	UNC	RSSB	ɪn ðə ˈklɒzɪt	ɪn Ð ˈklɒzIt	𐑦𐑯 𐑞𐑩 𐑒𐑤𐑪𐑟𐑦𐑑	𐑦𐑯𐑞𐑒𐑤𐑪𐑟𐑩𐑑	divergent
plurale tantum	NN1	GenAm	ˌplʊəRəleɪ ˈtæntəm		𐑐𐑤𐑫𐑼𐑩𐑤𐑱 𐑑𐑨𐑯𐑑𐑩𐑥		unknown
Bondi Beach	NP0	RSSB	ˈbɒndaɪ biːtʃ	ˈbɒndaɪ biːtʃ	𐑚𐑪𐑯𐑛𐑲 𐑚𐑰𐑗	𐑚𐑪𐑯𐑛𐑲𐑚𐑰𐑗	matches
shut up	VVI	RSSB	ʃʌt ʌp	ʃʌt ʌp	𐑖𐑳𐑑 𐑳𐑐	𐑖𐑳𐑑𐑳𐑐	matches
shut up	VVI	GenAm	ʃʌt ʌp	ʃʌt ʌp	𐑖𐑳𐑑 𐑳𐑐	𐑖𐑳𐑑𐑳𐑐	matches
shut up	VVI	GenAm	ʃʌtʌp	ʃʌt ʌp	𐑖𐑳𐑑𐑳𐑐	𐑖𐑳𐑑𐑳𐑐	matches
shut up	AJ0	RSSB	ʃʌt ʌp	ʃʌt ʌp	𐑖𐑳𐑑 𐑳𐑐	𐑖𐑳𐑑𐑳𐑐	matches
shut up	AJ0	GenAm	ʃʌt ʌp	ʃʌt ʌp	𐑖𐑳𐑑 𐑳𐑐	𐑖𐑳𐑑𐑳𐑐	matches
shut up	AJ0	GenAm	ʃʌtʌp	ʃʌt ʌp	𐑖𐑳𐑑𐑳𐑐	𐑖𐑳𐑑𐑳𐑐	matches
shut up	ITJ	RSSB	ʃʌt ʌp	ʃʌt ʌp	𐑖𐑳𐑑 𐑳𐑐	𐑖𐑳𐑑𐑳𐑐	matches
shut up	ITJ	GenAm	ʃʌt ʌp	ʃʌt ʌp	𐑖𐑳𐑑 𐑳𐑐	𐑖𐑳𐑑𐑳𐑐	matches
shut up	ITJ	GenAm	ʃʌtʌp	ʃʌt ʌp	𐑖𐑳𐑑𐑳𐑐	𐑖𐑳𐑑𐑳𐑐	matches
Jim Crow	NP0	GenAm	ˌdʒɪm ˈkroʊ	dʒɪm krəʊ	𐑡𐑦𐑥 𐑒𐑮𐑴	𐑡𐑦𐑥𐑒𐑮𐑴	matches
Jim Crow	NN1	GenAm	ˌdʒɪm ˈkroʊ	dʒɪm krəʊ	𐑡𐑦𐑥 𐑒𐑮𐑴	𐑡𐑦𐑥𐑒𐑮𐑴	matches
Jim Crow	AJ0	GenAm	ˌdʒɪm ˈkroʊ	dʒɪm krəʊ	𐑡𐑦𐑥 𐑒𐑮𐑴	𐑡𐑦𐑥𐑒𐑮𐑴	matches
Jim Crow	VVI	GenAm	ˌdʒɪm ˈkroʊ	dʒɪm krəʊ	𐑡𐑦𐑥 𐑒𐑮𐑴	𐑡𐑦𐑥𐑒𐑮𐑴	matches
CC boy	NN1	RSSB	ˈsiːˌsiː bɔɪ	ˌsiːˈsiː bɔɪ	𐑕𐑰𐑕𐑰 𐑚𐑶	𐑕𐑰𐑕𐑰𐑚𐑶	matches
CC boy	NN1	GenAm	ˈsiˌsi bɔɪ	ˌsiːˈsiː bɔɪ	𐑕𐑦𐑕𐑦 𐑚𐑶	𐑕𐑰𐑕𐑰𐑚𐑶	divergent
coup d'état	NN1	GenAm	ˌku deɪˈtɒ		𐑒𐑫 𐑛𐑱𐑑𐑪		unknown
coup d'état	NN1	RSSB	ˌkuː deɪˈtɑː		𐑒𐑵 𐑛𐑱𐑑𐑭		unknown
finger fuck	NN1	GenAm	ˈfɪŋɡəRˌfʌk	ˈfɪŋɡəR fʌk	𐑓𐑦𐑙𐑜𐑼𐑓𐑳𐑒	𐑓𐑦𐑙𐑜𐑼𐑓𐑳𐑒	matches
finger fuck	VVI	GenAm	ˈfɪŋɡəRˌfʌk	ˈfɪŋɡəR fʌk	𐑓𐑦𐑙𐑜𐑼𐑓𐑳𐑒	𐑓𐑦𐑙𐑜𐑼𐑓𐑳𐑒	matches
prima donna	NN1	RSSB	priːmədɒnə	ˈpriːmə ˈdɒnə	𐑐𐑮𐑰𐑥𐑩𐑛𐑪𐑯𐑩	𐑐𐑮𐑰𐑥𐑩𐑛𐑪𐑯𐑩	matches
of course	AJ0	RSSB	əv kɔːRs	V kɔːRs	𐑩𐑝 𐑒𐑹𐑕	𐑝𐑒𐑹𐑕	divergent
of course	AJ0	GenAm	əv ˈkɔːRs	V kɔːRs	𐑩𐑝 𐑒𐑹𐑕	𐑝𐑒𐑹𐑕	divergent
of course	AV0	RSSB	əv kɔːRs	V kɔːRs	𐑩𐑝 𐑒𐑹𐑕	𐑝𐑒𐑹𐑕	divergent
of course	AV0	GenAm	əv ˈkɔːRs	V kɔːRs	𐑩𐑝 𐑒𐑹𐑕	𐑝𐑒𐑹𐑕	divergent
of course	ITJ	RSSB	əv kɔːRs	V kɔːRs	𐑩𐑝 𐑒𐑹𐑕	𐑝𐑒𐑹𐑕	divergent
of course	ITJ	GenAm	əv ˈkɔːRs	V kɔːRs	𐑩𐑝 𐑒𐑹𐑕	𐑝𐑒𐑹𐑕	divergent
each other	PNP	RSSB	iːtʃʌðəR	iːtʃ ˈʌðəR	𐑰𐑗𐑳𐑞𐑼	𐑰𐑗𐑳𐑞𐑼	matches
each other	PNP	GenAm	iˈtʃʌðəR	iːtʃ ˈʌðəR	𐑦𐑗𐑳𐑞𐑼	𐑰𐑗𐑳𐑞𐑼	divergent
deus ex machina	NN1	RSSB	ˌdeɪəs eks ˈmækɪnə		𐑛𐑱𐑩𐑕 𐑧𐑒𐑕 𐑥𐑨𐑒𐑦𐑯𐑩		unknown
deus ex machina	NN1	RSSB	ˌdeɪəs eks məˈʃiːnə		𐑛𐑱𐑩𐑕 𐑧𐑒𐑕 𐑥𐑩𐑖𐑰𐑯𐑩		unknown
deus ex machina	NN1	RSSB	ˌdiːəs eks məˈʃiːnə		𐑛𐑰𐑩𐑕 𐑧𐑒𐑕 𐑥𐑩𐑖𐑰𐑯𐑩		unknown
deus ex machina	NN1	GenAm	ˌdeɪəs ˌeks ˈmɒkənə		𐑛𐑱𐑩𐑕 𐑧𐑒𐑕 𐑥𐑪𐑒𐑩𐑯𐑩		unknown
deus ex machina	NN1	GenAm	ˌdeɪəs ˌeks ˈmækənə		𐑛𐑱𐑩𐑕 𐑧𐑒𐑕 𐑥𐑨𐑒𐑩𐑯𐑩		unknown
stag party	NN1	GenAm	ˈstæɡ ˈpɑːRti	stæɡ ˈpɑːRti	𐑕𐑑𐑨𐑜 𐑐𐑸𐑑𐑦	𐑕𐑑𐑨𐑜𐑐𐑸𐑑𐑦	matches
stag party	NN1	RSSB	ˈstæɡ pɑːRti	stæɡ ˈpɑːRti	𐑕𐑑𐑨𐑜 𐑐𐑸𐑑𐑦	𐑕𐑑𐑨𐑜𐑐𐑸𐑑𐑦	matches
hen party	NN1	GenAm	ˈhen ˈpɑːRti	hen ˈpɑːRti	𐑣𐑧𐑯 𐑐𐑸𐑑𐑦	𐑣𐑧𐑯𐑐𐑸𐑑𐑦	matches
hen party	NN1	RSSB	ˈhen pɑːRti	hen ˈpɑːRti	𐑣𐑧𐑯 𐑐𐑸𐑑𐑦	𐑣𐑧𐑯𐑐𐑸𐑑𐑦	matches
Mount Everest	NP0	RSSB	ˌmaʊnt evərɪst	maʊnt ˈevərest	𐑥𐑬𐑯𐑑 𐑧𐑝𐑼𐑦𐑕𐑑	𐑥𐑬𐑯𐑑𐑧𐑝𐑼𐑧𐑕𐑑	divergent
Mount Everest	NP0	GenAm	ˌmaʊnt ˈevərəst	maʊnt ˈevərest	𐑥𐑬𐑯𐑑 𐑧𐑝𐑼𐑩𐑕𐑑	𐑥𐑬𐑯𐑑𐑧𐑝𐑼𐑧𐑕𐑑	divergent
Mount Everest	NN1	RSSB	ˌmaʊnt evərɪst	maʊnt ˈevərest	𐑥𐑬𐑯𐑑 𐑧𐑝𐑼𐑦𐑕𐑑	𐑥𐑬𐑯𐑑𐑧𐑝𐑼𐑧𐑕𐑑	divergent
Mount Everest	NN1	GenAm	ˌmaʊnt ˈevərəst	maʊnt ˈevərest	𐑥𐑬𐑯𐑑 𐑧𐑝𐑼𐑩𐑕𐑑	𐑥𐑬𐑯𐑑𐑧𐑝𐑼𐑧𐑕𐑑	divergent
status quo	NN1	RSSB	ˌsteɪtəs ˈkwəʊ		𐑕𐑑𐑱𐑑𐑩𐑕 𐑒𐑢𐑴		unknown
status quo	NN1	GenAm	ˌsteɪtəs ˈkwoʊ	ˈsteɪtəs kwoʊ	𐑕𐑑𐑱𐑑𐑩𐑕 𐑒𐑢𐑴	𐑕𐑑𐑱𐑑𐑩𐑕𐑒𐑢𐑴	matches
status quo	NN1	GenAm	ˌstætəs ˈkwoʊ	ˈsteɪtəs kwoʊ	𐑕𐑑𐑨𐑑𐑩𐑕 𐑒𐑢𐑴	𐑕𐑑𐑱𐑑𐑩𐑕𐑒𐑢𐑴	divergent
per se	AV0	RSSB	pəRseɪ		𐑐𐑼𐑕𐑱		unknown
per se	AV0	GenAm	pəRˈseɪ		𐑐𐑼𐑕𐑱		unknown
per se	AV0	GenAm	pəRˈsiː		𐑐𐑼𐑕𐑰		unknown
per se	AJ0	RSSB	pəRseɪ		𐑐𐑼𐑕𐑱		unknown
per se	AJ0	GenAm	pəRˈseɪ		𐑐𐑼𐑕𐑱		unknown
per se	AJ0	GenAm	pəRˈsiː		𐑐𐑼𐑕𐑰		unknown
habeas corpus	NN1	RSSB	ˌheɪbiəs kɔːRpəs		𐑣𐑱𐑚𐑾𐑕 𐑒𐑹𐑐𐑩𐑕		unknown
habeas corpus	NN1	GenAm	ˌheɪbiəs ˈkɔːrpəs		𐑣𐑱𐑚𐑾𐑕 𐑒𐑹𐑐𐑩𐑕		unknown
habeas corpus	NN1	GenAm	ˌheɪbiæs ˈkɔːRpəs		𐑣𐑱𐑚𐑦𐑨𐑕 𐑒𐑹𐑐𐑩𐑕		unknown
habeas corpus	VVI	RSSB	ˌheɪbiəs kɔːRpəs		𐑣𐑱𐑚𐑾𐑕 𐑒𐑹𐑐𐑩𐑕		unknown
habeas corpus	VVI	GenAm	ˌheɪbiəs ˈkɔːrpəs		𐑣𐑱𐑚𐑾𐑕 𐑒𐑹𐑐𐑩𐑕		unknown
habeas corpus	VVI	GenAm	ˌheɪbiæs ˈkɔːRpəs		𐑣𐑱𐑚𐑦𐑨𐑕 𐑒𐑹𐑐𐑩𐑕		unknown
North Carolina	NP0	GenAm	ˌnɔːRθ kerəˈlaɪnə	nɔːRθ ˌkærəˈlaɪnə	𐑯𐑹𐑔 𐑒𐑧𐑮𐑩𐑤𐑲𐑯𐑩	𐑯𐑹𐑔𐑒𐑨𐑮𐑩𐑤𐑲𐑯𐑩	divergent
North Carolina	NP0	RSSB	nɔːRθ kærəlaɪnə	nɔːRθ ˌkærəˈlaɪnə	𐑯𐑹𐑔 𐑒𐑨𐑮𐑩𐑤𐑲𐑯𐑩	𐑯𐑹𐑔𐑒𐑨𐑮𐑩𐑤𐑲𐑯𐑩	matches
ugly duckling	NN1	RSSB	ˈʌɡliː ˌdʌklɪŋ	ˈʌɡli ˈdʌklɪŋ	𐑳𐑜𐑤𐑰 𐑛𐑳𐑒𐑤𐑦𐑙	𐑳𐑜𐑤𐑦𐑛𐑳𐑒𐑤𐑦𐑙	divergent
ugly duckling	NN1	GenAm	ˈʌɡli ˌdʌklɪŋ	ˈʌɡli ˈdʌklɪŋ	𐑳𐑜𐑤𐑦 𐑛𐑳𐑒𐑤𐑦𐑙	𐑳𐑜𐑤𐑦𐑛𐑳𐑒𐑤𐑦𐑙	matches
chest of drawers	NN1	GenAm	tʃest əv drɔːRz	tʃest V drɔːRz	𐑗𐑧𐑕𐑑 𐑩𐑝 𐑛𐑮𐑹𐑟	𐑗𐑧𐑕𐑑𐑝𐑛𐑮𐑹𐑟	divergent
chest of drawers	NN1	RSSB	tʃest ov drɔːRz	tʃest V drɔːRz	𐑗𐑧𐑕𐑑 𐑪𐑝 𐑛𐑮𐑹𐑟	𐑗𐑧𐑕𐑑𐑝𐑛𐑮𐑹𐑟	divergent
chest of drawers	NN1	RSSB	tʃestə dʒrɔːz	tʃest V drɔːRz	𐑗𐑧𐑕𐑑𐑩 𐑡𐑮𐑷𐑟	𐑗𐑧𐑕𐑑𐑝𐑛𐑮𐑹𐑟	divergent
gas station	NN1	GenAm	ˈɡæs steɪːʃən	ɡæs ˈsteɪʃən	𐑜𐑨𐑕 𐑕𐑑𐑱𐑖𐑩𐑯	𐑜𐑨𐑕𐑕𐑑𐑱𐑖𐑩𐑯	matches
fine-tooth comb	NN1	RSSB	ˌfaɪntuːθ ˈkəʊm	ˈfaɪn-tuːθ kəʊm	𐑓𐑲𐑯𐑑𐑵𐑔 𐑒𐑴𐑥	𐑓𐑲𐑯-𐑑𐑵𐑔𐑒𐑴𐑥	matches
fine-tooth comb	NN1	GenAm	ˌfaɪnˌtuθ ˈkoʊm	ˈfaɪn-tuːθ kəʊm	𐑓𐑲𐑯𐑑𐑫𐑔 𐑒𐑴𐑥	𐑓𐑲𐑯-𐑑𐑵𐑔𐑒𐑴𐑥	divergent
fine-tooth comb	VVI	RSSB	ˌfaɪntuːθ ˈkəʊm	ˈfaɪn-tuːθ kəʊm	𐑓𐑲𐑯𐑑𐑵𐑔 𐑒𐑴𐑥	𐑓𐑲𐑯-𐑑𐑵𐑔𐑒𐑴𐑥	matches
fine-tooth comb	VVI	GenAm	ˌfaɪnˌtuθ ˈkoʊm	ˈfaɪn-tuːθ kəʊm	𐑓𐑲𐑯𐑑𐑫𐑔 𐑒𐑴𐑥	𐑓𐑲𐑯-𐑑𐑵𐑔𐑒𐑴𐑥	divergent
ad nauseam	AV0	RSSB	ˌæd ˈnɔːziəm		𐑨𐑛 𐑯𐑷𐑟𐑾𐑥		unknown
ad nauseam	AV0	GenAm	ˌæd ˈnɒziəm		𐑨𐑛 𐑯𐑪𐑟𐑾𐑥		unknown
ad nauseam	AJ0	RSSB	ˌæd ˈnɔːziəm		𐑨𐑛 𐑯𐑷𐑟𐑾𐑥		unknown
ad nauseam	AJ0	GenAm	ˌæd ˈnɒziəm		𐑨𐑛 𐑯𐑪𐑟𐑾𐑥		unknown
Brer Rabbit	NP0	GenAm	brʌˈræbɪt		𐑚𐑮𐑳𐑮𐑨𐑚𐑦𐑑		unknown
cum laude	AV0	GenAm	ˌkumˈlaʊdə		𐑒𐑫𐑥𐑤𐑬𐑛𐑩		unknown
cum laude	AV0	GenAm	ˌkumˈlɒdə		𐑒𐑫𐑥𐑤𐑪𐑛𐑩		unknown
cum laude	AV0	GenAm	ˌkʌmˈlaʊdə		𐑒𐑳𐑥𐑤𐑬𐑛𐑩		unknown
cum laude	AV0	GenAm	ˌkʌmˈlɒdə		𐑒𐑳𐑥𐑤𐑪𐑛𐑩		unknown
grace note	NN1	RSSB	ˈɡreɪs nəʊt	ɡreɪs nəʊt	𐑜𐑮𐑱𐑕 𐑯𐑴𐑑	𐑜𐑮𐑱𐑕𐑯𐑴𐑑	matches
grace note	NN1	GenAm	ˈɡreɪs ˌnoʊt	ɡreɪs nəʊt	𐑜𐑮𐑱𐑕 𐑯𐑴𐑑	𐑜𐑮𐑱𐑕𐑯𐑴𐑑	matches
lima bean	NN1	RSSB	ˈlaɪmə ˌbiːn	ˈliːmə biːn	𐑤𐑲𐑥𐑩 𐑚𐑰𐑯	𐑤𐑰𐑥𐑩𐑚𐑰𐑯	divergent
lima bean	NN1	GenAm	ˈlaɪmə ˌbin	ˈliːmə biːn	𐑤𐑲𐑥𐑩 𐑚𐑦𐑯	𐑤𐑰𐑥𐑩𐑚𐑰𐑯	divergent
mater lectionis	NN1	RSSB	meɪtəR lektiˈəʊnɪs		𐑥𐑱𐑑𐑼 𐑤𐑧𐑒𐑑𐑾𐑫𐑯𐑦𐑕		unknown
mater lectionis	NN1	GenAm	ˈmeɪtəR lektiˈoʊnɪs		𐑥𐑱𐑑𐑼 𐑤𐑧𐑒𐑑𐑦𐑴𐑯𐑦𐑕		unknown
Grim Reaper	NP0	RSSB	ˈɡrɪm riːpəR	ɡrɪm ˈriːpəR	𐑜𐑮𐑦𐑥 𐑮𐑰𐑐𐑼	𐑜𐑮𐑦𐑥𐑮𐑰𐑐𐑼	matches
Grim Reaper	NP0	GenAm	ˈɡrɪm ˈripəR	ɡrɪm ˈriːpəR	𐑜𐑮𐑦𐑥 𐑮𐑦𐑐𐑼	𐑜𐑮𐑦𐑥𐑮𐑰𐑐𐑼	divergent
Cold War	NP0	RSSB	ˌkəʊld wɔːR	kəʊld wɔːR	𐑒𐑴𐑤𐑛 𐑢𐑹	𐑒𐑴𐑤𐑛𐑢𐑹	matches
Cold War	NP0	GenAm	ˌkoʊld ˈwɔːR	kəʊld wɔːR	𐑒𐑴𐑤𐑛 𐑢𐑹	𐑒𐑴𐑤𐑛𐑢𐑹	matches
bon mot	NN1	RSSB	bɒn məʊ		𐑚𐑪𐑯 𐑥𐑴		unknown
bon mot	NN1	GenAm	bɒn moʊ		𐑚𐑪𐑯 𐑥𐑴		unknown
bon mot	NN1	RSSB	bɒ məʊ		𐑚𐑪 𐑥𐑴		unknown
baker's dozen	NN1	RSSB	beɪkəRz ˈdʌzən		𐑚𐑱𐑒𐑼𐑟 𐑛𐑳𐑟𐑩𐑯		unknown
baker's dozen	NN1	GenAm	ˌbeɪkərz ˈdʌzən		𐑚𐑱𐑒𐑼𐑟 𐑛𐑳𐑟𐑩𐑯		unknown
baker's dozen	NN1	GenAm	ˌbeɪkəRz ˈdʌzən		𐑚𐑱𐑒𐑼𐑟 𐑛𐑳𐑟𐑩𐑯		unknown
hundreds and thousands	NN1	RSSB	hʌndrəds ən ˈθaʊzəndz	ˈhʌndrədz N ˈθaʊzəndz	𐑣𐑳𐑯𐑛𐑮𐑩𐑛𐑕 𐑩𐑯 𐑔𐑬𐑟𐑩𐑯𐑛𐑟	𐑣𐑳𐑯𐑛𐑮𐑩𐑛𐑟𐑯𐑔𐑬𐑟𐑩𐑯𐑛𐑟	divergent
hundreds and thousands	NN1	GenAm	ˌhʌndrəds ən ˈθaʊzəndz	ˈhʌndrədz N ˈθaʊzəndz	𐑣𐑳𐑯𐑛𐑮𐑩𐑛𐑕 𐑩𐑯 𐑔𐑬𐑟𐑩𐑯𐑛𐑟	𐑣𐑳𐑯𐑛𐑮𐑩𐑛𐑟𐑯𐑔𐑬𐑟𐑩𐑯𐑛𐑟	divergent
col legno	AV0	RSSB	ˌkɒl ˈlenjəʊ		𐑒𐑪𐑤 𐑤𐑧𐑯𐑘𐑴		unknown
col legno	AV0	GenAm	ˌkoʊl ˈleɪnjoʊ		𐑒𐑴𐑤 𐑤𐑱𐑯𐑘𐑴		unknown
out of the box	UNC	RSSB	aʊt əv ðə bɒks	aʊt V Ð bɒks	𐑬𐑑 𐑩𐑝 𐑞𐑩 𐑚𐑪𐑒𐑕	𐑬𐑑𐑝𐑞𐑚𐑪𐑒𐑕	divergent
out of the box	UNC	GenAm	aʊt əv ðə bɑːks	aʊt V Ð bɒks	𐑬𐑑 𐑩𐑝 𐑞𐑩 𐑚𐑭𐑒𐑕	𐑬𐑑𐑝𐑞𐑚𐑪𐑒𐑕	divergent
close helmet	NN1	RSSB	ˈkləʊs ˈhelmət	kləʊs ˈhelmət	𐑒𐑤𐑴𐑕 𐑣𐑧𐑤𐑥𐑩𐑑	𐑒𐑤𐑴𐑕𐑣𐑧𐑤𐑥𐑩𐑑	matches
close helmet	NN1	GenAm	ˈkloʊs ˈhelmət	kləʊs ˈhelmət	𐑒𐑤𐑴𐑕 𐑣𐑧𐑤𐑥𐑩𐑑	𐑒𐑤𐑴𐑕𐑣𐑧𐑤𐑥𐑩𐑑	matches
I don't think so	UNC	RSSB	aɪ dəʊnt θɪŋk səʊ	aɪ dəʊnt θɪŋk səʊ	𐑲 𐑛𐑴𐑯𐑑 𐑔𐑦𐑙𐑒 𐑕𐑴	𐑲𐑛𐑴𐑯𐑑𐑔𐑦𐑙𐑒𐑕𐑴	matches
I don't think so	UNC	GenAm	aː doʊnt θɪŋk soʊ	aɪ dəʊnt θɪŋk səʊ	𐑨 𐑛𐑴𐑯𐑑 𐑔𐑦𐑙𐑒 𐑕𐑴	𐑲𐑛𐑴𐑯𐑑𐑔𐑦𐑙𐑒𐑕𐑴	divergent
polo shirt	NN1	RSSB	ˈpəʊləʊ ʃɜːRt	ˈpəʊləʊ ʃɜːRt	𐑐𐑴𐑤𐑴 𐑖𐑻𐑑	𐑐𐑴𐑤𐑴𐑖𐑻𐑑	matches
polo shirt	NN1	GenAm	ˈpoʊloʊ ˌʃɜːRt	ˈpəʊləʊ ʃɜːRt	𐑐𐑴𐑤𐑴 𐑖𐑻𐑑	𐑐𐑴𐑤𐑴𐑖𐑻𐑑	matches
hapax legomenon	NN1	RSSB	ˌhæpæks ləˈɡɒməˌnɒn		𐑣𐑨𐑐𐑨𐑒𐑕 𐑤𐑩𐑜𐑪𐑥𐑩𐑯𐑪𐑯		unknown
hapax legomenon	NN1	GenAm	ˌhæpæks ləˈɡɒməˌnɒn		𐑣𐑨𐑐𐑨𐑒𐑕 𐑤𐑩𐑜𐑪𐑥𐑩𐑯𐑪𐑯		unknown
sui generis	AJ0	RSSB	sui ˈɡenerɪs		𐑕𐑫𐑦 𐑜𐑧𐑯𐑧𐑮𐑦𐑕		unknown
sui generis	AJ0	RSSB	sʊɪ dʒənerɪs		𐑕𐑫𐑦 𐑡𐑩𐑯𐑧𐑮𐑦𐑕		unknown
sui generis	AV0	RSSB	sui ˈɡenerɪs		𐑕𐑫𐑦 𐑜𐑧𐑯𐑧𐑮𐑦𐑕		unknown
sui generis	AV0	RSSB	sʊɪ dʒənerɪs		𐑕𐑫𐑦 𐑡𐑩𐑯𐑧𐑮𐑦𐑕		unknown
sui generis	NN1	RSSB	sui ˈɡenerɪs		𐑕𐑫𐑦 𐑜𐑧𐑯𐑧𐑮𐑦𐑕		unknown
sui generis	NN1	RSSB	sʊɪ dʒənerɪs		𐑕𐑫𐑦 𐑡𐑩𐑯𐑧𐑮𐑦𐑕		unknown
en route	UNC	RSSB	ɒn ˈruːt		𐑪𐑯 𐑮𐑵𐑑		unknown
en route	UNC	GenAm	ɒn ˈrut		𐑪𐑯 𐑮𐑫𐑑		unknown
dung beetle	NN1	RSSB	ˈdʌŋ biːtəl	dʌŋ ˈbiːtəl	𐑛𐑳𐑙 𐑚𐑰𐑑𐑩𐑤	𐑛𐑳𐑙𐑚𐑰𐑑𐑩𐑤	matches
Indian summer	NN1	RSSB	ˈɪndɪən sʌmər	ˈɪndɪən ˈsʌməR	𐑦𐑯𐑛𐑾𐑯 𐑕𐑳𐑥𐑼	𐑦𐑯𐑛𐑾𐑯𐑕𐑳𐑥𐑼	matches
Indian summer	NN1	GenAm	ˈɪndiən ˈsʌməR	ˈɪndɪən ˈsʌməR	𐑦𐑯𐑛𐑾𐑯 𐑕𐑳𐑥𐑼	𐑦𐑯𐑛𐑾𐑯𐑕𐑳𐑥𐑼	matches
faux pas	NN1	RSSB	ˌfəʊ ˈpɑː		𐑓𐑴 𐑐𐑭		unknown
faux pas	NN1	RSSB	ˌfəʊ ˈpɑːz		𐑓𐑴 𐑐𐑭𐑟		unknown
faux pas	NN1	GenAm	ˌfoʊ ˈpɒ		𐑓𐑴 𐑐𐑪		unknown
faux pas	NN1	GenAm	ˌfoʊ ˈpɒz		𐑓𐑴 𐑐𐑪𐑟		unknown
bon appétit	UNC	RSSB	ˌbɒn apəˈtiː		𐑚𐑪𐑯 𐑨𐑐𐑩𐑑𐑰		unknown
bon appétit	UNC	GenAm	ˌboʊn æpəˈtit		𐑚𐑴𐑯 𐑨𐑐𐑩𐑑𐑦𐑑		unknown
constructed language	NN1	RSSB	kənstrʌktəd ˈlaŋɡwɪdʒ	kənˈstrʌktƏd ˈlæŋɡwɪdʒ	𐑒𐑩𐑯𐑕𐑑𐑮𐑳𐑒𐑑𐑩𐑛 𐑤𐑨𐑙𐑜𐑢𐑦𐑡	𐑒𐑩𐑯𐑕𐑑𐑮𐑳𐑒𐑑𐑩𐑛𐑤𐑨𐑙𐑜𐑢𐑦𐑡	matches
Mediterranean Sea	NP0	RSSB	medɪtəreɪnɪən ˈsiː	ˌmedɪtəˈreɪnɪən siː	𐑥𐑧𐑛𐑦𐑑𐑼𐑱𐑯𐑾𐑯 𐑕𐑰	𐑥𐑧𐑛𐑦𐑑𐑼𐑱𐑯𐑾𐑯𐑕𐑰	matches
Mediterranean Sea	NP0	GenAm	ˌmedətəˈreɪniən ˈsi	ˌmedɪtəˈreɪnɪən siː	𐑥𐑧𐑛𐑩𐑑𐑼𐑱𐑯𐑾𐑯 𐑕𐑦	𐑥𐑧𐑛𐑦𐑑𐑼𐑱𐑯𐑾𐑯𐑕𐑰	divergent
Mediterranean Sea	NP0	GenAm	ˌmedətəˈreɪnjən ˈsi	ˌmedɪtəˈreɪnɪən siː	𐑥𐑧𐑛𐑩𐑑𐑼𐑱𐑯𐑘𐑩𐑯 𐑕𐑦	𐑥𐑧𐑛𐑦𐑑𐑼𐑱𐑯𐑾𐑯𐑕𐑰	divergent
good news	NN1	GenAm	ɡʊd nuːz	ɡʊd nuːz	𐑜𐑫𐑛 𐑯𐑵𐑟	𐑜𐑫𐑛𐑯𐑵𐑟	matches
good news	NN1	GenAm	ɡʊ nɪuz	ɡʊd nuːz	𐑜𐑫 𐑯𐑦𐑫𐑟	𐑜𐑫𐑛𐑯𐑵𐑟	divergent
good news	NN1	GenAm	ɡʊd nɪuz	ɡʊd nuːz	𐑜𐑫𐑛 𐑯𐑦𐑫𐑟	𐑜𐑫𐑛𐑯𐑵𐑟	divergent
one-armed bandit	NN1	RSSB	wʌnɑːRmd ˈbændɪt	ˈwʌn-ɑːRmd ˈbændɪt	𐑢𐑳𐑯𐑸𐑥𐑛 𐑚𐑨𐑯𐑛𐑦𐑑	𐑢𐑳𐑯-𐑸𐑥𐑛𐑚𐑨𐑯𐑛𐑦𐑑	matches
one-armed bandit	NN1	GenAm	ˌwʌnɑːRmd ˈbændɪt	ˈwʌn-ɑːRmd ˈbændɪt	𐑢𐑳𐑯𐑸𐑥𐑛 𐑚𐑨𐑯𐑛𐑦𐑑	𐑢𐑳𐑯-𐑸𐑥𐑛𐑚𐑨𐑯𐑛𐑦𐑑	matches
gee haw whimmy diddle	NN1	GenAm	ˈdʒi hɒ ˈwɪmi dɪdəl		𐑡𐑦 𐑣𐑪 𐑢𐑦𐑥𐑦 𐑛𐑦𐑛𐑩𐑤		unknown
gay icon	NN1	RSSB	ɡeɪ ˈaɪkɒn	ɡeɪ ˈaɪkɒn	𐑜𐑱 𐑲𐑒𐑪𐑯	𐑜𐑱𐑲𐑒𐑪𐑯	matches
gay icon	NN1	GenAm	ɡeɪ ˈaɪkɒn	ɡeɪ ˈaɪkɒn	𐑜𐑱 𐑲𐑒𐑪𐑯	𐑜𐑱𐑲𐑒𐑪𐑯	matches
mob cap	NN1	RSSB	ˈmɒb kap	mɒb kæp	𐑥𐑪𐑚 𐑒𐑨𐑐	𐑥𐑪𐑚𐑒𐑨𐑐	matches
think tank	NN1	RSSB	ˈθɪŋk ˌtaŋk	θɪŋk tæŋk	𐑔𐑦𐑙𐑒 𐑑𐑨𐑙𐑒	𐑔𐑦𐑙𐑒𐑑𐑨𐑙𐑒	matches
Santa Claus	NP0	RSSB	ˈsæntəˌklɔːz		𐑕𐑨𐑯𐑑𐑩𐑒𐑤𐑷𐑟		unknown
Santa Claus	NP0	GenAm	ˈsæntəˌklɒz		𐑕𐑨𐑯𐑑𐑩𐑒𐑤𐑪𐑟		unknown
Star Wars	NP0	RSSB	stɑːrwɔːrz	stɑːR wɔːRz	𐑕𐑑𐑸𐑢𐑹𐑟	𐑕𐑑𐑸𐑢𐑹𐑟	matches
Star Wars	NP0	GenAm	ˈstɑːR ˈwɔːRz	stɑːR wɔːRz	𐑕𐑑𐑸 𐑢𐑹𐑟	𐑕𐑑𐑸𐑢𐑹𐑟	matches
Star Wars	NP0	GenAm	ˈstɒ ˈwɔːRz	stɑːR wɔːRz	𐑕𐑑𐑪 𐑢𐑹𐑟	𐑕𐑑𐑸𐑢𐑹𐑟	divergent
alley oop	ITJ	RSSB	alɪˈuːp		𐑨𐑤𐑦𐑵𐑐		unknown
alley oop	ITJ	RSSB	alɪˈʊp		𐑨𐑤𐑦𐑫𐑐		unknown
alley oop	ITJ	GenAm	ˌæliˈup		𐑨𐑤𐑦𐑫𐑐		unknown
alley oop	ITJ	GenAm	ˌæliˈʊp		𐑨𐑤𐑦𐑫𐑐		unknown
alley oop	AV0	RSSB	alɪˈuːp		𐑨𐑤𐑦𐑵𐑐		unknown
alley oop	AV0	RSSB	alɪˈʊp		𐑨𐑤𐑦𐑫𐑐		unknown
alley oop	AV0	GenAm	ˌæliˈup		𐑨𐑤𐑦𐑫𐑐		unknown
alley oop	AV0	GenAm	ˌæliˈʊp		𐑨𐑤𐑦𐑫𐑐		unknown
alley oop	NN1	RSSB	alɪˈuːp		𐑨𐑤𐑦𐑵𐑐		unknown
alley oop	NN1	RSSB	alɪˈʊp		𐑨𐑤𐑦𐑫𐑐		unknown
alley oop	NN1	GenAm	ˌæliˈup		𐑨𐑤𐑦𐑫𐑐		unknown
alley oop	NN1	GenAm	ˌæliˈʊp		𐑨𐑤𐑦𐑫𐑐		unknown
alley oop	AJ0	RSSB	alɪˈuːp		𐑨𐑤𐑦𐑵𐑐		unknown
alley oop	AJ0	RSSB	alɪˈʊp		𐑨𐑤𐑦𐑫𐑐		unknown
alley oop	AJ0	GenAm	ˌæliˈup		𐑨𐑤𐑦𐑫𐑐		unknown
alley oop	AJ0	GenAm	ˌæliˈʊp		𐑨𐑤𐑦𐑫𐑐		unknown
alley oop	VVI	RSSB	alɪˈuːp		𐑨𐑤𐑦𐑵𐑐		unknown
alley oop	VVI	RSSB	alɪˈʊp		𐑨𐑤𐑦𐑫𐑐		unknown
alley oop	VVI	GenAm	ˌæliˈup		𐑨𐑤𐑦𐑫𐑐		unknown
alley oop	VVI	GenAm	ˌæliˈʊp		𐑨𐑤𐑦𐑫𐑐		unknown
good morning	ITJ	RSSB	ˌɡʊd mɔːRnɪŋ	ɡʊd ˈmɔːRnɪŋ	𐑜𐑫𐑛 𐑥𐑹𐑯𐑦𐑙	𐑜𐑫𐑛𐑥𐑹𐑯𐑦𐑙	matches
good morning	ITJ	GenAm	ˌɡʊd ˈmɔːRnɪŋ	ɡʊd ˈmɔːRnɪŋ	𐑜𐑫𐑛 𐑥𐑹𐑯𐑦𐑙	𐑜𐑫𐑛𐑥𐑹𐑯𐑦𐑙	matches
good morning	NN1	RSSB	ˌɡʊd mɔːRnɪŋ	ɡʊd ˈmɔːRnɪŋ	𐑜𐑫𐑛 𐑥𐑹𐑯𐑦𐑙	𐑜𐑫𐑛𐑥𐑹𐑯𐑦𐑙	matches
good morning	NN1	GenAm	ˌɡʊd ˈmɔːRnɪŋ	ɡʊd ˈmɔːRnɪŋ	𐑜𐑫𐑛 𐑥𐑹𐑯𐑦𐑙	𐑜𐑫𐑛𐑥𐑹𐑯𐑦𐑙	matches
good morning	VVI	RSSB	ˌɡʊd mɔːRnɪŋ	ɡʊd ˈmɔːRnɪŋ	𐑜𐑫𐑛 𐑥𐑹𐑯𐑦𐑙	𐑜𐑫𐑛𐑥𐑹𐑯𐑦𐑙	matches
good morning	VVI	GenAm	ˌɡʊd ˈmɔːRnɪŋ	ɡʊd ˈmɔːRnɪŋ	𐑜𐑫𐑛 𐑥𐑹𐑯𐑦𐑙	𐑜𐑫𐑛𐑥𐑹𐑯𐑦𐑙	matches
New Jersey	NP0	GenAm	nuˈdʒɜːRzi	nuː ˈdʒɜːRzi	𐑯𐑫𐑡𐑻𐑟𐑦	𐑯𐑵𐑡𐑻𐑟𐑦	divergent
New Jersey	NP0	GenAm	njuˈdʒɜːRzi	nuː ˈdʒɜːRzi	𐑯𐑘𐑫𐑡𐑻𐑟𐑦	𐑯𐑵𐑡𐑻𐑟𐑦	divergent
New Jersey	NP0	RSSB	njuː dʒɜːRzi	njuː ˈdʒɜːRzi	𐑯𐑿 𐑡𐑻𐑟𐑦	𐑯𐑿𐑡𐑻𐑟𐑦	matches
aircraft carrier	NN1	GenAm	ˈɜːrkræft kerːiəR	ˈeəRkrⱭːft ˈkærɪəR	𐑻𐑒𐑮𐑨𐑓𐑑 𐑒𐑧𐑮𐑽	𐑺𐑒𐑮𐑭𐑓𐑑𐑒𐑨𐑮𐑽	divergent
ride shotgun	VVI	RSSB	ˌraɪd ˈʃɒtɡʌn	raɪd ˈʃɒtɡʌn	𐑮𐑲𐑛 𐑖𐑪𐑑𐑜𐑳𐑯	𐑮𐑲𐑛𐑖𐑪𐑑𐑜𐑳𐑯	matches
ride shotgun	VVI	GenAm	ˌraɪd ˈʃɒtɡʌn	raɪd ˈʃɒtɡʌn	𐑮𐑲𐑛 𐑖𐑪𐑑𐑜𐑳𐑯	𐑮𐑲𐑛𐑖𐑪𐑑𐑜𐑳𐑯	matches
Backus-Naur form	NN1	RSSB	bækəs naʊəR fɔːRm		𐑚𐑨𐑒𐑩𐑕 𐑯𐑬𐑼 𐑓𐑹𐑥		unknown
Backus-Naur form	NN1	GenAm	bækəs naʊəR fɔːRm		𐑚𐑨𐑒𐑩𐑕 𐑯𐑬𐑼 𐑓𐑹𐑥		unknown
Adam and Eve	NP0	GenAm	ædəm ænd iːv	ˈædəm N iːv	𐑨𐑛𐑩𐑥 𐑨𐑯𐑛 𐑰𐑝	𐑨𐑛𐑩𐑥𐑯𐑰𐑝	divergent
Adam and Eve	NP0	GenAm	ˌædəm ən ˈiːv	ˈædəm N iːv	𐑨𐑛𐑩𐑥 𐑩𐑯 𐑰𐑝	𐑨𐑛𐑩𐑥𐑯𐑰𐑝	divergent
Adam and Eve	NN1	GenAm	ædəm ænd iːv	ˈædəm N iːv	𐑨𐑛𐑩𐑥 𐑨𐑯𐑛 𐑰𐑝	𐑨𐑛𐑩𐑥𐑯𐑰𐑝	divergent
Adam and Eve	NN1	GenAm	ˌædəm ən ˈiːv	ˈædəm N iːv	𐑨𐑛𐑩𐑥 𐑩𐑯 𐑰𐑝	𐑨𐑛𐑩𐑥𐑯𐑰𐑝	divergent
Adam and Eve	VVI	GenAm	ædəm ænd iːv	ˈædəm N iːv	𐑨𐑛𐑩𐑥 𐑨𐑯𐑛 𐑰𐑝	𐑨𐑛𐑩𐑥𐑯𐑰𐑝	divergent
Adam and Eve	VVI	GenAm	ˌædəm ən ˈiːv	ˈædəm N iːv	𐑨𐑛𐑩𐑥 𐑩𐑯 𐑰𐑝	𐑨𐑛𐑩𐑥𐑯𐑰𐑝	divergent
Barclays Bank	NN1	RSSB	bɑːrkliːzbæŋk		𐑚𐑸𐑒𐑤𐑰𐑟𐑚𐑨𐑙𐑒		unknown
silver tongue	NN1	RSSB	sɪlvəRtʌŋ	ˈsɪlvəR tʌŋ	𐑕𐑦𐑤𐑝𐑼𐑑𐑳𐑙	𐑕𐑦𐑤𐑝𐑼𐑑𐑳𐑙	matches
silver tongue	NN1	GenAm	ˌsɪlvərˈtʌŋ	ˈsɪlvəR tʌŋ	𐑕𐑦𐑤𐑝𐑼𐑑𐑳𐑙	𐑕𐑦𐑤𐑝𐑼𐑑𐑳𐑙	matches
pyroclastic flow	NN1	RSSB	paɪrəʊˌklæstɪk ˈfləʊ		𐑐𐑲𐑮𐑴𐑒𐑤𐑨𐑕𐑑𐑦𐑒 𐑓𐑤𐑴		unknown
pyroclastic flow	NN1	GenAm	ˈpaɪroʊklæstɪk floʊ		𐑐𐑲𐑮𐑴𐑒𐑤𐑨𐑕𐑑𐑦𐑒 𐑓𐑤𐑴		unknown
pyroclastic flow	NN1	GenAm	ˈpaɪrəklæstɪk floʊ		𐑐𐑲𐑮𐑩𐑒𐑤𐑨𐑕𐑑𐑦𐑒 𐑓𐑤𐑴		unknown
pro bono	UNC	RSSB	prəʊ ˈbəʊnəʊ	prəʊ ˈbəʊnəʊ	𐑐𐑮𐑴 𐑚𐑴𐑯𐑴	𐑐𐑮𐑴𐑚𐑴𐑯𐑴	matches
pro bono	UNC	GenAm	proʊ ˈboʊnoʊ	prəʊ ˈbəʊnəʊ	𐑐𐑮𐑴 𐑚𐑴𐑯𐑴	𐑐𐑮𐑴𐑚𐑴𐑯𐑴	matches
oak tree	NN1	RSSB	ˈəʊk ˌtriː	əʊk triː	𐑴𐑒 𐑑𐑮𐑰	𐑴𐑒𐑑𐑮𐑰	matches
oak tree	NN1	GenAm	ˈoʊk ˌtri	əʊk triː	𐑴𐑒 𐑑𐑮𐑦	𐑴𐑒𐑑𐑮𐑰	divergent
Lake Chargoggagoggmanchauggagoggchaubunagungamaugg	NP0	GenAm	leɪk tʃɑːRɡɒɡˌəˌɡɒɡˌmæntʃɒˈɡæɡɒɡtʃɒbuˌnæɡuŋɡəmɒɡ		𐑤𐑱𐑒 𐑗𐑸𐑜𐑪𐑜𐑩𐑜𐑪𐑜𐑥𐑨𐑯𐑗𐑪𐑜𐑨𐑜𐑪𐑜𐑗𐑪𐑚𐑫𐑯𐑨𐑜𐑫𐑙𐑜𐑩𐑥𐑪𐑜		unknown
Lake Chargoggagoggmanchauggagoggchaubunagungamaugg	NP0	RSSB	leɪk tʃɑːRɡɒɡəɡɒɡmantʃaʊɡəɡɒɡtʃaʊbʊnəɡʊŋɡəmɔːɡ		𐑤𐑱𐑒 𐑗𐑸𐑜𐑪𐑜𐑩𐑜𐑪𐑜𐑥𐑨𐑯𐑗𐑬𐑜𐑩𐑜𐑪𐑜𐑗𐑬𐑚𐑫𐑯𐑩𐑜𐑫𐑙𐑜𐑩𐑥𐑷𐑜		unknown
that'll be the day	UNC	RSSB	ˌðætəl biː ðə ˈdeɪ	ˈðætəl biː Ð deɪ	𐑞𐑨𐑑𐑩𐑤 𐑚𐑰 𐑞𐑩 𐑛𐑱	𐑞𐑨𐑑𐑩𐑤𐑚𐑰𐑞𐑛𐑱	divergent
that'll be the day	UNC	GenAm	ˌðætəl bi ðə ˈdeɪ	ˈðætəl biː Ð deɪ	𐑞𐑨𐑑𐑩𐑤 𐑚𐑦 𐑞𐑩 𐑛𐑱	𐑞𐑨𐑑𐑩𐑤𐑚𐑰𐑞𐑛𐑱	divergent
Wonder Woman	NP0	RSSB	wʌndəR ˈwʊmən	ˈwʌndəR ˈwʊmən	𐑢𐑳𐑯𐑛𐑼 𐑢𐑫𐑥𐑩𐑯	𐑢𐑳𐑯𐑛𐑼𐑢𐑫𐑥𐑩𐑯	matches
Wonder Woman	NP0	GenAm	ˈwʌndəR ˈwʊmən	ˈwʌndəR ˈwʊmən	𐑢𐑳𐑯𐑛𐑼 𐑢𐑫𐑥𐑩𐑯	𐑢𐑳𐑯𐑛𐑼𐑢𐑫𐑥𐑩𐑯	matches
Wonder Woman	NN1	RSSB	wʌndəR ˈwʊmən	ˈwʌndəR ˈwʊmən	𐑢𐑳𐑯𐑛𐑼 𐑢𐑫𐑥𐑩𐑯	𐑢𐑳𐑯𐑛𐑼𐑢𐑫𐑥𐑩𐑯	matches
Wonder Woman	NN1	GenAm	ˈwʌndəR ˈwʊmən	ˈwʌndəR ˈwʊmən	𐑢𐑳𐑯𐑛𐑼 𐑢𐑫𐑥𐑩𐑯	𐑢𐑳𐑯𐑛𐑼𐑢𐑫𐑥𐑩𐑯	matches
Mexico City	NP0	RSSB	ˈmeksɪkəʊ sɪti	ˈmeksɪkəʊ ˈsɪti	𐑥𐑧𐑒𐑕𐑦𐑒𐑴 𐑕𐑦𐑑𐑦	𐑥𐑧𐑒𐑕𐑦𐑒𐑴𐑕𐑦𐑑𐑦	matches
Mexico City	NP0	GenAm	ˈmeksɪkoʊ sɪti	ˈmeksɪkəʊ ˈsɪti	𐑥𐑧𐑒𐑕𐑦𐑒𐑴 𐑕𐑦𐑑𐑦	𐑥𐑧𐑒𐑕𐑦𐑒𐑴𐑕𐑦𐑑𐑦	matches
all of a sudden	AV0	GenAm	ˌɒl əv ə ˈsʌdən	ɔːl V ə ˈsʌdən	𐑪𐑤 𐑩𐑝 𐑩 𐑕𐑳𐑛𐑩𐑯	𐑷𐑤𐑝𐑩𐑕𐑳𐑛𐑩𐑯	divergent
Little Red Riding Hood	NP0	RSSB	ˈlɪtəl red raɪdɪŋ hʊd	ˈlɪtəl red ˈraɪdɪŋ hʊd	𐑤𐑦𐑑𐑩𐑤 𐑮𐑧𐑛 𐑮𐑲𐑛𐑦𐑙 𐑣𐑫𐑛	𐑤𐑦𐑑𐑩𐑤𐑮𐑧𐑛𐑮𐑲𐑛𐑦𐑙𐑣𐑫𐑛	matches
Snow White	NP0	RSSB	snəʊ waɪt	snəʊ ʍaɪt	𐑕𐑯𐑴 𐑢𐑲𐑑	𐑕𐑯𐑴𐑢𐑲𐑑	matches
Snow White	NP0	GenAm	snoʊhwaɪt	snəʊ ʍaɪt	𐑕𐑯𐑴𐑣𐑢𐑲𐑑	𐑕𐑯𐑴𐑢𐑲𐑑	divergent
a priori	AJ0	RSSB	ˌɑː priɔːri		𐑭 𐑐𐑮𐑦𐑹𐑦		unknown
a priori	AJ0	RSSB	ˌeɪ praɪɔːraɪ		𐑱 𐑐𐑮𐑲𐑹𐑲		unknown
a priori	AJ0	GenAm	ˌɒ priˈori		𐑪 𐑐𐑮𐑦𐑪𐑮𐑦		unknown
a priori	AJ0	GenAm	ˌæ priˈori		𐑨 𐑐𐑮𐑦𐑪𐑮𐑦		unknown
a priori	AJ0	GenAm	ˌeɪ priˈori		𐑱 𐑐𐑮𐑦𐑪𐑮𐑦		unknown
a priori	AJ0	GenAm	ˌeɪ praɪˈoraɪ		𐑱 𐑐𐑮𐑲𐑪𐑮𐑲		unknown
a priori	AV0	RSSB	ˌɑː priɔːri		𐑭 𐑐𐑮𐑦𐑹𐑦		unknown
a priori	AV0	RSSB	ˌeɪ praɪɔːraɪ		𐑱 𐑐𐑮𐑲𐑹𐑲		unknown
a priori	AV0	GenAm	ˌɒ priˈori		𐑪 𐑐𐑮𐑦𐑪𐑮𐑦		unknown
a priori	AV0	GenAm	ˌæ priˈori		𐑨 𐑐𐑮𐑦𐑪𐑮𐑦		unknown
a priori	AV0	GenAm	ˌeɪ priˈori		𐑱 𐑐𐑮𐑦𐑪𐑮𐑦		unknown
a priori	AV0	GenAm	ˌeɪ praɪˈoraɪ		𐑱 𐑐𐑮𐑲𐑪𐑮𐑲		unknown
terra firma	NN1	RSSB	terə fɜːRmə		𐑑𐑧𐑮𐑩 𐑓𐑻𐑥𐑩		unknown
terra firma	NN1	GenAm	ˌterə ˈfɜːRmə		𐑑𐑧𐑮𐑩 𐑓𐑻𐑥𐑩		unknown
de novo	AJ0	RSSB	deɪˈnəʊvəʊ		𐑛𐑱𐑯𐑴𐑝𐑴		unknown
de novo	AJ0	GenAm	deɪˈnoʊvoʊ		𐑛𐑱𐑯𐑴𐑝𐑴		unknown
de novo	AJ0	RSSB	dəˈnəʊvəʊ		𐑛𐑩𐑯𐑴𐑝𐑴		unknown
de novo	AJ0	GenAm	dəˈnoʊvoʊ		𐑛𐑩𐑯𐑴𐑝𐑴		unknown
de novo	AV0	RSSB	deɪˈnəʊvəʊ		𐑛𐑱𐑯𐑴𐑝𐑴		unknown
de novo	AV0	GenAm	deɪˈnoʊvoʊ		𐑛𐑱𐑯𐑴𐑝𐑴		unknown
de novo	AV0	RSSB	dəˈnəʊvəʊ		𐑛𐑩𐑯𐑴𐑝𐑴		unknown
de novo	AV0	GenAm	dəˈnoʊvoʊ		𐑛𐑩𐑯𐑴𐑝𐑴		unknown
heat wave	NN1	GenAm	ˈhit weɪv	hiːt weɪv	𐑣𐑦𐑑 𐑢𐑱𐑝	𐑣𐑰𐑑𐑢𐑱𐑝	divergent
you guys	PNP	GenAm	ˈju ˌɡaɪz	juː ɡaɪz	𐑘𐑫 𐑜𐑲𐑟	𐑿𐑜𐑲𐑟	divergent
you guys	PNP	GenAm	ˌju ˈɡaɪz	juː ɡaɪz	𐑘𐑫 𐑜𐑲𐑟	𐑿𐑜𐑲𐑟	divergent
kangaroo court	NN1	RSSB	kæŋɡəruː kɔːRt	ˌkæŋɡəˈruː kɔːRt	𐑒𐑨𐑙𐑜𐑼𐑵 𐑒𐑹𐑑	𐑒𐑨𐑙𐑜𐑼𐑵𐑒𐑹𐑑	matches
kangaroo court	NN1	GenAm	ˌkæŋɡəˌru ˈkɔːRt	ˌkæŋɡəˈruː kɔːRt	𐑒𐑨𐑙𐑜𐑼𐑫 𐑒𐑹𐑑	𐑒𐑨𐑙𐑜𐑼𐑵𐑒𐑹𐑑	divergent
Isles of Scilly	NP0	RSSB	ˈaɪlz əv ˈsɪli		𐑲𐑤𐑟 𐑩𐑝 𐑕𐑦𐑤𐑦		unknown
horizontal dancing	NN1	RSSB	hɒrɪzɒntəl ˈdɑːnsɪŋ	ˌhɒrɪˈzɒntəl ˈdⱭːnsɪŋ	𐑣𐑪𐑮𐑦𐑟𐑪𐑯𐑑𐑩𐑤 𐑛𐑭𐑯𐑕𐑦𐑙	𐑣𐑪𐑮𐑦𐑟𐑪𐑯𐑑𐑩𐑤𐑛𐑭𐑯𐑕𐑦𐑙	matches
horizontal dancing	NN1	RSSB	hɒrɪzɒntəl ˈdænsɪŋ	ˌhɒrɪˈzɒntəl ˈdⱭːnsɪŋ	𐑣𐑪𐑮𐑦𐑟𐑪𐑯𐑑𐑩𐑤 𐑛𐑨𐑯𐑕𐑦𐑙	𐑣𐑪𐑮𐑦𐑟𐑪𐑯𐑑𐑩𐑤𐑛𐑭𐑯𐑕𐑦𐑙	matches
horizontal dancing	NN1	GenAm	ˌhɔːrəˈzɑːntəl ˈdɑːnsɪŋ	ˌhɒrɪˈzɒntəl ˈdⱭːnsɪŋ	𐑣𐑹𐑩𐑟𐑭𐑯𐑑𐑩𐑤 𐑛𐑭𐑯𐑕𐑦𐑙	𐑣𐑪𐑮𐑦𐑟𐑪𐑯𐑑𐑩𐑤𐑛𐑭𐑯𐑕𐑦𐑙	divergent
horizontal dancing	NN1	GenAm	ˌhɔːrəˈzɑːntəl ˈdænsɪŋ	ˌhɒrɪˈzɒntəl ˈdⱭːnsɪŋ	𐑣𐑹𐑩𐑟𐑭𐑯𐑑𐑩𐑤 𐑛𐑨𐑯𐑕𐑦𐑙	𐑣𐑪𐑮𐑦𐑟𐑪𐑯𐑑𐑩𐑤𐑛𐑭𐑯𐑕𐑦𐑙	divergent
rock and roll	NN1	RSSB	rɒk əndrəʊl	rɒk N rəʊl	𐑮𐑪𐑒 𐑩𐑯𐑛𐑮𐑴𐑤	𐑮𐑪𐑒𐑯𐑮𐑴𐑤	divergent
rock and roll	NN1	GenAm	ˈrɒk əndˈroʊl	rɒk N rəʊl	𐑮𐑪𐑒 𐑩𐑯𐑛𐑮𐑴𐑤	𐑮𐑪𐑒𐑯𐑮𐑴𐑤	divergent
rock and roll	VVI	RSSB	rɒk əndrəʊl	rɒk N rəʊl	𐑮𐑪𐑒 𐑩𐑯𐑛𐑮𐑴𐑤	𐑮𐑪𐑒𐑯𐑮𐑴𐑤	divergent
rock and roll	VVI	GenAm	ˈrɒk əndˈroʊl	rɒk N rəʊl	𐑮𐑪𐑒 𐑩𐑯𐑛𐑮𐑴𐑤	𐑮𐑪𐑒𐑯𐑮𐑴𐑤	divergent
if and only if	CJC	RSSB	ɪf əndˈəʊnli ɪf	ɪf N ˈəʊnli ɪf	𐑦𐑓 𐑩𐑯𐑛𐑴𐑯𐑤𐑦 𐑦𐑓	𐑦𐑓𐑯𐑴𐑯𐑤𐑦𐑦𐑓	divergent
if and only if	CJC	GenAm	ɪf əndˈoʊnli ɪf	ɪf N ˈəʊnli ɪf	𐑦𐑓 𐑩𐑯𐑛𐑴𐑯𐑤𐑦 𐑦𐑓	𐑦𐑓𐑯𐑴𐑯𐑤𐑦𐑦𐑓	divergent
vice versa	AV0	RSSB	ˈvaɪsɪ vɜːRsə		𐑝𐑲𐑕𐑦 𐑝𐑻𐑕𐑩		unknown
vice versa	AV0	GenAm	ˈvaɪsi ˈvɜːRsə		𐑝𐑲𐑕𐑦 𐑝𐑻𐑕𐑩		unknown
home page	NN1	RSSB	ˈhəʊmpeɪdʒ	həʊm peɪdʒ	𐑣𐑴𐑥𐑐𐑱𐑡	𐑣𐑴𐑥𐑐𐑱𐑡	matches
home page	NN1	GenAm	ˈhoʊmpeɪdʒ	həʊm peɪdʒ	𐑣𐑴𐑥𐑐𐑱𐑡	𐑣𐑴𐑥𐑐𐑱𐑡	matches
sine qua non	NN1	RSSB	ˌsaɪnɪ kweɪ ˈnɒn	saɪn kwɑː nɒn	𐑕𐑲𐑯𐑦 𐑒𐑢𐑱 𐑯𐑪𐑯	𐑕𐑲𐑯𐑒𐑢𐑭𐑯𐑪𐑯	divergent
sine qua non	NN1	GenAm	ˌsaɪni kweɪ ˈnɒn	saɪn kwɑː nɒn	𐑕𐑲𐑯𐑦 𐑒𐑢𐑱 𐑯𐑪𐑯	𐑕𐑲𐑯𐑒𐑢𐑭𐑯𐑪𐑯	divergent
sine qua non	NN1	RSSB	ˌsɪneɪ kwɑː ˈnəʊn	saɪn kwɑː nɒn	𐑕𐑦𐑯𐑱 𐑒𐑢𐑭 𐑯𐑴𐑯	𐑕𐑲𐑯𐑒𐑢𐑭𐑯𐑪𐑯	divergent
sine qua non	NN1	RSSB	ˌsɪneɪ kwɑː ˈnɒn	saɪn kwɑː nɒn	𐑕𐑦𐑯𐑱 𐑒𐑢𐑭 𐑯𐑪𐑯	𐑕𐑲𐑯𐑒𐑢𐑭𐑯𐑪𐑯	divergent
sine qua non	NN1	GenAm	ˌsɪni kwɒ ˈnɒn	saɪn kwɑː nɒn	𐑕𐑦𐑯𐑦 𐑒𐑢𐑪 𐑯𐑪𐑯	𐑕𐑲𐑯𐑒𐑢𐑭𐑯𐑪𐑯	divergent
sine qua non	NN1	GenAm	ˌsɪni kwɒ ˈnoʊn	saɪn kwɑː nɒn	𐑕𐑦𐑯𐑦 𐑒𐑢𐑪 𐑯𐑴𐑯	𐑕𐑲𐑯𐑒𐑢𐑭𐑯𐑪𐑯	divergent
never mind	VVI	GenAm	ˈnevəRˌmaɪnd	ˈnevəR maɪnd	𐑯𐑧𐑝𐑼𐑥𐑲𐑯𐑛	𐑯𐑧𐑝𐑼𐑥𐑲𐑯𐑛	matches
never mind	VVI	RSSB	nevərmaɪnd	ˈnevəR maɪnd	𐑯𐑧𐑝𐑼𐑥𐑲𐑯𐑛	𐑯𐑧𐑝𐑼𐑥𐑲𐑯𐑛	matches
never mind	NN1	GenAm	ˈnevəRˌmaɪnd	ˈnevəR maɪnd	𐑯𐑧𐑝𐑼𐑥𐑲𐑯𐑛	𐑯𐑧𐑝𐑼𐑥𐑲𐑯𐑛	matches
never mind	NN1	RSSB	nevərmaɪnd	ˈnevəR maɪnd	𐑯𐑧𐑝𐑼𐑥𐑲𐑯𐑛	𐑯𐑧𐑝𐑼𐑥𐑲𐑯𐑛	matches
funny bone	NN1	GenAm	ˈfʌni boʊn	ˈfʌni bəʊn	𐑓𐑳𐑯𐑦 𐑚𐑴𐑯	𐑓𐑳𐑯𐑦𐑚𐑴𐑯	matches
funny bone	NN1	RSSB	ˈfʌni bəʊn	ˈfʌni bəʊn	𐑓𐑳𐑯𐑦 𐑚𐑴𐑯	𐑓𐑳𐑯𐑦𐑚𐑴𐑯	matches
Freudian slip	NN1	RSSB	frɔɪdɪən ˈslɪp	ˈfrɔɪdɪən slɪp	𐑓𐑮𐑶𐑛𐑾𐑯 𐑕𐑤𐑦𐑐	𐑓𐑮𐑶𐑛𐑾𐑯𐑕𐑤𐑦𐑐	matches
Freudian slip	NN1	GenAm	ˌfrɔɪdiən ˈslɪp	ˈfrɔɪdɪən slɪp	𐑓𐑮𐑶𐑛𐑾𐑯 𐑕𐑤𐑦𐑐	𐑓𐑮𐑶𐑛𐑾𐑯𐑕𐑤𐑦𐑐	matches
grass widow	NN1	RSSB	ɡrɑːs ˌwɪdəʊ	ɡrⱭːs ˈwɪdəʊ	𐑜𐑮𐑭𐑕 𐑢𐑦𐑛𐑴	𐑜𐑮𐑭𐑕𐑢𐑦𐑛𐑴	matches
public domain	NN1	RSSB	ˌpʌblɪk dəʊˈmeɪn	ˈpʌblɪk dəʊˈmeɪn	𐑐𐑳𐑚𐑤𐑦𐑒 𐑛𐑴𐑥𐑱𐑯	𐑐𐑳𐑚𐑤𐑦𐑒𐑛𐑴𐑥𐑱𐑯	matches
public domain	NN1	GenAm	ˌpʌblɪk doʊˈmeɪn	ˈpʌblɪk dəʊˈmeɪn	𐑐𐑳𐑚𐑤𐑦𐑒 𐑛𐑴𐑥𐑱𐑯	𐑐𐑳𐑚𐑤𐑦𐑒𐑛𐑴𐑥𐑱𐑯	matches
pound sterling	NN1	RSSB	paʊnd stɜːrlɪŋ	paʊnd ˈstɜːRlɪŋ	𐑐𐑬𐑯𐑛 𐑕𐑑𐑻𐑤𐑦𐑙	𐑐𐑬𐑯𐑛𐑕𐑑𐑻𐑤𐑦𐑙	matches
amino acid	NN1	GenAm	əˈminoʊ ˈæsƏd	əˈmiːnəʊ ˈæsɪd	𐑩𐑥𐑦𐑯𐑴 𐑨𐑕𐑩𐑛	𐑩𐑥𐑰𐑯𐑴𐑨𐑕𐑦𐑛	divergent
for the nonce	UNC	RSSB	nɒnts	F Ð nɒns	𐑯𐑪𐑯𐑑𐑕	𐑓𐑞𐑯𐑪𐑯𐑕	divergent
for the nonce	UNC	GenAm	nɒnts	F Ð nɒns	𐑯𐑪𐑯𐑑𐑕	𐑓𐑞𐑯𐑪𐑯𐑕	divergent
in memoriam	AV0	GenAm	ɪn məˈmɔːRiəm		𐑦𐑯 𐑥𐑩𐑥𐑹𐑾𐑥		unknown
in memoriam	AV0	RSSB	ɪn məmɔːriəm		𐑦𐑯 𐑥𐑩𐑥𐑹𐑾𐑥		unknown
in memoriam	NN1	GenAm	ɪn məˈmɔːRiəm		𐑦𐑯 𐑥𐑩𐑥𐑹𐑾𐑥		unknown
in memoriam	NN1	RSSB	ɪn məmɔːriəm		𐑦𐑯 𐑥𐑩𐑥𐑹𐑾𐑥		unknown
bête noire	NN1	RSSB	bet nwɑːR		𐑚𐑧𐑑 𐑯𐑢𐑸		unknown
bête noire	NN1	GenAm	bet ˈnwɑːR		𐑚𐑧𐑑 𐑯𐑢𐑸		unknown
will o' the wisp	NN1	GenAm	ˌwɪləðəˈwɪsp		𐑢𐑦𐑤𐑩𐑞𐑩𐑢𐑦𐑕𐑐		unknown
golden mean	NN1	RSSB	ˈɡəʊldən ˈmiːn	ˈɡəʊldən miːn	𐑜𐑴𐑤𐑛𐑩𐑯 𐑥𐑰𐑯	𐑜𐑴𐑤𐑛𐑩𐑯𐑥𐑰𐑯	matches
golden mean	NN1	GenAm	ˈɡoʊldən ˈmiːn	ˈɡəʊldən miːn	𐑜𐑴𐑤𐑛𐑩𐑯 𐑥𐑰𐑯	𐑜𐑴𐑤𐑛𐑩𐑯𐑥𐑰𐑯	matches
Il Duce	NP0	RSSB	iːl ˈduːtʃeɪ		𐑰𐑤 𐑛𐑵𐑗𐑱		unknown
Il Duce	NP0	GenAm	il ˈdutʃeɪ		𐑦𐑤 𐑛𐑫𐑗𐑱		unknown
human rights	NN1	RSSB	ˌhjuːmən ˈraɪtz	ˈhjuːmən raɪts	𐑣𐑿𐑥𐑩𐑯 𐑮𐑲𐑑𐑟	𐑣𐑿𐑥𐑩𐑯𐑮𐑲𐑑𐑕	divergent
human rights	NN1	GenAm	ˌhjumən ˈraɪtz	ˈhjuːmən raɪts	𐑣𐑘𐑫𐑥𐑩𐑯 𐑮𐑲𐑑𐑟	𐑣𐑿𐑥𐑩𐑯𐑮𐑲𐑑𐑕	divergent
free of charge	AJ0	GenAm	friː ʌv tʃɑːRdʒ	friː V tʃɑːRdʒ	𐑓𐑮𐑰 𐑳𐑝 𐑗𐑸𐑡	𐑓𐑮𐑰𐑝𐑗𐑸𐑡	divergent
free of charge	AV0	GenAm	friː ʌv tʃɑːRdʒ	friː V tʃɑːRdʒ	𐑓𐑮𐑰 𐑳𐑝 𐑗𐑸𐑡	𐑓𐑮𐑰𐑝𐑗𐑸𐑡	divergent
Gregorian calendar	NP0	GenAm	ɡreˈɡɔːriən kæləndəR	ɡrɪˈɡɔːrɪən ˈkælɪndəR	𐑜𐑮𐑧𐑜𐑹𐑾𐑯 𐑒𐑨𐑤𐑩𐑯𐑛𐑼	𐑜𐑮𐑦𐑜𐑹𐑾𐑯𐑒𐑨𐑤𐑦𐑯𐑛𐑼	divergent
North Dakota	NP0	GenAm	ˈnɔːRθ dəˈkoʊtə	nɔːRθ dəˈkəʊtə	𐑯𐑹𐑔 𐑛𐑩𐑒𐑴𐑑𐑩	𐑯𐑹𐑔𐑛𐑩𐑒𐑴𐑑𐑩	matches
New Hampshire	NP0	GenAm	nuːˈhæmpʃəR	nuː ˈhæmpʃəR	𐑯𐑵𐑣𐑨𐑥𐑐𐑖𐑼	𐑯𐑵𐑣𐑨𐑥𐑐𐑖𐑼	matches
New Mexico	NP0	RSSB	njuː meksɪkəʊ	njuː ˈmeksɪkəʊ	𐑯𐑿 𐑥𐑧𐑒𐑕𐑦𐑒𐑴	𐑯𐑿𐑥𐑧𐑒𐑕𐑦𐑒𐑴	matches
New Mexico	NP0	GenAm	nu ˈmeksɪkoʊ	nuː ˈmeksɪkəʊ	𐑯𐑫 𐑥𐑧𐑒𐑕𐑦𐑒𐑴	𐑯𐑵𐑥𐑧𐑒𐑕𐑦𐑒𐑴	divergent
New Mexico	NP0	GenAm	nju ˈmeksɪkoʊ	nuː ˈmeksɪkəʊ	𐑯𐑘𐑫 𐑥𐑧𐑒𐑕𐑦𐑒𐑴	𐑯𐑵𐑥𐑧𐑒𐑕𐑦𐑒𐑴	divergent
Rhode Island	NP0	GenAm	ˌroʊd ˈaɪlənd	rəʊd ˈaɪlənd	𐑮𐑴𐑛 𐑲𐑤𐑩𐑯𐑛	𐑮𐑴𐑛𐑲𐑤𐑩𐑯𐑛	matches
Rhode Island	NP0	RSSB	ˌrəʊd ˈaɪlənd	rəʊd ˈaɪlənd	𐑮𐑴𐑛 𐑲𐑤𐑩𐑯𐑛	𐑮𐑴𐑛𐑲𐑤𐑩𐑯𐑛	matches
South Carolina	NP0	GenAm	ˌsaʊθ kerəˈlaɪnə	saʊθ ˌkærəˈlaɪnə	𐑕𐑬𐑔 𐑒𐑧𐑮𐑩𐑤𐑲𐑯𐑩	𐑕𐑬𐑔𐑒𐑨𐑮𐑩𐑤𐑲𐑯𐑩	divergent
South Carolina	NP0	RSSB	ˌsaʊθ kærəlaɪnə	saʊθ ˌkærəˈlaɪnə	𐑕𐑬𐑔 𐑒𐑨𐑮𐑩𐑤𐑲𐑯𐑩	𐑕𐑬𐑔𐑒𐑨𐑮𐑩𐑤𐑲𐑯𐑩	matches
West Virginia	NP0	GenAm	ˈwest vəRˈdʒɪnjə	west vəRˈdʒɪnɪə	𐑢𐑧𐑕𐑑 𐑝𐑼𐑡𐑦𐑯𐑘𐑩	𐑢𐑧𐑕𐑑𐑝𐑼𐑡𐑦𐑯𐑾	divergent
Iron Age	NP0	RSSB	ʌɪəRn eɪdʒ	ˈaɪəRn eɪdʒ	𐑳𐑽𐑯 𐑱𐑡	𐑲𐑼𐑯𐑱𐑡	divergent
bunny boiler	NN1	RSSB	ˈbʌni bɔɪləR	ˈbʌni ˈbɔɪləR	𐑚𐑳𐑯𐑦 𐑚𐑶𐑤𐑼	𐑚𐑳𐑯𐑦𐑚𐑶𐑤𐑼	matches
bunny boiler	NN1	GenAm	ˈbʌni ˈbɔɪləR	ˈbʌni ˈbɔɪləR	𐑚𐑳𐑯𐑦 𐑚𐑶𐑤𐑼	𐑚𐑳𐑯𐑦𐑚𐑶𐑤𐑼	matches
a lot	PNP	RSSB	ə ˈlɒt	ə lɒt	𐑩 𐑤𐑪𐑑	𐑩𐑤𐑪𐑑	matches
a lot	PNP	GenAm	ə ˈlɒt	ə lɒt	𐑩 𐑤𐑪𐑑	𐑩𐑤𐑪𐑑	matches
a lot	AV0	RSSB	ə ˈlɒt	ə lɒt	𐑩 𐑤𐑪𐑑	𐑩𐑤𐑪𐑑	matches
a lot	AV0	GenAm	ə ˈlɒt	ə lɒt	𐑩 𐑤𐑪𐑑	𐑩𐑤𐑪𐑑	matches
a lot	AJ0	RSSB	ə ˈlɒt	ə lɒt	𐑩 𐑤𐑪𐑑	𐑩𐑤𐑪𐑑	matches
a lot	AJ0	GenAm	ə ˈlɒt	ə lɒt	𐑩 𐑤𐑪𐑑	𐑩𐑤𐑪𐑑	matches
World Wide Web	NP0	RSSB	wɜːRld ˌwaɪd ˈweb	wɜːRld waɪd web	𐑢𐑻𐑤𐑛 𐑢𐑲𐑛 𐑢𐑧𐑚	𐑢𐑻𐑤𐑛𐑢𐑲𐑛𐑢𐑧𐑚	matches
World Wide Web	NP0	GenAm	ˈwɜːRld ˌwaɪd ˈweb	wɜːRld waɪd web	𐑢𐑻𐑤𐑛 𐑢𐑲𐑛 𐑢𐑧𐑚	𐑢𐑻𐑤𐑛𐑢𐑲𐑛𐑢𐑧𐑚	matches
kinetic energy	NN1	GenAm	ˈkɪˈnetɪk ˈenəRdʒi	kɪˈnetɪk ˈenəRdʒi	𐑒𐑦𐑯𐑧𐑑𐑦𐑒 𐑧𐑯𐑼𐑡𐑦	𐑒𐑦𐑯𐑧𐑑𐑦𐑒𐑧𐑯𐑼𐑡𐑦	matches
kinetic energy	NN1	GenAm	kɪˈnetɪk ˈenəRdʒi	kɪˈnetɪk ˈenəRdʒi	𐑒𐑦𐑯𐑧𐑑𐑦𐑒 𐑧𐑯𐑼𐑡𐑦	𐑒𐑦𐑯𐑧𐑑𐑦𐑒𐑧𐑯𐑼𐑡𐑦	matches
Worcestershire sauce	NN1	RSSB	wʊstərʃərsɔːs	ˈwʊstəRʃəR sɔːs	𐑢𐑫𐑕𐑑𐑼𐑖𐑼𐑕𐑷𐑕	𐑢𐑫𐑕𐑑𐑼𐑖𐑼𐑕𐑷𐑕	matches
Worcestershire sauce	NN1	GenAm	ˈwʊstəRʃəR ˈsɒs	ˈwʊstəRʃəR sɔːs	𐑢𐑫𐑕𐑑𐑼𐑖𐑼 𐑕𐑪𐑕	𐑢𐑫𐑕𐑑𐑼𐑖𐑼𐑕𐑷𐑕	divergent
Worcestershire sauce	NN1	GenAm	ˈwʊstəRʃɪr ˈsɒs	ˈwʊstəRʃəR sɔːs	𐑢𐑫𐑕𐑑𐑼𐑖𐑦𐑮 𐑕𐑪𐑕	𐑢𐑫𐑕𐑑𐑼𐑖𐑼𐑕𐑷𐑕	divergent
Worcestershire sauce	NN1	GenAm	ˈwʊstəRʃaɪəR ˈsɒs	ˈwʊstəRʃəR sɔːs	𐑢𐑫𐑕𐑑𐑼𐑖𐑲𐑼 𐑕𐑪𐑕	𐑢𐑫𐑕𐑑𐑼𐑖𐑼𐑕𐑷𐑕	divergent
Worcestershire sauce	NN1	GenAm	ˈwɪstəRʃɪr ˈsɒs	ˈwʊstəRʃəR sɔːs	𐑢𐑦𐑕𐑑𐑼𐑖𐑦𐑮 𐑕𐑪𐑕	𐑢𐑫𐑕𐑑𐑼𐑖𐑼𐑕𐑷𐑕	divergent
Worcestershire sauce	NN1	GenAm	ˈwɪstəRʃaɪəR ˈsɒs	ˈwʊstəRʃəR sɔːs	𐑢𐑦𐑕𐑑𐑼𐑖𐑲𐑼 𐑕𐑪𐑕	𐑢𐑫𐑕𐑑𐑼𐑖𐑼𐑕𐑷𐑕	divergent
Worcestershire sauce	NN1	GenAm	ˈwɜːRʃtəʃəR ˈsɒs	ˈwʊstəRʃəR sɔːs	𐑢𐑻𐑖𐑑𐑩𐑖𐑼 𐑕𐑪𐑕	𐑢𐑫𐑕𐑑𐑼𐑖𐑼𐑕𐑷𐑕	divergent
chemin de fer	NN1	RSSB	ʃəˌmæ də feəR		𐑖𐑩𐑥𐑨 𐑛𐑩 𐑓𐑺		unknown
high tea	NN1	RSSB	ˌhʌɪ ˈtiː	haɪ tiː	𐑣𐑳𐑦 𐑑𐑰	𐑣𐑲𐑑𐑰	divergent
au revoir	ITJ	RSSB	ˌəʊrə vwɑːR		𐑴𐑮𐑩 𐑝𐑢𐑸		unknown
au revoir	ITJ	GenAm	ˌoʊrə ˈvwɑːR		𐑴𐑮𐑩 𐑝𐑢𐑸		unknown
au revoir	ITJ	RSSB	ɔːr vwɑːR		𐑹 𐑝𐑢𐑸		unknown
au revoir	ITJ	RSSB	oʁə ˈvwaʁ		𐑪ʁ𐑩 𐑝𐑢𐑨ʁ		unknown
au revoir	ITJ	RSSB	ɔʁ ˈvwaʁ		𐑷ʁ 𐑝𐑢𐑨ʁ		unknown
au revoir	ITJ	GenAm	ˌɑːRə ˈvwɑːR		𐑸𐑩 𐑝𐑢𐑸		unknown
dog days	NN1	RSSB	ˈdɒɡ deɪz	dɒɡ deɪz	𐑛𐑪𐑜 𐑛𐑱𐑟	𐑛𐑪𐑜𐑛𐑱𐑟	matches
dog days	NN1	GenAm	ˈdɒɡ deɪz	dɒɡ deɪz	𐑛𐑪𐑜 𐑛𐑱𐑟	𐑛𐑪𐑜𐑛𐑱𐑟	matches
mutatis mutandis	AV0	RSSB	mjuːˌtɑːtɪs muːˈtandɪs		𐑥𐑿𐑑𐑭𐑑𐑦𐑕 𐑥𐑵𐑑𐑨𐑯𐑛𐑦𐑕		unknown
mutatis mutandis	AV0	GenAm	mjuˌtɒtəs mjuˈtɒndəs		𐑥𐑘𐑫𐑑𐑪𐑑𐑩𐑕 𐑥𐑘𐑫𐑑𐑪𐑯𐑛𐑩𐑕		unknown
mutatis mutandis	AV0	GenAm	mjuˌteɪtəs mjuˈtændəs		𐑥𐑘𐑫𐑑𐑱𐑑𐑩𐑕 𐑥𐑘𐑫𐑑𐑨𐑯𐑛𐑩𐑕		unknown
beyond the pale	UNC	RSSB	bɪˌjɒnd ðə ˈpeɪl	bɪˈjɒnd Ð peɪl	𐑚𐑦𐑘𐑪𐑯𐑛 𐑞𐑩 𐑐𐑱𐑤	𐑚𐑦𐑘𐑪𐑯𐑛𐑞𐑐𐑱𐑤	divergent
beyond the pale	UNC	GenAm	biˌjɒnd ðə ˈpeɪl	bɪˈjɒnd Ð peɪl	𐑚𐑦𐑘𐑪𐑯𐑛 𐑞𐑩 𐑐𐑱𐑤	𐑚𐑦𐑘𐑪𐑯𐑛𐑞𐑐𐑱𐑤	divergent
Roman Empire	NP0	RSSB	rəʊmən empaɪəR	ˈrəʊmən ˈempaɪəR	𐑮𐑴𐑥𐑩𐑯 𐑧𐑥𐑐𐑲𐑼	𐑮𐑴𐑥𐑩𐑯𐑧𐑥𐑐𐑲𐑼	matches
Roman Empire	NP0	GenAm	ˈroʊmən ˈempaɪəR	ˈrəʊmən ˈempaɪəR	𐑮𐑴𐑥𐑩𐑯 𐑧𐑥𐑐𐑲𐑼	𐑮𐑴𐑥𐑩𐑯𐑧𐑥𐑐𐑲𐑼	matches
Roman Empire	NN1	RSSB	rəʊmən empaɪəR	ˈrəʊmən ˈempaɪəR	𐑮𐑴𐑥𐑩𐑯 𐑧𐑥𐑐𐑲𐑼	𐑮𐑴𐑥𐑩𐑯𐑧𐑥𐑐𐑲𐑼	matches
Roman Empire	NN1	GenAm	ˈroʊmən ˈempaɪəR	ˈrəʊmən ˈempaɪəR	𐑮𐑴𐑥𐑩𐑯 𐑧𐑥𐑐𐑲𐑼	𐑮𐑴𐑥𐑩𐑯𐑧𐑥𐑐𐑲𐑼	matches
Gatling gun	NN1	GenAm	ˈɡætlɪŋ ˌɡʌn		𐑜𐑨𐑑𐑤𐑦𐑙 𐑜𐑳𐑯		unknown
kitty litter	NN1	GenAm	ˈkɪti ˈlɪtəR	ˈkɪti ˈlɪtəR	𐑒𐑦𐑑𐑦 𐑤𐑦𐑑𐑼	𐑒𐑦𐑑𐑦𐑤𐑦𐑑𐑼	matches
kitty litter	NN1	RSSB	ˈkɪti lɪtər	ˈkɪti ˈlɪtəR	𐑒𐑦𐑑𐑦 𐑤𐑦𐑑𐑼	𐑒𐑦𐑑𐑦𐑤𐑦𐑑𐑼	matches
Iron Curtain	NP0	RSSB	aɪəRn kɜːRtən	ˈaɪəRn ˈkɜːRtən	𐑲𐑼𐑯 𐑒𐑻𐑑𐑩𐑯	𐑲𐑼𐑯𐑒𐑻𐑑𐑩𐑯	matches
Iron Curtain	NP0	GenAm	ˌaɪərn ˈkɜːRtən	ˈaɪəRn ˈkɜːRtən	𐑲𐑼𐑯 𐑒𐑻𐑑𐑩𐑯	𐑲𐑼𐑯𐑒𐑻𐑑𐑩𐑯	matches
cuttlefish bone	NN1	RSSB	ˌkʌtəlfɪʃ ˈbəʊn	ˈkʌtəlfɪʃ bəʊn	𐑒𐑳𐑑𐑩𐑤𐑓𐑦𐑖 𐑚𐑴𐑯	𐑒𐑳𐑑𐑩𐑤𐑓𐑦𐑖𐑚𐑴𐑯	matches
cuttlefish bone	NN1	GenAm	ˌkʌtəlˌfɪʃ ˈboʊn	ˈkʌtəlfɪʃ bəʊn	𐑒𐑳𐑑𐑩𐑤𐑓𐑦𐑖 𐑚𐑴𐑯	𐑒𐑳𐑑𐑩𐑤𐑓𐑦𐑖𐑚𐑴𐑯	matches
osso buco	NN1	RSSB	ˌɒsəʊ ˈbuːkəʊ		𐑪𐑕𐑴 𐑚𐑵𐑒𐑴		unknown
osso buco	NN1	GenAm	ˌɒsoʊ ˈbukoʊ		𐑪𐑕𐑴 𐑚𐑫𐑒𐑴		unknown
in loco parentis	AV0	RSSB	ɪn ˌləʊkəʊ pərentɪs		𐑦𐑯 𐑤𐑴𐑒𐑴 𐑐𐑼𐑧𐑯𐑑𐑦𐑕		unknown
carboxylic acid	NN1	GenAm	kɑːrbɑːkˌsɪlɪk ˈæsƏd		𐑒𐑸𐑚𐑭𐑒𐑕𐑦𐑤𐑦𐑒 𐑨𐑕𐑩𐑛		unknown
connective tissue	NN1	GenAm	kəˈnektɪv tɪʃjuː	kəˈnektɪv ˈtɪʃuː	𐑒𐑩𐑯𐑧𐑒𐑑𐑦𐑝 𐑑𐑦𐑖𐑿	𐑒𐑩𐑯𐑧𐑒𐑑𐑦𐑝𐑑𐑦𐑖𐑵	divergent
connective tissue	NN1	GenAm	kəˈnektɪv tɪʃjuːw	kəˈnektɪv ˈtɪʃuː	𐑒𐑩𐑯𐑧𐑒𐑑𐑦𐑝 𐑑𐑦𐑖𐑿𐑢	𐑒𐑩𐑯𐑧𐑒𐑑𐑦𐑝𐑑𐑦𐑖𐑵	divergent
word processor	NN1	RSSB	wɜːRd prəʊsesər	wɜːRd ˈprəʊsesəR	𐑢𐑻𐑛 𐑐𐑮𐑴𐑕𐑧𐑕𐑼	𐑢𐑻𐑛𐑐𐑮𐑴𐑕𐑧𐑕𐑼	matches
word processor	NN1	GenAm	wɜːRd ˈprɒˌsesəR	wɜːRd ˈprəʊsesəR	𐑢𐑻𐑛 𐑐𐑮𐑪𐑕𐑧𐑕𐑼	𐑢𐑻𐑛𐑐𐑮𐑴𐑕𐑧𐑕𐑼	divergent
Molotov cocktail	NN1	RSSB	ˈmɒləˌtɒf ˈkɒkteɪl		𐑥𐑪𐑤𐑩𐑑𐑪𐑓 𐑒𐑪𐑒𐑑𐑱𐑤		unknown
Molotov cocktail	NN1	GenAm	ˈmɒləˌtɒv ˈkɒkteɪl	ˈmɒlətɒv ˈkɒkteɪl	𐑥𐑪𐑤𐑩𐑑𐑪𐑝 𐑒𐑪𐑒𐑑𐑱𐑤	𐑥𐑪𐑤𐑩𐑑𐑪𐑝𐑒𐑪𐑒𐑑𐑱𐑤	matches
apple of someone's eye	NN1	RSSB	ˌæpələv sʌmwʌnz ˈaɪ		𐑨𐑐𐑩𐑤𐑩𐑝 𐑕𐑳𐑥𐑢𐑳𐑯𐑟 𐑲		unknown
apple of someone's eye	NN1	GenAm	ˌæpələv sʌmwʌnz ˈaɪ		𐑨𐑐𐑩𐑤𐑩𐑝 𐑕𐑳𐑥𐑢𐑳𐑯𐑟 𐑲		unknown
apple of the eye	NN1	GenAm	ˈæpələvðiˈaɪ	ˈæpəl V Ð aɪ	𐑨𐑐𐑩𐑤𐑩𐑝𐑞𐑦𐑲	𐑨𐑐𐑩𐑤𐑝𐑞𐑲	divergent
car park	NN1	RSSB	kɑːRpɑːRk	kɑːR pɑːRk	𐑒𐑸𐑐𐑸𐑒	𐑒𐑸𐑐𐑸𐑒	matches
car park	NN1	GenAm	ˈkɑːR ˌpɑːrk	kɑːR pɑːRk	𐑒𐑸 𐑐𐑸𐑒	𐑒𐑸𐑐𐑸𐑒	matches
green fingers	NN1	RSSB	ɡriːn fɪŋɡəRz	ɡriːn ˈfɪŋɡəRz	𐑜𐑮𐑰𐑯 𐑓𐑦𐑙𐑜𐑼𐑟	𐑜𐑮𐑰𐑯𐑓𐑦𐑙𐑜𐑼𐑟	matches
green fingers	NN1	GenAm	ɡrin ˈfɪŋɡərz	ɡriːn ˈfɪŋɡəRz	𐑜𐑮𐑦𐑯 𐑓𐑦𐑙𐑜𐑼𐑟	𐑜𐑮𐑰𐑯𐑓𐑦𐑙𐑜𐑼𐑟	divergent
monkey business	NN1	RSSB	ˈmʌŋkɪ ˌbɪznəs	ˈmʌŋki ˈbɪznəs	𐑥𐑳𐑙𐑒𐑦 𐑚𐑦𐑟𐑯𐑩𐑕	𐑥𐑳𐑙𐑒𐑦𐑚𐑦𐑟𐑯𐑩𐑕	matches
monkey business	NN1	GenAm	ˈmʌŋki ˌbɪznəs	ˈmʌŋki ˈbɪznəs	𐑥𐑳𐑙𐑒𐑦 𐑚𐑦𐑟𐑯𐑩𐑕	𐑥𐑳𐑙𐑒𐑦𐑚𐑦𐑟𐑯𐑩𐑕	matches
Darth Vader	NN1	RSSB	dɑːrθ veɪdər		𐑛𐑸𐑔 𐑝𐑱𐑛𐑼		unknown
Darth Vader	NP0	RSSB	dɑːrθ veɪdər		𐑛𐑸𐑔 𐑝𐑱𐑛𐑼		unknown
wet the shamrock	VVI	RSSB	ˌwet ðə ˈʃæmrɒk	wet Ð ˈʃæmrɒk	𐑢𐑧𐑑 𐑞𐑩 𐑖𐑨𐑥𐑮𐑪𐑒	𐑢𐑧𐑑𐑞𐑖𐑨𐑥𐑮𐑪𐑒	divergent
wet the shamrock	VVI	GenAm	ˌwet ðə ˈʃæmˌrɒk	wet Ð ˈʃæmrɒk	𐑢𐑧𐑑 𐑞𐑩 𐑖𐑨𐑥𐑮𐑪𐑒	𐑢𐑧𐑑𐑞𐑖𐑨𐑥𐑮𐑪𐑒	divergent
hunky dory	AJ0	RSSB	hʌŋkidɔːri		𐑣𐑳𐑙𐑒𐑦𐑛𐑹𐑦		unknown
assault rifle	NN1	RSSB	əˈsɒlt raɪfəl	əˈsɔːlt ˈraɪfəl	𐑩𐑕𐑪𐑤𐑑 𐑮𐑲𐑓𐑩𐑤	𐑩𐑕𐑷𐑤𐑑𐑮𐑲𐑓𐑩𐑤	divergent
assault rifle	NN1	GenAm	əˈsɒlt ˈraɪfəl	əˈsɔːlt ˈraɪfəl	𐑩𐑕𐑪𐑤𐑑 𐑮𐑲𐑓𐑩𐑤	𐑩𐑕𐑷𐑤𐑑𐑮𐑲𐑓𐑩𐑤	divergent
assault rifle	NN1	RSSB	əˈsɔːlt raɪfəl	əˈsɔːlt ˈraɪfəl	𐑩𐑕𐑷𐑤𐑑 𐑮𐑲𐑓𐑩𐑤	𐑩𐑕𐑷𐑤𐑑𐑮𐑲𐑓𐑩𐑤	matches
pie chart	NN1	GenAm	ˈpaɪ ˌtʃɑːRt	paɪ tʃɑːRt	𐑐𐑲 𐑗𐑸𐑑	𐑐𐑲𐑗𐑸𐑑	matches
Easter Bunny	NP0	RSSB	iːstəR ˈbʌni	ˈiːstəR ˈbʌni	𐑰𐑕𐑑𐑼 𐑚𐑳𐑯𐑦	𐑰𐑕𐑑𐑼𐑚𐑳𐑯𐑦	matches
Easter Bunny	NP0	GenAm	ˈiːstəR ˈbʌni	ˈiːstəR ˈbʌni	𐑰𐑕𐑑𐑼 𐑚𐑳𐑯𐑦	𐑰𐑕𐑑𐑼𐑚𐑳𐑯𐑦	matches
pave the way	VVI	RSSB	ˈpeɪv ðə ˈweɪ	peɪv Ð weɪ	𐑐𐑱𐑝 𐑞𐑩 𐑢𐑱	𐑐𐑱𐑝𐑞𐑢𐑱	divergent
grand slam	NN1	GenAm	ɡreəːnd sleəːm	ɡrænd slæm	𐑜𐑮𐑺𐑯𐑛 𐑕𐑤𐑺𐑥	𐑜𐑮𐑨𐑯𐑛𐑕𐑤𐑨𐑥	divergent
in silico	UNC	RSSB	ɪn ˈsɪlɪkəʊ		𐑦𐑯 𐑕𐑦𐑤𐑦𐑒𐑴		unknown
in silico	UNC	GenAm	ɪn ˈsɪlɪkoʊ		𐑦𐑯 𐑕𐑦𐑤𐑦𐑒𐑴		unknown
focal point	NN1	GenAm	ˈfoʊkəl ˌpɔɪnt	ˈfəʊkəl pɔɪnt	𐑓𐑴𐑒𐑩𐑤 𐑐𐑶𐑯𐑑	𐑓𐑴𐑒𐑩𐑤𐑐𐑶𐑯𐑑	matches
vantage point	NN1	RSSB	ˈvɑːntɪdʒ ˌpɔɪnt	ˈvⱭːntɪdʒ pɔɪnt	𐑝𐑭𐑯𐑑𐑦𐑡 𐑐𐑶𐑯𐑑	𐑝𐑭𐑯𐑑𐑦𐑡𐑐𐑶𐑯𐑑	matches
vantage point	NN1	GenAm	ˈvæntɪdʒ ˌpɔɪnt	ˈvⱭːntɪdʒ pɔɪnt	𐑝𐑨𐑯𐑑𐑦𐑡 𐑐𐑶𐑯𐑑	𐑝𐑭𐑯𐑑𐑦𐑡𐑐𐑶𐑯𐑑	matches
ozone layer	NN1	RSSB	ˈəʊzəʊn leəR	ˈəʊzəʊn ˈleɪəR	𐑴𐑟𐑴𐑯 𐑤𐑺	𐑴𐑟𐑴𐑯𐑤𐑱𐑼	divergent
ozone layer	NN1	GenAm	ˈoʊzoʊn ˌleɪər	ˈəʊzəʊn ˈleɪəR	𐑴𐑟𐑴𐑯 𐑤𐑱𐑼	𐑴𐑟𐑴𐑯𐑤𐑱𐑼	matches
cause célèbre	NN1	RSSB	ˈkɔːz selebrə		𐑒𐑷𐑟 𐑕𐑧𐑤𐑧𐑚𐑮𐑩		unknown
cause célèbre	NN1	GenAm	ˈkɒz səˈleb		𐑒𐑪𐑟 𐑕𐑩𐑤𐑧𐑚		unknown
ghillie suit	NN1	RSSB	ˈɡɪli ˈsuːt		𐑜𐑦𐑤𐑦 𐑕𐑵𐑑		unknown
ghillie suit	NN1	GenAm	ˈɡɪli ˈsut	ˈɡili suːt	𐑜𐑦𐑤𐑦 𐑕𐑫𐑑	𐑜𐑦𐑤𐑦𐑕𐑵𐑑	divergent
eat crow	VVI	GenAm	ˌit ˈkroʊ	iːt krəʊ	𐑦𐑑 𐑒𐑮𐑴	𐑰𐑑𐑒𐑮𐑴	divergent
open source	NN1	GenAm	ˈoʊpən ˌsɔːRs	ˈəʊpən sɔːRs	𐑴𐑐𐑩𐑯 𐑕𐑹𐑕	𐑴𐑐𐑩𐑯𐑕𐑹𐑕	matches
open source	VVI	GenAm	ˈoʊpən ˌsɔːRs	ˈəʊpən sɔːRs	𐑴𐑐𐑩𐑯 𐑕𐑹𐑕	𐑴𐑐𐑩𐑯𐑕𐑹𐑕	matches
head over heels	AV0	GenAm	ˌhed oʊvəR ˈhilz	hed ˈəʊvəR hiːlz	𐑣𐑧𐑛 𐑴𐑝𐑼 𐑣𐑦𐑤𐑟	𐑣𐑧𐑛𐑴𐑝𐑼𐑣𐑰𐑤𐑟	divergent
head over heels	AV0	GenAm	ˌhed oʊvəR ˈhiəlz	hed ˈəʊvəR hiːlz	𐑣𐑧𐑛 𐑴𐑝𐑼 𐑣𐑾𐑤𐑟	𐑣𐑧𐑛𐑴𐑝𐑼𐑣𐑰𐑤𐑟	divergent
head over heels	AV0	RSSB	ˌhed əʊvəR ˈhiːlz	hed ˈəʊvəR hiːlz	𐑣𐑧𐑛 𐑴𐑝𐑼 𐑣𐑰𐑤𐑟	𐑣𐑧𐑛𐑴𐑝𐑼𐑣𐑰𐑤𐑟	matches
head over heels	AJ0	GenAm	ˌhed oʊvəR ˈhilz	hed ˈəʊvəR hiːlz	𐑣𐑧𐑛 𐑴𐑝𐑼 𐑣𐑦𐑤𐑟	𐑣𐑧𐑛𐑴𐑝𐑼𐑣𐑰𐑤𐑟	divergent
head over heels	AJ0	GenAm	ˌhed oʊvəR ˈhiəlz	hed ˈəʊvəR hiːlz	𐑣𐑧𐑛 𐑴𐑝𐑼 𐑣𐑾𐑤𐑟	𐑣𐑧𐑛𐑴𐑝𐑼𐑣𐑰𐑤𐑟	divergent
head over heels	AJ0	RSSB	ˌhed əʊvəR ˈhiːlz	hed ˈəʊvəR hiːlz	𐑣𐑧𐑛 𐑴𐑝𐑼 𐑣𐑰𐑤𐑟	𐑣𐑧𐑛𐑴𐑝𐑼𐑣𐑰𐑤𐑟	matches
fair-weather friend	NN1	RSSB	feəRweðəR ˈfrend		𐑓𐑺𐑢𐑧𐑞𐑼 𐑓𐑮𐑧𐑯𐑛		unknown
fair-weather friend	NN1	GenAm	ˈfeəRˌweðəR ˈfrend		𐑓𐑺𐑢𐑧𐑞𐑼 𐑓𐑮𐑧𐑯𐑛		unknown
fair-weather friend	NN1	RSSB	fɜːRweðəR ˈfrend		𐑓𐑻𐑢𐑧𐑞𐑼 𐑓𐑮𐑧𐑯𐑛		unknown
tear gas	NN1	RSSB	tɪəR ɡæs	teəR ɡæs	𐑑𐑽 𐑜𐑨𐑕	𐑑𐑺𐑜𐑨𐑕	divergent
tear gas	NN1	RSSB	ˈtɪː ɡæs	teəR ɡæs	𐑑𐑦 𐑜𐑨𐑕	𐑑𐑺𐑜𐑨𐑕	divergent
tear gas	NN1	GenAm	ˈtɪr ɡæs	teəR ɡæs	𐑑𐑦𐑮 𐑜𐑨𐑕	𐑑𐑺𐑜𐑨𐑕	divergent
tear gas	VVI	RSSB	tɪəR ɡæs	teəR ɡæs	𐑑𐑽 𐑜𐑨𐑕	𐑑𐑺𐑜𐑨𐑕	divergent
tear gas	VVI	RSSB	ˈtɪː ɡæs	teəR ɡæs	𐑑𐑦 𐑜𐑨𐑕	𐑑𐑺𐑜𐑨𐑕	divergent
tear gas	VVI	GenAm	ˈtɪr ɡæs	teəR ɡæs	𐑑𐑦𐑮 𐑜𐑨𐑕	𐑑𐑺𐑜𐑨𐑕	divergent
en masse	AV0	RSSB	ɒn ˈmæs		𐑪𐑯 𐑥𐑨𐑕		unknown
en masse	AV0	GenAm	ɒn ˈmæs		𐑪𐑯 𐑥𐑨𐑕		unknown
en masse	AV0	RSSB	ɒ ˈmæs		𐑪 𐑥𐑨𐑕		unknown
no way Jose	AV0	RSSB	nəʊ ˈweɪ həʊˌseɪ		𐑯𐑴 𐑢𐑱 𐑣𐑴𐑕𐑱		unknown
no way Jose	AV0	GenAm	noʊ ˈweɪ hoʊˌseɪ	nəʊ weɪ hoʊˈzeɪ	𐑯𐑴 𐑢𐑱 𐑣𐑴𐑕𐑱	𐑯𐑴𐑢𐑱𐑣𐑴𐑟𐑱	divergent
beat around the bush	VVI	RSSB	ˈbiːt əraʊnd ðə bʊʃ	biːt əˈraʊnd Ð bʊʃ	𐑚𐑰𐑑 𐑼𐑬𐑯𐑛 𐑞𐑩 𐑚𐑫𐑖	𐑚𐑰𐑑𐑼𐑬𐑯𐑛𐑞𐑚𐑫𐑖	divergent
beat around the bush	VVI	GenAm	ˈbit əˌraʊnd ðə bʊʃ	biːt əˈraʊnd Ð bʊʃ	𐑚𐑦𐑑 𐑼𐑬𐑯𐑛 𐑞𐑩 𐑚𐑫𐑖	𐑚𐑰𐑑𐑼𐑬𐑯𐑛𐑞𐑚𐑫𐑖	divergent
beat about the bush	VVI	RSSB	ˈbiːt əˌbaʊt ðə bʊʃ	biːt əˈbaʊt Ð bʊʃ	𐑚𐑰𐑑 𐑩𐑚𐑬𐑑 𐑞𐑩 𐑚𐑫𐑖	𐑚𐑰𐑑𐑩𐑚𐑬𐑑𐑞𐑚𐑫𐑖	divergent
beat about the bush	VVI	GenAm	ˈbit əˌbaʊt ðə bʊʃ	biːt əˈbaʊt Ð bʊʃ	𐑚𐑦𐑑 𐑩𐑚𐑬𐑑 𐑞𐑩 𐑚𐑫𐑖	𐑚𐑰𐑑𐑩𐑚𐑬𐑑𐑞𐑚𐑫𐑖	divergent
on high	UNC	RSSB	ɒn ˈhaɪ	ɒn haɪ	𐑪𐑯 𐑣𐑲	𐑪𐑯𐑣𐑲	matches
on high	UNC	GenAm	ɒn ˈhaɪ	ɒn haɪ	𐑪𐑯 𐑣𐑲	𐑪𐑯𐑣𐑲	matches
Möbius strip	NN1	RSSB	ˈmɜːbiəs strɪp		𐑥𐑻𐑚𐑾𐑕 𐑕𐑑𐑮𐑦𐑐		unknown
Möbius strip	NN1	GenAm	ˈmoʊbiəs strɪp	ˈmoʊbiəs strɪp	𐑥𐑴𐑚𐑾𐑕 𐑕𐑑𐑮𐑦𐑐	𐑥𐑴𐑚𐑾𐑕𐑕𐑑𐑮𐑦𐑐	matches
opera house	NN1	GenAm	ˈɒprə ˌhaʊs	ˈɒpərə haʊs	𐑪𐑐𐑮𐑩 𐑣𐑬𐑕	𐑪𐑐𐑼𐑩𐑣𐑬𐑕	divergent
Soviet Union	NP0	RSSB	ˈsɒviət ˈjuːniən	ˈsəʊvɪət ˈjuːnɪən	𐑕𐑪𐑝𐑾𐑑 𐑿𐑯𐑾𐑯	𐑕𐑴𐑝𐑾𐑑𐑿𐑯𐑾𐑯	divergent
Soviet Union	NP0	RSSB	ˈsəʊvɪət ˈjuːniən	ˈsəʊvɪət ˈjuːnɪən	𐑕𐑴𐑝𐑾𐑑 𐑿𐑯𐑾𐑯	𐑕𐑴𐑝𐑾𐑑𐑿𐑯𐑾𐑯	matches
Soviet Union	NP0	GenAm	ˈsoʊviət ˈjuːnjən	ˈsəʊvɪət ˈjuːnɪən	𐑕𐑴𐑝𐑾𐑑 𐑿𐑯𐑘𐑩𐑯	𐑕𐑴𐑝𐑾𐑑𐑿𐑯𐑾𐑯	divergent
keel over	VVI	RSSB	ˈkiːl əʊvər	kiːl ˈəʊvəR	𐑒𐑰𐑤 𐑴𐑝𐑼	𐑒𐑰𐑤𐑴𐑝𐑼	matches
keel over	VVI	GenAm	ˈkil ˈoʊvəR	kiːl ˈəʊvəR	𐑒𐑦𐑤 𐑴𐑝𐑼	𐑒𐑰𐑤𐑴𐑝𐑼	divergent
bear in mind	VVI	RSSB	beəR ɪn ˈmaɪnd	beəR ɪn maɪnd	𐑚𐑺 𐑦𐑯 𐑥𐑲𐑯𐑛	𐑚𐑺𐑦𐑯𐑥𐑲𐑯𐑛	matches
bear in mind	VVI	GenAm	ˌber ɪn ˈmaɪnd	beəR ɪn maɪnd	𐑚𐑧𐑮 𐑦𐑯 𐑥𐑲𐑯𐑛	𐑚𐑺𐑦𐑯𐑥𐑲𐑯𐑛	divergent
salt shaker	NN1	GenAm	ˈsɒltˌʃeɪkəR	sɔːlt ˈʃeɪkəR	𐑕𐑪𐑤𐑗𐑱𐑒𐑼	𐑕𐑷𐑤𐑑𐑖𐑱𐑒𐑼	divergent
evil eye	NN1	RSSB	ˌiːvəlˈaɪ	ˈiːvəl aɪ	𐑰𐑝𐑩𐑤𐑲	𐑰𐑝𐑩𐑤𐑲	matches
evil eye	NN1	GenAm	ˌivəəlˈaɪ	ˈiːvəl aɪ	𐑦𐑝𐑩𐑩𐑤𐑲	𐑰𐑝𐑩𐑤𐑲	divergent
éminence grise	NN1	RSSB	ˌemɪnɒns ˈɡriːz		𐑧𐑥𐑦𐑯𐑪𐑯𐑕 𐑜𐑮𐑰𐑟		unknown
éminence grise	NN1	GenAm	ˌemɪnɒns ˈɡriz		𐑧𐑥𐑦𐑯𐑪𐑯𐑕 𐑜𐑮𐑦𐑟		unknown
kill off	VVI	RSSB	kɪl ɒf	kɪl ɒf	𐑒𐑦𐑤 𐑪𐑓	𐑒𐑦𐑤𐑪𐑓	matches
kill off	VVI	GenAm	kɪl ɒf	kɪl ɒf	𐑒𐑦𐑤 𐑪𐑓	𐑒𐑦𐑤𐑪𐑓	matches
yellow card	NN1	RSSB	ˈjeləʊ kɑːRd	ˈjeləʊ kɑːRd	𐑘𐑧𐑤𐑴 𐑒𐑸𐑛	𐑘𐑧𐑤𐑴𐑒𐑸𐑛	matches
yellow card	NN1	GenAm	ˈjeloʊ ˌkɑːRd	ˈjeləʊ kɑːRd	𐑘𐑧𐑤𐑴 𐑒𐑸𐑛	𐑘𐑧𐑤𐑴𐑒𐑸𐑛	matches
by hook or by crook	UNC	RSSB	baɪ hʊkəR baɪ krʊk	baɪ hʊk ɔːR baɪ krʊk	𐑚𐑲 𐑣𐑫𐑒𐑼 𐑚𐑲 𐑒𐑮𐑫𐑒	𐑚𐑲𐑣𐑫𐑒𐑹𐑚𐑲𐑒𐑮𐑫𐑒	divergent
by hook or by crook	UNC	GenAm	baɪ ˈhʊkər baɪ ˈkrʊk	baɪ hʊk ɔːR baɪ krʊk	𐑚𐑲 𐑣𐑫𐑒𐑼 𐑚𐑲 𐑒𐑮𐑫𐑒	𐑚𐑲𐑣𐑫𐑒𐑹𐑚𐑲𐑒𐑮𐑫𐑒	divergent
paper money	NN1	RSSB	peɪpəR ˈmʌni	ˈpeɪpəR ˈmʌni	𐑐𐑱𐑐𐑼 𐑥𐑳𐑯𐑦	𐑐𐑱𐑐𐑼𐑥𐑳𐑯𐑦	matches
paper money	NN1	GenAm	ˌpeɪpər ˈmʌni	ˈpeɪpəR ˈmʌni	𐑐𐑱𐑐𐑼 𐑥𐑳𐑯𐑦	𐑐𐑱𐑐𐑼𐑥𐑳𐑯𐑦	matches
globus cruciger	NN1	RSSB	ˌɡləʊbəs kruːsɪdʒəR		𐑜𐑤𐑴𐑚𐑩𐑕 𐑒𐑮𐑵𐑕𐑦𐑡𐑼		unknown
globus cruciger	NN1	GenAm	ˌɡloʊbəs ˈkrusɪdʒəR		𐑜𐑤𐑴𐑚𐑩𐑕 𐑒𐑮𐑫𐑕𐑦𐑡𐑼		unknown
get cold feet	VVI	RSSB	ˌɡet ˈkəʊld fiːt	ɡet kəʊld fiːt	𐑜𐑧𐑑 𐑒𐑴𐑤𐑛 𐑓𐑰𐑑	𐑜𐑧𐑑𐑒𐑴𐑤𐑛𐑓𐑰𐑑	matches
get cold feet	VVI	GenAm	ˌɡet ˈkoʊld fit	ɡet kəʊld fiːt	𐑜𐑧𐑑 𐑒𐑴𐑤𐑛 𐑓𐑦𐑑	𐑜𐑧𐑑𐑒𐑴𐑤𐑛𐑓𐑰𐑑	divergent
weather vane	NN1	GenAm	ˈweðəR veɪn	ˈweðəR veɪn	𐑢𐑧𐑞𐑼 𐑝𐑱𐑯	𐑢𐑧𐑞𐑼𐑝𐑱𐑯	matches
weather vane	NN1	RSSB	weðəR veɪn	ˈweðəR veɪn	𐑢𐑧𐑞𐑼 𐑝𐑱𐑯	𐑢𐑧𐑞𐑼𐑝𐑱𐑯	matches
act up	VVI	RSSB	ækt ˈʌp	ækt ʌp	𐑨𐑒𐑑 𐑳𐑐	𐑨𐑒𐑑𐑳𐑐	matches
act up	VVI	GenAm	ækt ˈʌp	ækt ʌp	𐑨𐑒𐑑 𐑳𐑐	𐑨𐑒𐑑𐑳𐑐	matches
act up	VVI	RSSB	ækˈtʌp	ækt ʌp	𐑨𐑒𐑑𐑳𐑐	𐑨𐑒𐑑𐑳𐑐	matches
act up	VVI	GenAm	ækˈtʌp	ækt ʌp	𐑨𐑒𐑑𐑳𐑐	𐑨𐑒𐑑𐑳𐑐	matches
backward compatible	AJ0	GenAm	ˌbækwəRdkəmˈpætəbəl	ˈbækwəRd kəmˈpætəbəl	𐑚𐑨𐑒𐑢𐑼𐑛𐑒𐑩𐑥𐑐𐑨𐑑𐑩𐑚𐑩𐑤	𐑚𐑨𐑒𐑢𐑼𐑛𐑒𐑩𐑥𐑐𐑨𐑑𐑩𐑚𐑩𐑤	matches
tip of the iceberg	NN1	RSSB	tɪpəv ðiː aɪsbɜːRɡ	tɪp V Ð ˈaɪsbɜːRɡ	𐑑𐑦𐑐𐑩𐑝 𐑞𐑰 𐑲𐑕𐑚𐑻𐑜	𐑑𐑦𐑐𐑝𐑞𐑲𐑕𐑚𐑻𐑜	divergent
tip of the iceberg	NN1	GenAm	ˈtɪpəv ði ˈaɪsbɜːRɡ	tɪp V Ð ˈaɪsbɜːRɡ	𐑑𐑦𐑐𐑩𐑝 𐑞𐑦 𐑲𐑕𐑚𐑻𐑜	𐑑𐑦𐑐𐑝𐑞𐑲𐑕𐑚𐑻𐑜	divergent
smell a rat	VVI	RSSB	ˈsmel ə ˈræt	smel ə ræt	𐑕𐑥𐑧𐑤 𐑩 𐑮𐑨𐑑	𐑕𐑥𐑧𐑤𐑩𐑮𐑨𐑑	matches
white chocolate	NN1	GenAm	ˌwaɪt ˈtʃɒklɪt	ʍaɪt ˈtʃɒkələt	𐑢𐑲𐑑 𐑗𐑪𐑒𐑤𐑦𐑑	𐑢𐑲𐑑𐑗𐑪𐑒𐑩𐑤𐑩𐑑	divergent
white chocolate	NN1	RSSB	ˌwaɪt ˈtʃɒklət	ʍaɪt ˈtʃɒkələt	𐑢𐑲𐑑 𐑗𐑪𐑒𐑤𐑩𐑑	𐑢𐑲𐑑𐑗𐑪𐑒𐑩𐑤𐑩𐑑	divergent
whooping cough	NN1	RSSB	ˈhuːpɪŋ ˌkɒf	ˈhuːpɪŋ kɒf	𐑣𐑵𐑐𐑦𐑙 𐑒𐑪𐑓	𐑣𐑵𐑐𐑦𐑙𐑒𐑪𐑓	matches
whooping cough	NN1	GenAm	ˈhuːpɪŋ ˌkɒf	ˈhuːpɪŋ kɒf	𐑣𐑵𐑐𐑦𐑙 𐑒𐑪𐑓	𐑣𐑵𐑐𐑦𐑙𐑒𐑪𐑓	matches
whooping cough	NN1	RSSB	ˈhuːpɪŋ ˌkɔːf	ˈhuːpɪŋ kɒf	𐑣𐑵𐑐𐑦𐑙 𐑒𐑷𐑓	𐑣𐑵𐑐𐑦𐑙𐑒𐑪𐑓	divergent
whooping cough	NN1	GenAm	ˈwʊpɪŋ ˌkɒf	ˈhuːpɪŋ kɒf	𐑢𐑫𐑐𐑦𐑙 𐑒𐑪𐑓	𐑣𐑵𐑐𐑦𐑙𐑒𐑪𐑓	divergent
Buenos Aires	NP0	RSSB	ˈbweɪnəs eəriːz		𐑚𐑢𐑱𐑯𐑩𐑕 𐑺𐑰𐑟		unknown
Buenos Aires	NP0	RSSB	ˈbwenəʊs ˈaɪres		𐑚𐑢𐑧𐑯𐑴𐑕 𐑲𐑮𐑧𐑕		unknown
Buenos Aires	NP0	GenAm	ˈbwenoʊs ˈaɪres		𐑚𐑢𐑧𐑯𐑴𐑕 𐑲𐑮𐑧𐑕		unknown
Buenos Aires	NP0	GenAm	ˈbweɪnəs ˈeriz		𐑚𐑢𐑱𐑯𐑩𐑕 𐑧𐑮𐑦𐑟		unknown
red blood cell	NN1	GenAm	red blʌd sel	red blʌd sel	𐑮𐑧𐑛 𐑚𐑤𐑳𐑛 𐑕𐑧𐑤	𐑮𐑧𐑛𐑚𐑤𐑳𐑛𐑕𐑧𐑤	matches
cut the mustard	VVI	RSSB	kʌt ðə mʌstəRd	kʌt Ð ˈmʌstəRd	𐑒𐑳𐑑 𐑞𐑩 𐑥𐑳𐑕𐑑𐑼𐑛	𐑒𐑳𐑑𐑞𐑥𐑳𐑕𐑑𐑼𐑛	divergent
cut the mustard	VVI	GenAm	kʌt ðə ˈmʌstərd	kʌt Ð ˈmʌstəRd	𐑒𐑳𐑑 𐑞𐑩 𐑥𐑳𐑕𐑑𐑼𐑛	𐑒𐑳𐑑𐑞𐑥𐑳𐑕𐑑𐑼𐑛	divergent
Bronze Age	NP0	GenAm	ˈbrɒnz eɪdʒ	brɒnz eɪdʒ	𐑚𐑮𐑪𐑯𐑟 𐑱𐑡	𐑚𐑮𐑪𐑯𐑟𐑱𐑡	matches
wind farm	NN1	RSSB	wɪndfɑːRm	wɪnd fɑːRm	𐑢𐑦𐑯𐑛𐑓𐑸𐑥	𐑢𐑦𐑯𐑛𐑓𐑸𐑥	matches
wind farm	NN1	GenAm	ˈwɪndˌfɑːRm	wɪnd fɑːRm	𐑢𐑦𐑯𐑛𐑓𐑸𐑥	𐑢𐑦𐑯𐑛𐑓𐑸𐑥	matches
wise man	NN1	RSSB	ˈwʌɪzman	waɪz mæn	𐑢𐑳𐑦𐑟𐑥𐑨𐑯	𐑢𐑲𐑟𐑥𐑨𐑯	divergent
witch doctor	NN1	RSSB	ˈwɪtʃ dɒktəR	wɪtʃ ˈdɒktəR	𐑢𐑦𐑗 𐑛𐑪𐑒𐑑𐑼	𐑢𐑦𐑗𐑛𐑪𐑒𐑑𐑼	matches
witch doctor	NN1	GenAm	ˈwɪtʃ ˌdɒktəR	wɪtʃ ˈdɒktəR	𐑢𐑦𐑗 𐑛𐑪𐑒𐑑𐑼	𐑢𐑦𐑗𐑛𐑪𐑒𐑑𐑼	matches
nota bene	UNC	RSSB	ˌnəʊtə ˈbeneɪ		𐑯𐑴𐑑𐑩 𐑚𐑧𐑯𐑱		unknown
nota bene	NN1	RSSB	ˌnəʊtə ˈbeneɪ		𐑯𐑴𐑑𐑩 𐑚𐑧𐑯𐑱		unknown
house of cards	NN1	GenAm	ˈhaʊsʌvˌkɑːRdz	haʊs V kɑːRdz	𐑣𐑬𐑕𐑳𐑝𐑒𐑸𐑛𐑟	𐑣𐑬𐑕𐑝𐑒𐑸𐑛𐑟	divergent
Elysian Fields	NP0	RSSB	ɪˈlɪziən ˈfiːldz	ɪˈlɪzɪən fiːldz	𐑦𐑤𐑦𐑟𐑾𐑯 𐑓𐑰𐑤𐑛𐑟	𐑦𐑤𐑦𐑟𐑾𐑯𐑓𐑰𐑤𐑛𐑟	matches
Elysian Fields	NP0	GenAm	ɪˈlɪʒən	ɪˈlɪzɪən fiːldz	𐑦𐑤𐑦𐑠𐑩𐑯	𐑦𐑤𐑦𐑟𐑾𐑯𐑓𐑰𐑤𐑛𐑟	divergent
Elysian Fields	NP0	GenAm	ɪˈliʒən ˈfildz	ɪˈlɪzɪən fiːldz	𐑦𐑤𐑦𐑠𐑩𐑯 𐑓𐑦𐑤𐑛𐑟	𐑦𐑤𐑦𐑟𐑾𐑯𐑓𐑰𐑤𐑛𐑟	divergent
Hobson's choice	NN1	RSSB	ˌhɒbsənz ˈtʃɔɪs		𐑣𐑪𐑚𐑕𐑩𐑯𐑟 𐑗𐑶𐑕		unknown
Hobson's choice	NN1	GenAm	ˌhɒbsənz ˈtʃɔɪs		𐑣𐑪𐑚𐑕𐑩𐑯𐑟 𐑗𐑶𐑕		unknown
rara avis	NN1	RSSB	rɑːrə ˈeɪvɪs		𐑮𐑸𐑩 𐑱𐑝𐑦𐑕		unknown
rara avis	NN1	GenAm	ˌrɑːRə ˈeɪvɪs		𐑮𐑸𐑩 𐑱𐑝𐑦𐑕		unknown
rara avis	NN1	RSSB	rɑːriː ˈeɪviːs		𐑮𐑸𐑰 𐑱𐑝𐑰𐑕		unknown
rara avis	NN1	GenAm	ˌrɑːRi ˈeɪvis		𐑮𐑸𐑦 𐑱𐑝𐑦𐑕		unknown
sock puppet	NN1	RSSB	ˈsɒkˌpʌpɪt	sɒk ˈpʌpIt	𐑕𐑪𐑒𐑐𐑳𐑐𐑦𐑑	𐑕𐑪𐑒𐑐𐑳𐑐𐑩𐑑	matches
sock puppet	NN1	GenAm	ˈsɒkˌpʌpɪt	sɒk ˈpʌpIt	𐑕𐑪𐑒𐑐𐑳𐑐𐑦𐑑	𐑕𐑪𐑒𐑐𐑳𐑐𐑩𐑑	matches
sock puppet	VVI	RSSB	ˈsɒkˌpʌpɪt	sɒk ˈpʌpIt	𐑕𐑪𐑒𐑐𐑳𐑐𐑦𐑑	𐑕𐑪𐑒𐑐𐑳𐑐𐑩𐑑	matches
sock puppet	VVI	GenAm	ˈsɒkˌpʌpɪt	sɒk ˈpʌpIt	𐑕𐑪𐑒𐑐𐑳𐑐𐑦𐑑	𐑕𐑪𐑒𐑐𐑳𐑐𐑩𐑑	matches
carbon dioxide	NN1	RSSB	kɑːRbən daɪˈɒksaɪd	ˈkɑːRbən daɪˈɒksaɪd	𐑒𐑸𐑚𐑩𐑯 𐑛𐑲𐑪𐑒𐑕𐑲𐑛	𐑒𐑸𐑚𐑩𐑯𐑛𐑲𐑪𐑒𐑕𐑲𐑛	matches
carbon dioxide	NN1	GenAm	ˌkɑːRbən daɪˈɒksaɪd	ˈkɑːRbən daɪˈɒksaɪd	𐑒𐑸𐑚𐑩𐑯 𐑛𐑲𐑪𐑒𐑕𐑲𐑛	𐑒𐑸𐑚𐑩𐑯𐑛𐑲𐑪𐑒𐑕𐑲𐑛	matches
night owl	NN1	RSSB	ˈnaɪt aʊl	naɪt aʊl	𐑯𐑲𐑑 𐑬𐑤	𐑯𐑲𐑑𐑬𐑤	matches
night owl	NN1	GenAm	ˈnaɪt ˌaʊl	naɪt aʊl	𐑯𐑲𐑑 𐑬𐑤	𐑯𐑲𐑑𐑬𐑤	matches
ground zero	NN1	RSSB	ˌɡraʊnd zɪərəʊ	ɡraʊnd ˈzɪərəʊ	𐑜𐑮𐑬𐑯𐑛 𐑟𐑽𐑴	𐑜𐑮𐑬𐑯𐑛𐑟𐑽𐑴	matches
ground zero	NN1	GenAm	ˌɡraʊnd ˈzɪəRˌoʊ	ɡraʊnd ˈzɪərəʊ	𐑜𐑮𐑬𐑯𐑛 𐑟𐑽𐑴	𐑜𐑮𐑬𐑯𐑛𐑟𐑽𐑴	matches
get someone's goat	VVI	RSSB	ˌɡet ˈsʌmwʌnz ˈɡəʊt		𐑜𐑧𐑑 𐑕𐑳𐑥𐑢𐑳𐑯𐑟 𐑜𐑴𐑑		unknown
get someone's goat	VVI	GenAm	ˌɡet ˈsʌmwʌnz ˈɡoʊt		𐑜𐑧𐑑 𐑕𐑳𐑥𐑢𐑳𐑯𐑟 𐑜𐑴𐑑		unknown
Monty Python	NP0	RSSB	ˈmɒnti ˈpaɪθən	ˈmɒnti ˈpaɪθən	𐑥𐑪𐑯𐑑𐑦 𐑐𐑲𐑔𐑩𐑯	𐑥𐑪𐑯𐑑𐑦𐑐𐑲𐑔𐑩𐑯	matches
Monty Python	NP0	GenAm	ˈmɒnti ˈpaɪθɒn	ˈmɒnti ˈpaɪθən	𐑥𐑪𐑯𐑑𐑦 𐑐𐑲𐑔𐑪𐑯	𐑥𐑪𐑯𐑑𐑦𐑐𐑲𐑔𐑩𐑯	divergent
corporal punishment	NN1	RSSB	kɔːRpərəl ˈpʌnɪʃmənt	ˈkɔːRpərəl ˈpʌnɪʃmənt	𐑒𐑹𐑐𐑼𐑩𐑤 𐑐𐑳𐑯𐑦𐑖𐑥𐑩𐑯𐑑	𐑒𐑹𐑐𐑼𐑩𐑤𐑐𐑳𐑯𐑦𐑖𐑥𐑩𐑯𐑑	matches
post office	NN1	RSSB	ˈpəʊst ˌɒfɪs	pəʊst ˈɒfɪs	𐑐𐑴𐑕𐑑 𐑪𐑓𐑦𐑕	𐑐𐑴𐑕𐑑𐑪𐑓𐑦𐑕	matches
post office	NN1	GenAm	ˈpoʊst ˌɒfɪs	pəʊst ˈɒfɪs	𐑐𐑴𐑕𐑑 𐑪𐑓𐑦𐑕	𐑐𐑴𐑕𐑑𐑪𐑓𐑦𐑕	matches
Gila monster	NN1	RSSB	ˈhiːlə mɒnstər		𐑣𐑰𐑤𐑩 𐑥𐑪𐑯𐑕𐑑𐑼		unknown
Gila monster	NN1	GenAm	ˈhilə ˈmɒnstəR		𐑣𐑦𐑤𐑩 𐑥𐑪𐑯𐑕𐑑𐑼		unknown
in the dark	UNC	RSSB	ɪn ðə dɑːRk	ɪn Ð dɑːRk	𐑦𐑯 𐑞𐑩 𐑛𐑸𐑒	𐑦𐑯𐑞𐑛𐑸𐑒	divergent
in the dark	UNC	GenAm	ɪn ðə dɑːRk	ɪn Ð dɑːRk	𐑦𐑯 𐑞𐑩 𐑛𐑸𐑒	𐑦𐑯𐑞𐑛𐑸𐑒	divergent
feather duster	NN1	RSSB	feðərdʌstəR	ˈfeðəR ˈdʌstəR	𐑓𐑧𐑞𐑼𐑛𐑳𐑕𐑑𐑼	𐑓𐑧𐑞𐑼𐑛𐑳𐑕𐑑𐑼	matches
feather duster	NN1	GenAm	ˈfeðəR ˈdʌstəR	ˈfeðəR ˈdʌstəR	𐑓𐑧𐑞𐑼 𐑛𐑳𐑕𐑑𐑼	𐑓𐑧𐑞𐑼𐑛𐑳𐑕𐑑𐑼	matches
tickle the ivories	VVI	RSSB	ˌtikəl ðiː aɪvəriz		𐑑𐑦𐑒𐑩𐑤 𐑞𐑰 𐑲𐑝𐑼𐑦𐑟		unknown
tickle the ivories	VVI	GenAm	ˌtikəl ði ˈaɪvəriz		𐑑𐑦𐑒𐑩𐑤 𐑞𐑦 𐑲𐑝𐑼𐑦𐑟		unknown
learn the ropes	VVI	RSSB	lɜːRn ðə ˈrəʊps	lɜːRn Ð rəʊps	𐑤𐑻𐑯 𐑞𐑩 𐑮𐑴𐑐𐑕	𐑤𐑻𐑯𐑞𐑮𐑴𐑐𐑕	divergent
learn the ropes	VVI	GenAm	ˈlɜːRn ðə ˈroʊps	lɜːRn Ð rəʊps	𐑤𐑻𐑯 𐑞𐑩 𐑮𐑴𐑐𐑕	𐑤𐑻𐑯𐑞𐑮𐑴𐑐𐑕	divergent
hung parliament	NN1	RSSB	hʌŋ pɑːRləmənt	hʌŋ ˈpɑːRləmənt	𐑣𐑳𐑙 𐑐𐑸𐑤𐑩𐑥𐑩𐑯𐑑	𐑣𐑳𐑙𐑐𐑸𐑤𐑩𐑥𐑩𐑯𐑑	matches
hung parliament	NN1	GenAm	hʌŋ ˈpɑːRləmənt	hʌŋ ˈpɑːRləmənt	𐑣𐑳𐑙 𐑐𐑸𐑤𐑩𐑥𐑩𐑯𐑑	𐑣𐑳𐑙𐑐𐑸𐑤𐑩𐑥𐑩𐑯𐑑	matches
under fire	UNC	GenAm	ˈʌndəR faɪəR	ˈʌndəR ˈfaɪəR	𐑳𐑯𐑛𐑼 𐑓𐑲𐑼	𐑳𐑯𐑛𐑼𐑓𐑲𐑼	matches
under fire	UNC	RSSB	ʌndəR faɪəR	ˈʌndəR ˈfaɪəR	𐑳𐑯𐑛𐑼 𐑓𐑲𐑼	𐑳𐑯𐑛𐑼𐑓𐑲𐑼	matches
go the way of the dodo	VVI	RSSB	ˈɡəʊ ðə ˌweɪ əvðə ˈdəʊdəʊ	ɡəʊ Ð weɪ V Ð ˈdəʊdəʊ	𐑜𐑴 𐑞𐑩 𐑢𐑱 𐑩𐑝𐑞𐑩 𐑛𐑴𐑛𐑴	𐑜𐑴𐑞𐑢𐑱𐑝𐑞𐑛𐑴𐑛𐑴	divergent
go the way of the dodo	VVI	GenAm	ˈɡoʊ ðə ˌweɪ əvðə ˈdoʊˌdoʊ	ɡəʊ Ð weɪ V Ð ˈdəʊdəʊ	𐑜𐑴 𐑞𐑩 𐑢𐑱 𐑩𐑝𐑞𐑩 𐑛𐑴𐑛𐑴	𐑜𐑴𐑞𐑢𐑱𐑝𐑞𐑛𐑴𐑛𐑴	divergent
writing on the wall	NN1	RSSB	ˈraɪtɪŋ ɒn ðə ˈwɔːl	ˈraɪtɪŋ ɒn Ð wɔːl	𐑮𐑲𐑑𐑦𐑙 𐑪𐑯 𐑞𐑩 𐑢𐑷𐑤	𐑮𐑲𐑑𐑦𐑙𐑪𐑯𐑞𐑢𐑷𐑤	divergent
writing on the wall	NN1	GenAm	ˈraɪtɪŋ ɒn ðə ˈwɒl	ˈraɪtɪŋ ɒn Ð wɔːl	𐑮𐑲𐑑𐑦𐑙 𐑪𐑯 𐑞𐑩 𐑢𐑪𐑤	𐑮𐑲𐑑𐑦𐑙𐑪𐑯𐑞𐑢𐑷𐑤	divergent
writing on the wall	NN1	GenAm	ˈraɪtɪŋ	ˈraɪtɪŋ ɒn Ð wɔːl	𐑮𐑲𐑑𐑦𐑙	𐑮𐑲𐑑𐑦𐑙𐑪𐑯𐑞𐑢𐑷𐑤	divergent
presence of mind	NN1	RSSB	prezəns əv ˈmaɪnd	ˈprezəns V maɪnd	𐑐𐑮𐑧𐑟𐑩𐑯𐑕 𐑩𐑝 𐑥𐑲𐑯𐑛	𐑐𐑮𐑧𐑟𐑩𐑯𐑕𐑝𐑥𐑲𐑯𐑛	divergent
presence of mind	NN1	GenAm	ˌprezəns əv ˈmaɪnd	ˈprezəns V maɪnd	𐑐𐑮𐑧𐑟𐑩𐑯𐑕 𐑩𐑝 𐑥𐑲𐑯𐑛	𐑐𐑮𐑧𐑟𐑩𐑯𐑕𐑝𐑥𐑲𐑯𐑛	divergent
slap on the wrist	VVI	RSSB	ˈslæp ɒn ðə ˈrɪst	slæp ɒn Ð rɪst	𐑕𐑤𐑨𐑐 𐑪𐑯 𐑞𐑩 𐑮𐑦𐑕𐑑	𐑕𐑤𐑨𐑐𐑪𐑯𐑞𐑮𐑦𐑕𐑑	divergent
slap on the wrist	NN1	RSSB	ˈslæp ɒn ðə ˈrɪst	slæp ɒn Ð rɪst	𐑕𐑤𐑨𐑐 𐑪𐑯 𐑞𐑩 𐑮𐑦𐑕𐑑	𐑕𐑤𐑨𐑐𐑪𐑯𐑞𐑮𐑦𐑕𐑑	divergent
count on	VVI	GenAm	kaʊnʌn	kaʊnt ɒn	𐑒𐑬𐑯𐑳𐑯	𐑒𐑬𐑯𐑑𐑪𐑯	divergent
dim sum	NN1	GenAm	ˈdɪmˈsʌm	dɪm sʌm	𐑛𐑦𐑥𐑕𐑳𐑥	𐑛𐑦𐑥𐑕𐑳𐑥	matches
dim sum	NN1	RSSB	ˈdɪmsʊm	dɪm sʌm	𐑛𐑦𐑥𐑕𐑫𐑥	𐑛𐑦𐑥𐑕𐑳𐑥	divergent
dim sum	NN1	RSSB	dɪmˈsʊm	dɪm sʌm	𐑛𐑦𐑥𐑕𐑫𐑥	𐑛𐑦𐑥𐑕𐑳𐑥	divergent
dim sum	NN1	GenAm	ˈdɪmˈsʊm	dɪm sʌm	𐑛𐑦𐑥𐑕𐑫𐑥	𐑛𐑦𐑥𐑕𐑳𐑥	divergent
bok choy	NN1	GenAm	ˌbɒkˈtʃɔɪ		𐑚𐑪𐑒𐑗𐑶		unknown
up to	PRP	RSSB	ˈʌp tuː	ʌp T	𐑳𐑐 𐑑𐑵	𐑳𐑐𐑑	divergent
up to	PRP	RSSB	ˈʌp tə	ʌp T	𐑳𐑐 𐑑𐑩	𐑳𐑐𐑑	divergent
up to	PRP	GenAm	ˈʌp tə	ʌp T	𐑳𐑐 𐑑𐑩	𐑳𐑐𐑑	divergent
VE Day	NP0	RSSB	viːiː ˈdeɪ		𐑝𐑰𐑰 𐑛𐑱		unknown
VE Day	NP0	GenAm	vii ˈdeɪ	vi deɪ	𐑝𐑦𐑦 𐑛𐑱	𐑝𐑦𐑛𐑱	divergent
no strings attached	UNC	RSSB	nəʊ strɪŋzətætʃt	nəʊ strɪŋz əˈtætʃt	𐑯𐑴 𐑕𐑑𐑮𐑦𐑙𐑟𐑩𐑑𐑨𐑗𐑑	𐑯𐑴𐑕𐑑𐑮𐑦𐑙𐑟𐑩𐑑𐑨𐑗𐑑	matches
no strings attached	UNC	GenAm	noʊ ˌstrɪŋzəˈtætʃt	nəʊ strɪŋz əˈtætʃt	𐑯𐑴 𐑕𐑑𐑮𐑦𐑙𐑟𐑩𐑑𐑨𐑗𐑑	𐑯𐑴𐑕𐑑𐑮𐑦𐑙𐑟𐑩𐑑𐑨𐑗𐑑	matches
benzoic acid	NN1	RSSB	benˈzəʊɪk ˈasƏd		𐑚𐑧𐑯𐑟𐑴𐑦𐑒 𐑨𐑕𐑩𐑛		unknown
benzoic acid	NN1	GenAm	benˈzoʊɪk ˈæsƏd	benˈzoʊɪk ˈæsɪd	𐑚𐑧𐑯𐑟𐑴𐑦𐑒 𐑨𐑕𐑩𐑛	𐑚𐑧𐑯𐑟𐑴𐑦𐑒𐑨𐑕𐑦𐑛	matches
a little bird told me	UNC	RSSB	ə ˌlɪtəl bɜːRd ˈtəʊld miː	ə ˈlɪtəl bɜːRd təʊld miː	𐑩 𐑤𐑦𐑑𐑩𐑤 𐑚𐑻𐑛 𐑑𐑴𐑤𐑛 𐑥𐑰	𐑩𐑤𐑦𐑑𐑩𐑤𐑚𐑻𐑛𐑑𐑴𐑤𐑛𐑥𐑰	matches
a little bird told me	UNC	GenAm	ə ˌlɪtəl bɜːRd ˈtoʊld mi	ə ˈlɪtəl bɜːRd təʊld miː	𐑩 𐑤𐑦𐑑𐑩𐑤 𐑚𐑻𐑛 𐑑𐑴𐑤𐑛 𐑥𐑦	𐑩𐑤𐑦𐑑𐑩𐑤𐑚𐑻𐑛𐑑𐑴𐑤𐑛𐑥𐑰	divergent
aspartic acid	NN1	RSSB	æspɑːRtikæsƏd		𐑨𐑕𐑐𐑸𐑑𐑦𐑒𐑨𐑕𐑩𐑛		unknown
aspartic acid	NN1	RSSB	æspɑːrtikæsƏd		𐑨𐑕𐑐𐑸𐑑𐑦𐑒𐑨𐑕𐑩𐑛		unknown
poetic justice	NN1	RSSB	pəʊˌetɪk ˈdʒʌstɪs	pəʊˈetɪk ˈdʒʌstɪs	𐑐𐑴𐑧𐑑𐑦𐑒 𐑡𐑳𐑕𐑑𐑦𐑕	𐑐𐑴𐑧𐑑𐑦𐑒𐑡𐑳𐑕𐑑𐑦𐑕	matches
poetic justice	NN1	GenAm	poʊˌetɪk ˈdʒʌstɪs	pəʊˈetɪk ˈdʒʌstɪs	𐑐𐑴𐑧𐑑𐑦𐑒 𐑡𐑳𐑕𐑑𐑦𐑕	𐑐𐑴𐑧𐑑𐑦𐑒𐑡𐑳𐑕𐑑𐑦𐑕	matches
just deserts	NN1	RSSB	dʒʌst dɪzɜːRts	dʒʌst dɪˈzɜːRts	𐑡𐑳𐑕𐑑 𐑛𐑦𐑟𐑻𐑑𐑕	𐑡𐑳𐑕𐑑𐑛𐑦𐑟𐑻𐑑𐑕	matches
just deserts	NN1	GenAm	dʒʌst dəˈzɜːRts	dʒʌst dɪˈzɜːRts	𐑡𐑳𐑕𐑑 𐑛𐑩𐑟𐑻𐑑𐑕	𐑡𐑳𐑕𐑑𐑛𐑦𐑟𐑻𐑑𐑕	matches
nouveau riche	NN1	RSSB	ˌnuːvəʊ ˈriːʃ	ˈnuːvəʊ riːʃ	𐑯𐑵𐑝𐑴 𐑮𐑰𐑖	𐑯𐑵𐑝𐑴𐑮𐑰𐑖	matches
nouveau riche	NN1	GenAm	ˌnuvoʊ ˈriʃ	ˈnuːvəʊ riːʃ	𐑯𐑫𐑝𐑴 𐑮𐑦𐑖	𐑯𐑵𐑝𐑴𐑮𐑰𐑖	divergent
nouveau riche	NN1	GenAm	ˌnuvoʊ ˈrɪtʃ	ˈnuːvəʊ riːʃ	𐑯𐑫𐑝𐑴 𐑮𐑦𐑗	𐑯𐑵𐑝𐑴𐑮𐑰𐑖	divergent
nouveau riche	AJ0	RSSB	ˌnuːvəʊ ˈriːʃ	ˈnuːvəʊ riːʃ	𐑯𐑵𐑝𐑴 𐑮𐑰𐑖	𐑯𐑵𐑝𐑴𐑮𐑰𐑖	matches
nouveau riche	AJ0	GenAm	ˌnuvoʊ ˈriʃ	ˈnuːvəʊ riːʃ	𐑯𐑫𐑝𐑴 𐑮𐑦𐑖	𐑯𐑵𐑝𐑴𐑮𐑰𐑖	divergent
nouveau riche	AJ0	GenAm	ˌnuvoʊ ˈrɪtʃ	ˈnuːvəʊ riːʃ	𐑯𐑫𐑝𐑴 𐑮𐑦𐑗	𐑯𐑵𐑝𐑴𐑮𐑰𐑖	divergent
at loggerheads	UNC	RSSB	æt lɒɡəRhedz	æt ˈlɒɡəRhedz	𐑨𐑑 𐑤𐑪𐑜𐑼𐑣𐑧𐑛𐑟	𐑨𐑑𐑤𐑪𐑜𐑼𐑣𐑧𐑛𐑟	matches
at loggerheads	UNC	GenAm	æt ˈlɒɡəRˌhedz	æt ˈlɒɡəRhedz	𐑨𐑑 𐑤𐑪𐑜𐑼𐑣𐑧𐑛𐑟	𐑨𐑑𐑤𐑪𐑜𐑼𐑣𐑧𐑛𐑟	matches
at odds	UNC	RSSB	ətˈɒdz	æt ɒdz	𐑩𐑑𐑪𐑛𐑟	𐑨𐑑𐑪𐑛𐑟	matches
at odds	UNC	GenAm	ətˈɒdz	æt ɒdz	𐑩𐑑𐑪𐑛𐑟	𐑨𐑑𐑪𐑛𐑟	matches
any way one slices it	UNC	RSSB	ˌeniweɪ wʌn ˈslaɪsɪzɪt	ˈeni weɪ wʌn ˈslaɪsƏz ɪt	𐑧𐑯𐑦𐑢𐑱 𐑢𐑳𐑯 𐑕𐑤𐑲𐑕𐑦𐑟𐑦𐑑	𐑧𐑯𐑦𐑢𐑱𐑢𐑳𐑯𐑕𐑤𐑲𐑕𐑩𐑟𐑦𐑑	matches
any way one slices it	UNC	GenAm	ˌeniweɪ wʌn ˈslaɪsəzət	ˈeni weɪ wʌn ˈslaɪsƏz ɪt	𐑧𐑯𐑦𐑢𐑱 𐑢𐑳𐑯 𐑕𐑤𐑲𐑕𐑩𐑟𐑩𐑑	𐑧𐑯𐑦𐑢𐑱𐑢𐑳𐑯𐑕𐑤𐑲𐑕𐑩𐑟𐑦𐑑	matches
go postal	VVI	RSSB	ˌɡəʊ ˈpəʊstəl	ɡəʊ ˈpəʊstəl	𐑜𐑴 𐑐𐑴𐑕𐑑𐑩𐑤	𐑜𐑴𐑐𐑴𐑕𐑑𐑩𐑤	matches
go postal	VVI	GenAm	ˌɡoʊ ˈpoʊstəl	ɡəʊ ˈpəʊstəl	𐑜𐑴 𐑐𐑴𐑕𐑑𐑩𐑤	𐑜𐑴𐑐𐑴𐑕𐑑𐑩𐑤	matches
dura mater	NN1	RSSB	djəərə meɪtəR		𐑛𐑘𐑩𐑼𐑩 𐑥𐑱𐑑𐑼		unknown
dura mater	NN1	GenAm	ˈdjərə ˌmeɪtəR	ˈdjərə ˈmeɪtəR	𐑛𐑘𐑼𐑩 𐑥𐑱𐑑𐑼	𐑛𐑘𐑼𐑩𐑥𐑱𐑑𐑼	matches
dura mater	NN1	GenAm	ˈdjərə ˌmɒtəR	ˈdjərə ˈmeɪtəR	𐑛𐑘𐑼𐑩 𐑥𐑪𐑑𐑼	𐑛𐑘𐑼𐑩𐑥𐑱𐑑𐑼	divergent
aurora borealis	NN1	RSSB	ərɔːrə bɔːriælɪs	ɔːˈrɔːrə ˌbɔːriˈɑːlɪs	𐑼𐑹𐑩 𐑚𐑹𐑦𐑨𐑤𐑦𐑕	𐑹𐑹𐑩𐑚𐑹𐑦𐑭𐑤𐑦𐑕	divergent
pari passu	AV0	RSSB	paripɑːsuː		𐑐𐑨𐑮𐑦𐑐𐑭𐑕𐑵		unknown
pari passu	AJ0	RSSB	paripɑːsuː		𐑐𐑨𐑮𐑦𐑐𐑭𐑕𐑵		unknown
Uncle Sam	NP0	RSSB	ˌʌŋkəl ˈsæm	ˈʌŋkəl sæm	𐑳𐑙𐑒𐑩𐑤 𐑕𐑨𐑥	𐑳𐑙𐑒𐑩𐑤𐑕𐑨𐑥	matches
Uncle Sam	NP0	GenAm	ˌʌŋkəl ˈsæm	ˈʌŋkəl sæm	𐑳𐑙𐑒𐑩𐑤 𐑕𐑨𐑥	𐑳𐑙𐑒𐑩𐑤𐑕𐑨𐑥	matches
finger-lickin' good	AJ0	RSSB	fɪŋɡəRlɪkɪn ˈɡʊd		𐑓𐑦𐑙𐑜𐑼𐑤𐑦𐑒𐑦𐑯 𐑜𐑫𐑛		unknown
finger-lickin' good	AJ0	GenAm	ˈfɪŋɡəRˌlɪkɪn ˈɡʊd		𐑓𐑦𐑙𐑜𐑼𐑤𐑦𐑒𐑦𐑯 𐑜𐑫𐑛		unknown
swear word	NN1	RSSB	sweərwɜːRd	sweəR wɜːRd	𐑕𐑢𐑺𐑢𐑻𐑛	𐑕𐑢𐑺𐑢𐑻𐑛	matches
swear word	NN1	GenAm	swer wɜːRd	sweəR wɜːRd	𐑕𐑢𐑧𐑮 𐑢𐑻𐑛	𐑕𐑢𐑺𐑢𐑻𐑛	divergent
folding stuff	NN1	RSSB	ˈfəʊldɪŋ ˌstʌf	ˈfəʊldɪŋ stʌf	𐑓𐑴𐑤𐑛𐑦𐑙 𐑕𐑑𐑳𐑓	𐑓𐑴𐑤𐑛𐑦𐑙𐑕𐑑𐑳𐑓	matches
folding stuff	NN1	GenAm	ˈfoʊldɪŋ ˌstʌf	ˈfəʊldɪŋ stʌf	𐑓𐑴𐑤𐑛𐑦𐑙 𐑕𐑑𐑳𐑓	𐑓𐑴𐑤𐑛𐑦𐑙𐑕𐑑𐑳𐑓	matches
bone of contention	NN1	RSSB	ˈbəʊn əv kənˈtenʃən	bəʊn V kənˈtenʃən	𐑚𐑴𐑯 𐑩𐑝 𐑒𐑩𐑯𐑑𐑧𐑯𐑖𐑩𐑯	𐑚𐑴𐑯𐑝𐑒𐑩𐑯𐑑𐑧𐑯𐑖𐑩𐑯	divergent
bone of contention	NN1	GenAm	ˈboʊn əv kənˈtenʃən	bəʊn V kənˈtenʃən	𐑚𐑴𐑯 𐑩𐑝 𐑒𐑩𐑯𐑑𐑧𐑯𐑖𐑩𐑯	𐑚𐑴𐑯𐑝𐑒𐑩𐑯𐑑𐑧𐑯𐑖𐑩𐑯	divergent
rocket scientist	NN1	RSSB	ˌrɒkɪt ˈsaɪəntɪst	ˈrɒkIt ˈsaɪəntɪst	𐑮𐑪𐑒𐑦𐑑 𐑕𐑲𐑩𐑯𐑑𐑦𐑕𐑑	𐑮𐑪𐑒𐑩𐑑𐑕𐑲𐑩𐑯𐑑𐑦𐑕𐑑	matches
rocket scientist	NN1	GenAm	ˌrɒkət ˈsaɪəntəst	ˈrɒkIt ˈsaɪəntɪst	𐑮𐑪𐑒𐑩𐑑 𐑕𐑲𐑩𐑯𐑑𐑩𐑕𐑑	𐑮𐑪𐑒𐑩𐑑𐑕𐑲𐑩𐑯𐑑𐑦𐑕𐑑	matches
home free	AJ0	RSSB	ˌhəʊm ˈfriː	həʊm friː	𐑣𐑴𐑥 𐑓𐑮𐑰	𐑣𐑴𐑥𐑓𐑮𐑰	matches
hot dog	NN1	RSSB	ˈhɒtdɒɡ	hɒt dɒɡ	𐑣𐑪𐑑𐑛𐑪𐑜	𐑣𐑪𐑑𐑛𐑪𐑜	matches
hot dog	NN1	GenAm	ˈhɒtdɒɡ	hɒt dɒɡ	𐑣𐑪𐑑𐑛𐑪𐑜	𐑣𐑪𐑑𐑛𐑪𐑜	matches
hot dog	NN1	RSSB	ˌhɒtˈdɒɡ	hɒt dɒɡ	𐑣𐑪𐑑𐑛𐑪𐑜	𐑣𐑪𐑑𐑛𐑪𐑜	matches
hot dog	NN1	GenAm	ˌhɒtˈdɒɡ	hɒt dɒɡ	𐑣𐑪𐑑𐑛𐑪𐑜	𐑣𐑪𐑑𐑛𐑪𐑜	matches
hot dog	VVI	RSSB	ˈhɒtdɒɡ	hɒt dɒɡ	𐑣𐑪𐑑𐑛𐑪𐑜	𐑣𐑪𐑑𐑛𐑪𐑜	matches
hot dog	VVI	GenAm	ˈhɒtdɒɡ	hɒt dɒɡ	𐑣𐑪𐑑𐑛𐑪𐑜	𐑣𐑪𐑑𐑛𐑪𐑜	matches
hot dog	VVI	RSSB	ˌhɒtˈdɒɡ	hɒt dɒɡ	𐑣𐑪𐑑𐑛𐑪𐑜	𐑣𐑪𐑑𐑛𐑪𐑜	matches
hot dog	VVI	GenAm	ˌhɒtˈdɒɡ	hɒt dɒɡ	𐑣𐑪𐑑𐑛𐑪𐑜	𐑣𐑪𐑑𐑛𐑪𐑜	matches
hot dog	ITJ	RSSB	ˈhɒtdɒɡ	hɒt dɒɡ	𐑣𐑪𐑑𐑛𐑪𐑜	𐑣𐑪𐑑𐑛𐑪𐑜	matches
hot dog	ITJ	GenAm	ˈhɒtdɒɡ	hɒt dɒɡ	𐑣𐑪𐑑𐑛𐑪𐑜	𐑣𐑪𐑑𐑛𐑪𐑜	matches
hot dog	ITJ	RSSB	ˌhɒtˈdɒɡ	hɒt dɒɡ	𐑣𐑪𐑑𐑛𐑪𐑜	𐑣𐑪𐑑𐑛𐑪𐑜	matches
hot dog	ITJ	GenAm	ˌhɒtˈdɒɡ	hɒt dɒɡ	𐑣𐑪𐑑𐑛𐑪𐑜	𐑣𐑪𐑑𐑛𐑪𐑜	matches
cop on	NN1	RSSB	kɒp ɒn	kɒp ɒn	𐑒𐑪𐑐 𐑪𐑯	𐑒𐑪𐑐𐑪𐑯	matches
cop on	VVI	RSSB	kɒp ɒn	kɒp ɒn	𐑒𐑪𐑐 𐑪𐑯	𐑒𐑪𐑐𐑪𐑯	matches
pull out all the stops	VVI	RSSB	ˈpʊlaʊtɔːl ðə ˈstɒps	pʊl aʊt ɔːl Ð stɒps	𐑐𐑫𐑤𐑬𐑑𐑷𐑤 𐑞𐑩 𐑕𐑑𐑪𐑐𐑕	𐑐𐑫𐑤𐑬𐑑𐑷𐑤𐑞𐑕𐑑𐑪𐑐𐑕	divergent
a fortiori	AJ0	RSSB	ˌeɪ fɔːrtiɔːraɪ		𐑱 𐑓𐑹𐑑𐑦𐑹𐑲		unknown
a fortiori	AJ0	RSSB	ˌeɪ fɔːrtiɔːri		𐑱 𐑓𐑹𐑑𐑦𐑹𐑦		unknown
a fortiori	AJ0	GenAm	ˌeɪ ˌforʃiˈorˌaɪ		𐑱 𐑓𐑪𐑮𐑖𐑦𐑪𐑮𐑲		unknown
a fortiori	AJ0	GenAm	ˌeɪ ˌfortiˈorˌaɪ		𐑱 𐑓𐑪𐑮𐑑𐑦𐑪𐑮𐑲		unknown
a fortiori	AJ0	GenAm	ˌeɪ ˌforʃiˈori		𐑱 𐑓𐑪𐑮𐑖𐑦𐑪𐑮𐑦		unknown
a fortiori	AJ0	GenAm	ˌeɪ ˌfortiˈori		𐑱 𐑓𐑪𐑮𐑑𐑦𐑪𐑮𐑦		unknown
a fortiori	AV0	RSSB	ˌeɪ fɔːrtiɔːraɪ		𐑱 𐑓𐑹𐑑𐑦𐑹𐑲		unknown
a fortiori	AV0	RSSB	ˌeɪ fɔːrtiɔːri		𐑱 𐑓𐑹𐑑𐑦𐑹𐑦		unknown
a fortiori	AV0	GenAm	ˌeɪ ˌforʃiˈorˌaɪ		𐑱 𐑓𐑪𐑮𐑖𐑦𐑪𐑮𐑲		unknown
a fortiori	AV0	GenAm	ˌeɪ ˌfortiˈorˌaɪ		𐑱 𐑓𐑪𐑮𐑑𐑦𐑪𐑮𐑲		unknown
a fortiori	AV0	GenAm	ˌeɪ ˌforʃiˈori		𐑱 𐑓𐑪𐑮𐑖𐑦𐑪𐑮𐑦		unknown
a fortiori	AV0	GenAm	ˌeɪ ˌfortiˈori		𐑱 𐑓𐑪𐑮𐑑𐑦𐑪𐑮𐑦		unknown
sodium bicarbonate	NN1	GenAm	ˈsoʊdiəm ˌbaɪˈkɑːRbəneɪt	ˈsəʊdɪəm ˌbaɪˈkɑːRbənət	𐑕𐑴𐑛𐑾𐑥 𐑚𐑲𐑒𐑸𐑚𐑩𐑯𐑱𐑑	𐑕𐑴𐑛𐑾𐑥𐑚𐑲𐑒𐑸𐑚𐑩𐑯𐑩𐑑	divergent
Jesus jammies	NN1	RSSB	ˈdʒiːzəs ˌdʒæmiːz		𐑡𐑰𐑟𐑩𐑕 𐑡𐑨𐑥𐑰𐑟		unknown
Jesus jammies	NN1	GenAm	ˈdʒiːzəs ˌdʒæmiːz		𐑡𐑰𐑟𐑩𐑕 𐑡𐑨𐑥𐑰𐑟		unknown
mother tongue	NN1	RSSB	mʌðəR ˌtʌŋ	ˈmʌðəR tʌŋ	𐑥𐑳𐑞𐑼 𐑑𐑳𐑙	𐑥𐑳𐑞𐑼𐑑𐑳𐑙	matches
mother tongue	NN1	GenAm	ˈmʌðəR ˌtʌŋ	ˈmʌðəR tʌŋ	𐑥𐑳𐑞𐑼 𐑑𐑳𐑙	𐑥𐑳𐑞𐑼𐑑𐑳𐑙	matches
above ground	UNC	GenAm	əˈbʌvˌɡraʊnd	əˈbʌv ɡraʊnd	𐑩𐑚𐑳𐑝𐑜𐑮𐑬𐑯𐑛	𐑩𐑚𐑳𐑝𐑜𐑮𐑬𐑯𐑛	matches
desire line	NN1	RSSB	dɪzaɪəR laɪn	dɪˈzaɪəR laɪn	𐑛𐑦𐑟𐑲𐑼 𐑤𐑲𐑯	𐑛𐑦𐑟𐑲𐑼𐑤𐑲𐑯	matches
desire line	NN1	GenAm	dɪˈzaɪr laɪn	dɪˈzaɪəR laɪn	𐑛𐑦𐑟𐑲𐑮 𐑤𐑲𐑯	𐑛𐑦𐑟𐑲𐑼𐑤𐑲𐑯	divergent
easy street	NN1	RSSB	ˈiːzi ˌstriːt	ˈiːzi striːt	𐑰𐑟𐑦 𐑕𐑑𐑮𐑰𐑑	𐑰𐑟𐑦𐑕𐑑𐑮𐑰𐑑	matches
easy street	NN1	GenAm	ˈizi ˌstrit	ˈiːzi striːt	𐑦𐑟𐑦 𐑕𐑑𐑮𐑦𐑑	𐑰𐑟𐑦𐑕𐑑𐑮𐑰𐑑	divergent
tall order	NN1	RSSB	ˈtɔːl ɔːRdəR	tɔːl ˈɔːRdəR	𐑑𐑷𐑤 𐑹𐑛𐑼	𐑑𐑷𐑤𐑹𐑛𐑼	matches
tall order	NN1	GenAm	ˈtɒl ˈɔːRdəR	tɔːl ˈɔːRdəR	𐑑𐑪𐑤 𐑹𐑛𐑼	𐑑𐑷𐑤𐑹𐑛𐑼	divergent
tall order	NN1	GenAm	ˈtɒl ˈɔːRtəR	tɔːl ˈɔːRdəR	𐑑𐑪𐑤 𐑹𐑑𐑼	𐑑𐑷𐑤𐑹𐑛𐑼	divergent
sweet FA	PNP	RSSB	ˌswiːt ef ˈeɪ	swiːt fɑː	𐑕𐑢𐑰𐑑 𐑧𐑓 𐑱	𐑕𐑢𐑰𐑑𐑓𐑭	divergent
old hat	NN1	RSSB	ˌəʊldˈhæt	əʊld hæt	𐑴𐑤𐑛𐑣𐑨𐑑	𐑴𐑤𐑛𐑣𐑨𐑑	matches
old hat	NN1	GenAm	ˌoʊldˈhæt	əʊld hæt	𐑴𐑤𐑛𐑣𐑨𐑑	𐑴𐑤𐑛𐑣𐑨𐑑	matches
old hat	AJ0	RSSB	ˌəʊldˈhæt	əʊld hæt	𐑴𐑤𐑛𐑣𐑨𐑑	𐑴𐑤𐑛𐑣𐑨𐑑	matches
old hat	AJ0	GenAm	ˌoʊldˈhæt	əʊld hæt	𐑴𐑤𐑛𐑣𐑨𐑑	𐑴𐑤𐑛𐑣𐑨𐑑	matches
piping hot	AJ0	RSSB	ˌpaɪpɪŋ ˈhɒt	ˈpaɪpɪŋ hɒt	𐑐𐑲𐑐𐑦𐑙 𐑣𐑪𐑑	𐑐𐑲𐑐𐑦𐑙𐑣𐑪𐑑	matches
piping hot	AJ0	GenAm	ˌpaɪpɪŋ ˈhɒt	ˈpaɪpɪŋ hɒt	𐑐𐑲𐑐𐑦𐑙 𐑣𐑪𐑑	𐑐𐑲𐑐𐑦𐑙𐑣𐑪𐑑	matches
voir dire	NN1	RSSB	vwɑːR dɪəR		𐑝𐑢𐑸 𐑛𐑽		unknown
voir dire	NN1	GenAm	ˈvɔːR ˌdaɪr		𐑝𐑹 𐑛𐑲𐑮		unknown
voir dire	NN1	GenAm	ˈvɔːR ˌdɪr		𐑝𐑹 𐑛𐑦𐑮		unknown
voir dire	NN1	GenAm	ˈvwɑːR ˌdɪr		𐑝𐑢𐑸 𐑛𐑦𐑮		unknown
carrier wave	NN1	RSSB	kærɪəR weɪv	ˈkærɪəR weɪv	𐑒𐑨𐑮𐑽 𐑢𐑱𐑝	𐑒𐑨𐑮𐑽𐑢𐑱𐑝	matches
carrier wave	NN1	GenAm	ˈkærɪəR weɪv	ˈkærɪəR weɪv	𐑒𐑨𐑮𐑽 𐑢𐑱𐑝	𐑒𐑨𐑮𐑽𐑢𐑱𐑝	matches
Nemean Lion	NP0	GenAm	ˌnimiən ˈlaiən		𐑯𐑦𐑥𐑾𐑯 𐑤𐑨𐑾𐑯		unknown
Schrödinger's cat	NN1	GenAm	ˌʃroʊdɪŋəRz ˈkæt		𐑖𐑮𐑴𐑛𐑦𐑙𐑼𐑟 𐑒𐑨𐑑		unknown
Schrödinger's cat	NP0	GenAm	ˌʃroʊdɪŋəRz ˈkæt		𐑖𐑮𐑴𐑛𐑦𐑙𐑼𐑟 𐑒𐑨𐑑		unknown
goose flesh	NN1	RSSB	ˈɡuːsˌfleʃ	ɡuːs fleʃ	𐑜𐑵𐑕𐑓𐑤𐑧𐑖	𐑜𐑵𐑕𐑓𐑤𐑧𐑖	matches
light source	NN1	RSSB	laɪtsɔːRs	laɪt sɔːRs	𐑤𐑲𐑑𐑕𐑹𐑕	𐑤𐑲𐑑𐑕𐑹𐑕	matches
light source	NN1	GenAm	ˈlaɪtsɔːRs	laɪt sɔːRs	𐑤𐑲𐑑𐑕𐑹𐑕	𐑤𐑲𐑑𐑕𐑹𐑕	matches
dining room	NN1	GenAm	ˈdaɪnɪŋˌrum	ˈdaɪnɪŋ ruːm	𐑛𐑲𐑯𐑦𐑙𐑮𐑫𐑥	𐑛𐑲𐑯𐑦𐑙𐑮𐑵𐑥	divergent
Nobel Prize	NN1	GenAm	noʊˈbel ˌpraɪz	nəʊˈbel praɪz	𐑯𐑴𐑚𐑧𐑤 𐑐𐑮𐑲𐑟	𐑯𐑴𐑚𐑧𐑤𐑐𐑮𐑲𐑟	matches
Nobel Prize	NN1	GenAm	ˈnoʊˌbel ˈpraɪz	nəʊˈbel praɪz	𐑯𐑴𐑚𐑧𐑤 𐑐𐑮𐑲𐑟	𐑯𐑴𐑚𐑧𐑤𐑐𐑮𐑲𐑟	matches
power plant	NN1	RSSB	paʊəR ˌplɑːnt	ˈpaʊəR plⱭːnt	𐑐𐑬𐑼 𐑐𐑤𐑭𐑯𐑑	𐑐𐑬𐑼𐑐𐑤𐑭𐑯𐑑	matches
power plant	NN1	GenAm	ˈpaʊər ˌplænt	ˈpaʊəR plⱭːnt	𐑐𐑬𐑼 𐑐𐑤𐑨𐑯𐑑	𐑐𐑬𐑼𐑐𐑤𐑭𐑯𐑑	matches
au pair	AV0	RSSB	əʊ peəR		𐑴 𐑐𐑺		unknown
au pair	AV0	GenAm	oʊ ˈpeər		𐑴 𐑐𐑺		unknown
au pair	NN1	RSSB	əʊ peəR		𐑴 𐑐𐑺		unknown
au pair	NN1	GenAm	oʊ ˈpeər		𐑴 𐑐𐑺		unknown
war crime	NN1	RSSB	wɔːR kraɪm	wɔːR kraɪm	𐑢𐑹 𐑒𐑮𐑲𐑥	𐑢𐑹𐑒𐑮𐑲𐑥	matches
war crime	NN1	GenAm	ˈwɔːR ˌkraɪm	wɔːR kraɪm	𐑢𐑹 𐑒𐑮𐑲𐑥	𐑢𐑹𐑒𐑮𐑲𐑥	matches
pipe bomb	NN1	RSSB	ˈpaɪp ˌbɒm	paɪp bɒm	𐑐𐑲𐑐 𐑚𐑪𐑥	𐑐𐑲𐑐𐑚𐑪𐑥	matches
pipe bomb	NN1	GenAm	ˈpaɪp ˌbɒm	paɪp bɒm	𐑐𐑲𐑐 𐑚𐑪𐑥	𐑐𐑲𐑐𐑚𐑪𐑥	matches
pipe bomb	VVI	RSSB	ˈpaɪp ˌbɒm	paɪp bɒm	𐑐𐑲𐑐 𐑚𐑪𐑥	𐑐𐑲𐑐𐑚𐑪𐑥	matches
pipe bomb	VVI	GenAm	ˈpaɪp ˌbɒm	paɪp bɒm	𐑐𐑲𐑐 𐑚𐑪𐑥	𐑐𐑲𐑐𐑚𐑪𐑥	matches
Fata Morgana	NN1	RSSB	ˌfɑːtə mɔːRɡɑːnə		𐑓𐑭𐑑𐑩 𐑥𐑹𐑜𐑭𐑯𐑩		unknown
Fata Morgana	NN1	GenAm	ˌfɒtə mɔːRˈɡɒnə		𐑓𐑪𐑑𐑩 𐑥𐑹𐑜𐑪𐑯𐑩		unknown
out of kilter	UNC	RSSB	ˌaʊt əv kɪltəR		𐑬𐑑 𐑩𐑝 𐑒𐑦𐑤𐑑𐑼		unknown
out of kilter	UNC	GenAm	ˌaʊt əv ˈkɪltəR	aʊt V ˈkɪltəR	𐑬𐑑 𐑩𐑝 𐑒𐑦𐑤𐑑𐑼	𐑬𐑑𐑝𐑒𐑦𐑤𐑑𐑼	divergent
quote unquote	AJ0	RSSB	kwəʊt ʌnkwəʊt	kwəʊt ʌnˈkwəʊt	𐑒𐑢𐑴𐑑 𐑳𐑯𐑒𐑢𐑴𐑑	𐑒𐑢𐑴𐑑𐑳𐑯𐑒𐑢𐑴𐑑	matches
quote unquote	AJ0	RSSB	kwəʊt ɒnkwəʊt	kwəʊt ʌnˈkwəʊt	𐑒𐑢𐑴𐑑 𐑪𐑯𐑒𐑢𐑴𐑑	𐑒𐑢𐑴𐑑𐑳𐑯𐑒𐑢𐑴𐑑	divergent
quote unquote	AV0	RSSB	kwəʊt ʌnkwəʊt	kwəʊt ʌnˈkwəʊt	𐑒𐑢𐑴𐑑 𐑳𐑯𐑒𐑢𐑴𐑑	𐑒𐑢𐑴𐑑𐑳𐑯𐑒𐑢𐑴𐑑	matches
quote unquote	AV0	RSSB	kwəʊt ɒnkwəʊt	kwəʊt ʌnˈkwəʊt	𐑒𐑢𐑴𐑑 𐑪𐑯𐑒𐑢𐑴𐑑	𐑒𐑢𐑴𐑑𐑳𐑯𐑒𐑢𐑴𐑑	divergent
haute couture	NN1	RSSB	əʊt kuːtjəəR		𐑴𐑑 𐑒𐑵𐑑𐑘𐑩𐑼		unknown
Morgan le Fay	NP0	RSSB	mɔːɡən lə ˈfeɪ		𐑥𐑷𐑜𐑩𐑯 𐑤𐑩 𐑓𐑱		unknown
Dungeons & Dragons	NP0	GenAm	dʌndʒənz ænd dræɡənz		𐑛𐑳𐑯𐑡𐑩𐑯𐑟 𐑨𐑯𐑛 𐑛𐑮𐑨𐑜𐑩𐑯𐑟		unknown
Dungeons & Dragons	NP0	GenAm	dʌndʒənz ən dʒræːɡənz		𐑛𐑳𐑯𐑡𐑩𐑯𐑟 𐑩𐑯 𐑡𐑮𐑨𐑜𐑩𐑯𐑟		unknown
lo mein	NN1	GenAm	ˌloʊ ˈmeɪn		𐑤𐑴 𐑥𐑱𐑯		unknown
sword of Damocles	NN1	GenAm	ˈsɔːRd əv ˈdæməkliz	sɔːRd V ˈdæməkliːz	𐑕𐑹𐑛 𐑩𐑝 𐑛𐑨𐑥𐑩𐑒𐑤𐑦𐑟	𐑕𐑹𐑛𐑝𐑛𐑨𐑥𐑩𐑒𐑤𐑰𐑟	divergent
pro rata	AV0	RSSB	ˌprəʊ rɑːtə		𐑐𐑮𐑴 𐑮𐑭𐑑𐑩		unknown
sex reassignment surgery	NN1	GenAm	ˈseksrɪəˈsaɪnmənt ˈsəRdʒəRi	seks ˈriːəˌsaɪnmənt ˈsɜːRdʒəri	𐑕𐑧𐑒𐑕𐑮𐑾𐑕𐑲𐑯𐑥𐑩𐑯𐑑 𐑕𐑼𐑡𐑼𐑦	𐑕𐑧𐑒𐑕𐑮𐑰𐑩𐑕𐑲𐑯𐑥𐑩𐑯𐑑𐑕𐑻𐑡𐑼𐑦	divergent
olive branch	NN1	RSSB	ˈɒlɪv brɑːntʃ	ˈɒlɪv brⱭːntʃ	𐑪𐑤𐑦𐑝 𐑚𐑮𐑭𐑯𐑗	𐑪𐑤𐑦𐑝𐑚𐑮𐑭𐑯𐑗	matches
olive branch	NN1	GenAm	ˈɒlɪv bræntʃ	ˈɒlɪv brⱭːntʃ	𐑪𐑤𐑦𐑝 𐑚𐑮𐑨𐑯𐑗	𐑪𐑤𐑦𐑝𐑚𐑮𐑭𐑯𐑗	matches
olive branch	VVI	RSSB	ˈɒlɪv brɑːntʃ	ˈɒlɪv brⱭːntʃ	𐑪𐑤𐑦𐑝 𐑚𐑮𐑭𐑯𐑗	𐑪𐑤𐑦𐑝𐑚𐑮𐑭𐑯𐑗	matches
olive branch	VVI	GenAm	ˈɒlɪv bræntʃ	ˈɒlɪv brⱭːntʃ	𐑪𐑤𐑦𐑝 𐑚𐑮𐑨𐑯𐑗	𐑪𐑤𐑦𐑝𐑚𐑮𐑭𐑯𐑗	matches
Croydon facelift	NN1	RSSB	krɔɪdən ˈfeɪslɪft		𐑒𐑮𐑶𐑛𐑩𐑯 𐑓𐑱𐑕𐑤𐑦𐑓𐑑		unknown
eo ipso	AV0	RSSB	ˌeɪəʊ ˈɪpsəʊ		𐑱𐑴 𐑦𐑐𐑕𐑴		unknown
bodice ripper	NN1	RSSB	ˈbɒdɪs rɪpəR		𐑚𐑪𐑛𐑦𐑕 𐑮𐑦𐑐𐑼		unknown
bodice ripper	NN1	GenAm	ˈbɒdɪs ˌrɪpəR	ˈbɒdɪs ˈrɪpəR	𐑚𐑪𐑛𐑦𐑕 𐑮𐑦𐑐𐑼	𐑚𐑪𐑛𐑦𐑕𐑮𐑦𐑐𐑼	matches
greenhouse gas	NN1	RSSB	ˌɡriːnhaʊs ˈɡæs	ˈɡriːnhaʊs ɡæs	𐑜𐑮𐑰𐑯𐑣𐑬𐑕 𐑜𐑨𐑕	𐑜𐑮𐑰𐑯𐑣𐑬𐑕𐑜𐑨𐑕	matches
greenhouse gas	NN1	GenAm	ˌɡrinˌhaʊs ˈɡæs	ˈɡriːnhaʊs ɡæs	𐑜𐑮𐑦𐑯𐑣𐑬𐑕 𐑜𐑨𐑕	𐑜𐑮𐑰𐑯𐑣𐑬𐑕𐑜𐑨𐑕	divergent
Stone Age	NP0	RSSB	ˈstəʊn ˌeɪdʒ	stəʊn eɪdʒ	𐑕𐑑𐑴𐑯 𐑱𐑡	𐑕𐑑𐑴𐑯𐑱𐑡	matches
Stone Age	NP0	GenAm	ˈstoʊn ˌeɪdʒ	stəʊn eɪdʒ	𐑕𐑑𐑴𐑯 𐑱𐑡	𐑕𐑑𐑴𐑯𐑱𐑡	matches
top banana	NN1	GenAm	ˌtɒp bəˈnænə	tɒp bəˈnⱭːnə	𐑑𐑪𐑐 𐑚𐑩𐑯𐑨𐑯𐑩	𐑑𐑪𐑐𐑚𐑩𐑯𐑭𐑯𐑩	matches
top banana	NN1	RSSB	ˌtɒp bəˈnɑːnə	tɒp bəˈnⱭːnə	𐑑𐑪𐑐 𐑚𐑩𐑯𐑭𐑯𐑩	𐑑𐑪𐑐𐑚𐑩𐑯𐑭𐑯𐑩	matches
bully pulpit	NN1	RSSB	ˌbʊli ˈpʊlpɪt	ˈbʊli ˈpʊlpɪt	𐑚𐑫𐑤𐑦 𐑐𐑫𐑤𐑐𐑦𐑑	𐑚𐑫𐑤𐑦𐑐𐑫𐑤𐑐𐑦𐑑	matches
bully pulpit	NN1	GenAm	ˌbʊli ˈpʊlpɪt	ˈbʊli ˈpʊlpɪt	𐑚𐑫𐑤𐑦 𐑐𐑫𐑤𐑐𐑦𐑑	𐑚𐑫𐑤𐑦𐑐𐑫𐑤𐑐𐑦𐑑	matches
close, but no cigar	UNC	RSSB	ˈkləʊs bʌt nəʊ sɪɡɑːR		𐑒𐑤𐑴𐑕 𐑚𐑳𐑑 𐑯𐑴 𐑕𐑦𐑜𐑸		unknown
close, but no cigar	UNC	GenAm	ˈkloʊs bʌt noʊ sɪˈɡɑːR		𐑒𐑤𐑴𐑕 𐑚𐑳𐑑 𐑯𐑴 𐑕𐑦𐑜𐑸		unknown
round tuit	NN1	RSSB	raʊnd ˈtuːɪt		𐑮𐑬𐑯𐑛 𐑑𐑵𐑦𐑑		unknown
round tuit	NN1	GenAm	raʊnd ˈtuɪt		𐑮𐑬𐑯𐑛 𐑑𐑫𐑦𐑑		unknown
eau de nil	NN1	RSSB	ˌəʊdəˈniːl		𐑴𐑛𐑩𐑯𐑰𐑤		unknown
eau de nil	NN1	GenAm	ˌoʊdəˈniːl	oʊ də nɪl	𐑴𐑛𐑩𐑯𐑰𐑤	𐑴𐑛𐑩𐑯𐑦𐑤	divergent
eau de nil	AJ0	RSSB	ˌəʊdəˈniːl		𐑴𐑛𐑩𐑯𐑰𐑤		unknown
eau de nil	AJ0	GenAm	ˌoʊdəˈniːl	oʊ də nɪl	𐑴𐑛𐑩𐑯𐑰𐑤	𐑴𐑛𐑩𐑯𐑦𐑤	divergent
cold war	NN1	RSSB	ˌkəʊld wɔːR	kəʊld wɔːR	𐑒𐑴𐑤𐑛 𐑢𐑹	𐑒𐑴𐑤𐑛𐑢𐑹	matches
grappling hook	NN1	GenAm	ˈɡræpəlɪŋ ˌhʊk	ˈɡræplɪŋ hʊk	𐑜𐑮𐑨𐑐𐑩𐑤𐑦𐑙 𐑣𐑫𐑒	𐑜𐑮𐑨𐑐𐑤𐑦𐑙𐑣𐑫𐑒	divergent
All Hallows	NP0	RSSB	ˌɔːl ˈhæləʊz	ɔːl ˈhæləʊz	𐑷𐑤 𐑣𐑨𐑤𐑴𐑟	𐑷𐑤𐑣𐑨𐑤𐑴𐑟	matches
in lieu of	PRP	RSSB	ɪn ljuː əv	ɪn luː V	𐑦𐑯 𐑤𐑿 𐑩𐑝	𐑦𐑯𐑤𐑵𐑝	divergent
in lieu of	PRP	RSSB	ɪn ljuː ɒv	ɪn luː V	𐑦𐑯 𐑤𐑿 𐑪𐑝	𐑦𐑯𐑤𐑵𐑝	divergent
in lieu of	PRP	GenAm	ɪn luː əv	ɪn luː V	𐑦𐑯 𐑤𐑵 𐑩𐑝	𐑦𐑯𐑤𐑵𐑝	divergent
in lieu of	PRP	GenAm	ɪn luː ɑːv	ɪn luː V	𐑦𐑯 𐑤𐑵 𐑭𐑝	𐑦𐑯𐑤𐑵𐑝	divergent
stepping stone	NN1	RSSB	ˈstepɪŋ stəʊn	ˈstepɪŋ stəʊn	𐑕𐑑𐑧𐑐𐑦𐑙 𐑕𐑑𐑴𐑯	𐑕𐑑𐑧𐑐𐑦𐑙𐑕𐑑𐑴𐑯	matches
stepping stone	NN1	GenAm	ˈstepɪŋ stoʊn	ˈstepɪŋ stəʊn	𐑕𐑑𐑧𐑐𐑦𐑙 𐑕𐑑𐑴𐑯	𐑕𐑑𐑧𐑐𐑦𐑙𐑕𐑑𐑴𐑯	matches
all right	AJ0	RSSB	ɔːlraɪt	ɔːl raɪt	𐑷𐑤𐑮𐑲𐑑	𐑷𐑤𐑮𐑲𐑑	matches
all right	AV0	RSSB	ɔːlraɪt	ɔːl raɪt	𐑷𐑤𐑮𐑲𐑑	𐑷𐑤𐑮𐑲𐑑	matches
all right	ITJ	RSSB	ɔːlraɪt	ɔːl raɪt	𐑷𐑤𐑮𐑲𐑑	𐑷𐑤𐑮𐑲𐑑	matches
tree frog	NN1	RSSB	ˈtriːfrɒɡ	triː frɒɡ	𐑑𐑮𐑰𐑓𐑮𐑪𐑜	𐑑𐑮𐑰𐑓𐑮𐑪𐑜	matches
tree frog	NN1	GenAm	ˈtriːfrɒɡ	triː frɒɡ	𐑑𐑮𐑰𐑓𐑮𐑪𐑜	𐑑𐑮𐑰𐑓𐑮𐑪𐑜	matches
witching hour	NN1	RSSB	ˈwɪtʃɪŋ aʊəR	ˈwɪtʃɪŋ ˈaʊəR	𐑢𐑦𐑗𐑦𐑙 𐑬𐑼	𐑢𐑦𐑗𐑦𐑙𐑬𐑼	matches
witching hour	NN1	GenAm	ˈwɪtʃɪŋ ˌaʊər	ˈwɪtʃɪŋ ˈaʊəR	𐑢𐑦𐑗𐑦𐑙 𐑬𐑼	𐑢𐑦𐑗𐑦𐑙𐑬𐑼	matches
by heart	UNC	RSSB	baɪ hɑːRt	baɪ hɑːRt	𐑚𐑲 𐑣𐑸𐑑	𐑚𐑲𐑣𐑸𐑑	matches
by heart	UNC	GenAm	baɪ ˈhɑːRt	baɪ hɑːRt	𐑚𐑲 𐑣𐑸𐑑	𐑚𐑲𐑣𐑸𐑑	matches
electron volt	NN1	GenAm	ɪˈlektrɑːn ˌvoʊlt	ɪˈlektrɒn vəʊlt	𐑦𐑤𐑧𐑒𐑑𐑮𐑭𐑯 𐑝𐑴𐑤𐑑	𐑦𐑤𐑧𐑒𐑑𐑮𐑪𐑯𐑝𐑴𐑤𐑑	divergent
rotten borough	NN1	RSSB	rɒtən bʌrə	ˈrɒtən ˈbʌrə	𐑮𐑪𐑑𐑩𐑯 𐑚𐑳𐑮𐑩	𐑮𐑪𐑑𐑩𐑯𐑚𐑳𐑮𐑩	matches
rotten borough	NN1	GenAm	ˌrɒtən ˈbʌroʊ	ˈrɒtən ˈbʌrə	𐑮𐑪𐑑𐑩𐑯 𐑚𐑳𐑮𐑴	𐑮𐑪𐑑𐑩𐑯𐑚𐑳𐑮𐑩	divergent
pyruvic acid	NN1	RSSB	pʌɪˌruːvɪk ˈasƏd		𐑐𐑳𐑦𐑮𐑵𐑝𐑦𐑒 𐑨𐑕𐑩𐑛		unknown
pyruvic acid	NN1	GenAm	paɪˌruːvɪk ˈæsƏd	paɪˈruːvɪk ˈæsɪd	𐑐𐑲𐑮𐑵𐑝𐑦𐑒 𐑨𐑕𐑩𐑛	𐑐𐑲𐑮𐑵𐑝𐑦𐑒𐑨𐑕𐑦𐑛	matches
color blindness	NN1	GenAm	ˈkʌləRblaɪndnəs	ˈkʌləR ˈblaɪndnəs	𐑒𐑳𐑤𐑼𐑚𐑤𐑲𐑯𐑛𐑯𐑩𐑕	𐑒𐑳𐑤𐑼𐑚𐑤𐑲𐑯𐑛𐑯𐑩𐑕	matches
ricinoleic acid	NN1	RSSB	ˌrʌɪsɪnəʊˌliːɪk ˈasƏd		𐑮𐑳𐑦𐑕𐑦𐑯𐑴𐑤𐑰𐑦𐑒 𐑨𐑕𐑩𐑛		unknown
ricinoleic acid	NN1	GenAm	ˌraɪsɪnoʊˌliɪk ˈæsƏd		𐑮𐑲𐑕𐑦𐑯𐑴𐑤𐑦𐑦𐑒 𐑨𐑕𐑩𐑛		unknown
castor oil	NN1	RSSB	kɑːstəR ˌɔɪl	ˈkⱭːstəR ɔɪl	𐑒𐑭𐑕𐑑𐑼 𐑶𐑤	𐑒𐑭𐑕𐑑𐑼𐑶𐑤	matches
castor oil	NN1	GenAm	ˈkæstəR ˌɔɪl	ˈkⱭːstəR ɔɪl	𐑒𐑨𐑕𐑑𐑼 𐑶𐑤	𐑒𐑭𐑕𐑑𐑼𐑶𐑤	matches
Ancient Greece	NP0	GenAm	ˈeɪntʃənt ˈɡris	ˈeɪnʃənt ɡriːs	𐑱𐑯𐑗𐑩𐑯𐑑 𐑜𐑮𐑦𐑕	𐑱𐑯𐑖𐑩𐑯𐑑𐑜𐑮𐑰𐑕	divergent
Aotearoa New Zealand	NP0	RSSB	ɑːəʊtiːərəʊə nju ˈziːlənd		𐑭𐑴𐑑𐑰𐑼𐑴𐑩 𐑯𐑘𐑫 𐑟𐑰𐑤𐑩𐑯𐑛		unknown
Aotearoa New Zealand	NP0	GenAm	ˌɒoʊtiəˌroʊə nu ˈzilənd	ˌaʊtiəˈroʊə nuː ˈziːlənd	𐑪𐑴𐑑𐑽𐑴𐑩 𐑯𐑫 𐑟𐑦𐑤𐑩𐑯𐑛	𐑬𐑑𐑽𐑴𐑩𐑯𐑵𐑟𐑰𐑤𐑩𐑯𐑛	divergent
magnum opus	NN1	RSSB	ˌmæɡnəm ˈəʊpəs	ˈmæɡnəm ˈəʊpəs	𐑥𐑨𐑜𐑯𐑩𐑥 𐑴𐑐𐑩𐑕	𐑥𐑨𐑜𐑯𐑩𐑥𐑴𐑐𐑩𐑕	matches
magnum opus	NN1	GenAm	ˌmæɡnəm ˈoʊpəs	ˈmæɡnəm ˈəʊpəs	𐑥𐑨𐑜𐑯𐑩𐑥 𐑴𐑐𐑩𐑕	𐑥𐑨𐑜𐑯𐑩𐑥𐑴𐑐𐑩𐑕	matches
forbidden fruit	NN1	RSSB	fəRbɪdən fruːt	fəRˈbɪdən fruːt	𐑓𐑼𐑚𐑦𐑛𐑩𐑯 𐑓𐑮𐑵𐑑	𐑓𐑼𐑚𐑦𐑛𐑩𐑯𐑓𐑮𐑵𐑑	matches
forbidden fruit	NN1	GenAm	fəRˈbɪdən frut	fəRˈbɪdən fruːt	𐑓𐑼𐑚𐑦𐑛𐑩𐑯 𐑓𐑮𐑫𐑑	𐑓𐑼𐑚𐑦𐑛𐑩𐑯𐑓𐑮𐑵𐑑	divergent
inside joke	NN1	RSSB	ˈɪnsaɪd ˌdʒəʊk	ɪnˈsaɪd dʒəʊk	𐑦𐑯𐑕𐑲𐑛 𐑡𐑴𐑒	𐑦𐑯𐑕𐑲𐑛𐑡𐑴𐑒	matches
inside joke	NN1	RSSB	ˈɪnsaɪd ˌdʒoʊk	ɪnˈsaɪd dʒəʊk	𐑦𐑯𐑕𐑲𐑛 𐑡𐑴𐑒	𐑦𐑯𐑕𐑲𐑛𐑡𐑴𐑒	matches
Washington, D.C.	NP0	GenAm	ˈwɒʃɪŋtən ˈdiː ˌsiː		𐑢𐑪𐑖𐑦𐑙𐑑𐑩𐑯 𐑛𐑰 𐑕𐑰		unknown
à la carte	AJ0	RSSB	æləkɑːRt		𐑨𐑤𐑩𐑒𐑸𐑑		unknown
à la carte	AJ0	RSSB	ælækɑːRt		𐑨𐑤𐑨𐑒𐑸𐑑		unknown
à la carte	AJ0	GenAm	ˌɒləˈkɑːRt		𐑪𐑤𐑩𐑒𐑸𐑑		unknown
à la carte	AJ0	GenAm	ˌɒlɒˈkɑːRt		𐑪𐑤𐑪𐑒𐑸𐑑		unknown
à la carte	AV0	RSSB	æləkɑːRt		𐑨𐑤𐑩𐑒𐑸𐑑		unknown
à la carte	AV0	RSSB	ælækɑːRt		𐑨𐑤𐑨𐑒𐑸𐑑		unknown
à la carte	AV0	GenAm	ˌɒləˈkɑːRt		𐑪𐑤𐑩𐑒𐑸𐑑		unknown
à la carte	AV0	GenAm	ˌɒlɒˈkɑːRt		𐑪𐑤𐑪𐑒𐑸𐑑		unknown
innominate bone	NN1	RSSB	ɪˌnɒmɪnət ˈbəʊn		𐑦𐑯𐑪𐑥𐑦𐑯𐑩𐑑 𐑚𐑴𐑯		unknown
innominate bone	NN1	GenAm	ɪˌnɒmɪnət ˈboʊn	ɪˈnɒmɪnət bəʊn	𐑦𐑯𐑪𐑥𐑦𐑯𐑩𐑑 𐑚𐑴𐑯	𐑦𐑯𐑪𐑥𐑦𐑯𐑩𐑑𐑚𐑴𐑯	matches
mulching mower	NN1	RSSB	mʌltʃɪŋ məʊəR	ˈmʌltʃɪŋ ˈməʊəR	𐑥𐑳𐑤𐑗𐑦𐑙 𐑥𐑴𐑼	𐑥𐑳𐑤𐑗𐑦𐑙𐑥𐑴𐑼	matches
mulching mower	NN1	GenAm	mʌltʃɪŋ moʊər	ˈmʌltʃɪŋ ˈməʊəR	𐑥𐑳𐑤𐑗𐑦𐑙 𐑥𐑴𐑼	𐑥𐑳𐑤𐑗𐑦𐑙𐑥𐑴𐑼	matches
mot juste	NN1	RSSB	məʊˈʒuːst		𐑥𐑴𐑠𐑵𐑕𐑑		unknown
dead cat bounce	NN1	RSSB	ded kæt bəʊns	ded kæt baʊns	𐑛𐑧𐑛 𐑒𐑨𐑑 𐑚𐑴𐑯𐑕	𐑛𐑧𐑛𐑒𐑨𐑑𐑚𐑬𐑯𐑕	divergent
dead cat bounce	NN1	RSSB	ded kæt bəʊnts	ded kæt baʊns	𐑛𐑧𐑛 𐑒𐑨𐑑 𐑚𐑴𐑯𐑑𐑕	𐑛𐑧𐑛𐑒𐑨𐑑𐑚𐑬𐑯𐑕	divergent
dead cat bounce	NN1	GenAm	ded kæt baʊns	ded kæt baʊns	𐑛𐑧𐑛 𐑒𐑨𐑑 𐑚𐑬𐑯𐑕	𐑛𐑧𐑛𐑒𐑨𐑑𐑚𐑬𐑯𐑕	matches
Tierra del Fuego	NP0	RSSB	tɪɜːrə del ˈfweɪɡəʊ		𐑑𐑦𐑻𐑩 𐑛𐑧𐑤 𐑓𐑢𐑱𐑜𐑴		unknown
Tierra del Fuego	NP0	GenAm	tiˌerə del ˈfweɪɡoʊ		𐑑𐑦𐑧𐑮𐑩 𐑛𐑧𐑤 𐑓𐑢𐑱𐑜𐑴		unknown
New World	NP0	GenAm	nju wɜːRld	nuː wɜːRld	𐑯𐑘𐑫 𐑢𐑻𐑤𐑛	𐑯𐑵𐑢𐑻𐑤𐑛	divergent
New World	NP0	RSSB	njuː wɜːRld	njuː wɜːRld	𐑯𐑿 𐑢𐑻𐑤𐑛	𐑯𐑿𐑢𐑻𐑤𐑛	matches
New World	AJ0	GenAm	nju wɜːRld	nuː wɜːRld	𐑯𐑘𐑫 𐑢𐑻𐑤𐑛	𐑯𐑵𐑢𐑻𐑤𐑛	divergent
New World	AJ0	RSSB	njuː wɜːRld	njuː wɜːRld	𐑯𐑿 𐑢𐑻𐑤𐑛	𐑯𐑿𐑢𐑻𐑤𐑛	matches
lapis lazuli	NN1	RSSB	ˌlapɪs ˈlazjəlaɪ		𐑤𐑨𐑐𐑦𐑕 𐑤𐑨𐑟𐑘𐑩𐑤𐑲		unknown
lapis lazuli	NN1	RSSB	ˈlazjəli		𐑤𐑨𐑟𐑘𐑩𐑤𐑦		unknown
lapis lazuli	NN1	GenAm	ˌlæpɪs ˈlæzjəli		𐑤𐑨𐑐𐑦𐑕 𐑤𐑨𐑟𐑘𐑩𐑤𐑦		unknown
lapis lazuli	NN1	GenAm	ˈlæzjəlaɪ		𐑤𐑨𐑟𐑘𐑩𐑤𐑲		unknown
lapis lazuli	NN1	GenAm	ˈlæʒəli		𐑤𐑨𐑠𐑩𐑤𐑦		unknown
lapis lazuli	NN1	GenAm	ˈlæʒəlaɪ		𐑤𐑨𐑠𐑩𐑤𐑲		unknown
lapis lazuli	NN1	GenAm	ləˈzuli		𐑤𐑩𐑟𐑫𐑤𐑦		unknown
lapis lazuli	AJ0	RSSB	ˌlapɪs ˈlazjəlaɪ		𐑤𐑨𐑐𐑦𐑕 𐑤𐑨𐑟𐑘𐑩𐑤𐑲		unknown
lapis lazuli	AJ0	RSSB	ˈlazjəli		𐑤𐑨𐑟𐑘𐑩𐑤𐑦		unknown
lapis lazuli	AJ0	GenAm	ˌlæpɪs ˈlæzjəli		𐑤𐑨𐑐𐑦𐑕 𐑤𐑨𐑟𐑘𐑩𐑤𐑦		unknown
lapis lazuli	AJ0	GenAm	ˈlæzjəlaɪ		𐑤𐑨𐑟𐑘𐑩𐑤𐑲		unknown
lapis lazuli	AJ0	GenAm	ˈlæʒəli		𐑤𐑨𐑠𐑩𐑤𐑦		unknown
lapis lazuli	AJ0	GenAm	ˈlæʒəlaɪ		𐑤𐑨𐑠𐑩𐑤𐑲		unknown
lapis lazuli	AJ0	GenAm	ləˈzuli		𐑤𐑩𐑟𐑫𐑤𐑦		unknown
pay through the nose	VVI	RSSB	ˌpeɪ θruː ðə ˈnəʊz	peɪ θruː Ð nəʊz	𐑐𐑱 𐑔𐑮𐑵 𐑞𐑩 𐑯𐑴𐑟	𐑐𐑱𐑔𐑮𐑵𐑞𐑯𐑴𐑟	divergent
pay through the nose	VVI	GenAm	ˌpeɪ θru ðə ˈnoʊz	peɪ θruː Ð nəʊz	𐑐𐑱 𐑔𐑮𐑫 𐑞𐑩 𐑯𐑴𐑟	𐑐𐑱𐑔𐑮𐑵𐑞𐑯𐑴𐑟	divergent
shish kebab	NN1	RSSB	ˌʃɪʃkəˈbæb		𐑖𐑦𐑖𐑒𐑩𐑚𐑨𐑚		unknown
shish kebab	NN1	GenAm	ˈʃɪʃkəbɒb		𐑖𐑦𐑖𐑒𐑩𐑚𐑪𐑚		unknown
double whammy	NN1	RSSB	ˌdʌbəl ˈhwæmi		𐑛𐑳𐑚𐑩𐑤 𐑣𐑢𐑨𐑥𐑦		unknown
double whammy	NN1	GenAm	ˌdʌbəl ˈhwæmi		𐑛𐑳𐑚𐑩𐑤 𐑣𐑢𐑨𐑥𐑦		unknown
Hungarian notation	NN1	GenAm	hʌŋˈɡeriən noʊˈteɪʃən	ˌhʌŋˈɡeərɪən nəʊˈteɪʃən	𐑣𐑳𐑙𐑜𐑧𐑮𐑾𐑯 𐑯𐑴𐑑𐑱𐑖𐑩𐑯	𐑣𐑳𐑙𐑜𐑺𐑾𐑯𐑯𐑴𐑑𐑱𐑖𐑩𐑯	divergent
beer goggles	NN1	RSSB	bɪəR ˌɡɒɡəlz	bɪəR ˈɡɒɡəlz	𐑚𐑽 𐑜𐑪𐑜𐑩𐑤𐑟	𐑚𐑽𐑜𐑪𐑜𐑩𐑤𐑟	matches
beer goggles	NN1	GenAm	ˈbɪəR ˌɡɒɡəl	bɪəR ˈɡɒɡəlz	𐑚𐑽 𐑜𐑪𐑜𐑩𐑤	𐑚𐑽𐑜𐑪𐑜𐑩𐑤𐑟	divergent
sine die	AV0	RSSB	ˈsʌɪni ˈdaiːː	saɪn daɪ	𐑕𐑳𐑦𐑯𐑦 𐑛𐑨𐑰	𐑕𐑲𐑯𐑛𐑲	divergent
sine die	AV0	RSSB	ˈsɪneɪ ˈdiːeɪ	saɪn daɪ	𐑕𐑦𐑯𐑱 𐑛𐑰𐑱	𐑕𐑲𐑯𐑛𐑲	divergent
sine die	AV0	GenAm	ˈsaɪni ˈdaiː	saɪn daɪ	𐑕𐑲𐑯𐑦 𐑛𐑨𐑰	𐑕𐑲𐑯𐑛𐑲	divergent
sine die	AV0	GenAm	ˈsɪneɪ ˈdieɪ	saɪn daɪ	𐑕𐑦𐑯𐑱 𐑛𐑦𐑱	𐑕𐑲𐑯𐑛𐑲	divergent
gall bladder	NN1	GenAm	ˈɡɒlblætəR	ɡɔːl ˈblædəR	𐑜𐑪𐑤𐑚𐑤𐑨𐑑𐑼	𐑜𐑷𐑤𐑚𐑤𐑨𐑛𐑼	divergent
modus operandi	NN1	RSSB	ˈməʊdʌs ɒpərændaɪ		𐑥𐑴𐑛𐑳𐑕 𐑪𐑐𐑼𐑨𐑯𐑛𐑲		unknown
modus operandi	NN1	GenAm	ˈmoʊdəs ɒpərˌændaɪ		𐑥𐑴𐑛𐑩𐑕 𐑪𐑐𐑼𐑨𐑯𐑛𐑲		unknown
modus operandi	NN1	GenAm	ˈmoʊdəs ɒpərˌændi		𐑥𐑴𐑛𐑩𐑕 𐑪𐑐𐑼𐑨𐑯𐑛𐑦		unknown
Banbury story of a cock and a bull	NN1	RSSB	ˈbænbri stɔːri əv ə ˈkɒk ənd ə ˈbʊl	ˈbænbəri ˈstɔːri V ə kɒk N ə bʊl	𐑚𐑨𐑯𐑚𐑮𐑦 𐑕𐑑𐑹𐑦 𐑩𐑝 𐑩 𐑒𐑪𐑒 𐑩𐑯𐑛 𐑩 𐑚𐑫𐑤	𐑚𐑨𐑯𐑚𐑼𐑦𐑕𐑑𐑹𐑦𐑝𐑩𐑒𐑪𐑒𐑯𐑩𐑚𐑫𐑤	divergent
Banbury story of a cock and a bull	NN1	GenAm	ˈbænbəri ˈstɔːri əv ə ˈkɒk ənd ə ˈbʊl	ˈbænbəri ˈstɔːri V ə kɒk N ə bʊl	𐑚𐑨𐑯𐑚𐑼𐑦 𐑕𐑑𐑹𐑦 𐑩𐑝 𐑩 𐑒𐑪𐑒 𐑩𐑯𐑛 𐑩 𐑚𐑫𐑤	𐑚𐑨𐑯𐑚𐑼𐑦𐑕𐑑𐑹𐑦𐑝𐑩𐑒𐑪𐑒𐑯𐑩𐑚𐑫𐑤	divergent
Art Deco	NP0	RSSB	ɑːrt ˈdekəʊ		𐑸𐑑 𐑛𐑧𐑒𐑴		unknown
Art Deco	NP0	GenAm	ˌɑːRt ˈdekoʊ		𐑸𐑑 𐑛𐑧𐑒𐑴		unknown
rite of passage	NN1	RSSB	raɪtəv pæsɪdʒ	raɪt V ˈpæsɪdʒ	𐑮𐑲𐑑𐑩𐑝 𐑐𐑨𐑕𐑦𐑡	𐑮𐑲𐑑𐑝𐑐𐑨𐑕𐑦𐑡	divergent
rite of passage	NN1	GenAm	ˌraɪtəv ˈpæsɪdʒ	raɪt V ˈpæsɪdʒ	𐑮𐑲𐑑𐑩𐑝 𐑐𐑨𐑕𐑦𐑡	𐑮𐑲𐑑𐑝𐑐𐑨𐑕𐑦𐑡	divergent
Asperger's syndrome	NN1	RSSB	æspɜːRɡəRz ˈsɪndrəʊm		𐑨𐑕𐑐𐑻𐑜𐑼𐑟 𐑕𐑦𐑯𐑛𐑮𐑴𐑥		unknown
Asperger's syndrome	NN1	GenAm	ˈæspɜːRɡəRz ˈsɪndroʊm		𐑨𐑕𐑐𐑻𐑜𐑼𐑟 𐑕𐑦𐑯𐑛𐑮𐑴𐑥		unknown
Asperger's syndrome	NN1	RSSB	æspɜːRdʒəRz ˈsɪndrəʊm		𐑨𐑕𐑐𐑻𐑡𐑼𐑟 𐑕𐑦𐑯𐑛𐑮𐑴𐑥		unknown
cat burglar	NN1	RSSB	kæt bɜːRɡləR	kæt ˈbɜːRɡləR	𐑒𐑨𐑑 𐑚𐑻𐑜𐑤𐑼	𐑒𐑨𐑑𐑚𐑻𐑜𐑤𐑼	matches
cat burglar	NN1	GenAm	ˈkæt ˌbɜːRɡləR	kæt ˈbɜːRɡləR	𐑒𐑨𐑑 𐑚𐑻𐑜𐑤𐑼	𐑒𐑨𐑑𐑚𐑻𐑜𐑤𐑼	matches
Côte d'Ivoire	NP0	RSSB	ˌkəʊt diːvwɑːR		𐑒𐑴𐑑 𐑛𐑰𐑝𐑢𐑸		unknown
Côte d'Ivoire	NP0	GenAm	ˌkoʊt diˈvwɑːR		𐑒𐑴𐑑 𐑛𐑦𐑝𐑢𐑸		unknown
snake in the grass	NN1	RSSB	ˈsneɪk ɪn ðə ɡrɑːs	sneɪk ɪn Ð ɡrⱭːs	𐑕𐑯𐑱𐑒 𐑦𐑯 𐑞𐑩 𐑜𐑮𐑭𐑕	𐑕𐑯𐑱𐑒𐑦𐑯𐑞𐑜𐑮𐑭𐑕	divergent
snake in the grass	NN1	GenAm	ˈsneɪk ɪn ðə ˈɡræs	sneɪk ɪn Ð ɡrⱭːs	𐑕𐑯𐑱𐑒 𐑦𐑯 𐑞𐑩 𐑜𐑮𐑨𐑕	𐑕𐑯𐑱𐑒𐑦𐑯𐑞𐑜𐑮𐑭𐑕	divergent
tangata whenua	NN1	RSSB	ˌtaŋətə feˈnʊə		𐑑𐑨𐑙𐑩𐑑𐑩 𐑓𐑧𐑯𐑫𐑼		unknown
Allahu akbar	ITJ	RSSB	ˌaləhuː akbɑːR		𐑨𐑤𐑩𐑣𐑵 𐑨𐑒𐑚𐑸		unknown
Allahu akbar	ITJ	RSSB	əˌlɑːhuː akbɑːR		𐑩𐑤𐑭𐑣𐑵 𐑨𐑒𐑚𐑸		unknown
high five	NN1	GenAm	haɪ faɪv	haɪ faɪv	𐑣𐑲 𐑓𐑲𐑝	𐑣𐑲𐑓𐑲𐑝	matches
high five	VVI	GenAm	haɪ faɪv	haɪ faɪv	𐑣𐑲 𐑓𐑲𐑝	𐑣𐑲𐑓𐑲𐑝	matches
tall tale	NN1	RSSB	tɔːl ˈteɪl	tɔːl teɪl	𐑑𐑷𐑤 𐑑𐑱𐑤	𐑑𐑷𐑤𐑑𐑱𐑤	matches
tall tale	NN1	GenAm	tɒl ˈteɪl	tɔːl teɪl	𐑑𐑪𐑤 𐑑𐑱𐑤	𐑑𐑷𐑤𐑑𐑱𐑤	divergent
daddy longlegs	NN1	RSSB	ˈdædɪ ˈlɒŋɡleɡz		𐑛𐑨𐑛𐑦 𐑤𐑪𐑙𐑜𐑤𐑧𐑜𐑟		unknown
ivory tower	NN1	RSSB	aɪvəri taʊəR	ˈaɪvəri ˈtaʊəR	𐑲𐑝𐑼𐑦 𐑑𐑬𐑼	𐑲𐑝𐑼𐑦𐑑𐑬𐑼	matches
ivory tower	NN1	GenAm	ˈaɪvəri ˈtaʊəR	ˈaɪvəri ˈtaʊəR	𐑲𐑝𐑼𐑦 𐑑𐑬𐑼	𐑲𐑝𐑼𐑦𐑑𐑬𐑼	matches
ivory tower	AJ0	RSSB	aɪvəri taʊəR	ˈaɪvəri ˈtaʊəR	𐑲𐑝𐑼𐑦 𐑑𐑬𐑼	𐑲𐑝𐑼𐑦𐑑𐑬𐑼	matches
ivory tower	AJ0	GenAm	ˈaɪvəri ˈtaʊəR	ˈaɪvəri ˈtaʊəR	𐑲𐑝𐑼𐑦 𐑑𐑬𐑼	𐑲𐑝𐑼𐑦𐑑𐑬𐑼	matches
ménage à trois	NN1	RSSB	ˌmeɪnɑːʒ ɑː trwɑː		𐑥𐑱𐑯𐑭𐑠 𐑭 𐑑𐑮𐑢𐑭		unknown
ménage à trois	NN1	GenAm	ˌmeɪnɑːʒ ɑː ˈtrwɑː		𐑥𐑱𐑯𐑭𐑠 𐑭 𐑑𐑮𐑢𐑭		unknown
ménage à trois	NN1	RSSB	ˌmenɑːʒ ɑː trwɑː		𐑥𐑧𐑯𐑭𐑠 𐑭 𐑑𐑮𐑢𐑭		unknown
ménage à trois	NN1	GenAm	ˌmenɑːʒ ɑː ˈtrwɑː		𐑥𐑧𐑯𐑭𐑠 𐑭 𐑑𐑮𐑢𐑭		unknown
ménage à trois	NN1	RSSB	məˌnɑːʒ ɑː trwɑː		𐑥𐑩𐑯𐑭𐑠 𐑭 𐑑𐑮𐑢𐑭		unknown
ménage à trois	NN1	GenAm	məˌnɑːʒ ɑː ˈtrwɑː		𐑥𐑩𐑯𐑭𐑠 𐑭 𐑑𐑮𐑢𐑭		unknown
ménage à trois	NN1	GenAm	məˌnɑːʒeɪ ˈtrwɑː		𐑥𐑩𐑯𐑭𐑠𐑱 𐑑𐑮𐑢𐑭		unknown
used to	AJ0	RSSB	juːsttu	juːzd T	𐑿𐑕𐑑𐑑𐑫	𐑿𐑟𐑛𐑑	divergent
used to	AJ0	RSSB	juːstə	juːzd T	𐑿𐑕𐑑𐑩	𐑿𐑟𐑛𐑑	divergent
used to	AJ0	GenAm	justtu	juːzd T	𐑘𐑫𐑕𐑑𐑑𐑫	𐑿𐑟𐑛𐑑	divergent
used to	AJ0	GenAm	justə	juːzd T	𐑘𐑫𐑕𐑑𐑩	𐑿𐑟𐑛𐑑	divergent
used to	VVI	RSSB	juːsttu	juːzd T	𐑿𐑕𐑑𐑑𐑫	𐑿𐑟𐑛𐑑	divergent
used to	VVI	RSSB	juːstə	juːzd T	𐑿𐑕𐑑𐑩	𐑿𐑟𐑛𐑑	divergent
used to	VVI	GenAm	justtu	juːzd T	𐑘𐑫𐑕𐑑𐑑𐑫	𐑿𐑟𐑛𐑑	divergent
used to	VVI	GenAm	justə	juːzd T	𐑘𐑫𐑕𐑑𐑩	𐑿𐑟𐑛𐑑	divergent
free rein	NN1	RSSB	ˌfriː ˈreɪn	friː reɪn	𐑓𐑮𐑰 𐑮𐑱𐑯	𐑓𐑮𐑰𐑮𐑱𐑯	matches
free rein	NN1	GenAm	ˌfri ˈreɪn	friː reɪn	𐑓𐑮𐑦 𐑮𐑱𐑯	𐑓𐑮𐑰𐑮𐑱𐑯	divergent
woe is me	ITJ	RSSB	ˌwəʊ ɪz ˈmiː	wəʊ ɪz miː	𐑢𐑴 𐑦𐑟 𐑥𐑰	𐑢𐑴𐑦𐑟𐑥𐑰	matches
woe is me	ITJ	GenAm	ˌwoʊ ɪz ˈmi	wəʊ ɪz miː	𐑢𐑴 𐑦𐑟 𐑥𐑦	𐑢𐑴𐑦𐑟𐑥𐑰	divergent
Fleet Street	NP0	RSSB	ˈfliːt ˌstriːt	fliːt striːt	𐑓𐑤𐑰𐑑 𐑕𐑑𐑮𐑰𐑑	𐑓𐑤𐑰𐑑𐑕𐑑𐑮𐑰𐑑	matches
absolute humidity	NN1	GenAm	ˈæbsəˌlut hjuˈmɪdɪti	ˈæbsəluːt hjuːˈmɪdɪti	𐑨𐑚𐑕𐑩𐑤𐑫𐑑 𐑣𐑘𐑫𐑥𐑦𐑛𐑦𐑑𐑦	𐑨𐑚𐑕𐑩𐑤𐑵𐑑𐑣𐑿𐑥𐑦𐑛𐑦𐑑𐑦	divergent
absolute humidity	NN1	GenAm	ˌæbsəˈljut hjuˈmɪdɪti	ˈæbsəluːt hjuːˈmɪdɪti	𐑨𐑚𐑕𐑩𐑤𐑘𐑫𐑑 𐑣𐑘𐑫𐑥𐑦𐑛𐑦𐑑𐑦	𐑨𐑚𐑕𐑩𐑤𐑵𐑑𐑣𐑿𐑥𐑦𐑛𐑦𐑑𐑦	divergent
fifth wheel	NN1	RSSB	ˌfɪfθ ˈʍiːl	fɪfθ ʍiːl	𐑓𐑦𐑓𐑔 𐑢𐑰𐑤	𐑓𐑦𐑓𐑔𐑢𐑰𐑤	matches
fifth wheel	NN1	GenAm	ˌfɪfθ ˈʍil	fɪfθ ʍiːl	𐑓𐑦𐑓𐑔 𐑢𐑦𐑤	𐑓𐑦𐑓𐑔𐑢𐑰𐑤	divergent
diagonal matrix	NN1	GenAm	dī-ˈa-ɡə-nl ˈmā-triks	daɪˈæɡənəl ˈmeɪtrɪks	𐑛ī-𐑨-𐑜𐑩-𐑯𐑤 𐑥ā-𐑑𐑮𐑦𐑒𐑕	𐑛𐑲𐑨𐑜𐑩𐑯𐑩𐑤𐑥𐑱𐑑𐑮𐑦𐑒𐑕	divergent
chicken pox	NN1	GenAm	ˈtʃɪkənˌpɒks	ˈtʃɪkɪn pɒks	𐑗𐑦𐑒𐑩𐑯𐑐𐑪𐑒𐑕	𐑗𐑦𐑒𐑦𐑯𐑐𐑪𐑒𐑕	matches
chicken pox	NN1	RSSB	ˈtʃɪkənˌpɒks	ˈtʃɪkɪn pɒks	𐑗𐑦𐑒𐑩𐑯𐑐𐑪𐑒𐑕	𐑗𐑦𐑒𐑦𐑯𐑐𐑪𐑒𐑕	matches
month of Sundays	NN1	RSSB	ˌmʌnθ əv ˈsʌndeɪz	mʌnθ V ˈsʌndeɪz	𐑥𐑳𐑯𐑔 𐑩𐑝 𐑕𐑳𐑯𐑛𐑱𐑟	𐑥𐑳𐑯𐑔𐑝𐑕𐑳𐑯𐑛𐑱𐑟	divergent
month of Sundays	NN1	GenAm	ˌmʌnθ əv ˈsʌnˌdeɪz	mʌnθ V ˈsʌndeɪz	𐑥𐑳𐑯𐑔 𐑩𐑝 𐑕𐑳𐑯𐑛𐑱𐑟	𐑥𐑳𐑯𐑔𐑝𐑕𐑳𐑯𐑛𐑱𐑟	divergent
magic realism	NN1	RSSB	ˈmadʒɪk riəlɪzəm	ˈmædʒɪk ˈrɪəlɪzəm	𐑥𐑨𐑡𐑦𐑒 𐑮𐑾𐑤𐑦𐑟𐑩𐑥	𐑥𐑨𐑡𐑦𐑒𐑮𐑾𐑤𐑦𐑟𐑩𐑥	matches
magic realism	NN1	GenAm	ˈmædʒɪk ˈriəlɪzəm	ˈmædʒɪk ˈrɪəlɪzəm	𐑥𐑨𐑡𐑦𐑒 𐑮𐑾𐑤𐑦𐑟𐑩𐑥	𐑥𐑨𐑡𐑦𐑒𐑮𐑾𐑤𐑦𐑟𐑩𐑥	matches
The Mall	NP0	RSSB	ðə mæl	Ð mɔːl	𐑞𐑩 𐑥𐑨𐑤	𐑞𐑥𐑷𐑤	divergent
The Mall	NP0	GenAm	ðə mɒl	Ð mɔːl	𐑞𐑩 𐑥𐑪𐑤	𐑞𐑥𐑷𐑤	divergent
Pall Mall	NP0	RSSB	ˈpæl ˌmæl	pɔːl mɔːl	𐑐𐑨𐑤 𐑥𐑨𐑤	𐑐𐑷𐑤𐑥𐑷𐑤	divergent
Pall Mall	NN1	RSSB	ˈpæl ˌmæl	pɔːl mɔːl	𐑐𐑨𐑤 𐑥𐑨𐑤	𐑐𐑷𐑤𐑥𐑷𐑤	divergent
pall mall	NN1	RSSB	ˌpælˈmæl	pɔːl mɔːl	𐑐𐑨𐑤𐑥𐑨𐑤	𐑐𐑷𐑤𐑥𐑷𐑤	divergent
pall mall	NN1	GenAm	ˌpælˈmæl	pɔːl mɔːl	𐑐𐑨𐑤𐑥𐑨𐑤	𐑐𐑷𐑤𐑥𐑷𐑤	divergent
cleft lip	NN1	GenAm	ˌkleft ˈlɪp	kleft lɪp	𐑒𐑤𐑧𐑓𐑑 𐑤𐑦𐑐	𐑒𐑤𐑧𐑓𐑑𐑤𐑦𐑐	matches
lion's share	NN1	RSSB	ˈlaɪəns ʃeəR		𐑤𐑲𐑩𐑯𐑕 𐑖𐑺		unknown
lion's share	NN1	GenAm	ˈlaɪənz ʃeər		𐑤𐑲𐑩𐑯𐑟 𐑖𐑺		unknown
tooth fairy	NN1	RSSB	ˈtuːθ feəri	tuːθ ˈfeəri	𐑑𐑵𐑔 𐑓𐑺𐑦	𐑑𐑵𐑔𐑓𐑺𐑦	matches
tooth fairy	NN1	GenAm	ˈtuθ ˌfeəri	tuːθ ˈfeəri	𐑑𐑫𐑔 𐑓𐑺𐑦	𐑑𐑵𐑔𐑓𐑺𐑦	divergent
vena cava	NN1	RSSB	ˌviːnə ˈkeɪvə		𐑝𐑰𐑯𐑩 𐑒𐑱𐑝𐑩		unknown
Ludgate Hill	NP0	RSSB	lʌdɡeɪt hɪl		𐑤𐑳𐑛𐑜𐑱𐑑 𐑣𐑦𐑤		unknown
teething troubles	NN1	RSSB	ˈtiːðɪŋ trʌbəlz	ˈtiːðɪŋ ˈtrʌbəlz	𐑑𐑰𐑞𐑦𐑙 𐑑𐑮𐑳𐑚𐑩𐑤𐑟	𐑑𐑰𐑞𐑦𐑙𐑑𐑮𐑳𐑚𐑩𐑤𐑟	matches
teething troubles	NN1	GenAm	ˈtiðɪŋ ˈtrʌbəlz	ˈtiːðɪŋ ˈtrʌbəlz	𐑑𐑦𐑞𐑦𐑙 𐑑𐑮𐑳𐑚𐑩𐑤𐑟	𐑑𐑰𐑞𐑦𐑙𐑑𐑮𐑳𐑚𐑩𐑤𐑟	divergent
move the goalposts	VVI	RSSB	ˈmuːv ðə ˈɡəʊlpəʊsts	muːv Ð ˈɡəʊlpəʊsts	𐑥𐑵𐑝 𐑞𐑩 𐑜𐑴𐑤𐑐𐑴𐑕𐑑𐑕	𐑥𐑵𐑝𐑞𐑜𐑴𐑤𐑐𐑴𐑕𐑑𐑕	divergent
move the goalposts	VVI	RSSB	ˈmuːv ðə ˈɡɔʊlpəʊsts	muːv Ð ˈɡəʊlpəʊsts	𐑥𐑵𐑝 𐑞𐑩 𐑜𐑷𐑫𐑤𐑐𐑴𐑕𐑑𐑕	𐑥𐑵𐑝𐑞𐑜𐑴𐑤𐑐𐑴𐑕𐑑𐑕	divergent
move the goalposts	VVI	GenAm	ˈmuːv ðə ˈɡoʊlpoʊst	muːv Ð ˈɡəʊlpəʊsts	𐑥𐑵𐑝 𐑞𐑩 𐑜𐑴𐑤𐑐𐑴𐑕𐑑	𐑥𐑵𐑝𐑞𐑜𐑴𐑤𐑐𐑴𐑕𐑑𐑕	divergent
pineal gland	NN1	RSSB	ˈpaɪniːəl ˌɡlænd	ˈpaɪnɪəl ɡlænd	𐑐𐑲𐑯𐑰𐑩𐑤 𐑜𐑤𐑨𐑯𐑛	𐑐𐑲𐑯𐑾𐑤𐑜𐑤𐑨𐑯𐑛	divergent
pineal gland	NN1	RSSB	ˈpɪniːəl ˌɡlænd	ˈpaɪnɪəl ɡlænd	𐑐𐑦𐑯𐑰𐑩𐑤 𐑜𐑤𐑨𐑯𐑛	𐑐𐑲𐑯𐑾𐑤𐑜𐑤𐑨𐑯𐑛	divergent
bumper crop	NN1	RSSB	bʌmpəR ˌkrɒp	ˈbʌmpəR krɒp	𐑚𐑳𐑥𐑐𐑼 𐑒𐑮𐑪𐑐	𐑚𐑳𐑥𐑐𐑼𐑒𐑮𐑪𐑐	matches
bumper crop	NN1	GenAm	ˈbʌmpər ˌkrɒp	ˈbʌmpəR krɒp	𐑚𐑳𐑥𐑐𐑼 𐑒𐑮𐑪𐑐	𐑚𐑳𐑥𐑐𐑼𐑒𐑮𐑪𐑐	matches
electric field	NN1	GenAm	əˈlektrɪk ˌfild	ɪˈlektrɪk fiːld	𐑩𐑤𐑧𐑒𐑑𐑮𐑦𐑒 𐑓𐑦𐑤𐑛	𐑦𐑤𐑧𐑒𐑑𐑮𐑦𐑒𐑓𐑰𐑤𐑛	divergent
electric field	NN1	GenAm	iˈlektrɪk ˌfild	ɪˈlektrɪk fiːld	𐑦𐑤𐑧𐑒𐑑𐑮𐑦𐑒 𐑓𐑦𐑤𐑛	𐑦𐑤𐑧𐑒𐑑𐑮𐑦𐑒𐑓𐑰𐑤𐑛	divergent
Fallopian tube	NN1	GenAm	fəˈlɔːpiən tuːb	fəˈləʊpɪən tuːb	𐑓𐑩𐑤𐑷𐑐𐑾𐑯 𐑑𐑵𐑚	𐑓𐑩𐑤𐑴𐑐𐑾𐑯𐑑𐑵𐑚	divergent
Fallopian tube	NN1	GenAm	fəˈlɔʊːpiən tʊwb	fəˈləʊpɪən tuːb	𐑓𐑩𐑤𐑷𐑫𐑐𐑾𐑯 𐑑𐑫𐑢𐑚	𐑓𐑩𐑤𐑴𐑐𐑾𐑯𐑑𐑵𐑚	divergent
air conditioner	NN1	RSSB	eəR kəndɪʃənəR	eəR kənˈdɪʃənəR	𐑺 𐑒𐑩𐑯𐑛𐑦𐑖𐑩𐑯𐑼	𐑺𐑒𐑩𐑯𐑛𐑦𐑖𐑩𐑯𐑼	matches
air conditioner	NN1	GenAm	ˈer kənˌdɪʃənəR	eəR kənˈdɪʃənəR	𐑧𐑮 𐑒𐑩𐑯𐑛𐑦𐑖𐑩𐑯𐑼	𐑺𐑒𐑩𐑯𐑛𐑦𐑖𐑩𐑯𐑼	divergent
tit for tat	NN1	RSSB	tɪt fərtæt	tɪt F tæt	𐑑𐑦𐑑 𐑓𐑼𐑑𐑨𐑑	𐑑𐑦𐑑𐑓𐑑𐑨𐑑	divergent
tit for tat	NN1	GenAm	ˈtɪt fəR ˈtæt	tɪt F tæt	𐑑𐑦𐑑 𐑓𐑼 𐑑𐑨𐑑	𐑑𐑦𐑑𐑓𐑑𐑨𐑑	divergent
absolute magnitude	NN1	GenAm	ˈæbsəˌlut	ˈæbsəluːt ˈmæɡnɪtuːd	𐑨𐑚𐑕𐑩𐑤𐑫𐑑	𐑨𐑚𐑕𐑩𐑤𐑵𐑑𐑥𐑨𐑜𐑯𐑦𐑑𐑵𐑛	divergent
absolute magnitude	NN1	GenAm	ˌæbsəˈljut	ˈæbsəluːt ˈmæɡnɪtuːd	𐑨𐑚𐑕𐑩𐑤𐑘𐑫𐑑	𐑨𐑚𐑕𐑩𐑤𐑵𐑑𐑥𐑨𐑜𐑯𐑦𐑑𐑵𐑛	divergent
absolute magnitude	NN1	GenAm	ˈmæɡnɪtjud	ˈæbsəluːt ˈmæɡnɪtuːd	𐑥𐑨𐑜𐑯𐑦𐑑𐑘𐑫𐑛	𐑨𐑚𐑕𐑩𐑤𐑵𐑑𐑥𐑨𐑜𐑯𐑦𐑑𐑵𐑛	divergent
absolute magnitude	NN1	GenAm	ˈmæɡnɪtud	ˈæbsəluːt ˈmæɡnɪtuːd	𐑥𐑨𐑜𐑯𐑦𐑑𐑫𐑛	𐑨𐑚𐑕𐑩𐑤𐑵𐑑𐑥𐑨𐑜𐑯𐑦𐑑𐑵𐑛	divergent
gear wheel	NN1	RSSB	ɡɪərʍiːl	ɡɪəR ʍiːl	𐑜𐑽𐑢𐑰𐑤	𐑜𐑽𐑢𐑰𐑤	matches
gear wheel	NN1	GenAm	ɡɪəR ʍil	ɡɪəR ʍiːl	𐑜𐑽 𐑢𐑦𐑤	𐑜𐑽𐑢𐑰𐑤	divergent
suicide bomber	NN1	GenAm	ˈsuːɪˌsaɪd ˈbɒmər	ˈsuːɪsaɪd ˈbɒməR	𐑕𐑵𐑦𐑕𐑲𐑛 𐑚𐑪𐑥𐑼	𐑕𐑵𐑦𐑕𐑲𐑛𐑚𐑪𐑥𐑼	matches
suicide bomber	NN1	RSSB	ˈsuːɪˌsaɪd bɒməR	ˈsuːɪsaɪd ˈbɒməR	𐑕𐑵𐑦𐑕𐑲𐑛 𐑚𐑪𐑥𐑼	𐑕𐑵𐑦𐑕𐑲𐑛𐑚𐑪𐑥𐑼	matches
en passant	AJ0	RSSB	ˌɒ pæˈsɒ		𐑪 𐑐𐑨𐑕𐑪		unknown
en passant	AJ0	GenAm	ˌɒn pəˈsɒnt		𐑪𐑯 𐑐𐑩𐑕𐑪𐑯𐑑		unknown
en passant	AJ0	GenAm	ˌɒn pæˈsɒnt		𐑪𐑯 𐑐𐑨𐑕𐑪𐑯𐑑		unknown
en passant	AV0	RSSB	ˌɒ pæˈsɒ		𐑪 𐑐𐑨𐑕𐑪		unknown
en passant	AV0	GenAm	ˌɒn pəˈsɒnt		𐑪𐑯 𐑐𐑩𐑕𐑪𐑯𐑑		unknown
en passant	AV0	GenAm	ˌɒn pæˈsɒnt		𐑪𐑯 𐑐𐑨𐑕𐑪𐑯𐑑		unknown
en passant	NN1	RSSB	ˌɒ pæˈsɒ		𐑪 𐑐𐑨𐑕𐑪		unknown
en passant	NN1	GenAm	ˌɒn pəˈsɒnt		𐑪𐑯 𐑐𐑩𐑕𐑪𐑯𐑑		unknown
en passant	NN1	GenAm	ˌɒn pæˈsɒnt		𐑪𐑯 𐑐𐑨𐑕𐑪𐑯𐑑		unknown
manta ray	NN1	GenAm	ˈmæntə reɪ		𐑥𐑨𐑯𐑑𐑩 𐑮𐑱		unknown
home run	NN1	GenAm	hɔʊːm rʌn	həʊm rʌn	𐑣𐑷𐑫𐑥 𐑮𐑳𐑯	𐑣𐑴𐑥𐑮𐑳𐑯	divergent
PIN number	NN1	GenAm	ˈpɪnnʌmbɜːR	pɪn ˈnʌmbəR	𐑐𐑦𐑯𐑯𐑳𐑥𐑚𐑻	𐑐𐑦𐑯𐑯𐑳𐑥𐑚𐑼	divergent
neural network	NN1	GenAm	nɜːRrəl ˈnetwɜːRk	ˈnjʊərəl ˈnetwɜːRk	𐑯𐑻𐑮𐑩𐑤 𐑯𐑧𐑑𐑢𐑻𐑒	𐑯𐑘𐑫𐑼𐑩𐑤𐑯𐑧𐑑𐑢𐑻𐑒	divergent
spinal cord	NN1	GenAm	ˈspaɪnəl ˈkɔːRd	ˈspaɪnəl kɔːRd	𐑕𐑐𐑲𐑯𐑩𐑤 𐑒𐑹𐑛	𐑕𐑐𐑲𐑯𐑩𐑤𐑒𐑹𐑛	matches
reflexive pronoun	NN1	GenAm	rəˈfleksɪv ˈproʊnaʊn	rɪˈfleksɪv ˈprəʊnaʊn	𐑮𐑩𐑓𐑤𐑧𐑒𐑕𐑦𐑝 𐑐𐑮𐑴𐑯𐑬𐑯	𐑮𐑦𐑓𐑤𐑧𐑒𐑕𐑦𐑝𐑐𐑮𐑴𐑯𐑬𐑯	matches
I don't think	ITJ	RSSB	aɪ dəʊnt θɪŋk	aɪ dəʊnt θɪŋk	𐑲 𐑛𐑴𐑯𐑑 𐑔𐑦𐑙𐑒	𐑲𐑛𐑴𐑯𐑑𐑔𐑦𐑙𐑒	matches
I don't think	ITJ	GenAm	aː doʊnt θɪŋk	aɪ dəʊnt θɪŋk	𐑨 𐑛𐑴𐑯𐑑 𐑔𐑦𐑙𐑒	𐑲𐑛𐑴𐑯𐑑𐑔𐑦𐑙𐑒	divergent
blood cell	NN1	GenAm	ˈblʌd ˌsel	blʌd sel	𐑚𐑤𐑳𐑛 𐑕𐑧𐑤	𐑚𐑤𐑳𐑛𐑕𐑧𐑤	matches
Gaelic football	NN1	RSSB	ˌɡeɪlɪk ˈfʊtbɔːl	ˈɡeɪlɪk ˈfʊtbɔːl	𐑜𐑱𐑤𐑦𐑒 𐑓𐑫𐑑𐑚𐑷𐑤	𐑜𐑱𐑤𐑦𐑒𐑓𐑫𐑑𐑚𐑷𐑤	matches
Gaelic football	NN1	GenAm	ˌɡeɪlɪk ˈfʊtbɒl	ˈɡeɪlɪk ˈfʊtbɔːl	𐑜𐑱𐑤𐑦𐑒 𐑓𐑫𐑑𐑚𐑪𐑤	𐑜𐑱𐑤𐑦𐑒𐑓𐑫𐑑𐑚𐑷𐑤	divergent
foie gras	NN1	RSSB	ˌfwɑː ɡrɑː		𐑓𐑢𐑭 𐑜𐑮𐑭		unknown
foie gras	NN1	GenAm	ˌfwɒ ˈɡrɒ		𐑓𐑢𐑪 𐑜𐑮𐑪		unknown
nickel and dime	AJ0	GenAm	ˌnɪkəl ən ˈdaɪm	ˈnɪkəl N daɪm	𐑯𐑦𐑒𐑩𐑤 𐑩𐑯 𐑛𐑲𐑥	𐑯𐑦𐑒𐑩𐑤𐑯𐑛𐑲𐑥	divergent
nickel and dime	VVI	GenAm	ˌnɪkəl ən ˈdaɪm	ˈnɪkəl N daɪm	𐑯𐑦𐑒𐑩𐑤 𐑩𐑯 𐑛𐑲𐑥	𐑯𐑦𐑒𐑩𐑤𐑯𐑛𐑲𐑥	divergent
nickel and dime	NN1	GenAm	ˌnɪkəl ən ˈdaɪm	ˈnɪkəl N daɪm	𐑯𐑦𐑒𐑩𐑤 𐑩𐑯 𐑛𐑲𐑥	𐑯𐑦𐑒𐑩𐑤𐑯𐑛𐑲𐑥	divergent
dephlogisticated air	NN1	RSSB	diːfləʊˌdʒɪstɪkeɪtid eəR		𐑛𐑰𐑓𐑤𐑴𐑡𐑦𐑕𐑑𐑦𐑒𐑱𐑑𐑦𐑛 𐑺		unknown
dephlogisticated air	NN1	GenAm	difləˌdʒɪstəˌkeɪtid ˈeəR		𐑛𐑦𐑓𐑤𐑩𐑡𐑦𐑕𐑑𐑩𐑒𐑱𐑑𐑦𐑛 𐑺		unknown
crystal meth	NN1	RSSB	krɪstəl meθ	ˈkrɪstəl meθ	𐑒𐑮𐑦𐑕𐑑𐑩𐑤 𐑥𐑧𐑔	𐑒𐑮𐑦𐑕𐑑𐑩𐑤𐑥𐑧𐑔	matches
Holy Roman Empire	NP0	RSSB	ˈhəʊli rəʊmən empaɪəR	ˈhəʊli ˈrəʊmən ˈempaɪəR	𐑣𐑴𐑤𐑦 𐑮𐑴𐑥𐑩𐑯 𐑧𐑥𐑐𐑲𐑼	𐑣𐑴𐑤𐑦𐑮𐑴𐑥𐑩𐑯𐑧𐑥𐑐𐑲𐑼	matches
Holy Roman Empire	NP0	GenAm	ˈhoʊli ˈroʊmən ˈempaɪəR	ˈhəʊli ˈrəʊmən ˈempaɪəR	𐑣𐑴𐑤𐑦 𐑮𐑴𐑥𐑩𐑯 𐑧𐑥𐑐𐑲𐑼	𐑣𐑴𐑤𐑦𐑮𐑴𐑥𐑩𐑯𐑧𐑥𐑐𐑲𐑼	matches
binary relation	NN1	GenAm	ˈbaɪneri rɪˈleɪʃən	ˈbaɪnəri rɪˈleɪʃən	𐑚𐑲𐑯𐑧𐑮𐑦 𐑮𐑦𐑤𐑱𐑖𐑩𐑯	𐑚𐑲𐑯𐑼𐑦𐑮𐑦𐑤𐑱𐑖𐑩𐑯	divergent
graph theory	NN1	GenAm	ˈɡræf θiəri	ɡræf ˈθɪəri	𐑜𐑮𐑨𐑓 𐑔𐑽𐑦	𐑜𐑮𐑨𐑓𐑔𐑽𐑦	matches
sweet spot	NN1	RSSB	ˈswiːt spɒt	swiːt spɒt	𐑕𐑢𐑰𐑑 𐑕𐑐𐑪𐑑	𐑕𐑢𐑰𐑑𐑕𐑐𐑪𐑑	matches
sweet spot	NN1	GenAm	ˈswit ˌspɒt	swiːt spɒt	𐑕𐑢𐑦𐑑 𐑕𐑐𐑪𐑑	𐑕𐑢𐑰𐑑𐑕𐑐𐑪𐑑	divergent
Richter scale	NP0	GenAm	ˈrɪktəR skeɪl	ˈrɪktəR skeɪl	𐑮𐑦𐑒𐑑𐑼 𐑕𐑒𐑱𐑤	𐑮𐑦𐑒𐑑𐑼𐑕𐑒𐑱𐑤	matches
Richter scale	NN1	GenAm	ˈrɪktəR skeɪl	ˈrɪktəR skeɪl	𐑮𐑦𐑒𐑑𐑼 𐑕𐑒𐑱𐑤	𐑮𐑦𐑒𐑑𐑼𐑕𐑒𐑱𐑤	matches
push the envelope	VVI	RSSB	ˌpʊʃ ðiː ˈenvələʊp	pʊʃ Ð ˈenvələʊp	𐑐𐑫𐑖 𐑞𐑰 𐑧𐑯𐑝𐑩𐑤𐑴𐑐	𐑐𐑫𐑖𐑞𐑧𐑯𐑝𐑩𐑤𐑴𐑐	divergent
push the envelope	VVI	GenAm	ˌpʊʃ ði ˈenvəˌloʊp	pʊʃ Ð ˈenvələʊp	𐑐𐑫𐑖 𐑞𐑦 𐑧𐑯𐑝𐑩𐑤𐑴𐑐	𐑐𐑫𐑖𐑞𐑧𐑯𐑝𐑩𐑤𐑴𐑐	divergent
quad bike	NN1	GenAm	ˈkwɒd ˌbaɪk	kwɒd baɪk	𐑒𐑢𐑪𐑛 𐑚𐑲𐑒	𐑒𐑢𐑪𐑛𐑚𐑲𐑒	matches
quad bike	NN1	RSSB	ˈkwɒd ˌbaɪk	kwɒd baɪk	𐑒𐑢𐑪𐑛 𐑚𐑲𐑒	𐑒𐑢𐑪𐑛𐑚𐑲𐑒	matches
Aegean Sea	NP0	GenAm	əˈdʒiən ˈsi	iˈdʒiən siː	𐑩𐑡𐑾𐑯 𐑕𐑦	𐑦𐑡𐑾𐑯𐑕𐑰	divergent
ab initio	AV0	GenAm	ˌæb ɪˈnɪʃioʊ		𐑨𐑚 𐑦𐑯𐑦𐑖𐑦𐑴		unknown
ab initio	AV0	GenAm	ˌæb əˈnɪtioʊ		𐑨𐑚 𐑩𐑯𐑦𐑑𐑦𐑴		unknown
ab initio	AV0	GenAm	ˌɒb əˈnɪtioʊ		𐑪𐑚 𐑩𐑯𐑦𐑑𐑦𐑴		unknown
zip code	NN1	GenAm	ˈzɪp koʊd	zɪp kəʊd	𐑟𐑦𐑐 𐑒𐑴𐑛	𐑟𐑦𐑐𐑒𐑴𐑛	matches
zip code	VVI	GenAm	ˈzɪp koʊd	zɪp kəʊd	𐑟𐑦𐑐 𐑒𐑴𐑛	𐑟𐑦𐑐𐑒𐑴𐑛	matches
obiter dictum	NN1	RSSB	əʊbɪtəR ˈdɪktəm		𐑴𐑚𐑦𐑑𐑼 𐑛𐑦𐑒𐑑𐑩𐑥		unknown
obiter dictum	NN1	GenAm	ˌoʊbɪtəR ˈdɪktəm		𐑴𐑚𐑦𐑑𐑼 𐑛𐑦𐑒𐑑𐑩𐑥		unknown
post mortem	AJ0	RSSB	pəʊstmɔːRtəm		𐑐𐑴𐑕𐑑𐑥𐑹𐑑𐑩𐑥		unknown
post mortem	AJ0	GenAm	ˌpoʊstˈmɔːRtəm		𐑐𐑴𐑕𐑑𐑥𐑹𐑑𐑩𐑥		unknown
post mortem	AV0	RSSB	pəʊstmɔːRtəm		𐑐𐑴𐑕𐑑𐑥𐑹𐑑𐑩𐑥		unknown
post mortem	AV0	GenAm	ˌpoʊstˈmɔːRtəm		𐑐𐑴𐑕𐑑𐑥𐑹𐑑𐑩𐑥		unknown
post mortem	NN1	RSSB	pəʊstmɔːRtəm		𐑐𐑴𐑕𐑑𐑥𐑹𐑑𐑩𐑥		unknown
post mortem	NN1	GenAm	ˌpoʊstˈmɔːRtəm		𐑐𐑴𐑕𐑑𐑥𐑹𐑑𐑩𐑥		unknown
persona non grata	NN1	RSSB	pərsəʊnə nɒn ɡrɑːtə		𐑐𐑼𐑕𐑴𐑯𐑩 𐑯𐑪𐑯 𐑜𐑮𐑭𐑑𐑩		unknown
bona fide	AV0	RSSB	ˌbəʊnəˈfaɪdi		𐑚𐑴𐑯𐑩𐑓𐑲𐑛𐑦		unknown
bona fide	AV0	GenAm	ˌboʊnəˈfaɪdi		𐑚𐑴𐑯𐑩𐑓𐑲𐑛𐑦		unknown
bona fide	AV0	GenAm	ˈboʊnəfaɪd		𐑚𐑴𐑯𐑩𐑓𐑲𐑛		unknown
bona fide	AV0	GenAm	ˈbɒnəfaɪd		𐑚𐑪𐑯𐑩𐑓𐑲𐑛		unknown
bona fide	AV0	GenAm	ˈboʊnəˌfideɪ		𐑚𐑴𐑯𐑩𐑓𐑦𐑛𐑱		unknown
bona fide	AJ0	RSSB	ˌbəʊnəˈfaɪdi		𐑚𐑴𐑯𐑩𐑓𐑲𐑛𐑦		unknown
bona fide	AJ0	GenAm	ˌboʊnəˈfaɪdi		𐑚𐑴𐑯𐑩𐑓𐑲𐑛𐑦		unknown
bona fide	AJ0	GenAm	ˈboʊnəfaɪd		𐑚𐑴𐑯𐑩𐑓𐑲𐑛		unknown
bona fide	AJ0	GenAm	ˈbɒnəfaɪd		𐑚𐑪𐑯𐑩𐑓𐑲𐑛		unknown
bona fide	AJ0	GenAm	ˈboʊnəˌfideɪ		𐑚𐑴𐑯𐑩𐑓𐑦𐑛𐑱		unknown
abuse of distress	NN1	RSSB	əbjuːsəvdɪstres	əˈbjuːs V dɪˈstres	𐑩𐑚𐑿𐑕𐑩𐑝𐑛𐑦𐑕𐑑𐑮𐑧𐑕	𐑩𐑚𐑿𐑕𐑝𐑛𐑦𐑕𐑑𐑮𐑧𐑕	divergent
martial law	NN1	RSSB	mɑːRʃəl lɔː	ˈmɑːRʃəl lɔː	𐑥𐑸𐑖𐑩𐑤 𐑤𐑷	𐑥𐑸𐑖𐑩𐑤𐑤𐑷	matches
martial law	NN1	GenAm	ˈmɑːRʃəl lɒ	ˈmɑːRʃəl lɔː	𐑥𐑸𐑖𐑩𐑤 𐑤𐑪	𐑥𐑸𐑖𐑩𐑤𐑤𐑷	divergent
cranial nerve	NN1	GenAm	ˈkreɪniəl nɜːRv	ˈkreɪnɪəl nɜːRv	𐑒𐑮𐑱𐑯𐑾𐑤 𐑯𐑻𐑝	𐑒𐑮𐑱𐑯𐑾𐑤𐑯𐑻𐑝	matches
cold abscess	NN1	GenAm	koʊld ˈæbˌses	kəʊld ˈæbses	𐑒𐑴𐑤𐑛 𐑨𐑚𐑕𐑧𐑕	𐑒𐑴𐑤𐑛𐑨𐑚𐑕𐑧𐑕	matches
cold abscess	NN1	GenAm	koʊld ˈæbˌsɪs	kəʊld ˈæbses	𐑒𐑴𐑤𐑛 𐑨𐑚𐑕𐑦𐑕	𐑒𐑴𐑤𐑛𐑨𐑚𐑕𐑧𐑕	divergent
Gordian knot	NN1	RSSB	ɡɔːRdɪən ˈnɒt	ˈɡɔːRdɪən nɒt	𐑜𐑹𐑛𐑾𐑯 𐑯𐑪𐑑	𐑜𐑹𐑛𐑾𐑯𐑯𐑪𐑑	matches
Gordian knot	NN1	GenAm	ˈɡoʊrdɪən ˈnɒt	ˈɡɔːRdɪən nɒt	𐑜𐑴𐑮𐑛𐑾𐑯 𐑯𐑪𐑑	𐑜𐑹𐑛𐑾𐑯𐑯𐑪𐑑	divergent
petitio principii	NN1	RSSB	pɪˈtɪʃiˌəʊ prɪnˈkɪpiˌaɪ		𐑐𐑦𐑑𐑦𐑖𐑾𐑫 𐑐𐑮𐑦𐑯𐑒𐑦𐑐𐑦𐑲		unknown
petitio principii	NN1	GenAm	pəˈtɪʃiˌoʊ prɪnˈsɪpiˌaɪ		𐑐𐑩𐑑𐑦𐑖𐑦𐑴 𐑐𐑮𐑦𐑯𐑕𐑦𐑐𐑦𐑲		unknown
cor anglais	NN1	RSSB	kɔːr ˈɒŋɡleɪ		𐑒𐑹 𐑪𐑙𐑜𐑤𐑱		unknown
cor anglais	NN1	GenAm	ˌkɔːR ɒŋˈɡleɪ		𐑒𐑹 𐑪𐑙𐑜𐑤𐑱		unknown
Jolly Roger	NN1	RSSB	ˌdʒɒli rɒdʒəR	ˈdʒɒli ˈrɒdʒəR	𐑡𐑪𐑤𐑦 𐑮𐑪𐑡𐑼	𐑡𐑪𐑤𐑦𐑮𐑪𐑡𐑼	matches
Jolly Roger	NN1	GenAm	ˌdʒɒli ˈrɒdʒəR	ˈdʒɒli ˈrɒdʒəR	𐑡𐑪𐑤𐑦 𐑮𐑪𐑡𐑼	𐑡𐑪𐑤𐑦𐑮𐑪𐑡𐑼	matches
skull and crossbones	NN1	RSSB	ˌskʌl ən ˈkrɒsbəʊnz	skʌl N ˈkrɒsbəʊnz	𐑕𐑒𐑳𐑤 𐑩𐑯 𐑒𐑮𐑪𐑕𐑚𐑴𐑯𐑟	𐑕𐑒𐑳𐑤𐑯𐑒𐑮𐑪𐑕𐑚𐑴𐑯𐑟	divergent
skull and crossbones	NN1	GenAm	ˌskʌl ən ˈkrɒsboʊnz	skʌl N ˈkrɒsbəʊnz	𐑕𐑒𐑳𐑤 𐑩𐑯 𐑒𐑮𐑪𐑕𐑚𐑴𐑯𐑟	𐑕𐑒𐑳𐑤𐑯𐑒𐑮𐑪𐑕𐑚𐑴𐑯𐑟	divergent
actus reus	NN1	RSSB	aktəsreɪəs		𐑨𐑒𐑑𐑩𐑕𐑮𐑱𐑩𐑕		unknown
actus reus	NN1	RSSB	aktəsriːəs		𐑨𐑒𐑑𐑩𐑕𐑮𐑰𐑩𐑕		unknown
Amazon lily	NN1	GenAm	ˈæməˌzɒn ˈlɪli	ˈæməzən ˈlɪli	𐑨𐑥𐑩𐑟𐑪𐑯 𐑤𐑦𐑤𐑦	𐑨𐑥𐑩𐑟𐑩𐑯𐑤𐑦𐑤𐑦	divergent
serial killer	NN1	RSSB	sɪərɪəl kɪləR	ˈsɪərɪəl ˈkɪləR	𐑕𐑽𐑾𐑤 𐑒𐑦𐑤𐑼	𐑕𐑽𐑾𐑤𐑒𐑦𐑤𐑼	matches
serial killer	NN1	GenAm	ˈsɪəriəl ˌkɪləR	ˈsɪərɪəl ˈkɪləR	𐑕𐑽𐑾𐑤 𐑒𐑦𐑤𐑼	𐑕𐑽𐑾𐑤𐑒𐑦𐑤𐑼	matches
sacrifice bunt	NN1	RSSB	ˌsækrɪfaɪs ˈbʌnt	ˈsækrɪfaɪs bʌnt	𐑕𐑨𐑒𐑮𐑦𐑓𐑲𐑕 𐑚𐑳𐑯𐑑	𐑕𐑨𐑒𐑮𐑦𐑓𐑲𐑕𐑚𐑳𐑯𐑑	matches
sacrifice bunt	NN1	GenAm	ˌsækrəˌfaɪs ˈbʌnt	ˈsækrɪfaɪs bʌnt	𐑕𐑨𐑒𐑮𐑩𐑓𐑲𐑕 𐑚𐑳𐑯𐑑	𐑕𐑨𐑒𐑮𐑦𐑓𐑲𐑕𐑚𐑳𐑯𐑑	matches
chop suey	NN1	GenAm	ˈtʃɒp ˈsuːi		𐑗𐑪𐑐 𐑕𐑵𐑦		unknown
chop suey	NN1	GenAm	ˈtsɒp ˈsuːi		𐑑𐑕𐑪𐑐 𐑕𐑵𐑦		unknown
collared dove	NN1	RSSB	kɒləRd ˈdʌv	ˈkɒləRd dʌv	𐑒𐑪𐑤𐑼𐑛 𐑛𐑳𐑝	𐑒𐑪𐑤𐑼𐑛𐑛𐑳𐑝	matches
collared dove	NN1	GenAm	ˌkɒləRd ˈdʌv	ˈkɒləRd dʌv	𐑒𐑪𐑤𐑼𐑛 𐑛𐑳𐑝	𐑒𐑪𐑤𐑼𐑛𐑛𐑳𐑝	matches
double entendre	NN1	RSSB	dubl ɑːtɑːdr		𐑛𐑫𐑚𐑤 𐑭𐑑𐑭𐑛𐑮		unknown
double entendre	NN1	RSSB	dʌbəl ɒntɒndrə		𐑛𐑳𐑚𐑩𐑤 𐑪𐑯𐑑𐑪𐑯𐑛𐑮𐑩		unknown
double entendre	NN1	GenAm	dʌbəl ɒnˈtɒndrə		𐑛𐑳𐑚𐑩𐑤 𐑪𐑯𐑑𐑪𐑯𐑛𐑮𐑩		unknown
sound bite	NN1	RSSB	ˈsaʊndbaɪt	saʊnd baɪt	𐑕𐑬𐑯𐑛𐑚𐑲𐑑	𐑕𐑬𐑯𐑛𐑚𐑲𐑑	matches
siege engine	NN1	RSSB	ˈsiːdʒ ˌendʒɪn	siːdʒ ˈendʒɪn	𐑕𐑰𐑡 𐑧𐑯𐑡𐑦𐑯	𐑕𐑰𐑡𐑧𐑯𐑡𐑦𐑯	matches
siege engine	NN1	GenAm	ˈsidʒ ˌendʒɪn	siːdʒ ˈendʒɪn	𐑕𐑦𐑡 𐑧𐑯𐑡𐑦𐑯	𐑕𐑰𐑡𐑧𐑯𐑡𐑦𐑯	divergent
absolute value	NN1	GenAm	ˈæbsəˌlut ˈvælju	ˈæbsəluːt ˈvæljuː	𐑨𐑚𐑕𐑩𐑤𐑫𐑑 𐑝𐑨𐑤𐑘𐑫	𐑨𐑚𐑕𐑩𐑤𐑵𐑑𐑝𐑨𐑤𐑿	divergent
absolute value	NN1	GenAm	ˌæbsəˈljut ˈvælju	ˈæbsəluːt ˈvæljuː	𐑨𐑚𐑕𐑩𐑤𐑘𐑫𐑑 𐑝𐑨𐑤𐑘𐑫	𐑨𐑚𐑕𐑩𐑤𐑵𐑑𐑝𐑨𐑤𐑿	divergent
Gunter's line	NN1	RSSB	ɡʌntəRz ˈlaɪn		𐑜𐑳𐑯𐑑𐑼𐑟 𐑤𐑲𐑯		unknown
Gunter's line	NN1	GenAm	ˌɡʌntəRz ˈlaɪn		𐑜𐑳𐑯𐑑𐑼𐑟 𐑤𐑲𐑯		unknown
at once	AV0	RSSB	ət ˈwʌns	æt wʌns	𐑩𐑑 𐑢𐑳𐑯𐑕	𐑨𐑑𐑢𐑳𐑯𐑕	matches
au naturel	AV0	GenAm	oʊ nætʃəRˈel		𐑴 𐑯𐑨𐑗𐑼𐑧𐑤		unknown
au naturel	AJ0	GenAm	oʊ nætʃəRˈel		𐑴 𐑯𐑨𐑗𐑼𐑧𐑤		unknown
Guantanamo Bay	NP0	GenAm	ˌɡwɒnˈtɑːnɒmoʊ ˈbeɪ	ˌɡwɒnˈtɑːnɒmoʊ beɪ	𐑜𐑢𐑪𐑯𐑑𐑭𐑯𐑪𐑥𐑴 𐑚𐑱	𐑜𐑢𐑪𐑯𐑑𐑭𐑯𐑪𐑥𐑴𐑚𐑱	matches
peanut butter	NN1	RSSB	piːnʌtbʌtəR	ˈpiːnʌt ˈbʌtəR	𐑐𐑰𐑯𐑳𐑑𐑚𐑳𐑑𐑼	𐑐𐑰𐑯𐑳𐑑𐑚𐑳𐑑𐑼	matches
peanut butter	NN1	GenAm	ˈpinʌtˌbʌtəR	ˈpiːnʌt ˈbʌtəR	𐑐𐑦𐑯𐑳𐑑𐑚𐑳𐑑𐑼	𐑐𐑰𐑯𐑳𐑑𐑚𐑳𐑑𐑼	divergent
peanut butter	VVI	RSSB	piːnʌtbʌtəR	ˈpiːnʌt ˈbʌtəR	𐑐𐑰𐑯𐑳𐑑𐑚𐑳𐑑𐑼	𐑐𐑰𐑯𐑳𐑑𐑚𐑳𐑑𐑼	matches
peanut butter	VVI	GenAm	ˈpinʌtˌbʌtəR	ˈpiːnʌt ˈbʌtəR	𐑐𐑦𐑯𐑳𐑑𐑚𐑳𐑑𐑼	𐑐𐑰𐑯𐑳𐑑𐑚𐑳𐑑𐑼	divergent
barrel of monkeys	NN1	RSSB	bærələv mʌŋkiz	ˈbærəl V ˈmʌŋkiz	𐑚𐑨𐑮𐑩𐑤𐑩𐑝 𐑥𐑳𐑙𐑒𐑦𐑟	𐑚𐑨𐑮𐑩𐑤𐑝𐑥𐑳𐑙𐑒𐑦𐑟	divergent
barrel of monkeys	NN1	GenAm	ˌbærələv ˈmʌŋkiz	ˈbærəl V ˈmʌŋkiz	𐑚𐑨𐑮𐑩𐑤𐑩𐑝 𐑥𐑳𐑙𐑒𐑦𐑟	𐑚𐑨𐑮𐑩𐑤𐑝𐑥𐑳𐑙𐑒𐑦𐑟	divergent
trompe l'oeil	NN1	GenAm	ˈtrɒmp ˈlɔɪ		𐑑𐑮𐑪𐑥𐑐 𐑤𐑶		unknown
cash on delivery	NN1	RSSB	ˈkæʃ ɒn dɪlɪvəri	kæʃ ɒn dɪˈlɪvəri	𐑒𐑨𐑖 𐑪𐑯 𐑛𐑦𐑤𐑦𐑝𐑼𐑦	𐑒𐑨𐑖𐑪𐑯𐑛𐑦𐑤𐑦𐑝𐑼𐑦	matches
cash on delivery	NN1	GenAm	ˈkæʃ ɒn dəˈlɪvəri	kæʃ ɒn dɪˈlɪvəri	𐑒𐑨𐑖 𐑪𐑯 𐑛𐑩𐑤𐑦𐑝𐑼𐑦	𐑒𐑨𐑖𐑪𐑯𐑛𐑦𐑤𐑦𐑝𐑼𐑦	matches
root beer	NN1	RSSB	ˈruːt bɪəR	ruːt bɪəR	𐑮𐑵𐑑 𐑚𐑽	𐑮𐑵𐑑𐑚𐑽	matches
root beer	NN1	GenAm	ˈrut ˌbɪr	ruːt bɪəR	𐑮𐑫𐑑 𐑚𐑦𐑮	𐑮𐑵𐑑𐑚𐑽	divergent
parking ticket	NN1	RSSB	pɑːRkɪŋ ˈtɪkɪt	ˈpɑːRkɪŋ ˈtɪkIt	𐑐𐑸𐑒𐑦𐑙 𐑑𐑦𐑒𐑦𐑑	𐑐𐑸𐑒𐑦𐑙𐑑𐑦𐑒𐑩𐑑	matches
parking ticket	NN1	GenAm	ˈpɑːRkɪŋ ˈtɪkɪt	ˈpɑːRkɪŋ ˈtɪkIt	𐑐𐑸𐑒𐑦𐑙 𐑑𐑦𐑒𐑦𐑑	𐑐𐑸𐑒𐑦𐑙𐑑𐑦𐑒𐑩𐑑	matches
air pressure	NN1	GenAm	ˈer ˌpreʃər	eəR ˈpreʃəR	𐑧𐑮 𐑐𐑮𐑧𐑖𐑼	𐑺𐑐𐑮𐑧𐑖𐑼	divergent
air pressure	NN1	RSSB	eəR preʃəR	eəR ˈpreʃəR	𐑺 𐑐𐑮𐑧𐑖𐑼	𐑺𐑐𐑮𐑧𐑖𐑼	matches
heavy metal	NN1	GenAm	ˈhevi ˌmetəl	ˈhevi ˈmetəl	𐑣𐑧𐑝𐑦 𐑥𐑧𐑑𐑩𐑤	𐑣𐑧𐑝𐑦𐑥𐑧𐑑𐑩𐑤	matches
cold sore	NN1	GenAm	ˈkoʊld ˌsɔːR	kəʊld sɔːR	𐑒𐑴𐑤𐑛 𐑕𐑹	𐑒𐑴𐑤𐑛𐑕𐑹	matches
Montezuma's revenge	NN1	RSSB	ˌmɒntəˈzuːməz rɪˈvendʒ		𐑥𐑪𐑯𐑑𐑩𐑟𐑵𐑥𐑩𐑟 𐑮𐑦𐑝𐑧𐑯𐑡		unknown
Montezuma's revenge	NN1	GenAm	ˌmɒtəˈzuməz rəˈvendʒ		𐑥𐑪𐑑𐑩𐑟𐑫𐑥𐑩𐑟 𐑮𐑩𐑝𐑧𐑯𐑡		unknown
powdered sugar	NN1	RSSB	paʊdəRd ʃʊɡəR	ˈpaʊdəRd ˈʃʊɡəR	𐑐𐑬𐑛𐑼𐑛 𐑖𐑫𐑜𐑼	𐑐𐑬𐑛𐑼𐑛𐑖𐑫𐑜𐑼	matches
powdered sugar	NN1	GenAm	ˈpaʊdəRd ˈʃʊɡəR	ˈpaʊdəRd ˈʃʊɡəR	𐑐𐑬𐑛𐑼𐑛 𐑖𐑫𐑜𐑼	𐑐𐑬𐑛𐑼𐑛𐑖𐑫𐑜𐑼	matches
apple of discord	NN1	RSSB	ˈæpəl əv dɪskɔːRd	ˈæpəl V ˈdɪskɔːRd	𐑨𐑐𐑩𐑤 𐑩𐑝 𐑛𐑦𐑕𐑒𐑹𐑛	𐑨𐑐𐑩𐑤𐑝𐑛𐑦𐑕𐑒𐑹𐑛	divergent
apple of discord	NN1	GenAm	ˈæpəl əv ˈdɪskɔːRd	ˈæpəl V ˈdɪskɔːRd	𐑨𐑐𐑩𐑤 𐑩𐑝 𐑛𐑦𐑕𐑒𐑹𐑛	𐑨𐑐𐑩𐑤𐑝𐑛𐑦𐑕𐑒𐑹𐑛	divergent
French toast	NN1	RSSB	ˌfrentʃ ˈtəʊst	frentʃ təʊst	𐑓𐑮𐑧𐑯𐑗 𐑑𐑴𐑕𐑑	𐑓𐑮𐑧𐑯𐑗𐑑𐑴𐑕𐑑	matches
French toast	NN1	GenAm	ˌfrentʃ ˈtoʊst	frentʃ təʊst	𐑓𐑮𐑧𐑯𐑗 𐑑𐑴𐑕𐑑	𐑓𐑮𐑧𐑯𐑗𐑑𐑴𐑕𐑑	matches
all at once	AV0	RSSB	ˌɔːl ət ˈwʌnts	ɔːl æt wʌns	𐑷𐑤 𐑩𐑑 𐑢𐑳𐑯𐑑𐑕	𐑷𐑤𐑨𐑑𐑢𐑳𐑯𐑕	divergent
all at once	AV0	GenAm	ˌɒl ət ˈwʌnts	ɔːl æt wʌns	𐑪𐑤 𐑩𐑑 𐑢𐑳𐑯𐑑𐑕	𐑷𐑤𐑨𐑑𐑢𐑳𐑯𐑕	divergent
for crying out loud	ITJ	GenAm	fəR ˈkraɪɪŋ aʊt ˌlaʊd	F ˈkraɪɪŋ aʊt laʊd	𐑓𐑼 𐑒𐑮𐑲𐑦𐑙 𐑬𐑑 𐑤𐑬𐑛	𐑓𐑒𐑮𐑲𐑦𐑙𐑬𐑑𐑤𐑬𐑛	divergent
au contraire	AV0	RSSB	əʊ kɒntrɜːr		𐑴 𐑒𐑪𐑯𐑑𐑮𐑻		unknown
au contraire	AV0	GenAm	oʊ ˌkɒnˈtreər		𐑴 𐑒𐑪𐑯𐑑𐑮𐑺		unknown
au fait	AJ0	RSSB	ˌəʊˈfeɪ		𐑴𐑓𐑱		unknown
au fait	AJ0	GenAm	ˌoʊˈfeɪ		𐑴𐑓𐑱		unknown
upper class	NN1	RSSB	ʌpəRklɑːs	ˈʌpəR klⱭːs	𐑳𐑐𐑼𐑒𐑤𐑭𐑕	𐑳𐑐𐑼𐑒𐑤𐑭𐑕	matches
upper class	NN1	GenAm	ˌʌpəRˈklæs	ˈʌpəR klⱭːs	𐑳𐑐𐑼𐑒𐑤𐑨𐑕	𐑳𐑐𐑼𐑒𐑤𐑭𐑕	matches
bone-eating snot flower worm	NN1	RSSB	bəʊn iːtɪŋ snɒt flaʊəR wɜːRm		𐑚𐑴𐑯 𐑰𐑑𐑦𐑙 𐑕𐑯𐑪𐑑 𐑓𐑤𐑬𐑼 𐑢𐑻𐑥		unknown
bone-eating snot flower worm	NN1	GenAm	boʊn itɪŋ ˈsnɒt flaʊəR wɜːRm		𐑚𐑴𐑯 𐑦𐑑𐑦𐑙 𐑕𐑯𐑪𐑑 𐑓𐑤𐑬𐑼 𐑢𐑻𐑥		unknown
absorption band	NN1	GenAm	æbˈsɔːRpʃən bænd	əbˈsɔːRpʃən bænd	𐑨𐑚𐑕𐑹𐑐𐑖𐑩𐑯 𐑚𐑨𐑯𐑛	𐑩𐑚𐑕𐑹𐑐𐑖𐑩𐑯𐑚𐑨𐑯𐑛	matches
absorption band	NN1	GenAm	æbˈzɔːRpʃən bænd	əbˈsɔːRpʃən bænd	𐑨𐑚𐑟𐑹𐑐𐑖𐑩𐑯 𐑚𐑨𐑯𐑛	𐑩𐑚𐑕𐑹𐑐𐑖𐑩𐑯𐑚𐑨𐑯𐑛	divergent
absorption band	NN1	GenAm	əbˈzɔːRpʃən bænd	əbˈsɔːRpʃən bænd	𐑩𐑚𐑟𐑹𐑐𐑖𐑩𐑯 𐑚𐑨𐑯𐑛	𐑩𐑚𐑕𐑹𐑐𐑖𐑩𐑯𐑚𐑨𐑯𐑛	divergent
absorption band	NN1	GenAm	əbˈsɔːRpʃən bænd	əbˈsɔːRpʃən bænd	𐑩𐑚𐑕𐑹𐑐𐑖𐑩𐑯 𐑚𐑨𐑯𐑛	𐑩𐑚𐑕𐑹𐑐𐑖𐑩𐑯𐑚𐑨𐑯𐑛	matches
Mohorovičić discontinuity	NP0	RSSB	məʊhəʊˈrəʊvɪtʃɪtʃ ˌdɪskɒntɪˈnjuːɪti		𐑥𐑴𐑣𐑴𐑮𐑴𐑝𐑦𐑗𐑦𐑗 𐑛𐑦𐑕𐑒𐑪𐑯𐑑𐑦𐑯𐑿𐑦𐑑𐑦		unknown
credit card	NN1	GenAm	ˈkredɪt ˌkɑːRd	ˈkredɪt kɑːRd	𐑒𐑮𐑧𐑛𐑦𐑑 𐑒𐑸𐑛	𐑒𐑮𐑧𐑛𐑦𐑑𐑒𐑸𐑛	matches
helluo librorum	NN1	RSSB	ˌheljəəʊ lɪbrɔːrəm		𐑣𐑧𐑤𐑘𐑩𐑴 𐑤𐑦𐑚𐑮𐑹𐑩𐑥		unknown
helluo librorum	NN1	GenAm	ˌheljuoʊ lɪˈbrɒərəm		𐑣𐑧𐑤𐑘𐑫𐑴 𐑤𐑦𐑚𐑮𐑪𐑼𐑩𐑥		unknown
helluo librorum	NN1	RSSB	ˌheljəˈəʊniːz lɪbrɔːrəm		𐑣𐑧𐑤𐑘𐑩𐑴𐑯𐑰𐑟 𐑤𐑦𐑚𐑮𐑹𐑩𐑥		unknown
helluo librorum	NN1	GenAm	ˌheljuˈoʊniz lɪˈbrɒərəm		𐑣𐑧𐑤𐑘𐑫𐑴𐑯𐑦𐑟 𐑤𐑦𐑚𐑮𐑪𐑼𐑩𐑥		unknown
fly in the ointment	NN1	RSSB	ˈflaɪ ɪn ði ˈɔɪntmənt	flaɪ ɪn Ð ˈɔɪntmənt	𐑓𐑤𐑲 𐑦𐑯 𐑞𐑦 𐑶𐑯𐑑𐑥𐑩𐑯𐑑	𐑓𐑤𐑲𐑦𐑯𐑞𐑶𐑯𐑑𐑥𐑩𐑯𐑑	divergent
fly in the ointment	NN1	GenAm	ˈflaɪ ən ði ˈɔɪntmənt	flaɪ ɪn Ð ˈɔɪntmənt	𐑓𐑤𐑲 𐑩𐑯 𐑞𐑦 𐑶𐑯𐑑𐑥𐑩𐑯𐑑	𐑓𐑤𐑲𐑦𐑯𐑞𐑶𐑯𐑑𐑥𐑩𐑯𐑑	divergent
petit mal	NN1	RSSB	ˌpeti ˈmal		𐑐𐑧𐑑𐑦 𐑥𐑨𐑤		unknown
absence seizure	NN1	GenAm	ˈæbsəns ˈsiʒəR	ˈæbsəns ˈsiːʒəR	𐑨𐑚𐑕𐑩𐑯𐑕 𐑕𐑦𐑠𐑼	𐑨𐑚𐑕𐑩𐑯𐑕𐑕𐑰𐑠𐑼	divergent
absence seizure	NN1	GenAm	ˈæbsənts ˈsiʒəR	ˈæbsəns ˈsiːʒəR	𐑨𐑚𐑕𐑩𐑯𐑑𐑕 𐑕𐑦𐑠𐑼	𐑨𐑚𐑕𐑩𐑯𐑕𐑕𐑰𐑠𐑼	divergent
pipe dream	NN1	RSSB	ˈpaɪp driːm	paɪp driːm	𐑐𐑲𐑐 𐑛𐑮𐑰𐑥	𐑐𐑲𐑐𐑛𐑮𐑰𐑥	matches
pipe dream	NN1	GenAm	ˈpaɪp ˌdrim	paɪp driːm	𐑐𐑲𐑐 𐑛𐑮𐑦𐑥	𐑐𐑲𐑐𐑛𐑮𐑰𐑥	divergent
Baltic Sea	NP0	GenAm	ˈbɒltɪk ˈsi	ˈbɔːltɪk siː	𐑚𐑪𐑤𐑑𐑦𐑒 𐑕𐑦	𐑚𐑷𐑤𐑑𐑦𐑒𐑕𐑰	divergent
hakuna matata	UNC	GenAm	həˈkunə məˈtɒtə		𐑣𐑩𐑒𐑫𐑯𐑩 𐑥𐑩𐑑𐑪𐑑𐑩		unknown
fingers crossed	AV0	GenAm	fɪŋɡəRz krɒst	ˈfɪŋɡəRz krɒst	𐑓𐑦𐑙𐑜𐑼𐑟 𐑒𐑮𐑪𐑕𐑑	𐑓𐑦𐑙𐑜𐑼𐑟𐑒𐑮𐑪𐑕𐑑	matches
fingers crossed	UNC	GenAm	fɪŋɡəRz krɒst	ˈfɪŋɡəRz krɒst	𐑓𐑦𐑙𐑜𐑼𐑟 𐑒𐑮𐑪𐑕𐑑	𐑓𐑦𐑙𐑜𐑼𐑟𐑒𐑮𐑪𐑕𐑑	matches
absorption coefficient	NN1	GenAm	æbˈsɔːRpʃən ˌkoʊəˈfɪʃənt	əbˈsɔːRpʃən ˌkəʊɪˈfɪʃənt	𐑨𐑚𐑕𐑹𐑐𐑖𐑩𐑯 𐑒𐑴𐑩𐑓𐑦𐑖𐑩𐑯𐑑	𐑩𐑚𐑕𐑹𐑐𐑖𐑩𐑯𐑒𐑴𐑦𐑓𐑦𐑖𐑩𐑯𐑑	matches
absorption coefficient	NN1	GenAm	æbˈzɔːRpʃən ˌkoʊəˈfɪʃənt	əbˈsɔːRpʃən ˌkəʊɪˈfɪʃənt	𐑨𐑚𐑟𐑹𐑐𐑖𐑩𐑯 𐑒𐑴𐑩𐑓𐑦𐑖𐑩𐑯𐑑	𐑩𐑚𐑕𐑹𐑐𐑖𐑩𐑯𐑒𐑴𐑦𐑓𐑦𐑖𐑩𐑯𐑑	divergent
absorption coefficient	NN1	GenAm	əbˈzɔːRpʃən ˌkoʊəˈfɪʃənt	əbˈsɔːRpʃən ˌkəʊɪˈfɪʃənt	𐑩𐑚𐑟𐑹𐑐𐑖𐑩𐑯 𐑒𐑴𐑩𐑓𐑦𐑖𐑩𐑯𐑑	𐑩𐑚𐑕𐑹𐑐𐑖𐑩𐑯𐑒𐑴𐑦𐑓𐑦𐑖𐑩𐑯𐑑	divergent
absorption coefficient	NN1	GenAm	əbˈsɔːRpʃən ˌkoʊəˈfɪʃənt	əbˈsɔːRpʃən ˌkəʊɪˈfɪʃənt	𐑩𐑚𐑕𐑹𐑐𐑖𐑩𐑯 𐑒𐑴𐑩𐑓𐑦𐑖𐑩𐑯𐑑	𐑩𐑚𐑕𐑹𐑐𐑖𐑩𐑯𐑒𐑴𐑦𐑓𐑦𐑖𐑩𐑯𐑑	matches
motherhood statement	NN1	RSSB	mʌðəRhʊd ˈsteɪtmənt	ˈmʌðəRhʊd ˈsteɪtmənt	𐑥𐑳𐑞𐑼𐑣𐑫𐑛 𐑕𐑑𐑱𐑑𐑥𐑩𐑯𐑑	𐑥𐑳𐑞𐑼𐑣𐑫𐑛𐑕𐑑𐑱𐑑𐑥𐑩𐑯𐑑	matches
motherhood statement	NN1	GenAm	ˈmʌðəRˌhʊd ˈsteɪtmənt	ˈmʌðəRhʊd ˈsteɪtmənt	𐑥𐑳𐑞𐑼𐑣𐑫𐑛 𐑕𐑑𐑱𐑑𐑥𐑩𐑯𐑑	𐑥𐑳𐑞𐑼𐑣𐑫𐑛𐑕𐑑𐑱𐑑𐑥𐑩𐑯𐑑	matches
dark chocolate	NN1	GenAm	ˌdɑːRk ˈtʃɒklɪt	dɑːRk ˈtʃɒkələt	𐑛𐑸𐑒 𐑗𐑪𐑒𐑤𐑦𐑑	𐑛𐑸𐑒𐑗𐑪𐑒𐑩𐑤𐑩𐑑	divergent
dark chocolate	NN1	RSSB	dɑːRk ˈtʃɒklət	dɑːRk ˈtʃɒkələt	𐑛𐑸𐑒 𐑗𐑪𐑒𐑤𐑩𐑑	𐑛𐑸𐑒𐑗𐑪𐑒𐑩𐑤𐑩𐑑	divergent
pardon my French	VVI	RSSB	pɑːRdən maɪ ˈfrentʃ	ˈpɑːRdən maɪ frentʃ	𐑐𐑸𐑛𐑩𐑯 𐑥𐑲 𐑓𐑮𐑧𐑯𐑗	𐑐𐑸𐑛𐑩𐑯𐑥𐑲𐑓𐑮𐑧𐑯𐑗	matches
pardon my French	VVI	GenAm	ˌpɑːRdən maɪ ˈfrentʃ	ˈpɑːRdən maɪ frentʃ	𐑐𐑸𐑛𐑩𐑯 𐑥𐑲 𐑓𐑮𐑧𐑯𐑗	𐑐𐑸𐑛𐑩𐑯𐑥𐑲𐑓𐑮𐑧𐑯𐑗	matches
John Hancock	NN1	RSSB	dʒɒn ˈhænkɒk		𐑡𐑪𐑯 𐑣𐑨𐑯𐑒𐑪𐑒		unknown
John Hancock	NN1	GenAm	dʒɒn ˈhænkɒk		𐑡𐑪𐑯 𐑣𐑨𐑯𐑒𐑪𐑒		unknown
John Hancock	NN1	GenAm	dʒɒn ˈhænkɔːk		𐑡𐑪𐑯 𐑣𐑨𐑯𐑒𐑷𐑒		unknown
John Hancock	VVI	RSSB	dʒɒn ˈhænkɒk		𐑡𐑪𐑯 𐑣𐑨𐑯𐑒𐑪𐑒		unknown
John Hancock	VVI	GenAm	dʒɒn ˈhænkɒk		𐑡𐑪𐑯 𐑣𐑨𐑯𐑒𐑪𐑒		unknown
John Hancock	VVI	GenAm	dʒɒn ˈhænkɔːk		𐑡𐑪𐑯 𐑣𐑨𐑯𐑒𐑷𐑒		unknown
food desert	NN1	RSSB	fuːd dezərt	fuːd ˈdezəRt	𐑓𐑵𐑛 𐑛𐑧𐑟𐑼𐑑	𐑓𐑵𐑛𐑛𐑧𐑟𐑼𐑑	matches
food desert	NN1	GenAm	fud ˈdezəRt	fuːd ˈdezəRt	𐑓𐑫𐑛 𐑛𐑧𐑟𐑼𐑑	𐑓𐑵𐑛𐑛𐑧𐑟𐑼𐑑	divergent
chaise lounge	NN1	GenAm	ˌʃeɪz ˈlaʊndʒ	ʃeɪz laʊndʒ	𐑖𐑱𐑟 𐑤𐑬𐑯𐑡	𐑖𐑱𐑟𐑤𐑬𐑯𐑡	matches
cot-caught merger	NN1	GenAm	ˈkɒt kɒt ˌmɜːRdʒəR		𐑒𐑪𐑑 𐑒𐑪𐑑 𐑥𐑻𐑡𐑼		unknown
cot-caught merger	NN1	RSSB	kɒt kɔːt mɜːRdʒəR		𐑒𐑪𐑑 𐑒𐑷𐑑 𐑥𐑻𐑡𐑼		unknown
cot-caught merger	NN1	RSSB	kɔt koːt məːdʒəR		𐑒𐑷𐑑 𐑒𐑪𐑑 𐑥𐑩𐑡𐑼		unknown
throw the baby out with the bathwater	VVI	RSSB	θrəʊ ðə ˈbeɪbi aʊt wɪð ðə bɑːθwɔːtər		𐑔𐑮𐑴 𐑞𐑩 𐑚𐑱𐑚𐑦 𐑬𐑑 𐑢𐑦𐑞 𐑞𐑩 𐑚𐑭𐑔𐑢𐑷𐑑𐑼		unknown
throw the baby out with the bathwater	VVI	GenAm	θroʊ ðə ˈbeɪbi aʊt wɪθ ðə ˈbæθwɒtəR	θrəʊ Ð ˈbeɪbi aʊt wɪθ Ð ˈbæθwɒtəR	𐑔𐑮𐑴 𐑞𐑩 𐑚𐑱𐑚𐑦 𐑬𐑑 𐑢𐑦𐑔 𐑞𐑩 𐑚𐑨𐑔𐑢𐑪𐑑𐑼	𐑔𐑮𐑴𐑞𐑚𐑱𐑚𐑦𐑬𐑑𐑢𐑦𐑔𐑞𐑚𐑨𐑔𐑢𐑪𐑑𐑼	divergent
food web	NN1	RSSB	ˈfuːd web	fuːd web	𐑓𐑵𐑛 𐑢𐑧𐑚	𐑓𐑵𐑛𐑢𐑧𐑚	matches
food web	NN1	GenAm	ˈfud web	fuːd web	𐑓𐑫𐑛 𐑢𐑧𐑚	𐑓𐑵𐑛𐑢𐑧𐑚	divergent
knight in shining armor	NN1	RSSB	ˈnaɪt ɪn ˈʃaɪnɪŋ ɑːRməR	naɪt ɪn ˈʃaɪnɪŋ ˈɑːRməR	𐑯𐑲𐑑 𐑦𐑯 𐑖𐑲𐑯𐑦𐑙 𐑸𐑥𐑼	𐑯𐑲𐑑𐑦𐑯𐑖𐑲𐑯𐑦𐑙𐑸𐑥𐑼	matches
knight in shining armor	NN1	GenAm	ˈnaɪt ɪn ˈʃaɪnɪŋ ˈɑːRmər	naɪt ɪn ˈʃaɪnɪŋ ˈɑːRməR	𐑯𐑲𐑑 𐑦𐑯 𐑖𐑲𐑯𐑦𐑙 𐑸𐑥𐑼	𐑯𐑲𐑑𐑦𐑯𐑖𐑲𐑯𐑦𐑙𐑸𐑥𐑼	matches
corpus juris	NN1	RSSB	kɔːRpəs dʒɜːrəs		𐑒𐑹𐑐𐑩𐑕 𐑡𐑻𐑩𐑕		unknown
corpus juris	NN1	GenAm	ˈkɔːRpəs ˈdʒɜːRəs		𐑒𐑹𐑐𐑩𐑕 𐑡𐑻𐑩𐑕		unknown
bento box	NN1	RSSB	ˈbentəʊ ˌbɒks		𐑚𐑧𐑯𐑑𐑴 𐑚𐑪𐑒𐑕		unknown
bento box	NN1	GenAm	ˈbenˌtoʊ ˌbɒks	ˈbenˌtoʊ bɒks	𐑚𐑧𐑯𐑑𐑴 𐑚𐑪𐑒𐑕	𐑚𐑧𐑯𐑑𐑴𐑚𐑪𐑒𐑕	matches
air conditioning	NN1	GenAm	ˈer kənˈdɪːʃəˌnɪŋ	eəR kənˈdɪʃənɪŋ	𐑧𐑮 𐑒𐑩𐑯𐑛𐑦𐑖𐑩𐑯𐑦𐑙	𐑺𐑒𐑩𐑯𐑛𐑦𐑖𐑩𐑯𐑦𐑙	divergent
air conditioning	VVI	GenAm	ˈer kənˈdɪːʃəˌnɪŋ	eəR kənˈdɪʃənɪŋ	𐑧𐑮 𐑒𐑩𐑯𐑛𐑦𐑖𐑩𐑯𐑦𐑙	𐑺𐑒𐑩𐑯𐑛𐑦𐑖𐑩𐑯𐑦𐑙	divergent
social Darwinism	NN1	RSSB	ˌsəʊʃəl dɑːRwɪnɪzəm		𐑕𐑴𐑖𐑩𐑤 𐑛𐑸𐑢𐑦𐑯𐑦𐑟𐑩𐑥		unknown
social Darwinism	NN1	GenAm	ˌsoʊʃəl ˈdɑːRwənˌɪzəm	ˈsəʊʃəl ˈdɑːRwənˌɪzəm	𐑕𐑴𐑖𐑩𐑤 𐑛𐑸𐑢𐑩𐑯𐑦𐑟𐑩𐑥	𐑕𐑴𐑖𐑩𐑤𐑛𐑸𐑢𐑩𐑯𐑦𐑟𐑩𐑥	matches
fuel cell	NN1	RSSB	ˈfjuːəl sel	ˈfjuːəl sel	𐑓𐑿𐑩𐑤 𐑕𐑧𐑤	𐑓𐑿𐑩𐑤𐑕𐑧𐑤	matches
Generation X	NP0	RSSB	dʒenəreɪʃən ˈeks	ˌdʒenəˈreɪʃən eks	𐑡𐑧𐑯𐑼𐑱𐑖𐑩𐑯 𐑧𐑒𐑕	𐑡𐑧𐑯𐑼𐑱𐑖𐑩𐑯𐑧𐑒𐑕	matches
Generation X	NP0	GenAm	ˌdʒenəˌreɪʃən ˈeks	ˌdʒenəˈreɪʃən eks	𐑡𐑧𐑯𐑼𐑱𐑖𐑩𐑯 𐑧𐑒𐑕	𐑡𐑧𐑯𐑼𐑱𐑖𐑩𐑯𐑧𐑒𐑕	matches
Adriatic Sea	NP0	GenAm	eɪdriˈætɪk si		𐑱𐑛𐑮𐑦𐑨𐑑𐑦𐑒 𐑕𐑦		unknown
joie de vivre	NN1	GenAm	ˌʒwɒ də ˈvivrə		𐑠𐑢𐑪 𐑛𐑩 𐑝𐑦𐑝𐑮𐑩		unknown
joie de vivre	NN1	RSSB	ˌʒwɑː də viːvrə		𐑠𐑢𐑭 𐑛𐑩 𐑝𐑰𐑝𐑮𐑩		unknown
air base	NN1	GenAm	ɜːr beiːs	eəR beɪs	𐑻 𐑚𐑧𐑰𐑕	𐑺𐑚𐑱𐑕	divergent
casus foederis	NN1	RSSB	ˌkeɪsəs fiːdərɪs		𐑒𐑱𐑕𐑩𐑕 𐑓𐑰𐑛𐑼𐑦𐑕		unknown
apple of Sodom	NN1	RSSB	ˈæpəl əv ˈsɒdəm		𐑨𐑐𐑩𐑤 𐑩𐑝 𐑕𐑪𐑛𐑩𐑥		unknown
apple of Sodom	NN1	GenAm	ˈæpəl əv ˈsɒdəm	ˈæpəl V ˈsɒdəm	𐑨𐑐𐑩𐑤 𐑩𐑝 𐑕𐑪𐑛𐑩𐑥	𐑨𐑐𐑩𐑤𐑝𐑕𐑪𐑛𐑩𐑥	divergent
ab ovo	AV0	GenAm	æˈboʊˌvoʊ		𐑨𐑚𐑴𐑝𐑴		unknown
bachelor's fare	NN1	RSSB	bætʃəRləRz feər		𐑚𐑨𐑗𐑼𐑤𐑼𐑟 𐑓𐑺		unknown
bachelor's fare	NN1	GenAm	ˈbætʃələrz ˈfer		𐑚𐑨𐑗𐑩𐑤𐑼𐑟 𐑓𐑧𐑮		unknown
bachelor's fare	NN1	GenAm	ˈbætʃlərz ˈfer		𐑚𐑨𐑗𐑤𐑼𐑟 𐑓𐑧𐑮		unknown
golden age	NN1	RSSB	ˈɡəʊldən eɪdʒ	ˈɡəʊldən eɪdʒ	𐑜𐑴𐑤𐑛𐑩𐑯 𐑱𐑡	𐑜𐑴𐑤𐑛𐑩𐑯𐑱𐑡	matches
golden age	NN1	GenAm	ˈɡoʊldən eɪdʒ	ˈɡəʊldən eɪdʒ	𐑜𐑴𐑤𐑛𐑩𐑯 𐑱𐑡	𐑜𐑴𐑤𐑛𐑩𐑯𐑱𐑡	matches
pair bond	NN1	GenAm	ˈperˌbɒnd	peəR bɒnd	𐑐𐑧𐑮𐑚𐑪𐑯𐑛	𐑐𐑺𐑚𐑪𐑯𐑛	divergent
doggy style	AV0	RSSB	ˈdɒɡi staɪl	ˈdɒɡi staɪl	𐑛𐑪𐑜𐑦 𐑕𐑑𐑲𐑤	𐑛𐑪𐑜𐑦𐑕𐑑𐑲𐑤	matches
doggy style	AV0	GenAm	ˈdɒɡi staɪl	ˈdɒɡi staɪl	𐑛𐑪𐑜𐑦 𐑕𐑑𐑲𐑤	𐑛𐑪𐑜𐑦𐑕𐑑𐑲𐑤	matches
doggy style	NN1	RSSB	ˈdɒɡi staɪl	ˈdɒɡi staɪl	𐑛𐑪𐑜𐑦 𐑕𐑑𐑲𐑤	𐑛𐑪𐑜𐑦𐑕𐑑𐑲𐑤	matches
doggy style	NN1	GenAm	ˈdɒɡi staɪl	ˈdɒɡi staɪl	𐑛𐑪𐑜𐑦 𐑕𐑑𐑲𐑤	𐑛𐑪𐑜𐑦𐑕𐑑𐑲𐑤	matches
doggy style	AJ0	RSSB	ˈdɒɡi staɪl	ˈdɒɡi staɪl	𐑛𐑪𐑜𐑦 𐑕𐑑𐑲𐑤	𐑛𐑪𐑜𐑦𐑕𐑑𐑲𐑤	matches
doggy style	AJ0	GenAm	ˈdɒɡi staɪl	ˈdɒɡi staɪl	𐑛𐑪𐑜𐑦 𐑕𐑑𐑲𐑤	𐑛𐑪𐑜𐑦𐑕𐑑𐑲𐑤	matches
modus vivendi	NN1	RSSB	ˌməʊdəs vɪˈvendiː		𐑥𐑴𐑛𐑩𐑕 𐑝𐑦𐑝𐑧𐑯𐑛𐑰		unknown
modus vivendi	NN1	GenAm	ˌmoʊdəs vɪˈvendiː		𐑥𐑴𐑛𐑩𐑕 𐑝𐑦𐑝𐑧𐑯𐑛𐑰		unknown
mise en scène	NN1	RSSB	ˌmizɑːˈsen		𐑥𐑦𐑟𐑭𐑕𐑧𐑯		unknown
secretary bird	NN1	RSSB	sekrəterɪ bɜːRd	ˈsekrətəri bɜːRd	𐑕𐑧𐑒𐑮𐑩𐑑𐑧𐑮𐑦 𐑚𐑻𐑛	𐑕𐑧𐑒𐑮𐑩𐑑𐑼𐑦𐑚𐑻𐑛	divergent
by no means	UNC	RSSB	baɪ nəʊ ˈmiːnz	baɪ nəʊ miːnz	𐑚𐑲 𐑯𐑴 𐑥𐑰𐑯𐑟	𐑚𐑲𐑯𐑴𐑥𐑰𐑯𐑟	matches
by no means	UNC	GenAm	baɪ noʊ ˈminz	baɪ nəʊ miːnz	𐑚𐑲 𐑯𐑴 𐑥𐑦𐑯𐑟	𐑚𐑲𐑯𐑴𐑥𐑰𐑯𐑟	divergent
woe betide	VVI	RSSB	ˌwəʊ bɪˈtaɪd	wəʊ bɪˈtaɪd	𐑢𐑴 𐑚𐑦𐑑𐑲𐑛	𐑢𐑴𐑚𐑦𐑑𐑲𐑛	matches
woe betide	VVI	GenAm	ˌwoʊ bəˈtaɪd	wəʊ bɪˈtaɪd	𐑢𐑴 𐑚𐑩𐑑𐑲𐑛	𐑢𐑴𐑚𐑦𐑑𐑲𐑛	matches
old school	NN1	RSSB	ˈəʊldskuːl	əʊld skuːl	𐑴𐑤𐑛𐑕𐑒𐑵𐑤	𐑴𐑤𐑛𐑕𐑒𐑵𐑤	matches
old school	NN1	GenAm	ˈoʊldˌskul	əʊld skuːl	𐑴𐑤𐑛𐑕𐑒𐑫𐑤	𐑴𐑤𐑛𐑕𐑒𐑵𐑤	divergent
old school	AJ0	RSSB	ˈəʊldskuːl	əʊld skuːl	𐑴𐑤𐑛𐑕𐑒𐑵𐑤	𐑴𐑤𐑛𐑕𐑒𐑵𐑤	matches
old school	AJ0	GenAm	ˈoʊldˌskul	əʊld skuːl	𐑴𐑤𐑛𐑕𐑒𐑫𐑤	𐑴𐑤𐑛𐑕𐑒𐑵𐑤	divergent
garden cress	NN1	RSSB	ɡɑːRdən kres	ˈɡɑːRdən kres	𐑜𐑸𐑛𐑩𐑯 𐑒𐑮𐑧𐑕	𐑜𐑸𐑛𐑩𐑯𐑒𐑮𐑧𐑕	matches
contest shape	NN1	RSSB	ˈkɒntest ˌʃeɪp	ˈkɒntest ʃeɪp	𐑒𐑪𐑯𐑑𐑧𐑕𐑑 𐑖𐑱𐑐	𐑒𐑪𐑯𐑑𐑧𐑕𐑑𐑖𐑱𐑐	matches
contest shape	NN1	GenAm	ˈkɑːntest ˌʃeɪp	ˈkɒntest ʃeɪp	𐑒𐑭𐑯𐑑𐑧𐑕𐑑 𐑖𐑱𐑐	𐑒𐑪𐑯𐑑𐑧𐑕𐑑𐑖𐑱𐑐	divergent
go pear-shaped	VVI	RSSB	ɡəʊ peəRʃeɪpt		𐑜𐑴 𐑐𐑺𐑖𐑱𐑐𐑑		unknown
go pear-shaped	VVI	GenAm	ɡoʊ ˈpeəRʃeɪpt		𐑜𐑴 𐑐𐑺𐑖𐑱𐑐𐑑		unknown
dulce de leche	NN1	GenAm	ˌdulseɪ də ˈletʃeɪ		𐑛𐑫𐑤𐑕𐑱 𐑛𐑩 𐑤𐑧𐑗𐑱		unknown
dulce de leche	NN1	GenAm	ˌdʌlseɪ də ˈletʃeɪ		𐑛𐑳𐑤𐑕𐑱 𐑛𐑩 𐑤𐑧𐑗𐑱		unknown
mazel tov	ITJ	RSSB	ˈmazəl ˌtɒf		𐑥𐑨𐑟𐑩𐑤 𐑑𐑪𐑓		unknown
mazel tov	ITJ	RSSB	ˈmazəl ˌtɒv		𐑥𐑨𐑟𐑩𐑤 𐑑𐑪𐑝		unknown
mazel tov	ITJ	GenAm	ˈmɒzəlˌtɒf		𐑥𐑪𐑟𐑩𐑤𐑑𐑪𐑓		unknown
mazel tov	ITJ	GenAm	ˈmɒzəlˌtɒv		𐑥𐑪𐑟𐑩𐑤𐑑𐑪𐑝		unknown
beta blocker	NN1	GenAm	ˈbeɪtə ˈblɒkəR		𐑚𐑱𐑑𐑩 𐑚𐑤𐑪𐑒𐑼		unknown
Rome wasn't built in a day	UNC	RSSB	rəʊm wɒzənt bɪltɪnə deɪ	rəʊm ˈwɒzənt bɪlt ɪn ə deɪ	𐑮𐑴𐑥 𐑢𐑪𐑟𐑩𐑯𐑑 𐑚𐑦𐑤𐑑𐑦𐑯𐑩 𐑛𐑱	𐑮𐑴𐑥𐑢𐑪𐑟𐑩𐑯𐑑𐑚𐑦𐑤𐑑𐑦𐑯𐑩𐑛𐑱	matches
Rome wasn't built in a day	UNC	GenAm	ˈroʊm ˌwʌzənt ˈbɪltɪnə ˈdeɪ	rəʊm ˈwʌzənt bɪlt ɪn ə deɪ	𐑮𐑴𐑥 𐑢𐑳𐑟𐑩𐑯𐑑 𐑚𐑦𐑤𐑑𐑦𐑯𐑩 𐑛𐑱	𐑮𐑴𐑥𐑢𐑳𐑟𐑩𐑯𐑑𐑚𐑦𐑤𐑑𐑦𐑯𐑩𐑛𐑱	matches
over my dead body	UNC	GenAm	oʊvəR maɪ ded bɒdi	ˈəʊvəR maɪ ded ˈbɒdi	𐑴𐑝𐑼 𐑥𐑲 𐑛𐑧𐑛 𐑚𐑪𐑛𐑦	𐑴𐑝𐑼𐑥𐑲𐑛𐑧𐑛𐑚𐑪𐑛𐑦	matches
Baton Rouge	NP0	GenAm	ˌbætən ˈruːʒ	ˈbætən ruːʒ	𐑚𐑨𐑑𐑩𐑯 𐑮𐑵𐑠	𐑚𐑨𐑑𐑩𐑯𐑮𐑵𐑠	matches
Baton Rouge	NP0	GenAm	bæən ˈruːʒ	ˈbætən ruːʒ	𐑚𐑨𐑩𐑯 𐑮𐑵𐑠	𐑚𐑨𐑑𐑩𐑯𐑮𐑵𐑠	divergent
ding dong	ITJ	RSSB	dɪŋɡˈdɒŋɡ		𐑛𐑦𐑙𐑜𐑛𐑪𐑙𐑜		unknown
ding dong	NN1	RSSB	dɪŋɡˈdɒŋɡ		𐑛𐑦𐑙𐑜𐑛𐑪𐑙𐑜		unknown
culture shock	NN1	GenAm	ˈkʌltʃəR ʃɑːk	ˈkʌltʃəR ʃɒk	𐑒𐑳𐑤𐑗𐑼 𐑖𐑭𐑒	𐑒𐑳𐑤𐑗𐑼𐑖𐑪𐑒	divergent
Baja California	NP0	GenAm	ˈbɑːhə ˌkælɪˈfɔːrniə	ˈbɑːhɑː ˌkælɪˈfɔːRnɪə	𐑚𐑭𐑣𐑩 𐑒𐑨𐑤𐑦𐑓𐑹𐑯𐑾	𐑚𐑭𐑣𐑭𐑒𐑨𐑤𐑦𐑓𐑹𐑯𐑾	divergent
turn turtle	VVI	RSSB	tɜːRn tɜːRtəl	tɜːRn ˈtɜːRtəl	𐑑𐑻𐑯 𐑑𐑻𐑑𐑩𐑤	𐑑𐑻𐑯𐑑𐑻𐑑𐑩𐑤	matches
turn turtle	VVI	GenAm	ˈtɜːRn ˈtɜːRtəl	tɜːRn ˈtɜːRtəl	𐑑𐑻𐑯 𐑑𐑻𐑑𐑩𐑤	𐑑𐑻𐑯𐑑𐑻𐑑𐑩𐑤	matches
bouncy castle	NN1	RSSB	ˌbaʊnsi ˈkɑːsəl	ˈbaʊnsi ˈkⱭːsəl	𐑚𐑬𐑯𐑕𐑦 𐑒𐑭𐑕𐑩𐑤	𐑚𐑬𐑯𐑕𐑦𐑒𐑭𐑕𐑩𐑤	matches
bouncy castle	NN1	RSSB	ˌbaʊnsɪ ˈkɑːsəl	ˈbaʊnsi ˈkⱭːsəl	𐑚𐑬𐑯𐑕𐑦 𐑒𐑭𐑕𐑩𐑤	𐑚𐑬𐑯𐑕𐑦𐑒𐑭𐑕𐑩𐑤	matches
bouncy castle	NN1	GenAm	ˌbaʊnsi ˈkæsəl	ˈbaʊnsi ˈkⱭːsəl	𐑚𐑬𐑯𐑕𐑦 𐑒𐑨𐑕𐑩𐑤	𐑚𐑬𐑯𐑕𐑦𐑒𐑭𐑕𐑩𐑤	matches
angular acceleration	NN1	RSSB	æŋɡjələrəkseləreɪʃən	ˈæŋɡjələR əkˌseləˈreɪʃən	𐑨𐑙𐑜𐑘𐑩𐑤𐑼𐑩𐑒𐑕𐑧𐑤𐑼𐑱𐑖𐑩𐑯	𐑨𐑙𐑜𐑘𐑩𐑤𐑼𐑩𐑒𐑕𐑧𐑤𐑼𐑱𐑖𐑩𐑯	matches
angular acceleration	NN1	GenAm	ˈæŋɡjuləRrəkˌseləˈreɪʃən	ˈæŋɡjələR əkˌseləˈreɪʃən	𐑨𐑙𐑜𐑘𐑫𐑤𐑼𐑮𐑩𐑒𐑕𐑧𐑤𐑼𐑱𐑖𐑩𐑯	𐑨𐑙𐑜𐑘𐑩𐑤𐑼𐑩𐑒𐑕𐑧𐑤𐑼𐑱𐑖𐑩𐑯	divergent
spina bifida	NN1	GenAm	ˈspaɪnə ˈbɪfɪdə		𐑕𐑐𐑲𐑯𐑩 𐑚𐑦𐑓𐑦𐑛𐑩		unknown
art historian	NN1	GenAm	art hɪstˈɔːRiən	ɑːRt hɪˈstɔːrɪən	𐑨𐑮𐑑 𐑣𐑦𐑕𐑑𐑹𐑾𐑯	𐑸𐑑𐑣𐑦𐑕𐑑𐑹𐑾𐑯	divergent
art historian	NN1	GenAm	ar hɪstˈɔːRiən	ɑːRt hɪˈstɔːrɪən	𐑨𐑮 𐑣𐑦𐑕𐑑𐑹𐑾𐑯	𐑸𐑑𐑣𐑦𐑕𐑑𐑹𐑾𐑯	divergent
eat out	VVI	GenAm	it aʊt	iːt aʊt	𐑦𐑑 𐑬𐑑	𐑰𐑑𐑬𐑑	divergent
pole star	NN1	RSSB	ˈpəʊl stɑːR	pəʊl stɑːR	𐑐𐑴𐑤 𐑕𐑑𐑸	𐑐𐑴𐑤𐑕𐑑𐑸	matches
pole star	NN1	GenAm	ˈpoʊl ˌstɑːR	pəʊl stɑːR	𐑐𐑴𐑤 𐑕𐑑𐑸	𐑐𐑴𐑤𐑕𐑑𐑸	matches
cardiac muscle	NN1	GenAm	ˌkɑːrdiæk ˈmʌsəl	ˈkɑːRdɪæk ˈmʌsəl	𐑒𐑸𐑛𐑦𐑨𐑒 𐑥𐑳𐑕𐑩𐑤	𐑒𐑸𐑛𐑦𐑨𐑒𐑥𐑳𐑕𐑩𐑤	matches
apple tree	NN1	RSSB	ˈæpəl triː	ˈæpəl triː	𐑨𐑐𐑩𐑤 𐑑𐑮𐑰	𐑨𐑐𐑩𐑤𐑑𐑮𐑰	matches
apple tree	NN1	GenAm	ˈæpəl tri	ˈæpəl triː	𐑨𐑐𐑩𐑤 𐑑𐑮𐑦	𐑨𐑐𐑩𐑤𐑑𐑮𐑰	divergent
drawing board	NN1	RSSB	ˈdrɔɪŋ bɔːRd	ˈdrɔːɪŋ bɔːRd	𐑛𐑮𐑶𐑙 𐑚𐑹𐑛	𐑛𐑮𐑷𐑦𐑙𐑚𐑹𐑛	divergent
drawing board	NN1	RSSB	ˈdʒrɔɪŋ bɔːRd	ˈdrɔːɪŋ bɔːRd	𐑡𐑮𐑶𐑙 𐑚𐑹𐑛	𐑛𐑮𐑷𐑦𐑙𐑚𐑹𐑛	divergent
drawing board	NN1	GenAm	ˈdrɔɪŋ bord	ˈdrɔːɪŋ bɔːRd	𐑛𐑮𐑶𐑙 𐑚𐑪𐑮𐑛	𐑛𐑮𐑷𐑦𐑙𐑚𐑹𐑛	divergent
back road	NN1	RSSB	ˈbæk ˌrəʊd	bæk rəʊd	𐑚𐑨𐑒 𐑮𐑴𐑛	𐑚𐑨𐑒𐑮𐑴𐑛	matches
back road	NN1	GenAm	ˈbæk ˌroʊd	bæk rəʊd	𐑚𐑨𐑒 𐑮𐑴𐑛	𐑚𐑨𐑒𐑮𐑴𐑛	matches
false negative	NN1	RSSB	ˈfɔːls ˈneɡətɪv	fɔːls ˈneɡətɪv	𐑓𐑷𐑤𐑕 𐑯𐑧𐑜𐑩𐑑𐑦𐑝	𐑓𐑷𐑤𐑕𐑯𐑧𐑜𐑩𐑑𐑦𐑝	matches
false negative	NN1	RSSB	ˈfɒls ˈneɡətɪv	fɔːls ˈneɡətɪv	𐑓𐑪𐑤𐑕 𐑯𐑧𐑜𐑩𐑑𐑦𐑝	𐑓𐑷𐑤𐑕𐑯𐑧𐑜𐑩𐑑𐑦𐑝	divergent
false negative	NN1	GenAm	ˈfɒls ˈneɡətɪv	fɔːls ˈneɡətɪv	𐑓𐑪𐑤𐑕 𐑯𐑧𐑜𐑩𐑑𐑦𐑝	𐑓𐑷𐑤𐑕𐑯𐑧𐑜𐑩𐑑𐑦𐑝	divergent
Persian Gulf	NP0	RSSB	pɜːRʒən ˈɡʌlf	ˈpɜːRʒən ɡʌlf	𐑐𐑻𐑠𐑩𐑯 𐑜𐑳𐑤𐑓	𐑐𐑻𐑠𐑩𐑯𐑜𐑳𐑤𐑓	matches
Persian Gulf	NP0	GenAm	ˌpɜːRʒən ˈɡʌlf	ˈpɜːRʒən ɡʌlf	𐑐𐑻𐑠𐑩𐑯 𐑜𐑳𐑤𐑓	𐑐𐑻𐑠𐑩𐑯𐑜𐑳𐑤𐑓	matches
beech mast	NN1	RSSB	ˈbiːtʃˌmɑːst	biːtʃ mⱭːst	𐑚𐑰𐑗𐑥𐑭𐑕𐑑	𐑚𐑰𐑗𐑥𐑭𐑕𐑑	matches
beech mast	NN1	GenAm	ˈbitʃˌmæst	biːtʃ mⱭːst	𐑚𐑦𐑗𐑥𐑨𐑕𐑑	𐑚𐑰𐑗𐑥𐑭𐑕𐑑	divergent
Rorschach test	NN1	RSSB	rɔːRʃɑːk test	ˈrɔːRˌʃɑːk test	𐑮𐑹𐑖𐑭𐑒 𐑑𐑧𐑕𐑑	𐑮𐑹𐑖𐑭𐑒𐑑𐑧𐑕𐑑	matches
Rorschach test	NN1	RSSB	rɔːRʃæk test	ˈrɔːRˌʃɑːk test	𐑮𐑹𐑖𐑨𐑒 𐑑𐑧𐑕𐑑	𐑮𐑹𐑖𐑭𐑒𐑑𐑧𐑕𐑑	matches
Rorschach test	NN1	GenAm	ˈrɔːRˌʃæk test	ˈrɔːRˌʃɑːk test	𐑮𐑹𐑖𐑨𐑒 𐑑𐑧𐑕𐑑	𐑮𐑹𐑖𐑭𐑒𐑑𐑧𐑕𐑑	matches
Rorschach test	NN1	GenAm	ˈrɔːRʃək test	ˈrɔːRˌʃɑːk test	𐑮𐑹𐑖𐑩𐑒 𐑑𐑧𐑕𐑑	𐑮𐑹𐑖𐑭𐑒𐑑𐑧𐑕𐑑	divergent
cell wall	NN1	RSSB	sel wɔːl	sel wɔːl	𐑕𐑧𐑤 𐑢𐑷𐑤	𐑕𐑧𐑤𐑢𐑷𐑤	matches
cell wall	NN1	GenAm	sel wɔːl	sel wɔːl	𐑕𐑧𐑤 𐑢𐑷𐑤	𐑕𐑧𐑤𐑢𐑷𐑤	matches
cell wall	NN1	GenAm	sel wɑːl	sel wɔːl	𐑕𐑧𐑤 𐑢𐑭𐑤	𐑕𐑧𐑤𐑢𐑷𐑤	divergent
foreign language	NN1	GenAm	fɔːrɪn leŋɡwɪdʒ	ˈfɒrɪn ˈlæŋɡwɪdʒ	𐑓𐑹𐑦𐑯 𐑤𐑧𐑙𐑜𐑢𐑦𐑡	𐑓𐑪𐑮𐑦𐑯𐑤𐑨𐑙𐑜𐑢𐑦𐑡	divergent
amyl nitrite	NN1	RSSB	amɪl ˈnʌɪtrʌɪt		𐑨𐑥𐑦𐑤 𐑯𐑳𐑦𐑑𐑮𐑳𐑦𐑑		unknown
amyl nitrite	NN1	GenAm	ˌæməl ˈnaɪˌtraɪt		𐑨𐑥𐑩𐑤 𐑯𐑲𐑑𐑮𐑲𐑑		unknown
creature comfort	NN1	RSSB	kriːtʃəR kʌmfəRt	ˈkriːtʃəR ˈkʌmfəRt	𐑒𐑮𐑰𐑗𐑼 𐑒𐑳𐑥𐑓𐑼𐑑	𐑒𐑮𐑰𐑗𐑼𐑒𐑳𐑥𐑓𐑼𐑑	matches
creature comfort	NN1	GenAm	ˌkriːtʃəR ˈkʌmfəRt	ˈkriːtʃəR ˈkʌmfəRt	𐑒𐑮𐑰𐑗𐑼 𐑒𐑳𐑥𐑓𐑼𐑑	𐑒𐑮𐑰𐑗𐑼𐑒𐑳𐑥𐑓𐑼𐑑	matches
comic relief	NN1	RSSB	ˈkɒmɪk rɪˈliːf	ˈkɒmɪk rɪˈliːf	𐑒𐑪𐑥𐑦𐑒 𐑮𐑦𐑤𐑰𐑓	𐑒𐑪𐑥𐑦𐑒𐑮𐑦𐑤𐑰𐑓	matches
comic relief	NN1	GenAm	ˈkɒmɪk rɪˈliːf	ˈkɒmɪk rɪˈliːf	𐑒𐑪𐑥𐑦𐑒 𐑮𐑦𐑤𐑰𐑓	𐑒𐑪𐑥𐑦𐑒𐑮𐑦𐑤𐑰𐑓	matches
polychlorinated biphenyl	NN1	GenAm	ˌpoʊliˌklɔːRəˌneɪtəd ˈbaɪfənɪl		𐑐𐑴𐑤𐑦𐑒𐑤𐑹𐑩𐑯𐑱𐑑𐑩𐑛 𐑚𐑲𐑓𐑩𐑯𐑦𐑤		unknown
polychlorinated biphenyl	NN1	RSSB	pɒlɪklɔːrɪneɪtɪd ˈbaɪfənɪl		𐑐𐑪𐑤𐑦𐑒𐑤𐑹𐑦𐑯𐑱𐑑𐑦𐑛 𐑚𐑲𐑓𐑩𐑯𐑦𐑤		unknown
civvy street	NN1	RSSB	ˈsɪvi striːt	ˈsɪvi striːt	𐑕𐑦𐑝𐑦 𐑕𐑑𐑮𐑰𐑑	𐑕𐑦𐑝𐑦𐑕𐑑𐑮𐑰𐑑	matches
civvy street	NN1	GenAm	ˈsɪvi ˌstrit	ˈsɪvi striːt	𐑕𐑦𐑝𐑦 𐑕𐑑𐑮𐑦𐑑	𐑕𐑦𐑝𐑦𐑕𐑑𐑮𐑰𐑑	divergent
Ash Wednesday	NN1	GenAm	æʃ wenzdeɪ	æʃ ˈwenzdeɪ	𐑨𐑖 𐑢𐑧𐑯𐑟𐑛𐑱	𐑨𐑖𐑢𐑧𐑯𐑟𐑛𐑱	matches
knock on wood	VVI	RSSB	ˌnɒk ɒn ˈwʊd	nɒk ɒn wʊd	𐑯𐑪𐑒 𐑪𐑯 𐑢𐑫𐑛	𐑯𐑪𐑒𐑪𐑯𐑢𐑫𐑛	matches
knock on wood	VVI	GenAm	ˌnɒk ɒn ˈwʊd	nɒk ɒn wʊd	𐑯𐑪𐑒 𐑪𐑯 𐑢𐑫𐑛	𐑯𐑪𐑒𐑪𐑯𐑢𐑫𐑛	matches
knock on wood	VVI	GenAm	ˌnak an ˈwʊd	nɒk ɒn wʊd	𐑯𐑨𐑒 𐑨𐑯 𐑢𐑫𐑛	𐑯𐑪𐑒𐑪𐑯𐑢𐑫𐑛	divergent
knock on wood	ITJ	RSSB	ˌnɒk ɒn ˈwʊd	nɒk ɒn wʊd	𐑯𐑪𐑒 𐑪𐑯 𐑢𐑫𐑛	𐑯𐑪𐑒𐑪𐑯𐑢𐑫𐑛	matches
knock on wood	ITJ	GenAm	ˌnɒk ɒn ˈwʊd	nɒk ɒn wʊd	𐑯𐑪𐑒 𐑪𐑯 𐑢𐑫𐑛	𐑯𐑪𐑒𐑪𐑯𐑢𐑫𐑛	matches
knock on wood	ITJ	GenAm	ˌnak an ˈwʊd	nɒk ɒn wʊd	𐑯𐑨𐑒 𐑨𐑯 𐑢𐑫𐑛	𐑯𐑪𐑒𐑪𐑯𐑢𐑫𐑛	divergent
military-industrial complex	NN1	RSSB	mɪlɪtəri ɪndʌstriəl kɒmpleks		𐑥𐑦𐑤𐑦𐑑𐑼𐑦 𐑦𐑯𐑛𐑳𐑕𐑑𐑮𐑾𐑤 𐑒𐑪𐑥𐑐𐑤𐑧𐑒𐑕		unknown
military-industrial complex	NN1	GenAm	ˌmɪləˌteri ɪnˌdʌstriəl ˈkɒmˌpleks		𐑥𐑦𐑤𐑩𐑑𐑧𐑮𐑦 𐑦𐑯𐑛𐑳𐑕𐑑𐑮𐑾𐑤 𐑒𐑪𐑥𐑐𐑤𐑧𐑒𐑕		unknown
busy beaver	NN1	RSSB	ˈbɪzi biːvəR	ˈbɪzi ˈbiːvəR	𐑚𐑦𐑟𐑦 𐑚𐑰𐑝𐑼	𐑚𐑦𐑟𐑦𐑚𐑰𐑝𐑼	matches
busy beaver	NN1	GenAm	ˈbɪzi ˈbiːvəR	ˈbɪzi ˈbiːvəR	𐑚𐑦𐑟𐑦 𐑚𐑰𐑝𐑼	𐑚𐑦𐑟𐑦𐑚𐑰𐑝𐑼	matches
absorbed dose	NN1	GenAm	æbˈsɔːRbd doʊs	əbˈsɔːRbd dəʊs	𐑨𐑚𐑕𐑹𐑚𐑛 𐑛𐑴𐑕	𐑩𐑚𐑕𐑹𐑚𐑛𐑛𐑴𐑕	matches
absorbed dose	NN1	GenAm	æbˈzɔːRbd doʊs	əbˈsɔːRbd dəʊs	𐑨𐑚𐑟𐑹𐑚𐑛 𐑛𐑴𐑕	𐑩𐑚𐑕𐑹𐑚𐑛𐑛𐑴𐑕	divergent
absorbed dose	NN1	GenAm	əbˈsɔːRbd doʊs	əbˈsɔːRbd dəʊs	𐑩𐑚𐑕𐑹𐑚𐑛 𐑛𐑴𐑕	𐑩𐑚𐑕𐑹𐑚𐑛𐑛𐑴𐑕	matches
absorbed dose	NN1	GenAm	əbˈzɔːRbd doʊs	əbˈsɔːRbd dəʊs	𐑩𐑚𐑟𐑹𐑚𐑛 𐑛𐑴𐑕	𐑩𐑚𐑕𐑹𐑚𐑛𐑛𐑴𐑕	divergent
Christmas Island	NP0	GenAm	ˈkrɪsməs aiːlənd	ˈkrɪsməs ˈaɪlənd	𐑒𐑮𐑦𐑕𐑥𐑩𐑕 𐑨𐑰𐑤𐑩𐑯𐑛	𐑒𐑮𐑦𐑕𐑥𐑩𐑕𐑲𐑤𐑩𐑯𐑛	divergent
Burns night	NN1	RSSB	bɜːRns naɪt	bɜːRnz naɪt	𐑚𐑻𐑯𐑕 𐑯𐑲𐑑	𐑚𐑻𐑯𐑟𐑯𐑲𐑑	divergent
Burns night	NN1	GenAm	ˈbɜːRns naɪt	bɜːRnz naɪt	𐑚𐑻𐑯𐑕 𐑯𐑲𐑑	𐑚𐑻𐑯𐑟𐑯𐑲𐑑	divergent
a friend in need is a friend indeed	UNC	RSSB	ə ˌfrend ɪn ˈniːd ɪz ə ˌfrend ɪnˈdiːd	ə frend ɪn niːd ɪz ə frend ɪnˈdiːd	𐑩 𐑓𐑮𐑧𐑯𐑛 𐑦𐑯 𐑯𐑰𐑛 𐑦𐑟 𐑩 𐑓𐑮𐑧𐑯𐑛 𐑦𐑯𐑛𐑰𐑛	𐑩𐑓𐑮𐑧𐑯𐑛𐑦𐑯𐑯𐑰𐑛𐑦𐑟𐑩𐑓𐑮𐑧𐑯𐑛𐑦𐑯𐑛𐑰𐑛	matches
a friend in need is a friend indeed	UNC	GenAm	ə ˌfrend ən ˈnid ɪz ə ˌfrend ɪnˈdid	ə frend ɪn niːd ɪz ə frend ɪnˈdiːd	𐑩 𐑓𐑮𐑧𐑯𐑛 𐑩𐑯 𐑯𐑦𐑛 𐑦𐑟 𐑩 𐑓𐑮𐑧𐑯𐑛 𐑦𐑯𐑛𐑦𐑛	𐑩𐑓𐑮𐑧𐑯𐑛𐑦𐑯𐑯𐑰𐑛𐑦𐑟𐑩𐑓𐑮𐑧𐑯𐑛𐑦𐑯𐑛𐑰𐑛	divergent
fucking A	ITJ	GenAm	ˈfʌkɪnˌeɪ	ˈfʌkɪŋ ə	𐑓𐑳𐑒𐑦𐑯𐑱	𐑓𐑳𐑒𐑦𐑙𐑩	divergent
shark bait	NN1	RSSB	ʃɑːRkbeɪt	ʃɑːRk beɪt	𐑖𐑸𐑒𐑚𐑱𐑑	𐑖𐑸𐑒𐑚𐑱𐑑	matches
shark bait	NN1	GenAm	ˈʃɑːRkbeɪt	ʃɑːRk beɪt	𐑖𐑸𐑒𐑚𐑱𐑑	𐑖𐑸𐑒𐑚𐑱𐑑	matches
paddy field	NN1	GenAm	ˈpædiˌfild	ˈpædi fiːld	𐑐𐑨𐑛𐑦𐑓𐑦𐑤𐑛	𐑐𐑨𐑛𐑦𐑓𐑰𐑤𐑛	divergent
paddy field	NN1	GenAm	ˈpætiˌfild	ˈpædi fiːld	𐑐𐑨𐑑𐑦𐑓𐑦𐑤𐑛	𐑐𐑨𐑛𐑦𐑓𐑰𐑤𐑛	divergent
agent provocateur	NN1	GenAm	ˌɒʒɒnt prəˌvɒkəˈtɜːR		𐑪𐑠𐑪𐑯𐑑 𐑐𐑮𐑩𐑝𐑪𐑒𐑩𐑑𐑻		unknown
agent provocateur	NN1	RSSB	ˌæʒɒ prəvɒkətɜːR		𐑨𐑠𐑪 𐑐𐑮𐑩𐑝𐑪𐑒𐑩𐑑𐑻		unknown
agente provocatrice	NN1	RSSB	aʒɒtprəvɒkətriːs		𐑨𐑠𐑪𐑑𐑐𐑮𐑩𐑝𐑪𐑒𐑩𐑑𐑮𐑰𐑕		unknown
force majeure	NN1	RSSB	fɔːRs mæʒɜːR		𐑓𐑹𐑕 𐑥𐑨𐑠𐑻		unknown
force majeure	NN1	GenAm	ˌfors mɒˈʒɜːR		𐑓𐑪𐑮𐑕 𐑥𐑪𐑠𐑻		unknown
Ottoman Empire	NP0	RSSB	ˈɒtəmən empaɪəR	ˈɒtəmən ˈempaɪəR	𐑪𐑑𐑩𐑥𐑩𐑯 𐑧𐑥𐑐𐑲𐑼	𐑪𐑑𐑩𐑥𐑩𐑯𐑧𐑥𐑐𐑲𐑼	matches
Ottoman Empire	NP0	GenAm	ˈɒtəmən ˈempaɪr	ˈɒtəmən ˈempaɪəR	𐑪𐑑𐑩𐑥𐑩𐑯 𐑧𐑥𐑐𐑲𐑮	𐑪𐑑𐑩𐑥𐑩𐑯𐑧𐑥𐑐𐑲𐑼	divergent
black eye	NN1	GenAm	ˌblæk ˈaɪ	blæk aɪ	𐑚𐑤𐑨𐑒 𐑲	𐑚𐑤𐑨𐑒𐑲	matches
carte blanche	NN1	GenAm	ˈkɑːRt ˈblɒntʃ		𐑒𐑸𐑑 𐑚𐑤𐑪𐑯𐑗		unknown
carte blanche	AV0	GenAm	ˈkɑːRt ˈblɒntʃ		𐑒𐑸𐑑 𐑚𐑤𐑪𐑯𐑗		unknown
fare thee well	UNC	RSSB	fɜːrðiː wel	feəR ðiː wel	𐑓𐑻𐑞𐑰 𐑢𐑧𐑤	𐑓𐑺𐑞𐑰𐑢𐑧𐑤	divergent
fare thee well	UNC	RSSB	feərðiː wel	feəR ðiː wel	𐑓𐑺𐑞𐑰 𐑢𐑧𐑤	𐑓𐑺𐑞𐑰𐑢𐑧𐑤	matches
fare thee well	UNC	GenAm	ˌfeəR ði ˈwel	feəR ðiː wel	𐑓𐑺 𐑞𐑦 𐑢𐑧𐑤	𐑓𐑺𐑞𐑰𐑢𐑧𐑤	divergent
fare thee well	NN1	RSSB	fɜːrðiː wel	feəR ðiː wel	𐑓𐑻𐑞𐑰 𐑢𐑧𐑤	𐑓𐑺𐑞𐑰𐑢𐑧𐑤	divergent
fare thee well	NN1	RSSB	feərðiː wel	feəR ðiː wel	𐑓𐑺𐑞𐑰 𐑢𐑧𐑤	𐑓𐑺𐑞𐑰𐑢𐑧𐑤	matches
fare thee well	NN1	GenAm	ˌfeəR ði ˈwel	feəR ðiː wel	𐑓𐑺 𐑞𐑦 𐑢𐑧𐑤	𐑓𐑺𐑞𐑰𐑢𐑧𐑤	divergent
ghost crab	NN1	RSSB	ˈɡəʊst kræb	ɡəʊst kræb	𐑜𐑴𐑕𐑑 𐑒𐑮𐑨𐑚	𐑜𐑴𐑕𐑑𐑒𐑮𐑨𐑚	matches
ghost crab	NN1	GenAm	ˈɡoʊst kræb	ɡəʊst kræb	𐑜𐑴𐑕𐑑 𐑒𐑮𐑨𐑚	𐑜𐑴𐑕𐑑𐑒𐑮𐑨𐑚	matches
at all	AV0	RSSB	ætˈoːl	æt ɔːl	𐑨𐑑𐑪𐑤	𐑨𐑑𐑷𐑤	divergent
at all	AV0	GenAm	æˈtɒl	æt ɔːl	𐑨𐑑𐑪𐑤	𐑨𐑑𐑷𐑤	divergent
at all	AV0	RSSB	əˈɾoːl	æt ɔːl	𐑩ɾ𐑪𐑤	𐑨𐑑𐑷𐑤	divergent
at all	AV0	RSSB	əˈtoːl	æt ɔːl	𐑩𐑑𐑪𐑤	𐑨𐑑𐑷𐑤	divergent
at all	AV0	GenAm	əˈtɒl	æt ɔːl	𐑩𐑑𐑪𐑤	𐑨𐑑𐑷𐑤	divergent
killer poke	NN1	RSSB	kɪlərpəʊk	ˈkɪləR pəʊk	𐑒𐑦𐑤𐑼𐑐𐑴𐑒	𐑒𐑦𐑤𐑼𐑐𐑴𐑒	matches
killer poke	NN1	GenAm	ˈkɪləR poʊk	ˈkɪləR pəʊk	𐑒𐑦𐑤𐑼 𐑐𐑴𐑒	𐑒𐑦𐑤𐑼𐑐𐑴𐑒	matches
up to eleven	UNC	RSSB	ˌʌp tə ɪˈlevən	ʌp T ɪˈlevən	𐑳𐑐 𐑑𐑩 𐑦𐑤𐑧𐑝𐑩𐑯	𐑳𐑐𐑑𐑦𐑤𐑧𐑝𐑩𐑯	divergent
up to eleven	UNC	GenAm	ˌʌp tə ɪˈlevən	ʌp T ɪˈlevən	𐑳𐑐 𐑑𐑩 𐑦𐑤𐑧𐑝𐑩𐑯	𐑳𐑐𐑑𐑦𐑤𐑧𐑝𐑩𐑯	divergent
up to eleven	VVI	RSSB	ˌʌp tə ɪˈlevən	ʌp T ɪˈlevən	𐑳𐑐 𐑑𐑩 𐑦𐑤𐑧𐑝𐑩𐑯	𐑳𐑐𐑑𐑦𐑤𐑧𐑝𐑩𐑯	divergent
up to eleven	VVI	GenAm	ˌʌp tə ɪˈlevən	ʌp T ɪˈlevən	𐑳𐑐 𐑑𐑩 𐑦𐑤𐑧𐑝𐑩𐑯	𐑳𐑐𐑑𐑦𐑤𐑧𐑝𐑩𐑯	divergent
truant officer	NN1	RSSB	trʊənt ɒfɪsəR	ˈtruːənt ˈɒfɪsəR	𐑑𐑮𐑫𐑼𐑯𐑑 𐑪𐑓𐑦𐑕𐑼	𐑑𐑮𐑵𐑩𐑯𐑑𐑪𐑓𐑦𐑕𐑼	divergent
truant officer	NN1	GenAm	ˈtruːənt ˈɒfɪsəR	ˈtruːənt ˈɒfɪsəR	𐑑𐑮𐑵𐑩𐑯𐑑 𐑪𐑓𐑦𐑕𐑼	𐑑𐑮𐑵𐑩𐑯𐑑𐑪𐑓𐑦𐑕𐑼	matches
Robin Hood	NP0	RSSB	ˌrɒbɪn ˈhʊd	ˈrɒbɪn hʊd	𐑮𐑪𐑚𐑦𐑯 𐑣𐑫𐑛	𐑮𐑪𐑚𐑦𐑯𐑣𐑫𐑛	matches
Robin Hood	NP0	GenAm	ˈrɒbɪn hʊd	ˈrɒbɪn hʊd	𐑮𐑪𐑚𐑦𐑯 𐑣𐑫𐑛	𐑮𐑪𐑚𐑦𐑯𐑣𐑫𐑛	matches
Robin Hood	NN1	RSSB	ˌrɒbɪn ˈhʊd	ˈrɒbɪn hʊd	𐑮𐑪𐑚𐑦𐑯 𐑣𐑫𐑛	𐑮𐑪𐑚𐑦𐑯𐑣𐑫𐑛	matches
Robin Hood	NN1	GenAm	ˈrɒbɪn hʊd	ˈrɒbɪn hʊd	𐑮𐑪𐑚𐑦𐑯 𐑣𐑫𐑛	𐑮𐑪𐑚𐑦𐑯𐑣𐑫𐑛	matches
asylum seeker	NN1	GenAm	əˈsaɪːləm siːkəR	əˈsaɪləm ˈsiːkəR	𐑩𐑕𐑲𐑤𐑩𐑥 𐑕𐑰𐑒𐑼	𐑩𐑕𐑲𐑤𐑩𐑥𐑕𐑰𐑒𐑼	matches
backyard cricket	NN1	RSSB	bækjɑːRd ˈkrɪkɪt	bækˈjɑːRd ˈkrɪkIt	𐑚𐑨𐑒𐑘𐑸𐑛 𐑒𐑮𐑦𐑒𐑦𐑑	𐑚𐑨𐑒𐑘𐑸𐑛𐑒𐑮𐑦𐑒𐑩𐑑	matches
Ferris wheel	NN1	RSSB	ˈferɪs ʍiːl		𐑓𐑧𐑮𐑦𐑕 𐑢𐑰𐑤		unknown
Ferris wheel	NN1	RSSB	ˈferɪs wiːl		𐑓𐑧𐑮𐑦𐑕 𐑢𐑰𐑤		unknown
Ferris wheel	NN1	GenAm	ˈferɪs ʍil		𐑓𐑧𐑮𐑦𐑕 𐑢𐑦𐑤		unknown
Ferris wheel	NN1	GenAm	ˈferɪs wil		𐑓𐑧𐑮𐑦𐑕 𐑢𐑦𐑤		unknown
under the weather	AJ0	RSSB	ʌndəR ðə weðəR	ˈʌndəR Ð ˈweðəR	𐑳𐑯𐑛𐑼 𐑞𐑩 𐑢𐑧𐑞𐑼	𐑳𐑯𐑛𐑼𐑞𐑢𐑧𐑞𐑼	divergent
under the weather	AJ0	GenAm	ˈʌndəR ðə ˈweðəR	ˈʌndəR Ð ˈweðəR	𐑳𐑯𐑛𐑼 𐑞𐑩 𐑢𐑧𐑞𐑼	𐑳𐑯𐑛𐑼𐑞𐑢𐑧𐑞𐑼	divergent
combine harvester	NN1	GenAm	ˈkɒmˌbaɪn ˈhɑːRvəstər	kəmˈbaɪn ˈhɑːRvɪstəR	𐑒𐑪𐑥𐑚𐑲𐑯 𐑣𐑸𐑝𐑩𐑕𐑑𐑼	𐑒𐑩𐑥𐑚𐑲𐑯𐑣𐑸𐑝𐑦𐑕𐑑𐑼	divergent
throw back	VVI	RSSB	θrəʊ ˈbæk	θrəʊ bæk	𐑔𐑮𐑴 𐑚𐑨𐑒	𐑔𐑮𐑴𐑚𐑨𐑒	matches
throw back	VVI	GenAm	θroʊ ˈbæk	θrəʊ bæk	𐑔𐑮𐑴 𐑚𐑨𐑒	𐑔𐑮𐑴𐑚𐑨𐑒	matches
back crawl	NN1	GenAm	ˈbækˌkrɒl	bæk krɔːl	𐑚𐑨𐑒𐑒𐑮𐑪𐑤	𐑚𐑨𐑒𐑒𐑮𐑷𐑤	divergent
back crawl	NN1	RSSB	bækkrɔːl	bæk krɔːl	𐑚𐑨𐑒𐑒𐑮𐑷𐑤	𐑚𐑨𐑒𐑒𐑮𐑷𐑤	matches
greatest common divisor	NN1	RSSB	ˈɡreɪtɪst ˈkɒmən dɪvaɪzəR	ˈɡreɪtəst ˈkɒmən dɪˈvaɪzəR	𐑜𐑮𐑱𐑑𐑦𐑕𐑑 𐑒𐑪𐑥𐑩𐑯 𐑛𐑦𐑝𐑲𐑟𐑼	𐑜𐑮𐑱𐑑𐑩𐑕𐑑𐑒𐑪𐑥𐑩𐑯𐑛𐑦𐑝𐑲𐑟𐑼	matches
greatest common divisor	NN1	GenAm	ˈɡreɪtɪst ˈkɒmɪn dɪˈvaɪzəR	ˈɡreɪtəst ˈkɒmən dɪˈvaɪzəR	𐑜𐑮𐑱𐑑𐑦𐑕𐑑 𐑒𐑪𐑥𐑦𐑯 𐑛𐑦𐑝𐑲𐑟𐑼	𐑜𐑮𐑱𐑑𐑩𐑕𐑑𐑒𐑪𐑥𐑩𐑯𐑛𐑦𐑝𐑲𐑟𐑼	matches
da capo	AV0	RSSB	dəˈkæpəʊ		𐑛𐑩𐑒𐑨𐑐𐑴		unknown
tot up	VVI	RSSB	ˌtɒt ˈʌp	tɒt ʌp	𐑑𐑪𐑑 𐑳𐑐	𐑑𐑪𐑑𐑳𐑐	matches
tot up	VVI	GenAm	ˌtɒt ˈʌp	tɒt ʌp	𐑑𐑪𐑑 𐑳𐑐	𐑑𐑪𐑑𐑳𐑐	matches
Tour de France	NP0	RSSB	tʊəR də frɑːns	tʊəR də frⱭːns	𐑑𐑫𐑼 𐑛𐑩 𐑓𐑮𐑭𐑯𐑕	𐑑𐑫𐑼𐑛𐑩𐑓𐑮𐑭𐑯𐑕	matches
Tour de France	NP0	RSSB	tʊəR də ˈfrɒns	tʊəR də frⱭːns	𐑑𐑫𐑼 𐑛𐑩 𐑓𐑮𐑪𐑯𐑕	𐑑𐑫𐑼𐑛𐑩𐑓𐑮𐑭𐑯𐑕	divergent
Tour de France	NP0	GenAm	ˌtʊr də ˈfræns	tʊəR də frⱭːns	𐑑𐑫𐑮 𐑛𐑩 𐑓𐑮𐑨𐑯𐑕	𐑑𐑫𐑼𐑛𐑩𐑓𐑮𐑭𐑯𐑕	divergent
Tour de France	NP0	GenAm	ˌtʊr də ˈfrɒns	tʊəR də frⱭːns	𐑑𐑫𐑮 𐑛𐑩 𐑓𐑮𐑪𐑯𐑕	𐑑𐑫𐑼𐑛𐑩𐑓𐑮𐑭𐑯𐑕	divergent
abstract of title	NN1	RSSB	æbˈstrækt	ˈæbstrækt V ˈtaɪtəl	𐑨𐑚𐑕𐑑𐑮𐑨𐑒𐑑	𐑨𐑚𐑕𐑑𐑮𐑨𐑒𐑑𐑝𐑑𐑲𐑑𐑩𐑤	divergent
abstract of title	NN1	RSSB	ˈæbˌstrækt	ˈæbstrækt V ˈtaɪtəl	𐑨𐑚𐑕𐑑𐑮𐑨𐑒𐑑	𐑨𐑚𐑕𐑑𐑮𐑨𐑒𐑑𐑝𐑑𐑲𐑑𐑩𐑤	divergent
abstract of title	NN1	GenAm	æbˈstrækt	ˈæbstrækt V ˈtaɪtəl	𐑨𐑚𐑕𐑑𐑮𐑨𐑒𐑑	𐑨𐑚𐑕𐑑𐑮𐑨𐑒𐑑𐑝𐑑𐑲𐑑𐑩𐑤	divergent
abstract of title	NN1	GenAm	ˈæbˌstrækt	ˈæbstrækt V ˈtaɪtəl	𐑨𐑚𐑕𐑑𐑮𐑨𐑒𐑑	𐑨𐑚𐑕𐑑𐑮𐑨𐑒𐑑𐑝𐑑𐑲𐑑𐑩𐑤	divergent
walk the plank	VVI	RSSB	ˈwɔːk ðə ˈplænk	wɔːk Ð plæŋk	𐑢𐑷𐑒 𐑞𐑩 𐑐𐑤𐑨𐑯𐑒	𐑢𐑷𐑒𐑞𐑐𐑤𐑨𐑙𐑒	divergent
walk the plank	VVI	GenAm	ˈwɒk ðə ˈplænk	wɔːk Ð plæŋk	𐑢𐑪𐑒 𐑞𐑩 𐑐𐑤𐑨𐑯𐑒	𐑢𐑷𐑒𐑞𐑐𐑤𐑨𐑙𐑒	divergent
divvy up	VVI	RSSB	ˌdɪvi ˈʌp	ˈdɪvi ʌp	𐑛𐑦𐑝𐑦 𐑳𐑐	𐑛𐑦𐑝𐑦𐑳𐑐	matches
go it alone	VVI	RSSB	ˈɡəʊ ɪt əˈləʊn	ɡəʊ ɪt əˈləʊn	𐑜𐑴 𐑦𐑑 𐑩𐑤𐑴𐑯	𐑜𐑴𐑦𐑑𐑩𐑤𐑴𐑯	matches
go it alone	VVI	GenAm	ˈɡoʊ ɪt əˈloʊn	ɡəʊ ɪt əˈləʊn	𐑜𐑴 𐑦𐑑 𐑩𐑤𐑴𐑯	𐑜𐑴𐑦𐑑𐑩𐑤𐑴𐑯	matches
pot calling the kettle black	NN1	RSSB	ˈpɒt ˈkɔːliŋ ðə ˈketəl ˈblæk	pɒt ˈkɔːlɪŋ Ð ˈketəl blæk	𐑐𐑪𐑑 𐑒𐑷𐑤𐑦𐑙 𐑞𐑩 𐑒𐑧𐑑𐑩𐑤 𐑚𐑤𐑨𐑒	𐑐𐑪𐑑𐑒𐑷𐑤𐑦𐑙𐑞𐑒𐑧𐑑𐑩𐑤𐑚𐑤𐑨𐑒	divergent
pot calling the kettle black	NN1	GenAm	ˈpɒt ˈkɒliŋ ðə ˈketəl ˈblæk	pɒt ˈkɔːlɪŋ Ð ˈketəl blæk	𐑐𐑪𐑑 𐑒𐑪𐑤𐑦𐑙 𐑞𐑩 𐑒𐑧𐑑𐑩𐑤 𐑚𐑤𐑨𐑒	𐑐𐑪𐑑𐑒𐑷𐑤𐑦𐑙𐑞𐑒𐑧𐑑𐑩𐑤𐑚𐑤𐑨𐑒	divergent
push factor	NN1	RSSB	pʊʃ fæktəR	pʊʃ ˈfæktəR	𐑐𐑫𐑖 𐑓𐑨𐑒𐑑𐑼	𐑐𐑫𐑖𐑓𐑨𐑒𐑑𐑼	matches
high school	NN1	GenAm	ˈhaɪskul	haɪ skuːl	𐑣𐑲𐑕𐑒𐑫𐑤	𐑣𐑲𐑕𐑒𐑵𐑤	divergent
high school	NN1	GenAm	ˈhʌɪskul	haɪ skuːl	𐑣𐑳𐑦𐑕𐑒𐑫𐑤	𐑣𐑲𐑕𐑒𐑵𐑤	divergent
curate's egg	NN1	RSSB	kjəərətz ˌeɡ		𐑒𐑘𐑩𐑼𐑩𐑑𐑟 𐑧𐑜		unknown
curate's egg	NN1	GenAm	ˈkjərɪtz ˌeɡ		𐑒𐑘𐑼𐑦𐑑𐑟 𐑧𐑜		unknown
barbed wire	NN1	GenAm	bɑːRbd waɪər	bɑːRbd ˈwaɪəR	𐑚𐑸𐑚𐑛 𐑢𐑲𐑼	𐑚𐑸𐑚𐑛𐑢𐑲𐑼	matches
barbed wire	NN1	GenAm	ˈbɑːRbd ˈwajəR	bɑːRbd ˈwaɪəR	𐑚𐑸𐑚𐑛 𐑢𐑨𐑘𐑼	𐑚𐑸𐑚𐑛𐑢𐑲𐑼	divergent
hot spot	NN1	RSSB	ˈhɒtˌspɒt	hɒt spɒt	𐑣𐑪𐑑𐑕𐑐𐑪𐑑	𐑣𐑪𐑑𐑕𐑐𐑪𐑑	matches
hot spot	NN1	GenAm	ˈhɒtˌspɒt	hɒt spɒt	𐑣𐑪𐑑𐑕𐑐𐑪𐑑	𐑣𐑪𐑑𐑕𐑐𐑪𐑑	matches
box office	NN1	RSSB	ˈbɒksˌɒfɪs	bɒks ˈɒfɪs	𐑚𐑪𐑒𐑕𐑪𐑓𐑦𐑕	𐑚𐑪𐑒𐑕𐑪𐑓𐑦𐑕	matches
box office	NN1	GenAm	ˈbɒksˌɒfɪs	bɒks ˈɒfɪs	𐑚𐑪𐑒𐑕𐑪𐑓𐑦𐑕	𐑚𐑪𐑒𐑕𐑪𐑓𐑦𐑕	matches
Aberdeen Angus	NN1	GenAm	ˌæbəRˈdin ˈæŋɡəs	ˌæbəRˈdiːn ˈæŋɡəs	𐑨𐑚𐑼𐑛𐑦𐑯 𐑨𐑙𐑜𐑩𐑕	𐑨𐑚𐑼𐑛𐑰𐑯𐑨𐑙𐑜𐑩𐑕	divergent
crème de menthe	NN1	GenAm	ˌkremdəˈmɒnt		𐑒𐑮𐑧𐑥𐑛𐑩𐑥𐑪𐑯𐑑		unknown
crème de menthe	NN1	GenAm	ˌkremdəˈment		𐑒𐑮𐑧𐑥𐑛𐑩𐑥𐑧𐑯𐑑		unknown
prep school	NN1	GenAm	ˈprepˌskuːl	prep skuːl	𐑐𐑮𐑧𐑐𐑕𐑒𐑵𐑤	𐑐𐑮𐑧𐑐𐑕𐑒𐑵𐑤	matches
short shrift	NN1	RSSB	ʃɔːRt ˈʃrɪft	ʃɔːRt ʃrɪft	𐑖𐑹𐑑 𐑖𐑮𐑦𐑓𐑑	𐑖𐑹𐑑𐑖𐑮𐑦𐑓𐑑	matches
short shrift	NN1	GenAm	ˌʃɔːRt ˈʃrɪft	ʃɔːRt ʃrɪft	𐑖𐑹𐑑 𐑖𐑮𐑦𐑓𐑑	𐑖𐑹𐑑𐑖𐑮𐑦𐑓𐑑	matches
nine-day wonder	NN1	RSSB	ˌnaɪndeɪ wʌndəR		𐑯𐑲𐑯𐑛𐑱 𐑢𐑳𐑯𐑛𐑼		unknown
nine-day wonder	NN1	GenAm	ˌnaɪndeɪ ˈwʌndəR		𐑯𐑲𐑯𐑛𐑱 𐑢𐑳𐑯𐑛𐑼		unknown
Saint Bernard	NN1	RSSB	ˌsənt bɜːRnəRd	ˈseɪnt ˈbɜːRnəRd	𐑕𐑩𐑯𐑑 𐑚𐑻𐑯𐑼𐑛	𐑕𐑱𐑯𐑑𐑚𐑻𐑯𐑼𐑛	divergent
Saint Bernard	NN1	GenAm	ˌseɪnt bəRˈnɑːRd	ˈseɪnt ˈbɜːRnəRd	𐑕𐑱𐑯𐑑 𐑚𐑼𐑯𐑸𐑛	𐑕𐑱𐑯𐑑𐑚𐑻𐑯𐑼𐑛	divergent
Wall Street	NP0	RSSB	ˈwɔːl striːt	wɔːl striːt	𐑢𐑷𐑤 𐑕𐑑𐑮𐑰𐑑	𐑢𐑷𐑤𐑕𐑑𐑮𐑰𐑑	matches
Wall Street	NP0	GenAm	ˈwɒl ˌstrit	wɔːl striːt	𐑢𐑪𐑤 𐑕𐑑𐑮𐑦𐑑	𐑢𐑷𐑤𐑕𐑑𐑮𐑰𐑑	divergent
Saint Valentine's Day	NP0	GenAm	ˌseɪntˈvælənˌtaɪnzˌdeɪ		𐑕𐑱𐑯𐑑𐑝𐑨𐑤𐑩𐑯𐑑𐑲𐑯𐑟𐑛𐑱		unknown
Saint Valentine's Day	NP0	RSSB	ˌsəntˈvælənˌtaɪnzˌdeɪ		𐑕𐑩𐑯𐑑𐑝𐑨𐑤𐑩𐑯𐑑𐑲𐑯𐑟𐑛𐑱		unknown
Valentine's Day	NP0	GenAm	ˈvælənˌtaɪnzˌdeɪ		𐑝𐑨𐑤𐑩𐑯𐑑𐑲𐑯𐑟𐑛𐑱		unknown
steering wheel	NN1	RSSB	stɪəRɪŋ ˌhwiːl	ˈstɪərɪŋ ʍiːl	𐑕𐑑𐑽𐑦𐑙 𐑣𐑢𐑰𐑤	𐑕𐑑𐑽𐑦𐑙𐑢𐑰𐑤	divergent
steering wheel	NN1	GenAm	ˈstɪrɪŋ ˌhwil	ˈstɪərɪŋ ʍiːl	𐑕𐑑𐑦𐑮𐑦𐑙 𐑣𐑢𐑦𐑤	𐑕𐑑𐑽𐑦𐑙𐑢𐑰𐑤	divergent
mince words	VVI	RSSB	ˌmɪns wɜːRdz	mɪns wɜːRdz	𐑥𐑦𐑯𐑕 𐑢𐑻𐑛𐑟	𐑥𐑦𐑯𐑕𐑢𐑻𐑛𐑟	matches
mince words	VVI	GenAm	ˌmɪns ˈwɜːRdz	mɪns wɜːRdz	𐑥𐑦𐑯𐑕 𐑢𐑻𐑛𐑟	𐑥𐑦𐑯𐑕𐑢𐑻𐑛𐑟	matches
chaise longue	NN1	RSSB	ˌʃeɪz ˈlɒŋɡ		𐑖𐑱𐑟 𐑤𐑪𐑙𐑜		unknown
chaise longue	NN1	GenAm	ˌʃeɪz ˈlɒŋ		𐑖𐑱𐑟 𐑤𐑪𐑙		unknown
for the birds	AJ0	RSSB	fəR ðə bɜːRdz	F Ð bɜːRdz	𐑓𐑼 𐑞𐑩 𐑚𐑻𐑛𐑟	𐑓𐑞𐑚𐑻𐑛𐑟	divergent
for the birds	AJ0	GenAm	fər ðə ˈbɜːRdz	F Ð bɜːRdz	𐑓𐑼 𐑞𐑩 𐑚𐑻𐑛𐑟	𐑓𐑞𐑚𐑻𐑛𐑟	divergent
for goodness' sake	UNC	GenAm	fɔːR ˈɡʊdnəs seɪk		𐑓𐑹 𐑜𐑫𐑛𐑯𐑩𐑕 𐑕𐑱𐑒		unknown
for goodness' sake	UNC	RSSB	fəR ˈɡʊdnəs seɪk		𐑓𐑼 𐑜𐑫𐑛𐑯𐑩𐑕 𐑕𐑱𐑒		unknown
wildcat strike	NN1	GenAm	ˈwaɪəldˌkæt ˈstraɪk	ˈwaɪldkæt straɪk	𐑢𐑲𐑩𐑤𐑛𐑒𐑨𐑑 𐑕𐑑𐑮𐑲𐑒	𐑢𐑲𐑤𐑛𐑒𐑨𐑑𐑕𐑑𐑮𐑲𐑒	divergent
wildcat strike	NN1	RSSB	ˈwaɪldˌkæt ˈstraɪk	ˈwaɪldkæt straɪk	𐑢𐑲𐑤𐑛𐑒𐑨𐑑 𐑕𐑑𐑮𐑲𐑒	𐑢𐑲𐑤𐑛𐑒𐑨𐑑𐑕𐑑𐑮𐑲𐑒	matches
Pulitzer Prize	NN1	GenAm	ˌpʊlɪtsəR ˈpraɪz	ˈpʊlɪtsəR praɪz	𐑐𐑫𐑤𐑦𐑑𐑕𐑼 𐑐𐑮𐑲𐑟	𐑐𐑫𐑤𐑦𐑑𐑕𐑼𐑐𐑮𐑲𐑟	matches
Pulitzer Prize	NN1	RSSB	pʊlɪtsəR ˈpraɪz	ˈpʊlɪtsəR praɪz	𐑐𐑫𐑤𐑦𐑑𐑕𐑼 𐑐𐑮𐑲𐑟	𐑐𐑫𐑤𐑦𐑑𐑕𐑼𐑐𐑮𐑲𐑟	matches
Pulitzer Prize	NN1	GenAm	ˌpjulɪtsəR ˈpraɪz	ˈpʊlɪtsəR praɪz	𐑐𐑘𐑫𐑤𐑦𐑑𐑕𐑼 𐑐𐑮𐑲𐑟	𐑐𐑫𐑤𐑦𐑑𐑕𐑼𐑐𐑮𐑲𐑟	divergent
Pulitzer Prize	NN1	RSSB	pjuːlɪtsəR ˈpraɪz	ˈpʊlɪtsəR praɪz	𐑐𐑿𐑤𐑦𐑑𐑕𐑼 𐑐𐑮𐑲𐑟	𐑐𐑫𐑤𐑦𐑑𐑕𐑼𐑐𐑮𐑲𐑟	divergent
Golden Fleece	NP0	RSSB	ˈɡəʊldən fliːs	ˈɡəʊldən fliːs	𐑜𐑴𐑤𐑛𐑩𐑯 𐑓𐑤𐑰𐑕	𐑜𐑴𐑤𐑛𐑩𐑯𐑓𐑤𐑰𐑕	matches
Golden Fleece	NP0	RSSB	ˈɡəʊldən ˈfliːs	ˈɡəʊldən fliːs	𐑜𐑴𐑤𐑛𐑩𐑯 𐑓𐑤𐑰𐑕	𐑜𐑴𐑤𐑛𐑩𐑯𐑓𐑤𐑰𐑕	matches
Golden Fleece	NP0	GenAm	ˈɡoʊldən fliːs	ˈɡəʊldən fliːs	𐑜𐑴𐑤𐑛𐑩𐑯 𐑓𐑤𐑰𐑕	𐑜𐑴𐑤𐑛𐑩𐑯𐑓𐑤𐑰𐑕	matches
Golden Fleece	NP0	GenAm	ˈɡəldən ˈfliːs	ˈɡəʊldən fliːs	𐑜𐑩𐑤𐑛𐑩𐑯 𐑓𐑤𐑰𐑕	𐑜𐑴𐑤𐑛𐑩𐑯𐑓𐑤𐑰𐑕	divergent
classical music	NN1	GenAm	ˈklæːsəkəl mjuːzɪk	ˈklæsɪkəl ˈmjuːzɪk	𐑒𐑤𐑨𐑕𐑩𐑒𐑩𐑤 𐑥𐑿𐑟𐑦𐑒	𐑒𐑤𐑨𐑕𐑦𐑒𐑩𐑤𐑥𐑿𐑟𐑦𐑒	matches
in due time	UNC	RSSB	ɪn djuː taɪm	ɪn djuː taɪm	𐑦𐑯 𐑛𐑿 𐑑𐑲𐑥	𐑦𐑯𐑛𐑿𐑑𐑲𐑥	matches
in due time	UNC	RSSB	ɪn dʒuː taɪm	ɪn djuː taɪm	𐑦𐑯 𐑡𐑵 𐑑𐑲𐑥	𐑦𐑯𐑛𐑿𐑑𐑲𐑥	divergent
in due time	UNC	GenAm	ɪn du taɪm	ɪn duː taɪm	𐑦𐑯 𐑛𐑫 𐑑𐑲𐑥	𐑦𐑯𐑛𐑵𐑑𐑲𐑥	divergent
radio silence	NN1	GenAm	ˈreɪdioʊ ˌsaɪləns	ˈreɪdiəʊ ˈsaɪləns	𐑮𐑱𐑛𐑦𐑴 𐑕𐑲𐑤𐑩𐑯𐑕	𐑮𐑱𐑛𐑾𐑫𐑕𐑲𐑤𐑩𐑯𐑕	divergent
radio silence	NN1	RSSB	ˈreɪdiəʊ ˌsaɪləns	ˈreɪdiəʊ ˈsaɪləns	𐑮𐑱𐑛𐑾𐑫 𐑕𐑲𐑤𐑩𐑯𐑕	𐑮𐑱𐑛𐑾𐑫𐑕𐑲𐑤𐑩𐑯𐑕	matches
on ice	UNC	RSSB	ɒn ˈaɪs	ɒn aɪs	𐑪𐑯 𐑲𐑕	𐑪𐑯𐑲𐑕	matches
on ice	UNC	GenAm	ɒn ˈaɪs	ɒn aɪs	𐑪𐑯 𐑲𐑕	𐑪𐑯𐑲𐑕	matches
daisy chain	NN1	RSSB	ˈdeɪzi tʃeɪn	ˈdeɪzi tʃeɪn	𐑛𐑱𐑟𐑦 𐑗𐑱𐑯	𐑛𐑱𐑟𐑦𐑗𐑱𐑯	matches
daisy chain	NN1	GenAm	ˈdeɪzi ˌtʃeɪn	ˈdeɪzi tʃeɪn	𐑛𐑱𐑟𐑦 𐑗𐑱𐑯	𐑛𐑱𐑟𐑦𐑗𐑱𐑯	matches
daisy chain	VVI	RSSB	ˈdeɪzi tʃeɪn	ˈdeɪzi tʃeɪn	𐑛𐑱𐑟𐑦 𐑗𐑱𐑯	𐑛𐑱𐑟𐑦𐑗𐑱𐑯	matches
daisy chain	VVI	GenAm	ˈdeɪzi ˌtʃeɪn	ˈdeɪzi tʃeɪn	𐑛𐑱𐑟𐑦 𐑗𐑱𐑯	𐑛𐑱𐑟𐑦𐑗𐑱𐑯	matches
bedside manner	NN1	RSSB	ˌbedsaɪd mænəR	ˈbedsaɪd ˈmænəR	𐑚𐑧𐑛𐑕𐑲𐑛 𐑥𐑨𐑯𐑼	𐑚𐑧𐑛𐑕𐑲𐑛𐑥𐑨𐑯𐑼	matches
bedside manner	NN1	GenAm	ˌbedˌsaɪd ˈmænəR	ˈbedsaɪd ˈmænəR	𐑚𐑧𐑛𐑕𐑲𐑛 𐑥𐑨𐑯𐑼	𐑚𐑧𐑛𐑕𐑲𐑛𐑥𐑨𐑯𐑼	matches
xiphoid process	NN1	GenAm	ˈzɪˌfɔɪd ˈprɒˌses		𐑟𐑦𐑓𐑶𐑛 𐑐𐑮𐑪𐑕𐑧𐑕		unknown
Proxima Centauri	NP0	RSSB	prɒksɪmə sentɔːri		𐑐𐑮𐑪𐑒𐑕𐑦𐑥𐑩 𐑕𐑧𐑯𐑑𐑹𐑦		unknown
Proxima Centauri	NP0	GenAm	ˈprɒksɪmə senˈtɔːRi		𐑐𐑮𐑪𐑒𐑕𐑦𐑥𐑩 𐑕𐑧𐑯𐑑𐑹𐑦		unknown
Proxima Centauri	NP0	RSSB	prɒksɪmə sentaʊəri		𐑐𐑮𐑪𐑒𐑕𐑦𐑥𐑩 𐑕𐑧𐑯𐑑𐑬𐑼𐑦		unknown
Proxima Centauri	NP0	GenAm	ˈprɒksɪmə senˈtaʊri		𐑐𐑮𐑪𐑒𐑕𐑦𐑥𐑩 𐑕𐑧𐑯𐑑𐑬𐑮𐑦		unknown
below the belt	UNC	RSSB	bɪˈləʊ ðiː belt	bɪˈləʊ Ð belt	𐑚𐑦𐑤𐑴 𐑞𐑰 𐑚𐑧𐑤𐑑	𐑚𐑦𐑤𐑴𐑞𐑚𐑧𐑤𐑑	divergent
below the belt	UNC	GenAm	bəˈloʊ ðə belt	bɪˈləʊ Ð belt	𐑚𐑩𐑤𐑴 𐑞𐑩 𐑚𐑧𐑤𐑑	𐑚𐑦𐑤𐑴𐑞𐑚𐑧𐑤𐑑	divergent
carrion crow	NN1	GenAm	ˈkɜːriən kroʊː	ˈkærɪən krəʊ	𐑒𐑻𐑾𐑯 𐑒𐑮𐑴	𐑒𐑨𐑮𐑾𐑯𐑒𐑮𐑴	divergent
Aaron's beard	NN1	RSSB	eərənz bɪəRd		𐑺𐑩𐑯𐑟 𐑚𐑽𐑛		unknown
Aaron's beard	NN1	RSSB	ærənz bɪəRd		𐑨𐑮𐑩𐑯𐑟 𐑚𐑽𐑛		unknown
Aaron's beard	NN1	GenAm	ˈerənz bɪrd		𐑧𐑮𐑩𐑯𐑟 𐑚𐑦𐑮𐑛		unknown
Aaron's beard	NN1	GenAm	ˈærənz bɪrd		𐑨𐑮𐑩𐑯𐑟 𐑚𐑦𐑮𐑛		unknown
frontal lobe	NN1	GenAm	frʌntəl lɔʊːb	ˈfrʌntəl ləʊb	𐑓𐑮𐑳𐑯𐑑𐑩𐑤 𐑤𐑷𐑫𐑚	𐑓𐑮𐑳𐑯𐑑𐑩𐑤𐑤𐑴𐑚	divergent
frontal lobe	NN1	GenAm	ˈfrʌnːəl lɔʊːb	ˈfrʌntəl ləʊb	𐑓𐑮𐑳𐑯𐑩𐑤 𐑤𐑷𐑫𐑚	𐑓𐑮𐑳𐑯𐑑𐑩𐑤𐑤𐑴𐑚	divergent
parietal lobe	NN1	GenAm	pəˈraɪətəl ˌloʊb	pəˈraɪətəl ləʊb	𐑐𐑼𐑲𐑩𐑑𐑩𐑤 𐑤𐑴𐑚	𐑐𐑼𐑲𐑩𐑑𐑩𐑤𐑤𐑴𐑚	matches
occipital lobe	NN1	GenAm	ˌɒkˈsɪpɪtəl ˌloʊb	ɒkˈsɪpɪtəl ləʊb	𐑪𐑒𐑕𐑦𐑐𐑦𐑑𐑩𐑤 𐑤𐑴𐑚	𐑪𐑒𐑕𐑦𐑐𐑦𐑑𐑩𐑤𐑤𐑴𐑚	matches
gas mask	NN1	RSSB	ɡæs mɑːsk	ɡæs mⱭːsk	𐑜𐑨𐑕 𐑥𐑭𐑕𐑒	𐑜𐑨𐑕𐑥𐑭𐑕𐑒	matches
beg to differ	VVI	RSSB	ˈbeɡ tə dɪfəR	beɡ T ˈdɪfəR	𐑚𐑧𐑜 𐑑𐑩 𐑛𐑦𐑓𐑼	𐑚𐑧𐑜𐑑𐑛𐑦𐑓𐑼	divergent
beg to differ	VVI	GenAm	ˈbeɡ tə ˈdɪfəR	beɡ T ˈdɪfəR	𐑚𐑧𐑜 𐑑𐑩 𐑛𐑦𐑓𐑼	𐑚𐑧𐑜𐑑𐑛𐑦𐑓𐑼	divergent
sans serif	NN1	RSSB	ˌsænzˈserɪf		𐑕𐑨𐑯𐑟𐑕𐑧𐑮𐑦𐑓		unknown
sans serif	NN1	GenAm	ˌsænzˈserɪf		𐑕𐑨𐑯𐑟𐑕𐑧𐑮𐑦𐑓		unknown
sans serif	NN1	RSSB	ˌsɑː ˈserɪf		𐑕𐑭 𐑕𐑧𐑮𐑦𐑓		unknown
sans serif	AJ0	RSSB	ˌsænzˈserɪf		𐑕𐑨𐑯𐑟𐑕𐑧𐑮𐑦𐑓		unknown
sans serif	AJ0	GenAm	ˌsænzˈserɪf		𐑕𐑨𐑯𐑟𐑕𐑧𐑮𐑦𐑓		unknown
sans serif	AJ0	RSSB	ˌsɑː ˈserɪf		𐑕𐑭 𐑕𐑧𐑮𐑦𐑓		unknown
mamma mia	ITJ	RSSB	ˌmʌmə ˈmiːə		𐑥𐑳𐑥𐑩 𐑥𐑰𐑩		unknown
mamma mia	ITJ	GenAm	ˌmɒmə ˈmiə		𐑥𐑪𐑥𐑩 𐑥𐑾		unknown
Solar System	NP0	RSSB	səʊləR ˌsɪstəm	ˈsəʊləR ˈsɪstəm	𐑕𐑴𐑤𐑼 𐑕𐑦𐑕𐑑𐑩𐑥	𐑕𐑴𐑤𐑼𐑕𐑦𐑕𐑑𐑩𐑥	matches
Solar System	NP0	GenAm	ˈsoʊləR ˌsɪstəm	ˈsəʊləR ˈsɪstəm	𐑕𐑴𐑤𐑼 𐑕𐑦𐑕𐑑𐑩𐑥	𐑕𐑴𐑤𐑼𐑕𐑦𐑕𐑑𐑩𐑥	matches
Ursa Major	NP0	GenAm	ˌɜːRsə ˈmeɪdʒəR		𐑻𐑕𐑩 𐑥𐑱𐑡𐑼		unknown
Ursa Minor	NP0	GenAm	ˌɜːRsə ˈmaɪnəR		𐑻𐑕𐑩 𐑥𐑲𐑯𐑼		unknown
Big Dipper	NP0	RSSB	ˈbɪɡ dɪpəR	bɪɡ ˈdɪpəR	𐑚𐑦𐑜 𐑛𐑦𐑐𐑼	𐑚𐑦𐑜𐑛𐑦𐑐𐑼	matches
Big Dipper	NP0	GenAm	ˈbɪɡ ˈdɪpəR	bɪɡ ˈdɪpəR	𐑚𐑦𐑜 𐑛𐑦𐑐𐑼	𐑚𐑦𐑜𐑛𐑦𐑐𐑼	matches
J/psi particle	NN1	RSSB	dʒeɪ saɪ pɑːRtɪkəl		𐑡𐑱 𐑕𐑲 𐑐𐑸𐑑𐑦𐑒𐑩𐑤		unknown
J/psi particle	NN1	GenAm	ˌdʒeɪ ˈsaɪ ˈpɑːRtɪkəl		𐑡𐑱 𐑕𐑲 𐑐𐑸𐑑𐑦𐑒𐑩𐑤		unknown
J/psi particle	NN1	GenAm	ˌdʒeɪ ˈpsaɪ ˈpɑːRtɪkəl		𐑡𐑱 𐑐𐑕𐑲 𐑐𐑸𐑑𐑦𐑒𐑩𐑤		unknown
for good	UNC	RSSB	fəR ˈɡʊd	F ɡʊd	𐑓𐑼 𐑜𐑫𐑛	𐑓𐑜𐑫𐑛	divergent
for good	UNC	GenAm	fər ˈɡʊd	F ɡʊd	𐑓𐑼 𐑜𐑫𐑛	𐑓𐑜𐑫𐑛	divergent
rocking chair	NN1	RSSB	rɒkɪŋtʃeəR	ˈrɒkɪŋ tʃeəR	𐑮𐑪𐑒𐑦𐑙𐑗𐑺	𐑮𐑪𐑒𐑦𐑙𐑗𐑺	matches
rocking chair	NN1	GenAm	ˈrɒkɪŋˌtʃer	ˈrɒkɪŋ tʃeəR	𐑮𐑪𐑒𐑦𐑙𐑗𐑧𐑮	𐑮𐑪𐑒𐑦𐑙𐑗𐑺	divergent
in the first place	UNC	RSSB	ɪn ðə fɜːRst pleɪs	ɪn Ð fɜːRst pleɪs	𐑦𐑯 𐑞𐑩 𐑓𐑻𐑕𐑑 𐑐𐑤𐑱𐑕	𐑦𐑯𐑞𐑓𐑻𐑕𐑑𐑐𐑤𐑱𐑕	divergent
in the first place	UNC	GenAm	ɪn ðə ˈfɜːRst pleɪs	ɪn Ð fɜːRst pleɪs	𐑦𐑯 𐑞𐑩 𐑓𐑻𐑕𐑑 𐑐𐑤𐑱𐑕	𐑦𐑯𐑞𐑓𐑻𐑕𐑑𐑐𐑤𐑱𐑕	divergent
theme park	NN1	RSSB	ˈθiːm pɑːRk	θiːm pɑːRk	𐑔𐑰𐑥 𐑐𐑸𐑒	𐑔𐑰𐑥𐑐𐑸𐑒	matches
theme park	NN1	GenAm	ˈθim ˌpɑːRk	θiːm pɑːRk	𐑔𐑦𐑥 𐑐𐑸𐑒	𐑔𐑰𐑥𐑐𐑸𐑒	divergent
soft c	NN1	RSSB	sɒft siː	sɒft siː	𐑕𐑪𐑓𐑑 𐑕𐑰	𐑕𐑪𐑓𐑑𐑕𐑰	matches
soft c	NN1	GenAm	sɒft si	sɒft siː	𐑕𐑪𐑓𐑑 𐑕𐑦	𐑕𐑪𐑓𐑑𐑕𐑰	divergent
go the extra mile	VVI	RSSB	ˈɡəʊ ði ekstrə ˈmaɪl	ɡəʊ Ð ˈekstrə maɪl	𐑜𐑴 𐑞𐑦 𐑧𐑒𐑕𐑑𐑮𐑩 𐑥𐑲𐑤	𐑜𐑴𐑞𐑧𐑒𐑕𐑑𐑮𐑩𐑥𐑲𐑤	divergent
go the extra mile	VVI	GenAm	ˈɡoʊ ði ˈekstrə ˈmaɪl	ɡəʊ Ð ˈekstrə maɪl	𐑜𐑴 𐑞𐑦 𐑧𐑒𐑕𐑑𐑮𐑩 𐑥𐑲𐑤	𐑜𐑴𐑞𐑧𐑒𐑕𐑑𐑮𐑩𐑥𐑲𐑤	divergent
I don't know	ITJ	GenAm	ɒɪtoʊtnoʊ	aɪ dəʊnt nəʊ	𐑪𐑦𐑑𐑴𐑑𐑯𐑴	𐑲𐑛𐑴𐑯𐑑𐑯𐑴	divergent
shore up	VVI	RSSB	ʃɔːrʌp	ʃɔːR ʌp	𐑖𐑹𐑳𐑐	𐑖𐑹𐑳𐑐	matches
shore up	VVI	GenAm	ʃɒˈrʌp	ʃɔːR ʌp	𐑖𐑪𐑮𐑳𐑐	𐑖𐑹𐑳𐑐	divergent
academic freedom	NN1	RSSB	ˌækəˈdemɪk friːdəm	ˌækəˈdemɪk ˈfriːdəm	𐑨𐑒𐑩𐑛𐑧𐑥𐑦𐑒 𐑓𐑮𐑰𐑛𐑩𐑥	𐑨𐑒𐑩𐑛𐑧𐑥𐑦𐑒𐑓𐑮𐑰𐑛𐑩𐑥	matches
academic freedom	NN1	GenAm	ˌækəˈdemɪk ˈfridəm	ˌækəˈdemɪk ˈfriːdəm	𐑨𐑒𐑩𐑛𐑧𐑥𐑦𐑒 𐑓𐑮𐑦𐑛𐑩𐑥	𐑨𐑒𐑩𐑛𐑧𐑥𐑦𐑒𐑓𐑮𐑰𐑛𐑩𐑥	divergent
terza rima	NN1	RSSB	tɜːRtsə riːmə		𐑑𐑻𐑑𐑕𐑩 𐑮𐑰𐑥𐑩		unknown
terza rima	NN1	GenAm	ˌtɜːRtsə ˈrimə		𐑑𐑻𐑑𐑕𐑩 𐑮𐑦𐑥𐑩		unknown
oh well	ITJ	RSSB	ˈəʊ wel	əʊ wel	𐑴 𐑢𐑧𐑤	𐑴𐑢𐑧𐑤	matches
oh well	ITJ	GenAm	ˈoʊ wel	əʊ wel	𐑴 𐑢𐑧𐑤	𐑴𐑢𐑧𐑤	matches
come around	VVI	RSSB	kʌməraʊnd	kʌm əˈraʊnd	𐑒𐑳𐑥𐑼𐑬𐑯𐑛	𐑒𐑳𐑥𐑼𐑬𐑯𐑛	matches
come around	VVI	GenAm	kʌməˈraʊnd	kʌm əˈraʊnd	𐑒𐑳𐑥𐑼𐑬𐑯𐑛	𐑒𐑳𐑥𐑼𐑬𐑯𐑛	matches
grunt work	NN1	GenAm	ɡrʌnwɜːRk	ɡrʌnt wɜːRk	𐑜𐑮𐑳𐑯𐑢𐑻𐑒	𐑜𐑮𐑳𐑯𐑑𐑢𐑻𐑒	divergent
speak up	VVI	RSSB	ˌspiːk ˈʌp	spiːk ʌp	𐑕𐑐𐑰𐑒 𐑳𐑐	𐑕𐑐𐑰𐑒𐑳𐑐	matches
speak up	VVI	GenAm	ˌspik ˈʌp	spiːk ʌp	𐑕𐑐𐑦𐑒 𐑳𐑐	𐑕𐑐𐑰𐑒𐑳𐑐	divergent
carry on	VVI	GenAm	ˈkæri ˈɒn	ˈkæri ɒn	𐑒𐑨𐑮𐑦 𐑪𐑯	𐑒𐑨𐑮𐑦𐑪𐑯	matches
carry on	NN1	GenAm	ˈkæri ˈɒn	ˈkæri ɒn	𐑒𐑨𐑮𐑦 𐑪𐑯	𐑒𐑨𐑮𐑦𐑪𐑯	matches
induced abortion	NN1	GenAm	ɪnˈdust əˈbɔːRʃən	ɪnˈduːst əˈbɔːRʃən	𐑦𐑯𐑛𐑫𐑕𐑑 𐑩𐑚𐑹𐑖𐑩𐑯	𐑦𐑯𐑛𐑵𐑕𐑑𐑩𐑚𐑹𐑖𐑩𐑯	divergent
induced abortion	NN1	GenAm	ɪnˈdjust əˈbɔːRʃən	ɪnˈduːst əˈbɔːRʃən	𐑦𐑯𐑛𐑘𐑫𐑕𐑑 𐑩𐑚𐑹𐑖𐑩𐑯	𐑦𐑯𐑛𐑵𐑕𐑑𐑩𐑚𐑹𐑖𐑩𐑯	divergent
how old are you	UNC	RSSB	haʊ əʊld ɑːrjuː	haʊ əʊld ɑːR juː	𐑣𐑬 𐑴𐑤𐑛 𐑸𐑿	𐑣𐑬𐑴𐑤𐑛𐑸𐑿	matches
how old are you	UNC	GenAm	haʊ ˈoʊld ɑːR ˌju	haʊ əʊld ɑːR juː	𐑣𐑬 𐑴𐑤𐑛 𐑸 𐑘𐑫	𐑣𐑬𐑴𐑤𐑛𐑸𐑿	divergent
under a cloud	UNC	GenAm	ˈʌndəR ə klaʊd	ˈʌndəR ə klaʊd	𐑳𐑯𐑛𐑼 𐑩 𐑒𐑤𐑬𐑛	𐑳𐑯𐑛𐑼𐑩𐑒𐑤𐑬𐑛	matches
dirty word	NN1	RSSB	dɜːRtiwɜːRd	ˈdɜːRti wɜːRd	𐑛𐑻𐑑𐑦𐑢𐑻𐑛	𐑛𐑻𐑑𐑦𐑢𐑻𐑛	matches
dirty word	NN1	GenAm	ˈdəRtijˌwɜːRd	ˈdɜːRti wɜːRd	𐑛𐑼𐑑𐑦𐑘𐑢𐑻𐑛	𐑛𐑻𐑑𐑦𐑢𐑻𐑛	divergent
debit card	NN1	GenAm	ˈdebɪt ˌkɑːRd	ˈdebɪt kɑːRd	𐑛𐑧𐑚𐑦𐑑 𐑒𐑸𐑛	𐑛𐑧𐑚𐑦𐑑𐑒𐑸𐑛	matches
living fossil	NN1	RSSB	ˈlɪvɪŋ ˈfɒsəl	ˈlɪvɪŋ ˈfɒsəl	𐑤𐑦𐑝𐑦𐑙 𐑓𐑪𐑕𐑩𐑤	𐑤𐑦𐑝𐑦𐑙𐑓𐑪𐑕𐑩𐑤	matches
living fossil	NN1	GenAm	ˈlɪvɪŋ ˈfɒsəl	ˈlɪvɪŋ ˈfɒsəl	𐑤𐑦𐑝𐑦𐑙 𐑓𐑪𐑕𐑩𐑤	𐑤𐑦𐑝𐑦𐑙𐑓𐑪𐑕𐑩𐑤	matches
absolute majority	NN1	GenAm	ˈæbsəˌlut məˈdʒɑːRɪti	ˈæbsəluːt məˈdʒɒrɪti	𐑨𐑚𐑕𐑩𐑤𐑫𐑑 𐑥𐑩𐑡𐑸𐑦𐑑𐑦	𐑨𐑚𐑕𐑩𐑤𐑵𐑑𐑥𐑩𐑡𐑪𐑮𐑦𐑑𐑦	divergent
absolute majority	NN1	GenAm	ˌæbsəˈljut məˈdʒɑːRɪti	ˈæbsəluːt məˈdʒɒrɪti	𐑨𐑚𐑕𐑩𐑤𐑘𐑫𐑑 𐑥𐑩𐑡𐑸𐑦𐑑𐑦	𐑨𐑚𐑕𐑩𐑤𐑵𐑑𐑥𐑩𐑡𐑪𐑮𐑦𐑑𐑦	divergent
absolute pitch	NN1	GenAm	ˈæbsəˌlut pɪtʃ	ˈæbsəluːt pɪtʃ	𐑨𐑚𐑕𐑩𐑤𐑫𐑑 𐑐𐑦𐑗	𐑨𐑚𐑕𐑩𐑤𐑵𐑑𐑐𐑦𐑗	divergent
absolute pitch	NN1	GenAm	ˌæbsəˈljut pɪtʃ	ˈæbsəluːt pɪtʃ	𐑨𐑚𐑕𐑩𐑤𐑘𐑫𐑑 𐑐𐑦𐑗	𐑨𐑚𐑕𐑩𐑤𐑵𐑑𐑐𐑦𐑗	divergent
absolute temperature	NN1	GenAm	ˈæbsəˌlut	ˈæbsəluːt ˈtempərətʃəR	𐑨𐑚𐑕𐑩𐑤𐑫𐑑	𐑨𐑚𐑕𐑩𐑤𐑵𐑑𐑑𐑧𐑥𐑐𐑼𐑩𐑗𐑼	divergent
absolute temperature	NN1	GenAm	ˌæbsəˈljut	ˈæbsəluːt ˈtempərətʃəR	𐑨𐑚𐑕𐑩𐑤𐑘𐑫𐑑	𐑨𐑚𐑕𐑩𐑤𐑵𐑑𐑑𐑧𐑥𐑐𐑼𐑩𐑗𐑼	divergent
absolute temperature	NN1	GenAm	ˈtɜːmprətʃəR	ˈæbsəluːt ˈtempərətʃəR	𐑑𐑻𐑥𐑐𐑮𐑩𐑗𐑼	𐑨𐑚𐑕𐑩𐑤𐑵𐑑𐑑𐑧𐑥𐑐𐑼𐑩𐑗𐑼	divergent
absolute temperature	NN1	GenAm	ˈtɜːmprətʃʊr	ˈæbsəluːt ˈtempərətʃəR	𐑑𐑻𐑥𐑐𐑮𐑩𐑗𐑫𐑮	𐑨𐑚𐑕𐑩𐑤𐑵𐑑𐑑𐑧𐑥𐑐𐑼𐑩𐑗𐑼	divergent
absolute temperature	NN1	GenAm	ˈtɜːmpərətʃəR	ˈæbsəluːt ˈtempərətʃəR	𐑑𐑻𐑥𐑐𐑼𐑩𐑗𐑼	𐑨𐑚𐑕𐑩𐑤𐑵𐑑𐑑𐑧𐑥𐑐𐑼𐑩𐑗𐑼	divergent
absolute temperature	NN1	GenAm	ˈtɜːmpərətʃʊr	ˈæbsəluːt ˈtempərətʃəR	𐑑𐑻𐑥𐑐𐑼𐑩𐑗𐑫𐑮	𐑨𐑚𐑕𐑩𐑤𐑵𐑑𐑑𐑧𐑥𐑐𐑼𐑩𐑗𐑼	divergent
absolute temperature	NN1	GenAm	ˈtɜːmprətjər	ˈæbsəluːt ˈtempərətʃəR	𐑑𐑻𐑥𐑐𐑮𐑩𐑑𐑘𐑼	𐑨𐑚𐑕𐑩𐑤𐑵𐑑𐑑𐑧𐑥𐑐𐑼𐑩𐑗𐑼	divergent
absolute temperature	NN1	GenAm	ˈtɜːmpərətjəR	ˈæbsəluːt ˈtempərətʃəR	𐑑𐑻𐑥𐑐𐑼𐑩𐑑𐑘𐑼	𐑨𐑚𐑕𐑩𐑤𐑵𐑑𐑑𐑧𐑥𐑐𐑼𐑩𐑗𐑼	divergent
launch pad	NN1	RSSB	ˈlɔːntʃpæd	lɔːntʃ pæd	𐑤𐑷𐑯𐑗𐑐𐑨𐑛	𐑤𐑷𐑯𐑗𐑐𐑨𐑛	matches
launch pad	NN1	GenAm	ˈlɒntʃpæd	lɔːntʃ pæd	𐑤𐑪𐑯𐑗𐑐𐑨𐑛	𐑤𐑷𐑯𐑗𐑐𐑨𐑛	divergent
goof off	VVI	RSSB	ˌɡuːf ˈɒf	ɡuːf ɒf	𐑜𐑵𐑓 𐑪𐑓	𐑜𐑵𐑓𐑪𐑓	matches
goof off	VVI	GenAm	ˌɡuf ˈɒf	ɡuːf ɒf	𐑜𐑫𐑓 𐑪𐑓	𐑜𐑵𐑓𐑪𐑓	divergent
Yom Kippur	NP0	RSSB	ˌjɒm kɪpʊəR		𐑘𐑪𐑥 𐑒𐑦𐑐𐑫𐑼		unknown
Yom Kippur	NP0	RSSB	ˌjɒm kɪpəR		𐑘𐑪𐑥 𐑒𐑦𐑐𐑼		unknown
Yom Kippur	NP0	GenAm	ˌjɒm ˈkɪpəR		𐑘𐑪𐑥 𐑒𐑦𐑐𐑼		unknown
Yom Kippur	NP0	RSSB	ˌjəʊm kɪpʊəR		𐑘𐑴𐑥 𐑒𐑦𐑐𐑫𐑼		unknown
Yom Kippur	NP0	RSSB	ˌjəʊm kɪpəR		𐑘𐑴𐑥 𐑒𐑦𐑐𐑼		unknown
Yom Kippur	NP0	GenAm	ˌjoʊm ˈkɪpəR		𐑘𐑴𐑥 𐑒𐑦𐑐𐑼		unknown
Yom Kippur	NP0	GenAm	ˌjɒm kɪˈpʊr		𐑘𐑪𐑥 𐑒𐑦𐑐𐑫𐑮		unknown
Yom Kippur	NP0	GenAm	ˌjoʊm kɪˈpʊr		𐑘𐑴𐑥 𐑒𐑦𐑐𐑫𐑮		unknown
sleep in	VVI	RSSB	ˈsliːp ˌɪn	sliːp ɪn	𐑕𐑤𐑰𐑐 𐑦𐑯	𐑕𐑤𐑰𐑐𐑦𐑯	matches
sleep in	VVI	GenAm	ˈslip ˌɪn	sliːp ɪn	𐑕𐑤𐑦𐑐 𐑦𐑯	𐑕𐑤𐑰𐑐𐑦𐑯	divergent
jack of all trades	NN1	RSSB	dʒækəvɔːl treɪdz	dʒæk V ɔːl treɪdz	𐑡𐑨𐑒𐑩𐑝𐑷𐑤 𐑑𐑮𐑱𐑛𐑟	𐑡𐑨𐑒𐑝𐑷𐑤𐑑𐑮𐑱𐑛𐑟	divergent
jack of all trades	NN1	GenAm	ˌdʒækəvɒl ˈtreɪdz	dʒæk V ɔːl treɪdz	𐑡𐑨𐑒𐑩𐑝𐑪𐑤 𐑑𐑮𐑱𐑛𐑟	𐑡𐑨𐑒𐑝𐑷𐑤𐑑𐑮𐑱𐑛𐑟	divergent
no man's land	NN1	GenAm	ˈnoʊˌmænzˌlænd		𐑯𐑴𐑥𐑨𐑯𐑟𐑤𐑨𐑯𐑛		unknown
baby face	NN1	RSSB	ˈbeɪbɪ feɪs	ˈbeɪbi feɪs	𐑚𐑱𐑚𐑦 𐑓𐑱𐑕	𐑚𐑱𐑚𐑦𐑓𐑱𐑕	matches
baby face	NN1	GenAm	ˈbeɪbi ˌfeɪs	ˈbeɪbi feɪs	𐑚𐑱𐑚𐑦 𐑓𐑱𐑕	𐑚𐑱𐑚𐑦𐑓𐑱𐑕	matches
dodge a bullet	VVI	GenAm	dɒdʒ ə ˈbʊlɪt	dɒdʒ ə ˈbʊlIt	𐑛𐑪𐑡 𐑩 𐑚𐑫𐑤𐑦𐑑	𐑛𐑪𐑡𐑩𐑚𐑫𐑤𐑩𐑑	matches
sodium nitrite	NN1	GenAm	ˈsoʊdiəm ˈnaɪtraɪt		𐑕𐑴𐑛𐑾𐑥 𐑯𐑲𐑑𐑮𐑲𐑑		unknown
Star Trek	NP0	GenAm	ˈstɑːR trĕk	stɑːR trek	𐑕𐑑𐑸 𐑑𐑮ĕ𐑒	𐑕𐑑𐑸𐑑𐑮𐑧𐑒	divergent
Star Trek	NP0	GenAm	ˈstɒ trek	stɑːR trek	𐑕𐑑𐑪 𐑑𐑮𐑧𐑒	𐑕𐑑𐑸𐑑𐑮𐑧𐑒	divergent
Star Trek	AJ0	GenAm	ˈstɑːR trĕk	stɑːR trek	𐑕𐑑𐑸 𐑑𐑮ĕ𐑒	𐑕𐑑𐑸𐑑𐑮𐑧𐑒	divergent
Star Trek	AJ0	GenAm	ˈstɒ trek	stɑːR trek	𐑕𐑑𐑪 𐑑𐑮𐑧𐑒	𐑕𐑑𐑸𐑑𐑮𐑧𐑒	divergent
bow and arrow	NN1	RSSB	bəʊ əndærəʊ	baʊ N ˈærəʊ	𐑚𐑴 𐑩𐑯𐑛𐑨𐑮𐑴	𐑚𐑬𐑯𐑨𐑮𐑴	divergent
personae non gratae	NN1	RSSB	pəRsəʊniː nɒn ɡrɑːtiː		𐑐𐑼𐑕𐑴𐑯𐑰 𐑯𐑪𐑯 𐑜𐑮𐑭𐑑𐑰		unknown
San Diego	NP0	GenAm	ˌsæn diˈeɪɡoʊ		𐑕𐑨𐑯 𐑛𐑦𐑱𐑜𐑴		unknown
Andhra Pradesh	NP0	GenAm	ˌændrə prəˈdeʃ		𐑨𐑯𐑛𐑮𐑩 𐑐𐑮𐑩𐑛𐑧𐑖		unknown
go ahead	VVI	RSSB	ˌɡəʊ əˈhed	ɡəʊ əˈhed	𐑜𐑴 𐑩𐑣𐑧𐑛	𐑜𐑴𐑩𐑣𐑧𐑛	matches
go ahead	VVI	GenAm	ˌɡoʊ əˈhed	ɡəʊ əˈhed	𐑜𐑴 𐑩𐑣𐑧𐑛	𐑜𐑴𐑩𐑣𐑧𐑛	matches
Charles's law	NP0	RSSB	tʃɑːRlz ˈlɔː		𐑗𐑸𐑤𐑟 𐑤𐑷		unknown
Atomic Age	NP0	RSSB	əˈtɒmɪk ˌeɪdʒ	əˈtɒmɪk eɪdʒ	𐑩𐑑𐑪𐑥𐑦𐑒 𐑱𐑡	𐑩𐑑𐑪𐑥𐑦𐑒𐑱𐑡	matches
Atomic Age	NP0	GenAm	əˈtɑːmɪk ˌeɪdʒ	əˈtɒmɪk eɪdʒ	𐑩𐑑𐑭𐑥𐑦𐑒 𐑱𐑡	𐑩𐑑𐑪𐑥𐑦𐑒𐑱𐑡	divergent
peter out	VVI	RSSB	piːtəraʊt	ˈpiːtəR aʊt	𐑐𐑰𐑑𐑼𐑬𐑑	𐑐𐑰𐑑𐑼𐑬𐑑	matches
peter out	VVI	GenAm	ˌpitəRˈaʊt	ˈpiːtəR aʊt	𐑐𐑦𐑑𐑼𐑬𐑑	𐑐𐑰𐑑𐑼𐑬𐑑	divergent
go the whole hog	VVI	RSSB	ˈɡəʊ ðə həʊl ˈhɒɡ	ɡəʊ Ð həʊl hɒɡ	𐑜𐑴 𐑞𐑩 𐑣𐑴𐑤 𐑣𐑪𐑜	𐑜𐑴𐑞𐑣𐑴𐑤𐑣𐑪𐑜	divergent
go the whole hog	VVI	GenAm	ˈɡoʊ ðə hoʊl ˈhɒɡ	ɡəʊ Ð həʊl hɒɡ	𐑜𐑴 𐑞𐑩 𐑣𐑴𐑤 𐑣𐑪𐑜	𐑜𐑴𐑞𐑣𐑴𐑤𐑣𐑪𐑜	divergent
gold mine	NN1	RSSB	ˈɡəʊldˌmaɪn	ɡəʊld maɪn	𐑜𐑴𐑤𐑛𐑥𐑲𐑯	𐑜𐑴𐑤𐑛𐑥𐑲𐑯	matches
gold mine	NN1	GenAm	ˈɡoʊldˌmaɪn	ɡəʊld maɪn	𐑜𐑴𐑤𐑛𐑥𐑲𐑯	𐑜𐑴𐑤𐑛𐑥𐑲𐑯	matches
midnight sun	NN1	RSSB	ˈmɪdnʌɪt sʌn	ˈmɪdnaɪt sʌn	𐑥𐑦𐑛𐑯𐑳𐑦𐑑 𐑕𐑳𐑯	𐑥𐑦𐑛𐑯𐑲𐑑𐑕𐑳𐑯	divergent
midnight sun	NN1	GenAm	ˈmɪdˌnaɪt sʌn	ˈmɪdnaɪt sʌn	𐑥𐑦𐑛𐑯𐑲𐑑 𐑕𐑳𐑯	𐑥𐑦𐑛𐑯𐑲𐑑𐑕𐑳𐑯	matches
Mont Blanc	NP0	RSSB	ˌmɒ ˈblɒk		𐑥𐑪 𐑚𐑤𐑪𐑒		unknown
Mont Blanc	NP0	GenAm	ˌmɒn ˈblɒnk		𐑥𐑪𐑯 𐑚𐑤𐑪𐑯𐑒		unknown
Mont Blanc	NN1	RSSB	ˌmɒ ˈblɒk		𐑥𐑪 𐑚𐑤𐑪𐑒		unknown
Mont Blanc	NN1	GenAm	ˌmɒn ˈblɒnk		𐑥𐑪𐑯 𐑚𐑤𐑪𐑯𐑒		unknown
letters patent	NN1	RSSB	letəRz ˈpeɪtənt	ˈletəRz ˈpeɪtənt	𐑤𐑧𐑑𐑼𐑟 𐑐𐑱𐑑𐑩𐑯𐑑	𐑤𐑧𐑑𐑼𐑟𐑐𐑱𐑑𐑩𐑯𐑑	matches
letters patent	NN1	GenAm	ˌletəRz ˈpætənt	ˈletəRz ˈpeɪtənt	𐑤𐑧𐑑𐑼𐑟 𐑐𐑨𐑑𐑩𐑯𐑑	𐑤𐑧𐑑𐑼𐑟𐑐𐑱𐑑𐑩𐑯𐑑	divergent
after the fact	UNC	RSSB	ɑːftəR ðə ˈfækt	ˈⱭːftəR Ð fækt	𐑭𐑓𐑑𐑼 𐑞𐑩 𐑓𐑨𐑒𐑑	𐑭𐑓𐑑𐑼𐑞𐑓𐑨𐑒𐑑	divergent
after the fact	UNC	GenAm	ˌæftəR ðə ˈfækt	ˈⱭːftəR Ð fækt	𐑨𐑓𐑑𐑼 𐑞𐑩 𐑓𐑨𐑒𐑑	𐑭𐑓𐑑𐑼𐑞𐑓𐑨𐑒𐑑	divergent
alter ego	NN1	RSSB	ɔːltər iːɡəʊ	ˈɔːltəR ˈiːɡəʊ	𐑷𐑤𐑑𐑼 𐑰𐑜𐑴	𐑷𐑤𐑑𐑼𐑰𐑜𐑴	matches
alter ego	NN1	GenAm	ˈɒltəR iɡoʊ	ˈɔːltəR ˈiːɡəʊ	𐑪𐑤𐑑𐑼 𐑦𐑜𐑴	𐑷𐑤𐑑𐑼𐑰𐑜𐑴	divergent
Bath chair	NN1	RSSB	bɑːθ tʃeəR	bⱭːθ tʃeəR	𐑚𐑭𐑔 𐑗𐑺	𐑚𐑭𐑔𐑗𐑺	matches
sitting pretty	AJ0	RSSB	ˈsɪtɪŋ ˈprɪti	ˈsɪtɪŋ ˈprɪti	𐑕𐑦𐑑𐑦𐑙 𐑐𐑮𐑦𐑑𐑦	𐑕𐑦𐑑𐑦𐑙𐑐𐑮𐑦𐑑𐑦	matches
sitting pretty	AJ0	GenAm	ˈsɪtɪŋ ˈprɪti	ˈsɪtɪŋ ˈprɪti	𐑕𐑦𐑑𐑦𐑙 𐑐𐑮𐑦𐑑𐑦	𐑕𐑦𐑑𐑦𐑙𐑐𐑮𐑦𐑑𐑦	matches
go figure	UNC	GenAm	ɡoʊ ˈfɪɡjəR	ɡəʊ ˈfɪɡəR	𐑜𐑴 𐑓𐑦𐑜𐑘𐑼	𐑜𐑴𐑓𐑦𐑜𐑼	divergent
Port Moresby	NP0	GenAm	ˌpɔːRt ˈmɔːRzbi		𐑐𐑹𐑑 𐑥𐑹𐑟𐑚𐑦		unknown
Ho Chi Minh City	NP0	RSSB	ˌhəʊ tʃiː ˌmɪn ˈsɪti		𐑣𐑴 𐑗𐑰 𐑥𐑦𐑯 𐑕𐑦𐑑𐑦		unknown
San Salvador	NP0	GenAm	sæn ˈsælvədɔːR		𐑕𐑨𐑯 𐑕𐑨𐑤𐑝𐑩𐑛𐑹		unknown
Santo Domingo	NP0	GenAm	ˌsæntə dəˈmɪŋɡoʊ		𐑕𐑨𐑯𐑑𐑩 𐑛𐑩𐑥𐑦𐑙𐑜𐑴		unknown
Santo Domingo	NP0	RSSB	ˌsæntə dəˈmɪŋɡəʊ		𐑕𐑨𐑯𐑑𐑩 𐑛𐑩𐑥𐑦𐑙𐑜𐑴		unknown
Santo Domingo	NP0	GenAm	ˌsæntoʊ dəˈmɪŋɡoʊ		𐑕𐑨𐑯𐑑𐑴 𐑛𐑩𐑥𐑦𐑙𐑜𐑴		unknown
Santo Domingo	NP0	RSSB	ˌsæntəʊ dəˈmɪŋɡəʊ		𐑕𐑨𐑯𐑑𐑴 𐑛𐑩𐑥𐑦𐑙𐑜𐑴		unknown
San Jose	NP0	GenAm	ˌsæn hoʊˈzeɪ		𐑕𐑨𐑯 𐑣𐑴𐑟𐑱		unknown
San Jose	NP0	GenAm	ˌsænoʊˈzeɪ		𐑕𐑨𐑯𐑴𐑟𐑱		unknown
oh yeah	ITJ	GenAm	oʊ jæ	əʊ ˈjeə	𐑴 𐑘𐑨	𐑴𐑘𐑺	divergent
oh yeah	ITJ	GenAm	oʊjeə	əʊ ˈjeə	𐑴𐑘𐑺	𐑴𐑘𐑺	matches
oh yeah	ITJ	GenAm	oʊ˥˩ jeə˨˩	əʊ ˈjeə	𐑴˥˩ 𐑘𐑺˨˩	𐑴𐑘𐑺	divergent
oh yeah	ITJ	GenAm	oʊ˥˩ jeə˦˥	əʊ ˈjeə	𐑴˥˩ 𐑘𐑺˦˥	𐑴𐑘𐑺	divergent
oh yeah	ITJ	GenAm	oʊ˥˩ jeə˥˩	əʊ ˈjeə	𐑴˥˩ 𐑘𐑺˥˩	𐑴𐑘𐑺	divergent
oh yeah	ITJ	GenAm	oʊ˥ jeə˥˩	əʊ ˈjeə	𐑴˥ 𐑘𐑺˥˩	𐑴𐑘𐑺	divergent
complementary medicine	NN1	RSSB	kɒmpləmentəriː ˈmedɪsɪn	ˌkɒmplɪˈmentəri ˈmedɪsən	𐑒𐑪𐑥𐑐𐑤𐑩𐑥𐑧𐑯𐑑𐑼𐑰 𐑥𐑧𐑛𐑦𐑕𐑦𐑯	𐑒𐑪𐑥𐑐𐑤𐑦𐑥𐑧𐑯𐑑𐑼𐑦𐑥𐑧𐑛𐑦𐑕𐑩𐑯	divergent
complementary medicine	NN1	RSSB	kɔːmpləmentəriː ˈmedɪsɪn	ˌkɒmplɪˈmentəri ˈmedɪsən	𐑒𐑷𐑥𐑐𐑤𐑩𐑥𐑧𐑯𐑑𐑼𐑰 𐑥𐑧𐑛𐑦𐑕𐑦𐑯	𐑒𐑪𐑥𐑐𐑤𐑦𐑥𐑧𐑯𐑑𐑼𐑦𐑥𐑧𐑛𐑦𐑕𐑩𐑯	divergent
complementary medicine	NN1	GenAm	ˌkɒmpləˌmentəri ˈmedɪsɪn	ˌkɒmplɪˈmentəri ˈmedɪsən	𐑒𐑪𐑥𐑐𐑤𐑩𐑥𐑧𐑯𐑑𐑼𐑦 𐑥𐑧𐑛𐑦𐑕𐑦𐑯	𐑒𐑪𐑥𐑐𐑤𐑦𐑥𐑧𐑯𐑑𐑼𐑦𐑥𐑧𐑛𐑦𐑕𐑩𐑯	matches
dihydrogen monoxide	NN1	RSSB	daɪhaɪdrədʒən məˈnɒksaɪd		𐑛𐑲𐑣𐑲𐑛𐑮𐑩𐑡𐑩𐑯 𐑥𐑩𐑯𐑪𐑒𐑕𐑲𐑛		unknown
dihydrogen monoxide	NN1	GenAm	daɪˈhaɪdrədʒən məˈnɒkˌsaɪd	ˌdaɪˈhaɪdrədʒən mɒˈnɒksaɪd	𐑛𐑲𐑣𐑲𐑛𐑮𐑩𐑡𐑩𐑯 𐑥𐑩𐑯𐑪𐑒𐑕𐑲𐑛	𐑛𐑲𐑣𐑲𐑛𐑮𐑩𐑡𐑩𐑯𐑥𐑪𐑯𐑪𐑒𐑕𐑲𐑛	divergent
hydrogen sulfide	NN1	RSSB	haɪdrədʒən ˈsʌlfaɪd	ˈhaɪdrədʒən ˈsʌlfaɪd	𐑣𐑲𐑛𐑮𐑩𐑡𐑩𐑯 𐑕𐑳𐑤𐑓𐑲𐑛	𐑣𐑲𐑛𐑮𐑩𐑡𐑩𐑯𐑕𐑳𐑤𐑓𐑲𐑛	matches
hydrogen sulfide	NN1	GenAm	ˈhaɪdrədʒən ˈsʌlfaɪd	ˈhaɪdrədʒən ˈsʌlfaɪd	𐑣𐑲𐑛𐑮𐑩𐑡𐑩𐑯 𐑕𐑳𐑤𐑓𐑲𐑛	𐑣𐑲𐑛𐑮𐑩𐑡𐑩𐑯𐑕𐑳𐑤𐑓𐑲𐑛	matches
postcode lottery	NN1	RSSB	ˌpəʊstkəʊd lɒtəri	ˈpəʊstkəʊd ˈlɒtəri	𐑐𐑴𐑕𐑑𐑒𐑴𐑛 𐑤𐑪𐑑𐑼𐑦	𐑐𐑴𐑕𐑑𐑒𐑴𐑛𐑤𐑪𐑑𐑼𐑦	matches
postcode lottery	NN1	GenAm	ˌpoʊstˌkoʊd ˈlɒtəRi	ˈpəʊstkəʊd ˈlɒtəri	𐑐𐑴𐑕𐑑𐑒𐑴𐑛 𐑤𐑪𐑑𐑼𐑦	𐑐𐑴𐑕𐑑𐑒𐑴𐑛𐑤𐑪𐑑𐑼𐑦	matches
holy shit	ITJ	RSSB	ˌhəʊli ˈʃɪt	ˈhəʊli ʃɪt	𐑣𐑴𐑤𐑦 𐑖𐑦𐑑	𐑣𐑴𐑤𐑦𐑖𐑦𐑑	matches
holy shit	ITJ	GenAm	ˌhoʊli ˈʃɪt	ˈhəʊli ʃɪt	𐑣𐑴𐑤𐑦 𐑖𐑦𐑑	𐑣𐑴𐑤𐑦𐑖𐑦𐑑	matches
flutter in the dovecote	NN1	RSSB	flʌtəR ɪnðə dʌvkɒt	ˈflʌtəR ɪn Ð ˈdʌvkət	𐑓𐑤𐑳𐑑𐑼 𐑦𐑯𐑞𐑩 𐑛𐑳𐑝𐑒𐑪𐑑	𐑓𐑤𐑳𐑑𐑼𐑦𐑯𐑞𐑛𐑳𐑝𐑒𐑩𐑑	divergent
flutter in the dovecote	NN1	GenAm	ˌflʌtəR ɪnðə ˈdʌvkɒt	ˈflʌtəR ɪn Ð ˈdʌvkət	𐑓𐑤𐑳𐑑𐑼 𐑦𐑯𐑞𐑩 𐑛𐑳𐑝𐑒𐑪𐑑	𐑓𐑤𐑳𐑑𐑼𐑦𐑯𐑞𐑛𐑳𐑝𐑒𐑩𐑑	divergent
amniotic fluid	NN1	GenAm	ˌæmniˈɒtɪk ˈfluɪd	æmniˈɑːtɪk ˈfluːɪd	𐑨𐑥𐑯𐑦𐑪𐑑𐑦𐑒 𐑓𐑤𐑫𐑦𐑛	𐑨𐑥𐑯𐑦𐑭𐑑𐑦𐑒𐑓𐑤𐑵𐑦𐑛	divergent
boys will be boys	UNC	RSSB	bɔɪz wɪl biː bɔɪz	bɔɪz wɪl biː bɔɪz	𐑚𐑶𐑟 𐑢𐑦𐑤 𐑚𐑰 𐑚𐑶𐑟	𐑚𐑶𐑟𐑢𐑦𐑤𐑚𐑰𐑚𐑶𐑟	matches
boys will be boys	UNC	GenAm	bɔɪz wɪl bi bɔɪz	bɔɪz wɪl biː bɔɪz	𐑚𐑶𐑟 𐑢𐑦𐑤 𐑚𐑦 𐑚𐑶𐑟	𐑚𐑶𐑟𐑢𐑦𐑤𐑚𐑰𐑚𐑶𐑟	divergent
every cloud has a silver lining	UNC	GenAm	eːvri klɒʊd hæz ə sɪlvəR laiːnɪŋ	ˈevri klaʊd hæz ə ˈsɪlvəR ˈlaɪnɪŋ	𐑧𐑝𐑮𐑦 𐑒𐑤𐑪𐑫𐑛 𐑣𐑨𐑟 𐑩 𐑕𐑦𐑤𐑝𐑼 𐑤𐑨𐑰𐑯𐑦𐑙	𐑧𐑝𐑮𐑦𐑒𐑤𐑬𐑛𐑣𐑨𐑟𐑩𐑕𐑦𐑤𐑝𐑼𐑤𐑲𐑯𐑦𐑙	divergent
horse chestnut	NN1	RSSB	hɔːRs ˈtʃesnʌt	hɔːRs ˈtʃestnʌt	𐑣𐑹𐑕 𐑗𐑧𐑕𐑯𐑳𐑑	𐑣𐑹𐑕𐑗𐑧𐑕𐑑𐑯𐑳𐑑	divergent
horse chestnut	NN1	GenAm	ˌhɔːRs ˈtʃesnʌt	hɔːRs ˈtʃestnʌt	𐑣𐑹𐑕 𐑗𐑧𐑕𐑯𐑳𐑑	𐑣𐑹𐑕𐑗𐑧𐑕𐑑𐑯𐑳𐑑	divergent
femme fatale	NN1	GenAm	fem fəˈtæl		𐑓𐑧𐑥 𐑓𐑩𐑑𐑨𐑤		unknown
femme fatale	NN1	RSSB	fem fəˈtɑːl		𐑓𐑧𐑥 𐑓𐑩𐑑𐑭𐑤		unknown
lunar calendar	NN1	RSSB	ljuːnəkæləndəR	ˈluːnəR ˈkælɪndəR	𐑤𐑿𐑯𐑩𐑒𐑨𐑤𐑩𐑯𐑛𐑼	𐑤𐑵𐑯𐑼𐑒𐑨𐑤𐑦𐑯𐑛𐑼	divergent
lunar calendar	NN1	GenAm	ˈlunəRˈkæləndəR	ˈluːnəR ˈkælɪndəR	𐑤𐑫𐑯𐑼𐑒𐑨𐑤𐑩𐑯𐑛𐑼	𐑤𐑵𐑯𐑼𐑒𐑨𐑤𐑦𐑯𐑛𐑼	divergent
the Rock	NP0	GenAm	ðə ˈrɒk	Ð rɒk	𐑞𐑩 𐑮𐑪𐑒	𐑞𐑮𐑪𐑒	divergent
the Rock	NP0	RSSB	ðə ˈrɒk	Ð rɒk	𐑞𐑩 𐑮𐑪𐑒	𐑞𐑮𐑪𐑒	divergent
spitting image	NN1	RSSB	ˈspɪtɪŋ ˈɪmɪdʒ	ˈspɪtɪŋ ˈɪmɪdʒ	𐑕𐑐𐑦𐑑𐑦𐑙 𐑦𐑥𐑦𐑡	𐑕𐑐𐑦𐑑𐑦𐑙𐑦𐑥𐑦𐑡	matches
n'est-ce pas	UNC	RSSB	nesˈpa		𐑯𐑧𐑕𐑐𐑨		unknown
n'est-ce pas	UNC	RSSB	nesˈpɑː		𐑯𐑧𐑕𐑐𐑭		unknown
loss leader	NN1	RSSB	ˈlɒs liːdər	lɒs ˈliːdəR	𐑤𐑪𐑕 𐑤𐑰𐑛𐑼	𐑤𐑪𐑕𐑤𐑰𐑛𐑼	matches
loss leader	NN1	GenAm	ˈlɒs ˈlidəR	lɒs ˈliːdəR	𐑤𐑪𐑕 𐑤𐑦𐑛𐑼	𐑤𐑪𐑕𐑤𐑰𐑛𐑼	divergent
more or less	AV0	GenAm	mɔːR ɔːR les	mɔːR ɔːR les	𐑥𐑹 𐑹 𐑤𐑧𐑕	𐑥𐑹𐑹𐑤𐑧𐑕	matches
je ne sais quoi	NN1	RSSB	ˌʒə nə seɪ ˈkwɑː		𐑠𐑩 𐑯𐑩 𐑕𐑱 𐑒𐑢𐑭		unknown
je ne sais quoi	NN1	GenAm	ˌʒə nə seɪ ˈkwɒ		𐑠𐑩 𐑯𐑩 𐑕𐑱 𐑒𐑢𐑪		unknown
c'est la vie	UNC	RSSB	ˌseɪlæˈviː		𐑕𐑱𐑤𐑨𐑝𐑰		unknown
c'est la vie	UNC	RSSB	ˌselæˈviː		𐑕𐑧𐑤𐑨𐑝𐑰		unknown
c'est la vie	UNC	GenAm	ˌseɪlɒˈvi		𐑕𐑱𐑤𐑪𐑝𐑦		unknown
end of	ITJ	RSSB	ˌend ˈɒv	end V	𐑧𐑯𐑛 𐑪𐑝	𐑧𐑯𐑛𐑝	divergent
dire wolf	NN1	GenAm	ˈdaɪəR wʊlf	ˈdaɪəR wʊlf	𐑛𐑲𐑼 𐑢𐑫𐑤𐑓	𐑛𐑲𐑼𐑢𐑫𐑤𐑓	matches
dire wolf	NN1	RSSB	daɪəR wʊlf	ˈdaɪəR wʊlf	𐑛𐑲𐑼 𐑢𐑫𐑤𐑓	𐑛𐑲𐑼𐑢𐑫𐑤𐑓	matches
get down to brass tacks	VVI	RSSB	ɡet ˈdaʊn tə brɑːs ˈtæks	ɡet daʊn T brⱭːs tæks	𐑜𐑧𐑑 𐑛𐑬𐑯 𐑑𐑩 𐑚𐑮𐑭𐑕 𐑑𐑨𐑒𐑕	𐑜𐑧𐑑𐑛𐑬𐑯𐑑𐑚𐑮𐑭𐑕𐑑𐑨𐑒𐑕	divergent
get down to brass tacks	VVI	GenAm	ɡet ˈdaʊn tə bræs ˈtæks	ɡet daʊn T brⱭːs tæks	𐑜𐑧𐑑 𐑛𐑬𐑯 𐑑𐑩 𐑚𐑮𐑨𐑕 𐑑𐑨𐑒𐑕	𐑜𐑧𐑑𐑛𐑬𐑯𐑑𐑚𐑮𐑭𐑕𐑑𐑨𐑒𐑕	divergent
good riddance	ITJ	RSSB	ˌɡʊd rɪdənts	ɡʊd ˈrɪdəns	𐑜𐑫𐑛 𐑮𐑦𐑛𐑩𐑯𐑑𐑕	𐑜𐑫𐑛𐑮𐑦𐑛𐑩𐑯𐑕	divergent
good riddance	ITJ	GenAm	ˌɡʊd ˈrɪdənts	ɡʊd ˈrɪdəns	𐑜𐑫𐑛 𐑮𐑦𐑛𐑩𐑯𐑑𐑕	𐑜𐑫𐑛𐑮𐑦𐑛𐑩𐑯𐑕	divergent
good riddance	NN1	RSSB	ˌɡʊd rɪdənts	ɡʊd ˈrɪdəns	𐑜𐑫𐑛 𐑮𐑦𐑛𐑩𐑯𐑑𐑕	𐑜𐑫𐑛𐑮𐑦𐑛𐑩𐑯𐑕	divergent
good riddance	NN1	GenAm	ˌɡʊd ˈrɪdənts	ɡʊd ˈrɪdəns	𐑜𐑫𐑛 𐑮𐑦𐑛𐑩𐑯𐑑𐑕	𐑜𐑫𐑛𐑮𐑦𐑛𐑩𐑯𐑕	divergent
I'll be a monkey's uncle	UNC	RSSB	ˈaɪl biː ə ˈmʌŋkiz ˌʌŋkəl		𐑲𐑤 𐑚𐑰 𐑩 𐑥𐑳𐑙𐑒𐑦𐑟 𐑳𐑙𐑒𐑩𐑤		unknown
I'll be a monkey's uncle	UNC	GenAm	ˈɑːl bi ə ˈmʌŋkiz ˌʌŋkəl		𐑭𐑤 𐑚𐑦 𐑩 𐑥𐑳𐑙𐑒𐑦𐑟 𐑳𐑙𐑒𐑩𐑤		unknown
l'esprit de l'escalier	NN1	RSSB	leˌspriː də lesˈkaljeɪ		𐑤𐑧𐑕𐑐𐑮𐑰 𐑛𐑩 𐑤𐑧𐑕𐑒𐑨𐑤𐑘𐑱		unknown
l'esprit de l'escalier	NN1	GenAm	leˌspri də ˌleskəlˈjeɪ		𐑤𐑧𐑕𐑐𐑮𐑦 𐑛𐑩 𐑤𐑧𐑕𐑒𐑩𐑤𐑘𐑱		unknown
l'esprit de l'escalier	NN1	GenAm	leˌspri də ˈleskɒljeɪ		𐑤𐑧𐑕𐑐𐑮𐑦 𐑛𐑩 𐑤𐑧𐑕𐑒𐑪𐑤𐑘𐑱		unknown
square meal	NN1	RSSB	skweəR ˈmiːl	skweəR miːl	𐑕𐑒𐑢𐑺 𐑥𐑰𐑤	𐑕𐑒𐑢𐑺𐑥𐑰𐑤	matches
square meal	NN1	GenAm	skweəR ˈmil	skweəR miːl	𐑕𐑒𐑢𐑺 𐑥𐑦𐑤	𐑕𐑒𐑢𐑺𐑥𐑰𐑤	divergent
uno flatu	AV0	RSSB	ˈuːnəʊ ˈflɑːtuː		𐑵𐑯𐑴 𐑓𐑤𐑭𐑑𐑵		unknown
ta ta for now	ITJ	RSSB	tətɑː fəR naʊ	tɑː tɑː F naʊ	𐑑𐑩𐑑𐑭 𐑓𐑼 𐑯𐑬	𐑑𐑭𐑑𐑭𐑓𐑯𐑬	divergent
fair suck of the sauce bottle	NN1	RSSB	feəR ˈsʌk əv ðə ˈsɔːs ˈbɒtəl	feəR sʌk V Ð sɔːs ˈbɒtəl	𐑓𐑺 𐑕𐑳𐑒 𐑩𐑝 𐑞𐑩 𐑕𐑷𐑕 𐑚𐑪𐑑𐑩𐑤	𐑓𐑺𐑕𐑳𐑒𐑝𐑞𐑕𐑷𐑕𐑚𐑪𐑑𐑩𐑤	divergent
fair suck of the sauce bottle	NN1	GenAm	ˌfeəR ˈsʌk əv ðə ˈsɒs ˈbɒtəl	feəR sʌk V Ð sɔːs ˈbɒtəl	𐑓𐑺 𐑕𐑳𐑒 𐑩𐑝 𐑞𐑩 𐑕𐑪𐑕 𐑚𐑪𐑑𐑩𐑤	𐑓𐑺𐑕𐑳𐑒𐑝𐑞𐑕𐑷𐑕𐑚𐑪𐑑𐑩𐑤	divergent
fair suck of the sauce bottle	ITJ	RSSB	feəR ˈsʌk əv ðə ˈsɔːs ˈbɒtəl	feəR sʌk V Ð sɔːs ˈbɒtəl	𐑓𐑺 𐑕𐑳𐑒 𐑩𐑝 𐑞𐑩 𐑕𐑷𐑕 𐑚𐑪𐑑𐑩𐑤	𐑓𐑺𐑕𐑳𐑒𐑝𐑞𐑕𐑷𐑕𐑚𐑪𐑑𐑩𐑤	divergent
fair suck of the sauce bottle	ITJ	GenAm	ˌfeəR ˈsʌk əv ðə ˈsɒs ˈbɒtəl	feəR sʌk V Ð sɔːs ˈbɒtəl	𐑓𐑺 𐑕𐑳𐑒 𐑩𐑝 𐑞𐑩 𐑕𐑪𐑕 𐑚𐑪𐑑𐑩𐑤	𐑓𐑺𐑕𐑳𐑒𐑝𐑞𐑕𐑷𐑕𐑚𐑪𐑑𐑩𐑤	divergent
Homer nods	UNC	RSSB	həʊməR ˈnɒdz		𐑣𐑴𐑥𐑼 𐑯𐑪𐑛𐑟		unknown
Homer nods	UNC	GenAm	ˈhoʊmər ˈnɒdz	ˈhoʊməR nɒdz	𐑣𐑴𐑥𐑼 𐑯𐑪𐑛𐑟	𐑣𐑴𐑥𐑼𐑯𐑪𐑛𐑟	matches
big picture	NN1	GenAm	bɪɡ ˈpɪktʃəR	bɪɡ ˈpɪktʃəR	𐑚𐑦𐑜 𐑐𐑦𐑒𐑗𐑼	𐑚𐑦𐑜𐑐𐑦𐑒𐑗𐑼	matches
mill race	NN1	RSSB	ˈmɪlreɪs	mɪl reɪs	𐑥𐑦𐑤𐑮𐑱𐑕	𐑥𐑦𐑤𐑮𐑱𐑕	matches
horses for courses	UNC	RSSB	hɔːrsɪz fəR kɔːRsƏz	ˈhɔːRsƏz F ˈkɔːRsƏz	𐑣𐑹𐑕𐑦𐑟 𐑓𐑼 𐑒𐑹𐑕𐑩𐑟	𐑣𐑹𐑕𐑩𐑟𐑓𐑒𐑹𐑕𐑩𐑟	divergent
horses for courses	UNC	GenAm	ˈhɔːRsəz fəR ˈkɔːRsəz	ˈhɔːRsƏz F ˈkɔːRsƏz	𐑣𐑹𐑕𐑩𐑟 𐑓𐑼 𐑒𐑹𐑕𐑩𐑟	𐑣𐑹𐑕𐑩𐑟𐑓𐑒𐑹𐑕𐑩𐑟	divergent
forbidden fruit is the sweetest	UNC	RSSB	fəRbɪdən fruːt ɪz ðə ˈswiːtəst	fəRˈbɪdən fruːt ɪz Ð ˈswiːtəst	𐑓𐑼𐑚𐑦𐑛𐑩𐑯 𐑓𐑮𐑵𐑑 𐑦𐑟 𐑞𐑩 𐑕𐑢𐑰𐑑𐑩𐑕𐑑	𐑓𐑼𐑚𐑦𐑛𐑩𐑯𐑓𐑮𐑵𐑑𐑦𐑟𐑞𐑕𐑢𐑰𐑑𐑩𐑕𐑑	divergent
forbidden fruit is the sweetest	UNC	GenAm	fəRˈbɪdən frut ɪz ðə ˈswiːtəst	fəRˈbɪdən fruːt ɪz Ð ˈswiːtəst	𐑓𐑼𐑚𐑦𐑛𐑩𐑯 𐑓𐑮𐑫𐑑 𐑦𐑟 𐑞𐑩 𐑕𐑢𐑰𐑑𐑩𐑕𐑑	𐑓𐑼𐑚𐑦𐑛𐑩𐑯𐑓𐑮𐑵𐑑𐑦𐑟𐑞𐑕𐑢𐑰𐑑𐑩𐑕𐑑	divergent
bread and butter	NN1	GenAm	ˈbred ən ˌbʌtəR	bred N ˈbʌtəR	𐑚𐑮𐑧𐑛 𐑩𐑯 𐑚𐑳𐑑𐑼	𐑚𐑮𐑧𐑛𐑯𐑚𐑳𐑑𐑼	divergent
bread and butter	ITJ	GenAm	ˈbred ən ˌbʌtəR	bred N ˈbʌtəR	𐑚𐑮𐑧𐑛 𐑩𐑯 𐑚𐑳𐑑𐑼	𐑚𐑮𐑧𐑛𐑯𐑚𐑳𐑑𐑼	divergent
feme covert	NN1	RSSB	femkʌvəRt		𐑓𐑧𐑥𐑒𐑳𐑝𐑼𐑑		unknown
feme sole	NN1	RSSB	ˈfemsəʊl		𐑓𐑧𐑥𐑕𐑴𐑤		unknown
Daisy Dukes	NN1	RSSB	deɪzi ˈduːks	ˈdeɪzi djuːks	𐑛𐑱𐑟𐑦 𐑛𐑵𐑒𐑕	𐑛𐑱𐑟𐑦𐑛𐑿𐑒𐑕	divergent
absorption line	NN1	GenAm	æbˈsɔːRpʃən laɪn	əbˈsɔːRpʃən laɪn	𐑨𐑚𐑕𐑹𐑐𐑖𐑩𐑯 𐑤𐑲𐑯	𐑩𐑚𐑕𐑹𐑐𐑖𐑩𐑯𐑤𐑲𐑯	matches
absorption line	NN1	GenAm	æbˈzɔːRpʃən laɪn	əbˈsɔːRpʃən laɪn	𐑨𐑚𐑟𐑹𐑐𐑖𐑩𐑯 𐑤𐑲𐑯	𐑩𐑚𐑕𐑹𐑐𐑖𐑩𐑯𐑤𐑲𐑯	divergent
absorption line	NN1	GenAm	əbˈzɔːRpʃən laɪn	əbˈsɔːRpʃən laɪn	𐑩𐑚𐑟𐑹𐑐𐑖𐑩𐑯 𐑤𐑲𐑯	𐑩𐑚𐑕𐑹𐑐𐑖𐑩𐑯𐑤𐑲𐑯	divergent
absorption line	NN1	GenAm	əbˈsɔːRpʃən laɪn	əbˈsɔːRpʃən laɪn	𐑩𐑚𐑕𐑹𐑐𐑖𐑩𐑯 𐑤𐑲𐑯	𐑩𐑚𐑕𐑹𐑐𐑖𐑩𐑯𐑤𐑲𐑯	matches
noblesse oblige	NN1	RSSB	nəʊˌbles ɒˈbliːʒ	nəʊˈbles əˈblaɪdʒ	𐑯𐑴𐑚𐑤𐑧𐑕 𐑪𐑚𐑤𐑰𐑠	𐑯𐑴𐑚𐑤𐑧𐑕𐑩𐑚𐑤𐑲𐑡	divergent
noblesse oblige	NN1	GenAm	noʊˌbles əˈbliʒ	nəʊˈbles əˈblaɪdʒ	𐑯𐑴𐑚𐑤𐑧𐑕 𐑩𐑚𐑤𐑦𐑠	𐑯𐑴𐑚𐑤𐑧𐑕𐑩𐑚𐑤𐑲𐑡	divergent
menstrual cup	NN1	GenAm	ˈmenstruəl kʌp	ˈmenstruəl kʌp	𐑥𐑧𐑯𐑕𐑑𐑮𐑫𐑩𐑤 𐑒𐑳𐑐	𐑥𐑧𐑯𐑕𐑑𐑮𐑫𐑩𐑤𐑒𐑳𐑐	matches
could care less	VVI	RSSB	kəd keəR ˈles	kʊd keəR les	𐑒𐑩𐑛 𐑒𐑺 𐑤𐑧𐑕	𐑒𐑫𐑛𐑒𐑺𐑤𐑧𐑕	matches
could care less	VVI	GenAm	kəd keər ˈles	kʊd keəR les	𐑒𐑩𐑛 𐑒𐑺 𐑤𐑧𐑕	𐑒𐑫𐑛𐑒𐑺𐑤𐑧𐑕	matches
camel case	NN1	RSSB	ˈkæməl keɪs	ˈkæməl keɪs	𐑒𐑨𐑥𐑩𐑤 𐑒𐑱𐑕	𐑒𐑨𐑥𐑩𐑤𐑒𐑱𐑕	matches
camel case	NN1	GenAm	ˈkæməl ˌkeɪs	ˈkæməl keɪs	𐑒𐑨𐑥𐑩𐑤 𐑒𐑱𐑕	𐑒𐑨𐑥𐑩𐑤𐑒𐑱𐑕	matches
orotic acid	NN1	RSSB	ɒˌrɒtɪk ˈasƏd		𐑪𐑮𐑪𐑑𐑦𐑒 𐑨𐑕𐑩𐑛		unknown
orotic acid	NN1	GenAm	əˌrɒtɪk ˈæsƏd		𐑼𐑪𐑑𐑦𐑒 𐑨𐑕𐑩𐑛		unknown
bump into	VVI	RSSB	ˌbʌmˈpɪntuː	bʌmp ˈɪntuː	𐑚𐑳𐑥𐑐𐑦𐑯𐑑𐑵	𐑚𐑳𐑥𐑐𐑦𐑯𐑑𐑵	matches
bump into	VVI	GenAm	ˌbʌmˈpɪntu	bʌmp ˈɪntuː	𐑚𐑳𐑥𐑐𐑦𐑯𐑑𐑫	𐑚𐑳𐑥𐑐𐑦𐑯𐑑𐑵	divergent
hapax legomena	NN1	RSSB	ˈhæpˌæks ləˈɡɒmɪnə		𐑣𐑨𐑐𐑨𐑒𐑕 𐑤𐑩𐑜𐑪𐑥𐑦𐑯𐑩		unknown
hapax legomena	NN1	GenAm	ˈhæpˌæks ləˈɡɒmɪnə		𐑣𐑨𐑐𐑨𐑒𐑕 𐑤𐑩𐑜𐑪𐑥𐑦𐑯𐑩		unknown
four hundred	CRD	RSSB	fɔːR hʌndrəd	fɔːR ˈhʌndrəd	𐑓𐑹 𐑣𐑳𐑯𐑛𐑮𐑩𐑛	𐑓𐑹𐑣𐑳𐑯𐑛𐑮𐑩𐑛	matches
four hundred	CRD	RSSB	fɔːR ˈhʌndrƏd	fɔːR ˈhʌndrəd	𐑓𐑹 𐑣𐑳𐑯𐑛𐑮𐑩𐑛	𐑓𐑹𐑣𐑳𐑯𐑛𐑮𐑩𐑛	matches
four hundred	CRD	GenAm	ˈfɔːr ˈhʌndrƏd	fɔːR ˈhʌndrəd	𐑓𐑹 𐑣𐑳𐑯𐑛𐑮𐑩𐑛	𐑓𐑹𐑣𐑳𐑯𐑛𐑮𐑩𐑛	matches
four hundred	CRD	GenAm	ˈfoʊr ˈhʌndrəd	fɔːR ˈhʌndrəd	𐑓𐑴𐑮 𐑣𐑳𐑯𐑛𐑮𐑩𐑛	𐑓𐑹𐑣𐑳𐑯𐑛𐑮𐑩𐑛	divergent
no diggity	UNC	GenAm	ˈnoʊ ˈdɪɡɪti		𐑯𐑴 𐑛𐑦𐑜𐑦𐑑𐑦		unknown
Grand Prix	NN1	GenAm	ɡrændˈpriː		𐑜𐑮𐑨𐑯𐑛𐑐𐑮𐑰		unknown
Grand Prix	NN1	GenAm	ɡrɒn ˈpriː		𐑜𐑮𐑪𐑯 𐑐𐑮𐑰		unknown
brute force	NN1	RSSB	bruːt fɔːRs	bruːt fɔːRs	𐑚𐑮𐑵𐑑 𐑓𐑹𐑕	𐑚𐑮𐑵𐑑𐑓𐑹𐑕	matches
brute force	NN1	GenAm	brut ˈfɔːRs	bruːt fɔːRs	𐑚𐑮𐑫𐑑 𐑓𐑹𐑕	𐑚𐑮𐑵𐑑𐑓𐑹𐑕	divergent
brute force	VVI	RSSB	bruːt fɔːRs	bruːt fɔːRs	𐑚𐑮𐑵𐑑 𐑓𐑹𐑕	𐑚𐑮𐑵𐑑𐑓𐑹𐑕	matches
brute force	VVI	GenAm	brut ˈfɔːRs	bruːt fɔːRs	𐑚𐑮𐑫𐑑 𐑓𐑹𐑕	𐑚𐑮𐑵𐑑𐑓𐑹𐑕	divergent
Ben Nevis	NP0	RSSB	ˌben ˈnevɪs		𐑚𐑧𐑯 𐑯𐑧𐑝𐑦𐑕		unknown
carbon tetrabromide	NN1	RSSB	kɑːrbən tetrəbrəʊmaɪd		𐑒𐑸𐑚𐑩𐑯 𐑑𐑧𐑑𐑮𐑩𐑚𐑮𐑴𐑥𐑲𐑛		unknown
carbon tetrafluoride	NN1	RSSB	kɑːrbən tetrəflʊraɪd		𐑒𐑸𐑚𐑩𐑯 𐑑𐑧𐑑𐑮𐑩𐑓𐑤𐑫𐑮𐑲𐑛		unknown
carbon tetraiodide	NN1	RSSB	kærbən tetrəaɪəʊdaɪd		𐑒𐑨𐑮𐑚𐑩𐑯 𐑑𐑧𐑑𐑮𐑩𐑲𐑴𐑛𐑲𐑛		unknown
sweet potato	NN1	RSSB	ˈswiːt pəˈteɪtəʊ	swiːt pəˈteɪtəʊ	𐑕𐑢𐑰𐑑 𐑐𐑩𐑑𐑱𐑑𐑴	𐑕𐑢𐑰𐑑𐑐𐑩𐑑𐑱𐑑𐑴	matches
sweet potato	NN1	GenAm	ˈswit pəˈteɪtoʊ	swiːt pəˈteɪtəʊ	𐑕𐑢𐑦𐑑 𐑐𐑩𐑑𐑱𐑑𐑴	𐑕𐑢𐑰𐑑𐑐𐑩𐑑𐑱𐑑𐑴	divergent
no thank you	ITJ	RSSB	ˌnəʊ ˈθæŋk ˌju	nəʊ θæŋk juː	𐑯𐑴 𐑔𐑨𐑙𐑒 𐑘𐑫	𐑯𐑴𐑔𐑨𐑙𐑒𐑿	divergent
no thank you	ITJ	GenAm	ˌnoʊ ˈθæŋk ˌju	nəʊ θæŋk juː	𐑯𐑴 𐑔𐑨𐑙𐑒 𐑘𐑫	𐑯𐑴𐑔𐑨𐑙𐑒𐑿	divergent
actions speak louder than words	UNC	RSSB	ˈakʃənz spiːk laʊdəR ˌðan wɜːRdz	ˈækʃənz spiːk ˈlaʊdəR ðæn wɜːRdz	𐑨𐑒𐑖𐑩𐑯𐑟 𐑕𐑐𐑰𐑒 𐑤𐑬𐑛𐑼 𐑞𐑨𐑯 𐑢𐑻𐑛𐑟	𐑨𐑒𐑖𐑩𐑯𐑟𐑕𐑐𐑰𐑒𐑤𐑬𐑛𐑼𐑞𐑨𐑯𐑢𐑻𐑛𐑟	matches
actions speak louder than words	UNC	RSSB	ˈækʃənz spiːk laʊdəR ˌðæn wɜːRdz	ˈækʃənz spiːk ˈlaʊdəR ðæn wɜːRdz	𐑨𐑒𐑖𐑩𐑯𐑟 𐑕𐑐𐑰𐑒 𐑤𐑬𐑛𐑼 𐑞𐑨𐑯 𐑢𐑻𐑛𐑟	𐑨𐑒𐑖𐑩𐑯𐑟𐑕𐑐𐑰𐑒𐑤𐑬𐑛𐑼𐑞𐑨𐑯𐑢𐑻𐑛𐑟	matches
actions speak louder than words	UNC	GenAm	ˈækʃənz spik ˈlaʊdər ˌðæn wɜːRdz	ˈækʃənz spiːk ˈlaʊdəR ðæn wɜːRdz	𐑨𐑒𐑖𐑩𐑯𐑟 𐑕𐑐𐑦𐑒 𐑤𐑬𐑛𐑼 𐑞𐑨𐑯 𐑢𐑻𐑛𐑟	𐑨𐑒𐑖𐑩𐑯𐑟𐑕𐑐𐑰𐑒𐑤𐑬𐑛𐑼𐑞𐑨𐑯𐑢𐑻𐑛𐑟	divergent
beauty is in the eye of the beholder	UNC	RSSB	ˈbjuːti ɪz ɪn ðiː aɪ əv ðiː bɪhəʊldəR	ˈbjuːti ɪz ɪn Ð aɪ V Ð bɪˈhəʊldəR	𐑚𐑿𐑑𐑦 𐑦𐑟 𐑦𐑯 𐑞𐑰 𐑲 𐑩𐑝 𐑞𐑰 𐑚𐑦𐑣𐑴𐑤𐑛𐑼	𐑚𐑿𐑑𐑦𐑦𐑟𐑦𐑯𐑞𐑲𐑝𐑞𐑚𐑦𐑣𐑴𐑤𐑛𐑼	divergent
barbituric acid	NN1	RSSB	bɑːRbɪtjəərɪk ˈasƏd		𐑚𐑸𐑚𐑦𐑑𐑘𐑩𐑼𐑦𐑒 𐑨𐑕𐑩𐑛		unknown
barbituric acid	NN1	RSSB	bɑːRbɪtʃʊərɪk ˈasƏd		𐑚𐑸𐑚𐑦𐑗𐑫𐑼𐑦𐑒 𐑨𐑕𐑩𐑛		unknown
barbituric acid	NN1	GenAm	ˌbɑːRbɪˌtjərɪk ˈæsƏd		𐑚𐑸𐑚𐑦𐑑𐑘𐑼𐑦𐑒 𐑨𐑕𐑩𐑛		unknown
tag team	NN1	RSSB	ˈtæɡ tiːm	tæɡ tiːm	𐑑𐑨𐑜 𐑑𐑰𐑥	𐑑𐑨𐑜𐑑𐑰𐑥	matches
tag team	NN1	GenAm	ˈtæɡ ˌtim	tæɡ tiːm	𐑑𐑨𐑜 𐑑𐑦𐑥	𐑑𐑨𐑜𐑑𐑰𐑥	divergent
tag team	VVI	RSSB	ˈtæɡ tiːm	tæɡ tiːm	𐑑𐑨𐑜 𐑑𐑰𐑥	𐑑𐑨𐑜𐑑𐑰𐑥	matches
tag team	VVI	GenAm	ˈtæɡ ˌtim	tæɡ tiːm	𐑑𐑨𐑜 𐑑𐑦𐑥	𐑑𐑨𐑜𐑑𐑰𐑥	divergent
Long Island	NP0	GenAm	ˌlɒŋ ˈaɪlənd	lɒŋ ˈaɪlənd	𐑤𐑪𐑙 𐑲𐑤𐑩𐑯𐑛	𐑤𐑪𐑙𐑲𐑤𐑩𐑯𐑛	matches
Long Island	NP0	RSSB	ˌlɒŋ ˈaɪlənd	lɒŋ ˈaɪlənd	𐑤𐑪𐑙 𐑲𐑤𐑩𐑯𐑛	𐑤𐑪𐑙𐑲𐑤𐑩𐑯𐑛	matches
Long Island	NN1	GenAm	ˌlɒŋ ˈaɪlənd	lɒŋ ˈaɪlənd	𐑤𐑪𐑙 𐑲𐑤𐑩𐑯𐑛	𐑤𐑪𐑙𐑲𐑤𐑩𐑯𐑛	matches
Long Island	NN1	RSSB	ˌlɒŋ ˈaɪlənd	lɒŋ ˈaɪlənd	𐑤𐑪𐑙 𐑲𐑤𐑩𐑯𐑛	𐑤𐑪𐑙𐑲𐑤𐑩𐑯𐑛	matches
trap-bath split	NN1	RSSB	træp bɑːθ splɪt		𐑑𐑮𐑨𐑐 𐑚𐑭𐑔 𐑕𐑐𐑤𐑦𐑑		unknown
trap-bath split	NN1	GenAm	ˈtræp ˈbɒθ ˌsplɪt		𐑑𐑮𐑨𐑐 𐑚𐑪𐑔 𐑕𐑐𐑤𐑦𐑑		unknown
an apple a day keeps the doctor away	UNC	RSSB	ənæpələ deɪ kiːps ðəR dɒktərəweɪ	ən ˈæpəl ə deɪ kiːps Ð ˈdɒktəR əˈweɪ	𐑩𐑯𐑨𐑐𐑩𐑤𐑩 𐑛𐑱 𐑒𐑰𐑐𐑕 𐑞𐑼 𐑛𐑪𐑒𐑑𐑼𐑩𐑢𐑱	𐑩𐑯𐑨𐑐𐑩𐑤𐑩𐑛𐑱𐑒𐑰𐑐𐑕𐑞𐑛𐑪𐑒𐑑𐑼𐑩𐑢𐑱	divergent
an apple a day keeps the doctor away	UNC	GenAm	əˈnæpələ ˈdeɪ ˈkips ðə ˈdɒktəR əˈweɪ	ən ˈæpəl ə deɪ kiːps Ð ˈdɒktəR əˈweɪ	𐑩𐑯𐑨𐑐𐑩𐑤𐑩 𐑛𐑱 𐑒𐑦𐑐𐑕 𐑞𐑩 𐑛𐑪𐑒𐑑𐑼 𐑩𐑢𐑱	𐑩𐑯𐑨𐑐𐑩𐑤𐑩𐑛𐑱𐑒𐑰𐑐𐑕𐑞𐑛𐑪𐑒𐑑𐑼𐑩𐑢𐑱	divergent
absolute altimeter	NN1	GenAm	ˈæbsəˌlut	ˈæbsəluːt ˈæltɪmɪtəR	𐑨𐑚𐑕𐑩𐑤𐑫𐑑	𐑨𐑚𐑕𐑩𐑤𐑵𐑑𐑨𐑤𐑑𐑦𐑥𐑦𐑑𐑼	divergent
absolute altimeter	NN1	GenAm	ˌæbsəˈljut	ˈæbsəluːt ˈæltɪmɪtəR	𐑨𐑚𐑕𐑩𐑤𐑘𐑫𐑑	𐑨𐑚𐑕𐑩𐑤𐑵𐑑𐑨𐑤𐑑𐑦𐑥𐑦𐑑𐑼	divergent
absolute altimeter	NN1	GenAm	ælˈtɪmɪtəR	ˈæbsəluːt ˈæltɪmɪtəR	𐑨𐑤𐑑𐑦𐑥𐑦𐑑𐑼	𐑨𐑚𐑕𐑩𐑤𐑵𐑑𐑨𐑤𐑑𐑦𐑥𐑦𐑑𐑼	divergent
absolute altimeter	NN1	GenAm	ˈæltəˌmitəR	ˈæbsəluːt ˈæltɪmɪtəR	𐑨𐑤𐑑𐑩𐑥𐑦𐑑𐑼	𐑨𐑚𐑕𐑩𐑤𐑵𐑑𐑨𐑤𐑑𐑦𐑥𐑦𐑑𐑼	divergent
cock tease	NN1	RSSB	ˈkɒkˌtiːz	kɒk tiːz	𐑒𐑪𐑒𐑑𐑰𐑟	𐑒𐑪𐑒𐑑𐑰𐑟	matches
cock tease	NN1	GenAm	ˈkɒkˌtiːz	kɒk tiːz	𐑒𐑪𐑒𐑑𐑰𐑟	𐑒𐑪𐑒𐑑𐑰𐑟	matches
computer literacy	NN1	RSSB	kəmpjuːtəR lɪtərəsi	kəmˈpjuːtəR ˈlɪtərəsi	𐑒𐑩𐑥𐑐𐑿𐑑𐑼 𐑤𐑦𐑑𐑼𐑩𐑕𐑦	𐑒𐑩𐑥𐑐𐑿𐑑𐑼𐑤𐑦𐑑𐑼𐑩𐑕𐑦	matches
computer literacy	NN1	GenAm	kəmˌpjutər ˈlɪtərəsi	kəmˈpjuːtəR ˈlɪtərəsi	𐑒𐑩𐑥𐑐𐑘𐑫𐑑𐑼 𐑤𐑦𐑑𐑼𐑩𐑕𐑦	𐑒𐑩𐑥𐑐𐑿𐑑𐑼𐑤𐑦𐑑𐑼𐑩𐑕𐑦	divergent
ancien régime	NN1	RSSB	ɑːsiæ ʁeʒim		𐑭𐑕𐑦𐑨 ʁ𐑧𐑠𐑦𐑥		unknown
ancien régime	NN1	GenAm	ɒnsjen reɪˈʒim		𐑪𐑯𐑕𐑘𐑧𐑯 𐑮𐑱𐑠𐑦𐑥		unknown
hors d'oeuvre	NN1	RSSB	ɔːRdɜːRv		𐑹𐑛𐑻𐑝		unknown
hors d'oeuvre	NN1	GenAm	ˌɔːRˈdɜːRv		𐑹𐑛𐑻𐑝		unknown
pillow fight	NN1	RSSB	ˈpɪləʊ ˌfaɪt	ˈpɪləʊ faɪt	𐑐𐑦𐑤𐑴 𐑓𐑲𐑑	𐑐𐑦𐑤𐑴𐑓𐑲𐑑	matches
pillow fight	NN1	GenAm	ˈpɪloʊ ˌfaɪt	ˈpɪləʊ faɪt	𐑐𐑦𐑤𐑴 𐑓𐑲𐑑	𐑐𐑦𐑤𐑴𐑓𐑲𐑑	matches
pillow fight	VVI	RSSB	ˈpɪləʊ ˌfaɪt	ˈpɪləʊ faɪt	𐑐𐑦𐑤𐑴 𐑓𐑲𐑑	𐑐𐑦𐑤𐑴𐑓𐑲𐑑	matches
pillow fight	VVI	GenAm	ˈpɪloʊ ˌfaɪt	ˈpɪləʊ faɪt	𐑐𐑦𐑤𐑴 𐑓𐑲𐑑	𐑐𐑦𐑤𐑴𐑓𐑲𐑑	matches
medulla oblongata	NN1	GenAm	məˈdulə ˌɒblɒŋˈɡɒtə	məˈdulə ˌɒblɒŋˈɡɒtə	𐑥𐑩𐑛𐑫𐑤𐑩 𐑪𐑚𐑤𐑪𐑙𐑜𐑪𐑑𐑩	𐑥𐑩𐑛𐑫𐑤𐑩𐑪𐑚𐑤𐑪𐑙𐑜𐑪𐑑𐑩	matches
lie doggo	VVI	RSSB	laɪ ˈdɒɡəʊ	laɪ ˈdɒɡəʊ	𐑤𐑲 𐑛𐑪𐑜𐑴	𐑤𐑲𐑛𐑪𐑜𐑴	matches
lie doggo	VVI	GenAm	laɪ ˈdɒɡoʊ	laɪ ˈdɒɡəʊ	𐑤𐑲 𐑛𐑪𐑜𐑴	𐑤𐑲𐑛𐑪𐑜𐑴	matches
Father's Day	NN1	GenAm	faːðəRz deɪː		𐑓𐑨𐑞𐑼𐑟 𐑛𐑱		unknown
bugger up	VVI	RSSB	bʌɡərʌp	ˈbʌɡəR ʌp	𐑚𐑳𐑜𐑼𐑳𐑐	𐑚𐑳𐑜𐑼𐑳𐑐	matches
bugger up	VVI	GenAm	ˈbʌɡər ʌp	ˈbʌɡəR ʌp	𐑚𐑳𐑜𐑼 𐑳𐑐	𐑚𐑳𐑜𐑼𐑳𐑐	matches
boarding school	NN1	RSSB	bɔːRdɪŋ ˌskuːl	ˈbɔːRdɪŋ skuːl	𐑚𐑹𐑛𐑦𐑙 𐑕𐑒𐑵𐑤	𐑚𐑹𐑛𐑦𐑙𐑕𐑒𐑵𐑤	matches
boarding school	NN1	GenAm	ˈbordɪŋ ˌskul	ˈbɔːRdɪŋ skuːl	𐑚𐑪𐑮𐑛𐑦𐑙 𐑕𐑒𐑫𐑤	𐑚𐑹𐑛𐑦𐑙𐑕𐑒𐑵𐑤	divergent
free market	NN1	GenAm	ˌfri ˈmɑːRkət	friː ˈmɑːRkIt	𐑓𐑮𐑦 𐑥𐑸𐑒𐑩𐑑	𐑓𐑮𐑰𐑥𐑸𐑒𐑩𐑑	divergent
free market	NN1	GenAm	ˈfri ˈmɑːRkət	friː ˈmɑːRkIt	𐑓𐑮𐑦 𐑥𐑸𐑒𐑩𐑑	𐑓𐑮𐑰𐑥𐑸𐑒𐑩𐑑	divergent
free trade	NN1	GenAm	ˌfri ˈtreɪd	friː treɪd	𐑓𐑮𐑦 𐑑𐑮𐑱𐑛	𐑓𐑮𐑰𐑑𐑮𐑱𐑛	divergent
free trade	NN1	GenAm	ˈfri ˈtreɪd	friː treɪd	𐑓𐑮𐑦 𐑑𐑮𐑱𐑛	𐑓𐑮𐑰𐑑𐑮𐑱𐑛	divergent
green sickness	NN1	RSSB	ˈɡriːn ˌsɪknəs	ɡriːn ˈsɪknəs	𐑜𐑮𐑰𐑯 𐑕𐑦𐑒𐑯𐑩𐑕	𐑜𐑮𐑰𐑯𐑕𐑦𐑒𐑯𐑩𐑕	matches
hang gliding	VVI	RSSB	hæŋ ˈɡlɑːɪdɪŋ	hæŋ ˈɡlaɪdɪŋ	𐑣𐑨𐑙 𐑜𐑤𐑭𐑦𐑛𐑦𐑙	𐑣𐑨𐑙𐑜𐑤𐑲𐑛𐑦𐑙	divergent
hang gliding	VVI	GenAm	heɪŋ ˈɡlaɪdɪŋ	hæŋ ˈɡlaɪdɪŋ	𐑣𐑱𐑙 𐑜𐑤𐑲𐑛𐑦𐑙	𐑣𐑨𐑙𐑜𐑤𐑲𐑛𐑦𐑙	divergent
hang gliding	NN1	RSSB	hæŋ ˈɡlɑːɪdɪŋ	hæŋ ˈɡlaɪdɪŋ	𐑣𐑨𐑙 𐑜𐑤𐑭𐑦𐑛𐑦𐑙	𐑣𐑨𐑙𐑜𐑤𐑲𐑛𐑦𐑙	divergent
hang gliding	NN1	GenAm	heɪŋ ˈɡlaɪdɪŋ	hæŋ ˈɡlaɪdɪŋ	𐑣𐑱𐑙 𐑜𐑤𐑲𐑛𐑦𐑙	𐑣𐑨𐑙𐑜𐑤𐑲𐑛𐑦𐑙	divergent
hang glider	NN1	RSSB	hæŋ ɡlaɪdər	hæŋ ˈɡlaɪdəR	𐑣𐑨𐑙 𐑜𐑤𐑲𐑛𐑼	𐑣𐑨𐑙𐑜𐑤𐑲𐑛𐑼	matches
hang glider	NN1	GenAm	heɪŋ ˈɡlaɪdəR	hæŋ ˈɡlaɪdəR	𐑣𐑱𐑙 𐑜𐑤𐑲𐑛𐑼	𐑣𐑨𐑙𐑜𐑤𐑲𐑛𐑼	divergent
holm oak	NN1	RSSB	ˈhəʊm əʊk		𐑣𐑴𐑥 𐑴𐑒		unknown
holm oak	NN1	GenAm	ˈhoʊm oʊk	hoʊm əʊk	𐑣𐑴𐑥 𐑴𐑒	𐑣𐑴𐑥𐑴𐑒	matches
skid row	NN1	RSSB	ˌskɪd ˈrəʊ	skɪd raʊ	𐑕𐑒𐑦𐑛 𐑮𐑴	𐑕𐑒𐑦𐑛𐑮𐑬	divergent
skid row	NN1	GenAm	ˌskɪd ˈroʊ	skɪd raʊ	𐑕𐑒𐑦𐑛 𐑮𐑴	𐑕𐑒𐑦𐑛𐑮𐑬	divergent
par for the course	AJ0	RSSB	pɑːR fəR ðə kɔːRs	pɑːR F Ð kɔːRs	𐑐𐑸 𐑓𐑼 𐑞𐑩 𐑒𐑹𐑕	𐑐𐑸𐑓𐑞𐑒𐑹𐑕	divergent
par for the course	AJ0	GenAm	ˈpɑːR fəR ðə ˈkɔːRs	pɑːR F Ð kɔːRs	𐑐𐑸 𐑓𐑼 𐑞𐑩 𐑒𐑹𐑕	𐑐𐑸𐑓𐑞𐑒𐑹𐑕	divergent
Pole Star	NP0	RSSB	ˈpəʊl stɑːR	pəʊl stɑːR	𐑐𐑴𐑤 𐑕𐑑𐑸	𐑐𐑴𐑤𐑕𐑑𐑸	matches
Pole Star	NP0	GenAm	ˈpoʊl ˌstɑːR	pəʊl stɑːR	𐑐𐑴𐑤 𐑕𐑑𐑸	𐑐𐑴𐑤𐑕𐑑𐑸	matches
you know	ITJ	RSSB	juː nəʊ	juː nəʊ	𐑿 𐑯𐑴	𐑿𐑯𐑴	matches
you know	ITJ	GenAm	ju noʊ	juː nəʊ	𐑘𐑫 𐑯𐑴	𐑿𐑯𐑴	divergent
air mass	NN1	RSSB	ɜːR mas	eəR mæs	𐑻 𐑥𐑨𐑕	𐑺𐑥𐑨𐑕	divergent
air mass	NN1	GenAm	ɜːr mæs	eəR mæs	𐑻 𐑥𐑨𐑕	𐑺𐑥𐑨𐑕	divergent
air mass	NN1	GenAm	eər mæs	eəR mæs	𐑺 𐑥𐑨𐑕	𐑺𐑥𐑨𐑕	matches
red currant	NN1	RSSB	redkʌrənt	red ˈkʌrənt	𐑮𐑧𐑛𐑒𐑳𐑮𐑩𐑯𐑑	𐑮𐑧𐑛𐑒𐑳𐑮𐑩𐑯𐑑	matches
red currant	NN1	GenAm	ˈredˌkʌrənt	red ˈkʌrənt	𐑮𐑧𐑛𐑒𐑳𐑮𐑩𐑯𐑑	𐑮𐑧𐑛𐑒𐑳𐑮𐑩𐑯𐑑	matches
red currant	NN1	GenAm	ˈredˌkɜːRənt	red ˈkʌrənt	𐑮𐑧𐑛𐑒𐑻𐑩𐑯𐑑	𐑮𐑧𐑛𐑒𐑳𐑮𐑩𐑯𐑑	divergent
panna cotta	NN1	RSSB	ˌpanə ˈkɒtə		𐑐𐑨𐑯𐑩 𐑒𐑪𐑑𐑩		unknown
dengue fever	NN1	RSSB	ˈdeŋɡeɪ fiːvəR		𐑛𐑧𐑙𐑜𐑱 𐑓𐑰𐑝𐑼		unknown
dengue fever	NN1	GenAm	ˈdeŋɡeɪ ˈfiːvəR	ˈdeŋɡi ˈfiːvəR	𐑛𐑧𐑙𐑜𐑱 𐑓𐑰𐑝𐑼	𐑛𐑧𐑙𐑜𐑦𐑓𐑰𐑝𐑼	divergent
dengue fever	NN1	GenAm	ˈdeŋɡiː ˈfiːvəR	ˈdeŋɡi ˈfiːvəR	𐑛𐑧𐑙𐑜𐑰 𐑓𐑰𐑝𐑼	𐑛𐑧𐑙𐑜𐑦𐑓𐑰𐑝𐑼	divergent
a rolling stone gathers no moss	UNC	GenAm	ə ˈrolɪŋ stoʊn ˈɡæðərz noʊ mɒs	ə ˈrəʊlɪŋ stəʊn ˈɡæðəRz nəʊ mɒs	𐑩 𐑮𐑪𐑤𐑦𐑙 𐑕𐑑𐑴𐑯 𐑜𐑨𐑞𐑼𐑟 𐑯𐑴 𐑥𐑪𐑕	𐑩𐑮𐑴𐑤𐑦𐑙𐑕𐑑𐑴𐑯𐑜𐑨𐑞𐑼𐑟𐑯𐑴𐑥𐑪𐑕	divergent
pied noir	NN1	RSSB	pjednwɑːR		𐑐𐑘𐑧𐑛𐑯𐑢𐑸		unknown
pied noir	NN1	RSSB	pjeɪnwɑːR		𐑐𐑘𐑱𐑯𐑢𐑸		unknown
Bel Paese	NN1	RSSB	ˌbel pɑːˈeɪzeɪ		𐑚𐑧𐑤 𐑐𐑭𐑱𐑟𐑱		unknown
Bel Paese	NN1	RSSB	ˌbel pɑːˈeɪzɪ		𐑚𐑧𐑤 𐑐𐑭𐑱𐑟𐑦		unknown
Bel Paese	NN1	GenAm	ˌbel pɒˈeɪzi		𐑚𐑧𐑤 𐑐𐑪𐑱𐑟𐑦		unknown
in vino veritas	UNC	RSSB	ˌɪn ˈviːnəʊ verɪtɑːs		𐑦𐑯 𐑝𐑰𐑯𐑴 𐑝𐑧𐑮𐑦𐑑𐑭𐑕		unknown
in vino veritas	UNC	GenAm	ˌɪn ˈvinoʊ ˈverɪtɒs		𐑦𐑯 𐑝𐑦𐑯𐑴 𐑝𐑧𐑮𐑦𐑑𐑪𐑕		unknown
conspiracy theory	NN1	RSSB	kənspɪrəsi θɪəri	kənˈspɪrəsi ˈθɪəri	𐑒𐑩𐑯𐑕𐑐𐑦𐑮𐑩𐑕𐑦 𐑔𐑽𐑦	𐑒𐑩𐑯𐑕𐑐𐑦𐑮𐑩𐑕𐑦𐑔𐑽𐑦	matches
conspiracy theory	NN1	GenAm	kənˈspɪrəsi ˌθiəri	kənˈspɪrəsi ˈθɪəri	𐑒𐑩𐑯𐑕𐑐𐑦𐑮𐑩𐑕𐑦 𐑔𐑽𐑦	𐑒𐑩𐑯𐑕𐑐𐑦𐑮𐑩𐑕𐑦𐑔𐑽𐑦	matches
Fourth of July	NP0	GenAm	ˌfɔːRθəv dʒəˈlaɪ	fɔːRθ V dʒəˈlaɪ	𐑓𐑹𐑔𐑩𐑝 𐑡𐑩𐑤𐑲	𐑓𐑹𐑔𐑝𐑡𐑩𐑤𐑲	divergent
Fourth of July	NP0	RSSB	fɔːRθəv dʒʊlaɪ	fɔːRθ V dʒəˈlaɪ	𐑓𐑹𐑔𐑩𐑝 𐑡𐑫𐑤𐑲	𐑓𐑹𐑔𐑝𐑡𐑩𐑤𐑲	divergent
Fourth of July	NN1	GenAm	ˌfɔːRθəv dʒəˈlaɪ	fɔːRθ V dʒəˈlaɪ	𐑓𐑹𐑔𐑩𐑝 𐑡𐑩𐑤𐑲	𐑓𐑹𐑔𐑝𐑡𐑩𐑤𐑲	divergent
Fourth of July	NN1	RSSB	fɔːRθəv dʒʊlaɪ	fɔːRθ V dʒəˈlaɪ	𐑓𐑹𐑔𐑩𐑝 𐑡𐑫𐑤𐑲	𐑓𐑹𐑔𐑝𐑡𐑩𐑤𐑲	divergent
mumbo jumbo	NN1	RSSB	mʌmbəʊˈdʒʌmbəʊ		𐑥𐑳𐑥𐑚𐑴𐑡𐑳𐑥𐑚𐑴		unknown
mumbo jumbo	NN1	GenAm	ˌmʌmboʊˈdʒʌmboʊ		𐑥𐑳𐑥𐑚𐑴𐑡𐑳𐑥𐑚𐑴		unknown
pasta e fagioli	NN1	RSSB	ˌpastə e faˈdʒəʊlɪ		𐑐𐑨𐑕𐑑𐑩 𐑧 𐑓𐑨𐑡𐑴𐑤𐑦		unknown
pasta e fagioli	NN1	RSSB	ˌpastə faˈdʒəʊlɪ		𐑐𐑨𐑕𐑑𐑩 𐑓𐑨𐑡𐑴𐑤𐑦		unknown
sofa king	AV0	RSSB	ˈsəʊfə kɪŋ	ˈsəʊfə kɪŋ	𐑕𐑴𐑓𐑩 𐑒𐑦𐑙	𐑕𐑴𐑓𐑩𐑒𐑦𐑙	matches
sofa king	AV0	GenAm	ˈsoʊfə kɪŋ	ˈsəʊfə kɪŋ	𐑕𐑴𐑓𐑩 𐑒𐑦𐑙	𐑕𐑴𐑓𐑩𐑒𐑦𐑙	matches
North Shields	NP0	RSSB	nɔːRθ ˈʃiːldz	nɔːRθ ʃiːldz	𐑯𐑹𐑔 𐑖𐑰𐑤𐑛𐑟	𐑯𐑹𐑔𐑖𐑰𐑤𐑛𐑟	matches
get one's knickers in a twist	VVI	RSSB	ɡet wʌnz nɪkəz ɪnə twɪst	ɡet wʌnz ˈnɪkəRz ɪn ə twɪst	𐑜𐑧𐑑 𐑢𐑳𐑯𐑟 𐑯𐑦𐑒𐑩𐑟 𐑦𐑯𐑩 𐑑𐑢𐑦𐑕𐑑	𐑜𐑧𐑑𐑢𐑳𐑯𐑟𐑯𐑦𐑒𐑼𐑟𐑦𐑯𐑩𐑑𐑢𐑦𐑕𐑑	matches
get one's knickers in a twist	VVI	GenAm	ˌɡɪt wʌnz ˈnɪkəRz ɪnə ˈtwɪst	ɡet wʌnz ˈnɪkəRz ɪn ə twɪst	𐑜𐑦𐑑 𐑢𐑳𐑯𐑟 𐑯𐑦𐑒𐑼𐑟 𐑦𐑯𐑩 𐑑𐑢𐑦𐑕𐑑	𐑜𐑧𐑑𐑢𐑳𐑯𐑟𐑯𐑦𐑒𐑼𐑟𐑦𐑯𐑩𐑑𐑢𐑦𐑕𐑑	divergent
pep talk	NN1	RSSB	ˈpep tɔːk	pep tɔːk	𐑐𐑧𐑐 𐑑𐑷𐑒	𐑐𐑧𐑐𐑑𐑷𐑒	matches
pep talk	NN1	GenAm	ˈpep ˌtɒk	pep tɔːk	𐑐𐑧𐑐 𐑑𐑪𐑒	𐑐𐑧𐑐𐑑𐑷𐑒	divergent
honey plant	NN1	RSSB	ˈhʌni ˌplɑːnt	ˈhʌni plⱭːnt	𐑣𐑳𐑯𐑦 𐑐𐑤𐑭𐑯𐑑	𐑣𐑳𐑯𐑦𐑐𐑤𐑭𐑯𐑑	matches
honey plant	NN1	GenAm	ˈhʌni ˌplænt	ˈhʌni plⱭːnt	𐑣𐑳𐑯𐑦 𐑐𐑤𐑨𐑯𐑑	𐑣𐑳𐑯𐑦𐑐𐑤𐑭𐑯𐑑	matches
sausage party	NN1	GenAm	ˈsɒsɪdʒ ˌpɑːRti	ˈsɒsɪdʒ ˈpɑːRti	𐑕𐑪𐑕𐑦𐑡 𐑐𐑸𐑑𐑦	𐑕𐑪𐑕𐑦𐑡𐑐𐑸𐑑𐑦	matches
Le Havre	NP0	RSSB	lə hɑːvrə		𐑤𐑩 𐑣𐑭𐑝𐑮𐑩		unknown
Le Havre	NP0	RSSB	lə hɑːrv		𐑤𐑩 𐑣𐑸𐑝		unknown
insofar as	CJC	RSSB	ɪnsəʊfɑːrəz	ˌɪnsəʊˈfɑːR æz	𐑦𐑯𐑕𐑴𐑓𐑸𐑩𐑟	𐑦𐑯𐑕𐑴𐑓𐑸𐑨𐑟	matches
insofar as	CJC	GenAm	ɪnsoʊˈfɑːRəz	ˌɪnsəʊˈfɑːR æz	𐑦𐑯𐑕𐑴𐑓𐑸𐑩𐑟	𐑦𐑯𐑕𐑴𐑓𐑸𐑨𐑟	matches
insofar as	CJC	GenAm	ɪnsoʊˈfɑːRæz	ˌɪnsəʊˈfɑːR æz	𐑦𐑯𐑕𐑴𐑓𐑸𐑨𐑟	𐑦𐑯𐑕𐑴𐑓𐑸𐑨𐑟	matches
chromatic aberration	NN1	GenAm	kroʊˈmætɪk ˌæbəˈreɪʃən	krəʊˈmætɪk ˌæbəˈreɪʃən	𐑒𐑮𐑴𐑥𐑨𐑑𐑦𐑒 𐑨𐑚𐑼𐑱𐑖𐑩𐑯	𐑒𐑮𐑴𐑥𐑨𐑑𐑦𐑒𐑨𐑚𐑼𐑱𐑖𐑩𐑯	matches
chromatic aberration	NN1	GenAm	krəˈmætɪk ˌæbəˈreɪʃən	krəʊˈmætɪk ˌæbəˈreɪʃən	𐑒𐑮𐑩𐑥𐑨𐑑𐑦𐑒 𐑨𐑚𐑼𐑱𐑖𐑩𐑯	𐑒𐑮𐑴𐑥𐑨𐑑𐑦𐑒𐑨𐑚𐑼𐑱𐑖𐑩𐑯	divergent
pie in the sky	NN1	RSSB	ˈpaɪ ɪn ðə ˈskaɪ	paɪ ɪn Ð skaɪ	𐑐𐑲 𐑦𐑯 𐑞𐑩 𐑕𐑒𐑲	𐑐𐑲𐑦𐑯𐑞𐑕𐑒𐑲	divergent
pie in the sky	NN1	GenAm	ˈpaɪ ɪn ðə ˈskaɪ	paɪ ɪn Ð skaɪ	𐑐𐑲 𐑦𐑯 𐑞𐑩 𐑕𐑒𐑲	𐑐𐑲𐑦𐑯𐑞𐑕𐑒𐑲	divergent
pie in the sky	NN1	GenAm	ˈpaɪ ən ðə ˈskaɪ	paɪ ɪn Ð skaɪ	𐑐𐑲 𐑩𐑯 𐑞𐑩 𐑕𐑒𐑲	𐑐𐑲𐑦𐑯𐑞𐑕𐑒𐑲	divergent
pie in the sky	AJ0	RSSB	ˈpaɪ ɪn ðə ˈskaɪ	paɪ ɪn Ð skaɪ	𐑐𐑲 𐑦𐑯 𐑞𐑩 𐑕𐑒𐑲	𐑐𐑲𐑦𐑯𐑞𐑕𐑒𐑲	divergent
pie in the sky	AJ0	GenAm	ˈpaɪ ɪn ðə ˈskaɪ	paɪ ɪn Ð skaɪ	𐑐𐑲 𐑦𐑯 𐑞𐑩 𐑕𐑒𐑲	𐑐𐑲𐑦𐑯𐑞𐑕𐑒𐑲	divergent
pie in the sky	AJ0	GenAm	ˈpaɪ ən ðə ˈskaɪ	paɪ ɪn Ð skaɪ	𐑐𐑲 𐑩𐑯 𐑞𐑩 𐑕𐑒𐑲	𐑐𐑲𐑦𐑯𐑞𐑕𐑒𐑲	divergent
daylight robbery	NN1	RSSB	ˌdeɪlaɪt rɒbəri	ˈdeɪlaɪt ˈrɒbəri	𐑛𐑱𐑤𐑲𐑑 𐑮𐑪𐑚𐑼𐑦	𐑛𐑱𐑤𐑲𐑑𐑮𐑪𐑚𐑼𐑦	matches
daylight robbery	NN1	GenAm	ˌdeɪˌlaɪt ˈrɒbəri	ˈdeɪlaɪt ˈrɒbəri	𐑛𐑱𐑤𐑲𐑑 𐑮𐑪𐑚𐑼𐑦	𐑛𐑱𐑤𐑲𐑑𐑮𐑪𐑚𐑼𐑦	matches
no duh	ITJ	RSSB	nəʊ ˈdəː		𐑯𐑴 𐑛𐑩		unknown
no duh	ITJ	GenAm	noʊ ˈdə	nəʊ dʌ	𐑯𐑴 𐑛𐑩	𐑯𐑴𐑛𐑳	divergent
Korean Wave	NP0	GenAm	kəˈriən ˈweɪv	kəˈrɪən weɪv	𐑒𐑼𐑾𐑯 𐑢𐑱𐑝	𐑒𐑼𐑾𐑯𐑢𐑱𐑝	matches
Korean Wave	NP0	RSSB	kəriːən ˈweɪv	kəˈrɪən weɪv	𐑒𐑼𐑰𐑩𐑯 𐑢𐑱𐑝	𐑒𐑼𐑾𐑯𐑢𐑱𐑝	divergent
shy bairns get nowt	UNC	RSSB	ʃaɪ beəRnz ɡet naʊt		𐑖𐑲 𐑚𐑺𐑯𐑟 𐑜𐑧𐑑 𐑯𐑬𐑑		unknown
burnt offering	NN1	RSSB	bɜːRnt ɒfərɪŋ	bɜːRnt ˈɒfərɪŋ	𐑚𐑻𐑯𐑑 𐑪𐑓𐑼𐑦𐑙	𐑚𐑻𐑯𐑑𐑪𐑓𐑼𐑦𐑙	matches
burnt offering	NN1	GenAm	bɜːRnt ˈɒfərɪŋ	bɜːRnt ˈɒfərɪŋ	𐑚𐑻𐑯𐑑 𐑪𐑓𐑼𐑦𐑙	𐑚𐑻𐑯𐑑𐑪𐑓𐑼𐑦𐑙	matches
cream soda	NN1	RSSB	ˈkriːm ˌsəʊdə	kriːm ˈsəʊdə	𐑒𐑮𐑰𐑥 𐑕𐑴𐑛𐑩	𐑒𐑮𐑰𐑥𐑕𐑴𐑛𐑩	matches
cream soda	NN1	GenAm	ˈkrim ˌsoʊdə	kriːm ˈsəʊdə	𐑒𐑮𐑦𐑥 𐑕𐑴𐑛𐑩	𐑒𐑮𐑰𐑥𐑕𐑴𐑛𐑩	divergent
bon vivant	NN1	GenAm	ˌbɒn vɪvˈɒnt	bɒn ˈviːvɒn	𐑚𐑪𐑯 𐑝𐑦𐑝𐑪𐑯𐑑	𐑚𐑪𐑯𐑝𐑰𐑝𐑪𐑯	divergent
bon vivant	NN1	GenAm	ˌbɒn viˈvɒnt	bɒn ˈviːvɒn	𐑚𐑪𐑯 𐑝𐑦𐑝𐑪𐑯𐑑	𐑚𐑪𐑯𐑝𐑰𐑝𐑪𐑯	divergent
bon vivant	NN1	GenAm	ˌbɒ viˈvɒ	bɒn ˈviːvɒn	𐑚𐑪 𐑝𐑦𐑝𐑪	𐑚𐑪𐑯𐑝𐑰𐑝𐑪𐑯	divergent
bon vivant	NN1	RSSB	ˌbɒ viːˈvɒ		𐑚𐑪 𐑝𐑰𐑝𐑪		unknown
bon vivant	NN1	RSSB	ˌbɔ viˈvɑː		𐑚𐑷 𐑝𐑦𐑝𐑭		unknown
come on	VVI	RSSB	ˌkʌm ˈɒn	kʌm ɒn	𐑒𐑳𐑥 𐑪𐑯	𐑒𐑳𐑥𐑪𐑯	matches
pad thai	NN1	RSSB	ˌpæd ˈtaɪ	pæd taɪ	𐑐𐑨𐑛 𐑑𐑲	𐑐𐑨𐑛𐑑𐑲	matches
pad thai	NN1	GenAm	ˌpæd ˈtaɪ	pæd taɪ	𐑐𐑨𐑛 𐑑𐑲	𐑐𐑨𐑛𐑑𐑲	matches
pad thai	NN1	RSSB	ˌpad ˈtʌɪ	pæd taɪ	𐑐𐑨𐑛 𐑑𐑳𐑦	𐑐𐑨𐑛𐑑𐑲	divergent
pad thai	NN1	GenAm	ˌpɑːd ˈtaɪ	pæd taɪ	𐑐𐑭𐑛 𐑑𐑲	𐑐𐑨𐑛𐑑𐑲	matches
close call	NN1	RSSB	kləʊs ˈkɔːl	kləʊs kɔːl	𐑒𐑤𐑴𐑕 𐑒𐑷𐑤	𐑒𐑤𐑴𐑕𐑒𐑷𐑤	matches
hoar frost	NN1	RSSB	hɔːR frɒst	hɔːR frɒst	𐑣𐑹 𐑓𐑮𐑪𐑕𐑑	𐑣𐑹𐑓𐑮𐑪𐑕𐑑	matches
hoar frost	NN1	GenAm	ˈhor ˌfrɒst	hɔːR frɒst	𐑣𐑪𐑮 𐑓𐑮𐑪𐑕𐑑	𐑣𐑹𐑓𐑮𐑪𐑕𐑑	divergent
motley crew	NN1	RSSB	ˌmɒtli ˈkruː	ˈmɒtli kruː	𐑥𐑪𐑑𐑤𐑦 𐑒𐑮𐑵	𐑥𐑪𐑑𐑤𐑦𐑒𐑮𐑵	matches
motley crew	NN1	GenAm	ˌmɒtli ˈkru	ˈmɒtli kruː	𐑥𐑪𐑑𐑤𐑦 𐑒𐑮𐑫	𐑥𐑪𐑑𐑤𐑦𐑒𐑮𐑵	divergent
pedal pushers	NN1	RSSB	ˈpedəl pʊʃəRz	ˈpedəl ˈpʊʃəRz	𐑐𐑧𐑛𐑩𐑤 𐑐𐑫𐑖𐑼𐑟	𐑐𐑧𐑛𐑩𐑤𐑐𐑫𐑖𐑼𐑟	matches
pedal pushers	NN1	GenAm	ˈpedəl ˌpʊʃəRz	ˈpedəl ˈpʊʃəRz	𐑐𐑧𐑛𐑩𐑤 𐑐𐑫𐑖𐑼𐑟	𐑐𐑧𐑛𐑩𐑤𐑐𐑫𐑖𐑼𐑟	matches
paper mache	NN1	RSSB	peɪpəR ˈmaʃeɪ		𐑐𐑱𐑐𐑼 𐑥𐑨𐑖𐑱		unknown
Merthyr Tydfil	NP0	RSSB	mɜːRθəR ˈtɪdvɪl		𐑥𐑻𐑔𐑼 𐑑𐑦𐑛𐑝𐑦𐑤		unknown
wake up and smell the coffee	VVI	RSSB	ˈweɪk ʌp ən ˈsmel ðə ˈkɒfi	weɪk ʌp N smel Ð ˈkɒfi	𐑢𐑱𐑒 𐑳𐑐 𐑩𐑯 𐑕𐑥𐑧𐑤 𐑞𐑩 𐑒𐑪𐑓𐑦	𐑢𐑱𐑒𐑳𐑐𐑯𐑕𐑥𐑧𐑤𐑞𐑒𐑪𐑓𐑦	divergent
wake up and smell the coffee	VVI	GenAm	ˈweɪk ˌʌp ən ˈsmel ðə ˈkɒfi	weɪk ʌp N smel Ð ˈkɒfi	𐑢𐑱𐑒 𐑳𐑐 𐑩𐑯 𐑕𐑥𐑧𐑤 𐑞𐑩 𐑒𐑪𐑓𐑦	𐑢𐑱𐑒𐑳𐑐𐑯𐑕𐑥𐑧𐑤𐑞𐑒𐑪𐑓𐑦	divergent
white coat	NN1	GenAm	ˌwaɪt ˈkoʊt	ʍaɪt kəʊt	𐑢𐑲𐑑 𐑒𐑴𐑑	𐑢𐑲𐑑𐑒𐑴𐑑	matches
snack bar	NN1	GenAm	ˈsnækbɑːR	snæk bɑːR	𐑕𐑯𐑨𐑒𐑚𐑸	𐑕𐑯𐑨𐑒𐑚𐑸	matches
snack bar	NN1	RSSB	snækbɑːR	snæk bɑːR	𐑕𐑯𐑨𐑒𐑚𐑸	𐑕𐑯𐑨𐑒𐑚𐑸	matches
Sydenham's chorea	NN1	GenAm	ˈsɪdənəmz kəˈriə		𐑕𐑦𐑛𐑩𐑯𐑩𐑥𐑟 𐑒𐑼𐑾		unknown
porte cochère	NN1	RSSB	pɔːRt kəʊʃeəR		𐑐𐑹𐑑 𐑒𐑴𐑖𐑺		unknown
porte cochère	NN1	GenAm	ˌpɔːRt koʊˈʃeəR		𐑐𐑹𐑑 𐑒𐑴𐑖𐑺		unknown
de haut en bas	AV0	RSSB	dəˌhəʊtɒnˈba		𐑛𐑩𐑣𐑴𐑑𐑪𐑯𐑚𐑨		unknown
drive the porcelain bus	VVI	RSSB	ˈdraɪv ðə pɔːRsəlɪn ˈbʌs	draɪv Ð ˈpɔːRsəlɪn bʌs	𐑛𐑮𐑲𐑝 𐑞𐑩 𐑐𐑹𐑕𐑩𐑤𐑦𐑯 𐑚𐑳𐑕	𐑛𐑮𐑲𐑝𐑞𐑐𐑹𐑕𐑩𐑤𐑦𐑯𐑚𐑳𐑕	divergent
drive the porcelain bus	VVI	GenAm	ˈdraɪv ðə ˈpɔːRsəlɪn ˈbʌs	draɪv Ð ˈpɔːRsəlɪn bʌs	𐑛𐑮𐑲𐑝 𐑞𐑩 𐑐𐑹𐑕𐑩𐑤𐑦𐑯 𐑚𐑳𐑕	𐑛𐑮𐑲𐑝𐑞𐑐𐑹𐑕𐑩𐑤𐑦𐑯𐑚𐑳𐑕	divergent
drive the porcelain bus	VVI	GenAm	ˈdraɪv ðə ˈpɔːRslɪn ˈbʌs	draɪv Ð ˈpɔːRsəlɪn bʌs	𐑛𐑮𐑲𐑝 𐑞𐑩 𐑐𐑹𐑕𐑤𐑦𐑯 𐑚𐑳𐑕	𐑛𐑮𐑲𐑝𐑞𐑐𐑹𐑕𐑩𐑤𐑦𐑯𐑚𐑳𐑕	divergent
Pearl Harbor	NP0	GenAm	ˌpɜːRl ˈhɑːRbəR	pɜːRl ˈhɑːRbəR	𐑐𐑻𐑤 𐑣𐑸𐑚𐑼	𐑐𐑻𐑤𐑣𐑸𐑚𐑼	matches
Pearl Harbor	NP0	RSSB	pɜːRl hɑːRbəR	pɜːRl ˈhɑːRbəR	𐑐𐑻𐑤 𐑣𐑸𐑚𐑼	𐑐𐑻𐑤𐑣𐑸𐑚𐑼	matches
Pearl Harbor	NN1	GenAm	ˌpɜːRl ˈhɑːRbəR	pɜːRl ˈhɑːRbəR	𐑐𐑻𐑤 𐑣𐑸𐑚𐑼	𐑐𐑻𐑤𐑣𐑸𐑚𐑼	matches
Pearl Harbor	NN1	RSSB	pɜːRl hɑːRbəR	pɜːRl ˈhɑːRbəR	𐑐𐑻𐑤 𐑣𐑸𐑚𐑼	𐑐𐑻𐑤𐑣𐑸𐑚𐑼	matches
Pearl Harbor	VVI	GenAm	ˌpɜːRl ˈhɑːRbəR	pɜːRl ˈhɑːRbəR	𐑐𐑻𐑤 𐑣𐑸𐑚𐑼	𐑐𐑻𐑤𐑣𐑸𐑚𐑼	matches
Pearl Harbor	VVI	RSSB	pɜːRl hɑːRbəR	pɜːRl ˈhɑːRbəR	𐑐𐑻𐑤 𐑣𐑸𐑚𐑼	𐑐𐑻𐑤𐑣𐑸𐑚𐑼	matches
gold rush	NN1	RSSB	ˈɡəʊldˌrʌʃ	ɡəʊld rʌʃ	𐑜𐑴𐑤𐑛𐑮𐑳𐑖	𐑜𐑴𐑤𐑛𐑮𐑳𐑖	matches
gold rush	NN1	GenAm	ˈɡoʊldˌrʌʃ	ɡəʊld rʌʃ	𐑜𐑴𐑤𐑛𐑮𐑳𐑖	𐑜𐑴𐑤𐑛𐑮𐑳𐑖	matches
on tenterhooks	UNC	RSSB	ˌɒn tentəRhʊks	ɒn ˈtentəRhʊks	𐑪𐑯 𐑑𐑧𐑯𐑑𐑼𐑣𐑫𐑒𐑕	𐑪𐑯𐑑𐑧𐑯𐑑𐑼𐑣𐑫𐑒𐑕	matches
on tenterhooks	UNC	GenAm	ˌɒn ˈtentərˌhʊks	ɒn ˈtentəRhʊks	𐑪𐑯 𐑑𐑧𐑯𐑑𐑼𐑣𐑫𐑒𐑕	𐑪𐑯𐑑𐑧𐑯𐑑𐑼𐑣𐑫𐑒𐑕	matches
noscitur a sociis	NN1	RSSB	nəʊsɪtʊəR ˈɑː ˌsəʊsiɪs		𐑯𐑴𐑕𐑦𐑑𐑫𐑼 𐑭 𐑕𐑴𐑕𐑦𐑦𐑕		unknown
esprit de corps	NN1	RSSB	eˌspriː də kɔːR	eˈspriː də kɔːR	𐑧𐑕𐑐𐑮𐑰 𐑛𐑩 𐑒𐑹	𐑧𐑕𐑐𐑮𐑰𐑛𐑩𐑒𐑹	matches
esprit de corps	NN1	RSSB	esˌpriː də kɔːR	eˈspriː də kɔːR	𐑧𐑕𐑐𐑮𐑰 𐑛𐑩 𐑒𐑹	𐑧𐑕𐑐𐑮𐑰𐑛𐑩𐑒𐑹	matches
esprit de corps	NN1	GenAm	eˌspri də ˈkɔːR	eˈspriː də kɔːR	𐑧𐑕𐑐𐑮𐑦 𐑛𐑩 𐑒𐑹	𐑧𐑕𐑐𐑮𐑰𐑛𐑩𐑒𐑹	divergent
esprit de corps	NN1	GenAm	esˌpri də ˈkɔːR	eˈspriː də kɔːR	𐑧𐑕𐑐𐑮𐑦 𐑛𐑩 𐑒𐑹	𐑧𐑕𐑐𐑮𐑰𐑛𐑩𐑒𐑹	divergent
goodbye, cruel world	UNC	RSSB	ɡʊdbaɪ | kruːəl wɜːRld		𐑜𐑫𐑛𐑚𐑲 | 𐑒𐑮𐑵𐑩𐑤 𐑢𐑻𐑤𐑛		unknown
drum machine	NN1	GenAm	ˈdrʌm məˌʃin	drʌm məˈʃiːn	𐑛𐑮𐑳𐑥 𐑥𐑩𐑖𐑦𐑯	𐑛𐑮𐑳𐑥𐑥𐑩𐑖𐑰𐑯	divergent
drum machine	NN1	RSSB	ˈdrʌm məˌʃiːn	drʌm məˈʃiːn	𐑛𐑮𐑳𐑥 𐑥𐑩𐑖𐑰𐑯	𐑛𐑮𐑳𐑥𐑥𐑩𐑖𐑰𐑯	matches
fall by the wayside	VVI	RSSB	ˈfɔːl baɪ ðə ˈweɪsaɪd	fɔːl baɪ Ð ˈweɪsaɪd	𐑓𐑷𐑤 𐑚𐑲 𐑞𐑩 𐑢𐑱𐑕𐑲𐑛	𐑓𐑷𐑤𐑚𐑲𐑞𐑢𐑱𐑕𐑲𐑛	divergent
fall by the wayside	VVI	GenAm	ˈfɒl baɪ ðə ˈweɪˌsaɪd	fɔːl baɪ Ð ˈweɪsaɪd	𐑓𐑪𐑤 𐑚𐑲 𐑞𐑩 𐑢𐑱𐑕𐑲𐑛	𐑓𐑷𐑤𐑚𐑲𐑞𐑢𐑱𐑕𐑲𐑛	divergent
da capo al fine	AV0	RSSB	dəˈkæpəʊ ælˈfiːneɪ		𐑛𐑩𐑒𐑨𐑐𐑴 𐑨𐑤𐑓𐑰𐑯𐑱		unknown
rock music	NN1	GenAm	ˈrɒk ˈmjuzɪk	rɒk ˈmjuːzɪk	𐑮𐑪𐑒 𐑥𐑘𐑫𐑟𐑦𐑒	𐑮𐑪𐑒𐑥𐑿𐑟𐑦𐑒	divergent
rock music	NN1	RSSB	ˈrɒk ˈmjuːzɪk	rɒk ˈmjuːzɪk	𐑮𐑪𐑒 𐑥𐑿𐑟𐑦𐑒	𐑮𐑪𐑒𐑥𐑿𐑟𐑦𐑒	matches
Harley Street	NP0	RSSB	hɑːRli ˌstriːt		𐑣𐑸𐑤𐑦 𐑕𐑑𐑮𐑰𐑑		unknown
endoplasmic reticulum	NN1	GenAm	ˌendoʊˌplæzmɪk rəˈtɪkjələm		𐑧𐑯𐑛𐑴𐑐𐑤𐑨𐑟𐑥𐑦𐑒 𐑮𐑩𐑑𐑦𐑒𐑘𐑩𐑤𐑩𐑥		unknown
argumentum ad populum	NN1	RSSB	ɑːRɡjuːmentəm æd ˈpɒpjələm		𐑸𐑜𐑿𐑥𐑧𐑯𐑑𐑩𐑥 𐑨𐑛 𐑐𐑪𐑐𐑘𐑩𐑤𐑩𐑥		unknown
Dalai Lama	NN1	RSSB	ˈdælaɪ ˈlɑːmə		𐑛𐑨𐑤𐑲 𐑤𐑭𐑥𐑩		unknown
Dalai Lama	NN1	GenAm	ˈdɑːlaɪ ˈlɑːmə		𐑛𐑭𐑤𐑲 𐑤𐑭𐑥𐑩		unknown
displaced person	NN1	RSSB	dɪsˌpleɪst pɜːRsən	dɪsˈpleɪst ˈpɜːRsən	𐑛𐑦𐑕𐑐𐑤𐑱𐑕𐑑 𐑐𐑻𐑕𐑩𐑯	𐑛𐑦𐑕𐑐𐑤𐑱𐑕𐑑𐑐𐑻𐑕𐑩𐑯	matches
displaced person	NN1	GenAm	dɪsˌpleɪst ˈpɜːRsən	dɪsˈpleɪst ˈpɜːRsən	𐑛𐑦𐑕𐑐𐑤𐑱𐑕𐑑 𐑐𐑻𐑕𐑩𐑯	𐑛𐑦𐑕𐑐𐑤𐑱𐑕𐑑𐑐𐑻𐑕𐑩𐑯	matches
ride roughshod over	VVI	RSSB	ˌraɪd ˈrʌfʃɒd əʊvəR	raɪd ˈrʌfʃɒd ˈəʊvəR	𐑮𐑲𐑛 𐑮𐑳𐑓𐑖𐑪𐑛 𐑴𐑝𐑼	𐑮𐑲𐑛𐑮𐑳𐑓𐑖𐑪𐑛𐑴𐑝𐑼	matches
ride roughshod over	VVI	GenAm	ˌraɪd ˈrʌfʃɒd ˌoʊvəR	raɪd ˈrʌfʃɒd ˈəʊvəR	𐑮𐑲𐑛 𐑮𐑳𐑓𐑖𐑪𐑛 𐑴𐑝𐑼	𐑮𐑲𐑛𐑮𐑳𐑓𐑖𐑪𐑛𐑴𐑝𐑼	matches
water table	NN1	RSSB	wɔːtəRteɪbl	ˈwɔːtər ˈteɪbəl	𐑢𐑷𐑑𐑼𐑑𐑱𐑚𐑤	𐑢𐑷𐑑𐑼𐑑𐑱𐑚𐑩𐑤	divergent
water table	NN1	GenAm	ˈwɒdəRˌteɪbəl	ˈwɔːtər ˈteɪbəl	𐑢𐑪𐑛𐑼𐑑𐑱𐑚𐑩𐑤	𐑢𐑷𐑑𐑼𐑑𐑱𐑚𐑩𐑤	divergent
Western Samoa	NP0	GenAm	ˈwestəRn səˈmoʊə	ˈwestəRn səˈməʊə	𐑢𐑧𐑕𐑑𐑼𐑯 𐑕𐑩𐑥𐑴𐑩	𐑢𐑧𐑕𐑑𐑼𐑯𐑕𐑩𐑥𐑴𐑩	matches
lorem ipsum	NN1	RSSB	lɔːrəm ˈɪpsəm		𐑤𐑹𐑩𐑥 𐑦𐑐𐑕𐑩𐑥		unknown
lorem ipsum	NN1	GenAm	ˌlɔːrəm ˈɪpsəm		𐑤𐑹𐑩𐑥 𐑦𐑐𐑕𐑩𐑥		unknown
lorem ipsum	NN1	RSSB	lɒrəm ˈɪpsəm		𐑤𐑪𐑮𐑩𐑥 𐑦𐑐𐑕𐑩𐑥		unknown
lorem ipsum	NN1	GenAm	ˌlɑːrəm ˈɪpsəm		𐑤𐑸𐑩𐑥 𐑦𐑐𐑕𐑩𐑥		unknown
prickly pear	NN1	RSSB	ˌprɪkli pɜːR	ˈprɪkli peəR	𐑐𐑮𐑦𐑒𐑤𐑦 𐑐𐑻	𐑐𐑮𐑦𐑒𐑤𐑦𐑐𐑺	divergent
bulk carrier	NN1	GenAm	bʌlk ˈkeriəR	bʌlk ˈkærɪəR	𐑚𐑳𐑤𐑒 𐑒𐑧𐑮𐑽	𐑚𐑳𐑤𐑒𐑒𐑨𐑮𐑽	divergent
off of	PRP	RSSB	ˈɒfəv	ɒf V	𐑪𐑓𐑩𐑝	𐑪𐑓𐑝	divergent
off of	PRP	GenAm	ˈɒfəv	ɒf V	𐑪𐑓𐑩𐑝	𐑪𐑓𐑝	divergent
off of	PRP	RSSB	ˈɒfə	ɒf V	𐑪𐑓𐑩	𐑪𐑓𐑝	divergent
sort of	AJ0	RSSB	sɔːRtəv	sɔːRt V	𐑕𐑹𐑑𐑩𐑝	𐑕𐑹𐑑𐑝	divergent
sort of	AJ0	GenAm	ˈsɔːRtəv	sɔːRt V	𐑕𐑹𐑑𐑩𐑝	𐑕𐑹𐑑𐑝	divergent
sort of	AJ0	RSSB	sɔːR əv	sɔːRt V	𐑕𐑹 𐑩𐑝	𐑕𐑹𐑑𐑝	divergent
sort of	AJ0	RSSB	səRtəv	sɔːRt V	𐑕𐑼𐑑𐑩𐑝	𐑕𐑹𐑑𐑝	divergent
sort of	AV0	RSSB	sɔːRtəv	sɔːRt V	𐑕𐑹𐑑𐑩𐑝	𐑕𐑹𐑑𐑝	divergent
sort of	AV0	GenAm	ˈsɔːRtəv	sɔːRt V	𐑕𐑹𐑑𐑩𐑝	𐑕𐑹𐑑𐑝	divergent
sort of	AV0	RSSB	sɔːR əv	sɔːRt V	𐑕𐑹 𐑩𐑝	𐑕𐑹𐑑𐑝	divergent
sort of	AV0	RSSB	səRtəv	sɔːRt V	𐑕𐑼𐑑𐑩𐑝	𐑕𐑹𐑑𐑝	divergent
hark back	VVI	RSSB	hɑːRk ˈbæk	hɑːRk bæk	𐑣𐑸𐑒 𐑚𐑨𐑒	𐑣𐑸𐑒𐑚𐑨𐑒	matches
hark back	VVI	GenAm	ˌhɑːRk ˈbæk	hɑːRk bæk	𐑣𐑸𐑒 𐑚𐑨𐑒	𐑣𐑸𐑒𐑚𐑨𐑒	matches
hark back	NN1	RSSB	hɑːRkbæk	hɑːRk bæk	𐑣𐑸𐑒𐑚𐑨𐑒	𐑣𐑸𐑒𐑚𐑨𐑒	matches
hark back	NN1	GenAm	ˈhɑːRkˌbæk	hɑːRk bæk	𐑣𐑸𐑒𐑚𐑨𐑒	𐑣𐑸𐑒𐑚𐑨𐑒	matches
purple heron	NN1	RSSB	pɜːrpəl herən	ˈpɜːRpəl ˈherən	𐑐𐑻𐑐𐑩𐑤 𐑣𐑧𐑮𐑩𐑯	𐑐𐑻𐑐𐑩𐑤𐑣𐑧𐑮𐑩𐑯	matches
purple heron	NN1	GenAm	ˈpɜːRpəl ˈherən	ˈpɜːRpəl ˈherən	𐑐𐑻𐑐𐑩𐑤 𐑣𐑧𐑮𐑩𐑯	𐑐𐑻𐑐𐑩𐑤𐑣𐑧𐑮𐑩𐑯	matches
Jehovah's Witness	NN1	GenAm	dʒəˈhoʊvəz witnəs		𐑡𐑩𐑣𐑴𐑝𐑩𐑟 𐑢𐑦𐑑𐑯𐑩𐑕		unknown
Jehovah's Witness	NN1	RSSB	dʒəˈhəʊvəz witnəs		𐑡𐑩𐑣𐑴𐑝𐑩𐑟 𐑢𐑦𐑑𐑯𐑩𐑕		unknown
white space	NN1	RSSB	ˈwaɪtˌspeɪs	ʍaɪt speɪs	𐑢𐑲𐑑𐑕𐑐𐑱𐑕	𐑢𐑲𐑑𐑕𐑐𐑱𐑕	matches
content management system	NN1	RSSB	ˈkɒntent ˈmænɪdʒmənt ˈsɪstəm	kənˈtent ˈmænɪdʒmənt ˈsɪstəm	𐑒𐑪𐑯𐑑𐑧𐑯𐑑 𐑥𐑨𐑯𐑦𐑡𐑥𐑩𐑯𐑑 𐑕𐑦𐑕𐑑𐑩𐑥	𐑒𐑩𐑯𐑑𐑧𐑯𐑑𐑥𐑨𐑯𐑦𐑡𐑥𐑩𐑯𐑑𐑕𐑦𐑕𐑑𐑩𐑥	divergent
content management system	NN1	GenAm	ˈkɒntent ˈmænɪdʒmənt ˈsɪstəm	kənˈtent ˈmænɪdʒmənt ˈsɪstəm	𐑒𐑪𐑯𐑑𐑧𐑯𐑑 𐑥𐑨𐑯𐑦𐑡𐑥𐑩𐑯𐑑 𐑕𐑦𐑕𐑑𐑩𐑥	𐑒𐑩𐑯𐑑𐑧𐑯𐑑𐑥𐑨𐑯𐑦𐑡𐑥𐑩𐑯𐑑𐑕𐑦𐑕𐑑𐑩𐑥	divergent
Big Mac	NN1	GenAm	bɪɡ mæk	bɪɡ mæk	𐑚𐑦𐑜 𐑥𐑨𐑒	𐑚𐑦𐑜𐑥𐑨𐑒	matches
the world is someone's oyster	UNC	RSSB	ðəR wɜːRldɪz sʌmwʌnz ɔɪstəR		𐑞𐑼 𐑢𐑻𐑤𐑛𐑦𐑟 𐑕𐑳𐑥𐑢𐑳𐑯𐑟 𐑶𐑕𐑑𐑼		unknown
the world is someone's oyster	UNC	GenAm	ðə ˈwɜːRldɪz ˌsʌmwʌnz ˈɔɪstər		𐑞𐑩 𐑢𐑻𐑤𐑛𐑦𐑟 𐑕𐑳𐑥𐑢𐑳𐑯𐑟 𐑶𐑕𐑑𐑼		unknown
wolf in sheep's clothing	NN1	RSSB	ˈwʊlf ɪn ˈʃiːps ˈkləʊðɪŋ		𐑢𐑫𐑤𐑓 𐑦𐑯 𐑖𐑰𐑐𐑕 𐑒𐑤𐑴𐑞𐑦𐑙		unknown
wolf in sheep's clothing	NN1	GenAm	ˈwʊlf ən ˈʃips ˈkloʊðɪŋ		𐑢𐑫𐑤𐑓 𐑩𐑯 𐑖𐑦𐑐𐑕 𐑒𐑤𐑴𐑞𐑦𐑙		unknown
turn a blind eye	VVI	RSSB	tɜːRn ə ˌblaɪnd ˈaɪ	tɜːRn ə blaɪnd aɪ	𐑑𐑻𐑯 𐑩 𐑚𐑤𐑲𐑯𐑛 𐑲	𐑑𐑻𐑯𐑩𐑚𐑤𐑲𐑯𐑛𐑲	matches
turn a blind eye	VVI	GenAm	ˈtɜːRn ə ˌblaɪnd ˈaɪ	tɜːRn ə blaɪnd aɪ	𐑑𐑻𐑯 𐑩 𐑚𐑤𐑲𐑯𐑛 𐑲	𐑑𐑻𐑯𐑩𐑚𐑤𐑲𐑯𐑛𐑲	matches
bipolar disorder	NN1	GenAm	ˌbaɪˈpoʊləR dɪˈsɔːrdəR	baɪˈpoʊləR dɪsˈɔːRdəR	𐑚𐑲𐑐𐑴𐑤𐑼 𐑛𐑦𐑕𐑹𐑛𐑼	𐑚𐑲𐑐𐑴𐑤𐑼𐑛𐑦𐑕𐑹𐑛𐑼	matches
Jack Frost	NP0	RSSB	ˌdʒæk ˈfrɒst	dʒæk frɒst	𐑡𐑨𐑒 𐑓𐑮𐑪𐑕𐑑	𐑡𐑨𐑒𐑓𐑮𐑪𐑕𐑑	matches
Jack Frost	NP0	GenAm	ˌdʒæk ˈfrɒst	dʒæk frɒst	𐑡𐑨𐑒 𐑓𐑮𐑪𐑕𐑑	𐑡𐑨𐑒𐑓𐑮𐑪𐑕𐑑	matches
coffee klatch	NN1	RSSB	ˈkɒfi klætʃ		𐑒𐑪𐑓𐑦 𐑒𐑤𐑨𐑗		unknown
coffee klatch	VVI	RSSB	ˈkɒfi klætʃ		𐑒𐑪𐑓𐑦 𐑒𐑤𐑨𐑗		unknown
Lord's Prayer	NP0	GenAm	ˌlɔːRdz ˈpreəR		𐑤𐑹𐑛𐑟 𐑐𐑮𐑺		unknown
Lord's Prayer	NP0	RSSB	lɔːRdz preəR		𐑤𐑹𐑛𐑟 𐑐𐑮𐑺		unknown
beat it	VVI	GenAm	ˈbiˌdɪt	biːt ɪt	𐑚𐑦𐑛𐑦𐑑	𐑚𐑰𐑑𐑦𐑑	divergent
boarding pass	NN1	GenAm	ˈbɔːRdɪŋ ˌpæs	ˈbɔːRdɪŋ pⱭːs	𐑚𐑹𐑛𐑦𐑙 𐑐𐑨𐑕	𐑚𐑹𐑛𐑦𐑙𐑐𐑭𐑕	matches
forlorn hope	NN1	RSSB	fəRlɔːRn ˈhəʊp	fəRˈlɔːRn həʊp	𐑓𐑼𐑤𐑹𐑯 𐑣𐑴𐑐	𐑓𐑼𐑤𐑹𐑯𐑣𐑴𐑐	matches
forlorn hope	NN1	GenAm	fɔːRˌlɔːRn ˈhoʊp	fəRˈlɔːRn həʊp	𐑓𐑹𐑤𐑹𐑯 𐑣𐑴𐑐	𐑓𐑼𐑤𐑹𐑯𐑣𐑴𐑐	divergent
black and tan	NN1	RSSB	blakəndˈtan	blæk N tæn	𐑚𐑤𐑨𐑒𐑩𐑯𐑛𐑑𐑨𐑯	𐑚𐑤𐑨𐑒𐑯𐑑𐑨𐑯	divergent
little green man	NN1	GenAm	ˌlɪtəl ˌɡrin ˈmæn	ˈlɪtəl ɡriːn mæn	𐑤𐑦𐑑𐑩𐑤 𐑜𐑮𐑦𐑯 𐑥𐑨𐑯	𐑤𐑦𐑑𐑩𐑤𐑜𐑮𐑰𐑯𐑥𐑨𐑯	divergent
little green man	NN1	RSSB	ˌlɪtəl ˌɡriːn ˈmæn	ˈlɪtəl ɡriːn mæn	𐑤𐑦𐑑𐑩𐑤 𐑜𐑮𐑰𐑯 𐑥𐑨𐑯	𐑤𐑦𐑑𐑩𐑤𐑜𐑮𐑰𐑯𐑥𐑨𐑯	matches
party favor	NN1	GenAm	ˈpɑːRti ˌfeɪvəR	ˈpɑːRti ˈfeɪvəR	𐑐𐑸𐑑𐑦 𐑓𐑱𐑝𐑼	𐑐𐑸𐑑𐑦𐑓𐑱𐑝𐑼	matches
absentia epileptica	NN1	GenAm	æbˈsenʃiə ˌepəˈleptɪkə		𐑨𐑚𐑕𐑧𐑯𐑖𐑾 𐑧𐑐𐑩𐑤𐑧𐑐𐑑𐑦𐑒𐑩		unknown
up to something	AJ0	RSSB	ˈʌp tuː ˈsʌmθɪŋ	ʌp T ˈsʌmθɪŋ	𐑳𐑐 𐑑𐑵 𐑕𐑳𐑥𐑔𐑦𐑙	𐑳𐑐𐑑𐑕𐑳𐑥𐑔𐑦𐑙	divergent
up to something	AJ0	GenAm	ˈʌp tə ˈsʌmθɪŋ	ʌp T ˈsʌmθɪŋ	𐑳𐑐 𐑑𐑩 𐑕𐑳𐑥𐑔𐑦𐑙	𐑳𐑐𐑑𐑕𐑳𐑥𐑔𐑦𐑙	divergent
foot soldier	NN1	RSSB	fʊt səʊldʒəR	fʊt ˈsəʊldʒəR	𐑓𐑫𐑑 𐑕𐑴𐑤𐑡𐑼	𐑓𐑫𐑑𐑕𐑴𐑤𐑡𐑼	matches
foot soldier	NN1	GenAm	fʊt ˈsoʊldʒər	fʊt ˈsəʊldʒəR	𐑓𐑫𐑑 𐑕𐑴𐑤𐑡𐑼	𐑓𐑫𐑑𐑕𐑴𐑤𐑡𐑼	matches
Labor Day	NN1	GenAm	ˈlejbəR dej	ˈleɪbəR deɪ	𐑤𐑧𐑘𐑚𐑼 𐑛𐑧𐑘	𐑤𐑱𐑚𐑼𐑛𐑱	divergent
brighten up	VVI	GenAm	ˈbraɪən ʌp	ˈbraɪtən ʌp	𐑚𐑮𐑲𐑩𐑯 𐑳𐑐	𐑚𐑮𐑲𐑑𐑩𐑯𐑳𐑐	divergent
cri de coeur	NN1	RSSB	kriːdəkɜːR		𐑒𐑮𐑰𐑛𐑩𐑒𐑻		unknown
cri de coeur	NN1	GenAm	ˌkridəˈkəR		𐑒𐑮𐑦𐑛𐑩𐑒𐑼		unknown
polychlorinated naphthalene	NN1	GenAm	ˌpoʊliˌklɔːRəˌneɪtəd ˌnæfˈθæliːn		𐑐𐑴𐑤𐑦𐑒𐑤𐑹𐑩𐑯𐑱𐑑𐑩𐑛 𐑯𐑨𐑓𐑔𐑨𐑤𐑰𐑯		unknown
polychlorinated naphthalene	NN1	RSSB	pɒlɪklɔːrɪneɪtɪd ˌnæfˈθæliːn		𐑐𐑪𐑤𐑦𐑒𐑤𐑹𐑦𐑯𐑱𐑑𐑦𐑛 𐑯𐑨𐑓𐑔𐑨𐑤𐑰𐑯		unknown
mouth organ	NN1	GenAm	maʊθ ˈorɡən	maʊθ ˈɔːRɡən	𐑥𐑬𐑔 𐑪𐑮𐑜𐑩𐑯	𐑥𐑬𐑔𐑹𐑜𐑩𐑯	divergent
polka dot	NN1	RSSB	ˈpɒlkə ˌdɒt	ˈpɒlkə dɒt	𐑐𐑪𐑤𐑒𐑩 𐑛𐑪𐑑	𐑐𐑪𐑤𐑒𐑩𐑛𐑪𐑑	matches
polka dot	NN1	RSSB	ˈpəʊkə ˌdɒt	ˈpɒlkə dɒt	𐑐𐑴𐑒𐑩 𐑛𐑪𐑑	𐑐𐑪𐑤𐑒𐑩𐑛𐑪𐑑	divergent
polka dot	NN1	GenAm	ˈpoʊkə ˌdɒt	ˈpɒlkə dɒt	𐑐𐑴𐑒𐑩 𐑛𐑪𐑑	𐑐𐑪𐑤𐑒𐑩𐑛𐑪𐑑	divergent
polka dot	VVI	RSSB	ˈpɒlkə ˌdɒt	ˈpɒlkə dɒt	𐑐𐑪𐑤𐑒𐑩 𐑛𐑪𐑑	𐑐𐑪𐑤𐑒𐑩𐑛𐑪𐑑	matches
polka dot	VVI	RSSB	ˈpəʊkə ˌdɒt	ˈpɒlkə dɒt	𐑐𐑴𐑒𐑩 𐑛𐑪𐑑	𐑐𐑪𐑤𐑒𐑩𐑛𐑪𐑑	divergent
polka dot	VVI	GenAm	ˈpoʊkə ˌdɒt	ˈpɒlkə dɒt	𐑐𐑴𐑒𐑩 𐑛𐑪𐑑	𐑐𐑪𐑤𐑒𐑩𐑛𐑪𐑑	divergent
methamphetamine hydrochloride	NN1	RSSB	ˌmeθamˈfetəmiːn haɪdrəʊklɔːraɪd		𐑥𐑧𐑔𐑨𐑥𐑓𐑧𐑑𐑩𐑥𐑰𐑯 𐑣𐑲𐑛𐑮𐑴𐑒𐑤𐑹𐑲𐑛		unknown
like it's going out of style	UNC	RSSB	ˌlaɪk ɪts ˈɡəʊɪŋ aʊt əv ˈstaɪl	laɪk ɪts ˈɡəʊɪŋ aʊt V staɪl	𐑤𐑲𐑒 𐑦𐑑𐑕 𐑜𐑴𐑦𐑙 𐑬𐑑 𐑩𐑝 𐑕𐑑𐑲𐑤	𐑤𐑲𐑒𐑦𐑑𐑕𐑜𐑴𐑦𐑙𐑬𐑑𐑝𐑕𐑑𐑲𐑤	divergent
like it's going out of style	UNC	GenAm	ˌlaɪk ɪts ˈɡoʊɪŋ aʊt əv ˈstaɪl	laɪk ɪts ˈɡəʊɪŋ aʊt V staɪl	𐑤𐑲𐑒 𐑦𐑑𐑕 𐑜𐑴𐑦𐑙 𐑬𐑑 𐑩𐑝 𐑕𐑑𐑲𐑤	𐑤𐑲𐑒𐑦𐑑𐑕𐑜𐑴𐑦𐑙𐑬𐑑𐑝𐑕𐑑𐑲𐑤	divergent
social work	NN1	RSSB	ˈsəʊʃəl wɜːRk	ˈsəʊʃəl wɜːRk	𐑕𐑴𐑖𐑩𐑤 𐑢𐑻𐑒	𐑕𐑴𐑖𐑩𐑤𐑢𐑻𐑒	matches
social work	NN1	GenAm	ˈsoʊʃəl wɜːRk	ˈsəʊʃəl wɜːRk	𐑕𐑴𐑖𐑩𐑤 𐑢𐑻𐑒	𐑕𐑴𐑖𐑩𐑤𐑢𐑻𐑒	matches
solar eclipse	NN1	GenAm	ˈsoʊləR ɪˈklɪps	ˈsəʊləR ɪˈklɪps	𐑕𐑴𐑤𐑼 𐑦𐑒𐑤𐑦𐑐𐑕	𐑕𐑴𐑤𐑼𐑦𐑒𐑤𐑦𐑐𐑕	matches
solar eclipse	NN1	RSSB	səʊləR ɪˈklɪps	ˈsəʊləR ɪˈklɪps	𐑕𐑴𐑤𐑼 𐑦𐑒𐑤𐑦𐑐𐑕	𐑕𐑴𐑤𐑼𐑦𐑒𐑤𐑦𐑐𐑕	matches
by virtue of	PRP	RSSB	baɪ vɜːRtʃuː ɒv	baɪ ˈvɜːRtʃuː V	𐑚𐑲 𐑝𐑻𐑗𐑵 𐑪𐑝	𐑚𐑲𐑝𐑻𐑗𐑵𐑝	divergent
by virtue of	PRP	GenAm	baɪ ˈvɜːRtʃu ʌv	baɪ ˈvɜːRtʃuː V	𐑚𐑲 𐑝𐑻𐑗𐑫 𐑳𐑝	𐑚𐑲𐑝𐑻𐑗𐑵𐑝	divergent
banana split	NN1	RSSB	bəˈnɑːnə splɪt	bəˈnⱭːnə splɪt	𐑚𐑩𐑯𐑭𐑯𐑩 𐑕𐑐𐑤𐑦𐑑	𐑚𐑩𐑯𐑭𐑯𐑩𐑕𐑐𐑤𐑦𐑑	matches
banana split	NN1	GenAm	bəˈnænə splɪt	bəˈnⱭːnə splɪt	𐑚𐑩𐑯𐑨𐑯𐑩 𐑕𐑐𐑤𐑦𐑑	𐑚𐑩𐑯𐑭𐑯𐑩𐑕𐑐𐑤𐑦𐑑	matches
child abuse	NN1	RSSB	ˈtʃaɪldəbjuːs	tʃaɪld əˈbjuːs	𐑗𐑲𐑤𐑛𐑩𐑚𐑿𐑕	𐑗𐑲𐑤𐑛𐑩𐑚𐑿𐑕	matches
Rosh Hashanah	NP0	GenAm	ˌrɒʃhəˈʃɒnə		𐑮𐑪𐑖𐑣𐑩𐑖𐑪𐑯𐑩		unknown
Rosh Hashanah	NP0	RSSB	ˌrɒʃ həˈʃɑːnə		𐑮𐑪𐑖 𐑣𐑩𐑖𐑭𐑯𐑩		unknown
Rosh Hashanah	NN1	GenAm	ˌrɒʃhəˈʃɒnə		𐑮𐑪𐑖𐑣𐑩𐑖𐑪𐑯𐑩		unknown
Rosh Hashanah	NN1	RSSB	ˌrɒʃ həˈʃɑːnə		𐑮𐑪𐑖 𐑣𐑩𐑖𐑭𐑯𐑩		unknown
shalom aleichem	ITJ	RSSB	ʃəˌlɒm əˈleɪxəm		𐑖𐑩𐑤𐑪𐑥 𐑩𐑤𐑱𐑒𐑩𐑥		unknown
shalom aleichem	ITJ	RSSB	ʃəˌlɒm əˈleɪkəm		𐑖𐑩𐑤𐑪𐑥 𐑩𐑤𐑱𐑒𐑩𐑥		unknown
final whistle	NN1	RSSB	ˌfaɪnəl wɪsəl	ˈfaɪnəl ˈʍɪsəl	𐑓𐑲𐑯𐑩𐑤 𐑢𐑦𐑕𐑩𐑤	𐑓𐑲𐑯𐑩𐑤𐑢𐑦𐑕𐑩𐑤	matches
final whistle	NN1	GenAm	ˌfaɪnəl wɪsəl	ˈfaɪnəl ˈʍɪsəl	𐑓𐑲𐑯𐑩𐑤 𐑢𐑦𐑕𐑩𐑤	𐑓𐑲𐑯𐑩𐑤𐑢𐑦𐑕𐑩𐑤	matches
Santa Fe	NP0	GenAm	ˌsæntə ˈfeɪ		𐑕𐑨𐑯𐑑𐑩 𐑓𐑱		unknown
man in the moon	NP0	RSSB	ˌmæn ɪn ðə ˈmuːn	mæn ɪn Ð muːn	𐑥𐑨𐑯 𐑦𐑯 𐑞𐑩 𐑥𐑵𐑯	𐑥𐑨𐑯𐑦𐑯𐑞𐑥𐑵𐑯	divergent
man in the moon	NP0	GenAm	ˌmæn ən ðə ˈmun	mæn ɪn Ð muːn	𐑥𐑨𐑯 𐑩𐑯 𐑞𐑩 𐑥𐑫𐑯	𐑥𐑨𐑯𐑦𐑯𐑞𐑥𐑵𐑯	divergent
nolle prosequi	NN1	RSSB	ˌnɒlɪ ˈprɒsɪkwaɪ		𐑯𐑪𐑤𐑦 𐑐𐑮𐑪𐑕𐑦𐑒𐑢𐑲		unknown
nolle prosequi	NN1	GenAm	ˌnɒli ˈprɒsɪkwaɪ		𐑯𐑪𐑤𐑦 𐑐𐑮𐑪𐑕𐑦𐑒𐑢𐑲		unknown
nolle prosequi	NN1	RSSB	ˌnəʊlɪ ˈprɒsɪkwaɪ		𐑯𐑴𐑤𐑦 𐑐𐑮𐑪𐑕𐑦𐑒𐑢𐑲		unknown
nolle prosequi	NN1	GenAm	ˌnoʊli ˈproʊsɪkwaɪ		𐑯𐑴𐑤𐑦 𐑐𐑮𐑴𐑕𐑦𐑒𐑢𐑲		unknown
nolle prosequi	NN1	GenAm	ˌnoʊli ˈproʊsɪkwi		𐑯𐑴𐑤𐑦 𐑐𐑮𐑴𐑕𐑦𐑒𐑢𐑦		unknown
nolle prosequi	NN1	GenAm	ˌnɒli ˈprɒsɪkwi		𐑯𐑪𐑤𐑦 𐑐𐑮𐑪𐑕𐑦𐑒𐑢𐑦		unknown
nolle prosequi	VVI	RSSB	ˌnɒlɪ ˈprɒsɪkwaɪ		𐑯𐑪𐑤𐑦 𐑐𐑮𐑪𐑕𐑦𐑒𐑢𐑲		unknown
nolle prosequi	VVI	GenAm	ˌnɒli ˈprɒsɪkwaɪ		𐑯𐑪𐑤𐑦 𐑐𐑮𐑪𐑕𐑦𐑒𐑢𐑲		unknown
nolle prosequi	VVI	RSSB	ˌnəʊlɪ ˈprɒsɪkwaɪ		𐑯𐑴𐑤𐑦 𐑐𐑮𐑪𐑕𐑦𐑒𐑢𐑲		unknown
nolle prosequi	VVI	GenAm	ˌnoʊli ˈproʊsɪkwaɪ		𐑯𐑴𐑤𐑦 𐑐𐑮𐑴𐑕𐑦𐑒𐑢𐑲		unknown
nolle prosequi	VVI	GenAm	ˌnoʊli ˈproʊsɪkwi		𐑯𐑴𐑤𐑦 𐑐𐑮𐑴𐑕𐑦𐑒𐑢𐑦		unknown
nolle prosequi	VVI	GenAm	ˌnɒli ˈprɒsɪkwi		𐑯𐑪𐑤𐑦 𐑐𐑮𐑪𐑕𐑦𐑒𐑢𐑦		unknown
Deutsche Mark	NN1	RSSB	dɔɪtʃmɑːRk		𐑛𐑶𐑗𐑥𐑸𐑒		unknown
Deutsche Mark	NN1	GenAm	ˈdɔɪtʃmɑːRk		𐑛𐑶𐑗𐑥𐑸𐑒		unknown
dan buoy	NN1	RSSB	dæn ˈbɔɪ	dæn bɔɪ	𐑛𐑨𐑯 𐑚𐑶	𐑛𐑨𐑯𐑚𐑶	matches
dan buoy	NN1	GenAm	dæn ˈbɔɪ	dæn bɔɪ	𐑛𐑨𐑯 𐑚𐑶	𐑛𐑨𐑯𐑚𐑶	matches
dan buoy	NN1	GenAm	dæn ˈbui	dæn bɔɪ	𐑛𐑨𐑯 𐑚𐑫𐑦	𐑛𐑨𐑯𐑚𐑶	divergent
curry comb	NN1	RSSB	ˈkʌriˌkəʊm	ˈkʌri kəʊm	𐑒𐑳𐑮𐑦𐑒𐑴𐑥	𐑒𐑳𐑮𐑦𐑒𐑴𐑥	matches
curry comb	NN1	GenAm	ˈkəriˌkoʊm	ˈkʌri kəʊm	𐑒𐑼𐑦𐑒𐑴𐑥	𐑒𐑳𐑮𐑦𐑒𐑴𐑥	divergent
Marcha Real	NP0	RSSB	mɑːRtʃə reɪɑːl		𐑥𐑸𐑗𐑩 𐑮𐑱𐑭𐑤		unknown
Marcha Real	NP0	RSSB	mɑːRtʃə reɪˈal		𐑥𐑸𐑗𐑩 𐑮𐑱𐑨𐑤		unknown
Marcha Real	NP0	GenAm	ˌmɑːRtʃə reɪˈɒl		𐑥𐑸𐑗𐑩 𐑮𐑱𐑪𐑤		unknown
steam locomotive	NN1	GenAm	stiːm ˌloʊkəˈmoʊtiv	stiːm ˌləʊkəˈməʊtɪv	𐑕𐑑𐑰𐑥 𐑤𐑴𐑒𐑩𐑥𐑴𐑑𐑦𐑝	𐑕𐑑𐑰𐑥𐑤𐑴𐑒𐑩𐑥𐑴𐑑𐑦𐑝	matches
steam locomotive	NN1	RSSB	stiːm ˌləʊkəʊˈməʊtiv	stiːm ˌləʊkəˈməʊtɪv	𐑕𐑑𐑰𐑥 𐑤𐑴𐑒𐑴𐑥𐑴𐑑𐑦𐑝	𐑕𐑑𐑰𐑥𐑤𐑴𐑒𐑩𐑥𐑴𐑑𐑦𐑝	divergent
steam shovel	NN1	RSSB	ˈstiːm ˌʃʌvəl	stiːm ˈʃʌvəl	𐑕𐑑𐑰𐑥 𐑖𐑳𐑝𐑩𐑤	𐑕𐑑𐑰𐑥𐑖𐑳𐑝𐑩𐑤	matches
steam shovel	NN1	GenAm	ˈstim ˌʃʌvəl	stiːm ˈʃʌvəl	𐑕𐑑𐑦𐑥 𐑖𐑳𐑝𐑩𐑤	𐑕𐑑𐑰𐑥𐑖𐑳𐑝𐑩𐑤	divergent
steam shovel	VVI	RSSB	ˈstiːm ˌʃʌvəl	stiːm ˈʃʌvəl	𐑕𐑑𐑰𐑥 𐑖𐑳𐑝𐑩𐑤	𐑕𐑑𐑰𐑥𐑖𐑳𐑝𐑩𐑤	matches
steam shovel	VVI	GenAm	ˈstim ˌʃʌvəl	stiːm ˈʃʌvəl	𐑕𐑑𐑦𐑥 𐑖𐑳𐑝𐑩𐑤	𐑕𐑑𐑰𐑥𐑖𐑳𐑝𐑩𐑤	divergent
law and order	NN1	GenAm	lɒəndˈordəR	lɔː N ˈɔːRdəR	𐑤𐑪𐑩𐑯𐑛𐑪𐑮𐑛𐑼	𐑤𐑷𐑯𐑹𐑛𐑼	divergent
law and order	NN1	RSSB	lɔːəndɔːRdəR	lɔː N ˈɔːRdəR	𐑤𐑷𐑩𐑯𐑛𐑹𐑛𐑼	𐑤𐑷𐑯𐑹𐑛𐑼	divergent
sun dog	NN1	RSSB	ˈsʌn dɒɡ	sʌn dɒɡ	𐑕𐑳𐑯 𐑛𐑪𐑜	𐑕𐑳𐑯𐑛𐑪𐑜	matches
sun dog	NN1	GenAm	ˈsʌn ˌdɒɡ	sʌn dɒɡ	𐑕𐑳𐑯 𐑛𐑪𐑜	𐑕𐑳𐑯𐑛𐑪𐑜	matches
circulatory system	NN1	RSSB	sɜːRkjuːlətəri ˈsɪstəm		𐑕𐑻𐑒𐑿𐑤𐑩𐑑𐑼𐑦 𐑕𐑦𐑕𐑑𐑩𐑥		unknown
circulatory system	NN1	GenAm	ˌsɜːRkjələˌtɔːRi ˈsɪstəm	ˈsɜːRkjələˌtɔːRi ˈsɪstəm	𐑕𐑻𐑒𐑘𐑩𐑤𐑩𐑑𐑹𐑦 𐑕𐑦𐑕𐑑𐑩𐑥	𐑕𐑻𐑒𐑘𐑩𐑤𐑩𐑑𐑹𐑦𐑕𐑦𐑕𐑑𐑩𐑥	matches
evil twin	NN1	RSSB	ˈiːvɪl twɪn	ˈiːvəl twɪn	𐑰𐑝𐑦𐑤 𐑑𐑢𐑦𐑯	𐑰𐑝𐑩𐑤𐑑𐑢𐑦𐑯	matches
evil twin	NN1	RSSB	ˈiːvəl twɪn	ˈiːvəl twɪn	𐑰𐑝𐑩𐑤 𐑑𐑢𐑦𐑯	𐑰𐑝𐑩𐑤𐑑𐑢𐑦𐑯	matches
evil twin	NN1	GenAm	ˈivəl twɪn	ˈiːvəl twɪn	𐑦𐑝𐑩𐑤 𐑑𐑢𐑦𐑯	𐑰𐑝𐑩𐑤𐑑𐑢𐑦𐑯	divergent
Dáil Éireann	NP0	RSSB	dɔɪl eərən		𐑛𐑶𐑤 𐑺𐑩𐑯		unknown
Sherwood Forest	NP0	GenAm	ˈʃɜːRwʊd ˈfɔːRɪst	ˈʃɜːRwʊd ˈfɒrɪst	𐑖𐑻𐑢𐑫𐑛 𐑓𐑹𐑦𐑕𐑑	𐑖𐑻𐑢𐑫𐑛𐑓𐑪𐑮𐑦𐑕𐑑	divergent
Sherwood Forest	NP0	RSSB	ʃɜːRwʊd ˈfɒrɪst		𐑖𐑻𐑢𐑫𐑛 𐑓𐑪𐑮𐑦𐑕𐑑		unknown
Cabriole leg	NN1	GenAm	ˈkæbrioʊl	ˈkæbriˌoʊl leɡ	𐑒𐑨𐑚𐑮𐑦𐑴𐑤	𐑒𐑨𐑚𐑮𐑦𐑴𐑤𐑤𐑧𐑜	divergent
air filter	NN1	GenAm	ɜːr fɪltəR	eəR ˈfɪltəR	𐑻 𐑓𐑦𐑤𐑑𐑼	𐑺𐑓𐑦𐑤𐑑𐑼	divergent
Magna Carta	NP0	RSSB	ˌmæɡnə kɑːRtə		𐑥𐑨𐑜𐑯𐑩 𐑒𐑸𐑑𐑩		unknown
Magna Carta	NP0	GenAm	ˌmæɡnə ˈkɑːrtə		𐑥𐑨𐑜𐑯𐑩 𐑒𐑸𐑑𐑩		unknown
Magna Carta	NN1	RSSB	ˌmæɡnə kɑːRtə		𐑥𐑨𐑜𐑯𐑩 𐑒𐑸𐑑𐑩		unknown
Magna Carta	NN1	GenAm	ˌmæɡnə ˈkɑːrtə		𐑥𐑨𐑜𐑯𐑩 𐑒𐑸𐑑𐑩		unknown
trip hop	NN1	RSSB	ˈtrɪphɒp	trɪp hɒp	𐑑𐑮𐑦𐑐𐑣𐑪𐑐	𐑑𐑮𐑦𐑐𐑣𐑪𐑐	matches
trip hop	NN1	GenAm	ˈtrɪphɒp	trɪp hɒp	𐑑𐑮𐑦𐑐𐑣𐑪𐑐	𐑑𐑮𐑦𐑐𐑣𐑪𐑐	matches
sotto voce	AJ0	RSSB	ˌsɒtəʊ ˈvəʊtʃeɪ		𐑕𐑪𐑑𐑴 𐑝𐑴𐑗𐑱		unknown
sotto voce	AJ0	GenAm	ˌsɒtoʊ ˈvoʊtʃi		𐑕𐑪𐑑𐑴 𐑝𐑴𐑗𐑦		unknown
sotto voce	AV0	RSSB	ˌsɒtəʊ ˈvəʊtʃeɪ		𐑕𐑪𐑑𐑴 𐑝𐑴𐑗𐑱		unknown
sotto voce	AV0	GenAm	ˌsɒtoʊ ˈvoʊtʃi		𐑕𐑪𐑑𐑴 𐑝𐑴𐑗𐑦		unknown
sotto voce	NN1	RSSB	ˌsɒtəʊ ˈvəʊtʃeɪ		𐑕𐑪𐑑𐑴 𐑝𐑴𐑗𐑱		unknown
sotto voce	NN1	GenAm	ˌsɒtoʊ ˈvoʊtʃi		𐑕𐑪𐑑𐑴 𐑝𐑴𐑗𐑦		unknown
Old Chinese	NP0	RSSB	ˈəʊld tʃaɪˈniːz	əʊld tʃaɪˈniːz	𐑴𐑤𐑛 𐑗𐑲𐑯𐑰𐑟	𐑴𐑤𐑛𐑗𐑲𐑯𐑰𐑟	matches
Old Chinese	NP0	GenAm	ˈoʊld ˌtʃaɪˈniz	əʊld tʃaɪˈniːz	𐑴𐑤𐑛 𐑗𐑲𐑯𐑦𐑟	𐑴𐑤𐑛𐑗𐑲𐑯𐑰𐑟	divergent
cardinal numeral	NN1	RSSB	kɑːRdɪnəl njuːmərəl	ˈkɑːRdɪnəl ˈnjuːmərəl	𐑒𐑸𐑛𐑦𐑯𐑩𐑤 𐑯𐑿𐑥𐑼𐑩𐑤	𐑒𐑸𐑛𐑦𐑯𐑩𐑤𐑯𐑿𐑥𐑼𐑩𐑤	matches
cardinal numeral	NN1	GenAm	ˈkɑːRdɪnəl ˈnumɜːRəl	ˈkɑːRdɪnəl ˈnuːmərəl	𐑒𐑸𐑛𐑦𐑯𐑩𐑤 𐑯𐑫𐑥𐑻𐑩𐑤	𐑒𐑸𐑛𐑦𐑯𐑩𐑤𐑯𐑵𐑥𐑼𐑩𐑤	divergent
soft spot	NN1	RSSB	sɒft spɒt	sɒft spɒt	𐑕𐑪𐑓𐑑 𐑕𐑐𐑪𐑑	𐑕𐑪𐑓𐑑𐑕𐑐𐑪𐑑	matches
soft spot	NN1	GenAm	sɒft spɒt	sɒft spɒt	𐑕𐑪𐑓𐑑 𐑕𐑐𐑪𐑑	𐑕𐑪𐑓𐑑𐑕𐑐𐑪𐑑	matches
soft spot	NN1	RSSB	sɔːft spɒt	sɒft spɒt	𐑕𐑷𐑓𐑑 𐑕𐑐𐑪𐑑	𐑕𐑪𐑓𐑑𐑕𐑐𐑪𐑑	divergent
top tier	AJ0	RSSB	ˈtɒp tɪəR	tɒp tɪəR	𐑑𐑪𐑐 𐑑𐑽	𐑑𐑪𐑐𐑑𐑽	matches
top tier	AJ0	GenAm	ˈtɒp ˈtɪəR	tɒp tɪəR	𐑑𐑪𐑐 𐑑𐑽	𐑑𐑪𐑐𐑑𐑽	matches
top tier	NN1	RSSB	ˈtɒp tɪəR	tɒp tɪəR	𐑑𐑪𐑐 𐑑𐑽	𐑑𐑪𐑐𐑑𐑽	matches
top tier	NN1	GenAm	ˈtɒp ˈtɪəR	tɒp tɪəR	𐑑𐑪𐑐 𐑑𐑽	𐑑𐑪𐑐𐑑𐑽	matches
liver bird	NN1	RSSB	laɪvəR bɜːRd	ˈlɪvəR bɜːRd	𐑤𐑲𐑝𐑼 𐑚𐑻𐑛	𐑤𐑦𐑝𐑼𐑚𐑻𐑛	divergent
dolce far niente	NN1	RSSB	ˌdɒltʃeɪ fɑːR nɪˈenteɪ		𐑛𐑪𐑤𐑗𐑱 𐑓𐑸 𐑯𐑦𐑧𐑯𐑑𐑱		unknown
dolce far niente	NN1	GenAm	ˌdoʊltʃeɪ ˌfɑːR niˈenteɪ		𐑛𐑴𐑤𐑗𐑱 𐑓𐑸 𐑯𐑦𐑧𐑯𐑑𐑱		unknown
dolce far niente	NN1	GenAm	ˌdoʊltʃi ˌfɑːR niˈenti		𐑛𐑴𐑤𐑗𐑦 𐑓𐑸 𐑯𐑦𐑧𐑯𐑑𐑦		unknown
à gogo	AV0	RSSB	əˈɡəʊɡəʊ		𐑩𐑜𐑴𐑜𐑴		unknown
à gogo	AV0	GenAm	əˈɡoʊɡoʊ		𐑩𐑜𐑴𐑜𐑴		unknown
filthy lucre	NN1	RSSB	ˌfɪlθi ljuːkəR	ˈfɪlθi ˈluːkəR	𐑓𐑦𐑤𐑔𐑦 𐑤𐑿𐑒𐑼	𐑓𐑦𐑤𐑔𐑦𐑤𐑵𐑒𐑼	divergent
filthy lucre	NN1	GenAm	ˌfɪlθi ˈlukər	ˈfɪlθi ˈluːkəR	𐑓𐑦𐑤𐑔𐑦 𐑤𐑫𐑒𐑼	𐑓𐑦𐑤𐑔𐑦𐑤𐑵𐑒𐑼	divergent
Attic salt	NN1	RSSB	ˈatɪk sɔːlt	ˈætɪk sɔːlt	𐑨𐑑𐑦𐑒 𐑕𐑷𐑤𐑑	𐑨𐑑𐑦𐑒𐑕𐑷𐑤𐑑	matches
Attic salt	NN1	RSSB	ˈatɪk sɒlt	ˈætɪk sɔːlt	𐑨𐑑𐑦𐑒 𐑕𐑪𐑤𐑑	𐑨𐑑𐑦𐑒𐑕𐑷𐑤𐑑	divergent
Attic salt	NN1	GenAm	ˈætɪk sɒlt	ˈætɪk sɔːlt	𐑨𐑑𐑦𐑒 𐑕𐑪𐑤𐑑	𐑨𐑑𐑦𐑒𐑕𐑷𐑤𐑑	divergent
just what the doctor ordered	NN1	RSSB	ˌdʒʌst ʍɒt ðə dɒktəR ɔːRdəRd	dʒʌst ʍɒt Ð ˈdɒktəR ˈɔːRdəRd	𐑡𐑳𐑕𐑑 𐑢𐑪𐑑 𐑞𐑩 𐑛𐑪𐑒𐑑𐑼 𐑹𐑛𐑼𐑛	𐑡𐑳𐑕𐑑𐑢𐑪𐑑𐑞𐑛𐑪𐑒𐑑𐑼𐑹𐑛𐑼𐑛	divergent
just what the doctor ordered	NN1	GenAm	ˌdʒʌst ʍɒt ðə ˈdɒktəR ˌɔːRdəRd	dʒʌst ʍʌt Ð ˈdɒktəR ˈɔːRdəRd	𐑡𐑳𐑕𐑑 𐑢𐑪𐑑 𐑞𐑩 𐑛𐑪𐑒𐑑𐑼 𐑹𐑛𐑼𐑛	𐑡𐑳𐑕𐑑𐑢𐑳𐑑𐑞𐑛𐑪𐑒𐑑𐑼𐑹𐑛𐑼𐑛	divergent
what the doctor ordered	NN1	RSSB	ˌʍɒt ðə dɒktəR ɔːRdəRd	ʍɒt Ð ˈdɒktəR ˈɔːRdəRd	𐑢𐑪𐑑 𐑞𐑩 𐑛𐑪𐑒𐑑𐑼 𐑹𐑛𐑼𐑛	𐑢𐑪𐑑𐑞𐑛𐑪𐑒𐑑𐑼𐑹𐑛𐑼𐑛	divergent
what the doctor ordered	NN1	GenAm	ˌʍɒt ðə ˈdɒktəR ˌɔːRdəRd	ʍʌt Ð ˈdɒktəR ˈɔːRdəRd	𐑢𐑪𐑑 𐑞𐑩 𐑛𐑪𐑒𐑑𐑼 𐑹𐑛𐑼𐑛	𐑢𐑳𐑑𐑞𐑛𐑪𐑒𐑑𐑼𐑹𐑛𐑼𐑛	divergent
lone wolf	NN1	RSSB	ləʊn ˈwʊlf	ləʊn wʊlf	𐑤𐑴𐑯 𐑢𐑫𐑤𐑓	𐑤𐑴𐑯𐑢𐑫𐑤𐑓	matches
lone wolf	NN1	GenAm	ˌloʊn ˈwʊlf	ləʊn wʊlf	𐑤𐑴𐑯 𐑢𐑫𐑤𐑓	𐑤𐑴𐑯𐑢𐑫𐑤𐑓	matches
ablative absolute	NN1	GenAm	ˈæblətɪv æbsoʊˈlut	ˈæblətɪv ˈæbsəluːt	𐑨𐑚𐑤𐑩𐑑𐑦𐑝 𐑨𐑚𐑕𐑴𐑤𐑫𐑑	𐑨𐑚𐑤𐑩𐑑𐑦𐑝𐑨𐑚𐑕𐑩𐑤𐑵𐑑	divergent
fortune teller	NN1	RSSB	fɔːRtʃuːn teləR	ˈfɔːRtʃuːn ˈteləR	𐑓𐑹𐑗𐑵𐑯 𐑑𐑧𐑤𐑼	𐑓𐑹𐑗𐑵𐑯𐑑𐑧𐑤𐑼	matches
fortune teller	NN1	GenAm	ˈfortʃun ˈteləR	ˈfɔːRtʃuːn ˈteləR	𐑓𐑪𐑮𐑗𐑫𐑯 𐑑𐑧𐑤𐑼	𐑓𐑹𐑗𐑵𐑯𐑑𐑧𐑤𐑼	divergent
ghost town	NN1	RSSB	ˈɡəʊst taʊn	ɡəʊst taʊn	𐑜𐑴𐑕𐑑 𐑑𐑬𐑯	𐑜𐑴𐑕𐑑𐑑𐑬𐑯	matches
ghost town	NN1	GenAm	ˈɡoʊst taʊn	ɡəʊst taʊn	𐑜𐑴𐑕𐑑 𐑑𐑬𐑯	𐑜𐑴𐑕𐑑𐑑𐑬𐑯	matches
diff EQ	NN1	GenAm	dɪfiˈkjuː		𐑛𐑦𐑓𐑦𐑒𐑿		unknown
slough of despond	NN1	RSSB	ˈslaʊ əv ˈdespɒnd	slaʊ V dɪˈspɒnd	𐑕𐑤𐑬 𐑩𐑝 𐑛𐑧𐑕𐑐𐑪𐑯𐑛	𐑕𐑤𐑬𐑝𐑛𐑦𐑕𐑐𐑪𐑯𐑛	divergent
slough of despond	NN1	GenAm	ˈslaʊ əv deˈspɒnd	slaʊ V dɪˈspɒnd	𐑕𐑤𐑬 𐑩𐑝 𐑛𐑧𐑕𐑐𐑪𐑯𐑛	𐑕𐑤𐑬𐑝𐑛𐑦𐑕𐑐𐑪𐑯𐑛	divergent
slough of despond	NN1	GenAm	ˈsluː	slaʊ V dɪˈspɒnd	𐑕𐑤𐑵	𐑕𐑤𐑬𐑝𐑛𐑦𐑕𐑐𐑪𐑯𐑛	divergent
slough of despond	NN1	GenAm	ˈdespɒnd	slaʊ V dɪˈspɒnd	𐑛𐑧𐑕𐑐𐑪𐑯𐑛	𐑕𐑤𐑬𐑝𐑛𐑦𐑕𐑐𐑪𐑯𐑛	divergent
ankle lock	NN1	RSSB	ˈaŋkəl ˌlɒk	ˈæŋkəl lɒk	𐑨𐑙𐑒𐑩𐑤 𐑤𐑪𐑒	𐑨𐑙𐑒𐑩𐑤𐑤𐑪𐑒	matches
knuckle sandwich	NN1	RSSB	ˈnʌkəl ˈsændwɪdʒ	ˈnʌkəl ˈsænwɪdʒ	𐑯𐑳𐑒𐑩𐑤 𐑕𐑨𐑯𐑛𐑢𐑦𐑡	𐑯𐑳𐑒𐑩𐑤𐑕𐑨𐑯𐑢𐑦𐑡	divergent
knuckle sandwich	NN1	GenAm	ˈnʌkəl ˈsænˌdwɪtʃ	ˈnʌkəl ˈsænwɪdʒ	𐑯𐑳𐑒𐑩𐑤 𐑕𐑨𐑯𐑛𐑢𐑦𐑗	𐑯𐑳𐑒𐑩𐑤𐑕𐑨𐑯𐑢𐑦𐑡	divergent
assembly line	NN1	GenAm	əˈsembli laɪːn	əˈsembli laɪn	𐑩𐑕𐑧𐑥𐑚𐑤𐑦 𐑤𐑲𐑯	𐑩𐑕𐑧𐑥𐑚𐑤𐑦𐑤𐑲𐑯	matches
music to someone's ears	NN1	RSSB	ˈmjuːzɪk tə ˌsʌmwʌnz ɪəRz		𐑥𐑿𐑟𐑦𐑒 𐑑𐑩 𐑕𐑳𐑥𐑢𐑳𐑯𐑟 𐑽𐑟		unknown
music to someone's ears	NN1	GenAm	ˈmjuzɪk tə ˌsʌmwʌnz ˈɪəRz		𐑥𐑘𐑫𐑟𐑦𐑒 𐑑𐑩 𐑕𐑳𐑥𐑢𐑳𐑯𐑟 𐑽𐑟		unknown
window sill	NN1	RSSB	ˈwɪndəʊ ˌsɪl	ˈwɪndəʊ sɪl	𐑢𐑦𐑯𐑛𐑴 𐑕𐑦𐑤	𐑢𐑦𐑯𐑛𐑴𐑕𐑦𐑤	matches
window sill	NN1	GenAm	ˈwɪndoʊ ˌsɪl	ˈwɪndəʊ sɪl	𐑢𐑦𐑯𐑛𐑴 𐑕𐑦𐑤	𐑢𐑦𐑯𐑛𐑴𐑕𐑦𐑤	matches
window sill	NN1	RSSB	ˈwɪndə ˌsɪl	ˈwɪndəʊ sɪl	𐑢𐑦𐑯𐑛𐑩 𐑕𐑦𐑤	𐑢𐑦𐑯𐑛𐑴𐑕𐑦𐑤	divergent
quotation marks	NN1	RSSB	kwəʊˈteɪʃən mɑːRks	kwəʊˈteɪʃən mɑːRks	𐑒𐑢𐑴𐑑𐑱𐑖𐑩𐑯 𐑥𐑸𐑒𐑕	𐑒𐑢𐑴𐑑𐑱𐑖𐑩𐑯𐑥𐑸𐑒𐑕	matches
quotation marks	NN1	GenAm	kwoʊˈteɪʃən mɑːRks	kwəʊˈteɪʃən mɑːRks	𐑒𐑢𐑴𐑑𐑱𐑖𐑩𐑯 𐑥𐑸𐑒𐑕	𐑒𐑢𐑴𐑑𐑱𐑖𐑩𐑯𐑥𐑸𐑒𐑕	matches
taper off	VVI	RSSB	teɪpəR ɒf	ˈteɪpəR ɒf	𐑑𐑱𐑐𐑼 𐑪𐑓	𐑑𐑱𐑐𐑼𐑪𐑓	matches
taper off	VVI	GenAm	ˈteɪpəR ɒf	ˈteɪpəR ɒf	𐑑𐑱𐑐𐑼 𐑪𐑓	𐑑𐑱𐑐𐑼𐑪𐑓	matches
baba ganoush	NN1	RSSB	ˌbɑːbə ɡəˈnuːʃ		𐑚𐑭𐑚𐑩 𐑜𐑩𐑯𐑵𐑖		unknown
baba ganoush	NN1	GenAm	ˌbɒbə ɡəˈnuʃ		𐑚𐑪𐑚𐑩 𐑜𐑩𐑯𐑫𐑖		unknown
doner kebab	NN1	RSSB	dɒnərkəbæb	ˈdɒnəR kəˈbæb	𐑛𐑪𐑯𐑼𐑒𐑩𐑚𐑨𐑚	𐑛𐑪𐑯𐑼𐑒𐑩𐑚𐑨𐑚	matches
doner kebab	NN1	GenAm	ˌdoʊnəR kɪˈbɒb	ˈdɒnəR kəˈbæb	𐑛𐑴𐑯𐑼 𐑒𐑦𐑚𐑪𐑚	𐑛𐑪𐑯𐑼𐑒𐑩𐑚𐑨𐑚	divergent
St. John's wort	NN1	GenAm	seɪnt ˈdʒɒnz wɜːRt		𐑕𐑱𐑯𐑑 𐑡𐑪𐑯𐑟 𐑢𐑻𐑑		unknown
St. John's wort	NN1	RSSB	səntdʒɒnz wɜːRt		𐑕𐑩𐑯𐑑𐑡𐑪𐑯𐑟 𐑢𐑻𐑑		unknown
olla podrida	NN1	RSSB	ˌɒlə pəʊdriːdə		𐑪𐑤𐑩 𐑐𐑴𐑛𐑮𐑰𐑛𐑩		unknown
olla podrida	NN1	GenAm	ˌɒlə pəˈdridə		𐑪𐑤𐑩 𐑐𐑩𐑛𐑮𐑦𐑛𐑩		unknown
olla podrida	NN1	GenAm	ˌɒljə pəˈdridə		𐑪𐑤𐑘𐑩 𐑐𐑩𐑛𐑮𐑦𐑛𐑩		unknown
hostage to fortune	NN1	RSSB	ˌhɒstɪdʒ tə fɔːRtʃuːn	ˈhɒstɪdʒ T ˈfɔːRtʃuːn	𐑣𐑪𐑕𐑑𐑦𐑡 𐑑𐑩 𐑓𐑹𐑗𐑵𐑯	𐑣𐑪𐑕𐑑𐑦𐑡𐑑𐑓𐑹𐑗𐑵𐑯	divergent
hostage to fortune	NN1	GenAm	ˌhɒstɪdʒ tə ˈfortʃun	ˈhɒstɪdʒ T ˈfɔːRtʃuːn	𐑣𐑪𐑕𐑑𐑦𐑡 𐑑𐑩 𐑓𐑪𐑮𐑗𐑫𐑯	𐑣𐑪𐑕𐑑𐑦𐑡𐑑𐑓𐑹𐑗𐑵𐑯	divergent
in potentia	AV0	RSSB	ˌɪn pɒˈtenʃɑː		𐑦𐑯 𐑐𐑪𐑑𐑧𐑯𐑖𐑭		unknown
Boxing Day	NN1	RSSB	ˈbɒksɪŋ deɪ	ˈbɒksɪŋ deɪ	𐑚𐑪𐑒𐑕𐑦𐑙 𐑛𐑱	𐑚𐑪𐑒𐑕𐑦𐑙𐑛𐑱	matches
Boxing Day	NN1	GenAm	ˈbɑːksɪŋ deɪ	ˈbɒksɪŋ deɪ	𐑚𐑭𐑒𐑕𐑦𐑙 𐑛𐑱	𐑚𐑪𐑒𐑕𐑦𐑙𐑛𐑱	divergent
Loch Lomond	NP0	RSSB	ˌlɒx ˈləʊmənd		𐑤𐑪𐑒 𐑤𐑴𐑥𐑩𐑯𐑛		unknown
Loch Lomond	NP0	RSSB	ˌlɒk ˈləʊmənd		𐑤𐑪𐑒 𐑤𐑴𐑥𐑩𐑯𐑛		unknown
Central Europe	NP0	RSSB	sentrəl jəərəp	ˈsentrəl ˈjʊərəp	𐑕𐑧𐑯𐑑𐑮𐑩𐑤 𐑘𐑩𐑼𐑩𐑐	𐑕𐑧𐑯𐑑𐑮𐑩𐑤𐑘𐑫𐑼𐑩𐑐	matches
Central Europe	NP0	GenAm	ˈsentrəl ˈjʊrəp	ˈsentrəl ˈjʊərəp	𐑕𐑧𐑯𐑑𐑮𐑩𐑤 𐑘𐑫𐑮𐑩𐑐	𐑕𐑧𐑯𐑑𐑮𐑩𐑤𐑘𐑫𐑼𐑩𐑐	divergent
et alios	UNC	RSSB	ˌet ˈɑːliɒs		𐑧𐑑 𐑭𐑤𐑦𐑪𐑕		unknown
high roller	NN1	RSSB	ˈhaɪ rəʊləR	haɪ ˈrəʊləR	𐑣𐑲 𐑮𐑴𐑤𐑼	𐑣𐑲𐑮𐑴𐑤𐑼	matches
high roller	NN1	GenAm	ˈhaɪ ˈroʊləR	haɪ ˈrəʊləR	𐑣𐑲 𐑮𐑴𐑤𐑼	𐑣𐑲𐑮𐑴𐑤𐑼	matches
foul up	VVI	RSSB	faʊl ˈʌp	faʊl ʌp	𐑓𐑬𐑤 𐑳𐑐	𐑓𐑬𐑤𐑳𐑐	matches
cocoa butter	NN1	RSSB	ˌkəʊkəʊ bʌtəR	ˈkəʊkəʊ ˈbʌtəR	𐑒𐑴𐑒𐑴 𐑚𐑳𐑑𐑼	𐑒𐑴𐑒𐑴𐑚𐑳𐑑𐑼	matches
cocoa butter	NN1	GenAm	ˌkoʊkoʊ ˈbʌtəR	ˈkəʊkəʊ ˈbʌtəR	𐑒𐑴𐑒𐑴 𐑚𐑳𐑑𐑼	𐑒𐑴𐑒𐑴𐑚𐑳𐑑𐑼	matches
minimum wage	NN1	RSSB	ˌmɪnɪməm ˈweɪdʒ	ˈmɪnɪməm weɪdʒ	𐑥𐑦𐑯𐑦𐑥𐑩𐑥 𐑢𐑱𐑡	𐑥𐑦𐑯𐑦𐑥𐑩𐑥𐑢𐑱𐑡	matches
minimum wage	NN1	GenAm	ˌmɪnəməm ˈweɪdʒ	ˈmɪnɪməm weɪdʒ	𐑥𐑦𐑯𐑩𐑥𐑩𐑥 𐑢𐑱𐑡	𐑥𐑦𐑯𐑦𐑥𐑩𐑥𐑢𐑱𐑡	matches
abietic acid	NN1	GenAm	ˌæbiˈedɪk ˈæsƏd	ˌæbiˈetɪk ˈæsɪd	𐑨𐑚𐑦𐑧𐑛𐑦𐑒 𐑨𐑕𐑩𐑛	𐑨𐑚𐑦𐑧𐑑𐑦𐑒𐑨𐑕𐑦𐑛	divergent
ooh la la	ITJ	RSSB	ˈuːlælæ		𐑵𐑤𐑨𐑤𐑨		unknown
ooh la la	ITJ	RSSB	ˈuːlælɑː		𐑵𐑤𐑨𐑤𐑭		unknown
ooh la la	ITJ	GenAm	ulɒˈlɒ		𐑫𐑤𐑪𐑤𐑪		unknown
wide of the mark	AJ0	RSSB	ˈwaɪd əv ðə mɑːRk	waɪd V Ð mɑːRk	𐑢𐑲𐑛 𐑩𐑝 𐑞𐑩 𐑥𐑸𐑒	𐑢𐑲𐑛𐑝𐑞𐑥𐑸𐑒	divergent
wide of the mark	AJ0	GenAm	ˈwaɪd əv ðə ˈmɑːRk	waɪd V Ð mɑːRk	𐑢𐑲𐑛 𐑩𐑝 𐑞𐑩 𐑥𐑸𐑒	𐑢𐑲𐑛𐑝𐑞𐑥𐑸𐑒	divergent
abscisic acid	NN1	GenAm	ˌæbˈsɪzɪk ˈæsƏd	æbˈsɪsɪk ˈæsɪd	𐑨𐑚𐑕𐑦𐑟𐑦𐑒 𐑨𐑕𐑩𐑛	𐑨𐑚𐑕𐑦𐑕𐑦𐑒𐑨𐑕𐑦𐑛	divergent
abscisic acid	NN1	GenAm	ˌæbˈsɪsɪk ˈæsƏd	æbˈsɪsɪk ˈæsɪd	𐑨𐑚𐑕𐑦𐑕𐑦𐑒 𐑨𐑕𐑩𐑛	𐑨𐑚𐑕𐑦𐑕𐑦𐑒𐑨𐑕𐑦𐑛	matches
Geiger counter	NN1	RSSB	ɡaɪɡəR kaʊntəR	ˈɡaɪɡəR ˈkaʊntəR	𐑜𐑲𐑜𐑼 𐑒𐑬𐑯𐑑𐑼	𐑜𐑲𐑜𐑼𐑒𐑬𐑯𐑑𐑼	matches
Geiger counter	NN1	GenAm	ˈɡaɪɡəR ˈkaʊntəR	ˈɡaɪɡəR ˈkaʊntəR	𐑜𐑲𐑜𐑼 𐑒𐑬𐑯𐑑𐑼	𐑜𐑲𐑜𐑼𐑒𐑬𐑯𐑑𐑼	matches
true blue	AJ0	RSSB	ˌtruː ˈbluː	truː bluː	𐑑𐑮𐑵 𐑚𐑤𐑵	𐑑𐑮𐑵𐑚𐑤𐑵	matches
true blue	AJ0	GenAm	ˌtru ˈblu	truː bluː	𐑑𐑮𐑫 𐑚𐑤𐑫	𐑑𐑮𐑵𐑚𐑤𐑵	divergent
true blue	NN1	RSSB	ˌtruː ˈbluː	truː bluː	𐑑𐑮𐑵 𐑚𐑤𐑵	𐑑𐑮𐑵𐑚𐑤𐑵	matches
true blue	NN1	GenAm	ˌtru ˈblu	truː bluː	𐑑𐑮𐑫 𐑚𐑤𐑫	𐑑𐑮𐑵𐑚𐑤𐑵	divergent
balloon goes up	UNC	RSSB	bəˌluːn ɡəʊz ˈʌp	bəˈluːn ɡəʊz ʌp	𐑚𐑩𐑤𐑵𐑯 𐑜𐑴𐑟 𐑳𐑐	𐑚𐑩𐑤𐑵𐑯𐑜𐑴𐑟𐑳𐑐	matches
balloon goes up	UNC	GenAm	bəˌlun ɡoʊz ˈʌp	bəˈluːn ɡəʊz ʌp	𐑚𐑩𐑤𐑫𐑯 𐑜𐑴𐑟 𐑳𐑐	𐑚𐑩𐑤𐑵𐑯𐑜𐑴𐑟𐑳𐑐	divergent
venture capital	NN1	RSSB	ventʃəR ˈkæpɪtəl	ˈventʃəR ˈkæpɪtəl	𐑝𐑧𐑯𐑗𐑼 𐑒𐑨𐑐𐑦𐑑𐑩𐑤	𐑝𐑧𐑯𐑗𐑼𐑒𐑨𐑐𐑦𐑑𐑩𐑤	matches
venture capital	NN1	GenAm	ˈventʃəR ˈkæpɪtəl	ˈventʃəR ˈkæpɪtəl	𐑝𐑧𐑯𐑗𐑼 𐑒𐑨𐑐𐑦𐑑𐑩𐑤	𐑝𐑧𐑯𐑗𐑼𐑒𐑨𐑐𐑦𐑑𐑩𐑤	matches
du jour	AJ0	RSSB	duː ʒʊəR	duː ʒʊəR	𐑛𐑵 𐑠𐑫𐑼	𐑛𐑵𐑠𐑫𐑼	matches
du jour	AJ0	GenAm	də ˈʒʊr	duː ʒʊəR	𐑛𐑩 𐑠𐑫𐑮	𐑛𐑵𐑠𐑫𐑼	divergent
du jour	AJ0	GenAm	du ˈʒʊr	duː ʒʊəR	𐑛𐑫 𐑠𐑫𐑮	𐑛𐑵𐑠𐑫𐑼	divergent
abstract algebra	NN1	RSSB	ˈæbˌstrækt ældʒɪbrə	ˈæbstrækt ˈældʒɪbrə	𐑨𐑚𐑕𐑑𐑮𐑨𐑒𐑑 𐑨𐑤𐑡𐑦𐑚𐑮𐑩	𐑨𐑚𐑕𐑑𐑮𐑨𐑒𐑑𐑨𐑤𐑡𐑦𐑚𐑮𐑩	matches
abstract algebra	NN1	RSSB	ˈæbˌstrækt ældʒəbrə	ˈæbstrækt ˈældʒɪbrə	𐑨𐑚𐑕𐑑𐑮𐑨𐑒𐑑 𐑨𐑤𐑡𐑩𐑚𐑮𐑩	𐑨𐑚𐑕𐑑𐑮𐑨𐑒𐑑𐑨𐑤𐑡𐑦𐑚𐑮𐑩	matches
city hall	NN1	RSSB	ˈsɪti ˌhɔːl	ˈsɪti hɔːl	𐑕𐑦𐑑𐑦 𐑣𐑷𐑤	𐑕𐑦𐑑𐑦𐑣𐑷𐑤	matches
city hall	NN1	RSSB	ˈsɪtɪ ˌhɔːl	ˈsɪti hɔːl	𐑕𐑦𐑑𐑦 𐑣𐑷𐑤	𐑕𐑦𐑑𐑦𐑣𐑷𐑤	matches
city hall	NN1	GenAm	ˈsɪti ˌhɒl	ˈsɪti hɔːl	𐑕𐑦𐑑𐑦 𐑣𐑪𐑤	𐑕𐑦𐑑𐑦𐑣𐑷𐑤	divergent
Houston, we have a problem	UNC	RSSB	ˈhjuːstən ˌwiː hæv ə prɒbləm		𐑣𐑿𐑕𐑑𐑩𐑯 𐑢𐑰 𐑣𐑨𐑝 𐑩 𐑐𐑮𐑪𐑚𐑤𐑩𐑥		unknown
Houston, we have a problem	UNC	GenAm	ˈhjustən ˌwi hæv ə ˈprɒbləm		𐑣𐑘𐑫𐑕𐑑𐑩𐑯 𐑢𐑦 𐑣𐑨𐑝 𐑩 𐑐𐑮𐑪𐑚𐑤𐑩𐑥		unknown
a whole nother	DT0	RSSB	ə ˈhəʊl nʌðəR		𐑩 𐑣𐑴𐑤 𐑯𐑳𐑞𐑼		unknown
a whole nother	DT0	GenAm	ə ˈhoʊl ˌnʌðər	ə həʊl ˈnʌðər	𐑩 𐑣𐑴𐑤 𐑯𐑳𐑞𐑼	𐑩𐑣𐑴𐑤𐑯𐑳𐑞𐑼	matches
go to hell	VVI	RSSB	ˌɡəʊ tə ˈhel	ɡəʊ T hel	𐑜𐑴 𐑑𐑩 𐑣𐑧𐑤	𐑜𐑴𐑑𐑣𐑧𐑤	divergent
go to hell	VVI	GenAm	ˌɡoʊ tə ˈhel	ɡəʊ T hel	𐑜𐑴 𐑑𐑩 𐑣𐑧𐑤	𐑜𐑴𐑑𐑣𐑧𐑤	divergent
go to hell	VVI	GenAm	ˌɡoʊtə ˈhel	ɡəʊ T hel	𐑜𐑴𐑑𐑩 𐑣𐑧𐑤	𐑜𐑴𐑑𐑣𐑧𐑤	divergent
as per	PRP	RSSB	ˌæz pɜːR	æz pɜːR	𐑨𐑟 𐑐𐑻	𐑨𐑟𐑐𐑻	matches
as per	PRP	GenAm	ˌæz ˈpɜːR	æz pɜːR	𐑨𐑟 𐑐𐑻	𐑨𐑟𐑐𐑻	matches
as per	AV0	RSSB	ˌæz pɜːR	æz pɜːR	𐑨𐑟 𐑐𐑻	𐑨𐑟𐑐𐑻	matches
as per	AV0	GenAm	ˌæz ˈpɜːR	æz pɜːR	𐑨𐑟 𐑐𐑻	𐑨𐑟𐑐𐑻	matches
pencil case	NN1	RSSB	ˈpensəl ˌkeɪs	ˈpensəl keɪs	𐑐𐑧𐑯𐑕𐑩𐑤 𐑒𐑱𐑕	𐑐𐑧𐑯𐑕𐑩𐑤𐑒𐑱𐑕	matches
pencil case	NN1	GenAm	ˈpensəl ˌkeɪs	ˈpensəl keɪs	𐑐𐑧𐑯𐑕𐑩𐑤 𐑒𐑱𐑕	𐑐𐑧𐑯𐑕𐑩𐑤𐑒𐑱𐑕	matches
pencil case	NN1	RSSB	ˈpensɪl ˌkeɪs	ˈpensəl keɪs	𐑐𐑧𐑯𐑕𐑦𐑤 𐑒𐑱𐑕	𐑐𐑧𐑯𐑕𐑩𐑤𐑒𐑱𐑕	matches
promissory note	NN1	GenAm	ˈprɒmɪsɔːRiˌnoʊt	ˈprɒmɪsəri nəʊt	𐑐𐑮𐑪𐑥𐑦𐑕𐑹𐑦𐑯𐑴𐑑	𐑐𐑮𐑪𐑥𐑦𐑕𐑼𐑦𐑯𐑴𐑑	divergent
dumpster diving	NN1	RSSB	dʌmpstəRdaɪvɪŋ		𐑛𐑳𐑥𐑐𐑕𐑑𐑼𐑛𐑲𐑝𐑦𐑙		unknown
dumpster diving	NN1	GenAm	ˈdʌmpstəRˈdaɪvɪŋ		𐑛𐑳𐑥𐑐𐑕𐑑𐑼𐑛𐑲𐑝𐑦𐑙		unknown
dumpster diving	VVI	RSSB	dʌmpstəRdaɪvɪŋ		𐑛𐑳𐑥𐑐𐑕𐑑𐑼𐑛𐑲𐑝𐑦𐑙		unknown
dumpster diving	VVI	GenAm	ˈdʌmpstəRˈdaɪvɪŋ		𐑛𐑳𐑥𐑐𐑕𐑑𐑼𐑛𐑲𐑝𐑦𐑙		unknown
dot matrix	NN1	RSSB	ˈdɒt ˌmeɪtrɪks	dɒt ˈmeɪtrɪks	𐑛𐑪𐑑 𐑥𐑱𐑑𐑮𐑦𐑒𐑕	𐑛𐑪𐑑𐑥𐑱𐑑𐑮𐑦𐑒𐑕	matches
dot matrix	NN1	GenAm	ˈdɒt ˌmætrɪks	dɒt ˈmeɪtrɪks	𐑛𐑪𐑑 𐑥𐑨𐑑𐑮𐑦𐑒𐑕	𐑛𐑪𐑑𐑥𐑱𐑑𐑮𐑦𐑒𐑕	divergent
dang it	ITJ	GenAm	ˈdeŋɪ		𐑛𐑧𐑙𐑦		unknown
de die in diem	AV0	RSSB	deɪˌdiːeɪjɪnˈdiːem		𐑛𐑱𐑛𐑰𐑱𐑘𐑦𐑯𐑛𐑰𐑧𐑥		unknown
greige goods	NN1	RSSB	ɡreɪʒ ˈɡʊdz		𐑜𐑮𐑱𐑠 𐑜𐑫𐑛𐑟		unknown
greige goods	NN1	GenAm	ɡreɪʒ ˈɡʊdz	ɡreɪʒ ɡʊdz	𐑜𐑮𐑱𐑠 𐑜𐑫𐑛𐑟	𐑜𐑮𐑱𐑠𐑜𐑫𐑛𐑟	matches
cat's meow	NN1	GenAm	ˌkætsmiˈaʊ		𐑒𐑨𐑑𐑕𐑥𐑦𐑬		unknown
screwed up	VVI	RSSB	ˈskruːd ʌp	skruːd ʌp	𐑕𐑒𐑮𐑵𐑛 𐑳𐑐	𐑕𐑒𐑮𐑵𐑛𐑳𐑐	matches
screwed up	VVI	RSSB	ˈskruːdʌp	skruːd ʌp	𐑕𐑒𐑮𐑵𐑛𐑳𐑐	𐑕𐑒𐑮𐑵𐑛𐑳𐑐	matches
screwed up	VVI	GenAm	ˈskrud ʌp	skruːd ʌp	𐑕𐑒𐑮𐑫𐑛 𐑳𐑐	𐑕𐑒𐑮𐑵𐑛𐑳𐑐	divergent
screwed up	VVI	GenAm	ˈskrudʌp	skruːd ʌp	𐑕𐑒𐑮𐑫𐑛𐑳𐑐	𐑕𐑒𐑮𐑵𐑛𐑳𐑐	divergent
screwed up	AJ0	RSSB	ˈskruːd ʌp	skruːd ʌp	𐑕𐑒𐑮𐑵𐑛 𐑳𐑐	𐑕𐑒𐑮𐑵𐑛𐑳𐑐	matches
screwed up	AJ0	RSSB	ˈskruːdʌp	skruːd ʌp	𐑕𐑒𐑮𐑵𐑛𐑳𐑐	𐑕𐑒𐑮𐑵𐑛𐑳𐑐	matches
screwed up	AJ0	GenAm	ˈskrud ʌp	skruːd ʌp	𐑕𐑒𐑮𐑫𐑛 𐑳𐑐	𐑕𐑒𐑮𐑵𐑛𐑳𐑐	divergent
screwed up	AJ0	GenAm	ˈskrudʌp	skruːd ʌp	𐑕𐑒𐑮𐑫𐑛𐑳𐑐	𐑕𐑒𐑮𐑵𐑛𐑳𐑐	divergent
kia ora	ITJ	RSSB	kiːəɔːrə		𐑒𐑰𐑩𐑹𐑩		unknown
kia ora	ITJ	GenAm	ˌkiʌˈoːrə		𐑒𐑦𐑳𐑪𐑮𐑩		unknown
Van Gogh	NP0	GenAm	vænˈɡoʊ		𐑝𐑨𐑯𐑜𐑴		unknown
Van Gogh	NP0	RSSB	vanˈɡɒx		𐑝𐑨𐑯𐑜𐑪𐑒		unknown
Van Gogh	NP0	RSSB	ˈɡɒf		𐑜𐑪𐑓		unknown
Super Bowl	NP0	RSSB	suːpəR bəʊl	ˈsuːpəR bəʊl	𐑕𐑵𐑐𐑼 𐑚𐑴𐑤	𐑕𐑵𐑐𐑼𐑚𐑴𐑤	matches
Super Bowl	NP0	GenAm	ˈsupər boʊl	ˈsuːpəR bəʊl	𐑕𐑫𐑐𐑼 𐑚𐑴𐑤	𐑕𐑵𐑐𐑼𐑚𐑴𐑤	divergent
mad as a hatter	AJ0	RSSB	ˌmæd æz ə hætəR	mæd æz ə ˈhætəR	𐑥𐑨𐑛 𐑨𐑟 𐑩 𐑣𐑨𐑑𐑼	𐑥𐑨𐑛𐑨𐑟𐑩𐑣𐑨𐑑𐑼	matches
mad as a hatter	AJ0	GenAm	ˌmæd æz ə ˈhætəR	mæd æz ə ˈhætəR	𐑥𐑨𐑛 𐑨𐑟 𐑩 𐑣𐑨𐑑𐑼	𐑥𐑨𐑛𐑨𐑟𐑩𐑣𐑨𐑑𐑼	matches
knacker's yard	NN1	RSSB	nækəRz jɑːRd		𐑯𐑨𐑒𐑼𐑟 𐑘𐑸𐑛		unknown
knacker's yard	NN1	GenAm	ˈnækəRz ˌjɑːRd		𐑯𐑨𐑒𐑼𐑟 𐑘𐑸𐑛		unknown
turf war	NN1	GenAm	ˈtəRf wor	tɜːRf wɔːR	𐑑𐑼𐑓 𐑢𐑪𐑮	𐑑𐑻𐑓𐑢𐑹	divergent
turf war	NN1	RSSB	tɜːRf wɔːR	tɜːRf wɔːR	𐑑𐑻𐑓 𐑢𐑹	𐑑𐑻𐑓𐑢𐑹	matches
face the music	VVI	RSSB	ˌfeɪs ðə ˈmjuːzɪk	feɪs Ð ˈmjuːzɪk	𐑓𐑱𐑕 𐑞𐑩 𐑥𐑿𐑟𐑦𐑒	𐑓𐑱𐑕𐑞𐑥𐑿𐑟𐑦𐑒	divergent
face the music	VVI	GenAm	ˌfeɪs ðə ˈmjuzɪk	feɪs Ð ˈmjuːzɪk	𐑓𐑱𐑕 𐑞𐑩 𐑥𐑘𐑫𐑟𐑦𐑒	𐑓𐑱𐑕𐑞𐑥𐑿𐑟𐑦𐑒	divergent
Pinkerton syndrome	NP0	RSSB	pɪŋkəRtən ˈsɪndrəʊm	ˈpɪŋkəRtən ˈsɪndrəʊm	𐑐𐑦𐑙𐑒𐑼𐑑𐑩𐑯 𐑕𐑦𐑯𐑛𐑮𐑴𐑥	𐑐𐑦𐑙𐑒𐑼𐑑𐑩𐑯𐑕𐑦𐑯𐑛𐑮𐑴𐑥	matches
Pinkerton syndrome	NP0	GenAm	ˈpɪŋkəRtən ˈsɪndroʊm	ˈpɪŋkəRtən ˈsɪndrəʊm	𐑐𐑦𐑙𐑒𐑼𐑑𐑩𐑯 𐑕𐑦𐑯𐑛𐑮𐑴𐑥	𐑐𐑦𐑙𐑒𐑼𐑑𐑩𐑯𐑕𐑦𐑯𐑛𐑮𐑴𐑥	matches
Pinkerton syndrome	NP0	GenAm	ˈpɪŋkəRtən ˈsɪndrəm	ˈpɪŋkəRtən ˈsɪndrəʊm	𐑐𐑦𐑙𐑒𐑼𐑑𐑩𐑯 𐑕𐑦𐑯𐑛𐑮𐑩𐑥	𐑐𐑦𐑙𐑒𐑼𐑑𐑩𐑯𐑕𐑦𐑯𐑛𐑮𐑴𐑥	divergent
steely-eyed missile man	NN1	RSSB	ˈstiːliˌaɪd ˈmɪsaɪl ˌmæn		𐑕𐑑𐑰𐑤𐑦𐑲𐑛 𐑥𐑦𐑕𐑲𐑤 𐑥𐑨𐑯		unknown
steely-eyed missile man	NN1	GenAm	ˈstiliˌaɪd ˈmɪsəl ˌmæn	ˈstiliˌaɪd ˈmɪsaɪl mæn	𐑕𐑑𐑦𐑤𐑦𐑲𐑛 𐑥𐑦𐑕𐑩𐑤 𐑥𐑨𐑯	𐑕𐑑𐑦𐑤𐑦𐑲𐑛𐑥𐑦𐑕𐑲𐑤𐑥𐑨𐑯	divergent
vale of tears	NN1	RSSB	ˈveɪl əv tɪəRz	veɪl V teəRz	𐑝𐑱𐑤 𐑩𐑝 𐑑𐑽𐑟	𐑝𐑱𐑤𐑝𐑑𐑺𐑟	divergent
vale of tears	NN1	GenAm	ˈveɪl əv ˈtɪəRz	veɪl V teəRz	𐑝𐑱𐑤 𐑩𐑝 𐑑𐑽𐑟	𐑝𐑱𐑤𐑝𐑑𐑺𐑟	divergent
all the time	AV0	RSSB	ɔːl ðə taɪm	ɔːl Ð taɪm	𐑷𐑤 𐑞𐑩 𐑑𐑲𐑥	𐑷𐑤𐑞𐑑𐑲𐑥	divergent
all the time	AV0	GenAm	ɒl ðə taɪm	ɔːl Ð taɪm	𐑪𐑤 𐑞𐑩 𐑑𐑲𐑥	𐑷𐑤𐑞𐑑𐑲𐑥	divergent
game over	UNC	RSSB	ˌɡeɪm əʊvər	ɡeɪm ˈəʊvəR	𐑜𐑱𐑥 𐑴𐑝𐑼	𐑜𐑱𐑥𐑴𐑝𐑼	matches
game over	UNC	GenAm	ˌɡeɪm ˈoʊvəR	ɡeɪm ˈəʊvəR	𐑜𐑱𐑥 𐑴𐑝𐑼	𐑜𐑱𐑥𐑴𐑝𐑼	matches
game over	NN1	RSSB	ˌɡeɪm əʊvər	ɡeɪm ˈəʊvəR	𐑜𐑱𐑥 𐑴𐑝𐑼	𐑜𐑱𐑥𐑴𐑝𐑼	matches
game over	NN1	GenAm	ˌɡeɪm ˈoʊvəR	ɡeɪm ˈəʊvəR	𐑜𐑱𐑥 𐑴𐑝𐑼	𐑜𐑱𐑥𐑴𐑝𐑼	matches
game over	VVI	RSSB	ˌɡeɪm əʊvər	ɡeɪm ˈəʊvəR	𐑜𐑱𐑥 𐑴𐑝𐑼	𐑜𐑱𐑥𐑴𐑝𐑼	matches
game over	VVI	GenAm	ˌɡeɪm ˈoʊvəR	ɡeɪm ˈəʊvəR	𐑜𐑱𐑥 𐑴𐑝𐑼	𐑜𐑱𐑥𐑴𐑝𐑼	matches
kissing cousin	NN1	RSSB	ˌkɪsɪŋ ˈkʌzən	ˈkɪsɪŋ ˈkʌzən	𐑒𐑦𐑕𐑦𐑙 𐑒𐑳𐑟𐑩𐑯	𐑒𐑦𐑕𐑦𐑙𐑒𐑳𐑟𐑩𐑯	matches
kissing cousin	NN1	GenAm	ˌkɪsɪŋ ˈkʌzən	ˈkɪsɪŋ ˈkʌzən	𐑒𐑦𐑕𐑦𐑙 𐑒𐑳𐑟𐑩𐑯	𐑒𐑦𐑕𐑦𐑙𐑒𐑳𐑟𐑩𐑯	matches
Mardi Gras	NP0	RSSB	mɑːRdi ɡrɑː		𐑥𐑸𐑛𐑦 𐑜𐑮𐑭		unknown
Mardi Gras	NP0	GenAm	ˈmɑːRdi ɡrɒ		𐑥𐑸𐑛𐑦 𐑜𐑮𐑪		unknown
the end	UNC	RSSB	ðiː end	Ð end	𐑞𐑰 𐑧𐑯𐑛	𐑞𐑧𐑯𐑛	divergent
the end	UNC	GenAm	ði end	Ð end	𐑞𐑦 𐑧𐑯𐑛	𐑞𐑧𐑯𐑛	divergent
Bronx cheer	NN1	RSSB	ˌbrɒŋks tʃɪəR	brɒŋks tʃɪəR	𐑚𐑮𐑪𐑙𐑒𐑕 𐑗𐑽	𐑚𐑮𐑪𐑙𐑒𐑕𐑗𐑽	matches
Bronx cheer	NN1	GenAm	ˌbrɒŋks ˈtʃɪr	brɒŋks tʃɪəR	𐑚𐑮𐑪𐑙𐑒𐑕 𐑗𐑦𐑮	𐑚𐑮𐑪𐑙𐑒𐑕𐑗𐑽	divergent
peanut butters	NN1	RSSB	ˌpiːnʌt bʌtəRz	ˈpiːnʌt ˈbʌtəRz	𐑐𐑰𐑯𐑳𐑑 𐑚𐑳𐑑𐑼𐑟	𐑐𐑰𐑯𐑳𐑑𐑚𐑳𐑑𐑼𐑟	matches
arctic fox	NN1	RSSB	ɑːRktɪk fɒks	ˈɑːRktɪk fɒks	𐑸𐑒𐑑𐑦𐑒 𐑓𐑪𐑒𐑕	𐑸𐑒𐑑𐑦𐑒𐑓𐑪𐑒𐑕	matches
arctic fox	NN1	GenAm	ˈɑːRktɪk fɒks	ˈɑːRktɪk fɒks	𐑸𐑒𐑑𐑦𐑒 𐑓𐑪𐑒𐑕	𐑸𐑒𐑑𐑦𐑒𐑓𐑪𐑒𐑕	matches
amusement park	NN1	GenAm	əˈmjuzməntˌpɑːRk	əˈmjuːzmənt pɑːRk	𐑩𐑥𐑘𐑫𐑟𐑥𐑩𐑯𐑑𐑐𐑸𐑒	𐑩𐑥𐑿𐑟𐑥𐑩𐑯𐑑𐑐𐑸𐑒	divergent
far right	NN1	RSSB	fɑːR ˈrʌɪt	fɑːR raɪt	𐑓𐑸 𐑮𐑳𐑦𐑑	𐑓𐑸𐑮𐑲𐑑	divergent
far right	NN1	GenAm	ˌfɑːR ˈraɪt	fɑːR raɪt	𐑓𐑸 𐑮𐑲𐑑	𐑓𐑸𐑮𐑲𐑑	matches
pain au chocolat	NN1	RSSB	ˌpan əʊ ˈʃɒkəlɑː		𐑐𐑨𐑯 𐑴 𐑖𐑪𐑒𐑩𐑤𐑭		unknown
pain au chocolat	NN1	GenAm	ˌpæn oʊ ˌʃoʊkoʊˈlɒ		𐑐𐑨𐑯 𐑴 𐑖𐑴𐑒𐑴𐑤𐑪		unknown
milk chocolate	NN1	GenAm	mɪlk ˈtʃɒklət	mɪlk ˈtʃɒkələt	𐑥𐑦𐑤𐑒 𐑗𐑪𐑒𐑤𐑩𐑑	𐑥𐑦𐑤𐑒𐑗𐑪𐑒𐑩𐑤𐑩𐑑	divergent
milk chocolate	NN1	RSSB	mɪlk ˈtʃɑːklɪt	mɪlk ˈtʃɒkələt	𐑥𐑦𐑤𐑒 𐑗𐑭𐑒𐑤𐑦𐑑	𐑥𐑦𐑤𐑒𐑗𐑪𐑒𐑩𐑤𐑩𐑑	divergent
in for a penny, in for a pound	UNC	RSSB	ɪn fərə peni ɪn fərə paʊnd		𐑦𐑯 𐑓𐑼𐑩 𐑐𐑧𐑯𐑦 𐑦𐑯 𐑓𐑼𐑩 𐑐𐑬𐑯𐑛		unknown
in for a penny, in for a pound	UNC	GenAm	ɪn fɔːR ə ˈpeni ɪn fɔːR ə paʊnd		𐑦𐑯 𐑓𐑹 𐑩 𐑐𐑧𐑯𐑦 𐑦𐑯 𐑓𐑹 𐑩 𐑐𐑬𐑯𐑛		unknown
kingdom come	NN1	GenAm	ˌkɪŋdəm ˈkɒm	ˈkɪŋdəm kʌm	𐑒𐑦𐑙𐑛𐑩𐑥 𐑒𐑪𐑥	𐑒𐑦𐑙𐑛𐑩𐑥𐑒𐑳𐑥	divergent
baseball cap	NN1	RSSB	ˈbeɪsbɔːl ˌkæp	ˈbeɪsbɔːl kæp	𐑚𐑱𐑕𐑚𐑷𐑤 𐑒𐑨𐑐	𐑚𐑱𐑕𐑚𐑷𐑤𐑒𐑨𐑐	matches
baseball cap	NN1	GenAm	ˈbeɪsbɒl ˌkæp	ˈbeɪsbɔːl kæp	𐑚𐑱𐑕𐑚𐑪𐑤 𐑒𐑨𐑐	𐑚𐑱𐑕𐑚𐑷𐑤𐑒𐑨𐑐	divergent
abstract art	NN1	RSSB	ˈæbˌstrækt ɑːrt	ˈæbstrækt ɑːRt	𐑨𐑚𐑕𐑑𐑮𐑨𐑒𐑑 𐑸𐑑	𐑨𐑚𐑕𐑑𐑮𐑨𐑒𐑑𐑸𐑑	matches
abstract art	NN1	GenAm	ˈæbˌstrækt ɑːRt	ˈæbstrækt ɑːRt	𐑨𐑚𐑕𐑑𐑮𐑨𐑒𐑑 𐑸𐑑	𐑨𐑚𐑕𐑑𐑮𐑨𐑒𐑑𐑸𐑑	matches
paint oneself into a corner	VVI	RSSB	ˈpeɪnt wʌnˈself ˈɪntʊ ə kɔːRnər	peɪnt wʌnˈself ˈɪntuː ə ˈkɔːRnəR	𐑐𐑱𐑯𐑑 𐑢𐑳𐑯𐑕𐑧𐑤𐑓 𐑦𐑯𐑑𐑫 𐑩 𐑒𐑹𐑯𐑼	𐑐𐑱𐑯𐑑𐑢𐑳𐑯𐑕𐑧𐑤𐑓𐑦𐑯𐑑𐑵𐑩𐑒𐑹𐑯𐑼	divergent
paint oneself into a corner	VVI	GenAm	ˈpeɪnt wʌnˈself ˈɪntu ə ˈkɔːRnəR	peɪnt wʌnˈself ˈɪntuː ə ˈkɔːRnəR	𐑐𐑱𐑯𐑑 𐑢𐑳𐑯𐑕𐑧𐑤𐑓 𐑦𐑯𐑑𐑫 𐑩 𐑒𐑹𐑯𐑼	𐑐𐑱𐑯𐑑𐑢𐑳𐑯𐑕𐑧𐑤𐑓𐑦𐑯𐑑𐑵𐑩𐑒𐑹𐑯𐑼	divergent
north wind	NN1	GenAm	ˈnorθ wɪnd	nɔːRθ wɪnd	𐑯𐑪𐑮𐑔 𐑢𐑦𐑯𐑛	𐑯𐑹𐑔𐑢𐑦𐑯𐑛	divergent
north wind	NN1	RSSB	nɔːRθ wɪnd	nɔːRθ wɪnd	𐑯𐑹𐑔 𐑢𐑦𐑯𐑛	𐑯𐑹𐑔𐑢𐑦𐑯𐑛	matches
wine-whine merger	NN1	RSSB	waɪnˈwaɪn mɜːRdʒər		𐑢𐑲𐑯𐑢𐑲𐑯 𐑥𐑻𐑡𐑼		unknown
wine-whine merger	NN1	GenAm	waɪnˈʍaɪn ˌmɜːRdʒəR		𐑢𐑲𐑯𐑢𐑲𐑯 𐑥𐑻𐑡𐑼		unknown
paper candidate	NN1	RSSB	peɪpəR ˈkændɪdət	ˈpeɪpəR ˈkændɪdət	𐑐𐑱𐑐𐑼 𐑒𐑨𐑯𐑛𐑦𐑛𐑩𐑑	𐑐𐑱𐑐𐑼𐑒𐑨𐑯𐑛𐑦𐑛𐑩𐑑	matches
paper candidate	NN1	GenAm	ˈpeɪpəR ˈkændɪdeɪt	ˈpeɪpəR ˈkændɪdət	𐑐𐑱𐑐𐑼 𐑒𐑨𐑯𐑛𐑦𐑛𐑱𐑑	𐑐𐑱𐑐𐑼𐑒𐑨𐑯𐑛𐑦𐑛𐑩𐑑	divergent
Dar es Salaam	NP0	GenAm	ˌdɑːRessəˈlɒm		𐑛𐑸𐑧𐑕𐑕𐑩𐑤𐑪𐑥		unknown
Dar es Salaam	NP0	RSSB	dɑːressəlɑːm		𐑛𐑸𐑧𐑕𐑕𐑩𐑤𐑭𐑥		unknown
no longer	AV0	GenAm	noʊ ˈlɒŋɡəR	nəʊ ˈlɒŋɡəR	𐑯𐑴 𐑤𐑪𐑙𐑜𐑼	𐑯𐑴𐑤𐑪𐑙𐑜𐑼	matches
punching bag	NN1	RSSB	ˈpʌntʃɪŋ ˌbæɡ	ˈpʌntʃɪŋ bæɡ	𐑐𐑳𐑯𐑗𐑦𐑙 𐑚𐑨𐑜	𐑐𐑳𐑯𐑗𐑦𐑙𐑚𐑨𐑜	matches
punching bag	NN1	GenAm	ˈpʌntʃɪŋ ˌbæɡ	ˈpʌntʃɪŋ bæɡ	𐑐𐑳𐑯𐑗𐑦𐑙 𐑚𐑨𐑜	𐑐𐑳𐑯𐑗𐑦𐑙𐑚𐑨𐑜	matches
forasmuch as	CJC	RSSB	fɒrəzmʌtʃ æz		𐑓𐑪𐑮𐑩𐑟𐑥𐑳𐑗 𐑨𐑟		unknown
across the pond	UNC	RSSB	əkrɒs ðə ˈpɒnd	əˈkrɒs Ð pɒnd	𐑩𐑒𐑮𐑪𐑕 𐑞𐑩 𐑐𐑪𐑯𐑛	𐑩𐑒𐑮𐑪𐑕𐑞𐑐𐑪𐑯𐑛	divergent
across the pond	UNC	GenAm	əˌkrɒs ðə ˈpɒnd	əˈkrɒs Ð pɒnd	𐑩𐑒𐑮𐑪𐑕 𐑞𐑩 𐑐𐑪𐑯𐑛	𐑩𐑒𐑮𐑪𐑕𐑞𐑐𐑪𐑯𐑛	divergent
comme il faut	AJ0	GenAm	ˌkʌmilˈfoʊ		𐑒𐑳𐑥𐑦𐑤𐑓𐑴		unknown
comme il faut	AJ0	RSSB	ˌkʌmiːlˈfəʊ		𐑒𐑳𐑥𐑰𐑤𐑓𐑴		unknown
warm the cockles of someone's heart	VVI	RSSB	wɔːRm ðə ˈkɒkəlz əv ˌsʌmwənz hɑːRt		𐑢𐑹𐑥 𐑞𐑩 𐑒𐑪𐑒𐑩𐑤𐑟 𐑩𐑝 𐑕𐑳𐑥𐑢𐑩𐑯𐑟 𐑣𐑸𐑑		unknown
warm the cockles of someone's heart	VVI	GenAm	worm ðə ˈkɒkəlz əv ˌsʌmwənz ˈhɑːRt		𐑢𐑪𐑮𐑥 𐑞𐑩 𐑒𐑪𐑒𐑩𐑤𐑟 𐑩𐑝 𐑕𐑳𐑥𐑢𐑩𐑯𐑟 𐑣𐑸𐑑		unknown
lapsus linguae	NN1	RSSB	ˌlæpsəs ˈlɪŋɡwiː		𐑤𐑨𐑐𐑕𐑩𐑕 𐑤𐑦𐑙𐑜𐑢𐑰		unknown
à contrecœur	AV0	RSSB	ˌæ kɒntrəkɜːR		𐑨 𐑒𐑪𐑯𐑑𐑮𐑩𐑒𐑻		unknown
à contrecœur	AV0	GenAm	ˌɒ ˌkɒntrəˈkəR		𐑪 𐑒𐑪𐑯𐑑𐑮𐑩𐑒𐑼		unknown
rarae aves	NN1	RSSB	rɑːriː ˈeɪviːs		𐑮𐑸𐑰 𐑱𐑝𐑰𐑕		unknown
rarae aves	NN1	GenAm	ˌrɑːRi ˈeɪvis		𐑮𐑸𐑦 𐑱𐑝𐑦𐑕		unknown
per capita	AJ0	GenAm	pɜːR ˈkæpɪtə		𐑐𐑻 𐑒𐑨𐑐𐑦𐑑𐑩		unknown
per capita	AV0	GenAm	pɜːR ˈkæpɪtə		𐑐𐑻 𐑒𐑨𐑐𐑦𐑑𐑩		unknown
desert island	NN1	GenAm	ˈdezəRtaɪlənd	ˈdezəRt ˈaɪlənd	𐑛𐑧𐑟𐑼𐑑𐑲𐑤𐑩𐑯𐑛	𐑛𐑧𐑟𐑼𐑑𐑲𐑤𐑩𐑯𐑛	matches
desert island	NN1	GenAm	dɪˈzɜːRtaɪlənd	ˈdezəRt ˈaɪlənd	𐑛𐑦𐑟𐑻𐑑𐑲𐑤𐑩𐑯𐑛	𐑛𐑧𐑟𐑼𐑑𐑲𐑤𐑩𐑯𐑛	divergent
blue cheese	NN1	GenAm	blu ˈtʃiz	bluː tʃiːz	𐑚𐑤𐑫 𐑗𐑦𐑟	𐑚𐑤𐑵𐑗𐑰𐑟	divergent
blue cheese	NN1	RSSB	bluː ˈtʃiːz	bluː tʃiːz	𐑚𐑤𐑵 𐑗𐑰𐑟	𐑚𐑤𐑵𐑗𐑰𐑟	matches
false dichotomy	NN1	RSSB	ˌfɔːls daɪˈkɒtəmi	fɔːls daɪˈkɒtəmi	𐑓𐑷𐑤𐑕 𐑛𐑲𐑒𐑪𐑑𐑩𐑥𐑦	𐑓𐑷𐑤𐑕𐑛𐑲𐑒𐑪𐑑𐑩𐑥𐑦	matches
false dichotomy	NN1	GenAm	ˌfɒls daɪˈkɒtəmi	fɔːls daɪˈkɒtəmi	𐑓𐑪𐑤𐑕 𐑛𐑲𐑒𐑪𐑑𐑩𐑥𐑦	𐑓𐑷𐑤𐑕𐑛𐑲𐑒𐑪𐑑𐑩𐑥𐑦	divergent
fata morgana	NN1	RSSB	ˌfɑːtə mɔːRɡɑːnə		𐑓𐑭𐑑𐑩 𐑥𐑹𐑜𐑭𐑯𐑩		unknown
fata morgana	NN1	GenAm	ˌfɒtə mɔːRˈɡɒnə		𐑓𐑪𐑑𐑩 𐑥𐑹𐑜𐑪𐑯𐑩		unknown
blue bonnet	NN1	RSSB	ˈbluː ˌbɒnɪt	bluː ˈbɒnIt	𐑚𐑤𐑵 𐑚𐑪𐑯𐑦𐑑	𐑚𐑤𐑵𐑚𐑪𐑯𐑩𐑑	matches
coronary artery	NN1	GenAm	ˌkɔːrəneri ˈɑːrtəRi	ˈkɒrənəri ˈɑːRtəri	𐑒𐑹𐑩𐑯𐑧𐑮𐑦 𐑸𐑑𐑼𐑦	𐑒𐑪𐑮𐑩𐑯𐑼𐑦𐑸𐑑𐑼𐑦	divergent
Eastern Europe	NP0	GenAm	ˈistəRn jəːrəp	ˈiːstəRn ˈjʊərəp	𐑦𐑕𐑑𐑼𐑯 𐑘𐑩𐑮𐑩𐑐	𐑰𐑕𐑑𐑼𐑯𐑘𐑫𐑼𐑩𐑐	divergent
Notre Dame	NP0	GenAm	ˌnoʊtrə ˈdɑːm		𐑯𐑴𐑑𐑮𐑩 𐑛𐑭𐑥		unknown
Notre Dame	NP0	RSSB	nɒtrə ˈdɑːm		𐑯𐑪𐑑𐑮𐑩 𐑛𐑭𐑥		unknown
Notre Dame	NP0	RSSB	nɒtrə ˈdæm		𐑯𐑪𐑑𐑮𐑩 𐑛𐑨𐑥		unknown
Notre Dame	NP0	GenAm	ˌnoʊtəR ˈdeɪm		𐑯𐑴𐑑𐑼 𐑛𐑱𐑥		unknown
Notre Dame	NP0	RSSB	nɒtrə ˈdeɪm		𐑯𐑪𐑑𐑮𐑩 𐑛𐑱𐑥		unknown
the die is cast	UNC	RSSB	ðə ˌdaɪ ɪz ˈkɑːst	Ð daɪ ɪz kⱭːst	𐑞𐑩 𐑛𐑲 𐑦𐑟 𐑒𐑭𐑕𐑑	𐑞𐑛𐑲𐑦𐑟𐑒𐑭𐑕𐑑	divergent
the die is cast	UNC	GenAm	ðə ˌdaɪ ɪz ˈkæst	Ð daɪ ɪz kⱭːst	𐑞𐑩 𐑛𐑲 𐑦𐑟 𐑒𐑨𐑕𐑑	𐑞𐑛𐑲𐑦𐑟𐑒𐑭𐑕𐑑	divergent
old wives' tale	NN1	GenAm	ɒld ˈwaɪvz teɪl		𐑪𐑤𐑛 𐑢𐑲𐑝𐑟 𐑑𐑱𐑤		unknown
couch grass	NN1	GenAm	ˈkaʊtʃˌɡræs	kaʊtʃ ɡrⱭːs	𐑒𐑬𐑗𐑜𐑮𐑨𐑕	𐑒𐑬𐑗𐑜𐑮𐑭𐑕	matches
couch grass	NN1	RSSB	kuːtʃɡrɑːs	kaʊtʃ ɡrⱭːs	𐑒𐑵𐑗𐑜𐑮𐑭𐑕	𐑒𐑬𐑗𐑜𐑮𐑭𐑕	divergent
car wash	NN1	GenAm	kɑːR wɒʃ	kɑːR wɒʃ	𐑒𐑸 𐑢𐑪𐑖	𐑒𐑸𐑢𐑪𐑖	matches
dawn chorus	NN1	RSSB	dɔːn kɔːrəs	dɔːn ˈkɔːrəs	𐑛𐑷𐑯 𐑒𐑹𐑩𐑕	𐑛𐑷𐑯𐑒𐑹𐑩𐑕	matches
dawn chorus	NN1	GenAm	dɒn ˈkɔːRəs	dɔːn ˈkɔːrəs	𐑛𐑪𐑯 𐑒𐑹𐑩𐑕	𐑛𐑷𐑯𐑒𐑹𐑩𐑕	divergent
camera obscura	NN1	RSSB	kæmərə əbskjəərə		𐑒𐑨𐑥𐑼𐑩 𐑩𐑚𐑕𐑒𐑘𐑩𐑼𐑩		unknown
camera obscura	NN1	GenAm	ˌkæməRə əbˈskjəəRə		𐑒𐑨𐑥𐑼𐑩 𐑩𐑚𐑕𐑒𐑘𐑩𐑼𐑩		unknown
camera obscura	NN1	RSSB	kæmrə əbskjəərə		𐑒𐑨𐑥𐑮𐑩 𐑩𐑚𐑕𐑒𐑘𐑩𐑼𐑩		unknown
camera obscura	NN1	GenAm	ˌkæmrə əbˈskjəəRə		𐑒𐑨𐑥𐑮𐑩 𐑩𐑚𐑕𐑒𐑘𐑩𐑼𐑩		unknown
beauty spot	NN1	RSSB	ˈbjuːtɪ ˌspɒt	ˈbjuːti spɒt	𐑚𐑿𐑑𐑦 𐑕𐑐𐑪𐑑	𐑚𐑿𐑑𐑦𐑕𐑐𐑪𐑑	matches
beauty spot	NN1	GenAm	ˈbjuti ˌspɒt	ˈbjuːti spɒt	𐑚𐑘𐑫𐑑𐑦 𐑕𐑐𐑪𐑑	𐑚𐑿𐑑𐑦𐑕𐑐𐑪𐑑	divergent
all roads lead to Rome	UNC	GenAm	ɒlː rɔʊds liːd tɪuː rɔʊm	ɔːl rəʊdz liːd T rəʊm	𐑪𐑤 𐑮𐑷𐑫𐑛𐑕 𐑤𐑰𐑛 𐑑𐑦𐑵 𐑮𐑷𐑫𐑥	𐑷𐑤𐑮𐑴𐑛𐑟𐑤𐑰𐑛𐑑𐑮𐑴𐑥	divergent
wine glass	NN1	GenAm	ˈwaɪn ɡlæs	waɪn ɡlⱭːs	𐑢𐑲𐑯 𐑜𐑤𐑨𐑕	𐑢𐑲𐑯𐑜𐑤𐑭𐑕	matches
San Carlos	NP0	RSSB	sæn kɑːRlɒs		𐑕𐑨𐑯 𐑒𐑸𐑤𐑪𐑕		unknown
San Carlos	NP0	GenAm	sæn ˈkɑːRlɒs		𐑕𐑨𐑯 𐑒𐑸𐑤𐑪𐑕		unknown
San Carlos	NP0	GenAm	sæn ˈkɑːRloʊs		𐑕𐑨𐑯 𐑒𐑸𐑤𐑴𐑕		unknown
San Carlos	NP0	GenAm	sæn ˈkɑːRləs		𐑕𐑨𐑯 𐑒𐑸𐑤𐑩𐑕		unknown
in broad daylight	UNC	RSSB	ɪn brɔːd ˈdeɪlaɪt	ɪn brɔːd ˈdeɪlaɪt	𐑦𐑯 𐑚𐑮𐑷𐑛 𐑛𐑱𐑤𐑲𐑑	𐑦𐑯𐑚𐑮𐑷𐑛𐑛𐑱𐑤𐑲𐑑	matches
in broad daylight	UNC	GenAm	ɪn brɒd ˈdeɪˌlaɪt	ɪn brɔːd ˈdeɪlaɪt	𐑦𐑯 𐑚𐑮𐑪𐑛 𐑛𐑱𐑤𐑲𐑑	𐑦𐑯𐑚𐑮𐑷𐑛𐑛𐑱𐑤𐑲𐑑	divergent
penny for your thoughts	UNC	RSSB	ˈpeni fɔːR jɔːR ˈθɔːts	ˈpeni F jɔːR θɔːts	𐑐𐑧𐑯𐑦 𐑓𐑹 𐑘𐑹 𐑔𐑷𐑑𐑕	𐑐𐑧𐑯𐑦𐑓𐑘𐑹𐑔𐑷𐑑𐑕	divergent
penny for your thoughts	UNC	RSSB	ˈpeni fəRː jəRː ˈθɔːts	ˈpeni F jɔːR θɔːts	𐑐𐑧𐑯𐑦 𐑓𐑼 𐑘𐑼 𐑔𐑷𐑑𐑕	𐑐𐑧𐑯𐑦𐑓𐑘𐑹𐑔𐑷𐑑𐑕	divergent
penny for your thoughts	UNC	GenAm	ˈpeni fɔːR jər ˈθɒts	ˈpeni F jɔːR θɔːts	𐑐𐑧𐑯𐑦 𐑓𐑹 𐑘𐑼 𐑔𐑪𐑑𐑕	𐑐𐑧𐑯𐑦𐑓𐑘𐑹𐑔𐑷𐑑𐑕	divergent
penny for your thoughts	UNC	GenAm	ˈpeni fəR jəR ˈθɒts	ˈpeni F jɔːR θɔːts	𐑐𐑧𐑯𐑦 𐑓𐑼 𐑘𐑼 𐑔𐑪𐑑𐑕	𐑐𐑧𐑯𐑦𐑓𐑘𐑹𐑔𐑷𐑑𐑕	divergent
San Fran	NP0	GenAm	ˈsæn ˌfræn		𐑕𐑨𐑯 𐑓𐑮𐑨𐑯		unknown
dark elf	NN1	RSSB	dɑːRk elf	dɑːRk elf	𐑛𐑸𐑒 𐑧𐑤𐑓	𐑛𐑸𐑒𐑧𐑤𐑓	matches
dark elf	NN1	GenAm	ˈdɑːRk elf	dɑːRk elf	𐑛𐑸𐑒 𐑧𐑤𐑓	𐑛𐑸𐑒𐑧𐑤𐑓	matches
reductio ad absurdum	NN1	RSSB	rɪˈdʌktiəʊ æd əbsɜːRdəm		𐑮𐑦𐑛𐑳𐑒𐑑𐑾𐑫 𐑨𐑛 𐑩𐑚𐑕𐑻𐑛𐑩𐑥		unknown
reductio ad absurdum	NN1	GenAm	rɪˈdʌktioʊ æd əbˈsɜːRdəm		𐑮𐑦𐑛𐑳𐑒𐑑𐑦𐑴 𐑨𐑛 𐑩𐑚𐑕𐑻𐑛𐑩𐑥		unknown
central bank	NN1	RSSB	sentrəl ˈbæŋk	ˈsentrəl bæŋk	𐑕𐑧𐑯𐑑𐑮𐑩𐑤 𐑚𐑨𐑙𐑒	𐑕𐑧𐑯𐑑𐑮𐑩𐑤𐑚𐑨𐑙𐑒	matches
central bank	NN1	GenAm	ˌsentrəl ˈbæŋk	ˈsentrəl bæŋk	𐑕𐑧𐑯𐑑𐑮𐑩𐑤 𐑚𐑨𐑙𐑒	𐑕𐑧𐑯𐑑𐑮𐑩𐑤𐑚𐑨𐑙𐑒	matches
green belt	NN1	RSSB	ˈɡriːn belt	ɡriːn belt	𐑜𐑮𐑰𐑯 𐑚𐑧𐑤𐑑	𐑜𐑮𐑰𐑯𐑚𐑧𐑤𐑑	matches
green belt	NN1	GenAm	ˈɡrin ˌbelt	ɡriːn belt	𐑜𐑮𐑦𐑯 𐑚𐑧𐑤𐑑	𐑜𐑮𐑰𐑯𐑚𐑧𐑤𐑑	divergent
cling film	NN1	RSSB	ˈklɪŋˌfɪlm	klɪŋ fɪlm	𐑒𐑤𐑦𐑙𐑓𐑦𐑤𐑥	𐑒𐑤𐑦𐑙𐑓𐑦𐑤𐑥	matches
make no bones about	VVI	RSSB	ˌmeɪk nəʊ ˈbəʊnz əˌbaʊt	meɪk nəʊ bəʊnz əˈbaʊt	𐑥𐑱𐑒 𐑯𐑴 𐑚𐑴𐑯𐑟 𐑩𐑚𐑬𐑑	𐑥𐑱𐑒𐑯𐑴𐑚𐑴𐑯𐑟𐑩𐑚𐑬𐑑	matches
make no bones about	VVI	GenAm	ˌmeɪk noʊ ˈboʊnz əˌbaʊt	meɪk nəʊ bəʊnz əˈbaʊt	𐑥𐑱𐑒 𐑯𐑴 𐑚𐑴𐑯𐑟 𐑩𐑚𐑬𐑑	𐑥𐑱𐑒𐑯𐑴𐑚𐑴𐑯𐑟𐑩𐑚𐑬𐑑	matches
hot mess	NN1	GenAm	ˌhɒt ˈmes	hɒt mes	𐑣𐑪𐑑 𐑥𐑧𐑕	𐑣𐑪𐑑𐑥𐑧𐑕	matches
absolute alcohol	NN1	GenAm	ˈæbsəˌlut ˈælkəhɒl	ˈæbsəluːt ˈælkəhɒl	𐑨𐑚𐑕𐑩𐑤𐑫𐑑 𐑨𐑤𐑒𐑩𐑣𐑪𐑤	𐑨𐑚𐑕𐑩𐑤𐑵𐑑𐑨𐑤𐑒𐑩𐑣𐑪𐑤	divergent
absolute alcohol	NN1	GenAm	ˌæbsəˈljut ˈælkəhɒl	ˈæbsəluːt ˈælkəhɒl	𐑨𐑚𐑕𐑩𐑤𐑘𐑫𐑑 𐑨𐑤𐑒𐑩𐑣𐑪𐑤	𐑨𐑚𐑕𐑩𐑤𐑵𐑑𐑨𐑤𐑒𐑩𐑣𐑪𐑤	divergent
string trimmer	NN1	RSSB	ˌstrɪŋ trɪməR	strɪŋ ˈtrɪməR	𐑕𐑑𐑮𐑦𐑙 𐑑𐑮𐑦𐑥𐑼	𐑕𐑑𐑮𐑦𐑙𐑑𐑮𐑦𐑥𐑼	matches
string trimmer	NN1	GenAm	ˌstrɪŋ ˈtrɪməR	strɪŋ ˈtrɪməR	𐑕𐑑𐑮𐑦𐑙 𐑑𐑮𐑦𐑥𐑼	𐑕𐑑𐑮𐑦𐑙𐑑𐑮𐑦𐑥𐑼	matches
cruise ship	NN1	GenAm	ˈkruːz ʃɪp	kruːz ʃɪp	𐑒𐑮𐑵𐑟 𐑖𐑦𐑐	𐑒𐑮𐑵𐑟𐑖𐑦𐑐	matches
grand piano	NN1	RSSB	ɡrændˈpjænəʊ	ɡrænd pɪˈænəʊ	𐑜𐑮𐑨𐑯𐑛𐑐𐑘𐑨𐑯𐑴	𐑜𐑮𐑨𐑯𐑛𐑐𐑦𐑨𐑯𐑴	divergent
wheel of fortune	NN1	GenAm	ˌwiləv ˈfortʃun	ʍiːl V ˈfɔːRtʃuːn	𐑢𐑦𐑤𐑩𐑝 𐑓𐑪𐑮𐑗𐑫𐑯	𐑢𐑰𐑤𐑝𐑓𐑹𐑗𐑵𐑯	divergent
wheel of fortune	NP0	GenAm	ˌwiləv ˈfortʃun	ʍiːl V ˈfɔːRtʃuːn	𐑢𐑦𐑤𐑩𐑝 𐑓𐑪𐑮𐑗𐑫𐑯	𐑢𐑰𐑤𐑝𐑓𐑹𐑗𐑵𐑯	divergent
zoledronic acid	NN1	GenAm	ˌzoʊləˌdrɒnɪk ˈæsƏd		𐑟𐑴𐑤𐑩𐑛𐑮𐑪𐑯𐑦𐑒 𐑨𐑕𐑩𐑛		unknown
last mile	NN1	RSSB	ˌlɑːst ˈmaɪl	lⱭːst maɪl	𐑤𐑭𐑕𐑑 𐑥𐑲𐑤	𐑤𐑭𐑕𐑑𐑥𐑲𐑤	matches
last mile	NN1	GenAm	ˌlæst ˈmaɪl	lⱭːst maɪl	𐑤𐑨𐑕𐑑 𐑥𐑲𐑤	𐑤𐑭𐑕𐑑𐑥𐑲𐑤	matches
fit to be tied	AJ0	RSSB	fɪt tuː biː ˈtaɪd	fɪt T biː taɪd	𐑓𐑦𐑑 𐑑𐑵 𐑚𐑰 𐑑𐑲𐑛	𐑓𐑦𐑑𐑑𐑚𐑰𐑑𐑲𐑛	divergent
fit to be tied	AJ0	RSSB	ˌfɪt tə biː ˈtaɪd	fɪt T biː taɪd	𐑓𐑦𐑑 𐑑𐑩 𐑚𐑰 𐑑𐑲𐑛	𐑓𐑦𐑑𐑑𐑚𐑰𐑑𐑲𐑛	divergent
fit to be tied	AJ0	GenAm	fɪt tu bi ˈtaɪd	fɪt T biː taɪd	𐑓𐑦𐑑 𐑑𐑫 𐑚𐑦 𐑑𐑲𐑛	𐑓𐑦𐑑𐑑𐑚𐑰𐑑𐑲𐑛	divergent
fit to be tied	AJ0	GenAm	ˌfɪt tə bi ˈtaɪd	fɪt T biː taɪd	𐑓𐑦𐑑 𐑑𐑩 𐑚𐑦 𐑑𐑲𐑛	𐑓𐑦𐑑𐑑𐑚𐑰𐑑𐑲𐑛	divergent
stage whisper	NN1	RSSB	ˈsteɪdʒ wɪspəR	steɪdʒ ˈʍɪspəR	𐑕𐑑𐑱𐑡 𐑢𐑦𐑕𐑐𐑼	𐑕𐑑𐑱𐑡𐑢𐑦𐑕𐑐𐑼	matches
stage whisper	NN1	GenAm	ˈsteɪdʒ ˈwɪspəR	steɪdʒ ˈʍɪspəR	𐑕𐑑𐑱𐑡 𐑢𐑦𐑕𐑐𐑼	𐑕𐑑𐑱𐑡𐑢𐑦𐑕𐑐𐑼	matches
stage whisper	VVI	RSSB	ˈsteɪdʒ wɪspəR	steɪdʒ ˈʍɪspəR	𐑕𐑑𐑱𐑡 𐑢𐑦𐑕𐑐𐑼	𐑕𐑑𐑱𐑡𐑢𐑦𐑕𐑐𐑼	matches
stage whisper	VVI	GenAm	ˈsteɪdʒ ˈwɪspəR	steɪdʒ ˈʍɪspəR	𐑕𐑑𐑱𐑡 𐑢𐑦𐑕𐑐𐑼	𐑕𐑑𐑱𐑡𐑢𐑦𐑕𐑐𐑼	matches
coming out	VVI	GenAm	ˈkʌmɪŋ ˈaʊt	ˈkʌmɪŋ aʊt	𐑒𐑳𐑥𐑦𐑙 𐑬𐑑	𐑒𐑳𐑥𐑦𐑙𐑬𐑑	matches
hide one's light under a bushel	VVI	RSSB	haɪd wʌnz laɪt ʌndəRRə bʊʃəl	haɪd wʌnz laɪt ˈʌndəR ə ˈbʊʃəl	𐑣𐑲𐑛 𐑢𐑳𐑯𐑟 𐑤𐑲𐑑 𐑳𐑯𐑛𐑼𐑮𐑩 𐑚𐑫𐑖𐑩𐑤	𐑣𐑲𐑛𐑢𐑳𐑯𐑟𐑤𐑲𐑑𐑳𐑯𐑛𐑼𐑩𐑚𐑫𐑖𐑩𐑤	divergent
hide one's light under a bushel	VVI	GenAm	ˌhaɪd wʌnz ˈlaɪt ˌʌndəRə ˈbʊʃəl	haɪd wʌnz laɪt ˈʌndəR ə ˈbʊʃəl	𐑣𐑲𐑛 𐑢𐑳𐑯𐑟 𐑤𐑲𐑑 𐑳𐑯𐑛𐑼𐑩 𐑚𐑫𐑖𐑩𐑤	𐑣𐑲𐑛𐑢𐑳𐑯𐑟𐑤𐑲𐑑𐑳𐑯𐑛𐑼𐑩𐑚𐑫𐑖𐑩𐑤	matches
coffee table book	NN1	RSSB	ˈkɒfi ˌteɪbəl ˈbʊk	ˈkɒfi ˈteɪbəl bʊk	𐑒𐑪𐑓𐑦 𐑑𐑱𐑚𐑩𐑤 𐑚𐑫𐑒	𐑒𐑪𐑓𐑦𐑑𐑱𐑚𐑩𐑤𐑚𐑫𐑒	matches
coffee table book	NN1	GenAm	ˈkɒfi ˌteɪbəl ˈbʊk	ˈkɒfi ˈteɪbəl bʊk	𐑒𐑪𐑓𐑦 𐑑𐑱𐑚𐑩𐑤 𐑚𐑫𐑒	𐑒𐑪𐑓𐑦𐑑𐑱𐑚𐑩𐑤𐑚𐑫𐑒	matches
round robin	NN1	RSSB	ˌraʊnd ˈrɒbɪn	raʊnd ˈrɒbɪn	𐑮𐑬𐑯𐑛 𐑮𐑪𐑚𐑦𐑯	𐑮𐑬𐑯𐑛𐑮𐑪𐑚𐑦𐑯	matches
round robin	NN1	GenAm	ˌraʊndˈrɒbən	raʊnd ˈrɒbɪn	𐑮𐑬𐑯𐑛𐑮𐑪𐑚𐑩𐑯	𐑮𐑬𐑯𐑛𐑮𐑪𐑚𐑦𐑯	matches
figure eight	NN1	RSSB	fɪɡəreɪt	ˈfɪɡəR eɪt	𐑓𐑦𐑜𐑼𐑱𐑑	𐑓𐑦𐑜𐑼𐑱𐑑	matches
figure eight	VVI	RSSB	fɪɡəreɪt	ˈfɪɡəR eɪt	𐑓𐑦𐑜𐑼𐑱𐑑	𐑓𐑦𐑜𐑼𐑱𐑑	matches
Portuguese man-of-war	NN1	RSSB	pɔːRtʃʊɡiːz mænəvwɔːR	ˌpɔːRtʃəˈɡiːz ˌmæn-V-ˈwɔːR	𐑐𐑹𐑗𐑫𐑜𐑰𐑟 𐑥𐑨𐑯𐑩𐑝𐑢𐑹	𐑐𐑹𐑗𐑩𐑜𐑰𐑟𐑥𐑨𐑯-𐑝-𐑢𐑹	divergent
Portuguese man-of-war	NN1	GenAm	ˈportʃəˌɡiz ˌmænəvˈwor	ˌpɔːRtʃəˈɡiːz ˌmæn-V-ˈwɔːR	𐑐𐑪𐑮𐑗𐑩𐑜𐑦𐑟 𐑥𐑨𐑯𐑩𐑝𐑢𐑪𐑮	𐑐𐑹𐑗𐑩𐑜𐑰𐑟𐑥𐑨𐑯-𐑝-𐑢𐑹	divergent
maître d'	NN1	RSSB	meɪtrə ˈdiː		𐑥𐑱𐑑𐑮𐑩 𐑛𐑰		unknown
maître d'	NN1	GenAm	ˌmeɪtrə ˈdi		𐑥𐑱𐑑𐑮𐑩 𐑛𐑦		unknown
maître d'	NN1	GenAm	ˌmeɪtəR ˈdi		𐑥𐑱𐑑𐑼 𐑛𐑦		unknown
radio station	NN1	GenAm	ˈreɪdioʊ ˌsteɪʃən	ˈreɪdiəʊ ˈsteɪʃən	𐑮𐑱𐑛𐑦𐑴 𐑕𐑑𐑱𐑖𐑩𐑯	𐑮𐑱𐑛𐑾𐑫𐑕𐑑𐑱𐑖𐑩𐑯	divergent
neither fish nor fowl	AJ0	RSSB	naɪðəR ˈfɪʃ nɔːR ˈfaʊl	ˈnaɪðəR fɪʃ nɔːR faʊl	𐑯𐑲𐑞𐑼 𐑓𐑦𐑖 𐑯𐑹 𐑓𐑬𐑤	𐑯𐑲𐑞𐑼𐑓𐑦𐑖𐑯𐑹𐑓𐑬𐑤	matches
neither fish nor fowl	AJ0	GenAm	ˌnaɪðəR ˈfɪʃ nɔːR ˈfaʊl	ˈnaɪðəR fɪʃ nɔːR faʊl	𐑯𐑲𐑞𐑼 𐑓𐑦𐑖 𐑯𐑹 𐑓𐑬𐑤	𐑯𐑲𐑞𐑼𐑓𐑦𐑖𐑯𐑹𐑓𐑬𐑤	matches
benzathine benzylpenicillin	NN1	GenAm	ˌbenzəˌθin ˌbenzəlˌpenɪˈsɪlɪn	ˈbenzəˌθin ˌbenzəlˌpenɪˈsɪlɪn	𐑚𐑧𐑯𐑟𐑩𐑔𐑦𐑯 𐑚𐑧𐑯𐑟𐑩𐑤𐑐𐑧𐑯𐑦𐑕𐑦𐑤𐑦𐑯	𐑚𐑧𐑯𐑟𐑩𐑔𐑦𐑯𐑚𐑧𐑯𐑟𐑩𐑤𐑐𐑧𐑯𐑦𐑕𐑦𐑤𐑦𐑯	matches
penicillin G	NN1	GenAm	ˌpenɪˌsɪlɪn ˈdʒi	ˌpenɪˈsɪlɪn dʒiː	𐑐𐑧𐑯𐑦𐑕𐑦𐑤𐑦𐑯 𐑡𐑦	𐑐𐑧𐑯𐑦𐑕𐑦𐑤𐑦𐑯𐑡𐑰	divergent
penicillin V	NN1	GenAm	ˌpenɪˌsɪlɪn ˈvi	ˌpenɪˈsɪlɪn viː	𐑐𐑧𐑯𐑦𐑕𐑦𐑤𐑦𐑯 𐑝𐑦	𐑐𐑧𐑯𐑦𐑕𐑦𐑤𐑦𐑯𐑝𐑰	divergent
chopped liver	NN1	RSSB	ˈtʃɒpt lɪvəR	tʃɒpt ˈlɪvəR	𐑗𐑪𐑐𐑑 𐑤𐑦𐑝𐑼	𐑗𐑪𐑐𐑑𐑤𐑦𐑝𐑼	matches
chopped liver	NN1	GenAm	ˈtʃɒpt ˌlɪvəR	tʃɒpt ˈlɪvəR	𐑗𐑪𐑐𐑑 𐑤𐑦𐑝𐑼	𐑗𐑪𐑐𐑑𐑤𐑦𐑝𐑼	matches
smoke wagon	NN1	RSSB	ˈsməʊk ˌwæɡən	sməʊk ˈwæɡən	𐑕𐑥𐑴𐑒 𐑢𐑨𐑜𐑩𐑯	𐑕𐑥𐑴𐑒𐑢𐑨𐑜𐑩𐑯	matches
smoke wagon	NN1	GenAm	ˈsmoʊk ˌwæɡən	sməʊk ˈwæɡən	𐑕𐑥𐑴𐑒 𐑢𐑨𐑜𐑩𐑯	𐑕𐑥𐑴𐑒𐑢𐑨𐑜𐑩𐑯	matches
almae matres	NN1	RSSB	ˌælmaɪ ˈmætres		𐑨𐑤𐑥𐑲 𐑥𐑨𐑑𐑮𐑧𐑕		unknown
let bygones be bygones	VVI	RSSB	let ˈbaɪɡɒnz biː ˈbaɪɡɒnz	let ˈbaɪɡɒnz biː ˈbaɪɡɒnz	𐑤𐑧𐑑 𐑚𐑲𐑜𐑪𐑯𐑟 𐑚𐑰 𐑚𐑲𐑜𐑪𐑯𐑟	𐑤𐑧𐑑𐑚𐑲𐑜𐑪𐑯𐑟𐑚𐑰𐑚𐑲𐑜𐑪𐑯𐑟	matches
let bygones be bygones	VVI	GenAm	let ˈbaɪˌɡɒnz bi ˈbaɪˌɡɒnz	let ˈbaɪɡɒnz biː ˈbaɪɡɒnz	𐑤𐑧𐑑 𐑚𐑲𐑜𐑪𐑯𐑟 𐑚𐑦 𐑚𐑲𐑜𐑪𐑯𐑟	𐑤𐑧𐑑𐑚𐑲𐑜𐑪𐑯𐑟𐑚𐑰𐑚𐑲𐑜𐑪𐑯𐑟	divergent
man Friday	NN1	RSSB	ˌmæn ˈfraɪdeɪ	mæn ˈfraɪdeɪ	𐑥𐑨𐑯 𐑓𐑮𐑲𐑛𐑱	𐑥𐑨𐑯𐑓𐑮𐑲𐑛𐑱	matches
man Friday	NN1	GenAm	ˌmæn ˈfraɪˌdeɪ	mæn ˈfraɪdeɪ	𐑥𐑨𐑯 𐑓𐑮𐑲𐑛𐑱	𐑥𐑨𐑯𐑓𐑮𐑲𐑛𐑱	matches
pico de gallo	NN1	GenAm	ˌpikoʊdəˈɡaɪoʊ		𐑐𐑦𐑒𐑴𐑛𐑩𐑜𐑲𐑴		unknown
reap what one sows	VVI	RSSB	ˌriːphwɒt wʌn ˈsəʊz	riːp ʍɒt wʌn saʊz	𐑮𐑰𐑐𐑣𐑢𐑪𐑑 𐑢𐑳𐑯 𐑕𐑴𐑟	𐑮𐑰𐑐𐑢𐑪𐑑𐑢𐑳𐑯𐑕𐑬𐑟	divergent
reap what one sows	VVI	GenAm	ˌrip wɒt wʌn ˈsoʊz	riːp ʍʌt wʌn saʊz	𐑮𐑦𐑐 𐑢𐑪𐑑 𐑢𐑳𐑯 𐑕𐑴𐑟	𐑮𐑰𐑐𐑢𐑳𐑑𐑢𐑳𐑯𐑕𐑬𐑟	divergent
bleu cheese	NN1	GenAm	blu ˈtʃiz		𐑚𐑤𐑫 𐑗𐑦𐑟		unknown
smell the barn	VVI	RSSB	ˌsmel ðə ˈbaːn	smel Ð bɑːRn	𐑕𐑥𐑧𐑤 𐑞𐑩 𐑚𐑨𐑯	𐑕𐑥𐑧𐑤𐑞𐑚𐑸𐑯	divergent
smell the barn	VVI	GenAm	ˌsmel ðə ˈbarn	smel Ð bɑːRn	𐑕𐑥𐑧𐑤 𐑞𐑩 𐑚𐑨𐑮𐑯	𐑕𐑥𐑧𐑤𐑞𐑚𐑸𐑯	divergent
coat hanger	NN1	RSSB	ˌkəʊt hæŋəR	kəʊt ˈhæŋəR	𐑒𐑴𐑑 𐑣𐑨𐑙𐑼	𐑒𐑴𐑑𐑣𐑨𐑙𐑼	matches
coat hanger	NN1	GenAm	ˌkoʊt ˈhæŋəR	kəʊt ˈhæŋəR	𐑒𐑴𐑑 𐑣𐑨𐑙𐑼	𐑒𐑴𐑑𐑣𐑨𐑙𐑼	matches
clouded leopard	NN1	GenAm	klæʊːtəd lɜːpəRd	ˈklaʊdƏd ˈlepəRd	𐑒𐑤𐑨𐑫𐑑𐑩𐑛 𐑤𐑻𐑐𐑼𐑛	𐑒𐑤𐑬𐑛𐑩𐑛𐑤𐑧𐑐𐑼𐑛	divergent
corbie step	NN1	RSSB	kɔːRbi ˌstep		𐑒𐑹𐑚𐑦 𐑕𐑑𐑧𐑐		unknown
corbie step	NN1	GenAm	ˈkɔːrbi ˌstep		𐑒𐑹𐑚𐑦 𐑕𐑑𐑧𐑐		unknown
cornfield meet	NN1	RSSB	kɔːRnfiːld ˌmiːt	ˈkɔːRnfiːld miːt	𐑒𐑹𐑯𐑓𐑰𐑤𐑛 𐑥𐑰𐑑	𐑒𐑹𐑯𐑓𐑰𐑤𐑛𐑥𐑰𐑑	matches
cornfield meet	NN1	GenAm	ˈkɔːRnˌfild ˌmit	ˈkɔːRnfiːld miːt	𐑒𐑹𐑯𐑓𐑦𐑤𐑛 𐑥𐑦𐑑	𐑒𐑹𐑯𐑓𐑰𐑤𐑛𐑥𐑰𐑑	divergent
unreliable narrator	NN1	RSSB	ʌnrɪlaɪəbl nəreɪtəR	ˌʌnrɪˈlaɪəbəl nəˈreɪtəR	𐑳𐑯𐑮𐑦𐑤𐑲𐑩𐑚𐑤 𐑯𐑼𐑱𐑑𐑼	𐑳𐑯𐑮𐑦𐑤𐑲𐑩𐑚𐑩𐑤𐑯𐑼𐑱𐑑𐑼	divergent
unreliable narrator	NN1	GenAm	ˌʌnrəˌlaɪəbəl ˈneˌreɪtəR	ˌʌnrɪˈlaɪəbəl nəˈreɪtəR	𐑳𐑯𐑮𐑩𐑤𐑲𐑩𐑚𐑩𐑤 𐑯𐑧𐑮𐑱𐑑𐑼	𐑳𐑯𐑮𐑦𐑤𐑲𐑩𐑚𐑩𐑤𐑯𐑼𐑱𐑑𐑼	divergent
take by storm	VVI	RSSB	ˌteɪk baɪ stɔːRm	teɪk baɪ stɔːRm	𐑑𐑱𐑒 𐑚𐑲 𐑕𐑑𐑹𐑥	𐑑𐑱𐑒𐑚𐑲𐑕𐑑𐑹𐑥	matches
take by storm	VVI	GenAm	ˌteɪk baɪ ˈstɔːrm	teɪk baɪ stɔːRm	𐑑𐑱𐑒 𐑚𐑲 𐑕𐑑𐑹𐑥	𐑑𐑱𐑒𐑚𐑲𐑕𐑑𐑹𐑥	matches
training wheels	NN1	RSSB	ˈtreɪnɪŋ wiːlz	ˈtreɪnɪŋ ʍiːlz	𐑑𐑮𐑱𐑯𐑦𐑙 𐑢𐑰𐑤𐑟	𐑑𐑮𐑱𐑯𐑦𐑙𐑢𐑰𐑤𐑟	matches
training wheels	NN1	GenAm	ˈtreɪnɪŋ ˌhwilz	ˈtreɪnɪŋ ʍiːlz	𐑑𐑮𐑱𐑯𐑦𐑙 𐑣𐑢𐑦𐑤𐑟	𐑑𐑮𐑱𐑯𐑦𐑙𐑢𐑰𐑤𐑟	divergent
tom yam	NN1	RSSB	ˌtɒm ˈjæm	tɒm jæm	𐑑𐑪𐑥 𐑘𐑨𐑥	𐑑𐑪𐑥𐑘𐑨𐑥	matches
tom yam	NN1	RSSB	ˌtɒm ˈjam	tɒm jæm	𐑑𐑪𐑥 𐑘𐑨𐑥	𐑑𐑪𐑥𐑘𐑨𐑥	matches
tom yam	NN1	RSSB	ˌtɒm ˈjʌm	tɒm jæm	𐑑𐑪𐑥 𐑘𐑳𐑥	𐑑𐑪𐑥𐑘𐑨𐑥	divergent
tom yam	NN1	GenAm	ˌtɒm ˈjɒm	tɒm jæm	𐑑𐑪𐑥 𐑘𐑪𐑥	𐑑𐑪𐑥𐑘𐑨𐑥	divergent
zoological garden	NN1	RSSB	ˌzəʊəˈlɒdʒɪkəl ɡɑːRdən	ˌzəʊəˈlɒdʒɪkəl ˈɡɑːRdən	𐑟𐑴𐑩𐑤𐑪𐑡𐑦𐑒𐑩𐑤 𐑜𐑸𐑛𐑩𐑯	𐑟𐑴𐑩𐑤𐑪𐑡𐑦𐑒𐑩𐑤𐑜𐑸𐑛𐑩𐑯	matches
zoological garden	NN1	GenAm	ˌzoʊəˈlɒdʒɪkəl ˈɡɑːRdən	ˌzəʊəˈlɒdʒɪkəl ˈɡɑːRdən	𐑟𐑴𐑩𐑤𐑪𐑡𐑦𐑒𐑩𐑤 𐑜𐑸𐑛𐑩𐑯	𐑟𐑴𐑩𐑤𐑪𐑡𐑦𐑒𐑩𐑤𐑜𐑸𐑛𐑩𐑯	matches
in dictione	AJ0	RSSB	ˌɪn dɪktɪˈɔneː		𐑦𐑯 𐑛𐑦𐑒𐑑𐑦𐑷𐑯𐑧		unknown
extra dictionem	AJ0	RSSB	ˌekstræ dɪktɪˈɔːnem		𐑧𐑒𐑕𐑑𐑮𐑨 𐑛𐑦𐑒𐑑𐑦𐑷𐑯𐑧𐑥		unknown
constituent country	NN1	RSSB	kɒnˈstɪtjuənt ˌkʌntri	kənˈstɪtʃuənt ˈkʌntri	𐑒𐑪𐑯𐑕𐑑𐑦𐑑𐑘𐑫𐑩𐑯𐑑 𐑒𐑳𐑯𐑑𐑮𐑦	𐑒𐑩𐑯𐑕𐑑𐑦𐑗𐑫𐑩𐑯𐑑𐑒𐑳𐑯𐑑𐑮𐑦	divergent
constituent countries	NN1	RSSB	kɒnˈstɪtjuənt ˌkʌntriːz	kənˈstɪtʃuənt ˈkʌntriz	𐑒𐑪𐑯𐑕𐑑𐑦𐑑𐑘𐑫𐑩𐑯𐑑 𐑒𐑳𐑯𐑑𐑮𐑰𐑟	𐑒𐑩𐑯𐑕𐑑𐑦𐑗𐑫𐑩𐑯𐑑𐑒𐑳𐑯𐑑𐑮𐑦𐑟	divergent
eo nomine	AV0	RSSB	ˌeɪəʊ ˈnəʊmɪniː		𐑱𐑴 𐑯𐑴𐑥𐑦𐑯𐑰		unknown
eo nomine	AV0	GenAm	ˈeɪoʊ ˈnoʊmɪni		𐑱𐑴 𐑯𐑴𐑥𐑦𐑯𐑦		unknown
proviso quod	AV0	RSSB	prɒˈviːsəʊ ˌkwɒd	prəˈvaɪzəʊ kwɒd	𐑐𐑮𐑪𐑝𐑰𐑕𐑴 𐑒𐑢𐑪𐑛	𐑐𐑮𐑩𐑝𐑲𐑟𐑴𐑒𐑢𐑪𐑛	divergent
European Parliament	NP0	GenAm	jəˈroʊpiən ˈpɑːRləmənt	ˌjʊərəˈpiən ˈpɑːRləmənt	𐑘𐑼𐑴𐑐𐑾𐑯 𐑐𐑸𐑤𐑩𐑥𐑩𐑯𐑑	𐑘𐑫𐑼𐑩𐑐𐑾𐑯𐑐𐑸𐑤𐑩𐑥𐑩𐑯𐑑	divergent
European Parliament	NP0	RSSB	jərəʊpiən pɑːrləmənt	ˌjʊərəˈpiən ˈpɑːRləmənt	𐑘𐑼𐑴𐑐𐑾𐑯 𐑐𐑸𐑤𐑩𐑥𐑩𐑯𐑑	𐑘𐑫𐑼𐑩𐑐𐑾𐑯𐑐𐑸𐑤𐑩𐑥𐑩𐑯𐑑	divergent
hit point	NN1	GenAm	ˈhɪt ˌpɔɪnt	hɪt pɔɪnt	𐑣𐑦𐑑 𐑐𐑶𐑯𐑑	𐑣𐑦𐑑𐑐𐑶𐑯𐑑	matches
big cat	NN1	GenAm	ˈbɪɡ ˈkæt	bɪɡ kæt	𐑚𐑦𐑜 𐑒𐑨𐑑	𐑚𐑦𐑜𐑒𐑨𐑑	matches
cor blimey	ITJ	RSSB	kɔːRblaɪmi		𐑒𐑹𐑚𐑤𐑲𐑥𐑦		unknown
a closed mouth gathers no feet	UNC	RSSB	ə ˈkləʊzd ˌmaʊθ ɡæðəRz nəʊ ˈfiːt	ə kləʊzd maʊθ ˈɡæðəRz nəʊ fiːt	𐑩 𐑒𐑤𐑴𐑟𐑛 𐑥𐑬𐑔 𐑜𐑨𐑞𐑼𐑟 𐑯𐑴 𐑓𐑰𐑑	𐑩𐑒𐑤𐑴𐑟𐑛𐑥𐑬𐑔𐑜𐑨𐑞𐑼𐑟𐑯𐑴𐑓𐑰𐑑	matches
a closed mouth gathers no feet	UNC	GenAm	ə ˈkloʊzd ˌmaʊθ ˈɡæðəRz noʊ ˈfiːt	ə kləʊzd maʊθ ˈɡæðəRz nəʊ fiːt	𐑩 𐑒𐑤𐑴𐑟𐑛 𐑥𐑬𐑔 𐑜𐑨𐑞𐑼𐑟 𐑯𐑴 𐑓𐑰𐑑	𐑩𐑒𐑤𐑴𐑟𐑛𐑥𐑬𐑔𐑜𐑨𐑞𐑼𐑟𐑯𐑴𐑓𐑰𐑑	matches
bronze medal	NN1	GenAm	ˈbrɒnz ˈmetəl	brɒnz ˈmedəl	𐑚𐑮𐑪𐑯𐑟 𐑥𐑧𐑑𐑩𐑤	𐑚𐑮𐑪𐑯𐑟𐑥𐑧𐑛𐑩𐑤	divergent
full stops	NN1	RSSB	ˈfʊl ˈstɒps	fʊl stɒps	𐑓𐑫𐑤 𐑕𐑑𐑪𐑐𐑕	𐑓𐑫𐑤𐑕𐑑𐑪𐑐𐑕	matches
full stops	VVI	RSSB	ˈfʊl ˈstɒps	fʊl stɒps	𐑓𐑫𐑤 𐑕𐑑𐑪𐑐𐑕	𐑓𐑫𐑤𐑕𐑑𐑪𐑐𐑕	matches
cordon sanitaire	NN1	RSSB	kɔːRdɒn sanɪtɜːR		𐑒𐑹𐑛𐑪𐑯 𐑕𐑨𐑯𐑦𐑑𐑻		unknown
cardboard box	NN1	RSSB	kɑːRdbɔːRd bɒks	ˈkɑːRdbɔːRd bɒks	𐑒𐑸𐑛𐑚𐑹𐑛 𐑚𐑪𐑒𐑕	𐑒𐑸𐑛𐑚𐑹𐑛𐑚𐑪𐑒𐑕	matches
cardboard box	NN1	GenAm	ˈkɑːRdbɔːRd bɒks	ˈkɑːRdbɔːRd bɒks	𐑒𐑸𐑛𐑚𐑹𐑛 𐑚𐑪𐑒𐑕	𐑒𐑸𐑛𐑚𐑹𐑛𐑚𐑪𐑒𐑕	matches
big fish in a small pond	NN1	RSSB	bɪɡ ˈfɪʃ ɪn ə smɔːl ˈpɒnd	bɪɡ fɪʃ ɪn ə smɔːl pɒnd	𐑚𐑦𐑜 𐑓𐑦𐑖 𐑦𐑯 𐑩 𐑕𐑥𐑷𐑤 𐑐𐑪𐑯𐑛	𐑚𐑦𐑜𐑓𐑦𐑖𐑦𐑯𐑩𐑕𐑥𐑷𐑤𐑐𐑪𐑯𐑛	matches
big fish in a small pond	NN1	GenAm	bɪɡ ˈfɪʃ ɪn ə smɒl ˈpɒnd	bɪɡ fɪʃ ɪn ə smɔːl pɒnd	𐑚𐑦𐑜 𐑓𐑦𐑖 𐑦𐑯 𐑩 𐑕𐑥𐑪𐑤 𐑐𐑪𐑯𐑛	𐑚𐑦𐑜𐑓𐑦𐑖𐑦𐑯𐑩𐑕𐑥𐑷𐑤𐑐𐑪𐑯𐑛	divergent
lieutenant colonel	NN1	RSSB	lefˈtenənt ˈkɜːnəl	lefˈtenənt ˈkɜːRnəl	𐑤𐑧𐑓𐑑𐑧𐑯𐑩𐑯𐑑 𐑒𐑻𐑯𐑩𐑤	𐑤𐑧𐑓𐑑𐑧𐑯𐑩𐑯𐑑𐑒𐑻𐑯𐑩𐑤	matches
lieutenant colonel	NN1	GenAm	ljuˈtenənt ˈkɜːRnəl	lefˈtenənt ˈkɜːRnəl	𐑤𐑘𐑫𐑑𐑧𐑯𐑩𐑯𐑑 𐑒𐑻𐑯𐑩𐑤	𐑤𐑧𐑓𐑑𐑧𐑯𐑩𐑯𐑑𐑒𐑻𐑯𐑩𐑤	divergent
take heart	VVI	RSSB	ˌteɪk hɑːRt	teɪk hɑːRt	𐑑𐑱𐑒 𐑣𐑸𐑑	𐑑𐑱𐑒𐑣𐑸𐑑	matches
take heart	VVI	GenAm	ˌteɪk ˈhɑːRt	teɪk hɑːRt	𐑑𐑱𐑒 𐑣𐑸𐑑	𐑑𐑱𐑒𐑣𐑸𐑑	matches
take heart	ITJ	RSSB	ˌteɪk hɑːRt	teɪk hɑːRt	𐑑𐑱𐑒 𐑣𐑸𐑑	𐑑𐑱𐑒𐑣𐑸𐑑	matches
take heart	ITJ	GenAm	ˌteɪk ˈhɑːRt	teɪk hɑːRt	𐑑𐑱𐑒 𐑣𐑸𐑑	𐑑𐑱𐑒𐑣𐑸𐑑	matches
legal beagle	NN1	RSSB	ˌliːɡəl ˈbiːɡəl	ˈliːɡəl ˈbiːɡəl	𐑤𐑰𐑜𐑩𐑤 𐑚𐑰𐑜𐑩𐑤	𐑤𐑰𐑜𐑩𐑤𐑚𐑰𐑜𐑩𐑤	matches
legal beagle	NN1	GenAm	ˌliɡəl ˈbiɡəl	ˈliːɡəl ˈbiːɡəl	𐑤𐑦𐑜𐑩𐑤 𐑚𐑦𐑜𐑩𐑤	𐑤𐑰𐑜𐑩𐑤𐑚𐑰𐑜𐑩𐑤	divergent
even though	CJC	RSSB	ˈiːvən ðəʊ	ˈiːvən ðəʊ	𐑰𐑝𐑩𐑯 𐑞𐑴	𐑰𐑝𐑩𐑯𐑞𐑴	matches
even though	CJC	GenAm	ˈivən ðoʊ	ˈiːvən ðəʊ	𐑦𐑝𐑩𐑯 𐑞𐑴	𐑰𐑝𐑩𐑯𐑞𐑴	divergent
Abstract Expressionism	NN1	RSSB	ˈæbˌstrækt ɪksprɜːʃənɪzəm	ˈæbstrækt ɪkˈspreʃənɪzəm	𐑨𐑚𐑕𐑑𐑮𐑨𐑒𐑑 𐑦𐑒𐑕𐑐𐑮𐑻𐑖𐑩𐑯𐑦𐑟𐑩𐑥	𐑨𐑚𐑕𐑑𐑮𐑨𐑒𐑑𐑦𐑒𐑕𐑐𐑮𐑧𐑖𐑩𐑯𐑦𐑟𐑩𐑥	divergent
Abstract Expressionism	NN1	GenAm	ˈæbˌstrækt ɪkˈsprɜːʃənˌɪzəm	ˈæbstrækt ɪkˈspreʃənɪzəm	𐑨𐑚𐑕𐑑𐑮𐑨𐑒𐑑 𐑦𐑒𐑕𐑐𐑮𐑻𐑖𐑩𐑯𐑦𐑟𐑩𐑥	𐑨𐑚𐑕𐑑𐑮𐑨𐑒𐑑𐑦𐑒𐑕𐑐𐑮𐑧𐑖𐑩𐑯𐑦𐑟𐑩𐑥	divergent
public office	NN1	GenAm	ˈpʌblɪk ˈɒfɪs	ˈpʌblɪk ˈɒfɪs	𐑐𐑳𐑚𐑤𐑦𐑒 𐑪𐑓𐑦𐑕	𐑐𐑳𐑚𐑤𐑦𐑒𐑪𐑓𐑦𐑕	matches
public office	NN1	RSSB	ˈpʌblɪk ˈɒfɪs	ˈpʌblɪk ˈɒfɪs	𐑐𐑳𐑚𐑤𐑦𐑒 𐑪𐑓𐑦𐑕	𐑐𐑳𐑚𐑤𐑦𐑒𐑪𐑓𐑦𐑕	matches
mediterranean sea	NN1	RSSB	medɪtəreɪnɪən ˈsiː	ˌmedɪtəˈreɪnɪən siː	𐑥𐑧𐑛𐑦𐑑𐑼𐑱𐑯𐑾𐑯 𐑕𐑰	𐑥𐑧𐑛𐑦𐑑𐑼𐑱𐑯𐑾𐑯𐑕𐑰	matches
mediterranean sea	NN1	GenAm	ˌmedətəˈreɪniən ˈsi	ˌmedɪtəˈreɪnɪən siː	𐑥𐑧𐑛𐑩𐑑𐑼𐑱𐑯𐑾𐑯 𐑕𐑦	𐑥𐑧𐑛𐑦𐑑𐑼𐑱𐑯𐑾𐑯𐑕𐑰	divergent
mediterranean sea	NN1	GenAm	ˌmedətəˈreɪnjən ˈsi	ˌmedɪtəˈreɪnɪən siː	𐑥𐑧𐑛𐑩𐑑𐑼𐑱𐑯𐑘𐑩𐑯 𐑕𐑦	𐑥𐑧𐑛𐑦𐑑𐑼𐑱𐑯𐑾𐑯𐑕𐑰	divergent
locum tenens	NN1	RSSB	ˌləʊkəm ˈtenens		𐑤𐑴𐑒𐑩𐑥 𐑑𐑧𐑯𐑧𐑯𐑕		unknown
danse macabre	NN1	RSSB	dɑːns məkɑːbrə		𐑛𐑭𐑯𐑕 𐑥𐑩𐑒𐑭𐑚𐑮𐑩		unknown
danse macabre	NN1	GenAm	dɒns məˈkɒbrə		𐑛𐑪𐑯𐑕 𐑥𐑩𐑒𐑪𐑚𐑮𐑩		unknown
great unwashed	NN1	RSSB	ˌɡreɪt ʌnˈwɒʃt	ɡreɪt ʌnˈwɒʃt	𐑜𐑮𐑱𐑑 𐑳𐑯𐑢𐑪𐑖𐑑	𐑜𐑮𐑱𐑑𐑳𐑯𐑢𐑪𐑖𐑑	matches
great unwashed	NN1	GenAm	ˌɡreɪt ʌnˈwɔːʃt	ɡreɪt ʌnˈwɒʃt	𐑜𐑮𐑱𐑑 𐑳𐑯𐑢𐑷𐑖𐑑	𐑜𐑮𐑱𐑑𐑳𐑯𐑢𐑪𐑖𐑑	divergent
great unwashed	NN1	GenAm	ˌɡreɪt ʌnˈwɑːʃt	ɡreɪt ʌnˈwɒʃt	𐑜𐑮𐑱𐑑 𐑳𐑯𐑢𐑭𐑖𐑑	𐑜𐑮𐑱𐑑𐑳𐑯𐑢𐑪𐑖𐑑	divergent
boba tea	NN1	GenAm	ˌboʊbə ˈti	ˈboʊbə tiː	𐑚𐑴𐑚𐑩 𐑑𐑦	𐑚𐑴𐑚𐑩𐑑𐑰	divergent
fair enough	UNC	RSSB	feərɪnʌf	feəR ɪˈnʌf	𐑓𐑺𐑦𐑯𐑳𐑓	𐑓𐑺𐑦𐑯𐑳𐑓	matches
fair enough	UNC	GenAm	feəRɪˈnʌf	feəR ɪˈnʌf	𐑓𐑺𐑦𐑯𐑳𐑓	𐑓𐑺𐑦𐑯𐑳𐑓	matches
C of E	NP0	RSSB	ˌsiːəvˈiː	siː V iː	𐑕𐑰𐑩𐑝𐑰	𐑕𐑰𐑝𐑰	divergent
mailing list	NN1	GenAm	ˈmeɪlɪŋ lɪst	ˈmeɪlɪŋ lɪst	𐑥𐑱𐑤𐑦𐑙 𐑤𐑦𐑕𐑑	𐑥𐑱𐑤𐑦𐑙𐑤𐑦𐑕𐑑	matches
all my eye and Betty Martin	NN1	RSSB	ɔːl maɪ aɪ əndbetɪ mɑːRtɪn	ɔːl maɪ aɪ N ˈbeti ˈmɑːRtɪn	𐑷𐑤 𐑥𐑲 𐑲 𐑩𐑯𐑛𐑚𐑧𐑑𐑦 𐑥𐑸𐑑𐑦𐑯	𐑷𐑤𐑥𐑲𐑲𐑯𐑚𐑧𐑑𐑦𐑥𐑸𐑑𐑦𐑯	divergent
mumblety peg	NN1	RSSB	ˈmʌmbəltiˌpeɡ		𐑥𐑳𐑥𐑚𐑩𐑤𐑑𐑦𐑐𐑧𐑜		unknown
moon shot	NN1	RSSB	ˈmuːn ʃɒt	muːn ʃɒt	𐑥𐑵𐑯 𐑖𐑪𐑑	𐑥𐑵𐑯𐑖𐑪𐑑	matches
moon shot	NN1	GenAm	ˈmuːn ʃɒt	muːn ʃɒt	𐑥𐑵𐑯 𐑖𐑪𐑑	𐑥𐑵𐑯𐑖𐑪𐑑	matches
mill dam	NN1	RSSB	ˈmɪldam	mɪl dæm	𐑥𐑦𐑤𐑛𐑨𐑥	𐑥𐑦𐑤𐑛𐑨𐑥	matches
ang moh	NN1	RSSB	ˌaŋ ˈməʊ		𐑨𐑙 𐑥𐑴		unknown
ang moh	NN1	GenAm	ˌɒŋ ˈmoʊ		𐑪𐑙 𐑥𐑴		unknown
worth one's salt	AJ0	RSSB	wɜːRθ wʌnz ˈsɒlt	wɜːRθ wʌnz sɔːlt	𐑢𐑻𐑔 𐑢𐑳𐑯𐑟 𐑕𐑪𐑤𐑑	𐑢𐑻𐑔𐑢𐑳𐑯𐑟𐑕𐑷𐑤𐑑	divergent
worth one's salt	AJ0	GenAm	ˈwɜːRθ wʌnz ˈsɒlt	wɜːRθ wʌnz sɔːlt	𐑢𐑻𐑔 𐑢𐑳𐑯𐑟 𐑕𐑪𐑤𐑑	𐑢𐑻𐑔𐑢𐑳𐑯𐑟𐑕𐑷𐑤𐑑	divergent
presto chango	ITJ	RSSB	ˌprestəʊ ˈtʃeɪndʒəʊ		𐑐𐑮𐑧𐑕𐑑𐑴 𐑗𐑱𐑯𐑡𐑴		unknown
presto chango	ITJ	GenAm	ˌprestoʊ ˈtʃeɪndʒoʊ		𐑐𐑮𐑧𐑕𐑑𐑴 𐑗𐑱𐑯𐑡𐑴		unknown
24-hour clock	NN1	RSSB	twentifɔːraʊəR ˈklɒk		𐑑𐑢𐑧𐑯𐑑𐑦𐑓𐑹𐑬𐑼 𐑒𐑤𐑪𐑒		unknown
24-hour clock	NN1	GenAm	ˌtwentiˈfɔːRˌaʊər ˈklɒk		𐑑𐑢𐑧𐑯𐑑𐑦𐑓𐑹𐑬𐑼 𐑒𐑤𐑪𐑒		unknown
movie theater	NN1	GenAm	ˈmuvi ˌθiətəR	ˈmuːvi ˈθɪətəR	𐑥𐑫𐑝𐑦 𐑔𐑾𐑑𐑼	𐑥𐑵𐑝𐑦𐑔𐑾𐑑𐑼	divergent
mare's nest	NN1	RSSB	mɜːRz nest		𐑥𐑻𐑟 𐑯𐑧𐑕𐑑		unknown
Caps Lock	NN1	RSSB	kæps lɒk	kæps lɒk	𐑒𐑨𐑐𐑕 𐑤𐑪𐑒	𐑒𐑨𐑐𐑕𐑤𐑪𐑒	matches
fall short	VVI	GenAm	fɒl ʃort	fɔːl ʃɔːRt	𐑓𐑪𐑤 𐑖𐑪𐑮𐑑	𐑓𐑷𐑤𐑖𐑹𐑑	divergent
barbecue sauce	NN1	RSSB	bɑːRbɪkjuː sɔːs	ˈbɑːRbɪkjuː sɔːs	𐑚𐑸𐑚𐑦𐑒𐑿 𐑕𐑷𐑕	𐑚𐑸𐑚𐑦𐑒𐑿𐑕𐑷𐑕	matches
barbecue sauce	NN1	GenAm	ˈbɑːrbəkjuː sɑːs	ˈbɑːRbɪkjuː sɔːs	𐑚𐑸𐑚𐑩𐑒𐑿 𐑕𐑭𐑕	𐑚𐑸𐑚𐑦𐑒𐑿𐑕𐑷𐑕	divergent
pass muster	VVI	RSSB	ˌpɑːs mʌstəR	pⱭːs ˈmʌstəR	𐑐𐑭𐑕 𐑥𐑳𐑕𐑑𐑼	𐑐𐑭𐑕𐑥𐑳𐑕𐑑𐑼	matches
pass muster	VVI	GenAm	ˌpæs ˈmʌstəR	pⱭːs ˈmʌstəR	𐑐𐑨𐑕 𐑥𐑳𐑕𐑑𐑼	𐑐𐑭𐑕𐑥𐑳𐑕𐑑𐑼	matches
arborio rice	NN1	RSSB	ɑːRbɔːrɪəʊ ˈraɪs		𐑸𐑚𐑹𐑾𐑫 𐑮𐑲𐑕		unknown
arborio rice	NN1	GenAm	ɑːRˈbɔːRioʊ ˈraɪs	ɑːRˈbɔːRioʊ raɪs	𐑸𐑚𐑹𐑦𐑴 𐑮𐑲𐑕	𐑸𐑚𐑹𐑦𐑴𐑮𐑲𐑕	matches
Las Vegas	NP0	RSSB	læs ˈveɪɡəs		𐑤𐑨𐑕 𐑝𐑱𐑜𐑩𐑕		unknown
Russian Soviet Federative Socialist Republic	NP0	RSSB	rʌʃən ˈsɒviət fedərətɪv ˈsəʊʃəlɪst rɪˈpʌblɪk		𐑮𐑳𐑖𐑩𐑯 𐑕𐑪𐑝𐑾𐑑 𐑓𐑧𐑛𐑼𐑩𐑑𐑦𐑝 𐑕𐑴𐑖𐑩𐑤𐑦𐑕𐑑 𐑮𐑦𐑐𐑳𐑚𐑤𐑦𐑒		unknown
Russian Soviet Federative Socialist Republic	NP0	GenAm	ˈrʌʃən ˈsoʊvjət ˈfedəRˌreɪtɪv ˈsoʊʃəlɪst rəˈpʌblɪk		𐑮𐑳𐑖𐑩𐑯 𐑕𐑴𐑝𐑘𐑩𐑑 𐑓𐑧𐑛𐑼𐑮𐑱𐑑𐑦𐑝 𐑕𐑴𐑖𐑩𐑤𐑦𐑕𐑑 𐑮𐑩𐑐𐑳𐑚𐑤𐑦𐑒		unknown
faute de mieux	AV0	RSSB	fəʊt də ˈmjɜː		𐑓𐑴𐑑 𐑛𐑩 𐑥𐑘𐑻		unknown
faute de mieux	AV0	GenAm	foʊt də ˈmjər		𐑓𐑴𐑑 𐑛𐑩 𐑥𐑘𐑼		unknown
primum mobile	NN1	RSSB	praɪməm ˈməʊbɪli		𐑐𐑮𐑲𐑥𐑩𐑥 𐑥𐑴𐑚𐑦𐑤𐑦		unknown
primum mobile	NN1	GenAm	ˌpraɪməm ˈmoʊbəˌli		𐑐𐑮𐑲𐑥𐑩𐑥 𐑥𐑴𐑚𐑩𐑤𐑦		unknown
par excellence	AV0	RSSB	pɑːr ˌeksəˈlɑːns	pɑːR ˈeksələns	𐑐𐑸 𐑧𐑒𐑕𐑩𐑤𐑭𐑯𐑕	𐑐𐑸𐑧𐑒𐑕𐑩𐑤𐑩𐑯𐑕	divergent
par excellence	AV0	RSSB	pɑːr ˈeksəlɑːns	pɑːR ˈeksələns	𐑐𐑸 𐑧𐑒𐑕𐑩𐑤𐑭𐑯𐑕	𐑐𐑸𐑧𐑒𐑕𐑩𐑤𐑩𐑯𐑕	divergent
par excellence	AV0	RSSB	pɑːr ˌeksəˈlɒs	pɑːR ˈeksələns	𐑐𐑸 𐑧𐑒𐑕𐑩𐑤𐑪𐑕	𐑐𐑸𐑧𐑒𐑕𐑩𐑤𐑩𐑯𐑕	divergent
par excellence	AV0	RSSB	pɑːr ˈeksəlɒs	pɑːR ˈeksələns	𐑐𐑸 𐑧𐑒𐑕𐑩𐑤𐑪𐑕	𐑐𐑸𐑧𐑒𐑕𐑩𐑤𐑩𐑯𐑕	divergent
par excellence	AV0	GenAm	ˌpɑːR ˌeksəˈlɒnts	pɑːR ˈeksələns	𐑐𐑸 𐑧𐑒𐑕𐑩𐑤𐑪𐑯𐑑𐑕	𐑐𐑸𐑧𐑒𐑕𐑩𐑤𐑩𐑯𐑕	divergent
par excellence	AV0	GenAm	ˌpɑːR ˌeksəˈlɒns	pɑːR ˈeksələns	𐑐𐑸 𐑧𐑒𐑕𐑩𐑤𐑪𐑯𐑕	𐑐𐑸𐑧𐑒𐑕𐑩𐑤𐑩𐑯𐑕	divergent
par excellence	AJ0	RSSB	pɑːr ˌeksəˈlɑːns	pɑːR ˈeksələns	𐑐𐑸 𐑧𐑒𐑕𐑩𐑤𐑭𐑯𐑕	𐑐𐑸𐑧𐑒𐑕𐑩𐑤𐑩𐑯𐑕	divergent
par excellence	AJ0	RSSB	pɑːr ˈeksəlɑːns	pɑːR ˈeksələns	𐑐𐑸 𐑧𐑒𐑕𐑩𐑤𐑭𐑯𐑕	𐑐𐑸𐑧𐑒𐑕𐑩𐑤𐑩𐑯𐑕	divergent
par excellence	AJ0	RSSB	pɑːr ˌeksəˈlɒs	pɑːR ˈeksələns	𐑐𐑸 𐑧𐑒𐑕𐑩𐑤𐑪𐑕	𐑐𐑸𐑧𐑒𐑕𐑩𐑤𐑩𐑯𐑕	divergent
par excellence	AJ0	RSSB	pɑːr ˈeksəlɒs	pɑːR ˈeksələns	𐑐𐑸 𐑧𐑒𐑕𐑩𐑤𐑪𐑕	𐑐𐑸𐑧𐑒𐑕𐑩𐑤𐑩𐑯𐑕	divergent
par excellence	AJ0	GenAm	ˌpɑːR ˌeksəˈlɒnts	pɑːR ˈeksələns	𐑐𐑸 𐑧𐑒𐑕𐑩𐑤𐑪𐑯𐑑𐑕	𐑐𐑸𐑧𐑒𐑕𐑩𐑤𐑩𐑯𐑕	divergent
par excellence	AJ0	GenAm	ˌpɑːR ˌeksəˈlɒns	pɑːR ˈeksələns	𐑐𐑸 𐑧𐑒𐑕𐑩𐑤𐑪𐑯𐑕	𐑐𐑸𐑧𐑒𐑕𐑩𐑤𐑩𐑯𐑕	divergent
gastric acid	NN1	GenAm	ˈɡæstrɪk ˈæsƏd	ˈɡæstrɪk ˈæsɪd	𐑜𐑨𐑕𐑑𐑮𐑦𐑒 𐑨𐑕𐑩𐑛	𐑜𐑨𐑕𐑑𐑮𐑦𐑒𐑨𐑕𐑦𐑛	matches
gastric acid	NN1	GenAm	ˈɡæstʃrɪk ˈæsƏd	ˈɡæstrɪk ˈæsɪd	𐑜𐑨𐑕𐑗𐑮𐑦𐑒 𐑨𐑕𐑩𐑛	𐑜𐑨𐑕𐑑𐑮𐑦𐑒𐑨𐑕𐑦𐑛	divergent
porcelain god	NN1	RSSB	pɔːRsəlɪn ˈɡɒd	ˈpɔːRsəlɪn ɡɒd	𐑐𐑹𐑕𐑩𐑤𐑦𐑯 𐑜𐑪𐑛	𐑐𐑹𐑕𐑩𐑤𐑦𐑯𐑜𐑪𐑛	matches
porcelain god	NN1	GenAm	ˈpɔːRsəlɪn ˈɡɒd	ˈpɔːRsəlɪn ɡɒd	𐑐𐑹𐑕𐑩𐑤𐑦𐑯 𐑜𐑪𐑛	𐑐𐑹𐑕𐑩𐑤𐑦𐑯𐑜𐑪𐑛	matches
porcelain god	NN1	GenAm	ˈpɔːRslɪn ˈɡɒd	ˈpɔːRsəlɪn ɡɒd	𐑐𐑹𐑕𐑤𐑦𐑯 𐑜𐑪𐑛	𐑐𐑹𐑕𐑩𐑤𐑦𐑯𐑜𐑪𐑛	divergent
bit bucket	NN1	RSSB	ˈbɪt ˌbʌkɪt	bɪt ˈbʌkIt	𐑚𐑦𐑑 𐑚𐑳𐑒𐑦𐑑	𐑚𐑦𐑑𐑚𐑳𐑒𐑩𐑑	matches
bit bucket	NN1	GenAm	ˈbɪt ˌbʌkət	bɪt ˈbʌkIt	𐑚𐑦𐑑 𐑚𐑳𐑒𐑩𐑑	𐑚𐑦𐑑𐑚𐑳𐑒𐑩𐑑	matches
bit bucket	VVI	RSSB	ˈbɪt ˌbʌkɪt	bɪt ˈbʌkIt	𐑚𐑦𐑑 𐑚𐑳𐑒𐑦𐑑	𐑚𐑦𐑑𐑚𐑳𐑒𐑩𐑑	matches
bit bucket	VVI	GenAm	ˈbɪt ˌbʌkət	bɪt ˈbʌkIt	𐑚𐑦𐑑 𐑚𐑳𐑒𐑩𐑑	𐑚𐑦𐑑𐑚𐑳𐑒𐑩𐑑	matches
poo poo	NN1	GenAm	puːpu	pu pu	𐑐𐑵𐑐𐑫	𐑐𐑫𐑐𐑫	divergent
poo poo	VVI	GenAm	puːpu	pu pu	𐑐𐑵𐑐𐑫	𐑐𐑫𐑐𐑫	divergent
busy as a bee	AJ0	GenAm	ˈbɪziæzəˈbiː	ˈbɪzi æz ə biː	𐑚𐑦𐑟𐑦𐑨𐑟𐑩𐑚𐑰	𐑚𐑦𐑟𐑦𐑨𐑟𐑩𐑚𐑰	matches
abelian group	NN1	GenAm	əˈbiliən ɡrup	əˈbiliən ɡruːp	𐑩𐑚𐑦𐑤𐑾𐑯 𐑜𐑮𐑫𐑐	𐑩𐑚𐑦𐑤𐑾𐑯𐑜𐑮𐑵𐑐	divergent
abelian group	NN1	GenAm	əˈbiljən ɡrup	əˈbiliən ɡruːp	𐑩𐑚𐑦𐑤𐑘𐑩𐑯 𐑜𐑮𐑫𐑐	𐑩𐑚𐑦𐑤𐑾𐑯𐑜𐑮𐑵𐑐	divergent
eager beaver	NN1	RSSB	iːɡəR biːvəR	ˈiːɡəR ˈbiːvəR	𐑰𐑜𐑼 𐑚𐑰𐑝𐑼	𐑰𐑜𐑼𐑚𐑰𐑝𐑼	matches
eager beaver	NN1	GenAm	ˌiɡəR ˈbivəR	ˈiːɡəR ˈbiːvəR	𐑦𐑜𐑼 𐑚𐑦𐑝𐑼	𐑰𐑜𐑼𐑚𐑰𐑝𐑼	divergent
winter storm	NN1	RSSB	wɪntərstɔːRm	ˈwɪntəR stɔːRm	𐑢𐑦𐑯𐑑𐑼𐑕𐑑𐑹𐑥	𐑢𐑦𐑯𐑑𐑼𐑕𐑑𐑹𐑥	matches
winter storm	NN1	GenAm	ˈwɪntəR stɔːRm	ˈwɪntəR stɔːRm	𐑢𐑦𐑯𐑑𐑼 𐑕𐑑𐑹𐑥	𐑢𐑦𐑯𐑑𐑼𐑕𐑑𐑹𐑥	matches
close down	VVI	RSSB	kləʊzˈdaʊn	kləʊs daʊn	𐑒𐑤𐑴𐑟𐑛𐑬𐑯	𐑒𐑤𐑴𐑕𐑛𐑬𐑯	divergent
close down	VVI	GenAm	kloʊzˈdaʊn	kləʊs daʊn	𐑒𐑤𐑴𐑟𐑛𐑬𐑯	𐑒𐑤𐑴𐑕𐑛𐑬𐑯	divergent
virtuous circle	NN1	GenAm	ˈvɜːRtʃuəs ˈsɜːRkəl	ˈvɜːRtʃuəs ˈsɜːRkəl	𐑝𐑻𐑗𐑫𐑩𐑕 𐑕𐑻𐑒𐑩𐑤	𐑝𐑻𐑗𐑫𐑩𐑕𐑕𐑻𐑒𐑩𐑤	matches
widow's mite	NN1	RSSB	ˈwɪdəʊz ˈmaɪt		𐑢𐑦𐑛𐑴𐑟 𐑥𐑲𐑑		unknown
widow's mite	NN1	GenAm	ˈwɪdoʊz ˈmaɪt		𐑢𐑦𐑛𐑴𐑟 𐑥𐑲𐑑		unknown
stand to reason	VVI	RSSB	ˌstænd tə riːzən	stænd T ˈriːzən	𐑕𐑑𐑨𐑯𐑛 𐑑𐑩 𐑮𐑰𐑟𐑩𐑯	𐑕𐑑𐑨𐑯𐑛𐑑𐑮𐑰𐑟𐑩𐑯	divergent
stand to reason	VVI	GenAm	ˌstænd tə ˈrizən	stænd T ˈriːzən	𐑕𐑑𐑨𐑯𐑛 𐑑𐑩 𐑮𐑦𐑟𐑩𐑯	𐑕𐑑𐑨𐑯𐑛𐑑𐑮𐑰𐑟𐑩𐑯	divergent
first time	NN1	RSSB	fɜːRst taɪm	fɜːRst taɪm	𐑓𐑻𐑕𐑑 𐑑𐑲𐑥	𐑓𐑻𐑕𐑑𐑑𐑲𐑥	matches
first time	NN1	GenAm	fɜːRst taɪm	fɜːRst taɪm	𐑓𐑻𐑕𐑑 𐑑𐑲𐑥	𐑓𐑻𐑕𐑑𐑑𐑲𐑥	matches
first time	VVI	RSSB	fɜːRst taɪm	fɜːRst taɪm	𐑓𐑻𐑕𐑑 𐑑𐑲𐑥	𐑓𐑻𐑕𐑑𐑑𐑲𐑥	matches
first time	VVI	GenAm	fɜːRst taɪm	fɜːRst taɪm	𐑓𐑻𐑕𐑑 𐑑𐑲𐑥	𐑓𐑻𐑕𐑑𐑑𐑲𐑥	matches
run someone ragged	VVI	RSSB	ˈrʌn ˌsʌmwʌn ˈræɡƏd	rʌn ˈsʌmwʌn ˈræɡƏd	𐑮𐑳𐑯 𐑕𐑳𐑥𐑢𐑳𐑯 𐑮𐑨𐑜𐑩𐑛	𐑮𐑳𐑯𐑕𐑳𐑥𐑢𐑳𐑯𐑮𐑨𐑜𐑩𐑛	matches
run someone ragged	VVI	RSSB	ˈrʌn ˌsʌmwʌn ræɡəd	rʌn ˈsʌmwʌn ˈræɡƏd	𐑮𐑳𐑯 𐑕𐑳𐑥𐑢𐑳𐑯 𐑮𐑨𐑜𐑩𐑛	𐑮𐑳𐑯𐑕𐑳𐑥𐑢𐑳𐑯𐑮𐑨𐑜𐑩𐑛	matches
Ho Chi Minh	NP0	RSSB	həʊ tʃiː mɪn		𐑣𐑴 𐑗𐑰 𐑥𐑦𐑯		unknown
what do you want, a cookie	UNC	RSSB	ˈwɒt də ju ˈwɒnt | ə ˈkʊki		𐑢𐑪𐑑 𐑛𐑩 𐑘𐑫 𐑢𐑪𐑯𐑑 | 𐑩 𐑒𐑫𐑒𐑦		unknown
what do you want, a cookie	UNC	GenAm	ˈwʌt də jə ˈwɒnt | ə ˈkʊki		𐑢𐑳𐑑 𐑛𐑩 𐑘𐑩 𐑢𐑪𐑯𐑑 | 𐑩 𐑒𐑫𐑒𐑦		unknown
as you sow, so shall you reap	UNC	RSSB	əzju səʊ səʊʃəlju riːp		𐑩𐑟𐑘𐑫 𐑕𐑴 𐑕𐑴𐑖𐑩𐑤𐑘𐑫 𐑮𐑰𐑐		unknown
as you sow, so shall you reap	UNC	GenAm	əzju ˈsoʊ soʊʃəlju ˈrip		𐑩𐑟𐑘𐑫 𐑕𐑴 𐑕𐑴𐑖𐑩𐑤𐑘𐑫 𐑮𐑦𐑐		unknown
shrinking violet	NN1	RSSB	ˈʃrɪŋkɪŋ ˈvaɪələt	ˈʃrɪŋkɪŋ ˈvaɪələt	𐑖𐑮𐑦𐑙𐑒𐑦𐑙 𐑝𐑲𐑩𐑤𐑩𐑑	𐑖𐑮𐑦𐑙𐑒𐑦𐑙𐑝𐑲𐑩𐑤𐑩𐑑	matches
shrinking violet	NN1	GenAm	ˈʃrɪŋkɪŋ ˈvaɪələt	ˈʃrɪŋkɪŋ ˈvaɪələt	𐑖𐑮𐑦𐑙𐑒𐑦𐑙 𐑝𐑲𐑩𐑤𐑩𐑑	𐑖𐑮𐑦𐑙𐑒𐑦𐑙𐑝𐑲𐑩𐑤𐑩𐑑	matches
shrinking violet	NN1	RSSB	ˈʃrɪŋkɪŋ ˈvaɪlət	ˈʃrɪŋkɪŋ ˈvaɪələt	𐑖𐑮𐑦𐑙𐑒𐑦𐑙 𐑝𐑲𐑤𐑩𐑑	𐑖𐑮𐑦𐑙𐑒𐑦𐑙𐑝𐑲𐑩𐑤𐑩𐑑	divergent
shrinking violet	NN1	GenAm	ˈʃrɪŋkɪŋ ˈvaɪlət	ˈʃrɪŋkɪŋ ˈvaɪələt	𐑖𐑮𐑦𐑙𐑒𐑦𐑙 𐑝𐑲𐑤𐑩𐑑	𐑖𐑮𐑦𐑙𐑒𐑦𐑙𐑝𐑲𐑩𐑤𐑩𐑑	divergent
account for	VVI	GenAm	əˈkaʊnt for	əˈkaʊnt F	𐑩𐑒𐑬𐑯𐑑 𐑓𐑪𐑮	𐑩𐑒𐑬𐑯𐑑𐑓	divergent
hither and thither	AV0	RSSB	hɪðərən ðɪðəR	ˈhɪðəR N ˈðɪðəR	𐑣𐑦𐑞𐑼𐑩𐑯 𐑞𐑦𐑞𐑼	𐑣𐑦𐑞𐑼𐑯𐑞𐑦𐑞𐑼	divergent
hither and thither	AV0	GenAm	ˌhɪðəRən ˈðɪðəR	ˈhɪðəR N ˈðɪðəR	𐑣𐑦𐑞𐑼𐑩𐑯 𐑞𐑦𐑞𐑼	𐑣𐑦𐑞𐑼𐑯𐑞𐑦𐑞𐑼	divergent
hither and thither	VVI	RSSB	hɪðərən ðɪðəR	ˈhɪðəR N ˈðɪðəR	𐑣𐑦𐑞𐑼𐑩𐑯 𐑞𐑦𐑞𐑼	𐑣𐑦𐑞𐑼𐑯𐑞𐑦𐑞𐑼	divergent
hither and thither	VVI	GenAm	ˌhɪðəRən ˈðɪðəR	ˈhɪðəR N ˈðɪðəR	𐑣𐑦𐑞𐑼𐑩𐑯 𐑞𐑦𐑞𐑼	𐑣𐑦𐑞𐑼𐑯𐑞𐑦𐑞𐑼	divergent
comfort food	NN1	RSSB	kʌmfəRt ˌfuːd	ˈkʌmfəRt fuːd	𐑒𐑳𐑥𐑓𐑼𐑑 𐑓𐑵𐑛	𐑒𐑳𐑥𐑓𐑼𐑑𐑓𐑵𐑛	matches
comfort food	NN1	GenAm	ˈkʌmfəRt ˌfud	ˈkʌmfəRt fuːd	𐑒𐑳𐑥𐑓𐑼𐑑 𐑓𐑫𐑛	𐑒𐑳𐑥𐑓𐑼𐑑𐑓𐑵𐑛	divergent
mouse deer	NN1	GenAm	ˈmaʊsdɪr	maʊs dɪəR	𐑥𐑬𐑕𐑛𐑦𐑮	𐑥𐑬𐑕𐑛𐑽	divergent
mouse deer	NN1	RSSB	maʊsdɪəR	maʊs dɪəR	𐑥𐑬𐑕𐑛𐑽	𐑥𐑬𐑕𐑛𐑽	matches
four score and seven years ago	AV0	RSSB	fɔːR skɔːrən sevən jɪəz əRɡəʊ	fɔːR skɔːR N ˈsevən jɪəRz əˈɡəʊ	𐑓𐑹 𐑕𐑒𐑹𐑩𐑯 𐑕𐑧𐑝𐑩𐑯 𐑘𐑾𐑟 𐑼𐑜𐑴	𐑓𐑹𐑕𐑒𐑹𐑯𐑕𐑧𐑝𐑩𐑯𐑘𐑽𐑟𐑩𐑜𐑴	divergent
four score and seven years ago	AV0	GenAm	ˈfɔːR skɔːR ən ˌsevən jɪrz əˌɡoʊ	fɔːR skɔːR N ˈsevən jɪəRz əˈɡəʊ	𐑓𐑹 𐑕𐑒𐑹 𐑩𐑯 𐑕𐑧𐑝𐑩𐑯 𐑘𐑦𐑮𐑟 𐑩𐑜𐑴	𐑓𐑹𐑕𐑒𐑹𐑯𐑕𐑧𐑝𐑩𐑯𐑘𐑽𐑟𐑩𐑜𐑴	divergent
abuse of process	NN1	RSSB	əˈbjuːs əv ˈprəʊses	əˈbjuːs V ˈprəʊses	𐑩𐑚𐑿𐑕 𐑩𐑝 𐑐𐑮𐑴𐑕𐑧𐑕	𐑩𐑚𐑿𐑕𐑝𐑐𐑮𐑴𐑕𐑧𐑕	divergent
abuse of process	NN1	GenAm	əˈbjus əv ˈprɒses	əˈbjuːs V ˈprəʊses	𐑩𐑚𐑘𐑫𐑕 𐑩𐑝 𐑐𐑮𐑪𐑕𐑧𐑕	𐑩𐑚𐑿𐑕𐑝𐑐𐑮𐑴𐑕𐑧𐑕	divergent
skeleton crew	NN1	RSSB	ˌskelɪtn ˈkruː	ˈskelɪtən kruː	𐑕𐑒𐑧𐑤𐑦𐑑𐑯 𐑒𐑮𐑵	𐑕𐑒𐑧𐑤𐑦𐑑𐑩𐑯𐑒𐑮𐑵	divergent
skeleton crew	NN1	GenAm	ˌskelətən ˈkru	ˈskelɪtən kruː	𐑕𐑒𐑧𐑤𐑩𐑑𐑩𐑯 𐑒𐑮𐑫	𐑕𐑒𐑧𐑤𐑦𐑑𐑩𐑯𐑒𐑮𐑵	divergent
edit war	NN1	RSSB	ˌedɪt wɔːR	ˈedɪt wɔːR	𐑧𐑛𐑦𐑑 𐑢𐑹	𐑧𐑛𐑦𐑑𐑢𐑹	matches
edit war	NN1	GenAm	ˌedɪt ˈwor	ˈedɪt wɔːR	𐑧𐑛𐑦𐑑 𐑢𐑪𐑮	𐑧𐑛𐑦𐑑𐑢𐑹	divergent
edit war	VVI	RSSB	ˌedɪt wɔːR	ˈedɪt wɔːR	𐑧𐑛𐑦𐑑 𐑢𐑹	𐑧𐑛𐑦𐑑𐑢𐑹	matches
edit war	VVI	GenAm	ˌedɪt ˈwor	ˈedɪt wɔːR	𐑧𐑛𐑦𐑑 𐑢𐑪𐑮	𐑧𐑛𐑦𐑑𐑢𐑹	divergent
grammar Nazi	NN1	RSSB	ɡræmərnɑːRtsi	ˈɡræməR ˈnⱭːtsi	𐑜𐑮𐑨𐑥𐑼𐑯𐑸𐑑𐑕𐑦	𐑜𐑮𐑨𐑥𐑼𐑯𐑭𐑑𐑕𐑦	divergent
grammar Nazi	NN1	GenAm	ˈɡræməR ˈnɑːtsi	ˈɡræməR ˈnⱭːtsi	𐑜𐑮𐑨𐑥𐑼 𐑯𐑭𐑑𐑕𐑦	𐑜𐑮𐑨𐑥𐑼𐑯𐑭𐑑𐑕𐑦	matches
grammar Nazi	NN1	GenAm	ˈɡræməR ˈnætsi	ˈɡræməR ˈnⱭːtsi	𐑜𐑮𐑨𐑥𐑼 𐑯𐑨𐑑𐑕𐑦	𐑜𐑮𐑨𐑥𐑼𐑯𐑭𐑑𐑕𐑦	matches
à bas	ITJ	GenAm	ɒˈbɒ		𐑪𐑚𐑪		unknown
à bas	ITJ	GenAm	aˈba		𐑨𐑚𐑨		unknown
à bas	ITJ	GenAm	aˈbɒ		𐑨𐑚𐑪		unknown
Berlin Wall	NP0	RSSB	bɜːRlɪn wɔːl	bɜːRˈlɪn wɔːl	𐑚𐑻𐑤𐑦𐑯 𐑢𐑷𐑤	𐑚𐑻𐑤𐑦𐑯𐑢𐑷𐑤	matches
Berlin Wall	NP0	GenAm	bɜːRˈlɪn wɒl	bɜːRˈlɪn wɔːl	𐑚𐑻𐑤𐑦𐑯 𐑢𐑪𐑤	𐑚𐑻𐑤𐑦𐑯𐑢𐑷𐑤	divergent
Berlin Wall	NN1	RSSB	bɜːRlɪn wɔːl	bɜːRˈlɪn wɔːl	𐑚𐑻𐑤𐑦𐑯 𐑢𐑷𐑤	𐑚𐑻𐑤𐑦𐑯𐑢𐑷𐑤	matches
Berlin Wall	NN1	GenAm	bɜːRˈlɪn wɒl	bɜːRˈlɪn wɔːl	𐑚𐑻𐑤𐑦𐑯 𐑢𐑪𐑤	𐑚𐑻𐑤𐑦𐑯𐑢𐑷𐑤	divergent
enhanced interrogation	NN1	GenAm	ɪnˈhænst ɪnˌterəˌɡeɪʃən	ɪnˈhⱭːnst ɪnˌterəˈɡeɪʃən	𐑦𐑯𐑣𐑨𐑯𐑕𐑑 𐑦𐑯𐑑𐑧𐑮𐑩𐑜𐑱𐑖𐑩𐑯	𐑦𐑯𐑣𐑭𐑯𐑕𐑑𐑦𐑯𐑑𐑧𐑮𐑩𐑜𐑱𐑖𐑩𐑯	matches
enhanced interrogation	NN1	RSSB	ɪnˈhɑːnst ɪnterəɡeɪʃən	ɪnˈhⱭːnst ɪnˌterəˈɡeɪʃən	𐑦𐑯𐑣𐑭𐑯𐑕𐑑 𐑦𐑯𐑑𐑧𐑮𐑩𐑜𐑱𐑖𐑩𐑯	𐑦𐑯𐑣𐑭𐑯𐑕𐑑𐑦𐑯𐑑𐑧𐑮𐑩𐑜𐑱𐑖𐑩𐑯	matches
Captain Planet	NP0	RSSB	ˈkæptɪn ˈplanɪt	ˈkæptɪn ˈplænIt	𐑒𐑨𐑐𐑑𐑦𐑯 𐑐𐑤𐑨𐑯𐑦𐑑	𐑒𐑨𐑐𐑑𐑦𐑯𐑐𐑤𐑨𐑯𐑩𐑑	matches
Captain Planet	NP0	GenAm	ˈkæptɪn ˈplænət	ˈkæptɪn ˈplænIt	𐑒𐑨𐑐𐑑𐑦𐑯 𐑐𐑤𐑨𐑯𐑩𐑑	𐑒𐑨𐑐𐑑𐑦𐑯𐑐𐑤𐑨𐑯𐑩𐑑	matches
talking head	NN1	RSSB	ˌtɔːkɪŋ ˈhed	ˈtɔːkɪŋ hed	𐑑𐑷𐑒𐑦𐑙 𐑣𐑧𐑛	𐑑𐑷𐑒𐑦𐑙𐑣𐑧𐑛	matches
talking head	NN1	GenAm	ˌtɒkɪŋ ˈhed	ˈtɔːkɪŋ hed	𐑑𐑪𐑒𐑦𐑙 𐑣𐑧𐑛	𐑑𐑷𐑒𐑦𐑙𐑣𐑧𐑛	divergent
conspiracy theorist	NN1	RSSB	kənspɪrəsi θɪərɪst	kənˈspɪrəsi ˈθɪərɪst	𐑒𐑩𐑯𐑕𐑐𐑦𐑮𐑩𐑕𐑦 𐑔𐑽𐑦𐑕𐑑	𐑒𐑩𐑯𐑕𐑐𐑦𐑮𐑩𐑕𐑦𐑔𐑽𐑦𐑕𐑑	matches
conspiracy theorist	NN1	GenAm	kənˈspɪrəsi ˌθiəRəst	kənˈspɪrəsi ˈθɪərɪst	𐑒𐑩𐑯𐑕𐑐𐑦𐑮𐑩𐑕𐑦 𐑔𐑽𐑩𐑕𐑑	𐑒𐑩𐑯𐑕𐑐𐑦𐑮𐑩𐑕𐑦𐑔𐑽𐑦𐑕𐑑	matches
taxicab distance	NN1	RSSB	ˌtæksikæb ˈdɪstənts	ˈtæksɪkæb ˈdɪstəns	𐑑𐑨𐑒𐑕𐑦𐑒𐑨𐑚 𐑛𐑦𐑕𐑑𐑩𐑯𐑑𐑕	𐑑𐑨𐑒𐑕𐑦𐑒𐑨𐑚𐑛𐑦𐑕𐑑𐑩𐑯𐑕	divergent
taxicab distance	NN1	GenAm	ˌtæksiˌkæb ˈdɪstənts	ˈtæksɪkæb ˈdɪstəns	𐑑𐑨𐑒𐑕𐑦𐑒𐑨𐑚 𐑛𐑦𐑕𐑑𐑩𐑯𐑑𐑕	𐑑𐑨𐑒𐑕𐑦𐑒𐑨𐑚𐑛𐑦𐑕𐑑𐑩𐑯𐑕	divergent
coal tit	NN1	RSSB	ˌkəʊl ˈtɪt	kəʊl tɪt	𐑒𐑴𐑤 𐑑𐑦𐑑	𐑒𐑴𐑤𐑑𐑦𐑑	matches
coal tit	NN1	GenAm	ˌkoʊl ˈtɪt	kəʊl tɪt	𐑒𐑴𐑤 𐑑𐑦𐑑	𐑒𐑴𐑤𐑑𐑦𐑑	matches
threepenny bit	NN1	RSSB	θrʌpəni bɪt	ˈθrepəni bɪt	𐑔𐑮𐑳𐑐𐑩𐑯𐑦 𐑚𐑦𐑑	𐑔𐑮𐑧𐑐𐑩𐑯𐑦𐑚𐑦𐑑	divergent
church key	NN1	RSSB	tʃəRːtʃki	tʃɜːRtʃ kiː	𐑗𐑼𐑗𐑒𐑦	𐑗𐑻𐑗𐑒𐑰	divergent
church key	NN1	GenAm	ˈtʃɜːRtʃki	tʃɜːRtʃ kiː	𐑗𐑻𐑗𐑒𐑦	𐑗𐑻𐑗𐑒𐑰	divergent
constitutional monarchy	NN1	GenAm	kɒnstɪˈtuːʃənəl ˈmɑːnɑːRki	ˌkɒnstɪˈtuːʃənəl ˈmɒnəRki	𐑒𐑪𐑯𐑕𐑑𐑦𐑑𐑵𐑖𐑩𐑯𐑩𐑤 𐑥𐑭𐑯𐑸𐑒𐑦	𐑒𐑪𐑯𐑕𐑑𐑦𐑑𐑵𐑖𐑩𐑯𐑩𐑤𐑥𐑪𐑯𐑼𐑒𐑦	divergent
according to plan	UNC	GenAm	əˈkɔːRdɪŋ tə ˈplæn	əˈkɔːRdɪŋ T plæn	𐑩𐑒𐑹𐑛𐑦𐑙 𐑑𐑩 𐑐𐑤𐑨𐑯	𐑩𐑒𐑹𐑛𐑦𐑙𐑑𐑐𐑤𐑨𐑯	divergent
petit four	NN1	RSSB	ˈpeti ˈfɔr		𐑐𐑧𐑑𐑦 𐑓𐑷𐑮		unknown
petit four	NN1	GenAm	ˈpeti ˈfɔːR	ˈpetət fɔːR	𐑐𐑧𐑑𐑦 𐑓𐑹	𐑐𐑧𐑑𐑩𐑑𐑓𐑹	divergent
disco ball	NN1	RSSB	ˈdɪskəʊ ˌbɔːl	ˈdɪskəʊ bɔːl	𐑛𐑦𐑕𐑒𐑴 𐑚𐑷𐑤	𐑛𐑦𐑕𐑒𐑴𐑚𐑷𐑤	matches
disco ball	NN1	GenAm	ˈdɪskoʊ ˌbɔːl	ˈdɪskəʊ bɔːl	𐑛𐑦𐑕𐑒𐑴 𐑚𐑷𐑤	𐑛𐑦𐑕𐑒𐑴𐑚𐑷𐑤	matches
disco ball	NN1	GenAm	ˈdɪskoʊ ˌbɑːl	ˈdɪskəʊ bɔːl	𐑛𐑦𐑕𐑒𐑴 𐑚𐑭𐑤	𐑛𐑦𐑕𐑒𐑴𐑚𐑷𐑤	divergent
look daggers	VVI	RSSB	ˌlʊk dæɡəRz	lʊk ˈdæɡəRz	𐑤𐑫𐑒 𐑛𐑨𐑜𐑼𐑟	𐑤𐑫𐑒𐑛𐑨𐑜𐑼𐑟	matches
look daggers	VVI	GenAm	ˌlʊk ˈdæɡəRz	lʊk ˈdæɡəRz	𐑤𐑫𐑒 𐑛𐑨𐑜𐑼𐑟	𐑤𐑫𐑒𐑛𐑨𐑜𐑼𐑟	matches
dot the i's and cross the t's	VVI	RSSB	ˌdɒt ði ˈaɪz ən ˌkrɒs ðə ˈtiːz	dɒt Ð aɪz N krɒs Ð tiːz	𐑛𐑪𐑑 𐑞𐑦 𐑲𐑟 𐑩𐑯 𐑒𐑮𐑪𐑕 𐑞𐑩 𐑑𐑰𐑟	𐑛𐑪𐑑𐑞𐑲𐑟𐑯𐑒𐑮𐑪𐑕𐑞𐑑𐑰𐑟	divergent
dot the i's and cross the t's	VVI	GenAm	ˌdɒt ði ˈaɪz ən ˌkrɒs ðə ˈtiz	dɒt Ð aɪz N krɒs Ð tiːz	𐑛𐑪𐑑 𐑞𐑦 𐑲𐑟 𐑩𐑯 𐑒𐑮𐑪𐑕 𐑞𐑩 𐑑𐑦𐑟	𐑛𐑪𐑑𐑞𐑲𐑟𐑯𐑒𐑮𐑪𐑕𐑞𐑑𐑰𐑟	divergent
ab aeterno	AV0	GenAm	ˌæb iˈtəRnoʊ		𐑨𐑚 𐑦𐑑𐑼𐑯𐑴		unknown
ab aeterno	AV0	GenAm	ˌɒb ˌaɪˈtəRnoʊ		𐑪𐑚 𐑲𐑑𐑼𐑯𐑴		unknown
jingle bell	NN1	RSSB	ˈdʒɪŋɡəl bel	ˈdʒɪŋɡəl bel	𐑡𐑦𐑙𐑜𐑩𐑤 𐑚𐑧𐑤	𐑡𐑦𐑙𐑜𐑩𐑤𐑚𐑧𐑤	matches
jingle bell	NN1	GenAm	ˈdʒɪŋɡəl ˌbel	ˈdʒɪŋɡəl bel	𐑡𐑦𐑙𐑜𐑩𐑤 𐑚𐑧𐑤	𐑡𐑦𐑙𐑜𐑩𐑤𐑚𐑧𐑤	matches
muscle memory	NN1	RSSB	ˌmʌsəl meməri	ˈmʌsəl ˈmeməri	𐑥𐑳𐑕𐑩𐑤 𐑥𐑧𐑥𐑼𐑦	𐑥𐑳𐑕𐑩𐑤𐑥𐑧𐑥𐑼𐑦	matches
muscle memory	NN1	GenAm	ˈmʌsəl ˈmeməRi	ˈmʌsəl ˈmeməri	𐑥𐑳𐑕𐑩𐑤 𐑥𐑧𐑥𐑼𐑦	𐑥𐑳𐑕𐑩𐑤𐑥𐑧𐑥𐑼𐑦	matches
walk on eggshells	VVI	RSSB	ˌwɔːk ɒn ˈeɡʃelz	wɔːk ɒn ˈeɡʃelz	𐑢𐑷𐑒 𐑪𐑯 𐑧𐑜𐑖𐑧𐑤𐑟	𐑢𐑷𐑒𐑪𐑯𐑧𐑜𐑖𐑧𐑤𐑟	matches
walk on eggshells	VVI	GenAm	ˌwɒk ɒn ˈeɡʃelz	wɔːk ɒn ˈeɡʃelz	𐑢𐑪𐑒 𐑪𐑯 𐑧𐑜𐑖𐑧𐑤𐑟	𐑢𐑷𐑒𐑪𐑯𐑧𐑜𐑖𐑧𐑤𐑟	divergent
Ishikawa diagram	NN1	RSSB	ˌɪʃɪˈkɑːwɑː daɪəɡræm		𐑦𐑖𐑦𐑒𐑭𐑢𐑭 𐑛𐑲𐑩𐑜𐑮𐑨𐑥		unknown
Ishikawa diagram	NN1	GenAm	ˌɪʃiˈkɒwɒ ˈdaɪəɡræm		𐑦𐑖𐑦𐑒𐑪𐑢𐑪 𐑛𐑲𐑩𐑜𐑮𐑨𐑥		unknown
paternity leave	NN1	RSSB	pətɜːRnɪti ˌliːv	pəˈtɜːRnɪti liːv	𐑐𐑩𐑑𐑻𐑯𐑦𐑑𐑦 𐑤𐑰𐑝	𐑐𐑩𐑑𐑻𐑯𐑦𐑑𐑦𐑤𐑰𐑝	matches
paternity leave	NN1	GenAm	pəˈtɜːRnəti ˌliv	pəˈtɜːRnɪti liːv	𐑐𐑩𐑑𐑻𐑯𐑩𐑑𐑦 𐑤𐑦𐑝	𐑐𐑩𐑑𐑻𐑯𐑦𐑑𐑦𐑤𐑰𐑝	divergent
Streisand effect	NN1	GenAm	ˈstraɪsænd əˌfekt		𐑕𐑑𐑮𐑲𐑕𐑨𐑯𐑛 𐑩𐑓𐑧𐑒𐑑		unknown
pear tree	NN1	RSSB	peəR ˈtriː	peəR triː	𐑐𐑺 𐑑𐑮𐑰	𐑐𐑺𐑑𐑮𐑰	matches
pear tree	NN1	GenAm	ˌpeəR ˈtri	peəR triː	𐑐𐑺 𐑑𐑮𐑦	𐑐𐑺𐑑𐑮𐑰	divergent
today is a good day to die	UNC	RSSB	təˈdeɪ ɪz ə ˈɡʊd deɪ tuː ˈdaɪ	təˈdeɪ ɪz ə ɡʊd deɪ T daɪ	𐑑𐑩𐑛𐑱 𐑦𐑟 𐑩 𐑜𐑫𐑛 𐑛𐑱 𐑑𐑵 𐑛𐑲	𐑑𐑩𐑛𐑱𐑦𐑟𐑩𐑜𐑫𐑛𐑛𐑱𐑑𐑛𐑲	divergent
today is a good day to die	UNC	GenAm	tʊˈdeɪ ɪz ə ˈɡʊd deɪ tə ˈdaɪ	təˈdeɪ ɪz ə ɡʊd deɪ T daɪ	𐑑𐑫𐑛𐑱 𐑦𐑟 𐑩 𐑜𐑫𐑛 𐑛𐑱 𐑑𐑩 𐑛𐑲	𐑑𐑩𐑛𐑱𐑦𐑟𐑩𐑜𐑫𐑛𐑛𐑱𐑑𐑛𐑲	divergent
res publica	NN1	RSSB	reɪzpʊblɪkə		𐑮𐑱𐑟𐑐𐑫𐑚𐑤𐑦𐑒𐑩		unknown
tubular bells	NN1	RSSB	tjuːbjələR ˈbelz	ˈtjuːbjələR belz	𐑑𐑿𐑚𐑘𐑩𐑤𐑼 𐑚𐑧𐑤𐑟	𐑑𐑿𐑚𐑘𐑩𐑤𐑼𐑚𐑧𐑤𐑟	matches
tubular bells	NN1	GenAm	ˌtjubjələr ˈbelz	ˈtuːbjələR belz	𐑑𐑘𐑫𐑚𐑘𐑩𐑤𐑼 𐑚𐑧𐑤𐑟	𐑑𐑵𐑚𐑘𐑩𐑤𐑼𐑚𐑧𐑤𐑟	divergent
San Marcos	NP0	GenAm	sæn ˈmɑːRkəs		𐑕𐑨𐑯 𐑥𐑸𐑒𐑩𐑕		unknown
San Marcos	NP0	GenAm	sæn ˈmɑːRkoʊs		𐑕𐑨𐑯 𐑥𐑸𐑒𐑴𐑕		unknown
en famille	AV0	RSSB	ˌɒ faˈmiː		𐑪 𐑓𐑨𐑥𐑰		unknown
en famille	AV0	RSSB	ˌɑːn fɑːˈmi		𐑭𐑯 𐑓𐑭𐑥𐑦		unknown
ne'er cast a clout till May be out	UNC	RSSB	neəR kɑːstə klaʊt tɪl meɪ biː aʊt	neəR kⱭːst ə klaʊt tɪl meɪ biː aʊt	𐑯𐑺 𐑒𐑭𐑕𐑑𐑩 𐑒𐑤𐑬𐑑 𐑑𐑦𐑤 𐑥𐑱 𐑚𐑰 𐑬𐑑	𐑯𐑺𐑒𐑭𐑕𐑑𐑩𐑒𐑤𐑬𐑑𐑑𐑦𐑤𐑥𐑱𐑚𐑰𐑬𐑑	matches
ne'er cast a clout till May be out	UNC	GenAm	neər ˌkæstə ˈklaʊt tɪl ˌmeɪ bi ˈaʊt	neəR kⱭːst ə klaʊt tɪl meɪ biː aʊt	𐑯𐑺 𐑒𐑨𐑕𐑑𐑩 𐑒𐑤𐑬𐑑 𐑑𐑦𐑤 𐑥𐑱 𐑚𐑦 𐑬𐑑	𐑯𐑺𐑒𐑭𐑕𐑑𐑩𐑒𐑤𐑬𐑑𐑑𐑦𐑤𐑥𐑱𐑚𐑰𐑬𐑑	divergent
dog eat dog	AJ0	RSSB	dɒɡ iːt dɒɡ	dɒɡ iːt dɒɡ	𐑛𐑪𐑜 𐑰𐑑 𐑛𐑪𐑜	𐑛𐑪𐑜𐑰𐑑𐑛𐑪𐑜	matches
dog eat dog	AJ0	GenAm	dɒɡ it dɒɡ	dɒɡ iːt dɒɡ	𐑛𐑪𐑜 𐑦𐑑 𐑛𐑪𐑜	𐑛𐑪𐑜𐑰𐑑𐑛𐑪𐑜	divergent
old as the hills	AJ0	RSSB	ˌəʊld əzðə ˈhɪlz	əʊld æz Ð hɪlz	𐑴𐑤𐑛 𐑩𐑟𐑞𐑩 𐑣𐑦𐑤𐑟	𐑴𐑤𐑛𐑨𐑟𐑞𐑣𐑦𐑤𐑟	divergent
old as the hills	AJ0	GenAm	ˌoʊld əzðə ˈhɪlz	əʊld æz Ð hɪlz	𐑴𐑤𐑛 𐑩𐑟𐑞𐑩 𐑣𐑦𐑤𐑟	𐑴𐑤𐑛𐑨𐑟𐑞𐑣𐑦𐑤𐑟	divergent
sleep like a log	VVI	GenAm	ˈsliːp laɪk ə ˈlɒɡ	sliːp laɪk ə lɒɡ	𐑕𐑤𐑰𐑐 𐑤𐑲𐑒 𐑩 𐑤𐑪𐑜	𐑕𐑤𐑰𐑐𐑤𐑲𐑒𐑩𐑤𐑪𐑜	matches
sleep like a log	VVI	RSSB	ˈsliːp laɪk ə ˈlɒɡ	sliːp laɪk ə lɒɡ	𐑕𐑤𐑰𐑐 𐑤𐑲𐑒 𐑩 𐑤𐑪𐑜	𐑕𐑤𐑰𐑐𐑤𐑲𐑒𐑩𐑤𐑪𐑜	matches
heaven forfend	ITJ	RSSB	ˌhevən fɔːRfend		𐑣𐑧𐑝𐑩𐑯 𐑓𐑹𐑓𐑧𐑯𐑛		unknown
heaven forfend	ITJ	GenAm	ˌhevən fɔːRˈfend	ˈhevən fɔːRˈfend	𐑣𐑧𐑝𐑩𐑯 𐑓𐑹𐑓𐑧𐑯𐑛	𐑣𐑧𐑝𐑩𐑯𐑓𐑹𐑓𐑧𐑯𐑛	matches
grappling iron	NN1	GenAm	ˈɡræpəlɪŋ ˌaɪəRn	ˈɡræplɪŋ ˈaɪəRn	𐑜𐑮𐑨𐑐𐑩𐑤𐑦𐑙 𐑲𐑼𐑯	𐑜𐑮𐑨𐑐𐑤𐑦𐑙𐑲𐑼𐑯	divergent
happily ever after	AV0	RSSB	hæpɪli evərɑːftəR	ˈhæpɪli ˈevəR ˈⱭːftəR	𐑣𐑨𐑐𐑦𐑤𐑦 𐑧𐑝𐑼𐑭𐑓𐑑𐑼	𐑣𐑨𐑐𐑦𐑤𐑦𐑧𐑝𐑼𐑭𐑓𐑑𐑼	matches
happily ever after	AV0	GenAm	ˈhæpəli ˌevərˈæftər	ˈhæpɪli ˈevəR ˈⱭːftəR	𐑣𐑨𐑐𐑩𐑤𐑦 𐑧𐑝𐑼𐑨𐑓𐑑𐑼	𐑣𐑨𐑐𐑦𐑤𐑦𐑧𐑝𐑼𐑭𐑓𐑑𐑼	divergent
happily ever after	NN1	RSSB	hæpɪli evərɑːftəR	ˈhæpɪli ˈevəR ˈⱭːftəR	𐑣𐑨𐑐𐑦𐑤𐑦 𐑧𐑝𐑼𐑭𐑓𐑑𐑼	𐑣𐑨𐑐𐑦𐑤𐑦𐑧𐑝𐑼𐑭𐑓𐑑𐑼	matches
happily ever after	NN1	GenAm	ˈhæpəli ˌevərˈæftər	ˈhæpɪli ˈevəR ˈⱭːftəR	𐑣𐑨𐑐𐑩𐑤𐑦 𐑧𐑝𐑼𐑨𐑓𐑑𐑼	𐑣𐑨𐑐𐑦𐑤𐑦𐑧𐑝𐑼𐑭𐑓𐑑𐑼	divergent
elfin safety	NN1	RSSB	elˈfɪn ˌseɪfti	ˈelfɪn ˈseɪfti	𐑧𐑤𐑓𐑦𐑯 𐑕𐑱𐑓𐑑𐑦	𐑧𐑤𐑓𐑦𐑯𐑕𐑱𐑓𐑑𐑦	matches
sloe gin	NN1	RSSB	ˈsləʊ ˌdʒɪn	sləʊ dʒɪn	𐑕𐑤𐑴 𐑡𐑦𐑯	𐑕𐑤𐑴𐑡𐑦𐑯	matches
sloe gin	NN1	GenAm	ˈsloʊ ˌdʒɪn	sləʊ dʒɪn	𐑕𐑤𐑴 𐑡𐑦𐑯	𐑕𐑤𐑴𐑡𐑦𐑯	matches
mandarin duck	NN1	RSSB	mændərɪn dʌk	ˈmændərɪn dʌk	𐑥𐑨𐑯𐑛𐑼𐑦𐑯 𐑛𐑳𐑒	𐑥𐑨𐑯𐑛𐑼𐑦𐑯𐑛𐑳𐑒	matches
mandarin duck	NN1	GenAm	ˈmændərɪn dʌk	ˈmændərɪn dʌk	𐑥𐑨𐑯𐑛𐑼𐑦𐑯 𐑛𐑳𐑒	𐑥𐑨𐑯𐑛𐑼𐑦𐑯𐑛𐑳𐑒	matches
arm wrestling	NN1	RSSB	ɑːRm ˌreslɪŋ	ɑːRm ˈreslɪŋ	𐑸𐑥 𐑮𐑧𐑕𐑤𐑦𐑙	𐑸𐑥𐑮𐑧𐑕𐑤𐑦𐑙	matches
arm wrestling	NN1	GenAm	ˈɑːRm ˌreslɪŋ	ɑːRm ˈreslɪŋ	𐑸𐑥 𐑮𐑧𐑕𐑤𐑦𐑙	𐑸𐑥𐑮𐑧𐑕𐑤𐑦𐑙	matches
arm wrestling	VVI	RSSB	ɑːRm ˌreslɪŋ	ɑːRm ˈreslɪŋ	𐑸𐑥 𐑮𐑧𐑕𐑤𐑦𐑙	𐑸𐑥𐑮𐑧𐑕𐑤𐑦𐑙	matches
arm wrestling	VVI	GenAm	ˈɑːRm ˌreslɪŋ	ɑːRm ˈreslɪŋ	𐑸𐑥 𐑮𐑧𐑕𐑤𐑦𐑙	𐑸𐑥𐑮𐑧𐑕𐑤𐑦𐑙	matches
Federated States of Micronesia	NP0	GenAm	ˈfedəˌreɪtɪd ˈsteɪts əv ˌmaɪkrəˈniːʒə	ˈfedəreɪtƏd steɪts V ˌmaɪkroʊˈniːziə	𐑓𐑧𐑛𐑼𐑱𐑑𐑦𐑛 𐑕𐑑𐑱𐑑𐑕 𐑩𐑝 𐑥𐑲𐑒𐑮𐑩𐑯𐑰𐑠𐑩	𐑓𐑧𐑛𐑼𐑱𐑑𐑩𐑛𐑕𐑑𐑱𐑑𐑕𐑝𐑥𐑲𐑒𐑮𐑴𐑯𐑰𐑟𐑾	divergent
Brunei Darussalam	NP0	GenAm	bruˈnaɪ ˌdɑːRussəˈlɒm		𐑚𐑮𐑫𐑯𐑲 𐑛𐑸𐑫𐑕𐑕𐑩𐑤𐑪𐑥		unknown
Northern Mariana Islands	NP0	RSSB	nɔːRðəRn mæriænə ˈaɪləndz		𐑯𐑹𐑞𐑼𐑯 𐑥𐑨𐑮𐑦𐑨𐑯𐑩 𐑲𐑤𐑩𐑯𐑛𐑟		unknown
Northern Mariana Islands	NP0	GenAm	ˈnɔːRðəRn ˌmeriˈænə ˈaɪləndz		𐑯𐑹𐑞𐑼𐑯 𐑥𐑧𐑮𐑦𐑨𐑯𐑩 𐑲𐑤𐑩𐑯𐑛𐑟		unknown
high road	NN1	RSSB	ˈhaɪ rəʊd	haɪ rəʊd	𐑣𐑲 𐑮𐑴𐑛	𐑣𐑲𐑮𐑴𐑛	matches
high road	NN1	GenAm	ˈhaɪ ˌroʊd	haɪ rəʊd	𐑣𐑲 𐑮𐑴𐑛	𐑣𐑲𐑮𐑴𐑛	matches
heart of glass	NN1	RSSB	hɑːRt ə ˈɡlɑːs	hɑːRt V ɡlⱭːs	𐑣𐑸𐑑 𐑩 𐑜𐑤𐑭𐑕	𐑣𐑸𐑑𐑝𐑜𐑤𐑭𐑕	divergent
heart of glass	NN1	GenAm	ˌhɑːRt ə ˈɡlæs	hɑːRt V ɡlⱭːs	𐑣𐑸𐑑 𐑩 𐑜𐑤𐑨𐑕	𐑣𐑸𐑑𐑝𐑜𐑤𐑭𐑕	divergent
shiver my timbers	ITJ	RSSB	ʃɪvəR maɪ tɪmbəRs	ˈʃɪvəR maɪ ˈtɪmbəRz	𐑖𐑦𐑝𐑼 𐑥𐑲 𐑑𐑦𐑥𐑚𐑼𐑕	𐑖𐑦𐑝𐑼𐑥𐑲𐑑𐑦𐑥𐑚𐑼𐑟	divergent
shiver my timbers	ITJ	GenAm	ˈʃɪvəR maɪ ˈtɪmbəRs	ˈʃɪvəR maɪ ˈtɪmbəRz	𐑖𐑦𐑝𐑼 𐑥𐑲 𐑑𐑦𐑥𐑚𐑼𐑕	𐑖𐑦𐑝𐑼𐑥𐑲𐑑𐑦𐑥𐑚𐑼𐑟	divergent
Chinese New Year	NP0	RSSB	ˌtʃaɪˌniːz ˌnjuː jɪəR	tʃaɪˈniːz njuː jɪəR	𐑗𐑲𐑯𐑰𐑟 𐑯𐑿 𐑘𐑽	𐑗𐑲𐑯𐑰𐑟𐑯𐑿𐑘𐑽	matches
Chinese New Year	NP0	GenAm	ˌtʃaɪˌniz ˈnju ˌjɪər	tʃaɪˈniːz nuː jɪəR	𐑗𐑲𐑯𐑦𐑟 𐑯𐑘𐑫 𐑘𐑽	𐑗𐑲𐑯𐑰𐑟𐑯𐑵𐑘𐑽	divergent
dressing room	NN1	RSSB	ˈdresɪŋ rʊm	ˈdresɪŋ ruːm	𐑛𐑮𐑧𐑕𐑦𐑙 𐑮𐑫𐑥	𐑛𐑮𐑧𐑕𐑦𐑙𐑮𐑵𐑥	divergent
dressing room	NN1	RSSB	ˈdresɪŋ ruːm	ˈdresɪŋ ruːm	𐑛𐑮𐑧𐑕𐑦𐑙 𐑮𐑵𐑥	𐑛𐑮𐑧𐑕𐑦𐑙𐑮𐑵𐑥	matches
dressing room	NN1	GenAm	ˈdʒresɪŋ rum	ˈdresɪŋ ruːm	𐑡𐑮𐑧𐑕𐑦𐑙 𐑮𐑫𐑥	𐑛𐑮𐑧𐑕𐑦𐑙𐑮𐑵𐑥	divergent
snow shed	NN1	RSSB	ˈsnəʊʃed	snəʊ ʃed	𐑕𐑯𐑴𐑖𐑧𐑛	𐑕𐑯𐑴𐑖𐑧𐑛	matches
snow shed	NN1	GenAm	ˈsnoʊˌʃed	snəʊ ʃed	𐑕𐑯𐑴𐑖𐑧𐑛	𐑕𐑯𐑴𐑖𐑧𐑛	matches
raree show	NN1	RSSB	rɜːriʃəʊ		𐑮𐑻𐑦𐑖𐑴		unknown
acacia gum	NN1	RSSB	əˈkeɪʃə ɡʌm	əˈkeɪʃə ɡʌm	𐑩𐑒𐑱𐑖𐑩 𐑜𐑳𐑥	𐑩𐑒𐑱𐑖𐑩𐑜𐑳𐑥	matches
acacia gum	NN1	GenAm	əˈkeɪʃə ɡʌm	əˈkeɪʃə ɡʌm	𐑩𐑒𐑱𐑖𐑩 𐑜𐑳𐑥	𐑩𐑒𐑱𐑖𐑩𐑜𐑳𐑥	matches
acacia gum	NN1	RSSB	əˈkeɪsjə ɡʌm	əˈkeɪʃə ɡʌm	𐑩𐑒𐑱𐑕𐑘𐑩 𐑜𐑳𐑥	𐑩𐑒𐑱𐑖𐑩𐑜𐑳𐑥	divergent
water spout	NN1	RSSB	wɔːtəR spaʊt	ˈwɔːtər spaʊt	𐑢𐑷𐑑𐑼 𐑕𐑐𐑬𐑑	𐑢𐑷𐑑𐑼𐑕𐑐𐑬𐑑	matches
water spout	NN1	GenAm	ˈwɒtər spaʊt	ˈwɔːtər spaʊt	𐑢𐑪𐑑𐑼 𐑕𐑐𐑬𐑑	𐑢𐑷𐑑𐑼𐑕𐑐𐑬𐑑	divergent
foreign country	NN1	GenAm	fɔːrɪn kʌntri	ˈfɒrɪn ˈkʌntri	𐑓𐑹𐑦𐑯 𐑒𐑳𐑯𐑑𐑮𐑦	𐑓𐑪𐑮𐑦𐑯𐑒𐑳𐑯𐑑𐑮𐑦	divergent
foreign country	NN1	GenAm	fɔːrɪn kʌntʃri	ˈfɒrɪn ˈkʌntri	𐑓𐑹𐑦𐑯 𐑒𐑳𐑯𐑗𐑮𐑦	𐑓𐑪𐑮𐑦𐑯𐑒𐑳𐑯𐑑𐑮𐑦	divergent
Montego Bay	NP0	RSSB	mɒnˈtiːɡəʊ ˌbeɪ		𐑥𐑪𐑯𐑑𐑰𐑜𐑴 𐑚𐑱		unknown
Montego Bay	NP0	GenAm	mɒnˈtiˌɡoʊ ˌbeɪ		𐑥𐑪𐑯𐑑𐑦𐑜𐑴 𐑚𐑱		unknown
house of worship	NN1	RSSB	haʊs ɒv wɜːRʃɪp	haʊs V ˈwɜːRʃɪp	𐑣𐑬𐑕 𐑪𐑝 𐑢𐑻𐑖𐑦𐑐	𐑣𐑬𐑕𐑝𐑢𐑻𐑖𐑦𐑐	divergent
house of worship	NN1	GenAm	haʊs ʌv ˈwɜːRʃɪp	haʊs V ˈwɜːRʃɪp	𐑣𐑬𐑕 𐑳𐑝 𐑢𐑻𐑖𐑦𐑐	𐑣𐑬𐑕𐑝𐑢𐑻𐑖𐑦𐑐	divergent
spherical aberration	NN1	GenAm	ˈsfɪrɪkəl ˌæbəˈreɪʃən	ˈsferɪkəl ˌæbəˈreɪʃən	𐑕𐑓𐑦𐑮𐑦𐑒𐑩𐑤 𐑨𐑚𐑼𐑱𐑖𐑩𐑯	𐑕𐑓𐑧𐑮𐑦𐑒𐑩𐑤𐑨𐑚𐑼𐑱𐑖𐑩𐑯	divergent
fall down	VVI	RSSB	fɔːl ˈdaʊn	fɔːl daʊn	𐑓𐑷𐑤 𐑛𐑬𐑯	𐑓𐑷𐑤𐑛𐑬𐑯	matches
fall down	VVI	GenAm	fɒl ˈdaʊn	fɔːl daʊn	𐑓𐑪𐑤 𐑛𐑬𐑯	𐑓𐑷𐑤𐑛𐑬𐑯	divergent
in posse	AJ0	GenAm	ɪnˈpɒsi	ɪn ˈpɒsi	𐑦𐑯𐑐𐑪𐑕𐑦	𐑦𐑯𐑐𐑪𐑕𐑦	matches
in posse	AV0	GenAm	ɪnˈpɒsi	ɪn ˈpɒsi	𐑦𐑯𐑐𐑪𐑕𐑦	𐑦𐑯𐑐𐑪𐑕𐑦	matches
in esse	UNC	GenAm	ɪnˈesi		𐑦𐑯𐑧𐑕𐑦		unknown
in esse	UNC	GenAm	ɪnˈeseɪ		𐑦𐑯𐑧𐑕𐑱		unknown
auto mechanic	NN1	GenAm	ˈɒtoʊ məˈkænɪk	ˈɔːtəʊ mɪˈkænɪk	𐑪𐑑𐑴 𐑥𐑩𐑒𐑨𐑯𐑦𐑒	𐑷𐑑𐑴𐑥𐑦𐑒𐑨𐑯𐑦𐑒	divergent
Swiss Army knife	NN1	GenAm	ˌswɪsˈɑːRmiˌnaɪf	swɪs ˈɑːRmi naɪf	𐑕𐑢𐑦𐑕𐑸𐑥𐑦𐑯𐑲𐑓	𐑕𐑢𐑦𐑕𐑸𐑥𐑦𐑯𐑲𐑓	matches
planning permission	NN1	RSSB	ˈplænɪŋ pəRmɪʃən	ˈplænɪŋ pəRˈmɪʃən	𐑐𐑤𐑨𐑯𐑦𐑙 𐑐𐑼𐑥𐑦𐑖𐑩𐑯	𐑐𐑤𐑨𐑯𐑦𐑙𐑐𐑼𐑥𐑦𐑖𐑩𐑯	matches
planning permission	NN1	GenAm	ˈplænɪŋ pəRˈmɪʃən	ˈplænɪŋ pəRˈmɪʃən	𐑐𐑤𐑨𐑯𐑦𐑙 𐑐𐑼𐑥𐑦𐑖𐑩𐑯	𐑐𐑤𐑨𐑯𐑦𐑙𐑐𐑼𐑥𐑦𐑖𐑩𐑯	matches
Captain Obvious	NN1	RSSB	ˌkæptɪn ˈɒbviəs	ˈkæptɪn ˈɒbvɪəs	𐑒𐑨𐑐𐑑𐑦𐑯 𐑪𐑚𐑝𐑾𐑕	𐑒𐑨𐑐𐑑𐑦𐑯𐑪𐑚𐑝𐑾𐑕	matches
Captain Obvious	NN1	GenAm	ˌkæptən ˈɒbviəs	ˈkæptɪn ˈɒbvɪəs	𐑒𐑨𐑐𐑑𐑩𐑯 𐑪𐑚𐑝𐑾𐑕	𐑒𐑨𐑐𐑑𐑦𐑯𐑪𐑚𐑝𐑾𐑕	matches
due diligence	NN1	RSSB	ˈdjuː ˌdɪlɪdʒəns	djuː ˈdɪlɪdʒəns	𐑛𐑿 𐑛𐑦𐑤𐑦𐑡𐑩𐑯𐑕	𐑛𐑿𐑛𐑦𐑤𐑦𐑡𐑩𐑯𐑕	matches
due diligence	NN1	RSSB	dʒuː ˌdɪlɪdʒəns	djuː ˈdɪlɪdʒəns	𐑡𐑵 𐑛𐑦𐑤𐑦𐑡𐑩𐑯𐑕	𐑛𐑿𐑛𐑦𐑤𐑦𐑡𐑩𐑯𐑕	divergent
due diligence	NN1	GenAm	ˈdu ˌdɪlɪdʒəns	duː ˈdɪlɪdʒəns	𐑛𐑫 𐑛𐑦𐑤𐑦𐑡𐑩𐑯𐑕	𐑛𐑵𐑛𐑦𐑤𐑦𐑡𐑩𐑯𐑕	divergent
money talks	UNC	RSSB	ˈmʌni tɔːks	ˈmʌni tɔːks	𐑥𐑳𐑯𐑦 𐑑𐑷𐑒𐑕	𐑥𐑳𐑯𐑦𐑑𐑷𐑒𐑕	matches
money talks	UNC	GenAm	ˈmʌni tɒks	ˈmʌni tɔːks	𐑥𐑳𐑯𐑦 𐑑𐑪𐑒𐑕	𐑥𐑳𐑯𐑦𐑑𐑷𐑒𐑕	divergent
Pied Piper	NP0	RSSB	paɪd paɪpəR	paɪd ˈpaɪpəR	𐑐𐑲𐑛 𐑐𐑲𐑐𐑼	𐑐𐑲𐑛𐑐𐑲𐑐𐑼	matches
Rapa Nui	NP0	RSSB	rɑːpɑː ˈnuːɪ		𐑮𐑭𐑐𐑭 𐑯𐑵𐑦		unknown
Rapa Nui	NP0	GenAm	ˈrɒpə ˈnui		𐑮𐑪𐑐𐑩 𐑯𐑫𐑦		unknown
Rapa Nui	NN1	RSSB	rɑːpɑː ˈnuːɪ		𐑮𐑭𐑐𐑭 𐑯𐑵𐑦		unknown
Rapa Nui	NN1	GenAm	ˈrɒpə ˈnui		𐑮𐑪𐑐𐑩 𐑯𐑫𐑦		unknown
expected value	NN1	RSSB	ɪkˈspektɪd ˈvaljuː	ɪkˈspektƏd ˈvæljuː	𐑦𐑒𐑕𐑐𐑧𐑒𐑑𐑦𐑛 𐑝𐑨𐑤𐑿	𐑦𐑒𐑕𐑐𐑧𐑒𐑑𐑩𐑛𐑝𐑨𐑤𐑿	matches
expected value	NN1	GenAm	ɪkˈspektɪd ˈvælju	ɪkˈspektƏd ˈvæljuː	𐑦𐑒𐑕𐑐𐑧𐑒𐑑𐑦𐑛 𐑝𐑨𐑤𐑘𐑫	𐑦𐑒𐑕𐑐𐑧𐑒𐑑𐑩𐑛𐑝𐑨𐑤𐑿	divergent
stamp out	VVI	RSSB	stamp aʊt	stæmp aʊt	𐑕𐑑𐑨𐑥𐑐 𐑬𐑑	𐑕𐑑𐑨𐑥𐑐𐑬𐑑	matches
green with envy	UNC	RSSB	ɡriːn wɪð ˈenvi	ɡriːn wɪð ˈenvi	𐑜𐑮𐑰𐑯 𐑢𐑦𐑞 𐑧𐑯𐑝𐑦	𐑜𐑮𐑰𐑯𐑢𐑦𐑞𐑧𐑯𐑝𐑦	matches
green with envy	UNC	GenAm	ɡrin wɪð ˈenvi	ɡriːn wɪθ ˈenvi	𐑜𐑮𐑦𐑯 𐑢𐑦𐑞 𐑧𐑯𐑝𐑦	𐑜𐑮𐑰𐑯𐑢𐑦𐑔𐑧𐑯𐑝𐑦	divergent
eat away	VVI	RSSB	iːtəˈweɪ	iːt əˈweɪ	𐑰𐑑𐑩𐑢𐑱	𐑰𐑑𐑩𐑢𐑱	matches
eat away	VVI	GenAm	itəˈweɪ	iːt əˈweɪ	𐑦𐑑𐑩𐑢𐑱	𐑰𐑑𐑩𐑢𐑱	divergent
trading card	NN1	GenAm	ˈtreɪdɪŋ ˌkɑːRd	ˈtreɪdɪŋ kɑːRd	𐑑𐑮𐑱𐑛𐑦𐑙 𐑒𐑸𐑛	𐑑𐑮𐑱𐑛𐑦𐑙𐑒𐑸𐑛	matches
Agia Napa	NP0	RSSB	ˈaɪəˌnæpə		𐑲𐑩𐑯𐑨𐑐𐑩		unknown
lusus naturae	NN1	RSSB	ˈluːsəs nətjəəriː		𐑤𐑵𐑕𐑩𐑕 𐑯𐑩𐑑𐑘𐑩𐑼𐑰		unknown
lusus naturae	NN1	RSSB	ˈluːsuːs nətjəəriː		𐑤𐑵𐑕𐑵𐑕 𐑯𐑩𐑑𐑘𐑩𐑼𐑰		unknown
lusus naturae	NN1	RSSB	ˈljuːsuːs nətjəəriː		𐑤𐑿𐑕𐑵𐑕 𐑯𐑩𐑑𐑘𐑩𐑼𐑰		unknown
hello girl	NN1	RSSB	həˈləʊ ɡɜːRl	heˈləʊ ɡɜːRl	𐑣𐑩𐑤𐑴 𐑜𐑻𐑤	𐑣𐑧𐑤𐑴𐑜𐑻𐑤	divergent
hello girl	NN1	GenAm	heˈloʊ ˌɡɜːRl	heˈləʊ ɡɜːRl	𐑣𐑧𐑤𐑴 𐑜𐑻𐑤	𐑣𐑧𐑤𐑴𐑜𐑻𐑤	matches
normal distribution	NN1	GenAm	ˌnɔːRməl ˌdɪstrəˈbjuʃən	ˈnɔːRməl ˌdɪstrɪˈbjuːʃən	𐑯𐑹𐑥𐑩𐑤 𐑛𐑦𐑕𐑑𐑮𐑩𐑚𐑘𐑫𐑖𐑩𐑯	𐑯𐑹𐑥𐑩𐑤𐑛𐑦𐑕𐑑𐑮𐑦𐑚𐑿𐑖𐑩𐑯	divergent
cable car	NN1	RSSB	ˈkeɪbəl kɑːr	ˈkeɪbəl kɑːR	𐑒𐑱𐑚𐑩𐑤 𐑒𐑸	𐑒𐑱𐑚𐑩𐑤𐑒𐑸	matches
cable car	NN1	GenAm	ˈkeɪbəl ˌkɑːR	ˈkeɪbəl kɑːR	𐑒𐑱𐑚𐑩𐑤 𐑒𐑸	𐑒𐑱𐑚𐑩𐑤𐑒𐑸	matches
Mona Lisa	NP0	RSSB	ˌməʊnə ˈliːzə	ˈməʊnə ˈliːsə	𐑥𐑴𐑯𐑩 𐑤𐑰𐑟𐑩	𐑥𐑴𐑯𐑩𐑤𐑰𐑕𐑩	divergent
Mona Lisa	NP0	GenAm	ˌmoʊnə ˈlisə	ˈməʊnə ˈliːsə	𐑥𐑴𐑯𐑩 𐑤𐑦𐑕𐑩	𐑥𐑴𐑯𐑩𐑤𐑰𐑕𐑩	divergent
Mona Lisa	NN1	RSSB	ˌməʊnə ˈliːzə	ˈməʊnə ˈliːsə	𐑥𐑴𐑯𐑩 𐑤𐑰𐑟𐑩	𐑥𐑴𐑯𐑩𐑤𐑰𐑕𐑩	divergent
Mona Lisa	NN1	GenAm	ˌmoʊnə ˈlisə	ˈməʊnə ˈliːsə	𐑥𐑴𐑯𐑩 𐑤𐑦𐑕𐑩	𐑥𐑴𐑯𐑩𐑤𐑰𐑕𐑩	divergent
absorption spectrum	NN1	GenAm	æbˈsɔːRpʃən ˈspɜːktrəm	əbˈsɔːRpʃən ˈspektrəm	𐑨𐑚𐑕𐑹𐑐𐑖𐑩𐑯 𐑕𐑐𐑻𐑒𐑑𐑮𐑩𐑥	𐑩𐑚𐑕𐑹𐑐𐑖𐑩𐑯𐑕𐑐𐑧𐑒𐑑𐑮𐑩𐑥	divergent
absorption spectrum	NN1	GenAm	æbˈzɔːRpʃən ˈspɜːktrəm	əbˈsɔːRpʃən ˈspektrəm	𐑨𐑚𐑟𐑹𐑐𐑖𐑩𐑯 𐑕𐑐𐑻𐑒𐑑𐑮𐑩𐑥	𐑩𐑚𐑕𐑹𐑐𐑖𐑩𐑯𐑕𐑐𐑧𐑒𐑑𐑮𐑩𐑥	divergent
absorption spectrum	NN1	GenAm	əbˈzɔːRpʃən ˈspɜːktrəm	əbˈsɔːRpʃən ˈspektrəm	𐑩𐑚𐑟𐑹𐑐𐑖𐑩𐑯 𐑕𐑐𐑻𐑒𐑑𐑮𐑩𐑥	𐑩𐑚𐑕𐑹𐑐𐑖𐑩𐑯𐑕𐑐𐑧𐑒𐑑𐑮𐑩𐑥	divergent
absorption spectrum	NN1	GenAm	əbˈsɔːRpʃən ˈspɜːktrəm	əbˈsɔːRpʃən ˈspektrəm	𐑩𐑚𐑕𐑹𐑐𐑖𐑩𐑯 𐑕𐑐𐑻𐑒𐑑𐑮𐑩𐑥	𐑩𐑚𐑕𐑹𐑐𐑖𐑩𐑯𐑕𐑐𐑧𐑒𐑑𐑮𐑩𐑥	divergent
pet shop	NN1	RSSB	ˈpet ʃɒp	pet ʃɒp	𐑐𐑧𐑑 𐑖𐑪𐑐	𐑐𐑧𐑑𐑖𐑪𐑐	matches
pet shop	NN1	GenAm	ˈpet ʃɒp	pet ʃɒp	𐑐𐑧𐑑 𐑖𐑪𐑐	𐑐𐑧𐑑𐑖𐑪𐑐	matches
ACE inhibitor	NN1	GenAm	ˈeɪs ɪnˌhɪbɪtəR	eɪs ɪnˈhɪbɪtəR	𐑱𐑕 𐑦𐑯𐑣𐑦𐑚𐑦𐑑𐑼	𐑱𐑕𐑦𐑯𐑣𐑦𐑚𐑦𐑑𐑼	matches
ACE inhibitor	NN1	RSSB	ˈeɪs ɪnhɪbɪtəR	eɪs ɪnˈhɪbɪtəR	𐑱𐑕 𐑦𐑯𐑣𐑦𐑚𐑦𐑑𐑼	𐑱𐑕𐑦𐑯𐑣𐑦𐑚𐑦𐑑𐑼	matches
high concept	NN1	RSSB	ˌhaɪ ˈkɒnsept	haɪ ˈkɒnsept	𐑣𐑲 𐑒𐑪𐑯𐑕𐑧𐑐𐑑	𐑣𐑲𐑒𐑪𐑯𐑕𐑧𐑐𐑑	matches
high concept	NN1	GenAm	ˌhaɪ ˈkɒnˌsept	haɪ ˈkɒnsept	𐑣𐑲 𐑒𐑪𐑯𐑕𐑧𐑐𐑑	𐑣𐑲𐑒𐑪𐑯𐑕𐑧𐑐𐑑	matches
high concept	AJ0	RSSB	ˌhaɪ ˈkɒnsept	haɪ ˈkɒnsept	𐑣𐑲 𐑒𐑪𐑯𐑕𐑧𐑐𐑑	𐑣𐑲𐑒𐑪𐑯𐑕𐑧𐑐𐑑	matches
high concept	AJ0	GenAm	ˌhaɪ ˈkɒnˌsept	haɪ ˈkɒnsept	𐑣𐑲 𐑒𐑪𐑯𐑕𐑧𐑐𐑑	𐑣𐑲𐑒𐑪𐑯𐑕𐑧𐑐𐑑	matches
amateur hour	NN1	RSSB	amətəR aʊər	ˈæmətʃəR ˈaʊəR	𐑨𐑥𐑩𐑑𐑼 𐑬𐑼	𐑨𐑥𐑩𐑗𐑼𐑬𐑼	divergent
amateur hour	NN1	GenAm	ˈæmətəR ˈaʊəR	ˈæmətʃəR ˈaʊəR	𐑨𐑥𐑩𐑑𐑼 𐑬𐑼	𐑨𐑥𐑩𐑗𐑼𐑬𐑼	divergent
Belfast sink	NN1	RSSB	ˈbelfæst sɪŋk	belˈfⱭːst sɪŋk	𐑚𐑧𐑤𐑓𐑨𐑕𐑑 𐑕𐑦𐑙𐑒	𐑚𐑧𐑤𐑓𐑭𐑕𐑑𐑕𐑦𐑙𐑒	matches
vive la différence	UNC	GenAm	ˌvivə lɒ ˌdɪfəˈrɒns		𐑝𐑦𐑝𐑩 𐑤𐑪 𐑛𐑦𐑓𐑼𐑪𐑯𐑕		unknown
vive la différence	UNC	GenAm	ˌviv lɒ ˌdɪfəˈrɒns		𐑝𐑦𐑝 𐑤𐑪 𐑛𐑦𐑓𐑼𐑪𐑯𐑕		unknown
vive la différence	UNC	RSSB	ˌviːv lɑː dɪfərɒns		𐑝𐑰𐑝 𐑤𐑭 𐑛𐑦𐑓𐑼𐑪𐑯𐑕		unknown
come in	VVI	RSSB	ˌkʌm ˈɪn	kʌm ɪn	𐑒𐑳𐑥 𐑦𐑯	𐑒𐑳𐑥𐑦𐑯	matches
come in	VVI	GenAm	ˌkʌm ˈɪn	kʌm ɪn	𐑒𐑳𐑥 𐑦𐑯	𐑒𐑳𐑥𐑦𐑯	matches
bring back	VVI	GenAm	ˈbrɪŋ bæk	brɪŋ bæk	𐑚𐑮𐑦𐑙 𐑚𐑨𐑒	𐑚𐑮𐑦𐑙𐑚𐑨𐑒	matches
Lake Superior	NP0	GenAm	ˌleiːk suːˈpiriəR	leɪk suːˈpɪərɪəR	𐑤𐑧𐑰𐑒 𐑕𐑵𐑐𐑦𐑮𐑽	𐑤𐑱𐑒𐑕𐑵𐑐𐑽𐑽	divergent
Lake Superior	NP0	GenAm	ˌleiːk sʌːˈpiriəR	leɪk suːˈpɪərɪəR	𐑤𐑧𐑰𐑒 𐑕𐑳𐑐𐑦𐑮𐑽	𐑤𐑱𐑒𐑕𐑵𐑐𐑽𐑽	divergent
Lake Superior	NP0	GenAm	ˌleiːk sɪuːˈpiriəR	leɪk suːˈpɪərɪəR	𐑤𐑧𐑰𐑒 𐑕𐑦𐑵𐑐𐑦𐑮𐑽	𐑤𐑱𐑒𐑕𐑵𐑐𐑽𐑽	divergent
black swan	NN1	RSSB	blæk ˈswɒn	blæk swɒn	𐑚𐑤𐑨𐑒 𐑕𐑢𐑪𐑯	𐑚𐑤𐑨𐑒𐑕𐑢𐑪𐑯	matches
black swan	NN1	GenAm	blæk ˈswɒn	blæk swɒn	𐑚𐑤𐑨𐑒 𐑕𐑢𐑪𐑯	𐑚𐑤𐑨𐑒𐑕𐑢𐑪𐑯	matches
civil union	NN1	RSSB	ˌsɪvəl ˈjuːnjən	ˈsɪvəl ˈjuːnɪən	𐑕𐑦𐑝𐑩𐑤 𐑿𐑯𐑘𐑩𐑯	𐑕𐑦𐑝𐑩𐑤𐑿𐑯𐑾𐑯	divergent
civil union	NN1	GenAm	ˌsɪvəl ˈjunjən	ˈsɪvəl ˈjuːnɪən	𐑕𐑦𐑝𐑩𐑤 𐑘𐑫𐑯𐑘𐑩𐑯	𐑕𐑦𐑝𐑩𐑤𐑿𐑯𐑾𐑯	divergent
King James Version	NP0	RSSB	ˌkɪŋ ˈdʒeɪmz vɜːRʃən	kɪŋ dʒeɪmz ˈvɜːRʒən	𐑒𐑦𐑙 𐑡𐑱𐑥𐑟 𐑝𐑻𐑖𐑩𐑯	𐑒𐑦𐑙𐑡𐑱𐑥𐑟𐑝𐑻𐑠𐑩𐑯	divergent
King James Version	NP0	GenAm	ˌkɪŋ ˈdʒeɪmz ˌvɜːRʃən	kɪŋ dʒeɪmz ˈvɜːRʒən	𐑒𐑦𐑙 𐑡𐑱𐑥𐑟 𐑝𐑻𐑖𐑩𐑯	𐑒𐑦𐑙𐑡𐑱𐑥𐑟𐑝𐑻𐑠𐑩𐑯	divergent
King James Version	NP0	RSSB	ˌkɪŋ ˈdʒeɪmz vɜːRʒən	kɪŋ dʒeɪmz ˈvɜːRʒən	𐑒𐑦𐑙 𐑡𐑱𐑥𐑟 𐑝𐑻𐑠𐑩𐑯	𐑒𐑦𐑙𐑡𐑱𐑥𐑟𐑝𐑻𐑠𐑩𐑯	matches
King James Version	NP0	GenAm	ˌkɪŋ ˈdʒeɪmz ˌvɜːRʒən	kɪŋ dʒeɪmz ˈvɜːRʒən	𐑒𐑦𐑙 𐑡𐑱𐑥𐑟 𐑝𐑻𐑠𐑩𐑯	𐑒𐑦𐑙𐑡𐑱𐑥𐑟𐑝𐑻𐑠𐑩𐑯	matches
tall story	NN1	RSSB	tɔːl stɔːri	tɔːl ˈstɔːri	𐑑𐑷𐑤 𐑕𐑑𐑹𐑦	𐑑𐑷𐑤𐑕𐑑𐑹𐑦	matches
tall story	NN1	GenAm	tɒl ˈstɔːRi	tɔːl ˈstɔːri	𐑑𐑪𐑤 𐑕𐑑𐑹𐑦	𐑑𐑷𐑤𐑕𐑑𐑹𐑦	divergent
vegetable lamb	NN1	RSSB	ˌvedʒtəbəl ˈlam	ˈvedʒtəbəl læm	𐑝𐑧𐑡𐑑𐑩𐑚𐑩𐑤 𐑤𐑨𐑥	𐑝𐑧𐑡𐑑𐑩𐑚𐑩𐑤𐑤𐑨𐑥	matches
vegetable lamb	NN1	GenAm	ˌvedʒtəbəl ˈlæm	ˈvedʒtəbəl læm	𐑝𐑧𐑡𐑑𐑩𐑚𐑩𐑤 𐑤𐑨𐑥	𐑝𐑧𐑡𐑑𐑩𐑚𐑩𐑤𐑤𐑨𐑥	matches
vegetable lamb	NN1	GenAm	ˌvedʒətəbəl ˈlæm	ˈvedʒtəbəl læm	𐑝𐑧𐑡𐑩𐑑𐑩𐑚𐑩𐑤 𐑤𐑨𐑥	𐑝𐑧𐑡𐑑𐑩𐑚𐑩𐑤𐑤𐑨𐑥	divergent
de bene esse	AV0	RSSB	deɪˌbeneɪˈeseɪ		𐑛𐑱𐑚𐑧𐑯𐑱𐑧𐑕𐑱		unknown
new year	NN1	RSSB	ˈnjuː jɪəR	njuː jɪəR	𐑯𐑿 𐑘𐑽	𐑯𐑿𐑘𐑽	matches
new year	NN1	GenAm	ˈnu ˌjɪr	nuː jɪəR	𐑯𐑫 𐑘𐑦𐑮	𐑯𐑵𐑘𐑽	divergent
pray to the porcelain god	VVI	RSSB	ˈpreɪ tʊ ðə pɔːRsəlɪn ˈɡɒd	preɪ T Ð ˈpɔːRsəlɪn ɡɒd	𐑐𐑮𐑱 𐑑𐑫 𐑞𐑩 𐑐𐑹𐑕𐑩𐑤𐑦𐑯 𐑜𐑪𐑛	𐑐𐑮𐑱𐑑𐑞𐑐𐑹𐑕𐑩𐑤𐑦𐑯𐑜𐑪𐑛	divergent
pray to the porcelain god	VVI	GenAm	ˈpreɪ tə ðə ˈpɔːRsəlɪn ˈɡɒd	preɪ T Ð ˈpɔːRsəlɪn ɡɒd	𐑐𐑮𐑱 𐑑𐑩 𐑞𐑩 𐑐𐑹𐑕𐑩𐑤𐑦𐑯 𐑜𐑪𐑛	𐑐𐑮𐑱𐑑𐑞𐑐𐑹𐑕𐑩𐑤𐑦𐑯𐑜𐑪𐑛	divergent
pray to the porcelain god	VVI	GenAm	ˈpreɪ tə ðə ˈpɔːRslɪn ˈɡɒd	preɪ T Ð ˈpɔːRsəlɪn ɡɒd	𐑐𐑮𐑱 𐑑𐑩 𐑞𐑩 𐑐𐑹𐑕𐑤𐑦𐑯 𐑜𐑪𐑛	𐑐𐑮𐑱𐑑𐑞𐑐𐑹𐑕𐑩𐑤𐑦𐑯𐑜𐑪𐑛	divergent
training wheel	NN1	RSSB	ˈtreɪnɪŋ wiːl	ˈtreɪnɪŋ ʍiːl	𐑑𐑮𐑱𐑯𐑦𐑙 𐑢𐑰𐑤	𐑑𐑮𐑱𐑯𐑦𐑙𐑢𐑰𐑤	matches
training wheel	NN1	GenAm	ˈtreɪnɪŋ ˌhwil	ˈtreɪnɪŋ ʍiːl	𐑑𐑮𐑱𐑯𐑦𐑙 𐑣𐑢𐑦𐑤	𐑑𐑮𐑱𐑯𐑦𐑙𐑢𐑰𐑤	divergent
believe you me	UNC	RSSB	bɪˈliːv juː ˈmiː	bɪˈliːv juː miː	𐑚𐑦𐑤𐑰𐑝 𐑿 𐑥𐑰	𐑚𐑦𐑤𐑰𐑝𐑿𐑥𐑰	matches
believe you me	UNC	GenAm	bɪˈliv ju ˈmi	bɪˈliːv juː miː	𐑚𐑦𐑤𐑦𐑝 𐑘𐑫 𐑥𐑦	𐑚𐑦𐑤𐑰𐑝𐑿𐑥𐑰	divergent
garden path sentence	NN1	RSSB	ɡɑːRdən pɑːθ ˈsentəns	ˈɡɑːRdən pⱭːθ ˈsentəns	𐑜𐑸𐑛𐑩𐑯 𐑐𐑭𐑔 𐑕𐑧𐑯𐑑𐑩𐑯𐑕	𐑜𐑸𐑛𐑩𐑯𐑐𐑭𐑔𐑕𐑧𐑯𐑑𐑩𐑯𐑕	matches
garden path sentence	NN1	GenAm	ˈɡɑːrdən pæθ ˈsentəns	ˈɡɑːRdən pⱭːθ ˈsentəns	𐑜𐑸𐑛𐑩𐑯 𐑐𐑨𐑔 𐑕𐑧𐑯𐑑𐑩𐑯𐑕	𐑜𐑸𐑛𐑩𐑯𐑐𐑭𐑔𐑕𐑧𐑯𐑑𐑩𐑯𐑕	matches
First Nations	AJ0	RSSB	fɜːRstneɪʃnz	fɜːRst ˈneɪʃənz	𐑓𐑻𐑕𐑑𐑯𐑱𐑖𐑯𐑟	𐑓𐑻𐑕𐑑𐑯𐑱𐑖𐑩𐑯𐑟	divergent
First Nations	AJ0	GenAm	ˌfɜːRstˈneɪʃənz	fɜːRst ˈneɪʃənz	𐑓𐑻𐑕𐑑𐑯𐑱𐑖𐑩𐑯𐑟	𐑓𐑻𐑕𐑑𐑯𐑱𐑖𐑩𐑯𐑟	matches
First Nations	NN1	RSSB	fɜːRstneɪʃnz	fɜːRst ˈneɪʃənz	𐑓𐑻𐑕𐑑𐑯𐑱𐑖𐑯𐑟	𐑓𐑻𐑕𐑑𐑯𐑱𐑖𐑩𐑯𐑟	divergent
First Nations	NN1	GenAm	ˌfɜːRstˈneɪʃənz	fɜːRst ˈneɪʃənz	𐑓𐑻𐑕𐑑𐑯𐑱𐑖𐑩𐑯𐑟	𐑓𐑻𐑕𐑑𐑯𐑱𐑖𐑩𐑯𐑟	matches
staff of life	NN1	RSSB	ˈstɑːf əvˌlaɪf	stⱭːf V laɪf	𐑕𐑑𐑭𐑓 𐑩𐑝𐑤𐑲𐑓	𐑕𐑑𐑭𐑓𐑝𐑤𐑲𐑓	divergent
staff of life	NN1	GenAm	ˈstæf əvˌlaɪf	stⱭːf V laɪf	𐑕𐑑𐑨𐑓 𐑩𐑝𐑤𐑲𐑓	𐑕𐑑𐑭𐑓𐑝𐑤𐑲𐑓	divergent
First Nation	NN1	RSSB	fɜːRstneɪʃn	fɜːRst ˈneɪʃən	𐑓𐑻𐑕𐑑𐑯𐑱𐑖𐑯	𐑓𐑻𐑕𐑑𐑯𐑱𐑖𐑩𐑯	divergent
First Nation	NN1	GenAm	ˌfɜːRstˈneɪʃən	fɜːRst ˈneɪʃən	𐑓𐑻𐑕𐑑𐑯𐑱𐑖𐑩𐑯	𐑓𐑻𐑕𐑑𐑯𐑱𐑖𐑩𐑯	matches
First Nation	AJ0	RSSB	fɜːRstneɪʃn	fɜːRst ˈneɪʃən	𐑓𐑻𐑕𐑑𐑯𐑱𐑖𐑯	𐑓𐑻𐑕𐑑𐑯𐑱𐑖𐑩𐑯	divergent
First Nation	AJ0	GenAm	ˌfɜːRstˈneɪʃən	fɜːRst ˈneɪʃən	𐑓𐑻𐑕𐑑𐑯𐑱𐑖𐑩𐑯	𐑓𐑻𐑕𐑑𐑯𐑱𐑖𐑩𐑯	matches
just-so story	NN1	RSSB	ˌdʒʌstˈsəʊ stɔːri		𐑡𐑳𐑕𐑑𐑕𐑴 𐑕𐑑𐑹𐑦		unknown
just-so story	NN1	GenAm	ˌdʒʌstˈsoʊ ˌstɔːRi		𐑡𐑳𐑕𐑑𐑕𐑴 𐑕𐑑𐑹𐑦		unknown
comp sci	NN1	GenAm	ˌkɒmp ˈsaɪ		𐑒𐑪𐑥𐑐 𐑕𐑲		unknown
comp sci	NN1	GenAm	ˈkɒmp ˌsaɪ		𐑒𐑪𐑥𐑐 𐑕𐑲		unknown
tattie cake	NN1	RSSB	ˌtæti ˈkeɪk		𐑑𐑨𐑑𐑦 𐑒𐑱𐑒		unknown
tattie cake	NN1	GenAm	ˌtæti ˈkeɪk		𐑑𐑨𐑑𐑦 𐑒𐑱𐑒		unknown
tattie scone	NN1	RSSB	ˌtæti ˈskɔːn		𐑑𐑨𐑑𐑦 𐑕𐑒𐑷𐑯		unknown
tattie scone	NN1	GenAm	ˌtæti ˈskoʊn		𐑑𐑨𐑑𐑦 𐑕𐑒𐑴𐑯		unknown
wash one's hands	VVI	RSSB	ˌwɒʃ wʌnz ˈhændz	wɒʃ wʌnz hændz	𐑢𐑪𐑖 𐑢𐑳𐑯𐑟 𐑣𐑨𐑯𐑛𐑟	𐑢𐑪𐑖𐑢𐑳𐑯𐑟𐑣𐑨𐑯𐑛𐑟	matches
wash one's hands	VVI	GenAm	ˌwɒʃ wʌnz ˈhændz	wɒʃ wʌnz hændz	𐑢𐑪𐑖 𐑢𐑳𐑯𐑟 𐑣𐑨𐑯𐑛𐑟	𐑢𐑪𐑖𐑢𐑳𐑯𐑟𐑣𐑨𐑯𐑛𐑟	matches
wash one's hands	VVI	RSSB	ˌwɒʃ wʌnz ˈhændzəv	wɒʃ wʌnz hændz	𐑢𐑪𐑖 𐑢𐑳𐑯𐑟 𐑣𐑨𐑯𐑛𐑟𐑩𐑝	𐑢𐑪𐑖𐑢𐑳𐑯𐑟𐑣𐑨𐑯𐑛𐑟	divergent
wash one's hands	VVI	GenAm	ˌwɒʃ wʌnz ˈhændzəv	wɒʃ wʌnz hændz	𐑢𐑪𐑖 𐑢𐑳𐑯𐑟 𐑣𐑨𐑯𐑛𐑟𐑩𐑝	𐑢𐑪𐑖𐑢𐑳𐑯𐑟𐑣𐑨𐑯𐑛𐑟	divergent
bisphenol A	NN1	RSSB	ˌbɪsfiːnɒl ˈeɪ		𐑚𐑦𐑕𐑓𐑰𐑯𐑪𐑤 𐑱		unknown
bisphenol A	NN1	GenAm	bɪsˌfinoʊl ˈeɪ		𐑚𐑦𐑕𐑓𐑦𐑯𐑴𐑤 𐑱		unknown
love interest	NN1	GenAm	ˈlʌv ˈɪntrəst	lʌv ˈɪntrəst	𐑤𐑳𐑝 𐑦𐑯𐑑𐑮𐑩𐑕𐑑	𐑤𐑳𐑝𐑦𐑯𐑑𐑮𐑩𐑕𐑑	matches
love interest	NN1	RSSB	ˈlʌv ɪntərɪst	lʌv ˈɪntrəst	𐑤𐑳𐑝 𐑦𐑯𐑑𐑼𐑦𐑕𐑑	𐑤𐑳𐑝𐑦𐑯𐑑𐑮𐑩𐑕𐑑	divergent
love interest	NN1	GenAm	ˈlʌv ˈɪntərəst	lʌv ˈɪntrəst	𐑤𐑳𐑝 𐑦𐑯𐑑𐑼𐑩𐑕𐑑	𐑤𐑳𐑝𐑦𐑯𐑑𐑮𐑩𐑕𐑑	divergent
on pain of	PRP	RSSB	ɒn ˈpeɪn əv	ɒn peɪn V	𐑪𐑯 𐑐𐑱𐑯 𐑩𐑝	𐑪𐑯𐑐𐑱𐑯𐑝	divergent
on pain of	PRP	GenAm	ɒn ˈpeɪn əv	ɒn peɪn V	𐑪𐑯 𐑐𐑱𐑯 𐑩𐑝	𐑪𐑯𐑐𐑱𐑯𐑝	divergent
writ large	AJ0	RSSB	rɪt lɑːRdʒ	rɪt lɑːRdʒ	𐑮𐑦𐑑 𐑤𐑸𐑡	𐑮𐑦𐑑𐑤𐑸𐑡	matches
writ large	AJ0	GenAm	rɪt ˈlɑːRdʒ	rɪt lɑːRdʒ	𐑮𐑦𐑑 𐑤𐑸𐑡	𐑮𐑦𐑑𐑤𐑸𐑡	matches
with difficulty	UNC	RSSB	wɪð ˈdɪfɪkʊlti	wɪð ˈdɪfɪkəlti	𐑢𐑦𐑞 𐑛𐑦𐑓𐑦𐑒𐑫𐑤𐑑𐑦	𐑢𐑦𐑞𐑛𐑦𐑓𐑦𐑒𐑩𐑤𐑑𐑦	matches
with difficulty	UNC	RSSB	wɪð ˈdɪfɪkʌlti	wɪð ˈdɪfɪkəlti	𐑢𐑦𐑞 𐑛𐑦𐑓𐑦𐑒𐑳𐑤𐑑𐑦	𐑢𐑦𐑞𐑛𐑦𐑓𐑦𐑒𐑩𐑤𐑑𐑦	divergent
general knowledge	NN1	RSSB	dʒenrəl ˈnɒlɪdʒ	ˈdʒenərəl ˈnɒlɪdʒ	𐑡𐑧𐑯𐑮𐑩𐑤 𐑯𐑪𐑤𐑦𐑡	𐑡𐑧𐑯𐑼𐑩𐑤𐑯𐑪𐑤𐑦𐑡	divergent
general knowledge	NN1	GenAm	ˈdʒenərəl ˈnɒlɪdʒ	ˈdʒenərəl ˈnɒlɪdʒ	𐑡𐑧𐑯𐑼𐑩𐑤 𐑯𐑪𐑤𐑦𐑡	𐑡𐑧𐑯𐑼𐑩𐑤𐑯𐑪𐑤𐑦𐑡	matches
Heinz 57	NN1	RSSB	ˈhaɪnz ˌfɪftiˈsevən		𐑣𐑲𐑯𐑟 𐑓𐑦𐑓𐑑𐑦𐑕𐑧𐑝𐑩𐑯		unknown
Heinz 57	NN1	GenAm	ˈhaɪnz ˌfɪftiˈsevən		𐑣𐑲𐑯𐑟 𐑓𐑦𐑓𐑑𐑦𐑕𐑧𐑝𐑩𐑯		unknown
haute cuisine	NN1	RSSB	əʊt kwɪˈziːn		𐑴𐑑 𐑒𐑢𐑦𐑟𐑰𐑯		unknown
rood screen	NN1	RSSB	ˈruːd skriːn	ruːd skriːn	𐑮𐑵𐑛 𐑕𐑒𐑮𐑰𐑯	𐑮𐑵𐑛𐑕𐑒𐑮𐑰𐑯	matches
rood screen	NN1	GenAm	ˈrud ˌskrin	ruːd skriːn	𐑮𐑫𐑛 𐑕𐑒𐑮𐑦𐑯	𐑮𐑵𐑛𐑕𐑒𐑮𐑰𐑯	divergent
rum go	NN1	RSSB	ˈrʌm ˌɡəʊ	rʌm ɡəʊ	𐑮𐑳𐑥 𐑜𐑴	𐑮𐑳𐑥𐑜𐑴	matches
slide off	VVI	RSSB	slaɪd ˈɒf	slaɪd ɒf	𐑕𐑤𐑲𐑛 𐑪𐑓	𐑕𐑤𐑲𐑛𐑪𐑓	matches
slide off	VVI	GenAm	slaɪd ˈɒf	slaɪd ɒf	𐑕𐑤𐑲𐑛 𐑪𐑓	𐑕𐑤𐑲𐑛𐑪𐑓	matches
there's many a slip twixt cup and lip	UNC	RSSB	ðeəRz meniə slɪp twɪkst kʌpən lɪp		𐑞𐑺𐑟 𐑥𐑧𐑯𐑾 𐑕𐑤𐑦𐑐 𐑑𐑢𐑦𐑒𐑕𐑑 𐑒𐑳𐑐𐑩𐑯 𐑤𐑦𐑐		unknown
there's many a slip twixt cup and lip	UNC	GenAm	ðeərz ˌmeniə ˈslɪp twɪkst ˌkʌpən ˈlɪp		𐑞𐑺𐑟 𐑥𐑧𐑯𐑾 𐑕𐑤𐑦𐑐 𐑑𐑢𐑦𐑒𐑕𐑑 𐑒𐑳𐑐𐑩𐑯 𐑤𐑦𐑐		unknown
pass by	VVI	RSSB	pɑːs ˈbaɪ	pⱭːs baɪ	𐑐𐑭𐑕 𐑚𐑲	𐑐𐑭𐑕𐑚𐑲	matches
pass by	VVI	GenAm	pæs ˈbaɪ	pⱭːs baɪ	𐑐𐑨𐑕 𐑚𐑲	𐑐𐑭𐑕𐑚𐑲	matches
to a man	UNC	RSSB	tuːə ˈmæn	T ə mæn	𐑑𐑵𐑩 𐑥𐑨𐑯	𐑑𐑩𐑥𐑨𐑯	divergent
to a man	UNC	GenAm	tuːə ˈmæn	T ə mæn	𐑑𐑵𐑩 𐑥𐑨𐑯	𐑑𐑩𐑥𐑨𐑯	divergent
Shih Tzu	NN1	RSSB	ˈʃɪtzuː		𐑖𐑦𐑑𐑟𐑵		unknown
Shih Tzu	NN1	GenAm	ˈʃɪtzuː		𐑖𐑦𐑑𐑟𐑵		unknown
Shih Tzu	NN1	GenAm	ˈʃiːtsuː		𐑖𐑰𐑑𐑕𐑵		unknown
bureau de change	NN1	RSSB	bjəərəʊdəʃɒʒ	ˈbjʊərəʊ də tʃeɪndʒ	𐑚𐑘𐑩𐑼𐑴𐑛𐑩𐑖𐑪𐑠	𐑚𐑘𐑫𐑼𐑴𐑛𐑩𐑗𐑱𐑯𐑡	divergent
electron gun	NN1	GenAm	ɪˈlektrɑːn ˌɡʌn	ɪˈlektrɒn ɡʌn	𐑦𐑤𐑧𐑒𐑑𐑮𐑭𐑯 𐑜𐑳𐑯	𐑦𐑤𐑧𐑒𐑑𐑮𐑪𐑯𐑜𐑳𐑯	divergent
parti pris	NN1	RSSB	pɑːRtɪpriː		𐑐𐑸𐑑𐑦𐑐𐑮𐑰		unknown
reindeer games	NN1	RSSB	reɪndɪəR ˌɡeɪmz	ˈreɪndɪəR ɡeɪmz	𐑮𐑱𐑯𐑛𐑽 𐑜𐑱𐑥𐑟	𐑮𐑱𐑯𐑛𐑽𐑜𐑱𐑥𐑟	matches
reindeer games	NN1	GenAm	ˈreɪndɪər ˌɡeɪmz	ˈreɪndɪəR ɡeɪmz	𐑮𐑱𐑯𐑛𐑽 𐑜𐑱𐑥𐑟	𐑮𐑱𐑯𐑛𐑽𐑜𐑱𐑥𐑟	matches
war machine	NN1	RSSB	wɔːR məˌʃiːn	wɔːR məˈʃiːn	𐑢𐑹 𐑥𐑩𐑖𐑰𐑯	𐑢𐑹𐑥𐑩𐑖𐑰𐑯	matches
war machine	NN1	RSSB	wɔːr məˌʃiːn	wɔːR məˈʃiːn	𐑢𐑹 𐑥𐑩𐑖𐑰𐑯	𐑢𐑹𐑥𐑩𐑖𐑰𐑯	matches
war machine	NN1	GenAm	ˈwor məˌʃin	wɔːR məˈʃiːn	𐑢𐑪𐑮 𐑥𐑩𐑖𐑦𐑯	𐑢𐑹𐑥𐑩𐑖𐑰𐑯	divergent
seventh art	NN1	RSSB	ˌsevnθ ɑːRt	ˈsevənθ ɑːRt	𐑕𐑧𐑝𐑯𐑔 𐑸𐑑	𐑕𐑧𐑝𐑩𐑯𐑔𐑸𐑑	divergent
seventh art	NN1	GenAm	ˌsevənθ ˈɑːRt	ˈsevənθ ɑːRt	𐑕𐑧𐑝𐑩𐑯𐑔 𐑸𐑑	𐑕𐑧𐑝𐑩𐑯𐑔𐑸𐑑	matches
no shit	ITJ	GenAm	noʊ ˈʃɪt	nəʊ ʃɪt	𐑯𐑴 𐑖𐑦𐑑	𐑯𐑴𐑖𐑦𐑑	matches
idée mère	NN1	RSSB	iːdeɪ mɜːR		𐑰𐑛𐑱 𐑥𐑻		unknown
idée mère	NN1	GenAm	ideɪ ˈmeər		𐑦𐑛𐑱 𐑥𐑺		unknown
de die ad diem	UNC	RSSB	deɪˌdiːeɪædˈdiːem		𐑛𐑱𐑛𐑰𐑱𐑨𐑛𐑛𐑰𐑧𐑥		unknown
what up	ITJ	GenAm	ʍʌt ˈʌp	ʍʌt ʌp	𐑢𐑳𐑑 𐑳𐑐	𐑢𐑳𐑑𐑳𐑐	matches
what up	ITJ	GenAm	wʌˈtʌp	ʍʌt ʌp	𐑢𐑳𐑑𐑳𐑐	𐑢𐑳𐑑𐑳𐑐	matches
date night	NN1	GenAm	ˈdeɪtˌnaɪt	deɪt naɪt	𐑛𐑱𐑑𐑯𐑲𐑑	𐑛𐑱𐑑𐑯𐑲𐑑	matches
Ancient Rome	NP0	GenAm	ˈeɪntʃənt ˈrɔʊm	ˈeɪnʃənt rəʊm	𐑱𐑯𐑗𐑩𐑯𐑑 𐑮𐑷𐑫𐑥	𐑱𐑯𐑖𐑩𐑯𐑑𐑮𐑴𐑥	divergent
Aunt Flo	NP0	RSSB	ɑːnt fləʊ		𐑭𐑯𐑑 𐑓𐑤𐑴		unknown
as though	CJC	RSSB	əzˈðəʊ	æz ðəʊ	𐑩𐑟𐑞𐑴	𐑨𐑟𐑞𐑴	matches
goji berry	NN1	RSSB	ˈɡəʊdʒi ˌberi		𐑜𐑴𐑡𐑦 𐑚𐑧𐑮𐑦		unknown
crocodile tears	NN1	RSSB	krɒkədaɪl tɪəRz	ˈkrɒkədaɪl teəRz	𐑒𐑮𐑪𐑒𐑩𐑛𐑲𐑤 𐑑𐑽𐑟	𐑒𐑮𐑪𐑒𐑩𐑛𐑲𐑤𐑑𐑺𐑟	divergent
crocodile tears	NN1	GenAm	ˈkrɒkədaɪl ˌtɪrz	ˈkrɒkədaɪl teəRz	𐑒𐑮𐑪𐑒𐑩𐑛𐑲𐑤 𐑑𐑦𐑮𐑟	𐑒𐑮𐑪𐑒𐑩𐑛𐑲𐑤𐑑𐑺𐑟	divergent
Stars and Stripes	NN1	GenAm	ˈstɑːRz ən ˈstraɪps	stɑːRz N straɪps	𐑕𐑑𐑸𐑟 𐑩𐑯 𐑕𐑑𐑮𐑲𐑐𐑕	𐑕𐑑𐑸𐑟𐑯𐑕𐑑𐑮𐑲𐑐𐑕	divergent
Stars and Stripes	NN1	RSSB	stɑːRz ən ˈstraɪps	stɑːRz N straɪps	𐑕𐑑𐑸𐑟 𐑩𐑯 𐑕𐑑𐑮𐑲𐑐𐑕	𐑕𐑑𐑸𐑟𐑯𐑕𐑑𐑮𐑲𐑐𐑕	divergent
Stars and Stripes	NP0	GenAm	ˈstɑːRz ən ˈstraɪps	stɑːRz N straɪps	𐑕𐑑𐑸𐑟 𐑩𐑯 𐑕𐑑𐑮𐑲𐑐𐑕	𐑕𐑑𐑸𐑟𐑯𐑕𐑑𐑮𐑲𐑐𐑕	divergent
Stars and Stripes	NP0	RSSB	stɑːRz ən ˈstraɪps	stɑːRz N straɪps	𐑕𐑑𐑸𐑟 𐑩𐑯 𐑕𐑑𐑮𐑲𐑐𐑕	𐑕𐑑𐑸𐑟𐑯𐑕𐑑𐑮𐑲𐑐𐑕	divergent
deerstalker hat	NN1	RSSB	dɪərstɔːkəR hæt	ˈdɪəRstɔːkəR hæt	𐑛𐑽𐑕𐑑𐑷𐑒𐑼 𐑣𐑨𐑑	𐑛𐑽𐑕𐑑𐑷𐑒𐑼𐑣𐑨𐑑	matches
deerstalker hat	NN1	GenAm	diəRstɒkəR hæt	ˈdɪəRstɔːkəR hæt	𐑛𐑽𐑕𐑑𐑪𐑒𐑼 𐑣𐑨𐑑	𐑛𐑽𐑕𐑑𐑷𐑒𐑼𐑣𐑨𐑑	divergent
summum bonum	NN1	RSSB	ˌsʌməm ˈbəʊnəm		𐑕𐑳𐑥𐑩𐑥 𐑚𐑴𐑯𐑩𐑥		unknown
summum bonum	NN1	GenAm	ˌsʌməm ˈboʊnəm		𐑕𐑳𐑥𐑩𐑥 𐑚𐑴𐑯𐑩𐑥		unknown
summum bonum	NN1	RSSB	ˌsʊməm ˈbɒnəm		𐑕𐑫𐑥𐑩𐑥 𐑚𐑪𐑯𐑩𐑥		unknown
summum bonum	NN1	GenAm	ˌsʊməm ˈbɒnəm		𐑕𐑫𐑥𐑩𐑥 𐑚𐑪𐑯𐑩𐑥		unknown
additive inverse	NN1	RSSB	ˌædɪtɪv ɪnvɜːRs	ˈædɪtɪv ɪnˈvɜːRs	𐑨𐑛𐑦𐑑𐑦𐑝 𐑦𐑯𐑝𐑻𐑕	𐑨𐑛𐑦𐑑𐑦𐑝𐑦𐑯𐑝𐑻𐑕	matches
additive inverse	NN1	GenAm	ˌædətɪv ˈɪnvɜːRs	ˈædɪtɪv ɪnˈvɜːRs	𐑨𐑛𐑩𐑑𐑦𐑝 𐑦𐑯𐑝𐑻𐑕	𐑨𐑛𐑦𐑑𐑦𐑝𐑦𐑯𐑝𐑻𐑕	matches
da bomb	NN1	RSSB	dəˈbɒm		𐑛𐑩𐑚𐑪𐑥		unknown
da bomb	NN1	GenAm	dəˈbɑːm		𐑛𐑩𐑚𐑭𐑥		unknown
Pathet Lao	NP0	RSSB	ˌpatet ˈlaʊ		𐑐𐑨𐑑𐑧𐑑 𐑤𐑬		unknown
tear off	VVI	RSSB	teər ɒf	teəR ɒf	𐑑𐑺 𐑪𐑓	𐑑𐑺𐑪𐑓	matches
tear off	VVI	GenAm	ter ɒf	teəR ɒf	𐑑𐑧𐑮 𐑪𐑓	𐑑𐑺𐑪𐑓	divergent
tear off	NN1	RSSB	teər ɒf	teəR ɒf	𐑑𐑺 𐑪𐑓	𐑑𐑺𐑪𐑓	matches
tear off	NN1	GenAm	ter ɒf	teəR ɒf	𐑑𐑧𐑮 𐑪𐑓	𐑑𐑺𐑪𐑓	divergent
hello there	ITJ	RSSB	həˈləʊ ðeər	heˈləʊ ðeəR	𐑣𐑩𐑤𐑴 𐑞𐑺	𐑣𐑧𐑤𐑴𐑞𐑺	divergent
hello there	ITJ	GenAm	həˈloʊ ðeəR	heˈləʊ ðeəR	𐑣𐑩𐑤𐑴 𐑞𐑺	𐑣𐑧𐑤𐑴𐑞𐑺	divergent
hello there	ITJ	RSSB	heˈləʊ ðɜːr	heˈləʊ ðeəR	𐑣𐑧𐑤𐑴 𐑞𐑻	𐑣𐑧𐑤𐑴𐑞𐑺	divergent
hello there	ITJ	GenAm	heˈloʊ ðeəR	heˈləʊ ðeəR	𐑣𐑧𐑤𐑴 𐑞𐑺	𐑣𐑧𐑤𐑴𐑞𐑺	matches
leopard seal	NN1	RSSB	lepəRd siːl	ˈlepəRd siːl	𐑤𐑧𐑐𐑼𐑛 𐑕𐑰𐑤	𐑤𐑧𐑐𐑼𐑛𐑕𐑰𐑤	matches
leopard seal	NN1	GenAm	ˈlepəRd siːl	ˈlepəRd siːl	𐑤𐑧𐑐𐑼𐑛 𐑕𐑰𐑤	𐑤𐑧𐑐𐑼𐑛𐑕𐑰𐑤	matches
northern pike	NN1	RSSB	nɔːRðəRn paɪk	ˈnɔːRðəRn paɪk	𐑯𐑹𐑞𐑼𐑯 𐑐𐑲𐑒	𐑯𐑹𐑞𐑼𐑯𐑐𐑲𐑒	matches
northern pike	NN1	GenAm	ˈnɔːRðəRn paɪk	ˈnɔːRðəRn paɪk	𐑯𐑹𐑞𐑼𐑯 𐑐𐑲𐑒	𐑯𐑹𐑞𐑼𐑯𐑐𐑲𐑒	matches
at length	UNC	GenAm	æ ˈleŋθ	æt leŋθ	𐑨 𐑤𐑧𐑙𐑔	𐑨𐑑𐑤𐑧𐑙𐑔	divergent
mouton enragé	NN1	RSSB	ˌmuːtɒn ˌɒnræˈʒeɪ		𐑥𐑵𐑑𐑪𐑯 𐑪𐑯𐑮𐑨𐑠𐑱		unknown
mouton enragé	NN1	GenAm	ˈmutɒ ɑːRrɒˈʒeɪ		𐑥𐑫𐑑𐑪 𐑸𐑮𐑪𐑠𐑱		unknown
throw cold water on	VVI	RSSB	θrəʊ kəʊld wɔːtərɒn	θrəʊ kəʊld ˈwɔːtər ɒn	𐑔𐑮𐑴 𐑒𐑴𐑤𐑛 𐑢𐑷𐑑𐑼𐑪𐑯	𐑔𐑮𐑴𐑒𐑴𐑤𐑛𐑢𐑷𐑑𐑼𐑪𐑯	matches
throw cold water on	VVI	RSSB	θrəʊ kɔʊld wɔːtərɒn	θrəʊ kəʊld ˈwɔːtər ɒn	𐑔𐑮𐑴 𐑒𐑷𐑫𐑤𐑛 𐑢𐑷𐑑𐑼𐑪𐑯	𐑔𐑮𐑴𐑒𐑴𐑤𐑛𐑢𐑷𐑑𐑼𐑪𐑯	divergent
throw cold water on	VVI	GenAm	θroʊ koʊld ˈwɒtəR ɒn	θrəʊ kəʊld ˈwɔːtər ɒn	𐑔𐑮𐑴 𐑒𐑴𐑤𐑛 𐑢𐑪𐑑𐑼 𐑪𐑯	𐑔𐑮𐑴𐑒𐑴𐑤𐑛𐑢𐑷𐑑𐑼𐑪𐑯	divergent
vantage points	NN1	RSSB	ˈvɑːntɪdʒ ˌpɔɪnts	ˈvⱭːntɪdʒ pɔɪnts	𐑝𐑭𐑯𐑑𐑦𐑡 𐑐𐑶𐑯𐑑𐑕	𐑝𐑭𐑯𐑑𐑦𐑡𐑐𐑶𐑯𐑑𐑕	matches
vantage points	NN1	GenAm	ˈvæntɪdʒ ˌpɔɪnts	ˈvⱭːntɪdʒ pɔɪnts	𐑝𐑨𐑯𐑑𐑦𐑡 𐑐𐑶𐑯𐑑𐑕	𐑝𐑭𐑯𐑑𐑦𐑡𐑐𐑶𐑯𐑑𐑕	matches
clown doctor	NN1	RSSB	ˈklaʊn dɒktəR	klaʊn ˈdɒktəR	𐑒𐑤𐑬𐑯 𐑛𐑪𐑒𐑑𐑼	𐑒𐑤𐑬𐑯𐑛𐑪𐑒𐑑𐑼	matches
clown doctor	NN1	GenAm	ˈklaʊn ˌdɒktər	klaʊn ˈdɒktəR	𐑒𐑤𐑬𐑯 𐑛𐑪𐑒𐑑𐑼	𐑒𐑤𐑬𐑯𐑛𐑪𐑒𐑑𐑼	matches
cytosine arabinoside	NN1	GenAm	ˌsaɪtəˌsin ˌærəˈbɪnəˌsaɪd		𐑕𐑲𐑑𐑩𐑕𐑦𐑯 𐑨𐑮𐑩𐑚𐑦𐑯𐑩𐑕𐑲𐑛		unknown
dragon fruit	NN1	RSSB	dræɡən ˌfruːt	ˈdræɡən fruːt	𐑛𐑮𐑨𐑜𐑩𐑯 𐑓𐑮𐑵𐑑	𐑛𐑮𐑨𐑜𐑩𐑯𐑓𐑮𐑵𐑑	matches
vanity press	NN1	RSSB	ˌvænɪti ˈpres	ˈvænɪti pres	𐑝𐑨𐑯𐑦𐑑𐑦 𐑐𐑮𐑧𐑕	𐑝𐑨𐑯𐑦𐑑𐑦𐑐𐑮𐑧𐑕	matches
vanity press	NN1	GenAm	ˌvænəti ˈpres	ˈvænɪti pres	𐑝𐑨𐑯𐑩𐑑𐑦 𐑐𐑮𐑧𐑕	𐑝𐑨𐑯𐑦𐑑𐑦𐑐𐑮𐑧𐑕	matches
crux gammata	NN1	RSSB	krʌks ɡæmˈmɑːtə		𐑒𐑮𐑳𐑒𐑕 𐑜𐑨𐑥𐑥𐑭𐑑𐑩		unknown
fast-breeder reactor	NN1	GenAm	ˈfæstbriːdəR riˈæaktəR		𐑓𐑨𐑕𐑑𐑚𐑮𐑰𐑛𐑼 𐑮𐑦𐑨𐑨𐑒𐑑𐑼		unknown
frame of mind	NN1	GenAm	freɪːm ʌv maɪːnd	freɪm V maɪnd	𐑓𐑮𐑱𐑥 𐑳𐑝 𐑥𐑲𐑯𐑛	𐑓𐑮𐑱𐑥𐑝𐑥𐑲𐑯𐑛	divergent
frame of mind	NN1	GenAm	ˌfreɪːmə ˈmaɪːnd	freɪm V maɪnd	𐑓𐑮𐑱𐑥𐑩 𐑥𐑲𐑯𐑛	𐑓𐑮𐑱𐑥𐑝𐑥𐑲𐑯𐑛	divergent
under the knife	UNC	RSSB	ʌndəR ðə ˈnaɪf	ˈʌndəR Ð naɪf	𐑳𐑯𐑛𐑼 𐑞𐑩 𐑯𐑲𐑓	𐑳𐑯𐑛𐑼𐑞𐑯𐑲𐑓	divergent
under the knife	UNC	GenAm	ˌʌndər ðə ˈnaɪf	ˈʌndəR Ð naɪf	𐑳𐑯𐑛𐑼 𐑞𐑩 𐑯𐑲𐑓	𐑳𐑯𐑛𐑼𐑞𐑯𐑲𐑓	divergent
sleep mask	NN1	RSSB	sliːp mɑːsk	sliːp mⱭːsk	𐑕𐑤𐑰𐑐 𐑥𐑭𐑕𐑒	𐑕𐑤𐑰𐑐𐑥𐑭𐑕𐑒	matches
sleep mask	NN1	GenAm	slip mæsk	sliːp mⱭːsk	𐑕𐑤𐑦𐑐 𐑥𐑨𐑕𐑒	𐑕𐑤𐑰𐑐𐑥𐑭𐑕𐑒	divergent
status quos	NN1	RSSB	ˌsteɪtəs ˈkwəʊz		𐑕𐑑𐑱𐑑𐑩𐑕 𐑒𐑢𐑴𐑟		unknown
status quos	NN1	GenAm	ˌsteɪtəs ˈkwoʊz		𐑕𐑑𐑱𐑑𐑩𐑕 𐑒𐑢𐑴𐑟		unknown
status quos	NN1	GenAm	ˌstætəs ˈkwoʊz		𐑕𐑑𐑨𐑑𐑩𐑕 𐑒𐑢𐑴𐑟		unknown
bar mitzvah	NN1	RSSB	bɑːrmɪtsvə		𐑚𐑸𐑥𐑦𐑑𐑕𐑝𐑩		unknown
bar mitzvah	VVI	RSSB	bɑːrmɪtsvə		𐑚𐑸𐑥𐑦𐑑𐑕𐑝𐑩		unknown
Gouraud shading	NN1	RSSB	ɡuːˈrəʊ ʃeɪdɪŋ		𐑜𐑵𐑮𐑴 𐑖𐑱𐑛𐑦𐑙		unknown
Gouraud shading	NN1	GenAm	ɡuːˈroʊ ʃeɪdɪŋ		𐑜𐑵𐑮𐑴 𐑖𐑱𐑛𐑦𐑙		unknown
San Antone	NP0	GenAm	sænənˈtoʊn		𐑕𐑨𐑯𐑩𐑯𐑑𐑴𐑯		unknown
baked Alaska	NN1	RSSB	beɪkt əˈlaskə	beɪkt əˈlæskə	𐑚𐑱𐑒𐑑 𐑩𐑤𐑨𐑕𐑒𐑩	𐑚𐑱𐑒𐑑𐑩𐑤𐑨𐑕𐑒𐑩	matches
baked Alaska	NN1	GenAm	ˌbeɪkt əˈlæskə	beɪkt əˈlæskə	𐑚𐑱𐑒𐑑 𐑩𐑤𐑨𐑕𐑒𐑩	𐑚𐑱𐑒𐑑𐑩𐑤𐑨𐑕𐑒𐑩	matches
grand ducal	AJ0	RSSB	ˌɡrænd ˈdjukəl	ɡrænd ˈdjuːkəl	𐑜𐑮𐑨𐑯𐑛 𐑛𐑘𐑫𐑒𐑩𐑤	𐑜𐑮𐑨𐑯𐑛𐑛𐑿𐑒𐑩𐑤	divergent
queer fish	NN1	RSSB	ˈkwiːrˌfɪʃ	kwɪəR fɪʃ	𐑒𐑢𐑰𐑮𐑓𐑦𐑖	𐑒𐑢𐑽𐑓𐑦𐑖	divergent
kwassa kwassa	NN1	GenAm	ˈkwɒsə ˈkwɒsə		𐑒𐑢𐑪𐑕𐑩 𐑒𐑢𐑪𐑕𐑩		unknown
toto caelo	AV0	RSSB	ˈtəʊtəʊˈsiːləʊ		𐑑𐑴𐑑𐑴𐑕𐑰𐑤𐑴		unknown
demoiselle crane	NN1	RSSB	deməˈzel kreɪn		𐑛𐑧𐑥𐑩𐑟𐑧𐑤 𐑒𐑮𐑱𐑯		unknown
cirl bunting	NN1	RSSB	səRːl ˈbʌntɪŋ		𐑕𐑼𐑤 𐑚𐑳𐑯𐑑𐑦𐑙		unknown
bread and circuses	NN1	RSSB	ˈbred ənd səRːkəsəz	bred N ˈsɜːRkəsƏz	𐑚𐑮𐑧𐑛 𐑩𐑯𐑛 𐑕𐑼𐑒𐑩𐑕𐑩𐑟	𐑚𐑮𐑧𐑛𐑯𐑕𐑻𐑒𐑩𐑕𐑩𐑟	divergent
bread and circuses	NN1	GenAm	ˈbred ənd ˈsəRkəsəz	bred N ˈsɜːRkəsƏz	𐑚𐑮𐑧𐑛 𐑩𐑯𐑛 𐑕𐑼𐑒𐑩𐑕𐑩𐑟	𐑚𐑮𐑧𐑛𐑯𐑕𐑻𐑒𐑩𐑕𐑩𐑟	divergent
broad daylight	NN1	RSSB	brɔːd ˈdeɪlaɪt	brɔːd ˈdeɪlaɪt	𐑚𐑮𐑷𐑛 𐑛𐑱𐑤𐑲𐑑	𐑚𐑮𐑷𐑛𐑛𐑱𐑤𐑲𐑑	matches
broad daylight	NN1	GenAm	brɒd ˈdeɪˌlaɪt	brɔːd ˈdeɪlaɪt	𐑚𐑮𐑪𐑛 𐑛𐑱𐑤𐑲𐑑	𐑚𐑮𐑷𐑛𐑛𐑱𐑤𐑲𐑑	divergent
non sequuntur	NN1	RSSB	nɒn sekwʊntʊəR		𐑯𐑪𐑯 𐑕𐑧𐑒𐑢𐑫𐑯𐑑𐑫𐑼		unknown
non sequituri	NN1	RSSB	nɒn ˌsekwɪˈtuːri		𐑯𐑪𐑯 𐑕𐑧𐑒𐑢𐑦𐑑𐑵𐑮𐑦		unknown
after one's own heart	UNC	RSSB	æftəR wʌnz əʊn hɑːRt	ˈⱭːftəR wʌnz əʊn hɑːRt	𐑨𐑓𐑑𐑼 𐑢𐑳𐑯𐑟 𐑴𐑯 𐑣𐑸𐑑	𐑭𐑓𐑑𐑼𐑢𐑳𐑯𐑟𐑴𐑯𐑣𐑸𐑑	matches
after one's own heart	UNC	GenAm	ˈæftəR wʌnz oʊn ˈhɑːRt	ˈⱭːftəR wʌnz əʊn hɑːRt	𐑨𐑓𐑑𐑼 𐑢𐑳𐑯𐑟 𐑴𐑯 𐑣𐑸𐑑	𐑭𐑓𐑑𐑼𐑢𐑳𐑯𐑟𐑴𐑯𐑣𐑸𐑑	matches
pretty penny	NN1	RSSB	ˌprɪti ˈpeni	ˈprɪti ˈpeni	𐑐𐑮𐑦𐑑𐑦 𐑐𐑧𐑯𐑦	𐑐𐑮𐑦𐑑𐑦𐑐𐑧𐑯𐑦	matches
pretty penny	NN1	GenAm	ˌprɪti ˈpeni	ˈprɪti ˈpeni	𐑐𐑮𐑦𐑑𐑦 𐑐𐑧𐑯𐑦	𐑐𐑮𐑦𐑑𐑦𐑐𐑧𐑯𐑦	matches
per diem	AJ0	GenAm	pəRˈdiəm		𐑐𐑼𐑛𐑾𐑥		unknown
per diem	AJ0	GenAm	pəRˈdaɪəm		𐑐𐑼𐑛𐑲𐑩𐑥		unknown
per diem	NN1	GenAm	pəRˈdiəm		𐑐𐑼𐑛𐑾𐑥		unknown
per diem	NN1	GenAm	pəRˈdaɪəm		𐑐𐑼𐑛𐑲𐑩𐑥		unknown
holy water	NN1	RSSB	ˈhəʊli wɔːtəR	ˈhəʊli ˈwɔːtər	𐑣𐑴𐑤𐑦 𐑢𐑷𐑑𐑼	𐑣𐑴𐑤𐑦𐑢𐑷𐑑𐑼	matches
holy water	NN1	GenAm	ˈhoʊli ˌwɒtər	ˈhəʊli ˈwɔːtər	𐑣𐑴𐑤𐑦 𐑢𐑪𐑑𐑼	𐑣𐑴𐑤𐑦𐑢𐑷𐑑𐑼	divergent
LAN party	NN1	RSSB	ˈlan pɑːRti		𐑤𐑨𐑯 𐑐𐑸𐑑𐑦		unknown
LAN party	NN1	GenAm	ˈlæn ˌpɑːRti		𐑤𐑨𐑯 𐑐𐑸𐑑𐑦		unknown
ye olde	UNC	RSSB	ðiː əʊld		𐑞𐑰 𐑴𐑤𐑛		unknown
ye olde	UNC	GenAm	ði oʊld		𐑞𐑦 𐑴𐑤𐑛		unknown
ye olde	UNC	RSSB	jiː əʊldi		𐑘𐑰 𐑴𐑤𐑛𐑦		unknown
ye olde	UNC	GenAm	ji oʊld		𐑘𐑦 𐑴𐑤𐑛		unknown
ye olde	AJ0	RSSB	ðiː əʊld		𐑞𐑰 𐑴𐑤𐑛		unknown
ye olde	AJ0	GenAm	ði oʊld		𐑞𐑦 𐑴𐑤𐑛		unknown
ye olde	AJ0	RSSB	jiː əʊldi		𐑘𐑰 𐑴𐑤𐑛𐑦		unknown
ye olde	AJ0	GenAm	ji oʊld		𐑘𐑦 𐑴𐑤𐑛		unknown
picket line	NN1	RSSB	ˈpɪkɪt laɪn	ˈpɪkIt laɪn	𐑐𐑦𐑒𐑦𐑑 𐑤𐑲𐑯	𐑐𐑦𐑒𐑩𐑑𐑤𐑲𐑯	matches
picket line	NN1	GenAm	ˈpɪkɪt ˌlaɪn	ˈpɪkIt laɪn	𐑐𐑦𐑒𐑦𐑑 𐑤𐑲𐑯	𐑐𐑦𐑒𐑩𐑑𐑤𐑲𐑯	matches
hey rube	ITJ	GenAm	heɪ rub		𐑣𐑱 𐑮𐑫𐑚		unknown
hey rube	NN1	GenAm	heɪ rub		𐑣𐑱 𐑮𐑫𐑚		unknown
moral high ground	NN1	GenAm	ˌmɔːRəl ˈhaɪ ɡraʊnd	ˈmɒrəl haɪ ɡraʊnd	𐑥𐑹𐑩𐑤 𐑣𐑲 𐑜𐑮𐑬𐑯𐑛	𐑥𐑪𐑮𐑩𐑤𐑣𐑲𐑜𐑮𐑬𐑯𐑛	divergent
po' boy	NN1	GenAm	ˈpoʊbɔɪ		𐑐𐑴𐑚𐑶		unknown
spot of bother	NN1	RSSB	ˈspɒt əv bɒðər	spɒt V ˈbɒðəR	𐑕𐑐𐑪𐑑 𐑩𐑝 𐑚𐑪𐑞𐑼	𐑕𐑐𐑪𐑑𐑝𐑚𐑪𐑞𐑼	divergent
spot of bother	NN1	GenAm	ˈspɒt əv ˈbɒðəR	spɒt V ˈbɒðəR	𐑕𐑐𐑪𐑑 𐑩𐑝 𐑚𐑪𐑞𐑼	𐑕𐑐𐑪𐑑𐑝𐑚𐑪𐑞𐑼	divergent
come to papa	UNC	RSSB	ˌkʌm tə ˈpɑːpə	kʌm T pəˈpɑː	𐑒𐑳𐑥 𐑑𐑩 𐑐𐑭𐑐𐑩	𐑒𐑳𐑥𐑑𐑐𐑩𐑐𐑭	divergent
come to papa	UNC	GenAm	ˌkʌm tə ˈpɑːpə	kʌm T pəˈpɑː	𐑒𐑳𐑥 𐑑𐑩 𐑐𐑭𐑐𐑩	𐑒𐑳𐑥𐑑𐑐𐑩𐑐𐑭	divergent
femme incomprise	NN1	RSSB	fam aŋkɒmˈpriːz		𐑓𐑨𐑥 𐑨𐑙𐑒𐑪𐑥𐑐𐑮𐑰𐑟		unknown
do do	NN1	GenAm	ˈdu du	duː duː	𐑛𐑫 𐑛𐑫	𐑛𐑵𐑛𐑵	divergent
less is more	UNC	RSSB	les ɪz mɔːR	les ɪz mɔːR	𐑤𐑧𐑕 𐑦𐑟 𐑥𐑹	𐑤𐑧𐑕𐑦𐑟𐑥𐑹	matches
less is more	UNC	GenAm	les ɪz ˈmɔːR	les ɪz mɔːR	𐑤𐑧𐑕 𐑦𐑟 𐑥𐑹	𐑤𐑧𐑕𐑦𐑟𐑥𐑹	matches
level best	NN1	RSSB	ˌlevəl ˈbest	ˈlevəl best	𐑤𐑧𐑝𐑩𐑤 𐑚𐑧𐑕𐑑	𐑤𐑧𐑝𐑩𐑤𐑚𐑧𐑕𐑑	matches
lemon drop	NN1	RSSB	ˈlemən drɒp	ˈlemən drɒp	𐑤𐑧𐑥𐑩𐑯 𐑛𐑮𐑪𐑐	𐑤𐑧𐑥𐑩𐑯𐑛𐑮𐑪𐑐	matches
lemon drop	NN1	GenAm	ˈlemən drɒp	ˈlemən drɒp	𐑤𐑧𐑥𐑩𐑯 𐑛𐑮𐑪𐑐	𐑤𐑧𐑥𐑩𐑯𐑛𐑮𐑪𐑐	matches
Ugandan affairs	NN1	RSSB	juːˌɡændən əfeəRz	juːˈɡændən əˈfeəRz	𐑿𐑜𐑨𐑯𐑛𐑩𐑯 𐑩𐑓𐑺𐑟	𐑿𐑜𐑨𐑯𐑛𐑩𐑯𐑩𐑓𐑺𐑟	matches
Ugandan affairs	NN1	GenAm	juˌɡɒndən əˈfeəRz	juːˈɡændən əˈfeəRz	𐑘𐑫𐑜𐑪𐑯𐑛𐑩𐑯 𐑩𐑓𐑺𐑟	𐑿𐑜𐑨𐑯𐑛𐑩𐑯𐑩𐑓𐑺𐑟	divergent
Guillain-Barré syndrome	NN1	RSSB	ˈɡiːaˈbæreɪ ˌsɪndrəʊm		𐑜𐑰𐑨𐑚𐑨𐑮𐑱 𐑕𐑦𐑯𐑛𐑮𐑴𐑥		unknown
Guillain-Barré syndrome	NN1	GenAm	ɡiːˈæn bəˈreɪ ˈsɪndroʊm		𐑜𐑰𐑨𐑯 𐑚𐑼𐑱 𐑕𐑦𐑯𐑛𐑮𐑴𐑥		unknown
start up	VVI	RSSB	stɑːRtʌp	stɑːRt ʌp	𐑕𐑑𐑸𐑑𐑳𐑐	𐑕𐑑𐑸𐑑𐑳𐑐	matches
start up	VVI	GenAm	stɑːRˈtʌp	stɑːRt ʌp	𐑕𐑑𐑸𐑑𐑳𐑐	𐑕𐑑𐑸𐑑𐑳𐑐	matches
chargé d'affaires	NN1	GenAm	ʃɑːRˌʒeɪdəˈfer		𐑖𐑸𐑠𐑱𐑛𐑩𐑓𐑧𐑮		unknown
write up	VVI	RSSB	ˈrʌɪt ˌʌp	raɪt ʌp	𐑮𐑳𐑦𐑑 𐑳𐑐	𐑮𐑲𐑑𐑳𐑐	divergent
crème fraîche	NN1	RSSB	kremˈfreʃ		𐑒𐑮𐑧𐑥𐑓𐑮𐑧𐑖		unknown
son et lumière	NN1	RSSB	ˈsɒn eɪ luːmɪeəR		𐑕𐑪𐑯 𐑱 𐑤𐑵𐑥𐑦𐑺		unknown
son et lumière	NN1	GenAm	ˌsɒn eɪ ˌlumiˈjeər		𐑕𐑪𐑯 𐑱 𐑤𐑫𐑥𐑦𐑘𐑺		unknown
beauty sleep	NN1	RSSB	ˈbjuːti ˌsliːp	ˈbjuːti sliːp	𐑚𐑿𐑑𐑦 𐑕𐑤𐑰𐑐	𐑚𐑿𐑑𐑦𐑕𐑤𐑰𐑐	matches
beauty sleep	NN1	GenAm	ˈbjuti ˌslip	ˈbjuːti sliːp	𐑚𐑘𐑫𐑑𐑦 𐑕𐑤𐑦𐑐	𐑚𐑿𐑑𐑦𐑕𐑤𐑰𐑐	divergent
could not get elected dogcatcher	UNC	RSSB	kəd ˌnɒt ɡet ɪˌlektɪd dɒɡkætʃəR		𐑒𐑩𐑛 𐑯𐑪𐑑 𐑜𐑧𐑑 𐑦𐑤𐑧𐑒𐑑𐑦𐑛 𐑛𐑪𐑜𐑒𐑨𐑗𐑼		unknown
could not get elected dogcatcher	UNC	GenAm	kəd ˌnɒt ɡet əˌlektɪd ˈdɒɡˌkætʃər		𐑒𐑩𐑛 𐑯𐑪𐑑 𐑜𐑧𐑑 𐑩𐑤𐑧𐑒𐑑𐑦𐑛 𐑛𐑪𐑜𐑒𐑨𐑗𐑼		unknown
amphotericin B	NN1	GenAm	ˌæmfəˌterɪsɪn ˈbi	ˌæmfəˈterɪsɪn biː	𐑨𐑥𐑓𐑩𐑑𐑧𐑮𐑦𐑕𐑦𐑯 𐑚𐑦	𐑨𐑥𐑓𐑩𐑑𐑧𐑮𐑦𐑕𐑦𐑯𐑚𐑰	divergent
not to put too fine a point on it	UNC	RSSB	nɒt tʊ ˌpʊt tuː ˌfaɪn ə ˈpɔɪnt ɒn ɪt	nɒt T pʊt tuː faɪn ə pɔɪnt ɒn ɪt	𐑯𐑪𐑑 𐑑𐑫 𐑐𐑫𐑑 𐑑𐑵 𐑓𐑲𐑯 𐑩 𐑐𐑶𐑯𐑑 𐑪𐑯 𐑦𐑑	𐑯𐑪𐑑𐑑𐑐𐑫𐑑𐑑𐑵𐑓𐑲𐑯𐑩𐑐𐑶𐑯𐑑𐑪𐑯𐑦𐑑	divergent
not to put too fine a point on it	UNC	GenAm	nɒt tə ˌpʊt tu ˌfaɪn ə ˈpɔɪnt ɒn ət	nɒt T pʊt tuː faɪn ə pɔɪnt ɒn ɪt	𐑯𐑪𐑑 𐑑𐑩 𐑐𐑫𐑑 𐑑𐑫 𐑓𐑲𐑯 𐑩 𐑐𐑶𐑯𐑑 𐑪𐑯 𐑩𐑑	𐑯𐑪𐑑𐑑𐑐𐑫𐑑𐑑𐑵𐑓𐑲𐑯𐑩𐑐𐑶𐑯𐑑𐑪𐑯𐑦𐑑	divergent
dance card	NN1	RSSB	ˈdɑːns kɑːRd	dⱭːns kɑːRd	𐑛𐑭𐑯𐑕 𐑒𐑸𐑛	𐑛𐑭𐑯𐑕𐑒𐑸𐑛	matches
dance card	NN1	GenAm	ˈdæns ˌkɑːRd	dⱭːns kɑːRd	𐑛𐑨𐑯𐑕 𐑒𐑸𐑛	𐑛𐑭𐑯𐑕𐑒𐑸𐑛	matches
happy birthday	ITJ	RSSB	ˈhæpi bɜːRθdeɪ	ˈhæpi ˈbɜːRθdeɪ	𐑣𐑨𐑐𐑦 𐑚𐑻𐑔𐑛𐑱	𐑣𐑨𐑐𐑦𐑚𐑻𐑔𐑛𐑱	matches
happy birthday	ITJ	GenAm	ˈhæpi ˈbɜːRθˌdeɪ	ˈhæpi ˈbɜːRθdeɪ	𐑣𐑨𐑐𐑦 𐑚𐑻𐑔𐑛𐑱	𐑣𐑨𐑐𐑦𐑚𐑻𐑔𐑛𐑱	matches
happy birthday	VVI	RSSB	ˈhæpi bɜːRθdeɪ	ˈhæpi ˈbɜːRθdeɪ	𐑣𐑨𐑐𐑦 𐑚𐑻𐑔𐑛𐑱	𐑣𐑨𐑐𐑦𐑚𐑻𐑔𐑛𐑱	matches
happy birthday	VVI	GenAm	ˈhæpi ˈbɜːRθˌdeɪ	ˈhæpi ˈbɜːRθdeɪ	𐑣𐑨𐑐𐑦 𐑚𐑻𐑔𐑛𐑱	𐑣𐑨𐑐𐑦𐑚𐑻𐑔𐑛𐑱	matches
I told you so	UNC	RSSB	aɪ təʊld juː səʊ	aɪ təʊld juː səʊ	𐑲 𐑑𐑴𐑤𐑛 𐑿 𐑕𐑴	𐑲𐑑𐑴𐑤𐑛𐑿𐑕𐑴	matches
I told you so	UNC	RSSB	ʌɪ təʊld juː səʊ	aɪ təʊld juː səʊ	𐑳𐑦 𐑑𐑴𐑤𐑛 𐑿 𐑕𐑴	𐑲𐑑𐑴𐑤𐑛𐑿𐑕𐑴	divergent
I told you so	UNC	GenAm	aɪ toʊld ju soʊ	aɪ təʊld juː səʊ	𐑲 𐑑𐑴𐑤𐑛 𐑘𐑫 𐑕𐑴	𐑲𐑑𐑴𐑤𐑛𐑿𐑕𐑴	divergent
do over	VVI	RSSB	duːəʊvər	duː ˈəʊvəR	𐑛𐑵𐑴𐑝𐑼	𐑛𐑵𐑴𐑝𐑼	matches
do over	VVI	GenAm	ˈduˌoʊvəR	duː ˈəʊvəR	𐑛𐑫𐑴𐑝𐑼	𐑛𐑵𐑴𐑝𐑼	divergent
fabric softener	NN1	RSSB	ˈfæbrɪk sɒfənər	ˈfæbrɪk ˈsɒfənəR	𐑓𐑨𐑚𐑮𐑦𐑒 𐑕𐑪𐑓𐑩𐑯𐑼	𐑓𐑨𐑚𐑮𐑦𐑒𐑕𐑪𐑓𐑩𐑯𐑼	matches
fabric softener	NN1	GenAm	ˈfæbrɪk ˈsɒfənər	ˈfæbrɪk ˈsɒfənəR	𐑓𐑨𐑚𐑮𐑦𐑒 𐑕𐑪𐑓𐑩𐑯𐑼	𐑓𐑨𐑚𐑮𐑦𐑒𐑕𐑪𐑓𐑩𐑯𐑼	matches
tió de Nadal	NN1	RSSB	tɪˌəʊ de nəˈdɒl		𐑑𐑾𐑫 𐑛𐑧 𐑯𐑩𐑛𐑪𐑤		unknown
tió de Nadal	NN1	GenAm	tiˌoʊ de nəˈdɒl		𐑑𐑦𐑴 𐑛𐑧 𐑯𐑩𐑛𐑪𐑤		unknown
bons mots	NN1	RSSB	bɒn məʊ		𐑚𐑪𐑯 𐑥𐑴		unknown
bons mots	NN1	GenAm	bɒn moʊ		𐑚𐑪𐑯 𐑥𐑴		unknown
Falun Gong	NP0	RSSB	ˈfɑːlən ɡɒŋ		𐑓𐑭𐑤𐑩𐑯 𐑜𐑪𐑙		unknown
Falun Gong	NP0	GenAm	ˈfɒlən ɡɒŋ		𐑓𐑪𐑤𐑩𐑯 𐑜𐑪𐑙		unknown
status symbol	NN1	RSSB	ˈsteɪtəs ˈsɪmbəl	ˈsteɪtəs ˈsɪmbəl	𐑕𐑑𐑱𐑑𐑩𐑕 𐑕𐑦𐑥𐑚𐑩𐑤	𐑕𐑑𐑱𐑑𐑩𐑕𐑕𐑦𐑥𐑚𐑩𐑤	matches
status symbol	NN1	GenAm	ˈsteɪtəs ˈsɪmbəl	ˈsteɪtəs ˈsɪmbəl	𐑕𐑑𐑱𐑑𐑩𐑕 𐑕𐑦𐑥𐑚𐑩𐑤	𐑕𐑑𐑱𐑑𐑩𐑕𐑕𐑦𐑥𐑚𐑩𐑤	matches
tin-pot dictator	NN1	RSSB	ˌtɪnpɒt dɪkteɪtəR		𐑑𐑦𐑯𐑐𐑪𐑑 𐑛𐑦𐑒𐑑𐑱𐑑𐑼		unknown
tin-pot dictator	NN1	GenAm	ˌtɪnˌpɒt ˈdɪkˌteɪtər	ˈtɪnˌpɒt dɪkˈteɪtəR	𐑑𐑦𐑯𐑐𐑪𐑑 𐑛𐑦𐑒𐑑𐑱𐑑𐑼	𐑑𐑦𐑯𐑐𐑪𐑑𐑛𐑦𐑒𐑑𐑱𐑑𐑼	matches
shea butter	NN1	GenAm	ˈʃeɪ ˌbʌtəR		𐑖𐑱 𐑚𐑳𐑑𐑼		unknown
governor general	NN1	GenAm	ˈɡʌvənəR ˌdʒenərəl	ˈɡʌvəRnəR ˈdʒenərəl	𐑜𐑳𐑝𐑩𐑯𐑼 𐑡𐑧𐑯𐑼𐑩𐑤	𐑜𐑳𐑝𐑼𐑯𐑼𐑡𐑧𐑯𐑼𐑩𐑤	matches
governor general	NN1	RSSB	ɡʌvəRnəR dʒenrəl	ˈɡʌvəRnəR ˈdʒenərəl	𐑜𐑳𐑝𐑼𐑯𐑼 𐑡𐑧𐑯𐑮𐑩𐑤	𐑜𐑳𐑝𐑼𐑯𐑼𐑡𐑧𐑯𐑼𐑩𐑤	divergent
four-leaf clover	NN1	GenAm	ˈfɔːRˈliːfˈkloʊvəR		𐑓𐑹𐑤𐑰𐑓𐑒𐑤𐑴𐑝𐑼		unknown
story arc	NN1	RSSB	stɔːri ɑːRk	ˈstɔːri ɑːRk	𐑕𐑑𐑹𐑦 𐑸𐑒	𐑕𐑑𐑹𐑦𐑸𐑒	matches
story arc	NN1	GenAm	ˈstɔːri ɑːRk	ˈstɔːri ɑːRk	𐑕𐑑𐑹𐑦 𐑸𐑒	𐑕𐑑𐑹𐑦𐑸𐑒	matches
de bonis non administratis	AJ0	RSSB	deɪbəʊnɪsnɒnədmɪnɪstrɑːtɪs		𐑛𐑱𐑚𐑴𐑯𐑦𐑕𐑯𐑪𐑯𐑩𐑛𐑥𐑦𐑯𐑦𐑕𐑑𐑮𐑭𐑑𐑦𐑕		unknown
acqua alta	NN1	RSSB	ˌækwə ˈæltə		𐑨𐑒𐑢𐑩 𐑨𐑤𐑑𐑩		unknown
window of opportunity	NN1	RSSB	wɪndəʊəv ɒpətjuːnɪtɪ	ˈwɪndəʊ V ˌɒpəRˈtjuːnɪti	𐑢𐑦𐑯𐑛𐑴𐑩𐑝 𐑪𐑐𐑩𐑑𐑿𐑯𐑦𐑑𐑦	𐑢𐑦𐑯𐑛𐑴𐑝𐑪𐑐𐑼𐑑𐑿𐑯𐑦𐑑𐑦	divergent
window of opportunity	NN1	GenAm	ˌwɪndoʊəv ˌɒpəRˈtjunəti	ˈwɪndəʊ V ˌɒpəRˈtuːnɪti	𐑢𐑦𐑯𐑛𐑴𐑩𐑝 𐑪𐑐𐑼𐑑𐑘𐑫𐑯𐑩𐑑𐑦	𐑢𐑦𐑯𐑛𐑴𐑝𐑪𐑐𐑼𐑑𐑵𐑯𐑦𐑑𐑦	divergent
scavenger hunt	NN1	RSSB	skævəndʒərhʌnt	ˈskævɪndʒəR hʌnt	𐑕𐑒𐑨𐑝𐑩𐑯𐑡𐑼𐑣𐑳𐑯𐑑	𐑕𐑒𐑨𐑝𐑦𐑯𐑡𐑼𐑣𐑳𐑯𐑑	matches
horizontal mambo	NN1	RSSB	hɒrɪzɒntəl ˈmæmboʊ		𐑣𐑪𐑮𐑦𐑟𐑪𐑯𐑑𐑩𐑤 𐑥𐑨𐑥𐑚𐑴		unknown
horizontal mambo	NN1	GenAm	ˌhɔːrəˈzɑːntəl ˈmɒmboʊ	ˌhɒrɪˈzɒntəl ˈmɒmboʊ	𐑣𐑹𐑩𐑟𐑭𐑯𐑑𐑩𐑤 𐑥𐑪𐑥𐑚𐑴	𐑣𐑪𐑮𐑦𐑟𐑪𐑯𐑑𐑩𐑤𐑥𐑪𐑥𐑚𐑴	divergent
beau sabreur	NN1	RSSB	bəʊ sabrəː		𐑚𐑴 𐑕𐑨𐑚𐑮𐑩		unknown
glow stick	NN1	GenAm	ˈɡloʊ ˌstɪk	ɡləʊ stɪk	𐑜𐑤𐑴 𐑕𐑑𐑦𐑒	𐑜𐑤𐑴𐑕𐑑𐑦𐑒	matches
pervasive developmental disorder	NN1	RSSB	pɜːRveɪsɪv dɪˌveləpˈmentl dɪsɔːRdər	pəRˈveɪsɪv dɪˈveləpmentəl dɪsˈɔːRdəR	𐑐𐑻𐑝𐑱𐑕𐑦𐑝 𐑛𐑦𐑝𐑧𐑤𐑩𐑐𐑥𐑧𐑯𐑑𐑤 𐑛𐑦𐑕𐑹𐑛𐑼	𐑐𐑼𐑝𐑱𐑕𐑦𐑝𐑛𐑦𐑝𐑧𐑤𐑩𐑐𐑥𐑧𐑯𐑑𐑩𐑤𐑛𐑦𐑕𐑹𐑛𐑼	divergent
childhood disintegrative disorder	NN1	RSSB	ˈtʃaɪldhʊd dɪsˈɪntɪˌɡreɪtɪv dɪsɔːRdər		𐑗𐑲𐑤𐑛𐑣𐑫𐑛 𐑛𐑦𐑕𐑦𐑯𐑑𐑦𐑜𐑮𐑱𐑑𐑦𐑝 𐑛𐑦𐑕𐑹𐑛𐑼		unknown
dea ex machina	NN1	RSSB	ˌdɪə eks ˈmakɪnə		𐑛𐑾 𐑧𐑒𐑕 𐑥𐑨𐑒𐑦𐑯𐑩		unknown
lovely jubbly	ITJ	RSSB	ˌlʌvli ˈdʒʌbli		𐑤𐑳𐑝𐑤𐑦 𐑡𐑳𐑚𐑤𐑦		unknown
lovely jubbly	ITJ	GenAm	ˌlʌvli ˈdʒʌbəli	ˈlʌvli ˈdʒʌbəli	𐑤𐑳𐑝𐑤𐑦 𐑡𐑳𐑚𐑩𐑤𐑦	𐑤𐑳𐑝𐑤𐑦𐑡𐑳𐑚𐑩𐑤𐑦	matches
lovely jubbly	AJ0	RSSB	ˌlʌvli ˈdʒʌbli		𐑤𐑳𐑝𐑤𐑦 𐑡𐑳𐑚𐑤𐑦		unknown
lovely jubbly	AJ0	GenAm	ˌlʌvli ˈdʒʌbəli	ˈlʌvli ˈdʒʌbəli	𐑤𐑳𐑝𐑤𐑦 𐑡𐑳𐑚𐑩𐑤𐑦	𐑤𐑳𐑝𐑤𐑦𐑡𐑳𐑚𐑩𐑤𐑦	matches
lovely jubbly	NN1	RSSB	ˌlʌvli ˈdʒʌbli		𐑤𐑳𐑝𐑤𐑦 𐑡𐑳𐑚𐑤𐑦		unknown
lovely jubbly	NN1	GenAm	ˌlʌvli ˈdʒʌbəli	ˈlʌvli ˈdʒʌbəli	𐑤𐑳𐑝𐑤𐑦 𐑡𐑳𐑚𐑩𐑤𐑦	𐑤𐑳𐑝𐑤𐑦𐑡𐑳𐑚𐑩𐑤𐑦	matches
Ynys Môn	NP0	RSSB	ˌɪnɪs ˈmɒn		𐑦𐑯𐑦𐑕 𐑥𐑪𐑯		unknown
Ynys Môn	NP0	RSSB	ˌɪnɪs ˈmɔːn		𐑦𐑯𐑦𐑕 𐑥𐑷𐑯		unknown
clams up	VVI	GenAm	ˈklæmˈzʌp	klæmz ʌp	𐑒𐑤𐑨𐑥𐑟𐑳𐑐	𐑒𐑤𐑨𐑥𐑟𐑳𐑐	matches
whooper swan	NN1	RSSB	huːpərswɒn		𐑣𐑵𐑐𐑼𐑕𐑢𐑪𐑯		unknown
hell hath no fury like a woman scorned	UNC	RSSB	hel hæθ nəʊ fjəəri laɪk ə ˈwʊmən skɔːRnd	hel hæθ nəʊ ˈfjʊəri laɪk ə ˈwʊmən skɔːRnd	𐑣𐑧𐑤 𐑣𐑨𐑔 𐑯𐑴 𐑓𐑘𐑩𐑼𐑦 𐑤𐑲𐑒 𐑩 𐑢𐑫𐑥𐑩𐑯 𐑕𐑒𐑹𐑯𐑛	𐑣𐑧𐑤𐑣𐑨𐑔𐑯𐑴𐑓𐑘𐑫𐑼𐑦𐑤𐑲𐑒𐑩𐑢𐑫𐑥𐑩𐑯𐑕𐑒𐑹𐑯𐑛	matches
hell hath no fury like a woman scorned	UNC	GenAm	hel hæθ noʊ ˈfjəri laɪk ə ˈwʊmən skɔːRnd	hel hæθ nəʊ ˈfjʊəri laɪk ə ˈwʊmən skɔːRnd	𐑣𐑧𐑤 𐑣𐑨𐑔 𐑯𐑴 𐑓𐑘𐑼𐑦 𐑤𐑲𐑒 𐑩 𐑢𐑫𐑥𐑩𐑯 𐑕𐑒𐑹𐑯𐑛	𐑣𐑧𐑤𐑣𐑨𐑔𐑯𐑴𐑓𐑘𐑫𐑼𐑦𐑤𐑲𐑒𐑩𐑢𐑫𐑥𐑩𐑯𐑕𐑒𐑹𐑯𐑛	divergent
Tom Jones	NN1	RSSB	ˌtɒm ˈdʒəʊnz	tɒm ˈdʒəʊnz	𐑑𐑪𐑥 𐑡𐑴𐑯𐑟	𐑑𐑪𐑥𐑡𐑴𐑯𐑟	matches
Tom Jones	NN1	GenAm	ˌtɒm ˈdʒoʊnz	tɒm ˈdʒəʊnz	𐑑𐑪𐑥 𐑡𐑴𐑯𐑟	𐑑𐑪𐑥𐑡𐑴𐑯𐑟	matches
seize up	VVI	RSSB	ˈsiːz ˌʌp	siːz ʌp	𐑕𐑰𐑟 𐑳𐑐	𐑕𐑰𐑟𐑳𐑐	matches
seize up	VVI	GenAm	ˈsiz ˌʌp	siːz ʌp	𐑕𐑦𐑟 𐑳𐑐	𐑕𐑰𐑟𐑳𐑐	divergent
if anything	AV0	RSSB	ɪf ˈenɪθɪŋ	ɪf ˈenɪθɪŋ	𐑦𐑓 𐑧𐑯𐑦𐑔𐑦𐑙	𐑦𐑓𐑧𐑯𐑦𐑔𐑦𐑙	matches
if anything	AV0	GenAm	ɪf ˈeniθɪŋ	ɪf ˈenɪθɪŋ	𐑦𐑓 𐑧𐑯𐑦𐑔𐑦𐑙	𐑦𐑓𐑧𐑯𐑦𐑔𐑦𐑙	matches
bon mots	NN1	RSSB	bɒn məʊ		𐑚𐑪𐑯 𐑥𐑴		unknown
bon mots	NN1	GenAm	bɒn moʊ		𐑚𐑪𐑯 𐑥𐑴		unknown
dissociative identity disorder	NN1	RSSB	dɪˈsəʊʃiətɪv aɪˈdentɪti dɪsɔːRdəR		𐑛𐑦𐑕𐑴𐑖𐑾𐑑𐑦𐑝 𐑲𐑛𐑧𐑯𐑑𐑦𐑑𐑦 𐑛𐑦𐑕𐑹𐑛𐑼		unknown
dissociative identity disorder	NN1	GenAm	dɪˈsoʊʃiətɪv aɪˈdentɪti dɪsˈɔːRdəR	dɪˈsoʊʃiətɪv aɪˈdentɪti dɪsˈɔːRdəR	𐑛𐑦𐑕𐑴𐑖𐑾𐑑𐑦𐑝 𐑲𐑛𐑧𐑯𐑑𐑦𐑑𐑦 𐑛𐑦𐑕𐑹𐑛𐑼	𐑛𐑦𐑕𐑴𐑖𐑾𐑑𐑦𐑝𐑲𐑛𐑧𐑯𐑑𐑦𐑑𐑦𐑛𐑦𐑕𐑹𐑛𐑼	matches
red envelope	NN1	RSSB	ˌred ˈenvələʊp	red ˈenvələʊp	𐑮𐑧𐑛 𐑧𐑯𐑝𐑩𐑤𐑴𐑐	𐑮𐑧𐑛𐑧𐑯𐑝𐑩𐑤𐑴𐑐	matches
red envelope	NN1	GenAm	ˌred ˈenvəˌloʊp	red ˈenvələʊp	𐑮𐑧𐑛 𐑧𐑯𐑝𐑩𐑤𐑴𐑐	𐑮𐑧𐑛𐑧𐑯𐑝𐑩𐑤𐑴𐑐	matches
leave alone	VVI	RSSB	liːv əˈləʊn	liːv əˈləʊn	𐑤𐑰𐑝 𐑩𐑤𐑴𐑯	𐑤𐑰𐑝𐑩𐑤𐑴𐑯	matches
leave alone	VVI	GenAm	liv əˈloʊn	liːv əˈləʊn	𐑤𐑦𐑝 𐑩𐑤𐑴𐑯	𐑤𐑰𐑝𐑩𐑤𐑴𐑯	divergent
Nizhny Novgorod	NP0	RSSB	ˌnɪʒni nɒvɡərɒd		𐑯𐑦𐑠𐑯𐑦 𐑯𐑪𐑝𐑜𐑼𐑪𐑛		unknown
Nizhny Novgorod	NP0	GenAm	ˌnɪʒni ˈnɒvɡərɒd		𐑯𐑦𐑠𐑯𐑦 𐑯𐑪𐑝𐑜𐑼𐑪𐑛		unknown
Nizhny Novgorod	NP0	RSSB	ˌnɪʒni nɔːvɡərəd		𐑯𐑦𐑠𐑯𐑦 𐑯𐑷𐑝𐑜𐑼𐑩𐑛		unknown
Nizhny Novgorod	NP0	GenAm	ˌnɪʒni nɔːvˈɡɔːRəd		𐑯𐑦𐑠𐑯𐑦 𐑯𐑷𐑝𐑜𐑹𐑩𐑛		unknown
culture vulture	NN1	RSSB	kʌltʃəR vʌltʃəR	ˈkʌltʃəR ˈvʌltʃəR	𐑒𐑳𐑤𐑗𐑼 𐑝𐑳𐑤𐑗𐑼	𐑒𐑳𐑤𐑗𐑼𐑝𐑳𐑤𐑗𐑼	matches
culture vulture	NN1	GenAm	ˈkʌltʃər ˌvʌltʃər	ˈkʌltʃəR ˈvʌltʃəR	𐑒𐑳𐑤𐑗𐑼 𐑝𐑳𐑤𐑗𐑼	𐑒𐑳𐑤𐑗𐑼𐑝𐑳𐑤𐑗𐑼	matches
ex nihilo	UNC	RSSB	eks ˈniːəˌləʊ		𐑧𐑒𐑕 𐑯𐑰𐑩𐑤𐑴		unknown
ex nihilo	UNC	GenAm	eks ˈniːəˌləʊ		𐑧𐑒𐑕 𐑯𐑰𐑩𐑤𐑴		unknown
fight back	VVI	GenAm	fʌɪt bæk	faɪt bæk	𐑓𐑳𐑦𐑑 𐑚𐑨𐑒	𐑓𐑲𐑑𐑚𐑨𐑒	divergent
panda car	NN1	RSSB	ˌpændə kɑːR	ˈpændə kɑːR	𐑐𐑨𐑯𐑛𐑩 𐑒𐑸	𐑐𐑨𐑯𐑛𐑩𐑒𐑸	matches
panda car	NN1	GenAm	ˌpændə ˈkɑːR	ˈpændə kɑːR	𐑐𐑨𐑯𐑛𐑩 𐑒𐑸	𐑐𐑨𐑯𐑛𐑩𐑒𐑸	matches
draw near	VVI	RSSB	drɔː nɪər	drɔː nɪəR	𐑛𐑮𐑷 𐑯𐑽	𐑛𐑮𐑷𐑯𐑽	matches
draw near	VVI	GenAm	drɒ nɪəR	drɔː nɪəR	𐑛𐑮𐑪 𐑯𐑽	𐑛𐑮𐑷𐑯𐑽	divergent
prop up	VVI	RSSB	ˌprɒp ˈʌp	prɒp ʌp	𐑐𐑮𐑪𐑐 𐑳𐑐	𐑐𐑮𐑪𐑐𐑳𐑐	matches
prop up	VVI	GenAm	ˌprɒp ˈʌp	prɒp ʌp	𐑐𐑮𐑪𐑐 𐑳𐑐	𐑐𐑮𐑪𐑐𐑳𐑐	matches
shit show	NN1	GenAm	ʃɪt ʃoʊ	ʃɪt ʃəʊ	𐑖𐑦𐑑 𐑖𐑴	𐑖𐑦𐑑𐑖𐑴	matches
bonheur du jour	NN1	RSSB	bɒnɜːR djuː ʒʊəR		𐑚𐑪𐑯𐑻 𐑛𐑿 𐑠𐑫𐑼		unknown
bonheur du jour	NN1	GenAm	bəˌnɜːR dju ˈʒʊr		𐑚𐑩𐑯𐑻 𐑛𐑘𐑫 𐑠𐑫𐑮		unknown
bonheur du jour	NN1	GenAm	bəˌnɜːR də ˈʒʊr		𐑚𐑩𐑯𐑻 𐑛𐑩 𐑠𐑫𐑮		unknown
mountain bearberry	NN1	RSSB	ˈmaʊntɪn beəRberi		𐑥𐑬𐑯𐑑𐑦𐑯 𐑚𐑺𐑚𐑧𐑮𐑦		unknown
fresh start	NN1	RSSB	freʃ stɑːRt	freʃ stɑːRt	𐑓𐑮𐑧𐑖 𐑕𐑑𐑸𐑑	𐑓𐑮𐑧𐑖𐑕𐑑𐑸𐑑	matches
fresh start	NN1	GenAm	freʃ ˈstɑːRt	freʃ stɑːRt	𐑓𐑮𐑧𐑖 𐑕𐑑𐑸𐑑	𐑓𐑮𐑧𐑖𐑕𐑑𐑸𐑑	matches
clavulanic acid	NN1	GenAm	ˌklævjəˌlænɪk ˈæsƏd	ˌklævjəˈlænɪk ˈæsɪd	𐑒𐑤𐑨𐑝𐑘𐑩𐑤𐑨𐑯𐑦𐑒 𐑨𐑕𐑩𐑛	𐑒𐑤𐑨𐑝𐑘𐑩𐑤𐑨𐑯𐑦𐑒𐑨𐑕𐑦𐑛	matches
I'll be blowed	ITJ	RSSB	ˌaɪl biː ˈbləʊd	aɪl biː bləʊd	𐑲𐑤 𐑚𐑰 𐑚𐑤𐑴𐑛	𐑲𐑤𐑚𐑰𐑚𐑤𐑴𐑛	matches
I'll be blowed	ITJ	GenAm	ˌaɪl bi ˈbloʊd	aɪl biː bləʊd	𐑲𐑤 𐑚𐑦 𐑚𐑤𐑴𐑛	𐑲𐑤𐑚𐑰𐑚𐑤𐑴𐑛	divergent
French leave	NN1	RSSB	frentʃ ˈliːv	frentʃ liːv	𐑓𐑮𐑧𐑯𐑗 𐑤𐑰𐑝	𐑓𐑮𐑧𐑯𐑗𐑤𐑰𐑝	matches
French leave	NN1	GenAm	frentʃ ˈliv	frentʃ liːv	𐑓𐑮𐑧𐑯𐑗 𐑤𐑦𐑝	𐑓𐑮𐑧𐑯𐑗𐑤𐑰𐑝	divergent
absentee ownership	NN1	GenAm	ˌæbsənˈti ˈoʊnəRˌʃɪp	ˌæbsənˈtiː ˈəʊnəRʃɪp	𐑨𐑚𐑕𐑩𐑯𐑑𐑦 𐑴𐑯𐑼𐑖𐑦𐑐	𐑨𐑚𐑕𐑩𐑯𐑑𐑰𐑴𐑯𐑼𐑖𐑦𐑐	divergent
tower of silence	NN1	RSSB	taʊəRRəv saɪləns	ˈtaʊəR V ˈsaɪləns	𐑑𐑬𐑼𐑮𐑩𐑝 𐑕𐑲𐑤𐑩𐑯𐑕	𐑑𐑬𐑼𐑝𐑕𐑲𐑤𐑩𐑯𐑕	divergent
tower of silence	NN1	GenAm	ˌtaʊəRəv ˈsaɪləns	ˈtaʊəR V ˈsaɪləns	𐑑𐑬𐑼𐑩𐑝 𐑕𐑲𐑤𐑩𐑯𐑕	𐑑𐑬𐑼𐑝𐑕𐑲𐑤𐑩𐑯𐑕	divergent
diaper lover	NN1	RSSB	daɪəpəR lʌvəR	ˈdaɪəpəR ˈlʌvəR	𐑛𐑲𐑩𐑐𐑼 𐑤𐑳𐑝𐑼	𐑛𐑲𐑩𐑐𐑼𐑤𐑳𐑝𐑼	matches
diaper lover	NN1	GenAm	ˈdaɪəpəR ˌlʌvəR	ˈdaɪəpəR ˈlʌvəR	𐑛𐑲𐑩𐑐𐑼 𐑤𐑳𐑝𐑼	𐑛𐑲𐑩𐑐𐑼𐑤𐑳𐑝𐑼	matches
sodium fluoride	NN1	GenAm	ˌsoʊdiəm ˈflʊrˌaɪd	ˈsəʊdɪəm ˈflʊəraɪd	𐑕𐑴𐑛𐑾𐑥 𐑓𐑤𐑫𐑮𐑲𐑛	𐑕𐑴𐑛𐑾𐑥𐑓𐑤𐑫𐑼𐑲𐑛	divergent
gender identity	NN1	GenAm	ˈdʒendəR aɪˈdetəti	ˈdʒendəR aɪˈdentɪti	𐑡𐑧𐑯𐑛𐑼 𐑲𐑛𐑧𐑑𐑩𐑑𐑦	𐑡𐑧𐑯𐑛𐑼𐑲𐑛𐑧𐑯𐑑𐑦𐑑𐑦	divergent
gender identity	NN1	GenAm	ˈdʒendəR aɪˈdenəti	ˈdʒendəR aɪˈdentɪti	𐑡𐑧𐑯𐑛𐑼 𐑲𐑛𐑧𐑯𐑩𐑑𐑦	𐑡𐑧𐑯𐑛𐑼𐑲𐑛𐑧𐑯𐑑𐑦𐑑𐑦	divergent
gender identity	NN1	RSSB	dʒendəR aɪˈdentɪti	ˈdʒendəR aɪˈdentɪti	𐑡𐑧𐑯𐑛𐑼 𐑲𐑛𐑧𐑯𐑑𐑦𐑑𐑦	𐑡𐑧𐑯𐑛𐑼𐑲𐑛𐑧𐑯𐑑𐑦𐑑𐑦	matches
flat lock	NN1	RSSB	flat lɒk	flæt lɒk	𐑓𐑤𐑨𐑑 𐑤𐑪𐑒	𐑓𐑤𐑨𐑑𐑤𐑪𐑒	matches
valproic acid	NN1	RSSB	vælˌprəʊɪk ˈæsƏd		𐑝𐑨𐑤𐑐𐑮𐑴𐑦𐑒 𐑨𐑕𐑩𐑛		unknown
valproic acid	NN1	GenAm	vælˌproʊɪk ˈæsƏd		𐑝𐑨𐑤𐑐𐑮𐑴𐑦𐑒 𐑨𐑕𐑩𐑛		unknown
whore's paint	NN1	GenAm	ˈhɔːRzˌpeɪnt		𐑣𐑹𐑟𐑐𐑱𐑯𐑑		unknown
picture framing	NN1	RSSB	pɪktʃəR ˌfreɪmɪŋ	ˈpɪktʃəR ˈfreɪmɪŋ	𐑐𐑦𐑒𐑗𐑼 𐑓𐑮𐑱𐑥𐑦𐑙	𐑐𐑦𐑒𐑗𐑼𐑓𐑮𐑱𐑥𐑦𐑙	matches
the moon on a stick	NN1	RSSB	ˈmuːn ɒn ə ˈstɪk	Ð muːn ɒn ə stɪk	𐑥𐑵𐑯 𐑪𐑯 𐑩 𐑕𐑑𐑦𐑒	𐑞𐑥𐑵𐑯𐑪𐑯𐑩𐑕𐑑𐑦𐑒	divergent
the moon on a stick	NN1	GenAm	ˈmun ɒn ə ˈstɪk	Ð muːn ɒn ə stɪk	𐑥𐑫𐑯 𐑪𐑯 𐑩 𐑕𐑑𐑦𐑒	𐑞𐑥𐑵𐑯𐑪𐑯𐑩𐑕𐑑𐑦𐑒	divergent
dear me	ITJ	RSSB	dɪəRmiː	dɪəR miː	𐑛𐑽𐑥𐑰	𐑛𐑽𐑥𐑰	matches
dearie me	ITJ	RSSB	dɪərimiː	ˈdɪəri miː	𐑛𐑽𐑦𐑥𐑰	𐑛𐑽𐑦𐑥𐑰	matches
deary me	ITJ	RSSB	dɪərimiː	ˈdɪəri miː	𐑛𐑽𐑦𐑥𐑰	𐑛𐑽𐑦𐑥𐑰	matches
short wave	NN1	RSSB	ʃɔːRt weɪv	ʃɔːRt weɪv	𐑖𐑹𐑑 𐑢𐑱𐑝	𐑖𐑹𐑑𐑢𐑱𐑝	matches
short wave	NN1	GenAm	ˈʃort ˌweɪv	ʃɔːRt weɪv	𐑖𐑪𐑮𐑑 𐑢𐑱𐑝	𐑖𐑹𐑑𐑢𐑱𐑝	divergent
patent troll	NN1	RSSB	ˈpætənt ˌtrəʊl	ˈpeɪtənt trəʊl	𐑐𐑨𐑑𐑩𐑯𐑑 𐑑𐑮𐑴𐑤	𐑐𐑱𐑑𐑩𐑯𐑑𐑑𐑮𐑴𐑤	divergent
patent troll	NN1	GenAm	ˈpætənt ˌtroʊl	ˈpeɪtənt trəʊl	𐑐𐑨𐑑𐑩𐑯𐑑 𐑑𐑮𐑴𐑤	𐑐𐑱𐑑𐑩𐑯𐑑𐑑𐑮𐑴𐑤	divergent
notate bene	ITJ	GenAm	noʊˈtɒteɪ ˌbeneɪ		𐑯𐑴𐑑𐑪𐑑𐑱 𐑚𐑧𐑯𐑱		unknown
Portuguese Water Dog	NN1	RSSB	pɔːRtʃəɡiːz wɔːtəR dɒɡ	ˌpɔːRtʃəˈɡiːz ˈwɔːtər dɒɡ	𐑐𐑹𐑗𐑩𐑜𐑰𐑟 𐑢𐑷𐑑𐑼 𐑛𐑪𐑜	𐑐𐑹𐑗𐑩𐑜𐑰𐑟𐑢𐑷𐑑𐑼𐑛𐑪𐑜	matches
Portuguese Water Dog	NN1	GenAm	ˌpɔːRtʃəɡiːz ˈwɒtəR dɒɡ	ˌpɔːRtʃəˈɡiːz ˈwɔːtər dɒɡ	𐑐𐑹𐑗𐑩𐑜𐑰𐑟 𐑢𐑪𐑑𐑼 𐑛𐑪𐑜	𐑐𐑹𐑗𐑩𐑜𐑰𐑟𐑢𐑷𐑑𐑼𐑛𐑪𐑜	divergent
at a pinch	UNC	RSSB	ˌætəˈpɪnʃ	æt ə pɪntʃ	𐑨𐑑𐑩𐑐𐑦𐑯𐑖	𐑨𐑑𐑩𐑐𐑦𐑯𐑗	divergent
Saint Bernards	NN1	RSSB	ˌsənt bɜːRnəRdz		𐑕𐑩𐑯𐑑 𐑚𐑻𐑯𐑼𐑛𐑟		unknown
Saint Bernards	NN1	GenAm	ˌseɪnt bəRˈnɑːRdz		𐑕𐑱𐑯𐑑 𐑚𐑼𐑯𐑸𐑛𐑟		unknown
Spanish Water Dog	NN1	RSSB	ˌspænɪʃ wɔːtəR dɒɡ	ˈspænɪʃ ˈwɔːtər dɒɡ	𐑕𐑐𐑨𐑯𐑦𐑖 𐑢𐑷𐑑𐑼 𐑛𐑪𐑜	𐑕𐑐𐑨𐑯𐑦𐑖𐑢𐑷𐑑𐑼𐑛𐑪𐑜	matches
Spanish Water Dog	NN1	GenAm	ˌspænɪʃ ˈwɒtəR dɒɡ	ˈspænɪʃ ˈwɔːtər dɒɡ	𐑕𐑐𐑨𐑯𐑦𐑖 𐑢𐑪𐑑𐑼 𐑛𐑪𐑜	𐑕𐑐𐑨𐑯𐑦𐑖𐑢𐑷𐑑𐑼𐑛𐑪𐑜	divergent
Nagorno-Karabakh Republic	NP0	RSSB	nəɡɔːRnəʊ kɑːrəbɑːk rɪpʌblɪk		𐑯𐑩𐑜𐑹𐑯𐑴 𐑒𐑸𐑩𐑚𐑭𐑒 𐑮𐑦𐑐𐑳𐑚𐑤𐑦𐑒		unknown
leaf peeper	NN1	RSSB	ˈliːf piːpəR	liːf ˈpiːpəR	𐑤𐑰𐑓 𐑐𐑰𐑐𐑼	𐑤𐑰𐑓𐑐𐑰𐑐𐑼	matches
leaf peeper	NN1	GenAm	ˈlif ˌpipəR	liːf ˈpiːpəR	𐑤𐑦𐑓 𐑐𐑦𐑐𐑼	𐑤𐑰𐑓𐑐𐑰𐑐𐑼	divergent
iron curtain	NN1	RSSB	aɪəRn kɜːRtən	ˈaɪəRn ˈkɜːRtən	𐑲𐑼𐑯 𐑒𐑻𐑑𐑩𐑯	𐑲𐑼𐑯𐑒𐑻𐑑𐑩𐑯	matches
iron curtain	NN1	GenAm	ˌaɪərn ˈkɜːRtən	ˈaɪəRn ˈkɜːRtən	𐑲𐑼𐑯 𐑒𐑻𐑑𐑩𐑯	𐑲𐑼𐑯𐑒𐑻𐑑𐑩𐑯	matches
hardy har har	ITJ	GenAm	ˈhɑːRtiˈhɑːRˈhɑːR	ˈhɑːRdi hɑːR hɑːR	𐑣𐑸𐑑𐑦𐑣𐑸𐑣𐑸	𐑣𐑸𐑛𐑦𐑣𐑸𐑣𐑸	divergent
St. John	NP0	RSSB	ˌseɪnt ˈdʒɒn	sənt dʒɒn	𐑕𐑱𐑯𐑑 𐑡𐑪𐑯	𐑕𐑩𐑯𐑑𐑡𐑪𐑯	divergent
St. John	NP0	GenAm	ˌseɪnt ˈdʒɒn	sənt dʒɒn	𐑕𐑱𐑯𐑑 𐑡𐑪𐑯	𐑕𐑩𐑯𐑑𐑡𐑪𐑯	divergent
St. John	NP0	RSSB	səntˈdʒɒn	sənt dʒɒn	𐑕𐑩𐑯𐑑𐑡𐑪𐑯	𐑕𐑩𐑯𐑑𐑡𐑪𐑯	matches
St. John	NP0	RSSB	ˈsɪndʒən	sənt dʒɒn	𐑕𐑦𐑯𐑡𐑩𐑯	𐑕𐑩𐑯𐑑𐑡𐑪𐑯	divergent
St. John	NP0	GenAm	ˈsɪndʒən	sənt dʒɒn	𐑕𐑦𐑯𐑡𐑩𐑯	𐑕𐑩𐑯𐑑𐑡𐑪𐑯	divergent
St John	NP0	RSSB	ˌseɪnt ˈdʒɒn	sənt dʒɒn	𐑕𐑱𐑯𐑑 𐑡𐑪𐑯	𐑕𐑩𐑯𐑑𐑡𐑪𐑯	divergent
St John	NP0	GenAm	ˌseɪnt ˈdʒɒn	sənt dʒɒn	𐑕𐑱𐑯𐑑 𐑡𐑪𐑯	𐑕𐑩𐑯𐑑𐑡𐑪𐑯	divergent
St John	NP0	RSSB	səntˈdʒɒn	sənt dʒɒn	𐑕𐑩𐑯𐑑𐑡𐑪𐑯	𐑕𐑩𐑯𐑑𐑡𐑪𐑯	matches
St John	NP0	RSSB	ˈsɪndʒən	sənt dʒɒn	𐑕𐑦𐑯𐑡𐑩𐑯	𐑕𐑩𐑯𐑑𐑡𐑪𐑯	divergent
St John	NP0	GenAm	ˈsɪndʒən	sənt dʒɒn	𐑕𐑦𐑯𐑡𐑩𐑯	𐑕𐑩𐑯𐑑𐑡𐑪𐑯	divergent
Meds Yeghern	NP0	RSSB	medz jeɡɜːRRn		𐑥𐑧𐑛𐑟 𐑘𐑧𐑜𐑻𐑮𐑯		unknown
Meds Yeghern	NP0	RSSB	mets jəɡeərn		𐑥𐑧𐑑𐑕 𐑘𐑩𐑜𐑺𐑯		unknown
still and all	AV0	GenAm	ˈstɪləˌnɒl	stɪl N ɔːl	𐑕𐑑𐑦𐑤𐑩𐑯𐑪𐑤	𐑕𐑑𐑦𐑤𐑯𐑷𐑤	divergent
old skool	NN1	RSSB	ˈəʊldskuːl		𐑴𐑤𐑛𐑕𐑒𐑵𐑤		unknown
old skool	NN1	GenAm	ˈoʊldˌskul		𐑴𐑤𐑛𐑕𐑒𐑫𐑤		unknown
old skool	AJ0	RSSB	ˈəʊldskuːl		𐑴𐑤𐑛𐑕𐑒𐑵𐑤		unknown
old skool	AJ0	GenAm	ˈoʊldˌskul		𐑴𐑤𐑛𐑕𐑒𐑫𐑤		unknown
flash lock	NN1	RSSB	flaʃ lɒk	flæʃ lɒk	𐑓𐑤𐑨𐑖 𐑤𐑪𐑒	𐑓𐑤𐑨𐑖𐑤𐑪𐑒	matches
flash locks	NN1	RSSB	flaʃ lɒks	flæʃ lɒks	𐑓𐑤𐑨𐑖 𐑤𐑪𐑒𐑕	𐑓𐑤𐑨𐑖𐑤𐑪𐑒𐑕	matches
air du temps	NN1	GenAm	er du tɒn	eəR duː temps	𐑧𐑮 𐑛𐑫 𐑑𐑪𐑯	𐑺𐑛𐑵𐑑𐑧𐑥𐑐𐑕	divergent
cops and robbers	NN1	RSSB	kɒps ˈænd rɒbərs	kɒps N ˈrɒbəRz	𐑒𐑪𐑐𐑕 𐑨𐑯𐑛 𐑮𐑪𐑚𐑼𐑕	𐑒𐑪𐑐𐑕𐑯𐑮𐑪𐑚𐑼𐑟	divergent
cops and robbers	NN1	GenAm	kɒps ˈend ˈrɒbəRs	kɒps N ˈrɒbəRz	𐑒𐑪𐑐𐑕 𐑧𐑯𐑛 𐑮𐑪𐑚𐑼𐑕	𐑒𐑪𐑐𐑕𐑯𐑮𐑪𐑚𐑼𐑟	divergent
rock salmon	NN1	RSSB	ˌrɒk ˈsamən	rɒk ˈsæmən	𐑮𐑪𐑒 𐑕𐑨𐑥𐑩𐑯	𐑮𐑪𐑒𐑕𐑨𐑥𐑩𐑯	matches
rock salmon	NN1	GenAm	ˌrɒk ˈsæmən	rɒk ˈsæmən	𐑮𐑪𐑒 𐑕𐑨𐑥𐑩𐑯	𐑮𐑪𐑒𐑕𐑨𐑥𐑩𐑯	matches
Mauna Kea	NP0	GenAm	ˌmɒnə ˈkeɪə		𐑥𐑪𐑯𐑩 𐑒𐑱𐑩		unknown
Mauna Loa	NP0	GenAm	ˌmaʊnə ˈloʊə		𐑥𐑬𐑯𐑩 𐑤𐑴𐑩		unknown
Mauna Loa	NP0	RSSB	ˌmaʊnə ˈləʊə		𐑥𐑬𐑯𐑩 𐑤𐑴𐑩		unknown
Mauna Loa	NP0	GenAm	ˌmɒnə ˈloʊə		𐑥𐑪𐑯𐑩 𐑤𐑴𐑩		unknown
abducens nerve	NN1	RSSB	abˈdʒuːsənz nɜːRv		𐑨𐑚𐑡𐑵𐑕𐑩𐑯𐑟 𐑯𐑻𐑝		unknown
abducens nerve	NN1	RSSB	abˈdjuːsənz nɜːRv		𐑨𐑚𐑛𐑿𐑕𐑩𐑯𐑟 𐑯𐑻𐑝		unknown
abducens nerve	NN1	GenAm	æbˈduˌsenz ˌnɜːRv	æbˈduˌsenz nɜːRv	𐑨𐑚𐑛𐑫𐑕𐑧𐑯𐑟 𐑯𐑻𐑝	𐑨𐑚𐑛𐑫𐑕𐑧𐑯𐑟𐑯𐑻𐑝	matches
abducens nerve	NN1	GenAm	æbˈdjuˌsenz ˌnɜːRv	æbˈduˌsenz nɜːRv	𐑨𐑚𐑛𐑘𐑫𐑕𐑧𐑯𐑟 𐑯𐑻𐑝	𐑨𐑚𐑛𐑫𐑕𐑧𐑯𐑟𐑯𐑻𐑝	divergent
tar with the same brush	VVI	RSSB	taː wɪðə seɪm brʌʃ	tɑːR wɪð Ð seɪm brʌʃ	𐑑𐑨 𐑢𐑦𐑞𐑩 𐑕𐑱𐑥 𐑚𐑮𐑳𐑖	𐑑𐑸𐑢𐑦𐑞𐑞𐑕𐑱𐑥𐑚𐑮𐑳𐑖	divergent
tar with the same brush	VVI	GenAm	ˈtar wɪðə seɪm ˈbrʌʃ	tɑːR wɪθ Ð seɪm brʌʃ	𐑑𐑨𐑮 𐑢𐑦𐑞𐑩 𐑕𐑱𐑥 𐑚𐑮𐑳𐑖	𐑑𐑸𐑢𐑦𐑔𐑞𐑕𐑱𐑥𐑚𐑮𐑳𐑖	divergent
oh my goodness	ITJ	RSSB	əʊ maɪ ˈɡʊdnes	əʊ maɪ ˈɡʊdnəs	𐑴 𐑥𐑲 𐑜𐑫𐑛𐑯𐑧𐑕	𐑴𐑥𐑲𐑜𐑫𐑛𐑯𐑩𐑕	divergent
oh my goodness	ITJ	GenAm	oʊ maɪ ˈɡʊdnəs	əʊ maɪ ˈɡʊdnəs	𐑴 𐑥𐑲 𐑜𐑫𐑛𐑯𐑩𐑕	𐑴𐑥𐑲𐑜𐑫𐑛𐑯𐑩𐑕	matches
bar review	NN1	GenAm	ˈbɑːR rɪˌvju	bɑːR rɪˈvjuː	𐑚𐑸 𐑮𐑦𐑝𐑘𐑫	𐑚𐑸𐑮𐑦𐑝𐑿	divergent
bar review	NN1	RSSB	bɑːR rɪˌvjuː	bɑːR rɪˈvjuː	𐑚𐑸 𐑮𐑦𐑝𐑿	𐑚𐑸𐑮𐑦𐑝𐑿	matches
tear up	VVI	GenAm	ˈteər ˈʌp	teəR ʌp	𐑑𐑺 𐑳𐑐	𐑑𐑺𐑳𐑐	matches
tear up	VVI	RSSB	teər ˈʌp	teəR ʌp	𐑑𐑺 𐑳𐑐	𐑑𐑺𐑳𐑐	matches
tear up	VVI	GenAm	ˈtɪr ˈʌp	teəR ʌp	𐑑𐑦𐑮 𐑳𐑐	𐑑𐑺𐑳𐑐	divergent
tear up	VVI	RSSB	tɪər ˈʌp	teəR ʌp	𐑑𐑽 𐑳𐑐	𐑑𐑺𐑳𐑐	divergent
mot d'ordre	NN1	RSSB	məʊdɔːRdrə		𐑥𐑴𐑛𐑹𐑛𐑮𐑩		unknown
enough is enough	UNC	RSSB	ɪˌnʌfɪz ɪˈnʌf	ɪˈnʌf ɪz ɪˈnʌf	𐑦𐑯𐑳𐑓𐑦𐑟 𐑦𐑯𐑳𐑓	𐑦𐑯𐑳𐑓𐑦𐑟𐑦𐑯𐑳𐑓	matches
enough is enough	UNC	GenAm	iˌnʌfɪz iˈnʌf	ɪˈnʌf ɪz ɪˈnʌf	𐑦𐑯𐑳𐑓𐑦𐑟 𐑦𐑯𐑳𐑓	𐑦𐑯𐑳𐑓𐑦𐑟𐑦𐑯𐑳𐑓	matches
introitus vaginæ	NN1	RSSB	ɪntrəʊɪtəs vəˈdʒaɪniː		𐑦𐑯𐑑𐑮𐑴𐑦𐑑𐑩𐑕 𐑝𐑩𐑡𐑲𐑯𐑰		unknown
introitus vaginæ	NN1	RSSB	ɪnˈtrəʊɪtuːs vəˈdʒaɪniː		𐑦𐑯𐑑𐑮𐑴𐑦𐑑𐑵𐑕 𐑝𐑩𐑡𐑲𐑯𐑰		unknown
introitus vaginarum	NN1	RSSB	ɪnˈtrəʊɪtuːs vədʒaɪnɑːrəm		𐑦𐑯𐑑𐑮𐑴𐑦𐑑𐑵𐑕 𐑝𐑩𐑡𐑲𐑯𐑸𐑩𐑥		unknown
Nuremberg defense	NN1	RSSB	njəərəmbəRːɡ dɪˈfens		𐑯𐑘𐑩𐑼𐑩𐑥𐑚𐑼𐑜 𐑛𐑦𐑓𐑧𐑯𐑕		unknown
Nuremberg defense	NN1	GenAm	ˈnjərəmˌbəRɡ dɪˈfens	ˈnjərəmbəRɡ dɪˈfens	𐑯𐑘𐑼𐑩𐑥𐑚𐑼𐑜 𐑛𐑦𐑓𐑧𐑯𐑕	𐑯𐑘𐑼𐑩𐑥𐑚𐑼𐑜𐑛𐑦𐑓𐑧𐑯𐑕	matches
helluones librorum	NN1	RSSB	ˌheljəˈəʊniːz lɪbrɔːrəm		𐑣𐑧𐑤𐑘𐑩𐑴𐑯𐑰𐑟 𐑤𐑦𐑚𐑮𐑹𐑩𐑥		unknown
helluones librorum	NN1	GenAm	ˌheljuˈoʊniz lɪˈbrɒərəm		𐑣𐑧𐑤𐑘𐑫𐑴𐑯𐑦𐑟 𐑤𐑦𐑚𐑮𐑪𐑼𐑩𐑥		unknown
parson bird	NN1	RSSB	pɑːRsən bɜːRd	ˈpɑːRsən bɜːRd	𐑐𐑸𐑕𐑩𐑯 𐑚𐑻𐑛	𐑐𐑸𐑕𐑩𐑯𐑚𐑻𐑛	matches
parson bird	NN1	GenAm	ˈpɑːRsən ˌbɜːRd	ˈpɑːRsən bɜːRd	𐑐𐑸𐑕𐑩𐑯 𐑚𐑻𐑛	𐑐𐑸𐑕𐑩𐑯𐑚𐑻𐑛	matches
pars distalis	NN1	RSSB	pɑːRz dɪsˈtɑːliːs		𐑐𐑸𐑟 𐑛𐑦𐑕𐑑𐑭𐑤𐑰𐑕		unknown
pars distalis	NN1	GenAm	ˌpɑːRz dɪsˈtælis		𐑐𐑸𐑟 𐑛𐑦𐑕𐑑𐑨𐑤𐑦𐑕		unknown
première danseuse	NN1	RSSB	prəmjerdɑːsøz		𐑐𐑮𐑩𐑥𐑘𐑧𐑮𐑛𐑭𐑕ø𐑟		unknown
première danseuse	NN1	GenAm	prəˈmjer dɒnˈsuz		𐑐𐑮𐑩𐑥𐑘𐑧𐑮 𐑛𐑪𐑯𐑕𐑫𐑟		unknown
you can't say fairer than that	UNC	RSSB	juː ˈkɑːnt seɪ feərəR ðən ˌðæt	juː kⱭːnt seɪ ˈfeərəR ðæn ðæt	𐑿 𐑒𐑭𐑯𐑑 𐑕𐑱 𐑓𐑺𐑼 𐑞𐑩𐑯 𐑞𐑨𐑑	𐑿𐑒𐑭𐑯𐑑𐑕𐑱𐑓𐑺𐑼𐑞𐑨𐑯𐑞𐑨𐑑	matches
you can't say fairer than that	UNC	GenAm	ju ˈkænt seɪ ˈfeərər ðən ˌðæt	juː kⱭːnt seɪ ˈfeərəR ðæn ðæt	𐑘𐑫 𐑒𐑨𐑯𐑑 𐑕𐑱 𐑓𐑺𐑼 𐑞𐑩𐑯 𐑞𐑨𐑑	𐑿𐑒𐑭𐑯𐑑𐑕𐑱𐑓𐑺𐑼𐑞𐑨𐑯𐑞𐑨𐑑	divergent
toke tube	NN1	GenAm	təʊk tuːb	toʊk tuːb	𐑑𐑴𐑒 𐑑𐑵𐑚	𐑑𐑴𐑒𐑑𐑵𐑚	matches
marron glacé	NN1	RSSB	ˌmarɒ ˈɡlaseɪ		𐑥𐑨𐑮𐑪 𐑜𐑤𐑨𐑕𐑱		unknown
marron glacé	NN1	GenAm	məˌrɒn ɡləˈseɪ		𐑥𐑼𐑪𐑯 𐑜𐑤𐑩𐑕𐑱		unknown
saddle shoe	NN1	GenAm	ˈsædəl ʃuː	ˈsædəl ʃuː	𐑕𐑨𐑛𐑩𐑤 𐑖𐑵	𐑕𐑨𐑛𐑩𐑤𐑖𐑵	matches
prince regent	NN1	RSSB	ˌprɪns riːdʒənt	prɪns ˈriːdʒənt	𐑐𐑮𐑦𐑯𐑕 𐑮𐑰𐑡𐑩𐑯𐑑	𐑐𐑮𐑦𐑯𐑕𐑮𐑰𐑡𐑩𐑯𐑑	matches
prince regent	NN1	GenAm	ˌprɪns ˈridʒənt	prɪns ˈriːdʒənt	𐑐𐑮𐑦𐑯𐑕 𐑮𐑦𐑡𐑩𐑯𐑑	𐑐𐑮𐑦𐑯𐑕𐑮𐑰𐑡𐑩𐑯𐑑	divergent
my giddy aunt	ITJ	RSSB	maɪ ˌɡɪdi ˈɑːnt	maɪ ˈɡɪdi Ɑːnt	𐑥𐑲 𐑜𐑦𐑛𐑦 𐑭𐑯𐑑	𐑥𐑲𐑜𐑦𐑛𐑦𐑭𐑯𐑑	matches
my giddy aunt	ITJ	GenAm	maɪ ˌɡɪdi ˈænt	maɪ ˈɡɪdi Ɑːnt	𐑥𐑲 𐑜𐑦𐑛𐑦 𐑨𐑯𐑑	𐑥𐑲𐑜𐑦𐑛𐑦𐑭𐑯𐑑	matches
drop bear	NN1	RSSB	drɒp beəR	drɒp beəR	𐑛𐑮𐑪𐑐 𐑚𐑺	𐑛𐑮𐑪𐑐𐑚𐑺	matches
drop bear	NN1	GenAm	drɒp beəR	drɒp beəR	𐑛𐑮𐑪𐑐 𐑚𐑺	𐑛𐑮𐑪𐑐𐑚𐑺	matches
cactus cat	NN1	GenAm	ˈkæktəs kæt	ˈkæktəs kæt	𐑒𐑨𐑒𐑑𐑩𐑕 𐑒𐑨𐑑	𐑒𐑨𐑒𐑑𐑩𐑕𐑒𐑨𐑑	matches
dehydroacetic acid	NN1	RSSB	diːhaɪdrəʊəsiːtɪkæsƏd		𐑛𐑰𐑣𐑲𐑛𐑮𐑴𐑩𐑕𐑰𐑑𐑦𐑒𐑨𐑕𐑩𐑛		unknown
go for the gold	VVI	RSSB	ɡəʊ fəRðə ɡəʊld	ɡəʊ F Ð ɡəʊld	𐑜𐑴 𐑓𐑼𐑞𐑩 𐑜𐑴𐑤𐑛	𐑜𐑴𐑓𐑞𐑜𐑴𐑤𐑛	divergent
go for the gold	VVI	GenAm	ˌɡoʊ fərðə ˈɡoʊld	ɡəʊ F Ð ɡəʊld	𐑜𐑴 𐑓𐑼𐑞𐑩 𐑜𐑴𐑤𐑛	𐑜𐑴𐑓𐑞𐑜𐑴𐑤𐑛	divergent
mycophenolic acid	NN1	GenAm	ˌmaɪkoʊfɪˌnoʊlɪk ˈæsƏd		𐑥𐑲𐑒𐑴𐑓𐑦𐑯𐑴𐑤𐑦𐑒 𐑨𐑕𐑩𐑛		unknown
alendronic acid	NN1	GenAm	ˌælənˌdrɒnɪk ˈæsƏd		𐑨𐑤𐑩𐑯𐑛𐑮𐑪𐑯𐑦𐑒 𐑨𐑕𐑩𐑛		unknown
yellow jersey	NN1	RSSB	ˌjeləʊ dʒɜːRzi	ˈjeləʊ ˈdʒɜːRzi	𐑘𐑧𐑤𐑴 𐑡𐑻𐑟𐑦	𐑘𐑧𐑤𐑴𐑡𐑻𐑟𐑦	matches
yellow jersey	NN1	GenAm	ˌjeloʊ ˈdʒɜːRzi	ˈjeləʊ ˈdʒɜːRzi	𐑘𐑧𐑤𐑴 𐑡𐑻𐑟𐑦	𐑘𐑧𐑤𐑴𐑡𐑻𐑟𐑦	matches
de dicto	AJ0	RSSB	deɪ ˈdɪktəʊ		𐑛𐑱 𐑛𐑦𐑒𐑑𐑴		unknown
cum dumpster	NN1	GenAm	kʌm dʌmpstəR		𐑒𐑳𐑥 𐑛𐑳𐑥𐑐𐑕𐑑𐑼		unknown
MSN generation	NP0	RSSB	emeˈsen dʒenəreɪʃən		𐑧𐑥𐑧𐑕𐑧𐑯 𐑡𐑧𐑯𐑼𐑱𐑖𐑩𐑯		unknown
what do you want, a medal	UNC	RSSB	ˈwɒt də ju ˈwɒnt | ə ˈmedəl		𐑢𐑪𐑑 𐑛𐑩 𐑘𐑫 𐑢𐑪𐑯𐑑 | 𐑩 𐑥𐑧𐑛𐑩𐑤		unknown
what do you want, a medal	UNC	GenAm	ˈwʌt də jə ˈwɒnt | ə ˈmedəl		𐑢𐑳𐑑 𐑛𐑩 𐑘𐑩 𐑢𐑪𐑯𐑑 | 𐑩 𐑥𐑧𐑛𐑩𐑤		unknown
to a hair	UNC	RSSB	tuːə heəR	T ə heəR	𐑑𐑵𐑩 𐑣𐑺	𐑑𐑩𐑣𐑺	divergent
to a hair	UNC	GenAm	tuə ˈheər	T ə heəR	𐑑𐑫𐑩 𐑣𐑺	𐑑𐑩𐑣𐑺	divergent
bezoar goat	NN1	RSSB	biːzɔːR ɡəʊt		𐑚𐑰𐑟𐑹 𐑜𐑴𐑑		unknown
bezoar goat	NN1	RSSB	biːzɔːR ɡɔʊt		𐑚𐑰𐑟𐑹 𐑜𐑷𐑫𐑑		unknown
bezoar goat	NN1	GenAm	ˈbizɔːR ɡoʊt	ˈbizɔːR ɡəʊt	𐑚𐑦𐑟𐑹 𐑜𐑴𐑑	𐑚𐑦𐑟𐑹𐑜𐑴𐑑	matches
castle in the air	NN1	RSSB	ˈkɑːsəl ɪn ðiː eəR	ˈkⱭːsəl ɪn Ð eəR	𐑒𐑭𐑕𐑩𐑤 𐑦𐑯 𐑞𐑰 𐑺	𐑒𐑭𐑕𐑩𐑤𐑦𐑯𐑞𐑺	divergent
castle in the air	NN1	GenAm	ˈkæsəl ɪn ði ˈeər	ˈkⱭːsəl ɪn Ð eəR	𐑒𐑨𐑕𐑩𐑤 𐑦𐑯 𐑞𐑦 𐑺	𐑒𐑭𐑕𐑩𐑤𐑦𐑯𐑞𐑺	divergent
a little bit of bread and no cheese	ITJ	RSSB	ə lɪtəl bɪtəv bredən nəʊ tʃiːz	ə ˈlɪtəl bɪt V bred N nəʊ tʃiːz	𐑩 𐑤𐑦𐑑𐑩𐑤 𐑚𐑦𐑑𐑩𐑝 𐑚𐑮𐑧𐑛𐑩𐑯 𐑯𐑴 𐑗𐑰𐑟	𐑩𐑤𐑦𐑑𐑩𐑤𐑚𐑦𐑑𐑝𐑚𐑮𐑧𐑛𐑯𐑯𐑴𐑗𐑰𐑟	divergent
a little bit of bread and no cheese	ITJ	GenAm	ə ˈlɪtəl ˈbɪtəv ˈbredən noʊ ˈtʃiz	ə ˈlɪtəl bɪt V bred N nəʊ tʃiːz	𐑩 𐑤𐑦𐑑𐑩𐑤 𐑚𐑦𐑑𐑩𐑝 𐑚𐑮𐑧𐑛𐑩𐑯 𐑯𐑴 𐑗𐑦𐑟	𐑩𐑤𐑦𐑑𐑩𐑤𐑚𐑦𐑑𐑝𐑚𐑮𐑧𐑛𐑯𐑯𐑴𐑗𐑰𐑟	divergent
soup du jour	NN1	RSSB	ˌsuːp duː ʒʊəR	suːp duː ʒʊəR	𐑕𐑵𐑐 𐑛𐑵 𐑠𐑫𐑼	𐑕𐑵𐑐𐑛𐑵𐑠𐑫𐑼	matches
soup du jour	NN1	GenAm	ˌsup də ˈʒʊr	suːp duː ʒʊəR	𐑕𐑫𐑐 𐑛𐑩 𐑠𐑫𐑮	𐑕𐑵𐑐𐑛𐑵𐑠𐑫𐑼	divergent
soup du jour	NN1	GenAm	ˌsup du ˈʒʊr	suːp duː ʒʊəR	𐑕𐑫𐑐 𐑛𐑫 𐑠𐑫𐑮	𐑕𐑵𐑐𐑛𐑵𐑠𐑫𐑼	divergent
tomorrow is another day	UNC	RSSB	təmɒroʊ ɪz ənʌðərdeɪ	təˈmɒrəʊ ɪz əˈnʌðəR deɪ	𐑑𐑩𐑥𐑪𐑮𐑴 𐑦𐑟 𐑩𐑯𐑳𐑞𐑼𐑛𐑱	𐑑𐑩𐑥𐑪𐑮𐑴𐑦𐑟𐑩𐑯𐑳𐑞𐑼𐑛𐑱	matches
tomorrow is another day	UNC	GenAm	təˈmɑːRoʊ ɪz əˈnʌðəR deɪ	təˈmɒrəʊ ɪz əˈnʌðəR deɪ	𐑑𐑩𐑥𐑸𐑴 𐑦𐑟 𐑩𐑯𐑳𐑞𐑼 𐑛𐑱	𐑑𐑩𐑥𐑪𐑮𐑴𐑦𐑟𐑩𐑯𐑳𐑞𐑼𐑛𐑱	divergent
by dint of	PRP	RSSB	baɪ ˈdɪnt ɒv	baɪ dɪnt V	𐑚𐑲 𐑛𐑦𐑯𐑑 𐑪𐑝	𐑚𐑲𐑛𐑦𐑯𐑑𐑝	divergent
by dint of	PRP	GenAm	baɪ ˈdɪnt ʌv	baɪ dɪnt V	𐑚𐑲 𐑛𐑦𐑯𐑑 𐑳𐑝	𐑚𐑲𐑛𐑦𐑯𐑑𐑝	divergent
visual kei	NN1	RSSB	ˌvɪzjuːəl ˈkeɪ		𐑝𐑦𐑟𐑿𐑩𐑤 𐑒𐑱		unknown
many a mickle makes a muckle	UNC	RSSB	ˌmeniə ˈmɪkəl meɪksə ˈmʌkəl	ˈmeni ə ˈmɪkəl meɪks ə ˈmʌkəl	𐑥𐑧𐑯𐑾 𐑥𐑦𐑒𐑩𐑤 𐑥𐑱𐑒𐑕𐑩 𐑥𐑳𐑒𐑩𐑤	𐑥𐑧𐑯𐑦𐑩𐑥𐑦𐑒𐑩𐑤𐑥𐑱𐑒𐑕𐑩𐑥𐑳𐑒𐑩𐑤	divergent
many a mickle makes a muckle	UNC	GenAm	ˌmeniə ˈmɪkəl meɪksə ˈmʌkəl	ˈmeni ə ˈmɪkəl meɪks ə ˈmʌkəl	𐑥𐑧𐑯𐑾 𐑥𐑦𐑒𐑩𐑤 𐑥𐑱𐑒𐑕𐑩 𐑥𐑳𐑒𐑩𐑤	𐑥𐑧𐑯𐑦𐑩𐑥𐑦𐑒𐑩𐑤𐑥𐑱𐑒𐑕𐑩𐑥𐑳𐑒𐑩𐑤	divergent
where there is a will there is a way	UNC	RSSB	ʍeəR ðeər ɪz ə ˈwɪl ðeər ɪz ə ˈweɪ	ʍeəR ðeəR ɪz ə wɪl ðeəR ɪz ə weɪ	𐑢𐑺 𐑞𐑺 𐑦𐑟 𐑩 𐑢𐑦𐑤 𐑞𐑺 𐑦𐑟 𐑩 𐑢𐑱	𐑢𐑺𐑞𐑺𐑦𐑟𐑩𐑢𐑦𐑤𐑞𐑺𐑦𐑟𐑩𐑢𐑱	matches
where there is a will there is a way	UNC	GenAm	ʍeəR ˌðeəR ɪz ə ˈwɪl ðeəR ɪz ə ˈweɪ	ʍeəR ðeəR ɪz ə wɪl ðeəR ɪz ə weɪ	𐑢𐑺 𐑞𐑺 𐑦𐑟 𐑩 𐑢𐑦𐑤 𐑞𐑺 𐑦𐑟 𐑩 𐑢𐑱	𐑢𐑺𐑞𐑺𐑦𐑟𐑩𐑢𐑦𐑤𐑞𐑺𐑦𐑟𐑩𐑢𐑱	matches
security service	NN1	RSSB	sɪkjəəRɪtiː sɜːRvɪs	sɪˈkjʊərɪti ˈsɜːRvɪs	𐑕𐑦𐑒𐑘𐑩𐑼𐑦𐑑𐑰 𐑕𐑻𐑝𐑦𐑕	𐑕𐑦𐑒𐑘𐑫𐑼𐑦𐑑𐑦𐑕𐑻𐑝𐑦𐑕	divergent
security service	NN1	GenAm	sɪˌkjərɪti ˈsɜːRvɪs	sɪˈkjʊərɪti ˈsɜːRvɪs	𐑕𐑦𐑒𐑘𐑼𐑦𐑑𐑦 𐑕𐑻𐑝𐑦𐑕	𐑕𐑦𐑒𐑘𐑫𐑼𐑦𐑑𐑦𐑕𐑻𐑝𐑦𐑕	divergent
Gaucher's disease	NN1	GenAm	ɡoʊˈʃeɪz dɪˌziz		𐑜𐑴𐑖𐑱𐑟 𐑛𐑦𐑟𐑦𐑟		unknown
musique concrète	NN1	RSSB	mjuːˌziːk kɒnˈkret		𐑥𐑿𐑟𐑰𐑒 𐑒𐑪𐑯𐑒𐑮𐑧𐑑		unknown
musique concrète	NN1	RSSB	mjuːˈziːk kɒnˌkret		𐑥𐑿𐑟𐑰𐑒 𐑒𐑪𐑯𐑒𐑮𐑧𐑑		unknown
musique concrète	NN1	RSSB	ˈmjuːzɪk kɒnˌkret		𐑥𐑿𐑟𐑦𐑒 𐑒𐑪𐑯𐑒𐑮𐑧𐑑		unknown
sea bass	NN1	RSSB	ˈsiːbæs	siː bæs	𐑕𐑰𐑚𐑨𐑕	𐑕𐑰𐑚𐑨𐑕	matches
friend zone	NN1	RSSB	ˈfrend zəʊn	frend zəʊn	𐑓𐑮𐑧𐑯𐑛 𐑟𐑴𐑯	𐑓𐑮𐑧𐑯𐑛𐑟𐑴𐑯	matches
friend zone	NN1	GenAm	ˈfrend zoʊn	frend zəʊn	𐑓𐑮𐑧𐑯𐑛 𐑟𐑴𐑯	𐑓𐑮𐑧𐑯𐑛𐑟𐑴𐑯	matches
friend zone	VVI	RSSB	ˈfrend zəʊn	frend zəʊn	𐑓𐑮𐑧𐑯𐑛 𐑟𐑴𐑯	𐑓𐑮𐑧𐑯𐑛𐑟𐑴𐑯	matches
friend zone	VVI	GenAm	ˈfrend zoʊn	frend zəʊn	𐑓𐑮𐑧𐑯𐑛 𐑟𐑴𐑯	𐑓𐑮𐑧𐑯𐑛𐑟𐑴𐑯	matches
Sarf London	NP0	RSSB	sɑːRf ˌlʌndən		𐑕𐑸𐑓 𐑤𐑳𐑯𐑛𐑩𐑯		unknown
bouncing castle	NN1	RSSB	ˌbaʊnsɪŋ ˈkɑːsəl	ˈbaʊnsɪŋ ˈkⱭːsəl	𐑚𐑬𐑯𐑕𐑦𐑙 𐑒𐑭𐑕𐑩𐑤	𐑚𐑬𐑯𐑕𐑦𐑙𐑒𐑭𐑕𐑩𐑤	matches
bouncing castle	NN1	GenAm	ˌbaʊnsɪŋ ˈkæsəl	ˈbaʊnsɪŋ ˈkⱭːsəl	𐑚𐑬𐑯𐑕𐑦𐑙 𐑒𐑨𐑕𐑩𐑤	𐑚𐑬𐑯𐑕𐑦𐑙𐑒𐑭𐑕𐑩𐑤	matches
mind's ear	NN1	RSSB	maɪndzɪəR		𐑥𐑲𐑯𐑛𐑟𐑽		unknown
mind's ear	NN1	GenAm	maɪndzˈɪər		𐑥𐑲𐑯𐑛𐑟𐑽		unknown
come in from the cold	VVI	RSSB	ˈkʌm ˌɪn frəm ðə ˈkəʊld	kʌm ɪn frɒm Ð kəʊld	𐑒𐑳𐑥 𐑦𐑯 𐑓𐑮𐑩𐑥 𐑞𐑩 𐑒𐑴𐑤𐑛	𐑒𐑳𐑥𐑦𐑯𐑓𐑮𐑪𐑥𐑞𐑒𐑴𐑤𐑛	divergent
come in from the cold	VVI	GenAm	ˈkʌm ˌɪn frəm ðə ˈkoʊld	kʌm ɪn frɒm Ð kəʊld	𐑒𐑳𐑥 𐑦𐑯 𐑓𐑮𐑩𐑥 𐑞𐑩 𐑒𐑴𐑤𐑛	𐑒𐑳𐑥𐑦𐑯𐑓𐑮𐑪𐑥𐑞𐑒𐑴𐑤𐑛	divergent
hostis humani generis	NN1	RSSB	ˈhəʊstɪs ˈhjuːməni dʒenərɪs		𐑣𐑴𐑕𐑑𐑦𐑕 𐑣𐑿𐑥𐑩𐑯𐑦 𐑡𐑧𐑯𐑼𐑦𐑕		unknown
glycyrrhizic acid	NN1	GenAm	ˌɡlɪsɪˌraɪzɪk ˈæsƏd		𐑜𐑤𐑦𐑕𐑦𐑮𐑲𐑟𐑦𐑒 𐑨𐑕𐑩𐑛		unknown
premier danseur	NN1	RSSB	prəmje dɑːsœr		𐑐𐑮𐑩𐑥𐑘𐑧 𐑛𐑭𐑕œ𐑮		unknown
premier danseur	NN1	RSSB	premɪəR dɑːnsəRː		𐑐𐑮𐑧𐑥𐑽 𐑛𐑭𐑯𐑕𐑼		unknown
premier danseur	NN1	RSSB	ˌpremɪeɪ dɒnsəː		𐑐𐑮𐑧𐑥𐑦𐑱 𐑛𐑪𐑯𐑕𐑩		unknown
premier danseur	NN1	GenAm	prəmjeɪ ˌdɒnˈsəR		𐑐𐑮𐑩𐑥𐑘𐑱 𐑛𐑪𐑯𐑕𐑼		unknown
dog's dinner	NN1	RSSB	dɒɡz dɪnəR		𐑛𐑪𐑜𐑟 𐑛𐑦𐑯𐑼		unknown
genius loci	NN1	GenAm	ˈɡenɪˌʊs ˈloʊki	ˈdʒiːnɪəs ˈləʊsaɪ	𐑜𐑧𐑯𐑦𐑫𐑕 𐑤𐑴𐑒𐑦	𐑡𐑰𐑯𐑾𐑕𐑤𐑴𐑕𐑲	divergent
genius loci	NN1	RSSB	ˈɡenɪˌʊs ˈləʊki	ˈdʒiːnɪəs ˈləʊsaɪ	𐑜𐑧𐑯𐑦𐑫𐑕 𐑤𐑴𐑒𐑦	𐑡𐑰𐑯𐑾𐑕𐑤𐑴𐑕𐑲	divergent
genius loci	NN1	GenAm	ˈdʒinjəs ˈloʊkaɪ	ˈdʒiːnɪəs ˈləʊsaɪ	𐑡𐑦𐑯𐑘𐑩𐑕 𐑤𐑴𐑒𐑲	𐑡𐑰𐑯𐑾𐑕𐑤𐑴𐑕𐑲	divergent
genius loci	NN1	RSSB	ˈdʒinjəs ˈləʊkaɪ	ˈdʒiːnɪəs ˈləʊsaɪ	𐑡𐑦𐑯𐑘𐑩𐑕 𐑤𐑴𐑒𐑲	𐑡𐑰𐑯𐑾𐑕𐑤𐑴𐑕𐑲	divergent
genius loci	NN1	GenAm	ˈdʒinjəs ˈloʊsaɪ	ˈdʒiːnɪəs ˈləʊsaɪ	𐑡𐑦𐑯𐑘𐑩𐑕 𐑤𐑴𐑕𐑲	𐑡𐑰𐑯𐑾𐑕𐑤𐑴𐑕𐑲	divergent
genius loci	NN1	RSSB	ˈdʒinjəs ˈləʊsaɪ	ˈdʒiːnɪəs ˈləʊsaɪ	𐑡𐑦𐑯𐑘𐑩𐑕 𐑤𐑴𐑕𐑲	𐑡𐑰𐑯𐑾𐑕𐑤𐑴𐑕𐑲	divergent
genius locorum	NN1	RSSB	ˈdʒiːnɪəs lɒkɔːrəm		𐑡𐑰𐑯𐑾𐑕 𐑤𐑪𐑒𐑹𐑩𐑥		unknown
how do you pronounce this word	UNC	RSSB	ˈhaʊ də juː prənaʊns ðɪs wɜːRd	haʊ duː juː prəˈnaʊns ðɪs wɜːRd	𐑣𐑬 𐑛𐑩 𐑿 𐑐𐑮𐑩𐑯𐑬𐑯𐑕 𐑞𐑦𐑕 𐑢𐑻𐑛	𐑣𐑬𐑛𐑵𐑿𐑐𐑮𐑩𐑯𐑬𐑯𐑕𐑞𐑦𐑕𐑢𐑻𐑛	divergent
how do you pronounce this word	UNC	GenAm	ˈhaʊ duː ˈjuː prəˈnaʊns ðɪs ˈwɜːRd	haʊ duː juː prəˈnaʊns ðɪs wɜːRd	𐑣𐑬 𐑛𐑵 𐑿 𐑐𐑮𐑩𐑯𐑬𐑯𐑕 𐑞𐑦𐑕 𐑢𐑻𐑛	𐑣𐑬𐑛𐑵𐑿𐑐𐑮𐑩𐑯𐑬𐑯𐑕𐑞𐑦𐑕𐑢𐑻𐑛	matches
Ménière's disease	NN1	RSSB	menieərz dɪˈziːz		𐑥𐑧𐑯𐑦𐑺𐑟 𐑛𐑦𐑟𐑰𐑟		unknown
Ménière's disease	NN1	RSSB	menjeərz dɪˈziːz		𐑥𐑧𐑯𐑘𐑺𐑟 𐑛𐑦𐑟𐑰𐑟		unknown
lab coat	NN1	RSSB	ˈlæb ˌkəʊt	læb kəʊt	𐑤𐑨𐑚 𐑒𐑴𐑑	𐑤𐑨𐑚𐑒𐑴𐑑	matches
lab coat	NN1	GenAm	ˈlæb ˌkoʊt	læb kəʊt	𐑤𐑨𐑚 𐑒𐑴𐑑	𐑤𐑨𐑚𐑒𐑴𐑑	matches
augmented reality	NN1	RSSB	ɔːɡˌmentɪd riːˈælɪti	ɔːɡˈmentƏd rɪˈælɪti	𐑷𐑜𐑥𐑧𐑯𐑑𐑦𐑛 𐑮𐑰𐑨𐑤𐑦𐑑𐑦	𐑷𐑜𐑥𐑧𐑯𐑑𐑩𐑛𐑮𐑦𐑨𐑤𐑦𐑑𐑦	divergent
augmented reality	NN1	GenAm	ɒɡˌmentəd riˈæləti	ɔːɡˈmentƏd rɪˈælɪti	𐑪𐑜𐑥𐑧𐑯𐑑𐑩𐑛 𐑮𐑦𐑨𐑤𐑩𐑑𐑦	𐑷𐑜𐑥𐑧𐑯𐑑𐑩𐑛𐑮𐑦𐑨𐑤𐑦𐑑𐑦	divergent
magic word	NN1	RSSB	ˌmædʒɪk wɜːRd	ˈmædʒɪk wɜːRd	𐑥𐑨𐑡𐑦𐑒 𐑢𐑻𐑛	𐑥𐑨𐑡𐑦𐑒𐑢𐑻𐑛	matches
magic word	NN1	GenAm	ˌmædʒɪk ˈwɜːRd	ˈmædʒɪk wɜːRd	𐑥𐑨𐑡𐑦𐑒 𐑢𐑻𐑛	𐑥𐑨𐑡𐑦𐑒𐑢𐑻𐑛	matches
magic words	NN1	RSSB	mædʒɪkwɜːRdz	ˈmædʒɪk wɜːRdz	𐑥𐑨𐑡𐑦𐑒𐑢𐑻𐑛𐑟	𐑥𐑨𐑡𐑦𐑒𐑢𐑻𐑛𐑟	matches
land of Nod	NP0	RSSB	ˈlænd əv ˈnɒd	lænd V nɒd	𐑤𐑨𐑯𐑛 𐑩𐑝 𐑯𐑪𐑛	𐑤𐑨𐑯𐑛𐑝𐑯𐑪𐑛	divergent
land of Nod	NP0	GenAm	ˈlænd əv ˈnɒd	lænd V nɒd	𐑤𐑨𐑯𐑛 𐑩𐑝 𐑯𐑪𐑛	𐑤𐑨𐑯𐑛𐑝𐑯𐑪𐑛	divergent
any port in a storm	UNC	RSSB	eni pɔːRtɪnə stɔːRm	ˈeni pɔːRt ɪn ə stɔːRm	𐑧𐑯𐑦 𐑐𐑹𐑑𐑦𐑯𐑩 𐑕𐑑𐑹𐑥	𐑧𐑯𐑦𐑐𐑹𐑑𐑦𐑯𐑩𐑕𐑑𐑹𐑥	matches
any port in a storm	UNC	GenAm	eni ˈpɔːRtɪnə ˈstɔːRm	ˈeni pɔːRt ɪn ə stɔːRm	𐑧𐑯𐑦 𐑐𐑹𐑑𐑦𐑯𐑩 𐑕𐑑𐑹𐑥	𐑧𐑯𐑦𐑐𐑹𐑑𐑦𐑯𐑩𐑕𐑑𐑹𐑥	matches
sufficient unto the day is the evil thereof	UNC	RSSB	səˈfɪʃənt ˌʌntʊ ðə ˈdeɪ ɪz ðiː ˈiːvɪl ðeərɒv	səˈfɪʃənt ˈʌntuː Ð deɪ ɪz Ð ˈiːvəl ðeəˈrɒv	𐑕𐑩𐑓𐑦𐑖𐑩𐑯𐑑 𐑳𐑯𐑑𐑫 𐑞𐑩 𐑛𐑱 𐑦𐑟 𐑞𐑰 𐑰𐑝𐑦𐑤 𐑞𐑺𐑪𐑝	𐑕𐑩𐑓𐑦𐑖𐑩𐑯𐑑𐑳𐑯𐑑𐑵𐑞𐑛𐑱𐑦𐑟𐑞𐑰𐑝𐑩𐑤𐑞𐑺𐑪𐑝	divergent
sufficient unto the day is the evil thereof	UNC	GenAm	səˈfɪʃənt ˌʌntə ðə ˈdeɪ ɪz ði ˈivəl ðeˌrʌv	səˈfɪʃənt ˈʌntuː Ð deɪ ɪz Ð ˈiːvəl ðeəˈrɒv	𐑕𐑩𐑓𐑦𐑖𐑩𐑯𐑑 𐑳𐑯𐑑𐑩 𐑞𐑩 𐑛𐑱 𐑦𐑟 𐑞𐑦 𐑦𐑝𐑩𐑤 𐑞𐑧𐑮𐑳𐑝	𐑕𐑩𐑓𐑦𐑖𐑩𐑯𐑑𐑳𐑯𐑑𐑵𐑞𐑛𐑱𐑦𐑟𐑞𐑰𐑝𐑩𐑤𐑞𐑺𐑪𐑝	divergent
Nehru jacket	NN1	RSSB	neəruː ˈdʒækɪt		𐑯𐑺𐑵 𐑡𐑨𐑒𐑦𐑑		unknown
Nehru jacket	NN1	GenAm	ˈneɪru ˈdʒækɪt		𐑯𐑱𐑮𐑫 𐑡𐑨𐑒𐑦𐑑		unknown
halogen oven	NN1	GenAm	ˈhælədʒən ˈʌvən	ˈhælədʒən ˈʌvən	𐑣𐑨𐑤𐑩𐑡𐑩𐑯 𐑳𐑝𐑩𐑯	𐑣𐑨𐑤𐑩𐑡𐑩𐑯𐑳𐑝𐑩𐑯	matches
Commonwealth of the Bahamas	NP0	GenAm	ˈkɒmənwelθ əv ðə bəˈhɒməz	ˈkɒmənwelθ V Ð bəˈhɑːməz	𐑒𐑪𐑥𐑩𐑯𐑢𐑧𐑤𐑔 𐑩𐑝 𐑞𐑩 𐑚𐑩𐑣𐑪𐑥𐑩𐑟	𐑒𐑪𐑥𐑩𐑯𐑢𐑧𐑤𐑔𐑝𐑞𐑚𐑩𐑣𐑭𐑥𐑩𐑟	divergent
Commonwealth of the Bahamas	NP0	RSSB	ˈkɒmənwelθ əv ðə bəˈhɑːməz	ˈkɒmənwelθ V Ð bəˈhɑːməz	𐑒𐑪𐑥𐑩𐑯𐑢𐑧𐑤𐑔 𐑩𐑝 𐑞𐑩 𐑚𐑩𐑣𐑭𐑥𐑩𐑟	𐑒𐑪𐑥𐑩𐑯𐑢𐑧𐑤𐑔𐑝𐑞𐑚𐑩𐑣𐑭𐑥𐑩𐑟	divergent
choropleth map	NN1	RSSB	kɔːrəpleθ		𐑒𐑹𐑩𐑐𐑤𐑧𐑔		unknown
opere citato	AV0	RSSB	ˈɒpereɪ sɪˈtɑːtəʊ		𐑪𐑐𐑧𐑮𐑱 𐑕𐑦𐑑𐑭𐑑𐑴		unknown
operibus citatis	AV0	RSSB	ɒperɪbəs sɪˈtɑːtiːz		𐑪𐑐𐑧𐑮𐑦𐑚𐑩𐑕 𐑕𐑦𐑑𐑭𐑑𐑰𐑟		unknown
double dog dare	VVI	RSSB	ˌdʌbəl dɒɡ deəR	ˈdʌbəl dɒɡ deəR	𐑛𐑳𐑚𐑩𐑤 𐑛𐑪𐑜 𐑛𐑺	𐑛𐑳𐑚𐑩𐑤𐑛𐑪𐑜𐑛𐑺	matches
double dog dare	VVI	GenAm	ˌdʌbəl dɒɡ ˈdeər	ˈdʌbəl dɒɡ deəR	𐑛𐑳𐑚𐑩𐑤 𐑛𐑪𐑜 𐑛𐑺	𐑛𐑳𐑚𐑩𐑤𐑛𐑪𐑜𐑛𐑺	matches
double dog dare	NN1	RSSB	ˌdʌbəl dɒɡ deəR	ˈdʌbəl dɒɡ deəR	𐑛𐑳𐑚𐑩𐑤 𐑛𐑪𐑜 𐑛𐑺	𐑛𐑳𐑚𐑩𐑤𐑛𐑪𐑜𐑛𐑺	matches
double dog dare	NN1	GenAm	ˌdʌbəl dɒɡ ˈdeər	ˈdʌbəl dɒɡ deəR	𐑛𐑳𐑚𐑩𐑤 𐑛𐑪𐑜 𐑛𐑺	𐑛𐑳𐑚𐑩𐑤𐑛𐑪𐑜𐑛𐑺	matches
technological singularity	NN1	GenAm	ˌteknəˈlɒdʒɪkəl ˌsɪŋɡjəˈlerɪti	ˌteknəˈlɒdʒɪkəl ˌsɪŋɡjəˈlærɪti	𐑑𐑧𐑒𐑯𐑩𐑤𐑪𐑡𐑦𐑒𐑩𐑤 𐑕𐑦𐑙𐑜𐑘𐑩𐑤𐑧𐑮𐑦𐑑𐑦	𐑑𐑧𐑒𐑯𐑩𐑤𐑪𐑡𐑦𐑒𐑩𐑤𐑕𐑦𐑙𐑜𐑘𐑩𐑤𐑨𐑮𐑦𐑑𐑦	divergent
technological singularity	NN1	RSSB	ˌteknəˈlɒdʒɪkəəl ˌsɪŋɡjəˈlærɪti	ˌteknəˈlɒdʒɪkəl ˌsɪŋɡjəˈlærɪti	𐑑𐑧𐑒𐑯𐑩𐑤𐑪𐑡𐑦𐑒𐑩𐑩𐑤 𐑕𐑦𐑙𐑜𐑘𐑩𐑤𐑨𐑮𐑦𐑑𐑦	𐑑𐑧𐑒𐑯𐑩𐑤𐑪𐑡𐑦𐑒𐑩𐑤𐑕𐑦𐑙𐑜𐑘𐑩𐑤𐑨𐑮𐑦𐑑𐑦	divergent
pack journalism	NN1	RSSB	ˈpæk dʒəRːnəlɪzəm	pæk ˈdʒɜːRnəlɪzəm	𐑐𐑨𐑒 𐑡𐑼𐑯𐑩𐑤𐑦𐑟𐑩𐑥	𐑐𐑨𐑒𐑡𐑻𐑯𐑩𐑤𐑦𐑟𐑩𐑥	divergent
pack journalism	NN1	GenAm	ˈpæk ˈdʒɜːRnəlˌɪzəm	pæk ˈdʒɜːRnəlɪzəm	𐑐𐑨𐑒 𐑡𐑻𐑯𐑩𐑤𐑦𐑟𐑩𐑥	𐑐𐑨𐑒𐑡𐑻𐑯𐑩𐑤𐑦𐑟𐑩𐑥	matches
Sally Lunn	NN1	RSSB	ˌsali ˈlʌn		𐑕𐑨𐑤𐑦 𐑤𐑳𐑯		unknown
abortus fever	NN1	GenAm	əˈbɔːRtəs ˈfivəR	əˈbɔːRtəs ˈfiːvəR	𐑩𐑚𐑹𐑑𐑩𐑕 𐑓𐑦𐑝𐑼	𐑩𐑚𐑹𐑑𐑩𐑕𐑓𐑰𐑝𐑼	divergent
Lhasa apso	NN1	GenAm	ˈlɑːsə ˈæpsoʊ		𐑤𐑭𐑕𐑩 𐑨𐑐𐑕𐑴		unknown
Red Eye	NN1	RSSB	ˈredaɪ	red aɪ	𐑮𐑧𐑛𐑲	𐑮𐑧𐑛𐑲	matches
Red Eye	NN1	GenAm	ˈredˌaɪ	red aɪ	𐑮𐑧𐑛𐑲	𐑮𐑧𐑛𐑲	matches
gamma radiation	NN1	GenAm	ˈɡæmːə reɪːdieɪːʃən	ˈɡæmə ˌreɪdɪˈeɪʃən	𐑜𐑨𐑥𐑩 𐑮𐑱𐑛𐑦𐑱𐑖𐑩𐑯	𐑜𐑨𐑥𐑩𐑮𐑱𐑛𐑦𐑱𐑖𐑩𐑯	matches
electronic cigarette	NN1	GenAm	ɪˌlekˈtrɒnɪk ˈsɪɡəˌret	ˌɪlekˈtrɒnɪk ˌsɪɡəˈret	𐑦𐑤𐑧𐑒𐑑𐑮𐑪𐑯𐑦𐑒 𐑕𐑦𐑜𐑼𐑧𐑑	𐑦𐑤𐑧𐑒𐑑𐑮𐑪𐑯𐑦𐑒𐑕𐑦𐑜𐑼𐑧𐑑	matches
good sense	NN1	RSSB	ˌɡʊd ˈsents	ɡʊd sens	𐑜𐑫𐑛 𐑕𐑧𐑯𐑑𐑕	𐑜𐑫𐑛𐑕𐑧𐑯𐑕	divergent
good sense	NN1	GenAm	ˌɡʊd ˈsens	ɡʊd sens	𐑜𐑫𐑛 𐑕𐑧𐑯𐑕	𐑜𐑫𐑛𐑕𐑧𐑯𐑕	matches
spell off	VVI	GenAm	ˌspel ˈɒf	spel ɒf	𐑕𐑐𐑧𐑤 𐑪𐑓	𐑕𐑐𐑧𐑤𐑪𐑓	matches
spell off	VVI	RSSB	ˌspel ˈɒf	spel ɒf	𐑕𐑐𐑧𐑤 𐑪𐑓	𐑕𐑐𐑧𐑤𐑪𐑓	matches
spell off	NN1	GenAm	ˈspelˌɒf	spel ɒf	𐑕𐑐𐑧𐑤𐑪𐑓	𐑕𐑐𐑧𐑤𐑪𐑓	matches
spell off	NN1	RSSB	ˈspelˌɒf	spel ɒf	𐑕𐑐𐑧𐑤𐑪𐑓	𐑕𐑐𐑧𐑤𐑪𐑓	matches
eau de Cologne	NN1	RSSB	ˌəʊ də kəˈləʊn		𐑴 𐑛𐑩 𐑒𐑩𐑤𐑴𐑯		unknown
in fine fettle	UNC	RSSB	ɪn ˌfaɪn ˈfetəl	ɪn faɪn ˈfetəl	𐑦𐑯 𐑓𐑲𐑯 𐑓𐑧𐑑𐑩𐑤	𐑦𐑯𐑓𐑲𐑯𐑓𐑧𐑑𐑩𐑤	matches
in fine fettle	UNC	GenAm	ɪn ˌfaɪn ˈfetəl	ɪn faɪn ˈfetəl	𐑦𐑯 𐑓𐑲𐑯 𐑓𐑧𐑑𐑩𐑤	𐑦𐑯𐑓𐑲𐑯𐑓𐑧𐑑𐑩𐑤	matches
get a word in edgewise	VVI	RSSB	ˌɡet ə wɜːRd ɪn ˈedʒwaɪz	ɡet ə wɜːRd ɪn ˈedʒwaɪz	𐑜𐑧𐑑 𐑩 𐑢𐑻𐑛 𐑦𐑯 𐑧𐑡𐑢𐑲𐑟	𐑜𐑧𐑑𐑩𐑢𐑻𐑛𐑦𐑯𐑧𐑡𐑢𐑲𐑟	matches
get a word in edgewise	VVI	GenAm	ˌɡet ə ˈwɜːRd ɪn ˈedʒwaɪz	ɡet ə wɜːRd ɪn ˈedʒwaɪz	𐑜𐑧𐑑 𐑩 𐑢𐑻𐑛 𐑦𐑯 𐑧𐑡𐑢𐑲𐑟	𐑜𐑧𐑑𐑩𐑢𐑻𐑛𐑦𐑯𐑧𐑡𐑢𐑲𐑟	matches
paradoxical frog	NN1	RSSB	pærədɒksɪkəl frɒɡ	ˌpærəˈdɒksɪkəl frɒɡ	𐑐𐑨𐑮𐑩𐑛𐑪𐑒𐑕𐑦𐑒𐑩𐑤 𐑓𐑮𐑪𐑜	𐑐𐑨𐑮𐑩𐑛𐑪𐑒𐑕𐑦𐑒𐑩𐑤𐑓𐑮𐑪𐑜	matches
paradoxical frog	NN1	GenAm	ˌperəˈdɑːksɪkəl frɒɡ	ˌpærəˈdɒksɪkəl frɒɡ	𐑐𐑧𐑮𐑩𐑛𐑭𐑒𐑕𐑦𐑒𐑩𐑤 𐑓𐑮𐑪𐑜	𐑐𐑨𐑮𐑩𐑛𐑪𐑒𐑕𐑦𐑒𐑩𐑤𐑓𐑮𐑪𐑜	divergent
pass up	VVI	RSSB	pɑːs ˈʌp	pⱭːs ʌp	𐑐𐑭𐑕 𐑳𐑐	𐑐𐑭𐑕𐑳𐑐	matches
plat du jour	NN1	RSSB	ˌplɑː duː ʒʊəR		𐑐𐑤𐑭 𐑛𐑵 𐑠𐑫𐑼		unknown
plat du jour	NN1	GenAm	ˌplɒ də ˈʒʊr		𐑐𐑤𐑪 𐑛𐑩 𐑠𐑫𐑮		unknown
plat du jour	NN1	GenAm	ˌplɒ du ˈʒʊr		𐑐𐑤𐑪 𐑛𐑫 𐑠𐑫𐑮		unknown
Caesar cipher	NN1	GenAm	ˈsizər ˈsaɪfər	ˈsiːzəR ˈsaɪfəR	𐑕𐑦𐑟𐑼 𐑕𐑲𐑓𐑼	𐑕𐑰𐑟𐑼𐑕𐑲𐑓𐑼	divergent
orbicularis oculi	NN1	RSSB	ɔːRbɪkjəlɑːrɪs ˈɒkjəlʌɪ		𐑹𐑚𐑦𐑒𐑘𐑩𐑤𐑸𐑦𐑕 𐑪𐑒𐑘𐑩𐑤𐑳𐑦		unknown
orbicularis oculi	NN1	RSSB	ɔːRbɪkjəlɑːrɪs ˈɒkjəli		𐑹𐑚𐑦𐑒𐑘𐑩𐑤𐑸𐑦𐑕 𐑪𐑒𐑘𐑩𐑤𐑦		unknown
orbicularis oculi	NN1	GenAm	ɔːRˌbɪkjəˌlerɪs ˈɒkjəˌlaɪ	ɔːRˌbɪkjəˈlerɪs ˈɒkjəˌlaɪ	𐑹𐑚𐑦𐑒𐑘𐑩𐑤𐑧𐑮𐑦𐑕 𐑪𐑒𐑘𐑩𐑤𐑲	𐑹𐑚𐑦𐑒𐑘𐑩𐑤𐑧𐑮𐑦𐑕𐑪𐑒𐑘𐑩𐑤𐑲	matches
corrugator supercilii	NN1	GenAm	ˈkɔːRəˌɡeɪtəR ˌsupəRˈsɪliˌaɪ		𐑒𐑹𐑩𐑜𐑱𐑑𐑼 𐑕𐑫𐑐𐑼𐑕𐑦𐑤𐑦𐑲		unknown
levator palpebrae superioris	NN1	GenAm	lɪˈveɪtəR pælˌpiˌbri sʊˌpɪriˈɔːRɪs		𐑤𐑦𐑝𐑱𐑑𐑼 𐑐𐑨𐑤𐑐𐑦𐑚𐑮𐑦 𐑕𐑫𐑐𐑦𐑮𐑦𐑹𐑦𐑕		unknown
tensor tympani	NN1	GenAm	ˌtensəR ˈtɪmpəˌnaɪ		𐑑𐑧𐑯𐑕𐑼 𐑑𐑦𐑥𐑐𐑩𐑯𐑲		unknown
levator labii superioris alaeque nasi	NN1	GenAm	lɪˈveɪtəR ˌleɪbiˌaɪ sʊˌpɪriˈɔːRɪs əˌliˌkwi ˈneɪˌzaɪ		𐑤𐑦𐑝𐑱𐑑𐑼 𐑤𐑱𐑚𐑦𐑲 𐑕𐑫𐑐𐑦𐑮𐑦𐑹𐑦𐑕 𐑩𐑤𐑦𐑒𐑢𐑦 𐑯𐑱𐑟𐑲		unknown
Charlie Brown tree	NN1	RSSB	tʃɑːRli braʊn ˈtriː	ˈtʃɑːRli braʊn triː	𐑗𐑸𐑤𐑦 𐑚𐑮𐑬𐑯 𐑑𐑮𐑰	𐑗𐑸𐑤𐑦𐑚𐑮𐑬𐑯𐑑𐑮𐑰	matches
Charlie Brown tree	NN1	GenAm	ˈtʃɑːRli braʊn ˈtri	ˈtʃɑːRli braʊn triː	𐑗𐑸𐑤𐑦 𐑚𐑮𐑬𐑯 𐑑𐑮𐑦	𐑗𐑸𐑤𐑦𐑚𐑮𐑬𐑯𐑑𐑮𐑰	divergent
like turkeys voting for Christmas	UNC	RSSB	laɪk tɜːRkiz ˈvəʊtɪŋ fəR krɪsməs	laɪk ˈtɜːRkiz ˈvəʊtɪŋ F ˈkrɪsməs	𐑤𐑲𐑒 𐑑𐑻𐑒𐑦𐑟 𐑝𐑴𐑑𐑦𐑙 𐑓𐑼 𐑒𐑮𐑦𐑕𐑥𐑩𐑕	𐑤𐑲𐑒𐑑𐑻𐑒𐑦𐑟𐑝𐑴𐑑𐑦𐑙𐑓𐑒𐑮𐑦𐑕𐑥𐑩𐑕	divergent
like turkeys voting for Christmas	UNC	GenAm	laɪk ˌtɜːRkiz ˈvoʊtɪŋ fəR ˈkrɪsməs	laɪk ˈtɜːRkiz ˈvəʊtɪŋ F ˈkrɪsməs	𐑤𐑲𐑒 𐑑𐑻𐑒𐑦𐑟 𐑝𐑴𐑑𐑦𐑙 𐑓𐑼 𐑒𐑮𐑦𐑕𐑥𐑩𐑕	𐑤𐑲𐑒𐑑𐑻𐑒𐑦𐑟𐑝𐑴𐑑𐑦𐑙𐑓𐑒𐑮𐑦𐑕𐑥𐑩𐑕	divergent
like turkeys voting for an early Christmas	UNC	RSSB	laɪk tɜːRkiz vəʊtɪŋ fəRRən ɜːRli krɪsməs	laɪk ˈtɜːRkiz ˈvəʊtɪŋ F ən ˈɜːRli ˈkrɪsməs	𐑤𐑲𐑒 𐑑𐑻𐑒𐑦𐑟 𐑝𐑴𐑑𐑦𐑙 𐑓𐑼𐑮𐑩𐑯 𐑻𐑤𐑦 𐑒𐑮𐑦𐑕𐑥𐑩𐑕	𐑤𐑲𐑒𐑑𐑻𐑒𐑦𐑟𐑝𐑴𐑑𐑦𐑙𐑓𐑩𐑯𐑻𐑤𐑦𐑒𐑮𐑦𐑕𐑥𐑩𐑕	divergent
like turkeys voting for an early Christmas	UNC	GenAm	laɪk ˌtɜːRkiz ˈvoʊtɪŋ fəRən ˌɜːRli ˈkrɪsməs	laɪk ˈtɜːRkiz ˈvəʊtɪŋ F ən ˈɜːRli ˈkrɪsməs	𐑤𐑲𐑒 𐑑𐑻𐑒𐑦𐑟 𐑝𐑴𐑑𐑦𐑙 𐑓𐑼𐑩𐑯 𐑻𐑤𐑦 𐑒𐑮𐑦𐑕𐑥𐑩𐑕	𐑤𐑲𐑒𐑑𐑻𐑒𐑦𐑟𐑝𐑴𐑑𐑦𐑙𐑓𐑩𐑯𐑻𐑤𐑦𐑒𐑮𐑦𐑕𐑥𐑩𐑕	divergent
poetry in motion	NN1	RSSB	ˈpəʊɪtri ɪn ˈməʊʃən	ˈpəʊətri ɪn ˈməʊʃən	𐑐𐑴𐑦𐑑𐑮𐑦 𐑦𐑯 𐑥𐑴𐑖𐑩𐑯	𐑐𐑴𐑩𐑑𐑮𐑦𐑦𐑯𐑥𐑴𐑖𐑩𐑯	matches
poetry in motion	NN1	GenAm	ˈpoʊətri ən ˈmoʊʃən	ˈpəʊətri ɪn ˈməʊʃən	𐑐𐑴𐑩𐑑𐑮𐑦 𐑩𐑯 𐑥𐑴𐑖𐑩𐑯	𐑐𐑴𐑩𐑑𐑮𐑦𐑦𐑯𐑥𐑴𐑖𐑩𐑯	matches
what say you	UNC	RSSB	ˌhwɒt seɪ ˈjuː	ʍɒt seɪ juː	𐑣𐑢𐑪𐑑 𐑕𐑱 𐑿	𐑢𐑪𐑑𐑕𐑱𐑿	divergent
what say you	UNC	GenAm	ˌhwʌt seɪ ˈju	ʍʌt seɪ juː	𐑣𐑢𐑳𐑑 𐑕𐑱 𐑘𐑫	𐑢𐑳𐑑𐑕𐑱𐑿	divergent
a short drop and a sudden stop	NN1	RSSB	ə ˌʃɔr ˈdrɒp ən ə ˌsʌdən ˈstɒp	ə ʃɔːRt drɒp N ə ˈsʌdən stɒp	𐑩 𐑖𐑷𐑮 𐑛𐑮𐑪𐑐 𐑩𐑯 𐑩 𐑕𐑳𐑛𐑩𐑯 𐑕𐑑𐑪𐑐	𐑩𐑖𐑹𐑑𐑛𐑮𐑪𐑐𐑯𐑩𐑕𐑳𐑛𐑩𐑯𐑕𐑑𐑪𐑐	divergent
sinking feeling	NN1	RSSB	ˌsɪŋkɪŋ ˈfiːlɪŋ	ˈsɪŋkɪŋ ˈfiːlɪŋ	𐑕𐑦𐑙𐑒𐑦𐑙 𐑓𐑰𐑤𐑦𐑙	𐑕𐑦𐑙𐑒𐑦𐑙𐑓𐑰𐑤𐑦𐑙	matches
sinking feeling	NN1	GenAm	ˌsɪŋkɪŋ ˈfilɪŋ	ˈsɪŋkɪŋ ˈfiːlɪŋ	𐑕𐑦𐑙𐑒𐑦𐑙 𐑓𐑦𐑤𐑦𐑙	𐑕𐑦𐑙𐑒𐑦𐑙𐑓𐑰𐑤𐑦𐑙	divergent
German Sea	NP0	RSSB	dʒɜːRmən ˈsiː	ˈdʒɜːRmən siː	𐑡𐑻𐑥𐑩𐑯 𐑕𐑰	𐑡𐑻𐑥𐑩𐑯𐑕𐑰	matches
trial balloon	NN1	RSSB	traɪəl bəˈluːn	ˈtraɪəl bəˈluːn	𐑑𐑮𐑲𐑩𐑤 𐑚𐑩𐑤𐑵𐑯	𐑑𐑮𐑲𐑩𐑤𐑚𐑩𐑤𐑵𐑯	matches
trial balloon	NN1	GenAm	ˌtraɪəl bəˈlun	ˈtraɪəl bəˈluːn	𐑑𐑮𐑲𐑩𐑤 𐑚𐑩𐑤𐑫𐑯	𐑑𐑮𐑲𐑩𐑤𐑚𐑩𐑤𐑵𐑯	divergent
fall at the last hurdle	VVI	RSSB	ˈfɔːl æt ðə ˌlɑːst hɜːRdəl	fɔːl æt Ð lⱭːst ˈhɜːRdəl	𐑓𐑷𐑤 𐑨𐑑 𐑞𐑩 𐑤𐑭𐑕𐑑 𐑣𐑻𐑛𐑩𐑤	𐑓𐑷𐑤𐑨𐑑𐑞𐑤𐑭𐑕𐑑𐑣𐑻𐑛𐑩𐑤	divergent
fall at the last hurdle	VVI	GenAm	ˈfɒl æt ðə ˌlæst ˈhɜːRdəl	fɔːl æt Ð lⱭːst ˈhɜːRdəl	𐑓𐑪𐑤 𐑨𐑑 𐑞𐑩 𐑤𐑨𐑕𐑑 𐑣𐑻𐑛𐑩𐑤	𐑓𐑷𐑤𐑨𐑑𐑞𐑤𐑭𐑕𐑑𐑣𐑻𐑛𐑩𐑤	divergent
fall at the final hurdle	VVI	RSSB	ˈfɔːl æt ðə ˌfaɪnəl hɜːRdəl	fɔːl æt Ð ˈfaɪnəl ˈhɜːRdəl	𐑓𐑷𐑤 𐑨𐑑 𐑞𐑩 𐑓𐑲𐑯𐑩𐑤 𐑣𐑻𐑛𐑩𐑤	𐑓𐑷𐑤𐑨𐑑𐑞𐑓𐑲𐑯𐑩𐑤𐑣𐑻𐑛𐑩𐑤	divergent
fall at the final hurdle	VVI	GenAm	ˈfɒl æt ðə ˌfaɪnəl ˈhɜːRdəl	fɔːl æt Ð ˈfaɪnəl ˈhɜːRdəl	𐑓𐑪𐑤 𐑨𐑑 𐑞𐑩 𐑓𐑲𐑯𐑩𐑤 𐑣𐑻𐑛𐑩𐑤	𐑓𐑷𐑤𐑨𐑑𐑞𐑓𐑲𐑯𐑩𐑤𐑣𐑻𐑛𐑩𐑤	divergent
aminosalicylic acid	NN1	GenAm	əˌminoʊˌsælɪˌsɪlɪk ˈæsƏd		𐑩𐑥𐑦𐑯𐑴𐑕𐑨𐑤𐑦𐑕𐑦𐑤𐑦𐑒 𐑨𐑕𐑩𐑛		unknown
isethionic acid	NN1	RSSB	ʌɪˌsiːθiˌɒnɪk ˈasƏd		𐑳𐑦𐑕𐑰𐑔𐑦𐑪𐑯𐑦𐑒 𐑨𐑕𐑩𐑛		unknown
isethionic acid	NN1	GenAm	ˌaɪsiθiˌɒnɪk ˈæsƏd		𐑲𐑕𐑦𐑔𐑦𐑪𐑯𐑦𐑒 𐑨𐑕𐑩𐑛		unknown
scramble competition	NN1	GenAm	skræmbəl kɒmpətɪʃən	ˈskræmbəl ˌkɒmpəˈtɪʃən	𐑕𐑒𐑮𐑨𐑥𐑚𐑩𐑤 𐑒𐑪𐑥𐑐𐑩𐑑𐑦𐑖𐑩𐑯	𐑕𐑒𐑮𐑨𐑥𐑚𐑩𐑤𐑒𐑪𐑥𐑐𐑩𐑑𐑦𐑖𐑩𐑯	matches
hats off	ITJ	RSSB	hætsˈɒf	hæts ɒf	𐑣𐑨𐑑𐑕𐑪𐑓	𐑣𐑨𐑑𐑕𐑪𐑓	matches
hats off	ITJ	GenAm	hætsˈɒf	hæts ɒf	𐑣𐑨𐑑𐑕𐑪𐑓	𐑣𐑨𐑑𐑕𐑪𐑓	matches
on the horns of a dilemma	UNC	RSSB	ɒnðəR hɔːRnzəvə daɪlemə	ɒn Ð hɔːRnz V ə dɪˈlemə	𐑪𐑯𐑞𐑼 𐑣𐑹𐑯𐑟𐑩𐑝𐑩 𐑛𐑲𐑤𐑧𐑥𐑩	𐑪𐑯𐑞𐑣𐑹𐑯𐑟𐑝𐑩𐑛𐑦𐑤𐑧𐑥𐑩	divergent
on the horns of a dilemma	UNC	RSSB	ɑːnðəR hɔrnzəvə daɪlemə	ɒn Ð hɔːRnz V ə dɪˈlemə	𐑭𐑯𐑞𐑼 𐑣𐑷𐑮𐑯𐑟𐑩𐑝𐑩 𐑛𐑲𐑤𐑧𐑥𐑩	𐑪𐑯𐑞𐑣𐑹𐑯𐑟𐑝𐑩𐑛𐑦𐑤𐑧𐑥𐑩	divergent
partial false friend	NN1	GenAm	ˈpɑːRʃəl fɒls frend	ˈpɑːRʃəl fɔːls frend	𐑐𐑸𐑖𐑩𐑤 𐑓𐑪𐑤𐑕 𐑓𐑮𐑧𐑯𐑛	𐑐𐑸𐑖𐑩𐑤𐑓𐑷𐑤𐑕𐑓𐑮𐑧𐑯𐑛	divergent
partial false friend	NN1	RSSB	pɑːRʃəl fɔːls frend	ˈpɑːRʃəl fɔːls frend	𐑐𐑸𐑖𐑩𐑤 𐑓𐑷𐑤𐑕 𐑓𐑮𐑧𐑯𐑛	𐑐𐑸𐑖𐑩𐑤𐑓𐑷𐑤𐑕𐑓𐑮𐑧𐑯𐑛	matches
ab origine	AJ0	GenAm	æb əˈrɪdʒɪni		𐑨𐑚 𐑼𐑦𐑡𐑦𐑯𐑦		unknown
ab origine	AJ0	GenAm	æb əˈrɪdʒəni		𐑨𐑚 𐑼𐑦𐑡𐑩𐑯𐑦		unknown
splash page	NN1	RSSB	splæʃ peɪdʒ	splæʃ peɪdʒ	𐑕𐑐𐑤𐑨𐑖 𐑐𐑱𐑡	𐑕𐑐𐑤𐑨𐑖𐑐𐑱𐑡	matches
splash page	NN1	RSSB	splaʃ peɪdʒ	splæʃ peɪdʒ	𐑕𐑐𐑤𐑨𐑖 𐑐𐑱𐑡	𐑕𐑐𐑤𐑨𐑖𐑐𐑱𐑡	matches
splash page	NN1	GenAm	splæʃ peɪdʒ	splæʃ peɪdʒ	𐑕𐑐𐑤𐑨𐑖 𐑐𐑱𐑡	𐑕𐑐𐑤𐑨𐑖𐑐𐑱𐑡	matches
home sweet home	ITJ	RSSB	həʊm swiːt həʊm	həʊm swiːt həʊm	𐑣𐑴𐑥 𐑕𐑢𐑰𐑑 𐑣𐑴𐑥	𐑣𐑴𐑥𐑕𐑢𐑰𐑑𐑣𐑴𐑥	matches
home sweet home	ITJ	GenAm	hoʊm swiːt hoʊm	həʊm swiːt həʊm	𐑣𐑴𐑥 𐑕𐑢𐑰𐑑 𐑣𐑴𐑥	𐑣𐑴𐑥𐑕𐑢𐑰𐑑𐑣𐑴𐑥	matches
home sweet home	NN1	RSSB	həʊm swiːt həʊm	həʊm swiːt həʊm	𐑣𐑴𐑥 𐑕𐑢𐑰𐑑 𐑣𐑴𐑥	𐑣𐑴𐑥𐑕𐑢𐑰𐑑𐑣𐑴𐑥	matches
home sweet home	NN1	GenAm	hoʊm swiːt hoʊm	həʊm swiːt həʊm	𐑣𐑴𐑥 𐑕𐑢𐑰𐑑 𐑣𐑴𐑥	𐑣𐑴𐑥𐑕𐑢𐑰𐑑𐑣𐑴𐑥	matches
ride down	VVI	GenAm	ˈraɪd daʊn	raɪd daʊn	𐑮𐑲𐑛 𐑛𐑬𐑯	𐑮𐑲𐑛𐑛𐑬𐑯	matches
walking carpet	NN1	RSSB	ˈwɔːkɪŋ kɑːRpɪt	ˈwɔːkɪŋ ˈkɑːRpIt	𐑢𐑷𐑒𐑦𐑙 𐑒𐑸𐑐𐑦𐑑	𐑢𐑷𐑒𐑦𐑙𐑒𐑸𐑐𐑩𐑑	matches
walking carpet	NN1	GenAm	ˈwɒkɪŋ ˈkɑːRpɪt	ˈwɔːkɪŋ ˈkɑːRpIt	𐑢𐑪𐑒𐑦𐑙 𐑒𐑸𐑐𐑦𐑑	𐑢𐑷𐑒𐑦𐑙𐑒𐑸𐑐𐑩𐑑	divergent
Sea of Okhotsk	NP0	RSSB	ˌsiː əv əˈxɒtsk		𐑕𐑰 𐑩𐑝 𐑩𐑒𐑪𐑑𐑕𐑒		unknown
absolute time	NN1	GenAm	ˈæbsəˌlut taɪm	ˈæbsəluːt taɪm	𐑨𐑚𐑕𐑩𐑤𐑫𐑑 𐑑𐑲𐑥	𐑨𐑚𐑕𐑩𐑤𐑵𐑑𐑑𐑲𐑥	divergent
absolute time	NN1	GenAm	ˌæbsəˈljut taɪm	ˈæbsəluːt taɪm	𐑨𐑚𐑕𐑩𐑤𐑘𐑫𐑑 𐑑𐑲𐑥	𐑨𐑚𐑕𐑩𐑤𐑵𐑑𐑑𐑲𐑥	divergent
bel esprit	NN1	RSSB	beleˈspri		𐑚𐑧𐑤𐑧𐑕𐑐𐑮𐑦		unknown
lexical analysis	NN1	GenAm	ˈleksɪkəl əˈnæləsɪs	ˈleksɪkəl əˈnæləsɪs	𐑤𐑧𐑒𐑕𐑦𐑒𐑩𐑤 𐑩𐑯𐑨𐑤𐑩𐑕𐑦𐑕	𐑤𐑧𐑒𐑕𐑦𐑒𐑩𐑤𐑩𐑯𐑨𐑤𐑩𐑕𐑦𐑕	matches
shit stain	NN1	GenAm	ˈʃɪt steɪn	ʃɪt steɪn	𐑖𐑦𐑑 𐑕𐑑𐑱𐑯	𐑖𐑦𐑑𐑕𐑑𐑱𐑯	matches
do not want	UNC	GenAm	ˈdu ˈnɒt ˈwɒnt	duː nɒt wɒnt	𐑛𐑫 𐑯𐑪𐑑 𐑢𐑪𐑯𐑑	𐑛𐑵𐑯𐑪𐑑𐑢𐑪𐑯𐑑	divergent
do not want	UNC	GenAm	ˈwʌnt	duː nɒt wɒnt	𐑢𐑳𐑯𐑑	𐑛𐑵𐑯𐑪𐑑𐑢𐑪𐑯𐑑	divergent
do not want	UNC	GenAm	ˈwɒnt	duː nɒt wɒnt	𐑢𐑪𐑯𐑑	𐑛𐑵𐑯𐑪𐑑𐑢𐑪𐑯𐑑	divergent
Paschal Lamb	NN1	RSSB	ˈpæskəl ˈlæm	ˈpæskəl læm	𐑐𐑨𐑕𐑒𐑩𐑤 𐑤𐑨𐑥	𐑐𐑨𐑕𐑒𐑩𐑤𐑤𐑨𐑥	matches
Paschal Lamb	NN1	GenAm	ˈpæskəl ˈlæm	ˈpæskəl læm	𐑐𐑨𐑕𐑒𐑩𐑤 𐑤𐑨𐑥	𐑐𐑨𐑕𐑒𐑩𐑤𐑤𐑨𐑥	matches
Paschal Lamb	NN1	RSSB	ˈpɑːskəl ˈlæm	ˈpæskəl læm	𐑐𐑭𐑕𐑒𐑩𐑤 𐑤𐑨𐑥	𐑐𐑨𐑕𐑒𐑩𐑤𐑤𐑨𐑥	matches
allegro ma non troppo	NN1	GenAm	əˈleɡro		𐑩𐑤𐑧𐑜𐑮𐑪		unknown
allegro ma non troppo	AV0	GenAm	əˈleɡro		𐑩𐑤𐑧𐑜𐑮𐑪		unknown
allegro ma non troppo	AJ0	GenAm	əˈleɡro		𐑩𐑤𐑧𐑜𐑮𐑪		unknown
eau de vie	NN1	RSSB	ˌəʊdəˈviː		𐑴𐑛𐑩𐑝𐑰		unknown
eau de vie	NN1	GenAm	ˌoʊdəˈviː	oʊ də vaɪ	𐑴𐑛𐑩𐑝𐑰	𐑴𐑛𐑩𐑝𐑲	divergent
absolute space	NN1	GenAm	ˈæbsəˌlut speɪs	ˈæbsəluːt speɪs	𐑨𐑚𐑕𐑩𐑤𐑫𐑑 𐑕𐑐𐑱𐑕	𐑨𐑚𐑕𐑩𐑤𐑵𐑑𐑕𐑐𐑱𐑕	divergent
absolute space	NN1	GenAm	ˌæbsəˈljut speɪs	ˈæbsəluːt speɪs	𐑨𐑚𐑕𐑩𐑤𐑘𐑫𐑑 𐑕𐑐𐑱𐑕	𐑨𐑚𐑕𐑩𐑤𐑵𐑑𐑕𐑐𐑱𐑕	divergent
fairy snuff	ITJ	RSSB	feərɪsnʌf	ˈfeəri snʌf	𐑓𐑺𐑦𐑕𐑯𐑳𐑓	𐑓𐑺𐑦𐑕𐑯𐑳𐑓	matches
vieux jeu	AJ0	RSSB	vjəˈʒə		𐑝𐑘𐑩𐑠𐑩		unknown
fever pitch	NN1	RSSB	fiːvəR pɪtʃ	ˈfiːvəR pɪtʃ	𐑓𐑰𐑝𐑼 𐑐𐑦𐑗	𐑓𐑰𐑝𐑼𐑐𐑦𐑗	matches
fever pitch	NN1	GenAm	ˈfivəR pɪtʃ	ˈfiːvəR pɪtʃ	𐑓𐑦𐑝𐑼 𐑐𐑦𐑗	𐑓𐑰𐑝𐑼𐑐𐑦𐑗	divergent
full circle	NN1	RSSB	ˌfʊl sɜːRkəl	fʊl ˈsɜːRkəl	𐑓𐑫𐑤 𐑕𐑻𐑒𐑩𐑤	𐑓𐑫𐑤𐑕𐑻𐑒𐑩𐑤	matches
full circle	NN1	RSSB	ˌfʊl sɜːRRkəl	fʊl ˈsɜːRkəl	𐑓𐑫𐑤 𐑕𐑻𐑮𐑒𐑩𐑤	𐑓𐑫𐑤𐑕𐑻𐑒𐑩𐑤	divergent
full circle	AV0	RSSB	ˌfʊl sɜːRkəl	fʊl ˈsɜːRkəl	𐑓𐑫𐑤 𐑕𐑻𐑒𐑩𐑤	𐑓𐑫𐑤𐑕𐑻𐑒𐑩𐑤	matches
full circle	AV0	RSSB	ˌfʊl sɜːRRkəl	fʊl ˈsɜːRkəl	𐑓𐑫𐑤 𐑕𐑻𐑮𐑒𐑩𐑤	𐑓𐑫𐑤𐑕𐑻𐑒𐑩𐑤	divergent
what's your poison	UNC	RSSB	ˌwɒts jəR ˈpɔɪzən	ʍɒts jɔːR ˈpɔɪzən	𐑢𐑪𐑑𐑕 𐑘𐑼 𐑐𐑶𐑟𐑩𐑯	𐑢𐑪𐑑𐑕𐑘𐑹𐑐𐑶𐑟𐑩𐑯	divergent
what's your poison	UNC	GenAm	ˌhwʌts jər ˈpɔɪzən	ʍʌts jɔːR ˈpɔɪzən	𐑣𐑢𐑳𐑑𐑕 𐑘𐑼 𐑐𐑶𐑟𐑩𐑯	𐑢𐑳𐑑𐑕𐑘𐑹𐑐𐑶𐑟𐑩𐑯	divergent
mari complaisant	NN1	RSSB	ˌmari ˈkɒmplezɒ		𐑥𐑨𐑮𐑦 𐑒𐑪𐑥𐑐𐑤𐑧𐑟𐑪		unknown
mari complaisant	NN1	RSSB	ˌmari kɒmpleˈzɒ		𐑥𐑨𐑮𐑦 𐑒𐑪𐑥𐑐𐑤𐑧𐑟𐑪		unknown
mari complaisant	NN1	GenAm	məˌri kɒmpleˈzɒnt	ˈmɑːRi kəmˈpleɪzənt	𐑥𐑼𐑦 𐑒𐑪𐑥𐑐𐑤𐑧𐑟𐑪𐑯𐑑	𐑥𐑸𐑦𐑒𐑩𐑥𐑐𐑤𐑱𐑟𐑩𐑯𐑑	divergent
na-na na-na boo-boo	UNC	GenAm	ˈnæːnəˌnæːnə ˈbuːˌbuː		𐑯𐑨𐑯𐑩𐑯𐑨𐑯𐑩 𐑚𐑵𐑚𐑵		unknown
spontaneous abortion	NN1	GenAm	spɒnˈteɪnijəs əˈborʃɪn	spɒnˈteɪnɪəs əˈbɔːRʃən	𐑕𐑐𐑪𐑯𐑑𐑱𐑯𐑦𐑘𐑩𐑕 𐑩𐑚𐑪𐑮𐑖𐑦𐑯	𐑕𐑐𐑪𐑯𐑑𐑱𐑯𐑾𐑕𐑩𐑚𐑹𐑖𐑩𐑯	divergent
veggie burger	NN1	GenAm	ˈvedʒijˈbrɡr	ˈvedʒi ˈbɜːRɡəR	𐑝𐑧𐑡𐑦𐑘𐑚𐑮𐑜𐑮	𐑝𐑧𐑡𐑦𐑚𐑻𐑜𐑼	divergent
cook someone's goose	VVI	RSSB	ˈkʊk ˌsʌmwʌnz ˈɡuːs		𐑒𐑫𐑒 𐑕𐑳𐑥𐑢𐑳𐑯𐑟 𐑜𐑵𐑕		unknown
cook someone's goose	VVI	GenAm	ˈkʊk ˌsʌmwʌnz ˈɡus		𐑒𐑫𐑒 𐑕𐑳𐑥𐑢𐑳𐑯𐑟 𐑜𐑫𐑕		unknown
Sturm und Drang	NN1	RSSB	ʃtɜːRm ʊnt ˈdræŋ		𐑖𐑑𐑻𐑥 𐑫𐑯𐑑 𐑛𐑮𐑨𐑙		unknown
Sturm und Drang	NN1	GenAm	ˈʃtɜːRm ʊnt ˈdræŋ		𐑖𐑑𐑻𐑥 𐑫𐑯𐑑 𐑛𐑮𐑨𐑙		unknown
Sturm und Drang	NN1	GenAm	ˈʃtʊəRm ʊnt ˈdrɒŋ		𐑖𐑑𐑫𐑼𐑥 𐑫𐑯𐑑 𐑛𐑮𐑪𐑙		unknown
fat finger	NN1	RSSB	ˈfæt fɪŋɡəR	fæt ˈfɪŋɡəR	𐑓𐑨𐑑 𐑓𐑦𐑙𐑜𐑼	𐑓𐑨𐑑𐑓𐑦𐑙𐑜𐑼	matches
fat finger	NN1	GenAm	ˈfæt ˈfɪŋɡəR	fæt ˈfɪŋɡəR	𐑓𐑨𐑑 𐑓𐑦𐑙𐑜𐑼	𐑓𐑨𐑑𐑓𐑦𐑙𐑜𐑼	matches
fat finger	VVI	RSSB	ˈfæt fɪŋɡəR	fæt ˈfɪŋɡəR	𐑓𐑨𐑑 𐑓𐑦𐑙𐑜𐑼	𐑓𐑨𐑑𐑓𐑦𐑙𐑜𐑼	matches
fat finger	VVI	GenAm	ˈfæt ˈfɪŋɡəR	fæt ˈfɪŋɡəR	𐑓𐑨𐑑 𐑓𐑦𐑙𐑜𐑼	𐑓𐑨𐑑𐑓𐑦𐑙𐑜𐑼	matches
lapsus digiti	NN1	RSSB	ˌlæpsəsˈdɪdʒɪtaɪ		𐑤𐑨𐑐𐑕𐑩𐑕𐑛𐑦𐑡𐑦𐑑𐑲		unknown
lapsus digiti	NN1	RSSB	ˌlæpsuːsˈdɪdʒɪtaɪ		𐑤𐑨𐑐𐑕𐑵𐑕𐑛𐑦𐑡𐑦𐑑𐑲		unknown
lapsus digitorum	NN1	RSSB	læpsəsdɪdʒɪtɔːrəm		𐑤𐑨𐑐𐑕𐑩𐑕𐑛𐑦𐑡𐑦𐑑𐑹𐑩𐑥		unknown
lapsus digitorum	NN1	RSSB	læpsuːsdɪdʒɪtɔːrəm		𐑤𐑨𐑐𐑕𐑵𐑕𐑛𐑦𐑡𐑦𐑑𐑹𐑩𐑥		unknown
dirty words	NN1	RSSB	dɜːRtiwɜːRdz	ˈdɜːRti wɜːRdz	𐑛𐑻𐑑𐑦𐑢𐑻𐑛𐑟	𐑛𐑻𐑑𐑦𐑢𐑻𐑛𐑟	matches
dirty words	NN1	GenAm	ˈdəRtijˌwɜːRdz	ˈdɜːRti wɜːRdz	𐑛𐑼𐑑𐑦𐑘𐑢𐑻𐑛𐑟	𐑛𐑻𐑑𐑦𐑢𐑻𐑛𐑟	divergent
I'm blind	UNC	RSSB	aɪm ˈblaɪnd	aɪm blaɪnd	𐑲𐑥 𐑚𐑤𐑲𐑯𐑛	𐑲𐑥𐑚𐑤𐑲𐑯𐑛	matches
I'm deaf	UNC	RSSB	aɪm ˈdef	aɪm def	𐑲𐑥 𐑛𐑧𐑓	𐑲𐑥𐑛𐑧𐑓	matches
you have beautiful eyes	UNC	RSSB	juː hæv ˈbjuːtɪfəl aɪz	juː hæv ˈbjuːtɪfəl aɪz	𐑿 𐑣𐑨𐑝 𐑚𐑿𐑑𐑦𐑓𐑩𐑤 𐑲𐑟	𐑿𐑣𐑨𐑝𐑚𐑿𐑑𐑦𐑓𐑩𐑤𐑲𐑟	matches
you have beautiful eyes	UNC	GenAm	ju hæv ˈbjutɪfəl aɪz	juː hæv ˈbjuːtɪfəl aɪz	𐑘𐑫 𐑣𐑨𐑝 𐑚𐑘𐑫𐑑𐑦𐑓𐑩𐑤 𐑲𐑟	𐑿𐑣𐑨𐑝𐑚𐑿𐑑𐑦𐑓𐑩𐑤𐑲𐑟	divergent
tout court	AV0	RSSB	ˌtuː kɔːR	taʊt kɔːRt	𐑑𐑵 𐑒𐑹	𐑑𐑬𐑑𐑒𐑹𐑑	divergent
tout court	AV0	GenAm	ˌtu ˈkɔːR	taʊt kɔːRt	𐑑𐑫 𐑒𐑹	𐑑𐑬𐑑𐑒𐑹𐑑	divergent
can I come in	UNC	RSSB	kən ˌaɪ kʌm ˈɪn	kæn aɪ kʌm ɪn	𐑒𐑩𐑯 𐑲 𐑒𐑳𐑥 𐑦𐑯	𐑒𐑨𐑯𐑲𐑒𐑳𐑥𐑦𐑯	matches
can I come in	UNC	GenAm	kən ˌaɪ kʌm ˈɪn	kæn aɪ kʌm ɪn	𐑒𐑩𐑯 𐑲 𐑒𐑳𐑥 𐑦𐑯	𐑒𐑨𐑯𐑲𐑒𐑳𐑥𐑦𐑯	matches
lock on	VVI	RSSB	ˌlɒk ˈɒn	lɒk ɒn	𐑤𐑪𐑒 𐑪𐑯	𐑤𐑪𐑒𐑪𐑯	matches
lock on	VVI	GenAm	ˌlɒk ˈɒn	lɒk ɒn	𐑤𐑪𐑒 𐑪𐑯	𐑤𐑪𐑒𐑪𐑯	matches
quot homines tot sententiæ	UNC	RSSB	ˌkwɒt ˈhɒmɪneɪz ˌtɒt senˈtentɪaɪ		𐑒𐑢𐑪𐑑 𐑣𐑪𐑥𐑦𐑯𐑱𐑟 𐑑𐑪𐑑 𐑕𐑧𐑯𐑑𐑧𐑯𐑑𐑦𐑲		unknown
quot homines tot sententiæ	UNC	GenAm	ˌkwɒt ˈhɒmɪneɪz ˌtɒt senˈtentiˌaɪ		𐑒𐑢𐑪𐑑 𐑣𐑪𐑥𐑦𐑯𐑱𐑟 𐑑𐑪𐑑 𐑕𐑧𐑯𐑑𐑧𐑯𐑑𐑦𐑲		unknown
amniotic sac	NN1	RSSB	ˌæmniːˌɒtɪk ˈsæk		𐑨𐑥𐑯𐑰𐑪𐑑𐑦𐑒 𐑕𐑨𐑒		unknown
amniotic sac	NN1	RSSB	ˌamniːˌɒtɪk ˈsak		𐑨𐑥𐑯𐑰𐑪𐑑𐑦𐑒 𐑕𐑨𐑒		unknown
amniotic sac	NN1	RSSB	ˌæmniːˌɔːtɪk ˈsæk		𐑨𐑥𐑯𐑰𐑷𐑑𐑦𐑒 𐑕𐑨𐑒		unknown
amniotic sac	NN1	RSSB	ˌamniːˌɔːtɪk ˈsak		𐑨𐑥𐑯𐑰𐑷𐑑𐑦𐑒 𐑕𐑨𐑒		unknown
amniotic sac	NN1	GenAm	ˌæmniˌɒtɪk ˈsæk	æmniˈɑːtɪk sæk	𐑨𐑥𐑯𐑦𐑪𐑑𐑦𐑒 𐑕𐑨𐑒	𐑨𐑥𐑯𐑦𐑭𐑑𐑦𐑒𐑕𐑨𐑒	divergent
fuel cells	NN1	RSSB	ˈfjuːəl sels	ˈfjuːəl selz	𐑓𐑿𐑩𐑤 𐑕𐑧𐑤𐑕	𐑓𐑿𐑩𐑤𐑕𐑧𐑤𐑟	divergent
I have a cold	UNC	GenAm	aɪ hæv ə koʊld	aɪ hæv ə kəʊld	𐑲 𐑣𐑨𐑝 𐑩 𐑒𐑴𐑤𐑛	𐑲𐑣𐑨𐑝𐑩𐑒𐑴𐑤𐑛	matches
dragline excavator	NN1	RSSB	ˈdræɡlaɪn ekskəveɪtəR		𐑛𐑮𐑨𐑜𐑤𐑲𐑯 𐑧𐑒𐑕𐑒𐑩𐑝𐑱𐑑𐑼		unknown
dragline excavator	NN1	GenAm	ˈdræɡlaɪn ˈekskəˌveɪtəR		𐑛𐑮𐑨𐑜𐑤𐑲𐑯 𐑧𐑒𐑕𐑒𐑩𐑝𐑱𐑑𐑼		unknown
nouveaux riches	NN1	RSSB	ˌnuːvəʊ ˈriːʃ	ˈnuːvəʊ ˈrɪtʃƏz	𐑯𐑵𐑝𐑴 𐑮𐑰𐑖	𐑯𐑵𐑝𐑴𐑮𐑦𐑗𐑩𐑟	divergent
nouveaux riches	NN1	GenAm	ˌnuvoʊ ˈriʃ	ˈnuːvəʊ ˈrɪtʃƏz	𐑯𐑫𐑝𐑴 𐑮𐑦𐑖	𐑯𐑵𐑝𐑴𐑮𐑦𐑗𐑩𐑟	divergent
nouveaux riches	NN1	GenAm	ˌnuvoʊ ˈrɪtʃ	ˈnuːvəʊ ˈrɪtʃƏz	𐑯𐑫𐑝𐑴 𐑮𐑦𐑗	𐑯𐑵𐑝𐑴𐑮𐑦𐑗𐑩𐑟	divergent
chef d'œuvre	NN1	RSSB	ʃeɪdɜːvrə		𐑖𐑱𐑛𐑻𐑝𐑮𐑩		unknown
chef d'œuvre	NN1	GenAm	ˌʃedˈəːv		𐑖𐑧𐑛𐑩𐑝		unknown
aminocaproic acid	NN1	GenAm	əˌminoʊkəˌproʊɪk ˈæsƏd		𐑩𐑥𐑦𐑯𐑴𐑒𐑩𐑐𐑮𐑴𐑦𐑒 𐑨𐑕𐑩𐑛		unknown
hollow leg	NN1	RSSB	ˌhɒləʊ ˈleɡ	ˈhɒləʊ leɡ	𐑣𐑪𐑤𐑴 𐑤𐑧𐑜	𐑣𐑪𐑤𐑴𐑤𐑧𐑜	matches
hollow leg	NN1	GenAm	ˌhɒloʊ ˈleɡ	ˈhɒləʊ leɡ	𐑣𐑪𐑤𐑴 𐑤𐑧𐑜	𐑣𐑪𐑤𐑴𐑤𐑧𐑜	matches
montanic acid	NN1	GenAm	mɒnˈtænɪk ˈæsƏd	mɒnˈtænɪk ˈæsɪd	𐑥𐑪𐑯𐑑𐑨𐑯𐑦𐑒 𐑨𐑕𐑩𐑛	𐑥𐑪𐑯𐑑𐑨𐑯𐑦𐑒𐑨𐑕𐑦𐑛	matches
montanic acid	NN1	RSSB	mɑːnˈtænɪk ˈæsƏd		𐑥𐑭𐑯𐑑𐑨𐑯𐑦𐑒 𐑨𐑕𐑩𐑛		unknown
trompe d'œil	NN1	GenAm	ˈtrɒmp ˈdɔɪ		𐑑𐑮𐑪𐑥𐑐 𐑛𐑶		unknown
hash brownie	NN1	GenAm	ˌhæʃ ˈbraʊni	hæʃ ˈbraʊni	𐑣𐑨𐑖 𐑚𐑮𐑬𐑯𐑦	𐑣𐑨𐑖𐑚𐑮𐑬𐑯𐑦	matches
sweetness and light	NN1	RSSB	ˌswiːtnəs ən ˈlaɪt	ˈswiːtnəs N laɪt	𐑕𐑢𐑰𐑑𐑯𐑩𐑕 𐑩𐑯 𐑤𐑲𐑑	𐑕𐑢𐑰𐑑𐑯𐑩𐑕𐑯𐑤𐑲𐑑	divergent
sweetness and light	NN1	RSSB	ˌswitnəs ən ˈlaɪt	ˈswiːtnəs N laɪt	𐑕𐑢𐑦𐑑𐑯𐑩𐑕 𐑩𐑯 𐑤𐑲𐑑	𐑕𐑢𐑰𐑑𐑯𐑩𐑕𐑯𐑤𐑲𐑑	divergent
count coup	VVI	RSSB	ˌkaʊnt ˈkuː	kaʊnt kuː	𐑒𐑬𐑯𐑑 𐑒𐑵	𐑒𐑬𐑯𐑑𐑒𐑵	matches
count coup	VVI	GenAm	ˌkaʊnt ˈku	kaʊnt kuː	𐑒𐑬𐑯𐑑 𐑒𐑫	𐑒𐑬𐑯𐑑𐑒𐑵	divergent
à propos de bottes	AV0	RSSB	æprəpəʊ də bɒts		𐑨𐑐𐑮𐑩𐑐𐑴 𐑛𐑩 𐑚𐑪𐑑𐑕		unknown
à propos de bottes	AV0	GenAm	ˌæprəˌpoʊ də ˈbɒts		𐑨𐑐𐑮𐑩𐑐𐑴 𐑛𐑩 𐑚𐑪𐑑𐑕		unknown
miscarriage of justice	NN1	RSSB	ˈmɪskærɪdʒ ɒv ˈdʒʌstɪs	ˌmɪsˈkærɪdʒ V ˈdʒʌstɪs	𐑥𐑦𐑕𐑒𐑨𐑮𐑦𐑡 𐑪𐑝 𐑡𐑳𐑕𐑑𐑦𐑕	𐑥𐑦𐑕𐑒𐑨𐑮𐑦𐑡𐑝𐑡𐑳𐑕𐑑𐑦𐑕	divergent
miscarriage of justice	NN1	GenAm	ˈmɪskærɪdʒ ɒv ˈdʒʌstɪs	ˌmɪsˈkærɪdʒ V ˈdʒʌstɪs	𐑥𐑦𐑕𐑒𐑨𐑮𐑦𐑡 𐑪𐑝 𐑡𐑳𐑕𐑑𐑦𐑕	𐑥𐑦𐑕𐑒𐑨𐑮𐑦𐑡𐑝𐑡𐑳𐑕𐑑𐑦𐑕	divergent
of one's own accord	UNC	RSSB	əv ˌwʌnz əʊn əkɔːRd	V wʌnz əʊn əˈkɔːRd	𐑩𐑝 𐑢𐑳𐑯𐑟 𐑴𐑯 𐑩𐑒𐑹𐑛	𐑝𐑢𐑳𐑯𐑟𐑴𐑯𐑩𐑒𐑹𐑛	divergent
of one's own accord	UNC	GenAm	əv ˌwʌnz oʊn əˈkɔːRd	V wʌnz əʊn əˈkɔːRd	𐑩𐑝 𐑢𐑳𐑯𐑟 𐑴𐑯 𐑩𐑒𐑹𐑛	𐑝𐑢𐑳𐑯𐑟𐑴𐑯𐑩𐑒𐑹𐑛	divergent
misery loves company	UNC	RSSB	mɪzərɪ lʌvz ˈkʌmpəni	ˈmɪzəri lʌvz ˈkʌmpəni	𐑥𐑦𐑟𐑼𐑦 𐑤𐑳𐑝𐑟 𐑒𐑳𐑥𐑐𐑩𐑯𐑦	𐑥𐑦𐑟𐑼𐑦𐑤𐑳𐑝𐑟𐑒𐑳𐑥𐑐𐑩𐑯𐑦	matches
misery loves company	UNC	GenAm	ˈmɪzəri lʌvz ˈkʌmpəni	ˈmɪzəri lʌvz ˈkʌmpəni	𐑥𐑦𐑟𐑼𐑦 𐑤𐑳𐑝𐑟 𐑒𐑳𐑥𐑐𐑩𐑯𐑦	𐑥𐑦𐑟𐑼𐑦𐑤𐑳𐑝𐑟𐑒𐑳𐑥𐑐𐑩𐑯𐑦	matches
Very light	NN1	RSSB	ˈveri lʌɪt	ˈveri laɪt	𐑝𐑧𐑮𐑦 𐑤𐑳𐑦𐑑	𐑝𐑧𐑮𐑦𐑤𐑲𐑑	divergent
fishbone diagram	NN1	RSSB	ˈfɪʃbəʊn daɪəɡræm	ˈfɪʃbəʊn ˈdaɪəɡræm	𐑓𐑦𐑖𐑚𐑴𐑯 𐑛𐑲𐑩𐑜𐑮𐑨𐑥	𐑓𐑦𐑖𐑚𐑴𐑯𐑛𐑲𐑩𐑜𐑮𐑨𐑥	matches
fishbone diagram	NN1	GenAm	ˈfɪʃboʊn ˈdaɪəɡræm	ˈfɪʃbəʊn ˈdaɪəɡræm	𐑓𐑦𐑖𐑚𐑴𐑯 𐑛𐑲𐑩𐑜𐑮𐑨𐑥	𐑓𐑦𐑖𐑚𐑴𐑯𐑛𐑲𐑩𐑜𐑮𐑨𐑥	matches
Manhattan distance	NN1	RSSB	mænˌhætən ˈdɪstənts	mænˈhætən ˈdɪstəns	𐑥𐑨𐑯𐑣𐑨𐑑𐑩𐑯 𐑛𐑦𐑕𐑑𐑩𐑯𐑑𐑕	𐑥𐑨𐑯𐑣𐑨𐑑𐑩𐑯𐑛𐑦𐑕𐑑𐑩𐑯𐑕	divergent
Manhattan distance	NN1	GenAm	mænˌhætən ˈdɪstənts	mænˈhætən ˈdɪstəns	𐑥𐑨𐑯𐑣𐑨𐑑𐑩𐑯 𐑛𐑦𐑕𐑑𐑩𐑯𐑑𐑕	𐑥𐑨𐑯𐑣𐑨𐑑𐑩𐑯𐑛𐑦𐑕𐑑𐑩𐑯𐑕	divergent
any more	AV0	RSSB	enimɔːR	ˈeni mɔːR	𐑧𐑯𐑦𐑥𐑹	𐑧𐑯𐑦𐑥𐑹	matches
any more	AV0	GenAm	ˌeniˈmɔːR	ˈeni mɔːR	𐑧𐑯𐑦𐑥𐑹	𐑧𐑯𐑦𐑥𐑹	matches
hot shit	NN1	RSSB	ˌhɒt ˈʃɪt	hɒt ʃɪt	𐑣𐑪𐑑 𐑖𐑦𐑑	𐑣𐑪𐑑𐑖𐑦𐑑	matches
hot shit	NN1	GenAm	ˌhɒt ˈʃɪt	hɒt ʃɪt	𐑣𐑪𐑑 𐑖𐑦𐑑	𐑣𐑪𐑑𐑖𐑦𐑑	matches
etidronic acid	NN1	GenAm	ˌetɪˌdrɒnɪk ˈæsƏd		𐑧𐑑𐑦𐑛𐑮𐑪𐑯𐑦𐑒 𐑨𐑕𐑩𐑛		unknown
risedronic acid	NN1	GenAm	ˌrɪsəˌdrɒnɪk ˈæsƏd		𐑮𐑦𐑕𐑩𐑛𐑮𐑪𐑯𐑦𐑒 𐑨𐑕𐑩𐑛		unknown
Queen's English	NN1	RSSB	kwiːnzˈɪŋɡlɪʃ		𐑒𐑢𐑰𐑯𐑟𐑦𐑙𐑜𐑤𐑦𐑖		unknown
Queen's English	NN1	GenAm	kwinzˈɪŋɡlɪʃ		𐑒𐑢𐑦𐑯𐑟𐑦𐑙𐑜𐑤𐑦𐑖		unknown
washing line	NN1	RSSB	ˈwɒʃɪŋ ˌlaɪn	ˈwɒʃɪŋ laɪn	𐑢𐑪𐑖𐑦𐑙 𐑤𐑲𐑯	𐑢𐑪𐑖𐑦𐑙𐑤𐑲𐑯	matches
horizontal jogging	NN1	RSSB	hɒrɪzɒntəl ˈdʒɒɡɪŋ	ˌhɒrɪˈzɒntəl ˈdʒɒɡɪŋ	𐑣𐑪𐑮𐑦𐑟𐑪𐑯𐑑𐑩𐑤 𐑡𐑪𐑜𐑦𐑙	𐑣𐑪𐑮𐑦𐑟𐑪𐑯𐑑𐑩𐑤𐑡𐑪𐑜𐑦𐑙	matches
horizontal jogging	NN1	GenAm	ˌhɔːrəˈzɑːntəl ˈdʒɒɡɪŋ	ˌhɒrɪˈzɒntəl ˈdʒɒɡɪŋ	𐑣𐑹𐑩𐑟𐑭𐑯𐑑𐑩𐑤 𐑡𐑪𐑜𐑦𐑙	𐑣𐑪𐑮𐑦𐑟𐑪𐑯𐑑𐑩𐑤𐑡𐑪𐑜𐑦𐑙	divergent
erector spinae	NN1	GenAm	ɪˌrektəR ˈspaɪniː		𐑦𐑮𐑧𐑒𐑑𐑼 𐑕𐑐𐑲𐑯𐑰		unknown
glass harp	NN1	RSSB	ɡlɑːs hɑːRp	ɡlⱭːs hɑːRp	𐑜𐑤𐑭𐑕 𐑣𐑸𐑐	𐑜𐑤𐑭𐑕𐑣𐑸𐑐	matches
glass harp	NN1	GenAm	ɡlæs hɑːRp	ɡlⱭːs hɑːRp	𐑜𐑤𐑨𐑕 𐑣𐑸𐑐	𐑜𐑤𐑭𐑕𐑣𐑸𐑐	matches
baby duck syndrome	NN1	RSSB	ˌbeɪbi dʌk ˈsɪndrəʊm	ˈbeɪbi dʌk ˈsɪndrəʊm	𐑚𐑱𐑚𐑦 𐑛𐑳𐑒 𐑕𐑦𐑯𐑛𐑮𐑴𐑥	𐑚𐑱𐑚𐑦𐑛𐑳𐑒𐑕𐑦𐑯𐑛𐑮𐑴𐑥	matches
baby duck syndrome	NN1	GenAm	ˌbeɪbi dʌk ˈsɪndroʊm	ˈbeɪbi dʌk ˈsɪndrəʊm	𐑚𐑱𐑚𐑦 𐑛𐑳𐑒 𐑕𐑦𐑯𐑛𐑮𐑴𐑥	𐑚𐑱𐑚𐑦𐑛𐑳𐑒𐑕𐑦𐑯𐑛𐑮𐑴𐑥	matches
freedom ride	NN1	RSSB	friːdəm ˌraɪd	ˈfriːdəm raɪd	𐑓𐑮𐑰𐑛𐑩𐑥 𐑮𐑲𐑛	𐑓𐑮𐑰𐑛𐑩𐑥𐑮𐑲𐑛	matches
freedom ride	NN1	GenAm	ˈfridəm ˌraɪd	ˈfriːdəm raɪd	𐑓𐑮𐑦𐑛𐑩𐑥 𐑮𐑲𐑛	𐑓𐑮𐑰𐑛𐑩𐑥𐑮𐑲𐑛	divergent
freedom rider	NN1	RSSB	friːdəm raɪdəR	ˈfriːdəm ˈraɪdəR	𐑓𐑮𐑰𐑛𐑩𐑥 𐑮𐑲𐑛𐑼	𐑓𐑮𐑰𐑛𐑩𐑥𐑮𐑲𐑛𐑼	matches
freedom rider	NN1	GenAm	ˈfridəm ˌraɪdəR	ˈfriːdəm ˈraɪdəR	𐑓𐑮𐑦𐑛𐑩𐑥 𐑮𐑲𐑛𐑼	𐑓𐑮𐑰𐑛𐑩𐑥𐑮𐑲𐑛𐑼	divergent
wash bin	NN1	RSSB	ˈwɒʃ ˌbɪn	wɒʃ bɪn	𐑢𐑪𐑖 𐑚𐑦𐑯	𐑢𐑪𐑖𐑚𐑦𐑯	matches
wash bin	NN1	GenAm	ˈwɒʃ ˌbɪn	wɒʃ bɪn	𐑢𐑪𐑖 𐑚𐑦𐑯	𐑢𐑪𐑖𐑚𐑦𐑯	matches
whoops, there go my trousers	UNC	RSSB	ˈʍʊps ðɜːR ˈɡəʊ maɪ traʊzəRz		𐑢𐑫𐑐𐑕 𐑞𐑻 𐑜𐑴 𐑥𐑲 𐑑𐑮𐑬𐑟𐑼𐑟		unknown
whoops, there go my trousers	UNC	GenAm	ˈwʊps ðeəR ˈɡoʊ maɪ ˈtraʊzəRz		𐑢𐑫𐑐𐑕 𐑞𐑺 𐑜𐑴 𐑥𐑲 𐑑𐑮𐑬𐑟𐑼𐑟		unknown
screen time	NN1	RSSB	ˈskriːn ˌtaɪm	skriːn taɪm	𐑕𐑒𐑮𐑰𐑯 𐑑𐑲𐑥	𐑕𐑒𐑮𐑰𐑯𐑑𐑲𐑥	matches
screen time	NN1	GenAm	ˈskrin ˌtaɪm	skriːn taɪm	𐑕𐑒𐑮𐑦𐑯 𐑑𐑲𐑥	𐑕𐑒𐑮𐑰𐑯𐑑𐑲𐑥	divergent
featherless biped	NN1	RSSB	feðəRləs ˈbaɪped		𐑓𐑧𐑞𐑼𐑤𐑩𐑕 𐑚𐑲𐑐𐑧𐑛		unknown
featherless biped	NN1	GenAm	ˌfeðərləs ˈbaɪˌped	ˈfeðərləs ˈbaɪped	𐑓𐑧𐑞𐑼𐑤𐑩𐑕 𐑚𐑲𐑐𐑧𐑛	𐑓𐑧𐑞𐑼𐑤𐑩𐑕𐑚𐑲𐑐𐑧𐑛	matches
with pleasure	UNC	RSSB	wɪð pleʒəR	wɪð ˈpleʒəR	𐑢𐑦𐑞 𐑐𐑤𐑧𐑠𐑼	𐑢𐑦𐑞𐑐𐑤𐑧𐑠𐑼	matches
with pleasure	UNC	GenAm	wɪθ ˈpleʒəR	wɪθ ˈpleʒəR	𐑢𐑦𐑔 𐑐𐑤𐑧𐑠𐑼	𐑢𐑦𐑔𐑐𐑤𐑧𐑠𐑼	matches
foot-in-mouth disease	NN1	GenAm	ˈfʊtɪnˌmaʊθ dəzˈiz		𐑓𐑫𐑑𐑦𐑯𐑥𐑬𐑔 𐑛𐑩𐑟𐑦𐑟		unknown
shit hot	AJ0	RSSB	ˈʃɪt ˌhɒt	ʃɪt hɒt	𐑖𐑦𐑑 𐑣𐑪𐑑	𐑖𐑦𐑑𐑣𐑪𐑑	matches
shit hot	AJ0	GenAm	ˈʃɪt ˌhɒt	ʃɪt hɒt	𐑖𐑦𐑑 𐑣𐑪𐑑	𐑖𐑦𐑑𐑣𐑪𐑑	matches
cutting board	NN1	GenAm	ˈkʌtɪŋ bɔːRd	ˈkʌtɪŋ bɔːRd	𐑒𐑳𐑑𐑦𐑙 𐑚𐑹𐑛	𐑒𐑳𐑑𐑦𐑙𐑚𐑹𐑛	matches
thank God	ITJ	RSSB	ˈθæŋk ˌɡɒd	θæŋk ɡɒd	𐑔𐑨𐑙𐑒 𐑜𐑪𐑛	𐑔𐑨𐑙𐑒𐑜𐑪𐑛	matches
thank God	ITJ	GenAm	ˈθæŋk ˌɡɒd	θæŋk ɡɒd	𐑔𐑨𐑙𐑒 𐑜𐑪𐑛	𐑔𐑨𐑙𐑒𐑜𐑪𐑛	matches
Obi-Wan Kenobi	NN1	GenAm	ˈoubiˌwɒn kəˈnoʊbi		𐑪𐑫𐑚𐑦𐑢𐑪𐑯 𐑒𐑩𐑯𐑴𐑚𐑦		unknown
flat locks	NN1	RSSB	flat lɒks	flæt lɒks	𐑓𐑤𐑨𐑑 𐑤𐑪𐑒𐑕	𐑓𐑤𐑨𐑑𐑤𐑪𐑒𐑕	matches
gender reassignment	NN1	GenAm	ˈdʒendəR ˌriəˈsaɪnmənt	ˈdʒendəR ˈriːəˌsaɪnmənt	𐑡𐑧𐑯𐑛𐑼 𐑮𐑾𐑕𐑲𐑯𐑥𐑩𐑯𐑑	𐑡𐑧𐑯𐑛𐑼𐑮𐑰𐑩𐑕𐑲𐑯𐑥𐑩𐑯𐑑	divergent
louis d'or	NN1	RSSB	ˌluːɪ dɔːR		𐑤𐑵𐑦 𐑛𐑹		unknown
louis d'or	NN1	RSSB	ˌluːɪz dɔːR		𐑤𐑵𐑦𐑟 𐑛𐑹		unknown
louis d'or	NN1	GenAm	ˌlui ˈdɔːR	ˈluːi dor	𐑤𐑫𐑦 𐑛𐑹	𐑤𐑵𐑦𐑛𐑪𐑮	divergent
louis d'or	NN1	GenAm	ˌluiz ˈdɔːR	ˈluːi dor	𐑤𐑫𐑦𐑟 𐑛𐑹	𐑤𐑵𐑦𐑛𐑪𐑮	divergent
Cheshire cat	NP0	RSSB	tʃeʃəR ˈkat	ˈtʃeʃəR kæt	𐑗𐑧𐑖𐑼 𐑒𐑨𐑑	𐑗𐑧𐑖𐑼𐑒𐑨𐑑	matches
Cheshire cat	NP0	GenAm	ˌtʃeʃəR ˈkæt	ˈtʃeʃəR kæt	𐑗𐑧𐑖𐑼 𐑒𐑨𐑑	𐑗𐑧𐑖𐑼𐑒𐑨𐑑	matches
Smithfield stone	NN1	GenAm	ˈsmɪθfiːld stoʊn		𐑕𐑥𐑦𐑔𐑓𐑰𐑤𐑛 𐑕𐑑𐑴𐑯		unknown
Smithfield stone	NN1	RSSB	ˈsmɪθfiːld stəʊn		𐑕𐑥𐑦𐑔𐑓𐑰𐑤𐑛 𐑕𐑑𐑴𐑯		unknown
make a clean breast	VVI	RSSB	ˈmeɪk ə ˈkliːn brest	meɪk ə kliːn brest	𐑥𐑱𐑒 𐑩 𐑒𐑤𐑰𐑯 𐑚𐑮𐑧𐑕𐑑	𐑥𐑱𐑒𐑩𐑒𐑤𐑰𐑯𐑚𐑮𐑧𐑕𐑑	matches
make a clean breast	VVI	GenAm	ˈmeɪk ə ˈklin brest	meɪk ə kliːn brest	𐑥𐑱𐑒 𐑩 𐑒𐑤𐑦𐑯 𐑚𐑮𐑧𐑕𐑑	𐑥𐑱𐑒𐑩𐑒𐑤𐑰𐑯𐑚𐑮𐑧𐑕𐑑	divergent
soft pedal	NN1	RSSB	ˈsɒftˌpedəl	sɒft ˈpedəl	𐑕𐑪𐑓𐑑𐑐𐑧𐑛𐑩𐑤	𐑕𐑪𐑓𐑑𐑐𐑧𐑛𐑩𐑤	matches
soft pedal	NN1	GenAm	ˈsɒftˌpedəl	sɒft ˈpedəl	𐑕𐑪𐑓𐑑𐑐𐑧𐑛𐑩𐑤	𐑕𐑪𐑓𐑑𐑐𐑧𐑛𐑩𐑤	matches
Boris bike	NN1	RSSB	ˈbɒrɪs ˈbaɪk	ˈbɒrɪs baɪk	𐑚𐑪𐑮𐑦𐑕 𐑚𐑲𐑒	𐑚𐑪𐑮𐑦𐑕𐑚𐑲𐑒	matches
Jade Emperor	NP0	RSSB	ˈdʒeɪd empərəR	dʒeɪd ˈempərəR	𐑡𐑱𐑛 𐑧𐑥𐑐𐑼𐑼	𐑡𐑱𐑛𐑧𐑥𐑐𐑼𐑼	matches
Jade Emperor	NP0	GenAm	ˈdʒeɪd ˈempərəR	dʒeɪd ˈempərəR	𐑡𐑱𐑛 𐑧𐑥𐑐𐑼𐑼	𐑡𐑱𐑛𐑧𐑥𐑐𐑼𐑼	matches
Jade Emperor	NP0	RSSB	ˈdʒeɪd emprəR	dʒeɪd ˈempərəR	𐑡𐑱𐑛 𐑧𐑥𐑐𐑮𐑼	𐑡𐑱𐑛𐑧𐑥𐑐𐑼𐑼	divergent
Jade Emperor	NP0	GenAm	ˈdʒeɪd ˈemprəR	dʒeɪd ˈempərəR	𐑡𐑱𐑛 𐑧𐑥𐑐𐑮𐑼	𐑡𐑱𐑛𐑧𐑥𐑐𐑼𐑼	divergent
Wernicke's aphasia	NN1	RSSB	vɜːRnɪkəz əˈfeɪʒə		𐑝𐑻𐑯𐑦𐑒𐑩𐑟 𐑩𐑓𐑱𐑠𐑩		unknown
Wernicke's aphasia	NN1	GenAm	ˈvɜːRnɪkəz əˈfeɪʒə		𐑝𐑻𐑯𐑦𐑒𐑩𐑟 𐑩𐑓𐑱𐑠𐑩		unknown
Wernicke's aphasia	NN1	RSSB	vɜːRnɪkiːz əˈfeɪʒə		𐑝𐑻𐑯𐑦𐑒𐑰𐑟 𐑩𐑓𐑱𐑠𐑩		unknown
Wernicke's aphasia	NN1	GenAm	ˈvɜːRnɪkiz əˈfeɪʒə		𐑝𐑻𐑯𐑦𐑒𐑦𐑟 𐑩𐑓𐑱𐑠𐑩		unknown
cellar door	NN1	RSSB	seləR dɔːR	ˈseləR dɔːR	𐑕𐑧𐑤𐑼 𐑛𐑹	𐑕𐑧𐑤𐑼𐑛𐑹	matches
cellar door	NN1	GenAm	ˌselər ˈdɔːR	ˈseləR dɔːR	𐑕𐑧𐑤𐑼 𐑛𐑹	𐑕𐑧𐑤𐑼𐑛𐑹	matches
build into	VVI	RSSB	bɪldˈɪntuː	bɪld ˈɪntuː	𐑚𐑦𐑤𐑛𐑦𐑯𐑑𐑵	𐑚𐑦𐑤𐑛𐑦𐑯𐑑𐑵	matches
build into	VVI	GenAm	bɪldˈɪntu	bɪld ˈɪntuː	𐑚𐑦𐑤𐑛𐑦𐑯𐑑𐑫	𐑚𐑦𐑤𐑛𐑦𐑯𐑑𐑵	divergent
che sara sara	UNC	RSSB	ˈkeɪ sərɑː sərɑː		𐑒𐑱 𐑕𐑼𐑭 𐑕𐑼𐑭		unknown
auld lang syne	NN1	RSSB	ˌɔːld læŋ ˈsaɪn	ɔːld læŋ saɪn	𐑷𐑤𐑛 𐑤𐑨𐑙 𐑕𐑲𐑯	𐑷𐑤𐑛𐑤𐑨𐑙𐑕𐑲𐑯	matches
auld lang syne	NN1	GenAm	ˌɒldlæŋ ˈsaɪn	ɔːld læŋ saɪn	𐑪𐑤𐑛𐑤𐑨𐑙 𐑕𐑲𐑯	𐑷𐑤𐑛𐑤𐑨𐑙𐑕𐑲𐑯	divergent
sweat of one's brow	NN1	RSSB	ˈswet əv wɒnz ˈbraʊ	swet V wʌnz braʊ	𐑕𐑢𐑧𐑑 𐑩𐑝 𐑢𐑪𐑯𐑟 𐑚𐑮𐑬	𐑕𐑢𐑧𐑑𐑝𐑢𐑳𐑯𐑟𐑚𐑮𐑬	divergent
sweat of one's brow	NN1	GenAm	ˈswet əv wʌnz ˈbraʊ	swet V wʌnz braʊ	𐑕𐑢𐑧𐑑 𐑩𐑝 𐑢𐑳𐑯𐑟 𐑚𐑮𐑬	𐑕𐑢𐑧𐑑𐑝𐑢𐑳𐑯𐑟𐑚𐑮𐑬	divergent
ching chong	ITJ	RSSB	ˈtʃɪŋ ˌtʃɒŋ		𐑗𐑦𐑙 𐑗𐑪𐑙		unknown
ching chong	ITJ	GenAm	ˈtʃɪŋ ˌtʃɒŋ		𐑗𐑦𐑙 𐑗𐑪𐑙		unknown
ching chong	NN1	RSSB	ˈtʃɪŋ ˌtʃɒŋ		𐑗𐑦𐑙 𐑗𐑪𐑙		unknown
ching chong	NN1	GenAm	ˈtʃɪŋ ˌtʃɒŋ		𐑗𐑦𐑙 𐑗𐑪𐑙		unknown
fibrodysplasia ossificans progressiva	NN1	RSSB	faɪbrəʊdɪspleɪzɪə ɒˈsɪfɪkɑːnz prəɡresɪvə		𐑓𐑲𐑚𐑮𐑴𐑛𐑦𐑕𐑐𐑤𐑱𐑟𐑾 𐑪𐑕𐑦𐑓𐑦𐑒𐑭𐑯𐑟 𐑐𐑮𐑩𐑜𐑮𐑧𐑕𐑦𐑝𐑩		unknown
fibrodysplasia ossificans progressiva	NN1	GenAm	ˌfaɪbroʊdɪsˈpleɪʒiə ɒˈsɪfɪkænz prəˈɡresɪvə		𐑓𐑲𐑚𐑮𐑴𐑛𐑦𐑕𐑐𐑤𐑱𐑠𐑾 𐑪𐑕𐑦𐑓𐑦𐑒𐑨𐑯𐑟 𐑐𐑮𐑩𐑜𐑮𐑧𐑕𐑦𐑝𐑩		unknown
he who laughs last laughs best	UNC	RSSB	ˈhiː huː ˈlɑːfs ˈlɑːst ˈlɑːfs ˈbest	hiː huː lⱭːfs lⱭːst lⱭːfs best	𐑣𐑰 𐑣𐑵 𐑤𐑭𐑓𐑕 𐑤𐑭𐑕𐑑 𐑤𐑭𐑓𐑕 𐑚𐑧𐑕𐑑	𐑣𐑰𐑣𐑵𐑤𐑭𐑓𐑕𐑤𐑭𐑕𐑑𐑤𐑭𐑓𐑕𐑚𐑧𐑕𐑑	matches
he who laughs last laughs best	UNC	GenAm	ˈhi hu ˈlæfs ˈlæst ˈlæfs ˈbest	hiː huː lⱭːfs lⱭːst lⱭːfs best	𐑣𐑦 𐑣𐑫 𐑤𐑨𐑓𐑕 𐑤𐑨𐑕𐑑 𐑤𐑨𐑓𐑕 𐑚𐑧𐑕𐑑	𐑣𐑰𐑣𐑵𐑤𐑭𐑓𐑕𐑤𐑭𐑕𐑑𐑤𐑭𐑓𐑕𐑚𐑧𐑕𐑑	divergent
radio drama	NN1	RSSB	ˈreɪdiˌəʊ drɑːmə	ˈreɪdiəʊ ˈdrⱭːmə	𐑮𐑱𐑛𐑾𐑫 𐑛𐑮𐑭𐑥𐑩	𐑮𐑱𐑛𐑾𐑫𐑛𐑮𐑭𐑥𐑩	matches
radio drama	NN1	GenAm	ˈreɪdiˌoʊ drɒmə	ˈreɪdiəʊ ˈdrⱭːmə	𐑮𐑱𐑛𐑦𐑴 𐑛𐑮𐑪𐑥𐑩	𐑮𐑱𐑛𐑾𐑫𐑛𐑮𐑭𐑥𐑩	divergent
Local Supercluster	NP0	GenAm	ˌloʊkəl ˈsupəRˌklʌstəR		𐑤𐑴𐑒𐑩𐑤 𐑕𐑫𐑐𐑼𐑒𐑤𐑳𐑕𐑑𐑼		unknown
Virgo Supercluster	NP0	GenAm	ˈvəRɡoʊ ˈsupəRˈklʌstəR		𐑝𐑼𐑜𐑴 𐑕𐑫𐑐𐑼𐑒𐑤𐑳𐑕𐑑𐑼		unknown
muddle through	VVI	RSSB	ˈmʌdəl θruː	ˈmʌdəl θruː	𐑥𐑳𐑛𐑩𐑤 𐑔𐑮𐑵	𐑥𐑳𐑛𐑩𐑤𐑔𐑮𐑵	matches
muddle through	VVI	GenAm	ˈmʌdəl θru	ˈmʌdəl θruː	𐑥𐑳𐑛𐑩𐑤 𐑔𐑮𐑫	𐑥𐑳𐑛𐑩𐑤𐑔𐑮𐑵	divergent
Academy Award	NN1	RSSB	əˈkædəmi əwɔːRd	əˈkædəmi əˈwɔːRd	𐑩𐑒𐑨𐑛𐑩𐑥𐑦 𐑩𐑢𐑹𐑛	𐑩𐑒𐑨𐑛𐑩𐑥𐑦𐑩𐑢𐑹𐑛	matches
Academy Award	NN1	GenAm	əˈkædəmi əˈwɔːRd	əˈkædəmi əˈwɔːRd	𐑩𐑒𐑨𐑛𐑩𐑥𐑦 𐑩𐑢𐑹𐑛	𐑩𐑒𐑨𐑛𐑩𐑥𐑦𐑩𐑢𐑹𐑛	matches
suited and booted	AJ0	RSSB	ˌsuːtɪd ən ˈbuːtƏd	ˈsuːtƏd N ˈbuːtƏd	𐑕𐑵𐑑𐑦𐑛 𐑩𐑯 𐑚𐑵𐑑𐑩𐑛	𐑕𐑵𐑑𐑩𐑛𐑯𐑚𐑵𐑑𐑩𐑛	divergent
suited and booted	AJ0	GenAm	ˌsutɪd ən ˈbutƏd	ˈsuːtƏd N ˈbuːtƏd	𐑕𐑫𐑑𐑦𐑛 𐑩𐑯 𐑚𐑫𐑑𐑩𐑛	𐑕𐑵𐑑𐑩𐑛𐑯𐑚𐑵𐑑𐑩𐑛	divergent
dictionary attack	NN1	RSSB	dɪkʃənəri əˈtæk	ˈdɪkʃənəri əˈtæk	𐑛𐑦𐑒𐑖𐑩𐑯𐑼𐑦 𐑩𐑑𐑨𐑒	𐑛𐑦𐑒𐑖𐑩𐑯𐑼𐑦𐑩𐑑𐑨𐑒	matches
dictionary attack	NN1	GenAm	ˌdɪkʃəˌneri əˈtæk	ˈdɪkʃənəri əˈtæk	𐑛𐑦𐑒𐑖𐑩𐑯𐑧𐑮𐑦 𐑩𐑑𐑨𐑒	𐑛𐑦𐑒𐑖𐑩𐑯𐑼𐑦𐑩𐑑𐑨𐑒	divergent
long drink of water	NN1	RSSB	lɒŋ ˈdrɪŋk əv wɔːtəR	lɒŋ drɪŋk V ˈwɔːtər	𐑤𐑪𐑙 𐑛𐑮𐑦𐑙𐑒 𐑩𐑝 𐑢𐑷𐑑𐑼	𐑤𐑪𐑙𐑛𐑮𐑦𐑙𐑒𐑝𐑢𐑷𐑑𐑼	divergent
long drink of water	NN1	GenAm	lɒŋ ˈdrɪŋk əv ˈwɒtəR	lɒŋ drɪŋk V ˈwɔːtər	𐑤𐑪𐑙 𐑛𐑮𐑦𐑙𐑒 𐑩𐑝 𐑢𐑪𐑑𐑼	𐑤𐑪𐑙𐑛𐑮𐑦𐑙𐑒𐑝𐑢𐑷𐑑𐑼	divergent
death camp	NN1	GenAm	deθ kæmp	deθ kæmp	𐑛𐑧𐑔 𐑒𐑨𐑥𐑐	𐑛𐑧𐑔𐑒𐑨𐑥𐑐	matches
death camp	NN1	GenAm	deθ keəːmp	deθ kæmp	𐑛𐑧𐑔 𐑒𐑺𐑥𐑐	𐑛𐑧𐑔𐑒𐑨𐑥𐑐	divergent
hearken back	VVI	RSSB	hɑːRkən ˈbæk	ˈhɑːRkən bæk	𐑣𐑸𐑒𐑩𐑯 𐑚𐑨𐑒	𐑣𐑸𐑒𐑩𐑯𐑚𐑨𐑒	matches
hearken back	VVI	GenAm	ˌhɑːRkən ˈbæk	ˈhɑːRkən bæk	𐑣𐑸𐑒𐑩𐑯 𐑚𐑨𐑒	𐑣𐑸𐑒𐑩𐑯𐑚𐑨𐑒	matches
coup d'états	NN1	GenAm	ˌkuːdeɪˈtɑːz		𐑒𐑵𐑛𐑱𐑑𐑭𐑟		unknown
if you know what I mean	UNC	GenAm	ɪf ju ˌnoʊ wʌt aɪ ˈmin	ɪf juː nəʊ ʍʌt aɪ miːn	𐑦𐑓 𐑘𐑫 𐑯𐑴 𐑢𐑳𐑑 𐑲 𐑥𐑦𐑯	𐑦𐑓𐑿𐑯𐑴𐑢𐑳𐑑𐑲𐑥𐑰𐑯	divergent
if you know what I mean	UNC	GenAm	ɪfjəˌnowʌtaɪˈmin	ɪf juː nəʊ ʍʌt aɪ miːn	𐑦𐑓𐑘𐑩𐑯𐑪𐑢𐑳𐑑𐑲𐑥𐑦𐑯	𐑦𐑓𐑿𐑯𐑴𐑢𐑳𐑑𐑲𐑥𐑰𐑯	divergent
head first	AV0	RSSB	hedfɜːRst	hed fɜːRst	𐑣𐑧𐑛𐑓𐑻𐑕𐑑	𐑣𐑧𐑛𐑓𐑻𐑕𐑑	matches
head first	AV0	GenAm	hedfɜːRst	hed fɜːRst	𐑣𐑧𐑛𐑓𐑻𐑕𐑑	𐑣𐑧𐑛𐑓𐑻𐑕𐑑	matches
South Sudan	NP0	GenAm	ˌsaʊθ suˈdæn	saʊθ suːˈdæn	𐑕𐑬𐑔 𐑕𐑫𐑛𐑨𐑯	𐑕𐑬𐑔𐑕𐑵𐑛𐑨𐑯	divergent
warming center	NN1	RSSB	wɔːRmɪŋ sentəR	ˈwɔːRmɪŋ ˈsentəR	𐑢𐑹𐑥𐑦𐑙 𐑕𐑧𐑯𐑑𐑼	𐑢𐑹𐑥𐑦𐑙𐑕𐑧𐑯𐑑𐑼	matches
warming center	NN1	GenAm	ˈwormɪŋ ˌsentər	ˈwɔːRmɪŋ ˈsentəR	𐑢𐑪𐑮𐑥𐑦𐑙 𐑕𐑧𐑯𐑑𐑼	𐑢𐑹𐑥𐑦𐑙𐑕𐑧𐑯𐑑𐑼	divergent
come together	VVI	RSSB	ˈkʌm tʊɡeðər	kʌm təˈɡeðəR	𐑒𐑳𐑥 𐑑𐑫𐑜𐑧𐑞𐑼	𐑒𐑳𐑥𐑑𐑩𐑜𐑧𐑞𐑼	matches
come together	VVI	GenAm	ˈkʌm tʊˈɡeðəR	kʌm təˈɡeðəR	𐑒𐑳𐑥 𐑑𐑫𐑜𐑧𐑞𐑼	𐑒𐑳𐑥𐑑𐑩𐑜𐑧𐑞𐑼	matches
Don Quixote	NP0	RSSB	ˌdɒn kiːˈhəʊtɪ		𐑛𐑪𐑯 𐑒𐑰𐑣𐑴𐑑𐑦		unknown
Don Quixote	NP0	RSSB	dɒn ˈkwɪksəʊt		𐑛𐑪𐑯 𐑒𐑢𐑦𐑒𐑕𐑴𐑑		unknown
Don Quixote	NP0	GenAm	ˌdɒn kiˈhoʊti		𐑛𐑪𐑯 𐑒𐑦𐑣𐑴𐑑𐑦		unknown
Don Quixote	NP0	GenAm	ˌdɒn kiˈhoʊteɪ		𐑛𐑪𐑯 𐑒𐑦𐑣𐑴𐑑𐑱		unknown
Don Quixote	NN1	RSSB	ˌdɒn kiːˈhəʊtɪ		𐑛𐑪𐑯 𐑒𐑰𐑣𐑴𐑑𐑦		unknown
Don Quixote	NN1	RSSB	dɒn ˈkwɪksəʊt		𐑛𐑪𐑯 𐑒𐑢𐑦𐑒𐑕𐑴𐑑		unknown
Don Quixote	NN1	GenAm	ˌdɒn kiˈhoʊti		𐑛𐑪𐑯 𐑒𐑦𐑣𐑴𐑑𐑦		unknown
Don Quixote	NN1	GenAm	ˌdɒn kiˈhoʊteɪ		𐑛𐑪𐑯 𐑒𐑦𐑣𐑴𐑑𐑱		unknown
scream queen	NN1	RSSB	ˈskriːm kwiːn	skriːm kwiːn	𐑕𐑒𐑮𐑰𐑥 𐑒𐑢𐑰𐑯	𐑕𐑒𐑮𐑰𐑥𐑒𐑢𐑰𐑯	matches
scream queen	NN1	GenAm	ˈskrim kwin	skriːm kwiːn	𐑕𐑒𐑮𐑦𐑥 𐑒𐑢𐑦𐑯	𐑕𐑒𐑮𐑰𐑥𐑒𐑢𐑰𐑯	divergent
De Morgan's law	NN1	GenAm	dɪˈmɔːRɡɪnzˌlɒ		𐑛𐑦𐑥𐑹𐑜𐑦𐑯𐑟𐑤𐑪		unknown
bucket list	NN1	RSSB	ˈbʌkɪt ˌlɪst	ˈbʌkIt lɪst	𐑚𐑳𐑒𐑦𐑑 𐑤𐑦𐑕𐑑	𐑚𐑳𐑒𐑩𐑑𐑤𐑦𐑕𐑑	matches
bucket list	NN1	GenAm	ˈbʌkət ˌlɪst	ˈbʌkIt lɪst	𐑚𐑳𐑒𐑩𐑑 𐑤𐑦𐑕𐑑	𐑚𐑳𐑒𐑩𐑑𐑤𐑦𐑕𐑑	matches
marching orders	NN1	GenAm	ˈmɑːRtʃɪŋˌɔːRtrz	ˈmɑːRtʃɪŋ ˈɔːRdəRz	𐑥𐑸𐑗𐑦𐑙𐑹𐑑𐑮𐑟	𐑥𐑸𐑗𐑦𐑙𐑹𐑛𐑼𐑟	divergent
just so	AV0	RSSB	ˌdʒʌst ˈsəʊ	dʒʌst səʊ	𐑡𐑳𐑕𐑑 𐑕𐑴	𐑡𐑳𐑕𐑑𐑕𐑴	matches
just so	AV0	GenAm	ˌdʒʌst ˈsoʊ	dʒʌst səʊ	𐑡𐑳𐑕𐑑 𐑕𐑴	𐑡𐑳𐑕𐑑𐑕𐑴	matches
turn one's nose up	VVI	RSSB	tɜːRn wʌnz nəʊzʌp	tɜːRn wʌnz nəʊz ʌp	𐑑𐑻𐑯 𐑢𐑳𐑯𐑟 𐑯𐑴𐑟𐑳𐑐	𐑑𐑻𐑯𐑢𐑳𐑯𐑟𐑯𐑴𐑟𐑳𐑐	matches
turn one's nose up	VVI	GenAm	ˌtɜːRn wʌnz ˈnoʊzʌp	tɜːRn wʌnz nəʊz ʌp	𐑑𐑻𐑯 𐑢𐑳𐑯𐑟 𐑯𐑴𐑟𐑳𐑐	𐑑𐑻𐑯𐑢𐑳𐑯𐑟𐑯𐑴𐑟𐑳𐑐	matches
yippee ki-yay	ITJ	RSSB	ˈjɪpiː kaɪˈjeɪ		𐑘𐑦𐑐𐑰 𐑒𐑲𐑘𐑱		unknown
yippee ki-yay	ITJ	GenAm	ˈjɪpi kaɪˈjeɪ		𐑘𐑦𐑐𐑦 𐑒𐑲𐑘𐑱		unknown
herostratic fame	NN1	RSSB	hɪərəʊstrætɪk ˈfeɪm		𐑣𐑽𐑴𐑕𐑑𐑮𐑨𐑑𐑦𐑒 𐑓𐑱𐑥		unknown
herostratic fame	NN1	GenAm	ˌhɪroʊˌstrætɪk ˈfeɪm	ˌhɪroʊˈstrætɪk feɪm	𐑣𐑦𐑮𐑴𐑕𐑑𐑮𐑨𐑑𐑦𐑒 𐑓𐑱𐑥	𐑣𐑦𐑮𐑴𐑕𐑑𐑮𐑨𐑑𐑦𐑒𐑓𐑱𐑥	matches
clown car	NN1	GenAm	ˈklaʊn kɑːR	klaʊn kɑːR	𐑒𐑤𐑬𐑯 𐑒𐑸	𐑒𐑤𐑬𐑯𐑒𐑸	matches
clown car	NN1	RSSB	ˈklaʊn kɑːR	klaʊn kɑːR	𐑒𐑤𐑬𐑯 𐑒𐑸	𐑒𐑤𐑬𐑯𐑒𐑸	matches
citation needed	UNC	RSSB	ˌsaɪˈteɪʃən ˈniːdƏd	saɪˈteɪʃən ˈniːdƏd	𐑕𐑲𐑑𐑱𐑖𐑩𐑯 𐑯𐑰𐑛𐑩𐑛	𐑕𐑲𐑑𐑱𐑖𐑩𐑯𐑯𐑰𐑛𐑩𐑛	matches
citation needed	UNC	GenAm	ˌsaɪˈteɪʃən ˈnidƏd	saɪˈteɪʃən ˈniːdƏd	𐑕𐑲𐑑𐑱𐑖𐑩𐑯 𐑯𐑦𐑛𐑩𐑛	𐑕𐑲𐑑𐑱𐑖𐑩𐑯𐑯𐑰𐑛𐑩𐑛	divergent
in sha Allah	ITJ	GenAm	ˌɪnʃˈɒlə		𐑦𐑯𐑖𐑪𐑤𐑩		unknown
prickly heat	NN1	GenAm	ˈprɪk li ˈhit	ˈprɪkli hiːt	𐑐𐑮𐑦𐑒 𐑤𐑦 𐑣𐑦𐑑	𐑐𐑮𐑦𐑒𐑤𐑦𐑣𐑰𐑑	divergent
fairy chess	NN1	RSSB	fɜːrɪtʃes	ˈfeəri tʃes	𐑓𐑻𐑦𐑗𐑧𐑕	𐑓𐑺𐑦𐑗𐑧𐑕	divergent
fairy chess	NN1	GenAm	ˈferiˌtʃes	ˈfeəri tʃes	𐑓𐑧𐑮𐑦𐑗𐑧𐑕	𐑓𐑺𐑦𐑗𐑧𐑕	divergent
Scilly Islander	NN1	RSSB	ˈsɪli aɪləndər		𐑕𐑦𐑤𐑦 𐑲𐑤𐑩𐑯𐑛𐑼		unknown
404 page	NN1	GenAm	ˌfɔːRoʊˈfɔːRpeɪdʒ		𐑓𐑹𐑴𐑓𐑹𐑐𐑱𐑡		unknown
money's worth	NN1	RSSB	mʌnizwɜːRθ		𐑥𐑳𐑯𐑦𐑟𐑢𐑻𐑔		unknown
money's worth	NN1	GenAm	ˈmʌnizˌwəRθ		𐑥𐑳𐑯𐑦𐑟𐑢𐑼𐑔		unknown
organ grinder	NN1	RSSB	ɔːRɡən ɡraɪndəR	ˈɔːRɡən ˈɡraɪndəR	𐑹𐑜𐑩𐑯 𐑜𐑮𐑲𐑯𐑛𐑼	𐑹𐑜𐑩𐑯𐑜𐑮𐑲𐑯𐑛𐑼	matches
organ grinder	NN1	GenAm	ˈɔːRɡən ˌɡraɪndər	ˈɔːRɡən ˈɡraɪndəR	𐑹𐑜𐑩𐑯 𐑜𐑮𐑲𐑯𐑛𐑼	𐑹𐑜𐑩𐑯𐑜𐑮𐑲𐑯𐑛𐑼	matches
blue shark	NN1	GenAm	bluː ʃɑːrk	bluː ʃɑːRk	𐑚𐑤𐑵 𐑖𐑸𐑒	𐑚𐑤𐑵𐑖𐑸𐑒	matches
San Antonio	NP0	GenAm	sænənˈtoʊnioʊ		𐑕𐑨𐑯𐑩𐑯𐑑𐑴𐑯𐑦𐑴		unknown
en femme	AJ0	RSSB	ɒn ˈfɑːm		𐑪𐑯 𐑓𐑭𐑥		unknown
en femme	AJ0	GenAm	ɒn ˈfɒm		𐑪𐑯 𐑓𐑪𐑥		unknown
en femme	AV0	RSSB	ɒn ˈfɑːm		𐑪𐑯 𐑓𐑭𐑥		unknown
en femme	AV0	GenAm	ɒn ˈfɒm		𐑪𐑯 𐑓𐑪𐑥		unknown
no homo	AV0	GenAm	ˌnoʊ ˈhoʊmoʊ	nəʊ ˈhəʊməʊ	𐑯𐑴 𐑣𐑴𐑥𐑴	𐑯𐑴𐑣𐑴𐑥𐑴	matches
father-bother merger	NN1	RSSB	fɑːðəR bɒðəR mɜːRdʒəR		𐑓𐑭𐑞𐑼 𐑚𐑪𐑞𐑼 𐑥𐑻𐑡𐑼		unknown
father-bother merger	NN1	GenAm	ˌfɒðəR ˈbɒðəR ˈmɜːRdʒəR		𐑓𐑪𐑞𐑼 𐑚𐑪𐑞𐑼 𐑥𐑻𐑡𐑼		unknown
soya sauce	NN1	RSSB	ˈsɔɪə sɔːs	ˈsɔɪə sɔːs	𐑕𐑶𐑩 𐑕𐑷𐑕	𐑕𐑶𐑩𐑕𐑷𐑕	matches
good morrow	ITJ	RSSB	ɡʊd ˈmɒrəʊ	ɡʊd ˈmɒrəʊ	𐑜𐑫𐑛 𐑥𐑪𐑮𐑴	𐑜𐑫𐑛𐑥𐑪𐑮𐑴	matches
good morrow	NN1	RSSB	ɡʊd ˈmɒrəʊ	ɡʊd ˈmɒrəʊ	𐑜𐑫𐑛 𐑥𐑪𐑮𐑴	𐑜𐑫𐑛𐑥𐑪𐑮𐑴	matches
worship the porcelain god	VVI	RSSB	wɜːRʃɪp ðə pɔːRsəlɪn ˈɡɒd	ˈwɜːRʃɪp Ð ˈpɔːRsəlɪn ɡɒd	𐑢𐑻𐑖𐑦𐑐 𐑞𐑩 𐑐𐑹𐑕𐑩𐑤𐑦𐑯 𐑜𐑪𐑛	𐑢𐑻𐑖𐑦𐑐𐑞𐑐𐑹𐑕𐑩𐑤𐑦𐑯𐑜𐑪𐑛	divergent
worship the porcelain god	VVI	GenAm	ˈwɜːRʃɪp ðə ˈpɔːRsəlɪn ˈɡɒd	ˈwɜːRʃɪp Ð ˈpɔːRsəlɪn ɡɒd	𐑢𐑻𐑖𐑦𐑐 𐑞𐑩 𐑐𐑹𐑕𐑩𐑤𐑦𐑯 𐑜𐑪𐑛	𐑢𐑻𐑖𐑦𐑐𐑞𐑐𐑹𐑕𐑩𐑤𐑦𐑯𐑜𐑪𐑛	divergent
worship the porcelain god	VVI	GenAm	ˈwɜːRʃɪp ðə ˈpɔːRslɪn ˈɡɒd	ˈwɜːRʃɪp Ð ˈpɔːRsəlɪn ɡɒd	𐑢𐑻𐑖𐑦𐑐 𐑞𐑩 𐑐𐑹𐑕𐑤𐑦𐑯 𐑜𐑪𐑛	𐑢𐑻𐑖𐑦𐑐𐑞𐑐𐑹𐑕𐑩𐑤𐑦𐑯𐑜𐑪𐑛	divergent
Sputnik moment	NN1	RSSB	ˈspʊtnɪk ˈməʊmənt	ˈspʊtnɪk ˈməʊmənt	𐑕𐑐𐑫𐑑𐑯𐑦𐑒 𐑥𐑴𐑥𐑩𐑯𐑑	𐑕𐑐𐑫𐑑𐑯𐑦𐑒𐑥𐑴𐑥𐑩𐑯𐑑	matches
Sputnik moment	NN1	GenAm	ˈspʊtnɪk ˈmoʊmənt	ˈspʊtnɪk ˈməʊmənt	𐑕𐑐𐑫𐑑𐑯𐑦𐑒 𐑥𐑴𐑥𐑩𐑯𐑑	𐑕𐑐𐑫𐑑𐑯𐑦𐑒𐑥𐑴𐑥𐑩𐑯𐑑	matches
Sputnik moment	NN1	RSSB	ˈspʌtnɪk ˈməʊmənt	ˈspʊtnɪk ˈməʊmənt	𐑕𐑐𐑳𐑑𐑯𐑦𐑒 𐑥𐑴𐑥𐑩𐑯𐑑	𐑕𐑐𐑫𐑑𐑯𐑦𐑒𐑥𐑴𐑥𐑩𐑯𐑑	divergent
Sputnik moment	NN1	GenAm	ˈspʌtnɪk ˈmoʊmənt	ˈspʊtnɪk ˈməʊmənt	𐑕𐑐𐑳𐑑𐑯𐑦𐑒 𐑥𐑴𐑥𐑩𐑯𐑑	𐑕𐑐𐑫𐑑𐑯𐑦𐑒𐑥𐑴𐑥𐑩𐑯𐑑	divergent
dream pop	NN1	RSSB	ˈdriːm ˌpɒp	driːm pɒp	𐑛𐑮𐑰𐑥 𐑐𐑪𐑐	𐑛𐑮𐑰𐑥𐑐𐑪𐑐	matches
dream pop	NN1	GenAm	ˈdrim ˌpɒp	driːm pɒp	𐑛𐑮𐑦𐑥 𐑐𐑪𐑐	𐑛𐑮𐑰𐑥𐑐𐑪𐑐	divergent
Dijkstra's algorithm	NP0	RSSB	daɪkstrəz ælɡərɪðəm		𐑛𐑲𐑒𐑕𐑑𐑮𐑩𐑟 𐑨𐑤𐑜𐑼𐑦𐑞𐑩𐑥		unknown
bite off	VVI	RSSB	ˈbaɪˌtɒf	baɪt ɒf	𐑚𐑲𐑑𐑪𐑓	𐑚𐑲𐑑𐑪𐑓	matches
bite off	VVI	RSSB	ˈbaɪˌtɔːf	baɪt ɒf	𐑚𐑲𐑑𐑷𐑓	𐑚𐑲𐑑𐑪𐑓	divergent
boiling frog	NN1	RSSB	ˈbɔɪlɪŋ ˌfrɒɡ	ˈbɔɪlɪŋ frɒɡ	𐑚𐑶𐑤𐑦𐑙 𐑓𐑮𐑪𐑜	𐑚𐑶𐑤𐑦𐑙𐑓𐑮𐑪𐑜	matches
boiling frog	NN1	GenAm	ˈbɔɪlɪŋ ˌfrɒɡ	ˈbɔɪlɪŋ frɒɡ	𐑚𐑶𐑤𐑦𐑙 𐑓𐑮𐑪𐑜	𐑚𐑶𐑤𐑦𐑙𐑓𐑮𐑪𐑜	matches
beer o'clock	NN1	RSSB	bɪərəklɒk	bɪəR əˈklɒk	𐑚𐑽𐑩𐑒𐑤𐑪𐑒	𐑚𐑽𐑩𐑒𐑤𐑪𐑒	matches
beer o'clock	NN1	RSSB	bɪərəʊklɒk	bɪəR əˈklɒk	𐑚𐑽𐑴𐑒𐑤𐑪𐑒	𐑚𐑽𐑩𐑒𐑤𐑪𐑒	divergent
beer o'clock	NN1	GenAm	ˌbɪr əˈklɒk	bɪəR əˈklɒk	𐑚𐑦𐑮 𐑩𐑒𐑤𐑪𐑒	𐑚𐑽𐑩𐑒𐑤𐑪𐑒	divergent
beer o'clock	NN1	GenAm	ˌbɪr oʊˈklɒk	bɪəR əˈklɒk	𐑚𐑦𐑮 𐑴𐑒𐑤𐑪𐑒	𐑚𐑽𐑩𐑒𐑤𐑪𐑒	divergent
beer o'clock	NN1	GenAm	ˌbiər əˈklɒk	bɪəR əˈklɒk	𐑚𐑽 𐑩𐑒𐑤𐑪𐑒	𐑚𐑽𐑩𐑒𐑤𐑪𐑒	matches
embarrassingly parallel	AJ0	RSSB	ɪmbærəsɪŋli pærəlel	ɪmˈbærəsɪŋli ˈpærəlel	𐑦𐑥𐑚𐑨𐑮𐑩𐑕𐑦𐑙𐑤𐑦 𐑐𐑨𐑮𐑩𐑤𐑧𐑤	𐑦𐑥𐑚𐑨𐑮𐑩𐑕𐑦𐑙𐑤𐑦𐑐𐑨𐑮𐑩𐑤𐑧𐑤	matches
embarrassingly parallel	AJ0	GenAm	əmˈberəsɪŋli ˈperəˌlel	ɪmˈbærəsɪŋli ˈpærəlel	𐑩𐑥𐑚𐑧𐑮𐑩𐑕𐑦𐑙𐑤𐑦 𐑐𐑧𐑮𐑩𐑤𐑧𐑤	𐑦𐑥𐑚𐑨𐑮𐑩𐑕𐑦𐑙𐑤𐑦𐑐𐑨𐑮𐑩𐑤𐑧𐑤	divergent
under one's own steam	UNC	RSSB	ʌndəR ˈwʌnz əʊn ˈstiːm	ˈʌndəR wʌnz əʊn stiːm	𐑳𐑯𐑛𐑼 𐑢𐑳𐑯𐑟 𐑴𐑯 𐑕𐑑𐑰𐑥	𐑳𐑯𐑛𐑼𐑢𐑳𐑯𐑟𐑴𐑯𐑕𐑑𐑰𐑥	matches
under one's own steam	UNC	GenAm	ˌʌndəR ˈwʌnz oʊn ˈstim	ˈʌndəR wʌnz əʊn stiːm	𐑳𐑯𐑛𐑼 𐑢𐑳𐑯𐑟 𐑴𐑯 𐑕𐑑𐑦𐑥	𐑳𐑯𐑛𐑼𐑢𐑳𐑯𐑟𐑴𐑯𐑕𐑑𐑰𐑥	divergent
internally displaced person	NN1	RSSB	ɪntɜːRnəli dɪsˌpleɪst pɜːRsən	ɪnˈtɜːRnəli dɪsˈpleɪst ˈpɜːRsən	𐑦𐑯𐑑𐑻𐑯𐑩𐑤𐑦 𐑛𐑦𐑕𐑐𐑤𐑱𐑕𐑑 𐑐𐑻𐑕𐑩𐑯	𐑦𐑯𐑑𐑻𐑯𐑩𐑤𐑦𐑛𐑦𐑕𐑐𐑤𐑱𐑕𐑑𐑐𐑻𐑕𐑩𐑯	matches
internally displaced person	NN1	GenAm	ɪnˌtɜːRnəli dɪsˌpleɪst ˈpɜːRsən	ɪnˈtɜːRnəli dɪsˈpleɪst ˈpɜːRsən	𐑦𐑯𐑑𐑻𐑯𐑩𐑤𐑦 𐑛𐑦𐑕𐑐𐑤𐑱𐑕𐑑 𐑐𐑻𐑕𐑩𐑯	𐑦𐑯𐑑𐑻𐑯𐑩𐑤𐑦𐑛𐑦𐑕𐑐𐑤𐑱𐑕𐑑𐑐𐑻𐑕𐑩𐑯	matches
diatrizoic acid	NN1	GenAm	ˌdaɪətraɪˌzoʊɪk ˈæsƏd		𐑛𐑲𐑩𐑑𐑮𐑲𐑟𐑴𐑦𐑒 𐑨𐑕𐑩𐑛		unknown
pis aller	NN1	RSSB	piːzˈaleɪ		𐑐𐑰𐑟𐑨𐑤𐑱		unknown
are you OK	UNC	RSSB	ɑːR juː əʊˈkeɪ	ɑːR juː ˌəʊˈkeɪ	𐑸 𐑿 𐑴𐑒𐑱	𐑸𐑿𐑴𐑒𐑱	matches
are you OK	UNC	GenAm	ɑːR juː oʊˈkeɪ	ɑːR juː ˌəʊˈkeɪ	𐑸 𐑿 𐑴𐑒𐑱	𐑸𐑿𐑴𐑒𐑱	matches
academic year	NN1	RSSB	ˌækəˈdemɪk jɪəR	ˌækəˈdemɪk jɪəR	𐑨𐑒𐑩𐑛𐑧𐑥𐑦𐑒 𐑘𐑽	𐑨𐑒𐑩𐑛𐑧𐑥𐑦𐑒𐑘𐑽	matches
academic year	NN1	GenAm	ˌækəˈdemɪk jɪr	ˌækəˈdemɪk jɪəR	𐑨𐑒𐑩𐑛𐑧𐑥𐑦𐑒 𐑘𐑦𐑮	𐑨𐑒𐑩𐑛𐑧𐑥𐑦𐑒𐑘𐑽	divergent
moral compass	NN1	RSSB	mɒrəl ˈkʌmpəs	ˈmɒrəl ˈkʌmpəs	𐑥𐑪𐑮𐑩𐑤 𐑒𐑳𐑥𐑐𐑩𐑕	𐑥𐑪𐑮𐑩𐑤𐑒𐑳𐑥𐑐𐑩𐑕	matches
moral compass	NN1	GenAm	ˌmɔːRəl ˈkʌmpəs	ˈmɒrəl ˈkʌmpəs	𐑥𐑹𐑩𐑤 𐑒𐑳𐑥𐑐𐑩𐑕	𐑥𐑪𐑮𐑩𐑤𐑒𐑳𐑥𐑐𐑩𐑕	divergent
herd immunity	NN1	RSSB	həRːd ɪˈmjuːnɪti	hɜːRd ɪˈmjuːnɪti	𐑣𐑼𐑛 𐑦𐑥𐑿𐑯𐑦𐑑𐑦	𐑣𐑻𐑛𐑦𐑥𐑿𐑯𐑦𐑑𐑦	divergent
herd immunity	NN1	GenAm	ˈhəRd ɪˈmjunəti	hɜːRd ɪˈmjuːnɪti	𐑣𐑼𐑛 𐑦𐑥𐑘𐑫𐑯𐑩𐑑𐑦	𐑣𐑻𐑛𐑦𐑥𐑿𐑯𐑦𐑑𐑦	divergent
grande dame	NN1	RSSB	ˌɡrɒ ˈdɑːm	ɡrænd deɪm	𐑜𐑮𐑪 𐑛𐑭𐑥	𐑜𐑮𐑨𐑯𐑛𐑛𐑱𐑥	divergent
grande dame	NN1	GenAm	ˌɡrɒnd ˈdɒm	ɡrænd deɪm	𐑜𐑮𐑪𐑯𐑛 𐑛𐑪𐑥	𐑜𐑮𐑨𐑯𐑛𐑛𐑱𐑥	divergent
La Rochelle	NP0	RSSB	ˌla rɒˈʃel	ˌeˈleɪ ˌrɒˈʃel	𐑤𐑨 𐑮𐑪𐑖𐑧𐑤	𐑧𐑤𐑱𐑮𐑪𐑖𐑧𐑤	divergent
La Rochelle	NP0	GenAm	ˌlɒ roʊˈʃel	ˌeˈleɪ ˌrɒˈʃel	𐑤𐑪 𐑮𐑴𐑖𐑧𐑤	𐑧𐑤𐑱𐑮𐑪𐑖𐑧𐑤	divergent
phys ed	NN1	GenAm	fɪz ˈed		𐑓𐑦𐑟 𐑧𐑛		unknown
Giro d'Italia	NP0	RSSB	dʒɪərəʊ dɪˈtaljə		𐑡𐑽𐑴 𐑛𐑦𐑑𐑨𐑤𐑘𐑩		unknown
Giro d'Italia	NP0	GenAm	ˌdʒiroʊ dɪˈtæljə		𐑡𐑦𐑮𐑴 𐑛𐑦𐑑𐑨𐑤𐑘𐑩		unknown
Vuelta a España	NP0	RSSB	ˌvweltə aɪɪsˈpænjə		𐑝𐑢𐑧𐑤𐑑𐑩 𐑲𐑦𐑕𐑐𐑨𐑯𐑘𐑩		unknown
Vuelta a España	NP0	GenAm	ˌvweltə aɪ esˈpɒnjə		𐑝𐑢𐑧𐑤𐑑𐑩 𐑲 𐑧𐑕𐑐𐑪𐑯𐑘𐑩		unknown
tutelary deity	NN1	RSSB	tʃuːtɪləri ˈdiːəti	ˈtjuːtɪləri ˈdiːɪti	𐑗𐑵𐑑𐑦𐑤𐑼𐑦 𐑛𐑰𐑩𐑑𐑦	𐑑𐑿𐑑𐑦𐑤𐑼𐑦𐑛𐑰𐑦𐑑𐑦	divergent
tutelary deity	NN1	GenAm	ˈtutɪlɜːRi ˈdeɪəti	ˈtuːtɪləri ˈdiːɪti	𐑑𐑫𐑑𐑦𐑤𐑻𐑦 𐑛𐑱𐑩𐑑𐑦	𐑑𐑵𐑑𐑦𐑤𐑼𐑦𐑛𐑰𐑦𐑑𐑦	divergent
sail close to the wind	VVI	RSSB	seɪl ˈkləʊs təðə ˈwɪnd	seɪl kləʊs T Ð wɪnd	𐑕𐑱𐑤 𐑒𐑤𐑴𐑕 𐑑𐑩𐑞𐑩 𐑢𐑦𐑯𐑛	𐑕𐑱𐑤𐑒𐑤𐑴𐑕𐑑𐑞𐑢𐑦𐑯𐑛	divergent
sail close to the wind	VVI	GenAm	seɪl ˈkloʊs təðə ˈwɪnd	seɪl kləʊs T Ð wɪnd	𐑕𐑱𐑤 𐑒𐑤𐑴𐑕 𐑑𐑩𐑞𐑩 𐑢𐑦𐑯𐑛	𐑕𐑱𐑤𐑒𐑤𐑴𐑕𐑑𐑞𐑢𐑦𐑯𐑛	divergent
jail fever	NN1	RSSB	ˈdʒeɪl fiːvəR	dʒeɪl ˈfiːvəR	𐑡𐑱𐑤 𐑓𐑰𐑝𐑼	𐑡𐑱𐑤𐑓𐑰𐑝𐑼	matches
jail fever	NN1	GenAm	ˈdʒeɪl ˌfivər	dʒeɪl ˈfiːvəR	𐑡𐑱𐑤 𐑓𐑦𐑝𐑼	𐑡𐑱𐑤𐑓𐑰𐑝𐑼	divergent
chance upon	VVI	RSSB	ˈtʃɑːns əˌpɒn	tʃⱭːns əˈpɒn	𐑗𐑭𐑯𐑕 𐑩𐑐𐑪𐑯	𐑗𐑭𐑯𐑕𐑩𐑐𐑪𐑯	matches
chance upon	VVI	GenAm	ˈtʃæns əˌpɒn	tʃⱭːns əˈpɒn	𐑗𐑨𐑯𐑕 𐑩𐑐𐑪𐑯	𐑗𐑭𐑯𐑕𐑩𐑐𐑪𐑯	matches
pin money	NN1	RSSB	ˈpɪnmʌni	pɪn ˈmʌni	𐑐𐑦𐑯𐑥𐑳𐑯𐑦	𐑐𐑦𐑯𐑥𐑳𐑯𐑦	matches
wham, bam, thank you ma'am	UNC	RSSB	ˌwæm ˌbæm ˌθæŋk ˌjuː ˈmæm		𐑢𐑨𐑥 𐑚𐑨𐑥 𐑔𐑨𐑙𐑒 𐑿 𐑥𐑨𐑥		unknown
wham, bam, thank you ma'am	UNC	GenAm	ˌwæm ˌbæm ˌθæŋk ˌju ˈmæm		𐑢𐑨𐑥 𐑚𐑨𐑥 𐑔𐑨𐑙𐑒 𐑘𐑫 𐑥𐑨𐑥		unknown
golden touch	NN1	RSSB	ˌɡəʊldən ˈtʌtʃ	ˈɡəʊldən tʌtʃ	𐑜𐑴𐑤𐑛𐑩𐑯 𐑑𐑳𐑗	𐑜𐑴𐑤𐑛𐑩𐑯𐑑𐑳𐑗	matches
golden touch	NN1	GenAm	ˌɡoʊldən ˈtʌtʃ	ˈɡəʊldən tʌtʃ	𐑜𐑴𐑤𐑛𐑩𐑯 𐑑𐑳𐑗	𐑜𐑴𐑤𐑛𐑩𐑯𐑑𐑳𐑗	matches
abdominal ring	NN1	GenAm	æbˈdɒmənəl rɪŋ	æbˈdɒmɪnəl rɪŋ	𐑨𐑚𐑛𐑪𐑥𐑩𐑯𐑩𐑤 𐑮𐑦𐑙	𐑨𐑚𐑛𐑪𐑥𐑦𐑯𐑩𐑤𐑮𐑦𐑙	matches
abdominal ring	NN1	GenAm	əbˈdɒmənəl rɪŋ	æbˈdɒmɪnəl rɪŋ	𐑩𐑚𐑛𐑪𐑥𐑩𐑯𐑩𐑤 𐑮𐑦𐑙	𐑨𐑚𐑛𐑪𐑥𐑦𐑯𐑩𐑤𐑮𐑦𐑙	matches
holy water sprinkler	NN1	RSSB	ˈhəʊli wɔːtəR sprɪŋkləR	ˈhəʊli ˈwɔːtər ˈsprɪŋkləR	𐑣𐑴𐑤𐑦 𐑢𐑷𐑑𐑼 𐑕𐑐𐑮𐑦𐑙𐑒𐑤𐑼	𐑣𐑴𐑤𐑦𐑢𐑷𐑑𐑼𐑕𐑐𐑮𐑦𐑙𐑒𐑤𐑼	matches
holy water sprinkler	NN1	GenAm	ˈhoʊli ˌwɒtər ˈsprɪŋkələr	ˈhəʊli ˈwɔːtər ˈsprɪŋkləR	𐑣𐑴𐑤𐑦 𐑢𐑪𐑑𐑼 𐑕𐑐𐑮𐑦𐑙𐑒𐑩𐑤𐑼	𐑣𐑴𐑤𐑦𐑢𐑷𐑑𐑼𐑕𐑐𐑮𐑦𐑙𐑒𐑤𐑼	divergent
TG girl	NN1	RSSB	tiːdʒiːɡɜːRl		𐑑𐑰𐑡𐑰𐑜𐑻𐑤		unknown
hold the ring	VVI	RSSB	ˈhəʊld ðə ˌrɪŋ	həʊld Ð rɪŋ	𐑣𐑴𐑤𐑛 𐑞𐑩 𐑮𐑦𐑙	𐑣𐑴𐑤𐑛𐑞𐑮𐑦𐑙	divergent
hold the ring	VVI	GenAm	ˈhoʊld ðə ˌrɪŋ	həʊld Ð rɪŋ	𐑣𐑴𐑤𐑛 𐑞𐑩 𐑮𐑦𐑙	𐑣𐑴𐑤𐑛𐑞𐑮𐑦𐑙	divergent
hold the ring	VVI	RSSB	ˈhɔʊld ðə ˌrɪŋ	həʊld Ð rɪŋ	𐑣𐑷𐑫𐑤𐑛 𐑞𐑩 𐑮𐑦𐑙	𐑣𐑴𐑤𐑛𐑞𐑮𐑦𐑙	divergent
boy pussy	NN1	GenAm	ˈboɪˌpʊsi	bɔɪ ˈpʊsi	𐑚𐑪𐑦𐑐𐑫𐑕𐑦	𐑚𐑶𐑐𐑫𐑕𐑦	divergent
now or never	AV0	RSSB	naʊə nevəR	naʊ ɔːR ˈnevəR	𐑯𐑬𐑩 𐑯𐑧𐑝𐑼	𐑯𐑬𐑹𐑯𐑧𐑝𐑼	divergent
now or never	AV0	GenAm	ˌnaʊər ˈnevər	naʊ ɔːR ˈnevəR	𐑯𐑬𐑼 𐑯𐑧𐑝𐑼	𐑯𐑬𐑹𐑯𐑧𐑝𐑼	divergent
a la minute	AJ0	GenAm	ˌɒləmiˈnut	ə ˌeˈleɪ maɪˈnuːt	𐑪𐑤𐑩𐑥𐑦𐑯𐑫𐑑	𐑩𐑧𐑤𐑱𐑥𐑲𐑯𐑵𐑑	divergent
a la minute	AV0	GenAm	ˌɒləmiˈnut	ə ˌeˈleɪ maɪˈnuːt	𐑪𐑤𐑩𐑥𐑦𐑯𐑫𐑑	𐑩𐑧𐑤𐑱𐑥𐑲𐑯𐑵𐑑	divergent
venire facias	NN1	RSSB	vɪnʌɪəriː ˈfeɪʃɪas		𐑝𐑦𐑯𐑳𐑽𐑰 𐑓𐑱𐑖𐑦𐑨𐑕		unknown
Quaker gun	NN1	RSSB	kweɪkəR ˈɡʌn	ˈkweɪkəR ɡʌn	𐑒𐑢𐑱𐑒𐑼 𐑜𐑳𐑯	𐑒𐑢𐑱𐑒𐑼𐑜𐑳𐑯	matches
Quaker gun	NN1	GenAm	ˌkweɪkər ˈɡʌn	ˈkweɪkəR ɡʌn	𐑒𐑢𐑱𐑒𐑼 𐑜𐑳𐑯	𐑒𐑢𐑱𐑒𐑼𐑜𐑳𐑯	matches
Saint Louis	NP0	GenAm	seɪnt ˈluːɪs	ˈseɪnt ˈluːi	𐑕𐑱𐑯𐑑 𐑤𐑵𐑦𐑕	𐑕𐑱𐑯𐑑𐑤𐑵𐑦	divergent
Saint Louis	NP0	GenAm	seɪnt ˈluəs	ˈseɪnt ˈluːi	𐑕𐑱𐑯𐑑 𐑤𐑫𐑩𐑕	𐑕𐑱𐑯𐑑𐑤𐑵𐑦	divergent
Saint Louis	NP0	GenAm	seɪntˈluːwi	ˈseɪnt ˈluːi	𐑕𐑱𐑯𐑑𐑤𐑵𐑢𐑦	𐑕𐑱𐑯𐑑𐑤𐑵𐑦	divergent
Saint Louis	NP0	GenAm	sənt ˈluːɪs	ˈseɪnt ˈluːi	𐑕𐑩𐑯𐑑 𐑤𐑵𐑦𐑕	𐑕𐑱𐑯𐑑𐑤𐑵𐑦	divergent
Saint Louis	NP0	GenAm	sɒn ˈlui	ˈseɪnt ˈluːi	𐑕𐑪𐑯 𐑤𐑫𐑦	𐑕𐑱𐑯𐑑𐑤𐑵𐑦	divergent
Saint Louis	NP0	RSSB	seɪnt ˈluːwiː	ˈseɪnt ˈluːi	𐑕𐑱𐑯𐑑 𐑤𐑵𐑢𐑰	𐑕𐑱𐑯𐑑𐑤𐑵𐑦	divergent
kiddy widdy	NN1	GenAm	ˈkɪtiˈwɪti		𐑒𐑦𐑑𐑦𐑢𐑦𐑑𐑦		unknown
youth is wasted on the young	UNC	RSSB	ˌjuːθɪz ˈweɪstɪdɒn ðə ˈjʌŋ	juːθ ɪz ˈweɪstƏd ɒn Ð jʌŋ	𐑿𐑔𐑦𐑟 𐑢𐑱𐑕𐑑𐑦𐑛𐑪𐑯 𐑞𐑩 𐑘𐑳𐑙	𐑿𐑔𐑦𐑟𐑢𐑱𐑕𐑑𐑩𐑛𐑪𐑯𐑞𐑘𐑳𐑙	divergent
youth is wasted on the young	UNC	GenAm	ˌjuθɪz ˈweɪstɪdɒn ðə ˈjʌŋ	juːθ ɪz ˈweɪstƏd ɒn Ð jʌŋ	𐑘𐑫𐑔𐑦𐑟 𐑢𐑱𐑕𐑑𐑦𐑛𐑪𐑯 𐑞𐑩 𐑘𐑳𐑙	𐑿𐑔𐑦𐑟𐑢𐑱𐑕𐑑𐑩𐑛𐑪𐑯𐑞𐑘𐑳𐑙	divergent
Dún Laoghaire	NP0	GenAm	dʌn ˈlɪrə		𐑛𐑳𐑯 𐑤𐑦𐑮𐑩		unknown
Dún Laoghaire	NP0	RSSB	dʌn lɪərə		𐑛𐑳𐑯 𐑤𐑽𐑩		unknown
dos and don'ts	NN1	RSSB	ˌduːzən ˈdəʊnts		𐑛𐑵𐑟𐑩𐑯 𐑛𐑴𐑯𐑑𐑕		unknown
dos and don'ts	NN1	GenAm	ˌduzən ˈdoʊnts		𐑛𐑫𐑟𐑩𐑯 𐑛𐑴𐑯𐑑𐑕		unknown
Den Bosch	NP0	RSSB	ˌden ˈbɒs	den bɒʃ	𐑛𐑧𐑯 𐑚𐑪𐑕	𐑛𐑧𐑯𐑚𐑪𐑖	divergent
Den Bosch	NP0	GenAm	ˌden ˈbɒs	den bɒʃ	𐑛𐑧𐑯 𐑚𐑪𐑕	𐑛𐑧𐑯𐑚𐑪𐑖	divergent
Arab Spring	NP0	GenAm	ɜːrəb sprɪŋ	ˈærəb sprɪŋ	𐑻𐑩𐑚 𐑕𐑐𐑮𐑦𐑙	𐑨𐑮𐑩𐑚𐑕𐑐𐑮𐑦𐑙	divergent
use a sledgehammer to crack a nut	VVI	RSSB	juːzə sledʒhæməR tə krækə nʌt	juːs ə ˈsledʒhæməR T kræk ə nʌt	𐑿𐑟𐑩 𐑕𐑤𐑧𐑡𐑣𐑨𐑥𐑼 𐑑𐑩 𐑒𐑮𐑨𐑒𐑩 𐑯𐑳𐑑	𐑿𐑕𐑩𐑕𐑤𐑧𐑡𐑣𐑨𐑥𐑼𐑑𐑒𐑮𐑨𐑒𐑩𐑯𐑳𐑑	divergent
use a sledgehammer to crack a nut	VVI	GenAm	ˌjuzə ˈsledʒhæməR tə ˌkrækə ˈnʌt	juːs ə ˈsledʒhæməR T kræk ə nʌt	𐑘𐑫𐑟𐑩 𐑕𐑤𐑧𐑡𐑣𐑨𐑥𐑼 𐑑𐑩 𐑒𐑮𐑨𐑒𐑩 𐑯𐑳𐑑	𐑿𐑕𐑩𐑕𐑤𐑧𐑡𐑣𐑨𐑥𐑼𐑑𐑒𐑮𐑨𐑒𐑩𐑯𐑳𐑑	divergent
V card	NN1	RSSB	ˌviː kɑːRd	viː kɑːRd	𐑝𐑰 𐑒𐑸𐑛	𐑝𐑰𐑒𐑸𐑛	matches
V card	NN1	GenAm	ˌvi ˈkɑːRd	viː kɑːRd	𐑝𐑦 𐑒𐑸𐑛	𐑝𐑰𐑒𐑸𐑛	divergent
service dog	NN1	RSSB	sɜːRvɪs ˌdɒɡ	ˈsɜːRvɪs dɒɡ	𐑕𐑻𐑝𐑦𐑕 𐑛𐑪𐑜	𐑕𐑻𐑝𐑦𐑕𐑛𐑪𐑜	matches
service dog	NN1	GenAm	ˈsɜːRvɪs ˌdɒɡ	ˈsɜːRvɪs dɒɡ	𐑕𐑻𐑝𐑦𐑕 𐑛𐑪𐑜	𐑕𐑻𐑝𐑦𐑕𐑛𐑪𐑜	matches
as I live and breathe	UNC	RSSB	æz aɪ lɪv ænd briːð	æz aɪ lɪv N briːð	𐑨𐑟 𐑲 𐑤𐑦𐑝 𐑨𐑯𐑛 𐑚𐑮𐑰𐑞	𐑨𐑟𐑲𐑤𐑦𐑝𐑯𐑚𐑮𐑰𐑞	divergent
as I live and breathe	UNC	GenAm	æz aɪ lɪv ænd brið	æz aɪ lɪv N briːð	𐑨𐑟 𐑲 𐑤𐑦𐑝 𐑨𐑯𐑛 𐑚𐑮𐑦𐑞	𐑨𐑟𐑲𐑤𐑦𐑝𐑯𐑚𐑮𐑰𐑞	divergent
flutter the dovecote	VVI	RSSB	flʌtəR ðə ˈdʌvkɒt	ˈflʌtəR Ð ˈdʌvkət	𐑓𐑤𐑳𐑑𐑼 𐑞𐑩 𐑛𐑳𐑝𐑒𐑪𐑑	𐑓𐑤𐑳𐑑𐑼𐑞𐑛𐑳𐑝𐑒𐑩𐑑	divergent
flutter the dovecote	VVI	GenAm	ˌflʌtəR ðə ˈdʌvkɒt	ˈflʌtəR Ð ˈdʌvkət	𐑓𐑤𐑳𐑑𐑼 𐑞𐑩 𐑛𐑳𐑝𐑒𐑪𐑑	𐑓𐑤𐑳𐑑𐑼𐑞𐑛𐑳𐑝𐑒𐑩𐑑	divergent
maison de passe	NN1	RSSB	ˈmeɪzɒn də pas	ˈmeɪzɒn də ˈpæseɪ	𐑥𐑱𐑟𐑪𐑯 𐑛𐑩 𐑐𐑨𐑕	𐑥𐑱𐑟𐑪𐑯𐑛𐑩𐑐𐑨𐑕𐑱	divergent
correus debendi	NN1	RSSB	kɒrɪəs dɪˈbendaɪ		𐑒𐑪𐑮𐑾𐑕 𐑛𐑦𐑚𐑧𐑯𐑛𐑲		unknown
correi debendi	NN1	RSSB	ˈkɒrɪaɪ dɪˈbendaɪ		𐑒𐑪𐑮𐑦𐑲 𐑛𐑦𐑚𐑧𐑯𐑛𐑲		unknown
monkey puzzle	NN1	RSSB	ˈmʌŋkiˌpʌzəl	ˈmʌŋki ˈpʌzəl	𐑥𐑳𐑙𐑒𐑦𐑐𐑳𐑟𐑩𐑤	𐑥𐑳𐑙𐑒𐑦𐑐𐑳𐑟𐑩𐑤	matches
pactum de non petendo	NN1	RSSB	ˈpæktəm deɪ nɒn peɪˈtendəʊ		𐑐𐑨𐑒𐑑𐑩𐑥 𐑛𐑱 𐑯𐑪𐑯 𐑐𐑱𐑑𐑧𐑯𐑛𐑴		unknown
pactum de non petendo	NN1	GenAm	ˈpæktəm deɪ nɒn peɪˈtendoʊ		𐑐𐑨𐑒𐑑𐑩𐑥 𐑛𐑱 𐑯𐑪𐑯 𐑐𐑱𐑑𐑧𐑯𐑛𐑴		unknown
to one's mind	UNC	RSSB	tuː wʌnz ˈmaɪnd	T wʌnz maɪnd	𐑑𐑵 𐑢𐑳𐑯𐑟 𐑥𐑲𐑯𐑛	𐑑𐑢𐑳𐑯𐑟𐑥𐑲𐑯𐑛	divergent
to one's mind	UNC	GenAm	tu wʌnz ˈmaɪnd	T wʌnz maɪnd	𐑑𐑫 𐑢𐑳𐑯𐑟 𐑥𐑲𐑯𐑛	𐑑𐑢𐑳𐑯𐑟𐑥𐑲𐑯𐑛	divergent
meet cute	NN1	RSSB	ˈmiːt ˌkjuːt	miːt kjuːt	𐑥𐑰𐑑 𐑒𐑿𐑑	𐑥𐑰𐑑𐑒𐑿𐑑	matches
meet cute	NN1	GenAm	ˈmit ˌkjuːt	miːt kjuːt	𐑥𐑦𐑑 𐑒𐑿𐑑	𐑥𐑰𐑑𐑒𐑿𐑑	divergent
meet cute	VVI	RSSB	ˈmiːt ˌkjuːt	miːt kjuːt	𐑥𐑰𐑑 𐑒𐑿𐑑	𐑥𐑰𐑑𐑒𐑿𐑑	matches
meet cute	VVI	GenAm	ˈmit ˌkjuːt	miːt kjuːt	𐑥𐑦𐑑 𐑒𐑿𐑑	𐑥𐑰𐑑𐑒𐑿𐑑	divergent
well and truly	AV0	RSSB	ˌwel ən ˈtruːli	wel N ˈtruːli	𐑢𐑧𐑤 𐑩𐑯 𐑑𐑮𐑵𐑤𐑦	𐑢𐑧𐑤𐑯𐑑𐑮𐑵𐑤𐑦	divergent
well and truly	AV0	GenAm	ˌwel ən ˈtruli	wel N ˈtruːli	𐑢𐑧𐑤 𐑩𐑯 𐑑𐑮𐑫𐑤𐑦	𐑢𐑧𐑤𐑯𐑑𐑮𐑵𐑤𐑦	divergent
ranz des vaches	NN1	RSSB	ˈrɒsdeɪvaʃ		𐑮𐑪𐑕𐑛𐑱𐑝𐑨𐑖		unknown
ranz des vaches	NN1	GenAm	ˈrɒsdeɪvəʃ		𐑮𐑪𐑕𐑛𐑱𐑝𐑩𐑖		unknown
gravo-acute accent	NN1	RSSB	ɡrɑːvəʊəkjuːt ˈæksənt		𐑜𐑮𐑭𐑝𐑴𐑩𐑒𐑿𐑑 𐑨𐑒𐑕𐑩𐑯𐑑		unknown
total football	NN1	RSSB	ˈtəʊtəl ˈfʊtbɔːl	ˈtəʊtəl ˈfʊtbɔːl	𐑑𐑴𐑑𐑩𐑤 𐑓𐑫𐑑𐑚𐑷𐑤	𐑑𐑴𐑑𐑩𐑤𐑓𐑫𐑑𐑚𐑷𐑤	matches
total football	NN1	GenAm	ˈtoʊtəl ˈfʊtbɒl	ˈtəʊtəl ˈfʊtbɔːl	𐑑𐑴𐑑𐑩𐑤 𐑓𐑫𐑑𐑚𐑪𐑤	𐑑𐑴𐑑𐑩𐑤𐑓𐑫𐑑𐑚𐑷𐑤	divergent
pro re nata	UNC	GenAm	ˌproʊˌreɪˈnɒtɒ		𐑐𐑮𐑴𐑮𐑱𐑯𐑪𐑑𐑪		unknown
syllaba anceps	NN1	RSSB	ˈsɪləbə ˈænseps		𐑕𐑦𐑤𐑩𐑚𐑩 𐑨𐑯𐑕𐑧𐑐𐑕		unknown
syllabae ancipites	NN1	RSSB	ˈsɪləbiː ænˈsɪpɪtiːz		𐑕𐑦𐑤𐑩𐑚𐑰 𐑨𐑯𐑕𐑦𐑐𐑦𐑑𐑰𐑟		unknown
roche moutonnée	NN1	RSSB	rɒʃ muːˈtɒneɪ		𐑮𐑪𐑖 𐑥𐑵𐑑𐑪𐑯𐑱		unknown
constructio ad sensum	NN1	RSSB	kɒnstrʌktɪəʊ æd ˈsensəm		𐑒𐑪𐑯𐑕𐑑𐑮𐑳𐑒𐑑𐑾𐑫 𐑨𐑛 𐑕𐑧𐑯𐑕𐑩𐑥		unknown
pink slime	NN1	GenAm	ˌpɪŋk ˈslaɪm	pɪŋk slaɪm	𐑐𐑦𐑙𐑒 𐑕𐑤𐑲𐑥	𐑐𐑦𐑙𐑒𐑕𐑤𐑲𐑥	matches
all hail	ITJ	RSSB	ˌɔːl ˈheɪl	ɔːl heɪl	𐑷𐑤 𐑣𐑱𐑤	𐑷𐑤𐑣𐑱𐑤	matches
all hail	ITJ	GenAm	ˌɒl ˈheɪl	ɔːl heɪl	𐑪𐑤 𐑣𐑱𐑤	𐑷𐑤𐑣𐑱𐑤	divergent
all hail	NN1	RSSB	ˌɔːl ˈheɪl	ɔːl heɪl	𐑷𐑤 𐑣𐑱𐑤	𐑷𐑤𐑣𐑱𐑤	matches
all hail	NN1	GenAm	ˌɒl ˈheɪl	ɔːl heɪl	𐑪𐑤 𐑣𐑱𐑤	𐑷𐑤𐑣𐑱𐑤	divergent
constructiones ad sensum	NN1	RSSB	kɒnstrʌktɪəʊniːz æd ˈsensəm		𐑒𐑪𐑯𐑕𐑑𐑮𐑳𐑒𐑑𐑾𐑫𐑯𐑰𐑟 𐑨𐑛 𐑕𐑧𐑯𐑕𐑩𐑥		unknown
your guys's	PNP	GenAm	ˈjɜːRˈɡaɪzəz		𐑘𐑻𐑜𐑲𐑟𐑩𐑟		unknown
your guys's	DT0	GenAm	ˈjɜːRˈɡaɪzəz		𐑘𐑻𐑜𐑲𐑟𐑩𐑟		unknown
Gunter's scale	NN1	RSSB	ɡʌntəRz ˈskeɪl		𐑜𐑳𐑯𐑑𐑼𐑟 𐑕𐑒𐑱𐑤		unknown
Gunter's scale	NN1	GenAm	ˌɡʌntəRz ˈskeɪl		𐑜𐑳𐑯𐑑𐑼𐑟 𐑕𐑒𐑱𐑤		unknown
TATA box	NN1	GenAm	ˈtɒtɒ ˌbɒks		𐑑𐑪𐑑𐑪 𐑚𐑪𐑒𐑕		unknown
Scotch broth	NN1	RSSB	skɒtʃ brɒθ	skɒtʃ brɒθ	𐑕𐑒𐑪𐑗 𐑚𐑮𐑪𐑔	𐑕𐑒𐑪𐑗𐑚𐑮𐑪𐑔	matches
Scotch broth	NN1	GenAm	skɒtʃ brɒθ	skɒtʃ brɒθ	𐑕𐑒𐑪𐑗 𐑚𐑮𐑪𐑔	𐑕𐑒𐑪𐑗𐑚𐑮𐑪𐑔	matches
running headline	NN1	RSSB	ˈrʌnɪŋ ˈhedlaɪn	ˈrʌnɪŋ ˈhedlaɪn	𐑮𐑳𐑯𐑦𐑙 𐑣𐑧𐑛𐑤𐑲𐑯	𐑮𐑳𐑯𐑦𐑙𐑣𐑧𐑛𐑤𐑲𐑯	matches
percussive maintenance	NN1	RSSB	pəRkʌsɪv ˈmeɪntənəns		𐑐𐑼𐑒𐑳𐑕𐑦𐑝 𐑥𐑱𐑯𐑑𐑩𐑯𐑩𐑯𐑕		unknown
percussive maintenance	NN1	GenAm	pəRˈkʌsɪv ˈmeɪntənəns	pəRˈkʌsɪv ˈmeɪntənəns	𐑐𐑼𐑒𐑳𐑕𐑦𐑝 𐑥𐑱𐑯𐑑𐑩𐑯𐑩𐑯𐑕	𐑐𐑼𐑒𐑳𐑕𐑦𐑝𐑥𐑱𐑯𐑑𐑩𐑯𐑩𐑯𐑕	matches
fons honorum	NN1	RSSB	ˌfɒnz hɒnɔːrəm		𐑓𐑪𐑯𐑟 𐑣𐑪𐑯𐑹𐑩𐑥		unknown
fontes honorum	NN1	RSSB	ˌfɒnteɪz hɒnɔːrəm		𐑓𐑪𐑯𐑑𐑱𐑟 𐑣𐑪𐑯𐑹𐑩𐑥		unknown
fontes honorum	NN1	RSSB	ˌfɒntiːz hɒnɔːrəm		𐑓𐑪𐑯𐑑𐑰𐑟 𐑣𐑪𐑯𐑹𐑩𐑥		unknown
ecce homo	NN1	GenAm	ˌekeɪ ˈhoʊmoʊ		𐑧𐑒𐑱 𐑣𐑴𐑥𐑴		unknown
dream team	NN1	RSSB	driːm tiːm	driːm tiːm	𐑛𐑮𐑰𐑥 𐑑𐑰𐑥	𐑛𐑮𐑰𐑥𐑑𐑰𐑥	matches
dream team	NN1	GenAm	drim tim	driːm tiːm	𐑛𐑮𐑦𐑥 𐑑𐑦𐑥	𐑛𐑮𐑰𐑥𐑑𐑰𐑥	divergent
annis Domini	NN1	RSSB	ˈænɪs ˈdɒmɪnaɪ		𐑨𐑯𐑦𐑕 𐑛𐑪𐑥𐑦𐑯𐑲		unknown
Hilary term	NN1	RSSB	hɪləri tɜːRm	ˈhɪləri tɜːRm	𐑣𐑦𐑤𐑼𐑦 𐑑𐑻𐑥	𐑣𐑦𐑤𐑼𐑦𐑑𐑻𐑥	matches
Hilary term	NN1	GenAm	ˈhɪləri tɜːRm	ˈhɪləri tɜːRm	𐑣𐑦𐑤𐑼𐑦 𐑑𐑻𐑥	𐑣𐑦𐑤𐑼𐑦𐑑𐑻𐑥	matches
argumenta ad populum	NN1	RSSB	ɑːRɡjuːmentə æd ˈpɒpjələm		𐑸𐑜𐑿𐑥𐑧𐑯𐑑𐑩 𐑨𐑛 𐑐𐑪𐑐𐑘𐑩𐑤𐑩𐑥		unknown
argumentum ad fidem	NN1	GenAm	ɑːRɡjuˈmentəm æd ˈfɪdem		𐑸𐑜𐑘𐑫𐑥𐑧𐑯𐑑𐑩𐑥 𐑨𐑛 𐑓𐑦𐑛𐑧𐑥		unknown
argumentum ad fidem	NN1	RSSB	ɑːRɡjuːmentəm æd ˈfɪdem		𐑸𐑜𐑿𐑥𐑧𐑯𐑑𐑩𐑥 𐑨𐑛 𐑓𐑦𐑛𐑧𐑥		unknown
argumenta ad fidem	NN1	GenAm	ɑːRɡjuˈmentə æd ˈfɪdem		𐑸𐑜𐑘𐑫𐑥𐑧𐑯𐑑𐑩 𐑨𐑛 𐑓𐑦𐑛𐑧𐑥		unknown
argumenta ad fidem	NN1	RSSB	ɑːRɡjuːmentə æd ˈfɪdem		𐑸𐑜𐑿𐑥𐑧𐑯𐑑𐑩 𐑨𐑛 𐑓𐑦𐑛𐑧𐑥		unknown
argumentum ad passiones	NN1	RSSB	ɑːRɡjuːmentəm æd pæsɪˈəʊniːz		𐑸𐑜𐑿𐑥𐑧𐑯𐑑𐑩𐑥 𐑨𐑛 𐑐𐑨𐑕𐑾𐑫𐑯𐑰𐑟		unknown
custos regni	NN1	RSSB	ˈkʌstɒs rɜːɡnaɪ		𐑒𐑳𐑕𐑑𐑪𐑕 𐑮𐑻𐑜𐑯𐑲		unknown
custos regni	NN1	RSSB	ˈkʌstəʊs rɜːɡnaɪ		𐑒𐑳𐑕𐑑𐑴𐑕 𐑮𐑻𐑜𐑯𐑲		unknown
custodes regni	NN1	RSSB	kʌsˈtəʊdiːz rɜːɡnaɪ		𐑒𐑳𐑕𐑑𐑴𐑛𐑰𐑟 𐑮𐑻𐑜𐑯𐑲		unknown
custodes regni	NN1	RSSB	kʌsˈtəʊdeɪz rɜːɡnaɪ		𐑒𐑳𐑕𐑑𐑴𐑛𐑱𐑟 𐑮𐑻𐑜𐑯𐑲		unknown
confessio amantis	NN1	RSSB	kɒnˈfesɪəʊ əˈmæntɪs		𐑒𐑪𐑯𐑓𐑧𐑕𐑾𐑫 𐑩𐑥𐑨𐑯𐑑𐑦𐑕		unknown
cyma recta	NN1	RSSB	ˈsaɪmə rektə		𐑕𐑲𐑥𐑩 𐑮𐑧𐑒𐑑𐑩		unknown
cyma reversa	NN1	RSSB	ˈsaɪmə rɪvɜːRsə		𐑕𐑲𐑥𐑩 𐑮𐑦𐑝𐑻𐑕𐑩		unknown
cyma inversa	NN1	RSSB	ˈsaɪmə ɪnvɜːRsə		𐑕𐑲𐑥𐑩 𐑦𐑯𐑝𐑻𐑕𐑩		unknown
lapsus muris	NN1	RSSB	ˈlæpsəs ˈmjuːrɪs		𐑤𐑨𐑐𐑕𐑩𐑕 𐑥𐑿𐑮𐑦𐑕		unknown
lapsus muris	NN1	RSSB	ˈlæpsuːs ˈmjuːrɪs		𐑤𐑨𐑐𐑕𐑵𐑕 𐑥𐑿𐑮𐑦𐑕		unknown
recta ratio	NN1	RSSB	rektə reɪʃɪəʊ		𐑮𐑧𐑒𐑑𐑩 𐑮𐑱𐑖𐑾𐑫		unknown
vas rectum	NN1	RSSB	ˈvɑːs rektəm		𐑝𐑭𐑕 𐑮𐑧𐑒𐑑𐑩𐑥		unknown
vasa recta	NN1	RSSB	ˈvɑːsə rektə		𐑝𐑭𐑕𐑩 𐑮𐑧𐑒𐑑𐑩		unknown
umbra recta	NN1	RSSB	ʌmbrə rektə		𐑳𐑥𐑚𐑮𐑩 𐑮𐑧𐑒𐑑𐑩		unknown
umbra versa	NN1	RSSB	ʌmbrə vɜːRsə		𐑳𐑥𐑚𐑮𐑩 𐑝𐑻𐑕𐑩		unknown
lacrimae rerum	NN1	RSSB	ˈlækrɪmaɪ reɪrəm		𐑤𐑨𐑒𐑮𐑦𐑥𐑲 𐑮𐑱𐑮𐑩𐑥		unknown
worship the ground someone walks on	VVI	RSSB	wɜːRʃɪp ðə ɡraʊnd ˈsʌmˌwʌn wɔːks ɒn	ˈwɜːRʃɪp Ð ɡraʊnd ˈsʌmwʌn wɔːks ɒn	𐑢𐑻𐑖𐑦𐑐 𐑞𐑩 𐑜𐑮𐑬𐑯𐑛 𐑕𐑳𐑥𐑢𐑳𐑯 𐑢𐑷𐑒𐑕 𐑪𐑯	𐑢𐑻𐑖𐑦𐑐𐑞𐑜𐑮𐑬𐑯𐑛𐑕𐑳𐑥𐑢𐑳𐑯𐑢𐑷𐑒𐑕𐑪𐑯	divergent
worship the ground someone walks on	VVI	GenAm	ˈwɜːRʃɪp ðə ɡraʊnd ˈsʌmˌwʌn wɒks ɒn	ˈwɜːRʃɪp Ð ɡraʊnd ˈsʌmwʌn wɔːks ɒn	𐑢𐑻𐑖𐑦𐑐 𐑞𐑩 𐑜𐑮𐑬𐑯𐑛 𐑕𐑳𐑥𐑢𐑳𐑯 𐑢𐑪𐑒𐑕 𐑪𐑯	𐑢𐑻𐑖𐑦𐑐𐑞𐑜𐑮𐑬𐑯𐑛𐑕𐑳𐑥𐑢𐑳𐑯𐑢𐑷𐑒𐑕𐑪𐑯	divergent
sine quibus non	NN1	RSSB	ˌsaɪnɪ ˌkwaɪbʊs ˈnɒn		𐑕𐑲𐑯𐑦 𐑒𐑢𐑲𐑚𐑫𐑕 𐑯𐑪𐑯		unknown
sine quibus non	NN1	GenAm	ˌsaɪni ˌkwaɪbʊs ˈnɒn		𐑕𐑲𐑯𐑦 𐑒𐑢𐑲𐑚𐑫𐑕 𐑯𐑪𐑯		unknown
sine quibus non	NN1	RSSB	ˌsɪnɪ ˌkwɪbʊs ˈnəʊn		𐑕𐑦𐑯𐑦 𐑒𐑢𐑦𐑚𐑫𐑕 𐑯𐑴𐑯		unknown
sine quibus non	NN1	GenAm	ˌsɪni ˌkwɪbʊs ˈnoʊn		𐑕𐑦𐑯𐑦 𐑒𐑢𐑦𐑚𐑫𐑕 𐑯𐑴𐑯		unknown
sine quibus non	NN1	GenAm	ˌsɪni ˌkwɪbʊs ˈnɒn		𐑕𐑦𐑯𐑦 𐑒𐑢𐑦𐑚𐑫𐑕 𐑯𐑪𐑯		unknown
everybody and their dog	PNP	RSSB	ˈevriɪbɒdi ən ðɜːR ˈdɒɡ	ˈevrɪbɒdi N ðeəR dɒɡ	𐑧𐑝𐑮𐑦𐑦𐑚𐑪𐑛𐑦 𐑩𐑯 𐑞𐑻 𐑛𐑪𐑜	𐑧𐑝𐑮𐑦𐑚𐑪𐑛𐑦𐑯𐑞𐑺𐑛𐑪𐑜	divergent
to say nothing of	CJC	RSSB	tʊ seɪ ˈnʌθɪŋ əv	T seɪ ˈnʌθɪŋ V	𐑑𐑫 𐑕𐑱 𐑯𐑳𐑔𐑦𐑙 𐑩𐑝	𐑑𐑕𐑱𐑯𐑳𐑔𐑦𐑙𐑝	divergent
to say nothing of	CJC	GenAm	tə seɪ ˈnʌθɪŋ əv	T seɪ ˈnʌθɪŋ V	𐑑𐑩 𐑕𐑱 𐑯𐑳𐑔𐑦𐑙 𐑩𐑝	𐑑𐑕𐑱𐑯𐑳𐑔𐑦𐑙𐑝	divergent
rose petal	NN1	GenAm	roʊz petəl	rəʊz ˈpetəl	𐑮𐑴𐑟 𐑐𐑧𐑑𐑩𐑤	𐑮𐑴𐑟𐑐𐑧𐑑𐑩𐑤	matches
rose petal	NN1	RSSB	rəʊz petəl	rəʊz ˈpetəl	𐑮𐑴𐑟 𐑐𐑧𐑑𐑩𐑤	𐑮𐑴𐑟𐑐𐑧𐑑𐑩𐑤	matches
rose petal	NN1	GenAm	roʊzpetəl	rəʊz ˈpetəl	𐑮𐑴𐑟𐑐𐑧𐑑𐑩𐑤	𐑮𐑴𐑟𐑐𐑧𐑑𐑩𐑤	matches
rose petal	NN1	RSSB	rəʊzpetəl	rəʊz ˈpetəl	𐑮𐑴𐑟𐑐𐑧𐑑𐑩𐑤	𐑮𐑴𐑟𐑐𐑧𐑑𐑩𐑤	matches
grass tops	AJ0	RSSB	ɡrɑːstɒps	ɡrⱭːs tɒps	𐑜𐑮𐑭𐑕𐑑𐑪𐑐𐑕	𐑜𐑮𐑭𐑕𐑑𐑪𐑐𐑕	matches
grass tops	AJ0	GenAm	ˈɡræstɒps	ɡrⱭːs tɒps	𐑜𐑮𐑨𐑕𐑑𐑪𐑐𐑕	𐑜𐑮𐑭𐑕𐑑𐑪𐑐𐑕	matches
grass tops	NN1	RSSB	ɡrɑːstɒps	ɡrⱭːs tɒps	𐑜𐑮𐑭𐑕𐑑𐑪𐑐𐑕	𐑜𐑮𐑭𐑕𐑑𐑪𐑐𐑕	matches
grass tops	NN1	GenAm	ˈɡræstɒps	ɡrⱭːs tɒps	𐑜𐑮𐑨𐑕𐑑𐑪𐑐𐑕	𐑜𐑮𐑭𐑕𐑑𐑪𐑐𐑕	matches
kitchen supper	NN1	GenAm	ˈkɪtʃən ˈsʌpəR	ˈkɪtʃɪn ˈsʌpəR	𐑒𐑦𐑗𐑩𐑯 𐑕𐑳𐑐𐑼	𐑒𐑦𐑗𐑦𐑯𐑕𐑳𐑐𐑼	matches
May-day sweep	NN1	RSSB	meɪ deɪ swiːp		𐑥𐑱 𐑛𐑱 𐑕𐑢𐑰𐑐		unknown
May-day sweep	NN1	GenAm	meɪ deɪ swip		𐑥𐑱 𐑛𐑱 𐑕𐑢𐑦𐑐		unknown
caped crusader	NP0	RSSB	ˈkeɪpt kruːseɪdəR		𐑒𐑱𐑐𐑑 𐑒𐑮𐑵𐑕𐑱𐑛𐑼		unknown
compensatory lengthening	NN1	RSSB	kɒmpenseɪtəri ˈleŋkθənɪŋ	kəmˈpensətəri ˈleŋθənɪŋ	𐑒𐑪𐑥𐑐𐑧𐑯𐑕𐑱𐑑𐑼𐑦 𐑤𐑧𐑙𐑒𐑔𐑩𐑯𐑦𐑙	𐑒𐑩𐑥𐑐𐑧𐑯𐑕𐑩𐑑𐑼𐑦𐑤𐑧𐑙𐑔𐑩𐑯𐑦𐑙	divergent
compensatory lengthening	NN1	GenAm	kəmˈpensəˌtɔːRi ˈleŋkθənɪŋ	kəmˈpensətəri ˈleŋθənɪŋ	𐑒𐑩𐑥𐑐𐑧𐑯𐑕𐑩𐑑𐑹𐑦 𐑤𐑧𐑙𐑒𐑔𐑩𐑯𐑦𐑙	𐑒𐑩𐑥𐑐𐑧𐑯𐑕𐑩𐑑𐑼𐑦𐑤𐑧𐑙𐑔𐑩𐑯𐑦𐑙	divergent
more power to your elbow	ITJ	RSSB	mɔːR paʊəR tʊ jəR ˈelbəʊ	mɔːR ˈpaʊəR T jɔːR ˈelbəʊ	𐑥𐑹 𐑐𐑬𐑼 𐑑𐑫 𐑘𐑼 𐑧𐑤𐑚𐑴	𐑥𐑹𐑐𐑬𐑼𐑑𐑘𐑹𐑧𐑤𐑚𐑴	divergent
more power to your elbow	ITJ	GenAm	mɔːR ˈpaʊəR tʊ jəR ˈelboʊ	mɔːR ˈpaʊəR T jɔːR ˈelbəʊ	𐑥𐑹 𐑐𐑬𐑼 𐑑𐑫 𐑘𐑼 𐑧𐑤𐑚𐑴	𐑥𐑹𐑐𐑬𐑼𐑑𐑘𐑹𐑧𐑤𐑚𐑴	divergent
Cotard's syndrome	NP0	GenAm	kəˈtɑːRdz sɪndrəm		𐑒𐑩𐑑𐑸𐑛𐑟 𐑕𐑦𐑯𐑛𐑮𐑩𐑥		unknown
green-ink letter	NN1	RSSB	ˌɡriːnɪŋk letəR		𐑜𐑮𐑰𐑯𐑦𐑙𐑒 𐑤𐑧𐑑𐑼		unknown
green-ink letter	NN1	GenAm	ˌɡrinɪŋk ˈletəR		𐑜𐑮𐑦𐑯𐑦𐑙𐑒 𐑤𐑧𐑑𐑼		unknown
green-ink brigade	NP0	RSSB	ˌɡriːnɪŋk brɪˈɡeɪd		𐑜𐑮𐑰𐑯𐑦𐑙𐑒 𐑚𐑮𐑦𐑜𐑱𐑛		unknown
green-ink brigade	NP0	GenAm	ˌɡrinɪŋk brɪˈɡeɪd		𐑜𐑮𐑦𐑯𐑦𐑙𐑒 𐑚𐑮𐑦𐑜𐑱𐑛		unknown
blue hour	NN1	RSSB	ˈbluː aʊəR	bluː ˈaʊəR	𐑚𐑤𐑵 𐑬𐑼	𐑚𐑤𐑵𐑬𐑼	matches
blue hour	NN1	GenAm	ˈbluːaʊəR	bluː ˈaʊəR	𐑚𐑤𐑵𐑬𐑼	𐑚𐑤𐑵𐑬𐑼	matches
lapsus plumæ	NN1	RSSB	ˌlæpsəsˈpluːmiː		𐑤𐑨𐑐𐑕𐑩𐑕𐑐𐑤𐑵𐑥𐑰		unknown
lapsus plumæ	NN1	RSSB	ˌlæpsuːsˈpluːmiː		𐑤𐑨𐑐𐑕𐑵𐑕𐑐𐑤𐑵𐑥𐑰		unknown
roi fainéant	NN1	RSSB	rwɑː ˈfeɪnɪənt		𐑮𐑢𐑭 𐑓𐑱𐑯𐑾𐑯𐑑		unknown
roi fainéant	NN1	RSSB	rwɑː feɪneɪˈɒ		𐑮𐑢𐑭 𐑓𐑱𐑯𐑱𐑪		unknown
cactus cats	NN1	GenAm	ˈkæktəs kæts	ˈkæktəs kæts	𐑒𐑨𐑒𐑑𐑩𐑕 𐑒𐑨𐑑𐑕	𐑒𐑨𐑒𐑑𐑩𐑕𐑒𐑨𐑑𐑕	matches
at daggers drawn	UNC	RSSB	æt dæɡəRz drɔːn	æt ˈdæɡəRz drɔːn	𐑨𐑑 𐑛𐑨𐑜𐑼𐑟 𐑛𐑮𐑷𐑯	𐑨𐑑𐑛𐑨𐑜𐑼𐑟𐑛𐑮𐑷𐑯	matches
at daggers drawn	UNC	GenAm	æt ˌdæɡərz ˈdrɒn	æt ˈdæɡəRz drɔːn	𐑨𐑑 𐑛𐑨𐑜𐑼𐑟 𐑛𐑮𐑪𐑯	𐑨𐑑𐑛𐑨𐑜𐑼𐑟𐑛𐑮𐑷𐑯	divergent
mulga wire	NN1	RSSB	ˈmʌlɡə waɪəR		𐑥𐑳𐑤𐑜𐑩 𐑢𐑲𐑼		unknown
mulga wire	NN1	GenAm	ˈmʌlɡə ˌwaɪər		𐑥𐑳𐑤𐑜𐑩 𐑢𐑲𐑼		unknown
river god	NN1	RSSB	rɪvəR ˌɡɒd	ˈrɪvəR ɡɒd	𐑮𐑦𐑝𐑼 𐑜𐑪𐑛	𐑮𐑦𐑝𐑼𐑜𐑪𐑛	matches
Cinque Ports	NP0	RSSB	sɪŋk pɔːRts		𐑕𐑦𐑙𐑒 𐑐𐑹𐑑𐑕		unknown
soul sister	NN1	GenAm	soʊl ˈsɪstəR	səʊl ˈsɪstəR	𐑕𐑴𐑤 𐑕𐑦𐑕𐑑𐑼	𐑕𐑴𐑤𐑕𐑦𐑕𐑑𐑼	matches
soul sister	NN1	RSSB	soʊl sɪstəR	səʊl ˈsɪstəR	𐑕𐑴𐑤 𐑕𐑦𐑕𐑑𐑼	𐑕𐑴𐑤𐑕𐑦𐑕𐑑𐑼	matches
chocolate milk	NN1	GenAm	ˌtʃɒklɪtˈmɪlk	ˈtʃɒkələt mɪlk	𐑗𐑪𐑒𐑤𐑦𐑑𐑥𐑦𐑤𐑒	𐑗𐑪𐑒𐑩𐑤𐑩𐑑𐑥𐑦𐑤𐑒	divergent
chocolate milk	NN1	GenAm	ˈtʃɒklɪtmɪlk	ˈtʃɒkələt mɪlk	𐑗𐑪𐑒𐑤𐑦𐑑𐑥𐑦𐑤𐑒	𐑗𐑪𐑒𐑩𐑤𐑩𐑑𐑥𐑦𐑤𐑒	divergent
abducent nerve	NN1	GenAm	æbˈdusənt nəRv	æbˈdusənt nɜːRv	𐑨𐑚𐑛𐑫𐑕𐑩𐑯𐑑 𐑯𐑼𐑝	𐑨𐑚𐑛𐑫𐑕𐑩𐑯𐑑𐑯𐑻𐑝	divergent
abducent nerve	NN1	GenAm	æbˈdjusənt nəRv	æbˈdusənt nɜːRv	𐑨𐑚𐑛𐑘𐑫𐑕𐑩𐑯𐑑 𐑯𐑼𐑝	𐑨𐑚𐑛𐑫𐑕𐑩𐑯𐑑𐑯𐑻𐑝	divergent
absentee voter	NN1	GenAm	ˌæbsənˈti voʊtəR	ˌæbsənˈtiː ˈvəʊtəR	𐑨𐑚𐑕𐑩𐑯𐑑𐑦 𐑝𐑴𐑑𐑼	𐑨𐑚𐑕𐑩𐑯𐑑𐑰𐑝𐑴𐑑𐑼	divergent
absolute ceiling	NN1	GenAm	ˈæbsəˌlut ˈsilɪŋ	ˈæbsəluːt ˈsiːlɪŋ	𐑨𐑚𐑕𐑩𐑤𐑫𐑑 𐑕𐑦𐑤𐑦𐑙	𐑨𐑚𐑕𐑩𐑤𐑵𐑑𐑕𐑰𐑤𐑦𐑙	divergent
absolute ceiling	NN1	GenAm	ˌæbsəˈljut ˈsilɪŋ	ˈæbsəluːt ˈsiːlɪŋ	𐑨𐑚𐑕𐑩𐑤𐑘𐑫𐑑 𐑕𐑦𐑤𐑦𐑙	𐑨𐑚𐑕𐑩𐑤𐑵𐑑𐑕𐑰𐑤𐑦𐑙	divergent
absolute music	NN1	GenAm	ˈæbsəˌlut ˈmjusɪk	ˈæbsəluːt ˈmjuːzɪk	𐑨𐑚𐑕𐑩𐑤𐑫𐑑 𐑥𐑘𐑫𐑕𐑦𐑒	𐑨𐑚𐑕𐑩𐑤𐑵𐑑𐑥𐑿𐑟𐑦𐑒	divergent
absolute music	NN1	GenAm	ˌæbsəˈljut ˈmjusɪk	ˈæbsəluːt ˈmjuːzɪk	𐑨𐑚𐑕𐑩𐑤𐑘𐑫𐑑 𐑥𐑘𐑫𐑕𐑦𐑒	𐑨𐑚𐑕𐑩𐑤𐑵𐑑𐑥𐑿𐑟𐑦𐑒	divergent
absolute scale	NN1	GenAm	ˈæbsəˌlut skeɪl	ˈæbsəluːt skeɪl	𐑨𐑚𐑕𐑩𐑤𐑫𐑑 𐑕𐑒𐑱𐑤	𐑨𐑚𐑕𐑩𐑤𐑵𐑑𐑕𐑒𐑱𐑤	divergent
absolute scale	NN1	GenAm	ˌæbsəˈljut skeɪl	ˈæbsəluːt skeɪl	𐑨𐑚𐑕𐑩𐑤𐑘𐑫𐑑 𐑕𐑒𐑱𐑤	𐑨𐑚𐑕𐑩𐑤𐑵𐑑𐑕𐑒𐑱𐑤	divergent
Abu Simbel	NP0	GenAm	ˈɒbu ˈsɪmbəl		𐑪𐑚𐑫 𐑕𐑦𐑥𐑚𐑩𐑤		unknown
cascara sagrada	NN1	RSSB	kaskɑːrə səɡrɑːdə		𐑒𐑨𐑕𐑒𐑸𐑩 𐑕𐑩𐑜𐑮𐑭𐑛𐑩		unknown
cascara sagrada	NN1	GenAm	kæˌskerə səˈɡrɒdə		𐑒𐑨𐑕𐑒𐑧𐑮𐑩 𐑕𐑩𐑜𐑮𐑪𐑛𐑩		unknown
a capriccio	AV0	GenAm	ɒ kɒˈprittʃoʊ		𐑪 𐑒𐑪𐑐𐑮𐑦𐑑𐑗𐑴		unknown
bird of passage	NN1	RSSB	bɜːRd əv ˈpæsɪdʒ	bɜːRd V ˈpæsɪdʒ	𐑚𐑻𐑛 𐑩𐑝 𐑐𐑨𐑕𐑦𐑡	𐑚𐑻𐑛𐑝𐑐𐑨𐑕𐑦𐑡	divergent
bird of passage	NN1	GenAm	ˌbɜːRd əv ˈpæsɪdʒ	bɜːRd V ˈpæsɪdʒ	𐑚𐑻𐑛 𐑩𐑝 𐑐𐑨𐑕𐑦𐑡	𐑚𐑻𐑛𐑝𐑐𐑨𐑕𐑦𐑡	divergent
knock into a cocked hat	VVI	RSSB	ˈnɒk ˌɪntuː ə ˌkɒkt ˈhæt	nɒk ˈɪntuː ə kɒkt hæt	𐑯𐑪𐑒 𐑦𐑯𐑑𐑵 𐑩 𐑒𐑪𐑒𐑑 𐑣𐑨𐑑	𐑯𐑪𐑒𐑦𐑯𐑑𐑵𐑩𐑒𐑪𐑒𐑑𐑣𐑨𐑑	matches
knock into a cocked hat	VVI	GenAm	ˈnɒk ˌɪntu ə ˌkɒkt ˈhæt	nɒk ˈɪntuː ə kɒkt hæt	𐑯𐑪𐑒 𐑦𐑯𐑑𐑫 𐑩 𐑒𐑪𐑒𐑑 𐑣𐑨𐑑	𐑯𐑪𐑒𐑦𐑯𐑑𐑵𐑩𐑒𐑪𐑒𐑑𐑣𐑨𐑑	divergent
cake shop	NN1	RSSB	ˈkeɪk ʃɒp	keɪk ʃɒp	𐑒𐑱𐑒 𐑖𐑪𐑐	𐑒𐑱𐑒𐑖𐑪𐑐	matches
cake shop	NN1	GenAm	ˈkeɪk ʃɒp	keɪk ʃɒp	𐑒𐑱𐑒 𐑖𐑪𐑐	𐑒𐑱𐑒𐑖𐑪𐑐	matches
ab absurdo	AV0	GenAm	ˌæbəbˈsɜːRˌdoʊ		𐑨𐑚𐑩𐑚𐑕𐑻𐑛𐑴		unknown
ab absurdo	AV0	GenAm	ˌæˌbæbˈsɜːRˌdoʊ		𐑨𐑚𐑨𐑚𐑕𐑻𐑛𐑴		unknown
ab absurdo	AV0	GenAm	ˌæˌbæbˈzɜːRˌdoʊ		𐑨𐑚𐑨𐑚𐑟𐑻𐑛𐑴		unknown
Exhibit A	NN1	RSSB	ɪɡˈzɪbɪt ˌeɪ	ɪɡˈzɪbɪt ə	𐑦𐑜𐑟𐑦𐑚𐑦𐑑 𐑱	𐑦𐑜𐑟𐑦𐑚𐑦𐑑𐑩	divergent
Exhibit A	NN1	GenAm	iɡˈzibət ˌeɪ	ɪɡˈzɪbɪt ə	𐑦𐑜𐑟𐑦𐑚𐑩𐑑 𐑱	𐑦𐑜𐑟𐑦𐑚𐑦𐑑𐑩	divergent
Augean stables	NN1	RSSB	ɔːˌdʒiːən ˈsteɪbəlz		𐑷𐑡𐑰𐑩𐑯 𐑕𐑑𐑱𐑚𐑩𐑤𐑟		unknown
Augean stables	NN1	GenAm	ɒˌdʒiən ˈsteɪbəlz		𐑪𐑡𐑾𐑯 𐑕𐑑𐑱𐑚𐑩𐑤𐑟		unknown
Abbe refractometer	NN1	GenAm	ˈɒbə ˌrifrækˈtɒmɪtəR		𐑪𐑚𐑩 𐑮𐑦𐑓𐑮𐑨𐑒𐑑𐑪𐑥𐑦𐑑𐑼		unknown
Abbe refractometer	NN1	GenAm	ˈæbi ˌrifrækˈtɒmɪtəR		𐑨𐑚𐑦 𐑮𐑦𐑓𐑮𐑨𐑒𐑑𐑪𐑥𐑦𐑑𐑼		unknown
abbot nullius	NN1	GenAm	ˈæbətnʊˈliəs		𐑨𐑚𐑩𐑑𐑯𐑫𐑤𐑾𐑕		unknown
abbreviated number	NN1	GenAm	əˈbriviˌeɪtɪd ˈnʌmbəR	əˈbriːvieɪtƏd ˈnʌmbəR	𐑩𐑚𐑮𐑦𐑝𐑦𐑱𐑑𐑦𐑛 𐑯𐑳𐑥𐑚𐑼	𐑩𐑚𐑮𐑰𐑝𐑦𐑱𐑑𐑩𐑛𐑯𐑳𐑥𐑚𐑼	divergent
Abderhalden reaction	NN1	GenAm	ˈɒpdəˌhɒldən riˈækʃən		𐑪𐑐𐑛𐑩𐑣𐑪𐑤𐑛𐑩𐑯 𐑮𐑦𐑨𐑒𐑖𐑩𐑯		unknown
Abderhalden reaction	NN1	GenAm	ˈɒpdəRˌhɒldən riˈækʃən		𐑪𐑐𐑛𐑼𐑣𐑪𐑤𐑛𐑩𐑯 𐑮𐑦𐑨𐑒𐑖𐑩𐑯		unknown
abdominal fin	NN1	GenAm	æbˈdɒmənəl fɪn	æbˈdɒmɪnəl fɪn	𐑨𐑚𐑛𐑪𐑥𐑩𐑯𐑩𐑤 𐑓𐑦𐑯	𐑨𐑚𐑛𐑪𐑥𐑦𐑯𐑩𐑤𐑓𐑦𐑯	matches
abdominal fin	NN1	GenAm	əbˈdɒmənəl fɪn	æbˈdɒmɪnəl fɪn	𐑩𐑚𐑛𐑪𐑥𐑩𐑯𐑩𐑤 𐑓𐑦𐑯	𐑨𐑚𐑛𐑪𐑥𐑦𐑯𐑩𐑤𐑓𐑦𐑯	matches
abdominal pore	NN1	GenAm	æbˈdɒmənəl pɔːR	æbˈdɒmɪnəl pɔːR	𐑨𐑚𐑛𐑪𐑥𐑩𐑯𐑩𐑤 𐑐𐑹	𐑨𐑚𐑛𐑪𐑥𐑦𐑯𐑩𐑤𐑐𐑹	matches
abdominal pore	NN1	GenAm	əbˈdɒmənəl pɔːR	æbˈdɒmɪnəl pɔːR	𐑩𐑚𐑛𐑪𐑥𐑩𐑯𐑩𐑤 𐑐𐑹	𐑨𐑚𐑛𐑪𐑥𐑦𐑯𐑩𐑤𐑐𐑹	matches
abdominal pouch	NN1	GenAm	æbˈdɒmənəl paʊtʃ	æbˈdɒmɪnəl paʊtʃ	𐑨𐑚𐑛𐑪𐑥𐑩𐑯𐑩𐑤 𐑐𐑬𐑗	𐑨𐑚𐑛𐑪𐑥𐑦𐑯𐑩𐑤𐑐𐑬𐑗	matches
abdominal pouch	NN1	GenAm	əbˈdɒmənəl paʊtʃ	æbˈdɒmɪnəl paʊtʃ	𐑩𐑚𐑛𐑪𐑥𐑩𐑯𐑩𐑤 𐑐𐑬𐑗	𐑨𐑚𐑛𐑪𐑥𐑦𐑯𐑩𐑤𐑐𐑬𐑗	matches
abdominal region	NN1	GenAm	æbˈdɒmənəl ˈridʒən	æbˈdɒmɪnəl ˈriːdʒən	𐑨𐑚𐑛𐑪𐑥𐑩𐑯𐑩𐑤 𐑮𐑦𐑡𐑩𐑯	𐑨𐑚𐑛𐑪𐑥𐑦𐑯𐑩𐑤𐑮𐑰𐑡𐑩𐑯	divergent
abdominal region	NN1	GenAm	əbˈdɒmənəl ˈridʒən	æbˈdɒmɪnəl ˈriːdʒən	𐑩𐑚𐑛𐑪𐑥𐑩𐑯𐑩𐑤 𐑮𐑦𐑡𐑩𐑯	𐑨𐑚𐑛𐑪𐑥𐑦𐑯𐑩𐑤𐑮𐑰𐑡𐑩𐑯	divergent
abdominal respiration	NN1	GenAm	æbˈdɒmənəl ˌrespəˈreɪʃən	æbˈdɒmɪnəl ˌrespəˈreɪʃən	𐑨𐑚𐑛𐑪𐑥𐑩𐑯𐑩𐑤 𐑮𐑧𐑕𐑐𐑼𐑱𐑖𐑩𐑯	𐑨𐑚𐑛𐑪𐑥𐑦𐑯𐑩𐑤𐑮𐑧𐑕𐑐𐑼𐑱𐑖𐑩𐑯	matches
abdominal respiration	NN1	GenAm	əbˈdɒmənəl ˌrespəˈreɪʃən	æbˈdɒmɪnəl ˌrespəˈreɪʃən	𐑩𐑚𐑛𐑪𐑥𐑩𐑯𐑩𐑤 𐑮𐑧𐑕𐑐𐑼𐑱𐑖𐑩𐑯	𐑨𐑚𐑛𐑪𐑥𐑦𐑯𐑩𐑤𐑮𐑧𐑕𐑐𐑼𐑱𐑖𐑩𐑯	matches
abdominal rib	NN1	GenAm	æbˈdɒmənəl rɪb	æbˈdɒmɪnəl rɪb	𐑨𐑚𐑛𐑪𐑥𐑩𐑯𐑩𐑤 𐑮𐑦𐑚	𐑨𐑚𐑛𐑪𐑥𐑦𐑯𐑩𐑤𐑮𐑦𐑚	matches
abdominal rib	NN1	GenAm	əbˈdɒmənəl rɪb	æbˈdɒmɪnəl rɪb	𐑩𐑚𐑛𐑪𐑥𐑩𐑯𐑩𐑤 𐑮𐑦𐑚	𐑨𐑚𐑛𐑪𐑥𐑦𐑯𐑩𐑤𐑮𐑦𐑚	matches
abdominoperineal resection	NN1	GenAm	æbˈdɒmənoʊ ˌperəˈniəl riˈsekʃən		𐑨𐑚𐑛𐑪𐑥𐑩𐑯𐑴 𐑐𐑧𐑮𐑩𐑯𐑾𐑤 𐑮𐑦𐑕𐑧𐑒𐑖𐑩𐑯		unknown
abdominoperineal resection	NN1	GenAm	əbˈdɒmənoʊ ˌperəˈniəl riˈsekʃən		𐑩𐑚𐑛𐑪𐑥𐑩𐑯𐑴 𐑐𐑧𐑮𐑩𐑯𐑾𐑤 𐑮𐑦𐑕𐑧𐑒𐑖𐑩𐑯		unknown
Abegg's rule	NP0	GenAm	ˈɒbeɡz ruːl		𐑪𐑚𐑧𐑜𐑟 𐑮𐑵𐑤		unknown
Abegg's rule	NP0	GenAm	ɒˈbeks ruːl		𐑪𐑚𐑧𐑒𐑕 𐑮𐑵𐑤		unknown
Abel test	NN1	GenAm	ˈeɪbəl tɜːst		𐑱𐑚𐑩𐑤 𐑑𐑻𐑕𐑑		unknown
a bene placito	AV0	GenAm	ɒ ˈbeni ˈplɒtʃəˌtoʊ		𐑪 𐑚𐑧𐑯𐑦 𐑐𐑤𐑪𐑗𐑩𐑑𐑴		unknown
Aberdeen terrier	NN1	GenAm	ˌæbəRˈdin ˈteriəR	ˌæbəRˈdiːn ˈterɪəR	𐑨𐑚𐑼𐑛𐑦𐑯 𐑑𐑧𐑮𐑽	𐑨𐑚𐑼𐑛𐑰𐑯𐑑𐑧𐑮𐑽	divergent
Abernethy biscuit	NN1	GenAm	ˈæbəRˌniθi		𐑨𐑚𐑼𐑯𐑦𐑔𐑦		unknown
Abernethy biscuit	NN1	GenAm	ˈæbəˌneθi		𐑨𐑚𐑩𐑯𐑧𐑔𐑦		unknown
Abert's towhee	NN1	GenAm	ˈeɪbəRts ˈtoʊhi		𐑱𐑚𐑼𐑑𐑕 𐑑𐑴𐑣𐑦		unknown
Abert's towhee	NN1	GenAm	ˈeɪbəts ˈtoʊhi		𐑱𐑚𐑩𐑑𐑕 𐑑𐑴𐑣𐑦		unknown
aww yeah	ITJ	GenAm	ɔː jeə		𐑷 𐑘𐑺		unknown
aww yeah	ITJ	GenAm	ɒ˥˩ je˥ə˩		𐑪˥˩ 𐑘𐑧˥𐑩˩		unknown
aww yeah	ITJ	GenAm	ɔː˧˧˦ jɜː˨˩ə˩		𐑷˧˧˦ 𐑘𐑻˨˩𐑩˩		unknown
ab inconvenienti	AV0	GenAm	ˌæbɪnkənˌviniˈenti		𐑨𐑚𐑦𐑯𐑒𐑩𐑯𐑝𐑦𐑯𐑦𐑧𐑯𐑑𐑦		unknown
ab inconvenienti	AV0	GenAm	ˌæbɪnkənˌviniˈentaɪ		𐑨𐑚𐑦𐑯𐑒𐑩𐑯𐑝𐑦𐑯𐑦𐑧𐑯𐑑𐑲		unknown
Viet Minh	NP0	RSSB	ˌviːet ˈmɪn		𐑝𐑰𐑧𐑑 𐑥𐑦𐑯		unknown
Viet Minh	NP0	GenAm	ˌviet ˈmɪn		𐑝𐑦𐑧𐑑 𐑥𐑦𐑯		unknown
Abney level	NN1	GenAm	ˈæbni ˈlɜːvəl	ˈæbni ˈlevəl	𐑨𐑚𐑯𐑦 𐑤𐑻𐑝𐑩𐑤	𐑨𐑚𐑯𐑦𐑤𐑧𐑝𐑩𐑤	divergent
à bouche	AJ0	GenAm	ɒˈbuʃ		𐑪𐑚𐑫𐑖		unknown
about ship	VVI	GenAm	əˌbaʊt ˈʃɪp	əˈbaʊt ʃɪp	𐑩𐑚𐑬𐑑 𐑖𐑦𐑐	𐑩𐑚𐑬𐑑𐑖𐑦𐑐	matches
above proof	UNC	GenAm	əˈbʌv prʊf	əˈbʌv pruːf	𐑩𐑚𐑳𐑝 𐑐𐑮𐑫𐑓	𐑩𐑚𐑳𐑝𐑐𐑮𐑵𐑓	divergent
above stairs	UNC	GenAm	əˌbʌv ˈstɜːRs	əˈbʌv steəRz	𐑩𐑚𐑳𐑝 𐑕𐑑𐑻𐑕	𐑩𐑚𐑳𐑝𐑕𐑑𐑺𐑟	divergent
above stairs	NN1	GenAm	əˌbʌv ˈstɜːRs	əˈbʌv steəRz	𐑩𐑚𐑳𐑝 𐑕𐑑𐑻𐑕	𐑩𐑚𐑳𐑝𐑕𐑑𐑺𐑟	divergent
square peg in a round hole	NN1	RSSB	skweəR peɡ ɪnə raʊnd həʊl	skweəR peɡ ɪn ə raʊnd həʊl	𐑕𐑒𐑢𐑺 𐑐𐑧𐑜 𐑦𐑯𐑩 𐑮𐑬𐑯𐑛 𐑣𐑴𐑤	𐑕𐑒𐑢𐑺𐑐𐑧𐑜𐑦𐑯𐑩𐑮𐑬𐑯𐑛𐑣𐑴𐑤	matches
square peg in a round hole	NN1	GenAm	skweər ˌpeɡ ɪnə raʊnd ˈhoʊl	skweəR peɡ ɪn ə raʊnd həʊl	𐑕𐑒𐑢𐑺 𐑐𐑧𐑜 𐑦𐑯𐑩 𐑮𐑬𐑯𐑛 𐑣𐑴𐑤	𐑕𐑒𐑢𐑺𐑐𐑧𐑜𐑦𐑯𐑩𐑮𐑬𐑯𐑛𐑣𐑴𐑤	matches
abrasin oil	NN1	GenAm	ˈæbrəzən		𐑨𐑚𐑮𐑩𐑟𐑩𐑯		unknown
Abri Audit	AJ0	GenAm	əˈbri	əˈbri ˈɔːdɪt	𐑩𐑚𐑮𐑦	𐑩𐑚𐑮𐑦𐑷𐑛𐑦𐑑	divergent
Abri Audit	AJ0	GenAm	ɒˈbri oʊˈdi	əˈbri ˈɔːdɪt	𐑪𐑚𐑮𐑦 𐑴𐑛𐑦	𐑩𐑚𐑮𐑦𐑷𐑛𐑦𐑑	divergent
Abri Audit	AJ0	GenAm	æˈbri oʊˈdi	əˈbri ˈɔːdɪt	𐑨𐑚𐑮𐑦 𐑴𐑛𐑦	𐑩𐑚𐑮𐑦𐑷𐑛𐑦𐑑	divergent
Abri Audit	AJ0	GenAm	aˈbri oʊˈdi	əˈbri ˈɔːdɪt	𐑨𐑚𐑮𐑦 𐑴𐑛𐑦	𐑩𐑚𐑮𐑦𐑷𐑛𐑦𐑑	divergent
abruptio placentae	NN1	GenAm	əˈbrʌpʃiˌoʊ pləˈsenˌti		𐑩𐑚𐑮𐑳𐑐𐑖𐑦𐑴 𐑐𐑤𐑩𐑕𐑧𐑯𐑑𐑦		unknown
abruptio placentae	NN1	GenAm	ɒˈbrʊptiˌoʊ plɒˈkenˌti		𐑪𐑚𐑮𐑫𐑐𐑑𐑦𐑴 𐑐𐑤𐑪𐑒𐑧𐑯𐑑𐑦		unknown
abruptio placentarum	NN1	GenAm	əˈbrʌpʃiˌoʊ ˌplæsənˈtærəm		𐑩𐑚𐑮𐑳𐑐𐑖𐑦𐑴 𐑐𐑤𐑨𐑕𐑩𐑯𐑑𐑨𐑮𐑩𐑥		unknown
abruptio placentarum	NN1	GenAm	əˈbrʌpʃiˌoʊ ˌplɒkenˈtɒˌrʊm		𐑩𐑚𐑮𐑳𐑐𐑖𐑦𐑴 𐑐𐑤𐑪𐑒𐑧𐑯𐑑𐑪𐑮𐑫𐑥		unknown
abruptiones placentarum	NN1	GenAm	əbrʌpʃiˈoʊniz ˌplæsənˈtærəm		𐑩𐑚𐑮𐑳𐑐𐑖𐑦𐑴𐑯𐑦𐑟 𐑐𐑤𐑨𐑕𐑩𐑯𐑑𐑨𐑮𐑩𐑥		unknown
abruptiones placentarum	NN1	GenAm	əbrʌptiˈoʊˌneɪs ˌplæsənˈtærəm		𐑩𐑚𐑮𐑳𐑐𐑑𐑦𐑴𐑯𐑱𐑕 𐑐𐑤𐑨𐑕𐑩𐑯𐑑𐑨𐑮𐑩𐑥		unknown
abruptiones placentarum	NN1	GenAm	əbrʌpʃiˈoʊniz ˌplɒˌkenˈtɑːRʊm		𐑩𐑚𐑮𐑳𐑐𐑖𐑦𐑴𐑯𐑦𐑟 𐑐𐑤𐑪𐑒𐑧𐑯𐑑𐑸𐑫𐑥		unknown
abruptiones placentarum	NN1	GenAm	əbrʌptiˈoʊˌneɪs ˌplɒˌkenˈtɑːRʊm		𐑩𐑚𐑮𐑳𐑐𐑑𐑦𐑴𐑯𐑱𐑕 𐑐𐑤𐑪𐑒𐑧𐑯𐑑𐑸𐑫𐑥		unknown
Abruzzi ware	NN1	GenAm	ɒˈbrutsi	ɒˈbruttsi weəR	𐑪𐑚𐑮𐑫𐑑𐑕𐑦	𐑪𐑚𐑮𐑫𐑑𐑑𐑕𐑦𐑢𐑺	divergent
Abruzzi ware	NN1	GenAm	əˈbrutsi	ɒˈbruttsi weəR	𐑩𐑚𐑮𐑫𐑑𐑕𐑦	𐑪𐑚𐑮𐑫𐑑𐑑𐑕𐑦𐑢𐑺	divergent
abscess root	NN1	GenAm	ˈæbses rut	ˈæbses ruːt	𐑨𐑚𐑕𐑧𐑕 𐑮𐑫𐑑	𐑨𐑚𐑕𐑧𐑕𐑮𐑵𐑑	divergent
abscess root	NN1	GenAm	ˈæbsɪs rut	ˈæbses ruːt	𐑨𐑚𐑕𐑦𐑕 𐑮𐑫𐑑	𐑨𐑚𐑕𐑧𐑕𐑮𐑵𐑑	divergent
abscissio infiniti	NN1	GenAm	æbˈsɪsiˌoʊ ɪnfəˈniti		𐑨𐑚𐑕𐑦𐑕𐑦𐑴 𐑦𐑯𐑓𐑩𐑯𐑦𐑑𐑦		unknown
abscissiones infiniti	NN1	GenAm	æbˌsɪsiˈoʊˌniz ˌɪnfəˈniti		𐑨𐑚𐑕𐑦𐑕𐑦𐑴𐑯𐑦𐑟 𐑦𐑯𐑓𐑩𐑯𐑦𐑑𐑦		unknown
abscission layer	NN1	GenAm	æbˈsɪʃən ˈleɪəR	æbˈsɪʃən ˈleɪəR	𐑨𐑚𐑕𐑦𐑖𐑩𐑯 𐑤𐑱𐑼	𐑨𐑚𐑕𐑦𐑖𐑩𐑯𐑤𐑱𐑼	matches
abscission layer	NN1	GenAm	æbˈsɪʒən ˈleɪəR	æbˈsɪʃən ˈleɪəR	𐑨𐑚𐑕𐑦𐑠𐑩𐑯 𐑤𐑱𐑼	𐑨𐑚𐑕𐑦𐑖𐑩𐑯𐑤𐑱𐑼	divergent
abscission layer	NN1	RSSB	æbsɪʃən		𐑨𐑚𐑕𐑦𐑖𐑩𐑯		unknown
abscission layer	NN1	RSSB	æbsɪʒən		𐑨𐑚𐑕𐑦𐑠𐑩𐑯		unknown
abscission layer	NN1	RSSB	leɪəR		𐑤𐑱𐑼		unknown
abscission layer	NN1	RSSB	lɜːRəR		𐑤𐑻𐑼		unknown
abscission zone	NN1	GenAm	æbˈsɪʃən ˈzoʊn	æbˈsɪʃən zəʊn	𐑨𐑚𐑕𐑦𐑖𐑩𐑯 𐑟𐑴𐑯	𐑨𐑚𐑕𐑦𐑖𐑩𐑯𐑟𐑴𐑯	matches
abscission zone	NN1	RSSB	æbˈsɪʃən ˈzəʊn		𐑨𐑚𐑕𐑦𐑖𐑩𐑯 𐑟𐑴𐑯		unknown
abscission zone	NN1	GenAm	æbˈsɪʒən ˈzoʊn	æbˈsɪʃən zəʊn	𐑨𐑚𐑕𐑦𐑠𐑩𐑯 𐑟𐑴𐑯	𐑨𐑚𐑕𐑦𐑖𐑩𐑯𐑟𐑴𐑯	divergent
abscission zone	NN1	RSSB	æbˈsɪʒən ˈzəʊn		𐑨𐑚𐑕𐑦𐑠𐑩𐑯 𐑟𐑴𐑯		unknown
absente reo	UNC	GenAm	æbˈsenti ˈrioʊ		𐑨𐑚𐑕𐑧𐑯𐑑𐑦 𐑮𐑦𐑴		unknown
absinthe green	NN1	GenAm	ˈæbsɪnθ ɡrin	ˈæbsɪnθ ɡriːn	𐑨𐑚𐑕𐑦𐑯𐑔 𐑜𐑮𐑦𐑯	𐑨𐑚𐑕𐑦𐑯𐑔𐑜𐑮𐑰𐑯	divergent
absinthe oil	NN1	GenAm	ˈæbsɪnθ ɔɪl	ˈæbsɪnθ ɔɪl	𐑨𐑚𐑕𐑦𐑯𐑔 𐑶𐑤	𐑨𐑚𐑕𐑦𐑯𐑔𐑶𐑤	matches
absinthe yellow	NN1	RSSB	ˈæbsɪnθ ˈjɜːloʊ	ˈæbsɪnθ ˈjeləʊ	𐑨𐑚𐑕𐑦𐑯𐑔 𐑘𐑻𐑤𐑴	𐑨𐑚𐑕𐑦𐑯𐑔𐑘𐑧𐑤𐑴	divergent
absit omen	ITJ	GenAm	ˈæbsɪt ˈoʊmən		𐑨𐑚𐑕𐑦𐑑 𐑴𐑥𐑩𐑯		unknown
absolute of enfleurage	NN1	GenAm	ˈæbsəˌlut əv ɒnfluˈrɒʒ		𐑨𐑚𐑕𐑩𐑤𐑫𐑑 𐑩𐑝 𐑪𐑯𐑓𐑤𐑫𐑮𐑪𐑠		unknown
absolute altitude	NN1	GenAm	ˈæbsəˌlut	ˈæbsəluːt ˈæltɪtuːd	𐑨𐑚𐑕𐑩𐑤𐑫𐑑	𐑨𐑚𐑕𐑩𐑤𐑵𐑑𐑨𐑤𐑑𐑦𐑑𐑵𐑛	divergent
absolute altitude	NN1	GenAm	ˌæbsəˈljut	ˈæbsəluːt ˈæltɪtuːd	𐑨𐑚𐑕𐑩𐑤𐑘𐑫𐑑	𐑨𐑚𐑕𐑩𐑤𐑵𐑑𐑨𐑤𐑑𐑦𐑑𐑵𐑛	divergent
absolute altitude	NN1	GenAm	ˈæltɪˌtud	ˈæbsəluːt ˈæltɪtuːd	𐑨𐑤𐑑𐑦𐑑𐑫𐑛	𐑨𐑚𐑕𐑩𐑤𐑵𐑑𐑨𐑤𐑑𐑦𐑑𐑵𐑛	divergent
absolute altitude	NN1	GenAm	ˈæltɪˌtjud	ˈæbsəluːt ˈæltɪtuːd	𐑨𐑤𐑑𐑦𐑑𐑘𐑫𐑛	𐑨𐑚𐑕𐑩𐑤𐑵𐑑𐑨𐑤𐑑𐑦𐑑𐑵𐑛	divergent
absolute blocking	NN1	GenAm	ˈæbsəˌlut ˈblɒkɪŋ	ˈæbsəluːt ˈblɒkɪŋ	𐑨𐑚𐑕𐑩𐑤𐑫𐑑 𐑚𐑤𐑪𐑒𐑦𐑙	𐑨𐑚𐑕𐑩𐑤𐑵𐑑𐑚𐑤𐑪𐑒𐑦𐑙	divergent
absolute blocking	NN1	GenAm	ˌæbsəˈljut ˈblɒkɪŋ	ˈæbsəluːt ˈblɒkɪŋ	𐑨𐑚𐑕𐑩𐑤𐑘𐑫𐑑 𐑚𐑤𐑪𐑒𐑦𐑙	𐑨𐑚𐑕𐑩𐑤𐑵𐑑𐑚𐑤𐑪𐑒𐑦𐑙	divergent
absolute constant	NN1	GenAm	ˈæbsəˌlut ˈkɒnstənt	ˈæbsəluːt ˈkɒnstənt	𐑨𐑚𐑕𐑩𐑤𐑫𐑑 𐑒𐑪𐑯𐑕𐑑𐑩𐑯𐑑	𐑨𐑚𐑕𐑩𐑤𐑵𐑑𐑒𐑪𐑯𐑕𐑑𐑩𐑯𐑑	divergent
absolute constant	NN1	GenAm	ˌæbsəˈljut ˈkɒnstənt	ˈæbsəluːt ˈkɒnstənt	𐑨𐑚𐑕𐑩𐑤𐑘𐑫𐑑 𐑒𐑪𐑯𐑕𐑑𐑩𐑯𐑑	𐑨𐑚𐑕𐑩𐑤𐑵𐑑𐑒𐑪𐑯𐑕𐑑𐑩𐑯𐑑	divergent
absolute ego	NN1	GenAm	ˈæbsəˌlut ˈiɡoʊ	ˈæbsəluːt ˈiːɡəʊ	𐑨𐑚𐑕𐑩𐑤𐑫𐑑 𐑦𐑜𐑴	𐑨𐑚𐑕𐑩𐑤𐑵𐑑𐑰𐑜𐑴	divergent
absolute ego	NN1	GenAm	ˌæbsəˈljut ˈiɡoʊ	ˈæbsəluːt ˈiːɡəʊ	𐑨𐑚𐑕𐑩𐑤𐑘𐑫𐑑 𐑦𐑜𐑴	𐑨𐑚𐑕𐑩𐑤𐑵𐑑𐑰𐑜𐑴	divergent
absolute endorsement	NN1	GenAm	ˈæbsəˌlut ɜːnˈdɔːRsmənt	ˈæbsəluːt ɪnˈdɔːRsmənt	𐑨𐑚𐑕𐑩𐑤𐑫𐑑 𐑻𐑯𐑛𐑹𐑕𐑥𐑩𐑯𐑑	𐑨𐑚𐑕𐑩𐑤𐑵𐑑𐑦𐑯𐑛𐑹𐑕𐑥𐑩𐑯𐑑	divergent
absolute endorsement	NN1	GenAm	ˌæbsəˈljut ɜːnˈdɔːRsmənt	ˈæbsəluːt ɪnˈdɔːRsmənt	𐑨𐑚𐑕𐑩𐑤𐑘𐑫𐑑 𐑻𐑯𐑛𐑹𐑕𐑥𐑩𐑯𐑑	𐑨𐑚𐑕𐑩𐑤𐑵𐑑𐑦𐑯𐑛𐑹𐑕𐑥𐑩𐑯𐑑	divergent
absolute fee simple	NN1	GenAm	ˈæbsəˌlut fi ˈsɪmpəl	ˈæbsəluːt fiː ˈsɪmpəl	𐑨𐑚𐑕𐑩𐑤𐑫𐑑 𐑓𐑦 𐑕𐑦𐑥𐑐𐑩𐑤	𐑨𐑚𐑕𐑩𐑤𐑵𐑑𐑓𐑰𐑕𐑦𐑥𐑐𐑩𐑤	divergent
absolute fee simple	NN1	GenAm	ˌæbsəˈljut fi ˈsɪmpəl	ˈæbsəluːt fiː ˈsɪmpəl	𐑨𐑚𐑕𐑩𐑤𐑘𐑫𐑑 𐑓𐑦 𐑕𐑦𐑥𐑐𐑩𐑤	𐑨𐑚𐑕𐑩𐑤𐑵𐑑𐑓𐑰𐑕𐑦𐑥𐑐𐑩𐑤	divergent
absolute form	NN1	GenAm	ˈæbsəˌlut fɔːRm	ˈæbsəluːt fɔːRm	𐑨𐑚𐑕𐑩𐑤𐑫𐑑 𐑓𐑹𐑥	𐑨𐑚𐑕𐑩𐑤𐑵𐑑𐑓𐑹𐑥	divergent
absolute form	NN1	GenAm	ˌæbsəˈljut fɔːRm	ˈæbsəluːt fɔːRm	𐑨𐑚𐑕𐑩𐑤𐑘𐑫𐑑 𐑓𐑹𐑥	𐑨𐑚𐑕𐑩𐑤𐑵𐑑𐑓𐑹𐑥	divergent
absolute idealism	NN1	GenAm	ˈæbsəˌlut	ˈæbsəluːt aɪˈdɪəlɪzəm	𐑨𐑚𐑕𐑩𐑤𐑫𐑑	𐑨𐑚𐑕𐑩𐑤𐑵𐑑𐑲𐑛𐑾𐑤𐑦𐑟𐑩𐑥	divergent
absolute idealism	NN1	GenAm	ˌæbsəˈljut	ˈæbsəluːt aɪˈdɪəlɪzəm	𐑨𐑚𐑕𐑩𐑤𐑘𐑫𐑑	𐑨𐑚𐑕𐑩𐑤𐑵𐑑𐑲𐑛𐑾𐑤𐑦𐑟𐑩𐑥	divergent
absolute idealism	NN1	GenAm	aɪˈdiəˌlɪzəm	ˈæbsəluːt aɪˈdɪəlɪzəm	𐑲𐑛𐑾𐑤𐑦𐑟𐑩𐑥	𐑨𐑚𐑕𐑩𐑤𐑵𐑑𐑲𐑛𐑾𐑤𐑦𐑟𐑩𐑥	divergent
absolute idealism	NN1	GenAm	aɪˈdɪəˌlɪzəm	ˈæbsəluːt aɪˈdɪəlɪzəm	𐑲𐑛𐑾𐑤𐑦𐑟𐑩𐑥	𐑨𐑚𐑕𐑩𐑤𐑵𐑑𐑲𐑛𐑾𐑤𐑦𐑟𐑩𐑥	divergent
absolute impediment	NN1	GenAm	ˈæbsəˌlut ɪmˈpɜːdəmənt	ˈæbsəluːt ɪmˈpedɪmənt	𐑨𐑚𐑕𐑩𐑤𐑫𐑑 𐑦𐑥𐑐𐑻𐑛𐑩𐑥𐑩𐑯𐑑	𐑨𐑚𐑕𐑩𐑤𐑵𐑑𐑦𐑥𐑐𐑧𐑛𐑦𐑥𐑩𐑯𐑑	divergent
absolute impediment	NN1	GenAm	ˌæbsəˈljut ɪmˈpɜːdəmənt	ˈæbsəluːt ɪmˈpedɪmənt	𐑨𐑚𐑕𐑩𐑤𐑘𐑫𐑑 𐑦𐑥𐑐𐑻𐑛𐑩𐑥𐑩𐑯𐑑	𐑨𐑚𐑕𐑩𐑤𐑵𐑑𐑦𐑥𐑐𐑧𐑛𐑦𐑥𐑩𐑯𐑑	divergent
absolutely convergent	AJ0	GenAm	ˌæbsəˈlutli kənˈvəRdʒənt	ˈæbsəluːtli kənˈvɜːRdʒənt	𐑨𐑚𐑕𐑩𐑤𐑫𐑑𐑤𐑦 𐑒𐑩𐑯𐑝𐑼𐑡𐑩𐑯𐑑	𐑨𐑚𐑕𐑩𐑤𐑵𐑑𐑤𐑦𐑒𐑩𐑯𐑝𐑻𐑡𐑩𐑯𐑑	divergent
absolutely convergent	AJ0	GenAm	ˈæbsəˌlutli kənˈvəRdʒənt	ˈæbsəluːtli kənˈvɜːRdʒənt	𐑨𐑚𐑕𐑩𐑤𐑫𐑑𐑤𐑦 𐑒𐑩𐑯𐑝𐑼𐑡𐑩𐑯𐑑	𐑨𐑚𐑕𐑩𐑤𐑵𐑑𐑤𐑦𐑒𐑩𐑯𐑝𐑻𐑡𐑩𐑯𐑑	divergent
absolute personal equation	NN1	GenAm	ˈæbsəˌlut pəRˈsənəl iˈkweɪʒən	ˈæbsəluːt ˈpɜːRsənəl ɪˈkweɪʒən	𐑨𐑚𐑕𐑩𐑤𐑫𐑑 𐑐𐑼𐑕𐑩𐑯𐑩𐑤 𐑦𐑒𐑢𐑱𐑠𐑩𐑯	𐑨𐑚𐑕𐑩𐑤𐑵𐑑𐑐𐑻𐑕𐑩𐑯𐑩𐑤𐑦𐑒𐑢𐑱𐑠𐑩𐑯	divergent
absolute personal equation	NN1	GenAm	ˌæbsəˈljut pəRˈsənəl iˈkweɪʒən	ˈæbsəluːt ˈpɜːRsənəl ɪˈkweɪʒən	𐑨𐑚𐑕𐑩𐑤𐑘𐑫𐑑 𐑐𐑼𐑕𐑩𐑯𐑩𐑤 𐑦𐑒𐑢𐑱𐑠𐑩𐑯	𐑨𐑚𐑕𐑩𐑤𐑵𐑑𐑐𐑻𐑕𐑩𐑯𐑩𐑤𐑦𐑒𐑢𐑱𐑠𐑩𐑯	divergent
absolute pressure	NN1	GenAm	ˈæbsəˌlut ˈprɜːʃəR	ˈæbsəluːt ˈpreʃəR	𐑨𐑚𐑕𐑩𐑤𐑫𐑑 𐑐𐑮𐑻𐑖𐑼	𐑨𐑚𐑕𐑩𐑤𐑵𐑑𐑐𐑮𐑧𐑖𐑼	divergent
absolute pressure	NN1	GenAm	ˌæbsəˈljut ˈprɜːʃəR	ˈæbsəluːt ˈpreʃəR	𐑨𐑚𐑕𐑩𐑤𐑘𐑫𐑑 𐑐𐑮𐑻𐑖𐑼	𐑨𐑚𐑕𐑩𐑤𐑵𐑑𐑐𐑮𐑧𐑖𐑼	divergent
absolute privilege	NN1	GenAm	ˈæbsəˌlut ˈprɪvəlɪdʒ	ˈæbsəluːt ˈprɪvəlɪdʒ	𐑨𐑚𐑕𐑩𐑤𐑫𐑑 𐑐𐑮𐑦𐑝𐑩𐑤𐑦𐑡	𐑨𐑚𐑕𐑩𐑤𐑵𐑑𐑐𐑮𐑦𐑝𐑩𐑤𐑦𐑡	divergent
absolute privilege	NN1	GenAm	ˌæbsəˈljut ˈprɪvəlɪdʒ	ˈæbsəluːt ˈprɪvəlɪdʒ	𐑨𐑚𐑕𐑩𐑤𐑘𐑫𐑑 𐑐𐑮𐑦𐑝𐑩𐑤𐑦𐑡	𐑨𐑚𐑕𐑩𐑤𐑵𐑑𐑐𐑮𐑦𐑝𐑩𐑤𐑦𐑡	divergent
absolute reality	NN1	GenAm	ˈæbsəˌlut riˈæləti	ˈæbsəluːt rɪˈælɪti	𐑨𐑚𐑕𐑩𐑤𐑫𐑑 𐑮𐑦𐑨𐑤𐑩𐑑𐑦	𐑨𐑚𐑕𐑩𐑤𐑵𐑑𐑮𐑦𐑨𐑤𐑦𐑑𐑦	divergent
absolute reality	NN1	GenAm	ˌæbsəˈljut riˈæləti	ˈæbsəluːt rɪˈælɪti	𐑨𐑚𐑕𐑩𐑤𐑘𐑫𐑑 𐑮𐑦𐑨𐑤𐑩𐑑𐑦	𐑨𐑚𐑕𐑩𐑤𐑵𐑑𐑮𐑦𐑨𐑤𐑦𐑑𐑦	divergent
absolute right	NN1	GenAm	ˈæbsəˌlut raɪt	ˈæbsəluːt raɪt	𐑨𐑚𐑕𐑩𐑤𐑫𐑑 𐑮𐑲𐑑	𐑨𐑚𐑕𐑩𐑤𐑵𐑑𐑮𐑲𐑑	divergent
absolute right	NN1	GenAm	ˌæbsəˈljut raɪt	ˈæbsəluːt raɪt	𐑨𐑚𐑕𐑩𐑤𐑘𐑫𐑑 𐑮𐑲𐑑	𐑨𐑚𐑕𐑩𐑤𐑵𐑑𐑮𐑲𐑑	divergent
absolute state	NN1	GenAm	ˈæbsəˌlut steɪt	ˈæbsəluːt steɪt	𐑨𐑚𐑕𐑩𐑤𐑫𐑑 𐑕𐑑𐑱𐑑	𐑨𐑚𐑕𐑩𐑤𐑵𐑑𐑕𐑑𐑱𐑑	divergent
absolute state	NN1	GenAm	ˌæbsəˈljut steɪt	ˈæbsəluːt steɪt	𐑨𐑚𐑕𐑩𐑤𐑘𐑫𐑑 𐑕𐑑𐑱𐑑	𐑨𐑚𐑕𐑩𐑤𐑵𐑑𐑕𐑑𐑱𐑑	divergent
absolute system	NN1	GenAm	ˈæbsəˌlut ˈsɪstəm	ˈæbsəluːt ˈsɪstəm	𐑨𐑚𐑕𐑩𐑤𐑫𐑑 𐑕𐑦𐑕𐑑𐑩𐑥	𐑨𐑚𐑕𐑩𐑤𐑵𐑑𐑕𐑦𐑕𐑑𐑩𐑥	divergent
absolute system	NN1	GenAm	ˌæbsəˈljut ˈsɪstəm	ˈæbsəluːt ˈsɪstəm	𐑨𐑚𐑕𐑩𐑤𐑘𐑫𐑑 𐑕𐑦𐑕𐑑𐑩𐑥	𐑨𐑚𐑕𐑩𐑤𐑵𐑑𐑕𐑦𐑕𐑑𐑩𐑥	divergent
absolute term	NN1	GenAm	ˈæbsəˌlut təRm	ˈæbsəluːt tɜːRm	𐑨𐑚𐑕𐑩𐑤𐑫𐑑 𐑑𐑼𐑥	𐑨𐑚𐑕𐑩𐑤𐑵𐑑𐑑𐑻𐑥	divergent
absolute term	NN1	GenAm	ˌæbsəˈljut təRm	ˈæbsəluːt tɜːRm	𐑨𐑚𐑕𐑩𐑤𐑘𐑫𐑑 𐑑𐑼𐑥	𐑨𐑚𐑕𐑩𐑤𐑵𐑑𐑑𐑻𐑥	divergent
absolute threshold	NN1	GenAm	ˈæbsəˌlut	ˈæbsəluːt ˈθreʃhəʊld	𐑨𐑚𐑕𐑩𐑤𐑫𐑑	𐑨𐑚𐑕𐑩𐑤𐑵𐑑𐑔𐑮𐑧𐑖𐑣𐑴𐑤𐑛	divergent
absolute threshold	NN1	GenAm	ˌæbsəˈljut	ˈæbsəluːt ˈθreʃhəʊld	𐑨𐑚𐑕𐑩𐑤𐑘𐑫𐑑	𐑨𐑚𐑕𐑩𐑤𐑵𐑑𐑔𐑮𐑧𐑖𐑣𐑴𐑤𐑛	divergent
absolute threshold	NN1	GenAm	ˈθrɜːʃhoʊld	ˈæbsəluːt ˈθreʃhəʊld	𐑔𐑮𐑻𐑖𐑣𐑴𐑤𐑛	𐑨𐑚𐑕𐑩𐑤𐑵𐑑𐑔𐑮𐑧𐑖𐑣𐑴𐑤𐑛	divergent
absolute threshold	NN1	GenAm	ˈθrɜːʃoʊld	ˈæbsəluːt ˈθreʃhəʊld	𐑔𐑮𐑻𐑖𐑴𐑤𐑛	𐑨𐑚𐑕𐑩𐑤𐑵𐑑𐑔𐑮𐑧𐑖𐑣𐑴𐑤𐑛	divergent
absolute weight	NN1	GenAm	ˈæbsəˌlut weɪt	ˈæbsəluːt weɪt	𐑨𐑚𐑕𐑩𐑤𐑫𐑑 𐑢𐑱𐑑	𐑨𐑚𐑕𐑩𐑤𐑵𐑑𐑢𐑱𐑑	divergent
absolute weight	NN1	GenAm	ˌæbsəˈljut weɪt	ˈæbsəluːt weɪt	𐑨𐑚𐑕𐑩𐑤𐑘𐑫𐑑 𐑢𐑱𐑑	𐑨𐑚𐑕𐑩𐑤𐑵𐑑𐑢𐑱𐑑	divergent
absorbent cotton	NN1	GenAm	æbˈsɔːRbənt ˈkɒtən	əbˈsɔːRbənt ˈkɒtən	𐑨𐑚𐑕𐑹𐑚𐑩𐑯𐑑 𐑒𐑪𐑑𐑩𐑯	𐑩𐑚𐑕𐑹𐑚𐑩𐑯𐑑𐑒𐑪𐑑𐑩𐑯	matches
absorbent cotton	NN1	GenAm	æbˈzɔːRbənt ˈkɒtən	əbˈsɔːRbənt ˈkɒtən	𐑨𐑚𐑟𐑹𐑚𐑩𐑯𐑑 𐑒𐑪𐑑𐑩𐑯	𐑩𐑚𐑕𐑹𐑚𐑩𐑯𐑑𐑒𐑪𐑑𐑩𐑯	divergent
absorbent cotton	NN1	GenAm	əbˈsɔːRbənt ˈkɒtən	əbˈsɔːRbənt ˈkɒtən	𐑩𐑚𐑕𐑹𐑚𐑩𐑯𐑑 𐑒𐑪𐑑𐑩𐑯	𐑩𐑚𐑕𐑹𐑚𐑩𐑯𐑑𐑒𐑪𐑑𐑩𐑯	matches
absorbent cotton	NN1	GenAm	əbˈzɔːRbənt ˈkɒtən	əbˈsɔːRbənt ˈkɒtən	𐑩𐑚𐑟𐑹𐑚𐑩𐑯𐑑 𐑒𐑪𐑑𐑩𐑯	𐑩𐑚𐑕𐑹𐑚𐑩𐑯𐑑𐑒𐑪𐑑𐑩𐑯	divergent
absorbent paper	NN1	GenAm	æbˈsorbənt ˈpeɪpəR	əbˈsɔːRbənt ˈpeɪpəR	𐑨𐑚𐑕𐑪𐑮𐑚𐑩𐑯𐑑 𐑐𐑱𐑐𐑼	𐑩𐑚𐑕𐑹𐑚𐑩𐑯𐑑𐑐𐑱𐑐𐑼	divergent
absorbent paper	NN1	GenAm	æbˈzorbənt ˈpeɪpəR	əbˈsɔːRbənt ˈpeɪpəR	𐑨𐑚𐑟𐑪𐑮𐑚𐑩𐑯𐑑 𐑐𐑱𐑐𐑼	𐑩𐑚𐑕𐑹𐑚𐑩𐑯𐑑𐑐𐑱𐑐𐑼	divergent
absorbent paper	NN1	GenAm	əbˈsorbənt ˈpeɪpəR	əbˈsɔːRbənt ˈpeɪpəR	𐑩𐑚𐑕𐑪𐑮𐑚𐑩𐑯𐑑 𐑐𐑱𐑐𐑼	𐑩𐑚𐑕𐑹𐑚𐑩𐑯𐑑𐑐𐑱𐑐𐑼	divergent
absorbent paper	NN1	GenAm	əbˈzorbənt ˈpeɪpəR	əbˈsɔːRbənt ˈpeɪpəR	𐑩𐑚𐑟𐑪𐑮𐑚𐑩𐑯𐑑 𐑐𐑱𐑐𐑼	𐑩𐑚𐑕𐑹𐑚𐑩𐑯𐑑𐑐𐑱𐑐𐑼	divergent
absorption cell	NN1	GenAm	æbˈsɔːRpʃən sɜːl	əbˈsɔːRpʃən sel	𐑨𐑚𐑕𐑹𐑐𐑖𐑩𐑯 𐑕𐑻𐑤	𐑩𐑚𐑕𐑹𐑐𐑖𐑩𐑯𐑕𐑧𐑤	divergent
absorption cell	NN1	GenAm	æbˈzɔːRpʃən sɜːl	əbˈsɔːRpʃən sel	𐑨𐑚𐑟𐑹𐑐𐑖𐑩𐑯 𐑕𐑻𐑤	𐑩𐑚𐑕𐑹𐑐𐑖𐑩𐑯𐑕𐑧𐑤	divergent
absorption cell	NN1	GenAm	əbˈzɔːRpʃən sɜːl	əbˈsɔːRpʃən sel	𐑩𐑚𐑟𐑹𐑐𐑖𐑩𐑯 𐑕𐑻𐑤	𐑩𐑚𐑕𐑹𐑐𐑖𐑩𐑯𐑕𐑧𐑤	divergent
absorption cell	NN1	GenAm	əbˈsɔːRpʃən sɜːl	əbˈsɔːRpʃən sel	𐑩𐑚𐑕𐑹𐑐𐑖𐑩𐑯 𐑕𐑻𐑤	𐑩𐑚𐑕𐑹𐑐𐑖𐑩𐑯𐑕𐑧𐑤	divergent
absorption dynamometer	NN1	GenAm	æbˈsɔːRpʃən ˌdaɪnəˈmɒmɪtəR		𐑨𐑚𐑕𐑹𐑐𐑖𐑩𐑯 𐑛𐑲𐑯𐑩𐑥𐑪𐑥𐑦𐑑𐑼		unknown
absorption dynamometer	NN1	GenAm	æbˈzɔːRpʃən ˌdaɪnəˈmɒmɪtəR		𐑨𐑚𐑟𐑹𐑐𐑖𐑩𐑯 𐑛𐑲𐑯𐑩𐑥𐑪𐑥𐑦𐑑𐑼		unknown
absorption dynamometer	NN1	GenAm	əbˈzɔːRpʃən ˌdaɪnəˈmɒmɪtəR		𐑩𐑚𐑟𐑹𐑐𐑖𐑩𐑯 𐑛𐑲𐑯𐑩𐑥𐑪𐑥𐑦𐑑𐑼		unknown
absorption dynamometer	NN1	GenAm	əbˈsɔːRpʃən ˌdaɪnəˈmɒmɪtəR		𐑩𐑚𐑕𐑹𐑐𐑖𐑩𐑯 𐑛𐑲𐑯𐑩𐑥𐑪𐑥𐑦𐑑𐑼		unknown
absorption edge	NN1	GenAm	æbˈsɔːRpʃən ɜːdʒ	əbˈsɔːRpʃən edʒ	𐑨𐑚𐑕𐑹𐑐𐑖𐑩𐑯 𐑻𐑡	𐑩𐑚𐑕𐑹𐑐𐑖𐑩𐑯𐑧𐑡	divergent
absorption edge	NN1	GenAm	æbˈzɔːRpʃən ɜːdʒ	əbˈsɔːRpʃən edʒ	𐑨𐑚𐑟𐑹𐑐𐑖𐑩𐑯 𐑻𐑡	𐑩𐑚𐑕𐑹𐑐𐑖𐑩𐑯𐑧𐑡	divergent
absorption edge	NN1	GenAm	əbˈzɔːRpʃən ɜːdʒ	əbˈsɔːRpʃən edʒ	𐑩𐑚𐑟𐑹𐑐𐑖𐑩𐑯 𐑻𐑡	𐑩𐑚𐑕𐑹𐑐𐑖𐑩𐑯𐑧𐑡	divergent
absorption edge	NN1	GenAm	əbˈsɔːRpʃən ɜːdʒ	əbˈsɔːRpʃən edʒ	𐑩𐑚𐑕𐑹𐑐𐑖𐑩𐑯 𐑻𐑡	𐑩𐑚𐑕𐑹𐑐𐑖𐑩𐑯𐑧𐑡	divergent
absorption factor	NN1	GenAm	æbˈsɔːRpʃən ˈfæktəR	əbˈsɔːRpʃən ˈfæktəR	𐑨𐑚𐑕𐑹𐑐𐑖𐑩𐑯 𐑓𐑨𐑒𐑑𐑼	𐑩𐑚𐑕𐑹𐑐𐑖𐑩𐑯𐑓𐑨𐑒𐑑𐑼	matches
absorption factor	NN1	GenAm	æbˈzɔːRpʃən ˈfæktəR	əbˈsɔːRpʃən ˈfæktəR	𐑨𐑚𐑟𐑹𐑐𐑖𐑩𐑯 𐑓𐑨𐑒𐑑𐑼	𐑩𐑚𐑕𐑹𐑐𐑖𐑩𐑯𐑓𐑨𐑒𐑑𐑼	divergent
absorption factor	NN1	GenAm	əbˈzɔːRpʃən ˈfæktəR	əbˈsɔːRpʃən ˈfæktəR	𐑩𐑚𐑟𐑹𐑐𐑖𐑩𐑯 𐑓𐑨𐑒𐑑𐑼	𐑩𐑚𐑕𐑹𐑐𐑖𐑩𐑯𐑓𐑨𐑒𐑑𐑼	divergent
absorption factor	NN1	GenAm	əbˈsɔːRpʃən ˈfæktəR	əbˈsɔːRpʃən ˈfæktəR	𐑩𐑚𐑕𐑹𐑐𐑖𐑩𐑯 𐑓𐑨𐑒𐑑𐑼	𐑩𐑚𐑕𐑹𐑐𐑖𐑩𐑯𐑓𐑨𐑒𐑑𐑼	matches
absorption hygrometer	NN1	GenAm	æbˈsɔːRpʃən haɪˈɡrɒmɪtəR		𐑨𐑚𐑕𐑹𐑐𐑖𐑩𐑯 𐑣𐑲𐑜𐑮𐑪𐑥𐑦𐑑𐑼		unknown
absorption hygrometer	NN1	GenAm	æbˈzɔːRpʃən haɪˈɡrɒmɪtəR		𐑨𐑚𐑟𐑹𐑐𐑖𐑩𐑯 𐑣𐑲𐑜𐑮𐑪𐑥𐑦𐑑𐑼		unknown
absorption hygrometer	NN1	GenAm	əbˈzɔːRpʃən haɪˈɡrɒmɪtəR		𐑩𐑚𐑟𐑹𐑐𐑖𐑩𐑯 𐑣𐑲𐑜𐑮𐑪𐑥𐑦𐑑𐑼		unknown
absorption hygrometer	NN1	GenAm	əbˈsɔːRpʃən haɪˈɡrɒmɪtəR		𐑩𐑚𐑕𐑹𐑐𐑖𐑩𐑯 𐑣𐑲𐑜𐑮𐑪𐑥𐑦𐑑𐑼		unknown
absorption pipette	NN1	GenAm	æbˈsɔːRpʃən	əbˈsɔːRpʃən pɪˈpet	𐑨𐑚𐑕𐑹𐑐𐑖𐑩𐑯	𐑩𐑚𐑕𐑹𐑐𐑖𐑩𐑯𐑐𐑦𐑐𐑧𐑑	divergent
absorption pipette	NN1	GenAm	æbˈzɔːRpʃən	əbˈsɔːRpʃən pɪˈpet	𐑨𐑚𐑟𐑹𐑐𐑖𐑩𐑯	𐑩𐑚𐑕𐑹𐑐𐑖𐑩𐑯𐑐𐑦𐑐𐑧𐑑	divergent
absorption pipette	NN1	GenAm	əbˈzɔːRpʃən	əbˈsɔːRpʃən pɪˈpet	𐑩𐑚𐑟𐑹𐑐𐑖𐑩𐑯	𐑩𐑚𐑕𐑹𐑐𐑖𐑩𐑯𐑐𐑦𐑐𐑧𐑑	divergent
absorption pipette	NN1	GenAm	əbˈsɔːRpʃən	əbˈsɔːRpʃən pɪˈpet	𐑩𐑚𐑕𐑹𐑐𐑖𐑩𐑯	𐑩𐑚𐑕𐑹𐑐𐑖𐑩𐑯𐑐𐑦𐑐𐑧𐑑	divergent
absorption pipette	NN1	GenAm	paɪˈpɜːt	əbˈsɔːRpʃən pɪˈpet	𐑐𐑲𐑐𐑻𐑑	𐑩𐑚𐑕𐑹𐑐𐑖𐑩𐑯𐑐𐑦𐑐𐑧𐑑	divergent
absorption pipette	NN1	GenAm	pɪˈpɜːt	əbˈsɔːRpʃən pɪˈpet	𐑐𐑦𐑐𐑻𐑑	𐑩𐑚𐑕𐑹𐑐𐑖𐑩𐑯𐑐𐑦𐑐𐑧𐑑	divergent
absorption system	NN1	GenAm	æbˈsɔːRpʃən ˈsɪstəm	əbˈsɔːRpʃən ˈsɪstəm	𐑨𐑚𐑕𐑹𐑐𐑖𐑩𐑯 𐑕𐑦𐑕𐑑𐑩𐑥	𐑩𐑚𐑕𐑹𐑐𐑖𐑩𐑯𐑕𐑦𐑕𐑑𐑩𐑥	matches
absorption system	NN1	GenAm	æbˈzɔːRpʃən ˈsɪstəm	əbˈsɔːRpʃən ˈsɪstəm	𐑨𐑚𐑟𐑹𐑐𐑖𐑩𐑯 𐑕𐑦𐑕𐑑𐑩𐑥	𐑩𐑚𐑕𐑹𐑐𐑖𐑩𐑯𐑕𐑦𐑕𐑑𐑩𐑥	divergent
absorption system	NN1	GenAm	əbˈzɔːRpʃən ˈsɪstəm	əbˈsɔːRpʃən ˈsɪstəm	𐑩𐑚𐑟𐑹𐑐𐑖𐑩𐑯 𐑕𐑦𐑕𐑑𐑩𐑥	𐑩𐑚𐑕𐑹𐑐𐑖𐑩𐑯𐑕𐑦𐑕𐑑𐑩𐑥	divergent
absorption system	NN1	GenAm	əbˈsɔːRpʃən ˈsɪstəm	əbˈsɔːRpʃən ˈsɪstəm	𐑩𐑚𐑕𐑹𐑐𐑖𐑩𐑯 𐑕𐑦𐑕𐑑𐑩𐑥	𐑩𐑚𐑕𐑹𐑐𐑖𐑩𐑯𐑕𐑦𐑕𐑑𐑩𐑥	matches
absque impetitione vasti	UNC	GenAm	ˈæbskwi ˌɪmpəˌtɪʃiˈoʊni ˈvæsˌti		𐑨𐑚𐑕𐑒𐑢𐑦 𐑦𐑥𐑐𐑩𐑑𐑦𐑖𐑦𐑴𐑯𐑦 𐑝𐑨𐑕𐑑𐑦		unknown
abstinence syndrome	NN1	GenAm	ˈæbstənəns ˈsɪndroʊm	ˈæbstɪnəns ˈsɪndrəʊm	𐑨𐑚𐑕𐑑𐑩𐑯𐑩𐑯𐑕 𐑕𐑦𐑯𐑛𐑮𐑴𐑥	𐑨𐑚𐑕𐑑𐑦𐑯𐑩𐑯𐑕𐑕𐑦𐑯𐑛𐑮𐑴𐑥	matches
abstinence syndrome	NN1	GenAm	ˈæbstənənts ˈsɪndroʊm	ˈæbstɪnəns ˈsɪndrəʊm	𐑨𐑚𐑕𐑑𐑩𐑯𐑩𐑯𐑑𐑕 𐑕𐑦𐑯𐑛𐑮𐑴𐑥	𐑨𐑚𐑕𐑑𐑦𐑯𐑩𐑯𐑕𐑕𐑦𐑯𐑛𐑮𐑴𐑥	divergent
abstinence theory	NN1	GenAm	ˈæbstənəns	ˈæbstɪnəns ˈθɪəri	𐑨𐑚𐑕𐑑𐑩𐑯𐑩𐑯𐑕	𐑨𐑚𐑕𐑑𐑦𐑯𐑩𐑯𐑕𐑔𐑽𐑦	divergent
abstinence theory	NN1	GenAm	ˈæbstənənts	ˈæbstɪnəns ˈθɪəri	𐑨𐑚𐑕𐑑𐑩𐑯𐑩𐑯𐑑𐑕	𐑨𐑚𐑕𐑑𐑦𐑯𐑩𐑯𐑕𐑔𐑽𐑦	divergent
abstinence theory	NN1	GenAm	ˈθiəri	ˈæbstɪnəns ˈθɪəri	𐑔𐑽𐑦	𐑨𐑚𐑕𐑑𐑦𐑯𐑩𐑯𐑕𐑔𐑽𐑦	divergent
abstinence theory	NN1	GenAm	ˈθɪəri	ˈæbstɪnəns ˈθɪəri	𐑔𐑽𐑦	𐑨𐑚𐑕𐑑𐑦𐑯𐑩𐑯𐑕𐑔𐑽𐑦	divergent
abstinence theory	NN1	GenAm	ˈθɪri	ˈæbstɪnəns ˈθɪəri	𐑔𐑦𐑮𐑦	𐑨𐑚𐑕𐑑𐑦𐑯𐑩𐑯𐑕𐑔𐑽𐑦	divergent
abstinence theory	NN1	GenAm	ˈθɪrri	ˈæbstɪnəns ˈθɪəri	𐑔𐑦𐑮𐑮𐑦	𐑨𐑚𐑕𐑑𐑦𐑯𐑩𐑯𐑕𐑔𐑽𐑦	divergent
abstract music	NN1	RSSB	æbˈstrækt ˈmjuːzɪk	ˈæbstrækt ˈmjuːzɪk	𐑨𐑚𐑕𐑑𐑮𐑨𐑒𐑑 𐑥𐑿𐑟𐑦𐑒	𐑨𐑚𐑕𐑑𐑮𐑨𐑒𐑑𐑥𐑿𐑟𐑦𐑒	matches
abstract music	NN1	RSSB	ˈæbˌstrækt ˈmjuːzɪk	ˈæbstrækt ˈmjuːzɪk	𐑨𐑚𐑕𐑑𐑮𐑨𐑒𐑑 𐑥𐑿𐑟𐑦𐑒	𐑨𐑚𐑕𐑑𐑮𐑨𐑒𐑑𐑥𐑿𐑟𐑦𐑒	matches
abstract music	NN1	GenAm	æbˈstrækt ˈmjuzɪk	ˈæbstrækt ˈmjuːzɪk	𐑨𐑚𐑕𐑑𐑮𐑨𐑒𐑑 𐑥𐑘𐑫𐑟𐑦𐑒	𐑨𐑚𐑕𐑑𐑮𐑨𐑒𐑑𐑥𐑿𐑟𐑦𐑒	divergent
abstract music	NN1	GenAm	ˈæbˌstrækt ˈmjuzɪk	ˈæbstrækt ˈmjuːzɪk	𐑨𐑚𐑕𐑑𐑮𐑨𐑒𐑑 𐑥𐑘𐑫𐑟𐑦𐑒	𐑨𐑚𐑕𐑑𐑮𐑨𐑒𐑑𐑥𐑿𐑟𐑦𐑒	divergent
abstract universal	NN1	RSSB	æbˈstrækt juːnɪvɜːRRsəl	ˈæbstrækt ˌjuːnɪˈvɜːRsəl	𐑨𐑚𐑕𐑑𐑮𐑨𐑒𐑑 𐑿𐑯𐑦𐑝𐑻𐑮𐑕𐑩𐑤	𐑨𐑚𐑕𐑑𐑮𐑨𐑒𐑑𐑿𐑯𐑦𐑝𐑻𐑕𐑩𐑤	divergent
abstract universal	NN1	RSSB	ˈæbˌstrækt juːnɪvɜːRRsəl	ˈæbstrækt ˌjuːnɪˈvɜːRsəl	𐑨𐑚𐑕𐑑𐑮𐑨𐑒𐑑 𐑿𐑯𐑦𐑝𐑻𐑮𐑕𐑩𐑤	𐑨𐑚𐑕𐑑𐑮𐑨𐑒𐑑𐑿𐑯𐑦𐑝𐑻𐑕𐑩𐑤	divergent
abstract universal	NN1	GenAm	æbˈstrækt ˌjunəˈvɜːRsəl	ˈæbstrækt ˌjuːnɪˈvɜːRsəl	𐑨𐑚𐑕𐑑𐑮𐑨𐑒𐑑 𐑘𐑫𐑯𐑩𐑝𐑻𐑕𐑩𐑤	𐑨𐑚𐑕𐑑𐑮𐑨𐑒𐑑𐑿𐑯𐑦𐑝𐑻𐑕𐑩𐑤	divergent
abstract universal	NN1	GenAm	ˈæbˌstrækt ˌjunəˈvɜːRsəl	ˈæbstrækt ˌjuːnɪˈvɜːRsəl	𐑨𐑚𐑕𐑑𐑮𐑨𐑒𐑑 𐑘𐑫𐑯𐑩𐑝𐑻𐑕𐑩𐑤	𐑨𐑚𐑕𐑑𐑮𐑨𐑒𐑑𐑿𐑯𐑦𐑝𐑻𐑕𐑩𐑤	divergent
mox nix	ITJ	GenAm	ˈmɒks ˌnɪks		𐑥𐑪𐑒𐑕 𐑯𐑦𐑒𐑕		unknown
mox nix	AJ0	GenAm	ˈmɒks ˌnɪks		𐑥𐑪𐑒𐑕 𐑯𐑦𐑒𐑕		unknown
inner strength	NN1	GenAm	ˈɪnəR streŋkθ	ˈɪnəR streŋθ	𐑦𐑯𐑼 𐑕𐑑𐑮𐑧𐑙𐑒𐑔	𐑦𐑯𐑼𐑕𐑑𐑮𐑧𐑙𐑔	divergent
inner strength	NN1	RSSB	ɪnəR streŋkθ	ˈɪnəR streŋθ	𐑦𐑯𐑼 𐑕𐑑𐑮𐑧𐑙𐑒𐑔	𐑦𐑯𐑼𐑕𐑑𐑮𐑧𐑙𐑔	divergent
good riddance to bad rubbish	ITJ	RSSB	ˌɡʊd rɪdəns tə ˌbæd ˈrʌbɪʃ	ɡʊd ˈrɪdəns T bæd ˈrʌbɪʃ	𐑜𐑫𐑛 𐑮𐑦𐑛𐑩𐑯𐑕 𐑑𐑩 𐑚𐑨𐑛 𐑮𐑳𐑚𐑦𐑖	𐑜𐑫𐑛𐑮𐑦𐑛𐑩𐑯𐑕𐑑𐑚𐑨𐑛𐑮𐑳𐑚𐑦𐑖	divergent
good riddance to bad rubbish	ITJ	GenAm	ˌɡʊd ˈrɪdns tə ˌbæd ˈrʌbɪʃ	ɡʊd ˈrɪdəns T bæd ˈrʌbɪʃ	𐑜𐑫𐑛 𐑮𐑦𐑛𐑯𐑕 𐑑𐑩 𐑚𐑨𐑛 𐑮𐑳𐑚𐑦𐑖	𐑜𐑫𐑛𐑮𐑦𐑛𐑩𐑯𐑕𐑑𐑚𐑨𐑛𐑮𐑳𐑚𐑦𐑖	divergent
good riddance to bad rubbish	NN1	RSSB	ˌɡʊd rɪdəns tə ˌbæd ˈrʌbɪʃ	ɡʊd ˈrɪdəns T bæd ˈrʌbɪʃ	𐑜𐑫𐑛 𐑮𐑦𐑛𐑩𐑯𐑕 𐑑𐑩 𐑚𐑨𐑛 𐑮𐑳𐑚𐑦𐑖	𐑜𐑫𐑛𐑮𐑦𐑛𐑩𐑯𐑕𐑑𐑚𐑨𐑛𐑮𐑳𐑚𐑦𐑖	divergent
good riddance to bad rubbish	NN1	GenAm	ˌɡʊd ˈrɪdns tə ˌbæd ˈrʌbɪʃ	ɡʊd ˈrɪdəns T bæd ˈrʌbɪʃ	𐑜𐑫𐑛 𐑮𐑦𐑛𐑯𐑕 𐑑𐑩 𐑚𐑨𐑛 𐑮𐑳𐑚𐑦𐑖	𐑜𐑫𐑛𐑮𐑦𐑛𐑩𐑯𐑕𐑑𐑚𐑨𐑛𐑮𐑳𐑚𐑦𐑖	divergent
particle zoo	NN1	GenAm	ˈpɑːRtɪkəl zu	ˈpɑːRtɪkəl zuː	𐑐𐑸𐑑𐑦𐑒𐑩𐑤 𐑟𐑫	𐑐𐑸𐑑𐑦𐑒𐑩𐑤𐑟𐑵	divergent
body line	NN1	RSSB	ˈbɒdilʌɪn	ˈbɒdi laɪn	𐑚𐑪𐑛𐑦𐑤𐑳𐑦𐑯	𐑚𐑪𐑛𐑦𐑤𐑲𐑯	divergent
Moqui marble	NN1	GenAm	ˈməʊki ˈmɑːRbəl	ˈmoʊki ˈmɑːRbəl	𐑥𐑴𐑒𐑦 𐑥𐑸𐑚𐑩𐑤	𐑥𐑴𐑒𐑦𐑥𐑸𐑚𐑩𐑤	matches
Hermitian matrix	NN1	GenAm	hɜːRˈmɪʃən ˈmeɪtrɪks		𐑣𐑻𐑥𐑦𐑖𐑩𐑯 𐑥𐑱𐑑𐑮𐑦𐑒𐑕		unknown
blue John	NN1	RSSB	ˈbluː dʒɒn	bluː dʒɒn	𐑚𐑤𐑵 𐑡𐑪𐑯	𐑚𐑤𐑵𐑡𐑪𐑯	matches
let well alone	UNC	GenAm	ˌletˌweləˈloʊn	let wel əˈləʊn	𐑤𐑧𐑑𐑢𐑧𐑤𐑩𐑤𐑴𐑯	𐑤𐑧𐑑𐑢𐑧𐑤𐑩𐑤𐑴𐑯	matches
from A to B	UNC	RSSB	frəm ˈeɪ tə ˈbiː	frɒm ə T biː	𐑓𐑮𐑩𐑥 𐑱 𐑑𐑩 𐑚𐑰	𐑓𐑮𐑪𐑥𐑩𐑑𐑚𐑰	divergent
from A to B	UNC	GenAm	frəm ˈeɪ tə ˈbiː	frɒm ə T biː	𐑓𐑮𐑩𐑥 𐑱 𐑑𐑩 𐑚𐑰	𐑓𐑮𐑪𐑥𐑩𐑑𐑚𐑰	divergent
door frame	NN1	RSSB	dɔːR ˌfreɪm	dɔːR freɪm	𐑛𐑹 𐑓𐑮𐑱𐑥	𐑛𐑹𐑓𐑮𐑱𐑥	matches
door frame	NN1	GenAm	ˈdɔːR ˌfreɪm	dɔːR freɪm	𐑛𐑹 𐑓𐑮𐑱𐑥	𐑛𐑹𐑓𐑮𐑱𐑥	matches
door frames	NN1	RSSB	dɔːR ˌfreɪmz	dɔːR freɪmz	𐑛𐑹 𐑓𐑮𐑱𐑥𐑟	𐑛𐑹𐑓𐑮𐑱𐑥𐑟	matches
door frames	NN1	GenAm	ˈdɔːR ˌfreɪmz	dɔːR freɪmz	𐑛𐑹 𐑓𐑮𐑱𐑥𐑟	𐑛𐑹𐑓𐑮𐑱𐑥𐑟	matches
pak pai	NN1	RSSB	pakˈpʌɪ		𐑐𐑨𐑒𐑐𐑳𐑦		unknown
Faustian bargain	NN1	RSSB	ˈfaʊstɪən bɑːRɡən		𐑓𐑬𐑕𐑑𐑾𐑯 𐑚𐑸𐑜𐑩𐑯		unknown
Faustian bargain	NN1	GenAm	ˈfaʊstiən ˈbɑːrɡən	ˈfaʊstiən ˈbɑːRɡɪn	𐑓𐑬𐑕𐑑𐑾𐑯 𐑚𐑸𐑜𐑩𐑯	𐑓𐑬𐑕𐑑𐑾𐑯𐑚𐑸𐑜𐑦𐑯	matches
justice delayed is justice denied	UNC	RSSB	ˌdʒʌstɪs dɪˈleɪd ɪz ˌdʒʌstɪs dɪˈnaɪd	ˈdʒʌstɪs dɪˈleɪd ɪz ˈdʒʌstɪs dɪˈnaɪd	𐑡𐑳𐑕𐑑𐑦𐑕 𐑛𐑦𐑤𐑱𐑛 𐑦𐑟 𐑡𐑳𐑕𐑑𐑦𐑕 𐑛𐑦𐑯𐑲𐑛	𐑡𐑳𐑕𐑑𐑦𐑕𐑛𐑦𐑤𐑱𐑛𐑦𐑟𐑡𐑳𐑕𐑑𐑦𐑕𐑛𐑦𐑯𐑲𐑛	matches
justice delayed is justice denied	UNC	GenAm	ˌdʒʌstɪs dəˈleɪd ɪz ˌdʒʌstɪs dəˈnaɪd	ˈdʒʌstɪs dɪˈleɪd ɪz ˈdʒʌstɪs dɪˈnaɪd	𐑡𐑳𐑕𐑑𐑦𐑕 𐑛𐑩𐑤𐑱𐑛 𐑦𐑟 𐑡𐑳𐑕𐑑𐑦𐑕 𐑛𐑩𐑯𐑲𐑛	𐑡𐑳𐑕𐑑𐑦𐑕𐑛𐑦𐑤𐑱𐑛𐑦𐑟𐑡𐑳𐑕𐑑𐑦𐑕𐑛𐑦𐑯𐑲𐑛	matches
rally cap	NN1	GenAm	ˈræli ˌkæp	ˈræli kæp	𐑮𐑨𐑤𐑦 𐑒𐑨𐑐	𐑮𐑨𐑤𐑦𐑒𐑨𐑐	matches
hey ho	ITJ	RSSB	ˈheɪhəʊ	heɪ həʊ	𐑣𐑱𐑣𐑴	𐑣𐑱𐑣𐑴	matches
nutty slack	NN1	RSSB	ˌnʌti ˈslæk	ˈnʌti slæk	𐑯𐑳𐑑𐑦 𐑕𐑤𐑨𐑒	𐑯𐑳𐑑𐑦𐑕𐑤𐑨𐑒	matches
nutty slack	NN1	GenAm	ˌnʌti ˈslæk	ˈnʌti slæk	𐑯𐑳𐑑𐑦 𐑕𐑤𐑨𐑒	𐑯𐑳𐑑𐑦𐑕𐑤𐑨𐑒	matches
Leyden jar	NN1	GenAm	ˈlaɪdən ˌdʒɑːR		𐑤𐑲𐑛𐑩𐑯 𐑡𐑸		unknown
shot across the bow	NN1	RSSB	ˈʃɒt əkrɒs ðə ˈbaʊ	ʃɒt əˈkrɒs Ð baʊ	𐑖𐑪𐑑 𐑩𐑒𐑮𐑪𐑕 𐑞𐑩 𐑚𐑬	𐑖𐑪𐑑𐑩𐑒𐑮𐑪𐑕𐑞𐑚𐑬	divergent
shot across the bow	NN1	GenAm	ˈʃɒt əˌkrɒs ðə ˈbaʊ	ʃɒt əˈkrɒs Ð baʊ	𐑖𐑪𐑑 𐑩𐑒𐑮𐑪𐑕 𐑞𐑩 𐑚𐑬	𐑖𐑪𐑑𐑩𐑒𐑮𐑪𐑕𐑞𐑚𐑬	divergent
bois d'arc	NN1	GenAm	ˈboʊˌdɑːRk		𐑚𐑴𐑛𐑸𐑒		unknown
bois d'arc	NN1	GenAm	ˈbwaˌdɑːRk		𐑚𐑢𐑨𐑛𐑸𐑒		unknown
cultus cod	NN1	GenAm	ˈkʌltəs ˈkɒd		𐑒𐑳𐑤𐑑𐑩𐑕 𐑒𐑪𐑛		unknown
lead someone up the garden path	VVI	RSSB	ˈliːd ˌsʌmwʌn ˈʌp ðə ɡɑːRdən pɑːθ	liːd ˈsʌmwʌn ʌp Ð ˈɡɑːRdən pⱭːθ	𐑤𐑰𐑛 𐑕𐑳𐑥𐑢𐑳𐑯 𐑳𐑐 𐑞𐑩 𐑜𐑸𐑛𐑩𐑯 𐑐𐑭𐑔	𐑤𐑰𐑛𐑕𐑳𐑥𐑢𐑳𐑯𐑳𐑐𐑞𐑜𐑸𐑛𐑩𐑯𐑐𐑭𐑔	divergent
lead someone up the garden path	VVI	GenAm	ˈlid ˌsʌmwʌn ˈʌp ðə ˈɡɑːRdən ˌpæθ	liːd ˈsʌmwʌn ʌp Ð ˈɡɑːRdən pⱭːθ	𐑤𐑦𐑛 𐑕𐑳𐑥𐑢𐑳𐑯 𐑳𐑐 𐑞𐑩 𐑜𐑸𐑛𐑩𐑯 𐑐𐑨𐑔	𐑤𐑰𐑛𐑕𐑳𐑥𐑢𐑳𐑯𐑳𐑐𐑞𐑜𐑸𐑛𐑩𐑯𐑐𐑭𐑔	divergent
rub elbows	VVI	RSSB	ˌrʌb ˈelˌbəʊz	rʌb ˈelbəʊz	𐑮𐑳𐑚 𐑧𐑤𐑚𐑴𐑟	𐑮𐑳𐑚𐑧𐑤𐑚𐑴𐑟	matches
rub elbows	VVI	GenAm	ˌrʌb ˈelˌboʊz	rʌb ˈelbəʊz	𐑮𐑳𐑚 𐑧𐑤𐑚𐑴𐑟	𐑮𐑳𐑚𐑧𐑤𐑚𐑴𐑟	matches
chess pie	NN1	RSSB	ˈtʃes ˌpaɪ	tʃes paɪ	𐑗𐑧𐑕 𐑐𐑲	𐑗𐑧𐑕𐑐𐑲	matches
chess pie	NN1	GenAm	ˈtʃes ˌpaɪ	tʃes paɪ	𐑗𐑧𐑕 𐑐𐑲	𐑗𐑧𐑕𐑐𐑲	matches
bulldog clip	NN1	RSSB	ˈbʊldɒɡ ˈklɪp	ˈbʊldɒɡ klɪp	𐑚𐑫𐑤𐑛𐑪𐑜 𐑒𐑤𐑦𐑐	𐑚𐑫𐑤𐑛𐑪𐑜𐑒𐑤𐑦𐑐	matches
bulldog clip	NN1	GenAm	ˈbʊlˌdɒɡ ˈklɪp	ˈbʊldɒɡ klɪp	𐑚𐑫𐑤𐑛𐑪𐑜 𐑒𐑤𐑦𐑐	𐑚𐑫𐑤𐑛𐑪𐑜𐑒𐑤𐑦𐑐	matches
drama llama	NN1	RSSB	drɑːmə ˈlɑːmə	ˈdrⱭːmə ˈlɑːmə	𐑛𐑮𐑭𐑥𐑩 𐑤𐑭𐑥𐑩	𐑛𐑮𐑭𐑥𐑩𐑤𐑭𐑥𐑩	matches
scream blue murder	VVI	RSSB	ˈskriːm bluː mɜːrdər	skriːm bluː ˈmɜːRdəR	𐑕𐑒𐑮𐑰𐑥 𐑚𐑤𐑵 𐑥𐑻𐑛𐑼	𐑕𐑒𐑮𐑰𐑥𐑚𐑤𐑵𐑥𐑻𐑛𐑼	matches
scream blue murder	VVI	GenAm	ˈskriːm bluː ˈmɜːRdəR	skriːm bluː ˈmɜːRdəR	𐑕𐑒𐑮𐑰𐑥 𐑚𐑤𐑵 𐑥𐑻𐑛𐑼	𐑕𐑒𐑮𐑰𐑥𐑚𐑤𐑵𐑥𐑻𐑛𐑼	matches
scream blue murder	VVI	GenAm	ˈskriːm bluː ˈməRtəR	skriːm bluː ˈmɜːRdəR	𐑕𐑒𐑮𐑰𐑥 𐑚𐑤𐑵 𐑥𐑼𐑑𐑼	𐑕𐑒𐑮𐑰𐑥𐑚𐑤𐑵𐑥𐑻𐑛𐑼	divergent
Bayesian network	NN1	RSSB	ˈbeɪzjən netwɜːRk		𐑚𐑱𐑟𐑘𐑩𐑯 𐑯𐑧𐑑𐑢𐑻𐑒		unknown
Bayesian network	NN1	GenAm	ˈbeɪzjən ˈnetwɜːRk		𐑚𐑱𐑟𐑘𐑩𐑯 𐑯𐑧𐑑𐑢𐑻𐑒		unknown
if you pay peanuts, you get monkeys	UNC	RSSB	ɪf ˌjuː peɪ ˈpiːnʌts ˌjuː ɡet ˈmʌŋkiːz		𐑦𐑓 𐑿 𐑐𐑱 𐑐𐑰𐑯𐑳𐑑𐑕 𐑿 𐑜𐑧𐑑 𐑥𐑳𐑙𐑒𐑰𐑟		unknown
if you pay peanuts, you get monkeys	UNC	GenAm	ɪf ˌju peɪ ˈpiˌnʌts ˌjuː ɡet ˈmʌŋkiz		𐑦𐑓 𐑘𐑫 𐑐𐑱 𐑐𐑦𐑯𐑳𐑑𐑕 𐑿 𐑜𐑧𐑑 𐑥𐑳𐑙𐑒𐑦𐑟		unknown
paralytic abasia	NN1	GenAm	ˌpærəˈlɪtɪk əˈbeɪʒiə		𐑐𐑨𐑮𐑩𐑤𐑦𐑑𐑦𐑒 𐑩𐑚𐑱𐑠𐑾		unknown
paralytic abasia	NN1	GenAm	ˌpærəˈlɪtɪk əˈbeɪʒə		𐑐𐑨𐑮𐑩𐑤𐑦𐑑𐑦𐑒 𐑩𐑚𐑱𐑠𐑩		unknown
paralytic abasia	NN1	GenAm	ˌpærəˈlɪtɪk əˈbeɪziə		𐑐𐑨𐑮𐑩𐑤𐑦𐑑𐑦𐑒 𐑩𐑚𐑱𐑟𐑾		unknown
Abbe number	NN1	GenAm	ˈɒbə ˈnʌmbəR	ˈæbeɪ ˈnʌmbəR	𐑪𐑚𐑩 𐑯𐑳𐑥𐑚𐑼	𐑨𐑚𐑱𐑯𐑳𐑥𐑚𐑼	divergent
Abbe number	NN1	GenAm	ˈæbi ˈnʌmbəR	ˈæbeɪ ˈnʌmbəR	𐑨𐑚𐑦 𐑯𐑳𐑥𐑚𐑼	𐑨𐑚𐑱𐑯𐑳𐑥𐑚𐑼	divergent
gold ochre	NN1	RSSB	ɡəʊld əʊkər	ɡəʊld ˈəʊkəR	𐑜𐑴𐑤𐑛 𐑴𐑒𐑼	𐑜𐑴𐑤𐑛𐑴𐑒𐑼	matches
gold ochre	NN1	GenAm	ɡoʊld ˈoʊkəR	ɡəʊld ˈəʊkəR	𐑜𐑴𐑤𐑛 𐑴𐑒𐑼	𐑜𐑴𐑤𐑛𐑴𐑒𐑼	matches
acute abdomen	NN1	RSSB	əˈkjuːt ˈæbdəmən	əˈkjuːt ˈæbdəmən	𐑩𐑒𐑿𐑑 𐑨𐑚𐑛𐑩𐑥𐑩𐑯	𐑩𐑒𐑿𐑑𐑨𐑚𐑛𐑩𐑥𐑩𐑯	matches
acute abdomen	NN1	RSSB	əˈkjuːt æbˈdəʊmən	əˈkjuːt ˈæbdəmən	𐑩𐑒𐑿𐑑 𐑨𐑚𐑛𐑴𐑥𐑩𐑯	𐑩𐑒𐑿𐑑𐑨𐑚𐑛𐑩𐑥𐑩𐑯	divergent
acute abdomen	NN1	GenAm	əˈkjut ˈæbdəmən	əˈkjuːt ˈæbdəmən	𐑩𐑒𐑘𐑫𐑑 𐑨𐑚𐑛𐑩𐑥𐑩𐑯	𐑩𐑒𐑿𐑑𐑨𐑚𐑛𐑩𐑥𐑩𐑯	divergent
acute abdomen	NN1	GenAm	əˈkjut æbˈdoʊmən	əˈkjuːt ˈæbdəmən	𐑩𐑒𐑘𐑫𐑑 𐑨𐑚𐑛𐑴𐑥𐑩𐑯	𐑩𐑒𐑿𐑑𐑨𐑚𐑛𐑩𐑥𐑩𐑯	divergent
boat-shaped abdomen	NN1	RSSB	bəʊt ʃeɪpt ˈæbdəmən		𐑚𐑴𐑑 𐑖𐑱𐑐𐑑 𐑨𐑚𐑛𐑩𐑥𐑩𐑯		unknown
boat-shaped abdomen	NN1	GenAm	boʊt ʃeɪpt ˈæbdəmən		𐑚𐑴𐑑 𐑖𐑱𐑐𐑑 𐑨𐑚𐑛𐑩𐑥𐑩𐑯		unknown
boat-shaped abdomen	NN1	RSSB	bəʊt ʃeɪpt æbˈdəʊmən		𐑚𐑴𐑑 𐑖𐑱𐑐𐑑 𐑨𐑚𐑛𐑴𐑥𐑩𐑯		unknown
boat-shaped abdomen	NN1	GenAm	boʊt ʃeɪpt æbˈdoʊmən		𐑚𐑴𐑑 𐑖𐑱𐑐𐑑 𐑨𐑚𐑛𐑴𐑥𐑩𐑯		unknown
carinate abdomen	NN1	RSSB	ˈkærɪneɪt ˈæbdəmən		𐑒𐑨𐑮𐑦𐑯𐑱𐑑 𐑨𐑚𐑛𐑩𐑥𐑩𐑯		unknown
carinate abdomen	NN1	GenAm	ˈkærɪneɪt ˈæbdəmən		𐑒𐑨𐑮𐑦𐑯𐑱𐑑 𐑨𐑚𐑛𐑩𐑥𐑩𐑯		unknown
carinate abdomen	NN1	RSSB	ˈkærɪneɪt æbˈdoʊmən		𐑒𐑨𐑮𐑦𐑯𐑱𐑑 𐑨𐑚𐑛𐑴𐑥𐑩𐑯		unknown
carinate abdomen	NN1	GenAm	ˈkærɪneɪt æbˈdoʊmən		𐑒𐑨𐑮𐑦𐑯𐑱𐑑 𐑨𐑚𐑛𐑴𐑥𐑩𐑯		unknown
navicular abdomen	NN1	RSSB	nəvɪkjələR ˈæbdəmən		𐑯𐑩𐑝𐑦𐑒𐑘𐑩𐑤𐑼 𐑨𐑚𐑛𐑩𐑥𐑩𐑯		unknown
navicular abdomen	NN1	GenAm	nəˈvɪkjələR ˈæbdəmən		𐑯𐑩𐑝𐑦𐑒𐑘𐑩𐑤𐑼 𐑨𐑚𐑛𐑩𐑥𐑩𐑯		unknown
navicular abdomen	NN1	RSSB	nəvɪkjələR æbˈdəʊmən		𐑯𐑩𐑝𐑦𐑒𐑘𐑩𐑤𐑼 𐑨𐑚𐑛𐑴𐑥𐑩𐑯		unknown
navicular abdomen	NN1	GenAm	nəˈvɪkjələR æbˈdoʊmən		𐑯𐑩𐑝𐑦𐑒𐑘𐑩𐑤𐑼 𐑨𐑚𐑛𐑴𐑥𐑩𐑯		unknown
pendulous abdomen	NN1	RSSB	ˈpendjələs	ˈpendʒələs ˈæbdəmən	𐑐𐑧𐑯𐑛𐑘𐑩𐑤𐑩𐑕	𐑐𐑧𐑯𐑡𐑩𐑤𐑩𐑕𐑨𐑚𐑛𐑩𐑥𐑩𐑯	divergent
pendulous abdomen	NN1	GenAm	ˈpendjələs	ˈpendʒələs ˈæbdəmən	𐑐𐑧𐑯𐑛𐑘𐑩𐑤𐑩𐑕	𐑐𐑧𐑯𐑡𐑩𐑤𐑩𐑕𐑨𐑚𐑛𐑩𐑥𐑩𐑯	divergent
pendulous abdomen	NN1	RSSB	ˈpendʒələs	ˈpendʒələs ˈæbdəmən	𐑐𐑧𐑯𐑡𐑩𐑤𐑩𐑕	𐑐𐑧𐑯𐑡𐑩𐑤𐑩𐑕𐑨𐑚𐑛𐑩𐑥𐑩𐑯	divergent
pendulous abdomen	NN1	GenAm	ˈpendʒələs	ˈpendʒələs ˈæbdəmən	𐑐𐑧𐑯𐑡𐑩𐑤𐑩𐑕	𐑐𐑧𐑯𐑡𐑩𐑤𐑩𐑕𐑨𐑚𐑛𐑩𐑥𐑩𐑯	divergent
pendulous abdomen	NN1	RSSB	ˈæbdəmən	ˈpendʒələs ˈæbdəmən	𐑨𐑚𐑛𐑩𐑥𐑩𐑯	𐑐𐑧𐑯𐑡𐑩𐑤𐑩𐑕𐑨𐑚𐑛𐑩𐑥𐑩𐑯	divergent
pendulous abdomen	NN1	GenAm	ˈæbdəmən	ˈpendʒələs ˈæbdəmən	𐑨𐑚𐑛𐑩𐑥𐑩𐑯	𐑐𐑧𐑯𐑡𐑩𐑤𐑩𐑕𐑨𐑚𐑛𐑩𐑥𐑩𐑯	divergent
pendulous abdomen	NN1	GenAm	ˈpendələs	ˈpendʒələs ˈæbdəmən	𐑐𐑧𐑯𐑛𐑩𐑤𐑩𐑕	𐑐𐑧𐑯𐑡𐑩𐑤𐑩𐑕𐑨𐑚𐑛𐑩𐑥𐑩𐑯	divergent
pendulous abdomen	NN1	GenAm	æbˈdoʊmən	ˈpendʒələs ˈæbdəmən	𐑨𐑚𐑛𐑴𐑥𐑩𐑯	𐑐𐑧𐑯𐑡𐑩𐑤𐑩𐑕𐑨𐑚𐑛𐑩𐑥𐑩𐑯	divergent
scaphoid abdomen	NN1	RSSB	ˈskæfɔɪd ˈæbdəmən		𐑕𐑒𐑨𐑓𐑶𐑛 𐑨𐑚𐑛𐑩𐑥𐑩𐑯		unknown
scaphoid abdomen	NN1	GenAm	ˈskæfɔɪd ˈæbdəmən		𐑕𐑒𐑨𐑓𐑶𐑛 𐑨𐑚𐑛𐑩𐑥𐑩𐑯		unknown
scaphoid abdomen	NN1	RSSB	ˈskæfɔɪd æbˈdəʊmən		𐑕𐑒𐑨𐑓𐑶𐑛 𐑨𐑚𐑛𐑴𐑥𐑩𐑯		unknown
scaphoid abdomen	NN1	GenAm	ˈskæfɔɪd æbˈdoʊmən		𐑕𐑒𐑨𐑓𐑶𐑛 𐑨𐑚𐑛𐑴𐑥𐑩𐑯		unknown
surgical abdomen	NN1	RSSB	sɜːRdʒɪkəl ˈæbdəmən	ˈsɜːRdʒɪkəl ˈæbdəmən	𐑕𐑻𐑡𐑦𐑒𐑩𐑤 𐑨𐑚𐑛𐑩𐑥𐑩𐑯	𐑕𐑻𐑡𐑦𐑒𐑩𐑤𐑨𐑚𐑛𐑩𐑥𐑩𐑯	matches
surgical abdomen	NN1	GenAm	ˈsɜːRdʒɪkəl ˈæbdəmən	ˈsɜːRdʒɪkəl ˈæbdəmən	𐑕𐑻𐑡𐑦𐑒𐑩𐑤 𐑨𐑚𐑛𐑩𐑥𐑩𐑯	𐑕𐑻𐑡𐑦𐑒𐑩𐑤𐑨𐑚𐑛𐑩𐑥𐑩𐑯	matches
surgical abdomen	NN1	RSSB	sɜːRdʒɪkəl æbˈdəʊmən	ˈsɜːRdʒɪkəl ˈæbdəmən	𐑕𐑻𐑡𐑦𐑒𐑩𐑤 𐑨𐑚𐑛𐑴𐑥𐑩𐑯	𐑕𐑻𐑡𐑦𐑒𐑩𐑤𐑨𐑚𐑛𐑩𐑥𐑩𐑯	divergent
surgical abdomen	NN1	GenAm	ˈsɜːRdʒɪkəl æbˈdoʊmən	ˈsɜːRdʒɪkəl ˈæbdəmən	𐑕𐑻𐑡𐑦𐑒𐑩𐑤 𐑨𐑚𐑛𐑴𐑥𐑩𐑯	𐑕𐑻𐑡𐑦𐑒𐑩𐑤𐑨𐑚𐑛𐑩𐑥𐑩𐑯	divergent
abdominal decompression	NN1	RSSB	æbˈdɒmənəl diːkəmpreʃən	æbˈdɒmɪnəl ˌdiːkəmˈpreʃən	𐑨𐑚𐑛𐑪𐑥𐑩𐑯𐑩𐑤 𐑛𐑰𐑒𐑩𐑥𐑐𐑮𐑧𐑖𐑩𐑯	𐑨𐑚𐑛𐑪𐑥𐑦𐑯𐑩𐑤𐑛𐑰𐑒𐑩𐑥𐑐𐑮𐑧𐑖𐑩𐑯	matches
abdominal decompression	NN1	GenAm	æbˈdɒmənəl dikəmˈpreʃən	æbˈdɒmɪnəl ˌdiːkəmˈpreʃən	𐑨𐑚𐑛𐑪𐑥𐑩𐑯𐑩𐑤 𐑛𐑦𐑒𐑩𐑥𐑐𐑮𐑧𐑖𐑩𐑯	𐑨𐑚𐑛𐑪𐑥𐑦𐑯𐑩𐑤𐑛𐑰𐑒𐑩𐑥𐑐𐑮𐑧𐑖𐑩𐑯	divergent
abdominal gestation	NN1	RSSB	æbˈdɒmənəl dʒeˈsteɪʃən	æbˈdɒmɪnəl dʒeˈsteɪʃən	𐑨𐑚𐑛𐑪𐑥𐑩𐑯𐑩𐑤 𐑡𐑧𐑕𐑑𐑱𐑖𐑩𐑯	𐑨𐑚𐑛𐑪𐑥𐑦𐑯𐑩𐑤𐑡𐑧𐑕𐑑𐑱𐑖𐑩𐑯	matches
abdominal gestation	NN1	GenAm	æbˈdɒmənəl dʒeˈsteɪʃən	æbˈdɒmɪnəl dʒeˈsteɪʃən	𐑨𐑚𐑛𐑪𐑥𐑩𐑯𐑩𐑤 𐑡𐑧𐑕𐑑𐑱𐑖𐑩𐑯	𐑨𐑚𐑛𐑪𐑥𐑦𐑯𐑩𐑤𐑡𐑧𐑕𐑑𐑱𐑖𐑩𐑯	matches
abdominal gestation	NN1	RSSB	əbˈdɒmənəl dʒeˈsteɪʃən	æbˈdɒmɪnəl dʒeˈsteɪʃən	𐑩𐑚𐑛𐑪𐑥𐑩𐑯𐑩𐑤 𐑡𐑧𐑕𐑑𐑱𐑖𐑩𐑯	𐑨𐑚𐑛𐑪𐑥𐑦𐑯𐑩𐑤𐑡𐑧𐑕𐑑𐑱𐑖𐑩𐑯	matches
abdominal gestation	NN1	GenAm	əbˈdɒmənəl dʒeˈsteɪʃən	æbˈdɒmɪnəl dʒeˈsteɪʃən	𐑩𐑚𐑛𐑪𐑥𐑩𐑯𐑩𐑤 𐑡𐑧𐑕𐑑𐑱𐑖𐑩𐑯	𐑨𐑚𐑛𐑪𐑥𐑦𐑯𐑩𐑤𐑡𐑧𐑕𐑑𐑱𐑖𐑩𐑯	matches
abdominal inguinal ring	NN1	RSSB	æbˈdɒmənəl ˈɪŋɡwɪnəl rɪŋ		𐑨𐑚𐑛𐑪𐑥𐑩𐑯𐑩𐑤 𐑦𐑙𐑜𐑢𐑦𐑯𐑩𐑤 𐑮𐑦𐑙		unknown
abdominal inguinal ring	NN1	GenAm	æbˈdɒmənəl ˈɪŋɡwɪnəl rɪŋ		𐑨𐑚𐑛𐑪𐑥𐑩𐑯𐑩𐑤 𐑦𐑙𐑜𐑢𐑦𐑯𐑩𐑤 𐑮𐑦𐑙		unknown
abdominal inguinal ring	NN1	RSSB	əbˈdɒmənəl ˈɪŋɡwɪnəl rɪŋ		𐑩𐑚𐑛𐑪𐑥𐑩𐑯𐑩𐑤 𐑦𐑙𐑜𐑢𐑦𐑯𐑩𐑤 𐑮𐑦𐑙		unknown
abdominal inguinal ring	NN1	GenAm	əbˈdɒmənəl ˈɪŋɡwɪnəl rɪŋ		𐑩𐑚𐑛𐑪𐑥𐑩𐑯𐑩𐑤 𐑦𐑙𐑜𐑢𐑦𐑯𐑩𐑤 𐑮𐑦𐑙		unknown
abdominal muscle	NN1	RSSB	æbˈdɒmənəl ˈmʌsəl	æbˈdɒmɪnəl ˈmʌsəl	𐑨𐑚𐑛𐑪𐑥𐑩𐑯𐑩𐑤 𐑥𐑳𐑕𐑩𐑤	𐑨𐑚𐑛𐑪𐑥𐑦𐑯𐑩𐑤𐑥𐑳𐑕𐑩𐑤	matches
abdominal muscle	NN1	GenAm	æbˈdɒmənəl ˈmʌsəl	æbˈdɒmɪnəl ˈmʌsəl	𐑨𐑚𐑛𐑪𐑥𐑩𐑯𐑩𐑤 𐑥𐑳𐑕𐑩𐑤	𐑨𐑚𐑛𐑪𐑥𐑦𐑯𐑩𐑤𐑥𐑳𐑕𐑩𐑤	matches
abdominal muscle	NN1	RSSB	əbˈdɒmənəl ˈmʌsəl	æbˈdɒmɪnəl ˈmʌsəl	𐑩𐑚𐑛𐑪𐑥𐑩𐑯𐑩𐑤 𐑥𐑳𐑕𐑩𐑤	𐑨𐑚𐑛𐑪𐑥𐑦𐑯𐑩𐑤𐑥𐑳𐑕𐑩𐑤	matches
abdominal muscle	NN1	GenAm	əbˈdɒmənəl ˈmʌsəl	æbˈdɒmɪnəl ˈmʌsəl	𐑩𐑚𐑛𐑪𐑥𐑩𐑯𐑩𐑤 𐑥𐑳𐑕𐑩𐑤	𐑨𐑚𐑛𐑪𐑥𐑦𐑯𐑩𐑤𐑥𐑳𐑕𐑩𐑤	matches
abdominal quadrant	NN1	RSSB	æbˈdɒmənəl kwɒdrənt	æbˈdɒmɪnəl ˈkwɒdrənt	𐑨𐑚𐑛𐑪𐑥𐑩𐑯𐑩𐑤 𐑒𐑢𐑪𐑛𐑮𐑩𐑯𐑑	𐑨𐑚𐑛𐑪𐑥𐑦𐑯𐑩𐑤𐑒𐑢𐑪𐑛𐑮𐑩𐑯𐑑	matches
abdominal quadrant	NN1	GenAm	æbˈdɒmənəl ˈkwɒdrənt	æbˈdɒmɪnəl ˈkwɒdrənt	𐑨𐑚𐑛𐑪𐑥𐑩𐑯𐑩𐑤 𐑒𐑢𐑪𐑛𐑮𐑩𐑯𐑑	𐑨𐑚𐑛𐑪𐑥𐑦𐑯𐑩𐑤𐑒𐑢𐑪𐑛𐑮𐑩𐑯𐑑	matches
abdominal quadrant	NN1	RSSB	əbˈdɒmənəl kwɒdrənt	æbˈdɒmɪnəl ˈkwɒdrənt	𐑩𐑚𐑛𐑪𐑥𐑩𐑯𐑩𐑤 𐑒𐑢𐑪𐑛𐑮𐑩𐑯𐑑	𐑨𐑚𐑛𐑪𐑥𐑦𐑯𐑩𐑤𐑒𐑢𐑪𐑛𐑮𐑩𐑯𐑑	matches
abdominal quadrant	NN1	GenAm	əbˈdɒmənəl ˈkwɒdrənt	æbˈdɒmɪnəl ˈkwɒdrənt	𐑩𐑚𐑛𐑪𐑥𐑩𐑯𐑩𐑤 𐑒𐑢𐑪𐑛𐑮𐑩𐑯𐑑	𐑨𐑚𐑛𐑪𐑥𐑦𐑯𐑩𐑤𐑒𐑢𐑪𐑛𐑮𐑩𐑯𐑑	matches
abdominal reflex	NN1	RSSB	æbˈdɒmənəl riːflɜːks	æbˈdɒmɪnəl ˈriːfleks	𐑨𐑚𐑛𐑪𐑥𐑩𐑯𐑩𐑤 𐑮𐑰𐑓𐑤𐑻𐑒𐑕	𐑨𐑚𐑛𐑪𐑥𐑦𐑯𐑩𐑤𐑮𐑰𐑓𐑤𐑧𐑒𐑕	divergent
abdominal reflex	NN1	RSSB	əbˈdɒmənəl riːflɜːks	æbˈdɒmɪnəl ˈriːfleks	𐑩𐑚𐑛𐑪𐑥𐑩𐑯𐑩𐑤 𐑮𐑰𐑓𐑤𐑻𐑒𐑕	𐑨𐑚𐑛𐑪𐑥𐑦𐑯𐑩𐑤𐑮𐑰𐑓𐑤𐑧𐑒𐑕	divergent
abdominal reflex	NN1	GenAm	æbˈdɒmənəl ˈriflɜːks	æbˈdɒmɪnəl ˈriːfleks	𐑨𐑚𐑛𐑪𐑥𐑩𐑯𐑩𐑤 𐑮𐑦𐑓𐑤𐑻𐑒𐑕	𐑨𐑚𐑛𐑪𐑥𐑦𐑯𐑩𐑤𐑮𐑰𐑓𐑤𐑧𐑒𐑕	divergent
abdominal reflex	NN1	GenAm	əbˈdɒmənəl ˈriflɜːks	æbˈdɒmɪnəl ˈriːfleks	𐑩𐑚𐑛𐑪𐑥𐑩𐑯𐑩𐑤 𐑮𐑦𐑓𐑤𐑻𐑒𐑕	𐑨𐑚𐑛𐑪𐑥𐑦𐑯𐑩𐑤𐑮𐑰𐑓𐑤𐑧𐑒𐑕	divergent
abdominal section	NN1	RSSB	æbˈdɒmənəl ˈsɜːkʃən	æbˈdɒmɪnəl ˈsekʃən	𐑨𐑚𐑛𐑪𐑥𐑩𐑯𐑩𐑤 𐑕𐑻𐑒𐑖𐑩𐑯	𐑨𐑚𐑛𐑪𐑥𐑦𐑯𐑩𐑤𐑕𐑧𐑒𐑖𐑩𐑯	divergent
abdominal section	NN1	GenAm	æbˈdɒmənəl ˈsɜːkʃən	æbˈdɒmɪnəl ˈsekʃən	𐑨𐑚𐑛𐑪𐑥𐑩𐑯𐑩𐑤 𐑕𐑻𐑒𐑖𐑩𐑯	𐑨𐑚𐑛𐑪𐑥𐑦𐑯𐑩𐑤𐑕𐑧𐑒𐑖𐑩𐑯	divergent
abdominal section	NN1	RSSB	əbˈdɒmənəl ˈsɜːkʃən	æbˈdɒmɪnəl ˈsekʃən	𐑩𐑚𐑛𐑪𐑥𐑩𐑯𐑩𐑤 𐑕𐑻𐑒𐑖𐑩𐑯	𐑨𐑚𐑛𐑪𐑥𐑦𐑯𐑩𐑤𐑕𐑧𐑒𐑖𐑩𐑯	divergent
abdominal section	NN1	GenAm	əbˈdɒmənəl ˈsɜːkʃən	æbˈdɒmɪnəl ˈsekʃən	𐑩𐑚𐑛𐑪𐑥𐑩𐑯𐑩𐑤 𐑕𐑻𐑒𐑖𐑩𐑯	𐑨𐑚𐑛𐑪𐑥𐑦𐑯𐑩𐑤𐑕𐑧𐑒𐑖𐑩𐑯	divergent
abdominocardiac reflex	NN1	GenAm	æbˌdɒmɪnoʊˈkɑːRdiæk ˈrifleks	æbˌdɒmɪnoʊˈkɑːRdiæk ˈriːfleks	𐑨𐑚𐑛𐑪𐑥𐑦𐑯𐑴𐑒𐑸𐑛𐑦𐑨𐑒 𐑮𐑦𐑓𐑤𐑧𐑒𐑕	𐑨𐑚𐑛𐑪𐑥𐑦𐑯𐑴𐑒𐑸𐑛𐑦𐑨𐑒𐑮𐑰𐑓𐑤𐑧𐑒𐑕	divergent
abdominodiaphragmatic breathing	NN1	GenAm	æbˌdɒmɪnoʊdiəfræɡˈmætɪk briːðɪŋ		𐑨𐑚𐑛𐑪𐑥𐑦𐑯𐑴𐑛𐑾𐑓𐑮𐑨𐑜𐑥𐑨𐑑𐑦𐑒 𐑚𐑮𐑰𐑞𐑦𐑙		unknown
abdominoscrotal muscle	NN1	GenAm	æbˌdɒmɪnoʊskroʊtəl ˈmʌsəl	æbˌdɒmɪnoʊskroʊtəl ˈmʌsəl	𐑨𐑚𐑛𐑪𐑥𐑦𐑯𐑴𐑕𐑒𐑮𐑴𐑑𐑩𐑤 𐑥𐑳𐑕𐑩𐑤	𐑨𐑚𐑛𐑪𐑥𐑦𐑯𐑴𐑕𐑒𐑮𐑴𐑑𐑩𐑤𐑥𐑳𐑕𐑩𐑤	matches
abdominothoracic arch	NN1	GenAm	æbˌdɒmɪnoʊθɔːRæsɪk ɑːRtʃ	æbˌdɒmɪnoʊθɔːRˈæsɪk ɑːRtʃ	𐑨𐑚𐑛𐑪𐑥𐑦𐑯𐑴𐑔𐑹𐑨𐑕𐑦𐑒 𐑸𐑗	𐑨𐑚𐑛𐑪𐑥𐑦𐑯𐑴𐑔𐑹𐑨𐑕𐑦𐑒𐑸𐑗	matches
abdominothoracic arch	NN1	GenAm	æbˌdɒmɪnoʊθoʊræsɪk ɑːRtʃ	æbˌdɒmɪnoʊθɔːRˈæsɪk ɑːRtʃ	𐑨𐑚𐑛𐑪𐑥𐑦𐑯𐑴𐑔𐑴𐑮𐑨𐑕𐑦𐑒 𐑸𐑗	𐑨𐑚𐑛𐑪𐑥𐑦𐑯𐑴𐑔𐑹𐑨𐑕𐑦𐑒𐑸𐑗	divergent
abducens muscle	NN1	GenAm	æbˈduˌsenz ˈmʌsəl	æbˈduˌsenz ˈmʌsəl	𐑨𐑚𐑛𐑫𐑕𐑧𐑯𐑟 𐑥𐑳𐑕𐑩𐑤	𐑨𐑚𐑛𐑫𐑕𐑧𐑯𐑟𐑥𐑳𐑕𐑩𐑤	matches
abducens muscle	NN1	GenAm	æbˈdjuˌsenz ˈmʌsəl	æbˈduˌsenz ˈmʌsəl	𐑨𐑚𐑛𐑘𐑫𐑕𐑧𐑯𐑟 𐑥𐑳𐑕𐑩𐑤	𐑨𐑚𐑛𐑫𐑕𐑧𐑯𐑟𐑥𐑳𐑕𐑩𐑤	divergent
iopanoic acid	NN1	GenAm	ˌaɪəpəˌnoʊɪk ˈæsƏd		𐑲𐑩𐑐𐑩𐑯𐑴𐑦𐑒 𐑨𐑕𐑩𐑛		unknown
Abernethy's fascia	NN1	GenAm	ˈæbəRˌniθi ˈfæʃiə		𐑨𐑚𐑼𐑯𐑦𐑔𐑦 𐑓𐑨𐑖𐑾		unknown
Abernethy's fascia	NN1	GenAm	ˈæbəRˌniθi ˈfæʃə		𐑨𐑚𐑼𐑯𐑦𐑔𐑦 𐑓𐑨𐑖𐑩		unknown
Abernethy's fascia	NN1	GenAm	ˈæbəRˌniθi ˈfeɪʃiə		𐑨𐑚𐑼𐑯𐑦𐑔𐑦 𐑓𐑱𐑖𐑾		unknown
Abernethy's fascia	NN1	GenAm	ˈæbəRˌniθi ˈfeɪʃə		𐑨𐑚𐑼𐑯𐑦𐑔𐑦 𐑓𐑱𐑖𐑩		unknown
Abernethy's sarcoma	NN1	GenAm	ˈæbəRˌniθi sɑːRˈkoʊmə		𐑨𐑚𐑼𐑯𐑦𐑔𐑦 𐑕𐑸𐑒𐑴𐑥𐑩		unknown
aberrant conduction	NN1	GenAm	əbˈerənt kənˈdʌksən	æˈberənt kənˈdʌkʃən	𐑩𐑚𐑧𐑮𐑩𐑯𐑑 𐑒𐑩𐑯𐑛𐑳𐑒𐑕𐑩𐑯	𐑨𐑚𐑧𐑮𐑩𐑯𐑑𐑒𐑩𐑯𐑛𐑳𐑒𐑖𐑩𐑯	divergent
aberrant conduction	NN1	GenAm	ˈæbərənt kənˈdʌksən	æˈberənt kənˈdʌkʃən	𐑨𐑚𐑼𐑩𐑯𐑑 𐑒𐑩𐑯𐑛𐑳𐑒𐑕𐑩𐑯	𐑨𐑚𐑧𐑮𐑩𐑯𐑑𐑒𐑩𐑯𐑛𐑳𐑒𐑖𐑩𐑯	divergent
aberratio lactis	NN1	GenAm	æbɜːˈreɪʃioʊ ˈlæktɪs		𐑨𐑚𐑻𐑱𐑖𐑦𐑴 𐑤𐑨𐑒𐑑𐑦𐑕		unknown
aberratio testis	NN1	GenAm	æbɜːˈreɪʃioʊ ˈtɜːstɪs		𐑨𐑚𐑻𐑱𐑖𐑦𐑴 𐑑𐑻𐑕𐑑𐑦𐑕		unknown
lateral aberration	NN1	GenAm	ˈlætəRəl ˌæbəˈreɪʃən	ˈlætərəl ˌæbəˈreɪʃən	𐑤𐑨𐑑𐑼𐑩𐑤 𐑨𐑚𐑼𐑱𐑖𐑩𐑯	𐑤𐑨𐑑𐑼𐑩𐑤𐑨𐑚𐑼𐑱𐑖𐑩𐑯	matches
longitudinal aberration	NN1	GenAm	ˌlɒndʒəˈtjudənəl ˌæbəˈreɪʃən	ˌlɒndʒɪˈtuːdɪnəl ˌæbəˈreɪʃən	𐑤𐑪𐑯𐑡𐑩𐑑𐑘𐑫𐑛𐑩𐑯𐑩𐑤 𐑨𐑚𐑼𐑱𐑖𐑩𐑯	𐑤𐑪𐑯𐑡𐑦𐑑𐑵𐑛𐑦𐑯𐑩𐑤𐑨𐑚𐑼𐑱𐑖𐑩𐑯	divergent
longitudinal aberration	NN1	GenAm	ˌlɒndʒəˈtjudnəl ˌæbəˈreɪʃən	ˌlɒndʒɪˈtuːdɪnəl ˌæbəˈreɪʃən	𐑤𐑪𐑯𐑡𐑩𐑑𐑘𐑫𐑛𐑯𐑩𐑤 𐑨𐑚𐑼𐑱𐑖𐑩𐑯	𐑤𐑪𐑯𐑡𐑦𐑑𐑵𐑛𐑦𐑯𐑩𐑤𐑨𐑚𐑼𐑱𐑖𐑩𐑯	divergent
longitudinal aberration	NN1	GenAm	ˌlɒndʒəˈtudənəl ˌæbəˈreɪʃən	ˌlɒndʒɪˈtuːdɪnəl ˌæbəˈreɪʃən	𐑤𐑪𐑯𐑡𐑩𐑑𐑫𐑛𐑩𐑯𐑩𐑤 𐑨𐑚𐑼𐑱𐑖𐑩𐑯	𐑤𐑪𐑯𐑡𐑦𐑑𐑵𐑛𐑦𐑯𐑩𐑤𐑨𐑚𐑼𐑱𐑖𐑩𐑯	divergent
longitudinal aberration	NN1	GenAm	ˌlɒndʒəˈtudnəl ˌæbəˈreɪʃən	ˌlɒndʒɪˈtuːdɪnəl ˌæbəˈreɪʃən	𐑤𐑪𐑯𐑡𐑩𐑑𐑫𐑛𐑯𐑩𐑤 𐑨𐑚𐑼𐑱𐑖𐑩𐑯	𐑤𐑪𐑯𐑡𐑦𐑑𐑵𐑛𐑦𐑯𐑩𐑤𐑨𐑚𐑼𐑱𐑖𐑩𐑯	divergent
mental aberration	NN1	GenAm	ˈmɜːntəl ˌæbəˈreɪʃən	ˈmentəl ˌæbəˈreɪʃən	𐑥𐑻𐑯𐑑𐑩𐑤 𐑨𐑚𐑼𐑱𐑖𐑩𐑯	𐑥𐑧𐑯𐑑𐑩𐑤𐑨𐑚𐑼𐑱𐑖𐑩𐑯	divergent
live oak	NN1	GenAm	laɪv oʊk	lɪv əʊk	𐑤𐑲𐑝 𐑴𐑒	𐑤𐑦𐑝𐑴𐑒	divergent
Noetherian domain	NN1	GenAm	nəˈteriən doʊˈmeɪn		𐑯𐑩𐑑𐑧𐑮𐑾𐑯 𐑛𐑴𐑥𐑱𐑯		unknown
3D printer	NN1	RSSB	θriː diː prɪntər		𐑔𐑮𐑰 𐑛𐑰 𐑐𐑮𐑦𐑯𐑑𐑼		unknown
3D printer	NN1	GenAm	ˈθri ˈdi ˈprɪntəR		𐑔𐑮𐑦 𐑛𐑦 𐑐𐑮𐑦𐑯𐑑𐑼		unknown
3D printer	NN1	GenAm	ˈθri ˈdi ˈprɪtəR		𐑔𐑮𐑦 𐑛𐑦 𐑐𐑮𐑦𐑑𐑼		unknown
close to the wind	AJ0	RSSB	ˈkləʊs təðə ˈwɪnd	kləʊs T Ð wɪnd	𐑒𐑤𐑴𐑕 𐑑𐑩𐑞𐑩 𐑢𐑦𐑯𐑛	𐑒𐑤𐑴𐑕𐑑𐑞𐑢𐑦𐑯𐑛	divergent
close to the wind	AJ0	GenAm	ˈkloʊs təðə ˈwɪnd	kləʊs T Ð wɪnd	𐑒𐑤𐑴𐑕 𐑑𐑩𐑞𐑩 𐑢𐑦𐑯𐑛	𐑒𐑤𐑴𐑕𐑑𐑞𐑢𐑦𐑯𐑛	divergent
close to the wind	AV0	RSSB	ˈkləʊs təðə ˈwɪnd	kləʊs T Ð wɪnd	𐑒𐑤𐑴𐑕 𐑑𐑩𐑞𐑩 𐑢𐑦𐑯𐑛	𐑒𐑤𐑴𐑕𐑑𐑞𐑢𐑦𐑯𐑛	divergent
close to the wind	AV0	GenAm	ˈkloʊs təðə ˈwɪnd	kləʊs T Ð wɪnd	𐑒𐑤𐑴𐑕 𐑑𐑩𐑞𐑩 𐑢𐑦𐑯𐑛	𐑒𐑤𐑴𐑕𐑑𐑞𐑢𐑦𐑯𐑛	divergent
OS X	NP0	RSSB	əʊˌesˈten		𐑴𐑧𐑕𐑑𐑧𐑯		unknown
OS X	NP0	GenAm	oʊˌesˈten	ɒs eks	𐑴𐑧𐑕𐑑𐑧𐑯	𐑪𐑕𐑧𐑒𐑕	divergent
OS X	NP0	RSSB	əʊˌesˈeks		𐑴𐑧𐑕𐑧𐑒𐑕		unknown
OS X	NP0	GenAm	oʊˌesˈeks	ɒs eks	𐑴𐑧𐑕𐑧𐑒𐑕	𐑪𐑕𐑧𐑒𐑕	divergent
blow to kingdom come	VVI	RSSB	ˈbləʊ tə ˌkɪŋdəm ˈkʌm	bləʊ T ˈkɪŋdəm kʌm	𐑚𐑤𐑴 𐑑𐑩 𐑒𐑦𐑙𐑛𐑩𐑥 𐑒𐑳𐑥	𐑚𐑤𐑴𐑑𐑒𐑦𐑙𐑛𐑩𐑥𐑒𐑳𐑥	divergent
blow to kingdom come	VVI	GenAm	ˈbloʊ tə ˌkɪŋdəm ˈkʌm	bləʊ T ˈkɪŋdəm kʌm	𐑚𐑤𐑴 𐑑𐑩 𐑒𐑦𐑙𐑛𐑩𐑥 𐑒𐑳𐑥	𐑚𐑤𐑴𐑑𐑒𐑦𐑙𐑛𐑩𐑥𐑒𐑳𐑥	divergent
sergliflozin etabonate	NN1	GenAm	ˌsɜːRɡlɪˌfloʊzɪn eˈtæbəˌneɪt	ˌsɜːRɡlɪˈfloʊzɪn eˈtæbəˌneɪt	𐑕𐑻𐑜𐑤𐑦𐑓𐑤𐑴𐑟𐑦𐑯 𐑧𐑑𐑨𐑚𐑩𐑯𐑱𐑑	𐑕𐑻𐑜𐑤𐑦𐑓𐑤𐑴𐑟𐑦𐑯𐑧𐑑𐑨𐑚𐑩𐑯𐑱𐑑	matches
sodium stibogluconate	NN1	GenAm	ˌsoʊdiəm ˌstɪboʊˈɡlukəˌneɪt	ˈsəʊdɪəm ˌstɪboʊˈɡlukəˌneɪt	𐑕𐑴𐑛𐑾𐑥 𐑕𐑑𐑦𐑚𐑴𐑜𐑤𐑫𐑒𐑩𐑯𐑱𐑑	𐑕𐑴𐑛𐑾𐑥𐑕𐑑𐑦𐑚𐑴𐑜𐑤𐑫𐑒𐑩𐑯𐑱𐑑	matches
organ gun	NN1	RSSB	ɔːRɡən ˈɡʌn	ˈɔːRɡən ɡʌn	𐑹𐑜𐑩𐑯 𐑜𐑳𐑯	𐑹𐑜𐑩𐑯𐑜𐑳𐑯	matches
organ gun	NN1	GenAm	ˌɔːRɡən ˈɡʌn	ˈɔːRɡən ɡʌn	𐑹𐑜𐑩𐑯 𐑜𐑳𐑯	𐑹𐑜𐑩𐑯𐑜𐑳𐑯	matches
ablatio placentae	NN1	GenAm	æbˈleɪʃioʊ pləˈsenˌti		𐑨𐑚𐑤𐑱𐑖𐑦𐑴 𐑐𐑤𐑩𐑕𐑧𐑯𐑑𐑦		unknown
ablatio retinae	NN1	GenAm	æbˈleɪʃioʊ ˈrɜːtəni	əˈbleɪʃioʊ ˈretɪniː	𐑨𐑚𐑤𐑱𐑖𐑦𐑴 𐑮𐑻𐑑𐑩𐑯𐑦	𐑩𐑚𐑤𐑱𐑖𐑦𐑴𐑮𐑧𐑑𐑦𐑯𐑰	divergent
holy-water sprinkle	NN1	RSSB	həʊliwɔːtəR sprɪŋkəl		𐑣𐑴𐑤𐑦𐑢𐑷𐑑𐑼 𐑕𐑐𐑮𐑦𐑙𐑒𐑩𐑤		unknown
holy-water sprinkle	NN1	GenAm	ˈhoʊliˌwɒtər ˈsprɪŋkəl		𐑣𐑴𐑤𐑦𐑢𐑪𐑑𐑼 𐑕𐑐𐑮𐑦𐑙𐑒𐑩𐑤		unknown
tiludronic acid	NN1	GenAm	ˌtaɪluˌdrɒnɪk ˈæsƏd		𐑑𐑲𐑤𐑫𐑛𐑮𐑪𐑯𐑦𐑒 𐑨𐑕𐑩𐑛		unknown
accidental abortion	NN1	GenAm	ˌæksɪˈdentəl əˈbɔːRʃən	ˌæksɪˈdentəl əˈbɔːRʃən	𐑨𐑒𐑕𐑦𐑛𐑧𐑯𐑑𐑩𐑤 𐑩𐑚𐑹𐑖𐑩𐑯	𐑨𐑒𐑕𐑦𐑛𐑧𐑯𐑑𐑩𐑤𐑩𐑚𐑹𐑖𐑩𐑯	matches
ampullar abortion	NN1	GenAm	æmˈpʊlɑːR əˈbɔːRʃən		𐑨𐑥𐑐𐑫𐑤𐑸 𐑩𐑚𐑹𐑖𐑩𐑯		unknown
artificial abortion	NN1	GenAm	ˌɑːRtəˈfɪʃəl əˈbɔːRʃən	ˌɑːRtɪˈfɪʃəl əˈbɔːRʃən	𐑸𐑑𐑩𐑓𐑦𐑖𐑩𐑤 𐑩𐑚𐑹𐑖𐑩𐑯	𐑸𐑑𐑦𐑓𐑦𐑖𐑩𐑤𐑩𐑚𐑹𐑖𐑩𐑯	matches
complete abortion	NN1	GenAm	kəmˈplit əˈbɔːRʃən	kəmˈpliːt əˈbɔːRʃən	𐑒𐑩𐑥𐑐𐑤𐑦𐑑 𐑩𐑚𐑹𐑖𐑩𐑯	𐑒𐑩𐑥𐑐𐑤𐑰𐑑𐑩𐑚𐑹𐑖𐑩𐑯	divergent
habitual abortion	NN1	GenAm	həˈbɪtʃuəl əˈbɔːRʃən	həˈbɪtʃuəl əˈbɔːRʃən	𐑣𐑩𐑚𐑦𐑗𐑫𐑩𐑤 𐑩𐑚𐑹𐑖𐑩𐑯	𐑣𐑩𐑚𐑦𐑗𐑫𐑩𐑤𐑩𐑚𐑹𐑖𐑩𐑯	matches
habitual abortion	NN1	GenAm	həˈbɪtʃjuəl əˈbɔːRʃən	həˈbɪtʃuəl əˈbɔːRʃən	𐑣𐑩𐑚𐑦𐑗𐑘𐑫𐑩𐑤 𐑩𐑚𐑹𐑖𐑩𐑯	𐑣𐑩𐑚𐑦𐑗𐑫𐑩𐑤𐑩𐑚𐑹𐑖𐑩𐑯	divergent
imminent abortion	NN1	GenAm	ˈɪmɪnənt əˈbɔːRʃən	ˈɪmɪnənt əˈbɔːRʃən	𐑦𐑥𐑦𐑯𐑩𐑯𐑑 𐑩𐑚𐑹𐑖𐑩𐑯	𐑦𐑥𐑦𐑯𐑩𐑯𐑑𐑩𐑚𐑹𐑖𐑩𐑯	matches
imminent abortion	NN1	GenAm	ˈɪmənənt əˈbɔːRʃən	ˈɪmɪnənt əˈbɔːRʃən	𐑦𐑥𐑩𐑯𐑩𐑯𐑑 𐑩𐑚𐑹𐑖𐑩𐑯	𐑦𐑥𐑦𐑯𐑩𐑯𐑑𐑩𐑚𐑹𐑖𐑩𐑯	matches
incomplete abortion	NN1	GenAm	ɪnkəmˈplit əˈbɔːRʃən	ˌɪnkəmˈpliːt əˈbɔːRʃən	𐑦𐑯𐑒𐑩𐑥𐑐𐑤𐑦𐑑 𐑩𐑚𐑹𐑖𐑩𐑯	𐑦𐑯𐑒𐑩𐑥𐑐𐑤𐑰𐑑𐑩𐑚𐑹𐑖𐑩𐑯	divergent
inevitable abortion	NN1	GenAm	ɪnˈevɪtəbəl əˈbɔːRʃən	ɪnˈevɪtəbəl əˈbɔːRʃən	𐑦𐑯𐑧𐑝𐑦𐑑𐑩𐑚𐑩𐑤 𐑩𐑚𐑹𐑖𐑩𐑯	𐑦𐑯𐑧𐑝𐑦𐑑𐑩𐑚𐑩𐑤𐑩𐑚𐑹𐑖𐑩𐑯	matches
infected abortion	NN1	GenAm	ɪnˈfektəd əˈbɔːRʃən	ɪnˈfektƏd əˈbɔːRʃən	𐑦𐑯𐑓𐑧𐑒𐑑𐑩𐑛 𐑩𐑚𐑹𐑖𐑩𐑯	𐑦𐑯𐑓𐑧𐑒𐑑𐑩𐑛𐑩𐑚𐑹𐑖𐑩𐑯	matches
missed abortion	NN1	GenAm	mɪst əˈbɔːRʃən	mɪst əˈbɔːRʃən	𐑥𐑦𐑕𐑑 𐑩𐑚𐑹𐑖𐑩𐑯	𐑥𐑦𐑕𐑑𐑩𐑚𐑹𐑖𐑩𐑯	matches
nontherapeutic abortion	NN1	GenAm	ˌnɒnθerəˈpjutɪk əˈbɔːRʃən		𐑯𐑪𐑯𐑔𐑧𐑮𐑩𐑐𐑘𐑫𐑑𐑦𐑒 𐑩𐑚𐑹𐑖𐑩𐑯		unknown
septic abortion	NN1	GenAm	ˈseptɪk əˈbɔːRʃən	ˈseptɪk əˈbɔːRʃən	𐑕𐑧𐑐𐑑𐑦𐑒 𐑩𐑚𐑹𐑖𐑩𐑯	𐑕𐑧𐑐𐑑𐑦𐑒𐑩𐑚𐑹𐑖𐑩𐑯	matches
therapeutic abortion	NN1	GenAm	θerəˈpjutɪk əˈbɔːRʃən	ˌθerəˈpjuːtɪk əˈbɔːRʃən	𐑔𐑧𐑮𐑩𐑐𐑘𐑫𐑑𐑦𐑒 𐑩𐑚𐑹𐑖𐑩𐑯	𐑔𐑧𐑮𐑩𐑐𐑿𐑑𐑦𐑒𐑩𐑚𐑹𐑖𐑩𐑯	divergent
threatened abortion	NN1	GenAm	ˈθretənd əˈbɔːRʃən	ˈθretənd əˈbɔːRʃən	𐑔𐑮𐑧𐑑𐑩𐑯𐑛 𐑩𐑚𐑹𐑖𐑩𐑯	𐑔𐑮𐑧𐑑𐑩𐑯𐑛𐑩𐑚𐑹𐑖𐑩𐑯	matches
tubal abortion	NN1	GenAm	ˈtubəl əˈbɔːRʃən	ˈtubəl əˈbɔːRʃən	𐑑𐑫𐑚𐑩𐑤 𐑩𐑚𐑹𐑖𐑩𐑯	𐑑𐑫𐑚𐑩𐑤𐑩𐑚𐑹𐑖𐑩𐑯	matches
Abraham's barm	NP0	GenAm	ˈeɪbrəˌhæms bɑːRm		𐑱𐑚𐑮𐑩𐑣𐑨𐑥𐑕 𐑚𐑸𐑥		unknown
Abraham's barm	NP0	GenAm	ˈeɪbrəhəms bɑːRm		𐑱𐑚𐑮𐑩𐑣𐑩𐑥𐑕 𐑚𐑸𐑥		unknown
sham Abraham	VVI	GenAm	ʃæm ˈeɪbrəˌhæm	ʃæm ˈeɪbrəhæm	𐑖𐑨𐑥 𐑱𐑚𐑮𐑩𐑣𐑨𐑥	𐑖𐑨𐑥𐑱𐑚𐑮𐑩𐑣𐑨𐑥	matches
sham Abraham	VVI	GenAm	ʃæm ˈeɪbrəhəm	ʃæm ˈeɪbrəhæm	𐑖𐑨𐑥 𐑱𐑚𐑮𐑩𐑣𐑩𐑥	𐑖𐑨𐑥𐑱𐑚𐑮𐑩𐑣𐑨𐑥	matches
sound law	NN1	RSSB	ˈsaʊnd lɔː	saʊnd lɔː	𐑕𐑬𐑯𐑛 𐑤𐑷	𐑕𐑬𐑯𐑛𐑤𐑷	matches
sound law	NN1	GenAm	ˈsaʊnd lɒ	saʊnd lɔː	𐑕𐑬𐑯𐑛 𐑤𐑪	𐑕𐑬𐑯𐑛𐑤𐑷	divergent
Bartholin abscess	NN1	GenAm	ˈbɑːRtoʊlɪnz ˈæbˌses		𐑚𐑸𐑑𐑴𐑤𐑦𐑯𐑟 𐑨𐑚𐑕𐑧𐑕		unknown
Bartholin abscess	NN1	GenAm	ˈbɑːRtoʊlɪnz ˈæbˌsɪs		𐑚𐑸𐑑𐑴𐑤𐑦𐑯𐑟 𐑨𐑚𐑕𐑦𐑕		unknown
blind abscess	NN1	GenAm	blaɪnd ˈæbˌses	blaɪnd ˈæbses	𐑚𐑤𐑲𐑯𐑛 𐑨𐑚𐑕𐑧𐑕	𐑚𐑤𐑲𐑯𐑛𐑨𐑚𐑕𐑧𐑕	matches
blind abscess	NN1	GenAm	blaɪnd ˈæbˌsɪs	blaɪnd ˈæbses	𐑚𐑤𐑲𐑯𐑛 𐑨𐑚𐑕𐑦𐑕	𐑚𐑤𐑲𐑯𐑛𐑨𐑚𐑕𐑧𐑕	divergent
moo shu	NN1	GenAm	ˈmuʃu		𐑥𐑫𐑖𐑫		unknown
collar-button abscess	NN1	GenAm	ˈkɒləR ˈbʌtən ˈæbˌses		𐑒𐑪𐑤𐑼 𐑚𐑳𐑑𐑩𐑯 𐑨𐑚𐑕𐑧𐑕		unknown
collar-button abscess	NN1	GenAm	ˈkɒləR ˈbʌtən ˈæbˌsɪs		𐑒𐑪𐑤𐑼 𐑚𐑳𐑑𐑩𐑯 𐑨𐑚𐑕𐑦𐑕		unknown
deep abscess	NN1	GenAm	dip ˈæbˌses	diːp ˈæbses	𐑛𐑦𐑐 𐑨𐑚𐑕𐑧𐑕	𐑛𐑰𐑐𐑨𐑚𐑕𐑧𐑕	divergent
deep abscess	NN1	GenAm	dip ˈæbˌsɪs	diːp ˈæbses	𐑛𐑦𐑐 𐑨𐑚𐑕𐑦𐑕	𐑛𐑰𐑐𐑨𐑚𐑕𐑧𐑕	divergent
dry abscess	NN1	GenAm	draɪ ˈæbˌses	draɪ ˈæbses	𐑛𐑮𐑲 𐑨𐑚𐑕𐑧𐑕	𐑛𐑮𐑲𐑨𐑚𐑕𐑧𐑕	matches
dry abscess	NN1	GenAm	draɪ ˈæbˌsɪs	draɪ ˈæbses	𐑛𐑮𐑲 𐑨𐑚𐑕𐑦𐑕	𐑛𐑮𐑲𐑨𐑚𐑕𐑧𐑕	divergent
Slieve Donard	NP0	GenAm	ˌsliv ˈdɒnəRd		𐑕𐑤𐑦𐑝 𐑛𐑪𐑯𐑼𐑛		unknown
Slieve Donard	NP0	RSSB	ˌsliːv dɒnəRd		𐑕𐑤𐑰𐑝 𐑛𐑪𐑯𐑼𐑛		unknown
milk abscess	NN1	GenAm	mɪlk ˈæbˌses	mɪlk ˈæbses	𐑥𐑦𐑤𐑒 𐑨𐑚𐑕𐑧𐑕	𐑥𐑦𐑤𐑒𐑨𐑚𐑕𐑧𐑕	matches
milk abscess	NN1	GenAm	mɪlk ˈæbˌsɪs	mɪlk ˈæbses	𐑥𐑦𐑤𐑒 𐑨𐑚𐑕𐑦𐑕	𐑥𐑦𐑤𐑒𐑨𐑚𐑕𐑧𐑕	divergent
mother abscess	NN1	GenAm	ˈmʌðəR ˈæbˌses	ˈmʌðəR ˈæbses	𐑥𐑳𐑞𐑼 𐑨𐑚𐑕𐑧𐑕	𐑥𐑳𐑞𐑼𐑨𐑚𐑕𐑧𐑕	matches
mother abscess	NN1	GenAm	ˈmʌðəR ˈæbˌsɪs	ˈmʌðəR ˈæbses	𐑥𐑳𐑞𐑼 𐑨𐑚𐑕𐑦𐑕	𐑥𐑳𐑞𐑼𐑨𐑚𐑕𐑧𐑕	divergent
dog bone wrench	NN1	GenAm	dɒɡ boʊn rentʃ	dɒɡ bəʊn rentʃ	𐑛𐑪𐑜 𐑚𐑴𐑯 𐑮𐑧𐑯𐑗	𐑛𐑪𐑜𐑚𐑴𐑯𐑮𐑧𐑯𐑗	matches
dog bone spanner	NN1	RSSB	dɒɡ boʊn spænər	dɒɡ bəʊn ˈspænəR	𐑛𐑪𐑜 𐑚𐑴𐑯 𐑕𐑐𐑨𐑯𐑼	𐑛𐑪𐑜𐑚𐑴𐑯𐑕𐑐𐑨𐑯𐑼	matches
tin anniversary	NN1	GenAm	ˈtɪn ænɪˌvɜːRsəri	tɪn ˌænɪˈvɜːRsəri	𐑑𐑦𐑯 𐑨𐑯𐑦𐑝𐑻𐑕𐑼𐑦	𐑑𐑦𐑯𐑨𐑯𐑦𐑝𐑻𐑕𐑼𐑦	matches
tin anniversary	NN1	GenAm	ˈtɪn ænəˌvɜːRsəri	tɪn ˌænɪˈvɜːRsəri	𐑑𐑦𐑯 𐑨𐑯𐑩𐑝𐑻𐑕𐑼𐑦	𐑑𐑦𐑯𐑨𐑯𐑦𐑝𐑻𐑕𐑼𐑦	matches
kitchen sink	NN1	RSSB	ˌkɪtʃɪn ˈsɪŋk	ˈkɪtʃɪn sɪŋk	𐑒𐑦𐑗𐑦𐑯 𐑕𐑦𐑙𐑒	𐑒𐑦𐑗𐑦𐑯𐑕𐑦𐑙𐑒	matches
kitchen sink	NN1	GenAm	ˌkɪtʃən ˈsɪŋk	ˈkɪtʃɪn sɪŋk	𐑒𐑦𐑗𐑩𐑯 𐑕𐑦𐑙𐑒	𐑒𐑦𐑗𐑦𐑯𐑕𐑦𐑙𐑒	matches
kitchen sink	AJ0	RSSB	ˌkɪtʃɪn ˈsɪŋk	ˈkɪtʃɪn sɪŋk	𐑒𐑦𐑗𐑦𐑯 𐑕𐑦𐑙𐑒	𐑒𐑦𐑗𐑦𐑯𐑕𐑦𐑙𐑒	matches
kitchen sink	AJ0	GenAm	ˌkɪtʃən ˈsɪŋk	ˈkɪtʃɪn sɪŋk	𐑒𐑦𐑗𐑩𐑯 𐑕𐑦𐑙𐑒	𐑒𐑦𐑗𐑦𐑯𐑕𐑦𐑙𐑒	matches
kitchen sink	VVI	RSSB	ˌkɪtʃɪn ˈsɪŋk	ˈkɪtʃɪn sɪŋk	𐑒𐑦𐑗𐑦𐑯 𐑕𐑦𐑙𐑒	𐑒𐑦𐑗𐑦𐑯𐑕𐑦𐑙𐑒	matches
kitchen sink	VVI	GenAm	ˌkɪtʃən ˈsɪŋk	ˈkɪtʃɪn sɪŋk	𐑒𐑦𐑗𐑩𐑯 𐑕𐑦𐑙𐑒	𐑒𐑦𐑗𐑦𐑯𐑕𐑦𐑙𐑒	matches
right to work	NN1	RSSB	raɪt tə wɜːRk	raɪt T wɜːRk	𐑮𐑲𐑑 𐑑𐑩 𐑢𐑻𐑒	𐑮𐑲𐑑𐑑𐑢𐑻𐑒	divergent
right to work	NN1	GenAm	raɪt tə wɜːRk	raɪt T wɜːRk	𐑮𐑲𐑑 𐑑𐑩 𐑢𐑻𐑒	𐑮𐑲𐑑𐑑𐑢𐑻𐑒	divergent
nutting truck	NN1	GenAm	ˈnʌtɪŋ ˌtrʌk	ˈnʌtɪŋ trʌk	𐑯𐑳𐑑𐑦𐑙 𐑑𐑮𐑳𐑒	𐑯𐑳𐑑𐑦𐑙𐑑𐑮𐑳𐑒	matches
absciss layer	NN1	RSSB	ˈæbsɪs leɪəRR		𐑨𐑚𐑕𐑦𐑕 𐑤𐑱𐑼𐑮		unknown
absciss layer	NN1	GenAm	ˈæbsɪs	ˈæbsɪs ˈleɪəR	𐑨𐑚𐑕𐑦𐑕	𐑨𐑚𐑕𐑦𐑕𐑤𐑱𐑼	divergent
absciss layer	NN1	GenAm	ˈleɪəR	ˈæbsɪs ˈleɪəR	𐑤𐑱𐑼	𐑨𐑚𐑕𐑦𐑕𐑤𐑱𐑼	divergent
absciss layer	NN1	GenAm	ˈleɪə	ˈæbsɪs ˈleɪəR	𐑤𐑱𐑩	𐑨𐑚𐑕𐑦𐑕𐑤𐑱𐑼	divergent
absciss layer	NN1	GenAm	ˈlɜːə	ˈæbsɪs ˈleɪəR	𐑤𐑻𐑩	𐑨𐑚𐑕𐑦𐑕𐑤𐑱𐑼	divergent
absciss layer	NN1	GenAm	ˈlɜːəR	ˈæbsɪs ˈleɪəR	𐑤𐑻𐑼	𐑨𐑚𐑕𐑦𐑕𐑤𐑱𐑼	divergent
tarte Tatin	NN1	RSSB	tɑːRt taˈta		𐑑𐑸𐑑 𐑑𐑨𐑑𐑨		unknown
tarte Tatin	NN1	GenAm	ˌtɑːRt tæˈtæ		𐑑𐑸𐑑 𐑑𐑨𐑑𐑨		unknown
eat someone's lunch	VVI	RSSB	ˈiːt ˌsʌmwʌnz ˈlʌntʃ		𐑰𐑑 𐑕𐑳𐑥𐑢𐑳𐑯𐑟 𐑤𐑳𐑯𐑗		unknown
eat someone's lunch	VVI	GenAm	ˈit ˌsʌmwʌnz ˈlʌntʃ		𐑦𐑑 𐑕𐑳𐑥𐑢𐑳𐑯𐑟 𐑤𐑳𐑯𐑗		unknown
absentee vote	NN1	GenAm	ˌæbsənˈti voʊt	ˌæbsənˈtiː vəʊt	𐑨𐑚𐑕𐑩𐑯𐑑𐑦 𐑝𐑴𐑑	𐑨𐑚𐑕𐑩𐑯𐑑𐑰𐑝𐑴𐑑	divergent
absolute idea	NN1	GenAm	ˈæbsəˌlut aɪˈdɪə	ˈæbsəluːt aɪˈdɪə	𐑨𐑚𐑕𐑩𐑤𐑫𐑑 𐑲𐑛𐑾	𐑨𐑚𐑕𐑩𐑤𐑵𐑑𐑲𐑛𐑾	divergent
absolute idea	NN1	GenAm	ˌæbsəˈljut aɪˈdɪə	ˈæbsəluːt aɪˈdɪə	𐑨𐑚𐑕𐑩𐑤𐑘𐑫𐑑 𐑲𐑛𐑾	𐑨𐑚𐑕𐑩𐑤𐑵𐑑𐑲𐑛𐑾	divergent
kapok tree	NN1	RSSB	ˈkeɪpɒk triː	ˈkeɪpɒk triː	𐑒𐑱𐑐𐑪𐑒 𐑑𐑮𐑰	𐑒𐑱𐑐𐑪𐑒𐑑𐑮𐑰	matches
kapok tree	NN1	GenAm	ˈkeɪˌpɒk tri	ˈkeɪpɒk triː	𐑒𐑱𐑐𐑪𐑒 𐑑𐑮𐑦	𐑒𐑱𐑐𐑪𐑒𐑑𐑮𐑰	divergent
soft sign	NN1	RSSB	ˌsɒftˈsaɪn	sɒft saɪn	𐑕𐑪𐑓𐑑𐑕𐑲𐑯	𐑕𐑪𐑓𐑑𐑕𐑲𐑯	matches
soft sign	NN1	GenAm	ˌsɒftˈsaɪn	sɒft saɪn	𐑕𐑪𐑓𐑑𐑕𐑲𐑯	𐑕𐑪𐑓𐑑𐑕𐑲𐑯	matches
absolute unit	NN1	GenAm	ˈæbsəˌlut ˈjunɪt	ˈæbsəluːt ˈjuːnɪt	𐑨𐑚𐑕𐑩𐑤𐑫𐑑 𐑘𐑫𐑯𐑦𐑑	𐑨𐑚𐑕𐑩𐑤𐑵𐑑𐑿𐑯𐑦𐑑	divergent
absolute unit	NN1	GenAm	ˌæbsəˈljut ˈjunɪt	ˈæbsəluːt ˈjuːnɪt	𐑨𐑚𐑕𐑩𐑤𐑘𐑫𐑑 𐑘𐑫𐑯𐑦𐑑	𐑨𐑚𐑕𐑩𐑤𐑵𐑑𐑿𐑯𐑦𐑑	divergent
absorption costing	NN1	GenAm	æbˈsɔːRpʃən ˈkɒstɪŋ	əbˈsɔːRpʃən ˈkɒstɪŋ	𐑨𐑚𐑕𐑹𐑐𐑖𐑩𐑯 𐑒𐑪𐑕𐑑𐑦𐑙	𐑩𐑚𐑕𐑹𐑐𐑖𐑩𐑯𐑒𐑪𐑕𐑑𐑦𐑙	matches
absorption costing	NN1	GenAm	æbˈzɔːRpʃən ˈkɒstɪŋ	əbˈsɔːRpʃən ˈkɒstɪŋ	𐑨𐑚𐑟𐑹𐑐𐑖𐑩𐑯 𐑒𐑪𐑕𐑑𐑦𐑙	𐑩𐑚𐑕𐑹𐑐𐑖𐑩𐑯𐑒𐑪𐑕𐑑𐑦𐑙	divergent
absorption costing	NN1	GenAm	əbˈzɔːRpʃən ˈkɒstɪŋ	əbˈsɔːRpʃən ˈkɒstɪŋ	𐑩𐑚𐑟𐑹𐑐𐑖𐑩𐑯 𐑒𐑪𐑕𐑑𐑦𐑙	𐑩𐑚𐑕𐑹𐑐𐑖𐑩𐑯𐑒𐑪𐑕𐑑𐑦𐑙	divergent
absorption costing	NN1	GenAm	əbˈsɔːRpʃən ˈkɒstɪŋ	əbˈsɔːRpʃən ˈkɒstɪŋ	𐑩𐑚𐑕𐑹𐑐𐑖𐑩𐑯 𐑒𐑪𐑕𐑑𐑦𐑙	𐑩𐑚𐑕𐑹𐑐𐑖𐑩𐑯𐑒𐑪𐑕𐑑𐑦𐑙	matches
abstinence of war	NN1	GenAm	ˈæbstɪnɪns əv ˈwɔːR	ˈæbstɪnəns V wɔːR	𐑨𐑚𐑕𐑑𐑦𐑯𐑦𐑯𐑕 𐑩𐑝 𐑢𐑹	𐑨𐑚𐑕𐑑𐑦𐑯𐑩𐑯𐑕𐑝𐑢𐑹	divergent
abstract expressionist	NN1	RSSB	ˈæbˌstrækt ɪksprɜːʃənɪst	ˈæbstrækt ɪkˈspreʃənɪst	𐑨𐑚𐑕𐑑𐑮𐑨𐑒𐑑 𐑦𐑒𐑕𐑐𐑮𐑻𐑖𐑩𐑯𐑦𐑕𐑑	𐑨𐑚𐑕𐑑𐑮𐑨𐑒𐑑𐑦𐑒𐑕𐑐𐑮𐑧𐑖𐑩𐑯𐑦𐑕𐑑	divergent
abstract expressionist	NN1	GenAm	ˈæbˌstrækt ɪkˈsprɜːʃənˌɪst	ˈæbstrækt ɪkˈspreʃənɪst	𐑨𐑚𐑕𐑑𐑮𐑨𐑒𐑑 𐑦𐑒𐑕𐑐𐑮𐑻𐑖𐑩𐑯𐑦𐑕𐑑	𐑨𐑚𐑕𐑑𐑮𐑨𐑒𐑑𐑦𐑒𐑕𐑐𐑮𐑧𐑖𐑩𐑯𐑦𐑕𐑑	divergent
Abt system	NN1	RSSB	ɑːpt ˈsɪstəm		𐑭𐑐𐑑 𐑕𐑦𐑕𐑑𐑩𐑥		unknown
Abt system	NN1	RSSB	æpt ˈsɪstəm		𐑨𐑐𐑑 𐑕𐑦𐑕𐑑𐑩𐑥		unknown
Abt system	NN1	GenAm	æpt ˈsɪstəm		𐑨𐑐𐑑 𐑕𐑦𐑕𐑑𐑩𐑥		unknown
Abt system	NN1	GenAm	ɒpt ˈsɪstəm		𐑪𐑐𐑑 𐑕𐑦𐑕𐑑𐑩𐑥		unknown
declared abundance	NN1	GenAm	dɪˈkleərd	dɪˈkleəRd əˈbʌndəns	𐑛𐑦𐑒𐑤𐑺𐑛	𐑛𐑦𐑒𐑤𐑺𐑛𐑩𐑚𐑳𐑯𐑛𐑩𐑯𐑕	divergent
declared abundance	NN1	GenAm	əˈbʌndəns	dɪˈkleəRd əˈbʌndəns	𐑩𐑚𐑳𐑯𐑛𐑩𐑯𐑕	𐑛𐑦𐑒𐑤𐑺𐑛𐑩𐑚𐑳𐑯𐑛𐑩𐑯𐑕	divergent
declared abundance	NN1	GenAm	əˈbʌndənts	dɪˈkleəRd əˈbʌndəns	𐑩𐑚𐑳𐑯𐑛𐑩𐑯𐑑𐑕	𐑛𐑦𐑒𐑤𐑺𐑛𐑩𐑚𐑳𐑯𐑛𐑩𐑯𐑕	divergent
declared abundance	NN1	GenAm	əˈbəndəns	dɪˈkleəRd əˈbʌndəns	𐑩𐑚𐑩𐑯𐑛𐑩𐑯𐑕	𐑛𐑦𐑒𐑤𐑺𐑛𐑩𐑚𐑳𐑯𐑛𐑩𐑯𐑕	divergent
royal abundance	NN1	GenAm	ˈrɔɪəl	ˈrɔɪəl əˈbʌndəns	𐑮𐑶𐑩𐑤	𐑮𐑶𐑩𐑤𐑩𐑚𐑳𐑯𐑛𐑩𐑯𐑕	divergent
royal abundance	NN1	GenAm	ˈrɔɪjəl	ˈrɔɪəl əˈbʌndəns	𐑮𐑶𐑘𐑩𐑤	𐑮𐑶𐑩𐑤𐑩𐑚𐑳𐑯𐑛𐑩𐑯𐑕	divergent
royal abundance	NN1	GenAm	əˈbʌndəns	ˈrɔɪəl əˈbʌndəns	𐑩𐑚𐑳𐑯𐑛𐑩𐑯𐑕	𐑮𐑶𐑩𐑤𐑩𐑚𐑳𐑯𐑛𐑩𐑯𐑕	divergent
royal abundance	NN1	GenAm	əˈbʌndənts	ˈrɔɪəl əˈbʌndəns	𐑩𐑚𐑳𐑯𐑛𐑩𐑯𐑑𐑕	𐑮𐑶𐑩𐑤𐑩𐑚𐑳𐑯𐑛𐑩𐑯𐑕	divergent
royal abundance	NN1	GenAm	əˈbəndəns	ˈrɔɪəl əˈbʌndəns	𐑩𐑚𐑩𐑯𐑛𐑩𐑯𐑕	𐑮𐑶𐑩𐑤𐑩𐑚𐑳𐑯𐑛𐑩𐑯𐑕	divergent
abundant year	NN1	RSSB	əˈbʌndənt jɪr	əˈbʌndənt jɪəR	𐑩𐑚𐑳𐑯𐑛𐑩𐑯𐑑 𐑘𐑦𐑮	𐑩𐑚𐑳𐑯𐑛𐑩𐑯𐑑𐑘𐑽	divergent
abundant year	NN1	GenAm	əˈbʌndənt jɪr	əˈbʌndənt jɪəR	𐑩𐑚𐑳𐑯𐑛𐑩𐑯𐑑 𐑘𐑦𐑮	𐑩𐑚𐑳𐑯𐑛𐑩𐑯𐑑𐑘𐑽	divergent
abundant year	NN1	GenAm	əˈbəndənt jɪr	əˈbʌndənt jɪəR	𐑩𐑚𐑩𐑯𐑛𐑩𐑯𐑑 𐑘𐑦𐑮	𐑩𐑚𐑳𐑯𐑛𐑩𐑯𐑑𐑘𐑽	divergent
aburachan seed	NN1	GenAm	ˌɒbərəˈtʃɒn sid		𐑪𐑚𐑼𐑩𐑗𐑪𐑯 𐑕𐑦𐑛		unknown
ab utili	AV0	GenAm	æb ˈjutəli		𐑨𐑚 𐑘𐑫𐑑𐑩𐑤𐑦		unknown
abyssal rock	NN1	RSSB	əˈbɪsəl rɒk		𐑩𐑚𐑦𐑕𐑩𐑤 𐑮𐑪𐑒		unknown
abyssal rock	NN1	GenAm	əˈbɪsəl rɒk	əˈbɪsəl rɒk	𐑩𐑚𐑦𐑕𐑩𐑤 𐑮𐑪𐑒	𐑩𐑚𐑦𐑕𐑩𐑤𐑮𐑪𐑒	matches
abyssal zone	NN1	RSSB	əˈbɪsəl zəʊn		𐑩𐑚𐑦𐑕𐑩𐑤 𐑟𐑴𐑯		unknown
abyssal zone	NN1	GenAm	əˈbɪsəl zoʊn	əˈbɪsəl zəʊn	𐑩𐑚𐑦𐑕𐑩𐑤 𐑟𐑴𐑯	𐑩𐑚𐑦𐑕𐑩𐑤𐑟𐑴𐑯	matches
universal grinder	NN1	RSSB	juːnɪvɜːRsəl ɡraɪndəR	ˌjuːnɪˈvɜːRsəl ˈɡraɪndəR	𐑿𐑯𐑦𐑝𐑻𐑕𐑩𐑤 𐑜𐑮𐑲𐑯𐑛𐑼	𐑿𐑯𐑦𐑝𐑻𐑕𐑩𐑤𐑜𐑮𐑲𐑯𐑛𐑼	matches
universal grinder	NN1	GenAm	ˌjunəˌvɜːRsəl ˈɡraɪndər	ˌjuːnɪˈvɜːRsəl ˈɡraɪndəR	𐑘𐑫𐑯𐑩𐑝𐑻𐑕𐑩𐑤 𐑜𐑮𐑲𐑯𐑛𐑼	𐑿𐑯𐑦𐑝𐑻𐑕𐑩𐑤𐑜𐑮𐑲𐑯𐑛𐑼	divergent
de jour	AJ0	RSSB	də ʒʊəR	də ʒʊəR	𐑛𐑩 𐑠𐑫𐑼	𐑛𐑩𐑠𐑫𐑼	matches
de jour	AJ0	GenAm	də ˈʒʊr	də ʒʊəR	𐑛𐑩 𐑠𐑫𐑮	𐑛𐑩𐑠𐑫𐑼	divergent
rete mirabile	NN1	RSSB	ˌriːti mɪrɑːbɪleɪ		𐑮𐑰𐑑𐑦 𐑥𐑦𐑮𐑭𐑚𐑦𐑤𐑱		unknown
how do	UNC	GenAm	ˌhæwˈduw	haʊ duː	𐑣𐑨𐑢𐑛𐑫𐑢	𐑣𐑬𐑛𐑵	divergent
acacia veld	NN1	RSSB	əˈkeɪʃə vɜːld	əˈkeɪʃə velt	𐑩𐑒𐑱𐑖𐑩 𐑝𐑻𐑤𐑛	𐑩𐑒𐑱𐑖𐑩𐑝𐑧𐑤𐑑	divergent
acacia veld	NN1	GenAm	əˈkeɪʃə vɜːld	əˈkeɪʃə velt	𐑩𐑒𐑱𐑖𐑩 𐑝𐑻𐑤𐑛	𐑩𐑒𐑱𐑖𐑩𐑝𐑧𐑤𐑑	divergent
acacia veld	NN1	RSSB	əˈkeɪsjə vɜːld	əˈkeɪʃə velt	𐑩𐑒𐑱𐑕𐑘𐑩 𐑝𐑻𐑤𐑛	𐑩𐑒𐑱𐑖𐑩𐑝𐑧𐑤𐑑	divergent
academic costume	NN1	RSSB	ˌækəˈdemɪk ˈkɒstjuːm	ˌækəˈdemɪk ˈkɒstjuːm	𐑨𐑒𐑩𐑛𐑧𐑥𐑦𐑒 𐑒𐑪𐑕𐑑𐑿𐑥	𐑨𐑒𐑩𐑛𐑧𐑥𐑦𐑒𐑒𐑪𐑕𐑑𐑿𐑥	matches
academic costume	NN1	GenAm	ˌækəˈdemɪk ˈkɒstjum	ˌækəˈdemɪk ˈkɒstuːm	𐑨𐑒𐑩𐑛𐑧𐑥𐑦𐑒 𐑒𐑪𐑕𐑑𐑘𐑫𐑥	𐑨𐑒𐑩𐑛𐑧𐑥𐑦𐑒𐑒𐑪𐑕𐑑𐑵𐑥	divergent
academy blue	NN1	RSSB	əˈkædəmi bluː	əˈkædəmi bluː	𐑩𐑒𐑨𐑛𐑩𐑥𐑦 𐑚𐑤𐑵	𐑩𐑒𐑨𐑛𐑩𐑥𐑦𐑚𐑤𐑵	matches
academy blue	NN1	GenAm	əˈkædəmi blu	əˈkædəmi bluː	𐑩𐑒𐑨𐑛𐑩𐑥𐑦 𐑚𐑤𐑫	𐑩𐑒𐑨𐑛𐑩𐑥𐑦𐑚𐑤𐑵	divergent
academy board	NN1	RSSB	əˈkædəmi bɔərd	əˈkædəmi bɔːRd	𐑩𐑒𐑨𐑛𐑩𐑥𐑦 𐑚𐑷𐑼𐑛	𐑩𐑒𐑨𐑛𐑩𐑥𐑦𐑚𐑹𐑛	divergent
academy board	NN1	GenAm	əˈkædəmi bord	əˈkædəmi bɔːRd	𐑩𐑒𐑨𐑛𐑩𐑥𐑦 𐑚𐑪𐑮𐑛	𐑩𐑒𐑨𐑛𐑩𐑥𐑦𐑚𐑹𐑛	divergent
Acadian French	NP0	RSSB	əˈkeɪdiən frentʃ		𐑩𐑒𐑱𐑛𐑾𐑯 𐑓𐑮𐑧𐑯𐑗		unknown
Acadian French	NP0	GenAm	əˈkeɪdiən frentʃ	əˈkeɪdiən frentʃ	𐑩𐑒𐑱𐑛𐑾𐑯 𐑓𐑮𐑧𐑯𐑗	𐑩𐑒𐑱𐑛𐑾𐑯𐑓𐑮𐑧𐑯𐑗	matches
Acadian French	NP0	GenAm	əˈkeɪdʒən frentʃ	əˈkeɪdiən frentʃ	𐑩𐑒𐑱𐑡𐑩𐑯 𐑓𐑮𐑧𐑯𐑗	𐑩𐑒𐑱𐑛𐑾𐑯𐑓𐑮𐑧𐑯𐑗	divergent
Acadian chickadee	NN1	RSSB	əˈkeɪdiən ˈtʃɪkəˌdi		𐑩𐑒𐑱𐑛𐑾𐑯 𐑗𐑦𐑒𐑩𐑛𐑦		unknown
Acadian chickadee	NN1	GenAm	əˈkeɪdiən ˈtʃɪkəˌdi		𐑩𐑒𐑱𐑛𐑾𐑯 𐑗𐑦𐑒𐑩𐑛𐑦		unknown
Acadian chickadee	NN1	GenAm	əˈkeɪdʒən ˈtʃɪkəˌdi		𐑩𐑒𐑱𐑡𐑩𐑯 𐑗𐑦𐑒𐑩𐑛𐑦		unknown
Acadian flycatcher	NN1	RSSB	əˈkeɪdiən flaɪkætʃəRR		𐑩𐑒𐑱𐑛𐑾𐑯 𐑓𐑤𐑲𐑒𐑨𐑗𐑼𐑮		unknown
Acadian flycatcher	NN1	GenAm	əˈkeɪdiən ˈflaɪkætʃəR	əˈkeɪdiən ˈflaɪkætʃəR	𐑩𐑒𐑱𐑛𐑾𐑯 𐑓𐑤𐑲𐑒𐑨𐑗𐑼	𐑩𐑒𐑱𐑛𐑾𐑯𐑓𐑤𐑲𐑒𐑨𐑗𐑼	matches
Acadian flycatcher	NN1	GenAm	əˈkeɪdʒən ˈflaɪkætʃəR	əˈkeɪdiən ˈflaɪkætʃəR	𐑩𐑒𐑱𐑡𐑩𐑯 𐑓𐑤𐑲𐑒𐑨𐑗𐑼	𐑩𐑒𐑱𐑛𐑾𐑯𐑓𐑤𐑲𐑒𐑨𐑗𐑼	divergent
Acadian owl	NN1	RSSB	əˈkeɪdiən aʊl		𐑩𐑒𐑱𐑛𐑾𐑯 𐑬𐑤		unknown
Acadian owl	NN1	GenAm	əˈkeɪdiən aʊl	əˈkeɪdiən aʊl	𐑩𐑒𐑱𐑛𐑾𐑯 𐑬𐑤	𐑩𐑒𐑱𐑛𐑾𐑯𐑬𐑤	matches
Acadian owl	NN1	GenAm	əˈkeɪdʒən aʊl	əˈkeɪdiən aʊl	𐑩𐑒𐑱𐑡𐑩𐑯 𐑬𐑤	𐑩𐑒𐑱𐑛𐑾𐑯𐑬𐑤	divergent
big data	NN1	RSSB	ˌbɪɡ ˈdeɪtə	bɪɡ ˈdeɪtə	𐑚𐑦𐑜 𐑛𐑱𐑑𐑩	𐑚𐑦𐑜𐑛𐑱𐑑𐑩	matches
big data	NN1	GenAm	ˌbɪɡ ˈdeɪdə	bɪɡ ˈdætə	𐑚𐑦𐑜 𐑛𐑱𐑛𐑩	𐑚𐑦𐑜𐑛𐑨𐑑𐑩	divergent
acanthosis nigricans	NN1	GenAm	æˌkænˈθoʊsɪs		𐑨𐑒𐑨𐑯𐑔𐑴𐑕𐑦𐑕		unknown
acanthosis nigricans	NN1	GenAm	ˈnɪɡrɪˌkænz		𐑯𐑦𐑜𐑮𐑦𐑒𐑨𐑯𐑟		unknown
acanthosis nigricans	NN1	GenAm	ˈnaɪɡrɪˌkænz		𐑯𐑲𐑜𐑮𐑦𐑒𐑨𐑯𐑟		unknown
oboe d'amore	NN1	RSSB	ˌəʊbəʊ damɔːreɪ		𐑴𐑚𐑴 𐑛𐑨𐑥𐑹𐑱		unknown
oboe d'amore	NN1	GenAm	ˌoʊboʊ dɒˈmɔːReɪ		𐑴𐑚𐑴 𐑛𐑪𐑥𐑹𐑱		unknown
La Coruña	NP0	GenAm	ˌlɒ kəˈrunjə		𐑤𐑪 𐑒𐑼𐑫𐑯𐑘𐑩		unknown
stone wall	NN1	RSSB	ˈstəʊnwɔːl	stəʊn wɔːl	𐑕𐑑𐑴𐑯𐑢𐑷𐑤	𐑕𐑑𐑴𐑯𐑢𐑷𐑤	matches
stone wall	NN1	GenAm	ˈstoʊnwɒl	stəʊn wɔːl	𐑕𐑑𐑴𐑯𐑢𐑪𐑤	𐑕𐑑𐑴𐑯𐑢𐑷𐑤	divergent
stone wall	VVI	RSSB	ˈstəʊnwɔːl	stəʊn wɔːl	𐑕𐑑𐑴𐑯𐑢𐑷𐑤	𐑕𐑑𐑴𐑯𐑢𐑷𐑤	matches
stone wall	VVI	GenAm	ˈstoʊnwɒl	stəʊn wɔːl	𐑕𐑑𐑴𐑯𐑢𐑪𐑤	𐑕𐑑𐑴𐑯𐑢𐑷𐑤	divergent
Kamo River	NP0	RSSB	ˈkɑːmʊ rɪvəR		𐑒𐑭𐑥𐑫 𐑮𐑦𐑝𐑼		unknown
Kamo River	NP0	GenAm	ˈkɒmʊ ˈrɪvəR		𐑒𐑪𐑥𐑫 𐑮𐑦𐑝𐑼		unknown
moral low ground	NN1	GenAm	ˌmɔːRəl ˈloʊ ɡraʊnd	ˈmɒrəl ləʊ ɡraʊnd	𐑥𐑹𐑩𐑤 𐑤𐑴 𐑜𐑮𐑬𐑯𐑛	𐑥𐑪𐑮𐑩𐑤𐑤𐑴𐑜𐑮𐑬𐑯𐑛	divergent
sport one's oak	VVI	RSSB	spɔːRt wʌnz ˈəʊk	spɔːRt wʌnz əʊk	𐑕𐑐𐑹𐑑 𐑢𐑳𐑯𐑟 𐑴𐑒	𐑕𐑐𐑹𐑑𐑢𐑳𐑯𐑟𐑴𐑒	matches
sport one's oak	VVI	GenAm	ˌsport wʌnz ˈoʊk	spɔːRt wʌnz əʊk	𐑕𐑐𐑪𐑮𐑑 𐑢𐑳𐑯𐑟 𐑴𐑒	𐑕𐑐𐑹𐑑𐑢𐑳𐑯𐑟𐑴𐑒	divergent
Republic of Kazakhstan	NP0	RSSB	rɪˈpʌblɪk əv ˈkæzəkˌstæn	rɪˈpʌblɪk V ˌkæzækˈstⱭːn	𐑮𐑦𐑐𐑳𐑚𐑤𐑦𐑒 𐑩𐑝 𐑒𐑨𐑟𐑩𐑒𐑕𐑑𐑨𐑯	𐑮𐑦𐑐𐑳𐑚𐑤𐑦𐑒𐑝𐑒𐑨𐑟𐑨𐑒𐑕𐑑𐑭𐑯	divergent
Magna Charta	NP0	RSSB	ˌmæɡnə kɑːRtə		𐑥𐑨𐑜𐑯𐑩 𐑒𐑸𐑑𐑩		unknown
Magna Charta	NP0	GenAm	ˌmæɡnə ˈkɑːrtə		𐑥𐑨𐑜𐑯𐑩 𐑒𐑸𐑑𐑩		unknown
Magna Charta	NN1	RSSB	ˌmæɡnə kɑːRtə		𐑥𐑨𐑜𐑯𐑩 𐑒𐑸𐑑𐑩		unknown
Magna Charta	NN1	GenAm	ˌmæɡnə ˈkɑːrtə		𐑥𐑨𐑜𐑯𐑩 𐑒𐑸𐑑𐑩		unknown
by a long chalk	UNC	RSSB	ˌbaɪə ˌlɒŋ ˈtʃɔːk	baɪ ə lɒŋ tʃɔːk	𐑚𐑲𐑩 𐑤𐑪𐑙 𐑗𐑷𐑒	𐑚𐑲𐑩𐑤𐑪𐑙𐑗𐑷𐑒	matches
by a long chalk	UNC	GenAm	ˌbaɪə ˌlɒŋ ˈtʃɒk	baɪ ə lɒŋ tʃɔːk	𐑚𐑲𐑩 𐑤𐑪𐑙 𐑗𐑪𐑒	𐑚𐑲𐑩𐑤𐑪𐑙𐑗𐑷𐑒	divergent
ex situ	AJ0	GenAm	ˌɪnˈsaɪtu		𐑦𐑯𐑕𐑲𐑑𐑫		unknown
ex situ	AJ0	GenAm	ˌɪn ˈsɪtju		𐑦𐑯 𐑕𐑦𐑑𐑘𐑫		unknown
pork barrel	NN1	RSSB	pɔːRkbarəl	pɔːRk ˈbærəl	𐑐𐑹𐑒𐑚𐑨𐑮𐑩𐑤	𐑐𐑹𐑒𐑚𐑨𐑮𐑩𐑤	matches
that dog won't hunt	UNC	RSSB	ðæt ˈdɒɡ wəʊnt ˈhʌnt	ðæt dɒɡ wəʊnt hʌnt	𐑞𐑨𐑑 𐑛𐑪𐑜 𐑢𐑴𐑯𐑑 𐑣𐑳𐑯𐑑	𐑞𐑨𐑑𐑛𐑪𐑜𐑢𐑴𐑯𐑑𐑣𐑳𐑯𐑑	matches
that dog won't hunt	UNC	GenAm	ðæt ˈdɒɡ woʊnt ˈhʌnt	ðæt dɒɡ wəʊnt hʌnt	𐑞𐑨𐑑 𐑛𐑪𐑜 𐑢𐑴𐑯𐑑 𐑣𐑳𐑯𐑑	𐑞𐑨𐑑𐑛𐑪𐑜𐑢𐑴𐑯𐑑𐑣𐑳𐑯𐑑	matches
crime passionnel	NN1	RSSB	kriːmpasjənel		𐑒𐑮𐑰𐑥𐑐𐑨𐑕𐑘𐑩𐑯𐑧𐑤		unknown
consider it done	UNC	RSSB	kənsɪdəR ɪt dʌn	kənˈsɪdəR ɪt dʌn	𐑒𐑩𐑯𐑕𐑦𐑛𐑼 𐑦𐑑 𐑛𐑳𐑯	𐑒𐑩𐑯𐑕𐑦𐑛𐑼𐑦𐑑𐑛𐑳𐑯	matches
opera bouffe	NN1	RSSB	ɒpərəbuːf		𐑪𐑐𐑼𐑩𐑚𐑵𐑓		unknown
Queens County	NP0	GenAm	ˈkwinz ˈkaʊnti	kwiːnz ˈkaʊnti	𐑒𐑢𐑦𐑯𐑟 𐑒𐑬𐑯𐑑𐑦	𐑒𐑢𐑰𐑯𐑟𐑒𐑬𐑯𐑑𐑦	divergent
Queens County	NP0	GenAm	ˈkwins ˈkaʊti	kwiːnz ˈkaʊnti	𐑒𐑢𐑦𐑯𐑕 𐑒𐑬𐑑𐑦	𐑒𐑢𐑰𐑯𐑟𐑒𐑬𐑯𐑑𐑦	divergent
Queens County	NP0	RSSB	ˈkwiːnz ˈkaʊnti	kwiːnz ˈkaʊnti	𐑒𐑢𐑰𐑯𐑟 𐑒𐑬𐑯𐑑𐑦	𐑒𐑢𐑰𐑯𐑟𐑒𐑬𐑯𐑑𐑦	matches
Queens County	NP0	RSSB	ˈkwiːns ˈkaʊnti	kwiːnz ˈkaʊnti	𐑒𐑢𐑰𐑯𐑕 𐑒𐑬𐑯𐑑𐑦	𐑒𐑢𐑰𐑯𐑟𐑒𐑬𐑯𐑑𐑦	divergent
an all	AV0	RSSB	ən ˈɔːl	ən ɔːl	𐑩𐑯 𐑷𐑤	𐑩𐑯𐑷𐑤	matches
mince one's words	VVI	RSSB	mɪns wʌnz wɜːRdz	mɪns wʌnz wɜːRdz	𐑥𐑦𐑯𐑕 𐑢𐑳𐑯𐑟 𐑢𐑻𐑛𐑟	𐑥𐑦𐑯𐑕𐑢𐑳𐑯𐑟𐑢𐑻𐑛𐑟	matches
mince one's words	VVI	GenAm	mɪns wʌnz ˈwɜːRdz	mɪns wʌnz wɜːRdz	𐑥𐑦𐑯𐑕 𐑢𐑳𐑯𐑟 𐑢𐑻𐑛𐑟	𐑥𐑦𐑯𐑕𐑢𐑳𐑯𐑟𐑢𐑻𐑛𐑟	matches
Welsh corgi	NN1	RSSB	welʃ kɔːRɡi	welʃ ˈkɔːRɡi	𐑢𐑧𐑤𐑖 𐑒𐑹𐑜𐑦	𐑢𐑧𐑤𐑖𐑒𐑹𐑜𐑦	matches
Welsh corgi	NN1	GenAm	welʃ ˈkɔːRɡi	welʃ ˈkɔːRɡi	𐑢𐑧𐑤𐑖 𐑒𐑹𐑜𐑦	𐑢𐑧𐑤𐑖𐑒𐑹𐑜𐑦	matches
West Bromwich	NP0	RSSB	west ˈbrɒmɪtʃ		𐑢𐑧𐑕𐑑 𐑚𐑮𐑪𐑥𐑦𐑗		unknown
Nikon choir	NN1	RSSB	ˈnɪkɒn kwaɪər		𐑯𐑦𐑒𐑪𐑯 𐑒𐑢𐑲𐑼		unknown
Nikon choir	NN1	GenAm	ˈnaɪkɒn kwaɪəR		𐑯𐑲𐑒𐑪𐑯 𐑒𐑢𐑲𐑼		unknown
big woop	ITJ	GenAm	bɪɡ wʊp		𐑚𐑦𐑜 𐑢𐑫𐑐		unknown
spike addition	NN1	RSSB	spʌɪk əˈdɪʃən	spaɪk əˈdɪʃən	𐑕𐑐𐑳𐑦𐑒 𐑩𐑛𐑦𐑖𐑩𐑯	𐑕𐑐𐑲𐑒𐑩𐑛𐑦𐑖𐑩𐑯	divergent
comedy of errors	NN1	RSSB	ˌkɒmɪdi əv erəRz	ˈkɒmədi V ˈerəRz	𐑒𐑪𐑥𐑦𐑛𐑦 𐑩𐑝 𐑧𐑮𐑼𐑟	𐑒𐑪𐑥𐑩𐑛𐑦𐑝𐑧𐑮𐑼𐑟	divergent
comedy of errors	NN1	GenAm	ˌkɒmədi əv ˈerərz	ˈkɒmədi V ˈerəRz	𐑒𐑪𐑥𐑩𐑛𐑦 𐑩𐑝 𐑧𐑮𐑼𐑟	𐑒𐑪𐑥𐑩𐑛𐑦𐑝𐑧𐑮𐑼𐑟	divergent
let there be light	UNC	GenAm	let ðer bi ləɪːt	let ðeəR biː laɪt	𐑤𐑧𐑑 𐑞𐑧𐑮 𐑚𐑦 𐑤𐑩𐑦𐑑	𐑤𐑧𐑑𐑞𐑺𐑚𐑰𐑤𐑲𐑑	divergent
let there be light	UNC	GenAm	le ðeəRr bi ləɪ	let ðeəR biː laɪt	𐑤𐑧 𐑞𐑺𐑮 𐑚𐑦 𐑤𐑩𐑦	𐑤𐑧𐑑𐑞𐑺𐑚𐑰𐑤𐑲𐑑	divergent
East Turkestan	NP0	RSSB	isːt tɜːrkɪstɑːn		𐑦𐑕𐑑 𐑑𐑻𐑒𐑦𐑕𐑑𐑭𐑯		unknown
East Turkestan	NP0	GenAm	isːt ˌtɜːRkɪˈstæn	iːst ˌtɜːRkɪˈstæn	𐑦𐑕𐑑 𐑑𐑻𐑒𐑦𐑕𐑑𐑨𐑯	𐑰𐑕𐑑𐑑𐑻𐑒𐑦𐑕𐑑𐑨𐑯	divergent
East Turkestan	NP0	GenAm	isːt ˈtɜːRkɪˌstæn	iːst ˌtɜːRkɪˈstæn	𐑦𐑕𐑑 𐑑𐑻𐑒𐑦𐑕𐑑𐑨𐑯	𐑰𐑕𐑑𐑑𐑻𐑒𐑦𐑕𐑑𐑨𐑯	divergent
St Asaph	NP0	RSSB	sənt ˈæsəf		𐑕𐑩𐑯𐑑 𐑨𐑕𐑩𐑓		unknown
St Asaph	NP0	GenAm	seɪnt ˈeɪsæf		𐑕𐑱𐑯𐑑 𐑱𐑕𐑨𐑓		unknown
A Coruña	NP0	GenAm	ˌɒ kəˈrunjə		𐑪 𐑒𐑼𐑫𐑯𐑘𐑩		unknown
char siu	NN1	RSSB	tʃɑːR ˈʃuː		𐑗𐑸 𐑖𐑵		unknown
Coeur d'Alene	NN1	GenAm	kɜːRdəˈleɪn		𐑒𐑻𐑛𐑩𐑤𐑱𐑯		unknown
Coeur d'Alene	NP0	GenAm	kɜːRdəˈleɪn		𐑒𐑻𐑛𐑩𐑤𐑱𐑯		unknown
Coeur d'Alene	AJ0	GenAm	kɜːRdəˈleɪn		𐑒𐑻𐑛𐑩𐑤𐑱𐑯		unknown
Dupuytren's contracture	NN1	GenAm	dəˈpwiːˌtrɒnz kənˈtræktʃəR		𐑛𐑩𐑐𐑢𐑰𐑑𐑮𐑪𐑯𐑟 𐑒𐑩𐑯𐑑𐑮𐑨𐑒𐑗𐑼		unknown
Dupuytren's contracture	NN1	GenAm	dəˈpwiːtrənz kənˈtræktʃəR		𐑛𐑩𐑐𐑢𐑰𐑑𐑮𐑩𐑯𐑟 𐑒𐑩𐑯𐑑𐑮𐑨𐑒𐑗𐑼		unknown
fairy nuff	ITJ	RSSB	feərɪnʌf		𐑓𐑺𐑦𐑯𐑳𐑓		unknown
fairy nuff	ITJ	GenAm	feəRɪˈnʌf		𐑓𐑺𐑦𐑯𐑳𐑓		unknown
kola nut	NN1	GenAm	ˈkoʊləˌnʌt	ˈkəʊlə nʌt	𐑒𐑴𐑤𐑩𐑯𐑳𐑑	𐑒𐑴𐑤𐑩𐑯𐑳𐑑	matches
kola nut	NN1	RSSB	ˈkəʊləˌnʌt	ˈkəʊlə nʌt	𐑒𐑴𐑤𐑩𐑯𐑳𐑑	𐑒𐑴𐑤𐑩𐑯𐑳𐑑	matches
spring forward, fall back	UNC	RSSB	ˌsprɪŋ fɔːRwəRd ˌfɔːl ˈbæk		𐑕𐑐𐑮𐑦𐑙 𐑓𐑹𐑢𐑼𐑛 𐑓𐑷𐑤 𐑚𐑨𐑒		unknown
spring forward, fall back	UNC	GenAm	ˌsprɪŋ ˈfɔːRwərd ˌfɒl ˈbæk		𐑕𐑐𐑮𐑦𐑙 𐑓𐑹𐑢𐑼𐑛 𐑓𐑪𐑤 𐑚𐑨𐑒		unknown
agent general	NN1	RSSB	ˌeɪdʒənt dʒenərəl	ˈeɪdʒənt ˈdʒenərəl	𐑱𐑡𐑩𐑯𐑑 𐑡𐑧𐑯𐑼𐑩𐑤	𐑱𐑡𐑩𐑯𐑑𐑡𐑧𐑯𐑼𐑩𐑤	matches
States General	NP0	RSSB	steɪts dʒenərəl	steɪts ˈdʒenərəl	𐑕𐑑𐑱𐑑𐑕 𐑡𐑧𐑯𐑼𐑩𐑤	𐑕𐑑𐑱𐑑𐑕𐑡𐑧𐑯𐑼𐑩𐑤	matches
poisoned chalice	NN1	RSSB	ˈpɔɪzənd ˈtʃælɪs	ˈpɔɪzənd ˈtʃælɪs	𐑐𐑶𐑟𐑩𐑯𐑛 𐑗𐑨𐑤𐑦𐑕	𐑐𐑶𐑟𐑩𐑯𐑛𐑗𐑨𐑤𐑦𐑕	matches
poisoned chalice	NN1	GenAm	ˈpɔɪzənd ˈtʃælɪs	ˈpɔɪzənd ˈtʃælɪs	𐑐𐑶𐑟𐑩𐑯𐑛 𐑗𐑨𐑤𐑦𐑕	𐑐𐑶𐑟𐑩𐑯𐑛𐑗𐑨𐑤𐑦𐑕	matches
hell gate	NN1	RSSB	ˈhel ɡeɪt	hel ɡeɪt	𐑣𐑧𐑤 𐑜𐑱𐑑	𐑣𐑧𐑤𐑜𐑱𐑑	matches
Democratic Republic of Congo	NP0	RSSB	deməkrætɪk rɪˈpʌblɪk əv ˈkɒŋɡəʊ	ˌdeməˈkrætɪk rɪˈpʌblɪk V ˈkɒŋɡəʊ	𐑛𐑧𐑥𐑩𐑒𐑮𐑨𐑑𐑦𐑒 𐑮𐑦𐑐𐑳𐑚𐑤𐑦𐑒 𐑩𐑝 𐑒𐑪𐑙𐑜𐑴	𐑛𐑧𐑥𐑩𐑒𐑮𐑨𐑑𐑦𐑒𐑮𐑦𐑐𐑳𐑚𐑤𐑦𐑒𐑝𐑒𐑪𐑙𐑜𐑴	divergent
Democratic Republic of Congo	NP0	GenAm	ˌdeməˈkrætɪk rɪˈpʌblɪk ʌv ˈkɒŋɡoʊ	ˌdeməˈkrætɪk rɪˈpʌblɪk V ˈkɒŋɡəʊ	𐑛𐑧𐑥𐑩𐑒𐑮𐑨𐑑𐑦𐑒 𐑮𐑦𐑐𐑳𐑚𐑤𐑦𐑒 𐑳𐑝 𐑒𐑪𐑙𐑜𐑴	𐑛𐑧𐑥𐑩𐑒𐑮𐑨𐑑𐑦𐑒𐑮𐑦𐑐𐑳𐑚𐑤𐑦𐑒𐑝𐑒𐑪𐑙𐑜𐑴	divergent
slow dance	NN1	GenAm	ˈsloʊdæns	sləʊ dⱭːns	𐑕𐑤𐑴𐑛𐑨𐑯𐑕	𐑕𐑤𐑴𐑛𐑭𐑯𐑕	matches
slow dance	VVI	GenAm	ˈsloʊdæns	sləʊ dⱭːns	𐑕𐑤𐑴𐑛𐑨𐑯𐑕	𐑕𐑤𐑴𐑛𐑭𐑯𐑕	matches
ballon d'essai	NN1	RSSB	ˌbalɒ deˈseɪ		𐑚𐑨𐑤𐑪 𐑛𐑧𐑕𐑱		unknown
north country	NN1	RSSB	nɔːRθ ˌkʌntri	nɔːRθ ˈkʌntri	𐑯𐑹𐑔 𐑒𐑳𐑯𐑑𐑮𐑦	𐑯𐑹𐑔𐑒𐑳𐑯𐑑𐑮𐑦	matches
trans girl	NN1	GenAm	ˈtrænz ɡɜːRl	trænz ɡɜːRl	𐑑𐑮𐑨𐑯𐑟 𐑜𐑻𐑤	𐑑𐑮𐑨𐑯𐑟𐑜𐑻𐑤	matches
desert rose	NN1	RSSB	dɪzɜːRt rəʊz	ˈdezəRt rəʊz	𐑛𐑦𐑟𐑻𐑑 𐑮𐑴𐑟	𐑛𐑧𐑟𐑼𐑑𐑮𐑴𐑟	divergent
desert rose	NN1	GenAm	dɪˈzɜːRt roʊz	ˈdezəRt rəʊz	𐑛𐑦𐑟𐑻𐑑 𐑮𐑴𐑟	𐑛𐑧𐑟𐑼𐑑𐑮𐑴𐑟	divergent
ruse de guerre	NN1	RSSB	ruːzdəɡeəR		𐑮𐑵𐑟𐑛𐑩𐑜𐑺		unknown
ouster le main	NN1	GenAm	aʊstər lə meɪn	ˈaʊstər leɪ meɪn	𐑬𐑕𐑑𐑼 𐑤𐑩 𐑥𐑱𐑯	𐑬𐑕𐑑𐑼𐑤𐑱𐑥𐑱𐑯	divergent
charlotte russe	NN1	RSSB	ʃɑːRlət ˈruːs		𐑖𐑸𐑤𐑩𐑑 𐑮𐑵𐑕		unknown
charlotte russe	NN1	GenAm	ˈʃɑːRlət ˈrus		𐑖𐑸𐑤𐑩𐑑 𐑮𐑫𐑕		unknown
rite de passage	NN1	RSSB	ˌriːt də paˈsɑːʒ	raɪt də ˈpæsɪdʒ	𐑮𐑰𐑑 𐑛𐑩 𐑐𐑨𐑕𐑭𐑠	𐑮𐑲𐑑𐑛𐑩𐑐𐑨𐑕𐑦𐑡	divergent
rite de passage	NN1	GenAm	ˌrit də ˌpɒˈsɒʒ	raɪt də ˈpæsɪdʒ	𐑮𐑦𐑑 𐑛𐑩 𐑐𐑪𐑕𐑪𐑠	𐑮𐑲𐑑𐑛𐑩𐑐𐑨𐑕𐑦𐑡	divergent
mash tun	NN1	RSSB	ˈmæʃ tʌn	mæʃ tʌn	𐑥𐑨𐑖 𐑑𐑳𐑯	𐑥𐑨𐑖𐑑𐑳𐑯	matches
lipstick tree	NN1	RSSB	ˌlɪpstɪk ˈtriː	ˈlɪpstɪk triː	𐑤𐑦𐑐𐑕𐑑𐑦𐑒 𐑑𐑮𐑰	𐑤𐑦𐑐𐑕𐑑𐑦𐑒𐑑𐑮𐑰	matches
lipstick tree	NN1	GenAm	ˌlɪpstɪk ˈtri	ˈlɪpstɪk triː	𐑤𐑦𐑐𐑕𐑑𐑦𐑒 𐑑𐑮𐑦	𐑤𐑦𐑐𐑕𐑑𐑦𐑒𐑑𐑮𐑰	divergent
Corpus Christi	NP0	RSSB	kɔːRpəs ˈkrɪstaɪ		𐑒𐑹𐑐𐑩𐑕 𐑒𐑮𐑦𐑕𐑑𐑲		unknown
Corpus Christi	NP0	GenAm	ˈkɔːRːpəs ˈkrɪstaɪ		𐑒𐑹𐑐𐑩𐑕 𐑒𐑮𐑦𐑕𐑑𐑲		unknown
Malay apple	NN1	RSSB	məˌleɪ ˈapəl	məˈleɪ ˈæpəl	𐑥𐑩𐑤𐑱 𐑨𐑐𐑩𐑤	𐑥𐑩𐑤𐑱𐑨𐑐𐑩𐑤	matches
Malay apple	NN1	GenAm	məˌleɪ ˈæpəl	məˈleɪ ˈæpəl	𐑥𐑩𐑤𐑱 𐑨𐑐𐑩𐑤	𐑥𐑩𐑤𐑱𐑨𐑐𐑩𐑤	matches
Malay apple	NN1	GenAm	ˌmeɪleɪ ˈæpəl	məˈleɪ ˈæpəl	𐑥𐑱𐑤𐑱 𐑨𐑐𐑩𐑤	𐑥𐑩𐑤𐑱𐑨𐑐𐑩𐑤	divergent
fetch and carry	VVI	RSSB	ˌfetʃ ən ˈkæri	fetʃ N ˈkæri	𐑓𐑧𐑗 𐑩𐑯 𐑒𐑨𐑮𐑦	𐑓𐑧𐑗𐑯𐑒𐑨𐑮𐑦	divergent
fetch and carry	VVI	GenAm	ˌfetʃ ən ˈkæri	fetʃ N ˈkæri	𐑓𐑧𐑗 𐑩𐑯 𐑒𐑨𐑮𐑦	𐑓𐑧𐑗𐑯𐑒𐑨𐑮𐑦	divergent
wand of peace	NN1	RSSB	ˌwɒndəv ˈpiːs	wɒnd V piːs	𐑢𐑪𐑯𐑛𐑩𐑝 𐑐𐑰𐑕	𐑢𐑪𐑯𐑛𐑝𐑐𐑰𐑕	divergent
wand of peace	NN1	GenAm	ˌwɒndəv ˈpis	wɒnd V piːs	𐑢𐑪𐑯𐑛𐑩𐑝 𐑐𐑦𐑕	𐑢𐑪𐑯𐑛𐑝𐑐𐑰𐑕	divergent
ex contractu	AJ0	RSSB	eks kəntræktjuː		𐑧𐑒𐑕 𐑒𐑩𐑯𐑑𐑮𐑨𐑒𐑑𐑿		unknown
ex contractu	AJ0	GenAm	eks kənˈtræktu		𐑧𐑒𐑕 𐑒𐑩𐑯𐑑𐑮𐑨𐑒𐑑𐑫		unknown
ex contractu	AV0	RSSB	eks kəntræktjuː		𐑧𐑒𐑕 𐑒𐑩𐑯𐑑𐑮𐑨𐑒𐑑𐑿		unknown
ex contractu	AV0	GenAm	eks kənˈtræktu		𐑧𐑒𐑕 𐑒𐑩𐑯𐑑𐑮𐑨𐑒𐑑𐑫		unknown
wax poetic	VVI	RSSB	ˈwæks pəʊˈetɪk	wæks pəʊˈetɪk	𐑢𐑨𐑒𐑕 𐑐𐑴𐑧𐑑𐑦𐑒	𐑢𐑨𐑒𐑕𐑐𐑴𐑧𐑑𐑦𐑒	matches
wax poetic	VVI	GenAm	ˈwæks poʊˈetɪk	wæks pəʊˈetɪk	𐑢𐑨𐑒𐑕 𐑐𐑴𐑧𐑑𐑦𐑒	𐑢𐑨𐑒𐑕𐑐𐑴𐑧𐑑𐑦𐑒	matches
auto show	NN1	GenAm	ˈɒtowˈʃow	ˈɔːtəʊ ʃəʊ	𐑪𐑑𐑪𐑢𐑖𐑪𐑢	𐑷𐑑𐑴𐑖𐑴	divergent
nam pla	NN1	RSSB	ˌnam ˈplɑː		𐑯𐑨𐑥 𐑐𐑤𐑭		unknown
nam pla	NN1	GenAm	ˌnɒm ˈplɒ		𐑯𐑪𐑥 𐑐𐑤𐑪		unknown
adho mukha svanasana	NN1	RSSB	ˌɑːdəʊ ˌmuːkə ʃvəˈnɑːsənə		𐑭𐑛𐑴 𐑥𐑵𐑒𐑩 𐑖𐑝𐑩𐑯𐑭𐑕𐑩𐑯𐑩		unknown
jam jar	NN1	RSSB	ˈdʒam dʒɑːR	dʒæm dʒɑːR	𐑡𐑨𐑥 𐑡𐑸	𐑡𐑨𐑥𐑡𐑸	matches
wish you well	VVI	RSSB	ˌwɪʃ ju ˈwel	wɪʃ juː wel	𐑢𐑦𐑖 𐑘𐑫 𐑢𐑧𐑤	𐑢𐑦𐑖𐑿𐑢𐑧𐑤	divergent
wish you well	VVI	GenAm	ˌwɪʃ jə ˈwel	wɪʃ juː wel	𐑢𐑦𐑖 𐑘𐑩 𐑢𐑧𐑤	𐑢𐑦𐑖𐑿𐑢𐑧𐑤	divergent
swimming hole	NN1	RSSB	ˈswɪmɪŋ həʊl	ˈswɪmɪŋ həʊl	𐑕𐑢𐑦𐑥𐑦𐑙 𐑣𐑴𐑤	𐑕𐑢𐑦𐑥𐑦𐑙𐑣𐑴𐑤	matches
grandes dames	NN1	RSSB	ˌɡrɒ ˈdɑːm		𐑜𐑮𐑪 𐑛𐑭𐑥		unknown
grandes dames	NN1	GenAm	ˌɡrɒnd ˈdɒm		𐑜𐑮𐑪𐑯𐑛 𐑛𐑪𐑥		unknown
agente provocateuse	NN1	RSSB	aʒɒtprəvɒkətəːz		𐑨𐑠𐑪𐑑𐑐𐑮𐑩𐑝𐑪𐑒𐑩𐑑𐑩𐑟		unknown
hand sanitizer	NN1	GenAm	ˈhænd ˌsænətaɪzəR	hænd ˈsænɪtaɪzəR	𐑣𐑨𐑯𐑛 𐑕𐑨𐑯𐑩𐑑𐑲𐑟𐑼	𐑣𐑨𐑯𐑛𐑕𐑨𐑯𐑦𐑑𐑲𐑟𐑼	matches
hand sanitizer	NN1	GenAm	ˈhænd ˌsænɪtaɪzəR	hænd ˈsænɪtaɪzəR	𐑣𐑨𐑯𐑛 𐑕𐑨𐑯𐑦𐑑𐑲𐑟𐑼	𐑣𐑨𐑯𐑛𐑕𐑨𐑯𐑦𐑑𐑲𐑟𐑼	matches
at it	UNC	RSSB	ˈat ɪt	æt ɪt	𐑨𐑑 𐑦𐑑	𐑨𐑑𐑦𐑑	matches
at it	UNC	GenAm	ˈæt ɪt	æt ɪt	𐑨𐑑 𐑦𐑑	𐑨𐑑𐑦𐑑	matches
at it	UNC	GenAm	ˈætɪt	æt ɪt	𐑨𐑑𐑦𐑑	𐑨𐑑𐑦𐑑	matches
Greater Caucasus	NP0	RSSB	ɡreɪtərkɔːkəsəs	ˈɡreɪtəR ˈkɔːkəsəs	𐑜𐑮𐑱𐑑𐑼𐑒𐑷𐑒𐑩𐑕𐑩𐑕	𐑜𐑮𐑱𐑑𐑼𐑒𐑷𐑒𐑩𐑕𐑩𐑕	matches
Greater Caucasus	NP0	GenAm	ˈɡreɪtəR ˈkɒkəsəs	ˈɡreɪtəR ˈkɔːkəsəs	𐑜𐑮𐑱𐑑𐑼 𐑒𐑪𐑒𐑩𐑕𐑩𐑕	𐑜𐑮𐑱𐑑𐑼𐑒𐑷𐑒𐑩𐑕𐑩𐑕	divergent
going at it	VVI	GenAm	ˌɡoʊɪŋ ˈæt ɪt	ˈɡəʊɪŋ æt ɪt	𐑜𐑴𐑦𐑙 𐑨𐑑 𐑦𐑑	𐑜𐑴𐑦𐑙𐑨𐑑𐑦𐑑	matches
what do you want, a biscuit	UNC	RSSB	ˈwɒt də ju ˈwɒnt | ə ˈbɪskɪt		𐑢𐑪𐑑 𐑛𐑩 𐑘𐑫 𐑢𐑪𐑯𐑑 | 𐑩 𐑚𐑦𐑕𐑒𐑦𐑑		unknown
what do you want, a biscuit	UNC	GenAm	ˈwʌt də jə ˈwɒnt | ə ˈbɪskət		𐑢𐑳𐑑 𐑛𐑩 𐑘𐑩 𐑢𐑪𐑯𐑑 | 𐑩 𐑚𐑦𐑕𐑒𐑩𐑑		unknown
be quiet	ITJ	GenAm	biˈkwaɪˌət	biː ˈkwaɪət	𐑚𐑦𐑒𐑢𐑲𐑩𐑑	𐑚𐑰𐑒𐑢𐑲𐑩𐑑	divergent
Heath Robinsonian	AJ0	RSSB	hiːθrɒbɪnsəʊnɪən		𐑣𐑰𐑔𐑮𐑪𐑚𐑦𐑯𐑕𐑴𐑯𐑾𐑯		unknown
roti canai	NN1	RSSB	ˈrəʊti ˈtʃɑːnaɪ		𐑮𐑴𐑑𐑦 𐑗𐑭𐑯𐑲		unknown
chemin de ronde	NN1	RSSB	ʃəˌmæn də ˈrɒnd		𐑖𐑩𐑥𐑨𐑯 𐑛𐑩 𐑮𐑪𐑯𐑛		unknown
public purse	NN1	RSSB	pʌblɪk pɜːRs	ˈpʌblɪk pɜːRs	𐑐𐑳𐑚𐑤𐑦𐑒 𐑐𐑻𐑕	𐑐𐑳𐑚𐑤𐑦𐑒𐑐𐑻𐑕	matches
public purse	NN1	GenAm	pʌblɪk ˈpɜːRs	ˈpʌblɪk pɜːRs	𐑐𐑳𐑚𐑤𐑦𐑒 𐑐𐑻𐑕	𐑐𐑳𐑚𐑤𐑦𐑒𐑐𐑻𐑕	matches
popular beat combo	NN1	RSSB	pɒpjələR ˌbiːt ˈkɒmbəʊ		𐑐𐑪𐑐𐑘𐑩𐑤𐑼 𐑚𐑰𐑑 𐑒𐑪𐑥𐑚𐑴		unknown
popular beat combo	NN1	GenAm	ˌpɒpjələR ˌbit ˈkɒmboʊ		𐑐𐑪𐑐𐑘𐑩𐑤𐑼 𐑚𐑦𐑑 𐑒𐑪𐑥𐑚𐑴		unknown
off with someone's head	UNC	RSSB	ˈɒf wɪð ˈsʌmwənz ˈhed		𐑪𐑓 𐑢𐑦𐑞 𐑕𐑳𐑥𐑢𐑩𐑯𐑟 𐑣𐑧𐑛		unknown
off with someone's head	UNC	GenAm	ˈɒf wɪθ ˈsʌmwənz ˈhed		𐑪𐑓 𐑢𐑦𐑔 𐑕𐑳𐑥𐑢𐑩𐑯𐑟 𐑣𐑧𐑛		unknown
Tom Swifty	NN1	RSSB	ˌtɒm ˈswɪftiː		𐑑𐑪𐑥 𐑕𐑢𐑦𐑓𐑑𐑰		unknown
Tom Swifty	NN1	GenAm	ˌtɒm ˈswɪfti		𐑑𐑪𐑥 𐑕𐑢𐑦𐑓𐑑𐑦		unknown
Scotch woodcock	NN1	GenAm	skɒtʃ ˈwʊdˌkɒk	skɒtʃ ˈwʊdkɒk	𐑕𐑒𐑪𐑗 𐑢𐑫𐑛𐑒𐑪𐑒	𐑕𐑒𐑪𐑗𐑢𐑫𐑛𐑒𐑪𐑒	matches
Scotch woodcock	NN1	RSSB	skɒtʃ ˈwʊdˌkɒk	skɒtʃ ˈwʊdkɒk	𐑕𐑒𐑪𐑗 𐑢𐑫𐑛𐑒𐑪𐑒	𐑕𐑒𐑪𐑗𐑢𐑫𐑛𐑒𐑪𐑒	matches
Cambrian explosion	NP0	RSSB	kambrɪən ɪkˈspləʊʒən		𐑒𐑨𐑥𐑚𐑮𐑾𐑯 𐑦𐑒𐑕𐑐𐑤𐑴𐑠𐑩𐑯		unknown
Cambrian explosion	NP0	GenAm	ˈkæmbriən ekˈsploʊʒən	ˈkæmbriən ɪkˈspləʊʒən	𐑒𐑨𐑥𐑚𐑮𐑾𐑯 𐑧𐑒𐑕𐑐𐑤𐑴𐑠𐑩𐑯	𐑒𐑨𐑥𐑚𐑮𐑾𐑯𐑦𐑒𐑕𐑐𐑤𐑴𐑠𐑩𐑯	divergent
Cambrian explosion	NN1	RSSB	kambrɪən ɪkˈspləʊʒən		𐑒𐑨𐑥𐑚𐑮𐑾𐑯 𐑦𐑒𐑕𐑐𐑤𐑴𐑠𐑩𐑯		unknown
Cambrian explosion	NN1	GenAm	ˈkæmbriən ekˈsploʊʒən	ˈkæmbriən ɪkˈspləʊʒən	𐑒𐑨𐑥𐑚𐑮𐑾𐑯 𐑧𐑒𐑕𐑐𐑤𐑴𐑠𐑩𐑯	𐑒𐑨𐑥𐑚𐑮𐑾𐑯𐑦𐑒𐑕𐑐𐑤𐑴𐑠𐑩𐑯	divergent
wanted poster	NN1	GenAm	ˈwɒntɪd ˈpoʊstəR	ˈwɒntƏd ˈpəʊstəR	𐑢𐑪𐑯𐑑𐑦𐑛 𐑐𐑴𐑕𐑑𐑼	𐑢𐑪𐑯𐑑𐑩𐑛𐑐𐑴𐑕𐑑𐑼	matches
wanted poster	NN1	GenAm	ˈwɒnɪd ˈpoʊstəR	ˈwɒntƏd ˈpəʊstəR	𐑢𐑪𐑯𐑦𐑛 𐑐𐑴𐑕𐑑𐑼	𐑢𐑪𐑯𐑑𐑩𐑛𐑐𐑴𐑕𐑑𐑼	divergent
wanted poster	NN1	RSSB	ˈwɒntƏd	ˈwɒntƏd ˈpəʊstəR	𐑢𐑪𐑯𐑑𐑩𐑛	𐑢𐑪𐑯𐑑𐑩𐑛𐑐𐑴𐑕𐑑𐑼	divergent
field of vision	NN1	RSSB	ˈfiːld əv ˈvɪʒən	fiːld V ˈvɪʒən	𐑓𐑰𐑤𐑛 𐑩𐑝 𐑝𐑦𐑠𐑩𐑯	𐑓𐑰𐑤𐑛𐑝𐑝𐑦𐑠𐑩𐑯	divergent
field of vision	NN1	GenAm	ˈfild əv ˈvɪʒən	fiːld V ˈvɪʒən	𐑓𐑦𐑤𐑛 𐑩𐑝 𐑝𐑦𐑠𐑩𐑯	𐑓𐑰𐑤𐑛𐑝𐑝𐑦𐑠𐑩𐑯	divergent
froth at the mouth	VVI	RSSB	ˈfrɒθ ət ðə ˈmaʊθ	frɒθ æt Ð maʊθ	𐑓𐑮𐑪𐑔 𐑩𐑑 𐑞𐑩 𐑥𐑬𐑔	𐑓𐑮𐑪𐑔𐑨𐑑𐑞𐑥𐑬𐑔	divergent
froth at the mouth	VVI	GenAm	ˈfrɒθ ət ðə ˈmaʊθ	frɒθ æt Ð maʊθ	𐑓𐑮𐑪𐑔 𐑩𐑑 𐑞𐑩 𐑥𐑬𐑔	𐑓𐑮𐑪𐑔𐑨𐑑𐑞𐑥𐑬𐑔	divergent
poli sci	NN1	GenAm	ˈpɒliˌsaɪ		𐑐𐑪𐑤𐑦𐑕𐑲		unknown
poli sci	NN1	RSSB	ˈpɒliˌsaɪ		𐑐𐑪𐑤𐑦𐑕𐑲		unknown
odd man	NN1	RSSB	ˈɒd man	ɒd mæn	𐑪𐑛 𐑥𐑨𐑯	𐑪𐑛𐑥𐑨𐑯	matches
potty training	NN1	RSSB	ˈpɒtiˌtreɪnɪŋ	ˈpɒti ˈtreɪnɪŋ	𐑐𐑪𐑑𐑦𐑑𐑮𐑱𐑯𐑦𐑙	𐑐𐑪𐑑𐑦𐑑𐑮𐑱𐑯𐑦𐑙	matches
potty training	NN1	GenAm	ˈpɒdiˌtreɪnɪŋ	ˈpɒti ˈtreɪnɪŋ	𐑐𐑪𐑛𐑦𐑑𐑮𐑱𐑯𐑦𐑙	𐑐𐑪𐑑𐑦𐑑𐑮𐑱𐑯𐑦𐑙	divergent
coal hole	NN1	RSSB	ˈkəʊlhəʊl	kəʊl həʊl	𐑒𐑴𐑤𐑣𐑴𐑤	𐑒𐑴𐑤𐑣𐑴𐑤	matches
cantus firmus	NN1	GenAm	ˈkæntəs ˈfɜːRməs		𐑒𐑨𐑯𐑑𐑩𐑕 𐑓𐑻𐑥𐑩𐑕		unknown
cantus firmus	NN1	RSSB	ˈkæntəs fɜːRməs		𐑒𐑨𐑯𐑑𐑩𐑕 𐑓𐑻𐑥𐑩𐑕		unknown
sleep rough	VVI	RSSB	ˌsliːp ˈrʌf	sliːp rʌf	𐑕𐑤𐑰𐑐 𐑮𐑳𐑓	𐑕𐑤𐑰𐑐𐑮𐑳𐑓	matches
sleep rough	VVI	GenAm	ˌslip ˈrʌf	sliːp rʌf	𐑕𐑤𐑦𐑐 𐑮𐑳𐑓	𐑕𐑤𐑰𐑐𐑮𐑳𐑓	divergent
astral body	NN1	GenAm	ˈæstrəl ˈbɑːti	ˈæstrəl ˈbɒdi	𐑨𐑕𐑑𐑮𐑩𐑤 𐑚𐑭𐑑𐑦	𐑨𐑕𐑑𐑮𐑩𐑤𐑚𐑪𐑛𐑦	divergent
stand trial	VVI	RSSB	ˌstænd traɪəl	stænd ˈtraɪəl	𐑕𐑑𐑨𐑯𐑛 𐑑𐑮𐑲𐑩𐑤	𐑕𐑑𐑨𐑯𐑛𐑑𐑮𐑲𐑩𐑤	matches
stand trial	VVI	GenAm	ˌstænd ˈtraɪəl	stænd ˈtraɪəl	𐑕𐑑𐑨𐑯𐑛 𐑑𐑮𐑲𐑩𐑤	𐑕𐑑𐑨𐑯𐑛𐑑𐑮𐑲𐑩𐑤	matches
memory hole	NN1	RSSB	meməri ˌhəʊl	ˈmeməri həʊl	𐑥𐑧𐑥𐑼𐑦 𐑣𐑴𐑤	𐑥𐑧𐑥𐑼𐑦𐑣𐑴𐑤	matches
memory hole	NN1	GenAm	ˈmeməri ˌhoʊl	ˈmeməri həʊl	𐑥𐑧𐑥𐑼𐑦 𐑣𐑴𐑤	𐑥𐑧𐑥𐑼𐑦𐑣𐑴𐑤	matches
pars recta	NN1	RSSB	pɑːRzrektə		𐑐𐑸𐑟𐑮𐑧𐑒𐑑𐑩		unknown
drift of the forest	NN1	RSSB	drɪftəv ðə fɒrɪst	drɪft V Ð ˈfɒrɪst	𐑛𐑮𐑦𐑓𐑑𐑩𐑝 𐑞𐑩 𐑓𐑪𐑮𐑦𐑕𐑑	𐑛𐑮𐑦𐑓𐑑𐑝𐑞𐑓𐑪𐑮𐑦𐑕𐑑	divergent
drift of the forest	NN1	GenAm	ˌdrɪftəv ðə ˈfɔːRəst	drɪft V Ð ˈfɒrɪst	𐑛𐑮𐑦𐑓𐑑𐑩𐑝 𐑞𐑩 𐑓𐑹𐑩𐑕𐑑	𐑛𐑮𐑦𐑓𐑑𐑝𐑞𐑓𐑪𐑮𐑦𐑕𐑑	divergent
philosopher's wool	NN1	RSSB	fɪlɒsəfəRz ˈwʊl		𐑓𐑦𐑤𐑪𐑕𐑩𐑓𐑼𐑟 𐑢𐑫𐑤		unknown
philosopher's wool	NN1	GenAm	fəˌlɒsəfərz ˈwʊl		𐑓𐑩𐑤𐑪𐑕𐑩𐑓𐑼𐑟 𐑢𐑫𐑤		unknown
race knife	NN1	RSSB	ˈreɪs naɪf	reɪs naɪf	𐑮𐑱𐑕 𐑯𐑲𐑓	𐑮𐑱𐑕𐑯𐑲𐑓	matches
race knife	NN1	GenAm	ˈreɪs ˌnaɪf	reɪs naɪf	𐑮𐑱𐑕 𐑯𐑲𐑓	𐑮𐑱𐑕𐑯𐑲𐑓	matches
Gwoyeu Romatzyh	NP0	RSSB	ˌɡwəʊjuː rəʊmɑːtsə		𐑜𐑢𐑴𐑿 𐑮𐑴𐑥𐑭𐑑𐑕𐑩		unknown
Gwoyeu Romatzyh	NP0	GenAm	ˌɡwoʊjuː roʊˈmɑːtsə		𐑜𐑢𐑴𐑿 𐑮𐑴𐑥𐑭𐑑𐑕𐑩		unknown
on like Donkey Kong	UNC	RSSB	ˈɒn laɪk ˈdɒŋki kɒŋ	ɒn laɪk ˈdɒŋki ˈkɒŋ	𐑪𐑯 𐑤𐑲𐑒 𐑛𐑪𐑙𐑒𐑦 𐑒𐑪𐑙	𐑪𐑯𐑤𐑲𐑒𐑛𐑪𐑙𐑒𐑦𐑒𐑪𐑙	matches
on like Donkey Kong	UNC	GenAm	ˈɒn laɪk ˈdɒŋki kɒŋ	ɒn laɪk ˈdɒŋki ˈkɒŋ	𐑪𐑯 𐑤𐑲𐑒 𐑛𐑪𐑙𐑒𐑦 𐑒𐑪𐑙	𐑪𐑯𐑤𐑲𐑒𐑛𐑪𐑙𐑒𐑦𐑒𐑪𐑙	matches
Cane Corso	NN1	RSSB	ˌkɑːneɪ kɔːRsəʊ	keɪn ˈkɔːRsəʊ	𐑒𐑭𐑯𐑱 𐑒𐑹𐑕𐑴	𐑒𐑱𐑯𐑒𐑹𐑕𐑴	divergent
Cane Corso	NN1	GenAm	ˌkɒneɪ ˈkɔːRsoʊ	keɪn ˈkɔːRsəʊ	𐑒𐑪𐑯𐑱 𐑒𐑹𐑕𐑴	𐑒𐑱𐑯𐑒𐑹𐑕𐑴	divergent
folk medicine	NN1	RSSB	ˌfəʊk ˈmedɪsɪn	fəʊk ˈmedɪsən	𐑓𐑴𐑒 𐑥𐑧𐑛𐑦𐑕𐑦𐑯	𐑓𐑴𐑒𐑥𐑧𐑛𐑦𐑕𐑩𐑯	matches
folk medicine	NN1	GenAm	ˌfoʊk ˈmedəsən	fəʊk ˈmedɪsən	𐑓𐑴𐑒 𐑥𐑧𐑛𐑩𐑕𐑩𐑯	𐑓𐑴𐑒𐑥𐑧𐑛𐑦𐑕𐑩𐑯	matches
knock someone over with a feather	VVI	RSSB	nɒk sʌmwʌn əʊvərwɪð ə feðər	nɒk ˈsʌmwʌn ˈəʊvəR wɪð ə ˈfeðəR	𐑯𐑪𐑒 𐑕𐑳𐑥𐑢𐑳𐑯 𐑴𐑝𐑼𐑢𐑦𐑞 𐑩 𐑓𐑧𐑞𐑼	𐑯𐑪𐑒𐑕𐑳𐑥𐑢𐑳𐑯𐑴𐑝𐑼𐑢𐑦𐑞𐑩𐑓𐑧𐑞𐑼	matches
knock someone over with a feather	VVI	GenAm	nɒk ˈsʌmwʌn ˈoʊvəR wɪð ə ˈfeðəR	nɒk ˈsʌmwʌn ˈəʊvəR wɪθ ə ˈfeðəR	𐑯𐑪𐑒 𐑕𐑳𐑥𐑢𐑳𐑯 𐑴𐑝𐑼 𐑢𐑦𐑞 𐑩 𐑓𐑧𐑞𐑼	𐑯𐑪𐑒𐑕𐑳𐑥𐑢𐑳𐑯𐑴𐑝𐑼𐑢𐑦𐑔𐑩𐑓𐑧𐑞𐑼	divergent
horizontal refreshments	NN1	RSSB	hɒrɪzɒntəl rɪfreʃmənts	ˌhɒrɪˈzɒntəl rɪˈfreʃmənts	𐑣𐑪𐑮𐑦𐑟𐑪𐑯𐑑𐑩𐑤 𐑮𐑦𐑓𐑮𐑧𐑖𐑥𐑩𐑯𐑑𐑕	𐑣𐑪𐑮𐑦𐑟𐑪𐑯𐑑𐑩𐑤𐑮𐑦𐑓𐑮𐑧𐑖𐑥𐑩𐑯𐑑𐑕	matches
horizontal refreshments	NN1	GenAm	ˌhɔːrəˈzɑːntəl rɪˈfreʃmənts	ˌhɒrɪˈzɒntəl rɪˈfreʃmənts	𐑣𐑹𐑩𐑟𐑭𐑯𐑑𐑩𐑤 𐑮𐑦𐑓𐑮𐑧𐑖𐑥𐑩𐑯𐑑𐑕	𐑣𐑪𐑮𐑦𐑟𐑪𐑯𐑑𐑩𐑤𐑮𐑦𐑓𐑮𐑧𐑖𐑥𐑩𐑯𐑑𐑕	divergent
shock and awe	NN1	RSSB	ˈʃɒkənd ˈɔː	ʃɒk N ɔː	𐑖𐑪𐑒𐑩𐑯𐑛 𐑷	𐑖𐑪𐑒𐑯𐑷	divergent
shock and awe	NN1	GenAm	ˈʃɒkənd ˈɒ	ʃɒk N ɔː	𐑖𐑪𐑒𐑩𐑯𐑛 𐑪	𐑖𐑪𐑒𐑯𐑷	divergent
shock and awe	VVI	RSSB	ˈʃɒkənd ˈɔː	ʃɒk N ɔː	𐑖𐑪𐑒𐑩𐑯𐑛 𐑷	𐑖𐑪𐑒𐑯𐑷	divergent
shock and awe	VVI	GenAm	ˈʃɒkənd ˈɒ	ʃɒk N ɔː	𐑖𐑪𐑒𐑩𐑯𐑛 𐑪	𐑖𐑪𐑒𐑯𐑷	divergent
roti prata	NN1	RSSB	ˈrɒti prɑːtə		𐑮𐑪𐑑𐑦 𐑐𐑮𐑭𐑑𐑩		unknown
vis inertiae	NN1	GenAm	vɪs iˈnəRʃiˌi		𐑝𐑦𐑕 𐑦𐑯𐑼𐑖𐑦𐑦		unknown
vis inertiae	NN1	RSSB	vɪs inɜːRʃii		𐑝𐑦𐑕 𐑦𐑯𐑻𐑖𐑦𐑦		unknown
haut ton	NN1	RSSB	əʊˈtɒn		𐑴𐑑𐑪𐑯		unknown
chronique scandaleuse	NN1	GenAm	krəˈnik ˌskɒndəˈlɜːz		𐑒𐑮𐑩𐑯𐑦𐑒 𐑕𐑒𐑪𐑯𐑛𐑩𐑤𐑻𐑟		unknown
chroniques scandaleuses	NN1	GenAm	krəˈnik ˌskɒndəˈlɜːz		𐑒𐑮𐑩𐑯𐑦𐑒 𐑕𐑒𐑪𐑯𐑛𐑩𐑤𐑻𐑟		unknown
good nature	NN1	RSSB	ɡʊdneɪtʃəR	ɡʊd ˈneɪtʃəR	𐑜𐑫𐑛𐑯𐑱𐑗𐑼	𐑜𐑫𐑛𐑯𐑱𐑗𐑼	matches
mountain cranberry	NN1	RSSB	ˈmaʊntɪn ˈkrænberi	ˈmaʊntən ˈkrænbəri	𐑥𐑬𐑯𐑑𐑦𐑯 𐑒𐑮𐑨𐑯𐑚𐑧𐑮𐑦	𐑥𐑬𐑯𐑑𐑩𐑯𐑒𐑮𐑨𐑯𐑚𐑼𐑦	divergent
crown of thorns	NN1	RSSB	ˌkraʊn əv θɔːRnz	kraʊn V θɔːRnz	𐑒𐑮𐑬𐑯 𐑩𐑝 𐑔𐑹𐑯𐑟	𐑒𐑮𐑬𐑯𐑝𐑔𐑹𐑯𐑟	divergent
manic pixie dream girl	NN1	RSSB	ˈmænɪk ˌpɪksi ˈdriːm ɡɜːRl	ˈmænɪk ˈpɪksi driːm ɡɜːRl	𐑥𐑨𐑯𐑦𐑒 𐑐𐑦𐑒𐑕𐑦 𐑛𐑮𐑰𐑥 𐑜𐑻𐑤	𐑥𐑨𐑯𐑦𐑒𐑐𐑦𐑒𐑕𐑦𐑛𐑮𐑰𐑥𐑜𐑻𐑤	matches
manic pixie dream girl	NN1	GenAm	ˈmænɪk ˌpɪksi ˈdrim ˌɡɜːRl	ˈmænɪk ˈpɪksi driːm ɡɜːRl	𐑥𐑨𐑯𐑦𐑒 𐑐𐑦𐑒𐑕𐑦 𐑛𐑮𐑦𐑥 𐑜𐑻𐑤	𐑥𐑨𐑯𐑦𐑒𐑐𐑦𐑒𐑕𐑦𐑛𐑮𐑰𐑥𐑜𐑻𐑤	divergent
in articulo mortis	AV0	RSSB	ɪnɑːRtɪkjələʊmɔːRtɪs		𐑦𐑯𐑸𐑑𐑦𐑒𐑘𐑩𐑤𐑴𐑥𐑹𐑑𐑦𐑕		unknown
Cosa Nostra	NP0	GenAm	ˈkoʊzəˈnoʊstrə		𐑒𐑴𐑟𐑩𐑯𐑴𐑕𐑑𐑮𐑩		unknown
hedge sermon	NN1	GenAm	ˈhedʒ ˌsɜːRmən	hedʒ ˈsɜːRmən	𐑣𐑧𐑡 𐑕𐑻𐑥𐑩𐑯	𐑣𐑧𐑡𐑕𐑻𐑥𐑩𐑯	matches
in the nip	UNC	RSSB	ɪn ðə ˈnɪp	ɪn Ð nɪp	𐑦𐑯 𐑞𐑩 𐑯𐑦𐑐	𐑦𐑯𐑞𐑯𐑦𐑐	divergent
moly cow	NN1	RSSB	ˈməʊli kaʊ		𐑥𐑴𐑤𐑦 𐑒𐑬		unknown
moly cow	NN1	GenAm	ˈmoʊli kaʊ		𐑥𐑴𐑤𐑦 𐑒𐑬		unknown
Chelsea bun	NN1	RSSB	ˈtʃelsiː bʌn	ˈtʃelsi bʌn	𐑗𐑧𐑤𐑕𐑰 𐑚𐑳𐑯	𐑗𐑧𐑤𐑕𐑦𐑚𐑳𐑯	divergent
impostor syndrome	NN1	RSSB	ɪmpɒstəR ˈsɪndrəʊm	ɪmˈpɒstəR ˈsɪndrəʊm	𐑦𐑥𐑐𐑪𐑕𐑑𐑼 𐑕𐑦𐑯𐑛𐑮𐑴𐑥	𐑦𐑥𐑐𐑪𐑕𐑑𐑼𐑕𐑦𐑯𐑛𐑮𐑴𐑥	matches
impostor syndrome	NN1	GenAm	ɪmˈpɒstəR ˈsɪndroʊm	ɪmˈpɒstəR ˈsɪndrəʊm	𐑦𐑥𐑐𐑪𐑕𐑑𐑼 𐑕𐑦𐑯𐑛𐑮𐑴𐑥	𐑦𐑥𐑐𐑪𐑕𐑑𐑼𐑕𐑦𐑯𐑛𐑮𐑴𐑥	matches
horror vacui	NN1	RSSB	hɒrəR ˈvækjuːaɪ		𐑣𐑪𐑮𐑼 𐑝𐑨𐑒𐑿𐑲		unknown
horror vacui	NN1	GenAm	ˈhɔːRəR ˈvækjuaɪ		𐑣𐑹𐑼 𐑝𐑨𐑒𐑘𐑫𐑲		unknown
r rotunda	NN1	RSSB	ɑːrəʊtʌndə	ɑːR rəʊˈtʌndə	𐑸𐑴𐑑𐑳𐑯𐑛𐑩	𐑸𐑮𐑴𐑑𐑳𐑯𐑛𐑩	divergent
r rotunda	NN1	GenAm	ˌɑːRroʊˈtʌndə	ɑːR rəʊˈtʌndə	𐑸𐑮𐑴𐑑𐑳𐑯𐑛𐑩	𐑸𐑮𐑴𐑑𐑳𐑯𐑛𐑩	matches
maîtresse en titre	NN1	RSSB	meɪˌtres ɒn tiːtrə		𐑥𐑱𐑑𐑮𐑧𐑕 𐑪𐑯 𐑑𐑰𐑑𐑮𐑩		unknown
short fetched	AJ0	RSSB	ʃɔːRtfetʃt	ʃɔːRt fetʃt	𐑖𐑹𐑑𐑓𐑧𐑗𐑑	𐑖𐑹𐑑𐑓𐑧𐑗𐑑	matches
short fetched	AJ0	GenAm	ˈʃɔːRtfetʃt	ʃɔːRt fetʃt	𐑖𐑹𐑑𐑓𐑧𐑗𐑑	𐑖𐑹𐑑𐑓𐑧𐑗𐑑	matches
short fetched	AJ0	GenAm	ʃɔːRtˈfetʃt	ʃɔːRt fetʃt	𐑖𐑹𐑑𐑓𐑧𐑗𐑑	𐑖𐑹𐑑𐑓𐑧𐑗𐑑	matches
Vetus Latina	NP0	RSSB	ˈvetəsləˈtiːnə		𐑝𐑧𐑑𐑩𐑕𐑤𐑩𐑑𐑰𐑯𐑩		unknown
world egg	NN1	GenAm	wɜːld ˌeɡ	wɜːRld eɡ	𐑢𐑻𐑤𐑛 𐑧𐑜	𐑢𐑻𐑤𐑛𐑧𐑜	matches
Alcalá de Henares	NP0	RSSB	ˌalkaˈlɑː deɪ enɑːres		𐑨𐑤𐑒𐑨𐑤𐑭 𐑛𐑱 𐑧𐑯𐑸𐑧𐑕		unknown
Alcalá de Henares	NP0	GenAm	ˌɒlkəˈlɒ deɪ həˈnɑːReɪs		𐑪𐑤𐑒𐑩𐑤𐑪 𐑛𐑱 𐑣𐑩𐑯𐑸𐑱𐑕		unknown
varia lectio	NN1	RSSB	veərɪəlektɪəʊ		𐑝𐑺𐑾𐑤𐑧𐑒𐑑𐑾𐑫		unknown
variae lectiones	NN1	RSSB	veəriːːlektɪəʊniːz		𐑝𐑺𐑰𐑤𐑧𐑒𐑑𐑾𐑫𐑯𐑰𐑟		unknown
fly ash	NN1	RSSB	ˈflaɪ æʃ	flaɪ æʃ	𐑓𐑤𐑲 𐑨𐑖	𐑓𐑤𐑲𐑨𐑖	matches
fly ash	NN1	GenAm	ˈflaɪ ˌæʃ	flaɪ æʃ	𐑓𐑤𐑲 𐑨𐑖	𐑓𐑤𐑲𐑨𐑖	matches
king vulture	NN1	GenAm	kɪŋ ˈvʌltʃər	kɪŋ ˈvʌltʃəR	𐑒𐑦𐑙 𐑝𐑳𐑤𐑗𐑼	𐑒𐑦𐑙𐑝𐑳𐑤𐑗𐑼	matches
common gender	NN1	RSSB	ˈkɒmən dʒendəR	ˈkɒmən ˈdʒendəR	𐑒𐑪𐑥𐑩𐑯 𐑡𐑧𐑯𐑛𐑼	𐑒𐑪𐑥𐑩𐑯𐑡𐑧𐑯𐑛𐑼	matches
common gender	NN1	GenAm	ˈkɒmən ˈdʒendər	ˈkɒmən ˈdʒendəR	𐑒𐑪𐑥𐑩𐑯 𐑡𐑧𐑯𐑛𐑼	𐑒𐑪𐑥𐑩𐑯𐑡𐑧𐑯𐑛𐑼	matches
baby's tears	NN1	RSSB	ˌbeɪbiz tɪəRz		𐑚𐑱𐑚𐑦𐑟 𐑑𐑽𐑟		unknown
baby's tears	NN1	GenAm	ˌbeɪbiz ˈtɪərz		𐑚𐑱𐑚𐑦𐑟 𐑑𐑽𐑟		unknown
C. of E.	NP0	RSSB	ˌsiːəvˈiː		𐑕𐑰𐑩𐑝𐑰		unknown
cherry on top	NN1	RSSB	ˌtʃeri ɒn ˈtɒp	ˈtʃeri ɒn tɒp	𐑗𐑧𐑮𐑦 𐑪𐑯 𐑑𐑪𐑐	𐑗𐑧𐑮𐑦𐑪𐑯𐑑𐑪𐑐	matches
cherry on top	NN1	GenAm	ˌtʃeri ɒn ˈtɒp	ˈtʃeri ɒn tɒp	𐑗𐑧𐑮𐑦 𐑪𐑯 𐑑𐑪𐑐	𐑗𐑧𐑮𐑦𐑪𐑯𐑑𐑪𐑐	matches
heat rash	NN1	GenAm	ˈhit ˌræʃ	hiːt ræʃ	𐑣𐑦𐑑 𐑮𐑨𐑖	𐑣𐑰𐑑𐑮𐑨𐑖	divergent
pintail duck	NN1	GenAm	ˈpɪnˌteɪl ˈdʌk	ˈpɪnˌteɪl dʌk	𐑐𐑦𐑯𐑑𐑱𐑤 𐑛𐑳𐑒	𐑐𐑦𐑯𐑑𐑱𐑤𐑛𐑳𐑒	matches
American black bear	NN1	GenAm	əˈmerɪkən blæk beəːr	əˈmerɪkən blæk beəR	𐑩𐑥𐑧𐑮𐑦𐑒𐑩𐑯 𐑚𐑤𐑨𐑒 𐑚𐑺𐑮	𐑩𐑥𐑧𐑮𐑦𐑒𐑩𐑯𐑚𐑤𐑨𐑒𐑚𐑺	divergent
nomen gentilicium	NN1	RSSB	ˈnəʊmen dʒentaɪˈlɪsɪəm		𐑯𐑴𐑥𐑧𐑯 𐑡𐑧𐑯𐑑𐑲𐑤𐑦𐑕𐑾𐑥		unknown
nomina gentilicia	NN1	RSSB	ˈnɒmɪnə dʒentaɪˈlɪsɪə		𐑯𐑪𐑥𐑦𐑯𐑩 𐑡𐑧𐑯𐑑𐑲𐑤𐑦𐑕𐑾		unknown
rien ne va plus	UNC	RSSB	rɪˈa nə vɑː ˈpluː		𐑮𐑦𐑨 𐑯𐑩 𐑝𐑭 𐑐𐑤𐑵		unknown
raison d'état	NN1	RSSB	reɪˌzɒ deɪˈtɑː		𐑮𐑱𐑟𐑪 𐑛𐑱𐑑𐑭		unknown
raison d'état	NN1	RSSB	reɪˌzɒn deɪˈtɑː		𐑮𐑱𐑟𐑪𐑯 𐑛𐑱𐑑𐑭		unknown
raison d'état	NN1	GenAm	reɪˌzɒn deɪˈtɑː		𐑮𐑱𐑟𐑪𐑯 𐑛𐑱𐑑𐑭		unknown
stemma codicum	NN1	RSSB	ˈsteməˈkəʊdɪkəm		𐑕𐑑𐑧𐑥𐑩𐑒𐑴𐑛𐑦𐑒𐑩𐑥		unknown
stemmata codicum	NN1	RSSB	ˈstemətəˈkəʊdɪkəm		𐑕𐑑𐑧𐑥𐑩𐑑𐑩𐑒𐑴𐑛𐑦𐑒𐑩𐑥		unknown
pig pile	VVI	RSSB	ˈpɪɡpʌɪl	pɪɡ paɪl	𐑐𐑦𐑜𐑐𐑳𐑦𐑤	𐑐𐑦𐑜𐑐𐑲𐑤	divergent
pig pile	VVI	GenAm	ˈpɪɡˌpaɪl	pɪɡ paɪl	𐑐𐑦𐑜𐑐𐑲𐑤	𐑐𐑦𐑜𐑐𐑲𐑤	matches
pig pile	NN1	RSSB	ˈpɪɡpʌɪl	pɪɡ paɪl	𐑐𐑦𐑜𐑐𐑳𐑦𐑤	𐑐𐑦𐑜𐑐𐑲𐑤	divergent
pig pile	NN1	GenAm	ˈpɪɡˌpaɪl	pɪɡ paɪl	𐑐𐑦𐑜𐑐𐑲𐑤	𐑐𐑦𐑜𐑐𐑲𐑤	matches
crude form	NN1	RSSB	ˈkruːd fɔːRm	kruːd fɔːRm	𐑒𐑮𐑵𐑛 𐑓𐑹𐑥	𐑒𐑮𐑵𐑛𐑓𐑹𐑥	matches
crude form	NN1	GenAm	ˈkruːd ˌfɔːRm	kruːd fɔːRm	𐑒𐑮𐑵𐑛 𐑓𐑹𐑥	𐑒𐑮𐑵𐑛𐑓𐑹𐑥	matches
fors and againsts	NN1	RSSB	fɔːRzəndəɡensts		𐑓𐑹𐑟𐑩𐑯𐑛𐑩𐑜𐑧𐑯𐑕𐑑𐑕		unknown
fors and againsts	NN1	GenAm	ˈfɔːRzəndəˈɡensts		𐑓𐑹𐑟𐑩𐑯𐑛𐑩𐑜𐑧𐑯𐑕𐑑𐑕		unknown
aloe vera	NN1	RSSB	əˌləʊi verə	ˈæləʊ ˈvɪərə	𐑩𐑤𐑴𐑦 𐑝𐑧𐑮𐑩	𐑨𐑤𐑴𐑝𐑽𐑩	divergent
aloe vera	NN1	RSSB	əˌləʊi vɪərə	ˈæləʊ ˈvɪərə	𐑩𐑤𐑴𐑦 𐑝𐑽𐑩	𐑨𐑤𐑴𐑝𐑽𐑩	divergent
aloe vera	NN1	RSSB	ˌæləʊ verə	ˈæləʊ ˈvɪərə	𐑨𐑤𐑴 𐑝𐑧𐑮𐑩	𐑨𐑤𐑴𐑝𐑽𐑩	divergent
aloe vera	NN1	GenAm	ˈæloʊ ˈverə	ˈæləʊ ˈvɪərə	𐑨𐑤𐑴 𐑝𐑧𐑮𐑩	𐑨𐑤𐑴𐑝𐑽𐑩	divergent
aloe vera	NN1	RSSB	ˌæləʊ vɪərə	ˈæləʊ ˈvɪərə	𐑨𐑤𐑴 𐑝𐑽𐑩	𐑨𐑤𐑴𐑝𐑽𐑩	matches
aloe vera	NN1	GenAm	ˌæloʊ ˈvɪrə	ˈæləʊ ˈvɪərə	𐑨𐑤𐑴 𐑝𐑦𐑮𐑩	𐑨𐑤𐑴𐑝𐑽𐑩	divergent
baby carrot	NN1	RSSB	ˈbeɪbi kærət	ˈbeɪbi ˈkærət	𐑚𐑱𐑚𐑦 𐑒𐑨𐑮𐑩𐑑	𐑚𐑱𐑚𐑦𐑒𐑨𐑮𐑩𐑑	matches
baby carrot	NN1	GenAm	ˈbeɪbi ˈkærət	ˈbeɪbi ˈkærət	𐑚𐑱𐑚𐑦 𐑒𐑨𐑮𐑩𐑑	𐑚𐑱𐑚𐑦𐑒𐑨𐑮𐑩𐑑	matches
baby carrot	NN1	GenAm	ˈbeɪbi ˈkerət	ˈbeɪbi ˈkærət	𐑚𐑱𐑚𐑦 𐑒𐑧𐑮𐑩𐑑	𐑚𐑱𐑚𐑦𐑒𐑨𐑮𐑩𐑑	divergent
baby carrot	NN1	GenAm	ˈbeɪbi ˈkeərət	ˈbeɪbi ˈkærət	𐑚𐑱𐑚𐑦 𐑒𐑺𐑩𐑑	𐑚𐑱𐑚𐑦𐑒𐑨𐑮𐑩𐑑	divergent
black-crowned night heron	NN1	GenAm	ˈblæk ˈkraʊnd ˈnaɪt ˈherən		𐑚𐑤𐑨𐑒 𐑒𐑮𐑬𐑯𐑛 𐑯𐑲𐑑 𐑣𐑧𐑮𐑩𐑯		unknown
alternative history	NN1	RSSB	ɔːltɜːRnətɪv ˌhɪstri	ɔːlˈtɜːRnətɪv ˈhɪstəri	𐑷𐑤𐑑𐑻𐑯𐑩𐑑𐑦𐑝 𐑣𐑦𐑕𐑑𐑮𐑦	𐑷𐑤𐑑𐑻𐑯𐑩𐑑𐑦𐑝𐑣𐑦𐑕𐑑𐑼𐑦	divergent
alternative history	NN1	RSSB	ɒltəRnətɪv ˌhɪstri	ɔːlˈtɜːRnətɪv ˈhɪstəri	𐑪𐑤𐑑𐑼𐑯𐑩𐑑𐑦𐑝 𐑣𐑦𐑕𐑑𐑮𐑦	𐑷𐑤𐑑𐑻𐑯𐑩𐑑𐑦𐑝𐑣𐑦𐑕𐑑𐑼𐑦	divergent
alternative history	NN1	GenAm	ˈɒltəRnətɪv ˌhɪstri	ɔːlˈtɜːRnətɪv ˈhɪstəri	𐑪𐑤𐑑𐑼𐑯𐑩𐑑𐑦𐑝 𐑣𐑦𐑕𐑑𐑮𐑦	𐑷𐑤𐑑𐑻𐑯𐑩𐑑𐑦𐑝𐑣𐑦𐑕𐑑𐑼𐑦	divergent
Fred Karno's army	NP0	RSSB	fred kɑːRnəʊz ɑːRmiː		𐑓𐑮𐑧𐑛 𐑒𐑸𐑯𐑴𐑟 𐑸𐑥𐑰		unknown
nature-deficit disorder	NN1	RSSB	neɪtʃəR defɪsɪt dɪsɔːRdər		𐑯𐑱𐑗𐑼 𐑛𐑧𐑓𐑦𐑕𐑦𐑑 𐑛𐑦𐑕𐑹𐑛𐑼		unknown
nature-deficit disorder	NN1	GenAm	ˈneɪtʃəR ˈdefəsɪt dɪsˈɔːrdəR		𐑯𐑱𐑗𐑼 𐑛𐑧𐑓𐑩𐑕𐑦𐑑 𐑛𐑦𐑕𐑹𐑛𐑼		unknown
file handle	NN1	GenAm	ˈfaɪl hændl	faɪl ˈhændəl	𐑓𐑲𐑤 𐑣𐑨𐑯𐑛𐑤	𐑓𐑲𐑤𐑣𐑨𐑯𐑛𐑩𐑤	divergent
Woozle effect	NP0	RSSB	ˈwuːzəl ɪˈfekt		𐑢𐑵𐑟𐑩𐑤 𐑦𐑓𐑧𐑒𐑑		unknown
Woozle effect	NP0	GenAm	ˈwuzəl əˈfekt		𐑢𐑫𐑟𐑩𐑤 𐑩𐑓𐑧𐑒𐑑		unknown
body camera	NN1	RSSB	ˈbɒdi kæmərə	ˈbɒdi ˈkæmərə	𐑚𐑪𐑛𐑦 𐑒𐑨𐑥𐑼𐑩	𐑚𐑪𐑛𐑦𐑒𐑨𐑥𐑼𐑩	matches
body camera	NN1	GenAm	ˈbɒdi ˈkæmərə	ˈbɒdi ˈkæmərə	𐑚𐑪𐑛𐑦 𐑒𐑨𐑥𐑼𐑩	𐑚𐑪𐑛𐑦𐑒𐑨𐑥𐑼𐑩	matches
body camera	NN1	RSSB	ˈbɒdi kæmrə	ˈbɒdi ˈkæmərə	𐑚𐑪𐑛𐑦 𐑒𐑨𐑥𐑮𐑩	𐑚𐑪𐑛𐑦𐑒𐑨𐑥𐑼𐑩	divergent
body camera	NN1	GenAm	ˈbɒdi ˈkæmrə	ˈbɒdi ˈkæmərə	𐑚𐑪𐑛𐑦 𐑒𐑨𐑥𐑮𐑩	𐑚𐑪𐑛𐑦𐑒𐑨𐑥𐑼𐑩	divergent
file names	NN1	RSSB	ˈfaɪəl neɪms	faɪl neɪmz	𐑓𐑲𐑩𐑤 𐑯𐑱𐑥𐑕	𐑓𐑲𐑤𐑯𐑱𐑥𐑟	divergent
file names	NN1	RSSB	faɪl neɪm	faɪl neɪmz	𐑓𐑲𐑤 𐑯𐑱𐑥	𐑓𐑲𐑤𐑯𐑱𐑥𐑟	divergent
file names	NN1	GenAm	faɪl neɪms	faɪl neɪmz	𐑓𐑲𐑤 𐑯𐑱𐑥𐑕	𐑓𐑲𐑤𐑯𐑱𐑥𐑟	divergent
bah humbug	ITJ	RSSB	bɑː ˈhʌmbʌɡ	bɑː ˈhʌmbʌɡ	𐑚𐑭 𐑣𐑳𐑥𐑚𐑳𐑜	𐑚𐑭𐑣𐑳𐑥𐑚𐑳𐑜	matches
bah humbug	ITJ	GenAm	ˌbɒ ˈhʌmˌbʌɡ	bɑː ˈhʌmbʌɡ	𐑚𐑪 𐑣𐑳𐑥𐑚𐑳𐑜	𐑚𐑭𐑣𐑳𐑥𐑚𐑳𐑜	divergent
bah humbug	VVI	RSSB	bɑː ˈhʌmbʌɡ	bɑː ˈhʌmbʌɡ	𐑚𐑭 𐑣𐑳𐑥𐑚𐑳𐑜	𐑚𐑭𐑣𐑳𐑥𐑚𐑳𐑜	matches
bah humbug	VVI	GenAm	ˌbɒ ˈhʌmˌbʌɡ	bɑː ˈhʌmbʌɡ	𐑚𐑪 𐑣𐑳𐑥𐑚𐑳𐑜	𐑚𐑭𐑣𐑳𐑥𐑚𐑳𐑜	divergent
crow over	VVI	RSSB	ˌkrəʊ əʊvər	krəʊ ˈəʊvəR	𐑒𐑮𐑴 𐑴𐑝𐑼	𐑒𐑮𐑴𐑴𐑝𐑼	matches
crow over	VVI	GenAm	ˌkroʊ ˈoʊvəR	krəʊ ˈəʊvəR	𐑒𐑮𐑴 𐑴𐑝𐑼	𐑒𐑮𐑴𐑴𐑝𐑼	matches
Mauretania Caesariensis	NP0	RSSB	mɔːrɪteɪnɪə sɪzɑːrɪensɪs		𐑥𐑹𐑦𐑑𐑱𐑯𐑾 𐑕𐑦𐑟𐑸𐑦𐑧𐑯𐑕𐑦𐑕		unknown
Mauretania Caesariensis	NP0	GenAm	ˌmɔːRɪˈteɪniə siˌzɑːRiˈenzɪs		𐑥𐑹𐑦𐑑𐑱𐑯𐑾 𐑕𐑦𐑟𐑸𐑦𐑧𐑯𐑟𐑦𐑕		unknown
first-class continuation	NN1	RSSB	fɜːRst klɑːs kəntɪnjəeɪʃən	fɜːRst-ˈklⱭːs kənˌtɪnjuˈeɪʃən	𐑓𐑻𐑕𐑑 𐑒𐑤𐑭𐑕 𐑒𐑩𐑯𐑑𐑦𐑯𐑘𐑩𐑱𐑖𐑩𐑯	𐑓𐑻𐑕𐑑-𐑒𐑤𐑭𐑕𐑒𐑩𐑯𐑑𐑦𐑯𐑘𐑫𐑱𐑖𐑩𐑯	matches
first-class continuation	NN1	GenAm	ˈfɜːRst ˈklæs kənˌtɪnjuˈeɪʃən	fɜːRst-ˈklⱭːs kənˌtɪnjuˈeɪʃən	𐑓𐑻𐑕𐑑 𐑒𐑤𐑨𐑕 𐑒𐑩𐑯𐑑𐑦𐑯𐑘𐑫𐑱𐑖𐑩𐑯	𐑓𐑻𐑕𐑑-𐑒𐑤𐑭𐑕𐑒𐑩𐑯𐑑𐑦𐑯𐑘𐑫𐑱𐑖𐑩𐑯	matches
first-class continuations	NN1	RSSB	fɜːRst klɑːs kəntɪnjəeɪʃənz	fɜːRst-ˈklⱭːs kənˌtɪnjuˈeɪʃənz	𐑓𐑻𐑕𐑑 𐑒𐑤𐑭𐑕 𐑒𐑩𐑯𐑑𐑦𐑯𐑘𐑩𐑱𐑖𐑩𐑯𐑟	𐑓𐑻𐑕𐑑-𐑒𐑤𐑭𐑕𐑒𐑩𐑯𐑑𐑦𐑯𐑘𐑫𐑱𐑖𐑩𐑯𐑟	matches
first-class continuations	NN1	GenAm	ˈfɜːRst ˈklæs kənˌtɪnjuˈeɪʃənz	fɜːRst-ˈklⱭːs kənˌtɪnjuˈeɪʃənz	𐑓𐑻𐑕𐑑 𐑒𐑤𐑨𐑕 𐑒𐑩𐑯𐑑𐑦𐑯𐑘𐑫𐑱𐑖𐑩𐑯𐑟	𐑓𐑻𐑕𐑑-𐑒𐑤𐑭𐑕𐑒𐑩𐑯𐑑𐑦𐑯𐑘𐑫𐑱𐑖𐑩𐑯𐑟	matches
naughty step	NN1	RSSB	ˈnɔːti ˌstep	ˈnɔːti step	𐑯𐑷𐑑𐑦 𐑕𐑑𐑧𐑐	𐑯𐑷𐑑𐑦𐑕𐑑𐑧𐑐	matches
naughty step	NN1	GenAm	ˈnɒti ˌstep	ˈnɔːti step	𐑯𐑪𐑑𐑦 𐑕𐑑𐑧𐑐	𐑯𐑷𐑑𐑦𐑕𐑑𐑧𐑐	divergent
Pirc Defence	NP0	RSSB	pɪəRts dɪˈfens		𐑐𐑽𐑑𐑕 𐑛𐑦𐑓𐑧𐑯𐑕		unknown
Pirc Defence	NP0	GenAm	ˈpɪrts dɪˈfens		𐑐𐑦𐑮𐑑𐑕 𐑛𐑦𐑓𐑧𐑯𐑕		unknown
terra sigillata	NN1	RSSB	terə ˌsɪdʒɪˈleɪtə		𐑑𐑧𐑮𐑩 𐑕𐑦𐑡𐑦𐑤𐑱𐑑𐑩		unknown
terra sigillata	NN1	RSSB	terə ˌsɪdʒɪˈlɑːtə		𐑑𐑧𐑮𐑩 𐑕𐑦𐑡𐑦𐑤𐑭𐑑𐑩		unknown
terra sigillata	NN1	GenAm	ˌterə ˌsɪdʒəˈleɪtə		𐑑𐑧𐑮𐑩 𐑕𐑦𐑡𐑩𐑤𐑱𐑑𐑩		unknown
Scilly Isles	NP0	RSSB	ˈsɪli ˈaɪlz		𐑕𐑦𐑤𐑦 𐑲𐑤𐑟		unknown
ottava rima	NN1	RSSB	ɒˌtɑːvə riːmə		𐑪𐑑𐑭𐑝𐑩 𐑮𐑰𐑥𐑩		unknown
ottava rima	NN1	GenAm	oʊˌtɒvə ˈrimə		𐑴𐑑𐑪𐑝𐑩 𐑮𐑦𐑥𐑩		unknown
Creole State	NP0	GenAm	ˈkrioʊl steɪt	ˈkriːəʊl steɪt	𐑒𐑮𐑦𐑴𐑤 𐑕𐑑𐑱𐑑	𐑒𐑮𐑰𐑴𐑤𐑕𐑑𐑱𐑑	divergent
all Sir Garnet	AJ0	RSSB	ɔːl sɜːrɡɑːrnət	ɔːl sɜːR ˈɡɑːRnIt	𐑷𐑤 𐑕𐑻𐑜𐑸𐑯𐑩𐑑	𐑷𐑤𐑕𐑻𐑜𐑸𐑯𐑩𐑑	matches
Bayou State	NP0	GenAm	ˈbaɪjuː steɪt	ˈbaɪuː steɪt	𐑚𐑲𐑿 𐑕𐑑𐑱𐑑	𐑚𐑲𐑵𐑕𐑑𐑱𐑑	divergent
on fleek	UNC	RSSB	ɒn ˈfliːk	ɒn ˈfliːk	𐑪𐑯 𐑓𐑤𐑰𐑒	𐑪𐑯𐑓𐑤𐑰𐑒	matches
on fleek	UNC	GenAm	ɒn ˈflik	ɒn ˈfliːk	𐑪𐑯 𐑓𐑤𐑦𐑒	𐑪𐑯𐑓𐑤𐑰𐑒	divergent
Bergen op Zoom	NP0	GenAm	ˌbɜːRɡən ɒp ˈzoʊm	ˈbɜːRɡən ɒp zuːm	𐑚𐑻𐑜𐑩𐑯 𐑪𐑐 𐑟𐑴𐑥	𐑚𐑻𐑜𐑩𐑯𐑪𐑐𐑟𐑵𐑥	divergent
Bergen op Zoom	NP0	RSSB	bɜːRɡən ɒp ˈzəʊm	ˈbɜːRɡən ɒp zuːm	𐑚𐑻𐑜𐑩𐑯 𐑪𐑐 𐑟𐑴𐑥	𐑚𐑻𐑜𐑩𐑯𐑪𐑐𐑟𐑵𐑥	divergent
Phrygian cap	NN1	RSSB	frɪdʒɪən ˈkæp		𐑓𐑮𐑦𐑡𐑾𐑯 𐑒𐑨𐑐		unknown
Phrygian cap	NN1	GenAm	ˌfrɪdʒiən ˈkæp	ˈfrɪdʒiən kæp	𐑓𐑮𐑦𐑡𐑾𐑯 𐑒𐑨𐑐	𐑓𐑮𐑦𐑡𐑾𐑯𐑒𐑨𐑐	matches
Aussie salute	NN1	RSSB	ˈɒzi səˈljuːt	ˈɒzi səˈluːt	𐑪𐑟𐑦 𐑕𐑩𐑤𐑿𐑑	𐑪𐑟𐑦𐑕𐑩𐑤𐑵𐑑	divergent
Aussie salute	NN1	GenAm	ˈɒzi səˈlut	ˈɒzi səˈluːt	𐑪𐑟𐑦 𐑕𐑩𐑤𐑫𐑑	𐑪𐑟𐑦𐑕𐑩𐑤𐑵𐑑	divergent
camp fever	NN1	RSSB	ˈkæmp fiːvəR	kæmp ˈfiːvəR	𐑒𐑨𐑥𐑐 𐑓𐑰𐑝𐑼	𐑒𐑨𐑥𐑐𐑓𐑰𐑝𐑼	matches
camp fever	NN1	GenAm	ˈkæmp ˌfivəR	kæmp ˈfiːvəR	𐑒𐑨𐑥𐑐 𐑓𐑦𐑝𐑼	𐑒𐑨𐑥𐑐𐑓𐑰𐑝𐑼	divergent
lares and penates	NN1	RSSB	leəriːz ənd pɪˈnɑːtiːz		𐑤𐑺𐑰𐑟 𐑩𐑯𐑛 𐑐𐑦𐑯𐑭𐑑𐑰𐑟		unknown
lares and penates	NN1	GenAm	ˌleriz ənd pɪˈnɒtiz		𐑤𐑧𐑮𐑦𐑟 𐑩𐑯𐑛 𐑐𐑦𐑯𐑪𐑑𐑦𐑟		unknown
fuck boy	NN1	GenAm	ˈfʌkbɔɪ	fʌk bɔɪ	𐑓𐑳𐑒𐑚𐑶	𐑓𐑳𐑒𐑚𐑶	matches
take the gilt off the gingerbread	VVI	RSSB	ˌteɪk ðə ˈɡɪlt ɒf ðə dʒɪndʒəRbred	teɪk Ð ɡɪlt ɒf Ð ˈdʒɪndʒəRbred	𐑑𐑱𐑒 𐑞𐑩 𐑜𐑦𐑤𐑑 𐑪𐑓 𐑞𐑩 𐑡𐑦𐑯𐑡𐑼𐑚𐑮𐑧𐑛	𐑑𐑱𐑒𐑞𐑜𐑦𐑤𐑑𐑪𐑓𐑞𐑡𐑦𐑯𐑡𐑼𐑚𐑮𐑧𐑛	divergent
take the gilt off the gingerbread	VVI	GenAm	ˌteɪk ðə ˈɡɪlt ɒf ðə ˈdʒɪndʒəRˌbred	teɪk Ð ɡɪlt ɒf Ð ˈdʒɪndʒəRbred	𐑑𐑱𐑒 𐑞𐑩 𐑜𐑦𐑤𐑑 𐑪𐑓 𐑞𐑩 𐑡𐑦𐑯𐑡𐑼𐑚𐑮𐑧𐑛	𐑑𐑱𐑒𐑞𐑜𐑦𐑤𐑑𐑪𐑓𐑞𐑡𐑦𐑯𐑡𐑼𐑚𐑮𐑧𐑛	divergent
hotel load	NN1	RSSB	həʊˈtel ləʊd	həʊˈtel ləʊd	𐑣𐑴𐑑𐑧𐑤 𐑤𐑴𐑛	𐑣𐑴𐑑𐑧𐑤𐑤𐑴𐑛	matches
hotel load	NN1	GenAm	hoʊˈtel loʊd	həʊˈtel ləʊd	𐑣𐑴𐑑𐑧𐑤 𐑤𐑴𐑛	𐑣𐑴𐑑𐑧𐑤𐑤𐑴𐑛	matches
cavolo nero	NN1	RSSB	ˌkavələʊ nɜːrəʊ		𐑒𐑨𐑝𐑩𐑤𐑴 𐑯𐑻𐑴		unknown
cavolo nero	NN1	GenAm	ˌkɒvəloʊ ˈneroʊ		𐑒𐑪𐑝𐑩𐑤𐑴 𐑯𐑧𐑮𐑴		unknown
schizoid personality disorder	NN1	RSSB	ˈskɪtsɔɪd pɜːRRsənælɪti dɪsɔːRdər	ˈskɪtsɔɪd ˌpɜːRsəˈnælɪti dɪsˈɔːRdəR	𐑕𐑒𐑦𐑑𐑕𐑶𐑛 𐑐𐑻𐑮𐑕𐑩𐑯𐑨𐑤𐑦𐑑𐑦 𐑛𐑦𐑕𐑹𐑛𐑼	𐑕𐑒𐑦𐑑𐑕𐑶𐑛𐑐𐑻𐑕𐑩𐑯𐑨𐑤𐑦𐑑𐑦𐑛𐑦𐑕𐑹𐑛𐑼	divergent
schizoid personality disorder	NN1	RSSB	ˈskɪdzɔɪd pɜːRRsənælɪti dɪsɔːRdər	ˈskɪtsɔɪd ˌpɜːRsəˈnælɪti dɪsˈɔːRdəR	𐑕𐑒𐑦𐑛𐑟𐑶𐑛 𐑐𐑻𐑮𐑕𐑩𐑯𐑨𐑤𐑦𐑑𐑦 𐑛𐑦𐑕𐑹𐑛𐑼	𐑕𐑒𐑦𐑑𐑕𐑶𐑛𐑐𐑻𐑕𐑩𐑯𐑨𐑤𐑦𐑑𐑦𐑛𐑦𐑕𐑹𐑛𐑼	divergent
schizoid personality disorder	NN1	GenAm	ˈskɪtsɔɪd ˌpɜːRsəˈnælɪti dɪsˈɔːrdəR	ˈskɪtsɔɪd ˌpɜːRsəˈnælɪti dɪsˈɔːRdəR	𐑕𐑒𐑦𐑑𐑕𐑶𐑛 𐑐𐑻𐑕𐑩𐑯𐑨𐑤𐑦𐑑𐑦 𐑛𐑦𐑕𐑹𐑛𐑼	𐑕𐑒𐑦𐑑𐑕𐑶𐑛𐑐𐑻𐑕𐑩𐑯𐑨𐑤𐑦𐑑𐑦𐑛𐑦𐑕𐑹𐑛𐑼	matches
schizoid personality disorder	NN1	GenAm	ˈskɪdzɔɪd ˌpɜːRsəˈnælɪti dɪsˈɔːrdəR	ˈskɪtsɔɪd ˌpɜːRsəˈnælɪti dɪsˈɔːRdəR	𐑕𐑒𐑦𐑛𐑟𐑶𐑛 𐑐𐑻𐑕𐑩𐑯𐑨𐑤𐑦𐑑𐑦 𐑛𐑦𐑕𐑹𐑛𐑼	𐑕𐑒𐑦𐑑𐑕𐑶𐑛𐑐𐑻𐑕𐑩𐑯𐑨𐑤𐑦𐑑𐑦𐑛𐑦𐑕𐑹𐑛𐑼	divergent
Gigli saw	NN1	GenAm	ˈdʒɪɡəliˌsɒ		𐑡𐑦𐑜𐑩𐑤𐑦𐑕𐑪		unknown
pasta fazool	NN1	GenAm	ˌpɒstə fəˈzul		𐑐𐑪𐑕𐑑𐑩 𐑓𐑩𐑟𐑫𐑤		unknown
petit bourgeois	AJ0	GenAm	pəˌti bʊərˈʒwa	ˈpetət ˈbʊəRʒwɑː	𐑐𐑩𐑑𐑦 𐑚𐑫𐑼𐑠𐑢𐑨	𐑐𐑧𐑑𐑩𐑑𐑚𐑫𐑼𐑠𐑢𐑭	divergent
petit bourgeois	AJ0	GenAm	ˌpeti ˈbʊərʒwɒ	ˈpetət ˈbʊəRʒwɑː	𐑐𐑧𐑑𐑦 𐑚𐑫𐑼𐑠𐑢𐑪	𐑐𐑧𐑑𐑩𐑑𐑚𐑫𐑼𐑠𐑢𐑭	divergent
petit bourgeois	NN1	GenAm	pəˌti bʊərˈʒwa	ˈpetət ˈbʊəRʒwɑː	𐑐𐑩𐑑𐑦 𐑚𐑫𐑼𐑠𐑢𐑨	𐑐𐑧𐑑𐑩𐑑𐑚𐑫𐑼𐑠𐑢𐑭	divergent
petit bourgeois	NN1	GenAm	ˌpeti ˈbʊərʒwɒ	ˈpetət ˈbʊəRʒwɑː	𐑐𐑧𐑑𐑦 𐑚𐑫𐑼𐑠𐑢𐑪	𐑐𐑧𐑑𐑩𐑑𐑚𐑫𐑼𐑠𐑢𐑭	divergent
dad bod	NN1	RSSB	ˈdæd ˌbɒd		𐑛𐑨𐑛 𐑚𐑪𐑛		unknown
dad bod	NN1	GenAm	ˈdæd ˌbɒd	dæd bɒd	𐑛𐑨𐑛 𐑚𐑪𐑛	𐑛𐑨𐑛𐑚𐑪𐑛	matches
Kraken Mare	NP0	RSSB	krækən mɑːreɪ		𐑒𐑮𐑨𐑒𐑩𐑯 𐑥𐑸𐑱		unknown
Kraken Mare	NP0	RSSB	krakən mɑːreɪ		𐑒𐑮𐑨𐑒𐑩𐑯 𐑥𐑸𐑱		unknown
Kraken Mare	NP0	GenAm	ˈkreɪkɪn meəR		𐑒𐑮𐑱𐑒𐑦𐑯 𐑥𐑺		unknown
Steller sea lion	NN1	RSSB	steləR siː ˈlaɪən		𐑕𐑑𐑧𐑤𐑼 𐑕𐑰 𐑤𐑲𐑩𐑯		unknown
coconut oil	NN1	GenAm	ˌkoʊkənʌt ˈɔɪəl	ˈkəʊkənʌt ɔɪl	𐑒𐑴𐑒𐑩𐑯𐑳𐑑 𐑶𐑩𐑤	𐑒𐑴𐑒𐑩𐑯𐑳𐑑𐑶𐑤	divergent
coconut oil	NN1	RSSB	ˌkəʊkənʌt ˈɔɪəl	ˈkəʊkənʌt ɔɪl	𐑒𐑴𐑒𐑩𐑯𐑳𐑑 𐑶𐑩𐑤	𐑒𐑴𐑒𐑩𐑯𐑳𐑑𐑶𐑤	divergent
set out one's stall	VVI	RSSB	ˌsetaʊt wʌnz ˈstɔːl	set aʊt wʌnz stɔːl	𐑕𐑧𐑑𐑬𐑑 𐑢𐑳𐑯𐑟 𐑕𐑑𐑷𐑤	𐑕𐑧𐑑𐑬𐑑𐑢𐑳𐑯𐑟𐑕𐑑𐑷𐑤	matches
set out one's stall	VVI	GenAm	ˌsetaʊt wʌnz ˈstɒl	set aʊt wʌnz stɔːl	𐑕𐑧𐑑𐑬𐑑 𐑢𐑳𐑯𐑟 𐑕𐑑𐑪𐑤	𐑕𐑧𐑑𐑬𐑑𐑢𐑳𐑯𐑟𐑕𐑑𐑷𐑤	divergent
input method editor	NN1	RSSB	ˈɪnˌpʊt ˈmeθəd edɪtəR	ˈɪnpʊt ˈmeθəd ˈedɪtəR	𐑦𐑯𐑐𐑫𐑑 𐑥𐑧𐑔𐑩𐑛 𐑧𐑛𐑦𐑑𐑼	𐑦𐑯𐑐𐑫𐑑𐑥𐑧𐑔𐑩𐑛𐑧𐑛𐑦𐑑𐑼	matches
input method editor	NN1	GenAm	ˈɪnˌpʊt ˈmeθəd ˈedɪtər	ˈɪnpʊt ˈmeθəd ˈedɪtəR	𐑦𐑯𐑐𐑫𐑑 𐑥𐑧𐑔𐑩𐑛 𐑧𐑛𐑦𐑑𐑼	𐑦𐑯𐑐𐑫𐑑𐑥𐑧𐑔𐑩𐑛𐑧𐑛𐑦𐑑𐑼	matches
mene mene tekel upharsin	UNC	GenAm	ˈmeni ˈmeni ˈtekəl juˈfɑːRsɪn		𐑥𐑧𐑯𐑦 𐑥𐑧𐑯𐑦 𐑑𐑧𐑒𐑩𐑤 𐑘𐑫𐑓𐑸𐑕𐑦𐑯		unknown
mene mene tekel upharsin	UNC	RSSB	ˈmiːniː ˈmiːniː ˈtekəl juːfɑːRsɪn		𐑥𐑰𐑯𐑰 𐑥𐑰𐑯𐑰 𐑑𐑧𐑒𐑩𐑤 𐑿𐑓𐑸𐑕𐑦𐑯		unknown
volcanic winter	NN1	RSSB	vɒlˌkænɪk wɪntəR	vɒlˈkænɪk ˈwɪntəR	𐑝𐑪𐑤𐑒𐑨𐑯𐑦𐑒 𐑢𐑦𐑯𐑑𐑼	𐑝𐑪𐑤𐑒𐑨𐑯𐑦𐑒𐑢𐑦𐑯𐑑𐑼	matches
volcanic winter	NN1	GenAm	vɒlˌkænɪk ˈwɪntər	vɒlˈkænɪk ˈwɪntəR	𐑝𐑪𐑤𐑒𐑨𐑯𐑦𐑒 𐑢𐑦𐑯𐑑𐑼	𐑝𐑪𐑤𐑒𐑨𐑯𐑦𐑒𐑢𐑦𐑯𐑑𐑼	matches
log book	NN1	GenAm	ˈlɒɡbʊk	lɒɡ bʊk	𐑤𐑪𐑜𐑚𐑫𐑒	𐑤𐑪𐑜𐑚𐑫𐑒	matches
log book	NN1	RSSB	ˈlɒɡbʊk	lɒɡ bʊk	𐑤𐑪𐑜𐑚𐑫𐑒	𐑤𐑪𐑜𐑚𐑫𐑒	matches
Pearl Harbour	NP0	GenAm	ˌpɜːRl ˈhɑːRbəR	pɜːRl ˈhɑːRbəR	𐑐𐑻𐑤 𐑣𐑸𐑚𐑼	𐑐𐑻𐑤𐑣𐑸𐑚𐑼	matches
Pearl Harbour	NP0	RSSB	pɜːRl hɑːRbəR	pɜːRl ˈhɑːRbəR	𐑐𐑻𐑤 𐑣𐑸𐑚𐑼	𐑐𐑻𐑤𐑣𐑸𐑚𐑼	matches
Pearl Harbour	NN1	GenAm	ˌpɜːRl ˈhɑːRbəR	pɜːRl ˈhɑːRbəR	𐑐𐑻𐑤 𐑣𐑸𐑚𐑼	𐑐𐑻𐑤𐑣𐑸𐑚𐑼	matches
Pearl Harbour	NN1	RSSB	pɜːRl hɑːRbəR	pɜːRl ˈhɑːRbəR	𐑐𐑻𐑤 𐑣𐑸𐑚𐑼	𐑐𐑻𐑤𐑣𐑸𐑚𐑼	matches
chloral hydrate	NN1	RSSB	klɔːræl ˈhʌɪdreɪt		𐑒𐑤𐑹𐑨𐑤 𐑣𐑳𐑦𐑛𐑮𐑱𐑑		unknown
chloral hydrate	NN1	GenAm	ˌklɔːRˌæl ˈhaɪˌdreɪt		𐑒𐑤𐑹𐑨𐑤 𐑣𐑲𐑛𐑮𐑱𐑑		unknown
barracks emperor	NN1	RSSB	bærəks empərəR	ˈbærəks ˈempərəR	𐑚𐑨𐑮𐑩𐑒𐑕 𐑧𐑥𐑐𐑼𐑼	𐑚𐑨𐑮𐑩𐑒𐑕𐑧𐑥𐑐𐑼𐑼	matches
barracks emperor	NN1	GenAm	ˈbærəks ˈempərəR	ˈbærəks ˈempərəR	𐑚𐑨𐑮𐑩𐑒𐑕 𐑧𐑥𐑐𐑼𐑼	𐑚𐑨𐑮𐑩𐑒𐑕𐑧𐑥𐑐𐑼𐑼	matches
as ever trod shoe-leather	UNC	RSSB	əz evəR ˈtrɒd ʃuːleðəR	æz ˈevəR trɒd ˈʃuː-leðəR	𐑩𐑟 𐑧𐑝𐑼 𐑑𐑮𐑪𐑛 𐑖𐑵𐑤𐑧𐑞𐑼	𐑨𐑟𐑧𐑝𐑼𐑑𐑮𐑪𐑛𐑖𐑵-𐑤𐑧𐑞𐑼	matches
as ever trod shoe-leather	UNC	GenAm	æz evəR ˈtrɒd ˈʃuːˌleðəR	æz ˈevəR trɒd ˈʃuː-leðəR	𐑨𐑟 𐑧𐑝𐑼 𐑑𐑮𐑪𐑛 𐑖𐑵𐑤𐑧𐑞𐑼	𐑨𐑟𐑧𐑝𐑼𐑑𐑮𐑪𐑛𐑖𐑵-𐑤𐑧𐑞𐑼	matches
duale tantum	NN1	RSSB	dʊˈɑːleɪˈtæntəm		𐑛𐑫𐑭𐑤𐑱𐑑𐑨𐑯𐑑𐑩𐑥		unknown
duale tantum	NN1	RSSB	dʊˈɑːleɪˈtantəm		𐑛𐑫𐑭𐑤𐑱𐑑𐑨𐑯𐑑𐑩𐑥		unknown
duale tantum	NN1	RSSB	dʊˈɑːleɪˈtantm		𐑛𐑫𐑭𐑤𐑱𐑑𐑨𐑯𐑑𐑥		unknown
dualia tantum	NN1	RSSB	dʊˈɑːlɪəˈtæntəm		𐑛𐑫𐑭𐑤𐑾𐑑𐑨𐑯𐑑𐑩𐑥		unknown
dualia tantum	NN1	RSSB	dʊˈɑːlɪəˈtantəm		𐑛𐑫𐑭𐑤𐑾𐑑𐑨𐑯𐑑𐑩𐑥		unknown
fragrant meat	NN1	RSSB	freɪɡrənt ˈmiːt	ˈfreɪɡrənt miːt	𐑓𐑮𐑱𐑜𐑮𐑩𐑯𐑑 𐑥𐑰𐑑	𐑓𐑮𐑱𐑜𐑮𐑩𐑯𐑑𐑥𐑰𐑑	matches
fragrant meat	NN1	GenAm	ˈfreɪɡrənt ˈmiːt	ˈfreɪɡrənt miːt	𐑓𐑮𐑱𐑜𐑮𐑩𐑯𐑑 𐑥𐑰𐑑	𐑓𐑮𐑱𐑜𐑮𐑩𐑯𐑑𐑥𐑰𐑑	matches
squeeze box	NN1	RSSB	ˈskwiːzbɒks	skwiːz bɒks	𐑕𐑒𐑢𐑰𐑟𐑚𐑪𐑒𐑕	𐑕𐑒𐑢𐑰𐑟𐑚𐑪𐑒𐑕	matches
squeeze box	NN1	GenAm	ˈskwizbɒks	skwiːz bɒks	𐑕𐑒𐑢𐑦𐑟𐑚𐑪𐑒𐑕	𐑕𐑒𐑢𐑰𐑟𐑚𐑪𐑒𐑕	divergent
praemunire facias	NN1	RSSB	priːmjənɪəri ˈfeɪʃiəs		𐑐𐑮𐑰𐑥𐑘𐑩𐑯𐑽𐑦 𐑓𐑱𐑖𐑾𐑕		unknown
praemunire facias	NN1	RSSB	priːmjuːnɪəri ˈfeɪʃiəs		𐑐𐑮𐑰𐑥𐑿𐑯𐑽𐑦 𐑓𐑱𐑖𐑾𐑕		unknown
praemunire facias	NN1	GenAm	ˌprimjəˈnɪri ˈfeɪʃiəs	ˌprimjəˈnɪri ˈfeɪʃəz	𐑐𐑮𐑦𐑥𐑘𐑩𐑯𐑦𐑮𐑦 𐑓𐑱𐑖𐑾𐑕	𐑐𐑮𐑦𐑥𐑘𐑩𐑯𐑦𐑮𐑦𐑓𐑱𐑖𐑩𐑟	divergent
Covent Garden	NP0	RSSB	ˌkɒvənt ɡɑːRdn		𐑒𐑪𐑝𐑩𐑯𐑑 𐑜𐑸𐑛𐑯		unknown
Covent Garden	NP0	RSSB	ˌkʌvənt ɡɑːRdən		𐑒𐑳𐑝𐑩𐑯𐑑 𐑜𐑸𐑛𐑩𐑯		unknown
Covent Garden	NP0	GenAm	ˌkʌvənt ˈɡɑːRdən		𐑒𐑳𐑝𐑩𐑯𐑑 𐑜𐑸𐑛𐑩𐑯		unknown
Covent Garden	NN1	RSSB	ˌkɒvənt ɡɑːRdn		𐑒𐑪𐑝𐑩𐑯𐑑 𐑜𐑸𐑛𐑯		unknown
Covent Garden	NN1	RSSB	ˌkʌvənt ɡɑːRdən		𐑒𐑳𐑝𐑩𐑯𐑑 𐑜𐑸𐑛𐑩𐑯		unknown
Covent Garden	NN1	GenAm	ˌkʌvənt ˈɡɑːRdən		𐑒𐑳𐑝𐑩𐑯𐑑 𐑜𐑸𐑛𐑩𐑯		unknown
handkerchief tree	NN1	RSSB	hæŋkəRtʃɪf ˈtriː	ˈhæŋkəRtʃɪf triː	𐑣𐑨𐑙𐑒𐑼𐑗𐑦𐑓 𐑑𐑮𐑰	𐑣𐑨𐑙𐑒𐑼𐑗𐑦𐑓𐑑𐑮𐑰	matches
handkerchief tree	NN1	GenAm	ˌhæŋkərtʃəf ˈtri	ˈhæŋkəRtʃɪf triː	𐑣𐑨𐑙𐑒𐑼𐑗𐑩𐑓 𐑑𐑮𐑦	𐑣𐑨𐑙𐑒𐑼𐑗𐑦𐑓𐑑𐑮𐑰	divergent
fortune stick	NN1	RSSB	fɔːRtʃuːn ˈstɪk	ˈfɔːRtʃuːn stɪk	𐑓𐑹𐑗𐑵𐑯 𐑕𐑑𐑦𐑒	𐑓𐑹𐑗𐑵𐑯𐑕𐑑𐑦𐑒	matches
fortune stick	NN1	GenAm	ˌfɔːRtʃən ˈstɪk	ˈfɔːRtʃuːn stɪk	𐑓𐑹𐑗𐑩𐑯 𐑕𐑑𐑦𐑒	𐑓𐑹𐑗𐑵𐑯𐑕𐑑𐑦𐑒	divergent
jot and tittle	NN1	RSSB	ˌdʒɒt ən ˈtɪtəl	dʒɒt N ˈtɪtəl	𐑡𐑪𐑑 𐑩𐑯 𐑑𐑦𐑑𐑩𐑤	𐑡𐑪𐑑𐑯𐑑𐑦𐑑𐑩𐑤	divergent
jot and tittle	NN1	GenAm	ˌdʒɒt ən ˈtɪtəl	dʒɒt N ˈtɪtəl	𐑡𐑪𐑑 𐑩𐑯 𐑑𐑦𐑑𐑩𐑤	𐑡𐑪𐑑𐑯𐑑𐑦𐑑𐑩𐑤	divergent
bras d'honneur	NN1	RSSB	brɑː dɒnɜːR		𐑚𐑮𐑭 𐑛𐑪𐑯𐑻		unknown
bras d'honneur	NN1	GenAm	ˌbrɒ dɒˈnɜːR		𐑚𐑮𐑪 𐑛𐑪𐑯𐑻		unknown
new normal	NN1	RSSB	ˌnjuː nɔːRməl	njuː ˈnɔːRməl	𐑯𐑿 𐑯𐑹𐑥𐑩𐑤	𐑯𐑿𐑯𐑹𐑥𐑩𐑤	matches
new normal	NN1	GenAm	ˌnju ˈnɔːRməl	nuː ˈnɔːRməl	𐑯𐑘𐑫 𐑯𐑹𐑥𐑩𐑤	𐑯𐑵𐑯𐑹𐑥𐑩𐑤	divergent
moonlight flit	NN1	RSSB	ˌmuːnlaɪt ˈflɪt	ˈmuːnlaɪt flɪt	𐑥𐑵𐑯𐑤𐑲𐑑 𐑓𐑤𐑦𐑑	𐑥𐑵𐑯𐑤𐑲𐑑𐑓𐑤𐑦𐑑	matches
moonlight flit	NN1	GenAm	ˌmunˌlaɪt ˈflɪt	ˈmuːnlaɪt flɪt	𐑥𐑫𐑯𐑤𐑲𐑑 𐑓𐑤𐑦𐑑	𐑥𐑵𐑯𐑤𐑲𐑑𐑓𐑤𐑦𐑑	divergent
chilli crab	NN1	RSSB	ˈtʃɪli kræb	ˈtʃɪli kræb	𐑗𐑦𐑤𐑦 𐑒𐑮𐑨𐑚	𐑗𐑦𐑤𐑦𐑒𐑮𐑨𐑚	matches
cultural appropriation	NN1	GenAm	ˈkʌltʃərəl əˌproʊpriˈeɪʃən	ˈkʌltʃərəl əˌprəʊprɪˈeɪʃən	𐑒𐑳𐑤𐑗𐑼𐑩𐑤 𐑩𐑐𐑮𐑴𐑐𐑮𐑦𐑱𐑖𐑩𐑯	𐑒𐑳𐑤𐑗𐑼𐑩𐑤𐑩𐑐𐑮𐑴𐑐𐑮𐑦𐑱𐑖𐑩𐑯	matches
Florida panther	NN1	RSSB	flɒrɪdə pænθəR	ˈflɒrɪdə ˈpænθəR	𐑓𐑤𐑪𐑮𐑦𐑛𐑩 𐑐𐑨𐑯𐑔𐑼	𐑓𐑤𐑪𐑮𐑦𐑛𐑩𐑐𐑨𐑯𐑔𐑼	matches
Florida panther	NN1	RSSB	flɒrədə pænθəR	ˈflɒrɪdə ˈpænθəR	𐑓𐑤𐑪𐑮𐑩𐑛𐑩 𐑐𐑨𐑯𐑔𐑼	𐑓𐑤𐑪𐑮𐑦𐑛𐑩𐑐𐑨𐑯𐑔𐑼	matches
Florida panther	NN1	GenAm	ˈflɔːRɪdə ˈpænθəR	ˈflɒrɪdə ˈpænθəR	𐑓𐑤𐑹𐑦𐑛𐑩 𐑐𐑨𐑯𐑔𐑼	𐑓𐑤𐑪𐑮𐑦𐑛𐑩𐑐𐑨𐑯𐑔𐑼	divergent
Florida panther	NN1	GenAm	ˈflɔːRədə ˈpænθəR	ˈflɒrɪdə ˈpænθəR	𐑓𐑤𐑹𐑩𐑛𐑩 𐑐𐑨𐑯𐑔𐑼	𐑓𐑤𐑪𐑮𐑦𐑛𐑩𐑐𐑨𐑯𐑔𐑼	divergent
Florida panther	NN1	GenAm	ˈflɔːRdə ˈpænθəR	ˈflɒrɪdə ˈpænθəR	𐑓𐑤𐑹𐑛𐑩 𐑐𐑨𐑯𐑔𐑼	𐑓𐑤𐑪𐑮𐑦𐑛𐑩𐑐𐑨𐑯𐑔𐑼	divergent
pidgin English	NN1	RSSB	ˈpɪdʒɪn ˌɪŋɡlɪʃ	ˈpɪdʒɪn ˈɪŋɡlɪʃ	𐑐𐑦𐑡𐑦𐑯 𐑦𐑙𐑜𐑤𐑦𐑖	𐑐𐑦𐑡𐑦𐑯𐑦𐑙𐑜𐑤𐑦𐑖	matches
pidgin English	NN1	GenAm	ˈpɪdʒən ˌɪŋɡlɪʃ	ˈpɪdʒɪn ˈɪŋɡlɪʃ	𐑐𐑦𐑡𐑩𐑯 𐑦𐑙𐑜𐑤𐑦𐑖	𐑐𐑦𐑡𐑦𐑯𐑦𐑙𐑜𐑤𐑦𐑖	matches
bottle episode	NN1	RSSB	ˈbɒtəl ˈepɪsəʊd	ˈbɒtəl ˈepɪsəʊd	𐑚𐑪𐑑𐑩𐑤 𐑧𐑐𐑦𐑕𐑴𐑛	𐑚𐑪𐑑𐑩𐑤𐑧𐑐𐑦𐑕𐑴𐑛	matches
bottle episode	NN1	GenAm	ˈbɒtəl ˈepəˌsoʊd	ˈbɒtəl ˈepɪsəʊd	𐑚𐑪𐑑𐑩𐑤 𐑧𐑐𐑩𐑕𐑴𐑛	𐑚𐑪𐑑𐑩𐑤𐑧𐑐𐑦𐑕𐑴𐑛	matches
British Raj	NP0	RSSB	ˌbrɪtɪʃ rɑːdʒ	ˈbrɪtɪʃ rɑːdʒ	𐑚𐑮𐑦𐑑𐑦𐑖 𐑮𐑭𐑡	𐑚𐑮𐑦𐑑𐑦𐑖𐑮𐑭𐑡	matches
British Raj	NP0	GenAm	ˌbrɪtɪʃ ˈrɒdʒ	ˈbrɪtɪʃ rɑːdʒ	𐑚𐑮𐑦𐑑𐑦𐑖 𐑮𐑪𐑡	𐑚𐑮𐑦𐑑𐑦𐑖𐑮𐑭𐑡	divergent
vox nihili	NN1	RSSB	ˌvɒksˈnɪhɪlaɪ		𐑝𐑪𐑒𐑕𐑯𐑦𐑣𐑦𐑤𐑲		unknown
vox nihili	NN1	RSSB	ˌvɒksˈnɪhɪliː		𐑝𐑪𐑒𐑕𐑯𐑦𐑣𐑦𐑤𐑰		unknown
vox nihili	NN1	GenAm	ˈvɒks ˈnaɪ hɪˌlaɪ		𐑝𐑪𐑒𐑕 𐑯𐑲 𐑣𐑦𐑤𐑲		unknown
vox nihili	NN1	GenAm	ˈvɒks ˈni hɪˌli		𐑝𐑪𐑒𐑕 𐑯𐑦 𐑣𐑦𐑤𐑦		unknown
vox nihili	NN1	GenAm	ˈvɒks ˈnɪ hɪˌli		𐑝𐑪𐑒𐑕 𐑯𐑦 𐑣𐑦𐑤𐑦		unknown
hang low	VVI	RSSB	hæŋ ˈləʊ	hæŋ ləʊ	𐑣𐑨𐑙 𐑤𐑴	𐑣𐑨𐑙𐑤𐑴	matches
hang low	VVI	GenAm	heɪŋ ˈloʊ	hæŋ ləʊ	𐑣𐑱𐑙 𐑤𐑴	𐑣𐑨𐑙𐑤𐑴	divergent
Mary-marry-merry merger	NN1	GenAm	ˈmeri ˈmæri ˈmeri ˌmɜːRdʒəR		𐑥𐑧𐑮𐑦 𐑥𐑨𐑮𐑦 𐑥𐑧𐑮𐑦 𐑥𐑻𐑡𐑼		unknown
Mary-marry-merry merger	NN1	RSSB	meəri mæri meri mɜːRdʒəR		𐑥𐑺𐑦 𐑥𐑨𐑮𐑦 𐑥𐑧𐑮𐑦 𐑥𐑻𐑡𐑼		unknown
Mary-marry-merry merger	NN1	RSSB	mɜːrɪj marɪj merɪj məRːdʒəR		𐑥𐑻𐑦𐑘 𐑥𐑨𐑮𐑦𐑘 𐑥𐑧𐑮𐑦𐑘 𐑥𐑼𐑡𐑼		unknown
hurry-furry merger	NN1	RSSB	hʌri fɜːri mɜːRdʒəR		𐑣𐑳𐑮𐑦 𐑓𐑻𐑦 𐑥𐑻𐑡𐑼		unknown
hurry-furry merger	NN1	RSSB	hʌrɪj fəːrɪj məRːdʒəR		𐑣𐑳𐑮𐑦𐑘 𐑓𐑩𐑮𐑦𐑘 𐑥𐑼𐑡𐑼		unknown
horse-hoarse merger	NN1	GenAm	ˈhors hors ˌmɜːRdʒəR		𐑣𐑪𐑮𐑕 𐑣𐑪𐑮𐑕 𐑥𐑻𐑡𐑼		unknown
horse-hoarse merger	NN1	RSSB	hɔːRs hɔːRs mɜːRdʒəR		𐑣𐑹𐑕 𐑣𐑹𐑕 𐑥𐑻𐑡𐑼		unknown
chapstick lesbian	NN1	GenAm	ˈtʃæpstɪk ˈlezbiən	ˈtʃæpˌstɪk ˈlezbɪən	𐑗𐑨𐑐𐑕𐑑𐑦𐑒 𐑤𐑧𐑟𐑚𐑾𐑯	𐑗𐑨𐑐𐑕𐑑𐑦𐑒𐑤𐑧𐑟𐑚𐑾𐑯	matches
Electric Boogaloo	NP0	RSSB	ɪˌlektrɪk ˈbuːɡəˌluː		𐑦𐑤𐑧𐑒𐑑𐑮𐑦𐑒 𐑚𐑵𐑜𐑩𐑤𐑵		unknown
Electric Boogaloo	NP0	GenAm	əˌlektrɪk ˈbuɡəˌlu	ɪˈlektrɪk ˈbuɡəˌlu	𐑩𐑤𐑧𐑒𐑑𐑮𐑦𐑒 𐑚𐑫𐑜𐑩𐑤𐑫	𐑦𐑤𐑧𐑒𐑑𐑮𐑦𐑒𐑚𐑫𐑜𐑩𐑤𐑫	matches
snail fever	NN1	RSSB	sneɪl fiːvəR	sneɪl ˈfiːvəR	𐑕𐑯𐑱𐑤 𐑓𐑰𐑝𐑼	𐑕𐑯𐑱𐑤𐑓𐑰𐑝𐑼	matches
together with	PRP	RSSB	tʊɡeðərwɪð	təˈɡeðəR wɪð	𐑑𐑫𐑜𐑧𐑞𐑼𐑢𐑦𐑞	𐑑𐑩𐑜𐑧𐑞𐑼𐑢𐑦𐑞	matches
together with	PRP	GenAm	tʊˈɡeðəR wɪθ	təˈɡeðəR wɪθ	𐑑𐑫𐑜𐑧𐑞𐑼 𐑢𐑦𐑔	𐑑𐑩𐑜𐑧𐑞𐑼𐑢𐑦𐑔	matches
homo Aristophaneus	NN1	RSSB	ˈhɒməʊ ærɪstɒfəniːəs		𐑣𐑪𐑥𐑴 𐑨𐑮𐑦𐑕𐑑𐑪𐑓𐑩𐑯𐑰𐑩𐑕		unknown
homo Aristophaneus	NN1	GenAm	ˈhɒmoʊ ærɪsˌtɒfəˈniəs		𐑣𐑪𐑥𐑴 𐑨𐑮𐑦𐑕𐑑𐑪𐑓𐑩𐑯𐑾𐑕		unknown
Laennec's cirrhosis	NN1	GenAm	ˌleɪneks səˈroʊsəs		𐑤𐑱𐑯𐑧𐑒𐑕 𐑕𐑼𐑴𐑕𐑩𐑕		unknown
the organ grinder, not the monkey	NN1	RSSB	ðiː ɔːRɡən ɡraɪndə nɒt ðə ˈmʌŋki		𐑞𐑰 𐑹𐑜𐑩𐑯 𐑜𐑮𐑲𐑯𐑛𐑩 𐑯𐑪𐑑 𐑞𐑩 𐑥𐑳𐑙𐑒𐑦		unknown
the organ grinder, not the monkey	NN1	GenAm	ði ˈɔːRɡən ˌɡraɪndər nɒt ðə ˈmʌŋki		𐑞𐑦 𐑹𐑜𐑩𐑯 𐑜𐑮𐑲𐑯𐑛𐑼 𐑯𐑪𐑑 𐑞𐑩 𐑥𐑳𐑙𐑒𐑦		unknown
dindu nuffin	NN1	GenAm	ˌdɪndu ˈnʌfən		𐑛𐑦𐑯𐑛𐑫 𐑯𐑳𐑓𐑩𐑯		unknown
dindu nuffin	NN1	RSSB	ˌdɪnduː ˈnʌfɪn		𐑛𐑦𐑯𐑛𐑵 𐑯𐑳𐑓𐑦𐑯		unknown
dindu nuffin	VVI	GenAm	ˌdɪndu ˈnʌfən		𐑛𐑦𐑯𐑛𐑫 𐑯𐑳𐑓𐑩𐑯		unknown
dindu nuffin	VVI	RSSB	ˌdɪnduː ˈnʌfɪn		𐑛𐑦𐑯𐑛𐑵 𐑯𐑳𐑓𐑦𐑯		unknown
prickly saltwort	NN1	GenAm	prɪkli sɒltwəRt	ˈprɪkli ˈsɒltwɔːRt	𐑐𐑮𐑦𐑒𐑤𐑦 𐑕𐑪𐑤𐑑𐑢𐑼𐑑	𐑐𐑮𐑦𐑒𐑤𐑦𐑕𐑪𐑤𐑑𐑢𐑹𐑑	divergent
prickly saltworts	NN1	GenAm	prɪkli sɒltwəRts		𐑐𐑮𐑦𐑒𐑤𐑦 𐑕𐑪𐑤𐑑𐑢𐑼𐑑𐑕		unknown
dunsel cap	NN1	RSSB	ˈdʌnsəl kap		𐑛𐑳𐑯𐑕𐑩𐑤 𐑒𐑨𐑐		unknown
dunsel cap	NN1	GenAm	ˈdʌnsəl kæp		𐑛𐑳𐑯𐑕𐑩𐑤 𐑒𐑨𐑐		unknown
elevator pitch	NN1	RSSB	eləveɪtəR ˈpɪtʃ	ˈelɪveɪtəR pɪtʃ	𐑧𐑤𐑩𐑝𐑱𐑑𐑼 𐑐𐑦𐑗	𐑧𐑤𐑦𐑝𐑱𐑑𐑼𐑐𐑦𐑗	matches
elevator pitch	NN1	GenAm	ˈeləveɪtəR ˈpɪtʃ	ˈelɪveɪtəR pɪtʃ	𐑧𐑤𐑩𐑝𐑱𐑑𐑼 𐑐𐑦𐑗	𐑧𐑤𐑦𐑝𐑱𐑑𐑼𐑐𐑦𐑗	matches
carpet beater	NN1	RSSB	kɑːRpɪtbiːtəR	ˈkɑːRpIt ˈbiːtəR	𐑒𐑸𐑐𐑦𐑑𐑚𐑰𐑑𐑼	𐑒𐑸𐑐𐑩𐑑𐑚𐑰𐑑𐑼	matches
queen cake	NN1	RSSB	ˈkwiːn keɪk	kwiːn keɪk	𐑒𐑢𐑰𐑯 𐑒𐑱𐑒	𐑒𐑢𐑰𐑯𐑒𐑱𐑒	matches
queen cake	NN1	GenAm	ˈkwin ˌkeɪk	kwiːn keɪk	𐑒𐑢𐑦𐑯 𐑒𐑱𐑒	𐑒𐑢𐑰𐑯𐑒𐑱𐑒	divergent
noli me tangere	NN1	RSSB	ˌnəʊlɪ mɪ tændʒəri		𐑯𐑴𐑤𐑦 𐑥𐑦 𐑑𐑨𐑯𐑡𐑼𐑦		unknown
ever after	AV0	RSSB	evərɑːftəR	ˈevəR ˈⱭːftəR	𐑧𐑝𐑼𐑭𐑓𐑑𐑼	𐑧𐑝𐑼𐑭𐑓𐑑𐑼	matches
ever after	AV0	GenAm	ˌevərˈæftər	ˈevəR ˈⱭːftəR	𐑧𐑝𐑼𐑨𐑓𐑑𐑼	𐑧𐑝𐑼𐑭𐑓𐑑𐑼	matches
bearded seal	NN1	RSSB	bɪəRdɪd siːl	ˈbɪəRdƏd siːl	𐑚𐑽𐑛𐑦𐑛 𐑕𐑰𐑤	𐑚𐑽𐑛𐑩𐑛𐑕𐑰𐑤	matches
bearded seal	NN1	RSSB	bɪəRdəd siːl	ˈbɪəRdƏd siːl	𐑚𐑽𐑛𐑩𐑛 𐑕𐑰𐑤	𐑚𐑽𐑛𐑩𐑛𐑕𐑰𐑤	matches
bearded seal	NN1	GenAm	ˈbiəRdəd siːl	ˈbɪəRdƏd siːl	𐑚𐑽𐑛𐑩𐑛 𐑕𐑰𐑤	𐑚𐑽𐑛𐑩𐑛𐑕𐑰𐑤	matches
bearded seal	NN1	GenAm	ˈbɪrdəd siːl	ˈbɪəRdƏd siːl	𐑚𐑦𐑮𐑛𐑩𐑛 𐑕𐑰𐑤	𐑚𐑽𐑛𐑩𐑛𐑕𐑰𐑤	divergent
America's Dairyland	NP0	GenAm	əˈmerəkəz dɜːrileənd		𐑩𐑥𐑧𐑮𐑩𐑒𐑩𐑟 𐑛𐑻𐑦𐑤𐑺𐑯𐑛		unknown
three bags full, sir	UNC	RSSB	ˌθriː bæɡz ˈfʊl sɜːR		𐑔𐑮𐑰 𐑚𐑨𐑜𐑟 𐑓𐑫𐑤 𐑕𐑻		unknown
three bags full, sir	UNC	GenAm	ˌθri bæɡz ˈfʊl ˌsɜːR		𐑔𐑮𐑦 𐑚𐑨𐑜𐑟 𐑓𐑫𐑤 𐑕𐑻		unknown
Star Wars Day	NP0	RSSB	stɑːrwɔːrz deɪ	stɑːR wɔːRz deɪ	𐑕𐑑𐑸𐑢𐑹𐑟 𐑛𐑱	𐑕𐑑𐑸𐑢𐑹𐑟𐑛𐑱	matches
Star Wars Day	NP0	GenAm	ˈstɑːR ˈwɔːRz deɪ	stɑːR wɔːRz deɪ	𐑕𐑑𐑸 𐑢𐑹𐑟 𐑛𐑱	𐑕𐑑𐑸𐑢𐑹𐑟𐑛𐑱	matches
Star Wars Day	NP0	GenAm	ˈstɒ ˈwɔːRz deɪ	stɑːR wɔːRz deɪ	𐑕𐑑𐑪 𐑢𐑹𐑟 𐑛𐑱	𐑕𐑑𐑸𐑢𐑹𐑟𐑛𐑱	divergent
ankle locks	NN1	RSSB	ˈaŋkəl ˌlɒks	ˈæŋkəl lɒks	𐑨𐑙𐑒𐑩𐑤 𐑤𐑪𐑒𐑕	𐑨𐑙𐑒𐑩𐑤𐑤𐑪𐑒𐑕	matches
à trois	AJ0	GenAm	ɒ ˈtrwɒ		𐑪 𐑑𐑮𐑢𐑪		unknown
guai lan	AJ0	GenAm	ˈɡwaɪ ˈlɒn		𐑜𐑢𐑲 𐑤𐑪𐑯		unknown
parking coupon	NN1	RSSB	pɑːRkɪŋ ˈkuːpɒn	ˈpɑːRkɪŋ ˈkuːpɒn	𐑐𐑸𐑒𐑦𐑙 𐑒𐑵𐑐𐑪𐑯	𐑐𐑸𐑒𐑦𐑙𐑒𐑵𐑐𐑪𐑯	matches
parking coupon	NN1	GenAm	ˈpɑːRkɪŋ ˈkjuˌpɒn	ˈpɑːRkɪŋ ˈkuːpɒn	𐑐𐑸𐑒𐑦𐑙 𐑒𐑘𐑫𐑐𐑪𐑯	𐑐𐑸𐑒𐑦𐑙𐑒𐑵𐑐𐑪𐑯	divergent
thought blocking	NN1	RSSB	θɔːt ˈblɒkɪŋ	θɔːt ˈblɒkɪŋ	𐑔𐑷𐑑 𐑚𐑤𐑪𐑒𐑦𐑙	𐑔𐑷𐑑𐑚𐑤𐑪𐑒𐑦𐑙	matches
thought blocking	NN1	GenAm	θɔːt ˈblɒkɪŋ	θɔːt ˈblɒkɪŋ	𐑔𐑷𐑑 𐑚𐑤𐑪𐑒𐑦𐑙	𐑔𐑷𐑑𐑚𐑤𐑪𐑒𐑦𐑙	matches
Dai Di	NP0	GenAm	ˈdaɪ ˈdi		𐑛𐑲 𐑛𐑦		unknown
BTO flat	NN1	RSSB	biː tiː əʊ flæt		𐑚𐑰 𐑑𐑰 𐑴 𐑓𐑤𐑨𐑑		unknown
BTO flat	NN1	GenAm	biː tiː əʊ flæt		𐑚𐑰 𐑑𐑰 𐑴 𐑓𐑤𐑨𐑑		unknown
Western Isles	NP0	RSSB	westəRnaɪlz	ˈwestəRn aɪlz	𐑢𐑧𐑕𐑑𐑼𐑯𐑲𐑤𐑟	𐑢𐑧𐑕𐑑𐑼𐑯𐑲𐑤𐑟	matches
pro domino	AV0	RSSB	prəʊ ˈdɒmɪnəʊ	prəʊ ˈdɒmɪnəʊ	𐑐𐑮𐑴 𐑛𐑪𐑥𐑦𐑯𐑴	𐑐𐑮𐑴𐑛𐑪𐑥𐑦𐑯𐑴	matches
pro domino	AV0	GenAm	proʊ ˈdɒmənoʊ	prəʊ ˈdɒmɪnəʊ	𐑐𐑮𐑴 𐑛𐑪𐑥𐑩𐑯𐑴	𐑐𐑮𐑴𐑛𐑪𐑥𐑦𐑯𐑴	matches
cold weapon	NN1	RSSB	kəʊld ˈwepən	kəʊld ˈwepən	𐑒𐑴𐑤𐑛 𐑢𐑧𐑐𐑩𐑯	𐑒𐑴𐑤𐑛𐑢𐑧𐑐𐑩𐑯	matches
cold weapon	NN1	GenAm	koʊld ˈwepən	kəʊld ˈwepən	𐑒𐑴𐑤𐑛 𐑢𐑧𐑐𐑩𐑯	𐑒𐑴𐑤𐑛𐑢𐑧𐑐𐑩𐑯	matches
virtue signalling	NN1	GenAm	ˈvɜːRtʃu sɪɡnəlɪŋ	ˈvɜːRtʃuː ˈsɪɡnəlɪŋ	𐑝𐑻𐑗𐑫 𐑕𐑦𐑜𐑯𐑩𐑤𐑦𐑙	𐑝𐑻𐑗𐑵𐑕𐑦𐑜𐑯𐑩𐑤𐑦𐑙	divergent
virtue signalling	VVI	GenAm	ˈvɜːRtʃu sɪɡnəlɪŋ	ˈvɜːRtʃuː ˈsɪɡnəlɪŋ	𐑝𐑻𐑗𐑫 𐑕𐑦𐑜𐑯𐑩𐑤𐑦𐑙	𐑝𐑻𐑗𐑵𐑕𐑦𐑜𐑯𐑩𐑤𐑦𐑙	divergent
lapsus oculi	NN1	RSSB	ˌlæpsəs ˈɒkjəlaɪ		𐑤𐑨𐑐𐑕𐑩𐑕 𐑪𐑒𐑘𐑩𐑤𐑲		unknown
lapsus oculi	NN1	GenAm	ˌlæpsəs ˈɒkjəˌlaɪ		𐑤𐑨𐑐𐑕𐑩𐑕 𐑪𐑒𐑘𐑩𐑤𐑲		unknown
late night	NN1	GenAm	ˌleɪt ˈnaɪt	leɪt naɪt	𐑤𐑱𐑑 𐑯𐑲𐑑	𐑤𐑱𐑑𐑯𐑲𐑑	matches
late night	NN1	GenAm	ˈleɪt ˌnaɪt	leɪt naɪt	𐑤𐑱𐑑 𐑯𐑲𐑑	𐑤𐑱𐑑𐑯𐑲𐑑	matches
lang may yer lum reek	UNC	RSSB	ˈlæŋ meɪ jəR ˌlʌm ˈriːk		𐑤𐑨𐑙 𐑥𐑱 𐑘𐑼 𐑤𐑳𐑥 𐑮𐑰𐑒		unknown
lang may yer lum reek	UNC	GenAm	ˈlæŋ meɪ jəR ˌlʌm ˈrik		𐑤𐑨𐑙 𐑥𐑱 𐑘𐑼 𐑤𐑳𐑥 𐑮𐑦𐑒		unknown
dumpster fire	NN1	RSSB	dʌmpstəRfaɪər		𐑛𐑳𐑥𐑐𐑕𐑑𐑼𐑓𐑲𐑼		unknown
dumpster fire	NN1	GenAm	ˈdʌmpstəRˈfaɪər		𐑛𐑳𐑥𐑐𐑕𐑑𐑼𐑓𐑲𐑼		unknown
angle parking	NN1	RSSB	ˈæŋɡəl pɑːRkɪŋ	ˈæŋɡəl ˈpɑːRkɪŋ	𐑨𐑙𐑜𐑩𐑤 𐑐𐑸𐑒𐑦𐑙	𐑨𐑙𐑜𐑩𐑤𐑐𐑸𐑒𐑦𐑙	matches
angle parking	NN1	GenAm	ˈæŋɡəl ˈpɑːRkɪŋ	ˈæŋɡəl ˈpɑːRkɪŋ	𐑨𐑙𐑜𐑩𐑤 𐑐𐑸𐑒𐑦𐑙	𐑨𐑙𐑜𐑩𐑤𐑐𐑸𐑒𐑦𐑙	matches
Dr. Strangelove	NN1	GenAm	dɒktər streɪndʒlʌv		𐑛𐑪𐑒𐑑𐑼 𐑕𐑑𐑮𐑱𐑯𐑡𐑤𐑳𐑝		unknown
down but not out	AJ0	RSSB	ˈdaʊn bət nɒt ˈaʊt	daʊn bʌt nɒt aʊt	𐑛𐑬𐑯 𐑚𐑩𐑑 𐑯𐑪𐑑 𐑬𐑑	𐑛𐑬𐑯𐑚𐑳𐑑𐑯𐑪𐑑𐑬𐑑	divergent
down but not out	AJ0	GenAm	ˈdaʊn bət nɒt ˈaʊt	daʊn bʌt nɒt aʊt	𐑛𐑬𐑯 𐑚𐑩𐑑 𐑯𐑪𐑑 𐑬𐑑	𐑛𐑬𐑯𐑚𐑳𐑑𐑯𐑪𐑑𐑬𐑑	divergent
les jeux sont faits	UNC	RSSB	leɪ ˌʒɜː sɒ ˈfeɪ		𐑤𐑱 𐑠𐑻 𐑕𐑪 𐑓𐑱		unknown
horizontal tango	NN1	RSSB	hɒrɪzɒntəl ˈtæŋɡəʊ	ˌhɒrɪˈzɒntəl ˈtæŋɡəʊ	𐑣𐑪𐑮𐑦𐑟𐑪𐑯𐑑𐑩𐑤 𐑑𐑨𐑙𐑜𐑴	𐑣𐑪𐑮𐑦𐑟𐑪𐑯𐑑𐑩𐑤𐑑𐑨𐑙𐑜𐑴	matches
horizontal tango	NN1	GenAm	ˌhɔːrəˈzɑːntəl ˈtæŋɡoʊ	ˌhɒrɪˈzɒntəl ˈtæŋɡəʊ	𐑣𐑹𐑩𐑟𐑭𐑯𐑑𐑩𐑤 𐑑𐑨𐑙𐑜𐑴	𐑣𐑪𐑮𐑦𐑟𐑪𐑯𐑑𐑩𐑤𐑑𐑨𐑙𐑜𐑴	divergent
faites vos jeux	UNC	RSSB	ˌfeɪt vəʊ ˈʒɜː		𐑓𐑱𐑑 𐑝𐑴 𐑠𐑻		unknown
faites vos jeux	UNC	RSSB	ˌfet vəʊ ˈʒɜː		𐑓𐑧𐑑 𐑝𐑴 𐑠𐑻		unknown
faites vos jeux	UNC	GenAm	ˌfet voʊ ˈʒɜː		𐑓𐑧𐑑 𐑝𐑴 𐑠𐑻		unknown
crime doesn't pay	UNC	GenAm	kraɪm ˈdʌzˌənt peɪ	kraɪm ˈdʌzənt peɪ	𐑒𐑮𐑲𐑥 𐑛𐑳𐑟𐑩𐑯𐑑 𐑐𐑱	𐑒𐑮𐑲𐑥𐑛𐑳𐑟𐑩𐑯𐑑𐑐𐑱	matches
bright and early	AV0	RSSB	braɪtən ɜːRli	braɪt N ˈɜːRli	𐑚𐑮𐑲𐑑𐑩𐑯 𐑻𐑤𐑦	𐑚𐑮𐑲𐑑𐑯𐑻𐑤𐑦	divergent
bright and early	AV0	GenAm	ˌbraɪtən ˈɜːRli	braɪt N ˈɜːRli	𐑚𐑮𐑲𐑑𐑩𐑯 𐑻𐑤𐑦	𐑚𐑮𐑲𐑑𐑯𐑻𐑤𐑦	divergent
Homo superior	NP0	RSSB	ˌhəʊməʊ suːpɪəriər	ˈhəʊməʊ suːˈpɪərɪəR	𐑣𐑴𐑥𐑴 𐑕𐑵𐑐𐑽𐑽	𐑣𐑴𐑥𐑴𐑕𐑵𐑐𐑽𐑽	matches
Homo superior	NP0	GenAm	ˌhoʊmoʊ suːˈpɪriəR	ˈhəʊməʊ suːˈpɪərɪəR	𐑣𐑴𐑥𐑴 𐑕𐑵𐑐𐑦𐑮𐑽	𐑣𐑴𐑥𐑴𐑕𐑵𐑐𐑽𐑽	divergent
Uniate Church	NP0	RSSB	ˈjuːnieɪt tʃɜːRtʃ		𐑿𐑯𐑦𐑱𐑑 𐑗𐑻𐑗		unknown
Uniate Church	NP0	GenAm	ˈjuːnieɪt ˌtʃɜːRtʃ	ˈjuniˌɪt tʃɜːRtʃ	𐑿𐑯𐑦𐑱𐑑 𐑗𐑻𐑗	𐑘𐑫𐑯𐑦𐑦𐑑𐑗𐑻𐑗	divergent
hone in	VVI	GenAm	hoʊn ɪn	həʊn ɪn	𐑣𐑴𐑯 𐑦𐑯	𐑣𐑴𐑯𐑦𐑯	matches
hone in	VVI	RSSB	həʊn ɪn	həʊn ɪn	𐑣𐑴𐑯 𐑦𐑯	𐑣𐑴𐑯𐑦𐑯	matches
currente calamo	AV0	RSSB	kərenteɪ ˈkæləməʊ		𐑒𐑼𐑧𐑯𐑑𐑱 𐑒𐑨𐑤𐑩𐑥𐑴		unknown
currente calamo	AV0	GenAm	kəˈrenteɪ ˈkæləmoʊ		𐑒𐑼𐑧𐑯𐑑𐑱 𐑒𐑨𐑤𐑩𐑥𐑴		unknown
tear out	VVI	RSSB	teəR aʊt	teəR aʊt	𐑑𐑺 𐑬𐑑	𐑑𐑺𐑬𐑑	matches
tear out	VVI	GenAm	ter aʊt	teəR aʊt	𐑑𐑧𐑮 𐑬𐑑	𐑑𐑺𐑬𐑑	divergent
active shooter	NN1	GenAm	ˌæktɪv ˈʃuːtəR	ˈæktɪv ˈʃuːtəR	𐑨𐑒𐑑𐑦𐑝 𐑖𐑵𐑑𐑼	𐑨𐑒𐑑𐑦𐑝𐑖𐑵𐑑𐑼	matches
gold star wife	NN1	RSSB	ˌɡəʊld stɑːR ˈwaɪf	ɡəʊld stɑːR waɪf	𐑜𐑴𐑤𐑛 𐑕𐑑𐑸 𐑢𐑲𐑓	𐑜𐑴𐑤𐑛𐑕𐑑𐑸𐑢𐑲𐑓	matches
gold star wife	NN1	GenAm	ˌɡoʊld stɑːR ˈwaɪf	ɡəʊld stɑːR waɪf	𐑜𐑴𐑤𐑛 𐑕𐑑𐑸 𐑢𐑲𐑓	𐑜𐑴𐑤𐑛𐑕𐑑𐑸𐑢𐑲𐑓	matches
lord of the rings	NN1	RSSB	lɔːRd əv ðə rɪŋz	lɔːRd V Ð rɪŋz	𐑤𐑹𐑛 𐑩𐑝 𐑞𐑩 𐑮𐑦𐑙𐑟	𐑤𐑹𐑛𐑝𐑞𐑮𐑦𐑙𐑟	divergent
lord of the rings	NN1	GenAm	lɔːRd əv ðə rɪŋz	lɔːRd V Ð rɪŋz	𐑤𐑹𐑛 𐑩𐑝 𐑞𐑩 𐑮𐑦𐑙𐑟	𐑤𐑹𐑛𐑝𐑞𐑮𐑦𐑙𐑟	divergent
arm span	NN1	GenAm	ˈɑːRmspæn	ɑːRm spæn	𐑸𐑥𐑕𐑐𐑨𐑯	𐑸𐑥𐑕𐑐𐑨𐑯	matches
Clapham Junction	NP0	RSSB	klæpəm dʒʌŋkʃən	ˈklæpəm ˈdʒʌŋkʃən	𐑒𐑤𐑨𐑐𐑩𐑥 𐑡𐑳𐑙𐑒𐑖𐑩𐑯	𐑒𐑤𐑨𐑐𐑩𐑥𐑡𐑳𐑙𐑒𐑖𐑩𐑯	matches
Clapham Junction	NN1	RSSB	klæpəm dʒʌŋkʃən	ˈklæpəm ˈdʒʌŋkʃən	𐑒𐑤𐑨𐑐𐑩𐑥 𐑡𐑳𐑙𐑒𐑖𐑩𐑯	𐑒𐑤𐑨𐑐𐑩𐑥𐑡𐑳𐑙𐑒𐑖𐑩𐑯	matches
chordae tendineae	NN1	RSSB	kɔːRdi tenˈdɪniˌi		𐑒𐑹𐑛𐑦 𐑑𐑧𐑯𐑛𐑦𐑯𐑦𐑦		unknown
chordae tendineae	NN1	GenAm	ˌkɔːRdi tenˈdɪniˌi		𐑒𐑹𐑛𐑦 𐑑𐑧𐑯𐑛𐑦𐑯𐑦𐑦		unknown
vieux riche	NN1	RSSB	ˌvjəʊ ˈriːʃ		𐑝𐑘𐑴 𐑮𐑰𐑖		unknown
vieux riche	NN1	GenAm	ˌvjoʊ ˈriʃ		𐑝𐑘𐑴 𐑮𐑦𐑖		unknown
vieux riche	NN1	GenAm	ˌvjoʊ ˈrɪtʃ		𐑝𐑘𐑴 𐑮𐑦𐑗		unknown
air hose	NN1	GenAm	ˈerhoʊz	eəR həʊz	𐑧𐑮𐑣𐑴𐑟	𐑺𐑣𐑴𐑟	divergent
air hose	NN1	RSSB	eəRhəʊz	eəR həʊz	𐑺𐑣𐑴𐑟	𐑺𐑣𐑴𐑟	matches
webside manner	NN1	RSSB	ˌwebsaɪd mænəR		𐑢𐑧𐑚𐑕𐑲𐑛 𐑥𐑨𐑯𐑼		unknown
webside manner	NN1	GenAm	ˌwebˌsaɪd ˈmænəR		𐑢𐑧𐑚𐑕𐑲𐑛 𐑥𐑨𐑯𐑼		unknown
smell you later	ITJ	RSSB	ˈsmel ju leɪtəR	smel juː ˈleɪtəR	𐑕𐑥𐑧𐑤 𐑘𐑫 𐑤𐑱𐑑𐑼	𐑕𐑥𐑧𐑤𐑿𐑤𐑱𐑑𐑼	divergent
smell you later	ITJ	GenAm	ˈsmel jə ˈleɪtəR	smel juː ˈleɪtəR	𐑕𐑥𐑧𐑤 𐑘𐑩 𐑤𐑱𐑑𐑼	𐑕𐑥𐑧𐑤𐑿𐑤𐑱𐑑𐑼	divergent
Dolly Daydream	NN1	RSSB	ˈdɑːli ˈdeɪdriːm	ˈdɒli ˈdeɪdriːm	𐑛𐑭𐑤𐑦 𐑛𐑱𐑛𐑮𐑰𐑥	𐑛𐑪𐑤𐑦𐑛𐑱𐑛𐑮𐑰𐑥	divergent
Dolly Daydream	NN1	GenAm	ˈdɒli ˈdeɪdriːm	ˈdɒli ˈdeɪdriːm	𐑛𐑪𐑤𐑦 𐑛𐑱𐑛𐑮𐑰𐑥	𐑛𐑪𐑤𐑦𐑛𐑱𐑛𐑮𐑰𐑥	matches
way too	AV0	GenAm	ˈweɪ tu	weɪ tuː	𐑢𐑱 𐑑𐑫	𐑢𐑱𐑑𐑵	divergent
moon pool	NN1	RSSB	ˈmuːnpuːl	muːn puːl	𐑥𐑵𐑯𐑐𐑵𐑤	𐑥𐑵𐑯𐑐𐑵𐑤	matches
moon pool	NN1	GenAm	ˈmunˌpul	muːn puːl	𐑥𐑫𐑯𐑐𐑫𐑤	𐑥𐑵𐑯𐑐𐑵𐑤	divergent
grand fromage	NN1	RSSB	ˈɡrɒn ˈfrɒmaʒ		𐑜𐑮𐑪𐑯 𐑓𐑮𐑪𐑥𐑨𐑠		unknown
Oresund Bridge	NP0	RSSB	ɜːRsʊnd ˈbrɪdʒ		𐑻𐑕𐑫𐑯𐑛 𐑚𐑮𐑦𐑡		unknown
Oresund Bridge	NP0	GenAm	ˌɜːRsʊnd ˈbrɪdʒ	ˈɜːRsʊnd brɪdʒ	𐑻𐑕𐑫𐑯𐑛 𐑚𐑮𐑦𐑡	𐑻𐑕𐑫𐑯𐑛𐑚𐑮𐑦𐑡	matches
La Trobian	AJ0	RSSB	lə trəʊbɪən		𐑤𐑩 𐑑𐑮𐑴𐑚𐑾𐑯		unknown
La Trobian	AJ0	GenAm	lə ˈtroʊbɪən		𐑤𐑩 𐑑𐑮𐑴𐑚𐑾𐑯		unknown
La Trobian	NN1	RSSB	lə trəʊbɪən		𐑤𐑩 𐑑𐑮𐑴𐑚𐑾𐑯		unknown
La Trobian	NN1	GenAm	lə ˈtroʊbɪən		𐑤𐑩 𐑑𐑮𐑴𐑚𐑾𐑯		unknown
crony capitalism	NN1	GenAm	ˈkroʊni ˈkæpɪtəlɪzəm	ˈkrəʊni ˈkæpɪtəlɪzəm	𐑒𐑮𐑴𐑯𐑦 𐑒𐑨𐑐𐑦𐑑𐑩𐑤𐑦𐑟𐑩𐑥	𐑒𐑮𐑴𐑯𐑦𐑒𐑨𐑐𐑦𐑑𐑩𐑤𐑦𐑟𐑩𐑥	matches
virtue signaller	NN1	RSSB	vɜːRtʃuː sɪɡnələR	ˈvɜːRtʃuː ˈsɪɡnələR	𐑝𐑻𐑗𐑵 𐑕𐑦𐑜𐑯𐑩𐑤𐑼	𐑝𐑻𐑗𐑵𐑕𐑦𐑜𐑯𐑩𐑤𐑼	matches
virtue signaller	NN1	GenAm	ˈvɜːRtʃu ˌsɪɡnələr	ˈvɜːRtʃuː ˈsɪɡnələR	𐑝𐑻𐑗𐑫 𐑕𐑦𐑜𐑯𐑩𐑤𐑼	𐑝𐑻𐑗𐑵𐑕𐑦𐑜𐑯𐑩𐑤𐑼	divergent
virtue signaller	NN1	GenAm	ˈvɜːRtʃ- -ləR	ˈvɜːRtʃuː ˈsɪɡnələR	𐑝𐑻𐑗- -𐑤𐑼	𐑝𐑻𐑗𐑵𐑕𐑦𐑜𐑯𐑩𐑤𐑼	divergent
Savile Row	NP0	RSSB	sævɪl rəʊ		𐑕𐑨𐑝𐑦𐑤 𐑮𐑴		unknown
beat as one	VVI	RSSB	biːt əz ˈwɒn	biːt æz wʌn	𐑚𐑰𐑑 𐑩𐑟 𐑢𐑪𐑯	𐑚𐑰𐑑𐑨𐑟𐑢𐑳𐑯	divergent
beat as one	VVI	GenAm	bit əz ˈwʌn	biːt æz wʌn	𐑚𐑦𐑑 𐑩𐑟 𐑢𐑳𐑯	𐑚𐑰𐑑𐑨𐑟𐑢𐑳𐑯	divergent
complementary medicines	NN1	RSSB	kɒmpləmentəriː ˈmedɪsɪnz	ˌkɒmplɪˈmentəri ˈmedɪsənz	𐑒𐑪𐑥𐑐𐑤𐑩𐑥𐑧𐑯𐑑𐑼𐑰 𐑥𐑧𐑛𐑦𐑕𐑦𐑯𐑟	𐑒𐑪𐑥𐑐𐑤𐑦𐑥𐑧𐑯𐑑𐑼𐑦𐑥𐑧𐑛𐑦𐑕𐑩𐑯𐑟	divergent
complementary medicines	NN1	RSSB	kɔːmpləmentəriː ˈmedɪsɪnz	ˌkɒmplɪˈmentəri ˈmedɪsənz	𐑒𐑷𐑥𐑐𐑤𐑩𐑥𐑧𐑯𐑑𐑼𐑰 𐑥𐑧𐑛𐑦𐑕𐑦𐑯𐑟	𐑒𐑪𐑥𐑐𐑤𐑦𐑥𐑧𐑯𐑑𐑼𐑦𐑥𐑧𐑛𐑦𐑕𐑩𐑯𐑟	divergent
complementary medicines	NN1	GenAm	ˌkɒmpləˌmentəri ˈmedɪsɪnz	ˌkɒmplɪˈmentəri ˈmedɪsənz	𐑒𐑪𐑥𐑐𐑤𐑩𐑥𐑧𐑯𐑑𐑼𐑦 𐑥𐑧𐑛𐑦𐑕𐑦𐑯𐑟	𐑒𐑪𐑥𐑐𐑤𐑦𐑥𐑧𐑯𐑑𐑼𐑦𐑥𐑧𐑛𐑦𐑕𐑩𐑯𐑟	matches
zero derivation	NN1	RSSB	zɪərəʊ derɪveɪʃən	ˈzɪərəʊ ˌderɪˈveɪʃən	𐑟𐑽𐑴 𐑛𐑧𐑮𐑦𐑝𐑱𐑖𐑩𐑯	𐑟𐑽𐑴𐑛𐑧𐑮𐑦𐑝𐑱𐑖𐑩𐑯	matches
zero derivation	NN1	GenAm	ˌzirəʊ ˈderɪˌveɪʃən	ˈzɪərəʊ ˌderɪˈveɪʃən	𐑟𐑦𐑮𐑴 𐑛𐑧𐑮𐑦𐑝𐑱𐑖𐑩𐑯	𐑟𐑽𐑴𐑛𐑧𐑮𐑦𐑝𐑱𐑖𐑩𐑯	divergent
there must be something in the water	UNC	RSSB	ðeəR mʌst biː ˈsʌmθɪŋ ɪn ðə wɔːtəR	ðeəR mʌst biː ˈsʌmθɪŋ ɪn Ð ˈwɔːtər	𐑞𐑺 𐑥𐑳𐑕𐑑 𐑚𐑰 𐑕𐑳𐑥𐑔𐑦𐑙 𐑦𐑯 𐑞𐑩 𐑢𐑷𐑑𐑼	𐑞𐑺𐑥𐑳𐑕𐑑𐑚𐑰𐑕𐑳𐑥𐑔𐑦𐑙𐑦𐑯𐑞𐑢𐑷𐑑𐑼	divergent
there must be something in the water	UNC	GenAm	ðeər mʌst bi ˈsʌmθɪŋ ɪn ðə ˈwɒtər	ðeəR mʌst biː ˈsʌmθɪŋ ɪn Ð ˈwɔːtər	𐑞𐑺 𐑥𐑳𐑕𐑑 𐑚𐑦 𐑕𐑳𐑥𐑔𐑦𐑙 𐑦𐑯 𐑞𐑩 𐑢𐑪𐑑𐑼	𐑞𐑺𐑥𐑳𐑕𐑑𐑚𐑰𐑕𐑳𐑥𐑔𐑦𐑙𐑦𐑯𐑞𐑢𐑷𐑑𐑼	divergent
spiedie sauce	NN1	RSSB	spiːdi sɔːs		𐑕𐑐𐑰𐑛𐑦 𐑕𐑷𐑕		unknown
spiedie sauce	NN1	GenAm	spidi sɒs		𐑕𐑐𐑦𐑛𐑦 𐑕𐑪𐑕		unknown
La Trobe	NP0	RSSB	lə ˈtrəʊb		𐑤𐑩 𐑑𐑮𐑴𐑚		unknown
La Trobe	NP0	GenAm	lə ˈtroʊb		𐑤𐑩 𐑑𐑮𐑴𐑚		unknown
clown-car primary	NN1	GenAm	ˈklaʊn kɑːR ˌpraɪməri		𐑒𐑤𐑬𐑯 𐑒𐑸 𐑐𐑮𐑲𐑥𐑼𐑦		unknown
mouse deers	NN1	GenAm	ˈmaʊsdɪrz		𐑥𐑬𐑕𐑛𐑦𐑮𐑟		unknown
mouse deers	NN1	RSSB	maʊsdɪəRz		𐑥𐑬𐑕𐑛𐑽𐑟		unknown
hard Brexit	NP0	GenAm	ˈhɑːRd ˌbreksɪt		𐑣𐑸𐑛 𐑚𐑮𐑧𐑒𐑕𐑦𐑑		unknown
hard Brexit	NP0	GenAm	ˌhɑːRd ˈbreksɪt		𐑣𐑸𐑛 𐑚𐑮𐑧𐑒𐑕𐑦𐑑		unknown
hard Brexit	NP0	RSSB	hɑːRd ˌbreksɪt		𐑣𐑸𐑛 𐑚𐑮𐑧𐑒𐑕𐑦𐑑		unknown
hard Brexit	NP0	RSSB	hɑːRd ˈbreksɪt		𐑣𐑸𐑛 𐑚𐑮𐑧𐑒𐑕𐑦𐑑		unknown
soft Brexit	NP0	GenAm	ˈsɒft ˌbreksɪt		𐑕𐑪𐑓𐑑 𐑚𐑮𐑧𐑒𐑕𐑦𐑑		unknown
soft Brexit	NP0	RSSB	ˈsɒft ˌbreksɪt		𐑕𐑪𐑓𐑑 𐑚𐑮𐑧𐑒𐑕𐑦𐑑		unknown
soft Brexit	NP0	GenAm	ˌsɒftˈbreksɪt		𐑕𐑪𐑓𐑑𐑚𐑮𐑧𐑒𐑕𐑦𐑑		unknown
soft Brexit	NP0	RSSB	ˌsɒftˈbreksɪt		𐑕𐑪𐑓𐑑𐑚𐑮𐑧𐑒𐑕𐑦𐑑		unknown
winged word	NN1	RSSB	ˌwɪŋd wɜːRd	wɪŋd wɜːRd	𐑢𐑦𐑙𐑛 𐑢𐑻𐑛	𐑢𐑦𐑙𐑛𐑢𐑻𐑛	matches
winged word	NN1	GenAm	ˌwɪŋd ˈwɜːRd	wɪŋd wɜːRd	𐑢𐑦𐑙𐑛 𐑢𐑻𐑛	𐑢𐑦𐑙𐑛𐑢𐑻𐑛	matches
street sweeper	NN1	GenAm	ˈstrit ˌswipəR	striːt ˈswiːpəR	𐑕𐑑𐑮𐑦𐑑 𐑕𐑢𐑦𐑐𐑼	𐑕𐑑𐑮𐑰𐑑𐑕𐑢𐑰𐑐𐑼	divergent
coincidence theorist	NN1	RSSB	kəʊˈɪnsɪdəns θɪərɪst	kəʊˈɪnsɪdəns ˈθɪərɪst	𐑒𐑴𐑦𐑯𐑕𐑦𐑛𐑩𐑯𐑕 𐑔𐑽𐑦𐑕𐑑	𐑒𐑴𐑦𐑯𐑕𐑦𐑛𐑩𐑯𐑕𐑔𐑽𐑦𐑕𐑑	matches
coincidence theorist	NN1	GenAm	koʊˈɪnsədəns ˌθiːərɪst	kəʊˈɪnsɪdəns ˈθɪərɪst	𐑒𐑴𐑦𐑯𐑕𐑩𐑛𐑩𐑯𐑕 𐑔𐑰𐑼𐑦𐑕𐑑	𐑒𐑴𐑦𐑯𐑕𐑦𐑛𐑩𐑯𐑕𐑔𐑽𐑦𐑕𐑑	divergent
meo more	AV0	RSSB	meɪəʊmɔːreɪ		𐑥𐑱𐑴𐑥𐑹𐑱		unknown
snap election	NN1	RSSB	ˌsnæp ɪˈlekʃən	snæp ɪˈlekʃən	𐑕𐑯𐑨𐑐 𐑦𐑤𐑧𐑒𐑖𐑩𐑯	𐑕𐑯𐑨𐑐𐑦𐑤𐑧𐑒𐑖𐑩𐑯	matches
snap election	NN1	GenAm	ˌsnæp iˈlekʃən	snæp ɪˈlekʃən	𐑕𐑯𐑨𐑐 𐑦𐑤𐑧𐑒𐑖𐑩𐑯	𐑕𐑯𐑨𐑐𐑦𐑤𐑧𐑒𐑖𐑩𐑯	matches
venire facias de novo	NN1	RSSB	vɪnaɪəriː feɪʃɪas deɪnəʊvəʊ		𐑝𐑦𐑯𐑲𐑼𐑰 𐑓𐑱𐑖𐑦𐑨𐑕 𐑛𐑱𐑯𐑴𐑝𐑴		unknown
venire facias de novo	NN1	GenAm	vɪˈnaɪəriː ˈfeɪʃɪas deɪˈnoʊvoʊ		𐑝𐑦𐑯𐑲𐑼𐑰 𐑓𐑱𐑖𐑦𐑨𐑕 𐑛𐑱𐑯𐑴𐑝𐑴		unknown
milk toast	NN1	RSSB	ˈmɪlk təʊst	mɪlk təʊst	𐑥𐑦𐑤𐑒 𐑑𐑴𐑕𐑑	𐑥𐑦𐑤𐑒𐑑𐑴𐑕𐑑	matches
milk toast	NN1	GenAm	ˈmɪlk ˌtoʊst	mɪlk təʊst	𐑥𐑦𐑤𐑒 𐑑𐑴𐑕𐑑	𐑥𐑦𐑤𐑒𐑑𐑴𐑕𐑑	matches
bismuth subsalicylate	NN1	GenAm	ˌbɪzməθ ˌsʌbsəˈlɪsɪˌleɪt		𐑚𐑦𐑟𐑥𐑩𐑔 𐑕𐑳𐑚𐑕𐑩𐑤𐑦𐑕𐑦𐑤𐑱𐑑		unknown
cobra effect	NN1	RSSB	kəʊbrə ɪˈfekt	ˈkəʊbrə ɪˈfekt	𐑒𐑴𐑚𐑮𐑩 𐑦𐑓𐑧𐑒𐑑	𐑒𐑴𐑚𐑮𐑩𐑦𐑓𐑧𐑒𐑑	matches
cobra effect	NN1	GenAm	ˌkoʊbrə ɪˈfekt	ˈkəʊbrə ɪˈfekt	𐑒𐑴𐑚𐑮𐑩 𐑦𐑓𐑧𐑒𐑑	𐑒𐑴𐑚𐑮𐑩𐑦𐑓𐑧𐑒𐑑	matches
nomen sacrum	NN1	GenAm	ˌnoʊmən ˈsækrəm		𐑯𐑴𐑥𐑩𐑯 𐑕𐑨𐑒𐑮𐑩𐑥		unknown
nomen sacrum	NN1	GenAm	ˌnoʊmən ˈseɪkrəm		𐑯𐑴𐑥𐑩𐑯 𐑕𐑱𐑒𐑮𐑩𐑥		unknown
fat bike	NN1	RSSB	ˈfætbaɪk	fæt baɪk	𐑓𐑨𐑑𐑚𐑲𐑒	𐑓𐑨𐑑𐑚𐑲𐑒	matches
fat bike	NN1	GenAm	ˈfætˌbaɪk	fæt baɪk	𐑓𐑨𐑑𐑚𐑲𐑒	𐑓𐑨𐑑𐑚𐑲𐑒	matches
cathead biscuit	NN1	RSSB	ˌkæthed ˈbɪskɪt		𐑒𐑨𐑑𐑣𐑧𐑛 𐑚𐑦𐑕𐑒𐑦𐑑		unknown
cathead biscuit	NN1	GenAm	ˌkætˌhed ˈbɪskɪt	ˈkætˌhed ˈbɪskɪt	𐑒𐑨𐑑𐑣𐑧𐑛 𐑚𐑦𐑕𐑒𐑦𐑑	𐑒𐑨𐑑𐑣𐑧𐑛𐑚𐑦𐑕𐑒𐑦𐑑	matches
Doberge cake	NN1	GenAm	ˈdoʊbɒʃ		𐑛𐑴𐑚𐑪𐑖		unknown
Doberge cake	NN1	GenAm	ˈdoʊbæʃ		𐑛𐑴𐑚𐑨𐑖		unknown
Doberge cake	NN1	GenAm	ˈdoʊbæʒ		𐑛𐑴𐑚𐑨𐑠		unknown
Michaelmas term	NN1	RSSB	ˈmɪkəlməs tɜːRm	ˈmɪkəlməs tɜːRm	𐑥𐑦𐑒𐑩𐑤𐑥𐑩𐑕 𐑑𐑻𐑥	𐑥𐑦𐑒𐑩𐑤𐑥𐑩𐑕𐑑𐑻𐑥	matches
Michaelmas term	NN1	GenAm	ˈmɪkəlməs ˌtɜːRm	ˈmɪkəlməs tɜːRm	𐑥𐑦𐑒𐑩𐑤𐑥𐑩𐑕 𐑑𐑻𐑥	𐑥𐑦𐑒𐑩𐑤𐑥𐑩𐑕𐑑𐑻𐑥	matches
Easter term	NN1	RSSB	iːstəR tɜːRm	ˈiːstəR tɜːRm	𐑰𐑕𐑑𐑼 𐑑𐑻𐑥	𐑰𐑕𐑑𐑼𐑑𐑻𐑥	matches
Easter term	NN1	GenAm	ˈistər ˌtɜːRm	ˈiːstəR tɜːRm	𐑦𐑕𐑑𐑼 𐑑𐑻𐑥	𐑰𐑕𐑑𐑼𐑑𐑻𐑥	divergent
Trinity term	NN1	RSSB	ˈtrɪnɪti tɜːRm	ˈtrɪnɪti tɜːRm	𐑑𐑮𐑦𐑯𐑦𐑑𐑦 𐑑𐑻𐑥	𐑑𐑮𐑦𐑯𐑦𐑑𐑦𐑑𐑻𐑥	matches
Trinity term	NN1	GenAm	ˈtrɪnəti tɜːRm	ˈtrɪnɪti tɜːRm	𐑑𐑮𐑦𐑯𐑩𐑑𐑦 𐑑𐑻𐑥	𐑑𐑮𐑦𐑯𐑦𐑑𐑦𐑑𐑻𐑥	matches
porcelain goddess	NN1	RSSB	pɔːRsəlɪn ˈɡɒdes	ˈpɔːRsəlɪn ˈɡɒdes	𐑐𐑹𐑕𐑩𐑤𐑦𐑯 𐑜𐑪𐑛𐑧𐑕	𐑐𐑹𐑕𐑩𐑤𐑦𐑯𐑜𐑪𐑛𐑧𐑕	matches
porcelain goddess	NN1	GenAm	ˈpɔːRsəlɪn ˈɡɒdəs	ˈpɔːRsəlɪn ˈɡɒdes	𐑐𐑹𐑕𐑩𐑤𐑦𐑯 𐑜𐑪𐑛𐑩𐑕	𐑐𐑹𐑕𐑩𐑤𐑦𐑯𐑜𐑪𐑛𐑧𐑕	divergent
porcelain goddess	NN1	GenAm	ˈpɔːRslɪn ˈɡɒdəs	ˈpɔːRsəlɪn ˈɡɒdes	𐑐𐑹𐑕𐑤𐑦𐑯 𐑜𐑪𐑛𐑩𐑕	𐑐𐑹𐑕𐑩𐑤𐑦𐑯𐑜𐑪𐑛𐑧𐑕	divergent
worship the porcelain goddess	VVI	RSSB	wɜːRʃɪp ðə pɔːRsəlɪn ˈɡɒdes	ˈwɜːRʃɪp Ð ˈpɔːRsəlɪn ˈɡɒdes	𐑢𐑻𐑖𐑦𐑐 𐑞𐑩 𐑐𐑹𐑕𐑩𐑤𐑦𐑯 𐑜𐑪𐑛𐑧𐑕	𐑢𐑻𐑖𐑦𐑐𐑞𐑐𐑹𐑕𐑩𐑤𐑦𐑯𐑜𐑪𐑛𐑧𐑕	divergent
worship the porcelain goddess	VVI	GenAm	ˈwɜːRʃɪp ðə ˈpɔːRsəlɪn ˈɡɒdəs	ˈwɜːRʃɪp Ð ˈpɔːRsəlɪn ˈɡɒdes	𐑢𐑻𐑖𐑦𐑐 𐑞𐑩 𐑐𐑹𐑕𐑩𐑤𐑦𐑯 𐑜𐑪𐑛𐑩𐑕	𐑢𐑻𐑖𐑦𐑐𐑞𐑐𐑹𐑕𐑩𐑤𐑦𐑯𐑜𐑪𐑛𐑧𐑕	divergent
worship the porcelain goddess	VVI	GenAm	ˈwɜːRʃɪp ðə ˈpɔːRslɪn ˈɡɒdəs	ˈwɜːRʃɪp Ð ˈpɔːRsəlɪn ˈɡɒdes	𐑢𐑻𐑖𐑦𐑐 𐑞𐑩 𐑐𐑹𐑕𐑤𐑦𐑯 𐑜𐑪𐑛𐑩𐑕	𐑢𐑻𐑖𐑦𐑐𐑞𐑐𐑹𐑕𐑩𐑤𐑦𐑯𐑜𐑪𐑛𐑧𐑕	divergent
earth pig	NN1	RSSB	ɜːRθpɪɡ	ɜːRθ pɪɡ	𐑻𐑔𐑐𐑦𐑜	𐑻𐑔𐑐𐑦𐑜	matches
earth pig	NN1	GenAm	ˈɜːRθpɪɡ	ɜːRθ pɪɡ	𐑻𐑔𐑐𐑦𐑜	𐑻𐑔𐑐𐑦𐑜	matches
J/psi meson	NN1	RSSB	ˌdʒeɪ ˈsaɪ ˈmiːzɒn		𐑡𐑱 𐑕𐑲 𐑥𐑰𐑟𐑪𐑯		unknown
J/psi meson	NN1	GenAm	ˌdʒeɪ ˈsaɪ ˈmiːzɒn		𐑡𐑱 𐑕𐑲 𐑥𐑰𐑟𐑪𐑯		unknown
J/psi meson	NN1	RSSB	ˌdʒeɪ ˈsaɪ ˈmezɒn		𐑡𐑱 𐑕𐑲 𐑥𐑧𐑟𐑪𐑯		unknown
J/psi meson	NN1	GenAm	ˌdʒeɪ ˈpsaɪ ˈmeɪzɒn		𐑡𐑱 𐑐𐑕𐑲 𐑥𐑱𐑟𐑪𐑯		unknown
Lantern Festival	NN1	RSSB	læntəRn ˈfestɪvəl	ˈlæntəRn ˈfestɪvəl	𐑤𐑨𐑯𐑑𐑼𐑯 𐑓𐑧𐑕𐑑𐑦𐑝𐑩𐑤	𐑤𐑨𐑯𐑑𐑼𐑯𐑓𐑧𐑕𐑑𐑦𐑝𐑩𐑤	matches
Lantern Festival	NN1	GenAm	ˌlæntəRn ˈfestəvəl	ˈlæntəRn ˈfestɪvəl	𐑤𐑨𐑯𐑑𐑼𐑯 𐑓𐑧𐑕𐑑𐑩𐑝𐑩𐑤	𐑤𐑨𐑯𐑑𐑼𐑯𐑓𐑧𐑕𐑑𐑦𐑝𐑩𐑤	matches
ang pow	NN1	GenAm	ɒŋˈpaʊ		𐑪𐑙𐑐𐑬		unknown
Old Serbo-Croatian	NP0	GenAm	ˈoʊld ˌsɜːrbəʊkrəʊˈeɪʃən		𐑴𐑤𐑛 𐑕𐑻𐑚𐑴𐑒𐑮𐑴𐑱𐑖𐑩𐑯		unknown
Arte Povera	NP0	RSSB	ɑːRteɪ pɒvərə		𐑸𐑑𐑱 𐑐𐑪𐑝𐑼𐑩		unknown
Arte Povera	NP0	GenAm	ˌɑːRteɪ ˈpoʊvərə		𐑸𐑑𐑱 𐑐𐑴𐑝𐑼𐑩		unknown
booty shorts	NN1	GenAm	ˈbuti ʃorts	ˈbuːti ʃɔːRts	𐑚𐑫𐑑𐑦 𐑖𐑪𐑮𐑑𐑕	𐑚𐑵𐑑𐑦𐑖𐑹𐑑𐑕	divergent
rainbows and unicorns	NN1	RSSB	reɪnbəʊzənd juːnɪkɔːRnz	ˈreɪnbəʊz N ˈjuːnɪkɔːRnz	𐑮𐑱𐑯𐑚𐑴𐑟𐑩𐑯𐑛 𐑿𐑯𐑦𐑒𐑹𐑯𐑟	𐑮𐑱𐑯𐑚𐑴𐑟𐑯𐑿𐑯𐑦𐑒𐑹𐑯𐑟	divergent
rainbows and unicorns	NN1	GenAm	ˈreɪnboʊzənd ˈjunɪkɔːRnz	ˈreɪnbəʊz N ˈjuːnɪkɔːRnz	𐑮𐑱𐑯𐑚𐑴𐑟𐑩𐑯𐑛 𐑘𐑫𐑯𐑦𐑒𐑹𐑯𐑟	𐑮𐑱𐑯𐑚𐑴𐑟𐑯𐑿𐑯𐑦𐑒𐑹𐑯𐑟	divergent
rain fire and brimstone	VVI	RSSB	reɪn faɪərən brɪmstəʊn	reɪn ˈfaɪəR N ˈbrɪmstəʊn	𐑮𐑱𐑯 𐑓𐑲𐑼𐑩𐑯 𐑚𐑮𐑦𐑥𐑕𐑑𐑴𐑯	𐑮𐑱𐑯𐑓𐑲𐑼𐑯𐑚𐑮𐑦𐑥𐑕𐑑𐑴𐑯	divergent
rain fire and brimstone	VVI	GenAm	ˈreɪn ˈfaɪəRən ˈbrɪmˌstoʊn	reɪn ˈfaɪəR N ˈbrɪmstəʊn	𐑮𐑱𐑯 𐑓𐑲𐑼𐑩𐑯 𐑚𐑮𐑦𐑥𐑕𐑑𐑴𐑯	𐑮𐑱𐑯𐑓𐑲𐑼𐑯𐑚𐑮𐑦𐑥𐑕𐑑𐑴𐑯	divergent
rain fire and brimstone	VVI	RSSB	reɪn faɪrən brɪmstəʊn	reɪn ˈfaɪəR N ˈbrɪmstəʊn	𐑮𐑱𐑯 𐑓𐑲𐑮𐑩𐑯 𐑚𐑮𐑦𐑥𐑕𐑑𐑴𐑯	𐑮𐑱𐑯𐑓𐑲𐑼𐑯𐑚𐑮𐑦𐑥𐑕𐑑𐑴𐑯	divergent
Sutton Coldfield	NP0	RSSB	sʌtən kəʊldfiːld		𐑕𐑳𐑑𐑩𐑯 𐑒𐑴𐑤𐑛𐑓𐑰𐑤𐑛		unknown
Market Rasen	NP0	RSSB	mɑːRkɪtreɪzən		𐑥𐑸𐑒𐑦𐑑𐑮𐑱𐑟𐑩𐑯		unknown
arcuate fasciculus	NN1	RSSB	ɑːRkjuːət fəˈsɪkjələs		𐑸𐑒𐑿𐑩𐑑 𐑓𐑩𐑕𐑦𐑒𐑘𐑩𐑤𐑩𐑕		unknown
arcuate fasciculi	NN1	RSSB	ɑːRkjuːət fəˈsɪkjəlaɪ		𐑸𐑒𐑿𐑩𐑑 𐑓𐑩𐑕𐑦𐑒𐑘𐑩𐑤𐑲		unknown
cognate accusative	NN1	RSSB	ˈkɒɡneɪt əˈkjuːzətɪv	ˈkɒɡneɪt əˈkjuːzətɪv	𐑒𐑪𐑜𐑯𐑱𐑑 𐑩𐑒𐑿𐑟𐑩𐑑𐑦𐑝	𐑒𐑪𐑜𐑯𐑱𐑑𐑩𐑒𐑿𐑟𐑩𐑑𐑦𐑝	matches
cognate accusative	NN1	GenAm	ˈkɒɡˌneɪt əˈkjuzətɪv	ˈkɒɡneɪt əˈkjuːzətɪv	𐑒𐑪𐑜𐑯𐑱𐑑 𐑩𐑒𐑘𐑫𐑟𐑩𐑑𐑦𐑝	𐑒𐑪𐑜𐑯𐑱𐑑𐑩𐑒𐑿𐑟𐑩𐑑𐑦𐑝	divergent
accusative cognate	NN1	RSSB	əˈkjuːzətɪv ˈkɒɡneɪt	əˈkjuːzətɪv ˈkɒɡneɪt	𐑩𐑒𐑿𐑟𐑩𐑑𐑦𐑝 𐑒𐑪𐑜𐑯𐑱𐑑	𐑩𐑒𐑿𐑟𐑩𐑑𐑦𐑝𐑒𐑪𐑜𐑯𐑱𐑑	matches
cognate object	NN1	RSSB	ˈkɒɡneɪt ˈɒbdʒekt	ˈkɒɡneɪt ˈɒbdʒekt	𐑒𐑪𐑜𐑯𐑱𐑑 𐑪𐑚𐑡𐑧𐑒𐑑	𐑒𐑪𐑜𐑯𐑱𐑑𐑪𐑚𐑡𐑧𐑒𐑑	matches
Stoke Newington	NP0	RSSB	stəʊk njuːɪŋtən		𐑕𐑑𐑴𐑒 𐑯𐑿𐑦𐑙𐑑𐑩𐑯		unknown
Market Weighton	NP0	RSSB	mɑːRkɪt ˈwiːtən		𐑥𐑸𐑒𐑦𐑑 𐑢𐑰𐑑𐑩𐑯		unknown
elephant trap	NN1	RSSB	ˈelɪfənt ˌtræp	ˈelɪfənt træp	𐑧𐑤𐑦𐑓𐑩𐑯𐑑 𐑑𐑮𐑨𐑐	𐑧𐑤𐑦𐑓𐑩𐑯𐑑𐑑𐑮𐑨𐑐	matches
elephant trap	NN1	GenAm	ˈeləfənt ˌtræp	ˈelɪfənt træp	𐑧𐑤𐑩𐑓𐑩𐑯𐑑 𐑑𐑮𐑨𐑐	𐑧𐑤𐑦𐑓𐑩𐑯𐑑𐑑𐑮𐑨𐑐	matches
Fond du Lac	NP0	RSSB	ˈfɒndəlæk		𐑓𐑪𐑯𐑛𐑩𐑤𐑨𐑒		unknown
Fond du Lac	NP0	GenAm	ˈfɒndəlæk		𐑓𐑪𐑯𐑛𐑩𐑤𐑨𐑒		unknown
packed like sardines	AJ0	RSSB	pækt laɪk sɑːRdiːnz	pækt laɪk sɑːRˈdiːnz	𐑐𐑨𐑒𐑑 𐑤𐑲𐑒 𐑕𐑸𐑛𐑰𐑯𐑟	𐑐𐑨𐑒𐑑𐑤𐑲𐑒𐑕𐑸𐑛𐑰𐑯𐑟	matches
packed like sardines	AJ0	GenAm	pækt laɪk sɑːRˈdinz	pækt laɪk sɑːRˈdiːnz	𐑐𐑨𐑒𐑑 𐑤𐑲𐑒 𐑕𐑸𐑛𐑦𐑯𐑟	𐑐𐑨𐑒𐑑𐑤𐑲𐑒𐑕𐑸𐑛𐑰𐑯𐑟	divergent
altruistic filicide	NN1	RSSB	ˌæltruˈɪstɪk ˈfɪlɪsʌɪd		𐑨𐑤𐑑𐑮𐑫𐑦𐑕𐑑𐑦𐑒 𐑓𐑦𐑤𐑦𐑕𐑳𐑦𐑛		unknown
ship in a bottle	NN1	RSSB	ˌʃɪp ɪn ə ˈbɒtəl	ʃɪp ɪn ə ˈbɒtəl	𐑖𐑦𐑐 𐑦𐑯 𐑩 𐑚𐑪𐑑𐑩𐑤	𐑖𐑦𐑐𐑦𐑯𐑩𐑚𐑪𐑑𐑩𐑤	matches
ship in a bottle	NN1	GenAm	ˌʃɪp ɪn ə ˈbɒtəl	ʃɪp ɪn ə ˈbɒtəl	𐑖𐑦𐑐 𐑦𐑯 𐑩 𐑚𐑪𐑑𐑩𐑤	𐑖𐑦𐑐𐑦𐑯𐑩𐑚𐑪𐑑𐑩𐑤	matches
Waldeyer's ring	NN1	RSSB	valdʌɪəRz ˌrɪŋ		𐑝𐑨𐑤𐑛𐑳𐑽𐑟 𐑮𐑦𐑙		unknown
Waldeyer's ring	NN1	GenAm	ˈvældaɪerz ˌrɪŋ		𐑝𐑨𐑤𐑛𐑲𐑧𐑮𐑟 𐑮𐑦𐑙		unknown
lick into shape	VVI	RSSB	ˌlɪk ɪntuː ˈʃeɪp	lɪk ˈɪntuː ʃeɪp	𐑤𐑦𐑒 𐑦𐑯𐑑𐑵 𐑖𐑱𐑐	𐑤𐑦𐑒𐑦𐑯𐑑𐑵𐑖𐑱𐑐	matches
lick into shape	VVI	GenAm	ˌlɪk ɪntu ˈʃeɪp	lɪk ˈɪntuː ʃeɪp	𐑤𐑦𐑒 𐑦𐑯𐑑𐑫 𐑖𐑱𐑐	𐑤𐑦𐑒𐑦𐑯𐑑𐑵𐑖𐑱𐑐	divergent
author of life	NP0	RSSB	ɔːθərəvlaɪf	ˈɔːθəR V laɪf	𐑷𐑔𐑼𐑩𐑝𐑤𐑲𐑓	𐑷𐑔𐑼𐑝𐑤𐑲𐑓	divergent
at one blast	AV0	RSSB	ət wʌn ˈblɑːst	æt wʌn blⱭːst	𐑩𐑑 𐑢𐑳𐑯 𐑚𐑤𐑭𐑕𐑑	𐑨𐑑𐑢𐑳𐑯𐑚𐑤𐑭𐑕𐑑	matches
at one blast	AV0	RSSB	ət wɒn ˈblɑːst	æt wʌn blⱭːst	𐑩𐑑 𐑢𐑪𐑯 𐑚𐑤𐑭𐑕𐑑	𐑨𐑑𐑢𐑳𐑯𐑚𐑤𐑭𐑕𐑑	divergent
at one blast	AV0	GenAm	ət wʌn ˈblæst	æt wʌn blⱭːst	𐑩𐑑 𐑢𐑳𐑯 𐑚𐑤𐑨𐑕𐑑	𐑨𐑑𐑢𐑳𐑯𐑚𐑤𐑭𐑕𐑑	divergent
Traverse City	NP0	GenAm	ˈtrævəRs ˈsɪti	ˈtrəvɜːRs ˈsɪti	𐑑𐑮𐑨𐑝𐑼𐑕 𐑕𐑦𐑑𐑦	𐑑𐑮𐑩𐑝𐑻𐑕𐑕𐑦𐑑𐑦	divergent
Traverse City	NP0	RSSB	trævərs ˈsɪti	ˈtrəvɜːRs ˈsɪti	𐑑𐑮𐑨𐑝𐑼𐑕 𐑕𐑦𐑑𐑦	𐑑𐑮𐑩𐑝𐑻𐑕𐑕𐑦𐑑𐑦	divergent
New Bern	NP0	GenAm	ˈnuːbərn	nuː bɜːRn	𐑯𐑵𐑚𐑼𐑯	𐑯𐑵𐑚𐑻𐑯	divergent
chase pennies with dollars	VVI	GenAm	tʃeɪs ˈpeniz wɪð ˈdɒləRz	tʃeɪs ˈpeniz wɪθ ˈdɒləRz	𐑗𐑱𐑕 𐑐𐑧𐑯𐑦𐑟 𐑢𐑦𐑞 𐑛𐑪𐑤𐑼𐑟	𐑗𐑱𐑕𐑐𐑧𐑯𐑦𐑟𐑢𐑦𐑔𐑛𐑪𐑤𐑼𐑟	divergent
Nassau County	NP0	GenAm	ˈnæsɒ ˈkaʊnti		𐑯𐑨𐑕𐑪 𐑒𐑬𐑯𐑑𐑦		unknown
Nassau County	NP0	GenAm	ˈnæsɒ ˈkaʊti		𐑯𐑨𐑕𐑪 𐑒𐑬𐑑𐑦		unknown
Nassau County	NP0	RSSB	ˈnæsɔː ˈkaʊnti		𐑯𐑨𐑕𐑷 𐑒𐑬𐑯𐑑𐑦		unknown
Lake Charles	NP0	GenAm	leɪk tʃɑːRlz	leɪk tʃɑːRlz	𐑤𐑱𐑒 𐑗𐑸𐑤𐑟	𐑤𐑱𐑒𐑗𐑸𐑤𐑟	matches
leaf tier	NN1	RSSB	liːftaɪəR	liːf tɪəR	𐑤𐑰𐑓𐑑𐑲𐑼	𐑤𐑰𐑓𐑑𐑽	divergent
leaf tier	NN1	GenAm	ˈliːfˌtaɪəR	liːf tɪəR	𐑤𐑰𐑓𐑑𐑲𐑼	𐑤𐑰𐑓𐑑𐑽	divergent
hold my beer	UNC	RSSB	həʊld maɪ bɪəR	həʊld maɪ bɪəR	𐑣𐑴𐑤𐑛 𐑥𐑲 𐑚𐑽	𐑣𐑴𐑤𐑛𐑥𐑲𐑚𐑽	matches
hold my beer	UNC	GenAm	hoʊld maɪ bɪr	həʊld maɪ bɪəR	𐑣𐑴𐑤𐑛 𐑥𐑲 𐑚𐑦𐑮	𐑣𐑴𐑤𐑛𐑥𐑲𐑚𐑽	divergent
adult baby	NN1	RSSB	ˌædʌltˈbeɪbi	ˈædʌlt ˈbeɪbi	𐑨𐑛𐑳𐑤𐑑𐑚𐑱𐑚𐑦	𐑨𐑛𐑳𐑤𐑑𐑚𐑱𐑚𐑦	matches
adult baby	NN1	RSSB	ˌædəltˈbeɪbi	ˈædʌlt ˈbeɪbi	𐑨𐑛𐑩𐑤𐑑𐑚𐑱𐑚𐑦	𐑨𐑛𐑳𐑤𐑑𐑚𐑱𐑚𐑦	divergent
adult baby	NN1	GenAm	ˌædəltˈbeɪbi	ˈædʌlt ˈbeɪbi	𐑨𐑛𐑩𐑤𐑑𐑚𐑱𐑚𐑦	𐑨𐑛𐑳𐑤𐑑𐑚𐑱𐑚𐑦	divergent
adult baby	NN1	GenAm	əˌdʌltˈbeɪbi	ˈædʌlt ˈbeɪbi	𐑩𐑛𐑳𐑤𐑑𐑚𐑱𐑚𐑦	𐑨𐑛𐑳𐑤𐑑𐑚𐑱𐑚𐑦	matches
via ferrata	NN1	RSSB	ˌviːə fərɑːtə		𐑝𐑰𐑩 𐑓𐑼𐑭𐑑𐑩		unknown
dolce vita	NN1	RSSB	ˌdɒltʃeɪ ˈviːtə		𐑛𐑪𐑤𐑗𐑱 𐑝𐑰𐑑𐑩		unknown
dolce vita	NN1	GenAm	ˌdoʊltʃeɪ ˈvitə		𐑛𐑴𐑤𐑗𐑱 𐑝𐑦𐑑𐑩		unknown
East Kilbride	NP0	RSSB	ˌiːst kɪlˈbraɪd		𐑰𐑕𐑑 𐑒𐑦𐑤𐑚𐑮𐑲𐑛		unknown
West Kilbride	NP0	RSSB	ˌwest kɪlˈbraɪd		𐑢𐑧𐑕𐑑 𐑒𐑦𐑤𐑚𐑮𐑲𐑛		unknown
North Berwick	NP0	RSSB	nɔːRθ ˈberɪk	nɔːRθ ˈberɪk	𐑯𐑹𐑔 𐑚𐑧𐑮𐑦𐑒	𐑯𐑹𐑔𐑚𐑧𐑮𐑦𐑒	matches
pleasing fungus beetle	NN1	RSSB	ˈpliːzɪŋ ˈfʌŋɡəs ˈbiːtəl	ˈpliːzɪŋ ˈfʌŋɡəs ˈbiːtəl	𐑐𐑤𐑰𐑟𐑦𐑙 𐑓𐑳𐑙𐑜𐑩𐑕 𐑚𐑰𐑑𐑩𐑤	𐑐𐑤𐑰𐑟𐑦𐑙𐑓𐑳𐑙𐑜𐑩𐑕𐑚𐑰𐑑𐑩𐑤	matches
pleasing fungus beetle	NN1	GenAm	ˈplizɪŋ ˈfʌŋɡəs ˈbitəl	ˈpliːzɪŋ ˈfʌŋɡəs ˈbiːtəl	𐑐𐑤𐑦𐑟𐑦𐑙 𐑓𐑳𐑙𐑜𐑩𐑕 𐑚𐑦𐑑𐑩𐑤	𐑐𐑤𐑰𐑟𐑦𐑙𐑓𐑳𐑙𐑜𐑩𐑕𐑚𐑰𐑑𐑩𐑤	divergent
Orleans Parish	NP0	GenAm	ɔːRˌliːnz ˈpærɪʃ	ɔːRˈlɪənz ˈpærɪʃ	𐑹𐑤𐑰𐑯𐑟 𐑐𐑨𐑮𐑦𐑖	𐑹𐑤𐑾𐑯𐑟𐑐𐑨𐑮𐑦𐑖	divergent
nearest and dearest	AJ0	RSSB	nɪərɪstən dɪərɪst	ˈnɪərəst N ˈdɪərəst	𐑯𐑽𐑦𐑕𐑑𐑩𐑯 𐑛𐑽𐑦𐑕𐑑	𐑯𐑽𐑩𐑕𐑑𐑯𐑛𐑽𐑩𐑕𐑑	divergent
nearest and dearest	AJ0	GenAm	ˈnɪrɪstən ˈdɪrɪst	ˈnɪərəst N ˈdɪərəst	𐑯𐑦𐑮𐑦𐑕𐑑𐑩𐑯 𐑛𐑦𐑮𐑦𐑕𐑑	𐑯𐑽𐑩𐑕𐑑𐑯𐑛𐑽𐑩𐑕𐑑	divergent
nearest and dearest	NN1	RSSB	nɪərɪstən dɪərɪst	ˈnɪərəst N ˈdɪərəst	𐑯𐑽𐑦𐑕𐑑𐑩𐑯 𐑛𐑽𐑦𐑕𐑑	𐑯𐑽𐑩𐑕𐑑𐑯𐑛𐑽𐑩𐑕𐑑	divergent
nearest and dearest	NN1	GenAm	ˈnɪrɪstən ˈdɪrɪst	ˈnɪərəst N ˈdɪərəst	𐑯𐑦𐑮𐑦𐑕𐑑𐑩𐑯 𐑛𐑦𐑮𐑦𐑕𐑑	𐑯𐑽𐑩𐑕𐑑𐑯𐑛𐑽𐑩𐑕𐑑	divergent
Suffolk County	NP0	GenAm	ˈsʌfək ˈkaʊnti	ˈsʌfək ˈkaʊnti	𐑕𐑳𐑓𐑩𐑒 𐑒𐑬𐑯𐑑𐑦	𐑕𐑳𐑓𐑩𐑒𐑒𐑬𐑯𐑑𐑦	matches
Suffolk County	NP0	RSSB	ˈsʌfək ˈkaʊnti	ˈsʌfək ˈkaʊnti	𐑕𐑳𐑓𐑩𐑒 𐑒𐑬𐑯𐑑𐑦	𐑕𐑳𐑓𐑩𐑒𐑒𐑬𐑯𐑑𐑦	matches
Suffolk County	NP0	GenAm	ˈsʌfək ˈkaʊti	ˈsʌfək ˈkaʊnti	𐑕𐑳𐑓𐑩𐑒 𐑒𐑬𐑑𐑦	𐑕𐑳𐑓𐑩𐑒𐑒𐑬𐑯𐑑𐑦	divergent
help vampire	NN1	RSSB	ˌhelp væmpaɪəR	help ˈvæmpaɪəR	𐑣𐑧𐑤𐑐 𐑝𐑨𐑥𐑐𐑲𐑼	𐑣𐑧𐑤𐑐𐑝𐑨𐑥𐑐𐑲𐑼	matches
help vampire	NN1	GenAm	ˌhelp ˈvæmpaɪəR	help ˈvæmpaɪəR	𐑣𐑧𐑤𐑐 𐑝𐑨𐑥𐑐𐑲𐑼	𐑣𐑧𐑤𐑐𐑝𐑨𐑥𐑐𐑲𐑼	matches
damnatio memoriae	NN1	RSSB	damˌnɑːtɪəʊ mɪmɔːrɪaɪ		𐑛𐑨𐑥𐑯𐑭𐑑𐑾𐑫 𐑥𐑦𐑥𐑹𐑦𐑲		unknown
damnatio memoriae	NN1	RSSB	damˌneɪʃɪəʊ mɪmɔːriːː		𐑛𐑨𐑥𐑯𐑱𐑖𐑾𐑫 𐑥𐑦𐑥𐑹𐑰		unknown
damnatio memoriae	NN1	GenAm	dæmˌnɒtioʊ məˈmɔːRiaɪ		𐑛𐑨𐑥𐑯𐑪𐑑𐑦𐑴 𐑥𐑩𐑥𐑹𐑦𐑲		unknown
damnatio memoriae	NN1	GenAm	dæmˌneɪʃioʊ məˈmɔːRii		𐑛𐑨𐑥𐑯𐑱𐑖𐑦𐑴 𐑥𐑩𐑥𐑹𐑦𐑦		unknown
old timer's disease	NN1	RSSB	əʊldtaɪməz dɪziːz		𐑴𐑤𐑛𐑑𐑲𐑥𐑩𐑟 𐑛𐑦𐑟𐑰𐑟		unknown
old timer's disease	NN1	GenAm	ˌoʊldˌtaɪmərz dəˈziz		𐑴𐑤𐑛𐑑𐑲𐑥𐑼𐑟 𐑛𐑩𐑟𐑦𐑟		unknown
El Clásico	NN1	RSSB	ˌel ˈklasɪkəʊ		𐑧𐑤 𐑒𐑤𐑨𐑕𐑦𐑒𐑴		unknown
El Clásico	NN1	GenAm	ˌel ˈklæsɪkoʊ		𐑧𐑤 𐑒𐑤𐑨𐑕𐑦𐑒𐑴		unknown
taxi distance	NN1	RSSB	ˌtæksi ˈdɪstənts	ˈtæksi ˈdɪstəns	𐑑𐑨𐑒𐑕𐑦 𐑛𐑦𐑕𐑑𐑩𐑯𐑑𐑕	𐑑𐑨𐑒𐑕𐑦𐑛𐑦𐑕𐑑𐑩𐑯𐑕	divergent
taxi distance	NN1	GenAm	ˌtæksi ˈdɪstənts	ˈtæksi ˈdɪstəns	𐑑𐑨𐑒𐑕𐑦 𐑛𐑦𐑕𐑑𐑩𐑯𐑑𐑕	𐑑𐑨𐑒𐑕𐑦𐑛𐑦𐑕𐑑𐑩𐑯𐑕	divergent
zeal without knowledge is a runaway horse	UNC	RSSB	ziːl wɪˈθaʊt ˈnɒlɪdʒ ɪz eɪ rʌnəweɪ hɔːRs	ziːl wɪðˈaʊt ˈnɒlɪdʒ ɪz ə ˈrʌnəweɪ hɔːRs	𐑟𐑰𐑤 𐑢𐑦𐑔𐑬𐑑 𐑯𐑪𐑤𐑦𐑡 𐑦𐑟 𐑱 𐑮𐑳𐑯𐑩𐑢𐑱 𐑣𐑹𐑕	𐑟𐑰𐑤𐑢𐑦𐑞𐑬𐑑𐑯𐑪𐑤𐑦𐑡𐑦𐑟𐑩𐑮𐑳𐑯𐑩𐑢𐑱𐑣𐑹𐑕	divergent
zeal without knowledge is a runaway horse	UNC	GenAm	zil wɪˈθaʊt ˈnɒlɪdʒ ɪz eɪ ˈrʌnəweɪ hɔːRs	ziːl wɪðˈaʊt ˈnɒlɪdʒ ɪz ə ˈrʌnəweɪ hɔːRs	𐑟𐑦𐑤 𐑢𐑦𐑔𐑬𐑑 𐑯𐑪𐑤𐑦𐑡 𐑦𐑟 𐑱 𐑮𐑳𐑯𐑩𐑢𐑱 𐑣𐑹𐑕	𐑟𐑰𐑤𐑢𐑦𐑞𐑬𐑑𐑯𐑪𐑤𐑦𐑡𐑦𐑟𐑩𐑮𐑳𐑯𐑩𐑢𐑱𐑣𐑹𐑕	divergent
Nueva Ecija	NP0	GenAm	ˌnweɪvɒ ˈeɪsihɒ		𐑯𐑢𐑱𐑝𐑪 𐑱𐑕𐑦𐑣𐑪		unknown
Nueva Ecija	NP0	GenAm	ˌnweɪvɒ ˈesihɒ		𐑯𐑢𐑱𐑝𐑪 𐑧𐑕𐑦𐑣𐑪		unknown
on a mission	UNC	RSSB	ɒnə ˈmɪʃən	ɒn ə ˈmɪʃən	𐑪𐑯𐑩 𐑥𐑦𐑖𐑩𐑯	𐑪𐑯𐑩𐑥𐑦𐑖𐑩𐑯	matches
on a mission	UNC	GenAm	ɒnə ˈmɪʃən	ɒn ə ˈmɪʃən	𐑪𐑯𐑩 𐑥𐑦𐑖𐑩𐑯	𐑪𐑯𐑩𐑥𐑦𐑖𐑩𐑯	matches
words fail someone	UNC	RSSB	wɜːRdz feɪl ˈsʌmwʌn	wɜːRdz feɪl ˈsʌmwʌn	𐑢𐑻𐑛𐑟 𐑓𐑱𐑤 𐑕𐑳𐑥𐑢𐑳𐑯	𐑢𐑻𐑛𐑟𐑓𐑱𐑤𐑕𐑳𐑥𐑢𐑳𐑯	matches
words fail someone	UNC	GenAm	ˈwɜːRdz feɪl ˈsʌmˌwʌn	wɜːRdz feɪl ˈsʌmwʌn	𐑢𐑻𐑛𐑟 𐑓𐑱𐑤 𐑕𐑳𐑥𐑢𐑳𐑯	𐑢𐑻𐑛𐑟𐑓𐑱𐑤𐑕𐑳𐑥𐑢𐑳𐑯	matches
do ill	VVI	RSSB	ˈduː ˌɪl	duː ɪl	𐑛𐑵 𐑦𐑤	𐑛𐑵𐑦𐑤	matches
do ill	VVI	GenAm	ˈdu ˌɪl	duː ɪl	𐑛𐑫 𐑦𐑤	𐑛𐑵𐑦𐑤	divergent
cooling glasses	NN1	RSSB	ˈkuːlɪŋ ˈɡlɑːsƏz	ˈkuːlɪŋ ˈɡlⱭːsƏz	𐑒𐑵𐑤𐑦𐑙 𐑜𐑤𐑭𐑕𐑩𐑟	𐑒𐑵𐑤𐑦𐑙𐑜𐑤𐑭𐑕𐑩𐑟	matches
cooling glasses	NN1	GenAm	ˈkuːlɪŋ ˈɡlæsƏz	ˈkuːlɪŋ ˈɡlⱭːsƏz	𐑒𐑵𐑤𐑦𐑙 𐑜𐑤𐑨𐑕𐑩𐑟	𐑒𐑵𐑤𐑦𐑙𐑜𐑤𐑭𐑕𐑩𐑟	matches
ice bear	NN1	GenAm	aɪsˌbeər	aɪs beəR	𐑲𐑕𐑚𐑺	𐑲𐑕𐑚𐑺	matches
rootin' tootin'	AJ0	RSSB	ruːən ˈtuːən		𐑮𐑵𐑩𐑯 𐑑𐑵𐑩𐑯		unknown
rootin' tootin'	AJ0	GenAm	ˈrutən ˈtutən		𐑮𐑫𐑑𐑩𐑯 𐑑𐑫𐑑𐑩𐑯		unknown
San Pedro	NP0	GenAm	ˌsæn ˈpeɪdroʊ		𐑕𐑨𐑯 𐑐𐑱𐑛𐑮𐑴		unknown
San Pedro	NN1	GenAm	ˌsæn ˈpeɪdroʊ		𐑕𐑨𐑯 𐑐𐑱𐑛𐑮𐑴		unknown
birch tree	NN1	RSSB	bɜːRtʃ ˌtriː	bɜːRtʃ triː	𐑚𐑻𐑗 𐑑𐑮𐑰	𐑚𐑻𐑗𐑑𐑮𐑰	matches
birch tree	NN1	GenAm	ˈbɜːRtʃ ˌtri	bɜːRtʃ triː	𐑚𐑻𐑗 𐑑𐑮𐑦	𐑚𐑻𐑗𐑑𐑮𐑰	divergent
Jalur Gemilang	NP0	RSSB	dʒɑːlʊər ɡəˈmiːlʌŋ		𐑡𐑭𐑤𐑫𐑼 𐑜𐑩𐑥𐑰𐑤𐑳𐑙		unknown
mass shooting	NN1	GenAm	mæsˈʃutɪŋ	mæs ˈʃuːtɪŋ	𐑥𐑨𐑕𐑖𐑫𐑑𐑦𐑙	𐑥𐑨𐑕𐑖𐑵𐑑𐑦𐑙	divergent
grassroots leader	NN1	RSSB	ɡrɑːsruːts liːdəR	ˈɡrⱭːsruːts ˈliːdəR	𐑜𐑮𐑭𐑕𐑮𐑵𐑑𐑕 𐑤𐑰𐑛𐑼	𐑜𐑮𐑭𐑕𐑮𐑵𐑑𐑕𐑤𐑰𐑛𐑼	matches
narrow escape	NN1	RSSB	ˌnærəʊ ɪˈskeɪp	ˈnærəʊ ɪˈskeɪp	𐑯𐑨𐑮𐑴 𐑦𐑕𐑒𐑱𐑐	𐑯𐑨𐑮𐑴𐑦𐑕𐑒𐑱𐑐	matches
narrow escape	NN1	GenAm	ˌnæroʊ əˈskeɪp	ˈnærəʊ ɪˈskeɪp	𐑯𐑨𐑮𐑴 𐑩𐑕𐑒𐑱𐑐	𐑯𐑨𐑮𐑴𐑦𐑕𐑒𐑱𐑐	matches
casting vote	NN1	GenAm	ˌkæstɪŋ ˈvoʊt	ˈkⱭːstɪŋ vəʊt	𐑒𐑨𐑕𐑑𐑦𐑙 𐑝𐑴𐑑	𐑒𐑭𐑕𐑑𐑦𐑙𐑝𐑴𐑑	matches
pen picture	NN1	RSSB	ˈpen pɪktʃəR	pen ˈpɪktʃəR	𐑐𐑧𐑯 𐑐𐑦𐑒𐑗𐑼	𐑐𐑧𐑯𐑐𐑦𐑒𐑗𐑼	matches
pen picture	NN1	RSSB	ˈpen pɪktʃər	pen ˈpɪktʃəR	𐑐𐑧𐑯 𐑐𐑦𐑒𐑗𐑼	𐑐𐑧𐑯𐑐𐑦𐑒𐑗𐑼	matches
zero fighter	NN1	RSSB	zɪərəʊ faɪtər	ˈzɪərəʊ ˈfaɪtəR	𐑟𐑽𐑴 𐑓𐑲𐑑𐑼	𐑟𐑽𐑴𐑓𐑲𐑑𐑼	matches
ninja van	NN1	RSSB	ˈnɪndʒə væn		𐑯𐑦𐑯𐑡𐑩 𐑝𐑨𐑯		unknown
pineapple tart	NN1	RSSB	ˈpaɪnˌæpəl tɑːRt	ˈpaɪnæpəl tɑːRt	𐑐𐑲𐑯𐑨𐑐𐑩𐑤 𐑑𐑸𐑑	𐑐𐑲𐑯𐑨𐑐𐑩𐑤𐑑𐑸𐑑	matches
pineapple tart	NN1	GenAm	ˈpaɪnˌæpəl tɑːrt	ˈpaɪnæpəl tɑːRt	𐑐𐑲𐑯𐑨𐑐𐑩𐑤 𐑑𐑸𐑑	𐑐𐑲𐑯𐑨𐑐𐑩𐑤𐑑𐑸𐑑	matches
kuih tart	NN1	RSSB	ˈkweɪ tɑːRt		𐑒𐑢𐑱 𐑑𐑸𐑑		unknown
kuih tart	NN1	GenAm	ˈkweɪ tɑːrt		𐑒𐑢𐑱 𐑑𐑸𐑑		unknown
bell curve god	NN1	RSSB	ˈbel kɜːRv ˌɡɒd	bel kɜːRv ɡɒd	𐑚𐑧𐑤 𐑒𐑻𐑝 𐑜𐑪𐑛	𐑚𐑧𐑤𐑒𐑻𐑝𐑜𐑪𐑛	matches
bell curve god	NN1	GenAm	ˈbel kəRv ˌɡɒd	bel kɜːRv ɡɒd	𐑚𐑧𐑤 𐑒𐑼𐑝 𐑜𐑪𐑛	𐑚𐑧𐑤𐑒𐑻𐑝𐑜𐑪𐑛	divergent
paper general	NN1	RSSB	peɪpəR dʒenərəl	ˈpeɪpəR ˈdʒenərəl	𐑐𐑱𐑐𐑼 𐑡𐑧𐑯𐑼𐑩𐑤	𐑐𐑱𐑐𐑼𐑡𐑧𐑯𐑼𐑩𐑤	matches
paper general	NN1	GenAm	ˈpeɪpəR ˈdʒenərəl	ˈpeɪpəR ˈdʒenərəl	𐑐𐑱𐑐𐑼 𐑡𐑧𐑯𐑼𐑩𐑤	𐑐𐑱𐑐𐑼𐑡𐑧𐑯𐑼𐑩𐑤	matches
internet brigade	NP0	RSSB	ɪntəRnet brɪˈɡeɪd	ˈɪntəRnet brɪˈɡeɪd	𐑦𐑯𐑑𐑼𐑯𐑧𐑑 𐑚𐑮𐑦𐑜𐑱𐑛	𐑦𐑯𐑑𐑼𐑯𐑧𐑑𐑚𐑮𐑦𐑜𐑱𐑛	matches
internet brigade	NP0	GenAm	ˈɪntərˌnet brɪˈɡeɪd	ˈɪntəRnet brɪˈɡeɪd	𐑦𐑯𐑑𐑼𐑯𐑧𐑑 𐑚𐑮𐑦𐑜𐑱𐑛	𐑦𐑯𐑑𐑼𐑯𐑧𐑑𐑚𐑮𐑦𐑜𐑱𐑛	matches
park connector	NN1	GenAm	ˈpɑːRk kəˌnektəR	pɑːRk kəˈnektəR	𐑐𐑸𐑒 𐑒𐑩𐑯𐑧𐑒𐑑𐑼	𐑐𐑸𐑒𐑒𐑩𐑯𐑧𐑒𐑑𐑼	matches
I need to vomit	UNC	GenAm	aɪ nid tu ˈvɒmit	aɪ niːd T ˈvɒmɪt	𐑲 𐑯𐑦𐑛 𐑑𐑫 𐑝𐑪𐑥𐑦𐑑	𐑲𐑯𐑰𐑛𐑑𐑝𐑪𐑥𐑦𐑑	divergent
crowd in on	VVI	RSSB	kraʊd ˈɪn ɒn	kraʊd ɪn ɒn	𐑒𐑮𐑬𐑛 𐑦𐑯 𐑪𐑯	𐑒𐑮𐑬𐑛𐑦𐑯𐑪𐑯	matches
Playboy Bunny	NN1	RSSB	ˈpleɪbɔɪ ˈbʌni	ˈpleɪbɔɪ ˈbʌni	𐑐𐑤𐑱𐑚𐑶 𐑚𐑳𐑯𐑦	𐑐𐑤𐑱𐑚𐑶𐑚𐑳𐑯𐑦	matches
Playboy Bunny	NN1	GenAm	ˈpleɪˌbɔɪ ˈbʌni	ˈpleɪbɔɪ ˈbʌni	𐑐𐑤𐑱𐑚𐑶 𐑚𐑳𐑯𐑦	𐑐𐑤𐑱𐑚𐑶𐑚𐑳𐑯𐑦	matches
Playboy Bunny	NN1	GenAm	ˈpleɪˌbɔɪ ˈbəni	ˈpleɪbɔɪ ˈbʌni	𐑐𐑤𐑱𐑚𐑶 𐑚𐑩𐑯𐑦	𐑐𐑤𐑱𐑚𐑶𐑚𐑳𐑯𐑦	divergent
change the game	VVI	RSSB	ˈtʃeɪndʒ ðə ˈɡeɪm	tʃeɪndʒ Ð ɡeɪm	𐑗𐑱𐑯𐑡 𐑞𐑩 𐑜𐑱𐑥	𐑗𐑱𐑯𐑡𐑞𐑜𐑱𐑥	divergent
change the game	VVI	GenAm	ˈtʃeɪndʒ ðə ˈɡeɪm	tʃeɪndʒ Ð ɡeɪm	𐑗𐑱𐑯𐑡 𐑞𐑩 𐑜𐑱𐑥	𐑗𐑱𐑯𐑡𐑞𐑜𐑱𐑥	divergent
see you in the funny papers	ITJ	RSSB	siːju ɪnðəR fʌni peɪpəRz	siː juː ɪn Ð ˈfʌni ˈpeɪpəRz	𐑕𐑰𐑘𐑫 𐑦𐑯𐑞𐑼 𐑓𐑳𐑯𐑦 𐑐𐑱𐑐𐑼𐑟	𐑕𐑰𐑿𐑦𐑯𐑞𐑓𐑳𐑯𐑦𐑐𐑱𐑐𐑼𐑟	divergent
see you in the funny papers	ITJ	GenAm	ˈsijə ɪnðə ˌfʌni ˈpeɪpəRz	siː juː ɪn Ð ˈfʌni ˈpeɪpəRz	𐑕𐑦𐑘𐑩 𐑦𐑯𐑞𐑩 𐑓𐑳𐑯𐑦 𐑐𐑱𐑐𐑼𐑟	𐑕𐑰𐑿𐑦𐑯𐑞𐑓𐑳𐑯𐑦𐑐𐑱𐑐𐑼𐑟	divergent
sign manual	NN1	RSSB	ˌsʌɪn ˈmanjəəl	saɪn ˈmænjuəl	𐑕𐑳𐑦𐑯 𐑥𐑨𐑯𐑘𐑩𐑩𐑤	𐑕𐑲𐑯𐑥𐑨𐑯𐑘𐑫𐑩𐑤	divergent
a day after the fair	AV0	RSSB	ə ˈdeɪ ɑːftəR ðə feəR	ə deɪ ˈⱭːftəR Ð feəR	𐑩 𐑛𐑱 𐑭𐑓𐑑𐑼 𐑞𐑩 𐑓𐑺	𐑩𐑛𐑱𐑭𐑓𐑑𐑼𐑞𐑓𐑺	divergent
a day after the fair	AV0	GenAm	ə ˈdeɪ ˌæftəR ðə ˈfeəR	ə deɪ ˈⱭːftəR Ð feəR	𐑩 𐑛𐑱 𐑨𐑓𐑑𐑼 𐑞𐑩 𐑓𐑺	𐑩𐑛𐑱𐑭𐑓𐑑𐑼𐑞𐑓𐑺	divergent
father tongue	NN1	RSSB	fɑːðəR ˌtʌŋ	ˈfɑːðəR tʌŋ	𐑓𐑭𐑞𐑼 𐑑𐑳𐑙	𐑓𐑭𐑞𐑼𐑑𐑳𐑙	matches
father tongue	NN1	GenAm	ˈfɒðəR ˌtʌŋ	ˈfɑːðəR tʌŋ	𐑓𐑪𐑞𐑼 𐑑𐑳𐑙	𐑓𐑭𐑞𐑼𐑑𐑳𐑙	divergent
in weal and woe	UNC	RSSB	ɪn ˌwiːlən ˈwəʊ	ɪn wiːl N wəʊ	𐑦𐑯 𐑢𐑰𐑤𐑩𐑯 𐑢𐑴	𐑦𐑯𐑢𐑰𐑤𐑯𐑢𐑴	divergent
in weal and woe	UNC	GenAm	ɪn ˌwilən ˈwoʊ	ɪn wiːl N wəʊ	𐑦𐑯 𐑢𐑦𐑤𐑩𐑯 𐑢𐑴	𐑦𐑯𐑢𐑰𐑤𐑯𐑢𐑴	divergent
be gathered to one's fathers	VVI	RSSB	biː ɡæðəRd tuː wʌnz fɑːðəRz	biː ˈɡæðəRd T wʌnz ˈfɑːðəRz	𐑚𐑰 𐑜𐑨𐑞𐑼𐑛 𐑑𐑵 𐑢𐑳𐑯𐑟 𐑓𐑭𐑞𐑼𐑟	𐑚𐑰𐑜𐑨𐑞𐑼𐑛𐑑𐑢𐑳𐑯𐑟𐑓𐑭𐑞𐑼𐑟	divergent
be gathered to one's fathers	VVI	GenAm	bi ˈɡæðəRd tə wʌnz ˈfɒðəRz	biː ˈɡæðəRd T wʌnz ˈfɑːðəRz	𐑚𐑦 𐑜𐑨𐑞𐑼𐑛 𐑑𐑩 𐑢𐑳𐑯𐑟 𐑓𐑪𐑞𐑼𐑟	𐑚𐑰𐑜𐑨𐑞𐑼𐑛𐑑𐑢𐑳𐑯𐑟𐑓𐑭𐑞𐑼𐑟	divergent
pirate shirt	NN1	RSSB	paɪrət ʃɜːRt	ˈpaɪrət ʃɜːRt	𐑐𐑲𐑮𐑩𐑑 𐑖𐑻𐑑	𐑐𐑲𐑮𐑩𐑑𐑖𐑻𐑑	matches
pirate shirt	NN1	GenAm	ˌpaɪrət ˈʃɜːRt	ˈpaɪrət ʃɜːRt	𐑐𐑲𐑮𐑩𐑑 𐑖𐑻𐑑	𐑐𐑲𐑮𐑩𐑑𐑖𐑻𐑑	matches
loot box	NN1	RSSB	ˈluːtbɒks	luːt bɒks	𐑤𐑵𐑑𐑚𐑪𐑒𐑕	𐑤𐑵𐑑𐑚𐑪𐑒𐑕	matches
loot box	NN1	GenAm	ˈlutbɒks	luːt bɒks	𐑤𐑫𐑑𐑚𐑪𐑒𐑕	𐑤𐑵𐑑𐑚𐑪𐑒𐑕	divergent
Bde Maka Ska	NP0	GenAm	bəˈdeɪ məˈkɒ skɒ		𐑚𐑩𐑛𐑱 𐑥𐑩𐑒𐑪 𐑕𐑒𐑪		unknown
salami slicing	NN1	RSSB	səˈlɑːmi ˈslaɪsɪŋ	səˈlɑːmi ˈslaɪsɪŋ	𐑕𐑩𐑤𐑭𐑥𐑦 𐑕𐑤𐑲𐑕𐑦𐑙	𐑕𐑩𐑤𐑭𐑥𐑦𐑕𐑤𐑲𐑕𐑦𐑙	matches
salami slicing	NN1	GenAm	səˈlɒmi ˈslaɪsɪŋ	səˈlɑːmi ˈslaɪsɪŋ	𐑕𐑩𐑤𐑪𐑥𐑦 𐑕𐑤𐑲𐑕𐑦𐑙	𐑕𐑩𐑤𐑭𐑥𐑦𐑕𐑤𐑲𐑕𐑦𐑙	divergent
salami slicing	VVI	RSSB	səˈlɑːmi ˈslaɪsɪŋ	səˈlɑːmi ˈslaɪsɪŋ	𐑕𐑩𐑤𐑭𐑥𐑦 𐑕𐑤𐑲𐑕𐑦𐑙	𐑕𐑩𐑤𐑭𐑥𐑦𐑕𐑤𐑲𐑕𐑦𐑙	matches
salami slicing	VVI	GenAm	səˈlɒmi ˈslaɪsɪŋ	səˈlɑːmi ˈslaɪsɪŋ	𐑕𐑩𐑤𐑪𐑥𐑦 𐑕𐑤𐑲𐑕𐑦𐑙	𐑕𐑩𐑤𐑭𐑥𐑦𐑕𐑤𐑲𐑕𐑦𐑙	divergent
Department of Redundancy Department	NP0	RSSB	dɪpɑːRtmənt əv rɪdʌndənsi dɪpɑːRtmənt	dɪˈpɑːRtmənt V rɪˈdʌndənsi dɪˈpɑːRtmənt	𐑛𐑦𐑐𐑸𐑑𐑥𐑩𐑯𐑑 𐑩𐑝 𐑮𐑦𐑛𐑳𐑯𐑛𐑩𐑯𐑕𐑦 𐑛𐑦𐑐𐑸𐑑𐑥𐑩𐑯𐑑	𐑛𐑦𐑐𐑸𐑑𐑥𐑩𐑯𐑑𐑝𐑮𐑦𐑛𐑳𐑯𐑛𐑩𐑯𐑕𐑦𐑛𐑦𐑐𐑸𐑑𐑥𐑩𐑯𐑑	divergent
Department of Redundancy Department	NP0	GenAm	dəˈpɑːRtmənt əv rɪˈdʌndəntsi dəˈpɑːRtmənt	dɪˈpɑːRtmənt V rɪˈdʌndənsi dɪˈpɑːRtmənt	𐑛𐑩𐑐𐑸𐑑𐑥𐑩𐑯𐑑 𐑩𐑝 𐑮𐑦𐑛𐑳𐑯𐑛𐑩𐑯𐑑𐑕𐑦 𐑛𐑩𐑐𐑸𐑑𐑥𐑩𐑯𐑑	𐑛𐑦𐑐𐑸𐑑𐑥𐑩𐑯𐑑𐑝𐑮𐑦𐑛𐑳𐑯𐑛𐑩𐑯𐑕𐑦𐑛𐑦𐑐𐑸𐑑𐑥𐑩𐑯𐑑	divergent
stochastic terrorism	NN1	GenAm	stəˈkæstɪk ˌterəRrɪzəm	stəˈkæstɪk ˈterərɪzəm	𐑕𐑑𐑩𐑒𐑨𐑕𐑑𐑦𐑒 𐑑𐑧𐑮𐑼𐑮𐑦𐑟𐑩𐑥	𐑕𐑑𐑩𐑒𐑨𐑕𐑑𐑦𐑒𐑑𐑧𐑮𐑼𐑦𐑟𐑩𐑥	divergent
stochastic terrorism	NN1	RSSB	stəˈkastɪk terərɪzəm	stəˈkæstɪk ˈterərɪzəm	𐑕𐑑𐑩𐑒𐑨𐑕𐑑𐑦𐑒 𐑑𐑧𐑮𐑼𐑦𐑟𐑩𐑥	𐑕𐑑𐑩𐑒𐑨𐑕𐑑𐑦𐑒𐑑𐑧𐑮𐑼𐑦𐑟𐑩𐑥	matches
doujin circle	NN1	GenAm	ˈdoʊdʒɪn ˈsɜːRkəl	ˈdoʊdʒɪn ˈsɜːRkəl	𐑛𐑴𐑡𐑦𐑯 𐑕𐑻𐑒𐑩𐑤	𐑛𐑴𐑡𐑦𐑯𐑕𐑻𐑒𐑩𐑤	matches
doujin circle	NN1	RSSB	ˈdəʊdʒɪn sɜːRkəl		𐑛𐑴𐑡𐑦𐑯 𐑕𐑻𐑒𐑩𐑤		unknown
doujin event	NN1	GenAm	ˈdoʊdʒɪn ɪˈvent	ˈdoʊdʒɪn ɪˈvent	𐑛𐑴𐑡𐑦𐑯 𐑦𐑝𐑧𐑯𐑑	𐑛𐑴𐑡𐑦𐑯𐑦𐑝𐑧𐑯𐑑	matches
doujin music	NN1	GenAm	ˈdoʊdʒɪn ˈmjuzɪk	ˈdoʊdʒɪn ˈmjuːzɪk	𐑛𐑴𐑡𐑦𐑯 𐑥𐑘𐑫𐑟𐑦𐑒	𐑛𐑴𐑡𐑦𐑯𐑥𐑿𐑟𐑦𐑒	divergent
doujin game	NN1	GenAm	ˈdoʊdʒɪn ɡeɪm	ˈdoʊdʒɪn ɡeɪm	𐑛𐑴𐑡𐑦𐑯 𐑜𐑱𐑥	𐑛𐑴𐑡𐑦𐑯𐑜𐑱𐑥	matches
as ever	UNC	RSSB	æz evəR	æz ˈevəR	𐑨𐑟 𐑧𐑝𐑼	𐑨𐑟𐑧𐑝𐑼	matches
as ever	UNC	GenAm	əz ˈevəR	æz ˈevəR	𐑩𐑟 𐑧𐑝𐑼	𐑨𐑟𐑧𐑝𐑼	matches
walk-on girl	NN1	RSSB	wɔːk ɒn ɡɜːRl		𐑢𐑷𐑒 𐑪𐑯 𐑜𐑻𐑤		unknown
walk-on girl	NN1	GenAm	ˌwɒk ɒn ˈɡɜːRl		𐑢𐑪𐑒 𐑪𐑯 𐑜𐑻𐑤		unknown
chute house	NN1	GenAm	ʃuːt haʊs	ʃuːt haʊs	𐑖𐑵𐑑 𐑣𐑬𐑕	𐑖𐑵𐑑𐑣𐑬𐑕	matches
Vin Santo	NN1	GenAm	ˌvɪn ˈsɒntoʊ		𐑝𐑦𐑯 𐑕𐑪𐑯𐑑𐑴		unknown
Vin Santo	NN1	GenAm	ˌvin ˈsɒntoʊ		𐑝𐑦𐑯 𐑕𐑪𐑯𐑑𐑴		unknown
jab molassie	NN1	RSSB	ˈdʒæb məˈlæsiː		𐑡𐑨𐑚 𐑥𐑩𐑤𐑨𐑕𐑰		unknown
jab molassie	NN1	GenAm	ˈdʒæb məˈlæsi		𐑡𐑨𐑚 𐑥𐑩𐑤𐑨𐑕𐑦		unknown
law unto oneself	NN1	RSSB	ˈlɔː ˈʌntʊ ˌwʌnˈself	lɔː ˈʌntuː wʌnˈself	𐑤𐑷 𐑳𐑯𐑑𐑫 𐑢𐑳𐑯𐑕𐑧𐑤𐑓	𐑤𐑷𐑳𐑯𐑑𐑵𐑢𐑳𐑯𐑕𐑧𐑤𐑓	divergent
law unto oneself	NN1	GenAm	ˈlɒ ˈʌntə ˌwʌnˈself	lɔː ˈʌntuː wʌnˈself	𐑤𐑪 𐑳𐑯𐑑𐑩 𐑢𐑳𐑯𐑕𐑧𐑤𐑓	𐑤𐑷𐑳𐑯𐑑𐑵𐑢𐑳𐑯𐑕𐑧𐑤𐑓	divergent
Port Said	NP0	GenAm	pɔːRt sɒˈiːd	pɔːRt sed	𐑐𐑹𐑑 𐑕𐑪𐑰𐑛	𐑐𐑹𐑑𐑕𐑧𐑛	divergent
Port Said	NP0	GenAm	pɔːRt saɪd	pɔːRt sed	𐑐𐑹𐑑 𐑕𐑲𐑛	𐑐𐑹𐑑𐑕𐑧𐑛	divergent
Port Said	NP0	RSSB	pɔːRt sɑːˈiːd	pɔːRt sed	𐑐𐑹𐑑 𐑕𐑭𐑰𐑛	𐑐𐑹𐑑𐑕𐑧𐑛	divergent
new dawn	NN1	RSSB	njuː ˈdɔːn	njuː dɔːn	𐑯𐑿 𐑛𐑷𐑯	𐑯𐑿𐑛𐑷𐑯	matches
new dawn	NN1	GenAm	nju ˈdɒn	nuː dɔːn	𐑯𐑘𐑫 𐑛𐑪𐑯	𐑯𐑵𐑛𐑷𐑯	divergent
Groom of the Stool	NP0	RSSB	ˈɡruːm əv ðə ˈstuːl	ɡruːm V Ð stuːl	𐑜𐑮𐑵𐑥 𐑩𐑝 𐑞𐑩 𐑕𐑑𐑵𐑤	𐑜𐑮𐑵𐑥𐑝𐑞𐑕𐑑𐑵𐑤	divergent
Groom of the Stool	NP0	GenAm	ˈɡrum əv ðə ˈstul	ɡruːm V Ð stuːl	𐑜𐑮𐑫𐑥 𐑩𐑝 𐑞𐑩 𐑕𐑑𐑫𐑤	𐑜𐑮𐑵𐑥𐑝𐑞𐑕𐑑𐑵𐑤	divergent
United Mexican States	NP0	RSSB	juːˌnaɪtɪd ˈmeksɪkən ˈsteɪts	juːˈnaɪtƏd ˈmeksɪkən steɪts	𐑿𐑯𐑲𐑑𐑦𐑛 𐑥𐑧𐑒𐑕𐑦𐑒𐑩𐑯 𐑕𐑑𐑱𐑑𐑕	𐑿𐑯𐑲𐑑𐑩𐑛𐑥𐑧𐑒𐑕𐑦𐑒𐑩𐑯𐑕𐑑𐑱𐑑𐑕	matches
United Mexican States	NP0	GenAm	juˌnaɪtɪd ˈmeksɪkən ˈsteɪts	juːˈnaɪtƏd ˈmeksɪkən steɪts	𐑘𐑫𐑯𐑲𐑑𐑦𐑛 𐑥𐑧𐑒𐑕𐑦𐑒𐑩𐑯 𐑕𐑑𐑱𐑑𐑕	𐑿𐑯𐑲𐑑𐑩𐑛𐑥𐑧𐑒𐑕𐑦𐑒𐑩𐑯𐑕𐑑𐑱𐑑𐑕	divergent
levator labii superioris	NN1	GenAm	lɪˈveɪtəR ˌleɪbiˌaɪ sʊˌpɪriˈɔːRɪs		𐑤𐑦𐑝𐑱𐑑𐑼 𐑤𐑱𐑚𐑦𐑲 𐑕𐑫𐑐𐑦𐑮𐑦𐑹𐑦𐑕		unknown
way enough	ITJ	GenAm	weɪ əˈnʌf	weɪ ɪˈnʌf	𐑢𐑱 𐑩𐑯𐑳𐑓	𐑢𐑱𐑦𐑯𐑳𐑓	matches
way enough	ITJ	GenAm	weɪˈnʌf	weɪ ɪˈnʌf	𐑢𐑱𐑯𐑳𐑓	𐑢𐑱𐑦𐑯𐑳𐑓	divergent
way enough	ITJ	GenAm	weɪˈnʌp	weɪ ɪˈnʌf	𐑢𐑱𐑯𐑳𐑐	𐑢𐑱𐑦𐑯𐑳𐑓	divergent
way enough	ITJ	GenAm	weɪˈnɒf	weɪ ɪˈnʌf	𐑢𐑱𐑯𐑪𐑓	𐑢𐑱𐑦𐑯𐑳𐑓	divergent
way enough	VVI	GenAm	weɪ əˈnʌf	weɪ ɪˈnʌf	𐑢𐑱 𐑩𐑯𐑳𐑓	𐑢𐑱𐑦𐑯𐑳𐑓	matches
way enough	VVI	GenAm	weɪˈnʌf	weɪ ɪˈnʌf	𐑢𐑱𐑯𐑳𐑓	𐑢𐑱𐑦𐑯𐑳𐑓	divergent
way enough	VVI	GenAm	weɪˈnʌp	weɪ ɪˈnʌf	𐑢𐑱𐑯𐑳𐑐	𐑢𐑱𐑦𐑯𐑳𐑓	divergent
way enough	VVI	GenAm	weɪˈnɒf	weɪ ɪˈnʌf	𐑢𐑱𐑯𐑪𐑓	𐑢𐑱𐑦𐑯𐑳𐑓	divergent
talk like a book	VVI	RSSB	ˌtɔːk laɪkə ˈbʊk	tɔːk laɪk ə bʊk	𐑑𐑷𐑒 𐑤𐑲𐑒𐑩 𐑚𐑫𐑒	𐑑𐑷𐑒𐑤𐑲𐑒𐑩𐑚𐑫𐑒	matches
talk like a book	VVI	GenAm	ˌtɒk laɪkə ˈbʊk	tɔːk laɪk ə bʊk	𐑑𐑪𐑒 𐑤𐑲𐑒𐑩 𐑚𐑫𐑒	𐑑𐑷𐑒𐑤𐑲𐑒𐑩𐑚𐑫𐑒	divergent
Mrs Miggins	NP0	RSSB	ˌmɪsɪz ˈmɪɡɪnz		𐑥𐑦𐑕𐑦𐑟 𐑥𐑦𐑜𐑦𐑯𐑟		unknown
Mrs Miggins	NP0	GenAm	ˌmɪsɪz ˈmɪɡɪnz		𐑥𐑦𐑕𐑦𐑟 𐑥𐑦𐑜𐑦𐑯𐑟		unknown
whortle bush	NN1	GenAm	ˈwɜːRtəlbʊʃ	ˈwɜːRtəl bʊʃ	𐑢𐑻𐑑𐑩𐑤𐑚𐑫𐑖	𐑢𐑻𐑑𐑩𐑤𐑚𐑫𐑖	matches
whortle bush	NN1	RSSB	wɜːRtəlbʊʃ		𐑢𐑻𐑑𐑩𐑤𐑚𐑫𐑖		unknown
golden hour	NN1	RSSB	ˈɡəʊldən aʊəR	ˈɡəʊldən ˈaʊəR	𐑜𐑴𐑤𐑛𐑩𐑯 𐑬𐑼	𐑜𐑴𐑤𐑛𐑩𐑯𐑬𐑼	matches
golden hour	NN1	GenAm	ˈɡoʊldən ˌaʊəR	ˈɡəʊldən ˈaʊəR	𐑜𐑴𐑤𐑛𐑩𐑯 𐑬𐑼	𐑜𐑴𐑤𐑛𐑩𐑯𐑬𐑼	matches
get in the boat and row	VVI	RSSB	ɡetɪn ðəR bəʊt ən rəʊ	ɡet ɪn Ð bəʊt N raʊ	𐑜𐑧𐑑𐑦𐑯 𐑞𐑼 𐑚𐑴𐑑 𐑩𐑯 𐑮𐑴	𐑜𐑧𐑑𐑦𐑯𐑞𐑚𐑴𐑑𐑯𐑮𐑬	divergent
get in the boat and row	VVI	GenAm	ˌɡetɪn ðə ˈboʊt ən ˈroʊ	ɡet ɪn Ð bəʊt N raʊ	𐑜𐑧𐑑𐑦𐑯 𐑞𐑩 𐑚𐑴𐑑 𐑩𐑯 𐑮𐑴	𐑜𐑧𐑑𐑦𐑯𐑞𐑚𐑴𐑑𐑯𐑮𐑬	divergent
miliary abscess	NN1	GenAm	ˈmɪliˌeri ˈæbˌses		𐑥𐑦𐑤𐑦𐑧𐑮𐑦 𐑨𐑚𐑕𐑧𐑕		unknown
miliary abscess	NN1	GenAm	ˈmɪliˌeri ˈæbˌsɪs		𐑥𐑦𐑤𐑦𐑧𐑮𐑦 𐑨𐑚𐑕𐑦𐑕		unknown
brain storm	NN1	GenAm	ˈbreɪn storm	breɪn stɔːRm	𐑚𐑮𐑱𐑯 𐑕𐑑𐑪𐑮𐑥	𐑚𐑮𐑱𐑯𐑕𐑑𐑹𐑥	divergent
brain storm	NN1	RSSB	ˈbreɪn stɔːRm	breɪn stɔːRm	𐑚𐑮𐑱𐑯 𐑕𐑑𐑹𐑥	𐑚𐑮𐑱𐑯𐑕𐑑𐑹𐑥	matches
brain storm	VVI	GenAm	ˈbreɪn storm	breɪn stɔːRm	𐑚𐑮𐑱𐑯 𐑕𐑑𐑪𐑮𐑥	𐑚𐑮𐑱𐑯𐑕𐑑𐑹𐑥	divergent
brain storm	VVI	RSSB	ˈbreɪn stɔːRm	breɪn stɔːRm	𐑚𐑮𐑱𐑯 𐑕𐑑𐑹𐑥	𐑚𐑮𐑱𐑯𐑕𐑑𐑹𐑥	matches
Church Father	NN1	RSSB	tʃɜːRtʃ fɑːðər	tʃɜːRtʃ ˈfɑːðəR	𐑗𐑻𐑗 𐑓𐑭𐑞𐑼	𐑗𐑻𐑗𐑓𐑭𐑞𐑼	matches
Church Father	NN1	GenAm	ˈtʃɜːRtʃ fɒðəR	tʃɜːRtʃ ˈfɑːðəR	𐑗𐑻𐑗 𐑓𐑪𐑞𐑼	𐑗𐑻𐑗𐑓𐑭𐑞𐑼	divergent
old timer	NN1	RSSB	əʊldtaɪməR	əʊld ˈtaɪməR	𐑴𐑤𐑛𐑑𐑲𐑥𐑼	𐑴𐑤𐑛𐑑𐑲𐑥𐑼	matches
old timer	NN1	GenAm	ˌoʊldˈtaɪmər	əʊld ˈtaɪməR	𐑴𐑤𐑛𐑑𐑲𐑥𐑼	𐑴𐑤𐑛𐑑𐑲𐑥𐑼	matches
Eastern Nagari	NP0	RSSB	iːstəRn nɑːɡərɪ		𐑰𐑕𐑑𐑼𐑯 𐑯𐑭𐑜𐑼𐑦		unknown
Eastern Nagari	AJ0	RSSB	iːstəRn nɑːɡərɪ		𐑰𐑕𐑑𐑼𐑯 𐑯𐑭𐑜𐑼𐑦		unknown
sea stack	NN1	RSSB	ˈsiː ˌstæk	siː stæk	𐑕𐑰 𐑕𐑑𐑨𐑒	𐑕𐑰𐑕𐑑𐑨𐑒	matches
sea stack	NN1	GenAm	ˈsi ˌstæk	siː stæk	𐑕𐑦 𐑕𐑑𐑨𐑒	𐑕𐑰𐑕𐑑𐑨𐑒	divergent
polar willow	NN1	RSSB	pəʊlərwɪləʊ	ˈpəʊləR ˈwɪləʊ	𐑐𐑴𐑤𐑼𐑢𐑦𐑤𐑴	𐑐𐑴𐑤𐑼𐑢𐑦𐑤𐑴	matches
polar willow	NN1	GenAm	ˈpoʊləR ˈwɪloʊ	ˈpəʊləR ˈwɪləʊ	𐑐𐑴𐑤𐑼 𐑢𐑦𐑤𐑴	𐑐𐑴𐑤𐑼𐑢𐑦𐑤𐑴	matches
great albatross	NN1	RSSB	ɡreɪt ælbətrɒs	ɡreɪt ˈælbətrɒs	𐑜𐑮𐑱𐑑 𐑨𐑤𐑚𐑩𐑑𐑮𐑪𐑕	𐑜𐑮𐑱𐑑𐑨𐑤𐑚𐑩𐑑𐑮𐑪𐑕	matches
solution in search of a problem	NN1	GenAm	səˈluːʃən ɪn ˈsɜːRtʃ əv ə ˈprɒbləm	səˈluːʃən ɪn sɜːRtʃ V ə ˈprɒbləm	𐑕𐑩𐑤𐑵𐑖𐑩𐑯 𐑦𐑯 𐑕𐑻𐑗 𐑩𐑝 𐑩 𐑐𐑮𐑪𐑚𐑤𐑩𐑥	𐑕𐑩𐑤𐑵𐑖𐑩𐑯𐑦𐑯𐑕𐑻𐑗𐑝𐑩𐑐𐑮𐑪𐑚𐑤𐑩𐑥	divergent
solution in search of a problem	NN1	RSSB	səˈljuːʃən ɪn sɜːRtʃ əv ə prɒbləm	səˈluːʃən ɪn sɜːRtʃ V ə ˈprɒbləm	𐑕𐑩𐑤𐑿𐑖𐑩𐑯 𐑦𐑯 𐑕𐑻𐑗 𐑩𐑝 𐑩 𐑐𐑮𐑪𐑚𐑤𐑩𐑥	𐑕𐑩𐑤𐑵𐑖𐑩𐑯𐑦𐑯𐑕𐑻𐑗𐑝𐑩𐑐𐑮𐑪𐑚𐑤𐑩𐑥	divergent
Ember day	NN1	RSSB	embəR ˌdeɪ	ˈembəR deɪ	𐑧𐑥𐑚𐑼 𐑛𐑱	𐑧𐑥𐑚𐑼𐑛𐑱	matches
Ember day	NN1	GenAm	ˈembəR ˌdeɪ	ˈembəR deɪ	𐑧𐑥𐑚𐑼 𐑛𐑱	𐑧𐑥𐑚𐑼𐑛𐑱	matches
sissy squat	NN1	RSSB	ˈsɪsi skwɒt	ˈsɪsi skwɒt	𐑕𐑦𐑕𐑦 𐑕𐑒𐑢𐑪𐑑	𐑕𐑦𐑕𐑦𐑕𐑒𐑢𐑪𐑑	matches
sissy squat	NN1	RSSB	ˈsɪsɪ skwɒt	ˈsɪsi skwɒt	𐑕𐑦𐑕𐑦 𐑕𐑒𐑢𐑪𐑑	𐑕𐑦𐑕𐑦𐑕𐑒𐑢𐑪𐑑	matches
sissy squat	NN1	GenAm	ˈsɪsi skwɒt	ˈsɪsi skwɒt	𐑕𐑦𐑕𐑦 𐑕𐑒𐑢𐑪𐑑	𐑕𐑦𐑕𐑦𐑕𐑒𐑢𐑪𐑑	matches
bastard strangles	NN1	RSSB	bɑːstəRd stræŋɡəlz	ˈbⱭːstəRd ˈstræŋɡəlz	𐑚𐑭𐑕𐑑𐑼𐑛 𐑕𐑑𐑮𐑨𐑙𐑜𐑩𐑤𐑟	𐑚𐑭𐑕𐑑𐑼𐑛𐑕𐑑𐑮𐑨𐑙𐑜𐑩𐑤𐑟	matches
bastard strangles	NN1	GenAm	ˈbæstəRd ˈstræŋɡəlz	ˈbⱭːstəRd ˈstræŋɡəlz	𐑚𐑨𐑕𐑑𐑼𐑛 𐑕𐑑𐑮𐑨𐑙𐑜𐑩𐑤𐑟	𐑚𐑭𐑕𐑑𐑼𐑛𐑕𐑑𐑮𐑨𐑙𐑜𐑩𐑤𐑟	matches
filter bed	NN1	RSSB	fɪltəR bed	ˈfɪltəR bed	𐑓𐑦𐑤𐑑𐑼 𐑚𐑧𐑛	𐑓𐑦𐑤𐑑𐑼𐑚𐑧𐑛	matches
filter bed	NN1	GenAm	ˈfɪltəR ˌbed	ˈfɪltəR bed	𐑓𐑦𐑤𐑑𐑼 𐑚𐑧𐑛	𐑓𐑦𐑤𐑑𐑼𐑚𐑧𐑛	matches
wendigo psychosis	NN1	RSSB	ˈwendɪɡəʊ saɪˈkəʊsɪs		𐑢𐑧𐑯𐑛𐑦𐑜𐑴 𐑕𐑲𐑒𐑴𐑕𐑦𐑕		unknown
wendigo psychosis	NN1	GenAm	ˈwendiɡoʊ saɪˈkoʊsɪs	ˈwendiɡoʊ saɪˈkəʊsɪs	𐑢𐑧𐑯𐑛𐑦𐑜𐑴 𐑕𐑲𐑒𐑴𐑕𐑦𐑕	𐑢𐑧𐑯𐑛𐑦𐑜𐑴𐑕𐑲𐑒𐑴𐑕𐑦𐑕	matches
or bust	UNC	RSSB	ɔːR ˈbʌst	ɔːR bʌst	𐑹 𐑚𐑳𐑕𐑑	𐑹𐑚𐑳𐑕𐑑	matches
or bust	UNC	GenAm	ɔːR ˈbʌst	ɔːR bʌst	𐑹 𐑚𐑳𐑕𐑑	𐑹𐑚𐑳𐑕𐑑	matches
or bust	UNC	GenAm	əR ˈbʌst	ɔːR bʌst	𐑼 𐑚𐑳𐑕𐑑	𐑹𐑚𐑳𐑕𐑑	divergent
Tawas City	NP0	GenAm	ˈtaʊwɑːs ˈsɪti		𐑑𐑬𐑢𐑭𐑕 𐑕𐑦𐑑𐑦		unknown
sister from another mister	NN1	RSSB	sɪstərfrəm ənʌðərmɪstər	ˈsɪstəR frɒm əˈnʌðəR ˈmɪstəR	𐑕𐑦𐑕𐑑𐑼𐑓𐑮𐑩𐑥 𐑩𐑯𐑳𐑞𐑼𐑥𐑦𐑕𐑑𐑼	𐑕𐑦𐑕𐑑𐑼𐑓𐑮𐑪𐑥𐑩𐑯𐑳𐑞𐑼𐑥𐑦𐑕𐑑𐑼	divergent
sister from another mister	NN1	GenAm	ˈsɪstəR frəm əˈnʌðə ˈmɪstəR	ˈsɪstəR frɒm əˈnʌðəR ˈmɪstəR	𐑕𐑦𐑕𐑑𐑼 𐑓𐑮𐑩𐑥 𐑩𐑯𐑳𐑞𐑩 𐑥𐑦𐑕𐑑𐑼	𐑕𐑦𐑕𐑑𐑼𐑓𐑮𐑪𐑥𐑩𐑯𐑳𐑞𐑼𐑥𐑦𐑕𐑑𐑼	divergent
Ann Arbor	NP0	GenAm	æn ˈɑːRbəR	æn ˈɑːRbəR	𐑨𐑯 𐑸𐑚𐑼	𐑨𐑯𐑸𐑚𐑼	matches
Refugio County	NP0	GenAm	rɪˈfjərioʊ ˈkaʊnti	rɪˈfjərioʊ ˈkaʊnti	𐑮𐑦𐑓𐑘𐑼𐑦𐑴 𐑒𐑬𐑯𐑑𐑦	𐑮𐑦𐑓𐑘𐑼𐑦𐑴𐑒𐑬𐑯𐑑𐑦	matches
Refugio County	NP0	GenAm	rɪˈfjɜːRioʊ ˈkaʊnti	rɪˈfjərioʊ ˈkaʊnti	𐑮𐑦𐑓𐑘𐑻𐑦𐑴 𐑒𐑬𐑯𐑑𐑦	𐑮𐑦𐑓𐑘𐑼𐑦𐑴𐑒𐑬𐑯𐑑𐑦	divergent
be one's own worst enemy	VVI	RSSB	biː wʌnzəʊn wɜːRstenɪmi	biː wʌnz əʊn wɜːRst ˈenəmi	𐑚𐑰 𐑢𐑳𐑯𐑟𐑴𐑯 𐑢𐑻𐑕𐑑𐑧𐑯𐑦𐑥𐑦	𐑚𐑰𐑢𐑳𐑯𐑟𐑴𐑯𐑢𐑻𐑕𐑑𐑧𐑯𐑩𐑥𐑦	matches
be one's own worst enemy	VVI	GenAm	bi wʌnzˌoʊn wɜːRstˈenəmi	biː wʌnz əʊn wɜːRst ˈenəmi	𐑚𐑦 𐑢𐑳𐑯𐑟𐑴𐑯 𐑢𐑻𐑕𐑑𐑧𐑯𐑩𐑥𐑦	𐑚𐑰𐑢𐑳𐑯𐑟𐑴𐑯𐑢𐑻𐑕𐑑𐑧𐑯𐑩𐑥𐑦	divergent
believe me	UNC	GenAm	bɪˈliv ˈmi	bɪˈliːv miː	𐑚𐑦𐑤𐑦𐑝 𐑥𐑦	𐑚𐑦𐑤𐑰𐑝𐑥𐑰	divergent
three stops short of Dagenham	AJ0	RSSB	ˌθriː stɒps ʃɔːRt əv ˈdæɡənəm		𐑔𐑮𐑰 𐑕𐑑𐑪𐑐𐑕 𐑖𐑹𐑑 𐑩𐑝 𐑛𐑨𐑜𐑩𐑯𐑩𐑥		unknown
three stops short of Dagenham	AJ0	GenAm	ˌθri stɒps ˈʃɔːRt əv ˈdæɡənəm	θriː stɒps ʃɔːRt V ˈdæɡənəm	𐑔𐑮𐑦 𐑕𐑑𐑪𐑐𐑕 𐑖𐑹𐑑 𐑩𐑝 𐑛𐑨𐑜𐑩𐑯𐑩𐑥	𐑔𐑮𐑰𐑕𐑑𐑪𐑐𐑕𐑖𐑹𐑑𐑝𐑛𐑨𐑜𐑩𐑯𐑩𐑥	divergent
for the taking	UNC	RSSB	fəR ðə ˈteɪkɪŋ	F Ð ˈteɪkɪŋ	𐑓𐑼 𐑞𐑩 𐑑𐑱𐑒𐑦𐑙	𐑓𐑞𐑑𐑱𐑒𐑦𐑙	divergent
for the taking	UNC	GenAm	fəR ðə ˈteɪkɪŋ	F Ð ˈteɪkɪŋ	𐑓𐑼 𐑞𐑩 𐑑𐑱𐑒𐑦𐑙	𐑓𐑞𐑑𐑱𐑒𐑦𐑙	divergent
en coup de sabre	AJ0	RSSB	ɒn ˌkuː də seɪbər		𐑪𐑯 𐑒𐑵 𐑛𐑩 𐑕𐑱𐑚𐑼		unknown
en coup de sabre	NN1	RSSB	ɒn ˌkuː də seɪbər		𐑪𐑯 𐑒𐑵 𐑛𐑩 𐑕𐑱𐑚𐑼		unknown
bouba/kiki effect	NN1	GenAm	ˌbubə ˈkiki ɪˌfekt		𐑚𐑫𐑚𐑩 𐑒𐑦𐑒𐑦 𐑦𐑓𐑧𐑒𐑑		unknown
sing small	VVI	RSSB	sɪŋ ˈsmɔːl	sɪŋ smɔːl	𐑕𐑦𐑙 𐑕𐑥𐑷𐑤	𐑕𐑦𐑙𐑕𐑥𐑷𐑤	matches
sing small	VVI	GenAm	sɪŋ ˈsmɒl	sɪŋ smɔːl	𐑕𐑦𐑙 𐑕𐑥𐑪𐑤	𐑕𐑦𐑙𐑕𐑥𐑷𐑤	divergent
leave someone out in the cold	VVI	RSSB	ˈliːv ˌsʌmwʌn aʊt ɪn ðə ˈkɔʊld	liːv ˈsʌmwʌn aʊt ɪn Ð kəʊld	𐑤𐑰𐑝 𐑕𐑳𐑥𐑢𐑳𐑯 𐑬𐑑 𐑦𐑯 𐑞𐑩 𐑒𐑷𐑫𐑤𐑛	𐑤𐑰𐑝𐑕𐑳𐑥𐑢𐑳𐑯𐑬𐑑𐑦𐑯𐑞𐑒𐑴𐑤𐑛	divergent
leave someone out in the cold	VVI	GenAm	ˈliv ˌsʌmwʌn aʊt ən ðə ˈkoʊld	liːv ˈsʌmwʌn aʊt ɪn Ð kəʊld	𐑤𐑦𐑝 𐑕𐑳𐑥𐑢𐑳𐑯 𐑬𐑑 𐑩𐑯 𐑞𐑩 𐑒𐑴𐑤𐑛	𐑤𐑰𐑝𐑕𐑳𐑥𐑢𐑳𐑯𐑬𐑑𐑦𐑯𐑞𐑒𐑴𐑤𐑛	divergent
âme damnée	NN1	GenAm	ˌɒm dɒˈneɪ		𐑪𐑥 𐑛𐑪𐑯𐑱		unknown
âme damnée	NN1	RSSB	ˌam daˈneɪ		𐑨𐑥 𐑛𐑨𐑯𐑱		unknown
âme damnée	NN1	RSSB	ˌɑːm daˈneɪ		𐑭𐑥 𐑛𐑨𐑯𐑱		unknown
king of kings	NN1	GenAm	ˈkɪŋ ʌv ˌkɪŋz	kɪŋ V kɪŋz	𐑒𐑦𐑙 𐑳𐑝 𐑒𐑦𐑙𐑟	𐑒𐑦𐑙𐑝𐑒𐑦𐑙𐑟	divergent
king of kings	NP0	GenAm	ˈkɪŋ ʌv ˌkɪŋz	kɪŋ V kɪŋz	𐑒𐑦𐑙 𐑳𐑝 𐑒𐑦𐑙𐑟	𐑒𐑦𐑙𐑝𐑒𐑦𐑙𐑟	divergent
meet one's Waterloo	VVI	RSSB	ˈmiːt wʌnz wɔːtərluː	miːt wʌnz ˌwɔːtəRˈluː	𐑥𐑰𐑑 𐑢𐑳𐑯𐑟 𐑢𐑷𐑑𐑼𐑤𐑵	𐑥𐑰𐑑𐑢𐑳𐑯𐑟𐑢𐑷𐑑𐑼𐑤𐑵	matches
meet one's Waterloo	VVI	GenAm	ˈmit wʌnz ˌwɒtəRˈluː	miːt wʌnz ˌwɔːtəRˈluː	𐑥𐑦𐑑 𐑢𐑳𐑯𐑟 𐑢𐑪𐑑𐑼𐑤𐑵	𐑥𐑰𐑑𐑢𐑳𐑯𐑟𐑢𐑷𐑑𐑼𐑤𐑵	divergent
meet one's Waterloo	VVI	GenAm	ˈwɒtəRˌluː	miːt wʌnz ˌwɔːtəRˈluː	𐑢𐑪𐑑𐑼𐑤𐑵	𐑥𐑰𐑑𐑢𐑳𐑯𐑟𐑢𐑷𐑑𐑼𐑤𐑵	divergent
Charlie Brown Christmas tree	NN1	RSSB	tʃɑːRli braʊn krɪsməs triː	ˈtʃɑːRli braʊn ˈkrɪsməs triː	𐑗𐑸𐑤𐑦 𐑚𐑮𐑬𐑯 𐑒𐑮𐑦𐑕𐑥𐑩𐑕 𐑑𐑮𐑰	𐑗𐑸𐑤𐑦𐑚𐑮𐑬𐑯𐑒𐑮𐑦𐑕𐑥𐑩𐑕𐑑𐑮𐑰	matches
Charlie Brown Christmas tree	NN1	GenAm	ˈtʃɑːRli braʊn ˈkrɪsməs tri	ˈtʃɑːRli braʊn ˈkrɪsməs triː	𐑗𐑸𐑤𐑦 𐑚𐑮𐑬𐑯 𐑒𐑮𐑦𐑕𐑥𐑩𐑕 𐑑𐑮𐑦	𐑗𐑸𐑤𐑦𐑚𐑮𐑬𐑯𐑒𐑮𐑦𐑕𐑥𐑩𐑕𐑑𐑮𐑰	divergent
Charlie Brown's Christmas tree	NN1	RSSB	tʃɑːRli braʊns krɪsməs triː		𐑗𐑸𐑤𐑦 𐑚𐑮𐑬𐑯𐑕 𐑒𐑮𐑦𐑕𐑥𐑩𐑕 𐑑𐑮𐑰		unknown
Charlie Brown's Christmas tree	NN1	GenAm	ˈtʃɑːRli braʊns ˈkrɪsməs tri		𐑗𐑸𐑤𐑦 𐑚𐑮𐑬𐑯𐑕 𐑒𐑮𐑦𐑕𐑥𐑩𐑕 𐑑𐑮𐑦		unknown
360 noscope	NN1	GenAm	θrisɪkstiˈnoʊskoʊp		𐑔𐑮𐑦𐑕𐑦𐑒𐑕𐑑𐑦𐑯𐑴𐑕𐑒𐑴𐑐		unknown
360 noscope	VVI	GenAm	θrisɪkstiˈnoʊskoʊp		𐑔𐑮𐑦𐑕𐑦𐑒𐑕𐑑𐑦𐑯𐑴𐑕𐑒𐑴𐑐		unknown
hunger stone	NN1	RSSB	hʌŋɡəR ˌstəʊn	ˈhʌŋɡəR stəʊn	𐑣𐑳𐑙𐑜𐑼 𐑕𐑑𐑴𐑯	𐑣𐑳𐑙𐑜𐑼𐑕𐑑𐑴𐑯	matches
hunger stone	NN1	GenAm	ˈhʌŋɡəR ˌstoʊn	ˈhʌŋɡəR stəʊn	𐑣𐑳𐑙𐑜𐑼 𐑕𐑑𐑴𐑯	𐑣𐑳𐑙𐑜𐑼𐑕𐑑𐑴𐑯	matches
horseshoe curve	NN1	RSSB	hɔːRsʃuː kɜːRv	ˈhɔːRs+ʃuː kɜːRv	𐑣𐑹𐑕𐑖𐑵 𐑒𐑻𐑝	𐑣𐑹𐑕𐑖𐑵𐑒𐑻𐑝	matches
horseshoe curve	NN1	GenAm	ˈhɔːrsʃuː kɜːRv	ˈhɔːRs+ʃuː kɜːRv	𐑣𐑹𐑕𐑖𐑵 𐑒𐑻𐑝	𐑣𐑹𐑕𐑖𐑵𐑒𐑻𐑝	matches
archaic smile	NN1	RSSB	ɑːRkeɪɪk ˈsmaɪl	ɑːRˈkeɪɪk smaɪl	𐑸𐑒𐑱𐑦𐑒 𐑕𐑥𐑲𐑤	𐑸𐑒𐑱𐑦𐑒𐑕𐑥𐑲𐑤	matches
archaic smile	NN1	GenAm	ɑːRˌkeɪɪk ˈsmaɪl	ɑːRˈkeɪɪk smaɪl	𐑸𐑒𐑱𐑦𐑒 𐑕𐑥𐑲𐑤	𐑸𐑒𐑱𐑦𐑒𐑕𐑥𐑲𐑤	matches
Cagayan de Oro	NP0	GenAm	ˈkɒɡæjæn di ˈoʊro		𐑒𐑪𐑜𐑨𐑘𐑨𐑯 𐑛𐑦 𐑴𐑮𐑪		unknown
American round	NN1	GenAm	əˈmerɪkən ˈraʊnd	əˈmerɪkən raʊnd	𐑩𐑥𐑧𐑮𐑦𐑒𐑩𐑯 𐑮𐑬𐑯𐑛	𐑩𐑥𐑧𐑮𐑦𐑒𐑩𐑯𐑮𐑬𐑯𐑛	matches
North Macedonia	NP0	GenAm	norθ ˌmæsəˈdoʊniə	nɔːRθ ˌmæsɪˈdəʊnɪə	𐑯𐑪𐑮𐑔 𐑥𐑨𐑕𐑩𐑛𐑴𐑯𐑾	𐑯𐑹𐑔𐑥𐑨𐑕𐑦𐑛𐑴𐑯𐑾	divergent
North Macedonia	NP0	GenAm	norθ ˌmæsəˈdoʊnjə	nɔːRθ ˌmæsɪˈdəʊnɪə	𐑯𐑪𐑮𐑔 𐑥𐑨𐑕𐑩𐑛𐑴𐑯𐑘𐑩	𐑯𐑹𐑔𐑥𐑨𐑕𐑦𐑛𐑴𐑯𐑾	divergent
North Macedonia	NP0	RSSB	nɔːRθ ˌmæsəˈdəʊnɪə	nɔːRθ ˌmæsɪˈdəʊnɪə	𐑯𐑹𐑔 𐑥𐑨𐑕𐑩𐑛𐑴𐑯𐑾	𐑯𐑹𐑔𐑥𐑨𐑕𐑦𐑛𐑴𐑯𐑾	matches
chu nom	NN1	GenAm	tʃuː ˈnoʊm		𐑗𐑵 𐑯𐑴𐑥		unknown
cum tribute	NN1	RSSB	ˈkʌm ˌtrɪbjuːt		𐑒𐑳𐑥 𐑑𐑮𐑦𐑚𐑿𐑑		unknown
cum tribute	NN1	GenAm	ˈkʌm ˌtrɪbjut		𐑒𐑳𐑥 𐑑𐑮𐑦𐑚𐑘𐑫𐑑		unknown
high-voltage transmission line	NN1	RSSB	ˈhaɪvoʊltɪdʒ trænsmɪʃən laɪn		𐑣𐑲𐑝𐑴𐑤𐑑𐑦𐑡 𐑑𐑮𐑨𐑯𐑕𐑥𐑦𐑖𐑩𐑯 𐑤𐑲𐑯		unknown
job market	NN1	GenAm	ˈdʒɒb ˌmɑːRkɪt	dʒɒb ˈmɑːRkIt	𐑡𐑪𐑚 𐑥𐑸𐑒𐑦𐑑	𐑡𐑪𐑚𐑥𐑸𐑒𐑩𐑑	matches
job market	NN1	RSSB	ˈdʒɒb mɑːRkɪt	dʒɒb ˈmɑːRkIt	𐑡𐑪𐑚 𐑥𐑸𐑒𐑦𐑑	𐑡𐑪𐑚𐑥𐑸𐑒𐑩𐑑	matches
babbitt metal	NN1	RSSB	ˈbæbɪt ˌmetəl		𐑚𐑨𐑚𐑦𐑑 𐑥𐑧𐑑𐑩𐑤		unknown
babbitt metal	NN1	GenAm	ˈbæbɪt ˌmetəl		𐑚𐑨𐑚𐑦𐑑 𐑥𐑧𐑑𐑩𐑤		unknown
Babbitt's metal	NN1	RSSB	ˈbæbɪts ˌmetəl		𐑚𐑨𐑚𐑦𐑑𐑕 𐑥𐑧𐑑𐑩𐑤		unknown
Babbitt's metal	NN1	GenAm	ˈbæbɪts ˌmetəl		𐑚𐑨𐑚𐑦𐑑𐑕 𐑥𐑧𐑑𐑩𐑤		unknown
chadon beni	NN1	RSSB	ˈʃɑːdɔːnˌbeni		𐑖𐑭𐑛𐑷𐑯𐑚𐑧𐑯𐑦		unknown
chadon beni	NN1	GenAm	ˈʃɒdɒnˌbeni		𐑖𐑪𐑛𐑪𐑯𐑚𐑧𐑯𐑦		unknown
sleep of the just	NN1	RSSB	ˈsliːp əv ðə ˈdʒʌst	sliːp V Ð dʒʌst	𐑕𐑤𐑰𐑐 𐑩𐑝 𐑞𐑩 𐑡𐑳𐑕𐑑	𐑕𐑤𐑰𐑐𐑝𐑞𐑡𐑳𐑕𐑑	divergent
sleep of the just	NN1	GenAm	ˈslip əv ðə ˈdʒʌst	sliːp V Ð dʒʌst	𐑕𐑤𐑦𐑐 𐑩𐑝 𐑞𐑩 𐑡𐑳𐑕𐑑	𐑕𐑤𐑰𐑐𐑝𐑞𐑡𐑳𐑕𐑑	divergent
dispatch box	NN1	RSSB	dɪˈspætʃ ˌbɒks	dɪˈspætʃ bɒks	𐑛𐑦𐑕𐑐𐑨𐑗 𐑚𐑪𐑒𐑕	𐑛𐑦𐑕𐑐𐑨𐑗𐑚𐑪𐑒𐑕	matches
dispatch box	NN1	GenAm	dəˈspætʃ ˌbɒks	dɪˈspætʃ bɒks	𐑛𐑩𐑕𐑐𐑨𐑗 𐑚𐑪𐑒𐑕	𐑛𐑦𐑕𐑐𐑨𐑗𐑚𐑪𐑒𐑕	matches
Betteridge's law	NP0	RSSB	ˈbetrɪdʒɪz ˌlɔː		𐑚𐑧𐑑𐑮𐑦𐑡𐑦𐑟 𐑤𐑷		unknown
Betteridge's law	NP0	GenAm	ˈbetrɪdʒəz ˌlɒ		𐑚𐑧𐑑𐑮𐑦𐑡𐑩𐑟 𐑤𐑪		unknown
time period	NN1	GenAm	ˈtaɪm pɪəRiəd	taɪm ˈpɪərɪəd	𐑑𐑲𐑥 𐑐𐑽𐑾𐑛	𐑑𐑲𐑥𐑐𐑽𐑾𐑛	matches
multiplicative number	NN1	RSSB	ˈmʌltɪplɪˌkeɪtɪv nʌmbəR		𐑥𐑳𐑤𐑑𐑦𐑐𐑤𐑦𐑒𐑱𐑑𐑦𐑝 𐑯𐑳𐑥𐑚𐑼		unknown
working stiff	NN1	RSSB	wɜːRkɪŋ ˈstɪf	ˈwɜːRkɪŋ stɪf	𐑢𐑻𐑒𐑦𐑙 𐑕𐑑𐑦𐑓	𐑢𐑻𐑒𐑦𐑙𐑕𐑑𐑦𐑓	matches
working stiff	NN1	GenAm	ˌwɜːRkɪŋ ˈstɪf	ˈwɜːRkɪŋ stɪf	𐑢𐑻𐑒𐑦𐑙 𐑕𐑑𐑦𐑓	𐑢𐑻𐑒𐑦𐑙𐑕𐑑𐑦𐑓	matches
left turn	NN1	RSSB	lefttɜːRn	left tɜːRn	𐑤𐑧𐑓𐑑𐑑𐑻𐑯	𐑤𐑧𐑓𐑑𐑑𐑻𐑯	matches
left turn	NN1	GenAm	ˌleftˈtɜːRn	left tɜːRn	𐑤𐑧𐑓𐑑𐑑𐑻𐑯	𐑤𐑧𐑓𐑑𐑑𐑻𐑯	matches
left turn	ITJ	RSSB	lefttɜːRn	left tɜːRn	𐑤𐑧𐑓𐑑𐑑𐑻𐑯	𐑤𐑧𐑓𐑑𐑑𐑻𐑯	matches
left turn	ITJ	GenAm	ˌleftˈtɜːRn	left tɜːRn	𐑤𐑧𐑓𐑑𐑑𐑻𐑯	𐑤𐑧𐑓𐑑𐑑𐑻𐑯	matches
left turn	VVI	RSSB	lefttɜːRn	left tɜːRn	𐑤𐑧𐑓𐑑𐑑𐑻𐑯	𐑤𐑧𐑓𐑑𐑑𐑻𐑯	matches
left turn	VVI	GenAm	ˌleftˈtɜːRn	left tɜːRn	𐑤𐑧𐑓𐑑𐑑𐑻𐑯	𐑤𐑧𐑓𐑑𐑑𐑻𐑯	matches
ones and zeroes	NN1	RSSB	ˈwʌnz ən zɪərəʊz	wʌnz N ˈzɪərəʊz	𐑢𐑳𐑯𐑟 𐑩𐑯 𐑟𐑽𐑴𐑟	𐑢𐑳𐑯𐑟𐑯𐑟𐑽𐑴𐑟	divergent
ones and zeroes	NN1	GenAm	ˈwʌnz ən ˈzɪrˌoʊz	wʌnz N ˈzɪərəʊz	𐑢𐑳𐑯𐑟 𐑩𐑯 𐑟𐑦𐑮𐑴𐑟	𐑢𐑳𐑯𐑟𐑯𐑟𐑽𐑴𐑟	divergent
heart of grace	NN1	RSSB	hɑːRtəRv ɡreɪs	hɑːRt V ɡreɪs	𐑣𐑸𐑑𐑼𐑝 𐑜𐑮𐑱𐑕	𐑣𐑸𐑑𐑝𐑜𐑮𐑱𐑕	divergent
heart of grace	NN1	GenAm	ˌhɑːRtəv ˈɡreɪs	hɑːRt V ɡreɪs	𐑣𐑸𐑑𐑩𐑝 𐑜𐑮𐑱𐑕	𐑣𐑸𐑑𐑝𐑜𐑮𐑱𐑕	divergent
dual earner	NN1	RSSB	ˈdjuːəl ɜːRnəR	ˈdjuːəl ˈɜːRnəR	𐑛𐑿𐑩𐑤 𐑻𐑯𐑼	𐑛𐑿𐑩𐑤𐑻𐑯𐑼	matches
dual earner	NN1	GenAm	ˈdjuːəl ɜːRnəR	ˈduːəl ˈɜːRnəR	𐑛𐑿𐑩𐑤 𐑻𐑯𐑼	𐑛𐑵𐑩𐑤𐑻𐑯𐑼	divergent
dual earner	NN1	RSSB	ˈdʒuːəl ɜːRnəR	ˈdjuːəl ˈɜːRnəR	𐑡𐑵𐑩𐑤 𐑻𐑯𐑼	𐑛𐑿𐑩𐑤𐑻𐑯𐑼	divergent
and a partridge in a pear tree	UNC	RSSB	ænd ə pɑːRtrɪdʒ ɪn ə peəR ˈtriː	N ə ˈpɑːRtrɪdʒ ɪn ə peəR triː	𐑨𐑯𐑛 𐑩 𐑐𐑸𐑑𐑮𐑦𐑡 𐑦𐑯 𐑩 𐑐𐑺 𐑑𐑮𐑰	𐑯𐑩𐑐𐑸𐑑𐑮𐑦𐑡𐑦𐑯𐑩𐑐𐑺𐑑𐑮𐑰	divergent
and a partridge in a pear tree	UNC	GenAm	ænd ə ˈpɑːRtrɪdʒ ən ə ˌpeəR ˈtri	N ə ˈpɑːRtrɪdʒ ɪn ə peəR triː	𐑨𐑯𐑛 𐑩 𐑐𐑸𐑑𐑮𐑦𐑡 𐑩𐑯 𐑩 𐑐𐑺 𐑑𐑮𐑦	𐑯𐑩𐑐𐑸𐑑𐑮𐑦𐑡𐑦𐑯𐑩𐑐𐑺𐑑𐑮𐑰	divergent
bastable cake	NN1	RSSB	ˈbæstəbl ˌkeɪk		𐑚𐑨𐑕𐑑𐑩𐑚𐑤 𐑒𐑱𐑒		unknown
bastable cake	NN1	GenAm	ˈbæstəbəl ˌkeɪk		𐑚𐑨𐑕𐑑𐑩𐑚𐑩𐑤 𐑒𐑱𐑒		unknown
come the old soldier	VVI	RSSB	kʌm ðiːəʊldsəʊldʒəR	kʌm Ð əʊld ˈsəʊldʒəR	𐑒𐑳𐑥 𐑞𐑰𐑴𐑤𐑛𐑕𐑴𐑤𐑡𐑼	𐑒𐑳𐑥𐑞𐑴𐑤𐑛𐑕𐑴𐑤𐑡𐑼	divergent
come the old soldier	VVI	GenAm	ˈkʌm ðioʊldˈsoʊldʒə	kʌm Ð əʊld ˈsəʊldʒəR	𐑒𐑳𐑥 𐑞𐑦𐑴𐑤𐑛𐑕𐑴𐑤𐑡𐑩	𐑒𐑳𐑥𐑞𐑴𐑤𐑛𐑕𐑴𐑤𐑡𐑼	divergent
royal burgh	NN1	RSSB	rɔɪəl bʌrə	ˈrɔɪəl ˈbʌrə	𐑮𐑶𐑩𐑤 𐑚𐑳𐑮𐑩	𐑮𐑶𐑩𐑤𐑚𐑳𐑮𐑩	matches
royal burgh	NN1	GenAm	ˌrɔɪəl ˈbɜːRoʊ	ˈrɔɪəl ˈbʌrə	𐑮𐑶𐑩𐑤 𐑚𐑻𐑴	𐑮𐑶𐑩𐑤𐑚𐑳𐑮𐑩	divergent
party spirit	NN1	RSSB	pɑːRti ˈspɪrɪt	ˈpɑːRti ˈspɪrɪt	𐑐𐑸𐑑𐑦 𐑕𐑐𐑦𐑮𐑦𐑑	𐑐𐑸𐑑𐑦𐑕𐑐𐑦𐑮𐑦𐑑	matches
party spirit	NN1	GenAm	ˌpɑːRti ˈspɪrɪt	ˈpɑːRti ˈspɪrɪt	𐑐𐑸𐑑𐑦 𐑕𐑐𐑦𐑮𐑦𐑑	𐑐𐑸𐑑𐑦𐑕𐑐𐑦𐑮𐑦𐑑	matches
in the arms of Morpheus	UNC	RSSB	ɪn ði ˈaːms əv mɔːRfɪəs	ɪn Ð ɑːRmz V ˈmɔːRfɪəs	𐑦𐑯 𐑞𐑦 𐑨𐑥𐑕 𐑩𐑝 𐑥𐑹𐑓𐑾𐑕	𐑦𐑯𐑞𐑸𐑥𐑟𐑝𐑥𐑹𐑓𐑾𐑕	divergent
in the arms of Morpheus	UNC	GenAm	ɪn ði ˈarms əv ˈmɔːRfɪəs	ɪn Ð ɑːRmz V ˈmɔːRfɪəs	𐑦𐑯 𐑞𐑦 𐑨𐑮𐑥𐑕 𐑩𐑝 𐑥𐑹𐑓𐑾𐑕	𐑦𐑯𐑞𐑸𐑥𐑟𐑝𐑥𐑹𐑓𐑾𐑕	divergent
short twentieth century	NP0	RSSB	ʃɔːRt ˌtwentɪəθ ˈsentʃʊri	ʃɔːRt ˈtwentɪəθ ˈsentʃəri	𐑖𐑹𐑑 𐑑𐑢𐑧𐑯𐑑𐑾𐑔 𐑕𐑧𐑯𐑗𐑫𐑮𐑦	𐑖𐑹𐑑𐑑𐑢𐑧𐑯𐑑𐑾𐑔𐑕𐑧𐑯𐑗𐑼𐑦	divergent
short twentieth century	NP0	GenAm	ˈʃort ˌtwentɪəθ ˈsentʃəri	ʃɔːRt ˈtwentɪəθ ˈsentʃəri	𐑖𐑪𐑮𐑑 𐑑𐑢𐑧𐑯𐑑𐑾𐑔 𐑕𐑧𐑯𐑗𐑼𐑦	𐑖𐑹𐑑𐑑𐑢𐑧𐑯𐑑𐑾𐑔𐑕𐑧𐑯𐑗𐑼𐑦	divergent
short twentieth century	NN1	RSSB	ʃɔːRt ˌtwentɪəθ ˈsentʃʊri	ʃɔːRt ˈtwentɪəθ ˈsentʃəri	𐑖𐑹𐑑 𐑑𐑢𐑧𐑯𐑑𐑾𐑔 𐑕𐑧𐑯𐑗𐑫𐑮𐑦	𐑖𐑹𐑑𐑑𐑢𐑧𐑯𐑑𐑾𐑔𐑕𐑧𐑯𐑗𐑼𐑦	divergent
short twentieth century	NN1	GenAm	ˈʃort ˌtwentɪəθ ˈsentʃəri	ʃɔːRt ˈtwentɪəθ ˈsentʃəri	𐑖𐑪𐑮𐑑 𐑑𐑢𐑧𐑯𐑑𐑾𐑔 𐑕𐑧𐑯𐑗𐑼𐑦	𐑖𐑹𐑑𐑑𐑢𐑧𐑯𐑑𐑾𐑔𐑕𐑧𐑯𐑗𐑼𐑦	divergent
free city	NN1	RSSB	friː ˈsɪti	friː ˈsɪti	𐑓𐑮𐑰 𐑕𐑦𐑑𐑦	𐑓𐑮𐑰𐑕𐑦𐑑𐑦	matches
free city	NN1	GenAm	fri ˈsɪti	friː ˈsɪti	𐑓𐑮𐑦 𐑕𐑦𐑑𐑦	𐑓𐑮𐑰𐑕𐑦𐑑𐑦	divergent
Ang Mo Kio	NP0	RSSB	ˌæŋ məʊ ˈkiəʊ		𐑨𐑙 𐑥𐑴 𐑒𐑾𐑫		unknown
secular arm	NN1	RSSB	sekjələR ɑːRm	ˈsekjələR ɑːRm	𐑕𐑧𐑒𐑘𐑩𐑤𐑼 𐑸𐑥	𐑕𐑧𐑒𐑘𐑩𐑤𐑼𐑸𐑥	matches
secular arm	NN1	GenAm	ˌsekjələr ˈɑːRm	ˈsekjələR ɑːRm	𐑕𐑧𐑒𐑘𐑩𐑤𐑼 𐑸𐑥	𐑕𐑧𐑒𐑘𐑩𐑤𐑼𐑸𐑥	matches
red packet	NN1	GenAm	ˌred ˈpækət	red ˈpækIt	𐑮𐑧𐑛 𐑐𐑨𐑒𐑩𐑑	𐑮𐑧𐑛𐑐𐑨𐑒𐑩𐑑	matches
tickler file	NN1	GenAm	tɪkələR faɪl	ˈtɪkləR faɪl	𐑑𐑦𐑒𐑩𐑤𐑼 𐑓𐑲𐑤	𐑑𐑦𐑒𐑤𐑼𐑓𐑲𐑤	divergent
wort cunning	NN1	RSSB	wɜːRtkʌnɪŋ		𐑢𐑻𐑑𐑒𐑳𐑯𐑦𐑙		unknown
wort cunning	NN1	GenAm	ˈwɜːRtˌkʌnɪŋ	wɜːRt ˈkʌnɪŋ	𐑢𐑻𐑑𐑒𐑳𐑯𐑦𐑙	𐑢𐑻𐑑𐑒𐑳𐑯𐑦𐑙	matches
in the cold light of day	UNC	RSSB	ˌɪn ðə ˈkəʊld ˌlaɪt əv ˈdeɪ	ɪn Ð kəʊld laɪt V deɪ	𐑦𐑯 𐑞𐑩 𐑒𐑴𐑤𐑛 𐑤𐑲𐑑 𐑩𐑝 𐑛𐑱	𐑦𐑯𐑞𐑒𐑴𐑤𐑛𐑤𐑲𐑑𐑝𐑛𐑱	divergent
in the cold light of day	UNC	GenAm	ˌɪn ðə ˈkoʊld ˌlaɪt əv ˈdeɪ	ɪn Ð kəʊld laɪt V deɪ	𐑦𐑯 𐑞𐑩 𐑒𐑴𐑤𐑛 𐑤𐑲𐑑 𐑩𐑝 𐑛𐑱	𐑦𐑯𐑞𐑒𐑴𐑤𐑛𐑤𐑲𐑑𐑝𐑛𐑱	divergent
ordinal numeral	NN1	RSSB	ɔːrdɪnəl njuːmərəl	ˈɔːRdɪnəl ˈnjuːmərəl	𐑹𐑛𐑦𐑯𐑩𐑤 𐑯𐑿𐑥𐑼𐑩𐑤	𐑹𐑛𐑦𐑯𐑩𐑤𐑯𐑿𐑥𐑼𐑩𐑤	matches
ordinal numeral	NN1	GenAm	ˈɔːrdnəl ˈnumɜːRəl	ˈɔːRdɪnəl ˈnuːmərəl	𐑹𐑛𐑯𐑩𐑤 𐑯𐑫𐑥𐑻𐑩𐑤	𐑹𐑛𐑦𐑯𐑩𐑤𐑯𐑵𐑥𐑼𐑩𐑤	divergent
neutral ground	NN1	GenAm	ˈnuːtrəl ɡraʊnd	ˈnuːtrəl ɡraʊnd	𐑯𐑵𐑑𐑮𐑩𐑤 𐑜𐑮𐑬𐑯𐑛	𐑯𐑵𐑑𐑮𐑩𐑤𐑜𐑮𐑬𐑯𐑛	matches
neutral ground	NN1	GenAm	ˈnuːtrl ɡraʊnd	ˈnuːtrəl ɡraʊnd	𐑯𐑵𐑑𐑮𐑤 𐑜𐑮𐑬𐑯𐑛	𐑯𐑵𐑑𐑮𐑩𐑤𐑜𐑮𐑬𐑯𐑛	divergent
camisa de chino	NN1	GenAm	kəˈmiːsə ˈdeɪ ˈtʃiːnoʊ		𐑒𐑩𐑥𐑰𐑕𐑩 𐑛𐑱 𐑗𐑰𐑯𐑴		unknown
Yoda condition	NN1	RSSB	ˌjəʊdə kənˈdɪʃən		𐑘𐑴𐑛𐑩 𐑒𐑩𐑯𐑛𐑦𐑖𐑩𐑯		unknown
Yoda condition	NN1	GenAm	ˌjoʊdə kənˈdɪʃən		𐑘𐑴𐑛𐑩 𐑒𐑩𐑯𐑛𐑦𐑖𐑩𐑯		unknown
drive to distraction	VVI	RSSB	ˌdraɪv tə dɪstrækʃən	draɪv T dɪˈstrækʃən	𐑛𐑮𐑲𐑝 𐑑𐑩 𐑛𐑦𐑕𐑑𐑮𐑨𐑒𐑖𐑩𐑯	𐑛𐑮𐑲𐑝𐑑𐑛𐑦𐑕𐑑𐑮𐑨𐑒𐑖𐑩𐑯	divergent
drive to distraction	VVI	GenAm	ˌdraɪv tə dɪsˈtrækʃən	draɪv T dɪˈstrækʃən	𐑛𐑮𐑲𐑝 𐑑𐑩 𐑛𐑦𐑕𐑑𐑮𐑨𐑒𐑖𐑩𐑯	𐑛𐑮𐑲𐑝𐑑𐑛𐑦𐑕𐑑𐑮𐑨𐑒𐑖𐑩𐑯	divergent
small fortune	NN1	RSSB	smɔːl fɔːRtʃuːn	smɔːl ˈfɔːRtʃuːn	𐑕𐑥𐑷𐑤 𐑓𐑹𐑗𐑵𐑯	𐑕𐑥𐑷𐑤𐑓𐑹𐑗𐑵𐑯	matches
small fortune	NN1	GenAm	smɒl ˈfɔːRtʃən	smɔːl ˈfɔːRtʃuːn	𐑕𐑥𐑪𐑤 𐑓𐑹𐑗𐑩𐑯	𐑕𐑥𐑷𐑤𐑓𐑹𐑗𐑵𐑯	divergent
Gaza City	NP0	GenAm	ˈɡɑːzə ˈsɪti	ˈɡⱭːzə ˈsɪti	𐑜𐑭𐑟𐑩 𐑕𐑦𐑑𐑦	𐑜𐑭𐑟𐑩𐑕𐑦𐑑𐑦	matches
The Storm	NP0	RSSB	ðə stɔːRm	Ð stɔːRm	𐑞𐑩 𐑕𐑑𐑹𐑥	𐑞𐑕𐑑𐑹𐑥	divergent
The Storm	NP0	GenAm	ðə ˈstɔːRm	Ð stɔːRm	𐑞𐑩 𐑕𐑑𐑹𐑥	𐑞𐑕𐑑𐑹𐑥	divergent
Lenten fare	NN1	RSSB	ˈlentən feər	ˈlentən feəR	𐑤𐑧𐑯𐑑𐑩𐑯 𐑓𐑺	𐑤𐑧𐑯𐑑𐑩𐑯𐑓𐑺	matches
Lenten fare	NN1	GenAm	ˈlentən ˈfeəR	ˈlentən feəR	𐑤𐑧𐑯𐑑𐑩𐑯 𐑓𐑺	𐑤𐑧𐑯𐑑𐑩𐑯𐑓𐑺	matches
teething trouble	NN1	RSSB	ˈtiːðɪŋ trʌbəl	ˈtiːðɪŋ ˈtrʌbəl	𐑑𐑰𐑞𐑦𐑙 𐑑𐑮𐑳𐑚𐑩𐑤	𐑑𐑰𐑞𐑦𐑙𐑑𐑮𐑳𐑚𐑩𐑤	matches
teething trouble	NN1	GenAm	ˈtiðɪŋ ˈtrʌbəl	ˈtiːðɪŋ ˈtrʌbəl	𐑑𐑦𐑞𐑦𐑙 𐑑𐑮𐑳𐑚𐑩𐑤	𐑑𐑰𐑞𐑦𐑙𐑑𐑮𐑳𐑚𐑩𐑤	divergent
in funds	AJ0	RSSB	ɪn ˈfʌndz	ɪn fʌndz	𐑦𐑯 𐑓𐑳𐑯𐑛𐑟	𐑦𐑯𐑓𐑳𐑯𐑛𐑟	matches
in funds	AJ0	GenAm	ɪn ˈfʌndz	ɪn fʌndz	𐑦𐑯 𐑓𐑳𐑯𐑛𐑟	𐑦𐑯𐑓𐑳𐑯𐑛𐑟	matches
jeune premier	NN1	RSSB	ˌʒəːn prəmjeɪ		𐑠𐑩𐑯 𐑐𐑮𐑩𐑥𐑘𐑱		unknown
jeune premier	NN1	GenAm	ʒən prəˈmɪər		𐑠𐑩𐑯 𐑐𐑮𐑩𐑥𐑽		unknown
overvalued idea	NN1	RSSB	əʊvərvæljuːd aɪˈdɪə	ˌəʊvəRˈvæljuːd aɪˈdɪə	𐑴𐑝𐑼𐑝𐑨𐑤𐑿𐑛 𐑲𐑛𐑾	𐑴𐑝𐑼𐑝𐑨𐑤𐑿𐑛𐑲𐑛𐑾	matches
overvalued idea	NN1	GenAm	ˌoʊvəRˈvæljud aɪˈdiə	ˌəʊvəRˈvæljuːd aɪˈdɪə	𐑴𐑝𐑼𐑝𐑨𐑤𐑘𐑫𐑛 𐑲𐑛𐑾	𐑴𐑝𐑼𐑝𐑨𐑤𐑿𐑛𐑲𐑛𐑾	divergent
Elephant and Castle	NP0	RSSB	ˈeləfənt ənd kɑːsəl	ˈelɪfənt N ˈkⱭːsəl	𐑧𐑤𐑩𐑓𐑩𐑯𐑑 𐑩𐑯𐑛 𐑒𐑭𐑕𐑩𐑤	𐑧𐑤𐑦𐑓𐑩𐑯𐑑𐑯𐑒𐑭𐑕𐑩𐑤	divergent
Park Royal	NP0	RSSB	pɑːRk rɔɪəl	pɑːRk ˈrɔɪəl	𐑐𐑸𐑒 𐑮𐑶𐑩𐑤	𐑐𐑸𐑒𐑮𐑶𐑩𐑤	matches
Green Street Green	NP0	RSSB	ɡriːn striːt ɡriːn	ɡriːn striːt ɡriːn	𐑜𐑮𐑰𐑯 𐑕𐑑𐑮𐑰𐑑 𐑜𐑮𐑰𐑯	𐑜𐑮𐑰𐑯𐑕𐑑𐑮𐑰𐑑𐑜𐑮𐑰𐑯	matches
Biggin Hill	NP0	RSSB	bɪɡɪn hɪl		𐑚𐑦𐑜𐑦𐑯 𐑣𐑦𐑤		unknown
New Malden	NP0	RSSB	nju mɔːldən		𐑯𐑘𐑫 𐑥𐑷𐑤𐑛𐑩𐑯		unknown
New Cross	NP0	RSSB	nju krɒs	njuː krɒs	𐑯𐑘𐑫 𐑒𐑮𐑪𐑕	𐑯𐑿𐑒𐑮𐑪𐑕	divergent
Raynes Park	NP0	RSSB	reɪnz pɑːRk		𐑮𐑱𐑯𐑟 𐑐𐑸𐑒		unknown
Bethnal Green	NP0	RSSB	beθnəl ɡriːn		𐑚𐑧𐑔𐑯𐑩𐑤 𐑜𐑮𐑰𐑯		unknown
Kentish Town	NP0	RSSB	kentɪʃ taʊn	ˈkentɪʃ taʊn	𐑒𐑧𐑯𐑑𐑦𐑖 𐑑𐑬𐑯	𐑒𐑧𐑯𐑑𐑦𐑖𐑑𐑬𐑯	matches
Golders Green	NP0	RSSB	ɡəʊldəRz ɡriːn		𐑜𐑴𐑤𐑛𐑼𐑟 𐑜𐑮𐑰𐑯		unknown
Finsbury Park	NP0	RSSB	fɪnzbəri pɑːRk		𐑓𐑦𐑯𐑟𐑚𐑼𐑦 𐑐𐑸𐑒		unknown
Mill Hill	NP0	RSSB	mɪl hɪl	mɪl hɪl	𐑥𐑦𐑤 𐑣𐑦𐑤	𐑥𐑦𐑤𐑣𐑦𐑤	matches
Crouch End	NP0	RSSB	kraʊtʃ end	kraʊtʃ end	𐑒𐑮𐑬𐑗 𐑧𐑯𐑛	𐑒𐑮𐑬𐑗𐑧𐑯𐑛	matches
Abbey Wood	NP0	RSSB	ˈæbiwʊd	ˈæbi wʊd	𐑨𐑚𐑦𐑢𐑫𐑛	𐑨𐑚𐑦𐑢𐑫𐑛	matches
Seven Kings	NP0	RSSB	sevən kɪŋz	ˈsevən kɪŋz	𐑕𐑧𐑝𐑩𐑯 𐑒𐑦𐑙𐑟	𐑕𐑧𐑝𐑩𐑯𐑒𐑦𐑙𐑟	matches
Hadley Wood	NP0	RSSB	hædli wʊd		𐑣𐑨𐑛𐑤𐑦 𐑢𐑫𐑛		unknown
Worcester Park	NP0	RSSB	wʊstəR pɑːRk	ˈwʊstəR pɑːRk	𐑢𐑫𐑕𐑑𐑼 𐑐𐑸𐑒	𐑢𐑫𐑕𐑑𐑼𐑐𐑸𐑒	matches
Norwood Green	NP0	RSSB	nɔːRwʊd ɡriːn		𐑯𐑹𐑢𐑫𐑛 𐑜𐑮𐑰𐑯		unknown
Winchmore Hill	NP0	RSSB	wɪntʃmɔːRhɪl		𐑢𐑦𐑯𐑗𐑥𐑹𐑣𐑦𐑤		unknown
Palmers Green	NP0	RSSB	pɑːməRzɡriːn	ˈpɑːməRz ɡriːn	𐑐𐑭𐑥𐑼𐑟𐑜𐑮𐑰𐑯	𐑐𐑭𐑥𐑼𐑟𐑜𐑮𐑰𐑯	matches
Kensal Green	NP0	RSSB	kensəl ɡriːn		𐑒𐑧𐑯𐑕𐑩𐑤 𐑜𐑮𐑰𐑯		unknown
Maida Vale	NP0	RSSB	meɪdəveɪl		𐑥𐑱𐑛𐑩𐑝𐑱𐑤		unknown
Marble Arch	NP0	RSSB	mɑːRbəl ɑːRtʃ	ˈmɑːRbəl ɑːRtʃ	𐑥𐑸𐑚𐑩𐑤 𐑸𐑗	𐑥𐑸𐑚𐑩𐑤𐑸𐑗	matches
Notting Hill	NP0	RSSB	nɒtɪŋ hɪl	ˈnɒtɪŋ hɪl	𐑯𐑪𐑑𐑦𐑙 𐑣𐑦𐑤	𐑯𐑪𐑑𐑦𐑙𐑣𐑦𐑤	matches
Shepherd's Bush	NP0	RSSB	ʃepəRdz bʊʃ		𐑖𐑧𐑐𐑼𐑛𐑟 𐑚𐑫𐑖		unknown
North Kensington	NP0	RSSB	nɔːRθ kenzɪŋtən	nɔːRθ ˈkenzɪŋtən	𐑯𐑹𐑔 𐑒𐑧𐑯𐑟𐑦𐑙𐑑𐑩𐑯	𐑯𐑹𐑔𐑒𐑧𐑯𐑟𐑦𐑙𐑑𐑩𐑯	matches
South Bucks	NP0	RSSB	saʊθ bʌks	saʊθ bʌks	𐑕𐑬𐑔 𐑚𐑳𐑒𐑕	𐑕𐑬𐑔𐑚𐑳𐑒𐑕	matches
Harrow Weald	NP0	RSSB	hærəʊ wiːld	ˈhærəʊ wiːld	𐑣𐑨𐑮𐑴 𐑢𐑰𐑤𐑛	𐑣𐑨𐑮𐑴𐑢𐑰𐑤𐑛	matches
Old Ford	NP0	RSSB	əʊld fɔːRd	əʊld fɔːRd	𐑴𐑤𐑛 𐑓𐑹𐑛	𐑴𐑤𐑛𐑓𐑹𐑛	matches
Mile End	NP0	RSSB	mʌɪl end	maɪl end	𐑥𐑳𐑦𐑤 𐑧𐑯𐑛	𐑥𐑲𐑤𐑧𐑯𐑛	divergent
Canning Town	NP0	RSSB	kænɪŋ taʊn	ˈkænɪŋ taʊn	𐑒𐑨𐑯𐑦𐑙 𐑑𐑬𐑯	𐑒𐑨𐑯𐑦𐑙𐑑𐑬𐑯	matches
Grove Park	NP0	RSSB	ɡrəʊv pɑːRk	ɡrəʊv pɑːRk	𐑜𐑮𐑴𐑝 𐑐𐑸𐑒	𐑜𐑮𐑴𐑝𐑐𐑸𐑒	matches
St Mary Cray	NP0	RSSB	sɪnt mɜːri kreɪ		𐑕𐑦𐑯𐑑 𐑥𐑻𐑦 𐑒𐑮𐑱		unknown
cushy number	NN1	RSSB	ˌkʊʃi nʌmbəR	ˈkʊʃi ˈnʌmbəR	𐑒𐑫𐑖𐑦 𐑯𐑳𐑥𐑚𐑼	𐑒𐑫𐑖𐑦𐑯𐑳𐑥𐑚𐑼	matches
cushy number	NN1	GenAm	ˌkʊʃi ˈnʌmbəR	ˈkʊʃi ˈnʌmbəR	𐑒𐑫𐑖𐑦 𐑯𐑳𐑥𐑚𐑼	𐑒𐑫𐑖𐑦𐑯𐑳𐑥𐑚𐑼	matches
Mendip Hills	NP0	RSSB	mendɪp hɪlz		𐑥𐑧𐑯𐑛𐑦𐑐 𐑣𐑦𐑤𐑟		unknown
shock stall	NN1	RSSB	ˈʃɒk ˌstɔːl	ʃɒk stɔːl	𐑖𐑪𐑒 𐑕𐑑𐑷𐑤	𐑖𐑪𐑒𐑕𐑑𐑷𐑤	matches
shock stall	NN1	GenAm	ˈʃɒk ˌstɒl	ʃɒk stɔːl	𐑖𐑪𐑒 𐑕𐑑𐑪𐑤	𐑖𐑪𐑒𐑕𐑑𐑷𐑤	divergent
shock stall	VVI	RSSB	ˈʃɒk ˌstɔːl	ʃɒk stɔːl	𐑖𐑪𐑒 𐑕𐑑𐑷𐑤	𐑖𐑪𐑒𐑕𐑑𐑷𐑤	matches
shock stall	VVI	GenAm	ˈʃɒk ˌstɒl	ʃɒk stɔːl	𐑖𐑪𐑒 𐑕𐑑𐑪𐑤	𐑖𐑪𐑒𐑕𐑑𐑷𐑤	divergent
tread the boards	VVI	RSSB	ˌtred ðə bɔːRdz	tred Ð bɔːRdz	𐑑𐑮𐑧𐑛 𐑞𐑩 𐑚𐑹𐑛𐑟	𐑑𐑮𐑧𐑛𐑞𐑚𐑹𐑛𐑟	divergent
tread the boards	VVI	GenAm	ˌtred ðə ˈbordz	tred Ð bɔːRdz	𐑑𐑮𐑧𐑛 𐑞𐑩 𐑚𐑪𐑮𐑛𐑟	𐑑𐑮𐑧𐑛𐑞𐑚𐑹𐑛𐑟	divergent
Sherman necktie	NN1	RSSB	ʃɜːRmən ˈnektaɪ		𐑖𐑻𐑥𐑩𐑯 𐑯𐑧𐑒𐑑𐑲		unknown
Sherman necktie	NN1	GenAm	ˈʃɜːRmən ˈnektaɪ		𐑖𐑻𐑥𐑩𐑯 𐑯𐑧𐑒𐑑𐑲		unknown
heel turn	NN1	RSSB	ˈhiːl təRːn	hiːl tɜːRn	𐑣𐑰𐑤 𐑑𐑼𐑯	𐑣𐑰𐑤𐑑𐑻𐑯	divergent
heel turn	NN1	GenAm	ˈhil ˌtəRn	hiːl tɜːRn	𐑣𐑦𐑤 𐑑𐑼𐑯	𐑣𐑰𐑤𐑑𐑻𐑯	divergent
law day	NN1	RSSB	ˈlɔːˌdeɪ	lɔː deɪ	𐑤𐑷𐑛𐑱	𐑤𐑷𐑛𐑱	matches
law day	NN1	GenAm	ˈlɒˌdeɪ	lɔː deɪ	𐑤𐑪𐑛𐑱	𐑤𐑷𐑛𐑱	divergent
go for gold	VVI	RSSB	ˌɡəʊ fəR ˈɡəʊld	ɡəʊ F ɡəʊld	𐑜𐑴 𐑓𐑼 𐑜𐑴𐑤𐑛	𐑜𐑴𐑓𐑜𐑴𐑤𐑛	divergent
go for gold	VVI	GenAm	ˌɡoʊ fər ˈɡoʊld	ɡəʊ F ɡəʊld	𐑜𐑴 𐑓𐑼 𐑜𐑴𐑤𐑛	𐑜𐑴𐑓𐑜𐑴𐑤𐑛	divergent
hold good	VVI	RSSB	ˌhəʊld ˈɡʊd	həʊld ɡʊd	𐑣𐑴𐑤𐑛 𐑜𐑫𐑛	𐑣𐑴𐑤𐑛𐑜𐑫𐑛	matches
hold good	VVI	GenAm	ˌhoʊld ˈɡʊd	həʊld ɡʊd	𐑣𐑴𐑤𐑛 𐑜𐑫𐑛	𐑣𐑴𐑤𐑛𐑜𐑫𐑛	matches
airs and graces	NN1	RSSB	eəRzən ɡreɪsƏz	eəRz N ˈɡreɪsƏz	𐑺𐑟𐑩𐑯 𐑜𐑮𐑱𐑕𐑩𐑟	𐑺𐑟𐑯𐑜𐑮𐑱𐑕𐑩𐑟	divergent
airs and graces	NN1	GenAm	ˌeəRzən ˈɡreɪsƏz	eəRz N ˈɡreɪsƏz	𐑺𐑟𐑩𐑯 𐑜𐑮𐑱𐑕𐑩𐑟	𐑺𐑟𐑯𐑜𐑮𐑱𐑕𐑩𐑟	divergent
hawthorn berry	NN1	RSSB	hɔːθɔːRn ˌberi	ˈhɔːθɔːRn ˈberi	𐑣𐑷𐑔𐑹𐑯 𐑚𐑧𐑮𐑦	𐑣𐑷𐑔𐑹𐑯𐑚𐑧𐑮𐑦	matches
hawthorn berry	NN1	GenAm	ˈhɒθɔːRn ˌberi	ˈhɔːθɔːRn ˈberi	𐑣𐑪𐑔𐑹𐑯 𐑚𐑧𐑮𐑦	𐑣𐑷𐑔𐑹𐑯𐑚𐑧𐑮𐑦	divergent
washing bin	NN1	RSSB	ˈwɒʃɪŋ ˌbɪn	ˈwɒʃɪŋ bɪn	𐑢𐑪𐑖𐑦𐑙 𐑚𐑦𐑯	𐑢𐑪𐑖𐑦𐑙𐑚𐑦𐑯	matches
after one's own soul	UNC	RSSB	æftəR wʌnz əʊn ˈsəʊl	ˈⱭːftəR wʌnz əʊn səʊl	𐑨𐑓𐑑𐑼 𐑢𐑳𐑯𐑟 𐑴𐑯 𐑕𐑴𐑤	𐑭𐑓𐑑𐑼𐑢𐑳𐑯𐑟𐑴𐑯𐑕𐑴𐑤	matches
after one's own soul	UNC	GenAm	ˈæftəR wʌnz oʊn ˈsoʊl	ˈⱭːftəR wʌnz əʊn səʊl	𐑨𐑓𐑑𐑼 𐑢𐑳𐑯𐑟 𐑴𐑯 𐑕𐑴𐑤	𐑭𐑓𐑑𐑼𐑢𐑳𐑯𐑟𐑴𐑯𐑕𐑴𐑤	matches
last chance saloon	NN1	RSSB	ˌlɑːsttʃɑːns səˈluːn	lⱭːst tʃⱭːns səˈluːn	𐑤𐑭𐑕𐑑𐑗𐑭𐑯𐑕 𐑕𐑩𐑤𐑵𐑯	𐑤𐑭𐑕𐑑𐑗𐑭𐑯𐑕𐑕𐑩𐑤𐑵𐑯	matches
last chance saloon	NN1	GenAm	ˌlæstˌtʃæns səˈlun	lⱭːst tʃⱭːns səˈluːn	𐑤𐑨𐑕𐑑𐑗𐑨𐑯𐑕 𐑕𐑩𐑤𐑫𐑯	𐑤𐑭𐑕𐑑𐑗𐑭𐑯𐑕𐑕𐑩𐑤𐑵𐑯	divergent
Labrador tea	NN1	RSSB	læbrədɔːrti	ˈlæbrədɔːR tiː	𐑤𐑨𐑚𐑮𐑩𐑛𐑹𐑑𐑦	𐑤𐑨𐑚𐑮𐑩𐑛𐑹𐑑𐑰	divergent
behind every successful man there stands a woman	UNC	RSSB	bɪˈhaɪnd ˌevri səkˈsesfəl ˈmæn ðeəR ˈstændz ə ˈwʊmən	bɪˈhaɪnd ˈevri səkˈsesfəl mæn ðeəR stændz ə ˈwʊmən	𐑚𐑦𐑣𐑲𐑯𐑛 𐑧𐑝𐑮𐑦 𐑕𐑩𐑒𐑕𐑧𐑕𐑓𐑩𐑤 𐑥𐑨𐑯 𐑞𐑺 𐑕𐑑𐑨𐑯𐑛𐑟 𐑩 𐑢𐑫𐑥𐑩𐑯	𐑚𐑦𐑣𐑲𐑯𐑛𐑧𐑝𐑮𐑦𐑕𐑩𐑒𐑕𐑧𐑕𐑓𐑩𐑤𐑥𐑨𐑯𐑞𐑺𐑕𐑑𐑨𐑯𐑛𐑟𐑩𐑢𐑫𐑥𐑩𐑯	matches
behind every successful man there stands a woman	UNC	GenAm	bɪˈhaɪnd ˌevri səkˈsesfəl ˈmæn ðeəR ˈstændz ə ˈwʊmən	bɪˈhaɪnd ˈevri səkˈsesfəl mæn ðeəR stændz ə ˈwʊmən	𐑚𐑦𐑣𐑲𐑯𐑛 𐑧𐑝𐑮𐑦 𐑕𐑩𐑒𐑕𐑧𐑕𐑓𐑩𐑤 𐑥𐑨𐑯 𐑞𐑺 𐑕𐑑𐑨𐑯𐑛𐑟 𐑩 𐑢𐑫𐑥𐑩𐑯	𐑚𐑦𐑣𐑲𐑯𐑛𐑧𐑝𐑮𐑦𐑕𐑩𐑒𐑕𐑧𐑕𐑓𐑩𐑤𐑥𐑨𐑯𐑞𐑺𐑕𐑑𐑨𐑯𐑛𐑟𐑩𐑢𐑫𐑥𐑩𐑯	matches
real school	NN1	RSSB	rɪəl ˌskuːl	rɪəl skuːl	𐑮𐑾𐑤 𐑕𐑒𐑵𐑤	𐑮𐑾𐑤𐑕𐑒𐑵𐑤	matches
real school	NN1	GenAm	ˈril ˌskul	rɪəl skuːl	𐑮𐑦𐑤 𐑕𐑒𐑫𐑤	𐑮𐑾𐑤𐑕𐑒𐑵𐑤	divergent
real school	NN1	GenAm	ˈriəl ˌskul	rɪəl skuːl	𐑮𐑾𐑤 𐑕𐑒𐑫𐑤	𐑮𐑾𐑤𐑕𐑒𐑵𐑤	divergent
3D printed	AJ0	RSSB	θriː diː prɪntəd		𐑔𐑮𐑰 𐑛𐑰 𐑐𐑮𐑦𐑯𐑑𐑩𐑛		unknown
3D printed	AJ0	GenAm	ˈθri ˈdi ˈprɪntƏd		𐑔𐑮𐑦 𐑛𐑦 𐑐𐑮𐑦𐑯𐑑𐑩𐑛		unknown
3D printed	VVI	RSSB	θriː diː prɪntəd		𐑔𐑮𐑰 𐑛𐑰 𐑐𐑮𐑦𐑯𐑑𐑩𐑛		unknown
3D printed	VVI	GenAm	ˈθri ˈdi ˈprɪntƏd		𐑔𐑮𐑦 𐑛𐑦 𐑐𐑮𐑦𐑯𐑑𐑩𐑛		unknown
stack talk	NN1	RSSB	ˈstæk tɔːk	stæk tɔːk	𐑕𐑑𐑨𐑒 𐑑𐑷𐑒	𐑕𐑑𐑨𐑒𐑑𐑷𐑒	matches
stack talk	NN1	GenAm	ˈstæk ˌtɒk	stæk tɔːk	𐑕𐑑𐑨𐑒 𐑑𐑪𐑒	𐑕𐑑𐑨𐑒𐑑𐑷𐑒	divergent
gender euphoria	NN1	GenAm	ˈdʒendəR juˈfɔːRiə	ˈdʒendəR juːˈfɔːrɪə	𐑡𐑧𐑯𐑛𐑼 𐑘𐑫𐑓𐑹𐑾	𐑡𐑧𐑯𐑛𐑼𐑿𐑓𐑹𐑾	divergent
shock stalling	NN1	RSSB	ˈʃɒk ˌstɔːlɪŋ	ʃɒk ˈstɔːlɪŋ	𐑖𐑪𐑒 𐑕𐑑𐑷𐑤𐑦𐑙	𐑖𐑪𐑒𐑕𐑑𐑷𐑤𐑦𐑙	matches
shock stalling	NN1	GenAm	ˈʃɒk ˌstɒlɪŋ	ʃɒk ˈstɔːlɪŋ	𐑖𐑪𐑒 𐑕𐑑𐑪𐑤𐑦𐑙	𐑖𐑪𐑒𐑕𐑑𐑷𐑤𐑦𐑙	divergent
shock stalling	VVI	RSSB	ˈʃɒk ˌstɔːlɪŋ	ʃɒk ˈstɔːlɪŋ	𐑖𐑪𐑒 𐑕𐑑𐑷𐑤𐑦𐑙	𐑖𐑪𐑒𐑕𐑑𐑷𐑤𐑦𐑙	matches
shock stalling	VVI	GenAm	ˈʃɒk ˌstɒlɪŋ	ʃɒk ˈstɔːlɪŋ	𐑖𐑪𐑒 𐑕𐑑𐑪𐑤𐑦𐑙	𐑖𐑪𐑒𐑕𐑑𐑷𐑤𐑦𐑙	divergent
a woman without a man is like a fish without a bicycle	UNC	RSSB	ə ˈwʊmən wɪðˌaʊt ə ˈmæn ɪz laɪk ə ˈfɪʃ wɪðˌaʊt ə ˈbaɪsɪkəl	ə ˈwʊmən wɪðˈaʊt ə mæn ɪz laɪk ə fɪʃ wɪðˈaʊt ə ˈbaɪsɪkəl	𐑩 𐑢𐑫𐑥𐑩𐑯 𐑢𐑦𐑞𐑬𐑑 𐑩 𐑥𐑨𐑯 𐑦𐑟 𐑤𐑲𐑒 𐑩 𐑓𐑦𐑖 𐑢𐑦𐑞𐑬𐑑 𐑩 𐑚𐑲𐑕𐑦𐑒𐑩𐑤	𐑩𐑢𐑫𐑥𐑩𐑯𐑢𐑦𐑞𐑬𐑑𐑩𐑥𐑨𐑯𐑦𐑟𐑤𐑲𐑒𐑩𐑓𐑦𐑖𐑢𐑦𐑞𐑬𐑑𐑩𐑚𐑲𐑕𐑦𐑒𐑩𐑤	matches
a woman without a man is like a fish without a bicycle	UNC	GenAm	ə ˈwʊmən wɪðˌaʊt ə ˈmæn ɪz laɪk ə ˈfɪʃ wɪðˌaʊt ə ˈbaɪˌsɪkəl	ə ˈwʊmən wɪðˈaʊt ə mæn ɪz laɪk ə fɪʃ wɪðˈaʊt ə ˈbaɪsɪkəl	𐑩 𐑢𐑫𐑥𐑩𐑯 𐑢𐑦𐑞𐑬𐑑 𐑩 𐑥𐑨𐑯 𐑦𐑟 𐑤𐑲𐑒 𐑩 𐑓𐑦𐑖 𐑢𐑦𐑞𐑬𐑑 𐑩 𐑚𐑲𐑕𐑦𐑒𐑩𐑤	𐑩𐑢𐑫𐑥𐑩𐑯𐑢𐑦𐑞𐑬𐑑𐑩𐑥𐑨𐑯𐑦𐑟𐑤𐑲𐑒𐑩𐑓𐑦𐑖𐑢𐑦𐑞𐑬𐑑𐑩𐑚𐑲𐑕𐑦𐑒𐑩𐑤	matches
job's a good 'un	UNC	RSSB	ˌdʒɒbz ə ˈɡʊdən		𐑡𐑪𐑚𐑟 𐑩 𐑜𐑫𐑛𐑩𐑯		unknown
deep cut	NN1	GenAm	ˈdip kʌt	diːp kʌt	𐑛𐑦𐑐 𐑒𐑳𐑑	𐑛𐑰𐑐𐑒𐑳𐑑	divergent
curly cuh	NN1	RSSB	kɜːRli kə		𐑒𐑻𐑤𐑦 𐑒𐑩		unknown
kicking kuh	NN1	RSSB	ˈkɪkɪŋ ˈkə		𐑒𐑦𐑒𐑦𐑙 𐑒𐑩		unknown
open world	NN1	RSSB	ˌəʊpən wɜːRld	ˈəʊpən wɜːRld	𐑴𐑐𐑩𐑯 𐑢𐑻𐑤𐑛	𐑴𐑐𐑩𐑯𐑢𐑻𐑤𐑛	matches
open world	NN1	GenAm	ˌoʊpən ˈwɜːRld	ˈəʊpən wɜːRld	𐑴𐑐𐑩𐑯 𐑢𐑻𐑤𐑛	𐑴𐑐𐑩𐑯𐑢𐑻𐑤𐑛	matches
poor dab	NN1	RSSB	pʊərdæb	pʊəR dæb	𐑐𐑫𐑼𐑛𐑨𐑚	𐑐𐑫𐑼𐑛𐑨𐑚	matches
poor dab	NN1	RSSB	pɔːR ˈdæb	pʊəR dæb	𐑐𐑹 𐑛𐑨𐑚	𐑐𐑫𐑼𐑛𐑨𐑚	divergent
poor dab	ITJ	RSSB	pʊərdæb	pʊəR dæb	𐑐𐑫𐑼𐑛𐑨𐑚	𐑐𐑫𐑼𐑛𐑨𐑚	matches
poor dab	ITJ	RSSB	pɔːR ˈdæb	pʊəR dæb	𐑐𐑹 𐑛𐑨𐑚	𐑐𐑫𐑼𐑛𐑨𐑚	divergent
Punkie Night	NP0	RSSB	ˈpʌŋki ˌnaɪt		𐑐𐑳𐑙𐑒𐑦 𐑯𐑲𐑑		unknown
Punkie Night	NP0	GenAm	ˈpʌŋki ˌnaɪt		𐑐𐑳𐑙𐑒𐑦 𐑯𐑲𐑑		unknown
sunlit uplands	NN1	RSSB	ˌsʌnlɪt ˈʌpləndz	ˈsʌnlɪt ˈʌpləndz	𐑕𐑳𐑯𐑤𐑦𐑑 𐑳𐑐𐑤𐑩𐑯𐑛𐑟	𐑕𐑳𐑯𐑤𐑦𐑑𐑳𐑐𐑤𐑩𐑯𐑛𐑟	matches
sunlit uplands	NN1	GenAm	ˌsʌnlɪt ˈʌpləndz	ˈsʌnlɪt ˈʌpləndz	𐑕𐑳𐑯𐑤𐑦𐑑 𐑳𐑐𐑤𐑩𐑯𐑛𐑟	𐑕𐑳𐑯𐑤𐑦𐑑𐑳𐑐𐑤𐑩𐑯𐑛𐑟	matches
sunny uplands	NN1	RSSB	ˌsʌniː ˈʌpləndz	ˈsʌni ˈʌpləndz	𐑕𐑳𐑯𐑰 𐑳𐑐𐑤𐑩𐑯𐑛𐑟	𐑕𐑳𐑯𐑦𐑳𐑐𐑤𐑩𐑯𐑛𐑟	divergent
sunny uplands	NN1	GenAm	ˌsʌni ˈʌpləndz	ˈsʌni ˈʌpləndz	𐑕𐑳𐑯𐑦 𐑳𐑐𐑤𐑩𐑯𐑛𐑟	𐑕𐑳𐑯𐑦𐑳𐑐𐑤𐑩𐑯𐑛𐑟	matches
apples of the eye	NN1	GenAm	ˈæpəlzəvðiˈaɪ	ˈæpəlz V Ð aɪ	𐑨𐑐𐑩𐑤𐑟𐑩𐑝𐑞𐑦𐑲	𐑨𐑐𐑩𐑤𐑟𐑝𐑞𐑲	divergent
grapefruit spoon	NN1	RSSB	ˈɡreɪpfruːt ˌspuːn	ˈɡreɪpfruːt spuːn	𐑜𐑮𐑱𐑐𐑓𐑮𐑵𐑑 𐑕𐑐𐑵𐑯	𐑜𐑮𐑱𐑐𐑓𐑮𐑵𐑑𐑕𐑐𐑵𐑯	matches
grapefruit spoon	NN1	GenAm	ˌɡreɪpfrut ˈspun	ˈɡreɪpfruːt spuːn	𐑜𐑮𐑱𐑐𐑓𐑮𐑫𐑑 𐑕𐑐𐑫𐑯	𐑜𐑮𐑱𐑐𐑓𐑮𐑵𐑑𐑕𐑐𐑵𐑯	divergent
pickle fork	NN1	RSSB	ˈpɪkəl fɔːRk	ˈpɪkəl fɔːRk	𐑐𐑦𐑒𐑩𐑤 𐑓𐑹𐑒	𐑐𐑦𐑒𐑩𐑤𐑓𐑹𐑒	matches
pickle fork	NN1	GenAm	ˌpɪkəl ˈfɔːRk	ˈpɪkəl fɔːRk	𐑐𐑦𐑒𐑩𐑤 𐑓𐑹𐑒	𐑐𐑦𐑒𐑩𐑤𐑓𐑹𐑒	matches
cocktail fork	NN1	RSSB	ˈkɒkteɪl fɔːRk	ˈkɒkteɪl fɔːRk	𐑒𐑪𐑒𐑑𐑱𐑤 𐑓𐑹𐑒	𐑒𐑪𐑒𐑑𐑱𐑤𐑓𐑹𐑒	matches
cocktail fork	NN1	GenAm	ˌkɒkˌteɪl ˈfɔːRk	ˈkɒkteɪl fɔːRk	𐑒𐑪𐑒𐑑𐑱𐑤 𐑓𐑹𐑒	𐑒𐑪𐑒𐑑𐑱𐑤𐑓𐑹𐑒	matches
egg spoon	NN1	RSSB	ˈeɡ ˌspuːn	eɡ spuːn	𐑧𐑜 𐑕𐑐𐑵𐑯	𐑧𐑜𐑕𐑐𐑵𐑯	matches
egg spoon	NN1	GenAm	ˌeɡ ˈspun	eɡ spuːn	𐑧𐑜 𐑕𐑐𐑫𐑯	𐑧𐑜𐑕𐑐𐑵𐑯	divergent
climate strike	NN1	GenAm	ˈklaɪmət straik	ˈklaɪmət straɪk	𐑒𐑤𐑲𐑥𐑩𐑑 𐑕𐑑𐑮𐑨𐑦𐑒	𐑒𐑤𐑲𐑥𐑩𐑑𐑕𐑑𐑮𐑲𐑒	divergent
fall into a trap	VVI	RSSB	fɔːl ɪntə ə træp	fɔːl ˈɪntuː ə træp	𐑓𐑷𐑤 𐑦𐑯𐑑𐑩 𐑩 𐑑𐑮𐑨𐑐	𐑓𐑷𐑤𐑦𐑯𐑑𐑵𐑩𐑑𐑮𐑨𐑐	divergent
fall into a trap	VVI	GenAm	fɑːl ɪntə ə træp	fɔːl ˈɪntuː ə træp	𐑓𐑭𐑤 𐑦𐑯𐑑𐑩 𐑩 𐑑𐑮𐑨𐑐	𐑓𐑷𐑤𐑦𐑯𐑑𐑵𐑩𐑑𐑮𐑨𐑐	divergent
Gidea Park	NP0	RSSB	ɡɪdiə pɑːRk		𐑜𐑦𐑛𐑾 𐑐𐑸𐑒		unknown
Havre de Grace	NP0	GenAm	ˌhævəR dəˈɡreɪs		𐑣𐑨𐑝𐑼 𐑛𐑩𐑜𐑮𐑱𐑕		unknown
Havre de Grace	NP0	GenAm	ˌhævəR dəˈɡræs		𐑣𐑨𐑝𐑼 𐑛𐑩𐑜𐑮𐑨𐑕		unknown
El Capitan	NP0	GenAm	el kæpəˈtæn		𐑧𐑤 𐑒𐑨𐑐𐑩𐑑𐑨𐑯		unknown
Bounds Green	NP0	RSSB	baʊndzɡriːn	baʊndz ɡriːn	𐑚𐑬𐑯𐑛𐑟𐑜𐑮𐑰𐑯	𐑚𐑬𐑯𐑛𐑟𐑜𐑮𐑰𐑯	matches
Colwyn Bay	NP0	RSSB	ˌkɒlwɪn ˈbeɪ		𐑒𐑪𐑤𐑢𐑦𐑯 𐑚𐑱		unknown
prima mobilia	NN1	RSSB	praɪmə məʊˈbɪliə		𐑐𐑮𐑲𐑥𐑩 𐑥𐑴𐑚𐑦𐑤𐑾		unknown
prima mobilia	NN1	GenAm	ˌpraɪmə ˌmoʊˈbɪliə		𐑐𐑮𐑲𐑥𐑩 𐑥𐑴𐑚𐑦𐑤𐑾		unknown
holler copper	VVI	GenAm	ˌhɒləR ˈkɒpəR	ˈhɒləR ˈkɒpəR	𐑣𐑪𐑤𐑼 𐑒𐑪𐑐𐑼	𐑣𐑪𐑤𐑼𐑒𐑪𐑐𐑼	matches
St Pancras	NP0	RSSB	sənt pæŋkrəs	sənt ˈpæŋkrəs	𐑕𐑩𐑯𐑑 𐑐𐑨𐑙𐑒𐑮𐑩𐑕	𐑕𐑩𐑯𐑑𐑐𐑨𐑙𐑒𐑮𐑩𐑕	matches
Saint Martin	NP0	GenAm	ˌseɪnt ˈmɑːRtɪn	ˈseɪnt ˈmɑːRtɪn	𐑕𐑱𐑯𐑑 𐑥𐑸𐑑𐑦𐑯	𐑕𐑱𐑯𐑑𐑥𐑸𐑑𐑦𐑯	matches
Saint Martin	NP0	RSSB	ˌseɪnt mɑːRtɪn	ˈseɪnt ˈmɑːRtɪn	𐑕𐑱𐑯𐑑 𐑥𐑸𐑑𐑦𐑯	𐑕𐑱𐑯𐑑𐑥𐑸𐑑𐑦𐑯	matches
Saint Martin	NP0	GenAm	ˌseɪnt ˈmɑːRtən	ˈseɪnt ˈmɑːRtɪn	𐑕𐑱𐑯𐑑 𐑥𐑸𐑑𐑩𐑯	𐑕𐑱𐑯𐑑𐑥𐑸𐑑𐑦𐑯	matches
yardage book	NN1	RSSB	jɑːRdɪdʒ ˌbʊk		𐑘𐑸𐑛𐑦𐑡 𐑚𐑫𐑒		unknown
yardage books	NN1	RSSB	jɑːRdɪdʒ ˌbʊks		𐑘𐑸𐑛𐑦𐑡 𐑚𐑫𐑒𐑕		unknown
Los Altos	NP0	GenAm	ləʊs ˈæltoʊs	lɒs ˈæltəʊz	𐑤𐑴𐑕 𐑨𐑤𐑑𐑴𐑕	𐑤𐑪𐑕𐑨𐑤𐑑𐑴𐑟	divergent
Los Altos	NP0	GenAm	lɒs ˈæltoʊs	lɒs ˈæltəʊz	𐑤𐑪𐑕 𐑨𐑤𐑑𐑴𐑕	𐑤𐑪𐑕𐑨𐑤𐑑𐑴𐑟	divergent
Monte Rio	NP0	GenAm	ˈmɒnə ˈrioʊ	ˈmɒnti ˈriəʊ	𐑥𐑪𐑯𐑩 𐑮𐑦𐑴	𐑥𐑪𐑯𐑑𐑦𐑮𐑾𐑫	divergent
Bantersaurus Rex	NN1	RSSB	bæntəRsɔːrəs ˈreks		𐑚𐑨𐑯𐑑𐑼𐑕𐑹𐑩𐑕 𐑮𐑧𐑒𐑕		unknown
Trumpster fire	NN1	RSSB	trʌmpstəRfaɪər		𐑑𐑮𐑳𐑥𐑐𐑕𐑑𐑼𐑓𐑲𐑼		unknown
Trumpster fire	NN1	GenAm	ˈtrʌmpstəRˈfaɪər	ˈtrʌmpstəR ˈfaɪəR	𐑑𐑮𐑳𐑥𐑐𐑕𐑑𐑼𐑓𐑲𐑼	𐑑𐑮𐑳𐑥𐑐𐑕𐑑𐑼𐑓𐑲𐑼	matches
debt obligation	NN1	GenAm	det ɒbləˈɡeɪʃən	det ˌɒblɪˈɡeɪʃən	𐑛𐑧𐑑 𐑪𐑚𐑤𐑩𐑜𐑱𐑖𐑩𐑯	𐑛𐑧𐑑𐑪𐑚𐑤𐑦𐑜𐑱𐑖𐑩𐑯	matches
least flycatcher	NN1	RSSB	liːst flaɪkætʃər	liːst ˈflaɪkætʃəR	𐑤𐑰𐑕𐑑 𐑓𐑤𐑲𐑒𐑨𐑗𐑼	𐑤𐑰𐑕𐑑𐑓𐑤𐑲𐑒𐑨𐑗𐑼	matches
least flycatcher	NN1	GenAm	list flaɪˈkætʃəR	liːst ˈflaɪkætʃəR	𐑤𐑦𐑕𐑑 𐑓𐑤𐑲𐑒𐑨𐑗𐑼	𐑤𐑰𐑕𐑑𐑓𐑤𐑲𐑒𐑨𐑗𐑼	divergent
least flycatcher	NN1	GenAm	ˈketʃəR	liːst ˈflaɪkætʃəR	𐑒𐑧𐑗𐑼	𐑤𐑰𐑕𐑑𐑓𐑤𐑲𐑒𐑨𐑗𐑼	divergent
que sera sera	UNC	RSSB	ˈkeɪ serɑː serɑː		𐑒𐑱 𐑕𐑧𐑮𐑭 𐑕𐑧𐑮𐑭		unknown
que será, será	UNC	RSSB	ˈkeɪ serɑː serɑː		𐑒𐑱 𐑕𐑧𐑮𐑭 𐑕𐑧𐑮𐑭		unknown
pink tea	NN1	RSSB	pɪŋk ˈtiː	pɪŋk tiː	𐑐𐑦𐑙𐑒 𐑑𐑰	𐑐𐑦𐑙𐑒𐑑𐑰	matches
pink tea	NN1	GenAm	pɪŋk ˈti	pɪŋk tiː	𐑐𐑦𐑙𐑒 𐑑𐑦	𐑐𐑦𐑙𐑒𐑑𐑰	divergent
strangle the parrot	VVI	RSSB	stræŋɡəl ðə pærət	ˈstræŋɡəl Ð ˈpærət	𐑕𐑑𐑮𐑨𐑙𐑜𐑩𐑤 𐑞𐑩 𐑐𐑨𐑮𐑩𐑑	𐑕𐑑𐑮𐑨𐑙𐑜𐑩𐑤𐑞𐑐𐑨𐑮𐑩𐑑	divergent
strangle the parrot	VVI	GenAm	ˌstræŋɡəl ðə ˈpærət	ˈstræŋɡəl Ð ˈpærət	𐑕𐑑𐑮𐑨𐑙𐑜𐑩𐑤 𐑞𐑩 𐑐𐑨𐑮𐑩𐑑	𐑕𐑑𐑮𐑨𐑙𐑜𐑩𐑤𐑞𐑐𐑨𐑮𐑩𐑑	divergent
two left hands	NN1	RSSB	tuː left hændz	tuː left hændz	𐑑𐑵 𐑤𐑧𐑓𐑑 𐑣𐑨𐑯𐑛𐑟	𐑑𐑵𐑤𐑧𐑓𐑑𐑣𐑨𐑯𐑛𐑟	matches
New Rochelle	NP0	GenAm	ˌnu rəˈʃel	nuː ˌrɒˈʃel	𐑯𐑫 𐑮𐑩𐑖𐑧𐑤	𐑯𐑵𐑮𐑪𐑖𐑧𐑤	divergent
New Rochelle	NP0	RSSB	njuː rɒˈʃel	njuː ˌrɒˈʃel	𐑯𐑿 𐑮𐑪𐑖𐑧𐑤	𐑯𐑿𐑮𐑪𐑖𐑧𐑤	matches
New Rochelle	NP0	RSSB	njuː rəʃel	njuː ˌrɒˈʃel	𐑯𐑿 𐑮𐑩𐑖𐑧𐑤	𐑯𐑿𐑮𐑪𐑖𐑧𐑤	divergent
social distancing	NN1	GenAm	ˈsoʊʃəl ˌdɪstəntsɪŋ	ˈsəʊʃəl ˈdɪstənsɪŋ	𐑕𐑴𐑖𐑩𐑤 𐑛𐑦𐑕𐑑𐑩𐑯𐑑𐑕𐑦𐑙	𐑕𐑴𐑖𐑩𐑤𐑛𐑦𐑕𐑑𐑩𐑯𐑕𐑦𐑙	divergent
social distancing	NN1	RSSB	ˈsəʊʃəl ˌdɪstəntsɪŋ	ˈsəʊʃəl ˈdɪstənsɪŋ	𐑕𐑴𐑖𐑩𐑤 𐑛𐑦𐑕𐑑𐑩𐑯𐑑𐑕𐑦𐑙	𐑕𐑴𐑖𐑩𐑤𐑛𐑦𐑕𐑑𐑩𐑯𐑕𐑦𐑙	divergent
social distancing	VVI	GenAm	ˈsoʊʃəl ˌdɪstəntsɪŋ	ˈsəʊʃəl ˈdɪstənsɪŋ	𐑕𐑴𐑖𐑩𐑤 𐑛𐑦𐑕𐑑𐑩𐑯𐑑𐑕𐑦𐑙	𐑕𐑴𐑖𐑩𐑤𐑛𐑦𐑕𐑑𐑩𐑯𐑕𐑦𐑙	divergent
social distancing	VVI	RSSB	ˈsəʊʃəl ˌdɪstəntsɪŋ	ˈsəʊʃəl ˈdɪstənsɪŋ	𐑕𐑴𐑖𐑩𐑤 𐑛𐑦𐑕𐑑𐑩𐑯𐑑𐑕𐑦𐑙	𐑕𐑴𐑖𐑩𐑤𐑛𐑦𐑕𐑑𐑩𐑯𐑕𐑦𐑙	divergent
cooling center	NN1	RSSB	ˈkuːlɪŋ sentəR	ˈkuːlɪŋ ˈsentəR	𐑒𐑵𐑤𐑦𐑙 𐑕𐑧𐑯𐑑𐑼	𐑒𐑵𐑤𐑦𐑙𐑕𐑧𐑯𐑑𐑼	matches
cooling center	NN1	GenAm	ˈkulɪŋ ˌsentər	ˈkuːlɪŋ ˈsentəR	𐑒𐑫𐑤𐑦𐑙 𐑕𐑧𐑯𐑑𐑼	𐑒𐑵𐑤𐑦𐑙𐑕𐑧𐑯𐑑𐑼	divergent
contain multitudes	VVI	RSSB	kənˌteɪn ˈmʌltɪtjuːdz	kənˈteɪn ˈmʌltɪtjuːdz	𐑒𐑩𐑯𐑑𐑱𐑯 𐑥𐑳𐑤𐑑𐑦𐑑𐑿𐑛𐑟	𐑒𐑩𐑯𐑑𐑱𐑯𐑥𐑳𐑤𐑑𐑦𐑑𐑿𐑛𐑟	matches
contain multitudes	VVI	GenAm	kənˌteɪn ˈmʌltəˌtjudz	kənˈteɪn ˈmʌltɪtuːdz	𐑒𐑩𐑯𐑑𐑱𐑯 𐑥𐑳𐑤𐑑𐑩𐑑𐑘𐑫𐑛𐑟	𐑒𐑩𐑯𐑑𐑱𐑯𐑥𐑳𐑤𐑑𐑦𐑑𐑵𐑛𐑟	divergent
odour of sanctity	NN1	RSSB	əʊdərəv sæŋktɪti	ˈəʊdəR V ˈsæŋktɪti	𐑴𐑛𐑼𐑩𐑝 𐑕𐑨𐑙𐑒𐑑𐑦𐑑𐑦	𐑴𐑛𐑼𐑝𐑕𐑨𐑙𐑒𐑑𐑦𐑑𐑦	divergent
odour of sanctity	NN1	GenAm	ˌoʊdərəv ˈsæŋktɪti	ˈəʊdəR V ˈsæŋktɪti	𐑴𐑛𐑼𐑩𐑝 𐑕𐑨𐑙𐑒𐑑𐑦𐑑𐑦	𐑴𐑛𐑼𐑝𐑕𐑨𐑙𐑒𐑑𐑦𐑑𐑦	divergent
look as if one has been dragged through a hedge backwards	VVI	RSSB	lʊkəzɪf wʌn həz bɪn dræɡd θruːə hedʒ bækwɜːRdz	lʊk æz ɪf wʌn hæz biːn dræɡd θruː ə hedʒ ˈbækwəRdz	𐑤𐑫𐑒𐑩𐑟𐑦𐑓 𐑢𐑳𐑯 𐑣𐑩𐑟 𐑚𐑦𐑯 𐑛𐑮𐑨𐑜𐑛 𐑔𐑮𐑵𐑩 𐑣𐑧𐑡 𐑚𐑨𐑒𐑢𐑻𐑛𐑟	𐑤𐑫𐑒𐑨𐑟𐑦𐑓𐑢𐑳𐑯𐑣𐑨𐑟𐑚𐑰𐑯𐑛𐑮𐑨𐑜𐑛𐑔𐑮𐑵𐑩𐑣𐑧𐑡𐑚𐑨𐑒𐑢𐑼𐑛𐑟	divergent
look as if one has been dragged through a hedge backwards	VVI	GenAm	ˌlʊkəzɪf ˈwʌn həz bɪn ˈdræɡd θruə hedʒ ˈbækwɜːRdz	lʊk æz ɪf wʌn hæz bɪn dræɡd θruː ə hedʒ ˈbækwəRdz	𐑤𐑫𐑒𐑩𐑟𐑦𐑓 𐑢𐑳𐑯 𐑣𐑩𐑟 𐑚𐑦𐑯 𐑛𐑮𐑨𐑜𐑛 𐑔𐑮𐑫𐑩 𐑣𐑧𐑡 𐑚𐑨𐑒𐑢𐑻𐑛𐑟	𐑤𐑫𐑒𐑨𐑟𐑦𐑓𐑢𐑳𐑯𐑣𐑨𐑟𐑚𐑦𐑯𐑛𐑮𐑨𐑜𐑛𐑔𐑮𐑵𐑩𐑣𐑧𐑡𐑚𐑨𐑒𐑢𐑼𐑛𐑟	divergent
urfa biber	NN1	RSSB	ɜːRfə bibəR		𐑻𐑓𐑩 𐑚𐑦𐑚𐑼		unknown
urfa biber	NN1	RSSB	ʊəRfə bibeəR		𐑫𐑼𐑓𐑩 𐑚𐑦𐑚𐑺		unknown
urfa biber	NN1	GenAm	ˈəRfə ˌbibəR		𐑼𐑓𐑩 𐑚𐑦𐑚𐑼		unknown
urfa biber	NN1	GenAm	ˈʊrfə ˌbiber		𐑫𐑮𐑓𐑩 𐑚𐑦𐑚𐑧𐑮		unknown
Porto Vecchio	NP0	RSSB	pɔːRtəʊvekiəʊ		𐑐𐑹𐑑𐑴𐑝𐑧𐑒𐑾𐑫		unknown
Porto Vecchio	NP0	GenAm	ˌpɔːRtoʊ ˈvekioʊ		𐑐𐑹𐑑𐑴 𐑝𐑧𐑒𐑦𐑴		unknown
Mount Mayon	NP0	GenAm	maʊnt məˈjɒn		𐑥𐑬𐑯𐑑 𐑥𐑩𐑘𐑪𐑯		unknown
elbow bump	NN1	RSSB	ˌelbəʊ ˈbʌmp	ˈelbəʊ bʌmp	𐑧𐑤𐑚𐑴 𐑚𐑳𐑥𐑐	𐑧𐑤𐑚𐑴𐑚𐑳𐑥𐑐	matches
elbow bump	NN1	GenAm	ˌelboʊ ˈbʌmp	ˈelbəʊ bʌmp	𐑧𐑤𐑚𐑴 𐑚𐑳𐑥𐑐	𐑧𐑤𐑚𐑴𐑚𐑳𐑥𐑐	matches
patent trolling	NN1	RSSB	ˈpætənt ˌtrəʊlɪŋ	ˈpeɪtənt ˈtrəʊlɪŋ	𐑐𐑨𐑑𐑩𐑯𐑑 𐑑𐑮𐑴𐑤𐑦𐑙	𐑐𐑱𐑑𐑩𐑯𐑑𐑑𐑮𐑴𐑤𐑦𐑙	divergent
patent trolling	NN1	GenAm	ˈpætənt ˌtroʊlɪŋ	ˈpeɪtənt ˈtrəʊlɪŋ	𐑐𐑨𐑑𐑩𐑯𐑑 𐑑𐑮𐑴𐑤𐑦𐑙	𐑐𐑱𐑑𐑩𐑯𐑑𐑑𐑮𐑴𐑤𐑦𐑙	divergent
clothes iron	NN1	GenAm	ˈklɔʊːðz aiːəRn	kləʊðz ˈaɪəRn	𐑒𐑤𐑷𐑫𐑞𐑟 𐑨𐑰𐑼𐑯	𐑒𐑤𐑴𐑞𐑟𐑲𐑼𐑯	divergent
clothes iron	NN1	GenAm	ˈklɔʊːzaiːəRn	kləʊðz ˈaɪəRn	𐑒𐑤𐑷𐑫𐑟𐑨𐑰𐑼𐑯	𐑒𐑤𐑴𐑞𐑟𐑲𐑼𐑯	divergent
Novus Ordo	NP0	RSSB	ˈnɒvəs ɔːRdəʊ		𐑯𐑪𐑝𐑩𐑕 𐑹𐑛𐑴		unknown
Novus Ordo	NP0	RSSB	ˈnəʊvəs ɔːRdəʊ		𐑯𐑴𐑝𐑩𐑕 𐑹𐑛𐑴		unknown
wet meadow	NN1	RSSB	wet ˈmedəʊ	wet ˈmedəʊ	𐑢𐑧𐑑 𐑥𐑧𐑛𐑴	𐑢𐑧𐑑𐑥𐑧𐑛𐑴	matches
wet meadow	NN1	GenAm	wet ˈmedoʊ	wet ˈmedəʊ	𐑢𐑧𐑑 𐑥𐑧𐑛𐑴	𐑢𐑧𐑑𐑥𐑧𐑛𐑴	matches
pain aux raisins	NN1	RSSB	ˌpan əʊ reɪˈzan		𐑐𐑨𐑯 𐑴 𐑮𐑱𐑟𐑨𐑯		unknown
Jäger bomb	NN1	GenAm	ˈjeɪɡəRˌbɒm	ˈjeɪɡəR bɒm	𐑘𐑱𐑜𐑼𐑚𐑪𐑥	𐑘𐑱𐑜𐑼𐑚𐑪𐑥	matches
vibe check	NN1	GenAm	ˈvaɪbˌtʃek	vaɪb tʃek	𐑝𐑲𐑚𐑗𐑧𐑒	𐑝𐑲𐑚𐑗𐑧𐑒	matches
vibe check	VVI	GenAm	ˈvaɪbˌtʃek	vaɪb tʃek	𐑝𐑲𐑚𐑗𐑧𐑒	𐑝𐑲𐑚𐑗𐑧𐑒	matches
Cadillac converter	NN1	RSSB	ˈkædɪlæk kənvɜːRtəR		𐑒𐑨𐑛𐑦𐑤𐑨𐑒 𐑒𐑩𐑯𐑝𐑻𐑑𐑼		unknown
Cadillac converter	NN1	GenAm	ˈkædəˌlæk kənˈvɜːRtəR	ˈkædəˌlæk kənˈvɜːRtəR	𐑒𐑨𐑛𐑩𐑤𐑨𐑒 𐑒𐑩𐑯𐑝𐑻𐑑𐑼	𐑒𐑨𐑛𐑩𐑤𐑨𐑒𐑒𐑩𐑯𐑝𐑻𐑑𐑼	matches
opinions are like assholes	UNC	GenAm	əˈpɪnjənz ɑːr laɪk ˈæsˌhoʊlz	əˈpɪnjənz ɑːR laɪk ˈæshəʊlz	𐑩𐑐𐑦𐑯𐑘𐑩𐑯𐑟 𐑸 𐑤𐑲𐑒 𐑨𐑕𐑣𐑴𐑤𐑟	𐑩𐑐𐑦𐑯𐑘𐑩𐑯𐑟𐑸𐑤𐑲𐑒𐑨𐑕𐑣𐑴𐑤𐑟	matches
tech bro	NN1	GenAm	ˈtekbroʊ	tek broʊ	𐑑𐑧𐑒𐑚𐑮𐑴	𐑑𐑧𐑒𐑚𐑮𐑴	matches
praegnans constructio	NN1	RSSB	ˈpreɪɡnænzkɒnˈstrʊktiːoʊ		𐑐𐑮𐑱𐑜𐑯𐑨𐑯𐑟𐑒𐑪𐑯𐑕𐑑𐑮𐑫𐑒𐑑𐑰𐑴		unknown
zero derive	VVI	RSSB	zɪərəʊ dəraɪv	ˈzɪərəʊ dɪˈraɪv	𐑟𐑽𐑴 𐑛𐑼𐑲𐑝	𐑟𐑽𐑴𐑛𐑦𐑮𐑲𐑝	divergent
zero derive	VVI	GenAm	ˌzirəʊ dəˈraɪv	ˈzɪərəʊ dɪˈraɪv	𐑟𐑦𐑮𐑴 𐑛𐑼𐑲𐑝	𐑟𐑽𐑴𐑛𐑦𐑮𐑲𐑝	divergent
horseshoe moustache	NN1	RSSB	hɔːRsʃuː məsˈtɑːʃ	ˈhɔːRs+ʃuː məˈstⱭːʃ	𐑣𐑹𐑕𐑖𐑵 𐑥𐑩𐑕𐑑𐑭𐑖	𐑣𐑹𐑕𐑖𐑵𐑥𐑩𐑕𐑑𐑭𐑖	matches
horseshoe moustache	NN1	GenAm	ˈhɔːrsʃuː ˈmʌstæʃ	ˈhɔːRs+ʃuː məˈstⱭːʃ	𐑣𐑹𐑕𐑖𐑵 𐑥𐑳𐑕𐑑𐑨𐑖	𐑣𐑹𐑕𐑖𐑵𐑥𐑩𐑕𐑑𐑭𐑖	divergent
electric boogaloo	NN1	RSSB	ɪˌlektrɪk ˈbuːɡəˌluː		𐑦𐑤𐑧𐑒𐑑𐑮𐑦𐑒 𐑚𐑵𐑜𐑩𐑤𐑵		unknown
electric boogaloo	NN1	GenAm	əˌlektrɪk ˈbuɡəˌlu	ɪˈlektrɪk ˈbuɡəˌlu	𐑩𐑤𐑧𐑒𐑑𐑮𐑦𐑒 𐑚𐑫𐑜𐑩𐑤𐑫	𐑦𐑤𐑧𐑒𐑑𐑮𐑦𐑒𐑚𐑫𐑜𐑩𐑤𐑫	matches
Mexican Colony	NP0	GenAm	ˈmeksɪkənˈkɒləniː	ˈmeksɪkən ˈkɒləni	𐑥𐑧𐑒𐑕𐑦𐑒𐑩𐑯𐑒𐑪𐑤𐑩𐑯𐑰	𐑥𐑧𐑒𐑕𐑦𐑒𐑩𐑯𐑒𐑪𐑤𐑩𐑯𐑦	divergent
down there	AV0	RSSB	ˌdaʊn ðeəR	daʊn ðeəR	𐑛𐑬𐑯 𐑞𐑺	𐑛𐑬𐑯𐑞𐑺	matches
down there	AV0	RSSB	ˌdaʊn ðɜːR	daʊn ðeəR	𐑛𐑬𐑯 𐑞𐑻	𐑛𐑬𐑯𐑞𐑺	divergent
down there	AV0	GenAm	ˌdaʊn ˈðer	daʊn ðeəR	𐑛𐑬𐑯 𐑞𐑧𐑮	𐑛𐑬𐑯𐑞𐑺	divergent
down there	AV0	GenAm	ˌdaʊn ˈðeɪə	daʊn ðeəR	𐑛𐑬𐑯 𐑞𐑱𐑩	𐑛𐑬𐑯𐑞𐑺	divergent
kampung spirit	NN1	RSSB	ˈkʌmpɔːŋ ˈspɪrɪt		𐑒𐑳𐑥𐑐𐑷𐑙 𐑕𐑐𐑦𐑮𐑦𐑑		unknown
kampung spirit	NN1	GenAm	ˈkʌmpɒŋ ˈspɪrɪt	ˈkʌmˌpɒŋ ˈspɪrɪt	𐑒𐑳𐑥𐑐𐑪𐑙 𐑕𐑐𐑦𐑮𐑦𐑑	𐑒𐑳𐑥𐑐𐑪𐑙𐑕𐑐𐑦𐑮𐑦𐑑	matches
Pedro Ximénez	NN1	RSSB	ˌpedrəʊzɪˈmenez		𐑐𐑧𐑛𐑮𐑴𐑟𐑦𐑥𐑧𐑯𐑧𐑟		unknown
Pedro Ximénez	NN1	GenAm	ˌpeɪdroʊzɪˈmeɪnez		𐑐𐑱𐑛𐑮𐑴𐑟𐑦𐑥𐑱𐑯𐑧𐑟		unknown
Vulcan salute	NN1	RSSB	ˌvʌlkən səˈljuːt	ˈvʌlkən səˈluːt	𐑝𐑳𐑤𐑒𐑩𐑯 𐑕𐑩𐑤𐑿𐑑	𐑝𐑳𐑤𐑒𐑩𐑯𐑕𐑩𐑤𐑵𐑑	divergent
Vulcan salute	NN1	GenAm	ˌvʌlkən səˈlut	ˈvʌlkən səˈluːt	𐑝𐑳𐑤𐑒𐑩𐑯 𐑕𐑩𐑤𐑫𐑑	𐑝𐑳𐑤𐑒𐑩𐑯𐑕𐑩𐑤𐑵𐑑	divergent
10x developer	NN1	GenAm	ˌteˈneks dɪˈveləpəR	ˈtenˌeks dɪˈveləpəR	𐑑𐑧𐑯𐑧𐑒𐑕 𐑛𐑦𐑝𐑧𐑤𐑩𐑐𐑼	𐑑𐑧𐑯𐑧𐑒𐑕𐑛𐑦𐑝𐑧𐑤𐑩𐑐𐑼	matches
shock collar	NN1	GenAm	ˈʃɒkˌkɒləR	ʃɒk ˈkɒləR	𐑖𐑪𐑒𐑒𐑪𐑤𐑼	𐑖𐑪𐑒𐑒𐑪𐑤𐑼	matches
bubble water	NN1	GenAm	ˈbʌbəl ˈwɒtəR	ˈbʌbəl ˈwɔːtər	𐑚𐑳𐑚𐑩𐑤 𐑢𐑪𐑑𐑼	𐑚𐑳𐑚𐑩𐑤𐑢𐑷𐑑𐑼	divergent
square script	NN1	RSSB	skwɜːrskrɪpt	skweəR skrɪpt	𐑕𐑒𐑢𐑻𐑕𐑒𐑮𐑦𐑐𐑑	𐑕𐑒𐑢𐑺𐑕𐑒𐑮𐑦𐑐𐑑	divergent
square script	NN1	GenAm	ˈskweəR skrɪpt	skweəR skrɪpt	𐑕𐑒𐑢𐑺 𐑕𐑒𐑮𐑦𐑐𐑑	𐑕𐑒𐑢𐑺𐑕𐑒𐑮𐑦𐑐𐑑	matches
curiouser and curiouser	UNC	RSSB	kjəərɪəsəR ən kjəərɪəsəR	ˈkjʊərɪəsəR N ˈkjʊərɪəsəR	𐑒𐑘𐑩𐑼𐑾𐑕𐑼 𐑩𐑯 𐑒𐑘𐑩𐑼𐑾𐑕𐑼	𐑒𐑘𐑫𐑼𐑾𐑕𐑼𐑯𐑒𐑘𐑫𐑼𐑾𐑕𐑼	divergent
curiouser and curiouser	UNC	GenAm	ˌkjəriəsəR ən ˈkjəriəsəR	ˈkjʊərɪəsəR N ˈkjʊərɪəsəR	𐑒𐑘𐑼𐑾𐑕𐑼 𐑩𐑯 𐑒𐑘𐑼𐑾𐑕𐑼	𐑒𐑘𐑫𐑼𐑾𐑕𐑼𐑯𐑒𐑘𐑫𐑼𐑾𐑕𐑼	divergent
go at it	VVI	GenAm	ˌɡoʊ ˈæt ɪt	ɡəʊ æt ɪt	𐑜𐑴 𐑨𐑑 𐑦𐑑	𐑜𐑴𐑨𐑑𐑦𐑑	matches
gender expression	NN1	GenAm	ˈdʒendəR ekˈsprɜːʃən	ˈdʒendəR ɪkˈspreʃən	𐑡𐑧𐑯𐑛𐑼 𐑧𐑒𐑕𐑐𐑮𐑻𐑖𐑩𐑯	𐑡𐑧𐑯𐑛𐑼𐑦𐑒𐑕𐑐𐑮𐑧𐑖𐑩𐑯	divergent
dollar of the daddies	NN1	GenAm	ˈdɒləR əvðə ˌdædiz	ˈdɒləR V Ð ˈdædiz	𐑛𐑪𐑤𐑼 𐑩𐑝𐑞𐑩 𐑛𐑨𐑛𐑦𐑟	𐑛𐑪𐑤𐑼𐑝𐑞𐑛𐑨𐑛𐑦𐑟	divergent
dollar of the daddies	NN1	RSSB	dɒlərəvðə dadiz	ˈdɒləR V Ð ˈdædiz	𐑛𐑪𐑤𐑼𐑩𐑝𐑞𐑩 𐑛𐑨𐑛𐑦𐑟	𐑛𐑪𐑤𐑼𐑝𐑞𐑛𐑨𐑛𐑦𐑟	divergent
property register	NN1	RSSB	prɒpəRtiredʒɪstəR	ˈprɒpəRti ˈredʒɪstəR	𐑐𐑮𐑪𐑐𐑼𐑑𐑦𐑮𐑧𐑡𐑦𐑕𐑑𐑼	𐑐𐑮𐑪𐑐𐑼𐑑𐑦𐑮𐑧𐑡𐑦𐑕𐑑𐑼	matches
property register	NN1	GenAm	ˈprɒpəRtiˈredʒɪstəR	ˈprɒpəRti ˈredʒɪstəR	𐑐𐑮𐑪𐑐𐑼𐑑𐑦𐑮𐑧𐑡𐑦𐑕𐑑𐑼	𐑐𐑮𐑪𐑐𐑼𐑑𐑦𐑮𐑧𐑡𐑦𐑕𐑑𐑼	matches
property registers	NN1	RSSB	prɒpəRtiredʒɪstəRz	ˈprɒpəRti ˈredʒɪstəRz	𐑐𐑮𐑪𐑐𐑼𐑑𐑦𐑮𐑧𐑡𐑦𐑕𐑑𐑼𐑟	𐑐𐑮𐑪𐑐𐑼𐑑𐑦𐑮𐑧𐑡𐑦𐑕𐑑𐑼𐑟	matches
property registers	NN1	GenAm	ˈprɒpəRtiˈredʒɪstəRz	ˈprɒpəRti ˈredʒɪstəRz	𐑐𐑮𐑪𐑐𐑼𐑑𐑦𐑮𐑧𐑡𐑦𐑕𐑑𐑼𐑟	𐑐𐑮𐑪𐑐𐑼𐑑𐑦𐑮𐑧𐑡𐑦𐑕𐑑𐑼𐑟	matches
land register	NN1	RSSB	lændredʒɪstəR	lænd ˈredʒɪstəR	𐑤𐑨𐑯𐑛𐑮𐑧𐑡𐑦𐑕𐑑𐑼	𐑤𐑨𐑯𐑛𐑮𐑧𐑡𐑦𐑕𐑑𐑼	matches
land register	NN1	GenAm	ˈlændˈredʒɪstəR	lænd ˈredʒɪstəR	𐑤𐑨𐑯𐑛𐑮𐑧𐑡𐑦𐑕𐑑𐑼	𐑤𐑨𐑯𐑛𐑮𐑧𐑡𐑦𐑕𐑑𐑼	matches
land registers	NN1	RSSB	lændredʒɪstəRz	lænd ˈredʒɪstəRz	𐑤𐑨𐑯𐑛𐑮𐑧𐑡𐑦𐑕𐑑𐑼𐑟	𐑤𐑨𐑯𐑛𐑮𐑧𐑡𐑦𐑕𐑑𐑼𐑟	matches
land registers	NN1	GenAm	ˈlændˈredʒɪstəRz	lænd ˈredʒɪstəRz	𐑤𐑨𐑯𐑛𐑮𐑧𐑡𐑦𐑕𐑑𐑼𐑟	𐑤𐑨𐑯𐑛𐑮𐑧𐑡𐑦𐑕𐑑𐑼𐑟	matches
Gen Z	NP0	RSSB	ˌdʒen ˈzed	ˈdʒenərəl zed	𐑡𐑧𐑯 𐑟𐑧𐑛	𐑡𐑧𐑯𐑼𐑩𐑤𐑟𐑧𐑛	divergent
Gen Z	NP0	GenAm	ˌdʒen ˈziː	ˈdʒenərəl ziː	𐑡𐑧𐑯 𐑟𐑰	𐑡𐑧𐑯𐑼𐑩𐑤𐑟𐑰	divergent
Gen Z	NN1	RSSB	ˌdʒen ˈzed	ˈdʒenərəl zed	𐑡𐑧𐑯 𐑟𐑧𐑛	𐑡𐑧𐑯𐑼𐑩𐑤𐑟𐑧𐑛	divergent
Gen Z	NN1	GenAm	ˌdʒen ˈziː	ˈdʒenərəl ziː	𐑡𐑧𐑯 𐑟𐑰	𐑡𐑧𐑯𐑼𐑩𐑤𐑟𐑰	divergent
is the sky blue	UNC	GenAm	ɪz ðə skaɪ blu	ɪz Ð skaɪ bluː	𐑦𐑟 𐑞𐑩 𐑕𐑒𐑲 𐑚𐑤𐑫	𐑦𐑟𐑞𐑕𐑒𐑲𐑚𐑤𐑵	divergent
is the sky blue	UNC	RSSB	ɪz ðə skaɪ bluː	ɪz Ð skaɪ bluː	𐑦𐑟 𐑞𐑩 𐑕𐑒𐑲 𐑚𐑤𐑵	𐑦𐑟𐑞𐑕𐑒𐑲𐑚𐑤𐑵	divergent
go the way of the dodo bird	VVI	RSSB	ɡəʊ ðəR weɪ əvðəR dəʊdəʊ bɜːRd	ɡəʊ Ð weɪ V Ð ˈdəʊdəʊ bɜːRd	𐑜𐑴 𐑞𐑼 𐑢𐑱 𐑩𐑝𐑞𐑼 𐑛𐑴𐑛𐑴 𐑚𐑻𐑛	𐑜𐑴𐑞𐑢𐑱𐑝𐑞𐑛𐑴𐑛𐑴𐑚𐑻𐑛	divergent
go the way of the dodo bird	VVI	GenAm	ˈɡoʊ ðə ˌweɪ əvðə ˈdoʊˌdoʊ bɜːRd	ɡəʊ Ð weɪ V Ð ˈdəʊdəʊ bɜːRd	𐑜𐑴 𐑞𐑩 𐑢𐑱 𐑩𐑝𐑞𐑩 𐑛𐑴𐑛𐑴 𐑚𐑻𐑛	𐑜𐑴𐑞𐑢𐑱𐑝𐑞𐑛𐑴𐑛𐑴𐑚𐑻𐑛	divergent
world map	NN1	RSSB	wɜːRld ˈmæp	wɜːRld mæp	𐑢𐑻𐑤𐑛 𐑥𐑨𐑐	𐑢𐑻𐑤𐑛𐑥𐑨𐑐	matches
world map	NN1	GenAm	wɜːRld ˈmæp	wɜːRld mæp	𐑢𐑻𐑤𐑛 𐑥𐑨𐑐	𐑢𐑻𐑤𐑛𐑥𐑨𐑐	matches
Rosie Lee	NN1	RSSB	ˌrəʊzi ˈliː	ˈrəʊzi liː	𐑮𐑴𐑟𐑦 𐑤𐑰	𐑮𐑴𐑟𐑦𐑤𐑰	matches
Rosie Lee	NN1	GenAm	ˌroʊzi ˈli	ˈrəʊzi liː	𐑮𐑴𐑟𐑦 𐑤𐑦	𐑮𐑴𐑟𐑦𐑤𐑰	divergent
doctor bird	NN1	GenAm	ˈdɒktəR ˈbɜːRd	ˈdɒktəR bɜːRd	𐑛𐑪𐑒𐑑𐑼 𐑚𐑻𐑛	𐑛𐑪𐑒𐑑𐑼𐑚𐑻𐑛	matches
doctor bird	NN1	RSSB	dɒktərbɜːrd	ˈdɒktəR bɜːRd	𐑛𐑪𐑒𐑑𐑼𐑚𐑻𐑛	𐑛𐑪𐑒𐑑𐑼𐑚𐑻𐑛	matches
Brazilian aardvark	NN1	RSSB	brəzɪljən ɑːRdvɑːRk	brəˈzɪlɪən ˈɑːRdvɑːRk	𐑚𐑮𐑩𐑟𐑦𐑤𐑘𐑩𐑯 𐑸𐑛𐑝𐑸𐑒	𐑚𐑮𐑩𐑟𐑦𐑤𐑾𐑯𐑸𐑛𐑝𐑸𐑒	divergent
Brazilian aardvark	NN1	GenAm	brəˌzɪljən ˈɑːRdvɑːRk	brəˈzɪlɪən ˈɑːRdvɑːRk	𐑚𐑮𐑩𐑟𐑦𐑤𐑘𐑩𐑯 𐑸𐑛𐑝𐑸𐑒	𐑚𐑮𐑩𐑟𐑦𐑤𐑾𐑯𐑸𐑛𐑝𐑸𐑒	divergent
bow down before the porcelain god	VVI	RSSB	ˌbaʊ ˈdaʊn tuː ðə pɔːRsəlɪn ˈɡɒd	baʊ daʊn bɪˈfɔːR Ð ˈpɔːRsəlɪn ɡɒd	𐑚𐑬 𐑛𐑬𐑯 𐑑𐑵 𐑞𐑩 𐑐𐑹𐑕𐑩𐑤𐑦𐑯 𐑜𐑪𐑛	𐑚𐑬𐑛𐑬𐑯𐑚𐑦𐑓𐑹𐑞𐑐𐑹𐑕𐑩𐑤𐑦𐑯𐑜𐑪𐑛	divergent
bow down before the porcelain god	VVI	GenAm	ˌboʊ ˈdoʊn tə ðə ˈpɔːRsəlɪn ˈɡɒd	baʊ daʊn bɪˈfɔːR Ð ˈpɔːRsəlɪn ɡɒd	𐑚𐑴 𐑛𐑴𐑯 𐑑𐑩 𐑞𐑩 𐑐𐑹𐑕𐑩𐑤𐑦𐑯 𐑜𐑪𐑛	𐑚𐑬𐑛𐑬𐑯𐑚𐑦𐑓𐑹𐑞𐑐𐑹𐑕𐑩𐑤𐑦𐑯𐑜𐑪𐑛	divergent
bow down before the porcelain god	VVI	GenAm	ˌboʊ ˈdoʊn tə ðə ˈpɔːRslɪn ˈɡɒd	baʊ daʊn bɪˈfɔːR Ð ˈpɔːRsəlɪn ɡɒd	𐑚𐑴 𐑛𐑴𐑯 𐑑𐑩 𐑞𐑩 𐑐𐑹𐑕𐑤𐑦𐑯 𐑜𐑪𐑛	𐑚𐑬𐑛𐑬𐑯𐑚𐑦𐑓𐑹𐑞𐑐𐑹𐑕𐑩𐑤𐑦𐑯𐑜𐑪𐑛	divergent
Half Way Tree	NP0	GenAm	hæf weɪ triː	hⱭːf weɪ triː	𐑣𐑨𐑓 𐑢𐑱 𐑑𐑮𐑰	𐑣𐑭𐑓𐑢𐑱𐑑𐑮𐑰	matches
Half Way Tree	NP0	RSSB	hɑːf weɪ triː	hⱭːf weɪ triː	𐑣𐑭𐑓 𐑢𐑱 𐑑𐑮𐑰	𐑣𐑭𐑓𐑢𐑱𐑑𐑮𐑰	matches
punch dialogue	NN1	RSSB	ˌpʌntʃ ˈdaɪəlɒɡ	pʌntʃ ˈdaɪəlɒɡ	𐑐𐑳𐑯𐑗 𐑛𐑲𐑩𐑤𐑪𐑜	𐑐𐑳𐑯𐑗𐑛𐑲𐑩𐑤𐑪𐑜	matches
punch dialogue	NN1	GenAm	ˌpʌntʃ ˈdaɪəˌlɒɡ	pʌntʃ ˈdaɪəlɒɡ	𐑐𐑳𐑯𐑗 𐑛𐑲𐑩𐑤𐑪𐑜	𐑐𐑳𐑯𐑗𐑛𐑲𐑩𐑤𐑪𐑜	matches
canrenoic acid	NN1	GenAm	ˌkænrəˌnoʊɪk ˈæsƏd		𐑒𐑨𐑯𐑮𐑩𐑯𐑴𐑦𐑒 𐑨𐑕𐑩𐑛		unknown
isosorbide dinitrate	NN1	GenAm	ˌaɪsoʊˌsɔːRˌbaɪd daɪˈnaɪˌtreɪt		𐑲𐑕𐑴𐑕𐑹𐑚𐑲𐑛 𐑛𐑲𐑯𐑲𐑑𐑮𐑱𐑑		unknown
Sleepy Joe	NP0	RSSB	ˈsliːpi ˈdʒəʊ	ˈsliːpi dʒəʊ	𐑕𐑤𐑰𐑐𐑦 𐑡𐑴	𐑕𐑤𐑰𐑐𐑦𐑡𐑴	matches
Sleepy Joe	NP0	GenAm	ˈslipi ˈdʒoʊ	ˈsliːpi dʒəʊ	𐑕𐑤𐑦𐑐𐑦 𐑡𐑴	𐑕𐑤𐑰𐑐𐑦𐑡𐑴	divergent
con amore	AV0	RSSB	ˌkɒn amɔːreɪ		𐑒𐑪𐑯 𐑨𐑥𐑹𐑱		unknown
con amore	AV0	GenAm	ˌkɒn əˈmɔːReɪ		𐑒𐑪𐑯 𐑩𐑥𐑹𐑱		unknown
air cover	NN1	RSSB	eəR kʌvəR	eəR ˈkʌvəR	𐑺 𐑒𐑳𐑝𐑼	𐑺𐑒𐑳𐑝𐑼	matches
air cover	NN1	RSSB	ɜːR kʌvəR	eəR ˈkʌvəR	𐑻 𐑒𐑳𐑝𐑼	𐑺𐑒𐑳𐑝𐑼	divergent
air cover	NN1	GenAm	ˈer ˌkʌvəR	eəR ˈkʌvəR	𐑧𐑮 𐑒𐑳𐑝𐑼	𐑺𐑒𐑳𐑝𐑼	divergent
your guys'	PNP	GenAm	ˈjɜːRˈɡaɪzəz		𐑘𐑻𐑜𐑲𐑟𐑩𐑟		unknown
your guys'	DT0	GenAm	ˈjɜːRˈɡaɪzəz		𐑘𐑻𐑜𐑲𐑟𐑩𐑟		unknown
Arlberg Pass	NP0	GenAm	ˈɑːRlbɜːRɡ ˈpæs		𐑸𐑤𐑚𐑻𐑜 𐑐𐑨𐑕		unknown
Arlberg Pass	NP0	RSSB	ɑːRlbɜːRɡ ˈpɑːs		𐑸𐑤𐑚𐑻𐑜 𐑐𐑭𐑕		unknown
Hoover hog	NN1	RSSB	huːvəRhɒɡ	ˈhuːvəR hɒɡ	𐑣𐑵𐑝𐑼𐑣𐑪𐑜	𐑣𐑵𐑝𐑼𐑣𐑪𐑜	matches
Hoover hog	NN1	GenAm	ˈhuvəRˌhɒɡ	ˈhuːvəR hɒɡ	𐑣𐑫𐑝𐑼𐑣𐑪𐑜	𐑣𐑵𐑝𐑼𐑣𐑪𐑜	divergent
trimethaphan camsylate	NN1	GenAm	traɪˌmeθəˌfæn ˈkæmsəˌleɪt		𐑑𐑮𐑲𐑥𐑧𐑔𐑩𐑓𐑨𐑯 𐑒𐑨𐑥𐑕𐑩𐑤𐑱𐑑		unknown
dabigatran etexilate	NN1	GenAm	dəˌbɪɡəˌtræn ɪˈteksɪˌleɪt		𐑛𐑩𐑚𐑦𐑜𐑩𐑑𐑮𐑨𐑯 𐑦𐑑𐑧𐑒𐑕𐑦𐑤𐑱𐑑		unknown
darn it	ITJ	GenAm	ˈdɑːRn ɪt	dɑːRn ɪt	𐑛𐑸𐑯 𐑦𐑑	𐑛𐑸𐑯𐑦𐑑	matches
block booking	NN1	RSSB	ˌblɒk ˈbʊkɪŋ	blɒk ˈbʊkɪŋ	𐑚𐑤𐑪𐑒 𐑚𐑫𐑒𐑦𐑙	𐑚𐑤𐑪𐑒𐑚𐑫𐑒𐑦𐑙	matches
block booking	NN1	GenAm	ˌblɒk ˈbʊkɪŋ	blɒk ˈbʊkɪŋ	𐑚𐑤𐑪𐑒 𐑚𐑫𐑒𐑦𐑙	𐑚𐑤𐑪𐑒𐑚𐑫𐑒𐑦𐑙	matches
literary fiction	NN1	RSSB	lɪtərəri ˌfɪktʃən	ˈlɪtərəri ˈfɪkʃən	𐑤𐑦𐑑𐑼𐑼𐑦 𐑓𐑦𐑒𐑗𐑩𐑯	𐑤𐑦𐑑𐑼𐑼𐑦𐑓𐑦𐑒𐑖𐑩𐑯	divergent
literary fiction	NN1	RSSB	lɪtəri ˌfɪktʃən	ˈlɪtərəri ˈfɪkʃən	𐑤𐑦𐑑𐑼𐑦 𐑓𐑦𐑒𐑗𐑩𐑯	𐑤𐑦𐑑𐑼𐑼𐑦𐑓𐑦𐑒𐑖𐑩𐑯	divergent
literary fiction	NN1	GenAm	ˈlɪtəreri ˌfɪktʃən	ˈlɪtərəri ˈfɪkʃən	𐑤𐑦𐑑𐑼𐑧𐑮𐑦 𐑓𐑦𐑒𐑗𐑩𐑯	𐑤𐑦𐑑𐑼𐑼𐑦𐑓𐑦𐑒𐑖𐑩𐑯	divergent
liquid paraffin	NN1	RSSB	ˌlɪkwɪd parəfɪn	ˈlɪkwɪd ˈpærəfɪn	𐑤𐑦𐑒𐑢𐑦𐑛 𐑐𐑨𐑮𐑩𐑓𐑦𐑯	𐑤𐑦𐑒𐑢𐑦𐑛𐑐𐑨𐑮𐑩𐑓𐑦𐑯	matches
liquid paraffin	NN1	GenAm	ˌlɪkwɪd ˈperəfɪn	ˈlɪkwɪd ˈpærəfɪn	𐑤𐑦𐑒𐑢𐑦𐑛 𐑐𐑧𐑮𐑩𐑓𐑦𐑯	𐑤𐑦𐑒𐑢𐑦𐑛𐑐𐑨𐑮𐑩𐑓𐑦𐑯	divergent
love conquers all	UNC	GenAm	lʌv ˈkɒŋkəRz ɔːl	lʌv ˈkɒŋkəRz ɔːl	𐑤𐑳𐑝 𐑒𐑪𐑙𐑒𐑼𐑟 𐑷𐑤	𐑤𐑳𐑝𐑒𐑪𐑙𐑒𐑼𐑟𐑷𐑤	matches
love conquers all	UNC	RSSB	lʌv kɒŋkəRz ɔːl	lʌv ˈkɒŋkəRz ɔːl	𐑤𐑳𐑝 𐑒𐑪𐑙𐑒𐑼𐑟 𐑷𐑤	𐑤𐑳𐑝𐑒𐑪𐑙𐑒𐑼𐑟𐑷𐑤	matches
insulin lispro	NN1	GenAm	ˌɪnsəlɪn ˈlɪsˌproʊ		𐑦𐑯𐑕𐑩𐑤𐑦𐑯 𐑤𐑦𐑕𐑐𐑮𐑴		unknown
insulin aspart	NN1	GenAm	ˌɪnsəlɪn ˈæspɑːRt		𐑦𐑯𐑕𐑩𐑤𐑦𐑯 𐑨𐑕𐑐𐑸𐑑		unknown
insulin glulisine	NN1	GenAm	ˌɪnsəlɪn ˈɡlulɪˌsin		𐑦𐑯𐑕𐑩𐑤𐑦𐑯 𐑜𐑤𐑫𐑤𐑦𐑕𐑦𐑯		unknown
insulin glargine	NN1	GenAm	ˌɪnsəlɪn ˈɡlɑːRˌdʒin		𐑦𐑯𐑕𐑩𐑤𐑦𐑯 𐑜𐑤𐑸𐑡𐑦𐑯		unknown
insulin detemir	NN1	GenAm	ˌɪnsəlɪn ˈdetəˌmɪr		𐑦𐑯𐑕𐑩𐑤𐑦𐑯 𐑛𐑧𐑑𐑩𐑥𐑦𐑮		unknown
fascine knife	NN1	RSSB	fəˈsiːn ˌnaɪf		𐑓𐑩𐑕𐑰𐑯 𐑯𐑲𐑓		unknown
fascine knife	NN1	GenAm	fəˈsin ˌnaɪf	fəˈsin naɪf	𐑓𐑩𐑕𐑦𐑯 𐑯𐑲𐑓	𐑓𐑩𐑕𐑦𐑯𐑯𐑲𐑓	matches
fascine knife	NN1	RSSB	fəˈsiːn ˌnaɪvz		𐑓𐑩𐑕𐑰𐑯 𐑯𐑲𐑝𐑟		unknown
fascine knife	NN1	GenAm	fəˈsin ˌnaɪvz	fəˈsin naɪf	𐑓𐑩𐑕𐑦𐑯 𐑯𐑲𐑝𐑟	𐑓𐑩𐑕𐑦𐑯𐑯𐑲𐑓	divergent
new year, new me	UNC	RSSB	ˈnjuː jɪəR ˈnjuː miː		𐑯𐑿 𐑘𐑽 𐑯𐑿 𐑥𐑰		unknown
new year, new me	UNC	GenAm	ˈnu ˌjɪr ˈnu ˌmi		𐑯𐑫 𐑘𐑦𐑮 𐑯𐑫 𐑥𐑦		unknown
remogliflozin etabonate	NN1	GenAm	ˌremoʊɡlɪˌfloʊzɪn eˈtæbəˌneɪt	ˌremoʊɡlɪˈfloʊzɪn eˈtæbəˌneɪt	𐑮𐑧𐑥𐑴𐑜𐑤𐑦𐑓𐑤𐑴𐑟𐑦𐑯 𐑧𐑑𐑨𐑚𐑩𐑯𐑱𐑑	𐑮𐑧𐑥𐑴𐑜𐑤𐑦𐑓𐑤𐑴𐑟𐑦𐑯𐑧𐑑𐑨𐑚𐑩𐑯𐑱𐑑	matches
mycophenolate mofetil	NN1	GenAm	ˌmaɪkoʊˌfenəˌleɪt ˈmoʊfəˌtɪl	ˌmaɪkoʊˈfenəˌleɪt ˈmoʊfətɪl	𐑥𐑲𐑒𐑴𐑓𐑧𐑯𐑩𐑤𐑱𐑑 𐑥𐑴𐑓𐑩𐑑𐑦𐑤	𐑥𐑲𐑒𐑴𐑓𐑧𐑯𐑩𐑤𐑱𐑑𐑥𐑴𐑓𐑩𐑑𐑦𐑤	matches
suramin sodium	NN1	RSSB	sʊərəmɪn ˈsəʊdiəm		𐑕𐑫𐑼𐑩𐑥𐑦𐑯 𐑕𐑴𐑛𐑾𐑥		unknown
suramin sodium	NN1	GenAm	ˌsʊrəmɪn ˈsoʊdiəm	ˈsʊrəmɪn ˈsəʊdɪəm	𐑕𐑫𐑮𐑩𐑥𐑦𐑯 𐑕𐑴𐑛𐑾𐑥	𐑕𐑫𐑮𐑩𐑥𐑦𐑯𐑕𐑴𐑛𐑾𐑥	matches
stibogluconic acid	NN1	GenAm	ˌstɪboʊɡluˌkɒnɪk ˈæsƏd		𐑕𐑑𐑦𐑚𐑴𐑜𐑤𐑫𐑒𐑪𐑯𐑦𐑒 𐑨𐑕𐑩𐑛		unknown
sodium iopodate	NN1	GenAm	ˌsoʊdiəm ˈaɪəpəˌdeɪt	ˈsəʊdɪəm ˈaɪəpəˌdeɪt	𐑕𐑴𐑛𐑾𐑥 𐑲𐑩𐑐𐑩𐑛𐑱𐑑	𐑕𐑴𐑛𐑾𐑥𐑲𐑩𐑐𐑩𐑛𐑱𐑑	matches
iopodic acid	NN1	GenAm	ˌaɪoʊˌpɒdɪk ˈæsƏd		𐑲𐑴𐑐𐑪𐑛𐑦𐑒 𐑨𐑕𐑩𐑛		unknown
amidotrizoic acid	NN1	GenAm	ˌæmɪdoʊˌtraɪˌzoʊɪk ˈæsƏd		𐑨𐑥𐑦𐑛𐑴𐑑𐑮𐑲𐑟𐑴𐑦𐑒 𐑨𐑕𐑩𐑛		unknown
sodium amidotrizoate	NN1	GenAm	ˌsoʊdiəm ˌæmɪdoʊˌtraɪˈzoʊˌeɪt	ˈsəʊdɪəm ˌæmɪdoʊˌtraɪˈzoʊˌeɪt	𐑕𐑴𐑛𐑾𐑥 𐑨𐑥𐑦𐑛𐑴𐑑𐑮𐑲𐑟𐑴𐑱𐑑	𐑕𐑴𐑛𐑾𐑥𐑨𐑥𐑦𐑛𐑴𐑑𐑮𐑲𐑟𐑴𐑱𐑑	matches
foscarnet sodium	NN1	GenAm	fɒˌskɑːRnɪt ˈsoʊdiəm	fɒˈskɑːRnɪt ˈsəʊdɪəm	𐑓𐑪𐑕𐑒𐑸𐑯𐑦𐑑 𐑕𐑴𐑛𐑾𐑥	𐑓𐑪𐑕𐑒𐑸𐑯𐑦𐑑𐑕𐑴𐑛𐑾𐑥	matches
cyproterone acetate	NN1	GenAm	saɪˌproʊtəˌroʊn ˈæsəˌteɪt	saɪˈproʊtəˌroʊn ˈæsɪteɪt	𐑕𐑲𐑐𐑮𐑴𐑑𐑼𐑴𐑯 𐑨𐑕𐑩𐑑𐑱𐑑	𐑕𐑲𐑐𐑮𐑴𐑑𐑼𐑴𐑯𐑨𐑕𐑦𐑑𐑱𐑑	matches
etynodiol diacetate	NN1	GenAm	ˌetɪnoʊˌdaɪˌɒl daɪˈæsəˌteɪt		𐑧𐑑𐑦𐑯𐑴𐑛𐑲𐑪𐑤 𐑛𐑲𐑨𐑕𐑩𐑑𐑱𐑑		unknown
medroxyprogesterone acetate	NN1	RSSB	medrɒksɪprədʒestərəʊn ˈasɪteɪt		𐑥𐑧𐑛𐑮𐑪𐑒𐑕𐑦𐑐𐑮𐑩𐑡𐑧𐑕𐑑𐑼𐑴𐑯 𐑨𐑕𐑦𐑑𐑱𐑑		unknown
medroxyprogesterone acetate	NN1	GenAm	məˌdrɒksɪproʊˌdʒestəˌroʊn ˈæsəˌteɪt	məˌdrɒksɪproʊˈdʒestəˌroʊn ˈæsɪteɪt	𐑥𐑩𐑛𐑮𐑪𐑒𐑕𐑦𐑐𐑮𐑴𐑡𐑧𐑕𐑑𐑼𐑴𐑯 𐑨𐑕𐑩𐑑𐑱𐑑	𐑥𐑩𐑛𐑮𐑪𐑒𐑕𐑦𐑐𐑮𐑴𐑡𐑧𐑕𐑑𐑼𐑴𐑯𐑨𐑕𐑦𐑑𐑱𐑑	matches
honi soit qui mal y pense	UNC	RSSB	ˌɒni ˌswɑː kiː ˌmal iː ˈpɒs		𐑪𐑯𐑦 𐑕𐑢𐑭 𐑒𐑰 𐑥𐑨𐑤 𐑰 𐑐𐑪𐑕		unknown
honi soit qui mal y pense	UNC	GenAm	ˌɒni ˌswɒ ki ˌmɒl i ˈpɒs		𐑪𐑯𐑦 𐑕𐑢𐑪 𐑒𐑦 𐑥𐑪𐑤 𐑦 𐑐𐑪𐑕		unknown
tetrylammonium bromide	NN1	GenAm	ˌtetrələˌmoʊniəm ˈbroʊˌmaɪd	ˌtetrələˈmoʊniəm ˈbrəʊmaɪd	𐑑𐑧𐑑𐑮𐑩𐑤𐑩𐑥𐑴𐑯𐑾𐑥 𐑚𐑮𐑴𐑥𐑲𐑛	𐑑𐑧𐑑𐑮𐑩𐑤𐑩𐑥𐑴𐑯𐑾𐑥𐑚𐑮𐑴𐑥𐑲𐑛	matches
hexamethonium bromide	NN1	GenAm	ˌheksəməˌθoʊniəm ˈbroʊˌmaɪd	ˌheksəməˈθoʊniəm ˈbrəʊmaɪd	𐑣𐑧𐑒𐑕𐑩𐑥𐑩𐑔𐑴𐑯𐑾𐑥 𐑚𐑮𐑴𐑥𐑲𐑛	𐑣𐑧𐑒𐑕𐑩𐑥𐑩𐑔𐑴𐑯𐑾𐑥𐑚𐑮𐑴𐑥𐑲𐑛	matches
suxamethonium chloride	NN1	RSSB	ˌsʌksəmɪˌθəʊniəm klɔːrʌɪd		𐑕𐑳𐑒𐑕𐑩𐑥𐑦𐑔𐑴𐑯𐑾𐑥 𐑒𐑤𐑹𐑳𐑦𐑛		unknown
suxamethonium chloride	NN1	GenAm	ˌsʌksəməˌθoʊniəm ˈklɔːRˌaɪd	ˌsʌksəməˈθoʊniəm ˈklɔːraɪd	𐑕𐑳𐑒𐑕𐑩𐑥𐑩𐑔𐑴𐑯𐑾𐑥 𐑒𐑤𐑹𐑲𐑛	𐑕𐑳𐑒𐑕𐑩𐑥𐑩𐑔𐑴𐑯𐑾𐑥𐑒𐑤𐑹𐑲𐑛	matches
tubocurarine chloride	NN1	RSSB	tjuːbəʊkjəərəriːn klɔːrʌɪd		𐑑𐑿𐑚𐑴𐑒𐑘𐑩𐑼𐑼𐑰𐑯 𐑒𐑤𐑹𐑳𐑦𐑛		unknown
tubocurarine chloride	NN1	GenAm	ˌtuboʊkjəˌrɑːRɪn ˈklɔːRˌaɪd	ˌtuboʊkjəˈrɑːRɪn ˈklɔːraɪd	𐑑𐑫𐑚𐑴𐑒𐑘𐑼𐑸𐑦𐑯 𐑒𐑤𐑹𐑲𐑛	𐑑𐑫𐑚𐑴𐑒𐑘𐑼𐑸𐑦𐑯𐑒𐑤𐑹𐑲𐑛	matches
tubocurarine chloride	NN1	GenAm	ˌtuboʊkjəˌrɒˌrin ˈklɔːRˌaɪd	ˌtuboʊkjəˈrɑːRɪn ˈklɔːraɪd	𐑑𐑫𐑚𐑴𐑒𐑘𐑼𐑪𐑮𐑦𐑯 𐑒𐑤𐑹𐑲𐑛	𐑑𐑫𐑚𐑴𐑒𐑘𐑼𐑸𐑦𐑯𐑒𐑤𐑹𐑲𐑛	divergent
decamethonium bromide	NN1	GenAm	ˌdekəməˌθoʊniəm ˈbroʊˌmaɪd	ˌdekəməˈθoʊniəm ˈbrəʊmaɪd	𐑛𐑧𐑒𐑩𐑥𐑩𐑔𐑴𐑯𐑾𐑥 𐑚𐑮𐑴𐑥𐑲𐑛	𐑛𐑧𐑒𐑩𐑥𐑩𐑔𐑴𐑯𐑾𐑥𐑚𐑮𐑴𐑥𐑲𐑛	matches
wet heater	NN1	GenAm	wet ˈhitəR	wet ˈhiːtəR	𐑢𐑧𐑑 𐑣𐑦𐑑𐑼	𐑢𐑧𐑑𐑣𐑰𐑑𐑼	divergent
wet heater	NN1	RSSB	wet hitəː	wet ˈhiːtəR	𐑢𐑧𐑑 𐑣𐑦𐑑𐑩	𐑢𐑧𐑑𐑣𐑰𐑑𐑼	divergent
dry heater	NN1	GenAm	draɪ ˈhitəR	draɪ ˈhiːtəR	𐑛𐑮𐑲 𐑣𐑦𐑑𐑼	𐑛𐑮𐑲𐑣𐑰𐑑𐑼	divergent
dry heater	NN1	RSSB	draɪ hitəː	draɪ ˈhiːtəR	𐑛𐑮𐑲 𐑣𐑦𐑑𐑩	𐑛𐑮𐑲𐑣𐑰𐑑𐑼	divergent
docusate sodium	NN1	GenAm	ˌdɒkjəˌseɪt ˈsoʊdiəm	ˈdɒkjəˌseɪt ˈsəʊdɪəm	𐑛𐑪𐑒𐑘𐑩𐑕𐑱𐑑 𐑕𐑴𐑛𐑾𐑥	𐑛𐑪𐑒𐑘𐑩𐑕𐑱𐑑𐑕𐑴𐑛𐑾𐑥	matches
sgian dubh	NN1	RSSB	skiːənˈduː		𐑕𐑒𐑰𐑩𐑯𐑛𐑵		unknown
sgian dubh	NN1	GenAm	skiənˈdu		𐑕𐑒𐑾𐑯𐑛𐑫		unknown
capitalist roader	NN1	RSSB	ˌkæpɪtəlɪst rəʊdəR		𐑒𐑨𐑐𐑦𐑑𐑩𐑤𐑦𐑕𐑑 𐑮𐑴𐑛𐑼		unknown
capitalist roader	NN1	GenAm	ˌkæpətələst ˈroʊdəR		𐑒𐑨𐑐𐑩𐑑𐑩𐑤𐑩𐑕𐑑 𐑮𐑴𐑛𐑼		unknown
Holy Rood	NP0	RSSB	ˈhɒli ˈruːd	ˈhəʊli ruːd	𐑣𐑪𐑤𐑦 𐑮𐑵𐑛	𐑣𐑴𐑤𐑦𐑮𐑵𐑛	divergent
hones in	VVI	GenAm	hoʊnz ɪn	həʊnz ɪn	𐑣𐑴𐑯𐑟 𐑦𐑯	𐑣𐑴𐑯𐑟𐑦𐑯	matches
hones in	VVI	RSSB	həʊnz ɪn	həʊnz ɪn	𐑣𐑴𐑯𐑟 𐑦𐑯	𐑣𐑴𐑯𐑟𐑦𐑯	matches
honing in	VVI	GenAm	hoʊnɪŋ ɪn	ˈhəʊnɪŋ ɪn	𐑣𐑴𐑯𐑦𐑙 𐑦𐑯	𐑣𐑴𐑯𐑦𐑙𐑦𐑯	matches
honing in	VVI	RSSB	həʊnɪŋ ɪn	ˈhəʊnɪŋ ɪn	𐑣𐑴𐑯𐑦𐑙 𐑦𐑯	𐑣𐑴𐑯𐑦𐑙𐑦𐑯	matches
honed in	VVI	GenAm	hoʊnd ɪn	həʊnd ɪn	𐑣𐑴𐑯𐑛 𐑦𐑯	𐑣𐑴𐑯𐑛𐑦𐑯	matches
honed in	VVI	RSSB	həʊnd ɪn	həʊnd ɪn	𐑣𐑴𐑯𐑛 𐑦𐑯	𐑣𐑴𐑯𐑛𐑦𐑯	matches
homes in	VVI	RSSB	həʊm ɪn	həʊmz ɪn	𐑣𐑴𐑥 𐑦𐑯	𐑣𐑴𐑥𐑟𐑦𐑯	divergent
homes in	VVI	GenAm	hoʊm ɪn	həʊmz ɪn	𐑣𐑴𐑥 𐑦𐑯	𐑣𐑴𐑥𐑟𐑦𐑯	divergent
homing in	VVI	RSSB	həʊmɪŋ ɪn	ˈhəʊmɪŋ ɪn	𐑣𐑴𐑥𐑦𐑙 𐑦𐑯	𐑣𐑴𐑥𐑦𐑙𐑦𐑯	matches
homing in	VVI	GenAm	hoʊmɪŋ ɪn	ˈhəʊmɪŋ ɪn	𐑣𐑴𐑥𐑦𐑙 𐑦𐑯	𐑣𐑴𐑥𐑦𐑙𐑦𐑯	matches
homed in	VVI	GenAm	hoʊmd ɪn	həʊmd ɪn	𐑣𐑴𐑥𐑛 𐑦𐑯	𐑣𐑴𐑥𐑛𐑦𐑯	matches
homed in	VVI	RSSB	həʊmd ɪn	həʊmd ɪn	𐑣𐑴𐑥𐑛 𐑦𐑯	𐑣𐑴𐑥𐑛𐑦𐑯	matches
manual reversion	NN1	RSSB	ˈmanjəəl rɪvəRːʃən	ˈmænjuəl rɪˈvɜːRʒən	𐑥𐑨𐑯𐑘𐑩𐑩𐑤 𐑮𐑦𐑝𐑼𐑖𐑩𐑯	𐑥𐑨𐑯𐑘𐑫𐑩𐑤𐑮𐑦𐑝𐑻𐑠𐑩𐑯	divergent
manual reversion	NN1	GenAm	ˈmænjəwəl rɪˈvəRʒən	ˈmænjuəl rɪˈvɜːRʒən	𐑥𐑨𐑯𐑘𐑩𐑢𐑩𐑤 𐑮𐑦𐑝𐑼𐑠𐑩𐑯	𐑥𐑨𐑯𐑘𐑫𐑩𐑤𐑮𐑦𐑝𐑻𐑠𐑩𐑯	divergent
manual reversion	NN1	GenAm	ˈmænjəwəl rəˈvəRʒən	ˈmænjuəl rɪˈvɜːRʒən	𐑥𐑨𐑯𐑘𐑩𐑢𐑩𐑤 𐑮𐑩𐑝𐑼𐑠𐑩𐑯	𐑥𐑨𐑯𐑘𐑫𐑩𐑤𐑮𐑦𐑝𐑻𐑠𐑩𐑯	divergent
without tears	UNC	RSSB	wɪθˈaʊt tɪəRz	wɪðˈaʊt teəRz	𐑢𐑦𐑔𐑬𐑑 𐑑𐑽𐑟	𐑢𐑦𐑞𐑬𐑑𐑑𐑺𐑟	divergent
without tears	UNC	GenAm	wɪθˈaʊt tɪrz	wɪðˈaʊt teəRz	𐑢𐑦𐑔𐑬𐑑 𐑑𐑦𐑮𐑟	𐑢𐑦𐑞𐑬𐑑𐑑𐑺𐑟	divergent
roll step	VVI	GenAm	ˈroʊl step	rəʊl step	𐑮𐑴𐑤 𐑕𐑑𐑧𐑐	𐑮𐑴𐑤𐑕𐑑𐑧𐑐	matches
roll step	NN1	GenAm	ˈroʊl step	rəʊl step	𐑮𐑴𐑤 𐑕𐑑𐑧𐑐	𐑮𐑴𐑤𐑕𐑑𐑧𐑐	matches
Leigh Delamere	NP0	RSSB	liːdeləmɪəR		𐑤𐑰𐑛𐑧𐑤𐑩𐑥𐑽		unknown
corrugator cutis ani	NN1	GenAm	ˈkɔːRəˌɡeɪtəR ˌkjutɪs ˈeɪˌnaɪ		𐑒𐑹𐑩𐑜𐑱𐑑𐑼 𐑒𐑘𐑫𐑑𐑦𐑕 𐑱𐑯𐑲		unknown
Berger Picard	NN1	RSSB	beəRʒeɪ pɪkɑːR		𐑚𐑺𐑠𐑱 𐑐𐑦𐑒𐑸		unknown
Berger Picard	NN1	GenAm	berˌʒeɪ pɪˈkɑːR		𐑚𐑧𐑮𐑠𐑱 𐑐𐑦𐑒𐑸		unknown
wombo combo	NN1	RSSB	ˈwɒmbəʊˌkɒmbəʊ		𐑢𐑪𐑥𐑚𐑴𐑒𐑪𐑥𐑚𐑴		unknown
wombo combo	NN1	GenAm	ˈwɒmboʊˌkɒmboʊ		𐑢𐑪𐑥𐑚𐑴𐑒𐑪𐑥𐑚𐑴		unknown
wombo combo	VVI	RSSB	ˈwɒmbəʊˌkɒmbəʊ		𐑢𐑪𐑥𐑚𐑴𐑒𐑪𐑥𐑚𐑴		unknown
wombo combo	VVI	GenAm	ˈwɒmboʊˌkɒmboʊ		𐑢𐑪𐑥𐑚𐑴𐑒𐑪𐑥𐑚𐑴		unknown
levator anguli oris	NN1	GenAm	lɪˈveɪtəR ˌæŋɡjəˌlaɪ ˈɔːRɪs		𐑤𐑦𐑝𐑱𐑑𐑼 𐑨𐑙𐑜𐑘𐑩𐑤𐑲 𐑹𐑦𐑕		unknown
in limine	AV0	RSSB	ˌɪn ˈlɪmɪneɪ		𐑦𐑯 𐑤𐑦𐑥𐑦𐑯𐑱		unknown
in limine	AJ0	RSSB	ˌɪn ˈlɪmɪneɪ		𐑦𐑯 𐑤𐑦𐑥𐑦𐑯𐑱		unknown
levator veli palatini	NN1	GenAm	lɪˈveɪtəR ˌviˌlaɪ ˌpæləˈtaɪˌnaɪ		𐑤𐑦𐑝𐑱𐑑𐑼 𐑝𐑦𐑤𐑲 𐑐𐑨𐑤𐑩𐑑𐑲𐑯𐑲		unknown
depressor septi nasi	NN1	GenAm	dɪˈpresəR ˌsepˌtaɪ ˈneɪˌzaɪ		𐑛𐑦𐑐𐑮𐑧𐑕𐑼 𐑕𐑧𐑐𐑑𐑲 𐑯𐑱𐑟𐑲		unknown
roll off	VVI	GenAm	ˈrol ˈɒf	rəʊl ɒf	𐑮𐑪𐑤 𐑪𐑓	𐑮𐑴𐑤𐑪𐑓	divergent
longus capitis	NN1	GenAm	ˌlɒŋɡəs ˈkæpɪtɪs		𐑤𐑪𐑙𐑜𐑩𐑕 𐑒𐑨𐑐𐑦𐑑𐑦𐑕		unknown
a woman needs a man like a fish needs a bicycle	UNC	RSSB	ə ˈwʊmən ˌniːdz ə ˈmæn laɪk ə ˈfɪʃ ˌniːdz ə ˈbaɪsɪkəl	ə ˈwʊmən niːdz ə mæn laɪk ə fɪʃ niːdz ə ˈbaɪsɪkəl	𐑩 𐑢𐑫𐑥𐑩𐑯 𐑯𐑰𐑛𐑟 𐑩 𐑥𐑨𐑯 𐑤𐑲𐑒 𐑩 𐑓𐑦𐑖 𐑯𐑰𐑛𐑟 𐑩 𐑚𐑲𐑕𐑦𐑒𐑩𐑤	𐑩𐑢𐑫𐑥𐑩𐑯𐑯𐑰𐑛𐑟𐑩𐑥𐑨𐑯𐑤𐑲𐑒𐑩𐑓𐑦𐑖𐑯𐑰𐑛𐑟𐑩𐑚𐑲𐑕𐑦𐑒𐑩𐑤	matches
a woman needs a man like a fish needs a bicycle	UNC	GenAm	ə ˈwʊmən ˌnidz ə ˈmæn laɪk ə ˈfɪʃ ˌnidz ə ˈbaɪˌsɪkəl	ə ˈwʊmən niːdz ə mæn laɪk ə fɪʃ niːdz ə ˈbaɪsɪkəl	𐑩 𐑢𐑫𐑥𐑩𐑯 𐑯𐑦𐑛𐑟 𐑩 𐑥𐑨𐑯 𐑤𐑲𐑒 𐑩 𐑓𐑦𐑖 𐑯𐑦𐑛𐑟 𐑩 𐑚𐑲𐑕𐑦𐑒𐑩𐑤	𐑩𐑢𐑫𐑥𐑩𐑯𐑯𐑰𐑛𐑟𐑩𐑥𐑨𐑯𐑤𐑲𐑒𐑩𐑓𐑦𐑖𐑯𐑰𐑛𐑟𐑩𐑚𐑲𐑕𐑦𐑒𐑩𐑤	divergent
marchand de vin	NN1	GenAm	mɑːRˌʃɒ də ˈvæ		𐑥𐑸𐑖𐑪 𐑛𐑩 𐑝𐑨		unknown
Bunker Hill	NP0	GenAm	ˈbʌnkɜːR hɪl	ˈbʌŋkəR hɪl	𐑚𐑳𐑯𐑒𐑻 𐑣𐑦𐑤	𐑚𐑳𐑙𐑒𐑼𐑣𐑦𐑤	divergent
orbicularis oris	NN1	RSSB	ɔːRbɪkjəlɑːrɪs ˈɒrɪs		𐑹𐑚𐑦𐑒𐑘𐑩𐑤𐑸𐑦𐑕 𐑪𐑮𐑦𐑕		unknown
orbicularis oris	NN1	GenAm	ɔːRˌbɪkjəˌlerɪs ˈɔːRɪs		𐑹𐑚𐑦𐑒𐑘𐑩𐑤𐑧𐑮𐑦𐑕 𐑹𐑦𐑕		unknown
orbicularis oris	NN1	GenAm	ɔːRˌbɪkjuˌlerɪs ˈɔːRɪs		𐑹𐑚𐑦𐑒𐑘𐑫𐑤𐑧𐑮𐑦𐑕 𐑹𐑦𐑕		unknown
tensor veli palatini	NN1	GenAm	ˈtensəR ˌviˌlaɪ ˌpæləˈtaɪˌnaɪ		𐑑𐑧𐑯𐑕𐑼 𐑝𐑦𐑤𐑲 𐑐𐑨𐑤𐑩𐑑𐑲𐑯𐑲		unknown
API donut	NN1	RSSB	ˌeɪpiːaɪ ˈdəʊnʌt		𐑱𐑐𐑰𐑲 𐑛𐑴𐑯𐑳𐑑		unknown
API donut	NN1	GenAm	ˌeɪpiaɪ ˈdoʊˌnʌt	ˌeɪˌpiˈaɪ ˈdəʊnʌt	𐑱𐑐𐑦𐑲 𐑛𐑴𐑯𐑳𐑑	𐑱𐑐𐑦𐑲𐑛𐑴𐑯𐑳𐑑	matches
love language	NN1	GenAm	ˈləv ˌlæŋɡwɪdʒ	lʌv ˈlæŋɡwɪdʒ	𐑤𐑩𐑝 𐑤𐑨𐑙𐑜𐑢𐑦𐑡	𐑤𐑳𐑝𐑤𐑨𐑙𐑜𐑢𐑦𐑡	divergent
foramen cecum	NN1	GenAm	fəˌreɪmən ˈsikəm		𐑓𐑼𐑱𐑥𐑩𐑯 𐑕𐑦𐑒𐑩𐑥		unknown
zygomaticus major	NN1	GenAm	ˌzaɪɡəˌmætəkəs ˈmeɪdʒəR	ˌzaɪɡəˈmætəkəs ˈmeɪdʒəR	𐑟𐑲𐑜𐑩𐑥𐑨𐑑𐑩𐑒𐑩𐑕 𐑥𐑱𐑡𐑼	𐑟𐑲𐑜𐑩𐑥𐑨𐑑𐑩𐑒𐑩𐑕𐑥𐑱𐑡𐑼	matches
zygomaticus minor	NN1	GenAm	ˌzaɪɡəˌmætəkəs ˈmaɪnəR	ˌzaɪɡəˈmætəkəs ˈmaɪnəR	𐑟𐑲𐑜𐑩𐑥𐑨𐑑𐑩𐑒𐑩𐑕 𐑥𐑲𐑯𐑼	𐑟𐑲𐑜𐑩𐑥𐑨𐑑𐑩𐑒𐑩𐑕𐑥𐑲𐑯𐑼	matches
A for effort	UNC	RSSB	ˈeɪ fəR efəRt	ə F ˈefəRt	𐑱 𐑓𐑼 𐑧𐑓𐑼𐑑	𐑩𐑓𐑧𐑓𐑼𐑑	divergent
A for effort	UNC	GenAm	ˈeɪ fər ˈefəRt	ə F ˈefəRt	𐑱 𐑓𐑼 𐑧𐑓𐑼𐑑	𐑩𐑓𐑧𐑓𐑼𐑑	divergent
fascine knives	NN1	RSSB	fəˈsiːn ˌnaɪvz		𐑓𐑩𐑕𐑰𐑯 𐑯𐑲𐑝𐑟		unknown
fascine knives	NN1	GenAm	fəˈsin ˌnaɪvz	fəˈsin naɪvz	𐑓𐑩𐑕𐑦𐑯 𐑯𐑲𐑝𐑟	𐑓𐑩𐑕𐑦𐑯𐑯𐑲𐑝𐑟	matches
push the edge of the envelope	VVI	RSSB	ˌpʊʃ ðiː ˌedʒ əv ðiː ˈenvələʊp	pʊʃ Ð edʒ V Ð ˈenvələʊp	𐑐𐑫𐑖 𐑞𐑰 𐑧𐑡 𐑩𐑝 𐑞𐑰 𐑧𐑯𐑝𐑩𐑤𐑴𐑐	𐑐𐑫𐑖𐑞𐑧𐑡𐑝𐑞𐑧𐑯𐑝𐑩𐑤𐑴𐑐	divergent
push the edge of the envelope	VVI	GenAm	ˌpʊʃ ði ˌedʒ əv ði ˈenvəˌloʊp	pʊʃ Ð edʒ V Ð ˈenvələʊp	𐑐𐑫𐑖 𐑞𐑦 𐑧𐑡 𐑩𐑝 𐑞𐑦 𐑧𐑯𐑝𐑩𐑤𐑴𐑐	𐑐𐑫𐑖𐑞𐑧𐑡𐑝𐑞𐑧𐑯𐑝𐑩𐑤𐑴𐑐	divergent
Saxe-Coburg and Gotha	NP0	RSSB	sæksə kəʊbɜːRɡ ənd ɡəʊtə		𐑕𐑨𐑒𐑕𐑩 𐑒𐑴𐑚𐑻𐑜 𐑩𐑯𐑛 𐑜𐑴𐑑𐑩		unknown
Saxe-Coburg and Gotha	NP0	RSSB	ˈsæks …		𐑕𐑨𐑒𐑕 …		unknown
panty shield	NN1	GenAm	ˈpæntiˌʃiːld		𐑐𐑨𐑯𐑑𐑦𐑖𐑰𐑤𐑛		unknown
panty shield	NN1	RSSB	ˈpæntiˌʃiːld		𐑐𐑨𐑯𐑑𐑦𐑖𐑰𐑤𐑛		unknown
ansa cervicalis	NN1	GenAm	ˈænsə ˌsɜːRvəˈkeɪlɪs		𐑨𐑯𐑕𐑩 𐑕𐑻𐑝𐑩𐑒𐑱𐑤𐑦𐑕		unknown
ansa cervicalis	NN1	GenAm	ˈænsə ˌsɜːRvəˈkælɪs		𐑨𐑯𐑕𐑩 𐑕𐑻𐑝𐑩𐑒𐑨𐑤𐑦𐑕		unknown
chorda tympani	NN1	GenAm	ˌkɔːRdə ˈtɪmpəˌnaɪ		𐑒𐑹𐑛𐑩 𐑑𐑦𐑥𐑐𐑩𐑯𐑲		unknown
that'll be the frosty Friday	UNC	RSSB	ðætəl biːðə frɒsti fraɪdeɪ	ˈðætəl biː Ð ˈfrɒsti ˈfraɪdeɪ	𐑞𐑨𐑑𐑩𐑤 𐑚𐑰𐑞𐑩 𐑓𐑮𐑪𐑕𐑑𐑦 𐑓𐑮𐑲𐑛𐑱	𐑞𐑨𐑑𐑩𐑤𐑚𐑰𐑞𐑓𐑮𐑪𐑕𐑑𐑦𐑓𐑮𐑲𐑛𐑱	divergent
that'll be the frosty Friday	UNC	GenAm	ˌðætəl biðə ˌfrɒsti ˈfraɪˌdeɪ	ˈðætəl biː Ð ˈfrɒsti ˈfraɪdeɪ	𐑞𐑨𐑑𐑩𐑤 𐑚𐑦𐑞𐑩 𐑓𐑮𐑪𐑕𐑑𐑦 𐑓𐑮𐑲𐑛𐑱	𐑞𐑨𐑑𐑩𐑤𐑚𐑰𐑞𐑓𐑮𐑪𐑕𐑑𐑦𐑓𐑮𐑲𐑛𐑱	divergent
have Jesus in one's heart	VVI	RSSB	həv ˈdʒiːzəs ɪn wʌnz hɑːRt	hæv ˈdʒiːzəs ɪn wʌnz hɑːRt	𐑣𐑩𐑝 𐑡𐑰𐑟𐑩𐑕 𐑦𐑯 𐑢𐑳𐑯𐑟 𐑣𐑸𐑑	𐑣𐑨𐑝𐑡𐑰𐑟𐑩𐑕𐑦𐑯𐑢𐑳𐑯𐑟𐑣𐑸𐑑	matches
have Jesus in one's heart	VVI	GenAm	həv ˈdʒizəs ɪn wʌnz ˈhɑːRt	hæv ˈdʒiːzəs ɪn wʌnz hɑːRt	𐑣𐑩𐑝 𐑡𐑦𐑟𐑩𐑕 𐑦𐑯 𐑢𐑳𐑯𐑟 𐑣𐑸𐑑	𐑣𐑨𐑝𐑡𐑰𐑟𐑩𐑕𐑦𐑯𐑢𐑳𐑯𐑟𐑣𐑸𐑑	divergent
punctus interrogativus	NN1	RSSB	ˌpʌŋktəs ɪntərɒɡətiːvəs		𐑐𐑳𐑙𐑒𐑑𐑩𐑕 𐑦𐑯𐑑𐑼𐑪𐑜𐑩𐑑𐑰𐑝𐑩𐑕		unknown
punctus interrogativus	NN1	RSSB	ˌpʌŋktəs ɪntərɒɡətaɪvəs		𐑐𐑳𐑙𐑒𐑑𐑩𐑕 𐑦𐑯𐑑𐑼𐑪𐑜𐑩𐑑𐑲𐑝𐑩𐑕		unknown
punctus interrogativus	NN1	GenAm	ˌpʌŋktəs ɪntərɒɡəˈtaɪvəs		𐑐𐑳𐑙𐑒𐑑𐑩𐑕 𐑦𐑯𐑑𐑼𐑪𐑜𐑩𐑑𐑲𐑝𐑩𐑕		unknown
punctus interrogativus	NN1	RSSB	ˌpʌŋktəs ɪntərɒɡətɪvəs		𐑐𐑳𐑙𐑒𐑑𐑩𐑕 𐑦𐑯𐑑𐑼𐑪𐑜𐑩𐑑𐑦𐑝𐑩𐑕		unknown
punctus interrogativus	NN1	GenAm	ˌpʌŋktəs ɪntərɒɡəˈtivəs		𐑐𐑳𐑙𐑒𐑑𐑩𐑕 𐑦𐑯𐑑𐑼𐑪𐑜𐑩𐑑𐑦𐑝𐑩𐑕		unknown
punctus interrogativus	NN1	GenAm	ˌpʌŋktəs ɪntəˈrɒɡətɪvəs		𐑐𐑳𐑙𐑒𐑑𐑩𐑕 𐑦𐑯𐑑𐑼𐑪𐑜𐑩𐑑𐑦𐑝𐑩𐑕		unknown
punctus versus	NN1	RSSB	ˌpʌŋktəs vɜːRsəs		𐑐𐑳𐑙𐑒𐑑𐑩𐑕 𐑝𐑻𐑕𐑩𐑕		unknown
punctus versus	NN1	GenAm	ˌpʌŋktəs ˈvəRsəs		𐑐𐑳𐑙𐑒𐑑𐑩𐑕 𐑝𐑼𐑕𐑩𐑕		unknown
punctus circumflexus	NN1	RSSB	ˌpʌŋktəs sɜːRkəmfleksəs		𐑐𐑳𐑙𐑒𐑑𐑩𐑕 𐑕𐑻𐑒𐑩𐑥𐑓𐑤𐑧𐑒𐑕𐑩𐑕		unknown
punctus circumflexus	NN1	GenAm	ˌpʌŋktəs səRkəmˈfleksəs		𐑐𐑳𐑙𐑒𐑑𐑩𐑕 𐑕𐑼𐑒𐑩𐑥𐑓𐑤𐑧𐑒𐑕𐑩𐑕		unknown
punctus flexus	NN1	RSSB	ˌpʌŋktəs ˈfleksəs		𐑐𐑳𐑙𐑒𐑑𐑩𐑕 𐑓𐑤𐑧𐑒𐑕𐑩𐑕		unknown
punctus flexus	NN1	GenAm	ˌpʌŋktəs ˈfleksəs		𐑐𐑳𐑙𐑒𐑑𐑩𐑕 𐑓𐑤𐑧𐑒𐑕𐑩𐑕		unknown
tensor fasciae latae	NN1	GenAm	ˈtensəR ˌfæʃiˌi ˈleɪti		𐑑𐑧𐑯𐑕𐑼 𐑓𐑨𐑖𐑦𐑦 𐑤𐑱𐑑𐑦		unknown
nervus intermedius	NN1	GenAm	ˌnɜːRvəs ˌɪntəRˈmidiəs		𐑯𐑻𐑝𐑩𐑕 𐑦𐑯𐑑𐑼𐑥𐑦𐑛𐑾𐑕		unknown
nervi intermedii	NN1	GenAm	ˌnɜːRˌvaɪ ˌɪntəRˈmidiˌaɪ		𐑯𐑻𐑝𐑲 𐑦𐑯𐑑𐑼𐑥𐑦𐑛𐑦𐑲		unknown
auriculares anteriores	NN1	GenAm	ɒˌrɪkjəˌlerˌiz ænˌtɪriˈɔːRˌiz		𐑪𐑮𐑦𐑒𐑘𐑩𐑤𐑧𐑮𐑦𐑟 𐑨𐑯𐑑𐑦𐑮𐑦𐑹𐑦𐑟		unknown
auriculares posteriores	NN1	GenAm	ɒˌrɪkjəˌlerˌiz poʊˌstɪriˈɔːRˌiz		𐑪𐑮𐑦𐑒𐑘𐑩𐑤𐑧𐑮𐑦𐑟 𐑐𐑴𐑕𐑑𐑦𐑮𐑦𐑹𐑦𐑟		unknown
auriculares superiores	NN1	GenAm	ɒˌrɪkjəˌlerˌiz sʊˌpɪriˈɔːRˌiz		𐑪𐑮𐑦𐑒𐑘𐑩𐑤𐑧𐑮𐑦𐑟 𐑕𐑫𐑐𐑦𐑮𐑦𐑹𐑦𐑟		unknown
corrugatores superciliorum	NN1	GenAm	ˌkɔːRəɡəˌtɔːRˌiz ˌsupəRˌsɪliˈɔːRəm		𐑒𐑹𐑩𐑜𐑩𐑑𐑹𐑦𐑟 𐑕𐑫𐑐𐑼𐑕𐑦𐑤𐑦𐑹𐑩𐑥		unknown
levatores angulorum oris	NN1	GenAm	ˌlevəˈtɔːRˌiz ˌæŋɡjəˌlɔːRəm ˈɔːRɪs		𐑤𐑧𐑝𐑩𐑑𐑹𐑦𐑟 𐑨𐑙𐑜𐑘𐑩𐑤𐑹𐑩𐑥 𐑹𐑦𐑕		unknown
levatores angulorum orum	NN1	GenAm	ˌlevəˈtɔːRˌiz ˌæŋɡjəˌlɔːRəm ˈɔːRəm		𐑤𐑧𐑝𐑩𐑑𐑹𐑦𐑟 𐑨𐑙𐑜𐑘𐑩𐑤𐑹𐑩𐑥 𐑹𐑩𐑥		unknown
levatores labii superioris	NN1	GenAm	ˌlevəˈtɔːRˌiz ˌleɪbiˌaɪ sʊˌpɪriˈɔːRɪs		𐑤𐑧𐑝𐑩𐑑𐑹𐑦𐑟 𐑤𐑱𐑚𐑦𐑲 𐑕𐑫𐑐𐑦𐑮𐑦𐑹𐑦𐑕		unknown
levatores labii superioris alarumque nasi	NN1	GenAm	ˌlevəˈtɔːRˌiz ˌleɪbiˌaɪ sʊˌpɪriˈɔːRɪs əˌlerəmˌkwi ˈneɪˌzaɪ		𐑤𐑧𐑝𐑩𐑑𐑹𐑦𐑟 𐑤𐑱𐑚𐑦𐑲 𐑕𐑫𐑐𐑦𐑮𐑦𐑹𐑦𐑕 𐑩𐑤𐑧𐑮𐑩𐑥𐑒𐑢𐑦 𐑯𐑱𐑟𐑲		unknown
levatores palpebrarum superiorum	NN1	GenAm	ˌlevəˈtɔːRˌiz ˌpælpəˌbrerəm sʊˌpɪriˈɔːRəm		𐑤𐑧𐑝𐑩𐑑𐑹𐑦𐑟 𐑐𐑨𐑤𐑐𐑩𐑚𐑮𐑧𐑮𐑩𐑥 𐑕𐑫𐑐𐑦𐑮𐑦𐑹𐑩𐑥		unknown
levatores veli palatini	NN1	GenAm	ˌlevəˈtɔːRˌiz ˌviˌlaɪ ˌpæləˈtaɪˌnaɪ		𐑤𐑧𐑝𐑩𐑑𐑹𐑦𐑟 𐑝𐑦𐑤𐑲 𐑐𐑨𐑤𐑩𐑑𐑲𐑯𐑲		unknown
orbiculares oculorum	NN1	GenAm	ɔːRˌbɪkjəˌlerɪs ˌɒkjəˈlɔːRəm		𐑹𐑚𐑦𐑒𐑘𐑩𐑤𐑧𐑮𐑦𐑕 𐑪𐑒𐑘𐑩𐑤𐑹𐑩𐑥		unknown
orbiculares orum	NN1	GenAm	ɔːRˌbɪkjəˌlerɪs ˈɔːRəm		𐑹𐑚𐑦𐑒𐑘𐑩𐑤𐑧𐑮𐑦𐑕 𐑹𐑩𐑥		unknown
peroneus brevis	NN1	RSSB	perəʊniːəs ˈbrevɪs		𐑐𐑧𐑮𐑴𐑯𐑰𐑩𐑕 𐑚𐑮𐑧𐑝𐑦𐑕		unknown
peroneus brevis	NN1	GenAm	ˌperəˌniəs ˈbrevɪs		𐑐𐑧𐑮𐑩𐑯𐑾𐑕 𐑚𐑮𐑧𐑝𐑦𐑕		unknown
peronei breves	NN1	GenAm	ˌperəˌniˌaɪ ˈbrevˌiz	ˌperəˈniˌaɪ briːvz	𐑐𐑧𐑮𐑩𐑯𐑦𐑲 𐑚𐑮𐑧𐑝𐑦𐑟	𐑐𐑧𐑮𐑩𐑯𐑦𐑲𐑚𐑮𐑰𐑝𐑟	divergent
peroneus longus	NN1	RSSB	perəʊniːəs ˈlɒŋɡəs		𐑐𐑧𐑮𐑴𐑯𐑰𐑩𐑕 𐑤𐑪𐑙𐑜𐑩𐑕		unknown
peroneus longus	NN1	GenAm	ˌperəˌniəs ˈlɒŋɡəs	ˌperəˈniəs ˈlɒŋɡəs	𐑐𐑧𐑮𐑩𐑯𐑾𐑕 𐑤𐑪𐑙𐑜𐑩𐑕	𐑐𐑧𐑮𐑩𐑯𐑾𐑕𐑤𐑪𐑙𐑜𐑩𐑕	matches
peronei longi	NN1	GenAm	ˌperəˌniˌaɪ ˈlɒŋˌɡaɪ	ˌperəˈniˌaɪ ˈlɒŋˌɡaɪ	𐑐𐑧𐑮𐑩𐑯𐑦𐑲 𐑤𐑪𐑙𐑜𐑲	𐑐𐑧𐑮𐑩𐑯𐑦𐑲𐑤𐑪𐑙𐑜𐑲	matches
peroneus tertius	NN1	RSSB	perəʊniːəs tɜːRtiəs		𐑐𐑧𐑮𐑴𐑯𐑰𐑩𐑕 𐑑𐑻𐑑𐑾𐑕		unknown
peroneus tertius	NN1	RSSB	perəʊniːəs tɜːRʃiəs		𐑐𐑧𐑮𐑴𐑯𐑰𐑩𐑕 𐑑𐑻𐑖𐑾𐑕		unknown
peroneus tertius	NN1	RSSB	perəʊniːəs tɜːRʃəs		𐑐𐑧𐑮𐑴𐑯𐑰𐑩𐑕 𐑑𐑻𐑖𐑩𐑕		unknown
peroneus tertius	NN1	GenAm	ˌperəˌniəs ˈtɜːRʃiəs		𐑐𐑧𐑮𐑩𐑯𐑾𐑕 𐑑𐑻𐑖𐑾𐑕		unknown
peronei tertii	NN1	GenAm	ˌperəˌniˌaɪ ˈtɜːRʃiˌaɪ		𐑐𐑧𐑮𐑩𐑯𐑦𐑲 𐑑𐑻𐑖𐑦𐑲		unknown
fibularis brevis	NN1	GenAm	ˌfɪbjəˌlerɪs ˈbrevɪs		𐑓𐑦𐑚𐑘𐑩𐑤𐑧𐑮𐑦𐑕 𐑚𐑮𐑧𐑝𐑦𐑕		unknown
fibulares breves	NN1	GenAm	ˌfɪbjəˌlerˌiz ˈbrevˌiz	ˌfɪbjəˈlerˌiz briːvz	𐑓𐑦𐑚𐑘𐑩𐑤𐑧𐑮𐑦𐑟 𐑚𐑮𐑧𐑝𐑦𐑟	𐑓𐑦𐑚𐑘𐑩𐑤𐑧𐑮𐑦𐑟𐑚𐑮𐑰𐑝𐑟	divergent
fibularis longus	NN1	GenAm	ˌfɪbjəˌlerɪs ˈlɒŋɡəs	ˌfɪbjəˈlerɪs ˈlɒŋɡəs	𐑓𐑦𐑚𐑘𐑩𐑤𐑧𐑮𐑦𐑕 𐑤𐑪𐑙𐑜𐑩𐑕	𐑓𐑦𐑚𐑘𐑩𐑤𐑧𐑮𐑦𐑕𐑤𐑪𐑙𐑜𐑩𐑕	matches
fibularis tertius	NN1	GenAm	ˌfɪbjəˌlerɪs ˈtɜːRʃiəs		𐑓𐑦𐑚𐑘𐑩𐑤𐑧𐑮𐑦𐑕 𐑑𐑻𐑖𐑾𐑕		unknown
fibulares longi	NN1	GenAm	ˌfɪbjəˌlerˌiz ˈlɒŋˌɡaɪ	ˌfɪbjəˈlerˌiz ˈlɒŋˌɡaɪ	𐑓𐑦𐑚𐑘𐑩𐑤𐑧𐑮𐑦𐑟 𐑤𐑪𐑙𐑜𐑲	𐑓𐑦𐑚𐑘𐑩𐑤𐑧𐑮𐑦𐑟𐑤𐑪𐑙𐑜𐑲	matches
fibulares tertii	NN1	GenAm	ˌfɪbjəˌlerˌiz ˈtɜːRʃiˌaɪ		𐑓𐑦𐑚𐑘𐑩𐑤𐑧𐑮𐑦𐑟 𐑑𐑻𐑖𐑦𐑲		unknown
tensores tympanorum	NN1	GenAm	tenˌsɔːRˌiz ˌtɪmpəˈnɔːRəm		𐑑𐑧𐑯𐑕𐑹𐑦𐑟 𐑑𐑦𐑥𐑐𐑩𐑯𐑹𐑩𐑥		unknown
tensores veli palatini	NN1	GenAm	tenˈsɔːRˌiz ˌviˌlaɪ ˌpæləˈtaɪˌnaɪ		𐑑𐑧𐑯𐑕𐑹𐑦𐑟 𐑝𐑦𐑤𐑲 𐑐𐑨𐑤𐑩𐑑𐑲𐑯𐑲		unknown
foramina ceca	NN1	GenAm	fəˌræmənə ˈsikə		𐑓𐑼𐑨𐑥𐑩𐑯𐑩 𐑕𐑦𐑒𐑩		unknown
zygomatici majores	NN1	GenAm	ˌzaɪɡəˌmætəˌsaɪ məˈdʒɔːRˌiz		𐑟𐑲𐑜𐑩𐑥𐑨𐑑𐑩𐑕𐑲 𐑥𐑩𐑡𐑹𐑦𐑟		unknown
zygomatici majores	NN1	GenAm	ˌzaɪɡəˌmætəˌkaɪ məˈdʒɔːRˌiz		𐑟𐑲𐑜𐑩𐑥𐑨𐑑𐑩𐑒𐑲 𐑥𐑩𐑡𐑹𐑦𐑟		unknown
zygomatici minores	NN1	GenAm	ˌzaɪɡəˌmætəˌsaɪ maɪˈnɔːRˌiz		𐑟𐑲𐑜𐑩𐑥𐑨𐑑𐑩𐑕𐑲 𐑥𐑲𐑯𐑹𐑦𐑟		unknown
zygomatici minores	NN1	GenAm	ˌzaɪɡəˌmætəˌkaɪ maɪˈnɔːRˌiz		𐑟𐑲𐑜𐑩𐑥𐑨𐑑𐑩𐑒𐑲 𐑥𐑲𐑯𐑹𐑦𐑟		unknown
biodiversity hotspot	NN1	RSSB	baɪəʊdaɪvɜːRsɪti ˈhɒtˌspɒt		𐑚𐑲𐑴𐑛𐑲𐑝𐑻𐑕𐑦𐑑𐑦 𐑣𐑪𐑑𐑕𐑐𐑪𐑑		unknown
biodiversity hotspot	NN1	GenAm	ˌbaɪoʊdəˌvəRsəti ˈhɒtˌspɒt	ˈbaɪəʊdaɪˌvɜːRsɪti ˈhɒtˌspɒt	𐑚𐑲𐑴𐑛𐑩𐑝𐑼𐑕𐑩𐑑𐑦 𐑣𐑪𐑑𐑕𐑐𐑪𐑑	𐑚𐑲𐑴𐑛𐑲𐑝𐑻𐑕𐑦𐑑𐑦𐑣𐑪𐑑𐑕𐑐𐑪𐑑	divergent
foramen spinosum	NN1	GenAm	fəˌreɪmən spaɪˈnoʊsəm		𐑓𐑼𐑱𐑥𐑩𐑯 𐑕𐑐𐑲𐑯𐑴𐑕𐑩𐑥		unknown
foramina spinosa	NN1	GenAm	fəˌræmənə spaɪˈnoʊsə		𐑓𐑼𐑨𐑥𐑩𐑯𐑩 𐑕𐑐𐑲𐑯𐑴𐑕𐑩		unknown
learned helplessness	NN1	GenAm	ˈlɜːRnd ˈhelplɪsnəs	lɜːRnd ˈhelpləsnəs	𐑤𐑻𐑯𐑛 𐑣𐑧𐑤𐑐𐑤𐑦𐑕𐑯𐑩𐑕	𐑤𐑻𐑯𐑛𐑣𐑧𐑤𐑐𐑤𐑩𐑕𐑯𐑩𐑕	matches
founding mother	NN1	RSSB	ˌfaʊndɪŋ mʌðəR	ˈfaʊndɪŋ ˈmʌðəR	𐑓𐑬𐑯𐑛𐑦𐑙 𐑥𐑳𐑞𐑼	𐑓𐑬𐑯𐑛𐑦𐑙𐑥𐑳𐑞𐑼	matches
founding mother	NN1	GenAm	ˌfaʊndɪŋ ˈmʌðəR	ˈfaʊndɪŋ ˈmʌðəR	𐑓𐑬𐑯𐑛𐑦𐑙 𐑥𐑳𐑞𐑼	𐑓𐑬𐑯𐑛𐑦𐑙𐑥𐑳𐑞𐑼	matches
Delta variant	NN1	GenAm	ˈdeltə ˈværiənt	ˈdeltə ˈveərɪənt	𐑛𐑧𐑤𐑑𐑩 𐑝𐑨𐑮𐑾𐑯𐑑	𐑛𐑧𐑤𐑑𐑩𐑝𐑺𐑾𐑯𐑑	divergent
Delta variant	NN1	RSSB	ˈdeltə veəriənt	ˈdeltə ˈveərɪənt	𐑛𐑧𐑤𐑑𐑩 𐑝𐑺𐑾𐑯𐑑	𐑛𐑧𐑤𐑑𐑩𐑝𐑺𐑾𐑯𐑑	matches
pawternity leave	NN1	RSSB	pɔːtɜːRnɪti ˌliːv		𐑐𐑷𐑑𐑻𐑯𐑦𐑑𐑦 𐑤𐑰𐑝		unknown
pawternity leave	NN1	GenAm	pɒˈtɜːRnəti ˌliv		𐑐𐑪𐑑𐑻𐑯𐑩𐑑𐑦 𐑤𐑦𐑝		unknown
sinus venosus	NN1	RSSB	ˌsʌɪnəs viːˈnəʊsəs		𐑕𐑳𐑦𐑯𐑩𐑕 𐑝𐑰𐑯𐑴𐑕𐑩𐑕		unknown
sinus venosus	NN1	GenAm	ˌsaɪnəs ˌviˈnoʊsəs		𐑕𐑲𐑯𐑩𐑕 𐑝𐑦𐑯𐑴𐑕𐑩𐑕		unknown
sinus venosi	NN1	GenAm	ˌsaɪnəs ˌviˈnoʊˌsaɪ		𐑕𐑲𐑯𐑩𐑕 𐑝𐑦𐑯𐑴𐑕𐑲		unknown
torcular Herophili	NN1	GenAm	ˌtɔːRkjələR hɪˈrɒfəˌlaɪ		𐑑𐑹𐑒𐑘𐑩𐑤𐑼 𐑣𐑦𐑮𐑪𐑓𐑩𐑤𐑲		unknown
final reckoning	NN1	RSSB	ˌfaɪnəl rekənɪŋ	ˈfaɪnəl ˈrekənɪŋ	𐑓𐑲𐑯𐑩𐑤 𐑮𐑧𐑒𐑩𐑯𐑦𐑙	𐑓𐑲𐑯𐑩𐑤𐑮𐑧𐑒𐑩𐑯𐑦𐑙	matches
final reckoning	NN1	GenAm	ˌfaɪnəl ˈrekənɪŋ	ˈfaɪnəl ˈrekənɪŋ	𐑓𐑲𐑯𐑩𐑤 𐑮𐑧𐑒𐑩𐑯𐑦𐑙	𐑓𐑲𐑯𐑩𐑤𐑮𐑧𐑒𐑩𐑯𐑦𐑙	matches
rightly so	AV0	RSSB	ˌraɪtli ˈsəʊ	ˈraɪtli səʊ	𐑮𐑲𐑑𐑤𐑦 𐑕𐑴	𐑮𐑲𐑑𐑤𐑦𐑕𐑴	matches
rightly so	AV0	GenAm	ˌraɪtli ˈsoʊ	ˈraɪtli səʊ	𐑮𐑲𐑑𐑤𐑦 𐑕𐑴	𐑮𐑲𐑑𐑤𐑦𐑕𐑴	matches
durae matres	NN1	GenAm	ˈdjərə ˌmeɪˌtriz		𐑛𐑘𐑼𐑩 𐑥𐑱𐑑𐑮𐑦𐑟		unknown
computer lab	NN1	GenAm	kəmˈpjutəR ˌlæb	kəmˈpjuːtəR læb	𐑒𐑩𐑥𐑐𐑘𐑫𐑑𐑼 𐑤𐑨𐑚	𐑒𐑩𐑥𐑐𐑿𐑑𐑼𐑤𐑨𐑚	divergent
falx cerebri	NN1	GenAm	ˌfælks ˈserəˌbraɪ		𐑓𐑨𐑤𐑒𐑕 𐑕𐑧𐑮𐑩𐑚𐑮𐑲		unknown
falces cerebrorum	NN1	GenAm	ˌfælˌsiz ˌserəˈbrɔːRəm		𐑓𐑨𐑤𐑕𐑦𐑟 𐑕𐑧𐑮𐑩𐑚𐑮𐑹𐑩𐑥		unknown
wax philosophical	VVI	GenAm	ˈwæks ˌfɪləˈsɒfɪkəl	wæks ˌfɪləˈsɒfɪkəl	𐑢𐑨𐑒𐑕 𐑓𐑦𐑤𐑩𐑕𐑪𐑓𐑦𐑒𐑩𐑤	𐑢𐑨𐑒𐑕𐑓𐑦𐑤𐑩𐑕𐑪𐑓𐑦𐑒𐑩𐑤	matches
rima glottidis	NN1	GenAm	ˌraɪmə ˈɡlɒtədɪs		𐑮𐑲𐑥𐑩 𐑜𐑤𐑪𐑑𐑩𐑛𐑦𐑕		unknown
tentorium cerebelli	NN1	GenAm	tenˌtɔːRiəm ˌserəˈbelˌaɪ		𐑑𐑧𐑯𐑑𐑹𐑾𐑥 𐑕𐑧𐑮𐑩𐑚𐑧𐑤𐑲		unknown
tentoria cerebellorum	NN1	GenAm	tenˌtɔːRiə ˌserəbəˈlɔːRəm		𐑑𐑧𐑯𐑑𐑹𐑾 𐑕𐑧𐑮𐑩𐑚𐑩𐑤𐑹𐑩𐑥		unknown
tule fog	NN1	GenAm	ˈtuːli fɒɡ		𐑑𐑵𐑤𐑦 𐑓𐑪𐑜		unknown
pavement special	NN1	RSSB	ˌpeɪvmənt ˈspeʃəl	ˈpeɪvmənt ˈspeʃəl	𐑐𐑱𐑝𐑥𐑩𐑯𐑑 𐑕𐑐𐑧𐑖𐑩𐑤	𐑐𐑱𐑝𐑥𐑩𐑯𐑑𐑕𐑐𐑧𐑖𐑩𐑤	matches
pavement special	NN1	GenAm	ˌpeɪvmənt ˈspeʃəl	ˈpeɪvmənt ˈspeʃəl	𐑐𐑱𐑝𐑥𐑩𐑯𐑑 𐑕𐑐𐑧𐑖𐑩𐑤	𐑐𐑱𐑝𐑥𐑩𐑯𐑑𐑕𐑐𐑧𐑖𐑩𐑤	matches
New Eltham	NP0	RSSB	nju eltəm		𐑯𐑘𐑫 𐑧𐑤𐑑𐑩𐑥		unknown
fork hoe	NN1	RSSB	fɔːRk ˌhəʊ	fɔːRk həʊ	𐑓𐑹𐑒 𐑣𐑴	𐑓𐑹𐑒𐑣𐑴	matches
fork hoe	NN1	GenAm	ˈfɔːRk ˌhoʊ	fɔːRk həʊ	𐑓𐑹𐑒 𐑣𐑴	𐑓𐑹𐑒𐑣𐑴	matches
tech gurus	NN1	RSSB	tek ˈɡʊruːz	tek ˈɡuːruːz	𐑑𐑧𐑒 𐑜𐑫𐑮𐑵𐑟	𐑑𐑧𐑒𐑜𐑵𐑮𐑵𐑟	divergent
tech gurus	NN1	RSSB	tek ˈɡuːruːz	tek ˈɡuːruːz	𐑑𐑧𐑒 𐑜𐑵𐑮𐑵𐑟	𐑑𐑧𐑒𐑜𐑵𐑮𐑵𐑟	matches
tech gurus	NN1	GenAm	tek ˈɡuːruːz	tek ˈɡuːruːz	𐑑𐑧𐑒 𐑜𐑵𐑮𐑵𐑟	𐑑𐑧𐑒𐑜𐑵𐑮𐑵𐑟	matches
tech gurus	NN1	GenAm	tek ɡuːˈruːz	tek ˈɡuːruːz	𐑑𐑧𐑒 𐑜𐑵𐑮𐑵𐑟	𐑑𐑧𐑒𐑜𐑵𐑮𐑵𐑟	matches
tech gurus	NN1	GenAm	tek ˈɡʊruz	tek ˈɡuːruːz	𐑑𐑧𐑒 𐑜𐑫𐑮𐑫𐑟	𐑑𐑧𐑒𐑜𐑵𐑮𐑵𐑟	divergent
tech gurus	NN1	GenAm	tek ɡʊˈruz	tek ˈɡuːruːz	𐑑𐑧𐑒 𐑜𐑫𐑮𐑫𐑟	𐑑𐑧𐑒𐑜𐑵𐑮𐑵𐑟	divergent
tech gurus	NN1	GenAm	tek ˈɡʊrʊz	tek ˈɡuːruːz	𐑑𐑧𐑒 𐑜𐑫𐑮𐑫𐑟	𐑑𐑧𐑒𐑜𐑵𐑮𐑵𐑟	divergent
tech gurus	NN1	GenAm	tek ɡʊˈrʊz	tek ˈɡuːruːz	𐑑𐑧𐑒 𐑜𐑫𐑮𐑫𐑟	𐑑𐑧𐑒𐑜𐑵𐑮𐑵𐑟	divergent
Southern Mongolia	NP0	RSSB	sʌðəRn mɒŋˈɡəʊliə	ˈsʌðəRn mɒŋˈɡəʊlɪə	𐑕𐑳𐑞𐑼𐑯 𐑥𐑪𐑙𐑜𐑴𐑤𐑾	𐑕𐑳𐑞𐑼𐑯𐑥𐑪𐑙𐑜𐑴𐑤𐑾	matches
Southern Mongolia	NP0	GenAm	ˈsʌðəRn mɑːŋˈɡoʊliə	ˈsʌðəRn mɒŋˈɡəʊlɪə	𐑕𐑳𐑞𐑼𐑯 𐑥𐑭𐑙𐑜𐑴𐑤𐑾	𐑕𐑳𐑞𐑼𐑯𐑥𐑪𐑙𐑜𐑴𐑤𐑾	divergent
house plunder	NN1	RSSB	ˈhaʊs plʌndəR	haʊs ˈplʌndəR	𐑣𐑬𐑕 𐑐𐑤𐑳𐑯𐑛𐑼	𐑣𐑬𐑕𐑐𐑤𐑳𐑯𐑛𐑼	matches
house plunder	NN1	GenAm	ˈhaʊs ˌplʌndəR	haʊs ˈplʌndəR	𐑣𐑬𐑕 𐑐𐑤𐑳𐑯𐑛𐑼	𐑣𐑬𐑕𐑐𐑤𐑳𐑯𐑛𐑼	matches
revenue act	NN1	RSSB	revənjuː ækt	ˈrevənjuː ækt	𐑮𐑧𐑝𐑩𐑯𐑿 𐑨𐑒𐑑	𐑮𐑧𐑝𐑩𐑯𐑿𐑨𐑒𐑑	matches
revenue act	NN1	GenAm	ˈrevəˌnju ækt	ˈrevənuː ækt	𐑮𐑧𐑝𐑩𐑯𐑘𐑫 𐑨𐑒𐑑	𐑮𐑧𐑝𐑩𐑯𐑵𐑨𐑒𐑑	divergent
Vashon Island	NP0	GenAm	væˌshɒn ˈaɪlənd		𐑝𐑨𐑕𐑣𐑪𐑯 𐑲𐑤𐑩𐑯𐑛		unknown
have a blessed one	UNC	GenAm	hæv ə blest wʌn	hæv ə blest wʌn	𐑣𐑨𐑝 𐑩 𐑚𐑤𐑧𐑕𐑑 𐑢𐑳𐑯	𐑣𐑨𐑝𐑩𐑚𐑤𐑧𐑕𐑑𐑢𐑳𐑯	matches
cutie patootie	NN1	RSSB	ˌkjuːti pəˈtuːti		𐑒𐑿𐑑𐑦 𐑐𐑩𐑑𐑵𐑑𐑦		unknown
cutie patootie	NN1	GenAm	ˌkjuti pəˈtuti	ˈkjuti pəˈtuti	𐑒𐑘𐑫𐑑𐑦 𐑐𐑩𐑑𐑫𐑑𐑦	𐑒𐑘𐑫𐑑𐑦𐑐𐑩𐑑𐑫𐑑𐑦	matches
SAT word	NN1	GenAm	ˌesˌeɪˈti ˌwɜːRd	sæt wɜːRd	𐑧𐑕𐑱𐑑𐑦 𐑢𐑻𐑛	𐑕𐑨𐑑𐑢𐑻𐑛	divergent
wolf of Wall Street	NN1	RSSB	wʊlfəv wɔːl striːt	wʊlf V wɔːl striːt	𐑢𐑫𐑤𐑓𐑩𐑝 𐑢𐑷𐑤 𐑕𐑑𐑮𐑰𐑑	𐑢𐑫𐑤𐑓𐑝𐑢𐑷𐑤𐑕𐑑𐑮𐑰𐑑	divergent
wolf of Wall Street	NN1	GenAm	ˈwʊlfəv ˈwɒl ˌstrit	wʊlf V wɔːl striːt	𐑢𐑫𐑤𐑓𐑩𐑝 𐑢𐑪𐑤 𐑕𐑑𐑮𐑦𐑑	𐑢𐑫𐑤𐑓𐑝𐑢𐑷𐑤𐑕𐑑𐑮𐑰𐑑	divergent
Mata Utu	NP0	RSSB	ˌmɑːtə ˈuːtuː		𐑥𐑭𐑑𐑩 𐑵𐑑𐑵		unknown
brain rot	NN1	RSSB	ˈbreɪn ˌrɒt	breɪn rɒt	𐑚𐑮𐑱𐑯 𐑮𐑪𐑑	𐑚𐑮𐑱𐑯𐑮𐑪𐑑	matches
brain rot	NN1	GenAm	ˈbreɪn ˌrɒt	breɪn rɒt	𐑚𐑮𐑱𐑯 𐑮𐑪𐑑	𐑚𐑮𐑱𐑯𐑮𐑪𐑑	matches
kangaroo fucker	NN1	GenAm	ˌkeɪŋɡəˈruː ˈfʌkəR	ˌkæŋɡəˈruː ˈfʌkəR	𐑒𐑱𐑙𐑜𐑼𐑵 𐑓𐑳𐑒𐑼	𐑒𐑨𐑙𐑜𐑼𐑵𐑓𐑳𐑒𐑼	divergent
flat scissors	NN1	GenAm	flæt ˈsɪzəRz	flæt ˈsɪzəRz	𐑓𐑤𐑨𐑑 𐑕𐑦𐑟𐑼𐑟	𐑓𐑤𐑨𐑑𐑕𐑦𐑟𐑼𐑟	matches
rolling scissors	NN1	GenAm	ˈrolɪŋ ˈsɪzəRz	ˈrəʊlɪŋ ˈsɪzəRz	𐑮𐑪𐑤𐑦𐑙 𐑕𐑦𐑟𐑼𐑟	𐑮𐑴𐑤𐑦𐑙𐑕𐑦𐑟𐑼𐑟	divergent
if you know, you know	UNC	GenAm	ɪf ju noʊ ju noʊ		𐑦𐑓 𐑘𐑫 𐑯𐑴 𐑘𐑫 𐑯𐑴		unknown
if you know, you know	UNC	RSSB	ɪf ju nəʊ ju nəʊ		𐑦𐑓 𐑘𐑫 𐑯𐑴 𐑘𐑫 𐑯𐑴		unknown
Veliky Novgorod	NP0	RSSB	vəˈliːki nɒvɡərɒd		𐑝𐑩𐑤𐑰𐑒𐑦 𐑯𐑪𐑝𐑜𐑼𐑪𐑛		unknown
Veliky Novgorod	NP0	GenAm	vəˈliːki ˈnɒvɡərɒd		𐑝𐑩𐑤𐑰𐑒𐑦 𐑯𐑪𐑝𐑜𐑼𐑪𐑛		unknown
Veliky Novgorod	NP0	RSSB	vɪˈliːki nɔːvɡərət		𐑝𐑦𐑤𐑰𐑒𐑦 𐑯𐑷𐑝𐑜𐑼𐑩𐑑		unknown
give paw	VVI	RSSB	ˌɡɪv ˈpɔː	ɡɪv pɔː	𐑜𐑦𐑝 𐑐𐑷	𐑜𐑦𐑝𐑐𐑷	matches
give paw	VVI	GenAm	ˌɡɪv ˈpɒ	ɡɪv pɔː	𐑜𐑦𐑝 𐑐𐑪	𐑜𐑦𐑝𐑐𐑷	divergent
give paw	ITJ	RSSB	ˌɡɪv ˈpɔː	ɡɪv pɔː	𐑜𐑦𐑝 𐑐𐑷	𐑜𐑦𐑝𐑐𐑷	matches
give paw	ITJ	GenAm	ˌɡɪv ˈpɒ	ɡɪv pɔː	𐑜𐑦𐑝 𐑐𐑪	𐑜𐑦𐑝𐑐𐑷	divergent
long COVID	NN1	RSSB	ˌlɒŋ ˈkəʊvƏd	lɒŋ ˈkəʊvɪd	𐑤𐑪𐑙 𐑒𐑴𐑝𐑩𐑛	𐑤𐑪𐑙𐑒𐑴𐑝𐑦𐑛	matches
long COVID	NN1	GenAm	ˌlɒŋ ˈkoʊvƏd	lɒŋ ˈkəʊvɪd	𐑤𐑪𐑙 𐑒𐑴𐑝𐑩𐑛	𐑤𐑪𐑙𐑒𐑴𐑝𐑦𐑛	matches
cuir bouilli	NN1	GenAm	kwɪəR buji		𐑒𐑢𐑽 𐑚𐑫𐑘𐑦		unknown
cuir bouilli	NN1	RSSB	kwɪəR buji		𐑒𐑢𐑽 𐑚𐑫𐑘𐑦		unknown
god tier	NN1	RSSB	ˈɡɒd tɪəR	ɡɒd tɪəR	𐑜𐑪𐑛 𐑑𐑽	𐑜𐑪𐑛𐑑𐑽	matches
god tier	NN1	GenAm	ˈɡɒd ˈtɪəR	ɡɒd tɪəR	𐑜𐑪𐑛 𐑑𐑽	𐑜𐑪𐑛𐑑𐑽	matches
Colney Hatch	NP0	RSSB	ˈkəʊni ˈhætʃ		𐑒𐑴𐑯𐑦 𐑣𐑨𐑗		unknown
worm wheel	NN1	RSSB	wɜːRmwiːl	wɜːRm ʍiːl	𐑢𐑻𐑥𐑢𐑰𐑤	𐑢𐑻𐑥𐑢𐑰𐑤	matches
fighting spirit	NN1	RSSB	ˌfaɪtɪŋ ˈspɪrɪt	ˈfaɪtɪŋ ˈspɪrɪt	𐑓𐑲𐑑𐑦𐑙 𐑕𐑐𐑦𐑮𐑦𐑑	𐑓𐑲𐑑𐑦𐑙𐑕𐑐𐑦𐑮𐑦𐑑	matches
fighting spirit	NN1	GenAm	ˌfaɪtɪŋ ˈspɪrət	ˈfaɪtɪŋ ˈspɪrɪt	𐑓𐑲𐑑𐑦𐑙 𐑕𐑐𐑦𐑮𐑩𐑑	𐑓𐑲𐑑𐑦𐑙𐑕𐑐𐑦𐑮𐑦𐑑	matches
get medieval	VVI	RSSB	ˌɡet ˌmediˈiːvəl	ɡet ˌmedɪˈiːvəl	𐑜𐑧𐑑 𐑥𐑧𐑛𐑦𐑰𐑝𐑩𐑤	𐑜𐑧𐑑𐑥𐑧𐑛𐑦𐑰𐑝𐑩𐑤	matches
get medieval	VVI	GenAm	ˌɡet mɪdˈivəl	ɡet ˌmedɪˈiːvəl	𐑜𐑧𐑑 𐑥𐑦𐑛𐑦𐑝𐑩𐑤	𐑜𐑧𐑑𐑥𐑧𐑛𐑦𐑰𐑝𐑩𐑤	divergent
football match	NN1	GenAm	ˈfʊtbɒl mætʃ	ˈfʊtbɔːl mætʃ	𐑓𐑫𐑑𐑚𐑪𐑤 𐑥𐑨𐑗	𐑓𐑫𐑑𐑚𐑷𐑤𐑥𐑨𐑗	divergent
football match	NN1	RSSB	ˈfʊtbɔːl mætʃ	ˈfʊtbɔːl mætʃ	𐑓𐑫𐑑𐑚𐑷𐑤 𐑥𐑨𐑗	𐑓𐑫𐑑𐑚𐑷𐑤𐑥𐑨𐑗	matches
ticket inspection	NN1	RSSB	ˈtɪkɪt ɪnˈspekʃən	ˈtɪkIt ɪnˈspekʃən	𐑑𐑦𐑒𐑦𐑑 𐑦𐑯𐑕𐑐𐑧𐑒𐑖𐑩𐑯	𐑑𐑦𐑒𐑩𐑑𐑦𐑯𐑕𐑐𐑧𐑒𐑖𐑩𐑯	matches
ticket inspection	NN1	GenAm	ˈtɪkət ɪnˈspekʃən	ˈtɪkIt ɪnˈspekʃən	𐑑𐑦𐑒𐑩𐑑 𐑦𐑯𐑕𐑐𐑧𐑒𐑖𐑩𐑯	𐑑𐑦𐑒𐑩𐑑𐑦𐑯𐑕𐑐𐑧𐑒𐑖𐑩𐑯	matches
humanitarian corridor	NN1	RSSB	hjəmænɪtɜːrɪən kɒrɪdɔːR	hjuːˌmænɪˈteərɪən ˈkɒrɪdɔːR	𐑣𐑘𐑩𐑥𐑨𐑯𐑦𐑑𐑻𐑾𐑯 𐑒𐑪𐑮𐑦𐑛𐑹	𐑣𐑿𐑥𐑨𐑯𐑦𐑑𐑺𐑾𐑯𐑒𐑪𐑮𐑦𐑛𐑹	divergent
humanitarian corridor	NN1	GenAm	hjuˌmænəˈteriən ˈkɔːRəˌdɔːR	hjuːˌmænɪˈteərɪən ˈkɒrɪdɔːR	𐑣𐑘𐑫𐑥𐑨𐑯𐑩𐑑𐑧𐑮𐑾𐑯 𐑒𐑹𐑩𐑛𐑹	𐑣𐑿𐑥𐑨𐑯𐑦𐑑𐑺𐑾𐑯𐑒𐑪𐑮𐑦𐑛𐑹	divergent
live in the shadow of	VVI	GenAm	lɪv ɪn ðə ˈʃædoʊ ʌv	lɪv ɪn Ð ˈʃædəʊ V	𐑤𐑦𐑝 𐑦𐑯 𐑞𐑩 𐑖𐑨𐑛𐑴 𐑳𐑝	𐑤𐑦𐑝𐑦𐑯𐑞𐑖𐑨𐑛𐑴𐑝	divergent
backwards compatible	AJ0	GenAm	ˌbækwəRdkəmˈpætəbəl	ˈbækwəRdz kəmˈpætəbəl	𐑚𐑨𐑒𐑢𐑼𐑛𐑒𐑩𐑥𐑐𐑨𐑑𐑩𐑚𐑩𐑤	𐑚𐑨𐑒𐑢𐑼𐑛𐑟𐑒𐑩𐑥𐑐𐑨𐑑𐑩𐑚𐑩𐑤	divergent
grand seigneur	NN1	RSSB	ɡrɑːn seɪnjɜːR		𐑜𐑮𐑭𐑯 𐑕𐑱𐑯𐑘𐑻		unknown
grand seigneur	NN1	GenAm	ˌɡrɒn seɪˈnjəR	ɡrænd seˈnjɜːR	𐑜𐑮𐑪𐑯 𐑕𐑱𐑯𐑘𐑼	𐑜𐑮𐑨𐑯𐑛𐑕𐑧𐑯𐑘𐑻	divergent
Sisyphean labour	NN1	RSSB	ˌsɪsɪˈfiːən leɪbəR		𐑕𐑦𐑕𐑦𐑓𐑰𐑩𐑯 𐑤𐑱𐑚𐑼		unknown
Sisyphean labour	NN1	GenAm	ˌsɪsəˈfiːən ˈleɪbəR		𐑕𐑦𐑕𐑩𐑓𐑰𐑩𐑯 𐑤𐑱𐑚𐑼		unknown
pianny forty	NN1	RSSB	piˈani fɔːRti		𐑐𐑦𐑨𐑯𐑦 𐑓𐑹𐑑𐑦		unknown
pianny forty	NN1	GenAm	piˈæni ˌfɔːRti	piˈæni ˈfɔːRti	𐑐𐑦𐑨𐑯𐑦 𐑓𐑹𐑑𐑦	𐑐𐑦𐑨𐑯𐑦𐑓𐑹𐑑𐑦	matches
Oaxaca mud turtle	NN1	GenAm	wəˈhækə mʌd ˈtɜːRtəl	wəˈhækə mʌd ˈtɜːRtəl	𐑢𐑩𐑣𐑨𐑒𐑩 𐑥𐑳𐑛 𐑑𐑻𐑑𐑩𐑤	𐑢𐑩𐑣𐑨𐑒𐑩𐑥𐑳𐑛𐑑𐑻𐑑𐑩𐑤	matches
one moment	NN1	RSSB	wʌnˈməʊmənt	wʌn ˈməʊmənt	𐑢𐑳𐑯𐑥𐑴𐑥𐑩𐑯𐑑	𐑢𐑳𐑯𐑥𐑴𐑥𐑩𐑯𐑑	matches
one moment	ITJ	RSSB	wʌnˈməʊmənt	wʌn ˈməʊmənt	𐑢𐑳𐑯𐑥𐑴𐑥𐑩𐑯𐑑	𐑢𐑳𐑯𐑥𐑴𐑥𐑩𐑯𐑑	matches
a quo	AV0	RSSB	ɑːˈkwəʊ		𐑭𐑒𐑢𐑴		unknown
a quo	AV0	RSSB	eɪˈkwəʊ		𐑱𐑒𐑢𐑴		unknown
a quo	AV0	GenAm	eɪˈkwoʊ	ə kwoʊ	𐑱𐑒𐑢𐑴	𐑩𐑒𐑢𐑴	divergent
a quo	AV0	GenAm	ɒˈkwoʊ	ə kwoʊ	𐑪𐑒𐑢𐑴	𐑩𐑒𐑢𐑴	divergent
that's all, folks	UNC	RSSB	ðæts ɔːl fəʊks		𐑞𐑨𐑑𐑕 𐑷𐑤 𐑓𐑴𐑒𐑕		unknown
that's all, folks	UNC	GenAm	ðæts ɒl foʊks		𐑞𐑨𐑑𐑕 𐑪𐑤 𐑓𐑴𐑒𐑕		unknown
Tassie devil	NN1	GenAm	ˈtæzi ˈdevəl		𐑑𐑨𐑟𐑦 𐑛𐑧𐑝𐑩𐑤		unknown
a few clowns short of a circus	UNC	GenAm	ə fju klaʊnz ʃɔːRt əv ə sɜːRkəs	ə fjuː klaʊnz ʃɔːRt V ə ˈsɜːRkəs	𐑩 𐑓𐑘𐑫 𐑒𐑤𐑬𐑯𐑟 𐑖𐑹𐑑 𐑩𐑝 𐑩 𐑕𐑻𐑒𐑩𐑕	𐑩𐑓𐑿𐑒𐑤𐑬𐑯𐑟𐑖𐑹𐑑𐑝𐑩𐑕𐑻𐑒𐑩𐑕	divergent
directional gyro	NN1	GenAm	dəˈrekʃɪnəl ˈdʒaɪroʊ	dɪˈrekʃənəl ˈdʒaɪrəʊ	𐑛𐑼𐑧𐑒𐑖𐑦𐑯𐑩𐑤 𐑡𐑲𐑮𐑴	𐑛𐑦𐑮𐑧𐑒𐑖𐑩𐑯𐑩𐑤𐑡𐑲𐑮𐑴	divergent
Doppler broadening	NN1	GenAm	ˈdɒpləR ˈbrɒdnɪŋ	ˈdɒpləR ˈbrɔːdnɪŋ	𐑛𐑪𐑐𐑤𐑼 𐑚𐑮𐑪𐑛𐑯𐑦𐑙	𐑛𐑪𐑐𐑤𐑼𐑚𐑮𐑷𐑛𐑯𐑦𐑙	divergent
Doppler broadening	NN1	GenAm	ˈdɒpləR ˈbrɒdənˌɪŋ	ˈdɒpləR ˈbrɔːdnɪŋ	𐑛𐑪𐑐𐑤𐑼 𐑚𐑮𐑪𐑛𐑩𐑯𐑦𐑙	𐑛𐑪𐑐𐑤𐑼𐑚𐑮𐑷𐑛𐑯𐑦𐑙	divergent
Grande Prairie	NP0	GenAm	ɡrænd ˈpreri/ [ɡræm ˈpreri	ɡrænd ˈpreəri	𐑜𐑮𐑨𐑯𐑛 𐑐𐑮𐑧𐑮𐑦/ [𐑜𐑮𐑨𐑥 𐑐𐑮𐑧𐑮𐑦	𐑜𐑮𐑨𐑯𐑛𐑐𐑮𐑺𐑦	divergent
naughty list	NN1	RSSB	ˈnɔːti lɪst	ˈnɔːti lɪst	𐑯𐑷𐑑𐑦 𐑤𐑦𐑕𐑑	𐑯𐑷𐑑𐑦𐑤𐑦𐑕𐑑	matches
naughty list	NN1	GenAm	ˈnɒti lɪst	ˈnɔːti lɪst	𐑯𐑪𐑑𐑦 𐑤𐑦𐑕𐑑	𐑯𐑷𐑑𐑦𐑤𐑦𐑕𐑑	divergent
xerox machine	NN1	RSSB	ˈzerɒks məˈʃiːn	ˈzɪərɒks məˈʃiːn	𐑟𐑧𐑮𐑪𐑒𐑕 𐑥𐑩𐑖𐑰𐑯	𐑟𐑽𐑪𐑒𐑕𐑥𐑩𐑖𐑰𐑯	divergent
xerox machine	NN1	GenAm	ˈziːərɒks məˈʃin	ˈzɪərɒks məˈʃiːn	𐑟𐑰𐑼𐑪𐑒𐑕 𐑥𐑩𐑖𐑦𐑯	𐑟𐑽𐑪𐑒𐑕𐑥𐑩𐑖𐑰𐑯	divergent
black panther	NN1	GenAm	ˈblæk ˈpænθəR	blæk ˈpænθəR	𐑚𐑤𐑨𐑒 𐑐𐑨𐑯𐑔𐑼	𐑚𐑤𐑨𐑒𐑐𐑨𐑯𐑔𐑼	matches
black panther	NN1	RSSB	blak pænθəR	blæk ˈpænθəR	𐑚𐑤𐑨𐑒 𐑐𐑨𐑯𐑔𐑼	𐑚𐑤𐑨𐑒𐑐𐑨𐑯𐑔𐑼	matches
mountain apple	NN1	GenAm	ˌmaʊntən ˈæpəl	ˈmaʊntən ˈæpəl	𐑥𐑬𐑯𐑑𐑩𐑯 𐑨𐑐𐑩𐑤	𐑥𐑬𐑯𐑑𐑩𐑯𐑨𐑐𐑩𐑤	matches
rond de jambe	NN1	GenAm	rɒn də ˈʒɒmb		𐑮𐑪𐑯 𐑛𐑩 𐑠𐑪𐑥𐑚		unknown
built different	AJ0	RSSB	bɪlt dɪfərənt	bɪlt ˈdɪfərənt	𐑚𐑦𐑤𐑑 𐑛𐑦𐑓𐑼𐑩𐑯𐑑	𐑚𐑦𐑤𐑑𐑛𐑦𐑓𐑼𐑩𐑯𐑑	matches
built different	AJ0	GenAm	bɪlt ˈdɪfərənt	bɪlt ˈdɪfərənt	𐑚𐑦𐑤𐑑 𐑛𐑦𐑓𐑼𐑩𐑯𐑑	𐑚𐑦𐑤𐑑𐑛𐑦𐑓𐑼𐑩𐑯𐑑	matches
special military operation	NN1	RSSB	ˈspeʃəl ˈmɪlɪˌteriː ɒpəreɪʃən	ˈspeʃəl ˈmɪlɪtəri ˌɒpəˈreɪʃən	𐑕𐑐𐑧𐑖𐑩𐑤 𐑥𐑦𐑤𐑦𐑑𐑧𐑮𐑰 𐑪𐑐𐑼𐑱𐑖𐑩𐑯	𐑕𐑐𐑧𐑖𐑩𐑤𐑥𐑦𐑤𐑦𐑑𐑼𐑦𐑪𐑐𐑼𐑱𐑖𐑩𐑯	divergent
special military operation	NN1	RSSB	ˈspeʃəl ˈmɪlɪˌteriː ɔːpəreɪʃən	ˈspeʃəl ˈmɪlɪtəri ˌɒpəˈreɪʃən	𐑕𐑐𐑧𐑖𐑩𐑤 𐑥𐑦𐑤𐑦𐑑𐑧𐑮𐑰 𐑷𐑐𐑼𐑱𐑖𐑩𐑯	𐑕𐑐𐑧𐑖𐑩𐑤𐑥𐑦𐑤𐑦𐑑𐑼𐑦𐑪𐑐𐑼𐑱𐑖𐑩𐑯	divergent
special military operation	NN1	GenAm	ˈspeʃəl ˈmɪlɪˌteri ˌɒpəˈreɪʃən	ˈspeʃəl ˈmɪlɪtəri ˌɒpəˈreɪʃən	𐑕𐑐𐑧𐑖𐑩𐑤 𐑥𐑦𐑤𐑦𐑑𐑧𐑮𐑦 𐑪𐑐𐑼𐑱𐑖𐑩𐑯	𐑕𐑐𐑧𐑖𐑩𐑤𐑥𐑦𐑤𐑦𐑑𐑼𐑦𐑪𐑐𐑼𐑱𐑖𐑩𐑯	divergent
chess cake	NN1	RSSB	ˈtʃes ˌkeɪk	tʃes keɪk	𐑗𐑧𐑕 𐑒𐑱𐑒	𐑗𐑧𐑕𐑒𐑱𐑒	matches
chess cake	NN1	GenAm	ˈtʃes ˌkeɪk	tʃes keɪk	𐑗𐑧𐑕 𐑒𐑱𐑒	𐑗𐑧𐑕𐑒𐑱𐑒	matches
Olympic Valley	NP0	RSSB	əˌlɪmpɪk ˈvæli	əˈlɪmpɪk ˈvæli	𐑩𐑤𐑦𐑥𐑐𐑦𐑒 𐑝𐑨𐑤𐑦	𐑩𐑤𐑦𐑥𐑐𐑦𐑒𐑝𐑨𐑤𐑦	matches
Olympic Valley	NP0	GenAm	əˌlɪmpɪk ˈvæli	əˈlɪmpɪk ˈvæli	𐑩𐑤𐑦𐑥𐑐𐑦𐑒 𐑝𐑨𐑤𐑦	𐑩𐑤𐑦𐑥𐑐𐑦𐑒𐑝𐑨𐑤𐑦	matches
Rodeo Drive	NP0	GenAm	roʊˈdeɪoʊ ˈdraɪv	rəʊˈdeɪəʊ draɪv	𐑮𐑴𐑛𐑱𐑴 𐑛𐑮𐑲𐑝	𐑮𐑴𐑛𐑱𐑴𐑛𐑮𐑲𐑝	matches
bisexual lighting	NN1	RSSB	baɪˌsekʃʊəl ˈlaɪtɪŋ	ˌbaɪˈsekʃuəl ˈlaɪtɪŋ	𐑚𐑲𐑕𐑧𐑒𐑖𐑫𐑼𐑤 𐑤𐑲𐑑𐑦𐑙	𐑚𐑲𐑕𐑧𐑒𐑖𐑫𐑩𐑤𐑤𐑲𐑑𐑦𐑙	matches
bisexual lighting	NN1	GenAm	baɪˌsekʃəwəl ˈlaɪtɪŋ	ˌbaɪˈsekʃuəl ˈlaɪtɪŋ	𐑚𐑲𐑕𐑧𐑒𐑖𐑩𐑢𐑩𐑤 𐑤𐑲𐑑𐑦𐑙	𐑚𐑲𐑕𐑧𐑒𐑖𐑫𐑩𐑤𐑤𐑲𐑑𐑦𐑙	divergent
carbon budget	NN1	RSSB	kɑːRbən ˈbʌdʒɪt	ˈkɑːRbən ˈbʌdʒət	𐑒𐑸𐑚𐑩𐑯 𐑚𐑳𐑡𐑦𐑑	𐑒𐑸𐑚𐑩𐑯𐑚𐑳𐑡𐑩𐑑	matches
carbon budget	NN1	GenAm	ˈkɑːRbən ˈbʌdʒɪt	ˈkɑːRbən ˈbʌdʒət	𐑒𐑸𐑚𐑩𐑯 𐑚𐑳𐑡𐑦𐑑	𐑒𐑸𐑚𐑩𐑯𐑚𐑳𐑡𐑩𐑑	matches
Christmas comes early	UNC	RSSB	krɪsməs kʌmz ɜːRli	ˈkrɪsməs kʌmz ˈɜːRli	𐑒𐑮𐑦𐑕𐑥𐑩𐑕 𐑒𐑳𐑥𐑟 𐑻𐑤𐑦	𐑒𐑮𐑦𐑕𐑥𐑩𐑕𐑒𐑳𐑥𐑟𐑻𐑤𐑦	matches
Christmas comes early	UNC	GenAm	ˌkrɪsməs kʌmz ˈɜːRli	ˈkrɪsməs kʌmz ˈɜːRli	𐑒𐑮𐑦𐑕𐑥𐑩𐑕 𐑒𐑳𐑥𐑟 𐑻𐑤𐑦	𐑒𐑮𐑦𐑕𐑥𐑩𐑕𐑒𐑳𐑥𐑟𐑻𐑤𐑦	matches
Hertz donut	NN1	RSSB	hɜːRts ˈdəʊnʌt	hɜːRts ˈdəʊnʌt	𐑣𐑻𐑑𐑕 𐑛𐑴𐑯𐑳𐑑	𐑣𐑻𐑑𐑕𐑛𐑴𐑯𐑳𐑑	matches
Hertz donut	NN1	GenAm	ˌhɜːRts ˈdoʊˌnʌt	hɜːRts ˈdəʊnʌt	𐑣𐑻𐑑𐑕 𐑛𐑴𐑯𐑳𐑑	𐑣𐑻𐑑𐑕𐑛𐑴𐑯𐑳𐑑	matches
skill issue	NN1	RSSB	ˈskɪl ˌɪsjuː	skɪl ˈɪʃuː	𐑕𐑒𐑦𐑤 𐑦𐑕𐑿	𐑕𐑒𐑦𐑤𐑦𐑖𐑵	divergent
skill issue	NN1	GenAm	ˈskɪl ˌɪʃju	skɪl ˈɪʃuː	𐑕𐑒𐑦𐑤 𐑦𐑖𐑘𐑫	𐑕𐑒𐑦𐑤𐑦𐑖𐑵	divergent
skill issue	ITJ	RSSB	ˈskɪl ˌɪsjuː	skɪl ˈɪʃuː	𐑕𐑒𐑦𐑤 𐑦𐑕𐑿	𐑕𐑒𐑦𐑤𐑦𐑖𐑵	divergent
skill issue	ITJ	GenAm	ˈskɪl ˌɪʃju	skɪl ˈɪʃuː	𐑕𐑒𐑦𐑤 𐑦𐑖𐑘𐑫	𐑕𐑒𐑦𐑤𐑦𐑖𐑵	divergent
moth flour	NN1	GenAm	ˈmoʊt ˈflaʊəR	mɒθ ˈflaʊəR	𐑥𐑴𐑑 𐑓𐑤𐑬𐑼	𐑥𐑪𐑔𐑓𐑤𐑬𐑼	divergent
moth flour	NN1	RSSB	ˈməʊt flaʊəR	mɒθ ˈflaʊəR	𐑥𐑴𐑑 𐑓𐑤𐑬𐑼	𐑥𐑪𐑔𐑓𐑤𐑬𐑼	divergent
Wacko Jacko	NP0	RSSB	ˈwækəʊ ˈdʒækəʊ		𐑢𐑨𐑒𐑴 𐑡𐑨𐑒𐑴		unknown
Wacko Jacko	NP0	GenAm	ˈwækoʊ ˈdʒækoʊ	ˈwækoʊ ˈdʒækoʊ	𐑢𐑨𐑒𐑴 𐑡𐑨𐑒𐑴	𐑢𐑨𐑒𐑴𐑡𐑨𐑒𐑴	matches
Trumpster diving	NN1	RSSB	trʌmpstəRdaɪvɪŋ		𐑑𐑮𐑳𐑥𐑐𐑕𐑑𐑼𐑛𐑲𐑝𐑦𐑙		unknown
Trumpster diving	NN1	GenAm	ˈtrʌmpstəRˈdaɪvɪŋ	ˈtrʌmpstəR ˈdaɪvɪŋ	𐑑𐑮𐑳𐑥𐑐𐑕𐑑𐑼𐑛𐑲𐑝𐑦𐑙	𐑑𐑮𐑳𐑥𐑐𐑕𐑑𐑼𐑛𐑲𐑝𐑦𐑙	matches
bough pot	NN1	RSSB	ˈbaʊˌpɒt	baʊ pɒt	𐑚𐑬𐑐𐑪𐑑	𐑚𐑬𐑐𐑪𐑑	matches
Boaty McBoatface	NP0	RSSB	ˈbəʊti məkˈbəʊtfeɪs		𐑚𐑴𐑑𐑦 𐑥𐑩𐑒𐑚𐑴𐑑𐑓𐑱𐑕		unknown
Boaty McBoatface	NP0	GenAm	ˈboʊti mɪkˈboʊtfeɪs	ˈboʊti mɪkˈboʊtfeɪs	𐑚𐑴𐑑𐑦 𐑥𐑦𐑒𐑚𐑴𐑑𐑓𐑱𐑕	𐑚𐑴𐑑𐑦𐑥𐑦𐑒𐑚𐑴𐑑𐑓𐑱𐑕	matches
Boaty McBoatface	VVI	RSSB	ˈbəʊti məkˈbəʊtfeɪs		𐑚𐑴𐑑𐑦 𐑥𐑩𐑒𐑚𐑴𐑑𐑓𐑱𐑕		unknown
Boaty McBoatface	VVI	GenAm	ˈboʊti mɪkˈboʊtfeɪs	ˈboʊti mɪkˈboʊtfeɪs	𐑚𐑴𐑑𐑦 𐑥𐑦𐑒𐑚𐑴𐑑𐑓𐑱𐑕	𐑚𐑴𐑑𐑦𐑥𐑦𐑒𐑚𐑴𐑑𐑓𐑱𐑕	matches
wish upon a star	VVI	RSSB	wɪʃ əˈpɒn ə stɑːr	wɪʃ əˈpɒn ə stɑːR	𐑢𐑦𐑖 𐑩𐑐𐑪𐑯 𐑩 𐑕𐑑𐑸	𐑢𐑦𐑖𐑩𐑐𐑪𐑯𐑩𐑕𐑑𐑸	matches
wish upon a star	VVI	GenAm	wɪʃ əˈpɒn ə stɑːR	wɪʃ əˈpɒn ə stɑːR	𐑢𐑦𐑖 𐑩𐑐𐑪𐑯 𐑩 𐑕𐑑𐑸	𐑢𐑦𐑖𐑩𐑐𐑪𐑯𐑩𐑕𐑑𐑸	matches
mother figure	NN1	RSSB	mʌðəR fɪɡəR	ˈmʌðəR ˈfɪɡəR	𐑥𐑳𐑞𐑼 𐑓𐑦𐑜𐑼	𐑥𐑳𐑞𐑼𐑓𐑦𐑜𐑼	matches
mother figure	NN1	GenAm	ˈmʌðəR ˌfɪɡəR	ˈmʌðəR ˈfɪɡəR	𐑥𐑳𐑞𐑼 𐑓𐑦𐑜𐑼	𐑥𐑳𐑞𐑼𐑓𐑦𐑜𐑼	matches
imaginary lat syndrome	NN1	RSSB	ɪmædʒɪnəri ˈlæt ˌsɪndrəʊm	ɪˈmædʒɪnəri læt ˈsɪndrəʊm	𐑦𐑥𐑨𐑡𐑦𐑯𐑼𐑦 𐑤𐑨𐑑 𐑕𐑦𐑯𐑛𐑮𐑴𐑥	𐑦𐑥𐑨𐑡𐑦𐑯𐑼𐑦𐑤𐑨𐑑𐑕𐑦𐑯𐑛𐑮𐑴𐑥	matches
imaginary lat syndrome	NN1	GenAm	ɪˌmædʒɪˌneri ˈlæt ˌsɪndroʊm	ɪˈmædʒɪnəri læt ˈsɪndrəʊm	𐑦𐑥𐑨𐑡𐑦𐑯𐑧𐑮𐑦 𐑤𐑨𐑑 𐑕𐑦𐑯𐑛𐑮𐑴𐑥	𐑦𐑥𐑨𐑡𐑦𐑯𐑼𐑦𐑤𐑨𐑑𐑕𐑦𐑯𐑛𐑮𐑴𐑥	divergent
soft flimsy	NN1	RSSB	sɒft ˈflɪmzi	sɒft ˈflɪmzi	𐑕𐑪𐑓𐑑 𐑓𐑤𐑦𐑥𐑟𐑦	𐑕𐑪𐑓𐑑𐑓𐑤𐑦𐑥𐑟𐑦	matches
soft flimsy	NN1	GenAm	sɒft ˈflɪmzi	sɒft ˈflɪmzi	𐑕𐑪𐑓𐑑 𐑓𐑤𐑦𐑥𐑟𐑦	𐑕𐑪𐑓𐑑𐑓𐑤𐑦𐑥𐑟𐑦	matches
Castle Green	NP0	GenAm	ˈkæsəl ɡriːn	ˈkⱭːsəl ɡriːn	𐑒𐑨𐑕𐑩𐑤 𐑜𐑮𐑰𐑯	𐑒𐑭𐑕𐑩𐑤𐑜𐑮𐑰𐑯	matches
Castle Green	NP0	RSSB	ˈkɑːsəl ɡriːn	ˈkⱭːsəl ɡriːn	𐑒𐑭𐑕𐑩𐑤 𐑜𐑮𐑰𐑯	𐑒𐑭𐑕𐑩𐑤𐑜𐑮𐑰𐑯	matches
non-avian dinosaur	NN1	RSSB	ˈnɒnˌeɪviən daɪnəsɔːR		𐑯𐑪𐑯𐑱𐑝𐑾𐑯 𐑛𐑲𐑯𐑩𐑕𐑹		unknown
non-avian dinosaur	NN1	GenAm	ˈnɒnˌeɪviən ˈdaɪnəsɔːr		𐑯𐑪𐑯𐑱𐑝𐑾𐑯 𐑛𐑲𐑯𐑩𐑕𐑹		unknown
in excelsis	AJ0	RSSB	ˌɪn ɪkˈselsɪs		𐑦𐑯 𐑦𐑒𐑕𐑧𐑤𐑕𐑦𐑕		unknown
in excelsis	AJ0	RSSB	ˌɪn eksˈtʃelsɪs		𐑦𐑯 𐑧𐑒𐑕𐑗𐑧𐑤𐑕𐑦𐑕		unknown
raræ aves	NN1	RSSB	rɑːriː ˈeɪviːs		𐑮𐑸𐑰 𐑱𐑝𐑰𐑕		unknown
raræ aves	NN1	GenAm	ˌrɑːRi ˈeɪvis		𐑮𐑸𐑦 𐑱𐑝𐑦𐑕		unknown
emo skink	NN1	RSSB	ˌiːməʊ ˈskɪŋk		𐑰𐑥𐑴 𐑕𐑒𐑦𐑙𐑒		unknown
emo skink	NN1	GenAm	ˌimoʊ ˈskɪŋk		𐑦𐑥𐑴 𐑕𐑒𐑦𐑙𐑒		unknown
University of Spoiled Children	NN1	GenAm	junɪˈvɜːRsəti ʌv spɔɪld ˈtʃɪldrən	ˌjuːnɪˈvɜːRsɪti V spɔɪld ˈtʃɪldrən	𐑘𐑫𐑯𐑦𐑝𐑻𐑕𐑩𐑑𐑦 𐑳𐑝 𐑕𐑐𐑶𐑤𐑛 𐑗𐑦𐑤𐑛𐑮𐑩𐑯	𐑿𐑯𐑦𐑝𐑻𐑕𐑦𐑑𐑦𐑝𐑕𐑐𐑶𐑤𐑛𐑗𐑦𐑤𐑛𐑮𐑩𐑯	divergent
Hokey Pokey	NN1	GenAm	hoʊki poʊki	ˈhoʊki ˈpəʊki	𐑣𐑴𐑒𐑦 𐑐𐑴𐑒𐑦	𐑣𐑴𐑒𐑦𐑐𐑴𐑒𐑦	matches
Marine Parade	NP0	GenAm	məˈrin pəˈreɪd	məˈriːn pəˈreɪd	𐑥𐑼𐑦𐑯 𐑐𐑼𐑱𐑛	𐑥𐑼𐑰𐑯𐑐𐑼𐑱𐑛	divergent
pantomime villain	NN1	RSSB	ˈpæntəˌmʌɪm ˈvɪljən	ˈpæntəmaɪm ˈvɪlən	𐑐𐑨𐑯𐑑𐑩𐑥𐑳𐑦𐑥 𐑝𐑦𐑤𐑘𐑩𐑯	𐑐𐑨𐑯𐑑𐑩𐑥𐑲𐑥𐑝𐑦𐑤𐑩𐑯	divergent
Salton Sea	NP0	GenAm	ˈsɒltən ˈsi		𐑕𐑪𐑤𐑑𐑩𐑯 𐑕𐑦		unknown
Salton Sea	NP0	GenAm	ˌsɒltənˈsi		𐑕𐑪𐑤𐑑𐑩𐑯𐑕𐑦		unknown
The Boot	NP0	GenAm	ˈðiː but	Ð buːt	𐑞𐑰 𐑚𐑫𐑑	𐑞𐑚𐑵𐑑	divergent
The Boot	NP0	GenAm	ˈðʌ but	Ð buːt	𐑞𐑳 𐑚𐑫𐑑	𐑞𐑚𐑵𐑑	divergent
The Boot	NP0	GenAm	ðəbut	Ð buːt	𐑞𐑩𐑚𐑫𐑑	𐑞𐑚𐑵𐑑	divergent
Sportsman's Paradise	NP0	GenAm	ˈspɔːRtsmənz ˈperədaɪs		𐑕𐑐𐑹𐑑𐑕𐑥𐑩𐑯𐑟 𐑐𐑧𐑮𐑩𐑛𐑲𐑕		unknown
picture frame	NN1	RSSB	pɪktʃəR ˌfreɪm	ˈpɪktʃəR freɪm	𐑐𐑦𐑒𐑗𐑼 𐑓𐑮𐑱𐑥	𐑐𐑦𐑒𐑗𐑼𐑓𐑮𐑱𐑥	matches
picture frame	NN1	GenAm	ˈpɪktʃəR ˌfreɪm	ˈpɪktʃəR freɪm	𐑐𐑦𐑒𐑗𐑼 𐑓𐑮𐑱𐑥	𐑐𐑦𐑒𐑗𐑼𐑓𐑮𐑱𐑥	matches
Tumblr sexyman	NN1	GenAm	ˈtʌmbləR ˈseksiˌmæn		𐑑𐑳𐑥𐑚𐑤𐑼 𐑕𐑧𐑒𐑕𐑦𐑥𐑨𐑯		unknown
vulture culture	NN1	RSSB	vʌltʃəR kʌltʃəR	ˈvʌltʃəR ˈkʌltʃəR	𐑝𐑳𐑤𐑗𐑼 𐑒𐑳𐑤𐑗𐑼	𐑝𐑳𐑤𐑗𐑼𐑒𐑳𐑤𐑗𐑼	matches
vulture culture	NN1	GenAm	ˈvʌltʃər ˌkʌltʃər	ˈvʌltʃəR ˈkʌltʃəR	𐑝𐑳𐑤𐑗𐑼 𐑒𐑳𐑤𐑗𐑼	𐑝𐑳𐑤𐑗𐑼𐑒𐑳𐑤𐑗𐑼	matches
Masjid al-Haram	NP0	GenAm	mæsdʒɪd æl ˈhəˈrɑːm		𐑥𐑨𐑕𐑡𐑦𐑛 𐑨𐑤 𐑣𐑼𐑭𐑥		unknown
Masjid al-Haram	NP0	RSSB	mʌsdʒɪd æl hərɑːm		𐑥𐑳𐑕𐑡𐑦𐑛 𐑨𐑤 𐑣𐑼𐑭𐑥		unknown
interior Mexican	AJ0	RSSB	ɪntɪərɪəR ˈmeksɪkən	ɪnˈtɪərɪəR ˈmeksɪkən	𐑦𐑯𐑑𐑽𐑽 𐑥𐑧𐑒𐑕𐑦𐑒𐑩𐑯	𐑦𐑯𐑑𐑽𐑽𐑥𐑧𐑒𐑕𐑦𐑒𐑩𐑯	matches
interior Mexican	AJ0	GenAm	ɪnˌtɪriər ˈmeksəkən	ɪnˈtɪərɪəR ˈmeksɪkən	𐑦𐑯𐑑𐑦𐑮𐑽 𐑥𐑧𐑒𐑕𐑩𐑒𐑩𐑯	𐑦𐑯𐑑𐑽𐑽𐑥𐑧𐑒𐑕𐑦𐑒𐑩𐑯	divergent
antler moth	NN1	RSSB	æntləR mɒθ	ˈæntləR mɒθ	𐑨𐑯𐑑𐑤𐑼 𐑥𐑪𐑔	𐑨𐑯𐑑𐑤𐑼𐑥𐑪𐑔	matches
antler moth	NN1	GenAm	ˈæntləR mɒθ	ˈæntləR mɒθ	𐑨𐑯𐑑𐑤𐑼 𐑥𐑪𐑔	𐑨𐑯𐑑𐑤𐑼𐑥𐑪𐑔	matches
Pigeon Forge	NP0	RSSB	ˈpɪdʒɪn fɔːRdʒ	ˈpɪdʒən fɔːRdʒ	𐑐𐑦𐑡𐑦𐑯 𐑓𐑹𐑡	𐑐𐑦𐑡𐑩𐑯𐑓𐑹𐑡	matches
Pigeon Forge	NP0	GenAm	ˈpɪdʒən fɔːRdʒ	ˈpɪdʒən fɔːRdʒ	𐑐𐑦𐑡𐑩𐑯 𐑓𐑹𐑡	𐑐𐑦𐑡𐑩𐑯𐑓𐑹𐑡	matches
kissing ball	NN1	RSSB	ˈkɪsɪŋ ˌbɔːl	ˈkɪsɪŋ bɔːl	𐑒𐑦𐑕𐑦𐑙 𐑚𐑷𐑤	𐑒𐑦𐑕𐑦𐑙𐑚𐑷𐑤	matches
kissing ball	NN1	RSSB	ˌkɪsɪŋ ˈbɔːl	ˈkɪsɪŋ bɔːl	𐑒𐑦𐑕𐑦𐑙 𐑚𐑷𐑤	𐑒𐑦𐑕𐑦𐑙𐑚𐑷𐑤	matches
kissing ball	NN1	GenAm	ˈkɪsɪŋ ˌbɒl	ˈkɪsɪŋ bɔːl	𐑒𐑦𐑕𐑦𐑙 𐑚𐑪𐑤	𐑒𐑦𐑕𐑦𐑙𐑚𐑷𐑤	divergent
kissing ball	NN1	GenAm	ˌkɪsɪŋ ˈbɒl	ˈkɪsɪŋ bɔːl	𐑒𐑦𐑕𐑦𐑙 𐑚𐑪𐑤	𐑒𐑦𐑕𐑦𐑙𐑚𐑷𐑤	divergent
Yau Tsim Mong	NP0	RSSB	ˈjaʊ tsɪm ˈmɒŋ		𐑘𐑬 𐑑𐑕𐑦𐑥 𐑥𐑪𐑙		unknown
Yau Tsim Mong	NP0	GenAm	ˈjaʊ tsɪm ˈmɒŋ		𐑘𐑬 𐑑𐑕𐑦𐑥 𐑥𐑪𐑙		unknown
Yau Tong	NP0	GenAm	ˈjaʊ ˈtɒŋ		𐑘𐑬 𐑑𐑪𐑙		unknown
Yau Tong	NP0	RSSB	ˈjaʊ ˈtɒŋ		𐑘𐑬 𐑑𐑪𐑙		unknown
Western Roman Empire	NP0	RSSB	westəRn rəʊmən empaɪəR	ˈwestəRn ˈrəʊmən ˈempaɪəR	𐑢𐑧𐑕𐑑𐑼𐑯 𐑮𐑴𐑥𐑩𐑯 𐑧𐑥𐑐𐑲𐑼	𐑢𐑧𐑕𐑑𐑼𐑯𐑮𐑴𐑥𐑩𐑯𐑧𐑥𐑐𐑲𐑼	matches
Western Roman Empire	NP0	GenAm	ˈwestəRn ˈroʊmən ˈempaɪəR	ˈwestəRn ˈrəʊmən ˈempaɪəR	𐑢𐑧𐑕𐑑𐑼𐑯 𐑮𐑴𐑥𐑩𐑯 𐑧𐑥𐑐𐑲𐑼	𐑢𐑧𐑕𐑑𐑼𐑯𐑮𐑴𐑥𐑩𐑯𐑧𐑥𐑐𐑲𐑼	matches
Eastern Roman Empire	NP0	RSSB	iːstəRn rəʊmən empaɪəR	ˈiːstəRn ˈrəʊmən ˈempaɪəR	𐑰𐑕𐑑𐑼𐑯 𐑮𐑴𐑥𐑩𐑯 𐑧𐑥𐑐𐑲𐑼	𐑰𐑕𐑑𐑼𐑯𐑮𐑴𐑥𐑩𐑯𐑧𐑥𐑐𐑲𐑼	matches
Eastern Roman Empire	NP0	GenAm	ˈistəRn ˈroʊmən ˈempaɪəR	ˈiːstəRn ˈrəʊmən ˈempaɪəR	𐑦𐑕𐑑𐑼𐑯 𐑮𐑴𐑥𐑩𐑯 𐑧𐑥𐑐𐑲𐑼	𐑰𐑕𐑑𐑼𐑯𐑮𐑴𐑥𐑩𐑯𐑧𐑥𐑐𐑲𐑼	divergent
construction grammar	NN1	RSSB	kənstrʌkʃən ɡræmər	kənˈstrʌkʃən ˈɡræməR	𐑒𐑩𐑯𐑕𐑑𐑮𐑳𐑒𐑖𐑩𐑯 𐑜𐑮𐑨𐑥𐑼	𐑒𐑩𐑯𐑕𐑑𐑮𐑳𐑒𐑖𐑩𐑯𐑜𐑮𐑨𐑥𐑼	matches
construction grammar	NN1	GenAm	kənˈstrʌkʃən ˈɡræməR	kənˈstrʌkʃən ˈɡræməR	𐑒𐑩𐑯𐑕𐑑𐑮𐑳𐑒𐑖𐑩𐑯 𐑜𐑮𐑨𐑥𐑼	𐑒𐑩𐑯𐑕𐑑𐑮𐑳𐑒𐑖𐑩𐑯𐑜𐑮𐑨𐑥𐑼	matches
slings and arrows	NN1	RSSB	slɪŋzən ærəʊz	slɪŋz N ˈærəʊz	𐑕𐑤𐑦𐑙𐑟𐑩𐑯 𐑨𐑮𐑴𐑟	𐑕𐑤𐑦𐑙𐑟𐑯𐑨𐑮𐑴𐑟	divergent
slings and arrows	NN1	GenAm	ˌslɪŋzən ˈæroʊz	slɪŋz N ˈærəʊz	𐑕𐑤𐑦𐑙𐑟𐑩𐑯 𐑨𐑮𐑴𐑟	𐑕𐑤𐑦𐑙𐑟𐑯𐑨𐑮𐑴𐑟	divergent
zi char	NN1	GenAm	tsə ˈtʃɒ		𐑑𐑕𐑩 𐑗𐑪		unknown
Puerto Galera	NP0	GenAm	ˌpwertoʊ ɡɒ ˈleɪrə		𐑐𐑢𐑧𐑮𐑑𐑴 𐑜𐑪 𐑤𐑱𐑮𐑩		unknown
summit disease	NN1	RSSB	ˌsʌmɪt dɪˈziːz	ˈsʌmɪt dɪˈziːz	𐑕𐑳𐑥𐑦𐑑 𐑛𐑦𐑟𐑰𐑟	𐑕𐑳𐑥𐑦𐑑𐑛𐑦𐑟𐑰𐑟	matches
summit disease	NN1	GenAm	ˌsʌmɪt dəˈziz	ˈsʌmɪt dɪˈziːz	𐑕𐑳𐑥𐑦𐑑 𐑛𐑩𐑟𐑦𐑟	𐑕𐑳𐑥𐑦𐑑𐑛𐑦𐑟𐑰𐑟	divergent
oojah capivvy	NN1	RSSB	ˌuːdʒɑː kəˈpɪvi		𐑵𐑡𐑭 𐑒𐑩𐑐𐑦𐑝𐑦		unknown
oojah capivvy	NN1	GenAm	ˌudʒə kəˈpɪvi		𐑫𐑡𐑩 𐑒𐑩𐑐𐑦𐑝𐑦		unknown
Ein Sof	NP0	GenAm	ˈeɪn ˈsoʊf		𐑱𐑯 𐑕𐑴𐑓		unknown
knee-high by the Fourth of July	UNC	RSSB	niːhaɪ baɪ ðəR fɔːθəRv dʒʊlaɪ	niː-ˈhaɪ baɪ Ð fɔːRθ V dʒəˈlaɪ	𐑯𐑰𐑣𐑲 𐑚𐑲 𐑞𐑼 𐑓𐑷𐑔𐑼𐑝 𐑡𐑫𐑤𐑲	𐑯𐑰-𐑣𐑲𐑚𐑲𐑞𐑓𐑹𐑔𐑝𐑡𐑩𐑤𐑲	divergent
knee-high by the Fourth of July	UNC	GenAm	ˌniˈhaɪ baɪ ðə ˌfɔːRθəv dʒəˈlaɪ	niː-ˈhaɪ baɪ Ð fɔːRθ V dʒəˈlaɪ	𐑯𐑦𐑣𐑲 𐑚𐑲 𐑞𐑩 𐑓𐑹𐑔𐑩𐑝 𐑡𐑩𐑤𐑲	𐑯𐑰-𐑣𐑲𐑚𐑲𐑞𐑓𐑹𐑔𐑝𐑡𐑩𐑤𐑲	divergent
Christmas came early	UNC	RSSB	krɪsməs keɪm ɜːRli	ˈkrɪsməs keɪm ˈɜːRli	𐑒𐑮𐑦𐑕𐑥𐑩𐑕 𐑒𐑱𐑥 𐑻𐑤𐑦	𐑒𐑮𐑦𐑕𐑥𐑩𐑕𐑒𐑱𐑥𐑻𐑤𐑦	matches
Christmas came early	UNC	GenAm	ˌkrɪsməs keɪm ˈɜːRli	ˈkrɪsməs keɪm ˈɜːRli	𐑒𐑮𐑦𐑕𐑥𐑩𐑕 𐑒𐑱𐑥 𐑻𐑤𐑦	𐑒𐑮𐑦𐑕𐑥𐑩𐑕𐑒𐑱𐑥𐑻𐑤𐑦	matches
tear ass	VVI	GenAm	teəR ˈæs	teəR æs	𐑑𐑺 𐑨𐑕	𐑑𐑺𐑨𐑕	matches
solar storm	NN1	GenAm	ˈsoʊləR stɔːRm	ˈsəʊləR stɔːRm	𐑕𐑴𐑤𐑼 𐑕𐑑𐑹𐑥	𐑕𐑴𐑤𐑼𐑕𐑑𐑹𐑥	matches
solar storm	NN1	RSSB	səʊləR stɔːRm	ˈsəʊləR stɔːRm	𐑕𐑴𐑤𐑼 𐑕𐑑𐑹𐑥	𐑕𐑴𐑤𐑼𐑕𐑑𐑹𐑥	matches
solar storms	NN1	GenAm	ˈsoʊləR stɔːRmz	ˈsəʊləR stɔːRmz	𐑕𐑴𐑤𐑼 𐑕𐑑𐑹𐑥𐑟	𐑕𐑴𐑤𐑼𐑕𐑑𐑹𐑥𐑟	matches
solar storms	NN1	RSSB	səʊləR stɔːRmz	ˈsəʊləR stɔːRmz	𐑕𐑴𐑤𐑼 𐑕𐑑𐑹𐑥𐑟	𐑕𐑴𐑤𐑼𐑕𐑑𐑹𐑥𐑟	matches
without welt or guard	UNC	GenAm	wɪðˈaʊt welt or ɡɑːRd	wɪðˈaʊt welt ɔːR ɡɑːRd	𐑢𐑦𐑞𐑬𐑑 𐑢𐑧𐑤𐑑 𐑪𐑮 𐑜𐑸𐑛	𐑢𐑦𐑞𐑬𐑑𐑢𐑧𐑤𐑑𐑹𐑜𐑸𐑛	divergent
status quo ante bellum	NN1	GenAm	ˌstætəs ˈkwoʊ ˌænti ˈbeləm		𐑕𐑑𐑨𐑑𐑩𐑕 𐑒𐑢𐑴 𐑨𐑯𐑑𐑦 𐑚𐑧𐑤𐑩𐑥		unknown
status quo ante bellum	NN1	GenAm	ˌsteɪtəs ˈkwoʊ ˌænti ˈbeləm		𐑕𐑑𐑱𐑑𐑩𐑕 𐑒𐑢𐑴 𐑨𐑯𐑑𐑦 𐑚𐑧𐑤𐑩𐑥		unknown
epicanthal fold	NN1	GenAm	ˌepɪˌkænθəl ˈfoʊld		𐑧𐑐𐑦𐑒𐑨𐑯𐑔𐑩𐑤 𐑓𐑴𐑤𐑛		unknown
epicanthal fold	NN1	RSSB	ˌepɪˌkanθəl ˈfəʊld		𐑧𐑐𐑦𐑒𐑨𐑯𐑔𐑩𐑤 𐑓𐑴𐑤𐑛		unknown
chees and chaws	NN1	RSSB	tʃiːz ənd tʃɔːz		𐑗𐑰𐑟 𐑩𐑯𐑛 𐑗𐑷𐑟		unknown
melt pond	NN1	GenAm	ˈmelt ˌpɒnd	melt pɒnd	𐑥𐑧𐑤𐑑 𐑐𐑪𐑯𐑛	𐑥𐑧𐑤𐑑𐑐𐑪𐑯𐑛	matches
melt pond	NN1	RSSB	ˈmelt ˌpɒnd	melt pɒnd	𐑥𐑧𐑤𐑑 𐑐𐑪𐑯𐑛	𐑥𐑧𐑤𐑑𐑐𐑪𐑯𐑛	matches
get out of someone's ear	VVI	GenAm	ˌɡet ˈaʊt əv ˌsʌmwʌnz ˈɪr		𐑜𐑧𐑑 𐑬𐑑 𐑩𐑝 𐑕𐑳𐑥𐑢𐑳𐑯𐑟 𐑦𐑮		unknown
get out of someone's ear	VVI	RSSB	ˌɡet ˈaʊt əv ˌsʌmwʌnz ɪər		𐑜𐑧𐑑 𐑬𐑑 𐑩𐑝 𐑕𐑳𐑥𐑢𐑳𐑯𐑟 𐑽		unknown
academic quarter	NN1	GenAm	ˌækəˈdemɪk ˈkwɔːRtər	ˌækəˈdemɪk ˈkwɔːRtəR	𐑨𐑒𐑩𐑛𐑧𐑥𐑦𐑒 𐑒𐑢𐑹𐑑𐑼	𐑨𐑒𐑩𐑛𐑧𐑥𐑦𐑒𐑒𐑢𐑹𐑑𐑼	matches
academic quarter	NN1	RSSB	ˌækəˈdemɪk kwɔːRtəR(r	ˌækəˈdemɪk ˈkwɔːRtəR	𐑨𐑒𐑩𐑛𐑧𐑥𐑦𐑒 𐑒𐑢𐑹𐑑𐑼(𐑮	𐑨𐑒𐑩𐑛𐑧𐑥𐑦𐑒𐑒𐑢𐑹𐑑𐑼	divergent
the first turn of the screw pays all debts	UNC	GenAm	θəfəRrsttəRnʌvθəskrupeɪzɒldets	Ð fɜːRst tɜːRn V Ð skruː peɪz ɔːl dets	𐑔𐑩𐑓𐑼𐑮𐑕𐑑𐑑𐑼𐑯𐑳𐑝𐑔𐑩𐑕𐑒𐑮𐑫𐑐𐑱𐑟𐑪𐑤𐑛𐑧𐑑𐑕	𐑞𐑓𐑻𐑕𐑑𐑑𐑻𐑯𐑝𐑞𐑕𐑒𐑮𐑵𐑐𐑱𐑟𐑷𐑤𐑛𐑧𐑑𐑕	divergent
sosh meed	NN1	GenAm	soʊʃ mid	soʊʃ miːd	𐑕𐑴𐑖 𐑥𐑦𐑛	𐑕𐑴𐑖𐑥𐑰𐑛	divergent
sosh meed	NN1	RSSB	səʊʃ mid		𐑕𐑴𐑖 𐑥𐑦𐑛		unknown
stop into	VVI	GenAm	stɒp ˈɪntu	stɒp ˈɪntuː	𐑕𐑑𐑪𐑐 𐑦𐑯𐑑𐑫	𐑕𐑑𐑪𐑐𐑦𐑯𐑑𐑵	divergent
stop into	VVI	RSSB	stɒp ˈɪntu	stɒp ˈɪntuː	𐑕𐑑𐑪𐑐 𐑦𐑯𐑑𐑫	𐑕𐑑𐑪𐑐𐑦𐑯𐑑𐑵	divergent
ucipital mapilary	NN1	RSSB	juˈsɪpɪtəl məpɪləri		𐑘𐑫𐑕𐑦𐑐𐑦𐑑𐑩𐑤 𐑥𐑩𐑐𐑦𐑤𐑼𐑦		unknown
pamper packer	NN1	GenAm	ˌpæmpəRˈpækəR	ˈpæmpəR ˈpækəR	𐑐𐑨𐑥𐑐𐑼𐑐𐑨𐑒𐑼	𐑐𐑨𐑥𐑐𐑼𐑐𐑨𐑒𐑼	matches
pamper packer	NN1	RSSB	pæmpərpækəR	ˈpæmpəR ˈpækəR	𐑐𐑨𐑥𐑐𐑼𐑐𐑨𐑒𐑼	𐑐𐑨𐑥𐑐𐑼𐑐𐑨𐑒𐑼	matches
Toa Payoh	NP0	RSSB	ˌtɔː ˈpɑːjəʊ		𐑑𐑷 𐑐𐑭𐑘𐑴		unknown
scarlet bugler	NN1	GenAm	ˈskɑːRlət ˈbʌɡlər	ˈskɑːRlət ˈbjuːɡləR	𐑕𐑒𐑸𐑤𐑩𐑑 𐑚𐑳𐑜𐑤𐑼	𐑕𐑒𐑸𐑤𐑩𐑑𐑚𐑿𐑜𐑤𐑼	divergent
scarlet bugler	NN1	RSSB	skɑːRlɪt bʌɡlər	ˈskɑːRlət ˈbjuːɡləR	𐑕𐑒𐑸𐑤𐑦𐑑 𐑚𐑳𐑜𐑤𐑼	𐑕𐑒𐑸𐑤𐑩𐑑𐑚𐑿𐑜𐑤𐑼	divergent
Operative Masonry	NP0	GenAm	ˈɒpərətɪv ˈmeɪsənri	ˈɒpərətɪv ˈmeɪsənəri	𐑪𐑐𐑼𐑩𐑑𐑦𐑝 𐑥𐑱𐑕𐑩𐑯𐑮𐑦	𐑪𐑐𐑼𐑩𐑑𐑦𐑝𐑥𐑱𐑕𐑩𐑯𐑼𐑦	divergent
Operative Masonry	NP0	RSSB	ɒpərətɪv meɪsənri	ˈɒpərətɪv ˈmeɪsənəri	𐑪𐑐𐑼𐑩𐑑𐑦𐑝 𐑥𐑱𐑕𐑩𐑯𐑮𐑦	𐑪𐑐𐑼𐑩𐑑𐑦𐑝𐑥𐑱𐑕𐑩𐑯𐑼𐑦	divergent
phenomenal consciousness	NN1	GenAm	fəˈnɒmənəl ˈkɒnʃəsnəs	fɪˈnɒmɪnəl ˈkɒnʃəsnəs	𐑓𐑩𐑯𐑪𐑥𐑩𐑯𐑩𐑤 𐑒𐑪𐑯𐑖𐑩𐑕𐑯𐑩𐑕	𐑓𐑦𐑯𐑪𐑥𐑦𐑯𐑩𐑤𐑒𐑪𐑯𐑖𐑩𐑕𐑯𐑩𐑕	matches
phenomenal consciousness	NN1	RSSB	fɪˈnɒmɪnəl ˈkɒnʃəsnəs	fɪˈnɒmɪnəl ˈkɒnʃəsnəs	𐑓𐑦𐑯𐑪𐑥𐑦𐑯𐑩𐑤 𐑒𐑪𐑯𐑖𐑩𐑕𐑯𐑩𐑕	𐑓𐑦𐑯𐑪𐑥𐑦𐑯𐑩𐑤𐑒𐑪𐑯𐑖𐑩𐑕𐑯𐑩𐑕	matches
Mardi Gras Indian	NN1	GenAm	ˈmɑːRdi ɡrɒ ˈɪndiən		𐑥𐑸𐑛𐑦 𐑜𐑮𐑪 𐑦𐑯𐑛𐑾𐑯		unknown
Baillon's crake	NN1	RSSB	ˈbaɪjɒnz ˌkreɪk		𐑚𐑲𐑘𐑪𐑯𐑟 𐑒𐑮𐑱𐑒		unknown
Baillon's crake	NN1	GenAm	ˈbaɪjɒnz ˌkreɪk		𐑚𐑲𐑘𐑪𐑯𐑟 𐑒𐑮𐑱𐑒		unknown
Baillon's crake	NN1	RSSB	ˈbaɪlɒnz ˌkreɪk		𐑚𐑲𐑤𐑪𐑯𐑟 𐑒𐑮𐑱𐑒		unknown
Baillon's crake	NN1	GenAm	ˈbaɪlɒnz ˌkreɪk		𐑚𐑲𐑤𐑪𐑯𐑟 𐑒𐑮𐑱𐑒		unknown
Baillon's crake	NN1	RSSB	ˈbæjɔːz ˌkreɪk		𐑚𐑨𐑘𐑷𐑟 𐑒𐑮𐑱𐑒		unknown
Baillon's crake	NN1	GenAm	ˈbæjɒz ˌkreɪk		𐑚𐑨𐑘𐑪𐑟 𐑒𐑮𐑱𐑒		unknown
fair share	NN1	RSSB	feəR ʃeəR	feəR ʃeəR	𐑓𐑺 𐑖𐑺	𐑓𐑺𐑖𐑺	matches
fair share	NN1	GenAm	feəR ʃeəR	feəR ʃeəR	𐑓𐑺 𐑖𐑺	𐑓𐑺𐑖𐑺	matches
fair share	NN1	RSSB	fɜːR ʃeəR	feəR ʃeəR	𐑓𐑻 𐑖𐑺	𐑓𐑺𐑖𐑺	divergent
pamper packing	NN1	RSSB	pæmpərpakɪŋ	ˈpæmpəR ˈpækɪŋ	𐑐𐑨𐑥𐑐𐑼𐑐𐑨𐑒𐑦𐑙	𐑐𐑨𐑥𐑐𐑼𐑐𐑨𐑒𐑦𐑙	matches
pamper packing	NN1	GenAm	ˌpæmpəRˈpækɪŋ	ˈpæmpəR ˈpækɪŋ	𐑐𐑨𐑥𐑐𐑼𐑐𐑨𐑒𐑦𐑙	𐑐𐑨𐑥𐑐𐑼𐑐𐑨𐑒𐑦𐑙	matches
pamper packing	AJ0	RSSB	pæmpərpakɪŋ	ˈpæmpəR ˈpækɪŋ	𐑐𐑨𐑥𐑐𐑼𐑐𐑨𐑒𐑦𐑙	𐑐𐑨𐑥𐑐𐑼𐑐𐑨𐑒𐑦𐑙	matches
pamper packing	AJ0	GenAm	ˌpæmpəRˈpækɪŋ	ˈpæmpəR ˈpækɪŋ	𐑐𐑨𐑥𐑐𐑼𐑐𐑨𐑒𐑦𐑙	𐑐𐑨𐑥𐑐𐑼𐑐𐑨𐑒𐑦𐑙	matches
lacto-ovo vegetarian	NN1	RSSB	ˌlæktəʊˌəʊvəʊ vedʒɪteəriən		𐑤𐑨𐑒𐑑𐑴𐑴𐑝𐑴 𐑝𐑧𐑡𐑦𐑑𐑺𐑾𐑯		unknown
lacto-ovo vegetarian	NN1	GenAm	ˌlæktoʊˌoʊvoʊ ˌvedʒɪˈteriən		𐑤𐑨𐑒𐑑𐑴𐑴𐑝𐑴 𐑝𐑧𐑡𐑦𐑑𐑧𐑮𐑾𐑯		unknown
vibe shift	NN1	GenAm	ˈvaɪbˌʃɪft	vaɪb ʃɪft	𐑝𐑲𐑚𐑖𐑦𐑓𐑑	𐑝𐑲𐑚𐑖𐑦𐑓𐑑	matches
Old Colwyn	NP0	RSSB	ˌəʊld ˈkɒlwɪn		𐑴𐑤𐑛 𐑒𐑪𐑤𐑢𐑦𐑯		unknown
tier list	NN1	RSSB	tɪəR ˌlɪst	tɪəR lɪst	𐑑𐑽 𐑤𐑦𐑕𐑑	𐑑𐑽𐑤𐑦𐑕𐑑	matches
tier list	NN1	GenAm	ˈtɪəR ˌlɪst	tɪəR lɪst	𐑑𐑽 𐑤𐑦𐑕𐑑	𐑑𐑽𐑤𐑦𐑕𐑑	matches
sure as death and taxes	AJ0	GenAm	ʃʊr æz deθ ænd tæksəz	ʃʊəR æz deθ N ˈtæksƏz	𐑖𐑫𐑮 𐑨𐑟 𐑛𐑧𐑔 𐑨𐑯𐑛 𐑑𐑨𐑒𐑕𐑩𐑟	𐑖𐑫𐑼𐑨𐑟𐑛𐑧𐑔𐑯𐑑𐑨𐑒𐑕𐑩𐑟	divergent
sure as death and taxes	AV0	GenAm	ʃʊr æz deθ ænd tæksəz	ʃʊəR æz deθ N ˈtæksƏz	𐑖𐑫𐑮 𐑨𐑟 𐑛𐑧𐑔 𐑨𐑯𐑛 𐑑𐑨𐑒𐑕𐑩𐑟	𐑖𐑫𐑼𐑨𐑟𐑛𐑧𐑔𐑯𐑑𐑨𐑒𐑕𐑩𐑟	divergent
in Minecraft	UNC	RSSB	ɪn maɪnkrɑːft	ɪn ˈmaɪnkrⱭːft	𐑦𐑯 𐑥𐑲𐑯𐑒𐑮𐑭𐑓𐑑	𐑦𐑯𐑥𐑲𐑯𐑒𐑮𐑭𐑓𐑑	matches
in Minecraft	UNC	GenAm	ɪn ˈmaɪnˌkræft	ɪn ˈmaɪnkrⱭːft	𐑦𐑯 𐑥𐑲𐑯𐑒𐑮𐑨𐑓𐑑	𐑦𐑯𐑥𐑲𐑯𐑒𐑮𐑭𐑓𐑑	matches
of the clock	AV0	RSSB	ʌvˈðəˌklɒk	V Ð klɒk	𐑳𐑝𐑞𐑩𐑒𐑤𐑪𐑒	𐑝𐑞𐑒𐑤𐑪𐑒	divergent
of the clock	AV0	GenAm	ʌvˈðəˌklɒk	V Ð klɒk	𐑳𐑝𐑞𐑩𐑒𐑤𐑪𐑒	𐑝𐑞𐑒𐑤𐑪𐑒	divergent
of the clock	AV0	RSSB	ʌvˈðiˌklɒk	V Ð klɒk	𐑳𐑝𐑞𐑦𐑒𐑤𐑪𐑒	𐑝𐑞𐑒𐑤𐑪𐑒	divergent
of the clock	AV0	GenAm	ʌvˈðiˌklɒk	V Ð klɒk	𐑳𐑝𐑞𐑦𐑒𐑤𐑪𐑒	𐑝𐑞𐑒𐑤𐑪𐑒	divergent
Ohkay Owingeh	NP0	GenAm	ˈoʊkeɪ oʊˈwɪŋɡeɪ		𐑴𐑒𐑱 𐑴𐑢𐑦𐑙𐑜𐑱		unknown
Ohkay Owingeh	NP0	RSSB	ˈəʊkeɪ əʊˈwɪŋɡeɪ		𐑴𐑒𐑱 𐑴𐑢𐑦𐑙𐑜𐑱		unknown
Andean fox	NN1	GenAm	ˈændiən fɒks		𐑨𐑯𐑛𐑾𐑯 𐑓𐑪𐑒𐑕		unknown
good girl	NN1	RSSB	ˈɡʊd ɡɜːRl	ɡʊd ɡɜːRl	𐑜𐑫𐑛 𐑜𐑻𐑤	𐑜𐑫𐑛𐑜𐑻𐑤	matches
good girl	NN1	GenAm	ˈɡʊd ˌɡɜːRl	ɡʊd ɡɜːRl	𐑜𐑫𐑛 𐑜𐑻𐑤	𐑜𐑫𐑛𐑜𐑻𐑤	matches
good girl	ITJ	RSSB	ˈɡʊd ɡɜːRl	ɡʊd ɡɜːRl	𐑜𐑫𐑛 𐑜𐑻𐑤	𐑜𐑫𐑛𐑜𐑻𐑤	matches
good girl	ITJ	GenAm	ˈɡʊd ˌɡɜːRl	ɡʊd ɡɜːRl	𐑜𐑫𐑛 𐑜𐑻𐑤	𐑜𐑫𐑛𐑜𐑻𐑤	matches
peeling skin syndrome	NN1	GenAm	ˈpiːlɪŋ skɪn ˈsɪndroʊm	ˈpiːlɪŋ skɪn ˈsɪndrəʊm	𐑐𐑰𐑤𐑦𐑙 𐑕𐑒𐑦𐑯 𐑕𐑦𐑯𐑛𐑮𐑴𐑥	𐑐𐑰𐑤𐑦𐑙𐑕𐑒𐑦𐑯𐑕𐑦𐑯𐑛𐑮𐑴𐑥	matches
bullous acrokeratotic poikiloderma of Kindler and Weary	NN1	GenAm	ˈbʊləs ˌækroʊˌkerəˈtɒtɪk ˌpɔɪkɪˈloʊdərmə ʌv ˈkɪndlər ænd ˈwɪəri		𐑚𐑫𐑤𐑩𐑕 𐑨𐑒𐑮𐑴𐑒𐑧𐑮𐑩𐑑𐑪𐑑𐑦𐑒 𐑐𐑶𐑒𐑦𐑤𐑴𐑛𐑼𐑥𐑩 𐑳𐑝 𐑒𐑦𐑯𐑛𐑤𐑼 𐑨𐑯𐑛 𐑢𐑽𐑦		unknown
fasten down	VVI	GenAm	ˈfæsən daʊn	ˈfⱭːsən daʊn	𐑓𐑨𐑕𐑩𐑯 𐑛𐑬𐑯	𐑓𐑭𐑕𐑩𐑯𐑛𐑬𐑯	matches
compliment fishing	NN1	GenAm	ˈkɒmpləməntˈfɪʃɪŋ	ˈkɒmplɪmənt ˈfɪʃɪŋ	𐑒𐑪𐑥𐑐𐑤𐑩𐑥𐑩𐑯𐑑𐑓𐑦𐑖𐑦𐑙	𐑒𐑪𐑥𐑐𐑤𐑦𐑥𐑩𐑯𐑑𐑓𐑦𐑖𐑦𐑙	matches
hammer pond	NN1	RSSB	hæmərpɒnd	ˈhæməR pɒnd	𐑣𐑨𐑥𐑼𐑐𐑪𐑯𐑛	𐑣𐑨𐑥𐑼𐑐𐑪𐑯𐑛	matches
hammer pond	NN1	GenAm	ˈhæməR pɒnd	ˈhæməR pɒnd	𐑣𐑨𐑥𐑼 𐑐𐑪𐑯𐑛	𐑣𐑨𐑥𐑼𐑐𐑪𐑯𐑛	matches
Heil Hitler	ITJ	GenAm	haɪl ˈhɪtləR		𐑣𐑲𐑤 𐑣𐑦𐑑𐑤𐑼		unknown
pacifier gag	NN1	GenAm	ˌpæsɪfaɪəRˈɡæɡ	ˈpæsɪfaɪəR ɡæɡ	𐑐𐑨𐑕𐑦𐑓𐑲𐑼𐑜𐑨𐑜	𐑐𐑨𐑕𐑦𐑓𐑲𐑼𐑜𐑨𐑜	matches
pacifier gag	NN1	RSSB	pæsɪfaɪəRɡæɡ		𐑐𐑨𐑕𐑦𐑓𐑲𐑼𐑜𐑨𐑜		unknown
paci gag	NN1	GenAm	ˌpæsɪˈɡæɡ		𐑐𐑨𐑕𐑦𐑜𐑨𐑜		unknown
oo oo aa aa	ITJ	RSSB	ˈuːuː ˈɑːɑː	uː uː ˈeɪeɪ ˈeɪeɪ	𐑵𐑵 𐑭𐑭	𐑵𐑵𐑱𐑱𐑱𐑱	divergent
oo oo aa aa	ITJ	GenAm	ˈuu ˈɒɒ	uː uː ˈeɪeɪ ˈeɪeɪ	𐑫𐑫 𐑪𐑪	𐑵𐑵𐑱𐑱𐑱𐑱	divergent
Free City of Tri-Insula	NP0	RSSB	ˈfriː ˌsɪti əv traɪɪnsjuːlə		𐑓𐑮𐑰 𐑕𐑦𐑑𐑦 𐑩𐑝 𐑑𐑮𐑲𐑦𐑯𐑕𐑿𐑤𐑩		unknown
Free City of Tri-Insula	NP0	GenAm	ˈfri ˌsɪti əv traɪˈɪnsjulə		𐑓𐑮𐑦 𐑕𐑦𐑑𐑦 𐑩𐑝 𐑑𐑮𐑲𐑦𐑯𐑕𐑘𐑫𐑤𐑩		unknown
all-purpose cleaner	NN1	GenAm	ˌɒlpɜːRpəsˈklinəR	ˌɒlˈpɜːRpəs ˈkliːnəR	𐑪𐑤𐑐𐑻𐑐𐑩𐑕𐑒𐑤𐑦𐑯𐑼	𐑪𐑤𐑐𐑻𐑐𐑩𐑕𐑒𐑤𐑰𐑯𐑼	divergent
YouTube Poop	NN1	RSSB	ˈjuːtjuːb puːp	ˈjuːtjuːb puːp	𐑿𐑑𐑿𐑚 𐑐𐑵𐑐	𐑿𐑑𐑿𐑚𐑐𐑵𐑐	matches
YouTube Poop	NN1	RSSB	ˈjuːtʃuːb puːp	ˈjuːtjuːb puːp	𐑿𐑗𐑵𐑚 𐑐𐑵𐑐	𐑿𐑑𐑿𐑚𐑐𐑵𐑐	divergent
YouTube Poop	NN1	GenAm	ˈjutub puːp	ˈjuːtjuːb puːp	𐑘𐑫𐑑𐑫𐑚 𐑐𐑵𐑐	𐑿𐑑𐑿𐑚𐑐𐑵𐑐	divergent
vinho verde	NN1	GenAm	ˈviːnju ˈverdi		𐑝𐑰𐑯𐑘𐑫 𐑝𐑧𐑮𐑛𐑦		unknown
vinho verde	NN1	GenAm	ˈviːnjoʊ ˈverdeɪ		𐑝𐑰𐑯𐑘𐑴 𐑝𐑧𐑮𐑛𐑱		unknown
mola mola	NN1	RSSB	ˈməʊlə ˈməʊlə		𐑥𐑴𐑤𐑩 𐑥𐑴𐑤𐑩		unknown
mola mola	NN1	GenAm	ˈmoʊlə ˈmoʊlə	ˈmoʊlə ˈmoʊlə	𐑥𐑴𐑤𐑩 𐑥𐑴𐑤𐑩	𐑥𐑴𐑤𐑩𐑥𐑴𐑤𐑩	matches
yellow baboon	NN1	RSSB	ˈjeləʊ bəˈbuːn	ˈjeləʊ bəˈbuːn	𐑘𐑧𐑤𐑴 𐑚𐑩𐑚𐑵𐑯	𐑘𐑧𐑤𐑴𐑚𐑩𐑚𐑵𐑯	matches
unpotty training	NN1	RSSB	ʌnˈpɒtiˌtreɪnɪŋ		𐑳𐑯𐑐𐑪𐑑𐑦𐑑𐑮𐑱𐑯𐑦𐑙		unknown
unpotty training	NN1	GenAm	ʌnˈpɒdiˌtreɪnɪŋ		𐑳𐑯𐑐𐑪𐑛𐑦𐑑𐑮𐑱𐑯𐑦𐑙		unknown
unpotty training	VVI	RSSB	ʌnˈpɒtiˌtreɪnɪŋ		𐑳𐑯𐑐𐑪𐑑𐑦𐑑𐑮𐑱𐑯𐑦𐑙		unknown
unpotty training	VVI	GenAm	ʌnˈpɒdiˌtreɪnɪŋ		𐑳𐑯𐑐𐑪𐑛𐑦𐑑𐑮𐑱𐑯𐑦𐑙		unknown
potty untraining	NN1	RSSB	ˈpɒtiˌʌntreɪnɪŋ		𐑐𐑪𐑑𐑦𐑳𐑯𐑑𐑮𐑱𐑯𐑦𐑙		unknown
potty untraining	NN1	GenAm	ˈpɒdiˌʌntreɪnɪŋ		𐑐𐑪𐑛𐑦𐑳𐑯𐑑𐑮𐑱𐑯𐑦𐑙		unknown
Druk Gyalpo	NN1	RSSB	ˈdrʊk ˈɡjɑːlpəʊ		𐑛𐑮𐑫𐑒 𐑜𐑘𐑭𐑤𐑐𐑴		unknown
Druk Gyalpo	NN1	GenAm	ˈdrʊk ˈɡjɒlpoʊ		𐑛𐑮𐑫𐑒 𐑜𐑘𐑪𐑤𐑐𐑴		unknown
uncredit card	NN1	RSSB	ˈʌnˌkredɪt kɑːRd		𐑳𐑯𐑒𐑮𐑧𐑛𐑦𐑑 𐑒𐑸𐑛		unknown
uncredit card	NN1	GenAm	ˈʌnˌkredɪt kɑːRd		𐑳𐑯𐑒𐑮𐑧𐑛𐑦𐑑 𐑒𐑸𐑛		unknown
unpotty train	VVI	RSSB	ʌnˈpɒtiˌtreɪn		𐑳𐑯𐑐𐑪𐑑𐑦𐑑𐑮𐑱𐑯		unknown
unpotty train	VVI	GenAm	ʌnˈpɒdiˌtreɪn		𐑳𐑯𐑐𐑪𐑛𐑦𐑑𐑮𐑱𐑯		unknown
poetical justice	NN1	RSSB	pəʊˌetɪkəl ˈdʒʌstɪs	pəʊˈetɪkəl ˈdʒʌstɪs	𐑐𐑴𐑧𐑑𐑦𐑒𐑩𐑤 𐑡𐑳𐑕𐑑𐑦𐑕	𐑐𐑴𐑧𐑑𐑦𐑒𐑩𐑤𐑡𐑳𐑕𐑑𐑦𐑕	matches
poetical justice	NN1	GenAm	poʊˌetɪkəl ˈdʒʌstɪs	pəʊˈetɪkəl ˈdʒʌstɪs	𐑐𐑴𐑧𐑑𐑦𐑒𐑩𐑤 𐑡𐑳𐑕𐑑𐑦𐑕	𐑐𐑴𐑧𐑑𐑦𐑒𐑩𐑤𐑡𐑳𐑕𐑑𐑦𐑕	matches
bottleneck inflation	NN1	RSSB	ˈbɒtəlnek ɪnˈfleɪʃən	ˈbɒtəlnek ɪnˈfleɪʃən	𐑚𐑪𐑑𐑩𐑤𐑯𐑧𐑒 𐑦𐑯𐑓𐑤𐑱𐑖𐑩𐑯	𐑚𐑪𐑑𐑩𐑤𐑯𐑧𐑒𐑦𐑯𐑓𐑤𐑱𐑖𐑩𐑯	matches
pill bottle	NN1	RSSB	pɪl ˈbɒtəl	pɪl ˈbɒtəl	𐑐𐑦𐑤 𐑚𐑪𐑑𐑩𐑤	𐑐𐑦𐑤𐑚𐑪𐑑𐑩𐑤	matches
double bar	NN1	GenAm	ˈdʌbəl bɑːR	ˈdʌbəl bɑːR	𐑛𐑳𐑚𐑩𐑤 𐑚𐑸	𐑛𐑳𐑚𐑩𐑤𐑚𐑸	matches
magnetic bottle	NN1	RSSB	mæɡˈnetɪk ˈbɒtəl	mæɡˈnetɪk ˈbɒtəl	𐑥𐑨𐑜𐑯𐑧𐑑𐑦𐑒 𐑚𐑪𐑑𐑩𐑤	𐑥𐑨𐑜𐑯𐑧𐑑𐑦𐑒𐑚𐑪𐑑𐑩𐑤	matches
shotgun start	NN1	RSSB	ˈʃɒtɡʌn stɑːRt	ˈʃɒtɡʌn stɑːRt	𐑖𐑪𐑑𐑜𐑳𐑯 𐑕𐑑𐑸𐑑	𐑖𐑪𐑑𐑜𐑳𐑯𐑕𐑑𐑸𐑑	matches
shotgun start	NN1	GenAm	ˈʃɒtɡʌn stɑːRt	ˈʃɒtɡʌn stɑːRt	𐑖𐑪𐑑𐑜𐑳𐑯 𐑕𐑑𐑸𐑑	𐑖𐑪𐑑𐑜𐑳𐑯𐑕𐑑𐑸𐑑	matches
Aux Sable	NP0	GenAm	ˌɔːks ˈseɪbəl	ˈɒks ˈseɪbəl	𐑷𐑒𐑕 𐑕𐑱𐑚𐑩𐑤	𐑪𐑒𐑕𐑕𐑱𐑚𐑩𐑤	divergent
Aux Sable	NP0	GenAm	ˌoʊks ˈseɪbəl	ˈɒks ˈseɪbəl	𐑴𐑒𐑕 𐑕𐑱𐑚𐑩𐑤	𐑪𐑒𐑕𐑕𐑱𐑚𐑩𐑤	divergent
speculative evolution	NN1	RSSB	ˈspekjələˌtɪv ˌiːvəˈluːʃən	ˈspekjələtɪv ˌiːvəˈluːʃən	𐑕𐑐𐑧𐑒𐑘𐑩𐑤𐑩𐑑𐑦𐑝 𐑰𐑝𐑩𐑤𐑵𐑖𐑩𐑯	𐑕𐑐𐑧𐑒𐑘𐑩𐑤𐑩𐑑𐑦𐑝𐑰𐑝𐑩𐑤𐑵𐑖𐑩𐑯	matches
speculative evolution	NN1	RSSB	ˈspekjələˌtɪv ˌevəˈluːʃən	ˈspekjələtɪv ˌiːvəˈluːʃən	𐑕𐑐𐑧𐑒𐑘𐑩𐑤𐑩𐑑𐑦𐑝 𐑧𐑝𐑩𐑤𐑵𐑖𐑩𐑯	𐑕𐑐𐑧𐑒𐑘𐑩𐑤𐑩𐑑𐑦𐑝𐑰𐑝𐑩𐑤𐑵𐑖𐑩𐑯	divergent
speculative evolution	NN1	GenAm	ˈspekjələˌtɪv ˌevəˈluʃən	ˈspekjələtɪv ˌiːvəˈluːʃən	𐑕𐑐𐑧𐑒𐑘𐑩𐑤𐑩𐑑𐑦𐑝 𐑧𐑝𐑩𐑤𐑫𐑖𐑩𐑯	𐑕𐑐𐑧𐑒𐑘𐑩𐑤𐑩𐑑𐑦𐑝𐑰𐑝𐑩𐑤𐑵𐑖𐑩𐑯	divergent
speculative evolution	NN1	GenAm	ˈspekjəˌleɪtɪv ˌevəˈluʃən	ˈspekjələtɪv ˌiːvəˈluːʃən	𐑕𐑐𐑧𐑒𐑘𐑩𐑤𐑱𐑑𐑦𐑝 𐑧𐑝𐑩𐑤𐑫𐑖𐑩𐑯	𐑕𐑐𐑧𐑒𐑘𐑩𐑤𐑩𐑑𐑦𐑝𐑰𐑝𐑩𐑤𐑵𐑖𐑩𐑯	divergent
squatty potty	NN1	GenAm	skwɒti pɒti		𐑕𐑒𐑢𐑪𐑑𐑦 𐑐𐑪𐑑𐑦		unknown
muscle mommy	NN1	RSSB	ˌmʌsəl ˈmɒmi		𐑥𐑳𐑕𐑩𐑤 𐑥𐑪𐑥𐑦		unknown
muscle mommy	NN1	GenAm	ˌmʌsəl ˈmɒmi		𐑥𐑳𐑕𐑩𐑤 𐑥𐑪𐑥𐑦		unknown
black swallowtail	NN1	RSSB	blæk ˈswɒləʊˌteɪl		𐑚𐑤𐑨𐑒 𐑕𐑢𐑪𐑤𐑴𐑑𐑱𐑤		unknown
black swallowtail	NN1	GenAm	blæk ˈswɒloʊˌteɪl		𐑚𐑤𐑨𐑒 𐑕𐑢𐑪𐑤𐑴𐑑𐑱𐑤		unknown
San Alejo	NP0	RSSB	ˌsan aˈlexəʊ		𐑕𐑨𐑯 𐑨𐑤𐑧𐑒𐑴		unknown
San Alejo	NP0	GenAm	ˌsæn æˈlexoʊ		𐑕𐑨𐑯 𐑨𐑤𐑧𐑒𐑴		unknown
Ras Hafun	NP0	RSSB	rɑːs hɑːˈfuːn		𐑮𐑭𐑕 𐑣𐑭𐑓𐑵𐑯		unknown
Ras Hafun	NP0	GenAm	ˈrɒs hɒˈfun		𐑮𐑪𐑕 𐑣𐑪𐑓𐑫𐑯		unknown
new schooler	NN1	RSSB	njuː skuːləR	njuː ˈskuːləR	𐑯𐑿 𐑕𐑒𐑵𐑤𐑼	𐑯𐑿𐑕𐑒𐑵𐑤𐑼	matches
new schooler	NN1	GenAm	nju ˌskulər	nuː ˈskuːləR	𐑯𐑘𐑫 𐑕𐑒𐑫𐑤𐑼	𐑯𐑵𐑕𐑒𐑵𐑤𐑼	divergent
old schooler	NN1	RSSB	əʊldskuːləR	əʊld ˈskuːləR	𐑴𐑤𐑛𐑕𐑒𐑵𐑤𐑼	𐑴𐑤𐑛𐑕𐑒𐑵𐑤𐑼	matches
old schooler	NN1	GenAm	ˈoʊldˌskulər	əʊld ˈskuːləR	𐑴𐑤𐑛𐑕𐑒𐑫𐑤𐑼	𐑴𐑤𐑛𐑕𐑒𐑵𐑤𐑼	divergent
gamer pants	NN1	GenAm	ˈɡeɪməRˌpænts	ˈɡeɪməR pænts	𐑜𐑱𐑥𐑼𐑐𐑨𐑯𐑑𐑕	𐑜𐑱𐑥𐑼𐑐𐑨𐑯𐑑𐑕	matches
gamer pants	NN1	RSSB	ɡeɪməRpænts		𐑜𐑱𐑥𐑼𐑐𐑨𐑯𐑑𐑕		unknown
pull out all stops	VVI	RSSB	ˈpʊlaʊtɔːl ˈstɒps	pʊl aʊt ɔːl stɒps	𐑐𐑫𐑤𐑬𐑑𐑷𐑤 𐑕𐑑𐑪𐑐𐑕	𐑐𐑫𐑤𐑬𐑑𐑷𐑤𐑕𐑑𐑪𐑐𐑕	matches
pull out all stops	VVI	GenAm	ˈpʊlaʊtɒl ˈstɒps	pʊl aʊt ɔːl stɒps	𐑐𐑫𐑤𐑬𐑑𐑪𐑤 𐑕𐑑𐑪𐑐𐑕	𐑐𐑫𐑤𐑬𐑑𐑷𐑤𐑕𐑑𐑪𐑐𐑕	divergent
Frutiger Aero	NN1	GenAm	ˈfrutɪɡəR ˈeroʊ		𐑓𐑮𐑫𐑑𐑦𐑜𐑼 𐑧𐑮𐑴		unknown
corn cheese	NN1	RSSB	kɔːRn tʃiːz	kɔːRn tʃiːz	𐑒𐑹𐑯 𐑗𐑰𐑟	𐑒𐑹𐑯𐑗𐑰𐑟	matches
corn cheese	NN1	GenAm	kɔːRn tʃiz	kɔːRn tʃiːz	𐑒𐑹𐑯 𐑗𐑦𐑟	𐑒𐑹𐑯𐑗𐑰𐑟	divergent
mandibuloacral dysplasia	NN1	RSSB	mandɪbjələʊækrəl dɪsˈpleɪʒə		𐑥𐑨𐑯𐑛𐑦𐑚𐑘𐑩𐑤𐑴𐑨𐑒𐑮𐑩𐑤 𐑛𐑦𐑕𐑐𐑤𐑱𐑠𐑩		unknown
mandibuloacral dysplasia	NN1	GenAm	mænˈdɪbjəloʊˌækrəl dɪsˈpleɪʒə		𐑥𐑨𐑯𐑛𐑦𐑚𐑘𐑩𐑤𐑴𐑨𐑒𐑮𐑩𐑤 𐑛𐑦𐑕𐑐𐑤𐑱𐑠𐑩		unknown
Picasso moth	NN1	RSSB	pɪˌkæsəʊ ˈmɒθ		𐑐𐑦𐑒𐑨𐑕𐑴 𐑥𐑪𐑔		unknown
Picasso moth	NN1	GenAm	pɪˌkɑːsoʊ ˈmɒθ	pɪˈkɑːsoʊ mɒθ	𐑐𐑦𐑒𐑭𐑕𐑴 𐑥𐑪𐑔	𐑐𐑦𐑒𐑭𐑕𐑴𐑥𐑪𐑔	matches
a tergo	AV0	GenAm	ɒˈter ɡoʊ		𐑪𐑑𐑧𐑮 𐑜𐑴		unknown
a lottle	AV0	GenAm	ə ˈlɒtəl		𐑩 𐑤𐑪𐑑𐑩𐑤		unknown
potty princess	NN1	RSSB	ˈpɒtiˌprɪnses	ˈpɒti prɪnˈses	𐑐𐑪𐑑𐑦𐑐𐑮𐑦𐑯𐑕𐑧𐑕	𐑐𐑪𐑑𐑦𐑐𐑮𐑦𐑯𐑕𐑧𐑕	matches
potty princess	NN1	GenAm	ˈpɒdiˌprɪnses	ˈpɒti prɪnˈses	𐑐𐑪𐑛𐑦𐑐𐑮𐑦𐑯𐑕𐑧𐑕	𐑐𐑪𐑑𐑦𐑐𐑮𐑦𐑯𐑕𐑧𐑕	divergent
country road	NN1	RSSB	ˌkʌntri ˈrəʊd	ˈkʌntri rəʊd	𐑒𐑳𐑯𐑑𐑮𐑦 𐑮𐑴𐑛	𐑒𐑳𐑯𐑑𐑮𐑦𐑮𐑴𐑛	matches
country road	NN1	GenAm	ˌkʌntri ˈroʊd	ˈkʌntri rəʊd	𐑒𐑳𐑯𐑑𐑮𐑦 𐑮𐑴𐑛	𐑒𐑳𐑯𐑑𐑮𐑦𐑮𐑴𐑛	matches
Cahokia Heights	NP0	GenAm	kəˈhoʊkiə haɪts	kəˈhoʊkiə haɪts	𐑒𐑩𐑣𐑴𐑒𐑾 𐑣𐑲𐑑𐑕	𐑒𐑩𐑣𐑴𐑒𐑾𐑣𐑲𐑑𐑕	matches
Pinoy pop	NN1	RSSB	ˈpiːnɔɪ ˌpɒp		𐑐𐑰𐑯𐑶 𐑐𐑪𐑐		unknown
Pinoy pop	NN1	GenAm	ˈpinɔɪ ˌpɒp	ˈpinɔɪ pɒp	𐑐𐑦𐑯𐑶 𐑐𐑪𐑐	𐑐𐑦𐑯𐑶𐑐𐑪𐑐	matches
Lowrey organ	NN1	RSSB	ˈləʊriː ɔːrɡən		𐑤𐑴𐑮𐑰 𐑹𐑜𐑩𐑯		unknown
Lowrey organ	NN1	GenAm	ˈloʊri ˈɔːRɡən	ˈloʊri ˈɔːRɡən	𐑤𐑴𐑮𐑦 𐑹𐑜𐑩𐑯	𐑤𐑴𐑮𐑦𐑹𐑜𐑩𐑯	matches
research ship	NN1	RSSB	rɪsɜːRtʃ ˈʃɪp	rɪˈsɜːRtʃ ʃɪp	𐑮𐑦𐑕𐑻𐑗 𐑖𐑦𐑐	𐑮𐑦𐑕𐑻𐑗𐑖𐑦𐑐	matches
research ship	NN1	GenAm	ˌriˌsɜːRtʃ ˈʃɪp	rɪˈsɜːRtʃ ʃɪp	𐑮𐑦𐑕𐑻𐑗 𐑖𐑦𐑐	𐑮𐑦𐑕𐑻𐑗𐑖𐑦𐑐	matches
no sabo kid	NN1	GenAm	noʊ ˈsɒboʊ kƏd		𐑯𐑴 𐑕𐑪𐑚𐑴 𐑒𐑩𐑛		unknown
truth nuke	NN1	GenAm	truθ nuk	truːθ nuːk	𐑑𐑮𐑫𐑔 𐑯𐑫𐑒	𐑑𐑮𐑵𐑔𐑯𐑵𐑒	divergent
hawk tuah	ITJ	RSSB	hɔːk ˈtuːə		𐑣𐑷𐑒 𐑑𐑵𐑩		unknown
hawk tuah	ITJ	RSSB	hoːk ˈtuːwə		𐑣𐑪𐑒 𐑑𐑵𐑢𐑩		unknown
hawk tuah	ITJ	GenAm	hɒk ˈtuə		𐑣𐑪𐑒 𐑑𐑫𐑩		unknown
hawk tuah	VVI	RSSB	hɔːk ˈtuːə		𐑣𐑷𐑒 𐑑𐑵𐑩		unknown
hawk tuah	VVI	RSSB	hoːk ˈtuːwə		𐑣𐑪𐑒 𐑑𐑵𐑢𐑩		unknown
hawk tuah	VVI	GenAm	hɒk ˈtuə		𐑣𐑪𐑒 𐑑𐑫𐑩		unknown
friend of Bluey	NN1	GenAm	ˌfrendəvˈblui		𐑓𐑮𐑧𐑯𐑛𐑩𐑝𐑚𐑤𐑫𐑦		unknown
friend of Bluey	NN1	RSSB	frendəvbluːi		𐑓𐑮𐑧𐑯𐑛𐑩𐑝𐑚𐑤𐑵𐑦		unknown
casu martzu	NN1	RSSB	ˌkɑːzuː mɑːrtsuː		𐑒𐑭𐑟𐑵 𐑥𐑸𐑑𐑕𐑵		unknown
casu martzu	NN1	GenAm	ˌkɒzu ˈmɑːRtsu		𐑒𐑪𐑟𐑫 𐑥𐑸𐑑𐑕𐑫		unknown
I hardly know her	UNC	GenAm	aɪ ˈhɑːRdli noʊər	aɪ ˈhɑːRdli nəʊ hɜːR	𐑲 𐑣𐑸𐑛𐑤𐑦 𐑯𐑴𐑼	𐑲𐑣𐑸𐑛𐑤𐑦𐑯𐑴𐑣𐑻	divergent
Abe's salamander	NN1	GenAm	ˈɒbeɪz ˈsæləˌmændəR		𐑪𐑚𐑱𐑟 𐑕𐑨𐑤𐑩𐑥𐑨𐑯𐑛𐑼		unknown
upsetti spaghetti	AJ0	RSSB	ʌpˈsetispəˌɡeti		𐑳𐑐𐑕𐑧𐑑𐑦𐑕𐑐𐑩𐑜𐑧𐑑𐑦		unknown
upsetti spaghetti	AJ0	GenAm	ʌpˈsetispəˌɡeti		𐑳𐑐𐑕𐑧𐑑𐑦𐑕𐑐𐑩𐑜𐑧𐑑𐑦		unknown
mouse jiggling	NN1	RSSB	maʊs ˈdʒɪɡəlɪŋ	maʊs ˈdʒɪɡlɪŋ	𐑥𐑬𐑕 𐑡𐑦𐑜𐑩𐑤𐑦𐑙	𐑥𐑬𐑕𐑡𐑦𐑜𐑤𐑦𐑙	divergent
hand boiler	NN1	RSSB	ˈhænd bɔɪləR	hænd ˈbɔɪləR	𐑣𐑨𐑯𐑛 𐑚𐑶𐑤𐑼	𐑣𐑨𐑯𐑛𐑚𐑶𐑤𐑼	matches
hand boiler	NN1	GenAm	ˈhænd ˈbɔɪləR	hænd ˈbɔɪləR	𐑣𐑨𐑯𐑛 𐑚𐑶𐑤𐑼	𐑣𐑨𐑯𐑛𐑚𐑶𐑤𐑼	matches
nothing if not	AV0	RSSB	ˈnʌθɪŋ ɪf nɒt	ˈnʌθɪŋ ɪf nɒt	𐑯𐑳𐑔𐑦𐑙 𐑦𐑓 𐑯𐑪𐑑	𐑯𐑳𐑔𐑦𐑙𐑦𐑓𐑯𐑪𐑑	matches
Sun Wukong	NP0	RSSB	ˈsʌn wuːˈkɒŋ		𐑕𐑳𐑯 𐑢𐑵𐑒𐑪𐑙		unknown
Sun Wukong	NP0	RSSB	ˈsun wuːˈkɒŋ		𐑕𐑫𐑯 𐑢𐑵𐑒𐑪𐑙		unknown
Sun Wukong	NP0	GenAm	ˈsʌn wuˈkɒŋ		𐑕𐑳𐑯 𐑢𐑫𐑒𐑪𐑙		unknown
Sun Wukong	NP0	GenAm	ˈsun wuˈkɒŋ		𐑕𐑫𐑯 𐑢𐑫𐑒𐑪𐑙		unknown
junior doctor	NN1	RSSB	dʒuːniəR dɒktəR	ˈdʒuːnɪəR ˈdɒktəR	𐑡𐑵𐑯𐑽 𐑛𐑪𐑒𐑑𐑼	𐑡𐑵𐑯𐑽𐑛𐑪𐑒𐑑𐑼	matches
junior doctor	NN1	GenAm	ˈdʒuniəR ˈdɒktəR	ˈdʒuːnɪəR ˈdɒktəR	𐑡𐑫𐑯𐑽 𐑛𐑪𐑒𐑑𐑼	𐑡𐑵𐑯𐑽𐑛𐑪𐑒𐑑𐑼	divergent
gender-affirming surgery	NN1	GenAm	ˈdʒendəRəˈfəRmɪŋ ˈsəRdʒəRi	ˈdʒendəRəˈfəRmɪŋ ˈsɜːRdʒəri	𐑡𐑧𐑯𐑛𐑼𐑩𐑓𐑼𐑥𐑦𐑙 𐑕𐑼𐑡𐑼𐑦	𐑡𐑧𐑯𐑛𐑼𐑩𐑓𐑼𐑥𐑦𐑙𐑕𐑻𐑡𐑼𐑦	divergent
nah mean	ITJ	GenAm	nəːəˈmi	nɑː miːn	𐑯𐑩𐑩𐑥𐑦	𐑯𐑭𐑥𐑰𐑯	divergent
gender affirmation surgery	NN1	GenAm	ˈdʒendəR æfɜːRˈmeɪʃən ˈsəRdʒəRi	ˈdʒendəR ˌæfəRˈmeɪʃən ˈsɜːRdʒəri	𐑡𐑧𐑯𐑛𐑼 𐑨𐑓𐑻𐑥𐑱𐑖𐑩𐑯 𐑕𐑼𐑡𐑼𐑦	𐑡𐑧𐑯𐑛𐑼𐑨𐑓𐑼𐑥𐑱𐑖𐑩𐑯𐑕𐑻𐑡𐑼𐑦	divergent
eau de parfum	NN1	RSSB	əʊdəpɑːfʌm		𐑴𐑛𐑩𐑐𐑭𐑓𐑳𐑥		unknown
eau de parfum	NN1	GenAm	ˌoʊdəpɑːrˈfʌm	oʊ də pɑːRˈfum	𐑴𐑛𐑩𐑐𐑸𐑓𐑳𐑥	𐑴𐑛𐑩𐑐𐑸𐑓𐑫𐑥	divergent
pay gorn	NN1	RSSB	ˌpeɪ ɡɔːRn		𐑐𐑱 𐑜𐑹𐑯		unknown
pay gorn	NN1	GenAm	ˌpeɪ ˈɡɔːRn	peɪ ɡɔːRn	𐑐𐑱 𐑜𐑹𐑯	𐑐𐑱𐑜𐑹𐑯	matches
sesbian lex	NN1	RSSB	ˌsezbɪən ˈleks		𐑕𐑧𐑟𐑚𐑾𐑯 𐑤𐑧𐑒𐑕		unknown
sesbian lex	NN1	GenAm	ˌsezbiən ˈleks		𐑕𐑧𐑟𐑚𐑾𐑯 𐑤𐑧𐑒𐑕		unknown
devious lick	NN1	GenAm	ˈdiːviəs ˈlɪk	ˈdiːvɪəs lɪk	𐑛𐑰𐑝𐑾𐑕 𐑤𐑦𐑒	𐑛𐑰𐑝𐑾𐑕𐑤𐑦𐑒	matches
devious lick	VVI	GenAm	ˈdiːviəs ˈlɪk	ˈdiːvɪəs lɪk	𐑛𐑰𐑝𐑾𐑕 𐑤𐑦𐑒	𐑛𐑰𐑝𐑾𐑕𐑤𐑦𐑒	matches
yes homo	AV0	GenAm	jes hoʊmoʊ	jes ˈhəʊməʊ	𐑘𐑧𐑕 𐑣𐑴𐑥𐑴	𐑘𐑧𐑕𐑣𐑴𐑥𐑴	matches
elementary, my dear Watson	UNC	RSSB	elɪmentəri maɪ dɪəR ˈwɒtsən		𐑧𐑤𐑦𐑥𐑧𐑯𐑑𐑼𐑦 𐑥𐑲 𐑛𐑽 𐑢𐑪𐑑𐑕𐑩𐑯		unknown
elementary, my dear Watson	UNC	GenAm	ˌeləˈmentəri maɪ dɪr ˈwɒtsən		𐑧𐑤𐑩𐑥𐑧𐑯𐑑𐑼𐑦 𐑥𐑲 𐑛𐑦𐑮 𐑢𐑪𐑑𐑕𐑩𐑯		unknown
dogs bark, cats meow	UNC	RSSB	dɒɡz bɑːRk | kæts miaʊ		𐑛𐑪𐑜𐑟 𐑚𐑸𐑒 | 𐑒𐑨𐑑𐑕 𐑥𐑦𐑬		unknown
dogs bark, cats meow	UNC	GenAm	dɒɡz ˈbɑːRk | kæts miˈaʊ		𐑛𐑪𐑜𐑟 𐑚𐑸𐑒 | 𐑒𐑨𐑑𐑕 𐑥𐑦𐑬		unknown
laffy taffy	NN1	GenAm	ˈlæfiˌtæfi		𐑤𐑨𐑓𐑦𐑑𐑨𐑓𐑦		unknown
surg tech	NN1	GenAm	ˈsɜːRdʒˌtek		𐑕𐑻𐑡𐑑𐑧𐑒		unknown
lab tech	NN1	GenAm	ˈlæbˌtek	læb tek	𐑤𐑨𐑚𐑑𐑧𐑒	𐑤𐑨𐑚𐑑𐑧𐑒	matches
pseudofolliculitis barbae	NN1	RSSB	ˌsjuːdəʊfəˌlɪkjəˈlaɪtɪs bɑːRbi		𐑕𐑿𐑛𐑴𐑓𐑩𐑤𐑦𐑒𐑘𐑩𐑤𐑲𐑑𐑦𐑕 𐑚𐑸𐑚𐑦		unknown
pseudofolliculitis barbae	NN1	GenAm	ˌsudoʊfəˌlɪkjəˈlaɪtɪs ˈbɑːRbi		𐑕𐑫𐑛𐑴𐑓𐑩𐑤𐑦𐑒𐑘𐑩𐑤𐑲𐑑𐑦𐑕 𐑚𐑸𐑚𐑦		unknown
rota Fortunae	NP0	RSSB	rəʊtə fɔːRtʃuːni		𐑮𐑴𐑑𐑩 𐑓𐑹𐑗𐑵𐑯𐑦		unknown
rota Fortunae	NP0	GenAm	ˌroʊtə ˈfortʃuni		𐑮𐑴𐑑𐑩 𐑓𐑪𐑮𐑗𐑫𐑯𐑦		unknown
Kali Puja	NP0	RSSB	ˈkɑːli ˈpuːdʒə		𐑒𐑭𐑤𐑦 𐑐𐑵𐑡𐑩		unknown
pea roller	NN1	RSSB	ˈpiː rəʊləR	piː ˈrəʊləR	𐑐𐑰 𐑮𐑴𐑤𐑼	𐑐𐑰𐑮𐑴𐑤𐑼	matches
not one	DT0	GenAm	ˌnɒtˈwʌn	nɒt wʌn	𐑯𐑪𐑑𐑢𐑳𐑯	𐑯𐑪𐑑𐑢𐑳𐑯	matches
not one	DT0	GenAm	ˈnɒtˌwʌn	nɒt wʌn	𐑯𐑪𐑑𐑢𐑳𐑯	𐑯𐑪𐑑𐑢𐑳𐑯	matches
ballot curing	NN1	GenAm	ˈbælət ˌkjəərɪŋ	ˈbælət ˈkjʊərɪŋ	𐑚𐑨𐑤𐑩𐑑 𐑒𐑘𐑩𐑼𐑦𐑙	𐑚𐑨𐑤𐑩𐑑𐑒𐑘𐑫𐑼𐑦𐑙	matches
gay race communism	NN1	GenAm	ɡeɪ reɪs kɒmjunɪzəm	ɡeɪ reɪs ˈkɒmjənɪzəm	𐑜𐑱 𐑮𐑱𐑕 𐑒𐑪𐑥𐑘𐑫𐑯𐑦𐑟𐑩𐑥	𐑜𐑱𐑮𐑱𐑕𐑒𐑪𐑥𐑘𐑩𐑯𐑦𐑟𐑩𐑥	matches
spreader pants	NN1	GenAm	ˌspredəRˈpænts	ˈspredəR pænts	𐑕𐑐𐑮𐑧𐑛𐑼𐑐𐑨𐑯𐑑𐑕	𐑕𐑐𐑮𐑧𐑛𐑼𐑐𐑨𐑯𐑑𐑕	matches
spreader pants	NN1	RSSB	spredəRpænts	ˈspredəR pænts	𐑕𐑐𐑮𐑧𐑛𐑼𐑐𐑨𐑯𐑑𐑕	𐑕𐑐𐑮𐑧𐑛𐑼𐑐𐑨𐑯𐑑𐑕	matches
I like turtles	UNC	RSSB	aj laɪk tɜːRtəlz	aɪ laɪk ˈtɜːRtəlz	𐑨𐑘 𐑤𐑲𐑒 𐑑𐑻𐑑𐑩𐑤𐑟	𐑲𐑤𐑲𐑒𐑑𐑻𐑑𐑩𐑤𐑟	divergent
I like turtles	UNC	GenAm	aj laɪk ˈtɜːRtəlz	aɪ laɪk ˈtɜːRtəlz	𐑨𐑘 𐑤𐑲𐑒 𐑑𐑻𐑑𐑩𐑤𐑟	𐑲𐑤𐑲𐑒𐑑𐑻𐑑𐑩𐑤𐑟	divergent
pamper packed	AJ0	RSSB	pæmpərpækt	ˈpæmpəR pækt	𐑐𐑨𐑥𐑐𐑼𐑐𐑨𐑒𐑑	𐑐𐑨𐑥𐑐𐑼𐑐𐑨𐑒𐑑	matches
pamper packed	AJ0	GenAm	ˌpæmpəRˈpækt	ˈpæmpəR pækt	𐑐𐑨𐑥𐑐𐑼𐑐𐑨𐑒𐑑	𐑐𐑨𐑥𐑐𐑼𐑐𐑨𐑒𐑑	matches
spreader diaper	NN1	GenAm	ˌspredəRˈdaɪəpəR	ˈspredəR ˈdaɪəpəR	𐑕𐑐𐑮𐑧𐑛𐑼𐑛𐑲𐑩𐑐𐑼	𐑕𐑐𐑮𐑧𐑛𐑼𐑛𐑲𐑩𐑐𐑼	matches
diaper corset	NN1	GenAm	ˈdaɪəpəRˌkɔːrsɪt	ˈdaɪəpəR ˈkɔːRsət	𐑛𐑲𐑩𐑐𐑼𐑒𐑹𐑕𐑦𐑑	𐑛𐑲𐑩𐑐𐑼𐑒𐑹𐑕𐑩𐑑	matches
diaper service	NN1	GenAm	ˈdaɪəpəRˌsɜːRvɪs	ˈdaɪəpəR ˈsɜːRvɪs	𐑛𐑲𐑩𐑐𐑼𐑕𐑻𐑝𐑦𐑕	𐑛𐑲𐑩𐑐𐑼𐑕𐑻𐑝𐑦𐑕	matches
nurse merger	NN1	GenAm	ˈnəRs ˌməRdʒəR	nɜːRs ˈmɜːRdʒəR	𐑯𐑼𐑕 𐑥𐑼𐑡𐑼	𐑯𐑻𐑕𐑥𐑻𐑡𐑼	divergent
nurse merger	NN1	RSSB	nɜːRs mɜːRdʒəR	nɜːRs ˈmɜːRdʒəR	𐑯𐑻𐑕 𐑥𐑻𐑡𐑼	𐑯𐑻𐑕𐑥𐑻𐑡𐑼	matches
por qué no los dos	UNC	GenAm	ˌpɔːRˈkeɪ noʊ loʊs ˈdoʊs ↗︎		𐑐𐑹𐑒𐑱 𐑯𐑴 𐑤𐑴𐑕 𐑛𐑴𐑕 ↗︎		unknown
glebe farm	NN1	RSSB	ˈɡliːb fɑːRm	ɡliːb fɑːRm	𐑜𐑤𐑰𐑚 𐑓𐑸𐑥	𐑜𐑤𐑰𐑚𐑓𐑸𐑥	matches
glebe farm	NN1	GenAm	ˈɡlib ˌfɑːRm	ɡliːb fɑːRm	𐑜𐑤𐑦𐑚 𐑓𐑸𐑥	𐑜𐑤𐑰𐑚𐑓𐑸𐑥	divergent
bow up	VVI	RSSB	ˌbəʊ ˈʌp	baʊ ʌp	𐑚𐑴 𐑳𐑐	𐑚𐑬𐑳𐑐	divergent
bow up	VVI	GenAm	ˌboʊ ˈəp	baʊ ʌp	𐑚𐑴 𐑩𐑐	𐑚𐑬𐑳𐑐	divergent
Humboldt Park	NP0	GenAm	ˈhəmboʊlt ˌpərk		𐑣𐑩𐑥𐑚𐑴𐑤𐑑 𐑐𐑼𐑒		unknown
Little Village	NP0	GenAm	ˈlɪtəl ˌvɪlədʒ	ˈlɪtəl ˈvɪlɪdʒ	𐑤𐑦𐑑𐑩𐑤 𐑝𐑦𐑤𐑩𐑡	𐑤𐑦𐑑𐑩𐑤𐑝𐑦𐑤𐑦𐑡	matches
Grave's oak	NN1	GenAm	ˈɡreɪvz ˌoʊk		𐑜𐑮𐑱𐑝𐑟 𐑴𐑒		unknown
Grave's oak	NN1	RSSB	ˈɡreɪvz ˌəʊk		𐑜𐑮𐑱𐑝𐑟 𐑴𐑒		unknown
Schneck oak	NN1	RSSB	ˈʃnek ˌəʊk		𐑖𐑯𐑧𐑒 𐑴𐑒		unknown
Schneck oak	NN1	GenAm	ˈʃnek ˌoʊk		𐑖𐑯𐑧𐑒 𐑴𐑒		unknown
Logan Square	NP0	GenAm	ˈloʊɡən ˌskwer	ˈloʊɡən skweəR	𐑤𐑴𐑜𐑩𐑯 𐑕𐑒𐑢𐑧𐑮	𐑤𐑴𐑜𐑩𐑯𐑕𐑒𐑢𐑺	divergent
drift phonk	NN1	RSSB	drɪft fɒŋk		𐑛𐑮𐑦𐑓𐑑 𐑓𐑪𐑙𐑒		unknown
drift phonk	NN1	GenAm	drɪft fɒŋk	drɪft fɒŋk	𐑛𐑮𐑦𐑓𐑑 𐑓𐑪𐑙𐑒	𐑛𐑮𐑦𐑓𐑑𐑓𐑪𐑙𐑒	matches
creaming soda	NN1	RSSB	ˈkriːmɪŋ ˌsəʊdə	ˈkriːmɪŋ ˈsəʊdə	𐑒𐑮𐑰𐑥𐑦𐑙 𐑕𐑴𐑛𐑩	𐑒𐑮𐑰𐑥𐑦𐑙𐑕𐑴𐑛𐑩	matches
creaming soda	NN1	GenAm	ˈkrimɪŋ ˌsoʊdə	ˈkriːmɪŋ ˈsəʊdə	𐑒𐑮𐑦𐑥𐑦𐑙 𐑕𐑴𐑛𐑩	𐑒𐑮𐑰𐑥𐑦𐑙𐑕𐑴𐑛𐑩	divergent
purry forn	NN1	RSSB	pɜːri fɔːRn		𐑐𐑻𐑦 𐑓𐑹𐑯		unknown
purry forn	NN1	GenAm	ˌpɜːRi ˈfɔːRn		𐑐𐑻𐑦 𐑓𐑹𐑯		unknown
so true, bestie	UNC	GenAm	ˈsoʊ truː ˌbesti		𐑕𐑴 𐑑𐑮𐑵 𐑚𐑧𐑕𐑑𐑦		unknown
drink from the furry cup	VVI	RSSB	drɪŋk frəm ðə fɜːRiː kʌp	drɪŋk frɒm Ð ˈfɜːri kʌp	𐑛𐑮𐑦𐑙𐑒 𐑓𐑮𐑩𐑥 𐑞𐑩 𐑓𐑻𐑰 𐑒𐑳𐑐	𐑛𐑮𐑦𐑙𐑒𐑓𐑮𐑪𐑥𐑞𐑓𐑻𐑦𐑒𐑳𐑐	divergent
progress report	NN1	RSSB	ˈprəʊɡres rɪpɔːRt	ˈprəʊɡres rɪˈpɔːRt	𐑐𐑮𐑴𐑜𐑮𐑧𐑕 𐑮𐑦𐑐𐑹𐑑	𐑐𐑮𐑴𐑜𐑮𐑧𐑕𐑮𐑦𐑐𐑹𐑑	matches
progress report	NN1	GenAm	ˈprɒɡres rɪˈpɔːRt	ˈprəʊɡres rɪˈpɔːRt	𐑐𐑮𐑪𐑜𐑮𐑧𐑕 𐑮𐑦𐑐𐑹𐑑	𐑐𐑮𐑴𐑜𐑮𐑧𐑕𐑮𐑦𐑐𐑹𐑑	divergent
Donald Trump	NN1	GenAm	dɒnəld ˈtrʌmp	ˈdɒnəld trʌmp	𐑛𐑪𐑯𐑩𐑤𐑛 𐑑𐑮𐑳𐑥𐑐	𐑛𐑪𐑯𐑩𐑤𐑛𐑑𐑮𐑳𐑥𐑐	matches
neuter gender	NN1	RSSB	njətəR dʒendəR	ˈnjuːtəR ˈdʒendəR	𐑯𐑘𐑩𐑑𐑼 𐑡𐑧𐑯𐑛𐑼	𐑯𐑿𐑑𐑼𐑡𐑧𐑯𐑛𐑼	divergent
neuter gender	NN1	GenAm	ˈnjətər ˈdʒendər	ˈnuːtəR ˈdʒendəR	𐑯𐑘𐑩𐑑𐑼 𐑡𐑧𐑯𐑛𐑼	𐑯𐑵𐑑𐑼𐑡𐑧𐑯𐑛𐑼	divergent
horribile auditu	AV0	RSSB	hɒˈrɪbɪleɪ aʊˈdiːtuː		𐑣𐑪𐑮𐑦𐑚𐑦𐑤𐑱 𐑬𐑛𐑰𐑑𐑵		unknown
horribile auditu	AV0	RSSB	hɒˈrɪbɪleɪ ɔːˈdiːtuː		𐑣𐑪𐑮𐑦𐑚𐑦𐑤𐑱 𐑷𐑛𐑰𐑑𐑵		unknown
twenty-four-hour clock	NN1	RSSB	twentifɔːraʊəR ˈklɒk		𐑑𐑢𐑧𐑯𐑑𐑦𐑓𐑹𐑬𐑼 𐑒𐑤𐑪𐑒		unknown
twenty-four-hour clock	NN1	GenAm	ˌtwentiˈfɔːRˌaʊər ˈklɒk		𐑑𐑢𐑧𐑯𐑑𐑦𐑓𐑹𐑬𐑼 𐑒𐑤𐑪𐑒		unknown
in-band signaling	NN1	RSSB	ɪn band ˈsɪɡnəlɪŋ		𐑦𐑯 𐑚𐑨𐑯𐑛 𐑕𐑦𐑜𐑯𐑩𐑤𐑦𐑙		unknown
Esc key	NN1	RSSB	ɪsk kiː		𐑦𐑕𐑒 𐑒𐑰		unknown
Esc key	NN1	GenAm	ɪsk ki		𐑦𐑕𐑒 𐑒𐑦		unknown
Escape key	NN1	RSSB	ɪˈskeɪp kiː	ɪˈskeɪp kiː	𐑦𐑕𐑒𐑱𐑐 𐑒𐑰	𐑦𐑕𐑒𐑱𐑐𐑒𐑰	matches
Escape key	NN1	GenAm	ɪˈskeɪp ki	ɪˈskeɪp kiː	𐑦𐑕𐑒𐑱𐑐 𐑒𐑦	𐑦𐑕𐑒𐑱𐑐𐑒𐑰	divergent
word separator	NN1	RSSB	wɜːRd sepəreɪtəR	wɜːRd ˈsepəreɪtəR	𐑢𐑻𐑛 𐑕𐑧𐑐𐑼𐑱𐑑𐑼	𐑢𐑻𐑛𐑕𐑧𐑐𐑼𐑱𐑑𐑼	matches
word separator	NN1	GenAm	wɜːRd ˈsepəˌreɪtər	wɜːRd ˈsepəreɪtəR	𐑢𐑻𐑛 𐑕𐑧𐑐𐑼𐑱𐑑𐑼	𐑢𐑻𐑛𐑕𐑧𐑐𐑼𐑱𐑑𐑼	matches
block-oriented terminal	NN1	RSSB	blɒk ɔːriːented tɜːRmənəl		𐑚𐑤𐑪𐑒 𐑹𐑰𐑧𐑯𐑑𐑧𐑛 𐑑𐑻𐑥𐑩𐑯𐑩𐑤		unknown
block-oriented terminal	NN1	GenAm	blɒk ˈoriˌented ˈtɜːRmənəl		𐑚𐑤𐑪𐑒 𐑪𐑮𐑦𐑧𐑯𐑑𐑧𐑛 𐑑𐑻𐑥𐑩𐑯𐑩𐑤		unknown
mirror-nearer merger	NN1	GenAm	ˌmɪrəR ˈnɪəRrəR ˌmɜːRdʒəR		𐑥𐑦𐑮𐑼 𐑯𐑽𐑮𐑼 𐑥𐑻𐑡𐑼		unknown
mirror-nearer merger	NN1	RSSB	mɪrə nɪərə mɜːRdʒəR		𐑥𐑦𐑮𐑩 𐑯𐑽𐑩 𐑥𐑻𐑡𐑼		unknown
mirror-nearer merger	NN1	RSSB	mɪrə nɪːrə məːdʒəR		𐑥𐑦𐑮𐑩 𐑯𐑦𐑮𐑩 𐑥𐑩𐑡𐑼		unknown
Spanish dancer	NN1	RSSB	ˌspænɪʃ dɑːnsər	ˈspænɪʃ ˈdⱭːnsəR	𐑕𐑐𐑨𐑯𐑦𐑖 𐑛𐑭𐑯𐑕𐑼	𐑕𐑐𐑨𐑯𐑦𐑖𐑛𐑭𐑯𐑕𐑼	matches
Spanish dancer	NN1	RSSB	ˌspænɪʃ dɑːntsər	ˈspænɪʃ ˈdⱭːnsəR	𐑕𐑐𐑨𐑯𐑦𐑖 𐑛𐑭𐑯𐑑𐑕𐑼	𐑕𐑐𐑨𐑯𐑦𐑖𐑛𐑭𐑯𐑕𐑼	divergent
Spanish dancer	NN1	GenAm	ˌspænɪʃ ˈdænsər	ˈspænɪʃ ˈdⱭːnsəR	𐑕𐑐𐑨𐑯𐑦𐑖 𐑛𐑨𐑯𐑕𐑼	𐑕𐑐𐑨𐑯𐑦𐑖𐑛𐑭𐑯𐑕𐑼	matches
Spanish dancer	NN1	GenAm	ˌspænɪʃ ˈdæntsər	ˈspænɪʃ ˈdⱭːnsəR	𐑕𐑐𐑨𐑯𐑦𐑖 𐑛𐑨𐑯𐑑𐑕𐑼	𐑕𐑐𐑨𐑯𐑦𐑖𐑛𐑭𐑯𐑕𐑼	divergent
bumble along	VVI	GenAm	ˈbʌmbəl əˈlɒŋ	ˈbʌmbəl əˈlɒŋ	𐑚𐑳𐑥𐑚𐑩𐑤 𐑩𐑤𐑪𐑙	𐑚𐑳𐑥𐑚𐑩𐑤𐑩𐑤𐑪𐑙	matches
Emma Lake	NP0	GenAm	ˈemə ˈleɪk	ˈemə leɪk	𐑧𐑥𐑩 𐑤𐑱𐑒	𐑧𐑥𐑩𐑤𐑱𐑒	matches
medium machine gun	NN1	RSSB	ˈmiːdiːəm məˈʃiːn ɡʌn	ˈmiːdɪəm məˈʃiːn ɡʌn	𐑥𐑰𐑛𐑰𐑩𐑥 𐑥𐑩𐑖𐑰𐑯 𐑜𐑳𐑯	𐑥𐑰𐑛𐑾𐑥𐑥𐑩𐑖𐑰𐑯𐑜𐑳𐑯	divergent
medium machine gun	NN1	GenAm	ˈmidiəm məˈʃin ɡʌn	ˈmiːdɪəm məˈʃiːn ɡʌn	𐑥𐑦𐑛𐑾𐑥 𐑥𐑩𐑖𐑦𐑯 𐑜𐑳𐑯	𐑥𐑰𐑛𐑾𐑥𐑥𐑩𐑖𐑰𐑯𐑜𐑳𐑯	divergent
rifle cartridge	NN1	RSSB	raɪfəl kɑːRtrɪdʒ	ˈraɪfəl ˈkɑːRtrɪdʒ	𐑮𐑲𐑓𐑩𐑤 𐑒𐑸𐑑𐑮𐑦𐑡	𐑮𐑲𐑓𐑩𐑤𐑒𐑸𐑑𐑮𐑦𐑡	matches
rifle cartridge	NN1	GenAm	ˈraɪfəl ˈkɑːRtrɪdʒ	ˈraɪfəl ˈkɑːRtrɪdʒ	𐑮𐑲𐑓𐑩𐑤 𐑒𐑸𐑑𐑮𐑦𐑡	𐑮𐑲𐑓𐑩𐑤𐑒𐑸𐑑𐑮𐑦𐑡	matches
heavy machine gun	NN1	RSSB	ˈheviː məˈʃiːn ɡʌn	ˈhevi məˈʃiːn ɡʌn	𐑣𐑧𐑝𐑰 𐑥𐑩𐑖𐑰𐑯 𐑜𐑳𐑯	𐑣𐑧𐑝𐑦𐑥𐑩𐑖𐑰𐑯𐑜𐑳𐑯	divergent
heavy machine gun	NN1	GenAm	ˈhevi məˈʃin ɡʌn	ˈhevi məˈʃiːn ɡʌn	𐑣𐑧𐑝𐑦 𐑥𐑩𐑖𐑦𐑯 𐑜𐑳𐑯	𐑣𐑧𐑝𐑦𐑥𐑩𐑖𐑰𐑯𐑜𐑳𐑯	divergent
animal coat	NN1	RSSB	ˈænəməl kəʊt	ˈænɪməl kəʊt	𐑨𐑯𐑩𐑥𐑩𐑤 𐑒𐑴𐑑	𐑨𐑯𐑦𐑥𐑩𐑤𐑒𐑴𐑑	matches
animal coat	NN1	GenAm	ˈænəməl koʊt	ˈænɪməl kəʊt	𐑨𐑯𐑩𐑥𐑩𐑤 𐑒𐑴𐑑	𐑨𐑯𐑦𐑥𐑩𐑤𐑒𐑴𐑑	matches
Japanese iris	NN1	RSSB	dʒæpənˌiːz ˈaɪrɪs	ˌdʒæpəˈniːz ˈaɪrɪs	𐑡𐑨𐑐𐑩𐑯𐑰𐑟 𐑲𐑮𐑦𐑕	𐑡𐑨𐑐𐑩𐑯𐑰𐑟𐑲𐑮𐑦𐑕	matches
Japanese iris	NN1	GenAm	ˌdʒæpəniːz ˈaɪrɪs	ˌdʒæpəˈniːz ˈaɪrɪs	𐑡𐑨𐑐𐑩𐑯𐑰𐑟 𐑲𐑮𐑦𐑕	𐑡𐑨𐑐𐑩𐑯𐑰𐑟𐑲𐑮𐑦𐑕	matches
butterfly app	NP0	RSSB	bʌtəRflaɪ ˈæp	ˈbʌtəRflaɪ æp	𐑚𐑳𐑑𐑼𐑓𐑤𐑲 𐑨𐑐	𐑚𐑳𐑑𐑼𐑓𐑤𐑲𐑨𐑐	matches
butterfly app	NP0	GenAm	ˈbʌtərflaɪ ˈæp	ˈbʌtəRflaɪ æp	𐑚𐑳𐑑𐑼𐑓𐑤𐑲 𐑨𐑐	𐑚𐑳𐑑𐑼𐑓𐑤𐑲𐑨𐑐	matches
Saraswati Supercluster	NP0	GenAm	ˌsʌrəsˈwʌti ˈsupəRˈklʌstəR		𐑕𐑳𐑮𐑩𐑕𐑢𐑳𐑑𐑦 𐑕𐑫𐑐𐑼𐑒𐑤𐑳𐑕𐑑𐑼		unknown
green corn	NN1	RSSB	ˈɡriːn kɔːrn	ɡriːn kɔːRn	𐑜𐑮𐑰𐑯 𐑒𐑹𐑯	𐑜𐑮𐑰𐑯𐑒𐑹𐑯	matches
green corn	NN1	GenAm	ˈɡrin ˌkorn	ɡriːn kɔːRn	𐑜𐑮𐑦𐑯 𐑒𐑪𐑮𐑯	𐑜𐑮𐑰𐑯𐑒𐑹𐑯	divergent
vibe coding	NN1	GenAm	ˈvaɪb ˈkoʊdiŋ	vaɪb ˈkəʊdɪŋ	𐑝𐑲𐑚 𐑒𐑴𐑛𐑦𐑙	𐑝𐑲𐑚𐑒𐑴𐑛𐑦𐑙	matches
vibe coding	VVI	GenAm	ˈvaɪb ˈkoʊdiŋ	vaɪb ˈkəʊdɪŋ	𐑝𐑲𐑚 𐑒𐑴𐑛𐑦𐑙	𐑝𐑲𐑚𐑒𐑴𐑛𐑦𐑙	matches
Nicaraguan Revolution	NP0	RSSB	nɪkərɑːɡwən revəluːʃən	ˌnɪkəˈrɑːɡwən ˌrevəˈluːʃən	𐑯𐑦𐑒𐑼𐑭𐑜𐑢𐑩𐑯 𐑮𐑧𐑝𐑩𐑤𐑵𐑖𐑩𐑯	𐑯𐑦𐑒𐑼𐑭𐑜𐑢𐑩𐑯𐑮𐑧𐑝𐑩𐑤𐑵𐑖𐑩𐑯	matches
Nicaraguan Revolution	NP0	GenAm	ˌnɪkəˈrɒɡwən ˌrevəˈluʃən	ˌnɪkəˈrɑːɡwən ˌrevəˈluːʃən	𐑯𐑦𐑒𐑼𐑪𐑜𐑢𐑩𐑯 𐑮𐑧𐑝𐑩𐑤𐑫𐑖𐑩𐑯	𐑯𐑦𐑒𐑼𐑭𐑜𐑢𐑩𐑯𐑮𐑧𐑝𐑩𐑤𐑵𐑖𐑩𐑯	divergent
info tech	NN1	GenAm	ˈɪnfoʊˌtek	ˈɪnfəʊ tek	𐑦𐑯𐑓𐑴𐑑𐑧𐑒	𐑦𐑯𐑓𐑴𐑑𐑧𐑒	matches
son of a nutcracker	ITJ	GenAm	ˈsʌn ʌv ə ˈnʌtkrækəR	sʌn V ə ˈnʌtkrækəR	𐑕𐑳𐑯 𐑳𐑝 𐑩 𐑯𐑳𐑑𐑒𐑮𐑨𐑒𐑼	𐑕𐑳𐑯𐑝𐑩𐑯𐑳𐑑𐑒𐑮𐑨𐑒𐑼	divergent
flower cluster	NN1	RSSB	flaʊəR klʌstəR	ˈflaʊəR ˈklʌstəR	𐑓𐑤𐑬𐑼 𐑒𐑤𐑳𐑕𐑑𐑼	𐑓𐑤𐑬𐑼𐑒𐑤𐑳𐑕𐑑𐑼	matches
flower cluster	NN1	GenAm	ˈflaʊəR ˌklʌstəR	ˈflaʊəR ˈklʌstəR	𐑓𐑤𐑬𐑼 𐑒𐑤𐑳𐑕𐑑𐑼	𐑓𐑤𐑬𐑼𐑒𐑤𐑳𐑕𐑑𐑼	matches
box stitch	NN1	RSSB	bɒks stɪtʃ	bɒks stɪtʃ	𐑚𐑪𐑒𐑕 𐑕𐑑𐑦𐑗	𐑚𐑪𐑒𐑕𐑕𐑑𐑦𐑗	matches
box stitch	NN1	GenAm	bɒks stɪtʃ	bɒks stɪtʃ	𐑚𐑪𐑒𐑕 𐑕𐑑𐑦𐑗	𐑚𐑪𐑒𐑕𐑕𐑑𐑦𐑗	matches
dative alternation	NN1	RSSB	ˈdeɪtɪv ɒltərneɪʃən	ˈdeɪtɪv ˌɔːltəRˈneɪʃən	𐑛𐑱𐑑𐑦𐑝 𐑪𐑤𐑑𐑼𐑯𐑱𐑖𐑩𐑯	𐑛𐑱𐑑𐑦𐑝𐑷𐑤𐑑𐑼𐑯𐑱𐑖𐑩𐑯	divergent
dative alternation	NN1	GenAm	ˈdeɪtɪv ˈɒltəRˌneɪʃən	ˈdeɪtɪv ˌɔːltəRˈneɪʃən	𐑛𐑱𐑑𐑦𐑝 𐑪𐑤𐑑𐑼𐑯𐑱𐑖𐑩𐑯	𐑛𐑱𐑑𐑦𐑝𐑷𐑤𐑑𐑼𐑯𐑱𐑖𐑩𐑯	divergent
pesbian lorn	NN1	RSSB	ˌpezbɪən lɔːRn		𐑐𐑧𐑟𐑚𐑾𐑯 𐑤𐑹𐑯		unknown
pesbian lorn	NN1	GenAm	ˌpezbiən ˈlɔːRn		𐑐𐑧𐑟𐑚𐑾𐑯 𐑤𐑹𐑯		unknown
censored spelling	NN1	RSSB	sensəRd ˈspelˌɪŋ	ˈsensəRd ˈspelɪŋ	𐑕𐑧𐑯𐑕𐑼𐑛 𐑕𐑐𐑧𐑤𐑦𐑙	𐑕𐑧𐑯𐑕𐑼𐑛𐑕𐑐𐑧𐑤𐑦𐑙	matches
censored spelling	NN1	GenAm	ˈsenˌsərd ˈspelˌɪŋ	ˈsensəRd ˈspelɪŋ	𐑕𐑧𐑯𐑕𐑼𐑛 𐑕𐑐𐑧𐑤𐑦𐑙	𐑕𐑧𐑯𐑕𐑼𐑛𐑕𐑐𐑧𐑤𐑦𐑙	matches
marsh crake	NN1	RSSB	mɑːRʃ ˌkreɪk	mɑːRʃ kreɪk	𐑥𐑸𐑖 𐑒𐑮𐑱𐑒	𐑥𐑸𐑖𐑒𐑮𐑱𐑒	matches
marsh crake	NN1	GenAm	ˈmɑːRʃˌkreɪk	mɑːRʃ kreɪk	𐑥𐑸𐑖𐑒𐑮𐑱𐑒	𐑥𐑸𐑖𐑒𐑮𐑱𐑒	matches
trackless train	NN1	RSSB	ˈtraklɪs ˌtreɪn	ˈtrækləs treɪn	𐑑𐑮𐑨𐑒𐑤𐑦𐑕 𐑑𐑮𐑱𐑯	𐑑𐑮𐑨𐑒𐑤𐑩𐑕𐑑𐑮𐑱𐑯	matches
strewing herb	NN1	RSSB	ˈstruːɪŋ hɜːRb	ˈstruːɪŋ hɜːRb	𐑕𐑑𐑮𐑵𐑦𐑙 𐑣𐑻𐑚	𐑕𐑑𐑮𐑵𐑦𐑙𐑣𐑻𐑚	matches
strewing herb	NN1	GenAm	ˈstruɪŋ ˌhɜːRb	ˈstruːɪŋ hɜːRb	𐑕𐑑𐑮𐑫𐑦𐑙 𐑣𐑻𐑚	𐑕𐑑𐑮𐑵𐑦𐑙𐑣𐑻𐑚	divergent
virtual meeting	NN1	RSSB	vɜːRtʃuːəl ˈmiːtɪŋ	ˈvɜːRtʃuəl ˈmiːtɪŋ	𐑝𐑻𐑗𐑵𐑩𐑤 𐑥𐑰𐑑𐑦𐑙	𐑝𐑻𐑗𐑫𐑩𐑤𐑥𐑰𐑑𐑦𐑙	divergent
virtual meeting	NN1	GenAm	ˈvɜːRtʃuəl ˈmitɪŋ	ˈvɜːRtʃuəl ˈmiːtɪŋ	𐑝𐑻𐑗𐑫𐑩𐑤 𐑥𐑦𐑑𐑦𐑙	𐑝𐑻𐑗𐑫𐑩𐑤𐑥𐑰𐑑𐑦𐑙	divergent
virtual dinner party	NN1	RSSB	vɜːRtʃuːəl dɪnəR pɑːRtiː	ˈvɜːRtʃuəl ˈdɪnəR ˈpɑːRti	𐑝𐑻𐑗𐑵𐑩𐑤 𐑛𐑦𐑯𐑼 𐑐𐑸𐑑𐑰	𐑝𐑻𐑗𐑫𐑩𐑤𐑛𐑦𐑯𐑼𐑐𐑸𐑑𐑦	divergent
virtual dinner party	NN1	GenAm	ˈvɜːRtʃuəl ˈdɪnər ˈpɑːRti	ˈvɜːRtʃuəl ˈdɪnəR ˈpɑːRti	𐑝𐑻𐑗𐑫𐑩𐑤 𐑛𐑦𐑯𐑼 𐑐𐑸𐑑𐑦	𐑝𐑻𐑗𐑫𐑩𐑤𐑛𐑦𐑯𐑼𐑐𐑸𐑑𐑦	matches
baller band	NN1	GenAm	ˈbɔːləR ˌbænd		𐑚𐑷𐑤𐑼 𐑚𐑨𐑯𐑛		unknown
buy the same horse twice	UNC	RSSB	ˌbaɪ ðə seɪm hɔːRs ˈtwaɪs	baɪ Ð seɪm hɔːRs twaɪs	𐑚𐑲 𐑞𐑩 𐑕𐑱𐑥 𐑣𐑹𐑕 𐑑𐑢𐑲𐑕	𐑚𐑲𐑞𐑕𐑱𐑥𐑣𐑹𐑕𐑑𐑢𐑲𐑕	divergent
buy the same horse twice	UNC	GenAm	ˌbaɪ ðə ˌseɪm hors ˈtwaɪs	baɪ Ð seɪm hɔːRs twaɪs	𐑚𐑲 𐑞𐑩 𐑕𐑱𐑥 𐑣𐑪𐑮𐑕 𐑑𐑢𐑲𐑕	𐑚𐑲𐑞𐑕𐑱𐑥𐑣𐑹𐑕𐑑𐑢𐑲𐑕	divergent
empty-element tag	NN1	RSSB	ˈemptiː ˈeləmənt ˌtæɡ		𐑧𐑥𐑐𐑑𐑰 𐑧𐑤𐑩𐑥𐑩𐑯𐑑 𐑑𐑨𐑜		unknown
empty-element tag	NN1	GenAm	ˈempti ˈeləmənt ˌtæɡ		𐑧𐑥𐑐𐑑𐑦 𐑧𐑤𐑩𐑥𐑩𐑯𐑑 𐑑𐑨𐑜		unknown
ship's wheel	NN1	RSSB	ʃɪpshwiːl		𐑖𐑦𐑐𐑕𐑣𐑢𐑰𐑤		unknown
ship's wheel	NN1	GenAm	ʃɪpshwil		𐑖𐑦𐑐𐑕𐑣𐑢𐑦𐑤		unknown
guanylate cyclase	NN1	RSSB	ɡwɑːˈnɪleɪt ˈsaɪˌkleɪs		𐑜𐑢𐑭𐑯𐑦𐑤𐑱𐑑 𐑕𐑲𐑒𐑤𐑱𐑕		unknown
guanylate cyclase	NN1	GenAm	ɡwɒˈnɪleɪt ˈsaɪˌkleɪs		𐑜𐑢𐑪𐑯𐑦𐑤𐑱𐑑 𐑕𐑲𐑒𐑤𐑱𐑕		unknown
cig kofte	NN1	GenAm	tʃiː ˈkɔːftə		𐑗𐑰 𐑒𐑷𐑓𐑑𐑩		unknown
cig kofte	NN1	GenAm	tʃiː ˈkɑːftə		𐑗𐑰 𐑒𐑭𐑓𐑑𐑩		unknown
blossom forth	VVI	RSSB	ˈblɒsəm fɔːrθ	ˈblɒsəm fɔːRθ	𐑚𐑤𐑪𐑕𐑩𐑥 𐑓𐑹𐑔	𐑚𐑤𐑪𐑕𐑩𐑥𐑓𐑹𐑔	matches
blossom forth	VVI	GenAm	ˈblɒsəm ˌforθ	ˈblɒsəm fɔːRθ	𐑚𐑤𐑪𐑕𐑩𐑥 𐑓𐑪𐑮𐑔	𐑚𐑤𐑪𐑕𐑩𐑥𐑓𐑹𐑔	divergent
stretch forth	VVI	RSSB	ˈstretʃ fɔːrθ	stretʃ fɔːRθ	𐑕𐑑𐑮𐑧𐑗 𐑓𐑹𐑔	𐑕𐑑𐑮𐑧𐑗𐑓𐑹𐑔	matches
stretch forth	VVI	GenAm	ˈstretʃ ˌforθ	stretʃ fɔːRθ	𐑕𐑑𐑮𐑧𐑗 𐑓𐑪𐑮𐑔	𐑕𐑑𐑮𐑧𐑗𐑓𐑹𐑔	divergent
thigh pad	NN1	RSSB	ˈθaɪ ˌpad	θaɪ pæd	𐑔𐑲 𐑐𐑨𐑛	𐑔𐑲𐑐𐑨𐑛	matches
Diddy ahh blud	NN1	GenAm	ˈdɪˌtiː ˈɑː ˈblʌd		𐑛𐑦𐑑𐑰 𐑭 𐑚𐑤𐑳𐑛		unknown
brick over	VVI	RSSB	ˈbrɪk əʊvəR	brɪk ˈəʊvəR	𐑚𐑮𐑦𐑒 𐑴𐑝𐑼	𐑚𐑮𐑦𐑒𐑴𐑝𐑼	matches
brick over	VVI	GenAm	ˈbrɪk ˌoʊvər	brɪk ˈəʊvəR	𐑚𐑮𐑦𐑒 𐑴𐑝𐑼	𐑚𐑮𐑦𐑒𐑴𐑝𐑼	matches
plug compatible	AJ0	RSSB	ˌplʌɡkəmˈpatəbəl	plʌɡ kəmˈpætəbəl	𐑐𐑤𐑳𐑜𐑒𐑩𐑥𐑐𐑨𐑑𐑩𐑚𐑩𐑤	𐑐𐑤𐑳𐑜𐑒𐑩𐑥𐑐𐑨𐑑𐑩𐑚𐑩𐑤	matches
booster pack	NN1	RSSB	buːstəR ˌpak	ˈbuːstəR pæk	𐑚𐑵𐑕𐑑𐑼 𐑐𐑨𐑒	𐑚𐑵𐑕𐑑𐑼𐑐𐑨𐑒	matches
booster pack	NN1	GenAm	ˈbustər ˌpæk	ˈbuːstəR pæk	𐑚𐑫𐑕𐑑𐑼 𐑐𐑨𐑒	𐑚𐑵𐑕𐑑𐑼𐑐𐑨𐑒	divergent
colon cleansing	NN1	RSSB	ˈkəʊlən ˈklenzɪŋ	ˈkəʊlən ˈklenzɪŋ	𐑒𐑴𐑤𐑩𐑯 𐑒𐑤𐑧𐑯𐑟𐑦𐑙	𐑒𐑴𐑤𐑩𐑯𐑒𐑤𐑧𐑯𐑟𐑦𐑙	matches
colon cleansing	NN1	GenAm	ˈkoʊlən ˈklenzɪŋ	ˈkəʊlən ˈklenzɪŋ	𐑒𐑴𐑤𐑩𐑯 𐑒𐑤𐑧𐑯𐑟𐑦𐑙	𐑒𐑴𐑤𐑩𐑯𐑒𐑤𐑧𐑯𐑟𐑦𐑙	matches
rabbit vibrator	NN1	RSSB	ˈrabɪt vaɪbreɪtəR	ˈræbɪt vaɪˈbreɪtəR	𐑮𐑨𐑚𐑦𐑑 𐑝𐑲𐑚𐑮𐑱𐑑𐑼	𐑮𐑨𐑚𐑦𐑑𐑝𐑲𐑚𐑮𐑱𐑑𐑼	matches
rabbit vibrator	NN1	GenAm	ˈræbɪt ˈvaɪˌbreɪtər	ˈræbɪt vaɪˈbreɪtəR	𐑮𐑨𐑚𐑦𐑑 𐑝𐑲𐑚𐑮𐑱𐑑𐑼	𐑮𐑨𐑚𐑦𐑑𐑝𐑲𐑚𐑮𐑱𐑑𐑼	matches
pine straw	NN1	RSSB	ˈpaɪn strɔː	paɪn strɔː	𐑐𐑲𐑯 𐑕𐑑𐑮𐑷	𐑐𐑲𐑯𐑕𐑑𐑮𐑷	matches
pine straw	NN1	GenAm	ˈpaɪn ˌstrɒ	paɪn strɔː	𐑐𐑲𐑯 𐑕𐑑𐑮𐑪	𐑐𐑲𐑯𐑕𐑑𐑮𐑷	divergent
diaper sniffer	NN1	GenAm	ˈdaɪəpəRˌsnɪfəR	ˈdaɪəpəR ˈsnɪfəR	𐑛𐑲𐑩𐑐𐑼𐑕𐑯𐑦𐑓𐑼	𐑛𐑲𐑩𐑐𐑼𐑕𐑯𐑦𐑓𐑼	matches
drag mother	NN1	GenAm	dræɡ ˈmʌðəR	dræɡ ˈmʌðəR	𐑛𐑮𐑨𐑜 𐑥𐑳𐑞𐑼	𐑛𐑮𐑨𐑜𐑥𐑳𐑞𐑼	matches
sea arch	NN1	RSSB	ˈsiː ɑːRtʃ	siː ɑːRtʃ	𐑕𐑰 𐑸𐑗	𐑕𐑰𐑸𐑗	matches
sea arch	NN1	GenAm	ˈsi ˌɑːRtʃ	siː ɑːRtʃ	𐑕𐑦 𐑸𐑗	𐑕𐑰𐑸𐑗	divergent
Prose Edda	NP0	RSSB	prəʊzedə		𐑐𐑮𐑴𐑟𐑧𐑛𐑩		unknown
Prose Edda	NP0	GenAm	ˈproʊzˈedə		𐑐𐑮𐑴𐑟𐑧𐑛𐑩		unknown
Christmas come early	NN1	RSSB	krɪsməs kʌm ɜːRli	ˈkrɪsməs kʌm ˈɜːRli	𐑒𐑮𐑦𐑕𐑥𐑩𐑕 𐑒𐑳𐑥 𐑻𐑤𐑦	𐑒𐑮𐑦𐑕𐑥𐑩𐑕𐑒𐑳𐑥𐑻𐑤𐑦	matches
Christmas come early	NN1	GenAm	ˌkrɪsməs kʌm ˈɜːRli	ˈkrɪsməs kʌm ˈɜːRli	𐑒𐑮𐑦𐑕𐑥𐑩𐑕 𐑒𐑳𐑥 𐑻𐑤𐑦	𐑒𐑮𐑦𐑕𐑥𐑩𐑕𐑒𐑳𐑥𐑻𐑤𐑦	matches
Christmas coming early	NN1	RSSB	krɪsməs ˌkʌmɪŋ ɜːRli	ˈkrɪsməs ˈkʌmɪŋ ˈɜːRli	𐑒𐑮𐑦𐑕𐑥𐑩𐑕 𐑒𐑳𐑥𐑦𐑙 𐑻𐑤𐑦	𐑒𐑮𐑦𐑕𐑥𐑩𐑕𐑒𐑳𐑥𐑦𐑙𐑻𐑤𐑦	matches
Christmas coming early	NN1	GenAm	ˌkrɪsməs ˌkʌmɪŋ ˈɜːRli	ˈkrɪsməs ˈkʌmɪŋ ˈɜːRli	𐑒𐑮𐑦𐑕𐑥𐑩𐑕 𐑒𐑳𐑥𐑦𐑙 𐑻𐑤𐑦	𐑒𐑮𐑦𐑕𐑥𐑩𐑕𐑒𐑳𐑥𐑦𐑙𐑻𐑤𐑦	matches
venous plexus	NN1	RSSB	ˈviːnəs ˈpleksəs	ˈviːnəs ˈpleksəs	𐑝𐑰𐑯𐑩𐑕 𐑐𐑤𐑧𐑒𐑕𐑩𐑕	𐑝𐑰𐑯𐑩𐑕𐑐𐑤𐑧𐑒𐑕𐑩𐑕	matches
venous plexus	NN1	GenAm	ˈvinəs ˈpleksəs	ˈviːnəs ˈpleksəs	𐑝𐑦𐑯𐑩𐑕 𐑐𐑤𐑧𐑒𐑕𐑩𐑕	𐑝𐑰𐑯𐑩𐑕𐑐𐑤𐑧𐑒𐑕𐑩𐑕	divergent
gossip mirror	NN1	RSSB	ˈɡɒsɪp mɪrəR	ˈɡɒsɪp ˈmɪrəR	𐑜𐑪𐑕𐑦𐑐 𐑥𐑦𐑮𐑼	𐑜𐑪𐑕𐑦𐑐𐑥𐑦𐑮𐑼	matches
gossip mirror	NN1	GenAm	ˈɡɒsəp ˌmɪrər	ˈɡɒsɪp ˈmɪrəR	𐑜𐑪𐑕𐑩𐑐 𐑥𐑦𐑮𐑼	𐑜𐑪𐑕𐑦𐑐𐑥𐑦𐑮𐑼	matches
picture editor	NN1	RSSB	pɪktʃəR edɪtəR	ˈpɪktʃəR ˈedɪtəR	𐑐𐑦𐑒𐑗𐑼 𐑧𐑛𐑦𐑑𐑼	𐑐𐑦𐑒𐑗𐑼𐑧𐑛𐑦𐑑𐑼	matches
picture editor	NN1	GenAm	ˈpɪktʃər ˈedɪtər	ˈpɪktʃəR ˈedɪtəR	𐑐𐑦𐑒𐑗𐑼 𐑧𐑛𐑦𐑑𐑼	𐑐𐑦𐑒𐑗𐑼𐑧𐑛𐑦𐑑𐑼	matches
flatbed editor	NN1	RSSB	ˈflatˌbed edɪtəR		𐑓𐑤𐑨𐑑𐑚𐑧𐑛 𐑧𐑛𐑦𐑑𐑼		unknown
flatbed editor	NN1	GenAm	ˈflætˌbed ˈedɪtər	ˈflætˌbed ˈedɪtəR	𐑓𐑤𐑨𐑑𐑚𐑧𐑛 𐑧𐑛𐑦𐑑𐑼	𐑓𐑤𐑨𐑑𐑚𐑧𐑛𐑧𐑛𐑦𐑑𐑼	matches
Koine Greek	NP0	RSSB	kɔɪˈneɪ ˌɡriːk		𐑒𐑶𐑯𐑱 𐑜𐑮𐑰𐑒		unknown
Koine Greek	NP0	GenAm	kɔɪˈneɪ ˌɡrik	kɔɪˈneɪ ɡriːk	𐑒𐑶𐑯𐑱 𐑜𐑮𐑦𐑒	𐑒𐑶𐑯𐑱𐑜𐑮𐑰𐑒	divergent
seed cone	NN1	RSSB	ˈsiːd ˌkəʊn	siːd kəʊn	𐑕𐑰𐑛 𐑒𐑴𐑯	𐑕𐑰𐑛𐑒𐑴𐑯	matches
seed cone	NN1	GenAm	ˈsid ˌkoʊn	siːd kəʊn	𐑕𐑦𐑛 𐑒𐑴𐑯	𐑕𐑰𐑛𐑒𐑴𐑯	divergent
ashy-headed goose	NN1	GenAm	ˈæʃi ˈhedəd ˈɡus		𐑨𐑖𐑦 𐑣𐑧𐑛𐑩𐑛 𐑜𐑫𐑕		unknown
make sport of	VVI	RSSB	meɪk spɔːrt əv	meɪk spɔːRt V	𐑥𐑱𐑒 𐑕𐑐𐑹𐑑 𐑩𐑝	𐑥𐑱𐑒𐑕𐑐𐑹𐑑𐑝	divergent
make sport of	VVI	GenAm	meɪk sport əv	meɪk spɔːRt V	𐑥𐑱𐑒 𐑕𐑐𐑪𐑮𐑑 𐑩𐑝	𐑥𐑱𐑒𐑕𐑐𐑹𐑑𐑝	divergent
yes, Virginia	UNC	RSSB	ˈjes vəRdʒɪniə		𐑘𐑧𐑕 𐑝𐑼𐑡𐑦𐑯𐑾		unknown
yes, Virginia	UNC	GenAm	ˈjes vərˈdʒɪnjə		𐑘𐑧𐑕 𐑝𐑼𐑡𐑦𐑯𐑘𐑩		unknown
let me tell you	UNC	GenAm	ˌletˌmiˈtelˌju	let miː tel juː	𐑤𐑧𐑑𐑥𐑦𐑑𐑧𐑤𐑘𐑫	𐑤𐑧𐑑𐑥𐑰𐑑𐑧𐑤𐑿	divergent
let me tell you	UNC	GenAm	ˌlemiˈteljə	let miː tel juː	𐑤𐑧𐑥𐑦𐑑𐑧𐑤𐑘𐑩	𐑤𐑧𐑑𐑥𐑰𐑑𐑧𐑤𐑿	divergent
los jibbities	NN1	RSSB	ˌləʊs ˈdʒɪbɪtiːs		𐑤𐑴𐑕 𐑡𐑦𐑚𐑦𐑑𐑰𐑕		unknown
los jibbities	NN1	GenAm	ˌloʊs ˈdʒɪbɪtis		𐑤𐑴𐑕 𐑡𐑦𐑚𐑦𐑑𐑦𐑕		unknown
opera slipper	NN1	RSSB	ɒpərə slɪpər	ˈɒpərə ˈslɪpəR	𐑪𐑐𐑼𐑩 𐑕𐑤𐑦𐑐𐑼	𐑪𐑐𐑼𐑩𐑕𐑤𐑦𐑐𐑼	matches
opera slipper	NN1	GenAm	ˌɒpərə ˈslɪpər	ˈɒpərə ˈslɪpəR	𐑪𐑐𐑼𐑩 𐑕𐑤𐑦𐑐𐑼	𐑪𐑐𐑼𐑩𐑕𐑤𐑦𐑐𐑼	matches
opera slipper	NN1	RSSB	ɔːpərə slɪpər	ˈɒpərə ˈslɪpəR	𐑷𐑐𐑼𐑩 𐑕𐑤𐑦𐑐𐑼	𐑪𐑐𐑼𐑩𐑕𐑤𐑦𐑐𐑼	divergent
operetta house	NN1	RSSB	ɒpəretə ˌhaʊs	ˌɒpəˈretə haʊs	𐑪𐑐𐑼𐑧𐑑𐑩 𐑣𐑬𐑕	𐑪𐑐𐑼𐑧𐑑𐑩𐑣𐑬𐑕	matches
operetta house	NN1	GenAm	ˌɒpəˈretə ˌhaʊs	ˌɒpəˈretə haʊs	𐑪𐑐𐑼𐑧𐑑𐑩 𐑣𐑬𐑕	𐑪𐑐𐑼𐑧𐑑𐑩𐑣𐑬𐑕	matches
slipper sock	NN1	RSSB	slɪpəR ˌsɒk	ˈslɪpəR sɒk	𐑕𐑤𐑦𐑐𐑼 𐑕𐑪𐑒	𐑕𐑤𐑦𐑐𐑼𐑕𐑪𐑒	matches
slipper sock	NN1	GenAm	ˈslɪpər ˌsɒk	ˈslɪpəR sɒk	𐑕𐑤𐑦𐑐𐑼 𐑕𐑪𐑒	𐑕𐑤𐑦𐑐𐑼𐑕𐑪𐑒	matches
slipper sock	NN1	RSSB	slɪpəR ˌsɔːk	ˈslɪpəR sɒk	𐑕𐑤𐑦𐑐𐑼 𐑕𐑷𐑒	𐑕𐑤𐑦𐑐𐑼𐑕𐑪𐑒	divergent
chamber tomb	NN1	RSSB	tʃeɪmbəR ˌtuːm	ˈtʃeɪmbəR tuːm	𐑗𐑱𐑥𐑚𐑼 𐑑𐑵𐑥	𐑗𐑱𐑥𐑚𐑼𐑑𐑵𐑥	matches
chamber tomb	NN1	GenAm	ˈtʃeɪmbər ˌtum	ˈtʃeɪmbəR tuːm	𐑗𐑱𐑥𐑚𐑼 𐑑𐑫𐑥	𐑗𐑱𐑥𐑚𐑼𐑑𐑵𐑥	divergent
X disease	NN1	GenAm	ˈeksdɪziz	eks dɪˈziːz	𐑧𐑒𐑕𐑛𐑦𐑟𐑦𐑟	𐑧𐑒𐑕𐑛𐑦𐑟𐑰𐑟	divergent
ocean depths	NN1	RSSB	ˈəʊʃən ˌdepθs	ˈəʊʃən depθs	𐑴𐑖𐑩𐑯 𐑛𐑧𐑐𐑔𐑕	𐑴𐑖𐑩𐑯𐑛𐑧𐑐𐑔𐑕	matches
ocean depths	NN1	GenAm	ˈoʊʃən ˌdepθs	ˈəʊʃən depθs	𐑴𐑖𐑩𐑯 𐑛𐑧𐑐𐑔𐑕	𐑴𐑖𐑩𐑯𐑛𐑧𐑐𐑔𐑕	matches
Lie bracket	NP0	RSSB	ˈliː ˌbrakɪt	laɪ ˈbrækIt	𐑤𐑰 𐑚𐑮𐑨𐑒𐑦𐑑	𐑤𐑲𐑚𐑮𐑨𐑒𐑩𐑑	divergent
Lie bracket	NP0	GenAm	ˈli ˌbrækɪt	laɪ ˈbrækIt	𐑤𐑦 𐑚𐑮𐑨𐑒𐑦𐑑	𐑤𐑲𐑚𐑮𐑨𐑒𐑩𐑑	divergent
lemon drop martini	NN1	RSSB	ˈlemən drɒp mɑːrtiːni	ˈlemən drɒp mɑːRˈtiːni	𐑤𐑧𐑥𐑩𐑯 𐑛𐑮𐑪𐑐 𐑥𐑸𐑑𐑰𐑯𐑦	𐑤𐑧𐑥𐑩𐑯𐑛𐑮𐑪𐑐𐑥𐑸𐑑𐑰𐑯𐑦	matches
lemon drop martini	NN1	GenAm	ˈlemən drɑːp mɑːrˈtiːni	ˈlemən drɒp mɑːRˈtiːni	𐑤𐑧𐑥𐑩𐑯 𐑛𐑮𐑭𐑐 𐑥𐑸𐑑𐑰𐑯𐑦	𐑤𐑧𐑥𐑩𐑯𐑛𐑮𐑪𐑐𐑥𐑸𐑑𐑰𐑯𐑦	divergent
lemon martini	NN1	RSSB	ˈlemən mɑːRtiːni	ˈlemən mɑːRˈtiːni	𐑤𐑧𐑥𐑩𐑯 𐑥𐑸𐑑𐑰𐑯𐑦	𐑤𐑧𐑥𐑩𐑯𐑥𐑸𐑑𐑰𐑯𐑦	matches
lemon martini	NN1	GenAm	ˈlemən mɑːRˈtini	ˈlemən mɑːRˈtiːni	𐑤𐑧𐑥𐑩𐑯 𐑥𐑸𐑑𐑦𐑯𐑦	𐑤𐑧𐑥𐑩𐑯𐑥𐑸𐑑𐑰𐑯𐑦	divergent
danseur noble	NN1	RSSB	dɑːsœr ˌnɔːbl		𐑛𐑭𐑕œ𐑮 𐑯𐑷𐑚𐑤		unknown
danseur noble	NN1	GenAm	dɒˈsœr ˌnɒbl		𐑛𐑪𐑕œ𐑮 𐑯𐑪𐑚𐑤		unknown
danseurs nobles	NN1	RSSB	dɑːsœr ˌnɔːbl		𐑛𐑭𐑕œ𐑮 𐑯𐑷𐑚𐑤		unknown
danseurs nobles	NN1	GenAm	dɒˈsœr ˌnɒbl		𐑛𐑪𐑕œ𐑮 𐑯𐑪𐑚𐑤		unknown
sitelen pona	NP0	RSSB	ˈsiːtelen ˈpəʊnə		𐑕𐑰𐑑𐑧𐑤𐑧𐑯 𐑐𐑴𐑯𐑩		unknown
sitelen pona	NP0	GenAm	ˈsitelen ˈpoʊnə		𐑕𐑦𐑑𐑧𐑤𐑧𐑯 𐑐𐑴𐑯𐑩		unknown
play doggo	VVI	RSSB	pleɪ ˈdɒɡəʊ	pleɪ ˈdɒɡəʊ	𐑐𐑤𐑱 𐑛𐑪𐑜𐑴	𐑐𐑤𐑱𐑛𐑪𐑜𐑴	matches
play doggo	VVI	GenAm	pleɪ ˈdɒɡoʊ	pleɪ ˈdɒɡəʊ	𐑐𐑤𐑱 𐑛𐑪𐑜𐑴	𐑐𐑤𐑱𐑛𐑪𐑜𐑴	matches
in statu quo	AV0	GenAm	ˌɪn ˈstɒtu ˈkwoʊ		𐑦𐑯 𐑕𐑑𐑪𐑑𐑫 𐑒𐑢𐑴		unknown
planned community	NN1	RSSB	ˌpland kəˈmjuːnɪtiː	plænd kəˈmjuːnɪti	𐑐𐑤𐑨𐑯𐑛 𐑒𐑩𐑥𐑿𐑯𐑦𐑑𐑰	𐑐𐑤𐑨𐑯𐑛𐑒𐑩𐑥𐑿𐑯𐑦𐑑𐑦	divergent
planned community	NN1	RSSB	ˌplænd kəˈmjuːnɪtiː	plænd kəˈmjuːnɪti	𐑐𐑤𐑨𐑯𐑛 𐑒𐑩𐑥𐑿𐑯𐑦𐑑𐑰	𐑐𐑤𐑨𐑯𐑛𐑒𐑩𐑥𐑿𐑯𐑦𐑑𐑦	divergent
planned community	NN1	GenAm	ˌplænd kəˈmjunɪti	plænd kəˈmjuːnɪti	𐑐𐑤𐑨𐑯𐑛 𐑒𐑩𐑥𐑘𐑫𐑯𐑦𐑑𐑦	𐑐𐑤𐑨𐑯𐑛𐑒𐑩𐑥𐑿𐑯𐑦𐑑𐑦	divergent
in good sorts	AJ0	RSSB	ɪn ˌɡʊd sɔːRts	ɪn ɡʊd sɔːRts	𐑦𐑯 𐑜𐑫𐑛 𐑕𐑹𐑑𐑕	𐑦𐑯𐑜𐑫𐑛𐑕𐑹𐑑𐑕	matches
in good sorts	AJ0	GenAm	ɪn ˌɡʊd ˈsɔːRts	ɪn ɡʊd sɔːRts	𐑦𐑯 𐑜𐑫𐑛 𐑕𐑹𐑑𐑕	𐑦𐑯𐑜𐑫𐑛𐑕𐑹𐑑𐑕	matches
land tenure	NN1	RSSB	ˈlænd tenjəəR	lænd ˈtenjʊəR	𐑤𐑨𐑯𐑛 𐑑𐑧𐑯𐑘𐑩𐑼	𐑤𐑨𐑯𐑛𐑑𐑧𐑯𐑘𐑫𐑼	matches
land tenure	NN1	RSSB	ˈlænd tenjəR	lænd ˈtenjʊəR	𐑤𐑨𐑯𐑛 𐑑𐑧𐑯𐑘𐑼	𐑤𐑨𐑯𐑛𐑑𐑧𐑯𐑘𐑫𐑼	divergent
land tenure	NN1	GenAm	ˈlænd ˈtenjəR	lænd ˈtenjʊəR	𐑤𐑨𐑯𐑛 𐑑𐑧𐑯𐑘𐑼	𐑤𐑨𐑯𐑛𐑑𐑧𐑯𐑘𐑫𐑼	divergent
circuit diagram	NN1	RSSB	sɜːRkɪt daɪəɡram	ˈsɜːRkɪt ˈdaɪəɡræm	𐑕𐑻𐑒𐑦𐑑 𐑛𐑲𐑩𐑜𐑮𐑨𐑥	𐑕𐑻𐑒𐑦𐑑𐑛𐑲𐑩𐑜𐑮𐑨𐑥	matches
circuit diagram	NN1	RSSB	sɜːRkɪt daɪəɡræm	ˈsɜːRkɪt ˈdaɪəɡræm	𐑕𐑻𐑒𐑦𐑑 𐑛𐑲𐑩𐑜𐑮𐑨𐑥	𐑕𐑻𐑒𐑦𐑑𐑛𐑲𐑩𐑜𐑮𐑨𐑥	matches
circuit diagram	NN1	GenAm	ˈsɜːRkɪt ˌdaɪəˌɡræm	ˈsɜːRkɪt ˈdaɪəɡræm	𐑕𐑻𐑒𐑦𐑑 𐑛𐑲𐑩𐑜𐑮𐑨𐑥	𐑕𐑻𐑒𐑦𐑑𐑛𐑲𐑩𐑜𐑮𐑨𐑥	matches
bronchial tree	NN1	RSSB	brɒŋkiːəl ˈtriː	ˈbrɒŋkɪəl triː	𐑚𐑮𐑪𐑙𐑒𐑰𐑩𐑤 𐑑𐑮𐑰	𐑚𐑮𐑪𐑙𐑒𐑾𐑤𐑑𐑮𐑰	divergent
bronchial tree	NN1	GenAm	ˈbrɒŋkiəl ˈtri	ˈbrɒŋkɪəl triː	𐑚𐑮𐑪𐑙𐑒𐑾𐑤 𐑑𐑮𐑦	𐑚𐑮𐑪𐑙𐑒𐑾𐑤𐑑𐑮𐑰	divergent
Charlie Kirk	VVI	RSSB	tʃɑːRli kɜːRk	ˈtʃɑːRli kɜːRk	𐑗𐑸𐑤𐑦 𐑒𐑻𐑒	𐑗𐑸𐑤𐑦𐑒𐑻𐑒	matches
Charlie Kirk	VVI	GenAm	tʃɑːRli kɜːRk	ˈtʃɑːRli kɜːRk	𐑗𐑸𐑤𐑦 𐑒𐑻𐑒	𐑗𐑸𐑤𐑦𐑒𐑻𐑒	matches
Charlie Kirk	VVI	GenAm	tʃɒli kɜːRk	ˈtʃɑːRli kɜːRk	𐑗𐑪𐑤𐑦 𐑒𐑻𐑒	𐑗𐑸𐑤𐑦𐑒𐑻𐑒	divergent
critically endangered	AJ0	GenAm	ˈkrɪtɪkli enˈdeɪndʒərd	ˈkrɪtɪkli ɪnˈdeɪndʒəRd	𐑒𐑮𐑦𐑑𐑦𐑒𐑤𐑦 𐑧𐑯𐑛𐑱𐑯𐑡𐑼𐑛	𐑒𐑮𐑦𐑑𐑦𐑒𐑤𐑦𐑦𐑯𐑛𐑱𐑯𐑡𐑼𐑛	divergent
critically endangered	AJ0	GenAm	ˈkrɪtɪkli ɪnˈdeɪndʒərd	ˈkrɪtɪkli ɪnˈdeɪndʒəRd	𐑒𐑮𐑦𐑑𐑦𐑒𐑤𐑦 𐑦𐑯𐑛𐑱𐑯𐑡𐑼𐑛	𐑒𐑮𐑦𐑑𐑦𐑒𐑤𐑦𐑦𐑯𐑛𐑱𐑯𐑡𐑼𐑛	matches
birth pill	NN1	RSSB	bɜːRθ pɪl	bɜːRθ pɪl	𐑚𐑻𐑔 𐑐𐑦𐑤	𐑚𐑻𐑔𐑐𐑦𐑤	matches
birth pill	NN1	GenAm	bɜːRθ pɪl	bɜːRθ pɪl	𐑚𐑻𐑔 𐑐𐑦𐑤	𐑚𐑻𐑔𐑐𐑦𐑤	matches
birth pills	NN1	RSSB	bɜːRθ pɪlz	bɜːRθ pɪlz	𐑚𐑻𐑔 𐑐𐑦𐑤𐑟	𐑚𐑻𐑔𐑐𐑦𐑤𐑟	matches
birth pills	NN1	GenAm	bɜːRθ pɪlz	bɜːRθ pɪlz	𐑚𐑻𐑔 𐑐𐑦𐑤𐑟	𐑚𐑻𐑔𐑐𐑦𐑤𐑟	matches
field magnet	NN1	RSSB	ˌfiːld maɡnɪt	fiːld ˈmæɡnət	𐑓𐑰𐑤𐑛 𐑥𐑨𐑜𐑯𐑦𐑑	𐑓𐑰𐑤𐑛𐑥𐑨𐑜𐑯𐑩𐑑	matches
field magnet	NN1	GenAm	ˌfild mæɡnɪt	fiːld ˈmæɡnət	𐑓𐑦𐑤𐑛 𐑥𐑨𐑜𐑯𐑦𐑑	𐑓𐑰𐑤𐑛𐑥𐑨𐑜𐑯𐑩𐑑	divergent
field magnets	NN1	RSSB	ˌfiːld maɡnɪts	fiːld ˈmæɡnəts	𐑓𐑰𐑤𐑛 𐑥𐑨𐑜𐑯𐑦𐑑𐑕	𐑓𐑰𐑤𐑛𐑥𐑨𐑜𐑯𐑩𐑑𐑕	matches
field magnets	NN1	GenAm	ˌfild mæɡnɪts	fiːld ˈmæɡnəts	𐑓𐑦𐑤𐑛 𐑥𐑨𐑜𐑯𐑦𐑑𐑕	𐑓𐑰𐑤𐑛𐑥𐑨𐑜𐑯𐑩𐑑𐑕	divergent
Big Ass Lake	NP0	GenAm	ˈbɪɡ æs leɪk	bɪɡ æs leɪk	𐑚𐑦𐑜 𐑨𐑕 𐑤𐑱𐑒	𐑚𐑦𐑜𐑨𐑕𐑤𐑱𐑒	matches
Big Ass Lake	NP0	GenAm	bɪɡ ˈæs leɪk	bɪɡ æs leɪk	𐑚𐑦𐑜 𐑨𐑕 𐑤𐑱𐑒	𐑚𐑦𐑜𐑨𐑕𐑤𐑱𐑒	matches
gooseneck loosestrife	NN1	GenAm	ˈɡusˌnek ˈlusˌstraɪf		𐑜𐑫𐑕𐑯𐑧𐑒 𐑤𐑫𐑕𐑕𐑑𐑮𐑲𐑓		unknown
adult baby syndrome	NN1	RSSB	ˌædʌltˌbeɪbiˈsɪndrəʊm	ˈædʌlt ˈbeɪbi ˈsɪndrəʊm	𐑨𐑛𐑳𐑤𐑑𐑚𐑱𐑚𐑦𐑕𐑦𐑯𐑛𐑮𐑴𐑥	𐑨𐑛𐑳𐑤𐑑𐑚𐑱𐑚𐑦𐑕𐑦𐑯𐑛𐑮𐑴𐑥	matches
adult baby syndrome	NN1	GenAm	əˌdʌltˌbeɪbiˈsɪndroʊm	ˈædʌlt ˈbeɪbi ˈsɪndrəʊm	𐑩𐑛𐑳𐑤𐑑𐑚𐑱𐑚𐑦𐑕𐑦𐑯𐑛𐑮𐑴𐑥	𐑨𐑛𐑳𐑤𐑑𐑚𐑱𐑚𐑦𐑕𐑦𐑯𐑛𐑮𐑴𐑥	matches
we been knew	ITJ	GenAm	ˌwi bɪn ˈnju	wiː bɪn nuː	𐑢𐑦 𐑚𐑦𐑯 𐑯𐑘𐑫	𐑢𐑰𐑚𐑦𐑯𐑯𐑵	divergent
under the illusion	UNC	RSSB	ʌndəR ˌðiː ɪˈluːʒən	ˈʌndəR Ð ɪˈluːʒən	𐑳𐑯𐑛𐑼 𐑞𐑰 𐑦𐑤𐑵𐑠𐑩𐑯	𐑳𐑯𐑛𐑼𐑞𐑦𐑤𐑵𐑠𐑩𐑯	divergent
under the illusion	UNC	GenAm	ˈʌndər ˌði ɪˈluʒən	ˈʌndəR Ð ɪˈluːʒən	𐑳𐑯𐑛𐑼 𐑞𐑦 𐑦𐑤𐑫𐑠𐑩𐑯	𐑳𐑯𐑛𐑼𐑞𐑦𐑤𐑵𐑠𐑩𐑯	divergent
Byronic hero	NN1	RSSB	baɪˈrɒnɪk hɪərəʊ		𐑚𐑲𐑮𐑪𐑯𐑦𐑒 𐑣𐑽𐑴		unknown
Byronic hero	NN1	GenAm	baɪˈrɒnɪk ˈhɪroʊ		𐑚𐑲𐑮𐑪𐑯𐑦𐑒 𐑣𐑦𐑮𐑴		unknown
Byronic hero	NN1	GenAm	baɪˈrɒnɪk ˈhiroʊ		𐑚𐑲𐑮𐑪𐑯𐑦𐑒 𐑣𐑦𐑮𐑴		unknown
much too	AV0	RSSB	ˈmʌtʃ tuː	mʌtʃ tuː	𐑥𐑳𐑗 𐑑𐑵	𐑥𐑳𐑗𐑑𐑵	matches
much too	AV0	GenAm	ˈmʌtʃ tu	mʌtʃ tuː	𐑥𐑳𐑗 𐑑𐑫	𐑥𐑳𐑗𐑑𐑵	divergent
diaper creature	NN1	GenAm	ˈdaɪəpəRˌkriːtʃə	ˈdaɪəpəR ˈkriːtʃəR	𐑛𐑲𐑩𐑐𐑼𐑒𐑮𐑰𐑗𐑩	𐑛𐑲𐑩𐑐𐑼𐑒𐑮𐑰𐑗𐑼	matches
living diaper	NN1	GenAm	ˈlɪvɪŋˌdaɪəpəR	ˈlɪvɪŋ ˈdaɪəpəR	𐑤𐑦𐑝𐑦𐑙𐑛𐑲𐑩𐑐𐑼	𐑤𐑦𐑝𐑦𐑙𐑛𐑲𐑩𐑐𐑼	matches
diaper sprayer	NN1	GenAm	ˈdaɪəpəˌspreɪəR	ˈdaɪəpəR ˈspreɪəR	𐑛𐑲𐑩𐑐𐑩𐑕𐑐𐑮𐑱𐑼	𐑛𐑲𐑩𐑐𐑼𐑕𐑐𐑮𐑱𐑼	matches
fay gurry	NN1	RSSB	ˌfeɪ ɡɜːri		𐑓𐑱 𐑜𐑻𐑦		unknown
fay gurry	NN1	GenAm	ˌfeɪ ˈɡɜːRi		𐑓𐑱 𐑜𐑻𐑦		unknown
weak vowel merger	NN1	GenAm	ˈwik ˈvaʊəl ˌmɜːRdʒəR	wiːk ˈvaʊəl ˈmɜːRdʒəR	𐑢𐑦𐑒 𐑝𐑬𐑩𐑤 𐑥𐑻𐑡𐑼	𐑢𐑰𐑒𐑝𐑬𐑩𐑤𐑥𐑻𐑡𐑼	divergent
masked bee	NN1	GenAm	ˈmæskt ˌbi	mⱭːskt biː	𐑥𐑨𐑕𐑒𐑑 𐑚𐑦	𐑥𐑭𐑕𐑒𐑑𐑚𐑰	divergent
liberty sausage	NN1	RSSB	lɪbəRtiː ˈsɔːsɪdʒ	ˈlɪbəRti ˈsɒsɪdʒ	𐑤𐑦𐑚𐑼𐑑𐑰 𐑕𐑷𐑕𐑦𐑡	𐑤𐑦𐑚𐑼𐑑𐑦𐑕𐑪𐑕𐑦𐑡	divergent
liberty sausage	NN1	GenAm	ˌlɪbərti ˈsɒsɪdʒ	ˈlɪbəRti ˈsɒsɪdʒ	𐑤𐑦𐑚𐑼𐑑𐑦 𐑕𐑪𐑕𐑦𐑡	𐑤𐑦𐑚𐑼𐑑𐑦𐑕𐑪𐑕𐑦𐑡	matches
knitting pattern	NN1	GenAm	nɪtɪŋ pætəRn	ˈnɪtɪŋ ˈpætəRn	𐑯𐑦𐑑𐑦𐑙 𐑐𐑨𐑑𐑼𐑯	𐑯𐑦𐑑𐑦𐑙𐑐𐑨𐑑𐑼𐑯	matches
sixth wall	NN1	GenAm	ðə sɪksθ wɔːl	sɪksθ wɔːl	𐑞𐑩 𐑕𐑦𐑒𐑕𐑔 𐑢𐑷𐑤	𐑕𐑦𐑒𐑕𐑔𐑢𐑷𐑤	divergent
nice list	NN1	RSSB	ˈnaɪs lɪst	naɪs lɪst	𐑯𐑲𐑕 𐑤𐑦𐑕𐑑	𐑯𐑲𐑕𐑤𐑦𐑕𐑑	matches
nice list	NN1	GenAm	ˈnaɪs lɪst	naɪs lɪst	𐑯𐑲𐑕 𐑤𐑦𐑕𐑑	𐑯𐑲𐑕𐑤𐑦𐑕𐑑	matches
spiritus rector	NN1	RSSB	ˌspɪrɪtᵿs rektɔːR		𐑕𐑐𐑦𐑮𐑦𐑑ᵿ𐑕 𐑮𐑧𐑒𐑑𐑹		unknown
spiritus rector	NN1	GenAm	ˌspɪrɪdəs ˈrektɔːR		𐑕𐑐𐑦𐑮𐑦𐑛𐑩𐑕 𐑮𐑧𐑒𐑑𐑹		unknown
a ton	AV0	RSSB	ə ˈtɒn	ə tʌn	𐑩 𐑑𐑪𐑯	𐑩𐑑𐑳𐑯	divergent
a ton	AV0	GenAm	ə ˈtɒn	ə tʌn	𐑩 𐑑𐑪𐑯	𐑩𐑑𐑳𐑯	divergent
resident doctor	NN1	RSSB	rezɪdənt dɒktəR	ˈrezɪdənt ˈdɒktəR	𐑮𐑧𐑟𐑦𐑛𐑩𐑯𐑑 𐑛𐑪𐑒𐑑𐑼	𐑮𐑧𐑟𐑦𐑛𐑩𐑯𐑑𐑛𐑪𐑒𐑑𐑼	matches
resident doctor	NN1	GenAm	ˈrezɪdənt ˈdɒktəR	ˈrezɪdənt ˈdɒktəR	𐑮𐑧𐑟𐑦𐑛𐑩𐑯𐑑 𐑛𐑪𐑒𐑑𐑼	𐑮𐑧𐑟𐑦𐑛𐑩𐑯𐑑𐑛𐑪𐑒𐑑𐑼	matches
J particle	NN1	RSSB	ˈdʒeɪ pɑːRtɪkəl	dʒeɪ ˈpɑːRtɪkəl	𐑡𐑱 𐑐𐑸𐑑𐑦𐑒𐑩𐑤	𐑡𐑱𐑐𐑸𐑑𐑦𐑒𐑩𐑤	matches
J particle	NN1	GenAm	ˈdʒeɪ ˌpɑːRtɪkəl	dʒeɪ ˈpɑːRtɪkəl	𐑡𐑱 𐑐𐑸𐑑𐑦𐑒𐑩𐑤	𐑡𐑱𐑐𐑸𐑑𐑦𐑒𐑩𐑤	matches
J/ψ meson	NN1	RSSB	ˌdʒeɪ ˈsaɪ ˈmiːzɒn		𐑡𐑱 𐑕𐑲 𐑥𐑰𐑟𐑪𐑯		unknown
J/ψ meson	NN1	GenAm	ˌdʒeɪ ˈsaɪ ˈmiːzɒn		𐑡𐑱 𐑕𐑲 𐑥𐑰𐑟𐑪𐑯		unknown
J/ψ meson	NN1	RSSB	ˌdʒeɪ ˈsaɪ ˈmezɒn		𐑡𐑱 𐑕𐑲 𐑥𐑧𐑟𐑪𐑯		unknown
J/ψ meson	NN1	GenAm	ˌdʒeɪ ˈpsaɪ ˈmeɪzɒn		𐑡𐑱 𐑐𐑕𐑲 𐑥𐑱𐑟𐑪𐑯		unknown
J/ψ particle	NN1	RSSB	dʒeɪ saɪ pɑːRtɪkəl		𐑡𐑱 𐑕𐑲 𐑐𐑸𐑑𐑦𐑒𐑩𐑤		unknown
J/ψ particle	NN1	GenAm	ˌdʒeɪ ˈsaɪ ˈpɑːRtɪkəl		𐑡𐑱 𐑕𐑲 𐑐𐑸𐑑𐑦𐑒𐑩𐑤		unknown
J/ψ particle	NN1	GenAm	ˌdʒeɪ ˈpsaɪ ˈpɑːRtɪkəl		𐑡𐑱 𐑐𐑕𐑲 𐑐𐑸𐑑𐑦𐑒𐑩𐑤		unknown
High River	NP0	GenAm	haɪ ˈrɪvəR	haɪ ˈrɪvəR	𐑣𐑲 𐑮𐑦𐑝𐑼	𐑣𐑲𐑮𐑦𐑝𐑼	matches
slow boil	NN1	RSSB	ˌsləʊ ˈbɔɪl	sləʊ bɔɪl	𐑕𐑤𐑴 𐑚𐑶𐑤	𐑕𐑤𐑴𐑚𐑶𐑤	matches
slow boil	NN1	GenAm	ˌsloʊ ˈbɔɪl	sləʊ bɔɪl	𐑕𐑤𐑴 𐑚𐑶𐑤	𐑕𐑤𐑴𐑚𐑶𐑤	matches
slow boils	NN1	RSSB	ˌsləʊ ˈbɔɪlz	sləʊ bɔɪlz	𐑕𐑤𐑴 𐑚𐑶𐑤𐑟	𐑕𐑤𐑴𐑚𐑶𐑤𐑟	matches
slow boils	NN1	GenAm	ˌsloʊ ˈbɔɪlz	sləʊ bɔɪlz	𐑕𐑤𐑴 𐑚𐑶𐑤𐑟	𐑕𐑤𐑴𐑚𐑶𐑤𐑟	matches
vibe working	NN1	GenAm	ˈvaɪb ˈwɜːRkɪŋ	vaɪb ˈwɜːRkɪŋ	𐑝𐑲𐑚 𐑢𐑻𐑒𐑦𐑙	𐑝𐑲𐑚𐑢𐑻𐑒𐑦𐑙	matches
jokes aside	AV0	GenAm	dʒoʊks əˈsaɪd	dʒəʊks əˈsaɪd	𐑡𐑴𐑒𐑕 𐑩𐑕𐑲𐑛	𐑡𐑴𐑒𐑕𐑩𐑕𐑲𐑛	matches
quantum cryptography	NN1	RSSB	ˌkwɒntəm krɪptɒɡrəfiː		𐑒𐑢𐑪𐑯𐑑𐑩𐑥 𐑒𐑮𐑦𐑐𐑑𐑪𐑜𐑮𐑩𐑓𐑰		unknown
quantum cryptography	NN1	RSSB	ˌkwɔːntəm krɪptɔːɡrəfiː		𐑒𐑢𐑷𐑯𐑑𐑩𐑥 𐑒𐑮𐑦𐑐𐑑𐑷𐑜𐑮𐑩𐑓𐑰		unknown
quantum cryptography	NN1	GenAm	ˌkwɒntəm krɪpˈtɒɡrəfi		𐑒𐑢𐑪𐑯𐑑𐑩𐑥 𐑒𐑮𐑦𐑐𐑑𐑪𐑜𐑮𐑩𐑓𐑦		unknown
