word	our_shaw	our_ipa	readlex_shaw	readlex_ipa	confidence	notes
a	𐑳	ʌ	𐑩, 𐑱	ə	high	
a	𐑷	ɔ	𐑩, 𐑱	ə	high	
a fortiori	𐑪-	ˌɒ-	𐑱 𐑓𐑹𐑑𐑦𐑹𐑲	ˌeɪ ˌfɔːRtɪˈɔːraɪ	medium	r_gap:spelling=2,ipa=0
a fortiori	𐑱 𐑓𐑪𐑮𐑑𐑦𐑪𐑮𐑦	ˌeɪ ˌfortiˈori	𐑱 𐑓𐑹𐑑𐑦𐑹𐑲	ˌeɪ ˌfɔːRtɪˈɔːraɪ	high	
a fortiori	𐑱 𐑓𐑪𐑮𐑑𐑦𐑪𐑮𐑲	ˌeɪ ˌfortiˈorˌaɪ	𐑱 𐑓𐑹𐑑𐑦𐑹𐑲	ˌeɪ ˌfɔːRtɪˈɔːraɪ	high	
a fortiori	𐑱 𐑓𐑪𐑮𐑖𐑦𐑪𐑮𐑦	ˌeɪ ˌforʃiˈori	𐑱 𐑓𐑹𐑑𐑦𐑹𐑲	ˌeɪ ˌfɔːRtɪˈɔːraɪ	high	
a fortiori	𐑱 𐑓𐑪𐑮𐑖𐑦𐑪𐑮𐑲	ˌeɪ ˌforʃiˈorˌaɪ	𐑱 𐑓𐑹𐑑𐑦𐑹𐑲	ˌeɪ ˌfɔːRtɪˈɔːraɪ	high	
a fortiori	𐑱 𐑓𐑹𐑑𐑦𐑹𐑦	eɪ fɔːrtiɔːri	𐑱 𐑓𐑹𐑑𐑦𐑹𐑲	ˌeɪ ˌfɔːRtɪˈɔːraɪ	high	
a fortiori	𐑸-	ɑːR-	𐑱 𐑓𐑹𐑑𐑦𐑹𐑲	ˌeɪ ˌfɔːRtɪˈɔːraɪ	medium	r_gap:spelling=2,ipa=1; shave_says:𐑩 𐑓𐑹𐑑𐑦𐑹𐑲
a priori	𐑨 𐑐𐑮𐑦𐑪𐑮𐑦	ˌæ priˈori	𐑱 𐑐𐑮𐑲𐑹𐑲	ˌeɪ ˌpraɪˈɔːraɪ	high	
a priori	𐑪 𐑐𐑮𐑦𐑪𐑮𐑦	ˌɒ priˈori	𐑱 𐑐𐑮𐑲𐑹𐑲	ˌeɪ ˌpraɪˈɔːraɪ	high	
a priori	𐑱 𐑐𐑮𐑦𐑪𐑮𐑦	ˌeɪ priˈori	𐑱 𐑐𐑮𐑲𐑹𐑲	ˌeɪ ˌpraɪˈɔːraɪ	high	
a priori	𐑱 𐑐𐑮𐑲𐑪𐑮𐑲	ˌeɪ praɪˈoraɪ	𐑱 𐑐𐑮𐑲𐑹𐑲	ˌeɪ ˌpraɪˈɔːraɪ	high	
a priori	𐑸 𐑐𐑮𐑦𐑹𐑦	ɑːR priɔːri	𐑱 𐑐𐑮𐑲𐑹𐑲	ˌeɪ ˌpraɪˈɔːraɪ	high	
aa	𐑪𐑪	ˈɒɒ	𐑱𐑱	ˈeɪeɪ	high	
aa	𐑭𐑭	ˈɑːɑː	𐑱𐑱	ˈeɪeɪ	high	
aachen	𐑪𐑒𐑩𐑯	ˈɒkən	𐑭𐑒𐑩𐑯	ˈɑːkən	high	
aarhus	𐑸𐑣𐑵𐑕	ɑːRhuːs	𐑸𐑣𐑫𐑕	ˈɑːRhʊs	high	
aarhus	𐑹𐑣𐑫𐑕	ˈɔːRˌhus	𐑸𐑣𐑫𐑕	ˈɑːRhʊs	high	
ab initio	𐑨𐑚 𐑩𐑯𐑦𐑑𐑦𐑴	ˌæb əˈnɪtioʊ	𐑨𐑚 𐑦𐑯𐑦𐑖𐑦𐑴	ˌæb ɪˈnɪʃiəʊ	high	
ab initio	𐑪𐑚 𐑩𐑯𐑦𐑑𐑦𐑴	ˌɒb əˈnɪtioʊ	𐑨𐑚 𐑦𐑯𐑦𐑖𐑦𐑴	ˌæb ɪˈnɪʃiəʊ	high	
abaci	-𐑕𐑲	-saɪ	𐑨𐑚𐑩𐑕𐑲	ˈæbəsaɪ	high	
abaci	𐑨𐑚𐑩𐑒𐑲	ˈæbəkaɪ	𐑨𐑚𐑩𐑕𐑲	ˈæbəsaɪ	high	
abattoir	𐑨𐑚𐑩𐑑𐑢𐑪	ˈæbəˌtwɒ	𐑨𐑚𐑩𐑑𐑢𐑸	ˈæbətwɑːR	medium	r_gap:spelling=1,ipa=0
abattoirs	𐑨𐑚𐑩𐑑𐑢𐑪𐑕	ˈæbəˌtwɒs	𐑨𐑚𐑩𐑑𐑢𐑸𐑟	ˈæbətwɑːRz	medium	r_gap:spelling=1,ipa=0
abattoirs	𐑨𐑚𐑩𐑑𐑢𐑸𐑕	æbətwɑːrs	𐑨𐑚𐑩𐑑𐑢𐑸𐑟	ˈæbətwɑːRz	high	
abbess	𐑨𐑚𐑦𐑕	ˈæbɪs	𐑨𐑚𐑧𐑕	ˈæbes	high	
abbreviate	𐑩𐑚𐑮𐑦𐑝𐑦𐑩𐑑	əˈbriviət	𐑩𐑚𐑮𐑰𐑝𐑦𐑱𐑑	əˈbriːvieɪt	high	
abbreviate	𐑩𐑚𐑮𐑦𐑝𐑦𐑱𐑑	əˈbrivieɪt	𐑩𐑚𐑮𐑰𐑝𐑦𐑱𐑑	əˈbriːvieɪt	high	
abbreviated	𐑩𐑚𐑮𐑦𐑝𐑦𐑱𐑑𐑩𐑛	əˈbriviˌeɪtƏd	𐑩𐑚𐑮𐑰𐑝𐑦𐑱𐑑𐑩𐑛	əˈbriːvieɪtƏd	high	
abbreviation	𐑩𐑚𐑮𐑦𐑝𐑦𐑱𐑖𐑩𐑯	əˌbriviˈeɪʃən	𐑩𐑚𐑮𐑰𐑝𐑦𐑱𐑖𐑩𐑯	əˌbriːvɪˈeɪʃən	high	
abdication	𐑨𐑚𐑛𐑩𐑒𐑱𐑖𐑩𐑯	ˌæbdəˈkeɪʃən	𐑨𐑚𐑛𐑦𐑒𐑱𐑖𐑩𐑯	ˌæbdɪˈkeɪʃən	high	
abdomen	𐑨𐑚𐑛𐑴𐑥𐑩𐑯	æbˈdəʊmən	𐑨𐑚𐑛𐑩𐑥𐑩𐑯	ˈæbdəmən	high	
abdomens	𐑨𐑚𐑛𐑩𐑥𐑩𐑯𐑕	ˈæbdəməns	𐑨𐑚𐑛𐑩𐑥𐑩𐑯𐑟	ˈæbdəmənz	high	
abdomens	𐑨𐑚𐑛𐑴𐑥𐑩𐑯𐑕	æbˈdəʊməns	𐑨𐑚𐑛𐑩𐑥𐑩𐑯𐑟	ˈæbdəmənz	high	
abdominal	𐑨𐑚𐑛𐑪𐑥𐑩𐑯𐑩𐑤	æbˈdɒmənəl	𐑨𐑚𐑛𐑪𐑥𐑦𐑯𐑩𐑤	æbˈdɒmɪnəl	high	
abdominal	𐑩𐑚𐑛𐑪𐑥𐑩𐑯𐑩𐑤	əbˈdɒmənəl	𐑨𐑚𐑛𐑪𐑥𐑦𐑯𐑩𐑤	æbˈdɒmɪnəl	high	
abduction	𐑨𐑚𐑛𐑩𐑒𐑖𐑩𐑯	æbˈdəkʃən	𐑩𐑚𐑛𐑳𐑒𐑖𐑩𐑯	əbˈdʌkʃən	high	
abduction	𐑨𐑚𐑛𐑳𐑒𐑖𐑩𐑯	æbˈdʌkʃən	𐑩𐑚𐑛𐑳𐑒𐑖𐑩𐑯	əbˈdʌkʃən	high	
abduction	𐑩𐑚𐑛𐑩𐑒𐑖𐑩𐑯	əbˈdəkʃən	𐑩𐑚𐑛𐑳𐑒𐑖𐑩𐑯	əbˈdʌkʃən	high	
abductions	𐑨𐑚𐑛𐑳𐑒𐑖𐑩𐑯𐑕	æbˈdʌkʃəns	𐑩𐑚𐑛𐑳𐑒𐑖𐑩𐑯𐑟	əbˈdʌkʃənz	high	
abducts	𐑨𐑚𐑛𐑩𐑒𐑑𐑕	æbˈdəkts	𐑩𐑚𐑛𐑳𐑒𐑑𐑕	əbˈdʌkts	high	
abducts	𐑨𐑚𐑛𐑳𐑒𐑑𐑕	æbˈdʌkts	𐑩𐑚𐑛𐑳𐑒𐑑𐑕	əbˈdʌkts	high	
abdul	𐑩𐑚𐑛𐑫𐑤	əbˈdʊl	𐑨𐑚𐑛𐑫𐑤	ˈæbdʊl	high	
abdullah	𐑪𐑚𐑛𐑫𐑤𐑪	ˌɒbdʊlˈɒ	𐑨𐑚𐑛𐑳𐑤𐑩	æbˈdʌlə	high	
abe	𐑩𐑚𐑦	əˈbi	𐑱𐑚	eɪb	high	
abeam	𐑩𐑚𐑦𐑥	əˈbim	𐑩𐑚𐑰𐑥	əˈbiːm	high	
aberdare	𐑨𐑚𐑩𐑛𐑻	æbədɜːR	𐑨𐑚𐑼𐑛𐑺	ˌæbəRˈdeəR	medium	r_gap:spelling=2,ipa=1; shave_says:𐑨𐑚𐑼𐑛𐑺
aberdare	𐑨𐑚𐑼𐑛𐑧𐑮	ˌæbərˈder	𐑨𐑚𐑼𐑛𐑺	ˌæbəRˈdeəR	high	
aberdeen	𐑨𐑚𐑩𐑛𐑰𐑯	æbədiːn	𐑨𐑚𐑼𐑛𐑰𐑯	ˌæbəRˈdiːn	medium	r_gap:spelling=1,ipa=0; shave_says:𐑨𐑚𐑼𐑛𐑰𐑯
aberdeen	𐑨𐑚𐑼𐑛𐑦𐑯	ˌæbəRˈdin	𐑨𐑚𐑼𐑛𐑰𐑯	ˌæbəRˈdiːn	high	
aberrant	𐑨𐑚𐑼𐑩𐑯𐑑	æbərənt	𐑨𐑚𐑧𐑮𐑩𐑯𐑑	æˈberənt	medium	r_gap:spelling=2,ipa=1; shave_says:𐑩𐑚𐑧𐑮𐑩𐑯𐑑
aberrant	𐑩𐑚𐑧𐑮𐑩𐑯𐑑	əberənt	𐑨𐑚𐑧𐑮𐑩𐑯𐑑	æˈberənt	high	r_gap:spelling=2,ipa=1; shave_agrees
abhor	𐑨𐑚𐑣𐑹	æbˈhɔːR	𐑩𐑚𐑣𐑹	əbˈhɔːR	high	
abhor	𐑩𐑚𐑹	əbɔːR	𐑩𐑚𐑣𐑹	əbˈhɔːR	high	
abhorred	𐑨𐑚𐑣𐑹𐑛	æbˈhɔːRd	𐑩𐑚𐑣𐑹𐑛	əbˈhɔːRd	medium	r_gap:spelling=2,ipa=1
abhorred	𐑩𐑚𐑹𐑛	əbɔːRd	𐑩𐑚𐑣𐑹𐑛	əbˈhɔːRd	medium	r_gap:spelling=2,ipa=1; shave_says:𐑩𐑚𐑣𐑹𐑛
abhorrence	𐑨𐑚𐑣𐑸𐑩𐑯𐑑𐑕	æbˈhɑːRənts	𐑩𐑚𐑣𐑪𐑮𐑩𐑯𐑕	əbˈhɒrəns	medium	r_gap:spelling=2,ipa=1
abhorrence	𐑨𐑚𐑣𐑹𐑩𐑯𐑑𐑕	æbˈhɔːRənts	𐑩𐑚𐑣𐑪𐑮𐑩𐑯𐑕	əbˈhɒrəns	medium	r_gap:spelling=2,ipa=1
abhorrence	𐑩𐑚𐑣𐑪𐑮𐑩𐑯𐑑𐑕	əbhɒrənts	𐑩𐑚𐑣𐑪𐑮𐑩𐑯𐑕	əbˈhɒrəns	medium	r_gap:spelling=2,ipa=1; shave_says:𐑩𐑚𐑣𐑹𐑩𐑯𐑕
abhorrent	𐑨𐑚𐑣𐑪𐑮𐑩𐑯𐑑	æbhɒrənt	𐑩𐑚𐑣𐑪𐑮𐑩𐑯𐑑	əbˈhɒrənt	medium	r_gap:spelling=2,ipa=1; shave_says:𐑩𐑚𐑣𐑹𐑩𐑯𐑑
abhorrent	𐑨𐑚𐑣𐑹𐑩𐑯𐑑	æbˈhɔːRənt	𐑩𐑚𐑣𐑪𐑮𐑩𐑯𐑑	əbˈhɒrənt	medium	r_gap:spelling=2,ipa=1
abhorring	𐑨𐑚𐑣𐑹𐑦𐑙	æbˈhɔːRɪŋ	𐑩𐑚𐑣𐑹𐑦𐑙	əbˈhɔːrɪŋ	medium	r_gap:spelling=2,ipa=1
abhors	𐑨𐑚𐑣𐑪𐑮𐑟	æbˈhorz	𐑩𐑚𐑣𐑹𐑟	əbˈhɔːRz	high	
abhors	𐑩𐑚𐑣𐑪𐑮𐑟	əbˈhorz	𐑩𐑚𐑣𐑹𐑟	əbˈhɔːRz	high	
abides	𐑩𐑚𐑲𐑛𐑕	əˈbaɪds	𐑩𐑚𐑲𐑛𐑟	əˈbaɪdz	high	
abjectly	-𐑡𐑧𐑒𐑤𐑦	-ˈdʒekli	𐑨𐑚𐑡𐑧𐑒𐑑𐑤𐑦	ˈæbdʒektli	high	
abjuration	𐑨𐑚𐑡𐑫𐑮𐑱𐑖𐑩𐑯	æbdʒʊreɪʃən	𐑨𐑚𐑡𐑼𐑱𐑖𐑩𐑯	ˌæbdʒəˈreɪʃən	high	
abjure	𐑨𐑚𐑡𐑫𐑼	æbˈdʒʊər	𐑩𐑚𐑡𐑫𐑼	əbˈdʒʊəR	high	
abjure	𐑩𐑚-	əb-	𐑩𐑚𐑡𐑫𐑼	əbˈdʒʊəR	medium	r_gap:spelling=1,ipa=0
abjuring	𐑩𐑚𐑡𐑫𐑮𐑦𐑙	əbdʒʊrɪŋ	𐑩𐑚𐑡𐑫𐑼𐑦𐑙	əbˈdʒʊərɪŋ	high	
ablaut	𐑪𐑐𐑤𐑬𐑑	ˈɒpˌlaʊt	𐑨𐑚𐑤𐑬𐑑	ˈæblaʊt	high	
ablaut	𐑪𐑚𐑤𐑬𐑑	ˈɒbˌlaʊt	𐑨𐑚𐑤𐑬𐑑	ˈæblaʊt	high	
able-bodied	𐑱𐑚𐑩𐑤𐑚𐑪𐑛𐑦𐑛	ˈeɪbəlˌbɒdid	𐑱𐑚𐑩𐑤-𐑚𐑪𐑛𐑦𐑛	ˌeɪbəl-ˈbɒdid	high	
abler	𐑱𐑚𐑩𐑤𐑼	ˈeɪbələR	𐑱𐑚𐑤𐑼	ˈeɪbləR	high	
ablest	𐑱𐑚𐑩𐑤𐑩𐑕𐑑	ˈeɪbələst	𐑱𐑚𐑤𐑩𐑕𐑑	ˈeɪbləst	high	
ablute	𐑩𐑚𐑤𐑫𐑑	əˈblut	𐑩𐑚𐑤𐑵𐑑	əˈbluːt	high	
ablution	𐑩𐑚𐑤𐑫𐑖𐑩𐑯	əˈbluʃən	𐑩𐑚𐑤𐑵𐑖𐑩𐑯	əˈbluːʃən	high	
ably	𐑱𐑚𐑩𐑤𐑦	ˈeɪbəli	𐑱𐑚𐑤𐑦	ˈeɪbli	high	
abnegation	𐑨𐑚𐑯𐑩𐑜𐑱𐑖𐑩𐑯	ˌæbnəˈɡeɪʃən	𐑨𐑚𐑯𐑦𐑜𐑱𐑖𐑩𐑯	ˌæbnɪˈɡeɪʃən	high	
abnormal	𐑩𐑚𐑯𐑹𐑥𐑩𐑤	əbˈnɔːRməl	𐑨𐑚𐑯𐑹𐑥𐑩𐑤	æbˈnɔːRməl	high	
abnormality	𐑨𐑚𐑯𐑹𐑥𐑨𐑤𐑩𐑑𐑦	ˌæbˌnɔːRˈmæləti	𐑨𐑚𐑯𐑹𐑥𐑨𐑤𐑦𐑑𐑦	ˌæbnɔːRˈmælɪti	high	
abnormality	𐑨𐑚𐑯𐑼𐑥𐑨𐑤𐑦𐑑𐑦	ˌæbˌnəRˈmælɪti	𐑨𐑚𐑯𐑹𐑥𐑨𐑤𐑦𐑑𐑦	ˌæbnɔːRˈmælɪti	high	
abnormality	𐑨𐑚𐑯𐑼𐑥𐑨𐑤𐑩𐑑𐑦	ˌæbˌnəRˈmæləti	𐑨𐑚𐑯𐑹𐑥𐑨𐑤𐑦𐑑𐑦	ˌæbnɔːRˈmælɪti	high	
abolish	𐑩𐑚𐑪𐑤𐑩𐑖	əˈbɒləʃ	𐑩𐑚𐑪𐑤𐑦𐑖	əˈbɒlɪʃ	high	
abolitionist	𐑨𐑚𐑩𐑤𐑦𐑖𐑩𐑯𐑩𐑕𐑑	ˌæbəˈlɪʃənəst	𐑨𐑚𐑩𐑤𐑦𐑖𐑩𐑯𐑦𐑕𐑑	ˌæbəˈlɪʃənɪst	high	
abominable	𐑩𐑚𐑪𐑥𐑩𐑯𐑩𐑚𐑩𐑤	əˈbɒmənəbəl	𐑩𐑚𐑪𐑥𐑦𐑯𐑩𐑚𐑩𐑤	əˈbɒmɪnəbəl	high	
abominable	𐑩𐑚𐑪𐑥𐑯𐑩𐑚𐑩𐑤	əˈbɒmnəbəl	𐑩𐑚𐑪𐑥𐑦𐑯𐑩𐑚𐑩𐑤	əˈbɒmɪnəbəl	high	
abominably	𐑩𐑚𐑪𐑥𐑩𐑯𐑩𐑚𐑤𐑦	əˈbɒmənəbli	𐑩𐑚𐑪𐑥𐑦𐑯𐑩𐑚𐑤𐑦	əˈbɒmɪnəbli	high	
abominably	𐑩𐑚𐑪𐑥𐑯𐑩𐑚𐑤𐑦	əˈbɒmnəbli	𐑩𐑚𐑪𐑥𐑦𐑯𐑩𐑚𐑤𐑦	əˈbɒmɪnəbli	high	
abominate	𐑩𐑚𐑪𐑥𐑩𐑯𐑩𐑑	əˈbɒmənət	𐑩𐑚𐑪𐑥𐑦𐑯𐑱𐑑	əˈbɒmɪneɪt	high	
abominate	𐑩𐑚𐑪𐑥𐑩𐑯𐑱𐑑	əˈbɒməˌneɪt	𐑩𐑚𐑪𐑥𐑦𐑯𐑱𐑑	əˈbɒmɪneɪt	high	
aboriginal	𐑨𐑚𐑼𐑦𐑡𐑩𐑯𐑩𐑤	ˌæbəˈrɪdʒənəl	𐑨𐑚𐑼𐑦𐑡𐑦𐑯𐑩𐑤	ˌæbəˈrɪdʒɪnəl	high	
aborigine	𐑨𐑚𐑼𐑦𐑡𐑩𐑯𐑦	ˌæbəˈrɪdʒəni	𐑨𐑚𐑼𐑦𐑡𐑦𐑯𐑦	ˌæbəˈrɪdʒɪni	high	
about-face	𐑩𐑚𐑬𐑑𐑓𐑱𐑕	əˈbaʊtˌfeɪs	𐑩𐑚𐑬𐑑-𐑓𐑱𐑕	əˌbaʊt-ˈfeɪs	high	
above-mentioned	𐑩𐑚𐑳𐑝𐑥𐑧𐑯𐑖𐑩𐑯𐑛	əˈbʌvˌmenʃənd	𐑩𐑚𐑳𐑝-𐑥𐑧𐑯𐑖𐑩𐑯𐑛	ˌəbʌv-ˈmenʃənd	high	
above-named	𐑩𐑚𐑳𐑝𐑯𐑱𐑥𐑛	əˈbʌvˌneɪmd	𐑩𐑚𐑳𐑝-𐑯𐑱𐑥𐑛	ˌəbʌv-ˈneɪmd	high	
abraham	𐑱𐑚𐑮𐑩𐑣𐑩𐑥	eɪbrəhəm	𐑱𐑚𐑮𐑩𐑣𐑨𐑥	ˈeɪbrəhæm	high	
abrasive	𐑩𐑚𐑮𐑱𐑟𐑦𐑝	əˈbreɪzɪv	𐑩𐑚𐑮𐑱𐑕𐑦𐑝	əˈbreɪsɪv	high	
abrogate	𐑨𐑚𐑮𐑩𐑜𐑩𐑑	æbrəɡət	𐑨𐑚𐑮𐑩𐑜𐑱𐑑	ˈæbrəɡeɪt	high	
abrogate	𐑨𐑚𐑮𐑴𐑜𐑱𐑑	æbrəʊɡeɪt	𐑨𐑚𐑮𐑩𐑜𐑱𐑑	ˈæbrəɡeɪt	high	
abrupt	𐑨𐑚𐑮𐑳𐑐𐑑	æbˈrʌpt	𐑩𐑚𐑮𐑳𐑐𐑑	əˈbrʌpt	high	
abruptly	𐑩𐑚𐑮𐑳𐑐𐑤𐑦	əˈbrʌpli	𐑩𐑚𐑮𐑳𐑐𐑑𐑤𐑦	əˈbrʌptli	high	
abruptness	𐑩𐑚𐑮𐑳𐑐𐑯𐑩𐑕	əˈbrʌpnəs	𐑩𐑚𐑮𐑳𐑐𐑑𐑯𐑩𐑕	əˈbrʌptnəs	high	
abscess	𐑨𐑚𐑕𐑦𐑕	ˈæbsɪs	𐑨𐑚𐑕𐑧𐑕	ˈæbses	high	
absence	𐑨𐑚𐑕𐑩𐑩𐑯𐑑𐑕	ˈæbsəənts	𐑨𐑚𐑕𐑩𐑯𐑕	ˈæbsəns	high	
absence	𐑨𐑚𐑕𐑩𐑩𐑯𐑕	ˈæbsəəns	𐑨𐑚𐑕𐑩𐑯𐑕	ˈæbsəns	high	
absent	𐑨𐑚𐑕𐑧𐑯𐑑	æbˈsent	𐑨𐑚𐑕𐑩𐑯𐑑, 𐑩𐑚𐑕𐑧𐑯𐑑	ˈæbsənt	high	
absent-minded	𐑨𐑚𐑕𐑩𐑯𐑑𐑥𐑲𐑯𐑛𐑩𐑛	ˌæbsəntˈmaɪndƏd	𐑨𐑚𐑕𐑩𐑯𐑑-𐑥𐑲𐑯𐑛𐑩𐑛	ˌæbsənt-ˈmaɪndƏd	high	
absent-mindedly	𐑨𐑚𐑕𐑩𐑯𐑑𐑥𐑲𐑯𐑛𐑩𐑛𐑤𐑦	ˌæbsəntˈmaɪndƏdli	𐑨𐑚𐑕𐑩𐑯𐑑-𐑥𐑲𐑯𐑛𐑩𐑛𐑤𐑦	ˌæbsənt-ˈmaɪndƏdli	high	
absent-mindedness	𐑨𐑚𐑕𐑩𐑯𐑑𐑥𐑲𐑯𐑛𐑦𐑛𐑯𐑩𐑕	ˌæbsəntˈmaɪndɪdnəs	𐑨𐑚𐑕𐑩𐑯𐑑-𐑥𐑲𐑯𐑛𐑩𐑛𐑯𐑩𐑕	ˌæbsənt-ˈmaɪndƏdnəs	high	
absentee	𐑨𐑚𐑕𐑩𐑯𐑑𐑦	ˌæbsənˈti	𐑨𐑚𐑕𐑩𐑯𐑑𐑰	ˌæbsənˈtiː	high	
absenteeism	𐑨𐑚𐑕𐑩𐑯𐑑𐑦𐑦𐑟𐑩𐑥	ˌæbsənˈtiˌɪzəm	𐑨𐑚𐑕𐑩𐑯𐑑𐑰𐑦𐑟𐑩𐑥	ˌæbsənˈtiːɪzəm	high	
absolute	𐑨𐑐-	ˈæp-	𐑨𐑚𐑕𐑩𐑤𐑵𐑑	ˈæbsəluːt	high	
absolute	𐑨𐑚-	ˈab-	𐑨𐑚𐑕𐑩𐑤𐑵𐑑	ˈæbsəluːt	high	
absolute	𐑨𐑚𐑕𐑩𐑤𐑫𐑑	ˈæbsəˌlut	𐑨𐑚𐑕𐑩𐑤𐑵𐑑	ˈæbsəluːt	high	
absolute	𐑨𐑚𐑕𐑩𐑤𐑿𐑑	ˈæbsəljuːt	𐑨𐑚𐑕𐑩𐑤𐑵𐑑	ˈæbsəluːt	high	
absolutely	𐑨𐑚-	ab-	𐑨𐑚𐑕𐑩𐑤𐑵𐑑𐑤𐑦	ˈæbsəluːtli	high	
absolutely	𐑨𐑚𐑕𐑩𐑤𐑫𐑑𐑤𐑦	ˌæbsəˈlutli	𐑨𐑚𐑕𐑩𐑤𐑵𐑑𐑤𐑦	ˈæbsəluːtli	high	
absolutely	𐑨𐑚𐑕𐑩𐑤𐑿𐑑𐑤𐑦	ˈæbsəˌljuːtli	𐑨𐑚𐑕𐑩𐑤𐑵𐑑𐑤𐑦	ˈæbsəluːtli	high	
absolution	𐑨𐑚𐑕𐑩𐑤𐑘𐑫𐑖𐑩𐑯	ˌæbsəˈljuʃən	𐑨𐑚𐑕𐑩𐑤𐑵𐑖𐑩𐑯	ˌæbsəˈluːʃən	high	
absolution	𐑨𐑚𐑕𐑩𐑤𐑿𐑖𐑩𐑯	æbsəˈljuːʃən	𐑨𐑚𐑕𐑩𐑤𐑵𐑖𐑩𐑯	ˌæbsəˈluːʃən	high	
absolutism	𐑨𐑚𐑕𐑩𐑤𐑘𐑫𐑑𐑦𐑟𐑩𐑥	ˈæbsəˌljuˌtɪzəm	𐑨𐑚𐑕𐑩𐑤𐑵𐑑𐑦𐑟𐑩𐑥	ˌæbsəˈluːtɪzəm	high	
absolutism	𐑨𐑚𐑕𐑩𐑤𐑫𐑑𐑦𐑟𐑩𐑥	ˈæbsəˌluˌtɪzəm	𐑨𐑚𐑕𐑩𐑤𐑵𐑑𐑦𐑟𐑩𐑥	ˌæbsəˈluːtɪzəm	high	
absolutism	𐑨𐑚𐑕𐑩𐑤𐑿𐑑𐑦𐑟𐑩𐑥	ˈæbsəljuːtɪzəm	𐑨𐑚𐑕𐑩𐑤𐑵𐑑𐑦𐑟𐑩𐑥	ˌæbsəˈluːtɪzəm	high	
absolutist	𐑨𐑚𐑕𐑩𐑤𐑫𐑑𐑦𐑕𐑑	ˈæbsəˌlutɪst	𐑨𐑚𐑕𐑩𐑤𐑵𐑑𐑦𐑕𐑑	ˈæbsəluːtɪst	high	
absolutist	𐑨𐑚𐑕𐑩𐑤𐑿𐑑𐑦𐑕𐑑	ˈæbsəˌljuːtɪst	𐑨𐑚𐑕𐑩𐑤𐑵𐑑𐑦𐑕𐑑	ˈæbsəluːtɪst	high	
absolve	-𐑕𐑪𐑤𐑝	-ˈsɒlv	𐑩𐑚𐑟𐑪𐑤𐑝	əbˈzɒlv	high	
absolve	-𐑕𐑷𐑤𐑝	-ˈsɔːlv	𐑩𐑚𐑟𐑪𐑤𐑝	əbˈzɒlv	high	
absolve	-𐑟𐑷𐑤𐑝	-ˈzɔːlv	𐑩𐑚𐑟𐑪𐑤𐑝	əbˈzɒlv	high	
absolve	𐑨𐑚𐑟𐑪𐑤𐑝	æbˈzɒlv	𐑩𐑚𐑟𐑪𐑤𐑝	əbˈzɒlv	high	
absolve	𐑩𐑚-	əbˈ-	𐑩𐑚𐑟𐑪𐑤𐑝	əbˈzɒlv	high	
absorb	𐑨𐑚𐑕𐑹𐑚	æbˈsɔːRb	𐑩𐑚𐑕𐑹𐑚	əbˈsɔːRb	high	
absorb	𐑨𐑚𐑟𐑹𐑚	æbˈzɔːRb	𐑩𐑚𐑕𐑹𐑚	əbˈsɔːRb	high	
absorbed	𐑨𐑚𐑕𐑹𐑚𐑛	æbˈsɔːRbd	𐑩𐑚𐑕𐑹𐑚𐑛	əbˈsɔːRbd	high	
absorbed	𐑨𐑚𐑟𐑹𐑚𐑛	æbˈzɔːRbd	𐑩𐑚𐑕𐑹𐑚𐑛	əbˈsɔːRbd	high	
absorbed	𐑩𐑚𐑟𐑹𐑚𐑛	əbˈzɔːRbd	𐑩𐑚𐑕𐑹𐑚𐑛	əbˈsɔːRbd	high	
absorbent	𐑨𐑚𐑕𐑹𐑚𐑩𐑯𐑑	æbˈsɔːRbənt	𐑩𐑚𐑕𐑹𐑚𐑩𐑯𐑑	əbˈsɔːRbənt	high	
absorbent	𐑨𐑚𐑟𐑹𐑚𐑩𐑯𐑑	æbˈzɔːRbənt	𐑩𐑚𐑕𐑹𐑚𐑩𐑯𐑑	əbˈsɔːRbənt	high	
absorbent	𐑩𐑚𐑟𐑹𐑚𐑩𐑯𐑑	əbˈzɔːRbənt	𐑩𐑚𐑕𐑹𐑚𐑩𐑯𐑑	əbˈsɔːRbənt	high	
absorbing	𐑨𐑚𐑕𐑹𐑚𐑦𐑙	æbˈsɔːRbɪŋ	𐑩𐑚𐑕𐑹𐑚𐑦𐑙	əbˈsɔːRbɪŋ	high	
absorbing	𐑨𐑚𐑟𐑹𐑚𐑦𐑙	æbˈzɔːRbɪŋ	𐑩𐑚𐑕𐑹𐑚𐑦𐑙	əbˈsɔːRbɪŋ	high	
absorption	𐑨𐑚𐑕𐑹𐑐𐑖𐑩𐑯	æbˈsɔːRpʃən	𐑩𐑚𐑕𐑹𐑐𐑖𐑩𐑯	əbˈsɔːRpʃən	high	
absorption	𐑨𐑚𐑟𐑹𐑐𐑖𐑩𐑯	æbˈzɔːRpʃən	𐑩𐑚𐑕𐑹𐑐𐑖𐑩𐑯	əbˈsɔːRpʃən	high	
abstain	𐑨𐑚𐑕𐑑𐑱𐑯	æbˈsteɪn	𐑩𐑚𐑕𐑑𐑱𐑯	əbˈsteɪn	high	
abstainer	𐑨𐑚𐑕𐑑𐑱𐑯𐑼	æbˈsteɪnəR	𐑩𐑚𐑕𐑑𐑱𐑯𐑼	əbˈsteɪnəR	high	
abstemious	𐑨𐑚𐑕𐑑𐑦𐑥𐑦𐑩𐑕	æbˈstimiəs	𐑩𐑚𐑕𐑑𐑰𐑥𐑾𐑕	əbˈstiːmɪəs	high	
abstemious	𐑨𐑚𐑕𐑑𐑰𐑥𐑾𐑕	æbˈstiːmɪəs	𐑩𐑚𐑕𐑑𐑰𐑥𐑾𐑕	əbˈstiːmɪəs	high	
abstemious	𐑩𐑚-	əb-	𐑩𐑚𐑕𐑑𐑰𐑥𐑾𐑕	əbˈstiːmɪəs	high	
abstemiousness	𐑨𐑚𐑕𐑑𐑦𐑥𐑦𐑩𐑕𐑯𐑩𐑕	æbˈstimiəsnəs	𐑩𐑚𐑕𐑑𐑰𐑥𐑾𐑕𐑯𐑩𐑕	əbˈstiːmɪəsnəs	high	
abstemiousness	𐑩𐑚𐑕𐑑𐑦𐑥𐑦𐑩𐑕𐑯𐑩𐑕	əbˈstimiəsnəs	𐑩𐑚𐑕𐑑𐑰𐑥𐑾𐑕𐑯𐑩𐑕	əbˈstiːmɪəsnəs	high	
abstention	𐑨𐑚𐑕𐑑𐑧𐑯𐑖𐑩𐑯	æbˈstenʃən	𐑩𐑚𐑕𐑑𐑧𐑯𐑖𐑩𐑯	əbˈstenʃən	high	
abstention	𐑨𐑚𐑕𐑑𐑧𐑯𐑗𐑩𐑯	æbˈstentʃən	𐑩𐑚𐑕𐑑𐑧𐑯𐑖𐑩𐑯	əbˈstenʃən	high	
abstention	𐑩𐑚𐑕𐑑𐑧𐑯𐑗𐑩𐑯	əbˈstentʃən	𐑩𐑚𐑕𐑑𐑧𐑯𐑖𐑩𐑯	əbˈstenʃən	high	
abstracted	𐑨𐑚𐑕𐑑𐑮𐑨𐑒𐑑𐑩𐑛	æbˈstræktƏd	𐑩𐑚𐑕𐑑𐑮𐑨𐑒𐑑𐑩𐑛	əbˈstræktƏd	high	
abstractedly	𐑨𐑚𐑕𐑑𐑮𐑨𐑒𐑑𐑩𐑛𐑤𐑦	æbˈstræktƏdli	𐑩𐑚𐑕𐑑𐑮𐑨𐑒𐑑𐑩𐑛𐑤𐑦	əbˈstræktƏdli	high	
abstraction	𐑨𐑚𐑕𐑑𐑮𐑨𐑒𐑖𐑩𐑯	æbˈstrækʃən	𐑩𐑚𐑕𐑑𐑮𐑨𐑒𐑖𐑩𐑯	əbˈstrækʃən	high	
abstruse	𐑨𐑚-	æb-	𐑨𐑚𐑕𐑑𐑮𐑵𐑕	æbˈstruːs	medium	r_gap:spelling=1,ipa=0
abstruse	𐑩𐑚𐑕𐑑𐑮𐑫𐑕	əbˈstrus	𐑨𐑚𐑕𐑑𐑮𐑵𐑕	æbˈstruːs	high	
abstruse	𐑩𐑚𐑕𐑑𐑮𐑵𐑕	əbstruːs	𐑨𐑚𐑕𐑑𐑮𐑵𐑕	æbˈstruːs	high	
abstrusely	𐑨𐑚𐑕𐑑𐑮𐑫𐑕𐑤𐑦	æbˈstrusli	𐑨𐑚𐑕𐑑𐑮𐑵𐑕𐑤𐑦	æbˈstruːsli	high	
abstrusely	𐑩𐑚𐑕𐑑𐑮𐑫𐑕𐑤𐑦	əbˈstrusli	𐑨𐑚𐑕𐑑𐑮𐑵𐑕𐑤𐑦	æbˈstruːsli	high	
abstrusely	𐑩𐑚𐑕𐑑𐑮𐑵𐑕𐑤𐑦	əbstruːsli	𐑨𐑚𐑕𐑑𐑮𐑵𐑕𐑤𐑦	æbˈstruːsli	high	
abstruseness	𐑨𐑚𐑕𐑑𐑮𐑫𐑕𐑯𐑩𐑕	æbˈstrusnəs	𐑨𐑚𐑕𐑑𐑮𐑵𐑕𐑯𐑩𐑕	æbˈstruːsnəs	high	
abstruseness	𐑩𐑚𐑕𐑑𐑮𐑫𐑕𐑯𐑩𐑕	əbˈstrusnəs	𐑨𐑚𐑕𐑑𐑮𐑵𐑕𐑯𐑩𐑕	æbˈstruːsnəs	high	
abstruseness	𐑩𐑚𐑕𐑑𐑮𐑵𐑕𐑯𐑩𐑕	əbstruːsnəs	𐑨𐑚𐑕𐑑𐑮𐑵𐑕𐑯𐑩𐑕	æbˈstruːsnəs	high	
absurd	𐑨𐑚𐑕𐑼𐑛	æbˈsəRd	𐑩𐑚𐑕𐑻𐑛	əbˈsɜːRd	high	
absurd	𐑨𐑚𐑟𐑼𐑛	æbˈzəRd	𐑩𐑚𐑕𐑻𐑛	əbˈsɜːRd	high	
absurd	𐑩𐑚𐑕𐑼𐑛	əbˈsəRd	𐑩𐑚𐑕𐑻𐑛	əbˈsɜːRd	high	
absurd	𐑩𐑚𐑟𐑻𐑛	əbzɜːRd	𐑩𐑚𐑕𐑻𐑛	əbˈsɜːRd	high	
absurd	𐑩𐑚𐑟𐑼𐑛	əbˈzəRd	𐑩𐑚𐑕𐑻𐑛	əbˈsɜːRd	high	
absurdity	𐑨𐑚𐑕𐑻𐑛𐑦𐑑𐑦	æbˈsɜːRdɪti	𐑩𐑚𐑕𐑻𐑛𐑦𐑑𐑦	əbˈsɜːRdɪti	high	
absurdity	𐑨𐑚𐑟𐑻𐑛𐑦𐑑𐑦	æbˈzɜːRdɪti	𐑩𐑚𐑕𐑻𐑛𐑦𐑑𐑦	əbˈsɜːRdɪti	high	
absurdity	𐑩𐑚𐑟𐑻𐑛𐑦𐑑𐑦	əbˈzɜːRdɪti	𐑩𐑚𐑕𐑻𐑛𐑦𐑑𐑦	əbˈsɜːRdɪti	high	
absurdly	𐑨𐑚𐑕𐑻𐑛𐑤𐑦	æbˈsɜːRdli	𐑩𐑚𐑕𐑻𐑛𐑤𐑦	əbˈsɜːRdli	high	
absurdly	𐑨𐑚𐑟𐑻𐑛𐑤𐑦	æbˈzɜːRdli	𐑩𐑚𐑕𐑻𐑛𐑤𐑦	əbˈsɜːRdli	high	
absurdly	𐑩𐑚𐑟𐑻𐑛𐑤𐑦	əbˈzɜːRdli	𐑩𐑚𐑕𐑻𐑛𐑤𐑦	əbˈsɜːRdli	high	
abundance	𐑩𐑚𐑩𐑯𐑛𐑩𐑯𐑕	əˈbəndəns	𐑩𐑚𐑳𐑯𐑛𐑩𐑯𐑕	əˈbʌndəns	high	
abundance	𐑩𐑚𐑳𐑯𐑛𐑩𐑯𐑑𐑕	əˈbʌndənts	𐑩𐑚𐑳𐑯𐑛𐑩𐑯𐑕	əˈbʌndəns	high	
abundantly	𐑩𐑚𐑩𐑯𐑛𐑩𐑯𐑑𐑤𐑦	əˈbəndəntli	𐑩𐑚𐑳𐑯𐑛𐑩𐑯𐑑𐑤𐑦	əˈbʌndəntli	high	
abuse	𐑩𐑚𐑘𐑫𐑕	əˈbjus	𐑩𐑚𐑿𐑕, 𐑩𐑚𐑿𐑟	əˈbjuːs	high	
abuse	𐑩𐑚𐑘𐑫𐑟	əˈbjuz	𐑩𐑚𐑿𐑕, 𐑩𐑚𐑿𐑟	əˈbjuːs	high	
abuser	𐑩𐑚𐑘𐑫𐑟𐑼	əˈbjuzəR	𐑩𐑚𐑿𐑟𐑼	əˈbjuːzəR	high	
abusive	𐑩𐑚𐑘𐑫𐑕𐑦𐑝	əˈbjusɪv	𐑩𐑚𐑿𐑕𐑦𐑝	əˈbjuːsɪv	high	
abusive	𐑩𐑚𐑘𐑫𐑟𐑦𐑝	əˈbjuzɪv	𐑩𐑚𐑿𐑕𐑦𐑝	əˈbjuːsɪv	high	
abusively	𐑩𐑚𐑘𐑫𐑕𐑦𐑝𐑤𐑦	əˈbjusɪvli	𐑩𐑚𐑿𐑕𐑦𐑝𐑤𐑦	əˈbjuːsɪvli	high	
abyss	𐑨𐑚𐑦𐑕	æˈbɪs	𐑩𐑚𐑦𐑕	əˈbɪs	high	
abyssinian	𐑨𐑚𐑦𐑕𐑦𐑯𐑦𐑩𐑯	ˌæbɪˈsɪniən	𐑨𐑚𐑦𐑕𐑦𐑯𐑾𐑯	ˌæbɪˈsɪniən	high	
abyssinian	𐑨𐑚𐑩𐑕𐑦𐑯𐑘𐑩𐑯	ˌæbəˈsɪnjən	𐑨𐑚𐑦𐑕𐑦𐑯𐑾𐑯	ˌæbɪˈsɪniən	high	
abyssinian	𐑨𐑚𐑩𐑕𐑦𐑯𐑦𐑩𐑯	ˌæbəˈsɪniən	𐑨𐑚𐑦𐑕𐑦𐑯𐑾𐑯	ˌæbɪˈsɪniən	high	
acacia	𐑩𐑒𐑱𐑕𐑘𐑩	əˈkeɪsjə	𐑩𐑒𐑱𐑖𐑩	əˈkeɪʃə	high	
academia	-𐑛𐑧𐑥𐑘𐑩	-ˈdemjə	𐑨𐑒𐑩𐑛𐑰𐑥𐑾	ˌækəˈdiːmiə	high	
academia	𐑨𐑒𐑩𐑛𐑦𐑥𐑘𐑩	ˌækəˈdimjə	𐑨𐑒𐑩𐑛𐑰𐑥𐑾	ˌækəˈdiːmiə	high	
academia	𐑨𐑒𐑩𐑛𐑦𐑥𐑦𐑩	ˌækəˈdimiə	𐑨𐑒𐑩𐑛𐑰𐑥𐑾	ˌækəˈdiːmiə	high	
academia	𐑨𐑒𐑩𐑛𐑧𐑥𐑦𐑩	ˌækəˈdemiə	𐑨𐑒𐑩𐑛𐑰𐑥𐑾	ˌækəˈdiːmiə	high	
academically	𐑨𐑒𐑩𐑛𐑧𐑥𐑦𐑒𐑩𐑤𐑦	ˌækəˈdemɪkəli	𐑨𐑒𐑩𐑛𐑧𐑥𐑦𐑒𐑤𐑦	ˌækəˈdemɪkli	high	
academician	𐑨𐑒𐑩𐑛𐑩𐑥𐑦𐑖𐑩𐑯	ˌakədəˈmɪʃən	𐑩𐑒𐑨𐑛𐑩𐑥𐑦𐑖𐑩𐑯	əˌkædəˈmɪʃən	high	
accelerando	𐑪𐑒𐑖𐑧𐑤𐑼𐑪𐑯𐑛𐑴	ɒˌkʃeləˈrɒndoʊ	𐑨𐑒𐑕𐑧𐑤𐑼𐑨𐑯𐑛𐑴	ækˌseləˈrændəʊ	high	
accelerate	𐑦𐑒𐑕𐑧𐑤𐑼𐑱𐑑	ɪkseləreɪt	𐑩𐑒𐑕𐑧𐑤𐑼𐑱𐑑	əkˈseləreɪt	high	
accelerate	𐑨𐑒𐑕𐑧𐑤𐑼𐑱𐑑	ækseləreɪt	𐑩𐑒𐑕𐑧𐑤𐑼𐑱𐑑	əkˈseləreɪt	high	
accelerator	𐑦𐑒𐑕𐑧𐑤𐑼𐑱𐑑𐑼	ɪkˈseləˌreɪtəR	𐑩𐑒𐑕𐑧𐑤𐑼𐑱𐑑𐑼	əkˈseləreɪtəR	high	
accelerator	𐑨𐑒𐑕𐑧𐑤𐑼𐑱𐑑𐑼	ækˈseləˌreɪtəR	𐑩𐑒𐑕𐑧𐑤𐑼𐑱𐑑𐑼	əkˈseləreɪtəR	high	
accent	-𐑕𐑧𐑯𐑑	-sent	𐑨𐑒𐑕𐑩𐑯𐑑, 𐑩𐑒𐑕𐑧𐑯𐑑	ˈæksənt	high	
accent	𐑨𐑒𐑕𐑧𐑯𐑑	ˈæksent	𐑨𐑒𐑕𐑩𐑯𐑑, 𐑩𐑒𐑕𐑧𐑯𐑑	ˈæksənt	high	
accentuation	𐑦𐑒𐑕𐑧𐑯𐑗𐑩𐑢𐑱𐑖𐑩𐑯	ˌɪkˌsentʃəˈweɪʃən	𐑩𐑒𐑕𐑧𐑯𐑗𐑫𐑱𐑖𐑩𐑯	əkˌsentʃuˈeɪʃən	high	
accentuation	𐑨𐑒𐑕𐑧𐑯𐑗𐑩𐑢𐑱𐑖𐑩𐑯	ˌækˌsentʃəˈweɪʃən	𐑩𐑒𐑕𐑧𐑯𐑗𐑫𐑱𐑖𐑩𐑯	əkˌsentʃuˈeɪʃən	high	
accept	𐑦𐑒𐑕𐑧𐑐𐑑	ɪkˈsept	𐑩𐑒𐑕𐑧𐑐𐑑	əkˈsept	high	
accept	𐑨𐑒𐑕𐑧𐑐𐑑	ækˈsept	𐑩𐑒𐑕𐑧𐑐𐑑	əkˈsept	high	
acceptability	𐑨𐑒𐑕𐑧𐑐𐑑𐑩𐑚𐑦𐑤𐑩𐑑𐑦	ˌækˌseptəˈbɪləti	𐑩𐑒𐑕𐑧𐑐𐑑𐑩𐑚𐑦𐑤𐑦𐑑𐑦	əkˌseptəˈbɪlɪti	high	
acceptably	𐑨𐑒𐑕𐑧𐑐𐑑𐑩𐑚𐑤𐑦	ækˈseptəbli	𐑩𐑒𐑕𐑧𐑐𐑑𐑩𐑚𐑤𐑦	əkˈseptəbli	high	
accepted	𐑦𐑒𐑕𐑧𐑐𐑑𐑩𐑛	ɪkˈseptƏd	𐑩𐑒𐑕𐑧𐑐𐑑𐑩𐑛	əkˈseptƏd	high	
accepted	𐑨𐑒𐑕𐑧𐑐𐑑𐑩𐑛	ækˈseptƏd	𐑩𐑒𐑕𐑧𐑐𐑑𐑩𐑛	əkˈseptƏd	high	
access	𐑩𐑒𐑕𐑧𐑕	əkˈses	𐑨𐑒𐑕𐑧𐑕	ˈækses	high	
accessed	𐑩𐑒𐑕𐑧𐑕𐑑	əkˈsest	𐑨𐑒𐑕𐑧𐑕𐑑	ˈæksest	high	
accesses	𐑩𐑒𐑕𐑧𐑕𐑩𐑟	əkˈsesƏz	𐑨𐑒𐑕𐑧𐑕𐑩𐑟	ˈæksesƏz	high	
accessibility	𐑩𐑒𐑕𐑧𐑕𐑩𐑚𐑦𐑤𐑩𐑑𐑦	əkˌsesəˈbɪləti	𐑩𐑒𐑕𐑧𐑕𐑩𐑚𐑦𐑤𐑦𐑑𐑦	əkˌsesəˈbɪlɪti	high	
accessing	𐑩𐑒𐑕𐑧𐑕𐑦𐑙	əkˈsesɪŋ	𐑨𐑒𐑕𐑧𐑕𐑦𐑙	ˈæksesɪŋ	high	
accident	-𐑛𐑧𐑯𐑑	-dent	𐑨𐑒𐑕𐑦𐑛𐑩𐑯𐑑	ˈæksɪdənt	high	
accident	𐑨𐑒𐑕𐑩𐑛𐑩𐑯𐑑	ˈæksədənt	𐑨𐑒𐑕𐑦𐑛𐑩𐑯𐑑	ˈæksɪdənt	high	
acclimation	𐑨𐑒𐑤𐑩𐑥𐑱𐑖𐑩𐑯	ækləˈmeɪʃən	𐑨𐑒𐑤𐑦𐑥𐑱𐑖𐑩𐑯	ˌæklɪˈmeɪʃən	high	
acclimatization	𐑩𐑒𐑤𐑲𐑥𐑩𐑑𐑩𐑟𐑱𐑖𐑩𐑯	əˌklaɪmətəˈzeɪʃən	𐑩𐑒𐑤𐑲𐑥𐑩𐑑𐑲𐑟𐑱𐑖𐑩𐑯	əˌklaɪmətaɪˈzeɪʃən	high	
accomplice	𐑩𐑒𐑪𐑥𐑐𐑤𐑦𐑕	əˈkɒmplɪs	𐑩𐑒𐑳𐑥𐑐𐑤𐑦𐑕	əˈkʌmplɪs	medium	ml_disagrees:𐑩𐑒𐑪𐑥𐑐𐑤𐑩𐑕; shave_says:𐑩𐑒𐑳𐑥𐑐𐑤𐑦𐑕
accomplice	𐑩𐑒𐑪𐑥𐑐𐑤𐑩𐑕	əˈkɒmpləs	𐑩𐑒𐑳𐑥𐑐𐑤𐑦𐑕	əˈkʌmplɪs	high	
accomplish	𐑩𐑒𐑪𐑥𐑐𐑤𐑦𐑖	əˈkɒmplɪʃ	𐑩𐑒𐑳𐑥𐑐𐑤𐑦𐑖	əˈkʌmplɪʃ	high	
accomplished	𐑩𐑒𐑪𐑥𐑐𐑤𐑦𐑖𐑑	əˈkɒmplɪʃt	𐑩𐑒𐑳𐑥𐑐𐑤𐑦𐑖𐑑	əˈkʌmplɪʃt	high	
accomplishment	𐑩𐑒𐑪𐑥𐑐𐑤𐑦𐑖𐑥𐑩𐑯𐑑	əˈkɒmplɪʃmənt	𐑩𐑒𐑳𐑥𐑐𐑤𐑦𐑖𐑥𐑩𐑯𐑑	əˈkʌmplɪʃmənt	high	
accomplishments	𐑩𐑒𐑪𐑥𐑐𐑤𐑦𐑖𐑥𐑩𐑯𐑑𐑕	əˈkɒmplɪʃmənts	𐑩𐑒𐑳𐑥𐑐𐑤𐑦𐑖𐑥𐑩𐑯𐑑𐑕	əˈkʌmplɪʃmənts	high	
accordance	𐑩𐑒𐑪𐑮𐑛𐑩𐑯𐑕	əˈkordəns	𐑩𐑒𐑹𐑛𐑩𐑯𐑕	əˈkɔːRdəns	high	
accordion	𐑩𐑒𐑷𐑮𐑛𐑦𐑩𐑯	əkɔrdiən	𐑩𐑒𐑹𐑛𐑾𐑯	əˈkɔːRdɪən	high	
accordion	𐑩𐑒𐑹𐑛𐑦𐑩𐑯	əˈkɔːRdiən	𐑩𐑒𐑹𐑛𐑾𐑯	əˈkɔːRdɪən	high	
accost	𐑩𐑒𐑷𐑕𐑑	əˈkɔːst	𐑩𐑒𐑪𐑕𐑑	əˈkɒst	high	
accountability	𐑩𐑒𐑬𐑯𐑑𐑩𐑚𐑦𐑤𐑩𐑑𐑦	əˌkaʊntəˈbɪləti	𐑩𐑒𐑬𐑯𐑑𐑩𐑚𐑦𐑤𐑦𐑑𐑦	əˌkaʊntəˈbɪlɪti	high	
accoutrement	𐑩𐑒𐑫𐑑𐑼𐑥𐑩𐑯𐑑	əˈkutəRmənt	𐑩𐑒𐑵𐑑𐑮𐑩𐑥𐑩𐑯𐑑	əˈkuːtrəmənt	high	
accoutrement	𐑩𐑒𐑫𐑗𐑮𐑩𐑥𐑩𐑯𐑑	əˈkutʃrəmənt	𐑩𐑒𐑵𐑑𐑮𐑩𐑥𐑩𐑯𐑑	əˈkuːtrəmənt	high	
accra	𐑨𐑒𐑮𐑩	ˈækrə	𐑩𐑒𐑮𐑭	əˈkrɑː	high	
accra	𐑩𐑒𐑮𐑪	əˈkrɒ	𐑩𐑒𐑮𐑭	əˈkrɑː	high	
accreditation	𐑩𐑒𐑮𐑧𐑑𐑦𐑑𐑱𐑖𐑩𐑯	əˌkretɪˈteɪʃən	𐑩𐑒𐑮𐑧𐑛𐑦𐑑𐑱𐑖𐑩𐑯	əˌkredɪˈteɪʃən	high	
accreditation	𐑩𐑒𐑮𐑧𐑑𐑩𐑑𐑱𐑖𐑩𐑯	əˌkretəˈteɪʃən	𐑩𐑒𐑮𐑧𐑛𐑦𐑑𐑱𐑖𐑩𐑯	əˌkredɪˈteɪʃən	high	
accreditation	𐑩𐑒𐑮𐑧𐑛𐑩𐑑𐑱𐑖𐑩𐑯	əˌkredəˈteɪʃən	𐑩𐑒𐑮𐑧𐑛𐑦𐑑𐑱𐑖𐑩𐑯	əˌkredɪˈteɪʃən	high	
accretion	𐑩𐑒𐑮𐑦𐑖𐑩𐑯	əˈkriʃən	𐑩𐑒𐑮𐑰𐑖𐑩𐑯	əˈkriːʃən	high	
accrue	𐑩𐑒𐑮𐑫	əˈkru	𐑩𐑒𐑮𐑵	əˈkruː	high	
accumulate	𐑩𐑒𐑘𐑫𐑥𐑘𐑩𐑤𐑱𐑑	əˈkjumjəˌleɪt	𐑩𐑒𐑿𐑥𐑘𐑩𐑤𐑱𐑑	əˈkjuːmjəleɪt	high	
accumulated	𐑩𐑒𐑘𐑫𐑥𐑘𐑩𐑤𐑱𐑑𐑩𐑛	əˈkjumjəleɪtƏd	𐑩𐑒𐑿𐑥𐑘𐑩𐑤𐑱𐑑𐑩𐑛	əˈkjuːmjəleɪtƏd	high	
accumulative	𐑩𐑒𐑘𐑫𐑥𐑘𐑩𐑤𐑩𐑑𐑦𐑝	əˈkjumjəˌlətɪv	𐑩𐑒𐑿𐑥𐑘𐑩𐑤𐑩𐑑𐑦𐑝	əˈkjuːmjələtɪv	high	
accumulative	𐑩𐑒𐑘𐑫𐑥𐑘𐑩𐑤𐑱𐑑𐑦𐑝	əˈkjumjəˌleɪtɪv	𐑩𐑒𐑿𐑥𐑘𐑩𐑤𐑩𐑑𐑦𐑝	əˈkjuːmjələtɪv	high	
accumulator	𐑩𐑒𐑘𐑫𐑥𐑘𐑩𐑤𐑱𐑑𐑼	əˈkjumjəˌleɪtəR	𐑩𐑒𐑿𐑥𐑘𐑩𐑤𐑱𐑑𐑼	əˈkjuːmjəleɪtəR	high	
accurate	-𐑩𐑑	-ət	𐑨𐑒𐑘𐑼𐑩𐑑	ˈækjərət	medium	r_gap:spelling=1,ipa=0; shave_says:𐑨𐑒𐑘𐑼𐑩𐑑
accurate	𐑨𐑒𐑘𐑼𐑦𐑑	ˈækjərɪt	𐑨𐑒𐑘𐑼𐑩𐑑	ˈækjərət	high	
accurate	𐑨𐑒𐑮𐑦𐑑	ˈækrɪt	𐑨𐑒𐑘𐑼𐑩𐑑	ˈækjərət	high	
accurate	𐑨𐑒𐑼𐑦𐑑	ˈækərɪt	𐑨𐑒𐑘𐑼𐑩𐑑	ˈækjərət	high	
accurately	𐑨𐑒𐑘𐑼𐑦𐑑𐑤𐑦	akjərɪtli	𐑨𐑒𐑘𐑼𐑩𐑑𐑤𐑦	ˈækjərətli	high	
accurst	𐑨𐑒𐑻𐑕𐑑	ækɜːRst	𐑩𐑒𐑻𐑕𐑑	əˈkɜːRst	high	
accusative	𐑩𐑒𐑘𐑫𐑟𐑩𐑑𐑦𐑝	əˈkjuzətɪv	𐑩𐑒𐑿𐑟𐑩𐑑𐑦𐑝	əˈkjuːzətɪv	high	
accuse	𐑩𐑒𐑘𐑫𐑟	əˈkjuz	𐑩𐑒𐑿𐑟	əˈkjuːz	high	
accused	𐑩𐑒𐑘𐑫𐑟𐑛	əˈkjuzd	𐑩𐑒𐑿𐑟𐑛	əˈkjuːzd	high	
accuser	𐑩𐑒𐑘𐑫𐑟𐑼	əˈkjuzəR	𐑩𐑒𐑿𐑟𐑼	əˈkjuːzəR	high	
accusingly	𐑩𐑒𐑘𐑫𐑟𐑦𐑙𐑤𐑦	əˈkjuzɪŋli	𐑩𐑒𐑿𐑟𐑦𐑙𐑤𐑦	əˈkjuːzɪŋli	high	
achievable	𐑩𐑗𐑦𐑝𐑩𐑚𐑩𐑤	əˈtʃivəbəl	𐑩𐑗𐑰𐑝𐑩𐑚𐑩𐑤	əˈtʃiːvəbəl	high	
acknowledge	𐑦𐑒𐑯𐑪𐑤𐑦𐑡	ɪkˈnɒlɪdʒ	𐑩𐑒𐑯𐑪𐑤𐑦𐑡	əkˈnɒlɪdʒ	high	
acknowledge	𐑦𐑜𐑯𐑪𐑤𐑦𐑡	ɪɡˈnɒlɪdʒ	𐑩𐑒𐑯𐑪𐑤𐑦𐑡	əkˈnɒlɪdʒ	high	
acknowledge	𐑦𐑜𐑯𐑪𐑤𐑩𐑡	ɪɡˈnɒlədʒ	𐑩𐑒𐑯𐑪𐑤𐑦𐑡	əkˈnɒlɪdʒ	high	
acknowledge	𐑩𐑒𐑯𐑪𐑤𐑩𐑡	əkˈnɒlədʒ	𐑩𐑒𐑯𐑪𐑤𐑦𐑡	əkˈnɒlɪdʒ	high	
acknowledge	𐑩𐑜𐑯𐑪𐑤𐑦𐑡	əɡˈnɒlɪdʒ	𐑩𐑒𐑯𐑪𐑤𐑦𐑡	əkˈnɒlɪdʒ	high	
acknowledge	𐑩𐑜𐑯𐑪𐑤𐑩𐑡	əɡˈnɒlədʒ	𐑩𐑒𐑯𐑪𐑤𐑦𐑡	əkˈnɒlɪdʒ	high	
acknowledgment	𐑩𐑜𐑯𐑪𐑤𐑦𐑡𐑥𐑩𐑯𐑑	əɡˈnɒlɪdʒmənt	𐑩𐑒𐑯𐑪𐑤𐑦𐑡𐑥𐑩𐑯𐑑	əkˈnɒlɪdʒmənt	high	
acolyte	𐑨𐑒𐑩𐑤𐑳𐑦𐑑	ˈækəlʌɪt	𐑨𐑒𐑩𐑤𐑲𐑑	ˈækəlaɪt	high	
acorn	𐑱𐑒𐑼𐑯	ˈeɪkəRn	𐑱𐑒𐑹𐑯	ˈeɪkɔːRn	high	
acquaintance	𐑳𐑒𐑢𐑱𐑯𐑑𐑩𐑯𐑕	ʌˈkweɪntəns	𐑩𐑒𐑢𐑱𐑯𐑑𐑩𐑯𐑕	əˈkweɪntəns	high	
acquiescence	𐑨𐑒𐑢𐑰𐑧𐑕𐑩𐑯𐑕	ˌækwiːˈesəns	𐑨𐑒𐑢𐑦𐑧𐑕𐑩𐑯𐑕	ˌækwɪˈesəns	high	
acquired	𐑩𐑒𐑢𐑲𐑮𐑛	əˈkwaɪrd	𐑩𐑒𐑢𐑲𐑼𐑛	əˈkwaɪəRd	high	
acquisition	𐑨𐑒𐑢𐑩𐑟𐑦𐑖𐑩𐑯	ˌækwəˈzɪʃən	𐑨𐑒𐑢𐑦𐑟𐑦𐑖𐑩𐑯	ˌækwɪˈzɪʃən	high	
acquittal	𐑩𐑒𐑢𐑦𐑛𐑩𐑤	əˈkwɪdəl	𐑩𐑒𐑢𐑦𐑑𐑩𐑤	əˈkwɪtəl	high	
acres	𐑱𐑒𐑩𐑟	eɪkəz	𐑱𐑒𐑼𐑟	ˈeɪkəRz	medium	r_gap:spelling=1,ipa=0; shave_says:𐑱𐑒𐑼𐑟
acrimonious	-𐑮𐑩-	-rə-	𐑨𐑒𐑮𐑦𐑥𐑴𐑯𐑾𐑕	ˌækrɪˈməʊnɪəs	high	
acrimonious	𐑨𐑒𐑮𐑦𐑥𐑴𐑯𐑦𐑩𐑕	ˌækrɪˈmoʊniəs	𐑨𐑒𐑮𐑦𐑥𐑴𐑯𐑾𐑕	ˌækrɪˈməʊnɪəs	high	
acrimony	𐑨𐑒𐑮𐑦𐑥𐑴𐑯𐑦	ˈækrɪmoʊni	𐑨𐑒𐑮𐑦𐑥𐑩𐑯𐑦	ˈækrɪməni	high	
acrostic	𐑩𐑒𐑮𐑷𐑕𐑑𐑦𐑒	əˈkrɔːstɪk	𐑩𐑒𐑮𐑪𐑕𐑑𐑦𐑒	əˈkrɒstɪk	high	
activation	𐑨𐑒𐑑𐑩𐑝𐑱𐑖𐑩𐑯	ˌæktəˈveɪʃən	𐑨𐑒𐑑𐑦𐑝𐑱𐑖𐑩𐑯	ˌæktɪˈveɪʃən	high	
activities	𐑨𐑒𐑑𐑦𐑝𐑩𐑑𐑦𐑟	ækˈtɪvətiz	𐑨𐑒𐑑𐑦𐑝𐑦𐑑𐑦𐑟	ækˈtɪvɪtiz	high	
acts	𐑨𐑒𐑕	æks	𐑨𐑒𐑑𐑕	ækts	high	
actually	𐑨𐑒𐑖𐑩𐑤𐑦	ˈækʃəli	𐑨𐑒𐑗𐑫𐑩𐑤𐑦	ˈæktʃuəli	high	
actually	𐑨𐑒𐑖𐑫𐑩𐑤𐑦	ˈækʃuəli	𐑨𐑒𐑗𐑫𐑩𐑤𐑦	ˈæktʃuəli	high	
actually	𐑨𐑒𐑖𐑫𐑼𐑤𐑦	ˈækʃʊəli	𐑨𐑒𐑗𐑫𐑩𐑤𐑦	ˈæktʃuəli	medium	ml_disagrees:𐑨𐑒𐑖𐑫𐑩𐑤𐑦; shave_says:𐑨𐑒𐑑𐑵𐑤𐑦
actually	𐑨𐑒𐑗𐑩𐑤𐑦	ˈæktʃəli	𐑨𐑒𐑗𐑫𐑩𐑤𐑦	ˈæktʃuəli	high	
actually	𐑨𐑒𐑗𐑫𐑼𐑤𐑦	ˈæktʃʊəli	𐑨𐑒𐑗𐑫𐑩𐑤𐑦	ˈæktʃuəli	medium	ml_disagrees:𐑨𐑒𐑗𐑫𐑩𐑤𐑦; shave_says:𐑨𐑒𐑑𐑵𐑤𐑦
actually	𐑨𐑗𐑤𐑦	ˈatʃli	𐑨𐑒𐑗𐑫𐑩𐑤𐑦	ˈæktʃuəli	high	
actually	𐑨𐑗𐑩𐑤𐑦	ˈætʃəli	𐑨𐑒𐑗𐑫𐑩𐑤𐑦	ˈæktʃuəli	high	
actually	𐑨𐑗𐑫𐑤𐑦	ˈætʃuli	𐑨𐑒𐑗𐑫𐑩𐑤𐑦	ˈæktʃuəli	high	
actuarial	𐑨𐑒𐑑𐑘𐑫𐑺𐑦𐑩𐑤	æktjueəriəl	𐑨𐑒𐑗𐑫𐑺𐑾𐑤	ˌæktʃuˈeərɪəl	high	
actuary	𐑨𐑒𐑑𐑘𐑩𐑼𐑦	æktjəəri	𐑨𐑒𐑗𐑫𐑼𐑦	ˈæktʃuəri	high	
actuary	𐑨𐑒𐑗𐑫𐑧𐑮𐑦	ˈæktʃuˌeri	𐑨𐑒𐑗𐑫𐑼𐑦	ˈæktʃuəri	high	
actuary	𐑨𐑒𐑗𐑼𐑦	æktʃəri	𐑨𐑒𐑗𐑫𐑼𐑦	ˈæktʃuəri	high	
actuate	𐑨𐑒𐑑𐑘𐑫𐑱𐑑	ˈæktjueɪt	𐑨𐑒𐑗𐑫𐑱𐑑	ˈæktʃueɪt	high	
acumen	𐑨𐑒𐑘𐑩𐑥𐑧𐑯	ˈækjəˌmen	𐑨𐑒𐑘𐑩𐑥𐑩𐑯	ˈækjəmən	high	
acumen	𐑨𐑒𐑘𐑫𐑥𐑩𐑯	æˈkjumən	𐑨𐑒𐑘𐑩𐑥𐑩𐑯	ˈækjəmən	high	
acumen	𐑩𐑒𐑘𐑫𐑥𐑩𐑯	əˈkjumən	𐑨𐑒𐑘𐑩𐑥𐑩𐑯	ˈækjəmən	high	
acumen	𐑩𐑒𐑿𐑥𐑩𐑯	əˈkjuːmən	𐑨𐑒𐑘𐑩𐑥𐑩𐑯	ˈækjəmən	high	
acupuncture	𐑨𐑒𐑘𐑩-	ˈækjə-	𐑨𐑒𐑘𐑩𐑐𐑳𐑙𐑒𐑗𐑼	ˈækjəpʌŋktʃəR	medium	r_gap:spelling=1,ipa=0
acupuncture	𐑨𐑒𐑘𐑫𐑐𐑳𐑙𐑒𐑗𐑻	ˈækjuˌpʌŋktʃɜːR	𐑨𐑒𐑘𐑩𐑐𐑳𐑙𐑒𐑗𐑼	ˈækjəpʌŋktʃəR	high	
acute	𐑩𐑒𐑘𐑫𐑑	əˈkjut	𐑩𐑒𐑿𐑑	əˈkjuːt	high	
ad	𐑱𐑛𐑦	ˌeɪˈdi	𐑨𐑛, 𐑱𐑛𐑰	æd	high	
ad hoc	𐑨𐑛 𐑣𐑷𐑒	ˌæd ˈhɔːk	𐑨𐑛 𐑣𐑪𐑒	ˌæd ˈhɒk	high	
ad infinitum	𐑨𐑛 𐑦𐑯𐑓𐑩𐑯𐑲𐑑𐑩𐑥	ad ˌɪnfəˈnaɪtəm	𐑨𐑛 𐑦𐑯𐑓𐑦𐑯𐑲𐑑𐑩𐑥	ˌæd ˌɪnfɪˈnaɪtəm	high	
ad nauseam	𐑨𐑛 𐑯𐑷𐑟𐑦𐑩𐑥	ˌæd ˈnɔːziəm	𐑨𐑛 𐑯𐑷𐑟𐑦𐑨𐑥	ˌæd ˈnɔːzɪæm	high	
adage	𐑺𐑛𐑦𐑡	ˈeədɪdʒ	𐑨𐑛𐑦𐑡	ˈædɪdʒ	high	
adam	𐑨𐑑𐑩𐑥	ˈætəm	𐑨𐑛𐑩𐑥	ˈædəm	high	
adamantine	-𐑑𐑦𐑯	-ˌtin	𐑨𐑛𐑩𐑥𐑨𐑯𐑑𐑲𐑯	ˌædəˈmæntaɪn	high	
adaptability	𐑩𐑛𐑨𐑐𐑑𐑩𐑚𐑦𐑤𐑩𐑑𐑦	əˌdæptəˈbɪləti	𐑩𐑛𐑨𐑐𐑑𐑩𐑚𐑦𐑤𐑦𐑑𐑦	əˌdæptəˈbɪlɪti	high	
adaptation	𐑨𐑛𐑩𐑐𐑑𐑱𐑖𐑩𐑯	ˌædəpˈteɪʃən	𐑨𐑛𐑨𐑐𐑑𐑱𐑖𐑩𐑯	ˌædæpˈteɪʃən	high	
added	𐑨𐑑𐑩𐑛	ˈætəd	𐑨𐑛𐑩𐑛	ˈædƏd	high	
addison	𐑨𐑑𐑦𐑕𐑩𐑯	ˈætɪsən	𐑨𐑛𐑦𐑕𐑩𐑯	ˈædɪsən	high	
additive	𐑨𐑑𐑦𐑑𐑦𐑝	ˈætɪtɪv	𐑨𐑛𐑦𐑑𐑦𐑝	ˈædɪtɪv	high	
additive	𐑨𐑑𐑩𐑑𐑦𐑝	ˈætətɪv	𐑨𐑛𐑦𐑑𐑦𐑝	ˈædɪtɪv	high	
additive	𐑨𐑛𐑩𐑑𐑦𐑝	ˈædətɪv	𐑨𐑛𐑦𐑑𐑦𐑝	ˈædɪtɪv	high	
addling	𐑨𐑛𐑩𐑤𐑦𐑙	ˈædəlɪŋ	𐑨𐑛𐑤𐑦𐑙	ˈædlɪŋ	high	
addresses	𐑨𐑛𐑮𐑧𐑕𐑩𐑟	ˈædresƏz	𐑩𐑛𐑮𐑧𐑕𐑩𐑟	əˈdresƏz	high	
adduce	𐑩𐑡𐑵𐑕	əˈdʒuːs	𐑩𐑛𐑵𐑕, 𐑩𐑛𐑿𐑕	əˈdjuːs	high	
adenoid	𐑨𐑛𐑦𐑯𐑶𐑛	ˈadɪnɔɪd	𐑨𐑛𐑩𐑯𐑶𐑛	ˈædənɔɪd	high	
adenoid	𐑨𐑛𐑯𐑶𐑛	ˈædˌnɔɪd	𐑨𐑛𐑩𐑯𐑶𐑛	ˈædənɔɪd	high	
adenosine	𐑩𐑛𐑦𐑯𐑩𐑕𐑦𐑯	əˈdinəˌsin	𐑩𐑛𐑧𐑯𐑩𐑕𐑰𐑯	əˈdenəsiːn	high	
adenosine	𐑩𐑛𐑧𐑯𐑩𐑕𐑦𐑯	əˈdenəˌsin	𐑩𐑛𐑧𐑯𐑩𐑕𐑰𐑯	əˈdenəsiːn	high	
adenosine	𐑩𐑛𐑧𐑯𐑩𐑕𐑩𐑯	əˈdenəsən	𐑩𐑛𐑧𐑯𐑩𐑕𐑰𐑯	əˈdenəsiːn	high	
adenosine	𐑩𐑛𐑧𐑯𐑴𐑕𐑰𐑯	əˈdenəʊsiːn	𐑩𐑛𐑧𐑯𐑩𐑕𐑰𐑯	əˈdenəsiːn	high	
adequate	𐑨𐑛𐑩𐑒𐑢𐑦𐑑	ˈædəkwɪt	𐑨𐑛𐑦𐑒𐑢𐑩𐑑	ˈædɪkwət	high	
adequate	𐑨𐑛𐑩𐑒𐑦𐑑	ˈædəkɪt	𐑨𐑛𐑦𐑒𐑢𐑩𐑑	ˈædɪkwət	high	
adhere	𐑨𐑛𐑣𐑦𐑮	ædˈhɪr	𐑩𐑛𐑣𐑽	ədˈhɪəR	high	
adhere	𐑨𐑛𐑣𐑽	ædhɪəR	𐑩𐑛𐑣𐑽	ədˈhɪəR	high	
adherence	𐑩𐑛𐑣𐑦𐑮𐑩𐑯𐑕	ədˈhɪrəns	𐑩𐑛𐑣𐑽𐑩𐑯𐑕	ədˈhɪərəns	high	
adherent	𐑨𐑛𐑣𐑦𐑮𐑩𐑯𐑑	ædˈhɪrənt	𐑩𐑛𐑣𐑽𐑩𐑯𐑑	ədˈhɪərənt	high	
adherent	𐑨𐑛𐑣𐑽𐑩𐑯𐑑	ædhɪərənt	𐑩𐑛𐑣𐑽𐑩𐑯𐑑	ədˈhɪərənt	high	
adherent	𐑩𐑛-	əd-	𐑩𐑛𐑣𐑽𐑩𐑯𐑑	ədˈhɪərənt	medium	r_gap:spelling=1,ipa=0; shave_says:𐑨𐑛𐑣𐑽𐑩𐑯𐑑
adhesion	𐑨𐑛𐑣𐑰𐑠𐑩𐑯	ˌædˈhiːʒən	𐑩𐑛𐑣𐑰𐑠𐑩𐑯	ədˈhiːʒən	high	
adhesive	𐑨𐑛𐑣𐑦𐑕𐑦𐑝	ædˈhisɪv	𐑩𐑛𐑣𐑰𐑕𐑦𐑝	ədˈhiːsɪv	high	
adhesive	𐑩𐑛𐑣𐑦𐑕𐑦𐑝	ədˈhisɪv	𐑩𐑛𐑣𐑰𐑕𐑦𐑝	ədˈhiːsɪv	high	
adieu	𐑩𐑛𐑘𐑫	əˈdju	𐑩𐑛𐑵, 𐑩𐑛𐑿	əˈdjuː	high	
adieu	𐑩𐑛𐑘𐑻	əˈdjɜː	𐑩𐑛𐑵, 𐑩𐑛𐑿	əˈdjuː	high	
adieu	𐑩𐑛𐑫	əˈdu	𐑩𐑛𐑵, 𐑩𐑛𐑿	əˈdjuː	high	
adieux	𐑩𐑛𐑘𐑫	əˈdju	𐑩𐑛𐑵𐑟, 𐑩𐑛𐑿𐑟	əˈdjuːz	high	
adieux	𐑩𐑛𐑘𐑫𐑟	əˈdjuz	𐑩𐑛𐑵𐑟, 𐑩𐑛𐑿𐑟	əˈdjuːz	high	
adieux	𐑩𐑛𐑘𐑻	əˈdjɜː	𐑩𐑛𐑵𐑟, 𐑩𐑛𐑿𐑟	əˈdjuːz	high	
adieux	𐑩𐑛𐑘𐑻𐑟	əˈdjɜːz	𐑩𐑛𐑵𐑟, 𐑩𐑛𐑿𐑟	əˈdjuːz	high	
adieux	𐑩𐑛𐑿	əˈdjuː	𐑩𐑛𐑵𐑟, 𐑩𐑛𐑿𐑟	əˈdjuːz	high	
adipose	𐑨𐑛𐑦𐑐𐑴𐑟	ˈædɪpəʊz	𐑨𐑛𐑦𐑐𐑴𐑕	ˈædɪpəʊs	high	
adjectival	𐑨𐑡𐑧𐑒𐑑𐑲𐑝𐑩𐑤	ˌædʒekˈtaɪvəl	𐑨𐑡𐑦𐑒𐑑𐑲𐑝𐑩𐑤	ˌædʒɪkˈtaɪvəl	high	
adjectival	𐑨𐑡𐑩𐑒𐑑𐑦𐑝𐑩𐑤	ˌædʒəkˈtivəl	𐑨𐑡𐑦𐑒𐑑𐑲𐑝𐑩𐑤	ˌædʒɪkˈtaɪvəl	high	
adjectival	𐑨𐑡𐑩𐑒𐑑𐑲𐑝𐑩𐑤	ˌædʒəkˈtaɪvəl	𐑨𐑡𐑦𐑒𐑑𐑲𐑝𐑩𐑤	ˌædʒɪkˈtaɪvəl	high	
adjudicate	𐑩𐑡𐑫𐑛𐑦𐑒𐑱𐑑	əˈdʒudɪˌkeɪt	𐑩𐑡𐑵𐑛𐑦𐑒𐑱𐑑	əˈdʒuːdɪkeɪt	high	
adjudicator	𐑩𐑡𐑫𐑛𐑦𐑒𐑱𐑑𐑼	əˈdʒudɪˌkeɪtəR	𐑩𐑡𐑵𐑛𐑦𐑒𐑱𐑑𐑼	ˈədʒuːdɪkeɪtəR	high	
adjure	𐑨𐑛𐑡𐑫𐑮	ædˈdʒʊr	𐑩𐑡𐑫𐑼	əˈdʒʊəR	high	
adjure	𐑩𐑛𐑡𐑫𐑮	ədˈdʒʊr	𐑩𐑡𐑫𐑼	əˈdʒʊəR	high	
adjure	𐑩𐑛𐑡𐑫𐑼	əddʒʊəR	𐑩𐑡𐑫𐑼	əˈdʒʊəR	high	
adjure	𐑩𐑛𐑡𐑷	əddʒɔː	𐑩𐑡𐑫𐑼	əˈdʒʊəR	medium	r_gap:spelling=1,ipa=0; shave_says:𐑩𐑡𐑫𐑼
administrative	𐑩𐑛𐑥𐑦𐑯𐑩𐑕𐑑𐑮𐑱𐑑𐑦𐑝	ədˈmɪnəˌstreɪtɪv	𐑩𐑛𐑥𐑦𐑯𐑦𐑕𐑑𐑮𐑩𐑑𐑦𐑝	ədˈmɪnɪstrətɪv	high	
admirably	𐑨𐑛𐑥𐑦𐑮𐑩𐑚𐑤𐑦	ˈædmɪrəbli	𐑨𐑛𐑥𐑼𐑩𐑚𐑤𐑦	ˈædmərəbli	high	
admiral	𐑨𐑛𐑥𐑮𐑩𐑤	ædmrəl	𐑨𐑛𐑥𐑼𐑩𐑤	ˈædmərəl	high	
admiral	𐑨𐑛𐑥𐑼𐑤	ædmərl	𐑨𐑛𐑥𐑼𐑩𐑤	ˈædmərəl	high	
admire	𐑩𐑛𐑥𐑲𐑮	ədˈmaɪr	𐑩𐑛𐑥𐑲𐑼	ədˈmaɪəR	high	
admired	𐑩𐑛𐑥𐑲𐑮𐑛	ədˈmaɪrd	𐑩𐑛𐑥𐑲𐑼𐑛	ədˈmaɪəRd	high	
admirer	𐑨𐑛𐑥𐑲𐑮𐑼	ædˈmaɪrəR	𐑩𐑛𐑥𐑲𐑼𐑼	ədˈmaɪərəR	high	
admirer	𐑩𐑛𐑥𐑲𐑮𐑼	ədmaɪrəR	𐑩𐑛𐑥𐑲𐑼𐑼	ədˈmaɪərəR	high	
admirers	𐑨𐑛𐑥𐑲𐑼𐑼𐑟	ædˈmaɪəRəRz	𐑩𐑛𐑥𐑲𐑼𐑼𐑟	ədˈmaɪərəRz	high	
admission	𐑨𐑛𐑥𐑦𐑖𐑩𐑯	ædˈmɪʃən	𐑩𐑛𐑥𐑦𐑖𐑩𐑯	ədˈmɪʃən	high	
admonish	𐑨𐑛𐑥𐑪𐑯𐑦𐑖	ædˈmɒnɪʃ	𐑩𐑛𐑥𐑪𐑯𐑦𐑖	ədˈmɒnɪʃ	high	
admonitory	𐑨𐑛𐑥𐑪𐑯𐑦𐑑𐑹𐑦	ædˈmɒnɪˌtɔːRi	𐑩𐑛𐑥𐑪𐑯𐑦𐑑𐑼𐑦	ədˈmɒnɪtəri	high	
admonitory	𐑩𐑛𐑥𐑪𐑯𐑦𐑑𐑮𐑦	ədmɒnɪtri	𐑩𐑛𐑥𐑪𐑯𐑦𐑑𐑼𐑦	ədˈmɒnɪtəri	high	
admonitory	𐑩𐑛𐑥𐑪𐑯𐑦𐑑𐑹𐑦	ədˈmɒnɪˌtɔːRi	𐑩𐑛𐑥𐑪𐑯𐑦𐑑𐑼𐑦	ədˈmɒnɪtəri	high	
adorable	𐑩𐑛𐑪𐑮𐑩𐑚𐑩𐑤	əˈdorəˌbəl	𐑩𐑛𐑹𐑩𐑚𐑩𐑤	əˈdɔːrəbəl	high	
adore	𐑩𐑛𐑪𐑮	əˈdor	𐑩𐑛𐑹	əˈdɔːR	high	
adrenal	𐑨𐑛𐑮𐑰𐑯𐑩𐑤	ædriːnəl	𐑩𐑛𐑮𐑰𐑯𐑩𐑤	əˈdriːnəl	high	
adrian	𐑱𐑛𐑮𐑰𐑩𐑯	eɪdriːən	𐑱𐑛𐑮𐑾𐑯	ˈeɪdriən	high	
adulation	𐑨𐑛𐑘𐑩𐑤𐑱𐑖𐑩𐑯	ˌædjəˈleɪʃən	𐑨𐑡𐑩𐑤𐑱𐑖𐑩𐑯	ˌædʒəˈleɪʃən	high	
adulation	𐑨𐑡𐑫𐑤𐑱𐑖𐑩𐑯	ˌædʒʊˈleɪʃən	𐑨𐑡𐑩𐑤𐑱𐑖𐑩𐑯	ˌædʒəˈleɪʃən	high	
adult	𐑨𐑛𐑩𐑤𐑑	ˈædəlt	𐑨𐑛𐑳𐑤𐑑	ˈædʌlt	high	
adult	𐑩𐑛𐑳𐑤𐑑	əˈdʌlt	𐑨𐑛𐑳𐑤𐑑	ˈædʌlt	high	
adulterate	-𐑛𐑩𐑤-	-ˈdəl-	𐑩𐑛𐑳𐑤𐑑𐑼𐑱𐑑	əˈdʌltəreɪt	medium	r_gap:spelling=1,ipa=0
adulterate	-𐑛𐑪𐑤-	-dɒl-	𐑩𐑛𐑳𐑤𐑑𐑼𐑱𐑑	əˈdʌltəreɪt	medium	r_gap:spelling=1,ipa=0; shave_says:𐑩𐑛𐑳𐑤𐑑𐑼𐑱𐑑
adulterate	𐑩𐑛𐑳𐑤𐑑𐑼𐑩𐑑	ədʌltərət	𐑩𐑛𐑳𐑤𐑑𐑼𐑱𐑑	əˈdʌltəreɪt	high	
adults	𐑩𐑛𐑳𐑤𐑑𐑕	əˈdʌlts	𐑨𐑛𐑳𐑤𐑑𐑕	ˈædʌlts	high	
advance	𐑩𐑛𐑝𐑺𐑯𐑑𐑕	ədˈveənts	𐑩𐑛𐑝𐑨𐑯𐑕, 𐑩𐑛𐑝𐑭𐑯𐑕	ədˈvⱭːns	high	
advance	𐑩𐑛𐑝𐑺𐑯𐑕	ədˈveəns	𐑩𐑛𐑝𐑨𐑯𐑕, 𐑩𐑛𐑝𐑭𐑯𐑕	ədˈvⱭːns	high	
advancement	𐑨𐑛𐑝𐑨𐑯𐑕𐑥𐑩𐑯𐑑	ædˈvænsmənt	𐑩𐑛𐑝𐑨𐑯𐑕𐑥𐑩𐑯𐑑, 𐑩𐑛𐑝𐑭𐑯𐑕𐑥𐑩𐑯𐑑	ədˈvⱭːnsmənt	high	
advancement	𐑨𐑛𐑝𐑭𐑯𐑕𐑥𐑩𐑯𐑑	ædˈvɑːnsmənt	𐑩𐑛𐑝𐑨𐑯𐑕𐑥𐑩𐑯𐑑, 𐑩𐑛𐑝𐑭𐑯𐑕𐑥𐑩𐑯𐑑	ədˈvⱭːnsmənt	high	
advancement	𐑨𐑛𐑝𐑺𐑯𐑕𐑥𐑩𐑯𐑑	ædˈveənsmənt	𐑩𐑛𐑝𐑨𐑯𐑕𐑥𐑩𐑯𐑑, 𐑩𐑛𐑝𐑭𐑯𐑕𐑥𐑩𐑯𐑑	ədˈvⱭːnsmənt	high	
advancement	𐑩𐑛𐑝𐑺𐑯𐑕𐑥𐑩𐑯𐑑	ədˈveənsmənt	𐑩𐑛𐑝𐑨𐑯𐑕𐑥𐑩𐑯𐑑, 𐑩𐑛𐑝𐑭𐑯𐑕𐑥𐑩𐑯𐑑	ədˈvⱭːnsmənt	high	
adventure	𐑨𐑛𐑝𐑧𐑯𐑗𐑼	ædˈventʃəR	𐑩𐑛𐑝𐑧𐑯𐑗𐑼	ədˈventʃəR	high	
adventurer	𐑨𐑛𐑝𐑧𐑯𐑗𐑼𐑼	ædˈventʃəRəR	𐑩𐑛𐑝𐑧𐑯𐑗𐑼𐑼	ədˈventʃərəR	high	
adventures	𐑨𐑛𐑝𐑧𐑯𐑗𐑼𐑟	ædˈventʃəRz	𐑩𐑛𐑝𐑧𐑯𐑗𐑼𐑟	ədˈventʃəRz	high	
adventures	𐑩𐑛𐑝𐑧𐑯𐑗𐑩𐑟	ədventʃəz	𐑩𐑛𐑝𐑧𐑯𐑗𐑼𐑟	ədˈventʃəRz	medium	r_gap:spelling=1,ipa=0; shave_says:𐑩𐑛𐑝𐑧𐑯𐑗𐑼𐑟
adventuress	𐑩𐑛𐑝𐑧𐑯𐑗𐑼𐑦𐑕	ədventʃərɪs	𐑩𐑛𐑝𐑧𐑯𐑗𐑼𐑧𐑕	ədˈventʃəres	high	
adventurous	𐑨𐑛𐑝𐑧𐑯𐑗𐑼𐑩𐑕	ædˈventʃəRəs	𐑩𐑛𐑝𐑧𐑯𐑗𐑼𐑩𐑕	ədˈventʃərəs	high	
adventurously	𐑨𐑛𐑝𐑧𐑯𐑗𐑼𐑩𐑕𐑤𐑦	ˌædˈventʃəRəsˌli	𐑩𐑛𐑝𐑧𐑯𐑗𐑼𐑩𐑕𐑤𐑦	ədˈventʃərəsli	high	
adverbial	𐑨𐑛𐑝𐑻𐑚𐑦𐑩𐑤	ædˈvɜːRbiəl	𐑨𐑛𐑝𐑻𐑚𐑾𐑤	ædˈvɜːRbɪəl	high	
adverbial	𐑩𐑛𐑝𐑻𐑚𐑦𐑩𐑤	ədvɜːRbiəl	𐑨𐑛𐑝𐑻𐑚𐑾𐑤	ædˈvɜːRbɪəl	high	
adversary	𐑨𐑛𐑝𐑩𐑕𐑧𐑮𐑦	ædvəseri	𐑨𐑛𐑝𐑼𐑕𐑼𐑦	ˈædvəRsəri	medium	r_gap:spelling=2,ipa=1; shave_says:𐑨𐑛𐑝𐑼𐑕𐑼𐑦
adversary	𐑨𐑛𐑝𐑩𐑕𐑼𐑦	ædvəsəri	𐑨𐑛𐑝𐑼𐑕𐑼𐑦	ˈædvəRsəri	medium	r_gap:spelling=2,ipa=1; shave_says:𐑨𐑛𐑝𐑼𐑕𐑼𐑦
adversary	𐑨𐑛𐑝𐑻𐑕𐑼𐑦	ædvɜːRsəri	𐑨𐑛𐑝𐑼𐑕𐑼𐑦	ˈædvəRsəri	high	
adversary	𐑨𐑛𐑝𐑼𐑕𐑧𐑮𐑦	ˈædvərˌseri	𐑨𐑛𐑝𐑼𐑕𐑼𐑦	ˈædvəRsəri	high	
adversary	𐑩𐑛𐑝𐑻𐑕𐑼𐑦	ədvɜːRsəri	𐑨𐑛𐑝𐑼𐑕𐑼𐑦	ˈædvəRsəri	high	
adversity	𐑨𐑛𐑝𐑻𐑕𐑦𐑑𐑦	ædvɜːRsɪti	𐑩𐑛𐑝𐑻𐑕𐑦𐑑𐑦	ədˈvɜːRsɪti	high	
advertisement	𐑨𐑛𐑝𐑩𐑑𐑲𐑟𐑥𐑩𐑯𐑑	ædvətaɪzmənt	𐑩𐑛𐑝𐑻𐑑𐑦𐑕𐑥𐑩𐑯𐑑	ədˈvɜːRtɪsmənt	medium	r_gap:spelling=1,ipa=0; shave_says:𐑨𐑛𐑝𐑻𐑑𐑦𐑕𐑥𐑩𐑯𐑑
advertisement	𐑨𐑛𐑝𐑼𐑑𐑲𐑟𐑥𐑩𐑯𐑑	ˈædvəRˌtaɪzmənt	𐑩𐑛𐑝𐑻𐑑𐑦𐑕𐑥𐑩𐑯𐑑	ədˈvɜːRtɪsmənt	high	
advertisement	𐑩𐑛𐑝𐑻𐑑𐑦𐑟𐑥𐑩𐑯𐑑	ədˈvɜːRtɪzmənt	𐑩𐑛𐑝𐑻𐑑𐑦𐑕𐑥𐑩𐑯𐑑	ədˈvɜːRtɪsmənt	high	
advertising	𐑨𐑛𐑝𐑩𐑑𐑲𐑟𐑦𐑙	ædvətaɪzɪŋ	𐑨𐑛𐑝𐑼𐑑𐑲𐑟𐑦𐑙	ˈædvəRtaɪzɪŋ	medium	r_gap:spelling=1,ipa=0; shave_says:𐑨𐑛𐑝𐑻𐑑𐑲𐑟𐑦𐑙
advisability	𐑨𐑛𐑝𐑲𐑟𐑩𐑚𐑦𐑤𐑩𐑑𐑦	ædˌvaɪzəˈbɪləti	𐑩𐑛𐑝𐑲𐑟𐑩𐑚𐑦𐑤𐑦𐑑𐑦	ədˌvaɪzəˈbɪlɪti	high	
adviser	𐑨𐑛𐑝𐑲𐑟𐑼	ædvaɪzər	𐑩𐑛𐑝𐑲𐑟𐑼	ədˈvaɪzəR	high	
advisory	𐑨𐑛𐑝𐑲𐑟𐑼𐑦	ædˈvaɪzəri	𐑩𐑛𐑝𐑲𐑟𐑼𐑦	ədˈvaɪzəri	high	
aerate	𐑻𐑱𐑑	ɜːreɪt	𐑺𐑱𐑑	ˈeəreɪt	high	
aerial	𐑺𐑦𐑩𐑤	eəriəl	𐑺𐑾𐑤	ˈeərɪəl	high	
aerobic	𐑼𐑴𐑚𐑦𐑒	əˈroʊbɪk	𐑺𐑴𐑚𐑦𐑒	eəˈrəʊbɪk	high	
aerodynamic	𐑧𐑮𐑴𐑛𐑲𐑯𐑨𐑥𐑦𐑒	ˌeroʊdaɪˈnæmɪk	𐑺𐑴𐑛𐑲𐑯𐑨𐑥𐑦𐑒	ˌeərəʊdaɪˈnæmɪk	high	
aeronaut	𐑧𐑮𐑩𐑯𐑷𐑑	ˈerəˌnɔːt	𐑺𐑩𐑯𐑷𐑑	ˈeərənɔːt	high	
aeronautics	𐑺𐑴𐑯𐑷𐑑𐑦𐑒𐑕	eərəʊnɔːtɪks	𐑺𐑩𐑯𐑷𐑑𐑦𐑒𐑕	ˌeərəˈnɔːtɪks	high	
aeroplane	𐑧𐑮𐑩𐑐𐑤𐑱𐑯	ˈerəpleɪn	𐑺𐑩𐑐𐑤𐑱𐑯	ˈeərəpleɪn	high	
aeroplane	𐑱𐑼-	eɪər-	𐑺𐑩𐑐𐑤𐑱𐑯	ˈeərəpleɪn	high	
aeroplane	𐑻𐑩𐑐𐑤𐑧𐑘𐑯	ɜːrəplejn	𐑺𐑩𐑐𐑤𐑱𐑯	ˈeərəpleɪn	high	
aerosol	𐑺𐑩𐑕𐑷𐑤	ˈeəRəˌsɔːl	𐑺𐑩𐑕𐑪𐑤	ˈeərəsɒl	high	
aerospace	𐑧𐑮𐑴𐑕𐑐𐑱𐑕	ˈeroʊˌspeɪs	𐑺𐑴𐑕𐑐𐑱𐑕	ˈeərəʊspeɪs	high	
aerospace	𐑱𐑼-	eɪər-	𐑺𐑴𐑕𐑐𐑱𐑕	ˈeərəʊspeɪs	high	
aerospace	𐑻𐑴𐑕𐑐𐑧𐑘𐑕	ɜːrəʊspejs	𐑺𐑴𐑕𐑐𐑱𐑕	ˈeərəʊspeɪs	high	
aesthete	𐑧𐑕𐑔𐑰𐑑	ˈesθiːt	𐑰𐑕𐑔𐑰𐑑	ˈiːsθiːt	high	
aesthetic	𐑦𐑕𐑔𐑧𐑑𐑦𐑒	ɪsˈθetɪk	𐑰𐑕𐑔𐑧𐑑𐑦𐑒	iːsˈθetɪk	high	
aesthetic	𐑧𐑕𐑔𐑧𐑑𐑦𐑒	esˈθetɪk	𐑰𐑕𐑔𐑧𐑑𐑦𐑒	iːsˈθetɪk	high	
aesthetic	𐑩𐑕𐑔𐑧𐑑𐑦𐑒	əsˈθetɪk	𐑰𐑕𐑔𐑧𐑑𐑦𐑒	iːsˈθetɪk	high	
aether	𐑦𐑔𐑼	ˈiθəR	𐑰𐑔𐑼	ˈiːθəR	high	
aether	𐑱𐑔𐑼	ˈeɪθəR	𐑰𐑔𐑼	ˈiːθəR	high	
aetiology	𐑦𐑑𐑦𐑪𐑤𐑩𐑡𐑦	itiˈɒlədʒi	𐑰𐑑𐑦𐑪𐑤𐑩𐑡𐑦	ˌiːtɪˈɒlədʒi	high	
affair	𐑩𐑓𐑧𐑮	əˈfer	𐑩𐑓𐑺	əˈfeəR	high	
affairs	𐑩𐑓𐑧𐑮𐑟	əˈferz	𐑩𐑓𐑺𐑟	əˈfeəRz	high	
affirmation	𐑨𐑓𐑻𐑥𐑱𐑖𐑯	æfɜːRˈmeɪʃn	𐑨𐑓𐑼𐑥𐑱𐑖𐑩𐑯	ˌæfəRˈmeɪʃən	high	
affirming	𐑩𐑓𐑼𐑥𐑦𐑙	əˈfəRmɪŋ	𐑩𐑓𐑻𐑥𐑦𐑙	əˈfɜːRmɪŋ	high	
afflatus	-𐑑𐑩𐑕	-təs	𐑩𐑓𐑤𐑱𐑑𐑩𐑕	əˈfleɪtəs	high	
afford	𐑩𐑓𐑪𐑮𐑛	əˈford	𐑩𐑓𐑹𐑛	əˈfɔːRd	high	
afforest	𐑩𐑓𐑹𐑦𐑕𐑑	əˈfɔːRɪst	𐑩𐑓𐑪𐑮𐑦𐑕𐑑	əˈfɒrɪst	high	
affront	𐑩𐑓𐑮𐑩𐑯𐑑	əˈfrənt	𐑩𐑓𐑮𐑳𐑯𐑑	əˈfrʌnt	high	
afore	𐑩𐑓𐑪𐑮	əˈfor	𐑩𐑓𐑹	əˈfɔːR	high	
aforethought	𐑩𐑓𐑹𐑔𐑪𐑑	əˈfɔːRθɒt	𐑩𐑓𐑹𐑔𐑷𐑑	əˈfɔːRθɔːt	high	
aforethought	𐑩𐑓𐑹𐑔𐑹𐑑	əfɔːRθɔːRt	𐑩𐑓𐑹𐑔𐑷𐑑	əˈfɔːRθɔːt	high	
afresh	𐑳𐑓𐑮𐑧𐑖	ʌˈfreʃ	𐑩𐑓𐑮𐑧𐑖	əˈfreʃ	high	
afrikaans	𐑨𐑓𐑮𐑦𐑒𐑭𐑯𐑟	afrɪkɑːnz	𐑨𐑓𐑮𐑦𐑒𐑭𐑯𐑕	ˌæfrɪˈkɑːns	high	
afrikaans	𐑭𐑓𐑮𐑦𐑒𐑭𐑯𐑟	ˌɑːfrɪˈkɑːnz	𐑨𐑓𐑮𐑦𐑒𐑭𐑯𐑕	ˌæfrɪˈkɑːns	high	
aftercare	𐑨𐑓-	æf-	𐑨𐑓𐑑𐑼𐑒𐑺, 𐑭𐑓𐑑𐑼𐑒𐑺	ˈⱭːftəRkeəR	medium	r_gap:spelling=2,ipa=0; shave_says:𐑭𐑓𐑑𐑼𐑒𐑺
aftercare	𐑨𐑓𐑑𐑼𐑒𐑧𐑮	ˈæftərker	𐑨𐑓𐑑𐑼𐑒𐑺, 𐑭𐑓𐑑𐑼𐑒𐑺	ˈⱭːftəRkeəR	high	
aftercare	𐑸𐑓𐑑𐑼𐑒𐑺	ɑːRftərkeər	𐑨𐑓𐑑𐑼𐑒𐑺, 𐑭𐑓𐑑𐑼𐑒𐑺	ˈⱭːftəRkeəR	high	
aftereffect	𐑨𐑓𐑑𐑼𐑩𐑓𐑧𐑒𐑑	ˈæftərəˌfekt	𐑨𐑓𐑑𐑼𐑦𐑓𐑧𐑒𐑑, 𐑭𐑓𐑑𐑼𐑦𐑓𐑧𐑒𐑑	ˈⱭːftərɪfekt	high	
afterlife	𐑭𐑓𐑑𐑩𐑤𐑲𐑓	ɑːftəlaɪf	𐑨𐑓𐑑𐑼𐑤𐑲𐑓, 𐑭𐑓𐑑𐑼𐑤𐑲𐑓	ˈⱭːftəRlaɪf	medium	r_gap:spelling=1,ipa=0; shave_says:𐑭𐑓𐑑𐑼𐑤𐑲𐑓
aftermath	𐑨𐑓𐑑𐑩𐑥𐑨𐑔	æftəmæθ	𐑨𐑓𐑑𐑼𐑥𐑨𐑔, 𐑭𐑓𐑑𐑼𐑥𐑨𐑔	ˈⱭːftəRmæθ	medium	r_gap:spelling=1,ipa=0; shave_says:𐑭𐑓𐑑𐑼𐑥𐑨𐑔
aftermath	𐑭𐑓𐑑𐑩𐑥𐑨𐑔	ɑːftəmæθ	𐑨𐑓𐑑𐑼𐑥𐑨𐑔, 𐑭𐑓𐑑𐑼𐑥𐑨𐑔	ˈⱭːftəRmæθ	medium	r_gap:spelling=1,ipa=0; shave_says:𐑭𐑓𐑑𐑼𐑥𐑨𐑔
aftermath	𐑭𐑓𐑑𐑩𐑥𐑭𐑔	ɑːftəmɑːθ	𐑨𐑓𐑑𐑼𐑥𐑨𐑔, 𐑭𐑓𐑑𐑼𐑥𐑨𐑔	ˈⱭːftəRmæθ	medium	r_gap:spelling=1,ipa=0; shave_says:𐑭𐑓𐑑𐑼𐑥𐑨𐑔
afternoon	𐑨𐑓𐑑𐑼𐑯𐑫𐑯	ˌæftəRˈnun	𐑨𐑓𐑑𐑼𐑯𐑵𐑯, 𐑭𐑓𐑑𐑼𐑯𐑵𐑯	ˌⱭːftəRˈnuːn	high	
afternoon	𐑭𐑓𐑑𐑩𐑯𐑵𐑯	ɑːftənuːn	𐑨𐑓𐑑𐑼𐑯𐑵𐑯, 𐑭𐑓𐑑𐑼𐑯𐑵𐑯	ˌⱭːftəRˈnuːn	medium	r_gap:spelling=1,ipa=0; shave_says:𐑭𐑓𐑑𐑼𐑯𐑵𐑯
afterward	𐑸𐑓𐑑𐑩𐑢𐑼𐑛	ɑːRftəwəRd	𐑨𐑓𐑑𐑼𐑢𐑼𐑛, 𐑭𐑓𐑑𐑼𐑢𐑼𐑛	ˈⱭːftəRwəRd	high	
afterwards	𐑸𐑓𐑑𐑩𐑢𐑼𐑛𐑟	ɑːRftəwəRdz	𐑨𐑓𐑑𐑼𐑢𐑼𐑛𐑟, 𐑭𐑓𐑑𐑼𐑢𐑼𐑛𐑟	ˈⱭːftəRwəRdz	high	
again	𐑩𐑜𐑦𐑯	əˈɡɪn	𐑩𐑜𐑧𐑯, 𐑩𐑜𐑱𐑯	əˈɡen	high	
again	𐑱𐑜𐑱𐑯	eɪˈɡeɪn	𐑩𐑜𐑧𐑯, 𐑩𐑜𐑱𐑯	əˈɡen	high	
agate	𐑩𐑜𐑱𐑑	əˈɡeɪt	𐑨𐑜𐑩𐑑	ˈæɡət	high	
agent provocateur	-𐑑𐑫𐑼	-ˈtʊər	𐑨𐑠𐑭𐑯 𐑐𐑮𐑩𐑝𐑪𐑒𐑩𐑑𐑻	ˌæʒɑːn prəˌvɒkəˈtɜːR	medium	r_gap:spelling=2,ipa=1
agent provocateur	𐑪𐑠𐑪𐑯𐑑 𐑐𐑮𐑩𐑝𐑷𐑒𐑩𐑑𐑻	ˌɒʒɒnt prəˌvɔːkəˈtɜːR	𐑨𐑠𐑭𐑯 𐑐𐑮𐑩𐑝𐑪𐑒𐑩𐑑𐑻	ˌæʒɑːn prəˌvɒkəˈtɜːR	high	
agent provocateur	𐑱𐑡𐑩𐑯𐑑-	eɪdʒənt-	𐑨𐑠𐑭𐑯 𐑐𐑮𐑩𐑝𐑪𐑒𐑩𐑑𐑻	ˌæʒɑːn prəˌvɒkəˈtɜːR	medium	r_gap:spelling=2,ipa=0; shave_says:𐑱𐑡𐑩𐑯𐑑 𐑐𐑮𐑩𐑝𐑪𐑒𐑩𐑑𐑻
aggrandizement	𐑩𐑜𐑮𐑨𐑯𐑛𐑲𐑟𐑥𐑩𐑯𐑑	əˈɡrænˌdaɪzmənt	𐑩𐑜𐑮𐑨𐑯𐑛𐑦𐑟𐑥𐑩𐑯𐑑	əˈɡrændɪzmənt	high	
agile	𐑨𐑡𐑩𐑤	ˈædʒəl	𐑨𐑡𐑲𐑤	ˈædʒaɪl	high	
agility	𐑩𐑡𐑦𐑤𐑩𐑑𐑦	əˈdʒɪləti	𐑩𐑡𐑦𐑤𐑦𐑑𐑦	əˈdʒɪlɪti	high	
agonies	𐑨𐑜𐑩𐑯𐑰𐑟	ˈæɡəniːz	𐑨𐑜𐑩𐑯𐑦𐑟	ˈæɡəniz	high	
agonize	𐑨𐑜𐑦𐑯𐑲𐑟	ˈæɡɪnaɪz	𐑨𐑜𐑩𐑯𐑲𐑟	ˈæɡənaɪz	high	
agora	𐑨𐑜𐑼𐑸	æɡərɑːR	𐑨𐑜𐑼𐑩	ˈæɡərə	high	
agoraphobia	𐑨𐑜𐑼𐑩𐑓𐑴𐑚𐑦𐑩	æɡərəfəʊbiə	𐑨𐑜𐑼𐑩𐑓𐑴𐑚𐑾	ˌæɡərəˈfəʊbɪə	high	
agoraphobia	𐑩𐑜𐑹𐑩𐑓𐑴𐑚𐑦𐑩	əɡɔːrəfəʊbiə	𐑨𐑜𐑼𐑩𐑓𐑴𐑚𐑾	ˌæɡərəˈfəʊbɪə	high	
agra	𐑩𐑜𐑮𐑭	əɡrɑː	𐑭𐑜𐑮𐑩	ˈɑːɡrə	high	
agree	𐑩𐑜𐑮𐑦	əˈɡri	𐑩𐑜𐑮𐑰	əˈɡriː	high	
agreeable	𐑩𐑜𐑮𐑦𐑚𐑩𐑤	əɡrɪbəl	𐑩𐑜𐑮𐑰𐑩𐑚𐑩𐑤	əˈɡriː+əbəl	high	
agreeable	𐑩𐑜𐑮𐑦𐑩𐑚𐑩𐑤	əˈɡriəbəl	𐑩𐑜𐑮𐑰𐑩𐑚𐑩𐑤	əˈɡriː+əbəl	high	
agreed	𐑩𐑜𐑮𐑦𐑛	əˈɡrid	𐑩𐑜𐑮𐑰𐑛	əˈɡriːd	high	
agricultural	𐑨𐑜𐑮𐑦𐑒𐑳𐑤𐑑𐑘𐑩𐑼𐑩𐑤	æɡrɪkʌltjəərəl	𐑨𐑜𐑮𐑦𐑒𐑳𐑤𐑗𐑼𐑩𐑤	ˌæɡrɪˈkʌltʃərəl	high	
aha	𐑩𐑣𐑪	əˈhɒ	𐑭𐑣𐑭	ɑːˈhɑː	high	
aha	𐑪𐑣𐑪	ɒˈhɒ	𐑭𐑣𐑭	ɑːˈhɑː	high	
aide-de-camp	𐑱𐑛 𐑛𐑦 𐑒𐑨𐑥𐑐	ˌeɪd dɪ ˈkæmp	𐑱𐑛-𐑛𐑩-𐑒𐑭𐑥	ˌeɪd-də-ˈkɑːm	high	
aide-de-camp	𐑱𐑛 𐑛𐑦 𐑒𐑪𐑥𐑐	ˌeɪd dɪ ˈkɒmp	𐑱𐑛-𐑛𐑩-𐑒𐑭𐑥	ˌeɪd-də-ˈkɑːm	high	
aiguille	𐑱𐑜𐑢𐑦𐑤	ˈeɪɡwil	𐑱𐑜𐑢𐑰	eɪˈɡwiː	high	
aiguille	𐑱𐑜𐑢𐑰𐑤	ˈeɪɡwiːl	𐑱𐑜𐑢𐑰	eɪˈɡwiː	high	
air	𐑧𐑮	ˈer	𐑺	eəR	high	
air	𐑻	ɜːR	𐑺	eəR	high	
aircraft	𐑻𐑒𐑮𐑨𐑓𐑑	ˈɜːrkræft	𐑺𐑒𐑮𐑨𐑓𐑑, 𐑺𐑒𐑮𐑭𐑓𐑑	ˈeəRkrⱭːft	high	
aircraft	𐑻𐑒𐑮𐑭𐑓𐑑	ɜːRkrɑːft	𐑺𐑒𐑮𐑨𐑓𐑑, 𐑺𐑒𐑮𐑭𐑓𐑑	ˈeəRkrⱭːft	high	
aired	𐑧𐑮𐑛	erd	𐑺𐑛	eəRd	high	
airedale	𐑻𐑛𐑱𐑤	ɜːRdeɪl	𐑺𐑛𐑱𐑤	ˈeəRdeɪl	high	
airily	𐑧𐑮𐑩𐑤𐑦	ˈerəli	𐑺𐑦𐑤𐑦	ˈeərɪli	high	
airing	𐑧𐑮𐑦𐑙	ˈerɪŋ	𐑺𐑦𐑙	ˈeərɪŋ	high	
airing	𐑻-	ɜːR-	𐑺𐑦𐑙	ˈeərɪŋ	high	
airless	𐑧𐑮𐑤𐑩𐑕	ˈerləs	𐑺𐑤𐑩𐑕	ˈeəRləs	high	
airline	𐑧𐑮𐑤𐑲𐑯	ˈerˌlaɪn	𐑺𐑤𐑲𐑯	ˈeəRlaɪn	high	
airman	𐑧𐑮𐑥𐑩𐑯	ˈermən	𐑺𐑥𐑩𐑯	ˈeəRmən	high	
airplane	𐑧𐑮𐑐𐑤𐑱𐑯	ˈerˌpleɪn	𐑺𐑐𐑤𐑱𐑯	ˈeəRpleɪn	high	
airport	𐑧𐑮𐑐𐑹𐑑	ˈerpɔːRt	𐑺𐑐𐑹𐑑	ˈeəRpɔːRt	high	
airports	𐑧𐑮𐑐𐑪𐑮𐑑𐑕	ˈerports	𐑺𐑐𐑹𐑑𐑕	ˈeəRpɔːRts	high	
airports	𐑧𐑮𐑐𐑹𐑑𐑕	ˈerpɔːRts	𐑺𐑐𐑹𐑑𐑕	ˈeəRpɔːRts	high	
airway	𐑧𐑮𐑢𐑱	erweɪ	𐑺𐑢𐑱	ˈeəRweɪ	high	
airy	𐑻𐑦	ɜːri	𐑺𐑦	ˈeəri	high	
akin	𐑳𐑒𐑦𐑯	ʌˈkɪn	𐑩𐑒𐑦𐑯	əˈkɪn	high	
akron	𐑨𐑒𐑮𐑪𐑯	ækrɒn	𐑨𐑒𐑮𐑩𐑯	ˈækrən	high	
alabaster	𐑨𐑤𐑩𐑚𐑭𐑕𐑑𐑼	æləbɑːstəR	𐑨𐑤𐑩𐑚𐑨𐑕𐑑𐑼	ˈæləbæstəR	high	
alas	𐑩𐑤𐑭𐑕	əˈlɑːs	𐑩𐑤𐑨𐑕	əˈlæs	high	
alb	𐑭𐑤𐑚	ˈɑːlb	𐑨𐑤𐑚	ælb	high	
albanese	𐑨𐑤𐑚𐑩𐑯𐑰𐑟	ˌælbəˈniːz	𐑨𐑤𐑚𐑩𐑯𐑰𐑟𐑦	ælbəˈniːzi	high	
albanese	𐑪𐑤𐑚𐑩𐑯𐑦𐑟	ˌɒlbəˈniz	𐑨𐑤𐑚𐑩𐑯𐑰𐑟𐑦	ælbəˈniːzi	high	
albania	𐑨𐑤𐑚𐑱𐑯𐑘𐑩	ælˈbeɪnjə	𐑨𐑤𐑚𐑱𐑯𐑾	ælˈbeɪniə	high	
albania	𐑨𐑤𐑚𐑱𐑯𐑦𐑩	ælˈbeɪniə	𐑨𐑤𐑚𐑱𐑯𐑾	ælˈbeɪniə	high	
albania	𐑷𐑤𐑚𐑱𐑯𐑘𐑩	ɔːlˈbeɪnjə	𐑨𐑤𐑚𐑱𐑯𐑾	ælˈbeɪniə	high	
albania	𐑷𐑤𐑚𐑱𐑯𐑦𐑩	ɔːlˈbeɪniə	𐑨𐑤𐑚𐑱𐑯𐑾	ælˈbeɪniə	high	
albanian	𐑨𐑤𐑚𐑱𐑯𐑘𐑩𐑯	ælˈbeɪnjən	𐑨𐑤𐑚𐑱𐑯𐑾𐑯	ælˈbeɪnɪən	high	
albanian	𐑨𐑤𐑚𐑱𐑯𐑦𐑩𐑯	ælˈbeɪniən	𐑨𐑤𐑚𐑱𐑯𐑾𐑯	ælˈbeɪnɪən	high	
albanian	𐑷𐑤𐑚𐑱𐑯𐑘𐑩𐑯	ɔːlˈbeɪnjən	𐑨𐑤𐑚𐑱𐑯𐑾𐑯	ælˈbeɪnɪən	high	
albanian	𐑷𐑤𐑚𐑱𐑯𐑦𐑩𐑯	ɔːlˈbeɪniən	𐑨𐑤𐑚𐑱𐑯𐑾𐑯	ælˈbeɪnɪən	high	
albatross	𐑨𐑤𐑚𐑩𐑑𐑮𐑷𐑕	ˈælbəˌtrɔːs	𐑨𐑤𐑚𐑩𐑑𐑮𐑪𐑕	ˈælbətrɒs	high	
albeit	𐑷𐑤𐑚𐑦𐑩𐑑	ɔːlˈbiət	𐑷𐑤𐑚𐑰𐑦𐑑	ˌɔːlˈbiːɪt	high	
albino	𐑨𐑤𐑚𐑲𐑯𐑴	ælˈbaɪnoʊ	𐑨𐑤𐑚𐑰𐑯𐑴	ælˈbiːnəʊ	high	
albumen	𐑨𐑤𐑚𐑘𐑩𐑥𐑦𐑯	ˈalbjəmɪn	𐑨𐑤𐑚𐑘𐑫𐑥𐑩𐑯	ˈælbjʊmən	high	
alchemist	𐑨𐑤𐑒𐑩𐑥𐑦𐑕𐑑	ˈælkəmɪst	𐑨𐑤𐑒𐑧𐑥𐑦𐑕𐑑	ˈælkemɪst	high	
alchemists	𐑨𐑤𐑒𐑩𐑥𐑦𐑕𐑑𐑕	ˈælkəmɪsts	𐑨𐑤𐑒𐑧𐑥𐑦𐑕𐑑𐑕	ˈælkemɪsts	high	
alchemy	𐑨𐑤𐑒𐑩𐑥𐑦	ˈælkəmi	𐑨𐑤𐑒𐑧𐑥𐑦	ˈælkemi	high	
alcohol	𐑨𐑤𐑒𐑩𐑣𐑷𐑤	ˈælkəhɔːl	𐑨𐑤𐑒𐑩𐑣𐑪𐑤	ˈælkəhɒl	high	
alcohol	𐑪𐑤𐑒𐑩𐑣𐑪𐑤	ˈɒlkəhɒl	𐑨𐑤𐑒𐑩𐑣𐑪𐑤	ˈælkəhɒl	high	
alcohol	𐑪𐑤𐑒𐑩𐑣𐑷𐑤	ˈɒlkəhɔːl	𐑨𐑤𐑒𐑩𐑣𐑪𐑤	ˈælkəhɒl	high	
alcoholic	𐑨𐑤𐑒𐑩𐑣𐑷𐑤𐑦𐑒	ˌælkəˈhɔːlɪk	𐑨𐑤𐑒𐑩𐑣𐑪𐑤𐑦𐑒	ˌælkəˈhɒlɪk	high	
alcoholism	𐑨𐑤𐑒𐑩𐑣𐑷𐑤𐑦𐑟𐑩𐑥	ˈælkəˌhɔːˌlɪzəm	𐑨𐑤𐑒𐑩𐑣𐑪𐑤𐑦𐑟𐑩𐑥	ˈælkəhɒlɪzəm	high	
alder	𐑪𐑤𐑛𐑼	ˈɒldəR	𐑷𐑤𐑛𐑼	ˈɔːldəR	high	
alderman	𐑪𐑤-	ɒl-	𐑷𐑤𐑛𐑼𐑥𐑩𐑯	ˈɔːldəRmən	medium	r_gap:spelling=1,ipa=0; shave_says:𐑷𐑤𐑛𐑼𐑥𐑩𐑯
alderman	𐑪𐑤𐑛𐑼𐑥𐑩𐑯	ˈɒldərmən	𐑷𐑤𐑛𐑼𐑥𐑩𐑯	ˈɔːldəRmən	high	
alderman	𐑷𐑤𐑛𐑩𐑥𐑩𐑯	ɔːldəmən	𐑷𐑤𐑛𐑼𐑥𐑩𐑯	ˈɔːldəRmən	medium	r_gap:spelling=1,ipa=0; shave_says:𐑷𐑤𐑛𐑼𐑥𐑩𐑯
aldermanic	𐑪𐑤-	ɒl-	𐑷𐑤𐑛𐑼𐑥𐑨𐑯𐑦𐑒	ˌɔːldəRˈmænɪk	medium	r_gap:spelling=1,ipa=0; shave_says:𐑷𐑤𐑛𐑼𐑥𐑨𐑯𐑦𐑒
aldermanic	𐑷𐑤𐑛𐑩𐑥𐑨𐑯𐑦𐑒	ɔːldəmænɪk	𐑷𐑤𐑛𐑼𐑥𐑨𐑯𐑦𐑒	ˌɔːldəRˈmænɪk	medium	r_gap:spelling=1,ipa=0; shave_says:𐑷𐑤𐑛𐑼𐑥𐑨𐑯𐑦𐑒
alejandro	𐑨𐑤𐑦𐑣𐑨𐑯𐑛𐑮𐑴	alɪhandrəʊ	𐑨𐑤𐑦𐑣𐑭𐑯𐑛𐑮𐑴	ˌælɪˈhɑːndrəʊ	high	
alejandro	𐑨𐑤𐑩𐑣𐑪𐑯𐑛𐑮𐑴	ˌæləˈhɒndroʊ	𐑨𐑤𐑦𐑣𐑭𐑯𐑛𐑮𐑴	ˌælɪˈhɑːndrəʊ	high	
alexandra	𐑨𐑤𐑦𐑜𐑟𐑪𐑯𐑛𐑮𐑩	ˌælɪɡˈzɒndrə	𐑨𐑤𐑦𐑜𐑟𐑨𐑯𐑛𐑮𐑩, 𐑨𐑤𐑦𐑜𐑟𐑭𐑯𐑛𐑮𐑩	ˌælɪɡˈzⱭːndrə	high	
alexandria	𐑨𐑤𐑩𐑒𐑟𐑨𐑯𐑛𐑮𐑦𐑩	æləkˈzændriə	𐑨𐑤𐑦𐑜𐑟𐑨𐑯𐑛𐑮𐑾, 𐑨𐑤𐑦𐑜𐑟𐑭𐑯𐑛𐑮𐑾	ˌælɪɡˈzⱭːndriə	high	
alexandria	𐑨𐑤𐑩𐑜𐑟𐑨𐑯𐑛𐑮𐑦𐑩	æləɡˈzændriə	𐑨𐑤𐑦𐑜𐑟𐑨𐑯𐑛𐑮𐑾, 𐑨𐑤𐑦𐑜𐑟𐑭𐑯𐑛𐑮𐑾	ˌælɪɡˈzⱭːndriə	high	
alexia	𐑩𐑤𐑧𐑒𐑕𐑦𐑩	əˈleksiə	𐑩𐑤𐑧𐑒𐑕𐑾	əˈleksɪə	high	
algae	𐑨𐑤𐑜𐑦	ˈælɡi	𐑨𐑤𐑜𐑰	ˈælɡiː	high	
algae	𐑨𐑤𐑡𐑦	ˈældʒi	𐑨𐑤𐑜𐑰	ˈælɡiː	high	
algae	𐑨𐑤𐑡𐑰	ˈældʒiː	𐑨𐑤𐑜𐑰	ˈælɡiː	high	
algebra	𐑨𐑤𐑡𐑩𐑚𐑮𐑩	ˈældʒəbrə	𐑨𐑤𐑡𐑦𐑚𐑮𐑩	ˈældʒɪbrə	high	
algebraically	𐑨𐑤𐑡𐑦𐑚𐑮𐑱𐑦𐑒𐑤𐑦	ˌældʒɪˈbreɪɪkli	𐑨𐑤𐑡𐑩𐑚𐑮𐑱𐑦𐑒𐑤𐑦	ˌældʒəˈbreɪɪkli	high	
algebraically	𐑨𐑤𐑡𐑦𐑚𐑮𐑱𐑦𐑒𐑩𐑤𐑦	ˌældʒɪˈbreɪɪkəli	𐑨𐑤𐑡𐑩𐑚𐑮𐑱𐑦𐑒𐑤𐑦	ˌældʒəˈbreɪɪkli	high	
algeria	𐑨𐑤𐑡𐑦𐑮𐑦𐑩	ælˈdʒɪriə	𐑨𐑤𐑡𐑽𐑾	ælˈdʒɪəriə	high	
algeria	𐑨𐑤𐑡𐑽𐑦𐑩	ældʒɪəriə	𐑨𐑤𐑡𐑽𐑾	ælˈdʒɪəriə	high	
alias	𐑱𐑤𐑦𐑩𐑕	ˈeɪliəs	𐑱𐑤𐑾𐑕	ˈeɪlɪəs	high	
alibi	𐑨𐑤𐑩𐑚𐑲	ˈæləbaɪ	𐑨𐑤𐑦𐑚𐑲	ˈælɪbaɪ	high	
alicante	𐑨𐑤𐑦𐑒𐑨𐑯𐑑	ˌælɪˈkænt	𐑨𐑤𐑦𐑒𐑨𐑯𐑑𐑱	ˌælɪˈkænteɪ	high	
alicante	𐑨𐑤𐑦𐑒𐑨𐑯𐑑𐑦	ˌælɪˈkænti	𐑨𐑤𐑦𐑒𐑨𐑯𐑑𐑱	ˌælɪˈkænteɪ	high	
alicante	𐑪𐑤𐑩𐑒𐑪𐑯𐑑𐑱	ˌɒləˈkɒnteɪ	𐑨𐑤𐑦𐑒𐑨𐑯𐑑𐑱	ˌælɪˈkænteɪ	high	
align	𐑨𐑤𐑲𐑯	æˈlaɪn	𐑩𐑤𐑲𐑯	əˈlaɪn	high	
alimony	𐑨𐑤𐑩𐑥𐑴𐑯𐑦	ˈæləmoʊni	𐑨𐑤𐑦𐑥𐑩𐑯𐑦	ˈælɪməni	high	
all	𐑪𐑤	ɒl	𐑷𐑤	ɔːl	high	
all right	𐑷𐑤𐑮𐑲𐑑	ɔːlraɪt	𐑷𐑤 𐑮𐑲𐑑	ˌɔːl ˈraɪt	high	
all-night	𐑷𐑤𐑯𐑲𐑑	ˌɔːlˈnaɪt	𐑷𐑤-𐑯𐑲𐑑	ˌɔːl-ˈnaɪt	high	
all-round	𐑪𐑤𐑮𐑬𐑯𐑛	ˈɒlˌraʊnd	𐑷𐑤-𐑮𐑬𐑯𐑛	ˈɔːl-raʊnd	high	
allegorical	𐑨𐑤𐑦𐑜𐑹𐑦𐑒𐑩𐑤	ˌælɪˈɡɔːRɪkəl	𐑨𐑤𐑦𐑜𐑪𐑮𐑦𐑒𐑩𐑤	ˌælɪˈɡɒrɪkəl	high	
allegory	𐑨𐑤𐑦𐑜𐑮𐑦	ælɪɡri	𐑨𐑤𐑦𐑜𐑼𐑦	ˈælɪɡəri	high	
allegory	𐑨𐑤𐑩𐑜𐑹𐑦	ˈæləˌɡɔːRi	𐑨𐑤𐑦𐑜𐑼𐑦	ˈælɪɡəri	high	
allergies	𐑨𐑤𐑩𐑡𐑦𐑟	ælədʒiz	𐑨𐑤𐑼𐑡𐑦𐑟	ˈæləRdʒiz	medium	r_gap:spelling=1,ipa=0; shave_says:𐑨𐑤𐑼𐑡𐑦𐑟
allergy	𐑨𐑤𐑩𐑡𐑦	ælədʒi	𐑨𐑤𐑼𐑡𐑦	ˈæləRdʒi	medium	r_gap:spelling=1,ipa=0; shave_says:𐑨𐑤𐑼𐑡𐑦
allocate	𐑨𐑤𐑴𐑒𐑱𐑑	ˈæloʊˌkeɪt	𐑨𐑤𐑩𐑒𐑱𐑑	ˈæləkeɪt	high	
allophone	𐑨𐑤𐑩𐑓𐑴𐑯	ˈaləˌfəʊn	𐑨𐑤𐑴𐑓𐑴𐑯	ˈæləʊfəʊn	high	
allophonic	𐑨𐑤𐑩𐑓𐑪𐑯𐑦𐑒	ˌaləˈfɒnɪk	𐑨𐑤𐑴𐑓𐑪𐑯𐑦𐑒	ˈæləʊfɒnɪk	high	
allotment	𐑩𐑤𐑷𐑑𐑥𐑧𐑯𐑑	əˈlɔːtment	𐑩𐑤𐑪𐑑𐑥𐑩𐑯𐑑	əˈlɒtmənt	high	
allude	𐑩𐑤𐑫𐑛	əˈlud	𐑩𐑤𐑵𐑛	əˈluːd	high	
allude	𐑩𐑤𐑿𐑛	əˈljuːd	𐑩𐑤𐑵𐑛	əˈluːd	high	
allure	𐑩𐑤𐑘𐑩𐑼	əljəəR	𐑩𐑤𐑫𐑼	əˈlʊəR	high	
allure	𐑩𐑤𐑷	əlɔː	𐑩𐑤𐑫𐑼	əˈlʊəR	medium	r_gap:spelling=1,ipa=0; shave_says:𐑩𐑤𐑫𐑼
allure	𐑩𐑤𐑼	əˈləR	𐑩𐑤𐑫𐑼	əˈlʊəR	high	
allurement	𐑩𐑤𐑼𐑥𐑩𐑯𐑑	əˈləRmənt	𐑩𐑤𐑫𐑼𐑥𐑩𐑯𐑑	əˈlʊəRmənt	high	
alluring	𐑩𐑤𐑫𐑮𐑦𐑙	əˈlʊrɪŋ	𐑩𐑤𐑫𐑼𐑦𐑙	əˈlʊərɪŋ	high	
alluring	𐑩𐑤𐑹𐑦𐑙	əlɔːrɪŋ	𐑩𐑤𐑫𐑼𐑦𐑙	əˈlʊərɪŋ	high	
alluring	𐑩𐑤𐑻𐑦𐑙	əˈlɜːRɪŋ	𐑩𐑤𐑫𐑼𐑦𐑙	əˈlʊərɪŋ	high	
allusion	𐑩𐑤𐑫𐑠𐑩𐑯	əˈluʒən	𐑩𐑤𐑵𐑠𐑩𐑯	əˈluːʒən	high	
allusive	𐑩𐑤𐑿𐑕𐑦𐑝	əˈljuːsɪv	𐑩𐑤𐑵𐑕𐑦𐑝	əˈluːsɪv	high	
almanac	𐑨𐑤-	ˈæl-	𐑷𐑤𐑥𐑩𐑯𐑨𐑒	ˈɔːlmənæk	high	
almanac	𐑪𐑤-	ˈɒl-	𐑷𐑤𐑥𐑩𐑯𐑨𐑒	ˈɔːlmənæk	high	
almond	𐑨𐑤𐑥𐑩𐑯𐑛	ˈælmənd	𐑭𐑥𐑩𐑯𐑛	ˈɑːmənd	high	
almond	𐑪𐑤𐑥𐑩𐑯𐑛	ˈɒlmənd	𐑭𐑥𐑩𐑯𐑛	ˈɑːmənd	high	
almond	𐑷𐑤𐑥𐑩𐑯𐑛	ˈɔːlmənd	𐑭𐑥𐑩𐑯𐑛	ˈɑːmənd	high	
almonds	𐑪𐑥𐑩𐑯𐑛𐑟	ˈɒməndz	𐑭𐑥𐑩𐑯𐑛𐑟	ˈɑːməndz	high	
almoner	𐑨𐑤-	æl-	𐑭𐑥𐑩𐑯𐑼	ˈɑːmənəR	medium	r_gap:spelling=1,ipa=0; shave_says:𐑭𐑤𐑥𐑩𐑯𐑼
almoner	𐑨𐑤𐑥𐑩𐑯𐑼	almənəR	𐑭𐑥𐑩𐑯𐑼	ˈɑːmənəR	high	
almoner	𐑪𐑥𐑩-	ˈɒmə-	𐑭𐑥𐑩𐑯𐑼	ˈɑːmənəR	medium	r_gap:spelling=1,ipa=0
almoner	𐑭𐑥𐑼-	ɑːməR-	𐑭𐑥𐑩𐑯𐑼	ˈɑːmənəR	high	
almost	𐑪𐑤𐑥𐑴𐑕𐑑	ˈɒlmoʊst	𐑷𐑤𐑥𐑴𐑕𐑑	ˈɔːlməʊst	high	
almost	𐑴𐑥𐑴𐑕𐑑	ˈoʊmoʊst	𐑷𐑤𐑥𐑴𐑕𐑑	ˈɔːlməʊst	high	
alms	𐑨𐑥𐑟	æmz	𐑭𐑥𐑟	ɑːmz	high	
alms	𐑪𐑤𐑥𐑟	ɒlmz	𐑭𐑥𐑟	ɑːmz	high	
alms	𐑪𐑥𐑟	ɒmz	𐑭𐑥𐑟	ɑːmz	high	
aloe	𐑩𐑤𐑴𐑦	əˈləʊi	𐑨𐑤𐑴	ˈæləʊ	high	
aloft	𐑩𐑤𐑷𐑓𐑑	əˈlɔːft	𐑩𐑤𐑪𐑓𐑑	əˈlɒft	high	
alongside	𐑩𐑤𐑷𐑙𐑕𐑲𐑛	əˌlɔːŋˈsaɪd	𐑩𐑤𐑪𐑙𐑕𐑲𐑛	əˌlɒŋˈsaɪd	high	
alright	𐑪𐑤𐑮𐑲𐑑	ˌɒlˈraɪt	𐑷𐑤𐑮𐑲𐑑	ɔːlˈraɪt	high	
also	𐑷𐑤𐑑𐑕𐑴	ˈɔːltsoʊ	𐑷𐑤𐑕𐑴	ˈɔːlsəʊ	high	
altar	𐑪𐑤𐑑𐑼	ɒltəR	𐑷𐑤𐑑𐑼	ˈɔːltəR	high	
altar	𐑹𐑤𐑑𐑼	ɔːRltəR	𐑷𐑤𐑑𐑼	ˈɔːltəR	high	
alter	𐑪𐑤𐑑𐑼	ɒltəR	𐑷𐑤𐑑𐑼	ˈɔːltəR	high	
alter ego	𐑷𐑤𐑑𐑼 𐑦𐑜𐑴	ˈɔːltəR iɡoʊ	𐑷𐑤𐑑𐑼 𐑰𐑜𐑴	ˌɔːltər ˈiːɡəʊ	high	
alteration	𐑪𐑤𐑑𐑼𐑱𐑖𐑩𐑯	ɒltəreɪʃən	𐑷𐑤𐑑𐑼𐑱𐑖𐑩𐑯	ˌɔːltəˈreɪʃən	high	
altercation	𐑪𐑤-	ɒl-	𐑷𐑤𐑑𐑼𐑒𐑱𐑖𐑩𐑯	ˌɔːltəRˈkeɪʃən	medium	r_gap:spelling=1,ipa=0; shave_says:𐑷𐑤𐑑𐑼𐑒𐑱𐑖𐑩𐑯
altercation	𐑪𐑤𐑑𐑼𐑒𐑱𐑖𐑩𐑯	ˌɒltəRˈkeɪʃən	𐑷𐑤𐑑𐑼𐑒𐑱𐑖𐑩𐑯	ˌɔːltəRˈkeɪʃən	high	
altercation	𐑷𐑤𐑑𐑩𐑒𐑱𐑖𐑩𐑯	ɔːltəkeɪʃən	𐑷𐑤𐑑𐑼𐑒𐑱𐑖𐑩𐑯	ˌɔːltəRˈkeɪʃən	medium	r_gap:spelling=1,ipa=0; shave_says:𐑷𐑤𐑑𐑼𐑒𐑱𐑖𐑩𐑯
alternate	𐑪𐑤𐑑𐑻𐑯𐑩𐑑	ɒltɜːrnət	𐑷𐑤𐑑𐑻𐑯𐑩𐑑, 𐑷𐑤𐑑𐑼𐑯𐑱𐑑	ɔːlˈtɜːRnət	high	
alternate	𐑪𐑤𐑑𐑼𐑯𐑩𐑑	ˈɒltəRnət	𐑷𐑤𐑑𐑻𐑯𐑩𐑑, 𐑷𐑤𐑑𐑼𐑯𐑱𐑑	ɔːlˈtɜːRnət	high	
alternate	𐑪𐑤𐑑𐑼𐑯𐑱𐑑	ɒltərneɪt	𐑷𐑤𐑑𐑻𐑯𐑩𐑑, 𐑷𐑤𐑑𐑼𐑯𐑱𐑑	ɔːlˈtɜːRnət	high	
alternate	𐑷𐑤𐑑𐑼𐑯𐑩𐑑	ˈɔːltəRnət	𐑷𐑤𐑑𐑻𐑯𐑩𐑑, 𐑷𐑤𐑑𐑼𐑯𐑱𐑑	ɔːlˈtɜːRnət	high	
alternately	𐑷𐑤𐑑𐑼𐑯𐑩𐑑𐑤𐑦	ˈɔːltəRnətli	𐑷𐑤𐑑𐑻𐑯𐑩𐑑𐑤𐑦	ɔːlˈtɜːRnətli	high	
alternately	𐑷𐑤𐑑𐑼𐑯𐑩𐑑𐑤𐑰	ɔltərnətliː	𐑷𐑤𐑑𐑻𐑯𐑩𐑑𐑤𐑦	ɔːlˈtɜːRnətli	high	
alternation	𐑪𐑤𐑑𐑼𐑯𐑱𐑖𐑩𐑯	ɒltərneɪʃən	𐑷𐑤𐑑𐑼𐑯𐑱𐑖𐑩𐑯	ˌɔːltəRˈneɪʃən	high	
alternative	𐑪𐑤𐑑𐑻𐑯𐑩𐑑𐑦𐑝	ɒltɜːRnətɪv	𐑷𐑤𐑑𐑻𐑯𐑩𐑑𐑦𐑝	ɔːlˈtɜːRnətɪv	high	
alternatively	𐑪𐑤𐑑𐑻𐑯𐑩𐑑𐑦𐑝𐑤𐑦	ɒltɜːrnətɪvli	𐑷𐑤𐑑𐑻𐑯𐑩𐑑𐑦𐑝𐑤𐑦	ɔːlˈtɜːRnətɪvli	high	
although	𐑪𐑤𐑞𐑴	ɒlˈðoʊ	𐑷𐑤𐑞𐑴	ɔːlˈðəʊ	high	
altogether	𐑪𐑤𐑑𐑩𐑜𐑧𐑞𐑼	ˈɒltəˌɡeðəR	𐑷𐑤𐑑𐑩𐑜𐑧𐑞𐑼	ˌɔːltəˈɡeðəR	high	
altogether	𐑪𐑤𐑑𐑫𐑜𐑧𐑞𐑼	ɒltuˈɡeðəR	𐑷𐑤𐑑𐑩𐑜𐑧𐑞𐑼	ˌɔːltəˈɡeðəR	high	
altogether	𐑷𐑑𐑵𐑜𐑧𐑞𐑼	ɔːtuːɡeðər	𐑷𐑤𐑑𐑩𐑜𐑧𐑞𐑼	ˌɔːltəˈɡeðəR	high	
altogether	𐑷𐑤𐑑𐑫𐑜𐑧𐑞𐑼	ɔːltʊɡeðər	𐑷𐑤𐑑𐑩𐑜𐑧𐑞𐑼	ˌɔːltəˈɡeðəR	high	
altruistic	𐑨𐑤𐑑𐑮𐑫𐑦𐑕𐑑𐑦𐑒	æltruɪstɪk	𐑨𐑤𐑑𐑮𐑵𐑦𐑕𐑑𐑦𐑒	ˌæltruːˈɪstɪk	high	
aluminium	𐑨𐑤𐑘𐑩𐑥𐑦𐑯𐑘𐑩𐑥	ˌæljəˈmɪnjəm	𐑨𐑤𐑘𐑩𐑥𐑦𐑯𐑾𐑥	ˌæljəˈmɪnɪəm	high	
aluminium	𐑨𐑤𐑘𐑩𐑥𐑦𐑯𐑦𐑩𐑥	ˌæljəˈmɪniəm	𐑨𐑤𐑘𐑩𐑥𐑦𐑯𐑾𐑥	ˌæljəˈmɪnɪəm	high	
aluminium	𐑨𐑤𐑘𐑫𐑥𐑦𐑯𐑘𐑩𐑥	ˌæljuˈmɪnjəm	𐑨𐑤𐑘𐑩𐑥𐑦𐑯𐑾𐑥	ˌæljəˈmɪnɪəm	high	
aluminium	𐑨𐑤𐑘𐑫𐑥𐑦𐑯𐑦𐑩𐑥	ˌæljuˈmɪniəm	𐑨𐑤𐑘𐑩𐑥𐑦𐑯𐑾𐑥	ˌæljəˈmɪnɪəm	high	
aluminum	𐑨𐑤𐑘𐑩𐑥𐑦𐑯𐑘𐑩𐑥	ˌæljəˈmɪnjəm	𐑩𐑤𐑵𐑥𐑦𐑯𐑩𐑥	əˈluːmɪnəm	high	
aluminum	𐑩𐑤𐑫𐑥𐑦𐑯𐑩𐑥	əˈlumɪnəm	𐑩𐑤𐑵𐑥𐑦𐑯𐑩𐑥	əˈluːmɪnəm	high	
alumnae	𐑩𐑤𐑳𐑥𐑯𐑲	əˈlʌmnaɪ	𐑩𐑤𐑳𐑥𐑯𐑰	əˈlʌmniː	high	
alveolar	𐑨𐑤𐑝𐑦𐑤𐑼	ælˈviləR	𐑨𐑤𐑝𐑦𐑴𐑤𐑼	ælˈviəʊləR	high	
alveolar	𐑨𐑤𐑝𐑦𐑩𐑤𐑼	ælˈviələR	𐑨𐑤𐑝𐑦𐑴𐑤𐑼	ælˈviəʊləR	high	
alveolar	𐑨𐑤𐑝𐑰𐑩𐑤𐑼	alviːələR	𐑨𐑤𐑝𐑦𐑴𐑤𐑼	ælˈviəʊləR	high	
always	𐑷𐑢𐑱𐑟	ˈɔːweɪz	𐑷𐑤𐑢𐑱𐑟	ˈɔːlweɪz	high	
always	𐑷𐑤𐑢𐑩𐑟	ˈɔːlwƏz	𐑷𐑤𐑢𐑱𐑟	ˈɔːlweɪz	high	
amateur	𐑨𐑥𐑩𐑑𐑼	æmətəR	𐑨𐑥𐑩𐑗𐑼	ˈæmətʃəR	high	
amateur	𐑨𐑥𐑩𐑗𐑫𐑼	ˈæmətʃʊəR	𐑨𐑥𐑩𐑗𐑼	ˈæmətʃəR	high	
amati	𐑪𐑥𐑪𐑑𐑦	ɒmɒti	𐑩𐑥𐑭𐑑𐑦	əˈmɑːti	high	
amatory	𐑨𐑥𐑩𐑑𐑹𐑦	ˈæməˌtɔːRi	𐑨𐑥𐑩𐑑𐑼𐑦	ˈæmətəri	high	
amatory	𐑸𐑥𐑩𐑑𐑼𐑦	ɑːRmətərɪ	𐑨𐑥𐑩𐑑𐑼𐑦	ˈæmətəri	high	
amazon	𐑨𐑥𐑩𐑟𐑪𐑯	ˈæməˌzɒn	𐑨𐑥𐑩𐑟𐑩𐑯	ˈæməzən	high	
amazon	𐑺𐑥𐑩𐑟𐑪𐑯	ˈeəməˌzɒn	𐑨𐑥𐑩𐑟𐑩𐑯	ˈæməzən	high	
ambassador	𐑨𐑥𐑚𐑨𐑕𐑩𐑛𐑹	æmˈbæsəˌdɔːR	𐑨𐑥𐑚𐑨𐑕𐑩𐑛𐑼	æmˈbæsədəR	high	
ambassadorial	𐑨𐑥𐑚𐑨𐑕𐑩𐑛𐑹𐑦𐑩𐑤	æmbæsəˈdɔːRiəl	𐑨𐑥𐑚𐑨𐑕𐑩𐑛𐑹𐑾𐑤	æmˌbæsəˈdɔːrɪəl	high	
ambergris	𐑨𐑥𐑚𐑩𐑜𐑮𐑦𐑕	æmbəɡrɪs	𐑨𐑥𐑚𐑼𐑜𐑮𐑰𐑕	ˈæmbəRɡriːs	medium	r_gap:spelling=2,ipa=1; shave_says:𐑨𐑥𐑚𐑼𐑜𐑮𐑰𐑕
ambergris	𐑨𐑥𐑚𐑼𐑜𐑮𐑦𐑕	ˈæmbəRɡrɪs	𐑨𐑥𐑚𐑼𐑜𐑮𐑰𐑕	ˈæmbəRɡriːs	high	
ambiance	𐑨𐑥𐑚𐑦𐑩𐑯𐑕	ˈæmbiəns	𐑨𐑥𐑚𐑾𐑯𐑕	ˈæmbiəns	high	
ambiance	𐑪𐑥𐑚𐑦𐑪𐑯𐑕	ˈɒmbiɒns	𐑨𐑥𐑚𐑾𐑯𐑕	ˈæmbiəns	high	
ambiguous	𐑺𐑥𐑚𐑦𐑜𐑘𐑫𐑩𐑕	eəmˈbɪɡjuəs	𐑨𐑥𐑚𐑦𐑜𐑘𐑫𐑩𐑕	æmˈbɪɡjuəs	high	
ambrosia	𐑨𐑥𐑚𐑮𐑴𐑠𐑩	æmˈbroʊʒə	𐑨𐑥𐑚𐑮𐑴𐑟𐑾	æmˈbrəʊzɪə	high	
ambulate	𐑨𐑥𐑚𐑘𐑫𐑤𐑱𐑑	ˈæmbjuˌleɪt	𐑨𐑥𐑚𐑘𐑩𐑤𐑱𐑑	ˈæmbjəleɪt	high	
amen	𐑱𐑥𐑧𐑯	ˌeɪˈmen	𐑭𐑥𐑧𐑯	ɑːˈmen	high	
amenable	𐑩𐑥𐑦𐑯𐑩𐑚𐑩𐑤	əˈminəbəl	𐑩𐑥𐑰𐑯𐑩𐑚𐑩𐑤	əˈmiːnəbəl	high	
amenable	𐑩𐑥𐑧𐑯𐑩𐑚𐑩𐑤	əˈmenəbəl	𐑩𐑥𐑰𐑯𐑩𐑚𐑩𐑤	əˈmiːnəbəl	high	
amendments	𐑳𐑥𐑧𐑯𐑛𐑥𐑩𐑯𐑑𐑕	ʌˈmendmənts	𐑩𐑥𐑧𐑯𐑛𐑥𐑩𐑯𐑑𐑕	əˈmendmənts	high	
amenities	𐑩𐑥𐑧𐑯𐑩𐑑𐑰𐑟	əˈmenətiːz	𐑩𐑥𐑰𐑯𐑦𐑑𐑦𐑟	əˈmiːnɪtiz	high	
amenity	𐑩𐑥𐑧𐑯𐑩𐑑𐑦	əˈmenəti	𐑩𐑥𐑰𐑯𐑦𐑑𐑦	əˈmiːnɪti	high	
amenity	𐑩𐑥𐑰𐑯𐑩𐑑𐑦	əˈmiːnəti	𐑩𐑥𐑰𐑯𐑦𐑑𐑦	əˈmiːnɪti	high	
amiability	𐑱𐑥𐑦𐑳𐑚𐑦𐑤𐑩𐑑𐑦	eɪmiʌˈbɪləti	𐑱𐑥𐑾𐑚𐑦𐑤𐑦𐑑𐑦	ˌeɪmɪəˈbɪlɪti	high	
amino	𐑩𐑥𐑦𐑯𐑴	əˈminoʊ	𐑩𐑥𐑰𐑯𐑴	əˈmiːnəʊ	high	
amino	𐑩𐑥𐑲𐑯𐑴	əˈmaɪnəʊ	𐑩𐑥𐑰𐑯𐑴	əˈmiːnəʊ	high	
amis	𐑩𐑥𐑰𐑕	əˈmiːs	𐑱𐑥𐑦𐑕	ˈeɪmɪs	high	
amity	𐑺𐑥𐑦𐑑𐑦	ˈeəmɪti	𐑨𐑥𐑦𐑑𐑦	ˈæmɪti	high	
ammonia	𐑩𐑥𐑴𐑯𐑘𐑩	əˈmoʊnjə	𐑩𐑥𐑴𐑯𐑾	əˈməʊnɪə	high	
ammonia	𐑩𐑥𐑴𐑯𐑦𐑩	əˈmoʊniə	𐑩𐑥𐑴𐑯𐑾	əˈməʊnɪə	high	
ammonium	𐑩𐑥𐑴𐑯𐑦𐑩𐑥	əˈmoʊniəm	𐑩𐑥𐑴𐑯𐑾𐑥	əˈməʊniəm	high	
amnesia	𐑨𐑥𐑯𐑰𐑟𐑦𐑩	æmˈniːziə	𐑨𐑥𐑯𐑰𐑟𐑾	æmˈniːzɪə	high	
amnesia	𐑨𐑥𐑯𐑰𐑠𐑩	æmˈniːʒə	𐑨𐑥𐑯𐑰𐑟𐑾	æmˈniːzɪə	high	
amoral	𐑱𐑥𐑹𐑩𐑤	eɪˈmɔːRəl	𐑱𐑥𐑪𐑮𐑩𐑤	ˌeɪˈmɒrəl	high	
amortization	𐑨𐑥𐑼𐑑𐑩𐑟𐑱𐑖𐑩𐑯	ˌæməRtəˈzeɪʃən	𐑩𐑥𐑹𐑑𐑦𐑟𐑱𐑖𐑩𐑯	əˌmɔːRtɪˈzeɪʃən	high	
amortization	𐑩𐑥𐑹𐑑𐑩𐑟𐑱𐑖𐑩𐑯	əmɔːRtəzeɪʃən	𐑩𐑥𐑹𐑑𐑦𐑟𐑱𐑖𐑩𐑯	əˌmɔːRtɪˈzeɪʃən	high	
amortization	𐑩𐑥𐑹𐑑𐑲𐑟𐑱𐑖𐑩𐑯	əmɔːRtaɪzeɪʃən	𐑩𐑥𐑹𐑑𐑦𐑟𐑱𐑖𐑩𐑯	əˌmɔːRtɪˈzeɪʃən	high	
amortize	𐑨𐑥𐑼𐑑𐑲𐑟	ˈæməRtaɪz	𐑩𐑥𐑹𐑑𐑲𐑟	əˈmɔːRtaɪz	high	
amour	-𐑥𐑪𐑮	-ˈmor	𐑩𐑥𐑫𐑼	əˈmʊəR	high	
amour	𐑨𐑥𐑫𐑼	amʊəR	𐑩𐑥𐑫𐑼	əˈmʊəR	high	
amour	𐑩𐑥𐑫𐑮	əˈmʊr	𐑩𐑥𐑫𐑼	əˈmʊəR	high	
amour	𐑪𐑥𐑫𐑮	ɒˈmʊr	𐑩𐑥𐑫𐑼	əˈmʊəR	high	
ampere	𐑨𐑥𐑐𐑽	ˈæmˌpɪər	𐑨𐑥𐑐𐑺	ˈæmpeəR	high	
amphitheatre	𐑨𐑥𐑐𐑩𐑔𐑦𐑘𐑩𐑑𐑼	ˈæmpəˌθijətəR	𐑨𐑥𐑓𐑦𐑔𐑾𐑑𐑼	ˈæmfɪθɪətəR	high	
amphitheatre	𐑨𐑥𐑓𐑦𐑔𐑰𐑩𐑑𐑼	æmfɪθiːətəR	𐑨𐑥𐑓𐑦𐑔𐑾𐑑𐑼	ˈæmfɪθɪətəR	high	
amphitheatre	𐑨𐑥𐑓𐑩𐑔𐑦𐑘𐑩𐑑𐑼	ˈæmfəˌθijətəR	𐑨𐑥𐑓𐑦𐑔𐑾𐑑𐑼	ˈæmfɪθɪətəR	high	
amphora	𐑨𐑥𐑐𐑓𐑪𐑮𐑩	æmpˈforə	𐑨𐑥𐑓𐑼𐑩	ˈæmfərə	high	
amphora	𐑨𐑥𐑐𐑓𐑼𐑩	ˈæmpfəRə	𐑨𐑥𐑓𐑼𐑩	ˈæmfərə	high	
amphora	𐑨𐑥𐑓𐑹𐑩	æmfɔːrə	𐑨𐑥𐑓𐑼𐑩	ˈæmfərə	high	
amplifier	𐑨𐑥𐑐𐑤𐑩𐑓𐑲𐑮	ˈæmpləfaɪr	𐑨𐑥𐑐𐑤𐑦𐑓𐑲𐑼	ˈæmplɪfaɪəR	high	
amplifier	𐑨𐑥𐑐𐑤𐑩𐑓𐑲𐑼	æmpləfaɪəR	𐑨𐑥𐑐𐑤𐑦𐑓𐑲𐑼	ˈæmplɪfaɪəR	high	
amplifier	𐑺𐑥𐑐𐑤𐑩𐑓𐑲𐑮	ˈeəmpləfaɪr	𐑨𐑥𐑐𐑤𐑦𐑓𐑲𐑼	ˈæmplɪfaɪəR	high	
amplifier	𐑺𐑥𐑐𐑤𐑩𐑓𐑲𐑼	ˈeəmpləfaɪəR	𐑨𐑥𐑐𐑤𐑦𐑓𐑲𐑼	ˈæmplɪfaɪəR	high	
amplifiers	𐑨𐑥𐑐𐑤𐑩𐑓𐑲𐑮𐑟	ˈæmpləfaɪrz	𐑨𐑥𐑐𐑤𐑦𐑓𐑲𐑼𐑟	ˈæmplɪfaɪəRz	high	
amplifiers	𐑨𐑥𐑐𐑤𐑩𐑓𐑲𐑼𐑟	æmpləfaɪəRz	𐑨𐑥𐑐𐑤𐑦𐑓𐑲𐑼𐑟	ˈæmplɪfaɪəRz	high	
amplify	𐑨𐑥𐑐𐑤𐑩𐑓𐑲	ˈæmpləfaɪ	𐑨𐑥𐑐𐑤𐑦𐑓𐑲	ˈæmplɪfaɪ	high	
amplify	𐑺𐑥𐑐𐑤𐑩𐑓𐑲	ˈeəmpləfaɪ	𐑨𐑥𐑐𐑤𐑦𐑓𐑲	ˈæmplɪfaɪ	high	
amplitude	𐑨𐑥𐑐𐑤𐑦𐑑𐑫𐑛	ˈæmplɪtud	𐑨𐑥𐑐𐑤𐑦𐑑𐑵𐑛, 𐑨𐑥𐑐𐑤𐑦𐑑𐑿𐑛	ˈæmplɪtjuːd	high	
amply	𐑺𐑥𐑐𐑤𐑦	ˈeəmpli	𐑨𐑥𐑐𐑤𐑦	ˈæmpli	high	
amputation	𐑺𐑥𐑐𐑘𐑩𐑑𐑱𐑖𐑩𐑯	ˌeəmpjəˈteɪʃən	𐑨𐑥𐑐𐑘𐑩𐑑𐑱𐑖𐑩𐑯	ˌæmpjəˈteɪʃən	high	
amsterdam	𐑨𐑥𐑕𐑑𐑩𐑛𐑨𐑥	æmstədæm	𐑨𐑥𐑕𐑑𐑼𐑛𐑨𐑥	ˌæmstəRˈdæm	medium	r_gap:spelling=1,ipa=0; shave_says:𐑨𐑥𐑕𐑑𐑼𐑛𐑨𐑥
an	𐑨𐑯	ˈæn	𐑩𐑯	ən	high	
an	𐑺𐑯	ˈeən	𐑩𐑯	ən	high	
analgesia	𐑨𐑯𐑩𐑤𐑡𐑰𐑟𐑦𐑩	ˌænəlˈdʒiːziə	𐑨𐑯𐑩𐑤𐑡𐑰𐑟𐑾	ˌænəlˈdʒiːzɪə	high	
analgesia	𐑨𐑯𐑩𐑤𐑡𐑰𐑠𐑦𐑩	ˌænəlˈdʒiːʒiə	𐑨𐑯𐑩𐑤𐑡𐑰𐑟𐑾	ˌænəlˈdʒiːzɪə	high	
analgesia	𐑨𐑯𐑩𐑤𐑡𐑰𐑠𐑩	ˌænəlˈdʒiːʒə	𐑨𐑯𐑩𐑤𐑡𐑰𐑟𐑾	ˌænəlˈdʒiːzɪə	high	
analog	𐑨𐑯𐑩𐑤𐑷𐑜	ˈanəlɔɡ	𐑨𐑯𐑩𐑤𐑪𐑜	ˈænəlɒɡ	high	
analog	𐑺𐑯𐑩𐑤𐑪𐑜	ˈeənəˌlɒɡ	𐑨𐑯𐑩𐑤𐑪𐑜	ˈænəlɒɡ	high	
analog	𐑺𐑯𐑩𐑤𐑷𐑜	ˈeənəˌlɔːɡ	𐑨𐑯𐑩𐑤𐑪𐑜	ˈænəlɒɡ	high	
analytical	𐑨𐑯𐑩𐑤𐑦𐑑𐑦𐑒𐑤	ˌænəˈlɪtɪkl	𐑨𐑯𐑩𐑤𐑦𐑑𐑦𐑒𐑩𐑤	ˌænəˈlɪtɪkəl	high	
analytical	𐑨𐑯𐑩𐑤𐑦𐑑𐑩𐑒𐑤	ˌænəˈlɪtəkl	𐑨𐑯𐑩𐑤𐑦𐑑𐑦𐑒𐑩𐑤	ˌænəˈlɪtɪkəl	high	
analytical	𐑨𐑯𐑩𐑤𐑦𐑑𐑩𐑒𐑩𐑤	ˌænəˈlɪtəkəl	𐑨𐑯𐑩𐑤𐑦𐑑𐑦𐑒𐑩𐑤	ˌænəˈlɪtɪkəl	high	
analytical	𐑺𐑯𐑩𐑤𐑦𐑑𐑦𐑒𐑤	ˌeənəˈlɪtɪkl	𐑨𐑯𐑩𐑤𐑦𐑑𐑦𐑒𐑩𐑤	ˌænəˈlɪtɪkəl	high	
analytical	𐑺𐑯𐑩𐑤𐑦𐑑𐑩𐑒𐑤	ˌeənəˈlɪtəkl	𐑨𐑯𐑩𐑤𐑦𐑑𐑦𐑒𐑩𐑤	ˌænəˈlɪtɪkəl	high	
analytically	𐑨𐑯𐑩𐑤𐑦𐑑𐑦𐑒𐑩𐑤𐑦	ˌænəˈlɪtɪkəli	𐑨𐑯𐑩𐑤𐑦𐑑𐑦𐑒𐑤𐑦	ˌænəˈlɪtɪkli	high	
analytically	𐑺𐑯𐑩𐑤𐑦𐑑𐑦𐑒𐑤𐑦	ˌeənəˈlɪtɪkli	𐑨𐑯𐑩𐑤𐑦𐑑𐑦𐑒𐑤𐑦	ˌænəˈlɪtɪkli	high	
analyze	𐑺𐑯𐑩𐑤𐑲𐑟	ˈeənəˌlaɪz	𐑨𐑯𐑩𐑤𐑲𐑟	ˈænəlaɪz	high	
anarchic	𐑨𐑯𐑸𐑒𐑦𐑒	ænɑːRkɪk	𐑩𐑯𐑸𐑒𐑦𐑒	əˈnɑːRkɪk	high	
anarchically	𐑨𐑯𐑩𐑒𐑦𐑒𐑩𐑤𐑦	anəkɪkəli	𐑩𐑯𐑸𐑒𐑦𐑒𐑤𐑦	ənˈɑːRkɪkli	medium	r_gap:spelling=1,ipa=0; shave_says:𐑩𐑯𐑸𐑒𐑦𐑒𐑤𐑦
anarchism	𐑨𐑯𐑩𐑒𐑦𐑟𐑩𐑥	anəkɪzəm	𐑨𐑯𐑼𐑒𐑦𐑟𐑩𐑥	ˈænəRkɪzəm	medium	r_gap:spelling=1,ipa=0; shave_says:𐑨𐑯𐑼𐑒𐑦𐑟𐑩𐑥
anarchism	𐑨𐑯𐑸𐑒𐑦𐑟𐑩𐑥	ˈæˌnɑːRˌkɪzəm	𐑨𐑯𐑼𐑒𐑦𐑟𐑩𐑥	ˈænəRkɪzəm	high	
anarchist	𐑨𐑯𐑩𐑒𐑦𐑕𐑑	ænəkɪst	𐑨𐑯𐑼𐑒𐑦𐑕𐑑	ˈænəRkɪst	medium	r_gap:spelling=1,ipa=0; shave_says:𐑨𐑯𐑼𐑒𐑦𐑕𐑑
anarchist	𐑨𐑯𐑸𐑒𐑦𐑕𐑑	ˈænɑːRkɪst	𐑨𐑯𐑼𐑒𐑦𐑕𐑑	ˈænəRkɪst	high	
anarchy	𐑨𐑯𐑩𐑒𐑦	ænəki	𐑨𐑯𐑼𐑒𐑦	ˈænəRki	medium	r_gap:spelling=1,ipa=0; shave_says:𐑨𐑯𐑼𐑒𐑦
anarchy	𐑨𐑯𐑸𐑒𐑦	ˈænɑːRki	𐑨𐑯𐑼𐑒𐑦	ˈænəRki	high	
anatomize	-𐑑𐑩-	-tə-	𐑩𐑯𐑨𐑑𐑩𐑥𐑲𐑟	əˈnætəmaɪz	high	
ancestral	𐑨𐑯𐑕𐑧𐑕𐑑𐑼𐑩𐑤	ænˈsestərəl	𐑨𐑯𐑕𐑧𐑕𐑑𐑮𐑩𐑤	ænˈsestrəl	high	
anchovies	𐑨𐑯𐑗𐑩𐑝𐑦𐑟	ˈæntʃəviz	𐑨𐑯𐑗𐑴𐑝𐑦𐑟	ˈæntʃəʊviz	high	
anchovy	𐑨𐑯𐑗𐑩𐑝𐑦	ˈæntʃəvi	𐑨𐑯𐑗𐑴𐑝𐑦	ˈæntʃəʊvi	high	
ancillary	𐑧𐑯𐑕𐑩𐑤𐑧𐑮𐑦	ˈensəˌleri	𐑨𐑯𐑕𐑦𐑤𐑼𐑦	ænˈsɪləri	high	
ancillary	𐑨𐑯𐑕𐑦𐑤𐑼𐑰	ænsɪləriː	𐑨𐑯𐑕𐑦𐑤𐑼𐑦	ænˈsɪləri	high	
ancillary	𐑨𐑯𐑕𐑩𐑤𐑧𐑮𐑦	ˈænsəˌleri	𐑨𐑯𐑕𐑦𐑤𐑼𐑦	ænˈsɪləri	high	
andante	𐑨𐑯𐑛𐑨𐑯𐑑𐑦	ænˈdænti	𐑨𐑯𐑛𐑨𐑯𐑑𐑱	ænˈdænteɪ	high	
andante	𐑪𐑯𐑛𐑪𐑯𐑑𐑱	ɒnˈdɒnˌteɪ	𐑨𐑯𐑛𐑨𐑯𐑑𐑱	ænˈdænteɪ	high	
andiron	𐑨𐑯𐑛𐑲𐑩𐑯	ændaɪən	𐑨𐑯𐑛𐑲𐑼𐑯	ˈændaɪəRn	medium	r_gap:spelling=1,ipa=0; shave_says:𐑨𐑯𐑛𐑲𐑼𐑯
andorra	𐑨𐑯𐑛𐑪𐑮𐑩	ænˈdorə	𐑨𐑯𐑛𐑹𐑩	ænˈdɔːrə	medium	r_gap:spelling=2,ipa=1
andorran	𐑨𐑯𐑛𐑪𐑮𐑩𐑯	ændɒrən	𐑨𐑯𐑛𐑹𐑩𐑯	ænˈdɔːrən	medium	r_gap:spelling=2,ipa=1; shave_says:𐑨𐑯𐑛𐑹𐑩𐑯
andrews	𐑨𐑯𐑛𐑮𐑫𐑟	ˈændruz	𐑨𐑯𐑛𐑮𐑵𐑟	ˈændruːz	high	
anecdotal	𐑨𐑯𐑦𐑒𐑛𐑴𐑑𐑤	ˌænɪkˈdəʊtl	𐑨𐑯𐑦𐑒𐑛𐑴𐑑𐑩𐑤	ˌænɪkˈdəʊtəl	high	
anecdotal	𐑺𐑯𐑦𐑒𐑛𐑴𐑑𐑤	ˌeənɪkˈdoʊtl	𐑨𐑯𐑦𐑒𐑛𐑴𐑑𐑩𐑤	ˌænɪkˈdəʊtəl	high	
anecdote	𐑺𐑯𐑦𐑒𐑛𐑴𐑑	ˈeənɪkˌdoʊt	𐑨𐑯𐑦𐑒𐑛𐑴𐑑	ˈænɪkdəʊt	high	
anemometer	𐑨𐑯𐑦𐑥𐑪𐑥𐑩𐑑𐑼	ænɪmɒmətəR	𐑨𐑯𐑦𐑥𐑪𐑥𐑦𐑑𐑼	ˌænɪˈmɒmɪtəR	high	
anesthesia	𐑨𐑯𐑩𐑕𐑑𐑦𐑠𐑩	ˌænəsˈtiʒə	𐑨𐑯𐑩𐑕𐑔𐑰𐑠𐑩	ˌænəsˈθiːʒə	high	
anesthesia	𐑨𐑯𐑩𐑕𐑔𐑦𐑠𐑩	ˌænəsˈθiʒə	𐑨𐑯𐑩𐑕𐑔𐑰𐑠𐑩	ˌænəsˈθiːʒə	high	
anesthesia	𐑨𐑯𐑩𐑕𐑔𐑰𐑟𐑦𐑩	ˌænəsˈθiːziə	𐑨𐑯𐑩𐑕𐑔𐑰𐑠𐑩	ˌænəsˈθiːʒə	high	
anesthetize	𐑨𐑯𐑰𐑕𐑔𐑩𐑑𐑲𐑟	æˈniːsθətaɪz	𐑩𐑯𐑰𐑕𐑔𐑩𐑑𐑲𐑟	ənˈiːsθətaɪz	high	
anesthetize	𐑩𐑯𐑧𐑕𐑔𐑦𐑑𐑲𐑟	əˈnesθɪtaɪz	𐑩𐑯𐑰𐑕𐑔𐑩𐑑𐑲𐑟	ənˈiːsθətaɪz	high	
anesthetize	𐑩𐑯𐑧𐑕𐑔𐑩𐑑𐑲𐑟	əˈnesθətaɪz	𐑩𐑯𐑰𐑕𐑔𐑩𐑑𐑲𐑟	ənˈiːsθətaɪz	high	
anew	𐑩𐑯𐑫	əˈnu	𐑩𐑯𐑵, 𐑩𐑯𐑿	əˈnjuː	high	
anglicised	𐑨𐑙𐑤𐑦𐑕𐑲𐑟𐑛	ˈæŋlɪsaɪzd	𐑨𐑙𐑜𐑤𐑦𐑕𐑲𐑟𐑛	ˈæŋɡlɪsaɪzd	high	
anglo-	𐑨𐑙𐑜𐑤𐑴	ˈæŋɡləʊ	𐑨𐑙𐑜𐑤𐑴-	ˈˌæŋɡləʊ-	high	
anglo-saxon	𐑨𐑙𐑜𐑤𐑴𐑕𐑨𐑒𐑕𐑩𐑯	ˌæŋɡləʊˈsæksən	𐑨𐑙𐑜𐑤𐑴-𐑕𐑨𐑒𐑕𐑩𐑯	ˌæŋɡləʊ-ˈsæksən	high	
anglophobe	𐑨𐑙𐑜𐑤𐑴𐑓𐑴𐑚	ˈaŋɡləʊfəʊb	𐑨𐑙𐑜𐑤𐑩𐑓𐑴𐑚	ˈæŋɡləfəʊb	high	
anglophobes	𐑨𐑙𐑜𐑤𐑴𐑓𐑴𐑚𐑟	ˈaŋɡləʊfəʊbz	𐑨𐑙𐑜𐑤𐑩𐑓𐑴𐑚𐑟	ˈæŋɡləfəʊbz	high	
angrily	𐑨𐑙𐑜𐑮𐑩𐑤𐑦	ˈæŋɡrəli	𐑨𐑙𐑜𐑮𐑦𐑤𐑦	ˈæŋɡrɪli	high	
angstrom	𐑨𐑙𐑕𐑑𐑮𐑳𐑥	æŋstrʌm	𐑨𐑙𐑕𐑑𐑮𐑩𐑥	ˈæŋstrəm	high	
angstrom	𐑷𐑙𐑕𐑑𐑮𐑩𐑥	ˈɔːŋstrəm	𐑨𐑙𐑕𐑑𐑮𐑩𐑥	ˈæŋstrəm	high	
angular	-𐑤𐑸	-lɑːR	𐑨𐑙𐑜𐑘𐑩𐑤𐑼	ˈæŋɡjələR	high	
angular	𐑨𐑙𐑜𐑘𐑫𐑤𐑼	ˈæŋɡjuləR	𐑨𐑙𐑜𐑘𐑩𐑤𐑼	ˈæŋɡjələR	high	
aniline	𐑨𐑯𐑦𐑤𐑦𐑯	ˈænɪlin	𐑨𐑯𐑦𐑤𐑰𐑯	ˈænɪliːn	high	
animadversion	𐑨𐑯𐑦𐑥𐑨𐑛𐑝𐑻𐑖𐑩𐑯	ˌænɪmædˈvɜːRʃən	𐑨𐑯𐑦𐑥𐑨𐑛𐑝𐑻𐑠𐑩𐑯	ˌænɪmædˈvɜːRʒən	high	
animalcule	𐑨𐑯𐑩𐑥𐑨𐑤𐑒𐑘𐑫𐑤	ˌænəˈmælˌkjul	𐑨𐑯𐑦𐑥𐑨𐑤𐑒𐑿𐑤	ˌænɪˈmælkjuːl	high	
animate	𐑨𐑯𐑩𐑥𐑩𐑑	ˈænəmət	𐑨𐑯𐑦𐑥𐑩𐑑, 𐑨𐑯𐑦𐑥𐑱𐑑	ˈænɪmət	high	
animate	𐑨𐑯𐑩𐑥𐑱𐑑	ˈænəmeɪt	𐑨𐑯𐑦𐑥𐑩𐑑, 𐑨𐑯𐑦𐑥𐑱𐑑	ˈænɪmət	high	
animosity	𐑨𐑯𐑩𐑥𐑪𐑕𐑦𐑑𐑦	ænəˈmɒsɪti	𐑨𐑯𐑦𐑥𐑪𐑕𐑦𐑑𐑦	ˌænɪˈmɒsɪti	high	
animosity	𐑺𐑯𐑩𐑥𐑪𐑕𐑦𐑑𐑦	eənəˈmɒsɪti	𐑨𐑯𐑦𐑥𐑪𐑕𐑦𐑑𐑦	ˌænɪˈmɒsɪti	high	
anion	𐑨𐑯𐑲𐑪𐑯	ˈænˌaɪɒn	𐑨𐑯𐑲𐑩𐑯	ˈænaɪən	high	
anions	𐑨𐑯𐑲𐑪𐑯𐑟	ˈænaɪɒnz	𐑨𐑯𐑲𐑩𐑯𐑟	ˈænaɪənz	high	
anise	𐑨𐑯𐑦𐑕	ˈænɪs	𐑨𐑯𐑰𐑕	ˈæniːs	high	
aniseed	𐑨𐑯𐑦𐑕𐑦𐑛	ˈænɪsid	𐑨𐑯𐑦𐑕𐑰𐑛	ˈænɪsiːd	high	
ankylosaur	𐑨𐑙𐑒𐑦𐑤𐑴𐑕𐑷𐑼	æŋkɪləʊsɔər	𐑨𐑙𐑒𐑦𐑤𐑩𐑕𐑹	ˈaŋkɪləsɔːR	high	
ankylosaur	𐑨𐑙𐑒𐑦𐑤𐑴𐑕𐑹	ˈæŋkɪloʊˌsɔːr	𐑨𐑙𐑒𐑦𐑤𐑩𐑕𐑹	ˈaŋkɪləsɔːR	high	
ankylosaur	𐑨𐑙𐑒𐑩𐑤𐑴𐑕𐑹	ˈæŋkəloʊˌsɔːr	𐑨𐑙𐑒𐑦𐑤𐑩𐑕𐑹	ˈaŋkɪləsɔːR	high	
anniversary	𐑨𐑯𐑩𐑝𐑻𐑕𐑼𐑦	ˌænəˈvɜːRsəri	𐑨𐑯𐑦𐑝𐑻𐑕𐑼𐑦	ˌænɪˈvɜːRsəri	high	
anno domini	𐑨𐑯𐑴 𐑛𐑪𐑥𐑩𐑯𐑦	ˈænəʊ ˈdɒmənɪ	𐑨𐑯𐑴 𐑛𐑪𐑥𐑦𐑯𐑲	ˌænəʊ ˈdɒmɪnaɪ	high	
annotate	𐑺𐑯𐑩𐑑𐑱𐑑	ˈeənəteɪt	𐑨𐑯𐑩𐑑𐑱𐑑	ˈænəteɪt	high	
announce	𐑨𐑯𐑬𐑯𐑕	ˈænaʊns	𐑩𐑯𐑬𐑯𐑕	əˈnaʊns	high	
announce	𐑩𐑯𐑬𐑯𐑑𐑕	əˈnaʊnts	𐑩𐑯𐑬𐑯𐑕	əˈnaʊns	high	
annual	𐑨𐑯𐑘𐑩𐑤	ˈænjəl	𐑨𐑯𐑘𐑫𐑩𐑤	ˈænjuəl	high	
annually	𐑨𐑯𐑘𐑩𐑩𐑤𐑦	ˈænjəəli	𐑨𐑯𐑘𐑫𐑩𐑤𐑦	ˈænjuəli	medium	ml_disagrees:𐑨𐑯𐑘𐑫𐑩𐑤𐑦; shave_says:𐑨𐑯𐑿𐑤𐑦
anonymous	𐑩𐑯𐑪𐑯𐑩𐑥𐑩𐑕	əˈnɒnəməs	𐑩𐑯𐑪𐑯𐑦𐑥𐑩𐑕	əˈnɒnɪməs	high	
anopheles	𐑩𐑯𐑪𐑓𐑩𐑤𐑦𐑟	əˈnɒfəliz	𐑩𐑯𐑪𐑓𐑦𐑤𐑰𐑟	əˈnɒfɪliːz	high	
answerable	𐑨𐑯𐑕𐑼𐑩𐑚𐑤	ˈænsərəbl	𐑨𐑯𐑕𐑼𐑩𐑚𐑩𐑤, 𐑭𐑯𐑕𐑼𐑩𐑚𐑩𐑤	ˈⱭːnsərəbəl	high	
answerable	𐑭𐑯𐑕𐑮𐑩𐑚𐑩𐑤	ɑːnsrəbəl	𐑨𐑯𐑕𐑼𐑩𐑚𐑩𐑤, 𐑭𐑯𐑕𐑼𐑩𐑚𐑩𐑤	ˈⱭːnsərəbəl	high	
answering	𐑺𐑯𐑕𐑼𐑦𐑙	ˈeənsəRɪŋ	𐑨𐑯𐑕𐑼𐑦𐑙, 𐑭𐑯𐑕𐑼𐑦𐑙	ˈⱭːnsərɪŋ	high	
antagonist	𐑺𐑯𐑑𐑨𐑜𐑩𐑯𐑦𐑕𐑑	eənˈtæɡənɪst	𐑨𐑯𐑑𐑨𐑜𐑩𐑯𐑦𐑕𐑑	ænˈtæɡənɪst	high	
antagonistic	𐑺𐑯𐑑𐑨𐑜𐑩𐑯𐑦𐑕𐑑𐑦𐑒	eənˌtæɡəˈnɪstɪk	𐑨𐑯𐑑𐑨𐑜𐑩𐑯𐑦𐑕𐑑𐑦𐑒	ænˌtæɡəˈnɪstɪk	high	
antagonize	𐑨𐑯𐑑𐑨𐑜𐑦𐑯𐑲𐑟	ænˈtæɡɪnaɪz	𐑨𐑯𐑑𐑨𐑜𐑩𐑯𐑲𐑟	ˌænˈtæɡənaɪz	high	
antagonize	𐑺𐑯𐑑𐑨𐑜𐑦𐑯𐑲𐑟	eənˈtæɡɪnaɪz	𐑨𐑯𐑑𐑨𐑜𐑩𐑯𐑲𐑟	ˌænˈtæɡənaɪz	high	
antagonize	𐑺𐑯𐑑𐑨𐑜𐑩𐑯𐑲𐑟	eənˈtæɡənaɪz	𐑨𐑯𐑑𐑨𐑜𐑩𐑯𐑲𐑟	ˌænˈtæɡənaɪz	high	
antarctica	𐑨𐑯𐑸𐑑𐑦𐑒𐑩	ænɑːRtɪkə	𐑨𐑯𐑑𐑸𐑒𐑑𐑦𐑒𐑩	ænˈtɑːRktɪkə	high	
ante	𐑺𐑯𐑑𐑦	ˈeənti	𐑨𐑯𐑑𐑦	ˈænti	high	
antediluvian	-𐑑𐑦-	-ti-	𐑨𐑯𐑑𐑦𐑛𐑦𐑤𐑵𐑝𐑾𐑯	ˌæntidɪˈluːvɪən	high	
antediluvian	-𐑑𐑩-	-tə-	𐑨𐑯𐑑𐑦𐑛𐑦𐑤𐑵𐑝𐑾𐑯	ˌæntidɪˈluːvɪən	high	
antediluvian	𐑨𐑯𐑑𐑦𐑛𐑩𐑤𐑫𐑝𐑦𐑩𐑯	ˌæntidəˈluviən	𐑨𐑯𐑑𐑦𐑛𐑦𐑤𐑵𐑝𐑾𐑯	ˌæntidɪˈluːvɪən	high	
antediluvian	𐑨𐑯𐑑𐑩𐑛𐑲𐑤𐑫𐑝𐑦𐑩𐑯	ˌæntəˌdaɪˈluviən	𐑨𐑯𐑑𐑦𐑛𐑦𐑤𐑵𐑝𐑾𐑯	ˌæntidɪˈluːvɪən	high	
antennae	𐑨𐑯𐑑𐑧𐑯𐑦	ænˈteni	𐑨𐑯𐑑𐑧𐑯𐑰	ænˈteniː	high	
antennae	𐑨𐑯𐑑𐑧𐑯𐑱	ænˈteneɪ	𐑨𐑯𐑑𐑧𐑯𐑰	ænˈteniː	high	
antennae	𐑨𐑯𐑑𐑧𐑯𐑲	ænˈtenaɪ	𐑨𐑯𐑑𐑧𐑯𐑰	ænˈteniː	high	
anterior	𐑨𐑯𐑑𐑦𐑮𐑦𐑼	ænˈtɪriəR	𐑨𐑯𐑑𐑽𐑽	ænˈtɪərɪəR	high	
anterior	𐑨𐑯𐑑𐑽𐑦𐑼	antɪəriəR	𐑨𐑯𐑑𐑽𐑽	ænˈtɪərɪəR	high	
anteroom	𐑨𐑯𐑑𐑦𐑮𐑫𐑥	ˈæntirʊm	𐑨𐑯𐑑𐑦𐑮𐑵𐑥	ˈæntiruːm	high	
anthropologist	𐑨𐑯𐑔𐑮𐑴𐑐𐑪𐑤𐑩𐑡𐑦𐑕𐑑	ˌænθroʊˈpɒlədʒɪst	𐑨𐑯𐑔𐑮𐑩𐑐𐑪𐑤𐑩𐑡𐑦𐑕𐑑	ˌænθrəˈpɒlədʒɪst	high	
anti	𐑨𐑯𐑑𐑲	ˈæntaɪ	𐑨𐑯𐑑𐑦	ˈænti	high	
anti-	𐑨𐑯𐑑𐑦	ˈænˌti	𐑨𐑯𐑑𐑦-	ˈˌænti-	high	
anti-	𐑨𐑯𐑑𐑩	ˈæntə	𐑨𐑯𐑑𐑦-	ˈˌænti-	high	
anti-	𐑨𐑯𐑑𐑲	ˈænˌtaɪ	𐑨𐑯𐑑𐑦-	ˈˌænti-	high	
anti-	𐑺𐑯𐑑𐑦	ˈeənti	𐑨𐑯𐑑𐑦-	ˈˌænti-	high	
anti-	𐑺𐑯𐑑𐑩	ˈeəntə	𐑨𐑯𐑑𐑦-	ˈˌænti-	high	
anti-	𐑺𐑯𐑑𐑲	ˈeənˌtaɪ	𐑨𐑯𐑑𐑦-	ˈˌænti-	high	
anti-semite	𐑨𐑯𐑑𐑦𐑕𐑰𐑥𐑲𐑑	ˌæntiˈsiːmaɪt	𐑨𐑯𐑑𐑦-𐑕𐑧𐑥𐑲𐑑	ˌænti-ˈsemaɪt	high	
anti-semitic	𐑨𐑯𐑑𐑰𐑕𐑩𐑥𐑦𐑑𐑦𐑒	ˌæntiːsəˈmɪtɪk	𐑨𐑯𐑑𐑦-𐑕𐑩𐑥𐑦𐑑𐑦𐑒	ˌænti-səˈmɪtɪk	high	
anti-semitic	𐑨𐑯𐑑𐑰𐑕𐑩𐑥𐑧𐑑𐑦𐑒	ˌæntiːsəˈmetɪk	𐑨𐑯𐑑𐑦-𐑕𐑩𐑥𐑦𐑑𐑦𐑒	ˌænti-səˈmɪtɪk	high	
anti-semitic	𐑨𐑯𐑑𐑲-	ˌæntaɪ-	𐑨𐑯𐑑𐑦-𐑕𐑩𐑥𐑦𐑑𐑦𐑒	ˌænti-səˈmɪtɪk	high	
antibiotic	𐑨𐑯𐑑𐑩𐑚𐑲𐑪𐑑𐑦𐑒	ˌæntəbaɪˈɒtɪk	𐑨𐑯𐑑𐑦𐑚𐑲𐑪𐑑𐑦𐑒	ˌæntibaɪˈɒtɪk	high	
antibiotic	𐑨𐑯𐑑𐑲𐑚𐑲𐑪𐑑𐑦𐑒	ˌæntaɪbaɪˈɒtɪk	𐑨𐑯𐑑𐑦𐑚𐑲𐑪𐑑𐑦𐑒	ˌæntibaɪˈɒtɪk	high	
antibiotic	𐑺𐑯𐑑𐑦𐑚𐑲𐑪𐑑𐑦𐑒	ˌeəntibaɪˈɒtɪk	𐑨𐑯𐑑𐑦𐑚𐑲𐑪𐑑𐑦𐑒	ˌæntibaɪˈɒtɪk	high	
antibiotic	𐑺𐑯𐑑𐑩𐑚𐑲𐑪𐑑𐑦𐑒	ˌeəntəbaɪˈɒtɪk	𐑨𐑯𐑑𐑦𐑚𐑲𐑪𐑑𐑦𐑒	ˌæntibaɪˈɒtɪk	high	
antibiotic	𐑺𐑯𐑑𐑲𐑚𐑲𐑪𐑑𐑦𐑒	ˌeəntaɪbaɪˈɒtɪk	𐑨𐑯𐑑𐑦𐑚𐑲𐑪𐑑𐑦𐑒	ˌæntibaɪˈɒtɪk	high	
antibody	𐑨𐑯𐑑𐑦𐑚𐑪𐑑𐑦	ˈæntɪˌbɒti	𐑨𐑯𐑑𐑦𐑚𐑪𐑛𐑦	ˈæntibɒdi	high	
antibody	𐑨𐑯𐑑𐑦𐑚𐑷𐑛𐑦	ˈæntiˌbɔdi	𐑨𐑯𐑑𐑦𐑚𐑪𐑛𐑦	ˈæntibɒdi	high	
antibody	𐑺𐑯𐑑𐑦𐑚𐑪𐑑𐑦	ˈeəntɪˌbɒti	𐑨𐑯𐑑𐑦𐑚𐑪𐑛𐑦	ˈæntibɒdi	high	
anticipate	𐑨𐑯𐑑𐑦𐑕𐑩𐑐𐑱𐑑	ænˈtɪsəpeɪt	𐑨𐑯𐑑𐑦𐑕𐑦𐑐𐑱𐑑	ænˈtɪsɪpeɪt	high	
anticipate	𐑺𐑯𐑑𐑦𐑕𐑦𐑐𐑱𐑑	eənˈtɪsɪpeɪt	𐑨𐑯𐑑𐑦𐑕𐑦𐑐𐑱𐑑	ænˈtɪsɪpeɪt	high	
anticipate	𐑺𐑯𐑑𐑦𐑕𐑩𐑐𐑱𐑑	eənˈtɪsəpeɪt	𐑨𐑯𐑑𐑦𐑕𐑦𐑐𐑱𐑑	ænˈtɪsɪpeɪt	high	
anticipation	𐑨𐑯𐑑𐑦𐑕𐑩𐑐𐑱𐑖𐑩𐑯	ænˌtɪsəˈpeɪʃən	𐑨𐑯𐑑𐑦𐑕𐑦𐑐𐑱𐑖𐑩𐑯	ænˌtɪsɪˈpeɪʃən	high	
anticipation	𐑺𐑯𐑑𐑦𐑕𐑩𐑐𐑱𐑖𐑩𐑯	eənˌtɪsəˈpeɪʃən	𐑨𐑯𐑑𐑦𐑕𐑦𐑐𐑱𐑖𐑩𐑯	ænˌtɪsɪˈpeɪʃən	high	
anticipatory	𐑨𐑯𐑑𐑦𐑕𐑦𐑐𐑩𐑑𐑼𐑦	antɪsɪpətəri	𐑨𐑯𐑑𐑦𐑕𐑦𐑐𐑱𐑑𐑼𐑦	ænˌtɪsɪˈpeɪtəri	high	
anticipatory	𐑨𐑯𐑑𐑦𐑕𐑩𐑐𐑩𐑑𐑹𐑦	ænˌtɪsəpəˈtɔːRi	𐑨𐑯𐑑𐑦𐑕𐑦𐑐𐑱𐑑𐑼𐑦	ænˌtɪsɪˈpeɪtəri	high	
anticlimax	𐑨𐑯𐑑𐑲𐑒𐑤𐑲𐑥𐑨𐑒𐑕	ˈæntaɪˌklaɪmæks	𐑨𐑯𐑑𐑦𐑒𐑤𐑲𐑥𐑨𐑒𐑕	ˌæntiˈklaɪmæks	high	
anticlockwise	𐑨𐑯𐑑𐑲𐑒𐑤𐑪𐑒𐑢𐑲𐑟	ˌænˌtaɪˈklɒkˌwaɪz	𐑨𐑯𐑑𐑦𐑒𐑤𐑪𐑒𐑢𐑲𐑟	ˌæntiˈklɒkwaɪz	high	
antimatter	𐑨𐑯𐑑𐑲𐑥𐑨𐑑𐑼	ˈænˌtaɪˌmætəR	𐑨𐑯𐑑𐑦𐑥𐑨𐑑𐑼	ˈæntiˌmætəR	high	
antimatter	𐑨𐑯𐑦𐑥𐑨𐑑𐑼	ˈæniˌmætəR	𐑨𐑯𐑑𐑦𐑥𐑨𐑑𐑼	ˈæntiˌmætəR	high	
antimony	𐑨𐑯𐑑𐑦𐑥𐑩𐑯𐑰	ˈæntɪməniː	𐑨𐑯𐑑𐑦𐑥𐑩𐑯𐑦	ˈæntɪməni	high	
antimony	𐑨𐑯𐑑𐑦𐑥𐑴𐑯𐑦	ˈæntɪˌmoʊni	𐑨𐑯𐑑𐑦𐑥𐑩𐑯𐑦	ˈæntɪməni	high	
antiquarian	𐑨𐑯𐑑𐑦𐑒𐑢𐑧𐑮𐑦𐑩𐑯	ˌæntɪˈkweriən	𐑨𐑯𐑑𐑦𐑒𐑢𐑺𐑾𐑯	ˌæntɪˈkweərɪən	high	
antiquary	𐑨𐑯𐑑𐑦𐑒𐑢𐑧𐑮𐑦	ˈæntɪˌkweri	𐑨𐑯𐑑𐑦𐑒𐑢𐑼𐑦	ˈæntɪkwəri	high	
antique	𐑨𐑯𐑑𐑦𐑒	ˌænˈtik	𐑨𐑯𐑑𐑰𐑒	ænˈtiːk	high	
antiquity	𐑨𐑯𐑑𐑦𐑒𐑢𐑩𐑑𐑦	ænˈtɪkwəti	𐑨𐑯𐑑𐑦𐑒𐑢𐑦𐑑𐑦	ænˈtɪkwɪti	high	
antisocial	𐑨𐑯𐑑𐑲𐑕𐑴𐑖𐑩𐑤	ˌæntaɪˈsoʊʃəl	𐑨𐑯𐑑𐑦𐑕𐑴𐑖𐑩𐑤	ˌæntiˈsəʊʃəl	high	
anvil	𐑨𐑯𐑝𐑩𐑤	ˈænvəl	𐑨𐑯𐑝𐑦𐑤	ˈænvɪl	high	
anxious	𐑱𐑙𐑒𐑖𐑩𐑕	ˈeɪŋkʃəs	𐑨𐑙𐑒𐑖𐑩𐑕	ˈæŋkʃəs	high	
any	𐑨𐑯𐑦	æni	𐑧𐑯𐑦	ˈeni	high	
anybody	𐑧𐑯𐑦𐑚𐑩𐑛𐑦	ˈenibədi	𐑧𐑯𐑦𐑚𐑪𐑛𐑦	ˈenɪbɒdi	high	
anyhow	𐑨𐑯𐑦𐑣𐑬	ˈænihaʊ	𐑧𐑯𐑦𐑣𐑬	ˈenɪhaʊ	high	
anywhere	𐑧𐑯𐑦𐑣𐑢𐑧𐑮	ˈenihwer	𐑧𐑯𐑦𐑢𐑺	ˈenɪʍeəR	high	
anywhere	𐑧𐑯𐑰𐑣𐑢𐑺	eniːhweər	𐑧𐑯𐑦𐑢𐑺	ˈenɪʍeəR	high	
aperture	𐑨𐑐𐑩𐑑𐑘𐑩𐑼	apətjəəR	𐑨𐑐𐑼𐑗𐑼	ˈæpəRtʃəR	low	ml_disagrees:𐑨𐑐𐑩𐑑𐑘ː𐑼; r_gap:spelling=2,ipa=1; shave_says:𐑨𐑐𐑼𐑗𐑼
aperture	𐑨𐑐𐑩𐑗𐑼	apətʃəR	𐑨𐑐𐑼𐑗𐑼	ˈæpəRtʃəR	medium	r_gap:spelling=2,ipa=1; shave_says:𐑨𐑐𐑼𐑗𐑼
aperture	𐑨𐑐𐑼𐑑𐑘𐑼	ˈæpəRˌtjər	𐑨𐑐𐑼𐑗𐑼	ˈæpəRtʃəR	high	
aperture	𐑨𐑐𐑼𐑑𐑫𐑮	ˈæpəRˌtʊr	𐑨𐑐𐑼𐑗𐑼	ˈæpəRtʃəR	high	
aperture	𐑨𐑐𐑼𐑗𐑫𐑮	ˈæpəRˌtʃʊr	𐑨𐑐𐑼𐑗𐑼	ˈæpəRtʃəR	high	
aphid	𐑱𐑓𐑩𐑛	ˈeɪfƏd	𐑱𐑓𐑦𐑛	ˈeɪfɪd	high	
apiary	𐑱𐑐𐑦𐑧𐑮𐑦	ˈeɪpieri	𐑱𐑐𐑽𐑦	ˈeɪpɪəri	high	
apiary	𐑱𐑐𐑦𐑼𐑦	eɪpiəri	𐑱𐑐𐑽𐑦	ˈeɪpɪəri	high	
apiece	𐑩𐑐𐑦𐑕	əˈpis	𐑩𐑐𐑰𐑕	əˈpiːs	high	
aplomb	𐑨-	æ-	𐑩𐑐𐑤𐑪𐑥	əˈplɒm	high	
apocryphal	𐑩𐑐𐑪𐑒𐑮𐑩𐑓𐑩𐑤	əpɒkrəfəl	𐑩𐑐𐑪𐑒𐑮𐑦𐑓𐑩𐑤	əˈpɒkrɪfəl	high	
apocryphal	𐑩𐑐𐑭𐑒𐑮𐑦𐑓𐑩𐑤	əˈpɑːkrɪfəl	𐑩𐑐𐑪𐑒𐑮𐑦𐑓𐑩𐑤	əˈpɒkrɪfəl	high	
apocryphal	𐑩𐑐𐑭𐑒𐑮𐑩𐑓𐑩𐑤	əˈpɑːkrəfəl	𐑩𐑐𐑪𐑒𐑮𐑦𐑓𐑩𐑤	əˈpɒkrɪfəl	high	
apologies	𐑩𐑐𐑪𐑤𐑩𐑡𐑰𐑟	əˈpɒlədʒiːz	𐑩𐑐𐑪𐑤𐑩𐑡𐑦𐑟	əˈpɒlədʒiz	high	
apostasy	𐑩𐑐𐑷𐑕𐑑𐑩𐑕𐑦	əˈpɔːstəsi	𐑩𐑐𐑪𐑕𐑑𐑩𐑕𐑦	əˈpɒstəsi	high	
apostate	𐑩𐑐𐑪𐑕-	əˈpɒs-	𐑩𐑐𐑪𐑕𐑑𐑱𐑑	əˈpɒsteɪt	high	
apostate	𐑩𐑐𐑪𐑕𐑑𐑩𐑑	əˈpɒstət	𐑩𐑐𐑪𐑕𐑑𐑱𐑑	əˈpɒsteɪt	high	
apostate	𐑩𐑐𐑷𐑕𐑑𐑦𐑑	əˈpɔːstɪt	𐑩𐑐𐑪𐑕𐑑𐑱𐑑	əˈpɒsteɪt	high	
apostate	𐑩𐑐𐑷𐑕𐑑𐑩𐑑	əˈpɔːstət	𐑩𐑐𐑪𐑕𐑑𐑱𐑑	əˈpɒsteɪt	high	
apostate	𐑩𐑐𐑷𐑕𐑑𐑱𐑑	əˈpɔːsteɪt	𐑩𐑐𐑪𐑕𐑑𐑱𐑑	əˈpɒsteɪt	high	
apostolic	𐑨𐑐𐑩𐑕𐑑𐑭𐑤𐑦𐑒	ˌæpəˈstɑːlɪk	𐑨𐑐𐑩𐑕𐑑𐑪𐑤𐑦𐑒	ˌæpəˈstɒlɪk	high	
apothecary	𐑩𐑐𐑪𐑔𐑩𐑒𐑺𐑦	əˈpɒθəˌkeəri	𐑩𐑐𐑪𐑔𐑦𐑒𐑼𐑦	əˈpɒθɪkəri	high	
apothecary	𐑩𐑐𐑪𐑔𐑩𐑒𐑼𐑦	əpɒθəkəri	𐑩𐑐𐑪𐑔𐑦𐑒𐑼𐑦	əˈpɒθɪkəri	high	
apotheosis	𐑩𐑐𐑪𐑔𐑰𐑴𐑕𐑦𐑕	əˌpɒθiːˈəʊsɪs	𐑩𐑐𐑪𐑔𐑦𐑴𐑕𐑦𐑕	əˌpɒθiˈəʊsɪs	high	
appallingly	𐑳𐑐𐑪𐑤𐑦𐑙𐑤𐑦	ʌˈpɒlɪŋli	𐑩𐑐𐑷𐑤𐑦𐑙𐑤𐑦	əˈpɔːlɪŋli	high	
apparel	𐑩𐑐𐑧𐑮𐑩𐑤	əˈperəl	𐑩𐑐𐑨𐑮𐑩𐑤	əˈpærəl	high	
apparent	𐑩𐑐𐑧𐑮𐑩𐑯𐑑	əˈperənt	𐑩𐑐𐑨𐑮𐑩𐑯𐑑	əˈpærənt	high	
apparently	𐑩𐑐𐑨𐑮𐑩𐑯𐑑𐑤𐑰	əpærəntliː	𐑩𐑐𐑨𐑮𐑩𐑯𐑑𐑤𐑦	əˈpærəntli	high	
appeal	𐑩𐑐𐑦𐑤	əˈpil	𐑩𐑐𐑰𐑤	əˈpiːl	high	
appealing	𐑩𐑐𐑦𐑤𐑦𐑙	əˈpilɪŋ	𐑩𐑐𐑰𐑤𐑦𐑙	əˈpiːlɪŋ	high	
appealing	𐑳𐑐𐑦𐑩𐑤𐑦𐑙	ʌˈpiəlɪŋ	𐑩𐑐𐑰𐑤𐑦𐑙	əˈpiːlɪŋ	high	
appeals	𐑩𐑐𐑦𐑤𐑟	əˈpilz	𐑩𐑐𐑰𐑤𐑟	əˈpiːlz	high	
appear	𐑩𐑐𐑦𐑮	əˈpɪr	𐑩𐑐𐑽	əˈpɪəR	high	
appearance	𐑩𐑐𐑦𐑮𐑩𐑯𐑕	əˈpirəns	𐑩𐑐𐑽𐑩𐑯𐑕	əˈpɪərəns	high	
appeared	𐑩𐑐𐑦𐑮𐑛	əˈpɪrd	𐑩𐑐𐑽𐑛	əˈpɪəRd	high	
appears	𐑩𐑐𐑦𐑮𐑟	əˈpɪrz	𐑩𐑐𐑽𐑟	əˈpɪəRz	high	
append	𐑳𐑐𐑧𐑯𐑛	ʌˈpend	𐑩𐑐𐑧𐑯𐑛	əˈpend	high	
appendicitis	𐑩𐑐𐑧𐑯𐑛𐑦𐑕𐑲𐑑𐑩𐑕	əˈpendɪsaɪtəs	𐑩𐑐𐑧𐑯𐑛𐑦𐑕𐑲𐑑𐑦𐑕	əˌpendɪˈsaɪtɪs	high	
appetite	𐑨𐑐𐑦𐑑𐑲𐑑	ˈæpɪtaɪt	𐑨𐑐𐑩𐑑𐑲𐑑	ˈæpətaɪt	high	
appetizer	𐑨𐑐𐑦𐑑𐑲𐑟𐑼	æpɪtaɪzəR	𐑨𐑐𐑩𐑑𐑲𐑟𐑼	ˈæpətaɪzəR	high	
applicant	𐑨𐑐𐑤𐑩𐑒𐑦𐑯𐑑	ˈæpləkɪnt	𐑨𐑐𐑤𐑦𐑒𐑩𐑯𐑑	ˈæplɪkənt	high	
applique	𐑨𐑐𐑤𐑦𐑒𐑱	ˌæplɪˈkeɪ	𐑨𐑐𐑤𐑰𐑒𐑱	æˈpliːkeɪ	high	
applique	𐑩𐑐𐑤𐑰𐑒𐑱	əˈpliːkeɪ	𐑨𐑐𐑤𐑰𐑒𐑱	æˈpliːkeɪ	high	
apposite	𐑩𐑐𐑪𐑟𐑦𐑑	əˈpɒzɪt	𐑨𐑐𐑩𐑟𐑦𐑑	ˈæpəzɪt	high	
appositive	-𐑑𐑦𐑝	-tɪv	𐑩𐑐𐑪𐑟𐑩𐑑𐑦𐑝	əˈpɒzətɪv	high	
appositive	𐑩𐑐𐑪𐑟𐑦𐑑𐑦𐑝	əˈpɒzɪtɪv	𐑩𐑐𐑪𐑟𐑩𐑑𐑦𐑝	əˈpɒzətɪv	high	
appreciation	𐑩𐑐𐑮𐑦𐑖𐑦𐑱𐑖𐑩𐑯	əˌpriʃiˈeɪʃən	𐑩𐑐𐑮𐑰𐑖𐑦𐑱𐑖𐑩𐑯	əˌpriːʃɪˈeɪʃən	high	
approaches	𐑩𐑐𐑮𐑴𐑗𐑦𐑟	əprəʊtʃiz	𐑩𐑐𐑮𐑴𐑗𐑩𐑟	əˈprəʊtʃƏz	high	
approbation	𐑨𐑐𐑮𐑴𐑚𐑱𐑖𐑩𐑯	æprəʊbeɪʃən	𐑨𐑐𐑮𐑩𐑚𐑱𐑖𐑩𐑯	ˌæprəˈbeɪʃən	high	
appropriate	𐑩𐑐𐑮𐑴𐑐𐑮𐑦𐑦𐑑	əprəʊpriɪt	𐑩𐑐𐑮𐑴𐑐𐑮𐑦𐑱𐑑, 𐑩𐑐𐑮𐑴𐑐𐑮𐑾𐑑	əˈprəʊprɪət	high	
appropriate	𐑩𐑐𐑮𐑴𐑐𐑮𐑦𐑩𐑑	əprəʊpriət	𐑩𐑐𐑮𐑴𐑐𐑮𐑦𐑱𐑑, 𐑩𐑐𐑮𐑴𐑐𐑮𐑾𐑑	əˈprəʊprɪət	high	
approval	𐑩𐑐𐑮𐑫𐑝𐑩𐑤	əˈpruvəl	𐑩𐑐𐑮𐑵𐑝𐑩𐑤	əˈpruːvəl	high	
approximant	𐑩𐑐𐑮𐑪𐑒𐑕𐑩𐑥𐑩𐑯𐑑	əˈprɒksəmənt	𐑩𐑐𐑮𐑪𐑒𐑕𐑦𐑥𐑩𐑯𐑑	əˈprɒksɪmənt	high	
approximate	𐑩𐑐𐑮𐑪𐑒𐑕𐑩𐑥𐑩𐑑	əˈprɒksəmət	𐑩𐑐𐑮𐑪𐑒𐑕𐑦𐑥𐑩𐑑, 𐑩𐑐𐑮𐑪𐑒𐑕𐑦𐑥𐑱𐑑	əˈprɒksɪmət	high	
approximate	𐑩𐑐𐑮𐑪𐑒𐑕𐑩𐑥𐑱𐑑	əˈprɒksəmeɪt	𐑩𐑐𐑮𐑪𐑒𐑕𐑦𐑥𐑩𐑑, 𐑩𐑐𐑮𐑪𐑒𐑕𐑦𐑥𐑱𐑑	əˈprɒksɪmət	high	
apricot	𐑨𐑐𐑮𐑦𐑒𐑪𐑑	ˈæprɪkɒt	𐑱𐑐𐑮𐑦𐑒𐑪𐑑	ˈeɪprɪkɒt	high	
april	𐑱𐑐𐑮𐑦𐑤	eɪprɪl	𐑱𐑐𐑮𐑩𐑤	ˈeɪprəl	high	
aquaculture	𐑪𐑒𐑢𐑩-	ˈɒkwəˌ-	𐑨𐑒𐑢𐑩𐑒𐑳𐑤𐑗𐑼	ˈækwəˌkʌltʃəR	medium	r_gap:spelling=1,ipa=0
aquaculture	𐑭𐑒𐑢𐑼-	ɑːkwəR-	𐑨𐑒𐑢𐑩𐑒𐑳𐑤𐑗𐑼	ˈækwəˌkʌltʃəR	high	
aquamarine	𐑪𐑒𐑢𐑩𐑥𐑼𐑰𐑯	ˌɒkwəməˈriːn	𐑨𐑒𐑢𐑩𐑥𐑼𐑰𐑯	ˌækwəməˈriːn	high	
aquaria	𐑩𐑒𐑢𐑧𐑮𐑦𐑩	əˈkweriə	𐑩𐑒𐑢𐑺𐑾	əˈkweərɪə	high	
aquaria	𐑩𐑒𐑢𐑺𐑦𐑩	əkweəriə	𐑩𐑒𐑢𐑺𐑾	əˈkweərɪə	high	
aquarium	-𐑧𐑮𐑦𐑩𐑥	-eriəm	𐑩𐑒𐑢𐑺𐑾𐑥	əˈkweərɪəm	high	
aquarium	𐑩𐑒𐑢𐑧𐑮𐑦𐑘𐑩𐑥	əˈkwerijəm	𐑩𐑒𐑢𐑺𐑾𐑥	əˈkweərɪəm	high	
aquatic	𐑩𐑒𐑢𐑪𐑑𐑦𐑒	əˈkwɒtɪk	𐑩𐑒𐑢𐑨𐑑𐑦𐑒	əˈkwætɪk	high	
aqueduct	𐑨𐑒𐑢𐑩𐑛𐑳𐑒𐑑	ˈækwəˌdʌkt	𐑨𐑒𐑢𐑦𐑛𐑳𐑒𐑑	ˈækwɪdʌkt	high	
aqueduct	𐑪𐑒𐑢𐑩𐑛𐑳𐑒𐑑	ˈɒkwəˌdʌkt	𐑨𐑒𐑢𐑦𐑛𐑳𐑒𐑑	ˈækwɪdʌkt	high	
aquifer	𐑨𐑒𐑢𐑦𐑓𐑻	ˈækwɪfɜːR	𐑨𐑒𐑢𐑦𐑓𐑼	ˈækwɪfəR	high	
aquifer	𐑪𐑒𐑢𐑦𐑓𐑻	ˈɒkwɪfɜːR	𐑨𐑒𐑢𐑦𐑓𐑼	ˈækwɪfəR	high	
arachnid	𐑼𐑨𐑒𐑯𐑩𐑛	əˈræknƏd	𐑼𐑨𐑒𐑯𐑦𐑛	əˈræknɪd	high	
aram	𐑨𐑮𐑩𐑥	ærəm	𐑺𐑩𐑥	ˈeərəm	high	
arbitrary	𐑸𐑚𐑦𐑑𐑮𐑦	ɑːRbɪtri	𐑸𐑚𐑦𐑑𐑮𐑼𐑦	ˈɑːRbɪtrəri	medium	r_gap:spelling=3,ipa=2; shave_says:𐑸𐑚𐑦𐑑𐑮𐑼𐑦
arbitrary	𐑸𐑚𐑦𐑑𐑮𐑺𐑦	ˈɑːRbɪˌtreəri	𐑸𐑚𐑦𐑑𐑮𐑼𐑦	ˈɑːRbɪtrəri	high	
arboreal	𐑸𐑚𐑹𐑦𐑩𐑤	ɑːRˈbɔːRiəl	𐑸𐑚𐑹𐑾𐑤	ɑːRˈbɔːrɪəl	high	
arcadian	𐑸𐑒𐑱𐑛𐑦𐑩𐑯	ɑːrkeɪdiən	𐑸𐑒𐑱𐑛𐑾𐑯	ɑːRˈkeɪdɪən	high	
archaism	𐑸𐑒𐑦𐑦𐑟𐑩𐑥	ˈɑːRkiˌɪzəm	𐑸𐑒𐑱𐑦𐑟𐑩𐑥	ˈɑːRkeɪɪzəm	high	
archdiocese	-𐑕𐑰𐑟	-siːz	𐑸𐑗𐑛𐑲𐑩𐑕𐑦𐑕	ˌɑːRtʃˈdaɪəsɪs	medium	r_gap:spelling=1,ipa=0; shave_says:𐑸𐑗𐑛𐑲𐑩𐑕𐑦𐑕
archeology	𐑸𐑒𐑰𐑪𐑤𐑩𐑡𐑦	ɑːRkiːɒlədʒi	𐑸𐑒𐑦𐑪𐑤𐑩𐑡𐑦	ˌɑːRkɪˈɒlədʒi	high	
archie	𐑸𐑒𐑦	ɑːRki	𐑸𐑗𐑦	ˈɑːRtʃi	high	
archipelago	𐑸𐑒𐑩𐑐𐑧𐑤𐑩𐑜𐑴	ˌɑːRkəˈpeləˌɡoʊ	𐑸𐑒𐑦𐑐𐑧𐑤𐑩𐑜𐑴	ˌɑːRkɪˈpeləɡəʊ	high	
archival	𐑸𐑒𐑦𐑝𐑩𐑤	ɑːRkɪvəl	𐑸𐑒𐑲𐑝𐑩𐑤	ˌɑːRˈkaɪvəl	high	
arduous	𐑸𐑛𐑿𐑩𐑕	ɑːRdjuːəs	𐑸𐑡𐑫𐑩𐑕	ˈɑːRdʒuəs	high	
arduous	𐑸𐑡𐑵𐑩𐑕	ɑːRdʒuːəs	𐑸𐑡𐑫𐑩𐑕	ˈɑːRdʒuəs	high	
are	𐑧𐑮	er	𐑸	ɑːR	high	
are	𐑺	eəR	𐑸	ɑːR	high	
are	𐑻	ɜːR	𐑸	ɑːR	high	
area	𐑧𐑮𐑦𐑩	ˈeriə	𐑺𐑾	ˈeərɪə	high	
area	𐑻𐑾	ɜːrɪə	𐑺𐑾	ˈeərɪə	high	
aren't	𐑸𐑩𐑯𐑑	ɑːRənt	𐑸𐑯𐑑	ɑːRnt	high	
ares	𐑧𐑮𐑦𐑟	ˈeriz	𐑸𐑟	ɑːRz	high	
ares	𐑺𐑰𐑟	eəriːz	𐑸𐑟	ɑːRz	high	
argentina	𐑸𐑡𐑩𐑯𐑑𐑦𐑯𐑩	ˌɑːRdʒənˈtinə	𐑸𐑡𐑩𐑯𐑑𐑰𐑯𐑩	ˌɑːRdʒənˈtiːnə	high	
argentine	𐑸𐑡𐑩𐑯𐑑𐑰𐑯	ɑːRdʒəntiːn	𐑸𐑡𐑩𐑯𐑑𐑲𐑯	ˈɑːRdʒəntaɪn	high	
argonaut	𐑸𐑜𐑩𐑯𐑹𐑑	ɑːrɡənɔːRt	𐑸𐑜𐑩𐑯𐑷𐑑	ˈɑːRɡənɔːt	high	
argot	𐑸𐑜𐑩𐑑	ˈɑːRɡət	𐑸𐑜𐑴	ˈɑːRɡəʊ	high	
arguable	𐑸𐑜𐑘𐑫𐑩𐑚𐑤	ɑːRɡjuəbl	𐑸𐑜𐑘𐑫𐑩𐑚𐑩𐑤	ˈɑːRɡjuəbəl	high	
argue	𐑸𐑜𐑘𐑫	ˈɑːRɡju	𐑸𐑜𐑿	ˈɑːRɡjuː	high	
argued	𐑸𐑜𐑘𐑫𐑛	ˈɑːRɡjud	𐑸𐑜𐑿𐑛	ˈɑːRɡjuːd	high	
argument	-𐑜𐑘𐑩-	-ɡjə-	𐑸𐑜𐑘𐑩𐑥𐑩𐑯𐑑	ˈɑːRɡjəmənt	medium	r_gap:spelling=1,ipa=0
argument	-𐑜𐑘𐑫-	-ɡju-	𐑸𐑜𐑘𐑩𐑥𐑩𐑯𐑑	ˈɑːRɡjəmənt	medium	r_gap:spelling=1,ipa=0
argumentation	𐑸𐑜𐑘𐑩-	ɑːRɡjə-	𐑸𐑜𐑘𐑩𐑥𐑧𐑯𐑑𐑱𐑖𐑩𐑯	ˌɑːRɡjəmenˈteɪʃən	high	
argumentation	𐑸𐑜𐑘𐑩𐑥𐑩𐑯𐑑𐑱𐑖𐑩𐑯	ɑːRɡjəmənteɪʃən	𐑸𐑜𐑘𐑩𐑥𐑧𐑯𐑑𐑱𐑖𐑩𐑯	ˌɑːRɡjəmenˈteɪʃən	high	
argumentation	𐑸𐑜𐑘𐑫-	ˌɑːRɡju-	𐑸𐑜𐑘𐑩𐑥𐑧𐑯𐑑𐑱𐑖𐑩𐑯	ˌɑːRɡjəmenˈteɪʃən	high	
argumentative	-𐑑𐑦𐑝	-tɪv	𐑸𐑜𐑘𐑩𐑥𐑧𐑯𐑑𐑩𐑑𐑦𐑝	ˌɑːRɡjəˈmentətɪv	medium	r_gap:spelling=1,ipa=0
arid	𐑨𐑮𐑩𐑛	ˈærƏd	𐑨𐑮𐑦𐑛	ˈærɪd	high	
arid	𐑺𐑩𐑛	ˈeəRƏd	𐑨𐑮𐑦𐑛	ˈærɪd	high	
aries	𐑧𐑮𐑦𐑟	ˈeriz	𐑺𐑰𐑟	ˈeəriːz	high	
aristocracy	𐑧𐑮𐑦𐑕𐑑𐑪𐑒𐑮𐑩𐑕𐑦	ˌerɪˈstɒkrəsi	𐑨𐑮𐑦𐑕𐑑𐑪𐑒𐑮𐑩𐑕𐑦	ˌærɪˈstɒkrəsi	high	
aristocrat	𐑼𐑦𐑕𐑑𐑩𐑒𐑮𐑨𐑑	əˈrɪstəˌkræt	𐑨𐑮𐑦𐑕𐑑𐑩𐑒𐑮𐑨𐑑	ˈærɪstəkræt	high	
aristotle	𐑨𐑮𐑦𐑕𐑑𐑪𐑑𐑤	ˈærɪˌstɒtl	𐑨𐑮𐑦𐑕𐑑𐑪𐑑𐑩𐑤	ˈærɪstɒtəl	high	
arizona	𐑧𐑮𐑦𐑟𐑴𐑯𐑩	ˌerɪˈzoʊnə	𐑨𐑮𐑦𐑟𐑴𐑯𐑩	ˌærɪˈzəʊnə	high	
arkansas	-𐑪	-ɒ	𐑸𐑒𐑩𐑯𐑕𐑷	ˈɑːRkənsɔː	medium	r_gap:spelling=1,ipa=0
arkansas	𐑸𐑒𐑨𐑯𐑟𐑩𐑕	ɑːRˈkænzəs	𐑸𐑒𐑩𐑯𐑕𐑷	ˈɑːRkənsɔː	high	
arkansas	𐑸𐑒𐑩𐑯𐑕𐑹	ɑːRkənsɔːR	𐑸𐑒𐑩𐑯𐑕𐑷	ˈɑːRkənsɔː	high	
armada	𐑸𐑥𐑪𐑛𐑩	ɑːRˈmɒdə	𐑸𐑥𐑭𐑛𐑩	ɑːRˈmɑːdə	high	
armada	𐑸𐑥𐑸𐑛𐑩	ɑːRmɑːRdə	𐑸𐑥𐑭𐑛𐑩	ɑːRˈmɑːdə	high	
armageddon	-𐑜𐑧𐑛𐑩𐑯	-ɡedən	𐑸𐑥𐑩𐑜𐑧𐑛𐑩𐑯	ˌɑːRməˈɡedən	medium	r_gap:spelling=1,ipa=0; shave_says:𐑸𐑥𐑩𐑜𐑧𐑛𐑩𐑯
armagh	𐑸𐑥𐑸	ɑːRmɑːR	𐑸𐑥𐑭	ˌɑːRˈmɑː	high	
armature	𐑸𐑥𐑩𐑑𐑘𐑩𐑼	ɑːRmətjəəR	𐑸𐑥𐑩𐑗𐑼	ˈɑːRmətʃəR	medium	ml_disagrees:𐑸𐑥𐑩𐑑𐑘ː𐑼; shave_says:𐑸𐑥𐑩𐑗𐑼
armature	𐑸𐑥𐑩𐑑𐑘𐑼	ɑːRmətjəR	𐑸𐑥𐑩𐑗𐑼	ˈɑːRmətʃəR	high	
armature	𐑸𐑥𐑩𐑗𐑫𐑼	ˈɑːRmətʃʊəR	𐑸𐑥𐑩𐑗𐑼	ˈɑːRmətʃəR	high	
armful	𐑸𐑥𐑓𐑩𐑤	ˈɑːRmˌfəl	𐑸𐑥𐑓𐑫𐑤	ˈɑːRmfʊl	high	
armies	𐑸𐑥𐑰𐑟	ɑːRmiːz	𐑸𐑥𐑦𐑟	ˈɑːRmiz	high	
armistice	-𐑥𐑩𐑕𐑑𐑩𐑕	-məstəs	𐑸𐑥𐑦𐑕𐑑𐑦𐑕	ˈɑːRmɪstɪs	medium	r_gap:spelling=1,ipa=0
aromatic	𐑧𐑮𐑩𐑥𐑨𐑑𐑦𐑒	ˌerəˈmætɪk	𐑨𐑮𐑩𐑥𐑨𐑑𐑦𐑒	ˌærəˈmætɪk	high	
arquebus	𐑸𐑒𐑦𐑚𐑩𐑕	ˈɑːRkɪbəs	𐑸𐑒𐑢𐑦𐑚𐑩𐑕	ˈɑːRkwɪbəs	high	
arr	𐑸	ɑːr	𐑼𐑲𐑝	əˈraɪv	medium	r_gap:spelling=2,ipa=1; shave_says:𐑼𐑲𐑝
arrear	𐑼𐑦𐑮	əˈrɪr	𐑼𐑽	əˈrɪəR	medium	r_gap:spelling=3,ipa=2
arrowroot	𐑧𐑮𐑴𐑮𐑫𐑑	ˈeroʊˌrut	𐑨𐑮𐑴𐑮𐑵𐑑	ˈærəʊruːt	medium	r_gap:spelling=3,ipa=2
arrowroot	𐑨𐑮𐑴𐑮𐑫𐑑	ˈæroʊˌrut	𐑨𐑮𐑴𐑮𐑵𐑑	ˈærəʊruːt	medium	r_gap:spelling=3,ipa=2
arrowy	𐑧𐑮𐑴𐑦	ˈeroʊi	𐑨𐑮𐑴𐑦	ˈærəʊi	medium	r_gap:spelling=2,ipa=1
arsenal	𐑸𐑕𐑯𐑩𐑤	ɑːRsnəl	𐑸𐑕𐑩𐑯𐑩𐑤	ˈɑːRsənəl	high	
arsenic	𐑸𐑕𐑧𐑯𐑦𐑒	ɑːrsenɪk	𐑸𐑕𐑩𐑯𐑦𐑒	ˈɑːRsənɪk	high	
art	𐑼𐑑	əRt	𐑸𐑑	ɑːRt	high	
artemis	𐑸𐑑𐑦𐑥𐑦𐑕	ɑːRtɪmɪs	𐑸𐑑𐑩𐑥𐑦𐑕	ˈɑːRtəmɪs	high	
arteriosclerosis	𐑸𐑑𐑦𐑮𐑦𐑴𐑕𐑒𐑤𐑼𐑴𐑕𐑩𐑕	ɑːRˌtɪrioʊskləˈroʊsəs	𐑸𐑑𐑽𐑦𐑴𐑕𐑒𐑤𐑼𐑴𐑕𐑦𐑕	ɑːRˌtɪəriəʊskləˈrəʊsɪs	high	
arteriosclerosis	𐑸𐑑𐑽𐑾𐑫𐑕𐑒𐑤𐑼𐑴𐑕𐑦𐑕	ɑːRtɪərɪəʊsklərəʊsɪs	𐑸𐑑𐑽𐑦𐑴𐑕𐑒𐑤𐑼𐑴𐑕𐑦𐑕	ɑːRˌtɪəriəʊskləˈrəʊsɪs	high	
artesian	𐑸𐑑𐑦𐑠𐑩𐑯	ɑːRˈtiʒən	𐑸𐑑𐑰𐑟𐑾𐑯	ɑːRˈtiːzɪən	high	
artesian	𐑸𐑑𐑰𐑠𐑩𐑯	ɑːRtiːʒən	𐑸𐑑𐑰𐑟𐑾𐑯	ɑːRˈtiːzɪən	high	
artful	𐑭𐑑𐑓𐑫𐑤	ˈɑːtfʊl	𐑸𐑑𐑓𐑩𐑤	ˈɑːRtfəl	medium	r_gap:spelling=1,ipa=0
article	𐑸𐑑𐑩𐑒𐑩𐑤	ˈɑːRtəkəl	𐑸𐑑𐑦𐑒𐑩𐑤	ˈɑːRtɪkəl	high	
artifact	-𐑑𐑦-	-tɪ-	𐑸𐑑𐑦𐑓𐑨𐑒𐑑	ˈɑːRtɪfækt	medium	r_gap:spelling=1,ipa=0
artifact	-𐑑𐑩-	-tə-	𐑸𐑑𐑦𐑓𐑨𐑒𐑑	ˈɑːRtɪfækt	medium	r_gap:spelling=1,ipa=0
artificer	𐑸𐑑𐑦𐑓𐑩𐑕𐑼	ɑːRˈtɪfəsəR	𐑸𐑑𐑦𐑓𐑦𐑕𐑼	ɑːRˈtɪfɪsəR	high	
artificial	𐑸𐑑𐑦𐑓𐑦𐑖𐑤	ɑːRtɪfɪʃl	𐑸𐑑𐑦𐑓𐑦𐑖𐑩𐑤	ˌɑːRtɪˈfɪʃəl	high	
artificial	𐑸𐑑𐑩𐑓𐑦𐑖𐑩𐑤	ˌɑːrtəˈfɪʃəl	𐑸𐑑𐑦𐑓𐑦𐑖𐑩𐑤	ˌɑːRtɪˈfɪʃəl	high	
artisan	𐑸𐑑𐑦𐑕𐑩𐑯	ˈɑːRtɪsən	𐑸𐑑𐑦𐑟𐑨𐑯	ˌɑːRtɪˈzæn	high	
artisan	𐑸𐑑𐑦𐑟𐑩𐑯	ɑːrtɪzən	𐑸𐑑𐑦𐑟𐑨𐑯	ˌɑːRtɪˈzæn	high	
artisanal	𐑸𐑑𐑩𐑟𐑩𐑯𐑩𐑤	ˈɑːRtəzənəl	𐑸𐑑𐑦𐑟𐑩𐑯𐑩𐑤	ˌɑːRˈtɪzənəl	high	
aryan	𐑸𐑘𐑩𐑯	ɑːRjən	𐑺𐑾𐑯	ˈeərɪən	high	
aryan	𐑸𐑦𐑩𐑯	ɑːriən	𐑺𐑾𐑯	ˈeərɪən	high	
aryan	𐑺𐑘𐑩𐑯	eəRjən	𐑺𐑾𐑯	ˈeərɪən	high	
aryan	𐑺𐑦𐑩𐑯	eəriən	𐑺𐑾𐑯	ˈeərɪən	high	
asbestos	𐑨𐑕𐑚𐑧𐑕𐑑𐑩𐑕	æsˈbestəs	𐑨𐑟𐑚𐑧𐑕𐑑𐑪𐑕	æzˈbestɒs	high	
asbestos	𐑨𐑕𐑚𐑧𐑕𐑑𐑪𐑕	æsˈbestɒs	𐑨𐑟𐑚𐑧𐑕𐑑𐑪𐑕	æzˈbestɒs	high	
asbestos	𐑨𐑟𐑚𐑧𐑕𐑑𐑩𐑕	æzˈbestəs	𐑨𐑟𐑚𐑧𐑕𐑑𐑪𐑕	æzˈbestɒs	high	
ascertain	𐑨𐑕𐑩𐑑𐑱𐑯	æsəteɪn	𐑨𐑕𐑼𐑑𐑱𐑯	ˌæsəRˈteɪn	medium	r_gap:spelling=1,ipa=0; shave_says:𐑨𐑕𐑼𐑑𐑱𐑯
ascertainable	𐑨𐑕𐑩𐑑𐑱𐑯𐑩𐑚𐑩𐑤	æsəteɪnəbəl	𐑨𐑕𐑼𐑑𐑱𐑯𐑩𐑚𐑩𐑤	ˌæsəRˈteɪnəbəl	medium	r_gap:spelling=1,ipa=0; shave_says:𐑨𐑕𐑼𐑑𐑱𐑯𐑩𐑚𐑩𐑤
ascertained	𐑨𐑕𐑩𐑑𐑱𐑯𐑛	æsəteɪnd	𐑨𐑕𐑼𐑑𐑱𐑯𐑛	ˌæsəRˈteɪnd	medium	r_gap:spelling=1,ipa=0; shave_says:𐑨𐑕𐑼𐑑𐑱𐑯𐑛
asceticism	𐑩𐑕𐑧𐑑𐑩𐑕𐑦𐑟𐑩𐑥	əˈsetəˌsɪzəm	𐑩𐑕𐑧𐑑𐑦𐑕𐑦𐑟𐑩𐑥	əˈsetɪsɪzəm	high	
asexual	𐑱𐑕𐑧𐑒𐑕𐑿𐑩𐑤	eɪˈseksjuːəl	𐑱𐑕𐑧𐑒𐑖𐑫𐑩𐑤	ˌeɪˈsekʃuəl	high	
asexual	𐑱𐑕𐑧𐑒𐑖𐑵𐑩𐑤	eɪˈsekʃuːəl	𐑱𐑕𐑧𐑒𐑖𐑫𐑩𐑤	ˌeɪˈsekʃuəl	high	
asexuality	𐑱𐑕𐑧𐑒𐑕𐑿𐑨𐑤𐑦𐑑𐑦	ˌeɪseksjuːˈælɪti	𐑱𐑕𐑧𐑒𐑖𐑫𐑨𐑤𐑦𐑑𐑦	eɪˌsekʃuˈælɪti	high	
asexuality	𐑱𐑕𐑧𐑒𐑖𐑫𐑨𐑤𐑩𐑑𐑦	ˌeɪsekʃuˈæləti	𐑱𐑕𐑧𐑒𐑖𐑫𐑨𐑤𐑦𐑑𐑦	eɪˌsekʃuˈælɪti	high	
asexuality	𐑱𐑕𐑧𐑒𐑖𐑵𐑨𐑤𐑦𐑑𐑦	ˌeɪsekʃuːˈælɪti	𐑱𐑕𐑧𐑒𐑖𐑫𐑨𐑤𐑦𐑑𐑦	eɪˌsekʃuˈælɪti	high	
askance	𐑩𐑕𐑒𐑭𐑯𐑕	əˈskɑːns	𐑩𐑕𐑒𐑨𐑯𐑕	əˈskæns	high	
asked	𐑨𐑕𐑑	ˈæst	𐑨𐑕𐑒𐑑, 𐑭𐑕𐑒𐑑	Ɑːskt	high	
asked	𐑭𐑕𐑑	ˈɑːst	𐑨𐑕𐑒𐑑, 𐑭𐑕𐑒𐑑	Ɑːskt	high	
asparagus	𐑩𐑕𐑐𐑧𐑮𐑩𐑜𐑩𐑕	əˈsperəɡəs	𐑩𐑕𐑐𐑨𐑮𐑩𐑜𐑩𐑕	əˈspærəɡəs	high	
asperity	-𐑑𐑦	-ti	𐑨𐑕𐑐𐑧𐑮𐑦𐑑𐑦	æˈsperɪti	medium	r_gap:spelling=1,ipa=0
asperity	𐑩𐑕𐑐𐑧𐑮𐑦𐑑𐑦	əsperɪti	𐑨𐑕𐑐𐑧𐑮𐑦𐑑𐑦	æˈsperɪti	high	
asphalt	𐑨𐑕𐑓𐑨𐑤𐑑	ˈæsfælt	𐑨𐑕𐑓𐑷𐑤𐑑, 𐑨𐑖𐑓𐑧𐑤𐑑	ˈæsfɔːlt	high	
asphalt	𐑨𐑕𐑓𐑩𐑤𐑑	ˈæsfəlt	𐑨𐑕𐑓𐑷𐑤𐑑, 𐑨𐑖𐑓𐑧𐑤𐑑	ˈæsfɔːlt	high	
asphalt	𐑨𐑕𐑓𐑪𐑤𐑑	ˈæsfɒlt	𐑨𐑕𐑓𐑷𐑤𐑑, 𐑨𐑖𐑓𐑧𐑤𐑑	ˈæsfɔːlt	high	
asphalt	𐑨𐑖-	ˈæʃ-	𐑨𐑕𐑓𐑷𐑤𐑑, 𐑨𐑖𐑓𐑧𐑤𐑑	ˈæsfɔːlt	high	
asphalt	𐑨𐑖𐑓𐑷𐑤𐑑	ˈæʃfɔːlt	𐑨𐑕𐑓𐑷𐑤𐑑, 𐑨𐑖𐑓𐑧𐑤𐑑	ˈæsfɔːlt	high	
aspirate	𐑨𐑕𐑐𐑦𐑮𐑱𐑑	æspɪreɪt	𐑨𐑕𐑐𐑼𐑩𐑑, 𐑨𐑕𐑐𐑼𐑱𐑑	ˈæspərət	medium	ml_disagrees:𐑨𐑕𐑐𐑼𐑱𐑑; shave_says:[𐑨𐑕𐑐𐑦𐑮𐑩𐑑 / 𐑨𐑕𐑐𐑦𐑮𐑱𐑑]
assassinate	𐑩𐑕𐑨𐑕𐑩𐑯𐑱𐑑	əˈsæsənˌeɪt	𐑩𐑕𐑨𐑕𐑦𐑯𐑱𐑑	əˈsæsɪneɪt	high	
assault	𐑩𐑕𐑪𐑤𐑑	əˈsɒlt	𐑩𐑕𐑷𐑤𐑑	əˈsɔːlt	high	
asset	𐑨𐑕𐑩𐑑	ˈæsət	𐑨𐑕𐑧𐑑	ˈæset	high	
assiduous	𐑩𐑕𐑦𐑛𐑿𐑩𐑕	əˈsɪdjuːəs	𐑩𐑕𐑦𐑡𐑫𐑩𐑕	əˈsɪdʒuəs	high	
assiduous	𐑩𐑕𐑦𐑡𐑵𐑩𐑕	əˈsɪdʒuːəs	𐑩𐑕𐑦𐑡𐑫𐑩𐑕	əˈsɪdʒuəs	high	
associate	𐑩𐑕𐑴𐑕𐑦𐑦𐑑	əˈsoʊsiɪt	𐑩𐑕𐑴𐑖𐑦𐑱𐑑, 𐑩𐑕𐑴𐑖𐑾𐑑	əˈsəʊʃɪət	high	
associate	𐑩𐑕𐑴𐑕𐑦𐑩𐑑	əˈsəʊsiət	𐑩𐑕𐑴𐑖𐑦𐑱𐑑, 𐑩𐑕𐑴𐑖𐑾𐑑	əˈsəʊʃɪət	high	
associate	𐑩𐑕𐑴𐑕𐑦𐑱𐑑	əˈsəʊsieɪt	𐑩𐑕𐑴𐑖𐑦𐑱𐑑, 𐑩𐑕𐑴𐑖𐑾𐑑	əˈsəʊʃɪət	high	
associate	𐑩𐑕𐑴𐑖𐑦𐑦𐑑	əˈsoʊʃiɪt	𐑩𐑕𐑴𐑖𐑦𐑱𐑑, 𐑩𐑕𐑴𐑖𐑾𐑑	əˈsəʊʃɪət	high	
associate	𐑩𐑕𐑴𐑖𐑦𐑩𐑑	əˈsəʊʃiət	𐑩𐑕𐑴𐑖𐑦𐑱𐑑, 𐑩𐑕𐑴𐑖𐑾𐑑	əˈsəʊʃɪət	high	
associated	𐑩𐑕𐑴𐑕𐑦𐑱𐑑𐑩𐑛	əˈsəʊsieɪtƏd	𐑩𐑕𐑴𐑖𐑦𐑱𐑑𐑩𐑛	əˈsəʊʃieɪtƏd	high	
associates	𐑩𐑕𐑴𐑕𐑦𐑩𐑑𐑕	əˈsoʊsiəts	𐑩𐑕𐑴𐑖𐑦𐑱𐑑𐑕, 𐑩𐑕𐑴𐑖𐑾𐑑𐑕	əˈsəʊʃɪəts	high	
associates	𐑩𐑕𐑴𐑕𐑦𐑱𐑑𐑕	əˈsoʊsieɪts	𐑩𐑕𐑴𐑖𐑦𐑱𐑑𐑕, 𐑩𐑕𐑴𐑖𐑾𐑑𐑕	əˈsəʊʃɪəts	high	
associates	𐑩𐑕𐑴𐑖𐑦𐑩𐑑𐑕	əˈsoʊʃiəts	𐑩𐑕𐑴𐑖𐑦𐑱𐑑𐑕, 𐑩𐑕𐑴𐑖𐑾𐑑𐑕	əˈsəʊʃɪəts	high	
association	𐑩𐑕𐑴𐑕𐑦𐑱𐑖𐑩𐑯	əˌsəʊsiˈeɪʃən	𐑩𐑕𐑴𐑖𐑦𐑱𐑖𐑩𐑯	əˌsəʊʃiˈeɪʃən	high	
associations	𐑩𐑕𐑴𐑕𐑦𐑱𐑖𐑩𐑯𐑟	əˌsoʊsiˈeɪʃənz	𐑩𐑕𐑴𐑖𐑦𐑱𐑖𐑩𐑯𐑟	əˌsəʊʃiˈeɪʃənz	high	
associative	𐑩𐑕𐑴𐑕𐑦𐑩𐑑𐑦𐑝	əˈsoʊsiətɪv	𐑩𐑕𐑴𐑖𐑾𐑑𐑦𐑝	əˈsəʊʃiətɪv	high	
associative	𐑩𐑕𐑴𐑖𐑦𐑩𐑑𐑦𐑝	əˈsoʊʃiətɪv	𐑩𐑕𐑴𐑖𐑾𐑑𐑦𐑝	əˈsəʊʃiətɪv	high	
assuage	𐑩𐑕𐑢𐑪𐑠	əˈswɒʒ	𐑩𐑕𐑢𐑱𐑡	əˈsweɪdʒ	high	
assurance	𐑩𐑖𐑫𐑮𐑩𐑯𐑕	əˈʃʊrəns	𐑩𐑖𐑫𐑼𐑩𐑯𐑕	əˈʃʊərəns	high	
assurance	𐑩𐑖𐑻𐑩𐑯𐑕	əˈʃɜːRəns	𐑩𐑖𐑫𐑼𐑩𐑯𐑕	əˈʃʊərəns	high	
assure	𐑩𐑖𐑫𐑮	əˈʃʊr	𐑩𐑖𐑫𐑼	əˈʃʊəR	high	
assure	𐑩𐑖𐑻	əˈʃɜːR	𐑩𐑖𐑫𐑼	əˈʃʊəR	high	
assured	𐑩𐑖𐑫𐑮𐑛	əˈʃʊrd	𐑩𐑖𐑫𐑼𐑛	əˈʃʊəRd	high	
assured	𐑩𐑖𐑷𐑛	əʃɔːd	𐑩𐑖𐑫𐑼𐑛	əˈʃʊəRd	medium	r_gap:spelling=1,ipa=0; shave_says:𐑩𐑖𐑫𐑼𐑛
assured	𐑩𐑖𐑻𐑛	əˈʃɜːRd	𐑩𐑖𐑫𐑼𐑛	əˈʃʊəRd	high	
assuredly	𐑩𐑖𐑫𐑮𐑩𐑛𐑤𐑦	əˈʃʊrƏdli	𐑩𐑖𐑫𐑼𐑩𐑛𐑤𐑦	əˈʃʊərƏdli	high	
assuredly	𐑩𐑖𐑹𐑩𐑛𐑤𐑦	əʃɔːrƏdli	𐑩𐑖𐑫𐑼𐑩𐑛𐑤𐑦	əˈʃʊərƏdli	medium	ml_disagrees:𐑩𐑖𐑹𐑦𐑛𐑤𐑦; shave_says:𐑩𐑖𐑫𐑼𐑩𐑛𐑤𐑦
assuredly	𐑩𐑖𐑻𐑩𐑛𐑤𐑦	əˈʃɜːRƏdli	𐑩𐑖𐑫𐑼𐑩𐑛𐑤𐑦	əˈʃʊərƏdli	high	
asterisk	𐑨𐑕𐑑𐑮𐑦𐑕𐑒	æstrɪsk	𐑨𐑕𐑑𐑼𐑦𐑕𐑒	ˈæstərɪsk	high	
asthma	𐑨𐑔𐑕𐑥𐑩	ˈaθsmə	𐑨𐑕𐑥𐑩	ˈæsmə	high	
asthma	𐑨𐑕𐑔𐑥𐑩	ˈasθmə	𐑨𐑕𐑥𐑩	ˈæsmə	high	
asthma	𐑨𐑞𐑟𐑥𐑩	ˈæðzmə	𐑨𐑕𐑥𐑩	ˈæsmə	high	
asthma	𐑨𐑟𐑞𐑥𐑩	ˈæzðmə	𐑨𐑕𐑥𐑩	ˈæsmə	high	
asthma	𐑨𐑟𐑥𐑩	ˈæzmə	𐑨𐑕𐑥𐑩	ˈæsmə	high	
asthmatic	𐑨𐑕𐑔𐑥𐑨𐑑𐑦𐑒	æsˈθmætɪk	𐑨𐑕𐑥𐑨𐑑𐑦𐑒	æsˈmætɪk	high	
asthmatic	𐑨𐑟𐑥𐑨𐑑𐑦𐑒	æzˈmætɪk	𐑨𐑕𐑥𐑨𐑑𐑦𐑒	æsˈmætɪk	high	
astonishment	𐑩𐑕𐑑𐑭𐑯𐑦𐑖𐑥𐑩𐑯𐑑	əˈstɑːnɪʃmənt	𐑩𐑕𐑑𐑪𐑯𐑦𐑖𐑥𐑩𐑯𐑑	əˈstɒnɪʃmənt	high	
astronomy	𐑨𐑕𐑑𐑮𐑪𐑯𐑩𐑥𐑦	æsˈtrɒnəmi	𐑩𐑕𐑑𐑮𐑪𐑯𐑩𐑥𐑦	əˈstrɒnəmi	high	
astuteness	𐑩𐑕𐑑𐑘𐑫𐑑𐑯𐑩𐑕	əˈstjutnəs	𐑩𐑕𐑑𐑵𐑑𐑯𐑩𐑕, 𐑩𐑕𐑑𐑿𐑑𐑯𐑩𐑕	əˈstjuːtnəs	high	
astuteness	𐑩𐑕𐑑𐑫𐑑𐑯𐑩𐑕	əˈstutnəs	𐑩𐑕𐑑𐑵𐑑𐑯𐑩𐑕, 𐑩𐑕𐑑𐑿𐑑𐑯𐑩𐑕	əˈstjuːtnəs	high	
astuteness	𐑩𐑕𐑗𐑵𐑑𐑯𐑩𐑕	əˈstʃuːtnəs	𐑩𐑕𐑑𐑵𐑑𐑯𐑩𐑕, 𐑩𐑕𐑑𐑿𐑑𐑯𐑩𐑕	əˈstjuːtnəs	high	
asymmetric	𐑱𐑕𐑩𐑥𐑧𐑑𐑮𐑦𐑒	ˌeɪsəˈmetrɪk	𐑱𐑕𐑦𐑥𐑧𐑑𐑮𐑦𐑒	ˌeɪsɪˈmetrɪk	high	
asymptomatic	-𐑑𐑦𐑒	-tɪk	𐑱𐑕𐑦𐑥𐑐𐑑𐑩𐑥𐑨𐑑𐑦𐑒	eɪˌsɪmptəˈmatɪk	high	
asymptote	𐑨𐑕𐑦𐑥𐑐𐑑𐑴𐑑	ˈæsɪmptəʊt	𐑨𐑕𐑦𐑥𐑑𐑴𐑑	ˈæsɪmtəʊt	high	
asymptote	𐑨𐑕𐑦𐑥𐑑𐑪𐑑	ˈæsɪmtɒt	𐑨𐑕𐑦𐑥𐑑𐑴𐑑	ˈæsɪmtəʊt	high	
asymptote	𐑱𐑕𐑦𐑥𐑑𐑴𐑑	ˈeɪsɪmtoʊt	𐑨𐑕𐑦𐑥𐑑𐑴𐑑	ˈæsɪmtəʊt	high	
asymptotic	𐑨𐑕𐑦𐑥𐑐𐑑𐑪𐑑𐑦𐑒	ˌæsɪmpˈtɒtɪk	𐑨𐑕𐑦𐑥𐑑𐑪𐑑𐑦𐑒	ˌæsɪmˈtɒtɪk	high	
asymptotic	𐑨𐑕𐑩𐑥𐑐𐑑𐑪𐑑𐑦𐑒	ˌæsəmpˈtɒtɪk	𐑨𐑕𐑦𐑥𐑑𐑪𐑑𐑦𐑒	ˌæsɪmˈtɒtɪk	high	
asymptotic	𐑨𐑕𐑩𐑥𐑐𐑑𐑷𐑑𐑦𐑒	ˌæsəmpˈtɔːtɪk	𐑨𐑕𐑦𐑥𐑑𐑪𐑑𐑦𐑒	ˌæsɪmˈtɒtɪk	high	
at all	𐑨𐑑𐑷𐑤	æˈtɔːl	𐑨𐑑 𐑷𐑤	ˈæt ɔːl	high	
at all	𐑩𐑑𐑷𐑤	əˈtɔːl	𐑨𐑑 𐑷𐑤	ˈæt ɔːl	high	
at once	𐑩𐑑 𐑢𐑳𐑯𐑕	ət ˈwʌns	𐑨𐑑 𐑢𐑳𐑯𐑕	ˈæt wʌns	high	
ate	𐑧𐑑	et	𐑱𐑑	eɪt	high	
atelier	-𐑤𐑘𐑧	-lje	𐑨𐑑𐑧𐑤𐑦𐑱	æˈtelieɪ	medium	r_gap:spelling=1,ipa=0; shave_says:𐑭𐑑𐑧𐑤𐑦𐑱
atelier	𐑨𐑑𐑤-	ˌætl-	𐑨𐑑𐑧𐑤𐑦𐑱	æˈtelieɪ	medium	r_gap:spelling=1,ipa=0
atelier	𐑨𐑑𐑩𐑤-	ˌætəl-	𐑨𐑑𐑧𐑤𐑦𐑱	æˈtelieɪ	medium	r_gap:spelling=1,ipa=0
atelier	𐑨𐑑𐑩𐑤𐑘𐑱	ætəljeɪ	𐑨𐑑𐑧𐑤𐑦𐑱	æˈtelieɪ	medium	r_gap:spelling=1,ipa=0; shave_says:𐑭𐑑𐑧𐑤𐑦𐑱
atelier	𐑩𐑑𐑧𐑤𐑘𐑱	əteljeɪ	𐑨𐑑𐑧𐑤𐑦𐑱	æˈtelieɪ	medium	r_gap:spelling=1,ipa=0; shave_says:𐑭𐑑𐑧𐑤𐑦𐑱
atelier	𐑩𐑑𐑧𐑤𐑦𐑱	ətelieɪ	𐑨𐑑𐑧𐑤𐑦𐑱	æˈtelieɪ	medium	r_gap:spelling=1,ipa=0; shave_says:𐑭𐑑𐑧𐑤𐑦𐑱
athlete	𐑨𐑔𐑤𐑦𐑑	ˈæθlit	𐑨𐑔𐑤𐑰𐑑	ˈæθliːt	high	
atlanta	𐑨𐑑𐑤𐑨𐑯𐑩	ætˈlænə	𐑩𐑑𐑤𐑨𐑯𐑑𐑩	ətˈlæntə	high	
atlantic	𐑨𐑑𐑤𐑨𐑯𐑑𐑦𐑒	ætˈlæntɪk	𐑩𐑑𐑤𐑨𐑯𐑑𐑦𐑒	ətˈlæntɪk	high	
atlantic	𐑨𐑑𐑤𐑨𐑯𐑦𐑒	ætˈlænɪk	𐑩𐑑𐑤𐑨𐑯𐑑𐑦𐑒	ətˈlæntɪk	high	
atlas	𐑨𐑑𐑤𐑦𐑕	ˈætlɪs	𐑨𐑑𐑤𐑩𐑕	ˈætləs	high	
atmosphere	𐑨𐑑𐑥𐑩𐑕𐑓𐑦𐑮	ˈætməsˌfɪr	𐑨𐑑𐑥𐑩𐑕𐑓𐑽	ˈætməsfɪəR	high	
atoll	𐑨𐑑𐑴𐑤	ˈætoʊl	𐑨𐑑𐑪𐑤	ˈætɒl	high	
atoll	𐑨𐑑𐑷𐑤	ˈætɔːl	𐑨𐑑𐑪𐑤	ˈætɒl	high	
atoll	𐑩𐑑𐑪𐑤	əˈtɒl	𐑨𐑑𐑪𐑤	ˈætɒl	high	
atoll	𐑱𐑑𐑪𐑤	ˈeɪtɒl	𐑨𐑑𐑪𐑤	ˈætɒl	high	
atoll	𐑱𐑑𐑷𐑤	ˈeɪtɔːl	𐑨𐑑𐑪𐑤	ˈætɒl	high	
atomic	𐑩𐑑𐑭𐑥𐑦𐑒	əˈtɑːmɪk	𐑩𐑑𐑪𐑥𐑦𐑒	əˈtɒmɪk	high	
atomize	-𐑑𐑩-	-tə-	𐑨𐑑𐑩𐑥𐑲𐑟	ˈætəmaɪz	high	
attache	𐑨𐑑𐑨𐑖𐑧	ætæˈʃe	𐑩𐑑𐑨𐑖𐑱	əˈtæʃeɪ	high	
attache	𐑨𐑑𐑩𐑖𐑧	ætəˈʃe	𐑩𐑑𐑨𐑖𐑱	əˈtæʃeɪ	high	
attar	𐑨𐑑𐑸	ˈætɑːr	𐑨𐑑𐑼	ˈætəR	high	
attendees	𐑩𐑑𐑧𐑯𐑛𐑦𐑟	əˌtenˈdiz	𐑩𐑑𐑧𐑯𐑛𐑰𐑟	ətenˈdiːz	high	
attitude	𐑨𐑑𐑦𐑑𐑫𐑛	ˈætɪˌtud	𐑨𐑑𐑦𐑑𐑵𐑛, 𐑨𐑑𐑦𐑑𐑿𐑛	ˈætɪtjuːd	high	
attitude	𐑨𐑑𐑦𐑗𐑵𐑛	ˈætɪˌtʃuːd	𐑨𐑑𐑦𐑑𐑵𐑛, 𐑨𐑑𐑦𐑑𐑿𐑛	ˈætɪtjuːd	high	
attitudinal	𐑨𐑑𐑦𐑑𐑫𐑛𐑦𐑯𐑩𐑤	ˌætɪˈtudɪnəl	𐑨𐑑𐑦𐑑𐑿𐑛𐑦𐑯𐑩𐑤	ˌætɪˈtjuːdɪnəl	high	
attitudinal	𐑨𐑑𐑦𐑗𐑵𐑛𐑦𐑯𐑩𐑤	ˌætɪˈtʃuːdɪnəl	𐑨𐑑𐑦𐑑𐑿𐑛𐑦𐑯𐑩𐑤	ˌætɪˈtjuːdɪnəl	high	
attitudinize	-𐑑𐑩-	-tə-	𐑨𐑑𐑦𐑑𐑵𐑛𐑦𐑯𐑲𐑟, 𐑨𐑑𐑦𐑑𐑿𐑛𐑦𐑯𐑲𐑟	ˌætɪˈtjuːdɪnaɪz	high	
attitudinize	𐑨𐑑𐑩𐑑𐑫𐑛𐑦𐑯𐑲𐑟	ˌætəˈtudɪnˌaɪz	𐑨𐑑𐑦𐑑𐑵𐑛𐑦𐑯𐑲𐑟, 𐑨𐑑𐑦𐑑𐑿𐑛𐑦𐑯𐑲𐑟	ˌætɪˈtjuːdɪnaɪz	high	
attribute	𐑨𐑑𐑮𐑦𐑚𐑘𐑫𐑑	ˈætrɪˌbjut	𐑨𐑑𐑮𐑦𐑚𐑿𐑑, 𐑩𐑑𐑮𐑦𐑚𐑿𐑑	ˈætrɪbjuːt	high	
attribute	𐑩𐑑𐑮𐑦𐑚𐑘𐑫𐑑	əˈtrɪbˌjut	𐑨𐑑𐑮𐑦𐑚𐑿𐑑, 𐑩𐑑𐑮𐑦𐑚𐑿𐑑	ˈætrɪbjuːt	high	
attributed	𐑩𐑑𐑮𐑦𐑚𐑿𐑑𐑩𐑛	ətrɪbjuːtƏd	𐑩𐑑𐑮𐑦𐑚𐑘𐑩𐑑𐑩𐑛	əˈtrɪbjətƏd	high	
attributing	𐑩𐑑𐑮𐑦𐑚𐑿𐑑𐑦𐑙	ətrɪbjuːtɪŋ	𐑩𐑑𐑮𐑦𐑚𐑘𐑩𐑑𐑦𐑙	əˈtrɪbjətɪŋ	high	
attune	𐑩𐑑𐑘𐑫𐑯	əˈtjun	𐑩𐑑𐑵𐑯, 𐑩𐑑𐑿𐑯	əˈtjuːn	high	
au fait	𐑴𐑓𐑱	ˌəʊˈfeɪ	𐑴 𐑓𐑱	ˌəʊ ˈfeɪ	high	
au revoir	𐑴𐑮𐑩 𐑝𐑢𐑸	ˌoʊrə ˈvwɑːR	𐑴 𐑮𐑩𐑝𐑢𐑸	ˌəʊ rəˈvwɑːR	high	
au revoir	𐑴𐑮𐑼 𐑝𐑢𐑭	əʊrəR vwɑː	𐑴 𐑮𐑩𐑝𐑢𐑸	ˌəʊ rəˈvwɑːR	high	
au revoir	𐑸𐑩 𐑝𐑢𐑸	ˌɑːRə ˈvwɑːR	𐑴 𐑮𐑩𐑝𐑢𐑸	ˌəʊ rəˈvwɑːR	high	
au revoir	𐑹 𐑝𐑢𐑭	ɔːr vwɑː	𐑴 𐑮𐑩𐑝𐑢𐑸	ˌəʊ rəˈvwɑːR	medium	r_gap:spelling=2,ipa=1; shave_says:𐑴 𐑮𐑧𐑝𐑢𐑸
aubergine	𐑴𐑚𐑩𐑠𐑰𐑯	əʊbəʒiːn	𐑴𐑚𐑼𐑠𐑰𐑯	ˈəʊbəRʒiːn	medium	r_gap:spelling=1,ipa=0; shave_says:𐑴𐑚𐑼𐑠𐑰𐑯
aubergine	𐑴𐑚𐑼𐑠𐑦𐑯	ˈoʊbəRʒin	𐑴𐑚𐑼𐑠𐑰𐑯	ˈəʊbəRʒiːn	high	
auckland	𐑪𐑒𐑤𐑩𐑯𐑛	ˈɒklənd	𐑷𐑒𐑤𐑩𐑯𐑛	ˈɔːklənd	high	
audible	𐑪𐑑𐑦𐑚𐑩𐑤	ˈɒtɪbəl	𐑷𐑛𐑩𐑚𐑩𐑤	ˈɔːdəbəl	high	
audible	𐑪𐑛𐑦𐑚𐑩𐑤	ˈɒdɪbəl	𐑷𐑛𐑩𐑚𐑩𐑤	ˈɔːdəbəl	high	
audible	𐑷𐑑𐑦𐑚𐑩𐑤	ˈɔːtɪbəl	𐑷𐑛𐑩𐑚𐑩𐑤	ˈɔːdəbəl	high	
audible	𐑷𐑛𐑦𐑚𐑩𐑤	ˈɔːdɪbəl	𐑷𐑛𐑩𐑚𐑩𐑤	ˈɔːdəbəl	high	
audience	𐑷𐑑𐑦𐑩𐑯𐑕	ˈɔːtiəns	𐑷𐑛𐑾𐑯𐑕	ˈɔːdɪəns	high	
audience	𐑷𐑛𐑦𐑩𐑯𐑕	ˈɔːdiəns	𐑷𐑛𐑾𐑯𐑕	ˈɔːdɪəns	high	
audio	𐑪𐑑𐑦𐑴	ˈɒtioʊ	𐑷𐑛𐑦𐑴	ˈɔːdiəʊ	high	
audio	𐑪𐑛𐑦𐑴	ˈɒdioʊ	𐑷𐑛𐑦𐑴	ˈɔːdiəʊ	high	
audio	𐑷𐑑𐑦𐑴	ˈɔːtioʊ	𐑷𐑛𐑦𐑴	ˈɔːdiəʊ	high	
auditorium	𐑷𐑛𐑦𐑑𐑪𐑮𐑦𐑩𐑥	ˌɔːdɪˌtoriəm	𐑷𐑛𐑦𐑑𐑹𐑾𐑥	ˌɔːdɪˈtɔːrɪəm	high	
auditorium	𐑹𐑛𐑦𐑑𐑹𐑦𐑩𐑥	ɔːRdɪtɔːriəm	𐑷𐑛𐑦𐑑𐑹𐑾𐑥	ˌɔːdɪˈtɔːrɪəm	high	
auditory	𐑷𐑛𐑦𐑑𐑹𐑦	ˈɔːdɪˌtɔːRi	𐑷𐑛𐑦𐑑𐑼𐑦	ˈɔːdɪtəri	high	
auditory	𐑹𐑛𐑦𐑑𐑮𐑦	ɔːRdɪtri	𐑷𐑛𐑦𐑑𐑼𐑦	ˈɔːdɪtəri	high	
auditory	𐑹𐑛𐑦𐑑𐑼𐑦	ɔːRdɪtəri	𐑷𐑛𐑦𐑑𐑼𐑦	ˈɔːdɪtəri	high	
augment	𐑷𐑜𐑥𐑩𐑯𐑑	ˈɔːɡmənt	𐑷𐑜𐑥𐑧𐑯𐑑	ɔːɡˈment	high	
augmented	𐑪𐑜𐑥𐑧𐑯𐑑𐑩𐑛	ɒɡˈmentəd	𐑷𐑜𐑥𐑧𐑯𐑑𐑩𐑛	ɔːɡˈmentƏd	high	
august	𐑩-	ə-	𐑷𐑜𐑩𐑕𐑑, 𐑷𐑜𐑳𐑕𐑑	ɔːˈɡʌst	high	
august	𐑷𐑜𐑦𐑕𐑑	ˈɔːɡɪst	𐑷𐑜𐑩𐑕𐑑, 𐑷𐑜𐑳𐑕𐑑	ɔːˈɡʌst	high	
augustine	𐑩𐑜𐑳𐑕𐑑𐑦𐑯	əˈɡʌstɪn	𐑷𐑜𐑳𐑕𐑑𐑦𐑯	ɔːˈɡʌstɪn	high	
augustine	𐑷𐑜𐑩𐑕𐑑𐑦𐑯	ˈɔːɡəˌstin	𐑷𐑜𐑳𐑕𐑑𐑦𐑯	ɔːˈɡʌstɪn	high	
augustine	𐑷𐑜𐑩𐑕𐑑𐑰𐑯	ˈɔːɡəˌstiːn	𐑷𐑜𐑳𐑕𐑑𐑦𐑯	ɔːˈɡʌstɪn	high	
auld	𐑴𐑤𐑛	oʊld	𐑷𐑤𐑛	ɔːld	high	
auld lang syne	-𐑟𐑲𐑯	-ˈzaɪn	𐑷𐑤𐑛 𐑤𐑨𐑙 𐑟𐑲𐑯	ˌɔːld læŋ ˈzaɪn	high	
auld lang syne	𐑪𐑤𐑛-	ˌɒld-	𐑷𐑤𐑛 𐑤𐑨𐑙 𐑟𐑲𐑯	ˌɔːld læŋ ˈzaɪn	high	
auld lang syne	𐑴𐑤𐑛-	ˌoʊld-	𐑷𐑤𐑛 𐑤𐑨𐑙 𐑟𐑲𐑯	ˌɔːld læŋ ˈzaɪn	high	
auld lang syne	𐑷𐑤𐑛 𐑤𐑨𐑙 𐑕𐑲𐑯	ˌɔːld læŋ ˈsaɪn	𐑷𐑤𐑛 𐑤𐑨𐑙 𐑟𐑲𐑯	ˌɔːld læŋ ˈzaɪn	high	
auld lang syne	𐑷𐑤𐑛𐑤𐑨𐑙 𐑕𐑲𐑯	ˌɔːldlæŋ ˈsaɪn	𐑷𐑤𐑛 𐑤𐑨𐑙 𐑟𐑲𐑯	ˌɔːld læŋ ˈzaɪn	high	
aura	𐑪𐑮𐑩	ˈorə	𐑹𐑩	ˈɔːrə	high	
aural	𐑪𐑮𐑩𐑤	ˈorəl	𐑹𐑩𐑤	ˈɔːrəl	high	
aureole	𐑹𐑰𐑴𐑤	ɔːriːəʊl	𐑹𐑦𐑴𐑤	ˈɔːriəʊl	high	
auricle	𐑹𐑩𐑒𐑩𐑤	ˈɔːRəkəl	𐑹𐑦𐑒𐑩𐑤	ˈɔːrɪkəl	high	
aurora	𐑼𐑹𐑩	ərɔːrə	𐑹𐑹𐑩	ɔːˈrɔːrə	high	
auroral	𐑹𐑷𐑼𐑩𐑤	ɔːrɔərəl	𐑹𐑹𐑩𐑤	ɔːˈrɔːrəl	high	
auroral	𐑼𐑹𐑩𐑤	əˈrɔːRəl	𐑹𐑹𐑩𐑤	ɔːˈrɔːrəl	high	
aussie	𐑪𐑕𐑦	ˈɒsi	𐑪𐑟𐑦	ˈɒzi	high	
aussie	𐑷𐑕𐑦	ˈɔːsi	𐑪𐑟𐑦	ˈɒzi	high	
aussie	𐑷𐑟𐑦	ˈɔːzi	𐑪𐑟𐑦	ˈɒzi	high	
austen	𐑷𐑕𐑑𐑦𐑯	ˈɔːstɪn	𐑪𐑕𐑑𐑦𐑯	ˈɒstɪn	high	
austere	𐑪𐑕𐑑𐑽	ɒstɪər	𐑷𐑕𐑑𐑽	ɔːˈstɪəR	high	
austere	𐑷𐑕𐑑𐑦𐑮	ɔːˈstir	𐑷𐑕𐑑𐑽	ɔːˈstɪəR	high	
austerely	𐑷𐑕𐑑𐑦𐑮𐑤𐑦	ɔːˈstirli	𐑷𐑕𐑑𐑽𐑤𐑦	ɔːˈstɪəRli	high	
austin	𐑷𐑕𐑑𐑦𐑯	ˈɔːstɪn	𐑪𐑕𐑑𐑦𐑯	ˈɒstɪn	high	
australia	𐑪𐑕𐑑𐑮𐑱𐑤𐑦𐑘𐑩	ɒstreɪlijə	𐑪𐑕𐑑𐑮𐑱𐑤𐑾	ɒsˈtreɪliə	high	
australia	𐑪𐑕𐑑𐑮𐑱𐑤𐑰𐑩	ɒstreɪliːə	𐑪𐑕𐑑𐑮𐑱𐑤𐑾	ɒsˈtreɪliə	high	
australia	𐑷𐑕𐑑𐑮𐑱𐑤𐑘𐑩	ɔːˈstreɪljə	𐑪𐑕𐑑𐑮𐑱𐑤𐑾	ɒsˈtreɪliə	high	
australia	𐑷𐑕𐑑𐑮𐑱𐑤𐑦𐑘𐑩	ɔːstreɪlɪjə	𐑪𐑕𐑑𐑮𐑱𐑤𐑾	ɒsˈtreɪliə	high	
australia	𐑷𐑕𐑑𐑮𐑱𐑤𐑦𐑩	ɔːˈstreɪliə	𐑪𐑕𐑑𐑮𐑱𐑤𐑾	ɒsˈtreɪliə	high	
australia	𐑷𐑕𐑑𐑮𐑱𐑤𐑾	ɔːstreɪlɪə	𐑪𐑕𐑑𐑮𐑱𐑤𐑾	ɒsˈtreɪliə	high	
australian	𐑪𐑕𐑑𐑮𐑱𐑤𐑘𐑩𐑯	ɒˈstreɪljən	𐑪𐑕𐑑𐑮𐑱𐑤𐑾𐑯	ɒˈstreɪlɪən	high	
australian	𐑪𐑕𐑑𐑮𐑱𐑤𐑦𐑘𐑩𐑯	ɒstreɪlijən	𐑪𐑕𐑑𐑮𐑱𐑤𐑾𐑯	ɒˈstreɪlɪən	high	
australian	𐑪𐑕𐑑𐑮𐑱𐑤𐑰𐑩𐑯	ɒstreɪliːən	𐑪𐑕𐑑𐑮𐑱𐑤𐑾𐑯	ɒˈstreɪlɪən	high	
australian	𐑷𐑕𐑑𐑮𐑱𐑤𐑘𐑩𐑯	ɔːˈstreɪljən	𐑪𐑕𐑑𐑮𐑱𐑤𐑾𐑯	ɒˈstreɪlɪən	high	
australian	𐑷𐑕𐑑𐑮𐑱𐑤𐑦𐑘𐑩𐑯	ɔːstreɪlɪjən	𐑪𐑕𐑑𐑮𐑱𐑤𐑾𐑯	ɒˈstreɪlɪən	high	
australian	𐑷𐑕𐑑𐑮𐑱𐑤𐑾𐑯	ɔːstreɪlɪən	𐑪𐑕𐑑𐑮𐑱𐑤𐑾𐑯	ɒˈstreɪlɪən	high	
austria	𐑷𐑕𐑑𐑮𐑦𐑩	ˈɔːstriə	𐑪𐑕𐑑𐑮𐑾	ˈɒstriə	high	
austria	𐑷𐑕𐑑𐑮𐑾	ɔːstrɪə	𐑪𐑕𐑑𐑮𐑾	ˈɒstriə	high	
austrian	𐑪𐑕𐑑𐑮𐑦𐑩𐑯	ɒstriən	𐑪𐑕𐑑𐑮𐑾𐑯	ˈɒstrɪən	high	
austrian	𐑷𐑕𐑑𐑮𐑦𐑩𐑯	ˈɔːstriən	𐑪𐑕𐑑𐑮𐑾𐑯	ˈɒstrɪən	high	
austrians	𐑪𐑕𐑑𐑮𐑦𐑩𐑯𐑕	ɒstriəns	𐑪𐑕𐑑𐑮𐑾𐑯𐑟	ˈɒstrɪənz	high	
austrians	𐑷𐑕𐑑𐑮𐑦𐑩𐑯𐑕	ˈɔːstriəns	𐑪𐑕𐑑𐑮𐑾𐑯𐑟	ˈɒstrɪənz	high	
autarchy	-𐑑𐑸-	-tɑːR-	𐑷𐑑𐑸𐑒𐑦	ˈɔːtɑːRki	high	
autarchy	𐑹𐑑𐑩𐑒𐑦	ɔːRtəki	𐑷𐑑𐑸𐑒𐑦	ˈɔːtɑːRki	high	
autarky	-𐑑𐑸-	-tɑːR-	𐑷𐑑𐑸𐑒𐑦	ˈɔːtɑːRki	high	
autarky	𐑹𐑑𐑩𐑒𐑦	ɔːRtəki	𐑷𐑑𐑸𐑒𐑦	ˈɔːtɑːRki	high	
authentic	𐑪𐑔𐑧𐑯𐑑𐑦𐑒	ɒˈθentɪk	𐑷𐑔𐑧𐑯𐑑𐑦𐑒	ɔːˈθentɪk	high	
authenticate	𐑪𐑔𐑧𐑯𐑑𐑦𐑒𐑱𐑑	ɒˈθentɪkeɪt	𐑷𐑔𐑧𐑯𐑑𐑦𐑒𐑱𐑑	ɔːˈθentɪkeɪt	high	
authenticity	𐑪𐑔𐑧𐑯𐑑𐑦𐑕𐑦𐑑𐑦	ɒθenˈtɪsɪti	𐑷𐑔𐑩𐑯𐑑𐑦𐑕𐑦𐑑𐑦	ˌɔːθənˈtɪsɪti	high	
authenticity	𐑪𐑔𐑩𐑯𐑑𐑦𐑕𐑦𐑑𐑦	ɒθənˈtɪsɪti	𐑷𐑔𐑩𐑯𐑑𐑦𐑕𐑦𐑑𐑦	ˌɔːθənˈtɪsɪti	high	
author	𐑹𐑔𐑼	ɔːRθər	𐑷𐑔𐑼	ˈɔːθəR	high	
authoress	𐑷𐑔𐑼𐑮𐑧𐑕	ˈɔːθəRres	𐑷𐑔𐑼𐑧𐑕	ˈɔːθəres	high	
authoress	𐑹𐑔𐑼𐑧𐑕	ɔːRθəres	𐑷𐑔𐑼𐑧𐑕	ˈɔːθəres	high	
authoritarian	𐑩𐑔𐑸𐑩𐑑𐑧𐑮𐑦𐑩𐑯	əˌθɑːRəˈteriən	𐑷𐑔𐑪𐑮𐑦𐑑𐑺𐑾𐑯	ɔːˌθɒrɪˈteərɪən	high	
authoritarian	𐑩𐑔𐑹𐑩𐑑𐑧𐑮𐑦𐑩𐑯	əˌθɔːRəˈteriən	𐑷𐑔𐑪𐑮𐑦𐑑𐑺𐑾𐑯	ɔːˌθɒrɪˈteərɪən	high	
authoritarian	𐑷𐑔𐑹𐑩𐑑𐑧𐑮𐑦𐑩𐑯	ɔːˌθɔːRəˈteriən	𐑷𐑔𐑪𐑮𐑦𐑑𐑺𐑾𐑯	ɔːˌθɒrɪˈteərɪən	high	
authoritarian	𐑹𐑔𐑪𐑮𐑦𐑑𐑺𐑾𐑯	ɔːRθɒrɪteərɪən	𐑷𐑔𐑪𐑮𐑦𐑑𐑺𐑾𐑯	ɔːˌθɒrɪˈteərɪən	high	
authoritarianism	𐑷𐑔𐑹𐑦𐑑𐑻𐑦𐑩𐑯𐑦𐑟𐑩𐑥	ɔːˌθɔːrɪˈtɜːriənɪzəm	𐑷𐑔𐑪𐑮𐑦𐑑𐑺𐑾𐑯𐑦𐑟𐑩𐑥	ɔːθˌɒrɪˈteərɪənɪzəm	high	
authoritative	𐑩𐑔𐑸𐑦𐑑𐑱𐑑𐑦𐑝	əˈθɑːRɪˌteɪtɪv	𐑷𐑔𐑪𐑮𐑦𐑑𐑩𐑑𐑦𐑝	ɔːˈθɒrɪtətɪv	high	
authoritative	𐑩𐑔𐑹𐑦𐑑𐑱𐑑𐑦𐑝	əˈθɔːRɪˌteɪtɪv	𐑷𐑔𐑪𐑮𐑦𐑑𐑩𐑑𐑦𐑝	ɔːˈθɒrɪtətɪv	high	
authoritative	𐑷-	ɔː-	𐑷𐑔𐑪𐑮𐑦𐑑𐑩𐑑𐑦𐑝	ɔːˈθɒrɪtətɪv	medium	r_gap:spelling=1,ipa=0
authoritative	𐑹𐑔𐑪𐑮𐑦𐑑𐑩𐑑𐑦𐑝	ɔːRθɒrɪtətɪv	𐑷𐑔𐑪𐑮𐑦𐑑𐑩𐑑𐑦𐑝	ɔːˈθɒrɪtətɪv	high	
authoritatively	𐑷𐑔𐑹𐑩𐑑𐑱𐑑𐑦𐑝𐑤𐑦	ɔːˈθɔːRəˌteɪtɪvli	𐑷𐑔𐑪𐑮𐑦𐑑𐑩𐑑𐑦𐑝𐑤𐑦	ɔːˈθɒrɪtətɪvli	high	
authoritatively	𐑹𐑔𐑪𐑮𐑦𐑑𐑩𐑑𐑦𐑝𐑤𐑦	ɔːRθɒrɪtətɪvli	𐑷𐑔𐑪𐑮𐑦𐑑𐑩𐑑𐑦𐑝𐑤𐑦	ɔːˈθɒrɪtətɪvli	high	
authority	𐑩𐑔𐑸𐑑𐑦	əˈθɑːRti	𐑷𐑔𐑪𐑮𐑦𐑑𐑦	ɔːˈθɒrɪti	high	
authority	𐑩𐑔𐑸𐑩𐑑𐑦	əˈθɑːRəti	𐑷𐑔𐑪𐑮𐑦𐑑𐑦	ɔːˈθɒrɪti	high	
authority	𐑩𐑔𐑹𐑑𐑦	əˈθɔːRti	𐑷𐑔𐑪𐑮𐑦𐑑𐑦	ɔːˈθɒrɪti	high	
authority	𐑩𐑔𐑹𐑩𐑑𐑦	əˈθɔːRəti	𐑷𐑔𐑪𐑮𐑦𐑑𐑦	ɔːˈθɒrɪti	high	
authority	𐑩𐑔𐑹𐑩𐑛𐑦	əˈθɔːRədi	𐑷𐑔𐑪𐑮𐑦𐑑𐑦	ɔːˈθɒrɪti	high	
authority	𐑹𐑔𐑪𐑮𐑦𐑑𐑦	ɔːRθɒrɪti	𐑷𐑔𐑪𐑮𐑦𐑑𐑦	ɔːˈθɒrɪti	high	
authority	𐑹𐑔𐑪𐑮𐑩𐑑𐑦	ɔːRθɒrəti	𐑷𐑔𐑪𐑮𐑦𐑑𐑦	ɔːˈθɒrɪti	high	
authorization	𐑹𐑔𐑼𐑲𐑟𐑱𐑖𐑯	ɔːRθəraɪzeɪʃn	𐑷𐑔𐑼𐑲𐑟𐑱𐑖𐑩𐑯	ˌɔːθəraɪˈzeɪʃən	high	
authorize	𐑪𐑔𐑼𐑲𐑟	ˈɒθəraɪz	𐑷𐑔𐑼𐑲𐑟	ˈɔːθəraɪz	high	
authorize	𐑹𐑔𐑼𐑲𐑟	ɔːRθəraɪz	𐑷𐑔𐑼𐑲𐑟	ˈɔːθəraɪz	high	
authorized	𐑹𐑔𐑼𐑲𐑟𐑛	ɔːRθəraɪzd	𐑷𐑔𐑼𐑲𐑟𐑛	ˈɔːθəraɪzd	high	
authors	𐑹𐑔𐑼𐑟	ɔːRθəRz	𐑷𐑔𐑼𐑟	ˈɔːθəRz	high	
autistic	𐑪𐑑𐑦𐑕𐑑𐑦𐑒	ɒˈtɪstɪk	𐑷𐑑𐑦𐑕𐑑𐑦𐑒	ɔːˈtɪstɪk	high	
auto-	𐑷𐑑𐑩-	ˈɔːtə-	𐑷𐑑𐑴-	ˈˌɔːtəʊ-	high	
autobiographic	𐑷𐑑𐑴𐑚𐑲𐑩𐑜𐑮𐑨𐑓𐑦𐑒	ɔːtəʊbaɪəɡræfɪk	𐑷𐑑𐑩𐑚𐑲𐑩𐑜𐑮𐑨𐑓𐑦𐑒	ˌɔːtəbaɪəˈɡræfɪk	high	
autocratic	𐑪𐑑𐑴𐑒𐑮𐑨𐑑𐑦𐑒	ˌɒtoʊˈkrætɪk	𐑷𐑑𐑩𐑒𐑮𐑨𐑑𐑦𐑒	ˌɔːtəˈkrætɪk	high	
autocratically	𐑷𐑑𐑩𐑒𐑮𐑨𐑑𐑦𐑒𐑩𐑤𐑰	ɔːtəkrætɪkəliː	𐑷𐑑𐑩𐑒𐑮𐑨𐑑𐑦𐑒𐑤𐑦	ˌɔːtəˈkrætɪkli	high	
autograph	𐑷𐑑𐑩𐑜𐑮𐑭𐑓	ɔːtəɡrɑːf	𐑷𐑑𐑩𐑜𐑮𐑨𐑓	ˈɔːtəɡræf	high	ml_disagrees:𐑷𐑑𐑩𐑜𐑮ɑ𐑨𐑓; shave_agrees
automate	𐑷𐑑𐑴𐑥𐑱𐑑	ˈɔːtoʊˌmeɪt	𐑷𐑑𐑩𐑥𐑱𐑑	ˈɔːtəmeɪt	high	
automated	𐑷𐑑𐑴𐑥𐑱𐑑𐑩𐑛	ˈɔːtoʊˌmeɪtƏd	𐑷𐑑𐑩𐑥𐑱𐑑𐑩𐑛	ˈɔːtəmeɪtƏd	high	
automatically	𐑷𐑑𐑩𐑥𐑨𐑑𐑦𐑒𐑩𐑤𐑦	ˌɔːtəˈmætɪkəli	𐑷𐑑𐑩𐑥𐑨𐑑𐑦𐑒𐑤𐑦	ˌɔːtəˈmætɪkli	high	
automatically	𐑷𐑑𐑩𐑥𐑨𐑑𐑦𐑒𐑩𐑦	ˈɔːtəˌmætɪkəi	𐑷𐑑𐑩𐑥𐑨𐑑𐑦𐑒𐑤𐑦	ˌɔːtəˈmætɪkli	high	
automatically	𐑷𐑑𐑴𐑥𐑨𐑑𐑦𐑒𐑩𐑤𐑦	ˈɔːtəʊˌmætɪkəli	𐑷𐑑𐑩𐑥𐑨𐑑𐑦𐑒𐑤𐑦	ˌɔːtəˈmætɪkli	high	
automation	𐑭𐑑𐑩𐑥𐑱𐑖𐑩𐑯	ˌɑːtəˈmeɪʃən	𐑷𐑑𐑩𐑥𐑱𐑖𐑩𐑯	ˌɔːtəˈmeɪʃən	high	
automatons	𐑪𐑑𐑪𐑥𐑩𐑑𐑩𐑯𐑟	ɒˈtɒmətənz	𐑷𐑑𐑪𐑥𐑩𐑑𐑩𐑯𐑟	ɔːˈtɒmətənz	high	
automatons	𐑪𐑑𐑪𐑥𐑩𐑑𐑪𐑯𐑟	ɒˈtɒməˌtɒnz	𐑷𐑑𐑪𐑥𐑩𐑑𐑩𐑯𐑟	ɔːˈtɒmətənz	high	
automatons	𐑷𐑑𐑪𐑥𐑩𐑑𐑪𐑯𐑟	ɔːˈtɒməˌtɒnz	𐑷𐑑𐑪𐑥𐑩𐑑𐑩𐑯𐑟	ɔːˈtɒmətənz	high	
automobile	𐑷𐑑𐑩𐑥𐑩𐑚𐑦𐑤	ˈɔːtəməˌbil	𐑷𐑑𐑩𐑥𐑩𐑚𐑰𐑤	ˈɔːtəməbiːl	high	
automobile	𐑷𐑑𐑩𐑥𐑴𐑚𐑦𐑤	ˌɔːtəˈmoʊbil	𐑷𐑑𐑩𐑥𐑩𐑚𐑰𐑤	ˈɔːtəməbiːl	high	
autonomous	𐑪-	ɒ-	𐑷𐑑𐑪𐑯𐑩𐑥𐑩𐑕	ɔːˈtɒnəməs	high	
autopsy	𐑷𐑑𐑪𐑐𐑕𐑰	ˈɔːtɒpsiː	𐑷𐑑𐑪𐑐𐑕𐑦	ˈɔːtɒpsi	high	
auxiliary	𐑷𐑜𐑟𐑦𐑤𐑘𐑼𐑦	ɔːɡˈzɪljəri	𐑷𐑜𐑟𐑦𐑤𐑽𐑦	ɔːɡˈzɪlɪəri	high	
auxiliary	𐑷𐑜𐑟𐑦𐑤𐑦𐑧𐑮𐑦	ɔːɡˈzɪlieri	𐑷𐑜𐑟𐑦𐑤𐑽𐑦	ɔːɡˈzɪlɪəri	high	
auxiliary	𐑹𐑒𐑕𐑦𐑤-	ɔːRksɪl-	𐑷𐑜𐑟𐑦𐑤𐑽𐑦	ɔːɡˈzɪlɪəri	high	
auxiliary	𐑹𐑜𐑟𐑦𐑤𐑘𐑼𐑦	ɔːRɡzɪljəri	𐑷𐑜𐑟𐑦𐑤𐑽𐑦	ɔːɡˈzɪlɪəri	high	
auxiliary	𐑹𐑜𐑟𐑦𐑤𐑦𐑼𐑦	ɔːRɡzɪliəri	𐑷𐑜𐑟𐑦𐑤𐑽𐑦	ɔːɡˈzɪlɪəri	high	
avalanche	𐑨𐑝𐑩𐑤𐑭𐑯𐑖	ˈævəlɑːnʃ	𐑨𐑝𐑩𐑤𐑨𐑯𐑗, 𐑨𐑝𐑩𐑤𐑭𐑯𐑗	ˈævəlⱭːntʃ	high	
avant-garde	𐑨𐑝𐑩𐑯𐑑𐑜𐑸𐑛	ævəntɡɑːRd	𐑨𐑝𐑪𐑯-𐑜𐑸𐑛	ˌævɒn-ˈɡɑːRd	high	
avant-garde	𐑨𐑝𐑪𐑯𐑑𐑜𐑸𐑛	ˌævɒntˈɡɑːRd	𐑨𐑝𐑪𐑯-𐑜𐑸𐑛	ˌævɒn-ˈɡɑːRd	high	
avant-garde	𐑩𐑝𐑨𐑯𐑑𐑜𐑸𐑛	əˌvæntˈɡɑːRd	𐑨𐑝𐑪𐑯-𐑜𐑸𐑛	ˌævɒn-ˈɡɑːRd	high	
avant-garde	𐑩𐑝𐑪𐑯𐑑𐑜𐑸𐑛	əˌvɒntˈɡɑːRd	𐑨𐑝𐑪𐑯-𐑜𐑸𐑛	ˌævɒn-ˈɡɑːRd	high	
avant-garde	𐑪𐑝𐑨𐑯𐑑𐑜𐑸𐑛	ˌɒˌvæntˈɡɑːRd	𐑨𐑝𐑪𐑯-𐑜𐑸𐑛	ˌævɒn-ˈɡɑːRd	high	
avant-garde	𐑪𐑝𐑪𐑯𐑑𐑜𐑸𐑛	ˌɒˌvɒntˈɡɑːRd	𐑨𐑝𐑪𐑯-𐑜𐑸𐑛	ˌævɒn-ˈɡɑːRd	high	
avast	-𐑝𐑨𐑕𐑑	-ˈvæst	𐑩𐑝𐑨𐑕𐑑, 𐑩𐑝𐑭𐑕𐑑	əˈvⱭːst	high	
avenue	𐑨𐑝𐑩𐑯𐑘𐑫	ˈævəˌnju	𐑨𐑝𐑩𐑯𐑵, 𐑨𐑝𐑩𐑯𐑿	ˈævənjuː	high	
aver	𐑱𐑝𐑼	eɪvəR	𐑩𐑝𐑻	əˈvɜːR	high	
average	𐑨𐑝𐑮𐑦𐑡	ˈævrɪdʒ	𐑨𐑝𐑼𐑦𐑡	ˈævərɪdʒ	high	
aversion	𐑩𐑝𐑻𐑖𐑩𐑯	əvɜːRʃən	𐑩𐑝𐑻𐑠𐑩𐑯	əˈvɜːRʒən	high	
aviary	𐑱𐑝𐑦𐑺𐑦	ˈeɪviˌeəri	𐑱𐑝𐑽𐑦	ˈeɪvɪəri	high	
aviation	𐑨𐑝𐑦-	ˌævi-	𐑱𐑝𐑦𐑱𐑖𐑩𐑯	ˌeɪviˈeɪʃən	high	
aviation	𐑨𐑝𐑰-	ˌaviː-	𐑱𐑝𐑦𐑱𐑖𐑩𐑯	ˌeɪviˈeɪʃən	high	
aviation	𐑱𐑝𐑰𐑱𐑖𐑩𐑯	ˌeɪviːˈeɪʃən	𐑱𐑝𐑦𐑱𐑖𐑩𐑯	ˌeɪviˈeɪʃən	high	
avocado	𐑨𐑝𐑩𐑒𐑪𐑑𐑴	ævəˈkɒtoʊ	𐑨𐑝𐑩𐑒𐑭𐑛𐑴	ˌævəˈkɑːdəʊ	high	
avocado	𐑨𐑝𐑩𐑒𐑪𐑛𐑴	ævəˈkɒdoʊ	𐑨𐑝𐑩𐑒𐑭𐑛𐑴	ˌævəˈkɑːdəʊ	high	
avocado	𐑪𐑝𐑩𐑒𐑪𐑑𐑴	ɒvəˈkɒtoʊ	𐑨𐑝𐑩𐑒𐑭𐑛𐑴	ˌævəˈkɑːdəʊ	high	
avocado	𐑪𐑝𐑩𐑒𐑪𐑛𐑴	ɒvəˈkɒdoʊ	𐑨𐑝𐑩𐑒𐑭𐑛𐑴	ˌævəˈkɑːdəʊ	high	
avocation	𐑨𐑝𐑴𐑒𐑱𐑖𐑩𐑯	avəʊˈkeɪʃən	𐑨𐑝𐑩𐑒𐑱𐑖𐑩𐑯	ˌævəˈkeɪʃən	high	
avoirdupois	𐑨𐑝𐑢𐑭𐑛𐑿𐑐𐑢𐑭	ævwɑːdjuːpwɑː	𐑨𐑝𐑼𐑛𐑩𐑐𐑶𐑟	ˌævəRdəˈpɔɪz	medium	r_gap:spelling=1,ipa=0; shave_says:𐑨𐑝𐑼𐑛𐑩𐑐𐑶𐑟
avoirdupois	𐑨𐑝𐑩𐑛𐑩𐑐𐑶𐑟	ævədəpɔɪz	𐑨𐑝𐑼𐑛𐑩𐑐𐑶𐑟	ˌævəRdəˈpɔɪz	medium	r_gap:spelling=1,ipa=0; shave_says:𐑨𐑝𐑼𐑛𐑩𐑐𐑶𐑟
avon	𐑱𐑝𐑪𐑯	ˈeɪvɒn	𐑱𐑝𐑩𐑯	ˈeɪvən	high	
awful	𐑷𐑓𐑤	ˈɔːfl	𐑷𐑓𐑩𐑤	ˈɔːfəl	high	
awful	𐑷𐑓𐑫𐑤	ˈɔːfʊl	𐑷𐑓𐑩𐑤	ˈɔːfəl	high	
awfully	𐑷𐑓𐑤𐑦	ˈɔːfli	𐑷𐑓𐑩𐑤𐑦	ˈɔːfəli	high	
awfully	𐑷𐑓𐑫𐑤𐑦	ˈɔːfʊli	𐑷𐑓𐑩𐑤𐑦	ˈɔːfəli	high	
awkward	𐑹𐑒𐑢𐑼𐑛	ɔːRkwəRd	𐑷𐑒𐑢𐑼𐑛	ˈɔːkwəRd	high	
awol	𐑱𐑢𐑷𐑤	ˈeɪwɔːl	𐑱𐑢𐑪𐑤	ˈeɪwɒl	high	
axes	𐑨𐑒𐑕𐑦𐑟	ˈæksiz	𐑨𐑒𐑕𐑩𐑟, 𐑨𐑒𐑕𐑰𐑟	ˈæksƏz	high	
axiom	𐑨𐑒𐑕𐑦𐑩𐑥	ˈæksiəm	𐑨𐑒𐑕𐑾𐑥	ˈæksɪəm	high	
axis	𐑨𐑒𐑕𐑩𐑕	ˈæksəs	𐑨𐑒𐑕𐑦𐑕	ˈæksɪs	high	
ayr	𐑧𐑮	er	𐑺	eəR	high	
ayr	𐑻	ɜːR	𐑺	eəR	high	
azerbaijan	𐑨𐑟𐑩𐑚𐑲𐑡𐑭𐑯	æzəbaɪdʒɑːn	𐑨𐑟𐑼𐑚𐑲𐑡𐑭𐑯	ˌæzəRbaɪˈdʒɑːn	medium	r_gap:spelling=1,ipa=0; shave_says:𐑭𐑟𐑧𐑮𐑚𐑲𐑡𐑭𐑯
azerbaijan	𐑨𐑟𐑼𐑚𐑲𐑡𐑪𐑯	ˌæzərbaɪˈdʒɒn	𐑨𐑟𐑼𐑚𐑲𐑡𐑭𐑯	ˌæzəRbaɪˈdʒɑːn	high	
azerbaijan	𐑪𐑟𐑼𐑚𐑲𐑡𐑪𐑯	ˌɒzərbaɪˈdʒɒn	𐑨𐑟𐑼𐑚𐑲𐑡𐑭𐑯	ˌæzəRbaɪˈdʒɑːn	high	
azores	𐑱𐑟𐑹𐑟	ˈeɪzɔːrz	𐑩𐑟𐑹𐑟	əˈzɔːRz	high	
azure	𐑨𐑟𐑘𐑩𐑼	æzjəəR	𐑨𐑠𐑼	ˈæʒəR	high	
azure	𐑨𐑟𐑘𐑼	ˈæzjər	𐑨𐑠𐑼	ˈæʒəR	high	
azure	𐑨𐑠𐑘𐑩𐑼	æʒjəəR	𐑨𐑠𐑼	ˈæʒəR	high	
azure	𐑩𐑟𐑘𐑩𐑼	əzjəəR	𐑨𐑠𐑼	ˈæʒəR	high	
baa	𐑚𐑨	bæ	𐑚𐑭	bɑː	high	
baa	𐑚𐑪	bɒ	𐑚𐑭	bɑː	high	
babbler	𐑚𐑨𐑚𐑩𐑤𐑼	bæbələr	𐑚𐑨𐑚𐑤𐑼	ˈbæbləR	high	
babel	𐑚𐑨𐑚𐑩𐑤	ˈbæbəl	𐑚𐑱𐑚𐑩𐑤	ˈbeɪbəl	high	
baboon	𐑚𐑨𐑚𐑵𐑯	ˌbæˈbuːn	𐑚𐑩𐑚𐑵𐑯	bəˈbuːn	high	
bachelor	𐑚𐑨𐑗𐑤𐑼	ˈbætʃləR	𐑚𐑨𐑗𐑩𐑤𐑼	ˈbætʃələR	high	
backdrop	𐑚𐑨𐑒𐑡𐑮𐑪𐑐	ˈbækdʒrɒp	𐑚𐑨𐑒𐑛𐑮𐑪𐑐	ˈbækdrɒp	high	
backroom	𐑚𐑨𐑒𐑮𐑫𐑥	bækrʊm	𐑚𐑨𐑒𐑮𐑵𐑥	ˈbækruːm	high	
backrooms	𐑚𐑨𐑒𐑮𐑫𐑥𐑕	bækrʊms	𐑚𐑨𐑒𐑮𐑵𐑥𐑟	ˈbækruːmz	high	
backrooms	𐑚𐑨𐑒𐑮𐑵𐑥𐑕	bækruːms	𐑚𐑨𐑒𐑮𐑵𐑥𐑟	ˈbækruːmz	high	
backwards	𐑚𐑨𐑒𐑢𐑻𐑛𐑟	bækwɜːRdz	𐑚𐑨𐑒𐑢𐑼𐑛𐑟	ˈbækwəRdz	high	
bacteria	𐑚𐑨𐑒𐑑𐑦𐑮𐑦𐑩	bækˈtɪriə	𐑚𐑨𐑒𐑑𐑽𐑾	bækˈtɪərɪə	high	
bacteria	𐑚𐑨𐑒𐑑𐑽𐑦𐑩	baktɪəriə	𐑚𐑨𐑒𐑑𐑽𐑾	bækˈtɪərɪə	high	
badalona	𐑚𐑭𐑛𐑩𐑤𐑴𐑯𐑩	ˌbɑːdəˈloʊnə	𐑚𐑨𐑛𐑩𐑤𐑴𐑯𐑩	bædəˈləʊnə	high	
badinage	𐑚𐑨𐑛𐑦𐑯𐑭𐑡	ˌbædɪˈnɑːdʒ	𐑚𐑨𐑛𐑦𐑯𐑭𐑠	ˈbædɪnɑːʒ	high	
badinage	𐑚𐑪𐑛𐑦𐑯𐑪𐑠	ˌbɒdɪˈnɒʒ	𐑚𐑨𐑛𐑦𐑯𐑭𐑠	ˈbædɪnɑːʒ	high	
baedeker	𐑚𐑱𐑛𐑦𐑒𐑼	beɪdɪkəR	𐑚𐑱𐑛𐑧𐑒𐑼	ˈbeɪdekəR	high	
baedeker	𐑚𐑱𐑛𐑩𐑒𐑼	ˈbeɪdəkər	𐑚𐑱𐑛𐑧𐑒𐑼	ˈbeɪdekəR	high	
bagel	𐑚𐑧𐑜𐑩𐑤	ˈbeɡəl	𐑚𐑱𐑜𐑩𐑤	ˈbeɪɡəl	high	
bah	𐑚𐑨	bæ	𐑚𐑭	bɑː	high	
bahasa	𐑚𐑨𐑣𐑭𐑕𐑩	baˈhɑːsə	𐑚𐑩𐑣𐑭𐑕𐑩	bəˈhɑːsə	high	
bairn	𐑚𐑻𐑯	bɜːRn	𐑚𐑺𐑯	beəRn	high	
baku	𐑚𐑭𐑒𐑵	bɑːˈkuː	𐑚𐑨𐑒𐑵	bæˈkuː	high	
balcony	𐑚𐑨𐑤𐑒𐑴𐑯𐑦	bælˈkəʊni	𐑚𐑨𐑤𐑒𐑩𐑯𐑦	ˈbælkəni	high	
bald	𐑚𐑴𐑤𐑛	bəʊld	𐑚𐑷𐑤𐑛	bɔːld	high	
balderdash	𐑚𐑷𐑤𐑛𐑩𐑛𐑨𐑖	bɔːldədæʃ	𐑚𐑷𐑤𐑛𐑼𐑛𐑨𐑖	ˈbɔːldəRdæʃ	medium	r_gap:spelling=1,ipa=0; shave_says:𐑚𐑷𐑤𐑛𐑼𐑛𐑨𐑖
baldric	𐑚𐑪𐑤-	ˈbɒl-	𐑚𐑷𐑤𐑛𐑮𐑦𐑒	ˈbɔːldrɪk	medium	r_gap:spelling=1,ipa=0
balk	𐑚𐑷𐑤𐑒	bɔːlk	𐑚𐑷𐑒	bɔːk	high	
balkan	𐑚𐑪𐑤𐑒𐑩𐑯	ˈbɒlkən	𐑚𐑷𐑤𐑒𐑩𐑯	ˈbɔːlkən	high	
balkans	𐑚𐑪𐑤𐑒𐑩𐑯𐑟	ˈbɒlkənz	𐑚𐑷𐑤𐑒𐑩𐑯𐑟	ˈbɔːlkənz	high	
ballet	𐑚𐑨𐑤𐑦	ˈbalɪ	𐑚𐑨𐑤𐑱	ˈbæleɪ	high	
balloon	𐑚𐑩𐑤𐑫𐑯	bəˈlun	𐑚𐑩𐑤𐑵𐑯	bəˈluːn	high	
balm	𐑚𐑨𐑥	bæm	𐑚𐑭𐑥	bɑːm	high	
balm	𐑚𐑪𐑤𐑥	bɒlm	𐑚𐑭𐑥	bɑːm	high	
balm	𐑚𐑪𐑥	bɒm	𐑚𐑭𐑥	bɑːm	high	
balm	𐑚𐑷𐑤𐑥	bɔːlm	𐑚𐑭𐑥	bɑːm	high	
balm	𐑚𐑷𐑥	bɔːm	𐑚𐑭𐑥	bɑːm	high	
balmy	𐑚𐑪𐑤𐑥𐑦	ˈbɒlmi	𐑚𐑭𐑥𐑦	ˈbɑːmi	high	
balmy	𐑚𐑪𐑥𐑦	ˈbɒmi	𐑚𐑭𐑥𐑦	ˈbɑːmi	high	
balmy	𐑚𐑷𐑥𐑦	ˈbɔːmi	𐑚𐑭𐑥𐑦	ˈbɑːmi	high	
balsa	𐑚𐑨𐑤𐑕𐑩	ˈbælsə	𐑚𐑷𐑤𐑕𐑩	ˈbɔːlsə	high	
balsa	𐑚𐑪𐑤𐑕𐑩	ˈbɒlsə	𐑚𐑷𐑤𐑕𐑩	ˈbɔːlsə	high	
baltic	𐑚𐑪𐑤𐑑𐑦𐑒	ˈbɒltɪk	𐑚𐑷𐑤𐑑𐑦𐑒	ˈbɔːltɪk	high	
baltimore	𐑚𐑷𐑤𐑑𐑦𐑥𐑪𐑮	ˈbɔːltɪˌmor	𐑚𐑷𐑤𐑑𐑦𐑥𐑹	ˈbɔːltɪmɔːR	high	
baltimore	𐑚𐑹𐑤𐑑𐑦𐑥𐑹	bɔːRltɪmɔːR	𐑚𐑷𐑤𐑑𐑦𐑥𐑹	ˈbɔːltɪmɔːR	high	
bambino	𐑚𐑨𐑥𐑚𐑦𐑯𐑴	bæmˈbinoʊ	𐑚𐑨𐑥𐑚𐑰𐑯𐑴	bæmˈbiːnəʊ	high	
bamboozle	𐑚𐑨𐑥𐑚𐑫𐑟𐑩𐑤	bæmˈbuzəl	𐑚𐑨𐑥𐑚𐑵𐑟𐑩𐑤	bæmˈbuːzəl	high	
bandeaux	𐑚𐑨𐑯𐑛𐑴	ˈbændəʊ	𐑚𐑨𐑯𐑛𐑴𐑟	ˈbændəʊz	high	
bandolier	𐑚𐑨𐑯𐑛𐑩𐑤𐑦𐑮	ˌbændəˈlɪr	𐑚𐑨𐑯𐑛𐑩𐑤𐑽	ˌbændəˈlɪəR	high	
bandung	𐑚𐑪𐑯𐑛𐑫𐑙	ˈbɒndʊŋ	𐑚𐑨𐑯𐑛𐑫𐑙	ˈbændʊŋ	high	
bangalore	𐑚𐑨𐑙𐑜𐑩𐑤𐑪𐑮	ˈbæŋɡəlor	𐑚𐑨𐑙𐑜𐑩𐑤𐑹	ˌbæŋɡəˈlɔːR	high	
bangs	𐑚𐑨𐑙𐑜𐑟	bæŋɡz	𐑚𐑨𐑙𐑟	bæŋz	high	
bankrupt	𐑚𐑨𐑙𐑒𐑮𐑩𐑐𐑑	bæŋkrəpt	𐑚𐑨𐑙𐑒𐑮𐑳𐑐𐑑	ˈbæŋkrʌpt	high	
bankruptcy	𐑚𐑱𐑙𐑒𐑮𐑩𐑐𐑑𐑕𐑦	ˈbeɪŋkrəptsi	𐑚𐑨𐑙𐑒𐑮𐑳𐑐𐑑𐑕𐑦	ˈbæŋkrʌptsi	high	
banter	𐑚𐑺𐑯𐑑𐑼	ˈbeəntəR	𐑚𐑨𐑯𐑑𐑼	ˈbæntəR	high	
baobab	𐑚𐑬𐑚𐑨𐑚	ˈbaʊbæb	𐑚𐑱𐑴𐑚𐑨𐑚	ˈbeɪəʊbæb	high	
baptist	𐑚𐑨𐑚𐑑𐑦𐑕𐑑	ˈbæbtɪst	𐑚𐑨𐑐𐑑𐑦𐑕𐑑	ˈbæptɪst	high	
baptist	𐑚𐑨𐑚𐑛𐑦𐑕𐑑	ˈbæbdɪst	𐑚𐑨𐑐𐑑𐑦𐑕𐑑	ˈbæptɪst	high	
baptist	𐑚𐑨𐑚𐑛𐑩𐑕	ˈbæbdəs	𐑚𐑨𐑐𐑑𐑦𐑕𐑑	ˈbæptɪst	high	
baptize	𐑚𐑨𐑐𐑑𐑨𐑘𐑟	ˈbæptajz	𐑚𐑨𐑐𐑑𐑲𐑟	bæpˈtaɪz	high	
barack	-𐑮𐑸𐑒	-rɑːRk	𐑚𐑼𐑭𐑒	bəˈrɑːk	high	
barack	𐑚𐑨𐑮𐑨𐑒	barak	𐑚𐑼𐑭𐑒	bəˈrɑːk	high	
barack	𐑚𐑼𐑨𐑒	bərak	𐑚𐑼𐑭𐑒	bəˈrɑːk	high	
barack	𐑚𐑼𐑪𐑒	bəˈrɒk	𐑚𐑼𐑭𐑒	bəˈrɑːk	high	
barbadian	𐑚𐑸𐑚𐑱𐑛𐑦𐑩𐑯	bɑːRbeɪdiən	𐑚𐑸𐑚𐑱𐑛𐑾𐑯	bɑːRˈbeɪdɪən	high	
barbados	𐑚𐑸𐑚𐑱𐑛𐑩𐑕	bɑːRˈbeɪdəs	𐑚𐑸𐑚𐑱𐑛𐑪𐑕	bɑːRˈbeɪdɒs	high	
barbados	𐑚𐑸𐑚𐑱𐑛𐑴𐑕	bɑːRˈbeɪdoʊs	𐑚𐑸𐑚𐑱𐑛𐑪𐑕	bɑːRˈbeɪdɒs	high	
barbados	𐑚𐑸𐑚𐑱𐑛𐑴𐑟	bɑːRˈbeɪdoʊz	𐑚𐑸𐑚𐑱𐑛𐑪𐑕	bɑːRˈbeɪdɒs	high	
barbarian	𐑚𐑸𐑚𐑺𐑦𐑩𐑯	bɑːrbeəriən	𐑚𐑸𐑚𐑺𐑾𐑯	bɑːRˈbeərɪən	high	
barbecue	𐑚𐑸𐑚𐑦𐑒𐑘𐑫	ˈbɑːRbɪˌkju	𐑚𐑸𐑚𐑦𐑒𐑿	ˈbɑːRbɪkjuː	high	
barbecue	𐑚𐑸𐑚𐑩-	ˈbɑːRbə-	𐑚𐑸𐑚𐑦𐑒𐑿	ˈbɑːRbɪkjuː	high	
barbiturate	𐑚𐑸𐑚𐑦𐑑𐑘𐑫𐑦𐑑	ˌbɑːRˈbɪtjuɪt	𐑚𐑸𐑚𐑦𐑗𐑼𐑩𐑑	bɑːRˈbɪtʃərət	medium	r_gap:spelling=2,ipa=1
barbiturate	𐑚𐑸𐑚𐑦𐑗𐑫𐑦𐑑	ˌbɑːRˈbɪtʃuɪt	𐑚𐑸𐑚𐑦𐑗𐑼𐑩𐑑	bɑːRˈbɪtʃərət	medium	r_gap:spelling=2,ipa=1
barcelona	𐑚𐑸𐑕𐑦𐑤𐑴𐑯𐑩	ˌbɑːRsɪˈloʊnə	𐑚𐑸𐑕𐑩𐑤𐑴𐑯𐑩	ˌbɑːRsəlˈəʊnə	high	
bardolatry	𐑚𐑸𐑛𐑪𐑤𐑩𐑑𐑮𐑰	bɑːrdɒlətriː	𐑚𐑸𐑛𐑪𐑤𐑩𐑑𐑮𐑦	bɑːRˈdɒlətri	high	
bare	𐑚𐑻	bɜːR	𐑚𐑺	beəR	high	
barefoot	𐑚𐑧𐑮𐑓𐑫𐑑	ˈberfʊt	𐑚𐑺𐑓𐑫𐑑	beəRˈfʊt	high	
barefooted	𐑚𐑻𐑩𐑓𐑫𐑑𐑩𐑛	bɜːRəfʊtƏd	𐑚𐑺𐑓𐑫𐑑𐑩𐑛	beəRˈfʊtƏd	high	
barely	𐑚𐑧𐑮𐑤𐑦	ˈberli	𐑚𐑺𐑤𐑦	ˈbeəRli	high	
bares	𐑚𐑧𐑮𐑟	berz	𐑚𐑺𐑟	beəRz	high	
bargain	-𐑜𐑦𐑯	-ɡɪn	𐑚𐑸𐑜𐑦𐑯	ˈbɑːRɡɪn	medium	r_gap:spelling=1,ipa=0; shave_says:𐑚𐑸𐑜𐑦𐑯
bargain	𐑚𐑸𐑜𐑩𐑯	bɑːRɡən	𐑚𐑸𐑜𐑦𐑯	ˈbɑːRɡɪn	high	
bari	𐑚𐑨𐑮𐑦	bæri	𐑚𐑸𐑦	ˈbɑːri	high	
baring	𐑚𐑧𐑮𐑦𐑙	ˈberɪŋ	𐑚𐑺𐑦𐑙	ˈbeərɪŋ	high	
barista	𐑚𐑼𐑦𐑕𐑑𐑩	bərɪstə	𐑚𐑼𐑰𐑕𐑑𐑩	bəˈriːstə	high	
barking	𐑚𐑸𐑒𐑦𐑙𐑜	bɑːrkɪŋɡ	𐑚𐑸𐑒𐑦𐑙	ˈbɑːRkɪŋ	high	
barman	𐑚𐑸𐑥𐑨𐑯	ˈbɑːRmæn	𐑚𐑸𐑥𐑩𐑯	ˈbɑːRmən	high	
barnet	𐑚𐑸𐑯𐑦𐑑	bɑːrnɪt	𐑚𐑸𐑯𐑩𐑑	ˈbɑːRnət	high	
barnoldswick	𐑚𐑸𐑯𐑪𐑤𐑛𐑟𐑢𐑦𐑒	bɑːRnɒldzwɪk	𐑚𐑸𐑯𐑴𐑤𐑛𐑟𐑢𐑦𐑒	bɑːRˈnəʊldzwɪk	high	
barnsley	𐑚𐑸𐑯𐑕𐑤𐑦	bɑːrnsli	𐑚𐑸𐑯𐑟𐑤𐑦	ˈbɑːRnzli	high	
barnstaple	𐑚𐑸𐑯𐑕𐑑𐑩𐑚𐑩𐑤	bɑːrnstəbəl	𐑚𐑸𐑯𐑕𐑑𐑩𐑐𐑩𐑤	ˈbɑːRnstəpəl	high	
barometer	𐑚𐑼𐑪𐑥𐑩𐑑𐑼	bəˈrɒmətəR	𐑚𐑼𐑪𐑥𐑦𐑑𐑼	bəˈrɒmɪtəR	high	
baroque	𐑚𐑨𐑮𐑪𐑒	bærɒk	𐑚𐑼𐑪𐑒	bəˈrɒk	high	
baroque	𐑚𐑼𐑴𐑒	bərəʊk	𐑚𐑼𐑪𐑒	bəˈrɒk	high	
barouche	𐑚𐑨𐑮𐑵𐑖	bæruːʃ	𐑚𐑼𐑵𐑖	bəˈruːʃ	high	
barracks	𐑚𐑧-	ˈbe-	𐑚𐑨𐑮𐑩𐑒𐑕	ˈbærəks	medium	r_gap:spelling=2,ipa=0
barrage	𐑚𐑨𐑮𐑸𐑠	bærɑːRʒ	𐑚𐑨𐑮𐑭𐑠	ˈbærɑːʒ	high	
barrage	𐑚𐑼𐑪𐑠	bəˈrɒʒ	𐑚𐑨𐑮𐑭𐑠	ˈbærɑːʒ	medium	r_gap:spelling=2,ipa=1
barrel	𐑚𐑧𐑮𐑩𐑤	ˈberəl	𐑚𐑨𐑮𐑩𐑤	ˈbærəl	medium	r_gap:spelling=2,ipa=1
barrel	𐑚𐑺𐑩𐑤	ˈbeəRəl	𐑚𐑨𐑮𐑩𐑤	ˈbærəl	medium	r_gap:spelling=2,ipa=1
barrier	𐑚𐑨𐑮𐑦𐑼	bæriər	𐑚𐑨𐑮𐑽	ˈbærɪəR	medium	r_gap:spelling=3,ipa=2; shave_says:𐑚𐑨𐑮𐑽
barring	𐑚𐑸𐑦𐑙𐑜	bɑːrɪŋɡ	𐑚𐑸𐑦𐑙	ˈbɑːrɪŋ	medium	r_gap:spelling=2,ipa=1; shave_says:𐑚𐑸𐑦𐑙
barry	𐑚𐑸𐑦	bɑːri	𐑚𐑨𐑮𐑦	ˈbæri	medium	r_gap:spelling=2,ipa=1; shave_says:·𐑚𐑨𐑮𐑦
bartholomew	𐑚𐑸𐑑𐑩𐑤𐑥𐑦	bɑːRtəlmi	𐑚𐑸𐑔𐑪𐑤𐑩𐑥𐑿	bɑːRˈθɒləmjuː	high	
bartholomew	𐑚𐑸𐑑𐑪𐑤𐑩𐑥𐑦	bɑːRˈtɒləmi	𐑚𐑸𐑔𐑪𐑤𐑩𐑥𐑿	bɑːRˈθɒləmjuː	high	
bartholomew	𐑚𐑸𐑔𐑪𐑤𐑩𐑥𐑘𐑫	bɑːRˈθɒləmju	𐑚𐑸𐑔𐑪𐑤𐑩𐑥𐑿	bɑːRˈθɒləmjuː	high	
bas-relief	𐑚𐑨𐑕𐑮𐑦𐑤𐑦𐑓	ˌbæsrɪˈlif	𐑚𐑨𐑕-𐑮𐑦𐑤𐑰𐑓	ˌbæs-rɪˈliːf	high	
bas-relief	𐑚𐑨𐑕𐑮𐑦𐑤𐑰𐑓	bæsrɪliːf	𐑚𐑨𐑕-𐑮𐑦𐑤𐑰𐑓	ˌbæs-rɪˈliːf	high	
bas-relief	𐑚𐑸𐑦𐑤𐑦𐑓	ˌbɑːRɪˈlif	𐑚𐑨𐑕-𐑮𐑦𐑤𐑰𐑓	ˌbæs-rɪˈliːf	high	
bas-relief	𐑚𐑸𐑦𐑤𐑰𐑓	bɑːrɪliːf	𐑚𐑨𐑕-𐑮𐑦𐑤𐑰𐑓	ˌbæs-rɪˈliːf	high	
basal	𐑚𐑱𐑟𐑩𐑤	ˈbeɪzəl	𐑚𐑱𐑕𐑩𐑤	ˈbeɪsəl	high	
basalt	𐑚𐑨𐑕𐑩𐑤𐑑	ˈbæsəlt	𐑚𐑨𐑕𐑷𐑤𐑑	ˈbæsɔːlt	high	
basalt	𐑚𐑨𐑕𐑪𐑤𐑑	ˈbæsɒlt	𐑚𐑨𐑕𐑷𐑤𐑑	ˈbæsɔːlt	high	
basalt	𐑚𐑩𐑕𐑷𐑤𐑑	bəˈsɔːlt	𐑚𐑨𐑕𐑷𐑤𐑑	ˈbæsɔːlt	high	
basalt	𐑚𐑱𐑕𐑷𐑤𐑑	ˈbeɪˌsɔːlt	𐑚𐑨𐑕𐑷𐑤𐑑	ˈbæsɔːlt	high	
baseball	𐑚𐑱𐑕𐑚𐑪𐑤	ˈbeɪsbɒl	𐑚𐑱𐑕𐑚𐑷𐑤	ˈbeɪsbɔːl	high	
basil	𐑚𐑱𐑟𐑩𐑤	ˈbeɪzəl	𐑚𐑨𐑟𐑩𐑤	ˈbæzəl	high	
basilica	𐑚𐑩𐑕𐑦𐑤𐑦𐑒𐑩	bəˈsɪlɪkə	𐑚𐑩𐑟𐑦𐑤𐑦𐑒𐑩	bəˈzɪlɪkə	high	
basingstoke	𐑚𐑱𐑟𐑦𐑙𐑜𐑕𐑑𐑴𐑒	ˈbeɪzɪŋɡstəʊk	𐑚𐑱𐑟𐑦𐑙𐑕𐑑𐑴𐑒	ˈbeɪzɪŋstəʊk	high	
baskerville	𐑚𐑨𐑕𐑒𐑩𐑝𐑦𐑤	bæskəvɪl	𐑚𐑨𐑕𐑒𐑼𐑝𐑦𐑤	ˈbæskəRvɪl	medium	r_gap:spelling=1,ipa=0; shave_says:𐑚𐑭𐑕𐑒𐑼𐑝𐑦𐑤
basket	𐑚𐑨𐑕𐑒𐑦𐑑	ˈbæskɪt	𐑚𐑨𐑕𐑒𐑩𐑑, 𐑚𐑭𐑕𐑒𐑩𐑑	ˈbⱭːskIt	high	
basket	𐑚𐑭𐑕𐑒𐑦𐑑	ˈbɑːskɪt	𐑚𐑨𐑕𐑒𐑩𐑑, 𐑚𐑭𐑕𐑒𐑩𐑑	ˈbⱭːskIt	high	
basketball	𐑚𐑨𐑕𐑒𐑦𐑑𐑚𐑷𐑤	ˈbæskɪtbɔːl	𐑚𐑨𐑕𐑒𐑩𐑑𐑚𐑷𐑤, 𐑚𐑭𐑕𐑒𐑩𐑑𐑚𐑷𐑤	ˈbⱭːskItbɔːl	high	
basketball	𐑚𐑭𐑕𐑒𐑦𐑑𐑚𐑷𐑤	ˈbɑːskɪtbɔːl	𐑚𐑨𐑕𐑒𐑩𐑑𐑚𐑷𐑤, 𐑚𐑭𐑕𐑒𐑩𐑑𐑚𐑷𐑤	ˈbⱭːskItbɔːl	high	
bassoon	𐑚𐑩𐑕𐑫𐑯	bəˈsun	𐑚𐑩𐑕𐑵𐑯	bəˈsuːn	high	
bast	𐑚𐑭𐑕𐑑	bɑːst	𐑚𐑨𐑕𐑑	bæst	high	
bastard	𐑚𐑸𐑕𐑑𐑼𐑛	bɑːRstəRd	𐑚𐑨𐑕𐑑𐑼𐑛, 𐑚𐑭𐑕𐑑𐑼𐑛	ˈbⱭːstəRd	high	
bastion	𐑚𐑨𐑕𐑑𐑦𐑩𐑯	ˈbæstiən	𐑚𐑨𐑕𐑑𐑾𐑯	ˈbæstɪən	high	
bastion	𐑚𐑨𐑕𐑗𐑩𐑯	ˈbæstʃən	𐑚𐑨𐑕𐑑𐑾𐑯	ˈbæstɪən	high	
bathing	𐑚𐑱𐑞𐑦𐑙𐑜	ˈbeɪˌðɪŋɡ	𐑚𐑨𐑔𐑦𐑙, 𐑚𐑭𐑔𐑦𐑙, 𐑚𐑱𐑞𐑦𐑙	ˈbⱭːθɪŋ	high	
bathroom	𐑚𐑨𐑔𐑮𐑫𐑥	ˈbæθˌrum	𐑚𐑨𐑔𐑮𐑵𐑥, 𐑚𐑭𐑔𐑮𐑵𐑥	ˈbⱭːθruːm	high	
bathroom	𐑚𐑭𐑔𐑮𐑫𐑥	bɑːθrʊm	𐑚𐑨𐑔𐑮𐑵𐑥, 𐑚𐑭𐑔𐑮𐑵𐑥	ˈbⱭːθruːm	high	
bathtub	𐑚𐑨𐑔𐑑𐑫𐑚	ˈbæθtʊb	𐑚𐑨𐑔𐑑𐑳𐑚, 𐑚𐑭𐑔𐑑𐑳𐑚	ˈbⱭːθtʌb	high	
batman	𐑚𐑨𐑑𐑥𐑨𐑯	batˈman	𐑚𐑨𐑑𐑥𐑩𐑯	ˈbætmən	high	
batman	𐑚𐑨𐑑𐑥𐑭𐑯	bætˈmɑːn	𐑚𐑨𐑑𐑥𐑩𐑯	ˈbætmən	high	
baton	𐑚𐑨𐑑𐑪𐑯	ˈbætɒn	𐑚𐑨𐑑𐑩𐑯	ˈbætən	high	
baton	𐑚𐑩𐑑𐑪𐑯	bəˈtɒn	𐑚𐑨𐑑𐑩𐑯	ˈbætən	high	
battalion	𐑚𐑩𐑑𐑨𐑤𐑘𐑩𐑯	bəˈtæljən	𐑚𐑩𐑑𐑨𐑤𐑾𐑯	bəˈtælɪən	high	
battalion	𐑚𐑩𐑑𐑨𐑤𐑦𐑩𐑯	bəˈtæliən	𐑚𐑩𐑑𐑨𐑤𐑾𐑯	bəˈtælɪən	high	
batten	-𐑑𐑩𐑯	-tən	𐑚𐑨𐑑𐑩𐑯	ˈbætən	high	
battering	𐑚𐑨𐑑𐑼𐑦𐑙𐑜	bætərɪŋɡ	𐑚𐑨𐑑𐑼𐑦𐑙	ˈbætərɪŋ	high	
battery	𐑚𐑨𐑗𐑮𐑦	bætʃri	𐑚𐑨𐑑𐑼𐑦	ˈbætəri	high	
battle	𐑚𐑨𐑑𐑤	ˈbætl	𐑚𐑨𐑑𐑩𐑤	ˈbætəl	high	
battledore	𐑚𐑨𐑑𐑤𐑛𐑹	bætldɔːR	𐑚𐑨𐑑𐑩𐑤𐑛𐑹	ˈbætəldɔːR	high	
battue	𐑚𐑨-	bæ-	𐑚𐑨𐑑𐑵	bæˈtuː	high	
battue	𐑚𐑨𐑑𐑫	bæˈtu	𐑚𐑨𐑑𐑵	bæˈtuː	high	
battue	𐑚𐑩𐑑𐑿	bəˈtjuː	𐑚𐑨𐑑𐑵	bæˈtuː	high	
baulk	𐑚𐑷𐑤𐑒	bɔːlk	𐑚𐑷𐑒	bɔːk	high	
bauxite	𐑚𐑨𐑒𐑕𐑲𐑑	ˈbaksaɪt	𐑚𐑷𐑒𐑕𐑲𐑑	ˈbɔːksaɪt	high	
bauxite	𐑚𐑷𐑒𐑕𐑳𐑦𐑑	ˈbɔːksʌɪt	𐑚𐑷𐑒𐑕𐑲𐑑	ˈbɔːksaɪt	high	
bayonet	𐑚𐑱𐑩𐑯𐑦𐑑	ˈbeɪənɪt	𐑚𐑱𐑩𐑯𐑧𐑑	ˈbeɪənet	medium	ml_disagrees:𐑚𐑱𐑩𐑯𐑩𐑑; shave_says:𐑚𐑱𐑩𐑯𐑧𐑑
bbq	𐑚𐑰𐑚𐑰𐑒𐑿	biːbiːkjuː	𐑚𐑸𐑚𐑦𐑒𐑿	ˈbɑːRbɪkjuː	high	
bbq	𐑚𐑸𐑚𐑩𐑒𐑿	ˈbɑːrbəkjuː	𐑚𐑸𐑚𐑦𐑒𐑿	ˈbɑːRbɪkjuː	high	
be	𐑚𐑦𐑘	bɪj	𐑚𐑰	biː	high	
beach	𐑚𐑦𐑗	bitʃ	𐑚𐑰𐑗	biːtʃ	high	
beachcomber	𐑚𐑦𐑗𐑒𐑴𐑥𐑼	ˈbitʃˌkoʊməR	𐑚𐑰𐑗𐑒𐑴𐑥𐑼	ˈbiːtʃkəʊməR	high	
beady	𐑚𐑦𐑛𐑦	ˈbidi	𐑚𐑰𐑛𐑦	ˈbiːdi	high	
bear	𐑚𐑧𐑮	ˈber	𐑚𐑺	beəR	high	
bear	𐑚𐑻	bɜːR	𐑚𐑺	beəR	high	
bear	𐑚𐑽	bɪəR	𐑚𐑺	beəR	high	
beard	𐑚𐑦𐑮𐑛	bɪrd	𐑚𐑽𐑛	bɪəRd	high	
beard	𐑚𐑦𐑼𐑛	biəRd	𐑚𐑽𐑛	bɪəRd	high	
bearded	𐑚𐑦𐑮𐑛𐑩𐑛	ˈbɪrdəd	𐑚𐑽𐑛𐑩𐑛	ˈbɪəRdƏd	high	
bearded	𐑚𐑦𐑼𐑛𐑩𐑛	ˈbiəRdəd	𐑚𐑽𐑛𐑩𐑛	ˈbɪəRdƏd	high	
bearded	𐑚𐑽𐑛𐑼𐑛	bɪəRdəRd	𐑚𐑽𐑛𐑩𐑛	ˈbɪəRdƏd	high	
bearer	𐑚𐑧𐑮𐑼	ˈberəR	𐑚𐑺𐑼	ˈbeərəR	high	
bearing	𐑚𐑧𐑮𐑦𐑙	ˈberɪŋ	𐑚𐑺𐑦𐑙	ˈbeərɪŋ	high	
bears	𐑚𐑧𐑮𐑟	berz	𐑚𐑺𐑟	beəRz	high	
beater	𐑚𐑦𐑑𐑼	ˈbitəR	𐑚𐑰𐑑𐑼	ˈbiːtəR	high	
beatitude	𐑚𐑦𐑨𐑑𐑦𐑑𐑫𐑛	biˈætɪtud	𐑚𐑦𐑨𐑑𐑦𐑑𐑵𐑛, 𐑚𐑦𐑨𐑑𐑦𐑑𐑿𐑛	bɪˈætɪtjuːd	high	
beatitude	𐑚𐑰𐑨𐑑𐑦𐑑𐑿𐑛	biːˈætɪtjuːd	𐑚𐑦𐑨𐑑𐑦𐑑𐑵𐑛, 𐑚𐑦𐑨𐑑𐑦𐑑𐑿𐑛	bɪˈætɪtjuːd	high	
beauteous	𐑚𐑿𐑗𐑩𐑕	ˈbjuːtʃəs	𐑚𐑿𐑑𐑾𐑕	ˈbjuːtɪəs	high	
beautician	𐑚𐑿𐑑𐑦𐑗𐑩𐑯	bjuːˈtɪtʃən	𐑚𐑿𐑑𐑦𐑖𐑩𐑯	bjuːˈtɪʃən	high	
beautiful	𐑚𐑘𐑫𐑑𐑦𐑓𐑩𐑤	ˈbjutɪfəl	𐑚𐑿𐑑𐑦𐑓𐑩𐑤	ˈbjuːtɪfəl	high	
beautiful	𐑚𐑘𐑫𐑑𐑩𐑓𐑩𐑤	bjutəfəl	𐑚𐑿𐑑𐑦𐑓𐑩𐑤	ˈbjuːtɪfəl	high	
beautiful	𐑚𐑿𐑑𐑦𐑓𐑫𐑤	ˈbjuːtɪfʊl	𐑚𐑿𐑑𐑦𐑓𐑩𐑤	ˈbjuːtɪfəl	high	
beauty	-𐑑𐑦	-ti	𐑚𐑿𐑑𐑦	ˈbjuːti	high	
beauty	𐑚𐑘𐑫𐑑𐑦	ˈbjuti	𐑚𐑿𐑑𐑦	ˈbjuːti	high	
beaver	𐑚𐑦𐑝𐑼	ˈbivəR	𐑚𐑰𐑝𐑼	ˈbiːvəR	high	
become	𐑚𐑩𐑒𐑳𐑥	bəˈkʌm	𐑚𐑦𐑒𐑳𐑥	bɪˈkʌm	high	
becoming	𐑚𐑩𐑒𐑳𐑥𐑦𐑙	bəˈkʌmɪŋ	𐑚𐑦𐑒𐑳𐑥𐑦𐑙	bɪˈkʌmɪŋ	high	
bedding	𐑚𐑧𐑑𐑦𐑙	ˈbetɪŋ	𐑚𐑧𐑛𐑦𐑙	ˈbedɪŋ	high	
bedecked	𐑚𐑦𐑛𐑧𐑒𐑛	bɪˈdekd	𐑚𐑦𐑛𐑧𐑒𐑑	bɪˈdekt	high	
bedfordshire	𐑚𐑧𐑛𐑓𐑩𐑛𐑖𐑼	bedfədʃər	𐑚𐑧𐑛𐑓𐑼𐑛𐑖𐑼	ˈbedfəRdʃəR	medium	r_gap:spelling=2,ipa=1; shave_says:·𐑚𐑧𐑛𐑓𐑼𐑛𐑖𐑼
bedroom	𐑚𐑧𐑛𐑮𐑫𐑥	bedrʊm	𐑚𐑧𐑛𐑮𐑵𐑥	ˈbedruːm	high	
beef	𐑚𐑦𐑓	bif	𐑚𐑰𐑓	biːf	high	
beefs	𐑚𐑰𐑓𐑩	ˈbiːfə	𐑚𐑰𐑓𐑕	biːfs	high	
beekeeper	𐑚𐑦𐑒𐑦𐑐𐑼	ˈbiˌkipəR	𐑚𐑰𐑒𐑰𐑐𐑼	ˈbiːˌkiːpəR	high	
beer	𐑚𐑦𐑮	bɪr	𐑚𐑽	bɪəR	high	
beer	𐑚𐑦𐑼	biəR	𐑚𐑽	bɪəR	high	
beer	𐑚𐑰𐑼	biːəR	𐑚𐑽	bɪəR	high	
beers	𐑚𐑦𐑮𐑟	birz	𐑚𐑽𐑟	bɪəRz	high	
beery	𐑚𐑦𐑮𐑦	ˈbiri	𐑚𐑽𐑦	ˈbɪəri	high	
beetle	𐑚𐑦𐑑𐑩𐑤	ˈbitəl	𐑚𐑰𐑑𐑩𐑤	ˈbiːtəl	high	
beetroot	𐑚𐑦𐑑𐑮𐑫𐑑	ˈbitrut	𐑚𐑰𐑑𐑮𐑵𐑑	ˈbiːtruːt	high	
befall	𐑚𐑦𐑓𐑪𐑤	bɪˈfɒl	𐑚𐑦𐑓𐑷𐑤	bɪˈfɔːl	high	
befitting	𐑚𐑰𐑓𐑦𐑑𐑦𐑙	biːˈfɪtɪŋ	𐑚𐑦𐑓𐑦𐑑𐑦𐑙	bɪˈfɪtɪŋ	high	
before	𐑚𐑩𐑓𐑹	bəˈfɔːR	𐑚𐑦𐑓𐑹	bɪˈfɔːR	high	
beginner	𐑚𐑩𐑜𐑦𐑯𐑼	bəˈɡɪnəR	𐑚𐑦𐑜𐑦𐑯𐑼	bɪˈɡɪnəR	high	
begonia	𐑚𐑩𐑜𐑴𐑯𐑘𐑩	bəˈɡoʊnjə	𐑚𐑦𐑜𐑴𐑯𐑾	bɪˈɡəʊnɪə	high	
begonia	𐑚𐑩𐑜𐑴𐑯𐑦𐑩	bəˈɡoʊniə	𐑚𐑦𐑜𐑴𐑯𐑾	bɪˈɡəʊnɪə	high	
begonia	𐑚𐑩𐑜𐑴𐑯𐑰𐑩	bəˈɡəʊniːə	𐑚𐑦𐑜𐑴𐑯𐑾	bɪˈɡəʊnɪə	high	
behalf	𐑚𐑩𐑣𐑭𐑓	bəˈhɑːf	𐑚𐑦𐑣𐑨𐑓, 𐑚𐑦𐑣𐑭𐑓	bɪˈhⱭːf	high	
behave	𐑚𐑦-	bi-	𐑚𐑦𐑣𐑱𐑝	bɪˈheɪv	high	
behave	𐑚𐑩-	bə-	𐑚𐑦𐑣𐑱𐑝	bɪˈheɪv	high	
behave	𐑚𐑰𐑣𐑱𐑝	biːˈheɪv	𐑚𐑦𐑣𐑱𐑝	bɪˈheɪv	high	
behaved	𐑚𐑦-	bi-	𐑚𐑦𐑣𐑱𐑝𐑛	bɪˈheɪvd	high	
behaved	𐑚𐑩-	bə-	𐑚𐑦𐑣𐑱𐑝𐑛	bɪˈheɪvd	high	
behaved	𐑚𐑰𐑣𐑱𐑝𐑛	biːˈheɪvd	𐑚𐑦𐑣𐑱𐑝𐑛	bɪˈheɪvd	high	
behavioral	𐑚𐑩𐑣𐑱𐑝𐑘𐑼𐑩𐑤	bəˈheɪvjərəl	𐑚𐑦𐑣𐑱𐑝𐑘𐑼𐑩𐑤	bɪˈheɪvjərəl	high	
behind	𐑚𐑩𐑣𐑲𐑯𐑛	bəˈhaɪnd	𐑚𐑦𐑣𐑲𐑯𐑛	bɪˈhaɪnd	high	
behind	𐑚𐑰𐑣𐑲𐑯𐑛	ˈbiːˌhaɪnd	𐑚𐑦𐑣𐑲𐑯𐑛	bɪˈhaɪnd	high	
being	𐑚𐑦𐑙	ˈbiŋ	𐑚𐑰𐑦𐑙	ˈbiːɪŋ	high	
being	𐑚𐑦𐑦𐑙	ˈbiɪŋ	𐑚𐑰𐑦𐑙	ˈbiːɪŋ	high	
being	𐑚𐑰𐑙	ˈbiːŋ	𐑚𐑰𐑦𐑙	ˈbiːɪŋ	high	
belarus	𐑚𐑧𐑤𐑸𐑫𐑕	ˈbelɑːRus	𐑚𐑧𐑤𐑼𐑵𐑕	ˌbeləˈruːs	high	
belarus	𐑚𐑧𐑤𐑼𐑫𐑕	ˌbeləˈrus	𐑚𐑧𐑤𐑼𐑵𐑕	ˌbeləˈruːs	high	
belay	𐑚𐑰𐑤𐑱	ˈbiːleɪ	𐑚𐑦𐑤𐑱	bɪˈleɪ	high	
beleaguer	𐑚𐑦𐑤𐑦𐑜𐑼	bɪˈliɡəR	𐑚𐑦𐑤𐑰𐑜𐑼	bɪˈliːɡəR	high	
beleaguer	𐑚𐑩𐑤𐑰𐑜𐑼	bəliːɡəR	𐑚𐑦𐑤𐑰𐑜𐑼	bɪˈliːɡəR	high	
belie	𐑚𐑩𐑤𐑲	bəˈlaɪ	𐑚𐑦𐑤𐑲	bɪˈlaɪ	high	
believe	𐑚𐑦-	bi-	𐑚𐑦𐑤𐑰𐑝	bɪˈliːv	high	
believe	𐑚𐑦𐑤𐑦𐑝	bɪˈliv	𐑚𐑦𐑤𐑰𐑝	bɪˈliːv	high	
believe	𐑚𐑩-	bə-	𐑚𐑦𐑤𐑰𐑝	bɪˈliːv	high	
believed	𐑚𐑦-	bi-	𐑚𐑦𐑤𐑰𐑝𐑛	bɪˈliːvd	high	
believed	𐑚𐑦𐑤𐑦𐑝𐑛	bɪˈlivd	𐑚𐑦𐑤𐑰𐑝𐑛	bɪˈliːvd	high	
believed	𐑚𐑩-	bə-	𐑚𐑦𐑤𐑰𐑝𐑛	bɪˈliːvd	high	
believer	𐑚𐑦𐑤𐑦𐑝𐑼	bɪˈlivəR	𐑚𐑦𐑤𐑰𐑝𐑼	bɪˈliːvəR	high	
believes	𐑚𐑦-	bi-	𐑚𐑦𐑤𐑰𐑝𐑟	bɪˈliːvz	high	
believes	𐑚𐑦𐑤𐑦𐑝𐑟	bɪˈlivz	𐑚𐑦𐑤𐑰𐑝𐑟	bɪˈliːvz	high	
believes	𐑚𐑩-	bə-	𐑚𐑦𐑤𐑰𐑝𐑟	bɪˈliːvz	high	
believing	𐑚𐑦-	bi-	𐑚𐑦𐑤𐑰𐑝𐑦𐑙	bɪˈliːvɪŋ	high	
believing	𐑚𐑦𐑤𐑦𐑝𐑦𐑙	bɪˈlivɪŋ	𐑚𐑦𐑤𐑰𐑝𐑦𐑙	bɪˈliːvɪŋ	high	
believing	𐑚𐑩-	bə-	𐑚𐑦𐑤𐑰𐑝𐑦𐑙	bɪˈliːvɪŋ	high	
bellicose	𐑚𐑧𐑤𐑩𐑒𐑴𐑕	ˈbeləkoʊs	𐑚𐑧𐑤𐑦𐑒𐑴𐑕	ˈbelɪkəʊs	high	
belligerent	𐑚𐑩𐑤𐑦𐑡𐑼𐑩𐑯𐑑	bəlɪdʒərənt	𐑚𐑦𐑤𐑦𐑡𐑼𐑩𐑯𐑑	bɪˈlɪdʒərənt	high	
belong	𐑚𐑦𐑤𐑷𐑙	bɪˈlɔːŋ	𐑚𐑦𐑤𐑪𐑙	bɪˈlɒŋ	high	
belonged	𐑚𐑦𐑤𐑷𐑙𐑛	bɪˈlɔːŋd	𐑚𐑦𐑤𐑪𐑙𐑛	bɪˈlɒŋd	high	
belonging	𐑚𐑦𐑤𐑷𐑙𐑦𐑙	bɪˈlɔːŋɪŋ	𐑚𐑦𐑤𐑪𐑙𐑦𐑙	bɪˈlɒŋɪŋ	high	
belongs	𐑚𐑦𐑤𐑷𐑙𐑟	bɪˈlɔːŋz	𐑚𐑦𐑤𐑪𐑙𐑟	bɪˈlɒŋz	high	
benefactor	𐑚𐑧𐑯𐑩𐑓𐑨𐑒𐑑𐑼	benəfaktəR	𐑚𐑧𐑯𐑦𐑓𐑨𐑒𐑑𐑼	ˈbenɪfæktəR	high	
beneficence	𐑚𐑩𐑯𐑧𐑓𐑦𐑕𐑩𐑯𐑕	bəˈnefɪsəns	𐑚𐑦𐑯𐑧𐑓𐑦𐑕𐑩𐑯𐑕	bɪˈnefɪsəns	high	
beneficence	𐑚𐑩𐑯𐑧𐑓𐑩𐑕𐑩𐑯𐑑𐑕	bəˈnefəsənts	𐑚𐑦𐑯𐑧𐑓𐑦𐑕𐑩𐑯𐑕	bɪˈnefɪsəns	high	
beneficent	𐑚𐑩𐑯𐑧𐑓𐑦𐑕𐑩𐑯𐑑	bəˈnefɪsənt	𐑚𐑦𐑯𐑧𐑓𐑦𐑕𐑩𐑯𐑑	bɪˈnefɪsənt	high	
beneficent	𐑚𐑩𐑯𐑧𐑓𐑩𐑕𐑩𐑯𐑑	bəˈnefəsənt	𐑚𐑦𐑯𐑧𐑓𐑦𐑕𐑩𐑯𐑑	bɪˈnefɪsənt	high	
beneficiary	𐑚𐑧𐑯𐑩𐑓𐑦𐑖𐑦𐑼𐑦	benəˈfɪʃiˌəRi	𐑚𐑧𐑯𐑦𐑓𐑦𐑖𐑼𐑦	ˌbenɪˈfɪʃəri	high	
beneficiary	𐑚𐑧𐑯𐑩𐑓𐑦𐑖𐑼𐑦	benəfɪʃəri	𐑚𐑧𐑯𐑦𐑓𐑦𐑖𐑼𐑦	ˌbenɪˈfɪʃəri	high	
benefit	𐑚𐑧𐑯𐑩𐑓𐑦𐑑	ˈbenəfɪt	𐑚𐑧𐑯𐑦𐑓𐑦𐑑	ˈbenɪfɪt	high	
benefits	𐑚𐑧𐑯𐑩𐑓𐑦𐑑𐑕	ˈbenəfɪts	𐑚𐑧𐑯𐑦𐑓𐑦𐑑𐑕	ˈbenɪfɪts	high	
bengal	𐑚𐑧𐑙𐑜𐑩𐑤	ˈbeŋˌɡəl	𐑚𐑧𐑙𐑜𐑷𐑤	ˌbeŋˈɡɔːl	high	
bengal	𐑚𐑧𐑙𐑜𐑪𐑤	beŋˈɡɒl	𐑚𐑧𐑙𐑜𐑷𐑤	ˌbeŋˈɡɔːl	high	
bengal	𐑚𐑧𐑙𐑜𐑭𐑤	beŋˈɡɑːl	𐑚𐑧𐑙𐑜𐑷𐑤	ˌbeŋˈɡɔːl	high	
benighted	-𐑑𐑩𐑛	-tƏd	𐑚𐑦𐑯𐑲𐑑𐑩𐑛	bɪˈnaɪtƏd	high	
benighted	𐑚𐑩-	bə-	𐑚𐑦𐑯𐑲𐑑𐑩𐑛	bɪˈnaɪtƏd	high	
benin	𐑚𐑦𐑯𐑰𐑯	bɪˈniːn	𐑚𐑧𐑯𐑰𐑯	benˈiːn	high	
benin	𐑚𐑩𐑯𐑦𐑯	bəˈnin	𐑚𐑧𐑯𐑰𐑯	benˈiːn	high	
benjamin	𐑚𐑦𐑯𐑡𐑩𐑥𐑦𐑯	ˈbɪndʒəmɪn	𐑚𐑧𐑯𐑡𐑩𐑥𐑦𐑯	ˈbendʒəmɪn	high	
benjamin	𐑚𐑦𐑯𐑡𐑼𐑥𐑦𐑯	ˈbɪndʒəRmɪn	𐑚𐑧𐑯𐑡𐑩𐑥𐑦𐑯	ˈbendʒəmɪn	high	
benjamin	𐑚𐑧𐑯𐑡𐑼𐑥𐑦𐑯	ˈbendʒəRmɪn	𐑚𐑧𐑯𐑡𐑩𐑥𐑦𐑯	ˈbendʒəmɪn	high	
bequeath	𐑚𐑦𐑒𐑢𐑰𐑔	bɪˈkwiːθ	𐑚𐑦𐑒𐑢𐑰𐑞	bɪˈkwiːð	high	
beret	𐑚𐑼𐑱	bəˈreɪ	𐑚𐑧𐑮𐑱	ˈbereɪ	high	
bergamo	𐑚𐑻𐑜𐑩𐑥𐑴	bɜːRɡəməʊ	𐑚𐑻𐑜𐑭𐑥𐑴	ˌbɜːRˈɡɑːməʊ	high	
bergen	𐑚𐑼𐑜𐑩𐑯	ˈbərɡən	𐑚𐑻𐑜𐑩𐑯	ˈbɜːRɡən	high	
berkeley	𐑚𐑭𐑒𐑤𐑦	bɑːkli	𐑚𐑸𐑒𐑤𐑦	ˈbɑːRkli	medium	r_gap:spelling=1,ipa=0; shave_says:𐑚𐑸𐑒𐑤𐑦
berkeley	𐑚𐑻𐑒𐑤𐑦	bɜːRkli	𐑚𐑸𐑒𐑤𐑦	ˈbɑːRkli	high	
berkshire	-𐑖𐑽	-ʃɪəR	𐑚𐑸𐑒𐑖𐑼	ˈbɑːRkʃər	medium	r_gap:spelling=2,ipa=1; shave_says:·𐑚𐑸𐑒𐑖𐑼
berkshire	𐑚𐑭𐑒𐑖𐑼	bɑːkʃəR	𐑚𐑸𐑒𐑖𐑼	ˈbɑːRkʃər	medium	r_gap:spelling=2,ipa=1; shave_says:·𐑚𐑸𐑒𐑖𐑼
berkshire	𐑚𐑸𐑒-	ˈbɑːRk-	𐑚𐑸𐑒𐑖𐑼	ˈbɑːRkʃər	medium	r_gap:spelling=2,ipa=1
berlin	𐑚𐑩𐑤𐑦𐑯	bəlɪn	𐑚𐑻𐑤𐑦𐑯	bɜːRˈlɪn	medium	r_gap:spelling=1,ipa=0; shave_says:𐑚𐑼𐑤𐑦𐑯
berlin	𐑚𐑺𐑤𐑦𐑯	beəRlɪn	𐑚𐑻𐑤𐑦𐑯	bɜːRˈlɪn	high	
berlin	𐑚𐑼𐑤𐑦𐑯	bəRˈlɪn	𐑚𐑻𐑤𐑦𐑯	bɜːRˈlɪn	high	
bermuda	𐑚𐑩𐑥𐑿𐑛𐑩	bəmjuːdə	𐑚𐑼𐑥𐑿𐑛𐑩	bəRˈmjuːdə	medium	r_gap:spelling=1,ipa=0; shave_says:𐑚𐑼𐑥𐑿𐑛𐑩
bernard	𐑚𐑼𐑯𐑸𐑛	bərˈnɑːRd	𐑚𐑻𐑯𐑼𐑛	ˈbɜːRnəRd	high	
berserk	-𐑕𐑻𐑒	-sɜːRk	𐑚𐑼𐑕𐑻𐑒	bəRˈsɜːRk	medium	r_gap:spelling=2,ipa=1; shave_says:𐑚𐑼𐑟𐑻𐑒
berserk	-𐑟𐑼𐑒	-ˈzəRk	𐑚𐑼𐑕𐑻𐑒	bəRˈsɜːRk	medium	r_gap:spelling=2,ipa=1
berserk	𐑚𐑩𐑟𐑻𐑒	bəzɜːRk	𐑚𐑼𐑕𐑻𐑒	bəRˈsɜːRk	medium	r_gap:spelling=2,ipa=1; shave_says:𐑚𐑼𐑟𐑻𐑒
berserk	𐑚𐑻-	bɜːR-	𐑚𐑼𐑕𐑻𐑒	bəRˈsɜːRk	medium	r_gap:spelling=2,ipa=1; shave_says:𐑚𐑼𐑟𐑻𐑒
berserk	𐑚𐑻𐑕𐑻𐑒	bɜːRsɜːRk	𐑚𐑼𐑕𐑻𐑒	bəRˈsɜːRk	high	
berserk	𐑚𐑼𐑕𐑼𐑒	ˈbəRˌsəRk	𐑚𐑼𐑕𐑻𐑒	bəRˈsɜːRk	high	
berwick	𐑚𐑻𐑢𐑦𐑒	ˈbɜːRwɪk	𐑚𐑧𐑮𐑦𐑒	ˈberɪk	high	
beseem	𐑚𐑩𐑕𐑦𐑥	bəˈsim	𐑚𐑦𐑕𐑰𐑥	bɪˈsiːm	high	
beset	𐑚𐑦-	bi-	𐑚𐑦𐑕𐑧𐑑	bɪˈset	high	
beset	𐑚𐑩𐑕𐑧𐑑	bəˈset	𐑚𐑦𐑕𐑧𐑑	bɪˈset	high	
beside	𐑚𐑩𐑕𐑲𐑛	bəˈsaɪd	𐑚𐑦𐑕𐑲𐑛	bɪˈsaɪd	high	
besides	𐑚𐑩𐑕𐑲𐑛𐑟	bəˈsaɪdz	𐑚𐑦𐑕𐑲𐑛𐑟	bɪˈsaɪdz	high	
bespoke	𐑚𐑩𐑕𐑐𐑴𐑒	bəˈspoʊk	𐑚𐑦𐑕𐑐𐑴𐑒	bɪˈspəʊk	high	
bestial	𐑚𐑦𐑕𐑗𐑩𐑤	ˈbistʃəl	𐑚𐑧𐑕𐑑𐑾𐑤	ˈbestɪəl	high	
bestial	𐑚𐑧𐑕𐑑𐑦𐑩𐑤	ˈbestiəl	𐑚𐑧𐑕𐑑𐑾𐑤	ˈbestɪəl	high	
bestial	𐑚𐑧𐑕𐑗𐑩𐑤	ˈbestʃəl	𐑚𐑧𐑕𐑑𐑾𐑤	ˈbestɪəl	high	
bestiality	𐑚𐑦𐑕𐑑𐑦𐑨𐑤𐑦𐑑𐑦	ˈbistiˌælɪti	𐑚𐑧𐑕𐑑𐑦𐑨𐑤𐑦𐑑𐑦	ˌbestɪˈælɪti	high	
bestiality	𐑚𐑦𐑕𐑗𐑦𐑨𐑤𐑦𐑑𐑦	ˌbistʃiˈælɪti	𐑚𐑧𐑕𐑑𐑦𐑨𐑤𐑦𐑑𐑦	ˌbestɪˈælɪti	high	
bestiality	𐑚𐑧𐑕𐑗𐑦𐑨𐑤𐑦𐑑𐑦	ˌbestʃiˈælɪti	𐑚𐑧𐑕𐑑𐑦𐑨𐑤𐑦𐑑𐑦	ˌbestɪˈælɪti	high	
bestiality	𐑚𐑧𐑕𐑗𐑩𐑤𐑤𐑦𐑑𐑦	ˈbestʃəlˌlɪtɪ	𐑚𐑧𐑕𐑑𐑦𐑨𐑤𐑦𐑑𐑦	ˌbestɪˈælɪti	high	
bestiary	𐑚𐑧𐑕𐑑𐑦𐑧𐑮𐑦	ˈbestiˌeri	𐑚𐑧𐑕𐑑𐑽𐑦	ˈbestɪəri	high	
bestiary	𐑚𐑰𐑕𐑑𐑦𐑧𐑮𐑦	ˈbiːstiˌeri	𐑚𐑧𐑕𐑑𐑽𐑦	ˈbestɪəri	high	
bestir	𐑚𐑩𐑕𐑑𐑻	bəˈstɜːR	𐑚𐑦𐑕𐑑𐑻	bɪˈstɜːR	high	
bestride	𐑚𐑩𐑕𐑑𐑮𐑲𐑛	bəˈstraɪd	𐑚𐑦𐑕𐑑𐑮𐑲𐑛	bɪˈstraɪd	high	
beta	𐑚𐑱𐑑𐑩	ˈbeɪtə	𐑚𐑰𐑑𐑩	ˈbiːtə	high	
betide	𐑚𐑩𐑑𐑲𐑛	bəˈtaɪd	𐑚𐑦𐑑𐑲𐑛	bɪˈtaɪd	high	
betroth	-𐑑𐑮𐑴𐑔	-trəʊθ	𐑚𐑦𐑑𐑮𐑴𐑞	bɪˈtrəʊð	high	
betroth	-𐑑𐑮𐑷𐑔	-ˈtrɔːθ	𐑚𐑦𐑑𐑮𐑴𐑞	bɪˈtrəʊð	high	
betroth	𐑚𐑩𐑑𐑮𐑴𐑞	bəˈtroʊð	𐑚𐑦𐑑𐑮𐑴𐑞	bɪˈtrəʊð	high	
betterment	𐑚𐑧𐑑𐑩𐑥𐑩𐑯𐑑	betəmənt	𐑚𐑧𐑑𐑼𐑥𐑩𐑯𐑑	ˈbetəRmənt	medium	r_gap:spelling=1,ipa=0; shave_says:𐑚𐑧𐑑𐑼𐑥𐑩𐑯𐑑
bettor	-𐑑𐑼	-təR	𐑚𐑧𐑑𐑼	ˈbetəR	high	
between	𐑚𐑦𐑑𐑢𐑦𐑯	bɪˈtwin	𐑚𐑦𐑑𐑢𐑰𐑯	bɪˈtwiːn	high	
between	𐑚𐑩𐑑𐑢𐑦𐑯	bəˈtwin	𐑚𐑦𐑑𐑢𐑰𐑯	bɪˈtwiːn	high	
bewildered	𐑚𐑩𐑢𐑦𐑤𐑛𐑼𐑛	bəˈwɪldəRd	𐑚𐑦𐑢𐑦𐑤𐑛𐑼𐑛	bɪˈwɪldəRd	high	
bewilderment	𐑚𐑦𐑢𐑦𐑤𐑛𐑩𐑥𐑩𐑯𐑑	bɪwɪldəmənt	𐑚𐑦𐑢𐑦𐑤𐑛𐑼𐑥𐑩𐑯𐑑	bɪˈwɪldəRmənt	medium	r_gap:spelling=1,ipa=0; shave_says:𐑚𐑦𐑢𐑦𐑤𐑛𐑼𐑥𐑩𐑯𐑑
bi-curious	𐑚𐑨𐑦𐑒𐑘𐑼𐑦𐑦𐑕	baiˈkjəRiɪs	𐑚𐑲-𐑒𐑘𐑫𐑼𐑾𐑕	ˌbaɪ-ˈkjʊəriəs	high	
bi-curious	𐑚𐑳𐑦𐑒𐑘𐑩𐑼𐑾𐑕	bʌɪkjəərɪəs	𐑚𐑲-𐑒𐑘𐑫𐑼𐑾𐑕	ˌbaɪ-ˈkjʊəriəs	medium	ml_disagrees:𐑚𐑳𐑦𐑒𐑘𐑫𐑼𐑾𐑕; shave_says:𐑚𐑲-𐑒𐑘𐑫𐑼𐑾𐑕
bi-curious	𐑚𐑳𐑦𐑒𐑘𐑹𐑾𐑕	bʌɪkjɔːrɪəs	𐑚𐑲-𐑒𐑘𐑫𐑼𐑾𐑕	ˌbaɪ-ˈkjʊəriəs	high	
bicameral	𐑚𐑳𐑦𐑒𐑨𐑥𐑼𐑩𐑤	bʌɪkamərəl	𐑚𐑲𐑒𐑨𐑥𐑼𐑩𐑤	ˌbaɪˈkæmərəl	high	
bicarbonate	𐑚𐑲𐑒𐑸𐑚𐑩𐑯𐑱𐑑	baɪˈkɑːRbəneɪt	𐑚𐑲𐑒𐑸𐑚𐑩𐑯𐑩𐑑	ˌbaɪˈkɑːRbənət	high	
bidder	𐑚𐑦𐑑𐑼	ˈbɪtəR	𐑚𐑦𐑛𐑼	ˈbɪdəR	high	
bidding	𐑚𐑦𐑑𐑦𐑙	ˈbɪtɪŋ	𐑚𐑦𐑛𐑦𐑙	ˈbɪdɪŋ	high	
bidet	𐑚𐑦𐑛𐑱	bɪˈdeɪ	𐑚𐑰𐑛𐑱	ˈbiːdeɪ	high	
bifurcate	𐑚𐑲𐑓𐑩𐑒𐑱𐑑	baɪfəkeɪt	𐑚𐑲𐑓𐑼𐑒𐑱𐑑	ˈbaɪfəRkeɪt	medium	r_gap:spelling=1,ipa=0; shave_says:𐑚𐑲𐑓𐑼𐑒𐑱𐑑
bifurcate	𐑚𐑲𐑓𐑻𐑒𐑦𐑑	baɪfɜːRkɪt	𐑚𐑲𐑓𐑼𐑒𐑱𐑑	ˈbaɪfəRkeɪt	medium	ml_disagrees:𐑚𐑲𐑓𐑻𐑒𐑩𐑑; shave_says:𐑚𐑲𐑓𐑼𐑒𐑱𐑑
bifurcate	𐑚𐑲𐑓𐑻𐑒𐑱𐑑	baɪfɜːRkeɪt	𐑚𐑲𐑓𐑼𐑒𐑱𐑑	ˈbaɪfəRkeɪt	high	
bifurcate	𐑚𐑲𐑓𐑼𐑒𐑩𐑑	baɪˈfəRkət	𐑚𐑲𐑓𐑼𐑒𐑱𐑑	ˈbaɪfəRkeɪt	high	
bifurcation	𐑚𐑲𐑓𐑩𐑒𐑱𐑖𐑩𐑯	baɪfəkeɪʃən	𐑚𐑲𐑓𐑼𐑒𐑱𐑖𐑩𐑯	ˌbaɪfəRˈkeɪʃən	medium	r_gap:spelling=1,ipa=0; shave_says:𐑚𐑲𐑓𐑼𐑒𐑱𐑖𐑩𐑯
bijou	𐑚𐑦𐑠𐑵	biˈʒuː	𐑚𐑰𐑠𐑵	ˈbiːʒuː	high	
bikini	𐑚𐑦𐑒𐑦𐑯𐑦	bɪˈkini	𐑚𐑦𐑒𐑰𐑯𐑦	bɪˈkiːni	high	
bilious	𐑚𐑦𐑤𐑘𐑩𐑕	ˈbɪljəs	𐑚𐑦𐑤𐑾𐑕	ˈbɪlɪəs	high	
bilious	𐑚𐑦𐑤𐑦𐑩𐑕	ˈbɪliəs	𐑚𐑦𐑤𐑾𐑕	ˈbɪlɪəs	high	
billboard	𐑚𐑦𐑤𐑚𐑪𐑮𐑛	ˈbɪlˌbord	𐑚𐑦𐑤𐑚𐑹𐑛	ˈbɪlbɔːRd	high	
billericay	𐑚𐑦𐑤𐑼𐑦𐑒𐑰	bɪlərɪkiː	𐑚𐑦𐑤𐑼𐑦𐑒𐑦	ˌbɪləˈrɪki	high	
billiard	𐑚𐑦𐑤𐑽𐑛	bɪlɪəRd	𐑚𐑦𐑤𐑘𐑼𐑛	ˈbɪljəRd	high	
billiards	𐑚𐑦𐑤𐑽𐑛𐑟	bɪlɪəRdz	𐑚𐑦𐑤𐑘𐑼𐑛𐑟	ˈbɪljəRdz	high	
billionaire	𐑚𐑦𐑤𐑦𐑩𐑯𐑺	bɪliəneər	𐑚𐑦𐑤𐑘𐑩𐑯𐑺	ˌbɪljəˈneəR	high	
billowy	𐑚𐑦𐑤𐑴𐑢𐑦	ˈbɪləʊwi	𐑚𐑦𐑤𐑴𐑦	ˈbɪləʊi	high	
binary	𐑚𐑲𐑯𐑧𐑮𐑦	ˈbaɪneri	𐑚𐑲𐑯𐑼𐑦	ˈbaɪnəri	high	
binoculars	𐑚𐑩𐑯𐑪𐑒𐑘𐑩𐑤𐑼𐑟	bənɒkjələrz	𐑚𐑦𐑯𐑪𐑒𐑘𐑩𐑤𐑼𐑟	bɪˈnɒkjələRz	high	
binomial	𐑚𐑲𐑯𐑴𐑥𐑦𐑩𐑤	baɪˈnəʊmiəl	𐑚𐑲𐑯𐑴𐑥𐑾𐑤	baɪˈnəʊmɪəl	high	
biodegradable	𐑚𐑲𐑩𐑛𐑩𐑜𐑮𐑱𐑛𐑩𐑚𐑩𐑤	ˌbaɪədəˈɡreɪdəbəl	𐑚𐑲𐑴𐑛𐑦𐑜𐑮𐑱𐑛𐑩𐑚𐑩𐑤	ˌbaɪəʊdɪˈɡreɪdəbəl	high	
biodegradable	𐑚𐑲𐑴𐑛𐑩𐑜𐑮𐑱𐑛𐑩𐑚𐑩𐑤	ˌbaɪoʊdəˈɡreɪdəbəl	𐑚𐑲𐑴𐑛𐑦𐑜𐑮𐑱𐑛𐑩𐑚𐑩𐑤	ˌbaɪəʊdɪˈɡreɪdəbəl	high	
biodiversity	-𐑑𐑦	-ti	𐑚𐑲𐑴𐑛𐑲𐑝𐑻𐑕𐑦𐑑𐑦	ˈbaɪəʊdaɪˌvɜːRsɪti	medium	r_gap:spelling=1,ipa=0
biodiversity	𐑚𐑲𐑴𐑛𐑩𐑝𐑼𐑕𐑩𐑑𐑦	ˌbaɪoʊdəˈvəRsəti	𐑚𐑲𐑴𐑛𐑲𐑝𐑻𐑕𐑦𐑑𐑦	ˈbaɪəʊdaɪˌvɜːRsɪti	high	
biological	𐑚𐑲𐑴𐑤𐑪𐑡𐑦𐑒𐑩𐑤	ˌbaɪəʊˈlɒdʒɪkəl	𐑚𐑲𐑩𐑤𐑪𐑡𐑦𐑒𐑩𐑤	ˌbaɪəˈlɒdʒɪkəl	high	
bionic	𐑚𐑦𐑪𐑯𐑦𐑒	ˈbɪˌɒnɪk	𐑚𐑲𐑪𐑯𐑦𐑒	baɪˈɒnɪk	high	
bios	𐑚𐑲𐑪𐑕	ˈbaɪɒs	𐑚𐑲𐑴𐑟	ˈbaɪəʊz	high	
bios	𐑚𐑲𐑴𐑕	ˈbaɪoʊs	𐑚𐑲𐑴𐑟	ˈbaɪəʊz	high	
biotechnology	𐑚𐑲𐑴𐑑𐑧𐑒𐑯𐑪𐑤𐑴𐑡𐑦	ˈbaɪəʊˌteknɒləʊdʒi	𐑚𐑲𐑴𐑑𐑧𐑒𐑯𐑪𐑤𐑩𐑡𐑦	ˌbaɪəʊtekˈnɒlədʒi	high	
bipartisan	-𐑟𐑩𐑯	-zən	𐑚𐑲𐑐𐑸𐑑𐑦𐑟𐑨𐑯	ˌbaɪpɑːRtɪˈzæn	medium	r_gap:spelling=1,ipa=0
bipartisan	𐑚𐑲𐑐𐑸𐑑𐑩𐑕𐑩𐑯	baɪˈpɑːRtəsən	𐑚𐑲𐑐𐑸𐑑𐑦𐑟𐑨𐑯	ˌbaɪpɑːRtɪˈzæn	high	
birmingham	𐑚𐑻𐑥𐑦𐑙𐑣𐑨𐑥	bɜːRmɪŋhæm	𐑚𐑻𐑥𐑦𐑙𐑩𐑥	ˈbɜːRmɪŋəm	high	
birth	𐑚𐑻𐑞	bɜːRð	𐑚𐑻𐑔	bɜːRθ	high	
birthday	𐑚𐑻𐑔𐑛𐑦	bɜːRθdi	𐑚𐑻𐑔𐑛𐑱	ˈbɜːRθdeɪ	high	
birthing	𐑚𐑻𐑞𐑦𐑙	ˈbɜːRðɪŋ	𐑚𐑻𐑔𐑦𐑙	ˈbɜːRθɪŋ	high	
bisexual	-𐑕𐑘𐑩𐑩𐑤	-sjəəl	𐑚𐑲𐑕𐑧𐑒𐑖𐑫𐑩𐑤	ˌbaɪˈsekʃuəl	high	
bisexual	𐑚𐑲𐑕𐑧𐑒𐑖𐑩𐑢𐑩𐑤	baɪˈsekʃəwəl	𐑚𐑲𐑕𐑧𐑒𐑖𐑫𐑩𐑤	ˌbaɪˈsekʃuəl	high	
bisexual	𐑚𐑲𐑕𐑧𐑒𐑖𐑫𐑤	baɪˈsekʃʊl	𐑚𐑲𐑕𐑧𐑒𐑖𐑫𐑩𐑤	ˌbaɪˈsekʃuəl	high	
bisexual	𐑚𐑲𐑕𐑧𐑒𐑖𐑫𐑼𐑤	baɪˈsekʃʊəl	𐑚𐑲𐑕𐑧𐑒𐑖𐑫𐑩𐑤	ˌbaɪˈsekʃuəl	medium	ml_disagrees:𐑚𐑲𐑕𐑧𐑒𐑖𐑫𐑩𐑤; shave_says:𐑚𐑲𐑕𐑧𐑒𐑖𐑵𐑩𐑤
bistro	𐑚𐑦𐑕𐑑𐑮𐑴	bɪstrəʊ	𐑚𐑰𐑕𐑑𐑮𐑴	ˈbiːstrəʊ	high	
bitterly	𐑚𐑦𐑑𐑩𐑤𐑦	bɪtəli	𐑚𐑦𐑑𐑼𐑤𐑦	ˈbɪtəRli	medium	r_gap:spelling=1,ipa=0; shave_says:𐑚𐑦𐑑𐑼𐑤𐑦
bitterness	𐑚𐑦𐑑𐑩𐑯𐑩𐑕	bɪtənəs	𐑚𐑦𐑑𐑼𐑯𐑩𐑕	ˈbɪtəRnəs	medium	r_gap:spelling=1,ipa=0; shave_says:𐑚𐑦𐑑𐑼𐑯𐑩𐑕
bitumen	𐑚𐑦𐑑𐑘𐑩𐑥𐑦𐑯	ˈbɪtjəmɪn	𐑚𐑦𐑗𐑩𐑥𐑩𐑯	ˈbɪtʃəmən	high	
bitumen	𐑚𐑦𐑑𐑘𐑫𐑥𐑩𐑯	bɪˈtjumən	𐑚𐑦𐑗𐑩𐑥𐑩𐑯	ˈbɪtʃəmən	high	
bitumen	𐑚𐑦𐑑𐑫𐑥𐑩𐑯	bɪˈtumən	𐑚𐑦𐑗𐑩𐑥𐑩𐑯	ˈbɪtʃəmən	high	
bitumen	𐑚𐑦𐑗𐑫𐑥𐑦𐑯	ˈbɪtʃʊmɪn	𐑚𐑦𐑗𐑩𐑥𐑩𐑯	ˈbɪtʃəmən	high	
bitumen	𐑚𐑲𐑑𐑫𐑥𐑩𐑯	baɪˈtumən	𐑚𐑦𐑗𐑩𐑥𐑩𐑯	ˈbɪtʃəmən	high	
bizarre	𐑚𐑩𐑟𐑸	bəzɑːr	𐑚𐑦𐑟𐑸	bɪˈzɑːR	medium	r_gap:spelling=2,ipa=1; shave_says:𐑚𐑦𐑟𐑸
blackamoor	𐑚𐑤𐑨𐑒𐑩𐑥𐑫𐑮	ˈblækəˌmʊr	𐑚𐑤𐑨𐑒𐑩𐑥𐑫𐑼	ˈblækəmʊəR	high	
blackamoor	𐑚𐑤𐑨𐑒𐑩𐑥𐑹	blækəmɔːr	𐑚𐑤𐑨𐑒𐑩𐑥𐑫𐑼	ˈblækəmʊəR	high	
blackball	𐑚𐑤𐑨𐑒𐑚𐑪𐑤	ˈblækbɒl	𐑚𐑤𐑨𐑒𐑚𐑷𐑤	ˈblækbɔːl	high	
blackberry	𐑚𐑤𐑨𐑒𐑚𐑧𐑮𐑦	ˈblækberi	𐑚𐑤𐑨𐑒𐑚𐑼𐑦	ˈblækbəri	medium	r_gap:spelling=2,ipa=1
blackberry	𐑚𐑤𐑨𐑒𐑚𐑮𐑦	blækbri	𐑚𐑤𐑨𐑒𐑚𐑼𐑦	ˈblækbəri	medium	r_gap:spelling=2,ipa=1; shave_says:𐑚𐑤𐑨𐑒𐑚𐑼𐑦
blackbird	𐑚𐑤𐑨𐑒𐑚𐑼𐑛	ˈblækˌbəRd	𐑚𐑤𐑨𐑒𐑚𐑻𐑛	ˈblækbɜːRd	high	
blackboard	𐑚𐑤𐑨𐑒𐑚𐑪𐑮𐑛	ˈblækbord	𐑚𐑤𐑨𐑒𐑚𐑹𐑛	ˈblækbɔːRd	high	
blackguard	𐑚𐑤𐑨𐑜𐑼𐑛	blæɡəRd	𐑚𐑤𐑨𐑜𐑸𐑛	ˈblæɡɑːRd	high	
blamelessly	𐑚𐑤𐑱𐑥𐑤𐑧𐑕𐑤𐑦	ˈbleɪmlesli	𐑚𐑤𐑱𐑥𐑤𐑩𐑕𐑤𐑦	ˈbleɪmləsli	high	
blameworthy	𐑚𐑤𐑱𐑥𐑢𐑼𐑞𐑦	ˈbleɪmˌwəRði	𐑚𐑤𐑱𐑥𐑢𐑻𐑞𐑦	ˈbleɪmwɜːRði	high	
blancmange	𐑚𐑤𐑩𐑥𐑪𐑯𐑡	bləˈmɒndʒ	𐑚𐑤𐑩𐑥𐑪𐑯𐑠	bləˈmɒnʒ	high	
blaspheme	𐑚𐑤𐑨𐑕𐑓𐑦𐑥	ˈblæsfim	𐑚𐑤𐑨𐑕𐑓𐑰𐑥	blæsˈfiːm	high	
blaspheme	𐑚𐑤𐑭𐑕𐑓𐑰𐑥	ˌblɑːsˈfiːm	𐑚𐑤𐑨𐑕𐑓𐑰𐑥	blæsˈfiːm	high	
blasphemer	𐑚𐑤𐑨𐑕𐑓𐑩𐑥𐑼	ˈblæsfəməR	𐑚𐑤𐑨𐑕𐑓𐑰𐑥𐑼	blæsˈfiːməR	high	
blasphemous	𐑚𐑤𐑨𐑕𐑓𐑩𐑥𐑳𐑕	ˈblæsfəmʌs	𐑚𐑤𐑨𐑕𐑓𐑩𐑥𐑩𐑕	ˈblæsfəməs	high	
blasé	𐑚𐑤𐑪𐑟𐑱	ˌblɒˈzeɪ	𐑚𐑤𐑭𐑟𐑱	ˈblɑːzeɪ	high	
bleach	𐑚𐑤𐑦𐑗	blitʃ	𐑚𐑤𐑰𐑗	bliːtʃ	high	
bleary	𐑚𐑤𐑦𐑮𐑦	ˈbliri	𐑚𐑤𐑽𐑦	ˈblɪəri	high	
bleating	𐑚𐑤𐑦𐑑𐑦𐑙	ˈblitɪŋ	𐑚𐑤𐑰𐑑𐑦𐑙	ˈbliːtɪŋ	high	
blindfold	𐑚𐑤𐑲𐑯𐑛𐑓𐑷𐑫𐑤𐑛	ˈblaɪndfɔʊld	𐑚𐑤𐑲𐑯𐑛𐑓𐑴𐑤𐑛	ˈblaɪndfəʊld	high	
blissfully	𐑚𐑤𐑦𐑕𐑓𐑤𐑦	ˈblɪsfli	𐑚𐑤𐑦𐑕𐑓𐑩𐑤𐑦	ˈblɪsfəli	high	
blog	𐑚𐑤𐑷𐑜	blɔːɡ	𐑚𐑤𐑪𐑜	blɒɡ	high	
blogger	𐑚𐑤𐑷𐑜𐑼	ˈblɔːɡər	𐑚𐑤𐑪𐑜𐑼	ˈblɒɡəR	high	
bloodthirsty	𐑚𐑤𐑳𐑛𐑔𐑼𐑕𐑑𐑦	ˈblʌdˌθəRsti	𐑚𐑤𐑳𐑛𐑔𐑻𐑕𐑑𐑦	ˈblʌdθɜːRsti	high	
blooming	𐑚𐑤𐑫𐑥𐑦𐑙	ˈblʊmɪŋ	𐑚𐑤𐑵𐑥𐑦𐑙	ˈbluːmɪŋ	high	
blossoms	𐑚𐑤𐑪𐑕𐑩𐑥𐑕	ˈblɒsəms	𐑚𐑤𐑪𐑕𐑩𐑥𐑟	ˈblɒsəmz	high	
blotto	-𐑑𐑴	-toʊ	𐑚𐑤𐑪𐑑𐑴	ˈblɒtəʊ	high	
blotto	𐑚𐑩𐑤𐑴𐑑𐑴	bəˈləʊtəʊ	𐑚𐑤𐑪𐑑𐑴	ˈblɒtəʊ	high	
blowtorch	𐑚𐑤𐑴𐑑𐑪𐑮𐑗	ˈbloʊˌtortʃ	𐑚𐑤𐑴𐑑𐑹𐑗	ˈbləʊtɔːRtʃ	high	
bluebell	𐑚𐑤𐑫𐑚𐑧𐑤	ˈbluˌbel	𐑚𐑤𐑵𐑚𐑧𐑤	ˈbluːbel	high	
blunderbuss	𐑚𐑤𐑳𐑯𐑛𐑩𐑚𐑳𐑕	blʌndəbʌs	𐑚𐑤𐑳𐑯𐑛𐑼𐑚𐑳𐑕	ˈblʌndəRbʌs	medium	r_gap:spelling=1,ipa=0; shave_says:𐑚𐑤𐑳𐑯𐑛𐑼𐑚𐑳𐑕
blunderbusses	𐑚𐑤𐑳𐑯𐑛𐑩𐑚𐑳𐑕𐑩𐑟	blʌndəbʌsƏz	𐑚𐑤𐑳𐑯𐑛𐑼𐑚𐑳𐑕𐑩𐑟	ˈblʌndəRbʌsƏz	medium	r_gap:spelling=1,ipa=0; shave_says:𐑚𐑤𐑳𐑯𐑛𐑼𐑚𐑳𐑕𐑩𐑟
blunderer	𐑚𐑤𐑳𐑯𐑛𐑼𐑩	ˈblʌndərə	𐑚𐑤𐑳𐑯𐑛𐑼𐑼	ˈblʌndərəR	medium	r_gap:spelling=2,ipa=1
bluntness	𐑚𐑤𐑳𐑯𐑑𐑯𐑦𐑕	ˈblʌntnɪs	𐑚𐑤𐑳𐑯𐑑𐑯𐑩𐑕	ˈblʌntnəs	high	
boa	𐑚𐑷	bɔː	𐑚𐑴𐑩	ˈbəʊə	high	
boar	𐑚𐑪𐑮	bor	𐑚𐑹	bɔːR	high	
boardwalk	𐑚𐑹𐑛𐑢𐑹𐑒	bɔːRdwɔːRk	𐑚𐑹𐑛𐑢𐑷𐑒	ˈbɔːRdwɔːk	high	
bob	𐑚𐑷𐑚	bɔːb	𐑚𐑪𐑚	bɒb	high	
boccaccio	𐑚𐑩-	bəˈ-	𐑚𐑪𐑒𐑭𐑗𐑦𐑴	bɒkˈɑːtʃiəʊ	high	
boccaccio	𐑚𐑴𐑒𐑪𐑗𐑦𐑴	boʊˈkɒtʃiˌoʊ	𐑚𐑪𐑒𐑭𐑗𐑦𐑴	bɒkˈɑːtʃiəʊ	high	
boccaccio	𐑚𐑴𐑒𐑪𐑗𐑴	boʊˈkɒtʃoʊ	𐑚𐑪𐑒𐑭𐑗𐑦𐑴	bɒkˈɑːtʃiəʊ	high	
bodies	𐑚𐑪𐑑𐑦𐑟	ˈbɒtiz	𐑚𐑪𐑛𐑦𐑟	ˈbɒdiz	high	
body	𐑚𐑪𐑑𐑦	ˈbɒti	𐑚𐑪𐑛𐑦	ˈbɒdi	high	
bodyguard	𐑚𐑭𐑛𐑦𐑜𐑸𐑛	ˈbɑːdiɡɑːrd	𐑚𐑪𐑛𐑦𐑜𐑸𐑛	ˈbɒdɪɡɑːRd	high	
boer	𐑚𐑪𐑮	bor	𐑚𐑹	bɔːR	high	
boer	𐑚𐑫𐑮	bʊr	𐑚𐑹	bɔːR	high	
boer	𐑚𐑫𐑼	bʊəR	𐑚𐑹	bɔːR	high	
boer	𐑚𐑴𐑼	bəʊəR	𐑚𐑹	bɔːR	high	
boer	𐑚𐑷	bɔː	𐑚𐑹	bɔːR	medium	r_gap:spelling=1,ipa=0; shave_says:𐑚𐑴𐑼
bog	𐑚𐑷𐑜	bɔːɡ	𐑚𐑪𐑜	bɒɡ	high	
bogeyman	𐑚𐑫𐑜𐑦𐑥𐑨𐑯	ˈbʊɡiˌmæn	𐑚𐑴𐑜𐑦𐑥𐑨𐑯	ˈbəʊɡɪmæn	high	
bohemia	𐑚𐑴𐑣𐑦𐑥𐑦𐑩	boʊˈhimiə	𐑚𐑴𐑣𐑰𐑥𐑾	bəʊˈhiːmiə	high	
bohemian	𐑚𐑴𐑣𐑦𐑥𐑦𐑩𐑯	boʊˈhimiən	𐑚𐑴𐑣𐑰𐑥𐑾𐑯	bəʊˈhiːmɪən	high	
boise	𐑚𐑶𐑕𐑰	ˈbɔɪsiː	𐑚𐑶𐑟𐑦	ˈbɔɪzi	high	
bokeh	𐑚𐑴𐑒𐑩	ˈbəʊkə	𐑚𐑴𐑒𐑱	ˈbəʊkeɪ	high	
bole	𐑚𐑪𐑤	bol	𐑚𐑴𐑤	bəʊl	high	
bolivia	𐑚𐑩𐑤𐑦𐑝𐑦𐑩	bəˈlɪviə	𐑚𐑩𐑤𐑦𐑝𐑾	bəˈlɪviə	high	
bolivia	𐑚𐑴𐑤𐑦𐑝𐑦𐑩	boʊˈlɪviə	𐑚𐑩𐑤𐑦𐑝𐑾	bəˈlɪviə	high	
boll	𐑚𐑪𐑤	bɒl	𐑚𐑴𐑤	bəʊl	high	
bologna	𐑚𐑩𐑤𐑴𐑯𐑘𐑩	bəˈləʊnjə	𐑚𐑩𐑤𐑪𐑯𐑘𐑩	ˈbəlɒnjə	high	
bologna	𐑚𐑩𐑤𐑴𐑯𐑦	bəˈloʊni	𐑚𐑩𐑤𐑪𐑯𐑘𐑩	ˈbəlɒnjə	high	
bologna	𐑚𐑩𐑤𐑴𐑯𐑩	bəˈloʊnə	𐑚𐑩𐑤𐑪𐑯𐑘𐑩	ˈbəlɒnjə	high	
bolognese	𐑚𐑪𐑤𐑩𐑜𐑯𐑱𐑟	ˌbɒləɡˈneɪz	𐑚𐑪𐑤𐑩𐑯𐑱𐑟	ˌbɒləˈneɪz	high	
bolognese	𐑚𐑪𐑤𐑩𐑯𐑘𐑱𐑟	ˌbɒləˈnjeɪz	𐑚𐑪𐑤𐑩𐑯𐑱𐑟	ˌbɒləˈneɪz	high	
bolognese	𐑚𐑪𐑤𐑩𐑯𐑰𐑟	ˌbɒləˈniːz	𐑚𐑪𐑤𐑩𐑯𐑱𐑟	ˌbɒləˈneɪz	high	
bolognese	𐑚𐑴𐑤𐑩𐑯𐑘𐑱𐑟	ˌboʊləˈnjeɪz	𐑚𐑪𐑤𐑩𐑯𐑱𐑟	ˌbɒləˈneɪz	high	
bolognese	𐑚𐑴𐑤𐑩𐑯𐑦𐑟	ˌboʊləˈniz	𐑚𐑪𐑤𐑩𐑯𐑱𐑟	ˌbɒləˈneɪz	high	
bolognese	𐑚𐑴𐑤𐑩𐑯𐑱𐑟	ˌboʊləˈneɪz	𐑚𐑪𐑤𐑩𐑯𐑱𐑟	ˌbɒləˈneɪz	high	
bolshevik	𐑚𐑪𐑤-	ˈbɒl-	𐑚𐑪𐑤𐑖𐑩𐑝𐑦𐑒	ˈbɒlʃəvɪk	high	
bolshevik	𐑚𐑴𐑤𐑖𐑩𐑝𐑦𐑒	ˈboʊlʃəvɪk	𐑚𐑪𐑤𐑖𐑩𐑝𐑦𐑒	ˈbɒlʃəvɪk	high	
bolshevik	𐑚𐑷𐑤-	ˈbɔːl-	𐑚𐑪𐑤𐑖𐑩𐑝𐑦𐑒	ˈbɒlʃəvɪk	high	
bolster	𐑚𐑪𐑤𐑕𐑑𐑼	bɒlstəR	𐑚𐑴𐑤𐑕𐑑𐑼	ˈbəʊlstəR	high	
bolt	𐑚𐑪𐑤𐑑	bɒlt	𐑚𐑴𐑤𐑑	bəʊlt	high	
bolt	𐑚𐑷𐑫𐑤𐑑	bɔʊlt	𐑚𐑴𐑤𐑑	bəʊlt	high	
bolton	𐑚𐑪𐑤𐑑𐑩𐑯	bɒltən	𐑚𐑴𐑤𐑑𐑩𐑯	ˈbəʊltən	high	
bolts	𐑚𐑪𐑤𐑑𐑕	bɒlts	𐑚𐑴𐑤𐑑𐑕	bəʊlts	high	
bombard	𐑚𐑩𐑥𐑚𐑸𐑛	bəmˈbɑːRd	𐑚𐑪𐑥𐑚𐑸𐑛	bɒmˈbɑːRd	high	
bombardier	𐑚𐑪𐑥𐑚𐑩𐑛𐑽	bɒmbədɪəR	𐑚𐑪𐑥𐑚𐑼𐑛𐑽	ˌbɒmbəRˈdɪəR	medium	r_gap:spelling=2,ipa=1; shave_says:𐑚𐑪𐑥𐑚𐑼𐑛𐑽
bombardier	𐑚𐑪𐑥𐑚𐑸𐑛𐑦𐑱	bɒmˈbɑːRdiˌeɪ	𐑚𐑪𐑥𐑚𐑼𐑛𐑽	ˌbɒmbəRˈdɪəR	medium	r_gap:spelling=2,ipa=1
bombardment	𐑚𐑩𐑥-	bəm-	𐑚𐑪𐑥𐑚𐑸𐑛𐑥𐑩𐑯𐑑	bɒmˈbɑːRdmənt	medium	r_gap:spelling=1,ipa=0
bombazine	𐑚𐑳𐑥𐑚𐑩𐑟𐑰𐑯	ˈbʌmbəziːn	𐑚𐑪𐑥𐑚𐑩𐑟𐑰𐑯	ˈbɒmbəziːn	high	
bona fide	𐑚𐑪𐑯𐑩𐑓𐑲𐑛	ˈbɒnəfaɪd	𐑚𐑴𐑯𐑩 𐑓𐑲𐑛𐑦	ˌbəʊnə ˈfaɪdi	high	
bona fide	𐑚𐑴𐑯𐑩𐑓𐑦𐑛𐑱	ˈboʊnəˌfideɪ	𐑚𐑴𐑯𐑩 𐑓𐑲𐑛𐑦	ˌbəʊnə ˈfaɪdi	high	
bona fide	𐑚𐑴𐑯𐑩𐑓𐑲𐑛	ˈboʊnəfaɪd	𐑚𐑴𐑯𐑩 𐑓𐑲𐑛𐑦	ˌbəʊnə ˈfaɪdi	high	
bona fide	𐑚𐑴𐑯𐑩𐑓𐑲𐑛𐑦	ˌbəʊnəˈfaɪdi	𐑚𐑴𐑯𐑩 𐑓𐑲𐑛𐑦	ˌbəʊnə ˈfaɪdi	high	
bonhomie	𐑚𐑪𐑯𐑩𐑥𐑰	ˈbɒnəmiː	𐑚𐑪𐑯𐑩𐑥𐑦	ˈbɒnəmi	high	
bonhomie	𐑚𐑴-	ˌboʊ-	𐑚𐑪𐑯𐑩𐑥𐑦	ˈbɒnəmi	high	
bonnet	𐑚𐑪𐑯𐑦𐑑	ˈbɒnɪt	𐑚𐑪𐑯𐑩𐑑	ˈbɒnIt	high	
bons mots	𐑚𐑪𐑯 𐑥𐑴	bɒn məʊ	𐑚𐑪𐑯 𐑥𐑴𐑟	ˌbɒn ˈməʊz	high	
boogie	𐑚𐑫𐑜𐑦	ˈbʊɡi	𐑚𐑵𐑜𐑦	ˈbuːɡi	high	
boom	𐑚𐑫𐑥	bum	𐑚𐑵𐑥	buːm	high	
boomer	𐑚𐑫𐑥𐑼	ˈbuməR	𐑚𐑵𐑥𐑼	ˈbuːməR	high	
boomerang	𐑚𐑫𐑥𐑼𐑨𐑙	ˈbuməræŋ	𐑚𐑵𐑥𐑼𐑨𐑙	ˈbuːməræŋ	high	
boone	𐑚𐑫𐑯	bun	𐑚𐑵𐑯	buːn	high	
boor	𐑚𐑫𐑮	bʊr	𐑚𐑫𐑼	bʊəR	high	
booster	𐑚𐑫𐑕𐑑𐑼	ˈbustəR	𐑚𐑵𐑕𐑑𐑼	ˈbuːstəR	high	
boot	𐑚𐑫𐑑	but	𐑚𐑵𐑑	buːt	high	
booted	𐑚𐑫𐑑𐑩𐑛	ˈbutƏd	𐑚𐑵𐑑𐑩𐑛	ˈbuːtƏd	high	
booth	𐑚𐑫𐑔	buθ	𐑚𐑵𐑔	buːθ	high	
booth	𐑚𐑵𐑞	buːð	𐑚𐑵𐑔	buːθ	high	
bootlace	𐑚𐑫𐑑𐑤𐑱𐑕	ˈbutˌleɪs	𐑚𐑵𐑑𐑤𐑱𐑕	ˈbuːtleɪs	high	
bootleg	𐑚𐑫𐑑𐑤𐑧𐑜	ˈbutˌleɡ	𐑚𐑵𐑑𐑤𐑧𐑜	ˈbuːtleɡ	high	
borderline	𐑚𐑪𐑮𐑛𐑼𐑤𐑲𐑯	ˈbordəRˌlaɪn	𐑚𐑹𐑛𐑼𐑤𐑲𐑯	ˈbɔːRdəRlaɪn	high	
bore	𐑚𐑪𐑮	bor	𐑚𐑹	bɔːR	high	
boreal	𐑚𐑹𐑦𐑨𐑤	ˌbɔːRiˈæl	𐑚𐑹𐑾𐑤	ˈbɔːriəl	high	
boreal	𐑚𐑹𐑦𐑩𐑤	ˈbɔːRiəl	𐑚𐑹𐑾𐑤	ˈbɔːriəl	high	
borer	𐑚𐑪𐑮𐑧𐑮	borˈer	𐑚𐑹𐑼	ˈbɔːrəR	high	
boring	𐑚𐑪𐑮𐑦𐑙	ˈborɪŋ	𐑚𐑹𐑦𐑙	ˈbɔːrɪŋ	high	
boris	𐑚𐑹𐑦𐑕	ˈbɔːRɪs	𐑚𐑪𐑮𐑦𐑕	ˈbɒrɪs	high	
born	𐑚𐑪𐑮𐑯	born	𐑚𐑹𐑯	bɔːRn	high	
borne	𐑚𐑪𐑮𐑯	born	𐑚𐑹𐑯	bɔːRn	high	
borough	𐑚𐑳𐑮𐑴	ˈbʌroʊ	𐑚𐑳𐑮𐑩	ˈbʌrə	high	
borrow	𐑚𐑸𐑴	ˈbɑːRoʊ	𐑚𐑪𐑮𐑴	ˈbɒrəʊ	medium	r_gap:spelling=2,ipa=1
borrowed	𐑚𐑸𐑴𐑛	ˈbɑːRoʊd	𐑚𐑪𐑮𐑴𐑛	ˈbɒrəʊd	medium	r_gap:spelling=2,ipa=1
borrowed	𐑚𐑹𐑴𐑛	ˈbɔːRoʊd	𐑚𐑪𐑮𐑴𐑛	ˈbɒrəʊd	medium	r_gap:spelling=2,ipa=1
borrower	𐑚𐑷𐑮𐑴𐑼	bɔrəʊəR	𐑚𐑪𐑮𐑴𐑼	ˈbɒrəʊəR	medium	r_gap:spelling=3,ipa=2; shave_says:𐑚𐑪𐑮𐑴𐑼
borrower	𐑚𐑸𐑴𐑼	ˈbɑːRoʊəR	𐑚𐑪𐑮𐑴𐑼	ˈbɒrəʊəR	medium	r_gap:spelling=3,ipa=2
bosnia	𐑚𐑪𐑟𐑯𐑦𐑩	ˈbɒzniə	𐑚𐑪𐑟𐑯𐑾	ˈbɒzniə	high	
boss	𐑚𐑷𐑕	bɔːs	𐑚𐑪𐑕	bɒs	high	
bossy	𐑚𐑷𐑕𐑦	ˈbɔːsi	𐑚𐑪𐑕𐑦	ˈbɒsi	high	
boston	𐑚𐑷𐑕𐑑𐑩𐑯	ˈbɔːstən	𐑚𐑪𐑕𐑑𐑩𐑯	ˈbɒstən	high	
boswell	𐑚𐑪𐑟𐑢𐑧𐑤	ˈbɒzˌwel	𐑚𐑪𐑟𐑢𐑩𐑤	ˈbɒzwəl	high	
botany	-𐑯𐑦	-nɪ	𐑚𐑪𐑑𐑩𐑯𐑦	ˈbɒtəni	high	
botany	𐑚𐑪𐑑𐑯𐑦	ˈbɒtni	𐑚𐑪𐑑𐑩𐑯𐑦	ˈbɒtəni	high	
both	𐑚𐑴𐑤𐑔	boʊlθ	𐑚𐑴𐑔	bəʊθ	high	
bothersome	𐑚𐑪𐑞𐑩𐑕𐑩𐑥	bɒðəsəm	𐑚𐑪𐑞𐑼𐑕𐑩𐑥	ˈbɒðəRsəm	medium	r_gap:spelling=1,ipa=0; shave_says:𐑚𐑪𐑞𐑼𐑕𐑩𐑥
botswana	𐑚𐑭𐑑𐑕𐑢𐑭𐑯𐑩	bɑːtˈswɑːnə	𐑚𐑪𐑑𐑕𐑢𐑭𐑯𐑩	bɒtˈswɑːnə	high	
bottomless	𐑚𐑨𐑑𐑩𐑥𐑤𐑦𐑕	ˈbatəmlɪs	𐑚𐑪𐑑𐑩𐑥𐑤𐑩𐑕	ˈbɒtəmləs	high	
botulism	𐑚𐑪𐑑𐑘𐑩𐑤𐑦𐑟𐑩𐑥	ˈbɒtjəlɪzəm	𐑚𐑪𐑗𐑩𐑤𐑦𐑟𐑩𐑥	ˈbɒtʃəlɪzəm	high	
boudoir	𐑚𐑫𐑛𐑢𐑸	buˈdwɑːR	𐑚𐑵𐑛𐑢𐑸	ˈbuːdwɑːR	high	
boudoir	𐑚𐑵𐑛𐑢𐑭	buːdwɑː	𐑚𐑵𐑛𐑢𐑸	ˈbuːdwɑːR	medium	r_gap:spelling=1,ipa=0; shave_says:𐑚𐑵𐑛𐑢𐑸
boudreaux	𐑚𐑵𐑡𐑮𐑩𐑢	ˈbuːdʒrəw	𐑚𐑵𐑛𐑮𐑴	ˈbuːdrəʊ	high	
bougainvillea	𐑚𐑫𐑜𐑩𐑯𐑝𐑦𐑤𐑘𐑩	ˌbuɡənˈvɪljə	𐑚𐑵𐑜𐑩𐑯𐑝𐑦𐑤𐑾	ˌbuːɡənˈvɪlɪə	high	
bougainvillea	𐑚𐑴𐑜𐑩𐑯𐑝𐑦𐑤𐑘𐑩	ˌboʊɡənˈvɪljə	𐑚𐑵𐑜𐑩𐑯𐑝𐑦𐑤𐑾	ˌbuːɡənˈvɪlɪə	high	
bouillon	𐑚𐑫𐑘𐑪𐑯	ˈbuˌjɒn	𐑚𐑵𐑘𐑪𐑯	ˈbuːjɒn	high	
bouillon	𐑚𐑫𐑤𐑘𐑩𐑯	ˈbʊljən	𐑚𐑵𐑘𐑪𐑯	ˈbuːjɒn	high	
bouillon	𐑚𐑫𐑤𐑘𐑪𐑯	ˈbʊlˌjɒn	𐑚𐑵𐑘𐑪𐑯	ˈbuːjɒn	high	
boulevard	𐑚𐑫𐑤𐑩𐑝𐑸𐑛	ˈbʊləvɑːRd	𐑚𐑵𐑤𐑩𐑝𐑸𐑛	ˈbuːləvɑːRd	high	
bouncer	𐑚𐑴𐑯𐑕𐑼	ˈboʊnsəR	𐑚𐑬𐑯𐑕𐑼	ˈbaʊnsəR	high	
bouncier	𐑚𐑬𐑯𐑕𐑽	baʊnsɪəR	𐑚𐑬𐑯𐑕𐑦𐑼	ˈbaʊnsɪəR	high	
boundaries	𐑚𐑬𐑯𐑛𐑼𐑦𐑟	ˈbaʊndəriz	𐑚𐑬𐑯𐑛𐑮𐑦𐑟	ˈbaʊndriz	high	
boundary	𐑚𐑬𐑯𐑛𐑼𐑦	ˈbaʊndəri	𐑚𐑬𐑯𐑛𐑮𐑦	ˈbaʊndri	high	
bountiful	𐑚𐑬𐑯𐑑𐑦𐑓𐑳𐑤	ˈbaʊntɪfʌl	𐑚𐑬𐑯𐑑𐑦𐑓𐑩𐑤	ˈbaʊntɪfəl	high	
bountiful	𐑚𐑬𐑯𐑑𐑩𐑓𐑩𐑤	ˈbaʊntəfəl	𐑚𐑬𐑯𐑑𐑦𐑓𐑩𐑤	ˈbaʊntɪfəl	high	
bourgeois	𐑚𐑫𐑠𐑢𐑭	bʊʒˈwɑː	𐑚𐑫𐑼𐑠𐑢𐑭	ˈbʊəRʒwɑː	medium	r_gap:spelling=1,ipa=0
bourgeois	𐑚𐑫𐑮𐑠𐑢𐑭	bʊrʒˈwɑː	𐑚𐑫𐑼𐑠𐑢𐑭	ˈbʊəRʒwɑː	high	
bourgeois	𐑚𐑫𐑼𐑠𐑢𐑸	bʊəRʒwɑːR	𐑚𐑫𐑼𐑠𐑢𐑭	ˈbʊəRʒwɑː	high	
bourgeois	𐑚𐑹𐑠𐑢𐑸	bɔːRʒwɑːR	𐑚𐑫𐑼𐑠𐑢𐑭	ˈbʊəRʒwɑː	high	
bourgeois	𐑚𐑼𐑡𐑶𐑕	bərˈdʒɔɪs	𐑚𐑫𐑼𐑠𐑢𐑭	ˈbʊəRʒwɑː	high	
bourn	𐑚𐑪𐑮𐑯	born	𐑚𐑹𐑯	bɔːRn	high	
bourne	𐑚𐑪𐑮𐑯	born	𐑚𐑹𐑯	bɔːRn	high	
bourse	𐑚𐑫𐑼𐑕	bʊərs	𐑚𐑹𐑕	bɔːRs	high	
boutique	𐑚𐑫𐑑𐑦𐑒	buˈtik	𐑚𐑵𐑑𐑰𐑒	buːˈtiːk	high	
bovine	𐑚𐑴𐑝𐑦𐑯	ˈboʊˌvin	𐑚𐑴𐑝𐑲𐑯	ˈbəʊvaɪn	high	
bovril	𐑚𐑪𐑝𐑮𐑩𐑤	bɒvrəl	𐑚𐑪𐑝𐑮𐑦𐑤	ˈbɒvrɪl	high	
bowled	𐑚𐑷𐑫𐑤𐑛	bɔʊld	𐑚𐑴𐑤𐑛	bəʊld	high	
boxed	𐑚𐑭𐑒𐑕𐑑	ˈbɑːkst	𐑚𐑪𐑒𐑕𐑑	bɒkst	high	
boxing	𐑚𐑭𐑒𐑕𐑦𐑙	ˈbɑːksɪŋ	𐑚𐑪𐑒𐑕𐑦𐑙	ˈbɒksɪŋ	high	
boxing day	𐑚𐑭𐑒𐑕𐑦𐑙 𐑛𐑱	ˈbɑːksɪŋ deɪ	𐑚𐑪𐑒𐑕𐑦𐑙 𐑛𐑱	ˈbɒksɪŋ ˌdeɪ	high	
boyfriend	𐑚𐑶𐑓𐑮𐑩𐑯𐑛	ˈbɔɪfrənd	𐑚𐑶𐑓𐑮𐑧𐑯𐑛	ˈbɔɪfrend	high	
brae	𐑚𐑮𐑰	briː	𐑚𐑮𐑱	breɪ	high	
brae	𐑚𐑮𐑾	brɪə	𐑚𐑮𐑱	breɪ	high	
braggart	𐑚𐑮𐑨𐑜𐑸𐑑	bræɡɑːRt	𐑚𐑮𐑨𐑜𐑼𐑑	ˈbræɡəRt	high	
brainpower	𐑚𐑮𐑱𐑯𐑐𐑬𐑮	ˈbreɪnˌpaʊr	𐑚𐑮𐑱𐑯𐑐𐑬𐑼	ˈbreɪn ˌpaʊəR	high	
brassard	𐑚𐑮𐑩𐑕𐑸𐑛	brəsɑːRd	𐑚𐑮𐑨𐑕𐑸𐑛	ˈbræsɑːRd	high	
brassiere	𐑚𐑮𐑨𐑕𐑦𐑺	bræsieəR	𐑚𐑮𐑨𐑟𐑽	ˈbræzɪəR	high	
brassiere	𐑚𐑮𐑨𐑟𐑦𐑺	bræzieəR	𐑚𐑮𐑨𐑟𐑽	ˈbræzɪəR	high	
brassiere	𐑚𐑮𐑩𐑟𐑽	brəˈzɪəR	𐑚𐑮𐑨𐑟𐑽	ˈbræzɪəR	high	
brat	𐑚𐑮𐑪𐑑	brɒt	𐑚𐑮𐑨𐑑	bræt	high	
bravo	𐑚𐑮𐑪𐑝𐑴	ˈbrɒvoʊ	𐑚𐑮𐑭𐑝𐑴	ˌbrɑːˈvəʊ	high	
brazier	𐑚𐑮𐑱𐑟𐑘𐑼	breɪzjər	𐑚𐑮𐑱𐑟𐑽	ˈbreɪzɪəR	high	
brazier	𐑚𐑮𐑱𐑠𐑼	breɪʒər	𐑚𐑮𐑱𐑟𐑽	ˈbreɪzɪəR	high	
breakers	𐑚𐑮𐑱𐑒𐑼𐑕	breɪkəRs	𐑚𐑮𐑱𐑒𐑼𐑟	ˈbreɪkəRz	high	
breakfast	𐑚𐑮𐑱𐑒𐑓𐑨𐑕𐑑	ˈbreɪkˌfæst	𐑚𐑮𐑧𐑒𐑓𐑩𐑕𐑑	ˈbrekfəst	high	
breakfast	𐑚𐑮𐑱𐑒𐑓𐑭𐑕𐑑	breɪkfɑːst	𐑚𐑮𐑧𐑒𐑓𐑩𐑕𐑑	ˈbrekfəst	high	
bream	𐑚𐑮𐑦𐑥	brɪm	𐑚𐑮𐑰𐑥	briːm	high	
bream	𐑚𐑮𐑧𐑥	brem	𐑚𐑮𐑰𐑥	briːm	high	
breathe	𐑚𐑮𐑦𐑞	brið	𐑚𐑮𐑰𐑞	briːð	high	
breathing	𐑚𐑮𐑦𐑞𐑦𐑙	ˈbriðɪŋ	𐑚𐑮𐑰𐑞𐑦𐑙	ˈbriːðɪŋ	high	
breda	𐑚𐑮𐑦𐑛𐑩	ˈbridə	𐑚𐑮𐑰𐑛𐑩	ˈbriːdə	high	
breda	𐑚𐑮𐑱𐑛𐑩	ˈbreɪdə	𐑚𐑮𐑰𐑛𐑩	ˈbriːdə	high	
breda	𐑚𐑮𐑱𐑛𐑪	ˈbreɪdɒ	𐑚𐑮𐑰𐑛𐑩	ˈbriːdə	high	
breda	𐑚𐑮𐑱𐑛𐑭	breɪdɑː	𐑚𐑮𐑰𐑛𐑩	ˈbriːdə	high	
breezily	𐑚𐑮𐑦𐑟𐑩𐑤𐑦	ˈbrizəli	𐑚𐑮𐑰𐑟𐑦𐑤𐑦	ˈbriːzɪli	high	
brevet	𐑚𐑮𐑧𐑝𐑦𐑑	ˈbrevɪt	𐑚𐑮𐑧𐑝𐑩𐑑	ˈbrevIt	high	
brevet	𐑚𐑮𐑩𐑝𐑧𐑑	brəˈvet	𐑚𐑮𐑧𐑝𐑩𐑑	ˈbrevIt	high	
breviary	𐑚𐑮𐑧𐑝𐑦𐑧𐑮𐑦	ˈbrevieri	𐑚𐑮𐑰𐑝𐑽𐑦	ˈbriːvɪəri	high	
breviary	𐑚𐑮𐑧𐑝𐑽𐑦	brevɪəri	𐑚𐑮𐑰𐑝𐑽𐑦	ˈbriːvɪəri	high	
brevity	𐑚𐑮𐑧𐑝𐑑𐑦	ˈbrevti	𐑚𐑮𐑧𐑝𐑦𐑑𐑦	ˈbrevɪti	high	
brevity	𐑚𐑮𐑧𐑝𐑩𐑑𐑦	brevəti	𐑚𐑮𐑧𐑝𐑦𐑑𐑦	ˈbrevɪti	high	
bric-a-brac	𐑚𐑮𐑦𐑒𐑩𐑚𐑮𐑨𐑒	brɪkəbræk	𐑚𐑮𐑦𐑒-𐑩-𐑚𐑮𐑨𐑒	ˈbrɪk-ə-bræk	high	
briefer	𐑚𐑮𐑦𐑓𐑼	ˈbrifəR	𐑚𐑮𐑰𐑓𐑼	ˈbriːfəR	high	
briefing	𐑚𐑮𐑦𐑓𐑦𐑙	ˈbrifɪŋ	𐑚𐑮𐑰𐑓𐑦𐑙	ˈbriːfɪŋ	high	
brigantine	𐑚𐑮𐑦𐑜𐑩𐑯𐑑𐑦𐑯	ˈbrɪɡənˌtin	𐑚𐑮𐑦𐑜𐑩𐑯𐑑𐑰𐑯	ˈbrɪɡəntiːn	high	
brigantine	𐑚𐑮𐑦𐑜𐑩𐑯𐑑𐑲𐑯	ˈbrɪɡənˌtaɪn	𐑚𐑮𐑦𐑜𐑩𐑯𐑑𐑰𐑯	ˈbrɪɡəntiːn	high	
brilliantine	𐑚𐑮𐑦𐑤𐑘𐑩𐑯𐑑𐑰𐑯	ˈbrɪljəntiːn	𐑚𐑮𐑦𐑤𐑾𐑯𐑑𐑰𐑯	ˈbrɪlɪəntiːn	high	
brioche	𐑚𐑮𐑰𐑨𐑖	briːˈaʃ	𐑚𐑮𐑰𐑪𐑖	briːˈɒʃ	high	
brno	𐑚𐑮𐑩𐑯𐑴	brənəʊ	𐑚𐑻𐑯𐑴	ˈbɜːRnəʊ	high	
broadcast	-𐑒𐑨𐑕𐑑	-kæst	𐑚𐑮𐑷𐑛𐑒𐑨𐑕𐑑, 𐑚𐑮𐑷𐑛𐑒𐑭𐑕𐑑	ˈbrɔːdkⱭːst	medium	r_gap:spelling=1,ipa=0; shave_says:𐑚𐑮𐑷𐑛𐑒𐑭𐑕𐑑
broadcaster	-𐑒𐑨𐑕𐑑𐑼	-kæstəR	𐑚𐑮𐑷𐑛𐑒𐑨𐑕𐑑𐑼, 𐑚𐑮𐑷𐑛𐑒𐑭𐑕𐑑𐑼	ˈbrɔːdkⱭːstəR	medium	r_gap:spelling=2,ipa=1; shave_says:𐑚𐑮𐑷𐑛𐑒𐑭𐑕𐑑𐑼
broadcaster	𐑚𐑮𐑪𐑛-	ˈbrɒd-	𐑚𐑮𐑷𐑛𐑒𐑨𐑕𐑑𐑼, 𐑚𐑮𐑷𐑛𐑒𐑭𐑕𐑑𐑼	ˈbrɔːdkⱭːstəR	medium	r_gap:spelling=2,ipa=1
broadcloth	𐑚𐑮𐑷𐑛𐑒𐑤𐑷𐑔	ˈbrɔːdˌklɔːθ	𐑚𐑮𐑷𐑛𐑒𐑤𐑪𐑔	ˈbrɔːdklɒθ	high	
broadening	𐑚𐑮𐑪𐑛𐑩𐑯𐑦𐑙	ˈbrɒdənɪŋ	𐑚𐑮𐑷𐑛𐑯𐑦𐑙	ˈbrɔːdnɪŋ	high	
broadening	𐑚𐑮𐑪𐑛𐑯𐑦𐑙	ˈbrɒdnɪŋ	𐑚𐑮𐑷𐑛𐑯𐑦𐑙	ˈbrɔːdnɪŋ	high	
broadening	𐑚𐑮𐑷𐑛𐑩𐑯𐑦𐑙	brɔːdənɪŋ	𐑚𐑮𐑷𐑛𐑯𐑦𐑙	ˈbrɔːdnɪŋ	high	
broader	𐑚𐑮𐑪𐑑𐑼	ˈbrɒtəR	𐑚𐑮𐑷𐑛𐑼	ˈbrɔːdəR	high	
broader	𐑚𐑮𐑪𐑛𐑼	ˈbrɒdəR	𐑚𐑮𐑷𐑛𐑼	ˈbrɔːdəR	high	
broader	𐑚𐑮𐑷𐑑𐑼	ˈbrɔːtəR	𐑚𐑮𐑷𐑛𐑼	ˈbrɔːdəR	high	
broadest	𐑚𐑮𐑷𐑛𐑦𐑕𐑑	brɔːdɪst	𐑚𐑮𐑷𐑛𐑩𐑕𐑑	ˈbrɔːdəst	high	
broccoli	𐑚𐑮𐑪𐑒𐑤𐑦	ˈbrɒkli	𐑚𐑮𐑪𐑒𐑩𐑤𐑦	ˈbrɒkəli	high	
brochure	𐑚𐑮𐑴𐑖𐑫𐑼	broʊˈʃʊəR	𐑚𐑮𐑴𐑖𐑼	ˈbrəʊʃəR	high	
brochure	𐑚𐑮𐑴𐑖𐑻	broʊˈʃɜːR	𐑚𐑮𐑴𐑖𐑼	ˈbrəʊʃəR	high	
broken	𐑚𐑮𐑴𐑒𐑦𐑯	ˈbroʊkɪn	𐑚𐑮𐑴𐑒𐑩𐑯	ˈbrəʊkən	high	
bromine	-𐑥𐑦𐑯	-mɪn	𐑚𐑮𐑴𐑥𐑰𐑯	ˈbrəʊmiːn	medium	r_gap:spelling=1,ipa=0; shave_says:𐑚𐑮𐑴𐑥𐑰𐑯
bromine	-𐑥𐑲𐑯	-maɪn	𐑚𐑮𐑴𐑥𐑰𐑯	ˈbrəʊmiːn	medium	r_gap:spelling=1,ipa=0; shave_says:𐑚𐑮𐑴𐑥𐑰𐑯
bromine	𐑚𐑮𐑴𐑥𐑦𐑯	ˈbroʊmin	𐑚𐑮𐑴𐑥𐑰𐑯	ˈbrəʊmiːn	high	
bronchial	𐑚𐑮𐑭𐑯𐑒𐑦𐑩𐑤	ˈbrɑːnkiəl	𐑚𐑮𐑪𐑙𐑒𐑾𐑤	ˈbrɒŋkɪəl	high	
brooch	𐑚𐑮𐑫𐑗	brutʃ	𐑚𐑮𐑴𐑗	brəʊtʃ	high	
broth	𐑚𐑮𐑷𐑔	brɔːθ	𐑚𐑮𐑪𐑔	brɒθ	high	
brothel	𐑚𐑮𐑪𐑞𐑩𐑤	brɒðəl	𐑚𐑮𐑪𐑔𐑩𐑤	ˈbrɒθəl	high	
brothel	𐑚𐑮𐑷𐑔𐑩𐑤	ˈbrɔːθəl	𐑚𐑮𐑪𐑔𐑩𐑤	ˈbrɒθəl	high	
brothel	𐑚𐑮𐑷𐑞𐑩𐑤	ˈbrɔːðəl	𐑚𐑮𐑪𐑔𐑩𐑤	ˈbrɒθəl	high	
brother-in-law	𐑚𐑮𐑳𐑞𐑼 𐑦𐑯 𐑤𐑷	ˈbrʌðəR ɪn ˌlɔː	𐑚𐑮𐑳𐑞𐑼-𐑦𐑯-𐑤𐑷	ˈbrʌðər-ɪn-lɔː	high	
brotherhood	𐑚𐑮𐑳𐑞𐑩𐑣𐑫𐑛	brʌðəhʊd	𐑚𐑮𐑳𐑞𐑼𐑣𐑫𐑛	ˈbrʌðəRhʊd	medium	r_gap:spelling=2,ipa=1; shave_says:𐑚𐑮𐑳𐑞𐑼𐑣𐑫𐑛
brotherly	𐑚𐑮𐑳𐑞𐑩𐑤𐑦	brʌðəli	𐑚𐑮𐑳𐑞𐑼𐑤𐑦	ˈbrʌðəRli	medium	r_gap:spelling=2,ipa=1; shave_says:𐑚𐑮𐑳𐑞𐑼𐑤𐑦
brouhaha	𐑚𐑮𐑫𐑣𐑪𐑣𐑪	ˈbruˌhɒˌhɒ	𐑚𐑮𐑵𐑣𐑭𐑣𐑭	ˈbruːhɑːhɑː	high	
browsers	𐑚𐑮𐑬𐑟𐑼𐑕	braʊzəRs	𐑚𐑮𐑬𐑟𐑼𐑟	ˈbraʊzəRz	high	
bruit	𐑚𐑮𐑫𐑑	brut	𐑚𐑮𐑵𐑑	bruːt	high	
bruit	𐑚𐑮𐑫𐑦	ˈbrui	𐑚𐑮𐑵𐑑	bruːt	high	
bruit	𐑚𐑮𐑵𐑦	bruːi	𐑚𐑮𐑵𐑑	bruːt	high	
bruit	𐑚𐑮𐑵𐑰	bruːiː	𐑚𐑮𐑵𐑑	bruːt	high	
brunette	𐑚𐑮𐑫𐑯𐑧𐑑	bruˈnet	𐑚𐑮𐑵𐑯𐑧𐑑	bruːˈnet	high	
brusque	𐑚𐑮𐑫𐑕𐑒	brʊsk	𐑚𐑮𐑵𐑕𐑒	bruːsk	high	
brusque	𐑚𐑮𐑳𐑕𐑒	brʌsk	𐑚𐑮𐑵𐑕𐑒	bruːsk	high	
brutal	𐑚𐑮𐑫𐑑𐑩𐑤	ˈbrutəl	𐑚𐑮𐑵𐑑𐑩𐑤	ˈbruːtəl	high	
brutality	𐑚𐑮𐑫𐑑𐑨𐑤𐑦𐑑𐑦	bruˈtælɪti	𐑚𐑮𐑵𐑑𐑨𐑤𐑦𐑑𐑦	bruːˈtælɪti	high	
brutalize	𐑚𐑮𐑫𐑑𐑩𐑤𐑲𐑟	ˈbrutəlaɪz	𐑚𐑮𐑵𐑑𐑩𐑤𐑲𐑟	ˈbruːtəlaɪz	high	
brute	𐑚𐑮𐑫𐑑	brut	𐑚𐑮𐑵𐑑	bruːt	high	
bucktooth	𐑚𐑳𐑒𐑑𐑫𐑔	ˈbʌkˌtuθ	𐑚𐑳𐑒𐑑𐑵𐑔	ˈbʌktuːθ	high	
bucolic	𐑚𐑘𐑫𐑒𐑪𐑤𐑦𐑒	bjuˈkɒlɪk	𐑚𐑿𐑒𐑪𐑤𐑦𐑒	bjuːˈkɒlɪk	high	
buddy	𐑚𐑳𐑑𐑦	ˈbʌti	𐑚𐑳𐑛𐑦	ˈbʌdi	high	
budgetary	𐑚𐑳𐑡𐑦𐑑𐑮𐑦	bʌdʒɪtri	𐑚𐑳𐑡𐑩𐑑𐑼𐑦	ˈbʌdʒətəri	high	
budgetary	𐑚𐑳𐑡𐑦𐑑𐑼𐑦	bʌdʒɪtəri	𐑚𐑳𐑡𐑩𐑑𐑼𐑦	ˈbʌdʒətəri	high	
budgetary	𐑚𐑳𐑡𐑩𐑑𐑧𐑮𐑦	ˈbʌdʒəˌteri	𐑚𐑳𐑡𐑩𐑑𐑼𐑦	ˈbʌdʒətəri	high	
buenos aires	-𐑲𐑮𐑩𐑟	-aɪrƏz	𐑚𐑢𐑱𐑯𐑩𐑕 𐑲𐑼𐑦𐑟	ˌbweɪnəs ˈaɪərɪz	high	
buenos aires	𐑚𐑢𐑧𐑯𐑴𐑕 𐑲𐑮𐑧𐑕	bwenəʊs aɪres	𐑚𐑢𐑱𐑯𐑩𐑕 𐑲𐑼𐑦𐑟	ˌbweɪnəs ˈaɪərɪz	high	
buenos aires	𐑚𐑢𐑱𐑯𐑩𐑕 𐑧𐑮𐑦𐑟	ˈbweɪnəs ˈeriz	𐑚𐑢𐑱𐑯𐑩𐑕 𐑲𐑼𐑦𐑟	ˌbweɪnəs ˈaɪərɪz	high	
buenos aires	𐑚𐑢𐑱𐑯𐑩𐑕 𐑺𐑰𐑟	bweɪnəs eəriːz	𐑚𐑢𐑱𐑯𐑩𐑕 𐑲𐑼𐑦𐑟	ˌbweɪnəs ˈaɪərɪz	high	
buffet	𐑚𐑩𐑓𐑱	bəˈfeɪ	𐑚𐑫𐑓𐑱, 𐑚𐑳𐑓𐑩𐑑	ˈbʊfeɪ	high	
buffet	𐑚𐑳𐑓𐑱	ˈbʌfeɪ	𐑚𐑫𐑓𐑱, 𐑚𐑳𐑓𐑩𐑑	ˈbʊfeɪ	high	
bugbear	𐑚𐑳𐑜𐑚𐑻	bʌɡbɜːr	𐑚𐑳𐑜𐑚𐑺	ˈbʌɡbeəR	high	
bulgaria	𐑚𐑫𐑤𐑜𐑧𐑮𐑦𐑩	bʊlˈɡeriə	𐑚𐑳𐑤𐑜𐑺𐑾	bʌlˈɡeərɪə	high	
bulgaria	𐑚𐑳𐑤𐑜𐑧𐑮𐑦𐑩	bʌlˈɡeriə	𐑚𐑳𐑤𐑜𐑺𐑾	bʌlˈɡeərɪə	high	
bulgaria	𐑚𐑳𐑤𐑜𐑺𐑦𐑩	bʌlɡeəriə	𐑚𐑳𐑤𐑜𐑺𐑾	bʌlˈɡeərɪə	high	
bulgarian	𐑚𐑫𐑤𐑜𐑧𐑮𐑦𐑩𐑯	bʊlˈɡeriən	𐑚𐑳𐑤𐑜𐑺𐑾𐑯	bʌlˈɡeərɪən	high	
bulgarian	𐑚𐑳𐑤𐑜𐑧𐑮𐑦𐑩𐑯	bʌlˈɡeriən	𐑚𐑳𐑤𐑜𐑺𐑾𐑯	bʌlˈɡeərɪən	high	
bulgarian	𐑚𐑳𐑤𐑜𐑺𐑦𐑩𐑯	bʌlɡeəriən	𐑚𐑳𐑤𐑜𐑺𐑾𐑯	bʌlˈɡeərɪən	high	
bulge	𐑚𐑫𐑤𐑡	ˈbʊldʒ	𐑚𐑳𐑤𐑡	bʌldʒ	high	
bulldog	𐑚𐑫𐑤𐑛𐑷𐑜	ˈbʊldɔːɡ	𐑚𐑫𐑤𐑛𐑪𐑜	ˈbʊldɒɡ	high	
bulletin	𐑚𐑫𐑤𐑦𐑑𐑦𐑯	ˈbʊlɪtɪn	𐑚𐑫𐑤𐑩𐑑𐑦𐑯	ˈbʊlətɪn	high	
bulletin	𐑚𐑫𐑤𐑩𐑑𐑩𐑯	ˈbʊlətən	𐑚𐑫𐑤𐑩𐑑𐑦𐑯	ˈbʊlətɪn	high	
bullfrog	𐑚𐑫𐑤𐑓𐑮𐑷𐑜	ˈbʊlfrɔːɡ	𐑚𐑫𐑤𐑓𐑮𐑪𐑜	ˈbʊlfrɒɡ	high	
bunch	𐑚𐑳𐑯𐑖	bʌnʃ	𐑚𐑳𐑯𐑗	bʌntʃ	high	
bung-hole	𐑚𐑳𐑙𐑣𐑴𐑤	ˈbʌŋˌhəʊl	𐑚𐑳𐑙-𐑣𐑴𐑤	ˈbʌŋ-həʊl	high	
buoy	𐑚𐑫𐑦	ˈbui	𐑚𐑶	bɔɪ	high	
buoyed	𐑚𐑫𐑦𐑛	ˈbuid	𐑚𐑶𐑛	bɔɪd	high	
burdock	𐑚𐑻𐑛𐑭𐑒	ˈbɜːRdɑːk	𐑚𐑻𐑛𐑪𐑒	ˈbɜːRdɒk	high	
bureau	𐑚𐑘𐑻𐑩	ˈbjɜːRə	𐑚𐑘𐑫𐑼𐑴	ˈbjʊərəʊ	high	
bureau	𐑚𐑘𐑻𐑴	ˈbjɜːRoʊ	𐑚𐑘𐑫𐑼𐑴	ˈbjʊərəʊ	high	
bureau	𐑚𐑘𐑼𐑩	bjərə	𐑚𐑘𐑫𐑼𐑴	ˈbjʊərəʊ	high	
bureau	𐑚𐑘𐑼𐑴	bjərəʊ	𐑚𐑘𐑫𐑼𐑴	ˈbjʊərəʊ	high	
bureaucracy	𐑚𐑘𐑻𐑮𐑪𐑒𐑮𐑩𐑕𐑦	bjɜːRrɒkrəsi	𐑚𐑘𐑫𐑼𐑪𐑒𐑮𐑩𐑕𐑦	bjʊəˈrɒkrəsi	high	
bureaucracy	𐑚𐑘𐑼𐑪𐑒𐑮𐑩𐑕𐑦	bjəˈrɒkrəsi	𐑚𐑘𐑫𐑼𐑪𐑒𐑮𐑩𐑕𐑦	bjʊəˈrɒkrəsi	high	
bureaucrat	𐑚𐑘𐑼𐑩𐑒𐑮𐑨𐑑	ˈbjərəkræt	𐑚𐑘𐑫𐑼𐑩𐑒𐑮𐑨𐑑	ˈbjʊərəkræt	high	
bureaucratic	𐑚𐑘𐑼𐑩𐑒𐑮𐑨𐑑𐑦𐑒	ˌbjərəˈkrætɪk	𐑚𐑘𐑫𐑼𐑩𐑒𐑮𐑨𐑑𐑦𐑒	ˌbjʊərəˈkrætɪk	high	
bureaux	𐑚𐑘𐑻𐑴𐑟	ˈbjɜːRoʊz	𐑚𐑘𐑫𐑼𐑴𐑟	ˈbjʊərəʊz	high	
bureaux	𐑚𐑘𐑼𐑴𐑟	bjərəʊz	𐑚𐑘𐑫𐑼𐑴𐑟	ˈbjʊərəʊz	high	
burette	𐑚𐑘𐑼𐑧𐑑	bjəˈret	𐑚𐑘𐑫𐑼𐑧𐑑	bjʊəˈret	high	
burgh	𐑚𐑳𐑮𐑴	ˈbʌroʊ	𐑚𐑳𐑮𐑩	ˈbʌrə	high	
burgh	𐑚𐑻𐑜	bɜːRɡ	𐑚𐑳𐑮𐑩	ˈbʌrə	high	
burglarious	𐑚𐑻𐑜𐑤𐑧𐑮𐑦𐑩𐑕	bɜːRˈɡleriəs	𐑚𐑻𐑜𐑤𐑺𐑾𐑕	bɜːRˈɡleərɪəs	high	
burglarious	𐑚𐑻𐑜𐑤𐑺𐑦𐑩𐑕	bɜːRɡleəriəs	𐑚𐑻𐑜𐑤𐑺𐑾𐑕	bɜːRˈɡleərɪəs	high	
burgos	𐑚𐑫𐑮𐑜𐑴𐑕	ˈbʊrˌɡoʊs	𐑚𐑻𐑜𐑪𐑕	ˈbɜːRɡɒs	high	
burgos	𐑚𐑫𐑼𐑜𐑴𐑕	bʊəRɡəʊs	𐑚𐑻𐑜𐑪𐑕	ˈbɜːRɡɒs	high	
burial	𐑚𐑧𐑮𐑦𐑩𐑤	ˈberiəl	𐑚𐑧𐑮𐑾𐑤	ˈberɪəl	high	
burial	𐑚𐑻𐑦𐑩𐑤	ˈbɜːRiəl	𐑚𐑧𐑮𐑾𐑤	ˈberɪəl	high	
burmese	𐑚𐑻𐑥𐑦𐑟	bɜːRˈmiz	𐑚𐑻𐑥𐑰𐑟	bɜːRˈmiːz	high	
bushido	𐑚𐑫𐑖𐑦𐑛𐑴	buˈʃidoʊ	𐑚𐑫𐑖𐑰𐑛𐑴	bʊˈʃiːdəʊ	high	
businessman	𐑚𐑦𐑟𐑯𐑦𐑕𐑥𐑩𐑯	ˈbɪznɪsmən	𐑚𐑦𐑟𐑯𐑩𐑕𐑥𐑩𐑯	ˈbɪznəsmən	medium	ml_disagrees:𐑚𐑦𐑟𐑯𐑦𐑕𐑥𐑧𐑯; shave_says:𐑚𐑦𐑟𐑯𐑩𐑕𐑥𐑩𐑯
businessman	𐑚𐑦𐑟𐑯𐑩𐑕𐑥𐑨𐑯	ˈbɪznəsmæn	𐑚𐑦𐑟𐑯𐑩𐑕𐑥𐑩𐑯	ˈbɪznəsmən	high	
buttercup	𐑚𐑳𐑑𐑩𐑒𐑳𐑐	bʌtəkʌp	𐑚𐑳𐑑𐑼𐑒𐑳𐑐	ˈbʌtəRkʌp	medium	r_gap:spelling=1,ipa=0; shave_says:𐑚𐑳𐑑𐑼𐑒𐑳𐑐
butterfingers	-𐑑𐑼-	-təR-	𐑚𐑳𐑑𐑼𐑓𐑦𐑙𐑜𐑼𐑟	ˈbʌtəRfɪŋɡəRz	medium	r_gap:spelling=2,ipa=1
butterfingers	𐑚𐑳𐑑𐑩𐑓𐑦𐑙𐑜𐑼𐑟	bʌtəfɪŋɡəRz	𐑚𐑳𐑑𐑼𐑓𐑦𐑙𐑜𐑼𐑟	ˈbʌtəRfɪŋɡəRz	medium	r_gap:spelling=2,ipa=1; shave_says:𐑚𐑳𐑑𐑼𐑓𐑦𐑙𐑜𐑼𐑟
butterfly	𐑚𐑳𐑑𐑩𐑓𐑤𐑲	bʌtəflaɪ	𐑚𐑳𐑑𐑼𐑓𐑤𐑲	ˈbʌtəRflaɪ	medium	r_gap:spelling=1,ipa=0; shave_says:𐑚𐑳𐑑𐑼𐑓𐑤𐑲
buttermilk	𐑚𐑳𐑑𐑩𐑥𐑦𐑤𐑒	bʌtəmɪlk	𐑚𐑳𐑑𐑼𐑥𐑦𐑤𐑒	ˈbʌtəRmɪlk	medium	r_gap:spelling=1,ipa=0; shave_says:𐑚𐑳𐑑𐑼𐑥𐑦𐑤𐑒
butterscotch	𐑚𐑳𐑑𐑩𐑕𐑒𐑪𐑗	bʌtəskɒtʃ	𐑚𐑳𐑑𐑼𐑕𐑒𐑪𐑗	ˈbʌtəRskɒtʃ	medium	r_gap:spelling=1,ipa=0; shave_says:𐑚𐑳𐑑𐑼𐑕𐑒𐑪𐑗
buttery	𐑚𐑳𐑑𐑮𐑦	bʌtri	𐑚𐑳𐑑𐑼𐑦	ˈbʌtəri	high	
buttigieg	𐑚𐑫𐑑𐑩𐑡𐑩𐑡	ˈbutədʒədʒ	𐑚𐑵𐑑𐑦𐑡𐑧𐑡	ˈbuːtɪˌdʒedʒ	high	
buttigieg	𐑚𐑫𐑑𐑩𐑡𐑳𐑡	ˈbutədʒʌdʒ	𐑚𐑵𐑑𐑦𐑡𐑧𐑡	ˈbuːtɪˌdʒedʒ	high	
buttigieg	𐑚𐑵𐑑𐑦𐑡𐑦𐑡	ˈbuːtɪdʒɪdʒ	𐑚𐑵𐑑𐑦𐑡𐑧𐑡	ˈbuːtɪˌdʒedʒ	high	
buttigieg	𐑚𐑵𐑑𐑦𐑡𐑩𐑡	ˈbuːtɪdʒədʒ	𐑚𐑵𐑑𐑦𐑡𐑧𐑡	ˈbuːtɪˌdʒedʒ	high	
buttocks	𐑚𐑳𐑑𐑷𐑒𐑕	ˈbʌtɔːks	𐑚𐑳𐑑𐑩𐑒𐑕	ˈbʌtəks	high	
buttress	𐑚𐑳𐑑𐑮𐑦𐑕	ˈbʌtrɪs	𐑚𐑳𐑑𐑮𐑩𐑕	ˈbʌtrəs	high	
bygone	-𐑜𐑪𐑯	-ɡɒn	𐑚𐑲𐑜𐑪𐑯	ˈbaɪɡɒn	high	
bygone	-𐑜𐑷𐑯	-ɡɔːn	𐑚𐑲𐑜𐑪𐑯	ˈbaɪɡɒn	high	
bygone	𐑚𐑲𐑜𐑷𐑯	ˈbaɪɡɔːn	𐑚𐑲𐑜𐑪𐑯	ˈbaɪɡɒn	high	
byword	𐑚𐑲𐑢𐑼𐑛	baɪwərd	𐑚𐑲𐑢𐑻𐑛	ˈbaɪwɜːRd	high	
c of e	𐑕𐑰𐑩𐑝𐑰	ˌsiːəvˈiː	𐑕𐑰 𐑝 𐑰	ˌsiː V ˈiː	high	
caber	𐑒𐑪-	ˈkɒ-	𐑒𐑱𐑚𐑼	ˈkeɪbəR	medium	r_gap:spelling=1,ipa=0
caber	𐑒𐑭-	kɑː-	𐑒𐑱𐑚𐑼	ˈkeɪbəR	medium	r_gap:spelling=1,ipa=0; shave_says:𐑒𐑱𐑚𐑼
cabinet	𐑒𐑨𐑚𐑦𐑯𐑦𐑑	ˈkæbɪnɪt	𐑒𐑨𐑚𐑦𐑯𐑩𐑑	ˈkæbɪnət	high	
cabinet	𐑒𐑨𐑚𐑯𐑦𐑑	ˈkæbnɪt	𐑒𐑨𐑚𐑦𐑯𐑩𐑑	ˈkæbɪnət	high	
cacao	𐑒𐑩𐑒𐑪𐑴	kəˈkɒoʊ	𐑒𐑩𐑒𐑬	kəˈkaʊ	high	
cacao	𐑒𐑩𐑒𐑭𐑴	kəˈkɑːəʊ	𐑒𐑩𐑒𐑬	kəˈkaʊ	high	
cacao	𐑒𐑩𐑒𐑱𐑴	kəˈkeɪəʊ	𐑒𐑩𐑒𐑬	kəˈkaʊ	high	
cache	𐑒𐑱𐑖	keɪʃ	𐑒𐑨𐑖	kæʃ	high	
cacophonous	𐑒𐑩𐑒𐑪𐑓𐑩𐑯𐑩𐑕	kəˈkɒfənəs	𐑒𐑨𐑒𐑪𐑓𐑩𐑯𐑩𐑕	kæˈkɒfənəs	high	
cacophony	𐑒𐑩𐑒𐑪𐑓𐑩𐑯𐑦	kəˈkɒfəni	𐑒𐑨𐑒𐑪𐑓𐑩𐑯𐑦	kæˈkɒfəni	high	
cactus	𐑒𐑨𐑒𐑑𐑳𐑕	ˈkæktʌs	𐑒𐑨𐑒𐑑𐑩𐑕	ˈkæktəs	high	
cadaver	𐑒𐑩𐑛𐑭𐑝𐑼	kədɑːvər	𐑒𐑩𐑛𐑨𐑝𐑼	kəˈdævəR	high	
cadaver	𐑒𐑩𐑛𐑱𐑝𐑼	kədeɪvər	𐑒𐑩𐑛𐑨𐑝𐑼	kəˈdævəR	high	
caddie	-𐑑𐑦	-ti	𐑒𐑨𐑛𐑦	ˈkædi	high	
caddy	-𐑑𐑦	-ti	𐑒𐑨𐑛𐑦	ˈkædi	high	
cadre	𐑒𐑨𐑛𐑮𐑦	ˈkædri	𐑒𐑨𐑛𐑮𐑩, 𐑒𐑭𐑛𐑮𐑩	ˈkⱭːdrə	high	
cadre	𐑒𐑨𐑛𐑮𐑱	ˈkædreɪ	𐑒𐑨𐑛𐑮𐑩, 𐑒𐑭𐑛𐑮𐑩	ˈkⱭːdrə	high	
cadre	𐑒𐑪𐑛𐑮𐑦	ˈkɒdri	𐑒𐑨𐑛𐑮𐑩, 𐑒𐑭𐑛𐑮𐑩	ˈkⱭːdrə	high	
cadre	𐑒𐑪𐑛𐑮𐑩	ˈkɒdrə	𐑒𐑨𐑛𐑮𐑩, 𐑒𐑭𐑛𐑮𐑩	ˈkⱭːdrə	high	
cadre	𐑒𐑪𐑛𐑮𐑱	ˈkɒdreɪ	𐑒𐑨𐑛𐑮𐑩, 𐑒𐑭𐑛𐑮𐑩	ˈkⱭːdrə	high	
cadre	𐑒𐑪𐑛𐑼	ˈkɒdəR	𐑒𐑨𐑛𐑮𐑩, 𐑒𐑭𐑛𐑮𐑩	ˈkⱭːdrə	high	
cadre	𐑒𐑭𐑛𐑮𐑼	kɑːdrəR	𐑒𐑨𐑛𐑮𐑩, 𐑒𐑭𐑛𐑮𐑩	ˈkⱭːdrə	high	
cadre	𐑒𐑭𐑛𐑼	kɑːdəR	𐑒𐑨𐑛𐑮𐑩, 𐑒𐑭𐑛𐑮𐑩	ˈkⱭːdrə	high	
caernarfon	𐑒𐑸𐑯𐑸𐑝𐑩𐑯	kɑːRˈnɑːRvən	𐑒𐑩𐑯𐑸𐑝𐑩𐑯	kəRˈnɑːRvən	high	
caerphilly	𐑒𐑻𐑓𐑦𐑤𐑦	kɜːRfɪli	𐑒𐑼𐑓𐑦𐑤𐑦	kəRˈfɪli	high	
caesar	𐑒𐑲𐑕𐑸	kaɪsɑːR	𐑕𐑰𐑟𐑼	ˈsiːzəR	high	
caesar	𐑒𐑲𐑟𐑼	kaɪzəR	𐑕𐑰𐑟𐑼	ˈsiːzəR	high	
caesar	𐑕𐑦𐑟𐑼	ˈsizər	𐑕𐑰𐑟𐑼	ˈsiːzəR	high	
caesarian	𐑕𐑰𐑟𐑧𐑮𐑦𐑩𐑯	siːˈzeriən	𐑕𐑦𐑟𐑺𐑾𐑯	sɪˈzeərɪən	high	
caesarian	𐑕𐑰𐑟𐑺𐑦𐑩𐑯	siːzeəriən	𐑕𐑦𐑟𐑺𐑾𐑯	sɪˈzeərɪən	high	
caesura	𐑕𐑦𐑟𐑘𐑩𐑼𐑩	sɪzjəərə	𐑕𐑦𐑟𐑘𐑫𐑼𐑩	sɪˈzjʊərə	high	
caesura	𐑕𐑩𐑠𐑫𐑮𐑩	səˈʒʊrə	𐑕𐑦𐑟𐑘𐑫𐑼𐑩	sɪˈzjʊərə	high	
cafe	𐑒𐑨𐑓𐑦	ˈkæfi	𐑒𐑨𐑓𐑱	ˈkæfeɪ	high	
cafeteria	𐑒𐑨𐑓𐑩𐑑𐑽𐑦𐑩	kafətɪəriə	𐑒𐑨𐑓𐑩𐑑𐑽𐑾	ˌkæfəˈtɪərɪə	high	
cagliari	𐑒𐑨𐑤𐑦𐑸𐑦	kæliɑːri	𐑒𐑨𐑤𐑘𐑸𐑦	kæˈljɑːri	high	
cahoots	𐑒𐑩𐑣𐑫𐑑𐑕	kəˈhuts	𐑒𐑩𐑣𐑵𐑑𐑕	kəˈhuːts	high	
cairns	𐑒𐑧𐑮𐑯𐑟	kernz	𐑒𐑺𐑯𐑟	keəRnz	high	
caisson	𐑒𐑩𐑕𐑵𐑯	kəˈsuːn	𐑒𐑱𐑕𐑪𐑯	ˈkeɪsɒn	high	
caisson	𐑒𐑱𐑕𐑩𐑯	ˈkeɪsən	𐑒𐑱𐑕𐑪𐑯	ˈkeɪsɒn	high	
calcine	-𐑕𐑦𐑯	-sɪn	𐑒𐑨𐑤𐑕𐑲𐑯	ˈkælsaɪn	high	
calcium	𐑒𐑨𐑤𐑕𐑦𐑩𐑥	ˈkælsiəm	𐑒𐑨𐑤𐑕𐑾𐑥	ˈkælsɪəm	high	
calculation	𐑒𐑨𐑤𐑒𐑘𐑫𐑤𐑱𐑖𐑩𐑯	ˌkælkjuˈleɪʃən	𐑒𐑨𐑤𐑒𐑘𐑩𐑤𐑱𐑖𐑩𐑯	ˌkælkjəˈleɪʃən	high	
calendar	𐑒𐑨𐑤𐑩𐑯𐑛𐑼	kæləndəR	𐑒𐑨𐑤𐑦𐑯𐑛𐑼	ˈkælɪndəR	high	
calender	𐑒𐑨𐑤𐑩𐑯𐑛𐑼	kæləndəR	𐑒𐑨𐑤𐑦𐑯𐑛𐑼	ˈkælɪndəR	high	
calends	𐑒𐑨𐑤𐑦𐑯𐑛𐑟	ˈkælɪndz	𐑒𐑨𐑤𐑩𐑯𐑛𐑟	ˈkæləndz	high	
calibrate	𐑒𐑨𐑤𐑩𐑚𐑮𐑱𐑑	ˈkæləbreɪt	𐑒𐑨𐑤𐑦𐑚𐑮𐑱𐑑	ˈkælɪbreɪt	high	
calibration	𐑒𐑨𐑤𐑩𐑚𐑮𐑱𐑖𐑩𐑯	kæləbreɪʃən	𐑒𐑨𐑤𐑦𐑚𐑮𐑱𐑖𐑩𐑯	ˌkælɪˈbreɪʃən	high	
calibre	𐑒𐑨𐑤𐑩𐑚𐑼	ˈkæləbəR	𐑒𐑨𐑤𐑦𐑚𐑼	ˈkælɪbəR	high	
california	-𐑯𐑘𐑩	-njə	𐑒𐑨𐑤𐑦𐑓𐑹𐑯𐑾	ˌkælɪˈfɔːRnɪə	medium	r_gap:spelling=1,ipa=0; shave_says:𐑒𐑨𐑤𐑦𐑓𐑹𐑯𐑾
california	𐑒𐑨𐑤𐑦𐑓𐑪𐑮𐑯𐑘𐑩	ˌkælɪˈfornjə	𐑒𐑨𐑤𐑦𐑓𐑹𐑯𐑾	ˌkælɪˈfɔːRnɪə	high	
california	𐑒𐑨𐑤𐑦𐑓𐑪𐑮𐑯𐑦𐑩	ˌkælɪˈforniə	𐑒𐑨𐑤𐑦𐑓𐑹𐑯𐑾	ˌkælɪˈfɔːRnɪə	high	
california	𐑒𐑨𐑤𐑦𐑓𐑹𐑯𐑦𐑩	kælɪfɔːRniə	𐑒𐑨𐑤𐑦𐑓𐑹𐑯𐑾	ˌkælɪˈfɔːRnɪə	high	
call	𐑒𐑪𐑤	kɒl	𐑒𐑷𐑤	kɔːl	high	
calm	𐑒𐑨𐑥	kæm	𐑒𐑭𐑥	kɑːm	high	
calm	𐑒𐑪𐑤𐑥	kɒlm	𐑒𐑭𐑥	kɑːm	high	
calm	𐑒𐑪𐑥	kɒm	𐑒𐑭𐑥	kɑːm	high	
calm	𐑒𐑷𐑤𐑥	kɔːlm	𐑒𐑭𐑥	kɑːm	high	
calm	𐑒𐑷𐑥	kɔːm	𐑒𐑭𐑥	kɑːm	high	
calmer	𐑒𐑪𐑥𐑼	ˈkɒməR	𐑒𐑭𐑥𐑼	ˈkɑːməR	high	
calmly	𐑒𐑸𐑥𐑤𐑦	ˈkɑːrmli	𐑒𐑭𐑥𐑤𐑦	ˈkɑːmli	high	
calmness	𐑒𐑪𐑤𐑥𐑯𐑩𐑕	ˈkɒlmnəs	𐑒𐑭𐑥𐑯𐑩𐑕	ˈkɑːmnəs	high	
camaraderie	𐑒𐑨𐑥𐑼𐑨𐑛𐑼𐑦	kæmərædəri	𐑒𐑨𐑥𐑼𐑭𐑛𐑼𐑦	ˌkæməˈrɑːdəri	high	
camaraderie	𐑒𐑨𐑥𐑼𐑪𐑛𐑼𐑦	ˌkæməˈrɒdəri	𐑒𐑨𐑥𐑼𐑭𐑛𐑼𐑦	ˌkæməˈrɑːdəri	high	
camaraderie	𐑒𐑨𐑥𐑼𐑸𐑛𐑼𐑦	kæmərɑːRdəri	𐑒𐑨𐑥𐑼𐑭𐑛𐑼𐑦	ˌkæməˈrɑːdəri	high	
camaraderie	𐑒𐑪𐑥𐑼𐑪𐑛𐑼𐑦	ˌkɒməˈrɒdəri	𐑒𐑨𐑥𐑼𐑭𐑛𐑼𐑦	ˌkæməˈrɑːdəri	high	
camberwell	𐑒𐑨𐑥𐑚𐑩𐑢𐑧𐑤	kæmbəwel	𐑒𐑨𐑥𐑚𐑼𐑢𐑧𐑤	ˈkæmbəRwel	medium	r_gap:spelling=1,ipa=0; shave_says:𐑒𐑨𐑥𐑚𐑼𐑢𐑧𐑤
cambodia	𐑒𐑨𐑥𐑚𐑴𐑛𐑦𐑩	kæmˈboʊdiə	𐑒𐑨𐑥𐑚𐑴𐑛𐑾	kæmˈbəʊdɪə	high	
camembert	𐑒𐑨𐑥𐑪𐑥𐑚𐑺	kæmɒmbeər	𐑒𐑨𐑥𐑩𐑥𐑚𐑺	ˈkæməmbeəR	high	
cameo	𐑒𐑨𐑥𐑰𐑴	ˈkæmiːəʊ	𐑒𐑨𐑥𐑦𐑴	ˈkæmiəʊ	high	
camera	𐑒𐑨𐑥𐑮𐑩	kæmrə	𐑒𐑨𐑥𐑼𐑩	ˈkæmərə	high	
camomile	𐑒𐑨𐑥𐑩𐑥𐑦𐑤	ˈkæməˌmil	𐑒𐑨𐑥𐑩𐑥𐑲𐑤	ˈkæməmaɪl	high	
campanile	-𐑲𐑤	-aɪl	𐑒𐑨𐑥𐑐𐑩𐑯𐑰𐑤𐑦	ˌkæmpəˈniːli	high	
campanile	𐑒𐑨𐑥𐑐𐑩𐑯𐑦𐑤	ˈkæmpənɪl	𐑒𐑨𐑥𐑐𐑩𐑯𐑰𐑤𐑦	ˌkæmpəˈniːli	high	
campanile	𐑒𐑨𐑥𐑐𐑩𐑯𐑦𐑤𐑦	ˌkæmpəˈnili	𐑒𐑨𐑥𐑐𐑩𐑯𐑰𐑤𐑦	ˌkæmpəˈniːli	high	
campanile	𐑒𐑨𐑥𐑐𐑩𐑯𐑰𐑤𐑱	kæmpəˈniːleɪ	𐑒𐑨𐑥𐑐𐑩𐑯𐑰𐑤𐑦	ˌkæmpəˈniːli	high	
campus	𐑒𐑨𐑥𐑐𐑫𐑕	ˈkæmpʊs	𐑒𐑨𐑥𐑐𐑩𐑕	ˈkæmpəs	high	
campus	𐑒𐑨𐑯𐑐𐑩𐑕	ˈkænpəs	𐑒𐑨𐑥𐑐𐑩𐑕	ˈkæmpəs	high	
canadian	𐑒𐑩𐑯𐑱𐑛𐑦𐑩𐑯	kəˈneɪdiən	𐑒𐑩𐑯𐑱𐑛𐑾𐑯	kəˈneɪdɪən	high	
canadians	𐑒𐑩𐑯𐑱𐑛𐑦𐑩𐑯𐑟	kəˈneɪdiənz	𐑒𐑩𐑯𐑱𐑛𐑾𐑯𐑟	kəˈneɪdɪənz	high	
canard	𐑒𐑩𐑯𐑸𐑛	kəˈnɑːRd	𐑒𐑨𐑯𐑸𐑛	kæˈnɑːRd	high	
canards	𐑒𐑩𐑯𐑸𐑛𐑟	kəˈnɑːRdz	𐑒𐑨𐑯𐑸𐑛𐑟	kæˈnɑːRdz	high	
canberra	𐑒𐑨𐑯𐑚𐑧𐑮𐑩	ˈkænˌberə	𐑒𐑨𐑯𐑚𐑼𐑩	ˈkænbərə	medium	r_gap:spelling=2,ipa=1
candelabrum	𐑒𐑨𐑯𐑛𐑦𐑤𐑭𐑚𐑮𐑩𐑥	kændɪlɑːbrəm	𐑒𐑨𐑯𐑛𐑩𐑤𐑭𐑚𐑮𐑩𐑥	ˌkændəˈlɑːbrəm	high	
candelabrum	𐑒𐑨𐑯𐑛𐑩𐑤𐑨𐑚𐑮𐑩𐑥	ˌkændəlˈæbrəm	𐑒𐑨𐑯𐑛𐑩𐑤𐑭𐑚𐑮𐑩𐑥	ˌkændəˈlɑːbrəm	high	
candelabrum	𐑒𐑨𐑯𐑛𐑩𐑤𐑪𐑚𐑮𐑩𐑥	ˌkændəlˈɒbrəm	𐑒𐑨𐑯𐑛𐑩𐑤𐑭𐑚𐑮𐑩𐑥	ˌkændəˈlɑːbrəm	high	
candidate	𐑒𐑨𐑯𐑛𐑦𐑛𐑦𐑑	ˈkændɪdɪt	𐑒𐑨𐑯𐑛𐑦𐑛𐑩𐑑	ˈkændɪdət	high	
candidate	𐑒𐑨𐑯𐑛𐑦𐑛𐑱𐑑	ˈkændɪdeɪt	𐑒𐑨𐑯𐑛𐑦𐑛𐑩𐑑	ˈkændɪdət	high	
candidate	𐑒𐑨𐑯𐑦𐑛𐑦𐑑	ˈkænɪdɪt	𐑒𐑨𐑯𐑛𐑦𐑛𐑩𐑑	ˈkændɪdət	high	
candidate	𐑒𐑨𐑯𐑦𐑛𐑱𐑑	ˈkænɪdeɪt	𐑒𐑨𐑯𐑛𐑦𐑛𐑩𐑑	ˈkændɪdət	high	
candied	𐑒𐑨𐑯𐑛𐑰𐑛	ˈkændiːd	𐑒𐑨𐑯𐑛𐑦𐑛	ˈkændid	high	
canine	𐑒𐑨𐑯𐑲𐑯	ˈkænaɪn	𐑒𐑱𐑯𐑲𐑯	ˈkeɪnaɪn	high	
canine	𐑒𐑩𐑯𐑲𐑯	kəˈnaɪn	𐑒𐑱𐑯𐑲𐑯	ˈkeɪnaɪn	high	
cannibalistic	𐑒𐑨𐑯𐑩𐑚𐑩𐑤𐑦𐑕𐑑𐑦𐑒	kænəbəˈlɪstɪk	𐑒𐑨𐑯𐑦𐑚𐑩𐑤𐑦𐑕𐑑𐑦𐑒	ˌkænɪbəˈlɪstɪk	high	
cannibalize	𐑒𐑺𐑯𐑦𐑚𐑩𐑤𐑲𐑟	ˈkeənɪbəlaɪz	𐑒𐑨𐑯𐑦𐑚𐑩𐑤𐑲𐑟	ˈkænɪbəlaɪz	high	
cannot	𐑒𐑧𐑯𐑯𐑪𐑑	ˈkennɒt	𐑒𐑨𐑯𐑪𐑑	ˈkænɒt	high	
cannot	𐑒𐑨𐑯𐑯𐑪𐑑	ˈkænnɒt	𐑒𐑨𐑯𐑪𐑑	ˈkænɒt	high	
cannot	𐑒𐑩𐑯𐑯𐑪𐑑	kənˈnɒt	𐑒𐑨𐑯𐑪𐑑	ˈkænɒt	high	
canonical	𐑒𐑩𐑯𐑪𐑯𐑦𐑒𐑤	kəˈnɒnɪkl	𐑒𐑩𐑯𐑪𐑯𐑦𐑒𐑩𐑤	kəˈnɒnɪkəl	high	
cantaloupe	𐑒𐑨𐑯𐑑𐑩𐑤𐑴𐑐	ˈkæntəloʊp	𐑒𐑨𐑯𐑑𐑩𐑤𐑵𐑐	ˈkæntəluːp	high	
canteen	𐑒𐑨𐑯𐑑𐑦𐑯	kænˈtin	𐑒𐑨𐑯𐑑𐑰𐑯	kænˈtiːn	high	
canter	𐑒𐑺𐑯𐑑𐑼	ˈkeəntəR	𐑒𐑨𐑯𐑑𐑼	ˈkæntəR	high	
canterbury	𐑒𐑨𐑯𐑑𐑩𐑚𐑼𐑦	kæntəbərɪ	𐑒𐑨𐑯𐑑𐑼𐑚𐑮𐑦	ˈkæntəRbəri	medium	r_gap:spelling=2,ipa=1; shave_says:·𐑒𐑨𐑯𐑑𐑼𐑚𐑼𐑦
canterbury	𐑒𐑨𐑯𐑑𐑼𐑚𐑼𐑦	ˈkæntərbəri	𐑒𐑨𐑯𐑑𐑼𐑚𐑮𐑦	ˈkæntəRbəri	high	
cantilever	𐑒𐑨𐑯𐑑𐑦𐑤𐑦𐑝𐑼	ˈkæntɪˌlivəR	𐑒𐑨𐑯𐑑𐑦𐑤𐑰𐑝𐑼	ˈkæntɪliːvəR	high	
cantilever	𐑒𐑺𐑯𐑑𐑦𐑤𐑦𐑝𐑼	ˈkeəntɪˌlivəR	𐑒𐑨𐑯𐑑𐑦𐑤𐑰𐑝𐑼	ˈkæntɪliːvəR	high	
cantonese	𐑒𐑨𐑯𐑑𐑩𐑯𐑦𐑟	kæntəˈniz	𐑒𐑨𐑯𐑑𐑩𐑯𐑰𐑟	ˌkæntəˈniːz	high	
canvass	𐑒𐑺𐑯𐑝𐑩𐑕	ˈkeənvəs	𐑒𐑨𐑯𐑝𐑩𐑕	ˈkænvəs	high	
capability	𐑒𐑱𐑐𐑩𐑚𐑦𐑤𐑩𐑑𐑦	ˌkeɪpəˈbɪləti	𐑒𐑱𐑐𐑩𐑚𐑦𐑤𐑦𐑑𐑦	ˌkeɪpəˈbɪlɪti	high	
capillary	𐑒𐑨𐑐𐑦𐑤𐑧𐑮𐑦	ˈkæpɪˌleri	𐑒𐑩𐑐𐑦𐑤𐑼𐑦	kəˈpɪləri	high	
capillary	𐑒𐑨𐑐𐑩𐑤𐑧𐑮𐑦	ˈkæpəˌleri	𐑒𐑩𐑐𐑦𐑤𐑼𐑦	kəˈpɪləri	high	
capisce	𐑒𐑩𐑐𐑦𐑖	kəˈpiʃ	𐑒𐑩𐑐𐑰𐑖	ˈkəpiːʃ	high	
capitulate	𐑒𐑩𐑐𐑦𐑑𐑘𐑩𐑤𐑩𐑑	kəˈpɪtjələt	𐑒𐑩𐑐𐑦𐑗𐑩𐑤𐑱𐑑	kəˈpɪtʃəleɪt	high	
capitulate	𐑒𐑩𐑐𐑦𐑑𐑘𐑩𐑤𐑱𐑑	kəˈpɪtjəleɪt	𐑒𐑩𐑐𐑦𐑗𐑩𐑤𐑱𐑑	kəˈpɪtʃəleɪt	high	
capitulate	𐑒𐑩𐑐𐑦𐑗𐑘𐑩𐑤𐑩𐑑	kəˈpɪtʃjələt	𐑒𐑩𐑐𐑦𐑗𐑩𐑤𐑱𐑑	kəˈpɪtʃəleɪt	high	
capitulate	𐑒𐑩𐑐𐑦𐑗𐑘𐑩𐑤𐑱𐑑	kəˈpɪtʃjəleɪt	𐑒𐑩𐑐𐑦𐑗𐑩𐑤𐑱𐑑	kəˈpɪtʃəleɪt	high	
capitulate	𐑒𐑩𐑐𐑦𐑗𐑩𐑤𐑩𐑑	kəˈpɪtʃələt	𐑒𐑩𐑐𐑦𐑗𐑩𐑤𐑱𐑑	kəˈpɪtʃəleɪt	high	
capsule	𐑒𐑨𐑐𐑕𐑩𐑤	ˈkæpsəl	𐑒𐑨𐑐𐑕𐑿𐑤	ˈkæpsjuːl	high	
captain	𐑒𐑨𐑐𐑑𐑩𐑯	ˈkæptən	𐑒𐑨𐑐𐑑𐑦𐑯	ˈkæptɪn	high	
captivate	𐑒𐑨𐑐𐑑𐑦𐑝𐑩𐑑	ˈkæptɪvət	𐑒𐑨𐑐𐑑𐑦𐑝𐑱𐑑	ˈkæptɪveɪt	high	
captivate	𐑒𐑨𐑐𐑑𐑩𐑝𐑩𐑑	ˈkæptəˌvət	𐑒𐑨𐑐𐑑𐑦𐑝𐑱𐑑	ˈkæptɪveɪt	high	
captivate	𐑒𐑨𐑐𐑑𐑩𐑝𐑱𐑑	ˈkæptəˌveɪt	𐑒𐑨𐑐𐑑𐑦𐑝𐑱𐑑	ˈkæptɪveɪt	high	
capture	𐑒𐑨𐑐𐑖𐑼	kæpʃəR	𐑒𐑨𐑐𐑗𐑼	ˈkæptʃəR	high	
captured	𐑒𐑨𐑐𐑖𐑼𐑛	ˈkæpʃəRd	𐑒𐑨𐑐𐑗𐑼𐑛	ˈkæptʃəRd	high	
caramel	𐑒𐑨𐑮𐑩𐑥𐑧𐑤	kærəmel	𐑒𐑨𐑮𐑩𐑥𐑩𐑤	ˈkærəməl	high	
caramel	𐑒𐑸𐑥𐑩𐑤	ˈkɑːRməl	𐑒𐑨𐑮𐑩𐑥𐑩𐑤	ˈkærəməl	high	
carapace	𐑒𐑧𐑮𐑩𐑐𐑱𐑕	ˈkerəˌpeɪs	𐑒𐑨𐑮𐑩𐑐𐑱𐑕	ˈkærəpeɪs	high	
caravansary	𐑒𐑧𐑮𐑩𐑝𐑨𐑯𐑕𐑼𐑦	ˌkerəˈvænsəri	𐑒𐑨𐑮𐑩𐑝𐑨𐑯𐑕𐑼𐑦	ˌkærəˈvænsəri	high	
caravanserai	𐑒𐑧𐑮𐑩𐑝𐑨𐑯𐑕𐑼𐑲	ˌkerəˈvænsəˌraɪ	𐑒𐑨𐑮𐑩𐑝𐑨𐑯𐑕𐑼𐑲	ˌkærəˈvænsəraɪ	high	
caraway	𐑒𐑧𐑮𐑩𐑢𐑱	ˈkerəˌweɪ	𐑒𐑨𐑮𐑩𐑢𐑱	ˈkærəweɪ	high	
carbine	𐑒𐑸𐑚𐑦𐑯	ˈkɑːRbin	𐑒𐑸𐑚𐑲𐑯	ˈkɑːRbaɪn	high	
carbonate	𐑒𐑸𐑚𐑩𐑯𐑩𐑑	kɑːrbənət	𐑒𐑸𐑚𐑩𐑯𐑱𐑑	ˈkɑːRbəneɪt	high	
carbonated	𐑒𐑸𐑚𐑪𐑯𐑱𐑑𐑩𐑛	kɑːrbɒneɪtəd	𐑒𐑸𐑚𐑩𐑯𐑱𐑑𐑩𐑛	ˈkɑːRbəneɪtƏd	high	
carboy	𐑒𐑸𐑚𐑪𐑦	ˈkɑːRboɪ	𐑒𐑸𐑚𐑶	ˈkɑːRbɔɪ	high	
carcinoma	-𐑑𐑩	-tə	𐑒𐑸𐑕𐑦𐑯𐑴𐑥𐑩	ˌkɑːRsɪˈnəʊmə	medium	r_gap:spelling=1,ipa=0
carcinoma	-𐑕𐑩-	-sə-	𐑒𐑸𐑕𐑦𐑯𐑴𐑥𐑩	ˌkɑːRsɪˈnəʊmə	medium	r_gap:spelling=1,ipa=0
carcinoma	𐑒𐑸𐑕𐑦𐑯𐑴𐑥𐑩𐑑𐑩	kɑːRsɪnəʊmətə	𐑒𐑸𐑕𐑦𐑯𐑴𐑥𐑩	ˌkɑːRsɪˈnəʊmə	high	
carcinoma	𐑒𐑸𐑕𐑦𐑯𐑴𐑥𐑪𐑑𐑩	ˌkɑːRsɪnoʊˈmɒtə	𐑒𐑸𐑕𐑦𐑯𐑴𐑥𐑩	ˌkɑːRsɪˈnəʊmə	high	
carcinoma	𐑒𐑸𐑕𐑦𐑯𐑴𐑥𐑸𐑑𐑩	kɑːRsɪnəʊmɑːRtə	𐑒𐑸𐑕𐑦𐑯𐑴𐑥𐑩	ˌkɑːRsɪˈnəʊmə	high	
carcinoma	𐑒𐑸𐑕𐑯𐑴𐑥𐑩	kɑːRsnəʊmə	𐑒𐑸𐑕𐑦𐑯𐑴𐑥𐑩	ˌkɑːRsɪˈnəʊmə	high	
carcinoma	𐑒𐑸𐑕𐑯𐑴𐑥𐑩𐑑𐑩	kɑːRsnəʊmətə	𐑒𐑸𐑕𐑦𐑯𐑴𐑥𐑩	ˌkɑːRsɪˈnəʊmə	high	
carcinoma	𐑒𐑸𐑕𐑯𐑴𐑥𐑸𐑑𐑩	kɑːRsnəʊmɑːRtə	𐑒𐑸𐑕𐑦𐑯𐑴𐑥𐑩	ˌkɑːRsɪˈnəʊmə	high	
cardamom	𐑒𐑸𐑛𐑩𐑥𐑩𐑯	kɑːRdəmən	𐑒𐑸𐑛𐑩𐑥𐑩𐑥	ˈkɑːRdəməm	high	
cardamom	𐑒𐑸𐑛𐑩𐑥𐑪𐑥	ˈkɑːRdəˌmɒm	𐑒𐑸𐑛𐑩𐑥𐑩𐑥	ˈkɑːRdəməm	high	
cardboard	𐑒𐑸𐑚𐑹𐑛	ˈkɑːRˌbɔːRd	𐑒𐑸𐑛𐑚𐑹𐑛	ˈkɑːRdbɔːRd	high	
cardinal	𐑒𐑸𐑛𐑯𐑩𐑤	kɑːRdnəl	𐑒𐑸𐑛𐑦𐑯𐑩𐑤	ˈkɑːRdɪnəl	high	
cared	𐑒𐑧𐑮𐑛	kerd	𐑒𐑺𐑛	keəRd	high	
career	𐑒𐑼𐑦𐑮	kəˈrɪr	𐑒𐑼𐑽	kəˈrɪəR	high	
carefree	𐑒𐑧𐑮𐑓𐑮𐑦	ˈkerfri	𐑒𐑺𐑓𐑮𐑰	ˈkeəRfriː	high	
careful	𐑒𐑧𐑮𐑓𐑤	ˈkerfl	𐑒𐑺𐑓𐑩𐑤	ˈkeəRfəl	high	
careful	𐑒𐑧𐑮𐑓𐑩𐑤	ˈkerfəl	𐑒𐑺𐑓𐑩𐑤	ˈkeəRfəl	high	
careful	𐑒𐑻𐑓𐑤	kɜːRfl	𐑒𐑺𐑓𐑩𐑤	ˈkeəRfəl	high	
careful	𐑒𐑻𐑓𐑩𐑤	kɜːRfəl	𐑒𐑺𐑓𐑩𐑤	ˈkeəRfəl	high	
carefully	𐑒𐑧𐑮𐑓𐑩𐑤𐑦	ˈkerfəli	𐑒𐑺𐑓𐑩𐑤𐑦	ˈkeəRfəli	high	
carefully	𐑒𐑻𐑓𐑩𐑤𐑦	kɜːRfəli	𐑒𐑺𐑓𐑩𐑤𐑦	ˈkeəRfəli	high	
caregiver	𐑒𐑧𐑮𐑜𐑦𐑝𐑼	ˈkerɡɪvəR	𐑒𐑺𐑜𐑦𐑝𐑼	ˈkeəRˌɡɪvəR	high	
caregiver	𐑒𐑻𐑜𐑦𐑝𐑼	kɜːRɡɪvəR	𐑒𐑺𐑜𐑦𐑝𐑼	ˈkeəRˌɡɪvəR	high	
careless	𐑒𐑧𐑮𐑤𐑩𐑕	kerləs	𐑒𐑺𐑤𐑩𐑕	ˈkeəRləs	high	
careless	𐑒𐑺𐑤𐑦𐑕	keəRlɪs	𐑒𐑺𐑤𐑩𐑕	ˈkeəRləs	high	
carelessly	𐑒𐑧𐑮𐑤𐑩𐑕𐑤𐑦	ˈkerləsli	𐑒𐑺𐑤𐑩𐑕𐑤𐑦	ˈkeəRləsli	high	
carelessness	𐑒𐑧𐑮𐑤𐑩𐑕𐑯𐑩𐑕	ˈkerləsnəs	𐑒𐑺𐑤𐑩𐑕𐑯𐑩𐑕	ˈkeəRləsnəs	high	
carer	𐑒𐑧𐑮𐑼	ˈkerəR	𐑒𐑺𐑼	ˈkeərəR	high	
cares	𐑒𐑧𐑮𐑟	kerz	𐑒𐑺𐑟	keəRz	high	
caret	𐑒𐑧𐑮𐑦𐑑	ˈkerɪt	𐑒𐑨𐑮𐑧𐑑	ˈkæret	high	
caret	𐑒𐑧𐑮𐑩𐑑	ˈkerət	𐑒𐑨𐑮𐑧𐑑	ˈkæret	high	
caret	𐑒𐑨𐑮𐑦𐑑	kærɪt	𐑒𐑨𐑮𐑧𐑑	ˈkæret	high	
caret	𐑒𐑨𐑮𐑩𐑑	kærət	𐑒𐑨𐑮𐑧𐑑	ˈkæret	high	
caretaker	𐑒𐑧𐑮𐑑𐑱𐑒𐑼	ˈkerˌteɪkəR	𐑒𐑺𐑑𐑱𐑒𐑼	ˈkeəRteɪkəR	high	
careworn	𐑒𐑻𐑢𐑹𐑯	kɜːRwɔːRn	𐑒𐑺𐑢𐑹𐑯	ˈkeəRwɔːRn	high	
caribbean	𐑒𐑨𐑮𐑦𐑚𐑰𐑩𐑯	kærɪbiːən	𐑒𐑨𐑮𐑦𐑚𐑾𐑯	kærɪˈbiən	high	
caribbean	𐑒𐑼𐑦𐑚𐑦𐑩𐑯	kəˈrɪbiən	𐑒𐑨𐑮𐑦𐑚𐑾𐑯	kærɪˈbiən	high	
caribou	𐑒𐑨𐑮𐑩𐑚𐑫	ˈkærəbu	𐑒𐑨𐑮𐑦𐑚𐑵	ˈkærɪbuː	high	
caricature	𐑒𐑧𐑮𐑦𐑒𐑩𐑗𐑫𐑼	ˈkerɪkətʃʊəR	𐑒𐑨𐑮𐑦𐑒𐑩𐑗𐑫𐑼	ˈkærɪkətʃʊəR	high	
caricature	𐑒𐑧𐑮𐑦𐑒𐑩𐑗𐑼	ˈkerɪkətʃəR	𐑒𐑨𐑮𐑦𐑒𐑩𐑗𐑫𐑼	ˈkærɪkətʃʊəR	high	
caricature	𐑒𐑼𐑦𐑒𐑩𐑗𐑫𐑼	kəˈrɪkətʃʊəR	𐑒𐑨𐑮𐑦𐑒𐑩𐑗𐑫𐑼	ˈkærɪkətʃʊəR	high	
caricature	𐑒𐑼𐑦𐑒𐑩𐑗𐑼	kəˈrɪkətʃəR	𐑒𐑨𐑮𐑦𐑒𐑩𐑗𐑫𐑼	ˈkærɪkətʃʊəR	high	
caries	𐑒𐑧𐑮𐑦𐑟	ˈkeriz	𐑒𐑺𐑦𐑟	ˈkeəriz	high	
caries	𐑒𐑺𐑰𐑟	keəriːz	𐑒𐑺𐑦𐑟	ˈkeəriz	high	
carillon	𐑒𐑧𐑮𐑦𐑤𐑪𐑯	ˈkerɪˌlɒn	𐑒𐑼𐑦𐑤𐑘𐑩𐑯	kəˈrɪljən	high	
caring	𐑒𐑧𐑮𐑦𐑙	ˈkerɪŋ	𐑒𐑺𐑦𐑙	ˈkeərɪŋ	high	
carious	𐑒𐑨𐑮𐑦𐑩𐑕	ˈkæriəs	𐑒𐑺𐑾𐑕	ˈkeərɪəs	high	
carious	𐑒𐑺𐑦𐑩𐑕	keəriəs	𐑒𐑺𐑾𐑕	ˈkeərɪəs	high	
carl	𐑒𐑸𐑩𐑤	kɑːRəl	𐑒𐑸𐑤	kɑːRl	high	
carlsbad	𐑒𐑸𐑩𐑤𐑟𐑚𐑨𐑛	ˈkɑːRəlzbæd	𐑒𐑸𐑤𐑟𐑚𐑨𐑛	ˈkɑːRlzbæd	high	
carnegie	𐑒𐑸𐑯𐑦𐑜𐑦	kɑːRnɪɡi	𐑒𐑸𐑯𐑰𐑜𐑦	kɑːRˈniːɡi	high	
carnegie	𐑒𐑸𐑯𐑧𐑜𐑦	kɑːRˈneɡi	𐑒𐑸𐑯𐑰𐑜𐑦	kɑːRˈniːɡi	high	
carnegie	𐑒𐑸𐑯𐑩𐑜𐑦	ˈkɑːRnəɡi	𐑒𐑸𐑯𐑰𐑜𐑦	kɑːRˈniːɡi	high	
carnegie	𐑒𐑸𐑯𐑱𐑜𐑦	kɑːRˈneɪɡi	𐑒𐑸𐑯𐑰𐑜𐑦	kɑːRˈniːɡi	high	
carnelian	𐑒𐑸𐑯𐑦𐑤𐑘𐑩𐑯	kɑːRˈniljən	𐑒𐑸𐑯𐑰𐑤𐑾𐑯	kɑːRˈniːlɪən	high	
carnivore	𐑒𐑸𐑯𐑦𐑝𐑪𐑮	ˈkɑːRnɪvor	𐑒𐑸𐑯𐑦𐑝𐑹	ˈkɑːRnɪvɔːR	high	
carol	𐑒𐑧𐑮𐑩𐑤	ˈkerəl	𐑒𐑨𐑮𐑩𐑤	ˈkærəl	high	
carolina	𐑒𐑧𐑮𐑩𐑤𐑲𐑯𐑩	ˌkerəˈlaɪnə	𐑒𐑨𐑮𐑩𐑤𐑲𐑯𐑩	ˌkærəˈlaɪnə	high	
caroline	𐑒𐑧𐑮𐑩𐑤𐑲𐑯	ˈkerəˌlaɪn	𐑒𐑨𐑮𐑩𐑤𐑲𐑯	ˈkærəlaɪn	high	
caroline	𐑒𐑨𐑮𐑩𐑤𐑦𐑯	kærəlɪn	𐑒𐑨𐑮𐑩𐑤𐑲𐑯	ˈkærəlaɪn	high	
carolyn	𐑒𐑧𐑮𐑩𐑤𐑦𐑯	ˈkerəlɪn	𐑒𐑨𐑮𐑩𐑤𐑦𐑯	ˈkærəlɪn	high	
carousel	𐑒𐑨𐑮𐑩𐑟𐑧𐑤	ˌkærəˈzel	𐑒𐑨𐑮𐑩𐑕𐑧𐑤	ˌkærəˈsel	high	
carpenter	𐑒𐑸𐑐𐑩𐑯𐑛𐑼	ˈkɑːRpəndəR	𐑒𐑸𐑐𐑩𐑯𐑑𐑼	ˈkɑːRpəntəR	high	
carpentry	𐑒𐑸𐑐𐑦𐑯𐑑𐑮𐑦	kɑːRpɪntri	𐑒𐑸𐑐𐑩𐑯𐑑𐑮𐑦	ˈkɑːRpəntri	high	
carpet	𐑒𐑸𐑐𐑦𐑑	kɑːrpɪt	𐑒𐑸𐑐𐑩𐑑	ˈkɑːRpIt	high	
carpetbagger	𐑒𐑸𐑐𐑦𐑑𐑚𐑨𐑜𐑼	ˈkɑːRpɪtˌbæɡəR	𐑒𐑸𐑐𐑩𐑑𐑚𐑨𐑜𐑼	ˈkɑːRpItbæɡəR	high	
carriage	𐑒𐑧𐑮𐑦𐑡	ˈkerɪdʒ	𐑒𐑨𐑮𐑦𐑡	ˈkærɪdʒ	medium	r_gap:spelling=2,ipa=1
carriage	𐑒𐑨𐑮 𐑦𐑡	kær ɪdʒ	𐑒𐑨𐑮𐑦𐑡	ˈkærɪdʒ	medium	r_gap:spelling=2,ipa=1; shave_says:𐑒𐑨𐑮𐑦𐑡
carriages	𐑒𐑧𐑮𐑦𐑡𐑩𐑟	ˈkerɪdʒƏz	𐑒𐑨𐑮𐑦𐑡𐑩𐑟	ˈkærɪdʒƏz	medium	r_gap:spelling=2,ipa=1
carried	𐑒𐑧𐑮𐑦𐑛	ˈkerid	𐑒𐑨𐑮𐑦𐑛	ˈkærid	medium	r_gap:spelling=2,ipa=1
carrier	𐑒𐑧𐑮-	ˈker-	𐑒𐑨𐑮𐑦𐑼	ˈkærɪəR	medium	r_gap:spelling=3,ipa=1
carrier	𐑒𐑨𐑮𐑽	kærɪəR	𐑒𐑨𐑮𐑦𐑼	ˈkærɪəR	high	r_gap:spelling=3,ipa=2; shave_agrees
carries	𐑒𐑨𐑮𐑩𐑟	kærƏz	𐑒𐑨𐑮𐑦𐑟	ˈkæriz	medium	r_gap:spelling=2,ipa=1; shave_says:𐑒𐑨𐑮𐑦𐑟
carrion	𐑒𐑧𐑮𐑦𐑩𐑯	ˈkeriən	𐑒𐑨𐑮𐑾𐑯	ˈkærɪən	medium	r_gap:spelling=2,ipa=1
carrion	𐑒𐑨𐑮𐑩𐑯	ˈkærən	𐑒𐑨𐑮𐑾𐑯	ˈkærɪən	medium	r_gap:spelling=2,ipa=1
carrot	𐑒𐑧𐑮𐑩𐑑	ˈkerət	𐑒𐑨𐑮𐑩𐑑	ˈkærət	medium	r_gap:spelling=2,ipa=1
carrying	𐑒𐑧𐑮𐑦𐑦𐑙	ˈkeriɪŋ	𐑒𐑨𐑮𐑦𐑦𐑙	ˈkæriɪŋ	medium	r_gap:spelling=2,ipa=1
cartagena	𐑒𐑸𐑑𐑩𐑣𐑱𐑯𐑩	kɑːRtəˈheɪnə	𐑒𐑸𐑑𐑩𐑣𐑧𐑯𐑩	ˌkɑːRtəˈhenə	high	
carte blanche	𐑒𐑸𐑑 𐑚𐑤𐑪𐑯𐑗	ˈkɑːRt ˈblɒntʃ	𐑒𐑸𐑑 𐑚𐑤𐑭𐑯𐑖	ˌkɑːRt ˈblɑːnʃ	high	
cartilage	𐑒𐑸𐑑𐑤𐑦𐑡	kɑːRtlɪdʒ	𐑒𐑸𐑑𐑩𐑤𐑦𐑡	ˈkɑːRtəlɪdʒ	high	
cartilage	𐑒𐑸𐑑𐑦𐑤𐑦𐑡	kɑːRtɪlɪdʒ	𐑒𐑸𐑑𐑩𐑤𐑦𐑡	ˈkɑːRtəlɪdʒ	high	
cartilaginous	𐑒𐑸𐑑𐑦𐑤𐑨𐑡𐑦𐑯𐑩𐑕	kɑːRtɪladʒɪnəs	𐑒𐑸𐑑𐑩𐑤𐑨𐑡𐑦𐑯𐑩𐑕	ˌkɑːRtəˈlædʒɪnəs	high	
cartilaginous	𐑒𐑸𐑑𐑩𐑤𐑨𐑡𐑩𐑯𐑩𐑕	ˌkɑːRtəˈlædʒənəs	𐑒𐑸𐑑𐑩𐑤𐑨𐑡𐑦𐑯𐑩𐑕	ˌkɑːRtəˈlædʒɪnəs	high	
cartoon	𐑒𐑸𐑑𐑫𐑯	kɑːRˈtun	𐑒𐑸𐑑𐑵𐑯	kɑːRˈtuːn	high	
cartwheel	𐑒𐑸𐑑𐑢𐑦𐑤	ˈkɑːRtˌwil	𐑒𐑸𐑑𐑢𐑰𐑤	ˈkɑːRtʍiːl	high	
casein	𐑒𐑱𐑕𐑦𐑦𐑯	ˈkeɪsiɪn	𐑒𐑱𐑕𐑰𐑯	ˈkeɪsiːn	high	
casein	𐑒𐑱𐑕𐑦𐑯	ˈkeɪsin	𐑒𐑱𐑕𐑰𐑯	ˈkeɪsiːn	high	
casein	𐑒𐑱𐑕𐑰𐑦𐑯	ˈkeɪsiːɪn	𐑒𐑱𐑕𐑰𐑯	ˈkeɪsiːn	high	
cashier	𐑒𐑩𐑖𐑽	kəʃɪəR	𐑒𐑨𐑖𐑽	kæˈʃɪəR	high	
cashmere	𐑒𐑨𐑖𐑥𐑦𐑮	ˈkæʃmir	𐑒𐑨𐑖𐑥𐑽	kæʃˈmɪəR	high	
cashmere	𐑒𐑨𐑠𐑥𐑦𐑮	kæʒˈmir	𐑒𐑨𐑖𐑥𐑽	kæʃˈmɪəR	high	
casino	𐑒𐑨𐑕𐑦𐑯𐑴	kæˈsinoʊ	𐑒𐑩𐑕𐑰𐑯𐑴	kəˈsiːnəʊ	high	
casino	𐑒𐑩𐑕𐑦𐑯𐑴	kəˈsinoʊ	𐑒𐑩𐑕𐑰𐑯𐑴	kəˈsiːnəʊ	high	
casket	𐑒𐑨𐑕𐑒𐑦𐑑	ˈkæskɪt	𐑒𐑨𐑕𐑒𐑩𐑑, 𐑒𐑭𐑕𐑒𐑩𐑑	ˈkⱭːskIt	high	
casket	𐑒𐑭𐑕𐑒𐑦𐑑	ˈkɑːskɪt	𐑒𐑨𐑕𐑒𐑩𐑑, 𐑒𐑭𐑕𐑒𐑩𐑑	ˈkⱭːskIt	high	
cassava	𐑒𐑩𐑕𐑪𐑝𐑩	kəˈsɒvə	𐑒𐑩𐑕𐑭𐑝𐑩	kəˈsɑːvə	high	
cassidy	𐑒𐑨𐑕𐑩𐑛𐑦	ˈkæsədi	𐑒𐑨𐑕𐑦𐑛𐑦	ˈkæsɪdi	high	
cassowary	𐑒𐑨𐑕𐑩𐑢𐑧𐑮𐑦	ˈkæsəˌweri	𐑒𐑨𐑕𐑩𐑢𐑺𐑦	ˈkæsəweəri	high	
castleford	𐑒𐑨𐑕𐑩𐑤𐑓𐑹𐑛	ˈkæsəlˌfɔːRd	𐑒𐑨𐑕𐑩𐑤𐑓𐑼𐑛, 𐑒𐑭𐑕𐑩𐑤𐑓𐑼𐑛	ˈkⱭːsəlfəRd	high	
castleford	𐑒𐑸𐑕𐑩𐑤𐑓𐑼𐑛	kɑːRsəlfəRd	𐑒𐑨𐑕𐑩𐑤𐑓𐑼𐑛, 𐑒𐑭𐑕𐑩𐑤𐑓𐑼𐑛	ˈkⱭːsəlfəRd	high	
castling	𐑒𐑨𐑕𐑑𐑤𐑦𐑙	ˈkæstlɪŋ	𐑒𐑨𐑕𐑤𐑦𐑙, 𐑒𐑭𐑕𐑤𐑦𐑙	ˈkⱭːslɪŋ	high	
castling	𐑒𐑨𐑕𐑩𐑤𐑦𐑙	ˈkæsəlɪŋ	𐑒𐑨𐑕𐑤𐑦𐑙, 𐑒𐑭𐑕𐑤𐑦𐑙	ˈkⱭːslɪŋ	high	
castling	𐑒𐑭𐑕𐑑𐑤𐑦𐑙	ˈkɑːstlɪŋ	𐑒𐑨𐑕𐑤𐑦𐑙, 𐑒𐑭𐑕𐑤𐑦𐑙	ˈkⱭːslɪŋ	high	
castling	𐑒𐑭𐑕𐑩𐑤𐑦𐑙	ˈkɑːsəlɪŋ	𐑒𐑨𐑕𐑤𐑦𐑙, 𐑒𐑭𐑕𐑤𐑦𐑙	ˈkⱭːslɪŋ	high	
castor	𐑒𐑸𐑕𐑑𐑼	kɑːRstəR	𐑒𐑨𐑕𐑑𐑼, 𐑒𐑭𐑕𐑑𐑼	ˈkⱭːstəR	high	
castor oil	𐑒𐑸𐑕𐑑𐑩 𐑶𐑤	kɑːRstə ɔɪl	𐑒𐑨𐑕𐑑𐑼 𐑶𐑤, 𐑒𐑭𐑕𐑑𐑼 𐑶𐑤	ˌkⱭːstər ˈɔɪl	high	
casual	𐑒𐑨𐑟𐑿𐑩𐑤	ˈkazjuːəl	𐑒𐑨𐑠𐑫𐑩𐑤	ˈkæʒuəl	high	
casual	𐑒𐑨𐑠𐑢𐑩𐑤	ˈkæʒwəl	𐑒𐑨𐑠𐑫𐑩𐑤	ˈkæʒuəl	high	
casual	𐑒𐑨𐑠𐑵𐑩𐑤	ˈkaʒuːəl	𐑒𐑨𐑠𐑫𐑩𐑤	ˈkæʒuəl	high	
casual	𐑒𐑨𐑠𐑿𐑩𐑤	ˈkaʒjuːəl	𐑒𐑨𐑠𐑫𐑩𐑤	ˈkæʒuəl	high	
casually	𐑒𐑨𐑟𐑘𐑫𐑩𐑤𐑦	ˈkæzjuəli	𐑒𐑨𐑠𐑫𐑩𐑤𐑦	ˈkæʒuəli	high	
casually	𐑒𐑨𐑠𐑘𐑩𐑩𐑤𐑦	ˈkæʒjəəli	𐑒𐑨𐑠𐑫𐑩𐑤𐑦	ˈkæʒuəli	high	
casually	𐑒𐑨𐑠𐑢𐑩𐑤𐑦	ˈkæʒwəli	𐑒𐑨𐑠𐑫𐑩𐑤𐑦	ˈkæʒuəli	high	
casualty	𐑒𐑨𐑠𐑩𐑤𐑑𐑦	ˈkaʒəlti	𐑒𐑨𐑠𐑫𐑩𐑤𐑑𐑦	ˈkæʒuəlti	high	
casualty	𐑒𐑨𐑠𐑫𐑤𐑑𐑦	ˈkaʒʊlti	𐑒𐑨𐑠𐑫𐑩𐑤𐑑𐑦	ˈkæʒuəlti	high	
casualty	𐑒𐑨𐑠𐑫𐑼𐑤𐑑𐑦	ˈkaʒʊəlti	𐑒𐑨𐑠𐑫𐑩𐑤𐑑𐑦	ˈkæʒuəlti	medium	ml_disagrees:𐑒𐑨𐑠𐑫𐑩𐑤𐑑𐑦; shave_says:𐑒𐑨𐑠𐑵𐑩𐑤𐑑𐑦
casuistry	𐑒𐑨𐑟𐑿𐑦𐑕𐑑𐑮𐑦	kæzjuːɪstri	𐑒𐑨𐑠𐑫𐑦𐑕𐑑𐑮𐑦	ˈkæʒuɪstri	high	
casuistry	𐑒𐑨𐑠𐑵𐑦𐑕𐑑𐑮𐑦	kæʒuːɪstri	𐑒𐑨𐑠𐑫𐑦𐑕𐑑𐑮𐑦	ˈkæʒuɪstri	high	
casuistry	𐑒𐑨𐑠𐑵𐑩𐑕𐑑𐑮𐑦	ˈkæʒuːəstri	𐑒𐑨𐑠𐑫𐑦𐑕𐑑𐑮𐑦	ˈkæʒuɪstri	high	
casuistry	𐑒𐑨𐑠𐑿𐑦𐑕𐑑𐑮𐑦	kæʒjuːɪstri	𐑒𐑨𐑠𐑫𐑦𐑕𐑑𐑮𐑦	ˈkæʒuɪstri	high	
catacomb	𐑒𐑨𐑑𐑩𐑒𐑫𐑥	ˈkætəkum	𐑒𐑨𐑑𐑩𐑒𐑵𐑥	ˈkætəkuːm	high	
catacomb	𐑒𐑨𐑑𐑩𐑒𐑴𐑥	ˈkætəkəʊm	𐑒𐑨𐑑𐑩𐑒𐑵𐑥	ˈkætəkuːm	high	
catalogue	𐑒𐑨𐑑𐑩𐑤𐑷𐑜	ˈkætəˌlɔːɡ	𐑒𐑨𐑑𐑩𐑤𐑪𐑜	ˈkætəlɒɡ	high	
catalpa	𐑒𐑩𐑑𐑷𐑤𐑐𐑩	kəˈtɔːlpə	𐑒𐑩𐑑𐑨𐑤𐑐𐑩	kəˈtælpə	high	
catalyst	𐑒𐑨𐑑𐑦𐑤𐑦𐑕𐑑	ˈkætɪlɪst	𐑒𐑨𐑑𐑩𐑤𐑦𐑕𐑑	ˈkætəlɪst	high	
catch	𐑒𐑧𐑗	ketʃ	𐑒𐑨𐑗	kætʃ	high	
catcher	𐑒𐑧𐑗-	ˈketʃ-	𐑒𐑨𐑗𐑼	ˈkætʃəR	medium	r_gap:spelling=1,ipa=0
catchment	𐑒𐑧𐑗𐑥𐑩𐑯𐑑	ˈketʃmənt	𐑒𐑨𐑗𐑥𐑩𐑯𐑑	ˈkætʃmənt	high	
catchword	𐑒𐑨𐑗𐑢𐑼𐑛	ˈkætʃwəRd	𐑒𐑨𐑗𐑢𐑻𐑛	ˈkætʃwɜːRd	high	
catechize	𐑒𐑨𐑑𐑦𐑒𐑲𐑟	ˈkætɪkaɪz	𐑒𐑨𐑑𐑩𐑒𐑲𐑟	ˈkætəkaɪz	high	
categorical	𐑒𐑨𐑑𐑩𐑜𐑹𐑦𐑒𐑩𐑤	ˌkætəˈɡɔːRɪkəl	𐑒𐑨𐑑𐑩𐑜𐑪𐑮𐑦𐑒𐑩𐑤	ˌkætəˈɡɒrɪkəl	high	
categorically	𐑒𐑨𐑑𐑩𐑜𐑪𐑮𐑦𐑒𐑩𐑤𐑦	kætəɡɒrɪkəli	𐑒𐑨𐑑𐑩𐑜𐑪𐑮𐑦𐑒𐑤𐑦	ˌkætəˈɡɒrɪkli	high	
categories	𐑒𐑨𐑑𐑦𐑜𐑹𐑦𐑟	ˈkætɪˌɡɔːRiz	𐑒𐑨𐑑𐑩𐑜𐑼𐑦𐑟	ˈkætəɡəriz	high	
categories	𐑒𐑨𐑑𐑦𐑜𐑼𐑦𐑟	kætɪɡəriz	𐑒𐑨𐑑𐑩𐑜𐑼𐑦𐑟	ˈkætəɡəriz	high	
categories	𐑒𐑨𐑑𐑩𐑜𐑹𐑦𐑟	ˈkætəˌɡɔːRiz	𐑒𐑨𐑑𐑩𐑜𐑼𐑦𐑟	ˈkætəɡəriz	high	
categorization	𐑒𐑨𐑑𐑩𐑜𐑼𐑩𐑟𐑱𐑖𐑩𐑯	ˌkætəɡəRəˈzeɪʃən	𐑒𐑨𐑑𐑩𐑜𐑼𐑲𐑟𐑱𐑖𐑩𐑯	kætəɡəraɪˈzeɪʃən	high	
categorize	𐑒𐑨𐑑𐑦𐑜𐑼𐑲𐑟	kætɪɡəraɪz	𐑒𐑨𐑑𐑩𐑜𐑼𐑲𐑟	ˈkætəɡəraɪz	high	
categorize	𐑒𐑨𐑑𐑩𐑜𐑹𐑲𐑟	ˈkætəɡɔːˌraɪz	𐑒𐑨𐑑𐑩𐑜𐑼𐑲𐑟	ˈkætəɡəraɪz	high	
category	-𐑜𐑮𐑦	-ɡri	𐑒𐑨𐑑𐑩𐑜𐑼𐑦	ˈkætəɡəri	high	
category	𐑒𐑨𐑑𐑦𐑜𐑹𐑦	ˈkætɪˌɡɔːRi	𐑒𐑨𐑑𐑩𐑜𐑼𐑦	ˈkætəɡəri	high	
category	𐑒𐑨𐑑𐑦𐑜𐑼𐑦	kætɪɡəri	𐑒𐑨𐑑𐑩𐑜𐑼𐑦	ˈkætəɡəri	high	
category	𐑒𐑨𐑑𐑩𐑜𐑹𐑦	ˈkætəˌɡɔːRi	𐑒𐑨𐑑𐑩𐑜𐑼𐑦	ˈkætəɡəri	high	
cater	𐑒𐑨𐑑𐑼	katəR	𐑒𐑱𐑑𐑼	ˈkeɪtəR	high	
caterpillar	𐑒𐑨𐑑𐑩𐑐𐑦𐑤𐑼	kætəpɪləR	𐑒𐑨𐑑𐑼𐑐𐑦𐑤𐑼	ˈkætəRpɪləR	medium	r_gap:spelling=2,ipa=1; shave_says:𐑒𐑨𐑑𐑼𐑐𐑦𐑤𐑼
caterwaul	𐑒𐑨𐑑𐑩𐑢𐑷𐑤	kætəwɔːl	𐑒𐑨𐑑𐑼𐑢𐑷𐑤	ˈkætəRwɔːl	medium	r_gap:spelling=1,ipa=0; shave_says:𐑒𐑨𐑑𐑼𐑢𐑷𐑤
caterwauling	-𐑑𐑼-	-təR-	𐑒𐑨𐑑𐑼𐑢𐑷𐑤𐑦𐑙	ˈkætəRwɔːlɪŋ	high	
caterwauling	-𐑢𐑪-	-ˌwɒ-	𐑒𐑨𐑑𐑼𐑢𐑷𐑤𐑦𐑙	ˈkætəRwɔːlɪŋ	medium	r_gap:spelling=1,ipa=0
caterwauling	𐑒𐑨𐑑𐑩𐑢𐑷𐑤𐑦𐑙	kætəwɔːlɪŋ	𐑒𐑨𐑑𐑼𐑢𐑷𐑤𐑦𐑙	ˈkætəRwɔːlɪŋ	medium	r_gap:spelling=1,ipa=0; shave_says:𐑒𐑨𐑑𐑼𐑢𐑷𐑤𐑦𐑙
catholic	𐑒𐑭𐑔𐑩𐑤𐑦𐑒	ˈkɑːθəlɪk	𐑒𐑨𐑔𐑩𐑤𐑦𐑒	ˈkæθəlɪk	high	
caucasian	-𐑖𐑩𐑯	-ʃən	𐑒𐑷𐑒𐑱𐑠𐑩𐑯	kɔːˈkeɪʒən	high	
caucasian	𐑒𐑷𐑒𐑱𐑟𐑾𐑯	kɔːˈkeɪzɪən	𐑒𐑷𐑒𐑱𐑠𐑩𐑯	kɔːˈkeɪʒən	high	
cauliflower	𐑒𐑷𐑤𐑦𐑓𐑤𐑬𐑼	ˈkɔːlɪˌflaʊəR	𐑒𐑪𐑤𐑦𐑓𐑤𐑬𐑼	ˈkɒlɪflaʊəR	high	
cautionary	𐑒𐑷𐑖𐑩𐑯𐑧𐑮𐑦	ˈkɔːʃəˌneri	𐑒𐑷𐑖𐑩𐑯𐑮𐑦	ˈkɔːʃənri	high	
cautionary	𐑒𐑹𐑖𐑩𐑯𐑮𐑦	kɔːRʃənri	𐑒𐑷𐑖𐑩𐑯𐑮𐑦	ˈkɔːʃənri	high	
cautionary	𐑒𐑹𐑖𐑩𐑯𐑼𐑦	kɔːRʃənəri	𐑒𐑷𐑖𐑩𐑯𐑮𐑦	ˈkɔːʃənri	high	
cavalier	𐑒𐑨𐑝𐑩𐑤𐑦𐑮	ˈkævəˌlir	𐑒𐑨𐑝𐑩𐑤𐑽	ˌkævəˈlɪəR	high	
cavalierly	𐑒𐑨𐑝𐑩𐑤𐑰𐑼𐑤𐑦	kævəˈliːəRli	𐑒𐑨𐑝𐑩𐑤𐑽𐑤𐑦	ˌkævəˈlɪəRli	high	
caveat	-𐑨𐑑	-æt	𐑒𐑨𐑝𐑦𐑨𐑑	ˈkævɪæt	high	
caveat	𐑒𐑨𐑝𐑦𐑪𐑑	ˈkæviɒt	𐑒𐑨𐑝𐑦𐑨𐑑	ˈkævɪæt	high	
caveat	𐑒𐑪𐑝𐑦𐑪𐑑	ˈkɒviɒt	𐑒𐑨𐑝𐑦𐑨𐑑	ˈkævɪæt	high	
caveat	𐑒𐑱-	ˈkeɪ-	𐑒𐑨𐑝𐑦𐑨𐑑	ˈkævɪæt	high	
cavern	𐑒𐑨𐑝𐑮𐑩𐑯	ˈkævrən	𐑒𐑨𐑝𐑼𐑯	ˈkævəRn	high	
cavernous	𐑒𐑨𐑝𐑩𐑯𐑩𐑕	kavənəs	𐑒𐑨𐑝𐑼𐑯𐑩𐑕	ˈkævəRnəs	medium	r_gap:spelling=1,ipa=0; shave_says:𐑒𐑨𐑝𐑼𐑯𐑩𐑕
cease	𐑕𐑦𐑕	sis	𐑕𐑰𐑕	siːs	high	
cedar	𐑕𐑦𐑛𐑼	ˈsidəR	𐑕𐑰𐑛𐑼	ˈsiːdəR	high	
ceiling	𐑕𐑦𐑤𐑦𐑙	ˈsilɪŋ	𐑕𐑰𐑤𐑦𐑙	ˈsiːlɪŋ	high	
celebrate	𐑕𐑧𐑤𐑦𐑚𐑮𐑱𐑑	selɪbreɪt	𐑕𐑧𐑤𐑩𐑚𐑮𐑱𐑑	ˈseləbreɪt	high	
celebrated	𐑕𐑧𐑤𐑦𐑚𐑮𐑱𐑑𐑩𐑛	selɪbreɪtƏd	𐑕𐑧𐑤𐑩𐑚𐑮𐑱𐑑𐑩𐑛	ˈseləbreɪtƏd	high	
celebration	𐑕𐑧𐑤𐑚𐑮𐑱𐑖𐑩𐑯	ˌselˈbreɪʃən	𐑕𐑧𐑤𐑩𐑚𐑮𐑱𐑖𐑩𐑯	ˌseləˈbreɪʃən	high	
celebration	𐑕𐑧𐑤𐑦𐑚𐑮𐑱𐑖𐑩𐑯	selɪbreɪʃən	𐑕𐑧𐑤𐑩𐑚𐑮𐑱𐑖𐑩𐑯	ˌseləˈbreɪʃən	high	
celebrity	𐑕𐑦𐑤𐑧𐑚𐑮𐑦𐑑𐑦	sɪlebrɪti	𐑕𐑩𐑤𐑧𐑚𐑮𐑦𐑑𐑦	səˈlebrɪti	high	
celery	𐑕𐑧𐑤𐑮𐑦	ˈselri	𐑕𐑧𐑤𐑼𐑦	ˈseləri	high	
cello	𐑕𐑧𐑤𐑴	ˈseləʊ	𐑗𐑧𐑤𐑴	ˈtʃeləʊ	high	
cellular	𐑕𐑧𐑤𐑘𐑫𐑤𐑼	seljuləR	𐑕𐑧𐑤𐑘𐑩𐑤𐑼	ˈseljələR	high	
cellulose	𐑕𐑧𐑤𐑘𐑩𐑤𐑴𐑟	ˈseljələʊz	𐑕𐑧𐑤𐑘𐑩𐑤𐑴𐑕	ˈseljələʊs	high	
cemetery	𐑕𐑧𐑥𐑦𐑑𐑧𐑮𐑦	ˈsemɪˌteri	𐑕𐑧𐑥𐑩𐑑𐑼𐑦	ˈsemətəri	high	
cemetery	𐑕𐑧𐑥𐑦𐑑𐑮𐑦	semɪtri	𐑕𐑧𐑥𐑩𐑑𐑼𐑦	ˈsemətəri	high	
cemetery	𐑕𐑧𐑥𐑩𐑑𐑧𐑮𐑦	ˈseməˌteri	𐑕𐑧𐑥𐑩𐑑𐑼𐑦	ˈsemətəri	high	
cemetery	𐑕𐑧𐑥𐑩𐑑𐑮𐑦	semətri	𐑕𐑧𐑥𐑩𐑑𐑼𐑦	ˈsemətəri	high	
censorship	𐑕𐑧𐑯𐑕𐑩𐑖𐑦𐑐	sensəʃɪp	𐑕𐑧𐑯𐑕𐑼𐑖𐑦𐑐	ˈsensəRʃɪp	medium	r_gap:spelling=1,ipa=0; shave_says:𐑕𐑧𐑯𐑕𐑼𐑖𐑦𐑐
censure	𐑕𐑧𐑯𐑕𐑘𐑩𐑼	sensjəəR	𐑕𐑧𐑯𐑖𐑼	ˈsenʃəR	high	
censure	𐑕𐑧𐑯𐑖𐑘𐑩𐑼	senʃjəəR	𐑕𐑧𐑯𐑖𐑼	ˈsenʃəR	high	
centaur	𐑕𐑧𐑯𐑑𐑸	ˈsentɑːR	𐑕𐑧𐑯𐑑𐑹	ˈsentɔːR	high	
centenarian	𐑕𐑧𐑯𐑑𐑩𐑯𐑧𐑮𐑦𐑩𐑯	ˌsentəˈneriən	𐑕𐑧𐑯𐑑𐑩𐑯𐑺𐑾𐑯	ˌsentəˈneərɪən	high	
centenarian	𐑕𐑧𐑯𐑑𐑩𐑯𐑻𐑾𐑯	sentənɜːrɪən	𐑕𐑧𐑯𐑑𐑩𐑯𐑺𐑾𐑯	ˌsentəˈneərɪən	high	
centenarian	𐑕𐑧𐑯𐑩𐑯𐑧𐑮𐑦𐑩𐑯	ˌsenəˈneriən	𐑕𐑧𐑯𐑑𐑩𐑯𐑺𐑾𐑯	ˌsentəˈneərɪən	high	
centenary	𐑕𐑧𐑯𐑑𐑧𐑯𐑼𐑦	senˈtenəri	𐑕𐑧𐑯𐑑𐑰𐑯𐑼𐑦	senˈtiːnəri	high	
centenary	𐑕𐑧𐑯𐑑𐑩𐑯𐑧𐑮𐑦	ˈsentəˌneri	𐑕𐑧𐑯𐑑𐑰𐑯𐑼𐑦	senˈtiːnəri	high	
centenary	𐑕𐑩𐑯𐑑𐑧𐑯𐑼𐑦	səntenəri	𐑕𐑧𐑯𐑑𐑰𐑯𐑼𐑦	senˈtiːnəri	high	
centenary	𐑕𐑩𐑯𐑑𐑰𐑯𐑼𐑦	səntiːnəri	𐑕𐑧𐑯𐑑𐑰𐑯𐑼𐑦	senˈtiːnəri	high	
centipede	𐑕𐑧𐑯𐑑𐑦𐑐𐑦𐑛	ˈsentɪpid	𐑕𐑧𐑯𐑑𐑦𐑐𐑰𐑛	ˈsentɪpiːd	high	
centralization	𐑕𐑧𐑯𐑑𐑮𐑩𐑤𐑩𐑟𐑱𐑖𐑩𐑯	ˌsentrələˈzeɪʃən	𐑕𐑧𐑯𐑑𐑮𐑩𐑤𐑲𐑟𐑱𐑖𐑩𐑯	ˌsentrəlaɪˈzeɪʃən	high	
centred	𐑕𐑧𐑯𐑑𐑩𐑛	sentəd	𐑕𐑧𐑯𐑑𐑼𐑛	ˈsentəRd	medium	r_gap:spelling=1,ipa=0; shave_says:𐑕𐑧𐑯𐑑𐑼𐑛
centrifugal	𐑕𐑧𐑯𐑑𐑮𐑦𐑓𐑘𐑩𐑜𐑩𐑤	senˈtrɪfjəɡəl	𐑕𐑧𐑯𐑑𐑮𐑦𐑓𐑿𐑜𐑩𐑤	senˈtrɪfjuːɡəl	high	
centripetal	𐑕𐑧𐑯𐑑𐑮𐑦𐑐𐑰𐑑𐑩𐑤	sentrɪpiːtəl	𐑕𐑧𐑯𐑑𐑮𐑦𐑐𐑦𐑑𐑩𐑤, 𐑕𐑧𐑯𐑑𐑮𐑦𐑐𐑩𐑑𐑩𐑤	ˌsentrɪˈpɪtəl	high	
centurion	-𐑹𐑦𐑩𐑯	-ɔːriən	𐑕𐑧𐑯𐑑𐑘𐑫𐑼𐑾𐑯	senˈtjʊərɪən	high	
centurion	-𐑼𐑦𐑩𐑯	-əRiən	𐑕𐑧𐑯𐑑𐑘𐑫𐑼𐑾𐑯	senˈtjʊərɪən	high	
centurion	𐑕𐑧𐑯𐑑𐑘𐑩𐑼𐑦𐑩𐑯	sentjəəriən	𐑕𐑧𐑯𐑑𐑘𐑫𐑼𐑾𐑯	senˈtjʊərɪən	high	
centurion	𐑕𐑧𐑯𐑑𐑘𐑼𐑦𐑩𐑯	senˈtjəriən	𐑕𐑧𐑯𐑑𐑘𐑫𐑼𐑾𐑯	senˈtjʊərɪən	high	
centurion	𐑕𐑧𐑯𐑑𐑫𐑮𐑦𐑩𐑯	senˈtʊriən	𐑕𐑧𐑯𐑑𐑘𐑫𐑼𐑾𐑯	senˈtjʊərɪən	high	
centurion	𐑕𐑧𐑯𐑗𐑫𐑼𐑦𐑩𐑯	sentʃʊəriən	𐑕𐑧𐑯𐑑𐑘𐑫𐑼𐑾𐑯	senˈtjʊərɪən	high	
century	𐑕𐑧𐑯𐑗𐑫𐑮𐑦	sentʃʊri	𐑕𐑧𐑯𐑗𐑼𐑦	ˈsentʃəri	high	
century	𐑕𐑧𐑯𐑗𐑮𐑦	sentʃri	𐑕𐑧𐑯𐑗𐑼𐑦	ˈsentʃəri	high	
cereal	𐑕𐑦𐑮𐑦𐑩𐑤	ˈsɪriəl	𐑕𐑽𐑾𐑤	ˈsɪərɪəl	high	
cereal	𐑕𐑽𐑽𐑤	sɪərɪəRl	𐑕𐑽𐑾𐑤	ˈsɪərɪəl	high	
cerebral	𐑕𐑧𐑮𐑦𐑚𐑮𐑩𐑤	serɪbrəl	𐑕𐑧𐑮𐑩𐑚𐑮𐑩𐑤	ˈserəbrəl	high	
cerebral	𐑕𐑼𐑦𐑚𐑮𐑩𐑤	səˈribrəl	𐑕𐑧𐑮𐑩𐑚𐑮𐑩𐑤	ˈserəbrəl	high	
cerebral	𐑕𐑼𐑰𐑚𐑮𐑩𐑤	səriːbrəl	𐑕𐑧𐑮𐑩𐑚𐑮𐑩𐑤	ˈserəbrəl	high	
ceremonial	𐑕𐑧𐑮𐑦𐑥𐑴𐑯𐑦𐑩𐑤	ˌserɪˈmoʊniəl	𐑕𐑧𐑮𐑦𐑥𐑴𐑯𐑾𐑤	ˌserɪˈməʊnɪəl	high	
ceremonial	𐑕𐑧𐑮𐑦𐑥𐑴𐑯𐑽𐑤	serɪməʊnɪəRl	𐑕𐑧𐑮𐑦𐑥𐑴𐑯𐑾𐑤	ˌserɪˈməʊnɪəl	high	
ceremonies	𐑕𐑧𐑮𐑦𐑥𐑴𐑯𐑦𐑟	ˈserɪˌmoʊniz	𐑕𐑧𐑮𐑦𐑥𐑩𐑯𐑦𐑟	ˈserɪməniz	high	
ceremonious	𐑕𐑧𐑮𐑦𐑥𐑴𐑯𐑽𐑕	serɪməʊnɪəRs	𐑕𐑧𐑮𐑦𐑥𐑴𐑯𐑾𐑕	ˌserɪˈməʊnɪəs	high	
ceremonious	𐑕𐑧𐑮𐑩𐑥𐑴𐑯𐑦𐑩𐑕	ˌserəˈmoʊniəs	𐑕𐑧𐑮𐑦𐑥𐑴𐑯𐑾𐑕	ˌserɪˈməʊnɪəs	high	
ceremony	𐑕𐑧𐑮𐑩𐑥𐑴𐑯𐑦	ˈserəˌmoʊni	𐑕𐑧𐑮𐑦𐑥𐑩𐑯𐑦	ˈserɪməni	high	
certitude	𐑕𐑻𐑑𐑩𐑑𐑘𐑫𐑛	ˈsɜːRtətjud	𐑕𐑻𐑑𐑦𐑑𐑵𐑛, 𐑕𐑻𐑑𐑦𐑑𐑿𐑛	ˈsɜːRtɪtjuːd	high	
cervical	𐑕𐑻𐑝𐑲𐑒𐑩𐑤	sɜːRvaɪkəl	𐑕𐑻𐑝𐑦𐑒𐑩𐑤	sɜːRˈvɪkəl	high	
ceylon	𐑕𐑱𐑤𐑪𐑯	seɪˈlɒn	𐑕𐑦𐑤𐑪𐑯	sɪˈlɒn	high	
chaff	𐑗𐑭𐑓	tʃɑːf	𐑗𐑨𐑓	tʃæf	high	
chagrin	𐑖𐑩𐑜𐑮𐑦𐑯	ʃəˈɡrɪn	𐑖𐑨𐑜𐑮𐑦𐑯	ˈʃæɡrɪn	high	
chair	𐑗𐑻	tʃɜːR	𐑗𐑺	tʃeəR	high	
chairman	𐑗𐑧𐑮𐑥𐑩𐑯	ˈtʃermən	𐑗𐑺𐑥𐑩𐑯	ˈtʃeəRmən	high	
chairman	𐑗𐑻𐑥𐑩𐑯	tʃɜːRmən	𐑗𐑺𐑥𐑩𐑯	ˈtʃeəRmən	high	
chairmanship	𐑗𐑧𐑮𐑥𐑩𐑯𐑖𐑦𐑐	ˈtʃermənˌʃɪp	𐑗𐑺𐑥𐑩𐑯𐑖𐑦𐑐	ˈtʃeəRmənʃɪp	high	
chairmanship	𐑗𐑻𐑥𐑩𐑯𐑖𐑦𐑐	tʃɜːRmənʃɪp	𐑗𐑺𐑥𐑩𐑯𐑖𐑦𐑐	ˈtʃeəRmənʃɪp	high	
chairs	𐑗𐑧𐑮𐑟	tʃerz	𐑗𐑺𐑟	tʃeəRz	high	
chaise longue	𐑖𐑱𐑟 𐑤𐑪𐑙𐑜	ˌʃeɪz ˈlɒŋɡ	𐑖𐑱𐑟 𐑤𐑪𐑙	ˌʃeɪz ˈlɒŋ	high	
chaise longue	𐑖𐑱𐑟 𐑤𐑷𐑙	ˌʃeɪz ˈlɔːŋ	𐑖𐑱𐑟 𐑤𐑪𐑙	ˌʃeɪz ˈlɒŋ	high	
chamberlain	𐑗𐑱𐑥𐑚𐑩𐑤𐑦𐑯	tʃeɪmbəlɪn	𐑗𐑱𐑥𐑚𐑼𐑤𐑩𐑯	ˈtʃeɪmbəRlIn	medium	r_gap:spelling=1,ipa=0; shave_says:𐑗𐑱𐑥𐑚𐑼𐑤𐑦𐑯
chamberlain	𐑗𐑱𐑥𐑚𐑼𐑤𐑦𐑯	ˈtʃeɪmbəRlɪn	𐑗𐑱𐑥𐑚𐑼𐑤𐑩𐑯	ˈtʃeɪmbəRlIn	high	
chambray	𐑖𐑪𐑥𐑚𐑮𐑱	ʃɒmbreɪ	𐑖𐑨𐑥𐑚𐑮𐑱	ˈʃæmbreɪ	high	
chamois	𐑖𐑨𐑥𐑢𐑪	ʃæmˈwɒ	𐑖𐑨𐑥𐑢𐑭	ˈʃæmwɑː	high	
chamois	𐑖𐑨𐑥𐑦	ˈʃæmi	𐑖𐑨𐑥𐑢𐑭	ˈʃæmwɑː	high	
chancellery	-𐑕𐑤𐑼𐑦	-sləri	𐑗𐑨𐑯𐑕𐑩𐑤𐑼𐑦, 𐑗𐑭𐑯𐑕𐑩𐑤𐑼𐑦	ˈtʃⱭːnsələri	high	
chancellery	-𐑕𐑩𐑤𐑮𐑦	-səlri	𐑗𐑨𐑯𐑕𐑩𐑤𐑼𐑦, 𐑗𐑭𐑯𐑕𐑩𐑤𐑼𐑦	ˈtʃⱭːnsələri	high	
chancellery	𐑗𐑨𐑯𐑑𐑕𐑤𐑼𐑦	ˈtʃæntsləri	𐑗𐑨𐑯𐑕𐑩𐑤𐑼𐑦, 𐑗𐑭𐑯𐑕𐑩𐑤𐑼𐑦	ˈtʃⱭːnsələri	high	
chancellor	-𐑤𐑼	-ləR	𐑗𐑨𐑯𐑕𐑩𐑤𐑼, 𐑗𐑭𐑯𐑕𐑩𐑤𐑼	ˈtʃⱭːnsələR	high	
chancellor	𐑗𐑨𐑯𐑕𐑤𐑼	ˈtʃænsləR	𐑗𐑨𐑯𐑕𐑩𐑤𐑼, 𐑗𐑭𐑯𐑕𐑩𐑤𐑼	ˈtʃⱭːnsələR	high	
chancellor	𐑗𐑨𐑯𐑕𐑩𐑤𐑩	ˈtʃænsələ	𐑗𐑨𐑯𐑕𐑩𐑤𐑼, 𐑗𐑭𐑯𐑕𐑩𐑤𐑼	ˈtʃⱭːnsələR	medium	r_gap:spelling=1,ipa=0
chancellor	𐑗𐑸𐑯𐑕𐑤𐑼	tʃɑːRnsləR	𐑗𐑨𐑯𐑕𐑩𐑤𐑼, 𐑗𐑭𐑯𐑕𐑩𐑤𐑼	ˈtʃⱭːnsələR	high	
chancellor	𐑗𐑸𐑯𐑕𐑩𐑤𐑼	tʃɑːRnsələR	𐑗𐑨𐑯𐑕𐑩𐑤𐑼, 𐑗𐑭𐑯𐑕𐑩𐑤𐑼	ˈtʃⱭːnsələR	high	
chaparral	𐑖𐑨𐑐𐑼𐑧𐑤	ˌʃæpəˈrel	𐑗𐑨𐑐𐑼𐑨𐑤	ˌtʃæpəˈræl	medium	r_gap:spelling=2,ipa=1
chaparral	𐑖𐑨𐑐𐑼𐑨𐑤	ʃæpəræl	𐑗𐑨𐑐𐑼𐑨𐑤	ˌtʃæpəˈræl	medium	r_gap:spelling=2,ipa=1; shave_says:𐑗𐑨𐑐𐑼𐑨𐑤
chaparral	𐑖𐑨𐑐𐑼𐑮𐑧𐑤	ˌʃæpəRˈrel	𐑗𐑨𐑐𐑼𐑨𐑤	ˌtʃæpəˈræl	high	
chaparral	𐑖𐑨𐑐𐑼𐑮𐑨𐑤	ˌʃæpəRˈræl	𐑗𐑨𐑐𐑼𐑨𐑤	ˌtʃæpəˈræl	high	
char	𐑒𐑧𐑮	ker	𐑗𐑸	tʃɑːR	high	
char	𐑒𐑨𐑮	kær	𐑗𐑸	tʃɑːR	high	
char	𐑒𐑸	kɑːR	𐑗𐑸	tʃɑːR	high	
char	𐑒𐑺	keəR	𐑗𐑸	tʃɑːR	high	
char	𐑗𐑨𐑮	tʃar	𐑗𐑸	tʃɑːR	high	
charabanc	𐑖𐑨𐑮𐑩𐑚𐑨𐑙𐑒	ʃærəbæŋk	𐑖𐑨𐑮𐑩𐑚𐑨𐑙	ˈʃærəbæŋ	high	
characteristics	𐑒𐑧𐑮𐑩𐑒𐑑𐑼𐑦𐑕𐑑𐑦𐑒𐑕	ˌkerəktəˈrɪstɪks	𐑒𐑨𐑮𐑩𐑒𐑑𐑼𐑦𐑕𐑑𐑦𐑒𐑕	ˌkærəktəˈrɪstɪks	high	
characterization	𐑒𐑨𐑮𐑩𐑒𐑑𐑼𐑩𐑟𐑱𐑖𐑩𐑯	ˌkærəktərəˈzeɪʃən	𐑒𐑨𐑮𐑩𐑒𐑑𐑼𐑲𐑟𐑱𐑖𐑩𐑯	ˌkærəktəraɪˈzeɪʃən	high	
characterize	𐑒𐑧𐑮𐑩𐑒𐑑𐑼𐑲𐑟	ˈkerəktəraɪz	𐑒𐑨𐑮𐑩𐑒𐑑𐑼𐑲𐑟	ˈkærəktəraɪz	high	
characterized	𐑒𐑧𐑮𐑩𐑒𐑑𐑼𐑲𐑟𐑛	ˈkerəktəraɪzd	𐑒𐑨𐑮𐑩𐑒𐑑𐑼𐑲𐑟𐑛	ˈkærəktəraɪzd	high	
characters	𐑒𐑧𐑮𐑩𐑒𐑑𐑼𐑟	ˈkerəktəRz	𐑒𐑨𐑮𐑩𐑒𐑑𐑼𐑟	ˈkærəktəRz	high	
charade	𐑖𐑼𐑱𐑛	ʃəˈreɪd	𐑖𐑼𐑨𐑛, 𐑖𐑼𐑭𐑛	ʃəˈrⱭːd	high	
charade	𐑖𐑼𐑸𐑛	ʃərɑːRd	𐑖𐑼𐑨𐑛, 𐑖𐑼𐑭𐑛	ʃəˈrⱭːd	high	
chariot	𐑗𐑧𐑮𐑦𐑩𐑑	ˈtʃeriət	𐑗𐑨𐑮𐑾𐑑	ˈtʃærɪət	high	
chariot	𐑗𐑨𐑮𐑦𐑩𐑑	ˈtʃæriət	𐑗𐑨𐑮𐑾𐑑	ˈtʃærɪət	high	
charioteer	𐑗𐑧𐑮𐑦𐑩𐑑𐑦𐑮	ˌtʃeriəˈtɪr	𐑗𐑨𐑮𐑾𐑑𐑽	ˌtʃærɪəˈtɪəR	high	
charismatic	𐑒𐑧𐑮𐑩𐑟𐑥𐑨𐑑𐑩𐑒	ˌkerəzˈmætək	𐑒𐑨𐑮𐑦𐑟𐑥𐑨𐑑𐑦𐑒	ˌkærɪzˈmætɪk	high	
charities	𐑗𐑧𐑮𐑩𐑑𐑦𐑟	ˈtʃerətiz	𐑗𐑨𐑮𐑦𐑑𐑦𐑟	ˈtʃærɪtiz	high	
charity	𐑗𐑧𐑮𐑩𐑑𐑦	ˈtʃerəti	𐑗𐑨𐑮𐑦𐑑𐑦	ˈtʃærɪti	high	
charity	𐑗𐑨𐑮𐑩𐑑𐑦	ˈtʃærəti	𐑗𐑨𐑮𐑦𐑑𐑦	ˈtʃærɪti	high	
chartreuse	𐑖𐑸𐑑𐑮𐑵𐑕	ʃɑːRˈtruːs	𐑖𐑸𐑑𐑮𐑻𐑟	ʃɑːRˈtrɜːz	high	
chartreuse	𐑖𐑸𐑑𐑮𐑵𐑟	ʃɑːRˈtruːz	𐑖𐑸𐑑𐑮𐑻𐑟	ʃɑːRˈtrɜːz	high	
chatelaine	-𐑑𐑩𐑤-	-təl-	𐑖𐑨𐑑𐑩𐑤𐑱𐑯	ˈʃætəleɪn	high	
chatham	𐑗𐑨𐑞𐑩𐑥	ˈtʃæðəm	𐑗𐑨𐑑𐑩𐑥	ˈtʃætəm	high	
chauffeur	𐑖𐑪𐑓𐑻	ʃɒfɜːR	𐑖𐑴𐑓𐑼	ˈʃəʊfəR	high	
chauffeur	𐑖𐑴𐑓𐑻	ʃoʊˈfɜːR	𐑖𐑴𐑓𐑼	ˈʃəʊfəR	high	
checkerboard	𐑗𐑧𐑒𐑩𐑚𐑹𐑛	tʃekəbɔːRd	𐑗𐑧𐑒𐑼𐑚𐑹𐑛	ˈtʃekəRbɔːRd	medium	r_gap:spelling=2,ipa=1; shave_says:𐑗𐑧𐑒𐑼𐑚𐑹𐑛
cheekbone	𐑗𐑦𐑒𐑚𐑴𐑯	ˈtʃikˌboʊn	𐑗𐑰𐑒𐑚𐑴𐑯	ˈtʃiːkbəʊn	high	
cheer	𐑗𐑦𐑮	tʃɪr	𐑗𐑽	tʃɪəR	high	
cheered	𐑗𐑦𐑮𐑛	tʃɪrd	𐑗𐑽𐑛	tʃɪəRd	high	
cheerful	𐑗𐑦𐑮𐑓𐑩𐑤	ˈtʃɪrfəl	𐑗𐑽𐑓𐑩𐑤	ˈtʃɪəRfəl	high	
cheerfully	𐑗𐑦𐑮𐑓𐑩𐑤𐑦	ˈtʃɪrfəli	𐑗𐑽𐑓𐑩𐑤𐑦	ˈtʃɪəRfəli	high	
cheerfulness	𐑗𐑦𐑮𐑓𐑩𐑤𐑯𐑩𐑕	ˈtʃɪrfəlnəs	𐑗𐑽𐑓𐑩𐑤𐑯𐑩𐑕	ˈtʃɪəRfəlnəs	high	
cheering	𐑗𐑦𐑮𐑦𐑙	ˈtʃɪrɪŋ	𐑗𐑽𐑦𐑙	ˈtʃɪərɪŋ	high	
cheerio	𐑗𐑦𐑮𐑦𐑴	ˈtʃirioʊ	𐑗𐑽𐑦𐑴	ˌtʃɪərɪˈəʊ	high	
cheers	𐑗𐑦𐑮𐑟	tʃɪrz	𐑗𐑽𐑟	tʃɪəRz	high	
cheery	𐑗𐑦𐑮𐑦	ˈtʃiri	𐑗𐑽𐑦	ˈtʃɪəri	high	
cheese	𐑗𐑦𐑟	tʃiz	𐑗𐑰𐑟	tʃiːz	high	
cheesecake	𐑗𐑦𐑟𐑒𐑱𐑒	ˈtʃizˌkeɪk	𐑗𐑰𐑟𐑒𐑱𐑒	ˈtʃiːzkeɪk	high	
chelyabinsk	𐑗𐑧𐑤𐑘𐑨𐑚𐑦𐑯𐑕𐑒	tʃelˈjæbɪnsk	𐑗𐑦𐑤𐑾𐑚𐑦𐑯𐑕𐑒	ˌtʃɪlɪəˈbɪnsk	high	
chemise	𐑖𐑩𐑥𐑰𐑕	ʃəˈmiːs	𐑖𐑩𐑥𐑰𐑟	ʃəˈmiːz	high	
chester-le-street	𐑗𐑧𐑕𐑑𐑩 𐑤𐑦 𐑕𐑑𐑮𐑰𐑑	tʃestə li striːt	𐑗𐑧𐑕𐑑𐑩-𐑤𐑩-𐑕𐑑𐑮𐑰𐑑	ˌtʃestəR-lə-ˈstriːt	medium	r_gap:spelling=2,ipa=1; shave_says:𐑗𐑧𐑕𐑑𐑼-𐑤𐑫-𐑕𐑑𐑮𐑰𐑑
chesterton	𐑗𐑧𐑕𐑑𐑩𐑑𐑩𐑯	tʃestətən	𐑗𐑧𐑕𐑑𐑼𐑑𐑩𐑯	ˈtʃestəRtən	medium	r_gap:spelling=1,ipa=0; shave_says:𐑗𐑧𐑕𐑑𐑼𐑑𐑩𐑯
chevron	𐑖𐑧𐑝𐑮𐑪𐑯	ˈʃevrɒn	𐑖𐑧𐑝𐑮𐑩𐑯	ˈʃevrən	high	
chew	𐑗𐑘𐑫	tʃju	𐑗𐑵	tʃuː	high	
chianti	𐑒𐑦𐑪𐑯𐑑𐑦	kiˈɒnti	𐑒𐑦𐑨𐑯𐑑𐑦	kɪˈænti	high	
chiaroscuro	𐑒𐑘𐑸𐑩𐑕𐑒𐑘𐑼𐑴	ˌkjɑːRəˈskjəroʊ	𐑒𐑦𐑸𐑩𐑕𐑒𐑫𐑼𐑴	kɪˌɑːrəˈskʊərəʊ	high	
chic	𐑖𐑦𐑒	ʃik	𐑖𐑰𐑒	ʃiːk	high	
chicago	𐑖𐑦𐑒𐑪𐑜𐑴	ʃɪˈkɒɡoʊ	𐑖𐑦𐑒𐑭𐑜𐑴	ʃɪˈkɑːɡəʊ	high	
chicago	𐑖𐑦𐑒𐑷𐑜𐑴	ʃɪˈkɔːɡoʊ	𐑖𐑦𐑒𐑭𐑜𐑴	ʃɪˈkɑːɡəʊ	high	
chicken	𐑗𐑦𐑒𐑩𐑯	ˈtʃɪkən	𐑗𐑦𐑒𐑦𐑯	ˈtʃɪkɪn	high	
chickenpox	𐑗𐑦𐑒𐑩𐑯𐑐𐑪𐑒𐑕	ˈtʃɪkənˌpɒks	𐑗𐑦𐑒𐑦𐑯𐑐𐑪𐑒𐑕	ˈtʃɪkɪnpɒks	high	
chicory	𐑗𐑦𐑒𐑮𐑦	tʃɪkri	𐑗𐑦𐑒𐑼𐑦	ˈtʃɪkəri	high	
chiffonier	𐑖𐑦𐑓𐑩𐑯𐑦𐑮	ˌʃɪfəˈnɪr	𐑖𐑦𐑓𐑩𐑯𐑽	ˌʃɪfəˈnɪəR	high	
children	𐑗𐑫𐑤𐑛𐑮𐑩𐑯	tʃʊldrən	𐑗𐑦𐑤𐑛𐑮𐑩𐑯	ˈtʃɪldrən	high	
chile	𐑗𐑦𐑤𐑧	ˈtʃile	𐑗𐑦𐑤𐑦	ˈtʃɪli	high	
chile	𐑗𐑦𐑤𐑱	ˈtʃileɪ	𐑗𐑦𐑤𐑦	ˈtʃɪli	high	
chile	𐑗𐑰𐑤𐑱	ˈtʃiːleɪ	𐑗𐑦𐑤𐑦	ˈtʃɪli	high	
chimera	𐑒𐑦𐑥𐑽𐑩	kɪmɪərə	𐑒𐑲𐑥𐑽𐑩	kaɪˈmɪərə	high	
chimera	𐑒𐑩𐑥𐑦𐑮𐑩	kəˈmɪrə	𐑒𐑲𐑥𐑽𐑩	kaɪˈmɪərə	high	
chimera	𐑒𐑲𐑥𐑦𐑮𐑩	kaɪˈmɪrə	𐑒𐑲𐑥𐑽𐑩	kaɪˈmɪərə	high	
chimera	𐑒𐑲𐑥𐑧𐑮𐑩	kaɪˈmerə	𐑒𐑲𐑥𐑽𐑩	kaɪˈmɪərə	high	
chimera	𐑒𐑳𐑦𐑥𐑽𐑩	kʌɪmɪərə	𐑒𐑲𐑥𐑽𐑩	kaɪˈmɪərə	high	
chinaware	𐑗𐑲𐑯𐑩𐑢𐑧𐑮	ˈtʃaɪnəwer	𐑗𐑲𐑯𐑩𐑢𐑺	ˈtʃaɪnəweəR	high	
chinese	𐑗𐑲𐑯𐑦𐑟	ˌtʃaɪˈniz	𐑗𐑲𐑯𐑰𐑟	tʃaɪˈniːz	high	
chiropractor	𐑒𐑲𐑮𐑩𐑐𐑮𐑨𐑒𐑑𐑼	kaɪrəpræktər	𐑒𐑲𐑮𐑴𐑐𐑮𐑨𐑒𐑑𐑼	ˈkaɪrəʊpræktəR	high	
chirp	𐑗𐑼𐑐	tʃəRp	𐑗𐑻𐑐	tʃɜːRp	high	
chivalrous	𐑗𐑦𐑝𐑩𐑤𐑮𐑩𐑕	tʃɪvəlrəs	𐑖𐑦𐑝𐑩𐑤𐑮𐑩𐑕	ˈʃɪvəlrəs	high	
chlorinate	𐑒𐑤𐑪𐑮𐑦𐑯𐑱𐑑	klɒrɪneɪt	𐑒𐑤𐑹𐑦𐑯𐑱𐑑	ˈklɔːrɪneɪt	high	
chlorination	𐑒𐑤𐑪𐑮𐑦𐑯𐑱𐑖𐑩𐑯	klɒrɪneɪʃən	𐑒𐑤𐑹𐑦𐑯𐑱𐑖𐑩𐑯	ˌklɔːrɪˈneɪʃən	high	
chlorine	𐑒𐑤𐑹𐑦𐑯	ˈklɔːRin	𐑒𐑤𐑹𐑰𐑯	ˈklɔːriːn	high	
chlorophyll	𐑒𐑤𐑪𐑮𐑩𐑓𐑦𐑤	klɒrəfɪl	𐑒𐑤𐑹𐑩𐑓𐑦𐑤	ˈklɔːrəfɪl	high	
chocolate	𐑗𐑪𐑒𐑩𐑤𐑦𐑑	ˈtʃɒkəlɪt	𐑗𐑪𐑒𐑩𐑤𐑩𐑑	ˈtʃɒkələt	high	
chocolate	𐑗𐑷𐑒𐑩𐑤𐑦𐑑	ˈtʃɔːkəlɪt	𐑗𐑪𐑒𐑩𐑤𐑩𐑑	ˈtʃɒkələt	high	
chocolate	𐑗𐑷𐑒𐑩𐑤𐑩𐑑	tʃɔkələt	𐑗𐑪𐑒𐑩𐑤𐑩𐑑	ˈtʃɒkələt	high	
choice	𐑗𐑪𐑦𐑕	tʃoɪs	𐑗𐑶𐑕	tʃɔɪs	high	
choleric	𐑒𐑩𐑤𐑧𐑮𐑦𐑒	kəˈlerɪk	𐑒𐑪𐑤𐑼𐑦𐑒	ˈkɒlərɪk	high	
choleric	𐑒𐑪𐑤𐑧𐑮𐑦𐑒	kɒlerɪk	𐑒𐑪𐑤𐑼𐑦𐑒	ˈkɒlərɪk	high	
choleric	𐑒𐑪𐑤𐑮𐑦𐑒	kɒlrɪk	𐑒𐑪𐑤𐑼𐑦𐑒	ˈkɒlərɪk	high	
chomps	𐑗𐑷𐑥𐑐𐑕	tʃɔːmps	𐑗𐑪𐑥𐑐𐑕	tʃɒmps	high	
chop suey	𐑑𐑕𐑪𐑐 𐑕𐑵𐑦	ˈtsɒp ˈsuːi	𐑗𐑪𐑐 𐑕𐑵𐑦	ˌtʃɒp ˈsuːi	high	
choral	𐑒𐑪𐑮𐑸𐑤	kɒrɑːRl	𐑒𐑹𐑩𐑤	ˈkɔːrəl	high	
chorale	𐑒𐑪𐑮𐑸𐑤	kɒrɑːRl	𐑒𐑼𐑨𐑤, 𐑒𐑼𐑭𐑤	kəˈrⱭːl	high	
chorale	𐑒𐑹𐑸𐑤	kɔːrɑːRl	𐑒𐑼𐑨𐑤, 𐑒𐑼𐑭𐑤	kəˈrⱭːl	high	
chorale	𐑒𐑼𐑪𐑤	kəˈrɒl	𐑒𐑼𐑨𐑤, 𐑒𐑼𐑭𐑤	kəˈrⱭːl	high	
chore	𐑗𐑪𐑮	tʃor	𐑗𐑹	tʃɔːR	high	
choreography	𐑒𐑹𐑦𐑪𐑜𐑮𐑩𐑓𐑦	ˌkɔːRiˈɒɡrəfi	𐑒𐑪𐑮𐑦𐑪𐑜𐑮𐑩𐑓𐑦	ˌkɒrɪˈɒɡrəfi	high	
chorister	𐑒𐑹𐑦𐑕𐑑𐑼	ˈkɔːRɪstəR	𐑒𐑪𐑮𐑦𐑕𐑑𐑼	ˈkɒrɪstəR	high	
chortle	𐑗𐑹𐑑𐑤	ˈtʃɔːRtl	𐑗𐑹𐑑𐑩𐑤	ˈtʃɔːRtəl	high	
chorus	𐑒𐑪𐑮𐑩𐑕	ˈkorəs	𐑒𐑹𐑩𐑕	ˈkɔːrəs	high	
christianity	𐑒𐑮𐑦𐑕𐑗𐑦𐑨𐑯𐑦𐑑𐑦	ˌkrɪstʃiˈænɪti	𐑒𐑮𐑦𐑕𐑑𐑦𐑨𐑯𐑦𐑑𐑦	ˌkrɪstɪˈænɪti	high	
chromatic	-𐑑𐑦𐑒	-tɪk	𐑒𐑮𐑴𐑥𐑨𐑑𐑦𐑒	krəʊˈmætɪk	medium	r_gap:spelling=1,ipa=0
chromatic	𐑒𐑮𐑩𐑥𐑨𐑑𐑦𐑒	krəmætɪk	𐑒𐑮𐑴𐑥𐑨𐑑𐑦𐑒	krəʊˈmætɪk	high	
chromatics	-𐑑𐑦𐑒𐑕	-tɪks	𐑒𐑮𐑴𐑥𐑨𐑑𐑦𐑒𐑕	ˈkrəʊmætɪks	medium	r_gap:spelling=1,ipa=0
chromatics	𐑒𐑮𐑩𐑥𐑨𐑑𐑦𐑒𐑕	krəmætɪks	𐑒𐑮𐑴𐑥𐑨𐑑𐑦𐑒𐑕	ˈkrəʊmætɪks	high	
chromatics	𐑒𐑮𐑴-	krəʊ-	𐑒𐑮𐑴𐑥𐑨𐑑𐑦𐑒𐑕	ˈkrəʊmætɪks	high	
chromium	𐑒𐑮𐑴𐑥𐑦𐑩𐑥	ˈkroʊmiəm	𐑒𐑮𐑴𐑥𐑾𐑥	ˈkrəʊmɪəm	high	
chromosome	𐑒𐑮𐑴𐑥𐑩𐑟𐑴𐑥	ˈkroʊməˌzoʊm	𐑒𐑮𐑴𐑥𐑩𐑕𐑴𐑥	ˈkrəʊməsəʊm	high	
chronometer	𐑒𐑮𐑩𐑯𐑪𐑥𐑩𐑑𐑼	krənɒmətər	𐑒𐑮𐑩𐑯𐑪𐑥𐑦𐑑𐑼	krəˈnɒmɪtəR	high	
chronometer	𐑒𐑮𐑴𐑯𐑪𐑥𐑦𐑑𐑼	krəʊˈnɒmɪtər	𐑒𐑮𐑩𐑯𐑪𐑥𐑦𐑑𐑼	krəˈnɒmɪtəR	high	
churro	𐑗𐑫𐑮𐑴	ˈtʃʊroʊ	𐑗𐑫𐑼𐑴	ˈtʃʊərəʊ	medium	r_gap:spelling=2,ipa=1
cicada	𐑕𐑦𐑒𐑪𐑛𐑩	sɪˈkɒdə	𐑕𐑦𐑒𐑭𐑛𐑩	sɪˈkɑːdə	high	
cicada	𐑕𐑦𐑒𐑱𐑛𐑩	sɪˈkeɪdə	𐑕𐑦𐑒𐑭𐑛𐑩	sɪˈkɑːdə	high	
cicero	𐑒𐑦𐑒𐑧𐑮𐑴	kɪkerəʊ	𐑕𐑦𐑕𐑼𐑴	ˈsɪsəRəʊ	high	
cicerone	𐑕𐑦𐑕𐑼𐑴𐑯𐑦	sɪsərəʊni	𐑗𐑦𐑗𐑼𐑴𐑯𐑦	ˌtʃɪtʃəˈrəʊni	high	
cinema	𐑕𐑦𐑯𐑦𐑥𐑩	ˈsɪnɪmə	𐑕𐑦𐑯𐑩𐑥𐑩	ˈsɪnəmə	high	
cinema	𐑕𐑦𐑯𐑦𐑥𐑭	ˈsɪnɪmɑː	𐑕𐑦𐑯𐑩𐑥𐑩	ˈsɪnəmə	high	
cinematography	𐑕𐑦𐑯𐑩𐑥𐑩𐑑𐑪𐑜𐑮𐑩𐑓𐑰	sɪnəmətɒɡrəfiː	𐑕𐑦𐑯𐑩𐑥𐑩𐑑𐑪𐑜𐑮𐑩𐑓𐑦	ˌsɪnəməˈtɒɡrəfi	high	
cinnamon	𐑕𐑦𐑯𐑩𐑥𐑦𐑯	ˈsɪnəmɪn	𐑕𐑦𐑯𐑩𐑥𐑩𐑯	ˈsɪnəmən	high	
cinquefoil	𐑕𐑨𐑙𐑒𐑓𐑶𐑤	ˈsæŋkˌfɔɪl	𐑕𐑦𐑙𐑒𐑓𐑶𐑤	ˈsɪŋkfɔɪl	high	
circadian	𐑕𐑩𐑒𐑱𐑛𐑾𐑯	səkeɪdɪən	𐑕𐑻𐑒𐑱𐑛𐑾𐑯	sɜːRˈkeɪdiən	medium	r_gap:spelling=1,ipa=0; shave_says:𐑕𐑼𐑒𐑱𐑛𐑾𐑯
circadian	𐑕𐑻𐑒𐑩𐑛𐑦𐑩𐑯	ˌsɜːRkəˈdiən	𐑕𐑻𐑒𐑱𐑛𐑾𐑯	sɜːRˈkeɪdiən	high	
circadian	𐑕𐑻𐑒𐑩𐑛𐑲𐑩𐑯	ˌsɜːRkəˈdaɪən	𐑕𐑻𐑒𐑱𐑛𐑾𐑯	sɜːRˈkeɪdiən	high	
circadian	𐑕𐑼𐑒𐑨𐑛𐑦𐑩𐑯	səRˈkædiən	𐑕𐑻𐑒𐑱𐑛𐑾𐑯	sɜːRˈkeɪdiən	high	
circadian	𐑕𐑼𐑒𐑱𐑛𐑦𐑩𐑯	səRˈkeɪdiən	𐑕𐑻𐑒𐑱𐑛𐑾𐑯	sɜːRˈkeɪdiən	high	
circassian	𐑕𐑩𐑒𐑨𐑕𐑦𐑩𐑯	səkæsiən	𐑕𐑻𐑒𐑨𐑕𐑾𐑯	sɜːRˈkæsiən	medium	r_gap:spelling=1,ipa=0; shave_says:𐑕𐑻𐑒𐑨𐑕𐑾𐑯
circassian	𐑕𐑼𐑒𐑨𐑖𐑩𐑯	sərˈkæʃən	𐑕𐑻𐑒𐑨𐑕𐑾𐑯	sɜːRˈkæsiən	high	
circuitous	𐑕𐑻𐑒𐑿𐑦𐑑𐑩𐑕	sɜːRkjuːɪtəs	𐑕𐑼𐑒𐑿𐑦𐑑𐑩𐑕	səRˈkjuːɪtəs	high	
circuitous	𐑕𐑼𐑒𐑿𐑩𐑑𐑩𐑕	səRˈkjuːətəs	𐑕𐑼𐑒𐑿𐑦𐑑𐑩𐑕	səRˈkjuːɪtəs	high	
circuitry	𐑕𐑻𐑒𐑩𐑑𐑮𐑦	ˈsɜːRkətri	𐑕𐑻𐑒𐑦𐑑𐑮𐑦	ˈsɜːRkɪtri	high	
circumambulate	𐑕𐑻𐑒𐑩𐑥𐑨𐑥𐑚𐑘𐑫𐑤𐑱𐑑	ˌsɜːRkəmˈæmbjuleɪt	𐑕𐑻𐑒𐑩𐑥𐑨𐑥𐑚𐑘𐑩𐑤𐑱𐑑	ˌsɜːRkəmˈæmbjəleɪt	high	
circumcise	𐑕𐑼𐑒𐑩𐑥𐑕𐑲𐑟	ˈsəRkəmˌsaɪz	𐑕𐑻𐑒𐑩𐑥𐑕𐑲𐑟	ˈsɜːRkəmsaɪz	high	
circumference	𐑕𐑩𐑒𐑳𐑥𐑓𐑮𐑩𐑯𐑕	səkʌmfrəns	𐑕𐑻𐑒𐑳𐑥𐑓𐑼𐑩𐑯𐑕	sɜːRˈkʌmfərəns	medium	r_gap:spelling=2,ipa=1; shave_says:𐑕𐑼𐑒𐑳𐑥𐑓𐑼𐑩𐑯𐑕
circumference	𐑕𐑻𐑒𐑳𐑥𐑓𐑮𐑩𐑯𐑕	sɜːRkʌmfrəns	𐑕𐑻𐑒𐑳𐑥𐑓𐑼𐑩𐑯𐑕	sɜːRˈkʌmfərəns	high	
circumference	𐑕𐑼𐑒𐑳𐑥𐑓𐑮𐑩𐑯𐑕	səRˈkʌmfrəns	𐑕𐑻𐑒𐑳𐑥𐑓𐑼𐑩𐑯𐑕	sɜːRˈkʌmfərəns	high	
circumlocution	𐑕𐑻𐑒𐑩𐑥𐑤𐑩𐑒𐑘𐑫𐑖𐑩𐑯	ˌsɜːRkəmləˈkjuʃən	𐑕𐑻𐑒𐑩𐑥𐑤𐑩𐑒𐑿𐑖𐑩𐑯	ˌsɜːRkəmləˈkjuːʃən	high	
circumnavigate	𐑕𐑩𐑒𐑩𐑥𐑯𐑨𐑝𐑦𐑜𐑱𐑑	səkəmnævɪɡeɪt	𐑕𐑻𐑒𐑩𐑥𐑯𐑨𐑝𐑦𐑜𐑱𐑑	ˌsɜːRkəmˈnævɪɡeɪt	medium	r_gap:spelling=1,ipa=0; shave_says:𐑕𐑻𐑒𐑩𐑥𐑯𐑨𐑝𐑦𐑜𐑱𐑑
circumspection	𐑕𐑼𐑒𐑩𐑥𐑕𐑐𐑧𐑒𐑖𐑩𐑯	ˌsəRkəmˈspekʃən	𐑕𐑻𐑒𐑩𐑥𐑕𐑐𐑧𐑒𐑖𐑩𐑯	ˌsɜːRkəmˈspekʃən	high	
circumspectly	𐑕𐑻𐑒𐑩𐑥𐑕𐑐𐑧𐑒𐑑𐑤	ˈsɜːRkəmspektl	𐑕𐑻𐑒𐑩𐑥𐑕𐑐𐑧𐑒𐑑𐑤𐑦	ˈsɜːRkəmspektli	high	
circumstance	-𐑨𐑯𐑕	-æns	𐑕𐑻𐑒𐑩𐑥𐑕𐑑𐑨𐑯𐑕	ˈsɜːRkəmstæns	medium	r_gap:spelling=1,ipa=0; shave_says:𐑕𐑻𐑒𐑩𐑥𐑕𐑑𐑨𐑯𐑕
circumstance	-𐑭𐑯𐑕	-ɑːns	𐑕𐑻𐑒𐑩𐑥𐑕𐑑𐑨𐑯𐑕	ˈsɜːRkəmstæns	medium	r_gap:spelling=1,ipa=0; shave_says:𐑕𐑻𐑒𐑩𐑥𐑕𐑑𐑨𐑯𐑕
circumstance	𐑕𐑻𐑒𐑩𐑥𐑕𐑑𐑩𐑯𐑕	sɜːRkəmstəns	𐑕𐑻𐑒𐑩𐑥𐑕𐑑𐑨𐑯𐑕	ˈsɜːRkəmstæns	high	
circumstances	𐑕𐑻𐑒𐑩𐑥𐑕𐑑𐑩𐑯𐑕𐑩𐑟	sɜːRkəmstənsƏz	𐑕𐑻𐑒𐑩𐑥𐑕𐑑𐑨𐑯𐑕𐑩𐑟	ˈsɜːRkəmstænsƏz	high	
circumstances	𐑕𐑻𐑒𐑩𐑥𐑕𐑑𐑭𐑯𐑕𐑩𐑟	sɜːRkəmstɑːnsƏz	𐑕𐑻𐑒𐑩𐑥𐑕𐑑𐑨𐑯𐑕𐑩𐑟	ˈsɜːRkəmstænsƏz	medium	ml_disagrees:𐑕𐑻𐑒𐑩𐑥𐑕𐑑ɑ𐑨𐑯𐑕𐑩𐑟; shave_says:𐑕𐑻𐑒𐑩𐑥𐑕𐑑𐑨𐑯𐑕𐑩𐑟
circumstantial	𐑕𐑼𐑒𐑩𐑥𐑕𐑑𐑨𐑯𐑖𐑩𐑤	sərkəmˈstænʃəl	𐑕𐑻𐑒𐑩𐑥𐑕𐑑𐑨𐑯𐑖𐑩𐑤	ˌsɜːRkəmˈstænʃəl	high	
cirencester	𐑕𐑦𐑕𐑦𐑑𐑼	sɪsɪtəR	𐑕𐑲𐑮𐑩𐑯𐑕𐑧𐑕𐑑𐑼	ˈsaɪrənsestəR	medium	r_gap:spelling=2,ipa=1; shave_says:·𐑕𐑲𐑮𐑩𐑯𐑕𐑧𐑕𐑑𐑼
cited	𐑕𐑳𐑦𐑑𐑩𐑛	ˈsʌɪtƏd	𐑕𐑲𐑑𐑩𐑛	ˈsaɪtƏd	high	
citizen	𐑕𐑦𐑑𐑦𐑕𐑩𐑯	ˈsɪtɪsən	𐑕𐑦𐑑𐑦𐑟𐑩𐑯	ˈsɪtɪzən	high	
civilisation	𐑕𐑦𐑝𐑦𐑤𐑦𐑟𐑱𐑖𐑩𐑯	ˌsɪvɪlɪˈzeɪʃən	𐑕𐑦𐑝𐑦𐑤𐑲𐑟𐑱𐑖𐑩𐑯	ˌsɪvɪlaɪˈzeɪʃən	high	
civilization	𐑕𐑦𐑝𐑩𐑤𐑩𐑟𐑱𐑖𐑩𐑯	ˌsɪvələˈzeɪʃən	𐑕𐑦𐑝𐑦𐑤𐑲𐑟𐑱𐑖𐑩𐑯	ˌsɪvɪlaɪˈzeɪʃən	high	
civilization	𐑕𐑦𐑝𐑩𐑤𐑲𐑟𐑱𐑖𐑩𐑯	ˌsɪvəlaɪˈzeɪʃən	𐑕𐑦𐑝𐑦𐑤𐑲𐑟𐑱𐑖𐑩𐑯	ˌsɪvɪlaɪˈzeɪʃən	high	
civvy street	𐑕𐑦𐑝𐑦 𐑕𐑑𐑮𐑦𐑑	ˈsɪvi ˌstrit	𐑕𐑦𐑝𐑦 𐑕𐑑𐑮𐑰𐑑	ˈsɪvi striːt	high	
claire	𐑒𐑤𐑧𐑮	kler	𐑒𐑤𐑺	kleəR	high	
clairvoyance	𐑒𐑤𐑧𐑮𐑝𐑶𐑩𐑯𐑕	klerˈvɔɪəns	𐑒𐑤𐑺𐑝𐑶𐑩𐑯𐑕	kleəRˈvɔɪəns	high	
clairvoyant	𐑒𐑤𐑧𐑮𐑝𐑶𐑩𐑯𐑑	ˌklerˈvɔɪənt	𐑒𐑤𐑺𐑝𐑶𐑩𐑯𐑑	kleəRˈvɔɪənt	high	
clamber	𐑒𐑤𐑨𐑥𐑼	ˈklæməR	𐑒𐑤𐑨𐑥𐑚𐑼	ˈklæmbəR	high	
clangour	𐑒𐑤𐑨𐑙𐑜𐑼	klæŋɡəR	𐑒𐑤𐑨𐑙𐑼	ˈklæŋəR	high	
clapboard	𐑒𐑤𐑨𐑚𐑼𐑛	klæbəRd	𐑒𐑤𐑨𐑐𐑚𐑹𐑛	ˈklæp+bɔːRd	high	
clare	𐑒𐑤𐑧𐑮	kler	𐑒𐑤𐑺	kleəR	high	
clarify	𐑒𐑤𐑧𐑮𐑦𐑓𐑲	ˈklerɪfaɪ	𐑒𐑤𐑨𐑮𐑦𐑓𐑲	ˈklærɪfaɪ	high	
clarify	𐑒𐑤𐑧𐑮𐑩𐑓𐑲	ˈklerəfaɪ	𐑒𐑤𐑨𐑮𐑦𐑓𐑲	ˈklærɪfaɪ	high	
clarion	𐑒𐑤𐑧-	ˈkle-	𐑒𐑤𐑨𐑮𐑾𐑯	ˈklærɪən	medium	r_gap:spelling=1,ipa=0
clarion	𐑒𐑤𐑨𐑮𐑦𐑩𐑯	ˈklæriən	𐑒𐑤𐑨𐑮𐑾𐑯	ˈklærɪən	high	
clarity	𐑒𐑤𐑧𐑮𐑩𐑑𐑦	ˈklerəti	𐑒𐑤𐑨𐑮𐑦𐑑𐑦	ˈklærɪti	high	
clarity	𐑒𐑤𐑨𐑮𐑩𐑑𐑦	klærəti	𐑒𐑤𐑨𐑮𐑦𐑑𐑦	ˈklærɪti	high	
class	𐑒𐑤𐑺𐑕	kleəs	𐑒𐑤𐑨𐑕, 𐑒𐑤𐑭𐑕	klⱭːs	high	
classified	𐑒𐑤𐑨𐑕𐑩𐑓𐑲𐑛	ˈklæsəfaɪd	𐑒𐑤𐑨𐑕𐑦𐑓𐑲𐑛	ˈklæsɪfaɪd	high	
classify	𐑒𐑤𐑨𐑕𐑩𐑓𐑲	ˈklæsəˌfaɪ	𐑒𐑤𐑨𐑕𐑦𐑓𐑲	ˈklæsɪfaɪ	high	
classmate	𐑒𐑤𐑨𐑕𐑥𐑧𐑘𐑑	ˈklasmejt	𐑒𐑤𐑨𐑕𐑥𐑱𐑑, 𐑒𐑤𐑭𐑕𐑥𐑱𐑑	ˈklⱭːsmeɪt	high	
classroom	𐑒𐑤𐑭𐑕𐑮𐑫𐑥	klɑːsrʊm	𐑒𐑤𐑨𐑕𐑮𐑵𐑥, 𐑒𐑤𐑭𐑕𐑮𐑵𐑥	ˈklⱭːsruːm	high	
claude	𐑒𐑤𐑪𐑛	klɒd	𐑒𐑤𐑷𐑛	klɔːd	high	
claudia	𐑒𐑤𐑬𐑛𐑦𐑩	ˈklaʊdiə	𐑒𐑤𐑷𐑛𐑾	ˈklɔːdiə	high	
claudia	𐑒𐑤𐑷𐑛𐑦𐑩	ˈklɔːdiə	𐑒𐑤𐑷𐑛𐑾	ˈklɔːdiə	high	
claustrophobia	𐑒𐑤𐑪𐑕𐑑𐑮𐑩𐑓𐑴𐑚𐑦𐑩	klɒstrəfəʊbiə	𐑒𐑤𐑷𐑕𐑑𐑮𐑩𐑓𐑴𐑚𐑾	ˌklɔːstrəˈfəʊbɪə	high	
claustrophobia	𐑒𐑤𐑷𐑕𐑑𐑮𐑩𐑓𐑴𐑚𐑦𐑩	ˌklɔːstrəˈfoʊbiə	𐑒𐑤𐑷𐑕𐑑𐑮𐑩𐑓𐑴𐑚𐑾	ˌklɔːstrəˈfəʊbɪə	high	
clayey	𐑒𐑤𐑧𐑰	ˈkleiː	𐑒𐑤𐑱𐑦	ˈkleɪi	high	
clayey	𐑒𐑤𐑱𐑘𐑦	ˈkleɪji	𐑒𐑤𐑱𐑦	ˈkleɪi	high	
clean-limbed	𐑒𐑤𐑦𐑯𐑤𐑦𐑥𐑛	ˌklinˈlɪmd	𐑒𐑤𐑰𐑯-𐑤𐑦𐑥𐑛	kliːn-ˈlɪmd	high	
clean-limbed	𐑒𐑤𐑰𐑯𐑤𐑦𐑥𐑛	ˌkliːnˈlɪmd	𐑒𐑤𐑰𐑯-𐑤𐑦𐑥𐑛	kliːn-ˈlɪmd	high	
cleaner	𐑒𐑤𐑦𐑯𐑼	ˈklinəR	𐑒𐑤𐑰𐑯𐑼	ˈkliːnəR	high	
clear	𐑒𐑤𐑦𐑮	klɪr	𐑒𐑤𐑽	klɪəR	high	
clearance	𐑒𐑤𐑦𐑮𐑩𐑯𐑑𐑕	ˈklɪrənts	𐑒𐑤𐑽𐑩𐑯𐑕	ˈklɪərəns	high	
clearance	𐑒𐑤𐑽𐑩𐑯𐑑𐑕	klɪərənts	𐑒𐑤𐑽𐑩𐑯𐑕	ˈklɪərəns	high	
cleared	𐑒𐑤𐑦𐑮𐑛	klɪrd	𐑒𐑤𐑽𐑛	klɪəRd	high	
clearer	𐑒𐑤𐑦𐑮𐑼	ˈklɪrəR	𐑒𐑤𐑽𐑼	ˈklɪərəR	high	
clearing	𐑒𐑤𐑦𐑮𐑦𐑙	ˈklɪrɪŋ	𐑒𐑤𐑽𐑦𐑙	ˈklɪərɪŋ	high	
cleavage	𐑒𐑤𐑦𐑝𐑦𐑡	ˈklivɪdʒ	𐑒𐑤𐑰𐑝𐑦𐑡	ˈkliːvɪdʒ	high	
cleave	𐑒𐑤𐑦𐑝	kliv	𐑒𐑤𐑰𐑝	kliːv	high	
cleaver	𐑒𐑤𐑦𐑝𐑼	ˈklivəR	𐑒𐑤𐑰𐑝𐑼	ˈkliːvəR	high	
clematis	𐑒𐑤𐑩𐑥𐑨𐑑𐑦𐑕	kləˈmatɪs	𐑒𐑤𐑧𐑥𐑩𐑑𐑦𐑕	ˈklemətɪs	high	
clemency	𐑒𐑤𐑧𐑥𐑩𐑯𐑑𐑕𐑦	ˈkleməntsi	𐑒𐑤𐑧𐑥𐑩𐑯𐑕𐑦	ˈklemənsi	high	
clerk	𐑒𐑤𐑭𐑒	klɑːk	𐑒𐑤𐑸𐑒	klɑːRk	medium	r_gap:spelling=1,ipa=0; shave_says:𐑒𐑤𐑸𐑒
clerk	𐑒𐑤𐑻𐑒	klɜːRk	𐑒𐑤𐑸𐑒	klɑːRk	high	
clerkenwell	𐑒𐑤𐑭𐑒𐑩𐑯𐑢𐑧𐑤	klɑːkənwel	𐑒𐑤𐑸𐑒𐑩𐑯𐑢𐑧𐑤	ˈklɑːRkənwel	medium	r_gap:spelling=1,ipa=0; shave_says:𐑒𐑤𐑸𐑒𐑩𐑯𐑢𐑧𐑤
clerks	𐑒𐑤𐑻𐑒𐑕	klɜːRks	𐑒𐑤𐑸𐑒𐑕	klɑːRks	high	
cleverest	𐑒𐑤𐑧𐑝𐑼𐑦𐑕𐑑	ˈklevəRɪst	𐑒𐑤𐑧𐑝𐑼𐑩𐑕𐑑	ˈklevərəst	high	
cleverly	𐑒𐑤𐑧𐑝𐑩𐑤𐑦	klevəli	𐑒𐑤𐑧𐑝𐑼𐑤𐑦	ˈklevəRli	medium	r_gap:spelling=1,ipa=0; shave_says:𐑒𐑤𐑧𐑝𐑼𐑤𐑦
cleverness	𐑒𐑤𐑧𐑝𐑩𐑯𐑩𐑕	klevənəs	𐑒𐑤𐑧𐑝𐑼𐑯𐑩𐑕	ˈklevəRnəs	medium	r_gap:spelling=1,ipa=0; shave_says:𐑒𐑤𐑧𐑝𐑼𐑯𐑩𐑕
cliche	𐑒𐑤𐑦𐑖𐑱	kliˈʃeɪ	𐑒𐑤𐑰𐑖𐑱	ˈkliːʃeɪ	high	
clientele	𐑒𐑤𐑰𐑪𐑯𐑑𐑧𐑤	kliːɒnˈtel	𐑒𐑤𐑰𐑭𐑯𐑑𐑧𐑤	ˌkliːɑːnˈtel	high	
clientele	𐑒𐑤𐑲𐑩𐑯𐑑𐑧𐑤	klaɪənˈtel	𐑒𐑤𐑰𐑭𐑯𐑑𐑧𐑤	ˌkliːɑːnˈtel	high	
climatically	𐑒𐑤𐑲𐑥𐑨𐑛𐑦𐑒𐑩𐑤𐑦	klaɪˈmædɪkəli	𐑒𐑤𐑲𐑥𐑨𐑑𐑦𐑒𐑤𐑦	klaɪˈmætɪkli	high	
climatology	𐑒𐑤𐑲𐑥𐑦𐑑𐑪𐑤𐑩𐑡𐑦	klaɪmɪˈtɒlədʒi	𐑒𐑤𐑲𐑥𐑩𐑑𐑪𐑤𐑩𐑡𐑦	ˌklaɪməˈtɒlədʒi	high	
clinker-built	𐑒𐑤𐑦𐑙𐑒𐑩𐑚𐑦𐑤𐑑	klɪŋkəbɪlt	𐑒𐑤𐑦𐑙𐑒𐑼-𐑚𐑦𐑤𐑑	ˈklɪŋkəR-bɪlt	medium	r_gap:spelling=1,ipa=0; shave_says:𐑒𐑤𐑦𐑙𐑒𐑼-𐑚𐑦𐑤𐑑
clinker-built	𐑒𐑤𐑦𐑙𐑒𐑼𐑚𐑦𐑤𐑑	ˌklɪŋkəRˈbɪlt	𐑒𐑤𐑦𐑙𐑒𐑼-𐑚𐑦𐑤𐑑	ˈklɪŋkəR-bɪlt	high	
clog	𐑒𐑤𐑷𐑜	klɔːɡ	𐑒𐑤𐑪𐑜	klɒɡ	high	
closer	𐑒𐑤𐑴𐑟𐑼	kləʊzəR	𐑒𐑤𐑴𐑕𐑼	ˈkləʊsəR	high	
closest	𐑒𐑤𐑴𐑕𐑦𐑕𐑑	ˈkləʊsɪst	𐑒𐑤𐑴𐑕𐑩𐑕𐑑	ˈkləʊsəst	high	
closet	𐑒𐑤𐑪𐑟𐑦𐑑	ˈklɒzɪt	𐑒𐑤𐑪𐑟𐑩𐑑	ˈklɒzIt	high	
clot	𐑒𐑤𐑷𐑑	klɔt	𐑒𐑤𐑪𐑑	klɒt	high	
cloth	𐑒𐑤𐑷𐑔	klɔːθ	𐑒𐑤𐑪𐑔	klɒθ	high	
clothed	𐑒𐑤𐑪𐑔𐑑	klɒθt	𐑒𐑤𐑴𐑞𐑛	kləʊðd	high	
clothed	𐑒𐑤𐑷𐑔𐑑	klɔːθt	𐑒𐑤𐑴𐑞𐑛	kləʊðd	high	
cloths	𐑒𐑤𐑪𐑞𐑟	klɒðz	𐑒𐑤𐑪𐑔𐑕	klɒθs	high	
cloths	𐑒𐑤𐑷𐑔𐑕	klɔːθs	𐑒𐑤𐑪𐑔𐑕	klɒθs	high	
cloths	𐑒𐑤𐑷𐑞𐑟	klɔːðz	𐑒𐑤𐑪𐑔𐑕	klɒθs	high	
clout	𐑒𐑤𐑳𐑫𐑑	klʌʊt	𐑒𐑤𐑬𐑑	klaʊt	high	
cloverleaf	𐑒𐑤𐑴𐑝𐑩𐑤𐑰𐑓	kləʊvəliːf	𐑒𐑤𐑴𐑝𐑼𐑤𐑰𐑓	ˈkləʊvəRliːf	medium	r_gap:spelling=1,ipa=0; shave_says:𐑒𐑤𐑴𐑝𐑼𐑤𐑰𐑓
co-ed	𐑒𐑴𐑧𐑛	ˌkoʊˈed	𐑒𐑴-𐑧𐑛	ˈkəʊ-ed	high	
co-opt	𐑒𐑴𐑪𐑐𐑑	ˈkəʊˌɒpt	𐑒𐑴-𐑪𐑐𐑑	kəʊ-ˈɒpt	high	
co-religionist	𐑒𐑴𐑮𐑦𐑤𐑦𐑡𐑩𐑯𐑦𐑕𐑑	kəʊrɪlɪdʒənɪst	𐑒𐑴-𐑮𐑦𐑤𐑦𐑡𐑩𐑯𐑦𐑕𐑑	kəʊ-rɪˈlɪdʒənɪst	high	
coagulate	𐑒𐑴𐑨𐑜𐑘𐑩𐑤𐑩𐑑	kəʊˈæɡjələt	𐑒𐑴𐑨𐑜𐑘𐑩𐑤𐑱𐑑	kəʊˈæɡjəleɪt	high	
coagulation	𐑒𐑴𐑨𐑜𐑘𐑫𐑤𐑱𐑖𐑩𐑯	koʊæɡjuˈleɪʃən	𐑒𐑴𐑨𐑜𐑘𐑩𐑤𐑱𐑖𐑩𐑯	kəʊˌæɡjəˈleɪʃən	high	
coagulation	𐑒𐑴𐑨𐑜𐑿𐑤𐑱𐑖𐑩𐑯	kəʊæɡjuːˈleɪʃən	𐑒𐑴𐑨𐑜𐑘𐑩𐑤𐑱𐑖𐑩𐑯	kəʊˌæɡjəˈleɪʃən	high	
coaled	𐑒𐑷𐑫𐑤𐑛	kɔʊld	𐑒𐑴𐑤𐑛	kəʊld	high	
coals	𐑒𐑷𐑫𐑤𐑟	kɔʊlz	𐑒𐑴𐑤𐑟	kəʊlz	high	
coax	𐑒𐑴𐑨𐑒𐑕	ˈkəʊæks	𐑒𐑴𐑒𐑕	kəʊks	high	
cobbler	𐑒𐑪𐑚𐑩𐑤𐑼	kɒbələR	𐑒𐑪𐑚𐑤𐑼	ˈkɒbləR	high	
cobra	𐑒𐑪𐑚𐑮𐑩	kɒbrə	𐑒𐑴𐑚𐑮𐑩	ˈkəʊbrə	high	
coca-cola	𐑒𐑴𐑒𐑩𐑒𐑴𐑤𐑩	ˌkoʊkəˈkoʊlə	𐑒𐑴𐑒𐑩-𐑒𐑴𐑤𐑩	ˌkəʊkə-ˈkəʊlə	high	
cocaine	𐑒𐑴𐑒𐑱𐑳𐑦𐑯	ˈkəʊkeɪˌʌɪn	𐑒𐑴𐑒𐑱𐑯	kəʊˈkeɪn	high	
cochineal	𐑒𐑪𐑗𐑦𐑯𐑦𐑩𐑤	ˌkɒtʃɪˈniəl	𐑒𐑪𐑗𐑦𐑯𐑰𐑤	ˌkɒtʃɪˈniːl	high	
cochineal	𐑒𐑪𐑗𐑩𐑯𐑦𐑩𐑤	ˈkɒtʃəˌniəl	𐑒𐑪𐑗𐑦𐑯𐑰𐑤	ˌkɒtʃɪˈniːl	high	
cochlea	𐑒𐑪𐑒𐑤𐑦𐑩	ˈkɒkliə	𐑒𐑪𐑒𐑤𐑾	ˈkɒklɪə	high	
cochlea	𐑒𐑴𐑒𐑤𐑦𐑩	ˈkoʊkliə	𐑒𐑪𐑒𐑤𐑾	ˈkɒklɪə	high	
cock-a-doodle-doo	𐑒𐑪𐑒𐑩𐑛𐑫𐑛𐑩𐑤𐑛𐑫	ˌkɒkəˌdudəlˈdu	𐑒𐑪𐑒-𐑩-𐑛𐑵𐑛𐑩𐑤-𐑛𐑵	ˌkɒk-ə-ˌduːdəl-ˈduː	high	
cock-a-doodle-doo	𐑒𐑪𐑒𐑩𐑛𐑵𐑛𐑩𐑤𐑛𐑵	ˌkɒkəˌduːdəlˈduː	𐑒𐑪𐑒-𐑩-𐑛𐑵𐑛𐑩𐑤-𐑛𐑵	ˌkɒk-ə-ˌduːdəl-ˈduː	high	
cockerel	𐑒𐑪𐑒𐑮𐑩𐑤	kɒkrəl	𐑒𐑪𐑒𐑼𐑩𐑤	ˈkɒkərəl	high	
cockroach	𐑒𐑪𐑒𐑼𐑴𐑗	ˈkɒkəroʊtʃ	𐑒𐑪𐑒𐑮𐑴𐑗	ˈkɒkrəʊtʃ	high	
codification	𐑒𐑪𐑛𐑦𐑓𐑦𐑒𐑱𐑖𐑩𐑯	ˌkɒdɪfɪˈkeɪʃən	𐑒𐑴𐑛𐑦𐑓𐑦𐑒𐑱𐑖𐑩𐑯	ˌkəʊdɪfɪˈkeɪʃən	high	
codify	𐑒𐑪𐑛𐑦𐑓𐑲	ˈkɒdɪˌfaɪ	𐑒𐑴𐑛𐑦𐑓𐑲	ˈkəʊdɪfaɪ	high	
coefficient	𐑒𐑴𐑩𐑓𐑦𐑖𐑩𐑯𐑑	ˌkoʊəˈfɪʃənt	𐑒𐑴𐑦𐑓𐑦𐑖𐑩𐑯𐑑	ˌkəʊɪˈfɪʃənt	high	
coercion	𐑒𐑴𐑻𐑠𐑩𐑯	koʊˈɜːRʒən	𐑒𐑴𐑻𐑖𐑩𐑯	kəʊˈɜːRʃən	high	
coeval	𐑒𐑴𐑦𐑝𐑩𐑤	koʊˈivəl	𐑒𐑴𐑰𐑝𐑩𐑤	ˌkəʊˈiːvəl	high	
coffee	𐑒𐑷𐑓𐑦	ˈkɔːfi	𐑒𐑪𐑓𐑦	ˈkɒfi	high	
coffer	𐑒𐑷𐑓𐑼	ˈkɔːfəR	𐑒𐑪𐑓𐑼	ˈkɒfəR	high	
coffin	𐑒𐑷𐑓𐑦𐑯	ˈkɔːfɪn	𐑒𐑪𐑓𐑦𐑯	ˈkɒfɪn	high	
cog	𐑒𐑷𐑜	kɔːɡ	𐑒𐑪𐑜	kɒɡ	high	
cogitate	𐑒𐑴𐑡𐑦𐑑𐑱𐑑	ˈkəʊdʒɪteɪt	𐑒𐑪𐑡𐑦𐑑𐑱𐑑	ˈkɒdʒɪteɪt	high	
cogitation	𐑒𐑭𐑡𐑩𐑑𐑱𐑖𐑩𐑯	ˌkɑːdʒəˈteɪʃən	𐑒𐑪𐑡𐑦𐑑𐑱𐑖𐑩𐑯	ˌkɒdʒɪˈteɪʃən	high	
cogitation	𐑒𐑴𐑡𐑦𐑑𐑱𐑖𐑩𐑯	ˌkəʊdʒɪˈteɪʃən	𐑒𐑪𐑡𐑦𐑑𐑱𐑖𐑩𐑯	ˌkɒdʒɪˈteɪʃən	high	
cognizance	𐑒𐑪𐑯𐑦𐑟𐑩𐑯𐑕	ˈkɒnɪzəns	𐑒𐑪𐑜𐑯𐑦𐑟𐑩𐑯𐑕	ˈkɒɡnɪzəns	high	
cognizant	𐑒𐑪𐑯𐑦𐑟𐑩𐑯𐑑	ˈkɒnɪzənt	𐑒𐑪𐑜𐑯𐑦𐑟𐑩𐑯𐑑	ˈkɒɡnɪzənt	high	
coherence	𐑒𐑴𐑣𐑦𐑮𐑩𐑯𐑑𐑕	koʊˈhɪrənts	𐑒𐑴𐑣𐑽𐑩𐑯𐑕	ˌkəʊˈhɪərəns	high	
coherence	𐑒𐑴𐑣𐑽𐑩𐑯𐑑𐑕	kəʊhɪərənts	𐑒𐑴𐑣𐑽𐑩𐑯𐑕	ˌkəʊˈhɪərəns	high	
coherent	𐑒𐑴𐑣𐑦𐑮𐑩𐑯𐑑	koʊˈhirənt	𐑒𐑴𐑣𐑽𐑩𐑯𐑑	ˌkəʊˈhɪərənt	high	
coherent	𐑒𐑴𐑣𐑧𐑮𐑩𐑯𐑑	koʊˈherənt	𐑒𐑴𐑣𐑽𐑩𐑯𐑑	ˌkəʊˈhɪərənt	high	
cohesion	𐑒𐑴𐑣𐑦𐑠𐑩𐑯	koʊˈhiʒən	𐑒𐑴𐑣𐑰𐑠𐑩𐑯	kəʊˈhiːʒən	high	
cohesive	𐑒𐑴𐑣𐑦𐑕𐑦𐑝	koʊˈhisɪv	𐑒𐑴𐑣𐑰𐑕𐑦𐑝	kəʊˈhiːsɪv	high	
coiffeur	𐑒𐑢𐑪𐑓𐑼	kwɒˈfəR	𐑒𐑢𐑭𐑓𐑻	kwɑːˈfɜːR	high	
coincident	-𐑛𐑧𐑯𐑑	-ˌdent	𐑒𐑴𐑦𐑯𐑕𐑦𐑛𐑩𐑯𐑑	kəʊˈɪnsɪdənt	high	
coincident	𐑒𐑴𐑦𐑯𐑕𐑩𐑛𐑩𐑯𐑑	koʊˈɪnsədənt	𐑒𐑴𐑦𐑯𐑕𐑦𐑛𐑩𐑯𐑑	kəʊˈɪnsɪdənt	high	
coitus	𐑒𐑶𐑑𐑩𐑕	ˈkɔɪtəs	𐑒𐑴𐑦𐑑𐑩𐑕	ˈkəʊɪtəs	high	
colander	𐑒𐑪𐑤𐑩𐑯𐑛𐑼	kɒləndər	𐑒𐑳𐑤𐑩𐑯𐑛𐑼	ˈkʌləndəR	high	
colander	𐑒𐑷𐑤𐑩𐑯𐑛𐑼	ˈkɔːləndəR	𐑒𐑳𐑤𐑩𐑯𐑛𐑼	ˈkʌləndəR	high	
colchester	𐑒𐑷𐑤𐑗𐑧𐑕𐑑𐑼	ˈkɔːltʃestəR	𐑒𐑪𐑤𐑗𐑧𐑕𐑑𐑼	ˈkɒltʃestəR	high	
cold	𐑒𐑷𐑤𐑛	kɔːld	𐑒𐑴𐑤𐑛	kəʊld	high	
cold-blooded	𐑒𐑴𐑤𐑛𐑚𐑤𐑳𐑛𐑩𐑛	ˈkoʊldˈblʌdƏd	𐑒𐑴𐑤𐑛-𐑚𐑤𐑳𐑛𐑩𐑛	kəʊld-ˈblʌdƏd	high	
colin	𐑒𐑴𐑤𐑦𐑯	ˈkəʊlɪn	𐑒𐑪𐑤𐑦𐑯	ˈkɒlɪn	high	
coll	𐑒𐑪𐑤	kɒl	𐑒𐑪𐑤𐑦𐑡	ˈkɒlɪdʒ	high	
collage	𐑒𐑩𐑤𐑪𐑠	kəˈlɒʒ	𐑒𐑪𐑤𐑭𐑠	ˈkɒlɑːʒ	high	
collage	𐑒𐑩𐑤𐑭𐑠	kəˈlɑːʒ	𐑒𐑪𐑤𐑭𐑠	ˈkɒlɑːʒ	high	
collage	𐑒𐑴𐑤𐑪𐑠	koʊˈlɒʒ	𐑒𐑪𐑤𐑭𐑠	ˈkɒlɑːʒ	high	
collate	𐑒𐑴𐑤𐑱𐑑	ˈkoʊleɪt	𐑒𐑩𐑤𐑱𐑑	kəˈleɪt	high	
collating	𐑒𐑪𐑤𐑱𐑑𐑦𐑙	kɒˈleɪtɪŋ	𐑒𐑩𐑤𐑱𐑑𐑦𐑙	kəˈleɪtɪŋ	high	
collating	𐑒𐑴𐑤𐑱𐑑𐑦𐑙	ˈkoʊleɪtɪŋ	𐑒𐑩𐑤𐑱𐑑𐑦𐑙	kəˈleɪtɪŋ	high	
colleague	𐑒𐑪𐑤𐑦𐑜	ˈkɒliɡ	𐑒𐑪𐑤𐑰𐑜	ˈkɒliːɡ	high	
colleagues	𐑒𐑪𐑤𐑦𐑜𐑟	ˈkɒliɡz	𐑒𐑪𐑤𐑰𐑜𐑟	ˈkɒliːɡz	high	
collect	𐑒𐑪𐑤𐑦𐑒𐑑	ˈkɒlɪkt	𐑒𐑩𐑤𐑧𐑒𐑑, 𐑒𐑪𐑤𐑧𐑒𐑑	kəˈlekt	high	
colleen	𐑒𐑩𐑤𐑦𐑯	kəˈlin	𐑒𐑪𐑤𐑰𐑯	ˈkɒliːn	high	
colleen	𐑒𐑩𐑤𐑰𐑯	kəˈliːn	𐑒𐑪𐑤𐑰𐑯	ˈkɒliːn	high	
colleen	𐑒𐑪𐑤𐑦𐑯	kɒˈlin	𐑒𐑪𐑤𐑰𐑯	ˈkɒliːn	high	
colleen	𐑒𐑷𐑤𐑦𐑯	kɔːˈlin	𐑒𐑪𐑤𐑰𐑯	ˈkɒliːn	high	
colleges	𐑒𐑪𐑤𐑩𐑡𐑩𐑟	ˈkɒlədʒƏz	𐑒𐑪𐑤𐑦𐑡𐑩𐑟	ˈkɒlɪdʒƏz	high	
collier	𐑒𐑪𐑤𐑦𐑼	ˈkɒliəR	𐑒𐑪𐑤𐑽	ˈkɒlɪəR	high	
collocate	𐑒𐑪𐑤𐑩𐑒𐑩𐑑	ˈkɒləkət	𐑒𐑪𐑤𐑩𐑒𐑱𐑑	ˈkɒləkeɪt	high	
colloquial	𐑒𐑩𐑤𐑴𐑒𐑢𐑦𐑩𐑤	kəˈloʊkwiəl	𐑒𐑩𐑤𐑴𐑒𐑢𐑾𐑤	kəˈləʊkwɪəl	high	
colloquialism	𐑒𐑩𐑤𐑴𐑒𐑢𐑦𐑩𐑤𐑦𐑟𐑩𐑥	kəˈləʊkwiəˌlɪzəm	𐑒𐑩𐑤𐑴𐑒𐑢𐑾𐑤𐑦𐑟𐑩𐑥	kəˈləʊkwɪəlɪzəm	high	
colloquially	𐑒𐑩𐑤𐑴𐑒𐑢𐑦𐑩𐑤𐑦	kəˈloʊkwiəli	𐑒𐑩𐑤𐑴𐑒𐑢𐑾𐑤𐑦	kəˈləʊkwɪəli	high	
colombo	𐑒𐑩𐑤𐑪𐑥𐑚𐑴	kəˈlɒmbəʊ	𐑒𐑩𐑤𐑳𐑥𐑚𐑴	kəˈlɒmbəʊ	high	
colombo	𐑒𐑪𐑤𐑩𐑥𐑚𐑴	ˈkɒləmbəʊ	𐑒𐑩𐑤𐑳𐑥𐑚𐑴	kəˈlɒmbəʊ	high	
colon	𐑒𐑩𐑤𐑪𐑯	kəˈlɒn	𐑒𐑴𐑤𐑩𐑯	ˈkəʊlən	high	
colon	𐑒𐑩𐑤𐑴𐑯	kəˈloʊn	𐑒𐑴𐑤𐑩𐑯	ˈkəʊlən	high	
colon	𐑒𐑴𐑤𐑪𐑯	ˈkəʊlɒn	𐑒𐑴𐑤𐑩𐑯	ˈkəʊlən	high	
colon	𐑒𐑷𐑤𐑩𐑯	ˈkɔːlən	𐑒𐑴𐑤𐑩𐑯	ˈkəʊlən	high	
colonial	𐑒𐑩𐑤𐑴𐑯𐑘𐑩𐑤	kəˈloʊnjəl	𐑒𐑩𐑤𐑴𐑯𐑾𐑤	kəˈləʊnɪəl	high	
colonial	𐑒𐑩𐑤𐑴𐑯𐑦𐑩𐑤	kəˈləʊniəl	𐑒𐑩𐑤𐑴𐑯𐑾𐑤	kəˈləʊnɪəl	high	
colonialism	𐑒𐑩𐑤𐑴𐑯𐑘𐑩𐑤𐑦𐑟𐑩𐑥	kəˈləʊnjəlɪzəm	𐑒𐑩𐑤𐑴𐑯𐑾𐑤𐑦𐑟𐑩𐑥	kəˈləʊnɪəlɪzəm	high	
colonialism	𐑒𐑩𐑤𐑴𐑯𐑦𐑩𐑤𐑦𐑟𐑩𐑥	kəˈləʊniəlɪzəm	𐑒𐑩𐑤𐑴𐑯𐑾𐑤𐑦𐑟𐑩𐑥	kəˈləʊnɪəlɪzəm	high	
colonialist	𐑒𐑩𐑤𐑴𐑯𐑦𐑩𐑤𐑦𐑕𐑑	kəˈloʊniəlɪst	𐑒𐑩𐑤𐑴𐑯𐑾𐑤𐑦𐑕𐑑	kəˈləʊnɪəlɪst	high	
colonoscopy	𐑒𐑪𐑤𐑩𐑯𐑪𐑕𐑒𐑩𐑐𐑦	ˌkɒləˈnɒskəpi	𐑒𐑴𐑤𐑩𐑯𐑪𐑕𐑒𐑩𐑐𐑦	ˌkəʊləˈnɒskəpi	high	
colony	𐑒𐑷𐑤𐑩𐑯𐑦	ˈkɔːləni	𐑒𐑪𐑤𐑩𐑯𐑦	ˈkɒləni	high	
colorado	𐑒𐑪𐑤𐑼𐑨𐑛𐑴	kɒləˈrædoʊ	𐑒𐑪𐑤𐑼𐑭𐑛𐑴	ˌkɒləˈrɑːdəʊ	high	
colorado	𐑒𐑪𐑤𐑼𐑪𐑛𐑴	kɒləˈrɒdoʊ	𐑒𐑪𐑤𐑼𐑭𐑛𐑴	ˌkɒləˈrɑːdəʊ	high	
colorado	𐑒𐑪𐑤𐑼𐑸𐑛𐑴	kɒlərɑːRdəʊ	𐑒𐑪𐑤𐑼𐑭𐑛𐑴	ˌkɒləˈrɑːdəʊ	high	
colorful	𐑒𐑳𐑤𐑩𐑓𐑩𐑤	kʌləfəl	𐑒𐑳𐑤𐑼𐑓𐑩𐑤	ˈkʌləRfəl	medium	r_gap:spelling=1,ipa=0; shave_says:𐑒𐑳𐑤𐑼𐑓𐑩𐑤
colorless	𐑒𐑳𐑤𐑩𐑤𐑩𐑕	kʌlələs	𐑒𐑳𐑤𐑼𐑤𐑩𐑕	ˈkʌləRləs	medium	r_gap:spelling=1,ipa=0; shave_says:𐑒𐑳𐑤𐑼𐑤𐑩𐑕
colt	𐑒𐑪𐑤𐑑	kɒlt	𐑒𐑴𐑤𐑑	kəʊlt	high	
colt	𐑒𐑷𐑫𐑤𐑑	kɔʊlt	𐑒𐑴𐑤𐑑	kəʊlt	high	
columnist	𐑒𐑪𐑤𐑩𐑥𐑦𐑕𐑑	ˈkɒləmɪst	𐑒𐑪𐑤𐑩𐑥𐑯𐑦𐑕𐑑	ˈkɒləmnɪst	high	
comatose	𐑒𐑪𐑥𐑩𐑑𐑴𐑕	ˈkɒməˌtəʊs	𐑒𐑴𐑥𐑩𐑑𐑴𐑕	ˈkəʊmətəʊs	high	
comb	𐑒𐑪𐑥𐑚	kɒmb	𐑒𐑴𐑥	kəʊm	high	
comb-out	𐑒𐑴𐑥𐑬𐑑	ˈkəʊmˌaʊt	𐑒𐑴𐑥-𐑬𐑑	ˈkəʊm-aʊt	high	
combat	𐑒𐑳𐑥𐑚𐑨𐑑	ˈkʌmˌbæt	𐑒𐑩𐑥𐑚𐑨𐑑, 𐑒𐑪𐑥𐑚𐑨𐑑	ˈkɒmbæt	high	
combatant	𐑒𐑪𐑥𐑚𐑩𐑑𐑩𐑯𐑑	ˈkɒmbətənt	𐑒𐑩𐑥𐑚𐑨𐑑𐑩𐑯𐑑	ˈkəmbætənt	high	
combative	𐑒𐑪𐑥𐑚𐑨𐑑𐑦𐑝	kɒmˈbætɪv	𐑒𐑩𐑥𐑚𐑨𐑑𐑦𐑝	ˈkəmbætɪv	high	
combative	𐑒𐑪𐑥𐑚𐑩𐑑𐑦𐑝	ˈkɒmbətɪv	𐑒𐑩𐑥𐑚𐑨𐑑𐑦𐑝	ˈkəmbætɪv	high	
combs	𐑒𐑪𐑥𐑚𐑟	kɒmbz	𐑒𐑴𐑥𐑟	kəʊmz	high	
come-on	𐑒𐑳𐑥𐑪𐑯	ˈkʌmˌɒn	𐑒𐑳𐑥-𐑪𐑯	ˈkʌm-ɒn	high	
comedy	𐑒𐑪𐑥𐑦𐑛𐑦	ˈkɒmɪdi	𐑒𐑪𐑥𐑩𐑛𐑦	ˈkɒmədi	high	
comer	𐑒𐑴𐑥𐑼	ˈkoʊməR	𐑒𐑳𐑥𐑼	ˈkʌməR	high	
comestible	𐑒𐑩𐑥𐑧𐑕𐑑𐑦𐑚𐑩𐑤	kəˈmestɪbəl	𐑒𐑩𐑥𐑧𐑕𐑑𐑩𐑚𐑩𐑤	kəˈmestəbəl	high	
comfortably	𐑒𐑳𐑥𐑓𐑑𐑼𐑚𐑤𐑦	ˈkʌmftəRbli	𐑒𐑳𐑥𐑓𐑼𐑑𐑩𐑚𐑤𐑦	ˈkʌmfəRtəbli	high	
comfortably	𐑒𐑳𐑥𐑓𐑩𐑑𐑩𐑚𐑤𐑦	kʌmfətəbli	𐑒𐑳𐑥𐑓𐑼𐑑𐑩𐑚𐑤𐑦	ˈkʌmfəRtəbli	medium	r_gap:spelling=1,ipa=0; shave_says:𐑒𐑳𐑥𐑓𐑼𐑑𐑩𐑚𐑤𐑦
comforter	𐑒𐑳𐑥𐑓𐑩𐑑𐑼	kʌmfətəR	𐑒𐑳𐑥𐑓𐑼𐑑𐑼	ˈkʌmfəRtəR	medium	r_gap:spelling=2,ipa=1; shave_says:𐑒𐑳𐑥𐑓𐑼𐑑𐑼
comforting	𐑒𐑳𐑥𐑓𐑩𐑑𐑦𐑙	kʌmfətɪŋ	𐑒𐑳𐑥𐑓𐑼𐑑𐑦𐑙	ˈkʌmfəRtɪŋ	medium	r_gap:spelling=1,ipa=0; shave_says:𐑒𐑳𐑥𐑓𐑼𐑑𐑦𐑙
comfortless	𐑒𐑳𐑥𐑓𐑩𐑑𐑤𐑩𐑕	kʌmfətləs	𐑒𐑳𐑥𐑓𐑼𐑑𐑤𐑩𐑕	ˈkʌmfəRtləs	medium	r_gap:spelling=1,ipa=0; shave_says:𐑒𐑳𐑥𐑓𐑼𐑑𐑤𐑩𐑕
comically	𐑒𐑪𐑥𐑦𐑒𐑩𐑤𐑦	ˈkɒmɪkəli	𐑒𐑪𐑥𐑦𐑒𐑤𐑦	ˈkɒmɪkli	high	
comma	𐑒𐑷𐑥𐑩	ˈkɔmə	𐑒𐑪𐑥𐑩	ˈkɒmə	high	
commandant	-𐑛𐑪𐑯𐑑	-dɒnt	𐑒𐑪𐑥𐑩𐑯𐑛𐑨𐑯𐑑	ˌkɒmənˈdænt	high	
commandant	𐑒𐑪𐑥𐑩𐑯𐑛𐑩𐑯𐑑	ˈkɒməndənt	𐑒𐑪𐑥𐑩𐑯𐑛𐑨𐑯𐑑	ˌkɒmənˈdænt	high	
commandant	𐑒𐑪𐑥𐑩𐑯𐑛𐑭𐑯𐑑	ˈkɒməndɑːnt	𐑒𐑪𐑥𐑩𐑯𐑛𐑨𐑯𐑑	ˌkɒmənˈdænt	high	
commendation	𐑒𐑪𐑥𐑩𐑯𐑛𐑱𐑖𐑩𐑯	ˌkɒmənˈdeɪʃən	𐑒𐑪𐑥𐑧𐑯𐑛𐑱𐑖𐑩𐑯	ˌkɒmenˈdeɪʃən	high	
commensurate	𐑒𐑩𐑥𐑧𐑯𐑕𐑼𐑩𐑑	kəˈmensərət	𐑒𐑩𐑥𐑧𐑯𐑖𐑼𐑩𐑑	kəˈmenʃərət	high	
commentary	𐑒𐑪𐑥𐑩𐑯𐑑𐑧𐑮𐑦	ˈkɒmənˌteri	𐑒𐑪𐑥𐑩𐑯𐑑𐑮𐑦	ˈkɒməntri	high	
commentary	𐑒𐑪𐑥𐑩𐑯𐑑𐑼𐑦	kɒməntəri	𐑒𐑪𐑥𐑩𐑯𐑑𐑮𐑦	ˈkɒməntri	high	
commerce	𐑒𐑩𐑥𐑻𐑕	kəmɜːRs	𐑒𐑪𐑥𐑻𐑕	ˈkɒmɜːRs	high	
commerce	𐑒𐑪𐑥𐑩𐑕	kɒməs	𐑒𐑪𐑥𐑻𐑕	ˈkɒmɜːRs	medium	r_gap:spelling=1,ipa=0; shave_says:𐑒𐑪𐑥𐑼𐑕
commerce	𐑒𐑪𐑥𐑼𐑕	ˈkɒməRs	𐑒𐑪𐑥𐑻𐑕	ˈkɒmɜːRs	high	
commercialization	𐑒𐑩𐑥𐑻𐑖𐑩𐑤𐑩𐑟𐑱𐑖𐑩𐑯	kəmɜːRʃələzeɪʃən	𐑒𐑩𐑥𐑻𐑖𐑩𐑤𐑲𐑟𐑱𐑖𐑩𐑯	kəˌmɜːRʃəlaɪˈzeɪʃən	high	
commercialize	𐑒𐑩𐑥𐑼𐑖𐑩𐑤𐑲𐑟	kəˈməRʃəlaɪz	𐑒𐑩𐑥𐑻𐑖𐑩𐑤𐑲𐑟	kəˈmɜːRʃəlaɪz	high	
commiserate	𐑒𐑩𐑥𐑦𐑟𐑼𐑩𐑑	kəmɪzərət	𐑒𐑩𐑥𐑦𐑟𐑼𐑱𐑑	kəˈmɪzəreɪt	high	
commissar	𐑒𐑪𐑥𐑩𐑕𐑸	ˈkɒməˌsɑːR	𐑒𐑪𐑥𐑦𐑕𐑸	ˈkɒmɪsɑːR	high	
commissariat	𐑒𐑪𐑥𐑦𐑕𐑧𐑮𐑦𐑩𐑑	ˌkɒmɪˈseriət	𐑒𐑪𐑥𐑦𐑕𐑺𐑾𐑑	ˌkɒmɪˈseərɪət	high	
commissary	𐑒𐑪𐑥𐑦𐑕𐑧𐑮𐑦	ˈkɒmɪˌseri	𐑒𐑪𐑥𐑦𐑕𐑼𐑦	ˈkɒmɪsəri	high	
commissary	𐑒𐑪𐑥𐑩𐑕𐑧𐑮𐑦	ˈkɒməˌseri	𐑒𐑪𐑥𐑦𐑕𐑼𐑦	ˈkɒmɪsəri	high	
commissionaire	𐑒𐑩𐑥𐑦𐑖𐑩𐑯𐑧𐑮	kəˌmɪʃəˈner	𐑒𐑩𐑥𐑦𐑖𐑩𐑯𐑺	kəˌmɪʃəˈneəR	high	
commissionaire	𐑒𐑩𐑥𐑦𐑖𐑩𐑯𐑻	kəmɪʃənɜːR	𐑒𐑩𐑥𐑦𐑖𐑩𐑯𐑺	kəˌmɪʃəˈneəR	high	
commitments	𐑒𐑩𐑥𐑦𐑑𐑥𐑦𐑯𐑑𐑕	kəˈmɪtmɪnts	𐑒𐑩𐑥𐑦𐑑𐑥𐑩𐑯𐑑𐑕	kəˈmɪtmənts	high	
committee	𐑒𐑪𐑥𐑦𐑑𐑰	ˌkɒmɪˈtiː	𐑒𐑩𐑥𐑦𐑑𐑦	kəˈmɪti	high	
commodious	𐑒𐑩𐑥𐑴𐑛𐑦𐑩𐑕	kəˈmoʊdiəs	𐑒𐑩𐑥𐑴𐑛𐑾𐑕	kəˈməʊdɪəs	high	
commodities	𐑒𐑩𐑥𐑪𐑛𐑩𐑑𐑦𐑟	kəˈmɒdətiz	𐑒𐑩𐑥𐑪𐑛𐑦𐑑𐑦𐑟	kəˈmɒdɪtiz	high	
commodity	𐑒𐑩𐑥𐑪𐑛𐑩𐑑𐑦	kəˈmɒdəti	𐑒𐑩𐑥𐑪𐑛𐑦𐑑𐑦	kəˈmɒdɪti	high	
common	𐑒𐑪𐑥𐑦𐑯	ˈkɒmɪn	𐑒𐑪𐑥𐑩𐑯	ˈkɒmən	high	
communal	𐑒𐑩𐑥𐑘𐑫𐑯𐑩𐑤	kəˈmjunəl	𐑒𐑪𐑥𐑘𐑫𐑯𐑩𐑤	ˈkɒmjʊnəl	high	
communal	𐑒𐑩𐑥𐑿𐑯𐑩𐑤	kəˈmjuːnəl	𐑒𐑪𐑥𐑘𐑫𐑯𐑩𐑤	ˈkɒmjʊnəl	high	
communal	𐑒𐑪𐑥𐑘𐑩𐑯𐑩𐑤	ˈkɒmjənəl	𐑒𐑪𐑥𐑘𐑫𐑯𐑩𐑤	ˈkɒmjʊnəl	high	
communicating	𐑒𐑩𐑥𐑘𐑫𐑯𐑩𐑒𐑱𐑑𐑦𐑙	kəˈmjunəˌkeɪtɪŋ	𐑒𐑩𐑥𐑿𐑯𐑦𐑒𐑱𐑑𐑦𐑙	kəˈmjuːnɪkeɪtɪŋ	high	
communication	𐑒𐑩𐑥𐑘𐑫𐑯𐑦𐑒𐑱𐑖𐑩𐑯	kəˌmjunɪˈkeɪʃən	𐑒𐑩𐑥𐑿𐑯𐑦𐑒𐑱𐑖𐑩𐑯	kəˌmjuːnɪˈkeɪʃən	high	
communications	𐑒𐑩𐑥𐑘𐑫𐑯𐑦𐑒𐑱𐑖𐑩𐑯𐑟	kəˌmjunɪˈkeɪʃənz	𐑒𐑩𐑥𐑿𐑯𐑦𐑒𐑱𐑖𐑩𐑯𐑟	kəˌmjuːnɪˈkeɪʃənz	high	
communicator	𐑒𐑩𐑥𐑘𐑫𐑯𐑦𐑒𐑱𐑑𐑼	kəˈmjunɪkeɪtəR	𐑒𐑩𐑥𐑿𐑯𐑦𐑒𐑱𐑑𐑼	kəˈmjuːnɪkeɪtəR	high	
communism	𐑒𐑪𐑥𐑘𐑫𐑯𐑦𐑟𐑩𐑥	ˈkɒmjunɪzəm	𐑒𐑪𐑥𐑘𐑩𐑯𐑦𐑟𐑩𐑥	ˈkɒmjənɪzəm	high	
communist	𐑒𐑪𐑥𐑘𐑫𐑯𐑦𐑕𐑑	ˈkɒmjunɪst	𐑒𐑪𐑥𐑘𐑩𐑯𐑦𐑕𐑑	ˈkɒmjənɪst	high	
community	𐑒𐑩𐑥𐑘𐑫𐑯𐑩𐑑𐑦	kəˈmjunəti	𐑒𐑩𐑥𐑿𐑯𐑦𐑑𐑦	kəˈmjuːnɪti	high	
commute	𐑒𐑩𐑥𐑘𐑫𐑑	kəˈmjut	𐑒𐑩𐑥𐑿𐑑	kəˈmjuːt	high	
compactor	𐑒𐑪𐑥𐑐𐑨𐑒𐑑𐑼	kɒmˈpæktəR	𐑒𐑩𐑥𐑐𐑨𐑒𐑑𐑼	kəmˈpæktəR	high	
comparable	𐑒𐑩𐑥𐑐𐑨𐑮𐑩𐑚𐑤	kəmpærəbl	𐑒𐑪𐑥𐑐𐑼𐑩𐑚𐑩𐑤	ˈkɒmpərəbəl	high	
comparable	𐑒𐑪𐑥𐑐𐑼𐑩𐑚𐑤	kɒmpərəbl	𐑒𐑪𐑥𐑐𐑼𐑩𐑚𐑩𐑤	ˈkɒmpərəbəl	high	
compare	𐑒𐑩𐑥𐑐𐑧𐑮	kəmˈper	𐑒𐑩𐑥𐑐𐑺	kəmˈpeəR	high	
compare	𐑒𐑩𐑥𐑐𐑻	kəmpɜːR	𐑒𐑩𐑥𐑐𐑺	kəmˈpeəR	high	
compared	𐑒𐑩𐑥𐑐𐑧𐑮𐑛	kəmˈperd	𐑒𐑩𐑥𐑐𐑺𐑛	kəmˈpeəRd	high	
comparing	𐑒𐑩𐑥𐑐𐑧𐑮𐑦𐑙	kəmˈperɪŋ	𐑒𐑩𐑥𐑐𐑺𐑦𐑙	kəmˈpeərɪŋ	high	
compartmentalize	𐑒𐑩𐑥𐑐𐑸𐑑𐑥𐑧𐑯𐑑𐑩𐑤𐑲𐑟	kəmˌpɑːRtˈmentəlˌaɪz	𐑒𐑪𐑥𐑐𐑸𐑑𐑥𐑧𐑯𐑑𐑩𐑤𐑲𐑟	ˌkɒmpɑːRtˈmentəlaɪz	high	
compatibility	𐑒𐑩𐑥𐑐𐑨𐑑𐑩𐑚𐑦𐑤𐑩𐑑𐑦	kəmˌpætəˈbɪləti	𐑒𐑩𐑥𐑐𐑨𐑑𐑩𐑚𐑦𐑤𐑦𐑑𐑦	kəmˌpætəˈbɪlɪti	high	
compensate	𐑒𐑪𐑥𐑐𐑧𐑯𐑕𐑱𐑑	ˈkɒmpenseɪt	𐑒𐑪𐑥𐑐𐑩𐑯𐑕𐑱𐑑	ˈkɒmpənseɪt	high	
compensation	𐑒𐑪𐑥𐑐𐑩𐑯𐑕𐑱𐑖𐑩𐑯	ˌkɒmpənˈseɪʃən	𐑒𐑪𐑥𐑐𐑧𐑯𐑕𐑱𐑖𐑩𐑯	ˌkɒmpenˈseɪʃən	high	
compensatory	𐑒𐑩𐑥𐑐𐑧𐑯𐑕𐑩𐑑𐑹𐑦	kəmˈpensəˌtɔːRi	𐑒𐑩𐑥𐑐𐑧𐑯𐑕𐑩𐑑𐑼𐑦	kəmˈpensətəri	high	
compensatory	𐑒𐑪𐑥𐑐𐑧𐑯𐑕𐑩𐑑𐑼𐑦	kɒmpensətəri	𐑒𐑩𐑥𐑐𐑧𐑯𐑕𐑩𐑑𐑼𐑦	kəmˈpensətəri	high	
compensatory	𐑒𐑪𐑥𐑐𐑧𐑯𐑕𐑱𐑑𐑼𐑦	kɒmpenseɪtəri	𐑒𐑩𐑥𐑐𐑧𐑯𐑕𐑩𐑑𐑼𐑦	kəmˈpensətəri	high	
compere	𐑒𐑪𐑥𐑐𐑻	kɒmpɜːr	𐑒𐑪𐑥𐑐𐑺	ˈkɒmpeəR	high	
compere	𐑒𐑭𐑥𐑐𐑧𐑮	ˈkɑːmper	𐑒𐑪𐑥𐑐𐑺	ˈkɒmpeəR	high	
competence	𐑒𐑪𐑥𐑐𐑩𐑑𐑩𐑯𐑕	ˈkɒmpətəns	𐑒𐑪𐑥𐑐𐑦𐑑𐑩𐑯𐑕	ˈkɒmpɪtəns	high	
competency	𐑒𐑪𐑥𐑐𐑩𐑑𐑩𐑯𐑕𐑦	ˈkɒmpətənsi	𐑒𐑪𐑥𐑐𐑦𐑑𐑩𐑯𐑕𐑦	ˈkɒmpɪtənsi	high	
competitive	𐑒𐑩𐑥𐑐𐑧𐑑𐑦𐑑𐑦𐑝	kəmˈpetɪtɪv	𐑒𐑩𐑥𐑐𐑧𐑑𐑩𐑑𐑦𐑝	kəmˈpetətɪv	high	
complaisant	𐑒𐑩𐑥𐑐𐑤𐑱𐑕𐑩𐑯𐑑	kəmˈpleɪsənt	𐑒𐑩𐑥𐑐𐑤𐑱𐑟𐑩𐑯𐑑	kəmˈpleɪzənt	high	
complement	𐑒𐑪𐑥𐑐𐑤𐑩𐑥𐑩𐑯𐑑	ˈkɒmpləmənt	𐑒𐑪𐑥𐑐𐑤𐑦𐑥𐑧𐑯𐑑, 𐑒𐑪𐑥𐑐𐑤𐑦𐑥𐑩𐑯𐑑	ˈkɒmplɪmənt	high	
complete	𐑒𐑪𐑥𐑐𐑤𐑰𐑑	kɒmˈpliːt	𐑒𐑩𐑥𐑐𐑤𐑰𐑑	kəmˈpliːt	high	
complex	𐑒𐑩𐑥-	kəm-	𐑒𐑪𐑥𐑐𐑤𐑧𐑒𐑕	ˈkɒmpleks	high	
complex	𐑒𐑩𐑥𐑐𐑤𐑧𐑒𐑕	kəmˈpleks	𐑒𐑪𐑥𐑐𐑤𐑧𐑒𐑕	ˈkɒmpleks	high	
compliant	𐑒𐑩𐑥𐑐𐑤𐑳𐑾𐑯𐑑	kəmˈplʌɪənt	𐑒𐑩𐑥𐑐𐑤𐑲𐑩𐑯𐑑	kəmˈplaɪənt	high	
complicate	𐑒𐑪𐑥𐑐𐑤𐑦𐑒𐑩𐑑	ˈkɒmplɪkət	𐑒𐑪𐑥𐑐𐑤𐑦𐑒𐑱𐑑	ˈkɒmplɪkeɪt	high	
complication	𐑒𐑪𐑥𐑐𐑤𐑩𐑒𐑱𐑖𐑩𐑯	ˌkɒmpləˈkeɪʃən	𐑒𐑪𐑥𐑐𐑤𐑦𐑒𐑱𐑖𐑩𐑯	ˌkɒmplɪˈkeɪʃən	high	
compliment	𐑒𐑪𐑥𐑐𐑤𐑩𐑥𐑩𐑯𐑑	ˈkɒmpləmənt	𐑒𐑪𐑥𐑐𐑤𐑦𐑥𐑧𐑯𐑑, 𐑒𐑪𐑥𐑐𐑤𐑦𐑥𐑩𐑯𐑑	ˈkɒmplɪmənt	high	
components	𐑒𐑩𐑥𐑐𐑴𐑯𐑦𐑯𐑑𐑕	kəmˈpoʊnɪnts	𐑒𐑩𐑥𐑐𐑴𐑯𐑩𐑯𐑑𐑕	kəmˈpəʊnənts	high	
composite	𐑒𐑩𐑥𐑐𐑪𐑟𐑦𐑑	kəmˈpɒzɪt	𐑒𐑪𐑥𐑐𐑩𐑟𐑦𐑑	ˈkɒmpəzɪt	high	
compost	𐑒𐑪𐑥𐑐𐑴𐑕𐑑	ˈkɒmpoʊst	𐑒𐑪𐑥𐑐𐑪𐑕𐑑	ˈkɒmpɒst	high	
composting	𐑒𐑪𐑥𐑐𐑴𐑕𐑑𐑦𐑙	ˈkɒmpoʊstɪŋ	𐑒𐑪𐑥𐑐𐑪𐑕𐑑𐑦𐑙	ˈkɒmpɒstɪŋ	high	
compote	𐑒𐑪𐑥𐑐𐑪𐑑	ˈkɒmpɒt	𐑒𐑪𐑥𐑐𐑴𐑑	ˈkɒmpəʊt	high	
comprehensive	𐑒𐑪𐑥𐑐𐑮𐑩𐑣𐑧𐑯𐑕𐑦𐑝	ˌkɒmprəˈhensɪv	𐑒𐑪𐑥𐑐𐑮𐑦𐑣𐑧𐑯𐑕𐑦𐑝	ˌkɒmprɪˈhensɪv	high	
computationally	𐑒𐑪𐑥𐑐𐑘𐑩𐑑𐑱𐑖𐑩𐑯𐑩𐑤𐑦	ˌkɒmpjəˈteɪʃənəli	𐑒𐑪𐑥𐑐𐑘𐑩𐑑𐑱𐑖𐑩𐑯𐑤𐑦	ˌkɒmpjəˈteɪʃənli	high	
compute	𐑒𐑩𐑥𐑐𐑘𐑫𐑑	kəmˈpjut	𐑒𐑩𐑥𐑐𐑿𐑑	kəmˈpjuːt	high	
computer	𐑒𐑩𐑥𐑐𐑘𐑫𐑑𐑼	kəmˈpjutəR	𐑒𐑩𐑥𐑐𐑿𐑑𐑼	kəmˈpjuːtəR	high	
computers	𐑒𐑩𐑥𐑐𐑘𐑫𐑑𐑼𐑟	kəmˈpjutəRz	𐑒𐑩𐑥𐑐𐑿𐑑𐑼𐑟	kəmˈpjuːtəRz	high	
comrade	𐑒𐑪𐑥𐑮𐑨𐑛	ˈkɒmræd	𐑒𐑪𐑥𐑮𐑱𐑛	ˈkɒmreɪd	high	
comrade	𐑒𐑪𐑥𐑮𐑩𐑛	ˈkɒmrəd	𐑒𐑪𐑥𐑮𐑱𐑛	ˈkɒmreɪd	high	
comrades	𐑒𐑪𐑥𐑮𐑨𐑛𐑟	ˈkɒmrædz	𐑒𐑪𐑥𐑮𐑱𐑛𐑟	ˈkɒmreɪdz	high	
concave	𐑒𐑩𐑯𐑒𐑱𐑝	kənˈkeɪv	𐑒𐑪𐑯𐑒𐑱𐑝	ˈkɒnkeɪv	high	
conceal	𐑒𐑩𐑯𐑕𐑦𐑤	kənˈsil	𐑒𐑩𐑯𐑕𐑰𐑤	kənˈsiːl	high	
concealing	𐑒𐑩𐑯𐑕𐑦𐑤𐑦𐑙	kənˈsilɪŋ	𐑒𐑩𐑯𐑕𐑰𐑤𐑦𐑙	kənˈsiːlɪŋ	high	
concede	𐑒𐑩𐑯𐑕𐑦𐑛	kənˈsid	𐑒𐑩𐑯𐑕𐑰𐑛	kənˈsiːd	high	
conceptual	𐑒𐑩𐑯𐑕𐑧𐑐𐑑𐑘𐑩𐑩𐑤	kənˈseptjəəl	𐑒𐑩𐑯𐑕𐑧𐑐𐑗𐑫𐑩𐑤	kənˈseptʃuəl	high	
conceptual	𐑒𐑩𐑯𐑕𐑧𐑐𐑗𐑫𐑼𐑤	kənˈseptʃʊəl	𐑒𐑩𐑯𐑕𐑧𐑐𐑗𐑫𐑩𐑤	kənˈseptʃuəl	medium	ml_disagrees:𐑒𐑩𐑯𐑕𐑧𐑐𐑗𐑫𐑩𐑤; shave_says:𐑒𐑩𐑯𐑕𐑧𐑐𐑗𐑵𐑩𐑤
conceptually	𐑒𐑩𐑯𐑕𐑧𐑐𐑑𐑘𐑩𐑩𐑤𐑦	kənˈseptjəəli	𐑒𐑩𐑯𐑕𐑧𐑐𐑗𐑫𐑩𐑤𐑦	kənˈseptʃuəli	high	
conceptually	𐑒𐑩𐑯𐑕𐑧𐑐𐑗𐑫𐑼𐑤𐑦	kənˈseptʃʊəli	𐑒𐑩𐑯𐑕𐑧𐑐𐑗𐑫𐑩𐑤𐑦	kənˈseptʃuəli	medium	ml_disagrees:𐑒𐑩𐑯𐑕𐑧𐑐𐑗𐑫𐑩𐑤𐑦; shave_says:𐑒𐑩𐑯𐑕𐑧𐑐𐑗𐑵𐑤𐑦
concertina	𐑒𐑪𐑯𐑕𐑩𐑑𐑰𐑯𐑩	kɒnsətiːnə	𐑒𐑪𐑯𐑕𐑼𐑑𐑰𐑯𐑩	ˌkɒnsəRˈtiːnə	medium	r_gap:spelling=1,ipa=0; shave_says:𐑒𐑪𐑯𐑕𐑼𐑑𐑰𐑯𐑩
concertina	𐑒𐑪𐑯𐑕𐑼𐑑𐑦𐑯𐑩	ˌkɒnsəRˈtinə	𐑒𐑪𐑯𐑕𐑼𐑑𐑰𐑯𐑩	ˌkɒnsəRˈtiːnə	high	
concerto	𐑒𐑩𐑯𐑗𐑧𐑮𐑑𐑴	kənˈtʃertoʊ	𐑒𐑩𐑯𐑗𐑺𐑑𐑴	kənˈtʃeəRtəʊ	high	
concessionaire	𐑒𐑩𐑯𐑕𐑧𐑖𐑩𐑯𐑧𐑮	kənˌseʃəˈner	𐑒𐑩𐑯𐑕𐑧𐑖𐑩𐑯𐑺	kənˌseʃəˈneəR	high	
concierge	𐑒𐑪𐑯𐑕𐑦𐑧𐑮𐑠	ˌkɒnsiˈerʒ	𐑒𐑪𐑯𐑕𐑦𐑺𐑠	ˌkɒnsɪˈeəRʒ	high	
conciliatory	𐑒𐑩𐑯𐑕𐑦𐑤𐑦𐑩𐑑𐑹𐑦	kənˈsɪliəˌtɔːRi	𐑒𐑩𐑯𐑕𐑦𐑤𐑾𐑑𐑼𐑦	kənˈsɪlɪətəri	high	
conclave	𐑒𐑪𐑙-	ˈkɒŋ-	𐑒𐑪𐑯𐑒𐑤𐑱𐑝	ˈkɒnkleɪv	high	
concoction	𐑒𐑩𐑙-	kəŋ-	𐑒𐑩𐑯𐑒𐑪𐑒𐑖𐑩𐑯	kənˈkɒkʃən	high	
concomitant	𐑒𐑩𐑯𐑒𐑭𐑥𐑩𐑑𐑩𐑯𐑑	kənˈkɑːmətənt	𐑒𐑩𐑯𐑒𐑪𐑥𐑦𐑑𐑩𐑯𐑑	kənˈkɒmɪtənt	high	
concord	𐑒𐑩𐑙𐑒𐑹𐑛	kəŋkɔːRd	𐑒𐑪𐑯𐑒𐑹𐑛	ˈkɒnkɔːRd	high	
concord	𐑒𐑩𐑯𐑒𐑹𐑛	kənkɔːRd	𐑒𐑪𐑯𐑒𐑹𐑛	ˈkɒnkɔːRd	high	
concord	𐑒𐑪𐑙𐑒𐑹𐑛	kɒŋkɔːRd	𐑒𐑪𐑯𐑒𐑹𐑛	ˈkɒnkɔːRd	high	
concord	𐑒𐑪𐑙𐑒𐑼𐑛	ˈkɒŋkəRd	𐑒𐑪𐑯𐑒𐑹𐑛	ˈkɒnkɔːRd	high	
concord	𐑒𐑪𐑯𐑒𐑼𐑛	ˈkɒnkəRd	𐑒𐑪𐑯𐑒𐑹𐑛	ˈkɒnkɔːRd	high	
concrete	𐑒𐑩𐑙𐑒𐑮𐑰𐑑	kəŋkriːt	𐑒𐑪𐑯𐑒𐑮𐑰𐑑	ˈkɒnkriːt	high	
concrete	𐑒𐑩𐑯𐑒𐑮𐑰𐑑	kənkriːt	𐑒𐑪𐑯𐑒𐑮𐑰𐑑	ˈkɒnkriːt	high	
concrete	𐑒𐑪𐑙𐑒𐑮𐑰𐑑	kɒŋkriːt	𐑒𐑪𐑯𐑒𐑮𐑰𐑑	ˈkɒnkriːt	high	
concrete	𐑒𐑪𐑯𐑒𐑮𐑦𐑑	ˌkɒnˈkrit	𐑒𐑪𐑯𐑒𐑮𐑰𐑑	ˈkɒnkriːt	high	
concur	𐑒𐑩𐑙𐑒𐑻	kəŋˈkɜːR	𐑒𐑩𐑯𐑒𐑻	kənˈkɜːR	high	
concurrent	𐑒𐑩𐑙𐑒𐑳𐑮𐑩𐑯𐑑	kəŋkʌrənt	𐑒𐑩𐑯𐑒𐑳𐑮𐑩𐑯𐑑	kənˈkʌrənt	medium	r_gap:spelling=2,ipa=1; shave_says:𐑒𐑩𐑯𐑒𐑳𐑮𐑩𐑯𐑑
concurrent	𐑒𐑩𐑙𐑒𐑻𐑮𐑩𐑯𐑑	kəŋˈkɜːRrənt	𐑒𐑩𐑯𐑒𐑳𐑮𐑩𐑯𐑑	kənˈkʌrənt	high	
concurrent	𐑒𐑪𐑙𐑒𐑳𐑮𐑩𐑯𐑑	kɒŋkʌrənt	𐑒𐑩𐑯𐑒𐑳𐑮𐑩𐑯𐑑	kənˈkʌrənt	medium	r_gap:spelling=2,ipa=1; shave_says:𐑒𐑩𐑯𐑒𐑳𐑮𐑩𐑯𐑑
concuss	𐑒𐑪𐑯𐑒𐑳𐑕	ˈkɒnkʌs	𐑒𐑩𐑯𐑒𐑳𐑕	kənˈkʌs	high	
concussion	𐑒𐑩𐑙𐑒𐑩𐑖𐑦𐑯	kəŋkˈəʃɪn	𐑒𐑩𐑯𐑒𐑳𐑖𐑩𐑯	kənˈkʌʃən	high	
condemnation	𐑒𐑪𐑯𐑛𐑩𐑥𐑯𐑱𐑖𐑩𐑯	ˌkɒndəmˈneɪʃən	𐑒𐑪𐑯𐑛𐑧𐑥𐑯𐑱𐑖𐑩𐑯	ˌkɒndemˈneɪʃən	high	
condescend	𐑒𐑪𐑯𐑛𐑩𐑕𐑧𐑯𐑛	ˌkɒndəˈsend	𐑒𐑪𐑯𐑛𐑦𐑕𐑧𐑯𐑛	ˌkɒndɪˈsend	high	
condescending	𐑒𐑪𐑯𐑛𐑩𐑕𐑧𐑯𐑛𐑦𐑙	ˌkɒndəˈsendɪŋ	𐑒𐑪𐑯𐑛𐑦𐑕𐑧𐑯𐑛𐑦𐑙	ˌkɒndɪˈsendɪŋ	high	
condescending	𐑒𐑷𐑯𐑛𐑦𐑕𐑧𐑯𐑛𐑦𐑙	ˈkɔndɪsendɪŋ	𐑒𐑪𐑯𐑛𐑦𐑕𐑧𐑯𐑛𐑦𐑙	ˌkɒndɪˈsendɪŋ	high	
condign	𐑒𐑩𐑯𐑛𐑳𐑦𐑯	kənˈdʌɪn	𐑒𐑩𐑯𐑛𐑲𐑯	kənˈdaɪn	high	
condiment	𐑒𐑪𐑯𐑛𐑩𐑥𐑩𐑯𐑑	ˈkɒndəmənt	𐑒𐑪𐑯𐑛𐑦𐑥𐑩𐑯𐑑	ˈkɒndɪmənt	high	
condom	𐑒𐑪𐑯𐑛𐑩𐑥	ˈkɒndəm	𐑒𐑪𐑯𐑛𐑪𐑥	ˈkɒndɒm	high	
condom	𐑒𐑳𐑯𐑛𐑩𐑥	ˈkʌndəm	𐑒𐑪𐑯𐑛𐑪𐑥	ˈkɒndɒm	high	
condominium	𐑒𐑪𐑯𐑛𐑩𐑥𐑦𐑯𐑦𐑩𐑥	kɒndəˈmɪniəm	𐑒𐑪𐑯𐑛𐑩𐑥𐑦𐑯𐑾𐑥	ˌkɒndəˈmɪnɪəm	high	
conduce	-𐑡𐑵𐑕	-ˈdʒuːs	𐑒𐑩𐑯𐑡𐑵𐑕	kənˈdʒuːs	high	
conduce	𐑒𐑩𐑯𐑛𐑘𐑫𐑕	kənˈdjus	𐑒𐑩𐑯𐑡𐑵𐑕	kənˈdʒuːs	high	
conduce	𐑒𐑩𐑯𐑛𐑿𐑕	kənˈdjuːs	𐑒𐑩𐑯𐑡𐑵𐑕	kənˈdʒuːs	high	
conducive	𐑒𐑩𐑯𐑛𐑫𐑕𐑦𐑝	kənˈdusɪv	𐑒𐑩𐑯𐑡𐑵𐑕𐑦𐑝	kənˈdʒuːsɪv	high	
conducive	𐑒𐑩𐑯𐑛𐑿𐑕𐑦𐑝	kənˈdjuːsɪv	𐑒𐑩𐑯𐑡𐑵𐑕𐑦𐑝	kənˈdʒuːsɪv	high	
conduit	𐑒𐑪𐑯𐑛𐑘𐑩𐑦𐑑	ˈkɒndjəɪt	𐑒𐑪𐑯𐑛𐑫𐑦𐑑	ˈkɒnduɪt	high	
conduit	𐑒𐑪𐑯𐑛𐑦𐑑	ˈkɒndɪt	𐑒𐑪𐑯𐑛𐑫𐑦𐑑	ˈkɒnduɪt	high	
confab	𐑒𐑩𐑯𐑓𐑨𐑚	kənˈfæb	𐑒𐑪𐑯𐑓𐑨𐑚	ˈkɒnfæb	high	
confab	𐑒𐑪𐑯-	kɒn-	𐑒𐑪𐑯𐑓𐑨𐑚	ˈkɒnfæb	high	
confer	𐑒𐑩𐑯𐑓𐑳𐑮	kənˈfʌr	𐑒𐑩𐑯𐑓𐑻	kənˈfɜːR	high	
confessor	𐑒𐑪𐑯𐑓𐑧𐑕𐑹	kɒnfesɔːR	𐑒𐑩𐑯𐑓𐑧𐑕𐑼	kənˈfesəR	high	
confessor	𐑒𐑪𐑯𐑓𐑧𐑕𐑼	kɒnfesəR	𐑒𐑩𐑯𐑓𐑧𐑕𐑼	kənˈfesəR	high	
confidant	𐑒𐑪𐑯𐑓𐑦𐑛𐑪𐑯𐑑	ˈkɒnfɪdɒnt	𐑒𐑪𐑯𐑓𐑦𐑛𐑨𐑯𐑑	ˌkɒnfɪˈdænt	high	
confident	-𐑛𐑩𐑯𐑑	-dənt	𐑒𐑪𐑯𐑓𐑦𐑛𐑩𐑯𐑑	ˈkɒnfɪdənt	high	
configuration	𐑒𐑩𐑯𐑓𐑦𐑜𐑘𐑼𐑱𐑖𐑩𐑯	kənˌfɪɡjəˈreɪʃən	𐑒𐑩𐑯𐑓𐑦𐑜𐑼𐑱𐑖𐑩𐑯	kənˌfɪɡəˈreɪʃən	high	
configure	𐑒𐑩𐑯𐑓𐑦𐑜𐑘𐑼	kənˈfɪɡjəR	𐑒𐑩𐑯𐑓𐑦𐑜𐑼	kənˈfɪɡəR	high	
confine	𐑒𐑪𐑯𐑓𐑲𐑯	ˈkɒnfaɪn	𐑒𐑩𐑯𐑓𐑲𐑯	kənˈfaɪn	high	
confirmation	𐑒𐑪𐑯𐑓𐑩𐑥𐑱𐑖𐑩𐑯	kɒnfəmeɪʃən	𐑒𐑪𐑯𐑓𐑼𐑥𐑱𐑖𐑩𐑯	ˌkɒnfəRˈmeɪʃən	medium	r_gap:spelling=1,ipa=0; shave_says:𐑒𐑪𐑯𐑓𐑼𐑥𐑱𐑖𐑩𐑯
confiscate	𐑒𐑪𐑯𐑓𐑩𐑕𐑒𐑱𐑑	ˈkɒnfəˌskeɪt	𐑒𐑪𐑯𐑓𐑦𐑕𐑒𐑱𐑑	ˈkɒnfɪskeɪt	high	
confluence	𐑒𐑩𐑯𐑓𐑤𐑫𐑩𐑯𐑕	kənˈfluəns	𐑒𐑪𐑯𐑓𐑤𐑫𐑩𐑯𐑕	ˈkɒnfluəns	high	
confucian	𐑒𐑩𐑯𐑓𐑘𐑫𐑖𐑩𐑯	kənˈfjuʃən	𐑒𐑩𐑯𐑓𐑿𐑖𐑩𐑯	kənˈfjuːʃən	high	
confusedly	𐑒𐑩𐑯𐑓𐑘𐑫𐑟𐑛𐑤𐑦	kənˈfjuzdli	𐑒𐑩𐑯𐑓𐑿𐑟𐑩𐑛𐑤𐑦	kənˈfjuːzƏdli	high	
confusedly	𐑒𐑩𐑯𐑓𐑘𐑫𐑟𐑩𐑛𐑤𐑦	kənˈfjuzƏdli	𐑒𐑩𐑯𐑓𐑿𐑟𐑩𐑛𐑤𐑦	kənˈfjuːzƏdli	high	
confusedly	𐑒𐑩𐑯𐑓𐑿𐑟𐑛𐑤𐑦	kənˈfjuːzdli	𐑒𐑩𐑯𐑓𐑿𐑟𐑩𐑛𐑤𐑦	kənˈfjuːzƏdli	high	
confutation	𐑒𐑪𐑯𐑓𐑘𐑫𐑑𐑱𐑖𐑩𐑯	ˌkɒnfjuˈteɪʃən	𐑒𐑪𐑯𐑓𐑿𐑑𐑱𐑖𐑩𐑯	ˌkɒnfjuːˈteɪʃən	high	
congee	𐑒𐑪𐑯𐑡𐑦	ˈkɒndʒi	𐑒𐑪𐑯𐑡𐑰	ˈkɒndʒiː	high	
congenially	𐑒𐑩𐑯𐑡𐑰𐑯𐑦𐑩𐑤𐑦	kənˈdʒiːniəli	𐑒𐑩𐑯𐑡𐑰𐑯𐑾𐑤𐑦	kənˈdʒiːnɪəli	high	
congeries	𐑒𐑩𐑯𐑡𐑽𐑰𐑟	kəndʒɪəriːz	𐑒𐑩𐑯𐑡𐑽𐑦𐑟	kənˈdʒɪəriz	high	
congeries	𐑒𐑪𐑯𐑡𐑼𐑰𐑟	kɒndʒəriːz	𐑒𐑩𐑯𐑡𐑽𐑦𐑟	kənˈdʒɪəriz	high	
congeries	𐑒𐑭𐑯𐑡𐑼𐑰𐑟	ˈkɑːndʒəriːz	𐑒𐑩𐑯𐑡𐑽𐑦𐑟	kənˈdʒɪəriz	high	
conglomerate	𐑒𐑩𐑯𐑜𐑤𐑪𐑥𐑮𐑦𐑑	kənˈɡlɒmrɪt	𐑒𐑩𐑯𐑜𐑤𐑪𐑥𐑼𐑩𐑑, 𐑒𐑩𐑯𐑜𐑤𐑪𐑥𐑼𐑱𐑑	kənˈɡlɒmərət	high	
conglomerate	𐑒𐑩𐑯𐑜𐑤𐑪𐑥𐑼𐑦𐑑	kənˈɡlɒməRɪt	𐑒𐑩𐑯𐑜𐑤𐑪𐑥𐑼𐑩𐑑, 𐑒𐑩𐑯𐑜𐑤𐑪𐑥𐑼𐑱𐑑	kənˈɡlɒmərət	high	
congo	𐑒𐑷𐑙𐑜𐑴	ˈkɔːŋɡoʊ	𐑒𐑪𐑙𐑜𐑴	ˈkɒŋɡəʊ	high	
congratulate	-𐑡𐑩-	-dʒə-	𐑒𐑩𐑯𐑜𐑮𐑨𐑗𐑩𐑤𐑱𐑑	kənˈɡrætʃəleɪt	medium	r_gap:spelling=1,ipa=0
congratulate	𐑒𐑩𐑯𐑜𐑮𐑨𐑡𐑫𐑤𐑱𐑑	kənˈɡrædʒʊˌleɪt	𐑒𐑩𐑯𐑜𐑮𐑨𐑗𐑩𐑤𐑱𐑑	kənˈɡrætʃəleɪt	high	
congratulation	𐑒𐑩𐑯𐑜𐑮𐑨𐑡𐑫𐑤𐑱𐑖𐑩𐑯	kənɡrædʒʊleɪʃən	𐑒𐑩𐑯𐑜𐑮𐑨𐑗𐑩𐑤𐑱𐑖𐑩𐑯	kənˌɡrætʃəˈleɪʃən	high	
congratulations	-𐑑𐑘𐑩-	-tjə-	𐑒𐑩𐑯𐑜𐑮𐑨𐑗𐑩𐑤𐑱𐑖𐑩𐑯𐑟	kənˌɡrætʃəˈleɪʃənz	medium	r_gap:spelling=1,ipa=0; shave_says:𐑒𐑩𐑯𐑜𐑮𐑨𐑗𐑩𐑤𐑱𐑖𐑩𐑯𐑟
congratulations	-𐑗𐑫-	-tʃʊ-	𐑒𐑩𐑯𐑜𐑮𐑨𐑗𐑩𐑤𐑱𐑖𐑩𐑯𐑟	kənˌɡrætʃəˈleɪʃənz	medium	r_gap:spelling=1,ipa=0
congratulations	-𐑡𐑩-	-dʒə-	𐑒𐑩𐑯𐑜𐑮𐑨𐑗𐑩𐑤𐑱𐑖𐑩𐑯𐑟	kənˌɡrætʃəˈleɪʃənz	medium	r_gap:spelling=1,ipa=0
congratulations	-𐑡𐑫-	-dʒʊ-	𐑒𐑩𐑯𐑜𐑮𐑨𐑗𐑩𐑤𐑱𐑖𐑩𐑯𐑟	kənˌɡrætʃəˈleɪʃənz	medium	r_gap:spelling=1,ipa=0
congratulatory	𐑒𐑩𐑯𐑜𐑮𐑨𐑗𐑩𐑤𐑩𐑑𐑹𐑦	kənˈɡrætʃələˌtɔːRi	𐑒𐑩𐑯𐑜𐑮𐑨𐑗𐑩𐑤𐑩𐑑𐑼𐑦	kənˈɡrætʃələtəri	high	
congratulatory	𐑒𐑪𐑙𐑜𐑮𐑨𐑗𐑵𐑤𐑱𐑑𐑼𐑰	kɒŋɡrætʃuːleɪtəriː	𐑒𐑩𐑯𐑜𐑮𐑨𐑗𐑩𐑤𐑩𐑑𐑼𐑦	kənˈɡrætʃələtəri	high	
congregate	𐑒𐑪𐑙𐑜𐑮𐑩𐑜𐑩𐑑	kɒŋɡrəɡət	𐑒𐑪𐑙𐑜𐑮𐑦𐑜𐑱𐑑	ˈkɒŋɡrɪɡeɪt	high	
congregate	𐑒𐑪𐑙𐑜𐑮𐑩𐑜𐑱𐑑	kɒŋɡrəɡeɪt	𐑒𐑪𐑙𐑜𐑮𐑦𐑜𐑱𐑑	ˈkɒŋɡrɪɡeɪt	high	
congregation	𐑒𐑪𐑙𐑜𐑮𐑩𐑜𐑱𐑖𐑩𐑯	ˌkɒŋɡrəˈɡeɪʃən	𐑒𐑪𐑙𐑜𐑮𐑦𐑜𐑱𐑖𐑩𐑯	ˌkɒŋɡrɪˈɡeɪʃən	high	
congregational	𐑒𐑪𐑙𐑜𐑮𐑩𐑜𐑱𐑖𐑩𐑯𐑩𐑤	kɒŋɡrəˈɡeɪʃənəl	𐑒𐑪𐑙𐑜𐑮𐑦𐑜𐑱𐑖𐑩𐑯𐑩𐑤	ˌkɒŋɡrɪˈɡeɪʃənəl	high	
congress	-𐑮𐑧𐑕	-res	𐑒𐑪𐑙𐑜𐑮𐑧𐑕	ˈkɒŋɡres	high	
congress	𐑒𐑪𐑙𐑜𐑮𐑩𐑕	ˈkɒŋɡrəs	𐑒𐑪𐑙𐑜𐑮𐑧𐑕	ˈkɒŋɡres	high	
congressmen	𐑒𐑷𐑙𐑜𐑮𐑩𐑕𐑥𐑩𐑯	ˈkɔːŋɡrəsmən	𐑒𐑪𐑙𐑜𐑮𐑧𐑕𐑥𐑧𐑯	ˈkɒŋɡresmen	high	
congruent	𐑒𐑩𐑯𐑜𐑮𐑫𐑩𐑯𐑑	kənˈɡruənt	𐑒𐑪𐑙𐑜𐑮𐑫𐑩𐑯𐑑	ˈkɒŋɡruənt	high	
congruous	𐑒𐑪𐑙𐑜𐑮𐑵𐑩𐑕	kɒŋɡruːəs	𐑒𐑪𐑙𐑜𐑮𐑫𐑩𐑕	ˈkɒŋɡruəs	high	
conic	𐑒𐑷𐑯𐑦𐑒	ˈkɔnɪk	𐑒𐑪𐑯𐑦𐑒	ˈkɒnɪk	high	
conical	𐑒𐑷𐑯𐑦𐑒𐑩𐑤	ˈkɔnɪkəl	𐑒𐑪𐑯𐑦𐑒𐑩𐑤	ˈkɒnɪkəl	high	
conjugal	𐑒𐑩𐑯𐑡𐑵𐑜𐑩𐑤	kənˈdʒuːɡəl	𐑒𐑪𐑯𐑡𐑩𐑜𐑩𐑤	ˈkɒndʒəɡəl	high	
conjugal	𐑒𐑪𐑯𐑡𐑫𐑜𐑩𐑤	ˈkɒndʒʊɡəl	𐑒𐑪𐑯𐑡𐑩𐑜𐑩𐑤	ˈkɒndʒəɡəl	high	
conjugate	𐑒𐑪𐑯𐑡𐑩𐑜𐑩𐑑	ˈkɒndʒəɡət	𐑒𐑪𐑯𐑡𐑩𐑜𐑱𐑑	ˈkɒndʒəɡeɪt	high	
conjure	𐑒𐑩𐑯𐑡𐑫𐑼	kəndʒʊər	𐑒𐑳𐑯𐑡𐑼	ˈkʌndʒəR	high	
conjure	𐑒𐑪𐑯𐑡𐑼	kɒndʒəR	𐑒𐑳𐑯𐑡𐑼	ˈkʌndʒəR	high	
conlang	𐑒𐑪𐑯𐑤𐑱𐑙	ˈkɒnˌleɪŋ	𐑒𐑪𐑯𐑤𐑨𐑙	ˈkɒnlæŋ	high	
connoisseur	𐑒𐑪𐑯𐑩𐑕𐑫𐑮	ˌkɒnəˈsʊr	𐑒𐑪𐑯𐑩𐑕𐑻	ˌkɒnəˈsɜːR	high	
connoisseur	𐑒𐑪𐑯𐑩𐑕𐑫𐑼	kɒnəsʊəR	𐑒𐑪𐑯𐑩𐑕𐑻	ˌkɒnəˈsɜːR	high	
connote	𐑒𐑪𐑯𐑴𐑑	kɒˈnəʊt	𐑒𐑩𐑯𐑴𐑑	kəˈnəʊt	high	
conqueror	𐑒𐑷𐑯𐑒𐑼𐑼	ˈkɔːnˌkəRəR	𐑒𐑪𐑙𐑒𐑼𐑼	ˈkɒŋkərəR	high	
conquest	𐑒𐑪𐑙-	ˈkɒŋ-	𐑒𐑪𐑙𐑒𐑢𐑧𐑕𐑑	ˈkɒŋkwest	high	
conquest	𐑒𐑪𐑙𐑒𐑢𐑩𐑕𐑑	ˈkɒŋkwəst	𐑒𐑪𐑙𐑒𐑢𐑧𐑕𐑑	ˈkɒŋkwest	high	
conquest	𐑒𐑪𐑯𐑒𐑢𐑧𐑕𐑑	ˈkɒnkwest	𐑒𐑪𐑙𐑒𐑢𐑧𐑕𐑑	ˈkɒŋkwest	high	
conquest	𐑒𐑪𐑯𐑒𐑢𐑩𐑕𐑑	ˈkɒnkwəst	𐑒𐑪𐑙𐑒𐑢𐑧𐑕𐑑	ˈkɒŋkwest	high	
conquistador	𐑒𐑩𐑯𐑒𐑦𐑕𐑑𐑩𐑛𐑹	kənˈkistədɔːR	𐑒𐑪𐑯𐑒𐑢𐑦𐑕𐑑𐑩𐑛𐑹	kɒnˈkwɪstədɔːR	high	
consanguinity	𐑒𐑪𐑯𐑕𐑨𐑙𐑜𐑢𐑦𐑯𐑩𐑑𐑦	kɒnsaŋˈɡwɪnəti	𐑒𐑪𐑯𐑕𐑨𐑙𐑜𐑢𐑦𐑯𐑦𐑑𐑦	ˌkɒnsæŋˈɡwɪnɪti	high	
conscience	𐑒𐑪𐑯𐑗𐑩𐑯𐑕	ˈkɒntʃəns	𐑒𐑪𐑯𐑖𐑩𐑯𐑕	ˈkɒnʃəns	high	
conscious	𐑒𐑪𐑯𐑗𐑩𐑕	ˈkɒntʃəs	𐑒𐑪𐑯𐑖𐑩𐑕	ˈkɒnʃəs	high	
consecrate	𐑒𐑪𐑯𐑕𐑩𐑒𐑮𐑩𐑑	kɒnsəkrət	𐑒𐑪𐑯𐑕𐑦𐑒𐑮𐑱𐑑	ˈkɒnsɪkreɪt	high	
consecrate	𐑒𐑪𐑯𐑕𐑩𐑒𐑮𐑱𐑑	kɒnsəkreɪt	𐑒𐑪𐑯𐑕𐑦𐑒𐑮𐑱𐑑	ˈkɒnsɪkreɪt	high	
consecrated	𐑒𐑪𐑯𐑕𐑩𐑒𐑮𐑱𐑑𐑩𐑛	kɒnsəkreɪtƏd	𐑒𐑪𐑯𐑕𐑦𐑒𐑮𐑱𐑑𐑩𐑛	ˈkɒnsɪkreɪtƏd	high	
consequence	𐑒𐑪𐑯𐑕𐑦𐑒𐑢𐑧𐑯𐑕	ˈkɒnsɪkwens	𐑒𐑪𐑯𐑕𐑦𐑒𐑢𐑩𐑯𐑕	ˈkɒnsɪkwəns	high	
consequences	𐑒𐑪𐑯𐑕𐑦𐑒𐑢𐑧𐑯𐑕𐑩𐑟	ˈkɒnsɪkwensƏz	𐑒𐑪𐑯𐑕𐑦𐑒𐑢𐑩𐑯𐑕𐑩𐑟	ˈkɒnsɪkwənsƏz	high	
consequently	𐑒𐑪𐑯𐑕𐑦𐑒𐑢𐑧𐑯𐑑𐑤𐑦	ˈkɒnsɪˌkwentli	𐑒𐑪𐑯𐑕𐑦𐑒𐑢𐑩𐑯𐑑𐑤𐑦	ˈkɒnsɪkwəntli	high	
consequently	𐑒𐑭𐑯𐑕𐑦𐑒𐑢𐑧𐑯𐑑𐑤𐑦	ˈkɑːnsɪˌkwentli	𐑒𐑪𐑯𐑕𐑦𐑒𐑢𐑩𐑯𐑑𐑤𐑦	ˈkɒnsɪkwəntli	high	
consequently	𐑒𐑭𐑯𐑕𐑩𐑒𐑢𐑧𐑯𐑑𐑤𐑦	ˈkɑːnsəˌkwentli	𐑒𐑪𐑯𐑕𐑦𐑒𐑢𐑩𐑯𐑑𐑤𐑦	ˈkɒnsɪkwəntli	high	
conservative	𐑒𐑩𐑯𐑟𐑻𐑝𐑩𐑑𐑦𐑝	kənzɜːRvətɪv	𐑒𐑩𐑯𐑕𐑻𐑝𐑩𐑑𐑦𐑝	kənˈsɜːRvətɪv	high	
conservatory	𐑒𐑩𐑯𐑕𐑻𐑝𐑩𐑑𐑮𐑦	kənsɜːRvətri	𐑒𐑩𐑯𐑕𐑻𐑝𐑩𐑑𐑼𐑦	kənˈsɜːRvətəri	high	
conservatory	𐑒𐑩𐑯𐑕𐑻𐑝𐑩𐑑𐑹𐑦	kənˈsɜːRvəˌtɔːRi	𐑒𐑩𐑯𐑕𐑻𐑝𐑩𐑑𐑼𐑦	kənˈsɜːRvətəri	high	
consider	𐑒𐑩𐑯𐑕𐑦𐑑𐑼	kənˈsɪtəR	𐑒𐑩𐑯𐑕𐑦𐑛𐑼	kənˈsɪdəR	high	
consist	𐑒𐑪𐑯𐑕𐑦𐑕𐑑	ˈkɒnsɪst	𐑒𐑩𐑯𐑕𐑦𐑕𐑑	kənˈsɪst	high	
consolatory	𐑒𐑩𐑯𐑕𐑪𐑤𐑩𐑑𐑹𐑦	kənˈsɒlətɔːRi	𐑒𐑩𐑯𐑕𐑪𐑤𐑩𐑑𐑼𐑦	kənˈsɒlətəri	high	
consolatory	𐑒𐑩𐑯𐑕𐑴𐑤𐑩𐑑𐑹𐑦	kənˈsoʊlətɔːRi	𐑒𐑩𐑯𐑕𐑪𐑤𐑩𐑑𐑼𐑦	kənˈsɒlətəri	high	
consolidate	𐑒𐑩𐑯𐑕𐑪𐑤𐑩𐑛𐑱𐑑	kənˈsɒlədeɪt	𐑒𐑩𐑯𐑕𐑪𐑤𐑦𐑛𐑱𐑑	kənˈsɒlɪdeɪt	high	
consolidation	𐑒𐑩𐑯𐑕𐑪𐑤𐑩𐑛𐑱𐑖𐑩𐑯	kənˌsɒləˈdeɪʃən	𐑒𐑩𐑯𐑕𐑪𐑤𐑦𐑛𐑱𐑖𐑩𐑯	kənˌsɒlɪˈdeɪʃən	high	
consolingly	𐑒𐑪𐑯𐑕𐑴𐑤𐑦𐑙𐑤𐑰	ˈkɒnˌsəʊlɪŋliː	𐑒𐑩𐑯𐑕𐑴𐑤𐑦𐑙𐑤𐑦	kənˈsəʊlɪŋli	high	
consonant	𐑒𐑪𐑯𐑕𐑯𐑩𐑯𐑑	ˈkɒnsnənt	𐑒𐑪𐑯𐑕𐑩𐑯𐑩𐑯𐑑	ˈkɒnsənənt	high	
consonantal	𐑒𐑪𐑯𐑕𐑩𐑯𐑧𐑯𐑑𐑩𐑤	ˌkɒnsəˈnentəl	𐑒𐑪𐑯𐑕𐑩𐑯𐑨𐑯𐑑𐑩𐑤	ˌkɒnsənˈæntəl	high	
constable	𐑒𐑪𐑯𐑕𐑑𐑩𐑚𐑩𐑤	ˈkɒnstəbəl	𐑒𐑳𐑯𐑕𐑑𐑩𐑚𐑩𐑤	ˈkʌnstəbəl	high	
consternation	𐑒𐑪𐑯𐑕𐑑𐑩𐑯𐑱𐑖𐑩𐑯	kɒnstəneɪʃən	𐑒𐑪𐑯𐑕𐑑𐑼𐑯𐑱𐑖𐑩𐑯	ˌkɒnstəRˈneɪʃən	medium	r_gap:spelling=1,ipa=0; shave_says:𐑒𐑪𐑯𐑕𐑑𐑼𐑯𐑱𐑖𐑩𐑯
constituencies	𐑒𐑩𐑯𐑕𐑑𐑦𐑗𐑫𐑼𐑯𐑕𐑰𐑟	kənˈstɪtʃʊənsiːz	𐑒𐑩𐑯𐑕𐑑𐑦𐑗𐑫𐑩𐑯𐑕𐑦𐑟	kənˈstɪtʃuənsiz	high	
constituted	𐑒𐑪𐑯𐑕𐑑𐑦𐑑𐑫𐑑𐑩𐑛	ˈkɒnstɪtutƏd	𐑒𐑪𐑯𐑕𐑑𐑦𐑑𐑵𐑑𐑩𐑛, 𐑒𐑪𐑯𐑕𐑑𐑦𐑑𐑿𐑑𐑩𐑛	ˈkɒnstɪtjuːtƏd	high	
constitutes	𐑒𐑪𐑯𐑕𐑑𐑦𐑑𐑫𐑑𐑕	ˈkɒnstɪtuts	𐑒𐑪𐑯𐑕𐑑𐑦𐑑𐑵𐑑𐑕, 𐑒𐑪𐑯𐑕𐑑𐑦𐑑𐑿𐑑𐑕	ˈkɒnstɪtjuːts	high	
constitution	-𐑗𐑵-	-ˈtʃuː-	𐑒𐑪𐑯𐑕𐑑𐑦𐑑𐑵𐑖𐑩𐑯, 𐑒𐑪𐑯𐑕𐑑𐑦𐑑𐑿𐑖𐑩𐑯	ˌkɒnstɪˈtjuːʃən	high	
constitution	𐑒𐑪𐑯𐑕𐑑𐑦𐑑𐑫𐑖𐑩𐑯	ˌkɒnstɪˈtuʃən	𐑒𐑪𐑯𐑕𐑑𐑦𐑑𐑵𐑖𐑩𐑯, 𐑒𐑪𐑯𐑕𐑑𐑦𐑑𐑿𐑖𐑩𐑯	ˌkɒnstɪˈtjuːʃən	high	
constitutional	-𐑕𐑑𐑩-	-stə-	𐑒𐑪𐑯𐑕𐑑𐑦𐑑𐑵𐑖𐑩𐑯𐑩𐑤, 𐑒𐑪𐑯𐑕𐑑𐑦𐑑𐑿𐑖𐑩𐑯𐑩𐑤	ˌkɒnstɪˈtjuːʃənəl	high	
constitutional	𐑒𐑪𐑯𐑕𐑑𐑦𐑑𐑘𐑫𐑖𐑩𐑯𐑩𐑤	ˌkɒnstɪˈtjuʃənəl	𐑒𐑪𐑯𐑕𐑑𐑦𐑑𐑵𐑖𐑩𐑯𐑩𐑤, 𐑒𐑪𐑯𐑕𐑑𐑦𐑑𐑿𐑖𐑩𐑯𐑩𐑤	ˌkɒnstɪˈtjuːʃənəl	high	
constitutionalism	𐑒𐑪𐑯𐑕𐑑𐑦𐑑𐑫𐑖𐑩𐑯𐑩𐑤𐑦𐑟𐑩𐑥	ˌkɒnstɪˈtuʃənəˌlɪzəm	𐑒𐑪𐑯𐑕𐑑𐑦𐑑𐑵𐑖𐑩𐑯𐑩𐑤𐑦𐑟𐑩𐑥, 𐑒𐑪𐑯𐑕𐑑𐑦𐑑𐑿𐑖𐑩𐑯𐑩𐑤𐑦𐑟𐑩𐑥	ˌkɒnstɪˈtjuːʃənəlɪzəm	high	
constitutionally	𐑒𐑪𐑯𐑕𐑑𐑦𐑑𐑿-	kɒnstɪˈtjuː-	𐑒𐑪𐑯𐑕𐑑𐑦𐑑𐑵𐑖𐑩𐑯𐑩𐑤𐑦, 𐑒𐑪𐑯𐑕𐑑𐑦𐑑𐑿𐑖𐑩𐑯𐑩𐑤𐑦	ˌkɒnstɪˈtjuːʃənəli	high	
constitutionally	𐑒𐑪𐑯𐑕𐑑𐑦𐑗𐑵𐑖𐑩𐑯𐑤𐑦	kɒnstɪˈtʃuːʃənli	𐑒𐑪𐑯𐑕𐑑𐑦𐑑𐑵𐑖𐑩𐑯𐑩𐑤𐑦, 𐑒𐑪𐑯𐑕𐑑𐑦𐑑𐑿𐑖𐑩𐑯𐑩𐑤𐑦	ˌkɒnstɪˈtjuːʃənəli	high	
constitutionally	𐑒𐑪𐑯𐑕𐑑𐑦𐑗𐑵𐑖𐑩𐑯𐑩𐑤𐑦	kɒnstɪˈtʃuːʃənəli	𐑒𐑪𐑯𐑕𐑑𐑦𐑑𐑵𐑖𐑩𐑯𐑩𐑤𐑦, 𐑒𐑪𐑯𐑕𐑑𐑦𐑑𐑿𐑖𐑩𐑯𐑩𐑤𐑦	ˌkɒnstɪˈtjuːʃənəli	high	
constitutionally	𐑒𐑪𐑯𐑕𐑑𐑦𐑗𐑵𐑖𐑯𐑩𐑤𐑦	kɒnstɪˈtʃuːʃnəli	𐑒𐑪𐑯𐑕𐑑𐑦𐑑𐑵𐑖𐑩𐑯𐑩𐑤𐑦, 𐑒𐑪𐑯𐑕𐑑𐑦𐑑𐑿𐑖𐑩𐑯𐑩𐑤𐑦	ˌkɒnstɪˈtjuːʃənəli	high	
constitutionally	𐑒𐑪𐑯𐑕𐑑𐑩𐑑𐑘𐑫-	kɒnstəˈtju-	𐑒𐑪𐑯𐑕𐑑𐑦𐑑𐑵𐑖𐑩𐑯𐑩𐑤𐑦, 𐑒𐑪𐑯𐑕𐑑𐑦𐑑𐑿𐑖𐑩𐑯𐑩𐑤𐑦	ˌkɒnstɪˈtjuːʃənəli	high	
constitutionally	𐑒𐑪𐑯𐑕𐑑𐑩𐑑𐑫𐑖𐑩𐑯𐑤𐑦	kɒnstəˈtuʃənli	𐑒𐑪𐑯𐑕𐑑𐑦𐑑𐑵𐑖𐑩𐑯𐑩𐑤𐑦, 𐑒𐑪𐑯𐑕𐑑𐑦𐑑𐑿𐑖𐑩𐑯𐑩𐑤𐑦	ˌkɒnstɪˈtjuːʃənəli	high	
constitutionally	𐑒𐑪𐑯𐑕𐑑𐑩𐑑𐑫𐑖𐑩𐑯𐑩𐑤𐑦	kɒnstəˈtuʃənəli	𐑒𐑪𐑯𐑕𐑑𐑦𐑑𐑵𐑖𐑩𐑯𐑩𐑤𐑦, 𐑒𐑪𐑯𐑕𐑑𐑦𐑑𐑿𐑖𐑩𐑯𐑩𐑤𐑦	ˌkɒnstɪˈtjuːʃənəli	high	
constitutionally	𐑒𐑪𐑯𐑕𐑑𐑩𐑑𐑫𐑖𐑯𐑩𐑤𐑦	kɒnstəˈtuʃnəli	𐑒𐑪𐑯𐑕𐑑𐑦𐑑𐑵𐑖𐑩𐑯𐑩𐑤𐑦, 𐑒𐑪𐑯𐑕𐑑𐑦𐑑𐑿𐑖𐑩𐑯𐑩𐑤𐑦	ˌkɒnstɪˈtjuːʃənəli	high	
constitutive	𐑒𐑩𐑯𐑕𐑑𐑦𐑗𐑫𐑑𐑦𐑝	kənˈstɪtʃuˌtɪv	𐑒𐑩𐑯𐑕𐑑𐑦𐑑𐑵𐑑𐑦𐑝, 𐑒𐑩𐑯𐑕𐑑𐑦𐑑𐑿𐑑𐑦𐑝	kənˈstɪtjuːtɪv	high	
construct	𐑒𐑪𐑯𐑕𐑑𐑮𐑳𐑒𐑑	kɒnstrʌkt	𐑒𐑩𐑯𐑕𐑑𐑮𐑳𐑒𐑑	kənˈstrʌkt	high	
consulate	𐑒𐑪𐑯𐑕𐑩𐑤𐑦𐑑	ˈkɒnsəlɪt	𐑒𐑪𐑯𐑕𐑘𐑩𐑤𐑩𐑑	ˈkɒnsjələt	high	
consulate	𐑒𐑪𐑯𐑕𐑩𐑤𐑩𐑑	ˈkɒnsələt	𐑒𐑪𐑯𐑕𐑘𐑩𐑤𐑩𐑑	ˈkɒnsjələt	high	
consult	𐑒𐑪𐑯𐑕𐑳𐑤𐑑	ˈkɒnsʌlt	𐑒𐑩𐑯𐑕𐑳𐑤𐑑	kənˈsʌlt	high	
consultation	𐑒𐑪𐑯𐑕𐑤𐑑𐑱𐑖𐑩𐑯	ˌkɒnslˈteɪʃən	𐑒𐑪𐑯𐑕𐑩𐑤𐑑𐑱𐑖𐑩𐑯	ˌkɒnsəlˈteɪʃən	high	
consume	𐑒𐑩𐑯𐑕𐑫𐑥	kənˈsum	𐑒𐑩𐑯𐑕𐑿𐑥	kənˈsjuːm	high	
consume	𐑒𐑩𐑯𐑖𐑵𐑥	kənˈʃuːm	𐑒𐑩𐑯𐑕𐑿𐑥	kənˈsjuːm	high	
consumer	𐑒𐑩𐑯𐑕𐑫𐑥𐑼	kənˈsuməR	𐑒𐑩𐑯𐑕𐑿𐑥𐑼	kənˈsjuːməR	high	
consumer	𐑒𐑩𐑯𐑖𐑵𐑥𐑼	kənʃuːməR	𐑒𐑩𐑯𐑕𐑿𐑥𐑼	kənˈsjuːməR	high	
consumerism	𐑒𐑩𐑯𐑕𐑘𐑫𐑥𐑼𐑦𐑟𐑩𐑥	kənsjumərɪzəm	𐑒𐑩𐑯𐑕𐑿𐑥𐑼𐑦𐑟𐑩𐑥	kənˈsjuːmərɪzəm	high	
consumerism	𐑒𐑩𐑯𐑕𐑫𐑥𐑼𐑦𐑟𐑩𐑥	kənˈsumərɪzəm	𐑒𐑩𐑯𐑕𐑿𐑥𐑼𐑦𐑟𐑩𐑥	kənˈsjuːmərɪzəm	high	
consummate	𐑒𐑩𐑯𐑕𐑳𐑥𐑦𐑑	kənˈsʌmɪt	𐑒𐑪𐑯𐑕𐑩𐑥𐑩𐑑, 𐑒𐑪𐑯𐑕𐑩𐑥𐑱𐑑	kɒnˈsəmət	high	
consummate	𐑒𐑪𐑯𐑕𐑘𐑩𐑥𐑩𐑑	ˈkɒnsjəmət	𐑒𐑪𐑯𐑕𐑩𐑥𐑩𐑑, 𐑒𐑪𐑯𐑕𐑩𐑥𐑱𐑑	kɒnˈsəmət	high	
consummate	𐑒𐑪𐑯𐑕𐑘𐑩𐑥𐑱𐑑	ˈkɒnsjəmeɪt	𐑒𐑪𐑯𐑕𐑩𐑥𐑩𐑑, 𐑒𐑪𐑯𐑕𐑩𐑥𐑱𐑑	kɒnˈsəmət	high	
contact	𐑒𐑩𐑯𐑑𐑨𐑒𐑑	kənˈtækt	𐑒𐑪𐑯𐑑𐑨𐑒𐑑	ˈkɒntækt	high	
contacted	𐑒𐑩𐑯𐑑𐑨𐑒𐑑𐑩𐑛	kənˈtæktƏd	𐑒𐑪𐑯𐑑𐑨𐑒𐑑𐑩𐑛	ˈkɒntæktƏd	high	
contacting	𐑒𐑩𐑯𐑑𐑨𐑒𐑑𐑦𐑙	kənˈtæktɪŋ	𐑒𐑪𐑯𐑑𐑨𐑒𐑑𐑦𐑙	ˈkɒntæktɪŋ	high	
contacts	𐑒𐑩𐑯𐑑𐑨𐑒𐑑𐑕	kənˈtækts	𐑒𐑪𐑯𐑑𐑨𐑒𐑑𐑕	ˈkɒntækts	high	
contamination	𐑒𐑩𐑯𐑑𐑨𐑥𐑩𐑯𐑱𐑖𐑩𐑯	kənˌtæməˈneɪʃən	𐑒𐑩𐑯𐑑𐑨𐑥𐑦𐑯𐑱𐑖𐑩𐑯	kənˌtæmɪˈneɪʃən	high	
contamination	𐑒𐑩𐑯𐑑𐑺𐑥𐑩𐑯𐑱𐑖𐑩𐑯	kənˌteəməˈneɪʃən	𐑒𐑩𐑯𐑑𐑨𐑥𐑦𐑯𐑱𐑖𐑩𐑯	kənˌtæmɪˈneɪʃən	high	
contemplative	𐑒𐑪𐑯𐑑𐑩𐑥𐑐𐑤𐑩𐑑𐑦𐑝	ˈkɒntəmplətɪv	𐑒𐑩𐑯𐑑𐑧𐑥𐑐𐑤𐑩𐑑𐑦𐑝	kənˈtemplətɪv	high	
contemplative	𐑒𐑪𐑯𐑑𐑩𐑥𐑐𐑤𐑱𐑑𐑦𐑝	ˈkɒntəmˌpleɪtɪv	𐑒𐑩𐑯𐑑𐑧𐑥𐑐𐑤𐑩𐑑𐑦𐑝	kənˈtemplətɪv	high	
contemporaneous	𐑒𐑩𐑯𐑑𐑧𐑥𐑐𐑼𐑱𐑯𐑦𐑩𐑕	kəntempəreɪniəs	𐑒𐑩𐑯𐑑𐑧𐑥𐑐𐑼𐑱𐑯𐑾𐑕	kənˌtempəˈreɪnɪəs	high	
contemporaneous	𐑒𐑪𐑯𐑑𐑧𐑥-	kɒntem-	𐑒𐑩𐑯𐑑𐑧𐑥𐑐𐑼𐑱𐑯𐑾𐑕	kənˌtempəˈreɪnɪəs	medium	r_gap:spelling=1,ipa=0; shave_says:𐑒𐑩𐑯𐑑𐑧𐑥𐑐𐑼𐑱𐑯𐑾𐑕
contemporaneously	𐑒𐑩𐑯𐑑𐑧𐑥𐑐𐑼𐑱𐑯𐑦𐑩𐑕𐑤𐑦	kəntempəreɪniəsli	𐑒𐑩𐑯𐑑𐑧𐑥𐑐𐑼𐑱𐑯𐑾𐑕𐑤𐑦	kənˌtempəˈreɪnɪəsli	high	
contemporaneously	𐑒𐑪𐑯𐑑𐑧𐑥𐑐𐑼𐑱𐑯𐑦𐑩𐑕𐑤𐑦	kɒntempəreɪniəsli	𐑒𐑩𐑯𐑑𐑧𐑥𐑐𐑼𐑱𐑯𐑾𐑕𐑤𐑦	kənˌtempəˈreɪnɪəsli	high	
contemporary	𐑒𐑩𐑯𐑑𐑧𐑥𐑐𐑼𐑦	kəntempəri	𐑒𐑩𐑯𐑑𐑧𐑥𐑐𐑼𐑼𐑦	kənˈtempərəri	medium	r_gap:spelling=2,ipa=1; shave_says:𐑒𐑩𐑯𐑑𐑧𐑥𐑐𐑼𐑼𐑦
contemporary	𐑒𐑩𐑯𐑑𐑧𐑥𐑐𐑼𐑧𐑮𐑦	kənˈtempəˌreri	𐑒𐑩𐑯𐑑𐑧𐑥𐑐𐑼𐑼𐑦	kənˈtempərəri	high	
contemptuous	𐑒𐑩𐑯𐑑𐑧𐑥𐑐𐑑𐑘𐑫𐑩𐑕	kənˈtemptjuəs	𐑒𐑩𐑯𐑑𐑧𐑥𐑐𐑗𐑫𐑩𐑕	kənˈtemptʃuəs	high	
contemptuous	𐑒𐑩𐑯𐑑𐑧𐑥𐑐𐑗𐑩𐑕	kənˈtemptʃəs	𐑒𐑩𐑯𐑑𐑧𐑥𐑐𐑗𐑫𐑩𐑕	kənˈtemptʃuəs	high	
contemptuously	𐑒𐑩𐑯𐑑𐑧𐑥𐑐𐑑𐑘𐑫𐑩𐑕𐑤𐑦	kənˈtemptjuəsli	𐑒𐑩𐑯𐑑𐑧𐑥𐑐𐑗𐑫𐑩𐑕𐑤𐑦	kənˈtemptʃuəsli	high	
content	𐑒𐑷𐑯𐑑𐑧𐑯𐑑	ˈkɔntent	𐑒𐑩𐑯𐑑𐑧𐑯𐑑, 𐑒𐑪𐑯𐑑𐑧𐑯𐑑	kənˈtent	high	
contentedly	𐑒𐑩𐑯𐑑𐑧𐑯𐑑𐑦𐑛𐑤𐑰	kənˈtentɪdliː	𐑒𐑩𐑯𐑑𐑧𐑯𐑑𐑩𐑛𐑤𐑦	kənˈtentƏdli	high	
conterminous	𐑒𐑩𐑯𐑑𐑻𐑥𐑦𐑯𐑩𐑕	kənˈtɜːRmɪnəs	𐑒𐑪𐑯𐑑𐑻𐑥𐑦𐑯𐑩𐑕	kɒnˈtɜːRmɪnəs	high	
contiguity	𐑒𐑪𐑯𐑑𐑦𐑜𐑘𐑫𐑦𐑑𐑦	ˌkɒntɪˈɡjuɪti	𐑒𐑪𐑯𐑑𐑦𐑜𐑿𐑦𐑑𐑦	ˌkɒntɪˈɡjuːɪti	high	
continent	𐑒𐑪𐑯𐑑𐑩𐑯𐑩𐑯𐑑	ˈkɒntənənt	𐑒𐑪𐑯𐑑𐑦𐑯𐑩𐑯𐑑	ˈkɒntɪnənt	high	
continuance	𐑒𐑩𐑯𐑑𐑦𐑯𐑘𐑩𐑩𐑯𐑕	kənˈtɪnjəəns	𐑒𐑩𐑯𐑑𐑦𐑯𐑘𐑫𐑩𐑯𐑕	kənˈtɪnjuəns	high	
continue	𐑒𐑩𐑯𐑑𐑦𐑯𐑘𐑫	kənˈtɪnju	𐑒𐑩𐑯𐑑𐑦𐑯𐑿	kənˈtɪnjuː	high	
continued	𐑒𐑩𐑯𐑑𐑦𐑯𐑘𐑫𐑛	kənˈtɪnjud	𐑒𐑩𐑯𐑑𐑦𐑯𐑿𐑛	kənˈtɪnjuːd	high	
continues	𐑒𐑩𐑯𐑑𐑦𐑯𐑘𐑫𐑟	kənˈtɪnjuz	𐑒𐑩𐑯𐑑𐑦𐑯𐑿𐑟	kənˈtɪnjuːz	high	
continuing	𐑒𐑩𐑯𐑑𐑦𐑯𐑘𐑫𐑦𐑙	kənˈtɪnjuɪŋ	𐑒𐑩𐑯𐑑𐑦𐑯𐑿𐑦𐑙	kənˈtɪnjuːɪŋ	high	
continuity	𐑒𐑪𐑯𐑑𐑦𐑯𐑘𐑫𐑩𐑑𐑦	ˌkɒntɪˈnjuəti	𐑒𐑪𐑯𐑑𐑦𐑯𐑿𐑦𐑑𐑦	ˌkɒntɪˈnjuːɪti	high	
contraction	𐑒𐑪𐑯-	kɒn-	𐑒𐑩𐑯𐑑𐑮𐑨𐑒𐑖𐑩𐑯	kənˈtrækʃən	medium	r_gap:spelling=1,ipa=0; shave_says:𐑒𐑩𐑯𐑑𐑮𐑨𐑒𐑖𐑩𐑯
contracts	𐑒𐑭𐑯𐑑𐑮𐑨𐑒𐑑𐑕	ˈkɑːntrækts	𐑒𐑩𐑯𐑑𐑮𐑨𐑒𐑑𐑕, 𐑒𐑪𐑯𐑑𐑮𐑨𐑒𐑑𐑕	ˈkɒntrækts	high	
contradiction	𐑒𐑭𐑯𐑑𐑮𐑩𐑛𐑦𐑒𐑖𐑩𐑯	ˌkɑːntrəˈdɪkʃən	𐑒𐑪𐑯𐑑𐑮𐑩𐑛𐑦𐑒𐑖𐑩𐑯	ˌkɒntrəˈdɪkʃən	high	
contrariety	𐑒𐑪𐑯𐑑𐑮𐑼𐑳𐑾𐑑𐑦	kɒntrərʌɪəti	𐑒𐑪𐑯𐑑𐑮𐑼𐑲𐑩𐑑𐑦	ˌkɒntrəˈraɪəti	high	
contrary	𐑒𐑪𐑯𐑑𐑮𐑦	kɒntri	𐑒𐑩𐑯𐑑𐑮𐑺𐑦, 𐑒𐑪𐑯𐑑𐑮𐑼𐑦	kənˈtreəri	medium	r_gap:spelling=2,ipa=1; shave_says:𐑒𐑪𐑯𐑑𐑮𐑺𐑦
contrary	𐑒𐑪𐑯𐑑𐑮𐑧𐑮𐑦	ˈkɒntreri	𐑒𐑩𐑯𐑑𐑮𐑺𐑦, 𐑒𐑪𐑯𐑑𐑮𐑼𐑦	kənˈtreəri	high	
contrast	𐑒𐑩𐑯𐑗𐑮𐑨𐑕𐑑	kənˈtʃræst	𐑒𐑩𐑯𐑑𐑮𐑨𐑕𐑑, 𐑒𐑩𐑯𐑑𐑮𐑭𐑕𐑑, 𐑒𐑪𐑯𐑑𐑮𐑨𐑕𐑑, 𐑒𐑪𐑯𐑑𐑮𐑭𐑕𐑑	ˈkɒntrⱭːst	high	
contrast	𐑒𐑪𐑯𐑗𐑮𐑨𐑕𐑑	ˈkɒntʃræst	𐑒𐑩𐑯𐑑𐑮𐑨𐑕𐑑, 𐑒𐑩𐑯𐑑𐑮𐑭𐑕𐑑, 𐑒𐑪𐑯𐑑𐑮𐑨𐑕𐑑, 𐑒𐑪𐑯𐑑𐑮𐑭𐑕𐑑	ˈkɒntrⱭːst	high	
contribute	𐑒𐑩𐑯𐑑𐑮𐑦𐑚𐑘𐑩𐑑	kənˈtrɪbjət	𐑒𐑩𐑯𐑑𐑮𐑦𐑚𐑿𐑑	kənˈtrɪbjuːt	high	
contribute	𐑒𐑩𐑯𐑑𐑮𐑦𐑚𐑘𐑫𐑑	kənˈtrɪbjut	𐑒𐑩𐑯𐑑𐑮𐑦𐑚𐑿𐑑	kənˈtrɪbjuːt	high	
contribute	𐑒𐑩𐑯𐑗𐑮𐑦𐑚𐑿𐑑	kəntʃrɪbjuːt	𐑒𐑩𐑯𐑑𐑮𐑦𐑚𐑿𐑑	kənˈtrɪbjuːt	high	
contribute	𐑒𐑪𐑯𐑗𐑮𐑦𐑚𐑿𐑑	kɒntʃrɪbjuːt	𐑒𐑩𐑯𐑑𐑮𐑦𐑚𐑿𐑑	kənˈtrɪbjuːt	high	
contributed	𐑒𐑪𐑯𐑑𐑮𐑦𐑚𐑿𐑑𐑩𐑛	kɒntrɪbjuːtƏd	𐑒𐑩𐑯𐑑𐑮𐑦𐑚𐑿𐑑𐑩𐑛	kənˈtrɪbjuːtƏd	high	
contributing	𐑒𐑩𐑯𐑑𐑮𐑦𐑚𐑘𐑩𐑑𐑦𐑙	kənˈtrɪbjətɪŋ	𐑒𐑩𐑯𐑑𐑮𐑦𐑚𐑿𐑑𐑦𐑙	kənˈtrɪbjuːtɪŋ	high	
contributing	𐑒𐑩𐑯𐑑𐑮𐑦𐑚𐑘𐑫𐑑𐑦𐑙	kənˈtrɪbjutɪŋ	𐑒𐑩𐑯𐑑𐑮𐑦𐑚𐑿𐑑𐑦𐑙	kənˈtrɪbjuːtɪŋ	high	
contributing	𐑒𐑪𐑯𐑑𐑮𐑦𐑚𐑿𐑑𐑦𐑙	kɒntrɪbjuːtɪŋ	𐑒𐑩𐑯𐑑𐑮𐑦𐑚𐑿𐑑𐑦𐑙	kənˈtrɪbjuːtɪŋ	high	
contribution	𐑒𐑪𐑯𐑑𐑮𐑦𐑚𐑘𐑫𐑖𐑩𐑯	ˌkɒntrɪˈbjuʃən	𐑒𐑪𐑯𐑑𐑮𐑦𐑚𐑿𐑖𐑩𐑯	ˌkɒntrɪˈbjuːʃən	high	
contributions	𐑒𐑪𐑯𐑑𐑮𐑦𐑚𐑘𐑫𐑖𐑩𐑯𐑟	ˌkɒntrɪˈbjuʃənz	𐑒𐑪𐑯𐑑𐑮𐑦𐑚𐑿𐑖𐑩𐑯𐑟	ˌkɒntrɪˈbjuːʃənz	high	
contributor	-𐑘𐑩-	-jə-	𐑒𐑩𐑯𐑑𐑮𐑦𐑚𐑘𐑩𐑑𐑼	kənˈtrɪbjətəR	medium	r_gap:spelling=2,ipa=0; shave_says:𐑒𐑩𐑯𐑑𐑮𐑦𐑚𐑿𐑑𐑼
contributor	-𐑘𐑫-	-ju-	𐑒𐑩𐑯𐑑𐑮𐑦𐑚𐑘𐑩𐑑𐑼	kənˈtrɪbjətəR	medium	r_gap:spelling=2,ipa=0
contributor	-𐑿-	-juː-	𐑒𐑩𐑯𐑑𐑮𐑦𐑚𐑘𐑩𐑑𐑼	kənˈtrɪbjətəR	medium	r_gap:spelling=2,ipa=0; shave_says:𐑒𐑩𐑯𐑑𐑮𐑦𐑚𐑿𐑑𐑼
contributor	𐑒𐑪𐑯𐑑𐑮𐑦𐑚𐑿-	kɒntrɪbjuː-	𐑒𐑩𐑯𐑑𐑮𐑦𐑚𐑘𐑩𐑑𐑼	kənˈtrɪbjətəR	medium	r_gap:spelling=2,ipa=1; shave_says:𐑒𐑩𐑯𐑑𐑮𐑦𐑚𐑿𐑑𐑼
contributory	𐑒𐑩𐑯𐑑𐑮𐑦𐑚𐑘𐑩𐑑𐑹𐑦	kənˈtrɪbjəˌtɔːRi	𐑒𐑩𐑯𐑑𐑮𐑦𐑚𐑘𐑩𐑑𐑼𐑦	kənˈtrɪbjətəri	high	
contributory	𐑒𐑪𐑯𐑑𐑮𐑦𐑚𐑘𐑩𐑑𐑹𐑦	ˈkɒntrɪbjəˌtɔːRi	𐑒𐑩𐑯𐑑𐑮𐑦𐑚𐑘𐑩𐑑𐑼𐑦	kənˈtrɪbjətəri	high	
contributory	𐑒𐑪𐑯𐑑𐑮𐑦𐑚𐑿𐑑𐑼𐑦	kɒntrɪbjuːtəri	𐑒𐑩𐑯𐑑𐑮𐑦𐑚𐑘𐑩𐑑𐑼𐑦	kənˈtrɪbjətəri	high	
contrite	𐑒𐑪𐑯𐑑𐑮𐑲𐑑	kɒntraɪt	𐑒𐑩𐑯𐑑𐑮𐑲𐑑	kənˈtraɪt	high	
controversial	𐑒𐑪𐑯𐑑𐑮𐑩𐑝𐑻𐑕𐑘𐑩𐑤	kɒntrəvɜːRsjəl	𐑒𐑪𐑯𐑑𐑮𐑩𐑝𐑻𐑖𐑩𐑤	ˌkɒntrəˈvɜːRʃəl	high	
controversial	𐑒𐑪𐑯𐑑𐑮𐑩𐑝𐑻𐑕𐑦𐑩𐑤	ˌkɒntrəˈvɜːRsiəl	𐑒𐑪𐑯𐑑𐑮𐑩𐑝𐑻𐑖𐑩𐑤	ˌkɒntrəˈvɜːRʃəl	high	
controversial	𐑒𐑪𐑯𐑗𐑮𐑩𐑝𐑻𐑖𐑤	ˌkɒntʃrəˈvɜːRʃl	𐑒𐑪𐑯𐑑𐑮𐑩𐑝𐑻𐑖𐑩𐑤	ˌkɒntrəˈvɜːRʃəl	high	
controversies	𐑒𐑩𐑯𐑑𐑮𐑪𐑝𐑩𐑕𐑦𐑟	kəntrɒvəsiz	𐑒𐑪𐑯𐑑𐑮𐑩𐑝𐑻𐑕𐑦𐑟	ˈkɒntrəvɜːRsiz	medium	r_gap:spelling=2,ipa=1; shave_says:𐑒𐑪𐑯𐑑𐑮𐑩𐑝𐑻𐑕𐑦𐑟
contumacious	𐑒𐑪𐑯𐑑𐑘𐑩𐑥𐑱𐑖𐑩𐑕	ˌkɒntjəˈmeɪʃəs	𐑒𐑪𐑯𐑑𐑵𐑥𐑱𐑖𐑩𐑕, 𐑒𐑪𐑯𐑑𐑿𐑥𐑱𐑖𐑩𐑕	ˌkɒntjuːˈmeɪʃəs	high	
contumacious	𐑒𐑭𐑯𐑑𐑘𐑩𐑥𐑱𐑖𐑩𐑕	ˌkɑːntjəˈmeɪʃəs	𐑒𐑪𐑯𐑑𐑵𐑥𐑱𐑖𐑩𐑕, 𐑒𐑪𐑯𐑑𐑿𐑥𐑱𐑖𐑩𐑕	ˌkɒntjuːˈmeɪʃəs	high	
contumacious	𐑒𐑭𐑯𐑑𐑫𐑥𐑱𐑖𐑩𐑕	ˌkɑːntʊˈmeɪʃəs	𐑒𐑪𐑯𐑑𐑵𐑥𐑱𐑖𐑩𐑕, 𐑒𐑪𐑯𐑑𐑿𐑥𐑱𐑖𐑩𐑕	ˌkɒntjuːˈmeɪʃəs	high	
contumacy	𐑒𐑪𐑯𐑑𐑘𐑩𐑥𐑩𐑕𐑦	ˈkɒntjəməsi	𐑒𐑪𐑯𐑑𐑵𐑥𐑩𐑕𐑦, 𐑒𐑪𐑯𐑑𐑿𐑥𐑩𐑕𐑦	ˈkɒntjuːməsi	high	
contumelious	𐑒𐑪𐑯𐑑𐑘𐑩𐑥𐑰𐑤𐑦𐑩𐑕	ˌkɒntjəˈmiːliəs	𐑒𐑪𐑯𐑑𐑘𐑫𐑥𐑰𐑤𐑾𐑕	ˌkɒntjʊˈmiːlɪəs	high	
contumelious	𐑒𐑪𐑯𐑑𐑘𐑫𐑥𐑰𐑤𐑦𐑩𐑕	ˌkɒntjuˈmiːliəs	𐑒𐑪𐑯𐑑𐑘𐑫𐑥𐑰𐑤𐑾𐑕	ˌkɒntjʊˈmiːlɪəs	high	
contumelious	𐑒𐑪𐑯𐑑𐑫𐑥𐑰𐑤𐑦𐑩𐑕	ˌkɒntʊˈmiːliəs	𐑒𐑪𐑯𐑑𐑘𐑫𐑥𐑰𐑤𐑾𐑕	ˌkɒntjʊˈmiːlɪəs	high	
contumely	𐑒𐑪𐑯𐑗𐑵𐑥𐑩𐑤𐑦	ˈkɒntʃuːməli	𐑒𐑪𐑯𐑑𐑵𐑥𐑩𐑤𐑦, 𐑒𐑪𐑯𐑑𐑿𐑥𐑩𐑤𐑦	ˈkɒntjuːməli	high	
contuse	𐑒𐑩𐑯𐑑𐑫𐑟	kənˈtuz	𐑒𐑩𐑯𐑑𐑵𐑟, 𐑒𐑩𐑯𐑑𐑿𐑟	kənˈtjuːz	high	
contusion	𐑒𐑩𐑯𐑑𐑫𐑠𐑩𐑯	kənˈtuʒən	𐑒𐑩𐑯𐑑𐑵𐑠𐑩𐑯, 𐑒𐑩𐑯𐑑𐑿𐑠𐑩𐑯	kənˈtjuːʒən	high	
conurbation	𐑒𐑪𐑯𐑩𐑚𐑱𐑖𐑩𐑯	kɒnəbeɪʃən	𐑒𐑪𐑯𐑻𐑚𐑱𐑖𐑩𐑯	ˌkɒnɜːRˈbeɪʃən	medium	r_gap:spelling=1,ipa=0; shave_says:𐑒𐑪𐑯𐑻𐑚𐑱𐑖𐑩𐑯
conurbation	𐑒𐑪𐑯𐑼𐑚𐑱𐑖𐑩𐑯	ˌkɒnəRˈbeɪʃən	𐑒𐑪𐑯𐑻𐑚𐑱𐑖𐑩𐑯	ˌkɒnɜːRˈbeɪʃən	high	
convene	𐑒𐑩𐑯𐑝𐑦𐑯	kənˈvin	𐑒𐑩𐑯𐑝𐑰𐑯	kənˈviːn	high	
convenience	𐑒𐑩𐑯𐑝𐑦𐑯𐑘𐑩𐑯𐑑𐑕	kənˈvinjənts	𐑒𐑩𐑯𐑝𐑰𐑯𐑾𐑯𐑕	kənˈviːnɪəns	high	
convenience	𐑒𐑩𐑯𐑝𐑦𐑯𐑘𐑩𐑯𐑕	kənˈvinjəns	𐑒𐑩𐑯𐑝𐑰𐑯𐑾𐑯𐑕	kənˈviːnɪəns	high	
convenient	𐑒𐑩𐑯𐑝𐑦𐑯𐑘𐑩𐑯𐑑	kənˈvinjənt	𐑒𐑩𐑯𐑝𐑰𐑯𐑾𐑯𐑑	kənˈviːnɪənt	high	
convenient	𐑒𐑩𐑯𐑝𐑰𐑯𐑦𐑩𐑯𐑑	kənˈviːniənt	𐑒𐑩𐑯𐑝𐑰𐑯𐑾𐑯𐑑	kənˈviːnɪənt	high	
conveniently	𐑒𐑩𐑯𐑝𐑦𐑯𐑘𐑩𐑯𐑑𐑤𐑦	kənˈvinjəntli	𐑒𐑩𐑯𐑝𐑰𐑯𐑾𐑯𐑑𐑤𐑦	kənˈviːnɪəntli	high	
convent	𐑒𐑪𐑯𐑝𐑧𐑯𐑑	ˈkɒnvent	𐑒𐑪𐑯𐑝𐑩𐑯𐑑	ˈkɒnvənt	high	
conventicle	𐑒𐑩𐑯𐑝𐑧𐑯𐑑𐑩𐑒𐑩𐑤	kənˈventəkəl	𐑒𐑩𐑯𐑝𐑧𐑯𐑑𐑦𐑒𐑩𐑤	kənˈventɪkəl	high	
convention	𐑒𐑪𐑯𐑝𐑧𐑯𐑖𐑩𐑯	ˌkɒnˈvenʃən	𐑒𐑩𐑯𐑝𐑧𐑯𐑖𐑩𐑯	kənˈvenʃən	high	
conversation	𐑒𐑪𐑯𐑝𐑩𐑕𐑱𐑖𐑩𐑯	kɒnvəseɪʃən	𐑒𐑪𐑯𐑝𐑼𐑕𐑱𐑖𐑩𐑯	ˌkɒnvəRˈseɪʃən	medium	r_gap:spelling=1,ipa=0; shave_says:𐑒𐑪𐑯𐑝𐑼𐑕𐑱𐑖𐑩𐑯
conversationalist	𐑒𐑪𐑯𐑝𐑩𐑕𐑱𐑖𐑩𐑯𐑩𐑤𐑦𐑕𐑑	kɒnvəseɪʃənəlɪst	𐑒𐑪𐑯𐑝𐑼𐑕𐑱𐑖𐑩𐑯𐑩𐑤𐑦𐑕𐑑	ˌkɒnvəRˈseɪʃənəlɪst	medium	r_gap:spelling=1,ipa=0; shave_says:𐑒𐑪𐑯𐑝𐑼𐑕𐑱𐑖𐑩𐑯𐑤𐑦𐑕𐑑
conversationalist	𐑒𐑭𐑯𐑝𐑼𐑕𐑱𐑖𐑩𐑯𐑩𐑤𐑦𐑕𐑑	ˌkɑːnvəRˈseɪʃənəlɪst	𐑒𐑪𐑯𐑝𐑼𐑕𐑱𐑖𐑩𐑯𐑩𐑤𐑦𐑕𐑑	ˌkɒnvəRˈseɪʃənəlɪst	high	
conversely	𐑒𐑪𐑯𐑝𐑻𐑕𐑤𐑦	kɒnvɜːRsli	𐑒𐑩𐑯𐑝𐑻𐑕𐑤𐑦	kənˈvɜːRsli	high	
conversion	-𐑠𐑩𐑯	-ʒən	𐑒𐑩𐑯𐑝𐑻𐑠𐑩𐑯	kənˈvɜːRʒən	medium	r_gap:spelling=1,ipa=0; shave_says:𐑒𐑩𐑯𐑝𐑻𐑠𐑩𐑯
conversion	𐑒𐑩𐑯𐑝𐑻𐑖𐑩𐑯	kənvɜːRʃən	𐑒𐑩𐑯𐑝𐑻𐑠𐑩𐑯	kənˈvɜːRʒən	high	
convert	𐑒𐑪𐑯𐑝𐑼𐑑	kɒnvəRt	𐑒𐑩𐑯𐑝𐑻𐑑, 𐑒𐑪𐑯𐑝𐑻𐑑	ˈkɒnvɜːRt	high	
convertible	𐑒𐑩𐑯𐑝𐑻𐑑𐑦𐑚𐑩𐑤	kənvɜːRtɪbəl	𐑒𐑩𐑯𐑝𐑻𐑑𐑩𐑚𐑩𐑤	kənˈvɜːRtəbəl	high	
converts	𐑒𐑪𐑯𐑝𐑼𐑑𐑕	kɒnvəRts	𐑒𐑩𐑯𐑝𐑻𐑑𐑕, 𐑒𐑪𐑯𐑝𐑻𐑑𐑕	ˈkɒnvɜːRts	high	
convex	𐑒𐑩𐑯𐑝𐑧𐑒𐑕	kənˈveks	𐑒𐑪𐑯𐑝𐑧𐑒𐑕	ˈkɒnveks	high	
convoluted	-𐑑𐑩𐑛	-təd	𐑒𐑪𐑯𐑝𐑩𐑤𐑵𐑑𐑩𐑛	ˌkɒnvəˈluːtƏd	high	
convoluted	-𐑝𐑴-	-vəʊ-	𐑒𐑪𐑯𐑝𐑩𐑤𐑵𐑑𐑩𐑛	ˌkɒnvəˈluːtƏd	high	
convoluted	𐑒𐑪𐑯𐑝𐑩𐑤𐑫𐑑𐑩𐑛	ˌkɒnvəˈlutəd	𐑒𐑪𐑯𐑝𐑩𐑤𐑵𐑑𐑩𐑛	ˌkɒnvəˈluːtƏd	high	
convoluted	𐑒𐑪𐑯𐑝𐑩𐑤𐑿𐑑𐑩𐑛	ˌkɒnvəˈljuːtƏd	𐑒𐑪𐑯𐑝𐑩𐑤𐑵𐑑𐑩𐑛	ˌkɒnvəˈluːtƏd	high	
coo	𐑒𐑫	ku	𐑒𐑵	kuː	high	
cool	𐑒𐑫𐑤	kul	𐑒𐑵𐑤	kuːl	high	
cooled	𐑒𐑫𐑤𐑛	kuld	𐑒𐑵𐑤𐑛	kuːld	high	
cooler	𐑒𐑫𐑤𐑼	ˈkuləR	𐑒𐑵𐑤𐑼	ˈkuːləR	high	
cooling	𐑒𐑫𐑤𐑦𐑙	ˈkulɪŋ	𐑒𐑵𐑤𐑦𐑙	ˈkuːlɪŋ	high	
coon	𐑒𐑫𐑯	kun	𐑒𐑵𐑯	kuːn	high	
coop	𐑒𐑫𐑐	kup	𐑒𐑵𐑐	kuːp	high	
coop	𐑒𐑬𐑐	kaʊp	𐑒𐑵𐑐	kuːp	high	
coop	𐑒𐑴𐑪𐑐	ˈkəʊɒp	𐑒𐑵𐑐	kuːp	high	
cooper	𐑒𐑫𐑐𐑼	ˈkupəR	𐑒𐑵𐑐𐑼	ˈkuːpəR	high	
cooperate	𐑒𐑫𐑪𐑐𐑼𐑱𐑑	kuɒpəreɪt	𐑒𐑴𐑪𐑐𐑼𐑱𐑑	kəʊˈɒpəreɪt	high	
cooperative	𐑒𐑫𐑪𐑐𐑮𐑩𐑑𐑦𐑝	kuˈɒprətɪv	𐑒𐑴𐑪𐑐𐑼𐑩𐑑𐑦𐑝	kəʊˈɒpərətɪv	high	
cooperative	𐑒𐑷𐑨𐑐𐑮𐑩𐑑𐑦𐑝	kɔːˈaprətɪv	𐑒𐑴𐑪𐑐𐑼𐑩𐑑𐑦𐑝	kəʊˈɒpərətɪv	high	
cooperative	𐑒𐑷𐑪𐑐𐑮𐑩𐑑𐑦𐑝	kɔːˈɒprətɪv	𐑒𐑴𐑪𐑐𐑼𐑩𐑑𐑦𐑝	kəʊˈɒpərətɪv	high	
coordinate	-𐑯𐑩𐑑	-nət	𐑒𐑴𐑹𐑛𐑦𐑯𐑩𐑑, 𐑒𐑴𐑹𐑛𐑦𐑯𐑱𐑑	ˌkəʊˈɔːRdɪnət	medium	r_gap:spelling=1,ipa=0
coordinate	𐑒𐑢𐑹𐑛𐑦𐑯𐑦𐑑	kwɔːRdɪnɪt	𐑒𐑴𐑹𐑛𐑦𐑯𐑩𐑑, 𐑒𐑴𐑹𐑛𐑦𐑯𐑱𐑑	ˌkəʊˈɔːRdɪnət	high	
coordinate	𐑒𐑢𐑹𐑛𐑦𐑯𐑯𐑱𐑑	kwɔːRdɪnneɪt	𐑒𐑴𐑹𐑛𐑦𐑯𐑩𐑑, 𐑒𐑴𐑹𐑛𐑦𐑯𐑱𐑑	ˌkəʊˈɔːRdɪnət	high	
coordinate	𐑒𐑴𐑹𐑛𐑦𐑯𐑦𐑑	kəʊɔːRdɪnɪt	𐑒𐑴𐑹𐑛𐑦𐑯𐑩𐑑, 𐑒𐑴𐑹𐑛𐑦𐑯𐑱𐑑	ˌkəʊˈɔːRdɪnət	high	
coordinate	𐑒𐑴𐑹𐑛𐑩𐑯𐑦𐑑	koʊˈɔːRdənɪt	𐑒𐑴𐑹𐑛𐑦𐑯𐑩𐑑, 𐑒𐑴𐑹𐑛𐑦𐑯𐑱𐑑	ˌkəʊˈɔːRdɪnət	high	
coordinate	𐑒𐑴𐑹𐑛𐑩𐑯𐑱𐑑	koʊˈɔːRdəˌneɪt	𐑒𐑴𐑹𐑛𐑦𐑯𐑩𐑑, 𐑒𐑴𐑹𐑛𐑦𐑯𐑱𐑑	ˌkəʊˈɔːRdɪnət	high	
coordinate	𐑒𐑹𐑛𐑩𐑯𐑦𐑑	ˈkɔːRdənɪt	𐑒𐑴𐑹𐑛𐑦𐑯𐑩𐑑, 𐑒𐑴𐑹𐑛𐑦𐑯𐑱𐑑	ˌkəʊˈɔːRdɪnət	high	
coordinate	𐑒𐑹𐑛𐑩𐑯𐑱𐑑	ˈkɔːRdəˌneɪt	𐑒𐑴𐑹𐑛𐑦𐑯𐑩𐑑, 𐑒𐑴𐑹𐑛𐑦𐑯𐑱𐑑	ˌkəʊˈɔːRdɪnət	high	
coordination	𐑒𐑴𐑪𐑮𐑛𐑦𐑯𐑱𐑖𐑩𐑯	koʊˌordɪˈneɪʃən	𐑒𐑴𐑹𐑛𐑦𐑯𐑱𐑖𐑩𐑯	ˌkəʊˌɔːRdɪnˈeɪʃən	high	
copenhagen	𐑒𐑴𐑐𐑩𐑯𐑣𐑪𐑜𐑩𐑯	ˈkoʊpənˌhɒɡən	𐑒𐑴𐑐𐑩𐑯𐑣𐑱𐑜𐑩𐑯	ˌkəʊpənˈheɪɡən	high	
copenhagen	𐑒𐑴𐑐𐑩𐑯𐑣𐑭𐑜𐑩𐑯	ˌkəʊpənˈhɑːɡən	𐑒𐑴𐑐𐑩𐑯𐑣𐑱𐑜𐑩𐑯	ˌkəʊpənˈheɪɡən	high	
copier	𐑒𐑪𐑐𐑦𐑼	ˈkɒpiəR	𐑒𐑪𐑐𐑽	ˈkɒpiəR	high	
copious	𐑒𐑴𐑐𐑦𐑩𐑕	ˈkoʊpiəs	𐑒𐑴𐑐𐑾𐑕	ˈkəʊpɪəs	high	
copula	𐑒𐑷𐑐𐑘𐑩𐑤𐑩	ˈkɔːpjələ	𐑒𐑪𐑐𐑘𐑩𐑤𐑩	ˈkɒpjələ	high	
copulate	𐑒𐑪𐑐𐑘𐑩𐑤𐑩𐑑	ˈkɒpjələt	𐑒𐑪𐑐𐑘𐑩𐑤𐑱𐑑	ˈkɒpjəleɪt	high	
copulate	𐑒𐑷𐑐𐑘𐑩𐑤𐑩𐑑	ˈkɔːpjələt	𐑒𐑪𐑐𐑘𐑩𐑤𐑱𐑑	ˈkɒpjəleɪt	high	
copulate	𐑒𐑷𐑐𐑘𐑩𐑤𐑱𐑑	ˈkɔːpjəleɪt	𐑒𐑪𐑐𐑘𐑩𐑤𐑱𐑑	ˈkɒpjəleɪt	high	
copyhold	𐑒𐑪𐑐𐑰𐑣𐑴𐑤𐑛	ˌkɒpiːˈhəʊld	𐑒𐑪𐑐𐑦𐑣𐑴𐑤𐑛	ˈkɒpɪhəʊld	high	
copyhold	𐑒𐑷𐑐𐑦𐑣𐑴𐑤𐑛	ˌkɔːpiˈhoʊld	𐑒𐑪𐑐𐑦𐑣𐑴𐑤𐑛	ˈkɒpɪhəʊld	high	
copywriter	𐑒𐑭𐑐𐑦𐑮𐑲𐑑𐑼	ˈkɑːpiˌraɪtəR	𐑒𐑪𐑐𐑦𐑮𐑲𐑑𐑼	ˈkɒpiraɪtəR	high	
coquetry	𐑒𐑪𐑒𐑦𐑑𐑮𐑦	kɒkɪtri	𐑒𐑪𐑒𐑩𐑑𐑮𐑦	ˈkɒkətri	high	
coquetry	𐑒𐑴𐑒𐑩𐑑𐑮𐑦	kəʊkətri	𐑒𐑪𐑒𐑩𐑑𐑮𐑦	ˈkɒkətri	high	
coquette	𐑒𐑴𐑒𐑧𐑑	koʊˈket	𐑒𐑪𐑒𐑧𐑑	kɒˈket	high	
cor anglais	𐑒𐑹 𐑷𐑙𐑜𐑤𐑱	ˌkɔːR ɔːŋˈɡleɪ	𐑒𐑹 𐑪𐑙𐑜𐑤𐑱	ˌkɔːr ˈɒŋɡleɪ	high	
coral	𐑒𐑷𐑼𐑮𐑩𐑤	ˈkɔːəRrəl	𐑒𐑪𐑮𐑩𐑤	ˈkɒrəl	high	
cordial	𐑒𐑹𐑛𐑘𐑩𐑤	ˈkɔːRdjəl	𐑒𐑹𐑛𐑾𐑤	ˈkɔːRdɪəl	high	
cordial	𐑒𐑹𐑛𐑦𐑩𐑤	kɔːRdiəl	𐑒𐑹𐑛𐑾𐑤	ˈkɔːRdɪəl	high	
cordial	𐑒𐑹𐑡𐑩𐑤	kɔːRdʒəl	𐑒𐑹𐑛𐑾𐑤	ˈkɔːRdɪəl	high	
cordiality	-𐑛𐑦𐑨𐑤-	-diˈæl-	𐑒𐑹𐑛𐑦𐑨𐑤𐑦𐑑𐑦	ˌkɔːRdɪˈælɪti	medium	r_gap:spelling=1,ipa=0
cordiality	-𐑛𐑰𐑨𐑤-	-diːæl-	𐑒𐑹𐑛𐑦𐑨𐑤𐑦𐑑𐑦	ˌkɔːRdɪˈælɪti	medium	r_gap:spelling=1,ipa=0; shave_says:𐑒𐑹𐑛𐑾𐑤𐑦𐑑𐑦
cordiality	-𐑡𐑦𐑨𐑤-	-dʒiˈæl-	𐑒𐑹𐑛𐑦𐑨𐑤𐑦𐑑𐑦	ˌkɔːRdɪˈælɪti	medium	r_gap:spelling=1,ipa=0
cordiality	-𐑡𐑰𐑨𐑤-	-dʒiːæl-	𐑒𐑹𐑛𐑦𐑨𐑤𐑦𐑑𐑦	ˌkɔːRdɪˈælɪti	medium	r_gap:spelling=1,ipa=0; shave_says:𐑒𐑹𐑛𐑾𐑤𐑦𐑑𐑦
cordiality	𐑒𐑪𐑮𐑡𐑨𐑤𐑦𐑑𐑦	korˈdʒælɪti	𐑒𐑹𐑛𐑦𐑨𐑤𐑦𐑑𐑦	ˌkɔːRdɪˈælɪti	high	
cordiality	𐑒𐑹𐑡𐑨𐑤𐑦𐑑𐑰	kɔːrdʒælɪtiː	𐑒𐑹𐑛𐑦𐑨𐑤𐑦𐑑𐑦	ˌkɔːRdɪˈælɪti	high	
cordially	𐑒𐑹𐑡𐑩𐑤𐑦	ˈkɔːRdʒəli	𐑒𐑹𐑛𐑾𐑤𐑦	ˈkɔːRdɪəli	high	
corgi	𐑒𐑹𐑜𐑫𐑯	ˈkɔːRɡun	𐑒𐑹𐑜𐑦	ˈkɔːRɡi	high	
corgi	𐑒𐑹𐑜𐑵𐑯	kɔːRɡuːn	𐑒𐑹𐑜𐑦	ˈkɔːRɡi	high	
corkscrew	𐑒𐑹𐑒𐑕𐑒𐑮𐑫	ˈkɔːRkskru	𐑒𐑹𐑒𐑕𐑒𐑮𐑵	ˈkɔːRkskruː	high	
cornet	𐑒𐑹𐑯𐑦𐑑	kɔːRnɪt	𐑒𐑹𐑯𐑩𐑑	ˈkɔːRnət	high	
cornet	𐑒𐑹𐑯𐑧𐑑	kɔːRˈnet	𐑒𐑹𐑯𐑩𐑑	ˈkɔːRnət	high	
cornfield	𐑒𐑹𐑯𐑓𐑦𐑤𐑛	ˈkɔːRnˌfild	𐑒𐑹𐑯𐑓𐑰𐑤𐑛	ˈkɔːRnfiːld	high	
cornice	𐑒𐑪𐑮𐑯𐑦𐑕	ˈkornɪs	𐑒𐑹𐑯𐑦𐑕	ˈkɔːRnɪs	high	
cornpone	𐑒𐑷𐑯𐑐𐑴𐑯	kɔnpəʊn	𐑒𐑹𐑯𐑐𐑴𐑯	ˈkɔːRnpəʊn	medium	r_gap:spelling=1,ipa=0; shave_says:𐑒𐑹𐑯𐑐𐑴𐑯
cornucopia	𐑒𐑹𐑯𐑘𐑩𐑒𐑴𐑐𐑦𐑩	kɔːRnjəkəʊpiə	𐑒𐑹𐑯𐑘𐑩𐑒𐑴𐑐𐑾	ˌkɔːRnjəˈkəʊpɪə	high	
cornucopia	𐑒𐑹𐑯𐑩𐑒𐑴𐑐𐑦𐑩	ˌkɔːRnəˈkoʊpiə	𐑒𐑹𐑯𐑘𐑩𐑒𐑴𐑐𐑾	ˌkɔːRnjəˈkəʊpɪə	high	
cornwall	𐑒𐑹𐑯𐑢𐑩𐑤	kɔːRnwəl	𐑒𐑹𐑯𐑢𐑷𐑤	ˈkɔːRnwɔːl	high	
cornwall	𐑒𐑹𐑯𐑢𐑪𐑤	ˈkɔːRnwɒl	𐑒𐑹𐑯𐑢𐑷𐑤	ˈkɔːRnwɔːl	high	
cornwall	𐑒𐑹𐑯𐑢𐑹𐑤	kɔːRnwɔːRl	𐑒𐑹𐑯𐑢𐑷𐑤	ˈkɔːRnwɔːl	high	
corolla	𐑒𐑼𐑪𐑤𐑩	kəˈrɒlə	𐑒𐑼𐑴𐑤𐑩	kəˈrəʊlə	high	
corollary	𐑒𐑹𐑩𐑤𐑧𐑮𐑦	ˈkɔːRəˌleri	𐑒𐑼𐑪𐑤𐑼𐑦	kəˈrɒləri	high	
coronary	𐑒𐑹𐑩𐑯𐑧𐑮𐑦	ˈkɔːRəneri	𐑒𐑪𐑮𐑩𐑯𐑼𐑦	ˈkɒrənəri	high	
coronas	𐑒𐑼𐑴𐑯𐑩𐑕	kərəʊnəs	𐑒𐑼𐑴𐑯𐑩𐑟	kəˈrəʊnəz	high	
coronation	𐑒𐑪-	ˌkɒ-	𐑒𐑪𐑮𐑩𐑯𐑱𐑖𐑩𐑯	ˌkɒrəˈneɪʃən	medium	r_gap:spelling=1,ipa=0
coronation	𐑒𐑹𐑩𐑯𐑱𐑖𐑩𐑯	ˌkɔːRəˈneɪʃən	𐑒𐑪𐑮𐑩𐑯𐑱𐑖𐑩𐑯	ˌkɒrəˈneɪʃən	high	
coroner	𐑒𐑹𐑩𐑯𐑼	ˈkɔːRənəR	𐑒𐑪𐑮𐑩𐑯𐑼	ˈkɒrənəR	high	
coronet	𐑒𐑪𐑮𐑩𐑯𐑦𐑑	kɒrənɪt	𐑒𐑪𐑮𐑩𐑯𐑧𐑑	ˈkɒrənet	medium	ml_disagrees:𐑒𐑪𐑮𐑩𐑯𐑩𐑑; shave_says:𐑒𐑪𐑮𐑩𐑯𐑧𐑑
coronet	𐑒𐑹𐑩𐑯𐑦𐑑	ˈkɔːRənɪt	𐑒𐑪𐑮𐑩𐑯𐑧𐑑	ˈkɒrənet	high	
coronet	𐑒𐑹𐑩𐑯𐑧𐑑	kɔːRəˈnet	𐑒𐑪𐑮𐑩𐑯𐑧𐑑	ˈkɒrənet	high	
corporal	𐑒𐑪𐑮𐑐𐑮𐑩𐑤	ˈkorprəl	𐑒𐑹𐑐𐑼𐑩𐑤	ˈkɔːRpərəl	high	
corporal	𐑒𐑪𐑮𐑐𐑼𐑩𐑤	ˈkorpəRəl	𐑒𐑹𐑐𐑼𐑩𐑤	ˈkɔːRpərəl	high	
corporate	𐑒𐑹𐑐𐑮𐑩𐑑	kɔːRprət	𐑒𐑹𐑐𐑼𐑩𐑑	ˈkɔːRpərət	high	
corporate	𐑒𐑹𐑐𐑼𐑱𐑑	kɔːRpəreɪt	𐑒𐑹𐑐𐑼𐑩𐑑	ˈkɔːRpərət	high	
corps	𐑒𐑪𐑮𐑟	korz	𐑒𐑹, 𐑒𐑹𐑟	kɔːR	high	
corpse	𐑒𐑪𐑮𐑐𐑕	korps	𐑒𐑹𐑐𐑕	kɔːRps	high	
corpulent	𐑒𐑪𐑮𐑐𐑘𐑩𐑤𐑦𐑯𐑑	ˈkorpjəlɪnt	𐑒𐑹𐑐𐑘𐑩𐑤𐑩𐑯𐑑	ˈkɔːRpjələnt	high	
correlate	𐑒𐑪𐑮𐑩𐑤𐑩𐑑	kɒrələt	𐑒𐑪𐑮𐑩𐑤𐑱𐑑	ˈkɒrəleɪt	medium	r_gap:spelling=2,ipa=1; shave_says:𐑒𐑪𐑮𐑩𐑤𐑱𐑑
correlate	𐑒𐑸𐑩𐑤𐑩𐑑	ˈkɑːRələt	𐑒𐑪𐑮𐑩𐑤𐑱𐑑	ˈkɒrəleɪt	medium	r_gap:spelling=2,ipa=1
correlate	𐑒𐑸𐑩𐑤𐑱𐑑	ˈkɑːRəleɪt	𐑒𐑪𐑮𐑩𐑤𐑱𐑑	ˈkɒrəleɪt	medium	r_gap:spelling=2,ipa=1
correlate	𐑒𐑹𐑩𐑤𐑩𐑑	ˈkɔːRələt	𐑒𐑪𐑮𐑩𐑤𐑱𐑑	ˈkɒrəleɪt	medium	r_gap:spelling=2,ipa=1
correlate	𐑒𐑹𐑩𐑤𐑱𐑑	ˈkɔːRəleɪt	𐑒𐑪𐑮𐑩𐑤𐑱𐑑	ˈkɒrəleɪt	medium	r_gap:spelling=2,ipa=1
correlation	𐑒𐑸𐑩𐑤𐑱𐑖𐑩𐑯	ˌkɑːRəˈleɪʃən	𐑒𐑪𐑮𐑩𐑤𐑱𐑖𐑩𐑯	ˌkɒrəˈleɪʃən	medium	r_gap:spelling=2,ipa=1
correlation	𐑒𐑹𐑩𐑤𐑱𐑖𐑩𐑯	ˌkɔːRəˈleɪʃən	𐑒𐑪𐑮𐑩𐑤𐑱𐑖𐑩𐑯	ˌkɒrəˈleɪʃən	medium	r_gap:spelling=2,ipa=1
correspond	𐑒𐑪𐑮𐑩𐑕𐑐𐑪𐑯𐑛	kɒrəspɒnd	𐑒𐑪𐑮𐑦𐑕𐑐𐑪𐑯𐑛	ˌkɒrɪˈspɒnd	medium	r_gap:spelling=2,ipa=1; shave_says:𐑒𐑪𐑮𐑦𐑕𐑐𐑪𐑯𐑛
correspondence	𐑒𐑪𐑮𐑩𐑕𐑐𐑪𐑯𐑛𐑩𐑯𐑕	kɒrəspɒndəns	𐑒𐑪𐑮𐑦𐑕𐑐𐑪𐑯𐑛𐑩𐑯𐑕	ˌkɒrɪˈspɒndəns	medium	r_gap:spelling=2,ipa=1; shave_says:𐑒𐑪𐑮𐑦𐑕𐑐𐑪𐑯𐑛𐑩𐑯𐑕
correspondent	𐑒𐑹𐑦𐑕𐑐𐑪𐑯𐑛𐑩𐑯𐑑	ˌkɔːRɪˈspɒndənt	𐑒𐑪𐑮𐑦𐑕𐑐𐑪𐑯𐑛𐑩𐑯𐑑	ˌkɒrɪˈspɒndənt	medium	r_gap:spelling=2,ipa=1
corresponding	𐑒𐑪𐑮𐑩𐑕𐑐𐑪𐑯𐑛𐑦𐑙	kɒrəspɒndɪŋ	𐑒𐑪𐑮𐑦𐑕𐑐𐑪𐑯𐑛𐑦𐑙	ˌkɒrɪˈspɒndɪŋ	medium	r_gap:spelling=2,ipa=1; shave_says:𐑒𐑪𐑮𐑦𐑕𐑐𐑪𐑯𐑛𐑦𐑙
corresponding	𐑒𐑹𐑩𐑕𐑐𐑪𐑯𐑛𐑦𐑙	ˌkɔːRəˈspɒndɪŋ	𐑒𐑪𐑮𐑦𐑕𐑐𐑪𐑯𐑛𐑦𐑙	ˌkɒrɪˈspɒndɪŋ	medium	r_gap:spelling=2,ipa=1
correspondingly	𐑒𐑹𐑩𐑕𐑐𐑪𐑯𐑛𐑦𐑙𐑤𐑦	ˌkɔːRəˈspɒndɪŋli	𐑒𐑪𐑮𐑦𐑕𐑐𐑪𐑯𐑛𐑦𐑙𐑤𐑦	ˌkɒrɪˈspɒndɪŋli	medium	r_gap:spelling=2,ipa=1
corridor	-𐑛𐑼	-dəR	𐑒𐑪𐑮𐑦𐑛𐑹	ˈkɒrɪdɔːR	medium	r_gap:spelling=3,ipa=1; shave_says:𐑒𐑪𐑮𐑦𐑛𐑹
corridor	𐑒𐑹𐑩𐑛𐑹	ˈkɔːRəˌdɔːR	𐑒𐑪𐑮𐑦𐑛𐑹	ˈkɒrɪdɔːR	medium	r_gap:spelling=3,ipa=2
corridor	𐑒𐑹𐑩𐑛𐑼	ˈkɔːRədəR	𐑒𐑪𐑮𐑦𐑛𐑹	ˈkɒrɪdɔːR	medium	r_gap:spelling=3,ipa=2
corrigendum	𐑒𐑪𐑮𐑦𐑜𐑧𐑯𐑛𐑩𐑥	kɒrɪɡendəm	𐑒𐑪𐑮𐑦𐑡𐑧𐑯𐑛𐑩𐑥	ˌkɒrɪˈdʒendəm	medium	r_gap:spelling=2,ipa=1; shave_says:𐑒𐑪𐑮𐑦𐑡𐑧𐑯𐑛𐑩𐑥
corrigendum	𐑒𐑹𐑦𐑜𐑧𐑯𐑛𐑩𐑥	ˌkɔːRɪˈɡendəm	𐑒𐑪𐑮𐑦𐑡𐑧𐑯𐑛𐑩𐑥	ˌkɒrɪˈdʒendəm	medium	r_gap:spelling=2,ipa=1
corrigendum	𐑒𐑹𐑦𐑡𐑧𐑯𐑛𐑩𐑥	ˌkɔːRɪˈdʒendəm	𐑒𐑪𐑮𐑦𐑡𐑧𐑯𐑛𐑩𐑥	ˌkɒrɪˈdʒendəm	medium	r_gap:spelling=2,ipa=1
corrigible	𐑒𐑹𐑩𐑡𐑩𐑚𐑩𐑤	ˈkɔːrədʒəbəl	𐑒𐑪𐑮𐑦𐑡𐑩𐑚𐑩𐑤	ˈkɒrɪdʒəbəl	medium	r_gap:spelling=2,ipa=1
corroborate	𐑒𐑼𐑪𐑚𐑼𐑩𐑑	kərɒbərət	𐑒𐑼𐑪𐑚𐑼𐑱𐑑	kəˈrɒbəreɪt	medium	r_gap:spelling=3,ipa=2; shave_says:𐑒𐑼𐑪𐑚𐑼𐑱𐑑
corrode	𐑒𐑼𐑮𐑴𐑛	kəRˈroʊd	𐑒𐑼𐑴𐑛	kəˈrəʊd	high	
corrugate	𐑒𐑪𐑮𐑫𐑜𐑱𐑑	kɒrʊɡeɪt	𐑒𐑪𐑮𐑩𐑜𐑱𐑑	ˈkɒrəɡeɪt	medium	r_gap:spelling=2,ipa=1; shave_says:𐑒𐑪𐑮𐑩𐑜𐑱𐑑
corrugate	𐑒𐑹𐑩𐑜𐑱𐑑	ˈkɔːRəˌɡeɪt	𐑒𐑪𐑮𐑩𐑜𐑱𐑑	ˈkɒrəɡeɪt	medium	r_gap:spelling=2,ipa=1
corsage	𐑒𐑹𐑕𐑪𐑠	kɔːRˈsɒʒ	𐑒𐑹𐑕𐑭𐑠	kɔːRˈsɑːʒ	high	
corsage	𐑒𐑹𐑕𐑸𐑠	kɔːRsɑːRʒ	𐑒𐑹𐑕𐑭𐑠	kɔːRˈsɑːʒ	high	
cortege	𐑒𐑷𐑮𐑑𐑧𐑠	kɔrteʒ	𐑒𐑹𐑑𐑱𐑠	kɔːRˈteɪʒ	high	
cortege	𐑒𐑹𐑑𐑧𐑠	ˈkɔːRteʒ	𐑒𐑹𐑑𐑱𐑠	kɔːRˈteɪʒ	high	
cortisol	𐑒𐑪𐑮𐑑𐑦𐑕𐑪𐑤	ˈkortɪˌsɒl	𐑒𐑹𐑑𐑦𐑟𐑴𐑤	ˈkɔːRtɪzəʊl	high	
cortisol	𐑒𐑪𐑮𐑑𐑦𐑕𐑷𐑤	ˈkortɪˌsɔːl	𐑒𐑹𐑑𐑦𐑟𐑴𐑤	ˈkɔːRtɪzəʊl	high	
cortisol	𐑒𐑹𐑑𐑦𐑕𐑪𐑤	kɔːRtɪsɒl	𐑒𐑹𐑑𐑦𐑟𐑴𐑤	ˈkɔːRtɪzəʊl	high	
cortisone	𐑒𐑹𐑑𐑦𐑕𐑴𐑯	ˈkɔːRtɪˌsoʊn	𐑒𐑹𐑑𐑦𐑟𐑴𐑯	ˈkɔːRtɪzəʊn	high	
cos	𐑒𐑪𐑟	kɒz	𐑒𐑩𐑟, 𐑒𐑪𐑕	kəz	high	
cos	𐑒𐑳𐑟	kʌz	𐑒𐑩𐑟, 𐑒𐑪𐑕	kəz	high	
cosmos	𐑒𐑪𐑟𐑥𐑩𐑕	ˈkɒzməs	𐑒𐑪𐑟𐑥𐑪𐑕	ˈkɒzmɒs	high	
cosmos	𐑒𐑪𐑟𐑥𐑴𐑕	ˈkɒzˌmoʊs	𐑒𐑪𐑟𐑥𐑪𐑕	ˈkɒzmɒs	high	
cosmos	𐑒𐑪𐑟𐑥𐑴𐑟	ˈkɒzməʊz	𐑒𐑪𐑟𐑥𐑪𐑕	ˈkɒzmɒs	high	
cosmos	𐑒𐑪𐑟𐑥𐑶	ˈkɒzmɔɪ	𐑒𐑪𐑟𐑥𐑪𐑕	ˈkɒzmɒs	high	
cosplay	𐑒𐑪𐑕𐑐𐑤𐑱	ˈkɒspleɪ	𐑒𐑪𐑟𐑐𐑤𐑱	ˈkɒzpleɪ	high	
cosplay	𐑒𐑴𐑕𐑐𐑤𐑱	ˌkoʊˈspleɪ	𐑒𐑪𐑟𐑐𐑤𐑱	ˈkɒzpleɪ	high	
cossack	𐑒𐑷𐑕𐑨𐑒	ˈkɔːsˌæk	𐑒𐑪𐑕𐑨𐑒	ˈkɒsæk	high	
cost	𐑒𐑷𐑕𐑑	ˈkɔːst	𐑒𐑪𐑕𐑑	kɒst	high	
costa rica	𐑒𐑪𐑕𐑑𐑩 𐑮𐑦𐑒𐑩	ˌkɒstə ˈrikə	𐑒𐑪𐑕𐑑𐑩 𐑮𐑰𐑒𐑩	ˌkɒstə ˈriːkə	high	
costa rica	𐑒𐑴𐑕𐑑𐑩 𐑮𐑦𐑒𐑩	ˌkoʊstə ˈrikə	𐑒𐑪𐑕𐑑𐑩 𐑮𐑰𐑒𐑩	ˌkɒstə ˈriːkə	high	
costs	𐑒𐑷𐑕𐑑𐑕	ˈkɔːsts	𐑒𐑪𐑕𐑑𐑕	kɒsts	high	
costume	𐑒𐑪𐑕𐑑𐑘𐑫𐑥	ˈkɒsˌtjum	𐑒𐑪𐑕𐑑𐑵𐑥, 𐑒𐑪𐑕𐑑𐑿𐑥	ˈkɒstjuːm	high	
costume	𐑒𐑪𐑕𐑑𐑩𐑥	ˈkɒstəm	𐑒𐑪𐑕𐑑𐑵𐑥, 𐑒𐑪𐑕𐑑𐑿𐑥	ˈkɒstjuːm	high	
costume	𐑒𐑪𐑕𐑑𐑫𐑥	ˈkɒstʊm	𐑒𐑪𐑕𐑑𐑵𐑥, 𐑒𐑪𐑕𐑑𐑿𐑥	ˈkɒstjuːm	high	
costume	𐑒𐑪𐑕𐑗𐑫𐑥	ˈkɒsˌtʃum	𐑒𐑪𐑕𐑑𐑵𐑥, 𐑒𐑪𐑕𐑑𐑿𐑥	ˈkɒstjuːm	high	
costume	𐑒𐑪𐑕𐑗𐑵𐑥	ˈkɒstʃuːm	𐑒𐑪𐑕𐑑𐑵𐑥, 𐑒𐑪𐑕𐑑𐑿𐑥	ˈkɒstjuːm	high	
coterminous	𐑒𐑩𐑑𐑻𐑥𐑦𐑯𐑩𐑕	kəˈtɜːRmɪnəs	𐑒𐑴𐑑𐑻𐑥𐑦𐑯𐑩𐑕	ˌkəʊˈtɜːRmɪnəs	high	
cotyledon	𐑒𐑪𐑑𐑩𐑤𐑰𐑛𐑩𐑯	ˌkɒtəˈliːdən	𐑒𐑪𐑑𐑦𐑤𐑰𐑛𐑩𐑯	ˌkɒtɪˈliːdən	high	
cougar	𐑒𐑫𐑜𐑼	ˈkuɡəR	𐑒𐑵𐑜𐑼	ˈkuːɡəR	high	
cough	𐑒𐑷𐑓	kɔːf	𐑒𐑪𐑓	kɒf	high	
counted	𐑒𐑬𐑯𐑩𐑛	ˈkaʊnƏd	𐑒𐑬𐑯𐑑𐑩𐑛	ˈkaʊntƏd	high	
counter-	𐑒𐑬𐑯𐑑𐑩	kaʊntə	𐑒𐑬𐑯𐑑𐑼-	ˈˌkaʊntəR-	medium	r_gap:spelling=1,ipa=0; shave_says:𐑒𐑬𐑯𐑑𐑼-
counter-	𐑒𐑬𐑯𐑑𐑼	ˈkaʊntəR	𐑒𐑬𐑯𐑑𐑼-	ˈˌkaʊntəR-	high	
counterbalance	𐑒𐑬𐑯𐑑𐑩𐑚𐑨𐑤𐑩𐑯𐑕	kaʊntəbæləns	𐑒𐑬𐑯𐑑𐑼𐑚𐑨𐑤𐑩𐑯𐑕	ˈkaʊntəRbæləns	medium	r_gap:spelling=1,ipa=0; shave_says:𐑒𐑬𐑯𐑑𐑼𐑚𐑨𐑤𐑩𐑯𐑕
counterintuitive	𐑒𐑬𐑯𐑑𐑼𐑦𐑯𐑑𐑫𐑦𐑑𐑦𐑝	ˌkaʊntərɪnˈtuɪtɪv	𐑒𐑬𐑯𐑑𐑼𐑦𐑯𐑑𐑵𐑦𐑑𐑦𐑝, 𐑒𐑬𐑯𐑑𐑼𐑦𐑯𐑑𐑿𐑦𐑑𐑦𐑝	ˈkaʊntərɪntˌjuːɪtɪv	high	
countermand	𐑒𐑬𐑯𐑑𐑩𐑥𐑭𐑯𐑛	kaʊntəmɑːnd	𐑒𐑬𐑯𐑑𐑼𐑥𐑨𐑯𐑛, 𐑒𐑬𐑯𐑑𐑼𐑥𐑭𐑯𐑛	ˌkaʊntəRˈmⱭːnd	medium	r_gap:spelling=1,ipa=0; shave_says:𐑒𐑬𐑯𐑑𐑼𐑥𐑨𐑯𐑛
countermeasure	𐑒𐑬𐑯𐑑𐑩𐑥𐑧𐑠𐑼	kaʊntəmeʒəR	𐑒𐑬𐑯𐑑𐑼𐑥𐑧𐑠𐑼	ˈkaʊntəRmeʒəR	medium	r_gap:spelling=2,ipa=1; shave_says:𐑒𐑬𐑯𐑑𐑼𐑥𐑧𐑠𐑼
counterpart	𐑒𐑬𐑯𐑑𐑩𐑐𐑸𐑑	kaʊntəpɑːRt	𐑒𐑬𐑯𐑑𐑼𐑐𐑸𐑑	ˈkaʊntəRpɑːRt	medium	r_gap:spelling=2,ipa=1; shave_says:𐑒𐑬𐑯𐑑𐑼𐑐𐑸𐑑
counterplot	𐑒𐑬𐑯𐑑𐑩𐑐𐑤𐑪𐑑	kaʊntəplɒt	𐑒𐑬𐑯𐑑𐑼𐑐𐑤𐑪𐑑	ˈkaʊntəRplɒt	medium	r_gap:spelling=1,ipa=0; shave_says:𐑒𐑬𐑯𐑑𐑼𐑐𐑤𐑪𐑑
countervail	𐑒𐑬𐑯𐑑𐑩𐑝𐑱𐑤	kaʊntəveɪl	𐑒𐑬𐑯𐑑𐑼𐑝𐑱𐑤	ˈkaʊntəRveɪl	medium	r_gap:spelling=1,ipa=0; shave_says:𐑒𐑬𐑯𐑑𐑼𐑝𐑱𐑤
counting	𐑒𐑬𐑯𐑦𐑙	ˈkaʊnɪŋ	𐑒𐑬𐑯𐑑𐑦𐑙	ˈkaʊntɪŋ	high	
countrified	𐑒𐑳𐑯𐑑𐑮𐑦𐑓𐑳𐑦𐑛	kʌntrɪfʌɪd	𐑒𐑳𐑯𐑑𐑮𐑦𐑓𐑲𐑛	ˈkʌntrɪfaɪd	high	
coup	𐑒𐑫	ku	𐑒𐑵	kuː	high	
coupe	𐑒𐑫𐑐	kup	𐑒𐑵𐑐𐑱	ˈkuːpeɪ	high	
coupe	𐑒𐑵𐑐	kuːp	𐑒𐑵𐑐𐑱	ˈkuːpeɪ	high	
coupon	𐑒𐑿𐑐𐑪𐑯	ˈkjuːˌpɒn	𐑒𐑵𐑐𐑪𐑯	ˈkuːpɒn	high	
courgette	𐑒𐑫𐑼𐑠𐑧𐑑	kʊəRˈʒet	𐑒𐑹𐑠𐑧𐑑	kɔːRˈʒet	high	
courier	𐑒𐑫𐑮𐑦𐑼	kʊriəR	𐑒𐑫𐑮𐑽	ˈkʊrɪəR	high	
courier	𐑒𐑻𐑦𐑼	ˈkɜːRiəR	𐑒𐑫𐑮𐑽	ˈkʊrɪəR	high	
courser	𐑒𐑻𐑕𐑼	kɜːRsəR	𐑒𐑹𐑕𐑼	ˈkɔːRsəR	high	
courteous	𐑒𐑻𐑑𐑦𐑩𐑕	kɜːRtiəs	𐑒𐑻𐑑𐑾𐑕	ˈkɜːRtɪəs	high	
courtesan	𐑒𐑪𐑮𐑑𐑦𐑟𐑨𐑯	ˈkortɪzæn	𐑒𐑹𐑑𐑦𐑟𐑨𐑯	ˌkɔːRtɪˈzæn	high	
courtesan	𐑒𐑪𐑮𐑑𐑦𐑟𐑩𐑯	ˈkortɪzən	𐑒𐑹𐑑𐑦𐑟𐑨𐑯	ˌkɔːRtɪˈzæn	high	
courtesan	𐑒𐑹𐑑𐑦𐑟𐑩𐑯	ˈkɔːRtɪzən	𐑒𐑹𐑑𐑦𐑟𐑨𐑯	ˌkɔːRtɪˈzæn	high	
courtier	𐑒𐑹𐑑𐑦𐑼	ˈkɔːRtiəR	𐑒𐑹𐑑𐑽	ˈkɔːRtɪəR	high	
courtiers	𐑒𐑹𐑑𐑦𐑼𐑟	ˈkɔːRtiəRz	𐑒𐑹𐑑𐑽𐑟	ˈkɔːRtɪəRz	high	
courtship	𐑒𐑹𐑗𐑦𐑐	kɔːRtʃɪp	𐑒𐑹𐑑𐑖𐑦𐑐	ˈkɔːRt+ʃɪp	high	
couscous	𐑒𐑵𐑕𐑒𐑵𐑕	ˈkuːskuːs	𐑒𐑫𐑕𐑒𐑫𐑕	ˈkʊskʊs	high	
cousin	𐑒𐑳𐑟𐑦𐑯	ˈkʌzɪn	𐑒𐑳𐑟𐑩𐑯	ˈkʌzən	high	
cousins	𐑒𐑳𐑟𐑦𐑯𐑕	ˈkʌzɪns	𐑒𐑳𐑟𐑩𐑯𐑟	ˈkʌzənz	high	
cousins	𐑒𐑳𐑟𐑩𐑯𐑕	ˈkʌzəns	𐑒𐑳𐑟𐑩𐑯𐑟	ˈkʌzənz	high	
coventry	𐑒𐑪𐑝𐑩𐑯𐑑𐑮𐑦	kɒvəntri	𐑒𐑳𐑝𐑩𐑯𐑑𐑮𐑦	ˈkʌvəntri	high	
covert	𐑒𐑳𐑝𐑼	ˈkʌvəR	𐑒𐑳𐑝𐑼𐑑, 𐑒𐑴𐑝𐑻𐑑	ˈkəʊvɜːRt	high	
covert	𐑒𐑴𐑝𐑼𐑑	ˈkoʊvəRt	𐑒𐑳𐑝𐑼𐑑, 𐑒𐑴𐑝𐑻𐑑	ˈkəʊvɜːRt	high	
covey	𐑒𐑴𐑝𐑦	ˈkəʊvi	𐑒𐑳𐑝𐑦	ˈkʌvi	high	
covid	𐑒𐑪𐑝𐑩𐑛	ˈkɒvƏd	𐑒𐑴𐑝𐑦𐑛	ˈkəʊvɪd	high	
covid	𐑒𐑳𐑝𐑩𐑛	ˈkʌvƏd	𐑒𐑴𐑝𐑦𐑛	ˈkəʊvɪd	high	
covid	𐑒𐑴𐑝𐑩𐑛	ˈkəʊvƏd	𐑒𐑴𐑝𐑦𐑛	ˈkəʊvɪd	high	
covid-19	𐑒𐑪𐑝𐑦𐑛 𐑯𐑲𐑯𐑑𐑰𐑯	ˈkɒvɪd naɪnˈtiːn	𐑒𐑴𐑝𐑦𐑛-19	ˈkəʊvɪd-naɪnˌtiːn	high	
covid-19	𐑒𐑳𐑝𐑦𐑛 𐑯𐑲𐑯𐑑𐑦𐑯	ˈkʌvɪd naɪnˈtin	𐑒𐑴𐑝𐑦𐑛-19	ˈkəʊvɪd-naɪnˌtiːn	high	
covid-19	𐑒𐑴𐑝𐑦𐑛 𐑯𐑲𐑯𐑑𐑦𐑯	ˈkoʊvɪd naɪnˈtin	𐑒𐑴𐑝𐑦𐑛-19	ˈkəʊvɪd-naɪnˌtiːn	high	
covid-19	𐑒𐑴𐑝𐑦𐑛 𐑯𐑲𐑯𐑑𐑰𐑯	ˈkəʊvɪd naɪnˈtiːn	𐑒𐑴𐑝𐑦𐑛-19	ˈkəʊvɪd-naɪnˌtiːn	high	
cowan	𐑒𐑴𐑩𐑯	ˈkəʊən	𐑒𐑬𐑩𐑯	ˈkaʊən	high	
coyote	𐑒𐑩𐑘𐑴𐑑𐑦	kəˈjoʊti	𐑒𐑲𐑴𐑑𐑦	kaɪˈəʊti	high	
coyote	𐑒𐑶𐑴𐑑	kɔɪˈəʊt	𐑒𐑲𐑴𐑑𐑦	kaɪˈəʊti	high	
coyote	𐑒𐑶𐑴𐑑𐑦	kɔɪˈəʊtɪ	𐑒𐑲𐑴𐑑𐑦	kaɪˈəʊti	high	
cozen	𐑒𐑴𐑟𐑩𐑯	ˈkəʊzən	𐑒𐑳𐑟𐑩𐑯	ˈkʌzən	high	
cragsman	𐑒𐑮𐑨𐑜𐑟𐑥𐑧𐑯	kræɡzmen	𐑒𐑮𐑨𐑜𐑟𐑥𐑩𐑯	ˈkræɡzmən	high	
craig	𐑒𐑮𐑧𐑜	kreɡ	𐑒𐑮𐑱𐑜	kreɪɡ	high	
cranberry	𐑒𐑮𐑨𐑯𐑚𐑧𐑮𐑦	ˈkrænberi	𐑒𐑮𐑨𐑯𐑚𐑼𐑦	ˈkrænbəri	medium	r_gap:spelling=3,ipa=2
crayon	𐑒𐑮𐑧𐑷𐑯	ˈkreɔːn	𐑒𐑮𐑱𐑪𐑯	ˈkreɪɒn	high	
crayon	𐑒𐑮𐑨𐑯	ˈkræn	𐑒𐑮𐑱𐑪𐑯	ˈkreɪɒn	high	
crayon	𐑒𐑮𐑨𐑷𐑯	ˈkræɔːn	𐑒𐑮𐑱𐑪𐑯	ˈkreɪɒn	high	
crayon	𐑒𐑮𐑬𐑯	ˈkraʊn	𐑒𐑮𐑱𐑪𐑯	ˈkreɪɒn	high	
crayon	𐑒𐑮𐑱𐑩𐑯	kreɪən	𐑒𐑮𐑱𐑪𐑯	ˈkreɪɒn	high	
crayon	𐑒𐑮𐑺𐑯	ˈkreən	𐑒𐑮𐑱𐑪𐑯	ˈkreɪɒn	high	
creatively	-𐑑𐑩𐑝-	-təv-	𐑒𐑮𐑦𐑱𐑑𐑦𐑝𐑤𐑦	kriˈeɪtɪvli	medium	r_gap:spelling=1,ipa=0
creativeness	-𐑑𐑩𐑝-	-təv-	𐑒𐑮𐑦𐑱𐑑𐑦𐑝𐑯𐑩𐑕	kriˈeɪtɪvnəs	medium	r_gap:spelling=1,ipa=0
creator	𐑒𐑮𐑰𐑱𐑑𐑼	kriːeɪtəR	𐑒𐑮𐑦𐑱𐑑𐑼	kriˈeɪtəR	high	
creature	𐑒𐑮𐑦𐑗𐑼	ˈkritʃər	𐑒𐑮𐑰𐑗𐑼	ˈkriːtʃəR	high	
creatures	𐑒𐑮𐑦𐑗𐑼𐑟	ˈkritʃəRz	𐑒𐑮𐑰𐑗𐑼𐑟	ˈkriːtʃəRz	high	
creatures	𐑒𐑮𐑰𐑗𐑩𐑟	kriːtʃəz	𐑒𐑮𐑰𐑗𐑼𐑟	ˈkriːtʃəRz	medium	r_gap:spelling=2,ipa=1; shave_says:𐑒𐑮𐑰𐑗𐑼𐑟
credence	𐑒𐑮𐑦𐑑𐑩𐑯𐑕	ˈkritəns	𐑒𐑮𐑰𐑛𐑩𐑯𐑕	ˈkriːdəns	high	
credence	𐑒𐑮𐑦𐑛𐑩𐑯𐑕	ˈkridəns	𐑒𐑮𐑰𐑛𐑩𐑯𐑕	ˈkriːdəns	high	
credited	𐑒𐑮𐑧𐑑𐑦𐑑𐑩𐑛	ˈkretɪtƏd	𐑒𐑮𐑧𐑛𐑦𐑑𐑩𐑛	ˈkredɪtƏd	high	
credo	𐑒𐑮𐑦𐑛𐑴	kridəʊ	𐑒𐑮𐑰𐑛𐑴	ˈkriːdəʊ	high	
credo	𐑒𐑮𐑱𐑛𐑴	kreɪdəʊ	𐑒𐑮𐑰𐑛𐑴	ˈkriːdəʊ	high	
credulity	𐑒𐑮𐑦𐑡𐑵𐑤𐑦𐑑𐑦	krɪdʒuːlɪti	𐑒𐑮𐑦𐑛𐑵𐑤𐑦𐑑𐑦, 𐑒𐑮𐑦𐑛𐑿𐑤𐑦𐑑𐑦	krɪˈdjuːlɪti	high	
creed	𐑒𐑮𐑦𐑛	krid	𐑒𐑮𐑰𐑛	kriːd	high	
creek	𐑒𐑮𐑦𐑒	krik	𐑒𐑮𐑰𐑒	kriːk	high	
creeper	𐑒𐑮𐑦𐑐𐑼	ˈkripəR	𐑒𐑮𐑰𐑐𐑼	ˈkriːpəR	high	
creepy	𐑒𐑮𐑦𐑐𐑦	ˈkripi	𐑒𐑮𐑰𐑐𐑦	ˈkriːpi	high	
crematorium	𐑒𐑮𐑰𐑥𐑩𐑑𐑹𐑦𐑩𐑥	kriːməˈtɔːriəm	𐑒𐑮𐑧𐑥𐑩𐑑𐑹𐑾𐑥	ˌkreməˈtɔːrɪəm	high	
creole	𐑒𐑮𐑦𐑴𐑤	kriəʊl	𐑒𐑮𐑰𐑴𐑤	ˈkriːəʊl	high	
creole	𐑒𐑮𐑱𐑴𐑤	kreɪəʊl	𐑒𐑮𐑰𐑴𐑤	ˈkriːəʊl	high	
creosote	𐑒𐑮𐑰𐑩𐑕𐑴𐑑	kriːəsəʊt	𐑒𐑮𐑾𐑕𐑴𐑑	ˈkrɪəsəʊt	high	
crescendo	𐑒𐑮𐑩𐑖𐑧𐑯𐑛𐑴	krəʃendəʊ	𐑒𐑮𐑦𐑖𐑧𐑯𐑛𐑴	krɪˈʃendəʊ	high	
crescent	𐑒𐑮𐑧𐑟𐑩𐑯𐑑	krezənt	𐑒𐑮𐑧𐑕𐑩𐑯𐑑	ˈkresənt	high	
cretin	𐑒𐑮𐑰𐑑𐑦𐑯	ˈkriːtɪn	𐑒𐑮𐑧𐑑𐑦𐑯	ˈkretɪn	high	
crew	𐑒𐑮𐑫	kru	𐑒𐑮𐑵	kruː	high	
crew	𐑒𐑮𐑫𐑫	kruʊ	𐑒𐑮𐑵	kruː	high	
cricketer	𐑒𐑮𐑦𐑒𐑦𐑑𐑼	ˈkrɪkɪtəR	𐑒𐑮𐑦𐑒𐑩𐑑𐑼	ˈkrɪkItəR	high	
crimson	𐑒𐑮𐑦𐑥𐑕𐑩𐑯	ˈkrɪmsən	𐑒𐑮𐑦𐑥𐑟𐑩𐑯	ˈkrɪmzən	high	
criteria	𐑒𐑮𐑲𐑑𐑦𐑮𐑦𐑩	kraɪˈtɪriə	𐑒𐑮𐑲𐑑𐑽𐑾	kraɪˈtɪərɪə	high	
criteria	𐑒𐑮𐑲𐑑𐑽𐑦𐑩	kraɪtɪəriə	𐑒𐑮𐑲𐑑𐑽𐑾	kraɪˈtɪərɪə	high	
criterion	𐑒𐑮𐑲𐑑𐑦𐑮𐑦𐑩𐑯	kraɪˈtɪriən	𐑒𐑮𐑲𐑑𐑽𐑾𐑯	kraɪˈtɪərɪən	high	
criterion	𐑒𐑮𐑲𐑑𐑽𐑦𐑩𐑯	kraɪtɪəriən	𐑒𐑮𐑲𐑑𐑽𐑾𐑯	kraɪˈtɪərɪən	high	
critique	𐑒𐑮𐑦𐑑𐑦𐑒	krɪˈtik	𐑒𐑮𐑦𐑑𐑰𐑒	krɪˈtiːk	high	
cro-magnon	-𐑥𐑨𐑜𐑯𐑩𐑯	-ˈmæɡnən	𐑒𐑮𐑴-𐑥𐑨𐑯𐑘𐑩𐑯	ˌkrəʊ-ˈmænjən	medium	r_gap:spelling=1,ipa=0
cro-magnon	𐑒𐑮𐑴𐑥𐑨𐑯𐑘𐑩𐑯	kroʊmænjən	𐑒𐑮𐑴-𐑥𐑨𐑯𐑘𐑩𐑯	ˌkrəʊ-ˈmænjən	high	
croatia	𐑒𐑮𐑴𐑱𐑖𐑦𐑩	ˌkroʊˈeɪʃiə	𐑒𐑮𐑴𐑱𐑖𐑩	krəʊˈeɪʃə	high	
crockery	𐑒𐑮𐑪𐑒𐑮𐑦	krɒkri	𐑒𐑮𐑪𐑒𐑼𐑦	ˈkrɒkəri	high	
croft	𐑒𐑮𐑷𐑓𐑑	krɔːft	𐑒𐑮𐑪𐑓𐑑	krɒft	high	
croissant	𐑒𐑮𐑩𐑕𐑪𐑯𐑑	krəˈsɒnt	𐑒𐑢𐑨𐑕𐑪𐑯𐑑	ˈkwæsɒnt	high	
croon	𐑒𐑮𐑫𐑯	krun	𐑒𐑮𐑵𐑯	kruːn	high	
croquet	𐑒𐑮𐑴𐑒𐑦	krəʊki	𐑒𐑮𐑴𐑒𐑱	ˈkrəʊkeɪ	high	
crore	𐑒𐑮𐑪𐑮	kror	𐑒𐑮𐑹	krɔːR	high	
crosier	𐑒𐑮𐑴𐑟𐑦𐑼	krəʊziəR	𐑒𐑮𐑴𐑟𐑽	ˈkrəʊzɪəR	high	
crosier	𐑒𐑮𐑴𐑠𐑼	krəʊʒəR	𐑒𐑮𐑴𐑟𐑽	ˈkrəʊzɪəR	high	
cross	𐑒𐑮𐑷𐑕	krɔːs	𐑒𐑮𐑪𐑕	krɒs	high	
crossbones	𐑒𐑮𐑪𐑕-	ˈkrɒs-	𐑒𐑮𐑪𐑕𐑚𐑴𐑯𐑟	ˈkrɒsbəʊnz	high	
crossbones	𐑒𐑮𐑷𐑕𐑚𐑴𐑯𐑟	ˈkrɔːsboʊnz	𐑒𐑮𐑪𐑕𐑚𐑴𐑯𐑟	ˈkrɒsbəʊnz	high	
crosscut	𐑒𐑮𐑷𐑕𐑒𐑳𐑑	ˈkrɔːskʌt	𐑒𐑮𐑪𐑕𐑒𐑳𐑑	ˈkrɒskʌt	high	
crossed	𐑒𐑮𐑷𐑕𐑑	krɔːst	𐑒𐑮𐑪𐑕𐑑	krɒst	high	
crosses	𐑒𐑮𐑷𐑕𐑩𐑟	ˈkrɔːsƏz	𐑒𐑮𐑪𐑕𐑩𐑟	ˈkrɒsƏz	high	
crossfire	𐑒𐑮𐑷𐑕𐑓𐑲𐑮	ˈkrɔːsfaɪr	𐑒𐑮𐑪𐑕𐑓𐑲𐑼	ˈkrɒsfaɪəR	high	
crossing	𐑒𐑮𐑷𐑕𐑦𐑙	krɔːsɪŋ	𐑒𐑮𐑪𐑕𐑦𐑙	ˈkrɒsɪŋ	high	
crosswind	𐑒𐑮𐑭𐑕𐑢𐑦𐑯𐑛	ˈkrɑːswɪnd	𐑒𐑮𐑪𐑕𐑢𐑦𐑯𐑛	ˈkrɒswɪnd	high	
crotchet	𐑒𐑮𐑪𐑗𐑦𐑑	ˈkrɒtʃɪt	𐑒𐑮𐑪𐑗𐑩𐑑	ˈkrɒtʃət	high	
crotchety	𐑒𐑮𐑪𐑗𐑦𐑑𐑦	ˈkrɒtʃɪti	𐑒𐑮𐑪𐑗𐑩𐑑𐑦	ˈkrɒtʃəti	high	
croupier	𐑒𐑮𐑫𐑐𐑦𐑱	ˈkrupieɪ	𐑒𐑮𐑵𐑐𐑦𐑱	ˈkruːpieɪ	medium	r_gap:spelling=2,ipa=1
croupier	𐑒𐑮𐑫𐑐𐑦𐑼	ˈkrupiəR	𐑒𐑮𐑵𐑐𐑦𐑱	ˈkruːpieɪ	high	
croupier	𐑒𐑮𐑵𐑐𐑽	kruːpɪəR	𐑒𐑮𐑵𐑐𐑦𐑱	ˈkruːpieɪ	high	
crudely	𐑒𐑮𐑫𐑛𐑤𐑦	ˈkrudli	𐑒𐑮𐑵𐑛𐑤𐑦	ˈkruːdli	high	
cruiser	𐑒𐑮𐑫𐑟𐑼	ˈkruzəR	𐑒𐑮𐑵𐑟𐑼	ˈkruːzəR	high	
crupper	𐑒𐑮𐑫𐑐𐑼	ˈkrʊpəR	𐑒𐑮𐑳𐑐𐑼	ˈkrʌpəR	high	
crusade	𐑒𐑮𐑫𐑕𐑱𐑛	kruˈseɪd	𐑒𐑮𐑵𐑕𐑱𐑛	kruːˈseɪd	high	
crusader	𐑒𐑮𐑫𐑕𐑱𐑛𐑼	kruˈseɪdəR	𐑒𐑮𐑵𐑕𐑱𐑛𐑼	kruːˈseɪdəR	high	
crux	𐑒𐑮𐑩𐑒𐑕	krəks	𐑒𐑮𐑳𐑒𐑕	krʌks	high	
cryptocurrency	𐑒𐑮𐑦𐑐𐑑𐑴𐑒𐑻𐑩𐑯𐑕𐑦	ˈkrɪptoʊˌkɜːRənsi	𐑒𐑮𐑦𐑐𐑑𐑴𐑒𐑳𐑮𐑩𐑯𐑕𐑦	ˈkrɪptəʊkʌrənsi	medium	r_gap:spelling=3,ipa=2
cryptozoology	𐑒𐑮𐑦𐑐𐑑𐑴𐑟𐑵𐑪𐑤𐑩𐑡𐑦	krɪptəʊzuːɒlədʒi	𐑒𐑮𐑦𐑐𐑑𐑴𐑟𐑴𐑪𐑤𐑩𐑡𐑦	ˈkrɪptəʊzəʊˌɒlədʒi	high	
cuban	𐑒𐑘𐑫𐑚𐑩𐑯	ˈkjubən	𐑒𐑿𐑚𐑩𐑯	ˈkjuːbən	high	
cube	𐑒𐑘𐑫𐑚	kjub	𐑒𐑿𐑚	kjuːb	high	
cubes	𐑒𐑘𐑫𐑚𐑟	kjubz	𐑒𐑿𐑚𐑟	kjuːbz	high	
cubic	𐑒𐑘𐑫𐑚𐑦𐑒	ˈkjubɪk	𐑒𐑿𐑚𐑦𐑒	ˈkjuːbɪk	high	
cubical	𐑒𐑘𐑫𐑚𐑦𐑒𐑩𐑤	ˈkjubɪkəl	𐑒𐑿𐑚𐑦𐑒𐑩𐑤	ˈkjuːbɪkəl	high	
cubicle	𐑒𐑘𐑫𐑚𐑦𐑒𐑩𐑤	ˈkjubɪkəl	𐑒𐑿𐑚𐑦𐑒𐑩𐑤	ˈkjuːbɪkəl	high	
cubist	𐑒𐑘𐑫𐑚𐑩𐑕𐑑	ˈkjubəst	𐑒𐑿𐑚𐑦𐑕𐑑	ˈkjuːbɪst	high	
cubit	𐑒𐑘𐑫𐑚𐑦𐑑	ˈkjubɪt	𐑒𐑿𐑚𐑦𐑑	ˈkjuːbɪt	high	
cuckold	𐑒𐑳𐑒𐑩𐑤𐑛	ˈkʌkəld	𐑒𐑳𐑒𐑴𐑤𐑛	ˈkʌkəʊld	high	
cuckoo	𐑒𐑫𐑒𐑫	ˈkuku	𐑒𐑫𐑒𐑵	ˈkʊkuː	high	
cucumber	𐑒𐑘𐑫𐑒𐑳𐑥𐑚𐑼	ˈkjuˌkʌmbəR	𐑒𐑿𐑒𐑳𐑥𐑚𐑼	ˈkjuːkʌmbəR	high	
cul-de-sac	𐑒𐑳𐑤𐑛𐑩𐑕𐑨𐑒	ˈkʌldəsæk	𐑒𐑳𐑤-𐑛𐑩-𐑕𐑨𐑒	ˈkʌl-də-sæk	high	
culinary	𐑒𐑘𐑫𐑤𐑦𐑯𐑧𐑮𐑦	ˈkjulɪˌneri	𐑒𐑳𐑤𐑦𐑯𐑼𐑦	ˈkʌlɪnəri	high	
culinary	𐑒𐑫𐑤𐑦𐑯𐑧𐑮𐑦	ˈkʊlɪˌneri	𐑒𐑳𐑤𐑦𐑯𐑼𐑦	ˈkʌlɪnəri	high	
culinary	𐑒𐑳𐑤𐑦𐑯𐑧𐑮𐑦	ˈkʌlɪˌneri	𐑒𐑳𐑤𐑦𐑯𐑼𐑦	ˈkʌlɪnəri	high	
culminate	𐑒𐑩𐑤𐑥𐑩𐑯𐑩𐑑	ˈkəlmənət	𐑒𐑳𐑤𐑥𐑦𐑯𐑱𐑑	ˈkʌlmɪneɪt	high	
culminate	𐑒𐑳𐑤𐑥𐑦𐑯𐑩𐑑	ˈkʌlmɪnət	𐑒𐑳𐑤𐑥𐑦𐑯𐑱𐑑	ˈkʌlmɪneɪt	high	
culminate	𐑒𐑳𐑤𐑥𐑩𐑯𐑱𐑑	ˈkʌlməˌneɪt	𐑒𐑳𐑤𐑥𐑦𐑯𐑱𐑑	ˈkʌlmɪneɪt	high	
culmination	𐑒𐑳𐑤𐑥𐑩𐑯𐑱𐑖𐑩𐑯	ˌkʌlməˈneɪʃən	𐑒𐑳𐑤𐑥𐑦𐑯𐑱𐑖𐑩𐑯	ˌkʌlmɪˈneɪʃən	high	
cultural	𐑒𐑳𐑤𐑗𐑫𐑼𐑩𐑤	kʌltʃʊərəl	𐑒𐑳𐑤𐑗𐑼𐑩𐑤	ˈkʌltʃərəl	high	
cultural	𐑒𐑳𐑤𐑗𐑮𐑩𐑤	kʌltʃrəl	𐑒𐑳𐑤𐑗𐑼𐑩𐑤	ˈkʌltʃərəl	high	
cumberland	𐑒𐑳𐑥𐑚𐑩𐑤𐑩𐑯𐑛	kʌmbələnd	𐑒𐑳𐑥𐑚𐑼𐑤𐑩𐑯𐑛	ˈkʌmbəRlənd	medium	r_gap:spelling=1,ipa=0; shave_says:𐑒𐑳𐑥𐑚𐑼𐑤𐑩𐑯𐑛
cumbernauld	𐑒𐑳𐑥𐑚𐑩𐑯𐑷𐑤𐑛	kʌmbənɔːld	𐑒𐑳𐑥𐑚𐑼𐑯𐑷𐑤𐑛	ˈkʌmbəRnɔːld	medium	r_gap:spelling=1,ipa=0; shave_says:·𐑒𐑳𐑥𐑚𐑼𐑯𐑷𐑤𐑛
cumbersome	𐑒𐑳𐑥𐑚𐑩𐑕𐑩𐑥	kʌmbəsəm	𐑒𐑳𐑥𐑚𐑼𐑕𐑩𐑥	ˈkʌmbəRsəm	medium	r_gap:spelling=1,ipa=0; shave_says:𐑒𐑳𐑥𐑚𐑼𐑕𐑩𐑥
cumbria	𐑒𐑳𐑥𐑚𐑮𐑦𐑩	kʌmbriə	𐑒𐑳𐑥𐑚𐑮𐑾	ˈkʌmbrɪə	high	
cummerbund	𐑒𐑳𐑥𐑚𐑼𐑚𐑳𐑯𐑛	ˈkʌmbəRˌbʌnd	𐑒𐑳𐑥𐑼𐑚𐑳𐑯𐑛	ˈkʌməRbʌnd	high	
cummerbund	𐑒𐑳𐑥𐑩𐑚𐑳𐑯𐑛	kʌməbʌnd	𐑒𐑳𐑥𐑼𐑚𐑳𐑯𐑛	ˈkʌməRbʌnd	medium	r_gap:spelling=1,ipa=0; shave_says:𐑒𐑳𐑥𐑼𐑚𐑳𐑯𐑛
cuneiform	𐑒𐑘𐑩𐑯𐑱𐑦𐑓𐑹𐑥	kjəneɪɪfɔːRm	𐑒𐑿𐑯𐑦𐑓𐑹𐑥	ˈkjuːnɪfɔːRm	high	
cuneiform	𐑒𐑘𐑫𐑯𐑦𐑓𐑹𐑥	ˈkjunɪfɔːRm	𐑒𐑿𐑯𐑦𐑓𐑹𐑥	ˈkjuːnɪfɔːRm	high	
cuneiform	𐑒𐑘𐑫𐑯𐑦𐑩𐑓𐑹𐑥	kjuˈniəfɔːRm	𐑒𐑿𐑯𐑦𐑓𐑹𐑥	ˈkjuːnɪfɔːRm	high	
cuneiform	𐑒𐑘𐑫𐑯𐑱𐑦𐑓𐑹𐑥	kjuˈneɪɪfɔːRm	𐑒𐑿𐑯𐑦𐑓𐑹𐑥	ˈkjuːnɪfɔːRm	high	
cuneiform	𐑒𐑿𐑯𐑦𐑦𐑓𐑹𐑥	kjuːniɪfɔːRm	𐑒𐑿𐑯𐑦𐑓𐑹𐑥	ˈkjuːnɪfɔːRm	high	
cupid	𐑒𐑘𐑫𐑐𐑩𐑛	ˈkjupƏd	𐑒𐑿𐑐𐑦𐑛	ˈkjuːpɪd	high	
cupid	𐑒𐑿𐑐𐑩𐑛	ˈkjuːpƏd	𐑒𐑿𐑐𐑦𐑛	ˈkjuːpɪd	high	
cupidity	𐑒𐑿𐑐𐑦𐑛𐑩𐑑𐑦	kjuːˈpɪdəti	𐑒𐑿𐑐𐑦𐑛𐑦𐑑𐑦	kjuːˈpɪdɪti	high	
cupola	𐑒𐑘𐑫𐑐𐑩𐑤𐑴	ˈkjupəloʊ	𐑒𐑿𐑐𐑩𐑤𐑩	ˈkjuːpələ	high	
cupola	𐑒𐑫𐑐𐑩𐑤𐑩	ˈkupələ	𐑒𐑿𐑐𐑩𐑤𐑩	ˈkjuːpələ	high	
curate	-𐑮𐑦𐑑	-rɪt	𐑒𐑘𐑫𐑼𐑩𐑑	ˈkjʊərət	high	
curate	𐑒𐑘𐑩𐑼𐑩𐑑	kjəərət	𐑒𐑘𐑫𐑼𐑩𐑑	ˈkjʊərət	medium	ml_disagrees:𐑒𐑘𐑫𐑼𐑩𐑑; shave_says:[𐑒𐑘𐑫𐑼𐑩𐑑 / 𐑒𐑘𐑫𐑼𐑱𐑑]
curate	𐑒𐑘𐑩𐑼𐑱𐑑	kjəəreɪt	𐑒𐑘𐑫𐑼𐑩𐑑	ˈkjʊərət	medium	ml_disagrees:𐑒𐑘𐑫𐑼𐑱𐑑; shave_says:[𐑒𐑘𐑫𐑼𐑩𐑑 / 𐑒𐑘𐑫𐑼𐑱𐑑]
curate	𐑒𐑘𐑼𐑦𐑑	ˈkjərɪt	𐑒𐑘𐑫𐑼𐑩𐑑	ˈkjʊərət	high	
curate	𐑒𐑘𐑼𐑱𐑑	kjəˈreɪt	𐑒𐑘𐑫𐑼𐑩𐑑	ˈkjʊərət	high	
cure	𐑒𐑘𐑻	kjɜːR	𐑒𐑘𐑫𐑼, 𐑒𐑘𐑫𐑼𐑱	kjʊəR	high	
cure	𐑒𐑘𐑼	kjər	𐑒𐑘𐑫𐑼, 𐑒𐑘𐑫𐑼𐑱	kjʊəR	high	
cured	𐑒𐑘𐑷𐑛	kjɔːd	𐑒𐑘𐑫𐑼𐑛	kjʊəRd	medium	r_gap:spelling=1,ipa=0; shave_says:𐑒𐑘𐑫𐑼𐑛
cured	𐑒𐑘𐑻𐑛	kjɜːRd	𐑒𐑘𐑫𐑼𐑛	kjʊəRd	high	
cured	𐑒𐑘𐑼𐑛	kjərd	𐑒𐑘𐑫𐑼𐑛	kjʊəRd	high	
curfew	𐑒𐑻𐑓𐑘𐑫	ˈkɜːRfju	𐑒𐑻𐑓𐑿	ˈkɜːRfjuː	high	
curiosity	-𐑦𐑑𐑦	-ɪti	𐑒𐑘𐑫𐑼𐑦𐑪𐑕𐑦𐑑𐑦	ˌkjʊərɪˈɒsɪti	medium	r_gap:spelling=1,ipa=0; shave_says:𐑒𐑘𐑫𐑼𐑦𐑪𐑕𐑦𐑑𐑦
curiosity	𐑒𐑘𐑩𐑼𐑦𐑪𐑕𐑩𐑑𐑦	kjəəriɒsəti	𐑒𐑘𐑫𐑼𐑦𐑪𐑕𐑦𐑑𐑦	ˌkjʊərɪˈɒsɪti	medium	ml_disagrees:𐑒𐑘𐑫𐑼𐑦𐑪𐑕𐑩𐑑𐑦; shave_says:𐑒𐑘𐑫𐑼𐑦𐑪𐑕𐑦𐑑𐑦
curiosity	𐑒𐑘𐑹𐑦𐑪𐑕𐑩𐑑𐑦	kjɔːriɒsəti	𐑒𐑘𐑫𐑼𐑦𐑪𐑕𐑦𐑑𐑦	ˌkjʊərɪˈɒsɪti	high	
curiosity	𐑒𐑘𐑻𐑦𐑪𐑕𐑩𐑑𐑦	ˌkjɜːRiˈɒsəti	𐑒𐑘𐑫𐑼𐑦𐑪𐑕𐑦𐑑𐑦	ˌkjʊərɪˈɒsɪti	high	
curiosity	𐑒𐑘𐑼𐑦𐑪𐑕𐑩𐑑𐑦	ˌkjəriˈɒsəti	𐑒𐑘𐑫𐑼𐑦𐑪𐑕𐑦𐑑𐑦	ˌkjʊərɪˈɒsɪti	high	
curious	𐑒𐑘𐑩𐑼𐑦𐑩𐑕	kjəəriəs	𐑒𐑘𐑫𐑼𐑾𐑕	ˈkjʊərɪəs	medium	ml_disagrees:𐑒𐑘𐑫𐑼𐑦𐑩𐑕; shave_says:𐑒𐑘𐑫𐑼𐑾𐑕
curious	𐑒𐑘𐑷-	kjɔː-	𐑒𐑘𐑫𐑼𐑾𐑕	ˈkjʊərɪəs	medium	r_gap:spelling=1,ipa=0; shave_says:𐑒𐑘𐑫𐑼𐑾𐑕
curious	𐑒𐑘𐑻𐑦𐑩𐑕	ˈkjɜːRiəs	𐑒𐑘𐑫𐑼𐑾𐑕	ˈkjʊərɪəs	high	
curious	𐑒𐑘𐑼𐑦𐑩𐑕	ˈkjəriəs	𐑒𐑘𐑫𐑼𐑾𐑕	ˈkjʊərɪəs	high	
curiouser	𐑒𐑘𐑷-	kjɔː-	𐑒𐑘𐑫𐑼𐑾𐑕𐑼	ˈkjʊərɪəsəR	medium	r_gap:spelling=2,ipa=0; shave_says:𐑒𐑘𐑫𐑼𐑾𐑕𐑼
curiouser	𐑒𐑘𐑼𐑦𐑩𐑕𐑼	ˈkjəriəsəR	𐑒𐑘𐑫𐑼𐑾𐑕𐑼	ˈkjʊərɪəsəR	high	
curiously	𐑒𐑘𐑩𐑼𐑦𐑩𐑕𐑤𐑦	kjəəriəsli	𐑒𐑘𐑫𐑼𐑾𐑕𐑤𐑦	ˈkjʊərɪəsli	medium	ml_disagrees:𐑒𐑘𐑫𐑼𐑦𐑩𐑕𐑤𐑦; shave_says:𐑒𐑘𐑫𐑼𐑾𐑕𐑤𐑦
curiously	𐑒𐑘𐑹𐑦𐑩𐑕𐑤𐑦	kjɔːriəsli	𐑒𐑘𐑫𐑼𐑾𐑕𐑤𐑦	ˈkjʊərɪəsli	high	
curiously	𐑒𐑘𐑻𐑦𐑩𐑕𐑤𐑦	ˈkjɜːRiəsli	𐑒𐑘𐑫𐑼𐑾𐑕𐑤𐑦	ˈkjʊərɪəsli	high	
curiously	𐑒𐑘𐑼𐑦𐑩𐑕𐑤𐑦	ˈkjəriəsli	𐑒𐑘𐑫𐑼𐑾𐑕𐑤𐑦	ˈkjʊərɪəsli	high	
curitiba	𐑒𐑘𐑩𐑼𐑦𐑗𐑰𐑚𐑩	kjəəritʃiːbə	𐑒𐑫𐑼𐑦𐑑𐑰𐑚𐑩	ˌkʊərɪˈtiːbə	medium	ml_disagrees:𐑒𐑘𐑫𐑼𐑦𐑗𐑰𐑚𐑩; shave_says:𐑒𐑵𐑮𐑦𐑗𐑰𐑚𐑩
curitiba	𐑒𐑘𐑼𐑦𐑗𐑦𐑚𐑩	kjəriˈtʃibə	𐑒𐑫𐑼𐑦𐑑𐑰𐑚𐑩	ˌkʊərɪˈtiːbə	high	
curlew	𐑒𐑻𐑤𐑘𐑫	kɜːRlju	𐑒𐑻𐑤𐑵, 𐑒𐑻𐑤𐑿	ˈkɜːRljuː	high	
curlew	𐑒𐑻𐑤𐑫	kɜːRlu	𐑒𐑻𐑤𐑵, 𐑒𐑻𐑤𐑿	ˈkɜːRljuː	high	
curling	𐑒𐑼𐑤𐑦𐑙	ˈkərlɪŋ	𐑒𐑻𐑤𐑦𐑙	ˈkɜːRlɪŋ	high	
curmudgeon	𐑒𐑼𐑥𐑳𐑡𐑩𐑯	kəRˈmʌdʒən	𐑒𐑻𐑥𐑳𐑡𐑩𐑯	kɜːRˈmʌdʒən	high	
currency	𐑒𐑻𐑩𐑯𐑕𐑦	ˈkɜːRənsi	𐑒𐑳𐑮𐑩𐑯𐑕𐑦	ˈkʌrənsi	medium	r_gap:spelling=2,ipa=1
current	𐑒𐑻𐑩𐑯𐑑	ˈkɜːRənt	𐑒𐑳𐑮𐑩𐑯𐑑	ˈkʌrənt	medium	r_gap:spelling=2,ipa=1
currently	𐑒𐑳𐑮 𐑩𐑯𐑑𐑤𐑦	ˈkʌr əntli	𐑒𐑳𐑮𐑩𐑯𐑑𐑤𐑦	ˈkʌrəntli	medium	r_gap:spelling=2,ipa=1
currently	𐑒𐑻𐑩𐑯𐑑𐑤𐑦	kɜːRəntli	𐑒𐑳𐑮𐑩𐑯𐑑𐑤𐑦	ˈkʌrəntli	medium	r_gap:spelling=2,ipa=1
currying	𐑒𐑻𐑮𐑦𐑦𐑙	ˈkɜːRriɪŋ	𐑒𐑳𐑮𐑦𐑦𐑙	ˈkʌriɪŋ	high	
cursory	𐑒𐑻𐑕𐑮𐑦	kɜːRsri	𐑒𐑻𐑕𐑼𐑦	ˈkɜːRsəri	high	
curtailment	𐑒𐑼𐑑𐑱𐑤𐑥𐑩𐑯𐑑	kəRˈteɪlmənt	𐑒𐑻𐑑𐑱𐑤𐑥𐑩𐑯𐑑	kɜːRˈteɪlmənt	high	
curve	𐑒𐑼𐑝	kəRv	𐑒𐑻𐑝	kɜːRv	high	
curves	𐑒𐑼𐑝𐑟	kəRvz	𐑒𐑻𐑝𐑟	kɜːRvz	high	
customary	𐑒𐑳𐑕𐑑𐑩𐑥𐑧𐑮𐑦	ˈkʌstəˌmeri	𐑒𐑳𐑕𐑑𐑩𐑥𐑼𐑦	ˈkʌstəməri	high	
cut-out	𐑒𐑳𐑑-	ˈkʌt-	𐑒𐑳𐑑-𐑬𐑑	ˈkʌt-aʊt	high	
cut-out	𐑒𐑳𐑑𐑬𐑑	ˈkʌtaʊt	𐑒𐑳𐑑-𐑬𐑑	ˈkʌt-aʊt	high	
cuttlefish	-𐑑𐑩𐑤	-təl	𐑒𐑳𐑑𐑩𐑤𐑓𐑦𐑖	ˈkʌtəlfɪʃ	high	
cuttlefish	-𐑑𐑼-	-tər-	𐑒𐑳𐑑𐑩𐑤𐑓𐑦𐑖	ˈkʌtəlfɪʃ	high	
cybersecurity	𐑕𐑲𐑚𐑩𐑕𐑦𐑒𐑘𐑩𐑼𐑦𐑑𐑦	saɪbəsɪkjəərɪtɪ	𐑕𐑲𐑚𐑼𐑕𐑦𐑒𐑘𐑫𐑼𐑦𐑑𐑦	ˈsaɪbəRsɪkjʊərɪti	low	ml_disagrees:𐑕𐑲𐑚𐑩𐑕𐑦𐑒𐑘𐑫𐑼𐑦𐑑𐑦; r_gap:spelling=2,ipa=1; shave_says:𐑕𐑲𐑚𐑼𐑕𐑦𐑒𐑘𐑫𐑼𐑦𐑑𐑦
cycle	𐑕𐑲𐑒𐑤	ˈsaɪkl	𐑕𐑲𐑒𐑩𐑤	ˈsaɪkəl	high	
cycle	𐑕𐑳𐑦𐑒𐑩𐑤	ˈsʌɪkəl	𐑕𐑲𐑒𐑩𐑤	ˈsaɪkəl	high	
cyclopaedia	𐑕𐑲𐑒𐑤𐑴𐑐𐑰𐑛𐑦𐑩	saɪkləʊˈpiːdiə	𐑕𐑲𐑒𐑤𐑩𐑐𐑰𐑛𐑾	ˌsaɪkləˈpiːdɪə	high	
cyclopean	𐑕𐑲𐑒𐑤𐑩𐑐𐑰𐑩𐑯	ˌsaɪkləˈpiːən	𐑕𐑲𐑒𐑤𐑴𐑐𐑾𐑯	saɪˈkləʊpɪən	high	
cyclopean	𐑕𐑲𐑒𐑤𐑴𐑐𐑦𐑩𐑯	ˈsaɪkləʊpiən	𐑕𐑲𐑒𐑤𐑴𐑐𐑾𐑯	saɪˈkləʊpɪən	high	
cylinder	𐑕𐑦𐑤𐑩𐑯𐑛𐑼	ˈsɪləndəR	𐑕𐑦𐑤𐑦𐑯𐑛𐑼	ˈsɪlɪndəR	high	
cynically	𐑕𐑦𐑯𐑦𐑒𐑩𐑤𐑦	ˈsɪnɪkəli	𐑕𐑦𐑯𐑦𐑒𐑤𐑦	ˈsɪnɪkli	high	
cynosure	-𐑕𐑘𐑩𐑼	-sjəəR	𐑕𐑦𐑯𐑩𐑖𐑫𐑼	ˈsɪnəˌʃʊəR	high	
cynosure	-𐑖𐑫𐑼	-ʃʊəR	𐑕𐑦𐑯𐑩𐑖𐑫𐑼	ˈsɪnəˌʃʊəR	high	
cynosure	-𐑖𐑼	-ʃəR	𐑕𐑦𐑯𐑩𐑖𐑫𐑼	ˈsɪnəˌʃʊəR	high	
cynosure	𐑕𐑦𐑯-	ˈsɪn-	𐑕𐑦𐑯𐑩𐑖𐑫𐑼	ˈsɪnəˌʃʊəR	medium	r_gap:spelling=1,ipa=0
cynosure	𐑕𐑦𐑯𐑩𐑟𐑘𐑩𐑼	sɪnəzjəəR	𐑕𐑦𐑯𐑩𐑖𐑫𐑼	ˈsɪnəˌʃʊəR	high	
cynosure	𐑕𐑲𐑯𐑩𐑖𐑫𐑮	ˈsaɪnəʃʊr	𐑕𐑦𐑯𐑩𐑖𐑫𐑼	ˈsɪnəˌʃʊəR	high	
czechoslovakia	𐑗𐑧𐑒𐑩𐑕𐑤𐑩𐑝𐑨𐑒𐑦𐑩	ˌtʃekəsləˈvækiə	𐑗𐑧𐑒𐑴𐑕𐑤𐑩𐑝𐑨𐑒𐑾	ˌtʃekəʊsləˈvækɪə	high	
czechoslovakia	𐑗𐑧𐑒𐑩𐑕𐑤𐑩𐑝𐑪𐑒𐑦𐑩	ˌtʃekəsləˈvɒkiə	𐑗𐑧𐑒𐑴𐑕𐑤𐑩𐑝𐑨𐑒𐑾	ˌtʃekəʊsləˈvækɪə	high	
czechoslovakian	𐑗𐑧𐑒𐑩𐑕𐑤𐑴𐑝𐑪𐑒𐑦𐑩𐑯	ˌtʃekəsloʊˈvɒkiən	𐑗𐑧𐑒𐑴𐑕𐑤𐑩𐑝𐑨𐑒𐑾𐑯	ˌtʃekəʊsləˈvækɪən	high	
czechoslovakian	𐑗𐑧𐑒𐑩𐑟𐑤𐑩𐑝𐑨𐑒𐑦𐑩𐑯	ˈtʃekəzləvækiən	𐑗𐑧𐑒𐑴𐑕𐑤𐑩𐑝𐑨𐑒𐑾𐑯	ˌtʃekəʊsləˈvækɪən	high	
d'you	𐑡𐑩	dʒə	𐑡𐑵	dʒuː	high	
da capo	𐑛𐑩𐑒𐑨𐑐𐑴	dəˈkæpəʊ	𐑛𐑭 𐑒𐑭𐑐𐑴	ˌdɑː ˈkɑːpəʊ	high	
dabble	𐑛𐑺𐑚𐑩𐑤	ˈdeəbəl	𐑛𐑨𐑚𐑩𐑤	ˈdæbəl	high	
dacha	𐑛𐑪𐑗𐑩	ˈdɒtʃə	𐑛𐑨𐑗𐑩	ˈdætʃə	high	
dachshund	𐑛𐑨𐑒𐑕𐑩𐑯𐑛	ˈdæksənd	𐑛𐑨𐑒𐑕𐑣𐑫𐑯𐑛	ˈdækshʊnd	high	
dachshund	𐑛𐑪𐑒𐑕𐑣𐑫𐑯𐑑	ˈdɒksˌhʊnt	𐑛𐑨𐑒𐑕𐑣𐑫𐑯𐑛	ˈdækshʊnd	high	
dachshund	𐑛𐑪𐑒𐑕𐑩𐑯𐑛	ˈdɒksənd	𐑛𐑨𐑒𐑕𐑣𐑫𐑯𐑛	ˈdækshʊnd	high	
dachshund	𐑛𐑭𐑒𐑕𐑣𐑫𐑯𐑛	ˈdɑːksˌhʊnd	𐑛𐑨𐑒𐑕𐑣𐑫𐑯𐑛	ˈdækshʊnd	high	
dagmar	𐑛𐑨𐑜𐑥𐑸	dæɡmɑːr	𐑛𐑨𐑜𐑥𐑹	ˈdæɡmɔːR	high	
daguerreotype	𐑛𐑩𐑜𐑧𐑮𐑾𐑫𐑑𐑲𐑐	dəɡerɪəʊtaɪp	𐑛𐑩𐑜𐑧𐑮𐑩𐑑𐑲𐑐	dəˈɡerətaɪp	medium	r_gap:spelling=2,ipa=1; shave_says:𐑛𐑩𐑜𐑧𐑮𐑩𐑑𐑲𐑐
daguerreotype	𐑛𐑩𐑜𐑺𐑦𐑩𐑑𐑲𐑐	dəˈɡeəRiəˌtaɪp	𐑛𐑩𐑜𐑧𐑮𐑩𐑑𐑲𐑐	dəˈɡerətaɪp	medium	r_gap:spelling=2,ipa=1
daguerreotype	𐑛𐑩𐑜𐑺𐑦𐑴𐑑𐑲𐑐	dəˈɡeəRioʊˌtaɪp	𐑛𐑩𐑜𐑧𐑮𐑩𐑑𐑲𐑐	dəˈɡerətaɪp	medium	r_gap:spelling=2,ipa=1
dahlia	𐑛𐑨𐑤𐑘𐑩	ˈdæljə	𐑛𐑱𐑤𐑾	ˈdeɪlɪə	high	
dahlia	𐑛𐑪𐑤𐑘𐑩	ˈdɒljə	𐑛𐑱𐑤𐑾	ˈdeɪlɪə	high	
dahlia	𐑛𐑭𐑤𐑦𐑩	ˈdɑːliə	𐑛𐑱𐑤𐑾	ˈdeɪlɪə	high	
dahlia	𐑛𐑱𐑤𐑘𐑩	ˈdeɪljə	𐑛𐑱𐑤𐑾	ˈdeɪlɪə	high	
dahlia	𐑛𐑱𐑤𐑦𐑩	ˈdeɪliə	𐑛𐑱𐑤𐑾	ˈdeɪlɪə	high	
dailies	𐑛𐑱𐑤𐑰𐑟	ˈdeɪliːz	𐑛𐑱𐑤𐑦𐑟	ˈdeɪliz	high	
dais	𐑛𐑱𐑕	ˈdeɪs	𐑛𐑱𐑦𐑕	ˈdeɪɪs	high	
dais	𐑛𐑱𐑩𐑕	ˈdeɪəs	𐑛𐑱𐑦𐑕	ˈdeɪɪs	high	
dais	𐑛𐑲𐑩𐑕	ˈdaɪəs	𐑛𐑱𐑦𐑕	ˈdeɪɪs	high	
dakar	𐑛𐑨𐑒𐑸	dækɑːr	𐑛𐑨𐑒𐑼	ˈdækəR	high	
dakar	𐑛𐑪𐑒𐑪𐑼	dɒˈkɒəR	𐑛𐑨𐑒𐑼	ˈdækəR	high	
dalliance	𐑛𐑨𐑤𐑦𐑩𐑯𐑕	ˈdæliəns	𐑛𐑨𐑤𐑾𐑯𐑕	ˈdælɪəns	high	
dalton	𐑛𐑷𐑤𐑑𐑩𐑯	ˈdɔːltən	𐑛𐑪𐑤𐑑𐑩𐑯	ˈdɒltən	high	
damsel	𐑛𐑺𐑥𐑟𐑤	ˈdeəmzl	𐑛𐑨𐑥𐑟𐑩𐑤	ˈdæmzəl	high	
dancer	𐑛𐑨𐑯𐑑𐑕𐑼	ˈdæntsər	𐑛𐑨𐑯𐑕𐑼, 𐑛𐑭𐑯𐑕𐑼	ˈdⱭːnsəR	high	
dancer	𐑛𐑭𐑯𐑑𐑕𐑼	dɑːntsər	𐑛𐑨𐑯𐑕𐑼, 𐑛𐑭𐑯𐑕𐑼	ˈdⱭːnsəR	high	
dandelion	𐑛𐑨𐑯𐑛𐑩𐑤𐑲𐑩𐑯	ˈdændəˌlaɪən	𐑛𐑨𐑯𐑛𐑦𐑤𐑲𐑩𐑯	ˈdændɪlaɪən	high	
dandruff	𐑛𐑨𐑯𐑛𐑮𐑩𐑓	ˈdændrəf	𐑛𐑨𐑯𐑛𐑮𐑳𐑓	ˈdændrʌf	high	
dandruff	𐑛𐑨𐑯𐑛𐑮𐑫𐑓	dændrʊf	𐑛𐑨𐑯𐑛𐑮𐑳𐑓	ˈdændrʌf	high	
dandruff	𐑛𐑺𐑯𐑛𐑮𐑩𐑓	ˈdeəndrəf	𐑛𐑨𐑯𐑛𐑮𐑳𐑓	ˈdændrʌf	high	
dangerous	𐑛𐑱𐑯𐑠𐑮𐑩𐑕	ˈdeɪnʒrəs	𐑛𐑱𐑯𐑡𐑼𐑩𐑕	ˈdeɪndʒərəs	high	
dangerous	𐑛𐑱𐑯𐑠𐑼𐑩𐑕	deɪnʒərəs	𐑛𐑱𐑯𐑡𐑼𐑩𐑕	ˈdeɪndʒərəs	high	
dangerous	𐑛𐑱𐑯𐑡𐑼𐑕	ˈdeɪndʒəRs	𐑛𐑱𐑯𐑡𐑼𐑩𐑕	ˈdeɪndʒərəs	high	
dangling	𐑛𐑨𐑙𐑜𐑩𐑤𐑦𐑙	ˈdaŋɡəlɪŋ	𐑛𐑨𐑙𐑜𐑤𐑦𐑙	ˈdæŋɡlɪŋ	high	
daniel	𐑛𐑨𐑯𐑘𐑩𐑤	ˈdanjəl	𐑛𐑨𐑯𐑾𐑤	ˈdænɪəl	high	
daniels	𐑛𐑨𐑯𐑘𐑩𐑤𐑟	ˈdænjəlz	𐑛𐑨𐑯𐑾𐑤𐑟	ˈdænɪəlz	high	
danse macabre	𐑛𐑪𐑯𐑕 𐑥𐑩𐑒𐑪𐑚𐑮𐑩	dɒns məˈkɒbrə	𐑛𐑭𐑯𐑕 𐑥𐑩𐑒𐑭𐑚𐑮𐑩	dɑːns məˈkɑːbrə	high	
dared	𐑛𐑧𐑮𐑛	derd	𐑛𐑺𐑛	deəRd	high	
dares	𐑛𐑧𐑮𐑟	derz	𐑛𐑺𐑟	deəRz	high	
daring	𐑛𐑧𐑮𐑦𐑙	ˈderɪŋ	𐑛𐑺𐑦𐑙	ˈdeərɪŋ	high	
darkness	𐑛𐑸𐑒𐑯𐑦𐑕	ˈdɑːRknɪs	𐑛𐑸𐑒𐑯𐑩𐑕	ˈdɑːRknəs	high	
dartmoor	𐑛𐑸𐑑𐑥𐑹	dɑːRtmɔːr	𐑛𐑸𐑑𐑥𐑫𐑼	ˈdɑːRtmʊəR	high	
darwinian	𐑛𐑸𐑢𐑦𐑯𐑦𐑩𐑯	dɑːRwɪniən	𐑛𐑸𐑢𐑦𐑯𐑾𐑯	dɑːRˈwɪniən	high	
dashboard	𐑛𐑨𐑖𐑚𐑪𐑼𐑛	ˈdæʃˌboərd	𐑛𐑨𐑖𐑚𐑹𐑛	ˈdæʃbɔːRd	high	
dashing	𐑛𐑨𐑖𐑦𐑙𐑜	ˈdæʃɪŋɡ	𐑛𐑨𐑖𐑦𐑙	ˈdæʃɪŋ	high	
dastard	𐑛𐑸𐑕𐑑𐑼𐑛	dɑːRstəRd	𐑛𐑨𐑕𐑑𐑼𐑛	ˈdæstəRd	high	
dastardly	𐑛𐑨𐑕𐑑𐑩𐑛𐑤𐑦	dæstədli	𐑛𐑨𐑕𐑑𐑼𐑛𐑤𐑦	ˈdæstəRdli	medium	r_gap:spelling=1,ipa=0; shave_says:𐑛𐑨𐑕𐑑𐑼𐑛𐑤𐑦
dastardly	𐑛𐑸𐑕𐑑𐑩𐑛𐑤𐑦	dɑːRstədli	𐑛𐑨𐑕𐑑𐑼𐑛𐑤𐑦	ˈdæstəRdli	high	
database	𐑛𐑨𐑑𐑩𐑚𐑱𐑕	ˈdætəˌbeɪs	𐑛𐑱𐑑𐑩𐑚𐑱𐑕	ˈdeɪtəbeɪs	high	
database	𐑛𐑭𐑑𐑩𐑚𐑱𐑕	ˈdɑːtəˌbeɪs	𐑛𐑱𐑑𐑩𐑚𐑱𐑕	ˈdeɪtəbeɪs	high	
daub	𐑛𐑪𐑚	dɒb	𐑛𐑷𐑚	dɔːb	high	
dauphin	𐑛𐑷𐑓𐑦𐑯	ˈdɔːfɪn	𐑛𐑴𐑓𐑨𐑯	ˈdəʊfæn	high	
dauphin	𐑛𐑷𐑓𐑩𐑯	ˈdɔːfən	𐑛𐑴𐑓𐑨𐑯	ˈdəʊfæn	high	
davenport	𐑛𐑨𐑝𐑦𐑯𐑐𐑹𐑑	ˈdævɪnˌpɔːRt	𐑛𐑨𐑝𐑩𐑯𐑐𐑹𐑑	ˈdævənpɔːRt	high	
daventry	𐑛𐑱𐑯𐑑𐑮𐑦	deɪntri	𐑛𐑨𐑝𐑩𐑯𐑑𐑮𐑦	ˈdævəntri	high	
daw	𐑛𐑭	dɑː	𐑛𐑷	dɔː	high	
dawdle	𐑛𐑪𐑛𐑩𐑤	ˈdɒdəl	𐑛𐑷𐑛𐑩𐑤	ˈdɔːdəl	high	
day	𐑛𐑧𐑘	dej	𐑛𐑱	deɪ	high	
de facto	𐑛𐑦𐑓𐑨𐑒𐑑𐑴	dɪˈfæktəʊ	𐑛𐑱 𐑓𐑨𐑒𐑑𐑴	ˌdeɪ ˈfæktəʊ	high	
de facto	𐑛𐑩𐑓𐑨𐑒𐑑𐑴	dəˈfæktoʊ	𐑛𐑱 𐑓𐑨𐑒𐑑𐑴	ˌdeɪ ˈfæktəʊ	high	
de facto	𐑛𐑰𐑓𐑨𐑒𐑑𐑴	ˌdiːˈfæktəʊ	𐑛𐑱 𐑓𐑨𐑒𐑑𐑴	ˌdeɪ ˈfæktəʊ	high	
de facto	𐑛𐑱𐑓𐑨𐑒𐑑𐑴	ˌdeɪˈfæktəʊ	𐑛𐑱 𐑓𐑨𐑒𐑑𐑴	ˌdeɪ ˈfæktəʊ	high	
de jure	-𐑘𐑫𐑼𐑱	-ˈjʊəreɪ	𐑛𐑱 𐑡𐑫𐑼𐑱	ˌdeɪ ˈdʒʊəreɪ	high	
de jure	-𐑠𐑫𐑮	-ˈʒʊr	𐑛𐑱 𐑡𐑫𐑼𐑱	ˌdeɪ ˈdʒʊəreɪ	high	
de jure	-𐑠𐑫𐑼𐑱	-ˈʒʊəreɪ	𐑛𐑱 𐑡𐑫𐑼𐑱	ˌdeɪ ˈdʒʊəreɪ	high	
de jure	-𐑡𐑫𐑼	-ˈdʒʊər	𐑛𐑱 𐑡𐑫𐑼𐑱	ˌdeɪ ˈdʒʊəreɪ	high	
de jure	𐑛𐑩-	də-	𐑛𐑱 𐑡𐑫𐑼𐑱	ˌdeɪ ˈdʒʊəreɪ	medium	r_gap:spelling=1,ipa=0
de jure	𐑛𐑰 𐑡𐑫𐑼𐑦	diː dʒʊəri	𐑛𐑱 𐑡𐑫𐑼𐑱	ˌdeɪ ˈdʒʊəreɪ	high	
de jure	𐑛𐑱 𐑡𐑫𐑮𐑦	deɪ ˈdʒʊri	𐑛𐑱 𐑡𐑫𐑼𐑱	ˌdeɪ ˈdʒʊəreɪ	high	
de jure	𐑛𐑱 𐑡𐑫𐑼𐑦	deɪ dʒʊərɪ	𐑛𐑱 𐑡𐑫𐑼𐑱	ˌdeɪ ˈdʒʊəreɪ	high	
de-escalate	𐑛𐑰𐑧𐑕𐑒𐑩𐑤𐑱𐑑	diːˈeskəleɪt	𐑛𐑰-𐑧𐑕𐑒𐑩𐑤𐑱𐑑	ˌdiː-ˈeskəleɪt	high	
de-escalation	𐑛𐑰𐑧𐑕𐑒𐑩𐑤𐑱𐑖𐑩𐑯	diːˌeskəˈleɪʃən	𐑛𐑰-𐑧𐑕𐑒𐑩𐑤𐑱𐑖𐑩𐑯	diː-ˌeskəˈleɪʃən	high	
de-ice	𐑛𐑰𐑲𐑕	diːˈaɪs	𐑛𐑰-𐑲𐑕	ˌdiː-ˈaɪs	high	
deaf	𐑛𐑰𐑓	diːf	𐑛𐑧𐑓	def	high	
deafening	𐑛𐑧𐑓𐑩𐑯𐑦𐑙𐑜	ˈdefənɪŋɡ	𐑛𐑧𐑓𐑩𐑯𐑦𐑙	ˈdefənɪŋ	high	
deafeningly	𐑛𐑧𐑓𐑩𐑯𐑦𐑙𐑜𐑤𐑦	ˈdefənɪŋɡli	𐑛𐑧𐑓𐑩𐑯𐑦𐑙𐑤𐑦	ˈdefənɪŋli	high	
dealings	𐑛𐑰𐑤𐑦𐑙𐑜𐑟	ˈdiːlɪŋɡz	𐑛𐑰𐑤𐑦𐑙𐑟	ˈdiːlɪŋz	high	
dealmaker	𐑛𐑾𐑤𐑥𐑱𐑒𐑼	dɪəlmeɪkər	𐑛𐑰𐑤𐑥𐑱𐑒𐑼	ˈdiːlˌmeɪkəR	high	
dear	𐑛𐑦𐑮	dɪr	𐑛𐑽	dɪəR	high	
dearest	𐑛𐑦𐑮𐑦𐑕𐑑	ˈdɪrɪst	𐑛𐑽𐑩𐑕𐑑	ˈdɪərəst	high	
dearest	𐑛𐑽𐑦𐑕𐑑	dɪərɪst	𐑛𐑽𐑩𐑕𐑑	ˈdɪərəst	high	
dearie	𐑛𐑦𐑮𐑦	ˈdiri	𐑛𐑽𐑦	ˈdɪəri	high	
dearly	𐑛𐑦𐑮𐑤𐑦	ˈdɪrli	𐑛𐑽𐑤𐑦	ˈdɪəRli	high	
deary	𐑛𐑦𐑮𐑦	ˈdiri	𐑛𐑽𐑦	ˈdɪəri	high	
debacle	𐑛𐑦𐑚𐑪𐑒𐑩𐑤	dɪˈbɒkəl	𐑛𐑱𐑚𐑭𐑒𐑩𐑤	deɪˈbɑːkəl	high	
debacle	𐑛𐑧𐑚𐑭𐑒𐑩𐑤	deˈbɑːkəl	𐑛𐑱𐑚𐑭𐑒𐑩𐑤	deɪˈbɑːkəl	high	
debacle	𐑛𐑩𐑚𐑪𐑒𐑩𐑤	dəˈbɒkəl	𐑛𐑱𐑚𐑭𐑒𐑩𐑤	deɪˈbɑːkəl	high	
debacle	𐑛𐑱𐑚𐑪𐑒𐑩𐑤	deɪˈbɒkəl	𐑛𐑱𐑚𐑭𐑒𐑩𐑤	deɪˈbɑːkəl	high	
debar	𐑛𐑦𐑚𐑸	dɪbɑːr	𐑛𐑰𐑚𐑸	diːˈbɑːR	high	
debark	𐑛𐑦𐑚𐑸𐑒	dɪbɑːRk	𐑛𐑰𐑚𐑸𐑒	diːˈbɑːRk	high	
debate	𐑛𐑦-	di-	𐑛𐑦𐑚𐑱𐑑	dɪˈbeɪt	high	
debate	𐑛𐑩-	də-	𐑛𐑦𐑚𐑱𐑑	dɪˈbeɪt	high	
debauchee	𐑛𐑦𐑚𐑷𐑗𐑦	dɪbɔːˈtʃi	𐑛𐑦𐑚𐑷𐑗𐑰	dɪˌbɔːˈtʃiː	high	
debauchery	𐑛𐑦𐑚𐑪𐑗𐑼𐑦	dɪˈbɒtʃəri	𐑛𐑦𐑚𐑷𐑗𐑼𐑦	dɪˈbɔːtʃəri	high	
debenture	𐑛𐑦𐑚𐑧𐑯𐑑𐑘𐑩𐑼	dɪbentjəəR	𐑛𐑦𐑚𐑧𐑯𐑗𐑼	dɪˈbentʃəR	medium	ml_disagrees:𐑛𐑦𐑚𐑧𐑯𐑑𐑘ː𐑼; shave_says:𐑛𐑦𐑚𐑧𐑯𐑗𐑼
debilitate	𐑛𐑩𐑚𐑦𐑤𐑩𐑑𐑱𐑑	dəˈbɪləteɪt	𐑛𐑦𐑚𐑦𐑤𐑦𐑑𐑱𐑑	dɪˈbɪlɪteɪt	high	
debilitating	𐑛𐑦𐑚𐑦𐑤𐑦𐑑𐑱𐑑𐑦𐑙𐑜	dɪˈbɪlɪteɪtɪŋɡ	𐑛𐑦𐑚𐑦𐑤𐑦𐑑𐑱𐑑𐑦𐑙	dɪˈbɪlɪteɪtɪŋ	high	
debonair	𐑛𐑧𐑚𐑩𐑯𐑧𐑮	debəˈner	𐑛𐑧𐑚𐑩𐑯𐑺	ˌdebəˈneəR	high	
debris	𐑛𐑧𐑚𐑮𐑦	debri	𐑛𐑱𐑚𐑮𐑰	ˈdeɪbriː	high	
debris	𐑛𐑩𐑚𐑮𐑰	dəˈbriː	𐑛𐑱𐑚𐑮𐑰	ˈdeɪbriː	high	
debris	𐑛𐑱𐑚𐑮𐑦	deɪbri	𐑛𐑱𐑚𐑮𐑰	ˈdeɪbriː	high	
debunk	𐑛𐑦𐑚𐑳𐑙𐑒	dɪˈbʌŋk	𐑛𐑰𐑚𐑳𐑙𐑒	diːˈbʌŋk	high	
debunk	𐑛𐑰𐑚𐑫𐑙𐑒	diːˈbʊŋk	𐑛𐑰𐑚𐑳𐑙𐑒	diːˈbʌŋk	high	
debunking	𐑛𐑰𐑚𐑫𐑙𐑒𐑦𐑙𐑜	diːˈbʊŋkɪŋɡ	𐑛𐑰𐑚𐑳𐑙𐑒𐑦𐑙	diːˈbʌŋkɪŋ	high	
debut	𐑛𐑧𐑚𐑿	ˈdebjuː	𐑛𐑱𐑚𐑿	ˈdeɪbjuː	high	
debut	𐑛𐑩𐑚𐑿	dəˈbjuː	𐑛𐑱𐑚𐑿	ˈdeɪbjuː	high	
debutante	𐑛𐑧𐑚𐑿𐑑𐑭𐑯𐑑	ˌdebjuːˈtɑːnt	𐑛𐑧𐑚𐑘𐑫𐑑𐑭𐑯𐑑	ˈdebjʊtɑːnt	high	
debutante	𐑛𐑱𐑚𐑿𐑑𐑭𐑯𐑑	ˌdeɪbjuːˈtɑːnt	𐑛𐑧𐑚𐑘𐑫𐑑𐑭𐑯𐑑	ˈdebjʊtɑːnt	high	
debuts	𐑛𐑧𐑚𐑿𐑟	ˈdebjuːz	𐑛𐑱𐑚𐑿𐑟	ˈdeɪbjuːz	high	
decade	𐑛𐑩𐑒𐑱𐑛	dəˈkeɪd	𐑛𐑧𐑒𐑱𐑛	ˈdekeɪd	high	
decameron	𐑛𐑦𐑒𐑨𐑥𐑼𐑪𐑯	dɪˈkæmərɒn	𐑛𐑦𐑒𐑨𐑥𐑼𐑩𐑯	dɪˈkæmərən	high	
decamp	𐑛𐑰𐑒𐑨𐑥𐑐	diːˈkæmp	𐑛𐑦𐑒𐑨𐑥𐑐	dɪˈkæmp	high	
decapitate	𐑛𐑦-	dɪ-	𐑛𐑦𐑒𐑨𐑐𐑦𐑑𐑱𐑑	dɪˈkæpɪteɪt	high	
decapitate	𐑛𐑦𐑒𐑨𐑐𐑩𐑑𐑱𐑑	diˈkæpəteɪt	𐑛𐑦𐑒𐑨𐑐𐑦𐑑𐑱𐑑	dɪˈkæpɪteɪt	high	
decapitate	𐑛𐑩-	də-	𐑛𐑦𐑒𐑨𐑐𐑦𐑑𐑱𐑑	dɪˈkæpɪteɪt	high	
decapitation	𐑛𐑦𐑒𐑨𐑐𐑩𐑑𐑱𐑖𐑦𐑯	ˈdikæpəˌteɪʃɪn	𐑛𐑦𐑒𐑨𐑐𐑦𐑑𐑱𐑖𐑩𐑯	dɪˌkæpɪˈteɪʃən	high	
decapitation	𐑛𐑦𐑒𐑨𐑐𐑩𐑑𐑱𐑖𐑩𐑯	ˈdikæpəˌteɪʃən	𐑛𐑦𐑒𐑨𐑐𐑦𐑑𐑱𐑖𐑩𐑯	dɪˌkæpɪˈteɪʃən	high	
deceased	𐑛𐑦𐑕𐑦𐑕𐑑	diˈsist	𐑛𐑦𐑕𐑰𐑕𐑑	dɪˈsiːst	high	
deceitful	-𐑓𐑩𐑤	-fəl	𐑛𐑦𐑕𐑰𐑑𐑓𐑩𐑤	dɪˈsiːtfəl	high	
deceitful	𐑛𐑦𐑕𐑰𐑑𐑓𐑫𐑤	dɪˈsiːtfʊl	𐑛𐑦𐑕𐑰𐑑𐑓𐑩𐑤	dɪˈsiːtfəl	high	
deceiver	𐑛𐑦𐑕𐑦𐑝𐑼	dɪˈsivəR	𐑛𐑦𐑕𐑰𐑝𐑼	dɪˈsiːvəR	high	
deceleration	𐑛𐑦𐑕𐑧𐑤𐑼𐑱𐑖𐑩𐑯	dɪˌseləˈreɪʃən	𐑛𐑰𐑕𐑧𐑤𐑼𐑱𐑖𐑩𐑯	ˌdiːseləˈreɪʃən	high	
decentralize	𐑛𐑦𐑕𐑧𐑯𐑑𐑮𐑩𐑤𐑲𐑟	diˈsentrəˌlaɪz	𐑛𐑰𐑕𐑧𐑯𐑑𐑮𐑩𐑤𐑲𐑟	ˌdiːˈsentrəlaɪz	high	
decibel	𐑛𐑧𐑕𐑦𐑚𐑩𐑤	ˈdesɪbəl	𐑛𐑧𐑕𐑦𐑚𐑧𐑤	ˈdesɪbel	high	
deciduous	𐑛𐑦𐑕𐑦𐑡𐑫𐑩𐑕	dɪˈsɪdʒuəs	𐑛𐑦𐑕𐑦𐑛𐑘𐑫𐑩𐑕	dɪˈsɪdjuəs	high	
deciduous	𐑛𐑦𐑕𐑦𐑡𐑫𐑼𐑕	dɪˈsɪdʒʊəs	𐑛𐑦𐑕𐑦𐑛𐑘𐑫𐑩𐑕	dɪˈsɪdjuəs	medium	ml_disagrees:𐑛𐑦𐑕𐑦𐑡𐑫𐑩𐑕; shave_says:𐑛𐑦𐑕𐑦𐑛𐑿𐑩𐑕
decimal	𐑛𐑧𐑕𐑥𐑩𐑤	ˈdesməl	𐑛𐑧𐑕𐑦𐑥𐑩𐑤	ˈdesɪməl	high	
decimal	𐑛𐑧𐑕𐑩𐑥𐑩𐑤	ˈdesəməl	𐑛𐑧𐑕𐑦𐑥𐑩𐑤	ˈdesɪməl	high	
decimate	𐑛𐑧𐑕𐑩𐑥𐑱𐑑	ˈdesəmeɪt	𐑛𐑧𐑕𐑦𐑥𐑱𐑑	ˈdesɪmeɪt	high	
declamatory	𐑛𐑦𐑒𐑤𐑨𐑥𐑩𐑑𐑮𐑦	dɪklæmətri	𐑛𐑦𐑒𐑤𐑨𐑥𐑩𐑑𐑼𐑦	dɪˈklæmətəri	high	
declarable	𐑛𐑦𐑒𐑤𐑨𐑮𐑩𐑚𐑩𐑤	dɪklærəbəl	𐑛𐑦𐑒𐑤𐑺𐑩𐑚𐑩𐑤	dɪˈkleərəbəl	high	
declare	𐑛𐑩𐑒𐑤𐑺	dəˈkleəR	𐑛𐑦𐑒𐑤𐑺	dɪˈkleəR	high	
declared	𐑛𐑦𐑒𐑤𐑧𐑮𐑛	dɪˈklerd	𐑛𐑦𐑒𐑤𐑺𐑛	dɪˈkleəRd	high	
declaring	𐑛𐑦𐑒𐑤𐑧𐑮𐑦𐑙	dɪˈklerɪŋ	𐑛𐑦𐑒𐑤𐑺𐑦𐑙	dɪˈkleərɪŋ	high	
declutch	𐑛𐑰𐑒𐑤𐑫𐑗	diːˈklʊtʃ	𐑛𐑰𐑒𐑤𐑳𐑗	ˌdiːˈklʌtʃ	high	
decode	𐑛𐑦𐑒𐑴𐑛	dɪˈkəʊd	𐑛𐑰𐑒𐑴𐑛	ˌdiːˈkəʊd	high	
decoder	𐑛𐑦𐑒𐑴𐑛𐑼	dɪkəʊdər	𐑛𐑰𐑒𐑴𐑛𐑼	ˌdiːˈkəʊdəR	high	
decoding	𐑛𐑦𐑒𐑴𐑛𐑦𐑙𐑜	dɪˈkəʊdɪŋɡ	𐑛𐑰𐑒𐑴𐑛𐑦𐑙	ˌdiːˈkəʊdɪŋ	high	
decollete	𐑛𐑦𐑒𐑪𐑤𐑩𐑑𐑱	dɪˈkɒləteɪ	𐑛𐑱𐑒𐑪𐑤𐑑𐑱	deɪˈkɒlteɪ	high	
decompose	𐑛𐑦𐑒𐑩𐑥𐑐𐑴𐑟	ˌdikəmˈpoʊz	𐑛𐑰𐑒𐑩𐑥𐑐𐑴𐑟	ˌdiːkəmˈpəʊz	high	
deconstruct	𐑛𐑦𐑒𐑩𐑯𐑕𐑑𐑮𐑳𐑒𐑑	ˌdikənˈstrʌkt	𐑛𐑰𐑒𐑩𐑯𐑕𐑑𐑮𐑳𐑒𐑑	ˌdiːkənˈstrʌkt	high	
deconstruct	𐑛𐑰𐑒𐑩𐑯𐑕𐑑𐑮𐑫𐑒𐑑	diːkənstrʊkt	𐑛𐑰𐑒𐑩𐑯𐑕𐑑𐑮𐑳𐑒𐑑	ˌdiːkənˈstrʌkt	high	
deconstruction	𐑛𐑰𐑒𐑩𐑯𐑕𐑑𐑮𐑫𐑒𐑖𐑩𐑯	diːkənstrʊkʃən	𐑛𐑰𐑒𐑩𐑯𐑕𐑑𐑮𐑳𐑒𐑖𐑩𐑯	ˌdiːkənˈstrʌkʃən	high	
decor	𐑛𐑦𐑒𐑪𐑮	dɪˈkor	𐑛𐑱𐑒𐑹	ˈdeɪkɔːR	high	
decor	𐑛𐑧𐑒𐑪𐑮	ˈdekor	𐑛𐑱𐑒𐑹	ˈdeɪkɔːR	high	
decor	𐑛𐑱𐑒𐑪𐑮	deɪˈkor	𐑛𐑱𐑒𐑹	ˈdeɪkɔːR	high	
decorative	𐑛𐑧𐑒𐑮𐑩𐑑𐑦𐑝	dekrətɪv	𐑛𐑧𐑒𐑼𐑩𐑑𐑦𐑝	ˈdekərətɪv	high	
decorous	𐑛𐑦𐑒𐑹𐑩𐑕	dɪˈkɔːrəs	𐑛𐑧𐑒𐑼𐑩𐑕	ˈdekərəs	high	
decorous	𐑛𐑧𐑒𐑮𐑩𐑕	ˈdekrəs	𐑛𐑧𐑒𐑼𐑩𐑕	ˈdekərəs	high	
decorously	𐑛𐑧𐑒𐑮𐑩𐑕𐑤𐑦	dekrəsli	𐑛𐑧𐑒𐑼𐑩𐑕𐑤𐑦	ˈdekərəsli	high	
decrees	𐑛𐑩𐑒𐑮𐑦𐑟	dəˈkriz	𐑛𐑦𐑒𐑮𐑰𐑟	dɪˈkriːz	high	
decrepitude	𐑛𐑦𐑒𐑮𐑧𐑐𐑦𐑗𐑵𐑛	dɪkrepɪtʃuːd	𐑛𐑦𐑒𐑮𐑧𐑐𐑦𐑑𐑵𐑛, 𐑛𐑦𐑒𐑮𐑧𐑐𐑦𐑑𐑿𐑛	dɪˈkrepɪtjuːd	high	
decrepitude	𐑛𐑩𐑒𐑮𐑧𐑐𐑦𐑑𐑵𐑛	dəˈkrepɪˌtuːd	𐑛𐑦𐑒𐑮𐑧𐑐𐑦𐑑𐑵𐑛, 𐑛𐑦𐑒𐑮𐑧𐑐𐑦𐑑𐑿𐑛	dɪˈkrepɪtjuːd	high	
decriminalizing	𐑛𐑰𐑒𐑮𐑦𐑥𐑦𐑯𐑩𐑤𐑲𐑟𐑦𐑙𐑜	diːkrɪmɪnəlaɪzɪŋɡ	𐑛𐑰𐑒𐑮𐑦𐑥𐑦𐑯𐑩𐑤𐑲𐑟𐑦𐑙	ˌdiːˈkrɪmɪnəlaɪzɪŋ	high	
deduce	-𐑛𐑘𐑫𐑕	-ˈdjus	𐑛𐑦𐑛𐑵𐑕, 𐑛𐑦𐑛𐑿𐑕	dɪˈdjuːs	high	
deduce	𐑛𐑦𐑛𐑫𐑕	dɪˈdus	𐑛𐑦𐑛𐑵𐑕, 𐑛𐑦𐑛𐑿𐑕	dɪˈdjuːs	high	
deduce	𐑛𐑩-	də-	𐑛𐑦𐑛𐑵𐑕, 𐑛𐑦𐑛𐑿𐑕	dɪˈdjuːs	high	
deduct	𐑛𐑦𐑛𐑫𐑒𐑑	dɪˈdʊkt	𐑛𐑦𐑛𐑳𐑒𐑑	dɪˈdʌkt	high	
deductible	𐑛𐑦𐑛𐑫𐑒𐑑𐑩𐑚𐑩𐑤	dɪˈdʊktəbəl	𐑛𐑦𐑛𐑳𐑒𐑑𐑩𐑚𐑩𐑤	dɪˈdʌktəbəl	high	
deduction	𐑛𐑦𐑛𐑫𐑒𐑖𐑩𐑯	dɪˈdʊkʃən	𐑛𐑦𐑛𐑳𐑒𐑖𐑩𐑯	dɪˈdʌkʃən	high	
deductive	𐑛𐑦𐑛𐑫𐑒𐑑𐑦𐑝	dɪˈdʊktɪv	𐑛𐑦𐑛𐑳𐑒𐑑𐑦𐑝	dɪˈdʌktɪv	high	
deem	𐑛𐑦𐑥	dim	𐑛𐑰𐑥	diːm	high	
deep-rooted	𐑛𐑰𐑐 𐑮𐑵𐑑𐑩𐑛	ˈdiːp ˌruːtƏd	𐑛𐑰𐑐-𐑮𐑵𐑑𐑩𐑛	diːp-ˈruːtƏd	high	
deep-rooted	𐑮𐑫𐑑𐑩𐑛	ˌrʊtƏd	𐑛𐑰𐑐-𐑮𐑵𐑑𐑩𐑛	diːp-ˈruːtƏd	high	
deeper	𐑛𐑦𐑐𐑼	ˈdipəR	𐑛𐑰𐑐𐑼	ˈdiːpəR	high	
deer	𐑛𐑦𐑮	dɪr	𐑛𐑽	dɪəR	high	
defacing	𐑛𐑦𐑓𐑱𐑕𐑦𐑙𐑜	dɪˈfeɪsɪŋɡ	𐑛𐑦𐑓𐑱𐑕𐑦𐑙	dɪˈfeɪsɪŋ	high	
defalcation	𐑛𐑧𐑓𐑩𐑤𐑒𐑱𐑖𐑩𐑯	ˌdefəlˈkeɪʃən	𐑛𐑰𐑓𐑨𐑤𐑒𐑱𐑖𐑩𐑯	ˌdiːfælˈkeɪʃən	high	
defamatory	𐑛𐑦𐑓𐑨𐑥𐑩𐑑𐑮𐑦	dɪfæmətri	𐑛𐑦𐑓𐑨𐑥𐑩𐑑𐑼𐑦	dɪˈfæmətəri	high	
defamatory	𐑛𐑦𐑓𐑨𐑥𐑩𐑑𐑹𐑦	dɪˈfæməˌtɔːRi	𐑛𐑦𐑓𐑨𐑥𐑩𐑑𐑼𐑦	dɪˈfæmətəri	high	
default	𐑛𐑦𐑓𐑪𐑤𐑑	dɪˈfɒlt	𐑛𐑦𐑓𐑷𐑤𐑑	dɪˈfɔːlt	high	
default	𐑛𐑰𐑓𐑪𐑤𐑑	ˈdiːˌfɒlt	𐑛𐑦𐑓𐑷𐑤𐑑	dɪˈfɔːlt	high	
default	𐑛𐑰𐑓𐑷𐑤𐑑	ˈdiːˌfɔːlt	𐑛𐑦𐑓𐑷𐑤𐑑	dɪˈfɔːlt	high	
defaulter	𐑛𐑦𐑓𐑪𐑤𐑑𐑼	dɪfɒltəR	𐑛𐑦𐑓𐑷𐑤𐑑𐑼	dɪˈfɔːltəR	high	
defecation	𐑛𐑧𐑓𐑦𐑒𐑱𐑖𐑩𐑯	ˌdefɪˈkeɪʃən	𐑛𐑧𐑓𐑩𐑒𐑱𐑖𐑩𐑯	ˌdefəˈkeɪʃən	high	
defend	𐑛𐑩𐑓𐑧𐑯𐑛	dəˈfend	𐑛𐑦𐑓𐑧𐑯𐑛	dɪˈfend	high	
defense	𐑛𐑰𐑓𐑧𐑯𐑕	ˈdiːˌfens	𐑛𐑦𐑓𐑧𐑯𐑕	dɪˈfens	high	
deference	𐑛𐑧𐑓𐑮𐑩𐑯𐑕	ˈdefrəns	𐑛𐑧𐑓𐑼𐑩𐑯𐑕	ˈdefərəns	high	
deferentially	𐑛𐑧𐑓𐑼𐑩𐑯𐑖𐑩𐑤𐑦	defərənʃəli	𐑛𐑧𐑓𐑼𐑧𐑯𐑖𐑩𐑤𐑦	ˌdefəˈrenʃəli	high	
deferment	𐑛𐑦𐑓𐑼𐑥𐑩𐑯𐑑	dɪˈfəRmənt	𐑛𐑦𐑓𐑻𐑥𐑩𐑯𐑑	dɪˈfɜːRmənt	high	
defiance	𐑛𐑦𐑓𐑲𐑘𐑩𐑯𐑕	dɪˈfaɪjəns	𐑛𐑦𐑓𐑲𐑩𐑯𐑕	dɪˈfaɪəns	high	
defiant	𐑛𐑦𐑓𐑲𐑘𐑩𐑯𐑑	dɪˈfaɪjənt	𐑛𐑦𐑓𐑲𐑩𐑯𐑑	dɪˈfaɪənt	high	
defiantly	𐑛𐑦𐑓𐑲𐑘𐑩𐑯𐑑𐑤𐑦	dɪˈfaɪjəntli	𐑛𐑦𐑓𐑲𐑩𐑯𐑑𐑤𐑦	dɪˈfaɪəntli	high	
deficit	𐑛𐑧𐑓𐑩𐑕𐑦𐑑	ˈdefəsɪt	𐑛𐑧𐑓𐑦𐑕𐑦𐑑	ˈdefɪsɪt	high	
defile	𐑛𐑩𐑓𐑲𐑤	dəˈfaɪl	𐑛𐑦𐑓𐑲𐑤, 𐑛𐑰𐑓𐑲𐑤	ˈdiːfaɪl	high	
defile	𐑛𐑰-	ˈdiː-	𐑛𐑦𐑓𐑲𐑤, 𐑛𐑰𐑓𐑲𐑤	ˈdiːfaɪl	high	
defiled	𐑛𐑦𐑓𐑲𐑘𐑩𐑤𐑛	dɪˈfaɪjəld	𐑛𐑦𐑓𐑲𐑤𐑛	dɪˈfaɪld	high	
defilement	𐑛𐑦𐑓𐑲𐑩𐑤𐑥𐑩𐑯𐑑	dɪˈfaɪəlmənt	𐑛𐑦𐑓𐑲𐑤𐑥𐑩𐑯𐑑	dɪˈfaɪlmənt	high	
defiles	𐑛𐑦𐑓𐑲𐑘𐑩𐑤𐑟	dɪˈfaɪjəlz	𐑛𐑦𐑓𐑲𐑤𐑟, 𐑛𐑰𐑓𐑲𐑤𐑟	ˈdiːfaɪlz	high	
defined	𐑛𐑦𐑓𐑳𐑦𐑯𐑛	dɪˈfʌɪnd	𐑛𐑦𐑓𐑲𐑯𐑛	dɪˈfaɪnd	high	
definite	𐑛𐑧𐑓𐑩𐑯𐑦𐑑	ˈdefənɪt	𐑛𐑧𐑓𐑦𐑯𐑦𐑑	ˈdefɪnɪt	high	
definite	𐑛𐑧𐑓𐑩𐑯𐑩𐑑	ˈdefənət	𐑛𐑧𐑓𐑦𐑯𐑦𐑑	ˈdefɪnɪt	high	
definitive	𐑛𐑦𐑓𐑦𐑯𐑩𐑑𐑦𐑝	dɪˈfɪnətɪv	𐑛𐑦𐑓𐑦𐑯𐑦𐑑𐑦𐑝	dɪˈfɪnɪtɪv	high	
deflate	𐑛𐑰𐑓𐑤𐑱𐑑	diːˈfleɪt	𐑛𐑦𐑓𐑤𐑱𐑑	dɪˈfleɪt	high	
deflationary	𐑛𐑦𐑓𐑤𐑱𐑖𐑩𐑯𐑮𐑦	dɪfleɪʃənri	𐑛𐑦𐑓𐑤𐑱𐑖𐑩𐑯𐑼𐑦	ˌdɪˈfleɪʃənəri	high	
deflationary	𐑛𐑩𐑓𐑤𐑱𐑖𐑩𐑯𐑧𐑮𐑦	dəˈfleɪʃənˌeri	𐑛𐑦𐑓𐑤𐑱𐑖𐑩𐑯𐑼𐑦	ˌdɪˈfleɪʃənəri	high	
deflection	𐑛𐑩𐑓𐑤𐑧𐑒𐑖𐑩𐑯	dəˈflekʃən	𐑛𐑦𐑓𐑤𐑧𐑒𐑖𐑩𐑯	dɪˈflekʃən	high	
deflower	𐑛𐑦𐑓𐑤𐑬𐑼	diˈflaʊəR	𐑛𐑰𐑓𐑤𐑬𐑼	diːˈflaʊəR	high	
deflowering	𐑛𐑦𐑓𐑤𐑬𐑢𐑼𐑦𐑙𐑜	dɪflaʊwərɪŋɡ	𐑛𐑰𐑓𐑤𐑬𐑼𐑦𐑙	diːˈflaʊərɪŋ	high	
defoliate	𐑛𐑰𐑓𐑴𐑤𐑰𐑘𐑱𐑑	diːˈfəʊliːjeɪt	𐑛𐑰𐑓𐑴𐑤𐑦𐑱𐑑	ˌdiːˈfəʊlieɪt	high	
defoliation	𐑛𐑰𐑓𐑴𐑤𐑰𐑘𐑱𐑖𐑩𐑯	diːˌfəʊliːˈjeɪʃən	𐑛𐑰𐑓𐑴𐑤𐑦𐑱𐑖𐑩𐑯	ˌdiːfəʊlɪˈeɪʃən	high	
deforest	𐑛𐑦𐑓𐑪𐑮𐑦𐑕𐑑	dɪfɒrɪst	𐑛𐑰𐑓𐑪𐑮𐑦𐑕𐑑	ˌdiːˈfɒrɪst	high	
deforestation	𐑛𐑦𐑓𐑪𐑮𐑦𐑕𐑑𐑱𐑖𐑩𐑯	dɪfɒrɪsteɪʃən	𐑛𐑰𐑓𐑪𐑮𐑦𐑕𐑑𐑱𐑖𐑩𐑯	diːˌfɒrɪˈsteɪʃən	high	
deforested	𐑛𐑦𐑓𐑪𐑮𐑦𐑕𐑑𐑩𐑛	dɪfɒrɪstəd	𐑛𐑰𐑓𐑪𐑮𐑦𐑕𐑑𐑩𐑛	ˌdiːˈfɒrɪstƏd	high	
deform	𐑛𐑩𐑓𐑹𐑥	dəˈfɔːRm	𐑛𐑦𐑓𐑹𐑥	dɪˈfɔːRm	high	
deformation	𐑛𐑦𐑓𐑹𐑥𐑱𐑖𐑩𐑯	ˌdifɔːRˈmeɪʃən	𐑛𐑧𐑓𐑼𐑥𐑱𐑖𐑩𐑯	ˌdefəRˈmeɪʃən	high	
deformation	𐑛𐑦𐑓𐑼𐑥𐑱𐑖𐑩𐑯	ˌdifəRˈmeɪʃən	𐑛𐑧𐑓𐑼𐑥𐑱𐑖𐑩𐑯	ˌdefəRˈmeɪʃən	high	
deformation	𐑛𐑧𐑓𐑩𐑥𐑱𐑖𐑩𐑯	defəmeɪʃən	𐑛𐑧𐑓𐑼𐑥𐑱𐑖𐑩𐑯	ˌdefəRˈmeɪʃən	medium	r_gap:spelling=1,ipa=0; shave_says:𐑛𐑧𐑓𐑼𐑥𐑱𐑖𐑩𐑯
deformation	𐑛𐑰𐑓𐑹𐑥𐑱𐑖𐑩𐑯	diːfɔːRmeɪʃən	𐑛𐑧𐑓𐑼𐑥𐑱𐑖𐑩𐑯	ˌdefəRˈmeɪʃən	high	
deformity	𐑛𐑦𐑓𐑹𐑥𐑩𐑑𐑦	dɪˈfɔːRməti	𐑛𐑦𐑓𐑹𐑥𐑦𐑑𐑦	dɪˈfɔːRmɪti	high	
defrock	𐑛𐑦𐑓𐑮𐑪𐑒	diˈfrɒk	𐑛𐑰𐑓𐑮𐑪𐑒	ˌdiːˈfrɒk	high	
defrost	𐑛𐑰𐑓𐑮𐑷𐑕𐑑	diːˈfrɔːst	𐑛𐑰𐑓𐑮𐑪𐑕𐑑	ˌdiːˈfrɒst	high	
degraded	𐑛𐑦𐑜𐑮𐑱𐑑𐑩𐑛	dɪˈɡreɪtƏd	𐑛𐑦𐑜𐑮𐑱𐑛𐑩𐑛	dɪˈɡreɪdƏd	high	
degrading	𐑛𐑦𐑜𐑮𐑱𐑛𐑦𐑙𐑜	dɪɡreɪdɪŋɡ	𐑛𐑦𐑜𐑮𐑱𐑛𐑦𐑙	dɪˈɡreɪdɪŋ	high	
dehydrate	𐑛𐑦𐑣𐑲𐑛𐑮𐑱𐑑	ˌdihaɪˈdreɪt	𐑛𐑰𐑣𐑲𐑛𐑮𐑱𐑑	ˌdiːˈhaɪdreɪt	high	
dehydrated	𐑛𐑩𐑣𐑲𐑛𐑮𐑱𐑑𐑩𐑛	dəˈhaɪdreɪtəd	𐑛𐑰𐑣𐑲𐑛𐑮𐑱𐑑𐑩𐑛	ˌdiːˈhaɪdreɪtƏd	high	
dehydration	𐑛𐑦𐑣𐑲𐑛𐑮𐑱𐑖𐑩𐑯	dihaɪˈdreɪʃən	𐑛𐑰𐑣𐑲𐑛𐑮𐑱𐑖𐑩𐑯	ˌdiːhaɪˈdreɪʃən	high	
deify	𐑛𐑰𐑩𐑓𐑲	ˈdiːəfaɪ	𐑛𐑰𐑦𐑓𐑲	ˈdiːɪfaɪ	high	
deify	𐑛𐑱𐑦𐑓𐑲	ˈdeɪɪfaɪ	𐑛𐑰𐑦𐑓𐑲	ˈdiːɪfaɪ	high	
deify	𐑛𐑱𐑩𐑓𐑲	ˈdeɪəfaɪ	𐑛𐑰𐑦𐑓𐑲	ˈdiːɪfaɪ	high	
deirdre	𐑛𐑦𐑮𐑛𐑮𐑦	ˈdɪrdri	𐑛𐑽𐑛𐑮𐑦	ˈdɪəRdri	high	
deirdre	𐑛𐑦𐑮𐑛𐑮𐑩	ˈdɪrdrə	𐑛𐑽𐑛𐑮𐑦	ˈdɪəRdri	high	
deirdre	𐑛𐑽𐑛𐑮𐑼	dɪəRdrəR	𐑛𐑽𐑛𐑮𐑦	ˈdɪəRdri	high	
deity	𐑛𐑦𐑩𐑑𐑦	ˈdiəti	𐑛𐑰𐑦𐑑𐑦	ˈdiːɪti	high	
deity	𐑛𐑱-	ˈdeɪ-	𐑛𐑰𐑦𐑑𐑦	ˈdiːɪti	high	
deity	𐑛𐑱𐑦𐑑𐑦	ˈdeɪɪti	𐑛𐑰𐑦𐑑𐑦	ˈdiːɪti	high	
deity	𐑛𐑱𐑩𐑑𐑦	ˈdeɪəti	𐑛𐑰𐑦𐑑𐑦	ˈdiːɪti	high	
dejection	𐑛𐑩𐑡𐑧𐑒𐑖𐑩𐑯	dəˈdʒekʃən	𐑛𐑦𐑡𐑧𐑒𐑖𐑩𐑯	dɪˈdʒekʃən	high	
delaware	𐑛𐑧𐑤𐑩𐑢𐑧𐑮	ˈdeləwer	𐑛𐑧𐑤𐑩𐑢𐑺	ˈdeləweəR	high	
delay	𐑛𐑦-	dɪ-	𐑛𐑦𐑤𐑱	dɪˈleɪ	high	
delay	𐑛𐑩𐑤𐑱	dəˈleɪ	𐑛𐑦𐑤𐑱	dɪˈleɪ	high	
delectation	𐑛𐑦𐑤𐑧𐑒𐑑𐑱𐑖𐑩𐑯	ˌdɪlekˈteɪʃən	𐑛𐑰𐑤𐑧𐑒𐑑𐑱𐑖𐑩𐑯	ˌdiːlekˈteɪʃən	high	
delegate	𐑛𐑧𐑤𐑩𐑜𐑩𐑑	ˈdeləɡət	𐑛𐑧𐑤𐑦𐑜𐑩𐑑, 𐑛𐑧𐑤𐑦𐑜𐑱𐑑	ˈdelɪɡət	high	
delegate	𐑛𐑧𐑤𐑩𐑜𐑱𐑑	ˈdeləˌɡeɪt	𐑛𐑧𐑤𐑦𐑜𐑩𐑑, 𐑛𐑧𐑤𐑦𐑜𐑱𐑑	ˈdelɪɡət	high	
delegated	𐑛𐑧𐑤𐑩𐑜𐑱𐑑𐑩𐑛	ˈdeləˌɡeɪtƏd	𐑛𐑧𐑤𐑦𐑜𐑱𐑑𐑩𐑛	ˈdelɪɡeɪtƏd	high	
deleterious	𐑛𐑦𐑤𐑦𐑑𐑽𐑦𐑩𐑕	dɪlɪtɪəriəs	𐑛𐑧𐑤𐑦𐑑𐑽𐑾𐑕	ˌdelɪˈtɪərɪəs	high	
deleterious	𐑛𐑧𐑤𐑦𐑑𐑽𐑦𐑩𐑕	delɪtɪəriəs	𐑛𐑧𐑤𐑦𐑑𐑽𐑾𐑕	ˌdelɪˈtɪərɪəs	high	
deleterious	𐑛𐑧𐑤𐑩𐑑𐑦𐑮𐑦𐑩𐑕	ˌdeləˈtɪriəs	𐑛𐑧𐑤𐑦𐑑𐑽𐑾𐑕	ˌdelɪˈtɪərɪəs	high	
delicate	𐑛𐑧𐑤𐑦𐑒𐑦𐑑	ˈdelɪkɪt	𐑛𐑧𐑤𐑦𐑒𐑩𐑑	ˈdelɪkət	high	
delicate	𐑛𐑧𐑤𐑩𐑒𐑦𐑑	ˈdeləkɪt	𐑛𐑧𐑤𐑦𐑒𐑩𐑑	ˈdelɪkət	high	
delicious	𐑛𐑩𐑤𐑦𐑖𐑩𐑕	dəˈlɪʃəs	𐑛𐑦𐑤𐑦𐑖𐑩𐑕	dɪˈlɪʃəs	high	
deliciously	𐑛𐑩𐑤𐑦𐑖𐑩𐑕𐑤𐑦	dəˈlɪʃəsli	𐑛𐑦𐑤𐑦𐑖𐑩𐑕𐑤𐑦	dɪˈlɪʃəsli	high	
delineate	𐑛𐑦𐑤𐑦𐑯𐑰𐑱𐑑	dɪˈlɪniːeɪt	𐑛𐑦𐑤𐑦𐑯𐑦𐑱𐑑	dɪˈlɪnieɪt	high	
delirious	𐑛𐑦𐑤𐑽𐑦𐑩𐑕	dɪlɪəriəs	𐑛𐑦𐑤𐑦𐑮𐑾𐑕	dɪˈlɪrɪəs	high	
delirium	𐑛𐑦𐑤𐑦𐑮𐑦𐑩𐑥	dɪlɪriəm	𐑛𐑦𐑤𐑦𐑮𐑾𐑥	dɪˈlɪrɪəm	high	
deliver	𐑛𐑩𐑤𐑦𐑝𐑼	dəˈlɪvəR	𐑛𐑦𐑤𐑦𐑝𐑼	dɪˈlɪvəR	high	
deliverance	𐑛𐑦𐑤𐑦𐑝𐑮𐑩𐑯𐑕	dɪlɪvrəns	𐑛𐑦𐑤𐑦𐑝𐑼𐑩𐑯𐑕	dɪˈlɪvərəns	high	
delude	𐑛𐑦𐑤𐑿𐑛	dɪˈljuːd	𐑛𐑦𐑤𐑵𐑛	dɪˈluːd	high	
delude	𐑛𐑩𐑤𐑵𐑛	dəˈluːd	𐑛𐑦𐑤𐑵𐑛	dɪˈluːd	high	
deluge	𐑛𐑦𐑤𐑫𐑡	ˈdiludʒ	𐑛𐑧𐑤𐑿𐑡	ˈdeljuːdʒ	high	
deluge	𐑛𐑧𐑤𐑘𐑫𐑡	ˈdeljudʒ	𐑛𐑧𐑤𐑿𐑡	ˈdeljuːdʒ	high	
deluge	𐑛𐑧𐑤𐑫𐑡	ˈdeludʒ	𐑛𐑧𐑤𐑿𐑡	ˈdeljuːdʒ	high	
deluge	𐑛𐑩𐑤𐑫𐑡	dəˈludʒ	𐑛𐑧𐑤𐑿𐑡	ˈdeljuːdʒ	high	
delusion	𐑛𐑦𐑤𐑿𐑟𐑘𐑩𐑯	dɪˈljuːzjən	𐑛𐑦𐑤𐑵𐑠𐑩𐑯	dɪˈluːʒən	high	
delusion	𐑛𐑦𐑤𐑿𐑠𐑩𐑯	dɪˈljuːʒən	𐑛𐑦𐑤𐑵𐑠𐑩𐑯	dɪˈluːʒən	high	
demagogue	𐑛𐑧𐑥𐑩𐑜𐑷𐑜	ˈdeməɡɔːɡ	𐑛𐑧𐑥𐑩𐑜𐑪𐑜	ˈdeməɡɒɡ	high	
demagogy	𐑛𐑧𐑥𐑩𐑜𐑪𐑡𐑦	ˈdeməˌɡɒdʒi	𐑛𐑧𐑥𐑩𐑜𐑪𐑜𐑦	ˈdeməɡɒɡi	high	
demand	𐑛𐑩𐑥𐑨𐑯𐑛	dəˈmænd	𐑛𐑦𐑥𐑨𐑯𐑛, 𐑛𐑦𐑥𐑭𐑯𐑛	dɪˈmⱭːnd	high	
demanding	𐑛𐑩𐑥𐑨𐑯𐑛𐑦𐑙	dəˈmændɪŋ	𐑛𐑦𐑥𐑨𐑯𐑛𐑦𐑙, 𐑛𐑦𐑥𐑭𐑯𐑛𐑦𐑙	dɪˈmⱭːndɪŋ	high	
demarcate	𐑛𐑦𐑥𐑸𐑒𐑱𐑑	dɪmɑːRkeɪt	𐑛𐑰𐑥𐑸𐑒𐑱𐑑	ˈdiːmɑːRkeɪt	high	
demarcation	𐑛𐑦𐑥𐑸𐑒𐑱𐑖𐑩𐑯	ˌdimɑːRˈkeɪʃən	𐑛𐑰𐑥𐑸𐑒𐑱𐑖𐑩𐑯	ˌdiːmɑːRˈkeɪʃən	high	
demarcation	𐑛𐑧𐑥𐑸𐑒𐑱𐑖𐑩𐑯	demɑːRkeɪʃən	𐑛𐑰𐑥𐑸𐑒𐑱𐑖𐑩𐑯	ˌdiːmɑːRˈkeɪʃən	high	
demerara	𐑛𐑧𐑥𐑼𐑧𐑮𐑩	deməˈrerə	𐑛𐑧𐑥𐑼𐑺𐑩	ˌdeməˈreərə	high	
demerara	𐑛𐑧𐑥𐑼𐑸𐑩	demərɑːrə	𐑛𐑧𐑥𐑼𐑺𐑩	ˌdeməˈreərə	high	
demilitarized	𐑛𐑦𐑥𐑦𐑤𐑦𐑑𐑼𐑲𐑟𐑛	dɪmɪlɪtəraɪzd	𐑛𐑰𐑥𐑦𐑤𐑦𐑑𐑼𐑲𐑟𐑛	ˌdiːˈmɪlɪtəraɪzd	high	
demimonde	𐑛𐑧𐑥𐑰𐑥𐑪𐑯𐑛	ˈdemiːmɒnd	𐑛𐑧𐑥𐑦𐑥𐑪𐑯𐑛	ˌdemɪˈmɒnd	high	
demob	𐑛𐑦𐑥𐑪𐑚	diˈmɒb	𐑛𐑰𐑥𐑪𐑚	ˌdiːˈmɒb	high	
demobilization	𐑛𐑰𐑥𐑴𐑚𐑦𐑤𐑲𐑟𐑱𐑖𐑩𐑯	diːˌməʊbɪlaɪˈzeɪʃən	𐑛𐑰𐑥𐑴𐑚𐑩𐑤𐑲𐑟𐑱𐑖𐑩𐑯	diːˌməʊbəlaɪˈzeɪʃən	high	
demobilize	𐑛𐑰𐑥𐑴𐑚𐑦𐑤𐑲𐑟	diːˈməʊbɪlaɪz	𐑛𐑰𐑥𐑴𐑚𐑩𐑤𐑲𐑟	diːˈməʊbəlaɪz	high	
democratically	-𐑑𐑩-	-tə-	𐑛𐑧𐑥𐑩𐑒𐑮𐑨𐑑𐑦𐑒𐑤𐑦	ˌdeməˈkrætɪkli	medium	r_gap:spelling=1,ipa=0
democratically	𐑛𐑧𐑥𐑩𐑒𐑮𐑨𐑑𐑩𐑒𐑤𐑦	ˌdeməˈkrætəkli	𐑛𐑧𐑥𐑩𐑒𐑮𐑨𐑑𐑦𐑒𐑤𐑦	ˌdeməˈkrætɪkli	high	
democratically	𐑛𐑧𐑥𐑩𐑒𐑮𐑨𐑑𐑩𐑒𐑩𐑤𐑦	ˌdeməˈkrætəkəli	𐑛𐑧𐑥𐑩𐑒𐑮𐑨𐑑𐑦𐑒𐑤𐑦	ˌdeməˈkrætɪkli	high	
demonetization	𐑛𐑦𐑥𐑪𐑯𐑩𐑑𐑲𐑟𐑱𐑖𐑩𐑯	diˌmɒnətaɪˈzeɪʃən	𐑛𐑰𐑥𐑳𐑯𐑦𐑑𐑲𐑟𐑱𐑖𐑩𐑯	diːˌmʌnɪtaɪˈzeɪʃən	high	
demonetization	𐑛𐑰𐑥𐑳𐑯𐑩𐑑𐑲𐑟𐑱𐑖𐑩𐑯	diːˌmʌnətaɪˈzeɪʃən	𐑛𐑰𐑥𐑳𐑯𐑦𐑑𐑲𐑟𐑱𐑖𐑩𐑯	diːˌmʌnɪtaɪˈzeɪʃən	high	
demonetize	𐑛𐑦𐑥𐑪𐑯𐑦𐑑𐑲𐑟	diˈmɒnɪtaɪz	𐑛𐑰𐑥𐑳𐑯𐑦𐑑𐑲𐑟	ˌdiːˈmʌnɪtaɪz	high	
demonetize	𐑛𐑦𐑥𐑪𐑯𐑩𐑑𐑲𐑟	diˈmɒnətaɪz	𐑛𐑰𐑥𐑳𐑯𐑦𐑑𐑲𐑟	ˌdiːˈmʌnɪtaɪz	high	
demonetize	𐑛𐑰𐑥𐑫𐑯𐑩𐑑𐑲𐑟	diːˈmʊnətaɪz	𐑛𐑰𐑥𐑳𐑯𐑦𐑑𐑲𐑟	ˌdiːˈmʌnɪtaɪz	high	
demonetize	𐑛𐑰𐑥𐑳𐑯𐑩𐑑𐑲𐑟	diːˈmʌnətaɪz	𐑛𐑰𐑥𐑳𐑯𐑦𐑑𐑲𐑟	ˌdiːˈmʌnɪtaɪz	high	
demoniac	𐑛𐑦𐑥𐑩𐑯𐑲𐑨𐑒	diməˈnaɪæk	𐑛𐑦𐑥𐑴𐑯𐑦𐑨𐑒	dɪˈməʊnɪæk	high	
demonic	𐑛𐑦𐑥𐑪𐑯𐑦𐑒	dɪˈmɒnɪk	𐑛𐑰𐑥𐑪𐑯𐑦𐑒	diːˈmɒnɪk	high	
demonstrable	𐑛𐑧𐑥𐑩𐑯𐑕𐑑𐑮𐑩𐑚𐑩𐑤	demənstrəbəl	𐑛𐑦𐑥𐑪𐑯𐑕𐑑𐑮𐑩𐑚𐑩𐑤	dɪˈmɒnstrəbəl	high	
demonstrably	𐑛𐑦𐑥𐑪𐑯𐑕𐑑𐑮𐑩𐑚𐑤𐑰	dɪmɒnstrəbliː	𐑛𐑦𐑥𐑪𐑯𐑕𐑑𐑮𐑩𐑚𐑤𐑦	dɪˈmɒnstrəbli	high	
demonstrative	𐑛𐑧𐑥𐑩𐑯𐑕𐑑𐑮𐑱𐑑𐑦𐑝	demənstreɪtɪv	𐑛𐑦𐑥𐑪𐑯𐑕𐑑𐑮𐑩𐑑𐑦𐑝	dɪˈmɒnstrətɪv	high	
demonstrative	𐑛𐑩𐑥𐑪𐑯𐑕𐑑𐑮𐑩𐑑𐑦𐑝	dəˈmɒnstrətɪv	𐑛𐑦𐑥𐑪𐑯𐑕𐑑𐑮𐑩𐑑𐑦𐑝	dɪˈmɒnstrətɪv	high	
demoralising	𐑛𐑦𐑥𐑪𐑮𐑩𐑤𐑲𐑟𐑦𐑙𐑜	dɪmɒrəlaɪzɪŋɡ	𐑛𐑦𐑥𐑪𐑮𐑩𐑤𐑲𐑟𐑦𐑙	dɪˈmɒrəlaɪzɪŋ	high	
demos	𐑛𐑦𐑥𐑪𐑕	ˈdiˌmɒs	𐑛𐑧𐑥𐑴𐑟	ˈdeməʊz	high	
demos	𐑛𐑦𐑥𐑷𐑕	ˈdiˌmɔːs	𐑛𐑧𐑥𐑴𐑟	ˈdeməʊz	high	
demos	𐑛𐑰𐑥𐑪𐑕	ˈdiːmɒs	𐑛𐑧𐑥𐑴𐑟	ˈdeməʊz	high	
demure	𐑛𐑦𐑥𐑘𐑩𐑼	dɪmjəər	𐑛𐑦𐑥𐑘𐑫𐑼	dɪˈmjʊəR	high	
demure	𐑛𐑦𐑥𐑘𐑹	dɪˈmjɔːR	𐑛𐑦𐑥𐑘𐑫𐑼	dɪˈmjʊəR	high	
demure	𐑛𐑦𐑥𐑘𐑼	dɪˈmjər	𐑛𐑦𐑥𐑘𐑫𐑼	dɪˈmjʊəR	high	
demure	𐑛𐑩𐑥𐑘𐑹	dəmjɔːr	𐑛𐑦𐑥𐑘𐑫𐑼	dɪˈmjʊəR	high	
denary	𐑛𐑦𐑯𐑧𐑮𐑦	dɪˈneri	𐑛𐑰𐑯𐑼𐑦	ˈdiːnəri	high	
denary	𐑛𐑦𐑯𐑺𐑦	dɪneəri	𐑛𐑰𐑯𐑼𐑦	ˈdiːnəri	high	
denary	𐑛𐑧-	de-	𐑛𐑰𐑯𐑼𐑦	ˈdiːnəri	medium	r_gap:spelling=1,ipa=0; shave_says:𐑛𐑰𐑯𐑼𐑦
deniability	𐑛𐑦𐑯𐑲𐑘𐑩𐑚𐑦𐑤𐑦𐑑𐑦	dɪˌnaɪjəˈbɪlɪti	𐑛𐑦𐑯𐑲𐑩𐑚𐑦𐑤𐑦𐑑𐑦	dɪˌnaɪəˈbɪlɪti	high	
deniable	𐑛𐑦𐑯𐑲𐑘𐑩𐑚𐑩𐑤	dɪˈnaɪjəbəl	𐑛𐑦𐑯𐑲𐑩𐑚𐑩𐑤	dɪˈnaɪəbəl	high	
denialism	𐑛𐑦𐑯𐑲𐑘𐑩𐑤𐑦𐑟𐑩𐑥	dɪˈnaɪjəlɪzəm	𐑛𐑦𐑯𐑲𐑩𐑤𐑦𐑟𐑩𐑥	dɪˈnaɪəlɪzəm	high	
denim	𐑛𐑧𐑯𐑩𐑥	ˈdenəm	𐑛𐑧𐑯𐑦𐑥	ˈdenɪm	high	
denis	𐑛𐑩𐑯𐑦	dəˈni	𐑛𐑧𐑯𐑦𐑕	ˈdenɪs	high	
denise	𐑛𐑩𐑯𐑰𐑕	dəˈniːs	𐑛𐑩𐑯𐑰𐑟	dəˈniːz	high	
denominate	𐑛𐑦𐑯𐑪𐑥𐑦𐑯𐑩𐑑	dɪˈnɒmɪnət	𐑛𐑦𐑯𐑪𐑥𐑦𐑯𐑱𐑑	dɪˈnɒmɪneɪt	high	
density	𐑛𐑧𐑯𐑕𐑩𐑑𐑦	ˈdensəti	𐑛𐑧𐑯𐑕𐑦𐑑𐑦	ˈdensɪti	high	
dental	𐑛𐑧𐑯𐑑𐑤	ˈdentl	𐑛𐑧𐑯𐑑𐑩𐑤	ˈdentəl	high	
dental	𐑛𐑧𐑯𐑤	ˈdenl	𐑛𐑧𐑯𐑑𐑩𐑤	ˈdentəl	high	
dental	𐑛𐑧𐑯𐑩𐑤	ˈdenəl	𐑛𐑧𐑯𐑑𐑩𐑤	ˈdentəl	high	
denture	𐑛𐑧𐑯𐑑𐑘𐑼	dentjər	𐑛𐑧𐑯𐑗𐑼	ˈdentʃəR	high	
denunciation	𐑛𐑦𐑯𐑫𐑯𐑕𐑦𐑱𐑖𐑩𐑯	dɪˌnʊnsiˈeɪʃən	𐑛𐑦𐑯𐑳𐑯𐑕𐑦𐑱𐑖𐑩𐑯	dɪˌnʌnsɪˈeɪʃən	high	
deny	𐑛𐑦-	dɪ-	𐑛𐑦𐑯𐑲	dɪˈnaɪ	high	
deny	𐑛𐑩𐑯𐑲	dəˈnaɪ	𐑛𐑦𐑯𐑲	dɪˈnaɪ	high	
denying	𐑛𐑦-	dɪ-	𐑛𐑦𐑯𐑲𐑦𐑙	dɪˈnaɪɪŋ	high	
denying	𐑛𐑩𐑯𐑲𐑦𐑙	dəˈnaɪɪŋ	𐑛𐑦𐑯𐑲𐑦𐑙	dɪˈnaɪɪŋ	high	
deodorant	𐑛𐑦𐑴𐑛𐑼𐑩𐑯𐑑	diəʊdərənt	𐑛𐑰𐑴𐑛𐑼𐑩𐑯𐑑	diːˈəʊdərənt	high	
departmental	𐑛𐑦𐑐𐑸𐑑𐑥𐑧𐑯𐑑𐑩𐑤	dɪpɑːRtmentəl	𐑛𐑰𐑐𐑸𐑑𐑥𐑧𐑯𐑑𐑩𐑤	ˌdiːpɑːRtˈmentəl	high	
departure	𐑛𐑦𐑐𐑸𐑑𐑘𐑼	dɪpɑːrtjər	𐑛𐑦𐑐𐑸𐑗𐑼	dɪˈpɑːRtʃəR	high	
depend	𐑛𐑦-	di-	𐑛𐑦𐑐𐑧𐑯𐑛	dɪˈpend	high	
depilatory	𐑛𐑦𐑐𐑦𐑤𐑩𐑑𐑮𐑦	dɪpɪlətri	𐑛𐑦𐑐𐑦𐑤𐑩𐑑𐑼𐑦	dɪˈpɪlətəri	high	
depilatory	𐑛𐑩𐑐𐑦𐑤𐑩𐑑𐑹𐑦	dəˈpɪləˌtɔːRi	𐑛𐑦𐑐𐑦𐑤𐑩𐑑𐑼𐑦	dɪˈpɪlətəri	high	
deplete	𐑛𐑦𐑐𐑤𐑦𐑑	dɪˈplit	𐑛𐑦𐑐𐑤𐑰𐑑	dɪˈpliːt	high	
deplete	𐑛𐑩𐑐𐑤𐑦𐑑	dəˈplit	𐑛𐑦𐑐𐑤𐑰𐑑	dɪˈpliːt	high	
deplorable	𐑛𐑩𐑐𐑤𐑹𐑩𐑚𐑩𐑤	dəˈplɔːRəbəl	𐑛𐑦𐑐𐑤𐑹𐑩𐑚𐑩𐑤	dɪˈplɔːrəbəl	high	
deplore	𐑛𐑦𐑐𐑤𐑪𐑮	dɪˈplor	𐑛𐑦𐑐𐑤𐑹	dɪˈplɔːR	high	
depopulate	𐑛𐑦𐑐𐑪𐑐𐑘𐑩𐑤𐑱𐑑	diˈpɒpjəleɪt	𐑛𐑰𐑐𐑪𐑐𐑘𐑩𐑤𐑱𐑑	ˌdiːˈpɒpjəleɪt	high	
depopulation	𐑛𐑦𐑐𐑪𐑐𐑘𐑩𐑤𐑱𐑖𐑩𐑯	diˌpɒpjəˈleɪʃən	𐑛𐑰𐑐𐑪𐑐𐑘𐑩𐑤𐑱𐑖𐑩𐑯	ˌdiːˌpɒpjəˈleɪʃən	high	
deportee	𐑛𐑦𐑐𐑹𐑑𐑦	dɪpɔːRti	𐑛𐑰𐑐𐑹𐑑𐑰	ˌdiːpɔːRˈtiː	high	
depose	𐑛𐑩𐑐𐑴𐑟	dəˈpoʊz	𐑛𐑦𐑐𐑴𐑟	dɪˈpəʊz	high	
depository	𐑛𐑦𐑐𐑪𐑟𐑦𐑑𐑮𐑦	dɪpɒzɪtri	𐑛𐑦𐑐𐑪𐑟𐑦𐑑𐑼𐑦	dɪˈpɒzɪtəri	high	
depository	𐑛𐑦𐑐𐑪𐑟𐑦𐑑𐑹𐑦	dɪˈpɒzɪtɔːRi	𐑛𐑦𐑐𐑪𐑟𐑦𐑑𐑼𐑦	dɪˈpɒzɪtəri	high	
deprecate	𐑛𐑧𐑐𐑮𐑦𐑒𐑱𐑑	deprɪkeɪt	𐑛𐑧𐑐𐑮𐑩𐑒𐑱𐑑	ˈdeprəkeɪt	high	
deprecated	𐑛𐑧𐑐𐑮𐑦𐑒𐑱𐑑𐑩𐑛	deprɪkeɪtƏd	𐑛𐑧𐑐𐑮𐑩𐑒𐑱𐑑𐑩𐑛	ˈdeprəkeɪtƏd	high	
depreciate	𐑛𐑩𐑐𐑮𐑦𐑖𐑦𐑱𐑑	dəˈpriʃiˌeɪt	𐑛𐑦𐑐𐑮𐑰𐑖𐑦𐑱𐑑	dɪˈpriːʃieɪt	high	
depressing	𐑛𐑦𐑐𐑮𐑧𐑕𐑦𐑙𐑜	dɪpresɪŋɡ	𐑛𐑦𐑐𐑮𐑧𐑕𐑦𐑙	dɪˈpresɪŋ	high	
depression	𐑛𐑩𐑐𐑮𐑧𐑖𐑩𐑯	dəˈpreʃən	𐑛𐑦𐑐𐑮𐑧𐑖𐑩𐑯	dɪˈpreʃən	high	
deputize	𐑛𐑧𐑐𐑘𐑫𐑑𐑲𐑟	ˈdepjutaɪz	𐑛𐑧𐑐𐑘𐑩𐑑𐑲𐑟	ˈdepjətaɪz	high	
deputy	𐑛𐑧𐑐𐑩𐑑𐑦	ˈdepəti	𐑛𐑧𐑐𐑘𐑩𐑑𐑦	ˈdepjəti	high	
derail	𐑛𐑰𐑮𐑱𐑩𐑤	ˌdiːˈreɪəl	𐑛𐑦𐑮𐑱𐑤	dɪˈreɪl	high	
derail	𐑛𐑼𐑱𐑩𐑤	ˌdəˈreɪəl	𐑛𐑦𐑮𐑱𐑤	dɪˈreɪl	high	
derby	𐑛𐑭𐑚𐑦	dɑːbi	𐑛𐑸𐑚𐑦, 𐑛𐑻𐑚𐑦	ˈdɑːRbi	medium	r_gap:spelling=1,ipa=0; shave_says:𐑛𐑸𐑚𐑦
deregulatory	𐑛𐑰𐑮𐑧𐑜𐑘𐑩𐑤𐑩𐑑𐑮𐑦	diːreɡjələtri	𐑛𐑰𐑮𐑧𐑜𐑘𐑩𐑤𐑩𐑑𐑼𐑦	ˈdiːˌreɡjələtəri	high	
deregulatory	𐑛𐑰𐑮𐑧𐑜𐑘𐑫𐑤𐑩𐑑𐑹𐑦	diːˈreɡjulətɔːRi	𐑛𐑰𐑮𐑧𐑜𐑘𐑩𐑤𐑩𐑑𐑼𐑦	ˈdiːˌreɡjələtəri	high	
deride	𐑛𐑦-	di-	𐑛𐑦𐑮𐑲𐑛	dɪˈraɪd	medium	r_gap:spelling=1,ipa=0
deride	𐑛𐑼𐑲𐑛	dəˈraɪd	𐑛𐑦𐑮𐑲𐑛	dɪˈraɪd	high	
derisive	𐑛𐑦𐑮𐑦𐑕𐑦𐑝	dɪrɪsɪv	𐑛𐑦𐑮𐑲𐑕𐑦𐑝	dɪˈraɪsɪv	high	
derisory	𐑛𐑦𐑮𐑲𐑟𐑼𐑦	dɪraɪzəri	𐑛𐑦𐑮𐑲𐑕𐑼𐑦	dɪˈraɪsəri	high	
derogatory	𐑛𐑦𐑮𐑪𐑜𐑩𐑑𐑮𐑦	dɪrɒɡətri	𐑛𐑦𐑮𐑪𐑜𐑩𐑑𐑼𐑦	dɪˈrɒɡətəri	high	
derogatory	𐑛𐑦𐑮𐑪𐑜𐑩𐑑𐑹𐑦	dɪˈrɒɡəˌtɔːRi	𐑛𐑦𐑮𐑪𐑜𐑩𐑑𐑼𐑦	dɪˈrɒɡətəri	high	
derring-do	𐑛𐑧𐑮𐑦𐑙𐑛𐑵	derɪŋduː	𐑛𐑧𐑮𐑦𐑙-𐑛𐑵	ˌderɪŋ-ˈduː	medium	r_gap:spelling=2,ipa=1; shave_says:𐑛𐑧𐑮𐑦𐑙-𐑛𐑵
desaturation	𐑛𐑰𐑕𐑨𐑑𐑘𐑼𐑱𐑖𐑩𐑯	diːsætjəreɪʃən	𐑛𐑰𐑕𐑨𐑗𐑼𐑱𐑖𐑩𐑯	ˈdiːsætʃəreɪʃən	high	
descend	𐑛𐑩𐑕𐑧𐑯𐑛	dəˈsend	𐑛𐑦𐑕𐑧𐑯𐑛	dɪˈsend	high	
descent	𐑛𐑩𐑕𐑧𐑯𐑑	dəˈsent	𐑛𐑦𐑕𐑧𐑯𐑑	dɪˈsent	high	
describe	𐑛𐑦𐑕𐑒𐑮𐑪𐑦𐑚	dɪˈskrɒɪb	𐑛𐑦𐑕𐑒𐑮𐑲𐑚	dɪˈskraɪb	high	
desecration	𐑛𐑧𐑕𐑩𐑒𐑮𐑱𐑖𐑩𐑯	desəˈkreɪʃən	𐑛𐑧𐑕𐑦𐑒𐑮𐑱𐑖𐑩𐑯	ˌdesɪˈkreɪʃən	high	
desecration	𐑛𐑧𐑟𐑩𐑒𐑮𐑱𐑖𐑩𐑯	dezəˈkreɪʃən	𐑛𐑧𐑕𐑦𐑒𐑮𐑱𐑖𐑩𐑯	ˌdesɪˈkreɪʃən	high	
desegregate	𐑛𐑰𐑕𐑧𐑜𐑮𐑩𐑜𐑱𐑑	diːseɡrəɡeɪt	𐑛𐑰𐑕𐑧𐑜𐑮𐑦𐑜𐑱𐑑	ˌdiːˈseɡrɪɡeɪt	high	
desert	𐑛𐑩𐑟𐑻𐑑	dəˈzɜːRt	𐑛𐑦𐑟𐑻𐑑, 𐑛𐑧𐑟𐑼𐑑	ˈdezəRt	high	
deserter	𐑛𐑩𐑟𐑼𐑑𐑼	ˈdəzəRtəR	𐑛𐑦𐑟𐑻𐑑𐑼	dɪˈzɜːRtəR	high	
deserts	𐑛𐑩𐑟𐑻𐑑𐑕	dəˈzɜːRts	𐑛𐑦𐑟𐑻𐑑𐑕, 𐑛𐑧𐑟𐑼𐑑𐑕	dɪˈzɜːRts	high	
deserve	𐑛𐑩𐑟𐑻𐑝	dəˈzɜːRv	𐑛𐑦𐑟𐑻𐑝	dɪˈzɜːRv	high	
deshabille	𐑛𐑧𐑟𐑩𐑚𐑾𐑤	ˈdezəbɪəl	𐑛𐑱𐑟𐑨𐑚𐑰𐑱	ˌdeɪzæˈbiːeɪ	high	
desiccate	𐑛𐑦𐑕𐑦𐑒𐑱𐑑	dɪˈsɪkeɪt	𐑛𐑧𐑕𐑦𐑒𐑱𐑑	ˈdesɪkeɪt	high	
desideratum	-𐑑𐑩𐑥	-təm	𐑛𐑦𐑟𐑦𐑛𐑼𐑭𐑑𐑩𐑥	dɪˌzɪdəˈrɑːtəm	medium	r_gap:spelling=1,ipa=0
desideratum	-𐑟𐑦-	-zɪ-	𐑛𐑦𐑟𐑦𐑛𐑼𐑭𐑑𐑩𐑥	dɪˌzɪdəˈrɑːtəm	medium	r_gap:spelling=1,ipa=0; shave_says:𐑛𐑦𐑟𐑦𐑛𐑼𐑭𐑑𐑩𐑥
desideratum	-𐑮𐑱-	-reɪ-	𐑛𐑦𐑟𐑦𐑛𐑼𐑭𐑑𐑩𐑥	dɪˌzɪdəˈrɑːtəm	high	
desideratum	𐑛𐑦𐑕𐑦𐑛𐑼𐑭𐑑𐑩𐑥	dɪsɪdərɑːtəm	𐑛𐑦𐑟𐑦𐑛𐑼𐑭𐑑𐑩𐑥	dɪˌzɪdəˈrɑːtəm	high	
desideratum	𐑛𐑩𐑕𐑦𐑛𐑼𐑪𐑑𐑩𐑥	dəˌsɪdəˈrɒtəm	𐑛𐑦𐑟𐑦𐑛𐑼𐑭𐑑𐑩𐑥	dɪˌzɪdəˈrɑːtəm	high	
desire	𐑛𐑦𐑟𐑲𐑮	dɪˈzaɪr	𐑛𐑦𐑟𐑲𐑼	dɪˈzaɪəR	high	
desired	𐑛𐑦𐑟𐑲𐑮𐑛	dɪˈzaɪrd	𐑛𐑦𐑟𐑲𐑼𐑛	dɪˈzaɪəRd	high	
desires	𐑛𐑦𐑟𐑲𐑩𐑟	dɪzaɪəz	𐑛𐑦𐑟𐑲𐑼𐑟	dɪˈzaɪəRz	medium	r_gap:spelling=1,ipa=0; shave_says:𐑛𐑦𐑟𐑲𐑼𐑟
desires	𐑛𐑦𐑟𐑲𐑮𐑟	dɪˈzaɪrz	𐑛𐑦𐑟𐑲𐑼𐑟	dɪˈzaɪəRz	high	
desirous	𐑛𐑦𐑟𐑲𐑮𐑩𐑕	dɪzaɪrəs	𐑛𐑦𐑟𐑲𐑼𐑩𐑕	dɪˈzaɪərəs	high	
despot	𐑛𐑧𐑕𐑐𐑩𐑑	ˈdespət	𐑛𐑧𐑕𐑐𐑪𐑑	ˈdespɒt	high	
despot	𐑛𐑧𐑟𐑐𐑪𐑑	ˈdezpɒt	𐑛𐑧𐑕𐑐𐑪𐑑	ˈdespɒt	high	
despotic	𐑛𐑦𐑕𐑐𐑪𐑑𐑦𐑒	disˈpɒtɪk	𐑛𐑧𐑕𐑐𐑪𐑑𐑦𐑒	deˈspɒtɪk	high	
despotic	𐑛𐑩𐑕𐑐𐑪𐑑𐑦𐑒	dəˈspɒtɪk	𐑛𐑧𐑕𐑐𐑪𐑑𐑦𐑒	deˈspɒtɪk	high	
destitution	𐑛𐑧𐑕𐑑𐑦𐑗𐑵𐑖𐑩𐑯	destɪˈtʃuːʃən	𐑛𐑧𐑕𐑑𐑦𐑑𐑵𐑖𐑩𐑯, 𐑛𐑧𐑕𐑑𐑦𐑑𐑿𐑖𐑩𐑯	ˌdestɪˈtjuːʃən	high	
destroyer	𐑛𐑩𐑕𐑑𐑮𐑶𐑼	dəˈstrɔɪəR	𐑛𐑦𐑕𐑑𐑮𐑶𐑼	dɪˈstrɔɪəR	high	
desuetude	-𐑗𐑵𐑛	-tʃuːd	𐑛𐑦𐑕𐑵𐑦𐑑𐑵𐑛, 𐑛𐑦𐑕𐑿𐑦𐑑𐑿𐑛	dɪˈsjuːɪtjuːd	high	
desuetude	𐑛𐑧𐑕𐑢𐑦𐑑𐑿𐑛	ˈdeswɪtjuːd	𐑛𐑦𐑕𐑵𐑦𐑑𐑵𐑛, 𐑛𐑦𐑕𐑿𐑦𐑑𐑿𐑛	dɪˈsjuːɪtjuːd	high	
desuetude	𐑛𐑧𐑕𐑢𐑩𐑑𐑘𐑫𐑛	ˈdeswəˌtjud	𐑛𐑦𐑕𐑵𐑦𐑑𐑵𐑛, 𐑛𐑦𐑕𐑿𐑦𐑑𐑿𐑛	dɪˈsjuːɪtjuːd	high	
desuetude	𐑛𐑩𐑕𐑫𐑩𐑑𐑫𐑛	dəˈsuəˌtud	𐑛𐑦𐑕𐑵𐑦𐑑𐑵𐑛, 𐑛𐑦𐑕𐑿𐑦𐑑𐑿𐑛	dɪˈsjuːɪtjuːd	high	
desultory	𐑛𐑧𐑕𐑩𐑤𐑑𐑹𐑦	ˈdesəlˌtɔːRi	𐑛𐑧𐑕𐑩𐑤𐑑𐑼𐑦	ˈdesəltəri	high	
desultory	𐑛𐑧𐑟𐑩𐑤𐑑𐑹𐑦	ˈdezəlˌtɔːRi	𐑛𐑧𐑕𐑩𐑤𐑑𐑼𐑦	ˈdesəltəri	high	
desultory	𐑛𐑧𐑟𐑩𐑤𐑑𐑼𐑦	dezəltəri	𐑛𐑧𐑕𐑩𐑤𐑑𐑼𐑦	ˈdesəltəri	high	
detachable	𐑛𐑩𐑑𐑨𐑗𐑩𐑚𐑩𐑤	dəˈtætʃəbəl	𐑛𐑦𐑑𐑨𐑗𐑩𐑚𐑩𐑤	dɪˈtætʃəbəl	high	
detachable	𐑛𐑰𐑑𐑨𐑗𐑩𐑚𐑩𐑤	diːˈtætʃəbəl	𐑛𐑦𐑑𐑨𐑗𐑩𐑚𐑩𐑤	dɪˈtætʃəbəl	high	
detail	𐑛𐑦𐑑𐑱𐑤	ˈditeɪl	𐑛𐑰𐑑𐑱𐑤	ˈdiːteɪl	high	
detainee	𐑛𐑦𐑑𐑱𐑯𐑰	ˌdɪteɪˈniː	𐑛𐑰𐑑𐑱𐑯𐑰	ˌdiːteɪˈniː	high	
deteriorate	𐑛𐑦𐑑𐑦𐑮𐑦𐑼𐑱𐑑	dɪˈtɪriəreɪt	𐑛𐑦𐑑𐑽𐑽𐑱𐑑	dɪˈtɪərɪəreɪt	high	
deteriorate	𐑛𐑦𐑑𐑽𐑦𐑱𐑑	dɪtɪərɪeɪt	𐑛𐑦𐑑𐑽𐑽𐑱𐑑	dɪˈtɪərɪəreɪt	medium	r_gap:spelling=2,ipa=1; shave_says:𐑛𐑦𐑑𐑽𐑽𐑱𐑑
deteriorate	𐑛𐑩𐑑𐑦𐑮𐑦𐑱𐑑	dəˈtɪrieɪt	𐑛𐑦𐑑𐑽𐑽𐑱𐑑	dɪˈtɪərɪəreɪt	medium	r_gap:spelling=2,ipa=1
deteriorate	𐑛𐑩𐑑𐑦𐑮𐑦𐑼𐑱𐑑	dəˈtɪriəreɪt	𐑛𐑦𐑑𐑽𐑽𐑱𐑑	dɪˈtɪərɪəreɪt	high	
deterioration	𐑛𐑦𐑑𐑽𐑦𐑱𐑖𐑩𐑯	dɪtɪərɪeɪʃən	𐑛𐑦𐑑𐑽𐑽𐑱𐑖𐑩𐑯	dɪˌtɪərɪəˈreɪʃən	medium	r_gap:spelling=2,ipa=1; shave_says:𐑛𐑦𐑑𐑽𐑽𐑱𐑖𐑩𐑯
deterioration	𐑛𐑩𐑑𐑦𐑮𐑦𐑱𐑖𐑩𐑯	dəˌtiriˈeɪʃən	𐑛𐑦𐑑𐑽𐑽𐑱𐑖𐑩𐑯	dɪˌtɪərɪəˈreɪʃən	medium	r_gap:spelling=2,ipa=1
deterioration	𐑛𐑩𐑑𐑦𐑮𐑦𐑼𐑱𐑖𐑩𐑯	dəˌtiriəˈreɪʃən	𐑛𐑦𐑑𐑽𐑽𐑱𐑖𐑩𐑯	dɪˌtɪərɪəˈreɪʃən	high	
determinant	𐑛𐑦𐑑𐑻𐑥𐑩𐑯𐑩𐑯𐑑	dɪˈtɜːRmənənt	𐑛𐑦𐑑𐑻𐑥𐑦𐑯𐑩𐑯𐑑	dɪˈtɜːRmɪnənt	high	
determinate	𐑛𐑦𐑑𐑻𐑥𐑦𐑯𐑱𐑑	dɪtɜːRmɪneɪt	𐑛𐑦𐑑𐑻𐑥𐑦𐑯𐑩𐑑	dɪˈtɜːRmɪnət	high	
determining	𐑛𐑦𐑑𐑻𐑥𐑩𐑯𐑦𐑙	dɪˈtɜːRmənɪŋ	𐑛𐑦𐑑𐑻𐑥𐑦𐑯𐑦𐑙	dɪˈtɜːRmɪnɪŋ	high	
deterrence	𐑛𐑦𐑑𐑳𐑮𐑩𐑯𐑕	dɪˈtʌrəns	𐑛𐑦𐑑𐑧𐑮𐑩𐑯𐑕	dɪˈterəns	medium	r_gap:spelling=2,ipa=1
deterrence	𐑛𐑦𐑑𐑻𐑮𐑩𐑯𐑕	dɪˈtɜːRrəns	𐑛𐑦𐑑𐑧𐑮𐑩𐑯𐑕	dɪˈterəns	high	
deterrent	𐑛𐑦𐑑𐑻𐑩𐑯𐑑	dɪˈtɜːRənt	𐑛𐑦𐑑𐑧𐑮𐑩𐑯𐑑	dɪˈterənt	medium	r_gap:spelling=2,ipa=1
detour	𐑛𐑦𐑑𐑪𐑮	ˈditor	𐑛𐑰𐑑𐑫𐑼	ˈdiːtʊəR	high	
detrain	𐑛𐑦𐑑𐑮𐑱𐑯	ditreɪn	𐑛𐑰𐑑𐑮𐑱𐑯	ˌdiːˈtreɪn	high	
deuce	𐑛𐑫𐑕	dus	𐑛𐑵𐑕, 𐑛𐑿𐑕	djuːs	high	
deucedly	𐑛𐑫𐑕𐑩𐑛𐑤𐑦	ˈdusƏdli	𐑛𐑵𐑕𐑩𐑛𐑤𐑦, 𐑛𐑿𐑕𐑩𐑛𐑤𐑦	ˈdjuːsƏdli	high	
deuteronomy	𐑛𐑫𐑑𐑼𐑪𐑯𐑩𐑥𐑦	dutəˈrɒnəmi	𐑛𐑿𐑑𐑼𐑪𐑯𐑩𐑥𐑦	ˌdjuːtəˈrɒnəmi	high	
deuteronomy	𐑡𐑵𐑑𐑼𐑪𐑯𐑩𐑥𐑦	dʒuːtərɒnəmi	𐑛𐑿𐑑𐑼𐑪𐑯𐑩𐑥𐑦	ˌdjuːtəˈrɒnəmi	high	
devaluate	𐑛𐑦𐑝𐑨𐑤𐑘𐑫𐑱𐑑	dɪˈvæljueɪt	𐑛𐑰𐑝𐑨𐑤𐑘𐑫𐑱𐑑	ˌdiːˈvæljueɪt	high	
devaluate	𐑛𐑦𐑝𐑨𐑤𐑿𐑱𐑑	dɪˈvæljuːeɪt	𐑛𐑰𐑝𐑨𐑤𐑘𐑫𐑱𐑑	ˌdiːˈvæljueɪt	high	
deviant	𐑛𐑰𐑝𐑦𐑩𐑯𐑑	ˈdiːviənt	𐑛𐑰𐑝𐑾𐑯𐑑	ˈdiːvɪənt	high	
deviate	𐑛𐑦𐑝𐑦𐑩𐑑	ˈdiviət	𐑛𐑰𐑝𐑦𐑱𐑑	ˈdiːvieɪt	high	
deviate	𐑛𐑦𐑝𐑦𐑱𐑑	ˈdivieɪt	𐑛𐑰𐑝𐑦𐑱𐑑	ˈdiːvieɪt	high	
deviate	𐑛𐑰𐑝𐑦𐑩𐑑	ˈdiːviət	𐑛𐑰𐑝𐑦𐑱𐑑	ˈdiːvieɪt	high	
deviation	𐑛𐑦𐑝𐑦𐑱𐑖𐑩𐑯	ˌdiviˈeɪʃən	𐑛𐑰𐑝𐑦𐑱𐑖𐑩𐑯	ˌdiːvɪˈeɪʃən	high	
devices	𐑛𐑩𐑝𐑲𐑕𐑩𐑟	dəˈvaɪsƏz	𐑛𐑦𐑝𐑲𐑕𐑩𐑟	dɪˈvaɪsƏz	high	
devilment	𐑛𐑧𐑝𐑦𐑤𐑥𐑩𐑯𐑑	ˈdevɪlmənt	𐑛𐑧𐑝𐑩𐑤𐑥𐑩𐑯𐑑	ˈdevəlmənt	high	
devilry	𐑛𐑧𐑝𐑦𐑤𐑮𐑦	devɪlri	𐑛𐑧𐑝𐑩𐑤𐑮𐑦	ˈdevəlri	high	
devolve	-𐑝𐑷𐑤𐑝	-ˈvɔːlv	𐑛𐑦𐑝𐑪𐑤𐑝	dɪˈvɒlv	high	
devolve	𐑛𐑦-	diˈ-	𐑛𐑦𐑝𐑪𐑤𐑝	dɪˈvɒlv	high	
devonian	𐑛𐑦𐑝𐑴𐑯𐑦𐑩𐑯	dɪˈvoʊniən	𐑛𐑦𐑝𐑴𐑯𐑾𐑯	dɪˈvəʊniən	high	
devonian	𐑛𐑧𐑝𐑴𐑯𐑾𐑯	deˈvəʊnɪən	𐑛𐑦𐑝𐑴𐑯𐑾𐑯	dɪˈvəʊniən	high	
dewlap	𐑛𐑘𐑫𐑤𐑨𐑐	ˈdjulæp	𐑛𐑵𐑤𐑨𐑐, 𐑛𐑿𐑤𐑨𐑐	ˈdjuːlæp	high	
dewlap	𐑛𐑫𐑤𐑨𐑐	ˈdulæp	𐑛𐑵𐑤𐑨𐑐, 𐑛𐑿𐑤𐑨𐑐	ˈdjuːlæp	high	
di	𐑛𐑦	di	𐑛𐑲	daɪ	high	
di	𐑛𐑰	diː	𐑛𐑲	daɪ	high	
diabetes	𐑛𐑲𐑩𐑚𐑦𐑑𐑦𐑕	ˌdaɪəˈbitɪs	𐑛𐑲𐑩𐑚𐑰𐑑𐑰𐑟	ˌdaɪəˈbiːtiːz	high	
diabetes	𐑛𐑲𐑩𐑚𐑦𐑑𐑦𐑟	ˌdaɪəˈbitiz	𐑛𐑲𐑩𐑚𐑰𐑑𐑰𐑟	ˌdaɪəˈbiːtiːz	high	
diabetes	𐑛𐑲𐑩𐑚𐑰𐑑𐑦𐑕	ˌdaɪəˈbiːtɪs	𐑛𐑲𐑩𐑚𐑰𐑑𐑰𐑟	ˌdaɪəˈbiːtiːz	high	
diaereses	𐑛𐑲𐑧𐑮𐑦𐑕𐑰𐑟	daɪerɪsiːz	𐑛𐑲𐑧𐑮𐑩𐑕𐑰𐑟	daɪˈerəsiːz	high	
diaereses	𐑛𐑲𐑧𐑮𐑩𐑕𐑦𐑟	daɪˈerəsiz	𐑛𐑲𐑧𐑮𐑩𐑕𐑰𐑟	daɪˈerəsiːz	high	
diaereses	𐑛𐑲𐑽𐑦𐑕𐑦𐑟	daɪˈɪərɪsiz	𐑛𐑲𐑧𐑮𐑩𐑕𐑰𐑟	daɪˈerəsiːz	high	
diaereses	𐑛𐑲𐑽𐑦𐑕𐑰𐑟	daɪɪərɪsiːz	𐑛𐑲𐑧𐑮𐑩𐑕𐑰𐑟	daɪˈerəsiːz	high	
diaeresis	𐑛𐑲𐑧𐑮𐑦𐑕𐑦𐑕	daɪerɪsɪs	𐑛𐑲𐑧𐑮𐑩𐑕𐑦𐑕	daɪˈerəsɪs	high	
diaeresis	𐑛𐑲𐑽𐑦𐑕𐑦𐑕	daɪɪərɪsɪs	𐑛𐑲𐑧𐑮𐑩𐑕𐑦𐑕	daɪˈerəsɪs	high	
diagnose	𐑛𐑲𐑩𐑜𐑯𐑴𐑕	ˈdaɪəɡˌnoʊs	𐑛𐑲𐑩𐑜𐑯𐑴𐑟	ˈdaɪəɡnəʊz	high	
diagnose	𐑛𐑳𐑾𐑜𐑯𐑴𐑟	ˈdʌɪəɡˌnəʊz	𐑛𐑲𐑩𐑜𐑯𐑴𐑟	ˈdaɪəɡnəʊz	high	
diagonally	𐑛𐑲𐑨𐑜𐑯𐑩𐑤𐑦	daɪˈæɡnəli	𐑛𐑲𐑨𐑜𐑩𐑯𐑩𐑤𐑦	daɪˈæɡənəli	high	
dialectician	𐑛𐑲𐑩𐑤𐑧𐑒𐑑𐑦𐑖𐑯	ˌdaɪəlekˈtɪʃn	𐑛𐑲𐑩𐑤𐑧𐑒𐑑𐑦𐑖𐑩𐑯	ˌdaɪəlekˈtɪʃən	high	
dialectician	𐑛𐑳𐑾𐑤𐑧𐑒𐑑𐑦𐑖𐑯	ˌdʌɪəlekˈtɪʃn	𐑛𐑲𐑩𐑤𐑧𐑒𐑑𐑦𐑖𐑩𐑯	ˌdaɪəlekˈtɪʃən	high	
diameter	𐑛𐑲𐑨𐑥𐑦𐑛𐑼	daɪˈæmɪdəR	𐑛𐑲𐑨𐑥𐑦𐑑𐑼	daɪˈæmɪtəR	high	
diameter	𐑛𐑲𐑨𐑥𐑩𐑛𐑼	daɪˈæmədəR	𐑛𐑲𐑨𐑥𐑦𐑑𐑼	daɪˈæmɪtəR	high	
diarrhea	𐑛𐑲𐑼𐑰𐑩	daɪəriːə	𐑛𐑲𐑼𐑾	ˌdaɪəˈrɪə	low	ml_disagrees:𐑛𐑲𐑼𐑦ː𐑩; r_gap:spelling=2,ipa=1; shave_says:𐑛𐑲𐑼𐑾
diaspora	𐑛𐑦𐑨𐑕𐑐𐑮𐑩	diˈæsprə	𐑛𐑲𐑨𐑕𐑐𐑼𐑩	daɪˈæspərə	high	
diaspora	𐑛𐑦𐑨𐑕𐑐𐑼𐑩	diˈæspəRə	𐑛𐑲𐑨𐑕𐑐𐑼𐑩	daɪˈæspərə	high	
diaspora	𐑛𐑲𐑨𐑕𐑐𐑮𐑩	daɪæsprə	𐑛𐑲𐑨𐑕𐑐𐑼𐑩	daɪˈæspərə	high	
dichotomy	-𐑑𐑩-	-tə-	𐑛𐑲𐑒𐑪𐑑𐑩𐑥𐑦	daɪˈkɒtəmi	high	
dichotomy	𐑛𐑦-	dɪ-	𐑛𐑲𐑒𐑪𐑑𐑩𐑥𐑦	daɪˈkɒtəmi	high	
dictator	-𐑑𐑼	-tər	𐑛𐑦𐑒𐑑𐑱𐑑𐑼	dɪkˈteɪtəR	high	
dictionary	𐑛𐑦𐑒𐑖𐑩𐑯𐑧𐑮𐑦	ˈdɪkʃəˌneri	𐑛𐑦𐑒𐑖𐑩𐑯𐑼𐑦	ˈdɪkʃənəri	high	
dictionary	𐑛𐑦𐑒𐑖𐑩𐑯𐑮𐑦	dɪkʃənri	𐑛𐑦𐑒𐑖𐑩𐑯𐑼𐑦	ˈdɪkʃənəri	high	
dictionary	𐑛𐑦𐑒𐑖𐑯𐑼𐑦	dɪkʃnəri	𐑛𐑦𐑒𐑖𐑩𐑯𐑼𐑦	ˈdɪkʃənəri	high	
didn't	𐑛𐑾𐑯	ˈdɪən	𐑛𐑦𐑛𐑩𐑯𐑑	ˈdɪdənt	high	
diesel	𐑛𐑦𐑕𐑩𐑤	ˈdisəl	𐑛𐑰𐑟𐑩𐑤	ˈdiːzəl	high	
diesel	𐑛𐑦𐑟𐑩𐑤	ˈdizəl	𐑛𐑰𐑟𐑩𐑤	ˈdiːzəl	high	
differentiable	𐑛𐑦𐑓𐑼𐑧𐑯𐑖𐑩𐑚𐑩𐑤	dɪfərenʃəbəl	𐑛𐑦𐑓𐑼𐑧𐑯𐑖𐑦𐑩𐑚𐑩𐑤	ˌdɪfəˈrenʃiəbəl	high	
diffuse	𐑛𐑦𐑓𐑘𐑫𐑕	dɪˈfjus	𐑛𐑦𐑓𐑿𐑕, 𐑛𐑦𐑓𐑿𐑟	dɪˈfjuːs	high	
diffuse	𐑛𐑦𐑓𐑘𐑫𐑟	dɪˈfjuz	𐑛𐑦𐑓𐑿𐑕, 𐑛𐑦𐑓𐑿𐑟	dɪˈfjuːs	high	
diffusion	𐑛𐑦𐑓𐑘𐑫𐑠𐑩𐑯	dɪˈfjuʒən	𐑛𐑦𐑓𐑿𐑠𐑩𐑯	dɪˈfjuːʒən	high	
digging	𐑛𐑦𐑜𐑦𐑙𐑜	ˈdɪɡɪŋɡ	𐑛𐑦𐑜𐑦𐑙	ˈdɪɡɪŋ	high	
digitally	𐑛𐑦𐑡𐑦𐑑𐑤𐑦	ˈdɪdʒɪtli	𐑛𐑦𐑡𐑦𐑑𐑩𐑤𐑦	ˈdɪdʒɪtəli	high	
dignitary	𐑛𐑦𐑜𐑯𐑦𐑑𐑮𐑦	dɪɡnɪtri	𐑛𐑦𐑜𐑯𐑦𐑑𐑼𐑦	ˈdɪɡnɪtəri	high	
digraph	𐑛𐑲𐑜𐑮𐑭𐑓	daɪɡrɑːf	𐑛𐑲𐑜𐑮𐑨𐑓	ˈdaɪɡræf	high	ml_disagrees:𐑛𐑲𐑜𐑮ɑ𐑨𐑓; shave_agrees
digression	𐑛𐑦𐑜𐑮𐑧𐑖𐑩𐑯	dɪɡreʃən	𐑛𐑲𐑜𐑮𐑧𐑖𐑩𐑯	daɪˈɡreʃən	high	
digression	𐑛𐑳𐑦𐑜𐑮𐑧𐑖𐑩𐑯	dʌɪɡreʃən	𐑛𐑲𐑜𐑮𐑧𐑖𐑩𐑯	daɪˈɡreʃən	high	
dijon	𐑛𐑰𐑡𐑪𐑯	ˈdiːdʒɒn	𐑛𐑰𐑠𐑪𐑯	ˈdiːʒɒn	high	
dilatory	𐑛𐑦𐑤𐑩𐑑𐑹𐑦	ˈdɪləˌtɔːRi	𐑛𐑦𐑤𐑩𐑑𐑼𐑦	ˈdɪlətəri	high	
dilettante	𐑛𐑦𐑤𐑦𐑑𐑨𐑯𐑑	ˈdɪlɪˌtænt	𐑛𐑦𐑤𐑦𐑑𐑨𐑯𐑑𐑦	ˌdɪlɪˈtænti	high	
dilettante	𐑛𐑦𐑤𐑦𐑑𐑪𐑯𐑑	ˈdɪlɪˌtɒnt	𐑛𐑦𐑤𐑦𐑑𐑨𐑯𐑑𐑦	ˌdɪlɪˈtænti	high	
dilettante	𐑛𐑦𐑤𐑦𐑑𐑪𐑯𐑑𐑱	ˌdɪlɪˈtɒnteɪ	𐑛𐑦𐑤𐑦𐑑𐑨𐑯𐑑𐑦	ˌdɪlɪˈtænti	high	
dilettante	𐑛𐑦𐑤𐑩𐑑𐑪𐑯𐑑𐑦	dɪləˈtɒnti	𐑛𐑦𐑤𐑦𐑑𐑨𐑯𐑑𐑦	ˌdɪlɪˈtænti	high	
dilettanti	𐑛𐑦𐑤𐑦𐑑𐑨𐑯𐑑𐑰	dɪlɪˈtæntiː	𐑛𐑦𐑤𐑦𐑑𐑨𐑯𐑑𐑦	ˌdɪlɪˈtænti	high	
dilettanti	𐑛𐑦𐑤𐑦𐑑𐑪𐑯𐑑𐑦	ˈdɪlɪˌtɒnti	𐑛𐑦𐑤𐑦𐑑𐑨𐑯𐑑𐑦	ˌdɪlɪˈtænti	high	
diligently	𐑛𐑦𐑤𐑩𐑡𐑩𐑯𐑑𐑤𐑦	ˈdɪlədʒəntli	𐑛𐑦𐑤𐑦𐑡𐑩𐑯𐑑𐑤𐑦	ˈdɪlɪdʒəntli	high	
dilute	𐑛𐑦𐑤𐑫𐑑	dɪˈlut	𐑛𐑲𐑤𐑵𐑑	daɪˈluːt	high	
dilute	𐑛𐑲𐑤𐑫𐑑	daɪˈlut	𐑛𐑲𐑤𐑵𐑑	daɪˈluːt	high	
dilute	𐑛𐑲𐑤𐑿𐑑	daɪˈljuːt	𐑛𐑲𐑤𐑵𐑑	daɪˈluːt	high	
dilution	𐑛𐑦𐑤𐑫𐑖𐑩𐑯	dɪˈluʃən	𐑛𐑲𐑤𐑵𐑖𐑩𐑯	daɪˈluːʃən	high	
dilution	𐑛𐑲𐑤𐑫𐑖𐑩𐑯	daɪˈluʃən	𐑛𐑲𐑤𐑵𐑖𐑩𐑯	daɪˈluːʃən	high	
dilution	𐑛𐑲𐑤𐑿𐑖𐑩𐑯	daɪˈljuːʃən	𐑛𐑲𐑤𐑵𐑖𐑩𐑯	daɪˈluːʃən	high	
dimension	𐑛𐑲𐑥𐑧𐑯𐑖𐑩𐑯	daɪˈmenʃən	𐑛𐑦𐑥𐑧𐑯𐑖𐑩𐑯	dɪˈmenʃən	high	
dimensions	𐑛𐑲𐑥𐑧𐑯𐑖𐑩𐑯𐑟	daɪˈmenʃənz	𐑛𐑦𐑥𐑧𐑯𐑖𐑩𐑯𐑟	dɪˈmenʃənz	high	
diminuendo	𐑛𐑦𐑥𐑦𐑯𐑿𐑧𐑯𐑛𐑴	dɪˌmɪnjuːˈendəʊ	𐑛𐑦𐑥𐑦𐑯𐑘𐑫𐑧𐑯𐑛𐑴	dɪˌmɪnjuˈendəʊ	high	
ding-dong	𐑛𐑦𐑙𐑛𐑪𐑙	ˈdɪŋˌdɒŋ	𐑛𐑦𐑙-𐑛𐑪𐑙	ˌdɪŋ-ˈdɒŋ	high	
ding-dong	𐑛𐑦𐑙𐑛𐑷𐑙	ˈdɪŋˌdɔːŋ	𐑛𐑦𐑙-𐑛𐑪𐑙	ˌdɪŋ-ˈdɒŋ	high	
dinghy	𐑛𐑦𐑙𐑦	ˈdɪŋi	𐑛𐑦𐑙𐑜𐑦	ˈdɪŋɡi	high	
dining	𐑛𐑲𐑯𐑦𐑙𐑜	ˈdaɪnɪŋɡ	𐑛𐑲𐑯𐑦𐑙	ˈdaɪnɪŋ	high	
dino	𐑛𐑦𐑯𐑴	ˈdinoʊ	𐑛𐑲𐑯𐑴	ˈdaɪnəʊ	high	
dino	𐑛𐑰𐑯𐑴	ˈdiːnəʊ	𐑛𐑲𐑯𐑴	ˈdaɪnəʊ	high	
dinosaur	𐑛𐑲𐑯𐑩𐑕𐑪𐑮	ˈdaɪnəsor	𐑛𐑲𐑯𐑩𐑕𐑹	ˈdaɪnəsɔːR	high	
diocesan	𐑛𐑳𐑦𐑪𐑕𐑦𐑕𐑩𐑯	dʌɪˈɒsɪsən	𐑛𐑲𐑪𐑕𐑦𐑕𐑩𐑯	daɪˈɒsɪsən	high	
diorama	𐑛𐑲𐑼𐑪𐑥𐑩	ˌdaɪəˈrɒmə	𐑛𐑲𐑼𐑨𐑥𐑩, 𐑛𐑲𐑼𐑭𐑥𐑩	ˌdaɪəˈrⱭːmə	high	
diorama	𐑛𐑲𐑼𐑸𐑥𐑩	daɪərɑːRmə	𐑛𐑲𐑼𐑨𐑥𐑩, 𐑛𐑲𐑼𐑭𐑥𐑩	ˌdaɪəˈrⱭːmə	high	
diphtheria	𐑛𐑦𐑓𐑔𐑦𐑮𐑦𐑩	dɪfˈθɪriə	𐑛𐑦𐑓𐑔𐑽𐑾	dɪfˈθɪərɪə	high	
diphtheria	𐑛𐑦𐑓𐑔𐑽𐑦𐑩	dɪfθɪəriə	𐑛𐑦𐑓𐑔𐑽𐑾	dɪfˈθɪərɪə	high	
diphthong	𐑛𐑦𐑐𐑔𐑪𐑙	ˈdɪpˌθɒŋ	𐑛𐑦𐑓𐑔𐑪𐑙	ˈdɪfθɒŋ	high	
diphthong	𐑛𐑦𐑐𐑔𐑪𐑙𐑜	ˈdɪpˌθɒŋɡ	𐑛𐑦𐑓𐑔𐑪𐑙	ˈdɪfθɒŋ	high	
diphthong	𐑛𐑦𐑐𐑔𐑷𐑙	ˈdɪpˌθɔːŋ	𐑛𐑦𐑓𐑔𐑪𐑙	ˈdɪfθɒŋ	high	
diphthong	𐑛𐑦𐑓𐑔𐑪𐑙𐑜	ˈdɪfˌθɒŋɡ	𐑛𐑦𐑓𐑔𐑪𐑙	ˈdɪfθɒŋ	high	
diphthong	𐑛𐑦𐑓𐑔𐑷𐑙	ˈdɪfˌθɔːŋ	𐑛𐑦𐑓𐑔𐑪𐑙	ˈdɪfθɒŋ	high	
diplomatically	𐑛𐑦𐑐𐑤𐑩𐑥𐑨𐑑𐑦𐑒𐑩𐑤𐑦	ˌdɪpləˈmætɪkəli	𐑛𐑦𐑐𐑤𐑩𐑥𐑨𐑑𐑦𐑒𐑤𐑦	ˌdɪpləˈmætɪkli	high	
directive	𐑛𐑲𐑮𐑧𐑒𐑑𐑦𐑝	daɪrektɪv	𐑛𐑦𐑮𐑧𐑒𐑑𐑦𐑝	dɪˈrektɪv	high	
directive	𐑛𐑼𐑧𐑒𐑑𐑦𐑝	dəˈrektɪv	𐑛𐑦𐑮𐑧𐑒𐑑𐑦𐑝	dɪˈrektɪv	high	
directives	𐑛𐑼𐑧𐑒𐑑𐑦𐑝𐑟	dəˈrektɪvz	𐑛𐑦𐑮𐑧𐑒𐑑𐑦𐑝𐑟	dɪˈrektɪvz	high	
director	𐑛𐑲𐑮𐑧𐑒𐑑𐑼	daɪrektər	𐑛𐑦𐑮𐑧𐑒𐑑𐑼	dɪˈrektəR	high	
director	𐑛𐑲𐑼𐑧𐑒𐑑𐑼	daɪərektər	𐑛𐑦𐑮𐑧𐑒𐑑𐑼	dɪˈrektəR	high	
directors	𐑛𐑲𐑮𐑧𐑒𐑑𐑼𐑟	daɪrektəRz	𐑛𐑦𐑮𐑧𐑒𐑑𐑼𐑟	dɪˈrektəRz	high	
directors	𐑛𐑲𐑼𐑧𐑒𐑑𐑼𐑟	daɪərektəRz	𐑛𐑦𐑮𐑧𐑒𐑑𐑼𐑟	dɪˈrektəRz	high	
directory	𐑛𐑲𐑮𐑧𐑒𐑑𐑼𐑦	daɪrektəri	𐑛𐑦𐑮𐑧𐑒𐑑𐑼𐑦	dɪˈrektəri	high	
dirigible	𐑛𐑦𐑮𐑩𐑡𐑩𐑚𐑩𐑤	ˈdɪrədʒəbəl	𐑛𐑦𐑮𐑦𐑡𐑩𐑚𐑩𐑤	ˈdɪrɪdʒəbəl	high	
dirigibles	𐑛𐑦𐑮𐑩𐑡𐑩𐑚𐑩𐑤𐑟	ˈdɪrədʒəbəlz	𐑛𐑦𐑮𐑦𐑡𐑩𐑚𐑩𐑤𐑟	ˈdɪrɪdʒəbəlz	high	
dirk	𐑛𐑽𐑒	dɪəRk	𐑛𐑻𐑒	dɜːRk	high	
dirndl	𐑛𐑻𐑯𐑛𐑼𐑤	dɜːRndəRl	𐑛𐑻𐑯𐑛𐑩𐑤	ˈdɜːRndəl	high	
dirndl	𐑛𐑼𐑯𐑛𐑤	ˈdəRndl	𐑛𐑻𐑯𐑛𐑩𐑤	ˈdɜːRndəl	high	
dirndl	𐑛𐑾𐑯𐑛𐑼𐑤	dɪəndəRl	𐑛𐑻𐑯𐑛𐑩𐑤	ˈdɜːRndəl	high	
disagree	𐑛𐑦𐑕𐑩𐑜𐑮𐑦	dɪsəˈɡri	𐑛𐑦𐑕𐑩𐑜𐑮𐑰	ˌdɪsəˈɡriː	high	
disagreeable	𐑛𐑦𐑕𐑩𐑜𐑮𐑦𐑚𐑩𐑤	dɪsəɡrɪbəl	𐑛𐑦𐑕𐑩𐑜𐑮𐑰𐑩𐑚𐑩𐑤	ˌdɪsəˈɡriː+əbəl	high	
disagreeable	𐑛𐑦𐑕𐑩𐑜𐑮𐑦𐑩𐑚𐑩𐑤	dɪsəˈɡriəbəl	𐑛𐑦𐑕𐑩𐑜𐑮𐑰𐑩𐑚𐑩𐑤	ˌdɪsəˈɡriː+əbəl	high	
disagreement	𐑛𐑦𐑕𐑩𐑜𐑮𐑦𐑥𐑩𐑯𐑑	ˌdɪsəˈɡrimənt	𐑛𐑦𐑕𐑩𐑜𐑮𐑰𐑥𐑩𐑯𐑑	ˌdɪsəˈɡriːmənt	high	
disambiguation	𐑛𐑦𐑕𐑨𐑥𐑚𐑦𐑜𐑿𐑱𐑖𐑩𐑯	dɪsæmˌbɪɡjuːˈeɪʃən	𐑛𐑦𐑕𐑨𐑥𐑚𐑦𐑜𐑘𐑫𐑱𐑖𐑩𐑯	ˌdɪsæmbɪɡjuˈeɪʃən	high	
disappear	𐑛𐑦𐑕𐑩𐑐𐑦𐑮	dɪsəˈpɪr	𐑛𐑦𐑕𐑩𐑐𐑽	ˌdɪsəˈpɪəR	high	
disappeared	𐑛𐑦𐑕𐑩𐑐𐑦𐑮𐑛	dɪsəˈpɪrd	𐑛𐑦𐑕𐑩𐑐𐑽𐑛	ˌdɪsəˈpɪəRd	high	
disappointed	𐑛𐑦𐑕𐑩𐑐𐑶𐑯𐑩𐑛	ˌdɪsəˈpɔɪnƏd	𐑛𐑦𐑕𐑩𐑐𐑶𐑯𐑑𐑩𐑛	ˌdɪsəˈpɔɪntƏd	high	
disapproval	𐑛𐑦𐑕𐑩𐑐𐑮𐑫𐑝𐑩𐑤	dɪsəˈpruvəl	𐑛𐑦𐑕𐑩𐑐𐑮𐑵𐑝𐑩𐑤	ˌdɪsəˈpruːvəl	high	
disbelieving	𐑛𐑦𐑕𐑚𐑦𐑤𐑰𐑝𐑦𐑙𐑜	dɪsbɪˈliːvɪŋɡ	𐑛𐑦𐑕𐑚𐑦𐑤𐑰𐑝𐑦𐑙	ˌdɪsbɪˈliːvɪŋ	high	
disburse	𐑛𐑦𐑕𐑐𐑻𐑕	dɪsˈpɜːRs	𐑛𐑦𐑕𐑚𐑻𐑕	dɪsˈbɜːRs	high	
discern	𐑛𐑦𐑟𐑻𐑯	dɪzɜːRn	𐑛𐑦𐑕𐑻𐑯	dɪˈsɜːRn	high	
discernible	𐑛𐑦𐑕𐑻𐑯𐑦𐑚𐑩𐑤	dɪˈsɜːRnɪbəl	𐑛𐑦𐑕𐑻𐑯𐑩𐑚𐑩𐑤	dɪˈsɜːRnəbəl	high	
disciplinarian	𐑛𐑦𐑕𐑦𐑐𐑤𐑦𐑯𐑺𐑾𐑯	dɪsɪplɪneərɪən	𐑛𐑦𐑕𐑩𐑐𐑤𐑦𐑯𐑺𐑾𐑯	ˌdɪsəplɪˈneərɪən	high	ml_disagrees:𐑛𐑦𐑕𐑩𐑐𐑤𐑦𐑯𐑺𐑾𐑯; shave_agrees
disciplinary	𐑛𐑦𐑕𐑦𐑐𐑤𐑦𐑯𐑼𐑦	dɪsɪplɪnəri	𐑛𐑦𐑕𐑩𐑐𐑤𐑦𐑯𐑼𐑦	ˈdɪsəplɪnəri	high	ml_disagrees:𐑛𐑦𐑕𐑩𐑐𐑤𐑦𐑯𐑼𐑦; shave_agrees
disciplinary	𐑛𐑦𐑕𐑩𐑐𐑤𐑩𐑯𐑧𐑮𐑦	ˈdɪsəpləˌneri	𐑛𐑦𐑕𐑩𐑐𐑤𐑦𐑯𐑼𐑦	ˈdɪsəplɪnəri	high	
discipline	𐑛𐑦𐑕𐑦𐑐𐑤𐑦𐑯	ˈdɪsɪplɪn	𐑛𐑦𐑕𐑩𐑐𐑤𐑦𐑯	ˈdɪsəplɪn	high	ml_disagrees:𐑛𐑦𐑕𐑩𐑐𐑤𐑦𐑯; shave_agrees
disciplined	𐑛𐑦𐑕𐑦𐑐𐑤𐑦𐑯𐑛	ˈdɪsɪplɪnd	𐑛𐑦𐑕𐑩𐑐𐑤𐑦𐑯𐑛	ˈdɪsəplɪnd	high	ml_disagrees:𐑛𐑦𐑕𐑩𐑐𐑤𐑦𐑯𐑛; shave_agrees
discomfiting	𐑛𐑦𐑕𐑒𐑳𐑥𐑓𐑩𐑑𐑦𐑙	dɪsˈkʌmfətɪŋ	𐑛𐑦𐑕𐑒𐑳𐑥𐑓𐑦𐑑𐑦𐑙	dɪsˈkʌmfɪtɪŋ	high	
discomfiture	𐑛𐑦𐑕𐑒𐑫𐑥𐑓𐑦𐑗𐑼	dɪskʊmfɪtʃəR	𐑛𐑦𐑕𐑒𐑳𐑥𐑓𐑦𐑗𐑼	dɪsˈkʌmfɪtʃəR	high	
disconcerted	𐑛𐑦𐑕𐑒𐑩𐑯𐑕𐑻𐑑𐑼𐑛	dɪskənsɜːRtəRd	𐑛𐑦𐑕𐑒𐑩𐑯𐑕𐑻𐑑𐑩𐑛	ˌdɪskənˈsɜːRtƏd	high	
disconsolate	𐑛𐑦𐑕𐑒𐑪𐑯𐑕𐑩𐑤𐑦𐑑	dɪsˈkɒnsəlɪt	𐑛𐑦𐑕𐑒𐑪𐑯𐑕𐑩𐑤𐑩𐑑	dɪsˈkɒnsələt	high	
discontinuity	𐑛𐑦𐑕𐑒𐑪𐑯𐑑𐑦𐑯𐑵𐑦𐑑𐑦	ˌdɪskɒntɪˈnuːɪti	𐑛𐑦𐑕𐑒𐑪𐑯𐑑𐑦𐑯𐑿𐑦𐑑𐑦	ˌdɪskɒntɪnˈjuːɪti	high	
discordant	𐑛𐑦𐑕𐑒𐑪𐑮𐑛𐑩𐑯𐑑	dɪsˈkordənt	𐑛𐑦𐑕𐑒𐑹𐑛𐑩𐑯𐑑	dɪˈskɔːRdənt	high	
discountenance	𐑛𐑦𐑕𐑒𐑬𐑯𐑑𐑩𐑯𐑩𐑯𐑕	dɪsˈkaʊntənəns	𐑛𐑦𐑕𐑒𐑬𐑯𐑑𐑦𐑯𐑩𐑯𐑕	dɪsˈkaʊntɪnəns	high	
discourage	𐑛𐑦𐑕𐑒𐑻𐑦𐑡	dɪsˈkɜːRɪdʒ	𐑛𐑦𐑕𐑒𐑳𐑮𐑦𐑡	dɪˈskʌrɪdʒ	high	
discouraged	𐑛𐑦𐑕𐑒𐑻𐑦𐑡𐑛	dɪsˈkɜːRɪdʒd	𐑛𐑦𐑕𐑒𐑳𐑮𐑦𐑡𐑛	dɪˈskʌrɪdʒd	high	
discouraging	𐑛𐑦𐑕𐑒𐑻𐑦𐑡𐑦𐑙	dɪsˈkɜːRɪdʒɪŋ	𐑛𐑦𐑕𐑒𐑳𐑮𐑦𐑡𐑦𐑙	dɪˈskʌrɪdʒɪŋ	high	
discourtesy	𐑛𐑦𐑕𐑒𐑻𐑑𐑩𐑟𐑦	dɪskɜːRtəzi	𐑛𐑦𐑕𐑒𐑻𐑑𐑩𐑕𐑦	dɪsˈkɜːRtəsi	high	
discretionary	𐑛𐑦𐑕𐑒𐑮𐑧𐑖𐑩𐑯𐑧𐑮𐑦	dɪsˈkreʃəˌneri	𐑛𐑦𐑕𐑒𐑮𐑧𐑖𐑩𐑯𐑼𐑦	dɪˈskreʃənəri	high	
discriminate	𐑛𐑦𐑕𐑒𐑮𐑦𐑥𐑦𐑯𐑩𐑑	dɪskrɪmɪnət	𐑛𐑦𐑕𐑒𐑮𐑦𐑥𐑦𐑯𐑱𐑑	dɪˈskrɪmɪneɪt	high	
discriminate	𐑛𐑦𐑕𐑒𐑮𐑦𐑥𐑩𐑯𐑱𐑑	dɪˈskrɪməˌneɪt	𐑛𐑦𐑕𐑒𐑮𐑦𐑥𐑦𐑯𐑱𐑑	dɪˈskrɪmɪneɪt	high	
discriminating	𐑛𐑦𐑕𐑒𐑮𐑦𐑥𐑦𐑯𐑱𐑑𐑦𐑙𐑜	dɪskrɪmɪneɪtɪŋɡ	𐑛𐑦𐑕𐑒𐑮𐑦𐑥𐑦𐑯𐑱𐑑𐑦𐑙	dɪˈskrɪmɪneɪtɪŋ	high	
discrimination	𐑛𐑦𐑕𐑒𐑮𐑦𐑥𐑩𐑯𐑱𐑖𐑩𐑯	dɪˌskrɪməˈneɪʃən	𐑛𐑦𐑕𐑒𐑮𐑦𐑥𐑦𐑯𐑱𐑖𐑩𐑯	dɪˌskrɪmɪˈneɪʃən	high	
discriminatory	𐑛𐑦𐑕𐑒𐑮𐑦𐑥𐑦𐑯𐑩𐑑𐑹𐑦	dɪsˈkrɪmɪnəˌtɔːRi	𐑛𐑦𐑕𐑒𐑮𐑦𐑥𐑦𐑯𐑩𐑑𐑼𐑦	dɪˈskrɪmɪnətəri	high	
discriminatory	𐑛𐑦𐑕𐑒𐑮𐑦𐑥𐑦𐑯𐑱𐑑𐑼𐑦	dɪskrɪmɪneɪtərɪ	𐑛𐑦𐑕𐑒𐑮𐑦𐑥𐑦𐑯𐑩𐑑𐑼𐑦	dɪˈskrɪmɪnətəri	high	
disease	𐑛𐑦𐑟𐑦𐑟	dɪˈziz	𐑛𐑦𐑟𐑰𐑟	dɪˈziːz	high	
disease	𐑛𐑩𐑟𐑦𐑟	dəˈziz	𐑛𐑦𐑟𐑰𐑟	dɪˈziːz	high	
diseased	𐑛𐑦𐑟𐑦𐑟𐑛	dɪˈzizd	𐑛𐑦𐑟𐑰𐑟𐑛	dɪˈziːzd	high	
diseases	𐑛𐑦𐑟𐑦𐑟𐑩𐑟	dɪˈzizƏz	𐑛𐑦𐑟𐑰𐑟𐑩𐑟	dɪˈziːzƏz	high	
disembarkation	𐑛𐑦𐑕𐑧𐑥𐑚𐑸𐑒𐑱𐑖𐑩𐑯	ˌdɪsembɑːRˈkeɪʃən	𐑛𐑦𐑕𐑦𐑥𐑚𐑸𐑒𐑱𐑖𐑩𐑯	ˌdɪsˌɪmbɑːRˈkeɪʃən	high	
disembodied	𐑛𐑦𐑕𐑦𐑥𐑚𐑪𐑛𐑰𐑛	dɪsɪmˈbɒdiːd	𐑛𐑦𐑕𐑦𐑥𐑚𐑪𐑛𐑦𐑛	ˌdɪsɪmˈbɒdid	high	
disfigure	𐑛𐑦𐑕𐑓𐑦𐑜𐑘𐑼	dɪsˈfɪɡjəR	𐑛𐑦𐑕𐑓𐑦𐑜𐑼	dɪsˈfɪɡəR	high	
disfigurement	𐑛𐑦𐑕𐑓𐑦𐑜𐑘𐑼𐑥𐑩𐑯𐑑	dɪsˈfɪɡjəRmənt	𐑛𐑦𐑕𐑓𐑦𐑜𐑼𐑥𐑩𐑯𐑑	dɪsˈfɪɡəRmənt	high	
disgrace	𐑛𐑦𐑟𐑜𐑮𐑱𐑕	dɪzɡreɪs	𐑛𐑦𐑕𐑜𐑮𐑱𐑕	dɪsˈɡreɪs	high	
disgraceful	𐑛𐑦𐑟𐑜𐑮𐑱𐑕𐑓𐑩𐑤	dɪzɡreɪsfəl	𐑛𐑦𐑕𐑜𐑮𐑱𐑕𐑓𐑩𐑤	dɪsˈɡreɪsfəl	high	
disguise	𐑛𐑦𐑕𐑒𐑲𐑟	dɪˈskaɪz	𐑛𐑦𐑕𐑜𐑲𐑟	dɪsˈɡaɪz	high	
disguise	𐑛𐑦𐑟𐑜𐑲𐑟	dɪzˈɡaɪz	𐑛𐑦𐑕𐑜𐑲𐑟	dɪsˈɡaɪz	high	
disguised	𐑛𐑦𐑕𐑒𐑲𐑟𐑛	dɪˈskaɪzd	𐑛𐑦𐑕𐑜𐑲𐑟𐑛	dɪsˈɡaɪzd	high	
disguised	𐑛𐑦𐑟𐑜𐑲𐑟𐑛	dɪzˈɡaɪzd	𐑛𐑦𐑕𐑜𐑲𐑟𐑛	dɪsˈɡaɪzd	high	
disharmonious	𐑛𐑦𐑕𐑣𐑸𐑥𐑴𐑯𐑦𐑩𐑕	dɪshɑːRməʊniəs	𐑛𐑦𐑕𐑣𐑸𐑥𐑴𐑯𐑾𐑕	ˌdɪshɑːRˈməʊnɪəs	high	
dishonest	𐑛𐑦𐑕𐑪𐑯𐑦𐑕𐑑	dɪˈsɒnɪst	𐑛𐑦𐑕𐑪𐑯𐑩𐑕𐑑	dɪsˈɒnəst	high	
disillusionment	𐑛𐑦𐑕𐑦𐑤𐑘𐑫𐑠𐑩𐑯𐑥𐑩𐑯𐑑	ˌdɪsɪˈljuʒənmənt	𐑛𐑦𐑕𐑦𐑤𐑵𐑠𐑩𐑯𐑥𐑩𐑯𐑑	ˌdɪsɪˈluːʒənmənt	high	
disillusionment	𐑛𐑦𐑕𐑦𐑤𐑫𐑠𐑩𐑯𐑥𐑩𐑯𐑑	ˌdɪsɪˈluʒənmənt	𐑛𐑦𐑕𐑦𐑤𐑵𐑠𐑩𐑯𐑥𐑩𐑯𐑑	ˌdɪsɪˈluːʒənmənt	high	
disillusionment	𐑛𐑦𐑕𐑩𐑤𐑫𐑠𐑩𐑯𐑥𐑩𐑯𐑑	ˌdɪsəˈluʒənmənt	𐑛𐑦𐑕𐑦𐑤𐑵𐑠𐑩𐑯𐑥𐑩𐑯𐑑	ˌdɪsɪˈluːʒənmənt	high	
disinclined	𐑛𐑦𐑕𐑦𐑙𐑒𐑤𐑲𐑯𐑛	dɪsɪŋˈklaɪnd	𐑛𐑦𐑕𐑦𐑯𐑒𐑤𐑲𐑯𐑛	ˌdɪsɪnˈklaɪnd	high	
disinformation	𐑛𐑦𐑕𐑦𐑯𐑓𐑩𐑥𐑱𐑖𐑩𐑯	dɪsɪnfəmeɪʃən	𐑛𐑦𐑕𐑦𐑯𐑓𐑼𐑥𐑱𐑖𐑩𐑯	dɪsˈɪnfəRmeɪʃən	medium	r_gap:spelling=1,ipa=0; shave_says:𐑛𐑦𐑕𐑦𐑯𐑓𐑼𐑥𐑱𐑖𐑩𐑯
disintegration	𐑛𐑦𐑕𐑦𐑯𐑛𐑩𐑜𐑮𐑱𐑖𐑩𐑯	dɪsˌɪndəˈɡreɪʃən	𐑛𐑦𐑕𐑦𐑯𐑑𐑦𐑜𐑮𐑱𐑖𐑩𐑯	dɪsˌɪntɪˈɡreɪʃən	high	
disintegration	𐑛𐑦𐑕𐑦𐑯𐑩𐑜𐑮𐑱𐑖𐑩𐑯	dɪsˌɪnəˈɡreɪʃən	𐑛𐑦𐑕𐑦𐑯𐑑𐑦𐑜𐑮𐑱𐑖𐑩𐑯	dɪsˌɪntɪˈɡreɪʃən	high	
disinterested	-𐑑𐑼-	-tər-	𐑛𐑦𐑕𐑦𐑯𐑑𐑮𐑩𐑕𐑑𐑩𐑛	dɪsˈɪntrəstƏd	high	
disinterested	𐑛𐑦𐑕𐑦𐑯𐑑𐑮𐑦𐑕𐑑𐑩𐑛	dɪsɪntrɪstƏd	𐑛𐑦𐑕𐑦𐑯𐑑𐑮𐑩𐑕𐑑𐑩𐑛	dɪsˈɪntrəstƏd	medium	ml_disagrees:𐑛𐑦𐑕𐑦𐑯𐑑𐑮𐑩𐑕𐑑𐑩𐑛; shave_says:𐑛𐑦𐑕𐑦𐑯𐑑𐑼𐑩𐑕𐑑𐑩𐑛
disinterested	𐑛𐑦𐑕𐑦𐑯𐑑𐑼𐑧𐑕𐑑𐑩𐑛	dɪsɪntərestƏd	𐑛𐑦𐑕𐑦𐑯𐑑𐑮𐑩𐑕𐑑𐑩𐑛	dɪsˈɪntrəstƏd	high	
disinterested	𐑛𐑦𐑕𐑦𐑯𐑑𐑼𐑩𐑕𐑑𐑩𐑛	dɪsˈɪntərəstəd	𐑛𐑦𐑕𐑦𐑯𐑑𐑮𐑩𐑕𐑑𐑩𐑛	dɪsˈɪntrəstƏd	high	
disinterestedly	𐑛𐑦𐑕𐑦𐑯𐑑𐑼𐑧𐑕𐑑𐑩𐑛𐑤𐑦	dɪsɪntərestƏdli	𐑛𐑦𐑕𐑦𐑯𐑑𐑮𐑩𐑕𐑑𐑩𐑛𐑤𐑦	dɪsˈɪntrəstƏdli	high	
disjunctive	𐑛𐑦𐑕𐑡𐑫𐑙𐑒𐑑𐑦𐑝	dɪsˈdʒʊŋktɪv	𐑛𐑦𐑕𐑡𐑳𐑙𐑒𐑑𐑦𐑝	dɪsˈdʒʌŋktɪv	high	
dislocate	𐑛𐑦𐑕𐑤𐑴𐑒𐑱𐑑	dɪsləʊˈkeɪt	𐑛𐑦𐑕𐑤𐑩𐑒𐑱𐑑	ˈdɪsləkeɪt	high	
dislocation	𐑛𐑦𐑕𐑤𐑴𐑒𐑱𐑖𐑩𐑯	dɪsləʊˈkeɪʃən	𐑛𐑦𐑕𐑤𐑩𐑒𐑱𐑖𐑩𐑯	ˌdɪsləˈkeɪʃən	high	
disloyal	𐑛𐑦𐑕𐑤𐑶𐑘𐑩𐑤	dɪsˈlɔɪjəl	𐑛𐑦𐑕𐑤𐑶𐑩𐑤	dɪsˈlɔɪəl	high	
disloyalty	𐑛𐑦𐑕𐑤𐑶𐑘𐑩𐑤𐑑𐑦	dɪsˈlɔɪjəlti	𐑛𐑦𐑕𐑤𐑶𐑩𐑤𐑑𐑦	dɪsˈlɔɪəlti	high	
dismiss	𐑛𐑦𐑟𐑥𐑦𐑕	dɪzˈmɪs	𐑛𐑦𐑕𐑥𐑦𐑕	dɪsˈmɪs	high	
dismissal	𐑛𐑦𐑟𐑥𐑦𐑕𐑩𐑤	dɪzˈmɪsəl	𐑛𐑦𐑕𐑥𐑦𐑕𐑩𐑤	dɪsˈmɪsəl	high	
dismissive	𐑛𐑦𐑟𐑥𐑦𐑕𐑦𐑝	dɪzˈmɪsɪv	𐑛𐑦𐑕𐑥𐑦𐑕𐑦𐑝	dɪsˈmɪsɪv	high	
disobedience	𐑛𐑦𐑕𐑩𐑚𐑰𐑛𐑾𐑯𐑕	dɪsəˈbiːdɪəns	𐑛𐑦𐑕𐑴𐑚𐑰𐑛𐑾𐑯𐑕	ˌdɪsəʊˈbiːdɪəns	high	
disobedient	𐑛𐑦𐑕𐑩𐑚𐑰𐑛𐑾𐑯𐑑	dɪsəˈbiːdɪənt	𐑛𐑦𐑕𐑴𐑚𐑰𐑛𐑾𐑯𐑑	ˌdɪsəʊˈbiːdɪənt	high	
disobey	𐑛𐑦𐑕𐑩𐑚𐑱	ˌdɪsəˈbeɪ	𐑛𐑦𐑕𐑴𐑚𐑱	ˌdɪsəʊˈbeɪ	high	
disorderly	𐑛𐑦𐑕𐑹𐑛𐑩𐑤𐑦	dɪsɔːRdəli	𐑛𐑦𐑕𐑹𐑛𐑼𐑤𐑦	dɪsˈɔːRdəRli	medium	r_gap:spelling=2,ipa=1; shave_says:𐑛𐑦𐑕𐑹𐑛𐑼𐑤𐑦
disorientation	𐑛𐑦𐑕𐑹𐑦𐑦𐑯𐑑𐑱𐑖𐑩𐑯	dɪsˌɔːRiɪnˈteɪʃən	𐑛𐑦𐑟𐑹𐑾𐑯𐑑𐑱𐑖𐑩𐑯	dɪzˌɔːrɪənˈteɪʃən	high	
disorientation	𐑛𐑦𐑕𐑹𐑾𐑯𐑑𐑱𐑖𐑩𐑯	dɪsɔːrɪənteɪʃən	𐑛𐑦𐑟𐑹𐑾𐑯𐑑𐑱𐑖𐑩𐑯	dɪzˌɔːrɪənˈteɪʃən	high	
disparaging	𐑛𐑦𐑕𐑐𐑨𐑮𐑦𐑡𐑦𐑙𐑜	dɪspærɪdʒɪŋɡ	𐑛𐑦𐑕𐑐𐑨𐑮𐑦𐑡𐑦𐑙	dɪˈspærɪdʒɪŋ	high	
disparate	𐑛𐑦𐑕𐑐𐑧𐑮𐑩𐑑	dɪˈsperət	𐑛𐑦𐑕𐑐𐑼𐑩𐑑	ˈdɪspərət	high	
disparate	𐑛𐑦𐑕𐑐𐑨𐑮𐑩𐑑	dɪˈspærət	𐑛𐑦𐑕𐑐𐑼𐑩𐑑	ˈdɪspərət	high	
dispassionate	𐑛𐑦𐑕𐑐𐑨𐑖𐑩𐑯𐑱𐑑	dɪsˈpæʃəneɪt	𐑛𐑦𐑕𐑐𐑨𐑖𐑩𐑯𐑩𐑑	dɪˈspæʃənət	high	
dispatch	𐑛𐑩𐑕𐑐𐑨𐑗	dəˈspætʃ	𐑛𐑦𐑕𐑐𐑨𐑗	dɪˈspætʃ	high	
displace	𐑛𐑦𐑟𐑐𐑤𐑱𐑕	dɪzˈpleɪs	𐑛𐑦𐑕𐑐𐑤𐑱𐑕	dɪsˈpleɪs	high	
disport	𐑛𐑩𐑕𐑐𐑹𐑑	dəˈspɔːRt	𐑛𐑦𐑕𐑐𐑹𐑑	dɪˈspɔːRt	high	
disposition	𐑛𐑦𐑕𐑐𐑩𐑟𐑦𐑖𐑦𐑯	ˌdɪspəˈzɪʃɪn	𐑛𐑦𐑕𐑐𐑩𐑟𐑦𐑖𐑩𐑯	ˌdɪspəˈzɪʃən	high	
dispossess	𐑛𐑦𐑕𐑐𐑩𐑟𐑩𐑕	dɪspəˈzəs	𐑛𐑦𐑕𐑐𐑩𐑟𐑧𐑕	ˌdɪspəˈzes	high	
disproportionate	𐑛𐑦𐑕𐑐𐑮𐑩𐑐𐑹𐑖𐑩𐑯𐑱𐑑	dɪsprəpɔːRʃəneɪt	𐑛𐑦𐑕𐑐𐑮𐑩𐑐𐑹𐑖𐑩𐑯𐑩𐑑	ˌdɪsprəˈpɔːRʃənət	high	
disprove	𐑛𐑦𐑕𐑐𐑮𐑫𐑝	dɪsˈpruv	𐑛𐑦𐑕𐑐𐑮𐑵𐑝	ˌdɪsˈpruːv	high	
disputable	𐑛𐑦𐑕𐑐𐑘𐑫𐑑𐑩𐑚𐑩𐑤	dɪˈspjutəbəl	𐑛𐑦𐑕𐑐𐑿𐑑𐑩𐑚𐑩𐑤	dɪˈspjuːtəbəl	high	
dispute	𐑛𐑦𐑕𐑐𐑘𐑫𐑑	ˈdɪspjut	𐑛𐑦𐑕𐑐𐑿𐑑	dɪˈspjuːt	high	
disputed	𐑛𐑦𐑕𐑐𐑘𐑫𐑑𐑩𐑛	dɪsˈpjutƏd	𐑛𐑦𐑕𐑐𐑿𐑑𐑩𐑛	dɪˈspjuːtƏd	high	
disputes	𐑛𐑦𐑕𐑐𐑘𐑫𐑑𐑕	dɪsˈpjuts	𐑛𐑦𐑕𐑐𐑿𐑑𐑕	dɪˈspjuːts	high	
disqualification	𐑛𐑦𐑕𐑒𐑢𐑭𐑤𐑩𐑓𐑦𐑒𐑱𐑖𐑯	dɪsˌkwɑːləfɪˈkeɪʃn	𐑛𐑦𐑕𐑒𐑢𐑪𐑤𐑦𐑓𐑦𐑒𐑱𐑖𐑩𐑯	dɪsˌkwɒlɪfɪˈkeɪʃən	high	
disqualify	𐑛𐑦𐑕𐑒𐑢𐑷𐑤𐑩𐑓𐑲	dɪsˈkwɔːləfaɪ	𐑛𐑦𐑕𐑒𐑢𐑪𐑤𐑦𐑓𐑲	dɪsˈkwɒlɪfaɪ	high	
disquietude	𐑛𐑦𐑕𐑒𐑢𐑲𐑦𐑑𐑘𐑫𐑛	dɪˈskwaɪɪtjud	𐑛𐑦𐑕𐑒𐑢𐑲𐑩𐑑𐑵𐑛, 𐑛𐑦𐑕𐑒𐑢𐑲𐑩𐑑𐑿𐑛	dɪsˈkwaɪətjuːd	high	
disquietude	𐑛𐑦𐑕𐑒𐑢𐑲𐑦𐑑𐑿𐑛	dɪˈskwaɪɪtjuːd	𐑛𐑦𐑕𐑒𐑢𐑲𐑩𐑑𐑵𐑛, 𐑛𐑦𐑕𐑒𐑢𐑲𐑩𐑑𐑿𐑛	dɪsˈkwaɪətjuːd	high	
disquietude	𐑛𐑦𐑕𐑒𐑢𐑲𐑩𐑑𐑫𐑛	dɪˈskwaɪətud	𐑛𐑦𐑕𐑒𐑢𐑲𐑩𐑑𐑵𐑛, 𐑛𐑦𐑕𐑒𐑢𐑲𐑩𐑑𐑿𐑛	dɪsˈkwaɪətjuːd	high	
disquisition	𐑛𐑦𐑕𐑒𐑢𐑩𐑟𐑦𐑖𐑩𐑯	ˌdɪskwəˈzɪʃən	𐑛𐑦𐑕𐑒𐑢𐑦𐑟𐑦𐑖𐑩𐑯	ˌdɪskwɪˈzɪʃən	high	
disrupt	𐑛𐑦𐑟𐑮𐑫𐑐𐑑	dɪzrʊpt	𐑛𐑦𐑕𐑮𐑳𐑐𐑑	dɪsˈrʌpt	high	
disrupt	𐑛𐑦𐑟𐑮𐑳𐑐𐑑	dɪzrʌpt	𐑛𐑦𐑕𐑮𐑳𐑐𐑑	dɪsˈrʌpt	high	
disruption	𐑛𐑦𐑟𐑮𐑫𐑐𐑖𐑩𐑯	dɪzrʊpʃən	𐑛𐑦𐑕𐑮𐑳𐑐𐑖𐑩𐑯	dɪsˈrʌpʃən	high	
disruption	𐑛𐑦𐑟𐑮𐑳𐑐𐑖𐑩𐑯	dɪzrʌpʃən	𐑛𐑦𐑕𐑮𐑳𐑐𐑖𐑩𐑯	dɪsˈrʌpʃən	high	
disruptive	𐑛𐑦𐑟𐑮𐑫𐑐𐑑𐑦𐑝	dɪzrʊptɪv	𐑛𐑦𐑕𐑮𐑳𐑐𐑑𐑦𐑝	dɪsˈrʌptɪv	high	
disruptive	𐑛𐑦𐑟𐑮𐑳𐑐𐑑𐑦𐑝	dɪzrʌptɪv	𐑛𐑦𐑕𐑮𐑳𐑐𐑑𐑦𐑝	dɪsˈrʌptɪv	high	
dissect	𐑛𐑲𐑕𐑧𐑒𐑑	daɪˈsekt	𐑛𐑦𐑕𐑧𐑒𐑑	dɪˈsekt	high	
dissent	𐑛𐑩𐑕𐑧𐑯𐑑	dəˈsent	𐑛𐑦𐑕𐑧𐑯𐑑	dɪˈsent	high	
dissertation	𐑛𐑦𐑕𐑩𐑑𐑱𐑖𐑩𐑯	dɪsəteɪʃən	𐑛𐑦𐑕𐑼𐑑𐑱𐑖𐑩𐑯	ˌdɪsəRˈteɪʃən	medium	r_gap:spelling=1,ipa=0; shave_says:𐑛𐑦𐑕𐑼𐑑𐑱𐑖𐑩𐑯
dissever	𐑛𐑦𐑕𐑧𐑝𐑼	dɪsevəR	𐑛𐑦𐑕𐑕𐑧𐑝𐑼	dɪsˈsevəR	high	
dissociate	𐑛𐑦𐑕𐑴𐑕𐑦𐑱𐑑	dɪˈsəʊsieɪt	𐑛𐑦𐑕𐑴𐑖𐑦𐑱𐑑	dɪˈsəʊʃieɪt	high	
dissociation	𐑛𐑦𐑕𐑴𐑕𐑦𐑱𐑖𐑩𐑯	dɪˌsoʊsiˈeɪʃən	𐑛𐑦𐑕𐑴𐑖𐑦𐑱𐑖𐑩𐑯	dɪˌsəʊʃɪˈeɪʃən	high	
dissolute	𐑛𐑦𐑕𐑩𐑤𐑿𐑑	ˈdɪsəljuːt	𐑛𐑦𐑕𐑩𐑤𐑵𐑑	ˈdɪsəluːt	high	
dissolution	𐑛𐑦𐑕𐑩𐑤𐑫𐑖𐑩𐑯	ˌdɪsəˈluʃən	𐑛𐑦𐑕𐑩𐑤𐑵𐑖𐑩𐑯	ˌdɪsəˈluːʃən	high	
dissolution	𐑛𐑦𐑕𐑩𐑤𐑿𐑖𐑩𐑯	ˌdɪsəˈljuːʃən	𐑛𐑦𐑕𐑩𐑤𐑵𐑖𐑩𐑯	ˌdɪsəˈluːʃən	high	
dissolve	𐑛𐑦𐑟𐑷𐑤𐑝	dɪˈzɔːlv	𐑛𐑦𐑟𐑪𐑤𐑝	dɪˈzɒlv	high	
distil	𐑛𐑩𐑕𐑑𐑦𐑤	dəˈstɪl	𐑛𐑦𐑕𐑑𐑦𐑤	dɪˈstɪl	high	
distinctiveness	𐑛𐑦𐑕𐑑𐑦𐑙𐑒𐑑𐑦𐑝𐑯𐑦𐑕	dɪsˈtɪŋktɪvnɪs	𐑛𐑦𐑕𐑑𐑦𐑙𐑒𐑑𐑦𐑝𐑯𐑩𐑕	dɪˈstɪŋktɪvnəs	high	
distort	𐑛𐑦𐑕𐑑𐑪𐑮𐑑	dɪˈstort	𐑛𐑦𐑕𐑑𐑹𐑑	dɪˈstɔːRt	high	
distribute	𐑛𐑦𐑕𐑑𐑮𐑦𐑚𐑘𐑫𐑑	dɪˈstrɪbjut	𐑛𐑦𐑕𐑑𐑮𐑦𐑚𐑿𐑑	dɪˈstrɪbjuːt	high	
divagate	𐑛𐑦𐑝𐑩𐑜𐑱𐑑	ˈdɪvəˌɡeɪt	𐑛𐑲𐑝𐑩𐑜𐑱𐑑	ˈdaɪvəɡeɪt	high	
divan	𐑛𐑲𐑝𐑨𐑯	ˈdaɪvæn	𐑛𐑦𐑝𐑨𐑯	dɪˈvæn	high	
diverge	𐑛𐑦𐑝𐑻𐑡	dɪvɜːRdʒ	𐑛𐑲𐑝𐑻𐑡	daɪˈvɜːRdʒ	high	
divergent	𐑛𐑦𐑝𐑻𐑡𐑩𐑯𐑑	dɪvɜːRdʒənt	𐑛𐑲𐑝𐑻𐑡𐑩𐑯𐑑	daɪˈvɜːRdʒənt	high	
diverse	𐑛𐑦𐑝𐑻𐑕	dɪˈvɜːRs	𐑛𐑲𐑝𐑻𐑕	daɪˈvɜːRs	high	
diverse	𐑛𐑩𐑝𐑻𐑕	ˈdəˈvɜːRs	𐑛𐑲𐑝𐑻𐑕	daɪˈvɜːRs	high	
diversely	𐑛𐑦𐑝𐑻𐑕𐑤𐑦	dɪˈvɜːRsli	𐑛𐑲𐑝𐑻𐑕𐑤𐑦	daɪˈvɜːRsli	high	
diversification	𐑛𐑦𐑝𐑻𐑕𐑦𐑓𐑦𐑒𐑱𐑖𐑩𐑯	dɪˌvɜːRsɪfɪˈkeɪʃən	𐑛𐑲𐑝𐑻𐑕𐑦𐑓𐑦𐑒𐑱𐑖𐑩𐑯	daɪˌvɜːRsɪfɪˈkeɪʃən	high	
diversify	𐑛𐑦𐑝𐑻𐑕𐑦𐑓𐑲	dɪvɜːRsɪfaɪ	𐑛𐑲𐑝𐑻𐑕𐑦𐑓𐑲	daɪˈvɜːRsɪfaɪ	high	
diversify	𐑛𐑦𐑝𐑻𐑕𐑩𐑓𐑲	dɪˈvɜːRsəfaɪ	𐑛𐑲𐑝𐑻𐑕𐑦𐑓𐑲	daɪˈvɜːRsɪfaɪ	high	
diversify	𐑛𐑲𐑝𐑻𐑕𐑩𐑓𐑲	daɪˈvɜːRsəfaɪ	𐑛𐑲𐑝𐑻𐑕𐑦𐑓𐑲	daɪˈvɜːRsɪfaɪ	high	
diversion	𐑛𐑦𐑝𐑻𐑠𐑩𐑯	dɪˈvɜːRʒən	𐑛𐑲𐑝𐑻𐑠𐑩𐑯	daɪˈvɜːRʒən	high	
diversion	𐑛𐑲𐑝𐑻𐑖𐑩𐑯	daɪvɜːRʃən	𐑛𐑲𐑝𐑻𐑠𐑩𐑯	daɪˈvɜːRʒən	high	
divert	𐑛𐑦𐑝𐑻𐑑	dɪˈvɜːRt	𐑛𐑲𐑝𐑻𐑑	daɪˈvɜːRt	high	
diverted	𐑛𐑲𐑝𐑻𐑑𐑼𐑛	daɪvɜːRtəRd	𐑛𐑲𐑝𐑻𐑑𐑩𐑛	daɪˈvɜːRtƏd	high	
divisive	𐑛𐑦𐑝𐑦𐑕𐑦𐑝	dɪˈvɪsɪv	𐑛𐑦𐑝𐑲𐑕𐑦𐑝	dɪˈvaɪsɪv	high	
divisive	𐑛𐑦𐑝𐑦𐑟𐑦𐑝	dɪˈvɪzɪv	𐑛𐑦𐑝𐑲𐑕𐑦𐑝	dɪˈvaɪsɪv	high	
divorce	-𐑝𐑪𐑩𐑕	-voəs	𐑛𐑦𐑝𐑹𐑕	dɪˈvɔːRs	medium	r_gap:spelling=1,ipa=0; shave_says:𐑛𐑦𐑝𐑹𐑕
divorcee	-𐑱	-eɪ	𐑛𐑦𐑝𐑹𐑕𐑰	dɪˌvɔːRˈsiː	medium	r_gap:spelling=1,ipa=0
divorcee	𐑛𐑦𐑝𐑹𐑕𐑦	dɪvɔːRˈsi	𐑛𐑦𐑝𐑹𐑕𐑰	dɪˌvɔːRˈsiː	high	
diy	𐑛𐑦𐑲𐑢𐑲	ˌdiaɪˈwaɪ	𐑛𐑰𐑲𐑢𐑲	ˌdiːˌaɪˈwaɪ	high	
dna	𐑛𐑦𐑧𐑯𐑱	ˌdiˌenˈeɪ	⸰⁠𐑛𐑯𐑨	diːeneɪ	high	
dna	𐑛𐑰𐑧𐑯𐑱	ˌdiːenˈeɪ	⸰⁠𐑛𐑯𐑨	diːeneɪ	high	
docile	𐑛𐑪𐑕𐑩𐑤	ˈdɒsəl	𐑛𐑴𐑕𐑲𐑤	ˈdəʊsaɪl	high	
docile	𐑛𐑪𐑕𐑲𐑤	ˈdɒsaɪl	𐑛𐑴𐑕𐑲𐑤	ˈdəʊsaɪl	high	
docket	𐑛𐑪𐑒𐑦𐑑	ˈdɒkɪt	𐑛𐑪𐑒𐑩𐑑	ˈdɒkIt	high	
doctorate	𐑛𐑪𐑒𐑑𐑼𐑱𐑑	dɒktəreɪt	𐑛𐑪𐑒𐑑𐑼𐑩𐑑	ˈdɒktərət	high	
doctrinal	𐑛𐑪𐑒𐑑𐑮𐑦𐑯𐑩𐑤	dɒktrɪnəl	𐑛𐑪𐑒𐑑𐑮𐑲𐑯𐑩𐑤	dɒkˈtraɪnəl	high	
documentarian	-𐑒𐑘𐑩-	-kjə-	𐑛𐑪𐑒𐑘𐑩𐑥𐑩𐑯𐑑𐑺𐑾𐑯	ˌdɒkjəmənˈteəriən	medium	r_gap:spelling=1,ipa=0
documentarian	-𐑥𐑧𐑯-	-men-	𐑛𐑪𐑒𐑘𐑩𐑥𐑩𐑯𐑑𐑺𐑾𐑯	ˌdɒkjəmənˈteəriən	medium	r_gap:spelling=1,ipa=0; shave_says:𐑛𐑪𐑒𐑿𐑥𐑩𐑯𐑑𐑺𐑾𐑯
documentarian	𐑛𐑪𐑒𐑘𐑩𐑥𐑩𐑯𐑑𐑧𐑮𐑦𐑩𐑯	ˌdɒkjəmənˈteriən	𐑛𐑪𐑒𐑘𐑩𐑥𐑩𐑯𐑑𐑺𐑾𐑯	ˌdɒkjəmənˈteəriən	high	
documentarian	𐑛𐑪𐑒𐑘𐑩𐑥𐑩𐑯𐑑𐑺𐑦𐑩𐑯	dɒkjəmənteəriən	𐑛𐑪𐑒𐑘𐑩𐑥𐑩𐑯𐑑𐑺𐑾𐑯	ˌdɒkjəmənˈteəriən	high	
documentary	𐑛𐑪𐑒𐑘𐑩𐑥𐑧𐑯𐑑𐑮𐑦	dɒkjəmentri	𐑛𐑪𐑒𐑘𐑩𐑥𐑧𐑯𐑑𐑼𐑦	ˌdɒkjəˈmentəri	high	
documentation	𐑛𐑪𐑒𐑘𐑩𐑥𐑩𐑯𐑑𐑱𐑖𐑩𐑯	ˌdɒkjəmənˈteɪʃən	𐑛𐑪𐑒𐑘𐑩𐑥𐑧𐑯𐑑𐑱𐑖𐑩𐑯	ˌdɒkjəmenˈteɪʃən	high	
doesn't	𐑛𐑳𐑛𐑩𐑯𐑑	ˈdʌdənt	𐑛𐑳𐑟𐑩𐑯𐑑	ˈdʌzənt	high	
doesn't	𐑛𐑳𐑯𐑑	ˈdʌnt	𐑛𐑳𐑟𐑩𐑯𐑑	ˈdʌzənt	high	
doff	𐑛𐑷𐑓	dɔːf	𐑛𐑪𐑓	dɒf	high	
dog-eared	𐑛𐑪𐑜-	ˈdɒɡ-	𐑛𐑪𐑜-𐑽𐑛	ˈdɒɡ-ɪəRd	medium	r_gap:spelling=1,ipa=0
dog-eared	𐑛𐑪𐑜𐑽𐑛	dɒɡɪəRd	𐑛𐑪𐑜-𐑽𐑛	ˈdɒɡ-ɪəRd	high	
dog-eared	𐑛𐑷𐑜𐑽𐑛	ˈdɔːɡˌɪərd	𐑛𐑪𐑜-𐑽𐑛	ˈdɒɡ-ɪəRd	high	
doge	𐑛𐑪𐑜𐑦	ˈdɒɡi	𐑛𐑴𐑡	dəʊdʒ	high	
doge	𐑛𐑴𐑜	dəʊɡ	𐑛𐑴𐑡	dəʊdʒ	high	
doge	𐑛𐑴𐑜𐑦	ˈdəʊɡi	𐑛𐑴𐑡	dəʊdʒ	high	
doge	𐑛𐑴𐑠	dəʊʒ	𐑛𐑴𐑡	dəʊdʒ	high	
doge	𐑛𐑴𐑡𐑱	ˈdəʊdʒeɪ	𐑛𐑴𐑡	dəʊdʒ	high	
dogged	𐑛𐑷𐑜𐑛	dɔːɡd	𐑛𐑪𐑜𐑛, 𐑛𐑪𐑜𐑩𐑛	dɒɡd	high	
dogged	𐑛𐑷𐑜𐑩𐑛	ˈdɔːɡƏd	𐑛𐑪𐑜𐑛, 𐑛𐑪𐑜𐑩𐑛	dɒɡd	high	
doggedly	𐑛𐑷𐑜𐑩𐑛𐑤𐑦	ˈdɔːɡədli	𐑛𐑪𐑜𐑩𐑛𐑤𐑦	ˈdɒɡƏdli	high	
doggedness	𐑛𐑷𐑜𐑦𐑛𐑯𐑩𐑕	ˈdɔːɡɪdˌnəs	𐑛𐑪𐑜𐑩𐑛𐑯𐑩𐑕	ˈdɒɡƏdnəs	high	
dogging	𐑛𐑷𐑜𐑦𐑙	ˈdɔːɡɪŋ	𐑛𐑪𐑜𐑦𐑙	ˈdɒɡɪŋ	high	
doggo	𐑛𐑪-	ˈdɒ-	𐑛𐑪𐑜𐑴	ˈdɒɡəʊ	high	
doggo	𐑛𐑷𐑜𐑴	ˈdɔːɡoʊ	𐑛𐑪𐑜𐑴	ˈdɒɡəʊ	high	
doggy	𐑛𐑷𐑜𐑦	ˈdɔːɡi	𐑛𐑪𐑜𐑦	ˈdɒɡi	high	
dogma	𐑛𐑷𐑜𐑥𐑩	ˈdɔːɡmə	𐑛𐑪𐑜𐑥𐑩	ˈdɒɡmə	high	
dogmatic	𐑛𐑷𐑜𐑥𐑨𐑑𐑦𐑒	dɔːɡˈmætɪk	𐑛𐑪𐑜𐑥𐑨𐑑𐑦𐑒	dɒɡˈmætɪk	high	
dogmatism	𐑛𐑷𐑜𐑥𐑩𐑑𐑦𐑟𐑩𐑥	ˈdɔːɡməˌtɪzəm	𐑛𐑪𐑜𐑥𐑩𐑑𐑦𐑟𐑩𐑥	ˈdɒɡmətɪzəm	high	
dogs	𐑛𐑷𐑜𐑟	dɔːɡz	𐑛𐑪𐑜𐑟	dɒɡz	high	
dogsbody	𐑛𐑷𐑜𐑟𐑚𐑪𐑛𐑦	ˈdɔːɡzbɒdi	𐑛𐑪𐑜𐑟𐑚𐑪𐑛𐑦	ˈdɒɡzbɒdi	high	
dole	𐑛𐑪𐑤	dol	𐑛𐑴𐑤	dəʊl	high	
dollar	𐑛𐑹𐑤𐑼	dɔːRləR	𐑛𐑪𐑤𐑼	ˈdɒləR	high	
dollars	𐑛𐑹𐑤𐑼𐑟	dɔːRləRz	𐑛𐑪𐑤𐑼𐑟	ˈdɒləRz	high	
dolmen	𐑛𐑪𐑤-	ˈdɒl-	𐑛𐑪𐑤𐑥𐑧𐑯	ˈdɒlmen	high	
dolmen	𐑛𐑴𐑤𐑥𐑩𐑯	ˈdəʊlmən	𐑛𐑪𐑤𐑥𐑧𐑯	ˈdɒlmen	high	
dolmen	𐑛𐑷𐑤-	ˈdɔːl-	𐑛𐑪𐑤𐑥𐑧𐑯	ˈdɒlmen	high	
dolour	𐑛𐑴𐑤𐑼	dəʊləR	𐑛𐑪𐑤𐑼	ˈdɒləR	high	
dolt	𐑛𐑪𐑤𐑑	dɒlt	𐑛𐑴𐑤𐑑	dəʊlt	high	
domain	𐑛𐑩𐑥𐑱𐑯	dəˈmeɪn	𐑛𐑴𐑥𐑱𐑯	dəʊˈmeɪn	high	
domicile	𐑛𐑪𐑥𐑦𐑕𐑦𐑤	ˈdɒmɪsɪl	𐑛𐑪𐑥𐑦𐑕𐑲𐑤	ˈdɒmɪsaɪl	high	
domiciliary	𐑛𐑪𐑥𐑦𐑕𐑦𐑤𐑘𐑼𐑦	dɒmɪsɪljəri	𐑛𐑪𐑥𐑦𐑕𐑦𐑤𐑽𐑦	ˌdɒmɪˈsɪlɪəri	high	
domiciliary	𐑛𐑪𐑥𐑦𐑕𐑦𐑤𐑦𐑼𐑦	dɒmɪsɪliəri	𐑛𐑪𐑥𐑦𐑕𐑦𐑤𐑽𐑦	ˌdɒmɪˈsɪlɪəri	high	
domiciliary	𐑛𐑴𐑥𐑦𐑕𐑦𐑤𐑘𐑼𐑦	ˌdoʊmɪˈsɪljəri	𐑛𐑪𐑥𐑦𐑕𐑦𐑤𐑽𐑦	ˌdɒmɪˈsɪlɪəri	high	
domiciliary	𐑛𐑴𐑥𐑦𐑕𐑦𐑤𐑦𐑧𐑮𐑦	ˌdoʊmɪˈsɪlieri	𐑛𐑪𐑥𐑦𐑕𐑦𐑤𐑽𐑦	ˌdɒmɪˈsɪlɪəri	high	
dominant	𐑛𐑪𐑥𐑩𐑯𐑩𐑯𐑑	ˈdɒmənənt	𐑛𐑪𐑥𐑦𐑯𐑩𐑯𐑑	ˈdɒmɪnənt	high	
dominate	𐑛𐑪𐑥𐑩𐑯𐑩𐑑	ˈdɒmənət	𐑛𐑪𐑥𐑦𐑯𐑱𐑑	ˈdɒmɪneɪt	high	
dominate	𐑛𐑪𐑥𐑩𐑯𐑱𐑑	ˈdɒməˌneɪt	𐑛𐑪𐑥𐑦𐑯𐑱𐑑	ˈdɒmɪneɪt	high	
dominate	𐑛𐑭𐑥𐑩𐑯𐑩𐑑	ˈdɑːmənət	𐑛𐑪𐑥𐑦𐑯𐑱𐑑	ˈdɒmɪneɪt	high	
dominated	𐑛𐑪𐑥𐑩𐑯𐑱𐑑𐑩𐑛	ˈdɒməˌneɪtƏd	𐑛𐑪𐑥𐑦𐑯𐑱𐑑𐑩𐑛	ˈdɒmɪneɪtƏd	high	
domination	𐑛𐑪𐑥𐑩𐑯𐑱𐑖𐑩𐑯	ˌdɒməˈneɪʃən	𐑛𐑪𐑥𐑦𐑯𐑱𐑖𐑩𐑯	ˌdɒmɪˈneɪʃən	high	
domination	𐑛𐑭𐑥𐑩𐑯𐑱𐑖𐑩𐑯	ˌdɑːməˈneɪʃən	𐑛𐑪𐑥𐑦𐑯𐑱𐑖𐑩𐑯	ˌdɒmɪˈneɪʃən	high	
domineer	𐑛𐑭𐑥𐑦𐑯𐑦𐑮	ˈdɑːmɪnˌɪr	𐑛𐑪𐑥𐑦𐑯𐑽	ˌdɒmɪˈnɪəR	high	
dominica	𐑛𐑪𐑥𐑦𐑯𐑰𐑒𐑩	ˌdɒmɪˈniːkə	𐑛𐑩𐑥𐑦𐑯𐑦𐑒𐑩	dəˈmɪnɪkə	high	
dominican	𐑛𐑪𐑥𐑦𐑯𐑦𐑒𐑩𐑯	ˌdɒmɪˈnikən	𐑛𐑩𐑥𐑦𐑯𐑦𐑒𐑩𐑯	dəˈmɪnɪkən	high	
dominican	𐑛𐑪𐑥𐑦𐑯𐑰𐑒𐑩𐑯	ˌdɒmɪˈniːkən	𐑛𐑩𐑥𐑦𐑯𐑦𐑒𐑩𐑯	dəˈmɪnɪkən	high	
domino	𐑛𐑪𐑥𐑩𐑯𐑴	ˈdɒməˌnoʊ	𐑛𐑪𐑥𐑦𐑯𐑴	ˈdɒmɪnəʊ	high	
don't	𐑛𐑴𐑯	doʊn	𐑛𐑴𐑯𐑑	dəʊnt	high	
donated	𐑛𐑩𐑯𐑱𐑑𐑩𐑛	dəˈneɪtƏd	𐑛𐑴𐑯𐑱𐑑𐑩𐑛	dəʊˈneɪtƏd	high	
doncaster	𐑛𐑪𐑯𐑒𐑨𐑕𐑑𐑼	dɒnkæstər	𐑛𐑪𐑙𐑒𐑨𐑕𐑑𐑼	ˈdɒŋkæstəR	high	
donegal	𐑛𐑪𐑯𐑦𐑜𐑩𐑤	ˈdɒnɪɡəl	𐑛𐑪𐑯𐑦𐑜𐑷𐑤	ˈdɒnɪɡɔːl	high	
donegal	𐑛𐑳𐑯𐑦𐑜𐑷𐑤	ˈdʌnɪɡɔːl	𐑛𐑪𐑯𐑦𐑜𐑷𐑤	ˈdɒnɪɡɔːl	high	
doner	𐑛𐑳𐑯𐑼	dʌnəR	𐑛𐑪𐑯𐑼	ˈdɒnəR	high	
doner	𐑛𐑴𐑯𐑼	ˈdoʊnəR	𐑛𐑪𐑯𐑼	ˈdɒnəR	high	
doodle	𐑛𐑫𐑛𐑩𐑤	ˈdudəl	𐑛𐑵𐑛𐑩𐑤	ˈduːdəl	high	
door	𐑛𐑪𐑮	dor	𐑛𐑹	dɔːR	high	
dopamine	𐑛𐑴𐑐𐑩𐑥𐑦𐑯	ˈdoʊpəˌmin	𐑛𐑴𐑐𐑩𐑥𐑰𐑯	ˈdəʊpəmiːn	high	
doris	𐑛𐑹𐑦𐑕	ˈdɔːRɪs	𐑛𐑪𐑮𐑦𐑕	ˈdɒrɪs	high	
dormitory	𐑛𐑹𐑥𐑦𐑑𐑮𐑦	dɔːRmɪtri	𐑛𐑹𐑥𐑦𐑑𐑼𐑦	ˈdɔːRmɪtəri	high	
dormitory	𐑛𐑹𐑥𐑦𐑑𐑹𐑦	ˈdɔːRmɪˌtɔːRi	𐑛𐑹𐑥𐑦𐑑𐑼𐑦	ˈdɔːRmɪtəri	high	
dorothy	𐑛𐑹𐑔𐑦	ˈdɔːRθi	𐑛𐑪𐑮𐑩𐑔𐑦	ˈdɒrəθi	high	
dorothy	𐑛𐑹𐑩𐑔𐑦	ˈdɔːRəθi	𐑛𐑪𐑮𐑩𐑔𐑦	ˈdɒrəθi	high	
dorset	𐑛𐑹𐑕𐑦𐑑	dɔːRsɪt	𐑛𐑹𐑕𐑩𐑑	ˈdɔːRsət	high	
dos	𐑛𐑴𐑟	dəʊz	𐑛𐑵𐑟	duːz	high	
dossier	-𐑕𐑦𐑼	-siəR	𐑛𐑪𐑕𐑦𐑱	ˈdɒsieɪ	high	
dossier	𐑛𐑪𐑕𐑘𐑱	ˈdɒsjeɪ	𐑛𐑪𐑕𐑦𐑱	ˈdɒsieɪ	medium	r_gap:spelling=1,ipa=0
dossier	𐑛𐑷𐑕𐑘𐑱	ˈdɔːsjeɪ	𐑛𐑪𐑕𐑦𐑱	ˈdɒsieɪ	medium	r_gap:spelling=1,ipa=0
dossier	𐑛𐑷𐑕𐑦𐑱	ˈdɔːsieɪ	𐑛𐑪𐑕𐑦𐑱	ˈdɒsieɪ	medium	r_gap:spelling=1,ipa=0
dotard	𐑛𐑴𐑑𐑸𐑛	dəʊtɑːRd	𐑛𐑴𐑑𐑼𐑛	ˈdəʊtəRd	high	
double-jointed	-𐑑𐑩𐑛	-tƏd	𐑛𐑳𐑚𐑩𐑤-𐑡𐑶𐑯𐑑𐑩𐑛	ˌdʌbəl-ˈdʒɔɪntƏd	high	
double-jointed	𐑛𐑳𐑚𐑩𐑤𐑡𐑶𐑯𐑑𐑩𐑛	ˌdʌbəlˈdʒɔɪntƏd	𐑛𐑳𐑚𐑩𐑤-𐑡𐑶𐑯𐑑𐑩𐑛	ˌdʌbəl-ˈdʒɔɪntƏd	high	
double-quick	𐑛𐑳𐑚𐑩𐑤𐑒𐑢𐑦𐑒	ˌdʌbəlˈkwɪk	𐑛𐑳𐑚𐑩𐑤-𐑒𐑢𐑦𐑒	ˌdʌbəl-ˈkwɪk	high	
doughty	-𐑑𐑦	-ti	𐑛𐑬𐑑𐑦	ˈdaʊti	high	
dour	𐑛𐑫𐑮	ˈdʊr	𐑛𐑫𐑼	dʊəR	high	
dour	𐑛𐑬𐑼	daʊəR	𐑛𐑫𐑼	dʊəR	high	
dovecote	𐑛𐑳𐑝𐑒𐑪𐑑	ˈdʌvkɒt	𐑛𐑳𐑝𐑒𐑩𐑑	ˈdʌvkət	high	
dowager	𐑛𐑬𐑼𐑡𐑼	daʊəRdʒəR	𐑛𐑬𐑩𐑡𐑼	ˈdaʊədʒəR	high	
dower	𐑛𐑨𐑢𐑼	ˈdawəR	𐑛𐑬𐑼	ˈdaʊəR	high	
down-to-earth	𐑛𐑬𐑯𐑑𐑩𐑼𐑔	ˌdaʊntəˈəRθ	𐑛𐑬𐑯-𐑑-𐑻𐑔	ˌdaʊn-T-ˈɜːRθ	high	
downcast	-𐑒𐑨𐑕𐑑	-kæst	𐑛𐑬𐑯𐑒𐑨𐑕𐑑, 𐑛𐑬𐑯𐑒𐑭𐑕𐑑	ˈdaʊnkⱭːst	high	
downstairs	𐑛𐑬𐑯𐑕𐑑𐑧𐑮𐑟	daʊnˈsterz	𐑛𐑬𐑯𐑕𐑑𐑺𐑟	ˌdaʊnˈsteəRz	high	
draconian	𐑛𐑮𐑨𐑒𐑴𐑯𐑦𐑩𐑯	drækəʊniən	𐑛𐑮𐑩𐑒𐑴𐑯𐑾𐑯	drəˈkəʊnɪən	high	
draconian	𐑛𐑮𐑩𐑒𐑴𐑯𐑦𐑩𐑯	drəkəʊniən	𐑛𐑮𐑩𐑒𐑴𐑯𐑾𐑯	drəˈkəʊnɪən	high	
dragoon	𐑛𐑮𐑨𐑜𐑫𐑯	ˌdræˈɡun	𐑛𐑮𐑩𐑜𐑵𐑯	drəˈɡuːn	high	
dragoon	𐑛𐑮𐑩𐑜𐑫𐑯	drəˈɡun	𐑛𐑮𐑩𐑜𐑵𐑯	drəˈɡuːn	high	
drain	𐑛𐑮𐑰𐑯	driːn	𐑛𐑮𐑱𐑯	dreɪn	high	
drama	𐑛𐑮𐑪𐑥𐑩	ˈdrɒmə	𐑛𐑮𐑨𐑥𐑩, 𐑛𐑮𐑭𐑥𐑩	ˈdrⱭːmə	high	
drastic	𐑛𐑮𐑭𐑕𐑑𐑦𐑒	drɑːstɪk	𐑛𐑮𐑨𐑕𐑑𐑦𐑒	ˈdræstɪk	high	
drawback	𐑡𐑮𐑷𐑚𐑨𐑒	ˈdʒrɔːˌbæk	𐑛𐑮𐑷𐑚𐑨𐑒	ˈdrɔːbæk	high	
drawback	𐑡𐑮𐑹𐑚𐑨𐑒	ˈdʒrɔːRˌbæk	𐑛𐑮𐑷𐑚𐑨𐑒	ˈdrɔːbæk	high	
drawer	𐑛𐑮𐑹𐑼	drɔːrər	𐑛𐑮𐑷𐑼, 𐑛𐑮𐑹	ˈdrɔːəR	high	
drawers	𐑛𐑮𐑷𐑟	drɔːz	𐑛𐑮𐑹𐑟	drɔːRz	medium	r_gap:spelling=2,ipa=1; shave_says:𐑛𐑮𐑷𐑼𐑟
drawers	𐑡𐑮-	dʒr-	𐑛𐑮𐑹𐑟	drɔːRz	medium	r_gap:spelling=2,ipa=1; shave_says:𐑛𐑮𐑷𐑼𐑟
drawing	𐑛𐑮𐑪𐑦𐑙	ˈdrɒɪŋ	𐑛𐑮𐑷𐑦𐑙	ˈdrɔːɪŋ	high	
drawing	𐑛𐑮𐑶𐑙	drɔɪŋ	𐑛𐑮𐑷𐑦𐑙	ˈdrɔːɪŋ	high	
drawing	𐑛𐑮𐑹𐑦𐑙	drɔːrɪŋ	𐑛𐑮𐑷𐑦𐑙	ˈdrɔːɪŋ	high	
drawings	𐑛𐑮𐑶𐑙𐑟	ˈdrɔɪŋz	𐑛𐑮𐑷𐑦𐑙𐑟	ˈdrɔːɪŋz	high	
drawings	𐑛𐑮𐑹𐑦𐑙𐑟	drɔːrɪŋz	𐑛𐑮𐑷𐑦𐑙𐑟	ˈdrɔːɪŋz	high	
dreamer	𐑛𐑮𐑦𐑥𐑼	ˈdriməR	𐑛𐑮𐑰𐑥𐑼	ˈdriːməR	high	
dreamer	𐑡𐑮𐑦𐑥𐑼	dʒriməR	𐑛𐑮𐑰𐑥𐑼	ˈdriːməR	high	
dreamlike	𐑛𐑮𐑦𐑥𐑤𐑲𐑒	ˈdrimlaɪk	𐑛𐑮𐑰𐑥𐑤𐑲𐑒	ˈdriːmlaɪk	high	
drear	𐑛𐑮𐑦𐑮	drɪr	𐑛𐑮𐑽	drɪəR	high	
drearily	𐑛𐑮𐑦𐑮𐑦𐑤𐑦	ˈdrɪrɪli	𐑛𐑮𐑽𐑦𐑤𐑦	ˈdrɪərɪli	high	
dreary	𐑛𐑮𐑦𐑮𐑦	ˈdriri	𐑛𐑮𐑽𐑦	ˈdrɪəri	high	
dribble	𐑛𐑮𐑦𐑚𐑤	ˈdrɪbl	𐑛𐑮𐑦𐑚𐑩𐑤	ˈdrɪbəl	high	
drier	𐑡𐑮𐑲𐑼	ˈdʒraɪəR	𐑛𐑮𐑲𐑼	ˈdraɪəR	high	
dromedary	-𐑛𐑮𐑦	-dri	𐑛𐑮𐑪𐑥𐑩𐑛𐑼𐑦	ˈdrɒmədəri	medium	r_gap:spelling=2,ipa=1; shave_says:𐑛𐑮𐑪𐑥𐑩𐑛𐑼𐑦
dromedary	-𐑥𐑩-	-mə-	𐑛𐑮𐑪𐑥𐑩𐑛𐑼𐑦	ˈdrɒmədəri	medium	r_gap:spelling=2,ipa=0; shave_says:𐑛𐑮𐑪𐑥𐑩𐑛𐑼𐑦
dromedary	𐑛𐑮𐑪𐑥𐑦𐑛𐑼𐑦	drɒmɪdəri	𐑛𐑮𐑪𐑥𐑩𐑛𐑼𐑦	ˈdrɒmədəri	high	
dromedary	𐑛𐑮𐑪𐑥𐑩𐑛𐑧𐑮𐑦	ˈdrɒməˌderi	𐑛𐑮𐑪𐑥𐑩𐑛𐑼𐑦	ˈdrɒmədəri	high	
dromedary	𐑛𐑮𐑳-	drʌ-	𐑛𐑮𐑪𐑥𐑩𐑛𐑼𐑦	ˈdrɒmədəri	medium	r_gap:spelling=2,ipa=1; shave_says:𐑛𐑮𐑪𐑥𐑩𐑛𐑼𐑦
drop	𐑡𐑮𐑪𐑐	dʒrɒp	𐑛𐑮𐑪𐑐	drɒp	high	
dropped	𐑡𐑮𐑪𐑐𐑑	dʒrɒpt	𐑛𐑮𐑪𐑐𐑑	drɒpt	high	
drops	𐑡𐑮𐑪𐑐𐑕	dʒrɒps	𐑛𐑮𐑪𐑐𐑕	drɒps	high	
dross	𐑛𐑮𐑷𐑕	drɔːs	𐑛𐑮𐑪𐑕	drɒs	high	
drugget	𐑛𐑮𐑳𐑜𐑦𐑑	drʌɡɪt	𐑛𐑮𐑳𐑜𐑩𐑑	ˈdrʌɡIt	high	
drugstore	𐑛𐑮𐑳𐑜𐑕𐑑𐑪𐑮	ˈdrʌɡstor	𐑛𐑮𐑳𐑜𐑕𐑑𐑹	ˈdrʌɡstɔːR	high	
dryer	𐑡𐑮𐑲𐑼	ˈdʒraɪəR	𐑛𐑮𐑲𐑼	ˈdraɪəR	high	
dual	𐑛𐑘𐑫𐑩𐑤	ˈdjuəl	𐑛𐑵𐑩𐑤, 𐑛𐑿𐑩𐑤	ˈdjuːəl	high	
dual	𐑛𐑫𐑤	ˈdul	𐑛𐑵𐑩𐑤, 𐑛𐑿𐑩𐑤	ˈdjuːəl	high	
dubious	-𐑚𐑘𐑩𐑕	-bjəs	𐑛𐑵𐑚𐑾𐑕, 𐑛𐑿𐑚𐑾𐑕	ˈdjuːbɪəs	high	
dubious	𐑛𐑫𐑚𐑦𐑩𐑕	ˈdubiəs	𐑛𐑵𐑚𐑾𐑕, 𐑛𐑿𐑚𐑾𐑕	ˈdjuːbɪəs	high	
dubious	𐑛𐑿𐑚𐑦𐑩𐑕	ˈdjuːbiəs	𐑛𐑵𐑚𐑾𐑕, 𐑛𐑿𐑚𐑾𐑕	ˈdjuːbɪəs	high	
dubious	𐑡𐑵𐑚𐑦𐑩𐑕	ˈdʒuːbiəs	𐑛𐑵𐑚𐑾𐑕, 𐑛𐑿𐑚𐑾𐑕	ˈdjuːbɪəs	high	
dubiously	𐑛𐑫𐑚𐑦𐑩𐑕𐑤𐑦	ˈdubiəsli	𐑛𐑵𐑚𐑾𐑕𐑤𐑦, 𐑛𐑿𐑚𐑾𐑕𐑤𐑦	ˈdjuːbɪəsli	high	
duckweed	𐑛𐑳𐑒𐑢𐑦𐑛	ˈdʌkˌwid	𐑛𐑳𐑒𐑢𐑰𐑛	ˈdʌkwiːd	high	
ductile	𐑛𐑳𐑒𐑑𐑩𐑤	ˈdʌktəl	𐑛𐑳𐑒𐑑𐑲𐑤	ˈdʌktaɪl	high	
ductility	𐑛𐑳𐑒𐑑𐑦𐑤𐑦𐑛𐑦	dʌkˈtɪlɪdi	𐑛𐑳𐑒𐑑𐑦𐑤𐑦𐑑𐑦	dʌkˈtɪlɪti	high	
dude	𐑛𐑿𐑛	djuːd	𐑛𐑵𐑛	duːd	high	
duel	𐑛𐑘𐑫𐑩𐑤	ˈdjuəl	𐑛𐑵𐑩𐑤, 𐑛𐑿𐑩𐑤	ˈdjuːəl	high	
duel	𐑛𐑫𐑤	ˈdul	𐑛𐑵𐑩𐑤, 𐑛𐑿𐑩𐑤	ˈdjuːəl	high	
dues	𐑛𐑫𐑟	duz	𐑛𐑵𐑟, 𐑛𐑿𐑟	djuːz	high	
dugong	𐑛𐑫𐑜𐑪𐑙	ˈduɡɒŋ	𐑛𐑵𐑜𐑪𐑙	ˈduːɡɒŋ	high	
dugong	𐑛𐑿𐑜𐑪𐑙	ˈdjuːɡɒŋ	𐑛𐑵𐑜𐑪𐑙	ˈduːɡɒŋ	high	
duisburg	𐑛𐑿𐑟𐑚𐑻𐑜	ˈdjuːzbɜːRɡ	𐑛𐑵𐑕𐑚𐑻𐑜, 𐑛𐑿𐑕𐑚𐑻𐑜	ˈduːsbɜːRɡ	high	
dukedom	𐑛𐑘𐑫𐑒𐑛𐑩𐑥	ˈdjukdəm	𐑛𐑵𐑒𐑛𐑩𐑥, 𐑛𐑿𐑒𐑛𐑩𐑥	ˈdjuːkdəm	high	
dukedom	𐑛𐑫𐑒𐑛𐑩𐑥	ˈdukdəm	𐑛𐑵𐑒𐑛𐑩𐑥, 𐑛𐑿𐑒𐑛𐑩𐑥	ˈdjuːkdəm	high	
dukedom	𐑡𐑵𐑒𐑛𐑩𐑥	ˈdʒuːkdəm	𐑛𐑵𐑒𐑛𐑩𐑥, 𐑛𐑿𐑒𐑛𐑩𐑥	ˈdjuːkdəm	high	
duly	𐑛𐑫𐑤𐑦	ˈduli	𐑛𐑵𐑤𐑦, 𐑛𐑿𐑤𐑦	ˈdjuːli	high	
dunderhead	𐑛𐑳𐑯𐑛𐑩𐑣𐑧𐑛	dʌndəhed	𐑛𐑳𐑯𐑛𐑼𐑣𐑧𐑛	ˈdʌndəRhed	medium	r_gap:spelling=1,ipa=0; shave_says:𐑛𐑳𐑯𐑛𐑼𐑣𐑧𐑛
dunno	𐑛𐑳𐑯𐑴	ˈdʌnəʊ	𐑛𐑩𐑯𐑴	dəˈnəʊ	high	
duo	𐑛𐑘𐑫𐑴	ˈdjuoʊ	𐑛𐑵𐑴, 𐑛𐑿𐑴	ˈdjuːəʊ	high	
duo	𐑛𐑫𐑴	ˈduoʊ	𐑛𐑵𐑴, 𐑛𐑿𐑴	ˈdjuːəʊ	high	
duo	𐑡𐑵𐑴	ˈdʒuːəʊ	𐑛𐑵𐑴, 𐑛𐑿𐑴	ˈdjuːəʊ	high	
duodenal	𐑛𐑫𐑩𐑛𐑦𐑯𐑩𐑤	ˌduəˈdinəl	𐑛𐑵𐑴𐑛𐑰𐑯𐑩𐑤, 𐑛𐑿𐑴𐑛𐑰𐑯𐑩𐑤	ˌdjuːəʊˈdiːnəl	high	
duodenum	𐑛𐑫𐑩𐑛𐑦𐑯𐑩𐑥	ˌduəˈdinəm	𐑛𐑵𐑴𐑛𐑰𐑯𐑩𐑥, 𐑛𐑿𐑴𐑛𐑰𐑯𐑩𐑥	ˌdjuːəʊˈdiːnəm	high	
duodenum	𐑛𐑫𐑪𐑛𐑩𐑯𐑩𐑥	ˌduˈɒdənəm	𐑛𐑵𐑴𐑛𐑰𐑯𐑩𐑥, 𐑛𐑿𐑴𐑛𐑰𐑯𐑩𐑥	ˌdjuːəʊˈdiːnəm	high	
duplex	𐑛𐑫𐑐𐑤𐑧𐑒𐑕	ˈdupleks	𐑛𐑵𐑐𐑤𐑧𐑒𐑕, 𐑛𐑿𐑐𐑤𐑧𐑒𐑕	ˈdjuːpleks	high	
duplication	𐑛𐑘𐑫𐑐𐑤𐑦𐑒𐑱𐑖𐑩𐑯	djuplɪˈkeɪʃən	𐑛𐑵𐑐𐑤𐑦𐑒𐑱𐑖𐑩𐑯, 𐑛𐑿𐑐𐑤𐑦𐑒𐑱𐑖𐑩𐑯	ˌdjuːplɪˈkeɪʃən	high	
duplication	𐑡𐑵𐑐𐑤𐑦𐑒𐑱𐑖𐑩𐑯	dʒuːplɪˈkeɪʃən	𐑛𐑵𐑐𐑤𐑦𐑒𐑱𐑖𐑩𐑯, 𐑛𐑿𐑐𐑤𐑦𐑒𐑱𐑖𐑩𐑯	ˌdjuːplɪˈkeɪʃən	high	
durability	𐑛𐑼𐑩𐑚𐑦𐑤𐑩𐑑𐑦	dərəˈbɪləti	𐑛𐑘𐑫𐑼𐑩𐑚𐑦𐑤𐑦𐑑𐑦	ˌdjʊərəˈbɪlɪti	high	
durable	𐑛𐑫𐑮𐑩𐑚𐑩𐑤	ˈdʊrəbəl	𐑛𐑘𐑫𐑼𐑩𐑚𐑩𐑤	ˈdjʊərəbəl	high	
durable	𐑡𐑫𐑼𐑩𐑚𐑩𐑤	dʒʊərəbəl	𐑛𐑘𐑫𐑼𐑩𐑚𐑩𐑤	ˈdjʊərəbəl	high	
duration	𐑛𐑘𐑼𐑱𐑖𐑩𐑯	djəˈreɪʃən	𐑛𐑘𐑫𐑼𐑱𐑖𐑩𐑯	djʊəˈreɪʃən	high	
duration	𐑛𐑼𐑱𐑖𐑩𐑯	dəˈreɪʃən	𐑛𐑘𐑫𐑼𐑱𐑖𐑩𐑯	djʊəˈreɪʃən	high	
duress	𐑛𐑘𐑼𐑧𐑕	djəres	𐑛𐑘𐑫𐑼𐑧𐑕	djʊəˈres	high	
duress	𐑛𐑫𐑮𐑧𐑕	duˈres	𐑛𐑘𐑫𐑼𐑧𐑕	djʊəˈres	high	
duress	𐑡𐑫𐑮𐑧𐑕	dʒʊres	𐑛𐑘𐑫𐑼𐑧𐑕	djʊəˈres	high	
durham	𐑛𐑻𐑩𐑥	ˈdɜːRəm	𐑛𐑳𐑮𐑩𐑥	ˈdʌrəm	high	
durum	𐑛𐑳𐑮𐑩𐑥	dʌrəm	𐑛𐑘𐑫𐑼𐑩𐑥	ˈdjʊərəm	high	
durum	𐑛𐑿𐑮𐑩𐑥	djuːrəm	𐑛𐑘𐑫𐑼𐑩𐑥	ˈdjʊərəm	high	
duteous	𐑛𐑫𐑑𐑦𐑩𐑕	ˈdutiəs	𐑛𐑵𐑑𐑾𐑕, 𐑛𐑿𐑑𐑾𐑕	ˈdjuːtɪəs	high	
dynamite	𐑛𐑳𐑦𐑯𐑩𐑥𐑳𐑦𐑑	ˈdʌɪnəmʌɪt	𐑛𐑲𐑯𐑩𐑥𐑲𐑑	ˈdaɪnəmaɪt	high	
dynasty	𐑛𐑲𐑯𐑩𐑕𐑑𐑦	ˈdaɪnəsti	𐑛𐑦𐑯𐑩𐑕𐑑𐑦	ˈdɪnəsti	high	
dyne	𐑛𐑳𐑦𐑯	dʌɪn	𐑛𐑲𐑯	daɪn	high	
dysentery	𐑛𐑦𐑕𐑩𐑯𐑑𐑧𐑮𐑦	ˈdɪsənˌteri	𐑛𐑦𐑕𐑩𐑯𐑑𐑼𐑦	ˈdɪsəntəri	high	
dysentery	𐑛𐑦𐑕𐑩𐑯𐑑𐑮𐑦	dɪsəntri	𐑛𐑦𐑕𐑩𐑯𐑑𐑼𐑦	ˈdɪsəntəri	high	
dyspepsia	𐑛𐑦𐑕𐑐𐑧𐑐𐑕𐑦𐑩	dɪsˈpepsiə	𐑛𐑦𐑕𐑐𐑧𐑐𐑕𐑾	dɪsˈpepsɪə	high	
dyspnea	𐑛𐑦𐑕𐑐𐑯𐑦𐑩	ˈdɪspniə	𐑛𐑦𐑕𐑐𐑯𐑾	dɪspˈniːə	high	
dyspnea	𐑛𐑦𐑕𐑐𐑯𐑰𐑩	dɪspˈniːə	𐑛𐑦𐑕𐑐𐑯𐑾	dɪspˈniːə	high	
dystopian	𐑛𐑦𐑕𐑑𐑴𐑐𐑦𐑩𐑯	dɪsˈtoʊpiən	𐑛𐑦𐑕𐑑𐑴𐑐𐑾𐑯	dɪsˈtəʊpiən	high	
each	𐑦𐑗	itʃ	𐑰𐑗	iːtʃ	high	
each other	𐑦𐑗𐑳𐑞𐑼	iˈtʃʌðəR	𐑰𐑗 𐑳𐑞𐑼	iːtʃ ˈʌðəR	high	
each other	𐑰𐑗𐑳𐑞𐑼	iːtʃʌðəR	𐑰𐑗 𐑳𐑞𐑼	iːtʃ ˈʌðəR	high	
eager	𐑦𐑜𐑩	ˈɪɡə	𐑰𐑜𐑼	ˈiːɡəR	medium	r_gap:spelling=1,ipa=0
eager	𐑦𐑜𐑼	ˈiɡəR	𐑰𐑜𐑼	ˈiːɡəR	high	
eagerly	𐑦𐑜𐑼𐑤𐑦	ˈiɡəRli	𐑰𐑜𐑼𐑤𐑦	ˈiːɡəRli	high	
eagerly	𐑰𐑜𐑩𐑤𐑦	iːɡəli	𐑰𐑜𐑼𐑤𐑦	ˈiːɡəRli	medium	r_gap:spelling=1,ipa=0; shave_says:𐑰𐑜𐑼𐑤𐑦
eagerness	𐑦𐑜𐑼𐑯𐑩𐑕	ˈiɡəRnəs	𐑰𐑜𐑼𐑯𐑩𐑕	ˈiːɡəRnəs	high	
eagerness	𐑰𐑜𐑩𐑯𐑩𐑕	iːɡənəs	𐑰𐑜𐑼𐑯𐑩𐑕	ˈiːɡəRnəs	medium	r_gap:spelling=1,ipa=0; shave_says:𐑰𐑜𐑼𐑯𐑩𐑕
ear	𐑦𐑮	ir	𐑽	ɪəR	high	
ear	𐑦𐑼	iəR	𐑽	ɪəR	high	
ear	𐑰𐑼	iːəR	𐑽	ɪəR	high	
earache	𐑦𐑮𐑱𐑒	ˈireɪk	𐑽𐑱𐑒	ˈɪəreɪk	high	
eardrum	𐑦𐑼𐑛𐑮𐑳𐑥	ˈiəRˌdrʌm	𐑽𐑛𐑮𐑳𐑥	ˈɪəRdrʌm	high	
earful	𐑦𐑮𐑓𐑩𐑤	ˈɪrfəl	𐑽𐑓𐑫𐑤	ˈɪəRfʊl	high	
earful	𐑦𐑮𐑓𐑫𐑤	ˈɪrfʊl	𐑽𐑓𐑫𐑤	ˈɪəRfʊl	high	
earful	𐑽𐑓𐑩𐑤	ɪərfəl	𐑽𐑓𐑫𐑤	ˈɪəRfʊl	high	
earldom	𐑼𐑤𐑛𐑩𐑥	ˈərldəm	𐑻𐑤𐑛𐑩𐑥	ˈɜːRldəm	high	
earlier	𐑻𐑤𐑽	ɜːRlɪəR	𐑻𐑤𐑦𐑼	ˈɜːRlɪəR	high	
earliest	𐑻𐑤𐑦𐑦𐑕𐑑	ˈɜːRliɪst	𐑻𐑤𐑦𐑩𐑕𐑑	ˈɜːRliəst	high	
earnest	𐑻𐑯𐑦𐑕𐑑	ˈɜːRnɪst	𐑻𐑯𐑩𐑕𐑑	ˈɜːRnəst	high	
earnestly	𐑻𐑯𐑦𐑕𐑑𐑤𐑦	ˈɜːRnɪstli	𐑻𐑯𐑩𐑕𐑑𐑤𐑦	ˈɜːRnəstli	high	
earnestness	𐑻𐑯𐑦𐑕𐑑𐑯𐑩𐑕	ˈɜːRnɪstnəs	𐑻𐑯𐑩𐑕𐑑𐑯𐑩𐑕	ˈɜːRnəstnəs	high	
earpiece	𐑦𐑮𐑐𐑰𐑕	ˈɪrpiːs	𐑽𐑐𐑰𐑕	ˈɪəRpiːs	high	
earring	𐑦𐑮𐑦𐑙	ˈɪrɪŋ	𐑽𐑮𐑦𐑙	ˈɪəRrɪŋ	medium	r_gap:spelling=2,ipa=1
earring	𐑽𐑦𐑙	ɪərɪŋ	𐑽𐑮𐑦𐑙	ˈɪəRrɪŋ	medium	r_gap:spelling=2,ipa=1; shave_says:𐑽𐑮𐑦𐑙
ears	𐑦𐑮𐑟	ɪrz	𐑽𐑟	ɪəRz	high	
earshot	𐑦𐑮𐑖𐑪𐑑	ˈɪrˌʃɒt	𐑽𐑖𐑪𐑑	ˈɪəRʃɒt	high	
earthen	𐑻𐑞𐑩𐑯	ɜːrðən	𐑻𐑔𐑩𐑯	ˈɜːRθən	high	
earwax	𐑦𐑮𐑢𐑨𐑒𐑕	ˈirwæks	𐑽𐑢𐑨𐑒𐑕	ˈɪəRwæks	high	
ease	𐑦𐑟	iz	𐑰𐑟	iːz	high	
easel	𐑦𐑟𐑩𐑤	ˈizəl	𐑰𐑟𐑩𐑤	ˈiːzəl	high	
easier	𐑦𐑟𐑦𐑼	ˈiziəR	𐑰𐑟𐑦𐑼	ˈiːzɪəR	high	
easily	𐑦𐑟𐑦𐑤𐑦	ˈizɪli	𐑰𐑟𐑦𐑤𐑦	ˈiːzɪli	high	
easily	𐑦𐑟𐑩𐑤𐑦	ˈizəli	𐑰𐑟𐑦𐑤𐑦	ˈiːzɪli	high	
easily	𐑰𐑟𐑤𐑦	ˈiːzli	𐑰𐑟𐑦𐑤𐑦	ˈiːzɪli	high	
easter	𐑦𐑕𐑑𐑼	ˈistər	𐑰𐑕𐑑𐑼	ˈiːstəR	high	
easterly	𐑰𐑕𐑑𐑩𐑤𐑦	iːstəli	𐑰𐑕𐑑𐑼𐑤𐑦	ˈiːstəRli	medium	r_gap:spelling=1,ipa=0; shave_says:𐑰𐑕𐑑𐑼𐑤𐑦
eastern	𐑦𐑕𐑑𐑼𐑯	ˈistəRn	𐑰𐑕𐑑𐑼𐑯	ˈiːstəRn	high	
eastward	𐑦𐑕𐑑𐑢𐑼𐑛	ˈistwəRd	𐑰𐑕𐑑𐑢𐑼𐑛	ˈiːstwəRd	high	
easy	𐑦𐑟𐑦	ˈizi	𐑰𐑟𐑦	ˈiːzi	high	
eat	𐑦𐑑	it	𐑰𐑑	iːt	high	
eating	𐑦𐑑𐑦𐑙	ˈitɪŋ	𐑰𐑑𐑦𐑙	ˈiːtɪŋ	high	
eaves	𐑦𐑝𐑟	ivz	𐑰𐑝𐑟	iːvz	high	
eavesdrop	𐑦𐑝𐑟𐑛𐑮𐑪𐑐	ˈivzˌdrɒp	𐑰𐑝𐑟𐑛𐑮𐑪𐑐	ˈiːvzdrɒp	high	
eavesdropping	𐑦𐑝𐑕𐑛𐑮𐑪𐑐𐑦𐑙	ˈivsˌdrɒpiŋ	𐑰𐑝𐑟𐑛𐑮𐑪𐑐𐑦𐑙	ˈiːvzdrɒpɪŋ	high	
ebullience	-𐑚𐑩𐑤-	-ˈbəl-	𐑦𐑚𐑳𐑤𐑾𐑯𐑕	ɪˈbʌlɪəns	high	
ebullience	-𐑚𐑳𐑤-	-ˈbʌl-	𐑦𐑚𐑳𐑤𐑾𐑯𐑕	ɪˈbʌlɪəns	high	
ebullience	𐑦𐑚𐑫𐑤𐑘𐑩𐑯𐑕	ɪˈbʊljəns	𐑦𐑚𐑳𐑤𐑾𐑯𐑕	ɪˈbʌlɪəns	high	
ebullience	𐑦𐑚𐑫𐑤𐑦𐑩𐑯𐑕	ɪˈbʊliəns	𐑦𐑚𐑳𐑤𐑾𐑯𐑕	ɪˈbʌlɪəns	high	
ecarte	𐑧𐑒𐑳𐑮𐑑𐑧	ekʌrˈte	𐑱𐑒𐑸𐑑𐑱	eɪˈkɑːRteɪ	high	
ecarte	𐑧𐑒𐑸𐑑𐑧	ekɑːRˈte	𐑱𐑒𐑸𐑑𐑱	eɪˈkɑːRteɪ	high	
eccentric	𐑧𐑒𐑕𐑧𐑯𐑑𐑮𐑦𐑒	ekˈsentrɪk	𐑦𐑒𐑕𐑧𐑯𐑑𐑮𐑦𐑒	ɪkˈsentrɪk	high	
eccentricity	𐑧𐑒𐑕𐑩𐑯𐑑𐑮𐑦𐑕𐑩𐑑𐑦	ˌeksənˈtrɪsəti	𐑧𐑒𐑕𐑧𐑯𐑑𐑮𐑦𐑕𐑦𐑑𐑦	ˌeksenˈtrɪsɪti	high	
ecclesiastical	𐑩𐑒𐑤𐑰𐑟𐑦𐑨𐑕𐑑𐑦𐑒𐑩𐑤	əˈkliːziˌæstɪkəl	𐑦𐑒𐑤𐑰𐑟𐑦𐑨𐑕𐑑𐑦𐑒𐑩𐑤	ɪˌkliːzɪˈæstɪkəl	high	
ecology	𐑦𐑒𐑪𐑤𐑩𐑡𐑦	ɪˈkɒlədʒi	𐑰𐑒𐑪𐑤𐑩𐑡𐑦	iːˈkɒlədʒi	high	
economic	𐑦𐑒𐑩𐑯𐑪𐑥𐑦𐑒	ˌikəˈnɒmɪk	𐑰𐑒𐑩𐑯𐑪𐑥𐑦𐑒	ˌiːkəˈnɒmɪk	high	
economic	𐑧𐑒𐑩𐑯𐑪𐑥𐑦𐑒	ˌekəˈnɒmɪk	𐑰𐑒𐑩𐑯𐑪𐑥𐑦𐑒	ˌiːkəˈnɒmɪk	high	
economical	𐑦𐑒𐑩𐑯𐑪𐑥𐑦𐑒𐑩𐑤	ˌikəˈnɒmɪkəl	𐑰𐑒𐑩𐑯𐑪𐑥𐑦𐑒𐑩𐑤	ˌiːkəˈnɒmɪkəl	high	
economical	𐑧𐑒𐑩𐑯𐑪𐑥𐑦𐑒𐑩𐑤	ˌekəˈnɒmɪkəl	𐑰𐑒𐑩𐑯𐑪𐑥𐑦𐑒𐑩𐑤	ˌiːkəˈnɒmɪkəl	high	
economically	𐑦𐑒𐑩𐑯𐑪𐑥𐑦𐑒𐑤𐑦	ˌikəˈnɒmɪkli	𐑰𐑒𐑩𐑯𐑪𐑥𐑦𐑒𐑤𐑦	ˌiːkəˈnɒmɪkli	high	
economically	𐑧𐑒𐑩𐑯𐑪𐑥𐑦𐑒𐑤𐑦	ˌekəˈnɒmɪkli	𐑰𐑒𐑩𐑯𐑪𐑥𐑦𐑒𐑤𐑦	ˌiːkəˈnɒmɪkli	high	
economics	𐑦𐑒𐑩𐑯𐑪𐑥𐑦𐑒𐑕	ˌikəˈnɒmɪks	𐑰𐑒𐑩𐑯𐑪𐑥𐑦𐑒𐑕	ˌiːkəˈnɒmɪks	high	
economics	𐑧𐑒𐑩𐑯𐑪𐑥𐑦𐑒𐑕	ˌekəˈnɒmɪks	𐑰𐑒𐑩𐑯𐑪𐑥𐑦𐑒𐑕	ˌiːkəˈnɒmɪks	high	
economist	𐑩𐑒𐑪𐑯𐑩𐑥𐑦𐑕𐑑	əˈkɒnəmɪst	𐑦𐑒𐑪𐑯𐑩𐑥𐑦𐑕𐑑	ɪˈkɒnəmɪst	high	
economist	𐑰𐑒𐑪𐑯𐑩𐑥𐑦𐑕𐑑	iːˈkɒnəmɪst	𐑦𐑒𐑪𐑯𐑩𐑥𐑦𐑕𐑑	ɪˈkɒnəmɪst	high	
economy	𐑩𐑒𐑪𐑯𐑩𐑥𐑦	əˈkɒnəmi	𐑦𐑒𐑪𐑯𐑩𐑥𐑦	ɪˈkɒnəmi	high	
economy	𐑰𐑒𐑪𐑯𐑩𐑥𐑦	iːˈkɒnəmi	𐑦𐑒𐑪𐑯𐑩𐑥𐑦	ɪˈkɒnəmi	high	
ecosystem	𐑦𐑒𐑴𐑕𐑦𐑕𐑑𐑩𐑥	ˈikoʊˌsɪstəm	𐑰𐑒𐑴𐑕𐑦𐑕𐑑𐑩𐑥	ˈiːkəʊsɪstəm	high	
ecumenical	𐑧𐑒𐑘𐑩𐑥𐑧𐑯𐑦𐑒𐑩𐑤	ˌekjəˈmenɪkəl	𐑰𐑒𐑿𐑥𐑧𐑯𐑦𐑒𐑩𐑤	ˌiːkjuːˈmenɪkəl	high	
ecumenical	𐑰𐑒𐑘𐑩𐑥𐑧𐑯𐑦𐑒𐑩𐑤	ˌiːkjəˈmenɪkəl	𐑰𐑒𐑿𐑥𐑧𐑯𐑦𐑒𐑩𐑤	ˌiːkjuːˈmenɪkəl	high	
eczema	𐑦𐑜𐑟𐑦𐑥𐑩	ɪɡˈzimə	𐑧𐑒𐑕𐑦𐑥𐑩	ˈeksɪmə	high	
eczema	𐑧𐑒𐑕𐑥𐑩	ˈeksmə	𐑧𐑒𐑕𐑦𐑥𐑩	ˈeksɪmə	high	
eczema	𐑧𐑒𐑕𐑩𐑥𐑩	ˈeksəmə	𐑧𐑒𐑕𐑦𐑥𐑩	ˈeksɪmə	high	
eczema	𐑧𐑜𐑟𐑥𐑩	ˈeɡzmə	𐑧𐑒𐑕𐑦𐑥𐑩	ˈeksɪmə	high	
eczema	𐑧𐑜𐑟𐑦𐑥𐑩	ˈeɡzɪmə	𐑧𐑒𐑕𐑦𐑥𐑩	ˈeksɪmə	high	
eczema	𐑧𐑜𐑟𐑩𐑥𐑩	ˈeɡzəmə	𐑧𐑒𐑕𐑦𐑥𐑩	ˈeksɪmə	high	
edible	𐑧𐑛𐑦𐑚𐑤	ˈedɪbl	𐑧𐑛𐑩𐑚𐑩𐑤	ˈedəbəl	high	
edible	𐑧𐑛𐑦𐑚𐑩𐑤	ˈedɪbəl	𐑧𐑛𐑩𐑚𐑩𐑤	ˈedəbəl	high	
edible	𐑧𐑛𐑩𐑚𐑤	ˈedəbl	𐑧𐑛𐑩𐑚𐑩𐑤	ˈedəbəl	high	
edinburgh	𐑧𐑛𐑦𐑯𐑚𐑮𐑩	edɪnbrə	𐑧𐑛𐑦𐑯𐑚𐑼𐑩	ˈedɪnbərə	high	
edinburgh	𐑧𐑛𐑦𐑯𐑚𐑳𐑮𐑩	ˈedɪnbʌrə	𐑧𐑛𐑦𐑯𐑚𐑼𐑩	ˈedɪnbərə	high	
edinburgh	𐑧𐑛𐑩𐑯𐑚𐑳𐑮𐑩	ˈedənbʌrə	𐑧𐑛𐑦𐑯𐑚𐑼𐑩	ˈedɪnbərə	high	
edinburgh	𐑧𐑛𐑩𐑯𐑚𐑻𐑩	ˈedənˌbɜːRə	𐑧𐑛𐑦𐑯𐑚𐑼𐑩	ˈedɪnbərə	high	
edinburgh	𐑧𐑛𐑩𐑯𐑚𐑼𐑩	edənbərə	𐑧𐑛𐑦𐑯𐑚𐑼𐑩	ˈedɪnbərə	high	
editor	𐑧𐑑𐑦𐑑𐑼	ˈetɪtəR	𐑧𐑛𐑦𐑑𐑼	ˈedɪtəR	high	
editorial	𐑧𐑛𐑦𐑑𐑹𐑦𐑩𐑤	ˌedɪˈtɔːRiəl	𐑧𐑛𐑦𐑑𐑹𐑾𐑤	ˌedɪˈtɔːrɪəl	high	
educate	𐑧𐑡𐑫𐑒𐑱𐑑	ˈedʒʊˌkeɪt	𐑧𐑡𐑩𐑒𐑱𐑑	ˈedʒəkeɪt	high	
educated	𐑧𐑛𐑿𐑒𐑱𐑑𐑩𐑛	ˈedjuːkeɪtƏd	𐑧𐑡𐑩𐑒𐑱𐑑𐑩𐑛	ˈedʒəkeɪtƏd	high	
education	𐑧𐑡𐑫𐑒𐑱𐑖𐑩𐑯	ˌedʒʊˈkeɪʃən	𐑧𐑡𐑩𐑒𐑱𐑖𐑩𐑯	ˌedʒəˈkeɪʃən	high	
educational	𐑧𐑡𐑫𐑒𐑱𐑖𐑩𐑯𐑩𐑤	ˌedʒʊˈkeɪʃənəl	𐑧𐑡𐑩𐑒𐑱𐑖𐑩𐑯𐑩𐑤	ˌedʒəˈkeɪʃənəl	high	
educator	𐑧𐑡𐑫𐑒𐑱𐑑𐑼	edʒʊkeɪtəR	𐑧𐑡𐑩𐑒𐑱𐑑𐑼	ˈedʒəkeɪtəR	high	
educe	𐑩-	ə-	𐑦𐑛𐑵𐑕, 𐑦𐑛𐑿𐑕	ɪˈdjuːs	high	
eerie	𐑦𐑮𐑦	ˈiri	𐑽𐑦	ˈɪəri	high	
eerily	𐑦𐑮𐑦𐑤𐑦	ˈɪrɪli	𐑽𐑦𐑤𐑦	ˈɪərɪli	high	
effectually	𐑦𐑓𐑧𐑒𐑑𐑘𐑩𐑩𐑤𐑦	ɪˈfektjəəli	𐑦𐑓𐑧𐑒𐑗𐑫𐑩𐑤𐑦	ɪˈfektʃuəli	high	
effectually	𐑦𐑓𐑧𐑒𐑗𐑵𐑩𐑤𐑦	ɪˈfektʃuːəli	𐑦𐑓𐑧𐑒𐑗𐑫𐑩𐑤𐑦	ɪˈfektʃuəli	high	
effectually	𐑰𐑓𐑧𐑒𐑗𐑫𐑼𐑤𐑦	iːˈfektʃʊəli	𐑦𐑓𐑧𐑒𐑗𐑫𐑩𐑤𐑦	ɪˈfektʃuəli	high	
effervescent	𐑧𐑓𐑩𐑝𐑧𐑕𐑩𐑯𐑑	efəvesənt	𐑧𐑓𐑼𐑝𐑧𐑕𐑩𐑯𐑑	ˌefəRˈvesənt	medium	r_gap:spelling=1,ipa=0; shave_says:𐑧𐑓𐑼𐑝𐑧𐑕𐑩𐑯𐑑
effete	𐑦𐑓𐑦𐑑	ɪˈfit	𐑦𐑓𐑰𐑑	ɪˈfiːt	high	
effete	𐑧𐑓𐑦𐑑	eˈfit	𐑦𐑓𐑰𐑑	ɪˈfiːt	high	
efficacious	𐑧𐑓𐑩𐑒𐑱𐑖𐑩𐑕	ˌefəˈkeɪʃəs	𐑧𐑓𐑦𐑒𐑱𐑖𐑩𐑕	ˌefɪˈkeɪʃəs	high	
efficient	𐑩𐑓𐑦𐑖𐑩𐑯𐑑	əˈfɪʃənt	𐑦𐑓𐑦𐑖𐑩𐑯𐑑	ɪˈfɪʃənt	high	
effluent	𐑧𐑓𐑤𐑵𐑩𐑯𐑑	ˈefluːənt	𐑧𐑓𐑤𐑫𐑩𐑯𐑑	ˈefluənt	high	
effortlessly	𐑧𐑓𐑩𐑑𐑤𐑩𐑕𐑤𐑦	efətləsli	𐑧𐑓𐑼𐑑𐑤𐑩𐑕𐑤𐑦	ˈefəRtləsli	medium	r_gap:spelling=1,ipa=0; shave_says:𐑧𐑓𐑼𐑑𐑤𐑩𐑕𐑤𐑦
effulgent	𐑧-	e-	𐑦𐑓𐑳𐑤𐑡𐑩𐑯𐑑	ɪˈfʌldʒənt	high	
egad	𐑦𐑜𐑨𐑛	iˈɡæd	𐑰𐑜𐑨𐑛	iːˈɡæd	high	
egalitarian	𐑦𐑜𐑨𐑤𐑦𐑑𐑧𐑮𐑦𐑩𐑯	ɪˌɡælɪˈteriən	𐑦𐑜𐑨𐑤𐑦𐑑𐑺𐑾𐑯	ɪˌɡælɪˈteərɪən	high	
egalitarian	𐑦𐑜𐑨𐑤𐑦𐑑𐑺𐑦𐑩𐑯	ɪɡælɪteəriən	𐑦𐑜𐑨𐑤𐑦𐑑𐑺𐑾𐑯	ɪˌɡælɪˈteərɪən	high	
ego	𐑦𐑜𐑴	ˈiɡoʊ	𐑰𐑜𐑴	ˈiːɡəʊ	high	
egocentric	𐑦𐑜𐑴𐑕𐑧𐑯𐑑𐑮𐑦𐑒	ˌiɡoʊˈsentrɪk	𐑰𐑜𐑴𐑕𐑧𐑯𐑑𐑮𐑦𐑒	ˌiːɡəʊˈsentrɪk	high	
egoism	𐑦𐑜𐑴𐑦𐑟𐑩𐑥	ˈiɡoʊˌɪzəm	𐑰𐑜𐑴𐑦𐑟𐑩𐑥	ˈiːɡəʊɪzəm	high	
egoistic	𐑦𐑜𐑴𐑦𐑕𐑑𐑦𐑒	ˌiɡoʊˈɪstɪk	𐑰𐑜𐑴𐑦𐑕𐑑𐑦𐑒	ˌiːɡəʊˈɪstɪk	high	
egotistic	𐑦𐑜𐑴𐑑𐑦𐑕𐑑𐑦𐑒	ˌiɡoʊˈtɪstɪk	𐑰𐑜𐑩𐑑𐑦𐑕𐑑𐑦𐑒	ˌiːɡəˈtɪstɪk	high	
egret	𐑦𐑜𐑮𐑦𐑑	ˈiɡrɪt	𐑰𐑜𐑮𐑩𐑑	ˈiːɡrət	high	
egret	𐑦𐑜𐑮𐑧𐑑	ˈiˌɡret	𐑰𐑜𐑮𐑩𐑑	ˈiːɡrət	high	
egret	𐑧𐑜𐑮𐑦𐑑	ˈeɡrɪt	𐑰𐑜𐑮𐑩𐑑	ˈiːɡrət	high	
egret	𐑰𐑜𐑮𐑦𐑑	iːɡrɪt	𐑰𐑜𐑮𐑩𐑑	ˈiːɡrət	high	
egypt	𐑦𐑡𐑦𐑐𐑑	ˈidʒɪpt	𐑰𐑡𐑦𐑐𐑑	ˈiːdʒɪpt	high	
eighteen	𐑱𐑑𐑑𐑦𐑯	ˈeɪttin	𐑱𐑑𐑰𐑯	ˌeɪˈtiːn	high	
eighth	𐑱𐑔	eɪθ	𐑱𐑑𐑔	eɪtθ	high	
eindhoven	𐑲𐑯𐑑-	ˈaɪnt-	𐑲𐑯𐑛𐑣𐑴𐑝𐑩𐑯	ˈaɪndhɒvn	high	
either	𐑦𐑞𐑼	ˈiðəR	𐑲𐑞𐑼	ˈaɪðəR	high	
either	𐑰𐑞𐑼	iːðəR	𐑲𐑞𐑼	ˈaɪðəR	high	
ejaculate	𐑦𐑡𐑨𐑒𐑘𐑩𐑤𐑩𐑑	ɪˈdʒækjələt	𐑦𐑡𐑨𐑒𐑘𐑩𐑤𐑱𐑑	ɪˈdʒækjəleɪt	high	
ejaculation	𐑦𐑡𐑨𐑒𐑘𐑫𐑤𐑱𐑖𐑩𐑯	iˌdʒækjuˈleɪʃən	𐑦𐑡𐑨𐑒𐑘𐑩𐑤𐑱𐑖𐑩𐑯	ɪˌdʒækjəˈleɪʃən	high	
eke	𐑦𐑒	ik	𐑰𐑒	iːk	high	
elastic	𐑦𐑤𐑭𐑕𐑑𐑦𐑒	ɪˈlɑːstɪk	𐑦𐑤𐑨𐑕𐑑𐑦𐑒	ɪˈlæstɪk	high	
elastic	𐑩-	ə-	𐑦𐑤𐑨𐑕𐑑𐑦𐑒	ɪˈlæstɪk	high	
elasticity	𐑧𐑤𐑨𐑕𐑑𐑦𐑕𐑦𐑑𐑦	elæsˈtɪsɪti	𐑦𐑤𐑨𐑕𐑑𐑦𐑕𐑦𐑑𐑦	ˌɪlæˈstɪsɪti	high	
elderly	𐑧𐑤𐑛𐑩𐑤𐑦	eldəli	𐑧𐑤𐑛𐑼𐑤𐑦	ˈeldəRli	medium	r_gap:spelling=1,ipa=0; shave_says:𐑧𐑤𐑛𐑼𐑤𐑦
eleanor	𐑧𐑤𐑩𐑯𐑪𐑮	ˈeləˌnor	𐑧𐑤𐑩𐑯𐑼	ˈelənəR	high	
elect	𐑦-	i-	𐑦𐑤𐑧𐑒𐑑	ɪˈlekt	high	
elect	𐑩-	ə-	𐑦𐑤𐑧𐑒𐑑	ɪˈlekt	high	
elector	𐑩𐑤𐑧𐑒𐑑𐑹	əˈlektɔːR	𐑦𐑤𐑧𐑒𐑑𐑼	ɪˈlektəR	high	
elector	𐑩𐑤𐑧𐑒𐑑𐑼	əˈlektəR	𐑦𐑤𐑧𐑒𐑑𐑼	ɪˈlektəR	high	
electoral	𐑦𐑤𐑧𐑒𐑑𐑮𐑩𐑤	ɪlektrəl	𐑦𐑤𐑧𐑒𐑑𐑼𐑩𐑤	ɪˈlektərəl	high	
electoral	𐑦𐑤𐑧𐑒𐑑𐑷𐑮𐑩𐑤	ɪlektɔrəl	𐑦𐑤𐑧𐑒𐑑𐑼𐑩𐑤	ɪˈlektərəl	high	
electoral	𐑧𐑤𐑧𐑒𐑑𐑪𐑮𐑩𐑤	ˌelekˈtorəl	𐑦𐑤𐑧𐑒𐑑𐑼𐑩𐑤	ɪˈlektərəl	high	
electoral	𐑩𐑤𐑧𐑒𐑑𐑪𐑮𐑩𐑤	əlekˈtorəl	𐑦𐑤𐑧𐑒𐑑𐑼𐑩𐑤	ɪˈlektərəl	high	
electoral	𐑩𐑤𐑧𐑒𐑑𐑼𐑩𐑤	əˈlektəRəl	𐑦𐑤𐑧𐑒𐑑𐑼𐑩𐑤	ɪˈlektərəl	high	
electoral	𐑰𐑤𐑧𐑒𐑑𐑪𐑮𐑩𐑤	ˌiːlekˈtorəl	𐑦𐑤𐑧𐑒𐑑𐑼𐑩𐑤	ɪˈlektərəl	high	
electors	𐑩𐑤𐑧𐑒𐑑𐑼𐑟	əˈlektəRz	𐑦𐑤𐑧𐑒𐑑𐑼𐑟	ɪˈlektəRz	high	
electric	𐑩𐑤𐑧𐑒𐑑𐑮𐑦𐑒	əˈlektrɪk	𐑦𐑤𐑧𐑒𐑑𐑮𐑦𐑒	ɪˈlektrɪk	high	
electrician	𐑧𐑤𐑦𐑒𐑑𐑮𐑦𐑖𐑩𐑯	elɪktrɪʃən	𐑦𐑤𐑧𐑒𐑑𐑮𐑦𐑖𐑩𐑯	ɪˌlekˈtrɪʃən	high	
electrician	𐑩𐑤𐑧𐑒𐑑𐑮𐑦𐑖𐑩𐑯	əˌlekˈtrɪʃən	𐑦𐑤𐑧𐑒𐑑𐑮𐑦𐑖𐑩𐑯	ɪˌlekˈtrɪʃən	high	
electrician	𐑰𐑤𐑧𐑒𐑑𐑮𐑦𐑖𐑩𐑯	iːlektrɪʃən	𐑦𐑤𐑧𐑒𐑑𐑮𐑦𐑖𐑩𐑯	ɪˌlekˈtrɪʃən	high	
electricity	𐑦𐑤𐑧𐑒𐑗𐑮𐑦𐑕𐑦𐑑𐑦	ɪˌlekˈtʃrɪsɪti	𐑦𐑤𐑧𐑒𐑑𐑮𐑦𐑕𐑦𐑑𐑦	ɪˌlekˈtrɪsɪti	high	
electricity	𐑧𐑤𐑦𐑒𐑑𐑮𐑦𐑕𐑦𐑑𐑦	elɪktrɪsɪti	𐑦𐑤𐑧𐑒𐑑𐑮𐑦𐑕𐑦𐑑𐑦	ɪˌlekˈtrɪsɪti	high	
electricity	𐑩𐑤𐑧𐑒𐑑𐑮𐑦𐑕𐑦𐑑𐑦	əˌlekˈtrɪsɪti	𐑦𐑤𐑧𐑒𐑑𐑮𐑦𐑕𐑦𐑑𐑦	ɪˌlekˈtrɪsɪti	high	
electricity	𐑩𐑤𐑧𐑒𐑑𐑮𐑦𐑕𐑩𐑑𐑦	əlektrɪsəti	𐑦𐑤𐑧𐑒𐑑𐑮𐑦𐑕𐑦𐑑𐑦	ɪˌlekˈtrɪsɪti	high	
electricity	𐑰𐑤𐑧𐑒𐑑𐑮𐑦𐑕𐑦𐑑𐑦	iːlektrɪsɪti	𐑦𐑤𐑧𐑒𐑑𐑮𐑦𐑕𐑦𐑑𐑦	ɪˌlekˈtrɪsɪti	high	
electrode	𐑩𐑤𐑧𐑒𐑑𐑮𐑴𐑛	əlektrəʊd	𐑦𐑤𐑧𐑒𐑑𐑮𐑴𐑛	ɪˈlektrəʊd	high	
electroencephalogram	𐑩𐑤𐑧𐑒𐑑𐑮𐑴𐑧𐑯𐑕𐑧𐑓𐑤𐑴𐑜𐑮𐑨𐑥	əˌlektroʊenˈsefloʊˌɡræm	𐑦𐑤𐑧𐑒𐑑𐑮𐑴𐑧𐑯𐑒𐑧𐑓𐑩𐑤𐑩𐑜𐑮𐑨𐑥	iˌlektrəʊenˈkefələɡræm	high	
electrolyte	𐑩𐑤𐑧𐑒𐑑𐑮𐑩𐑤𐑲𐑑	əˈlektrəˌlaɪt	𐑦𐑤𐑧𐑒𐑑𐑮𐑩𐑤𐑲𐑑	ɪˈlektrəlaɪt	high	
electronic	𐑧𐑤𐑦𐑒𐑑𐑮𐑪𐑯𐑦𐑒	elɪktrɒnɪk	𐑦𐑤𐑧𐑒𐑑𐑮𐑪𐑯𐑦𐑒	ˌɪlekˈtrɒnɪk	high	
electronic	𐑧𐑤𐑧𐑒𐑑𐑮𐑪𐑯𐑦𐑒	elektrɒnɪk	𐑦𐑤𐑧𐑒𐑑𐑮𐑪𐑯𐑦𐑒	ˌɪlekˈtrɒnɪk	high	
electronic	𐑩𐑤𐑦𐑒𐑑𐑮𐑪𐑯𐑦𐑒	əˌlɪkˈtrɒnɪk	𐑦𐑤𐑧𐑒𐑑𐑮𐑪𐑯𐑦𐑒	ˌɪlekˈtrɒnɪk	high	
electronic	𐑩𐑤𐑧𐑒𐑑𐑮𐑪𐑯𐑦𐑒	əˌlekˈtrɒnɪk	𐑦𐑤𐑧𐑒𐑑𐑮𐑪𐑯𐑦𐑒	ˌɪlekˈtrɒnɪk	high	
electronically	𐑧𐑤𐑦𐑒𐑑𐑮𐑪𐑯𐑦𐑒𐑤𐑦	elɪktrɒnɪkli	𐑦𐑤𐑧𐑒𐑑𐑮𐑪𐑯𐑦𐑒𐑤𐑦	ˌɪlekˈtrɒnɪkli	high	
electronically	𐑧𐑤𐑧𐑒𐑑𐑮𐑪𐑯𐑦𐑒𐑤𐑦	elektrɒnɪkli	𐑦𐑤𐑧𐑒𐑑𐑮𐑪𐑯𐑦𐑒𐑤𐑦	ˌɪlekˈtrɒnɪkli	high	
electronics	𐑧𐑤𐑧𐑒𐑑𐑮𐑪𐑯𐑦𐑒𐑕	elektrɒnɪks	𐑦𐑤𐑧𐑒𐑑𐑮𐑪𐑯𐑦𐑒𐑕	ˌɪlekˈtrɒnɪks	high	
eleemosynary	𐑧𐑤𐑦𐑥𐑭𐑕𐑩𐑯𐑧𐑮𐑦	ˌelɪˈmɑːsəneri	𐑧𐑤𐑦𐑰𐑥𐑪𐑕𐑦𐑯𐑼𐑦	ˌelɪiːˈmɒsɪnəri	high	
eleemosynary	𐑧𐑤𐑦𐑥𐑭𐑟𐑩𐑯𐑧𐑮𐑦	ˌelɪˈmɑːzəneri	𐑧𐑤𐑦𐑰𐑥𐑪𐑕𐑦𐑯𐑼𐑦	ˌelɪiːˈmɒsɪnəri	high	
eleemosynary	𐑧𐑤𐑦𐑦𐑥𐑭𐑕𐑩𐑯𐑧𐑮𐑦	ˌeliɪˈmɑːsəneri	𐑧𐑤𐑦𐑰𐑥𐑪𐑕𐑦𐑯𐑼𐑦	ˌelɪiːˈmɒsɪnəri	high	
eleemosynary	𐑧𐑤𐑦𐑦𐑥𐑭𐑟𐑩𐑯𐑧𐑮𐑦	ˌeliɪˈmɑːzəneri	𐑧𐑤𐑦𐑰𐑥𐑪𐑕𐑦𐑯𐑼𐑦	ˌelɪiːˈmɒsɪnəri	high	
elegiac	𐑦𐑤𐑦𐑡𐑦𐑨𐑒	ɪˈlidʒiˌæk	𐑧𐑤𐑦𐑡𐑲𐑩𐑒	ˌelɪˈdʒaɪək	high	
elegiac	𐑧𐑤𐑦𐑡𐑲𐑨𐑒	ˌelɪˈdʒaɪˌæk	𐑧𐑤𐑦𐑡𐑲𐑩𐑒	ˌelɪˈdʒaɪək	high	
elegiac	𐑧𐑤𐑩𐑡𐑲𐑨𐑒	ˌeləˈdʒaɪˌæk	𐑧𐑤𐑦𐑡𐑲𐑩𐑒	ˌelɪˈdʒaɪək	high	
elegiac	𐑧𐑤𐑩𐑡𐑲𐑩𐑒	ˌeləˈdʒaɪək	𐑧𐑤𐑦𐑡𐑲𐑩𐑒	ˌelɪˈdʒaɪək	high	
element	𐑧𐑤𐑩𐑥𐑩𐑯𐑑	ˈeləmənt	𐑧𐑤𐑦𐑥𐑩𐑯𐑑	ˈelɪmənt	high	
elementary	𐑧𐑤𐑦𐑥𐑧𐑯𐑑𐑮𐑦	elɪmentri	𐑧𐑤𐑦𐑥𐑧𐑯𐑑𐑼𐑦	ˌelɪˈmentəri	high	
elementary	𐑧𐑤𐑩𐑥𐑧𐑯𐑑𐑮𐑦	ˌeləˈmentri	𐑧𐑤𐑦𐑥𐑧𐑯𐑑𐑼𐑦	ˌelɪˈmentəri	high	
elementary	𐑧𐑤𐑩𐑥𐑧𐑯𐑑𐑼𐑦	ˌeləˈmentəri	𐑧𐑤𐑦𐑥𐑧𐑯𐑑𐑼𐑦	ˌelɪˈmentəri	high	
elephant	𐑧𐑤𐑩𐑓𐑩𐑯𐑑	ˈeləfənt	𐑧𐑤𐑦𐑓𐑩𐑯𐑑	ˈelɪfənt	high	
elephants	𐑧𐑤𐑩𐑓𐑩𐑯𐑑𐑕	ˈeləfənts	𐑧𐑤𐑦𐑓𐑩𐑯𐑑𐑕	ˈelɪfənts	high	
elevated	𐑧𐑤𐑩𐑝𐑱𐑛𐑩𐑛	ˈeləˌveɪdƏd	𐑧𐑤𐑦𐑝𐑱𐑑𐑩𐑛	ˈelɪveɪtƏd	high	
elevator	𐑧𐑤𐑩𐑝𐑱𐑑𐑼	eləveɪtəR	𐑧𐑤𐑦𐑝𐑱𐑑𐑼	ˈelɪveɪtəR	high	
eleven	𐑦-	i-	𐑦𐑤𐑧𐑝𐑩𐑯	ɪˈlevən	high	
eleven	𐑩𐑤𐑧𐑝𐑩𐑯	əˈlevən	𐑦𐑤𐑧𐑝𐑩𐑯	ɪˈlevən	high	
elevenses	𐑩𐑤𐑧𐑝𐑩𐑯𐑟𐑩𐑟	əˈlevənzəz	𐑦𐑤𐑧𐑝𐑩𐑯𐑟𐑩𐑟	ɪˈlevənzƏz	high	
eleventh	𐑩𐑤𐑧𐑝𐑩𐑯𐑔	əˈlevənθ	𐑦𐑤𐑧𐑝𐑩𐑯𐑔	ɪˈlevənθ	high	
eligibility	𐑧𐑤𐑩𐑡𐑩𐑚𐑦𐑤𐑩𐑑𐑦	ˈelədʒəbɪləti	𐑧𐑤𐑦𐑡𐑩𐑚𐑦𐑤𐑦𐑑𐑦	ˌelɪdʒəˈbɪlɪti	high	
eligible	𐑧𐑤𐑩𐑡𐑩𐑚𐑩𐑤	ˈelədʒəbəl	𐑧𐑤𐑦𐑡𐑩𐑚𐑩𐑤	ˈelɪdʒəbəl	high	
eliminate	𐑦𐑤𐑦𐑥𐑩𐑯𐑱𐑑	ɪˈlɪməneɪt	𐑦𐑤𐑦𐑥𐑦𐑯𐑱𐑑	ɪˈlɪmɪneɪt	high	
elite	𐑦𐑤𐑦𐑑	ɪˈlit	𐑦𐑤𐑰𐑑	ɪˈliːt	high	
elite	𐑧𐑤𐑰𐑑	eˈliːt	𐑦𐑤𐑰𐑑	ɪˈliːt	high	
elite	𐑩𐑤𐑦𐑑	əˈlit	𐑦𐑤𐑰𐑑	ɪˈliːt	high	
elite	𐑱𐑤𐑦𐑑	eɪˈlit	𐑦𐑤𐑰𐑑	ɪˈliːt	high	
elizabethan	𐑩𐑤𐑦𐑟𐑩𐑚𐑦𐑔𐑩𐑯	əˌlɪzəˈbiθən	𐑦𐑤𐑦𐑟𐑩𐑚𐑰𐑔𐑩𐑯	ɪˌlɪzəˈbiːθən	high	
ellipse	𐑩𐑤𐑦𐑐𐑕	əˈlɪps	𐑦𐑤𐑦𐑐𐑕	ɪˈlɪps	high	
ellipses	𐑩𐑤𐑦𐑐𐑕𐑩𐑟	əˈlɪpsƏz	𐑦𐑤𐑦𐑐𐑕𐑩𐑟, 𐑦𐑤𐑦𐑐𐑕𐑰𐑟	ɪˈlɪpsiːz	high	
elliptical	𐑩𐑤𐑦𐑐𐑑𐑦𐑒𐑩𐑤	əˈlɪptɪkəl	𐑦𐑤𐑦𐑐𐑑𐑦𐑒𐑩𐑤	ɪˈlɪptɪkəl	high	
elongate	-𐑤𐑪𐑙-	-ˈlɒŋ-	𐑰𐑤𐑪𐑙𐑜𐑱𐑑	ˈiːlɒŋɡeɪt	high	
elongate	𐑦-	i-	𐑰𐑤𐑪𐑙𐑜𐑱𐑑	ˈiːlɒŋɡeɪt	high	
elongate	𐑦𐑤𐑪𐑙𐑜𐑱𐑑	ɪˈlɒŋɡeɪt	𐑰𐑤𐑪𐑙𐑜𐑱𐑑	ˈiːlɒŋɡeɪt	high	
elongate	𐑧-	ˈe-	𐑰𐑤𐑪𐑙𐑜𐑱𐑑	ˈiːlɒŋɡeɪt	high	
elongate	𐑩𐑤𐑷𐑙𐑜𐑱𐑑	əˈlɔːŋˌɡeɪt	𐑰𐑤𐑪𐑙𐑜𐑱𐑑	ˈiːlɒŋɡeɪt	high	
elope	𐑧𐑤𐑴𐑐	eˈləʊp	𐑦𐑤𐑴𐑐	ɪˈləʊp	high	
elsewhere	𐑧𐑤𐑕𐑢𐑧𐑮	ˈelsˌʍer	𐑧𐑤𐑕𐑢𐑺	ˌelsˈʍeəR	high	
elucidate	𐑦-	i-	𐑦𐑤𐑵𐑕𐑦𐑛𐑱𐑑	ɪˈluːsɪdeɪt	high	
elucidate	𐑦𐑤𐑿𐑕𐑦𐑛𐑩𐑑	ɪˈljuːsɪdət	𐑦𐑤𐑵𐑕𐑦𐑛𐑱𐑑	ɪˈluːsɪdeɪt	high	
elucidate	𐑦𐑤𐑿𐑕𐑦𐑛𐑱𐑑	ɪˈljuːsɪdeɪt	𐑦𐑤𐑵𐑕𐑦𐑛𐑱𐑑	ɪˈluːsɪdeɪt	high	
elucidate	𐑩𐑤𐑫𐑕𐑩𐑛𐑩𐑑	əˈlusəˌdət	𐑦𐑤𐑵𐑕𐑦𐑛𐑱𐑑	ɪˈluːsɪdeɪt	high	
elucidate	𐑩𐑤𐑫𐑕𐑩𐑛𐑱𐑑	əˈlusəˌdeɪt	𐑦𐑤𐑵𐑕𐑦𐑛𐑱𐑑	ɪˈluːsɪdeɪt	high	
elucidation	𐑦𐑤𐑫𐑕𐑦𐑛𐑱𐑖𐑩𐑯	ɪˌlusɪˈdeɪʃən	𐑦𐑤𐑵𐑕𐑦𐑛𐑱𐑖𐑩𐑯	ɪˌluːsɪˈdeɪʃən	high	
elude	𐑦𐑤𐑫𐑛	ɪˈlud	𐑦𐑤𐑵𐑛	ɪˈluːd	high	
elusive	𐑦𐑤𐑘𐑫𐑕𐑦𐑝	ɪˈljusɪv	𐑦𐑤𐑵𐑕𐑦𐑝	ɪˈluːsɪv	high	
elusive	𐑦𐑤𐑘𐑫𐑟𐑦𐑝	ɪˈljuzɪv	𐑦𐑤𐑵𐑕𐑦𐑝	ɪˈluːsɪv	high	
elusive	𐑦𐑤𐑿𐑕𐑦𐑝	ɪˈljuːsɪv	𐑦𐑤𐑵𐑕𐑦𐑝	ɪˈluːsɪv	high	
elusive	𐑦𐑤𐑿𐑟𐑦𐑝	ɪˈljuːzɪv	𐑦𐑤𐑵𐑕𐑦𐑝	ɪˈluːsɪv	high	
elysian	𐑦𐑤𐑦𐑟𐑦𐑩𐑯	ɪˈlɪziən	𐑦𐑤𐑦𐑟𐑾𐑯	ɪˈlɪzɪən	high	
elysian	𐑦𐑤𐑦𐑠𐑩𐑯	ɪˈlɪʒən	𐑦𐑤𐑦𐑟𐑾𐑯	ɪˈlɪzɪən	high	
elysium	𐑦𐑤𐑦𐑟𐑦𐑩𐑥	ɪˈlɪziəm	𐑦𐑤𐑦𐑟𐑾𐑥	ɪˈlɪzɪəm	high	
elysium	𐑦𐑤𐑦𐑠𐑦𐑩𐑥	ɪˈlɪʒiəm	𐑦𐑤𐑦𐑟𐑾𐑥	ɪˈlɪzɪəm	high	
emaciate	𐑦𐑥𐑱𐑕𐑦𐑱𐑑	ɪˈmeɪsiˌeɪt	𐑦𐑥𐑱𐑖𐑦𐑱𐑑	ɪˈmeɪʃieɪt	high	
emaciate	𐑦𐑥𐑱𐑖𐑰𐑱𐑑	ɪˈmeɪʃiːˌeɪt	𐑦𐑥𐑱𐑖𐑦𐑱𐑑	ɪˈmeɪʃieɪt	high	
emaciated	-𐑥𐑱𐑕𐑦-	-ˈmeɪsi-	𐑦𐑥𐑱𐑖𐑦𐑱𐑑𐑩𐑛	ɪˈmeɪʃieɪtƏd	high	
emaciated	-𐑥𐑱𐑖𐑦-	-meɪʃi-	𐑦𐑥𐑱𐑖𐑦𐑱𐑑𐑩𐑛	ɪˈmeɪʃieɪtƏd	high	
emaciated	𐑦-	i-	𐑦𐑥𐑱𐑖𐑦𐑱𐑑𐑩𐑛	ɪˈmeɪʃieɪtƏd	high	
emaciated	𐑦𐑥𐑱𐑕𐑦𐑱𐑑𐑩𐑛	ɪˈmeɪsiˌeɪtƏd	𐑦𐑥𐑱𐑖𐑦𐑱𐑑𐑩𐑛	ɪˈmeɪʃieɪtƏd	high	
emaciated	𐑩-	ə-	𐑦𐑥𐑱𐑖𐑦𐑱𐑑𐑩𐑛	ɪˈmeɪʃieɪtƏd	high	
emaciated	𐑩𐑥𐑱𐑖𐑦𐑱𐑑𐑩𐑛	əˈmeɪʃieɪtƏd	𐑦𐑥𐑱𐑖𐑦𐑱𐑑𐑩𐑛	ɪˈmeɪʃieɪtƏd	high	
email	𐑦𐑥𐑱𐑤	ˈiˌmeɪl	𐑰𐑥𐑱𐑤	ˈiːmeɪl	high	
emancipate	𐑦-	i-	𐑦𐑥𐑨𐑯𐑕𐑦𐑐𐑱𐑑	ɪˈmænsɪpeɪt	high	
emancipate	𐑦𐑥𐑨𐑯𐑑𐑕𐑦𐑐𐑩𐑑	ɪˈmæntsɪpət	𐑦𐑥𐑨𐑯𐑕𐑦𐑐𐑱𐑑	ɪˈmænsɪpeɪt	high	
emancipate	𐑦𐑥𐑨𐑯𐑑𐑕𐑦𐑐𐑱𐑑	ɪˈmæntsɪpeɪt	𐑦𐑥𐑨𐑯𐑕𐑦𐑐𐑱𐑑	ɪˈmænsɪpeɪt	high	
emancipate	𐑩𐑥𐑨𐑯𐑑𐑕𐑩𐑐𐑩𐑑	əˈmæntsəˌpət	𐑦𐑥𐑨𐑯𐑕𐑦𐑐𐑱𐑑	ɪˈmænsɪpeɪt	high	
emancipate	𐑩𐑥𐑨𐑯𐑑𐑕𐑩𐑐𐑱𐑑	əˈmæntsəˌpeɪt	𐑦𐑥𐑨𐑯𐑕𐑦𐑐𐑱𐑑	ɪˈmænsɪpeɪt	high	
emasculate	𐑦𐑥𐑨𐑕𐑒𐑘𐑩𐑤𐑩𐑑	ɪˈmaskjələt	𐑦𐑥𐑨𐑕𐑒𐑘𐑩𐑤𐑱𐑑	ɪˈmæskjəleɪt	high	
emasculate	𐑩𐑥𐑨𐑕𐑒𐑘𐑩𐑤𐑱𐑑	əˈmæskjəˌleɪt	𐑦𐑥𐑨𐑕𐑒𐑘𐑩𐑤𐑱𐑑	ɪˈmæskjəleɪt	high	
embalm	𐑦𐑥𐑚𐑪𐑤𐑥	ɪmˈbɒlm	𐑦𐑥𐑚𐑭𐑥	ɪmˈbɑːm	high	
embalm	𐑦𐑥𐑚𐑪𐑥	ɪmˈbɒm	𐑦𐑥𐑚𐑭𐑥	ɪmˈbɑːm	high	
embalm	𐑦𐑥𐑚𐑷𐑥	ɪmˈbɔːm	𐑦𐑥𐑚𐑭𐑥	ɪmˈbɑːm	high	
embark	𐑧𐑥𐑚𐑸𐑒	emˈbɑːRk	𐑦𐑥𐑚𐑸𐑒	ɪmˈbɑːRk	high	
embarked	𐑧𐑥𐑚𐑸𐑒𐑑	emˈbɑːRkt	𐑦𐑥𐑚𐑸𐑒𐑑	ɪmˈbɑːRkt	high	
embarrassingly	𐑧𐑥-	em-	𐑦𐑥𐑚𐑨𐑮𐑩𐑕𐑦𐑙𐑤𐑦	ɪmˈbærəsɪŋli	medium	r_gap:spelling=2,ipa=0; shave_says:𐑦𐑥𐑚𐑨𐑮𐑩𐑕𐑦𐑙𐑤𐑦
embarrassingly	𐑩𐑥𐑚𐑧𐑮𐑩𐑕𐑦𐑙𐑤𐑦	əmˈberəsɪŋli	𐑦𐑥𐑚𐑨𐑮𐑩𐑕𐑦𐑙𐑤𐑦	ɪmˈbærəsɪŋli	medium	r_gap:spelling=2,ipa=1
embattled	-𐑑𐑩𐑤𐑛	-təld	𐑦𐑥𐑚𐑨𐑑𐑩𐑤𐑛	ɪmˈbætəld	high	
embattled	𐑦𐑥-	ɪm-	𐑦𐑥𐑚𐑨𐑑𐑩𐑤𐑛	ɪmˈbætəld	high	
embattled	𐑧𐑥𐑚𐑨𐑑𐑩𐑤𐑛	emˈbætəld	𐑦𐑥𐑚𐑨𐑑𐑩𐑤𐑛	ɪmˈbætəld	high	
embezzle	𐑧𐑥𐑚𐑧𐑟𐑩𐑤	emˈbezəl	𐑦𐑥𐑚𐑧𐑟𐑩𐑤	ɪmˈbezəl	high	
embezzlement	𐑩𐑥𐑚𐑧𐑟𐑩𐑤𐑥𐑩𐑯𐑑	ˌəmˈbezəlmənt	𐑦𐑥𐑚𐑧𐑟𐑩𐑤𐑥𐑩𐑯𐑑	ɪmˈbezəlmənt	high	
embitter	-𐑑𐑼	-tər	𐑦𐑥𐑚𐑦𐑑𐑼	ɪmˈbɪtəR	high	
embitter	𐑧𐑥-	em-	𐑦𐑥𐑚𐑦𐑑𐑼	ɪmˈbɪtəR	medium	r_gap:spelling=1,ipa=0; shave_says:𐑦𐑥𐑚𐑦𐑑𐑼
embitter	𐑩𐑥𐑚𐑦𐑑𐑼	əmˈbɪtər	𐑦𐑥𐑚𐑦𐑑𐑼	ɪmˈbɪtəR	high	
embody	𐑦𐑥𐑚𐑪𐑑𐑦	ɪmˈbɒti	𐑦𐑥𐑚𐑪𐑛𐑦	ɪmˈbɒdi	high	
embolden	𐑦𐑥-	ɪm-	𐑦𐑥𐑚𐑴𐑤𐑛𐑩𐑯	ɪmˈbəʊldən	high	
embolden	𐑧𐑥𐑚𐑴𐑤𐑛𐑩𐑯	emˈboʊldən	𐑦𐑥𐑚𐑴𐑤𐑛𐑩𐑯	ɪmˈbəʊldən	high	
emboss	𐑧𐑥-	em-	𐑦𐑥𐑚𐑪𐑕	ɪmˈbɒs	high	
emboss	𐑩𐑥𐑚𐑷𐑕	əmˈbɔːs	𐑦𐑥𐑚𐑪𐑕	ɪmˈbɒs	high	
embroil	𐑧𐑥-	em-	𐑦𐑥𐑚𐑮𐑶𐑤	ɪmˈbrɔɪl	medium	r_gap:spelling=1,ipa=0; shave_says:𐑦𐑥𐑚𐑮𐑶𐑤
embroil	𐑩𐑥𐑚𐑮𐑶𐑤	əmˈbrɔɪl	𐑦𐑥𐑚𐑮𐑶𐑤	ɪmˈbrɔɪl	high	
emergencies	𐑦𐑥𐑻𐑡𐑩𐑯𐑕𐑰𐑟	ɪmɜːRdʒənsiːz	𐑦𐑥𐑻𐑡𐑩𐑯𐑕𐑦𐑟	ɪˈmɜːRdʒənsiz	high	
emergency	𐑩𐑥𐑻𐑡𐑩𐑯𐑕𐑦	əˈmɜːRdʒənsi	𐑦𐑥𐑻𐑡𐑩𐑯𐑕𐑦	ɪˈmɜːRdʒənsi	high	
emerson	𐑧𐑥𐑩𐑕𐑩𐑯	eməsən	𐑧𐑥𐑼𐑕𐑩𐑯	ˈeməRsən	medium	r_gap:spelling=1,ipa=0; shave_says:𐑧𐑥𐑼𐑕𐑩𐑯
emetic	𐑩𐑥𐑧𐑑𐑦𐑒	əˈmetɪk	𐑦𐑥𐑧𐑑𐑦𐑒	ɪˈmetɪk	high	
emissary	𐑧𐑥𐑦𐑕𐑧𐑮𐑦	ˈemɪˌseri	𐑧𐑥𐑦𐑕𐑼𐑦	ˈemɪsəri	high	
emitter	𐑩𐑥𐑦𐑑𐑼	əmɪtəR	𐑦𐑥𐑦𐑑𐑼	ɪˈmɪtəR	high	
emitter	𐑰𐑥𐑦𐑑𐑼	iːmɪtəR	𐑦𐑥𐑦𐑑𐑼	ɪˈmɪtəR	high	
emmentaler	𐑧𐑥𐑩𐑯𐑑𐑪𐑤𐑼	ˈemənˌtɒləR	𐑧𐑥𐑩𐑯𐑑𐑭𐑤𐑼	ˈeməntɑːləR	high	
emolument	-𐑘𐑩-	-jə-	𐑦𐑥𐑪𐑤𐑘𐑩𐑥𐑩𐑯𐑑	ɪˈmɒljəmənt	high	
emolument	𐑧-	e-	𐑦𐑥𐑪𐑤𐑘𐑩𐑥𐑩𐑯𐑑	ɪˈmɒljəmənt	high	
emolument	𐑩𐑥𐑪𐑤𐑘𐑩𐑥𐑩𐑯𐑑	əˈmɒljəmənt	𐑦𐑥𐑪𐑤𐑘𐑩𐑥𐑩𐑯𐑑	ɪˈmɒljəmənt	high	
emotional	𐑦𐑥𐑴𐑖𐑯𐑩𐑤	ɪˈməʊʃnəl	𐑦𐑥𐑴𐑖𐑩𐑯𐑩𐑤	ɪˈməʊʃənəl	high	
emotionally	𐑦𐑥𐑴𐑖𐑩𐑯𐑤𐑦	ɪˈməʊʃənli	𐑦𐑥𐑴𐑖𐑩𐑯𐑩𐑤𐑦	ɪˈməʊʃənəli	high	
emperor	𐑧𐑥𐑐𐑮𐑼	emprəR	𐑧𐑥𐑐𐑼𐑼	ˈempərəR	medium	ml_disagrees:𐑦𐑥𐑐𐑮𐑼; shave_says:𐑧𐑥𐑐𐑼𐑼
empire	𐑧𐑥𐑐𐑲𐑮	ˈemˌpaɪr	𐑧𐑥𐑐𐑲𐑼	ˈempaɪəR	high	
employer	𐑧𐑥𐑐𐑤𐑶𐑼	emˈplɔɪəR	𐑦𐑥𐑐𐑤𐑶𐑼	ɪmˈplɔɪəR	high	
employé	𐑪𐑥𐑐𐑤𐑶𐑱	ɒmˈplɔɪeɪ	𐑷𐑥𐑐𐑤𐑶𐑱	ɔːmplɔɪˈeɪ	high	
emporium	𐑦𐑥-	ɪm-	𐑦𐑥𐑐𐑹𐑾𐑥	ɪmˈpɔːrɪəm	medium	r_gap:spelling=1,ipa=0; shave_says:𐑧𐑥𐑐𐑹𐑾𐑥
emporium	𐑧𐑥𐑐𐑪𐑮𐑦𐑩𐑥	emˈporiəm	𐑦𐑥𐑐𐑹𐑾𐑥	ɪmˈpɔːrɪəm	high	
emporium	𐑧𐑥𐑐𐑹𐑦𐑩𐑥	empɔːriəm	𐑦𐑥𐑐𐑹𐑾𐑥	ɪmˈpɔːrɪəm	medium	ml_disagrees:𐑦𐑥𐑐𐑹𐑦𐑩𐑥; shave_says:𐑧𐑥𐑐𐑹𐑾𐑥
emu	𐑦𐑥𐑘𐑫	ˈimju	𐑰𐑥𐑿	ˈiːmjuː	high	
emu	𐑧𐑥𐑘𐑫	ˈemju	𐑰𐑥𐑿	ˈiːmjuː	high	
emu	𐑧𐑥𐑿	ˈemjuː	𐑰𐑥𐑿	ˈiːmjuː	high	
emulation	-𐑖𐑦𐑯	-ʃɪn	𐑧𐑥𐑘𐑩𐑤𐑱𐑖𐑩𐑯	ˌemjəˈleɪʃən	high	
emulation	𐑧𐑥𐑘𐑫𐑤𐑱𐑖𐑩𐑯	ˌemjuˈleɪʃən	𐑧𐑥𐑘𐑩𐑤𐑱𐑖𐑩𐑯	ˌemjəˈleɪʃən	high	
emulsifier	𐑩𐑥𐑳𐑤𐑕𐑦𐑓𐑲𐑼	əmʌlsɪfaɪər	𐑦𐑥𐑳𐑤𐑕𐑦𐑓𐑲𐑼	ɪˈmʌlsɪfaɪəR	high	
emulsifier	𐑰𐑥𐑳𐑤𐑕𐑦𐑓𐑲𐑼	iːmʌlsɪfaɪər	𐑦𐑥𐑳𐑤𐑕𐑦𐑓𐑲𐑼	ɪˈmʌlsɪfaɪəR	high	
en route	𐑪𐑯 𐑮𐑫𐑑	ɒn ˈrut	𐑪𐑯 𐑮𐑵𐑑	ˌɒn ˈruːt	high	
enabled	𐑦-	ɪ-	𐑦𐑯𐑱𐑚𐑩𐑤𐑛	ɪˈneɪbəld	high	
enabled	𐑦𐑯-	ɪn-	𐑦𐑯𐑱𐑚𐑩𐑤𐑛	ɪˈneɪbəld	high	
enabled	𐑧𐑯𐑱𐑚𐑩𐑤𐑛	eˈneɪbəld	𐑦𐑯𐑱𐑚𐑩𐑤𐑛	ɪˈneɪbəld	high	
enactment	𐑧𐑯𐑨𐑒𐑑𐑥𐑩𐑯𐑑	enˈæktmənt	𐑦𐑯𐑨𐑒𐑑𐑥𐑩𐑯𐑑	ɪˈnæktmənt	high	
enamoured	𐑧𐑯𐑨𐑥𐑼𐑛	enæməRd	𐑦𐑯𐑨𐑥𐑼𐑛	ɪˈnæməRd	high	
encampment	𐑦𐑙-	ɪŋ-	𐑦𐑯𐑒𐑨𐑥𐑐𐑥𐑩𐑯𐑑	ɪnˈkæmpmənt	high	
encampment	𐑧𐑙-	eŋ-	𐑦𐑯𐑒𐑨𐑥𐑐𐑥𐑩𐑯𐑑	ɪnˈkæmpmənt	high	
encampment	𐑧𐑯-	en-	𐑦𐑯𐑒𐑨𐑥𐑐𐑥𐑩𐑯𐑑	ɪnˈkæmpmənt	high	
enchant	𐑧𐑯𐑗𐑨𐑯𐑑	enˈtʃænt	𐑦𐑯𐑗𐑨𐑯𐑑, 𐑦𐑯𐑗𐑭𐑯𐑑	ɪnˈtʃⱭːnt	high	
enchant	𐑧𐑯𐑗𐑭𐑯𐑑	enˈtʃɑːnt	𐑦𐑯𐑗𐑨𐑯𐑑, 𐑦𐑯𐑗𐑭𐑯𐑑	ɪnˈtʃⱭːnt	high	
enchanted	𐑧𐑯𐑗𐑨𐑯𐑑𐑩𐑛	enˈtʃæntƏd	𐑦𐑯𐑗𐑨𐑯𐑑𐑩𐑛, 𐑦𐑯𐑗𐑭𐑯𐑑𐑩𐑛	ɪnˈtʃⱭːntƏd	high	
enchanted	𐑧𐑯𐑗𐑭𐑯𐑑𐑩𐑛	enˈtʃɑːntƏd	𐑦𐑯𐑗𐑨𐑯𐑑𐑩𐑛, 𐑦𐑯𐑗𐑭𐑯𐑑𐑩𐑛	ɪnˈtʃⱭːntƏd	high	
enchanter	𐑧𐑯𐑗𐑨𐑯𐑑𐑼	enˈtʃæntəR	𐑦𐑯𐑗𐑨𐑯𐑑𐑼, 𐑦𐑯𐑗𐑭𐑯𐑑𐑼	ɪnˈtʃⱭːntəR	high	
enchanter	𐑧𐑯𐑗𐑭𐑯𐑑𐑼	entʃɑːntəR	𐑦𐑯𐑗𐑨𐑯𐑑𐑼, 𐑦𐑯𐑗𐑭𐑯𐑑𐑼	ɪnˈtʃⱭːntəR	high	
enchanter	𐑩𐑯𐑗𐑭𐑯𐑑𐑼	əntʃɑːntəR	𐑦𐑯𐑗𐑨𐑯𐑑𐑼, 𐑦𐑯𐑗𐑭𐑯𐑑𐑼	ɪnˈtʃⱭːntəR	high	
enchantingly	𐑦𐑯𐑗𐑭𐑯𐑑𐑦𐑙𐑤𐑰	ɪnˈtʃɑːntɪŋliː	𐑦𐑯𐑗𐑨𐑯𐑑𐑦𐑙𐑤𐑦, 𐑦𐑯𐑗𐑭𐑯𐑑𐑦𐑙𐑤𐑦	ɪnˈtʃⱭːntɪŋli	high	
enchantment	𐑧𐑯-	en-	𐑦𐑯𐑗𐑨𐑯𐑑𐑥𐑩𐑯𐑑, 𐑦𐑯𐑗𐑭𐑯𐑑𐑥𐑩𐑯𐑑	ɪnˈtʃⱭːntmənt	high	
enchantment	𐑩𐑯-	ən-	𐑦𐑯𐑗𐑨𐑯𐑑𐑥𐑩𐑯𐑑, 𐑦𐑯𐑗𐑭𐑯𐑑𐑥𐑩𐑯𐑑	ɪnˈtʃⱭːntmənt	high	
enchantress	-𐑮𐑩𐑕	-rəs	𐑦𐑯𐑗𐑨𐑯𐑑𐑮𐑩𐑕, 𐑦𐑯𐑗𐑭𐑯𐑑𐑮𐑩𐑕	ɪnˈtʃⱭːntrƏs	high	
enchantress	𐑦𐑯𐑗𐑨𐑯𐑑𐑮𐑦𐑕	ɪnˈtʃæntrɪs	𐑦𐑯𐑗𐑨𐑯𐑑𐑮𐑩𐑕, 𐑦𐑯𐑗𐑭𐑯𐑑𐑮𐑩𐑕	ɪnˈtʃⱭːntrƏs	high	
enchantress	𐑧𐑯𐑗𐑨𐑯𐑑𐑮𐑦𐑕	enˈtʃæntrɪs	𐑦𐑯𐑗𐑨𐑯𐑑𐑮𐑩𐑕, 𐑦𐑯𐑗𐑭𐑯𐑑𐑮𐑩𐑕	ɪnˈtʃⱭːntrƏs	high	
enchantress	𐑧𐑯𐑗𐑭𐑯𐑑𐑮𐑦𐑕	entʃɑːntrɪs	𐑦𐑯𐑗𐑨𐑯𐑑𐑮𐑩𐑕, 𐑦𐑯𐑗𐑭𐑯𐑑𐑮𐑩𐑕	ɪnˈtʃⱭːntrƏs	medium	ml_disagrees:𐑧𐑯𐑗𐑭𐑯𐑑𐑮𐑩𐑕; shave_says:𐑦𐑯𐑗𐑭𐑯𐑑𐑮𐑩𐑕
encircle	𐑩𐑯𐑕𐑮𐑒𐑤	ənsrkl	𐑦𐑯𐑕𐑻𐑒𐑩𐑤	ɪnˈsɜːRkəl	high	
enclave	𐑧𐑙𐑒𐑤𐑱𐑝	ˈeŋkleɪv	𐑧𐑯𐑒𐑤𐑱𐑝	ˈenkleɪv	high	
enclave	𐑪𐑙𐑒𐑤𐑱𐑝	ˈɒŋkleɪv	𐑧𐑯𐑒𐑤𐑱𐑝	ˈenkleɪv	high	
enclave	𐑪𐑯𐑒𐑤𐑱𐑝	ˈɒnkleɪv	𐑧𐑯𐑒𐑤𐑱𐑝	ˈenkleɪv	high	
enclosed	𐑩𐑯𐑒𐑤𐑴𐑟𐑛	ənˈkloʊzd	𐑦𐑯𐑒𐑤𐑴𐑟𐑛	ɪnˈkləʊzd	high	
enclosure	𐑧𐑯𐑒𐑤𐑴𐑠𐑼	enˈkloʊʒər	𐑦𐑯𐑒𐑤𐑴𐑠𐑼	ɪnˈkləʊʒəR	high	
encomium	𐑧𐑙𐑒𐑴𐑥𐑾𐑥	eŋˈkəʊmɪəm	𐑦𐑯𐑒𐑴𐑥𐑾𐑥	ɪnˈkəʊmɪəm	high	
encomium	𐑧𐑯𐑒𐑴𐑥𐑾𐑥	enˈkoʊmɪəm	𐑦𐑯𐑒𐑴𐑥𐑾𐑥	ɪnˈkəʊmɪəm	high	
encompass	-𐑒𐑪𐑥𐑐𐑩𐑕	-ˈkɒmpəs	𐑦𐑯𐑒𐑳𐑥𐑐𐑩𐑕	ɪnˈkʌmpəs	high	
encompass	𐑧𐑯-	en-	𐑦𐑯𐑒𐑳𐑥𐑐𐑩𐑕	ɪnˈkʌmpəs	high	
encompass	𐑩𐑯-	ən-	𐑦𐑯𐑒𐑳𐑥𐑐𐑩𐑕	ɪnˈkʌmpəs	high	
encompassing	𐑦𐑙𐑒𐑳𐑥𐑐𐑩𐑕𐑦𐑙	ɪŋˈkʌmpəsɪŋ	𐑦𐑯𐑒𐑳𐑥𐑐𐑩𐑕𐑦𐑙	ɪnˈkʌmpəsɪŋ	high	
encore	𐑪𐑙𐑒𐑪𐑮	ˈɒŋkor	𐑪𐑙𐑒𐑹	ˈɒŋkɔːR	high	
encore	𐑪𐑯𐑒𐑪𐑮	ˈɒnkor	𐑪𐑙𐑒𐑹	ˈɒŋkɔːR	high	
encounter	𐑦𐑙𐑒𐑬𐑯𐑑𐑼	ɪŋkaʊntəR	𐑦𐑯𐑒𐑬𐑯𐑑𐑼	ɪnˈkaʊntəR	high	
encountered	𐑦𐑙𐑒𐑬𐑯𐑑𐑼𐑛	ɪŋˈkaʊntəRd	𐑦𐑯𐑒𐑬𐑯𐑑𐑼𐑛	ɪnˈkaʊntəRd	high	
encouraging	𐑦𐑯𐑒𐑻𐑮𐑦𐑡𐑦𐑙	ɪnˈkɜːRrɪdʒɪŋ	𐑦𐑯𐑒𐑳𐑮𐑦𐑡𐑦𐑙	ɪnˈkʌrɪdʒɪŋ	high	
encroach	𐑦𐑙𐑒𐑮𐑴𐑗	ɪŋkrəʊtʃ	𐑦𐑯𐑒𐑮𐑴𐑗	ɪnˈkrəʊtʃ	high	
encroach	𐑧𐑙𐑒𐑮𐑴𐑗	eŋkrəʊtʃ	𐑦𐑯𐑒𐑮𐑴𐑗	ɪnˈkrəʊtʃ	high	
encryption	𐑦𐑙𐑒𐑮𐑦𐑐𐑖𐑩𐑯	ɪŋkrɪpʃən	𐑦𐑯𐑒𐑮𐑦𐑐𐑖𐑩𐑯	ɪnˈkrɪpʃən	high	
encryption	𐑧𐑯𐑒𐑮𐑦𐑐𐑖𐑩𐑯	enˈkrɪpʃən	𐑦𐑯𐑒𐑮𐑦𐑐𐑖𐑩𐑯	ɪnˈkrɪpʃən	high	
encyclopedia	𐑦𐑯𐑕𐑲𐑒𐑤𐑩𐑐𐑰𐑛𐑦𐑩	ɪnˌsaɪkləˈpiːdiə	𐑦𐑯𐑕𐑲𐑒𐑤𐑩𐑐𐑰𐑛𐑾	ɪnˌsaɪkləˈpiːdɪə	high	
endanger	𐑧𐑯𐑛𐑱𐑯𐑡𐑼	enˈdeɪndʒəR	𐑦𐑯𐑛𐑱𐑯𐑡𐑼	ɪnˈdeɪndʒəR	high	
endear	𐑧𐑯𐑛𐑽	endɪər	𐑦𐑯𐑛𐑽	ɪnˈdɪəR	high	
endearing	𐑦𐑯𐑛𐑦𐑮𐑦𐑙	ɪnˈdɪrɪŋ	𐑦𐑯𐑛𐑽𐑦𐑙	ɪnˈdɪərɪŋ	high	
endearing	𐑧𐑯-	en-	𐑦𐑯𐑛𐑽𐑦𐑙	ɪnˈdɪərɪŋ	medium	r_gap:spelling=1,ipa=0; shave_says:𐑦𐑯𐑛𐑽𐑦𐑙
endeavor	𐑧𐑯𐑛𐑧𐑝𐑼	enˈdevəR	𐑦𐑯𐑛𐑧𐑝𐑼	ɪnˈdevəR	high	
endive	𐑧𐑯𐑛𐑦𐑝	ˈendɪv	𐑧𐑯𐑛𐑲𐑝	ˈendaɪv	high	
endive	𐑪𐑯𐑛𐑰𐑝	ɒnˈdiːv	𐑧𐑯𐑛𐑲𐑝	ˈendaɪv	high	
endocrine	𐑧𐑯𐑛𐑴𐑒𐑮𐑦𐑯	endəʊkrɪn	𐑧𐑯𐑛𐑴𐑒𐑮𐑲𐑯	ˈendəʊkraɪn	high	
endorse	𐑦𐑯𐑛𐑪𐑮𐑕	ɪnˈdors	𐑦𐑯𐑛𐑹𐑕	ɪnˈdɔːRs	high	
endorse	𐑧𐑯𐑛𐑪𐑮𐑕	enˈdors	𐑦𐑯𐑛𐑹𐑕	ɪnˈdɔːRs	high	
endow	𐑧𐑯-	en-	𐑦𐑯𐑛𐑬	ɪnˈdaʊ	high	
endowment	𐑧𐑯𐑛𐑬𐑥𐑩𐑯𐑑	enˈdaʊmənt	𐑦𐑯𐑛𐑬𐑥𐑩𐑯𐑑	ɪnˈdaʊmənt	high	
endue	-𐑡𐑵	-ˈdʒuː	𐑦𐑯𐑛𐑵, 𐑦𐑯𐑛𐑿	ɪnˈdjuː	high	
endue	𐑦𐑯𐑛𐑘𐑫	ɪnˈdju	𐑦𐑯𐑛𐑵, 𐑦𐑯𐑛𐑿	ɪnˈdjuː	high	
endue	𐑧𐑯-	en-	𐑦𐑯𐑛𐑵, 𐑦𐑯𐑛𐑿	ɪnˈdjuː	high	
endurable	𐑦𐑯𐑛𐑘𐑼𐑦𐑚𐑩𐑤	ɪnˈdjərɪbəl	𐑦𐑯𐑛𐑘𐑫𐑼𐑩𐑚𐑩𐑤	ɪnˈdjʊərəbəl	high	
endurable	𐑦𐑯𐑛𐑻𐑦𐑚𐑩𐑤	ɪnˈdɜːRɪbəl	𐑦𐑯𐑛𐑘𐑫𐑼𐑩𐑚𐑩𐑤	ɪnˈdjʊərəbəl	high	
endurance	𐑦𐑯𐑛𐑘𐑹𐑩𐑯𐑕	ɪndjɔːrəns	𐑦𐑯𐑛𐑘𐑫𐑼𐑩𐑯𐑕	ɪnˈdjʊərəns	high	
endurance	𐑦𐑯𐑛𐑫𐑮𐑩𐑯𐑕	ɪnˈdʊrəns	𐑦𐑯𐑛𐑘𐑫𐑼𐑩𐑯𐑕	ɪnˈdjʊərəns	high	
endurance	𐑦𐑯𐑛𐑻𐑩𐑯𐑕	ɪnˈdɜːRəns	𐑦𐑯𐑛𐑘𐑫𐑼𐑩𐑯𐑕	ɪnˈdjʊərəns	high	
endure	𐑦𐑯𐑛𐑘𐑼	ɪnˈdjər	𐑦𐑯𐑛𐑘𐑫𐑼	ɪnˈdjʊəR	high	
endure	𐑦𐑯𐑛𐑻	ɪnˈdɜːR	𐑦𐑯𐑛𐑘𐑫𐑼	ɪnˈdjʊəR	high	
endured	𐑦𐑯𐑛𐑘𐑷𐑛	ɪndjɔːd	𐑦𐑯𐑛𐑘𐑫𐑼𐑛	ɪnˈdjʊəRd	medium	r_gap:spelling=1,ipa=0; shave_says:𐑦𐑯𐑛𐑘𐑫𐑼𐑛
endured	𐑦𐑯𐑛𐑫𐑮𐑛	ɪnˈdʊrd	𐑦𐑯𐑛𐑘𐑫𐑼𐑛	ɪnˈdjʊəRd	high	
endured	𐑦𐑯𐑛𐑻𐑛	ɪnˈdɜːRd	𐑦𐑯𐑛𐑘𐑫𐑼𐑛	ɪnˈdjʊəRd	high	
enduring	𐑦𐑯𐑛𐑘𐑩𐑼𐑦𐑙	ɪnˈdjəəRɪŋ	𐑦𐑯𐑛𐑘𐑫𐑼𐑦𐑙	ɪnˈdjʊərɪŋ	high	
enduring	𐑦𐑯𐑛𐑘𐑹𐑦𐑙	ɪndjɔːrɪŋ	𐑦𐑯𐑛𐑘𐑫𐑼𐑦𐑙	ɪnˈdjʊərɪŋ	high	
enduring	𐑦𐑯𐑛𐑻𐑦𐑙	ɪnˈdɜːRɪŋ	𐑦𐑯𐑛𐑘𐑫𐑼𐑦𐑙	ɪnˈdjʊərɪŋ	high	
energetic	𐑧𐑯𐑩𐑡𐑧𐑑𐑦𐑒	enədʒetɪk	𐑧𐑯𐑼𐑡𐑧𐑑𐑦𐑒	ˌenəRˈdʒetɪk	medium	r_gap:spelling=1,ipa=0; shave_says:𐑧𐑯𐑼𐑡𐑧𐑑𐑦𐑒
energies	𐑧𐑯𐑩𐑡𐑦𐑟	enədʒiz	𐑧𐑯𐑼𐑡𐑦𐑟	ˈenəRdʒiz	medium	r_gap:spelling=1,ipa=0; shave_says:𐑧𐑯𐑼𐑡𐑦𐑟
energy	𐑧𐑯𐑩𐑡𐑦	enədʒi	𐑧𐑯𐑼𐑡𐑦	ˈenəRdʒi	medium	r_gap:spelling=1,ipa=0; shave_says:𐑧𐑯𐑼𐑡𐑦
enforce	𐑦𐑯𐑓𐑪𐑮𐑕	ɪnˈfors	𐑦𐑯𐑓𐑹𐑕	ɪnˈfɔːRs	high	
enforced	𐑦𐑯𐑓𐑪𐑮𐑕𐑑	ɪnˈforst	𐑦𐑯𐑓𐑹𐑕𐑑	ɪnˈfɔːRst	high	
enforced	𐑧𐑯-	en-	𐑦𐑯𐑓𐑹𐑕𐑑	ɪnˈfɔːRst	medium	r_gap:spelling=1,ipa=0
enforcement	𐑦𐑯𐑓𐑪𐑮𐑕𐑥𐑩𐑯𐑑	ɪnˈforsmənt	𐑦𐑯𐑓𐑹𐑕𐑥𐑩𐑯𐑑	ɪnˈfɔːRsmənt	high	
enforcement	𐑧𐑯-	en-	𐑦𐑯𐑓𐑹𐑕𐑥𐑩𐑯𐑑	ɪnˈfɔːRsmənt	medium	r_gap:spelling=1,ipa=0; shave_says:𐑦𐑯𐑓𐑹𐑕𐑥𐑩𐑯𐑑
engender	𐑧𐑯𐑡𐑧𐑯𐑛𐑼	endʒendəR	𐑦𐑯𐑡𐑧𐑯𐑛𐑼	ɪnˈdʒendəR	high	
engineers	𐑧𐑯𐑡𐑦𐑯𐑦𐑮𐑟	ˌendʒɪˈnɪrz	𐑧𐑯𐑡𐑦𐑯𐑽𐑟	ˌendʒɪˈnɪəRz	high	
england	𐑦𐑙𐑜𐑩𐑤𐑩𐑯𐑛	ˈɪŋɡələnd	𐑦𐑙𐑜𐑤𐑩𐑯𐑛	ˈɪŋɡlənd	high	
england	𐑦𐑙𐑤𐑩𐑯𐑛	ˈɪŋlənd	𐑦𐑙𐑜𐑤𐑩𐑯𐑛	ˈɪŋɡlənd	high	
english	𐑦𐑙𐑜𐑩𐑤𐑦𐑖	ˈɪŋɡəlɪʃ	𐑦𐑙𐑜𐑤𐑦𐑖	ˈɪŋɡlɪʃ	high	
engross	𐑦𐑙𐑜𐑮𐑴𐑕	ɪŋɡrəʊs	𐑦𐑯𐑜𐑮𐑴𐑕	ɪnˈɡrəʊs	high	
engross	𐑧𐑙𐑜𐑮𐑴𐑕	eŋɡrəʊs	𐑦𐑯𐑜𐑮𐑴𐑕	ɪnˈɡrəʊs	high	
engross	𐑧𐑯𐑜𐑮𐑴𐑕	enɡrəʊs	𐑦𐑯𐑜𐑮𐑴𐑕	ɪnˈɡrəʊs	high	
engrossed	𐑧𐑯𐑜𐑮𐑴𐑕𐑑	enˈɡroʊst	𐑦𐑯𐑜𐑮𐑴𐑕𐑑	ɪnˈɡrəʊst	high	
engrossing	𐑧𐑙𐑜𐑮𐑴𐑕𐑦𐑙	eŋɡrəʊsɪŋ	𐑦𐑯𐑜𐑮𐑴𐑕𐑦𐑙	ɪnˈɡrəʊsɪŋ	high	
engrossing	𐑧𐑯𐑜𐑮𐑴𐑕𐑦𐑙	enɡrəʊsɪŋ	𐑦𐑯𐑜𐑮𐑴𐑕𐑦𐑙	ɪnˈɡrəʊsɪŋ	high	
enhance	𐑧𐑯𐑣𐑨𐑯𐑕	enˈhæns	𐑦𐑯𐑣𐑨𐑯𐑕, 𐑦𐑯𐑣𐑭𐑯𐑕	ɪnˈhⱭːns	high	
enhancement	𐑧𐑯𐑣𐑨𐑯𐑕𐑥𐑩𐑯𐑑	enˈhænsmənt	𐑦𐑯𐑣𐑨𐑯𐑕𐑥𐑩𐑯𐑑, 𐑦𐑯𐑣𐑭𐑯𐑕𐑥𐑩𐑯𐑑	ɪnˈhⱭːnsmənt	high	
enhancer	𐑧𐑯𐑣𐑨𐑯𐑕𐑼	enˈhænsəR	𐑦𐑯𐑣𐑨𐑯𐑕𐑼, 𐑦𐑯𐑣𐑭𐑯𐑕𐑼	ɪnˈhⱭːnsəR	high	
enliven	𐑧𐑯𐑤𐑲𐑝𐑩𐑯	enˈlaɪvən	𐑦𐑯𐑤𐑲𐑝𐑩𐑯	ɪnˈlaɪvən	high	
enmity	𐑧𐑥𐑯𐑦𐑑𐑦	ˈemnɪti	𐑧𐑯𐑥𐑦𐑑𐑦	ˈenmɪti	high	
enneagon	𐑧𐑯𐑰𐑩𐑜𐑩𐑯	ˈeniːəɡən	𐑧𐑯𐑾𐑜𐑪𐑯	ˈeniəɡɒn	high	
ennui	𐑪𐑯𐑢𐑦	ɒnˈwi	𐑪𐑯𐑢𐑰	ɒnˈwiː	high	
enormity	-𐑑𐑦	-ti	𐑦𐑯𐑹𐑥𐑦𐑑𐑦	ɪˈnɔːRmɪti	medium	r_gap:spelling=1,ipa=0
enormity	𐑦𐑯𐑪𐑮𐑥𐑦𐑑𐑦	ɪˈnormɪti	𐑦𐑯𐑹𐑥𐑦𐑑𐑦	ɪˈnɔːRmɪti	high	
enormous	𐑦𐑯𐑪𐑮𐑥𐑩𐑕	ɪˈnorməs	𐑦𐑯𐑹𐑥𐑩𐑕	ɪˈnɔːRməs	high	
enough	𐑦-	i-	𐑦𐑯𐑳𐑓	ɪˈnʌf	high	
enough	𐑩-	ə-	𐑦𐑯𐑳𐑓	ɪˈnʌf	high	
enquire	𐑦𐑙-	ɪŋ-	𐑦𐑯𐑒𐑢𐑲𐑼	ɪnˈkwaɪəR	medium	r_gap:spelling=1,ipa=0
enquire	𐑦𐑯-	ɪn-	𐑦𐑯𐑒𐑢𐑲𐑼	ɪnˈkwaɪəR	medium	r_gap:spelling=1,ipa=0; shave_says:𐑦𐑯𐑒𐑢𐑲𐑼
enquire	𐑧𐑯𐑒𐑢𐑲𐑮	enˈkwaɪr	𐑦𐑯𐑒𐑢𐑲𐑼	ɪnˈkwaɪəR	high	
enquiry	𐑧𐑯𐑒-	enk-	𐑦𐑯𐑒𐑢𐑲𐑼𐑦	ɪnˈkwaɪəri	low	ml_disagrees:𐑦𐑯𐑒-; r_gap:spelling=1,ipa=0; shave_says:𐑦𐑯𐑒𐑢𐑲𐑼𐑦
enroll	𐑧𐑯𐑮𐑴𐑤	enˈroʊl	𐑦𐑯𐑮𐑴𐑤	ɪnˈrəʊl	high	
enrollment	𐑦𐑯𐑮𐑪𐑤𐑥𐑩𐑯𐑑	ɪnˈrolmənt	𐑦𐑯𐑮𐑴𐑤𐑥𐑩𐑯𐑑	ɪnˈrəʊlmənt	high	
enrollment	𐑩𐑯𐑮𐑪𐑤𐑥𐑩𐑯𐑑	ənˈrolmənt	𐑦𐑯𐑮𐑴𐑤𐑥𐑩𐑯𐑑	ɪnˈrəʊlmənt	high	
enrollment	𐑩𐑯𐑮𐑴𐑤𐑥𐑩𐑯𐑑	ənrəʊlmənt	𐑦𐑯𐑮𐑴𐑤𐑥𐑩𐑯𐑑	ɪnˈrəʊlmənt	high	
ensconce	𐑧𐑯𐑕𐑒𐑪𐑯𐑕	enˈskɒns	𐑦𐑯𐑕𐑒𐑪𐑯𐑕	ɪnˈskɒns	high	
enshrine	𐑦𐑯𐑖𐑮𐑳𐑦𐑯	ɪnʃrʌɪn	𐑦𐑯𐑖𐑮𐑲𐑯	ɪnˈʃraɪn	high	
enshrine	𐑧𐑯𐑖𐑮𐑳𐑦𐑯	enʃrʌɪn	𐑦𐑯𐑖𐑮𐑲𐑯	ɪnˈʃraɪn	high	
ensnare	𐑦𐑯-	ɪn-	𐑦𐑯𐑕𐑯𐑺	ɪnˈsneəR	medium	r_gap:spelling=1,ipa=0; shave_says:𐑦𐑯𐑕𐑯𐑺
ensnare	𐑧𐑯𐑕𐑯𐑺	ensneəR	𐑦𐑯𐑕𐑯𐑺	ɪnˈsneəR	high	
ensue	𐑦𐑯𐑕𐑵	ɪnˈsuː	𐑦𐑯𐑕𐑿	ɪnˈsjuː	high	
ensue	𐑦𐑯𐑖𐑵	ɪnˈʃuː	𐑦𐑯𐑕𐑿	ɪnˈsjuː	high	
ensue	𐑧𐑯𐑕𐑿	enˈsjuː	𐑦𐑯𐑕𐑿	ɪnˈsjuː	high	
ensue	𐑧𐑯𐑖𐑵	enˈʃuː	𐑦𐑯𐑕𐑿	ɪnˈsjuː	high	
ensure	𐑦𐑯𐑖𐑫𐑮	ɪnˈʃʊr	𐑦𐑯𐑖𐑫𐑼	ɪnˈʃʊəR	high	
ensure	𐑦𐑯𐑖𐑻	ɪnˈʃɜːR	𐑦𐑯𐑖𐑫𐑼	ɪnˈʃʊəR	high	
ensuring	𐑦𐑯𐑖𐑫𐑮𐑦𐑙	ɪnˈʃʊrɪŋ	𐑦𐑯𐑖𐑫𐑼𐑦𐑙	ɪnˈʃʊərɪŋ	high	
ensuring	𐑦𐑯𐑖𐑹𐑦𐑙	ɪnʃɔːrɪŋ	𐑦𐑯𐑖𐑫𐑼𐑦𐑙	ɪnˈʃʊərɪŋ	high	
ensuring	𐑦𐑯𐑖𐑻𐑦𐑙	ɪnˈʃɜːRɪŋ	𐑦𐑯𐑖𐑫𐑼𐑦𐑙	ɪnˈʃʊərɪŋ	high	
entangle	𐑧𐑯𐑑𐑨𐑙𐑜𐑩𐑤	enˈtaŋɡəl	𐑦𐑯𐑑𐑨𐑙𐑜𐑩𐑤	ɪnˈtæŋɡəl	high	
enterprise	𐑧𐑯𐑑𐑩𐑐𐑮𐑲𐑟	entəpraɪz	𐑧𐑯𐑑𐑼𐑐𐑮𐑲𐑟	ˈentəRpraɪz	medium	r_gap:spelling=2,ipa=1; shave_says:𐑧𐑯𐑑𐑼𐑐𐑮𐑲𐑟
entertain	𐑧𐑯𐑑𐑩𐑑𐑱𐑯	entəteɪn	𐑧𐑯𐑑𐑼𐑑𐑱𐑯	ˌentəRˈteɪn	medium	r_gap:spelling=1,ipa=0; shave_says:𐑧𐑯𐑑𐑼𐑑𐑱𐑯
entertained	𐑧𐑯𐑑𐑩𐑑𐑱𐑯𐑛	entəteɪnd	𐑧𐑯𐑑𐑼𐑑𐑱𐑯𐑛	ˌentəRˈteɪnd	medium	r_gap:spelling=1,ipa=0; shave_says:𐑧𐑯𐑑𐑼𐑑𐑱𐑯𐑛
entertainer	𐑧𐑯𐑑𐑩𐑑𐑱𐑯𐑼	entəteɪnəR	𐑧𐑯𐑑𐑼𐑑𐑱𐑯𐑼	ˌentəRˈteɪnəR	medium	r_gap:spelling=2,ipa=1; shave_says:𐑧𐑯𐑑𐑼𐑑𐑱𐑯𐑼
entertainment	𐑧𐑯𐑑𐑩𐑑𐑱𐑯𐑥𐑩𐑯𐑑	entəteɪnmənt	𐑧𐑯𐑑𐑼𐑑𐑱𐑯𐑥𐑩𐑯𐑑	ˌentəRˈteɪnmənt	medium	r_gap:spelling=1,ipa=0; shave_says:𐑧𐑯𐑑𐑼𐑑𐑱𐑯𐑥𐑩𐑯𐑑
enthuse	𐑦𐑯𐑔𐑫𐑟	ɪnˈθuz	𐑦𐑯𐑔𐑿𐑟	ɪnˈθjuːz	high	
enthuse	𐑧𐑯𐑔𐑫𐑟	enˈθuz	𐑦𐑯𐑔𐑿𐑟	ɪnˈθjuːz	high	
enthuse	𐑧𐑯𐑔𐑿𐑟	enˈθjuːz	𐑦𐑯𐑔𐑿𐑟	ɪnˈθjuːz	high	
enthusiast	-𐑔𐑘𐑫-	-ˈθju-	𐑦𐑯𐑔𐑿𐑟𐑦𐑨𐑕𐑑	ɪnˈθjuːzɪæst	high	
enthusiast	-𐑔𐑿-	-θjuː-	𐑦𐑯𐑔𐑿𐑟𐑦𐑨𐑕𐑑	ɪnˈθjuːzɪæst	high	
enthusiast	-𐑨𐑕𐑑	-ˌæst	𐑦𐑯𐑔𐑿𐑟𐑦𐑨𐑕𐑑	ɪnˈθjuːzɪæst	high	
enthusiast	-𐑩𐑕𐑑	-əst	𐑦𐑯𐑔𐑿𐑟𐑦𐑨𐑕𐑑	ɪnˈθjuːzɪæst	high	
enthusiast	𐑦𐑯𐑔𐑵𐑟𐑦𐑨𐑕𐑑	ɪnˈθuːziˌæst	𐑦𐑯𐑔𐑿𐑟𐑦𐑨𐑕𐑑	ɪnˈθjuːzɪæst	high	
enthusiast	𐑧𐑯-	en-	𐑦𐑯𐑔𐑿𐑟𐑦𐑨𐑕𐑑	ɪnˈθjuːzɪæst	high	
enthusiast	𐑩𐑯𐑔𐑫𐑟𐑦𐑦𐑕𐑑	ənˈθuziˌɪst	𐑦𐑯𐑔𐑿𐑟𐑦𐑨𐑕𐑑	ɪnˈθjuːzɪæst	high	
enthusiastic	𐑦𐑯𐑔𐑵𐑟𐑦𐑨𐑕𐑑𐑦𐑒	ɪnˌθuːziˈæstɪk	𐑦𐑯𐑔𐑿𐑟𐑦𐑨𐑕𐑑𐑦𐑒	ɪnˌθjuːzɪˈæstɪk	high	
entire	𐑩𐑯𐑑𐑲𐑼	əntaɪəR	𐑦𐑯𐑑𐑲𐑼	ɪnˈtaɪəR	high	
entirely	𐑦𐑯𐑑𐑲𐑩𐑤𐑦	ɪntaɪəli	𐑦𐑯𐑑𐑲𐑼𐑤𐑦	ɪnˈtaɪəRli	medium	r_gap:spelling=1,ipa=0; shave_says:𐑦𐑯𐑑𐑲𐑼𐑤𐑦
entirely	𐑦𐑯𐑑𐑲𐑮𐑤𐑦	ɪnˈtaɪrli	𐑦𐑯𐑑𐑲𐑼𐑤𐑦	ɪnˈtaɪəRli	high	
entirety	-𐑑𐑲𐑩𐑑𐑦	-taɪəti	𐑦𐑯𐑑𐑲𐑼𐑦𐑑𐑦	ɪnˈtaɪərɪti	medium	r_gap:spelling=1,ipa=0; shave_says:𐑦𐑯𐑑𐑲𐑼𐑦𐑑𐑦
entirety	-𐑑𐑳𐑦𐑮𐑩𐑑𐑦	-tʌɪrəti	𐑦𐑯𐑑𐑲𐑼𐑦𐑑𐑦	ɪnˈtaɪərɪti	high	
entirety	𐑧𐑯-	en-	𐑦𐑯𐑑𐑲𐑼𐑦𐑑𐑦	ɪnˈtaɪərɪti	medium	r_gap:spelling=1,ipa=0
entitle	𐑧𐑯𐑑𐑲𐑑𐑩𐑤	enˈtaɪtəl	𐑦𐑯𐑑𐑲𐑑𐑩𐑤	ɪnˈtaɪtəl	high	
entitle	𐑩𐑯𐑑𐑲𐑑𐑩𐑤	ənˈtaɪtəl	𐑦𐑯𐑑𐑲𐑑𐑩𐑤	ɪnˈtaɪtəl	high	
entourage	𐑪𐑯𐑑𐑫𐑮𐑸𐑠	ɒntʊrɑːRʒ	𐑪𐑯𐑑𐑫𐑮𐑭𐑠	ˌɒntuˈrɑːʒ	high	
entourage	𐑪𐑯𐑑𐑼𐑪𐑠	ˈɒntərɒʒ	𐑪𐑯𐑑𐑫𐑮𐑭𐑠	ˌɒntuˈrɑːʒ	high	
entr'acte	𐑪𐑯𐑑𐑮𐑪𐑒𐑑	ˈɒnˌtrɒkt	𐑪𐑯𐑑𐑮𐑨𐑒𐑑	ˈɒntrækt	high	
entrance	𐑧𐑯𐑑𐑮𐑭𐑯𐑕	entrɑːns	𐑦𐑯𐑑𐑮𐑨𐑯𐑕, 𐑦𐑯𐑑𐑮𐑭𐑯𐑕, 𐑧𐑯𐑑𐑮𐑩𐑯𐑕	ˈentrəns	high	
entranced	𐑧𐑯𐑑𐑮𐑨𐑯𐑕𐑑	enˈtrænst	𐑦𐑯𐑑𐑮𐑨𐑯𐑕𐑑, 𐑦𐑯𐑑𐑮𐑭𐑯𐑕𐑑	ɪnˈtrⱭːnst	high	
entranced	𐑧𐑯𐑑𐑮𐑭𐑯𐑕𐑑	entrɑːnst	𐑦𐑯𐑑𐑮𐑨𐑯𐑕𐑑, 𐑦𐑯𐑑𐑮𐑭𐑯𐑕𐑑	ɪnˈtrⱭːnst	high	
entreat	𐑦𐑯𐑑𐑮𐑦𐑑	ɪnˈtrit	𐑦𐑯𐑑𐑮𐑰𐑑	ɪnˈtriːt	high	
entreat	𐑧𐑯-	en-	𐑦𐑯𐑑𐑮𐑰𐑑	ɪnˈtriːt	medium	r_gap:spelling=1,ipa=0; shave_says:𐑦𐑯𐑑𐑮𐑰𐑑
entreaty	𐑧𐑯𐑑𐑮𐑰𐑑𐑦	entriːti	𐑦𐑯𐑑𐑮𐑰𐑑𐑦	ɪnˈtriːti	high	
entreaty	𐑩𐑯𐑑𐑮𐑰𐑑𐑦	əntriːti	𐑦𐑯𐑑𐑮𐑰𐑑𐑦	ɪnˈtriːti	high	
entrench	𐑧𐑯𐑑𐑮𐑧𐑯𐑗	entrentʃ	𐑦𐑯𐑑𐑮𐑧𐑯𐑗	ɪnˈtrentʃ	high	
entrepreneur	𐑪𐑯𐑑𐑮𐑩𐑐𐑮𐑩𐑯𐑫𐑼	ˌɒntrəprəˈnʊəR	𐑪𐑯𐑑𐑮𐑩𐑐𐑮𐑩𐑯𐑻	ˌɒntrəprəˈnɜːR	high	
entrepreneurial	𐑪𐑯𐑑𐑮𐑩𐑐𐑮𐑩𐑯𐑫𐑮𐑦𐑩𐑤	ˌɒntrəprəˈnʊriəl	𐑪𐑯𐑑𐑮𐑩𐑐𐑮𐑩𐑯𐑻𐑾𐑤	ˌɒntrəprəˈnɜːrɪəl	high	
entrepreneurial	𐑪𐑯𐑑𐑮𐑩𐑐𐑮𐑩𐑯𐑻𐑦𐑩𐑤	ɒntrəprənɜːriəl	𐑪𐑯𐑑𐑮𐑩𐑐𐑮𐑩𐑯𐑻𐑾𐑤	ˌɒntrəprəˈnɜːrɪəl	high	
enumerate	𐑦𐑯𐑘𐑫𐑥𐑼𐑱𐑑	ɪˈnjuməˌreɪt	𐑦𐑯𐑵𐑥𐑼𐑱𐑑, 𐑦𐑯𐑿𐑥𐑼𐑱𐑑	ɪˈnjuːməreɪt	high	
enunciation	𐑦𐑯𐑳𐑯𐑖𐑦𐑱𐑖𐑩𐑯	ɪˌnʌnʃɪˈeɪʃən	𐑦𐑯𐑳𐑯𐑕𐑦𐑱𐑖𐑩𐑯	ɪˌnʌnsɪˈeɪʃən	high	
envelope	-𐑤𐑪𐑐	-lop	𐑧𐑯𐑝𐑩𐑤𐑴𐑐	ˈenvələʊp	high	
envelope	𐑪𐑯-	ˈɒn-	𐑧𐑯𐑝𐑩𐑤𐑴𐑐	ˈenvələʊp	high	
envelope	𐑪𐑯𐑝𐑤𐑴𐑐	ˈɒnvləʊp	𐑧𐑯𐑝𐑩𐑤𐑴𐑐	ˈenvələʊp	high	
envelope	𐑪𐑯𐑝𐑩𐑤𐑴𐑐	ˈɒnvələʊp	𐑧𐑯𐑝𐑩𐑤𐑴𐑐	ˈenvələʊp	high	
enviable	𐑧𐑯𐑝𐑦𐑩𐑚𐑩𐑤	ˈenviəbəl	𐑧𐑯𐑝𐑾𐑚𐑩𐑤	ˈenvɪəbəl	high	
environ	𐑦𐑯𐑝𐑲𐑼𐑩𐑯	ɪnˈvaɪərən	𐑦𐑯𐑝𐑲𐑮𐑩𐑯	ɪnˈvaɪrən	high	
environ	𐑧𐑯-	en-	𐑦𐑯𐑝𐑲𐑮𐑩𐑯	ɪnˈvaɪrən	medium	r_gap:spelling=1,ipa=0; shave_says:𐑦𐑯𐑝𐑲𐑮𐑩𐑯
environment	𐑦𐑯𐑝𐑲𐑮𐑩𐑥𐑩𐑯𐑑	ɪnvaɪrəmənt	𐑦𐑯𐑝𐑲𐑮𐑩𐑯𐑥𐑩𐑯𐑑	ɪnˈvaɪrənmənt	high	
environment	𐑦𐑯𐑝𐑲𐑼𐑥𐑩𐑯𐑑	ɪnˈvaɪəRmənt	𐑦𐑯𐑝𐑲𐑮𐑩𐑯𐑥𐑩𐑯𐑑	ɪnˈvaɪrənmənt	high	
environment	𐑦𐑯𐑝𐑲𐑼𐑯𐑥𐑩𐑯𐑑	ɪnˈvaɪəRnmənt	𐑦𐑯𐑝𐑲𐑮𐑩𐑯𐑥𐑩𐑯𐑑	ɪnˈvaɪrənmənt	high	
environmental	𐑩𐑯𐑝𐑲𐑼𐑯𐑥𐑧𐑯𐑑𐑩𐑤	ənˌvaɪəRnˈmentəl	𐑦𐑯𐑝𐑲𐑮𐑩𐑯𐑥𐑧𐑯𐑑𐑩𐑤	ɪnˌvaɪrənˈmentəl	high	
envoi	𐑪𐑯𐑝𐑶	ˈɒnvɔɪ	𐑧𐑯𐑝𐑶	ˈenvɔɪ	high	
envoy	𐑪𐑯𐑝𐑶	ˈɒnvɔɪ	𐑧𐑯𐑝𐑶	ˈenvɔɪ	high	
eon	𐑦𐑪𐑯	ˈiɒn	𐑰𐑪𐑯	ˈiːɒn	high	
eon	𐑰𐑩𐑯	ˈiːən	𐑰𐑪𐑯	ˈiːɒn	high	
eon	𐑱𐑪𐑯	ˈeɪɒn	𐑰𐑪𐑯	ˈiːɒn	high	
ephesians	𐑩𐑓𐑦𐑠𐑩𐑯𐑟	əˈfiʒənz	𐑦𐑓𐑰𐑠𐑩𐑯𐑟	ɪˈfiːʒənz	high	
epicene	𐑧𐑐𐑩𐑕𐑦𐑯	ˈepəˌsin	𐑧𐑐𐑦𐑕𐑰𐑯	epɪˈsiːn	high	
epicure	𐑧𐑐𐑦𐑒𐑘𐑼	ˈepɪkjər	𐑧𐑐𐑦𐑒𐑘𐑫𐑼	ˈepɪkjʊəR	high	
epicurean	𐑧𐑐𐑦𐑒𐑘𐑩𐑼𐑰𐑩𐑯	epɪkjəəriːən	𐑧𐑐𐑦𐑒𐑘𐑫𐑼𐑾𐑯	ˌepɪkjʊəˈriən	medium	ml_disagrees:𐑧𐑐𐑦𐑒𐑘𐑫𐑼𐑦ː𐑩𐑯; shave_says:𐑧𐑐𐑦𐑒𐑘𐑫𐑼𐑾𐑯
epicurean	𐑧𐑐𐑦𐑒𐑘𐑼𐑦𐑩𐑯	ˌepɪkjəˈriən	𐑧𐑐𐑦𐑒𐑘𐑫𐑼𐑾𐑯	ˌepɪkjʊəˈriən	high	
epicurean	𐑧𐑐𐑦𐑒𐑘𐑼𐑰𐑩𐑯	ˌepɪkjəˈriːən	𐑧𐑐𐑦𐑒𐑘𐑫𐑼𐑾𐑯	ˌepɪkjʊəˈriən	high	
epidemiology	𐑧𐑐𐑦𐑛𐑦𐑥𐑦𐑪𐑤𐑩𐑡𐑦	ˌepɪˌdimiˈɒlədʒi	𐑧𐑐𐑦𐑛𐑰𐑥𐑦𐑪𐑤𐑩𐑡𐑦	ˌepɪdiːmɪˈɒlədʒi	high	
epidemiology	𐑧𐑐𐑦𐑛𐑧𐑥-	ˌepɪˌdem-	𐑧𐑐𐑦𐑛𐑰𐑥𐑦𐑪𐑤𐑩𐑡𐑦	ˌepɪdiːmɪˈɒlədʒi	high	
epidermis	𐑧𐑐𐑩𐑛𐑻𐑥𐑦𐑕	ˌepəˈdɜːRmɪs	𐑧𐑐𐑦𐑛𐑻𐑥𐑦𐑕	ˌepɪˈdɜːRmɪs	high	
epidiascope	𐑧𐑐𐑦𐑛𐑳𐑾𐑕𐑒𐑴𐑐	epɪˈdʌɪəskəʊp	𐑧𐑐𐑦𐑛𐑲𐑩𐑕𐑒𐑴𐑐	ˌepɪˈdaɪəskəʊp	high	
epilepsy	𐑧𐑐𐑩𐑤𐑧𐑐𐑕𐑦	ˈepəˌlepsi	𐑧𐑐𐑦𐑤𐑧𐑐𐑕𐑦	ˈepɪlepsi	high	
epilogue	𐑧𐑐𐑦𐑤𐑷𐑜	ˈepɪlɔːɡ	𐑧𐑐𐑦𐑤𐑪𐑜	ˈepɪlɒɡ	high	
episcopalian	𐑦𐑐𐑦𐑕𐑒𐑩𐑐𐑱𐑤𐑦𐑩𐑯	ɪpɪskəpeɪliən	𐑦𐑐𐑦𐑕𐑒𐑩𐑐𐑱𐑤𐑾𐑯	ɪˌpɪskəˈpeɪlɪən	high	
episcopalian	𐑩𐑐𐑦𐑕𐑒𐑩𐑐𐑱𐑤𐑘𐑩𐑯	əˌpɪskəˈpeɪljən	𐑦𐑐𐑦𐑕𐑒𐑩𐑐𐑱𐑤𐑾𐑯	ɪˌpɪskəˈpeɪlɪən	high	
episcopalian	𐑩𐑐𐑦𐑕𐑒𐑩𐑐𐑱𐑤𐑦𐑩𐑯	əˌpɪskəˈpeɪliən	𐑦𐑐𐑦𐑕𐑒𐑩𐑐𐑱𐑤𐑾𐑯	ɪˌpɪskəˈpeɪlɪən	high	
episode	𐑧𐑐𐑩𐑕𐑴𐑛	ˈepəsoʊd	𐑧𐑐𐑦𐑕𐑴𐑛	ˈepɪsəʊd	high	
episodic	𐑧𐑐𐑦𐑕𐑪𐑑𐑦𐑒	ˌepɪˈsɒtɪk	𐑧𐑐𐑦𐑕𐑪𐑛𐑦𐑒	ˌepɪˈsɒdɪk	high	
epistolary	𐑦𐑐𐑦𐑕𐑑𐑩𐑤𐑧𐑮𐑦	ɪˈpɪstəˌleri	𐑦𐑐𐑦𐑕𐑑𐑩𐑤𐑼𐑦	ɪˈpɪstələri	high	
epistolary	𐑧-	e-	𐑦𐑐𐑦𐑕𐑑𐑩𐑤𐑼𐑦	ɪˈpɪstələri	medium	r_gap:spelling=1,ipa=0; shave_says:𐑦𐑐𐑦𐑕𐑑𐑤𐑼𐑦
epistolary	𐑧𐑐𐑦𐑕𐑑𐑪𐑤𐑼𐑦	epɪstɒləri	𐑦𐑐𐑦𐑕𐑑𐑩𐑤𐑼𐑦	ɪˈpɪstələri	high	
epistolary	𐑧𐑐𐑩𐑕𐑑𐑪𐑤𐑼𐑦	ˌepəˈstɒləri	𐑦𐑐𐑦𐑕𐑑𐑩𐑤𐑼𐑦	ɪˈpɪstələri	high	
epistolary	𐑩-	ə-	𐑦𐑐𐑦𐑕𐑑𐑩𐑤𐑼𐑦	ɪˈpɪstələri	medium	r_gap:spelling=1,ipa=0; shave_says:𐑦𐑐𐑦𐑕𐑑𐑤𐑼𐑦
epitomize	𐑩𐑐𐑦𐑑𐑩𐑥𐑲𐑟	əˈpɪtəˌmaɪz	𐑦𐑐𐑦𐑑𐑩𐑥𐑲𐑟	ɪˈpɪtəmaɪz	high	
epoch	𐑦𐑐𐑪𐑒	ˈiˌpɒk	𐑰𐑐𐑪𐑒	ˈiːpɒk	high	
epoch	𐑧𐑐𐑩𐑒	ˈepək	𐑰𐑐𐑪𐑒	ˈiːpɒk	high	
epoch	𐑧𐑐𐑪𐑒	ˈepɒk	𐑰𐑐𐑪𐑒	ˈiːpɒk	high	
epoch	𐑱𐑐𐑪𐑒	ˈeɪˌpɒk	𐑰𐑐𐑪𐑒	ˈiːpɒk	high	
eponymous	𐑧-	e-	𐑦𐑐𐑪𐑯𐑦𐑥𐑩𐑕	ɪˈpɒnɪməs	high	
eponymous	𐑩𐑐𐑪𐑯𐑩𐑥𐑩𐑕	əˈpɒnəməs	𐑦𐑐𐑪𐑯𐑦𐑥𐑩𐑕	ɪˈpɒnɪməs	high	
equalitarian	𐑦𐑒𐑢𐑪𐑤𐑦𐑑𐑧𐑮𐑦𐑩𐑯	ɪˈkwɒlɪˈteriən	𐑦𐑒𐑢𐑪𐑤𐑦𐑑𐑺𐑾𐑯	ɪˌkwɒlɪˈteərɪən	high	
equalitarian	𐑦𐑒𐑢𐑪𐑤𐑦𐑑𐑺𐑦𐑩𐑯	ɪkwɒlɪteəriən	𐑦𐑒𐑢𐑪𐑤𐑦𐑑𐑺𐑾𐑯	ɪˌkwɒlɪˈteərɪən	high	
equalize	𐑦𐑒𐑢𐑩𐑤𐑲𐑟	ˈikwəˌlaɪz	𐑰𐑒𐑢𐑩𐑤𐑲𐑟	ˈiːkwəlaɪz	high	
equalizer	𐑦𐑒𐑢𐑩𐑤𐑲𐑟𐑼	ˈikwəˌlaɪzər	𐑰𐑒𐑢𐑩𐑤𐑲𐑟𐑼	ˈiːkwəlaɪzəR	high	
equation	-𐑖𐑩𐑯	-ʃən	𐑦𐑒𐑢𐑱𐑠𐑩𐑯	ɪˈkweɪʒən	high	
equidistant	𐑦𐑒𐑢𐑩𐑛𐑦𐑕𐑑𐑩𐑯𐑑	ˌikwəˈdɪstənt	𐑰𐑒𐑢𐑦𐑛𐑦𐑕𐑑𐑩𐑯𐑑	ˌiːkwɪˈdɪstənt	high	
equidistant	𐑧𐑒𐑢𐑦𐑛𐑦𐑕𐑑𐑩𐑯𐑑	ˌekwɪˈdɪstənt	𐑰𐑒𐑢𐑦𐑛𐑦𐑕𐑑𐑩𐑯𐑑	ˌiːkwɪˈdɪstənt	high	
equilibria	𐑧𐑒𐑢𐑦𐑤𐑦𐑚𐑮𐑾	ekwɪlɪbrɪə	𐑰𐑒𐑢𐑦𐑤𐑦𐑚𐑮𐑾	ˌiːkwɪˈlɪbrɪə	high	
equilibrium	𐑧𐑒𐑢𐑦𐑤𐑦𐑚𐑮𐑾𐑥	ekwɪlɪbrɪəm	𐑰𐑒𐑢𐑦𐑤𐑦𐑚𐑮𐑾𐑥	ˌiːkwɪˈlɪbrɪəm	high	
equine	𐑦𐑒𐑢𐑲𐑯	ˈiˌkwaɪn	𐑧𐑒𐑢𐑲𐑯	ˈekwaɪn	high	
equine	𐑰𐑒𐑢𐑲𐑯	ˈiːˌkwaɪn	𐑧𐑒𐑢𐑲𐑯	ˈekwaɪn	high	
equinoctial	𐑧𐑒𐑢𐑦𐑯𐑪𐑒𐑖𐑩𐑤	ˌekwɪˈnɒkʃəl	𐑰𐑒𐑢𐑦𐑯𐑪𐑒𐑖𐑩𐑤	ˌiːkwɪˈnɒkʃəl	high	
equinoctial	𐑧𐑒𐑢𐑩𐑯𐑪𐑒𐑖𐑩𐑤	ˌekwəˈnɒkʃəl	𐑰𐑒𐑢𐑦𐑯𐑪𐑒𐑖𐑩𐑤	ˌiːkwɪˈnɒkʃəl	high	
equinoctial	𐑰𐑒𐑢𐑩𐑯𐑪𐑒𐑖𐑩𐑤	ˌiːkwəˈnɒkʃəl	𐑰𐑒𐑢𐑦𐑯𐑪𐑒𐑖𐑩𐑤	ˌiːkwɪˈnɒkʃəl	high	
equinox	𐑦-	ˈi-	𐑰𐑒𐑢𐑦𐑯𐑪𐑒𐑕	ˈiːkwɪnɒks	high	
equinox	𐑧𐑒𐑢𐑦𐑯𐑪𐑒𐑑𐑰𐑟	ˌekwɪˈnɒktiːz	𐑰𐑒𐑢𐑦𐑯𐑪𐑒𐑕	ˈiːkwɪnɒks	high	
equinox	𐑧𐑒𐑢𐑦𐑯𐑪𐑒𐑕	ˈekwɪnɒks	𐑰𐑒𐑢𐑦𐑯𐑪𐑒𐑕	ˈiːkwɪnɒks	high	
equinox	𐑧𐑒𐑢𐑩𐑯𐑪𐑒𐑑𐑦𐑟	ˌekwəˈnɒktiz	𐑰𐑒𐑢𐑦𐑯𐑪𐑒𐑕	ˈiːkwɪnɒks	high	
equinox	𐑧𐑒𐑢𐑩𐑯𐑪𐑒𐑕	ˈekwəˌnɒks	𐑰𐑒𐑢𐑦𐑯𐑪𐑒𐑕	ˈiːkwɪnɒks	high	
equinox	𐑰-	ˈiː-	𐑰𐑒𐑢𐑦𐑯𐑪𐑒𐑕	ˈiːkwɪnɒks	high	
equivocal	𐑩𐑒𐑢𐑦𐑝𐑩𐑒𐑩𐑤	əˈkwɪvəkəl	𐑦𐑒𐑢𐑦𐑝𐑩𐑒𐑩𐑤	ɪˈkwɪvəkəl	high	
era	𐑧𐑮𐑩	ˈerə	𐑽𐑩	ˈɪərə	high	
eradicate	𐑦𐑮𐑨𐑛𐑩𐑒𐑱𐑑	iˈrædəˌkeɪt	𐑦𐑮𐑨𐑛𐑦𐑒𐑱𐑑	ɪˈrædɪkeɪt	high	
eradicate	𐑼𐑨𐑛𐑩𐑒𐑱𐑑	əˈrædəˌkeɪt	𐑦𐑮𐑨𐑛𐑦𐑒𐑱𐑑	ɪˈrædɪkeɪt	high	
erase	𐑦-	i-	𐑦𐑮𐑱𐑕, 𐑦𐑮𐑱𐑟	ɪˈreɪz	medium	r_gap:spelling=1,ipa=0
erasure	𐑦𐑮𐑱𐑖𐑼	ɪˈreɪʃəR	𐑦𐑮𐑱𐑠𐑼	ɪˈreɪʒəR	high	
erasure	𐑦𐑮𐑱𐑠𐑫𐑼	ɪreɪʒʊəR	𐑦𐑮𐑱𐑠𐑼	ɪˈreɪʒəR	high	
ere	𐑻	ɜːR	𐑺	eəR	high	
erectile	𐑼𐑧𐑒𐑑𐑲𐑤	əˈrektaɪl	𐑦𐑮𐑧𐑒𐑑𐑲𐑤	ɪˈrektaɪl	high	
ergative	-𐑑𐑦𐑝	-tɪv	𐑻𐑜𐑩𐑑𐑦𐑝	ˈɜːRɡətɪv	medium	r_gap:spelling=1,ipa=0
ergo	𐑺𐑜𐑴	ˈeəRɡoʊ	𐑻𐑜𐑴	ˈɜːRɡəʊ	high	
ernest	𐑻𐑯𐑦𐑕𐑑	ɜːrnɪst	𐑻𐑯𐑩𐑕𐑑	ˈɜːRnIst	high	
eros	𐑽𐑪𐑕	ɪərɒs	𐑧𐑮𐑪𐑕	ˈerɒs	high	
erosion	𐑼𐑴𐑠𐑩𐑯	əˈroʊʒən	𐑦𐑮𐑴𐑠𐑩𐑯	ɪˈrəʊʒən	high	
errata	𐑧𐑮𐑪𐑑𐑩	eˈrɒtə	𐑧𐑮𐑨𐑑𐑩, 𐑧𐑮𐑭𐑑𐑩	eˈrⱭːtə	medium	r_gap:spelling=2,ipa=1
erratum	𐑧𐑮𐑪𐑑𐑩𐑥	eˈrɒtəm	𐑧𐑮𐑨𐑑𐑩𐑥, 𐑧𐑮𐑭𐑑𐑩𐑥	eˈrⱭːtəm	medium	r_gap:spelling=2,ipa=1
erroneous	𐑦𐑮𐑴𐑯𐑦𐑩𐑕	ɪˈroʊniəs	𐑦𐑮𐑴𐑯𐑾𐑕	ɪˈrəʊnɪəs	medium	r_gap:spelling=2,ipa=1
erroneous	𐑧𐑮𐑴𐑯𐑦𐑩𐑕	erˈoʊniəs	𐑦𐑮𐑴𐑯𐑾𐑕	ɪˈrəʊnɪəs	medium	r_gap:spelling=2,ipa=1
erroneous	𐑧𐑮𐑴𐑯𐑾𐑕	erəʊnɪəs	𐑦𐑮𐑴𐑯𐑾𐑕	ɪˈrəʊnɪəs	medium	r_gap:spelling=2,ipa=1; shave_says:𐑦𐑮𐑴𐑯𐑩𐑕
erudite	𐑧𐑮𐑘𐑩𐑛𐑲𐑑	ˈerjədaɪt	𐑧𐑮𐑫𐑛𐑲𐑑	ˈerʊdaɪt	high	
erudite	𐑧𐑮𐑘𐑫𐑛𐑲𐑑	ˈerjudaɪt	𐑧𐑮𐑫𐑛𐑲𐑑	ˈerʊdaɪt	high	
erysipelas	𐑦𐑮𐑩𐑕𐑦𐑐𐑤𐑩𐑕	ˌɪrəˈsɪpləs	𐑧𐑮𐑦𐑕𐑦𐑐𐑦𐑤𐑩𐑕	ˌerɪˈsɪpɪləs	high	
erysipelas	𐑦𐑮𐑩𐑕𐑦𐑐𐑩𐑤𐑩𐑕	ˌɪrəˈsɪpələs	𐑧𐑮𐑦𐑕𐑦𐑐𐑦𐑤𐑩𐑕	ˌerɪˈsɪpɪləs	high	
erysipelas	𐑧𐑮𐑩𐑕𐑦𐑐𐑤𐑩𐑕	ˌerəˈsɪpləs	𐑧𐑮𐑦𐑕𐑦𐑐𐑦𐑤𐑩𐑕	ˌerɪˈsɪpɪləs	high	
erysipelas	𐑧𐑮𐑩𐑕𐑦𐑐𐑩𐑤𐑩𐑕	ˌerəˈsɪpələs	𐑧𐑮𐑦𐑕𐑦𐑐𐑦𐑤𐑩𐑕	ˌerɪˈsɪpɪləs	high	
escalope	𐑧𐑕𐑒𐑩𐑤𐑴𐑐	ˌeskəˈloʊp	𐑧𐑕𐑒𐑩𐑤𐑪𐑐	ˈeskəlɒp	high	
escape	𐑦𐑒-	ɪk-	𐑦𐑕𐑒𐑱𐑐	ɪˈskeɪp	high	
escape	𐑧-	e-	𐑦𐑕𐑒𐑱𐑐	ɪˈskeɪp	high	
escape	𐑧𐑒-	ek-	𐑦𐑕𐑒𐑱𐑐	ɪˈskeɪp	high	
escape	𐑩-	ə-	𐑦𐑕𐑒𐑱𐑐	ɪˈskeɪp	high	
escapee	𐑧𐑕𐑒𐑱𐑐𐑦	ˌesˌkeɪˈpi	𐑦𐑕𐑒𐑱𐑐𐑰	ɪˌskeɪˈpiː	high	
escapee	𐑩𐑕𐑒𐑱𐑐𐑦	əˈskeɪˌpi	𐑦𐑕𐑒𐑱𐑐𐑰	ɪˌskeɪˈpiː	high	
eschatology	𐑧𐑕𐑒𐑩𐑑𐑷𐑤𐑩𐑡𐑦	ˌeskəˈtɔːlədʒi	𐑧𐑕𐑒𐑩𐑑𐑪𐑤𐑩𐑡𐑦	ˌeskəˈtɒlədʒi	high	
eschew	𐑦𐑕𐑗𐑫	ɪsˈtʃu	𐑦𐑕𐑗𐑵	ɪˈstʃuː	high	
eschew	𐑦𐑖𐑗𐑵	ɪʃˈtʃuː	𐑦𐑕𐑗𐑵	ɪˈstʃuː	high	
eschew	𐑧𐑕𐑗𐑘𐑫	esˈtʃju	𐑦𐑕𐑗𐑵	ɪˈstʃuː	high	
eschew	𐑧𐑕𐑗𐑫	esˈtʃu	𐑦𐑕𐑗𐑵	ɪˈstʃuː	high	
eschew	𐑧𐑕𐑗𐑵	esˈtʃuː	𐑦𐑕𐑗𐑵	ɪˈstʃuː	high	
escritoire	𐑧𐑕𐑒𐑮𐑦𐑑𐑢𐑭	eskritwɑː	𐑧𐑕𐑒𐑮𐑦𐑑𐑢𐑸	ˌeskrɪˈtwɑːR	medium	r_gap:spelling=2,ipa=1; shave_says:𐑧𐑕𐑒𐑮𐑦𐑑𐑢𐑸
escudo	𐑦𐑕𐑒𐑵𐑛𐑴	ɪˈskuːdəʊ	𐑧𐑕𐑒𐑵𐑛𐑴	esˈkuːdəʊ	high	
escudo	𐑧-	e-	𐑧𐑕𐑒𐑵𐑛𐑴	esˈkuːdəʊ	high	
esophagus	𐑩𐑕𐑪𐑓𐑩𐑜𐑩𐑕	əˈsɒfəɡəs	𐑦𐑕𐑪𐑓𐑩𐑜𐑩𐑕	ɪˈsɒfəɡəs	high	
esoteric	𐑧𐑕𐑩𐑑𐑧𐑮𐑦𐑒	ˌesəˈterɪk	𐑧𐑕𐑴𐑑𐑧𐑮𐑦𐑒	ˌesəʊˈterɪk	high	
esoteric	𐑰𐑕𐑴𐑑𐑧𐑮𐑦𐑒	iːsəʊterɪk	𐑧𐑕𐑴𐑑𐑧𐑮𐑦𐑒	ˌesəʊˈterɪk	high	
espalier	-𐑐𐑨𐑤𐑦𐑱	-pælieɪ	𐑦𐑕𐑐𐑨𐑤𐑦𐑱	ɪˈspælieɪ	medium	r_gap:spelling=1,ipa=0; shave_says:𐑦𐑕𐑐𐑨𐑤𐑦𐑱
espalier	-𐑘𐑱	-jeɪ	𐑦𐑕𐑐𐑨𐑤𐑦𐑱	ɪˈspælieɪ	medium	r_gap:spelling=1,ipa=0
espalier	𐑦𐑕𐑐𐑨𐑤𐑘𐑼	ɪˈspæljəR	𐑦𐑕𐑐𐑨𐑤𐑦𐑱	ɪˈspælieɪ	high	
espalier	𐑦𐑕𐑐𐑨𐑤𐑽	ɪspalɪəR	𐑦𐑕𐑐𐑨𐑤𐑦𐑱	ɪˈspælieɪ	high	
espalier	𐑧𐑕-	es-	𐑦𐑕𐑐𐑨𐑤𐑦𐑱	ɪˈspælieɪ	medium	r_gap:spelling=1,ipa=0; shave_says:𐑦𐑕𐑐𐑨𐑤𐑦𐑱
espalier	𐑧𐑕𐑐𐑨𐑤-	esˈpæl-	𐑦𐑕𐑐𐑨𐑤𐑦𐑱	ɪˈspælieɪ	medium	r_gap:spelling=1,ipa=0
espies	𐑧-	e-	𐑦𐑕𐑐𐑲𐑟	ɪˈspaɪz	high	
espies	𐑩𐑕𐑐𐑲𐑟	əˈspaɪz	𐑦𐑕𐑐𐑲𐑟	ɪˈspaɪz	high	
esplanade	𐑧𐑕𐑐𐑤𐑩𐑯𐑪𐑛	ˈespləˌnɒd	𐑧𐑕𐑐𐑤𐑩𐑯𐑭𐑛	ˌespləˈnɑːd	high	
esplanade	𐑧𐑕𐑐𐑤𐑩𐑯𐑱𐑛	ˈespləˌneɪd	𐑧𐑕𐑐𐑤𐑩𐑯𐑭𐑛	ˌespləˈnɑːd	high	
espresso	𐑦𐑕𐑐𐑮𐑧𐑕𐑴	ɪspresəʊ	𐑧𐑕𐑐𐑮𐑧𐑕𐑴	eˈspresəʊ	high	
espresso	𐑩𐑕𐑐𐑮𐑧𐑕𐑴	əspresəʊ	𐑧𐑕𐑐𐑮𐑧𐑕𐑴	eˈspresəʊ	high	
esprit de corps	𐑧𐑕𐑐𐑮𐑦 𐑛𐑩 𐑒𐑹	eˌspri də ˈkɔːR	𐑧𐑕𐑐𐑮𐑰 𐑛𐑩 𐑒𐑹	eˌspriː də ˈkɔːR	high	
espy	𐑧-	e-	𐑦𐑕𐑐𐑲	ɪˈspaɪ	high	
espy	𐑩𐑕𐑐𐑲	əˈspaɪ	𐑦𐑕𐑐𐑲	ɪˈspaɪ	high	
esquire	𐑧𐑕𐑒𐑢𐑲𐑼	ˈeskwaɪəR	𐑦𐑕𐑒𐑢𐑲𐑼	ɪˈskwaɪəR	high	
essential	𐑩𐑕𐑧𐑯𐑗𐑩𐑤	əˈsentʃəl	𐑦𐑕𐑧𐑯𐑖𐑩𐑤	ɪˈsenʃəl	high	
estimated	𐑧𐑕𐑑𐑩𐑥𐑱𐑑𐑩𐑛	ˈestəˌmeɪtƏd	𐑧𐑕𐑑𐑦𐑥𐑱𐑑𐑩𐑛	ˈestɪmeɪtƏd	high	
estimates	𐑧𐑕𐑑𐑩𐑥𐑦𐑑𐑕	ˈestəmɪts	𐑧𐑕𐑑𐑦𐑥𐑩𐑑𐑕, 𐑧𐑕𐑑𐑦𐑥𐑱𐑑𐑕	ˈestɪməts	high	
estimates	𐑧𐑕𐑑𐑩𐑥𐑩𐑑𐑕	ˈestəməts	𐑧𐑕𐑑𐑦𐑥𐑩𐑑𐑕, 𐑧𐑕𐑑𐑦𐑥𐑱𐑑𐑕	ˈestɪməts	high	
estimates	𐑧𐑕𐑑𐑩𐑥𐑱𐑑𐑕	ˈestəˌmeɪts	𐑧𐑕𐑑𐑦𐑥𐑩𐑑𐑕, 𐑧𐑕𐑑𐑦𐑥𐑱𐑑𐑕	ˈestɪməts	high	
estimation	𐑧𐑕𐑑𐑩𐑥𐑱𐑖𐑩𐑯	ˌestəˈmeɪʃən	𐑧𐑕𐑑𐑦𐑥𐑱𐑖𐑩𐑯	ˌestɪˈmeɪʃən	high	
estuary	𐑧𐑕𐑑𐑘𐑩𐑼𐑦	estjəəri	𐑧𐑕𐑗𐑫𐑼𐑦	ˈestʃuəri	high	
estuary	𐑧𐑕𐑗𐑫𐑧𐑮𐑦	ˈestʃuˌeri	𐑧𐑕𐑗𐑫𐑼𐑦	ˈestʃuəri	high	
estuary	𐑧𐑕𐑗𐑼𐑦	estʃəri	𐑧𐑕𐑗𐑫𐑼𐑦	ˈestʃuəri	high	
eta	𐑰𐑑𐑩	ˈiːtə	𐑰𐑑𐑰𐑱	ˌiːˌtiːˈeɪ	high	
eta	𐑱𐑑𐑩	ˈeɪtə	𐑰𐑑𐑰𐑱	ˌiːˌtiːˈeɪ	high	
eternally	𐑦𐑑𐑻𐑯𐑤𐑦	ɪtɜːRnli	𐑦𐑑𐑻𐑯𐑩𐑤𐑦	ɪˈtɜːRnəli	high	
eternity	𐑦𐑑𐑻𐑯𐑩𐑑𐑦	ɪtɜːRnəti	𐑦𐑑𐑻𐑯𐑦𐑑𐑦	ɪˈtɜːRnɪti	high	
ether	𐑦𐑔𐑼	ˈiθəR	𐑰𐑔𐑼	ˈiːθəR	high	
ethereal	𐑦𐑔𐑽𐑦𐑩𐑤	ɪˈθɪəRiəl	𐑦𐑔𐑽𐑾𐑤	ɪˈθɪərɪəl	high	
ethereal	𐑦𐑔𐑽𐑽𐑤	ɪθɪərɪəRl	𐑦𐑔𐑽𐑾𐑤	ɪˈθɪərɪəl	high	
ethiopia	𐑦𐑔𐑦𐑴𐑐𐑦𐑩	ˌiθiˈoʊpiə	𐑰𐑔𐑦𐑴𐑐𐑾	ˌiːθɪˈəʊpɪə	high	
ethiopian	𐑦𐑔𐑦𐑴𐑐𐑦𐑩𐑯	ˌiθiˈoʊpiən	𐑰𐑔𐑦𐑴𐑐𐑾𐑯	ˌiːθɪˈəʊpɪən	high	
ethnologist	𐑧𐑔𐑯𐑪𐑤𐑩𐑡𐑩𐑕𐑑	ˈeθˈnɒlədʒəst	𐑧𐑔𐑯𐑪𐑤𐑩𐑡𐑦𐑕𐑑	eθˈnɒlədʒɪst	high	
ethnonym	𐑧𐑔𐑯𐑩𐑯𐑦𐑥	ˈeθnəˌnɪm	𐑧𐑔𐑯𐑴𐑯𐑦𐑥	ˈeθnəʊnɪm	high	
ethology	𐑦𐑔𐑪𐑤𐑩𐑡𐑦	ɪˈθɒlədʒi	𐑰𐑔𐑪𐑤𐑩𐑡𐑦	iːˈθɒlədʒɪ	high	
ethos	𐑦𐑔𐑪𐑕	ˈiθɒs	𐑰𐑔𐑪𐑕	ˈiːθɒs	high	
ethos	𐑦𐑔𐑴𐑕	ˈiθoʊs	𐑰𐑔𐑪𐑕	ˈiːθɒs	high	
ethyl	𐑧𐑔𐑩𐑤	ˈeθəl	𐑧𐑔𐑦𐑤	ˈeθɪl	high	
ethyl	𐑧𐑔𐑲𐑤	ˈeθaɪl	𐑧𐑔𐑦𐑤	ˈeθɪl	high	
ethyl	𐑰𐑔𐑦𐑤	ˈiːθɪl	𐑧𐑔𐑦𐑤	ˈeθɪl	high	
ethyl	𐑰𐑔𐑲𐑤	ˈiːθaɪl	𐑧𐑔𐑦𐑤	ˈeθɪl	high	
etymology	𐑧𐑑𐑩𐑥𐑪𐑤𐑩𐑡𐑦	ˌetəˈmɒlədʒi	𐑧𐑑𐑦𐑥𐑪𐑤𐑩𐑡𐑦	ˌetɪˈmɒlədʒi	high	
euclid	𐑘𐑫𐑒𐑤𐑩𐑛	ˈjuklƏd	𐑿𐑒𐑤𐑦𐑛	ˈjuːklɪd	high	
euclid	𐑿𐑒𐑤𐑩𐑛	ˈjuːklƏd	𐑿𐑒𐑤𐑦𐑛	ˈjuːklɪd	high	
euclidean	𐑘𐑫𐑒𐑤𐑦𐑑𐑦𐑩𐑯	juˈklɪtiən	𐑿𐑒𐑤𐑦𐑛𐑾𐑯	juːˈklɪdɪən	high	
euclidean	𐑘𐑫𐑒𐑤𐑦𐑛𐑦𐑩𐑯	juˈklɪdiən	𐑿𐑒𐑤𐑦𐑛𐑾𐑯	juːˈklɪdɪən	high	
euclidean	𐑿𐑒𐑤𐑦𐑛𐑦𐑩𐑯	juːˈklɪdiən	𐑿𐑒𐑤𐑦𐑛𐑾𐑯	juːˈklɪdɪən	high	
eugene	𐑘𐑫𐑡𐑦𐑯	juˈdʒin	𐑿𐑡𐑰𐑯	juːˈdʒiːn	high	
eugene	𐑿𐑡𐑦𐑯	ˈjuːdʒin	𐑿𐑡𐑰𐑯	juːˈdʒiːn	high	
eulogy	𐑘𐑫𐑤𐑩𐑡𐑦	ˈjulədʒi	𐑿𐑤𐑩𐑡𐑦	ˈjuːlədʒi	high	
euphonic	𐑘𐑫𐑓𐑪𐑯𐑦𐑒	juˈfɒnɪk	𐑿𐑓𐑪𐑯𐑦𐑒	juːˈfɒnɪk	high	
euphoria	𐑘𐑫𐑓𐑪𐑮𐑦𐑩	juˈforiə	𐑿𐑓𐑹𐑾	juːˈfɔːrɪə	high	
euphoria	𐑿𐑓𐑹𐑦𐑩	juːfɔːriə	𐑿𐑓𐑹𐑾	juːˈfɔːrɪə	high	
euphoric	𐑘𐑫𐑓𐑹𐑦𐑒	juˈfɔːRɪk	𐑿𐑓𐑪𐑮𐑦𐑒	juːˈfɒrɪk	high	
eureka	𐑘𐑼𐑰𐑒𐑩	jəriːkə	𐑘𐑫𐑼𐑰𐑒𐑩	jʊəˈriːkə	high	
europe	𐑘𐑻𐑩𐑐	ˈjɜːRəp	𐑘𐑫𐑼𐑩𐑐	ˈjʊərəp	high	
european	𐑘𐑩𐑼𐑩𐑐𐑰𐑩𐑯	jəərəpiːən	𐑘𐑫𐑼𐑩𐑐𐑾𐑯	ˌjʊərəˈpiən	medium	ml_disagrees:𐑘𐑫𐑼𐑩𐑐𐑰𐑩𐑯; shave_says:𐑘𐑫𐑼𐑩𐑐𐑩𐑯
european	𐑘𐑩𐑼𐑩𐑐𐑾𐑯	jəərəpɪən	𐑘𐑫𐑼𐑩𐑐𐑾𐑯	ˌjʊərəˈpiən	medium	ml_disagrees:𐑘𐑫𐑼𐑩𐑐𐑾𐑯; shave_says:𐑘𐑫𐑼𐑩𐑐𐑩𐑯
european	𐑘𐑻𐑩𐑐𐑦𐑩𐑯	ˌjɜːRəˈpiən	𐑘𐑫𐑼𐑩𐑐𐑾𐑯	ˌjʊərəˈpiən	high	
european	𐑘𐑼𐑩𐑐𐑦𐑩𐑯	ˌjərəˈpiən	𐑘𐑫𐑼𐑩𐑐𐑾𐑯	ˌjʊərəˈpiən	high	
eurovision	𐑘𐑩𐑼𐑩𐑝𐑦𐑠𐑩𐑯	jəərəvɪʒən	𐑘𐑫𐑼𐑴𐑝𐑦𐑠𐑩𐑯	ˈjʊərəʊvɪʒən	medium	ml_disagrees:𐑘𐑫𐑼𐑩𐑝𐑦𐑠𐑩𐑯; shave_says:𐑘𐑫𐑼𐑴𐑝𐑦𐑠𐑩𐑯
eurovision	𐑘𐑻𐑩𐑝𐑦𐑠𐑩𐑯	ˈjɜːRəˌvɪʒən	𐑘𐑫𐑼𐑴𐑝𐑦𐑠𐑩𐑯	ˈjʊərəʊvɪʒən	high	
euthanasia	𐑘𐑫𐑔𐑩𐑯𐑱𐑠𐑩	ˌjuθəˈneɪʒə	𐑿𐑔𐑩𐑯𐑱𐑟𐑾	ˌjuːθəˈneɪzɪə	high	
euthanasia	𐑿𐑔𐑩𐑯𐑱𐑟𐑦𐑩	juːθəˈneɪziə	𐑿𐑔𐑩𐑯𐑱𐑟𐑾	ˌjuːθəˈneɪzɪə	high	
euthanasia	𐑿𐑔𐑩𐑯𐑱𐑠𐑩	juːθəˈneɪʒə	𐑿𐑔𐑩𐑯𐑱𐑟𐑾	ˌjuːθəˈneɪzɪə	high	
evanescent	𐑰𐑝𐑩-	iːvə-	𐑧𐑝𐑩𐑯𐑧𐑕𐑩𐑯𐑑	ˌevəˈnesənt	high	
even	𐑦𐑝𐑩𐑯	ˈivən	𐑰𐑝𐑩𐑯	ˈiːvən	high	
even though	𐑦𐑝𐑩𐑯 𐑞𐑴	ˈivən ðoʊ	𐑰𐑝𐑩𐑯 𐑞𐑴	ˈiːvən ˌðəʊ	high	
evening	𐑦𐑝𐑯𐑦𐑙	ˈivnɪŋ	𐑰𐑝𐑩𐑯𐑦𐑙, 𐑰𐑝𐑯𐑦𐑙	ˈiːvənɪŋ	high	
event	𐑦-	i-	𐑦𐑝𐑧𐑯𐑑	ɪˈvent	high	
event	𐑩-	ə-	𐑦𐑝𐑧𐑯𐑑	ɪˈvent	high	
events	𐑦-	i-	𐑦𐑝𐑧𐑯𐑑𐑕	ɪˈvents	high	
eventual	𐑦𐑝𐑧𐑯𐑗𐑩𐑤	ɪˈventʃəl	𐑦𐑝𐑧𐑯𐑗𐑫𐑩𐑤	ɪˈventʃuəl	high	
eventual	𐑦𐑝𐑧𐑯𐑗𐑫𐑼𐑤	ɪˈventʃʊəl	𐑦𐑝𐑧𐑯𐑗𐑫𐑩𐑤	ɪˈventʃuəl	medium	ml_disagrees:𐑦𐑝𐑧𐑯𐑗𐑫𐑩𐑤; shave_says:𐑦𐑝𐑧𐑯𐑑𐑵𐑩𐑤
eventual	𐑩-	ə-	𐑦𐑝𐑧𐑯𐑗𐑫𐑩𐑤	ɪˈventʃuəl	high	
eventually	𐑦𐑝𐑧𐑯𐑑𐑘𐑩𐑤𐑦	ɪˈventjəli	𐑦𐑝𐑧𐑯𐑗𐑫𐑩𐑤𐑦	ɪˈventʃuəli	high	
eventually	𐑦𐑝𐑧𐑯𐑗𐑩𐑤𐑦	ɪˈventʃəli	𐑦𐑝𐑧𐑯𐑗𐑫𐑩𐑤𐑦	ɪˈventʃuəli	high	
eventually	𐑦𐑝𐑧𐑯𐑗𐑫𐑤𐑦	ɪˈventʃʊli	𐑦𐑝𐑧𐑯𐑗𐑫𐑩𐑤𐑦	ɪˈventʃuəli	high	
eventually	𐑦𐑝𐑧𐑯𐑗𐑵𐑩𐑤𐑦	ɪˈventʃuːəli	𐑦𐑝𐑧𐑯𐑗𐑫𐑩𐑤𐑦	ɪˈventʃuəli	high	
everest	𐑧𐑝𐑮𐑦𐑕𐑑	evrɪst	𐑧𐑝𐑼𐑧𐑕𐑑	ˈevərest	high	
everest	𐑧𐑝𐑮𐑩𐑕𐑑	ˈevrəst	𐑧𐑝𐑼𐑧𐑕𐑑	ˈevərest	high	
everest	𐑧𐑝𐑼𐑦𐑕𐑑	evərɪst	𐑧𐑝𐑼𐑧𐑕𐑑	ˈevərest	high	
everest	𐑧𐑝𐑼𐑩𐑕𐑑	ˈevərəst	𐑧𐑝𐑼𐑧𐑕𐑑	ˈevərest	high	
evergreen	𐑧𐑝𐑩𐑜𐑮𐑰𐑯	evəɡriːn	𐑧𐑝𐑼𐑜𐑮𐑰𐑯	ˈevəRɡriːn	medium	r_gap:spelling=2,ipa=1; shave_says:𐑧𐑝𐑼𐑜𐑮𐑰𐑯
evergreen	𐑧𐑝𐑼𐑜𐑮𐑦𐑯	ˈevəRɡrin	𐑧𐑝𐑼𐑜𐑮𐑰𐑯	ˈevəRɡriːn	high	
everlasting	-𐑤𐑨𐑕𐑑-	-læst-	𐑧𐑝𐑼𐑤𐑨𐑕𐑑𐑦𐑙, 𐑧𐑝𐑼𐑤𐑭𐑕𐑑𐑦𐑙	ˌevəRˈlⱭːstɪŋ	medium	r_gap:spelling=1,ipa=0; shave_says:𐑧𐑝𐑼𐑤𐑭𐑕𐑑𐑦𐑙
everlasting	𐑧𐑝𐑩𐑤𐑭𐑕𐑑𐑦𐑙	evəlɑːstɪŋ	𐑧𐑝𐑼𐑤𐑨𐑕𐑑𐑦𐑙, 𐑧𐑝𐑼𐑤𐑭𐑕𐑑𐑦𐑙	ˌevəRˈlⱭːstɪŋ	medium	r_gap:spelling=1,ipa=0; shave_says:𐑧𐑝𐑼𐑤𐑭𐑕𐑑𐑦𐑙
evermore	𐑧𐑝𐑩𐑥𐑹	evəmɔːR	𐑧𐑝𐑼𐑥𐑹	ˌevəRˈmɔːR	medium	r_gap:spelling=2,ipa=1; shave_says:𐑧𐑝𐑼𐑥𐑹
evermore	𐑧𐑝𐑼𐑥𐑪𐑮	ˌevəRˈmor	𐑧𐑝𐑼𐑥𐑹	ˌevəRˈmɔːR	high	
everybody	-𐑚𐑩-	-bə-	𐑧𐑝𐑮𐑦𐑚𐑪𐑛𐑦	ˈevrɪbɒdi	medium	r_gap:spelling=1,ipa=0; shave_says:𐑧𐑝𐑮𐑦𐑚𐑪𐑛𐑦
everybody	-𐑝𐑮𐑩-	-vrə-	𐑧𐑝𐑮𐑦𐑚𐑪𐑛𐑦	ˈevrɪbɒdi	high	
everybody	𐑧𐑝𐑮𐑦𐑚𐑩𐑛𐑦	ˈevriˌbədi	𐑧𐑝𐑮𐑦𐑚𐑪𐑛𐑦	ˈevrɪbɒdi	high	
everybody	𐑧𐑝𐑮𐑦𐑦𐑚𐑪𐑛𐑦	evriɪbɒdi	𐑧𐑝𐑮𐑦𐑚𐑪𐑛𐑦	ˈevrɪbɒdi	high	
everywhere	𐑧𐑝𐑮𐑦𐑣𐑢𐑧𐑮	ˈevrihwer	𐑧𐑝𐑮𐑦𐑢𐑺	ˈevrɪweəR	high	
everywhere	𐑧𐑝𐑮𐑦𐑣𐑢𐑺	evrihweər	𐑧𐑝𐑮𐑦𐑢𐑺	ˈevrɪweəR	high	
evidence	𐑧𐑝𐑦𐑑𐑦𐑯𐑕	ˈevɪtɪns	𐑧𐑝𐑦𐑛𐑩𐑯𐑕	ˈevɪdəns	high	
evidence	𐑧𐑝𐑩𐑑𐑦𐑯𐑕	ˈevətɪns	𐑧𐑝𐑦𐑛𐑩𐑯𐑕	ˈevɪdəns	high	
evident	𐑧𐑝𐑩𐑛𐑩𐑯𐑑	ˈevədənt	𐑧𐑝𐑦𐑛𐑩𐑯𐑑	ˈevɪdənt	high	
evidently	𐑧𐑝𐑦𐑛𐑧𐑯𐑑𐑤𐑦	ˌevɪˈdentli	𐑧𐑝𐑦𐑛𐑩𐑯𐑑𐑤𐑦	ˈevɪdəntli	high	
evil	𐑦𐑝𐑩𐑤	ˈivəl	𐑰𐑝𐑩𐑤	ˈiːvəl	high	
evil	𐑰𐑝𐑦𐑤	ˈiːvɪl	𐑰𐑝𐑩𐑤	ˈiːvəl	high	
evilly	𐑦𐑝𐑤𐑦	ˈivli	𐑰𐑝𐑩𐑤𐑦	ˈiːvəli	high	
evilly	𐑦𐑝𐑩𐑤𐑦	ˈivəli	𐑰𐑝𐑩𐑤𐑦	ˈiːvəli	high	
evilly	𐑰𐑝𐑤𐑦	ˈiːvli	𐑰𐑝𐑩𐑤𐑦	ˈiːvəli	high	
evolution	𐑦𐑝𐑩-	ˌivə-	𐑰𐑝𐑩𐑤𐑵𐑖𐑩𐑯	ˌiːvəˈluːʃən	high	
evolution	𐑧𐑝𐑩𐑤𐑫𐑖𐑩𐑯	ˌevəˈluʃən	𐑰𐑝𐑩𐑤𐑵𐑖𐑩𐑯	ˌiːvəˈluːʃən	high	
evolution	𐑧𐑝𐑩𐑤𐑵𐑖𐑩𐑯	evəˈluːʃən	𐑰𐑝𐑩𐑤𐑵𐑖𐑩𐑯	ˌiːvəˈluːʃən	high	
evolutionary	𐑧𐑝𐑩𐑤𐑵𐑖𐑩𐑯𐑧𐑮𐑦	ˌevəˈluːʃəneri	𐑰𐑝𐑩𐑤𐑵𐑖𐑩𐑯𐑮𐑦	ˌiːvəˈluːʃənri	high	
evolutionary	𐑧𐑝𐑩𐑤𐑿𐑖𐑩𐑯𐑮𐑦	evəljuːʃənri	𐑰𐑝𐑩𐑤𐑵𐑖𐑩𐑯𐑮𐑦	ˌiːvəˈluːʃənri	high	
evolutionary	𐑰𐑝𐑩𐑤𐑵𐑖𐑩𐑯𐑧𐑮𐑦	ˌiːvəˈluːʃəneri	𐑰𐑝𐑩𐑤𐑵𐑖𐑩𐑯𐑮𐑦	ˌiːvəˈluːʃənri	high	
evolutionary	𐑰𐑝𐑩𐑤𐑿𐑖𐑩𐑯𐑮𐑦	iːvəljuːʃənri	𐑰𐑝𐑩𐑤𐑵𐑖𐑩𐑯𐑮𐑦	ˌiːvəˈluːʃənri	high	
evolutions	𐑧𐑝𐑩𐑤𐑫𐑖𐑩𐑯𐑟	ˌevəˈluʃənz	𐑰𐑝𐑩𐑤𐑵𐑖𐑩𐑯𐑟	ˌiːvəˈluːʃənz	high	
evolve	-𐑝𐑷𐑤𐑝	-ˈvɔːlv	𐑦𐑝𐑪𐑤𐑝	ɪˈvɒlv	high	
evolve	𐑦-	iˈ-	𐑦𐑝𐑪𐑤𐑝	ɪˈvɒlv	high	
ewell	𐑿𐑤	ˈjuːl	𐑿𐑩𐑤	ˈjuːəl	high	
ewer	𐑘𐑩𐑼	jəəR	𐑿𐑼	ˈjuːəR	high	
ewer	𐑘𐑫𐑼	ˈjuəR	𐑿𐑼	ˈjuːəR	high	
exacerbate	𐑦𐑒𐑕𐑨𐑕-	ɪksæs-	𐑦𐑜𐑟𐑨𐑕𐑼𐑚𐑱𐑑	ɪɡˈzæsəRbeɪt	medium	r_gap:spelling=1,ipa=0; shave_says:𐑦𐑜𐑟𐑨𐑕𐑼𐑚𐑱𐑑
exacerbate	𐑦𐑜𐑟𐑨𐑕𐑩𐑚𐑱𐑑	ɪɡzæsəbeɪt	𐑦𐑜𐑟𐑨𐑕𐑼𐑚𐑱𐑑	ɪɡˈzæsəRbeɪt	medium	r_gap:spelling=1,ipa=0; shave_says:𐑦𐑜𐑟𐑨𐑕𐑼𐑚𐑱𐑑
exacerbation	𐑦𐑒𐑕𐑨𐑕-	ɪksæs-	𐑦𐑜𐑟𐑨𐑕𐑼𐑚𐑱𐑖𐑩𐑯	ɪɡˌzæsəRˈbeɪʃən	medium	r_gap:spelling=1,ipa=0; shave_says:𐑦𐑜𐑟𐑨𐑕𐑼𐑚𐑱𐑖𐑩𐑯
exacerbation	𐑦𐑜𐑟𐑨𐑕𐑩𐑚𐑱𐑖𐑩𐑯	ɪɡzæsəbeɪʃən	𐑦𐑜𐑟𐑨𐑕𐑼𐑚𐑱𐑖𐑩𐑯	ɪɡˌzæsəRˈbeɪʃən	medium	r_gap:spelling=1,ipa=0; shave_says:𐑦𐑜𐑟𐑨𐑕𐑼𐑚𐑱𐑖𐑩𐑯
exalt	𐑦𐑜𐑟𐑪𐑤𐑑	ɪɡˈzɒlt	𐑦𐑜𐑟𐑷𐑤𐑑	ɪɡˈzɔːlt	high	
examination	𐑦𐑜𐑟𐑨𐑥𐑩𐑯𐑱𐑖𐑩𐑯	ɪɡˌzæməˈneɪʃən	𐑦𐑜𐑟𐑨𐑥𐑦𐑯𐑱𐑖𐑩𐑯	ɪɡˌzæmɪˈneɪʃən	high	
examination	𐑦𐑜𐑟𐑺𐑥𐑩𐑯𐑱𐑖𐑩𐑯	ɪɡˌzeəməˈneɪʃən	𐑦𐑜𐑟𐑨𐑥𐑦𐑯𐑱𐑖𐑩𐑯	ɪɡˌzæmɪˈneɪʃən	high	
example	𐑦𐑜𐑟𐑺𐑥𐑐𐑩𐑤	ɪɡˈzeəmpəl	𐑦𐑜𐑟𐑨𐑥𐑐𐑩𐑤, 𐑦𐑜𐑟𐑭𐑥𐑐𐑩𐑤	ɪɡˈzⱭːmpəl	high	
exasperate	𐑦𐑜𐑟𐑭𐑕𐑐𐑼𐑱𐑑	ɪɡzɑːspəreɪt	𐑦𐑜𐑟𐑨𐑕𐑐𐑼𐑱𐑑	ɪɡˈzæspəreɪt	high	
exceedingly	𐑦𐑒𐑕𐑦𐑛𐑦𐑙𐑤𐑦	ɪkˈsidɪŋli	𐑦𐑒𐑕𐑰𐑛𐑦𐑙𐑤𐑦	ɪkˈsiːdɪŋli	high	
excellent	𐑧𐑒𐑕𐑦𐑤𐑩𐑯𐑑	ˈeksɪlənt	𐑧𐑒𐑕𐑩𐑤𐑩𐑯𐑑	ˈeksələnt	high	
excelsior	𐑦𐑒-	ɪk-	𐑧𐑒𐑕𐑧𐑤𐑕𐑦𐑹	ekˈselsɪɔːR	medium	r_gap:spelling=1,ipa=0
excelsior	𐑧𐑒𐑕𐑧𐑤𐑕𐑦𐑼	ekˈselsiəR	𐑧𐑒𐑕𐑧𐑤𐑕𐑦𐑹	ekˈselsɪɔːR	high	
except	𐑧𐑒𐑕𐑧𐑐𐑑	ekˈsept	𐑦𐑒𐑕𐑧𐑐𐑑	ɪkˈsept	high	
excerpt	𐑧𐑜𐑟𐑻𐑐𐑑	eɡzɜːRpt	𐑧𐑒𐑕𐑻𐑐𐑑	ˈeksɜːRpt	high	
excise	𐑩𐑒𐑕𐑲𐑟	əkˈsaɪz	𐑦𐑒𐑕𐑲𐑟, 𐑧𐑒𐑕𐑲𐑟	ˈeksaɪz	high	
exclamatory	𐑧𐑒𐑕𐑒𐑤𐑨𐑥𐑩𐑑𐑹𐑦	eksˈklæməˌtɔːRi	𐑦𐑒𐑕𐑒𐑤𐑨𐑥𐑩𐑑𐑼𐑦	ɪkˈsklæmətəri	high	
excogitate	𐑧𐑒𐑕𐑒𐑪𐑡𐑩𐑑𐑱𐑑	eksˈkɒdʒəˌteɪt	𐑧𐑒𐑕𐑒𐑪𐑡𐑦𐑑𐑱𐑑	eksˈkɒdʒɪteɪt	high	
excogitation	𐑧𐑒𐑕𐑒𐑪𐑡𐑩𐑑𐑱𐑖𐑩𐑯	eksˌkɒdʒəˈteɪʃən	𐑧𐑒𐑕𐑒𐑪𐑡𐑦𐑑𐑱𐑖𐑩𐑯	ˌeksˌkɒdʒɪˈteɪʃən	high	
excommunicate	𐑧𐑒𐑕𐑒𐑩𐑥𐑘𐑫𐑯𐑩𐑒𐑩𐑑	ˌekskəˈmjunəkət	𐑧𐑒𐑕𐑒𐑩𐑥𐑿𐑯𐑦𐑒𐑱𐑑	ˌekskəˈmjuːnɪkeɪt	high	
excommunicate	𐑧𐑒𐑕𐑒𐑩𐑥𐑘𐑫𐑯𐑩𐑒𐑱𐑑	ˌekskəˈmjunəkeɪt	𐑧𐑒𐑕𐑒𐑩𐑥𐑿𐑯𐑦𐑒𐑱𐑑	ˌekskəˈmjuːnɪkeɪt	high	
excommunicate	𐑧𐑒𐑕𐑒𐑩𐑥𐑿𐑯𐑦𐑒𐑩𐑑	ˌekskəˈmjuːnɪkət	𐑧𐑒𐑕𐑒𐑩𐑥𐑿𐑯𐑦𐑒𐑱𐑑	ˌekskəˈmjuːnɪkeɪt	high	
excoriate	𐑦𐑒𐑕𐑒𐑴𐑮𐑦𐑱𐑑	ɪkˈskoʊriˌeɪt	𐑦𐑒𐑕𐑒𐑹𐑦𐑱𐑑	ɪkˈskɔːrieɪt	high	
excursion	𐑦𐑒𐑕𐑒𐑻𐑖𐑩𐑯	ɪkskɜːRʃən	𐑦𐑒𐑕𐑒𐑻𐑠𐑩𐑯	ɪkˈskɜːRʒən	high	
excursion	𐑧𐑒𐑕𐑒𐑻𐑠𐑩𐑯	ekˈskɜːRʒən	𐑦𐑒𐑕𐑒𐑻𐑠𐑩𐑯	ɪkˈskɜːRʒən	high	
excuse	𐑦𐑒𐑕𐑒𐑘𐑫𐑕	ɪksˈkjus	𐑦𐑒𐑕𐑒𐑿𐑕, 𐑦𐑒𐑕𐑒𐑿𐑟	ɪkˈskjuːs	high	
excuse	𐑦𐑒𐑕𐑒𐑘𐑫𐑟	ɪksˈkjuz	𐑦𐑒𐑕𐑒𐑿𐑕, 𐑦𐑒𐑕𐑒𐑿𐑟	ɪkˈskjuːs	high	
excuse	𐑧𐑒𐑕𐑒𐑘𐑫𐑕	eksˈkjus	𐑦𐑒𐑕𐑒𐑿𐑕, 𐑦𐑒𐑕𐑒𐑿𐑟	ɪkˈskjuːs	high	
excuse	𐑧𐑒𐑕𐑒𐑘𐑫𐑟	eksˈkjuz	𐑦𐑒𐑕𐑒𐑿𐑕, 𐑦𐑒𐑕𐑒𐑿𐑟	ɪkˈskjuːs	high	
excuse	𐑧𐑒𐑕𐑒𐑿𐑕	eksˈkjuːs	𐑦𐑒𐑕𐑒𐑿𐑕, 𐑦𐑒𐑕𐑒𐑿𐑟	ɪkˈskjuːs	high	
excuse	𐑧𐑒𐑕𐑒𐑿𐑟	eksˈkjuːz	𐑦𐑒𐑕𐑒𐑿𐑕, 𐑦𐑒𐑕𐑒𐑿𐑟	ɪkˈskjuːs	high	
execrable	𐑧𐑒𐑕𐑒𐑮𐑩𐑚𐑤	ˈekskrəbl	𐑧𐑒𐑕𐑦𐑒𐑮𐑩𐑚𐑩𐑤	ˈeksɪkrəbəl	high	
execrable	𐑧𐑒𐑕𐑦𐑒𐑮𐑩𐑚𐑤	ˈeksɪkrəbl	𐑧𐑒𐑕𐑦𐑒𐑮𐑩𐑚𐑩𐑤	ˈeksɪkrəbəl	high	
execrable	𐑧𐑒𐑕𐑩𐑒𐑮𐑩𐑚𐑤	ˈeksəkrəbl	𐑧𐑒𐑕𐑦𐑒𐑮𐑩𐑚𐑩𐑤	ˈeksɪkrəbəl	high	
execration	𐑧𐑒𐑕𐑩𐑒𐑮𐑱𐑖𐑩𐑯	eksəˈkreɪʃən	𐑧𐑒𐑕𐑦𐑒𐑮𐑱𐑖𐑩𐑯	ˌeksɪˈkreɪʃən	high	
executed	𐑧𐑒𐑕𐑩𐑒𐑿𐑑𐑩𐑛	ˈeksəˌkjuːtƏd	𐑧𐑒𐑕𐑦𐑒𐑿𐑑𐑩𐑛	ˈeksɪkjuːtƏd	high	
executioner	𐑧𐑒𐑕𐑩𐑒𐑘𐑫𐑖𐑩𐑯𐑼	ˌeksəˈkjuʃənəR	𐑧𐑒𐑕𐑦𐑒𐑿𐑖𐑩𐑯𐑼	ˌeksɪˈkjuːʃənəR	high	
executioner	𐑧𐑒𐑕𐑩𐑒𐑿𐑖𐑩𐑯𐑼	eksəkjuːʃənəR	𐑧𐑒𐑕𐑦𐑒𐑿𐑖𐑩𐑯𐑼	ˌeksɪˈkjuːʃənəR	high	
executive	𐑧𐑜𐑟𐑧𐑒𐑘𐑩𐑑𐑦𐑝	eɡˈzekjətɪv	𐑦𐑜𐑟𐑧𐑒𐑘𐑩𐑑𐑦𐑝	ɪɡˈzekjətɪv	high	
exegesis	𐑧𐑒𐑕𐑦𐑡𐑦𐑕𐑦𐑕	eksɪˈdʒisɪs	𐑧𐑒𐑕𐑦𐑡𐑰𐑕𐑦𐑕	ˌeksɪˈdʒiːsɪs	high	
exercise	𐑧𐑒𐑕𐑩𐑕𐑲𐑟	eksəsaɪz	𐑧𐑒𐑕𐑼𐑕𐑲𐑟	ˈeksəRsaɪz	medium	r_gap:spelling=1,ipa=0; shave_says:𐑧𐑒𐑕𐑼𐑕𐑲𐑟
exercised	𐑧𐑒𐑕𐑩𐑕𐑲𐑟𐑛	eksəsaɪzd	𐑧𐑒𐑕𐑼𐑕𐑲𐑟𐑛	ˈeksəRsaɪzd	medium	r_gap:spelling=1,ipa=0; shave_says:𐑧𐑒𐑕𐑼𐑕𐑲𐑟𐑛
exercises	𐑧𐑒𐑕𐑩𐑕𐑲𐑟𐑩𐑟	eksəsaɪzƏz	𐑧𐑒𐑕𐑼𐑕𐑲𐑟𐑩𐑟	ˈeksəRsaɪzƏz	medium	r_gap:spelling=1,ipa=0; shave_says:𐑧𐑒𐑕𐑼𐑕𐑲𐑟𐑩𐑟
exeter	𐑧𐑜𐑟𐑦𐑑𐑼	eɡzɪtəR	𐑧𐑒𐑕𐑦𐑑𐑼	ˈeksɪtəR	high	
exeunt	𐑧𐑒𐑕𐑦𐑩𐑯𐑑	ˈeksiənt	𐑧𐑒𐑕𐑦𐑳𐑯𐑑	ˈeksɪʌnt	high	
exhaustive	𐑦𐑜𐑟𐑪𐑕𐑑𐑦𐑝	ɪɡˈzɒstɪv	𐑦𐑜𐑟𐑷𐑕𐑑𐑦𐑝	ɪɡˈzɔːstɪv	high	
exhaustively	𐑧𐑜𐑟𐑪𐑕𐑑𐑦𐑝𐑤𐑦	eɡˈzɒstɪvli	𐑦𐑜𐑟𐑷𐑕𐑑𐑦𐑝𐑤𐑦	ɪɡˈzɔːstɪvli	high	
exhaustively	𐑧𐑜𐑟𐑷𐑕𐑑𐑦𐑝𐑤𐑦	eɡˈzɔːstɪvli	𐑦𐑜𐑟𐑷𐑕𐑑𐑦𐑝𐑤𐑦	ɪɡˈzɔːstɪvli	high	
exhibit	𐑧𐑜-	eɡ-	𐑦𐑜𐑟𐑦𐑚𐑦𐑑	ɪɡˈzɪbɪt	high	
exhilarate	𐑧𐑜-	eɡ-	𐑦𐑜𐑟𐑦𐑤𐑼𐑱𐑑	ɪɡˈzɪləreɪt	medium	r_gap:spelling=1,ipa=0; shave_says:𐑦𐑜𐑟𐑦𐑤𐑼𐑱𐑑
exhort	𐑧𐑜𐑟𐑹𐑑	eɡzɔːRt	𐑦𐑜𐑟𐑹𐑑	ɪɡˈzɔːRt	high	
exhume	𐑦𐑜𐑟𐑘𐑫𐑥	ɪɡˈzjum	𐑧𐑒𐑕𐑣𐑿𐑥	eksˈhjuːm	high	
exhume	𐑦𐑜𐑟𐑿𐑥	ɪɡˈzjuːm	𐑧𐑒𐑕𐑣𐑿𐑥	eksˈhjuːm	high	
exhume	𐑧𐑒𐑕𐑘𐑫𐑥	ekˈsjum	𐑧𐑒𐑕𐑣𐑿𐑥	eksˈhjuːm	high	
exigency	𐑧𐑒𐑕𐑩𐑡𐑩𐑯𐑕𐑦	ˈeksədʒənsi	𐑧𐑒𐑕𐑦𐑡𐑩𐑯𐑕𐑦	ˈeksɪdʒənsi	high	
exigency	𐑧𐑜𐑟𐑩𐑡𐑩𐑯𐑕𐑦	ˈeɡzədʒənsi	𐑧𐑒𐑕𐑦𐑡𐑩𐑯𐑕𐑦	ˈeksɪdʒənsi	high	
existence	𐑧𐑜𐑟𐑦𐑕𐑑𐑩𐑯𐑕	eɡˈzɪstəns	𐑦𐑜𐑟𐑦𐑕𐑑𐑩𐑯𐑕	ɪɡˈzɪstəns	high	
existential	𐑧𐑒𐑕𐑦-	ˌeksɪ-	𐑧𐑜𐑟𐑦𐑕𐑑𐑧𐑯𐑖𐑩𐑤	ˌeɡzɪˈstenʃəl	high	
existential	𐑧𐑜𐑟𐑦𐑕𐑑𐑧𐑯𐑗𐑩𐑤	ˌeɡzɪˈstentʃəl	𐑧𐑜𐑟𐑦𐑕𐑑𐑧𐑯𐑖𐑩𐑤	ˌeɡzɪˈstenʃəl	high	
exit	𐑧𐑒𐑕𐑩𐑑	ˈeksət	𐑧𐑒𐑕𐑦𐑑	ˈeksɪt	high	
exit	𐑧𐑜𐑟𐑦𐑑	ˈeɡzɪt	𐑧𐑒𐑕𐑦𐑑	ˈeksɪt	high	
exit	𐑧𐑜𐑟𐑩𐑑	ˈeɡzət	𐑧𐑒𐑕𐑦𐑑	ˈeksɪt	high	
exit	𐑱𐑜𐑟𐑦𐑑	ˈeɪɡzɪt	𐑧𐑒𐑕𐑦𐑑	ˈeksɪt	high	
exogenous	𐑧𐑒𐑕𐑪𐑡𐑦𐑯𐑩𐑕	ekˈsɒdʒɪnəs	𐑦𐑒𐑕𐑪𐑡𐑦𐑯𐑩𐑕	ɪkˈsɒdʒɪnəs	high	
exogenous	𐑧𐑒𐑕𐑪𐑡𐑩𐑯𐑩𐑕	ekˈsɒdʒənəs	𐑦𐑒𐑕𐑪𐑡𐑦𐑯𐑩𐑕	ɪkˈsɒdʒɪnəs	high	
exonerate	𐑧𐑜-	eɡ-	𐑦𐑜𐑟𐑪𐑯𐑼𐑱𐑑	ɪɡˈzɒnəreɪt	medium	r_gap:spelling=1,ipa=0; shave_says:𐑦𐑜𐑟𐑪𐑯𐑼𐑱𐑑
exorbitant	𐑦𐑜𐑟𐑪𐑮𐑚𐑩𐑑𐑩𐑯𐑑	ɪɡˈzorbətənt	𐑦𐑜𐑟𐑹𐑚𐑦𐑑𐑩𐑯𐑑	ɪɡˈzɔːRbɪtənt	high	
exorbitant	𐑧𐑜𐑟𐑪𐑮𐑚𐑩𐑑𐑩𐑯𐑑	eɡˈzorbətənt	𐑦𐑜𐑟𐑹𐑚𐑦𐑑𐑩𐑯𐑑	ɪɡˈzɔːRbɪtənt	high	
exorbitant	𐑧𐑜𐑟𐑹𐑚𐑦𐑑𐑩𐑯𐑑	eɡzɔːRbɪtənt	𐑦𐑜𐑟𐑹𐑚𐑦𐑑𐑩𐑯𐑑	ɪɡˈzɔːRbɪtənt	high	
exorbitantly	𐑦𐑜𐑟𐑪𐑮𐑚𐑩𐑑𐑩𐑯𐑑𐑤𐑦	ɪɡˈzorbətəntli	𐑦𐑜𐑟𐑹𐑚𐑦𐑑𐑩𐑯𐑑𐑤𐑦	ɪɡˈzɔːRbɪtəntli	high	
exorbitantly	𐑦𐑜𐑟𐑹𐑚𐑦𐑑𐑩𐑯𐑑𐑤𐑰	ɪɡzɔːRbɪtəntliː	𐑦𐑜𐑟𐑹𐑚𐑦𐑑𐑩𐑯𐑑𐑤𐑦	ɪɡˈzɔːRbɪtəntli	high	
exorbitantly	𐑧𐑜𐑟𐑪𐑮𐑚𐑩𐑑𐑩𐑯𐑑𐑤𐑦	eɡˈzorbətəntli	𐑦𐑜𐑟𐑹𐑚𐑦𐑑𐑩𐑯𐑑𐑤𐑦	ɪɡˈzɔːRbɪtəntli	high	
exorbitantly	𐑧𐑜𐑟𐑹𐑚𐑦𐑑𐑩𐑯𐑑𐑤𐑰	eɡzɔːRbɪtəntliː	𐑦𐑜𐑟𐑹𐑚𐑦𐑑𐑩𐑯𐑑𐑤𐑦	ɪɡˈzɔːRbɪtəntli	high	
exorcise	𐑧𐑒𐑕𐑼𐑕𐑲𐑟	ˈeksəRˌsaɪz	𐑧𐑒𐑕𐑹𐑕𐑲𐑟	ˈeksɔːRsaɪz	high	
exordium	𐑧𐑜𐑟𐑹𐑛𐑾𐑥	eɡzɔːRdɪəm	𐑧𐑒𐑕𐑹𐑛𐑾𐑥	ekˈsɔːRdiəm	high	
expanse	𐑦𐑒𐑕𐑐𐑺𐑯𐑕	ɪkˈspeəns	𐑦𐑒𐑕𐑐𐑨𐑯𐑕	ɪkˈspæns	high	
expanse	𐑧𐑒𐑕𐑐𐑨𐑯𐑕	ekˈspæns	𐑦𐑒𐑕𐑐𐑨𐑯𐑕	ɪkˈspæns	high	
expectancy	𐑧𐑒𐑕𐑐𐑧𐑒𐑑𐑩𐑯𐑕𐑦	ekˈspektənsi	𐑦𐑒𐑕𐑐𐑧𐑒𐑑𐑩𐑯𐑕𐑦	ɪkˈspektənsi	high	
expedite	𐑧𐑒𐑕𐑐𐑩𐑛𐑲𐑑	ˈekspəˌdaɪt	𐑧𐑒𐑕𐑐𐑦𐑛𐑲𐑑	ˈekspɪdaɪt	high	
expeditiously	𐑧𐑒𐑕𐑐𐑩𐑛𐑦𐑖𐑩𐑕𐑤𐑦	ekspəˈdɪʃəsli	𐑧𐑒𐑕𐑐𐑦𐑛𐑦𐑖𐑩𐑕𐑤𐑦	ˌekspɪˈdɪʃəsli	high	
expenditure	𐑧𐑒𐑕𐑐𐑧𐑯𐑛𐑦𐑗𐑼	ekspendɪtʃəR	𐑦𐑒𐑕𐑐𐑧𐑯𐑛𐑦𐑗𐑼	ɪkˈspendɪtʃəR	high	
expenditures	𐑦𐑒𐑕𐑐𐑧𐑯𐑛𐑦𐑗𐑩𐑟	ɪkspendɪtʃəz	𐑦𐑒𐑕𐑐𐑧𐑯𐑛𐑦𐑗𐑼𐑟	ɪkˈspendɪtʃəRz	medium	r_gap:spelling=1,ipa=0; shave_says:𐑦𐑒𐑕𐑐𐑧𐑯𐑛𐑦𐑗𐑼𐑟
expenditures	𐑧𐑒𐑕𐑐𐑧𐑯𐑛𐑦𐑗𐑩𐑟	ekspendɪtʃəz	𐑦𐑒𐑕𐑐𐑧𐑯𐑛𐑦𐑗𐑼𐑟	ɪkˈspendɪtʃəRz	medium	r_gap:spelling=1,ipa=0; shave_says:𐑦𐑒𐑕𐑐𐑧𐑯𐑛𐑦𐑗𐑼𐑟
expenditures	𐑧𐑒𐑕𐑐𐑧𐑯𐑛𐑦𐑗𐑼𐑟	ekˈspendɪtʃəRz	𐑦𐑒𐑕𐑐𐑧𐑯𐑛𐑦𐑗𐑼𐑟	ɪkˈspendɪtʃəRz	high	
expensively	𐑧𐑒𐑕𐑐𐑧𐑯𐑕𐑦𐑝𐑤𐑦	ekˈspensɪvli	𐑦𐑒𐑕𐑐𐑧𐑯𐑕𐑦𐑝𐑤𐑦	ɪkˈspensɪvli	high	
experience	𐑦𐑒𐑕𐑐𐑦𐑮𐑦𐑩𐑯𐑕	ɪkˈspɪriəns	𐑦𐑒𐑕𐑐𐑽𐑾𐑯𐑕	ɪkˈspɪərɪəns	high	
experienced	𐑦𐑒𐑕𐑐𐑦𐑮𐑦𐑩𐑯𐑕𐑑	ɪkˈspɪriənst	𐑦𐑒𐑕𐑐𐑽𐑾𐑯𐑕𐑑	ɪkˈspɪərɪənst	high	
experiences	𐑦𐑒𐑕𐑐𐑦𐑮𐑦𐑩𐑯𐑕𐑩𐑟	ɪkˈspɪriənsƏz	𐑦𐑒𐑕𐑐𐑽𐑾𐑯𐑕𐑩𐑟	ɪkˈspɪərɪənsƏz	high	
experiment	𐑦𐑒𐑕𐑐𐑦𐑮𐑩𐑥𐑩𐑯𐑑	ɪkˈspɪrəmənt	𐑦𐑒𐑕𐑐𐑧𐑮𐑦𐑥𐑩𐑯𐑑	ɪkˈsperɪmənt	high	
experiment	𐑦𐑒𐑕𐑐𐑧𐑮𐑦𐑥𐑧𐑯𐑑	ɪksperɪment	𐑦𐑒𐑕𐑐𐑧𐑮𐑦𐑥𐑩𐑯𐑑	ɪkˈsperɪmənt	high	
experiment	𐑦𐑒𐑕𐑐𐑧𐑮𐑩𐑥𐑧𐑯𐑑	ɪkˈsperəment	𐑦𐑒𐑕𐑐𐑧𐑮𐑦𐑥𐑩𐑯𐑑	ɪkˈsperɪmənt	high	
experiment	𐑦𐑒𐑕𐑐𐑧𐑮𐑩𐑥𐑩𐑯𐑑	ɪkˈsperəmənt	𐑦𐑒𐑕𐑐𐑧𐑮𐑦𐑥𐑩𐑯𐑑	ɪkˈsperɪmənt	high	
experiment	𐑧𐑒𐑕𐑐𐑧𐑮𐑦𐑥𐑩𐑯𐑑	eksperɪmənt	𐑦𐑒𐑕𐑐𐑧𐑮𐑦𐑥𐑩𐑯𐑑	ɪkˈsperɪmənt	high	
experimentation	𐑦𐑒𐑕𐑐𐑦𐑮𐑩𐑥𐑩𐑯𐑑𐑱𐑖𐑩𐑯	ɪkˌspɪrəmənˈteɪʃən	𐑦𐑒𐑕𐑐𐑧𐑮𐑦𐑥𐑧𐑯𐑑𐑱𐑖𐑩𐑯	ɪkˌsperɪmenˈteɪʃən	high	
experimentation	𐑦𐑒𐑕𐑐𐑧𐑮𐑦𐑥𐑩𐑯𐑑𐑱𐑖𐑩𐑯	ɪksperɪmənteɪʃən	𐑦𐑒𐑕𐑐𐑧𐑮𐑦𐑥𐑧𐑯𐑑𐑱𐑖𐑩𐑯	ɪkˌsperɪmenˈteɪʃən	high	
experimentation	𐑦𐑒𐑕𐑐𐑧𐑮𐑩𐑥𐑩𐑯𐑑𐑱𐑖𐑩𐑯	ɪkˌsperəmənˈteɪʃən	𐑦𐑒𐑕𐑐𐑧𐑮𐑦𐑥𐑧𐑯𐑑𐑱𐑖𐑩𐑯	ɪkˌsperɪmenˈteɪʃən	high	
experimentation	𐑧𐑒𐑕𐑐𐑧𐑮𐑦𐑥𐑩𐑯𐑑𐑱𐑖𐑩𐑯	eksperɪmənteɪʃən	𐑦𐑒𐑕𐑐𐑧𐑮𐑦𐑥𐑧𐑯𐑑𐑱𐑖𐑩𐑯	ɪkˌsperɪmenˈteɪʃən	high	
experimenter	𐑦𐑒𐑕𐑐𐑧𐑮𐑦𐑥𐑧𐑯𐑑𐑼	ɪksperɪmentəR	𐑦𐑒𐑕𐑐𐑧𐑮𐑦𐑥𐑩𐑯𐑑𐑼	ɪkˈsperɪməntəR	high	
experimenter	𐑦𐑒𐑕𐑐𐑧𐑮𐑩𐑥𐑧𐑯𐑑𐑼	ɪksperəmentəR	𐑦𐑒𐑕𐑐𐑧𐑮𐑦𐑥𐑩𐑯𐑑𐑼	ɪkˈsperɪməntəR	high	
experiments	𐑦𐑒𐑕𐑐𐑦𐑮𐑩𐑥𐑩𐑯𐑑𐑕	ɪkˈspɪrəmənts	𐑦𐑒𐑕𐑐𐑧𐑮𐑦𐑥𐑩𐑯𐑑𐑕	ɪkˈsperɪmənts	high	
experiments	𐑦𐑒𐑕𐑐𐑧𐑮𐑩𐑥𐑩𐑯𐑑𐑕	ɪkˈsperəmənts	𐑦𐑒𐑕𐑐𐑧𐑮𐑦𐑥𐑩𐑯𐑑𐑕	ɪkˈsperɪmənts	high	
experiments	𐑧𐑒𐑕𐑐𐑧𐑮𐑦𐑥𐑩𐑯𐑑𐑕	eksperɪmənts	𐑦𐑒𐑕𐑐𐑧𐑮𐑦𐑥𐑩𐑯𐑑𐑕	ɪkˈsperɪmənts	high	
expert	𐑦𐑒𐑕𐑐𐑻𐑑	ɪkspɜːRt	𐑧𐑒𐑕𐑐𐑻𐑑	ˈekspɜːRt	high	
expertise	𐑧𐑒𐑕𐑐𐑩𐑑𐑰𐑟	ekspətiːz	𐑧𐑒𐑕𐑐𐑻𐑑𐑰𐑟	ˌekspɜːRˈtiːz	medium	r_gap:spelling=1,ipa=0; shave_says:𐑧𐑒𐑕𐑐𐑻𐑑𐑰𐑟
expertise	𐑧𐑒𐑕𐑐𐑼𐑑𐑦𐑕	ˌekspəRˈtis	𐑧𐑒𐑕𐑐𐑻𐑑𐑰𐑟	ˌekspɜːRˈtiːz	high	
expertise	𐑧𐑒𐑕𐑐𐑼𐑑𐑦𐑟	ˌekspəRˈtiz	𐑧𐑒𐑕𐑐𐑻𐑑𐑰𐑟	ˌekspɜːRˈtiːz	high	
explanatory	𐑦𐑒𐑕𐑐𐑤𐑨𐑯𐑩𐑑𐑹𐑦	ɪkˈsplænətɔːri	𐑦𐑒𐑕𐑐𐑤𐑨𐑯𐑩𐑑𐑼𐑦	ɪkˈsplænətəri	high	
explanatory	𐑧𐑒𐑕𐑐𐑤𐑨𐑯𐑩𐑑𐑹𐑦	ekˈsplænətɔːri	𐑦𐑒𐑕𐑐𐑤𐑨𐑯𐑩𐑑𐑼𐑦	ɪkˈsplænətəri	high	
explanatory	𐑧𐑒𐑕𐑐𐑤𐑨𐑯𐑩𐑑𐑼𐑦	eksplænətəri	𐑦𐑒𐑕𐑐𐑤𐑨𐑯𐑩𐑑𐑼𐑦	ɪkˈsplænətəri	high	
expletive	𐑧𐑒𐑕𐑐𐑤𐑩𐑑𐑦𐑝	ˈeksplətɪv	𐑦𐑒𐑕𐑐𐑤𐑰𐑑𐑦𐑝	ɪkˈspliːtɪv	high	
exploitative	𐑧𐑒𐑕𐑐𐑤𐑶𐑑𐑩𐑑𐑦𐑝	ekˈsplɔɪtətɪv	𐑦𐑒𐑕𐑐𐑤𐑶𐑑𐑩𐑑𐑦𐑝	ɪkˈsplɔɪtətɪv	high	
exploratory	𐑦𐑒-	ɪk-	𐑦𐑒𐑕𐑐𐑤𐑪𐑮𐑩𐑑𐑼𐑦	ɪkˈsplɒrətəri	medium	r_gap:spelling=2,ipa=0; shave_says:𐑦𐑒𐑕𐑐𐑤𐑹𐑩𐑑𐑼𐑦
exploratory	𐑧𐑒𐑕𐑐𐑤𐑪𐑮𐑩𐑑𐑪𐑮𐑦	ekˈsplorəˌtori	𐑦𐑒𐑕𐑐𐑤𐑪𐑮𐑩𐑑𐑼𐑦	ɪkˈsplɒrətəri	high	
exploratory	𐑧𐑒𐑕𐑐𐑤𐑪𐑮𐑩𐑑𐑮𐑦	eksplɒrətri	𐑦𐑒𐑕𐑐𐑤𐑪𐑮𐑩𐑑𐑼𐑦	ɪkˈsplɒrətəri	high	
exploratory	𐑧𐑒𐑕𐑐𐑤𐑪𐑮𐑩𐑑𐑼𐑦	eksplɒrətəri	𐑦𐑒𐑕𐑐𐑤𐑪𐑮𐑩𐑑𐑼𐑦	ɪkˈsplɒrətəri	high	
explore	𐑦𐑒𐑕𐑐𐑤𐑪𐑮	ɪkˈsplor	𐑦𐑒𐑕𐑐𐑤𐑹	ɪkˈsplɔːR	high	
explosion	𐑧𐑒𐑕𐑐𐑤𐑴𐑠𐑩𐑯	ekˈsploʊʒən	𐑦𐑒𐑕𐑐𐑤𐑴𐑠𐑩𐑯	ɪkˈspləʊʒən	high	
explosive	𐑧𐑒𐑕𐑐𐑤𐑴𐑕𐑦𐑝	ekˈspləʊsɪv	𐑦𐑒𐑕𐑐𐑤𐑴𐑕𐑦𐑝	ɪkˈspləʊsɪv	high	
exponent	𐑧𐑒𐑕𐑐𐑩𐑯𐑩𐑯𐑑	ˈekspənənt	𐑦𐑒𐑕𐑐𐑴𐑯𐑩𐑯𐑑	ɪkˈspəʊnənt	high	
exponent	𐑧𐑒𐑕𐑐𐑴𐑯𐑩𐑯𐑑	ekˈspəʊnənt	𐑦𐑒𐑕𐑐𐑴𐑯𐑩𐑯𐑑	ɪkˈspəʊnənt	high	
exponential	𐑧𐑒𐑕𐑐𐑩𐑯𐑧𐑯𐑗𐑩𐑤	ˌekspəˈnentʃəl	𐑧𐑒𐑕𐑐𐑩𐑯𐑧𐑯𐑖𐑩𐑤	ˌekspəˈnenʃəl	high	
exponential	𐑧𐑒𐑕𐑐𐑴𐑯𐑧𐑯𐑗𐑩𐑤	ˌekspəʊˈnentʃəl	𐑧𐑒𐑕𐑐𐑩𐑯𐑧𐑯𐑖𐑩𐑤	ˌekspəˈnenʃəl	high	
exponentially	𐑧𐑒𐑕𐑐𐑴𐑯𐑧𐑯𐑖𐑩𐑤𐑦	ekspəʊˈnenʃəli	𐑧𐑒𐑕𐑐𐑩𐑯𐑧𐑯𐑖𐑩𐑤𐑦	ˌekspəˈnenʃəli	high	
expose	𐑧𐑒𐑕𐑐𐑴𐑟	ekˈspoʊz	𐑦𐑒𐑕𐑐𐑴𐑟, 𐑧𐑒𐑕𐑐𐑴𐑟𐑱	ekˈspəʊzeɪ	high	
expostulate	𐑧𐑒𐑕𐑐𐑪𐑕𐑑𐑘𐑩𐑤𐑱𐑑	eksˈpɒstjəleɪt	𐑦𐑒𐑕𐑐𐑪𐑕𐑗𐑩𐑤𐑱𐑑	ɪkˈspɒstʃəleɪt	high	
expressionism	𐑧𐑒𐑕𐑐𐑮𐑧𐑖𐑩𐑯𐑦𐑟𐑥	eksˈpreˈʃənɪzm	𐑦𐑒𐑕𐑐𐑮𐑧𐑖𐑩𐑯𐑦𐑟𐑩𐑥	ɪkˈspreʃənɪzəm	high	
expressive	𐑧𐑒𐑕𐑐𐑮𐑧𐑕𐑦𐑝	ekˈspresɪv	𐑦𐑒𐑕𐑐𐑮𐑧𐑕𐑦𐑝	ɪkˈspresɪv	high	
expressively	𐑧𐑒𐑕𐑐𐑮𐑧𐑕𐑦𐑝𐑤𐑦	ekˈspresɪvli	𐑦𐑒𐑕𐑐𐑮𐑧𐑕𐑦𐑝𐑤𐑦	ɪkˈspresɪvli	high	
exquisite	𐑧𐑒𐑕𐑒𐑢𐑦𐑟𐑦𐑑	ˈekskwɪzɪt	𐑦𐑒𐑕𐑒𐑢𐑦𐑟𐑦𐑑	ˈɪkskwɪzɪt	high	
extant	𐑧𐑒𐑕𐑑𐑩𐑯𐑑	ˈekstənt	𐑧𐑒𐑕𐑑𐑨𐑯𐑑	ekˈstænt	high	
extemporaneous	𐑧𐑒𐑕𐑑𐑧𐑥𐑐𐑻𐑱𐑯𐑦𐑩𐑕	ekstempɜːreɪniəs	𐑦𐑒𐑕𐑑𐑧𐑥𐑐𐑼𐑱𐑯𐑾𐑕	ɪkˌstempəˈreɪnɪəs	high	
extensive	𐑧𐑒𐑕𐑑𐑧𐑯𐑕𐑦𐑝	ekˈstensɪv	𐑦𐑒𐑕𐑑𐑧𐑯𐑕𐑦𐑝	ɪkˈstensɪv	high	
extensively	𐑧𐑒𐑕𐑑𐑧𐑯𐑕𐑦𐑝𐑤𐑦	ekˈstensɪvli	𐑦𐑒𐑕𐑑𐑧𐑯𐑕𐑦𐑝𐑤𐑦	ɪkˈstensɪvli	high	
extenuate	-𐑿	-juː	𐑦𐑒𐑕𐑑𐑧𐑯𐑘𐑫𐑱𐑑	ɪkˈstenjueɪt	high	
extenuate	𐑦𐑒𐑕𐑑𐑧𐑯𐑘𐑩𐑢𐑱𐑑	ɪkˈstenjəˌweɪt	𐑦𐑒𐑕𐑑𐑧𐑯𐑘𐑫𐑱𐑑	ɪkˈstenjueɪt	high	
extenuate	𐑦𐑒𐑕𐑑𐑧𐑯𐑘𐑩𐑱𐑑	ɪkˈstenjəeɪt	𐑦𐑒𐑕𐑑𐑧𐑯𐑘𐑫𐑱𐑑	ɪkˈstenjueɪt	medium	ml_disagrees:𐑦𐑒𐑕𐑑𐑧𐑯𐑘𐑫𐑱𐑑; shave_says:𐑦𐑒𐑕𐑑𐑧𐑯𐑿𐑱𐑑
extenuate	𐑧𐑒-	ek-	𐑦𐑒𐑕𐑑𐑧𐑯𐑘𐑫𐑱𐑑	ɪkˈstenjueɪt	high	
extenuation	𐑦𐑒𐑕𐑑𐑧𐑯𐑘𐑩𐑱𐑖𐑩𐑯	ɪksˌtenjəˈeɪʃən	𐑦𐑒𐑕𐑑𐑧𐑯𐑘𐑫𐑱𐑖𐑩𐑯	ɪkˌstenjuˈeɪʃən	medium	ml_disagrees:𐑦𐑒𐑕𐑑𐑧𐑯𐑘𐑫𐑱𐑖𐑩𐑯; shave_says:𐑦𐑒𐑕𐑑𐑧𐑯𐑿𐑱𐑖𐑩𐑯
extenuation	𐑧𐑒𐑕𐑑𐑧𐑯𐑘𐑩𐑱𐑖𐑩𐑯	eksˌtenjəˈeɪʃən	𐑦𐑒𐑕𐑑𐑧𐑯𐑘𐑫𐑱𐑖𐑩𐑯	ɪkˌstenjuˈeɪʃən	medium	ml_disagrees:𐑧𐑒𐑕𐑑𐑧𐑯𐑘𐑫𐑱𐑖𐑩𐑯; shave_says:𐑦𐑒𐑕𐑑𐑧𐑯𐑿𐑱𐑖𐑩𐑯
exterior	𐑦𐑒𐑕𐑑𐑦𐑮𐑦𐑼	ɪkˈstɪriəR	𐑦𐑒𐑕𐑑𐑽𐑽	ɪkˈstɪərɪəR	high	
exterior	𐑧𐑒𐑕𐑑𐑦𐑮𐑦𐑼	ekˈstɪriəR	𐑦𐑒𐑕𐑑𐑽𐑽	ɪkˈstɪərɪəR	high	
exterior	𐑧𐑒𐑕𐑑𐑽𐑽	ekstɪərɪəR	𐑦𐑒𐑕𐑑𐑽𐑽	ɪkˈstɪərɪəR	high	
exteriorize	𐑦𐑒𐑕𐑑𐑦𐑮𐑦𐑼𐑲𐑟	ɪkˈstɪriəˌraɪz	𐑦𐑒𐑕𐑑𐑽𐑽𐑲𐑟	ɪksˈtɪərɪəraɪz	high	
exteriorize	𐑧𐑒𐑕𐑑𐑦𐑮𐑦𐑼𐑲𐑟	ekˈstɪriəˌraɪz	𐑦𐑒𐑕𐑑𐑽𐑽𐑲𐑟	ɪksˈtɪərɪəraɪz	high	
exteriorized	𐑦𐑒𐑕𐑑𐑦𐑮𐑦𐑼𐑲𐑟𐑛	ɪkˈstɪriəˌraɪzd	𐑦𐑒𐑕𐑑𐑽𐑽𐑲𐑟𐑛	ɪksˈtɪərɪəraɪzd	high	
exteriorized	𐑧𐑒𐑕𐑑𐑦𐑮𐑦𐑼𐑲𐑟𐑛	ekˈstɪriəˌraɪzd	𐑦𐑒𐑕𐑑𐑽𐑽𐑲𐑟𐑛	ɪksˈtɪərɪəraɪzd	high	
exteriorizes	𐑦𐑒𐑕𐑑𐑦𐑮𐑦𐑼𐑲𐑟𐑩𐑟	ɪkˈstɪriəˌraɪzƏz	𐑦𐑒𐑕𐑑𐑽𐑽𐑲𐑟𐑩𐑟	ɪksˈtɪərɪəraɪzƏz	high	
exteriorizes	𐑧𐑒𐑕𐑑𐑦𐑮𐑦𐑼𐑲𐑟𐑩𐑟	ekˈstɪriəˌraɪzƏz	𐑦𐑒𐑕𐑑𐑽𐑽𐑲𐑟𐑩𐑟	ɪksˈtɪərɪəraɪzƏz	high	
exteriorizing	𐑦𐑒𐑕𐑑𐑦𐑮𐑦𐑼𐑲𐑟𐑦𐑙	ɪkˈstɪriəˌraɪzɪŋ	𐑦𐑒𐑕𐑑𐑽𐑽𐑲𐑟𐑦𐑙	ɪksˈtɪərɪəraɪzɪŋ	high	
exteriorizing	𐑧𐑒𐑕𐑑𐑦𐑮𐑦𐑼𐑲𐑟𐑦𐑙	ekˈstɪriəˌraɪzɪŋ	𐑦𐑒𐑕𐑑𐑽𐑽𐑲𐑟𐑦𐑙	ɪksˈtɪərɪəraɪzɪŋ	high	
exterminate	𐑧𐑒𐑕𐑑𐑻𐑥𐑦𐑯𐑱𐑑	ekˈstɜːRmɪneɪt	𐑦𐑒𐑕𐑑𐑻𐑥𐑦𐑯𐑱𐑑	ɪkˈstɜːRmɪneɪt	high	
external	𐑧𐑒𐑕𐑑𐑻𐑯𐑩𐑤	ekstɜːRnəl	𐑦𐑒𐑕𐑑𐑻𐑯𐑩𐑤	ɪkˈstɜːRnəl	high	
extirpate	𐑧𐑒𐑕𐑑𐑩𐑐𐑱𐑑	ekstəpeɪt	𐑧𐑒𐑕𐑑𐑼𐑐𐑱𐑑	ˈekstəRpeɪt	medium	r_gap:spelling=1,ipa=0; shave_says:𐑧𐑒𐑕𐑑𐑼𐑐𐑱𐑑
extol	𐑦𐑒𐑕𐑑𐑪𐑤	ɪkˈstɒl	𐑦𐑒𐑕𐑑𐑴𐑤	ɪkˈstəʊl	high	
extortion	𐑧𐑒-	ek-	𐑦𐑒𐑕𐑑𐑹𐑖𐑩𐑯	ɪkˈstɔːRʃən	medium	r_gap:spelling=1,ipa=0; shave_says:𐑦𐑒𐑕𐑑𐑹𐑖𐑩𐑯
extortionate	𐑧𐑒𐑕𐑑𐑹𐑖𐑩𐑯𐑩𐑑	ekstɔːRʃənət	𐑦𐑒𐑕𐑑𐑹𐑖𐑩𐑯𐑩𐑑	ɪkˈstɔːRʃənət	high	
extraordinary	𐑦𐑒𐑕𐑑𐑮𐑹𐑛𐑦𐑯𐑮𐑦	ɪkstrɔːrdɪnri	𐑦𐑒𐑕𐑑𐑮𐑹𐑛𐑩𐑯𐑼𐑦	ɪkˈstrɔːRdənəri	high	
extraordinary	𐑦𐑒𐑕𐑑𐑮𐑹𐑛𐑦𐑯𐑼𐑦	ɪkstrɔːrdɪnəri	𐑦𐑒𐑕𐑑𐑮𐑹𐑛𐑩𐑯𐑼𐑦	ɪkˈstrɔːRdənəri	high	
extraordinary	𐑧𐑒𐑕𐑑𐑮𐑩𐑹𐑛𐑦𐑯𐑮𐑦	ekstrəɔːrdɪnri	𐑦𐑒𐑕𐑑𐑮𐑹𐑛𐑩𐑯𐑼𐑦	ɪkˈstrɔːRdənəri	high	
extraordinary	𐑧𐑒𐑕𐑑𐑮𐑩𐑹𐑛𐑦𐑯𐑼𐑦	ekstrəɔːrdɪnəri	𐑦𐑒𐑕𐑑𐑮𐑹𐑛𐑩𐑯𐑼𐑦	ɪkˈstrɔːRdənəri	high	
extreme	𐑦𐑒𐑕𐑑𐑮𐑦𐑥	ɪkˈstrim	𐑦𐑒𐑕𐑑𐑮𐑰𐑥	ɪkˈstriːm	high	
extreme	𐑧𐑒𐑕𐑑𐑮𐑦𐑥	ekˈstrim	𐑦𐑒𐑕𐑑𐑮𐑰𐑥	ɪkˈstriːm	high	
extreme	𐑧𐑒𐑕𐑑𐑮𐑰𐑥	ekstriːm	𐑦𐑒𐑕𐑑𐑮𐑰𐑥	ɪkˈstriːm	high	
extremely	𐑦𐑒𐑕𐑑𐑮𐑦𐑥𐑤𐑦	ɪksˈtrimli	𐑦𐑒𐑕𐑑𐑮𐑰𐑥𐑤𐑦	ɪkˈstriːmli	high	
extremes	𐑦𐑒𐑕𐑑𐑮𐑦𐑥𐑟	ɪkˈstrimz	𐑦𐑒𐑕𐑑𐑮𐑰𐑥𐑟	ɪkˈstriːmz	high	
extremes	𐑧𐑒𐑕𐑑𐑮𐑰𐑥𐑟	ekstriːmz	𐑦𐑒𐑕𐑑𐑮𐑰𐑥𐑟	ɪkˈstriːmz	high	
extremism	𐑦𐑒𐑕𐑑𐑮𐑦𐑥𐑦𐑟𐑩𐑥	ɪkˈstrimɪzəm	𐑦𐑒𐑕𐑑𐑮𐑰𐑥𐑦𐑟𐑩𐑥	ɪkˈstriːmɪzəm	high	
extremism	𐑧𐑒𐑕𐑑𐑮𐑰𐑥𐑦𐑟𐑩𐑥	ekstriːmɪzəm	𐑦𐑒𐑕𐑑𐑮𐑰𐑥𐑦𐑟𐑩𐑥	ɪkˈstriːmɪzəm	high	
extremities	-𐑑𐑦𐑟	-tiz	𐑦𐑒𐑕𐑑𐑮𐑧𐑥𐑦𐑑𐑦𐑟	ɪkˈstremɪtiz	medium	r_gap:spelling=1,ipa=0
extremities	𐑦𐑒𐑕𐑑𐑮𐑧𐑥𐑩𐑑𐑦𐑟	ɪkˈstremətiz	𐑦𐑒𐑕𐑑𐑮𐑧𐑥𐑦𐑑𐑦𐑟	ɪkˈstremɪtiz	high	
extremities	𐑧𐑒-	ek-	𐑦𐑒𐑕𐑑𐑮𐑧𐑥𐑦𐑑𐑦𐑟	ɪkˈstremɪtiz	medium	r_gap:spelling=1,ipa=0; shave_says:𐑦𐑒𐑕𐑑𐑮𐑧𐑥𐑦𐑑𐑦𐑟
extremity	-𐑑𐑦	-ti	𐑦𐑒𐑕𐑑𐑮𐑧𐑥𐑦𐑑𐑦	ɪkˈstremɪti	medium	r_gap:spelling=1,ipa=0
extremity	𐑦𐑒𐑕𐑑𐑮𐑧𐑥𐑩𐑑𐑦	ɪkˈstreməti	𐑦𐑒𐑕𐑑𐑮𐑧𐑥𐑦𐑑𐑦	ɪkˈstremɪti	high	
extremity	𐑧𐑒-	ek-	𐑦𐑒𐑕𐑑𐑮𐑧𐑥𐑦𐑑𐑦	ɪkˈstremɪti	medium	r_gap:spelling=1,ipa=0; shave_says:𐑦𐑒𐑕𐑑𐑮𐑧𐑥𐑦𐑑𐑦
extrovert	𐑧𐑒𐑕𐑑𐑮𐑩𐑝𐑼𐑑	ˈekstrəˌvərt	𐑧𐑒𐑕𐑑𐑮𐑩𐑝𐑻𐑑	ˈekstrəvɜːRt	high	
extrovert	𐑧𐑒𐑕𐑑𐑮𐑴𐑝𐑼𐑑	ekstroʊˈvərt	𐑧𐑒𐑕𐑑𐑮𐑩𐑝𐑻𐑑	ˈekstrəvɜːRt	high	
exuberance	𐑦𐑜𐑟𐑫𐑚𐑼𐑩𐑯𐑑𐑕	ɪɡˈzubərənts	𐑦𐑜𐑟𐑵𐑚𐑼𐑩𐑯𐑕	ɪɡˈzuːbərəns	high	
exuberance	𐑧𐑒𐑕𐑿𐑚𐑻𐑩𐑯𐑕	eksjuːbɜːrəns	𐑦𐑜𐑟𐑵𐑚𐑼𐑩𐑯𐑕	ɪɡˈzuːbərəns	high	
exuberance	𐑧𐑜𐑟𐑫𐑚𐑼𐑩𐑯𐑑𐑕	eɡˈzubərənts	𐑦𐑜𐑟𐑵𐑚𐑼𐑩𐑯𐑕	ɪɡˈzuːbərəns	high	
exuberance	𐑧𐑜𐑠𐑵𐑚𐑻𐑩𐑯𐑕	eɡʒuːbɜːrəns	𐑦𐑜𐑟𐑵𐑚𐑼𐑩𐑯𐑕	ɪɡˈzuːbərəns	high	
exude	𐑦𐑒𐑕𐑫𐑛	ɪkˈsud	𐑦𐑜𐑟𐑵𐑛	ɪɡˈzuːd	high	
exude	𐑦𐑜𐑟𐑫𐑛	ɪɡˈzud	𐑦𐑜𐑟𐑵𐑛	ɪɡˈzuːd	high	
exude	𐑦𐑜𐑟𐑿𐑛	ɪɡˈzjuːd	𐑦𐑜𐑟𐑵𐑛	ɪɡˈzuːd	high	
eyesore	𐑲𐑕𐑪𐑮	ˈaɪsor	𐑲𐑕𐑹	ˈaɪsɔːR	high	
eyrie	𐑦𐑮𐑦	ˈɪri	𐑺𐑦	ˈeəri	high	
eyrie	𐑧𐑮𐑦	ˈeri	𐑺𐑦	ˈeəri	high	
eyrie	𐑲𐑮𐑦	aɪri	𐑺𐑦	ˈeəri	high	
eyrie	𐑻𐑦	ɜːri	𐑺𐑦	ˈeəri	high	
eyrie	𐑽𐑦	ɪəri	𐑺𐑦	ˈeəri	high	
fabian	𐑓𐑱𐑚𐑦𐑩𐑯	ˈfeɪbiən	𐑓𐑱𐑚𐑾𐑯	ˈfeɪbɪən	high	
fabian	𐑓𐑱𐑚𐑰𐑩𐑯	ˈfeɪbiːən	𐑓𐑱𐑚𐑾𐑯	ˈfeɪbɪən	high	
fabricate	𐑓𐑨𐑚𐑮𐑩𐑒𐑱𐑑	ˈfæbrəˌkeɪt	𐑓𐑨𐑚𐑮𐑦𐑒𐑱𐑑	ˈfæbrɪkeɪt	high	
fabulously	𐑓𐑨𐑚𐑘𐑩𐑤𐑦𐑕𐑤𐑦	ˈfæbjəlɪsli	𐑓𐑨𐑚𐑘𐑩𐑤𐑩𐑕𐑤𐑦	ˈfæbjələsli	high	
face	𐑓𐑧𐑘𐑕	fejs	𐑓𐑱𐑕	feɪs	high	
facet	𐑓𐑨𐑕𐑦𐑑	ˈfasɪt	𐑓𐑨𐑕𐑩𐑑	ˈfæsIt	high	
facile	𐑓𐑨𐑕𐑤	ˈfæsl	𐑓𐑨𐑕𐑲𐑤	ˈfæsaɪl	high	
facile	𐑓𐑨𐑕𐑩𐑤	ˈfæsəl	𐑓𐑨𐑕𐑲𐑤	ˈfæsaɪl	high	
factory	𐑓𐑨𐑒𐑑𐑮𐑦	fæktri	𐑓𐑨𐑒𐑑𐑼𐑦	ˈfæktəri	high	
facts	𐑓𐑨𐑒𐑕	ˈfæks	𐑓𐑨𐑒𐑑𐑕	fækts	high	
factual	𐑓𐑨𐑒𐑑𐑘𐑩𐑩𐑤	ˈfæktjəəl	𐑓𐑨𐑒𐑗𐑫𐑩𐑤	ˈfæktʃuəl	high	
factual	𐑓𐑨𐑒𐑗𐑫𐑼𐑤	ˈfæktʃʊəl	𐑓𐑨𐑒𐑗𐑫𐑩𐑤	ˈfæktʃuəl	medium	ml_disagrees:𐑓𐑨𐑒𐑗𐑫𐑩𐑤; shave_says:𐑓𐑨𐑒𐑑𐑵𐑩𐑤
failures	𐑓𐑱𐑤𐑘𐑩𐑟	feɪljəz	𐑓𐑱𐑤𐑘𐑼𐑟	ˈfeɪljəRz	medium	r_gap:spelling=1,ipa=0; shave_says:𐑓𐑱𐑤𐑘𐑼𐑟
fair	𐑓𐑻	fɜːR	𐑓𐑺	feəR	high	
fair-minded	𐑓𐑺𐑥𐑲𐑯𐑛𐑩𐑛	ˌfeərˈmaɪndƏd	𐑓𐑺-𐑥𐑲𐑯𐑛𐑩𐑛	feəR-ˈmaɪndƏd	high	
fair-minded	𐑓𐑻𐑥𐑲𐑯𐑛𐑩𐑛	fɜːRmaɪndƏd	𐑓𐑺-𐑥𐑲𐑯𐑛𐑩𐑛	feəR-ˈmaɪndƏd	high	
fairest	𐑓𐑧𐑮𐑦𐑕𐑑	ˈferɪst	𐑓𐑺𐑩𐑕𐑑	ˈfeərəst	high	
fairest	𐑓𐑺𐑦𐑕𐑑	feərɪst	𐑓𐑺𐑩𐑕𐑑	ˈfeərəst	high	
fairies	𐑓𐑧𐑮𐑦𐑟	ˈferiz	𐑓𐑺𐑦𐑟	ˈfeəriz	high	
fairly	𐑓𐑧𐑮𐑤𐑦	ˈferli	𐑓𐑺𐑤𐑦	ˈfeəRli	high	
fairs	𐑓𐑧𐑮𐑟	ferz	𐑓𐑺𐑟	feəRz	high	
fairway	𐑓𐑧𐑮𐑢𐑱	ˈferweɪ	𐑓𐑺𐑢𐑱	ˈfeəRweɪ	high	
falcon	𐑓𐑨𐑤𐑒𐑩𐑯	ˈfælkən	𐑓𐑷𐑤𐑒𐑩𐑯	ˈfɔːlkən	high	
falcon	𐑓𐑪𐑤𐑒𐑩𐑯	ˈfɒlkən	𐑓𐑷𐑤𐑒𐑩𐑯	ˈfɔːlkən	high	
falcon	𐑓𐑭𐑤𐑒𐑩𐑯	ˈfɑːlkən	𐑓𐑷𐑤𐑒𐑩𐑯	ˈfɔːlkən	high	
falconer	𐑓𐑨𐑤𐑒𐑩𐑯𐑼	ˈfælkənəR	𐑓𐑷𐑤𐑒𐑩𐑯𐑼	ˈfɔːlkənəR	high	
falconer	𐑓𐑪𐑤𐑒𐑩𐑯𐑼	fɒlkənər	𐑓𐑷𐑤𐑒𐑩𐑯𐑼	ˈfɔːlkənəR	high	
falconer	𐑓𐑷𐑒𐑯𐑼	fɔːknər	𐑓𐑷𐑤𐑒𐑩𐑯𐑼	ˈfɔːlkənəR	high	
fallibility	𐑓𐑨𐑤𐑩𐑚𐑦𐑤𐑩𐑑𐑦	fæləˈbɪləti	𐑓𐑨𐑤𐑩𐑚𐑦𐑤𐑦𐑑𐑦	ˌfæləˈbɪlɪti	high	
fallible	𐑓𐑨𐑤𐑦𐑚𐑩𐑤	ˈfalɪbəl	𐑓𐑨𐑤𐑩𐑚𐑩𐑤	ˈfæləbəl	high	
fallopian	𐑓𐑩𐑤𐑴𐑐𐑦𐑩𐑯	fəˈloʊpiən	𐑓𐑩𐑤𐑴𐑐𐑾𐑯	fəˈləʊpɪən	high	
false	𐑓𐑪𐑤𐑕	fɒls	𐑓𐑷𐑤𐑕	fɔːls	high	
falsehood	𐑓𐑪𐑤𐑕𐑣𐑫𐑛	ˈfɒlsˌhʊd	𐑓𐑷𐑤𐑕𐑣𐑫𐑛	ˈfɔːlshʊd	high	
falsetto	𐑓𐑪𐑤𐑕𐑧𐑑𐑴	fɒlˈsetəʊ	𐑓𐑷𐑤𐑕𐑧𐑑𐑴	fɔːlˈsetəʊ	high	
falsity	𐑓𐑪𐑤𐑕𐑦𐑑𐑦	ˈfɒlsɪti	𐑓𐑷𐑤𐑕𐑦𐑑𐑦	ˈfɔːlsɪti	high	
falter	𐑓𐑪𐑤𐑑𐑼	fɒltəR	𐑓𐑷𐑤𐑑𐑼	ˈfɔːltəR	high	
familiar	𐑓𐑩𐑥𐑦𐑤𐑘𐑼	fəˈmɪljəR	𐑓𐑩𐑥𐑦𐑤𐑽	fəˈmɪlɪəR	high	
familiar	𐑓𐑩𐑥𐑦𐑤𐑦𐑼	fəmɪliəR	𐑓𐑩𐑥𐑦𐑤𐑽	fəˈmɪlɪəR	high	
familiar	𐑓𐑼𐑥𐑦𐑤𐑘𐑼	fəRˈmɪljəR	𐑓𐑩𐑥𐑦𐑤𐑽	fəˈmɪlɪəR	high	
familiarly	𐑓𐑩𐑥𐑦𐑤𐑘𐑼𐑤𐑦	fəˈmɪljəRli	𐑓𐑩𐑥𐑦𐑤𐑽𐑤𐑦	fəˈmɪlɪəRli	high	
familiarly	𐑓𐑩𐑥𐑦𐑤𐑦𐑼𐑤𐑦	fəˈmɪliəRli	𐑓𐑩𐑥𐑦𐑤𐑽𐑤𐑦	fəˈmɪlɪəRli	high	
family	𐑓𐑨𐑥𐑩 𐑤𐑦	ˈfæmə li	𐑓𐑨𐑥𐑦𐑤𐑦	ˈfæmɪli	high	
fanatically	𐑓𐑩𐑯𐑨𐑑𐑦𐑒𐑩𐑤𐑦	fəˈnætɪkəli	𐑓𐑩𐑯𐑨𐑑𐑦𐑒𐑤𐑦	fəˈnætɪkli	high	
fanfare	𐑓𐑨𐑯𐑓𐑧𐑮	ˈfænfer	𐑓𐑨𐑯𐑓𐑺	ˈfænfeəR	high	
fanfare	𐑓𐑺𐑯𐑓𐑧𐑮	ˈfeənfer	𐑓𐑨𐑯𐑓𐑺	ˈfænfeəR	high	
fantasia	-𐑑𐑭-	-ˈtɑː-	𐑓𐑨𐑯𐑑𐑱𐑟𐑾	fænˈteɪzɪə	high	
fantasia	𐑓𐑨𐑯𐑑𐑩𐑟𐑰𐑩	ˌfæntəˈziːə	𐑓𐑨𐑯𐑑𐑱𐑟𐑾	fænˈteɪzɪə	high	
fantasia	𐑓𐑨𐑯𐑑𐑱𐑟𐑦𐑩	fænˈteɪziə	𐑓𐑨𐑯𐑑𐑱𐑟𐑾	fænˈteɪzɪə	high	
fantasia	𐑓𐑨𐑯𐑑𐑱𐑠𐑩	fænˈteɪʒə	𐑓𐑨𐑯𐑑𐑱𐑟𐑾	fænˈteɪzɪə	high	
fantasies	𐑓𐑨𐑯𐑑𐑩𐑟𐑦𐑟	ˈfæntəziz	𐑓𐑨𐑯𐑑𐑩𐑕𐑦𐑟	ˈfæntəsiz	high	
fantasy	𐑓𐑨𐑯𐑩𐑕𐑦	ˈfænəsi	𐑓𐑨𐑯𐑑𐑩𐑕𐑦	ˈfæntəsi	high	
far-flung	𐑓𐑸𐑓𐑤𐑳𐑙	fɑːRflʌŋ	𐑓𐑸-𐑓𐑤𐑳𐑙	fɑːR-ˈflʌŋ	high	
fares	𐑓𐑧𐑮𐑟	ferz	𐑓𐑺𐑟	feəRz	high	
farewell	𐑓𐑧𐑮𐑢𐑧𐑤	ferˈwel	𐑓𐑺𐑢𐑧𐑤	ˌfeəRˈwel	high	
farmhouse	𐑓𐑸𐑥𐑣𐑨𐑫𐑕	fɑːRmhaus	𐑓𐑸𐑥𐑣𐑬𐑕	ˈfɑːRmhaʊs	high	
farrier	𐑓𐑧𐑮𐑦𐑼	ˈferiəR	𐑓𐑨𐑮𐑽	ˈfærɪəR	medium	r_gap:spelling=3,ipa=2
farrier	𐑓𐑨𐑮𐑦𐑼	færiəR	𐑓𐑨𐑮𐑽	ˈfærɪəR	medium	r_gap:spelling=3,ipa=2; shave_says:𐑓𐑨𐑮𐑽
farrow	𐑓𐑧𐑮𐑴	ˈferoʊ	𐑓𐑨𐑮𐑴	ˈfærəʊ	medium	r_gap:spelling=2,ipa=1
farthest	𐑓𐑸𐑞𐑦𐑕𐑑	fɑːRðɪst	𐑓𐑸𐑞𐑩𐑕𐑑	ˈfɑːRðəst	high	
fastener	𐑓𐑨𐑕𐑯𐑼	ˈfæsnəR	𐑓𐑨𐑕𐑩𐑯𐑼, 𐑓𐑭𐑕𐑩𐑯𐑼	ˈfⱭːsənəR	high	
fastener	𐑓𐑭𐑕𐑯𐑼	fɑːsnəR	𐑓𐑨𐑕𐑩𐑯𐑼, 𐑓𐑭𐑕𐑩𐑯𐑼	ˈfⱭːsənəR	high	
fastness	𐑓𐑨𐑕𐑑-	ˈfæst-	𐑓𐑨𐑕𐑑𐑯𐑩𐑕, 𐑓𐑭𐑕𐑑𐑯𐑩𐑕	ˈfⱭːstnəs	high	
fatal	𐑓𐑱𐑑𐑤	ˈfeɪtl	𐑓𐑱𐑑𐑩𐑤	ˈfeɪtəl	high	
fatality	𐑓𐑩-	fə-	𐑓𐑩𐑑𐑨𐑤𐑦𐑑𐑦	fəˈtælɪti	high	
fatality	𐑓𐑩𐑑𐑨𐑤𐑩𐑑𐑦	fəˈtælətɪ	𐑓𐑩𐑑𐑨𐑤𐑦𐑑𐑦	fəˈtælɪti	high	
fatality	𐑓𐑱-	feɪ-	𐑓𐑩𐑑𐑨𐑤𐑦𐑑𐑦	fəˈtælɪti	high	
fatality	𐑓𐑱𐑑𐑨𐑤𐑦𐑑𐑦	feɪˈtælɪti	𐑓𐑩𐑑𐑨𐑤𐑦𐑑𐑦	fəˈtælɪti	high	
father	𐑓𐑪𐑞𐑼	ˈfɒðəR	𐑓𐑭𐑞𐑼	ˈfɑːðəR	high	
fatherhood	𐑓𐑪𐑞𐑼𐑣𐑫𐑛	ˈfɒðəRˌhʊd	𐑓𐑭𐑞𐑼𐑣𐑫𐑛	ˈfɑːðəRhʊd	high	
fatherhood	𐑓𐑭𐑞𐑩𐑣𐑫𐑛	fɑːðəhʊd	𐑓𐑭𐑞𐑼𐑣𐑫𐑛	ˈfɑːðəRhʊd	medium	r_gap:spelling=1,ipa=0; shave_says:𐑓𐑭𐑞𐑼𐑣𐑫𐑛
fatherly	𐑓𐑪𐑞𐑼𐑤𐑦	ˈfɒðəRli	𐑓𐑭𐑞𐑼𐑤𐑦	ˈfɑːðəRli	high	
fatherly	𐑓𐑭𐑞𐑩𐑤𐑦	fɑːðəli	𐑓𐑭𐑞𐑼𐑤𐑦	ˈfɑːðəRli	medium	r_gap:spelling=1,ipa=0; shave_says:𐑓𐑭𐑞𐑼𐑤𐑦
fathers	𐑓𐑪𐑞𐑼𐑟	ˈfɒðəRz	𐑓𐑭𐑞𐑼𐑟	ˈfɑːðəRz	high	
fathomless	𐑓𐑨𐑞𐑩𐑥𐑤𐑦𐑕	ˈfæðəmlɪs	𐑓𐑨𐑞𐑩𐑥𐑤𐑩𐑕	ˈfæðəmləs	high	
fatuity	𐑓𐑩𐑑𐑵𐑦𐑑𐑦	fəˈtuːɪti	𐑓𐑩𐑗𐑵𐑦𐑑𐑦	fəˈtʃuːɪti	high	
fatuity	𐑓𐑩𐑑𐑿𐑩𐑑𐑦	fəˈtjuːəti	𐑓𐑩𐑗𐑵𐑦𐑑𐑦	fəˈtʃuːɪti	high	
fatuous	𐑓𐑨𐑑𐑘𐑫𐑩𐑕	ˈfætjuəs	𐑓𐑨𐑗𐑫𐑩𐑕	ˈfætʃuəs	high	
fatuously	𐑓𐑨𐑑𐑘𐑫𐑩𐑕𐑤𐑦	ˈfætjuəsli	𐑓𐑨𐑗𐑫𐑩𐑕𐑤𐑦	ˈfætʃuəsli	high	
faucet	𐑓𐑷𐑕𐑦𐑑	ˈfɔːsɪt	𐑓𐑷𐑕𐑩𐑑	ˈfɔːsIt	high	
fault	𐑓𐑪𐑤𐑑	fɒlt	𐑓𐑷𐑤𐑑	fɔːlt	high	
faultlessly	𐑓𐑪𐑤𐑑𐑤𐑩𐑕𐑤𐑦	ˈfɒltləsli	𐑓𐑷𐑤𐑑𐑤𐑩𐑕𐑤𐑦	ˈfɔːltləsli	high	
faults	𐑓𐑪𐑤𐑑𐑕	fɒlts	𐑓𐑷𐑤𐑑𐑕	fɔːlts	high	
faulty	𐑓𐑪𐑤𐑑𐑦	ˈfɒlti	𐑓𐑷𐑤𐑑𐑦	ˈfɔːlti	high	
faux pas	𐑓𐑴 𐑐𐑪	ˌfoʊ ˈpɒ	𐑓𐑴 𐑐𐑭	ˌfəʊ ˈpɑː	high	
faux pas	𐑓𐑴 𐑐𐑪𐑟	ˌfoʊ ˈpɒz	𐑓𐑴 𐑐𐑭	ˌfəʊ ˈpɑː	high	
faux pas	𐑓𐑴 𐑐𐑭𐑟	ˌfəʊ ˈpɑːz	𐑓𐑴 𐑐𐑭	ˌfəʊ ˈpɑː	high	
faversham	𐑓𐑨𐑝𐑩𐑖𐑩𐑥	fævəʃəm	𐑓𐑨𐑝𐑼𐑖𐑩𐑥	ˈfævəRʃəm	medium	r_gap:spelling=1,ipa=0; shave_says:𐑓𐑨𐑝𐑼𐑖𐑩𐑥
favorable	𐑓𐑱𐑝𐑼𐑩𐑚𐑤	ˈfeɪvəRəbl	𐑓𐑱𐑝𐑼𐑩𐑚𐑩𐑤	ˈfeɪvərəbəl	high	
fear	𐑓𐑦𐑮	fɪr	𐑓𐑽	fɪəR	high	
feared	𐑓𐑦𐑮𐑛	fɪrd	𐑓𐑽𐑛	fɪəRd	high	
fearful	𐑓𐑦𐑮𐑓𐑩𐑤	ˈfɪrfəl	𐑓𐑽𐑓𐑩𐑤	ˈfɪəRfəl	high	
fearful	𐑓𐑦𐑮𐑓𐑫𐑤	ˈfɪrfʊl	𐑓𐑽𐑓𐑩𐑤	ˈfɪəRfəl	high	
fearful	𐑓𐑽𐑓𐑫𐑤	fɪərfʊl	𐑓𐑽𐑓𐑩𐑤	ˈfɪəRfəl	high	
fearfully	𐑓𐑦𐑮𐑓𐑩𐑤𐑦	ˈfɪrfəli	𐑓𐑽𐑓𐑩𐑤𐑦	ˈfɪəRfəli	high	
fearless	𐑓𐑦𐑮𐑤𐑩𐑕	ˈfɪrləs	𐑓𐑽𐑤𐑩𐑕	ˈfɪəRləs	high	
fearlessness	𐑓𐑾𐑤𐑦𐑕𐑯𐑦𐑕	ˈfɪəlɪsnɪs	𐑓𐑽𐑤𐑩𐑕𐑯𐑩𐑕	ˈfɪəRləsnəs	medium	r_gap:spelling=1,ipa=0
fears	𐑓𐑦𐑮𐑟	fɪrz	𐑓𐑽𐑟	fɪəRz	high	
feasible	𐑓𐑦𐑟𐑩𐑚𐑤	ˈfizəbl	𐑓𐑰𐑟𐑩𐑚𐑩𐑤	ˈfiːzəbəl	high	
feasible	𐑓𐑦𐑟𐑩𐑚𐑩𐑤	ˈfizəbəl	𐑓𐑰𐑟𐑩𐑚𐑩𐑤	ˈfiːzəbəl	high	
feasible	𐑓𐑰𐑟𐑦𐑚𐑤	ˈfiːzɪbl	𐑓𐑰𐑟𐑩𐑚𐑩𐑤	ˈfiːzəbəl	medium	ml_disagrees:𐑓𐑰𐑟𐑩𐑚𐑤; shave_says:𐑓𐑰𐑟𐑩𐑚𐑩𐑤
feasible	𐑓𐑰𐑟𐑩𐑚𐑤	ˈfiːzəbl	𐑓𐑰𐑟𐑩𐑚𐑩𐑤	ˈfiːzəbəl	high	
feature	𐑓𐑦𐑗𐑼	ˈfitʃəR	𐑓𐑰𐑗𐑼	ˈfiːtʃəR	high	
featureless	𐑓𐑦𐑗𐑼𐑤𐑩𐑕	ˈfitʃəRləs	𐑓𐑰𐑗𐑼𐑤𐑩𐑕	ˈfiːtʃəRləs	high	
features	𐑓𐑦𐑗𐑼𐑟	ˈfitʃəRz	𐑓𐑰𐑗𐑼𐑟	ˈfiːtʃəRz	high	
features	𐑓𐑰𐑗𐑩𐑟	fiːtʃəz	𐑓𐑰𐑗𐑼𐑟	ˈfiːtʃəRz	medium	r_gap:spelling=1,ipa=0; shave_says:𐑓𐑰𐑗𐑼𐑟
february	𐑓𐑧𐑚𐑘𐑩𐑼𐑦	febjəəri	𐑓𐑧𐑚𐑮𐑫𐑼𐑦	ˈfebruəri	low	ml_disagrees:𐑓𐑧𐑚𐑘𐑫𐑼𐑦; r_gap:spelling=2,ipa=1; shave_says:𐑓𐑧𐑚𐑮𐑵𐑺𐑦
february	𐑓𐑧𐑚𐑘𐑫𐑺𐑦	ˈfebjuˌeəri	𐑓𐑧𐑚𐑮𐑫𐑼𐑦	ˈfebruəri	medium	r_gap:spelling=2,ipa=1
february	𐑓𐑧𐑚𐑮𐑦	febri	𐑓𐑧𐑚𐑮𐑫𐑼𐑦	ˈfebruəri	medium	r_gap:spelling=2,ipa=1; shave_says:𐑓𐑧𐑚𐑮𐑵𐑺𐑦
february	𐑓𐑧𐑚𐑮𐑫𐑧𐑮𐑦	ˈfebruˌeri	𐑓𐑧𐑚𐑮𐑫𐑼𐑦	ˈfebruəri	high	
february	𐑓𐑧𐑚𐑮𐑼𐑦	febrəri	𐑓𐑧𐑚𐑮𐑫𐑼𐑦	ˈfebruəri	high	
fecund	𐑓𐑦𐑒𐑩𐑯𐑛	ˈfikənd	𐑓𐑧𐑒𐑩𐑯𐑛	ˈfekənd	high	
feeder	𐑓𐑦𐑛𐑼	ˈfidəR	𐑓𐑰𐑛𐑼	ˈfiːdəR	high	
feel	𐑓𐑦𐑤	fil	𐑓𐑰𐑤	fiːl	high	
feeling	𐑓𐑦𐑤𐑦𐑙	ˈfilɪŋ	𐑓𐑰𐑤𐑦𐑙	ˈfiːlɪŋ	high	
feelings	𐑓𐑦𐑤𐑦𐑙𐑟	ˈfilɪŋz	𐑓𐑰𐑤𐑦𐑙𐑟	ˈfiːlɪŋz	high	
felicity	-𐑑𐑦	-ti	𐑓𐑩𐑤𐑦𐑕𐑦𐑑𐑦	fəˈlɪsɪti	high	
felicity	𐑓𐑦𐑤𐑦𐑕𐑦𐑑𐑦	fɪˈlɪsɪti	𐑓𐑩𐑤𐑦𐑕𐑦𐑑𐑦	fəˈlɪsɪti	high	
felicity	𐑓𐑩𐑤𐑦𐑕𐑩𐑑𐑦	fəˈlɪsəti	𐑓𐑩𐑤𐑦𐑕𐑦𐑑𐑦	fəˈlɪsɪti	high	
fellowship	𐑓𐑧𐑤𐑩𐑖𐑦𐑐	ˈfeləʃɪp	𐑓𐑧𐑤𐑴𐑖𐑦𐑐	ˈfeləʊʃɪp	high	
fentanyl	𐑓𐑧𐑯𐑑𐑩𐑯𐑪𐑤	ˈfentənɒl	𐑓𐑧𐑯𐑑𐑩𐑯𐑦𐑤	ˈfentənɪl	high	
fentanyl	𐑓𐑧𐑯𐑑𐑩𐑯𐑷𐑤	ˈfentənɔːl	𐑓𐑧𐑯𐑑𐑩𐑯𐑦𐑤	ˈfentənɪl	high	
ferment	𐑓𐑩𐑥𐑧𐑯𐑑	fəment	𐑓𐑻𐑥𐑧𐑯𐑑, 𐑓𐑼𐑥𐑧𐑯𐑑	ˈfɜːRment	medium	r_gap:spelling=1,ipa=0; shave_says:[𐑓𐑻𐑥𐑧𐑯𐑑 / 𐑓𐑼𐑥𐑧𐑯𐑑]
ferroconcrete	𐑓𐑧𐑮𐑴𐑒𐑪𐑯𐑒𐑮𐑦𐑑	ˌferoʊˈkɒnkrit	𐑓𐑧𐑮𐑴𐑒𐑪𐑙𐑒𐑮𐑰𐑑	ˌferəʊˈkɒŋkriːt	medium	r_gap:spelling=3,ipa=2
ferrule	-𐑮𐑵𐑤	-ruːl	𐑓𐑧𐑮𐑵𐑤	ˈferuːl	medium	r_gap:spelling=2,ipa=1; shave_says:𐑓𐑧𐑮𐑵𐑤
ferrule	𐑓𐑧𐑮𐑩𐑤	ferəl	𐑓𐑧𐑮𐑵𐑤	ˈferuːl	medium	r_gap:spelling=2,ipa=1; shave_says:𐑓𐑧𐑮𐑵𐑤
fertile	𐑓𐑻𐑑𐑩𐑤	fɜːRtəl	𐑓𐑻𐑑𐑲𐑤	ˈfɜːRtaɪl	high	
fertility	𐑓𐑻𐑑𐑦𐑤𐑩𐑑𐑦	fɜːRˈtɪləti	𐑓𐑼𐑑𐑦𐑤𐑦𐑑𐑦	fəRˈtɪlɪti	high	
fervid	𐑓𐑻𐑝𐑩𐑛	ˈfɜːRvƏd	𐑓𐑻𐑝𐑦𐑛	ˈfɜːRvɪd	high	
festival	𐑓𐑧𐑕𐑑𐑩𐑝𐑩𐑤	ˈfestəvəl	𐑓𐑧𐑕𐑑𐑦𐑝𐑩𐑤	ˈfestɪvəl	high	
fetor	𐑓𐑦𐑑𐑹	ˈfitɔːR	𐑓𐑰𐑑𐑼	ˈfiːtəR	high	
fetor	𐑓𐑦𐑑𐑼	ˈfitər	𐑓𐑰𐑑𐑼	ˈfiːtəR	high	
fetor	𐑓𐑰𐑑𐑹	fiːtɔːR	𐑓𐑰𐑑𐑼	ˈfiːtəR	high	
feudal	𐑓𐑘𐑫𐑑𐑤	ˈfjutl	𐑓𐑿𐑛𐑩𐑤	ˈfjuːdəl	high	
feudal	𐑓𐑘𐑫𐑛𐑩𐑤	ˈfjudəl	𐑓𐑿𐑛𐑩𐑤	ˈfjuːdəl	high	
feudal	𐑓𐑿𐑛𐑤	ˈfjuːdl	𐑓𐑿𐑛𐑩𐑤	ˈfjuːdəl	high	
fever	𐑓𐑦𐑝𐑼	ˈfivəR	𐑓𐑰𐑝𐑼	ˈfiːvəR	high	
feverish	𐑓𐑦𐑝𐑼𐑦𐑖	ˈfivəRɪʃ	𐑓𐑰𐑝𐑼𐑦𐑖	ˈfiːvərɪʃ	high	
feverishly	𐑓𐑦𐑝𐑼𐑦𐑖𐑤𐑦	ˈfivəRɪʃli	𐑓𐑰𐑝𐑼𐑦𐑖𐑤𐑦	ˈfiːvərɪʃli	high	
fibonacci	𐑓𐑰𐑚𐑴𐑯𐑭𐑗𐑦	fiːbəʊˈnɑːtʃi	𐑓𐑦𐑚𐑩𐑯𐑭𐑗𐑦	ˌfɪbəˈnɑːtʃi	high	
fibreglass	𐑓𐑲𐑚𐑩𐑜𐑤𐑭𐑕	faɪbəɡlɑːs	𐑓𐑲𐑚𐑼𐑜𐑤𐑨𐑕, 𐑓𐑲𐑚𐑼𐑜𐑤𐑭𐑕	ˈfaɪbəRɡlⱭːs	medium	r_gap:spelling=1,ipa=0; shave_says:𐑓𐑲𐑚𐑼𐑜𐑤𐑭𐑕
fiddle	𐑓𐑦𐑑𐑩𐑤	ˈfɪtəl	𐑓𐑦𐑛𐑩𐑤	ˈfɪdəl	high	
fieldwork	𐑓𐑦𐑤𐑛𐑢𐑻𐑒	ˈfildwɜːRk	𐑓𐑰𐑤𐑛𐑢𐑻𐑒	ˈfiːldwɜːRk	high	
fierce	𐑓𐑦𐑮𐑕	fɪrs	𐑓𐑽𐑕	fɪəRs	high	
fiercely	𐑓𐑦𐑮𐑕𐑤𐑦	ˈfɪrsli	𐑓𐑽𐑕𐑤𐑦	ˈfɪəRsli	high	
fight	𐑓𐑩𐑦𐑑	fəɪt	𐑓𐑲𐑑	faɪt	high	
figure	𐑓𐑦𐑜𐑘𐑼	ˈfɪɡjəR	𐑓𐑦𐑜𐑼	ˈfɪɡəR	high	
figures	𐑓𐑦𐑜𐑘𐑼𐑟	ˈfɪɡjəRz	𐑓𐑦𐑜𐑼𐑟	ˈfɪɡəRz	high	
figures	𐑓𐑦𐑜𐑩𐑟	fɪɡəz	𐑓𐑦𐑜𐑼𐑟	ˈfɪɡəRz	medium	r_gap:spelling=1,ipa=0; shave_says:𐑓𐑦𐑜𐑼𐑟
figuring	𐑓𐑦𐑜𐑘𐑼𐑦𐑙	ˈfɪɡjəRɪŋ	𐑓𐑦𐑜𐑼𐑦𐑙	ˈfɪɡərɪŋ	high	
filename	𐑓𐑲𐑩𐑤𐑯𐑱𐑥	ˈfaɪəlneɪm	𐑓𐑲𐑤𐑯𐑱𐑥	ˈfaɪlneɪm	high	
filenames	𐑓𐑲𐑤 𐑯𐑱𐑥	faɪl neɪm	𐑓𐑲𐑤𐑯𐑱𐑥𐑟	ˈfaɪlneɪmz	high	
filenames	𐑓𐑲𐑤𐑯𐑱𐑥𐑕	faɪlneɪms	𐑓𐑲𐑤𐑯𐑱𐑥𐑟	ˈfaɪlneɪmz	high	
filenames	𐑓𐑲𐑩𐑤𐑯𐑱𐑥𐑕	ˈfaɪəlneɪms	𐑓𐑲𐑤𐑯𐑱𐑥𐑟	ˈfaɪlneɪmz	high	
filet	𐑓𐑦𐑤𐑦𐑑	ˈfɪlɪt	𐑓𐑦𐑤𐑱	ˈfɪleɪ	high	
filial	𐑓𐑦𐑤𐑦𐑩𐑤	ˈfiliəl	𐑓𐑦𐑤𐑾𐑤	ˈfɪlɪəl	high	
filibuster	𐑓𐑦𐑤𐑩𐑚𐑩𐑕𐑑𐑼	ˈfɪləˌbəstər	𐑓𐑦𐑤𐑦𐑚𐑳𐑕𐑑𐑼	ˈfɪlɪbʌstəR	high	
filibuster	𐑓𐑦𐑤𐑩𐑚𐑳𐑕𐑑𐑼	ˈfɪləbʌstəR	𐑓𐑦𐑤𐑦𐑚𐑳𐑕𐑑𐑼	ˈfɪlɪbʌstəR	high	
filipino	𐑓𐑦𐑤𐑦𐑐𐑦𐑯𐑴	fɪlɪˈpinoʊ	𐑓𐑦𐑤𐑦𐑐𐑰𐑯𐑴	ˌfɪlɪˈpiːnəʊ	high	
final	-𐑯𐑩𐑤	-nəl	𐑓𐑲𐑯𐑩𐑤	ˈfaɪnəl	high	
finance	𐑓𐑦𐑯𐑨𐑯𐑕	fɪˈnæns	𐑓𐑲𐑯𐑨𐑯𐑕	ˈfaɪnæns	high	
finesse	𐑓𐑩-	fə-	𐑓𐑦𐑯𐑧𐑕	fɪˈnes	high	
finite	𐑓𐑲𐑯𐑦𐑑	ˈfaɪnɪt	𐑓𐑲𐑯𐑲𐑑	ˈfaɪnaɪt	high	
fiona	𐑓𐑰𐑴𐑯𐑩	fiːˈəʊnə	𐑓𐑦𐑴𐑯𐑩	fɪˈəʊnə	high	
fire	𐑓𐑲𐑮	ˈfaɪr	𐑓𐑲𐑼	ˈfaɪəR	high	
fireball	-𐑪𐑤	-ɒl	𐑓𐑲𐑼𐑚𐑷𐑤	ˈfaɪəRbɔːl	medium	r_gap:spelling=1,ipa=0
fireball	𐑓𐑲𐑩𐑚𐑷𐑤	faɪəbɔːl	𐑓𐑲𐑼𐑚𐑷𐑤	ˈfaɪəRbɔːl	medium	r_gap:spelling=1,ipa=0; shave_says:𐑓𐑲𐑼𐑚𐑷𐑤
fireballs	-𐑪𐑤𐑟	-ɒlz	𐑓𐑲𐑼𐑚𐑷𐑤𐑟	ˈfaɪəRbɔːlz	medium	r_gap:spelling=1,ipa=0
fireballs	𐑓𐑲𐑩𐑚𐑷𐑤𐑟	faɪəbɔːlz	𐑓𐑲𐑼𐑚𐑷𐑤𐑟	ˈfaɪəRbɔːlz	medium	r_gap:spelling=1,ipa=0; shave_says:𐑓𐑲𐑼𐑚𐑷𐑤𐑟
firebrand	𐑓𐑲𐑩𐑚𐑮𐑨𐑯𐑛	faɪəbrænd	𐑓𐑲𐑼𐑚𐑮𐑨𐑯𐑛	ˈfaɪəRbrænd	medium	r_gap:spelling=2,ipa=1; shave_says:𐑓𐑲𐑼𐑚𐑮𐑨𐑯𐑛
firecracker	𐑓𐑲𐑩𐑒𐑮𐑨𐑒𐑼	faɪəkrækəR	𐑓𐑲𐑼𐑒𐑮𐑨𐑒𐑼	ˈfaɪəRkrækəR	medium	r_gap:spelling=3,ipa=2; shave_says:𐑓𐑲𐑼𐑒𐑮𐑨𐑒𐑼
firefly	𐑓𐑲𐑩𐑓𐑤𐑲	faɪəflaɪ	𐑓𐑲𐑼𐑓𐑤𐑲	ˈfaɪəRflaɪ	medium	r_gap:spelling=1,ipa=0; shave_says:𐑓𐑲𐑼𐑓𐑤𐑲
firelight	𐑓𐑲𐑩𐑤𐑲𐑑	faɪəlaɪt	𐑓𐑲𐑼𐑤𐑲𐑑	ˈfaɪəRlaɪt	medium	r_gap:spelling=1,ipa=0; shave_says:𐑓𐑲𐑼𐑤𐑲𐑑
fireman	-𐑥𐑨𐑯	-ˌmæn	𐑓𐑲𐑼𐑥𐑩𐑯	ˈfaɪəRmən	medium	r_gap:spelling=1,ipa=0
fireman	𐑓𐑲𐑩𐑥𐑩𐑯	faɪəmən	𐑓𐑲𐑼𐑥𐑩𐑯	ˈfaɪəRmən	medium	r_gap:spelling=1,ipa=0; shave_says:𐑓𐑲𐑼𐑥𐑩𐑯
fireman	𐑓𐑲𐑮𐑥𐑩𐑯	ˈfaɪrmən	𐑓𐑲𐑼𐑥𐑩𐑯	ˈfaɪəRmən	high	
fireplace	𐑓𐑲𐑩𐑐𐑤𐑱𐑕	faɪəpleɪs	𐑓𐑲𐑼𐑐𐑤𐑱𐑕	ˈfaɪəRpleɪs	medium	r_gap:spelling=1,ipa=0; shave_says:𐑓𐑲𐑼𐑐𐑤𐑱𐑕
fireplace	𐑓𐑲𐑮𐑐𐑤𐑱𐑕	ˈfaɪrpleɪs	𐑓𐑲𐑼𐑐𐑤𐑱𐑕	ˈfaɪəRpleɪs	high	
firework	𐑓𐑲𐑼𐑢𐑼𐑒	ˈfaɪəRˌwəRk	𐑓𐑲𐑼𐑢𐑻𐑒	ˈfaɪəRwɜːRk	high	
fireworks	𐑓𐑲𐑩𐑢𐑻𐑒𐑕	faɪəwɜːRks	𐑓𐑲𐑼𐑢𐑻𐑒𐑕	ˈfaɪəRwɜːRks	medium	r_gap:spelling=2,ipa=1; shave_says:𐑓𐑲𐑼𐑢𐑻𐑒𐑕
firm	𐑓𐑼𐑥	fəRm	𐑓𐑻𐑥	fɜːRm	high	
first	𐑓𐑼𐑕𐑑	fəRst	𐑓𐑻𐑕𐑑	fɜːRst	high	
firsthand	𐑓𐑻𐑕𐑑𐑣𐑺𐑯𐑛	ˈfɜːRstˌheənd	𐑓𐑻𐑕𐑑𐑣𐑨𐑯𐑛	ˌfɜːRstˈhænd	high	
fisherman	𐑓𐑦𐑖𐑩𐑥𐑩𐑯	fɪʃəmən	𐑓𐑦𐑖𐑼𐑥𐑩𐑯	ˈfɪʃəRmən	medium	r_gap:spelling=1,ipa=0; shave_says:𐑓𐑦𐑖𐑼𐑥𐑩𐑯
fishermen	𐑓𐑦𐑖𐑩𐑥𐑩𐑯	fɪʃəmən	𐑓𐑦𐑖𐑼𐑥𐑧𐑯	ˈfɪʃəRmen	medium	r_gap:spelling=1,ipa=0; shave_says:𐑓𐑦𐑖𐑼𐑥𐑧𐑯
fishermen	𐑓𐑦𐑖𐑼𐑥𐑩𐑯	ˈfɪʃəRmən	𐑓𐑦𐑖𐑼𐑥𐑧𐑯	ˈfɪʃəRmen	high	
fissure	𐑓𐑦𐑠𐑼	ˈfɪʒəR	𐑓𐑦𐑖𐑼	ˈfɪʃəR	high	
fisticuffs	𐑓𐑦𐑕𐑑𐑦𐑒𐑩𐑓𐑕	ˈfɪstɪˌkəfs	𐑓𐑦𐑕𐑑𐑦𐑒𐑳𐑓𐑕	ˈfɪstikʌfs	high	
fistula	𐑓𐑦𐑕𐑑𐑘𐑩𐑤𐑩	ˈfɪstjələ	𐑓𐑦𐑕𐑗𐑩𐑤𐑩	ˈfɪstʃələ	high	
fistula	𐑓𐑦𐑕𐑗𐑫𐑤𐑩	ˈfɪstʃʊlə	𐑓𐑦𐑕𐑗𐑩𐑤𐑩	ˈfɪstʃələ	high	
fitful	𐑓𐑦𐑑𐑓𐑫𐑤	ˈfɪtfʊl	𐑓𐑦𐑑𐑓𐑩𐑤	ˈfɪtfəl	high	
fitting	-𐑑𐑦𐑙	-tɪŋ	𐑓𐑦𐑑𐑦𐑙	ˈfɪtɪŋ	high	
fjord	𐑓𐑦𐑹𐑛	fiɔːRd	𐑓𐑘𐑹𐑛	fjɔːRd	high	
fjord	𐑓𐑰𐑹𐑛	fiːɔːRd	𐑓𐑘𐑹𐑛	fjɔːRd	high	
flabbergast	𐑓𐑤𐑨𐑚𐑩𐑜𐑭𐑕𐑑	flæbəɡɑːst	𐑓𐑤𐑨𐑚𐑼𐑜𐑨𐑕𐑑, 𐑓𐑤𐑨𐑚𐑼𐑜𐑭𐑕𐑑	ˈflæbəRɡⱭːst	medium	r_gap:spelling=1,ipa=0; shave_says:𐑓𐑤𐑨𐑚𐑼𐑜𐑭𐑕𐑑
flabbergasted	𐑓𐑤𐑨𐑚𐑩𐑜𐑨𐑕𐑑𐑩𐑛	flæbəɡæstəd	𐑓𐑤𐑨𐑚𐑼𐑜𐑨𐑕𐑑𐑩𐑛, 𐑓𐑤𐑨𐑚𐑼𐑜𐑭𐑕𐑑𐑩𐑛	ˈflæbəRɡⱭːstƏd	medium	r_gap:spelling=1,ipa=0; shave_says:𐑓𐑤𐑨𐑚𐑼𐑜𐑭𐑕𐑑𐑩𐑛
flabbergasted	𐑓𐑤𐑨𐑚𐑩𐑜𐑭𐑕𐑑𐑩𐑛	flæbəɡɑːstəd	𐑓𐑤𐑨𐑚𐑼𐑜𐑨𐑕𐑑𐑩𐑛, 𐑓𐑤𐑨𐑚𐑼𐑜𐑭𐑕𐑑𐑩𐑛	ˈflæbəRɡⱭːstƏd	medium	r_gap:spelling=1,ipa=0; shave_says:𐑓𐑤𐑨𐑚𐑼𐑜𐑭𐑕𐑑𐑩𐑛
flabbergasting	𐑓𐑤𐑨𐑚𐑩𐑜𐑭𐑕𐑑𐑦𐑙	flæbəɡɑːstɪŋ	𐑓𐑤𐑨𐑚𐑼𐑜𐑨𐑕𐑑𐑦𐑙, 𐑓𐑤𐑨𐑚𐑼𐑜𐑭𐑕𐑑𐑦𐑙	ˈflæbəRɡⱭːstɪŋ	medium	r_gap:spelling=1,ipa=0; shave_says:𐑓𐑤𐑨𐑚𐑼𐑜𐑭𐑕𐑑𐑦𐑙
flagellate	𐑓𐑤𐑩𐑡𐑧𐑤𐑩𐑑	fləˈdʒelət	𐑓𐑤𐑨𐑡𐑩𐑤𐑱𐑑	ˈflædʒəleɪt	high	
flamboyant	𐑓𐑤𐑨𐑥𐑚𐑶𐑘𐑩𐑯𐑑	flæmˈbɔɪjənt	𐑓𐑤𐑨𐑥𐑚𐑶𐑩𐑯𐑑	flæmˈbɔɪənt	high	
flan	𐑓𐑤𐑪𐑯	flɒn	𐑓𐑤𐑨𐑯	flæn	high	
flared	𐑓𐑤𐑧𐑮𐑛	flerd	𐑓𐑤𐑺𐑛	fleəRd	high	
flat-footed	-𐑑𐑩𐑛	-təd	𐑓𐑤𐑨𐑑-𐑓𐑫𐑑𐑩𐑛	flæt-ˈfʊtƏd	high	
flat-footed	𐑓𐑤𐑨𐑑𐑓𐑫𐑑𐑩𐑛	ˌflætˈfʊtƏd	𐑓𐑤𐑨𐑑-𐑓𐑫𐑑𐑩𐑛	flæt-ˈfʊtƏd	high	
flaunt	𐑓𐑤𐑪𐑯𐑑	flɒnt	𐑓𐑤𐑷𐑯𐑑	flɔːnt	high	
flautist	𐑓𐑤𐑬𐑑𐑦𐑕𐑑	ˈflaʊtɪst	𐑓𐑤𐑷𐑑𐑦𐑕𐑑	ˈflɔːtɪst	high	
flavorless	𐑓𐑤𐑱𐑝𐑩𐑤𐑩𐑕	fleɪvələs	𐑓𐑤𐑱𐑝𐑼𐑤𐑩𐑕	ˈfleɪvərləs	medium	r_gap:spelling=1,ipa=0; shave_says:𐑓𐑤𐑱𐑝𐑼𐑤𐑩𐑕
flawless	𐑓𐑤𐑷𐑤𐑦𐑕	ˈflɔːlɪs	𐑓𐑤𐑷𐑤𐑩𐑕	ˈflɔːləs	high	
flawlessly	𐑓𐑤𐑷𐑤𐑦𐑕𐑤𐑦	ˈflɔːlɪsli	𐑓𐑤𐑷𐑤𐑩𐑕𐑤𐑦	ˈflɔːləsli	high	
fleek	𐑓𐑤𐑦𐑒	flik	𐑓𐑤𐑰𐑒	ˈfliːk	high	
fleet	𐑓𐑤𐑦𐑑	flit	𐑓𐑤𐑰𐑑	fliːt	high	
fleshpot	-𐑐𐑷𐑑	-pɔːt	𐑓𐑤𐑧𐑖𐑐𐑪𐑑	ˈfleʃpɒt	high	
fleur-de-lis	𐑓𐑤𐑻𐑛𐑩𐑤𐑦	ˌflɜːRdəˈli	𐑓𐑤𐑻-𐑛𐑩-𐑤𐑰	ˌflɜːR-də-ˈliː	high	
fleur-de-lis	𐑓𐑤𐑻𐑛𐑩𐑤𐑦𐑕	ˌflɜːRdəˈlis	𐑓𐑤𐑻-𐑛𐑩-𐑤𐑰	ˌflɜːR-də-ˈliː	high	
fleur-de-lis	𐑓𐑤𐑻𐑛𐑩𐑤𐑰	flɜːRdəliː	𐑓𐑤𐑻-𐑛𐑩-𐑤𐑰	ˌflɜːR-də-ˈliː	high	
fleur-de-lis	𐑓𐑤𐑻𐑛𐑩𐑤𐑰𐑕	flɜːRdəliːs	𐑓𐑤𐑻-𐑛𐑩-𐑤𐑰	ˌflɜːR-də-ˈliː	high	
flibbertigibbet	𐑓𐑤𐑦𐑚𐑩𐑑𐑦𐑡𐑦𐑚𐑦𐑑	flɪbətidʒɪbɪt	𐑓𐑤𐑦𐑚𐑼𐑑𐑦𐑡𐑦𐑚𐑩𐑑	ˌflɪbəRtiˈdʒɪbIt	low	ml_disagrees:𐑓𐑤𐑦𐑚𐑩𐑑𐑦𐑡𐑩𐑚𐑦𐑑; r_gap:spelling=1,ipa=0; shave_says:𐑓𐑤𐑦𐑚𐑼𐑑𐑦𐑡𐑦𐑚𐑩𐑑
flibbertigibbet	𐑓𐑤𐑦𐑚𐑼𐑑𐑦𐑡𐑦𐑚𐑦𐑑	ˈflɪbəRtiˌdʒɪbɪt	𐑓𐑤𐑦𐑚𐑼𐑑𐑦𐑡𐑦𐑚𐑩𐑑	ˌflɪbəRtiˈdʒɪbIt	high	
flippancy	𐑓𐑤𐑦𐑐𐑧𐑯𐑑𐑕𐑦	ˈflɪpentsi	𐑓𐑤𐑦𐑐𐑩𐑯𐑕𐑦	ˈflɪpənsi	high	
flippancy	𐑓𐑤𐑦𐑐𐑧𐑯𐑕𐑦	ˈflɪpensi	𐑓𐑤𐑦𐑐𐑩𐑯𐑕𐑦	ˈflɪpənsi	high	
flirtation	𐑓𐑤𐑩𐑑𐑱𐑖𐑩𐑯	fləteɪʃən	𐑓𐑤𐑻𐑑𐑱𐑖𐑩𐑯	flɜːRˈteɪʃən	medium	r_gap:spelling=1,ipa=0; shave_says:𐑓𐑤𐑻𐑑𐑱𐑖𐑩𐑯
flirtation	𐑓𐑤𐑼𐑑𐑱𐑖𐑩𐑯	fləRˈteɪʃən	𐑓𐑤𐑻𐑑𐑱𐑖𐑩𐑯	flɜːRˈteɪʃən	high	
flitting	-𐑑𐑦𐑙	-tɪŋ	𐑓𐑤𐑦𐑑𐑦𐑙	ˈflɪtɪŋ	high	
floaty	-𐑑𐑦	-ti	𐑓𐑤𐑴𐑑𐑦	ˈfləʊti	high	
flocks	𐑓𐑤𐑷𐑒𐑕	flɔːks	𐑓𐑤𐑪𐑒𐑕	flɒks	high	
floral	𐑓𐑤𐑪𐑮𐑩𐑤	ˈflorəl	𐑓𐑤𐑹𐑩𐑤	ˈflɔːrəl	high	
florentine	𐑓𐑤𐑹𐑩𐑯𐑑𐑦𐑯	ˈflɔːRəntin	𐑓𐑤𐑪𐑮𐑩𐑯𐑑𐑲𐑯	ˈflɒrəntaɪn	high	
florid	𐑓𐑤𐑪𐑮𐑩𐑛	flɒrƏd	𐑓𐑤𐑪𐑮𐑦𐑛	ˈflɒrɪd	medium	ml_disagrees:𐑓𐑤𐑪𐑮𐑦𐑛; shave_says:𐑓𐑤𐑹𐑦𐑛
florida	𐑓𐑤𐑪𐑮𐑛𐑩	ˈflordə	𐑓𐑤𐑪𐑮𐑦𐑛𐑩	ˈflɒrɪdə	high	
florida	𐑓𐑤𐑪𐑮𐑩𐑛𐑩	flɒrədə	𐑓𐑤𐑪𐑮𐑦𐑛𐑩	ˈflɒrɪdə	high	
florida	𐑓𐑤𐑹𐑦𐑛𐑩	ˈflɔːRɪdə	𐑓𐑤𐑪𐑮𐑦𐑛𐑩	ˈflɒrɪdə	high	
florida	𐑓𐑤𐑹𐑩𐑛𐑩	ˈflɔːRədə	𐑓𐑤𐑪𐑮𐑦𐑛𐑩	ˈflɒrɪdə	high	
florin	𐑓𐑤𐑹𐑦𐑯	ˈflɔːRɪn	𐑓𐑤𐑪𐑮𐑦𐑯	ˈflɒrɪn	high	
floss	𐑓𐑤𐑷𐑕	flɔːs	𐑓𐑤𐑪𐑕	flɒs	high	
flourish	𐑓𐑤𐑻𐑦𐑖	ˈflɜːRɪʃ	𐑓𐑤𐑳𐑮𐑦𐑖	ˈflʌrɪʃ	high	
flourishing	𐑓𐑤𐑻𐑦𐑖𐑦𐑙	ˈflɜːRɪʃɪŋ	𐑓𐑤𐑳𐑮𐑦𐑖𐑦𐑙	ˈflʌrɪʃɪŋ	high	
flower	𐑓𐑤𐑴𐑼	fləʊəR	𐑓𐑤𐑬𐑼	ˈflaʊəR	high	
flowery	𐑓𐑤𐑬𐑮𐑦	ˈflaʊri	𐑓𐑤𐑬𐑼𐑦	ˈflaʊəri	high	
fluent	𐑓𐑤𐑫𐑩𐑯𐑑	ˈfluənt	𐑓𐑤𐑵𐑩𐑯𐑑	ˈfluːənt	high	
fluid	𐑓𐑤𐑫𐑦𐑛	ˈfluɪd	𐑓𐑤𐑵𐑦𐑛	ˈfluːɪd	high	
fluidity	𐑓𐑤𐑫𐑦𐑑𐑩𐑑𐑦	fluˈɪtəti	𐑓𐑤𐑵𐑦𐑛𐑦𐑑𐑦	fluːˈɪdɪti	high	
fluidity	𐑓𐑤𐑫𐑦𐑛𐑩𐑑𐑦	fluˈɪdəti	𐑓𐑤𐑵𐑦𐑛𐑦𐑑𐑦	fluːˈɪdɪti	high	
fluidity	𐑓𐑤𐑵𐑦𐑛𐑩𐑑𐑦	fluːˈɪdəti	𐑓𐑤𐑵𐑦𐑛𐑦𐑑𐑦	fluːˈɪdɪti	high	
fluke	𐑓𐑤𐑫𐑒	fluk	𐑓𐑤𐑵𐑒	fluːk	high	
fluorescence	𐑓𐑤𐑫𐑮𐑧𐑕𐑩𐑯𐑕	flʊˈresəns	𐑓𐑤𐑫𐑼𐑧𐑕𐑩𐑯𐑕	flʊəˈresəns	high	
fluorescence	𐑓𐑤𐑴-	floʊ-	𐑓𐑤𐑫𐑼𐑧𐑕𐑩𐑯𐑕	flʊəˈresəns	medium	r_gap:spelling=1,ipa=0
fluorescence	𐑓𐑤𐑷-	flɔː-	𐑓𐑤𐑫𐑼𐑧𐑕𐑩𐑯𐑕	flʊəˈresəns	medium	r_gap:spelling=1,ipa=0
fluorescent	𐑓𐑤𐑹𐑧𐑕𐑩𐑯𐑑	flɔːˈresənt	𐑓𐑤𐑫𐑼𐑧𐑕𐑩𐑯𐑑	flʊəˈresənt	high	
fluoride	𐑓𐑤𐑹𐑲𐑛	flɔːraɪd	𐑓𐑤𐑫𐑼𐑲𐑛	ˈflʊəraɪd	high	
fluorine	-𐑦𐑯	-ɪn	𐑓𐑤𐑫𐑼𐑰𐑯	ˈflʊəriːn	medium	r_gap:spelling=1,ipa=0
fluorine	𐑓𐑤𐑪𐑮𐑦𐑯	ˈflorˌin	𐑓𐑤𐑫𐑼𐑰𐑯	ˈflʊəriːn	high	
fluorine	𐑓𐑤𐑫𐑼𐑦𐑯	ˈflʊərˌin	𐑓𐑤𐑫𐑼𐑰𐑯	ˈflʊəriːn	high	
flurry	𐑓𐑤𐑫𐑮𐑦	flʊri	𐑓𐑤𐑳𐑮𐑦	ˈflʌri	medium	r_gap:spelling=2,ipa=1; shave_says:𐑓𐑤𐑳𐑮𐑦
flurry	𐑓𐑤𐑻𐑦	ˈflɜːRi	𐑓𐑤𐑳𐑮𐑦	ˈflʌri	medium	r_gap:spelling=2,ipa=1
flutter	-𐑑𐑼	-təR	𐑓𐑤𐑳𐑑𐑼	ˈflʌtəR	high	
foal	𐑓𐑪𐑤	fol	𐑓𐑴𐑤	fəʊl	high	
foal	𐑓𐑷𐑫𐑤	fɔʊl	𐑓𐑴𐑤	fəʊl	high	
foaled	𐑓𐑷𐑫𐑤𐑛	fɔʊld	𐑓𐑴𐑤𐑛	fəʊld	high	
foci	𐑓𐑴𐑒𐑲	ˈfəʊkaɪ	𐑓𐑴𐑒𐑰	ˈfəʊkiː	high	
foci	𐑓𐑴𐑕𐑲	ˈfəʊsaɪ	𐑓𐑴𐑒𐑰	ˈfəʊkiː	high	
fog	𐑓𐑷𐑜	fɔːɡ	𐑓𐑪𐑜	fɒɡ	high	
fold	𐑓𐑷𐑫𐑤𐑛	ˈfɔʊld	𐑓𐑴𐑤𐑛	fəʊld	high	
folio	𐑓𐑴𐑤𐑘𐑴	ˈfəʊljəʊ	𐑓𐑴𐑤𐑦𐑴	ˈfəʊliəʊ	high	
folio	𐑓𐑴𐑤𐑾𐑫	ˈfəʊlɪəʊ	𐑓𐑴𐑤𐑦𐑴	ˈfəʊliəʊ	high	
folk	𐑓𐑴𐑤𐑒	foʊlk	𐑓𐑴𐑒	fəʊk	high	
folks	𐑓𐑴𐑤𐑒𐑕	foʊlks	𐑓𐑴𐑒𐑕	fəʊks	high	
folksy	𐑓𐑴𐑤𐑒𐑕𐑦	foʊlksi	𐑓𐑴𐑒𐑕𐑦	ˈfəʊksi	high	
foment	𐑓𐑩𐑥𐑧𐑯𐑑	fəˈment	𐑓𐑴𐑥𐑧𐑯𐑑	fəʊˈment	high	
fomentation	𐑓𐑴𐑥𐑩𐑯𐑑𐑱𐑖𐑩𐑯	fəʊmənˈteɪʃən	𐑓𐑴𐑥𐑧𐑯𐑑𐑱𐑖𐑩𐑯	ˌfəʊmenˈteɪʃən	high	
foochow	𐑓𐑫𐑗𐑴	ˈfuˈtʃoʊ	𐑓𐑵𐑗𐑬	ˌfuːˈtʃaʊ	high	
foochow	𐑓𐑵𐑗𐑴	fuːˈtʃəʊ	𐑓𐑵𐑗𐑬	ˌfuːˈtʃaʊ	high	
food	𐑓𐑫𐑢𐑛	fʊwd	𐑓𐑵𐑛	fuːd	high	
foods	𐑓𐑫𐑛𐑟	fudz	𐑓𐑵𐑛𐑟	fuːdz	high	
foolhardiness	𐑓𐑫𐑤𐑣𐑸𐑛𐑦𐑯𐑩𐑕	ˈfulˌhɑːRdinəs	𐑓𐑵𐑤𐑣𐑸𐑛𐑦𐑯𐑩𐑕	ˈfuːlhɑːRdɪnəs	high	
foolhardy	𐑓𐑫𐑤𐑣𐑸𐑛𐑦	ˈfulˌhɑːRdi	𐑓𐑵𐑤𐑣𐑸𐑛𐑦	ˈfuːlhɑːRdi	high	
footfall	-𐑓𐑪𐑤	-ˌfɒl	𐑓𐑫𐑑𐑓𐑷𐑤	ˈfʊtfɔːl	high	
footling	𐑓𐑫𐑑𐑤𐑦𐑙	ˈfʊtlɪŋ	𐑓𐑵𐑑𐑤𐑦𐑙	ˈfuːtlɪŋ	high	
footmen	𐑓𐑫𐑑𐑥𐑩𐑯	ˈfʊtmən	𐑓𐑫𐑑𐑥𐑧𐑯	ˈfʊtmen	high	
for	𐑓𐑹	fɔːr	𐑓	F	high	
for	𐑓𐑼	fər	𐑓	F	high	
forasmuch as	𐑓𐑪𐑮𐑩𐑟𐑥𐑳𐑗 𐑨𐑟	fɒrəzmʌtʃ æz	𐑓𐑹𐑩𐑟𐑥𐑳𐑗 𐑨𐑟	ˌfɔːrəzˈmʌtʃ æz	high	
foray	𐑓𐑹𐑱	ˈfɔːReɪ	𐑓𐑪𐑮𐑱	ˈfɒreɪ	high	
forbearance	𐑓𐑹𐑚𐑧𐑮𐑩𐑯𐑑𐑕	fɔːRˈberənts	𐑓𐑹𐑚𐑺𐑩𐑯𐑕	fɔːRˈbeərəns	high	
forbearance	𐑓𐑹𐑚𐑻𐑩𐑯𐑑𐑕	fɔːRbɜːrənts	𐑓𐑹𐑚𐑺𐑩𐑯𐑕	fɔːRˈbeərəns	high	
forbid	𐑓𐑩𐑚𐑩𐑛	fəbƏd	𐑓𐑼𐑚𐑦𐑛	fəRˈbɪd	medium	r_gap:spelling=1,ipa=0; shave_says:𐑓𐑼𐑚𐑦𐑛
forbid	𐑓𐑼𐑚𐑩𐑛	fəRˈbƏd	𐑓𐑼𐑚𐑦𐑛	fəRˈbɪd	high	
forbidden	𐑓𐑩𐑚𐑦𐑛𐑩𐑯	fəbɪdən	𐑓𐑼𐑚𐑦𐑛𐑩𐑯	fəRˈbɪdən	medium	r_gap:spelling=1,ipa=0; shave_says:𐑓𐑼𐑚𐑦𐑛𐑩𐑯
forbidding	𐑓𐑩𐑚𐑦𐑛𐑦𐑙	fəbɪdɪŋ	𐑓𐑼𐑚𐑦𐑛𐑦𐑙	fəRˈbɪdɪŋ	medium	r_gap:spelling=1,ipa=0; shave_says:𐑓𐑼𐑚𐑦𐑛𐑦𐑙
force	𐑓𐑪𐑮𐑕	fors	𐑓𐑹𐑕	fɔːRs	high	
force majeure	-𐑥𐑼-	-məR-	𐑓𐑹𐑕 𐑥𐑨𐑠𐑻	ˌfɔːRs mæˈʒɜːR	medium	r_gap:spelling=2,ipa=1; shave_says:𐑓𐑹𐑕 𐑥𐑭𐑠𐑻
forceps	𐑓𐑪𐑮𐑕𐑧𐑐𐑕	ˈforseps	𐑓𐑹𐑕𐑧𐑐𐑕	ˈfɔːRseps	high	
forceps	𐑓𐑹𐑕𐑩𐑐𐑕	fɔːRsəps	𐑓𐑹𐑕𐑧𐑐𐑕	ˈfɔːRseps	high	
ford	-𐑓𐑼𐑛	-fəRd	𐑓𐑹𐑛	fɔːRd	high	
forecast	𐑓𐑹𐑒𐑸𐑕𐑑	fɔːRkɑːRst	𐑓𐑹𐑒𐑨𐑕𐑑, 𐑓𐑹𐑒𐑭𐑕𐑑	ˈfɔːRkⱭːst	high	
forecaster	𐑓𐑹𐑒𐑸𐑕𐑑𐑼	fɔːRkɑːRstəR	𐑓𐑹𐑒𐑨𐑕𐑑𐑼, 𐑓𐑹𐑒𐑭𐑕𐑑𐑼	ˈfɔːRkⱭːstəR	high	
forecastle	𐑓𐑪𐑮𐑒𐑨𐑕𐑩𐑤	ˈforkæsəl	𐑓𐑴𐑒𐑕𐑩𐑤	ˈfəʊksəl	high	
forefather	𐑓𐑹𐑓𐑸𐑞𐑼	fɔːRfɑːRðəR	𐑓𐑹𐑓𐑭𐑞𐑼	ˈfɔːRfɑːðəR	high	
forefathers	𐑓𐑹𐑓𐑸𐑞𐑼𐑟	fɔːRfɑːRðəRz	𐑓𐑹𐑓𐑭𐑞𐑼𐑟	ˈfɔːRfɑːðəRz	high	
foregoing	𐑓𐑼𐑜𐑴𐑦𐑙	fəRˈɡoʊɪŋ	𐑓𐑹𐑜𐑴𐑦𐑙	fɔːRˈɡəʊɪŋ	high	
forehead	𐑓𐑪𐑮𐑦𐑛	fɒrƏd	𐑓𐑹𐑣𐑧𐑛	ˈfɔːRhed	high	overridden:was=𐑓𐑪𐑮𐑩𐑛; shave+ml_consensus
forehead	𐑓𐑪𐑮𐑧𐑛	fɒred	𐑓𐑹𐑣𐑧𐑛	ˈfɔːRhed	high	
forehead	𐑓𐑸𐑩𐑛	ˈfɑːRƏd	𐑓𐑹𐑣𐑧𐑛	ˈfɔːRhed	high	
forehead	𐑓𐑹𐑧𐑛	fɔːred	𐑓𐑹𐑣𐑧𐑛	ˈfɔːRhed	high	
forehead	𐑓𐑹𐑩𐑛	ˈfɔːRƏd	𐑓𐑹𐑣𐑧𐑛	ˈfɔːRhed	high	
foreign	𐑓𐑪𐑮𐑩𐑯	fɒrən	𐑓𐑪𐑮𐑦𐑯	ˈfɒrɪn	high	
foreign	𐑓𐑸𐑦𐑯	ˈfɑːRɪn	𐑓𐑪𐑮𐑦𐑯	ˈfɒrɪn	high	
foreign	𐑓𐑹𐑦𐑯	ˈfɔːRɪn	𐑓𐑪𐑮𐑦𐑯	ˈfɒrɪn	high	
foreign	𐑓𐑹𐑩𐑯	ˈfɔːRən	𐑓𐑪𐑮𐑦𐑯	ˈfɒrɪn	high	
foreigner	𐑓𐑹𐑦𐑯𐑼	ˈfɔːRɪnəR	𐑓𐑪𐑮𐑦𐑯𐑼	ˈfɒrɪnəR	high	
foreigner	𐑓𐑹𐑩𐑯𐑼	ˈfɔːRənəR	𐑓𐑪𐑮𐑦𐑯𐑼	ˈfɒrɪnəR	high	
foreigners	𐑓𐑹𐑦𐑯𐑼𐑟	ˈfɔːRɪnəRz	𐑓𐑪𐑮𐑦𐑯𐑼𐑟	ˈfɒrɪnəRz	high	
forenoon	𐑓𐑹𐑯𐑫𐑯	ˈfɔːRnun	𐑓𐑹𐑯𐑵𐑯	ˈfɔːRnuːn	high	
forepaw	𐑓𐑹𐑐𐑪	ˈfɔːRpɒ	𐑓𐑹𐑐𐑷	fɔːRˈpɔː	high	
forepaw	𐑓𐑹𐑐𐑹	fɔːrpɔːR	𐑓𐑹𐑐𐑷	fɔːRˈpɔː	high	
foresee	𐑓𐑹𐑕𐑦	fɔːRˈsi	𐑓𐑹𐑕𐑰	fɔːRˈsiː	high	
foreshadowing	𐑓𐑩-	fə-	𐑓𐑹𐑖𐑨𐑛𐑴𐑦𐑙	fɔːRˈʃædəʊɪŋ	medium	r_gap:spelling=1,ipa=0; shave_says:𐑓𐑹𐑖𐑨𐑛𐑴𐑦𐑙
foreshadowing	𐑓𐑼-	fər-	𐑓𐑹𐑖𐑨𐑛𐑴𐑦𐑙	fɔːRˈʃædəʊɪŋ	high	
forest	𐑓𐑹𐑕𐑑	fɔːRst	𐑓𐑪𐑮𐑦𐑕𐑑	ˈfɒrɪst	high	
forest	𐑓𐑹𐑩𐑕𐑑	ˈfɔːRəst	𐑓𐑪𐑮𐑦𐑕𐑑	ˈfɒrɪst	high	
forests	𐑓𐑹𐑦𐑕𐑑𐑕	ˈfɔːRɪsts	𐑓𐑪𐑮𐑦𐑕𐑑𐑕	ˈfɒrɪsts	high	
foretold	𐑓𐑴𐑮𐑑𐑴𐑤𐑛	foʊrtoʊld	𐑓𐑹𐑑𐑴𐑤𐑛	fɔːRˈtəʊld	high	
forever	𐑓𐑹𐑧𐑝𐑼	fɔːRˈevəR	𐑓𐑼𐑧𐑝𐑼	fəˈrevəR	high	
forevermore	𐑓𐑹𐑧𐑝𐑼𐑥𐑹	fɔːrˈevəRmɔːr	𐑓𐑼𐑧𐑝𐑼𐑥𐑹	fəˈrevəRˌmɔːR	high	
forevermore	𐑓𐑼𐑧𐑝𐑩𐑥𐑹	fərevəmɔːR	𐑓𐑼𐑧𐑝𐑼𐑥𐑹	fəˈrevəRˌmɔːR	medium	r_gap:spelling=3,ipa=2; shave_says:𐑓𐑼𐑧𐑝𐑼𐑥𐑹
foreword	𐑓𐑹𐑢𐑼𐑛	ˈfɔːRwəRd	𐑓𐑹𐑢𐑻𐑛	ˈfɔːRwɜːRd	high	
forfeit	𐑓𐑹𐑓𐑩𐑑	ˈfɔːRfət	𐑓𐑹𐑓𐑦𐑑	ˈfɔːRfɪt	high	
forgather	𐑓𐑩𐑜𐑨𐑞𐑼	fəɡaðəR	𐑓𐑹𐑜𐑨𐑞𐑼	fɔːRˈɡæðəR	medium	r_gap:spelling=2,ipa=1; shave_says:𐑓𐑹𐑜𐑨𐑞𐑼
forgather	𐑓𐑼𐑜𐑨𐑞𐑼	fəRˈɡæðəR	𐑓𐑹𐑜𐑨𐑞𐑼	fɔːRˈɡæðəR	high	
forget	𐑓𐑩𐑜𐑧𐑑	fəɡet	𐑓𐑼𐑜𐑧𐑑	fəRˈɡet	medium	r_gap:spelling=1,ipa=0; shave_says:𐑓𐑼𐑜𐑧𐑑
forget-me-not	𐑓𐑩𐑜𐑧𐑑𐑥𐑰𐑯𐑪𐑑	fəɡetmiːnɒt	𐑓𐑼𐑜𐑧𐑑-𐑥𐑰-𐑯𐑪𐑑	fəRˈɡet-miː-nɒt	medium	r_gap:spelling=1,ipa=0; shave_says:𐑓𐑼𐑜𐑧𐑑-𐑥𐑰-𐑯𐑪𐑑
forget-me-not	𐑓𐑼𐑜𐑧𐑑𐑥𐑦𐑯𐑪𐑑	fəRˈɡetmiˌnɒt	𐑓𐑼𐑜𐑧𐑑-𐑥𐑰-𐑯𐑪𐑑	fəRˈɡet-miː-nɒt	high	
forgetting	𐑓𐑩𐑜𐑧𐑑𐑦𐑙	fəɡetɪŋ	𐑓𐑼𐑜𐑧𐑑𐑦𐑙	fəRˈɡetɪŋ	medium	r_gap:spelling=1,ipa=0; shave_says:𐑓𐑼𐑜𐑧𐑑𐑦𐑙
forgive	𐑓𐑹𐑜𐑦𐑝	fɔːrɡɪv	𐑓𐑼𐑜𐑦𐑝	fəRˈɡɪv	high	
forgiven	𐑓𐑩𐑜𐑦𐑝𐑩𐑯	fəɡɪvən	𐑓𐑼𐑜𐑦𐑝𐑩𐑯	fəRˈɡɪvən	medium	r_gap:spelling=1,ipa=0; shave_says:𐑓𐑼𐑜𐑦𐑝𐑩𐑯
forgiven	𐑓𐑹𐑜𐑦𐑝𐑩𐑯	fɔːRɡɪvən	𐑓𐑼𐑜𐑦𐑝𐑩𐑯	fəRˈɡɪvən	high	
forgiveness	𐑓𐑩𐑜𐑦𐑝𐑯𐑩𐑕	fəɡɪvnəs	𐑓𐑼𐑜𐑦𐑝𐑯𐑩𐑕	fəRˈɡɪvnəs	medium	r_gap:spelling=1,ipa=0; shave_says:𐑓𐑼𐑜𐑦𐑝𐑯𐑩𐑕
forgoing	𐑓𐑼𐑜𐑴𐑦𐑙	fəRˈɡoʊɪŋ	𐑓𐑹𐑜𐑴𐑦𐑙	fɔːRˈɡəʊɪŋ	high	
forgot	𐑓𐑩𐑜𐑪𐑑	fəɡɒt	𐑓𐑼𐑜𐑪𐑑	fəRˈɡɒt	medium	r_gap:spelling=1,ipa=0; shave_says:𐑓𐑼𐑜𐑪𐑑
forgotten	𐑓𐑩𐑜𐑪𐑑𐑩𐑯	fəɡɒtən	𐑓𐑼𐑜𐑪𐑑𐑩𐑯	fəRˈɡɒtən	medium	r_gap:spelling=1,ipa=0; shave_says:𐑓𐑼𐑜𐑪𐑑𐑩𐑯
forlorn	𐑓𐑩𐑤𐑹𐑯	fəlɔːRn	𐑓𐑼𐑤𐑹𐑯	fəRˈlɔːRn	medium	r_gap:spelling=2,ipa=1; shave_says:𐑓𐑹𐑤𐑹𐑯
forlorn	𐑓𐑹𐑤𐑹𐑯	fɔːRlɔːRn	𐑓𐑼𐑤𐑹𐑯	fəRˈlɔːRn	high	
formally	𐑓𐑹𐑥𐑤𐑦	fɔːRmli	𐑓𐑹𐑥𐑩𐑤𐑦	ˈfɔːRməli	high	
formative	-𐑑𐑦𐑝	-tɪv	𐑓𐑹𐑥𐑩𐑑𐑦𐑝	ˈfɔːRmətɪv	medium	r_gap:spelling=1,ipa=0
formative	𐑓𐑪𐑮𐑥𐑩𐑑𐑦𐑝	ˈformətɪv	𐑓𐑹𐑥𐑩𐑑𐑦𐑝	ˈfɔːRmətɪv	high	
formerly	𐑓𐑹𐑥𐑩𐑤𐑦	fɔːRməli	𐑓𐑹𐑥𐑼𐑤𐑦	ˈfɔːRməRli	medium	r_gap:spelling=2,ipa=1; shave_says:𐑓𐑹𐑥𐑼𐑤𐑦
formidable	𐑓𐑩𐑥𐑦𐑛𐑩𐑚𐑩𐑤	fəmɪdəbəl	𐑓𐑹𐑥𐑦𐑛𐑩𐑚𐑩𐑤	ˈfɔːRmɪdəbəl	medium	r_gap:spelling=1,ipa=0; shave_says:𐑓𐑹𐑥𐑦𐑛𐑩𐑚𐑩𐑤
formosa	𐑓𐑩𐑥𐑴𐑕𐑩	fəməʊsə	𐑓𐑹𐑥𐑴𐑕𐑩	fɔːRˈməʊsə	medium	r_gap:spelling=1,ipa=0; shave_says:𐑓𐑹𐑥𐑴𐑕𐑩
formosa	𐑓𐑹𐑥𐑴𐑟𐑩	fɔːRˈmoʊzə	𐑓𐑹𐑥𐑴𐑕𐑩	fɔːRˈməʊsə	high	
fornicate	𐑓𐑹𐑯𐑦𐑒𐑩𐑑	fɔːRnɪkət	𐑓𐑹𐑯𐑦𐑒𐑱𐑑	ˈfɔːRnɪkeɪt	high	
forsake	𐑓𐑩-	fə-	𐑓𐑼𐑕𐑱𐑒	fəRˈseɪk	medium	r_gap:spelling=1,ipa=0; shave_says:𐑓𐑹𐑕𐑱𐑒
forsake	𐑓𐑹𐑕𐑱𐑒	fɔːRseɪk	𐑓𐑼𐑕𐑱𐑒	fəRˈseɪk	high	
forsook	𐑓𐑹𐑕𐑫𐑒	fɔːRˈsʊk	𐑓𐑼𐑕𐑫𐑒	fəRˈsʊk	high	
forsooth	𐑓𐑹𐑕𐑫𐑔	fɔːRˈsuθ	𐑓𐑹𐑕𐑵𐑔	fɔːRˈsuːθ	high	
forsythia	𐑓𐑹𐑕𐑦𐑔𐑦𐑘𐑩	fɔːRˈsɪθijə	𐑓𐑹𐑕𐑲𐑔𐑾	fɔːRˈsaɪθɪə	high	
forsythia	𐑓𐑹𐑕𐑨𐑘𐑔𐑦𐑘𐑩	fɔːRsajθijə	𐑓𐑹𐑕𐑲𐑔𐑾	fɔːRˈsaɪθɪə	high	
forte	𐑓𐑪𐑮𐑑	fort	𐑓𐑹𐑑𐑱	ˈfɔːRteɪ	high	
forte	𐑓𐑪𐑮𐑑𐑦	ˈforti	𐑓𐑹𐑑𐑱	ˈfɔːRteɪ	high	
forte	𐑓𐑪𐑮𐑑𐑱	ˈforteɪ	𐑓𐑹𐑑𐑱	ˈfɔːRteɪ	high	
forte	𐑓𐑹𐑑	fɔːRt	𐑓𐑹𐑑𐑱	ˈfɔːRteɪ	high	
forte	𐑓𐑹𐑑𐑦	fɔːRti	𐑓𐑹𐑑𐑱	ˈfɔːRteɪ	high	
forth	𐑓𐑼𐑔	fəRθ	𐑓𐑹𐑔	fɔːRθ	high	
forthwith	-𐑢𐑦𐑔	-wɪθ	𐑓𐑹𐑔𐑢𐑦𐑔	ˌfɔːRθˈwɪθ	medium	r_gap:spelling=1,ipa=0; shave_says:𐑓𐑹𐑔𐑢𐑦𐑔
forthwith	𐑓𐑹𐑔𐑢𐑦𐑞	fɔːRθwɪð	𐑓𐑹𐑔𐑢𐑦𐑔	ˌfɔːRθˈwɪθ	high	
fortieth	𐑓𐑹𐑑𐑦𐑩𐑔	fɔːRtiəθ	𐑓𐑹𐑑𐑾𐑔	ˈfɔːRtɪəθ	high	
fortify	-𐑑𐑩-	-tə-	𐑓𐑹𐑑𐑦𐑓𐑲	ˈfɔːRtɪfaɪ	medium	r_gap:spelling=1,ipa=0
fortify	𐑓𐑹𐑑𐑩𐑓𐑲	ˈfɔːRtəˌfaɪ	𐑓𐑹𐑑𐑦𐑓𐑲	ˈfɔːRtɪfaɪ	high	
fortissimo	𐑓𐑹𐑑𐑦𐑕𐑩𐑥𐑴	fɔːRtɪsəməʊ	𐑓𐑹𐑑𐑦𐑕𐑦𐑥𐑴	fɔːRˈtɪsɪməʊ	high	
fortress	𐑓𐑪𐑮𐑑𐑮𐑦𐑕	ˈfortrɪs	𐑓𐑹𐑑𐑮𐑩𐑕	ˈfɔːRtrəs	high	
fortress	𐑓𐑪𐑮𐑑𐑮𐑩𐑕	ˈfortrəs	𐑓𐑹𐑑𐑮𐑩𐑕	ˈfɔːRtrəs	high	
fortuitous	-𐑑𐑩𐑕	-təs	𐑓𐑹𐑑𐑵𐑦𐑑𐑩𐑕, 𐑓𐑹𐑑𐑿𐑦𐑑𐑩𐑕	fɔːRˈtjuːɪtəs	medium	r_gap:spelling=1,ipa=0
fortuitous	-𐑩-	-ə-	𐑓𐑹𐑑𐑵𐑦𐑑𐑩𐑕, 𐑓𐑹𐑑𐑿𐑦𐑑𐑩𐑕	fɔːRˈtjuːɪtəs	medium	r_gap:spelling=1,ipa=0
fortuitous	𐑓𐑪𐑮𐑑𐑫𐑦𐑑𐑦𐑕	forˈtuɪtɪs	𐑓𐑹𐑑𐑵𐑦𐑑𐑩𐑕, 𐑓𐑹𐑑𐑿𐑦𐑑𐑩𐑕	fɔːRˈtjuːɪtəs	high	
fortuitous	𐑓𐑪𐑮𐑗𐑫𐑦𐑑𐑦𐑕	forˈtʃuɪtɪs	𐑓𐑹𐑑𐑵𐑦𐑑𐑩𐑕, 𐑓𐑹𐑑𐑿𐑦𐑑𐑩𐑕	fɔːRˈtjuːɪtəs	high	
fortuitous	𐑓𐑹𐑗𐑵𐑦𐑑𐑩𐑕	fɔːRtʃuːɪtəs	𐑓𐑹𐑑𐑵𐑦𐑑𐑩𐑕, 𐑓𐑹𐑑𐑿𐑦𐑑𐑩𐑕	fɔːRˈtjuːɪtəs	high	
fortunate	𐑓𐑹𐑗𐑯𐑦𐑑	ˈfɔːRtʃnɪt	𐑓𐑹𐑗𐑩𐑯𐑩𐑑	ˈfɔːRtʃənət	high	
fortunately	𐑓𐑹𐑗𐑩𐑯𐑦𐑑𐑤𐑦	fɔːRtʃənɪtli	𐑓𐑹𐑗𐑩𐑯𐑩𐑑𐑤𐑦	ˈfɔːRtʃənətli	high	
fortunately	𐑓𐑹𐑗𐑯𐑦𐑑𐑤𐑦	ˈfɔːRtʃnɪtli	𐑓𐑹𐑗𐑩𐑯𐑩𐑑𐑤𐑦	ˈfɔːRtʃənətli	high	
fortune	-𐑗𐑩𐑯	-tʃən	𐑓𐑹𐑗𐑵𐑯	ˈfɔːRtʃuːn	medium	r_gap:spelling=1,ipa=0
fortune	𐑓𐑪𐑮𐑗𐑫𐑯	ˈfortʃun	𐑓𐑹𐑗𐑵𐑯	ˈfɔːRtʃuːn	high	
fortune	𐑓𐑹𐑗𐑩𐑯	ˈfɔːRtʃən	𐑓𐑹𐑗𐑵𐑯	ˈfɔːRtʃuːn	high	
fortunes	𐑓𐑹𐑑𐑿𐑯𐑟	fɔːrtjuːnz	𐑓𐑹𐑗𐑵𐑯𐑟	ˈfɔːRtʃuːnz	high	
forward	𐑓𐑴𐑢𐑼𐑛	ˈfoʊwərd	𐑓𐑹𐑢𐑼𐑛	ˈfɔːRwəRd	medium	r_gap:spelling=2,ipa=1
forward	𐑓𐑹𐑼𐑛	ˈfɔːRərd	𐑓𐑹𐑢𐑼𐑛	ˈfɔːRwəRd	high	
fossilize	𐑓𐑪𐑕𐑦𐑤𐑲𐑟	ˈfɒsɪlaɪz	𐑓𐑪𐑕𐑩𐑤𐑲𐑟	ˈfɒsəlaɪz	high	
foster	𐑓𐑷𐑕𐑑𐑼	ˈfɔːstəR	𐑓𐑪𐑕𐑑𐑼	ˈfɒstəR	high	
foulness	𐑓𐑬𐑤𐑯𐑧𐑕	faʊlˈnes	𐑓𐑬𐑤𐑯𐑩𐑕	ˈfaʊlnəs	high	
foulness	𐑓𐑬𐑩𐑤𐑯𐑩𐑕	ˈfaʊəlnəs	𐑓𐑬𐑤𐑯𐑩𐑕	ˈfaʊlnəs	high	
foundress	-𐑦𐑕	-ɪs	𐑓𐑬𐑯𐑛𐑮𐑩𐑕	ˈfaʊndrəs	medium	r_gap:spelling=1,ipa=0; shave_says:𐑓𐑬𐑯𐑛𐑮𐑩𐑕
foundress	𐑓𐑬𐑯𐑛𐑮𐑧𐑕	faʊndres	𐑓𐑬𐑯𐑛𐑮𐑩𐑕	ˈfaʊndrəs	high	
fount	𐑓𐑪𐑯𐑑	fɒnt	𐑓𐑬𐑯𐑑	faʊnt	high	
fountain	𐑓𐑬𐑯𐑑𐑦𐑯	ˈfaʊntɪn	𐑓𐑬𐑯𐑑𐑩𐑯	ˈfaʊntən	high	
fourscore	𐑓𐑹𐑕𐑒𐑪𐑮	ˈfɔːRskor	𐑓𐑹𐑕𐑒𐑹	ˈfɔːRskɔːR	high	
foursquare	𐑓𐑹𐑕𐑒𐑢𐑻	fɔːRskwɜːR	𐑓𐑹𐑕𐑒𐑢𐑺	ˈfɔːRskweəR	high	
fourteen	𐑓𐑹𐑑𐑑𐑦𐑯	ˌfɔːRtˈtin	𐑓𐑹𐑑𐑰𐑯	ˌfɔːRˈtiːn	high	
fourteen	𐑓𐑹𐑑𐑦𐑯	ˈfɔːRtin	𐑓𐑹𐑑𐑰𐑯	ˌfɔːRˈtiːn	high	
foyer	𐑓𐑶𐑻	ˈfɔɪɜːR	𐑓𐑶𐑱	ˈfɔɪeɪ	high	
fracas	𐑓𐑮𐑨𐑒𐑩𐑕	ˈfrækəs	𐑓𐑮𐑨𐑒𐑭, 𐑓𐑮𐑨𐑒𐑭𐑟	ˈfrækɑː	high	
fracas	𐑓𐑮𐑩𐑒𐑭	frəkɑː	𐑓𐑮𐑨𐑒𐑭, 𐑓𐑮𐑨𐑒𐑭𐑟	ˈfrækɑː	high	
fracas	𐑓𐑮𐑱𐑒𐑩𐑕	ˈfreɪkəs	𐑓𐑮𐑨𐑒𐑭, 𐑓𐑮𐑨𐑒𐑭𐑟	ˈfrækɑː	high	
fragile	𐑓𐑮𐑨𐑡𐑩𐑤	ˈfrædʒəl	𐑓𐑮𐑨𐑡𐑲𐑤	ˈfrædʒaɪl	high	
frailty	𐑓𐑮𐑱𐑩𐑤𐑑𐑦	ˈfreɪəlti	𐑓𐑮𐑱𐑤𐑑𐑦	ˈfreɪlti	high	
frances	𐑓𐑮𐑭𐑯𐑕𐑩𐑟	frɑːnsƏz	𐑓𐑮𐑭𐑯𐑕𐑦𐑕	ˈfrɑːnsɪs	high	
frankfort	𐑓𐑮𐑨𐑙𐑒𐑓𐑹𐑑	fræŋkfɔːRt	𐑓𐑮𐑨𐑙𐑒𐑓𐑼𐑑	ˈfræŋkfəRt	high	
frankincense	𐑓𐑮𐑨𐑙𐑒𐑩𐑯𐑕𐑧𐑯𐑕	ˈfræŋkənˌsens	𐑓𐑮𐑨𐑙𐑒𐑦𐑯𐑕𐑧𐑯𐑕	ˈfræŋkɪnsens	high	
fraternize	𐑓𐑮𐑨𐑑𐑩𐑯𐑲𐑟	frætənaɪz	𐑓𐑮𐑨𐑑𐑼𐑯𐑲𐑟	ˈfrætəRnaɪz	medium	r_gap:spelling=2,ipa=1; shave_says:𐑓𐑮𐑨𐑑𐑼𐑯𐑲𐑟
free	𐑓𐑮𐑦	fri	𐑓𐑮𐑰	friː	high	
free-for-all	𐑓𐑮𐑰𐑓𐑼𐑷𐑤	ˈfriːfəRɔːl	𐑓𐑮𐑰-𐑓-𐑷𐑤	ˈfriː-F-ɔːl	high	
free-for-all	𐑓𐑮𐑰𐑓𐑼𐑹𐑤	friːfərɔːRl	𐑓𐑮𐑰-𐑓-𐑷𐑤	ˈfriː-F-ɔːl	high	
freeborn	𐑓𐑮𐑦𐑚𐑷𐑩𐑯	ˈfriˌbɔːən	𐑓𐑮𐑰𐑚𐑹𐑯	ˈfriːbɔːRn	medium	r_gap:spelling=2,ipa=1
freedom	𐑓𐑮𐑦𐑛𐑩𐑥	ˈfridəm	𐑓𐑮𐑰𐑛𐑩𐑥	ˈfriːdəm	high	
freedoms	𐑓𐑮𐑦𐑛𐑩𐑥𐑟	ˈfridəmz	𐑓𐑮𐑰𐑛𐑩𐑥𐑟	ˈfriːdəmz	high	
freelance	𐑓𐑮𐑦𐑤𐑨𐑯𐑕	ˈfriˌlæns	𐑓𐑮𐑰𐑤𐑨𐑯𐑕, 𐑓𐑮𐑰𐑤𐑭𐑯𐑕	ˈfriːlⱭːns	high	
freely	𐑓𐑮𐑦𐑤𐑦	ˈfrili	𐑓𐑮𐑰𐑤𐑦	ˈfriːli	high	
freewheeling	𐑓𐑮𐑦𐑣𐑢𐑦𐑤𐑦𐑙	ˈfriˌhwilɪŋ	𐑓𐑮𐑰𐑢𐑰𐑤𐑦𐑙	friːˈʍiːlɪŋ	high	
freewheeling	𐑓𐑮𐑰𐑣𐑢𐑰𐑤𐑦𐑙	friːhwiːlɪŋ	𐑓𐑮𐑰𐑢𐑰𐑤𐑦𐑙	friːˈʍiːlɪŋ	high	
freezer	𐑓𐑮𐑦𐑟𐑼	ˈfrizəR	𐑓𐑮𐑰𐑟𐑼	ˈfriːzəR	high	
fricassee	𐑓𐑮𐑦𐑒𐑩𐑕𐑱	frɪkəseɪ	𐑓𐑮𐑦𐑒𐑩𐑕𐑰	ˈfrɪkəsiː	high	
frightfully	-𐑦	-ɪ	𐑓𐑮𐑲𐑑𐑓𐑩𐑤𐑦	ˈfraɪtfəli	medium	r_gap:spelling=1,ipa=0; shave_says:𐑓𐑮𐑲𐑑𐑓𐑩𐑤𐑦
frightfully	𐑓𐑮𐑲𐑑𐑓𐑤𐑦	fraɪtfli	𐑓𐑮𐑲𐑑𐑓𐑩𐑤𐑦	ˈfraɪtfəli	high	
frisson	𐑓𐑮𐑦𐑕𐑴𐑯	friˈsoʊn	𐑓𐑮𐑰𐑕𐑪𐑯	ˈfriːsɒn	high	
frog	𐑓𐑮𐑷𐑜	frɔːɡ	𐑓𐑮𐑪𐑜	frɒɡ	high	
from	𐑓𐑮𐑳𐑥	frʌm	𐑓𐑮𐑪𐑥	frɒm	high	
frontal	𐑓𐑮𐑳𐑯𐑩𐑤	ˈfrʌnəl	𐑓𐑮𐑳𐑯𐑑𐑩𐑤	ˈfrʌntəl	high	
frontier	𐑓𐑮𐑪𐑯𐑑𐑘𐑼	frɒntjəR	𐑓𐑮𐑳𐑯𐑑𐑽	ˈfrʌntɪəR	high	
frontier	𐑓𐑮𐑪𐑯𐑑𐑦𐑮	frɒnˈtɪr	𐑓𐑮𐑳𐑯𐑑𐑽	ˈfrʌntɪəR	high	
frontier	𐑓𐑮𐑪𐑯𐑑𐑽	frɒntɪəR	𐑓𐑮𐑳𐑯𐑑𐑽	ˈfrʌntɪəR	high	
frontier	𐑓𐑮𐑳𐑯𐑑𐑘𐑼	frʌntjəR	𐑓𐑮𐑳𐑯𐑑𐑽	ˈfrʌntɪəR	high	
frontier	𐑓𐑮𐑳𐑯𐑑𐑦𐑮	frʌnˈtɪr	𐑓𐑮𐑳𐑯𐑑𐑽	ˈfrʌntɪəR	high	
frontispiece	𐑓𐑮𐑪𐑯𐑑𐑦𐑕𐑐𐑦𐑕	ˈfrɒntɪsˌpis	𐑓𐑮𐑳𐑯𐑑𐑦𐑕𐑐𐑰𐑕	ˈfrʌntɪspiːs	high	
frontispiece	𐑓𐑮𐑪𐑯𐑑𐑦𐑕𐑐𐑰𐑕	frɒntɪspiːs	𐑓𐑮𐑳𐑯𐑑𐑦𐑕𐑐𐑰𐑕	ˈfrʌntɪspiːs	high	
frontispiece	𐑓𐑮𐑳𐑯𐑑𐑦𐑕𐑐𐑦𐑕	ˈfrʌntɪsˌpis	𐑓𐑮𐑳𐑯𐑑𐑦𐑕𐑐𐑰𐑕	ˈfrʌntɪspiːs	high	
frost	𐑓𐑮𐑷𐑕𐑑	frɔːst	𐑓𐑮𐑪𐑕𐑑	frɒst	high	
frostily	𐑓𐑮𐑷𐑕𐑑𐑦𐑤𐑦	ˈfrɔːstɪli	𐑓𐑮𐑪𐑕𐑑𐑦𐑤𐑦	ˈfrɒstɪli	high	
frosting	𐑓𐑮𐑷𐑕𐑑𐑦𐑙	ˈfrɔːstɪŋ	𐑓𐑮𐑪𐑕𐑑𐑦𐑙	ˈfrɒstɪŋ	high	
frosty	𐑓𐑮𐑪𐑕-	ˈfrɒs-	𐑓𐑮𐑪𐑕𐑑𐑦	ˈfrɒsti	high	
frosty	𐑓𐑮𐑷𐑕𐑑𐑦	ˈfrɔːsti	𐑓𐑮𐑪𐑕𐑑𐑦	ˈfrɒsti	high	
froth	𐑓𐑮𐑷𐑔	frɔːθ	𐑓𐑮𐑪𐑔	frɒθ	high	
froward	𐑓𐑮𐑴𐑢𐑼𐑛	frəʊwəRd	𐑓𐑮𐑴𐑼𐑛	ˈfrəʊəRd	high	
fructose	𐑓𐑮𐑫𐑒𐑑𐑴𐑕	ˈfrʊktoʊs	𐑓𐑮𐑳𐑒𐑑𐑴𐑕	ˈfrʌktəʊs	high	
fructose	𐑓𐑮𐑫𐑒𐑑𐑴𐑟	frʊktəʊz	𐑓𐑮𐑳𐑒𐑑𐑴𐑕	ˈfrʌktəʊs	high	
fructose	𐑓𐑮𐑳𐑒𐑑𐑴𐑟	frʌktəʊz	𐑓𐑮𐑳𐑒𐑑𐑴𐑕	ˈfrʌktəʊs	high	
fruit	𐑓𐑮𐑫𐑑	frut	𐑓𐑮𐑵𐑑	fruːt	high	
fruiterer	-𐑑𐑩-	-tə-	𐑓𐑮𐑵𐑑𐑼𐑼	ˈfruːtərəR	medium	r_gap:spelling=3,ipa=0
fruiterer	𐑓𐑮𐑫𐑑𐑼𐑩	ˈfrutərə	𐑓𐑮𐑵𐑑𐑼𐑼	ˈfruːtərəR	medium	r_gap:spelling=3,ipa=2
fruiterer	𐑓𐑮𐑵𐑑𐑮𐑼	fruːtrəR	𐑓𐑮𐑵𐑑𐑼𐑼	ˈfruːtərəR	high	
fruition	𐑓𐑮𐑫𐑦𐑖𐑩𐑯	fruɪʃən	𐑓𐑮𐑵𐑦𐑖𐑩𐑯	fruːˈɪʃən	high	
fruitless	𐑓𐑮𐑫𐑑𐑤𐑩𐑕	ˈfrutləs	𐑓𐑮𐑵𐑑𐑤𐑩𐑕	ˈfruːtləs	high	
frustrated	𐑓𐑮𐑩𐑕𐑑𐑮𐑱𐑑𐑩𐑛	frəstreɪtƏd	𐑓𐑮𐑳𐑕𐑑𐑮𐑱𐑑𐑩𐑛	frʌˈstreɪtƏd	high	
frustrated	𐑓𐑳𐑕𐑑𐑮𐑱𐑑𐑩𐑛	ˈfʌstreɪtƏd	𐑓𐑮𐑳𐑕𐑑𐑮𐑱𐑑𐑩𐑛	frʌˈstreɪtƏd	medium	r_gap:spelling=2,ipa=1
frustrating	𐑓𐑮𐑩𐑕𐑑𐑮𐑱𐑑𐑦𐑙	frəstreɪtɪŋ	𐑓𐑮𐑳𐑕𐑑𐑮𐑱𐑑𐑦𐑙	frʌˈstreɪtɪŋ	high	
frustrating	𐑓𐑮𐑳𐑖𐑗𐑮𐑱𐑑𐑦𐑙	ˈfrʌʃˌtʃreɪtɪŋ	𐑓𐑮𐑳𐑕𐑑𐑮𐑱𐑑𐑦𐑙	frʌˈstreɪtɪŋ	high	
frustration	𐑓𐑮𐑩𐑕𐑑𐑮𐑱𐑖𐑩𐑯	frəˈstreɪʃən	𐑓𐑮𐑳𐑕𐑑𐑮𐑱𐑖𐑩𐑯	frʌˈstreɪʃən	high	
fuel	𐑓𐑘𐑫𐑢𐑩𐑤	ˈfjuwəl	𐑓𐑿𐑩𐑤	ˈfjuːəl	high	
full-grown	𐑓𐑫𐑤𐑜𐑮𐑴𐑯	ˈfʊlˌɡroʊn	𐑓𐑫𐑤-𐑜𐑮𐑴𐑯	fʊl-ˈɡrəʊn	high	
fulminate	-𐑩𐑯𐑱𐑑	-əneɪt	𐑓𐑳𐑤𐑥𐑦𐑯𐑱𐑑	ˈfʌlmɪneɪt	high	
fulminate	𐑓𐑫𐑤𐑥𐑦𐑯𐑱𐑑	ˈfʊlmɪneɪt	𐑓𐑳𐑤𐑥𐑦𐑯𐑱𐑑	ˈfʌlmɪneɪt	high	
fulmination	𐑓𐑫𐑤𐑥𐑦𐑯𐑱𐑖𐑩𐑯	fʊlmɪˈneɪʃən	𐑓𐑳𐑤𐑥𐑦𐑯𐑱𐑖𐑩𐑯	ˌfʌlmɪˈneɪʃən	high	
functionary	𐑓𐑳𐑙𐑒𐑖𐑩𐑯𐑧𐑮𐑦	ˈfʌŋkʃəˌneri	𐑓𐑳𐑙𐑒𐑖𐑩𐑯𐑼𐑦	ˈfʌŋkʃənəri	high	
funds	𐑓𐑩𐑯𐑛𐑟	fəndz	𐑓𐑳𐑯𐑛𐑟	fʌndz	high	
funeral	𐑓𐑘𐑦𐑫𐑯𐑼𐑩𐑤	fjɪunəRəl	𐑓𐑿𐑯𐑼𐑩𐑤	ˈfjuːnərəl	high	
funeral	𐑓𐑘𐑫𐑯𐑼𐑩𐑤	ˈfjunərəl	𐑓𐑿𐑯𐑼𐑩𐑤	ˈfjuːnərəl	high	
funeral	𐑓𐑿𐑯𐑮𐑩𐑤	fjuːnrəl	𐑓𐑿𐑯𐑼𐑩𐑤	ˈfjuːnərəl	high	
funereal	𐑓𐑿𐑯𐑽𐑽𐑤	fjuːnɪərɪəRl	𐑓𐑿𐑯𐑽𐑾𐑤	fjuːˈnɪərɪəl	high	
fungi	𐑓𐑫𐑯𐑡𐑦	ˈfundʒi	𐑓𐑳𐑙𐑜𐑲	ˈfʌŋɡaɪ	high	
fungi	𐑓𐑵𐑯𐑡𐑦	ˈfuːndʒi	𐑓𐑳𐑙𐑜𐑲	ˈfʌŋɡaɪ	high	
funnier	𐑓𐑳𐑯𐑽	fʌnɪəR	𐑓𐑳𐑯𐑦𐑼	ˈfʌnɪəR	high	
funniest	𐑓𐑳𐑯𐑦𐑦𐑕𐑑	ˈfʌniɪst	𐑓𐑳𐑯𐑦𐑩𐑕𐑑	ˈfʌniəst	high	
furbelow	𐑓𐑼𐑚𐑦𐑤𐑴	ˈfəRbɪloʊ	𐑓𐑻𐑚𐑦𐑤𐑴	ˈfɜːRbɪləʊ	high	
furbelow	𐑓𐑼𐑚𐑩𐑤𐑴	ˈfəRbəloʊ	𐑓𐑻𐑚𐑦𐑤𐑴	ˈfɜːRbɪləʊ	high	
furious	𐑓𐑘𐑩𐑼𐑾𐑕	fjəərɪəs	𐑓𐑘𐑫𐑼𐑾𐑕	ˈfjʊərɪəs	high	
furious	𐑓𐑘𐑻𐑦𐑩𐑕	ˈfjɜːRiəs	𐑓𐑘𐑫𐑼𐑾𐑕	ˈfjʊərɪəs	high	
furious	𐑓𐑘𐑼𐑦𐑩𐑕	ˈfjəriəs	𐑓𐑘𐑫𐑼𐑾𐑕	ˈfjʊərɪəs	high	
furlong	𐑓𐑻𐑤𐑷𐑙	ˈfɜːRˌlɔːŋ	𐑓𐑻𐑤𐑪𐑙	ˈfɜːRlɒŋ	high	
furore	𐑓𐑘𐑼𐑪𐑮	ˈfjərˌor	𐑓𐑘𐑫𐑼𐑹𐑦	fjʊəˈrɔːri	high	
furore	𐑓𐑘𐑼𐑹𐑦	fjərɔːri	𐑓𐑘𐑫𐑼𐑹𐑦	fjʊəˈrɔːri	high	
furore	𐑓𐑘𐑼𐑹𐑱	fjərɔːreɪ	𐑓𐑘𐑫𐑼𐑹𐑦	fjʊəˈrɔːri	high	
furore	𐑓𐑘𐑼𐑼	ˈfjərəR	𐑓𐑘𐑫𐑼𐑹𐑦	fjʊəˈrɔːri	high	
furrier	𐑓𐑳𐑮𐑦𐑼	fʌriəR	𐑓𐑳𐑮𐑽, 𐑓𐑻𐑦𐑼	ˈfʌrɪəR	medium	r_gap:spelling=3,ipa=2; shave_says:𐑓𐑻𐑽
furrow	𐑓𐑻𐑴	ˈfɜːRoʊ	𐑓𐑳𐑮𐑴	ˈfʌrəʊ	medium	r_gap:spelling=2,ipa=1
furtherance	𐑓𐑻𐑞𐑮𐑩𐑯𐑕	fɜːRðrəns	𐑓𐑻𐑞𐑼𐑩𐑯𐑕	ˈfɜːRðərəns	high	
furthermore	𐑓𐑻𐑞𐑼𐑥𐑪𐑮	ˈfɜːRðəRˌmor	𐑓𐑻𐑞𐑼𐑥𐑹	ˌfɜːRðəRˈmɔːR	high	
furtive	-𐑑𐑦𐑝	-tɪv	𐑓𐑻𐑑𐑦𐑝	ˈfɜːRtɪv	medium	r_gap:spelling=1,ipa=0
fury	𐑓𐑘𐑩𐑼𐑦	fjəəri	𐑓𐑘𐑫𐑼𐑦	ˈfjʊəri	high	
fury	𐑓𐑘𐑹𐑦	fjɔːri	𐑓𐑘𐑫𐑼𐑦	ˈfjʊəri	high	
fury	𐑓𐑘𐑻𐑦	ˈfjɜːRi	𐑓𐑘𐑫𐑼𐑦	ˈfjʊəri	high	
fury	𐑓𐑘𐑼𐑦	ˈfjəri	𐑓𐑘𐑫𐑼𐑦	ˈfjʊəri	high	
fusilier	𐑓𐑿𐑟𐑦𐑤𐑦𐑮	ˌfjuːzɪˈlɪr	𐑓𐑿𐑟𐑩𐑤𐑽	ˌfjuːzəˈlɪəR	high	
fusilier	𐑓𐑿𐑟𐑦𐑤𐑽	fjuːzɪlɪəR	𐑓𐑿𐑟𐑩𐑤𐑽	ˌfjuːzəˈlɪəR	high	
fusillade	𐑓𐑿𐑕𐑦𐑤𐑱𐑛	ˈfjuːsɪˌleɪd	𐑓𐑿𐑟𐑦𐑤𐑱𐑛	ˌfjuːzɪˈleɪd	high	
fustian	𐑓𐑳𐑕𐑗𐑩𐑯	ˈfʌstʃən	𐑓𐑳𐑕𐑑𐑾𐑯	ˈfʌstɪən	high	
futile	𐑓𐑘𐑫𐑑𐑩𐑤	ˈfjutəl	𐑓𐑿𐑑𐑲𐑤	ˈfjuːtaɪl	high	
futile	𐑓𐑘𐑫𐑑𐑲𐑤	ˈfjutaɪl	𐑓𐑿𐑑𐑲𐑤	ˈfjuːtaɪl	high	
futility	𐑓𐑘𐑫𐑑𐑦𐑤𐑩𐑑𐑦	fjuˈtɪləti	𐑓𐑿𐑑𐑦𐑤𐑦𐑑𐑦	fjuːˈtɪlɪti	high	
future	𐑓𐑘𐑫𐑗𐑼	ˈfjutʃəR	𐑓𐑿𐑗𐑼	ˈfjuːtʃəR	high	
gabardine	𐑜𐑨𐑚𐑩𐑛𐑰𐑯	ɡæbədiːn	𐑜𐑨𐑚𐑼𐑛𐑰𐑯	ˌɡæbəRˈdiːn	medium	r_gap:spelling=1,ipa=0; shave_says:𐑜𐑨𐑚𐑼𐑛𐑰𐑯
gabardine	𐑜𐑨𐑚𐑼𐑛𐑦𐑯	ˈɡæbəRˌdin	𐑜𐑨𐑚𐑼𐑛𐑰𐑯	ˌɡæbəRˈdiːn	high	
gadget	𐑜𐑨𐑡𐑦𐑑	ɡædʒɪt	𐑜𐑨𐑡𐑩𐑑	ˈɡædʒIt	high	
gadgetry	𐑜𐑨𐑡𐑦𐑑𐑮𐑦	ˈɡædʒɪtri	𐑜𐑨𐑡𐑩𐑑𐑮𐑦	ˈɡædʒItri	high	
gala	𐑜𐑪𐑤𐑩	ˈɡɒlə	𐑜𐑨𐑤𐑩, 𐑜𐑭𐑤𐑩	ˈɡⱭːlə	high	
gala	𐑜𐑱𐑤𐑩	ˈɡeɪlə	𐑜𐑨𐑤𐑩, 𐑜𐑭𐑤𐑩	ˈɡⱭːlə	high	
gallagher	𐑜𐑨𐑤𐑩𐑜𐑼	ɡæləɡəR	𐑜𐑨𐑤𐑩𐑣𐑼	ˈɡæləhəR	high	
gallant	𐑜𐑩𐑤𐑪𐑯𐑑	ɡəˈlɒnt	𐑜𐑨𐑤𐑩𐑯𐑑, 𐑜𐑩𐑤𐑨𐑯𐑑	ˈɡælənt	high	
galleon	𐑜𐑨𐑤𐑘𐑩𐑯	ˈɡæljən	𐑜𐑨𐑤𐑾𐑯	ˈɡælɪən	high	
galleon	𐑜𐑨𐑤𐑦𐑩𐑯	ˈɡæliən	𐑜𐑨𐑤𐑾𐑯	ˈɡælɪən	high	
gallivant	𐑜𐑨𐑤𐑩𐑝𐑨𐑯𐑑	ˌɡæləˈvænt	𐑜𐑨𐑤𐑦𐑝𐑨𐑯𐑑	ˌɡælɪˈvænt	high	
gallstone	𐑜𐑭𐑤𐑕𐑑𐑴𐑯	ˈɡɑːlstoʊn	𐑜𐑷𐑤𐑕𐑑𐑴𐑯	ˈɡɔːlstəʊn	high	
galore	𐑜𐑩𐑤𐑪𐑮	ɡəˈlor	𐑜𐑩𐑤𐑹	ɡəˈlɔːR	high	
galway	𐑜𐑪𐑤𐑢𐑱	ˈɡɒlweɪ	𐑜𐑷𐑤𐑢𐑱	ˈɡɔːlweɪ	high	
gamboge	-𐑚𐑴𐑠	-ˈbəʊʒ	𐑜𐑨𐑥𐑚𐑴𐑠	ɡæmˈbəʊʒ	high	
gamboge	𐑜𐑨𐑥𐑚𐑫𐑠	ɡæmˈbuʒ	𐑜𐑨𐑥𐑚𐑴𐑠	ɡæmˈbəʊʒ	high	
gamboge	𐑜𐑨𐑥𐑚𐑵𐑠	ɡæmˈbuːʒ	𐑜𐑨𐑥𐑚𐑴𐑠	ɡæmˈbəʊʒ	high	
gannet	𐑜𐑨𐑯𐑦𐑑	ˈɡænɪt	𐑜𐑨𐑯𐑩𐑑	ˈɡænIt	high	
garage	𐑜𐑨𐑮𐑦𐑡	ɡærɪdʒ	𐑜𐑨𐑮𐑭𐑠	ˈɡærɑːʒ	high	
garage	𐑜𐑨𐑮𐑸𐑠	ɡærɑːRʒ	𐑜𐑨𐑮𐑭𐑠	ˈɡærɑːʒ	high	
garage	𐑜𐑨𐑮𐑸𐑡	ɡærɑːRdʒ	𐑜𐑨𐑮𐑭𐑠	ˈɡærɑːʒ	high	
garage	𐑜𐑮𐑪𐑠	ɡˈrɒʒ	𐑜𐑨𐑮𐑭𐑠	ˈɡærɑːʒ	high	
garage	𐑜𐑮𐑪𐑡	ɡˈrɒdʒ	𐑜𐑨𐑮𐑭𐑠	ˈɡærɑːʒ	high	
garage	𐑜𐑼𐑪𐑠	ɡəˈrɒʒ	𐑜𐑨𐑮𐑭𐑠	ˈɡærɑːʒ	high	
garage	𐑜𐑼𐑪𐑡	ɡəˈrɒdʒ	𐑜𐑨𐑮𐑭𐑠	ˈɡærɑːʒ	high	
garcia	𐑜𐑸𐑕𐑰𐑩	ɡɑːRsiːə	𐑜𐑸𐑕𐑾	ˈɡɑːRsiə	high	
gardener	𐑜𐑸𐑛𐑯𐑼	ˈɡɑːRdnəR	𐑜𐑸𐑛𐑩𐑯𐑼	ˈɡɑːRdənəR	high	
gardenia	𐑜𐑸𐑛𐑦𐑯𐑘𐑩	ɡɑːRˈdinjə	𐑜𐑸𐑛𐑰𐑯𐑾	ɡɑːRˈdiːnɪə	high	
gardenia	𐑜𐑸𐑛𐑰𐑯𐑘𐑩	ɡɑːRdiːnjə	𐑜𐑸𐑛𐑰𐑯𐑾	ɡɑːRˈdiːnɪə	high	
gardening	𐑜𐑸𐑛𐑩𐑯𐑦𐑙	ɡɑːRdənɪŋ	𐑜𐑸𐑛𐑯𐑦𐑙	ˈɡɑːRdnɪŋ	high	
garret	𐑜𐑧𐑮𐑦𐑑	ˈɡerɪt	𐑜𐑨𐑮𐑩𐑑	ˈɡærət	medium	r_gap:spelling=2,ipa=1
garret	𐑜𐑨𐑮𐑦𐑑	ɡærɪt	𐑜𐑨𐑮𐑩𐑑	ˈɡærət	medium	r_gap:spelling=2,ipa=1; shave_says:𐑜𐑨𐑮𐑩𐑑
garrulity	𐑜𐑼𐑵𐑤𐑦𐑑𐑦	ɡəruːlɪti	𐑜𐑨𐑮𐑵𐑤𐑦𐑑𐑦	ɡæˈruːlɪti	medium	r_gap:spelling=2,ipa=1; shave_says:𐑜𐑨𐑮𐑵𐑤𐑦𐑑𐑦
garrulous	𐑜𐑧𐑮𐑘𐑩𐑤𐑩𐑕	ˈɡerjələs	𐑜𐑨𐑮𐑩𐑤𐑩𐑕	ˈɡærələs	medium	r_gap:spelling=2,ipa=1
garrulous	𐑜𐑧𐑮𐑩𐑤𐑩𐑕	ˈɡerələs	𐑜𐑨𐑮𐑩𐑤𐑩𐑕	ˈɡærələs	medium	r_gap:spelling=2,ipa=1
garrulous	𐑜𐑨𐑮𐑘𐑩𐑤𐑩𐑕	ɡærjələs	𐑜𐑨𐑮𐑩𐑤𐑩𐑕	ˈɡærələs	medium	r_gap:spelling=2,ipa=1; shave_says:𐑜𐑨𐑮𐑤𐑩𐑕
garrulous	𐑜𐑨𐑮𐑫𐑤𐑩𐑕	ɡærʊləs	𐑜𐑨𐑮𐑩𐑤𐑩𐑕	ˈɡærələs	medium	r_gap:spelling=2,ipa=1; shave_says:𐑜𐑨𐑮𐑤𐑩𐑕
gaseous	𐑜𐑧𐑦𐑕𐑦𐑩𐑕	ˈɡeisiəs	𐑜𐑨𐑕𐑾𐑕	ˈɡæsɪəs	high	
gaseous	𐑜𐑨𐑕𐑦𐑩𐑕	ˈɡæsiəs	𐑜𐑨𐑕𐑾𐑕	ˈɡæsɪəs	high	
gaseous	𐑜𐑨𐑖𐑩𐑕	ˈɡæʃəs	𐑜𐑨𐑕𐑾𐑕	ˈɡæsɪəs	high	
gasoline	𐑜𐑨𐑕𐑤𐑦𐑯	ɡæsˈlin	𐑜𐑨𐑕𐑩𐑤𐑰𐑯	ˈɡæsəliːn	high	
gasoline	𐑜𐑨𐑕𐑩𐑤𐑦𐑯	ɡæsəlˈin	𐑜𐑨𐑕𐑩𐑤𐑰𐑯	ˈɡæsəliːn	high	
gasometer	𐑜𐑨𐑕𐑪𐑥𐑦𐑑𐑼	ɡæˈsɒmɪtəR	𐑜𐑩𐑕𐑪𐑥𐑦𐑑𐑼	ɡəˈsɒmɪtəR	high	
gatekeeper	𐑜𐑱𐑑𐑒𐑦𐑐𐑼	ˈɡeɪtkipəR	𐑜𐑱𐑑𐑒𐑰𐑐𐑼	ˈɡeɪtkiːpəR	high	
gaunt	𐑜𐑭𐑯𐑑	ɡɑːnt	𐑜𐑷𐑯𐑑	ɡɔːnt	high	
gee-gee	𐑡𐑦𐑡𐑦	ˈdʒiˌdʒi	𐑡𐑰-𐑡𐑰	ˈdʒiː-dʒiː	high	
gee-gee	𐑡𐑰𐑡𐑰	ˈdʒiːˌdʒiː	𐑡𐑰-𐑡𐑰	ˈdʒiː-dʒiː	high	
geezer	𐑜𐑦𐑟𐑼	ˈɡizəR	𐑜𐑰𐑟𐑼	ˈɡiːzəR	high	
gelatinous	𐑡𐑩𐑤𐑨𐑑𐑦𐑯𐑩𐑕	dʒəˈlatɪnəs	𐑡𐑦𐑤𐑨𐑑𐑦𐑯𐑩𐑕	dʒɪˈlætɪnəs	high	
genealogical	𐑡𐑦𐑯𐑦𐑩𐑤𐑪𐑡𐑦𐑒𐑩𐑤	ˌdʒiniəˈlɒdʒɪkəl	𐑡𐑰𐑯𐑾𐑤𐑪𐑡𐑦𐑒𐑩𐑤	ˌdʒiːnɪəˈlɒdʒɪkəl	high	
genealogist	𐑡𐑰𐑯𐑰𐑨𐑤𐑩𐑡𐑦𐑕𐑑	ˈdʒiːniːˌælədʒɪst	𐑡𐑰𐑯𐑦𐑨𐑤𐑩𐑡𐑦𐑕𐑑	ˌdʒiːnɪˈælədʒɪst	high	
genealogy	𐑡𐑦𐑯𐑦𐑨𐑤𐑩𐑡𐑦	ˌdʒiniˈælədʒi	𐑡𐑰𐑯𐑦𐑨𐑤𐑩𐑡𐑦	ˌdʒiːnɪˈælədʒi	high	
genealogy	𐑡𐑦𐑯𐑦𐑪𐑤𐑩𐑡𐑦	ˌdʒiniˈɒlədʒi	𐑡𐑰𐑯𐑦𐑨𐑤𐑩𐑡𐑦	ˌdʒiːnɪˈælədʒi	high	
genealogy	𐑡𐑰𐑯𐑦𐑪𐑤𐑩𐑡𐑦	ˌdʒiːniˈɒlədʒi	𐑡𐑰𐑯𐑦𐑨𐑤𐑩𐑡𐑦	ˌdʒiːnɪˈælədʒi	high	
generalissimo	𐑡𐑧𐑯𐑼𐑩𐑤𐑰𐑕𐑦𐑥𐑴	dʒenərəliːsɪməʊ	𐑡𐑧𐑯𐑼𐑩𐑤𐑦𐑕𐑦𐑥𐑴	ˌdʒenərəˈlɪsɪməʊ	high	
generality	𐑡𐑧𐑯𐑼𐑨𐑤𐑩𐑑𐑦	ˌdʒenəˈræləti	𐑡𐑧𐑯𐑼𐑨𐑤𐑦𐑑𐑦	ˌdʒenəˈrælɪti	high	
generally	𐑡𐑧𐑯𐑮𐑩𐑤𐑦	dʒenrəli	𐑡𐑧𐑯𐑼𐑩𐑤𐑦	ˈdʒenərəli	high	
generally	𐑡𐑧𐑯𐑼𐑤𐑦	ˈdʒenəRli	𐑡𐑧𐑯𐑼𐑩𐑤𐑦	ˈdʒenərəli	high	
generative	𐑡𐑧𐑯𐑮𐑩𐑑𐑦𐑝	dʒenrətɪv	𐑡𐑧𐑯𐑼𐑩𐑑𐑦𐑝	ˈdʒenərətɪv	high	
generative	𐑡𐑩𐑯𐑧𐑮𐑩𐑑𐑦𐑝	dʒənerətɪv	𐑡𐑧𐑯𐑼𐑩𐑑𐑦𐑝	ˈdʒenərətɪv	medium	ml_disagrees:𐑡𐑦𐑯𐑧𐑮𐑩𐑑𐑦𐑝; shave_says:𐑡𐑧𐑯𐑼𐑩𐑑𐑦𐑝
generosity	𐑡𐑧𐑯𐑼𐑪𐑕𐑩𐑑𐑦	ˌdʒenəˈrɒsəti	𐑡𐑧𐑯𐑼𐑪𐑕𐑦𐑑𐑦	ˌdʒenəˈrɒsɪti	high	
genetically	𐑡𐑩𐑯𐑧𐑑𐑦𐑒𐑤𐑦	dʒəˈnetɪkli	𐑡𐑦𐑯𐑧𐑑𐑦𐑒𐑤𐑦	dʒɪˈnetɪkli	high	
genial	-𐑯𐑦𐑩𐑤	-niəl	𐑡𐑰𐑯𐑾𐑤	ˈdʒiːnɪəl	high	
genial	-𐑯𐑰𐑩𐑤	-ˈniːəl	𐑡𐑰𐑯𐑾𐑤	ˈdʒiːnɪəl	high	
genial	𐑡𐑦𐑯𐑘𐑩𐑤	ˈdʒinjəl	𐑡𐑰𐑯𐑾𐑤	ˈdʒiːnɪəl	high	
genial	𐑡𐑦𐑯𐑳𐑾𐑤	dʒɪˈnʌɪəl	𐑡𐑰𐑯𐑾𐑤	ˈdʒiːnɪəl	high	
genial	𐑡𐑩𐑯𐑲𐑩𐑤	dʒəˈnaɪəl	𐑡𐑰𐑯𐑾𐑤	ˈdʒiːnɪəl	high	
genitive	𐑡𐑧𐑯𐑦𐑑𐑦𐑝	ˈdʒenɪtɪv	𐑡𐑧𐑯𐑩𐑑𐑦𐑝	ˈdʒenətɪv	high	
genius	𐑡𐑦𐑯𐑘𐑩𐑕	ˈdʒinjəs	𐑡𐑰𐑯𐑾𐑕	ˈdʒiːnɪəs	high	
genius	𐑡𐑦𐑯𐑦𐑩𐑕	ˈdʒiniəs	𐑡𐑰𐑯𐑾𐑕	ˈdʒiːnɪəs	high	
genius	𐑡𐑰𐑯𐑦𐑩𐑕	ˈdʒiːniəs	𐑡𐑰𐑯𐑾𐑕	ˈdʒiːnɪəs	high	
genius loci	𐑜𐑧𐑯𐑦𐑫𐑕 𐑤𐑴𐑒𐑦	ˈɡenɪˌʊs ˈloʊki	𐑡𐑰𐑯𐑾𐑕 𐑤𐑴𐑕𐑲	ˌdʒiːnɪəs ˈləʊsaɪ	high	
genius loci	𐑡𐑦𐑯𐑘𐑩𐑕 𐑤𐑴𐑒𐑲	ˈdʒinjəs ˈloʊkaɪ	𐑡𐑰𐑯𐑾𐑕 𐑤𐑴𐑕𐑲	ˌdʒiːnɪəs ˈləʊsaɪ	high	
genius loci	𐑡𐑦𐑯𐑘𐑩𐑕 𐑤𐑴𐑕𐑲	ˈdʒinjəs ˈloʊsaɪ	𐑡𐑰𐑯𐑾𐑕 𐑤𐑴𐑕𐑲	ˌdʒiːnɪəs ˈləʊsaɪ	high	
genotype	𐑡𐑦𐑯𐑩𐑑𐑲𐑐	ˈdʒinəˌtaɪp	𐑡𐑰𐑯𐑴𐑑𐑲𐑐	ˈdʒiːnəʊtaɪp	high	
genotype	𐑡𐑦𐑯𐑴𐑑𐑲𐑐	ˈdʒinoʊˌtaɪp	𐑡𐑰𐑯𐑴𐑑𐑲𐑐	ˈdʒiːnəʊtaɪp	high	
genotype	𐑡𐑧𐑯𐑩𐑑𐑲𐑐	ˈdʒenəˌtaɪp	𐑡𐑰𐑯𐑴𐑑𐑲𐑐	ˈdʒiːnəʊtaɪp	high	
genotype	𐑡𐑧𐑯𐑴𐑑𐑲𐑐	ˈdʒenəʊˌtaɪp	𐑡𐑰𐑯𐑴𐑑𐑲𐑐	ˈdʒiːnəʊtaɪp	high	
genre	𐑡𐑪𐑯𐑮𐑩	ˈdʒɒnrə	𐑠𐑭𐑯𐑮𐑩	ˈʒɑːnrə	high	
genre	𐑡𐑪𐑯𐑮𐑼	dʒɒnrəR	𐑠𐑭𐑯𐑮𐑩	ˈʒɑːnrə	high	
gentian	𐑡𐑧𐑯𐑗𐑩𐑯	ˈdʒentʃən	𐑡𐑧𐑯𐑖𐑩𐑯	ˈdʒenʃən	high	
gentility	𐑡𐑧𐑯𐑑𐑦𐑤𐑩𐑑𐑦	ˌdʒenˈtɪləti	𐑡𐑧𐑯𐑑𐑦𐑤𐑦𐑑𐑦	dʒenˈtɪlɪti	high	
gentlemen	-𐑧𐑯	-en	𐑡𐑧𐑯𐑑𐑩𐑤𐑥𐑧𐑯	ˈdʒentəlmen	high	
gentlemen	𐑡𐑧𐑯𐑑𐑩𐑤𐑥𐑩𐑯	dʒentəlmən	𐑡𐑧𐑯𐑑𐑩𐑤𐑥𐑧𐑯	ˈdʒentəlmen	high	
gently	𐑡𐑧𐑯𐑤𐑦	ˈdʒenli	𐑡𐑧𐑯𐑑𐑤𐑦	ˈdʒentli	high	
genuineness	𐑡𐑧𐑯𐑘𐑫𐑦𐑯𐑯𐑦𐑕	ˈdʒenjuɪnnɪs	𐑡𐑧𐑯𐑘𐑫𐑦𐑯𐑯𐑩𐑕	ˈdʒenjuɪn+nəs	high	
genus	𐑡𐑧𐑯𐑩𐑕	ˈdʒenəs	𐑡𐑰𐑯𐑩𐑕	ˈdʒiːnəs	high	
geo-	𐑡𐑦𐑴	ˈdʒioʊ	𐑡𐑰𐑴-	ˈˌdʒiːəʊ-	high	
geo-	𐑡𐑰𐑴	ˈdʒiːəʊ	𐑡𐑰𐑴-	ˈˌdʒiːəʊ-	high	
geocentric	𐑡𐑦𐑴𐑕𐑧𐑯𐑑𐑮𐑦𐑒	ˌdʒioʊˈsentrɪk	𐑡𐑰𐑴𐑕𐑧𐑯𐑑𐑮𐑦𐑒	ˌdʒiːəʊˈsentrɪk	high	
geographer	𐑡𐑰𐑪𐑜𐑮𐑩𐑓𐑼	dʒiːɒɡrəfər	𐑡𐑦𐑪𐑜𐑮𐑩𐑓𐑼	dʒɪˈɒɡrəfəR	high	
geography	𐑡𐑪𐑜𐑮𐑩𐑓𐑦	dʒɒɡrəfi	𐑡𐑦𐑪𐑜𐑮𐑩𐑓𐑦	dʒɪˈɒɡrəfi	high	
geological	𐑡𐑦𐑩𐑤𐑪𐑡𐑦𐑒𐑩𐑤	ˌdʒiəˈlɒdʒɪkəl	𐑡𐑾𐑤𐑪𐑡𐑦𐑒𐑩𐑤	ˌdʒɪəˈlɒdʒɪkəl	high	
geological	𐑡𐑰𐑩𐑤𐑪𐑡𐑦𐑒𐑩𐑤	ˌdʒiːəˈlɒdʒɪkəl	𐑡𐑾𐑤𐑪𐑡𐑦𐑒𐑩𐑤	ˌdʒɪəˈlɒdʒɪkəl	high	
geologist	𐑡𐑦𐑭𐑤𐑩𐑡𐑦𐑕𐑑	dʒiˈɑːlədʒɪst	𐑡𐑦𐑪𐑤𐑩𐑡𐑦𐑕𐑑	dʒɪˈɒlədʒɪst	high	
geometric	𐑡𐑦𐑩𐑥𐑧𐑑𐑮𐑦𐑒	ˌdʒiəˈmetrɪk	𐑡𐑾𐑥𐑧𐑑𐑮𐑦𐑒	ˌdʒɪəˈmetrɪk	high	
geometric	𐑡𐑦𐑴𐑥𐑧𐑑𐑮𐑦𐑒	ˌdʒioʊˈmetrɪk	𐑡𐑾𐑥𐑧𐑑𐑮𐑦𐑒	ˌdʒɪəˈmetrɪk	high	
geometric	𐑡𐑰𐑩𐑥𐑧𐑑𐑮𐑦𐑒	dʒiːəmetrɪk	𐑡𐑾𐑥𐑧𐑑𐑮𐑦𐑒	ˌdʒɪəˈmetrɪk	high	
geometric	𐑡𐑰𐑴𐑥𐑧𐑑𐑮𐑦𐑒	dʒiːəʊmetrɪk	𐑡𐑾𐑥𐑧𐑑𐑮𐑦𐑒	ˌdʒɪəˈmetrɪk	high	
geometry	𐑡𐑪𐑥𐑦𐑑𐑮𐑦	dʒɒmɪtri	𐑡𐑦𐑪𐑥𐑩𐑑𐑮𐑦	dʒɪˈɒmətri	high	
geometry	𐑡𐑰𐑪𐑥𐑦𐑑𐑮𐑦	dʒiːɒmɪtri	𐑡𐑦𐑪𐑥𐑩𐑑𐑮𐑦	dʒɪˈɒmətri	high	
geopolitics	𐑡𐑦𐑩𐑐𐑪𐑤𐑦𐑑𐑦𐑒𐑕	dʒiəˈpɒlɪtɪks	𐑡𐑰𐑴𐑐𐑪𐑤𐑩𐑑𐑦𐑒𐑕	ˌdʒiːəʊˈpɒlətɪks	high	
geopolitics	𐑡𐑦𐑴𐑐𐑪𐑤𐑩𐑑𐑦𐑒𐑕	ˌdʒioʊˈpɒlətɪks	𐑡𐑰𐑴𐑐𐑪𐑤𐑩𐑑𐑦𐑒𐑕	ˌdʒiːəʊˈpɒlətɪks	high	
geopolitics	𐑡𐑰𐑴𐑐𐑪𐑤𐑦𐑑𐑦𐑒𐑕	ˌdʒiːəʊˈpɒlɪtɪks	𐑡𐑰𐑴𐑐𐑪𐑤𐑩𐑑𐑦𐑒𐑕	ˌdʒiːəʊˈpɒlətɪks	high	
gerard	𐑡𐑧𐑮𐑸𐑛	dʒerɑːRd	𐑡𐑧𐑮𐑼𐑛	ˈdʒerəRd	high	
gerard	𐑡𐑼𐑸𐑛	dʒəˈrɑːRd	𐑡𐑧𐑮𐑼𐑛	ˈdʒerəRd	high	
germane	𐑡𐑻𐑥𐑱𐑯	dʒɜːrmeɪn	𐑡𐑼𐑥𐑱𐑯	dʒəRˈmeɪn	high	
germanic	𐑡𐑻𐑥𐑨𐑯𐑦𐑒	dʒɜːRmænɪk	𐑡𐑼𐑥𐑨𐑯𐑦𐑒	dʒəRˈmænɪk	high	
gerrymander	𐑜𐑧𐑮𐑦-	ɡeri-	𐑡𐑧𐑮𐑦𐑥𐑨𐑯𐑛𐑼	ˌdʒerɪˈmændəR	medium	r_gap:spelling=3,ipa=1; shave_says:𐑡𐑧𐑮𐑦𐑥𐑨𐑯𐑛𐑼
gertrude	𐑜𐑻𐑑𐑮𐑫𐑛	ˈɡɜːRtrud	𐑜𐑻𐑑𐑮𐑵𐑛	ˈɡɜːRtruːd	high	
gestalt	-𐑕𐑑-	-ˈst-	𐑜𐑩𐑖𐑑𐑷𐑤𐑑	ɡəˈʃtɑːlt	high	
gestalt	𐑜𐑩𐑕𐑑𐑷𐑤𐑑	ɡəˈstɔːlt	𐑜𐑩𐑖𐑑𐑷𐑤𐑑	ɡəˈʃtɑːlt	high	
gestalt	𐑜𐑩𐑖𐑑𐑨𐑤𐑑	ɡəˈʃtælt	𐑜𐑩𐑖𐑑𐑷𐑤𐑑	ɡəˈʃtɑːlt	high	
gestalt	𐑜𐑩𐑖𐑑𐑭𐑤𐑑	ɡəˈʃtɑːlt	𐑜𐑩𐑖𐑑𐑷𐑤𐑑	ɡəˈʃtɑːlt	high	
gestapo	𐑜𐑧𐑕𐑑𐑪𐑐𐑴	ɡeˈstɒpoʊ	𐑜𐑧𐑕𐑑𐑭𐑐𐑴	ɡeˈstɑːpəʊ	high	
gestapo	𐑜𐑩𐑖𐑑𐑪𐑐𐑴	ɡəˈʃtɒpoʊ	𐑜𐑧𐑕𐑑𐑭𐑐𐑴	ɡeˈstɑːpəʊ	high	
gestapo	𐑜𐑩𐑖𐑑𐑭𐑐𐑴	ɡəˈʃtɑːpəʊ	𐑜𐑧𐑕𐑑𐑭𐑐𐑴	ɡeˈstɑːpəʊ	high	
gesture	𐑡𐑧𐑕𐑗𐑻	ˈdʒestʃɜːR	𐑡𐑧𐑕𐑗𐑼	ˈdʒestʃəR	high	
geyser	𐑜𐑰𐑟𐑼	ɡiːzəR	𐑜𐑲𐑟𐑼	ˈɡaɪzəR	high	
geyser	𐑜𐑲𐑕𐑼	ˈɡaɪsəR	𐑜𐑲𐑟𐑼	ˈɡaɪzəR	high	
ghana	𐑜𐑪𐑯𐑩	ˈɡɒnə	𐑜𐑨𐑯𐑩, 𐑜𐑭𐑯𐑩	ˈɡⱭːnə	high	
ghanaian	𐑜𐑪𐑯𐑦𐑩𐑯	ˈɡɒniən	𐑜𐑨𐑯𐑱𐑩𐑯, 𐑜𐑭𐑯𐑱𐑩𐑯	ɡⱭːˈneɪən	high	
ghat	𐑜𐑷𐑑	ɡɔːt	𐑜𐑭𐑑	ɡɑːt	high	
ghibelline	𐑜𐑦𐑚𐑦𐑤𐑲𐑯	ˈɡɪbɪlaɪn	𐑜𐑦𐑚𐑩𐑤𐑲𐑯	ˈɡɪbəlaɪn	high	
ghibelline	𐑜𐑦𐑚𐑩𐑤𐑦𐑯	ˈɡɪbəlin	𐑜𐑦𐑚𐑩𐑤𐑲𐑯	ˈɡɪbəlaɪn	high	
ghibelline	𐑜𐑦𐑚𐑩𐑤𐑩𐑯	ˈɡɪbələn	𐑜𐑦𐑚𐑩𐑤𐑲𐑯	ˈɡɪbəlaɪn	high	
gibraltarian	𐑡𐑦𐑚𐑮𐑹𐑤𐑑𐑺𐑦𐑩𐑯	dʒɪbrɔːRlteəriən	𐑡𐑦𐑚𐑮𐑷𐑤𐑑𐑺𐑾𐑯	ˌdʒɪbrɔːlˈteərɪən	medium	ml_disagrees:𐑡𐑩𐑚𐑮𐑹𐑤𐑑𐑺𐑦𐑩𐑯; shave_says:𐑡𐑦𐑚𐑮𐑷𐑤𐑑𐑺𐑾𐑯
giddy	𐑜𐑦𐑑𐑦	ˈɡɪti	𐑜𐑦𐑛𐑦	ˈɡɪdi	high	
gigabyte	𐑡𐑦𐑜𐑩𐑚𐑲𐑑	ˈdʒɪɡəbaɪt	𐑜𐑦𐑜𐑩𐑚𐑲𐑑	ˈɡɪɡəbaɪt	high	
gigantic	𐑡𐑲𐑜𐑺𐑯𐑑𐑦𐑒	dʒaɪˈɡeəntɪk	𐑡𐑲𐑜𐑨𐑯𐑑𐑦𐑒	dʒaɪˈɡæntɪk	high	
gillian	𐑜𐑦𐑤-	ˈɡɪl-	𐑡𐑦𐑤𐑾𐑯	ˈdʒɪlɪən	high	
gillian	𐑡𐑦𐑤𐑘𐑩𐑯	ˈdʒɪljən	𐑡𐑦𐑤𐑾𐑯	ˈdʒɪlɪən	high	
gillian	𐑡𐑦𐑤𐑦𐑩𐑯	ˈdʒɪliən	𐑡𐑦𐑤𐑾𐑯	ˈdʒɪlɪən	high	
gillie	𐑡𐑦𐑤𐑦	ˈdʒɪli	𐑜𐑦𐑤𐑦	ˈɡɪli	high	
gingerbread	𐑡𐑦𐑯𐑡𐑩𐑚𐑮𐑧𐑛	dʒɪndʒəbred	𐑡𐑦𐑯𐑡𐑼𐑚𐑮𐑧𐑛	ˈdʒɪndʒəRbred	medium	r_gap:spelling=2,ipa=1; shave_says:𐑡𐑦𐑯𐑡𐑼𐑚𐑮𐑧𐑛
gingerly	𐑡𐑦𐑯𐑡𐑩𐑤𐑦	dʒɪndʒəli	𐑡𐑦𐑯𐑡𐑼𐑤𐑦	ˈdʒɪndʒəRli	medium	r_gap:spelling=1,ipa=0; shave_says:𐑡𐑦𐑯𐑡𐑼𐑤𐑦
giraffe	𐑡𐑼𐑨𐑓	dʒəˈræf	𐑡𐑦𐑮𐑨𐑓, 𐑡𐑦𐑮𐑭𐑓	dʒɪˈrⱭːf	high	
giraffes	𐑡𐑼𐑨𐑝𐑟	dʒəˈrævz	𐑡𐑦𐑮𐑨𐑓𐑕, 𐑡𐑦𐑮𐑭𐑓𐑕	dʒɪˈrⱭːfs	high	
girl	𐑜𐑺𐑤	ɡeəRl	𐑜𐑻𐑤	ɡɜːRl	high	
girl	𐑜𐑻𐑩𐑤	ˈɡɜːRəl	𐑜𐑻𐑤	ɡɜːRl	high	
girl	𐑜𐑽𐑤	ɡɪəRl	𐑜𐑻𐑤	ɡɜːRl	high	
girth	𐑜𐑼𐑔	ɡəRθ	𐑜𐑻𐑔	ɡɜːRθ	high	
glacial	𐑜𐑤𐑱𐑕𐑾𐑤	ˈɡleɪsɪəl	𐑜𐑤𐑱𐑖𐑩𐑤	ˈɡleɪʃəl	high	
glacial	𐑜𐑤𐑱𐑖𐑾𐑤	ˈɡleɪʃɪəl	𐑜𐑤𐑱𐑖𐑩𐑤	ˈɡleɪʃəl	high	
glacier	𐑜𐑤𐑨𐑕𐑘𐑼	ɡlæsjəR	𐑜𐑤𐑨𐑕𐑽	ˈɡlæsɪəR	high	
glacier	𐑜𐑤𐑱𐑕𐑘𐑼	ɡleɪsjəR	𐑜𐑤𐑨𐑕𐑽	ˈɡlæsɪəR	high	
glacier	𐑜𐑤𐑱𐑖𐑼	ˈɡleɪʃəR	𐑜𐑤𐑨𐑕𐑽	ˈɡlæsɪəR	high	
gladiolus	𐑜𐑤𐑨𐑛𐑾𐑫𐑤𐑩𐑕	ɡlædɪˈəʊləs	𐑜𐑤𐑨𐑛𐑦𐑴𐑤𐑩𐑕	ˌɡlædɪˈəʊləs	high	
glance	𐑜𐑤𐑺𐑯𐑕	ɡleəns	𐑜𐑤𐑨𐑯𐑕, 𐑜𐑤𐑭𐑯𐑕	ɡlⱭːns	high	
glandular	𐑜𐑤𐑨𐑯𐑛𐑘𐑩𐑤𐑼	ɡlandjələR	𐑜𐑤𐑨𐑯𐑡𐑩𐑤𐑼	ˈɡlændʒələR	high	
glandular	𐑜𐑤𐑨𐑯𐑠𐑫𐑤𐑼	ɡlanʒʊləR	𐑜𐑤𐑨𐑯𐑡𐑩𐑤𐑼	ˈɡlændʒələR	high	
glandular	𐑜𐑤𐑨𐑯𐑡𐑫𐑤𐑼	ɡlandʒʊləR	𐑜𐑤𐑨𐑯𐑡𐑩𐑤𐑼	ˈɡlændʒələR	high	
glaring	𐑜𐑤𐑧𐑮𐑦𐑙	ˈɡlerɪŋ	𐑜𐑤𐑺𐑦𐑙	ˈɡleərɪŋ	high	
glaringly	𐑜𐑤𐑧𐑮𐑦𐑙𐑤𐑦	ˈɡlerɪŋli	𐑜𐑤𐑺𐑦𐑙𐑤𐑦	ˈɡleərɪŋli	high	
glasgow	𐑜𐑤𐑨𐑕-	ˈɡlæs-	𐑜𐑤𐑨𐑟𐑜𐑴	ˈɡlæzɡəʊ	high	
glasgow	𐑜𐑤𐑨𐑕𐑜𐑴	ˈɡlæsɡoʊ	𐑜𐑤𐑨𐑟𐑜𐑴	ˈɡlæzɡəʊ	high	
glasgow	𐑜𐑤𐑨𐑟-	ˈɡlæz-	𐑜𐑤𐑨𐑟𐑜𐑴	ˈɡlæzɡəʊ	high	
glasgow	𐑜𐑤𐑭𐑕-	ˈɡlɑːs-	𐑜𐑤𐑨𐑟𐑜𐑴	ˈɡlæzɡəʊ	high	
glasgow	𐑜𐑤𐑭𐑟𐑜𐑴	ˈɡlɑːzɡəʊ	𐑜𐑤𐑨𐑟𐑜𐑴	ˈɡlæzɡəʊ	high	
glass	𐑜𐑤𐑺𐑕	ɡleəs	𐑜𐑤𐑨𐑕, 𐑜𐑤𐑭𐑕	ɡlⱭːs	high	
glassful	𐑜𐑤𐑨𐑕𐑓𐑩𐑤	ˈɡlæsfəl	𐑜𐑤𐑨𐑕𐑓𐑫𐑤, 𐑜𐑤𐑭𐑕𐑓𐑫𐑤	ˈɡlⱭːsfʊl	high	
glassful	𐑜𐑤𐑭𐑕𐑓𐑩𐑤	ˈɡlɑːsfəl	𐑜𐑤𐑨𐑕𐑓𐑫𐑤, 𐑜𐑤𐑭𐑕𐑓𐑫𐑤	ˈɡlⱭːsfʊl	high	
glastonbury	𐑜𐑤𐑨𐑕𐑑𐑩𐑯𐑚𐑮𐑦	ˈɡlæstənbri	𐑜𐑤𐑨𐑕𐑑𐑩𐑯𐑚𐑼𐑦	ˈɡlæstənbəri	high	
glastonbury	𐑜𐑤𐑭𐑕𐑑𐑩𐑯𐑚𐑮𐑦	ɡlɑːstənbri	𐑜𐑤𐑨𐑕𐑑𐑩𐑯𐑚𐑼𐑦	ˈɡlæstənbəri	high	
glastonbury	𐑜𐑤𐑭𐑕𐑑𐑩𐑯𐑚𐑼𐑦	ɡlɑːstənbəri	𐑜𐑤𐑨𐑕𐑑𐑩𐑯𐑚𐑼𐑦	ˈɡlæstənbəri	high	
glaucoma	𐑜𐑤𐑬𐑒𐑴𐑥𐑩	ɡlaʊˈkoʊmə	𐑜𐑤𐑷𐑒𐑴𐑥𐑩	ɡlɔːˈkəʊmə	high	
glaucous	𐑜𐑤𐑪𐑒𐑩𐑕	ˈɡlɒkəs	𐑜𐑤𐑷𐑒𐑩𐑕	ˈɡlɔːkəs	high	
glazier	𐑜𐑤𐑱𐑟𐑘𐑼	ɡleɪzjər	𐑜𐑤𐑱𐑟𐑽	ˈɡleɪzɪəR	high	
glazier	𐑜𐑤𐑱𐑟𐑦𐑼	ɡleɪziər	𐑜𐑤𐑱𐑟𐑽	ˈɡleɪzɪəR	high	
glazier	𐑜𐑤𐑱𐑠𐑼	ɡleɪʒər	𐑜𐑤𐑱𐑟𐑽	ˈɡleɪzɪəR	high	
gleam	𐑜𐑤𐑦𐑥	ɡlim	𐑜𐑤𐑰𐑥	ɡliːm	high	
glean	𐑜𐑤𐑦𐑯	ɡlin	𐑜𐑤𐑰𐑯	ɡliːn	high	
glebe	𐑜𐑤𐑦𐑚	ɡlib	𐑜𐑤𐑰𐑚	ɡliːb	high	
glissade	𐑜𐑤𐑦𐑕𐑱𐑛	ɡlɪˈseɪd	𐑜𐑤𐑦𐑕𐑭𐑛	ɡlɪˈsɑːd	high	
globule	𐑜𐑤𐑪𐑚𐑘𐑫𐑤	ˈɡlɒbjul	𐑜𐑤𐑪𐑚𐑿𐑤	ˈɡlɒbjuːl	high	
glockenspiel	𐑜𐑤𐑪𐑒𐑩𐑯𐑖𐑐𐑦𐑤	ˈɡlɒkənˌʃpil	𐑜𐑤𐑪𐑒𐑩𐑯𐑖𐑐𐑰𐑤	ˈɡlɒkənʃpiːl	high	
gloom	𐑜𐑤𐑫𐑥	ɡlum	𐑜𐑤𐑵𐑥	ɡluːm	high	
gloomier	𐑜𐑤𐑫𐑥𐑦𐑼	ˈɡlumiəR	𐑜𐑤𐑵𐑥𐑦𐑼	ˈɡluːmɪəR	high	
gloomy	𐑜𐑤𐑫𐑥𐑦	ˈɡlumi	𐑜𐑤𐑵𐑥𐑦	ˈɡluːmi	high	
gloria	𐑜𐑤𐑹𐑦𐑩	ˈɡlɔːRiə	𐑜𐑤𐑹𐑾	ˈɡlɔːrɪə	high	
gloria	𐑜𐑤𐑹𐑰𐑩	ɡlɔːriːə	𐑜𐑤𐑹𐑾	ˈɡlɔːrɪə	high	
glorious	𐑜𐑤𐑹𐑦𐑩𐑕	ɡlɔːriəs	𐑜𐑤𐑹𐑾𐑕	ˈɡlɔːrɪəs	high	
glory	𐑜𐑤𐑪𐑮𐑦	ˈɡlori	𐑜𐑤𐑹𐑦	ˈɡlɔːri	high	
gloss	𐑜𐑤𐑷𐑕	ɡlɔːs	𐑜𐑤𐑪𐑕	ɡlɒs	high	
glossy	𐑜𐑤𐑷𐑕𐑦	ˈɡlɔːsi	𐑜𐑤𐑪𐑕𐑦	ˈɡlɒsi	high	
gloucester	𐑜𐑤𐑷𐑕𐑑𐑼	ˈɡlɔːstəR	𐑜𐑤𐑪𐑕𐑑𐑼	ˈɡlɒstəR	high	
gloucestershire	𐑜𐑤𐑪𐑕𐑑𐑩𐑖𐑽	ɡlɒstəʃɪəR	𐑜𐑤𐑪𐑕𐑑𐑩𐑖𐑼	ˈɡlɒstəRʃəR	medium	r_gap:spelling=2,ipa=1; shave_says:·𐑜𐑤𐑪𐑕𐑑𐑼𐑖𐑼
gloucestershire	𐑜𐑤𐑪𐑕𐑑𐑼𐑖𐑲𐑮	ˈɡlɒstəRʃaɪr	𐑜𐑤𐑪𐑕𐑑𐑩𐑖𐑼	ˈɡlɒstəRʃəR	high	
gloucestershire	𐑜𐑤𐑷𐑕𐑑𐑩𐑖𐑼	ɡlɔstəʃəR	𐑜𐑤𐑪𐑕𐑑𐑩𐑖𐑼	ˈɡlɒstəRʃəR	medium	r_gap:spelling=2,ipa=1; shave_says:·𐑜𐑤𐑪𐑕𐑑𐑼𐑖𐑼
glower	𐑜𐑤𐑴𐑼	ɡləʊər	𐑜𐑤𐑬𐑼	ˈɡlaʊəR	high	
glucose	𐑜𐑤𐑫𐑒𐑴𐑕	ˈɡlukoʊs	𐑜𐑤𐑵𐑒𐑴𐑕	ˈɡluːkəʊs	high	
glucose	𐑜𐑤𐑫𐑒𐑴𐑟	ˈɡlukoʊz	𐑜𐑤𐑵𐑒𐑴𐑕	ˈɡluːkəʊs	high	
glucose	𐑜𐑤𐑵𐑒𐑴𐑟	ˈɡluːkəʊz	𐑜𐑤𐑵𐑒𐑴𐑕	ˈɡluːkəʊs	high	
gnawing	𐑯𐑶𐑙	ˈnɔɪŋ	𐑯𐑷𐑦𐑙	ˈnɔːɪŋ	high	
gnome	𐑜𐑩𐑯𐑴𐑥	ɡəˈnəʊm	𐑯𐑴𐑥	nəʊm	high	
gnome	𐑯𐑷𐑫𐑥	ˈnɔʊm	𐑯𐑴𐑥	nəʊm	high	
gnu	𐑜𐑩𐑯𐑵	ɡəˈnuː	𐑯𐑵	nuː	high	
gnu	𐑜𐑩𐑯𐑿	ɡəˈnjuː	𐑯𐑵	nuː	high	
gnu	𐑯𐑿	njuː	𐑯𐑵	nuː	high	
go-cart	𐑜𐑴𐑒𐑸𐑑	ˈɡoʊˌkɑːRt	𐑜𐑴-𐑒𐑸𐑑	ˈɡəʊ-kɑːRt	high	
goal	𐑜𐑪𐑤	ɡol	𐑜𐑴𐑤	ɡəʊl	high	
goalkeeper	𐑜𐑷𐑤𐑒𐑰𐑐𐑼	ˈɡɔːlkiːpəR	𐑜𐑴𐑤𐑒𐑰𐑐𐑼	ˈɡəʊlkiːpəR	high	
goalpost	𐑜𐑷𐑫𐑤-	ˈɡɔʊl-	𐑜𐑴𐑤𐑐𐑴𐑕𐑑	ˈɡəʊlpəʊst	high	
goals	𐑜𐑷𐑫𐑤𐑟	ɡɔʊlz	𐑜𐑴𐑤𐑟	ɡəʊlz	high	
goat	𐑜𐑩𐑢𐑑	ɡəwt	𐑜𐑴𐑑	ɡəʊt	high	
god	𐑜𐑷𐑛	ɡɔːd	𐑜𐑪𐑛	ɡɒd	high	
goddess	-𐑦𐑕	-ɪs	𐑜𐑪𐑛𐑧𐑕	ˈɡɒdes	high	
goddess	-𐑧𐑕	-es	𐑜𐑪𐑛𐑧𐑕	ˈɡɒdes	high	
goddess	𐑜𐑪𐑛𐑩𐑕	ˈɡɒdəs	𐑜𐑪𐑛𐑧𐑕	ˈɡɒdes	high	
godfather	𐑜𐑪𐑛𐑓𐑪𐑞𐑼	ˈɡɒdfɒðəR	𐑜𐑪𐑛𐑓𐑭𐑞𐑼	ˈɡɒdfɑːðəR	high	
godfathers	𐑜𐑪𐑛𐑓𐑪𐑞𐑼𐑟	ˈɡɒdfɒðəRz	𐑜𐑪𐑛𐑓𐑭𐑞𐑼𐑟	ˈɡɒdfɑːðəRz	high	
godmanchester	𐑜𐑳𐑥𐑕𐑑𐑼	ɡʌmstəR	𐑜𐑪𐑛𐑥𐑩𐑯𐑗𐑧𐑕𐑑𐑼	ˈɡɒdmənˌtʃestəR	high	
godspeed	𐑜𐑪𐑛𐑕𐑐𐑦𐑛	ˌɡɒdˈspid	𐑜𐑪𐑛𐑕𐑐𐑰𐑛	ɡɒdˈspiːd	high	
going	𐑜𐑶𐑙	ˈɡɔɪŋ	𐑜𐑴𐑦𐑙	ˈɡəʊɪŋ	high	
gold	𐑜𐑷𐑫𐑤𐑛	ɡɔʊld	𐑜𐑴𐑤𐑛	ɡəʊld	high	
goldberg	𐑜𐑴𐑤𐑛𐑚𐑼𐑜	ˈɡoʊldbəRɡ	𐑜𐑴𐑤𐑛𐑚𐑻𐑜	ˈɡəʊldbɜːRg	high	
golden	𐑜𐑩𐑤𐑛𐑩𐑯	ˈɡəldən	𐑜𐑴𐑤𐑛𐑩𐑯	ˈɡəʊldən	high	
golf	𐑜𐑪𐑓	ɡɒf	𐑜𐑪𐑤𐑓	ɡɒlf	high	
golf	𐑜𐑷𐑤𐑓	ɡɔːlf	𐑜𐑪𐑤𐑓	ɡɒlf	high	
gondolier	𐑜𐑪𐑯𐑛𐑩𐑤𐑦𐑮	ˌɡɒndəˈlɪr	𐑜𐑪𐑯𐑛𐑩𐑤𐑽	ˌɡɒndəˈlɪəR	high	
gone	𐑜𐑷𐑯	ɡɔːn	𐑜𐑪𐑯	ɡɒn	high	
goner	𐑜𐑷𐑯𐑼	ˈɡɔːnəR	𐑜𐑪𐑯𐑼	ˈɡɒnəR	high	
gong	𐑜𐑷𐑙	ɡɔːŋ	𐑜𐑪𐑙	ɡɒŋ	high	
gonna	𐑜𐑩𐑯𐑩	ɡənə	𐑜𐑪𐑯𐑩	ˈɡɒnə	high	
gonna	𐑜𐑳𐑯𐑩	ˈɡʌnə	𐑜𐑪𐑯𐑩	ˈɡɒnə	high	
gonna	𐑜𐑷𐑯𐑩	ˈɡɔːnə	𐑜𐑪𐑯𐑩	ˈɡɒnə	high	
gonorrhea	𐑜𐑪𐑯𐑼𐑦𐑩	ˌɡɒnəˈriə	𐑜𐑪𐑯𐑼𐑾	ˌɡɒnəˈrɪə	medium	r_gap:spelling=2,ipa=1
gonorrhea	𐑜𐑪𐑯𐑼𐑰𐑩	ɡɒnəriːə	𐑜𐑪𐑯𐑼𐑾	ˌɡɒnəˈrɪə	low	ml_disagrees:𐑜𐑪𐑯𐑼𐑦ː𐑩; r_gap:spelling=2,ipa=1; shave_says:𐑜𐑪𐑯𐑼𐑾
goodbye	𐑜𐑩𐑚𐑲	ɡəˈbaɪ	𐑜𐑫𐑛𐑚𐑲	ˌɡʊdˈbaɪ	high	
goodbye	𐑜𐑩𐑛𐑚𐑲	ɡədˈbaɪ	𐑜𐑫𐑛𐑚𐑲	ˌɡʊdˈbaɪ	high	
gooey	𐑜𐑫𐑦	ˈɡui	𐑜𐑵𐑦	ˈɡuːi	high	
googly	𐑜𐑫𐑜𐑤𐑦	ˈɡuɡli	𐑜𐑵𐑜𐑤𐑦	ˈɡuːɡli	high	
goon	𐑜𐑴𐑪𐑯	ˈɡəʊˌɒn	𐑜𐑵𐑯	ɡuːn	high	
goose	𐑜𐑫𐑕	ɡus	𐑜𐑵𐑕	ɡuːs	high	
gooseberry	𐑜𐑫𐑕𐑚𐑧𐑮𐑦	ˈɡusˌberi	𐑜𐑫𐑟𐑚𐑼𐑦	ˈɡʊzbəri	medium	r_gap:spelling=2,ipa=1
gooseberry	𐑜𐑵𐑕𐑚𐑼𐑦	ɡuːsbəri	𐑜𐑫𐑟𐑚𐑼𐑦	ˈɡʊzbəri	medium	r_gap:spelling=2,ipa=1; shave_says:𐑜𐑫𐑟𐑚𐑼𐑦
gop	𐑜𐑪𐑐	ɡɒp	⸰⁠𐑜𐑴𐑐	ˌdʒiːəʊˈpiː	high	
gop	𐑡𐑦 𐑴 𐑐𐑦	ˌdʒi oʊ ˈpi	⸰⁠𐑜𐑴𐑐	ˌdʒiːəʊˈpiː	high	
gore	𐑜𐑪𐑮	ɡor	𐑜𐑹	ɡɔːR	high	
gorilla	𐑜𐑪𐑮𐑦𐑤𐑩	ɡɒrɪlə	𐑜𐑼𐑦𐑤𐑩	ɡəˈrɪlə	high	
gosh	𐑜𐑭𐑖	ɡɑːʃ	𐑜𐑪𐑖	ɡɒʃ	high	
gossip	𐑜𐑪𐑕𐑩𐑐	ˈɡɒsəp	𐑜𐑪𐑕𐑦𐑐	ˈɡɒsɪp	high	
got	𐑜𐑷𐑑	ɡɔt	𐑜𐑪𐑑	ɡɒt	high	
goulash	𐑜𐑵𐑤𐑭𐑖	ˈɡuːlɑːʃ	𐑜𐑵𐑤𐑨𐑖	ˈɡuːlæʃ	high	
gourd	𐑜𐑹𐑛	ɡɔːRd	𐑜𐑫𐑼𐑛	ɡʊəRd	high	
gourmand	𐑜𐑫𐑮𐑥𐑪𐑯𐑛	ˈɡʊrmɒnd	𐑜𐑫𐑼𐑥𐑭𐑯𐑛	ˈɡʊəRmɑːnd	high	
gourmand	𐑜𐑫𐑼𐑥𐑩𐑯𐑛	ɡʊəRmənd	𐑜𐑫𐑼𐑥𐑭𐑯𐑛	ˈɡʊəRmɑːnd	high	
gourmand	𐑜𐑹𐑥𐑪𐑯𐑛	ɡɔːRˈmɒnd	𐑜𐑫𐑼𐑥𐑭𐑯𐑛	ˈɡʊəRmɑːnd	high	
gourmet	𐑜𐑫𐑮𐑥𐑱	ɡʊrˈmeɪ	𐑜𐑫𐑼𐑥𐑱	ˈɡʊəRmeɪ	high	
gourmet	𐑜𐑹𐑥𐑱	ɡɔːRmeɪ	𐑜𐑫𐑼𐑥𐑱	ˈɡʊəRmeɪ	high	
governance	𐑜𐑳𐑝𐑩𐑯𐑩𐑯𐑕	ɡʌvənəns	𐑜𐑳𐑝𐑼𐑯𐑩𐑯𐑕	ˈɡʌvəRnəns	medium	r_gap:spelling=1,ipa=0; shave_says:𐑜𐑳𐑝𐑼𐑯𐑩𐑯𐑕
governess	𐑜𐑳𐑝𐑩𐑯𐑧𐑕	ɡʌvənes	𐑜𐑳𐑝𐑼𐑯𐑧𐑕	ˈɡʌvəRnes	medium	r_gap:spelling=1,ipa=0; shave_says:𐑜𐑳𐑝𐑼𐑯𐑩𐑕
governess	𐑜𐑳𐑝𐑩𐑯𐑩𐑕	ɡʌvənəs	𐑜𐑳𐑝𐑼𐑯𐑧𐑕	ˈɡʌvəRnes	medium	r_gap:spelling=1,ipa=0; shave_says:𐑜𐑳𐑝𐑼𐑯𐑩𐑕
governess	𐑜𐑳𐑝𐑼𐑯𐑩𐑕	ˈɡʌvəRnəs	𐑜𐑳𐑝𐑼𐑯𐑧𐑕	ˈɡʌvəRnes	high	
governing	𐑜𐑳𐑝𐑩𐑯𐑦𐑙	ɡʌvənɪŋ	𐑜𐑳𐑝𐑼𐑯𐑦𐑙	ˈɡʌvəRnɪŋ	medium	r_gap:spelling=1,ipa=0; shave_says:𐑜𐑳𐑝𐑼𐑯𐑦𐑙
government	𐑜𐑳𐑝𐑥𐑩𐑯𐑑	ɡʌvmənt	𐑜𐑳𐑝𐑼𐑯𐑥𐑩𐑯𐑑	ˈɡʌvəRnmənt	medium	r_gap:spelling=1,ipa=0; shave_says:𐑜𐑳𐑝𐑼𐑯𐑥𐑩𐑯𐑑
government	𐑜𐑳𐑝𐑩𐑥𐑩𐑯𐑑	ɡʌvəmənt	𐑜𐑳𐑝𐑼𐑯𐑥𐑩𐑯𐑑	ˈɡʌvəRnmənt	medium	r_gap:spelling=1,ipa=0; shave_says:𐑜𐑳𐑝𐑼𐑯𐑥𐑩𐑯𐑑
government	𐑜𐑳𐑝𐑩𐑯𐑥𐑩𐑯𐑑	ɡʌvənmənt	𐑜𐑳𐑝𐑼𐑯𐑥𐑩𐑯𐑑	ˈɡʌvəRnmənt	medium	r_gap:spelling=1,ipa=0; shave_says:𐑜𐑳𐑝𐑼𐑯𐑥𐑩𐑯𐑑
governmental	𐑜𐑳𐑝𐑩𐑯𐑥𐑧𐑯𐑑𐑩𐑤	ɡʌvənmentəl	𐑜𐑳𐑝𐑼𐑯𐑥𐑧𐑯𐑑𐑩𐑤	ˌɡʌvəRnˈmentəl	medium	r_gap:spelling=1,ipa=0; shave_says:𐑜𐑳𐑝𐑼𐑯𐑥𐑧𐑯𐑑𐑩𐑤
governments	𐑜𐑳𐑝𐑩𐑯𐑥𐑩𐑯𐑑𐑕	ɡʌvənmənts	𐑜𐑳𐑝𐑼𐑯𐑥𐑩𐑯𐑑𐑕	ˈɡʌvəRnmənts	medium	r_gap:spelling=1,ipa=0; shave_says:𐑜𐑳𐑝𐑼𐑯𐑥𐑩𐑯𐑑𐑕
gradation	𐑜𐑮𐑱𐑛𐑱𐑖𐑩𐑯	ˌɡreɪˈdeɪʃən	𐑜𐑮𐑩𐑛𐑱𐑖𐑩𐑯	ɡrəˈdeɪʃən	high	
grade	𐑜𐑮𐑧𐑘𐑛	ɡrejd	𐑜𐑮𐑱𐑛	ɡreɪd	high	
gradual	𐑜𐑮𐑨𐑡𐑩𐑤	ˈɡrædʒəl	𐑜𐑮𐑨𐑡𐑫𐑩𐑤	ˈɡrædʒuəl	high	
graduate	𐑜𐑮𐑨𐑛𐑘𐑫𐑱𐑑	ɡrædjueɪt	𐑜𐑮𐑨𐑡𐑫𐑩𐑑, 𐑜𐑮𐑨𐑡𐑫𐑱𐑑	ˈɡrædʒuət	high	
graduate	𐑜𐑮𐑨𐑡𐑫𐑦𐑑	ˈɡrædʒuɪt	𐑜𐑮𐑨𐑡𐑫𐑩𐑑, 𐑜𐑮𐑨𐑡𐑫𐑱𐑑	ˈɡrædʒuət	high	
graduation	𐑜𐑮𐑨𐑛𐑘𐑫𐑱𐑖𐑩𐑯	ɡrædjueɪʃən	𐑜𐑮𐑨𐑡𐑫𐑱𐑖𐑩𐑯	ˌɡrædʒuˈeɪʃən	high	
graffiti	𐑜𐑮𐑩𐑓𐑦𐑑𐑦	ɡrəˈfiti	𐑜𐑮𐑩𐑓𐑰𐑑𐑦	ɡrəˈfiːti	high	
graffito	𐑜𐑮𐑩𐑓𐑦𐑑𐑴	ɡrəˈfitoʊ	𐑜𐑮𐑩𐑓𐑰𐑑𐑴	ɡrəˈfiːtəʊ	high	
grammar	𐑜𐑮𐑺𐑥𐑼	ˈɡreəməR	𐑜𐑮𐑨𐑥𐑼	ˈɡræməR	high	
granary	𐑜𐑮𐑱𐑯𐑼𐑦	ˈɡreɪnəri	𐑜𐑮𐑨𐑯𐑼𐑦	ˈɡrænəri	high	
grand prix	𐑜𐑮𐑨𐑯𐑛𐑐𐑮𐑰	ɡrændˈpriː	𐑜𐑮𐑭𐑯 𐑐𐑮𐑰	ˌɡrɑːn ˈpriː	high	
grand prix	𐑜𐑮𐑪𐑯 𐑐𐑮𐑰	ɡrɒn ˈpriː	𐑜𐑮𐑭𐑯 𐑐𐑮𐑰	ˌɡrɑːn ˈpriː	high	
grandeur	𐑜𐑮𐑨𐑯𐑛𐑘𐑩𐑼	ɡrændjəəR	𐑜𐑮𐑨𐑯𐑡𐑼	ˈɡrændʒəR	medium	ml_disagrees:𐑜𐑮𐑨𐑯𐑛𐑘𐑫𐑼; shave_says:𐑜𐑮𐑨𐑯𐑡𐑼
grandeur	𐑜𐑮𐑨𐑯𐑛𐑘𐑻	ɡrændjɜːR	𐑜𐑮𐑨𐑯𐑡𐑼	ˈɡrændʒəR	high	
grandeur	𐑜𐑮𐑨𐑯𐑛𐑘𐑼	ˈɡrændjəR	𐑜𐑮𐑨𐑯𐑡𐑼	ˈɡrændʒəR	high	
grandeur	𐑜𐑮𐑨𐑯𐑡𐑫𐑼	ˈɡrændʒʊəR	𐑜𐑮𐑨𐑯𐑡𐑼	ˈɡrændʒəR	high	
grandeur	𐑜𐑮𐑨𐑯𐑡𐑷	ɡrandʒɔː	𐑜𐑮𐑨𐑯𐑡𐑼	ˈɡrændʒəR	medium	r_gap:spelling=2,ipa=1; shave_says:𐑜𐑮𐑨𐑯𐑡𐑼
grandeur	𐑜𐑮𐑨𐑯𐑡𐑻	ɡrandʒɜːR	𐑜𐑮𐑨𐑯𐑡𐑼	ˈɡrændʒəR	high	
grandfather	𐑜𐑮𐑨𐑯𐑛𐑓𐑪𐑞𐑼	ˈɡrændˌfɒðəR	𐑜𐑮𐑨𐑯𐑛𐑓𐑭𐑞𐑼	ˈɡrændfɑːðəR	high	
grandmother	𐑜𐑮𐑨𐑯𐑥𐑳𐑞𐑼	ɡrænmʌðəR	𐑜𐑮𐑨𐑯𐑛𐑥𐑳𐑞𐑼	ˈɡrændmʌðəR	high	
grandparent	𐑜𐑮𐑨𐑯𐑛𐑐𐑨𐑮𐑩𐑯𐑑	ˈɡrændpærənt	𐑜𐑮𐑨𐑯𐑛𐑐𐑺𐑩𐑯𐑑	ˈɡrændpeərənt	high	
granularity	𐑜𐑮𐑨𐑯𐑘𐑩𐑤𐑨𐑮𐑩𐑑𐑦	ɡrænjəlærəti	𐑜𐑮𐑨𐑯𐑘𐑩𐑤𐑨𐑮𐑦𐑑𐑦	ˌɡrænjəˈlærɪti	high	
granularity	𐑜𐑮𐑨𐑯𐑘𐑩𐑤𐑻𐑩𐑑𐑦	ˌɡrænjəˈlɜːRəti	𐑜𐑮𐑨𐑯𐑘𐑩𐑤𐑨𐑮𐑦𐑑𐑦	ˌɡrænjəˈlærɪti	high	
granulate	𐑜𐑮𐑨𐑯𐑘𐑩𐑤𐑩𐑑	ˈɡrænjələt	𐑜𐑮𐑨𐑯𐑘𐑩𐑤𐑱𐑑	ˈɡrænjəleɪt	high	
granulate	𐑜𐑮𐑨𐑯𐑘𐑫𐑤𐑩𐑑	ˈɡrænjulət	𐑜𐑮𐑨𐑯𐑘𐑩𐑤𐑱𐑑	ˈɡrænjəleɪt	high	
granulate	𐑜𐑮𐑨𐑯𐑘𐑫𐑤𐑱𐑑	ˈɡrænjuleɪt	𐑜𐑮𐑨𐑯𐑘𐑩𐑤𐑱𐑑	ˈɡrænjəleɪt	high	
granulate	𐑜𐑮𐑨𐑯𐑿𐑤𐑩𐑑	ɡrænjuːlət	𐑜𐑮𐑨𐑯𐑘𐑩𐑤𐑱𐑑	ˈɡrænjəleɪt	high	
granulate	𐑜𐑮𐑨𐑯𐑿𐑤𐑱𐑑	ɡrænjuːleɪt	𐑜𐑮𐑨𐑯𐑘𐑩𐑤𐑱𐑑	ˈɡrænjəleɪt	high	
granule	𐑜𐑮𐑨𐑯𐑘𐑩𐑤	ˈɡrænjəl	𐑜𐑮𐑨𐑯𐑿𐑤	ˈɡrænjuːl	high	
granule	𐑜𐑮𐑨𐑯𐑘𐑫𐑤	ˈɡrænjul	𐑜𐑮𐑨𐑯𐑿𐑤	ˈɡrænjuːl	high	
grapefruit	𐑜𐑮𐑱𐑐𐑓𐑮𐑫𐑑	ˈɡreɪpfrut	𐑜𐑮𐑱𐑐𐑓𐑮𐑵𐑑	ˈɡreɪpfruːt	high	
graph	𐑜𐑮𐑭𐑓	ɡrɑːf	𐑜𐑮𐑨𐑓	ɡræf	high	ml_disagrees:𐑜𐑮ɑ𐑨𐑓; shave_agrees
grappling	𐑜𐑮𐑨𐑐𐑩𐑤𐑦𐑙	ˈɡræpəlɪŋ	𐑜𐑮𐑨𐑐𐑤𐑦𐑙	ˈɡræplɪŋ	high	
grateful	𐑜𐑮𐑱𐑑𐑓𐑫𐑤	ɡreɪtfʊl	𐑜𐑮𐑱𐑑𐑓𐑩𐑤	ˈɡreɪtfəl	high	
gratuitous	𐑜𐑮𐑩𐑑𐑫𐑦𐑑𐑩𐑕	ɡrəˈtuɪtəs	𐑜𐑮𐑩𐑑𐑵𐑦𐑑𐑩𐑕, 𐑜𐑮𐑩𐑑𐑿𐑦𐑑𐑩𐑕	ɡrəˈtjuːɪtəs	high	
gratuitously	𐑜𐑮𐑩𐑑𐑘𐑫𐑩𐑑𐑩𐑕𐑤𐑦	ɡrəˈtjuətəsli	𐑜𐑮𐑩𐑑𐑵𐑦𐑑𐑩𐑕𐑤𐑦, 𐑜𐑮𐑩𐑑𐑿𐑦𐑑𐑩𐑕𐑤𐑦	ɡrəˈtjuːɪtəsli	high	
gratuitously	𐑜𐑮𐑩𐑑𐑫𐑩𐑑𐑩𐑕𐑤𐑦	ɡrəˈtuətəsli	𐑜𐑮𐑩𐑑𐑵𐑦𐑑𐑩𐑕𐑤𐑦, 𐑜𐑮𐑩𐑑𐑿𐑦𐑑𐑩𐑕𐑤𐑦	ɡrəˈtjuːɪtəsli	high	
gratuitously	𐑜𐑮𐑩𐑗𐑵𐑦𐑑𐑩𐑕𐑤𐑦	ɡrətʃuːɪtəsli	𐑜𐑮𐑩𐑑𐑵𐑦𐑑𐑩𐑕𐑤𐑦, 𐑜𐑮𐑩𐑑𐑿𐑦𐑑𐑩𐑕𐑤𐑦	ɡrəˈtjuːɪtəsli	high	
gratuity	𐑜𐑮𐑩𐑑𐑵𐑩𐑑𐑦	ɡrəˈtuːətɪ	𐑜𐑮𐑩𐑑𐑵𐑦𐑑𐑦, 𐑜𐑮𐑩𐑑𐑿𐑦𐑑𐑦	ɡrəˈtjuːɪti	high	
gratuity	𐑜𐑮𐑩𐑑𐑿𐑩𐑑𐑦	ɡrətjuːətɪ	𐑜𐑮𐑩𐑑𐑵𐑦𐑑𐑦, 𐑜𐑮𐑩𐑑𐑿𐑦𐑑𐑦	ɡrəˈtjuːɪti	high	
gratulation	𐑜𐑮𐑨𐑑𐑘𐑩𐑤𐑱𐑖𐑩𐑯	ɡrætjəleɪʃən	𐑜𐑮𐑨𐑗𐑩𐑤𐑱𐑖𐑩𐑯	ˈɡrætʃəleɪʃən	high	
gravitas	𐑜𐑮𐑨𐑝𐑦𐑑𐑪𐑕	ˈɡrævɪtɒs	𐑜𐑮𐑨𐑝𐑦𐑑𐑨𐑕	ˈɡrævɪtæs	high	
gravitas	𐑜𐑮𐑨𐑝𐑦𐑑𐑭𐑕	ɡrævɪtɑːs	𐑜𐑮𐑨𐑝𐑦𐑑𐑨𐑕	ˈɡrævɪtæs	high	
gravitas	𐑜𐑮𐑪𐑝𐑦𐑑𐑪𐑕	ˈɡrɒvɪtɒs	𐑜𐑮𐑨𐑝𐑦𐑑𐑨𐑕	ˈɡrævɪtæs	high	
gravitation	𐑜𐑮𐑨𐑝𐑑𐑱𐑖𐑩𐑯	ˌɡrævˈteɪʃən	𐑜𐑮𐑨𐑝𐑦𐑑𐑱𐑖𐑩𐑯	ˌɡrævɪˈteɪʃən	high	
gravity	-𐑑𐑦	-ti	𐑜𐑮𐑨𐑝𐑦𐑑𐑦	ˈɡrævɪti	medium	r_gap:spelling=1,ipa=0
gravity	𐑜𐑮𐑨𐑝𐑩𐑑𐑦	ˈɡrævəti	𐑜𐑮𐑨𐑝𐑦𐑑𐑦	ˈɡrævɪti	high	
grayest	𐑜𐑮𐑱𐑦𐑕𐑑	ˈɡreɪɪst	𐑜𐑮𐑱𐑩𐑕𐑑	ˈɡreɪəst	high	
grease	𐑜𐑮𐑦𐑕	ɡris	𐑜𐑮𐑰𐑕	ɡriːs	high	
grease	𐑜𐑮𐑦𐑟	ɡriz	𐑜𐑮𐑰𐑕	ɡriːs	high	
greasy	𐑜𐑮𐑦𐑕𐑦	ˈɡrisi	𐑜𐑮𐑰𐑕𐑦	ˈɡriːsi	high	
greasy	𐑜𐑮𐑦𐑟𐑦	ˈɡrizi	𐑜𐑮𐑰𐑕𐑦	ˈɡriːsi	high	
green	𐑜𐑮𐑦𐑯	ɡrin	𐑜𐑮𐑰𐑯	ɡriːn	high	
greengrocer	𐑜𐑮𐑦𐑯𐑜𐑮𐑴𐑕𐑼	ɡrinɡrəʊsər	𐑜𐑮𐑰𐑯𐑜𐑮𐑴𐑕𐑼	ˈɡriːnɡrəʊsəR	high	
greenhorn	𐑜𐑮𐑦𐑯𐑣𐑪𐑮𐑯	ˈɡrinˌhorn	𐑜𐑮𐑰𐑯𐑣𐑹𐑯	ˈɡriːnhɔːRn	high	
greenwich	𐑜𐑮𐑦𐑯𐑢𐑦𐑗	ˈɡrinwɪtʃ	𐑜𐑮𐑧𐑯𐑦𐑗	ˈɡrenɪtʃ	high	
greenwood	𐑜𐑮𐑦𐑯𐑢𐑫𐑛	ˈɡrinwʊd	𐑜𐑮𐑰𐑯𐑢𐑫𐑛	ˈɡriːnwʊd	high	
gregarious	𐑜𐑮𐑦𐑜𐑺𐑦𐑩𐑕	ɡrɪˈɡeəRiəs	𐑜𐑮𐑦𐑜𐑺𐑾𐑕	ɡrɪˈɡeərɪəs	high	
gremlin	𐑜𐑮𐑧𐑥𐑤𐑩𐑯	ˈɡremlən	𐑜𐑮𐑧𐑥𐑤𐑦𐑯	ˈɡremlɪn	high	
grice	𐑜𐑮𐑳𐑦𐑕	ɡrʌɪs	𐑜𐑮𐑲𐑕	ɡraɪs	high	
gridiron	𐑜𐑮𐑦𐑛𐑲𐑩𐑯	ɡrɪdaɪən	𐑜𐑮𐑦𐑛𐑲𐑼𐑯	ˈɡrɪdaɪəRn	medium	r_gap:spelling=2,ipa=1; shave_says:𐑜𐑮𐑦𐑛𐑲𐑼𐑯
grimace	𐑜𐑮𐑦𐑥𐑱𐑕	ɡrɪmeɪs	𐑜𐑮𐑦𐑥𐑩𐑕	ɡrɪˈməs	high	
groceries	𐑜𐑮𐑴𐑕𐑼𐑩𐑟	ɡrəʊsərƏz	𐑜𐑮𐑴𐑕𐑼𐑦𐑟	ˈɡrəʊsəriz	high	
grocery	𐑜𐑮𐑴𐑖𐑮𐑦	ˈɡroʊʃri	𐑜𐑮𐑴𐑕𐑼𐑦	ˈɡrəʊsəri	high	
groom	𐑜𐑮𐑫𐑥	ɡrum	𐑜𐑮𐑵𐑥	ɡruːm	high	
groove	𐑜𐑮𐑫𐑝	ɡruv	𐑜𐑮𐑵𐑝	ɡruːv	high	
groundhog	-𐑣𐑪𐑜	-ˌhɒɡ	𐑜𐑮𐑬𐑯𐑛𐑣𐑪𐑜	ˈɡraʊndhɒɡ	medium	r_gap:spelling=1,ipa=0
groundhog	𐑜𐑮𐑬𐑯𐑛𐑣𐑷𐑜	ˈɡraʊndˌhɔːɡ	𐑜𐑮𐑬𐑯𐑛𐑣𐑪𐑜	ˈɡraʊndhɒɡ	high	
group	𐑜𐑮𐑫𐑐	ɡrup	𐑜𐑮𐑵𐑐	ɡruːp	high	
grueling	𐑜𐑮𐑫𐑤𐑦𐑙	ˈɡrulɪŋ	𐑜𐑮𐑵𐑩𐑤𐑦𐑙	ˈɡruːəlɪŋ	high	
grueling	𐑜𐑮𐑵𐑤𐑦𐑙	ɡruːlɪŋ	𐑜𐑮𐑵𐑩𐑤𐑦𐑙	ˈɡruːəlɪŋ	high	
gruelling	𐑜𐑮𐑫𐑤𐑦𐑙	ˈɡrulɪŋ	𐑜𐑮𐑵𐑩𐑤𐑦𐑙	ˈɡruːəlɪŋ	high	
gruelling	𐑜𐑮𐑫𐑩𐑤𐑦𐑙	ˈɡruəlɪŋ	𐑜𐑮𐑵𐑩𐑤𐑦𐑙	ˈɡruːəlɪŋ	high	
gruelling	𐑜𐑮𐑫𐑼𐑤𐑦𐑙	ɡrʊəRlɪŋ	𐑜𐑮𐑵𐑩𐑤𐑦𐑙	ˈɡruːəlɪŋ	high	
gruesome	𐑜𐑮𐑫𐑕𐑩𐑥	ˈɡrusəm	𐑜𐑮𐑵𐑕𐑩𐑥	ˈɡruːsəm	high	
guadalajara	𐑜𐑢𐑪𐑛𐑩𐑤𐑩𐑣𐑸𐑩	ˌɡwɒdələˈhɑːRə	𐑜𐑢𐑭𐑛𐑩𐑤𐑩𐑣𐑸𐑩	ˌɡwɑːdələˈhɑːrə	high	
guadalajara	𐑜𐑢𐑸𐑛𐑩𐑤𐑩𐑣𐑸𐑩	ɡwɑːRdələhɑːrə	𐑜𐑢𐑭𐑛𐑩𐑤𐑩𐑣𐑸𐑩	ˌɡwɑːdələˈhɑːrə	high	
guarantor	𐑜𐑨𐑮𐑩𐑯𐑑𐑼	ɡærəntər	𐑜𐑨𐑮𐑩𐑯𐑑𐑹	ˌɡærənˈtɔːR	high	
guardian	𐑜𐑸𐑛𐑦𐑩𐑯	ˈɡɑːRdiən	𐑜𐑸𐑛𐑾𐑯	ˈɡɑːRdɪən	high	
guardian	𐑜𐑸𐑛𐑦𐑯	ˈɡɑːRdin	𐑜𐑸𐑛𐑾𐑯	ˈɡɑːRdɪən	high	
guardroom	𐑜𐑸𐑛𐑮𐑫𐑥	ˈɡɑːRdˌrum	𐑜𐑸𐑛𐑮𐑵𐑥	ˈɡɑːRdruːm	high	
gubernatorial	𐑜𐑘𐑫𐑚𐑼𐑯𐑩𐑑𐑹𐑦𐑩𐑤	ˌɡjubərnəˈtɔːRiəl	𐑜𐑵𐑚𐑼𐑯𐑩𐑑𐑹𐑾𐑤	ˌɡuːbəRnəˈtɔːriəl	high	
gubernatorial	𐑜𐑿𐑚𐑩𐑯𐑩𐑑𐑹𐑦𐑩𐑤	ɡjuːbənətɔːriəl	𐑜𐑵𐑚𐑼𐑯𐑩𐑑𐑹𐑾𐑤	ˌɡuːbəRnəˈtɔːriəl	medium	r_gap:spelling=2,ipa=1; shave_says:𐑜𐑵𐑚𐑼𐑯𐑩𐑑𐑹𐑾𐑤
gudgeon	𐑜𐑳𐑘𐑩𐑯	ˈɡʌjən	𐑜𐑳𐑡𐑩𐑯	ˈɡʌdʒən	high	
guerrilla	𐑜𐑱𐑮𐑦𐑩	ˌɡeɪˈriə	𐑜𐑼𐑦𐑤𐑩	ɡəˈrɪlə	medium	r_gap:spelling=2,ipa=1
guerrilla	𐑜𐑼𐑦𐑩	ɡəˈriə	𐑜𐑼𐑦𐑤𐑩	ɡəˈrɪlə	medium	r_gap:spelling=2,ipa=1
guesstimate	𐑜𐑧𐑕𐑑𐑩𐑥𐑩𐑑	ˈɡestəmət	𐑜𐑧𐑕𐑑𐑦𐑥𐑩𐑑	ˈɡestɪmət	high	
guesstimate	𐑜𐑧𐑕𐑑𐑩𐑥𐑱𐑑	ˈɡestəˌmeɪt	𐑜𐑧𐑕𐑑𐑦𐑥𐑩𐑑	ˈɡestɪmət	high	
guillemot	𐑜𐑦𐑤𐑩𐑥𐑪𐑑	ˈɡɪləmɒt	𐑜𐑦𐑤𐑦𐑥𐑪𐑑	ˈɡɪlɪmɒt	high	
guillotine	𐑜𐑦𐑘𐑩𐑑𐑦𐑯	ˈɡijəˌtin	𐑜𐑦𐑤𐑩𐑑𐑰𐑯	ˈɡɪlətiːn	high	
guillotine	𐑜𐑦𐑤𐑩𐑑𐑦𐑯	ˈɡɪləˌtin	𐑜𐑦𐑤𐑩𐑑𐑰𐑯	ˈɡɪlətiːn	high	
guillotine	𐑜𐑰𐑘𐑩𐑑𐑰𐑯	ˌɡiːjəˈtiːn	𐑜𐑦𐑤𐑩𐑑𐑰𐑯	ˈɡɪlətiːn	high	
gunfire	𐑜𐑳𐑯𐑓𐑳𐑽	ɡʌnfʌɪəR	𐑜𐑳𐑯𐑓𐑲𐑼	ˈɡʌnfaɪəR	high	
gunmetal	-𐑑𐑩𐑤	-təl	𐑜𐑳𐑯𐑥𐑧𐑑𐑩𐑤	ˈɡʌnmetəl	high	
guru	𐑜𐑫𐑮𐑫	ˈɡʊrˌu	𐑜𐑵𐑮𐑵	ˈɡuːruː	high	
guru	𐑜𐑫𐑮𐑵	ɡʊruː	𐑜𐑵𐑮𐑵	ˈɡuːruː	high	
guru	𐑜𐑼𐑫	ɡəˈru	𐑜𐑵𐑮𐑵	ˈɡuːruː	high	
gurus	𐑜𐑫𐑮𐑫𐑟	ˈɡʊruz	𐑜𐑵𐑮𐑵𐑟	ˈɡuːruːz	high	
gurus	𐑜𐑫𐑮𐑵𐑟	ɡʊruːz	𐑜𐑵𐑮𐑵𐑟	ˈɡuːruːz	high	
gustatory	𐑜𐑳𐑕𐑑𐑩𐑑𐑮𐑦	ɡʌstətri	𐑜𐑳𐑕𐑑𐑩𐑑𐑼𐑦	ˈɡʌstətəri	high	
gustatory	𐑜𐑳𐑕𐑑𐑩𐑑𐑹𐑦	ˈɡʌstəˌtɔːRi	𐑜𐑳𐑕𐑑𐑩𐑑𐑼𐑦	ˈɡʌstətəri	high	
gutenberg	𐑜𐑫𐑑𐑩𐑯-	ɡʊtən-	𐑜𐑵𐑑𐑩𐑯𐑚𐑻𐑜	ˈɡuːtənbɜːRɡ	medium	r_gap:spelling=1,ipa=0; shave_says:𐑜𐑵𐑑𐑩𐑯𐑚𐑼𐑜
gutenberg	𐑜𐑫𐑑𐑩𐑯𐑚𐑻𐑜	ˈɡutənˌbɜːRɡ	𐑜𐑵𐑑𐑩𐑯𐑚𐑻𐑜	ˈɡuːtənbɜːRɡ	high	
gutta-percha	𐑜𐑳𐑑𐑩𐑐𐑻𐑗𐑩	ɡʌtəˈpɜːRtʃə	𐑜𐑳𐑑𐑩-𐑐𐑻𐑗𐑩	ˌɡʌtə-ˈpɜːRtʃə	high	
guttural	𐑜𐑳𐑑𐑼𐑤	ˈɡʌtəRl	𐑜𐑳𐑑𐑼𐑩𐑤	ˈɡʌtərəl	high	
gwersyllt	𐑜𐑢𐑺𐑕𐑦𐑤𐑑	ɡweərsɪlt	𐑜𐑢𐑻𐑕𐑦𐑤𐑑	ˈɡwɜːRsɪlt	high	
gymnasium	𐑡𐑦𐑥𐑯𐑱𐑟𐑦𐑩𐑥	dʒɪmˈneɪziəm	𐑡𐑦𐑥𐑯𐑱𐑟𐑾𐑥	dʒɪmˈneɪzɪəm	high	
gymnast	𐑡𐑦𐑥𐑯𐑩𐑕𐑑	ˈdʒɪmnəst	𐑡𐑦𐑥𐑯𐑨𐑕𐑑	ˈdʒɪmnæst	high	
gynaecologist	𐑜𐑲𐑯𐑩𐑒𐑭𐑤𐑩𐑡𐑦𐑕𐑑	ˌɡaɪnəˈkɑːlədʒɪst	𐑜𐑲𐑯𐑩𐑒𐑪𐑤𐑩𐑡𐑦𐑕𐑑	ˌɡaɪnəˈkɒlədʒɪst	high	
gyration	𐑡𐑲𐑼𐑱𐑖𐑩𐑯	dʒaɪəreɪʃən	𐑡𐑲𐑮𐑱𐑖𐑩𐑯	ˌdʒaɪˈreɪʃən	high	
ha'p'orth	𐑱𐑐𐑼𐑔	eɪpərθ	𐑣𐑱𐑐𐑼𐑔	ˈheɪpəRθ	high	
habeas corpus	𐑣𐑱𐑚𐑦𐑨𐑕 𐑒𐑹𐑐𐑩𐑕	ˌheɪbiæs ˈkɔːRpəs	𐑣𐑱𐑚𐑾𐑕 𐑒𐑹𐑐𐑩𐑕	ˌheɪbɪəs ˈkɔːRpəs	high	
habeas corpus	𐑣𐑱𐑚𐑦𐑩𐑕 𐑒𐑹𐑐𐑩𐑕	heɪbiəs kɔːRpəs	𐑣𐑱𐑚𐑾𐑕 𐑒𐑹𐑐𐑩𐑕	ˌheɪbɪəs ˈkɔːRpəs	high	
habitual	-𐑑𐑘𐑩-	-tjə-	𐑣𐑩𐑚𐑦𐑗𐑫𐑩𐑤	həˈbɪtʃuəl	high	
habitual	𐑣𐑩𐑚𐑦𐑗𐑢𐑩𐑤	həˈbɪtʃwəl	𐑣𐑩𐑚𐑦𐑗𐑫𐑩𐑤	həˈbɪtʃuəl	high	
habitual	𐑣𐑩𐑚𐑦𐑗𐑫𐑼𐑤	həˈbɪtʃʊəl	𐑣𐑩𐑚𐑦𐑗𐑫𐑩𐑤	həˈbɪtʃuəl	medium	ml_disagrees:𐑣𐑩𐑚𐑦𐑗𐑫𐑩𐑤; shave_says:𐑣𐑩𐑚𐑦𐑗𐑵𐑩𐑤
hacienda	𐑣𐑪𐑕𐑦𐑧𐑯𐑛𐑩	ˌhɒsiˈendə	𐑣𐑨𐑕𐑦𐑧𐑯𐑛𐑩	ˌhæsɪˈendə	high	
haemoglobin	𐑣𐑦𐑥𐑩𐑜𐑤𐑴𐑚𐑦𐑯	ˈhiməˌɡloʊbɪn	𐑣𐑰𐑥𐑩𐑜𐑤𐑴𐑚𐑦𐑯	ˌhiːməˈɡləʊbɪn	high	
haemoglobin	𐑣𐑦𐑥𐑴𐑜𐑤𐑴𐑚𐑦𐑯	ˌhimoʊˈɡloʊbɪn	𐑣𐑰𐑥𐑩𐑜𐑤𐑴𐑚𐑦𐑯	ˌhiːməˈɡləʊbɪn	high	
haemoglobin	𐑣𐑰𐑥𐑴𐑜𐑤𐑴𐑚𐑦𐑯	ˌhiːməʊˈɡləʊbɪn	𐑣𐑰𐑥𐑩𐑜𐑤𐑴𐑚𐑦𐑯	ˌhiːməˈɡləʊbɪn	high	
haggai	𐑣𐑨𐑜𐑲	ˈhæɡaɪ	𐑣𐑨𐑜𐑦𐑲	ˈhæɡiaɪ	high	
haggis	𐑣𐑪𐑡𐑦𐑕	ˈhɒdʒis	𐑣𐑨𐑜𐑦𐑕	ˈhæɡɪs	high	
haggis	𐑣𐑭𐑡𐑦𐑕	ˈhɑːdʒis	𐑣𐑨𐑜𐑦𐑕	ˈhæɡɪs	high	
hair-trigger	𐑣𐑺𐑑𐑮𐑦𐑜𐑼	ˈheəRˌtrɪɡəR	𐑣𐑺-𐑑𐑮𐑦𐑜𐑼	ˈheəR-trɪɡəR	high	
haired	𐑣𐑧𐑮𐑛	herd	𐑣𐑺𐑛	heəRd	high	
hairless	𐑣𐑧𐑮𐑤𐑩𐑕	ˈherləs	𐑣𐑺𐑤𐑩𐑕	ˈheəRləs	high	
hairline	𐑣𐑧𐑮𐑤𐑲𐑯	ˈherˌlaɪn	𐑣𐑺𐑤𐑲𐑯	ˈheəRlaɪn	high	
hairnet	𐑣𐑧𐑮𐑯𐑧𐑑	ˈherˌnet	𐑣𐑺𐑯𐑧𐑑	ˈheəRnet	high	
hairy	𐑣𐑧𐑮𐑦	ˈheri	𐑣𐑺𐑦	ˈheəri	high	
halberd	𐑣𐑨𐑤𐑚𐑻𐑛	hælbɜːRd	𐑣𐑨𐑤𐑚𐑼𐑛	ˈhælbəRd	high	
halberd	𐑣𐑪𐑤𐑚𐑼𐑛	ˈhɒlbəRd	𐑣𐑨𐑤𐑚𐑼𐑛	ˈhælbəRd	high	
halberd	𐑣𐑷𐑤𐑚𐑼𐑛	ˈhɔːlbəRd	𐑣𐑨𐑤𐑚𐑼𐑛	ˈhælbəRd	high	
halcyon	𐑣𐑨𐑤𐑕𐑦𐑩𐑯	ˈhælsiən	𐑣𐑨𐑤𐑕𐑾𐑯	ˈhælsɪən	high	
half-assed	𐑣𐑨𐑓𐑨𐑕𐑑	ˈhæfæst	𐑣𐑨𐑓-𐑨𐑕𐑑, 𐑣𐑭𐑓-𐑨𐑕𐑑	ˌhⱭːf-ˈæst	high	
half-baked	𐑣𐑨𐑓𐑚𐑱𐑒𐑑	ˌhæfˈbeɪkt	𐑣𐑨𐑓-𐑚𐑱𐑒𐑑, 𐑣𐑭𐑓-𐑚𐑱𐑒𐑑	hⱭːf-ˈbeɪkt	high	
half-baked	𐑣𐑭𐑓𐑚𐑱𐑒𐑑	ˌhɑːfˈbeɪkt	𐑣𐑨𐑓-𐑚𐑱𐑒𐑑, 𐑣𐑭𐑓-𐑚𐑱𐑒𐑑	hⱭːf-ˈbeɪkt	high	
half-timbered	𐑣𐑨𐑓 𐑑𐑦𐑥𐑚𐑼𐑛	ˌhæf ˈtɪmbəRd	𐑣𐑨𐑓-𐑑𐑦𐑥𐑚𐑼𐑛, 𐑣𐑭𐑓-𐑑𐑦𐑥𐑚𐑼𐑛	hⱭːf-ˈtɪmbəRd	high	
half-timbered	𐑣𐑭𐑓 𐑑𐑦𐑥𐑚𐑼𐑛	hɑːf tɪmbəRd	𐑣𐑨𐑓-𐑑𐑦𐑥𐑚𐑼𐑛, 𐑣𐑭𐑓-𐑑𐑦𐑥𐑚𐑼𐑛	hⱭːf-ˈtɪmbəRd	high	
halfpence	𐑣𐑨𐑓𐑐𐑧𐑯𐑑𐑕	ˈhæfˌpents	𐑣𐑱𐑐𐑩𐑯𐑕	ˈheɪpəns	high	
halfpence	𐑣𐑱𐑐𐑩𐑯𐑑𐑕	ˈheɪpənts	𐑣𐑱𐑐𐑩𐑯𐑕	ˈheɪpəns	high	
halfpennies	𐑣𐑨𐑓𐑐𐑧𐑯𐑦𐑟	ˈhæfˌpeniz	𐑣𐑱𐑐𐑯𐑦𐑟	ˈheɪpniz	high	
halfpennies	𐑣𐑱𐑐𐑩𐑯𐑦𐑟	ˈheɪpəniz	𐑣𐑱𐑐𐑯𐑦𐑟	ˈheɪpniz	high	
halfpenny	𐑣𐑨𐑓𐑐𐑧𐑯𐑦	ˌhæfˈpeni	𐑣𐑱𐑐𐑯𐑦	ˈheɪpni	high	
halfpenny	𐑣𐑭𐑓𐑐𐑧𐑯𐑦	ˌhɑːfˈpeni	𐑣𐑱𐑐𐑯𐑦	ˈheɪpni	high	
halfpenny	𐑣𐑱𐑐𐑩𐑯𐑦	ˈheɪpəni	𐑣𐑱𐑐𐑯𐑦	ˈheɪpni	high	
halfpennyworth	𐑣𐑱𐑐𐑯𐑦𐑢𐑼𐑔	heɪpnɪwəRθ	𐑣𐑱𐑐𐑯𐑦𐑢𐑻𐑔	ˈheɪpnɪwɜːRθ	high	
halfpennyworth	𐑣𐑱𐑐𐑼𐑔	heɪpəRθ	𐑣𐑱𐑐𐑯𐑦𐑢𐑻𐑔	ˈheɪpnɪwɜːRθ	high	
halfpennyworths	𐑣𐑱𐑐𐑯𐑦𐑢𐑼𐑔𐑕	heɪpnɪwəRθs	𐑣𐑱𐑐𐑯𐑦𐑢𐑻𐑔𐑕	ˈheɪpnɪwɜːRθs	high	
halfpennyworths	𐑣𐑱𐑐𐑼𐑔𐑕	heɪpəRθs	𐑣𐑱𐑐𐑯𐑦𐑢𐑻𐑔𐑕	ˈheɪpnɪwɜːRθs	high	
halide	𐑣𐑱𐑤𐑲𐑛	ˈheɪlaɪd	𐑣𐑨𐑤𐑲𐑛	ˈhælaɪd	high	
hallmark	𐑣𐑹𐑤𐑥𐑸𐑒	hɔːRlmɑːRk	𐑣𐑷𐑤𐑥𐑸𐑒	ˈhɔːlmɑːRk	high	
halloa	𐑣𐑨𐑤𐑴	hæˈloʊ	𐑣𐑩𐑤𐑴	həˈləʊ	high	
hallow	𐑣𐑪𐑤𐑴	ˈhɒloʊ	𐑣𐑨𐑤𐑴	ˈhæləʊ	high	
halloween	𐑣𐑨𐑤𐑩𐑢𐑰𐑯	ˌhaləˈwiːn	𐑣𐑨𐑤𐑴𐑰𐑯	ˌhæləʊˈiːn	high	
halloween	𐑣𐑪𐑤𐑩𐑢𐑰𐑯	ˌhɒləˈwiːn	𐑣𐑨𐑤𐑴𐑰𐑯	ˌhæləʊˈiːn	high	
hallucinatory	𐑣𐑩𐑤𐑵𐑕𐑦𐑯𐑩𐑑𐑹𐑦	həˈluːsɪnətɔːri	𐑣𐑩𐑤𐑵𐑕𐑦𐑯𐑩𐑑𐑼𐑦	həˈluːsɪnətəri	high	
hallucinogen	𐑣𐑨𐑤𐑵𐑕𐑦𐑯𐑩𐑡𐑩𐑯	ˌhæluːˈsɪnədʒən	𐑣𐑩𐑤𐑵𐑕𐑦𐑯𐑩𐑡𐑧𐑯	həˈluːsɪnədʒen	high	
hallucinogenic	𐑣𐑩𐑤𐑫𐑕𐑦𐑯𐑩𐑡𐑧𐑯𐑦𐑒	həˌlusɪnəˈdʒenɪk	𐑣𐑩𐑤𐑵𐑕𐑦𐑯𐑩𐑡𐑧𐑯𐑦𐑒	həˌluːsɪnəˈdʒenɪk	high	
hallucinogenic	𐑣𐑩𐑤𐑫𐑕𐑩𐑯𐑩𐑡𐑧𐑯𐑦𐑒	həˌlusənəˈdʒenɪk	𐑣𐑩𐑤𐑵𐑕𐑦𐑯𐑩𐑡𐑧𐑯𐑦𐑒	həˌluːsɪnəˈdʒenɪk	high	
halt	𐑣𐑪𐑤𐑑	hɒlt	𐑣𐑷𐑤𐑑	hɔːlt	high	
halter	𐑣𐑪𐑤𐑑𐑼	hɒltəR	𐑣𐑷𐑤𐑑𐑼	ˈhɔːltəR	high	
halts	𐑣𐑪𐑤𐑑𐑕	hɒlts	𐑣𐑷𐑤𐑑𐑕	hɔːlts	high	
hamas	𐑣𐑩𐑥𐑨𐑕	həˈmæs	𐑣𐑨𐑥𐑨𐑕	hæmˈæs	high	
hamas	𐑣𐑩𐑥𐑪𐑕	həˈmɒs	𐑣𐑨𐑥𐑨𐑕	hæmˈæs	high	
hamburger	𐑣𐑨𐑥𐑚𐑩𐑜𐑼	hæmbəɡəR	𐑣𐑨𐑥𐑚𐑻𐑜𐑼	ˈhæmbɜːRɡəR	medium	r_gap:spelling=2,ipa=1; shave_says:𐑣𐑨𐑥𐑚𐑼𐑜𐑼
hamburger	𐑣𐑨𐑥𐑚𐑼𐑜𐑼	ˈhæmbəRɡəR	𐑣𐑨𐑥𐑚𐑻𐑜𐑼	ˈhæmbɜːRɡəR	high	
hamlet	𐑣𐑨𐑥𐑤𐑦𐑑	ˈhæmlɪt	𐑣𐑨𐑥𐑤𐑩𐑑	ˈhæmlət	high	
hammersmith	𐑣𐑨𐑥𐑩𐑕𐑥𐑦𐑔	hæməsmɪθ	𐑣𐑨𐑥𐑼𐑕𐑥𐑦𐑔	ˈhæməRsmɪθ	medium	r_gap:spelling=1,ipa=0; shave_says:·𐑣𐑨𐑥𐑼𐑕𐑥𐑦𐑔
hampstead	𐑣𐑨𐑥𐑐𐑕𐑑𐑩𐑛	ˈhæmpstƏd	𐑣𐑨𐑥𐑐𐑕𐑑𐑧𐑛	ˈhæmpsted	high	
hamster	𐑣𐑨𐑥𐑐𐑕𐑑𐑼	ˈhæmpstəR	𐑣𐑨𐑥𐑕𐑑𐑼	ˈhæmstəR	high	
hand-out	𐑣𐑨𐑯𐑛𐑬𐑑	ˈhændaʊt	𐑣𐑨𐑯𐑛-𐑬𐑑	ˈhænd-aʊt	high	
handkerchief	-𐑗𐑰𐑓	-tʃiːf	𐑣𐑨𐑙𐑒𐑼𐑗𐑦𐑓	ˈhæŋkəRtʃɪf	medium	r_gap:spelling=1,ipa=0; shave_says:𐑣𐑨𐑙𐑒𐑼𐑗𐑦𐑓
handkerchief	𐑣𐑨𐑙𐑒𐑩𐑗𐑦𐑓	hæŋkətʃɪf	𐑣𐑨𐑙𐑒𐑼𐑗𐑦𐑓	ˈhæŋkəRtʃɪf	medium	r_gap:spelling=1,ipa=0; shave_says:𐑣𐑨𐑙𐑒𐑼𐑗𐑦𐑓
handkerchief	𐑣𐑨𐑙𐑒𐑼𐑗𐑩𐑓	ˈhæŋkərtʃəf	𐑣𐑨𐑙𐑒𐑼𐑗𐑦𐑓	ˈhæŋkəRtʃɪf	high	
handkerchief	𐑣𐑱𐑙-	ˈheɪŋ-	𐑣𐑨𐑙𐑒𐑼𐑗𐑦𐑓	ˈhæŋkəRtʃɪf	medium	r_gap:spelling=1,ipa=0
handler	𐑣𐑺𐑯𐑛𐑤𐑼	ˈheəndləR	𐑣𐑨𐑯𐑛𐑤𐑼	ˈhændləR	high	
handsomely	𐑣𐑨𐑯𐑑𐑕𐑩𐑥𐑤𐑦	ˈhæntsəmli	𐑣𐑨𐑯𐑛𐑕𐑩𐑥𐑤𐑦	ˈhændsəmli	high	
hangnail	𐑣𐑱𐑙𐑯𐑱𐑤	heɪŋneɪl	𐑣𐑨𐑙𐑯𐑱𐑤	ˈhæŋneɪl	high	
hangul	𐑣𐑪𐑯𐑜𐑫𐑤	ˈhɒnˌɡul	𐑣𐑭𐑯𐑜𐑫𐑤	ˈhɑːnɡʊl	high	
hangul	𐑣𐑭𐑯𐑜𐑵𐑤	ˈhɑːnˌɡuːl	𐑣𐑭𐑯𐑜𐑫𐑤	ˈhɑːnɡʊl	high	
hanky-panky	𐑣𐑨𐑙𐑒𐑦𐑐𐑨𐑙𐑒𐑦	ˌhæŋkɪˈpæŋki	𐑣𐑨𐑙𐑒𐑦-𐑐𐑨𐑙𐑒𐑦	ˌhæŋki-ˈpæŋki	high	
hanover	𐑣𐑨𐑯𐑩𐑝𐑼	hænəvəR	𐑣𐑨𐑯𐑴𐑝𐑼	ˈhænəʊvəR	high	
hansard	𐑣𐑨𐑯𐑕𐑼𐑛	hænsəRd	𐑣𐑨𐑯𐑕𐑸𐑛	ˈhænsɑːRd	high	
hanukkah	𐑣𐑨𐑯𐑩𐑒𐑩	ˈhænəkə	𐑣𐑨𐑯𐑫𐑒𐑩, 𐑣𐑭𐑯𐑩𐑒𐑩	ˈhænʊkə	high	
hanukkah	𐑣𐑳𐑯𐑫𐑒𐑩	ˈhʌnʊkə	𐑣𐑨𐑯𐑫𐑒𐑩, 𐑣𐑭𐑯𐑩𐑒𐑩	ˈhænʊkə	high	
haphazard	𐑣𐑨𐑓𐑣𐑨𐑟𐑼𐑛	ˌhæfˈhæzəRd	𐑣𐑨𐑐𐑣𐑨𐑟𐑼𐑛	hæpˈhæzəRd	high	
haphazardly	𐑣𐑨𐑐𐑣𐑨𐑟𐑩𐑛𐑤𐑦	hæphæzədli	𐑣𐑨𐑐𐑣𐑨𐑟𐑼𐑛𐑤𐑦	hæpˈhæzəRdli	medium	r_gap:spelling=1,ipa=0; shave_says:𐑣𐑨𐑐𐑣𐑨𐑟𐑼𐑛𐑤𐑦
haphazardly	𐑣𐑨𐑓𐑣𐑨𐑟𐑼𐑛𐑤𐑦	hæfˈhæzəRdli	𐑣𐑨𐑐𐑣𐑨𐑟𐑼𐑛𐑤𐑦	hæpˈhæzəRdli	high	
happier	𐑣𐑨𐑐𐑽	hæpɪəR	𐑣𐑨𐑐𐑦𐑼	ˈhæpɪəR	high	
happily	𐑣𐑨𐑐𐑩𐑤𐑦	ˈhæpəli	𐑣𐑨𐑐𐑦𐑤𐑦	ˈhæpɪli	high	
hard-won	𐑣𐑸𐑛 𐑢𐑳𐑯	hɑːRd wʌn	𐑣𐑸𐑛-𐑢𐑳𐑯	ˌhɑːRd-ˈwʌn	high	
harder	𐑣𐑸𐑑𐑼	ˈhɑːRtəR	𐑣𐑸𐑛𐑼	ˈhɑːRdəR	high	
hardest	𐑣𐑸𐑛𐑦𐑕𐑑	hɑːRdɪst	𐑣𐑸𐑛𐑩𐑕𐑑	ˈhɑːRdəst	high	
hardware	𐑣𐑸𐑛𐑢𐑧𐑮	ˈhɑːRdˌwer	𐑣𐑸𐑛𐑢𐑺	ˈhɑːRdweəR	high	
hare	𐑣𐑻	hɜːR	𐑣𐑺	heəR	high	
harem	𐑣𐑨𐑮𐑩𐑥	ˈhærəm	𐑣𐑸𐑰𐑥	ˈhɑːriːm	high	
harem	𐑣𐑸𐑩𐑥	hɑːrəm	𐑣𐑸𐑰𐑥	ˈhɑːriːm	high	
harem	𐑣𐑺𐑩𐑥	ˈheərəm	𐑣𐑸𐑰𐑥	ˈhɑːriːm	high	
hares	𐑣𐑧𐑮𐑟	herz	𐑣𐑺𐑟	heəRz	high	
haricot	𐑣𐑧𐑮𐑦𐑒𐑴	ˈherɪkoʊ	𐑣𐑨𐑮𐑦𐑒𐑴	ˈhærɪkəʊ	high	
haricot	𐑸𐑦𐑒𐑴	ɑːrɪkəʊ	𐑣𐑨𐑮𐑦𐑒𐑴	ˈhærɪkəʊ	high	
harlequinade	𐑣𐑸𐑤𐑩𐑒𐑢𐑦𐑯𐑱𐑛	hɑːRləkwɪneɪd	𐑣𐑸𐑤𐑦𐑒𐑢𐑦𐑯𐑱𐑛	ˌhɑːRlɪkwɪˈneɪd	high	
harmattan	𐑣𐑸𐑥𐑨𐑑𐑩𐑯	hɑːRmætən	𐑣𐑸𐑥𐑩𐑑𐑨𐑯	ˌhɑːRməˈtæn	high	
harmattan	𐑣𐑸𐑥𐑩𐑑𐑪𐑯	ˌhɑːRməˈtɒn	𐑣𐑸𐑥𐑩𐑑𐑨𐑯	ˌhɑːRməˈtæn	high	
harmonious	𐑣𐑸𐑥𐑴𐑯𐑦𐑩𐑕	hɑːRˈmoʊniəs	𐑣𐑸𐑥𐑴𐑯𐑾𐑕	hɑːRˈməʊnɪəs	high	
harmonium	𐑣𐑸𐑥𐑴𐑯𐑦𐑩𐑥	hɑːRˈmoʊniəm	𐑣𐑸𐑥𐑴𐑯𐑾𐑥	hɑːRˈməʊnɪəm	high	
harmonium	𐑣𐑸𐑥𐑴𐑯𐑰𐑩𐑥	hɑːRməʊniːəm	𐑣𐑸𐑥𐑴𐑯𐑾𐑥	hɑːRˈməʊnɪəm	high	
harmoniums	𐑣𐑸𐑥𐑴𐑯𐑦𐑩𐑥𐑟	hɑːRˈmoʊniəmz	𐑣𐑸𐑥𐑴𐑯𐑾𐑥𐑟	hɑːRˈməʊnɪəmz	high	
harmoniums	𐑣𐑸𐑥𐑴𐑯𐑰𐑩𐑥𐑟	hɑːRməʊniːəmz	𐑣𐑸𐑥𐑴𐑯𐑾𐑥𐑟	hɑːRˈməʊnɪəmz	high	
harridan	𐑣𐑧𐑮𐑦𐑛𐑩𐑯	ˈherɪdən	𐑣𐑨𐑮𐑦𐑛𐑩𐑯	ˈhærɪdən	medium	r_gap:spelling=2,ipa=1
harry	𐑣𐑧𐑮𐑦	ˈheri	𐑣𐑨𐑮𐑦	ˈhæri	medium	r_gap:spelling=2,ipa=1
hartlepool	𐑣𐑸𐑑𐑤𐑦𐑐𐑫𐑤	ˈhɑːRtlɪpul	𐑣𐑸𐑑𐑤𐑦𐑐𐑵𐑤	ˈhɑːRtlɪpuːl	high	
harum-scarum	𐑣𐑺𐑩𐑥𐑕𐑒𐑺𐑩𐑥	ˌheərəmˈskeərəm	𐑣𐑺𐑩𐑥-𐑕𐑒𐑺𐑩𐑥	ˌheərəm-ˈskeərəm	high	
harvest	𐑣𐑸𐑝𐑩𐑕𐑑	ˈhɑːRvəst	𐑣𐑸𐑝𐑦𐑕𐑑	ˈhɑːRvɪst	high	
has-been	-𐑚𐑧𐑯	-ben	𐑣𐑨𐑟-𐑚𐑦𐑯, 𐑣𐑨𐑟-𐑚𐑰𐑯	ˈhæz-biːn	high	
has-been	𐑣𐑨𐑟𐑚𐑦𐑯	ˈhæzbɪn	𐑣𐑨𐑟-𐑚𐑦𐑯, 𐑣𐑨𐑟-𐑚𐑰𐑯	ˈhæz-biːn	high	
has-been	𐑣𐑨𐑟𐑚𐑰𐑯	ˈhæzbiːn	𐑣𐑨𐑟-𐑚𐑦𐑯, 𐑣𐑨𐑟-𐑚𐑰𐑯	ˈhæz-biːn	high	
hate	𐑣𐑧𐑘𐑑	hejt	𐑣𐑱𐑑	heɪt	high	
hatfield	𐑣𐑨𐑑𐑓𐑦𐑤𐑛	ˈhætfild	𐑣𐑨𐑑𐑓𐑰𐑤𐑛	ˈhætfiːld	high	
haul	𐑣𐑪𐑤	hɒl	𐑣𐑷𐑤	hɔːl	high	
haunch	𐑣𐑪𐑯𐑗	hɒntʃ	𐑣𐑷𐑯𐑗	hɔːntʃ	high	
hautboy	𐑣𐑴𐑚𐑶	ˈhəʊˌbɔɪ	𐑴𐑚𐑶	ˈəʊbɔɪ	high	
hauteur	𐑷𐑑𐑻	ɔːtɜːR	𐑴𐑑𐑻	əʊˈtɜːR	high	
haverhill	𐑣𐑱𐑝𐑩𐑣𐑦𐑤	heɪvəhɪl	𐑣𐑱𐑝𐑼𐑦𐑤	ˈheɪvərɪl	medium	r_gap:spelling=1,ipa=0; shave_says:𐑣𐑱𐑝𐑼𐑦𐑤
haverhill	𐑣𐑱𐑝𐑮𐑦𐑤	heɪvrɪl	𐑣𐑱𐑝𐑼𐑦𐑤	ˈheɪvərɪl	high	
haversack	𐑣𐑨𐑝𐑩𐑕𐑨𐑒	hævəsæk	𐑣𐑨𐑝𐑼𐑕𐑨𐑒	ˈhævəRsæk	medium	r_gap:spelling=1,ipa=0; shave_says:𐑣𐑨𐑝𐑼𐑕𐑨𐑒
havoc	𐑣𐑨𐑝𐑦𐑒	ˈhævɪk	𐑣𐑨𐑝𐑩𐑒	ˈhævək	high	
hawaii	𐑣𐑩𐑢𐑨𐑰	həˈwaiː	𐑣𐑩𐑢𐑲𐑰	həˈwaɪiː	high	
hawaii	𐑣𐑩𐑢𐑪𐑦	həˈwɒi	𐑣𐑩𐑢𐑲𐑰	həˈwaɪiː	high	
hawaii	𐑣𐑩𐑢𐑷𐑦	həˈwɔːi	𐑣𐑩𐑢𐑲𐑰	həˈwaɪiː	high	
hawker	𐑣𐑪𐑒𐑼	ˈhɒkəR	𐑣𐑷𐑒𐑼	ˈhɔːkəR	high	
hawthorn	𐑣𐑷𐑔𐑪𐑮𐑯	ˈhɔːθorn	𐑣𐑷𐑔𐑹𐑯	ˈhɔːθɔːRn	high	
hawthorn	𐑣𐑹𐑔𐑹𐑯	hɔːRθɔːRn	𐑣𐑷𐑔𐑹𐑯	ˈhɔːθɔːRn	high	
haymarket	𐑣𐑱𐑥𐑸𐑒𐑦𐑑	ˈheɪmɑːRkɪt	𐑣𐑱𐑥𐑸𐑒𐑩𐑑	ˈheɪmɑːRkIt	high	
hazardous	-𐑛𐑩𐑕	-dəs	𐑣𐑨𐑟𐑼𐑛𐑩𐑕	ˈhæzəRdəs	medium	r_gap:spelling=1,ipa=0
hazardous	𐑣𐑨𐑟𐑼𐑛𐑦𐑕	ˈhæzəRdɪs	𐑣𐑨𐑟𐑼𐑛𐑩𐑕	ˈhæzəRdəs	high	
he	𐑣𐑦𐑘	hɪj	𐑣𐑰	hiː	high	
he's	𐑣𐑦𐑟	ˈhiz	𐑣𐑰𐑟	hiːz	high	
he's	𐑦𐑟	ˈiz	𐑣𐑰𐑟	hiːz	high	
headgear	𐑣𐑧𐑛𐑜𐑦𐑮	ˈhedɡɪr	𐑣𐑧𐑛𐑜𐑽	ˈhedɡɪəR	high	
headlong	𐑣𐑧𐑛𐑤𐑷𐑙	ˈhedlɔːŋ	𐑣𐑧𐑛𐑤𐑪𐑙	ˈhedlɒŋ	high	
headpiece	𐑣𐑧𐑛𐑐𐑦𐑕	ˈhedˌpis	𐑣𐑧𐑛𐑐𐑰𐑕	ˈhedpiːs	high	
heal	𐑣𐑦𐑤	hil	𐑣𐑰𐑤	hiːl	high	
healer	𐑣𐑦𐑤𐑼	ˈhiləR	𐑣𐑰𐑤𐑼	ˈhiːləR	high	
healthier	𐑣𐑧𐑤𐑔𐑰𐑼	helθiːəR	𐑣𐑧𐑤𐑔𐑦𐑼	ˈhelθɪəR	high	
hear	𐑣𐑦𐑮	ˈhɪr	𐑣𐑽	hɪəR	high	
hearer	𐑣𐑦𐑮𐑼	ˈhɪrəR	𐑣𐑽𐑼	ˈhɪərəR	high	
hearing	𐑣𐑦𐑮𐑦𐑙	ˈhɪrɪŋ	𐑣𐑽𐑦𐑙	ˈhɪərɪŋ	high	
hears	𐑣𐑦𐑮𐑟	hɪrz	𐑣𐑽𐑟	hɪəRz	high	
hearsay	𐑣𐑦𐑮𐑕𐑱	ˈhɪrˌseɪ	𐑣𐑽𐑕𐑱	ˈhɪəRseɪ	high	
heartbeat	𐑣𐑸𐑑𐑚𐑦𐑑	ˈhɑːRtˌbit	𐑣𐑸𐑑𐑚𐑰𐑑	ˈhɑːRtbiːt	high	
heartland	-𐑤𐑨𐑯𐑛	-lænd	𐑣𐑸𐑑𐑤𐑨𐑯𐑛	ˈhɑːRtlænd	medium	r_gap:spelling=1,ipa=0; shave_says:𐑣𐑸𐑑𐑤𐑨𐑯𐑛
heartland	𐑣𐑸𐑑𐑤𐑩𐑯𐑛	hɑːRtlənd	𐑣𐑸𐑑𐑤𐑨𐑯𐑛	ˈhɑːRtlænd	high	
heartless	𐑣𐑸𐑑𐑤𐑦𐑕	hɑːRtlɪs	𐑣𐑸𐑑𐑤𐑩𐑕	ˈhɑːRtləs	high	
heartlessness	𐑣𐑸𐑑𐑤𐑦𐑕𐑯𐑩𐑕	hɑːRtlɪsnəs	𐑣𐑸𐑑𐑤𐑩𐑕𐑯𐑩𐑕	ˈhɑːRtləsnəs	high	
heat	𐑣𐑦𐑑	hit	𐑣𐑰𐑑	hiːt	high	
heater	𐑣𐑦𐑑𐑼	ˈhitəR	𐑣𐑰𐑑𐑼	ˈhiːtəR	high	
heavier	𐑣𐑧𐑝𐑽	hevɪəR	𐑣𐑧𐑝𐑦𐑼	ˈhevɪəR	high	
hecatomb	-𐑑𐑪𐑥	-tɒm	𐑣𐑧𐑒𐑩𐑑𐑵𐑥	ˈhekətuːm	high	
hecatomb	𐑣𐑧𐑒𐑩𐑑𐑴𐑥	ˈhekətoʊm	𐑣𐑧𐑒𐑩𐑑𐑵𐑥	ˈhekətuːm	high	
hectare	𐑣𐑧𐑒𐑑𐑧𐑮	ˈhekter	𐑣𐑧𐑒𐑑𐑺	ˈhekteəR	high	
hectare	𐑣𐑧𐑒𐑑𐑸	hektɑːR	𐑣𐑧𐑒𐑑𐑺	ˈhekteəR	high	
hedgehog	𐑣𐑧𐑡𐑣𐑷𐑜	ˈhedʒhɔːɡ	𐑣𐑧𐑡𐑣𐑪𐑜	ˈhedʒhɒɡ	high	
hedonism	𐑣𐑧𐑛𐑩𐑯𐑦𐑟𐑩𐑥	ˈhedənɪzəm	𐑣𐑰𐑛𐑩𐑯𐑦𐑟𐑩𐑥	ˈhiːdənɪzəm	high	
hedonist	𐑣𐑧𐑛𐑩𐑯𐑦𐑕𐑑	ˈhedənɪst	𐑣𐑰𐑛𐑩𐑯𐑦𐑕𐑑	ˈhiːdənɪst	high	
hedonistic	𐑣𐑦𐑛𐑩𐑯𐑦𐑕𐑑𐑦𐑒	hidəˈnɪstɪk	𐑣𐑰𐑛𐑩𐑯𐑦𐑕𐑑𐑦𐑒	ˌhiːdəˈnɪstɪk	high	
hedonistic	𐑣𐑧𐑛𐑩𐑯𐑦𐑕𐑑𐑦𐑒	ˈhedənɪstɪk	𐑣𐑰𐑛𐑩𐑯𐑦𐑕𐑑𐑦𐑒	ˌhiːdəˈnɪstɪk	high	
heel	𐑣𐑦𐑤	hil	𐑣𐑰𐑤	hiːl	high	
hegemony	𐑣𐑦𐑡𐑧𐑥𐑩𐑯𐑦	hɪˈdʒeməni	𐑣𐑦𐑜𐑧𐑥𐑩𐑯𐑦	hɪˈɡeməni	high	
hegemony	𐑣𐑧𐑡𐑩𐑥𐑴𐑯𐑦	ˈhedʒəmoʊni	𐑣𐑦𐑜𐑧𐑥𐑩𐑯𐑦	hɪˈɡeməni	high	
heinous	𐑣𐑰𐑯𐑩𐑕	ˈhiːnəs	𐑣𐑱𐑯𐑩𐑕	ˈheɪnəs	high	
heirloom	𐑧𐑮𐑤𐑫𐑥	ˈerlum	𐑺𐑤𐑵𐑥	ˈeəRluːm	high	
heirloom	𐑺𐑤𐑫𐑥	ˈeəRlum	𐑺𐑤𐑵𐑥	ˈeəRluːm	high	
heliograph	𐑣𐑰𐑤𐑦𐑩𐑜𐑮𐑨𐑓	ˈhiːliəˌɡræf	𐑣𐑰𐑤𐑦𐑴𐑜𐑮𐑨𐑓	ˈhiːlɪəʊɡræf	high	
heliotrope	-𐑤𐑾𐑫-	-lɪəʊ-	𐑣𐑰𐑤𐑾𐑑𐑮𐑴𐑐	ˈhiːlɪətrəʊp	medium	r_gap:spelling=1,ipa=0; shave_says:𐑣𐑰𐑤𐑾𐑑𐑮𐑴𐑐
heliotrope	𐑣𐑦𐑤𐑦𐑩𐑑𐑮𐑴𐑐	ˈhiliəˌtroʊp	𐑣𐑰𐑤𐑾𐑑𐑮𐑴𐑐	ˈhiːlɪətrəʊp	high	
heliotrope	𐑣𐑧-	he-	𐑣𐑰𐑤𐑾𐑑𐑮𐑴𐑐	ˈhiːlɪətrəʊp	medium	r_gap:spelling=1,ipa=0; shave_says:𐑣𐑰𐑤𐑾𐑑𐑮𐑴𐑐
heliotrope	𐑣𐑰𐑤𐑦𐑩𐑑𐑮𐑴𐑐	hiːliətrəʊp	𐑣𐑰𐑤𐑾𐑑𐑮𐑴𐑐	ˈhiːlɪətrəʊp	high	
hello	𐑣𐑩𐑤𐑴	həˈloʊ	𐑣𐑧𐑤𐑴	heˈləʊ	high	
helplessness	𐑣𐑧𐑤𐑐𐑤𐑦𐑕𐑯𐑦𐑕	ˈhelplɪsnɪs	𐑣𐑧𐑤𐑐𐑤𐑩𐑕𐑯𐑩𐑕	ˈhelpləsnəs	high	
helter-skelter	𐑣𐑧𐑤𐑑𐑩𐑕𐑒𐑧𐑤𐑑𐑼	heltəskeltəR	𐑣𐑧𐑤𐑑𐑼-𐑕𐑒𐑧𐑤𐑑𐑼	ˌheltəR-ˈskeltəR	medium	r_gap:spelling=2,ipa=1; shave_says:𐑣𐑧𐑤𐑑𐑼-𐑕𐑒𐑧𐑤𐑑𐑼
helter-skelter	𐑣𐑧𐑤𐑑𐑼𐑕𐑒𐑧𐑤𐑑𐑼	ˌheltəRˈskeltəR	𐑣𐑧𐑤𐑑𐑼-𐑕𐑒𐑧𐑤𐑑𐑼	ˌheltəR-ˈskeltəR	high	
hemisphere	𐑣𐑧𐑥𐑦𐑕𐑓𐑦𐑮	ˈhemɪsfɪr	𐑣𐑧𐑥𐑦𐑕𐑓𐑽	ˈhemɪsfɪəR	high	
hemoglobin	𐑣𐑦𐑥𐑩𐑜𐑤𐑴𐑚𐑦𐑯	ˈhiməˌɡloʊbɪn	𐑣𐑰𐑥𐑩𐑜𐑤𐑴𐑚𐑦𐑯	ˌhiːməˈɡləʊbɪn	high	
hemoglobin	𐑣𐑦𐑥𐑴𐑜𐑤𐑴𐑚𐑦𐑯	ˌhimoʊˈɡloʊbɪn	𐑣𐑰𐑥𐑩𐑜𐑤𐑴𐑚𐑦𐑯	ˌhiːməˈɡləʊbɪn	high	
hemoglobin	𐑣𐑰𐑥𐑴𐑜𐑤𐑴𐑚𐑦𐑯	ˌhiːməʊˈɡləʊbɪn	𐑣𐑰𐑥𐑩𐑜𐑤𐑴𐑚𐑦𐑯	ˌhiːməˈɡləʊbɪn	high	
heptagon	𐑣𐑧𐑐𐑑𐑩𐑜𐑩𐑯	ˈheptəɡən	𐑣𐑧𐑐𐑑𐑩𐑜𐑪𐑯	ˈheptəɡɒn	high	
her	𐑣𐑼	həR	𐑣𐑻	hɜːR	high	
her	𐑻	ɜːR	𐑣𐑻	hɜːR	high	
her	𐑼	əR	𐑣𐑻	hɜːR	high	
herbaceous	𐑣𐑼𐑚𐑱𐑖𐑩𐑕	hərbeɪʃəs	𐑣𐑻𐑚𐑱𐑖𐑩𐑕	hɜːRˈbeɪʃəs	high	
herbage	𐑣𐑼𐑚𐑦𐑡	ˈhəRbɪdʒ	𐑣𐑻𐑚𐑦𐑡	ˈhɜːRbɪdʒ	high	
herbal	𐑻𐑚𐑩𐑤	ˈɜːRbəl	𐑣𐑻𐑚𐑩𐑤	ˈhɜːRbəl	high	
herculean	𐑣𐑻𐑒𐑘𐑩𐑤𐑰𐑩𐑯	ˌhɜːrkjəˈliːən	𐑣𐑻𐑒𐑘𐑩𐑤𐑾𐑯	ˌhɜːRkjəˈliən	high	
herculean	𐑣𐑻𐑒𐑿𐑤𐑦𐑩𐑯	hɜːrˈkjuːliən	𐑣𐑻𐑒𐑘𐑩𐑤𐑾𐑯	ˌhɜːRkjəˈliən	high	
here	𐑣𐑦𐑮	hɪr	𐑣𐑽	hɪəR	high	
here	𐑣𐑰𐑮	hiːr	𐑣𐑽	hɪəR	high	
here	𐑣𐑰𐑼	hiːəR	𐑣𐑽	hɪəR	high	
here's	𐑣𐑦𐑮𐑟	hɪrz	𐑣𐑽𐑟	hɪəRz	high	
hereafter	𐑣𐑦𐑮𐑨𐑓𐑑𐑼	hɪrˈæftəR	𐑣𐑽𐑨𐑓𐑑𐑼, 𐑣𐑽𐑭𐑓𐑑𐑼	hɪəˈrⱭːftəR	high	
hereby	𐑣𐑦𐑮𐑚𐑲	hɪrˈbaɪ	𐑣𐑽𐑚𐑲	hɪəRˈbaɪ	high	
hereby	𐑣𐑽𐑚𐑳𐑦	hɪəRbʌɪ	𐑣𐑽𐑚𐑲	hɪəRˈbaɪ	high	
hereditary	𐑣𐑼𐑧𐑛𐑦𐑑𐑧𐑮𐑦	həˈredɪˌteri	𐑣𐑼𐑧𐑛𐑦𐑑𐑼𐑦	həˈredɪtəri	high	
heredity	𐑣𐑦𐑮𐑧𐑛𐑦𐑑𐑦	hɪredɪti	𐑣𐑼𐑧𐑛𐑦𐑑𐑦	həˈredɪti	high	
heredity	𐑣𐑼𐑧𐑛𐑩𐑑𐑦	həˈredəti	𐑣𐑼𐑧𐑛𐑦𐑑𐑦	həˈredɪti	high	
hereford	𐑣𐑻𐑓𐑼𐑛	ˈhɜːRfəRd	𐑣𐑧𐑮𐑩𐑓𐑼𐑛	ˈherəfəRd	high	
herefordshire	𐑣𐑧𐑮𐑩𐑓𐑩𐑛𐑖𐑼	herəfədʃər	𐑣𐑧𐑮𐑩𐑓𐑼𐑛𐑖𐑼	ˈherəfəRdʃəR	medium	r_gap:spelling=3,ipa=2; shave_says:·𐑣𐑧𐑮𐑦𐑓𐑼𐑛𐑖𐑼
herein	𐑣𐑦𐑮𐑦𐑯	hɪrˈɪn	𐑣𐑽𐑦𐑯	ˌhɪəˈrɪn	high	
hereinafter	𐑣𐑦𐑮𐑦𐑯𐑨𐑓𐑑𐑼	ˈhɪrɪnˈæftəR	𐑣𐑽𐑦𐑯𐑨𐑓𐑑𐑼, 𐑣𐑽𐑦𐑯𐑭𐑓𐑑𐑼	ˌhɪərɪnˈⱭːftəR	high	
hereof	𐑣𐑦𐑮𐑳𐑝	hɪrˈʌv	𐑣𐑽𐑪𐑝	hɪəˈrɒv	high	
heretofore	𐑣𐑦𐑮𐑑𐑩𐑓𐑪𐑮	ˈhɪrtəfor	𐑣𐑽𐑑𐑵𐑓𐑹	ˌhɪəRtuːˈfɔːR	high	
heretofore	𐑣𐑦𐑮𐑑𐑩𐑓𐑹	ˈhɪrtəfɔːR	𐑣𐑽𐑑𐑵𐑓𐑹	ˌhɪəRtuːˈfɔːR	high	
heretofore	𐑣𐑽𐑑𐑩𐑓𐑷𐑼	hɪəRtəfɔəR	𐑣𐑽𐑑𐑵𐑓𐑹	ˌhɪəRtuːˈfɔːR	high	
heretofore	𐑣𐑽𐑑𐑩𐑓𐑹	hɪəRtəfɔːR	𐑣𐑽𐑑𐑵𐑓𐑹	ˌhɪəRtuːˈfɔːR	high	
heretofore	𐑣𐑽𐑑𐑫𐑓𐑷𐑼	hɪəRtʊfɔəR	𐑣𐑽𐑑𐑵𐑓𐑹	ˌhɪəRtuːˈfɔːR	high	
heretofore	𐑣𐑽𐑑𐑫𐑓𐑹	hɪəRtʊfɔːR	𐑣𐑽𐑑𐑵𐑓𐑹	ˌhɪəRtuːˈfɔːR	high	
hermetically	𐑣𐑼𐑥𐑧𐑑𐑦𐑒𐑩𐑤𐑦	həRˈmetɪkəli	𐑣𐑻𐑥𐑧𐑑𐑦𐑒𐑤𐑦	hɜːRˈmetɪkli	high	
hero	𐑣𐑦𐑮𐑴	ˈhɪroʊ	𐑣𐑽𐑴	ˈhɪərəʊ	high	
heroes	𐑣𐑦𐑮𐑴𐑟	ˈhɪroʊz	𐑣𐑽𐑴𐑟	ˈhɪərəʊz	high	
heroin	𐑣𐑺𐑴𐑦𐑯	heəroʊɪn	𐑣𐑧𐑮𐑴𐑦𐑯	ˈherəʊɪn	high	
heroine	𐑣𐑦𐑮𐑴𐑦𐑯	ˈhɪroʊɪn	𐑣𐑧𐑮𐑴𐑦𐑯	ˈherəʊɪn	high	
heroism	𐑣𐑦𐑮𐑴𐑦𐑟𐑩𐑥	ˈhiroʊɪzəm	𐑣𐑧𐑮𐑴𐑦𐑟𐑩𐑥	ˈherəʊɪzəm	high	
hers	𐑼𐑟	əRz	𐑣𐑻𐑟	hɜːRz	high	
herself	𐑣𐑩𐑕𐑧𐑤𐑓	həself	𐑣𐑻𐑕𐑧𐑤𐑓	hɜːRˈself	medium	r_gap:spelling=1,ipa=0; shave_says:𐑣𐑻𐑕𐑧𐑤𐑓
herself	𐑼𐑕𐑧𐑤𐑓	əRself	𐑣𐑻𐑕𐑧𐑤𐑓	hɜːRˈself	high	
hertford	𐑣𐑸𐑓𐑼𐑛	hɑːRfəRd	𐑣𐑸𐑑𐑓𐑼𐑛	ˈhɑːRtfəRd	high	
hertfordshire	𐑣𐑸𐑑𐑓𐑩𐑛𐑖𐑼	hɑːrtfədʃər	𐑣𐑸𐑑𐑓𐑼𐑛𐑖𐑼	ˈhɑːRtfəRdʃəR	medium	r_gap:spelling=3,ipa=2; shave_says:𐑣𐑻𐑑𐑓𐑼𐑛𐑖𐑼
hertz	𐑣𐑻𐑕	hɜːRs	𐑣𐑻𐑑𐑕	hɜːRts	high	
hesitate	𐑣𐑧𐑟𐑩𐑑𐑱𐑑	ˈhezəteɪt	𐑣𐑧𐑟𐑦𐑑𐑱𐑑	ˈhezɪteɪt	high	
hessian	𐑣𐑧𐑕𐑦𐑩𐑯	ˈhesiən	𐑣𐑧𐑕𐑾𐑯	ˈhesɪən	high	
hessian	𐑣𐑧𐑖𐑩𐑯	ˈheʃən	𐑣𐑧𐑕𐑾𐑯	ˈhesɪən	high	
heterodoxy	𐑣𐑧𐑑𐑧𐑮𐑩𐑛𐑪𐑒𐑕𐑦	heterədɒksi	𐑣𐑧𐑑𐑼𐑩𐑛𐑪𐑒𐑕𐑦	ˈhetərədɒksi	high	
heterogeneous	𐑣𐑧𐑑𐑼𐑩𐑡𐑰𐑯𐑦𐑩𐑕	ˌhetərəˈdʒiːniəs	𐑣𐑧𐑑𐑼𐑩𐑡𐑰𐑯𐑾𐑕	ˌhetərəˈdʒiːnɪəs	high	
heterogeneous	𐑣𐑧𐑑𐑼𐑪𐑡𐑩𐑯𐑩𐑕	hetərɒdʒənəs	𐑣𐑧𐑑𐑼𐑩𐑡𐑰𐑯𐑾𐑕	ˌhetərəˈdʒiːnɪəs	high	
heterogeneous	𐑣𐑧𐑑𐑼𐑴𐑡𐑰𐑯𐑦𐑩𐑕	ˌhetəroʊˈdʒiːniəs	𐑣𐑧𐑑𐑼𐑩𐑡𐑰𐑯𐑾𐑕	ˌhetərəˈdʒiːnɪəs	high	
heterogeneous	𐑣𐑧𐑑𐑼𐑴𐑡𐑰𐑯𐑾𐑕	hetərəʊdʒiːnɪəs	𐑣𐑧𐑑𐑼𐑩𐑡𐑰𐑯𐑾𐑕	ˌhetərəˈdʒiːnɪəs	high	
heteronym	𐑣𐑧𐑑𐑼𐑴𐑯𐑦𐑥	hetərəʊnɪm	𐑣𐑧𐑑𐑼𐑩𐑯𐑦𐑥	ˈhetərənɪm	high	
heterosexual	𐑣𐑧𐑑𐑮𐑩𐑕𐑧𐑒𐑖𐑫𐑩𐑤	hetrəsekʃuəl	𐑣𐑧𐑑𐑼𐑩𐑕𐑧𐑒𐑖𐑫𐑩𐑤	ˌhetərəˈsekʃuəl	high	
heterosexual	𐑣𐑧𐑑𐑼𐑴𐑕𐑧𐑒𐑖𐑫𐑩𐑤	ˌhetəroʊˈsekʃuəl	𐑣𐑧𐑑𐑼𐑩𐑕𐑧𐑒𐑖𐑫𐑩𐑤	ˌhetərəˈsekʃuəl	high	
heuristic	𐑣𐑘𐑼𐑦𐑕𐑑𐑦𐑒	hjəˈrɪstɪk	𐑣𐑘𐑫𐑼𐑦𐑕𐑑𐑦𐑒	hjʊəˈrɪstɪk	high	
hexagon	𐑣𐑧𐑒𐑕𐑩𐑜𐑩𐑯	ˈheksəɡən	𐑣𐑧𐑒𐑕𐑩𐑜𐑪𐑯	ˈheksəɡɒn	high	
hi-fi	𐑣𐑲𐑓𐑲	ˈhaɪˌfaɪ	𐑣𐑲-𐑓𐑲	ˌhaɪ-ˈfaɪ	high	
hiccough	𐑣𐑦𐑒𐑩𐑐	ˈhɪkəp	𐑣𐑦𐑒𐑳𐑐	ˈhɪkʌp	high	
hierarchic	𐑣𐑲𐑮𐑸𐑒𐑦𐑒	haɪˈrɑːRkɪk	𐑣𐑲𐑼𐑸𐑒𐑦𐑒	ˌhaɪəˈrɑːRkɪk	high	
hierarchical	𐑣𐑲𐑮𐑸𐑒𐑦𐑒𐑩𐑤	ˌhaɪˈrɑːRkɪkəl	𐑣𐑲𐑼𐑸𐑒𐑦𐑒𐑩𐑤	ˌhaɪəˈrɑːRkɪkəl	high	
hieroglyph	𐑣𐑲𐑮𐑴𐑜𐑤𐑦𐑓	haɪrəʊɡlɪf	𐑣𐑲𐑮𐑩𐑜𐑤𐑦𐑓	ˈhaɪrəɡlɪf	high	
hieroglyph	𐑣𐑲𐑼𐑩𐑜𐑤𐑦𐑓	ˈhaɪəRəˌɡlɪf	𐑣𐑲𐑮𐑩𐑜𐑤𐑦𐑓	ˈhaɪrəɡlɪf	high	
hieroglyph	𐑣𐑲𐑼𐑴𐑜𐑤𐑦𐑓	ˈhaɪəRoʊˌɡlɪf	𐑣𐑲𐑮𐑩𐑜𐑤𐑦𐑓	ˈhaɪrəɡlɪf	high	
higher	𐑣𐑲𐑮	haɪr	𐑣𐑲𐑼	ˈhaɪəR	high	
highgate	𐑣𐑳𐑦𐑜𐑫𐑑	hʌɪɡʊt	𐑣𐑲𐑜𐑱𐑑	ˈhaɪɡeɪt	high	
highgate	𐑣𐑳𐑦𐑜𐑱𐑑	hʌɪɡeɪt	𐑣𐑲𐑜𐑱𐑑	ˈhaɪɡeɪt	high	
hilarious	𐑣𐑦𐑤𐑺𐑦𐑩𐑕	hɪleəriəs	𐑣𐑦𐑤𐑺𐑾𐑕	hɪˈleərɪəs	high	
hinder	𐑣𐑲𐑯𐑛𐑼	haɪndəR	𐑣𐑦𐑯𐑛𐑼	ˈhɪndəR	high	
hindi	𐑣𐑦𐑯𐑛𐑰	ˈhɪndiː	𐑣𐑦𐑯𐑛𐑦	ˈhɪndi	high	
hindi	𐑣𐑦𐑯𐑞𐑰	hɪnˈðiː	𐑣𐑦𐑯𐑛𐑦	ˈhɪndi	high	
hippopotami	𐑣𐑦𐑐𐑩𐑐𐑪𐑑𐑩𐑥𐑰	ˌhɪpəˈpɒtəmiː	𐑣𐑦𐑐𐑩𐑐𐑪𐑑𐑩𐑥𐑲	ˌhɪpəˈpɒtəmaɪ	high	
hire	𐑣𐑲𐑮	haɪr	𐑣𐑲𐑼	ˈhaɪəR	high	
hired	𐑣𐑲𐑮𐑛	ˈhaɪrd	𐑣𐑲𐑼𐑛	ˈhaɪəRd	high	
hireling	𐑣𐑲𐑩𐑤𐑦𐑙	haɪəlɪŋ	𐑣𐑲𐑼𐑤𐑦𐑙	ˈhaɪəRlɪŋ	medium	r_gap:spelling=1,ipa=0; shave_says:𐑣𐑲𐑼𐑤𐑦𐑙
hireling	𐑣𐑲𐑮𐑤𐑦𐑙	ˈhaɪrˌlɪŋ	𐑣𐑲𐑼𐑤𐑦𐑙	ˈhaɪəRlɪŋ	high	
hiring	𐑣𐑲𐑮𐑦𐑙	haɪrɪŋ	𐑣𐑲𐑼𐑦𐑙	ˈhaɪərɪŋ	high	
hiroshima	𐑣𐑦𐑮𐑴𐑖𐑦𐑥𐑩	hɪˈroʊʃɪmə	𐑣𐑦𐑮𐑪𐑖𐑦𐑥𐑩	hɪˈrɒʃɪmə	high	
hiroshima	𐑣𐑦𐑮𐑴𐑖𐑰𐑥𐑩	hɪroʊˈʃiːmə	𐑣𐑦𐑮𐑪𐑖𐑦𐑥𐑩	hɪˈrɒʃɪmə	high	
hiroshima	𐑣𐑽𐑩𐑖𐑰𐑥𐑩	hɪərəʃiːmə	𐑣𐑦𐑮𐑪𐑖𐑦𐑥𐑩	hɪˈrɒʃɪmə	high	
hiroshima	𐑣𐑽𐑪𐑖𐑦𐑥𐑩	hɪərɒʃɪmə	𐑣𐑦𐑮𐑪𐑖𐑦𐑥𐑩	hɪˈrɒʃɪmə	high	
hirsute	𐑣𐑼𐑕𐑫𐑑	həRˈsut	𐑣𐑻𐑕𐑵𐑑	ˈhɜːRsuːt	high	
historian	𐑣𐑦𐑕𐑑𐑷𐑼𐑾𐑯	hɪstɔərɪən	𐑣𐑦𐑕𐑑𐑹𐑾𐑯	hɪˈstɔːrɪən	high	
historian	𐑣𐑦𐑕𐑑𐑹𐑦𐑩𐑯	hɪˈstɔːRiən	𐑣𐑦𐑕𐑑𐑹𐑾𐑯	hɪˈstɔːrɪən	high	
historians	𐑣𐑦𐑕𐑑𐑹𐑦𐑩𐑯𐑟	hɪˈstɔːRiənz	𐑣𐑦𐑕𐑑𐑹𐑾𐑯𐑟	hɪˈstɔːrɪənz	high	
historic	𐑣𐑦𐑕𐑑𐑹𐑦𐑒	hɪˈstɔːRɪk	𐑣𐑦𐑕𐑑𐑪𐑮𐑦𐑒	hɪˈstɒrɪk	high	
historic	𐑦𐑕𐑑𐑪𐑮𐑦𐑒	ɪstɒrɪk	𐑣𐑦𐑕𐑑𐑪𐑮𐑦𐑒	hɪˈstɒrɪk	high	
historic	𐑦𐑕𐑑𐑹𐑦𐑒	ɪˈstɔːRɪk	𐑣𐑦𐑕𐑑𐑪𐑮𐑦𐑒	hɪˈstɒrɪk	high	
historical	𐑣𐑦𐑕𐑑𐑹𐑦𐑒𐑩𐑤	hɪˈstɔːRɪkəl	𐑣𐑦𐑕𐑑𐑪𐑮𐑦𐑒𐑩𐑤	hɪˈstɒrɪkəl	high	
historically	𐑣𐑦𐑕𐑑𐑹𐑦𐑒𐑤𐑦	hɪˈstɔːRɪkli	𐑣𐑦𐑕𐑑𐑪𐑮𐑦𐑒𐑤𐑦	hɪˈstɒrɪkli	high	
histrionic	𐑣𐑦𐑕𐑑𐑮𐑰𐑪𐑯𐑦𐑒	hɪstriːɒnɪk	𐑣𐑦𐑕𐑑𐑮𐑦𐑪𐑯𐑦𐑒	ˌhɪstrɪˈɒnɪk	high	
hitherto	𐑣𐑦𐑞𐑩𐑑𐑵	hɪðətuː	𐑣𐑦𐑞𐑼𐑑𐑵	ˌhɪðəRˈtuː	medium	r_gap:spelling=1,ipa=0; shave_says:𐑣𐑦𐑞𐑼𐑑𐑵
hitherto	𐑣𐑦𐑞𐑼𐑑𐑫	ˈhɪðərˌtu	𐑣𐑦𐑞𐑼𐑑𐑵	ˌhɪðəRˈtuː	high	
hoar	𐑣𐑪𐑮	hor	𐑣𐑹	hɔːR	high	
hoarder	𐑣𐑪𐑮𐑛𐑼	ˈhordəR	𐑣𐑹𐑛𐑼	ˈhɔːRdəR	high	
hocus-pocus	-𐑒𐑦𐑕	-kɪs	𐑣𐑴𐑒𐑩𐑕-𐑐𐑴𐑒𐑩𐑕	ˌhəʊkəs-ˈpəʊkəs	high	
hocus-pocus	𐑣𐑴𐑒𐑩𐑕 𐑐𐑴𐑒𐑩𐑕	ˌhəʊkəs ˈpəʊkəs	𐑣𐑴𐑒𐑩𐑕-𐑐𐑴𐑒𐑩𐑕	ˌhəʊkəs-ˈpəʊkəs	high	
hog	𐑣𐑷𐑜	hɔːɡ	𐑣𐑪𐑜	hɒɡ	high	
hogshead	𐑣𐑷𐑜𐑟-	ˈhɔːɡz-	𐑣𐑪𐑜𐑟𐑣𐑧𐑛	ˈhɒɡzhed	high	
hogwash	𐑣𐑷𐑜𐑢𐑪𐑖	ˈhɔːɡwɒʃ	𐑣𐑪𐑜𐑢𐑪𐑖	ˈhɒɡwɒʃ	high	
hold	𐑣𐑪𐑩𐑤𐑛	hoəld	𐑣𐑴𐑤𐑛	həʊld	high	
hole	𐑣𐑪𐑤	hol	𐑣𐑴𐑤	həʊl	high	
hole	𐑣𐑷𐑫𐑤	hɔʊl	𐑣𐑴𐑤	həʊl	high	
holiday	𐑣𐑪𐑤𐑦𐑛𐑦	ˈhɒlɪdi	𐑣𐑪𐑤𐑦𐑛𐑱	ˈhɒlɪdeɪ	high	
holiday	𐑣𐑪𐑤𐑩𐑛𐑱	ˈhɒləˌdeɪ	𐑣𐑪𐑤𐑦𐑛𐑱	ˈhɒlɪdeɪ	high	
holiest	𐑣𐑴𐑤𐑦𐑦𐑕𐑑	ˈhəʊliɪst	𐑣𐑴𐑤𐑦𐑩𐑕𐑑	ˈhəʊliəst	high	
holistic	𐑣𐑩𐑤𐑦𐑕𐑑𐑦𐑒	həˈlɪstɪk	𐑣𐑴𐑤𐑦𐑕𐑑𐑦𐑒	həʊˈlɪstɪk	high	
holocaust	𐑣𐑪𐑤𐑴𐑒𐑷𐑕𐑑	ˈhɒləʊˌkɔːst	𐑣𐑪𐑤𐑩𐑒𐑷𐑕𐑑	ˈhɒləkɔːst	high	
holocaust	𐑣𐑴𐑤𐑩-	ˈhoʊlə-	𐑣𐑪𐑤𐑩𐑒𐑷𐑕𐑑	ˈhɒləkɔːst	high	
hologram	𐑣𐑪𐑤𐑩𐑜𐑮𐑺𐑥	ˈhɒləˌɡreəm	𐑣𐑪𐑤𐑩𐑜𐑮𐑨𐑥	ˈhɒləɡræm	high	
homage	𐑣𐑪𐑥𐑭𐑠	ˈhɒmɑːʒ	𐑣𐑪𐑥𐑦𐑡	ˈhɒmɪdʒ	high	
homage	𐑪𐑥𐑪𐑠	ɒˈmɒʒ	𐑣𐑪𐑥𐑦𐑡	ˈhɒmɪdʒ	high	
homage	𐑪𐑥𐑭𐑠	ɒˈmɑːʒ	𐑣𐑪𐑥𐑦𐑡	ˈhɒmɪdʒ	high	
homage	𐑴𐑥𐑪𐑠	oʊˈmɒʒ	𐑣𐑪𐑥𐑦𐑡	ˈhɒmɪdʒ	high	
homeland	𐑣𐑴𐑥𐑤𐑩𐑯𐑛	ˈhoʊmˌlənd	𐑣𐑴𐑥𐑤𐑨𐑯𐑛	ˈhəʊmlænd	high	
homeless	𐑣𐑴𐑥𐑤𐑦𐑕	ˈhoʊmlɪs	𐑣𐑴𐑥𐑤𐑩𐑕	ˈhəʊmləs	high	
homicide	𐑣𐑪𐑥𐑩𐑕𐑲𐑛	ˈhɒməˌsaɪd	𐑣𐑪𐑥𐑦𐑕𐑲𐑛	ˈhɒmɪsaɪd	high	
homicide	𐑣𐑴𐑥𐑩𐑕𐑲𐑛	ˈhoʊməˌsaɪd	𐑣𐑪𐑥𐑦𐑕𐑲𐑛	ˈhɒmɪsaɪd	high	
homily	𐑣𐑪𐑥𐑩𐑤𐑦	ˈhɒməli	𐑣𐑪𐑥𐑦𐑤𐑦	ˈhɒmɪli	high	
homily	𐑣𐑴𐑥𐑦𐑤𐑦	ˈhoʊmɪli	𐑣𐑪𐑥𐑦𐑤𐑦	ˈhɒmɪli	high	
homily	𐑣𐑴𐑥𐑩𐑤𐑦	ˈhoʊməli	𐑣𐑪𐑥𐑦𐑤𐑦	ˈhɒmɪli	high	
hominid	𐑣𐑪𐑥𐑩𐑯𐑩𐑛	ˈhɒmənƏd	𐑣𐑪𐑥𐑦𐑯𐑦𐑛	ˈhɒmɪnɪd	high	
homo	𐑣𐑪𐑥𐑴	ˈhɒməʊ	𐑣𐑴𐑥𐑴	ˈhəʊməʊ	high	
homogeneity	𐑣𐑪𐑥𐑩𐑡𐑩𐑯𐑰𐑩𐑑𐑦	ˌhɒmədʒəˈniːəti	𐑣𐑴𐑥𐑴𐑡𐑩𐑯𐑱𐑦𐑑𐑦	ˌhəʊməʊdʒəˈneɪɪti	high	
homogeneity	𐑣𐑪𐑥𐑩𐑡𐑩𐑯𐑱𐑩𐑑𐑦	ˌhɒmədʒəˈneɪəti	𐑣𐑴𐑥𐑴𐑡𐑩𐑯𐑱𐑦𐑑𐑦	ˌhəʊməʊdʒəˈneɪɪti	high	
homogeneity	𐑣𐑪𐑥𐑴𐑡𐑩𐑯𐑰𐑩𐑑𐑦	ˌhɒməʊdʒəˈniːəti	𐑣𐑴𐑥𐑴𐑡𐑩𐑯𐑱𐑦𐑑𐑦	ˌhəʊməʊdʒəˈneɪɪti	high	
homogeneity	𐑣𐑪𐑥𐑴𐑡𐑩𐑯𐑱𐑩𐑑𐑦	ˌhɒməʊdʒəˈneɪəti	𐑣𐑴𐑥𐑴𐑡𐑩𐑯𐑱𐑦𐑑𐑦	ˌhəʊməʊdʒəˈneɪɪti	medium	ml_disagrees:𐑣𐑪𐑥𐑴𐑡𐑦𐑯𐑱𐑩𐑑𐑦; shave_says:𐑣𐑴𐑥𐑩𐑡𐑩𐑯𐑱𐑦𐑑𐑦
homogeneity	𐑣𐑴𐑥𐑩𐑡𐑩𐑯𐑰𐑩𐑑𐑦	ˌhoʊmədʒəˈniːəti	𐑣𐑴𐑥𐑴𐑡𐑩𐑯𐑱𐑦𐑑𐑦	ˌhəʊməʊdʒəˈneɪɪti	high	
homogeneity	𐑣𐑴𐑥𐑩𐑡𐑩𐑯𐑱𐑩𐑑𐑦	ˌhoʊmədʒəˈneɪəti	𐑣𐑴𐑥𐑴𐑡𐑩𐑯𐑱𐑦𐑑𐑦	ˌhəʊməʊdʒəˈneɪɪti	high	
homogeneity	𐑣𐑴𐑥𐑴𐑡𐑩𐑯𐑰𐑩𐑑𐑦	ˌhəʊməʊdʒəˈniːəti	𐑣𐑴𐑥𐑴𐑡𐑩𐑯𐑱𐑦𐑑𐑦	ˌhəʊməʊdʒəˈneɪɪti	high	
homogeneity	𐑣𐑴𐑥𐑴𐑡𐑩𐑯𐑱𐑩𐑑𐑦	ˌhəʊməʊdʒəˈneɪəti	𐑣𐑴𐑥𐑴𐑡𐑩𐑯𐑱𐑦𐑑𐑦	ˌhəʊməʊdʒəˈneɪɪti	medium	ml_disagrees:𐑣𐑴𐑥𐑴𐑡𐑦𐑯𐑱𐑩𐑑𐑦; shave_says:𐑣𐑴𐑥𐑩𐑡𐑩𐑯𐑱𐑦𐑑𐑦
homogeneous	-𐑡𐑧-	-ˈdʒe-	𐑣𐑴𐑥𐑩𐑡𐑰𐑯𐑾𐑕	ˌhəʊməˈdʒiːnɪəs	high	
homogeneous	-𐑯𐑘𐑩𐑕	-njəs	𐑣𐑴𐑥𐑩𐑡𐑰𐑯𐑾𐑕	ˌhəʊməˈdʒiːnɪəs	high	
homogeneous	𐑣𐑩𐑥𐑪𐑡𐑩𐑯𐑩𐑕	həˈmɒdʒənəs	𐑣𐑴𐑥𐑩𐑡𐑰𐑯𐑾𐑕	ˌhəʊməˈdʒiːnɪəs	high	
homogeneous	𐑣𐑪𐑥𐑴𐑡𐑰𐑯𐑾𐑕	ˌhɒməʊˈdʒiːnɪəs	𐑣𐑴𐑥𐑩𐑡𐑰𐑯𐑾𐑕	ˌhəʊməˈdʒiːnɪəs	high	
homogeneous	𐑣𐑴𐑥𐑩-	ˌhoʊmə-	𐑣𐑴𐑥𐑩𐑡𐑰𐑯𐑾𐑕	ˌhəʊməˈdʒiːnɪəs	high	
homogeneous	𐑣𐑴𐑥𐑴𐑡𐑦𐑯𐑦𐑩𐑕	ˌhoʊmoʊˈdʒiniəs	𐑣𐑴𐑥𐑩𐑡𐑰𐑯𐑾𐑕	ˌhəʊməˈdʒiːnɪəs	high	
homogeneous	𐑣𐑴𐑥𐑴𐑡𐑰𐑯𐑾𐑕	ˌhəʊməʊˈdʒiːnɪəs	𐑣𐑴𐑥𐑩𐑡𐑰𐑯𐑾𐑕	ˌhəʊməˈdʒiːnɪəs	high	
homogenise	𐑣𐑩𐑥𐑪𐑡𐑩𐑯𐑲𐑟	həˈmɒdʒənaɪz	𐑣𐑩𐑥𐑪𐑡𐑦𐑯𐑲𐑟	həˈmɒdʒɪnaɪz	high	
homogenise	𐑣𐑩𐑥𐑭𐑡𐑩𐑯𐑲𐑟	həˈmɑːdʒənaɪz	𐑣𐑩𐑥𐑪𐑡𐑦𐑯𐑲𐑟	həˈmɒdʒɪnaɪz	high	
homogenize	𐑣𐑩𐑥𐑪𐑡𐑩𐑯𐑲𐑟	həˈmɒdʒənaɪz	𐑣𐑩𐑥𐑪𐑡𐑦𐑯𐑲𐑟	həˈmɒdʒɪnaɪz	high	
homogenize	𐑣𐑩𐑥𐑭𐑡𐑩𐑯𐑲𐑟	həˈmɑːdʒənaɪz	𐑣𐑩𐑥𐑪𐑡𐑦𐑯𐑲𐑟	həˈmɒdʒɪnaɪz	high	
homograph	𐑣𐑪𐑥𐑩𐑜𐑮𐑭𐑓	hɒməɡrɑːf	𐑣𐑪𐑥𐑩𐑜𐑮𐑨𐑓	ˈhɒməɡræf	high	ml_disagrees:𐑣𐑪𐑥𐑩𐑜𐑮ɑ𐑨𐑓; shave_agrees
homograph	𐑣𐑭𐑥𐑩𐑜𐑮𐑨𐑓	ˈhɑːməɡræf	𐑣𐑪𐑥𐑩𐑜𐑮𐑨𐑓	ˈhɒməɡræf	high	
homograph	𐑣𐑴𐑥𐑩𐑜𐑮𐑨𐑓	həʊməɡræf	𐑣𐑪𐑥𐑩𐑜𐑮𐑨𐑓	ˈhɒməɡræf	high	
homophobe	𐑣𐑪𐑥𐑩-	ˈhɒmə-	𐑣𐑴𐑥𐑩𐑓𐑴𐑚	ˈhəʊməfəʊb	high	
homophobia	𐑣𐑪𐑥𐑩-	ˌhɒmə-	𐑣𐑴𐑥𐑩𐑓𐑴𐑚𐑾	ˌhəʊməˈfəʊbɪə	high	
homophobia	𐑣𐑴𐑥𐑩𐑓𐑴𐑚𐑦𐑩	ˌhəʊməˈfəʊbiə	𐑣𐑴𐑥𐑩𐑓𐑴𐑚𐑾	ˌhəʊməˈfəʊbɪə	high	
homophobic	𐑣𐑪𐑥𐑩-	ˈhɒmə-	𐑣𐑴𐑥𐑩𐑓𐑴𐑚𐑦𐑒	ˌhəʊməˈfəʊbɪk	high	
homosexuality	𐑣𐑪𐑥𐑴-	ˌhɒməʊ-	𐑣𐑴𐑥𐑴𐑕𐑧𐑒𐑖𐑫𐑨𐑤𐑦𐑑𐑦	ˌhəʊməʊsekʃuˈælɪti	high	
homosexuality	𐑣𐑴𐑥𐑩𐑕𐑧𐑒𐑖𐑫𐑨𐑤𐑦𐑑𐑦	ˌhoʊməˌsekʃuˈælɪti	𐑣𐑴𐑥𐑴𐑕𐑧𐑒𐑖𐑫𐑨𐑤𐑦𐑑𐑦	ˌhəʊməʊsekʃuˈælɪti	high	
homosexuality	𐑣𐑴𐑥𐑴𐑕𐑧𐑒𐑕𐑘𐑩𐑨𐑤𐑦𐑑𐑦	ˌhəʊməʊˌseksjəˈælɪti	𐑣𐑴𐑥𐑴𐑕𐑧𐑒𐑖𐑫𐑨𐑤𐑦𐑑𐑦	ˌhəʊməʊsekʃuˈælɪti	high	
honduras	𐑣𐑪𐑯𐑛𐑘𐑩𐑼𐑩𐑕	hɒndjəərəs	𐑣𐑪𐑯𐑛𐑘𐑫𐑼𐑩𐑕	hɒnˈdjʊərəs	medium	ml_disagrees:𐑣𐑪𐑯𐑛𐑘𐑫𐑼𐑩𐑕; shave_says:𐑣𐑪𐑯𐑛𐑻𐑩𐑕
honduras	𐑣𐑪𐑯𐑛𐑘𐑼𐑩𐑕	hɒnˈdjərəs	𐑣𐑪𐑯𐑛𐑘𐑫𐑼𐑩𐑕	hɒnˈdjʊərəs	high	
honduras	𐑣𐑪𐑯𐑛𐑫𐑮𐑩𐑕	hɒnˈdʊrəs	𐑣𐑪𐑯𐑛𐑘𐑫𐑼𐑩𐑕	hɒnˈdjʊərəs	high	
honest	𐑷𐑯𐑦𐑕𐑑	ˈɔːnɪst	𐑪𐑯𐑩𐑕𐑑	ˈɒnəst	high	
honesty	𐑷𐑯𐑦𐑕𐑑𐑦	ˈɔːnɪstɪ	𐑪𐑯𐑩𐑕𐑑𐑦	ˈɒnəsti	high	
honeydew	-𐑡𐑵	-dʒuː	𐑣𐑳𐑯𐑦𐑛𐑵, 𐑣𐑳𐑯𐑦𐑛𐑿	ˈhʌnɪdjuː	high	
honeydew	𐑣𐑳𐑯𐑦𐑛𐑘𐑫	ˈhʌniˌdju	𐑣𐑳𐑯𐑦𐑛𐑵, 𐑣𐑳𐑯𐑦𐑛𐑿	ˈhʌnɪdjuː	high	
honeysuckle	𐑣𐑳𐑯𐑰𐑕𐑳𐑒𐑩𐑤	ˈhʌniːsʌkəl	𐑣𐑳𐑯𐑦𐑕𐑳𐑒𐑩𐑤	ˈhʌnɪsʌkəl	high	
hong	𐑣𐑷𐑙	hɔːŋ	𐑣𐑪𐑙	ˌhɒŋ	high	
hong kong	𐑣𐑪𐑙𐑒𐑪𐑙	ˌhɒŋˈkɒŋ	𐑣𐑪𐑙 𐑒𐑪𐑙	ˌhɒŋ ˈkɒŋ	high	
hong kong	𐑣𐑷𐑙𐑒𐑷𐑙	ˌhɔːŋˈkɔːŋ	𐑣𐑪𐑙 𐑒𐑪𐑙	ˌhɒŋ ˈkɒŋ	high	
honk	𐑣𐑷𐑙𐑒	hɔːŋk	𐑣𐑪𐑙𐑒	hɒŋk	high	
honorable	𐑪𐑯𐑩 𐑮𐑩𐑚𐑩𐑤	ɒnə rəbəl	𐑪𐑯𐑼𐑩𐑚𐑩𐑤	ˈɒnərəbəl	high	
honorable	𐑪𐑯𐑮𐑩𐑚𐑩𐑤	ɒnrəbəl	𐑪𐑯𐑼𐑩𐑚𐑩𐑤	ˈɒnərəbəl	high	
honorarium	𐑪𐑯𐑼𐑧𐑮𐑦𐑩𐑥	ɒnəreriəm	𐑪𐑯𐑼𐑺𐑾𐑥	ˌɒnəˈreərɪəm	high	
honorary	𐑪𐑯𐑼𐑧𐑮𐑦	ˈɒnəˌreri	𐑪𐑯𐑼𐑼𐑦	ˈɒnərəri	high	
honorific	𐑭𐑯𐑼𐑦𐑓𐑦𐑒	ˌɑːnəˈrɪfɪk	𐑪𐑯𐑼𐑦𐑓𐑦𐑒	ˌɒnəˈrɪfɪk	high	
honourably	𐑪𐑯𐑮𐑩𐑚𐑤𐑦	ɒnrəbli	𐑪𐑯𐑼𐑩𐑚𐑤𐑦	ˈɒnərəbli	high	
hoodoo	𐑣𐑫𐑛𐑫	ˈhudu	𐑣𐑵𐑛𐑵	ˈhuːduː	high	
hoof	𐑣𐑫𐑓	hʊf	𐑣𐑵𐑓	huːf	high	
hoofs	𐑣𐑫𐑓𐑕	hufs	𐑣𐑵𐑓𐑕	huːfs	high	
hoop	𐑣𐑫𐑐	hʊp	𐑣𐑵𐑐	huːp	high	
hooter	𐑣𐑫𐑑𐑼	ˈhutəR	𐑣𐑵𐑑𐑼	ˈhuːtəR	high	
hoover	𐑣𐑫𐑝𐑼	ˈhuvəR	𐑣𐑵𐑝𐑼	ˈhuːvəR	high	
hopeless	𐑣𐑴𐑐𐑤𐑦𐑕	ˈhoʊplɪs	𐑣𐑴𐑐𐑤𐑩𐑕	ˈhəʊpləs	high	
hopelessly	𐑣𐑴𐑐𐑤𐑦𐑕𐑤𐑦	ˈhoʊplɪsli	𐑣𐑴𐑐𐑤𐑩𐑕𐑤𐑦	ˈhəʊpləsli	high	
horace	𐑣𐑹𐑩𐑕	ˈhɔːRəs	𐑣𐑪𐑮𐑦𐑕	ˈhɒrɪs	high	
horizontal	𐑣𐑪𐑮𐑩𐑟𐑪𐑯𐑑𐑩𐑤	ˌhorəˈzɒntəl	𐑣𐑪𐑮𐑦𐑟𐑪𐑯𐑑𐑩𐑤	ˌhɒrɪˈzɒntəl	high	
hormone	𐑣𐑪𐑮𐑥𐑴𐑯	ˈhormoʊn	𐑣𐑹𐑥𐑴𐑯	ˈhɔːRməʊn	high	
hornbeam	𐑣𐑹𐑯𐑚𐑦𐑥	ˈhɔːRnˌbim	𐑣𐑹𐑯𐑚𐑰𐑥	ˈhɔːRnbiːm	high	
hornet	𐑣𐑹𐑯𐑦𐑑	hɔːRnɪt	𐑣𐑹𐑯𐑩𐑑	ˈhɔːRnIt	high	
hornless	𐑣𐑹𐑯𐑤𐑦𐑕	hɔːRnlɪs	𐑣𐑹𐑯𐑤𐑩𐑕	ˈhɔːRnləs	high	
horny	𐑣𐑪𐑮𐑯𐑦	ˈhorni	𐑣𐑹𐑯𐑦	ˈhɔːRni	high	
horoscope	𐑣𐑹𐑩𐑕𐑒𐑴𐑐	ˈhɔːRəˌskoʊp	𐑣𐑪𐑮𐑩𐑕𐑒𐑴𐑐	ˈhɒrəskəʊp	high	
horrible	-𐑚𐑩𐑤	-bəl	𐑣𐑪𐑮𐑩𐑚𐑩𐑤	ˈhɒrəbəl	medium	r_gap:spelling=2,ipa=0
horrible	𐑣𐑪𐑮𐑦𐑚𐑩𐑤	hɒrɪbəl	𐑣𐑪𐑮𐑩𐑚𐑩𐑤	ˈhɒrəbəl	high	r_gap:spelling=2,ipa=1; shave_agrees
horrible	𐑣𐑹𐑦𐑚𐑩𐑤	ˈhɔːRɪbəl	𐑣𐑪𐑮𐑩𐑚𐑩𐑤	ˈhɒrəbəl	medium	r_gap:spelling=2,ipa=1
horribly	𐑣𐑪𐑮𐑦𐑚𐑤𐑦	hɒrɪbli	𐑣𐑪𐑮𐑩𐑚𐑤𐑦	ˈhɒrəbli	high	r_gap:spelling=2,ipa=1; shave_agrees
horribly	𐑣𐑸𐑩𐑚𐑤𐑦	ˈhɑːRəbli	𐑣𐑪𐑮𐑩𐑚𐑤𐑦	ˈhɒrəbli	medium	r_gap:spelling=2,ipa=1
horribly	𐑣𐑹𐑩𐑚𐑤𐑦	ˈhɔːRəbli	𐑣𐑪𐑮𐑩𐑚𐑤𐑦	ˈhɒrəbli	medium	r_gap:spelling=2,ipa=1
horrid	𐑣𐑹𐑩𐑛	ˈhɔːRƏd	𐑣𐑪𐑮𐑦𐑛	ˈhɒrɪd	medium	r_gap:spelling=2,ipa=1
horrific	𐑣𐑪𐑮𐑦𐑓𐑦𐑒	hɒˈrɪfɪk	𐑣𐑼𐑦𐑓𐑦𐑒	həˈrɪfɪk	medium	r_gap:spelling=2,ipa=1
horrific	𐑣𐑹𐑦𐑓𐑦𐑒	hɔːˈrɪfɪk	𐑣𐑼𐑦𐑓𐑦𐑒	həˈrɪfɪk	medium	r_gap:spelling=2,ipa=1
horrify	𐑣𐑹𐑩𐑓𐑲	ˈhɔːRəfaɪ	𐑣𐑪𐑮𐑦𐑓𐑲	ˈhɒrɪfaɪ	medium	r_gap:spelling=2,ipa=1
horror	𐑣𐑹𐑼	ˈhɔːRəR	𐑣𐑪𐑮𐑼	ˈhɒrəR	medium	r_gap:spelling=3,ipa=2
horse	𐑣𐑪𐑮𐑕	hors	𐑣𐑹𐑕	hɔːRs	high	
horsemen	𐑣𐑹𐑕𐑥𐑩𐑯	ˈhɔːRsmən	𐑣𐑹𐑕𐑥𐑧𐑯	ˈhɔːRsmen	high	
horses	𐑣𐑪𐑮𐑕𐑩𐑟	ˈhorsƏz	𐑣𐑹𐑕𐑩𐑟	ˈhɔːRsƏz	high	
horseshoe	𐑣𐑹𐑖𐑵	hɔːRʃuː	𐑣𐑹𐑕𐑖𐑵	ˈhɔːRs+ʃuː	high	
hosea	𐑣𐑴𐑟𐑰𐑩	ˌhoʊˈziːə	𐑣𐑴𐑟𐑾	həʊˈziːə	high	
hosea	𐑣𐑴𐑟𐑱𐑩	ˌhoʊˈzeɪə	𐑣𐑴𐑟𐑾	həʊˈziːə	high	
hosier	𐑣𐑴𐑟𐑦𐑼	ˈhoʊziəR	𐑣𐑴𐑟𐑽	ˈhəʊzɪəR	high	
hosier	𐑣𐑴𐑟𐑼	həʊzər	𐑣𐑴𐑟𐑽	ˈhəʊzɪəR	high	
hosier	𐑣𐑴𐑠𐑦𐑼	ˈhoʊʒiəR	𐑣𐑴𐑟𐑽	ˈhəʊzɪəR	high	
hosier	𐑣𐑴𐑠𐑼	həʊʒər	𐑣𐑴𐑟𐑽	ˈhəʊzɪəR	high	
hosier	𐑣𐑴𐑠𐑽	həʊʒɪər	𐑣𐑴𐑟𐑽	ˈhəʊzɪəR	high	
hosiery	𐑣𐑴𐑠𐑼𐑦	ˈhoʊʒəri	𐑣𐑴𐑟𐑽𐑦	ˈhəʊzɪəri	high	
hospital	𐑪𐑕𐑐𐑦𐑑𐑩𐑤	ˈɒspɪtəl	𐑣𐑪𐑕𐑐𐑦𐑑𐑩𐑤	ˈhɒspɪtəl	high	
hospitality	𐑣𐑪𐑕𐑐𐑦𐑑𐑨𐑤𐑩𐑑𐑦	ˌhɒspɪˈtæləti	𐑣𐑪𐑕𐑐𐑦𐑑𐑨𐑤𐑦𐑑𐑦	ˌhɒspɪˈtælɪti	high	
hospitalization	-𐑲𐑟𐑱𐑖𐑩𐑯	-aɪˈzeɪʃən	𐑣𐑪𐑕𐑐𐑦𐑑𐑩𐑤𐑲𐑟𐑱𐑖𐑩𐑯	ˌhɒspɪtəlaɪˈzeɪʃən	high	
hospitalization	𐑣𐑪𐑕𐑐𐑦𐑑𐑩𐑤𐑲𐑟𐑱𐑖𐑯	ˌhɒspɪtəlaɪˈzeɪʃn	𐑣𐑪𐑕𐑐𐑦𐑑𐑩𐑤𐑲𐑟𐑱𐑖𐑩𐑯	ˌhɒspɪtəlaɪˈzeɪʃən	high	
hospitalization	𐑣𐑭𐑕𐑐𐑦𐑑𐑩𐑤𐑦𐑟𐑱𐑖𐑩𐑯	ˌhɑːspɪtəlɪˈzeɪʃən	𐑣𐑪𐑕𐑐𐑦𐑑𐑩𐑤𐑲𐑟𐑱𐑖𐑩𐑯	ˌhɒspɪtəlaɪˈzeɪʃən	high	
hostess	𐑣𐑴𐑕𐑑𐑦𐑕	ˈhoʊstɪs	𐑣𐑴𐑕𐑑𐑧𐑕	ˈhəʊstes	high	
hostess	𐑣𐑴𐑕𐑑𐑩𐑕	ˈhəʊstəs	𐑣𐑴𐑕𐑑𐑧𐑕	ˈhəʊstes	high	
hostile	𐑣𐑪𐑕𐑑𐑩𐑤	ˈhɒstəl	𐑣𐑪𐑕𐑑𐑲𐑤	ˈhɒstaɪl	high	
hostilely	𐑣𐑪𐑕𐑑𐑩𐑤𐑤𐑦	ˈhɒstəlli	𐑣𐑪𐑕𐑑𐑲𐑤𐑦	ˈhɒstaɪli	high	
hostilely	𐑣𐑪𐑕𐑑𐑩𐑤𐑦	ˈhɒstəli	𐑣𐑪𐑕𐑑𐑲𐑤𐑦	ˈhɒstaɪli	high	
hostilely	𐑣𐑪𐑕𐑑𐑲𐑤𐑤𐑦	ˈhɒstaɪlli	𐑣𐑪𐑕𐑑𐑲𐑤𐑦	ˈhɒstaɪli	high	
hot	𐑣𐑷𐑑	hɔt	𐑣𐑪𐑑	hɒt	high	
hotel	𐑴𐑑𐑧𐑤	əʊˈtel	𐑣𐑴𐑑𐑧𐑤	həʊˈtel	high	
hotelier	-𐑑𐑩𐑤-	-təl-	𐑣𐑴𐑑𐑧𐑤𐑽	həʊˈtelɪəR	medium	r_gap:spelling=1,ipa=0
hotelier	𐑣𐑴-	ˌhoʊ-	𐑣𐑴𐑑𐑧𐑤𐑽	həʊˈtelɪəR	medium	r_gap:spelling=1,ipa=0
hotelier	𐑣𐑴𐑑𐑧𐑤𐑦𐑱	həʊtelieɪ	𐑣𐑴𐑑𐑧𐑤𐑽	həʊˈtelɪəR	medium	r_gap:spelling=1,ipa=0; shave_says:𐑣𐑴𐑑𐑧𐑤𐑘𐑼
hotelier	𐑣𐑴𐑑𐑧𐑤𐑦𐑼	həʊteliəR	𐑣𐑴𐑑𐑧𐑤𐑽	həʊˈtelɪəR	high	
hotelier	𐑴𐑑𐑧𐑤𐑘𐑱	ˌoʊtelˈjeɪ	𐑣𐑴𐑑𐑧𐑤𐑽	həʊˈtelɪəR	medium	r_gap:spelling=1,ipa=0
houri	𐑣𐑫𐑮𐑦	ˈhʊri	𐑣𐑫𐑼𐑦	ˈhʊəri	high	
houri	𐑣𐑬𐑼𐑦	haʊəri	𐑣𐑫𐑼𐑦	ˈhʊəri	high	
house	𐑣𐑨𐑫𐑕	hæʊs	𐑣𐑬𐑕, 𐑣𐑬𐑟	haʊs	high	
housekeeper	𐑣𐑬𐑕𐑒𐑦𐑐𐑼	ˈhaʊskipəR	𐑣𐑬𐑕𐑒𐑰𐑐𐑼	ˈhaʊskiːpəR	high	
housemother	𐑣𐑳𐑫𐑕𐑥𐑳𐑞𐑼	hʌʊsˈmʌðəR	𐑣𐑬𐑕𐑥𐑳𐑞𐑼	ˈhaʊsmʌðəR	high	
housewifery	𐑣𐑳𐑟𐑦𐑓𐑮𐑦	hʌzɪfri	𐑣𐑬𐑕𐑢𐑦𐑓𐑼𐑦	ˈhaʊswɪfəri	high	
houston	𐑣𐑘𐑫𐑕𐑑𐑩𐑯	ˈhjustən	𐑣𐑿𐑕𐑑𐑩𐑯	ˈhjuːstən	high	
hovel	𐑣𐑳𐑝𐑩𐑤	ˈhʌvəl	𐑣𐑪𐑝𐑩𐑤	ˈhɒvəl	high	
hover	𐑣𐑳𐑝𐑼	hʌvəR	𐑣𐑪𐑝𐑼	ˈhɒvəR	high	
hoverboard	𐑣𐑪𐑝𐑩𐑚𐑷𐑮𐑛	hɒvəbɔrd	𐑣𐑪𐑝𐑼𐑚𐑹𐑛	ˈhɒvərbɔːRd	medium	r_gap:spelling=2,ipa=1; shave_says:𐑣𐑪𐑝𐑼𐑚𐑹𐑛
hoverboard	𐑣𐑳𐑝𐑼𐑚𐑹𐑛	ˈhʌvəRbɔːRd	𐑣𐑪𐑝𐑼𐑚𐑹𐑛	ˈhɒvərbɔːRd	high	
hovercraft	𐑣𐑪𐑝𐑩𐑒𐑮𐑨𐑓𐑑	hɒvəkræft	𐑣𐑪𐑝𐑼𐑒𐑮𐑨𐑓𐑑, 𐑣𐑪𐑝𐑼𐑒𐑮𐑭𐑓𐑑	ˈhɒvəRkrⱭːft	medium	r_gap:spelling=2,ipa=1; shave_says:𐑣𐑪𐑝𐑼𐑒𐑮𐑭𐑓𐑑
hovercraft	𐑣𐑪𐑝𐑩𐑒𐑮𐑭𐑓𐑑	hɒvəkrɑːft	𐑣𐑪𐑝𐑼𐑒𐑮𐑨𐑓𐑑, 𐑣𐑪𐑝𐑼𐑒𐑮𐑭𐑓𐑑	ˈhɒvəRkrⱭːft	medium	r_gap:spelling=2,ipa=1; shave_says:𐑣𐑪𐑝𐑼𐑒𐑮𐑭𐑓𐑑
hovercraft	𐑣𐑳𐑝𐑩𐑒𐑮𐑨𐑓𐑑	hʌvəkræft	𐑣𐑪𐑝𐑼𐑒𐑮𐑨𐑓𐑑, 𐑣𐑪𐑝𐑼𐑒𐑮𐑭𐑓𐑑	ˈhɒvəRkrⱭːft	medium	r_gap:spelling=2,ipa=1; shave_says:𐑣𐑪𐑝𐑼𐑒𐑮𐑭𐑓𐑑
hovercraft	𐑣𐑳𐑝𐑩𐑒𐑮𐑭𐑓𐑑	hʌvəkrɑːft	𐑣𐑪𐑝𐑼𐑒𐑮𐑨𐑓𐑑, 𐑣𐑪𐑝𐑼𐑒𐑮𐑭𐑓𐑑	ˈhɒvəRkrⱭːft	medium	r_gap:spelling=2,ipa=1; shave_says:𐑣𐑪𐑝𐑼𐑒𐑮𐑭𐑓𐑑
hovercraft	𐑣𐑳𐑝𐑼𐑒𐑮𐑨𐑓𐑑	ˈhʌvəRkræft	𐑣𐑪𐑝𐑼𐑒𐑮𐑨𐑓𐑑, 𐑣𐑪𐑝𐑼𐑒𐑮𐑭𐑓𐑑	ˈhɒvəRkrⱭːft	high	
hubert	𐑣𐑘𐑫𐑚𐑼𐑑	ˈhjubəRt	𐑣𐑿𐑚𐑼𐑑	ˈhjuːbəRt	high	
hubris	𐑣𐑘𐑫𐑚𐑮𐑦𐑕	ˈhjubrɪs	𐑣𐑿𐑚𐑮𐑦𐑕	ˈhjuːbrɪs	high	
huckleberry	𐑣𐑳𐑒𐑩𐑤𐑚𐑧𐑮𐑦	ˈhʌkəlˌberi	𐑣𐑳𐑒𐑩𐑤𐑚𐑼𐑦	ˈhʌkəlbəri	medium	r_gap:spelling=2,ipa=1
hue	𐑘𐑫	ju	𐑣𐑿	hjuː	high	
hue	𐑣𐑘𐑫	hju	𐑣𐑿	hjuː	high	
hugger-mugger	𐑣𐑳𐑜𐑩𐑥𐑳𐑜𐑼	hʌɡəmʌɡəR	𐑣𐑳𐑜𐑼-𐑥𐑳𐑜𐑼	ˈhʌɡəR-mʌɡəR	medium	r_gap:spelling=2,ipa=1; shave_says:𐑣𐑳𐑜𐑼-𐑥𐑳𐑜𐑼
hugger-mugger	𐑣𐑳𐑜𐑼𐑥𐑳𐑜𐑼	ˈhʌɡəRˌmʌɡəR	𐑣𐑳𐑜𐑼-𐑥𐑳𐑜𐑼	ˈhʌɡəR-mʌɡəR	high	
hugo	𐑘𐑫𐑜𐑴	ˈjuɡoʊ	𐑣𐑿𐑜𐑴	ˈhjuːɡəʊ	high	
hugo	𐑣𐑘𐑫𐑜𐑴	ˈhjuɡoʊ	𐑣𐑿𐑜𐑴	ˈhjuːɡəʊ	high	
huguenot	𐑣𐑘𐑫𐑜𐑩𐑯𐑪𐑑	ˈhjuɡənɒt	𐑣𐑿𐑜𐑩𐑯𐑴	ˈhjuːɡənəʊ	high	
huh	𐑣𐑩	hə	𐑣𐑳	hʌ	high	
hula	𐑣𐑫𐑤𐑩	ˈhulə	𐑣𐑵𐑤𐑩	ˈhuːlə	high	
hullabaloo	𐑣𐑳𐑤𐑩𐑚𐑩𐑤𐑫	ˌhʌləbəˈlu	𐑣𐑳𐑤𐑩𐑚𐑩𐑤𐑵	ˌhʌləbəˈluː	high	
hullo	𐑣𐑳𐑤𐑴	hʌˈləʊ	𐑣𐑩𐑤𐑴	həˈləʊ	high	
humane	𐑣𐑘𐑫𐑥𐑱𐑯	hjuˈmeɪn	𐑣𐑿𐑥𐑱𐑯	hjuːˈmeɪn	high	
humanism	𐑣𐑘𐑫𐑥𐑩𐑯𐑦𐑟𐑩𐑥	ˈhjumənɪzəm	𐑣𐑿𐑥𐑩𐑯𐑦𐑟𐑩𐑥	ˈhjuːmənɪzəm	high	
humanitarian	-𐑺𐑦𐑩𐑯	-eəriən	𐑣𐑿𐑥𐑨𐑯𐑦𐑑𐑺𐑾𐑯	hjuːˌmænɪˈteərɪən	high	
humanitarian	𐑣𐑘𐑩𐑥𐑨𐑯𐑦𐑑𐑻𐑾𐑯	hjəmænɪtɜːrɪən	𐑣𐑿𐑥𐑨𐑯𐑦𐑑𐑺𐑾𐑯	hjuːˌmænɪˈteərɪən	high	
humanitarian	𐑣𐑘𐑫𐑥𐑨𐑯𐑩𐑑𐑧𐑮𐑦𐑩𐑯	hjuˌmænəˈteriən	𐑣𐑿𐑥𐑨𐑯𐑦𐑑𐑺𐑾𐑯	hjuːˌmænɪˈteərɪən	high	
humanitarian	𐑣𐑿𐑥𐑨𐑯𐑦𐑑𐑻𐑾𐑯	ˌhjuːmænɪˈtɜːrɪən	𐑣𐑿𐑥𐑨𐑯𐑦𐑑𐑺𐑾𐑯	hjuːˌmænɪˈteərɪən	high	
humanities	𐑣𐑘𐑫𐑥𐑨𐑯𐑦𐑑𐑦𐑟	hjuˈmænɪtiz	𐑣𐑿𐑥𐑨𐑯𐑦𐑑𐑦𐑟	hjuːˈmænɪtiz	high	
humanity	𐑣𐑘𐑫𐑥𐑨𐑯𐑦𐑑𐑦	hjuˈmænɪti	𐑣𐑿𐑥𐑨𐑯𐑦𐑑𐑦	hjuːˈmænɪti	high	
humble	𐑳𐑥𐑚𐑩𐑤	ˈʌmbəl	𐑣𐑳𐑥𐑚𐑩𐑤	ˈhʌmbəl	high	
humbug	𐑣𐑩𐑥𐑚𐑩𐑜	ˈhəmˌbəɡ	𐑣𐑳𐑥𐑚𐑳𐑜	ˈhʌmbʌɡ	high	
humbugging	𐑣𐑩𐑥𐑚𐑩𐑜𐑦𐑙	ˈhəmˌbəɡɪŋ	𐑣𐑳𐑥𐑚𐑳𐑜𐑦𐑙	ˈhʌmbʌɡɪŋ	high	
humidity	𐑣𐑘𐑫𐑥𐑦𐑑𐑩𐑑𐑦	hjuˈmɪtəti	𐑣𐑿𐑥𐑦𐑛𐑦𐑑𐑦	hjuːˈmɪdɪti	high	
humidity	𐑣𐑘𐑫𐑥𐑦𐑛𐑩𐑑𐑦	hjuˈmɪdəti	𐑣𐑿𐑥𐑦𐑛𐑦𐑑𐑦	hjuːˈmɪdɪti	high	
humidity	𐑣𐑿𐑥𐑦𐑛𐑩𐑑𐑦	hjuːˈmɪdəti	𐑣𐑿𐑥𐑦𐑛𐑦𐑑𐑦	hjuːˈmɪdɪti	high	
humor	𐑿𐑥𐑼	ˈjuːməR	𐑣𐑿𐑥𐑼	ˈhjuːməR	high	
humorously	𐑣𐑘𐑫𐑥𐑼𐑦𐑕𐑤𐑦	ˈhjumərɪsli	𐑣𐑿𐑥𐑼𐑩𐑕𐑤𐑦	ˈhjuːmərəsli	high	
humour	𐑿𐑥𐑼	ˈjuːməR	𐑣𐑿𐑥𐑼	ˈhjuːməR	high	
hundred	-𐑛𐑮𐑩𐑛	-drƏd	𐑣𐑳𐑯𐑛𐑮𐑩𐑛	ˈhʌndrəd	medium	ml_disagrees:-𐑛𐑮𐑦𐑛; shave_says:𐑣𐑳𐑯𐑛𐑮𐑩𐑛
hundred	𐑣𐑳𐑯 𐑛𐑮𐑩𐑛	ˈhʌn drəd	𐑣𐑳𐑯𐑛𐑮𐑩𐑛	ˈhʌndrəd	high	
hundred	𐑣𐑳𐑯𐑛𐑼𐑑	ˈhʌndərt	𐑣𐑳𐑯𐑛𐑮𐑩𐑛	ˈhʌndrəd	high	
hundred	𐑣𐑳𐑯𐑛𐑼𐑛	ˈhʌndərd	𐑣𐑳𐑯𐑛𐑮𐑩𐑛	ˈhʌndrəd	high	
hundred	𐑣𐑳𐑯𐑼𐑑	ˈhʌnərt	𐑣𐑳𐑯𐑛𐑮𐑩𐑛	ˈhʌndrəd	high	
hurdy-gurdy	𐑣𐑻𐑛𐑦𐑜𐑻𐑛𐑦	hɜːRdiɡɜːRdi	𐑣𐑻𐑛𐑦-𐑜𐑻𐑛𐑦	ˈhɜːRdi-ɡɜːRdi	high	
hurricane	𐑣𐑳𐑮𐑦𐑒𐑩𐑯	hʌrɪkən	𐑣𐑳𐑮𐑦𐑒𐑱𐑯	ˈhʌrɪkeɪn	medium	r_gap:spelling=2,ipa=1; shave_says:𐑣𐑳𐑮𐑦𐑒𐑱𐑯
hurriedly	𐑣𐑻𐑩𐑛𐑤𐑦	ˈhɜːRƏdli	𐑣𐑳𐑮𐑦𐑛𐑤𐑦	ˈhʌrɪdli	medium	r_gap:spelling=2,ipa=1
hurrying	𐑣𐑻𐑦𐑦𐑙	ˈhɜːRiɪŋ	𐑣𐑳𐑮𐑦𐑦𐑙	ˈhʌriɪŋ	medium	r_gap:spelling=2,ipa=1
hurtful	𐑣𐑻𐑑𐑓𐑫𐑤	hɜːRtfʊl	𐑣𐑻𐑑𐑓𐑩𐑤	ˈhɜːRtfəl	high	
hurtle	-𐑑𐑩𐑤	-təl	𐑣𐑻𐑑𐑩𐑤	ˈhɜːRtəl	medium	r_gap:spelling=1,ipa=0
husbandry	𐑣𐑩𐑟-	ˈhəz-	𐑣𐑳𐑟𐑚𐑩𐑯𐑛𐑮𐑦	ˈhʌzbəndri	medium	r_gap:spelling=1,ipa=0
hydraulic	𐑣𐑲𐑛𐑮𐑪𐑤𐑦𐑒	haɪdrɒlɪk	𐑣𐑲𐑛𐑮𐑷𐑤𐑦𐑒	haɪˈdrɔːlɪk	high	
hydraulics	𐑣𐑲𐑛𐑮𐑪𐑤𐑦𐑒𐑕	haɪdrɒlɪks	𐑣𐑲𐑛𐑮𐑷𐑤𐑦𐑒𐑕	haɪˈdrɔːlɪks	high	
hydrochloric	𐑣𐑲𐑛𐑮𐑩-	ˌhaɪdrə-	𐑣𐑲𐑛𐑮𐑴𐑒𐑤𐑹𐑦𐑒	ˌhaɪdrəʊˈklɔːrɪk	medium	r_gap:spelling=2,ipa=1
hydrogen	𐑣𐑲𐑡𐑮𐑩𐑡𐑩𐑯	ˈhaɪdʒrədʒən	𐑣𐑲𐑛𐑮𐑩𐑡𐑩𐑯	ˈhaɪdrədʒən	high	
hydrogenate	𐑣𐑲𐑛𐑮𐑩𐑡𐑩𐑯𐑱𐑑	haɪdrədʒəneɪt	𐑣𐑲𐑛𐑮𐑪𐑡𐑦𐑯𐑱𐑑	haɪˈdrɒdʒɪneɪt	medium	ml_disagrees:𐑣𐑲𐑛𐑮𐑩𐑡𐑦𐑯𐑱𐑑; shave_says:[𐑣𐑲𐑛𐑮𐑪𐑡𐑩𐑯𐑩𐑑 / 𐑣𐑲𐑛𐑮𐑪𐑡𐑩𐑯𐑱𐑑]
hydrogenate	𐑣𐑲𐑛𐑮𐑪𐑡𐑩𐑯𐑱𐑑	haɪdrɒdʒəneɪt	𐑣𐑲𐑛𐑮𐑪𐑡𐑦𐑯𐑱𐑑	haɪˈdrɒdʒɪneɪt	medium	ml_disagrees:𐑣𐑲𐑛𐑮𐑪𐑡𐑦𐑯𐑱𐑑; shave_says:[𐑣𐑲𐑛𐑮𐑪𐑡𐑩𐑯𐑩𐑑 / 𐑣𐑲𐑛𐑮𐑪𐑡𐑩𐑯𐑱𐑑]
hydrophobia	𐑣𐑲𐑛𐑮𐑩𐑓𐑴𐑚𐑾	ˌhaɪdrəˈfoʊbɪə	𐑣𐑲𐑛𐑮𐑴𐑓𐑴𐑚𐑾	ˌhaɪdrəʊˈfəʊbɪə	high	
hydrophobia	𐑣𐑳𐑦𐑛𐑮𐑴𐑓𐑴𐑚𐑾	hʌɪdrəʊfəʊbɪə	𐑣𐑲𐑛𐑮𐑴𐑓𐑴𐑚𐑾	ˌhaɪdrəʊˈfəʊbɪə	high	
hydroponics	𐑣𐑲𐑛𐑮𐑩𐑐𐑪𐑯𐑦𐑒𐑕	ˌhaɪdrəˈpɒnɪks	𐑣𐑲𐑛𐑮𐑴𐑐𐑪𐑯𐑦𐑒𐑕	ˌhaɪdrəʊˈpɒnɪks	high	
hygge	𐑣𐑫𐑜𐑩	ˈhʊɡə	𐑣𐑵𐑜𐑩	ˈhuːɡə	high	
hygge	𐑣𐑿𐑜𐑩	ˈhjuːɡə	𐑣𐑵𐑜𐑩	ˈhuːɡə	high	
hyperbola	𐑣𐑲𐑐𐑼𐑚𐑩𐑤𐑩	haɪˈpəRbələ	𐑣𐑲𐑐𐑻𐑚𐑩𐑤𐑩	haɪˈpɜːRbələ	high	
hyperbolic	𐑣𐑲𐑐𐑼𐑚𐑷𐑤𐑦𐑒	ˌhaɪpəRˈbɔːlɪk	𐑣𐑲𐑐𐑼𐑚𐑪𐑤𐑦𐑒	ˌhaɪpəRˈbɒlɪk	high	
hypermarket	𐑣𐑲𐑐𐑼𐑥𐑸𐑒𐑦𐑑	ˈhaɪpərˌmɑːRkɪt	𐑣𐑲𐑐𐑼𐑥𐑸𐑒𐑩𐑑	ˈhaɪpəRmɑːRkIt	high	
hyphenates	𐑣𐑳𐑦𐑓𐑩𐑯𐑱𐑑𐑕	ˈhʌɪfəneɪts	𐑣𐑲𐑓𐑩𐑯𐑱𐑑𐑕	ˈhaɪfəneɪts	high	
hypochondria	𐑣𐑲𐑐𐑩-	ˌhaɪpəˈ-	𐑣𐑲𐑐𐑴𐑒𐑪𐑯𐑛𐑮𐑾	ˌhaɪpəʊˈkɒndrɪə	medium	r_gap:spelling=1,ipa=0
hypochondria	𐑣𐑲𐑐𐑴𐑒𐑪𐑯𐑛𐑮𐑦𐑩	haɪpəʊkɒndriə	𐑣𐑲𐑐𐑴𐑒𐑪𐑯𐑛𐑮𐑾	ˌhaɪpəʊˈkɒndrɪə	high	
hypochondriac	𐑣𐑲𐑐𐑩𐑒𐑪𐑯𐑛𐑮𐑦𐑨𐑒	haɪpəkɒndriæk	𐑣𐑲𐑐𐑴𐑒𐑪𐑯𐑛𐑮𐑦𐑨𐑒	ˌhaɪpəʊˈkɒndrɪæk	high	
hypotenuse	𐑣𐑲𐑐𐑪𐑑𐑩𐑯𐑘𐑫𐑕	haɪˈpɒtənjus	𐑣𐑲𐑐𐑪𐑑𐑩𐑯𐑵𐑟, 𐑣𐑲𐑐𐑪𐑑𐑩𐑯𐑿𐑟	ˌhaɪˈpɒtənjuːz	high	
hypotenuse	𐑣𐑲𐑐𐑪𐑑𐑩𐑯𐑫𐑕	haɪˈpɒtənus	𐑣𐑲𐑐𐑪𐑑𐑩𐑯𐑵𐑟, 𐑣𐑲𐑐𐑪𐑑𐑩𐑯𐑿𐑟	ˌhaɪˈpɒtənjuːz	high	
hypotheses	𐑣𐑲𐑐𐑪𐑔𐑩𐑕𐑦𐑟	haɪˈpɒθəˌsiz	𐑣𐑲𐑐𐑪𐑔𐑦𐑕𐑰𐑟	haɪˈpɒθɪsiːz	high	
hypotheses	𐑣𐑲𐑐𐑪𐑔𐑩𐑕𐑰𐑟	haɪˈpɒθəˌsiːz	𐑣𐑲𐑐𐑪𐑔𐑦𐑕𐑰𐑟	haɪˈpɒθɪsiːz	high	
hypothesis	-𐑩𐑕𐑦𐑕	-əsɪs	𐑣𐑲𐑐𐑪𐑔𐑦𐑕𐑦𐑕	haɪˈpɒθɪsɪs	high	
hypothesis	-𐑩𐑕𐑩𐑕	-əsəs	𐑣𐑲𐑐𐑪𐑔𐑦𐑕𐑦𐑕	haɪˈpɒθɪsɪs	high	
hypothesis	𐑣𐑦𐑐𐑪𐑔𐑦𐑕𐑦𐑕	hɪˈpɒθɪsɪs	𐑣𐑲𐑐𐑪𐑔𐑦𐑕𐑦𐑕	haɪˈpɒθɪsɪs	high	
hypothesis	𐑣𐑩𐑐𐑪𐑔𐑦𐑕𐑦𐑕	həˈpɒθɪsɪs	𐑣𐑲𐑐𐑪𐑔𐑦𐑕𐑦𐑕	haɪˈpɒθɪsɪs	high	
hypothetical	𐑣𐑲𐑐𐑩𐑔𐑧𐑑𐑦𐑒𐑩𐑤	ˌhaɪpəˈθetɪkəl	𐑣𐑲𐑐𐑴𐑔𐑧𐑑𐑦𐑒𐑩𐑤	ˌhaɪpəʊˈθetɪkəl	high	
hysteria	𐑣𐑦𐑕𐑑𐑦𐑮𐑦𐑩	hɪˈstɪriə	𐑣𐑦𐑕𐑑𐑽𐑾	hɪˈstɪərɪə	high	
hysteria	𐑣𐑦𐑕𐑑𐑧𐑮𐑦𐑩	hɪˈsteriə	𐑣𐑦𐑕𐑑𐑽𐑾	hɪˈstɪərɪə	high	
hythe	𐑣𐑳𐑦𐑞	hʌɪð	𐑣𐑲𐑞	haɪð	high	
i	𐑨𐑘	aj	𐑲	aɪ	high	
i	𐑪𐑦	ɒɪ	𐑲	aɪ	high	
i	𐑳𐑘	ʌj	𐑲	aɪ	high	
iamb	𐑲𐑩𐑥	ˈaɪəm	𐑲𐑨𐑥	ˈaɪæm	high	
ibidem	𐑦𐑚𐑲𐑛𐑩𐑥	ɪˈbaɪdəm	𐑦𐑚𐑦𐑛𐑧𐑥	ˈɪbɪdem	high	
ibidem	𐑦𐑚𐑳𐑦𐑛𐑩𐑥	ɪˈbʌɪdəm	𐑦𐑚𐑦𐑛𐑧𐑥	ˈɪbɪdem	high	
icebox	𐑳𐑦𐑕𐑚𐑪𐑒𐑕	ˈʌɪsbɒks	𐑲𐑕𐑚𐑪𐑒𐑕	ˈaɪsbɒks	high	
icon	𐑲𐑒𐑩𐑯	ˈaɪkən	𐑲𐑒𐑪𐑯	ˈaɪkɒn	high	
idea	𐑲𐑛𐑦𐑩	aɪˈdiə	𐑲𐑛𐑾	aɪˈdɪə	high	
ideal	𐑲𐑛𐑦𐑩𐑤	aɪˈdiəl	𐑲𐑛𐑾𐑤	aɪˈdɪəl	high	
idealize	𐑲𐑛𐑦𐑩𐑤𐑲𐑟	aɪˈdiəˌlaɪz	𐑲𐑛𐑾𐑤𐑲𐑟	aɪˈdɪəlaɪz	high	
ideally	𐑲𐑛𐑦𐑩𐑤𐑦	aɪˈdiəli	𐑲𐑛𐑾𐑤𐑦	aɪˈdɪəli	high	
ideals	𐑲𐑛𐑦𐑩𐑤𐑟	aɪˈdiəlz	𐑲𐑛𐑾𐑤𐑟	aɪˈdɪəlz	high	
ideas	𐑲𐑛𐑦𐑩𐑟	aɪˈdiəz	𐑲𐑛𐑾𐑟	aɪˈdɪəz	high	
identification	𐑦𐑛𐑧𐑯𐑑𐑦𐑓𐑦𐑒𐑱𐑖𐑩𐑯	ɪˌdentɪfɪˈkeɪʃən	𐑲𐑛𐑧𐑯𐑑𐑦𐑓𐑦𐑒𐑱𐑖𐑩𐑯	aɪˌdentɪfɪˈkeɪʃən	high	
identify	𐑲𐑛𐑧𐑯𐑑𐑩𐑓𐑲	aɪˈdentəfaɪ	𐑲𐑛𐑧𐑯𐑑𐑦𐑓𐑲	aɪˈdentɪfaɪ	high	
identity	𐑲𐑛𐑧𐑯𐑑𐑩𐑑𐑦	aɪˈdentəti	𐑲𐑛𐑧𐑯𐑑𐑦𐑑𐑦	aɪˈdentɪti	high	
identity	𐑲𐑛𐑧𐑯𐑦𐑑𐑦	aɪˈdenɪti	𐑲𐑛𐑧𐑯𐑑𐑦𐑑𐑦	aɪˈdentɪti	high	
identity	𐑲𐑛𐑧𐑯𐑩𐑑𐑦	aɪˈdenəti	𐑲𐑛𐑧𐑯𐑑𐑦𐑑𐑦	aɪˈdentɪti	high	
ideogram	𐑦𐑛𐑦𐑩𐑜𐑮𐑨𐑥	ɪdiəɡræm	𐑦𐑛𐑦𐑴𐑜𐑮𐑨𐑥	ˈɪdɪəʊɡræm	high	
ideogram	𐑲𐑛𐑦𐑩𐑜𐑮𐑨𐑥	aɪdiəɡræm	𐑦𐑛𐑦𐑴𐑜𐑮𐑨𐑥	ˈɪdɪəʊɡræm	high	
ideological	𐑦𐑛𐑦𐑩𐑤𐑪𐑡𐑦𐑒𐑩𐑤	ˌɪdiəˈlɒdʒɪkəl	𐑲𐑛𐑾𐑤𐑪𐑡𐑦𐑒𐑩𐑤	ˌaɪdɪəˈlɒdʒɪkəl	high	
ideological	𐑲𐑛𐑦𐑩𐑤𐑪𐑡𐑦𐑒𐑩𐑤	ˌaɪdiəˈlɒdʒɪkəl	𐑲𐑛𐑾𐑤𐑪𐑡𐑦𐑒𐑩𐑤	ˌaɪdɪəˈlɒdʒɪkəl	high	
ideological	𐑲𐑛𐑰𐑩𐑤𐑪𐑡𐑦𐑒𐑩𐑤	ˌaɪdiːəˈlɒdʒɪkəl	𐑲𐑛𐑾𐑤𐑪𐑡𐑦𐑒𐑩𐑤	ˌaɪdɪəˈlɒdʒɪkəl	high	
ideology	𐑦𐑛𐑦𐑪𐑤𐑩𐑡𐑦	ɪdiˈɒlədʒi	𐑲𐑛𐑦𐑪𐑤𐑩𐑡𐑦	ˌaɪdɪˈɒlədʒi	high	
ideology	𐑲𐑛𐑰𐑪𐑤𐑩𐑡𐑰	ˌaɪdiːˈɒlədʒiː	𐑲𐑛𐑦𐑪𐑤𐑩𐑡𐑦	ˌaɪdɪˈɒlədʒi	high	
idiocy	𐑦𐑑𐑦𐑩𐑕𐑦	ˈɪtiəsi	𐑦𐑛𐑾𐑕𐑦	ˈɪdɪəsi	high	
idiolect	𐑦𐑛𐑦𐑩𐑤𐑧𐑒𐑑	ˈɪdiəlekt	𐑦𐑛𐑦𐑴𐑤𐑧𐑒𐑑	ˈɪdɪəʊlekt	high	
idiomatic	𐑦𐑛𐑦𐑩𐑥𐑨𐑑𐑦𐑒	ˌɪdiəˈmætɪk	𐑦𐑛𐑦𐑴𐑥𐑨𐑑𐑦𐑒	ˌɪdɪəʊˈmætɪk	high	
idiomatic	𐑦𐑛𐑰𐑩𐑥𐑨𐑑𐑦𐑒	ˌɪdiːəˈmatɪk	𐑦𐑛𐑦𐑴𐑥𐑨𐑑𐑦𐑒	ˌɪdɪəʊˈmætɪk	high	
idiosyncrasies	𐑦𐑛𐑾𐑫𐑕𐑦𐑙𐑒𐑮𐑩𐑕𐑦𐑕	ɪdɪəʊsɪŋkrəsis	𐑦𐑛𐑦𐑴𐑕𐑦𐑙𐑒𐑮𐑩𐑕𐑦𐑟	ˌɪdɪəʊˈsɪŋkrəsiz	medium	ml_disagrees:𐑦𐑛𐑦𐑴𐑕𐑦𐑙𐑒𐑮𐑩𐑕𐑦𐑕; shave_says:𐑦𐑛𐑦𐑴𐑕𐑦𐑙𐑒𐑮𐑩𐑕𐑦𐑟
idiosyncrasy	𐑦𐑛𐑦𐑩𐑕𐑦𐑙𐑒𐑮𐑩𐑕𐑦	ˌɪdiəˈsɪŋkrəsi	𐑦𐑛𐑦𐑴𐑕𐑦𐑙𐑒𐑮𐑩𐑕𐑦	ˌɪdɪəʊˈsɪŋkrəsi	high	
idiosyncrasy	𐑦𐑛𐑾𐑕𐑦𐑙𐑒𐑮𐑩𐑕𐑦	ɪdɪəsɪŋkrəsi	𐑦𐑛𐑦𐑴𐑕𐑦𐑙𐑒𐑮𐑩𐑕𐑦	ˌɪdɪəʊˈsɪŋkrəsi	high	
idiosyncratic	-𐑕𐑦𐑙-	-sɪŋ-	𐑦𐑛𐑦𐑴𐑕𐑦𐑙𐑒𐑮𐑨𐑑𐑦𐑒	ˌɪdɪəʊsɪŋˈkrætɪk	medium	r_gap:spelling=1,ipa=0; shave_says:𐑦𐑛𐑦𐑴𐑕𐑦𐑙𐑒𐑮𐑨𐑑𐑦𐑒
idiotic	𐑦𐑑𐑦𐑪𐑑𐑦𐑒	ˌɪtiˈɒtɪk	𐑦𐑛𐑦𐑪𐑑𐑦𐑒	ˌɪdɪˈɒtɪk	high	
idol	𐑲𐑑𐑩𐑤	ˈaɪtəl	𐑲𐑛𐑩𐑤	ˈaɪdəl	high	
idyll	𐑦𐑛𐑩𐑤	ˈɪdəl	𐑦𐑛𐑦𐑤	ˈɪdɪl	high	
idyll	𐑲𐑛𐑦𐑤	ˈaɪdɪl	𐑦𐑛𐑦𐑤	ˈɪdɪl	high	
idyll	𐑲𐑛𐑩𐑤	ˈaɪdəl	𐑦𐑛𐑦𐑤	ˈɪdɪl	high	
idyllic	𐑲𐑛𐑦𐑤𐑦𐑒	aɪˈdɪlɪk	𐑦𐑛𐑦𐑤𐑦𐑒	ɪˈdɪlɪk	high	
ignominy	𐑦𐑜𐑯𐑩𐑥𐑩𐑯𐑦	ˈɪɡnəməni	𐑦𐑜𐑯𐑩𐑥𐑦𐑯𐑦	ˈɪɡnəmɪni	high	
ignominy	𐑦𐑜𐑯𐑪𐑥𐑩𐑯𐑦	ɪɡˈnɒməni	𐑦𐑜𐑯𐑩𐑥𐑦𐑯𐑦	ˈɪɡnəmɪni	high	
ignore	𐑦𐑜𐑯𐑪𐑮	ɪɡˈnor	𐑦𐑜𐑯𐑹	ɪɡˈnɔːR	high	
iguana	𐑦𐑜𐑘𐑫𐑭𐑯𐑩	ɪɡjuˈɑːnə	𐑦𐑜𐑢𐑭𐑯𐑩	ɪˈɡwɑːnə	high	
iguana	𐑦𐑜𐑢𐑪𐑯𐑩	ɪˈɡwɒnə	𐑦𐑜𐑢𐑭𐑯𐑩	ɪˈɡwɑːnə	high	
iguana	𐑩𐑜𐑢𐑪𐑯𐑩	əˈɡwɒnə	𐑦𐑜𐑢𐑭𐑯𐑩	ɪˈɡwɑːnə	high	
ilkeston	𐑦𐑤𐑒𐑩𐑕𐑑𐑩𐑯	ˈɪlkəstən	𐑦𐑤𐑒𐑕𐑑𐑩𐑯	ˈɪlkstən	high	
illegal	𐑦𐑤𐑤𐑦𐑜𐑩𐑤	ɪlˈliɡəl	𐑦𐑤𐑰𐑜𐑩𐑤	ɪˈliːɡəl	high	
illegal	𐑦𐑤𐑦𐑜𐑩𐑤	ɪˈliɡəl	𐑦𐑤𐑰𐑜𐑩𐑤	ɪˈliːɡəl	high	
illuminated	𐑦𐑤𐑫𐑥𐑦𐑯𐑱𐑑𐑩𐑛	ɪˈlumɪneɪtƏd	𐑦𐑤𐑵𐑥𐑦𐑯𐑱𐑑𐑩𐑛	ɪˈluːmɪneɪtƏd	high	
illuminated	𐑦𐑤𐑿𐑥𐑦𐑯𐑱𐑑𐑩𐑛	ɪˈljuːmɪneɪtƏd	𐑦𐑤𐑵𐑥𐑦𐑯𐑱𐑑𐑩𐑛	ɪˈluːmɪneɪtƏd	high	
illuminating	-𐑑𐑦𐑙	-tɪŋ	𐑦𐑤𐑵𐑥𐑦𐑯𐑱𐑑𐑦𐑙	ɪˈluːmɪneɪtɪŋ	high	
illuminating	𐑦𐑤𐑤𐑫𐑥𐑩𐑯𐑱𐑑𐑦𐑙	ɪlˈluməneɪtɪŋ	𐑦𐑤𐑵𐑥𐑦𐑯𐑱𐑑𐑦𐑙	ɪˈluːmɪneɪtɪŋ	high	
illuminating	𐑦𐑤𐑿𐑥𐑦𐑯𐑱𐑑𐑦𐑙	ɪˈljuːmɪneɪtɪŋ	𐑦𐑤𐑵𐑥𐑦𐑯𐑱𐑑𐑦𐑙	ɪˈluːmɪneɪtɪŋ	high	
illuminating	𐑩-	ə-	𐑦𐑤𐑵𐑥𐑦𐑯𐑱𐑑𐑦𐑙	ɪˈluːmɪneɪtɪŋ	high	
illumination	𐑦𐑤𐑘𐑫𐑥𐑦𐑯𐑱𐑖𐑩𐑯	ɪˌljumɪˈneɪʃən	𐑦𐑤𐑵𐑥𐑦𐑯𐑱𐑖𐑩𐑯	ɪˌluːmɪˈneɪʃən	high	
illumination	𐑦𐑤𐑫𐑥𐑦𐑯𐑱𐑖𐑩𐑯	ɪˌlumɪˈneɪʃən	𐑦𐑤𐑵𐑥𐑦𐑯𐑱𐑖𐑩𐑯	ɪˌluːmɪˈneɪʃən	high	
illumine	𐑦𐑤𐑫𐑥𐑩𐑯	ɪˈlumən	𐑦𐑤𐑵𐑥𐑦𐑯	ɪˈluːmɪn	high	
illumine	𐑦𐑤𐑿𐑥𐑦𐑯	ɪˈljuːmɪn	𐑦𐑤𐑵𐑥𐑦𐑯	ɪˈluːmɪn	high	
illusion	𐑦𐑤𐑿𐑟𐑘𐑩𐑯	ɪˈljuːzjən	𐑦𐑤𐑵𐑠𐑩𐑯	ɪˈluːʒən	high	
illusion	𐑦𐑤𐑿𐑠𐑩𐑯	ɪˈljuːʒən	𐑦𐑤𐑵𐑠𐑩𐑯	ɪˈluːʒən	high	
illusory	-𐑟𐑼𐑦	-zəri	𐑦𐑤𐑵𐑕𐑼𐑦	ɪˈluːsəri	high	
illusory	-𐑟𐑼𐑰	-zəriː	𐑦𐑤𐑵𐑕𐑼𐑦	ɪˈluːsəri	high	
illusory	𐑦𐑤𐑫𐑕𐑼𐑦	ɪˈlusəri	𐑦𐑤𐑵𐑕𐑼𐑦	ɪˈluːsəri	high	
illusory	𐑦𐑤𐑵𐑕𐑼𐑰	ɪluːsəriː	𐑦𐑤𐑵𐑕𐑼𐑦	ɪˈluːsəri	high	
illustrate	𐑦𐑤𐑘𐑩𐑕𐑑𐑮𐑱𐑑	ɪljəstreɪt	𐑦𐑤𐑩𐑕𐑑𐑮𐑱𐑑	ˈɪləstreɪt	high	
illustrate	𐑦𐑤𐑳𐑕𐑑𐑮𐑱𐑑	ɪlʌstreɪt	𐑦𐑤𐑩𐑕𐑑𐑮𐑱𐑑	ˈɪləstreɪt	high	
illustrative	𐑦𐑤𐑩𐑕𐑑𐑮𐑱𐑑𐑦𐑝	ɪləstreɪtɪv	𐑦𐑤𐑩𐑕𐑑𐑮𐑩𐑑𐑦𐑝	ˈɪləstrətɪv	high	
illustrative	𐑦𐑤𐑳𐑕𐑑𐑮𐑩𐑑𐑦𐑝	ɪlʌstrətɪv	𐑦𐑤𐑩𐑕𐑑𐑮𐑩𐑑𐑦𐑝	ˈɪləstrətɪv	high	
illustrious	-𐑤𐑩𐑕-	-ˈləs-	𐑦𐑤𐑳𐑕𐑑𐑮𐑾𐑕	ɪˈlʌstrɪəs	medium	r_gap:spelling=1,ipa=0
illustrious	𐑦𐑤𐑳𐑕𐑑𐑮𐑦𐑩𐑕	ɪˈlʌstriəs	𐑦𐑤𐑳𐑕𐑑𐑮𐑾𐑕	ɪˈlʌstrɪəs	high	
imaginable	-𐑯𐑩𐑚𐑩𐑤	-nəbəl	𐑦𐑥𐑨𐑡𐑦𐑯𐑩𐑚𐑩𐑤	ɪˈmædʒɪnəbəl	high	
imaginable	𐑦𐑥𐑨𐑡𐑯𐑩𐑚𐑩𐑤	ɪˈmadʒnəbəl	𐑦𐑥𐑨𐑡𐑦𐑯𐑩𐑚𐑩𐑤	ɪˈmædʒɪnəbəl	high	
imaginary	𐑦𐑥𐑨𐑡𐑦𐑯𐑧𐑮𐑦	ɪˈmædʒɪˌneri	𐑦𐑥𐑨𐑡𐑦𐑯𐑼𐑦	ɪˈmædʒɪnəri	high	
imaginary	𐑦𐑥𐑨𐑡𐑦𐑯𐑮𐑦	ɪmædʒɪnri	𐑦𐑥𐑨𐑡𐑦𐑯𐑼𐑦	ɪˈmædʒɪnəri	high	
imaginatively	𐑦𐑥𐑨𐑡𐑦𐑯𐑩𐑑𐑦𐑝𐑤𐑦𐑘	ɪˈmadʒɪnətɪvlɪj	𐑦𐑥𐑨𐑡𐑦𐑯𐑩𐑑𐑦𐑝𐑤𐑦	ɪˈmædʒɪnətɪvli	high	
imagines	𐑦𐑥𐑨𐑡𐑩𐑯𐑟	ɪˈmædʒənz	𐑦𐑥𐑨𐑡𐑦𐑯𐑟	ɪˈmædʒɪnz	high	
imagines	𐑦𐑥𐑨𐑡𐑩𐑯𐑦𐑟	ɪˈmædʒəˌniz	𐑦𐑥𐑨𐑡𐑦𐑯𐑟	ɪˈmædʒɪnz	high	
imagines	𐑦𐑥𐑪𐑜𐑩𐑯𐑦𐑟	ɪˈmɒɡəˌniz	𐑦𐑥𐑨𐑡𐑦𐑯𐑟	ɪˈmædʒɪnz	high	
imagines	𐑦𐑥𐑱𐑜𐑩𐑯𐑦𐑟	ɪˈmeɪɡəˌniz	𐑦𐑥𐑨𐑡𐑦𐑯𐑟	ɪˈmædʒɪnz	high	
imagines	𐑦𐑥𐑱𐑡𐑦𐑯𐑰𐑟	ɪˈmeɪdʒɪniːz	𐑦𐑥𐑨𐑡𐑦𐑯𐑟	ɪˈmædʒɪnz	high	
imagines	𐑦𐑥𐑱𐑡𐑩𐑯𐑦𐑟	iˈmeɪdʒəˌniz	𐑦𐑥𐑨𐑡𐑦𐑯𐑟	ɪˈmædʒɪnz	high	
imbecile	𐑦𐑥𐑚𐑩𐑕𐑦𐑤	ˈɪmbəsɪl	𐑦𐑥𐑚𐑩𐑕𐑰𐑤	ˈɪmbəsiːl	high	
imbecile	𐑦𐑥𐑚𐑩𐑕𐑩𐑤	ˈɪmbəsəl	𐑦𐑥𐑚𐑩𐑕𐑰𐑤	ˈɪmbəsiːl	high	
imbroglio	𐑦𐑥𐑚𐑮𐑴𐑤𐑘𐑴	ɪmbrəʊljəʊ	𐑦𐑥𐑚𐑮𐑴𐑤𐑦𐑴	ɪmˈbrəʊliəʊ	high	
immaterial	𐑦𐑥𐑩𐑑𐑦𐑮𐑦𐑩𐑤	ˌɪməˈtɪriəl	𐑦𐑥𐑩𐑑𐑽𐑾𐑤	ˌɪməˈtɪərɪəl	high	
immediate	𐑦𐑥𐑦𐑛𐑦𐑦𐑑	ɪˈmidiɪt	𐑦𐑥𐑰𐑛𐑾𐑑	ɪˈmiːdɪət	high	
immediate	𐑦𐑥𐑦𐑛𐑦𐑩𐑑	ɪˈmidiət	𐑦𐑥𐑰𐑛𐑾𐑑	ɪˈmiːdɪət	high	
immediate	𐑦𐑥𐑰𐑡𐑦𐑑	ɪˈmiːdʒɪt	𐑦𐑥𐑰𐑛𐑾𐑑	ɪˈmiːdɪət	high	
immediately	𐑦𐑥𐑦𐑛𐑦𐑦𐑑𐑤𐑦	ɪˈmidiɪtli	𐑦𐑥𐑰𐑛𐑾𐑑𐑤𐑦	ɪˈmiːdɪətli	high	
immediately	𐑦𐑥𐑰𐑛𐑦𐑩𐑑𐑤𐑦	ɪˈmiːdiətli	𐑦𐑥𐑰𐑛𐑾𐑑𐑤𐑦	ɪˈmiːdɪətli	high	
immediately	𐑩𐑥𐑦𐑛𐑦𐑩𐑑𐑤𐑦	əˈmidiətli	𐑦𐑥𐑰𐑛𐑾𐑑𐑤𐑦	ɪˈmiːdɪətli	high	
immersion	𐑦𐑥𐑻𐑖𐑩𐑯	ɪmɜːRʃən	𐑦𐑥𐑻𐑠𐑩𐑯	ɪˈmɜːRʒən	high	
immigration	𐑦𐑥𐑦𐑜𐑮𐑱𐑖𐑯	ɪmɪɡreɪʃn	𐑦𐑥𐑦𐑜𐑮𐑱𐑖𐑩𐑯	ˌɪmɪˈɡreɪʃən	high	
immobile	𐑦𐑥𐑴𐑚𐑩𐑤	ɪˈmoʊbəl	𐑦𐑥𐑴𐑚𐑲𐑤	ɪˈməʊbaɪl	high	
immolate	𐑦𐑥𐑴𐑤𐑱𐑑	ˈɪməʊleɪt	𐑦𐑥𐑩𐑤𐑱𐑑	ˈɪməleɪt	high	
immoral	𐑦𐑥𐑹𐑩𐑤	ɪˈmɔːRəl	𐑦𐑥𐑪𐑮𐑩𐑤	ɪˈmɒrəl	high	
immortality	𐑦𐑥𐑹𐑑𐑨𐑤𐑩𐑑𐑦	ɪmɔːRtæləti	𐑦𐑥𐑹𐑑𐑨𐑤𐑦𐑑𐑦	ˌɪmɔːRˈtælɪti	high	
immunize	𐑦𐑥𐑘𐑫𐑯𐑲𐑟	ˈɪmjunaɪz	𐑦𐑥𐑘𐑩𐑯𐑲𐑟	ˈɪmjənaɪz	high	
impair	𐑦𐑥𐑐𐑧𐑮	ɪmˈper	𐑦𐑥𐑐𐑺	ɪmˈpeəR	high	
impair	𐑦𐑥𐑐𐑻	ɪmpɜːr	𐑦𐑥𐑐𐑺	ɪmˈpeəR	high	
impaired	𐑦𐑥𐑐𐑧𐑮𐑛	ɪmˈperd	𐑦𐑥𐑐𐑺𐑛	ɪmˈpeəRd	high	
impairment	𐑦𐑥𐑐𐑧𐑮𐑥𐑩𐑯𐑑	ɪmˈpermənt	𐑦𐑥𐑐𐑺𐑥𐑩𐑯𐑑	ɪmˈpeəRmənt	high	
impasse	𐑦𐑥𐑐𐑭𐑕	ˈɪmpɑːs	𐑦𐑥𐑐𐑨𐑕	ˈɪmpæs	high	
impasse	𐑨𐑥𐑐𐑭𐑕	ˈæmpɑːs	𐑦𐑥𐑐𐑨𐑕	ˈɪmpæs	high	
impenitent	-𐑑𐑩𐑯𐑑	-tənt	𐑦𐑥𐑐𐑧𐑯𐑦𐑑𐑩𐑯𐑑	ɪmˈpenɪtənt	high	
impenitent	𐑦𐑥𐑐𐑧𐑯𐑩𐑑𐑩𐑯𐑑	ɪmˈpenətənt	𐑦𐑥𐑐𐑧𐑯𐑦𐑑𐑩𐑯𐑑	ɪmˈpenɪtənt	high	
imperial	𐑦𐑥𐑐𐑦𐑮𐑦𐑩𐑤	ɪmˈpɪriəl	𐑦𐑥𐑐𐑽𐑾𐑤	ɪmˈpɪərɪəl	high	
imperial	𐑦𐑥𐑐𐑽𐑦𐑩𐑤	ɪmpɪəriəl	𐑦𐑥𐑐𐑽𐑾𐑤	ɪmˈpɪərɪəl	high	
imperialism	𐑦𐑥𐑐𐑦𐑮𐑦𐑩𐑤𐑦𐑟𐑩𐑥	ɪmˈpɪriəˌlɪzəm	𐑦𐑥𐑐𐑽𐑾𐑤𐑦𐑟𐑩𐑥	ɪmˈpɪərɪəlɪzəm	high	
imperialism	𐑦𐑥𐑐𐑽𐑦𐑩𐑤𐑦𐑟𐑩𐑥	ɪmpɪəriəlɪzəm	𐑦𐑥𐑐𐑽𐑾𐑤𐑦𐑟𐑩𐑥	ɪmˈpɪərɪəlɪzəm	high	
imperialistic	𐑦𐑥𐑐𐑦𐑮𐑦𐑩𐑤𐑦𐑕𐑑𐑦𐑒	ɪmˌpɪriəˈlɪstɪk	𐑦𐑥𐑐𐑽𐑾𐑤𐑦𐑕𐑑𐑦𐑒	ɪmˌpɪərɪəˈlɪstɪk	high	
imperialistic	𐑦𐑥𐑐𐑽𐑦𐑩𐑤𐑦𐑕𐑑𐑦𐑒	ɪmpɪəriəlɪstɪk	𐑦𐑥𐑐𐑽𐑾𐑤𐑦𐑕𐑑𐑦𐑒	ɪmˌpɪərɪəˈlɪstɪk	high	
imperious	𐑦𐑥𐑐𐑦𐑮𐑦𐑩𐑕	ɪmˈpɪriəs	𐑦𐑥𐑐𐑽𐑾𐑕	ɪmˈpɪərɪəs	high	
imperious	𐑦𐑥𐑐𐑽𐑦𐑩𐑕	ɪmpɪəriəs	𐑦𐑥𐑐𐑽𐑾𐑕	ɪmˈpɪərɪəs	high	
impermeable	𐑦𐑥𐑐𐑻𐑥𐑦𐑩𐑚𐑩𐑤	ɪmˈpɜːRmiəbəl	𐑦𐑥𐑐𐑻𐑥𐑾𐑚𐑩𐑤	ɪmˈpɜːRmɪəbəl	high	
impertinence	𐑦𐑥𐑐𐑻𐑑𐑯𐑩𐑯𐑕	ɪmˈpɜːRtnəns	𐑦𐑥𐑐𐑻𐑑𐑦𐑯𐑩𐑯𐑕	ɪmˈpɜːRtɪnəns	high	
impertinent	𐑦𐑥𐑐𐑻𐑑𐑯𐑩𐑯𐑑	ɪmˈpɜːRtnənt	𐑦𐑥𐑐𐑻𐑑𐑦𐑯𐑩𐑯𐑑	ɪmˈpɜːRtɪnənt	high	
imperturbable	𐑦𐑥𐑐𐑩𐑑𐑻𐑚𐑩𐑚𐑩𐑤	ɪmpətɜːRbəbəl	𐑦𐑥𐑐𐑼𐑑𐑻𐑚𐑩𐑚𐑩𐑤	ˌɪmpəRˈtɜːRbəbəl	medium	r_gap:spelling=2,ipa=1; shave_says:𐑦𐑥𐑐𐑼𐑑𐑻𐑚𐑩𐑚𐑩𐑤
impervious	𐑦𐑥𐑐𐑻𐑝𐑦𐑩𐑕	ɪmpɜːRviəs	𐑦𐑥𐑐𐑻𐑝𐑾𐑕	ɪmˈpɜːRvɪəs	high	
impetigo	𐑦𐑥𐑐𐑩𐑑𐑲𐑜𐑴	ɪmpəˈtaɪɡoʊ	𐑦𐑥𐑐𐑦𐑑𐑲𐑜𐑴	ˌɪmpɪˈtaɪɡəʊ	high	
implacable	-𐑐𐑤𐑱-	-ˈpleɪ-	𐑦𐑥𐑐𐑤𐑨𐑒𐑩𐑚𐑩𐑤	ɪmˈplækəbəl	high	
implementation	𐑦𐑥𐑐𐑤𐑦𐑥𐑩𐑯𐑑𐑱𐑖𐑯	ˌɪmplɪmənˈteɪʃn	𐑦𐑥𐑐𐑤𐑦𐑥𐑧𐑯𐑑𐑱𐑖𐑩𐑯	ˌɪmplɪmenˈteɪʃən	high	
implementation	𐑦𐑥𐑐𐑤𐑩𐑥𐑧𐑯𐑑𐑱𐑖𐑩𐑯	ˌɪmpləmenˈteɪʃən	𐑦𐑥𐑐𐑤𐑦𐑥𐑧𐑯𐑑𐑱𐑖𐑩𐑯	ˌɪmplɪmenˈteɪʃən	high	
implemented	𐑦𐑥𐑐𐑤𐑩𐑥𐑧𐑯𐑑𐑩𐑛	ˈɪmpləmentƏd	𐑦𐑥𐑐𐑤𐑦𐑥𐑧𐑯𐑑𐑩𐑛	ˈɪmplɪmentƏd	high	
implementing	𐑦𐑥𐑐𐑤𐑩𐑥𐑧𐑯𐑑𐑦𐑙	ˈɪmpləmentɪŋ	𐑦𐑥𐑐𐑤𐑦𐑥𐑧𐑯𐑑𐑦𐑙	ˈɪmplɪmentɪŋ	high	
implore	𐑦𐑥𐑐𐑤𐑪𐑮	ɪmˈplor	𐑦𐑥𐑐𐑤𐑹	ɪmˈplɔːR	high	
impolitic	𐑦𐑥𐑐𐑪𐑤𐑦𐑑𐑦𐑒	ɪmˈpɒlɪtɪk	𐑦𐑥𐑐𐑪𐑤𐑩𐑑𐑦𐑒	ɪmˈpɒlətɪk	high	
imponderable	𐑦𐑥𐑐𐑪𐑯𐑛𐑼𐑩𐑚𐑤	ɪmpɒndərəbl	𐑦𐑥𐑐𐑪𐑯𐑛𐑼𐑩𐑚𐑩𐑤	ɪmˈpɒndərəbəl	high	
imponderable	𐑦𐑥𐑐𐑭𐑯𐑛𐑼𐑩𐑚𐑤	ɪmˈpɑːndərəbl	𐑦𐑥𐑐𐑪𐑯𐑛𐑼𐑩𐑚𐑩𐑤	ɪmˈpɒndərəbəl	high	
importunate	𐑦𐑥𐑐𐑹𐑑𐑘𐑩𐑯𐑩𐑑	ɪmpɔːRtjənət	𐑦𐑥𐑐𐑹𐑗𐑩𐑯𐑩𐑑	ɪmˈpɔːRtʃənət	high	
importunate	𐑦𐑥𐑐𐑹𐑑𐑿𐑯𐑱𐑑	ɪmpɔːRtjuːneɪt	𐑦𐑥𐑐𐑹𐑗𐑩𐑯𐑩𐑑	ɪmˈpɔːRtʃənət	high	
importune	𐑦𐑥𐑐𐑹𐑑𐑵𐑯	ɪmpɔːRˈtuːn	𐑦𐑥𐑐𐑼𐑑𐑵𐑯, 𐑦𐑥𐑐𐑼𐑑𐑿𐑯	ˌɪmpəRˈtjuːn	high	
importune	𐑦𐑥𐑐𐑹𐑑𐑿𐑯	ɪmpɔːRtjuːn	𐑦𐑥𐑐𐑼𐑑𐑵𐑯, 𐑦𐑥𐑐𐑼𐑑𐑿𐑯	ˌɪmpəRˈtjuːn	high	
importunity	𐑦𐑥𐑐𐑹𐑑𐑵𐑯𐑦𐑑𐑦	ˌɪmpɔːRˈtuːnɪti	𐑦𐑥𐑐𐑼𐑑𐑵𐑯𐑦𐑑𐑦, 𐑦𐑥𐑐𐑼𐑑𐑿𐑯𐑦𐑑𐑦	ˌɪmpəRˈtjuːnɪti	high	
importunity	𐑦𐑥𐑐𐑹𐑑𐑿𐑯𐑦𐑑𐑦	ɪmpɔːRtjuːnɪti	𐑦𐑥𐑐𐑼𐑑𐑵𐑯𐑦𐑑𐑦, 𐑦𐑥𐑐𐑼𐑑𐑿𐑯𐑦𐑑𐑦	ˌɪmpəRˈtjuːnɪti	high	
impossibility	𐑦𐑥𐑐𐑪𐑕𐑦𐑚𐑦𐑤𐑦𐑑𐑦	ɪmˌpɒsɪˈbɪliti	𐑦𐑥𐑐𐑪𐑕𐑩𐑚𐑦𐑤𐑦𐑑𐑦	ɪmˌpɒsəˈbɪlɪti	high	
imprecise	𐑦𐑥𐑐𐑮𐑩𐑕𐑲𐑕	ɪmprəˈsaɪs	𐑦𐑥𐑐𐑮𐑦𐑕𐑲𐑕	ˌɪmprɪˈsaɪs	high	
imprimatur	𐑦𐑥𐑐𐑮𐑦𐑥𐑩𐑑𐑫𐑮	ɪmˈprɪmətʊr	𐑦𐑥𐑐𐑮𐑦𐑥𐑭𐑑𐑼	ˌɪmprɪˈmɑːtəR	high	
imprimatur	𐑦𐑥𐑐𐑮𐑦𐑥𐑩𐑑𐑼	ɪmprɪmətəR	𐑦𐑥𐑐𐑮𐑦𐑥𐑭𐑑𐑼	ˌɪmprɪˈmɑːtəR	high	
imprimatur	𐑦𐑥𐑐𐑮𐑦𐑥𐑪𐑑𐑫𐑮	ɪmprɪˈmɒtʊr	𐑦𐑥𐑐𐑮𐑦𐑥𐑭𐑑𐑼	ˌɪmprɪˈmɑːtəR	high	
imprimatur	𐑦𐑥𐑐𐑮𐑦𐑥𐑪𐑑𐑼	ˌɪmprɪˈmɒtəR	𐑦𐑥𐑐𐑮𐑦𐑥𐑭𐑑𐑼	ˌɪmprɪˈmɑːtəR	high	
imprimatur	𐑦𐑥𐑐𐑮𐑦𐑥𐑭𐑑𐑫𐑼	ɪmprɪmɑːtʊəR	𐑦𐑥𐑐𐑮𐑦𐑥𐑭𐑑𐑼	ˌɪmprɪˈmɑːtəR	high	
imprimatur	𐑦𐑥𐑐𐑮𐑦𐑥𐑱𐑑𐑫𐑼	ɪmprɪmeɪtʊəR	𐑦𐑥𐑐𐑮𐑦𐑥𐑭𐑑𐑼	ˌɪmprɪˈmɑːtəR	high	
imprimatur	𐑦𐑥𐑐𐑮𐑦𐑥𐑱𐑑𐑼	ɪmprɪmeɪtəR	𐑦𐑥𐑐𐑮𐑦𐑥𐑭𐑑𐑼	ˌɪmprɪˈmɑːtəR	high	
improbability	𐑦𐑥𐑐𐑮𐑪𐑚𐑩𐑚𐑦𐑤𐑩𐑑𐑦	ɪmˌprɒbəˈbɪləti	𐑦𐑥𐑐𐑮𐑪𐑚𐑩𐑚𐑦𐑤𐑦𐑑𐑦	ɪmˌprɒbəˈbɪlɪti	high	
impromptu	𐑦𐑥𐑐𐑮𐑪𐑥𐑐𐑑𐑘𐑫	ɪmprɒmptju	𐑦𐑥𐑐𐑮𐑪𐑥𐑐𐑑𐑵, 𐑦𐑥𐑐𐑮𐑪𐑥𐑐𐑑𐑿	ɪmˈprɒmptjuː	high	
improver	𐑦𐑥𐑐𐑮𐑪𐑝𐑼	ˈɪmprɒvəR	𐑦𐑥𐑐𐑮𐑵𐑝𐑼	ɪmˈpruːvəR	high	
improvisation	𐑦𐑥-	ˌɪm-	𐑦𐑥𐑐𐑮𐑩𐑝𐑲𐑟𐑱𐑖𐑩𐑯	ˌɪmprəvaɪˈzeɪʃən	medium	r_gap:spelling=1,ipa=0
improvisation	𐑦𐑥𐑐𐑮𐑪𐑝𐑩𐑟𐑱𐑖𐑩𐑯	ɪmˌprɒvəˈzeɪʃən	𐑦𐑥𐑐𐑮𐑩𐑝𐑲𐑟𐑱𐑖𐑩𐑯	ˌɪmprəvaɪˈzeɪʃən	high	
impudence	𐑦𐑥𐑐𐑘𐑫𐑛𐑩𐑯𐑕	ˈɪmpjudəns	𐑦𐑥𐑐𐑘𐑩𐑛𐑩𐑯𐑕	ˈɪmpjədəns	high	
impurity	𐑦𐑥𐑐𐑘𐑫𐑮𐑦𐑑𐑦	ɪmˈpjurɪti	𐑦𐑥𐑐𐑘𐑫𐑼𐑦𐑑𐑦	ɪmˈpjʊərɪti	high	
impurity	𐑦𐑥𐑐𐑘𐑻𐑦𐑑𐑦	ɪmˈpjɜːRɪti	𐑦𐑥𐑐𐑘𐑫𐑼𐑦𐑑𐑦	ɪmˈpjʊərɪti	high	
impute	𐑦𐑥𐑐𐑘𐑫𐑑	ɪmˈpjut	𐑦𐑥𐑐𐑿𐑑	ɪmˈpjuːt	high	
in memoriam	𐑦𐑯 𐑥𐑩𐑥𐑹𐑦𐑩𐑥	ɪn məˈmɔːRiəm	𐑦𐑯 𐑥𐑩𐑥𐑹𐑾𐑥	ˌɪn məˈmɔːrɪəm	high	
inaccurate	-𐑩𐑑	-ət	𐑦𐑯𐑨𐑒𐑘𐑼𐑩𐑑	ɪnˈækjərət	medium	r_gap:spelling=1,ipa=0
inaccurate	𐑦𐑯𐑨𐑒𐑘𐑼𐑦𐑑	ɪnˈækjərɪt	𐑦𐑯𐑨𐑒𐑘𐑼𐑩𐑑	ɪnˈækjərət	high	
inalienable	𐑦𐑯𐑱𐑤𐑦𐑩𐑯𐑩𐑚𐑩𐑤	ɪˈneɪliənəbəl	𐑦𐑯𐑱𐑤𐑾𐑯𐑩𐑚𐑩𐑤	ˌɪnˈeɪlɪənəbəl	high	
inappropriate	𐑦𐑯𐑩𐑐𐑮𐑴𐑐𐑮𐑦𐑩𐑑	ɪnəprəʊpriət	𐑦𐑯𐑩𐑐𐑮𐑴𐑐𐑮𐑾𐑑	ˌɪnəˈprəʊprɪət	high	
inaptitude	𐑦𐑯𐑨𐑐𐑑𐑦𐑑𐑫𐑛	ɪnˈæptɪtud	𐑦𐑯𐑨𐑐𐑑𐑦𐑑𐑵𐑛, 𐑦𐑯𐑨𐑐𐑑𐑦𐑑𐑿𐑛	ɪnˈæptɪtjuːd	high	
inaugurate	𐑦𐑯𐑷𐑜𐑘𐑼𐑧𐑑	ɪˈnɔːɡjəret	𐑦𐑯𐑷𐑜𐑘𐑼𐑱𐑑	ɪˈnɔːɡjəreɪt	high	
inaugurate	𐑦𐑯𐑷𐑜𐑘𐑼𐑩𐑑	ɪnɔːɡjərət	𐑦𐑯𐑷𐑜𐑘𐑼𐑱𐑑	ɪˈnɔːɡjəreɪt	high	
inaugurate	𐑦𐑯𐑷𐑜𐑼𐑧𐑑	ɪˈnɔːɡəret	𐑦𐑯𐑷𐑜𐑘𐑼𐑱𐑑	ɪˈnɔːɡjəreɪt	high	
inaugurate	𐑦𐑯𐑷𐑜𐑼𐑱𐑑	ɪˈnɔːɡəˌreɪt	𐑦𐑯𐑷𐑜𐑘𐑼𐑱𐑑	ɪˈnɔːɡjəreɪt	high	
inauguration	𐑦𐑯𐑪𐑜𐑘𐑼𐑱𐑖𐑩𐑯	ɪˌnɒɡjəˈreɪʃən	𐑦𐑯𐑷𐑜𐑘𐑼𐑱𐑖𐑩𐑯	ɪˌnɔːɡjəˈreɪʃən	high	
inauguration	𐑦𐑯𐑪𐑜𐑼𐑱𐑖𐑩𐑯	ɪˌnɒɡəˈreɪʃən	𐑦𐑯𐑷𐑜𐑘𐑼𐑱𐑖𐑩𐑯	ɪˌnɔːɡjəˈreɪʃən	high	
incandescent	𐑦𐑙𐑒𐑨𐑯𐑛𐑧𐑕𐑩𐑯𐑑	ˌɪŋkænˈdesənt	𐑦𐑯𐑒𐑨𐑯𐑛𐑧𐑕𐑩𐑯𐑑	ˌɪnkænˈdesənt	high	
incandescent	𐑦𐑯𐑒𐑩𐑯𐑛𐑧𐑕𐑩𐑯𐑑	ˌɪnkənˈdesənt	𐑦𐑯𐑒𐑨𐑯𐑛𐑧𐑕𐑩𐑯𐑑	ˌɪnkænˈdesənt	high	
incarnadine	-𐑛𐑦𐑯	-dɪn	𐑦𐑯𐑒𐑸𐑯𐑩𐑛𐑲𐑯	ɪnˈkɑːRnədaɪn	medium	r_gap:spelling=1,ipa=0; shave_says:𐑦𐑯𐑒𐑸𐑯𐑩𐑛𐑲𐑯
incarnadine	-𐑛𐑲𐑯	-daɪn	𐑦𐑯𐑒𐑸𐑯𐑩𐑛𐑲𐑯	ɪnˈkɑːRnədaɪn	medium	r_gap:spelling=1,ipa=0; shave_says:𐑦𐑯𐑒𐑸𐑯𐑩𐑛𐑲𐑯
incarnadine	𐑦𐑯𐑒𐑸𐑯𐑩𐑛𐑰𐑯	ɪnkɑːRnədiːn	𐑦𐑯𐑒𐑸𐑯𐑩𐑛𐑲𐑯	ɪnˈkɑːRnədaɪn	high	
incarnate	𐑦𐑯𐑒𐑸𐑯𐑦𐑑	ɪnˈkɑːrnɪt	𐑦𐑯𐑒𐑸𐑯𐑩𐑑, 𐑦𐑯𐑒𐑸𐑯𐑱𐑑	ɪnˈkɑːRnət	high	
incarnation	𐑦𐑙𐑒𐑸𐑯𐑱𐑖𐑩𐑯	ɪŋkɑːRneɪʃən	𐑦𐑯𐑒𐑸𐑯𐑱𐑖𐑩𐑯	ˌɪnkɑːRˈneɪʃən	high	
incautious	𐑦𐑯𐑒𐑪𐑖𐑩𐑕	ɪnˈkɒʃəs	𐑦𐑯𐑒𐑷𐑖𐑩𐑕	ɪnˈkɔːʃəs	high	
incendiarism	𐑦𐑯𐑕𐑧𐑯𐑛𐑽𐑦𐑟𐑥	ɪnsendɪərɪzm	𐑦𐑯𐑕𐑧𐑯𐑛𐑽𐑦𐑟𐑩𐑥	ɪnˈsendɪərɪzəm	high	
incendiary	𐑦𐑯𐑕𐑧𐑯𐑛𐑘𐑼𐑦	ɪnsendjəri	𐑦𐑯𐑕𐑧𐑯𐑛𐑽𐑦	ɪnˈsendɪəri	high	
incendiary	𐑦𐑯𐑕𐑧𐑯𐑛𐑦𐑧𐑮𐑦	ɪnˈsendieri	𐑦𐑯𐑕𐑧𐑯𐑛𐑽𐑦	ɪnˈsendɪəri	high	
incendiary	𐑦𐑯𐑕𐑧𐑯𐑛𐑦𐑼𐑦	ɪnˈsendiəri	𐑦𐑯𐑕𐑧𐑯𐑛𐑽𐑦	ɪnˈsendɪəri	high	
incestuous	𐑦𐑯𐑕𐑧𐑕𐑗𐑫𐑩𐑕	ɪnˈsestʃuəs	𐑦𐑯𐑕𐑧𐑕𐑑𐑘𐑫𐑩𐑕	ɪnˈsestjuəs	high	
inchoate	𐑦𐑯𐑒𐑴𐑩𐑑	ɪnˈkəʊət	𐑦𐑯𐑒𐑴𐑱𐑑	ɪnˈkəʊeɪt	high	
inchworm	𐑦𐑯𐑗𐑢𐑼𐑥	ˈɪntʃwəRm	𐑦𐑯𐑗𐑢𐑻𐑥	ˈɪntʃwɜːRm	high	
incidentally	𐑦𐑯𐑕𐑩𐑛𐑧𐑯𐑑𐑩𐑤𐑦	ˌɪnsəˈdentəli	𐑦𐑯𐑕𐑦𐑛𐑧𐑯𐑑𐑩𐑤𐑦	ˌɪnsɪˈdentəli	high	
incommensurable	𐑦𐑯𐑒𐑩𐑥𐑧𐑯𐑑𐑕𐑼𐑩𐑚𐑩𐑤	ɪnkəˈmentsərəbəl	𐑦𐑯𐑒𐑩𐑥𐑧𐑯𐑖𐑼𐑩𐑚𐑩𐑤	ˌɪnkəˈmenʃərəbəl	high	
incommensurable	𐑦𐑯𐑒𐑩𐑥𐑧𐑯𐑕𐑘𐑩𐑼𐑩𐑚𐑩𐑤	ɪnkəmensjəərəbəl	𐑦𐑯𐑒𐑩𐑥𐑧𐑯𐑖𐑼𐑩𐑚𐑩𐑤	ˌɪnkəˈmenʃərəbəl	high	
incommensurable	𐑦𐑯𐑒𐑩𐑥𐑧𐑯𐑗𐑮𐑩𐑚𐑩𐑤	ɪnkəˈmentʃrəbəl	𐑦𐑯𐑒𐑩𐑥𐑧𐑯𐑖𐑼𐑩𐑚𐑩𐑤	ˌɪnkəˈmenʃərəbəl	high	
incomparable	𐑦𐑙𐑒𐑩𐑥𐑐𐑧𐑮𐑩𐑚𐑩𐑤	ɪŋkəmˈperəbəl	𐑦𐑯𐑒𐑪𐑥𐑐𐑼𐑩𐑚𐑩𐑤	ɪnˈkɒmpərəbəl	high	
incomparable	𐑦𐑙𐑒𐑩𐑥𐑐𐑨𐑮𐑩𐑚𐑩𐑤	ɪŋkəmpærəbəl	𐑦𐑯𐑒𐑪𐑥𐑐𐑼𐑩𐑚𐑩𐑤	ɪnˈkɒmpərəbəl	high	
incomparable	𐑦𐑙𐑒𐑪𐑥𐑐𐑼𐑩𐑚𐑩𐑤	ɪŋkɒmpərəbəl	𐑦𐑯𐑒𐑪𐑥𐑐𐑼𐑩𐑚𐑩𐑤	ɪnˈkɒmpərəbəl	high	
incompetent	𐑦𐑯𐑒𐑪𐑥𐑐𐑩𐑑𐑩𐑯𐑑	ɪnˈkɒmpətənt	𐑦𐑯𐑒𐑪𐑥𐑐𐑦𐑑𐑩𐑯𐑑	ɪnˈkɒmpɪtənt	high	
incomprehensible	𐑦𐑙𐑒𐑪𐑥𐑐𐑮𐑦𐑣𐑧𐑯𐑕𐑦𐑚𐑩𐑤	ɪŋkɒmprɪhensɪbəl	𐑦𐑯𐑒𐑪𐑥𐑐𐑮𐑦𐑣𐑧𐑯𐑕𐑩𐑚𐑩𐑤	ˌɪnˌkɒmprɪˈhensəbəl	medium	ml_disagrees:𐑦𐑙𐑒𐑪𐑥𐑐𐑮𐑦𐑣𐑧𐑯𐑕𐑩𐑚𐑩𐑤; shave_says:𐑦𐑯𐑒𐑪𐑥𐑐𐑮𐑦𐑣𐑧𐑯𐑕𐑩𐑚𐑩𐑤
incomprehensible	𐑦𐑙𐑒𐑪𐑥𐑐𐑮𐑩𐑣𐑧𐑯𐑕𐑦𐑚𐑩𐑤	ɪŋˌkɒmprəˈhensɪbəl	𐑦𐑯𐑒𐑪𐑥𐑐𐑮𐑦𐑣𐑧𐑯𐑕𐑩𐑚𐑩𐑤	ˌɪnˌkɒmprɪˈhensəbəl	high	
incomprehensible	𐑦𐑯𐑒𐑪𐑥𐑐𐑮𐑩𐑣𐑧𐑯𐑕𐑦𐑚𐑩𐑤	ɪnˌkɒmprəˈhensɪbəl	𐑦𐑯𐑒𐑪𐑥𐑐𐑮𐑦𐑣𐑧𐑯𐑕𐑩𐑚𐑩𐑤	ˌɪnˌkɒmprɪˈhensəbəl	high	
inconclusive	𐑦𐑙𐑒𐑩𐑙𐑒𐑤𐑫𐑕𐑦𐑝	ˌɪŋkəŋˈklusɪv	𐑦𐑯𐑒𐑩𐑯𐑒𐑤𐑵𐑕𐑦𐑝	ˌɪnkənˈkluːsɪv	high	
inconclusive	𐑦𐑙𐑒𐑩𐑙𐑒𐑤𐑵𐑕𐑦𐑝	ˌɪŋkəŋˈkluːsɪv	𐑦𐑯𐑒𐑩𐑯𐑒𐑤𐑵𐑕𐑦𐑝	ˌɪnkənˈkluːsɪv	high	
inconclusive	𐑦𐑯𐑒𐑩𐑯𐑒𐑤𐑫𐑕𐑦𐑝	ˌɪnkənˈklusɪv	𐑦𐑯𐑒𐑩𐑯𐑒𐑤𐑵𐑕𐑦𐑝	ˌɪnkənˈkluːsɪv	high	
incongruity	𐑦𐑯𐑒𐑪𐑙𐑜𐑮𐑫𐑦𐑑𐑦	ɪnkɒŋˈɡruɪti	𐑦𐑯𐑒𐑪𐑙𐑜𐑮𐑵𐑦𐑑𐑦	ˌɪnkɒŋˈɡruːɪti	high	
incongruous	𐑦𐑙𐑒𐑪𐑙𐑜𐑮𐑫𐑩𐑕	ɪŋˈkɒŋɡruəs	𐑦𐑯𐑒𐑪𐑙𐑜𐑮𐑫𐑩𐑕	ɪnˈkɒŋɡruəs	high	
incongruous	𐑦𐑯𐑒𐑪𐑙𐑮𐑫𐑫𐑳𐑕	ɪnkɒŋrʊuʌs	𐑦𐑯𐑒𐑪𐑙𐑜𐑮𐑫𐑩𐑕	ɪnˈkɒŋɡruəs	high	
incongruous	𐑦𐑯𐑒𐑪𐑯𐑜𐑮𐑫𐑩𐑕	ɪnˈkɒnɡruəs	𐑦𐑯𐑒𐑪𐑙𐑜𐑮𐑫𐑩𐑕	ɪnˈkɒŋɡruəs	high	
incongruous	𐑦𐑯𐑒𐑪𐑯𐑜𐑮𐑫𐑫𐑳𐑕	ɪnkɒnɡrʊuʌs	𐑦𐑯𐑒𐑪𐑙𐑜𐑮𐑫𐑩𐑕	ɪnˈkɒŋɡruəs	high	
inconsequential	𐑦𐑯𐑒𐑪𐑯𐑕𐑩𐑒𐑢𐑧𐑯𐑖𐑩𐑤	ɪnˌkɒnsəˈkwenʃəl	𐑦𐑯𐑒𐑪𐑯𐑕𐑦𐑒𐑢𐑧𐑯𐑖𐑩𐑤	ɪnˌkɒnsɪˈkwenʃəl	high	
incontrovertible	𐑦𐑙𐑒𐑪𐑯𐑑𐑮𐑩𐑝𐑻𐑑𐑩𐑚𐑩𐑤	ɪŋkɒntrəvɜːRtəbəl	𐑦𐑯𐑒𐑪𐑯𐑑𐑮𐑩𐑝𐑻𐑑𐑩𐑚𐑩𐑤	ɪnˌkɒntrəˈvɜːRtəbəl	high	
inconvenience	𐑦𐑙𐑒-	ɪŋk-	𐑦𐑯𐑒𐑩𐑯𐑝𐑰𐑯𐑾𐑯𐑕	ˌɪnkənˈviːnɪəns	high	
inconvenience	𐑦𐑯𐑒𐑩𐑯𐑝𐑦𐑯𐑘𐑩𐑯𐑕	ɪnkənˈvinjəns	𐑦𐑯𐑒𐑩𐑯𐑝𐑰𐑯𐑾𐑯𐑕	ˌɪnkənˈviːnɪəns	high	
incorporate	𐑦𐑙𐑒𐑹𐑐𐑮𐑱𐑑	ɪŋˈkɔːRpreɪt	𐑦𐑯𐑒𐑹𐑐𐑼𐑩𐑑, 𐑦𐑯𐑒𐑹𐑐𐑼𐑱𐑑	ɪnˈkɔːRpərət	high	
incorporate	𐑦𐑙𐑒𐑹𐑐𐑼𐑩𐑑	ɪŋkɔːRpərət	𐑦𐑯𐑒𐑹𐑐𐑼𐑩𐑑, 𐑦𐑯𐑒𐑹𐑐𐑼𐑱𐑑	ɪnˈkɔːRpərət	high	
incorporate	𐑦𐑙𐑒𐑹𐑐𐑼𐑱𐑑	ɪŋkɔːRpəreɪt	𐑦𐑯𐑒𐑹𐑐𐑼𐑩𐑑, 𐑦𐑯𐑒𐑹𐑐𐑼𐑱𐑑	ɪnˈkɔːRpərət	high	
incorporated	𐑦𐑙𐑒𐑹𐑐𐑮𐑱𐑑𐑩𐑛	ɪŋˈkɔːRpreɪtƏd	𐑦𐑯𐑒𐑹𐑐𐑼𐑱𐑑𐑩𐑛	ɪnˈkɔːRpəreɪtƏd	high	
incorporated	𐑦𐑙𐑒𐑹𐑐𐑼𐑱𐑑𐑩𐑛	ɪŋkɔːRpəreɪtƏd	𐑦𐑯𐑒𐑹𐑐𐑼𐑱𐑑𐑩𐑛	ɪnˈkɔːRpəreɪtƏd	high	
incorporation	𐑦𐑙𐑒𐑹𐑐𐑼𐑱𐑖𐑩𐑯	ɪŋkɔːRpəreɪʃən	𐑦𐑯𐑒𐑹𐑐𐑼𐑱𐑖𐑩𐑯	ɪnˌkɔːRpəˈreɪʃən	high	
incorrigible	𐑦𐑯𐑒𐑹𐑦𐑡𐑩𐑚𐑩𐑤	ɪnˈkɔːRɪdʒəbəl	𐑦𐑯𐑒𐑪𐑮𐑦𐑡𐑩𐑚𐑩𐑤	ɪnˈkɒrɪdʒəbəl	medium	r_gap:spelling=2,ipa=1
incorrigible	𐑦𐑯𐑒𐑹𐑩𐑡𐑩𐑚𐑩𐑤	ɪnˈkɔːRədʒəbəl	𐑦𐑯𐑒𐑪𐑮𐑦𐑡𐑩𐑚𐑩𐑤	ɪnˈkɒrɪdʒəbəl	medium	r_gap:spelling=2,ipa=1
increases	𐑦𐑯𐑒𐑮𐑦𐑕𐑩𐑟	ɪnˈkrisƏz	𐑦𐑯𐑒𐑮𐑰𐑕𐑩𐑟	ˈɪnkriːsƏz	high	
incredible	𐑦𐑙𐑒𐑮𐑧𐑛𐑦𐑚𐑩𐑤	ɪŋkredɪbəl	𐑦𐑯𐑒𐑮𐑧𐑛𐑩𐑚𐑩𐑤	ɪnˈkredəbəl	high	
incredible	𐑦𐑙𐑒𐑮𐑧𐑛𐑩𐑚𐑩𐑤	ɪŋˈkredəbəl	𐑦𐑯𐑒𐑮𐑧𐑛𐑩𐑚𐑩𐑤	ɪnˈkredəbəl	high	
incredulous	𐑦𐑯𐑒𐑮𐑧𐑛𐑘𐑩𐑤𐑩𐑕	ɪnkredjələs	𐑦𐑯𐑒𐑮𐑧𐑡𐑩𐑤𐑩𐑕	ɪnˈkredʒələs	high	
incubation	𐑦𐑯𐑒𐑘𐑫𐑚𐑱𐑖𐑩𐑯	ɪnkjuˈbeɪʃən	𐑦𐑯𐑒𐑘𐑩𐑚𐑱𐑖𐑩𐑯	ˌɪnkjəˈbeɪʃən	high	
incubation	𐑦𐑯𐑒𐑿𐑚𐑱𐑖𐑩𐑯	ɪnkjuːˈbeɪʃən	𐑦𐑯𐑒𐑘𐑩𐑚𐑱𐑖𐑩𐑯	ˌɪnkjəˈbeɪʃən	high	
incubator	𐑦𐑯𐑒𐑿𐑚𐑱𐑑𐑼	ɪnkjuːbeɪtər	𐑦𐑯𐑒𐑘𐑩𐑚𐑱𐑑𐑼	ˈɪnkjəbeɪtəR	high	
incumbent	𐑦𐑙-	ɪŋ-	𐑦𐑯𐑒𐑳𐑥𐑚𐑩𐑯𐑑	ɪnˈkʌmbənt	high	
incurable	𐑦𐑯𐑒𐑘𐑩𐑼𐑩𐑚𐑤	ɪnkjəərəbl	𐑦𐑯𐑒𐑘𐑫𐑼𐑩𐑚𐑩𐑤	ɪnˈkjʊərəbəl	medium	ml_disagrees:𐑦𐑯𐑒𐑘𐑫𐑼𐑩𐑚𐑤; shave_says:𐑦𐑯𐑒𐑘𐑫𐑼𐑩𐑚𐑩𐑤
incurable	𐑦𐑯𐑒𐑘𐑼𐑩𐑚𐑤	ˌɪnˈkjərəbl	𐑦𐑯𐑒𐑘𐑫𐑼𐑩𐑚𐑩𐑤	ɪnˈkjʊərəbəl	high	
indebtedness	𐑦𐑯𐑛𐑧𐑑𐑦𐑛𐑯𐑩𐑕	ɪnˈdetɪdnəs	𐑦𐑯𐑛𐑧𐑑𐑩𐑛𐑯𐑩𐑕	ɪnˈdetƏdnəs	high	
indeed	𐑦𐑯𐑛𐑦𐑛	ɪnˈdid	𐑦𐑯𐑛𐑰𐑛	ɪnˈdiːd	high	
indefatigable	𐑦𐑯𐑛𐑩𐑓𐑨𐑑𐑦𐑜𐑩𐑚𐑩𐑤	ˌɪndəˈfætɪɡəbəl	𐑦𐑯𐑛𐑦𐑓𐑨𐑑𐑦𐑜𐑩𐑚𐑩𐑤	ˌɪndɪˈfætɪɡəbəl	high	
indefatigably	𐑦𐑯𐑛𐑩𐑓𐑨𐑑𐑩𐑜𐑩𐑚𐑤𐑦	ˌɪndəˈfætəɡəbli	𐑦𐑯𐑛𐑦𐑓𐑨𐑑𐑦𐑜𐑩𐑚𐑤𐑦	ɪndɪˈfætɪɡəbli	high	
indemnification	𐑩𐑯𐑛𐑧𐑥𐑯𐑩𐑓𐑩𐑒𐑱𐑖𐑩𐑯	ənˌdemnəfəˈkeɪʃən	𐑦𐑯𐑛𐑧𐑥𐑯𐑦𐑓𐑦𐑒𐑱𐑖𐑩𐑯	ɪnˌdemnɪfɪˈkeɪʃən	high	
indenture	𐑦𐑯𐑛𐑧𐑯𐑖𐑻	ɪnˈdenʃɜːR	𐑦𐑯𐑛𐑧𐑯𐑗𐑼	ɪnˈdentʃəR	high	
india	𐑦𐑯𐑛𐑦𐑩	ˈɪndiə	𐑦𐑯𐑛𐑾	ˈɪndɪə	high	
india	𐑦𐑯𐑛𐑰𐑩	ˈɪndiːə	𐑦𐑯𐑛𐑾	ˈɪndɪə	high	
indian	𐑦𐑯𐑛𐑦𐑩𐑯	ˈɪndiən	𐑦𐑯𐑛𐑾𐑯	ˈɪndɪən	high	
indianapolis	𐑦𐑯𐑛𐑦𐑩𐑯𐑨𐑐𐑩𐑤𐑦𐑕	ɪndiəˈnæpəlɪs	𐑦𐑯𐑛𐑾𐑯𐑨𐑐𐑩𐑤𐑦𐑕	ˌɪndiəˈnæpəlɪs	high	
indices	𐑦𐑯𐑛𐑦𐑕𐑦𐑟	ˈɪndɪˌsiz	𐑦𐑯𐑛𐑦𐑕𐑰𐑟	ˈɪndɪsiːz	high	
indices	𐑩𐑯𐑛𐑩𐑕𐑰𐑟	ˈəndəsiːz	𐑦𐑯𐑛𐑦𐑕𐑰𐑟	ˈɪndɪsiːz	high	
indigenous	𐑦𐑯𐑛𐑦𐑡𐑩𐑯𐑩𐑕	ɪnˈdɪdʒənəs	𐑦𐑯𐑛𐑦𐑡𐑦𐑯𐑩𐑕	ɪnˈdɪdʒɪnəs	high	
indirect	𐑦𐑯𐑛𐑲𐑮𐑧𐑒𐑑	ɪndaɪrekt	𐑦𐑯𐑛𐑦𐑮𐑧𐑒𐑑	ˌɪndɪˈrekt	high	
indirect	𐑦𐑯𐑛𐑼𐑧𐑒𐑑	ˌɪndəˈrekt	𐑦𐑯𐑛𐑦𐑮𐑧𐑒𐑑	ˌɪndɪˈrekt	high	
indisputable	𐑦𐑯𐑛𐑦𐑕𐑐𐑘𐑫𐑑𐑩𐑚𐑩𐑤	ˌɪndɪˈspjutəbəl	𐑦𐑯𐑛𐑦𐑕𐑐𐑿𐑑𐑩𐑚𐑩𐑤	ˌɪndɪˈspjuːtəbəl	high	
indisputably	𐑦𐑯𐑛𐑦𐑕𐑐𐑘𐑫𐑑𐑩𐑚𐑤𐑦	ˌɪndɪˈspjutəbli	𐑦𐑯𐑛𐑦𐑕𐑐𐑿𐑑𐑩𐑚𐑤𐑦	ˌɪndɪsˈpjuːtəbli	high	
individual	𐑦𐑯𐑛𐑩-	ˌɪndə-	𐑦𐑯𐑛𐑦𐑝𐑦𐑡𐑫𐑩𐑤	ˌɪndɪˈvɪdʒuəl	high	
individualize	𐑦𐑯𐑛𐑩𐑝𐑦𐑡𐑫𐑩𐑤𐑲𐑟	ˌɪndəˈvɪdʒuəlaɪz	𐑦𐑯𐑛𐑦𐑝𐑦𐑡𐑫𐑩𐑤𐑲𐑟	ˌɪndɪˈvɪdʒuəlaɪz	high	
indoctrination	𐑦𐑯𐑛𐑪𐑒𐑑𐑮𐑩𐑯𐑱𐑖𐑩𐑯	ɪnˌdɒktrəˈneɪʃən	𐑦𐑯𐑛𐑪𐑒𐑑𐑮𐑦𐑯𐑱𐑖𐑩𐑯	ɪnˌdɒktrɪˈneɪʃən	high	
indonesia	-𐑛𐑴-	-doʊ-	𐑦𐑯𐑛𐑩𐑯𐑰𐑠𐑩	ˌɪndəˈniːʒə	high	
indonesia	-𐑟𐑦𐑩	-ziə	𐑦𐑯𐑛𐑩𐑯𐑰𐑠𐑩	ˌɪndəˈniːʒə	high	
indonesia	𐑦𐑯𐑛𐑩𐑯𐑦𐑠𐑩	ˌɪndəˈniʒə	𐑦𐑯𐑛𐑩𐑯𐑰𐑠𐑩	ˌɪndəˈniːʒə	high	
indoor	𐑦𐑯𐑛𐑪𐑮	ˈɪndor	𐑦𐑯𐑛𐑹	ˈɪndɔːR	high	
indubitable	𐑦𐑯𐑛𐑫𐑚𐑦𐑑𐑩𐑚𐑩𐑤	ɪnˈdubɪtəbəl	𐑦𐑯𐑛𐑵𐑚𐑦𐑑𐑩𐑚𐑩𐑤, 𐑦𐑯𐑛𐑿𐑚𐑦𐑑𐑩𐑚𐑩𐑤	ɪnˈdjuːbɪtəbəl	high	
indubitably	𐑦𐑯𐑛𐑫𐑚𐑦𐑑𐑩𐑚𐑤𐑦	ɪnˈdubɪtəbli	𐑦𐑯𐑛𐑵𐑚𐑦𐑑𐑩𐑚𐑤𐑦, 𐑦𐑯𐑛𐑿𐑚𐑦𐑑𐑩𐑚𐑤𐑦	ɪnˈdjuːbɪtəbli	high	
induced	𐑦𐑯𐑛𐑫𐑕𐑑	ɪnˈdust	𐑦𐑯𐑛𐑵𐑕𐑑, 𐑦𐑯𐑛𐑿𐑕𐑑	ɪnˈdjuːst	high	
inducing	𐑦𐑯𐑛𐑫𐑕𐑦𐑙	ɪnˈdusɪŋ	𐑦𐑯𐑛𐑵𐑕𐑦𐑙, 𐑦𐑯𐑛𐑿𐑕𐑦𐑙	ɪnˈdjuːsɪŋ	high	
industrialization	𐑦𐑯𐑛𐑳𐑕𐑑𐑮𐑾𐑤𐑦𐑟𐑱𐑖𐑩𐑯	ɪnˌdʌstrɪəlɪˈzeɪʃən	𐑦𐑯𐑛𐑳𐑕𐑑𐑮𐑾𐑤𐑲𐑟𐑱𐑖𐑩𐑯	ɪnˌdʌstrɪəlaɪˈzeɪʃən	high	
industrialization	𐑦𐑯𐑛𐑳𐑕𐑗𐑮𐑾𐑤𐑦𐑟𐑱𐑖𐑩𐑯	ɪnˌdʌstʃrɪəlɪˈzeɪʃən	𐑦𐑯𐑛𐑳𐑕𐑑𐑮𐑾𐑤𐑲𐑟𐑱𐑖𐑩𐑯	ɪnˌdʌstrɪəlaɪˈzeɪʃən	high	
ineffectual	𐑦𐑯𐑩𐑓𐑧𐑒𐑗𐑫𐑩𐑤	ˌɪnəˈfektʃuəl	𐑦𐑯𐑦𐑓𐑧𐑒𐑗𐑫𐑩𐑤	ˌɪnɪˈfektʃuəl	high	
inelastic	𐑦𐑯𐑩𐑤𐑨𐑕𐑑𐑦𐑒	ˌɪnəˈlæstɪk	𐑦𐑯𐑦𐑤𐑨𐑕𐑑𐑦𐑒	ˌɪnɪˈlæstɪk	high	
ineptitude	𐑦𐑯𐑧𐑐𐑑𐑦𐑑𐑘𐑫𐑛	ɪˈneptɪtjud	𐑦𐑯𐑧𐑐𐑑𐑦𐑑𐑵𐑛, 𐑦𐑯𐑧𐑐𐑑𐑦𐑑𐑿𐑛	ɪˈneptɪtjuːd	high	
inert	𐑩𐑯𐑻𐑑	ənˈɜːRt	𐑦𐑯𐑻𐑑	ɪˈnɜːRt	high	
inestimable	𐑦𐑯𐑧𐑕𐑑𐑦𐑥𐑩𐑚𐑤	ɪnˈestɪməbl	𐑦𐑯𐑧𐑕𐑑𐑦𐑥𐑩𐑚𐑩𐑤	ɪnˈestɪməbəl	high	
inevitable	𐑦𐑯𐑧𐑝𐑦𐑑𐑩𐑚𐑤	ɪˈnevɪtəbl	𐑦𐑯𐑧𐑝𐑦𐑑𐑩𐑚𐑩𐑤	ɪnˈevɪtəbəl	high	
inexorable	𐑦𐑯𐑧𐑒𐑕𐑮𐑩𐑚𐑩𐑤	ɪneksrəbəl	𐑦𐑯𐑧𐑒𐑕𐑼𐑩𐑚𐑩𐑤	ˌɪnˈeksərəbəl	high	
inexorable	𐑦𐑯𐑧𐑒𐑕𐑷𐑮𐑩𐑚𐑩𐑤	ɪneksɔrəbəl	𐑦𐑯𐑧𐑒𐑕𐑼𐑩𐑚𐑩𐑤	ˌɪnˈeksərəbəl	high	
inexpedient	𐑦𐑯𐑦𐑒𐑕𐑐𐑰𐑛𐑦𐑩𐑯𐑑	ɪnɪkˈspiːdiənt	𐑦𐑯𐑦𐑒𐑕𐑐𐑰𐑛𐑾𐑯𐑑	ˌɪnɪkˈspiːdɪənt	high	
infallibility	𐑦𐑯𐑓𐑨𐑤𐑩𐑚𐑦𐑤𐑩𐑑𐑦	ɪnˌfæləˈbɪləti	𐑦𐑯𐑓𐑨𐑤𐑩𐑚𐑦𐑤𐑦𐑑𐑦	ɪnˌfæləˈbɪlɪti	high	
infantilism	𐑦𐑯𐑓𐑨𐑯𐑑𐑦𐑤𐑦𐑟𐑥	ɪnˈfæntɪlɪzm	𐑦𐑯𐑓𐑨𐑯𐑑𐑦𐑤𐑦𐑟𐑩𐑥	ɪnˈfæntɪlɪzəm	high	
inference	𐑦𐑯𐑓𐑮𐑩𐑯𐑕	ˈɪnfrəns	𐑦𐑯𐑓𐑼𐑩𐑯𐑕	ˈɪnfərəns	high	
inferior	𐑦𐑯𐑓𐑦𐑮𐑦𐑼	ɪnˈfɪriəR	𐑦𐑯𐑓𐑽𐑽	ɪnˈfɪərɪəR	high	
inferior	𐑦𐑯𐑓𐑽𐑦𐑼	ɪnfɪəriəR	𐑦𐑯𐑓𐑽𐑽	ɪnˈfɪərɪəR	high	
infertile	𐑦𐑯𐑓𐑻𐑑𐑦𐑤	ɪnˈfɜːRtɪl	𐑦𐑯𐑓𐑻𐑑𐑲𐑤	ɪnˈfɜːRtaɪl	high	
infiltrate	𐑦𐑯𐑓𐑩𐑤𐑑𐑮𐑱𐑑	ˈɪnfəltreɪt	𐑦𐑯𐑓𐑦𐑤𐑑𐑮𐑱𐑑	ˈɪnfɪltreɪt	high	
inflammatory	𐑦𐑯𐑓𐑤𐑨𐑥𐑩𐑑𐑹𐑦	ɪnˈflæməˌtɔːRi	𐑦𐑯𐑓𐑤𐑨𐑥𐑩𐑑𐑼𐑦	ɪnˈflæmətəri	high	
inflammatory	𐑩𐑯𐑓𐑤𐑧𐑥𐑩𐑑𐑼𐑦	ənflemətəri	𐑦𐑯𐑓𐑤𐑨𐑥𐑩𐑑𐑼𐑦	ɪnˈflæmətəri	high	
inflexions	𐑦𐑯𐑓𐑤𐑧𐑒𐑕𐑘𐑩𐑯	ɪnˈfleksjən	𐑦𐑯𐑓𐑤𐑧𐑒𐑖𐑩𐑯𐑟	ɪnˈflekʃənz	high	
inflexions	𐑦𐑯𐑓𐑤𐑧𐑒𐑖𐑩𐑯	ɪnˈflekʃən	𐑦𐑯𐑓𐑤𐑧𐑒𐑖𐑩𐑯𐑟	ɪnˈflekʃənz	high	
influenced	𐑦𐑯𐑓𐑤𐑫𐑼𐑯𐑕𐑑	ˈɪnflʊənst	𐑦𐑯𐑓𐑤𐑫𐑩𐑯𐑕𐑑	ˈɪnfluənst	medium	ml_disagrees:𐑦𐑯𐑓𐑤𐑫𐑩𐑯𐑕𐑑; shave_says:𐑦𐑯𐑓𐑤𐑵𐑩𐑯𐑕𐑑
information	𐑦𐑯𐑓𐑩𐑥𐑱𐑖𐑩𐑯	ɪnfəmeɪʃən	𐑦𐑯𐑓𐑼𐑥𐑱𐑖𐑩𐑯	ˌɪnfəRˈmeɪʃən	medium	r_gap:spelling=1,ipa=0; shave_says:𐑦𐑯𐑓𐑼𐑥𐑱𐑖𐑩𐑯
informational	𐑦𐑯𐑓𐑩𐑥𐑱𐑖𐑩𐑯𐑩𐑤	ɪnfəmeɪʃənəl	𐑦𐑯𐑓𐑼𐑥𐑱𐑖𐑩𐑯𐑩𐑤	ˌɪnfəRˈmeɪʃənəl	medium	r_gap:spelling=1,ipa=0; shave_says:𐑦𐑯𐑓𐑼𐑥𐑱𐑖𐑩𐑯𐑩𐑤
infuriate	𐑦𐑯𐑓𐑘𐑩𐑼𐑦𐑱𐑑	ɪnfjəərieɪt	𐑦𐑯𐑓𐑘𐑫𐑼𐑦𐑱𐑑	ɪnˈfjʊərieɪt	high	
infuriating	𐑦𐑯𐑓𐑘𐑩𐑼𐑦𐑱𐑑𐑦𐑙	ɪnfjəərieɪtɪŋ	𐑦𐑯𐑓𐑘𐑫𐑼𐑦𐑱𐑑𐑦𐑙	ɪnˈfjʊərieɪtɪŋ	high	
ingenue	𐑨𐑯𐑠𐑱𐑯𐑿	ˌænʒeɪˈnjuː	𐑨𐑯𐑠𐑩𐑯𐑵, 𐑨𐑯𐑠𐑩𐑯𐑿	ˈænʒənjuː	high	
ingenue	𐑪𐑯𐑠𐑩𐑯𐑫	ˈɒnʒənu	𐑨𐑯𐑠𐑩𐑯𐑵, 𐑨𐑯𐑠𐑩𐑯𐑿	ˈænʒənjuː	high	
ingenuously	𐑦𐑯𐑡𐑧𐑯𐑿𐑩𐑕𐑤𐑦	ɪnˈdʒenjuːəsli	𐑦𐑯𐑡𐑧𐑯𐑘𐑫𐑩𐑕𐑤𐑦	ɪnˈdʒenjuəsli	high	
ingratitude	𐑦𐑯𐑜𐑮𐑨𐑑𐑦𐑑𐑫𐑛	ɪnˈɡrætɪtud	𐑦𐑯𐑜𐑮𐑨𐑑𐑦𐑑𐑵𐑛, 𐑦𐑯𐑜𐑮𐑨𐑑𐑦𐑑𐑿𐑛	ɪnˈɡrætɪtjuːd	high	
ingratitude	𐑦𐑯𐑜𐑮𐑨𐑑𐑦𐑗𐑵𐑛	ɪnɡrætɪtʃuːd	𐑦𐑯𐑜𐑮𐑨𐑑𐑦𐑑𐑵𐑛, 𐑦𐑯𐑜𐑮𐑨𐑑𐑦𐑑𐑿𐑛	ɪnˈɡrætɪtjuːd	high	
iniquitous	-𐑑𐑩𐑕	-təs	𐑦𐑯𐑦𐑒𐑢𐑦𐑑𐑩𐑕	ɪˈnɪkwɪtəs	high	
iniquity	-𐑑𐑦	-ti	𐑦𐑯𐑦𐑒𐑢𐑦𐑑𐑦	ɪˈnɪkwɪti	high	
iniquity	-𐑒𐑢𐑩-	-kwə-	𐑦𐑯𐑦𐑒𐑢𐑦𐑑𐑦	ɪˈnɪkwɪti	high	
injurious	𐑦𐑯𐑡𐑫𐑮𐑦𐑩𐑕	ɪnˈdʒʊriəs	𐑦𐑯𐑡𐑫𐑼𐑾𐑕	ɪnˈdʒʊərɪəs	high	
injurious	𐑦𐑯𐑡𐑹𐑾𐑕	ɪndʒɔːrɪəs	𐑦𐑯𐑡𐑫𐑼𐑾𐑕	ɪnˈdʒʊərɪəs	high	
injurious	𐑦𐑯𐑡𐑻𐑦𐑩𐑕	ɪnˈdʒɜːRiəs	𐑦𐑯𐑡𐑫𐑼𐑾𐑕	ɪnˈdʒʊərɪəs	high	
injury	𐑦𐑯𐑡𐑮𐑦	ɪndʒri	𐑦𐑯𐑡𐑼𐑦	ˈɪndʒəri	high	
innovative	𐑦𐑯𐑩𐑝𐑱𐑑𐑦𐑝	ˈɪnəˌveɪtɪv	𐑦𐑯𐑩𐑝𐑩𐑑𐑦𐑝	ˈˌɪnəvətɪv	high	
innovative	𐑦𐑯𐑯𐑪𐑝𐑩𐑑𐑦𐑝	ɪnˈnɒvətɪv	𐑦𐑯𐑩𐑝𐑩𐑑𐑦𐑝	ˈˌɪnəvətɪv	high	
innovative	𐑦𐑯𐑴𐑝𐑩𐑑𐑦𐑝	ɪˈnəʊvətɪv	𐑦𐑯𐑩𐑝𐑩𐑑𐑦𐑝	ˈˌɪnəvətɪv	high	
innovative	𐑦𐑯𐑴𐑝𐑱𐑑𐑦𐑝	ˈɪnoʊˌveɪtɪv	𐑦𐑯𐑩𐑝𐑩𐑑𐑦𐑝	ˈˌɪnəvətɪv	high	
inoculate	𐑦𐑯𐑪𐑒𐑘𐑫𐑤𐑦𐑑	ɪˈnɒkjulɪt	𐑦𐑯𐑪𐑒𐑘𐑩𐑤𐑩𐑑, 𐑦𐑯𐑪𐑒𐑘𐑩𐑤𐑱𐑑	ɪˈnɒkjələt	high	
inoculate	𐑦𐑯𐑪𐑒𐑘𐑫𐑤𐑱𐑑	ɪˈnɒkjuleɪt	𐑦𐑯𐑪𐑒𐑘𐑩𐑤𐑩𐑑, 𐑦𐑯𐑪𐑒𐑘𐑩𐑤𐑱𐑑	ɪˈnɒkjələt	high	
inoculate	𐑦𐑯𐑭𐑒𐑘𐑫𐑤𐑦𐑑	ɪˈnɑːkjulɪt	𐑦𐑯𐑪𐑒𐑘𐑩𐑤𐑩𐑑, 𐑦𐑯𐑪𐑒𐑘𐑩𐑤𐑱𐑑	ɪˈnɒkjələt	high	
inoculate	𐑦𐑯𐑭𐑒𐑘𐑫𐑤𐑱𐑑	ɪˈnɑːkjuleɪt	𐑦𐑯𐑪𐑒𐑘𐑩𐑤𐑩𐑑, 𐑦𐑯𐑪𐑒𐑘𐑩𐑤𐑱𐑑	ɪˈnɒkjələt	high	
inordinate	𐑦𐑯𐑹𐑛𐑩𐑯𐑩𐑑	ɪnˈɔːRdənət	𐑦𐑯𐑹𐑛𐑦𐑯𐑩𐑑	ɪˈnɔːRdɪnət	high	
inquire	𐑦𐑯𐑒𐑢𐑲𐑮	ɪnˈkwaɪr	𐑦𐑯𐑒𐑢𐑲𐑼	ɪnˈkwaɪəR	high	
inquired	𐑦𐑯𐑒𐑢𐑲𐑮𐑛	ɪnˈkwaɪrd	𐑦𐑯𐑒𐑢𐑲𐑼𐑛	ɪnˈkwaɪəRd	high	
inquiries	𐑦𐑙-	ɪŋ-	𐑦𐑯𐑒𐑢𐑲𐑼𐑦𐑟	ɪnˈkwaɪəriz	medium	r_gap:spelling=1,ipa=0; shave_says:𐑦𐑯𐑒𐑢𐑲𐑼𐑦𐑟
inquiries	𐑦𐑯𐑒𐑢𐑦𐑮𐑦𐑟	ˈɪnkwɪriz	𐑦𐑯𐑒𐑢𐑲𐑼𐑦𐑟	ɪnˈkwaɪəriz	high	
inquiring	𐑦𐑯𐑒𐑢𐑲𐑮𐑦𐑙	ɪnˈkwaɪrɪŋ	𐑦𐑯𐑒𐑢𐑲𐑼𐑦𐑙	ɪnˈkwaɪərɪŋ	high	
inquiry	𐑦𐑙-	ɪŋ-	𐑦𐑯𐑒𐑢𐑲𐑼𐑦	ɪnˈkwaɪəri	medium	r_gap:spelling=1,ipa=0; shave_says:𐑦𐑯𐑒𐑢𐑲𐑼𐑦
inquiry	𐑦𐑯𐑒𐑢𐑦𐑮𐑦	ˈɪnkwɪri	𐑦𐑯𐑒𐑢𐑲𐑼𐑦	ɪnˈkwaɪəri	high	
inquisitor	𐑦𐑯𐑒𐑢𐑦𐑟𐑩𐑑𐑼	ɪnˈkwɪzətər	𐑦𐑯𐑒𐑢𐑦𐑟𐑦𐑑𐑼	ɪnˈkwɪzɪtəR	high	
insatiable	𐑦𐑯𐑕𐑱𐑖𐑘𐑩𐑚𐑩𐑤	ɪnˈseɪʃjəbəl	𐑦𐑯𐑕𐑱𐑖𐑩𐑚𐑩𐑤	ɪnˈseɪʃəbəl	high	
insatiable	𐑦𐑯𐑕𐑱𐑖𐑦𐑩𐑚𐑩𐑤	ɪnˈseɪʃiəbəl	𐑦𐑯𐑕𐑱𐑖𐑩𐑚𐑩𐑤	ɪnˈseɪʃəbəl	high	
insatiate	𐑦𐑯𐑕𐑱𐑖𐑦𐑑	ɪnˈseɪʃɪt	𐑦𐑯𐑕𐑱𐑖𐑾𐑑	ɪnˈseɪʃɪət	high	
insatiate	𐑦𐑯𐑕𐑱𐑖𐑦𐑦𐑑	ɪnˈseɪʃiɪt	𐑦𐑯𐑕𐑱𐑖𐑾𐑑	ɪnˈseɪʃɪət	high	
insecticide	𐑦𐑯𐑕𐑧𐑒𐑑𐑩𐑕𐑲𐑛	ɪnˈsektəˌsaɪd	𐑦𐑯𐑕𐑧𐑒𐑑𐑦𐑕𐑲𐑛	ɪnˈsektɪsaɪd	high	
insecure	𐑦𐑯𐑕𐑩𐑒𐑘𐑩𐑼	ɪnsəkjəər	𐑦𐑯𐑕𐑦𐑒𐑘𐑫𐑼	ˌɪnsɪˈkjʊəR	medium	ml_disagrees:𐑦𐑯𐑕𐑩𐑒𐑘𐑫𐑼; shave_says:𐑦𐑯𐑕𐑦𐑒𐑘𐑫𐑼
insecure	𐑦𐑯𐑕𐑩𐑒𐑘𐑹	ɪnsəkjɔːr	𐑦𐑯𐑕𐑦𐑒𐑘𐑫𐑼	ˌɪnsɪˈkjʊəR	high	
insecure	𐑦𐑯𐑕𐑩𐑒𐑘𐑻	ɪnsəˈkjɜːR	𐑦𐑯𐑕𐑦𐑒𐑘𐑫𐑼	ˌɪnsɪˈkjʊəR	high	
insecure	𐑦𐑯𐑕𐑩𐑒𐑘𐑼	ɪnsəˈkjər	𐑦𐑯𐑕𐑦𐑒𐑘𐑫𐑼	ˌɪnsɪˈkjʊəR	high	
insensitive	𐑦𐑯𐑕𐑧𐑯𐑕𐑦𐑑𐑦𐑝	ɪnˈsensɪtɪv	𐑦𐑯𐑕𐑧𐑯𐑕𐑩𐑑𐑦𐑝	ɪnˈsensətɪv	high	
insight	𐑦𐑯𐑕𐑳𐑦𐑑	ˈɪnsʌɪt	𐑦𐑯𐑕𐑲𐑑	ˈɪnsaɪt	high	
insofar	𐑦𐑯𐑕𐑩𐑓𐑸	ɪnsəfɑːr	𐑦𐑯𐑕𐑴𐑓𐑸	ˌɪnsəʊˈfɑːR	high	
insolvent	𐑦𐑯𐑕𐑭𐑤𐑝𐑩𐑯𐑑	ɪnˈsɑːlvənt	𐑦𐑯𐑕𐑪𐑤𐑝𐑩𐑯𐑑	ɪnˈsɒlvənt	high	
insouciant	𐑦𐑯𐑕𐑫𐑕𐑦𐑩𐑯𐑑	inˈsusiənt	𐑦𐑯𐑕𐑵𐑕𐑾𐑯𐑑	ɪnˈsuːsɪənt	high	
inspiration	𐑦𐑯𐑕𐑐𐑦𐑮𐑱𐑖𐑩𐑯	ɪnspɪreɪʃən	𐑦𐑯𐑕𐑐𐑼𐑱𐑖𐑩𐑯	ˌɪnspəˈreɪʃən	high	ml_disagrees:𐑦𐑯𐑕𐑐𐑼𐑱𐑖𐑩𐑯; shave_agrees
inspire	𐑦𐑯𐑕𐑐𐑲𐑮	ɪnˈspaɪr	𐑦𐑯𐑕𐑐𐑲𐑼	ɪnˈspaɪəR	high	
inspired	𐑦𐑯𐑕𐑐𐑲𐑮𐑛	ɪnˈspaɪrd	𐑦𐑯𐑕𐑐𐑲𐑼𐑛	ɪnˈspaɪəRd	high	
inspiring	𐑦𐑯𐑕𐑐𐑲𐑮𐑦𐑙	ɪnˈspaɪrɪŋ	𐑦𐑯𐑕𐑐𐑲𐑼𐑦𐑙	ɪnˈspaɪərɪŋ	high	
install	𐑦𐑯𐑕𐑑𐑪𐑤	ɪnˈstɒl	𐑦𐑯𐑕𐑑𐑷𐑤	ɪnˈstɔːl	high	
instigator	-𐑑𐑼	-təR	𐑦𐑯𐑕𐑑𐑦𐑜𐑱𐑑𐑼	ˈɪnstɪɡeɪtəR	high	
instigator	𐑦𐑯𐑕𐑑𐑩𐑜𐑱𐑑𐑼	ˈɪnstəˌɡeɪtəR	𐑦𐑯𐑕𐑑𐑦𐑜𐑱𐑑𐑼	ˈɪnstɪɡeɪtəR	high	
institution	𐑦𐑯𐑕𐑑𐑦𐑑𐑫𐑖𐑩𐑯	ˌɪnstɪˈtuʃən	𐑦𐑯𐑕𐑑𐑦𐑑𐑵𐑖𐑩𐑯, 𐑦𐑯𐑕𐑑𐑦𐑑𐑿𐑖𐑩𐑯	ˌɪnstɪˈtjuːʃən	high	
institutional	-𐑖𐑯𐑩𐑤	-ʃnəl	𐑦𐑯𐑕𐑑𐑦𐑑𐑵𐑖𐑩𐑯𐑩𐑤, 𐑦𐑯𐑕𐑑𐑦𐑑𐑿𐑖𐑩𐑯𐑩𐑤	ˌɪnstɪˈtjuːʃənəl	high	
institutional	𐑦𐑯𐑕𐑑𐑦𐑑𐑘𐑫𐑖𐑩𐑯𐑩𐑤	ˌɪnstɪˈtjuʃənəl	𐑦𐑯𐑕𐑑𐑦𐑑𐑵𐑖𐑩𐑯𐑩𐑤, 𐑦𐑯𐑕𐑑𐑦𐑑𐑿𐑖𐑩𐑯𐑩𐑤	ˌɪnstɪˈtjuːʃənəl	high	
institutional	𐑦𐑯𐑕𐑑𐑦𐑑𐑫𐑖𐑩𐑯𐑩𐑤	ˌɪnstɪˈtuʃənəl	𐑦𐑯𐑕𐑑𐑦𐑑𐑵𐑖𐑩𐑯𐑩𐑤, 𐑦𐑯𐑕𐑑𐑦𐑑𐑿𐑖𐑩𐑯𐑩𐑤	ˌɪnstɪˈtjuːʃənəl	high	
institutional	𐑦𐑯𐑕𐑑𐑦𐑗𐑵𐑖𐑩𐑯𐑩𐑤	ˌɪnstɪˈtʃuːʃənəl	𐑦𐑯𐑕𐑑𐑦𐑑𐑵𐑖𐑩𐑯𐑩𐑤, 𐑦𐑯𐑕𐑑𐑦𐑑𐑿𐑖𐑩𐑯𐑩𐑤	ˌɪnstɪˈtjuːʃənəl	high	
institutionally	-𐑖𐑯𐑩𐑤𐑦	-ʃnəli	𐑦𐑯𐑕𐑑𐑦𐑑𐑵𐑖𐑩𐑯𐑩𐑤𐑦, 𐑦𐑯𐑕𐑑𐑦𐑑𐑿𐑖𐑩𐑯𐑩𐑤𐑦	ˌɪnstɪˈtjuːʃənəli	high	
institutionally	𐑦𐑯𐑕𐑑𐑦𐑑𐑘𐑫𐑖𐑩𐑯𐑩𐑤𐑦	ˌɪnstɪˈtjuʃənəli	𐑦𐑯𐑕𐑑𐑦𐑑𐑵𐑖𐑩𐑯𐑩𐑤𐑦, 𐑦𐑯𐑕𐑑𐑦𐑑𐑿𐑖𐑩𐑯𐑩𐑤𐑦	ˌɪnstɪˈtjuːʃənəli	high	
institutionally	𐑦𐑯𐑕𐑑𐑦𐑑𐑫𐑖𐑩𐑯𐑩𐑤𐑦	ˌɪnstɪˈtuʃənəli	𐑦𐑯𐑕𐑑𐑦𐑑𐑵𐑖𐑩𐑯𐑩𐑤𐑦, 𐑦𐑯𐑕𐑑𐑦𐑑𐑿𐑖𐑩𐑯𐑩𐑤𐑦	ˌɪnstɪˈtjuːʃənəli	high	
institutionally	𐑦𐑯𐑕𐑑𐑦𐑗𐑵𐑖𐑩𐑯𐑩𐑤𐑦	ˌɪnstɪˈtʃuːʃənəli	𐑦𐑯𐑕𐑑𐑦𐑑𐑵𐑖𐑩𐑯𐑩𐑤𐑦, 𐑦𐑯𐑕𐑑𐑦𐑑𐑿𐑖𐑩𐑯𐑩𐑤𐑦	ˌɪnstɪˈtjuːʃənəli	high	
institutions	𐑦𐑯𐑕𐑑𐑦𐑑𐑫𐑖𐑩𐑯𐑟	ˌɪnstɪˈtuʃənz	𐑦𐑯𐑕𐑑𐑦𐑑𐑵𐑖𐑩𐑯𐑟, 𐑦𐑯𐑕𐑑𐑦𐑑𐑿𐑖𐑩𐑯𐑟	ˌɪnstɪˈtjuːʃənz	high	
institutions	𐑦𐑯𐑕𐑑𐑦𐑗𐑵𐑖𐑩𐑯𐑟	ˌɪnstɪˈtʃuːʃənz	𐑦𐑯𐑕𐑑𐑦𐑑𐑵𐑖𐑩𐑯𐑟, 𐑦𐑯𐑕𐑑𐑦𐑑𐑿𐑖𐑩𐑯𐑟	ˌɪnstɪˈtjuːʃənz	high	
insular	𐑦𐑯𐑕𐑩𐑤𐑼	ˈɪnsələR	𐑦𐑯𐑕𐑘𐑩𐑤𐑼	ˈɪnsjələR	high	
insularity	𐑦𐑯𐑕𐑩𐑤𐑨𐑮𐑦𐑑𐑦	ɪnsəˈlærɪti	𐑦𐑯𐑕𐑘𐑩𐑤𐑨𐑮𐑦𐑑𐑦	ˌɪnsjəˈlærɪti	high	
insularity	𐑦𐑯𐑕𐑿𐑤𐑨𐑮𐑦𐑑𐑦	ɪnsjuːlærɪti	𐑦𐑯𐑕𐑘𐑩𐑤𐑨𐑮𐑦𐑑𐑦	ˌɪnsjəˈlærɪti	high	
insulate	𐑦𐑯𐑕𐑩𐑤𐑱𐑑	ˈɪnsəleɪt	𐑦𐑯𐑕𐑘𐑩𐑤𐑱𐑑	ˈɪnsjəleɪt	high	
insulate	𐑦𐑯𐑕𐑫𐑤𐑱𐑑	ˈɪnsʊleɪt	𐑦𐑯𐑕𐑘𐑩𐑤𐑱𐑑	ˈɪnsjəleɪt	high	
insulate	𐑦𐑯𐑖𐑫𐑤𐑱𐑑	ˈɪnʃʊleɪt	𐑦𐑯𐑕𐑘𐑩𐑤𐑱𐑑	ˈɪnsjəleɪt	high	
insulation	𐑦𐑯𐑕𐑩𐑤𐑱𐑖𐑩𐑯	ˌɪnsəˈleɪʃən	𐑦𐑯𐑕𐑘𐑩𐑤𐑱𐑖𐑩𐑯	ˌɪnsjəˈleɪʃən	high	
insulin	𐑦𐑯𐑕𐑩𐑤𐑦𐑯	ˈɪnsəlɪn	𐑦𐑯𐑕𐑘𐑩𐑤𐑦𐑯	ˈɪnsjəlɪn	high	
insulin	𐑦𐑯𐑖𐑫𐑤𐑦𐑯	ˈɪnʃʊlɪn	𐑦𐑯𐑕𐑘𐑩𐑤𐑦𐑯	ˈɪnsjəlɪn	high	
insuperable	𐑦𐑯𐑕𐑫𐑐𐑼𐑩𐑚𐑩𐑤	ɪnˈsupərəbəl	𐑦𐑯𐑕𐑵𐑐𐑼𐑩𐑚𐑩𐑤	ɪnˈsuːpərəbəl	high	
insurance	𐑦𐑯𐑖𐑫𐑮𐑩𐑯𐑕	ɪnˈʃʊrəns	𐑦𐑯𐑖𐑫𐑼𐑩𐑯𐑕	ɪnˈʃʊərəns	high	
insure	𐑦𐑯𐑖𐑻	ɪnˈʃɜːR	𐑦𐑯𐑖𐑫𐑼	ɪnˈʃʊəR	high	
insured	𐑦𐑯𐑖𐑷𐑛	ɪnʃɔːd	𐑦𐑯𐑖𐑫𐑼𐑛	ɪnˈʃʊəRd	medium	r_gap:spelling=1,ipa=0; shave_says:𐑦𐑯𐑖𐑫𐑼𐑛
insurer	𐑦𐑯𐑖𐑫𐑮𐑼	ɪnʃʊrəR	𐑦𐑯𐑖𐑫𐑼𐑼	ɪnˈʃʊərəR	high	
insurer	𐑦𐑯𐑖𐑻𐑼	ɪnˈʃɜːRəR	𐑦𐑯𐑖𐑫𐑼𐑼	ɪnˈʃʊərəR	high	
insurgent	𐑦𐑯𐑕𐑼𐑡𐑩𐑯𐑑	ɪnˈsərdʒənt	𐑦𐑯𐑕𐑻𐑡𐑩𐑯𐑑	ɪnˈsɜːRdʒənt	high	
intaglio	𐑦𐑯𐑑𐑨𐑤𐑘𐑴	ɪnˈtæljəʊ	𐑦𐑯𐑑𐑭𐑤𐑦𐑴	ɪnˈtɑːliəʊ	high	
intaglio	𐑦𐑯𐑑𐑨𐑤𐑦𐑘𐑴	ɪnˈtælijoʊ	𐑦𐑯𐑑𐑭𐑤𐑦𐑴	ɪnˈtɑːliəʊ	high	
intaglio	𐑦𐑯𐑑𐑪𐑤𐑘𐑴	ɪnˈtɒljoʊ	𐑦𐑯𐑑𐑭𐑤𐑦𐑴	ɪnˈtɑːliəʊ	high	
integral	𐑦𐑯𐑑𐑧𐑜𐑮𐑩𐑤	ɪnteɡrəl	𐑦𐑯𐑑𐑦𐑜𐑮𐑩𐑤	ˈɪntɪɡrəl	high	
integral	𐑦𐑯𐑑𐑩𐑜𐑮𐑩𐑤	ˈɪntəɡrəl	𐑦𐑯𐑑𐑦𐑜𐑮𐑩𐑤	ˈɪntɪɡrəl	high	
integrate	𐑦𐑯𐑑𐑩𐑜𐑮𐑱𐑑	ˈɪntəˌɡreɪt	𐑦𐑯𐑑𐑦𐑜𐑮𐑱𐑑	ˈɪntɪɡreɪt	high	
integration	𐑦𐑯𐑑𐑩𐑜𐑮𐑱𐑖𐑩𐑯	ˌɪntəˈɡreɪʃən	𐑦𐑯𐑑𐑦𐑜𐑮𐑱𐑖𐑩𐑯	ˌɪntɪˈɡreɪʃən	high	
intelligentsia	𐑦𐑯𐑑𐑧𐑤𐑦𐑜𐑧𐑯𐑑𐑕𐑾	ɪntelɪˈɡentsɪə	𐑦𐑯𐑑𐑧𐑤𐑦𐑡𐑧𐑯𐑑𐑕𐑾	ɪnˌtelɪˈdʒentsɪə	high	
intelligentsia	𐑦𐑯𐑑𐑧𐑤𐑩𐑜𐑧𐑯𐑑𐑕𐑦𐑩	ɪnteləˈɡentsiə	𐑦𐑯𐑑𐑧𐑤𐑦𐑡𐑧𐑯𐑑𐑕𐑾	ɪnˌtelɪˈdʒentsɪə	high	
intelligentsia	𐑦𐑯𐑑𐑧𐑤𐑩𐑡𐑧𐑯𐑑𐑕𐑦𐑩	ɪnteləˈdʒentsiə	𐑦𐑯𐑑𐑧𐑤𐑦𐑡𐑧𐑯𐑑𐑕𐑾	ɪnˌtelɪˈdʒentsɪə	high	
intelligibility	𐑦𐑯𐑑𐑧𐑤𐑩𐑡𐑩𐑚𐑦𐑤𐑦𐑑𐑦	ɪnˌtelədʒəˈbɪlɪti	𐑦𐑯𐑑𐑧𐑤𐑦𐑡𐑩𐑚𐑦𐑤𐑦𐑑𐑦	ɪnˌtelɪdʒəˈbɪlɪti	high	
intelligibility	𐑦𐑯𐑑𐑧𐑤𐑩𐑡𐑩𐑚𐑦𐑤𐑩𐑑𐑦	ɪnˌtelədʒəˈbɪləti	𐑦𐑯𐑑𐑧𐑤𐑦𐑡𐑩𐑚𐑦𐑤𐑦𐑑𐑦	ɪnˌtelɪdʒəˈbɪlɪti	high	
intelligible	𐑦𐑯𐑑𐑧𐑤𐑩𐑡𐑩𐑚𐑩𐑤	ɪnˈtelədʒəbəl	𐑦𐑯𐑑𐑧𐑤𐑦𐑡𐑩𐑚𐑩𐑤	ɪnˈtelɪdʒəbəl	high	
inter	𐑦𐑯𐑑𐑼	ɪnˈtəR	𐑦𐑯𐑑𐑻	ɪnˈtɜːR	high	
interacts	𐑦𐑯𐑑𐑼𐑨𐑒𐑕	ɪntərˈæks	𐑦𐑯𐑑𐑼𐑨𐑒𐑑𐑕	ˌɪntəˈrækts	high	
intercalary	𐑦𐑯𐑑𐑻𐑒𐑩𐑤𐑧𐑮𐑦	ɪnˈtɜːRkəleri	𐑦𐑯𐑑𐑻𐑒𐑩𐑤𐑼𐑦	ɪnˈtɜːRkələri	high	
intercalary	𐑦𐑯𐑑𐑼𐑒𐑨𐑤𐑼𐑦	ˌɪntəRˈkæləRi	𐑦𐑯𐑑𐑻𐑒𐑩𐑤𐑼𐑦	ɪnˈtɜːRkələri	high	
intercept	𐑦𐑯𐑑𐑩𐑕𐑧𐑐𐑑	ɪntəsept	𐑦𐑯𐑑𐑼𐑕𐑧𐑐𐑑	ˌɪntəRˈsept	medium	r_gap:spelling=1,ipa=0; shave_says:𐑦𐑯𐑑𐑼𐑕𐑧𐑐𐑑
intercommunication	𐑦𐑯𐑑𐑩𐑒𐑩𐑥𐑿𐑯𐑦𐑒𐑱𐑖𐑩𐑯	ɪntəkəmjuːnɪkeɪʃən	𐑦𐑯𐑑𐑼𐑒𐑩𐑥𐑿𐑯𐑦𐑒𐑱𐑖𐑩𐑯	ˌɪntəRkəˌmjuːnɪˈkeɪʃən	medium	r_gap:spelling=1,ipa=0; shave_says:𐑦𐑯𐑑𐑼𐑒𐑩𐑥𐑿𐑯𐑦𐑒𐑱𐑖𐑩𐑯
interconnect	𐑦𐑯𐑑𐑩𐑒𐑩𐑯𐑧𐑒𐑑	ɪntəkənekt	𐑦𐑯𐑑𐑼𐑒𐑩𐑯𐑧𐑒𐑑	ˌɪntəRkəˈnekt	medium	r_gap:spelling=1,ipa=0; shave_says:𐑦𐑯𐑑𐑼𐑒𐑩𐑯𐑧𐑒𐑑
intercontinental	𐑦𐑯𐑑𐑩𐑒𐑪𐑯𐑑𐑦𐑯𐑧𐑯𐑑𐑩𐑤	ɪntəkɒntɪnentəl	𐑦𐑯𐑑𐑼𐑒𐑪𐑯𐑑𐑦𐑯𐑧𐑯𐑑𐑩𐑤	ˌɪntəRˌkɒntɪˈnentəl	medium	r_gap:spelling=1,ipa=0; shave_says:𐑦𐑯𐑑𐑼𐑒𐑪𐑯𐑑𐑦𐑯𐑧𐑯𐑑𐑩𐑤
intercourse	𐑦𐑯𐑑𐑩𐑒𐑹𐑕	ɪntəkɔːRs	𐑦𐑯𐑑𐑼𐑒𐑹𐑕	ˈɪntəRkɔːRs	medium	r_gap:spelling=2,ipa=1; shave_says:𐑦𐑯𐑑𐑼𐑒𐑹𐑕
intercourse	𐑦𐑯𐑑𐑼𐑒𐑪𐑮𐑕	ˈɪntəRˌkors	𐑦𐑯𐑑𐑼𐑒𐑹𐑕	ˈɪntəRkɔːRs	high	
interdict	𐑦𐑯𐑑𐑩𐑛𐑦𐑒𐑑	ɪntədɪkt	𐑦𐑯𐑑𐑼𐑛𐑦𐑒𐑑	ˈɪntəRdɪkt	medium	r_gap:spelling=1,ipa=0; shave_says:𐑦𐑯𐑑𐑼𐑛𐑦𐑒𐑑
interest	𐑦𐑯𐑑𐑮𐑧𐑕𐑑	ɪntrest	𐑦𐑯𐑑𐑮𐑩𐑕𐑑	ˈɪntrəst	high	
interest	𐑦𐑯𐑑𐑼𐑕𐑑	ˈɪntəRst	𐑦𐑯𐑑𐑮𐑩𐑕𐑑	ˈɪntrəst	high	
interest	𐑦𐑯𐑑𐑼𐑦𐑕𐑑	ɪntərɪst	𐑦𐑯𐑑𐑮𐑩𐑕𐑑	ˈɪntrəst	high	
interest	𐑦𐑯𐑑𐑼𐑧𐑕𐑑	ˈɪntəRest	𐑦𐑯𐑑𐑮𐑩𐑕𐑑	ˈɪntrəst	high	
interest	𐑦𐑯𐑑𐑼𐑩𐑕𐑑	ˈɪntəRəst	𐑦𐑯𐑑𐑮𐑩𐑕𐑑	ˈɪntrəst	high	
interested	𐑦𐑯𐑑𐑼𐑦𐑕𐑑𐑩𐑛	ɪntərɪstƏd	𐑦𐑯𐑑𐑮𐑩𐑕𐑑𐑩𐑛	ˈɪntrəstƏd	high	
interested	𐑦𐑯𐑑𐑼𐑧𐑕𐑑𐑩𐑛	ˈɪntəˌrestƏd	𐑦𐑯𐑑𐑮𐑩𐑕𐑑𐑩𐑛	ˈɪntrəstƏd	high	
interesting	𐑦𐑯𐑑𐑮𐑦𐑕𐑑𐑦𐑙	ˈɪntrɪstɪŋ	𐑦𐑯𐑑𐑮𐑩𐑕𐑑𐑦𐑙	ˈɪntrəstɪŋ	high	
interesting	𐑦𐑯𐑑𐑮𐑧𐑕𐑑𐑦𐑙	ɪntrestɪŋ	𐑦𐑯𐑑𐑮𐑩𐑕𐑑𐑦𐑙	ˈɪntrəstɪŋ	high	
interesting	𐑦𐑯𐑑𐑼𐑧𐑕𐑑𐑦𐑙	ˈɪntərestɪŋ	𐑦𐑯𐑑𐑮𐑩𐑕𐑑𐑦𐑙	ˈɪntrəstɪŋ	high	
interesting	𐑦𐑯𐑑𐑼𐑩𐑕𐑑𐑦𐑙	ˈɪntərəstɪŋ	𐑦𐑯𐑑𐑮𐑩𐑕𐑑𐑦𐑙	ˈɪntrəstɪŋ	high	
interesting	𐑦𐑯𐑗𐑮𐑧𐑕𐑑𐑦𐑙	ˈɪntʃrestɪŋ	𐑦𐑯𐑑𐑮𐑩𐑕𐑑𐑦𐑙	ˈɪntrəstɪŋ	high	
interface	𐑦𐑯𐑑𐑩𐑓𐑱𐑕	ɪntəfeɪs	𐑦𐑯𐑑𐑼𐑓𐑱𐑕	ˈɪntəRfeɪs	medium	r_gap:spelling=1,ipa=0; shave_says:𐑦𐑯𐑑𐑼𐑓𐑱𐑕
interfere	𐑦𐑯𐑑𐑩𐑓𐑽	ɪntəfɪər	𐑦𐑯𐑑𐑼𐑓𐑽	ˌɪntəRˈfɪəR	medium	r_gap:spelling=2,ipa=1; shave_says:𐑦𐑯𐑑𐑼𐑓𐑽
interfered	𐑦𐑯𐑑𐑩𐑓𐑽𐑛	ɪntəfɪəRd	𐑦𐑯𐑑𐑼𐑓𐑽𐑛	ˌɪntəRˈfɪəRd	medium	r_gap:spelling=2,ipa=1; shave_says:𐑦𐑯𐑑𐑼𐑓𐑽𐑛
interfered	𐑦𐑯𐑑𐑼𐑓𐑦𐑮𐑛	ˌɪntəRˈfɪrd	𐑦𐑯𐑑𐑼𐑓𐑽𐑛	ˌɪntəRˈfɪəRd	high	
interference	𐑦𐑯𐑑𐑼𐑓𐑦𐑮𐑦𐑯𐑕	ˌɪntərˈfɪrɪns	𐑦𐑯𐑑𐑼𐑓𐑽𐑩𐑯𐑕	ˌɪntəRˈfɪərəns	high	
interior	𐑦𐑯𐑑𐑦𐑮𐑦𐑼	ɪnˈtɪriəR	𐑦𐑯𐑑𐑽𐑽	ɪnˈtɪərɪəR	high	
interject	𐑦𐑯𐑑𐑩𐑡𐑧𐑒𐑑	ɪntədʒekt	𐑦𐑯𐑑𐑼𐑡𐑧𐑒𐑑	ˌɪntəRˈdʒekt	medium	r_gap:spelling=1,ipa=0; shave_says:𐑦𐑯𐑑𐑼𐑡𐑧𐑒𐑑
interjection	𐑦𐑯𐑑𐑩𐑡𐑧𐑒𐑖𐑩𐑯	ɪntədʒekʃən	𐑦𐑯𐑑𐑼𐑡𐑧𐑒𐑖𐑩𐑯	ˌɪntəRˈdʒekʃən	medium	r_gap:spelling=1,ipa=0; shave_says:𐑦𐑯𐑑𐑼𐑡𐑧𐑒𐑖𐑩𐑯
interlace	𐑦𐑯𐑑𐑩𐑤𐑱𐑕	ɪntəleɪs	𐑦𐑯𐑑𐑼𐑤𐑱𐑕	ˌɪntəRˈleɪs	medium	r_gap:spelling=1,ipa=0; shave_says:𐑦𐑯𐑑𐑼𐑤𐑱𐑕
interlard	-𐑑𐑼-	-tər-	𐑦𐑯𐑑𐑼𐑤𐑸𐑛	ˌɪntəRˈlɑːRd	medium	r_gap:spelling=2,ipa=1
interlard	𐑦𐑯𐑑𐑩𐑤𐑸𐑛	ɪntəlɑːRd	𐑦𐑯𐑑𐑼𐑤𐑸𐑛	ˌɪntəRˈlɑːRd	medium	r_gap:spelling=2,ipa=1; shave_says:𐑦𐑯𐑑𐑼𐑤𐑸𐑛
interlocutor	𐑦𐑯𐑑𐑩𐑤𐑪𐑒𐑘𐑩𐑑𐑼	ɪntəlɒkjətəR	𐑦𐑯𐑑𐑼𐑤𐑪𐑒𐑘𐑩𐑑𐑼	ˌɪntəRˈlɒkjətəR	medium	r_gap:spelling=2,ipa=1; shave_says:𐑦𐑯𐑑𐑼𐑤𐑪𐑒𐑿𐑑𐑼
interlocutor	𐑦𐑯𐑑𐑼𐑤𐑪𐑒𐑘𐑫𐑑𐑼	ˌɪntərˈlɒkjutər	𐑦𐑯𐑑𐑼𐑤𐑪𐑒𐑘𐑩𐑑𐑼	ˌɪntəRˈlɒkjətəR	high	
interlocutor	𐑦𐑯𐑑𐑼𐑤𐑪𐑒𐑩𐑑𐑼	ˌɪntərˈlɒkətər	𐑦𐑯𐑑𐑼𐑤𐑪𐑒𐑘𐑩𐑑𐑼	ˌɪntəRˈlɒkjətəR	high	
interloper	𐑦𐑯𐑑𐑩𐑤𐑴𐑐𐑼	ɪntələʊpəR	𐑦𐑯𐑑𐑼𐑤𐑴𐑐𐑼	ˈɪntəRləʊpəR	medium	r_gap:spelling=2,ipa=1; shave_says:𐑦𐑯𐑑𐑼𐑤𐑴𐑐𐑼
intermediary	𐑦𐑯𐑑𐑼𐑥𐑦𐑛𐑦𐑧𐑮𐑦	ˌɪntəRˈmidiˌeri	𐑦𐑯𐑑𐑼𐑥𐑰𐑛𐑽𐑦	ˌɪntəRˈmiːdɪəri	high	
intermediary	𐑦𐑯𐑑𐑼𐑥𐑰𐑛𐑘𐑼𐑦	ɪntərmiːdjəri	𐑦𐑯𐑑𐑼𐑥𐑰𐑛𐑽𐑦	ˌɪntəRˈmiːdɪəri	high	
intermediary	𐑦𐑯𐑑𐑼𐑥𐑰𐑛𐑦𐑼𐑦	ɪntərmiːdiəri	𐑦𐑯𐑑𐑼𐑥𐑰𐑛𐑽𐑦	ˌɪntəRˈmiːdɪəri	high	
intermediary	𐑦𐑯𐑑𐑼𐑥𐑰𐑡𐑼𐑦	ɪntərmiːdʒəri	𐑦𐑯𐑑𐑼𐑥𐑰𐑛𐑽𐑦	ˌɪntəRˈmiːdɪəri	high	
intermediates	𐑦𐑯𐑑𐑼𐑥𐑦𐑛𐑦𐑩𐑑𐑕	ɪntəRˈmidiəts	𐑦𐑯𐑑𐑼𐑥𐑰𐑛𐑾𐑑𐑕	ˌɪntəRˈmiːdɪəts	high	
intermezzo	𐑦𐑯𐑑𐑩𐑥𐑧𐑑𐑕𐑴	ɪntəmetsəʊ	𐑦𐑯𐑑𐑼𐑥𐑧𐑑𐑕𐑴	ˌɪntəRˈmetsəʊ	medium	r_gap:spelling=1,ipa=0; shave_says:𐑦𐑯𐑑𐑼𐑥𐑧𐑛𐑟𐑴
intermingle	-𐑑𐑼-	-tər-	𐑦𐑯𐑑𐑼𐑥𐑦𐑙𐑜𐑩𐑤	ˌɪntəRˈmɪŋɡəl	high	
intermingle	𐑦𐑯𐑑𐑩𐑥𐑦𐑙𐑜𐑩𐑤	ɪntəmɪŋɡəl	𐑦𐑯𐑑𐑼𐑥𐑦𐑙𐑜𐑩𐑤	ˌɪntəRˈmɪŋɡəl	medium	r_gap:spelling=1,ipa=0; shave_says:𐑦𐑯𐑑𐑼𐑥𐑦𐑙𐑜𐑩𐑤
intermittent	𐑦𐑯𐑑𐑩𐑥𐑦𐑑𐑩𐑯𐑑	ɪntəmɪtənt	𐑦𐑯𐑑𐑼𐑥𐑦𐑑𐑩𐑯𐑑	ˌɪntəRˈmɪtənt	medium	r_gap:spelling=1,ipa=0; shave_says:𐑦𐑯𐑑𐑼𐑥𐑦𐑑𐑩𐑯𐑑
intermix	𐑦𐑯𐑑𐑩𐑥𐑦𐑒𐑕	ɪntəmɪks	𐑦𐑯𐑑𐑼𐑥𐑦𐑒𐑕	ˌɪntəRˈmɪks	medium	r_gap:spelling=1,ipa=0; shave_says:𐑦𐑯𐑑𐑼𐑥𐑦𐑒𐑕
internally	-𐑑𐑻𐑯𐑩𐑤𐑦	-tɜːRnəli	𐑦𐑯𐑑𐑻𐑯𐑩𐑤𐑦	ɪnˈtɜːRnəli	high	
international	𐑦𐑯𐑑𐑩𐑯𐑨𐑖𐑩𐑯𐑩𐑤	ɪntənæʃənəl	𐑦𐑯𐑑𐑼𐑯𐑨𐑖𐑩𐑯𐑩𐑤	ˌɪntəRˈnæʃənəl	medium	r_gap:spelling=1,ipa=0; shave_says:𐑦𐑯𐑑𐑼𐑯𐑨𐑖𐑩𐑯𐑩𐑤
internationalization	𐑦𐑯𐑑𐑩𐑯𐑨𐑖𐑩𐑯𐑩𐑤𐑩𐑟𐑱𐑖𐑩𐑯	ɪntənæʃənələzeɪʃən	𐑦𐑯𐑑𐑼𐑯𐑨𐑖𐑩𐑯𐑩𐑤𐑲𐑟𐑱𐑖𐑩𐑯	ˌɪntəRˌnæʃənəlaɪˈzeɪʃən	medium	r_gap:spelling=1,ipa=0; shave_says:𐑦𐑯𐑑𐑼𐑯𐑨𐑖𐑩𐑯𐑩𐑤𐑲𐑟𐑱𐑖𐑩𐑯
internationalization	𐑦𐑯𐑑𐑼𐑯𐑨𐑖𐑩𐑯𐑩𐑤𐑩𐑟𐑱𐑖𐑩𐑯	ɪntəRˌnæʃənələˈzeɪʃən	𐑦𐑯𐑑𐑼𐑯𐑨𐑖𐑩𐑯𐑩𐑤𐑲𐑟𐑱𐑖𐑩𐑯	ˌɪntəRˌnæʃənəlaɪˈzeɪʃən	high	
internecine	-𐑕𐑦𐑯	-sɪn	𐑦𐑯𐑑𐑼𐑯𐑰𐑕𐑲𐑯	ˌɪntəRˈniːsaɪn	medium	r_gap:spelling=1,ipa=0; shave_says:𐑦𐑯𐑑𐑼𐑯𐑰𐑕𐑲𐑯
internecine	𐑦𐑯𐑑𐑩𐑯𐑰𐑕𐑲𐑯	ɪntəniːsaɪn	𐑦𐑯𐑑𐑼𐑯𐑰𐑕𐑲𐑯	ˌɪntəRˈniːsaɪn	medium	r_gap:spelling=1,ipa=0; shave_says:𐑦𐑯𐑑𐑼𐑯𐑰𐑕𐑲𐑯
internecine	𐑦𐑯𐑑𐑼𐑯𐑦𐑕𐑦𐑯	ˌɪntəRˈnisin	𐑦𐑯𐑑𐑼𐑯𐑰𐑕𐑲𐑯	ˌɪntəRˈniːsaɪn	high	
internecine	𐑦𐑯𐑑𐑼𐑯𐑧𐑕𐑦𐑯	ˌɪntəRˈnesin	𐑦𐑯𐑑𐑼𐑯𐑰𐑕𐑲𐑯	ˌɪntəRˈniːsaɪn	high	
internecine	𐑦𐑯𐑑𐑼𐑯𐑧𐑕𐑩𐑯	ˌɪntəRˈnesən	𐑦𐑯𐑑𐑼𐑯𐑰𐑕𐑲𐑯	ˌɪntəRˈniːsaɪn	high	
internet	-𐑑𐑼-	-təR-	𐑦𐑯𐑑𐑼𐑯𐑧𐑑	ˈɪntəRnet	high	
internet	𐑦𐑯𐑑𐑩𐑯𐑧𐑑	ɪntənet	𐑦𐑯𐑑𐑼𐑯𐑧𐑑	ˈɪntəRnet	medium	r_gap:spelling=1,ipa=0; shave_says:𐑦𐑯𐑑𐑼𐑯𐑧𐑑
interoperability	𐑦𐑯𐑑𐑼𐑪𐑐𐑼𐑩𐑚𐑦𐑤𐑩𐑑𐑦	ɪntərɒpərəbɪləti	𐑦𐑯𐑑𐑼𐑪𐑐𐑼𐑩𐑚𐑦𐑤𐑦𐑑𐑦	ɪntərɒpərəˈbɪlɪti	high	
interpose	𐑦𐑯𐑑𐑩𐑐𐑴𐑟	ɪntəpəʊz	𐑦𐑯𐑑𐑼𐑐𐑴𐑟	ˌɪntəRˈpəʊz	medium	r_gap:spelling=1,ipa=0; shave_says:𐑦𐑯𐑑𐑼𐑐𐑴𐑟
interposed	𐑦𐑯𐑑𐑩𐑐𐑴𐑟𐑛	ɪntəpəʊzd	𐑦𐑯𐑑𐑼𐑐𐑴𐑟𐑛	ˌɪntəRˈpəʊzd	medium	r_gap:spelling=1,ipa=0; shave_says:𐑦𐑯𐑑𐑼𐑐𐑴𐑟𐑛
interpret	𐑦𐑯𐑑𐑻𐑐𐑮𐑦𐑑	ɪnˈtɜːRprɪt	𐑦𐑯𐑑𐑻𐑐𐑮𐑩𐑑	ɪnˈtɜːRprət	high	
interpreted	𐑦𐑯𐑑𐑻𐑐𐑮𐑦𐑑𐑩𐑛	ɪntɜːRprɪtƏd	𐑦𐑯𐑑𐑻𐑐𐑮𐑩𐑑𐑩𐑛	ɪnˈtɜːRprətƏd	high	
interpreter	𐑦𐑯𐑑𐑻𐑐𐑮𐑦𐑑𐑼	ɪntɜːRprɪtəR	𐑦𐑯𐑑𐑻𐑐𐑮𐑩𐑑𐑼	ɪnˈtɜːRprətəR	high	
interregnum	𐑦𐑯𐑑𐑼𐑧𐑜𐑯𐑩	ɪntəreɡnə	𐑦𐑯𐑑𐑼𐑮𐑧𐑜𐑯𐑩𐑥	ˌɪntəRˈreɡnəm	medium	r_gap:spelling=2,ipa=1; shave_says:𐑦𐑯𐑑𐑼𐑮𐑧𐑜𐑯𐑩𐑥
interregnum	𐑦𐑯𐑑𐑼𐑧𐑜𐑯𐑩𐑥	ɪntəreɡnəm	𐑦𐑯𐑑𐑼𐑮𐑧𐑜𐑯𐑩𐑥	ˌɪntəRˈreɡnəm	medium	r_gap:spelling=2,ipa=1; shave_says:𐑦𐑯𐑑𐑼𐑮𐑧𐑜𐑯𐑩𐑥
interregnum	𐑦𐑯𐑑𐑼𐑮𐑧𐑜𐑯𐑩	ˌɪntərˈreɡnə	𐑦𐑯𐑑𐑼𐑮𐑧𐑜𐑯𐑩𐑥	ˌɪntəRˈreɡnəm	high	
interrelated	𐑦𐑯𐑑𐑼𐑦𐑤𐑱𐑑𐑩𐑛	ɪntərɪleɪtƏd	𐑦𐑯𐑑𐑼𐑮𐑦𐑤𐑱𐑑𐑩𐑛	ˌɪntəRrɪˈleɪtƏd	medium	r_gap:spelling=2,ipa=1; shave_says:𐑦𐑯𐑑𐑼𐑮𐑦𐑤𐑱𐑑𐑩𐑛
interrelation	𐑦𐑯𐑑𐑼𐑮𐑩𐑤𐑱𐑖𐑩𐑯	ˌɪntəRrəˈleɪʃən	𐑦𐑯𐑑𐑼𐑮𐑦𐑤𐑱𐑖𐑩𐑯	ˌɪntəRrɪˈleɪʃən	high	
interrelationship	𐑦𐑯𐑑𐑼𐑦𐑤𐑱𐑖𐑩𐑯𐑖𐑦𐑐	ɪntərɪleɪʃənʃɪp	𐑦𐑯𐑑𐑼𐑮𐑦𐑤𐑱𐑖𐑩𐑯𐑖𐑦𐑐	ˌɪntəRrɪˈleɪʃənʃɪp	medium	r_gap:spelling=2,ipa=1; shave_says:𐑦𐑯𐑑𐑼𐑮𐑦𐑤𐑱𐑖𐑩𐑯𐑖𐑦𐑐
interrogatory	𐑦𐑯𐑑𐑼𐑪𐑜𐑩𐑑𐑮𐑦	ɪntərɒɡətri	𐑦𐑯𐑑𐑼𐑪𐑜𐑩𐑑𐑼𐑦	ˌɪntəˈrɒɡətəri	medium	r_gap:spelling=3,ipa=2; shave_says:𐑦𐑯𐑑𐑼𐑪𐑜𐑩𐑑𐑼𐑦
interrogatory	𐑦𐑯𐑑𐑼𐑪𐑜𐑩𐑑𐑹𐑦	ˌɪntəˈrɒɡəˌtɔːRi	𐑦𐑯𐑑𐑼𐑪𐑜𐑩𐑑𐑼𐑦	ˌɪntəˈrɒɡətəri	medium	r_gap:spelling=3,ipa=2
intersect	𐑦𐑯𐑑𐑩𐑕𐑧𐑒𐑑	ɪntəsekt	𐑦𐑯𐑑𐑼𐑕𐑧𐑒𐑑	ˌɪntəRˈsekt	medium	r_gap:spelling=1,ipa=0; shave_says:𐑦𐑯𐑑𐑼𐑕𐑧𐑒𐑑
intersex	𐑦𐑯𐑑𐑩𐑕𐑧𐑒𐑕	ɪntəseks	𐑦𐑯𐑑𐑼𐑕𐑧𐑒𐑕	ˈɪntəRseks	medium	r_gap:spelling=1,ipa=0; shave_says:𐑦𐑯𐑑𐑼𐑕𐑧𐑒𐑕
intersperse	𐑦𐑯𐑑𐑩𐑕𐑐𐑻𐑕	ɪntəspɜːRs	𐑦𐑯𐑑𐑼𐑕𐑐𐑻𐑕	ˌɪntəRˈspɜːRs	medium	r_gap:spelling=2,ipa=1; shave_says:𐑦𐑯𐑑𐑼𐑕𐑐𐑻𐑕
interstate	𐑦𐑯𐑼𐑕𐑑𐑱𐑑	ˈɪnəRˌsteɪt	𐑦𐑯𐑑𐑼𐑕𐑑𐑱𐑑	ˌɪntəRˈsteɪt	high	
interstice	𐑦𐑯𐑑𐑼𐑕𐑑𐑩𐑕	ɪnˈtəRstəs	𐑦𐑯𐑑𐑻𐑕𐑑𐑦𐑕	ɪnˈtɜːRstɪs	high	
intertwine	-𐑑𐑼-	-tər-	𐑦𐑯𐑑𐑼𐑑𐑢𐑲𐑯	ˌɪntəRˈtwaɪn	high	
intertwine	𐑦𐑯𐑑𐑩𐑑𐑢𐑲𐑯	ɪntətwaɪn	𐑦𐑯𐑑𐑼𐑑𐑢𐑲𐑯	ˌɪntəRˈtwaɪn	medium	r_gap:spelling=1,ipa=0; shave_says:𐑦𐑯𐑑𐑼𐑑𐑢𐑲𐑯
interval	𐑦𐑯𐑑𐑩𐑝𐑩𐑤	ɪntəvəl	𐑦𐑯𐑑𐑼𐑝𐑩𐑤	ˈɪntəRvəl	medium	r_gap:spelling=1,ipa=0; shave_says:𐑦𐑯𐑑𐑼𐑝𐑩𐑤
intervals	𐑦𐑯𐑑𐑩𐑝𐑩𐑤𐑟	ɪntəvəlz	𐑦𐑯𐑑𐑼𐑝𐑩𐑤𐑟	ˈɪntəRvəlz	medium	r_gap:spelling=1,ipa=0; shave_says:𐑦𐑯𐑑𐑼𐑝𐑩𐑤𐑟
intervention	𐑦𐑯𐑑𐑩𐑝𐑧𐑯𐑖𐑩𐑯	ɪntəvenʃən	𐑦𐑯𐑑𐑼𐑝𐑧𐑯𐑖𐑩𐑯	ˌɪntəRˈvenʃən	medium	r_gap:spelling=1,ipa=0; shave_says:𐑦𐑯𐑑𐑼𐑝𐑧𐑯𐑖𐑩𐑯
interview	𐑦𐑯𐑑𐑩𐑝𐑿	ɪntəvjuː	𐑦𐑯𐑑𐑼𐑝𐑿	ˈɪntəRvjuː	medium	r_gap:spelling=1,ipa=0; shave_says:𐑦𐑯𐑑𐑼𐑝𐑿
interview	𐑦𐑯𐑑𐑼𐑝𐑘𐑫	ˈɪntəRvju	𐑦𐑯𐑑𐑼𐑝𐑿	ˈɪntəRvjuː	high	
interviewed	𐑦𐑯𐑑𐑩𐑝𐑿𐑛	ɪntəvjuːd	𐑦𐑯𐑑𐑼𐑝𐑿𐑛	ˈɪntəRvjuːd	medium	r_gap:spelling=1,ipa=0; shave_says:𐑦𐑯𐑑𐑼𐑝𐑿𐑛
interviewee	𐑦𐑯𐑑𐑩𐑝𐑿𐑰	ɪntəvjuːiː	𐑦𐑯𐑑𐑼𐑝𐑿𐑰	ˌɪntəRvjuːˈiː	medium	r_gap:spelling=1,ipa=0; shave_says:𐑦𐑯𐑑𐑼𐑝𐑿𐑰
interviewer	𐑦𐑯𐑑𐑩𐑝𐑿𐑼	ɪntəvjuːəR	𐑦𐑯𐑑𐑼𐑝𐑿𐑼	ˈɪntəRvjuːəR	medium	r_gap:spelling=2,ipa=1; shave_says:𐑦𐑯𐑑𐑼𐑝𐑿𐑼
interviewer	𐑦𐑯𐑑𐑼𐑝𐑘𐑫𐑼	ˈɪntəRvjuəR	𐑦𐑯𐑑𐑼𐑝𐑿𐑼	ˈɪntəRvjuːəR	high	
intervocalic	𐑦𐑯𐑑𐑩𐑝𐑴𐑒𐑨𐑤𐑦𐑒	ɪntəvəʊkælɪk	𐑦𐑯𐑑𐑼𐑝𐑴𐑒𐑨𐑤𐑦𐑒	ˌɪntəRvəʊˈkælɪk	medium	r_gap:spelling=1,ipa=0; shave_says:𐑦𐑯𐑑𐑼𐑝𐑴𐑒𐑨𐑤𐑦𐑒
interweave	-𐑑𐑼-	-tər-	𐑦𐑯𐑑𐑼𐑢𐑰𐑝	ˌɪntəRˈwiːv	high	
interweave	𐑦𐑯𐑑𐑩𐑢𐑰𐑝	ɪntəwiːv	𐑦𐑯𐑑𐑼𐑢𐑰𐑝	ˌɪntəRˈwiːv	medium	r_gap:spelling=1,ipa=0; shave_says:𐑦𐑯𐑑𐑼𐑢𐑰𐑝
interweave	𐑦𐑯𐑑𐑼𐑢𐑦𐑝	ˌɪntərˈwiv	𐑦𐑯𐑑𐑼𐑢𐑰𐑝	ˌɪntəRˈwiːv	high	
intestinal	𐑦𐑯𐑑𐑧𐑕𐑑𐑲𐑯𐑩𐑤	ˌɪntesˈtaɪnəl	𐑦𐑯𐑑𐑧𐑕𐑑𐑦𐑯𐑩𐑤	ɪnˈtestɪnəl	high	
intimidated	𐑦𐑯𐑑𐑦𐑥𐑩𐑛𐑱𐑑𐑩𐑛	ɪnˈtɪmədeɪtƏd	𐑦𐑯𐑑𐑦𐑥𐑦𐑛𐑱𐑑𐑩𐑛	ɪnˈtɪmɪdeɪtƏd	high	
into	𐑦𐑯𐑑𐑫	ˈɪntu	𐑦𐑯𐑑𐑵	ˈɪntuː	high	
intoxicate	𐑦𐑯𐑑𐑪𐑒𐑕𐑦𐑒𐑩𐑑	ɪnˈtɒksɪkət	𐑦𐑯𐑑𐑪𐑒𐑕𐑦𐑒𐑱𐑑	ɪnˈtɒksɪkeɪt	high	
introduce	𐑦𐑯𐑑𐑮𐑩𐑛𐑫𐑕	ˌɪntrəˈdus	𐑦𐑯𐑑𐑮𐑩𐑛𐑵𐑕, 𐑦𐑯𐑑𐑮𐑩𐑛𐑿𐑕	ˌɪntrəˈdjuːs	high	
introduce	𐑦𐑯𐑑𐑼𐑛𐑫𐑕	ˌɪntərˈdus	𐑦𐑯𐑑𐑮𐑩𐑛𐑵𐑕, 𐑦𐑯𐑑𐑮𐑩𐑛𐑿𐑕	ˌɪntrəˈdjuːs	high	
introducing	𐑦𐑯𐑑𐑮𐑩𐑛𐑫𐑕𐑦𐑙	ˌɪntrəˈdusɪŋ	𐑦𐑯𐑑𐑮𐑩𐑛𐑵𐑕𐑦𐑙, 𐑦𐑯𐑑𐑮𐑩𐑛𐑿𐑕𐑦𐑙	ˌɪntrəˈdjuːsɪŋ	high	
introductory	𐑦𐑯𐑑𐑮𐑩𐑛𐑳𐑒𐑑𐑮𐑦	ɪntrədʌktri	𐑦𐑯𐑑𐑮𐑩𐑛𐑳𐑒𐑑𐑼𐑦	ˌɪntrəˈdʌktəri	high	
introversion	𐑦𐑯𐑑𐑮𐑩𐑝𐑼𐑖𐑩𐑯	ɪntrəˈvərʃən	𐑦𐑯𐑑𐑮𐑩𐑝𐑻𐑠𐑩𐑯	ˌɪntrəˈvɜːRʒən	high	
introversion	𐑦𐑯𐑑𐑮𐑩𐑝𐑼𐑠𐑩𐑯	ɪntrəˈvərʒən	𐑦𐑯𐑑𐑮𐑩𐑝𐑻𐑠𐑩𐑯	ˌɪntrəˈvɜːRʒən	high	
introversion	𐑦𐑯𐑑𐑮𐑴𐑝𐑻𐑖𐑩𐑯	ɪntrəʊvɜːRʃən	𐑦𐑯𐑑𐑮𐑩𐑝𐑻𐑠𐑩𐑯	ˌɪntrəˈvɜːRʒən	high	
introversion	𐑦𐑯𐑑𐑮𐑴𐑝𐑼𐑖𐑩𐑯	ɪntroʊˈvərʃən	𐑦𐑯𐑑𐑮𐑩𐑝𐑻𐑠𐑩𐑯	ˌɪntrəˈvɜːRʒən	high	
introvert	𐑦𐑯𐑑𐑮𐑴𐑝𐑼𐑑	ɪntroʊˈvərt	𐑦𐑯𐑑𐑮𐑩𐑝𐑻𐑑	ˈɪntrəvɜːRt	high	
intuit	-𐑗𐑵-	-ˈtʃuː-	𐑦𐑯𐑑𐑵𐑦𐑑, 𐑦𐑯𐑑𐑿𐑦𐑑	ɪnˈtjuːɪt	high	
intuit	𐑦𐑯𐑑𐑫𐑦𐑑	ɪnˈtuɪt	𐑦𐑯𐑑𐑵𐑦𐑑, 𐑦𐑯𐑑𐑿𐑦𐑑	ɪnˈtjuːɪt	high	
intuition	-𐑗𐑵-	-tʃuː-	𐑦𐑯𐑑𐑘𐑫𐑦𐑖𐑩𐑯	ˌɪntjuˈɪʃən	high	
intuition	𐑦𐑯𐑑𐑫𐑦𐑖𐑩𐑯	ˌɪntuˈɪʃən	𐑦𐑯𐑑𐑘𐑫𐑦𐑖𐑩𐑯	ˌɪntjuˈɪʃən	high	
intuition	𐑦𐑯𐑑𐑿𐑦𐑖𐑩𐑯	ˌɪntjuːˈɪʃən	𐑦𐑯𐑑𐑘𐑫𐑦𐑖𐑩𐑯	ˌɪntjuˈɪʃən	high	
intuitive	𐑦𐑯𐑑𐑘𐑫𐑦𐑑𐑦𐑝	ɪnˈtjuɪtɪv	𐑦𐑯𐑑𐑵𐑦𐑑𐑦𐑝, 𐑦𐑯𐑑𐑿𐑦𐑑𐑦𐑝	ɪnˈtjuːɪtɪv	high	
intuitive	𐑦𐑯𐑗𐑫𐑦𐑑𐑦𐑝	ɪnˈtʃuɪtɪv	𐑦𐑯𐑑𐑵𐑦𐑑𐑦𐑝, 𐑦𐑯𐑑𐑿𐑦𐑑𐑦𐑝	ɪnˈtjuːɪtɪv	high	
intuitive	𐑦𐑯𐑗𐑵𐑦𐑑𐑦𐑝	ɪnˈtʃuːɪtɪv	𐑦𐑯𐑑𐑵𐑦𐑑𐑦𐑝, 𐑦𐑯𐑑𐑿𐑦𐑑𐑦𐑝	ɪnˈtjuːɪtɪv	high	
inundate	𐑦𐑯𐑩𐑯𐑛𐑱𐑑	ˈɪnənˌdeɪt	𐑦𐑯𐑳𐑯𐑛𐑱𐑑	ˈɪnʌndeɪt	high	
inure	𐑦𐑯𐑘𐑼	ɪˈnjər	𐑦𐑯𐑘𐑫𐑼	ɪˈnjʊəR	high	
inure	𐑦𐑯𐑫𐑮	ɪˈnʊr	𐑦𐑯𐑘𐑫𐑼	ɪˈnjʊəR	high	
inured	𐑦𐑯𐑘𐑼𐑛	ɪˈnjərd	𐑦𐑯𐑘𐑫𐑼𐑛	ɪˈnjʊəRd	high	
invalidate	𐑦𐑯𐑝𐑨𐑤𐑩𐑛𐑱𐑑	ɪnˈvæləˌdeɪt	𐑦𐑯𐑝𐑨𐑤𐑦𐑛𐑱𐑑	ɪnˈvælɪdeɪt	high	
invalidation	𐑦𐑯𐑝𐑨𐑤𐑩𐑛𐑱𐑖𐑩𐑯	ɪnˌvæləˈdeɪʃən	𐑦𐑯𐑝𐑨𐑤𐑦𐑛𐑱𐑖𐑩𐑯	ɪnˌvælɪˈdeɪʃən	high	
invariable	𐑦𐑯𐑝𐑧𐑮𐑦𐑩𐑚𐑩𐑤	ɪnˈveriəbəl	𐑦𐑯𐑝𐑺𐑦𐑩𐑚𐑩𐑤	ɪnˈveərɪ+əbəl	high	
invariably	𐑦𐑯𐑝𐑧𐑮𐑦𐑩𐑚𐑤𐑦	ɪnˈveriəbli	𐑦𐑯𐑝𐑺𐑦𐑩𐑚𐑤𐑦	ɪnˈveərɪ+əbli	high	
inveigle	-𐑝𐑦-	-ˈvi-	𐑦𐑯𐑝𐑱𐑜𐑩𐑤	ɪnˈveɪɡəl	high	
inveigle	-𐑝𐑰-	-ˈviː-	𐑦𐑯𐑝𐑱𐑜𐑩𐑤	ɪnˈveɪɡəl	high	
inventory	𐑦𐑯𐑝𐑧𐑯𐑑𐑼𐑦	ɪnventəri	𐑦𐑯𐑝𐑩𐑯𐑑𐑼𐑦	ˈɪnvəntəri	high	
inventory	𐑦𐑯𐑝𐑩𐑯𐑑𐑮𐑦	ɪnvəntri	𐑦𐑯𐑝𐑩𐑯𐑑𐑼𐑦	ˈɪnvəntəri	high	
inventory	𐑦𐑯𐑝𐑩𐑯𐑑𐑹𐑦	ˈɪnvənˌtɔːRi	𐑦𐑯𐑝𐑩𐑯𐑑𐑼𐑦	ˈɪnvəntəri	high	
inverness	𐑦𐑯𐑝𐑩𐑯𐑧𐑕	ɪnvənes	𐑦𐑯𐑝𐑼𐑯𐑧𐑕	ˌɪnvəRˈnes	medium	r_gap:spelling=1,ipa=0; shave_says:𐑦𐑯𐑝𐑼𐑯𐑧𐑕
inversion	𐑦𐑯𐑝𐑻𐑖𐑩𐑯	ɪnvɜːRʃən	𐑦𐑯𐑝𐑻𐑠𐑩𐑯	ɪnˈvɜːRʒən	high	
inversion	𐑦𐑯𐑝𐑼𐑠𐑩𐑯	ɪnˈvəRʒən	𐑦𐑯𐑝𐑻𐑠𐑩𐑯	ɪnˈvɜːRʒən	high	
invert	𐑦𐑯𐑝𐑼𐑑	ɪnvəRt	𐑦𐑯𐑝𐑻𐑑	ɪnˈvɜːRt	high	
investigation	𐑦𐑯𐑝𐑧𐑕𐑑𐑩𐑜𐑱𐑖𐑩𐑯	ɪnˌvestəˈɡeɪʃən	𐑦𐑯𐑝𐑧𐑕𐑑𐑦𐑜𐑱𐑖𐑩𐑯	ɪnˌvestɪˈɡeɪʃən	high	
invincibility	𐑦𐑯𐑝𐑦𐑯𐑕𐑩𐑚𐑦𐑤𐑩𐑑𐑦	ɪnˌvɪnsəˈbɪləti	𐑦𐑯𐑝𐑦𐑯𐑕𐑩𐑚𐑦𐑤𐑦𐑑𐑦	ɪnˌvɪnsəˈbɪlɪti	high	
invincible	𐑦𐑯𐑝𐑦𐑯𐑕𐑦𐑚𐑩𐑤	ɪnˈvɪnsɪbəl	𐑦𐑯𐑝𐑦𐑯𐑕𐑩𐑚𐑩𐑤	ɪnˈvɪnsəbəl	high	
inviolate	𐑦𐑯𐑝𐑲𐑴𐑤𐑱𐑑	ɪnˈvaɪəʊˌleɪt	𐑦𐑯𐑝𐑲𐑩𐑤𐑩𐑑	ˌɪnˈvaɪələt	high	
involuntarily	𐑦𐑯𐑝𐑪𐑤𐑩𐑯𐑑𐑧𐑮𐑦𐑤𐑦	ɪnˌvɒlənˈterɪli	𐑦𐑯𐑝𐑪𐑤𐑩𐑯𐑑𐑼𐑩𐑤𐑦	ɪnˈvɒləntərəli	high	
involuntarily	𐑦𐑯𐑝𐑪𐑤𐑩𐑯𐑑𐑮𐑦𐑤𐑦	ɪnvɒləntrɪli	𐑦𐑯𐑝𐑪𐑤𐑩𐑯𐑑𐑼𐑩𐑤𐑦	ɪnˈvɒləntərəli	high	
involuntary	𐑦𐑯𐑝𐑪𐑤𐑩𐑯𐑑𐑧𐑮𐑦	ɪnˈvɒlənˌteri	𐑦𐑯𐑝𐑪𐑤𐑩𐑯𐑑𐑼𐑦	ɪnˈvɒləntəri	high	
involuntary	𐑦𐑯𐑝𐑪𐑤𐑩𐑯𐑑𐑮𐑦	ɪnvɒləntri	𐑦𐑯𐑝𐑪𐑤𐑩𐑯𐑑𐑼𐑦	ɪnˈvɒləntəri	high	
involve	𐑦𐑯𐑝𐑷𐑤𐑝	ɪnˈvɔlv	𐑦𐑯𐑝𐑪𐑤𐑝	ɪnˈvɒlv	high	
involved	𐑦𐑯𐑝𐑷𐑤𐑝𐑛	ɪnˈvɔlvd	𐑦𐑯𐑝𐑪𐑤𐑝𐑛	ɪnˈvɒlvd	high	
involvement	𐑦𐑯𐑝𐑷𐑤𐑝𐑥𐑩𐑯𐑑	ɪnˈvɔːlvmənt	𐑦𐑯𐑝𐑪𐑤𐑝𐑥𐑩𐑯𐑑	ɪnˈvɒlvmənt	high	
inwardly	𐑦𐑯𐑢𐑩𐑛𐑤𐑦	ɪnwədli	𐑦𐑯𐑢𐑼𐑛𐑤𐑦	ˈɪnwəRdli	medium	r_gap:spelling=1,ipa=0; shave_says:𐑦𐑯𐑢𐑼𐑛𐑤𐑦
ion	𐑲𐑩𐑯	ˈaɪən	𐑲𐑪𐑯	ˈaɪɒn	high	
ionian	𐑲𐑴𐑯𐑦𐑩𐑯	aɪˈəʊniən	𐑲𐑴𐑯𐑾𐑯	aɪˈəʊniən	high	
iowa	𐑲𐑩𐑢𐑱	ˈaɪəweɪ	𐑲𐑩𐑢𐑩	ˈaɪəwə	high	
ipse dixit	𐑦𐑐𐑕𐑰 𐑛𐑦𐑒𐑕𐑦𐑑	ˌɪpsiː ˈdɪksɪt	𐑦𐑐𐑕𐑦 𐑛𐑦𐑒𐑕𐑦𐑑	ˌɪpsi ˈdɪksɪt	high	
ipse dixit	𐑦𐑐𐑕𐑱 𐑛𐑦𐑒𐑕𐑦𐑑	ˌɪpseɪ ˈdɪksɪt	𐑦𐑐𐑕𐑦 𐑛𐑦𐑒𐑕𐑦𐑑	ˌɪpsi ˈdɪksɪt	high	
ira	𐑲𐑮𐑩	ˈaɪrə	𐑲𐑸𐑱	ˌaɪˌɑːˈreɪ	high	
iran	𐑦𐑮𐑪𐑯	ɪˈrɒn	𐑦𐑮𐑨𐑯, 𐑦𐑮𐑭𐑯	ɪˈrⱭːn	high	
iran	𐑰-	iː-	𐑦𐑮𐑨𐑯, 𐑦𐑮𐑭𐑯	ɪˈrⱭːn	medium	r_gap:spelling=1,ipa=0; shave_says:𐑦𐑮𐑭𐑯
iran	𐑲𐑮𐑨𐑯	aɪˈræn	𐑦𐑮𐑨𐑯, 𐑦𐑮𐑭𐑯	ɪˈrⱭːn	high	
iraq	𐑦𐑮𐑪𐑒	ɪˈrɒk	𐑦𐑮𐑨𐑒, 𐑦𐑮𐑭𐑒	ɪˈrⱭːk	high	
iraq	𐑲𐑮𐑨𐑒	aɪˈræk	𐑦𐑮𐑨𐑒, 𐑦𐑮𐑭𐑒	ɪˈrⱭːk	high	
iron	𐑲𐑩𐑯	aɪən	𐑲𐑼𐑯	ˈaɪəRn	medium	r_gap:spelling=1,ipa=0; shave_says:𐑲𐑼𐑯
irons	𐑲𐑩𐑯𐑟	aɪənz	𐑲𐑼𐑯𐑟	ˈaɪəRnz	medium	r_gap:spelling=1,ipa=0; shave_says:𐑲𐑼𐑯𐑟
irony	𐑲𐑩𐑯𐑦	aɪəni	𐑲𐑮𐑩𐑯𐑦	ˈaɪrəni	medium	r_gap:spelling=1,ipa=0; shave_says:𐑲𐑮𐑩𐑯𐑦
irony	𐑲𐑼𐑩𐑯𐑦	aɪərəni	𐑲𐑮𐑩𐑯𐑦	ˈaɪrəni	high	
irony	𐑲𐑼𐑯𐑦	ˈaɪəRni	𐑲𐑮𐑩𐑯𐑦	ˈaɪrəni	high	
irregularly	𐑦𐑮𐑧𐑜𐑘𐑩𐑤𐑩𐑤𐑦	ɪreɡjələli	𐑦𐑮𐑧𐑜𐑘𐑩𐑤𐑼𐑤𐑦	ɪˈreɡjələRli	medium	r_gap:spelling=3,ipa=1; shave_says:𐑦𐑮𐑧𐑜𐑿𐑤𐑼𐑤𐑦
irresponsible	𐑦𐑮𐑩𐑕𐑐𐑪𐑯𐑕𐑩𐑚𐑩𐑤	ˌɪrəˈspɒnsəbəl	𐑦𐑮𐑦𐑕𐑐𐑪𐑯𐑕𐑩𐑚𐑩𐑤	ˌɪrɪˈspɒnsəbəl	medium	r_gap:spelling=2,ipa=1
irrevocable	𐑦𐑮𐑦𐑝𐑴𐑒𐑩𐑚𐑩𐑤	ˌɪriˈvoʊkəbəl	𐑦𐑮𐑧𐑝𐑩𐑒𐑩𐑚𐑩𐑤	ɪˈrevəkəbəl	medium	r_gap:spelling=2,ipa=1
irrevocable	𐑦𐑮𐑩𐑝𐑪𐑒𐑩𐑚𐑩𐑤	ɪrəvɒkəbəl	𐑦𐑮𐑧𐑝𐑩𐑒𐑩𐑚𐑩𐑤	ɪˈrevəkəbəl	medium	r_gap:spelling=2,ipa=1; shave_says:𐑦𐑮𐑧𐑝𐑩𐑒𐑩𐑚𐑩𐑤
irrevocable	𐑦𐑮𐑩𐑝𐑴𐑒𐑩𐑚𐑩𐑤	ɪrəvəʊkəbəl	𐑦𐑮𐑧𐑝𐑩𐑒𐑩𐑚𐑩𐑤	ɪˈrevəkəbəl	medium	r_gap:spelling=2,ipa=1; shave_says:𐑦𐑮𐑧𐑝𐑩𐑒𐑩𐑚𐑩𐑤
irrevocably	𐑦𐑮𐑦𐑝𐑴𐑒𐑩𐑚𐑤𐑦	ɪrɪvəʊkəbli	𐑦𐑮𐑧𐑝𐑩𐑒𐑩𐑚𐑤𐑦	ɪˈrevəkəbli	medium	r_gap:spelling=2,ipa=1; shave_says:𐑦𐑮𐑧𐑝𐑩𐑒𐑩𐑚𐑤𐑦
irrevocably	𐑦𐑮𐑩𐑝𐑴𐑒𐑩𐑚𐑤𐑦	ɪrəˈvoʊkəbli	𐑦𐑮𐑧𐑝𐑩𐑒𐑩𐑚𐑤𐑦	ɪˈrevəkəbli	medium	r_gap:spelling=2,ipa=1
irritation	𐑦𐑮𐑩𐑑𐑱𐑖𐑩𐑯	ˌɪrəˈteɪʃən	𐑦𐑮𐑦𐑑𐑱𐑖𐑩𐑯	ˌɪrɪˈteɪʃən	medium	r_gap:spelling=2,ipa=1
irs	𐑲𐑸𐑧𐑕	ˈaɪɑːRes	⸰⁠𐑦𐑮𐑕	ˌɪnlənd ˈrevənjuː ˌsɜːRvɪs	high	
isaiah	𐑲𐑟𐑱𐑩	aɪˈzeɪə	𐑲𐑟𐑲𐑩	aɪˈzaɪə	high	
isn't	𐑦𐑯𐑑	ˈɪnt	𐑦𐑟𐑩𐑯𐑑	ˈɪzənt	high	
isomorphic	𐑲𐑕𐑩𐑥𐑹𐑓𐑦𐑒	aɪsəmɔːRfɪk	𐑲𐑕𐑴𐑥𐑹𐑓𐑦𐑒	ˌaɪsəʊˈmɔːRfɪk	high	
isosceles	𐑲𐑕𐑪𐑕𐑩𐑤𐑦𐑟	aɪˈsɒsəliz	𐑲𐑕𐑪𐑕𐑩𐑤𐑰𐑟	aɪˈsɒsəliːz	high	
issue	𐑦𐑖𐑘𐑫	ˈɪʃju	𐑦𐑖𐑵	ˈɪʃuː	high	
issued	𐑦𐑕𐑿𐑛	ˈɪsjuːd	𐑦𐑖𐑵𐑛	ˈɪʃuːd	high	
issued	𐑦𐑖𐑘𐑫𐑛	ˈɪʃjud	𐑦𐑖𐑵𐑛	ˈɪʃuːd	high	
issued	𐑦𐑖𐑫𐑛	ˈɪʃud	𐑦𐑖𐑵𐑛	ˈɪʃuːd	high	
issued	𐑦𐑖𐑿𐑛	ˈɪʃjuːd	𐑦𐑖𐑵𐑛	ˈɪʃuːd	high	
issues	𐑦𐑕𐑿𐑟	ˈɪsjuːz	𐑦𐑖𐑵𐑟	ˈɪʃuːz	high	
issues	𐑦𐑖𐑘𐑫𐑟	ˈɪʃjuz	𐑦𐑖𐑵𐑟	ˈɪʃuːz	high	
issues	𐑦𐑖𐑿𐑟	ˈɪʃjuːz	𐑦𐑖𐑵𐑟	ˈɪʃuːz	high	
istanbul	𐑦𐑕𐑑𐑨𐑥𐑚𐑫𐑤	ˌɪstæmˈbʊl	𐑦𐑕𐑑𐑨𐑯𐑚𐑫𐑤	ˌɪstænˈbʊl	high	
istanbul	𐑦𐑕𐑑𐑭𐑥𐑚𐑫𐑤	ˈɪstɑːmˌbʊl	𐑦𐑕𐑑𐑨𐑯𐑚𐑫𐑤	ˌɪstænˈbʊl	high	
istanbul	𐑦𐑕𐑑𐑭𐑯𐑚𐑫𐑤	ˈɪstɑːnbʊl	𐑦𐑕𐑑𐑨𐑯𐑚𐑫𐑤	ˌɪstænˈbʊl	high	
isthmus	𐑦𐑕𐑔𐑥𐑩𐑕	ˈɪsθməs	𐑦𐑕𐑥𐑩𐑕	ˈɪsməs	high	
isthmus	𐑦𐑟𐑥𐑩𐑕	ˈɪzməs	𐑦𐑕𐑥𐑩𐑕	ˈɪsməs	high	
it	𐑩𐑑	ət	𐑦𐑑	ɪt	high	
italic	𐑲𐑑𐑨𐑤𐑦𐑒	aɪˈtælɪk	𐑦𐑑𐑨𐑤𐑦𐑒	ɪˈtælɪk	high	
italy	𐑦𐑑𐑩𐑤𐑦𐑘	ˈɪtəlɪj	𐑦𐑑𐑩𐑤𐑦	ˈɪtəli	high	
iterate	𐑲𐑑𐑼𐑱𐑑	aɪtəreɪt	𐑦𐑑𐑼𐑱𐑑	ˈɪtəreɪt	high	
itinerary	𐑲𐑑𐑦𐑯𐑼𐑧𐑮𐑦	aɪˈtɪnəˌreri	𐑲𐑑𐑦𐑯𐑼𐑼𐑦	aɪˈtɪnərəri	high	
ivermectin	𐑳𐑦𐑝𐑩𐑥𐑧𐑒𐑑𐑦𐑯	ʌɪvəmektɪn	𐑲𐑝𐑼𐑥𐑧𐑒𐑑𐑦𐑯	ˌaɪvəRˈmektɪn	medium	r_gap:spelling=1,ipa=0; shave_says:𐑲𐑝𐑼𐑥𐑧𐑒𐑑𐑦𐑯
jack-o'-lantern	𐑡𐑨𐑒𐑩𐑤𐑨𐑯𐑑𐑼𐑯	ˈdʒækəˌlæntərn	𐑡𐑨𐑒-𐑩-𐑤𐑨𐑯𐑑𐑼𐑯	dʒæk-ə-ˈlæntəRn	high	
jack-o'-lantern	𐑡𐑨𐑒𐑴𐑤𐑨𐑯𐑑𐑼𐑯	dʒækəʊlæntəRn	𐑡𐑨𐑒-𐑩-𐑤𐑨𐑯𐑑𐑼𐑯	dʒæk-ə-ˈlæntəRn	high	
jackdaw	𐑡𐑨𐑒𐑛𐑪	ˈdʒækˌdɒ	𐑡𐑨𐑒𐑛𐑷	ˈdʒækdɔː	high	
jacket	𐑡𐑨𐑒𐑦𐑑	ˈdʒækɪt	𐑡𐑨𐑒𐑩𐑑	ˈdʒækIt	high	
jacobean	𐑡𐑨𐑒𐑩𐑚𐑦𐑩𐑯	ˈdʒækəˌbiən	𐑡𐑨𐑒𐑩𐑚𐑾𐑯	ˌdʒækəˈbɪən	high	
jacobin	𐑡𐑨𐑒𐑩𐑚𐑩𐑯	ˈdʒækəbən	𐑡𐑨𐑒𐑩𐑚𐑦𐑯	ˈdʒækəbɪn	high	
jacobin	𐑡𐑱𐑒𐑩𐑚𐑩𐑯	ˈdʒeɪkəbən	𐑡𐑨𐑒𐑩𐑚𐑦𐑯	ˈdʒækəbɪn	high	
jacques	𐑠𐑨𐑒	ʒæk	𐑠𐑭𐑒	ʒɑːk	high	
jaguar	𐑡𐑨𐑜𐑘𐑩𐑼	dʒæɡjəəR	𐑡𐑨𐑜𐑘𐑫𐑼	ˈdʒæɡjuəR	high	
jaguar	𐑡𐑨𐑜𐑘𐑫𐑸	ˈdʒæɡjuɑːR	𐑡𐑨𐑜𐑘𐑫𐑼	ˈdʒæɡjuəR	high	
jaguar	𐑡𐑨𐑜𐑢𐑸	ˈdʒæɡwɑːR	𐑡𐑨𐑜𐑘𐑫𐑼	ˈdʒæɡjuəR	high	
jaguar	𐑡𐑨𐑜𐑿𐑸	dʒæɡjuːɑːR	𐑡𐑨𐑜𐑘𐑫𐑼	ˈdʒæɡjuəR	high	
jaguar	𐑡𐑨𐑜𐑿𐑼	dʒæɡjuːəR	𐑡𐑨𐑜𐑘𐑫𐑼	ˈdʒæɡjuəR	high	
janissary	-𐑕𐑼𐑦	-səri	𐑡𐑨𐑯𐑦𐑕𐑼𐑦	ˈdʒænɪsəri	high	
janissary	𐑘𐑨-	ja-	𐑡𐑨𐑯𐑦𐑕𐑼𐑦	ˈdʒænɪsəri	medium	r_gap:spelling=1,ipa=0; shave_says:𐑡𐑨𐑯𐑦𐑕𐑼𐑦
janissary	𐑡𐑨𐑯𐑦𐑟𐑼𐑦	dʒanɪzəri	𐑡𐑨𐑯𐑦𐑕𐑼𐑦	ˈdʒænɪsəri	high	
janissary	𐑡𐑨𐑯𐑩𐑟𐑧𐑮𐑦	ˈdʒænəˌzeri	𐑡𐑨𐑯𐑦𐑕𐑼𐑦	ˈdʒænɪsəri	high	
january	𐑡𐑨𐑯𐑘𐑩𐑼𐑦	dʒænjəəri	𐑡𐑨𐑯𐑘𐑫𐑼𐑦	ˈdʒænjuəri	medium	ml_disagrees:𐑡𐑨𐑯𐑘𐑫𐑼𐑦; shave_says:𐑡𐑨𐑯𐑿𐑺𐑦
january	𐑡𐑨𐑯𐑘𐑫𐑧𐑮𐑦	ˈdʒænjuˌeri	𐑡𐑨𐑯𐑘𐑫𐑼𐑦	ˈdʒænjuəri	high	
january	𐑡𐑨𐑯𐑘𐑫𐑨𐑮𐑦	ˈdʒænjuˌæri	𐑡𐑨𐑯𐑘𐑫𐑼𐑦	ˈdʒænjuəri	high	
january	𐑡𐑨𐑯𐑘𐑼𐑦	dʒænjəri	𐑡𐑨𐑯𐑘𐑫𐑼𐑦	ˈdʒænjuəri	high	
jargonaut	𐑡𐑸𐑜𐑩𐑯𐑹𐑑	dʒɑːrɡənɔːRt	𐑡𐑸𐑜𐑩𐑯𐑷𐑑	ˈdʒɑːRɡənɔːt	high	
jaundice	𐑡𐑨𐑯𐑛𐑼𐑟	ˈdʒændəRz	𐑡𐑷𐑯𐑛𐑦𐑕	ˈdʒɔːndɪs	high	
jaundice	𐑡𐑪𐑯𐑛𐑦𐑕	ˈdʒɒndɪs	𐑡𐑷𐑯𐑛𐑦𐑕	ˈdʒɔːndɪs	high	
jaundice	𐑡𐑪𐑯𐑛𐑼𐑟	ˈdʒɒndəRz	𐑡𐑷𐑯𐑛𐑦𐑕	ˈdʒɔːndɪs	high	
jaundice	𐑡𐑷𐑯𐑛𐑼𐑟	ˈdʒɔːndəRz	𐑡𐑷𐑯𐑛𐑦𐑕	ˈdʒɔːndɪs	high	
jauntily	𐑡𐑪𐑯𐑑𐑦𐑤𐑦	ˈdʒɒntɪli	𐑡𐑷𐑯𐑑𐑦𐑤𐑦	ˈdʒɔːntɪli	high	
jeer	𐑡𐑦𐑮	dʒɪr	𐑡𐑽	dʒɪəR	high	
jefferson	𐑡𐑧𐑓𐑩𐑕𐑩𐑯	dʒefəsən	𐑡𐑧𐑓𐑼𐑕𐑩𐑯	ˈdʒefəRsən	medium	r_gap:spelling=1,ipa=0; shave_says:𐑡𐑧𐑓𐑼𐑕𐑩𐑯
jehovah	𐑡𐑩𐑣𐑴𐑝𐑩	dʒəˈhoʊvə	𐑡𐑦𐑣𐑴𐑝𐑩	dʒɪˈhəʊvə	high	
jekyll	𐑡𐑦𐑒𐑩𐑤	ˈdʒikəl	𐑡𐑧𐑒𐑩𐑤	ˈdʒekəl	high	
jeopardize	𐑡𐑧𐑐𐑩𐑛𐑳𐑦𐑟	dʒepədʌɪz	𐑡𐑧𐑐𐑼𐑛𐑲𐑟	ˈdʒepəRdaɪz	medium	r_gap:spelling=1,ipa=0; shave_says:𐑡𐑧𐑐𐑼𐑛𐑲𐑟
jeopardy	𐑡𐑧𐑐𐑩𐑛𐑦	dʒepədi	𐑡𐑧𐑐𐑼𐑛𐑦	ˈdʒepəRdi	medium	r_gap:spelling=1,ipa=0; shave_says:𐑡𐑧𐑐𐑼𐑛𐑦
jeremy	𐑡𐑧𐑮𐑥𐑦	ˈdʒermi	𐑡𐑧𐑮𐑩𐑥𐑦	ˈdʒerəmi	high	
jesuit	𐑡𐑧𐑟𐑫𐑦𐑑	ˈdʒezuɪt	𐑡𐑧𐑟𐑘𐑫𐑦𐑑	ˈdʒezjuɪt	high	
jesuit	𐑡𐑧𐑠𐑫𐑦𐑑	ˈdʒeʒuɪt	𐑡𐑧𐑟𐑘𐑫𐑦𐑑	ˈdʒezjuɪt	high	
jesus	𐑡𐑦𐑟𐑩𐑕	ˈdʒizəs	𐑡𐑰𐑟𐑩𐑕	ˈdʒiːzəs	high	
jesus	𐑡𐑰𐑟𐑳𐑕	ˈdʒiːˌzʌs	𐑡𐑰𐑟𐑩𐑕	ˈdʒiːzəs	high	
jettison	-𐑟𐑩𐑯	-zən	𐑡𐑧𐑑𐑦𐑕𐑩𐑯	ˈdʒetɪsən	high	
jetty	-𐑑𐑦	-ti	𐑡𐑧𐑑𐑦	ˈdʒeti	high	
jewel	𐑡𐑫𐑤	dʒul	𐑡𐑵𐑩𐑤	ˈdʒuːəl	high	
jewel	𐑡𐑫𐑩𐑤	ˈdʒuəl	𐑡𐑵𐑩𐑤	ˈdʒuːəl	high	
jewel	𐑡𐑫𐑼𐑤	ˈdʒʊəl	𐑡𐑵𐑩𐑤	ˈdʒuːəl	medium	ml_disagrees:𐑡𐑫𐑩𐑤; shave_says:𐑡𐑵𐑩𐑤
jewel	𐑡𐑵𐑤	ˈdʒuːl	𐑡𐑵𐑩𐑤	ˈdʒuːəl	high	
jewellery	𐑡𐑫-	ˈdʒʊ-	𐑡𐑵𐑩𐑤𐑮𐑦	ˈdʒuːəlri	medium	r_gap:spelling=1,ipa=0
jewels	𐑡𐑫𐑤𐑟	dʒulz	𐑡𐑵𐑩𐑤𐑟	ˈdʒuːəlz	high	
jewels	𐑡𐑫𐑩𐑤𐑟	ˈdʒuəlz	𐑡𐑵𐑩𐑤𐑟	ˈdʒuːəlz	high	
jewels	𐑡𐑫𐑼𐑤𐑟	ˈdʒʊəlz	𐑡𐑵𐑩𐑤𐑟	ˈdʒuːəlz	medium	ml_disagrees:𐑡𐑫𐑩𐑤𐑟; shave_says:𐑡𐑵𐑩𐑤𐑟
jezail	𐑡𐑩𐑟𐑱𐑤	dʒəˈzeɪl	𐑡𐑦𐑟𐑲𐑤	dʒɪˈzaɪl	high	
jezail	𐑡𐑩𐑟𐑳𐑦𐑤	dʒəˈzʌɪl	𐑡𐑦𐑟𐑲𐑤	dʒɪˈzaɪl	high	
jiggery-pokery	𐑡𐑦𐑜𐑼𐑦𐑐𐑴𐑒𐑼𐑦	dʒɪɡəripəʊkəri	𐑡𐑦𐑜𐑼𐑦-𐑐𐑴𐑒𐑼𐑦	ˌdʒɪɡəri-ˈpəʊkəri	high	
jiggling	𐑡𐑦𐑜𐑩𐑤𐑦𐑙	ˈdʒɪɡəlɪŋ	𐑡𐑦𐑜𐑤𐑦𐑙	ˈdʒɪɡlɪŋ	high	
jittery	𐑡𐑦𐑑𐑮𐑦	dʒɪtri	𐑡𐑦𐑑𐑼𐑦	ˈdʒɪtəri	high	
joanne	𐑠𐑴𐑯	ʒoʊn	𐑡𐑴𐑨𐑯	dʒəʊˈæn	high	
joanne	𐑡𐑴𐑯	dʒoʊn	𐑡𐑴𐑨𐑯	dʒəʊˈæn	high	
jocose	𐑡𐑩𐑒𐑴𐑕	dʒəˈkəʊs	𐑡𐑴𐑒𐑴𐑕	dʒəʊˈkəʊs	high	
jocularity	𐑡𐑪𐑒𐑘𐑩𐑤𐑧𐑮𐑦𐑑𐑦	ˌdʒɒkjəˈlerɪti	𐑡𐑪𐑒𐑘𐑩𐑤𐑨𐑮𐑦𐑑𐑦	ˌdʒɒkjəˈlærɪti	high	
jocund	𐑡𐑪𐑒𐑩𐑯𐑛	ˈdʒɒkənd	𐑡𐑴𐑒𐑩𐑯𐑛	ˈdʒəʊkənd	high	
jodhpurs	𐑡𐑴𐑛𐑐𐑼𐑟	dʒəʊdpəRz	𐑡𐑪𐑛𐑐𐑼𐑟	ˈdʒɒdpəRz	high	
joel	𐑡𐑴𐑧𐑤	dʒoʊˈel	𐑡𐑴𐑩𐑤	ˈdʒəʊəl	high	
johannesburg	𐑡𐑴𐑣𐑭𐑯𐑦𐑕𐑚𐑻𐑜	dʒoʊˈhɑːnɪsbɜːrɡ	𐑡𐑴𐑣𐑨𐑯𐑦𐑕𐑚𐑻𐑜	dʒəʊˈhænɪsbɜːRɡ	high	
joie de vivre	𐑠𐑢𐑪 𐑛𐑩 𐑝𐑦𐑝𐑮𐑩	ˌʒwɒ də ˈvivrə	𐑠𐑢𐑭 𐑛𐑩 𐑝𐑰𐑝𐑮𐑩	ˌʒwɑː də ˈviːvrə	high	
joie de vivre	𐑠𐑢𐑭 𐑛𐑼 𐑝𐑰𐑝𐑮𐑼	ʒwɑː dəR viːvrəR	𐑠𐑢𐑭 𐑛𐑩 𐑝𐑰𐑝𐑮𐑩	ˌʒwɑː də ˈviːvrə	high	
jokingly	𐑡𐑴𐑒𐑦𐑙𐑤𐑰	ˈdʒəʊkɪŋliː	𐑡𐑴𐑒𐑦𐑙𐑤𐑦	ˈdʒəʊkɪŋli	high	
jolliest	𐑡𐑪𐑤𐑦𐑦𐑕𐑑	ˈdʒɒliɪst	𐑡𐑪𐑤𐑦𐑩𐑕𐑑	ˈdʒɒliəst	high	
jolt	𐑡𐑪𐑤𐑑	dʒɒlt	𐑡𐑴𐑤𐑑	dʒəʊlt	high	
jolty	𐑡𐑪𐑤𐑑𐑦	ˈdʒɒlti	𐑡𐑴𐑤𐑑𐑦	ˈdʒəʊlti	high	
jonquil	𐑡𐑪𐑙𐑒𐑢𐑩𐑤	ˈdʒɒŋkwəl	𐑡𐑪𐑙𐑒𐑢𐑦𐑤	ˈdʒɒŋkwɪl	high	
jordanian	𐑡𐑹𐑛𐑱𐑯𐑦𐑩𐑯	dʒɔːRˈdeɪniən	𐑡𐑹𐑛𐑱𐑯𐑾𐑯	dʒɔːRˈdeɪnɪən	high	
joseph	𐑡𐑴𐑕𐑦𐑓	ˈdʒoʊsɪf	𐑡𐑴𐑕𐑩𐑓	ˈdʒəʊsəf	high	
joseph	𐑡𐑴𐑟𐑦𐑓	ˈdʒəʊzɪf	𐑡𐑴𐑕𐑩𐑓	ˈdʒəʊsəf	high	
joseph	𐑡𐑴𐑟𐑩𐑓	ˈdʒoʊzəf	𐑡𐑴𐑕𐑩𐑓	ˈdʒəʊsəf	high	
josephine	𐑡𐑴𐑕𐑩𐑓𐑰𐑯	ˈdʒəʊsəfiːn	𐑡𐑴𐑟𐑩𐑓𐑰𐑯	ˈdʒəʊzəfiːn	high	
josephine	𐑡𐑴𐑟𐑩𐑓𐑳𐑦𐑯	ˈdʒəʊzəfʌɪn	𐑡𐑴𐑟𐑩𐑓𐑰𐑯	ˈdʒəʊzəfiːn	high	
joshua	𐑡𐑪𐑖𐑘𐑫𐑩	ˈdʒɒʃjuə	𐑡𐑪𐑖𐑫𐑩	ˈdʒɒʃuə	high	
joss	𐑡𐑷𐑕	dʒɔːs	𐑡𐑪𐑕	dʒɒs	high	
jour	𐑡𐑻	ˈdʒɜːR	𐑠𐑫𐑼	ʒʊəR	high	
journalese	𐑡𐑻𐑯𐑩𐑤𐑦𐑟	ˌdʒɜːRnəˈliz	𐑡𐑻𐑯𐑩𐑤𐑰𐑟	ˌdʒɜːRnəˈliːz	high	
jubilant	𐑡𐑫𐑚𐑩𐑤𐑩𐑯𐑑	ˈdʒubələnt	𐑡𐑵𐑚𐑦𐑤𐑩𐑯𐑑	ˈdʒuːbɪlənt	high	
jubilee	𐑡𐑫𐑚𐑩𐑤	ˈdʒubəl	𐑡𐑵𐑚𐑦𐑤𐑰	ˈdʒuːbɪliː	high	
jubilee	𐑡𐑫𐑚𐑩𐑤𐑦	ˈdʒubəˌli	𐑡𐑵𐑚𐑦𐑤𐑰	ˈdʒuːbɪliː	high	
jubilee	𐑡𐑵𐑚𐑦𐑤	ˈdʒuːbɪl	𐑡𐑵𐑚𐑦𐑤𐑰	ˈdʒuːbɪliː	high	
judaism	𐑡𐑫𐑛𐑱𐑦𐑟𐑩𐑥	dʒuˈdeɪˌɪzəm	𐑡𐑵𐑛𐑱𐑦𐑟𐑩𐑥	ˈdʒuːdeɪɪzəm	high	
judaism	𐑡𐑵𐑛𐑦𐑦𐑟𐑩𐑥	ˈdʒuːdiˌɪzəm	𐑡𐑵𐑛𐑱𐑦𐑟𐑩𐑥	ˈdʒuːdeɪɪzəm	high	
judaism	𐑡𐑵𐑛𐑩𐑦𐑟𐑩𐑥	ˈdʒuːdəˌɪzəm	𐑡𐑵𐑛𐑱𐑦𐑟𐑩𐑥	ˈdʒuːdeɪɪzəm	high	
judicature	𐑡𐑫𐑛𐑦𐑒𐑩𐑗𐑼	dʒʊdɪkətʃəR	𐑡𐑵𐑛𐑦𐑒𐑩𐑗𐑼	ˈdʒuːdɪkətʃəR	high	
judicature	𐑡𐑵𐑛𐑦𐑒𐑱𐑗𐑼	ˈdʒuːdɪˌkeɪtʃəR	𐑡𐑵𐑛𐑦𐑒𐑩𐑗𐑼	ˈdʒuːdɪkətʃəR	high	
judiciary	𐑡𐑵𐑛𐑦𐑖𐑦𐑧𐑮𐑦	ˌdʒuːˈdɪʃɪeri	𐑡𐑵𐑛𐑦𐑖𐑼𐑦	dʒuːˈdɪʃəri	high	
judicious	𐑡𐑫𐑛𐑦𐑖𐑩𐑕	dʒuˈdɪʃəs	𐑡𐑵𐑛𐑦𐑖𐑩𐑕	dʒuːˈdɪʃəs	high	
judo	𐑡𐑫𐑛𐑴	ˈdʒudoʊ	𐑡𐑵𐑛𐑴	ˈdʒuːdəʊ	high	
juggernaut	𐑡𐑳𐑜𐑩𐑯𐑷𐑑	dʒʌɡənɔːt	𐑡𐑳𐑜𐑼𐑯𐑷𐑑	ˈdʒʌɡəRnɔːt	medium	r_gap:spelling=1,ipa=0; shave_says:𐑡𐑳𐑜𐑼𐑯𐑷𐑑
jugular	𐑡𐑫𐑜𐑘𐑩𐑤𐑼	ˈdʒuɡjələR	𐑡𐑳𐑜𐑘𐑩𐑤𐑼	ˈdʒʌɡjələR	high	
jugular	𐑡𐑳𐑜𐑤𐑼	ˈdʒʌɡləR	𐑡𐑳𐑜𐑘𐑩𐑤𐑼	ˈdʒʌɡjələR	high	
jugular	𐑡𐑳𐑜𐑩𐑤𐑼	ˈdʒʌɡələR	𐑡𐑳𐑜𐑘𐑩𐑤𐑼	ˈdʒʌɡjələR	high	
juice	𐑡𐑫𐑕	dʒus	𐑡𐑵𐑕	dʒuːs	high	
jukebox	𐑡𐑫𐑒𐑚𐑪𐑒𐑕	ˈdʒukˌbɒks	𐑡𐑵𐑒𐑚𐑪𐑒𐑕	ˈdʒuːkbɒks	high	
julia	𐑡𐑫𐑤𐑘𐑩	ˈdʒuljə	𐑡𐑵𐑤𐑾	ˈdʒuːlɪə	high	
juliet	𐑡𐑫𐑤𐑦𐑧𐑑	ˌdʒuliˈet	𐑡𐑵𐑤𐑦𐑧𐑑	ˈdʒuːlɪet	high	
juliet	𐑡𐑫𐑤𐑦𐑩𐑑	ˈdʒuliət	𐑡𐑵𐑤𐑦𐑧𐑑	ˈdʒuːlɪet	high	
july	𐑡𐑫𐑤𐑲	dʒʊˈlaɪ	𐑡𐑩𐑤𐑲	dʒəˈlaɪ	high	
jumpsuit	𐑡𐑳𐑥𐑐𐑕𐑫𐑑	ˈdʒʌmpˌsut	𐑡𐑳𐑥𐑐𐑕𐑵𐑑	ˈdʒʌmpsuːt	high	
juncture	𐑡𐑳𐑙𐑒𐑖𐑼	ˈdʒʌŋkʃəR	𐑡𐑳𐑙𐑒𐑗𐑼	ˈdʒʌŋktʃəR	high	
june	𐑡𐑫𐑯	dʒun	𐑡𐑵𐑯	dʒuːn	high	
june	𐑡𐑿𐑯	dʒjuːn	𐑡𐑵𐑯	dʒuːn	high	
junior	𐑡𐑫𐑯𐑦𐑼	ˈdʒuniəR	𐑡𐑵𐑯𐑽	ˈdʒuːnɪəR	high	
junior	𐑡𐑵𐑯𐑦𐑼	dʒuːniəR	𐑡𐑵𐑯𐑽	ˈdʒuːnɪəR	high	
juniper	𐑡𐑫𐑯𐑦𐑐𐑼	dʒunɪpəR	𐑡𐑵𐑯𐑦𐑐𐑼	ˈdʒuːnɪpəR	high	
junta	𐑡𐑫𐑯𐑑𐑩	ˈdʒʊntə	𐑣𐑫𐑯𐑑𐑩	ˈhʊntə	high	
junta	𐑡𐑳𐑯𐑑𐑩	ˈdʒʌntə	𐑣𐑫𐑯𐑑𐑩	ˈhʊntə	high	
junta	𐑣𐑳𐑯𐑑𐑩	ˈhʌntə	𐑣𐑫𐑯𐑑𐑩	ˈhʊntə	high	
jupiter	𐑡𐑫𐑐𐑦𐑑𐑼	ˈdʒupɪtəR	𐑡𐑵𐑐𐑦𐑑𐑼	ˈdʒuːpɪtəR	high	
jurisdiction	𐑡𐑫𐑮𐑦𐑕𐑛𐑦𐑒𐑖𐑩𐑯	dʒʊrɪsˈdɪkʃən	𐑡𐑫𐑼𐑦𐑕𐑛𐑦𐑒𐑖𐑩𐑯	ˌdʒʊərɪsˈdɪkʃən	high	
jurisdiction	𐑡𐑫𐑮𐑦𐑟-	dʒʊrɪz-	𐑡𐑫𐑼𐑦𐑕𐑛𐑦𐑒𐑖𐑩𐑯	ˌdʒʊərɪsˈdɪkʃən	high	
jurisdiction	𐑡𐑫𐑼𐑦𐑟-	dʒʊərɪz-	𐑡𐑫𐑼𐑦𐑕𐑛𐑦𐑒𐑖𐑩𐑯	ˌdʒʊərɪsˈdɪkʃən	high	
jurisdiction	𐑡𐑹𐑦𐑕𐑛𐑦𐑒𐑖𐑩𐑯	dʒɔːrɪsdɪkʃən	𐑡𐑫𐑼𐑦𐑕𐑛𐑦𐑒𐑖𐑩𐑯	ˌdʒʊərɪsˈdɪkʃən	high	
jurisdiction	𐑡𐑹𐑦𐑟-	dʒɔːrɪz-	𐑡𐑫𐑼𐑦𐑕𐑛𐑦𐑒𐑖𐑩𐑯	ˌdʒʊərɪsˈdɪkʃən	high	
jurisdiction	𐑡𐑻𐑦𐑕𐑛𐑦𐑒𐑖𐑩𐑯	dʒɜːRɪsˈdɪkʃən	𐑡𐑫𐑼𐑦𐑕𐑛𐑦𐑒𐑖𐑩𐑯	ˌdʒʊərɪsˈdɪkʃən	high	
jurisdiction	𐑡𐑻𐑦𐑟-	dʒɜːRɪz-	𐑡𐑫𐑼𐑦𐑕𐑛𐑦𐑒𐑖𐑩𐑯	ˌdʒʊərɪsˈdɪkʃən	high	
jurist	𐑡𐑼𐑦𐑕𐑑	ˈdʒərɪst	𐑡𐑫𐑼𐑦𐑕𐑑	ˈdʒʊərɪst	high	
juror	𐑡𐑫𐑮𐑪𐑮	ˈdʒʊrˌor	𐑡𐑫𐑼𐑼	ˈdʒʊərəR	high	
juror	𐑡𐑫𐑮𐑼	ˈdʒʊrəR	𐑡𐑫𐑼𐑼	ˈdʒʊərəR	high	
juror	𐑡𐑻𐑼	ˈdʒɜːRəR	𐑡𐑫𐑼𐑼	ˈdʒʊərəR	high	
jury	𐑡𐑫𐑮𐑦	ˈdʒʊri	𐑡𐑫𐑼𐑦	ˈdʒʊəri	high	
jury	𐑡𐑹𐑦	dʒɔːri	𐑡𐑫𐑼𐑦	ˈdʒʊəri	high	
jury	𐑡𐑻𐑦	ˈdʒɜːRi	𐑡𐑫𐑼𐑦	ˈdʒʊəri	high	
just	𐑡𐑩𐑕	dʒəs	𐑡𐑳𐑕𐑑	dʒʌst	high	
just	𐑡𐑳𐑕	dʒʌs	𐑡𐑳𐑕𐑑	dʒʌst	high	
juvenile	𐑡𐑵𐑝𐑩𐑯𐑩𐑤	ˈdʒuːvənəl	𐑡𐑵𐑝𐑩𐑯𐑲𐑤	ˈdʒuːvənaɪl	high	
kakemono	𐑒𐑨𐑒𐑱𐑥𐑴𐑯𐑴	ˌkækeɪˈməʊnəʊ	𐑒𐑨𐑒𐑦𐑥𐑴𐑯𐑴	ˌkækɪˈməʊnəʊ	high	
kakemono	𐑒𐑪𐑒𐑱𐑥𐑴𐑯𐑴	ˌkɒkeɪˈmoʊnoʊ	𐑒𐑨𐑒𐑦𐑥𐑴𐑯𐑴	ˌkækɪˈməʊnəʊ	high	
kaleidoscopic	𐑒𐑩𐑤𐑲𐑛𐑩𐑕𐑒𐑭𐑐𐑦𐑒	kəˌlaɪdəˈskɑːpɪk	𐑒𐑩𐑤𐑲𐑛𐑩𐑕𐑒𐑪𐑐𐑦𐑒	kəˌlaɪdəˈskɒpɪk	high	
kamala	𐑒𐑨𐑥𐑩𐑤𐑩	ˈkæmələ	𐑒𐑭𐑥𐑩𐑤𐑩	ˈkɑːmələ	high	
kamala	𐑒𐑪𐑥𐑩𐑤𐑩	ˈkɒmələ	𐑒𐑭𐑥𐑩𐑤𐑩	ˈkɑːmələ	high	
kamikaze	𐑒𐑪𐑥𐑦𐑒𐑪𐑟𐑦	ˌkɒmɪˈkɒzi	𐑒𐑨𐑥𐑦𐑒𐑭𐑟𐑦	ˈkæmɪˈkɑːzɪ	high	
kamikaze	𐑒𐑭𐑥𐑦𐑒𐑭𐑟𐑰	ˌkɑːmɪˈkɑːziː	𐑒𐑨𐑥𐑦𐑒𐑭𐑟𐑦	ˈkæmɪˈkɑːzɪ	high	
karaoke	𐑒𐑨𐑮𐑩𐑴𐑒𐑦	kærəəʊki	𐑒𐑨𐑮𐑦𐑴𐑒𐑦	ˌkæriˈəʊki	high	
karate	𐑒𐑼𐑪𐑑𐑦	kəˈrɒti	𐑒𐑼𐑭𐑑𐑦	kəˈrɑːti	high	
karate	𐑒𐑼𐑸𐑑𐑦	kərɑːRti	𐑒𐑼𐑭𐑑𐑦	kəˈrɑːti	high	
karate	𐑒𐑼𐑸𐑑𐑱	kərɑːRteɪ	𐑒𐑼𐑭𐑑𐑦	kəˈrɑːti	high	
karen	𐑒𐑧𐑮𐑩𐑯	ˈkerən	𐑒𐑨𐑮𐑩𐑯	ˈkærən	high	
kashmir	𐑒𐑨𐑖𐑥𐑦𐑮	ˈkæʃmir	𐑒𐑨𐑖𐑥𐑽	kæʃˈmɪəR	high	
kashmiri	𐑒𐑨𐑖𐑥𐑦𐑮𐑦	kæʃˈmɪri	𐑒𐑨𐑖𐑥𐑽𐑦	kæʃˈmɪəri	high	
kashmiri	𐑒𐑨𐑖𐑥𐑾𐑰	kaʃmɪəiː	𐑒𐑨𐑖𐑥𐑽𐑦	kæʃˈmɪəri	medium	r_gap:spelling=1,ipa=0; shave_says:𐑒𐑨𐑖𐑥𐑽𐑦
kashmiri	𐑒𐑨𐑠-	kaʒ-	𐑒𐑨𐑖𐑥𐑽𐑦	kæʃˈmɪəri	medium	r_gap:spelling=1,ipa=0; shave_says:𐑒𐑨𐑖𐑥𐑽𐑦
katana	𐑒𐑩𐑑𐑪𐑯𐑩	kəˈtɒnə	𐑒𐑩𐑑𐑭𐑯𐑩	kəˈtɑːnə	high	
kathmandu	𐑒𐑨𐑑𐑥𐑨𐑯𐑛𐑫	ˌkætmænˈdu	𐑒𐑨𐑑𐑥𐑨𐑯𐑛𐑵	ˌkætmænˈduː	high	
katowice	𐑒𐑨𐑑𐑩𐑝𐑰𐑑𐑕𐑩	ˌkatəˈviːtsə	𐑒𐑨𐑑𐑴𐑝𐑰𐑑𐑕𐑱	ˌkætəʊˈviːtseɪ	high	
katowice	𐑒𐑪𐑑𐑩𐑝𐑦𐑑𐑕𐑩	ˌkɒtəˈvitsə	𐑒𐑨𐑑𐑴𐑝𐑰𐑑𐑕𐑱	ˌkætəʊˈviːtseɪ	high	
kazakh	𐑒𐑩𐑟𐑨𐑒	kəˈzak	𐑒𐑨𐑟𐑨𐑒	ˈkæzæk	high	
kazakh	𐑒𐑩𐑟𐑪𐑒	kəˈzɒk	𐑒𐑨𐑟𐑨𐑒	ˈkæzæk	high	
kazakh	𐑒𐑩𐑟𐑭𐑒	kəˈzɑːk	𐑒𐑨𐑟𐑨𐑒	ˈkæzæk	high	
kazakhstan	𐑒𐑨𐑟𐑩𐑒𐑕𐑑𐑨𐑯	ˈkæzəkˌstæn	𐑒𐑨𐑟𐑨𐑒𐑕𐑑𐑨𐑯, 𐑒𐑨𐑟𐑨𐑒𐑕𐑑𐑭𐑯	ˌkæzækˈstⱭːn	high	
kazakhstan	𐑒𐑪𐑟𐑩𐑒𐑕𐑑𐑨𐑯	ˈkɒzəkˌstæn	𐑒𐑨𐑟𐑨𐑒𐑕𐑑𐑨𐑯, 𐑒𐑨𐑟𐑨𐑒𐑕𐑑𐑭𐑯	ˌkæzækˈstⱭːn	high	
kazakhstan	𐑒𐑪𐑟𐑩𐑒𐑕𐑑𐑪𐑯	ˈkɒzəkˌstɒn	𐑒𐑨𐑟𐑨𐑒𐑕𐑑𐑨𐑯, 𐑒𐑨𐑟𐑨𐑒𐑕𐑑𐑭𐑯	ˌkæzækˈstⱭːn	high	
kazakhstan	𐑒𐑭𐑟𐑩𐑒𐑕𐑑𐑭𐑯	ˈkɑːzəkˌstɑːn	𐑒𐑨𐑟𐑨𐑒𐑕𐑑𐑨𐑯, 𐑒𐑨𐑟𐑨𐑒𐑕𐑑𐑭𐑯	ˌkæzækˈstⱭːn	high	
kebab	𐑒𐑦𐑚𐑨𐑚	kɪˈbæb	𐑒𐑩𐑚𐑨𐑚	kəˈbæb	high	
kebab	𐑒𐑦𐑚𐑪𐑚	kɪˈbɒb	𐑒𐑩𐑚𐑨𐑚	kəˈbæb	high	
kebab	𐑒𐑦𐑚𐑭𐑚	kɪˈbɑːb	𐑒𐑩𐑚𐑨𐑚	kəˈbæb	high	
keen	𐑒𐑦𐑯	kin	𐑒𐑰𐑯	kiːn	high	
kelleher	𐑒𐑧𐑤𐑦𐑣𐑼	kelɪhəR	𐑒𐑧𐑤𐑩𐑣𐑼	ˈkeləhəR	high	
kentucky	𐑒𐑧𐑯𐑑𐑳𐑒𐑦	kenˈtʌki	𐑒𐑩𐑯𐑑𐑳𐑒𐑦	kenˈtʌki	high	
kerchief	𐑒𐑻𐑗𐑰𐑓	kɜːRtʃiːf	𐑒𐑻𐑗𐑦𐑓	ˈkɜːRtʃɪf	high	
kettle	𐑒𐑦𐑑𐑩𐑤	ˈkɪtəl	𐑒𐑧𐑑𐑩𐑤	ˈketəl	high	
kew	𐑒𐑘𐑫𐑫	kjuʊ	𐑒𐑿	kjuː	high	
key	𐑒𐑦	ki	𐑒𐑰	kiː	high	
keyboard	𐑒𐑦𐑚𐑹𐑛	ˈkibɔːRd	𐑒𐑰𐑚𐑹𐑛	ˈkiːbɔːRd	high	
keyhole	𐑒𐑦𐑣𐑴𐑤	ˈkiˌhoʊl	𐑒𐑰𐑣𐑴𐑤	ˈkiːhəʊl	high	
keyword	𐑒𐑦𐑢𐑻𐑛	ˈkiwɜːRd	𐑒𐑰𐑢𐑻𐑛	ˈkiːwɜːRd	high	
kharkov	𐑒𐑸𐑒𐑩𐑝	kɑːRkəv	𐑒𐑸𐑒𐑪𐑓	ˈkɑːRkɒf	high	
kilburn	𐑒𐑦𐑤𐑚𐑻𐑯	kɪlbɜːRn	𐑒𐑦𐑤𐑚𐑼𐑯	ˈkɪlbəRn	high	
kildare	𐑒𐑦𐑤𐑛𐑧𐑮	kɪlˈder	𐑒𐑦𐑤𐑛𐑺	kɪlˈdeəR	high	
kiln	𐑒𐑦𐑤	kɪl	𐑒𐑦𐑤𐑯	kɪln	high	
kilo	𐑒𐑦𐑤𐑴	ˈkiloʊ	𐑒𐑰𐑤𐑴	ˈkiːləʊ	high	
kilometer	𐑒𐑦𐑤𐑩𐑥𐑦𐑑𐑼	ˈkɪləˌmitər	𐑒𐑦𐑤𐑩𐑥𐑰𐑑𐑼	ˈkɪləmiːtəR	high	
kilometer	𐑒𐑦𐑤𐑪𐑥𐑦𐑑𐑼	kɪlɒmɪtəR	𐑒𐑦𐑤𐑩𐑥𐑰𐑑𐑼	ˈkɪləmiːtəR	high	
kilometer	𐑒𐑩𐑤𐑪𐑥𐑦𐑑𐑼	kəˈlɒmɪtər	𐑒𐑦𐑤𐑩𐑥𐑰𐑑𐑼	ˈkɪləmiːtəR	high	
kilometre	𐑒𐑦𐑤𐑩𐑥𐑦𐑑𐑼	ˈkɪləˌmitər	𐑒𐑦𐑤𐑩𐑥𐑰𐑑𐑼	ˈkɪləmiːtəR	high	
kilometre	𐑒𐑦𐑤𐑪𐑥𐑦𐑑𐑼	kɪlɒmɪtəR	𐑒𐑦𐑤𐑩𐑥𐑰𐑑𐑼	ˈkɪləmiːtəR	high	
kilometre	𐑒𐑩𐑤𐑪𐑥𐑦𐑑𐑼	kəˈlɒmɪtər	𐑒𐑦𐑤𐑩𐑥𐑰𐑑𐑼	ˈkɪləmiːtəR	high	
kilos	𐑒𐑦𐑤𐑴𐑟	ˈkiloʊz	𐑒𐑰𐑤𐑴𐑟	ˈkiːləʊz	high	
kimono	𐑒𐑩𐑥𐑴𐑯𐑩	kəˈmoʊnə	𐑒𐑦𐑥𐑴𐑯𐑴	kɪˈməʊnəʊ	high	
kimono	𐑒𐑩𐑥𐑴𐑯𐑴	kəˈmoʊnoʊ	𐑒𐑦𐑥𐑴𐑯𐑴	kɪˈməʊnəʊ	high	
kinder	𐑒𐑦𐑯𐑛𐑼	kɪndəR	𐑒𐑲𐑯𐑛𐑼	ˈkaɪndəR	high	
kindergarten	𐑒𐑦𐑯𐑛𐑩𐑜𐑸𐑑𐑩𐑯	kɪndəɡɑːRtən	𐑒𐑦𐑯𐑛𐑼𐑜𐑸𐑑𐑩𐑯	ˈkɪndəRɡɑːRtən	medium	r_gap:spelling=2,ipa=1; shave_says:𐑒𐑦𐑯𐑛𐑼𐑜𐑸𐑑𐑩𐑯
kindergarten	𐑒𐑦𐑯𐑛𐑼𐑜𐑸𐑛𐑩𐑯	ˈkɪndərˌɡɑːrdən	𐑒𐑦𐑯𐑛𐑼𐑜𐑸𐑑𐑩𐑯	ˈkɪndəRɡɑːRtən	high	
kiosk	𐑒𐑦𐑪𐑕𐑒	ˈkiˌɒsk	𐑒𐑰𐑪𐑕𐑒	ˈkiːɒsk	high	
kirkwall	𐑒𐑻𐑒𐑢𐑪𐑤	ˈkɜːRkwɒl	𐑒𐑻𐑒𐑢𐑷𐑤	ˈkɜːRkwɔːl	high	
kirtle	-𐑑𐑩𐑤	-təl	𐑒𐑻𐑑𐑩𐑤	ˈkɜːRtəl	medium	r_gap:spelling=1,ipa=0
kirtle	𐑒𐑻-	kɜːr-	𐑒𐑻𐑑𐑩𐑤	ˈkɜːRtəl	high	
kirtle	𐑒𐑼𐑑𐑩𐑤	ˈkəRtəl	𐑒𐑻𐑑𐑩𐑤	ˈkɜːRtəl	high	
kitchen	𐑒𐑦𐑗𐑩𐑯	ˈkɪtʃən	𐑒𐑦𐑗𐑦𐑯	ˈkɪtʃɪn	high	
knee	𐑯𐑦	ni	𐑯𐑰	niː	high	
knee-breeches	𐑯𐑦𐑚𐑮𐑦𐑗𐑩𐑟	ˌniˈbrɪtʃəz	𐑯𐑰-𐑚𐑮𐑦𐑗𐑩𐑟	ˈniː-brɪtʃƏz	high	
knee-breeches	𐑯𐑰𐑚𐑮𐑦𐑗𐑩𐑟	niːbrɪtʃƏz	𐑯𐑰-𐑚𐑮𐑦𐑗𐑩𐑟	ˈniː-brɪtʃƏz	high	
knee-high	𐑯𐑦𐑣𐑲	ˌniˈhaɪ	𐑯𐑰-𐑣𐑲	niː-ˈhaɪ	high	
knee-high	𐑯𐑰𐑣𐑲	ˌniːˈhaɪ	𐑯𐑰-𐑣𐑲	niː-ˈhaɪ	high	
knew	𐑯𐑘𐑫	ˈnju	𐑯𐑵, 𐑯𐑿	njuː	high	
knick-knack	𐑯𐑦𐑒𐑯𐑨𐑒	ˈnɪkˌnæk	𐑯𐑦𐑒-𐑯𐑨𐑒	ˈnɪk-næk	high	
knickerbockers	𐑯𐑦𐑒𐑩𐑚𐑪𐑒𐑼𐑟	nɪkəbɒkəRz	𐑯𐑦𐑒𐑼𐑚𐑪𐑒𐑼𐑟	ˈnɪkəRbɒkəRz	medium	r_gap:spelling=2,ipa=1; shave_says:𐑯𐑦𐑒𐑼𐑚𐑪𐑒𐑼𐑟
knockout	𐑯𐑪𐑒𐑴𐑑	ˈnɒkoʊt	𐑯𐑪𐑒𐑬𐑑	ˈnɒkaʊt	high	
knoll	𐑯𐑪𐑤	nɒl	𐑯𐑴𐑤	nəʊl	high	
knotty	-𐑑𐑦	-ti	𐑯𐑪𐑑𐑦	ˈnɒti	high	
know-how	𐑯𐑴𐑣𐑬	ˈnəʊhaʊ	𐑯𐑴-𐑣𐑬	ˈnəʊ-haʊ	high	
kobe	𐑒𐑴𐑚𐑦	ˈkoʊˌbi	𐑒𐑴𐑚𐑱	ˈkəʊbeɪ	high	
kobe	𐑒𐑴𐑚𐑰	ˈkəʊˌbiː	𐑒𐑴𐑚𐑱	ˈkəʊbeɪ	high	
kohl	𐑒𐑷𐑫𐑤	kɔʊl	𐑒𐑴𐑤	kəʊl	high	
kohlrabi	𐑒𐑴𐑤𐑮𐑪𐑚𐑦	koʊlˈrɒbi	𐑒𐑴𐑤𐑮𐑨𐑚𐑦, 𐑒𐑴𐑤𐑮𐑭𐑚𐑦	ˌkəʊlˈrⱭːbi	high	
komodo	𐑒𐑩-	kə-	𐑒𐑩𐑥𐑴𐑛𐑴	kəˈməʊdəʊ	high	
komodo	𐑒𐑴𐑥𐑴𐑛𐑴	kəʊˈməʊdəʊ	𐑒𐑩𐑥𐑴𐑛𐑴	kəˈməʊdəʊ	high	
kong	𐑒𐑷𐑙	kɔːŋ	𐑒𐑪𐑙	ˈkɒŋ	high	
kookaburra	𐑒𐑫𐑒𐑩𐑚𐑻𐑮𐑩	ˈkʊkəˌbɜːRrə	𐑒𐑫𐑒𐑩𐑚𐑳𐑮𐑩	ˈkʊkəbʌrə	high	
korea	𐑒𐑼𐑦𐑩	kəˈriə	𐑒𐑼𐑾	kəˈrɪə	high	
korea	𐑒𐑼𐑰𐑩	kəriːə	𐑒𐑼𐑾	kəˈrɪə	medium	ml_disagrees:𐑒𐑼𐑦ː𐑩; shave_says:𐑒𐑼𐑾
korean	𐑒𐑼𐑦𐑩𐑯	kəˈriən	𐑒𐑼𐑾𐑯	kəˈrɪən	high	
korean	𐑒𐑼𐑰𐑩𐑯	kəriːən	𐑒𐑼𐑾𐑯	kəˈrɪən	medium	ml_disagrees:𐑒𐑼𐑦ː𐑩𐑯; shave_says:𐑒𐑼𐑾𐑯
krakow	𐑒𐑮𐑨𐑒𐑬	ˈkrækaʊ	𐑒𐑮𐑭𐑒𐑪𐑝	ˈkrɑːkɒv	high	
krakow	𐑒𐑮𐑨𐑒𐑴	ˈkrækoʊ	𐑒𐑮𐑭𐑒𐑪𐑝	ˈkrɑːkɒv	high	
krakow	𐑒𐑮𐑪𐑒𐑬	ˈkrɒkaʊ	𐑒𐑮𐑭𐑒𐑪𐑝	ˈkrɑːkɒv	high	
krakow	𐑒𐑮𐑪𐑒𐑴	ˈkrɒkoʊ	𐑒𐑮𐑭𐑒𐑪𐑝	ˈkrɑːkɒv	high	
ku klux klan	𐑒𐑫 𐑒𐑤𐑳𐑒𐑕 𐑒𐑤𐑨𐑯	ˌku klʌks ˈklæn	𐑒𐑵 𐑒𐑤𐑳𐑒𐑕 𐑒𐑤𐑨𐑯	ˌkuː klʌks ˈklæn	high	
kudos	𐑒𐑫𐑛𐑴𐑕	ˈkudoʊs	𐑒𐑿𐑛𐑪𐑕	ˈkjuːdɒs	high	
kudos	𐑒𐑫𐑛𐑴𐑟	ˈkudoʊz	𐑒𐑿𐑛𐑪𐑕	ˈkjuːdɒs	high	
kurzweil	𐑒𐑼𐑑𐑕𐑝𐑲𐑤	ˈkərtsvaɪl	𐑒𐑻𐑟𐑢𐑲𐑤	ˌkɜːRzˈwaɪl	high	
kuwait	𐑒𐑫𐑢𐑱𐑑	kʊˈweɪt	𐑒𐑵𐑢𐑱𐑑	kuːˈweɪt	high	
kuwait	𐑒𐑿𐑢𐑱𐑑	kjuːˈweɪt	𐑒𐑵𐑢𐑱𐑑	kuːˈweɪt	high	
kyoto	𐑒𐑦𐑘𐑴𐑑𐑴	kiˈjoʊtoʊ	𐑒𐑘𐑴𐑑𐑴	ˈkjəʊtəʊ	high	
la spezia	𐑤𐑨 𐑕𐑐𐑧𐑑𐑕𐑾	la ˈspetsɪə	𐑤𐑭 𐑕𐑐𐑧𐑑𐑕𐑾	lɑː ˈspetsɪə	high	
la spezia	𐑤𐑪 𐑕𐑐𐑧𐑑𐑕𐑦𐑩	lɒ ˈspetsiə	𐑤𐑭 𐑕𐑐𐑧𐑑𐑕𐑾	lɑː ˈspetsɪə	high	
label	𐑤𐑧𐑘𐑚𐑩𐑤	ˈlejbəl	𐑤𐑱𐑚𐑩𐑤	ˈleɪbəl	high	
laboratory	𐑤𐑨𐑚𐑼𐑩𐑑𐑹𐑦	ˈlæbərəˌtɔːRi	𐑤𐑨𐑚𐑮𐑩𐑑𐑹𐑦, 𐑤𐑩𐑚𐑪𐑮𐑩𐑑𐑼𐑦	ləˈbɒrətəri	high	
laboratory	𐑤𐑩𐑚𐑪𐑮𐑩𐑑𐑮𐑦	ləbɒrətri	𐑤𐑨𐑚𐑮𐑩𐑑𐑹𐑦, 𐑤𐑩𐑚𐑪𐑮𐑩𐑑𐑼𐑦	ləˈbɒrətəri	high	
laboratory	𐑤𐑩𐑚𐑹𐑩𐑑𐑹𐑦	ləˈbɔːRəˌtɔːRi	𐑤𐑨𐑚𐑮𐑩𐑑𐑹𐑦, 𐑤𐑩𐑚𐑪𐑮𐑩𐑑𐑼𐑦	ləˈbɒrətəri	high	
laborer	𐑤𐑱𐑚𐑼𐑮𐑼	ˈleɪbəRrəR	𐑤𐑱𐑚𐑼𐑼	ˈleɪbərəR	high	
laboriously	𐑤𐑩𐑚𐑹𐑦𐑩𐑕𐑤𐑦	ləbɔːriəslɪ	𐑤𐑩𐑚𐑹𐑾𐑕𐑤𐑦	ləˈbɔːrɪəsli	high	
labyrinthine	𐑤𐑨𐑚𐑼𐑦𐑯𐑔𐑦𐑯	ˌlæbəˈrɪnθɪn	𐑤𐑨𐑚𐑼𐑦𐑯𐑔𐑲𐑯	ˌlæbəˈrɪnθaɪn	high	
labyrinthine	𐑤𐑨𐑚𐑼𐑦𐑯𐑔𐑳𐑦𐑯	labərɪnθʌɪn	𐑤𐑨𐑚𐑼𐑦𐑯𐑔𐑲𐑯	ˌlæbəˈrɪnθaɪn	high	
lachrymal	𐑤𐑨𐑒𐑮𐑩𐑥𐑩𐑤	ˈlækrəməl	𐑤𐑨𐑒𐑮𐑦𐑥𐑩𐑤	ˈlækrɪməl	high	
lacrosse	𐑤𐑩𐑒𐑮𐑷𐑕	ləˈkrɔːs	𐑤𐑩𐑒𐑮𐑪𐑕	ləˈkrɒs	high	
lacunae	𐑤𐑩𐑒𐑫𐑯𐑦	ləˈkuˌni	𐑤𐑩𐑒𐑿𐑯𐑰	ləˈkjuːniː	high	
lacunae	𐑤𐑩𐑒𐑫𐑯𐑲	ləˈkuˌnaɪ	𐑤𐑩𐑒𐑿𐑯𐑰	ləˈkjuːniː	high	
ladder	𐑤𐑨𐑑𐑼	ˈlætəR	𐑤𐑨𐑛𐑼	ˈlædəR	high	
lady	𐑤𐑱𐑑𐑦	ˈleɪti	𐑤𐑱𐑛𐑦	ˈleɪdi	high	
lady-in-waiting	-𐑑𐑦𐑙	-tɪŋ	𐑤𐑱𐑛𐑦-𐑦𐑯-𐑢𐑱𐑑𐑦𐑙	ˌleɪdi-ɪn-ˈweɪtɪŋ	high	
lady-in-waiting	𐑤𐑱𐑛𐑦 𐑦𐑯 𐑢𐑱𐑑𐑦𐑙	ˌleɪdɪ ɪn ˈweɪtɪŋ	𐑤𐑱𐑛𐑦-𐑦𐑯-𐑢𐑱𐑑𐑦𐑙	ˌleɪdi-ɪn-ˈweɪtɪŋ	high	
lager	𐑤𐑪𐑜𐑼	ˈlɒɡəR	𐑤𐑭𐑜𐑼	ˈlɑːɡəR	high	
lagrange	𐑤𐑩𐑜𐑮𐑪𐑯𐑡	ləˈɡrɒndʒ	𐑤𐑩𐑜𐑮𐑱𐑯𐑡	ləˈɡreɪndʒ	high	
lagrange	𐑤𐑩𐑜𐑮𐑭𐑯𐑡	ləɡrɑːndʒ	𐑤𐑩𐑜𐑮𐑱𐑯𐑡	ləˈɡreɪndʒ	high	
laguna	𐑤𐑩𐑜𐑫𐑯𐑩	ləˈɡunə	𐑤𐑩𐑜𐑵𐑯𐑩	ləˈɡuːnə	high	
laird	𐑤𐑻𐑛	lɜːRd	𐑤𐑺𐑛	leəRd	high	
lancashire	𐑤𐑨𐑙𐑒𐑩𐑖𐑽	læŋkəʃɪəR	𐑤𐑨𐑙𐑒𐑩𐑖𐑼	ˈlæŋkəʃəR	high	
lancaster	𐑤𐑨𐑙𐑒𐑦𐑕𐑑𐑼	ˈlæŋkɪstəR	𐑤𐑨𐑙𐑒𐑩𐑕𐑑𐑼	ˈlæŋkəstəR	high	
lancaster	𐑤𐑨𐑯𐑒𐑨𐑕𐑑𐑼	lænkæstəR	𐑤𐑨𐑙𐑒𐑩𐑕𐑑𐑼	ˈlæŋkəstəR	high	
lancastrian	𐑤𐑨𐑯𐑒𐑨𐑕𐑑𐑮𐑾𐑯	lænkæstrɪən	𐑤𐑨𐑙𐑒𐑨𐑕𐑑𐑮𐑾𐑯	læŋˈkæstrɪən	high	
lancet	𐑤𐑨𐑯𐑕𐑦𐑑	ˈlænsɪt	𐑤𐑨𐑯𐑕𐑩𐑑, 𐑤𐑭𐑯𐑕𐑩𐑑	ˈlⱭːnsIt	high	
lancet	𐑤𐑭𐑯𐑕𐑦𐑑	ˈlɑːnsɪt	𐑤𐑨𐑯𐑕𐑩𐑑, 𐑤𐑭𐑯𐑕𐑩𐑑	ˈlⱭːnsIt	high	
land	𐑤𐑺𐑯𐑛	leənd	𐑤𐑨𐑯𐑛	lænd	high	
landfall	𐑤𐑨𐑯𐑛𐑓𐑪𐑤	ˈlændfɒl	𐑤𐑨𐑯𐑛𐑓𐑷𐑤	ˈlændfɔːl	high	
landmark	𐑤𐑧𐑨𐑯𐑛𐑥𐑸𐑒	ˈleandmɑːRk	𐑤𐑨𐑯𐑛𐑥𐑸𐑒	ˈlændmɑːRk	high	
languages	𐑤𐑱𐑙𐑜𐑢𐑦𐑡𐑩𐑟	ˈleɪŋɡwɪdʒƏz	𐑤𐑨𐑙𐑜𐑢𐑦𐑡𐑩𐑟	ˈlæŋɡwɪdʒƏz	high	
lanyard	𐑤𐑨𐑯𐑘𐑸𐑛	lænjɑːRd	𐑤𐑨𐑯𐑘𐑼𐑛	ˈlænjəRd	high	
lapidary	𐑤𐑨𐑐𐑦𐑛𐑮𐑦	læpɪdri	𐑤𐑨𐑐𐑦𐑛𐑼𐑦	ˈlæpɪdəri	high	
lapidary	𐑤𐑨𐑐𐑩𐑛𐑧𐑮𐑦	ˈlæpəˌderi	𐑤𐑨𐑐𐑦𐑛𐑼𐑦	ˈlæpɪdəri	high	
lapis lazuli	𐑤𐑨𐑐𐑦𐑕 𐑤𐑨𐑟𐑘𐑩𐑤𐑲	ˌlapɪs ˈlazjəlaɪ	𐑤𐑨𐑐𐑦𐑕 𐑤𐑨𐑟𐑘𐑩𐑤𐑦	ˌlæpɪs ˈlæzjəli	high	
lapis lazuli	𐑤𐑨𐑟𐑘𐑩𐑤𐑦	ˈlazjəli	𐑤𐑨𐑐𐑦𐑕 𐑤𐑨𐑟𐑘𐑩𐑤𐑦	ˌlæpɪs ˈlæzjəli	high	
lapis lazuli	𐑤𐑨𐑟𐑘𐑩𐑤𐑲	ˈlæzjəlaɪ	𐑤𐑨𐑐𐑦𐑕 𐑤𐑨𐑟𐑘𐑩𐑤𐑦	ˌlæpɪs ˈlæzjəli	high	
lapis lazuli	𐑤𐑨𐑠𐑩𐑤𐑦	ˈlæʒəli	𐑤𐑨𐑐𐑦𐑕 𐑤𐑨𐑟𐑘𐑩𐑤𐑦	ˌlæpɪs ˈlæzjəli	high	
lapis lazuli	𐑤𐑨𐑠𐑩𐑤𐑲	ˈlæʒəlaɪ	𐑤𐑨𐑐𐑦𐑕 𐑤𐑨𐑟𐑘𐑩𐑤𐑦	ˌlæpɪs ˈlæzjəli	high	
lapis lazuli	𐑤𐑩𐑟𐑫𐑤𐑦	ləˈzuli	𐑤𐑨𐑐𐑦𐑕 𐑤𐑨𐑟𐑘𐑩𐑤𐑦	ˌlæpɪs ˈlæzjəli	high	
larboard	𐑤𐑨𐑚𐑼𐑛	labəRd	𐑤𐑸𐑚𐑼𐑛	ˈlɑːRbəRd	medium	r_gap:spelling=2,ipa=1; shave_says:𐑤𐑸𐑚𐑼𐑛
larboard	𐑤𐑸𐑚𐑹𐑛	lɑːRbɔːRd	𐑤𐑸𐑚𐑼𐑛	ˈlɑːRbəRd	high	
larceny	𐑤𐑸𐑕𐑦𐑯𐑦	lɑːRsɪni	𐑤𐑸𐑕𐑩𐑯𐑦	ˈlɑːRsəni	high	
largest	𐑤𐑸𐑡𐑦𐑕𐑑	lɑːRdʒɪst	𐑤𐑸𐑡𐑩𐑕𐑑	ˈlɑːRdʒəst	high	
larkspur	𐑤𐑸𐑒𐑕𐑐𐑼	ˈlɑːRkspəR	𐑤𐑸𐑒𐑕𐑐𐑻	ˈlɑːRkspɜːR	high	
larvae	𐑤𐑸𐑝𐑦	lɑːRvi	𐑤𐑸𐑝𐑰	ˈlɑːRviː	high	
laryngitis	𐑤𐑧𐑮𐑦𐑯𐑡𐑲𐑑𐑦𐑕	lerɪnˈdʒaɪtɪs	𐑤𐑨𐑮𐑦𐑯𐑡𐑲𐑑𐑦𐑕	ˌlærɪnˈdʒaɪtɪs	high	
larynx	𐑤𐑧𐑮𐑦𐑙𐑒𐑕	ˈlerɪŋks	𐑤𐑨𐑮𐑦𐑙𐑒𐑕	ˈlærɪŋks	high	
lasagna	𐑤𐑩𐑕𐑭𐑯𐑘𐑩	ləˈsɑːnjə	𐑤𐑩𐑟𐑭𐑯𐑘𐑩	ləˈzɑːnjə	high	
lasagna	𐑤𐑩𐑟𐑨𐑯𐑘𐑩	ləˈzænjə	𐑤𐑩𐑟𐑭𐑯𐑘𐑩	ləˈzɑːnjə	high	
lasagna	𐑤𐑩𐑟𐑪𐑯𐑘𐑩	ləˈzɒnjə	𐑤𐑩𐑟𐑭𐑯𐑘𐑩	ləˈzɑːnjə	high	
lasagne	𐑤𐑩𐑕𐑭𐑯𐑘𐑩	ləˈsɑːnjə	𐑤𐑩𐑟𐑭𐑯𐑘𐑩	ləˈzɑːnjə	high	
lasagne	𐑤𐑩𐑟𐑨𐑯𐑘𐑩	ləˈzænjə	𐑤𐑩𐑟𐑭𐑯𐑘𐑩	ləˈzɑːnjə	high	
lasagne	𐑤𐑩𐑟𐑪𐑯𐑘𐑩	ləˈzɒnjə	𐑤𐑩𐑟𐑭𐑯𐑘𐑩	ləˈzɑːnjə	high	
lascivious	-𐑝𐑦𐑩𐑕	-viəs	𐑤𐑩𐑕𐑦𐑝𐑾𐑕	ləˈsɪvɪəs	high	
lascivious	𐑤𐑩𐑕𐑦𐑝𐑦𐑩𐑕	ləˈsɪviəs	𐑤𐑩𐑕𐑦𐑝𐑾𐑕	ləˈsɪvɪəs	high	
lasciviousness	𐑤𐑩𐑕𐑦𐑝𐑦𐑩𐑕𐑯𐑩𐑕	ləˈsɪviəsnəs	𐑤𐑩𐑕𐑦𐑝𐑾𐑕𐑯𐑩𐑕	ləˈsɪvɪəsnəs	high	
laser	𐑤𐑱𐑕𐑼	leɪsər	𐑤𐑱𐑟𐑼	ˈleɪzəR	high	
lassitude	𐑤𐑨𐑕𐑦𐑑𐑫𐑛	ˈlæsɪˌtud	𐑤𐑨𐑕𐑦𐑑𐑵𐑛, 𐑤𐑨𐑕𐑦𐑑𐑿𐑛	ˈlæsɪtjuːd	high	
lasso	𐑤𐑨𐑕𐑫	ˈlæsu	𐑤𐑨𐑕𐑵	læˈsuː	high	
lasso	𐑤𐑨𐑕𐑴	ˈlæsoʊ	𐑤𐑨𐑕𐑵	læˈsuː	high	
lasso	𐑤𐑩𐑕𐑵	ləsˈuː	𐑤𐑨𐑕𐑵	læˈsuː	high	
lat	𐑤𐑪𐑑	lɒt	𐑤𐑨𐑑	læt	high	
lat	𐑤𐑭𐑑	lɑːt	𐑤𐑨𐑑	læt	high	
latchkey	𐑤𐑨𐑗𐑒𐑦	ˈlætʃˌki	𐑤𐑨𐑗𐑒𐑰	ˈlætʃkiː	high	
lateen	𐑤𐑨𐑑𐑰𐑯	læˈtiːn	𐑤𐑩𐑑𐑰𐑯	ləˈtiːn	high	
lateen	𐑤𐑩𐑑𐑦𐑯	ləˈtin	𐑤𐑩𐑑𐑰𐑯	ləˈtiːn	high	
laterite	𐑤𐑨𐑑𐑼𐑳𐑦𐑑	latərʌɪt	𐑤𐑨𐑑𐑼𐑲𐑑	ˈlætəraɪt	high	
lathi	𐑤𐑳𐑑𐑰	lʌˈtiː	𐑤𐑨𐑑𐑦, 𐑤𐑭𐑑𐑦	ˈlⱭːti	high	
laths	𐑤𐑨𐑔𐑕	læθs	𐑤𐑨𐑞𐑟, 𐑤𐑭𐑞𐑟	lⱭːðz	high	
latin	𐑤𐑨𐑑𐑩𐑯	ˈlætən	𐑤𐑨𐑑𐑦𐑯	ˈlætɪn	high	
latinize	𐑤𐑨𐑑𐑩𐑯𐑲𐑟	ˈlætənaɪz	𐑤𐑨𐑑𐑦𐑯𐑲𐑟	ˈlætɪnaɪz	high	
latino	𐑤𐑨-	læ-	𐑤𐑩𐑑𐑰𐑯𐑴	ləˈtiːnəʊ	high	
latino	𐑤𐑩𐑑𐑦𐑯𐑴	ləˈtinoʊ	𐑤𐑩𐑑𐑰𐑯𐑴	ləˈtiːnəʊ	high	
latino	𐑤𐑭	lɑː	𐑤𐑩𐑑𐑰𐑯𐑴	ləˈtiːnəʊ	high	
latitude	𐑤𐑨𐑑𐑦𐑑𐑫𐑛	ˈlætɪtud	𐑤𐑨𐑑𐑦𐑑𐑵𐑛, 𐑤𐑨𐑑𐑦𐑑𐑿𐑛	ˈlætɪtjuːd	high	
latitude	𐑤𐑨𐑑𐑦𐑗𐑵𐑛	ˈlætɪtʃuːd	𐑤𐑨𐑑𐑦𐑑𐑵𐑛, 𐑤𐑨𐑑𐑦𐑑𐑿𐑛	ˈlætɪtjuːd	high	
latitude	𐑤𐑨𐑑𐑩𐑑𐑘𐑫𐑛	ˈlætətjud	𐑤𐑨𐑑𐑦𐑑𐑵𐑛, 𐑤𐑨𐑑𐑦𐑑𐑿𐑛	ˈlætɪtjuːd	high	
latitudinal	𐑤𐑨𐑑𐑦𐑑𐑫𐑛𐑦𐑯𐑩𐑤	lætɪˈtudɪnəl	𐑤𐑨𐑑𐑦𐑑𐑵𐑛𐑦𐑯𐑩𐑤, 𐑤𐑨𐑑𐑦𐑑𐑿𐑛𐑦𐑯𐑩𐑤	ˌlætɪˈtjuːdɪnəl	high	
latitudinarian	𐑤𐑨𐑑𐑦𐑑𐑿𐑛𐑦𐑯𐑻𐑾𐑯	latɪtjuːdɪnɜːrɪən	𐑤𐑨𐑑𐑦𐑑𐑵𐑛𐑦𐑯𐑺𐑾𐑯, 𐑤𐑨𐑑𐑦𐑑𐑿𐑛𐑦𐑯𐑺𐑾𐑯	ˌlætɪtjuːdɪˈneərɪən	high	
latitudinarian	𐑤𐑨𐑛𐑦𐑑𐑵𐑛𐑩𐑯𐑧𐑮𐑦𐑩𐑯	lædɪtuːdəˈneriən	𐑤𐑨𐑑𐑦𐑑𐑵𐑛𐑦𐑯𐑺𐑾𐑯, 𐑤𐑨𐑑𐑦𐑑𐑿𐑛𐑦𐑯𐑺𐑾𐑯	ˌlætɪtjuːdɪˈneərɪən	high	
latter-day	𐑤𐑨𐑑𐑼 𐑛𐑱	ˈlætər deɪ	𐑤𐑨𐑑𐑼-𐑛𐑱	ˈlætəR-deɪ	high	
latter-day	𐑤𐑨𐑑𐑼𐑛𐑱	lætərdeɪ	𐑤𐑨𐑑𐑼-𐑛𐑱	ˈlætəR-deɪ	high	
laudably	𐑤𐑷𐑛𐑦𐑚𐑤𐑦	ˈlɔːdɪbli	𐑤𐑷𐑛𐑩𐑚𐑤𐑦	ˈlɔːdəbli	high	
laudatory	𐑤𐑹𐑛𐑩𐑑𐑮𐑦	lɔːRdətri	𐑤𐑷𐑛𐑩𐑑𐑼𐑦	ˈlɔːdətəri	high	
launch	𐑤𐑪𐑯𐑗	lɒntʃ	𐑤𐑷𐑯𐑗	lɔːntʃ	high	
launcher	𐑤𐑪𐑯𐑗𐑼	ˈlɒntʃəR	𐑤𐑷𐑯𐑗𐑼	ˈlɔːntʃəR	high	
launderette	𐑤𐑷𐑯𐑛𐑼𐑧𐑑	lɔːndəˈret	𐑤𐑷𐑯𐑛𐑮𐑧𐑑	lɔːnˈdret	high	
laura	𐑤𐑸𐑩	lɑːrə	𐑤𐑹𐑩	ˈlɔːrə	high	
laureate	𐑤𐑪𐑮𐑦𐑩𐑑	lɒriət	𐑤𐑹𐑾𐑑	ˈlɔːrɪət	high	
laureate	𐑤𐑪𐑮𐑦𐑱𐑑	lɒrieɪt	𐑤𐑹𐑾𐑑	ˈlɔːrɪət	high	
laureate	𐑤𐑸𐑦𐑩𐑑	ˈlɑːRiət	𐑤𐑹𐑾𐑑	ˈlɔːrɪət	high	
laureate	𐑤𐑸𐑦𐑱𐑑	ˈlɑːRieɪt	𐑤𐑹𐑾𐑑	ˈlɔːrɪət	high	
laureate	𐑤𐑹𐑦𐑩𐑑	lɔːriət	𐑤𐑹𐑾𐑑	ˈlɔːrɪət	high	
laureate	𐑤𐑹𐑦𐑱𐑑	lɔːrieɪt	𐑤𐑹𐑾𐑑	ˈlɔːrɪət	high	
laurel	𐑤𐑹𐑩𐑤	lɔːrəl	𐑤𐑪𐑮𐑩𐑤	ˈlɒrəl	high	
lauren	𐑤𐑹𐑦𐑯	ˈlɔːRɪn	𐑤𐑪𐑮𐑩𐑯	ˈlɒrən	high	
lauren	𐑤𐑹𐑩𐑯	ˈlɔːRən	𐑤𐑪𐑮𐑩𐑯	ˈlɒrən	high	
laurence	𐑤𐑹𐑩𐑯𐑕	ˈlɔːRəns	𐑤𐑪𐑮𐑩𐑯𐑕	ˈlɒrəns	high	
lavatory	𐑤𐑨𐑝𐑩𐑑𐑮𐑦	lævətri	𐑤𐑨𐑝𐑩𐑑𐑼𐑦	ˈlævətəri	high	
lavatory	𐑤𐑨𐑝𐑩𐑑𐑹𐑦	ˈlævətɔːRi	𐑤𐑨𐑝𐑩𐑑𐑼𐑦	ˈlævətəri	high	
lawrence	𐑤𐑹𐑩𐑯𐑕	ˈlɔːRəns	𐑤𐑪𐑮𐑩𐑯𐑕	ˈlɒrəns	high	
lawsuit	𐑤𐑷𐑕𐑘𐑫𐑑	ˈlɔːˌsjut	𐑤𐑷𐑕𐑵𐑑	ˈlɔːsuːt	high	
lawsuit	𐑤𐑷𐑕𐑿𐑑	ˈlɔːˌsjuːt	𐑤𐑷𐑕𐑵𐑑	ˈlɔːsuːt	high	
lawyer	𐑤𐑶𐑼	lɔɪər	𐑤𐑷𐑘𐑼	ˈlɔːjəR	high	
lawyers	𐑤𐑶𐑼𐑟	lɔɪəRz	𐑤𐑷𐑘𐑼𐑟	ˈlɔːjəRz	high	
layer	𐑤𐑺	leəR	𐑤𐑱𐑼	ˈleɪəR	high	
layers	𐑤𐑺𐑟	leəRz	𐑤𐑱𐑼𐑟	ˈleɪəRz	high	
layette	𐑤𐑱𐑘𐑧𐑑	leɪˈjet	𐑤𐑱𐑧𐑑	leɪˈet	high	
lazar	𐑤𐑱𐑟𐑼	leɪzəR	𐑤𐑨𐑟𐑼	ˈlæzəR	high	
lazaretto	-𐑑𐑦	-ti	𐑤𐑨𐑟𐑼𐑧𐑑𐑴	ˌlæzəˈretəʊ	medium	r_gap:spelling=1,ipa=0
lazaretto	-𐑑𐑴	-toʊ	𐑤𐑨𐑟𐑼𐑧𐑑𐑴	ˌlæzəˈretəʊ	medium	r_gap:spelling=1,ipa=0
lazaretto	𐑤𐑨𐑟𐑼𐑧𐑑𐑦	læzəreti	𐑤𐑨𐑟𐑼𐑧𐑑𐑴	ˌlæzəˈretəʊ	high	
le havre	𐑤𐑼 𐑣𐑭𐑝𐑮𐑼	ləR hɑːvrəR	𐑤𐑩 𐑣𐑭𐑝𐑮𐑩	lə ˈhɑːvrə	high	
le havre	𐑤𐑼 𐑣𐑸𐑝	ləR hɑːrv	𐑤𐑩 𐑣𐑭𐑝𐑮𐑩	lə ˈhɑːvrə	high	
lead	𐑤𐑦𐑛	lid	𐑤𐑧𐑛, 𐑤𐑰𐑛	led	high	
leader	𐑤𐑦𐑑𐑼	ˈlitəR	𐑤𐑰𐑛𐑼	ˈliːdəR	high	
leader	𐑤𐑦𐑛𐑼	ˈlidəR	𐑤𐑰𐑛𐑼	ˈliːdəR	high	
leaders	𐑤𐑦𐑛𐑼𐑟	ˈlidəRz	𐑤𐑰𐑛𐑼𐑟	ˈliːdəRz	high	
leadership	𐑤𐑦𐑛𐑼𐑖𐑦𐑐	ˈlidəRʃɪp	𐑤𐑰𐑛𐑼𐑖𐑦𐑐	ˈliːdəRʃɪp	high	
leadership	𐑤𐑰𐑛𐑩𐑖𐑦𐑐	liːdəʃɪp	𐑤𐑰𐑛𐑼𐑖𐑦𐑐	ˈliːdəRʃɪp	medium	r_gap:spelling=1,ipa=0; shave_says:𐑤𐑰𐑛𐑼𐑖𐑦𐑐
leading	𐑤𐑦𐑛𐑦𐑙	ˈlidɪŋ	𐑤𐑧𐑛𐑦𐑙, 𐑤𐑰𐑛𐑦𐑙	ˈliːdɪŋ	high	
lean	𐑤𐑦𐑯	lin	𐑤𐑰𐑯	liːn	high	
leaned	𐑤𐑦𐑯𐑛	lind	𐑤𐑰𐑯𐑛	liːnd	high	
leap	𐑤𐑦𐑐	lip	𐑤𐑰𐑐	liːp	high	
leapfrog	-𐑓𐑮𐑷𐑜	-frɔːɡ	𐑤𐑰𐑐𐑓𐑮𐑪𐑜	ˈliːpfrɒɡ	high	
lear	𐑤𐑦𐑮	ˈlɪr	𐑤𐑽	liəR	high	
leases	𐑤𐑦𐑕𐑩𐑟	ˈlisƏz	𐑤𐑰𐑕𐑩𐑟	ˈliːsƏz	high	
least	𐑤𐑦𐑕𐑑	list	𐑤𐑰𐑕𐑑	liːst	high	
leatherhead	𐑤𐑧𐑞𐑩𐑣𐑧𐑛	leðəhed	𐑤𐑧𐑞𐑼𐑣𐑧𐑛	ˈleðəRhed	medium	r_gap:spelling=1,ipa=0; shave_says:𐑤𐑧𐑞𐑼𐑣𐑧𐑛
leatherneck	𐑤𐑧𐑞𐑩𐑯𐑧𐑒	leðənek	𐑤𐑧𐑞𐑼𐑯𐑧𐑒	ˈleðəRnek	medium	r_gap:spelling=1,ipa=0; shave_says:𐑤𐑧𐑞𐑼𐑯𐑧𐑒
lebanon	𐑤𐑧𐑚𐑩𐑯𐑩𐑯	ˈlebənən	𐑤𐑧𐑚𐑩𐑯𐑪𐑯	ˈlebənən	high	
lectures	𐑤𐑧𐑒𐑗𐑩𐑟	lektʃəz	𐑤𐑧𐑒𐑗𐑼𐑟	ˈlektʃəRz	medium	r_gap:spelling=1,ipa=0; shave_says:𐑤𐑧𐑒𐑗𐑼𐑟
leer	𐑤𐑦𐑮	lɪr	𐑤𐑽	lɪəR	high	
leery	𐑤𐑦𐑮𐑦	ˈliri	𐑤𐑽𐑦	ˈlɪəri	high	
leeward	𐑤𐑦𐑢𐑼𐑛	ˈliwəRd	𐑤𐑰𐑢𐑼𐑛	ˈliːwəRd	high	
leeward	𐑤𐑵𐑼𐑛	ˈluːəRd	𐑤𐑰𐑢𐑼𐑛	ˈliːwəRd	high	
leeward	𐑤𐑿𐑼𐑛	ljuːəRd	𐑤𐑰𐑢𐑼𐑛	ˈliːwəRd	high	
left-handed	𐑤𐑧𐑓𐑑𐑣𐑨𐑯𐑛𐑩𐑛	leftˈhændƏd	𐑤𐑧𐑓𐑑-𐑣𐑨𐑯𐑛𐑩𐑛	left-ˈhændƏd	high	
legal	𐑤𐑦𐑜𐑩𐑤	ˈliɡəl	𐑤𐑰𐑜𐑩𐑤	ˈliːɡəl	high	
legality	𐑤𐑦𐑜𐑨𐑤𐑦𐑑𐑦	liˈɡælɪti	𐑤𐑰𐑜𐑨𐑤𐑦𐑑𐑦	liːˈɡælɪti	high	
legato	𐑤𐑩𐑜𐑪𐑑𐑴	ləˈɡɒtoʊ	𐑤𐑦𐑜𐑭𐑑𐑴	lɪˈɡɑːtəʊ	high	
legendary	𐑤𐑧𐑡𐑩𐑯𐑛𐑧𐑮𐑦	ˈledʒənˌderi	𐑤𐑧𐑡𐑩𐑯𐑛𐑼𐑦	ˈledʒəndəri	high	
legendary	𐑤𐑧𐑡𐑩𐑯𐑛𐑮𐑦	ledʒəndri	𐑤𐑧𐑡𐑩𐑯𐑛𐑼𐑦	ˈledʒəndəri	high	
leghorn	𐑤𐑧𐑜𐑣𐑹𐑯	leɡhɔːRn	𐑤𐑧𐑜𐑹𐑯	leˈɡɔːRn	high	
legion	𐑤𐑦𐑡𐑩𐑯	ˈlidʒən	𐑤𐑰𐑡𐑩𐑯	ˈliːdʒən	high	
legionary	𐑤𐑦𐑡𐑩𐑯𐑧𐑮𐑦	ˈlidʒəˌneri	𐑤𐑰𐑡𐑩𐑯𐑼𐑦	ˈliːdʒənəri	high	
legionary	𐑤𐑰𐑡𐑩𐑯𐑮𐑦	liːdʒənri	𐑤𐑰𐑡𐑩𐑯𐑼𐑦	ˈliːdʒənəri	high	
legislation	𐑤𐑧𐑡𐑕𐑤𐑱𐑖𐑩𐑯	ˌledʒˈsleɪʃən	𐑤𐑧𐑡𐑦𐑕𐑤𐑱𐑖𐑩𐑯	ˌledʒɪsˈleɪʃən	high	
legislation	𐑤𐑧𐑡𐑩𐑕𐑤𐑱𐑖𐑩𐑯	ˌledʒəˈsleɪʃən	𐑤𐑧𐑡𐑦𐑕𐑤𐑱𐑖𐑩𐑯	ˌledʒɪsˈleɪʃən	high	
legislative	𐑤𐑧𐑡𐑦𐑕𐑤𐑱𐑑𐑦𐑝	ˈledʒɪˌsleɪtɪv	𐑤𐑧𐑡𐑦𐑕𐑤𐑩𐑑𐑦𐑝	ˈledʒɪslətɪv	high	
legislative	𐑤𐑧𐑡𐑩𐑕𐑤𐑱𐑑𐑦𐑝	ˈledʒəˌsleɪtɪv	𐑤𐑧𐑡𐑦𐑕𐑤𐑩𐑑𐑦𐑝	ˈledʒɪslətɪv	high	
legislature	𐑤𐑧𐑡𐑦𐑕𐑤𐑩𐑗𐑫𐑼	ledʒɪslətʃʊəR	𐑤𐑧𐑡𐑦𐑕𐑤𐑱𐑗𐑼	ˈledʒɪsleɪtʃəR	high	
legislature	𐑤𐑧𐑡𐑦𐑕𐑤𐑩𐑗𐑼	ledʒɪslətʃəR	𐑤𐑧𐑡𐑦𐑕𐑤𐑱𐑗𐑼	ˈledʒɪsleɪtʃəR	high	
leicestershire	𐑤𐑧𐑕𐑑𐑼𐑖𐑼	lestərʃər	𐑤𐑧𐑕𐑑𐑩𐑖𐑼	ˈlestəRʃəR	high	
leiden	𐑤𐑱𐑛𐑩𐑯	ˈleɪdən	𐑤𐑲𐑛𐑩𐑯	ˈlaɪdən	high	
leisurely	𐑤𐑦𐑠𐑼𐑤𐑦	ˈliʒəRli	𐑤𐑧𐑠𐑼𐑤𐑦	ˈleʒəRli	high	
leix	𐑤𐑦𐑖	liʃ	𐑤𐑰𐑖	liːʃ	high	
leix	𐑤𐑱𐑒𐑕	leɪks	𐑤𐑰𐑖	liːʃ	high	
leix	𐑤𐑱𐑖	leɪʃ	𐑤𐑰𐑖	liːʃ	high	
lengthening	𐑤𐑧𐑙𐑒𐑔𐑩𐑯𐑦𐑙	ˈleŋkθənɪŋ	𐑤𐑧𐑙𐑔𐑩𐑯𐑦𐑙	ˈleŋθənɪŋ	high	
lengthening	𐑤𐑧𐑙𐑒𐑔𐑯𐑦𐑙	ˈleŋkθnɪŋ	𐑤𐑧𐑙𐑔𐑩𐑯𐑦𐑙	ˈleŋθənɪŋ	high	
leominster	𐑤𐑧𐑥𐑩𐑯𐑕𐑑𐑼	ˈlemənstər	𐑤𐑧𐑥𐑕𐑑𐑼	ˈlemstəR	high	
leon	𐑤𐑦𐑪𐑯	ˈliɒn	𐑤𐑰𐑪𐑯	ˈliːɒn	high	
leon	𐑤𐑰𐑩𐑯	ˈliːən	𐑤𐑰𐑪𐑯	ˈliːɒn	high	
leonine	-𐑯𐑦𐑯	-nɪn	𐑤𐑾𐑯𐑲𐑯	ˈlɪənaɪn	high	
leonine	𐑤𐑦𐑩𐑯𐑲𐑯	ˈliəˌnaɪn	𐑤𐑾𐑯𐑲𐑯	ˈlɪənaɪn	high	
leonine	𐑤𐑰𐑩𐑯𐑲𐑯	ˈliːənaɪn	𐑤𐑾𐑯𐑲𐑯	ˈlɪənaɪn	high	
leprechaun	𐑤𐑧𐑐𐑮𐑩𐑒𐑪𐑯	ˈleprəˌkɒn	𐑤𐑧𐑐𐑮𐑩𐑒𐑷𐑯	ˈleprəkɔːn	high	
lesbian	𐑤𐑧𐑟𐑚𐑦𐑩𐑯	ˈlezbiən	𐑤𐑧𐑟𐑚𐑾𐑯	ˈlezbɪən	high	
lessor	𐑤𐑧𐑕𐑼	ˈlesəR	𐑤𐑧𐑕𐑹	ˈlesɔːR	high	
let-down	𐑤𐑧𐑑𐑛𐑬𐑯	ˈletdaʊn	𐑤𐑧𐑑-𐑛𐑬𐑯	ˈlet-daʊn	high	
lethargic	𐑤𐑩𐑔𐑸𐑡𐑦𐑒	ləˈθɑːRdʒɪk	𐑤𐑦𐑔𐑸𐑡𐑦𐑒	lɪˈθɑːRdʒɪk	high	
letter	-𐑑𐑼	-təR	𐑤𐑧𐑑𐑼	ˈletəR	high	
levant	𐑤𐑦𐑝𐑪𐑯𐑑	lɪˈvɒnt	𐑤𐑩𐑝𐑨𐑯𐑑	ləˈvænt	high	
levant	𐑤𐑩𐑝𐑪𐑯𐑑	ləˈvɒnt	𐑤𐑩𐑝𐑨𐑯𐑑	ləˈvænt	high	
levee	𐑤𐑧𐑝𐑱	ˈleveɪ	𐑤𐑧𐑝𐑦	ˈlevi	high	
levee	𐑤𐑩𐑝𐑦	ləˈvi	𐑤𐑧𐑝𐑦	ˈlevi	high	
levee	𐑤𐑩𐑝𐑱	ləˈveɪ	𐑤𐑧𐑝𐑦	ˈlevi	high	
lever	𐑤𐑦𐑝𐑼	ˈlivəR	𐑤𐑰𐑝𐑼	ˈliːvəR	high	
lever	𐑤𐑧𐑝𐑼	ˈlevəR	𐑤𐑰𐑝𐑼	ˈliːvəR	high	
leviathan	𐑤𐑩𐑝𐑲𐑩𐑔𐑩𐑯	ləˈvaɪəθən	𐑤𐑦𐑝𐑲𐑩𐑔𐑩𐑯	lɪˈvaɪəθən	high	
lexicography	-𐑕𐑩-	-sə-	𐑤𐑧𐑒𐑕𐑦𐑒𐑪𐑜𐑮𐑩𐑓𐑦	ˌleksɪˈkɒɡrəfi	medium	r_gap:spelling=1,ipa=0
lexicon	𐑤𐑧𐑒𐑕𐑦𐑒𐑩𐑯	ˈleksɪkən	𐑤𐑧𐑒𐑕𐑦𐑒𐑪𐑯	ˈleksɪkɒn	high	
liaison	-𐑕𐑪𐑯	-ˌsɒn	𐑤𐑦𐑱𐑟𐑪𐑯	lɪˈeɪzɒn	high	
liaison	-𐑟𐑩𐑯	-zən	𐑤𐑦𐑱𐑟𐑪𐑯	lɪˈeɪzɒn	high	
liaison	-𐑟𐑪𐑯	-ˌzɒn	𐑤𐑦𐑱𐑟𐑪𐑯	lɪˈeɪzɒn	high	
liaison	𐑤𐑲𐑩𐑕𐑩𐑯	ˈlaɪəsən	𐑤𐑦𐑱𐑟𐑪𐑯	lɪˈeɪzɒn	high	
liaison	𐑤𐑲𐑱𐑟𐑪𐑯	laɪˈeɪˌzɒn	𐑤𐑦𐑱𐑟𐑪𐑯	lɪˈeɪzɒn	high	
liberalism	𐑤𐑦𐑚𐑮𐑩𐑤𐑦𐑟𐑩𐑥	ˈlɪbrəlɪzəm	𐑤𐑦𐑚𐑼𐑩𐑤𐑦𐑟𐑩𐑥	ˈlɪbərəlɪzəm	high	
liberia	𐑤𐑲𐑚𐑦𐑮𐑦𐑩	laɪˈbɪriə	𐑤𐑲𐑚𐑽𐑾	laɪˈbɪərɪə	high	
liberia	𐑤𐑲𐑚𐑽𐑦𐑩	laɪbɪəriə	𐑤𐑲𐑚𐑽𐑾	laɪˈbɪərɪə	high	
libertarian	-𐑮𐑘-	-rj-	𐑤𐑦𐑚𐑼𐑑𐑺𐑾𐑯	ˌlɪbəRˈteəriən	medium	r_gap:spelling=2,ipa=1; shave_says:𐑤𐑦𐑚𐑼𐑑𐑺𐑾𐑯
libertarian	𐑤𐑦𐑚𐑩𐑑𐑺𐑾𐑯	lɪbəteərɪən	𐑤𐑦𐑚𐑼𐑑𐑺𐑾𐑯	ˌlɪbəRˈteəriən	medium	r_gap:spelling=2,ipa=1; shave_says:𐑤𐑦𐑚𐑼𐑑𐑺𐑾𐑯
libertarian	𐑤𐑦𐑚𐑼𐑑𐑧𐑮𐑦𐑩𐑯	ˌlɪbərˈteriən	𐑤𐑦𐑚𐑼𐑑𐑺𐑾𐑯	ˌlɪbəRˈteəriən	high	
liberties	𐑤𐑦𐑚𐑦𐑑𐑦𐑟	lɪbɪtiz	𐑤𐑦𐑚𐑼𐑑𐑦𐑟	ˈlɪbəRtiz	medium	r_gap:spelling=1,ipa=0; shave_says:𐑤𐑦𐑚𐑼𐑑𐑦𐑟
liberties	𐑤𐑦𐑚𐑩𐑑𐑦𐑟	lɪbətiz	𐑤𐑦𐑚𐑼𐑑𐑦𐑟	ˈlɪbəRtiz	medium	r_gap:spelling=1,ipa=0; shave_says:𐑤𐑦𐑚𐑼𐑑𐑦𐑟
libertine	𐑤𐑦𐑚𐑩𐑑𐑰𐑯	lɪbətiːn	𐑤𐑦𐑚𐑼𐑑𐑰𐑯	ˈlɪbəRtiːn	medium	r_gap:spelling=1,ipa=0; shave_says:𐑤𐑦𐑚𐑼𐑑𐑰𐑯
libertine	𐑤𐑦𐑚𐑼𐑑𐑦𐑯	ˈlɪbəRtin	𐑤𐑦𐑚𐑼𐑑𐑰𐑯	ˈlɪbəRtiːn	high	
liberty	𐑤𐑦𐑚𐑦𐑑𐑦	lɪbɪti	𐑤𐑦𐑚𐑼𐑑𐑦	ˈlɪbəRti	medium	r_gap:spelling=1,ipa=0; shave_says:𐑤𐑦𐑚𐑼𐑑𐑦
liberty	𐑤𐑦𐑚𐑩𐑑𐑦	lɪbəti	𐑤𐑦𐑚𐑼𐑑𐑦	ˈlɪbəRti	medium	r_gap:spelling=1,ipa=0; shave_says:𐑤𐑦𐑚𐑼𐑑𐑦
libido	𐑤𐑦-	lɪˈ-	𐑤𐑦𐑚𐑰𐑛𐑴	lɪˈbiːdəʊ	high	
libido	𐑤𐑩𐑚𐑦𐑛𐑴	ləˈbidoʊ	𐑤𐑦𐑚𐑰𐑛𐑴	lɪˈbiːdəʊ	high	
librarian	𐑤𐑲𐑚𐑮𐑧𐑮𐑦𐑩𐑯	laɪˈbreriən	𐑤𐑲𐑚𐑮𐑺𐑾𐑯	laɪˈbreərɪən	high	
library	𐑤𐑲𐑚𐑮𐑦	laɪbri	𐑤𐑲𐑚𐑮𐑼𐑦	ˈlaɪbrəri	medium	r_gap:spelling=2,ipa=1; shave_says:𐑤𐑲𐑚𐑮𐑼𐑦
library	𐑤𐑲𐑚𐑮𐑧𐑮𐑦	ˈlaɪˌbreri	𐑤𐑲𐑚𐑮𐑼𐑦	ˈlaɪbrəri	high	
libre	𐑤𐑦𐑚𐑮𐑩	ˈlibrə	𐑤𐑰𐑚𐑮𐑩	ˈliːbrə	high	
libre	𐑤𐑦𐑚𐑮𐑱	ˈlibreɪ	𐑤𐑰𐑚𐑮𐑩	ˈliːbrə	high	
libre	𐑤𐑰𐑚𐑮𐑱	liːbreɪ	𐑤𐑰𐑚𐑮𐑩	ˈliːbrə	high	
libre	𐑤𐑰𐑚𐑮𐑼	liːbrəR	𐑤𐑰𐑚𐑮𐑩	ˈliːbrə	high	
lido	𐑤𐑲𐑛𐑴	ˈlaɪdəʊ	𐑤𐑰𐑛𐑴	ˈliːdəʊ	high	
lieder	𐑤𐑦𐑛𐑼	ˈlidəR	𐑤𐑰𐑛𐑼	ˈliːdəR	high	
lieutenant	𐑤𐑘𐑫𐑑𐑧𐑯𐑩𐑯𐑑	ljuˈtenənt	𐑤𐑧𐑓𐑑𐑧𐑯𐑩𐑯𐑑	lefˈtenənt	high	
light	𐑤𐑩𐑘𐑑	ləjt	𐑤𐑲𐑑	laɪt	high	
light	𐑤𐑳𐑦𐑑	lʌɪt	𐑤𐑲𐑑	laɪt	high	
lighting	-𐑑𐑦𐑙	-tɪŋ	𐑤𐑲𐑑𐑦𐑙	ˈlaɪtɪŋ	high	
lilac	𐑤𐑲𐑤𐑨𐑒	ˈlaɪlæk	𐑤𐑲𐑤𐑩𐑒	ˈlaɪlək	high	
lilac	𐑤𐑲𐑤𐑪𐑒	ˈlaɪlɒk	𐑤𐑲𐑤𐑩𐑒	ˈlaɪlək	high	
lille	𐑤𐑦𐑤	lil	𐑤𐑰𐑤	liːl	high	
lilliputian	𐑤𐑦𐑤𐑦𐑐𐑘𐑫𐑖𐑩𐑯	ˌlɪlɪˈpjuʃən	𐑤𐑦𐑤𐑦𐑐𐑿𐑖𐑩𐑯	ˌlɪlɪˈpjuːʃən	high	
limes	𐑤𐑳𐑦𐑥𐑟	lʌɪmz	𐑤𐑲𐑥𐑟	laɪmz	high	
limes	𐑤𐑳𐑦𐑥𐑰𐑟	ˈlʌɪmiːz	𐑤𐑲𐑥𐑟	laɪmz	high	
lincolnshire	𐑤𐑦𐑙𐑒𐑩𐑯𐑖𐑦𐑮	ˈlɪŋkənˌʃɪr	𐑤𐑦𐑙𐑒𐑩𐑯𐑖𐑼	ˈlɪŋkənʃəR	high	
lincolnshire	𐑤𐑦𐑙𐑒𐑩𐑯𐑖𐑽	lɪŋkənʃɪəR	𐑤𐑦𐑙𐑒𐑩𐑯𐑖𐑼	ˈlɪŋkənʃəR	high	
lineal	𐑤𐑦𐑯𐑦𐑩𐑤	ˈlɪniəl	𐑤𐑦𐑯𐑾𐑤	ˈlɪnɪəl	high	
lineal	𐑤𐑦𐑯𐑰𐑩𐑤	ˈlɪniːəl	𐑤𐑦𐑯𐑾𐑤	ˈlɪnɪəl	high	
lineament	𐑤𐑦𐑯𐑦𐑩𐑥𐑩𐑯𐑑	ˈlɪniəmənt	𐑤𐑦𐑯𐑾𐑥𐑩𐑯𐑑	ˈlɪnɪəmənt	high	
linear	𐑤𐑦𐑯𐑦𐑼	lɪniəR	𐑤𐑦𐑯𐑽	ˈlɪnɪəR	high	
lingerie	𐑤𐑪𐑯𐑠𐑼𐑦	ˈlɒnʒəri	𐑤𐑪𐑯𐑡𐑼𐑱	ˈlɒndʒəreɪ	high	
lingerie	𐑤𐑪𐑯𐑠𐑼𐑱	ˌlɒnʒəˈreɪ	𐑤𐑪𐑯𐑡𐑼𐑱	ˈlɒndʒəreɪ	high	
lingerie	𐑤𐑪𐑯𐑡𐑼𐑦	lɒndʒəri	𐑤𐑪𐑯𐑡𐑼𐑱	ˈlɒndʒəreɪ	high	
lingual	𐑤𐑦𐑙𐑜𐑘𐑫𐑩𐑤	ˈlɪŋɡjuəl	𐑤𐑦𐑙𐑜𐑢𐑩𐑤	ˈlɪŋɡwəl	high	
linguistically	𐑤𐑦𐑙𐑜𐑢𐑦𐑕𐑑𐑦𐑒𐑩𐑤𐑦	lɪŋˈɡwɪstɪkəli	𐑤𐑦𐑙𐑜𐑢𐑦𐑕𐑑𐑦𐑒𐑤𐑦	lɪŋˈɡwɪstɪkli	high	
linocut	𐑤𐑲𐑯𐑴𐑒𐑩𐑑	ˈlaɪnoʊˌkət	𐑤𐑲𐑯𐑴𐑒𐑳𐑑	ˈlaɪnəʊkʌt	high	
linocut	𐑤𐑳𐑦𐑯𐑴𐑒𐑳𐑑	ˈlʌɪnəʊkʌt	𐑤𐑲𐑯𐑴𐑒𐑳𐑑	ˈlaɪnəʊkʌt	high	
linoleum	𐑤𐑦𐑯𐑴𐑤𐑦𐑩𐑥	lɪˈnəʊliəm	𐑤𐑦𐑯𐑴𐑤𐑾𐑥	lɪˈnəʊlɪəm	high	
liqueur	𐑤𐑦𐑒𐑘𐑫𐑮	lɪˈkjur	𐑤𐑦𐑒𐑘𐑫𐑼	lɪˈkjʊəR	high	
liqueur	𐑤𐑦𐑒𐑘𐑷	lɪkjɔː	𐑤𐑦𐑒𐑘𐑫𐑼	lɪˈkjʊəR	medium	r_gap:spelling=1,ipa=0; shave_says:𐑤𐑦𐑒𐑘𐑫𐑼
liqueur	𐑤𐑦𐑒𐑘𐑹	lɪˈkjɔːR	𐑤𐑦𐑒𐑘𐑫𐑼	lɪˈkjʊəR	high	
liqueur	𐑤𐑦𐑒𐑘𐑻	lɪˈkjɜːR	𐑤𐑦𐑒𐑘𐑫𐑼	lɪˈkjʊəR	high	
liquidate	𐑤𐑦𐑒𐑢𐑩𐑛𐑱𐑑	ˈlɪkwəˌdeɪt	𐑤𐑦𐑒𐑢𐑦𐑛𐑱𐑑	ˈlɪkwɪdeɪt	high	
lisa	𐑤𐑦𐑕𐑩	ˈlisə	𐑤𐑰𐑕𐑩	ˈliːsə	high	
lisa	𐑤𐑦𐑟𐑩	ˈlizə	𐑤𐑰𐑕𐑩	ˈliːsə	high	
lisa	𐑤𐑰𐑟𐑩	ˈliːzə	𐑤𐑰𐑕𐑩	ˈliːsə	high	
lisa	𐑤𐑲𐑟𐑩	ˈlaɪzə	𐑤𐑰𐑕𐑩	ˈliːsə	high	
listener	𐑤𐑦𐑕𐑯𐑼	lɪsnəR	𐑤𐑦𐑕𐑩𐑯𐑼	ˈlɪsənəR	high	
literacy	-𐑑𐑼𐑩-	-tərə-	𐑤𐑦𐑑𐑼𐑩𐑕𐑦	ˈlɪtərəsi	high	
literacy	𐑤𐑦𐑑𐑮𐑩𐑕𐑦	lɪtrəsi	𐑤𐑦𐑑𐑼𐑩𐑕𐑦	ˈlɪtərəsi	high	
literally	𐑤𐑦𐑑𐑮𐑩𐑤𐑦	lɪtrəli	𐑤𐑦𐑑𐑼𐑩𐑤𐑦	ˈlɪtərəli	high	
literally	𐑤𐑦𐑑𐑼𐑤𐑦	ˈlɪtərli	𐑤𐑦𐑑𐑼𐑩𐑤𐑦	ˈlɪtərəli	high	
literally	𐑤𐑦𐑗𐑮𐑩𐑤𐑦	lɪtʃrəli	𐑤𐑦𐑑𐑼𐑩𐑤𐑦	ˈlɪtərəli	high	
literary	𐑤𐑦𐑑𐑼𐑦	lɪtəri	𐑤𐑦𐑑𐑼𐑼𐑦	ˈlɪtərəri	medium	r_gap:spelling=2,ipa=1; shave_says:𐑤𐑦𐑑𐑼𐑼𐑦
literary	𐑤𐑦𐑑𐑼𐑺𐑦	ˈlɪtəreəri	𐑤𐑦𐑑𐑼𐑼𐑦	ˈlɪtərəri	high	
literati	𐑤𐑦𐑑𐑼𐑪𐑑𐑦	ˌlɪtəˈrɒti	𐑤𐑦𐑑𐑼𐑭𐑑𐑦	ˌlɪtəˈrɑːti	high	
literati	𐑤𐑦𐑑𐑼𐑭𐑑𐑰	lɪtərɑːtiː	𐑤𐑦𐑑𐑼𐑭𐑑𐑦	ˌlɪtəˈrɑːti	high	
literature	𐑤𐑦𐑑𐑮𐑩𐑗𐑼	ˈlɪtrətʃəR	𐑤𐑦𐑑𐑼𐑩𐑗𐑼	ˈlɪtərətʃəR	high	
literature	𐑤𐑦𐑑𐑼𐑗𐑼	ˈlɪtəRtʃəR	𐑤𐑦𐑑𐑼𐑩𐑗𐑼	ˈlɪtərətʃəR	high	
literature	𐑤𐑦𐑗𐑮𐑩𐑗𐑼	ˈlɪtʃrətʃəR	𐑤𐑦𐑑𐑼𐑩𐑗𐑼	ˈlɪtərətʃəR	high	
lithuania	𐑤𐑦𐑔𐑘𐑫𐑱𐑯𐑦𐑩	ˌlɪθjuˈeɪniə	𐑤𐑦𐑔𐑿𐑱𐑯𐑾	ˌlɪθjuːˈeɪnɪə	high	
lithuania	𐑤𐑦𐑔𐑢𐑱𐑯𐑦𐑩	lɪθˈweɪniə	𐑤𐑦𐑔𐑿𐑱𐑯𐑾	ˌlɪθjuːˈeɪnɪə	high	
lithuania	𐑤𐑦𐑔𐑫𐑱𐑯𐑦𐑩	ˌlɪθuˈeɪniə	𐑤𐑦𐑔𐑿𐑱𐑯𐑾	ˌlɪθjuːˈeɪnɪə	high	
lithuania	𐑤𐑦𐑞𐑘𐑫𐑱𐑯𐑦𐑩	ˌlɪðjuˈeɪniə	𐑤𐑦𐑔𐑿𐑱𐑯𐑾	ˌlɪθjuːˈeɪnɪə	high	
liturgy	𐑤𐑦𐑑𐑩𐑡𐑦	lɪtədʒi	𐑤𐑦𐑑𐑼𐑡𐑦	ˈlɪtəRdʒi	medium	r_gap:spelling=1,ipa=0; shave_says:𐑤𐑦𐑑𐑼𐑡𐑦
liverpudlian	𐑤𐑦𐑝𐑩𐑐𐑳𐑛𐑤𐑾𐑯	lɪvəpʌdlɪən	𐑤𐑦𐑝𐑼𐑐𐑳𐑛𐑤𐑾𐑯	ˌlɪvəRˈpʌdlɪən	medium	r_gap:spelling=1,ipa=0; shave_says:𐑤𐑦𐑝𐑼𐑐𐑳𐑛𐑤𐑾𐑯
liverwurst	𐑤𐑦𐑝𐑩𐑢𐑻𐑕𐑑	lɪvəwɜːRst	𐑤𐑦𐑝𐑼𐑢𐑻𐑕𐑑	ˈlɪvəRwɜːRst	medium	r_gap:spelling=2,ipa=1; shave_says:𐑤𐑦𐑝𐑼𐑢𐑻𐑕𐑑
livery	𐑤𐑦𐑝𐑮𐑦	lɪvri	𐑤𐑦𐑝𐑼𐑦	ˈlɪvəri	high	
livorno	𐑤𐑩𐑝𐑹𐑯𐑴	ləˈvɔːRnoʊ	𐑤𐑦𐑝𐑹𐑯𐑴	lɪˈvɔːRnəʊ	high	
ljubljana	𐑤𐑘𐑩𐑚𐑤𐑦𐑭𐑯𐑩	ˌljəbliˈɑːnə	𐑤𐑿𐑚𐑤𐑦𐑭𐑯𐑩	ˌljuːblɪˈɑːnə	high	
llama	𐑘𐑪𐑥𐑩	ˈjɒmə	𐑤𐑭𐑥𐑩	ˈlɑːmə	high	
llama	𐑤𐑪𐑥𐑩	ˈlɒmə	𐑤𐑭𐑥𐑩	ˈlɑːmə	high	
loam	𐑤𐑫𐑥	lum	𐑤𐑴𐑥	ləʊm	high	
loathsome	𐑤𐑴𐑔𐑕𐑩𐑥	ˈləʊθsəm	𐑤𐑴𐑞𐑕𐑩𐑥	ˈləʊðsəm	high	
lobotomy	𐑤𐑩𐑚𐑭𐑑𐑩𐑥𐑦	ləˈbɑːtəmi	𐑤𐑩𐑚𐑪𐑑𐑩𐑥𐑦	ləˈbɒtəmi	high	
localization	𐑤𐑴𐑒𐑩𐑤𐑦𐑟𐑱𐑖𐑩𐑯	ˌloʊkəlɪˈzeɪʃən	𐑤𐑴𐑒𐑩𐑤𐑲𐑟𐑱𐑖𐑩𐑯	ˌləʊkəlaɪˈzeɪʃən	high	
located	𐑤𐑩𐑒𐑱𐑑𐑩𐑛	ləˈkeɪtƏd	𐑤𐑴𐑒𐑱𐑑𐑩𐑛	ləʊˈkeɪtƏd	high	
locative	𐑤𐑴𐑒𐑩𐑑𐑦𐑝	ˈloʊkətɪv	𐑤𐑪𐑒𐑩𐑑𐑦𐑝	ˈlɒkətɪv	high	
loci	𐑤𐑴𐑒𐑲	ˈləʊkaɪ	𐑤𐑴𐑕𐑲	ˈləʊsaɪ	high	
locket	𐑤𐑪𐑒𐑦𐑑	ˈlɒkɪt	𐑤𐑪𐑒𐑩𐑑	ˈlɒkIt	high	
locum tenens	𐑤𐑴𐑒𐑩𐑥 𐑑𐑧𐑯𐑧𐑯𐑕	ˌləʊkəm ˈtenens	𐑤𐑴𐑒𐑩𐑥 𐑑𐑧𐑯𐑧𐑯𐑟	ˌləʊkəm ˈtenenz	high	
loess	𐑤𐑧𐑕	les	𐑤𐑴𐑧𐑕	ˈləʊes	high	
loess	𐑤𐑳𐑕	lʌs	𐑤𐑴𐑧𐑕	ˈləʊes	high	
loess	𐑤𐑴𐑦𐑕	ˈləʊɪs	𐑤𐑴𐑧𐑕	ˈləʊes	high	
loess	𐑤𐑴𐑩𐑕	ˈloʊəs	𐑤𐑴𐑧𐑕	ˈləʊes	high	
loess	𐑤𐑻𐑕	lɜːs	𐑤𐑴𐑧𐑕	ˈləʊes	high	
loft	𐑤𐑷𐑓𐑑	lɔːft	𐑤𐑪𐑓𐑑	lɒft	high	
lofty	𐑤𐑷𐑓𐑑𐑦	ˈlɔːfti	𐑤𐑪𐑓𐑑𐑦	ˈlɒfti	high	
log	𐑤𐑷𐑜	lɔːɡ	𐑤𐑪𐑜	lɒɡ	high	
logarithm	𐑤𐑪𐑜𐑼𐑦𐑞𐑥	ˈlɒɡərɪðm	𐑤𐑪𐑜𐑼𐑦𐑞𐑩𐑥	ˈlɒɡərɪðəm	high	
logarithm	𐑤𐑪𐑜𐑼𐑮𐑦𐑞𐑥	ˈlɒɡərrɪðm	𐑤𐑪𐑜𐑼𐑦𐑞𐑩𐑥	ˈlɒɡərɪðəm	high	
logarithm	𐑤𐑪𐑜𐑼𐑮𐑦𐑞𐑩𐑥	ˈlɒɡərrɪðəm	𐑤𐑪𐑜𐑼𐑦𐑞𐑩𐑥	ˈlɒɡərɪðəm	high	
logarithm	𐑤𐑷𐑜𐑼𐑦𐑞𐑩𐑥	lɔɡərɪðəm	𐑤𐑪𐑜𐑼𐑦𐑞𐑩𐑥	ˈlɒɡərɪðəm	high	
logarithms	𐑤𐑪𐑜𐑼𐑦𐑞𐑥𐑟	ˈlɒɡərɪðmz	𐑤𐑪𐑜𐑼𐑦𐑞𐑩𐑥𐑟	ˈlɒɡərɪðəmz	high	
logarithms	𐑤𐑪𐑜𐑼𐑮𐑦𐑞𐑥𐑟	ˈlɒɡərrɪðmz	𐑤𐑪𐑜𐑼𐑦𐑞𐑩𐑥𐑟	ˈlɒɡərɪðəmz	high	
logarithms	𐑤𐑪𐑜𐑼𐑮𐑦𐑞𐑩𐑥𐑟	ˈlɒɡərrɪðəmz	𐑤𐑪𐑜𐑼𐑦𐑞𐑩𐑥𐑟	ˈlɒɡərɪðəmz	high	
logbook	𐑤𐑷𐑜𐑚𐑫𐑒	ˈlɔːɡbʊk	𐑤𐑪𐑜𐑚𐑫𐑒	ˈlɒɡbʊk	high	
logging	𐑤𐑷𐑜𐑦𐑙	lɔːɡɪŋ	𐑤𐑪𐑜𐑦𐑙	ˈlɒɡɪŋ	high	
logos	𐑤𐑪𐑜𐑪𐑕	ˈlɒɡɒs	𐑤𐑴𐑜𐑴𐑟	ˈləʊɡəʊz	high	
logos	𐑤𐑴𐑜𐑪𐑕	ˈloʊɡɒs	𐑤𐑴𐑜𐑴𐑟	ˈləʊɡəʊz	high	
logos	𐑤𐑴𐑜𐑴𐑕	ˈloʊɡoʊs	𐑤𐑴𐑜𐑴𐑟	ˈləʊɡəʊz	high	
logos	𐑤𐑴𐑜𐑷𐑕	ˈloʊɡɔːs	𐑤𐑴𐑜𐑴𐑟	ˈləʊɡəʊz	high	
logos	𐑤𐑷𐑜𐑷𐑕	ˈlɔːɡɔːs	𐑤𐑴𐑜𐑴𐑟	ˈləʊɡəʊz	high	
logs	𐑤𐑷𐑜𐑟	lɔːɡz	𐑤𐑪𐑜𐑟	lɒɡz	high	
long	𐑤𐑷𐑙	lɔːŋ	𐑤𐑪𐑙	lɒŋ	high	
longed	𐑤𐑷𐑙𐑛	ˈlɔːŋd	𐑤𐑪𐑙𐑛	lɒŋd	high	
longer	𐑤𐑪𐑙𐑼	lɒŋəR	𐑤𐑪𐑙𐑜𐑼	ˈlɒŋɡəR	high	
longer	𐑤𐑷𐑙𐑜𐑼	ˈlɔːŋɡəR	𐑤𐑪𐑙𐑜𐑼	ˈlɒŋɡəR	high	
longer	𐑤𐑷𐑙𐑼	ˈlɔːŋəR	𐑤𐑪𐑙𐑜𐑼	ˈlɒŋɡəR	high	
longest	𐑤𐑷𐑙𐑜𐑩𐑕𐑑	ˈlɔːŋɡəst	𐑤𐑪𐑙𐑜𐑩𐑕𐑑	ˈlɒŋɡəst	high	
longevity	𐑤𐑪𐑙-	lɒŋ-	𐑤𐑪𐑯𐑡𐑧𐑝𐑦𐑑𐑦	lɒnˈdʒevɪti	high	
longevity	𐑤𐑪𐑯𐑡𐑧𐑝𐑩𐑑𐑦	lɒnˈdʒevəti	𐑤𐑪𐑯𐑡𐑧𐑝𐑦𐑑𐑦	lɒnˈdʒevɪti	high	
longhand	𐑤𐑷𐑙𐑣𐑨𐑯𐑛	lɔːŋˌhænd	𐑤𐑪𐑙𐑣𐑨𐑯𐑛	ˈlɒŋhænd	high	
longing	𐑤𐑷𐑙𐑦𐑙	ˈlɔːŋɪŋ	𐑤𐑪𐑙𐑦𐑙	ˈlɒŋɪŋ	high	
longitude	𐑤𐑪𐑯𐑡𐑩𐑑𐑫𐑛	ˈlɒndʒəˌtud	𐑤𐑪𐑯𐑡𐑦𐑑𐑵𐑛, 𐑤𐑪𐑯𐑡𐑦𐑑𐑿𐑛	ˈlɒndʒɪtjuːd	high	
longitude	𐑤𐑷𐑯𐑡𐑩𐑑𐑫𐑛	ˈlɔːndʒəˌtud	𐑤𐑪𐑯𐑡𐑦𐑑𐑵𐑛, 𐑤𐑪𐑯𐑡𐑦𐑑𐑿𐑛	ˈlɒndʒɪtjuːd	high	
longitudinal	𐑤𐑪𐑙𐑜𐑦𐑑𐑿𐑛𐑦𐑯𐑩𐑤	ˌlɒŋɡɪˈtjuːdɪnəl	𐑤𐑪𐑯𐑡𐑦𐑑𐑵𐑛𐑦𐑯𐑩𐑤, 𐑤𐑪𐑯𐑡𐑦𐑑𐑿𐑛𐑦𐑯𐑩𐑤	ˌlɒndʒɪˈtjuːdɪnəl	high	
longitudinal	𐑤𐑷𐑯𐑡𐑦𐑑𐑫𐑛𐑦𐑯𐑩𐑤	ˌlɔːndʒɪˈtudɪnəl	𐑤𐑪𐑯𐑡𐑦𐑑𐑵𐑛𐑦𐑯𐑩𐑤, 𐑤𐑪𐑯𐑡𐑦𐑑𐑿𐑛𐑦𐑯𐑩𐑤	ˌlɒndʒɪˈtjuːdɪnəl	high	
longitudinal	𐑤𐑷𐑯𐑡𐑩𐑑𐑫𐑛𐑩𐑯𐑩𐑤	ˌlɔːndʒəˈtudənəl	𐑤𐑪𐑯𐑡𐑦𐑑𐑵𐑛𐑦𐑯𐑩𐑤, 𐑤𐑪𐑯𐑡𐑦𐑑𐑿𐑛𐑦𐑯𐑩𐑤	ˌlɒndʒɪˈtjuːdɪnəl	high	
longitudinally	𐑤𐑪𐑙𐑜𐑦𐑑𐑿𐑛𐑦𐑯𐑩𐑤𐑦	ˌlɒŋɡɪˈtjuːdɪnəli	𐑤𐑪𐑯𐑡𐑦𐑑𐑵𐑛𐑦𐑯𐑩𐑤𐑦, 𐑤𐑪𐑯𐑡𐑦𐑑𐑿𐑛𐑦𐑯𐑩𐑤𐑦	ˌlɒndʒɪˈtjuːdɪnəli	high	
longitudinally	𐑤𐑪𐑯𐑡𐑩𐑑𐑵𐑛𐑩𐑯𐑩𐑤𐑦	ˌlɒndʒəˈtuːdənəli	𐑤𐑪𐑯𐑡𐑦𐑑𐑵𐑛𐑦𐑯𐑩𐑤𐑦, 𐑤𐑪𐑯𐑡𐑦𐑑𐑿𐑛𐑦𐑯𐑩𐑤𐑦	ˌlɒndʒɪˈtjuːdɪnəli	high	
loo	𐑤𐑫	lu	𐑤𐑵	luː	high	
looking-glass	𐑤𐑫𐑒𐑦𐑙 𐑜𐑤𐑨𐑕	ˈlʊkɪŋ ˌɡlæs	𐑤𐑫𐑒𐑦𐑙-𐑜𐑤𐑨𐑕, 𐑤𐑫𐑒𐑦𐑙-𐑜𐑤𐑭𐑕	ˈlʊkɪŋ-ɡlⱭːs	high	
looking-glass	𐑤𐑫𐑒𐑦𐑙 𐑜𐑤𐑭𐑕	ˈlʊkɪŋ ˌɡlɑːs	𐑤𐑫𐑒𐑦𐑙-𐑜𐑤𐑨𐑕, 𐑤𐑫𐑒𐑦𐑙-𐑜𐑤𐑭𐑕	ˈlʊkɪŋ-ɡlⱭːs	high	
loom	𐑤𐑫𐑥	lum	𐑤𐑵𐑥	luːm	high	
looming	𐑤𐑫𐑥𐑦𐑙	ˈlumɪŋ	𐑤𐑵𐑥𐑦𐑙	ˈluːmɪŋ	high	
loophole	𐑤𐑫𐑐𐑣𐑴𐑤	ˈluphoʊl	𐑤𐑵𐑐𐑣𐑴𐑤	ˈluːphəʊl	high	
looser	𐑤𐑫𐑕𐑼	ˈlusəR	𐑤𐑵𐑕𐑼	ˈluːsəR	high	
loot	𐑤𐑫𐑑	lut	𐑤𐑵𐑑	luːt	high	
looter	𐑤𐑫𐑑𐑼	ˈlutəR	𐑤𐑵𐑑𐑼	ˈluːtəR	high	
loquacious	𐑤𐑴𐑒𐑢𐑱𐑖𐑩𐑕	ləʊˈkweɪʃəs	𐑤𐑩𐑒𐑢𐑱𐑖𐑩𐑕	ləˈkweɪʃəs	high	
loquacity	𐑤𐑴𐑒𐑢𐑨𐑕𐑦𐑑𐑦	loʊˈkwæsɪti	𐑤𐑩𐑒𐑢𐑨𐑕𐑦𐑑𐑦	ləˈkwæsɪti	high	
lore	𐑤𐑪𐑮	lor	𐑤𐑹	lɔːR	high	
lorry	𐑤𐑳𐑮𐑦	lʌri	𐑤𐑪𐑮𐑦	ˈlɒri	medium	r_gap:spelling=2,ipa=1; shave_says:𐑤𐑪𐑮𐑦
lorry	𐑤𐑹𐑦	ˈlɔːRi	𐑤𐑪𐑮𐑦	ˈlɒri	medium	r_gap:spelling=2,ipa=1
los angeles	𐑤𐑪𐑕 𐑨𐑯𐑡𐑦𐑤𐑩𐑟	lɒs ˈændʒɪlƏz	𐑤𐑪𐑕 𐑨𐑯𐑡𐑩𐑤𐑰𐑟	lɒs ˈændʒɪliːz	high	
los angeles	𐑤𐑪𐑕 𐑨𐑯𐑡𐑦𐑤𐑰𐑟	lɒs ˈændʒɪliːz	𐑤𐑪𐑕 𐑨𐑯𐑡𐑩𐑤𐑰𐑟	lɒs ˈændʒɪliːz	high	
los angeles	𐑤𐑴𐑕 𐑨𐑙𐑜𐑩𐑤𐑩𐑕	loʊs ˈæŋɡələs	𐑤𐑪𐑕 𐑨𐑯𐑡𐑩𐑤𐑰𐑟	lɒs ˈændʒɪliːz	high	
los angeles	𐑤𐑷𐑕 𐑨𐑙𐑜𐑩𐑤𐑩𐑕	lɔːs ˈæŋɡələs	𐑤𐑪𐑕 𐑨𐑯𐑡𐑩𐑤𐑰𐑟	lɒs ˈændʒɪliːz	high	
los angeles	𐑤𐑷𐑕 𐑨𐑯𐑡𐑩𐑤𐑩𐑕	lɔːs ˈændʒələs	𐑤𐑪𐑕 𐑨𐑯𐑡𐑩𐑤𐑰𐑟	lɒs ˈændʒɪliːz	high	
loser	𐑤𐑫𐑟𐑼	luzəR	𐑤𐑵𐑟𐑼	ˈluːzəR	high	
loss	𐑤𐑷𐑕	lɔːs	𐑤𐑪𐑕	lɒs	high	
lost	𐑤𐑷𐑕𐑑	lɔst	𐑤𐑪𐑕𐑑	lɒst	high	
lot	𐑤𐑷𐑑	lɔt	𐑤𐑪𐑑	lɒt	high	
loth	𐑤𐑴𐑑	ləʊt	𐑤𐑴𐑔	ləʊθ	high	
lothian	𐑤𐑴𐑞𐑦𐑩𐑯	ˈləʊðiən	𐑤𐑴𐑞𐑾𐑯	ˈləʊðɪən	high	
lottery	𐑤𐑪𐑑𐑮𐑦	lɒtri	𐑤𐑪𐑑𐑼𐑦	ˈlɒtəri	high	
lough	𐑤𐑪𐑓	lɒf	𐑤𐑪𐑒	lɒk	high	
louis	𐑤𐑫𐑦𐑕	ˈluɪs	𐑤𐑵𐑦	ˈluːi	high	
louis	𐑤𐑫𐑩𐑕	ˈluəs	𐑤𐑵𐑦	ˈluːi	high	
lour	𐑤𐑬𐑮	ˈlaʊr	𐑤𐑬𐑼	ˈlaʊəR	high	
lovecraft	𐑤𐑳𐑝𐑒𐑮𐑨𐑓𐑑	ˈlʌvˌkræft	𐑤𐑳𐑝𐑒𐑮𐑭𐑓𐑑	ˈlʌvkrɑːft	high	
low-down	𐑤𐑴𐑛𐑬𐑯	ˈləʊdaʊn	𐑤𐑴-𐑛𐑬𐑯	ləʊ-ˈdaʊn	high	
lowering	𐑤𐑴𐑮𐑦𐑙	ˈloʊrɪŋ	𐑤𐑬𐑼𐑦𐑙, 𐑤𐑴𐑼𐑦𐑙	ˈlaʊərɪŋ	high	
lowest	𐑤𐑴𐑦𐑕𐑑	ˈləʊɪst	𐑤𐑴𐑩𐑕𐑑	ˈləʊəst	high	
lubricant	𐑤𐑫𐑚𐑮𐑩𐑒𐑩𐑯𐑑	ˈlubrəkənt	𐑤𐑵𐑚𐑮𐑦𐑒𐑩𐑯𐑑	ˈluːbrɪkənt	high	
lubricant	𐑤𐑿𐑚𐑮𐑦𐑒𐑩𐑯𐑑	ljuːbrɪkənt	𐑤𐑵𐑚𐑮𐑦𐑒𐑩𐑯𐑑	ˈluːbrɪkənt	high	
lucent	𐑤𐑫𐑕𐑩𐑯𐑑	ˈlusənt	𐑤𐑵𐑕𐑩𐑯𐑑	ˈluːsənt	high	
lucent	𐑤𐑿𐑕𐑯𐑑	ˈljuːsnt	𐑤𐑵𐑕𐑩𐑯𐑑	ˈluːsənt	high	
lucrative	𐑤𐑫𐑒𐑮𐑩𐑑𐑦𐑝	ˈlukrətɪv	𐑤𐑵𐑒𐑮𐑩𐑑𐑦𐑝	ˈluːkrətɪv	high	
lucre	𐑤𐑿𐑒𐑼	ljuːkəR	𐑤𐑵𐑒𐑼	ˈluːkəR	high	
luddite	𐑤𐑳𐑑𐑲𐑑	ˈlʌtaɪt	𐑤𐑳𐑛𐑲𐑑	ˈlʌdaɪt	high	
ludicrous	𐑤𐑿𐑛𐑦𐑒𐑮𐑩𐑕	ljuːdɪkrəs	𐑤𐑵𐑛𐑦𐑒𐑮𐑩𐑕	ˈluːdɪkrəs	high	
luge	𐑤𐑫𐑠	luʒ	𐑤𐑵𐑠	luːʒ	high	
luge	𐑤𐑵𐑡	luːdʒ	𐑤𐑵𐑠	luːʒ	high	
lugubrious	𐑤𐑩𐑜𐑘𐑫𐑚𐑮𐑦𐑩𐑕	ləˈɡjubriəs	𐑤𐑩𐑜𐑵𐑚𐑮𐑾𐑕	ləˈɡuːbrɪəs	high	
lugubrious	𐑤𐑫𐑜𐑿𐑚𐑮𐑦𐑩𐑕	lʊɡjuːbriəs	𐑤𐑩𐑜𐑵𐑚𐑮𐑾𐑕	ləˈɡuːbrɪəs	high	
lugubrious	𐑤𐑵𐑜𐑿𐑚𐑮𐑦𐑩𐑕	luːɡjuːbriəs	𐑤𐑩𐑜𐑵𐑚𐑮𐑾𐑕	ləˈɡuːbrɪəs	high	
lukewarm	𐑤𐑫𐑒𐑢𐑹𐑥	ˌlukˈwɔːRm	𐑤𐑵𐑒𐑢𐑹𐑥	ˌluːkˈwɔːRm	high	
lumbago	𐑤𐑩𐑥-	ˌləm-	𐑤𐑳𐑥𐑚𐑱𐑜𐑴	lʌmˈbeɪɡəʊ	high	
lumbar	𐑤𐑳𐑥𐑚𐑸	lʌmbɑːR	𐑤𐑳𐑥𐑚𐑼	ˈlʌmbəR	high	
lumberjack	𐑤𐑳𐑥𐑚𐑩𐑡𐑨𐑒	lʌmbədʒæk	𐑤𐑳𐑥𐑚𐑼𐑡𐑨𐑒	ˈlʌmbəRdʒæk	medium	r_gap:spelling=1,ipa=0; shave_says:𐑤𐑳𐑥𐑚𐑼𐑡𐑨𐑒
luminary	𐑤𐑫𐑥𐑩𐑯𐑧𐑮𐑦	ˈluməˌneri	𐑤𐑵𐑥𐑦𐑯𐑼𐑦	ˈluːmɪnəri	high	
lunacy	𐑤𐑿𐑯𐑩𐑕𐑦	ˈljuːnəsi	𐑤𐑵𐑯𐑩𐑕𐑦	ˈluːnəsi	high	
lunar	𐑤𐑫𐑯𐑼	ˈlunəR	𐑤𐑵𐑯𐑼	ˈluːnəR	high	
lunar	𐑤𐑿𐑯𐑼	ljuːnəR	𐑤𐑵𐑯𐑼	ˈluːnəR	high	
lure	𐑤𐑫𐑮	lʊr	𐑤𐑫𐑼	lʊəR	high	
lurid	𐑤𐑘𐑩𐑼𐑩𐑛	ljəərƏd	𐑤𐑫𐑼𐑦𐑛	ˈlʊərɪd	medium	ml_disagrees:𐑤𐑘𐑩𐑼𐑦𐑛; shave_says:𐑤𐑫𐑼𐑦𐑛
lurid	𐑤𐑫𐑮𐑩𐑛	ˈlʊrƏd	𐑤𐑫𐑼𐑦𐑛	ˈlʊərɪd	high	
lurid	𐑤𐑹𐑩𐑛	lɔːrƏd	𐑤𐑫𐑼𐑦𐑛	ˈlʊərɪd	medium	ml_disagrees:𐑤𐑹𐑦𐑛; shave_says:𐑤𐑫𐑼𐑦𐑛
lurid	𐑤𐑻𐑩𐑛	ˈlɜːRƏd	𐑤𐑫𐑼𐑦𐑛	ˈlʊərɪd	high	
lute	𐑤𐑿𐑑	ljuːt	𐑤𐑵𐑑	luːt	high	
lutheran	𐑤𐑫𐑔𐑮𐑩𐑯	ˈluθrən	𐑤𐑵𐑔𐑼𐑩𐑯	ˈluːθərən	high	
lutheran	𐑤𐑫𐑔𐑼𐑩𐑯	ˈluθərən	𐑤𐑵𐑔𐑼𐑩𐑯	ˈluːθərən	high	
lutheran	𐑤𐑵𐑔𐑮𐑩𐑯	luːθrən	𐑤𐑵𐑔𐑼𐑩𐑯	ˈluːθərən	high	
luxe	𐑤𐑫𐑒𐑕	luks	𐑤𐑳𐑒𐑕	lʌks	high	
luxuriant	-𐑹𐑦𐑩𐑯𐑑	-ɔːriənt	𐑤𐑳𐑜𐑠𐑫𐑼𐑾𐑯𐑑	lʌɡˈʒʊərɪənt	high	
luxuriant	-𐑻𐑦𐑩𐑯𐑑	-ɜːRiənt	𐑤𐑳𐑜𐑠𐑫𐑼𐑾𐑯𐑑	lʌɡˈʒʊərɪənt	high	
luxuriant	𐑤𐑩𐑒𐑖𐑫𐑮𐑦𐑩𐑯𐑑	ləkˈʃʊriənt	𐑤𐑳𐑜𐑠𐑫𐑼𐑾𐑯𐑑	lʌɡˈʒʊərɪənt	high	
luxuriant	𐑤𐑩𐑜-	ləɡ-	𐑤𐑳𐑜𐑠𐑫𐑼𐑾𐑯𐑑	lʌɡˈʒʊərɪənt	medium	r_gap:spelling=1,ipa=0; shave_says:𐑤𐑳𐑜𐑠𐑫𐑼𐑾𐑯𐑑
luxuriant	𐑤𐑩𐑜𐑠𐑫𐑮𐑦𐑩𐑯𐑑	ləɡˈʒʊriənt	𐑤𐑳𐑜𐑠𐑫𐑼𐑾𐑯𐑑	lʌɡˈʒʊərɪənt	high	
luxuriant	𐑤𐑳𐑜𐑟𐑘𐑩𐑼𐑦𐑩𐑯𐑑	lʌɡzjəəriənt	𐑤𐑳𐑜𐑠𐑫𐑼𐑾𐑯𐑑	lʌɡˈʒʊərɪənt	high	
luxuriant	𐑤𐑳𐑜𐑠𐑫𐑼𐑦𐑩𐑯𐑑	lʌɡʒʊəriənt	𐑤𐑳𐑜𐑠𐑫𐑼𐑾𐑯𐑑	lʌɡˈʒʊərɪənt	high	
luxurious	𐑤𐑳𐑒𐑕𐑘𐑩𐑼𐑾𐑕	lʌksjəərɪəs	𐑤𐑳𐑜𐑠𐑫𐑼𐑾𐑕	lʌɡˈʒʊərɪəs	high	
luxurious	𐑤𐑳𐑒𐑖𐑫𐑮𐑦𐑩𐑕	lʌkˈʃʊriəs	𐑤𐑳𐑜𐑠𐑫𐑼𐑾𐑕	lʌɡˈʒʊərɪəs	high	
luxurious	𐑤𐑳𐑒𐑖𐑻𐑦𐑩𐑕	lʌkˈʃɜːRiəs	𐑤𐑳𐑜𐑠𐑫𐑼𐑾𐑕	lʌɡˈʒʊərɪəs	high	
luxurious	𐑤𐑳𐑜𐑟𐑘𐑩𐑼𐑾𐑕	lʌɡzjəərɪəs	𐑤𐑳𐑜𐑠𐑫𐑼𐑾𐑕	lʌɡˈʒʊərɪəs	high	
luxurious	𐑤𐑳𐑜𐑠𐑫𐑮𐑦𐑩𐑕	lʌɡˈʒʊriəs	𐑤𐑳𐑜𐑠𐑫𐑼𐑾𐑕	lʌɡˈʒʊərɪəs	high	
luxurious	𐑤𐑳𐑜𐑠𐑻𐑦𐑩𐑕	lʌɡˈʒɜːRiəs	𐑤𐑳𐑜𐑠𐑫𐑼𐑾𐑕	lʌɡˈʒʊərɪəs	high	
luxury	𐑤𐑳𐑜𐑠𐑼𐑦	ˈlʌɡʒəri	𐑤𐑳𐑒𐑖𐑼𐑦	ˈlʌkʃəri	high	
lychee	𐑤𐑦𐑗𐑦	ˈlitʃi	𐑤𐑲𐑗𐑰	ˈlaɪtʃiː	high	
lyre	𐑤𐑲𐑮	laɪr	𐑤𐑲𐑼	ˈlaɪəR	high	
ma'am	𐑥𐑭𐑥	mɑːm	𐑥𐑨𐑥	mæm	high	
ma'am	𐑥𐑺𐑥	meəm	𐑥𐑨𐑥	mæm	high	
macabre	𐑥𐑩𐑒𐑪𐑚	məˈkɒb	𐑥𐑩𐑒𐑭𐑚𐑮𐑩	məˈkɑːbrə	medium	r_gap:spelling=1,ipa=0
macabre	𐑥𐑩𐑒𐑪𐑚𐑮𐑩	ˌməˈkɒbrə	𐑥𐑩𐑒𐑭𐑚𐑮𐑩	məˈkɑːbrə	high	
macabre	𐑥𐑩𐑒𐑪𐑚𐑼	ˌməˈkɒbəR	𐑥𐑩𐑒𐑭𐑚𐑮𐑩	məˈkɑːbrə	high	
macabre	𐑥𐑩𐑒𐑭𐑚𐑮𐑼	məkɑːbrəR	𐑥𐑩𐑒𐑭𐑚𐑮𐑩	məˈkɑːbrə	high	
macabre	𐑥𐑩𐑒𐑭𐑚𐑼	məkɑːbəR	𐑥𐑩𐑒𐑭𐑚𐑮𐑩	məˈkɑːbrə	high	
macaron	𐑥𐑪𐑒𐑼𐑴𐑯	mɒkəˈroʊn	𐑥𐑨𐑒𐑼𐑪𐑯	ˈmækərɒn	high	
macaw	𐑥𐑩𐑒𐑪	məˈkɒ	𐑥𐑩𐑒𐑷	məˈkɔː	high	
macedonia	𐑥𐑨𐑕𐑩𐑛𐑴𐑯𐑘𐑩	ˌmæsəˈdoʊnjə	𐑥𐑨𐑕𐑦𐑛𐑴𐑯𐑾	ˌmæsɪˈdəʊnɪə	high	
macedonia	𐑥𐑨𐑕𐑩𐑛𐑴𐑯𐑦𐑩	ˌmæsəˈdoʊniə	𐑥𐑨𐑕𐑦𐑛𐑴𐑯𐑾	ˌmæsɪˈdəʊnɪə	high	
macedonia	𐑥𐑨𐑕𐑩𐑛𐑴𐑯𐑾	ˌmæsəˈdəʊnɪə	𐑥𐑨𐑕𐑦𐑛𐑴𐑯𐑾	ˌmæsɪˈdəʊnɪə	high	
macedonian	𐑥𐑨𐑕𐑩𐑛𐑴𐑯𐑦𐑩𐑯	mæsəˈdəʊniən	𐑥𐑨𐑕𐑦𐑛𐑴𐑯𐑾𐑯	ˌmæsɪˈdəʊnɪən	high	
machiavellian	𐑥𐑨𐑒𐑘𐑩𐑝𐑧𐑤𐑦𐑩𐑯	ˌmækjəˈveliən	𐑥𐑨𐑒𐑾𐑝𐑧𐑤𐑾𐑯	ˌmækɪəˈvelɪən	high	
machiavellian	𐑥𐑨𐑒𐑦𐑩𐑝𐑧𐑤𐑦𐑩𐑯	ˌmækiəˈveliən	𐑥𐑨𐑒𐑾𐑝𐑧𐑤𐑾𐑯	ˌmækɪəˈvelɪən	high	
machiavellian	𐑥𐑪𐑒𐑦𐑩𐑝𐑧𐑤𐑦𐑩𐑯	ˌmɒkiəˈveliən	𐑥𐑨𐑒𐑾𐑝𐑧𐑤𐑾𐑯	ˌmækɪəˈvelɪən	high	
machines	𐑥𐑩𐑖𐑦𐑯𐑟	məˈʃinz	𐑥𐑩𐑖𐑰𐑯𐑟	məˈʃiːnz	high	
machismo	𐑥𐑨𐑗𐑦𐑟𐑥𐑴	mæˈtʃɪzməʊ	𐑥𐑩𐑗𐑦𐑟𐑥𐑴	məˈtʃɪzməʊ	high	
machismo	𐑥𐑩𐑒𐑦𐑟𐑥𐑴	məˈkɪzməʊ	𐑥𐑩𐑗𐑦𐑟𐑥𐑴	məˈtʃɪzməʊ	high	
machismo	𐑥𐑭𐑗𐑦𐑟𐑥𐑴	mɑːˈtʃizmoʊ	𐑥𐑩𐑗𐑦𐑟𐑥𐑴	məˈtʃɪzməʊ	high	
macquarie	𐑥𐑩𐑒𐑢𐑸𐑦	məkwɑːri	𐑥𐑩𐑒𐑢𐑪𐑮𐑦	məˈkwɒri	high	
macquarie	𐑥𐑩𐑒𐑢𐑹𐑦	məkwɔːri	𐑥𐑩𐑒𐑢𐑪𐑮𐑦	məˈkwɒri	high	
macrocosm	𐑥𐑨𐑒𐑮𐑩𐑒𐑪𐑟𐑩𐑥	ˈmækrəˌkɒzəm	𐑥𐑨𐑒𐑮𐑴𐑒𐑪𐑟𐑩𐑥	ˈmækrəʊkɒzəm	high	
macroeconomic	𐑥𐑨𐑒𐑮𐑴𐑧𐑒𐑩𐑯𐑭𐑥𐑦𐑒	ˌmækroʊˌekəˈnɑːmɪk	𐑥𐑨𐑒𐑮𐑴𐑰𐑒𐑩𐑯𐑪𐑥𐑦𐑒	ˌmækrəʊiːkəˈnɒmɪk	high	
macron	𐑥𐑱𐑒𐑮𐑪𐑯	meɪkrɒn	𐑥𐑨𐑒𐑮𐑪𐑯	ˈmækrɒn	high	
madagascar	-𐑸	-ɑːR	𐑥𐑨𐑛𐑩𐑜𐑨𐑕𐑒𐑼	ˌmædəˈɡæskəR	high	
madagascar	𐑥𐑨𐑛𐑩𐑜𐑨𐑕𐑒𐑸	mædəˈɡæskɑːR	𐑥𐑨𐑛𐑩𐑜𐑨𐑕𐑒𐑼	ˌmædəˈɡæskəR	high	
madame	𐑥𐑨𐑛𐑨𐑥	mæˈdæm	𐑥𐑩𐑛𐑨𐑥, 𐑥𐑩𐑛𐑭𐑥	məˈdⱭːm	high	
madame	𐑥𐑨𐑛𐑩𐑥	ˈmædəm	𐑥𐑩𐑛𐑨𐑥, 𐑥𐑩𐑛𐑭𐑥	məˈdⱭːm	high	
madame	𐑥𐑨𐑛𐑪𐑥	mæˈdɒm	𐑥𐑩𐑛𐑨𐑥, 𐑥𐑩𐑛𐑭𐑥	məˈdⱭːm	high	
madame	𐑥𐑩𐑛𐑪𐑥	məˈdɒm	𐑥𐑩𐑛𐑨𐑥, 𐑥𐑩𐑛𐑭𐑥	məˈdⱭːm	high	
madder	𐑥𐑨𐑑𐑼	ˈmætəR	𐑥𐑨𐑛𐑼	ˈmædəR	high	
made	𐑥𐑧𐑦𐑛	meid	𐑥𐑱𐑛	meɪd	high	
madeleine	𐑥𐑨𐑛𐑩𐑤𐑧𐑯	ˈmadəlen	𐑥𐑨𐑛𐑩𐑤𐑦𐑯	ˈmædəlɪn	high	
madeleine	𐑥𐑨𐑛𐑩𐑤𐑩𐑯	ˈmædələn	𐑥𐑨𐑛𐑩𐑤𐑦𐑯	ˈmædəlɪn	high	
madeleine	𐑥𐑨𐑛𐑩𐑤𐑱𐑯	ˌmædəˈleɪn	𐑥𐑨𐑛𐑩𐑤𐑦𐑯	ˈmædəlɪn	high	
madman	𐑥𐑨𐑛𐑥𐑨𐑯	ˈmædˌmæn	𐑥𐑨𐑛𐑥𐑩𐑯	ˈmædmən	high	
madness	𐑥𐑨𐑛𐑯𐑦𐑕	ˈmædnɪs	𐑥𐑨𐑛𐑯𐑩𐑕	ˈmædnəs	high	
maecenas	𐑥𐑳𐑦𐑕𐑰𐑯𐑩𐑕	mʌɪˈsiːnəs	𐑥𐑲𐑕𐑰𐑯𐑩𐑕	maɪˈsiːnəs	high	
maelstrom	-𐑕𐑑𐑮𐑩𐑥	-ˌstrəm	𐑥𐑱𐑤𐑕𐑑𐑮𐑩𐑥	ˈmeɪlstrəm	high	
maelstrom	-𐑕𐑑𐑮𐑪𐑥	-strɒm	𐑥𐑱𐑤𐑕𐑑𐑮𐑩𐑥	ˈmeɪlstrəm	high	
maelstrom	-𐑟𐑑𐑮𐑩𐑥	-ˌztrəm	𐑥𐑱𐑤𐑕𐑑𐑮𐑩𐑥	ˈmeɪlstrəm	high	
maelstrom	-𐑟𐑑𐑮𐑷𐑥	-ˌztrɔːm	𐑥𐑱𐑤𐑕𐑑𐑮𐑩𐑥	ˈmeɪlstrəm	high	
maelstrom	𐑥𐑨𐑤𐑕𐑑𐑮𐑩𐑥	ˈmælˌstrəm	𐑥𐑱𐑤𐑕𐑑𐑮𐑩𐑥	ˈmeɪlstrəm	high	
maelstrom	𐑥𐑱𐑤𐑕𐑑𐑮𐑷𐑥	ˈmeɪlˌstrɔːm	𐑥𐑱𐑤𐑕𐑑𐑮𐑩𐑥	ˈmeɪlstrəm	high	
maenad	𐑥𐑦𐑯𐑨𐑛	ˈmiˌnæd	𐑥𐑰𐑯𐑨𐑛	ˈmiːnæd	high	
maenad	𐑥𐑲-	ˈmaɪ-	𐑥𐑰𐑯𐑨𐑛	ˈmiːnæd	high	
maenads	𐑥𐑦𐑯𐑨𐑛𐑟	ˈmiˌnædz	𐑥𐑰𐑯𐑨𐑛𐑟	ˈmiːnædz	high	
maenads	𐑥𐑲-	ˈmaɪ-	𐑥𐑰𐑯𐑨𐑛𐑟	ˈmiːnædz	high	
maestro	𐑥𐑲𐑧𐑕𐑑𐑮𐑴	maɪˈestroʊ	𐑥𐑲𐑕𐑑𐑮𐑴	ˈmaɪstrəʊ	high	
mafia	𐑥𐑨𐑓𐑦𐑩	ˈmæfiə	𐑥𐑨𐑓𐑾, 𐑥𐑭𐑓𐑾	ˈmⱭːfɪə	high	
mafia	𐑥𐑪𐑓𐑦𐑩	ˈmɒfiə	𐑥𐑨𐑓𐑾, 𐑥𐑭𐑓𐑾	ˈmⱭːfɪə	high	
magdeburg	𐑥𐑨𐑜𐑛𐑩𐑚𐑻𐑜	maɡdəbɜːRɡ	𐑥𐑨𐑜𐑛𐑦𐑚𐑻𐑜	ˈmæɡdɪbɜːRɡ	high	
magi	𐑥𐑨-	ˈmæ-	𐑥𐑱𐑡𐑲	ˈmeɪdʒaɪ	high	
magistracy	𐑥𐑨𐑡𐑩𐑕𐑑𐑮𐑩𐑕𐑦	ˈmædʒəstrəsi	𐑥𐑨𐑡𐑦𐑕𐑑𐑮𐑩𐑕𐑦	ˈmædʒɪstrəsi	high	
magnesia	𐑥𐑨𐑜𐑯𐑦𐑠𐑩	ˌmæɡˈniʒə	𐑥𐑨𐑜𐑯𐑰𐑖𐑩	mæɡˈniːʃə	high	
magnesium	𐑥𐑨𐑜𐑯𐑦𐑟𐑦𐑩𐑥	ˌmæɡˈniziəm	𐑥𐑨𐑜𐑯𐑰𐑟𐑾𐑥	mæɡˈniːzɪəm	high	
magnesium	𐑥𐑨𐑜𐑯𐑦𐑠𐑩𐑥	ˌmæɡˈniʒəm	𐑥𐑨𐑜𐑯𐑰𐑟𐑾𐑥	mæɡˈniːzɪəm	high	
magnesium	𐑥𐑨𐑜𐑯𐑰𐑟𐑦𐑩𐑥	ˌmæɡˈniːziəm	𐑥𐑨𐑜𐑯𐑰𐑟𐑾𐑥	mæɡˈniːzɪəm	high	
magnetism	𐑥𐑨𐑜𐑯𐑩𐑑𐑦𐑟𐑩𐑥	ˈmæɡnəˌtɪzəm	𐑥𐑨𐑜𐑯𐑦𐑑𐑦𐑟𐑩𐑥	ˈmæɡnɪtɪzəm	high	
magnolia	𐑥𐑨𐑜𐑯𐑴𐑤𐑦𐑩	ˌmæɡˈnəʊliə	𐑥𐑨𐑜𐑯𐑴𐑤𐑾	mæɡˈnəʊlɪə	high	
magyar	𐑥𐑨𐑡𐑸	mædʒɑːr	𐑥𐑨𐑜𐑘𐑸	ˈmæɡjɑːR	high	
magyar	𐑥𐑪𐑜𐑘𐑸	ˈmɒɡjɑːR	𐑥𐑨𐑜𐑘𐑸	ˈmæɡjɑːR	high	
magyar	𐑥𐑪𐑡𐑸	ˈmɒdʒɑːR	𐑥𐑨𐑜𐑘𐑸	ˈmæɡjɑːR	high	
maharaja	𐑥𐑪𐑣𐑪𐑮𐑭𐑡𐑩	ˌmɒhɒˈrɑːdʒə	𐑥𐑭𐑣𐑼𐑭𐑡𐑩	ˌmɑːhəˈrɑːdʒə	high	
maharaja	𐑥𐑪𐑣𐑪𐑮𐑭𐑡𐑪	ˌmɒhɒˈrɑːdʒɒ	𐑥𐑭𐑣𐑼𐑭𐑡𐑩	ˌmɑːhəˈrɑːdʒə	high	
maharaja	𐑥𐑪𐑣𐑼𐑭𐑡𐑩	ˌmɒhəˈrɑːdʒə	𐑥𐑭𐑣𐑼𐑭𐑡𐑩	ˌmɑːhəˈrɑːdʒə	high	
mahjong	𐑥𐑪𐑠𐑷𐑙	mɒˈʒɔːŋ	𐑥𐑭𐑡𐑪𐑙	ˌmɑːˈdʒɒŋ	high	
mahjong	𐑥𐑪𐑡𐑷𐑙	mɒˈdʒɔːŋ	𐑥𐑭𐑡𐑪𐑙	ˌmɑːˈdʒɒŋ	high	
mahout	𐑥𐑩𐑣𐑫𐑑	məˈhut	𐑥𐑩𐑣𐑬𐑑	məˈhaʊt	high	
mahout	𐑥𐑩𐑣𐑵𐑑	məˈhuːt	𐑥𐑩𐑣𐑬𐑑	məˈhaʊt	high	
maidenhair	𐑥𐑱𐑛𐑩𐑯𐑣𐑻	meɪdənhɜːR	𐑥𐑱𐑛𐑩𐑯𐑣𐑺	ˈmeɪdənheəR	high	
mailman	𐑥𐑱𐑤𐑥𐑩𐑯	ˈmeɪlmən	𐑥𐑱𐑤𐑥𐑨𐑯	ˈmeɪlmæn	high	
mainland	-𐑤𐑨𐑯𐑛	-lænd	𐑥𐑱𐑯𐑤𐑩𐑯𐑛	ˈmeɪnlənd	high	
mainland	𐑥𐑱𐑯𐑤𐑨𐑯𐑛	ˈmeɪnlænd	𐑥𐑱𐑯𐑤𐑩𐑯𐑛	ˈmeɪnlənd	high	
mainz	𐑥𐑲𐑯𐑑𐑕	maɪnts	𐑥𐑱𐑯𐑑𐑕	meɪnts	high	
majesty	𐑥𐑨𐑡𐑦𐑕𐑑𐑦	ˈmædʒɪstɪ	𐑥𐑨𐑡𐑩𐑕𐑑𐑦	ˈmædʒəsti	high	
major	𐑥𐑧𐑘𐑡𐑼	mejdʒər	𐑥𐑱𐑡𐑼	ˈmeɪdʒəR	high	
majority	𐑥𐑩𐑡𐑸𐑦𐑑𐑦	məˈdʒɑːRɪti	𐑥𐑩𐑡𐑪𐑮𐑦𐑑𐑦	məˈdʒɒrɪti	high	
majority	𐑥𐑩𐑡𐑹𐑦𐑑𐑦	məˈdʒɔːRɪti	𐑥𐑩𐑡𐑪𐑮𐑦𐑑𐑦	məˈdʒɒrɪti	high	
malaise	-𐑤𐑧𐑟	-ˈlez	𐑥𐑩𐑤𐑱𐑟	məˈleɪz	high	
malaise	𐑥𐑨𐑤𐑱𐑟	mæˈleɪz	𐑥𐑩𐑤𐑱𐑟	məˈleɪz	high	
malaise	𐑥𐑪𐑤𐑱𐑟	mɒˈleɪz	𐑥𐑩𐑤𐑱𐑟	məˈleɪz	high	
malarial	𐑥𐑩𐑤𐑧𐑮𐑦𐑩𐑤	məˈleriəl	𐑥𐑩𐑤𐑺𐑾𐑤	məˈleərɪəl	high	
malarial	𐑥𐑩𐑤𐑺𐑦𐑩𐑤	məleəriəl	𐑥𐑩𐑤𐑺𐑾𐑤	məˈleərɪəl	high	
malawi	𐑥𐑭𐑤𐑭𐑢𐑦	mɑːˈlɑːwi	𐑥𐑩𐑤𐑭𐑢𐑦	məˈlɑːwi	high	
malay	𐑥𐑱𐑤𐑱	meɪˈleɪ	𐑥𐑩𐑤𐑱	məˈleɪ	high	
malefactor	𐑥𐑨𐑤𐑩𐑓𐑨𐑒𐑑𐑼	ˈmæləˌfæktəR	𐑥𐑨𐑤𐑦𐑓𐑨𐑒𐑑𐑼	ˈmælɪfæktəR	high	
mali	𐑥𐑨-	ˈmæ-	𐑥𐑭𐑤𐑦	ˈmɑːli	high	
mali	𐑥𐑪𐑤𐑦	ˈmɒli	𐑥𐑭𐑤𐑦	ˈmɑːli	high	
mali	𐑥𐑭-	ˈmɑː-	𐑥𐑭𐑤𐑦	ˈmɑːli	high	
mali	𐑥𐑱𐑤𐑲	ˈmeɪlaɪ	𐑥𐑭𐑤𐑦	ˈmɑːli	high	
mallard	𐑥𐑨𐑤𐑼𐑛	ˈmæləRd	𐑥𐑨𐑤𐑸𐑛	ˈmælɑːRd	high	
malleable	𐑥𐑨𐑤𐑦𐑩𐑚𐑤	ˈmæliəbl	𐑥𐑨𐑤𐑾𐑚𐑩𐑤	ˈmælɪəbəl	high	
malleable	𐑥𐑨𐑤𐑦𐑩𐑚𐑩𐑤	ˈmaliəbəl	𐑥𐑨𐑤𐑾𐑚𐑩𐑤	ˈmælɪəbəl	high	
malmsey	𐑥𐑪𐑤𐑥𐑟𐑦	ˈmɒlmzi	𐑥𐑭𐑥𐑟𐑦	ˈmɑːmzi	high	
malnutrition	𐑥𐑨𐑤𐑯𐑫𐑑𐑮𐑦𐑖𐑩𐑯	ˌmælnuˈtrɪʃən	𐑥𐑨𐑤𐑯𐑵𐑑𐑮𐑦𐑖𐑩𐑯, 𐑥𐑨𐑤𐑯𐑿𐑑𐑮𐑦𐑖𐑩𐑯	ˌmælnjuːˈtrɪʃən	high	
malt	𐑥𐑪𐑤𐑑	mɒlt	𐑥𐑷𐑤𐑑	mɔːlt	high	
malta	𐑥𐑪𐑤𐑑𐑩	ˈmɒltə	𐑥𐑷𐑤𐑑𐑩	ˈmɔːltə	high	
maltese	𐑥𐑪𐑤𐑑𐑦𐑟	mɒlˈtiz	𐑥𐑷𐑤𐑑𐑰𐑟	mɔːlˈtiːz	high	
maltese	𐑥𐑪𐑤𐑑𐑰𐑟	mɒlˈtiːz	𐑥𐑷𐑤𐑑𐑰𐑟	mɔːlˈtiːz	high	
malthusian	𐑥𐑨𐑤𐑔𐑿𐑟𐑾𐑯	mælˈθjuːzɪən	𐑥𐑨𐑤𐑔𐑵𐑟𐑾𐑯	mælˈθuːzɪən	high	
maltreatment	𐑥𐑨𐑤𐑑𐑮𐑦𐑑𐑥𐑧𐑯𐑑	malˈtritment	𐑥𐑨𐑤𐑑𐑮𐑰𐑑𐑥𐑩𐑯𐑑	ˌmælˈtriːtmənt	high	
malvern	𐑥𐑷𐑝𐑼𐑯	mɔːvəRn	𐑥𐑪𐑤𐑝𐑼𐑯	ˈmɒlvəRn	high	
malvern	𐑥𐑷𐑤𐑝𐑼𐑯	mɔːlvəRn	𐑥𐑪𐑤𐑝𐑼𐑯	ˈmɒlvəRn	high	
mama	𐑥𐑪𐑥𐑩	ˈmɒmə	𐑥𐑩𐑥𐑭	məˈmɑː	high	
mammalian	𐑥𐑩𐑥𐑱𐑤𐑘𐑩𐑯	məˈmeɪljən	𐑥𐑩𐑥𐑱𐑤𐑾𐑯	məˈmeɪliən	high	
mammalian	𐑥𐑩𐑥𐑱𐑤𐑦𐑩𐑯	məˈmeɪliən	𐑥𐑩𐑥𐑱𐑤𐑾𐑯	məˈmeɪliən	high	
man-hour	𐑥𐑨𐑯𐑬𐑼	mænaʊəR	𐑥𐑨𐑯-𐑬𐑼	ˈmæn-aʊəR	high	
man-of-war	𐑥𐑨𐑯-	ˈmæn-	𐑥𐑨𐑯-𐑝-𐑢𐑹	ˌmæn-V-ˈwɔːR	medium	r_gap:spelling=1,ipa=0
man-of-war	𐑥𐑨𐑯𐑩𐑝𐑢𐑪𐑮	ˌmænəvˈwor	𐑥𐑨𐑯-𐑝-𐑢𐑹	ˌmæn-V-ˈwɔːR	high	
man-of-war	𐑥𐑨𐑯𐑩𐑝𐑢𐑹	mænəvwɔːR	𐑥𐑨𐑯-𐑝-𐑢𐑹	ˌmæn-V-ˈwɔːR	high	
manageable	𐑥𐑨𐑯𐑩𐑡𐑩𐑚𐑩𐑤	ˈmænədʒəbəl	𐑥𐑨𐑯𐑦𐑡𐑩𐑚𐑩𐑤	ˈmænɪdʒəbəl	high	
manager	𐑥𐑨𐑯𐑩𐑡𐑼	ˈmænədʒər	𐑥𐑨𐑯𐑦𐑡𐑼	ˈmænɪdʒəR	high	
manager	𐑥𐑺𐑯𐑩𐑡𐑼	ˈmeənədʒəR	𐑥𐑨𐑯𐑦𐑡𐑼	ˈmænɪdʒəR	high	
managerial	𐑥𐑨𐑯𐑦𐑡𐑽𐑦𐑩𐑤	mænɪdʒɪəriəl	𐑥𐑨𐑯𐑦𐑡𐑽𐑾𐑤	ˌmænɪˈdʒɪərɪəl	high	
managerial	𐑥𐑨𐑯𐑩𐑡𐑦𐑮𐑦𐑩𐑤	ˌmænəˈdʒɪriəl	𐑥𐑨𐑯𐑦𐑡𐑽𐑾𐑤	ˌmænɪˈdʒɪərɪəl	high	
managerial	𐑥𐑺𐑯𐑩𐑡𐑦𐑮𐑦𐑩𐑤	ˌmeənəˈdʒɪriəl	𐑥𐑨𐑯𐑦𐑡𐑽𐑾𐑤	ˌmænɪˈdʒɪərɪəl	high	
manchester	𐑥𐑨𐑯𐑗𐑩𐑕𐑑𐑼	mæntʃəstəR	𐑥𐑨𐑯𐑗𐑧𐑕𐑑𐑼	ˈmæntʃestəR	high	
mancunian	𐑥𐑨𐑙-	maŋ-	𐑥𐑨𐑯𐑒𐑿𐑯𐑾𐑯	mænˈkjuːnɪən	high	
mancunian	𐑥𐑨𐑯𐑒𐑘𐑫𐑯𐑦𐑩𐑯	mænˈkjuniən	𐑥𐑨𐑯𐑒𐑿𐑯𐑾𐑯	mænˈkjuːnɪən	high	
mandatory	𐑥𐑨𐑯𐑛𐑩𐑑𐑹𐑦	ˈmændəˌtɔːRi	𐑥𐑨𐑯𐑛𐑩𐑑𐑼𐑦	ˈmændətəri	high	
mandatory	𐑥𐑨𐑯𐑛𐑱𐑑𐑼𐑦	mændeɪtəri	𐑥𐑨𐑯𐑛𐑩𐑑𐑼𐑦	ˈmændətəri	high	
maneuver	𐑥𐑩𐑯𐑫𐑝𐑼	məˈnuvəR	𐑥𐑩𐑯𐑵𐑝𐑼	məˈnuːvəR	high	
manganese	𐑥𐑨𐑙𐑜𐑩𐑯𐑦𐑕	ˈmæŋɡəˌnis	𐑥𐑨𐑙𐑜𐑩𐑯𐑰𐑟	ˈmæŋɡəniːz	high	
manganese	𐑥𐑨𐑙𐑜𐑩𐑯𐑦𐑟	ˈmæŋɡəˌniz	𐑥𐑨𐑙𐑜𐑩𐑯𐑰𐑟	ˈmæŋɡəniːz	high	
mangosteen	𐑥𐑨𐑙𐑜𐑴𐑕𐑑𐑦𐑯	ˈmæŋɡoʊstin	𐑥𐑨𐑙𐑜𐑩𐑕𐑑𐑰𐑯	ˌmæŋɡəˈstiːn	high	
mangosteens	𐑥𐑨𐑙𐑜𐑴𐑕𐑑𐑦𐑯𐑟	ˈmæŋɡoʊstinz	𐑥𐑨𐑙𐑜𐑩𐑕𐑑𐑰𐑯𐑟	ˌmæŋɡəˈstiːnz	high	
mania	𐑥𐑱𐑯𐑦𐑩	ˈmeɪniə	𐑥𐑱𐑯𐑾	ˈmeɪnɪə	high	
manicure	𐑥𐑨𐑯𐑦𐑒𐑘𐑼	ˈmænɪkjər	𐑥𐑨𐑯𐑦𐑒𐑘𐑫𐑼	ˈmænɪkjʊəR	high	
manifesto	𐑥𐑨𐑯𐑩𐑓𐑧𐑕𐑑𐑴	ˌmænəˈfestəʊ	𐑥𐑨𐑯𐑦𐑓𐑧𐑕𐑑𐑴	ˌmænɪˈfestəʊ	high	
manifold	𐑥𐑧𐑯𐑦𐑓𐑴𐑤𐑛	ˈmenɪˌfoʊld	𐑥𐑨𐑯𐑦𐑓𐑴𐑤𐑛	ˈmænɪfəʊld	high	
manipulation	𐑥𐑩𐑯𐑦𐑐𐑘𐑫𐑤𐑱𐑖𐑩𐑯	məˌnɪpjuˈleɪʃən	𐑥𐑩𐑯𐑦𐑐𐑘𐑩𐑤𐑱𐑖𐑩𐑯	məˌnɪpjəˈleɪʃən	high	
manipulative	𐑥𐑩𐑯𐑦𐑐𐑘𐑩𐑤𐑱𐑑𐑦𐑝	məˈnɪpjəleɪtɪv	𐑥𐑩𐑯𐑦𐑐𐑘𐑩𐑤𐑩𐑑𐑦𐑝	məˈnɪpjələtɪv	high	
manlike	𐑥𐑨𐑯𐑤𐑳𐑦𐑒	ˈmanlʌɪk	𐑥𐑨𐑯𐑤𐑲𐑒	ˈmænlaɪk	high	
manor	𐑥𐑩𐑯𐑹	məˈnɔːR	𐑥𐑨𐑯𐑼	ˈmænəR	high	
manor	𐑥𐑱𐑯𐑼	ˈmeɪnəR	𐑥𐑨𐑯𐑼	ˈmænəR	high	
mantilla	-𐑑𐑦𐑤𐑩	-ˈtɪlə	𐑥𐑨𐑯𐑑𐑦𐑤𐑩	mænˈtɪlə	high	
mantilla	-𐑑𐑰𐑘𐑩	-ˈtiːjə	𐑥𐑨𐑯𐑑𐑦𐑤𐑩	mænˈtɪlə	high	
mantilla	𐑥𐑨𐑯𐑑𐑦𐑘𐑩	mænˈtijə	𐑥𐑨𐑯𐑑𐑦𐑤𐑩	mænˈtɪlə	high	
mantra	𐑥𐑪𐑯𐑑𐑮𐑩	ˈmɒntrə	𐑥𐑨𐑯𐑑𐑮𐑩	ˈmæntrə	high	
mantra	𐑥𐑳𐑯𐑑𐑮𐑩	mʌntrə	𐑥𐑨𐑯𐑑𐑮𐑩	ˈmæntrə	high	
manual	𐑥𐑨𐑯𐑘𐑩𐑩𐑤	ˈmænjəəl	𐑥𐑨𐑯𐑘𐑫𐑩𐑤	ˈmænjuəl	medium	ml_disagrees:𐑥𐑨𐑯𐑘𐑫𐑩𐑤; shave_says:𐑥𐑨𐑯𐑿𐑩𐑤
manufactory	𐑥𐑨𐑯𐑘𐑩𐑓𐑨𐑒𐑑𐑼𐑦	manjəfaktəri	𐑥𐑨𐑯𐑘𐑩𐑓𐑨𐑒𐑗𐑼𐑦	ˌmænjəˈfæktʃəri	high	
manufacture	𐑥𐑨𐑯𐑘𐑫𐑓𐑨𐑒𐑗𐑼	ˌmænjuˈfæktʃəR	𐑥𐑨𐑯𐑘𐑩𐑓𐑨𐑒𐑗𐑼	ˌmænjəˈfæktʃəR	high	
manufacture	𐑥𐑨𐑯𐑦𐑓𐑨𐑒𐑗𐑼	manɪfaktʃəR	𐑥𐑨𐑯𐑘𐑩𐑓𐑨𐑒𐑗𐑼	ˌmænjəˈfæktʃəR	high	
manufacture	𐑥𐑨𐑯𐑩𐑓𐑨𐑒𐑗𐑼	ˌmænəˈfæktʃəR	𐑥𐑨𐑯𐑘𐑩𐑓𐑨𐑒𐑗𐑼	ˌmænjəˈfæktʃəR	high	
manufacturer	𐑥𐑺𐑯𐑘𐑩𐑓𐑨𐑒𐑗𐑼𐑼	ˌmeənjəˈfæktʃəRəR	𐑥𐑨𐑯𐑘𐑩𐑓𐑨𐑒𐑗𐑼𐑼	ˌmænjəˈfæktʃərəR	high	
manufacturing	𐑥𐑺𐑯𐑘𐑩𐑓𐑨𐑒𐑗𐑼𐑦𐑙	ˌmeənjəˈfæktʃərɪŋ	𐑥𐑨𐑯𐑘𐑩𐑓𐑨𐑒𐑗𐑼𐑦𐑙	ˌmænjəˈfæktʃərɪŋ	high	
manure	𐑥𐑩𐑯𐑘𐑩𐑼	mənjəəR	𐑥𐑩𐑯𐑘𐑫𐑼	məˈnjʊəR	high	
manure	𐑥𐑩𐑯𐑘𐑷	mənjɔː	𐑥𐑩𐑯𐑘𐑫𐑼	məˈnjʊəR	medium	r_gap:spelling=1,ipa=0; shave_says:𐑥𐑩𐑯𐑘𐑫𐑼
manure	𐑥𐑩𐑯𐑘𐑼	məˈnjər	𐑥𐑩𐑯𐑘𐑫𐑼	məˈnjʊəR	high	
maraschino	𐑥𐑧𐑮𐑩𐑕𐑒𐑦𐑯𐑴	ˌmerəˈskinoʊ	𐑥𐑨𐑮𐑩𐑕𐑒𐑰𐑯𐑴	ˌmærəˈskiːnəʊ	high	
maraschino	𐑥𐑧𐑮𐑩𐑖𐑦𐑯𐑴	ˌmerəˈʃinoʊ	𐑥𐑨𐑮𐑩𐑕𐑒𐑰𐑯𐑴	ˌmærəˈskiːnəʊ	high	
maraschino	𐑥𐑨𐑮𐑩𐑕𐑒𐑦𐑯𐑴	ˌmærəˈskinoʊ	𐑥𐑨𐑮𐑩𐑕𐑒𐑰𐑯𐑴	ˌmærəˈskiːnəʊ	high	
maraschino	𐑥𐑨𐑮𐑩𐑖𐑦𐑯𐑴	ˌmærəˈʃinoʊ	𐑥𐑨𐑮𐑩𐑕𐑒𐑰𐑯𐑴	ˌmærəˈskiːnəʊ	high	
maraschino	𐑥𐑨𐑮𐑩𐑖𐑰𐑯𐑴	mærəʃiːnəʊ	𐑥𐑨𐑮𐑩𐑕𐑒𐑰𐑯𐑴	ˌmærəˈskiːnəʊ	high	
marathon	𐑥𐑧𐑮𐑩𐑔𐑪𐑯	ˈmerəˌθɒn	𐑥𐑨𐑮𐑩𐑔𐑩𐑯	ˈmærəθən	high	
marathon	𐑥𐑨𐑮𐑩𐑔𐑪𐑯	ˈmærəˌθɒn	𐑥𐑨𐑮𐑩𐑔𐑩𐑯	ˈmærəθən	high	
maraud	𐑥𐑼𐑹𐑛	mərɔːRd	𐑥𐑼𐑷𐑛	məˈrɔːd	high	
marauder	𐑥𐑼𐑹𐑛𐑼	mərɔːRdər	𐑥𐑼𐑷𐑛𐑼	məˈrɔːdəR	high	
mardi gras	𐑥𐑸𐑛𐑦 𐑜𐑮𐑪	ˈmɑːRdi ɡrɒ	𐑥𐑸𐑛𐑦 𐑜𐑮𐑭	ˌmɑːRdɪ ˈɡrɑː	high	
mardi gras	𐑥𐑸𐑛𐑦 𐑜𐑮𐑷	ˈmɑːRdi ɡrɔː	𐑥𐑸𐑛𐑦 𐑜𐑮𐑭	ˌmɑːRdɪ ˈɡrɑː	high	
mardi gras	𐑥𐑸𐑛𐑦 𐑜𐑮𐑸	mɑːRdi ɡrɑːR	𐑥𐑸𐑛𐑦 𐑜𐑮𐑭	ˌmɑːRdɪ ˈɡrɑː	high	
mare	𐑥𐑸𐑦	ˈmɑːRi	𐑥𐑺	meəR	high	
mare	𐑥𐑸𐑱	ˈmɑːReɪ	𐑥𐑺	meəR	high	
mare	𐑥𐑺𐑦	ˈmeəRi	𐑥𐑺	meəR	high	
mares	𐑥𐑧𐑮𐑟	merz	𐑥𐑺𐑟	meəRz	high	
margaret	-𐑩𐑑	-ət	𐑥𐑸𐑜𐑼𐑩𐑑	ˈmɑːRɡrIt	medium	r_gap:spelling=2,ipa=0; shave_says:𐑥𐑸𐑜𐑼𐑩𐑑
margaret	𐑥𐑸𐑜𐑮𐑦𐑑	mɑːRɡrɪt	𐑥𐑸𐑜𐑼𐑩𐑑	ˈmɑːRɡrIt	high	
margaret	𐑥𐑸𐑜𐑼𐑦𐑑	ˈmɑːRɡərɪt	𐑥𐑸𐑜𐑼𐑩𐑑	ˈmɑːRɡrIt	high	
margarine	𐑥𐑸𐑜𐑼𐑰𐑯	mɑːRɡəriːn	𐑥𐑸𐑡𐑼𐑰𐑯	ˌmɑːRdʒəˈriːn	high	
margarine	𐑥𐑸𐑡𐑼𐑦𐑯	mɑːRdʒərɪn	𐑥𐑸𐑡𐑼𐑰𐑯	ˌmɑːRdʒəˈriːn	high	
marguerite	𐑥𐑸𐑜𐑼𐑦𐑑	ˌmɑːRɡəˈrit	𐑥𐑸𐑜𐑼𐑰𐑑	ˌmɑːRɡəˈriːt	high	
maria	𐑥𐑸𐑦𐑩	ˈmɑːRiə	𐑥𐑼𐑾	məˈrɪə	high	
maria	𐑥𐑺𐑦𐑩	ˈmeəRiə	𐑥𐑼𐑾	məˈrɪə	high	
marian	𐑥𐑺𐑦𐑩𐑯	meəriən	𐑥𐑨𐑮𐑾𐑯	ˈmærɪən	high	
marigold	𐑥𐑧𐑮𐑦𐑜𐑴𐑤𐑛	ˈmerɪˌɡoʊld	𐑥𐑨𐑮𐑦𐑜𐑴𐑤𐑛	ˈmærɪɡəʊld	high	
marijuana	-𐑣𐑢𐑪-	-ˈhwɒ-	𐑥𐑨𐑮𐑩𐑢𐑭𐑯𐑩	ˌmærəˈwɑːnə	medium	r_gap:spelling=1,ipa=0
marijuana	𐑥𐑧𐑮𐑦𐑢𐑪𐑯𐑩	ˌmerɪˈwɒnə	𐑥𐑨𐑮𐑩𐑢𐑭𐑯𐑩	ˌmærəˈwɑːnə	high	
marijuana	𐑥𐑨𐑮-	ˌmær-	𐑥𐑨𐑮𐑩𐑢𐑭𐑯𐑩	ˌmærəˈwɑːnə	high	
marijuana	𐑥𐑨𐑮𐑦𐑢𐑸𐑯𐑩	mærɪwɑːRnə	𐑥𐑨𐑮𐑩𐑢𐑭𐑯𐑩	ˌmærəˈwɑːnə	high	
marinade	𐑥𐑧𐑮𐑦𐑯𐑱𐑛	ˌmerɪˈneɪd	𐑥𐑨𐑮𐑦𐑯𐑱𐑛	ˌmærɪˈneɪd	high	
marinade	𐑥𐑧𐑮𐑩𐑯𐑱𐑛	ˌmerəˈneɪd	𐑥𐑨𐑮𐑦𐑯𐑱𐑛	ˌmærɪˈneɪd	high	
marinade	𐑥𐑨𐑮𐑩𐑯𐑱𐑛	marəneɪd	𐑥𐑨𐑮𐑦𐑯𐑱𐑛	ˌmærɪˈneɪd	high	
mariner	-𐑮𐑩-	-rə-	𐑥𐑨𐑮𐑦𐑯𐑼	ˈmærɪnəR	medium	r_gap:spelling=2,ipa=1
mariner	𐑥𐑧𐑮𐑦𐑯𐑼	ˈmerɪnəR	𐑥𐑨𐑮𐑦𐑯𐑼	ˈmærɪnəR	high	
mario	𐑥𐑨𐑮𐑦𐑴	mariəʊ	𐑥𐑸𐑦𐑴	ˈmɑriəʊ	high	
maritime	𐑥𐑧𐑮𐑦𐑑𐑲𐑥	ˈmerɪˌtaɪm	𐑥𐑨𐑮𐑦𐑑𐑲𐑥	ˈmærɪtaɪm	high	
maritime	𐑥𐑧𐑮𐑩𐑑𐑲𐑥	ˈmerəˌtaɪm	𐑥𐑨𐑮𐑦𐑑𐑲𐑥	ˈmærɪtaɪm	high	
marked	-𐑩𐑛	-əd	𐑥𐑸𐑒𐑑	mɑːRkt	medium	r_gap:spelling=1,ipa=0
marked	𐑥𐑸𐑒𐑩𐑛	mɑːRkƏd	𐑥𐑸𐑒𐑑	mɑːRkt	high	
marketing	𐑥𐑸𐑒𐑦𐑑𐑦𐑙	mɑːRkɪtɪŋ	𐑥𐑸𐑒𐑩𐑑𐑦𐑙	ˈmɑːRkItɪŋ	high	
markets	𐑥𐑸𐑒𐑦𐑑𐑕	mɑːRkɪts	𐑥𐑸𐑒𐑩𐑑𐑕	ˈmɑːRkIts	high	
marlborough	𐑥𐑸𐑤𐑚𐑮𐑩	mɑːrlbrə	𐑥𐑸𐑤𐑚𐑼𐑩	ˈmɑːRlbərə	high	
marlborough	𐑥𐑹𐑤𐑚𐑮𐑩	mɔːRlbrə	𐑥𐑸𐑤𐑚𐑼𐑩	ˈmɑːRlbərə	high	
marmoreal	𐑥𐑸𐑥𐑪𐑮𐑦𐑩𐑤	mɑːRˈmoriəl	𐑥𐑸𐑥𐑹𐑾𐑤	mɑːRˈmɔːrɪəl	high	
marmoset	𐑥𐑸𐑥𐑩𐑕𐑩𐑑	ˈmɑːRməsət	𐑥𐑸𐑥𐑩𐑕𐑧𐑑	ˈmɑːRməset	high	
marmoset	𐑥𐑸𐑥𐑩𐑟𐑩𐑑	ˈmɑːRməzət	𐑥𐑸𐑥𐑩𐑕𐑧𐑑	ˈmɑːRməset	high	
marocain	𐑥𐑸𐑩𐑒𐑱𐑯	ˌmɑːRəˈkeɪn	𐑥𐑨𐑮𐑩𐑒𐑱𐑯	ˈmærəkeɪn	high	
marquess	𐑥𐑸𐑒𐑢𐑦𐑕	mɑːRkwɪs	𐑥𐑸𐑒𐑢𐑩𐑕	ˈmɑːRkwƏs	high	
marquetry	𐑥𐑸𐑒𐑦𐑑𐑮𐑦	mɑːRkɪtri	𐑥𐑸𐑒𐑩𐑑𐑮𐑦	ˈmɑːRkItri	high	
marquis	𐑥𐑸𐑒𐑦	mɑːRˈki	𐑥𐑸𐑒𐑢𐑦𐑕	ˈmɑːRkwɪs	high	
marquis	𐑥𐑸𐑒𐑦𐑟	mɑːRˈkiz	𐑥𐑸𐑒𐑢𐑦𐑕	ˈmɑːRkwɪs	high	
marrying	𐑥𐑧𐑮𐑦𐑦𐑙	ˈmeriɪŋ	𐑥𐑨𐑮𐑦𐑦𐑙	ˈmæriɪŋ	medium	r_gap:spelling=2,ipa=1
marseillaise	𐑥𐑸𐑕𐑱𐑘𐑧𐑟	mɑːRseɪjez	𐑥𐑸𐑕𐑱𐑘𐑱𐑟	ˌmɑːRseɪˈjeɪz	high	
marshmallow	𐑥𐑸𐑖𐑥𐑧𐑤𐑴	ˈmɑːRʃˌmeloʊ	𐑥𐑸𐑖𐑥𐑨𐑤𐑴	mɑːRʃˈmæləʊ	high	
marsupial	𐑥𐑸𐑕𐑫𐑐𐑦𐑩𐑤	mɑːRˈsupiəl	𐑥𐑸𐑕𐑵𐑐𐑾𐑤	mɑːRˈsuːpɪəl	high	
marsupial	𐑥𐑸𐑕𐑵𐑐𐑦𐑩𐑤	mɑːRsuːpiəl	𐑥𐑸𐑕𐑵𐑐𐑾𐑤	mɑːRˈsuːpɪəl	high	
marsupials	𐑥𐑸𐑕𐑫𐑐𐑦𐑩𐑤𐑟	mɑːRˈsupiəlz	𐑥𐑸𐑕𐑵𐑐𐑾𐑤𐑟	mɑːRˈsuːpɪəlz	high	
marsupials	𐑥𐑸𐑕𐑵𐑐𐑦𐑩𐑤𐑟	mɑːRsuːpiəlz	𐑥𐑸𐑕𐑵𐑐𐑾𐑤𐑟	mɑːRˈsuːpɪəlz	high	
marten	𐑥𐑸𐑑𐑩𐑯	mɑːRtən	𐑥𐑸𐑑𐑦𐑯	ˈmɑːRtɪn	high	
martinez	𐑥𐑸𐑑𐑦𐑯𐑧𐑟	mɑːRˈtinez	𐑥𐑸𐑑𐑰𐑯𐑧𐑟	mɑːRˈtiːnez	high	
martini	𐑥𐑸𐑑𐑦𐑯𐑦	mɑːRˈtini	𐑥𐑸𐑑𐑰𐑯𐑦	mɑːRˈtiːni	high	
marvellous	𐑥𐑸𐑝𐑤𐑩𐑕	mɑːRvləs	𐑥𐑸𐑝𐑩𐑤𐑩𐑕	ˈmɑːRvələs	high	
marvelous	𐑥𐑸𐑝𐑤𐑩𐑕	mɑːRvləs	𐑥𐑸𐑝𐑩𐑤𐑩𐑕	ˈmɑːRvələs	high	
maryland	𐑥𐑧𐑮𐑤𐑩𐑯	ˈmerlən	𐑥𐑧𐑮𐑦𐑤𐑩𐑯𐑛	ˈmerɪlənd	high	
maryland	𐑥𐑨𐑮𐑦𐑤𐑩𐑯𐑛	ˈmærɪlənd	𐑥𐑧𐑮𐑦𐑤𐑩𐑯𐑛	ˈmerɪlənd	high	
maryland	𐑥𐑺𐑦𐑤𐑨𐑯𐑛	meərɪlænd	𐑥𐑧𐑮𐑦𐑤𐑩𐑯𐑛	ˈmerɪlənd	high	
maryland	𐑥𐑺𐑦𐑤𐑩𐑯𐑛	meərɪlənd	𐑥𐑧𐑮𐑦𐑤𐑩𐑯𐑛	ˈmerɪlənd	high	
marzipan	𐑥𐑸𐑑𐑕𐑩𐑐𐑨𐑯	ˈmɑːRtsəpæn	𐑥𐑸𐑟𐑦𐑐𐑨𐑯	ˈmɑːRzɪpæn	high	
marzipan	𐑥𐑸𐑑𐑕𐑩𐑐𐑪𐑯	ˈmɑːRtsəpɒn	𐑥𐑸𐑟𐑦𐑐𐑨𐑯	ˈmɑːRzɪpæn	high	
marzipan	𐑥𐑸𐑟𐑩𐑐𐑨𐑯	ˈmɑːRzəpæn	𐑥𐑸𐑟𐑦𐑐𐑨𐑯	ˈmɑːRzɪpæn	high	
mascara	𐑥𐑨𐑕𐑒𐑧𐑮𐑩	ˌmæsˈkerə	𐑥𐑨𐑕𐑒𐑸𐑩	mæˈskɑːrə	high	
mascara	𐑥𐑨𐑕𐑒𐑨𐑮𐑩	ˌmæsˈkærə	𐑥𐑨𐑕𐑒𐑸𐑩	mæˈskɑːrə	high	
mascara	𐑥𐑩𐑕𐑒𐑸𐑩	məskɑːrə	𐑥𐑨𐑕𐑒𐑸𐑩	mæˈskɑːrə	high	
mascot	𐑥𐑨𐑕𐑒𐑭𐑑	ˈmæsˌkɑːt	𐑥𐑨𐑕𐑒𐑪𐑑	ˈmæskɒt	high	
masculine	𐑥𐑨𐑕𐑒𐑘𐑩𐑤𐑩𐑯	ˈmæskjələn	𐑥𐑨𐑕𐑒𐑘𐑩𐑤𐑦𐑯	ˈmæskjəlɪn	high	
masquerade	𐑥𐑭𐑕-	mɑːs-	𐑥𐑨𐑕𐑒𐑼𐑱𐑛, 𐑥𐑭𐑕𐑒𐑼𐑱𐑛	ˌmⱭːskəˈreɪd	medium	r_gap:spelling=1,ipa=0; shave_says:𐑥𐑭𐑕𐑒𐑼𐑱𐑛
mass	𐑥𐑭𐑕	mɑːs	𐑥𐑨𐑕	mæs	high	
massage	𐑥𐑨𐑕𐑭𐑡	ˈmæsɑːdʒ	𐑥𐑨𐑕𐑭𐑠	ˈmæsɑːʒ	high	
massage	𐑥𐑩𐑕𐑪𐑡	məˈsɒdʒ	𐑥𐑨𐑕𐑭𐑠	ˈmæsɑːʒ	high	
massage	𐑥𐑩𐑕𐑭𐑡	məˈsɑːdʒ	𐑥𐑨𐑕𐑭𐑠	ˈmæsɑːʒ	high	
masseur	𐑥𐑩𐑕𐑫𐑮	məˈsʊr	𐑥𐑨𐑕𐑻	mæˈsɜːR	high	
masseur	𐑥𐑩𐑕𐑻	məsɜːR	𐑥𐑨𐑕𐑻	mæˈsɜːR	high	
masseuse	𐑥𐑩𐑕𐑫𐑟	məˈsʊz	𐑥𐑨𐑕𐑻𐑟	mæˈsɜːRz	high	
masseuse	𐑥𐑩𐑕𐑵𐑕	məˈsuːs	𐑥𐑨𐑕𐑻𐑟	mæˈsɜːRz	high	
masterfully	𐑥𐑨𐑕𐑑𐑼𐑓𐑫𐑤𐑦	ˈmæstəRfʊli	𐑥𐑨𐑕𐑑𐑼𐑓𐑩𐑤𐑦, 𐑥𐑭𐑕𐑑𐑼𐑓𐑩𐑤𐑦	ˈmⱭːstəRfəli	high	
masterfully	𐑥𐑭𐑕𐑑𐑩𐑓𐑫𐑤𐑦	mɑːstəfʊli	𐑥𐑨𐑕𐑑𐑼𐑓𐑩𐑤𐑦, 𐑥𐑭𐑕𐑑𐑼𐑓𐑩𐑤𐑦	ˈmⱭːstəRfəli	medium	r_gap:spelling=1,ipa=0; shave_says:𐑥𐑭𐑕𐑑𐑼𐑓𐑩𐑤𐑦
masterly	𐑥𐑨-	mæ-	𐑥𐑨𐑕𐑑𐑼𐑤𐑦, 𐑥𐑭𐑕𐑑𐑼𐑤𐑦	ˈmⱭːstəRli	medium	r_gap:spelling=1,ipa=0; shave_says:𐑥𐑭𐑕𐑑𐑼𐑤𐑦
masterly	𐑥𐑭𐑕𐑑𐑩𐑤𐑦	mɑːstəli	𐑥𐑨𐑕𐑑𐑼𐑤𐑦, 𐑥𐑭𐑕𐑑𐑼𐑤𐑦	ˈmⱭːstəRli	medium	r_gap:spelling=1,ipa=0; shave_says:𐑥𐑭𐑕𐑑𐑼𐑤𐑦
mastermind	𐑥𐑭𐑕𐑑𐑩𐑥𐑳𐑦𐑯𐑛	mɑːstəmʌɪnd	𐑥𐑨𐑕𐑑𐑼𐑥𐑲𐑯𐑛, 𐑥𐑭𐑕𐑑𐑼𐑥𐑲𐑯𐑛	ˈmⱭːstəRmaɪnd	medium	r_gap:spelling=1,ipa=0; shave_says:𐑥𐑭𐑕𐑑𐑼𐑥𐑲𐑯𐑛
masterpiece	𐑥𐑨𐑕𐑑𐑼𐑐𐑦𐑕	ˈmæstəRˌpis	𐑥𐑨𐑕𐑑𐑼𐑐𐑰𐑕, 𐑥𐑭𐑕𐑑𐑼𐑐𐑰𐑕	ˈmⱭːstəRpiːs	high	
masterpiece	𐑥𐑭𐑕𐑑𐑩𐑐𐑰𐑕	mɑːstəpiːs	𐑥𐑨𐑕𐑑𐑼𐑐𐑰𐑕, 𐑥𐑭𐑕𐑑𐑼𐑐𐑰𐑕	ˈmⱭːstəRpiːs	medium	r_gap:spelling=1,ipa=0; shave_says:𐑥𐑭𐑕𐑑𐑼𐑐𐑰𐑕
mastodon	-𐑛𐑩𐑯	-dən	𐑥𐑨𐑕𐑑𐑩𐑛𐑪𐑯	ˈmæstədɒn	high	
mastodon	𐑥𐑨𐑕𐑑𐑩𐑛𐑩𐑯	ˈmæstədən	𐑥𐑨𐑕𐑑𐑩𐑛𐑪𐑯	ˈmæstədɒn	high	
masturbate	𐑥𐑨𐑕𐑑𐑩𐑚𐑱𐑑	mæstəbeɪt	𐑥𐑨𐑕𐑑𐑼𐑚𐑱𐑑	ˈmæstəRbeɪt	medium	r_gap:spelling=1,ipa=0; shave_says:𐑥𐑨𐑕𐑑𐑼𐑚𐑱𐑑
masturbation	𐑥𐑨𐑕𐑑𐑩𐑚𐑱𐑖𐑩𐑯	mæstəbeɪʃən	𐑥𐑨𐑕𐑑𐑼𐑚𐑱𐑖𐑩𐑯	ˌmæstəRˈbeɪʃən	medium	r_gap:spelling=1,ipa=0; shave_says:𐑥𐑨𐑕𐑑𐑼𐑚𐑱𐑖𐑩𐑯
masturbation	𐑥𐑭𐑕𐑑𐑩𐑚𐑱𐑖𐑩𐑯	mɑːstəbeɪʃən	𐑥𐑨𐑕𐑑𐑼𐑚𐑱𐑖𐑩𐑯	ˌmæstəRˈbeɪʃən	medium	r_gap:spelling=1,ipa=0; shave_says:𐑥𐑨𐑕𐑑𐑼𐑚𐑱𐑖𐑩𐑯
matcha	𐑥𐑪𐑗𐑩	ˈmɒtʃə	𐑥𐑨𐑗𐑩	ˈmætʃə	high	
mate	𐑥𐑧𐑘𐑑	mejt	𐑥𐑭𐑑𐑱, 𐑥𐑱𐑑	ˈmɑːteɪ	high	
material	𐑥𐑩𐑑𐑦𐑮𐑦𐑩𐑤	məˈtɪriəl	𐑥𐑩𐑑𐑽𐑾𐑤	məˈtɪərɪəl	high	
material	𐑥𐑩𐑑𐑽𐑦𐑩𐑤	mətɪəriəl	𐑥𐑩𐑑𐑽𐑾𐑤	məˈtɪərɪəl	high	
materialism	𐑥𐑩𐑑𐑦𐑮𐑦𐑩𐑤𐑦𐑟𐑩𐑥	məˈtɪriəlɪzəm	𐑥𐑩𐑑𐑽𐑾𐑤𐑦𐑟𐑩𐑥	məˈtɪərɪəlɪzəm	high	
materialism	𐑥𐑩𐑑𐑽𐑦𐑩𐑤𐑦𐑟𐑩𐑥	mətɪəriəlɪzəm	𐑥𐑩𐑑𐑽𐑾𐑤𐑦𐑟𐑩𐑥	məˈtɪərɪəlɪzəm	high	
materials	𐑥𐑩𐑑𐑦𐑮𐑦𐑩𐑤𐑟	məˈtɪriəlz	𐑥𐑩𐑑𐑽𐑾𐑤𐑟	məˈtɪərɪəlz	high	
materiel	𐑥𐑩𐑑𐑦𐑮𐑘𐑧𐑤	mətɪrˈjel	𐑥𐑩𐑑𐑽𐑦𐑧𐑤	məˈtiəriel	high	
materiel	𐑥𐑩𐑑𐑦𐑮𐑦𐑧𐑤	mətɪriˈel	𐑥𐑩𐑑𐑽𐑦𐑧𐑤	məˈtiəriel	high	
math	𐑥𐑭𐑔	mɑːθ	𐑥𐑨𐑔	mæθ	high	
matriculate	𐑥𐑩𐑑𐑮𐑦𐑒𐑘𐑩𐑤𐑦𐑑	məˈtrɪkjəlɪt	𐑥𐑩𐑑𐑮𐑦𐑒𐑘𐑩𐑤𐑱𐑑	məˈtrɪkjəleɪt	high	
matrimony	𐑥𐑨𐑑𐑮𐑦𐑥𐑴𐑯𐑦	ˈmætrɪˌmoʊni	𐑥𐑨𐑑𐑮𐑦𐑥𐑩𐑯𐑦	ˈmætrɪməni	high	
mature	𐑥𐑩𐑑𐑘𐑩𐑼	məˈtjəər	𐑥𐑩𐑗𐑫𐑼	məˈtʃʊəR	high	
mature	𐑥𐑩𐑗𐑻	məˈtʃɜːR	𐑥𐑩𐑗𐑫𐑼	məˈtʃʊəR	high	
maturity	𐑥𐑩𐑑𐑘𐑩𐑼𐑩𐑑𐑦	mətjəərəti	𐑥𐑩𐑗𐑫𐑼𐑦𐑑𐑦	məˈtʃʊərɪti	high	
maturity	𐑥𐑩𐑑𐑫𐑼𐑩𐑑𐑦	məˈtʊərəti	𐑥𐑩𐑗𐑫𐑼𐑦𐑑𐑦	məˈtʃʊərɪti	high	
maturity	𐑥𐑩𐑗𐑫𐑼𐑩𐑑𐑦	mətʃʊərəti	𐑥𐑩𐑗𐑫𐑼𐑦𐑑𐑦	məˈtʃʊərɪti	high	
maturity	𐑥𐑩𐑗𐑻𐑦𐑑𐑦	məˈtʃɜːRɪti	𐑥𐑩𐑗𐑫𐑼𐑦𐑑𐑦	məˈtʃʊərɪti	high	
matutinal	-𐑑𐑩-	-tə-	𐑥𐑩𐑑𐑵𐑑𐑦𐑯𐑩𐑤, 𐑥𐑩𐑑𐑿𐑑𐑦𐑯𐑩𐑤	məˈtjuːtɪnəl	high	
matutinal	-𐑗𐑫-	-ˈtʃʊ-	𐑥𐑩𐑑𐑵𐑑𐑦𐑯𐑩𐑤, 𐑥𐑩𐑑𐑿𐑑𐑦𐑯𐑩𐑤	məˈtjuːtɪnəl	high	
matutinal	-𐑗𐑵-	-ˈtʃuː-	𐑥𐑩𐑑𐑵𐑑𐑦𐑯𐑩𐑤, 𐑥𐑩𐑑𐑿𐑑𐑦𐑯𐑩𐑤	məˈtjuːtɪnəl	high	
matutinal	𐑥𐑨𐑑𐑘𐑩𐑑𐑲𐑯𐑩𐑤	ˌmætjəˈtaɪnəl	𐑥𐑩𐑑𐑵𐑑𐑦𐑯𐑩𐑤, 𐑥𐑩𐑑𐑿𐑑𐑦𐑯𐑩𐑤	məˈtjuːtɪnəl	high	
matutinal	𐑥𐑨𐑗𐑩𐑑𐑲𐑯𐑩𐑤	ˈmætʃəˌtaɪnəl	𐑥𐑩𐑑𐑵𐑑𐑦𐑯𐑩𐑤, 𐑥𐑩𐑑𐑿𐑑𐑦𐑯𐑩𐑤	məˈtjuːtɪnəl	high	
matutinal	𐑥𐑩𐑑𐑘𐑫𐑑𐑩𐑯𐑩𐑤	məˈtjutənəl	𐑥𐑩𐑑𐑵𐑑𐑦𐑯𐑩𐑤, 𐑥𐑩𐑑𐑿𐑑𐑦𐑯𐑩𐑤	məˈtjuːtɪnəl	high	
maundering	𐑥𐑭𐑯𐑛𐑼𐑦𐑙	ˈmɑːndərɪŋ	𐑥𐑷𐑯𐑛𐑼𐑦𐑙	ˈmɔːndərɪŋ	high	
maurice	𐑥𐑹𐑦𐑕	mɔːˈris	𐑥𐑪𐑮𐑦𐑕	ˈmɒrɪs	high	
maurice	𐑥𐑼𐑦𐑕	məˈris	𐑥𐑪𐑮𐑦𐑕	ˈmɒrɪs	high	
maurice	𐑥𐑼𐑰𐑕	məriːs	𐑥𐑪𐑮𐑦𐑕	ˈmɒrɪs	high	
mauritania	𐑥𐑪𐑮𐑦𐑑𐑱𐑯𐑦𐑩	mɒrɪteɪniə	𐑥𐑹𐑦𐑑𐑱𐑯𐑾	ˌmɔːrɪˈteɪnɪə	high	
mauritania	𐑥𐑹𐑦𐑑𐑱𐑯𐑦𐑩	ˌmɔːrɪˈteɪniə	𐑥𐑹𐑦𐑑𐑱𐑯𐑾	ˌmɔːrɪˈteɪnɪə	high	
mausoleum	-𐑟𐑩-	-zəˈ-	𐑥𐑷𐑕𐑩𐑤𐑾𐑥	ˌmɔːsəˈliːəm	high	
mausoleum	𐑥𐑪-	ˌmɒ-	𐑥𐑷𐑕𐑩𐑤𐑾𐑥	ˌmɔːsəˈliːəm	high	
mausoleum	𐑥𐑷𐑕𐑩𐑤𐑦𐑩𐑥	ˌmɔːsəˈliəm	𐑥𐑷𐑕𐑩𐑤𐑾𐑥	ˌmɔːsəˈliːəm	high	
mausoleum	𐑥𐑷𐑟𐑩𐑤𐑰𐑩𐑥	ˌmɔːzəˈliːəm	𐑥𐑷𐑕𐑩𐑤𐑾𐑥	ˌmɔːsəˈliːəm	high	
mauve	𐑥𐑷𐑝	mɔːv	𐑥𐑴𐑝	məʊv	high	
maxillary	𐑥𐑨𐑒𐑕𐑩𐑤𐑧𐑮𐑦	ˈmæksəˌleri	𐑥𐑨𐑒𐑕𐑦𐑤𐑼𐑦	mækˈsɪləri	high	
maxim	𐑥𐑨𐑒𐑕𐑩𐑥	ˈmæksəm	𐑥𐑨𐑒𐑕𐑦𐑥	ˈmæksɪm	high	
mayhem	𐑥𐑱𐑩𐑥	ˈmeɪəm	𐑥𐑱𐑣𐑧𐑥	ˈmeɪhem	high	
mayor	𐑥𐑱𐑼	meɪəR	𐑥𐑺	meəR	high	
mayoral	𐑥𐑪𐑘𐑼𐑪𐑤	ˌmɒjəˈrɒl	𐑥𐑺𐑩𐑤	ˈmeərəl	high	
mayoral	𐑥𐑱𐑹𐑩𐑤	meɪɔːrəl	𐑥𐑺𐑩𐑤	ˈmeərəl	high	
mayoral	𐑥𐑱𐑼𐑩𐑤	ˈmeɪərəl	𐑥𐑺𐑩𐑤	ˈmeərəl	high	
mayoral	𐑥𐑸𐑘𐑴𐑮𐑨𐑤	mɑːRjəʊral	𐑥𐑺𐑩𐑤	ˈmeərəl	high	
mayoral	𐑥𐑻𐑩𐑤	mɜːrəl	𐑥𐑺𐑩𐑤	ˈmeərəl	high	
mayoralty	𐑥𐑱𐑹𐑩𐑤𐑑𐑦	meɪɔːrəlti	𐑥𐑺𐑩𐑤𐑑𐑦	ˈmeərəlti	high	
mayoralty	𐑥𐑱𐑼𐑩𐑤𐑑𐑦	ˈmeɪərəlti	𐑥𐑺𐑩𐑤𐑑𐑦	ˈmeərəlti	high	
mayoress	𐑥𐑱𐑼𐑧𐑕	meɪəRˈes	𐑥𐑺𐑧𐑕	meəˈres	high	
me	𐑥𐑦	mi	𐑥𐑰	miː	high	
meadow	𐑥𐑧𐑑𐑴	ˈmetoʊ	𐑥𐑧𐑛𐑴	ˈmedəʊ	high	
meager	𐑥𐑦𐑜𐑼	ˈmiɡəR	𐑥𐑰𐑜𐑼	ˈmiːɡəR	high	
meal	𐑥𐑦𐑤	mil	𐑥𐑰𐑤	miːl	high	
meal	𐑥𐑦𐑩𐑤	miəl	𐑥𐑰𐑤	miːl	high	
mean	𐑥𐑦𐑯	min	𐑥𐑰𐑯	miːn	high	
meaning	𐑥𐑦𐑯𐑦𐑙	ˈminɪŋ	𐑥𐑰𐑯𐑦𐑙	ˈmiːnɪŋ	high	
meaningful	𐑥𐑦𐑯𐑦𐑙𐑓𐑩𐑤	ˈminɪŋfəl	𐑥𐑰𐑯𐑦𐑙𐑓𐑩𐑤	ˈmiːnɪŋfəl	high	
means	𐑥𐑦𐑯𐑟	minz	𐑥𐑰𐑯𐑟	miːnz	high	
measles	𐑥𐑦𐑟𐑩𐑤𐑟	ˈmizəlz	𐑥𐑰𐑟𐑩𐑤𐑟	ˈmiːzəlz	high	
measly	𐑥𐑦𐑟𐑤𐑦	ˈmizli	𐑥𐑰𐑟𐑤𐑦	ˈmiːzli	high	
measure	𐑥𐑦𐑠𐑼	ˈmɪʒəR	𐑥𐑧𐑠𐑼	ˈmeʒəR	high	
measure	𐑥𐑱𐑠𐑼	ˈmeɪʒəR	𐑥𐑧𐑠𐑼	ˈmeʒəR	high	
measured	𐑥𐑱𐑠𐑼𐑛	ˈmeɪʒəRd	𐑥𐑧𐑠𐑼𐑛	ˈmeʒəRd	high	
measurement	𐑥𐑧𐑠𐑩𐑥𐑩𐑯𐑑	meʒəmənt	𐑥𐑧𐑠𐑼𐑥𐑩𐑯𐑑	ˈmeʒəRmənt	medium	r_gap:spelling=1,ipa=0; shave_says:𐑥𐑧𐑠𐑼𐑥𐑩𐑯𐑑
measures	𐑥𐑧𐑠𐑩𐑟	meʒəz	𐑥𐑧𐑠𐑼𐑟	ˈmeʒəRz	medium	r_gap:spelling=1,ipa=0; shave_says:𐑥𐑧𐑠𐑼𐑟
measuring	𐑥𐑱𐑠𐑼𐑦𐑙	ˈmeɪʒərɪŋ	𐑥𐑧𐑠𐑼𐑦𐑙	ˈmeʒərɪŋ	high	
meat	𐑥𐑦𐑑	mit	𐑥𐑰𐑑	miːt	high	
mechanic	𐑥𐑩𐑒𐑨𐑯𐑦𐑒	məˈkænɪk	𐑥𐑦𐑒𐑨𐑯𐑦𐑒	mɪˈkænɪk	high	
mechanical	𐑥𐑩𐑒𐑨𐑯𐑦𐑒𐑩𐑤	məˈkænɪkəl	𐑥𐑦𐑒𐑨𐑯𐑦𐑒𐑩𐑤	mɪˈkænɪkəl	high	
mechanical	𐑥𐑩𐑒𐑨𐑯𐑩𐑒𐑩𐑤	məˈkænəkəl	𐑥𐑦𐑒𐑨𐑯𐑦𐑒𐑩𐑤	mɪˈkænɪkəl	high	
mechanics	𐑥𐑩𐑒𐑨𐑯𐑦𐑒𐑕	məˈkænɪks	𐑥𐑦𐑒𐑨𐑯𐑦𐑒𐑕	mɪˈkænɪks	high	
medal	𐑥𐑧𐑑𐑤	ˈmetl	𐑥𐑧𐑛𐑩𐑤	ˈmedəl	high	
medal	𐑥𐑧𐑛𐑤	ˈmedl	𐑥𐑧𐑛𐑩𐑤	ˈmedəl	high	
medallion	𐑥𐑩𐑛𐑨𐑤𐑘𐑩𐑯	məˈdæljən	𐑥𐑦𐑛𐑨𐑤𐑾𐑯	mɪˈdælɪən	high	
meddler	𐑥𐑧𐑛𐑩𐑤𐑼	ˈmedələR	𐑥𐑧𐑛𐑤𐑼	ˈmedləR	high	
media	𐑥𐑦𐑛𐑦𐑩	ˈmidiə	𐑥𐑰𐑛𐑾	ˈmiːdɪə	high	
media	𐑥𐑧𐑛𐑦𐑩	ˈmediə	𐑥𐑰𐑛𐑾	ˈmiːdɪə	high	
media	𐑥𐑰𐑛𐑦𐑩	ˈmiːdiə	𐑥𐑰𐑛𐑾	ˈmiːdɪə	high	
mediaeval	𐑥𐑧𐑛𐑦𐑦𐑝𐑩𐑤	ˌmediˈivəl	𐑥𐑧𐑛𐑦𐑰𐑝𐑩𐑤	ˌmedɪˈiːvəl	high	
mediaeval	𐑥𐑰𐑛𐑦𐑰𐑝𐑩𐑤	ˌmiːdiˈiːvəl	𐑥𐑧𐑛𐑦𐑰𐑝𐑩𐑤	ˌmedɪˈiːvəl	high	
median	𐑥𐑦𐑛𐑦𐑩𐑯	ˈmidiən	𐑥𐑰𐑛𐑾𐑯	ˈmiːdɪən	high	
mediate	𐑥𐑦𐑛𐑦𐑩𐑑	ˈmidiət	𐑥𐑰𐑛𐑦𐑱𐑑	ˈmiːdieɪt	high	
mediate	𐑥𐑦𐑛𐑦𐑱𐑑	ˈmidieɪt	𐑥𐑰𐑛𐑦𐑱𐑑	ˈmiːdieɪt	high	
mediation	𐑥𐑦𐑛𐑦𐑱𐑖𐑩𐑯	ˌmidiˈeɪʃən	𐑥𐑰𐑛𐑦𐑱𐑖𐑩𐑯	ˌmiːdɪˈeɪʃən	high	
mediator	𐑥𐑦𐑛𐑦𐑱𐑑𐑼	ˈmidieɪtəR	𐑥𐑰𐑛𐑦𐑱𐑑𐑼	ˈmiːdieɪtəR	high	
medicine	𐑥𐑧𐑛𐑕𐑦𐑯	ˈmedsɪn	𐑥𐑧𐑛𐑦𐑕𐑩𐑯	ˈmedɪsən	high	
medicine	𐑥𐑧𐑛𐑦𐑕𐑦𐑯	ˈmedɪsɪn	𐑥𐑧𐑛𐑦𐑕𐑩𐑯	ˈmedɪsən	high	
medieval	𐑥𐑦𐑛𐑦𐑝𐑩𐑤	mɪdˈivəl	𐑥𐑧𐑛𐑦𐑰𐑝𐑩𐑤	ˌmedɪˈiːvəl	high	
medieval	𐑥𐑦𐑛𐑰𐑝𐑩𐑤	mɪdˈiːvəl	𐑥𐑧𐑛𐑦𐑰𐑝𐑩𐑤	ˌmedɪˈiːvəl	high	
medieval	𐑥𐑧𐑛𐑦𐑝𐑩𐑤	ˌmeˈdivəl	𐑥𐑧𐑛𐑦𐑰𐑝𐑩𐑤	ˌmedɪˈiːvəl	high	
medieval	𐑥𐑰𐑛𐑦𐑰𐑝𐑩𐑤	ˌmiːdiˈiːvəl	𐑥𐑧𐑛𐑦𐑰𐑝𐑩𐑤	ˌmedɪˈiːvəl	high	
mediocre	𐑥𐑦𐑛𐑦𐑴𐑒𐑼	ˌmidiˈoʊkər	𐑥𐑰𐑛𐑦𐑴𐑒𐑼	ˌmiːdɪˈəʊkəR	high	
mediocrity	𐑥𐑦𐑛𐑦𐑪𐑒𐑮𐑦𐑑𐑦	midɪˈɒkrɪti	𐑥𐑰𐑛𐑦𐑪𐑒𐑮𐑦𐑑𐑦	ˌmiːdɪˈɒkrɪti	high	
mediterranean	𐑥𐑧𐑑𐑦𐑑𐑼𐑱𐑯𐑾𐑯	metɪtəˈreɪnɪən	𐑥𐑧𐑛𐑦𐑑𐑼𐑱𐑯𐑾𐑯	ˌmedɪtəˈreɪnɪən	medium	r_gap:spelling=2,ipa=1
mediterranean	𐑥𐑧𐑛𐑦𐑑𐑼𐑱𐑯𐑘𐑩𐑯	medɪtəˈreɪnjən	𐑥𐑧𐑛𐑦𐑑𐑼𐑱𐑯𐑾𐑯	ˌmedɪtəˈreɪnɪən	medium	r_gap:spelling=2,ipa=1
meek	𐑥𐑦𐑒	mik	𐑥𐑰𐑒	miːk	high	
meet	𐑥𐑦𐑑	mit	𐑥𐑰𐑑	miːt	high	
meeting	𐑥𐑦𐑑𐑦𐑙	ˈmitɪŋ	𐑥𐑰𐑑𐑦𐑙	ˈmiːtɪŋ	high	
megan	𐑥𐑰𐑜𐑩𐑯	ˈmiːɡən	𐑥𐑧𐑜𐑩𐑯	ˈmeɡən	high	
megan	𐑥𐑱𐑜𐑩𐑯	ˈmeɪɡən	𐑥𐑧𐑜𐑩𐑯	ˈmeɡən	high	
mekong	𐑥𐑦𐑒𐑷𐑙	ˈmikɔːŋ	𐑥𐑰𐑒𐑪𐑙	ˌmiːˈkɒŋ	high	
melancholy	𐑥𐑧𐑤𐑩𐑯𐑒𐑩𐑤𐑦	ˈmelənkəli	𐑥𐑧𐑤𐑩𐑯𐑒𐑪𐑤𐑦	ˈmelənkɒli	high	
melbourne	𐑥𐑧𐑤𐑚𐑩𐑯	melbən	𐑥𐑧𐑤𐑚𐑼𐑯	ˈmelbəRn	medium	r_gap:spelling=1,ipa=0; shave_says:·𐑥𐑧𐑤𐑚𐑼𐑯
melbourne	𐑥𐑧𐑤𐑚𐑹𐑯	melbɔːRn	𐑥𐑧𐑤𐑚𐑼𐑯	ˈmelbəRn	high	
melee	𐑥𐑧𐑤𐑦	ˈmeli	𐑥𐑱𐑤𐑱	ˈmeɪleɪ	high	
melee	𐑥𐑧𐑤𐑱	ˈmeˌleɪ	𐑥𐑱𐑤𐑱	ˈmeɪleɪ	high	
melee	𐑥𐑩𐑤𐑱	məˈleɪ	𐑥𐑱𐑤𐑱	ˈmeɪleɪ	high	
mellifluous	𐑥𐑩𐑤𐑦𐑓𐑤𐑫𐑩𐑕	məˈlɪfluəs	𐑥𐑧𐑤𐑦𐑓𐑤𐑫𐑩𐑕	meˈlɪfluəs	high	
mellotron	𐑥𐑧𐑤𐑩𐑑𐑮𐑪𐑯	melətrɒn	𐑥𐑧𐑤𐑴𐑑𐑮𐑪𐑯	ˈmeləʊtrɒn	high	
melodic	𐑥𐑩𐑤𐑪𐑑𐑦𐑒	məˈlɒtɪk	𐑥𐑦𐑤𐑪𐑛𐑦𐑒	mɪˈlɒdɪk	high	
melodious	𐑥𐑩𐑤𐑴𐑛𐑦𐑩𐑕	məˈləʊdiəs	𐑥𐑦𐑤𐑴𐑛𐑾𐑕	mɪˈləʊdɪəs	high	
melodramatic	𐑥𐑧𐑤𐑴𐑛𐑮𐑩𐑥𐑨𐑑𐑦𐑒	meləʊdrəmætɪk	𐑥𐑧𐑤𐑩𐑛𐑮𐑩𐑥𐑨𐑑𐑦𐑒	ˌmelədrəˈmætɪk	high	
memoir	𐑥𐑧𐑥𐑢𐑭	memwɑː	𐑥𐑧𐑥𐑢𐑸	ˈmemwɑːR	medium	r_gap:spelling=1,ipa=0; shave_says:𐑥𐑧𐑥𐑢𐑸
memorabilia	𐑥𐑧𐑥𐑼𐑩𐑚𐑦𐑤𐑾	memərəbɪlɪə	𐑥𐑧𐑥𐑼𐑩𐑚𐑰𐑤𐑾	ˌmemərəˈbiːlɪə	high	
menagerie	𐑥𐑩𐑯𐑨𐑠𐑼𐑦	məˈnæʒəri	𐑥𐑦𐑯𐑨𐑡𐑼𐑦	mɪˈnædʒəri	high	
menagerie	𐑥𐑩𐑯𐑨𐑡𐑼𐑦	məˈnædʒəri	𐑥𐑦𐑯𐑨𐑡𐑼𐑦	mɪˈnædʒəri	high	
mendacity	-𐑑𐑦	-ti	𐑥𐑧𐑯𐑛𐑨𐑕𐑦𐑑𐑦	menˈdæsɪti	high	
mendacity	𐑥𐑧𐑯𐑛𐑨𐑕𐑩𐑑𐑦	menˈdæsəti	𐑥𐑧𐑯𐑛𐑨𐑕𐑦𐑑𐑦	menˈdæsɪti	high	
menstrual	𐑥𐑧𐑯𐑕𐑑𐑮𐑩𐑤	ˈmenstrəl	𐑥𐑧𐑯𐑕𐑑𐑮𐑫𐑩𐑤	ˈmenstruəl	high	
menstruate	𐑥𐑧𐑯𐑕𐑑𐑮𐑩𐑢𐑱𐑑	ˈmenstrəˌweɪt	𐑥𐑧𐑯𐑕𐑑𐑮𐑫𐑱𐑑	ˈmenstrueɪt	high	
menstruate	𐑥𐑧𐑯𐑕𐑑𐑮𐑱𐑑	ˌmenˈstreɪt	𐑥𐑧𐑯𐑕𐑑𐑮𐑫𐑱𐑑	ˈmenstrueɪt	high	
menstruation	-𐑕𐑑𐑮𐑩𐑢𐑱-	-strəˈweɪ-	𐑥𐑧𐑯𐑕𐑑𐑮𐑫𐑱𐑖𐑩𐑯	ˌmenstruˈeɪʃən	high	
menstruation	𐑥𐑧𐑯𐑕𐑑𐑮𐑱𐑖𐑩𐑯	ˌmenˈstreɪʃən	𐑥𐑧𐑯𐑕𐑑𐑮𐑫𐑱𐑖𐑩𐑯	ˌmenstruˈeɪʃən	high	
menstruation	𐑥𐑧𐑯𐑕𐑑𐑮𐑵𐑱𐑖𐑩𐑯	menstruːeɪʃən	𐑥𐑧𐑯𐑕𐑑𐑮𐑫𐑱𐑖𐑩𐑯	ˌmenstruˈeɪʃən	high	
mensuration	𐑥𐑧𐑯𐑕𐑘𐑼𐑱𐑖𐑩𐑯	mensjəreɪʃən	𐑥𐑧𐑯𐑖𐑼𐑱𐑖𐑩𐑯	ˌmenʃəˈreɪʃən	high	
mentor	𐑥𐑧𐑯𐑑𐑪𐑮	ˈmentor	𐑥𐑧𐑯𐑑𐑹	ˈmentɔːR	high	
mentor	𐑥𐑧𐑯𐑑𐑪𐑼	mentoəR	𐑥𐑧𐑯𐑑𐑹	ˈmentɔːR	high	
mentor	𐑥𐑧𐑯𐑑𐑼	ˈmentəR	𐑥𐑧𐑯𐑑𐑹	ˈmentɔːR	high	
menu	𐑥𐑧𐑯𐑘𐑫	ˈmenju	𐑥𐑧𐑯𐑿	ˈmenjuː	high	
mercantile	-𐑑𐑦𐑤	-ˌtil	𐑥𐑻𐑒𐑩𐑯𐑑𐑲𐑤	ˈmɜːRkəntaɪl	medium	r_gap:spelling=1,ipa=0
mercator	𐑥𐑩𐑒𐑱𐑑𐑼	məkeɪtəR	𐑥𐑼𐑒𐑱𐑑𐑼	məRˈkeɪtəR	medium	r_gap:spelling=2,ipa=1; shave_says:𐑥𐑼𐑒𐑱𐑑𐑼
mercator	𐑥𐑻𐑒𐑱𐑑𐑼	mɜːRkeɪtəR	𐑥𐑼𐑒𐑱𐑑𐑼	məRˈkeɪtəR	high	
mercenary	𐑥𐑻𐑕𐑩𐑯𐑧𐑮𐑦	ˈmɜːRsəˌneri	𐑥𐑻𐑕𐑦𐑯𐑼𐑦	ˈmɜːRsɪnəri	high	
mercenary	𐑥𐑻𐑕𐑩𐑯𐑮𐑦	mɜːRsənri	𐑥𐑻𐑕𐑦𐑯𐑼𐑦	ˈmɜːRsɪnəri	high	
mercenary	𐑥𐑻𐑕𐑩𐑯𐑼𐑦	mɜːRsənəri	𐑥𐑻𐑕𐑦𐑯𐑼𐑦	ˈmɜːRsɪnəri	high	
merchandise	-𐑛𐑲𐑟	-daɪz	𐑥𐑻𐑗𐑩𐑯𐑛𐑲𐑟	ˈmɜːRtʃəndaɪz	medium	r_gap:spelling=1,ipa=0; shave_says:𐑥𐑻𐑗𐑩𐑯𐑛𐑲𐑟
merchandise	𐑥𐑻𐑗𐑩𐑯𐑛𐑲𐑕	mɜːRtʃəndaɪs	𐑥𐑻𐑗𐑩𐑯𐑛𐑲𐑟	ˈmɜːRtʃəndaɪz	high	
mercia	𐑥𐑻𐑕𐑦𐑩	mɜːRsiə	𐑥𐑻𐑕𐑾	ˈmɜːRsiə	high	
mercia	𐑥𐑻𐑖𐑦𐑩	mɜːRʃiə	𐑥𐑻𐑕𐑾	ˈmɜːRsiə	high	
mercia	𐑥𐑻𐑖𐑩	mɜːRʃə	𐑥𐑻𐑕𐑾	ˈmɜːRsiə	high	
mercurial	-𐑒𐑘𐑷-	-ˈkjɔː-	𐑥𐑻𐑒𐑘𐑫𐑼𐑾𐑤	mɜːRˈkjʊərɪəl	medium	r_gap:spelling=2,ipa=0
mercurial	𐑥𐑻𐑒𐑘𐑼𐑦𐑩𐑤	mɜːRˈkjəriəl	𐑥𐑻𐑒𐑘𐑫𐑼𐑾𐑤	mɜːRˈkjʊərɪəl	high	
mercury	𐑥𐑻𐑒𐑼𐑦	ˈmɜːRkəri	𐑥𐑻𐑒𐑘𐑼𐑦	ˈmɜːRkjəri	high	
merely	𐑥𐑦𐑮𐑤𐑦	ˈmɪrli	𐑥𐑽𐑤𐑦	ˈmɪəRli	high	
meridian	𐑥𐑦-	mɪ-	𐑥𐑼𐑦𐑛𐑾𐑯	məˈrɪdɪən	medium	r_gap:spelling=1,ipa=0; shave_says:𐑥𐑼𐑦𐑛𐑾𐑯
meridian	𐑥𐑼𐑦𐑛𐑦𐑩𐑯	məˈrɪdiən	𐑥𐑼𐑦𐑛𐑾𐑯	məˈrɪdɪən	high	
merino	𐑥𐑼𐑦𐑯𐑴	məˈrinoʊ	𐑥𐑼𐑰𐑯𐑴	məˈriːnəʊ	high	
merit	𐑥𐑧𐑮𐑩𐑑	merət	𐑥𐑧𐑮𐑦𐑑	ˈmerɪt	high	
meritocracy	𐑥𐑧𐑮𐑩𐑑𐑪𐑒𐑮𐑩𐑕𐑦	merəˈtɒkrəsi	𐑥𐑧𐑮𐑦𐑑𐑪𐑒𐑮𐑩𐑕𐑦	ˌmerɪˈtɒkrəsi	high	
meritorious	𐑥𐑧𐑮𐑦𐑑𐑴𐑮𐑦𐑩𐑕	ˌmerɪˈtoʊriəs	𐑥𐑧𐑮𐑦𐑑𐑹𐑾𐑕	ˌmerɪˈtɔːrɪəs	high	
meritorious	𐑥𐑧𐑮𐑦𐑑𐑹𐑦𐑩𐑕	ˌmerɪˈtɔːRiəs	𐑥𐑧𐑮𐑦𐑑𐑹𐑾𐑕	ˌmerɪˈtɔːrɪəs	high	
merriment	𐑥𐑧𐑮𐑦𐑥𐑦𐑯𐑑	ˈmerimɪnt	𐑥𐑧𐑮𐑦𐑥𐑩𐑯𐑑	ˈmerɪmənt	medium	r_gap:spelling=2,ipa=1
merry-go-round	𐑥𐑧𐑮𐑦𐑜𐑴𐑮𐑬𐑯𐑛	meriɡəʊraʊnd	𐑥𐑧𐑮𐑦-𐑜𐑴-𐑮𐑬𐑯𐑛	ˈmeri-ɡəʊ-raʊnd	medium	r_gap:spelling=3,ipa=2; shave_says:𐑥𐑧𐑮𐑦-𐑜𐑴-𐑮𐑬𐑯𐑛
merthyr tydfil	𐑥𐑻𐑔𐑩 𐑑𐑦𐑛𐑝𐑦𐑤	mɜːRθə tɪdvɪl	𐑥𐑻𐑔𐑼 𐑑𐑦𐑛𐑝𐑦𐑤	ˌmɜːRθə ˈtɪdvɪl	medium	r_gap:spelling=2,ipa=1; shave_says:·𐑥𐑻𐑔𐑼 𐑑𐑦𐑛𐑝𐑦𐑤
meseems	𐑥𐑦𐑕𐑦𐑥𐑟	miˈsimz	𐑥𐑦𐑕𐑰𐑥𐑟	mɪˈsiːmz	high	
messenger	𐑥𐑧𐑕𐑩𐑯𐑡𐑼	ˈmesəndʒəR	𐑥𐑧𐑕𐑦𐑯𐑡𐑼	ˈmesɪndʒəR	high	
messengers	𐑥𐑧𐑕𐑩𐑯𐑡𐑼𐑟	ˈmesəndʒəRz	𐑥𐑧𐑕𐑦𐑯𐑡𐑼𐑟	ˈmesɪndʒəRz	high	
messrs	𐑥𐑧𐑕𐑩𐑟	mesəz	𐑥𐑧𐑕𐑼𐑟	ˈmesəRz	medium	r_gap:spelling=1,ipa=0; shave_says:𐑥𐑧𐑕𐑼𐑟
meta	𐑥𐑰𐑑𐑩	ˈmiːtə	𐑥𐑧𐑑𐑩	ˈmetə	high	
metabolism	𐑥𐑩𐑑𐑨𐑚𐑩𐑤𐑦𐑟𐑩𐑥	məˈtæbəˌlɪzəm	𐑥𐑦𐑑𐑨𐑚𐑩𐑤𐑦𐑟𐑩𐑥	mɪˈtæbəlɪzəm	high	
metallurgist	𐑥𐑧𐑑𐑤𐑻𐑡𐑩𐑕𐑑	ˈmetlˌɜːRdʒəst	𐑥𐑦𐑑𐑨𐑤𐑼𐑡𐑦𐑕𐑑	mɪˈtæləRdʒɪst	high	
metallurgist	𐑥𐑧𐑑𐑩𐑤𐑻𐑡𐑦𐑕𐑑	ˈmetəˌlɜːRdʒɪst	𐑥𐑦𐑑𐑨𐑤𐑼𐑡𐑦𐑕𐑑	mɪˈtæləRdʒɪst	high	
metallurgist	𐑥𐑩𐑑𐑨𐑤𐑩𐑡𐑦𐑕𐑑	mətælədʒɪst	𐑥𐑦𐑑𐑨𐑤𐑼𐑡𐑦𐑕𐑑	mɪˈtæləRdʒɪst	medium	r_gap:spelling=1,ipa=0; shave_says:𐑥𐑦𐑑𐑨𐑤𐑻𐑡𐑦𐑕𐑑
metallurgy	𐑥𐑧𐑑𐑩𐑤𐑻𐑡𐑦	ˈmetəˌlɜːRdʒi	𐑥𐑦𐑑𐑨𐑤𐑼𐑡𐑦	mɪˈtæləRdʒi	high	
metallurgy	𐑥𐑩𐑑𐑨𐑤𐑩𐑡𐑦	mətælədʒi	𐑥𐑦𐑑𐑨𐑤𐑼𐑡𐑦	mɪˈtæləRdʒi	medium	r_gap:spelling=1,ipa=0; shave_says:𐑥𐑦𐑑𐑨𐑤𐑻𐑡𐑦
metamorphose	𐑥𐑧𐑑𐑩𐑥𐑹𐑓𐑴𐑕	ˌmetəˈmɔːRˌfoʊs	𐑥𐑧𐑑𐑩𐑥𐑹𐑓𐑴𐑟	ˌmetəˈmɔːRfəʊz	high	
metamorphosis	𐑥𐑧𐑑𐑩𐑥𐑪𐑮𐑓𐑩𐑕𐑦𐑕	ˌmetəˈmorfəsɪs	𐑥𐑧𐑑𐑩𐑥𐑹𐑓𐑩𐑕𐑦𐑕	ˌmetəˈmɔːRfəsɪs	high	
metamorphosis	𐑥𐑧𐑑𐑩𐑥𐑹𐑓𐑴𐑕𐑦𐑕	metəmɔːRfəʊsɪs	𐑥𐑧𐑑𐑩𐑥𐑹𐑓𐑩𐑕𐑦𐑕	ˌmetəˈmɔːRfəsɪs	high	
metaphor	𐑥𐑧𐑑𐑩𐑓𐑪𐑮	ˈmetəfor	𐑥𐑧𐑑𐑩𐑓𐑹	ˈmetəfɔːR	high	
metaphor	𐑥𐑧𐑑𐑩𐑓𐑼	metəfəR	𐑥𐑧𐑑𐑩𐑓𐑹	ˈmetəfɔːR	high	
metaphorical	𐑥𐑧𐑑𐑩𐑓𐑪𐑮𐑦𐑒𐑤	ˌmetəˈforɪkl	𐑥𐑧𐑑𐑩𐑓𐑪𐑮𐑦𐑒𐑩𐑤	ˌmetəˈfɒrɪkəl	high	
meteor	𐑥𐑰𐑑𐑦𐑪𐑮	ˈmiːtior	𐑥𐑰𐑑𐑦𐑹	ˈmiːtɪɔːR	high	
meteor	𐑥𐑰𐑑𐑦𐑼	ˈmiːtiəR	𐑥𐑰𐑑𐑦𐑹	ˈmiːtɪɔːR	high	
meteor	𐑥𐑰𐑑𐑽	miːtɪəR	𐑥𐑰𐑑𐑦𐑹	ˈmiːtɪɔːR	high	
meteorite	-𐑑𐑦-	-ti-	𐑥𐑰𐑑𐑽𐑲𐑑	ˈmiːtɪəraɪt	medium	r_gap:spelling=1,ipa=0
meteorite	𐑥𐑦𐑑𐑦𐑼𐑲𐑑	ˈmitiəˌraɪt	𐑥𐑰𐑑𐑽𐑲𐑑	ˈmiːtɪəraɪt	high	
meteorological	𐑥𐑦𐑑𐑦𐑼𐑩𐑤𐑪𐑡𐑦𐑒𐑩𐑤	ˌmitiərəˈlɒdʒɪkəl	𐑥𐑰𐑑𐑽𐑩𐑤𐑪𐑡𐑦𐑒𐑩𐑤	ˌmiːtɪərəˈlɒdʒɪkəl	high	
meteorology	𐑥𐑰𐑑𐑦𐑼𐑪𐑤𐑩𐑡𐑦	ˌmiːtiəˈrɒlədʒi	𐑥𐑰𐑑𐑽𐑪𐑤𐑩𐑡𐑦	ˌmiːtɪəˈrɒlədʒi	high	
meter	𐑥𐑦𐑑𐑼	ˈmitəR	𐑥𐑰𐑑𐑼	ˈmiːtəR	high	
methane	𐑥𐑧𐑔𐑱𐑯	ˈmeθeɪn	𐑥𐑰𐑔𐑱𐑯	ˈmiːθeɪn	high	
methodical	𐑥𐑦𐑔𐑪𐑑𐑦𐑒𐑩𐑤	mɪˈθɒtɪkəl	𐑥𐑦𐑔𐑪𐑛𐑦𐑒𐑩𐑤	mɪˈθɒdɪkəl	high	
methodically	𐑥𐑦𐑔𐑪𐑑𐑦𐑒𐑩𐑤𐑦	mɪˈθɒtɪkəli	𐑥𐑦𐑔𐑪𐑛𐑦𐑒𐑤𐑦	mɪˈθɒdɪkli	high	
methodically	𐑥𐑦𐑔𐑪𐑛𐑦𐑒𐑩𐑤𐑦	mɪˈθɒdɪkəli	𐑥𐑦𐑔𐑪𐑛𐑦𐑒𐑤𐑦	mɪˈθɒdɪkli	high	
methodology	𐑥𐑧𐑔𐑦𐑛𐑪𐑤𐑦𐑡𐑦	ˌmeθɪˈdɒlɪdʒi	𐑥𐑧𐑔𐑩𐑛𐑪𐑤𐑩𐑡𐑦	ˌmeθəˈdɒlədʒi	high	
methyl	𐑥𐑧𐑔𐑩𐑤	ˈmeθəl	𐑥𐑧𐑔𐑦𐑤	ˈmeθɪl	high	
methyl	𐑥𐑧𐑔𐑲𐑤	ˈmeθaɪl	𐑥𐑧𐑔𐑦𐑤	ˈmeθɪl	high	
methyl	𐑥𐑰𐑔𐑦𐑤	ˈmiːθɪl	𐑥𐑧𐑔𐑦𐑤	ˈmeθɪl	high	
methyl	𐑥𐑰𐑔𐑲𐑤	ˈmiːθaɪl	𐑥𐑧𐑔𐑦𐑤	ˈmeθɪl	high	
meticulous	𐑥𐑦𐑑𐑦𐑒𐑘𐑦𐑤𐑦𐑕	mɪˈtɪkjɪlɪs	𐑥𐑦𐑑𐑦𐑒𐑘𐑩𐑤𐑩𐑕	mɪˈtɪkjələs	high	
meticulous	𐑥𐑦𐑑𐑦𐑒𐑘𐑫𐑤𐑩𐑕	mɪˈtɪkjuləs	𐑥𐑦𐑑𐑦𐑒𐑘𐑩𐑤𐑩𐑕	mɪˈtɪkjələs	high	
metropolis	𐑥𐑦𐑑𐑮𐑪𐑐𐑩𐑤𐑦𐑕	mɪtrɒpəlɪs	𐑥𐑩𐑑𐑮𐑪𐑐𐑩𐑤𐑦𐑕	məˈtrɒpəlɪs	high	
metropolitan	-𐑑𐑩𐑯	-tən	𐑥𐑧𐑑𐑮𐑩𐑐𐑪𐑤𐑦𐑑𐑩𐑯	ˌmetrəˈpɒlɪtən	medium	r_gap:spelling=1,ipa=0; shave_says:𐑥𐑧𐑑𐑮𐑩𐑐𐑪𐑤𐑦𐑑𐑩𐑯
mew	𐑥𐑘𐑫	mju	𐑥𐑿	mjuː	high	
mexican	𐑥𐑧𐑒𐑕𐑩𐑒𐑩𐑯	ˈmeksəkən	𐑥𐑧𐑒𐑕𐑦𐑒𐑩𐑯	ˈmeksɪkən	high	
mexico	𐑥𐑧𐑣𐑦𐑒𐑴	ˈmehikəʊ	𐑥𐑧𐑒𐑕𐑦𐑒𐑴	ˈmeksɪkəʊ	high	
mezzanine	𐑥𐑧𐑑𐑕𐑩𐑯𐑰𐑯	ˈmetsəniːn	𐑥𐑧𐑟𐑩𐑯𐑰𐑯	ˈmezəniːn	high	
mezzanine	𐑥𐑧𐑟𐑩𐑯𐑦𐑯	ˈmezəˌnin	𐑥𐑧𐑟𐑩𐑯𐑰𐑯	ˈmezəniːn	high	
mezzo	𐑥𐑧𐑛𐑟𐑴	ˈmedzoʊ	𐑥𐑧𐑑𐑕𐑴	ˈmetsəʊ	high	
miasma	𐑥𐑦𐑨𐑟𐑥𐑩	miˈæzmə	𐑥𐑲𐑨𐑟𐑥𐑩	maɪˈæzmə	high	
microbial	𐑥𐑲𐑒𐑮𐑴𐑚𐑦𐑩𐑤	maɪkrəʊbiəl	𐑥𐑲𐑒𐑮𐑴𐑚𐑾𐑤	maɪˈkrəʊbiəl	high	
microcosm	𐑥𐑲𐑒𐑮𐑩𐑒𐑪𐑟𐑩𐑥	ˈmaɪkrəˌkɒzəm	𐑥𐑲𐑒𐑮𐑴𐑒𐑪𐑟𐑩𐑥	ˈmaɪkrəʊkɒzəm	high	
micrometer	𐑥𐑲𐑒𐑮𐑩𐑥𐑰𐑑𐑼	maɪkrəmiːtəR	𐑥𐑲𐑒𐑮𐑪𐑥𐑦𐑑𐑼	maɪˈkrɒmɪtəR	high	
micrometer	𐑥𐑲𐑒𐑮𐑴𐑥𐑰𐑑𐑼	ˈmaɪkroʊˌmiːtər	𐑥𐑲𐑒𐑮𐑪𐑥𐑦𐑑𐑼	maɪˈkrɒmɪtəR	high	
microphone	𐑥𐑳𐑦𐑒𐑮𐑩𐑓𐑴𐑯	ˈmʌɪkrəˌfoʊn	𐑥𐑲𐑒𐑮𐑩𐑓𐑴𐑯	ˈmaɪkrəfəʊn	high	
microsoft	𐑥𐑲𐑒𐑮𐑩𐑕𐑪𐑓𐑑	maɪkrəsɒft	𐑥𐑲𐑒𐑮𐑴𐑕𐑪𐑓𐑑	ˈmaɪkrəʊsɒft	high	
microsoft	𐑥𐑲𐑒𐑮𐑩𐑕𐑷𐑓𐑑	ˈmaɪkrəˌsɔːft	𐑥𐑲𐑒𐑮𐑴𐑕𐑪𐑓𐑑	ˈmaɪkrəʊsɒft	high	
microsoft	𐑥𐑲𐑒𐑮𐑴𐑕𐑷𐑓𐑑	ˈmaɪkroʊˌsɔːft	𐑥𐑲𐑒𐑮𐑴𐑕𐑪𐑓𐑑	ˈmaɪkrəʊsɒft	high	
middle	𐑥𐑦𐑑𐑤	ˈmɪtl	𐑥𐑦𐑛𐑩𐑤	ˈmɪdəl	high	
middle	𐑥𐑦𐑛𐑫	ˈmɪdʊ	𐑥𐑦𐑛𐑩𐑤	ˈmɪdəl	high	
middling	𐑥𐑦𐑛𐑩𐑤𐑦𐑙	ˈmɪdəlɪŋ	𐑥𐑦𐑛𐑤𐑦𐑙	ˈmɪdlɪŋ	high	
middlings	𐑥𐑦𐑛𐑩𐑤𐑦𐑙𐑟	ˈmɪdəlɪŋz	𐑥𐑦𐑛𐑤𐑦𐑙𐑟	ˈmɪdlɪŋz	high	
midterm	𐑥𐑦𐑛𐑑𐑼𐑥	ˈmɪdˌtəRm	𐑥𐑦𐑛𐑑𐑻𐑥	ˌmɪdˈtɜːRm	high	
midwifery	𐑥𐑦𐑛𐑢𐑲𐑓𐑼𐑦	ˈmɪdˌwaɪfəri	𐑥𐑦𐑛𐑢𐑦𐑓𐑼𐑦	ˈmɪdwɪfəri	high	
mifepristone	𐑥𐑦𐑓𐑧𐑐𐑮𐑦𐑕𐑑𐑴𐑯	mɪfeprɪstəʊn	𐑥𐑦𐑓𐑩𐑐𐑮𐑦𐑕𐑑𐑴𐑯	ˌmɪfəˈprɪˌstəʊn	high	
might	𐑥𐑳𐑦𐑑	mʌɪt	𐑥𐑲𐑑	maɪt	high	
mightily	-𐑑𐑦-	-tɪ-	𐑥𐑲𐑑𐑦𐑤𐑦	ˈmaɪtɪli	high	
mighty	𐑥𐑳𐑦𐑑𐑦	ˈmʌɪti	𐑥𐑲𐑑𐑦	ˈmaɪti	high	
migraine	𐑥𐑰𐑜𐑮𐑱𐑯	miːɡreɪn	𐑥𐑲𐑜𐑮𐑱𐑯	ˈmaɪɡreɪn	high	
migratory	𐑥𐑲𐑜𐑮𐑩𐑑𐑹𐑦	ˈmaɪɡrəˌtɔːRi	𐑥𐑲𐑜𐑮𐑩𐑑𐑼𐑦	ˈmaɪɡrətəri	high	
migratory	𐑥𐑲𐑜𐑮𐑱𐑑𐑼𐑦	maɪɡreɪtəri	𐑥𐑲𐑜𐑮𐑩𐑑𐑼𐑦	ˈmaɪɡrətəri	high	
mildew	𐑥𐑦𐑤𐑛𐑘𐑫	ˈmɪldju	𐑥𐑦𐑤𐑛𐑵, 𐑥𐑦𐑤𐑛𐑿	ˈmɪldjuː	high	
milieu	-𐑘𐑫	-ˈju	𐑥𐑰𐑤𐑘𐑻	ˈmiːljɜː	high	
milieu	𐑥𐑦𐑤𐑘𐑫	mɪlˈju	𐑥𐑰𐑤𐑘𐑻	ˈmiːljɜː	high	
milieu	𐑥𐑦𐑤𐑘𐑻	mɪlˈjɜː	𐑥𐑰𐑤𐑘𐑻	ˈmiːljɜː	high	
militarily	𐑥𐑦𐑤𐑦𐑑𐑧𐑮𐑩𐑤𐑦	ˌmɪlɪˈterəli	𐑥𐑦𐑤𐑦𐑑𐑼𐑦𐑤𐑦	ˈmɪlɪtərɪli	high	
militarily	𐑥𐑦𐑤𐑦𐑑𐑼𐑩𐑤𐑦	mɪlɪtərəli	𐑥𐑦𐑤𐑦𐑑𐑼𐑦𐑤𐑦	ˈmɪlɪtərɪli	high	
militarist	𐑥𐑦𐑤𐑩𐑑𐑼𐑦𐑕𐑑	ˈmɪlətərɪst	𐑥𐑦𐑤𐑦𐑑𐑼𐑦𐑕𐑑	ˈmɪlɪtərɪst	high	
militaristic	𐑥𐑦𐑤𐑩𐑑𐑼𐑦𐑕𐑑𐑦𐑒	ˌmɪlətəˈrɪstɪk	𐑥𐑦𐑤𐑦𐑑𐑼𐑦𐑕𐑑𐑦𐑒	ˌmɪlɪtəˈrɪstɪk	high	
military	𐑥𐑦𐑤𐑦𐑑𐑧𐑮𐑦	ˈmɪlɪˌteri	𐑥𐑦𐑤𐑦𐑑𐑼𐑦	ˈmɪlɪtəri	high	
military	𐑥𐑦𐑤𐑩𐑑𐑧𐑮𐑦	ˈmɪləˌteri	𐑥𐑦𐑤𐑦𐑑𐑼𐑦	ˈmɪlɪtəri	high	
millenarian	𐑥𐑦𐑤𐑦𐑯𐑻𐑾𐑯	mɪlɪnɜːrɪən	𐑥𐑦𐑤𐑦𐑯𐑺𐑾𐑯	ˌmɪlɪˈneərɪən	high	
millennial	𐑥𐑩𐑤𐑧𐑯𐑦𐑩𐑤	məˈleniəl	𐑥𐑦𐑤𐑧𐑯𐑾𐑤	mɪˈlenɪəl	high	
millet	𐑥𐑦𐑤𐑦𐑑	ˈmɪlɪt	𐑥𐑦𐑤𐑩𐑑	ˈmɪlIt	high	
milli-	𐑥𐑦𐑤𐑦	ˈmɪlɪ	𐑥𐑦𐑤𐑦-	ˈmɪli-	high	
milliard	𐑥𐑦𐑤𐑦𐑸𐑛	mɪlɪɑːRd	𐑥𐑦𐑤𐑘𐑸𐑛	ˈmɪljɑːRd	high	
millie	𐑥𐑦𐑤𐑰	ˈmɪliː	𐑥𐑦𐑤𐑦	ˈmɪli	high	
millimeter	𐑥𐑦𐑤𐑩𐑥𐑦𐑑𐑼	ˈmɪləˌmitəR	𐑥𐑦𐑤𐑦𐑥𐑰𐑑𐑼	ˈmɪlɪˌmiːtəR	high	
milliner	𐑥𐑦𐑤𐑩𐑯𐑼	ˈmɪlənər	𐑥𐑦𐑤𐑦𐑯𐑼	ˈmɪlɪnəR	high	
millinery	𐑥𐑦𐑤𐑯𐑼𐑦	ˈmɪlnəRˌi	𐑥𐑦𐑤𐑦𐑯𐑼𐑦	ˈmɪlɪnəri	high	
millionaire	𐑥𐑦𐑤𐑘𐑩𐑯𐑧𐑮	ˌmɪljəˈner	𐑥𐑦𐑤𐑘𐑩𐑯𐑺	ˌmɪljəˈneəR	high	
millionaire	𐑥𐑦𐑤𐑦𐑩𐑯𐑺	mɪliəneər	𐑥𐑦𐑤𐑘𐑩𐑯𐑺	ˌmɪljəˈneəR	high	
millipede	𐑥𐑦𐑤𐑩𐑐𐑦𐑛	ˈmɪləpid	𐑥𐑦𐑤𐑦𐑐𐑰𐑛	ˈmɪlɪpiːd	high	
milwaukee	𐑥𐑦𐑤𐑢𐑪𐑒𐑦	mɪlˈwɒki	𐑥𐑦𐑤𐑢𐑷𐑒𐑦	mɪlˈwɔːki	high	
milwaukee	𐑥𐑦𐑤𐑢𐑷𐑒𐑰	mɪlˈwɔːkiː	𐑥𐑦𐑤𐑢𐑷𐑒𐑦	mɪlˈwɔːki	high	
mimosa	𐑥𐑦𐑥𐑴𐑕𐑩	mɪˈməʊsə	𐑥𐑦𐑥𐑴𐑟𐑩	mɪˈməʊzə	high	
mind-boggling	𐑥𐑲𐑯𐑛𐑚𐑪𐑜𐑤𐑦𐑙	ˈmaɪndˌbɒɡlɪŋ	𐑥𐑲𐑯𐑛-𐑚𐑪𐑜𐑤𐑦𐑙	ˈmaɪnd-bɒɡlɪŋ	high	
mind-boggling	𐑥𐑲𐑯𐑛𐑚𐑪𐑜𐑩𐑤𐑦𐑙	ˈmaɪndˌbɒɡəlɪŋ	𐑥𐑲𐑯𐑛-𐑚𐑪𐑜𐑤𐑦𐑙	ˈmaɪnd-bɒɡlɪŋ	high	
minefield	𐑥𐑲𐑯𐑓𐑦𐑤𐑛	ˈmaɪnˌfild	𐑥𐑲𐑯𐑓𐑰𐑤𐑛	ˈmaɪnfiːld	high	
mineral	𐑥𐑦𐑯𐑮𐑩𐑤	mɪnrəl	𐑥𐑦𐑯𐑼𐑩𐑤	ˈmɪnərəl	high	
mineralogy	𐑥𐑦𐑯𐑼𐑪𐑤𐑩𐑡𐑦	ˌmɪnəˈrɒlədʒi	𐑥𐑦𐑯𐑼𐑨𐑤𐑩𐑡𐑦	ˌmɪnəˈrælədʒi	high	
minestrone	𐑥𐑦𐑯𐑩𐑕𐑑𐑮𐑴𐑯𐑦	ˌmɪnəˈstroʊni	𐑥𐑦𐑯𐑦𐑕𐑑𐑮𐑴𐑯𐑦	ˌmɪnɪˈstrəʊni	high	
minesweeper	𐑥𐑲𐑯𐑕𐑢𐑦𐑐𐑼	ˈmaɪnˌswipəR	𐑥𐑲𐑯𐑕𐑢𐑰𐑐𐑼	ˈmaɪnswiːpəR	high	
miniature	𐑥𐑦𐑯𐑦𐑩𐑗𐑫𐑼	ˈmɪniətʃʊər	𐑥𐑦𐑯𐑦𐑗𐑼	ˈmɪnɪtʃəR	high	
minibus	𐑥𐑦𐑯𐑦𐑚𐑩𐑕	ˈmɪnibəs	𐑥𐑦𐑯𐑦𐑚𐑳𐑕	ˈmɪnɪbʌs	high	
minimal	𐑥𐑦𐑯𐑩𐑥𐑩𐑤	ˈmɪnəməl	𐑥𐑦𐑯𐑦𐑥𐑩𐑤	ˈmɪnɪməl	high	
minimize	𐑥𐑦𐑯𐑩𐑥𐑲𐑟	ˈmɪnəˌmaɪz	𐑥𐑦𐑯𐑦𐑥𐑲𐑟	ˈmɪnɪmaɪz	high	
minimum	𐑥𐑦𐑯𐑩𐑥𐑩𐑥	ˈmɪnəməm	𐑥𐑦𐑯𐑦𐑥𐑩𐑥	ˈmɪnɪməm	high	
minister	𐑥𐑦𐑯𐑦-	ˈmɪnɪ-	𐑥𐑦𐑯𐑦𐑕𐑑𐑼	ˈmɪnɪstəR	medium	r_gap:spelling=1,ipa=0
minister	𐑥𐑦𐑯𐑩𐑕𐑑𐑼	ˈmɪnəˌstəR	𐑥𐑦𐑯𐑦𐑕𐑑𐑼	ˈmɪnɪstəR	high	
ministered	𐑥𐑦𐑯𐑩𐑕𐑑𐑼𐑛	ˈmɪnəstəRd	𐑥𐑦𐑯𐑦𐑕𐑑𐑼𐑛	ˈmɪnɪstəRd	high	
ministers	𐑥𐑦𐑯𐑩𐑕𐑑𐑼𐑟	ˈmɪnəstəRz	𐑥𐑦𐑯𐑦𐑕𐑑𐑼𐑟	ˈmɪnɪstəRz	high	
minority	𐑥𐑦𐑯𐑪𐑮𐑦𐑑𐑦	mɪnɒrɪti	𐑥𐑲𐑯𐑪𐑮𐑦𐑑𐑦	maɪˈnɒrɪti	high	
minority	𐑥𐑲𐑯𐑪𐑮𐑩𐑑𐑦	maɪˈnorəti	𐑥𐑲𐑯𐑪𐑮𐑦𐑑𐑦	maɪˈnɒrɪti	high	
minotaur	𐑥𐑦𐑯𐑩𐑑𐑸	ˈmɪnəˌtɑːR	𐑥𐑲𐑯𐑩𐑑𐑹	ˈmaɪnətɔːR	high	
minotaur	𐑥𐑲𐑯𐑩𐑑𐑸	ˈmaɪnəˌtɑːR	𐑥𐑲𐑯𐑩𐑑𐑹	ˈmaɪnətɔːR	high	
minuscule	𐑥𐑦𐑯𐑘𐑩𐑕𐑒𐑿𐑤	ˈmɪnjəˌskjuːl	𐑥𐑦𐑯𐑩𐑕𐑒𐑿𐑤	ˈmɪnəskjuːl	high	
minuscule	𐑥𐑦𐑯𐑦𐑕𐑒𐑿𐑤	ˈmɪnɪˌskjuːl	𐑥𐑦𐑯𐑩𐑕𐑒𐑿𐑤	ˈmɪnəskjuːl	high	
minuscule	𐑥𐑦𐑯𐑩𐑕𐑒𐑘𐑫𐑤	ˈmɪnəˌskjul	𐑥𐑦𐑯𐑩𐑕𐑒𐑿𐑤	ˈmɪnəskjuːl	high	
minuscule	𐑥𐑦𐑯𐑳𐑕𐑒𐑘𐑫𐑤	mɪˈnʌsˌkjul	𐑥𐑦𐑯𐑩𐑕𐑒𐑿𐑤	ˈmɪnəskjuːl	high	
minute	𐑥𐑦𐑯𐑘𐑩𐑢𐑑	mɪˈnjəwt	𐑥𐑦𐑯𐑦𐑑, 𐑥𐑲𐑯𐑵𐑑, 𐑥𐑲𐑯𐑿𐑑	maɪˈnjuːt	high	
minute	𐑥𐑦𐑯𐑿𐑑	mɪˈnjuːt	𐑥𐑦𐑯𐑦𐑑, 𐑥𐑲𐑯𐑵𐑑, 𐑥𐑲𐑯𐑿𐑑	maɪˈnjuːt	high	
minute	𐑥𐑲𐑯𐑘𐑩𐑢𐑑	maɪˈnjəwt	𐑥𐑦𐑯𐑦𐑑, 𐑥𐑲𐑯𐑵𐑑, 𐑥𐑲𐑯𐑿𐑑	maɪˈnjuːt	high	
miraculous	𐑥𐑼𐑨𐑒𐑘𐑩𐑤𐑩𐑕	məˈrækjələs	𐑥𐑦𐑮𐑨𐑒𐑘𐑩𐑤𐑩𐑕	mɪˈrækjələs	high	
mire	𐑥𐑲𐑮	ˈmaɪr	𐑥𐑲𐑼	ˈmaɪəR	high	
mirror	𐑥𐑦𐑮	ˈmɪr	𐑥𐑦𐑮𐑼	ˈmɪrəR	medium	r_gap:spelling=3,ipa=1
mirror	𐑥𐑦𐑮𐑳	mɪrʌ	𐑥𐑦𐑮𐑼	ˈmɪrəR	medium	r_gap:spelling=3,ipa=1; shave_says:𐑥𐑦𐑮𐑼
mirror	𐑥𐑦𐑼	ˈmiəR	𐑥𐑦𐑮𐑼	ˈmɪrəR	medium	r_gap:spelling=3,ipa=1
misanthrope	𐑥𐑦𐑟𐑩𐑯𐑔𐑮𐑴𐑐	mɪzənθrəʊp	𐑥𐑦𐑕𐑩𐑯𐑔𐑮𐑴𐑐	ˈmɪsənθrəʊp	high	
misanthropic	-𐑟𐑩𐑯-	-zən-	𐑥𐑦𐑕𐑩𐑯𐑔𐑮𐑪𐑐𐑦𐑒	ˌmɪsənˈθrɒpɪk	medium	r_gap:spelling=1,ipa=0; shave_says:𐑥𐑦𐑕𐑩𐑯𐑔𐑮𐑪𐑐𐑦𐑒
misbehaviour	𐑥𐑦𐑕𐑚𐑩𐑣𐑱𐑝𐑘𐑼	ˌmɪsbəˈheɪvjəR	𐑥𐑦𐑕𐑚𐑦𐑣𐑱𐑝𐑘𐑼	ˌmɪsbɪˈheɪvjəR	high	
miscarriage	𐑥𐑦𐑕𐑒𐑧𐑮𐑩𐑡	ˈmɪskerədʒ	𐑥𐑦𐑕𐑒𐑨𐑮𐑦𐑡	ˌmɪsˈkærɪdʒ	medium	r_gap:spelling=2,ipa=1
miscarriage	𐑥𐑦𐑕𐑒𐑨𐑮𐑩𐑡	ˈmɪskærədʒ	𐑥𐑦𐑕𐑒𐑨𐑮𐑦𐑡	ˌmɪsˈkærɪdʒ	medium	r_gap:spelling=2,ipa=1
miscellany	𐑥𐑦𐑕𐑩𐑤𐑩𐑯𐑦	ˈmɪsələni	𐑥𐑦𐑕𐑧𐑤𐑩𐑯𐑦	mɪˈseləni	high	
miscellany	𐑥𐑦𐑕𐑩𐑤𐑱𐑯𐑦	ˈmɪsəleɪni	𐑥𐑦𐑕𐑧𐑤𐑩𐑯𐑦	mɪˈseləni	high	
mischief	𐑥𐑦𐑕𐑗𐑰𐑓	ˈmɪstʃiːf	𐑥𐑦𐑕𐑗𐑦𐑓	ˈmɪstʃɪf	high	
misfortune	𐑥𐑦𐑕𐑓𐑹𐑗𐑩𐑯	mɪsˈfɔːRtʃən	𐑥𐑦𐑕𐑓𐑹𐑗𐑵𐑯	ˌmɪsˈfɔːRtʃuːn	high	
misinformation	𐑥𐑦𐑕𐑦𐑯𐑓𐑩𐑥𐑱𐑖𐑩𐑯	mɪsɪnfəmeɪʃən	𐑥𐑦𐑕𐑦𐑯𐑓𐑼𐑥𐑱𐑖𐑩𐑯	ˌmɪsɪnfəRˈmeɪʃən	medium	r_gap:spelling=1,ipa=0; shave_says:𐑥𐑦𐑕𐑦𐑯𐑓𐑼𐑥𐑱𐑖𐑩𐑯
misinterpret	𐑥𐑦𐑕𐑦𐑯𐑑𐑻𐑐𐑮𐑦𐑑	ˌmɪsɪnˈtɜːRprɪt	𐑥𐑦𐑕𐑦𐑯𐑑𐑻𐑐𐑮𐑩𐑑	ˌmɪsɪnˈtɜːRprət	high	
misogynist	𐑥𐑦𐑕𐑪𐑡𐑩𐑯𐑦𐑕𐑑	mɪˈsɒdʒənɪst	𐑥𐑦𐑕𐑪𐑡𐑦𐑯𐑦𐑕𐑑	mɪˈsɒdʒɪnɪst	high	
misogynistic	𐑥𐑦𐑕𐑪𐑡𐑩𐑯𐑦𐑕𐑑𐑦𐑒	ˈmɪsɒdʒənɪstɪk	𐑥𐑦𐑕𐑪𐑡𐑦𐑯𐑦𐑕𐑑𐑦𐑒	mɪsɒdʒənˈɪstɪk	high	
misperception	𐑥𐑦𐑕𐑐𐑩𐑕𐑧𐑐𐑖𐑩𐑯	mɪspəsepʃən	𐑥𐑦𐑕𐑐𐑼𐑕𐑧𐑐𐑖𐑩𐑯	ˌmɪspəRˈsepʃən	medium	r_gap:spelling=1,ipa=0; shave_says:𐑥𐑦𐑕𐑐𐑼𐑕𐑧𐑐𐑖𐑩𐑯
missile	-𐑲𐑤	-aɪl	𐑥𐑦𐑕𐑲𐑤	ˈmɪsaɪl	high	
missile	𐑥𐑦𐑕𐑩𐑤	ˈmɪsəl	𐑥𐑦𐑕𐑲𐑤	ˈmɪsaɪl	high	
missionaries	𐑥𐑦𐑖𐑩𐑯𐑧𐑮𐑦𐑟	ˈmɪʃəˌneriz	𐑥𐑦𐑖𐑩𐑯𐑼𐑦𐑟	ˈmɪʃənəriz	high	
missionary	𐑥𐑦𐑖𐑩𐑯𐑧𐑮𐑦	ˈmɪʃəˌnerɪ	𐑥𐑦𐑖𐑩𐑯𐑼𐑦	ˈmɪʃənəri	high	
missouri	𐑥𐑦𐑟𐑫𐑮𐑦	mɪˈzʊri	𐑥𐑦𐑟𐑫𐑼𐑦	mɪˈzʊəri	high	
missouri	𐑥𐑦𐑟𐑹𐑦	mɪzɔːri	𐑥𐑦𐑟𐑫𐑼𐑦	mɪˈzʊəri	high	
missouri	𐑥𐑦𐑟𐑻𐑦	mɪˈzɜːRi	𐑥𐑦𐑟𐑫𐑼𐑦	mɪˈzʊəri	high	
missouri	𐑥𐑦𐑟𐑻𐑩	mɪˈzɜːRə	𐑥𐑦𐑟𐑫𐑼𐑦	mɪˈzʊəri	high	
missouri	𐑥𐑩-	mə-	𐑥𐑦𐑟𐑫𐑼𐑦	mɪˈzʊəri	medium	r_gap:spelling=1,ipa=0
mistake	𐑥𐑦𐑕𐑑𐑧𐑘𐑒	mɪˈstejk	𐑥𐑦𐑕𐑑𐑱𐑒	mɪˈsteɪk	high	
mistletoe	𐑥𐑦𐑟𐑩𐑤𐑑𐑴	ˈmɪzəltəʊ	𐑥𐑦𐑕𐑩𐑤𐑑𐑴	ˈmɪsəltəʊ	high	
misunderstanding	𐑥𐑦𐑕𐑳𐑯𐑛𐑩𐑕𐑑𐑨𐑯𐑛𐑦𐑙	mɪsʌndəstændɪŋ	𐑥𐑦𐑕𐑳𐑯𐑛𐑼𐑕𐑑𐑨𐑯𐑛𐑦𐑙	ˌmɪsˌʌndəRˈstændɪŋ	medium	r_gap:spelling=1,ipa=0; shave_says:𐑥𐑦𐑕𐑳𐑯𐑛𐑼𐑕𐑑𐑨𐑯𐑛𐑦𐑙
misunderstood	𐑥𐑦𐑕𐑳𐑯𐑛𐑩𐑕𐑑𐑫𐑛	mɪsʌndəstʊd	𐑥𐑦𐑕𐑳𐑯𐑛𐑼𐑕𐑑𐑫𐑛	ˌmɪsˌʌndəRˈstʊd	medium	r_gap:spelling=1,ipa=0; shave_says:𐑥𐑦𐑕𐑳𐑯𐑛𐑼𐑕𐑑𐑫𐑛
mizzle	𐑥𐑦𐑟𐑤	ˈmɪzl	𐑥𐑦𐑟𐑩𐑤	ˈmɪzəl	high	
mnemonic	𐑯𐑦-	ni-	𐑯𐑦𐑥𐑪𐑯𐑦𐑒	nɪˈmɒnɪk	high	
mnemonic	𐑯𐑩-	nə-	𐑯𐑦𐑥𐑪𐑯𐑦𐑒	nɪˈmɒnɪk	high	
mnemonic	𐑯𐑩𐑥𐑪𐑯𐑦𐑒	nəˈmɒnɪk	𐑯𐑦𐑥𐑪𐑯𐑦𐑒	nɪˈmɒnɪk	high	
mnemonics	𐑯𐑦-	nɪ-	𐑯𐑦𐑥𐑪𐑯𐑦𐑒𐑕	nɪˈmɒnɪks	high	
mnemonics	𐑯𐑩𐑥𐑪𐑯𐑦𐑒𐑕	nəˈmɒnɪks	𐑯𐑦𐑥𐑪𐑯𐑦𐑒𐑕	nɪˈmɒnɪks	high	
mobile	𐑥𐑴𐑚𐑦𐑤	ˈmoʊbil	𐑥𐑴𐑚𐑲𐑤	ˈməʊbaɪl	high	
mobile	𐑥𐑴𐑚𐑩𐑤	ˈmoʊbəl	𐑥𐑴𐑚𐑲𐑤	ˈməʊbaɪl	high	
mobile	𐑥𐑴𐑚𐑰𐑤	moʊˈbiːl	𐑥𐑴𐑚𐑲𐑤	ˈməʊbaɪl	high	
mock	𐑥𐑷𐑒	mɔːk	𐑥𐑪𐑒	mɒk	high	
mock-up	𐑥𐑪𐑒𐑳𐑐	ˈmɒkˌʌp	𐑥𐑪𐑒-𐑳𐑐	ˈmɒk-ʌp	high	
model	𐑥𐑪𐑑𐑤	ˈmɒtl	𐑥𐑪𐑛𐑩𐑤	ˈmɒdəl	high	
model	𐑥𐑪𐑛𐑤	ˈmɒdl	𐑥𐑪𐑛𐑩𐑤	ˈmɒdəl	high	
modem	𐑥𐑴𐑛𐑩𐑥	ˈməʊdəm	𐑥𐑴𐑛𐑧𐑥	ˈməʊdem	high	
modena	𐑥𐑪𐑛𐑦𐑯𐑩	ˈmɒdɪnə	𐑥𐑩𐑛𐑰𐑯𐑩	məˈdiːnə	high	
modena	𐑥𐑴𐑛𐑦𐑯𐑩	ˈmoʊdɪnə	𐑥𐑩𐑛𐑰𐑯𐑩	məˈdiːnə	high	
modernise	𐑥𐑪𐑛𐑩𐑯𐑲𐑟	mɒdənaɪz	𐑥𐑪𐑛𐑼𐑯𐑲𐑟	ˈmɒdəRnaɪz	medium	r_gap:spelling=1,ipa=0; shave_says:𐑥𐑪𐑛𐑼𐑯𐑲𐑟
modernization	𐑥𐑪𐑑𐑼-	ˌmɒtəR-	𐑥𐑪𐑛𐑼𐑯𐑲𐑟𐑱𐑖𐑩𐑯	ˌmɒdəRnaɪˈzeɪʃən	high	
modernization	𐑥𐑪𐑛𐑩𐑯𐑦𐑟𐑱𐑖𐑩𐑯	mɒdənɪzeɪʃən	𐑥𐑪𐑛𐑼𐑯𐑲𐑟𐑱𐑖𐑩𐑯	ˌmɒdəRnaɪˈzeɪʃən	medium	r_gap:spelling=1,ipa=0; shave_says:𐑥𐑪𐑛𐑼𐑯𐑲𐑟𐑱𐑖𐑩𐑯
modernization	𐑥𐑪𐑛𐑩𐑯𐑲𐑟𐑱𐑖𐑩𐑯	mɒdənaɪzeɪʃən	𐑥𐑪𐑛𐑼𐑯𐑲𐑟𐑱𐑖𐑩𐑯	ˌmɒdəRnaɪˈzeɪʃən	medium	r_gap:spelling=1,ipa=0; shave_says:𐑥𐑪𐑛𐑼𐑯𐑲𐑟𐑱𐑖𐑩𐑯
modernization	𐑥𐑪𐑛𐑼𐑯𐑦𐑟𐑱𐑖𐑩𐑯	ˌmɒdəRnɪˈzeɪʃən	𐑥𐑪𐑛𐑼𐑯𐑲𐑟𐑱𐑖𐑩𐑯	ˌmɒdəRnaɪˈzeɪʃən	high	
modernize	𐑥𐑪𐑛𐑩𐑯𐑲𐑟	mɒdənaɪz	𐑥𐑪𐑛𐑼𐑯𐑲𐑟	ˈmɒdəRnaɪz	medium	r_gap:spelling=1,ipa=0; shave_says:𐑥𐑪𐑛𐑼𐑯𐑲𐑟
modicum	-𐑛𐑩-	-də-	𐑥𐑪𐑛𐑦𐑒𐑩𐑥	ˈmɒdɪkəm	high	
modulate	𐑥𐑪𐑛𐑘𐑫𐑤𐑱𐑑	ˈmɒdjuˌleɪt	𐑥𐑪𐑛𐑘𐑩𐑤𐑱𐑑	ˈmɒdjəleɪt	high	
modulate	𐑥𐑪𐑡𐑦𐑤𐑱𐑑	ˈmɒdʒɪleɪt	𐑥𐑪𐑛𐑘𐑩𐑤𐑱𐑑	ˈmɒdjəleɪt	high	
modulate	𐑥𐑪𐑡𐑩𐑤𐑱𐑑	ˈmɒdʒəˌleɪt	𐑥𐑪𐑛𐑘𐑩𐑤𐑱𐑑	ˈmɒdjəleɪt	high	
modulation	-𐑡𐑫-	-dʒʊ-	𐑥𐑪𐑛𐑘𐑩𐑤𐑱𐑖𐑩𐑯	ˌmɒdjəˈleɪʃən	high	
modulation	𐑥𐑪𐑡𐑩𐑤𐑱𐑖𐑩𐑯	ˌmɒdʒəˈleɪʃən	𐑥𐑪𐑛𐑘𐑩𐑤𐑱𐑖𐑩𐑯	ˌmɒdjəˈleɪʃən	high	
module	𐑥𐑪𐑡𐑫𐑤	ˈmɒdʒul	𐑥𐑪𐑡𐑵𐑤	ˈmɒdʒuːl	high	
modules	𐑥𐑪𐑛𐑿𐑤𐑟	ˈmɒdjuːlz	𐑥𐑪𐑡𐑵𐑤𐑟	ˈmɒdʒuːlz	high	
modulus	-𐑡𐑫-	-dʒʊ-	𐑥𐑪𐑛𐑘𐑩𐑤𐑩𐑕	ˈmɒdjələs	high	
modulus	𐑥𐑪𐑡𐑩𐑤𐑩𐑕	ˈmɒdʒələs	𐑥𐑪𐑛𐑘𐑩𐑤𐑩𐑕	ˈmɒdjələs	high	
modus operandi	𐑥𐑴𐑛𐑩𐑕 𐑪𐑐𐑼𐑨𐑯𐑛𐑦	ˈmoʊdəs ɒpərˌændi	𐑥𐑴𐑛𐑩𐑕 𐑪𐑐𐑼𐑨𐑯𐑛𐑰	ˌməʊdəs ˌɒpəˈrændiː	high	
modus operandi	𐑥𐑴𐑛𐑩𐑕 𐑪𐑐𐑼𐑨𐑯𐑛𐑲	ˈmoʊdəs ɒpərˌændaɪ	𐑥𐑴𐑛𐑩𐑕 𐑪𐑐𐑼𐑨𐑯𐑛𐑰	ˌməʊdəs ˌɒpəˈrændiː	high	
modus operandi	𐑥𐑴𐑛𐑳𐑕 𐑪𐑐𐑼𐑨𐑯𐑛𐑲	məʊdʌs ɒpərændaɪ	𐑥𐑴𐑛𐑩𐑕 𐑪𐑐𐑼𐑨𐑯𐑛𐑰	ˌməʊdəs ˌɒpəˈrændiː	high	
mohair	𐑥𐑴𐑣𐑧𐑮	ˈmoʊher	𐑥𐑴𐑣𐑺	ˈməʊheəR	high	
mohammedan	-𐑩𐑯	-ən	𐑥𐑩𐑣𐑨𐑥𐑦𐑛𐑩𐑯	məˈhæmɪdən	high	
mohammedan	𐑥𐑴𐑣𐑨𐑥𐑩𐑛𐑩𐑯	moʊˈhæmədən	𐑥𐑩𐑣𐑨𐑥𐑦𐑛𐑩𐑯	məˈhæmɪdən	high	
moiety	-𐑑𐑦	-ti	𐑥𐑶𐑦𐑑𐑦	ˈmɔɪɪti	high	
moiety	𐑥𐑶𐑩𐑑𐑦	ˈmɔɪəti	𐑥𐑶𐑦𐑑𐑦	ˈmɔɪɪti	high	
moisture	𐑥𐑶𐑖𐑗𐑼	ˈmɔɪʃtʃəR	𐑥𐑶𐑕𐑗𐑼	ˈmɔɪstʃəR	high	
molasses	𐑥𐑩𐑤𐑪𐑕𐑩𐑟	məˈlɒsƏz	𐑥𐑩𐑤𐑨𐑕𐑩𐑟	məˈlæsƏz	high	
molasses	𐑥𐑴𐑤𐑨𐑕𐑩𐑟	məʊˈlasƏz	𐑥𐑩𐑤𐑨𐑕𐑩𐑟	məˈlæsƏz	high	
mold	𐑥𐑷𐑫𐑤𐑛	mɔʊld	𐑥𐑴𐑤𐑛	məʊld	high	
mole	𐑥𐑪𐑤	mol	𐑥𐑴𐑤	məʊl	high	
mole	𐑥𐑴𐑤𐑦	ˈmoʊli	𐑥𐑴𐑤	məʊl	high	
mole	𐑥𐑴𐑤𐑱	ˈmoʊleɪ	𐑥𐑴𐑤	məʊl	high	
mole	𐑥𐑷𐑫𐑤	mɔʊl	𐑥𐑴𐑤	məʊl	high	
molecular	𐑥𐑩𐑤𐑧𐑒𐑘𐑫𐑤𐑼	məˈlekjulər	𐑥𐑩𐑤𐑧𐑒𐑘𐑩𐑤𐑼	məˈlekjələR	high	
molecule	𐑥𐑪𐑤𐑦𐑒𐑘𐑫𐑤	ˈmɒlɪkjul	𐑥𐑪𐑤𐑦𐑒𐑿𐑤	ˈmɒlɪkjuːl	high	
molecule	𐑥𐑪𐑤𐑩𐑒𐑘𐑫𐑤	ˈmɒləkjul	𐑥𐑪𐑤𐑦𐑒𐑿𐑤	ˈmɒlɪkjuːl	high	
molecule	𐑥𐑪𐑤𐑩𐑒𐑿𐑤	ˈmɒləkjuːl	𐑥𐑪𐑤𐑦𐑒𐑿𐑤	ˈmɒlɪkjuːl	high	
molestation	𐑥𐑪𐑤𐑦𐑕𐑑𐑱𐑖𐑩𐑯	mɒlɪˈsteɪʃən	𐑥𐑴𐑤𐑩𐑕𐑑𐑱𐑖𐑩𐑯	ˌməʊləˈsteɪʃən	high	
molestation	𐑥𐑴𐑤𐑦𐑕𐑑𐑱𐑖𐑩𐑯	ˌməʊlɪˈsteɪʃən	𐑥𐑴𐑤𐑩𐑕𐑑𐑱𐑖𐑩𐑯	ˌməʊləˈsteɪʃən	high	
moloch	𐑥𐑪𐑤𐑩𐑒	ˈmɒlək	𐑥𐑴𐑤𐑪𐑒	ˈməʊlɒk	high	
molten	𐑥𐑪𐑤𐑑𐑩𐑯	ˈmɒltən	𐑥𐑴𐑤𐑑𐑩𐑯	ˈməʊltən	high	
moment	𐑥𐑪𐑤𐑥𐑧𐑯𐑑	ˈmolment	𐑥𐑴𐑥𐑩𐑯𐑑	ˈməʊmənt	high	
momentarily	𐑥𐑴𐑥𐑩𐑯𐑑𐑧𐑮𐑩𐑤𐑦	məʊmənterəli	𐑥𐑴𐑥𐑩𐑯𐑑𐑼𐑩𐑤𐑦	ˈməʊməntərəli	high	
momentary	𐑥𐑴𐑥𐑩𐑯𐑑𐑧𐑮𐑦	ˈmoʊmənˌteri	𐑥𐑴𐑥𐑩𐑯𐑑𐑼𐑦	ˈməʊməntəri	high	
momentous	𐑥𐑴𐑥𐑧𐑯𐑑𐑩𐑕	məʊˈmentəs	𐑥𐑩𐑥𐑧𐑯𐑑𐑩𐑕	məˈmentəs	high	
momentum	𐑥𐑴𐑥𐑧𐑯𐑑𐑩𐑥	ˌməʊˈmentəm	𐑥𐑩𐑥𐑧𐑯𐑑𐑩𐑥	məˈmentəm	high	
mon	𐑥𐑪𐑯	mɒn	𐑥𐑳𐑯𐑛𐑱	ˈmʌndeɪ	high	
monaco	𐑥𐑪𐑯𐑭𐑒𐑴	mɒˈnɑːkəʊ	𐑥𐑪𐑯𐑩𐑒𐑴	ˈmɒnəkəʊ	high	
monad	𐑥𐑪𐑯𐑨𐑛	ˈmɒnæd	𐑥𐑴𐑯𐑨𐑛	ˈməʊnæd	high	
monarch	𐑥𐑪𐑯𐑸𐑒	ˈmɒnɑːRk	𐑥𐑪𐑯𐑼𐑒	ˈmɒnəRk	high	
monarchical	𐑥𐑩𐑯𐑸𐑒𐑦𐑒𐑩𐑤	mənɑːRkɪkəl	𐑥𐑪𐑯𐑸𐑒𐑦𐑒𐑩𐑤	mɒnˈɑːRkɪkəl	high	
monarchy	𐑥𐑪𐑯𐑩𐑒𐑦	mɒnəki	𐑥𐑪𐑯𐑼𐑒𐑦	ˈmɒnəRki	medium	r_gap:spelling=1,ipa=0; shave_says:𐑥𐑪𐑯𐑸𐑒𐑦
monarchy	𐑥𐑪𐑯𐑸𐑒𐑦	ˈmɒˌnɑːRki	𐑥𐑪𐑯𐑼𐑒𐑦	ˈmɒnəRki	high	
monastery	𐑥𐑪𐑯𐑩𐑕𐑑𐑧𐑮𐑦	ˈmɒnəsteri	𐑥𐑪𐑯𐑩𐑕𐑑𐑮𐑦	ˈmɒnəstri	high	
monastery	𐑥𐑪𐑯𐑩𐑕𐑑𐑼𐑦	ˈmɒnəstəri	𐑥𐑪𐑯𐑩𐑕𐑑𐑮𐑦	ˈmɒnəstri	high	
monetary	𐑥𐑪𐑯𐑦𐑑𐑧𐑮𐑦	ˈmɒnɪˌteri	𐑥𐑳𐑯𐑦𐑑𐑼𐑦	ˈmʌnɪtəri	high	
monetary	𐑥𐑳𐑯𐑦𐑑𐑮𐑦	mʌnɪtri	𐑥𐑳𐑯𐑦𐑑𐑼𐑦	ˈmʌnɪtəri	high	
monetary	𐑥𐑳𐑯𐑩𐑑𐑧𐑮𐑦	ˈmʌnəˌteri	𐑥𐑳𐑯𐑦𐑑𐑼𐑦	ˈmʌnɪtəri	high	
monetization	𐑥𐑪𐑯𐑩𐑑𐑲𐑟𐑱𐑖𐑩𐑯	ˌmɒnətaɪˈzeɪʃən	𐑥𐑳𐑯𐑩𐑑𐑲𐑟𐑱𐑖𐑩𐑯	ˈmʌnɪtaɪzeɪʃən	high	
monetize	𐑥𐑪𐑯𐑩𐑑𐑲𐑟	ˈmɒnətaɪz	𐑥𐑳𐑯𐑩𐑑𐑲𐑟	ˈmʌnətaɪz	high	
money	𐑥𐑳𐑯𐑰	ˈmʌniː	𐑥𐑳𐑯𐑦	ˈmʌni	high	
monger	𐑥𐑪𐑙-	ˈmɒŋ-	𐑥𐑳𐑙𐑜𐑼	ˈmʌŋɡəR	medium	r_gap:spelling=1,ipa=0
mongol	𐑥𐑪𐑙𐑜𐑴𐑤	ˈmɒŋˌɡoʊl	𐑥𐑪𐑙𐑜𐑩𐑤	ˈmɒŋɡəl	high	
mongol	𐑥𐑷𐑙𐑜𐑴𐑤	ˈmɔːŋˌɡoʊl	𐑥𐑪𐑙𐑜𐑩𐑤	ˈmɒŋɡəl	high	
mongolia	𐑥𐑪𐑙𐑜𐑴𐑤𐑦𐑩	mɒŋˈɡəʊliə	𐑥𐑪𐑙𐑜𐑴𐑤𐑾	mɒŋˈɡəʊlɪə	high	
mongoose	𐑥𐑪𐑙𐑜𐑫𐑕	ˈmɒŋɡus	𐑥𐑪𐑙𐑜𐑵𐑕	ˈmɒŋɡuːs	high	
mongoose	𐑥𐑳𐑙𐑜𐑫𐑕	ˈmʌŋɡus	𐑥𐑪𐑙𐑜𐑵𐑕	ˈmɒŋɡuːs	high	
mongrel	𐑥𐑪𐑙𐑜𐑮𐑩𐑤	ˈmɒŋɡrəl	𐑥𐑳𐑙𐑜𐑮𐑩𐑤	ˈmʌŋɡrəl	high	
monitor	𐑥𐑪𐑯𐑩𐑑𐑼	ˈmɒnətəR	𐑥𐑪𐑯𐑦𐑑𐑼	ˈmɒnɪtəR	high	
monolith	𐑥𐑪𐑯𐑤𐑦𐑔	ˈmɒnlɪθ	𐑥𐑪𐑯𐑩𐑤𐑦𐑔	ˈmɒnəlɪθ	high	
monologue	𐑥𐑪𐑯𐑩𐑤𐑷𐑜	ˈmɒnəˌlɔːɡ	𐑥𐑪𐑯𐑩𐑤𐑪𐑜	ˈmɒnəlɒɡ	high	
monomania	𐑥𐑪𐑯𐑴𐑥𐑱𐑯𐑦𐑩	ˌmɒnoʊˈmeɪniə	𐑥𐑪𐑯𐑴𐑥𐑱𐑯𐑾	ˌmɒnəʊˈmeɪnɪə	high	
monorail	𐑥𐑪𐑯𐑼𐑱𐑤	ˈmɒnəreɪl	𐑥𐑪𐑯𐑴𐑮𐑱𐑤	ˈmɒnəʊreɪl	high	
monotheistic	𐑥𐑪𐑯𐑩𐑔𐑦𐑦𐑕𐑑𐑦𐑒	ˌmɒnəθiˈɪstɪk	𐑥𐑪𐑯𐑴𐑔𐑰𐑦𐑕𐑑𐑦𐑒	ˌmɒnəʊθiːˈɪstɪk	high	
monotheistic	𐑥𐑪𐑯𐑴𐑔𐑦𐑦𐑕𐑑𐑦𐑒	ˌmɒnəʊθɪˈɪstɪk	𐑥𐑪𐑯𐑴𐑔𐑰𐑦𐑕𐑑𐑦𐑒	ˌmɒnəʊθiːˈɪstɪk	high	
monotony	𐑥𐑩𐑯𐑪𐑑𐑯𐑦	məˈnɒtni	𐑥𐑩𐑯𐑪𐑑𐑩𐑯𐑦	məˈnɒtəni	high	
monsignor	𐑥𐑪𐑯𐑕𐑰𐑯𐑘𐑹	mɒnsiːnjɔːR	𐑥𐑪𐑯𐑕𐑰𐑯𐑘𐑼	mɒnˈsiːnjəR	high	
monstrance	𐑥𐑪𐑯𐑟𐑑𐑮𐑩𐑯𐑕	ˈmɒnztrəns	𐑥𐑪𐑯𐑕𐑑𐑮𐑩𐑯𐑕	ˈmɒnstrəns	high	
montage	𐑥𐑪𐑯𐑑𐑪𐑠	mɒnˈtɒʒ	𐑥𐑪𐑯𐑑𐑭𐑠	ˈmɒntɑːʒ	high	
moo-cow	𐑥𐑵𐑒𐑬	ˈmuːkaʊ	𐑥𐑵-𐑒𐑬	ˈmuː-kaʊ	high	
moon	𐑥𐑫𐑯	mun	𐑥𐑵𐑯	muːn	high	
moonbeam	𐑥𐑫𐑯𐑚𐑦𐑥	ˈmunbim	𐑥𐑵𐑯𐑚𐑰𐑥	ˈmuːnbiːm	high	
moonlight	𐑥𐑫𐑯𐑤𐑲𐑑	ˈmunˌlaɪt	𐑥𐑵𐑯𐑤𐑲𐑑	ˈmuːnlaɪt	high	
moonstone	𐑥𐑫𐑯𐑕𐑑𐑴𐑯	ˈmunˌstoʊn	𐑥𐑵𐑯𐑕𐑑𐑴𐑯	ˈmuːnstəʊn	high	
moonstruck	𐑥𐑫𐑯𐑕𐑑𐑮𐑳𐑒	ˈmunˌstrʌk	𐑥𐑵𐑯𐑕𐑑𐑮𐑳𐑒	ˈmuːnstrʌk	high	
moor	𐑥𐑫𐑮	mʊr	𐑥𐑫𐑼	mʊəR	high	
moor	𐑥𐑹	mɔːR	𐑥𐑫𐑼	mʊəR	high	
moore	𐑥𐑫𐑮	mʊr	𐑥𐑫𐑼	mʊəR	high	
moorhen	𐑥𐑫𐑮𐑣𐑧𐑯	ˈmʊrˌhen	𐑥𐑫𐑼𐑣𐑧𐑯	ˈmʊəRhen	high	
moorish	𐑥𐑫𐑮𐑦𐑖	ˈmʊrɪʃ	𐑥𐑫𐑼𐑦𐑖	ˈmʊərɪʃ	high	
moorish	𐑥𐑹𐑦𐑖	mɔːrɪʃ	𐑥𐑫𐑼𐑦𐑖	ˈmʊərɪʃ	high	
moquette	𐑥𐑪𐑒𐑧𐑑	mɒˈket	𐑥𐑴𐑒𐑧𐑑	məʊˈket	high	
moraine	𐑥𐑼𐑱𐑯	məreɪn	𐑥𐑪𐑮𐑱𐑯	mɒˈreɪn	high	
morale	𐑥𐑼𐑸𐑤	mərɑːRl	𐑥𐑼𐑨𐑤, 𐑥𐑼𐑭𐑤	məˈrⱭːl	high	
morally	𐑥𐑹𐑩𐑤𐑦	ˈmɔːRəli	𐑥𐑪𐑮𐑩𐑤𐑦	ˈmɒrəli	high	
morals	𐑥𐑹𐑩𐑤𐑟	ˈmɔːRəlz	𐑥𐑪𐑮𐑩𐑤𐑟	ˈmɒrəlz	high	
morass	𐑥𐑪𐑮𐑨𐑕	moˈræs	𐑥𐑼𐑨𐑕	məˈræs	high	
moratorium	𐑥𐑹𐑩𐑑𐑹𐑦𐑩𐑥	ˌmɔːRəˈtɔːRiəm	𐑥𐑪𐑮𐑩𐑑𐑹𐑾𐑥	ˌmɒrəˈtɔːrɪəm	high	
moratorium	𐑥𐑹𐑩𐑑𐑹𐑾𐑥	mɔːrətɔːrɪəm	𐑥𐑪𐑮𐑩𐑑𐑹𐑾𐑥	ˌmɒrəˈtɔːrɪəm	high	
morbid	𐑥𐑹𐑚𐑩𐑛	mɔːRbƏd	𐑥𐑹𐑚𐑦𐑛	ˈmɔːRbɪd	high	
morbidly	𐑥𐑹𐑚𐑩𐑛𐑤𐑦	ˈmɔːRbƏdli	𐑥𐑹𐑚𐑦𐑛𐑤𐑦	ˈmɔːRbɪdli	high	
mordant	𐑥𐑪𐑮𐑛𐑩𐑯𐑑	ˈmordənt	𐑥𐑹𐑛𐑩𐑯𐑑	ˈmɔːRdənt	high	
moreover	𐑥𐑪𐑮𐑴𐑝𐑼	morˈoʊvəR	𐑥𐑹𐑴𐑝𐑼	mɔːˈrəʊvəR	high	
mores	𐑥𐑪𐑮𐑦𐑟	ˈmoriz	𐑥𐑹𐑱𐑟	ˈmɔːreɪz	high	
mores	𐑥𐑪𐑮𐑱𐑟	ˈmoreɪz	𐑥𐑹𐑱𐑟	ˈmɔːreɪz	high	
mores	𐑥𐑹𐑰𐑟	mɔːriːz	𐑥𐑹𐑱𐑟	ˈmɔːreɪz	high	
morgue	𐑥𐑪𐑮𐑜	morɡ	𐑥𐑹𐑜	mɔːRɡ	high	
morn	𐑥𐑪𐑮𐑯	morn	𐑥𐑹𐑯	mɔːRn	high	
moron	𐑥𐑪𐑮𐑪𐑯	ˈmorɒn	𐑥𐑹𐑪𐑯	ˈmɔːrɒn	high	
moroni	𐑥𐑼𐑪𐑯𐑦	məˈrɒni	𐑥𐑼𐑴𐑯𐑲	məˈrəʊnaɪ	high	
moroni	𐑥𐑼𐑴𐑯𐑦	mərəʊni	𐑥𐑼𐑴𐑯𐑲	məˈrəʊnaɪ	high	
moronic	𐑥𐑹𐑪𐑯𐑦𐑒	mɔːrɒnɪk	𐑥𐑼𐑪𐑯𐑦𐑒	məˈrɒnɪk	high	
morose	𐑥𐑹𐑴𐑕	mɔːRˈoʊs	𐑥𐑼𐑴𐑕	məˈrəʊs	high	
morpheme	𐑥𐑹𐑓𐑦𐑥	ˈmɔːRfim	𐑥𐑹𐑓𐑰𐑥	ˈmɔːRfiːm	high	
morpheus	𐑥𐑹𐑓𐑘𐑫𐑕	ˈmɔːRˌfjus	𐑥𐑹𐑓𐑾𐑕	ˈmɔːRfɪəs	high	
morpheus	𐑥𐑹𐑓𐑿𐑕	mɔːRfjuːs	𐑥𐑹𐑓𐑾𐑕	ˈmɔːRfɪəs	high	
morphine	𐑥𐑹𐑓𐑦𐑯	ˈmɔːRˌfin	𐑥𐑹𐑓𐑰𐑯	ˈmɔːRfiːn	high	
morris	𐑥𐑹𐑦𐑕	ˈmɔːRɪs	𐑥𐑪𐑮𐑦𐑕	ˈmɒrɪs	medium	r_gap:spelling=2,ipa=1
morrow	𐑥𐑸𐑴	ˈmɑːRoʊ	𐑥𐑪𐑮𐑴	ˈmɒrəʊ	medium	r_gap:spelling=2,ipa=1
mortal	𐑥𐑹𐑑𐑤	ˈmɔːRtl	𐑥𐑹𐑑𐑩𐑤	ˈmɔːRtəl	high	
mortgage	𐑥𐑹𐑜𐑩𐑡	ˈmɔːRɡədʒ	𐑥𐑹𐑜𐑦𐑡	ˈmɔːRɡɪdʒ	high	
mortification	-𐑑𐑩-	-tə-	𐑥𐑹𐑑𐑦𐑓𐑦𐑒𐑱𐑖𐑩𐑯	ˌmɔːRtɪfɪˈkeɪʃən	medium	r_gap:spelling=1,ipa=0
mortification	-𐑓𐑩-	-fə-	𐑥𐑹𐑑𐑦𐑓𐑦𐑒𐑱𐑖𐑩𐑯	ˌmɔːRtɪfɪˈkeɪʃən	medium	r_gap:spelling=1,ipa=0
mortification	𐑥𐑪𐑮𐑑𐑦𐑓𐑦𐑒𐑱𐑖𐑩𐑯	ˌmortɪfɪˈkeɪʃən	𐑥𐑹𐑑𐑦𐑓𐑦𐑒𐑱𐑖𐑩𐑯	ˌmɔːRtɪfɪˈkeɪʃən	high	
mortified	𐑥𐑹𐑑𐑩𐑓𐑲𐑛	mɔːRtəfaɪd	𐑥𐑹𐑑𐑦𐑓𐑲𐑛	ˈmɔːRtɪfaɪd	high	
mortify	𐑥𐑪𐑮𐑑𐑦𐑓𐑲	ˈmortɪfaɪ	𐑥𐑹𐑑𐑦𐑓𐑲	ˈmɔːRtɪfaɪ	high	
mortimer	𐑥𐑹𐑑𐑩𐑥𐑼	ˈmɔːRtəməR	𐑥𐑹𐑑𐑦𐑥𐑼	ˈmɔːRtɪməR	high	
mortuary	𐑥𐑹𐑗𐑢𐑼𐑦	mɔːRtʃwəri	𐑥𐑹𐑗𐑼𐑦	ˈmɔːRtʃəri	high	
mortuary	𐑥𐑹𐑗𐑩𐑢𐑧𐑮𐑦	ˈmɔːRtʃəˌweri	𐑥𐑹𐑗𐑼𐑦	ˈmɔːRtʃəri	high	
mortuary	𐑥𐑹𐑗𐑫𐑼𐑦	mɔːRtʃʊəri	𐑥𐑹𐑗𐑼𐑦	ˈmɔːRtʃəri	high	
mosaic	𐑥𐑴𐑟𐑱𐑒	məʊˈzeɪk	𐑥𐑴𐑟𐑱𐑦𐑒	məʊˈzeɪɪk	high	
moscow	𐑥𐑨𐑕𐑒𐑨𐑫	ˈmaskæʊ	𐑥𐑪𐑕𐑒𐑴	ˈmɒskəʊ	high	
moscow	𐑥𐑨𐑕𐑒𐑴	ˈmaskoʊ	𐑥𐑪𐑕𐑒𐑴	ˈmɒskəʊ	high	
moscow	𐑥𐑪𐑕𐑒𐑨𐑫	ˈmɒskæʊ	𐑥𐑪𐑕𐑒𐑴	ˈmɒskəʊ	high	
moses	𐑥𐑴𐑟𐑦𐑕	ˈməʊzɪs	𐑥𐑴𐑟𐑩𐑟	ˈməʊzƏz	high	
moses	𐑥𐑴𐑟𐑩𐑕	ˈmoʊzəs	𐑥𐑴𐑟𐑩𐑟	ˈməʊzƏz	high	
mosquito	𐑥𐑩𐑕𐑒𐑦𐑑𐑴	məsˈkitoʊ	𐑥𐑩𐑕𐑒𐑰𐑑𐑴	məˈskiːtəʊ	high	
mosquito	𐑥𐑪𐑕𐑒𐑰𐑑𐑴	mɒˈskiːtəʊ	𐑥𐑩𐑕𐑒𐑰𐑑𐑴	məˈskiːtəʊ	high	
moss	𐑥𐑷𐑕	mɔːs	𐑥𐑪𐑕	mɒs	high	
moss-grown	𐑥𐑪𐑕𐑜𐑮𐑴𐑯	mɒsɡrəʊn	𐑥𐑪𐑕-𐑜𐑮𐑴𐑯	ˈmɒs-ɡrəʊn	high	
moss-grown	𐑥𐑷𐑕𐑜𐑮𐑴𐑯	ˈmɔːsˌɡroʊn	𐑥𐑪𐑕-𐑜𐑮𐑴𐑯	ˈmɒs-ɡrəʊn	high	
mossy	𐑥𐑷𐑕𐑦	ˈmɔːsi	𐑥𐑪𐑕𐑦	ˈmɒsi	high	
mostly	𐑥𐑴𐑕𐑤𐑦	ˈmoʊsli	𐑥𐑴𐑕𐑑𐑤𐑦	ˈməʊstli	high	
moth	𐑥𐑴𐑑	məʊt	𐑥𐑪𐑔	mɒθ	high	
moth	𐑥𐑷𐑔	mɔːθ	𐑥𐑪𐑔	mɒθ	high	
mothball	𐑥𐑪𐑔𐑚𐑪𐑤	ˈmɒθˌbɒl	𐑥𐑪𐑔𐑚𐑷𐑤	ˈmɒθbɔːl	high	
mothball	𐑥𐑷𐑔𐑚𐑷𐑤	ˈmɔːθˌbɔːl	𐑥𐑪𐑔𐑚𐑷𐑤	ˈmɒθbɔːl	high	
motherfucker	𐑥𐑳𐑞𐑩𐑓𐑳𐑒𐑼	mʌðəfʌkəR	𐑥𐑳𐑞𐑼𐑓𐑳𐑒𐑼	ˈmʌðəRˌfʌkəR	medium	r_gap:spelling=2,ipa=1; shave_says:𐑥𐑳𐑞𐑼𐑓𐑳𐑒𐑼
motherhood	𐑥𐑩-	ˈmə-	𐑥𐑳𐑞𐑼𐑣𐑫𐑛	ˈmʌðəRhʊd	medium	r_gap:spelling=1,ipa=0
motherhood	𐑥𐑳𐑞𐑩𐑣𐑫𐑛	mʌðəhʊd	𐑥𐑳𐑞𐑼𐑣𐑫𐑛	ˈmʌðəRhʊd	medium	r_gap:spelling=1,ipa=0; shave_says:𐑥𐑳𐑞𐑼𐑣𐑫𐑛
motherland	𐑥𐑳𐑞𐑩𐑤𐑨𐑯𐑛	mʌðəlænd	𐑥𐑳𐑞𐑼𐑤𐑨𐑯𐑛	ˈmʌðəRlænd	medium	r_gap:spelling=1,ipa=0; shave_says:𐑥𐑳𐑞𐑼𐑤𐑨𐑯𐑛
motherly	𐑥𐑳𐑞𐑩𐑤𐑦	mʌðəli	𐑥𐑳𐑞𐑼𐑤𐑦	ˈmʌðəRli	medium	r_gap:spelling=1,ipa=0; shave_says:𐑥𐑳𐑞𐑼𐑤𐑦
motherwell	𐑥𐑳𐑞𐑩𐑢𐑧𐑤	mʌðəwel	𐑥𐑳𐑞𐑼𐑢𐑧𐑤	ˈmʌðəRwel	medium	r_gap:spelling=1,ipa=0; shave_says:·𐑥𐑳𐑞𐑼𐑢𐑧𐑤
moths	𐑥𐑷𐑔𐑕	mɔːθs	𐑥𐑪𐑔𐑕	mɒθs	high	
moths	𐑥𐑷𐑞𐑟	mɔːðz	𐑥𐑪𐑔𐑕	mɒθs	high	
motionless	𐑥𐑴𐑖𐑩𐑯𐑤𐑧𐑕	ˈməʊʃənles	𐑥𐑴𐑖𐑩𐑯𐑤𐑩𐑕	ˈməʊʃənləs	high	
motivate	𐑥𐑴𐑑𐑩𐑝𐑱𐑑	ˈmoʊtəˌveɪt	𐑥𐑴𐑑𐑦𐑝𐑱𐑑	ˈməʊtɪveɪt	high	
motivation	𐑥𐑴𐑑𐑩𐑝𐑱𐑖𐑩𐑯	ˈmoʊtəveɪʃən	𐑥𐑴𐑑𐑦𐑝𐑱𐑖𐑩𐑯	ˌməʊtɪˈveɪʃən	high	
motorboat	𐑥𐑴𐑑𐑩𐑚𐑴𐑑	məʊtəbəʊt	𐑥𐑴𐑑𐑼𐑚𐑴𐑑	ˈməʊtəRbəʊt	medium	r_gap:spelling=1,ipa=0; shave_says:𐑥𐑴𐑑𐑼𐑚𐑴𐑑
motorcycle	𐑥𐑴𐑑𐑩𐑕𐑲𐑒𐑩𐑤	məʊtəsaɪkəl	𐑥𐑴𐑑𐑼𐑕𐑲𐑒𐑩𐑤	ˈməʊtəRsaɪkəl	medium	r_gap:spelling=1,ipa=0; shave_says:𐑥𐑴𐑑𐑼𐑕𐑲𐑒𐑩𐑤
motorway	𐑥𐑴𐑑𐑩𐑢𐑱	məʊtəweɪ	𐑥𐑴𐑑𐑼𐑢𐑱	ˈməʊtəRweɪ	medium	r_gap:spelling=1,ipa=0; shave_says:𐑥𐑴𐑑𐑼𐑢𐑱
mottle	𐑥𐑪𐑑𐑤	ˈmɒtl	𐑥𐑪𐑑𐑩𐑤	ˈmɒtəl	high	
mottled	𐑥𐑪𐑑 𐑩𐑤𐑛	ˈmɒt əld	𐑥𐑪𐑑𐑩𐑤𐑛	ˈmɒtəld	high	
moult	𐑥𐑪𐑤𐑑	mɒlt	𐑥𐑴𐑤𐑑	məʊlt	high	
mountain	𐑥𐑬𐑯𐑑𐑦𐑯	ˈmaʊntɪn	𐑥𐑬𐑯𐑑𐑩𐑯	ˈmaʊntən	high	
mountaineer	𐑥𐑬𐑯𐑑𐑦𐑯𐑦𐑮	ˌmaʊntɪnˈɪr	𐑥𐑬𐑯𐑑𐑩𐑯𐑽	ˌmaʊntəˈnɪəR	high	
mountaineer	𐑥𐑬𐑯𐑑𐑦𐑯𐑽	maʊntɪnɪər	𐑥𐑬𐑯𐑑𐑩𐑯𐑽	ˌmaʊntəˈnɪəR	high	
mountainous	𐑥𐑨𐑫𐑯𐑑𐑩𐑯𐑩𐑕	ˈmæʊntənəs	𐑥𐑬𐑯𐑑𐑩𐑯𐑩𐑕	ˈmaʊntənəs	high	
mountainous	𐑥𐑬𐑯𐑑𐑦𐑯𐑩𐑕	ˈmaʊntɪnəs	𐑥𐑬𐑯𐑑𐑩𐑯𐑩𐑕	ˈmaʊntənəs	high	
mountaintop	𐑥𐑬𐑯𐑑𐑦𐑯𐑑𐑪𐑐	ˈmaʊntɪnˌtɒp	𐑥𐑬𐑯𐑑𐑩𐑯𐑑𐑪𐑐	ˈmaʊntəntɒp	high	
mourning	𐑥𐑪𐑮𐑯𐑦𐑙	ˈmornɪŋ	𐑥𐑹𐑯𐑦𐑙	ˈmɔːRnɪŋ	high	
mourning	𐑥𐑫𐑮𐑯𐑦𐑙	ˈmʊrnɪŋ	𐑥𐑹𐑯𐑦𐑙	ˈmɔːRnɪŋ	high	
mourning	𐑥𐑫𐑼𐑯𐑦𐑙	mʊəRnɪŋ	𐑥𐑹𐑯𐑦𐑙	ˈmɔːRnɪŋ	high	
moustache	𐑥𐑩𐑕𐑑𐑨𐑖	məˈstæʃ	𐑥𐑩𐑕𐑑𐑭𐑖, 𐑥𐑳𐑕𐑑𐑨𐑖	məˈstⱭːʃ	high	
moustache	𐑥𐑩𐑕𐑑𐑪𐑖	məˈstɒʃ	𐑥𐑩𐑕𐑑𐑭𐑖, 𐑥𐑳𐑕𐑑𐑨𐑖	məˈstⱭːʃ	high	
mozzarella	𐑥𐑫𐑑𐑕𐑼𐑧𐑤𐑩	mutsəˈrelə	𐑥𐑪𐑑𐑕𐑼𐑧𐑤𐑩	ˌmɒtsəˈrelə	high	
mozzarella	𐑥𐑳𐑑𐑕𐑼𐑧𐑤𐑩	mʌtsəˈrelə	𐑥𐑪𐑑𐑕𐑼𐑧𐑤𐑩	ˌmɒtsəˈrelə	high	
mr.	𐑥𐑦𐑕𐑑𐑼	mɪstər	𐑥𐑼.	ˈmɪstəR	high	
mrs	-𐑕𐑦𐑕	-sɪs	𐑥𐑕𐑟	ˈmɪsɪz	medium	r_gap:spelling=1,ipa=0
mrs	-𐑕𐑩𐑟	-səz	𐑥𐑕𐑟	ˈmɪsɪz	medium	r_gap:spelling=1,ipa=0; shave_says:𐑥𐑕𐑟
mrs	𐑥𐑦𐑕𐑩𐑟	mɪsƏz	𐑥𐑕𐑟	ˈmɪsɪz	medium	r_gap:spelling=1,ipa=0; shave_says:𐑥𐑕𐑟
ms	𐑥𐑦𐑕	ˈmɪs	𐑥𐑦𐑟, 𐑥𐑨𐑯𐑘𐑩𐑕𐑒𐑮𐑦𐑐𐑑	mɪz	high	
ms	𐑥𐑩𐑟	ˈmƏz	𐑥𐑦𐑟, 𐑥𐑨𐑯𐑘𐑩𐑕𐑒𐑮𐑦𐑐𐑑	mɪz	high	
mucilage	𐑥𐑘𐑫𐑕𐑦𐑤𐑦𐑡	ˈmjusɪlɪdʒ	𐑥𐑿𐑕𐑦𐑤𐑦𐑡	ˈmjuːsɪlɪdʒ	high	
mucilage	𐑥𐑘𐑫𐑕𐑩𐑤𐑦𐑡	ˈmjusəlɪdʒ	𐑥𐑿𐑕𐑦𐑤𐑦𐑡	ˈmjuːsɪlɪdʒ	high	
muezzin	𐑥𐑫𐑧𐑟𐑦𐑯	muˈezɪn	𐑥𐑵𐑧𐑟𐑦𐑯	muːˈezɪn	high	
mugwump	𐑥𐑩𐑜𐑢𐑩𐑥𐑐	ˈməɡˌwəmp	𐑥𐑳𐑜𐑢𐑳𐑥𐑐	ˈmʌɡwʌmp	high	
mugwumps	𐑥𐑩𐑜𐑢𐑩𐑥𐑐𐑕	ˈməɡˌwəmps	𐑥𐑳𐑜𐑢𐑳𐑥𐑐𐑕	ˈmʌɡwʌmps	high	
mujahid	𐑥𐑫𐑡𐑭𐑣𐑩𐑛	mʊˈdʒɑːhƏd	𐑥𐑵𐑡𐑩𐑣𐑦𐑛	ˈˌmuːdʒəhɪd	high	
mujahideen	𐑥𐑫𐑡𐑪𐑣𐑧𐑛𐑦𐑯	muˌdʒɒheˈdin	𐑥𐑵𐑡𐑩𐑣𐑩𐑛𐑰𐑯	ˌmuːdʒəhədˈiːn	high	
mulatto	𐑥𐑘𐑩𐑤𐑨𐑑𐑴	mjəˈlætəʊ	𐑥𐑿𐑤𐑨𐑑𐑴	mjuːˈlætəʊ	high	
mulatto	𐑥𐑩𐑤𐑪𐑑𐑴	məˈlɒtoʊ	𐑥𐑿𐑤𐑨𐑑𐑴	mjuːˈlætəʊ	high	
mulatto	𐑥𐑫𐑤𐑪𐑑𐑴	mʊˈlɒtoʊ	𐑥𐑿𐑤𐑨𐑑𐑴	mjuːˈlætəʊ	high	
mulberry	𐑥𐑳𐑤𐑚𐑧𐑮𐑦	ˈmʌlˌberi	𐑥𐑳𐑤𐑚𐑼𐑦	ˈmʌlbəri	medium	r_gap:spelling=2,ipa=1
mulberry	𐑥𐑳𐑤𐑚𐑮𐑦	mʌlbri	𐑥𐑳𐑤𐑚𐑼𐑦	ˈmʌlbəri	medium	r_gap:spelling=2,ipa=1; shave_says:𐑥𐑳𐑤𐑚𐑼𐑦
muller	𐑥𐑘𐑩-	ˈmjə-	𐑥𐑳𐑤𐑼	ˈmʌləR	medium	r_gap:spelling=1,ipa=0
muller	𐑥𐑫-	mʊ-	𐑥𐑳𐑤𐑼	ˈmʌləR	medium	r_gap:spelling=1,ipa=0; shave_says:𐑥𐑳𐑤𐑼
muller	𐑥𐑫𐑤𐑼	mʊləR	𐑥𐑳𐑤𐑼	ˈmʌləR	high	
muller	𐑥𐑳𐑤-	mʌl-	𐑥𐑳𐑤𐑼	ˈmʌləR	medium	r_gap:spelling=1,ipa=0; shave_says:𐑥𐑳𐑤𐑼
multi-	𐑥𐑳𐑤𐑑𐑦	ˈmʌlti	𐑥𐑳𐑤𐑑𐑦-	ˈmʌlti-	high	
multi-	𐑥𐑳𐑤𐑑𐑰	ˈmʌltiː	𐑥𐑳𐑤𐑑𐑦-	ˈmʌlti-	high	
multi-	𐑥𐑳𐑤𐑑𐑲	ˈmʌltaɪ	𐑥𐑳𐑤𐑑𐑦-	ˈmʌlti-	high	
multimedia	𐑥𐑳𐑤𐑑𐑦𐑥𐑦𐑛𐑦𐑩	ˌmʌltiˈmidiə	𐑥𐑳𐑤𐑑𐑦𐑥𐑰𐑛𐑾	ˌmʌltɪˈmiːdɪə	high	
multimedia	𐑥𐑳𐑤𐑑𐑦𐑥𐑰𐑛𐑦𐑩	ˌmʌltiˈmiːdiə	𐑥𐑳𐑤𐑑𐑦𐑥𐑰𐑛𐑾	ˌmʌltɪˈmiːdɪə	high	
multitude	-𐑗-	-tʃ-	𐑥𐑳𐑤𐑑𐑦𐑑𐑵𐑛, 𐑥𐑳𐑤𐑑𐑦𐑑𐑿𐑛	ˈmʌltɪtjuːd	high	
multitude	𐑥𐑳𐑤𐑑𐑩𐑑𐑘𐑫𐑛	ˈmʌltəˌtjud	𐑥𐑳𐑤𐑑𐑦𐑑𐑵𐑛, 𐑥𐑳𐑤𐑑𐑦𐑑𐑿𐑛	ˈmʌltɪtjuːd	high	
multitudinous	-𐑗𐑵-	-ˈtʃuː-	𐑥𐑳𐑤𐑑𐑦𐑑𐑵𐑛𐑦𐑯𐑩𐑕, 𐑥𐑳𐑤𐑑𐑦𐑑𐑿𐑛𐑦𐑯𐑩𐑕	ˌmʌltɪˈtjuːdɪnəs	high	
multitudinous	𐑥𐑩𐑤𐑑𐑩𐑑𐑘𐑫𐑛𐑾𐑯𐑩𐑕	ˌməltəˈtjudɪənəs	𐑥𐑳𐑤𐑑𐑦𐑑𐑵𐑛𐑦𐑯𐑩𐑕, 𐑥𐑳𐑤𐑑𐑦𐑑𐑿𐑛𐑦𐑯𐑩𐑕	ˌmʌltɪˈtjuːdɪnəs	high	
mundane	𐑥𐑳𐑯𐑛𐑧𐑘𐑯	mʌnˈdejn	𐑥𐑳𐑯𐑛𐑱𐑯	mʌnˈdeɪn	high	
municipality	𐑥𐑘𐑩𐑯𐑦𐑕𐑦𐑐𐑨𐑤𐑦𐑑𐑦	mjəˌnɪsɪˈpælɪti	𐑥𐑿𐑯𐑦𐑕𐑦𐑐𐑨𐑤𐑦𐑑𐑦	mjuːˌnɪsɪˈpælɪti	high	
mural	𐑥𐑘𐑩𐑼𐑩𐑤	mjəərəl	𐑥𐑘𐑫𐑼𐑩𐑤	ˈmjʊərəl	high	
mural	𐑥𐑘𐑻𐑩𐑤	ˈmjɜːRəl	𐑥𐑘𐑫𐑼𐑩𐑤	ˈmjʊərəl	high	
mural	𐑥𐑘𐑼𐑩𐑤	ˈmjərəl	𐑥𐑘𐑫𐑼𐑩𐑤	ˈmjʊərəl	high	
murderess	-𐑮𐑩𐑕	-rəs	𐑥𐑻𐑛𐑼𐑧𐑕	ˈmɜːRdəres	medium	r_gap:spelling=2,ipa=1; shave_says:𐑥𐑻𐑛𐑼𐑩𐑕
murderess	𐑥𐑻𐑛𐑮𐑦𐑕	mɜːRdrɪs	𐑥𐑻𐑛𐑼𐑧𐑕	ˈmɜːRdəres	high	
murderess	𐑥𐑻𐑛𐑼𐑦𐑕	mɜːRdərɪs	𐑥𐑻𐑛𐑼𐑧𐑕	ˈmɜːRdəres	high	
murderess	𐑥𐑻𐑛𐑼𐑩𐑕	ˈmɜːRdərəs	𐑥𐑻𐑛𐑼𐑧𐑕	ˈmɜːRdəres	high	
murderous	𐑥𐑻𐑛𐑮𐑩𐑕	mɜːRdrəs	𐑥𐑻𐑛𐑼𐑩𐑕	ˈmɜːRdərəs	high	
muriel	𐑥𐑘𐑩𐑼𐑾𐑤	mjəərɪəl	𐑥𐑘𐑫𐑼𐑾𐑤	ˈmjʊərɪəl	high	
murrain	-𐑮𐑱𐑯	-reɪn	𐑥𐑳𐑮𐑦𐑯	ˈmʌrɪn	medium	r_gap:spelling=2,ipa=1; shave_says:𐑥𐑳𐑮𐑦𐑯
murrain	𐑥𐑳𐑮𐑩𐑯	ˈmʌrən	𐑥𐑳𐑮𐑦𐑯	ˈmʌrɪn	medium	r_gap:spelling=2,ipa=1
muse	𐑥𐑘𐑫𐑟	mjuz	𐑥𐑿𐑟	mjuːz	high	
museum	𐑥𐑘𐑫𐑟𐑦𐑥	mjuˈzim	𐑥𐑿𐑟𐑾𐑥	mjuːˈzɪəm	high	
museum	𐑥𐑘𐑫𐑟𐑦𐑩𐑥	mjuˈziəm	𐑥𐑿𐑟𐑾𐑥	mjuːˈzɪəm	high	
museum	𐑥𐑘𐑫𐑟𐑨𐑥	mjuˈzæm	𐑥𐑿𐑟𐑾𐑥	mjuːˈzɪəm	high	
museum	𐑥𐑿𐑟𐑰𐑩𐑥	mjuːˈziːəm	𐑥𐑿𐑟𐑾𐑥	mjuːˈzɪəm	high	
mush	𐑥𐑫𐑖	mʊʃ	𐑥𐑳𐑖	mʌʃ	high	
music	𐑥𐑘𐑫𐑟𐑦𐑒	ˈmjuzɪk	𐑥𐑿𐑟𐑦𐑒	ˈmjuːzɪk	high	
muslim	𐑥𐑳𐑟𐑤𐑩𐑥	ˈmʌzləm	𐑥𐑫𐑟𐑤𐑦𐑥	ˈmʊzlɪm	high	
mutability	𐑥𐑘𐑫𐑑𐑩𐑚𐑦𐑤𐑦𐑑𐑦	ˌmjutəˈbɪlɪti	𐑥𐑿𐑑𐑩𐑚𐑦𐑤𐑦𐑑𐑦	ˌmjuːtəˈbɪlɪti	high	
mutability	𐑥𐑘𐑫𐑑𐑩𐑚𐑦𐑤𐑩𐑑𐑦	ˌmjutəˈbɪləti	𐑥𐑿𐑑𐑩𐑚𐑦𐑤𐑦𐑑𐑦	ˌmjuːtəˈbɪlɪti	high	
mutant	𐑥𐑘𐑫𐑑𐑩𐑯𐑑	ˈmjutənt	𐑥𐑿𐑑𐑩𐑯𐑑	ˈmjuːtənt	high	
mutate	𐑥𐑘𐑫𐑑𐑱𐑑	ˈmjuteɪt	𐑥𐑿𐑑𐑱𐑑	mjuːˈteɪt	high	
mutatis mutandis	𐑥𐑘𐑫𐑑𐑪𐑑𐑩𐑕 𐑥𐑘𐑫𐑑𐑪𐑯𐑛𐑩𐑕	mjuˌtɒtəs mjuˈtɒndəs	𐑥𐑵𐑑𐑭𐑑𐑦𐑕 𐑥𐑵𐑑𐑨𐑯𐑛𐑦𐑕	muːˌtɑːtɪs muːˈtændɪs	high	
mutatis mutandis	𐑥𐑘𐑫𐑑𐑱𐑑𐑩𐑕 𐑥𐑘𐑫𐑑𐑨𐑯𐑛𐑩𐑕	mjuˌteɪtəs mjuˈtændəs	𐑥𐑵𐑑𐑭𐑑𐑦𐑕 𐑥𐑵𐑑𐑨𐑯𐑛𐑦𐑕	muːˌtɑːtɪs muːˈtændɪs	high	
mutatis mutandis	𐑥𐑿𐑑𐑭𐑑𐑦𐑕 𐑥𐑵𐑑𐑨𐑯𐑛𐑦𐑕	mjuːˌtɑːtɪs muːˈtandɪs	𐑥𐑵𐑑𐑭𐑑𐑦𐑕 𐑥𐑵𐑑𐑨𐑯𐑛𐑦𐑕	muːˌtɑːtɪs muːˈtændɪs	high	
mute	𐑥𐑦𐑫𐑑	mɪut	𐑥𐑿𐑑	mjuːt	high	
mutiny	𐑥𐑘𐑫𐑑𐑩𐑯𐑦	ˈmjutəni	𐑥𐑿𐑑𐑦𐑯𐑦	ˈmjuːtɪni	high	
mutiny	𐑥𐑘𐑫𐑑𐑯𐑦	ˈmjutni	𐑥𐑿𐑑𐑦𐑯𐑦	ˈmjuːtɪni	high	
mutually	-𐑗𐑢𐑩-	-tʃwə-	𐑥𐑿𐑗𐑫𐑩𐑤𐑦	ˈmjuːtʃuəli	high	
mutually	-𐑤𐑦	-lɪ	𐑥𐑿𐑗𐑫𐑩𐑤𐑦	ˈmjuːtʃuəli	high	
mutually	𐑥𐑘𐑫𐑗𐑫𐑩𐑤𐑦	ˈmjutʃuəli	𐑥𐑿𐑗𐑫𐑩𐑤𐑦	ˈmjuːtʃuəli	high	
mutually	𐑥𐑿𐑗𐑫𐑼𐑤𐑦	ˈmjuːtʃʊəli	𐑥𐑿𐑗𐑫𐑩𐑤𐑦	ˈmjuːtʃuəli	medium	ml_disagrees:𐑥𐑿𐑗𐑫𐑩𐑤𐑦; shave_says:𐑥𐑿𐑑𐑵𐑤𐑦
myanmar	𐑥𐑘𐑪𐑯𐑥𐑸	ˈmjɒnˌmɑːR	𐑥𐑘𐑨𐑯𐑥𐑸	ˈmjænmɑːR	high	
myanmar	𐑥𐑲𐑨𐑯𐑥𐑸	maɪænmɑːR	𐑥𐑘𐑨𐑯𐑥𐑸	ˈmjænmɑːR	high	
myopia	𐑥𐑲𐑴𐑐𐑦𐑩	maɪˈoʊpiə	𐑥𐑲𐑴𐑐𐑾	maɪˈəʊpɪə	high	
myopic	𐑥𐑲𐑴𐑐𐑦𐑒	maɪˈoʊpɪk	𐑥𐑲𐑪𐑐𐑦𐑒	maɪˈɒpɪk	high	
myrmidon	𐑥𐑻𐑥𐑦𐑛𐑪𐑯	mɜːRmɪdɒn	𐑥𐑻𐑥𐑦𐑛𐑩𐑯	ˈmɜːRmɪdən	high	
myrtle	𐑥𐑻𐑑𐑤	ˈmɜːRtl	𐑥𐑻𐑑𐑩𐑤	ˈmɜːRtəl	high	
mysterious	𐑥𐑦𐑕𐑑𐑦𐑮𐑦𐑩𐑕	mɪˈstɪriəs	𐑥𐑦𐑕𐑑𐑽𐑾𐑕	mɪˈstɪərɪəs	high	
mysterious	𐑥𐑦𐑕𐑑𐑽𐑦𐑩𐑕	mɪstɪəriəs	𐑥𐑦𐑕𐑑𐑽𐑾𐑕	mɪˈstɪərɪəs	high	
mysterious	𐑥𐑩𐑕𐑑𐑦𐑮𐑦𐑩𐑕	məˈstɪriəs	𐑥𐑦𐑕𐑑𐑽𐑾𐑕	mɪˈstɪərɪəs	high	
nadir	𐑯𐑨𐑛𐑽	nædɪər	𐑯𐑱𐑛𐑽	ˈneɪdɪəR	high	
nadir	𐑯𐑱𐑛𐑼	neɪdər	𐑯𐑱𐑛𐑽	ˈneɪdɪəR	high	
nadirs	𐑯𐑨𐑛𐑽𐑟	nædɪərz	𐑯𐑱𐑛𐑽𐑟	ˈneɪdɪəRz	high	
nadirs	𐑯𐑱𐑛𐑦𐑮𐑟	ˈneɪdɪrz	𐑯𐑱𐑛𐑽𐑟	ˈneɪdɪəRz	high	
nadirs	𐑯𐑱𐑛𐑼	neɪdər	𐑯𐑱𐑛𐑽𐑟	ˈneɪdɪəRz	high	
nadirs	𐑯𐑱𐑛𐑼𐑟	ˈneɪdərz	𐑯𐑱𐑛𐑽𐑟	ˈneɪdɪəRz	high	
naive	𐑯𐑪𐑦𐑝	nɒˈiv	𐑯𐑲𐑰𐑝	naɪˈiːv	high	
naive	𐑯𐑭𐑰𐑝	nɑːˈiːv	𐑯𐑲𐑰𐑝	naɪˈiːv	high	
naive	𐑯𐑲𐑦𐑝	naɪˈiv	𐑯𐑲𐑰𐑝	naɪˈiːv	high	
namibia	𐑯𐑩𐑥𐑦𐑚𐑦𐑩	nəˈmɪbiə	𐑯𐑩𐑥𐑦𐑚𐑾	nəˈmɪbɪə	high	
nan	𐑯𐑪𐑯	nɒn	𐑯𐑨𐑯	næn	high	
nan	𐑯𐑭𐑯	nɑːn	𐑯𐑨𐑯	næn	high	
naomi	𐑯𐑱𐑩𐑥𐑦	ˈneɪəmi	𐑯𐑱𐑴𐑥𐑦	ˈneɪəʊmi	high	
naomi	𐑯𐑲𐑴𐑥𐑦	naɪˈəʊmi	𐑯𐑱𐑴𐑥𐑦	ˈneɪəʊmi	high	
napoleon	𐑯𐑩𐑐𐑴𐑤𐑘𐑩𐑯	nəˈpoʊljən	𐑯𐑩𐑐𐑴𐑤𐑾𐑯	nəˈpəʊliən	high	
napoleon	𐑯𐑩𐑐𐑴𐑤𐑘𐑯	nəˈpoʊljn	𐑯𐑩𐑐𐑴𐑤𐑾𐑯	nəˈpəʊliən	high	
napoleon	𐑯𐑩𐑐𐑴𐑤𐑦𐑩𐑯	nəˈpoʊliən	𐑯𐑩𐑐𐑴𐑤𐑾𐑯	nəˈpəʊliən	high	
napoli	𐑯𐑨𐑐𐑩𐑤𐑦	ˈnæpəli	𐑯𐑭𐑐𐑩𐑤𐑦	ˈnɑːpəli	high	
napoli	𐑯𐑪𐑐𐑩𐑤𐑦	ˈnɒpəli	𐑯𐑭𐑐𐑩𐑤𐑦	ˈnɑːpəli	high	
narcissism	𐑯𐑸𐑕𐑩𐑕𐑦𐑟𐑥	nɑːRsəsɪzm	𐑯𐑸𐑕𐑦𐑕𐑦𐑟𐑩𐑥	ˈnɑːRsɪsɪzəm	high	
narrate	𐑯𐑧𐑮𐑱𐑑	ˈnereɪt	𐑯𐑼𐑱𐑑	nəˈreɪt	medium	r_gap:spelling=2,ipa=1
narrate	𐑯𐑨𐑮𐑱𐑑	ˈnæreɪt	𐑯𐑼𐑱𐑑	nəˈreɪt	medium	r_gap:spelling=2,ipa=1
narration	𐑯𐑧𐑮𐑱𐑖𐑩𐑯	nerˈeɪʃən	𐑯𐑼𐑱𐑖𐑩𐑯	nəˈreɪʃən	medium	r_gap:spelling=2,ipa=1
narration	𐑯𐑨𐑮𐑱𐑖𐑩𐑯	ˌnærˈeɪʃən	𐑯𐑼𐑱𐑖𐑩𐑯	nəˈreɪʃən	medium	r_gap:spelling=2,ipa=1
narrator	-𐑑𐑼	-təR	𐑯𐑼𐑱𐑑𐑼	nəˈreɪtəR	medium	r_gap:spelling=3,ipa=1
narrator	-𐑮𐑩𐑑𐑼	-rətəR	𐑯𐑼𐑱𐑑𐑼	nəˈreɪtəR	medium	r_gap:spelling=3,ipa=2
narrator	-𐑯𐑼𐑱𐑑𐑼	-nəˈreɪtəR	𐑯𐑼𐑱𐑑𐑼	nəˈreɪtəR	medium	r_gap:spelling=3,ipa=2
narrator	𐑯𐑧𐑮𐑱𐑑𐑼	ˈneˌreɪtəR	𐑯𐑼𐑱𐑑𐑼	nəˈreɪtəR	medium	r_gap:spelling=3,ipa=2
narrator	𐑯𐑨𐑮𐑱𐑑𐑼	ˈnæˌreɪtəR	𐑯𐑼𐑱𐑑𐑼	nəˈreɪtəR	medium	r_gap:spelling=3,ipa=2
narrowly	𐑯𐑧𐑮𐑴𐑤𐑦	ˈneroʊli	𐑯𐑨𐑮𐑴𐑤𐑦	ˈnærəʊli	medium	r_gap:spelling=2,ipa=1
narwhal	𐑯𐑸𐑢𐑪𐑤	ˈnɑːRʍɒl	𐑯𐑸𐑢𐑩𐑤	ˈnɑːRwəl	high	
narwhal	𐑯𐑸𐑢𐑱𐑤	nɑːRʍeɪl	𐑯𐑸𐑢𐑩𐑤	ˈnɑːRwəl	high	
narwhal	𐑯𐑸𐑢𐑷𐑤	ˈnɑːRʍɔːl	𐑯𐑸𐑢𐑩𐑤	ˈnɑːRwəl	high	
nasturtium	𐑯𐑨𐑕𐑑𐑻𐑖𐑩𐑥	nastɜːRʃəm	𐑯𐑩𐑕𐑑𐑻𐑖𐑩𐑥	nəˈstɜːRʃəm	high	
national	𐑯𐑨𐑖𐑩𐑯𐑤	ˈnaʃənl	𐑯𐑨𐑖𐑩𐑯𐑩𐑤	ˈnæʃənəl	high	
nationals	𐑯𐑨𐑖𐑩𐑯𐑩𐑤𐑕	næʃənəls	𐑯𐑨𐑖𐑩𐑯𐑩𐑤𐑟	ˈnæʃənəlz	high	
nausea	𐑯𐑷𐑕𐑦𐑩	ˈnɔːsiə	𐑯𐑷𐑟𐑾	ˈnɔːzɪə	high	
nausea	𐑯𐑷𐑕𐑾	ˈnɔːsɪə	𐑯𐑷𐑟𐑾	ˈnɔːzɪə	high	
nausea	𐑯𐑷𐑖𐑩	ˈnɔːʃə	𐑯𐑷𐑟𐑾	ˈnɔːzɪə	high	
nausea	𐑯𐑷𐑟𐑦𐑩	ˈnɔːziə	𐑯𐑷𐑟𐑾	ˈnɔːzɪə	high	
nausea	𐑯𐑷𐑠𐑩	ˈnɔːʒə	𐑯𐑷𐑟𐑾	ˈnɔːzɪə	high	
nauseous	𐑯𐑷𐑕𐑰𐑩𐑕	ˈnɔːsiːəs	𐑯𐑷𐑟𐑾𐑕	ˈnɔːzɪəs	high	
nauseous	𐑯𐑷𐑖𐑩𐑕	ˈnɔːʃəs	𐑯𐑷𐑟𐑾𐑕	ˈnɔːzɪəs	high	
nauseous	𐑯𐑷𐑟𐑰𐑩𐑕	ˈnɔːziːəs	𐑯𐑷𐑟𐑾𐑕	ˈnɔːzɪəs	high	
nauseous	𐑯𐑷𐑠𐑩𐑕	ˈnɔːʒəs	𐑯𐑷𐑟𐑾𐑕	ˈnɔːzɪəs	high	
nautilus	𐑯𐑪𐑑𐑦𐑤𐑩𐑕	ˈnɒtɪləs	𐑯𐑷𐑑𐑦𐑤𐑩𐑕	ˈnɔːtɪləs	high	
ne'er-do-well	𐑯𐑧𐑮𐑛𐑫𐑢𐑧𐑤	ˈnerduˌwel	𐑯𐑺-𐑛𐑵-𐑢𐑧𐑤	ˈneəR-duː-wel	high	
ne'er-do-well	𐑯𐑺𐑛𐑫𐑢𐑧𐑤	neəRduwel	𐑯𐑺-𐑛𐑵-𐑢𐑧𐑤	ˈneəR-duː-wel	high	
neanderthal	𐑯𐑦𐑨𐑯𐑛𐑼𐑑𐑪𐑤	niˈændəRˌtɒl	𐑯𐑰𐑨𐑯𐑛𐑼𐑑𐑭𐑤	niːˈændəRtɑːl	high	
neanderthal	𐑯𐑦𐑨𐑯𐑛𐑼𐑔𐑩𐑤	niˈændəRθəl	𐑯𐑰𐑨𐑯𐑛𐑼𐑑𐑭𐑤	niːˈændəRtɑːl	high	
neanderthal	𐑯𐑦𐑨𐑯𐑛𐑼𐑔𐑪𐑤	niˈændəRˌθɒl	𐑯𐑰𐑨𐑯𐑛𐑼𐑑𐑭𐑤	niːˈændəRtɑːl	high	
neanderthal	𐑯𐑰𐑨𐑯𐑛𐑩𐑑𐑭𐑤	niːændətɑːl	𐑯𐑰𐑨𐑯𐑛𐑼𐑑𐑭𐑤	niːˈændəRtɑːl	medium	r_gap:spelling=1,ipa=0; shave_says:𐑯𐑰𐑨𐑯𐑛𐑼𐑔𐑷𐑤
neapolitan	𐑯𐑰𐑩𐑐𐑪𐑤𐑦𐑑𐑩𐑯	ˌniːəˈpɒlɪtən	𐑯𐑾𐑐𐑪𐑤𐑦𐑑𐑩𐑯	nɪəˈpɒlɪtən	high	
near	𐑯𐑦𐑘𐑼	nɪjəR	𐑯𐑽	nɪəR	high	
nearer	𐑯𐑦𐑮𐑼	ˈnɪrəR	𐑯𐑽𐑼	ˈnɪərəR	high	
nearest	𐑯𐑦𐑮𐑦𐑕𐑑	ˈnɪrɪst	𐑯𐑽𐑩𐑕𐑑	ˈnɪərəst	high	
nearest	𐑯𐑽𐑦𐑕𐑑	nɪərɪst	𐑯𐑽𐑩𐑕𐑑	ˈnɪərəst	high	
nearly	𐑯𐑦𐑮𐑤𐑦	ˈnɪrli	𐑯𐑽𐑤𐑦	ˈnɪəRli	high	
nears	𐑯𐑦𐑮𐑟	nɪrz	𐑯𐑽𐑟	nɪəRz	high	
necessarily	𐑯𐑧𐑕𐑩𐑕𐑧𐑮𐑤𐑦	nesəserli	𐑯𐑧𐑕𐑩𐑕𐑧𐑮𐑦𐑤𐑦	ˌnesəˈserɪli	high	
necessarily	𐑯𐑧𐑕𐑩𐑕𐑧𐑮𐑩𐑤𐑦	ˌnesəˈserəli	𐑯𐑧𐑕𐑩𐑕𐑧𐑮𐑦𐑤𐑦	ˌnesəˈserɪli	high	
necessarily	𐑯𐑧𐑕𐑩𐑕𐑼𐑦𐑤𐑦	nesəsərɪli	𐑯𐑧𐑕𐑩𐑕𐑧𐑮𐑦𐑤𐑦	ˌnesəˈserɪli	high	
necessary	𐑯𐑧𐑕𐑩𐑕𐑧𐑮𐑦	nesəseri	𐑯𐑧𐑕𐑩𐑕𐑼𐑦	ˈnesəsəri	high	
necessary	𐑯𐑧𐑕𐑩𐑕𐑮𐑦	nesəsri	𐑯𐑧𐑕𐑩𐑕𐑼𐑦	ˈnesəsəri	high	
necessitate	𐑯𐑩𐑕𐑧𐑕𐑩𐑑𐑱𐑑	nəˈsesəˌteɪt	𐑯𐑦𐑕𐑧𐑕𐑦𐑑𐑱𐑑	nɪˈsesɪteɪt	high	
necessitous	𐑯𐑩𐑕𐑧𐑕𐑩𐑑𐑩𐑕	nəˈsesətəs	𐑯𐑦𐑕𐑧𐑕𐑦𐑑𐑩𐑕	nɪˈsesɪtəs	high	
necklace	𐑯𐑧𐑒𐑤𐑦𐑕	ˈneklɪs	𐑯𐑧𐑒𐑤𐑩𐑕	ˈnekləs	high	
necromancer	𐑯𐑧𐑒𐑮𐑩𐑥𐑨𐑯𐑕𐑼	ˈnekrəˌmænsəR	𐑯𐑧𐑒𐑮𐑴𐑥𐑨𐑯𐑕𐑼	ˈnekrəʊmænsəR	high	
necropolis	𐑯𐑦-	nɪ-	𐑯𐑦𐑒𐑮𐑪𐑐𐑩𐑤𐑦𐑕	nɪˈkrɒpəlɪs	medium	r_gap:spelling=1,ipa=0; shave_says:𐑯𐑧𐑒𐑮𐑪𐑐𐑩𐑤𐑦𐑕
necropolis	𐑯𐑧𐑒𐑮𐑪𐑐𐑤𐑦𐑕	nekrɒplɪs	𐑯𐑦𐑒𐑮𐑪𐑐𐑩𐑤𐑦𐑕	nɪˈkrɒpəlɪs	medium	ml_disagrees:𐑯𐑧𐑒𐑮𐑪𐑐𐑤𐑩𐑕; shave_says:𐑯𐑧𐑒𐑮𐑪𐑐𐑩𐑤𐑦𐑕
necropolis	𐑯𐑧𐑒𐑮𐑪𐑐𐑩𐑤𐑦𐑕	nekrɒpəlɪs	𐑯𐑦𐑒𐑮𐑪𐑐𐑩𐑤𐑦𐑕	nɪˈkrɒpəlɪs	high	
necropolis	𐑯𐑧𐑒𐑮𐑪𐑐𐑩𐑤𐑩𐑕	neˈkrɒpələs	𐑯𐑦𐑒𐑮𐑪𐑐𐑩𐑤𐑦𐑕	nɪˈkrɒpəlɪs	high	
necropolis	𐑯𐑩-	nə-	𐑯𐑦𐑒𐑮𐑪𐑐𐑩𐑤𐑦𐑕	nɪˈkrɒpəlɪs	medium	r_gap:spelling=1,ipa=0
need	𐑯𐑦𐑛	nid	𐑯𐑰𐑛	niːd	high	
needed	𐑯𐑦𐑛𐑩𐑛	ˈnidƏd	𐑯𐑰𐑛𐑩𐑛	ˈniːdƏd	high	
needs	𐑯𐑦𐑛𐑟	nidz	𐑯𐑰𐑛𐑟	niːdz	high	
nefandous	𐑯𐑩𐑓𐑨𐑯𐑛𐑩𐑕	nəˈfændəs	𐑯𐑦𐑓𐑨𐑯𐑛𐑩𐑕	nɪˈfændəs	high	
negotiable	𐑯𐑦𐑜𐑴𐑖𐑩𐑚𐑩𐑤	nɪˈɡəʊʃəbəl	𐑯𐑦𐑜𐑴𐑖𐑾𐑚𐑩𐑤	nɪˈɡəʊʃɪəbəl	high	
negotiate	𐑯𐑦𐑜𐑴𐑕𐑦𐑱𐑑	nɪˈɡəʊsieɪt	𐑯𐑦𐑜𐑴𐑖𐑦𐑱𐑑	nɪˈɡəʊʃieɪt	high	
negotiate	𐑯𐑩𐑜𐑴𐑖𐑦𐑱𐑑	nəˈɡəʊʃieɪt	𐑯𐑦𐑜𐑴𐑖𐑦𐑱𐑑	nɪˈɡəʊʃieɪt	high	
negotiation	𐑯𐑦𐑜𐑴𐑕𐑦𐑱𐑖𐑩𐑯	nɪˌɡəʊsiˈeɪʃən	𐑯𐑦𐑜𐑴𐑖𐑦𐑱𐑖𐑩𐑯	nɪˌɡəʊʃɪˈeɪʃən	high	
negotiation	𐑯𐑩𐑜𐑴𐑕𐑦𐑱𐑖𐑩𐑯	nəˌɡoʊsiˈeɪʃən	𐑯𐑦𐑜𐑴𐑖𐑦𐑱𐑖𐑩𐑯	nɪˌɡəʊʃɪˈeɪʃən	high	
negotiation	𐑯𐑩𐑜𐑴𐑖𐑦𐑱𐑖𐑩𐑯	nəˌɡoʊʃiˈeɪʃən	𐑯𐑦𐑜𐑴𐑖𐑦𐑱𐑖𐑩𐑯	nɪˌɡəʊʃɪˈeɪʃən	high	
negotiator	𐑯𐑦𐑜𐑴𐑕𐑦𐑱𐑑𐑼	nɪɡəʊsieɪtəR	𐑯𐑦𐑜𐑴𐑖𐑦𐑱𐑑𐑼	nɪˈɡəʊʃieɪtəR	high	
negotiator	𐑯𐑩𐑜𐑴𐑖𐑦𐑱𐑑𐑼	nəɡəʊʃieɪtəR	𐑯𐑦𐑜𐑴𐑖𐑦𐑱𐑑𐑼	nɪˈɡəʊʃieɪtəR	high	
negro	𐑯𐑦𐑜𐑮𐑴	ˈniɡroʊ	𐑯𐑰𐑜𐑮𐑴	ˈniːɡrəʊ	high	
negroes	𐑯𐑦𐑜𐑮𐑴𐑟	ˈniɡroʊz	𐑯𐑰𐑜𐑮𐑴𐑟	ˈniːɡrəʊz	high	
neighborhood	𐑯𐑱𐑚𐑩𐑣𐑫𐑛	neɪbəhʊd	𐑯𐑱𐑚𐑼𐑣𐑫𐑛	ˈneɪbəRhʊd	medium	r_gap:spelling=1,ipa=0; shave_says:𐑯𐑱𐑚𐑼𐑣𐑫𐑛
neighbourhood	𐑯𐑱𐑚𐑩𐑣𐑫𐑛	neɪbəhʊd	𐑯𐑱𐑚𐑼𐑣𐑫𐑛	ˈneɪbəRhʊd	medium	r_gap:spelling=1,ipa=0; shave_says:𐑯𐑱𐑚𐑼𐑣𐑫𐑛
neither	𐑯𐑦𐑞𐑼	ˈniðəR	𐑯𐑲𐑞𐑼	ˈnaɪðəR	high	
neither	𐑯𐑰𐑞𐑼	niːðəR	𐑯𐑲𐑞𐑼	ˈnaɪðəR	high	
neo-	𐑯𐑦𐑴	ˈnioʊ	𐑯𐑰𐑴-	ˈniːəʊ-	high	
neo-	𐑯𐑰𐑴	ˈniːəʊ	𐑯𐑰𐑴-	ˈniːəʊ-	high	
neodymium	𐑯𐑾𐑫𐑛𐑦𐑥𐑾𐑥	nɪəʊˈdɪmɪəm	𐑯𐑰𐑴𐑛𐑦𐑥𐑾𐑥	ˌniːəʊˈdɪmiəm	high	
neolithic	𐑯𐑦𐑩𐑤𐑦𐑔𐑦𐑒	ˌniəˈlɪθɪk	𐑯𐑰𐑴𐑤𐑦𐑔𐑦𐑒	ˌniːəʊˈlɪθɪk	high	
neolithic	𐑯𐑦𐑴𐑤𐑦𐑔𐑦𐑒	ˌniəʊˈlɪθɪk	𐑯𐑰𐑴𐑤𐑦𐑔𐑦𐑒	ˌniːəʊˈlɪθɪk	high	
neologism	𐑯𐑦𐑪𐑤𐑩𐑡𐑦𐑟𐑩𐑥	niˈɒləˌdʒɪzəm	𐑯𐑰𐑪𐑤𐑩𐑡𐑦𐑟𐑩𐑥	niːˈɒlədʒɪzəm	high	
neon	𐑯𐑦𐑪𐑯	ˈniˌɒn	𐑯𐑰𐑪𐑯	ˈniːɒn	high	
nepal	𐑯𐑩𐑐𐑷𐑤	nəˈpɔːl	𐑯𐑦𐑐𐑷𐑤	nɪˈpɔːl	high	
nephew	𐑯𐑧𐑝𐑘𐑫	ˈnevju	𐑯𐑧𐑓𐑿	ˈnefjuː	high	
nepotism	𐑯𐑰𐑐𐑩𐑑𐑦𐑟𐑩𐑥	ˈniːpətɪzəm	𐑯𐑧𐑐𐑩𐑑𐑦𐑟𐑩𐑥	ˈnepətɪzəm	high	
neptune	𐑯𐑧𐑐𐑗𐑵𐑯	ˈneptʃuːn	𐑯𐑧𐑐𐑑𐑵𐑯, 𐑯𐑧𐑐𐑑𐑿𐑯	ˈneptjuːn	high	
nescience	𐑯𐑧𐑕𐑦𐑩𐑯𐑕	ˈnesiəns	𐑯𐑧𐑕𐑾𐑯𐑕	ˈnesɪəns	high	
nescience	𐑯𐑧𐑖𐑦𐑩𐑯𐑕	ˈneʃiəns	𐑯𐑧𐑕𐑾𐑯𐑕	ˈnesɪəns	high	
nescience	𐑯𐑧𐑖𐑩𐑯𐑕	ˈneʃəns	𐑯𐑧𐑕𐑾𐑯𐑕	ˈnesɪəns	high	
nescient	𐑯𐑧𐑖𐑩𐑯𐑑	ˈneʃənt	𐑯𐑧𐑕𐑾𐑯𐑑	ˈnesɪənt	high	
netherlands	𐑯𐑧𐑞𐑩𐑤𐑩𐑯𐑛𐑟	neðələndz	𐑯𐑧𐑞𐑼𐑤𐑩𐑯𐑛𐑟	ˈneðəRləndz	medium	r_gap:spelling=1,ipa=0; shave_says:·𐑯𐑧𐑞𐑼𐑤𐑩𐑯𐑛𐑟
neural	𐑯𐑫𐑮𐑩𐑤	ˈnʊrəl	𐑯𐑘𐑫𐑼𐑩𐑤	ˈnjʊərəl	high	
neural	𐑯𐑻𐑩𐑤	ˈnɜːRəl	𐑯𐑘𐑫𐑼𐑩𐑤	ˈnjʊərəl	high	
neurasthenic	𐑯𐑘𐑩𐑼𐑩𐑕𐑔𐑧𐑯𐑦𐑒	njəərəsθenɪk	𐑯𐑘𐑫𐑼𐑩𐑕𐑔𐑧𐑯𐑦𐑒	ˌnjʊərəsˈθenɪk	medium	ml_disagrees:𐑯𐑘𐑫𐑼𐑩𐑕𐑔𐑧𐑯𐑦𐑒; shave_says:𐑯𐑘𐑫𐑼𐑩𐑕𐑔𐑰𐑯𐑦𐑒
neurasthenic	𐑯𐑫𐑮𐑩𐑕𐑔𐑧𐑯𐑦𐑒	ˌnʊrəsˈθenɪk	𐑯𐑘𐑫𐑼𐑩𐑕𐑔𐑧𐑯𐑦𐑒	ˌnjʊərəsˈθenɪk	high	
neurological	𐑯𐑻𐑩𐑤𐑪𐑡𐑦𐑒𐑩𐑤	nɜːRəˈlɒdʒɪkəl	𐑯𐑘𐑫𐑼𐑩𐑤𐑪𐑡𐑦𐑒𐑩𐑤	ˈnjʊəRəˈlɒdʒɪkəl	high	
neuron	𐑯𐑘𐑫𐑮𐑪𐑯	ˈnjurɒn	𐑯𐑘𐑫𐑼𐑪𐑯	ˈnjʊərɒn	high	
neuron	𐑯𐑘𐑻𐑪𐑯	ˈnjɜːRɒn	𐑯𐑘𐑫𐑼𐑪𐑯	ˈnjʊərɒn	high	
neuron	𐑯𐑘𐑼𐑪𐑯	ˈnjərɒn	𐑯𐑘𐑫𐑼𐑪𐑯	ˈnjʊərɒn	high	
neuroses	𐑯𐑘𐑼𐑴𐑕𐑰𐑟	njərəʊsiːz	𐑯𐑘𐑫𐑼𐑴𐑕𐑰𐑟	njʊəˈrəʊsiːz	high	
neurosis	𐑯𐑘𐑼𐑴𐑕𐑦𐑕	njərəʊsɪs	𐑯𐑘𐑫𐑼𐑴𐑕𐑦𐑕	njʊəˈrəʊsɪs	high	
neurotically	𐑯𐑘𐑼𐑪𐑑𐑦𐑒𐑤𐑦	njəˈrɒtɪkli	𐑯𐑘𐑫𐑼𐑪𐑑𐑦𐑒𐑤𐑦	njʊəˈrɒtɪkli	high	
neurotically	𐑯𐑘𐑼𐑷𐑑𐑦𐑒𐑤𐑦	njərɔtɪkli	𐑯𐑘𐑫𐑼𐑪𐑑𐑦𐑒𐑤𐑦	njʊəˈrɒtɪkli	high	
neurotically	𐑯𐑘𐑼𐑷𐑑𐑦𐑒𐑤𐑦𐑘	njərɔtɪklɪj	𐑯𐑘𐑫𐑼𐑪𐑑𐑦𐑒𐑤𐑦	njʊəˈrɒtɪkli	high	
neuter	𐑯𐑘𐑫𐑑𐑼	ˈnjutəR	𐑯𐑵𐑑𐑼, 𐑯𐑿𐑑𐑼	ˈnjuːtəR	high	
neutrality	𐑯𐑫𐑑𐑮𐑨𐑤𐑩𐑑𐑦	nuˈtræləti	𐑯𐑵𐑑𐑮𐑨𐑤𐑦𐑑𐑦, 𐑯𐑿𐑑𐑮𐑨𐑤𐑦𐑑𐑦	njuːˈtrælɪti	high	
neutrality	𐑯𐑿𐑑𐑮𐑨𐑤𐑩𐑑𐑦	njuːtræləti	𐑯𐑵𐑑𐑮𐑨𐑤𐑦𐑑𐑦, 𐑯𐑿𐑑𐑮𐑨𐑤𐑦𐑑𐑦	njuːˈtrælɪti	high	
neutralize	𐑯𐑫𐑑𐑮𐑩𐑤𐑲𐑟	ˈnutrəˌlaɪz	𐑯𐑵𐑑𐑮𐑩𐑤𐑲𐑟, 𐑯𐑿𐑑𐑮𐑩𐑤𐑲𐑟	ˈnjuːtrəlaɪz	high	
neutron	𐑯𐑫𐑑𐑮𐑪𐑯	ˈnutrɒn	𐑯𐑵𐑑𐑮𐑪𐑯, 𐑯𐑿𐑑𐑮𐑪𐑯	ˈnjuːtrɒn	high	
nevada	𐑯𐑦𐑝𐑨𐑛𐑩	nɪˈvædə	𐑯𐑩𐑝𐑨𐑛𐑩, 𐑯𐑩𐑝𐑭𐑛𐑩	nəˈvÆdə	high	
nevada	𐑯𐑦𐑝𐑪𐑛𐑩	nɪˈvɒdə	𐑯𐑩𐑝𐑨𐑛𐑩, 𐑯𐑩𐑝𐑭𐑛𐑩	nəˈvÆdə	high	
nevada	𐑯𐑦𐑝𐑭𐑛𐑩	nɪˈvɑːdə	𐑯𐑩𐑝𐑨𐑛𐑩, 𐑯𐑩𐑝𐑭𐑛𐑩	nəˈvÆdə	high	
nevada	𐑯𐑩𐑝𐑨𐑑𐑩	nəˈvætə	𐑯𐑩𐑝𐑨𐑛𐑩, 𐑯𐑩𐑝𐑭𐑛𐑩	nəˈvÆdə	high	
nevada	𐑯𐑩𐑝𐑪𐑑𐑩	nəˈvɒtə	𐑯𐑩𐑝𐑨𐑛𐑩, 𐑯𐑩𐑝𐑭𐑛𐑩	nəˈvÆdə	high	
nevada	𐑯𐑩𐑝𐑪𐑛𐑩	nəˈvɒdə	𐑯𐑩𐑝𐑨𐑛𐑩, 𐑯𐑩𐑝𐑭𐑛𐑩	nəˈvÆdə	high	
nevada	𐑯𐑩𐑝𐑱𐑛𐑩	nəˈveɪdə	𐑯𐑩𐑝𐑨𐑛𐑩, 𐑯𐑩𐑝𐑭𐑛𐑩	nəˈvÆdə	high	
nevertheless	𐑯𐑧𐑝𐑩𐑞𐑩𐑤𐑧𐑕	nevəðəles	𐑯𐑧𐑝𐑼𐑞𐑩𐑤𐑧𐑕	ˌnevəRðəˈles	medium	r_gap:spelling=1,ipa=0; shave_says:𐑯𐑧𐑝𐑼𐑞𐑩𐑤𐑧𐑕
new	𐑯𐑘𐑫	nju	𐑯𐑵, 𐑯𐑿	njuː	high	
new jersey	𐑯𐑘𐑫𐑡𐑻𐑟𐑦	njuˈdʒɜːRzi	𐑯𐑵 𐑡𐑻𐑟𐑦, 𐑯𐑿 𐑡𐑻𐑟𐑦	ˌnjuː ˈdʒɜːRzi	high	
new jersey	𐑯𐑫𐑡𐑻𐑟𐑦	nuˈdʒɜːRzi	𐑯𐑵 𐑡𐑻𐑟𐑦, 𐑯𐑿 𐑡𐑻𐑟𐑦	ˌnjuː ˈdʒɜːRzi	high	
new york	𐑯𐑘𐑫 𐑘𐑹𐑒	ˌnju ˈjɔːRk	𐑯𐑵 𐑘𐑹𐑒, 𐑯𐑿 𐑘𐑹𐑒	ˌnjuː ˈjɔːRk	high	
newark	𐑯𐑫𐑼𐑒	nʊərk	𐑯𐑵𐑼𐑒, 𐑯𐑿𐑼𐑒	ˈnjuːəRk	high	
newark	𐑯𐑵𐑸𐑒	ˈnuːɑːrk	𐑯𐑵𐑼𐑒, 𐑯𐑿𐑼𐑒	ˈnjuːəRk	high	
newbury	𐑯𐑘𐑫𐑚𐑼𐑦	njubəri	𐑯𐑵𐑚𐑼𐑦, 𐑯𐑿𐑚𐑼𐑦	ˈnjuːbəri	high	
newcastle	𐑯𐑘𐑫𐑒𐑨𐑕𐑩𐑤	ˈnjuˌkæsəl	𐑯𐑵𐑒𐑨𐑕𐑩𐑤, 𐑯𐑿𐑒𐑨𐑕𐑩𐑤	ˈnjuːkæsəl	high	
newcastle	𐑯𐑿𐑒𐑭𐑕𐑩𐑤	ˈnjuːˌkɑːsəl	𐑯𐑵𐑒𐑨𐑕𐑩𐑤, 𐑯𐑿𐑒𐑨𐑕𐑩𐑤	ˈnjuːkæsəl	high	
newcomer	𐑯𐑘𐑫𐑒𐑳𐑥𐑼	ˈnjuˌkʌməR	𐑯𐑵𐑒𐑳𐑥𐑼, 𐑯𐑿𐑒𐑳𐑥𐑼	ˈnjuːkʌməR	high	
newel	𐑯𐑘𐑫𐑩𐑤	ˈnjuəl	𐑯𐑵𐑩𐑤, 𐑯𐑿𐑩𐑤	ˈnjuːəl	high	
newel	𐑯𐑫𐑩𐑤	ˈnuəl	𐑯𐑵𐑩𐑤, 𐑯𐑿𐑩𐑤	ˈnjuːəl	high	
newer	𐑯𐑘𐑫𐑼	ˈnjuəR	𐑯𐑵𐑼, 𐑯𐑿𐑼	ˈnjuːəR	high	
newest	𐑯𐑘𐑫𐑦𐑕𐑑	ˈnjuɪst	𐑯𐑵𐑩𐑕𐑑, 𐑯𐑿𐑩𐑕𐑑	ˈnjuːəst	high	
newest	𐑯𐑿𐑦𐑕𐑑	ˈnjuːɪst	𐑯𐑵𐑩𐑕𐑑, 𐑯𐑿𐑩𐑕𐑑	ˈnjuːəst	high	
newfangled	𐑯𐑫𐑓𐑨𐑙𐑜𐑩𐑤𐑛	ˌnuˈfæŋɡəld	𐑯𐑵𐑓𐑨𐑙𐑜𐑩𐑤𐑛, 𐑯𐑿𐑓𐑨𐑙𐑜𐑩𐑤𐑛	ˌnjuːˈfæŋɡəld	high	
newfoundland	𐑯𐑫𐑓𐑩𐑯𐑛𐑤𐑩𐑯𐑛	ˈnufəndlənd	𐑯𐑵𐑓𐑩𐑯𐑤𐑩𐑯𐑛, 𐑯𐑿𐑓𐑩𐑯𐑤𐑩𐑯𐑛	ˈnjuːfənlənd	high	
newfoundland	𐑯𐑫𐑓𐑬𐑯𐑛𐑤𐑩𐑯𐑛	ˈnuˌfaʊndlənd	𐑯𐑵𐑓𐑩𐑯𐑤𐑩𐑯𐑛, 𐑯𐑿𐑓𐑩𐑯𐑤𐑩𐑯𐑛	ˈnjuːfənlənd	high	
newfoundland	𐑯𐑿𐑓𐑩𐑯𐑛𐑤𐑩𐑯𐑛	ˈnjuːfəndlənd	𐑯𐑵𐑓𐑩𐑯𐑤𐑩𐑯𐑛, 𐑯𐑿𐑓𐑩𐑯𐑤𐑩𐑯𐑛	ˈnjuːfənlənd	high	
newfoundland	𐑯𐑿𐑓𐑬𐑯𐑛𐑤𐑩𐑯𐑛	ˈnjuːˌfaʊndlənd	𐑯𐑵𐑓𐑩𐑯𐑤𐑩𐑯𐑛, 𐑯𐑿𐑓𐑩𐑯𐑤𐑩𐑯𐑛	ˈnjuːfənlənd	high	
newly	𐑯𐑫𐑤𐑦	ˈnuli	𐑯𐑵𐑤𐑦, 𐑯𐑿𐑤𐑦	ˈnjuːli	high	
newport	𐑯𐑫𐑐𐑹𐑑	ˈnupɔːRt	𐑯𐑵𐑐𐑹𐑑, 𐑯𐑿𐑐𐑹𐑑	ˈnjuːpɔːRt	high	
newry	𐑯𐑘𐑩𐑼𐑦	njəəri	𐑯𐑘𐑫𐑼𐑦	ˈnjʊəri	medium	ml_disagrees:𐑯𐑘𐑫𐑼𐑦; shave_says:𐑯𐑿𐑮𐑦
news	𐑯𐑦𐑫𐑟	nɪuz	𐑯𐑵𐑟, 𐑯𐑿𐑟	njuːz	high	
newsflash	𐑯𐑫𐑟𐑓𐑤𐑨𐑖	ˈnuzˌflæʃ	𐑯𐑵𐑟𐑓𐑤𐑨𐑖, 𐑯𐑿𐑟𐑓𐑤𐑨𐑖	ˈnjuːzflæʃ	high	
newsletter	𐑯𐑘𐑫𐑟𐑤𐑧𐑑𐑼	ˈnjuzˌletəR	𐑯𐑵𐑟𐑤𐑧𐑑𐑼, 𐑯𐑿𐑟𐑤𐑧𐑑𐑼	ˈnjuːzletəR	high	
newspaper	𐑯𐑘𐑫𐑕𐑐𐑱𐑐𐑼	ˈnjusˌpeɪpəR	𐑯𐑵𐑟𐑐𐑱𐑐𐑼, 𐑯𐑿𐑟𐑐𐑱𐑐𐑼	ˈnjuːzpeɪpəR	high	
newspaper	𐑯𐑘𐑫𐑟𐑐𐑱𐑐𐑼	ˈnjuzˌpeɪpəR	𐑯𐑵𐑟𐑐𐑱𐑐𐑼, 𐑯𐑿𐑟𐑐𐑱𐑐𐑼	ˈnjuːzpeɪpəR	high	
newspaper	𐑯𐑿𐑕𐑐𐑱𐑐𐑼	njuːspeɪpəR	𐑯𐑵𐑟𐑐𐑱𐑐𐑼, 𐑯𐑿𐑟𐑐𐑱𐑐𐑼	ˈnjuːzpeɪpəR	high	
newspaperman	𐑯𐑘𐑫𐑕𐑐𐑱𐑐𐑼𐑥𐑨𐑯	ˈnjuspeɪpərˌmæn	𐑯𐑵𐑟𐑐𐑱𐑐𐑼𐑥𐑩𐑯, 𐑯𐑿𐑟𐑐𐑱𐑐𐑼𐑥𐑩𐑯	ˈnjuːzpeɪpəRmən	high	
newspaperman	𐑯𐑘𐑫𐑟𐑐𐑱𐑐𐑼𐑥𐑨𐑯	ˈnjuzpeɪpərˌmæn	𐑯𐑵𐑟𐑐𐑱𐑐𐑼𐑥𐑩𐑯, 𐑯𐑿𐑟𐑐𐑱𐑐𐑼𐑥𐑩𐑯	ˈnjuːzpeɪpəRmən	high	
newspapers	𐑯𐑘𐑫𐑕𐑐𐑱𐑐𐑼𐑟	ˈnjusˌpeɪpəRz	𐑯𐑵𐑟𐑐𐑱𐑐𐑼𐑟, 𐑯𐑿𐑟𐑐𐑱𐑐𐑼𐑟	ˈnjuːzpeɪpəRz	high	
newspapers	𐑯𐑘𐑫𐑟𐑐𐑱𐑐𐑼𐑟	ˈnjuzˌpeɪpəRz	𐑯𐑵𐑟𐑐𐑱𐑐𐑼𐑟, 𐑯𐑿𐑟𐑐𐑱𐑐𐑼𐑟	ˈnjuːzpeɪpəRz	high	
newspapers	𐑯𐑿𐑕𐑐𐑱𐑐𐑼𐑟	njuːspeɪpəRz	𐑯𐑵𐑟𐑐𐑱𐑐𐑼𐑟, 𐑯𐑿𐑟𐑐𐑱𐑐𐑼𐑟	ˈnjuːzpeɪpəRz	high	
newsreel	𐑯𐑫𐑟𐑮𐑦𐑤	ˈnuzˌril	𐑯𐑵𐑟𐑮𐑰𐑤, 𐑯𐑿𐑟𐑮𐑰𐑤	ˈnjuːzriːl	high	
newt	𐑯𐑘𐑫𐑑	ˈnjut	𐑯𐑵𐑑, 𐑯𐑿𐑑	njuːt	high	
newtonian	𐑯𐑘𐑫𐑑𐑴𐑯𐑦𐑩𐑯	njuˈtoʊniən	𐑯𐑵𐑑𐑴𐑯𐑾𐑯, 𐑯𐑿𐑑𐑴𐑯𐑾𐑯	njuːˈtəʊnɪən	high	
newtonian	𐑯𐑿𐑑𐑴𐑯𐑦𐑩𐑯	njuːˈtəʊniən	𐑯𐑵𐑑𐑴𐑯𐑾𐑯, 𐑯𐑿𐑑𐑴𐑯𐑾𐑯	njuːˈtəʊnɪən	high	
nexus	𐑯𐑧𐑒𐑕𐑫𐑕	ˈneksus	𐑯𐑧𐑒𐑕𐑩𐑕	ˈneksəs	high	
nexus	𐑯𐑧𐑒𐑕𐑵𐑕	ˈneksuːs	𐑯𐑧𐑒𐑕𐑩𐑕	ˈneksəs	high	
nibbles	𐑯𐑦𐑚𐑩𐑤𐑕	ˈnɪbəls	𐑯𐑦𐑚𐑩𐑤𐑟	ˈnɪbəlz	high	
nibbling	𐑯𐑦𐑚𐑩𐑤𐑦𐑙	ˈnɪbəlɪŋ	𐑯𐑦𐑚𐑤𐑦𐑙	ˈnɪblɪŋ	high	
nicaragua	𐑯𐑦𐑒𐑼𐑨𐑜𐑘𐑫𐑩	nɪkəræɡjuə	𐑯𐑦𐑒𐑼𐑭𐑜𐑢𐑩	ˌnɪkəˈrɑːɡwə	high	
nicaragua	𐑯𐑦𐑒𐑼𐑪𐑜𐑢𐑩	ˌnɪkəˈrɒɡwə	𐑯𐑦𐑒𐑼𐑭𐑜𐑢𐑩	ˌnɪkəˈrɑːɡwə	high	
nicely	𐑯𐑳𐑦𐑕𐑤𐑦	ˈnʌɪsli	𐑯𐑲𐑕𐑤𐑦	ˈnaɪsli	high	
niche	𐑯𐑦𐑖	niʃ	𐑯𐑰𐑖	niːʃ	high	
niche	𐑯𐑦𐑗	nɪtʃ	𐑯𐑰𐑖	niːʃ	high	
nicola	𐑯𐑦𐑒𐑴𐑤𐑩	nɪˈkoʊlə	𐑯𐑦𐑒𐑩𐑤𐑩	ˈnɪkələ	high	
niece	𐑯𐑦𐑕	nis	𐑯𐑰𐑕	niːs	high	
nieces	𐑯𐑦𐑕𐑩𐑟	ˈnisƏz	𐑯𐑰𐑕𐑩𐑟	ˈniːsƏz	high	
niger	𐑯𐑲𐑡𐑼	naɪdʒər	𐑯𐑰𐑠𐑺	niːˈʒeəR	high	
nigeria	𐑯𐑲𐑡𐑦𐑮𐑦𐑩	naɪˈdʒɪriə	𐑯𐑲𐑡𐑽𐑾	naɪˈdʒɪərɪə	high	
nigeria	𐑯𐑲𐑡𐑽𐑦𐑩	naɪdʒɪəriə	𐑯𐑲𐑡𐑽𐑾	naɪˈdʒɪərɪə	high	
niggardly	𐑯𐑦𐑜𐑩𐑛𐑤𐑦	nɪɡədli	𐑯𐑦𐑜𐑼𐑛𐑤𐑦	ˈnɪɡəRdli	medium	r_gap:spelling=1,ipa=0; shave_says:𐑯𐑦𐑜𐑼𐑛𐑤𐑦
night	𐑯𐑳𐑦𐑑	nʌɪt	𐑯𐑲𐑑	naɪt	high	
nihilism	𐑯𐑦-	ˈnɪ-	𐑯𐑲𐑦𐑤𐑦𐑟𐑩𐑥	ˈnaɪɪlɪzəm	high	
nihilism	𐑯𐑦𐑩-	ˈniə-	𐑯𐑲𐑦𐑤𐑦𐑟𐑩𐑥	ˈnaɪɪlɪzəm	high	
nihilism	𐑯𐑰-	ˈniː-	𐑯𐑲𐑦𐑤𐑦𐑟𐑩𐑥	ˈnaɪɪlɪzəm	high	
nihilism	𐑯𐑲𐑣𐑦𐑤𐑦𐑟𐑩𐑥	ˈnaɪhɪlɪzəm	𐑯𐑲𐑦𐑤𐑦𐑟𐑩𐑥	ˈnaɪɪlɪzəm	high	
nihilism	𐑯𐑲𐑩𐑤𐑦𐑟𐑩𐑥	ˈnaɪəˌlɪzəm	𐑯𐑲𐑦𐑤𐑦𐑟𐑩𐑥	ˈnaɪɪlɪzəm	high	
nihilist	𐑯𐑦𐑦𐑤𐑦𐑕𐑑	ˈniɪlɪst	𐑯𐑲𐑦𐑤𐑦𐑕𐑑	ˈnaɪɪlɪst	high	
nihilist	𐑯𐑰𐑦𐑤𐑦𐑕𐑑	ˈniːɪlɪst	𐑯𐑲𐑦𐑤𐑦𐑕𐑑	ˈnaɪɪlɪst	high	
nihilist	𐑯𐑲𐑣𐑦𐑤𐑦𐑕𐑑	ˈnaɪhɪlɪst	𐑯𐑲𐑦𐑤𐑦𐑕𐑑	ˈnaɪɪlɪst	high	
nimbleness	𐑯𐑦𐑥𐑚𐑩𐑤𐑯𐑦𐑕	ˈnɪmbəlnɪs	𐑯𐑦𐑥𐑚𐑩𐑤𐑯𐑩𐑕	ˈnɪmbəlnəs	high	
nincompoop	𐑯𐑦𐑙𐑒𐑩𐑥𐑐𐑫𐑐	ˈnɪŋkəmˌpup	𐑯𐑦𐑙𐑒𐑩𐑥𐑐𐑵𐑐	ˈnɪŋkəmpuːp	high	
nincompoop	𐑯𐑦𐑯-	ˈnɪn-	𐑯𐑦𐑙𐑒𐑩𐑥𐑐𐑵𐑐	ˈnɪŋkəmpuːp	high	
nineteen	𐑯𐑲𐑯𐑑𐑦𐑯	ˈnaɪnˌtin	𐑯𐑲𐑯𐑑𐑰𐑯	ˌnaɪnˈtiːn	high	
ninety	𐑯𐑲𐑯𐑛𐑦	ˈnaɪndi	𐑯𐑲𐑯𐑑𐑦	ˈnaɪnti	high	
niobe	𐑯𐑳𐑾𐑚𐑦	ˈnʌɪəbi	𐑯𐑲𐑴𐑚𐑦	ˈnaɪəʊbi	high	
nirvana	𐑯𐑦𐑮𐑝𐑪𐑯𐑩	nɪrˈvɒnə	𐑯𐑽𐑝𐑭𐑯𐑩	nɪəRˈvɑːnə	high	
nirvana	𐑯𐑼𐑝𐑨𐑯𐑩	nəRˈvænə	𐑯𐑽𐑝𐑭𐑯𐑩	nɪəRˈvɑːnə	high	
nirvana	𐑯𐑼𐑝𐑪𐑯𐑩	nəRˈvɒnə	𐑯𐑽𐑝𐑭𐑯𐑩	nɪəRˈvɑːnə	high	
nirvana	𐑯𐑾𐑝𐑭𐑯𐑩	nɪəvɑːnə	𐑯𐑽𐑝𐑭𐑯𐑩	nɪəRˈvɑːnə	medium	r_gap:spelling=1,ipa=0; shave_says:𐑯𐑼𐑝𐑭𐑯𐑩
nitty-gritty	-𐑑𐑦-	-ti-	𐑯𐑦𐑑𐑦-𐑜𐑮𐑦𐑑𐑦	ˌnɪti-ˈɡrɪti	medium	r_gap:spelling=1,ipa=0
nitty-gritty	𐑯𐑦𐑑𐑦𐑜𐑮𐑦𐑑𐑦	nɪtiɡrɪti	𐑯𐑦𐑑𐑦-𐑜𐑮𐑦𐑑𐑦	ˌnɪti-ˈɡrɪti	high	
nobility	𐑯𐑩𐑚𐑦𐑤𐑦𐑑𐑦	nəˈbɪlɪti	𐑯𐑴𐑚𐑦𐑤𐑦𐑑𐑦	nəʊˈbɪlɪti	high	
noblesse oblige	𐑯𐑴𐑚𐑤𐑧𐑕 𐑩𐑚𐑤𐑦𐑠	noʊˌbles əˈbliʒ	𐑯𐑴𐑚𐑤𐑧𐑕 𐑴𐑚𐑤𐑰𐑠	nəʊˌbles əʊˈbliːʒ	high	
noblesse oblige	𐑯𐑴𐑚𐑤𐑧𐑕 𐑪𐑚𐑤𐑰𐑠	nəʊˌbles ɒˈbliːʒ	𐑯𐑴𐑚𐑤𐑧𐑕 𐑴𐑚𐑤𐑰𐑠	nəʊˌbles əʊˈbliːʒ	high	
noblest	𐑯𐑴𐑚𐑤𐑦𐑕𐑑	ˈnoʊblɪst	𐑯𐑴𐑚𐑤𐑩𐑕𐑑	ˈnəʊbləst	high	
noblest	𐑯𐑴𐑚𐑩𐑤𐑦𐑕𐑑	ˈnoʊbəlɪst	𐑯𐑴𐑚𐑤𐑩𐑕𐑑	ˈnəʊbləst	high	
nobody	𐑯𐑴𐑚𐑩𐑛𐑦	ˈnoʊbədi	𐑯𐑴𐑚𐑪𐑛𐑦	ˈnəʊbɒdi	high	
nocturne	𐑯𐑪𐑒𐑑𐑼𐑯	ˈnɒktəRn	𐑯𐑪𐑒𐑑𐑻𐑯	ˈnɒktɜːRn	high	
nodule	𐑯𐑪𐑛𐑿𐑤	ˈnɒdjuːl	𐑯𐑪𐑡𐑵𐑤	ˈnɒdʒuːl	high	
nodule	𐑯𐑪𐑡𐑫𐑤	ˈnɒdʒul	𐑯𐑪𐑡𐑵𐑤	ˈnɒdʒuːl	high	
noel	𐑯𐑴𐑧𐑤	nəʊˈel	𐑯𐑴𐑩𐑤	ˈnəʊəl	high	
noggin	𐑯𐑪𐑜𐑩𐑯	ˈnɒɡən	𐑯𐑪𐑜𐑦𐑯	ˈnɒɡɪn	high	
nomenclature	-𐑥𐑧𐑯-	-men-	𐑯𐑴𐑥𐑧𐑯𐑒𐑤𐑩𐑗𐑼	nəʊˈmenklətʃəR	medium	r_gap:spelling=1,ipa=0; shave_says:𐑯𐑴𐑥𐑧𐑙𐑒𐑤𐑩𐑗𐑼
nomenclature	𐑯𐑴𐑥𐑦𐑯𐑒𐑤𐑩𐑗𐑼	nəʊmɪnklətʃəR	𐑯𐑴𐑥𐑧𐑯𐑒𐑤𐑩𐑗𐑼	nəʊˈmenklətʃəR	high	
nomenclature	𐑯𐑴𐑥𐑧𐑙𐑒𐑤𐑩𐑗𐑼	nəʊmeŋklətʃəR	𐑯𐑴𐑥𐑧𐑯𐑒𐑤𐑩𐑗𐑼	nəʊˈmenklətʃəR	high	
nomenclature	𐑯𐑴𐑥𐑩𐑯𐑒𐑤𐑱𐑗𐑼	ˈnoʊmənˌkleɪtʃəR	𐑯𐑴𐑥𐑧𐑯𐑒𐑤𐑩𐑗𐑼	nəʊˈmenklətʃəR	high	
nominate	𐑯𐑪𐑥𐑩𐑯𐑱𐑑	ˈnɒməneɪt	𐑯𐑪𐑥𐑦𐑯𐑱𐑑	ˈnɒmɪneɪt	high	
non-	𐑯𐑪𐑯	ˈnɒn	𐑯𐑪𐑯-	ˌnɒn-	high	
non-rhotic	𐑯𐑪𐑯𐑮𐑴𐑑𐑦𐑒	nɒnrəʊtɪk	𐑯𐑪𐑯-𐑮𐑴𐑑𐑦𐑒	ˌnɒn-ˈrəʊtɪk	high	
non-u	𐑯𐑪𐑯𐑘𐑫	ˈnɒnˈju	𐑯𐑪𐑯-𐑿	ˈnɒn-juː	high	
non-u	𐑯𐑪𐑯𐑿	nɒnˈjuː	𐑯𐑪𐑯-𐑿	ˈnɒn-juː	high	
nonage	𐑯𐑴𐑯𐑩𐑡	ˈnoʊnədʒ	𐑯𐑴𐑯𐑦𐑡	ˈnəʊnɪdʒ	high	
nonagenarian	𐑯𐑪𐑯𐑩𐑡𐑦𐑯𐑧𐑮𐑦𐑩𐑯	ˌnɒnədʒɪˈneriən	𐑯𐑪𐑯𐑩𐑡𐑦𐑯𐑺𐑾𐑯	ˌnɒnədʒɪˈneərɪən	high	
nonagenarian	𐑯𐑪𐑯𐑩𐑡𐑦𐑯𐑻𐑾𐑯	nɒnədʒɪnɜːrɪən	𐑯𐑪𐑯𐑩𐑡𐑦𐑯𐑺𐑾𐑯	ˌnɒnədʒɪˈneərɪən	high	
nonagenarian	𐑯𐑴𐑯𐑩𐑡𐑦𐑯𐑧𐑮𐑦𐑩𐑯	ˌnoʊnədʒɪˈneriən	𐑯𐑪𐑯𐑩𐑡𐑦𐑯𐑺𐑾𐑯	ˌnɒnədʒɪˈneərɪən	high	
nonagenarian	𐑯𐑴𐑯𐑩𐑡𐑦𐑯𐑻𐑾𐑯	nəʊnədʒɪnɜːrɪən	𐑯𐑪𐑯𐑩𐑡𐑦𐑯𐑺𐑾𐑯	ˌnɒnədʒɪˈneərɪən	high	
nonchalance	𐑯𐑭𐑯𐑖𐑩𐑤𐑭𐑯𐑕	ˌnɑːnʃəˈlɑːns	𐑯𐑪𐑯𐑖𐑩𐑤𐑩𐑯𐑕	ˈnɒnʃələns	high	
nonchalant	𐑯𐑪𐑯𐑖𐑩𐑤𐑪𐑯𐑑	ˌnɒnʃəˈlɒnt	𐑯𐑪𐑯𐑖𐑩𐑤𐑩𐑯𐑑	ˈnɒnʃələnt	high	
nonconformity	𐑯𐑪𐑯𐑒𐑩𐑯𐑓𐑹𐑥𐑦𐑛𐑦	nɒnkənˈfɔːRmɪdi	𐑯𐑪𐑯𐑒𐑩𐑯𐑓𐑹𐑥𐑦𐑑𐑦	ˌnɒnkənˈfɔːRmɪti	high	
nondescript	𐑯𐑪𐑯𐑛𐑩𐑕𐑒𐑮𐑦𐑐𐑑	nɒndəˈskrɪpt	𐑯𐑪𐑯𐑛𐑦𐑕𐑒𐑮𐑦𐑐𐑑	ˈnɒndɪskrɪpt	high	
none	𐑯𐑴𐑯	nəʊn	𐑯𐑳𐑯	nʌn	high	
none	𐑯𐑷𐑯	nɔn	𐑯𐑳𐑯	nʌn	high	
nonpareil	𐑯𐑪𐑥-	nɒm-	𐑯𐑪𐑯𐑐𐑼𐑱𐑤	ˌnɒnpəˈreɪl	medium	r_gap:spelling=1,ipa=0; shave_says:𐑯𐑪𐑯𐑐𐑼𐑱𐑤
nonpareil	𐑯𐑪𐑯𐑐𐑮𐑩𐑤	nɒnprəl	𐑯𐑪𐑯𐑐𐑼𐑱𐑤	ˌnɒnpəˈreɪl	high	
nonpareil	𐑯𐑪𐑯𐑐𐑼𐑧𐑤	ˌnɒnpəˈrel	𐑯𐑪𐑯𐑐𐑼𐑱𐑤	ˌnɒnpəˈreɪl	high	
nonpareil	𐑯𐑪𐑯𐑐𐑼𐑩𐑤	nɒnpərəl	𐑯𐑪𐑯𐑐𐑼𐑱𐑤	ˌnɒnpəˈreɪl	high	
nonsense	𐑯𐑪𐑯𐑕𐑧𐑯𐑕	ˈnɒnsens	𐑯𐑪𐑯𐑕𐑩𐑯𐑕	ˈnɒnsəns	high	
noodle	𐑯𐑫𐑛𐑩𐑤	ˈnudəl	𐑯𐑵𐑛𐑩𐑤	ˈnuːdəl	high	
noon	𐑯𐑫𐑯	nun	𐑯𐑵𐑯	nuːn	high	
noosphere	𐑯𐑴𐑼𐑕𐑓𐑽	nəʊəRsfɪəR	𐑯𐑴𐑩𐑕𐑓𐑽	ˈnəʊəsfiəR	high	
norfolk	𐑯𐑹𐑓𐑴𐑤𐑒	ˈnɔːrfoʊlk	𐑯𐑹𐑓𐑩𐑒	ˈnɔːRfək	high	
normal	𐑯𐑹𐑥𐑤	nɔːRml	𐑯𐑹𐑥𐑩𐑤	ˈnɔːRməl	high	
normality	𐑯𐑹𐑥𐑨𐑤𐑩𐑑𐑦	nɔːRˈmæləti	𐑯𐑹𐑥𐑨𐑤𐑦𐑑𐑦	nɔːRˈmælɪti	high	
normalization	𐑯𐑹𐑥𐑩𐑤𐑩𐑟𐑱𐑖𐑩𐑯	nɔːRmələzeɪʃən	𐑯𐑹𐑥𐑩𐑤𐑲𐑟𐑱𐑖𐑩𐑯	ˌnɔːRməlaɪˈzeɪʃən	high	
normative	𐑯𐑪𐑮𐑥𐑩𐑑𐑦𐑝	ˈnormətɪv	𐑯𐑹𐑥𐑩𐑑𐑦𐑝	ˈnɔːRmətɪv	high	
norse	𐑯𐑪𐑮𐑕	nors	𐑯𐑹𐑕	nɔːRs	high	
north	𐑯𐑪𐑮𐑔	norθ	𐑯𐑹𐑔	nɔːRθ	high	
northamptonshire	𐑯𐑹𐑔𐑣𐑨𐑥𐑐𐑑𐑩𐑯𐑖𐑼	nɔːrθhæmptənʃər	𐑯𐑹𐑔𐑨𐑥𐑐𐑑𐑩𐑯𐑖𐑼	nɔːRˈθæmptənʃəR	high	
northeastern	𐑯𐑪𐑮𐑔𐑰𐑕𐑑𐑼𐑯	ˌnorˈθiːstəRn	𐑯𐑹𐑔𐑰𐑕𐑑𐑼𐑯	nɔːRθˈiːstəRn	high	
northerly	𐑯𐑹𐑞𐑩𐑤𐑦	nɔːRðəli	𐑯𐑹𐑞𐑼𐑤𐑦	ˈnɔːRðəRli	medium	r_gap:spelling=2,ipa=1; shave_says:𐑯𐑹𐑞𐑼𐑤𐑦
northernmost	𐑯𐑹𐑞𐑩𐑯𐑥𐑴𐑕𐑑	nɔːRðənməʊst	𐑯𐑹𐑞𐑼𐑯𐑥𐑴𐑕𐑑	ˈnɔːRðəRnməʊst	medium	r_gap:spelling=2,ipa=1; shave_says:𐑯𐑹𐑞𐑼𐑯𐑥𐑴𐑕𐑑
northumberland	𐑯𐑹𐑔𐑳𐑥𐑚𐑩𐑤𐑩𐑯𐑛	nɔːRθʌmbələnd	𐑯𐑹𐑔𐑳𐑥𐑚𐑼𐑤𐑩𐑯𐑛	nɔːRˈθʌmbələnd	medium	r_gap:spelling=2,ipa=1; shave_says:𐑯𐑹𐑔𐑳𐑥𐑚𐑼𐑤𐑩𐑯𐑛
northumbria	𐑯𐑹𐑔𐑳𐑥𐑚𐑮𐑦𐑩	nɔːRθʌmbriə	𐑯𐑹𐑔𐑳𐑥𐑚𐑮𐑾	nɔːRˈθʌmbriə	high	
norwegian	𐑯𐑹𐑢𐑦𐑡𐑩𐑯	nɔːRˈwidʒən	𐑯𐑹𐑢𐑰𐑡𐑩𐑯	nɔːRˈwiːdʒən	high	
nose	𐑯𐑩𐑢𐑟	nəwz	𐑯𐑴𐑟	nəʊz	high	
nosebleed	𐑯𐑴𐑟𐑚𐑤𐑦𐑛	ˈnoʊzˌblid	𐑯𐑴𐑟𐑚𐑤𐑰𐑛	ˈnəʊzbliːd	high	
nosed	𐑯𐑩𐑢𐑟𐑛	nəwzd	𐑯𐑴𐑟𐑛	nəʊzd	high	
nostalgia	𐑯𐑩𐑕𐑑𐑨𐑤𐑡𐑩	nəˈstældʒə	𐑯𐑪𐑕𐑑𐑨𐑤𐑡𐑩	nɒˈstældʒə	high	
nostalgia	𐑯𐑷𐑕𐑑𐑨𐑤𐑡𐑩	nɔːˈstældʒə	𐑯𐑪𐑕𐑑𐑨𐑤𐑡𐑩	nɒˈstældʒə	high	
nostril	𐑯𐑪𐑕𐑑𐑮𐑦𐑤	nɒstrɪl	𐑯𐑪𐑕𐑑𐑮𐑩𐑤	ˈnɒstrəl	high	
nosy	𐑯𐑴𐑟𐑰	ˈnəʊziː	𐑯𐑴𐑟𐑦	ˈnəʊzi	high	
not	𐑯𐑷𐑑	nɔt	𐑯𐑪𐑑	nɒt	high	
notability	𐑯𐑴𐑑𐑩𐑚𐑦𐑤𐑩𐑑𐑦	ˌnoʊtəˈbɪləti	𐑯𐑴𐑑𐑩𐑚𐑦𐑤𐑦𐑑𐑦	ˌnəʊtəˈbɪlɪti	high	
notorious	𐑯𐑩𐑑𐑹𐑦𐑩𐑕	nəˈtɔːRiəs	𐑯𐑴𐑑𐑹𐑾𐑕	nəʊˈtɔːrɪəs	high	
notorious	𐑯𐑴-	noʊ-	𐑯𐑴𐑑𐑹𐑾𐑕	nəʊˈtɔːrɪəs	medium	r_gap:spelling=1,ipa=0
notoriously	𐑯𐑩𐑑𐑹𐑾𐑕𐑤𐑦	nətɔːrɪəsli	𐑯𐑴𐑑𐑹𐑾𐑕𐑤𐑦	nəʊˈtɔːrɪəsli	high	
notre dame	𐑯𐑪𐑑𐑮𐑩 𐑛𐑨𐑥	nɒtrə dæm	𐑯𐑴𐑑𐑮𐑩 𐑛𐑭𐑥	ˌnəʊtrə ˈdɑːm	high	
notre dame	𐑯𐑪𐑑𐑮𐑩 𐑛𐑭𐑥	nɒtrə dɑːm	𐑯𐑴𐑑𐑮𐑩 𐑛𐑭𐑥	ˌnəʊtrə ˈdɑːm	high	
notre dame	𐑯𐑪𐑑𐑮𐑩 𐑛𐑱𐑥	nɒtrə deɪm	𐑯𐑴𐑑𐑮𐑩 𐑛𐑭𐑥	ˌnəʊtrə ˈdɑːm	high	
notre dame	𐑯𐑴𐑑𐑼 𐑛𐑱𐑥	ˌnoʊtəR ˈdeɪm	𐑯𐑴𐑑𐑮𐑩 𐑛𐑭𐑥	ˌnəʊtrə ˈdɑːm	high	
nougat	𐑯𐑫𐑜𐑩𐑑	ˈnuɡət	𐑯𐑵𐑜𐑭	ˈnuːɡɑː	high	
nougat	𐑯𐑳𐑜𐑦𐑑	ˈnʌɡɪt	𐑯𐑵𐑜𐑭	ˈnuːɡɑː	high	
nourish	𐑯𐑻𐑦𐑖	ˈnɜːRɪʃ	𐑯𐑳𐑮𐑦𐑖	ˈnʌrɪʃ	high	
nourishment	𐑯𐑫𐑮𐑦𐑖𐑥𐑩𐑯𐑑	ˈnʊrɪʃmənt	𐑯𐑳𐑮𐑦𐑖𐑥𐑩𐑯𐑑	ˈnʌrɪʃmənt	high	
nourishment	𐑯𐑻𐑦𐑖𐑥𐑩𐑯𐑑	ˈnɜːRɪʃmənt	𐑯𐑳𐑮𐑦𐑖𐑥𐑩𐑯𐑑	ˈnʌrɪʃmənt	high	
nous	𐑯𐑵𐑕	nuːs	𐑯𐑬𐑕	naʊs	high	
nouveau riche	𐑯𐑫𐑝𐑴 𐑮𐑦𐑖	ˌnuvoʊ ˈriʃ	𐑯𐑵𐑝𐑴 𐑮𐑰𐑖	ˌnuːvəʊ ˈriːʃ	high	
nouveau riche	𐑯𐑫𐑝𐑴 𐑮𐑦𐑗	ˌnuvoʊ ˈrɪtʃ	𐑯𐑵𐑝𐑴 𐑮𐑰𐑖	ˌnuːvəʊ ˈriːʃ	high	
nouveaux riches	𐑯𐑫𐑝𐑴 𐑮𐑦𐑖	ˌnuvoʊ ˈriʃ	𐑯𐑵𐑝𐑴 𐑮𐑰𐑖	ˌnuːvəʊ ˈriːʃ	high	
nouveaux riches	𐑯𐑫𐑝𐑴 𐑮𐑦𐑗	ˌnuvoʊ ˈrɪtʃ	𐑯𐑵𐑝𐑴 𐑮𐑰𐑖	ˌnuːvəʊ ˈriːʃ	high	
novel	𐑯𐑨𐑝𐑩𐑤	ˈnavəl	𐑯𐑪𐑝𐑩𐑤	ˈnɒvəl	high	
novella	𐑯𐑩𐑝𐑧𐑤𐑩	nəˈvelə	𐑯𐑴𐑝𐑧𐑤𐑩	nəʊˈvelə	high	
november	𐑯𐑩𐑝𐑧𐑥𐑚𐑼	nəvembəR	𐑯𐑴𐑝𐑧𐑥𐑚𐑼	nəʊˈvembəR	high	
novembers	𐑯𐑩𐑝𐑧𐑥𐑚𐑼𐑟	nəvembəRz	𐑯𐑴𐑝𐑧𐑥𐑚𐑼𐑟	nəʊˈvembəRz	high	
nowhere	𐑯𐑴𐑣𐑢𐑧𐑮	ˈnoʊhwer	𐑯𐑴𐑢𐑺	ˈnəʊweəR	high	
nuance	𐑯𐑘𐑫𐑪𐑯𐑕	ˈnjuɒns	𐑯𐑵𐑭𐑯𐑕, 𐑯𐑿𐑭𐑯𐑕	ˈnjuːɑːns	high	
nuance	𐑯𐑵𐑪𐑯𐑕	ˈnuːɒns	𐑯𐑵𐑭𐑯𐑕, 𐑯𐑿𐑭𐑯𐑕	ˈnjuːɑːns	high	
nub	𐑯𐑫𐑚	nub	𐑯𐑳𐑚	nʌb	high	
nub	𐑯𐑵𐑚	nuːb	𐑯𐑳𐑚	nʌb	high	
nubile	𐑯𐑫𐑚𐑲𐑤	ˈnubaɪl	𐑯𐑵𐑚𐑲𐑤, 𐑯𐑿𐑚𐑲𐑤	ˈnjuːbaɪl	high	
nuclear	𐑯𐑘𐑫𐑒𐑤𐑦𐑼	ˈnjukliəR	𐑯𐑵𐑒𐑤𐑽, 𐑯𐑿𐑒𐑤𐑽	ˈnjuːklɪəR	high	
nucleus	𐑯𐑵𐑒𐑤𐑦𐑩𐑕	ˈnuːkliəs	𐑯𐑵𐑒𐑤𐑾𐑕, 𐑯𐑿𐑒𐑤𐑾𐑕	ˈnjuːklɪəs	high	
nucleus	𐑯𐑿𐑒𐑤𐑦𐑩𐑕	ˈnjuːkliəs	𐑯𐑵𐑒𐑤𐑾𐑕, 𐑯𐑿𐑒𐑤𐑾𐑕	ˈnjuːklɪəs	high	
nudism	𐑯𐑫𐑛𐑦𐑟𐑩𐑥	ˈnudɪzəm	𐑯𐑵𐑛𐑦𐑟𐑩𐑥, 𐑯𐑿𐑛𐑦𐑟𐑩𐑥	ˈnjuːdɪzəm	high	
nudist	𐑯𐑫𐑛𐑦𐑕𐑑	ˈnudɪst	𐑯𐑵𐑛𐑦𐑕𐑑, 𐑯𐑿𐑛𐑦𐑕𐑑	ˈnjuːdɪst	high	
nudity	𐑯𐑘𐑫𐑛𐑦𐑑𐑦	ˈnjudɪˌti	𐑯𐑵𐑛𐑦𐑑𐑦, 𐑯𐑿𐑛𐑦𐑑𐑦	ˈnjuːdɪti	high	
nudity	𐑯𐑫𐑛𐑦𐑑𐑦	ˈnudɪti	𐑯𐑵𐑛𐑦𐑑𐑦, 𐑯𐑿𐑛𐑦𐑑𐑦	ˈnjuːdɪti	high	
nuke	𐑯𐑘𐑫𐑒	njuk	𐑯𐑵𐑒, 𐑯𐑿𐑒	njuːk	high	
null	𐑯𐑫𐑤	nʊl	𐑯𐑳𐑤	nʌl	high	
number	𐑯𐑳𐑥𐑼	nʌməR	𐑯𐑳𐑥𐑚𐑼	ˈnʌmbəR	high	
numeral	𐑯𐑫𐑥𐑮𐑩𐑤	ˈnumrəl	𐑯𐑵𐑥𐑼𐑩𐑤, 𐑯𐑿𐑥𐑼𐑩𐑤	ˈnjuːmərəl	high	
numeral	𐑯𐑫𐑥𐑼𐑩𐑤	ˈnumərəl	𐑯𐑵𐑥𐑼𐑩𐑤, 𐑯𐑿𐑥𐑼𐑩𐑤	ˈnjuːmərəl	high	
numeral	𐑯𐑿𐑥𐑮𐑩𐑤	njuːmrəl	𐑯𐑵𐑥𐑼𐑩𐑤, 𐑯𐑿𐑥𐑼𐑩𐑤	ˈnjuːmərəl	high	
numerate	𐑯𐑵𐑥𐑼𐑱𐑑	ˈnuːməreɪt	𐑯𐑵𐑥𐑼𐑩𐑑, 𐑯𐑿𐑥𐑼𐑩𐑑	ˈnjuːmərət	high	
numerate	𐑯𐑿𐑥𐑼𐑱𐑑	njuːməreɪt	𐑯𐑵𐑥𐑼𐑩𐑑, 𐑯𐑿𐑥𐑼𐑩𐑑	ˈnjuːmərət	high	
numeric	𐑯𐑘𐑫𐑥𐑧𐑮𐑦𐑒	njuˈmerɪk	𐑯𐑵𐑥𐑧𐑮𐑦𐑒, 𐑯𐑿𐑥𐑧𐑮𐑦𐑒	njuːˈmerɪk	high	
numerical	𐑯𐑘𐑫𐑥𐑧𐑮𐑦𐑒𐑤	njuˈmerɪkl	𐑯𐑵𐑥𐑧𐑮𐑦𐑒𐑩𐑤, 𐑯𐑿𐑥𐑧𐑮𐑦𐑒𐑩𐑤	njuːˈmerɪkəl	high	
numerical	𐑯𐑘𐑫𐑥𐑧𐑮𐑦𐑒𐑩𐑤	njuˈmerɪkəl	𐑯𐑵𐑥𐑧𐑮𐑦𐑒𐑩𐑤, 𐑯𐑿𐑥𐑧𐑮𐑦𐑒𐑩𐑤	njuːˈmerɪkəl	high	
numerical	𐑯𐑿𐑥𐑧𐑮𐑦𐑒𐑤	njuːmerɪkl	𐑯𐑵𐑥𐑧𐑮𐑦𐑒𐑩𐑤, 𐑯𐑿𐑥𐑧𐑮𐑦𐑒𐑩𐑤	njuːˈmerɪkəl	high	
numerous	𐑯𐑫𐑥𐑮𐑩𐑕	ˈnumrəs	𐑯𐑵𐑥𐑼𐑩𐑕, 𐑯𐑿𐑥𐑼𐑩𐑕	ˈnjuːmərəs	high	
numerous	𐑯𐑫𐑥𐑼𐑩𐑕	ˈnumərəs	𐑯𐑵𐑥𐑼𐑩𐑕, 𐑯𐑿𐑥𐑼𐑩𐑕	ˈnjuːmərəs	high	
numerous	𐑯𐑿𐑥𐑮𐑩𐑕	njuːmrəs	𐑯𐑵𐑥𐑼𐑩𐑕, 𐑯𐑿𐑥𐑼𐑩𐑕	ˈnjuːmərəs	high	
numinous	𐑯𐑘𐑫𐑥𐑩𐑯𐑩𐑕	ˈnjumənəs	𐑯𐑵𐑥𐑦𐑯𐑩𐑕, 𐑯𐑿𐑥𐑦𐑯𐑩𐑕	ˈnjuːmɪnəs	high	
numismatics	𐑯𐑵𐑥𐑩𐑟𐑥𐑨𐑑𐑦𐑒𐑕	ˌnuːməzˈmætɪks	𐑯𐑵𐑥𐑦𐑟𐑥𐑨𐑑𐑦𐑒𐑕, 𐑯𐑿𐑥𐑦𐑟𐑥𐑨𐑑𐑦𐑒𐑕	ˌnjuːmɪzˈmætɪks	high	
nursery	𐑯𐑻𐑕𐑮𐑦	nɜːRsri	𐑯𐑻𐑕𐑼𐑦	ˈnɜːRsəri	high	
nutrient	𐑯𐑵𐑑𐑮𐑦𐑩𐑯𐑑	ˈnuːtriənt	𐑯𐑵𐑑𐑮𐑾𐑯𐑑, 𐑯𐑿𐑑𐑮𐑾𐑯𐑑	ˈnjuːtrɪənt	high	
nutrient	𐑯𐑿𐑑𐑮𐑦𐑩𐑯𐑑	njuːtriənt	𐑯𐑵𐑑𐑮𐑾𐑯𐑑, 𐑯𐑿𐑑𐑮𐑾𐑯𐑑	ˈnjuːtrɪənt	high	
nutrition	𐑯𐑘𐑫𐑑𐑮𐑦𐑖𐑩𐑯	njuˈtrɪʃən	𐑯𐑵𐑑𐑮𐑦𐑖𐑩𐑯, 𐑯𐑿𐑑𐑮𐑦𐑖𐑩𐑯	njuːˈtrɪʃən	high	
nutrition	𐑯𐑫𐑑𐑮𐑦𐑖𐑩𐑯	nuˈtrɪʃən	𐑯𐑵𐑑𐑮𐑦𐑖𐑩𐑯, 𐑯𐑿𐑑𐑮𐑦𐑖𐑩𐑯	njuːˈtrɪʃən	high	
nutritional	𐑯𐑘𐑫𐑑𐑮𐑦𐑖𐑩𐑯𐑩𐑤	njuˈtrɪʃənəl	𐑯𐑵𐑑𐑮𐑦𐑖𐑩𐑯𐑩𐑤, 𐑯𐑿𐑑𐑮𐑦𐑖𐑩𐑯𐑩𐑤	njuːˈtrɪʃənəl	high	
nutritional	𐑯𐑫𐑑𐑮𐑦𐑖𐑩𐑯𐑩𐑤	nuˈtrɪʃənəl	𐑯𐑵𐑑𐑮𐑦𐑖𐑩𐑯𐑩𐑤, 𐑯𐑿𐑑𐑮𐑦𐑖𐑩𐑯𐑩𐑤	njuːˈtrɪʃənəl	high	
nutritive	𐑯𐑿𐑑𐑮𐑩𐑑𐑦𐑝	njuːtrətɪv	𐑯𐑵𐑑𐑮𐑦𐑑𐑦𐑝, 𐑯𐑿𐑑𐑮𐑦𐑑𐑦𐑝	ˈnjuːtrɪtɪv	high	
nuzzle	𐑯𐑳𐑟𐑤	ˈnʌzl	𐑯𐑳𐑟𐑩𐑤	ˈnʌzəl	high	
o'brien	𐑩𐑚𐑮𐑲𐑩𐑯	əbraɪən	𐑴𐑚𐑮𐑲𐑩𐑯	əʊˈbraɪən	high	
o'clock	𐑴𐑒𐑤𐑪𐑒	əʊˈklɒk	𐑩𐑒𐑤𐑪𐑒	əˈklɒk	high	
o'er	𐑷	ɔː	𐑴𐑼	ˈəʊəR	medium	r_gap:spelling=1,ipa=0; shave_says:𐑴𐑼
o'er	𐑹	ɔːR	𐑴𐑼	ˈəʊəR	high	
oar	𐑪𐑮	or	𐑹	ɔːR	high	
oasis	𐑴𐑱𐑕𐑩𐑕	əʊˈeɪsəs	𐑴𐑱𐑕𐑦𐑕	əʊˈeɪsɪs	high	
oaths	𐑴𐑔𐑕	əʊθs	𐑴𐑞𐑟	əʊðz	high	
oatmeal	𐑴𐑑𐑥𐑦𐑤	ˈoʊtmil	𐑴𐑑𐑥𐑰𐑤	ˈəʊtmiːl	high	
obama	𐑴𐑚𐑪𐑥𐑩	oʊˈbɒmə	𐑴𐑚𐑭𐑥𐑩	əʊˈbɑːmə	high	
obduracy	-𐑛𐑘𐑩-	-djə-	𐑪𐑚𐑛𐑘𐑫𐑼𐑩𐑕𐑦	ˈɒbdjʊərəsi	medium	r_gap:spelling=1,ipa=0; shave_says:𐑪𐑚𐑛𐑘𐑫𐑼𐑩𐑕𐑦
obduracy	𐑪𐑚𐑛𐑫𐑮𐑩𐑕𐑦	ɒbdʊrəsi	𐑪𐑚𐑛𐑘𐑫𐑼𐑩𐑕𐑦	ˈɒbdjʊərəsi	high	
obdurate	-𐑩𐑑	-ət	𐑪𐑚𐑛𐑘𐑫𐑼𐑩𐑑	ˈɒbdjʊərət	medium	r_gap:spelling=1,ipa=0; shave_says:𐑪𐑚𐑛𐑘𐑫𐑼𐑩𐑑
obdurate	𐑪𐑚𐑛𐑘𐑼𐑦𐑑	ɒbdjərɪt	𐑪𐑚𐑛𐑘𐑫𐑼𐑩𐑑	ˈɒbdjʊərət	medium	ml_disagrees:𐑪𐑚𐑛𐑘𐑼𐑩𐑑; shave_says:𐑪𐑚𐑛𐑘𐑫𐑼𐑩𐑑
obdurate	𐑪𐑚𐑡𐑫𐑮𐑦𐑑	ɒbdʒʊrɪt	𐑪𐑚𐑛𐑘𐑫𐑼𐑩𐑑	ˈɒbdjʊərət	high	
obdurate	𐑪𐑚𐑡𐑼𐑦𐑑	ɒbdʒərɪt	𐑪𐑚𐑛𐑘𐑫𐑼𐑩𐑑	ˈɒbdjʊərət	medium	ml_disagrees:𐑪𐑚𐑡𐑼𐑩𐑑; shave_says:𐑪𐑚𐑛𐑘𐑫𐑼𐑩𐑑
obedience	𐑩𐑚𐑦𐑛𐑦𐑩𐑯𐑕	əˈbidiəns	𐑴𐑚𐑰𐑛𐑾𐑯𐑕	əʊˈbiːdɪəns	high	
obedience	𐑴𐑚𐑦𐑛𐑦𐑩𐑯𐑕	oʊˈbidiəns	𐑴𐑚𐑰𐑛𐑾𐑯𐑕	əʊˈbiːdɪəns	high	
obedient	𐑩𐑚𐑦𐑛𐑦𐑩𐑯𐑑	əˈbidiənt	𐑴𐑚𐑰𐑛𐑾𐑯𐑑	əʊˈbiːdɪənt	high	
obedient	𐑩𐑚𐑰𐑛𐑾𐑯𐑑	əˈbiːdɪənt	𐑴𐑚𐑰𐑛𐑾𐑯𐑑	əʊˈbiːdɪənt	high	
obedient	𐑴𐑚𐑦𐑛𐑦𐑩𐑯𐑑	oʊˈbidiənt	𐑴𐑚𐑰𐑛𐑾𐑯𐑑	əʊˈbiːdɪənt	high	
obeisance	𐑩𐑚𐑱𐑕𐑩𐑯𐑕	əˈbeɪsəns	𐑴𐑚𐑱𐑕𐑩𐑯𐑕	əʊˈbeɪsəns	high	
obeisance	𐑴𐑚𐑰𐑕𐑩𐑯𐑕	oʊˈbiːsəns	𐑴𐑚𐑱𐑕𐑩𐑯𐑕	əʊˈbeɪsəns	high	
obelisk	𐑷𐑚𐑩𐑤𐑦𐑕𐑒	ˈɔːbəlɪsk	𐑪𐑚𐑩𐑤𐑦𐑕𐑒	ˈɒbəlɪsk	high	
obese	𐑩𐑚𐑰𐑕	əˈbiːs	𐑴𐑚𐑰𐑕	əʊˈbiːs	high	
obese	𐑴𐑚𐑦𐑕	oʊˈbis	𐑴𐑚𐑰𐑕	əʊˈbiːs	high	
obesity	-𐑑𐑦	-ti	𐑴𐑚𐑰𐑕𐑦𐑑𐑦	əʊˈbiːsɪti	high	
obesity	𐑴𐑚𐑦𐑕𐑦𐑑𐑦	oʊˈbisɪti	𐑴𐑚𐑰𐑕𐑦𐑑𐑦	əʊˈbiːsɪti	high	
obey	𐑩𐑚𐑱	əˈbeɪ	𐑴𐑚𐑱	əʊˈbeɪ	high	
obfuscate	𐑪𐑚𐑓𐑘𐑫𐑕𐑒𐑱𐑑	ˈɒbfjuskeɪt	𐑪𐑚𐑓𐑩𐑕𐑒𐑱𐑑	ˈɒbfəskeɪt	high	
obfuscate	𐑷𐑚𐑓𐑩𐑕𐑒𐑨𐑦𐑑	ˈɔbfəskæɪt	𐑪𐑚𐑓𐑩𐑕𐑒𐑱𐑑	ˈɒbfəskeɪt	high	
obiter dictum	𐑴𐑚𐑦𐑑𐑩 𐑛𐑦𐑒𐑑𐑩𐑥	əʊbɪtə dɪktəm	𐑴𐑚𐑦𐑑𐑼 𐑛𐑦𐑒𐑑𐑩𐑥	ˌəʊbɪtəR ˈdɪktəm	medium	r_gap:spelling=1,ipa=0; shave_says:𐑴𐑚𐑦𐑑𐑼 𐑛𐑦𐑒𐑑𐑩𐑥
obituary	𐑩𐑚𐑦𐑑𐑘𐑩𐑼𐑦	əbɪtjəəri	𐑴𐑚𐑦𐑗𐑫𐑼𐑦	əʊˈbɪtʃʊəri	high	
obituary	𐑩𐑚𐑦𐑗𐑩𐑢𐑧𐑮𐑦	əˈbɪtʃəˌweri	𐑴𐑚𐑦𐑗𐑫𐑼𐑦	əʊˈbɪtʃʊəri	high	
obituary	𐑩𐑚𐑦𐑗𐑫𐑼𐑦	əbɪtʃʊəri	𐑴𐑚𐑦𐑗𐑫𐑼𐑦	əʊˈbɪtʃʊəri	high	
obituary	𐑩𐑚𐑦𐑗𐑮𐑦	əbɪtʃri	𐑴𐑚𐑦𐑗𐑫𐑼𐑦	əʊˈbɪtʃʊəri	high	
obituary	𐑩𐑚𐑦𐑗𐑼𐑦	əˈbɪtʃəri	𐑴𐑚𐑦𐑗𐑫𐑼𐑦	əʊˈbɪtʃʊəri	high	
obituary	𐑴-	əʊ-	𐑴𐑚𐑦𐑗𐑫𐑼𐑦	əʊˈbɪtʃʊəri	medium	r_gap:spelling=1,ipa=0; shave_says:𐑴𐑚𐑦𐑑𐑵𐑼𐑦
objective	𐑪𐑚𐑡𐑧𐑒𐑑𐑦𐑝	ɒbˈdʒektɪv	𐑩𐑚𐑡𐑧𐑒𐑑𐑦𐑝	əbˈdʒektɪv	high	
oblation	𐑪𐑚𐑤𐑱𐑖𐑩𐑯	ɒˈbleɪʃən	𐑩𐑚𐑤𐑱𐑖𐑩𐑯	əˈbleɪʃən	high	
oblation	𐑭𐑚𐑤𐑱𐑖𐑩𐑯	ɑːˈbleɪʃən	𐑩𐑚𐑤𐑱𐑖𐑩𐑯	əˈbleɪʃən	high	
oblation	𐑴𐑚𐑤𐑱𐑖𐑩𐑯	əʊˈbleɪʃən	𐑩𐑚𐑤𐑱𐑖𐑩𐑯	əˈbleɪʃən	high	
oblations	𐑴𐑚𐑤𐑱𐑖𐑩𐑯𐑟	oʊˈbleɪʃənz	𐑩𐑚𐑤𐑱𐑖𐑩𐑯𐑟	əˈbleɪʃənz	high	
obligate	𐑪𐑚𐑤𐑦𐑜𐑦𐑑	ˈɒblɪɡɪt	𐑪𐑚𐑤𐑦𐑜𐑱𐑑	ˈɒblɪɡeɪt	high	
obligation	𐑪𐑚𐑤𐑩𐑜𐑱𐑖𐑩𐑯	ˌɒbləˈɡeɪʃən	𐑪𐑚𐑤𐑦𐑜𐑱𐑖𐑩𐑯	ˌɒblɪˈɡeɪʃən	high	
obligations	𐑪𐑚𐑤𐑩𐑜𐑱𐑖𐑩𐑯𐑟	ɒbləˈɡeɪʃənz	𐑪𐑚𐑤𐑦𐑜𐑱𐑖𐑩𐑯𐑟	ˌɒblɪˈɡeɪʃənz	high	
obligatory	𐑩𐑚𐑤𐑦𐑜𐑩𐑑𐑹𐑦	əˈblɪɡətɔːRi	𐑩𐑚𐑤𐑦𐑜𐑩𐑑𐑼𐑦	əˈblɪɡətəri	high	
obligatory	𐑪𐑚𐑤𐑦𐑜𐑩𐑑𐑹𐑦	ˈɒblɪɡəˌtɔːRi	𐑩𐑚𐑤𐑦𐑜𐑩𐑑𐑼𐑦	əˈblɪɡətəri	high	
oblique	𐑴𐑚𐑤𐑰𐑒	oʊˈbliːk	𐑩𐑚𐑤𐑰𐑒	əˈbliːk	high	
obliquity	𐑴𐑚𐑤𐑦𐑒𐑢𐑦𐑑𐑦	oʊˈblɪkwɪti	𐑩𐑚𐑤𐑦𐑒𐑢𐑦𐑑𐑦	əˈblɪkwɪti	high	
obliterate	-𐑑𐑩-	-tə-	𐑩𐑚𐑤𐑦𐑑𐑼𐑱𐑑	əˈblɪtəreɪt	medium	r_gap:spelling=1,ipa=0
obliterate	𐑩𐑚𐑤𐑦𐑑𐑼𐑩𐑑	əblɪtərət	𐑩𐑚𐑤𐑦𐑑𐑼𐑱𐑑	əˈblɪtəreɪt	high	
obliterate	𐑴-	oʊ-	𐑩𐑚𐑤𐑦𐑑𐑼𐑱𐑑	əˈblɪtəreɪt	medium	r_gap:spelling=1,ipa=0
obliterated	-𐑑𐑩-	-tə-	𐑩𐑚𐑤𐑦𐑑𐑼𐑱𐑑𐑩𐑛	əˈblɪtəreɪtƏd	medium	r_gap:spelling=1,ipa=0
obliterated	-𐑑𐑩𐑛	-tƏd	𐑩𐑚𐑤𐑦𐑑𐑼𐑱𐑑𐑩𐑛	əˈblɪtəreɪtƏd	medium	r_gap:spelling=1,ipa=0
obliterated	𐑴-	oʊ-	𐑩𐑚𐑤𐑦𐑑𐑼𐑱𐑑𐑩𐑛	əˈblɪtəreɪtƏd	medium	r_gap:spelling=1,ipa=0
oblong	𐑪𐑚𐑤𐑷𐑙	ˈɒblɔːŋ	𐑪𐑚𐑤𐑪𐑙	ˈɒblɒŋ	high	
obnoxious	𐑪𐑚-	ɒb-	𐑩𐑚𐑯𐑪𐑒𐑖𐑩𐑕	əbˈnɒkʃəs	high	
obscene	𐑩𐑚𐑕𐑦𐑯	əbˈsin	𐑩𐑚𐑕𐑰𐑯	əbˈsiːn	high	
obscure	𐑩𐑚𐑕𐑒𐑘𐑻	əbˈskjɜːR	𐑩𐑚𐑕𐑒𐑘𐑫𐑼	əbˈskjʊəR	high	
obscure	𐑩𐑚𐑕𐑒𐑘𐑼	əbˈskjər	𐑩𐑚𐑕𐑒𐑘𐑫𐑼	əbˈskjʊəR	high	
obscurely	𐑩𐑚𐑕𐑒𐑘𐑼𐑤𐑦	əbˈskjərli	𐑩𐑚𐑕𐑒𐑘𐑫𐑼𐑤𐑦	əbˈskjʊəRli	high	
obscurity	𐑩𐑚𐑕𐑒𐑘𐑹𐑦𐑑𐑦	əbskjɔːrɪti	𐑩𐑚𐑕𐑒𐑘𐑫𐑼𐑦𐑑𐑦	əbˈskjʊərɪti	high	
obscurity	𐑩𐑚𐑕𐑒𐑘𐑻𐑦𐑑𐑦	əbˈskjɜːRɪti	𐑩𐑚𐑕𐑒𐑘𐑫𐑼𐑦𐑑𐑦	əbˈskjʊərɪti	high	
obscurity	𐑩𐑚𐑕𐑒𐑘𐑼𐑦𐑑𐑦	əbˈskjərɪti	𐑩𐑚𐑕𐑒𐑘𐑫𐑼𐑦𐑑𐑦	əbˈskjʊərɪti	high	
observable	𐑩𐑚𐑟𐑻𐑝𐑩𐑚𐑤	əbzɜːRvəbl	𐑩𐑚𐑟𐑻𐑝𐑩𐑚𐑩𐑤	əbˈzɜːRvəbəl	high	
observation	𐑪𐑚𐑟𐑩𐑝𐑱𐑖𐑩𐑯	ɒbzəveɪʃən	𐑪𐑚𐑟𐑼𐑝𐑱𐑖𐑩𐑯	ˌɒbzəRˈveɪʃən	medium	r_gap:spelling=1,ipa=0; shave_says:𐑪𐑚𐑟𐑼𐑝𐑱𐑖𐑩𐑯
observations	𐑪𐑚𐑟𐑩𐑝𐑱𐑖𐑩𐑯𐑟	ɒbzəveɪʃənz	𐑪𐑚𐑟𐑼𐑝𐑱𐑖𐑩𐑯𐑟	ˌɒbzəRˈveɪʃənz	medium	r_gap:spelling=1,ipa=0; shave_says:𐑪𐑚𐑟𐑼𐑝𐑱𐑖𐑩𐑯𐑟
observatory	𐑩𐑚𐑟𐑻𐑝𐑩𐑑𐑹𐑦	əbˈzɜːRvətɔːRi	𐑩𐑚𐑟𐑻𐑝𐑩𐑑𐑼𐑦	əbˈzɜːRvətəri	high	
observe	𐑪𐑚𐑟𐑻𐑝	ɒbzɜːRv	𐑩𐑚𐑟𐑻𐑝	əbˈzɜːRv	high	
observer	𐑪𐑚-	ɒb-	𐑩𐑚𐑟𐑻𐑝𐑼	əbˈzɜːRvəR	medium	r_gap:spelling=2,ipa=0
observing	𐑪𐑚𐑟𐑻𐑝𐑦𐑙	ɒbzɜːRvɪŋ	𐑩𐑚𐑟𐑻𐑝𐑦𐑙	əbˈzɜːRvɪŋ	high	
obsidian	𐑩𐑚𐑕𐑦𐑛𐑦𐑩𐑯	əbˈsɪdiən	𐑩𐑚𐑕𐑦𐑛𐑾𐑯	əbˈsɪdɪən	high	
obsidian	𐑪𐑚𐑕𐑦𐑛𐑦𐑩𐑯	ˌɒbˈsɪdiən	𐑩𐑚𐑕𐑦𐑛𐑾𐑯	əbˈsɪdɪən	high	
obstetrics	𐑪𐑚𐑕𐑑𐑧𐑑𐑮𐑦𐑒𐑕	ɒbˈstetrɪks	𐑩𐑚𐑕𐑑𐑧𐑑𐑮𐑦𐑒𐑕	əbˈstetrɪks	high	
obstinate	𐑪𐑚𐑕𐑑𐑦𐑯𐑦𐑑	ˈɒbstɪnɪt	𐑪𐑚𐑕𐑑𐑦𐑯𐑩𐑑	ˈɒbstɪnət	high	
obstinate	𐑪𐑚𐑕𐑑𐑩𐑯𐑦𐑑	ˈɒbstənɪt	𐑪𐑚𐑕𐑑𐑦𐑯𐑩𐑑	ˈɒbstɪnət	high	
obstinate	𐑪𐑚𐑕𐑑𐑩𐑯𐑩𐑑	ˈɒbstənət	𐑪𐑚𐑕𐑑𐑦𐑯𐑩𐑑	ˈɒbstɪnət	high	
obstreperous	𐑪𐑚𐑕𐑑𐑮𐑧𐑐𐑼𐑩𐑕	ɒbstrepərəs	𐑩𐑚𐑕𐑑𐑮𐑧𐑐𐑼𐑩𐑕	əbˈstrepərəs	high	
obstreperous	𐑭𐑚𐑕𐑑𐑮𐑧𐑐𐑼𐑩𐑕	ɑːbˈstrepərəs	𐑩𐑚𐑕𐑑𐑮𐑧𐑐𐑼𐑩𐑕	əbˈstrepərəs	high	
obstructive	𐑪𐑚𐑕𐑑𐑮𐑳𐑒𐑑𐑦𐑝	ɒbˈstrʌktɪv	𐑩𐑚𐑕𐑑𐑮𐑳𐑒𐑑𐑦𐑝	əbˈstrʌktɪv	high	
obtrude	𐑪𐑚𐑑𐑮𐑵𐑛	ɒbtruːd	𐑩𐑚𐑑𐑮𐑵𐑛	əbˈtruːd	high	
obtrusive	𐑩𐑚𐑑𐑮𐑫𐑕𐑦𐑝	əbˈtrusɪv	𐑩𐑚𐑑𐑮𐑵𐑕𐑦𐑝	əbˈtruːsɪv	high	
obtrusive	𐑪𐑚-	ɒb-	𐑩𐑚𐑑𐑮𐑵𐑕𐑦𐑝	əbˈtruːsɪv	medium	r_gap:spelling=1,ipa=0; shave_says:𐑩𐑚𐑑𐑮𐑵𐑕𐑦𐑝
obtuse	-𐑗𐑵𐑕	-ˈtʃuːs	𐑩𐑚𐑑𐑵𐑕, 𐑩𐑚𐑑𐑿𐑕	əbˈtjuːs	high	
obtuse	𐑩𐑚𐑑𐑘𐑫𐑕	əbˈtjus	𐑩𐑚𐑑𐑵𐑕, 𐑩𐑚𐑑𐑿𐑕	əbˈtjuːs	high	
obtuse	𐑪𐑚-	ɒb-	𐑩𐑚𐑑𐑵𐑕, 𐑩𐑚𐑑𐑿𐑕	əbˈtjuːs	high	
obverse	𐑩𐑚𐑝𐑻𐑕	əbˈvɜːRs	𐑪𐑚𐑝𐑻𐑕	ˈɒbvɜːRs	high	
obverse	𐑪𐑚𐑝𐑼𐑕	ˈɒbvəRs	𐑪𐑚𐑝𐑻𐑕	ˈɒbvɜːRs	high	
obviate	𐑨𐑚𐑝𐑦𐑱𐑑	ˈabviˌeɪt	𐑪𐑚𐑝𐑦𐑱𐑑	ˈɒbvieɪt	high	
obvious	𐑪𐑚𐑝𐑦𐑩𐑕	ˈɒbviəs	𐑪𐑚𐑝𐑾𐑕	ˈɒbvɪəs	high	
obvious	𐑪𐑝𐑘𐑩𐑕	ˈɒvjəs	𐑪𐑚𐑝𐑾𐑕	ˈɒbvɪəs	high	
obvious	𐑪𐑝𐑦𐑩𐑕	ˈɒviəs	𐑪𐑚𐑝𐑾𐑕	ˈɒbvɪəs	high	
obvious	𐑪𐑝𐑾𐑕	ˈɒvɪəs	𐑪𐑚𐑝𐑾𐑕	ˈɒbvɪəs	high	
obviously	𐑪𐑚𐑝𐑘𐑩𐑕𐑤𐑦	ˈɒbvjəsli	𐑪𐑚𐑝𐑾𐑕𐑤𐑦	ˈɒbvɪəsli	high	
obviously	𐑪𐑚𐑝𐑦𐑩𐑕𐑤𐑦	ˈɒbviəsli	𐑪𐑚𐑝𐑾𐑕𐑤𐑦	ˈɒbvɪəsli	high	
obviousness	-𐑯𐑩𐑕	-nəs	𐑪𐑚𐑝𐑾𐑕𐑯𐑩𐑕	ˈɒbvɪəsnəs	high	
obviousness	-𐑾𐑕-	-ɪəs-	𐑪𐑚𐑝𐑾𐑕𐑯𐑩𐑕	ˈɒbvɪəsnəs	high	
obviousness	𐑪𐑚𐑝𐑦𐑩𐑕𐑯𐑦𐑕	ˈɒbviəsnɪs	𐑪𐑚𐑝𐑾𐑕𐑯𐑩𐑕	ˈɒbvɪəsnəs	high	
ocarina	𐑪𐑒𐑼𐑦𐑯𐑩	ɒkəˈrinə	𐑪𐑒𐑼𐑰𐑯𐑩	ˌɒkəˈriːnə	high	
ocarina	𐑴𐑒𐑼𐑦𐑯𐑩	oʊkəˈrinə	𐑪𐑒𐑼𐑰𐑯𐑩	ˌɒkəˈriːnə	high	
occipital	𐑪𐑒𐑕𐑦𐑐𐑩𐑑𐑩𐑤	ɒkˈsɪpətəl	𐑪𐑒𐑕𐑦𐑐𐑦𐑑𐑩𐑤	ɒkˈsɪpɪtəl	high	
occult	𐑩𐑒𐑳𐑤𐑑	əˈkʌlt	𐑪𐑒𐑳𐑤𐑑	ɒˈkʌlt	high	
occupational	𐑪𐑒𐑘𐑫𐑐𐑱𐑖𐑩𐑯𐑩𐑤	ɒkjuˈpeɪʃənəl	𐑪𐑒𐑘𐑩𐑐𐑱𐑖𐑩𐑯𐑩𐑤	ˌɒkjəˈpeɪʃənəl	high	
occurrence	𐑩𐑒𐑻𐑩𐑯𐑕	əkɜːrəns	𐑩𐑒𐑳𐑮𐑩𐑯𐑕	əˈkʌrəns	medium	r_gap:spelling=2,ipa=1; shave_says:𐑩𐑒𐑳𐑮𐑩𐑯𐑕
oceania	-𐑨𐑯𐑘𐑩	-ˈænjə	𐑴𐑖𐑦𐑭𐑯𐑾	ˌəʊʃiˈɑːniə	high	
oceania	-𐑨𐑯𐑩	-ˈænə	𐑴𐑖𐑦𐑭𐑯𐑾	ˌəʊʃiˈɑːniə	high	
oceania	𐑴𐑖𐑦𐑨𐑯𐑦𐑩	ˌoʊʃiˈæniə	𐑴𐑖𐑦𐑭𐑯𐑾	ˌəʊʃiˈɑːniə	high	
octagon	𐑪𐑒𐑑𐑩𐑜𐑩𐑯	ˈɒktəɡən	𐑪𐑒𐑑𐑩𐑜𐑪𐑯	ˈɒktəɡɒn	high	
octave	𐑪𐑒𐑑𐑱𐑝	ˈɒkteɪv	𐑪𐑒𐑑𐑦𐑝	ˈɒktɪv	high	
octogenarian	𐑪𐑒𐑑𐑩𐑡𐑦𐑯𐑧𐑮𐑦𐑩𐑯	ˌɒktədʒɪˈneriən	𐑪𐑒𐑑𐑩𐑡𐑦𐑯𐑺𐑾𐑯	ˌɒktədʒɪˈneərɪən	high	
octopus	𐑪𐑒𐑑𐑩𐑐𐑫𐑕	ˈɒktəpʊs	𐑪𐑒𐑑𐑩𐑐𐑩𐑕	ˈɒktəpəs	high	
odalisque	𐑪𐑛𐑩𐑤𐑦𐑕𐑒	ˈɒdəlɪsk	𐑴𐑛𐑩𐑤𐑦𐑕𐑒	ˈəʊdəlɪsk	high	
odalisque	𐑴𐑛𐑤𐑦𐑕𐑒	ˈoʊdlɪsk	𐑴𐑛𐑩𐑤𐑦𐑕𐑒	ˈəʊdəlɪsk	high	
odious	𐑴𐑛𐑦𐑩𐑕	ˈəʊdiəs	𐑴𐑛𐑾𐑕	ˈəʊdɪəs	high	
odious	𐑴𐑡𐑩𐑕	ˈəʊdʒəs	𐑴𐑛𐑾𐑕	ˈəʊdɪəs	high	
odium	𐑴𐑛𐑦𐑩𐑥	ˈəʊdiəm	𐑴𐑛𐑾𐑥	ˈəʊdɪəm	high	
odoriferous	𐑴𐑛𐑼𐑦𐑓𐑮𐑩𐑕	əʊdərɪfrəs	𐑴𐑛𐑼𐑦𐑓𐑼𐑩𐑕	ˌəʊdəˈrɪfərəs	high	
odourless	𐑴𐑛𐑩𐑤𐑩𐑕	əʊdələs	𐑴𐑛𐑼𐑤𐑩𐑕	ˈəʊdəRləs	medium	r_gap:spelling=1,ipa=0; shave_says:𐑴𐑛𐑼𐑤𐑩𐑕
odyssey	𐑪𐑛𐑩𐑕𐑦	ˈɒdəsi	𐑪𐑛𐑦𐑕𐑦	ˈɒdɪsi	high	
oesophagus	𐑰𐑕𐑪𐑓𐑩𐑜𐑩𐑕	iːˈsɒfəɡəs	𐑦𐑕𐑪𐑓𐑩𐑜𐑩𐑕	ɪˈsɒfəɡəs	high	
of	𐑪𐑝	ɒv	𐑝	V	high	
of	𐑳𐑝	ʌv	𐑝	V	high	
of	𐑷𐑝	ɔv	𐑝	V	high	
of course	𐑩𐑝 𐑒𐑹𐑕	əv kɔːRs	𐑝 𐑒𐑹𐑕	V kɔːRs	high	
off	𐑷𐑓	ɔːf	𐑪𐑓	ɒf	high	
offal	𐑷𐑓𐑩𐑤	ˈɔːfəl	𐑪𐑓𐑩𐑤	ˈɒfəl	high	
offensive	𐑷𐑓𐑧𐑯𐑕𐑦𐑝	ˈɔːˌfensɪv	𐑩𐑓𐑧𐑯𐑕𐑦𐑝	əˈfensɪv	high	
offer	𐑷𐑓𐑼	ɔːfər	𐑪𐑓𐑼	ˈɒfəR	high	
offered	𐑷𐑓𐑼𐑛	ˈɔːfəRd	𐑪𐑓𐑼𐑛	ˈɒfəRd	high	
offering	𐑷𐑓𐑼𐑦𐑙	ˈɔːfərɪŋ	𐑪𐑓𐑼𐑦𐑙	ˈɒfərɪŋ	high	
offerings	𐑷𐑓𐑼𐑦𐑙𐑟	ˈɔːfərɪŋz	𐑪𐑓𐑼𐑦𐑙𐑟	ˈɒfərɪŋz	high	
offers	𐑷𐑓𐑼𐑟	ˈɔːfəRz	𐑪𐑓𐑼𐑟	ˈɒfəRz	high	
offertory	𐑪𐑓𐑩𐑑𐑼𐑦	ɒfətəri	𐑪𐑓𐑼𐑑𐑼𐑦	ˈɒfəRtəri	medium	r_gap:spelling=2,ipa=1; shave_says:𐑪𐑓𐑼𐑑𐑼𐑦
offertory	𐑪𐑓𐑼𐑑𐑹𐑦	ˈɒfərˌtɔːRi	𐑪𐑓𐑼𐑑𐑼𐑦	ˈɒfəRtəri	high	
offhand	𐑷𐑓𐑣𐑨𐑯𐑛	ˌɔːfˈhænd	𐑪𐑓𐑣𐑨𐑯𐑛	ˌɒfˈhænd	high	
offhanded	𐑷𐑓𐑣𐑨𐑯𐑛𐑩𐑛	ɔːfˈhændƏd	𐑪𐑓𐑣𐑨𐑯𐑛𐑩𐑛	ˌɒfˈhændƏd	high	
office	𐑪-	ˈɒ-	𐑪𐑓𐑦𐑕	ˈɒfɪs	high	
office	𐑷𐑓𐑦𐑕	ˈɔfɪs	𐑪𐑓𐑦𐑕	ˈɒfɪs	high	
officer	𐑷𐑓𐑦𐑕𐑼	ˈɔːfɪsəR	𐑪𐑓𐑦𐑕𐑼	ˈɒfɪsəR	high	
officers	𐑷𐑓𐑦𐑕𐑼𐑟	ˈɔːfɪsəRz	𐑪𐑓𐑦𐑕𐑼𐑟	ˈɒfɪsəRz	high	
offices	𐑷𐑓𐑦𐑕𐑩𐑟	ˈɔːfɪsƏz	𐑪𐑓𐑦𐑕𐑩𐑟	ˈɒfɪsƏz	high	
offing	𐑷𐑓𐑦𐑙	ˈɔːfɪŋ	𐑪𐑓𐑦𐑙	ˈɒfɪŋ	high	
offish	𐑷𐑓𐑦𐑖	ˈɔːfɪʃ	𐑪𐑓𐑦𐑖	ˈɒfɪʃ	high	
offline	𐑷𐑓𐑤𐑲𐑯	ɔːfˈlaɪn	𐑪𐑓𐑤𐑲𐑯	ˌɒfˈlaɪn	high	
offset	𐑷𐑓𐑕𐑧𐑑	ˈɔːfset	𐑪𐑓𐑕𐑧𐑑	ˈɒfset	high	
offshoot	𐑷𐑓𐑖𐑵𐑑	ˈɔːfʃuːt	𐑪𐑓𐑖𐑵𐑑	ˈɒfʃuːt	high	
offspring	𐑷𐑓𐑕𐑐𐑮𐑦𐑙	ˈɔːfsprɪŋ	𐑪𐑓𐑕𐑐𐑮𐑦𐑙	ˈɒfsprɪŋ	high	
oft	𐑷𐑓𐑑	ɔːft	𐑪𐑓𐑑	ɒft	high	
often	𐑪𐑓𐑑𐑩𐑯	ˈɒftən	𐑪𐑓𐑩𐑯	ˈɒfən	high	
often	𐑷𐑓𐑑𐑩𐑯	ˈɔːftən	𐑪𐑓𐑩𐑯	ˈɒfən	high	
often	𐑷𐑓𐑩𐑯	ˈɔːfən	𐑪𐑓𐑩𐑯	ˈɒfən	high	
oftentimes	𐑪𐑓𐑑𐑩𐑯𐑑𐑲𐑥𐑟	ˈɒftənˌtaɪmz	𐑪𐑓𐑩𐑯𐑑𐑲𐑥𐑟	ˈɒfəntaɪmz	high	
oftentimes	𐑷𐑓𐑑𐑩𐑯𐑑𐑲𐑥𐑟	ˈɔːftənˌtaɪmz	𐑪𐑓𐑩𐑯𐑑𐑲𐑥𐑟	ˈɒfəntaɪmz	high	
oftentimes	𐑷𐑓𐑩𐑯𐑑𐑲𐑥𐑟	ˈɔːfənˌtaɪmz	𐑪𐑓𐑩𐑯𐑑𐑲𐑥𐑟	ˈɒfəntaɪmz	high	
ogle	𐑪𐑜𐑩𐑤	ˈɒɡəl	𐑴𐑜𐑩𐑤	ˈəʊɡəl	high	
ogress	𐑴𐑜𐑮𐑧𐑕	əʊɡres	𐑴𐑜𐑮𐑩𐑕	ˈəʊɡrƏs	high	
ohio	𐑩𐑣𐑲𐑴	əˈhaɪoʊ	𐑴𐑣𐑲𐑴	əʊˈhaɪəʊ	high	
ohio	𐑴𐑣𐑳𐑾𐑫	əʊˈhʌɪəʊ	𐑴𐑣𐑲𐑴	əʊˈhaɪəʊ	high	
okapi	𐑴𐑒𐑪𐑐𐑦	oʊˈkɒpi	𐑴𐑒𐑭𐑐𐑦	əʊˈkɑːpi	high	
okra	𐑪𐑒𐑮𐑩	ɒkrə	𐑴𐑒𐑮𐑩	ˈəʊkrə	high	
old	𐑷𐑫𐑤𐑛	ˈɔʊld	𐑴𐑤𐑛	əʊld	high	
old-fashioned	𐑴𐑤𐑛𐑓𐑨𐑖𐑩𐑯𐑛	oʊldˈfæʃənd	𐑴𐑤𐑛-𐑓𐑨𐑖𐑩𐑯𐑛	əʊld-ˈfæʃənd	high	
oldham	𐑪𐑤𐑛𐑩𐑥	ɒldəm	𐑴𐑤𐑛𐑩𐑥	ˈəʊldəm	high	
oldish	𐑷𐑤𐑛𐑦𐑖	ˈɔːldɪʃ	𐑴𐑤𐑛𐑦𐑖	ˈəʊldɪʃ	high	
olfactory	𐑪𐑤𐑓𐑨𐑒𐑑𐑮𐑦	ɒlfaktri	𐑪𐑤𐑓𐑨𐑒𐑑𐑼𐑦	ɒlˈfæktəri	high	
olfactory	𐑴𐑤𐑓𐑨𐑒𐑑𐑼𐑦	oʊlˈfæktəri	𐑪𐑤𐑓𐑨𐑒𐑑𐑼𐑦	ɒlˈfæktəri	high	
oligarch	𐑪𐑤𐑩𐑜𐑸𐑒	ˈɒləɡɑːRk	𐑪𐑤𐑦𐑜𐑸𐑒	ˈɒlɪɡɑːRk	high	
oligarch	𐑴𐑤𐑩𐑜𐑸𐑒	ˈoʊləɡɑːRk	𐑪𐑤𐑦𐑜𐑸𐑒	ˈɒlɪɡɑːRk	high	
oligarchy	𐑭𐑤𐑦𐑜𐑸𐑒𐑦	ˈɑːlɪˌɡɑːRki	𐑪𐑤𐑦𐑜𐑸𐑒𐑦	ˈɒlɪɡɑːRki	high	
oligarchy	𐑴𐑤𐑦𐑜𐑸𐑒𐑦	ˈoʊlɪˌɡɑːRki	𐑪𐑤𐑦𐑜𐑸𐑒𐑦	ˈɒlɪɡɑːRki	high	
olivia	𐑩𐑤𐑦𐑝𐑦𐑩	əˈlɪviə	𐑩𐑤𐑦𐑝𐑾	əˈlɪvɪə	high	
olivia	𐑴𐑤𐑦𐑝𐑦𐑩	əʊˈlɪviə	𐑩𐑤𐑦𐑝𐑾	əˈlɪvɪə	high	
olympiad	-𐑩𐑛	-əd	𐑩𐑤𐑦𐑥𐑐𐑦𐑨𐑛	əˈlɪmpɪæd	high	
olympiad	𐑴𐑤𐑦𐑥𐑐𐑦𐑨𐑛	oʊˈlɪmpiˌæd	𐑩𐑤𐑦𐑥𐑐𐑦𐑨𐑛	əˈlɪmpɪæd	high	
olympian	𐑩𐑤𐑦𐑥𐑐𐑦𐑩𐑯	əˈlɪmpiən	𐑩𐑤𐑦𐑥𐑐𐑾𐑯	əˈlɪmpɪən	high	
olympic	𐑴-	oʊ-	𐑩𐑤𐑦𐑥𐑐𐑦𐑒	əˈlɪmpɪk	high	
oman	𐑩𐑥𐑭𐑯	əˈmɑːn	𐑴𐑥𐑭𐑯	əʊˈmɑːn	high	
oman	𐑴𐑥𐑨𐑯	oʊˈmæn	𐑴𐑥𐑭𐑯	əʊˈmɑːn	high	
oman	𐑴𐑥𐑪𐑯	oʊˈmɒn	𐑴𐑥𐑭𐑯	əʊˈmɑːn	high	
ombudsman	𐑪𐑥𐑚𐑩𐑛𐑟𐑥𐑩𐑯	ˈɒmbədzmən	𐑪𐑥𐑚𐑫𐑛𐑟𐑥𐑩𐑯	ˈɒmbʊdzmən	high	
omega	𐑴𐑥𐑦𐑜𐑩	ˈəʊmɪɡə	𐑴𐑥𐑧𐑜𐑩	ˈəʊmeɡə	high	
omega	𐑴𐑥𐑰𐑜𐑩	ˈəʊmiːɡə	𐑴𐑥𐑧𐑜𐑩	ˈəʊmeɡə	high	
omega	𐑴𐑥𐑱𐑜𐑩	ˌoʊˈmeɪɡə	𐑴𐑥𐑧𐑜𐑩	ˈəʊmeɡə	high	
omelette	𐑪𐑥𐑤𐑦𐑑	ˈɒmlɪt	𐑪𐑥𐑤𐑩𐑑	ˈɒmlət	high	
omelette	𐑪𐑥𐑩𐑤𐑩𐑑	ˈɒmələt	𐑪𐑥𐑤𐑩𐑑	ˈɒmlət	high	
omicron	𐑩𐑥𐑲𐑒𐑮𐑩𐑯	əmaɪkrən	𐑴𐑥𐑦𐑒𐑮𐑪𐑯	ˈəʊmɪkrɒn	high	
omicron	𐑩𐑥𐑲𐑒𐑮𐑪𐑯	əmaɪkrɒn	𐑴𐑥𐑦𐑒𐑮𐑪𐑯	ˈəʊmɪkrɒn	high	
omicron	𐑪𐑥𐑦𐑒𐑮𐑩𐑯	ɒmɪkrən	𐑴𐑥𐑦𐑒𐑮𐑪𐑯	ˈəʊmɪkrɒn	high	
omicron	𐑪𐑥𐑦𐑒𐑮𐑪𐑯	ɒmɪkrɒn	𐑴𐑥𐑦𐑒𐑮𐑪𐑯	ˈəʊmɪkrɒn	high	
omicron	𐑪𐑥𐑩𐑒𐑮𐑪𐑯	ˈɒməˌkrɒn	𐑴𐑥𐑦𐑒𐑮𐑪𐑯	ˈəʊmɪkrɒn	high	
omicron	𐑴𐑥𐑩𐑒𐑮𐑪𐑯	ˈoʊməˌkrɒn	𐑴𐑥𐑦𐑒𐑮𐑪𐑯	ˈəʊmɪkrɒn	high	
omicron	𐑴𐑥𐑲𐑒𐑮𐑩𐑯	əʊmaɪkrən	𐑴𐑥𐑦𐑒𐑮𐑪𐑯	ˈəʊmɪkrɒn	high	
omicron	𐑴𐑥𐑲𐑒𐑮𐑪𐑯	əʊmaɪkrɒn	𐑴𐑥𐑦𐑒𐑮𐑪𐑯	ˈəʊmɪkrɒn	high	
ominously	𐑪𐑥𐑩𐑯𐑩𐑕𐑤𐑦	ˈɒmənəsli	𐑪𐑥𐑦𐑯𐑩𐑕𐑤𐑦	ˈɒmɪnəsli	high	
omission	𐑩𐑥𐑦𐑖𐑩𐑯	əˈmɪʃən	𐑴𐑥𐑦𐑖𐑩𐑯	əʊˈmɪʃən	high	
omit	𐑩𐑥𐑦𐑑	əˈmɪt	𐑴𐑥𐑦𐑑	əʊˈmɪt	high	
omniscience	𐑪𐑥𐑯𐑦𐑕𐑦𐑩𐑯𐑕	ɒmˈnɪsiəns	𐑪𐑥𐑯𐑦𐑕𐑾𐑯𐑕	ɒmˈnɪsɪəns	high	
omniscience	𐑪𐑥𐑯𐑦𐑖𐑩𐑯𐑕	ɒmˈnɪʃəns	𐑪𐑥𐑯𐑦𐑕𐑾𐑯𐑕	ɒmˈnɪsɪəns	high	
omniscient	𐑪𐑥𐑯𐑦𐑖𐑩𐑯𐑑	ɒmˈnɪʃənt	𐑪𐑥𐑯𐑦𐑕𐑾𐑯𐑑	ɒmˈnɪsɪənt	high	
onboard	𐑷𐑯𐑚𐑹𐑛	ɔːnˈbɔːRd	𐑪𐑯𐑚𐑹𐑛	ˌɒnˈbɔːRd	high	
once	𐑢𐑪𐑯𐑑𐑕	wɒnts	𐑢𐑳𐑯𐑕	wʌns	high	
once	𐑢𐑳𐑯𐑑𐑕	wʌnts	𐑢𐑳𐑯𐑕	wʌns	high	
one	𐑢𐑪𐑯	wɒn	𐑢𐑳𐑯	wʌn	high	
one's	𐑢𐑳𐑯𐑕	wʌns	𐑢𐑳𐑯𐑟	wʌnz	high	
one-armed	𐑢𐑳𐑯𐑸𐑥𐑛	wʌnɑːRmd	𐑢𐑳𐑯-𐑸𐑥𐑛	ˈwʌn-ɑːRmd	high	
one-upmanship	𐑢𐑩𐑯𐑩𐑐𐑥𐑩𐑯𐑖𐑦𐑐	wənˈəpmənˌʃɪp	𐑢𐑳𐑯-𐑳𐑐𐑥𐑩𐑯𐑖𐑦𐑐	wʌn-ˈʌpmənʃɪp	high	
one-upmanship	𐑢𐑳𐑯𐑳𐑐𐑥𐑩𐑯𐑖𐑦𐑐	ˌwʌnˈʌpmənʃɪp	𐑢𐑳𐑯-𐑳𐑐𐑥𐑩𐑯𐑖𐑦𐑐	wʌn-ˈʌpmənʃɪp	high	
onerous	𐑪𐑯𐑼𐑩𐑕	ɒnərəs	𐑴𐑯𐑼𐑩𐑕	ˈəʊnərəs	high	
only	𐑴𐑯𐑦	ˈəʊni	𐑴𐑯𐑤𐑦	ˈəʊnli	high	
onomatopoeia	𐑪𐑯𐑩𐑥𐑨𐑑𐑩𐑐𐑰𐑩	ˌɒnəˌmætəˈpiːə	𐑪𐑯𐑩𐑥𐑨𐑑𐑩𐑐𐑾	ˌɒnəˌmætəˈpiːə	high	
onomatopoeia	𐑪𐑯𐑩𐑥𐑪𐑑𐑩𐑐𐑰𐑩	ˌɒnəˌmɒtəˈpiːə	𐑪𐑯𐑩𐑥𐑨𐑑𐑩𐑐𐑾	ˌɒnəˌmætəˈpiːə	high	
onto	𐑷𐑯𐑑𐑫	ˈɔːntu	𐑪𐑯𐑑𐑵	ˈɒntuː	high	
oo	𐑴𐑴	ˈəʊəʊ	𐑵	uː	high	
oogenesis	𐑴𐑩𐑡𐑧𐑯𐑩𐑕𐑦𐑕	ˈoʊədʒenəsɪs	𐑴𐑩𐑡𐑧𐑯𐑦𐑕𐑦𐑕	ˌəʊəˈdʒenɪsɪs	high	
oogenesis	𐑴𐑴𐑡𐑧𐑯𐑩𐑕𐑦𐑕	ˈoʊoʊdʒenəsɪs	𐑴𐑩𐑡𐑧𐑯𐑦𐑕𐑦𐑕	ˌəʊəˈdʒenɪsɪs	high	
oogenesis	𐑵𐑡𐑧𐑯𐑩𐑕𐑦𐑕	ˈuːdʒenəsɪs	𐑴𐑩𐑡𐑧𐑯𐑦𐑕𐑦𐑕	ˌəʊəˈdʒenɪsɪs	high	
open-source	𐑴𐑐𐑩𐑯 𐑕𐑹𐑕	əʊpən sɔːRs	𐑴𐑐𐑩𐑯-𐑕𐑹𐑕	ˌəʊpən-ˈsɔːRs	high	
opera	𐑪𐑐𐑮𐑩	ɒprə	𐑪𐑐𐑼𐑩	ˈɒpərə	high	
operative	𐑪𐑐𐑮𐑩𐑑𐑦𐑝	ɒprətɪv	𐑪𐑐𐑼𐑩𐑑𐑦𐑝	ˈɒpərətɪv	high	
operators	𐑭𐑐𐑼𐑱𐑑𐑼𐑟	ˈɑːpəreɪtəRz	𐑪𐑐𐑼𐑱𐑑𐑼𐑟	ˈɒpəreɪtəRz	high	
ophthalmia	𐑪𐑐𐑔𐑨𐑤𐑥𐑦𐑩	ɒpˈθælmiə	𐑪𐑓𐑔𐑨𐑤𐑥𐑾	ɒfˈθælmɪə	high	
ophthalmia	𐑪𐑓𐑔𐑨𐑤𐑥𐑦𐑩	ɒfˈθælmiə	𐑪𐑓𐑔𐑨𐑤𐑥𐑾	ɒfˈθælmɪə	high	
ophthalmic	𐑪𐑐𐑔𐑨𐑤𐑥𐑦𐑒	ɒpˈθalmɪk	𐑪𐑓𐑔𐑨𐑤𐑥𐑦𐑒	ɒfˈθælmɪk	high	
opine	𐑴𐑐𐑲𐑯	əʊˈpaɪn	𐑩𐑐𐑲𐑯	əˈpaɪn	high	
opium	𐑴𐑐𐑦𐑩𐑥	ˈoʊpiəm	𐑴𐑐𐑾𐑥	ˈəʊpɪəm	high	
opportune	-𐑑𐑿𐑯	-tjuːn	𐑪𐑐𐑼𐑑𐑵𐑯, 𐑪𐑐𐑼𐑑𐑿𐑯	ˈɒpəRtjuːn	medium	r_gap:spelling=1,ipa=0
opportune	𐑪𐑐𐑩𐑗𐑿𐑯	ɒpətʃjuːn	𐑪𐑐𐑼𐑑𐑵𐑯, 𐑪𐑐𐑼𐑑𐑿𐑯	ˈɒpəRtjuːn	medium	r_gap:spelling=1,ipa=0; shave_says:𐑪𐑐𐑼𐑑𐑿𐑯
opportune	𐑪𐑐𐑼𐑗𐑵𐑯	ˌɒpəRˈtʃuːn	𐑪𐑐𐑼𐑑𐑵𐑯, 𐑪𐑐𐑼𐑑𐑿𐑯	ˈɒpəRtjuːn	high	
opportunely	𐑪𐑐𐑩𐑑𐑿𐑯𐑤𐑦	ɒpətjuːnli	𐑪𐑐𐑼𐑑𐑵𐑯𐑤𐑦, 𐑪𐑐𐑼𐑑𐑿𐑯𐑤𐑦	ˈɒpəRtjuːnli	medium	r_gap:spelling=1,ipa=0; shave_says:𐑪𐑐𐑼𐑑𐑿𐑯𐑤𐑦
opportunely	𐑪𐑐𐑩𐑗𐑵𐑯𐑤𐑦	ɒpətʃuːnli	𐑪𐑐𐑼𐑑𐑵𐑯𐑤𐑦, 𐑪𐑐𐑼𐑑𐑿𐑯𐑤𐑦	ˈɒpəRtjuːnli	medium	r_gap:spelling=1,ipa=0; shave_says:𐑪𐑐𐑼𐑑𐑿𐑯𐑤𐑦
opportunely	𐑪𐑐𐑼𐑑𐑘𐑫𐑯𐑤𐑦	ˌɒpəRˈtjunli	𐑪𐑐𐑼𐑑𐑵𐑯𐑤𐑦, 𐑪𐑐𐑼𐑑𐑿𐑯𐑤𐑦	ˈɒpəRtjuːnli	high	
opportunely	𐑪𐑐𐑼𐑑𐑫𐑯𐑤𐑦	ˌɒpəRˈtunli	𐑪𐑐𐑼𐑑𐑵𐑯𐑤𐑦, 𐑪𐑐𐑼𐑑𐑿𐑯𐑤𐑦	ˈɒpəRtjuːnli	high	
opportunities	-𐑑𐑦𐑟	-tiz	𐑪𐑐𐑼𐑑𐑵𐑯𐑦𐑑𐑦𐑟, 𐑪𐑐𐑼𐑑𐑿𐑯𐑦𐑑𐑦𐑟	ˌɒpəRˈtjuːnɪtiz	medium	r_gap:spelling=1,ipa=0
opportunities	-𐑗𐑵-	-tʃuː-	𐑪𐑐𐑼𐑑𐑵𐑯𐑦𐑑𐑦𐑟, 𐑪𐑐𐑼𐑑𐑿𐑯𐑦𐑑𐑦𐑟	ˌɒpəRˈtjuːnɪtiz	medium	r_gap:spelling=1,ipa=0; shave_says:𐑪𐑐𐑼𐑑𐑿𐑯𐑦𐑑𐑦𐑟
opportunities	𐑪𐑐𐑩𐑑𐑿𐑯𐑦𐑑𐑦𐑟	ɒpətjuːnɪtiz	𐑪𐑐𐑼𐑑𐑵𐑯𐑦𐑑𐑦𐑟, 𐑪𐑐𐑼𐑑𐑿𐑯𐑦𐑑𐑦𐑟	ˌɒpəRˈtjuːnɪtiz	medium	r_gap:spelling=1,ipa=0; shave_says:𐑪𐑐𐑼𐑑𐑿𐑯𐑦𐑑𐑦𐑟
opportunities	𐑪𐑐𐑼𐑑𐑫𐑯𐑩𐑑𐑦𐑟	ˌɒpəRˈtunətiz	𐑪𐑐𐑼𐑑𐑵𐑯𐑦𐑑𐑦𐑟, 𐑪𐑐𐑼𐑑𐑿𐑯𐑦𐑑𐑦𐑟	ˌɒpəRˈtjuːnɪtiz	high	
opportunity	-𐑑𐑦	-ti	𐑪𐑐𐑼𐑑𐑵𐑯𐑦𐑑𐑦, 𐑪𐑐𐑼𐑑𐑿𐑯𐑦𐑑𐑦	ˌɒpəRˈtjuːnɪti	medium	r_gap:spelling=1,ipa=0
opportunity	-𐑗𐑵-	-tʃuː-	𐑪𐑐𐑼𐑑𐑵𐑯𐑦𐑑𐑦, 𐑪𐑐𐑼𐑑𐑿𐑯𐑦𐑑𐑦	ˌɒpəRˈtjuːnɪti	medium	r_gap:spelling=1,ipa=0; shave_says:𐑪𐑐𐑼𐑑𐑿𐑯𐑦𐑑𐑦
opportunity	𐑪𐑐𐑩𐑑𐑿𐑯𐑦𐑑𐑦	ɒpətjuːnɪtɪ	𐑪𐑐𐑼𐑑𐑵𐑯𐑦𐑑𐑦, 𐑪𐑐𐑼𐑑𐑿𐑯𐑦𐑑𐑦	ˌɒpəRˈtjuːnɪti	medium	r_gap:spelling=1,ipa=0; shave_says:𐑪𐑐𐑼𐑑𐑿𐑯𐑦𐑑𐑦
opportunity	𐑪𐑐𐑼𐑑𐑘𐑫𐑯𐑩𐑑𐑦	ˌɒpəRˈtjunəti	𐑪𐑐𐑼𐑑𐑵𐑯𐑦𐑑𐑦, 𐑪𐑐𐑼𐑑𐑿𐑯𐑦𐑑𐑦	ˌɒpəRˈtjuːnɪti	high	
opposite	𐑪𐑐𐑩𐑕𐑦𐑑	ˈɒpəsɪt	𐑪𐑐𐑩𐑟𐑦𐑑	ˈɒpəzɪt	high	
opprobrium	𐑩𐑐𐑮𐑴𐑚𐑮𐑦𐑩	əˈproʊbriə	𐑩𐑐𐑮𐑴𐑚𐑮𐑾𐑥	əˈprəʊbrɪəm	high	
opprobrium	𐑩𐑐𐑮𐑴𐑚𐑮𐑦𐑩𐑥	əˈproʊbriəm	𐑩𐑐𐑮𐑴𐑚𐑮𐑾𐑥	əˈprəʊbrɪəm	high	
opprobrium	𐑩𐑐𐑮𐑴𐑚𐑮𐑾	əprəʊbrɪə	𐑩𐑐𐑮𐑴𐑚𐑮𐑾𐑥	əˈprəʊbrɪəm	high	
optimization	𐑪𐑐𐑑𐑩𐑥𐑲𐑟𐑱𐑖𐑩𐑯	ˌɒptəmaɪˈzeɪʃən	𐑪𐑐𐑑𐑦𐑥𐑲𐑟𐑱𐑖𐑩𐑯	ˌɒptɪmaɪˈzeɪʃən	high	
or	𐑪𐑮	or	𐑹	ɔːR	high	
oracular	𐑪𐑮𐑨𐑒𐑿𐑤𐑼	ɒrækjuːləR	𐑼𐑨𐑒𐑘𐑩𐑤𐑼	əˈrækjələR	high	
oracular	𐑹𐑨𐑒𐑘𐑩𐑤𐑼	ɔːˈrækjələR	𐑼𐑨𐑒𐑘𐑩𐑤𐑼	əˈrækjələR	high	
oracular	𐑹𐑨𐑒𐑘𐑫𐑤𐑼	ɔːˈrækjuləR	𐑼𐑨𐑒𐑘𐑩𐑤𐑼	əˈrækjələR	high	
oracular	𐑹𐑨𐑒𐑿𐑤𐑼	ɔːrækjuːləR	𐑼𐑨𐑒𐑘𐑩𐑤𐑼	əˈrækjələR	high	
orange	𐑪𐑮𐑦𐑯𐑠	ɒrɪnʒ	𐑪𐑮𐑦𐑯𐑡	ˈɒrɪndʒ	high	
orange	𐑪𐑮𐑩𐑯𐑠	ɒrənʒ	𐑪𐑮𐑦𐑯𐑡	ˈɒrɪndʒ	high	
orange	𐑪𐑮𐑩𐑯𐑡	ɒrəndʒ	𐑪𐑮𐑦𐑯𐑡	ˈɒrɪndʒ	high	
orange	𐑸𐑩𐑯𐑡	ˈɑːRəndʒ	𐑪𐑮𐑦𐑯𐑡	ˈɒrɪndʒ	high	
orange	𐑹𐑩𐑙𐑠	ˈɔːRəŋʒ	𐑪𐑮𐑦𐑯𐑡	ˈɒrɪndʒ	high	
orange	𐑹𐑩𐑯𐑡	ˈɔːRəndʒ	𐑪𐑮𐑦𐑯𐑡	ˈɒrɪndʒ	high	
orange	𐑹𐑯𐑡	ɔːRndʒ	𐑪𐑮𐑦𐑯𐑡	ˈɒrɪndʒ	high	
orangeman	𐑪𐑮𐑦𐑯𐑡𐑥𐑩𐑯	ɒrɪndʒmən	𐑪𐑮𐑦𐑯𐑡𐑥𐑨𐑯	ˈɒrɪndʒmæn	high	
orangeman	𐑪𐑮𐑩𐑯𐑡𐑥𐑩𐑯	ɒrəndʒmən	𐑪𐑮𐑦𐑯𐑡𐑥𐑨𐑯	ˈɒrɪndʒmæn	high	
oranges	𐑹𐑦𐑯𐑡𐑩𐑟	ˈɔːRɪndʒƏz	𐑪𐑮𐑦𐑯𐑡𐑩𐑟	ˈɒrɪndʒƏz	high	
oranges	𐑹𐑩𐑯𐑗𐑩𐑟	ˈɔːRəntʃƏz	𐑪𐑮𐑦𐑯𐑡𐑩𐑟	ˈɒrɪndʒƏz	high	
orate	𐑹𐑱𐑑	ɔːreɪt	𐑪𐑮𐑱𐑑	ɒˈreɪt	high	
orate	𐑼𐑱𐑑	əreɪt	𐑪𐑮𐑱𐑑	ɒˈreɪt	high	
oration	𐑹𐑱𐑖𐑩𐑯	ɔːRˈeɪʃən	𐑪𐑮𐑱𐑖𐑩𐑯	ɒˈreɪʃən	high	
oratory	𐑹𐑩𐑑𐑹𐑦	ˈɔːRəˌtɔːRi	𐑪𐑮𐑩𐑑𐑼𐑦	ˈɒrətəri	high	
orbital	𐑹𐑚𐑩𐑑𐑩𐑤	ɔːRbətəl	𐑹𐑚𐑦𐑑𐑩𐑤	ˈɔːRbɪtəl	high	
orchestra	𐑪𐑮𐑒𐑦𐑕𐑑𐑮𐑩	ˈorkɪstrə	𐑹𐑒𐑦𐑕𐑑𐑮𐑩	ˈɔːRkɪstrə	high	
orchestra	𐑪𐑮𐑒𐑩𐑕𐑑𐑮𐑩	ˈorkəstrə	𐑹𐑒𐑦𐑕𐑑𐑮𐑩	ˈɔːRkɪstrə	high	
orchestra	𐑹𐑒𐑩𐑕𐑑𐑮𐑩	ɔːRkəstrə	𐑹𐑒𐑦𐑕𐑑𐑮𐑩	ˈɔːRkɪstrə	high	
orchestrate	𐑹𐑒𐑩𐑕𐑑𐑮𐑱𐑑	ɔːrkəstreɪt	𐑹𐑒𐑦𐑕𐑑𐑮𐑱𐑑	ˈɔːRkɪstreɪt	high	
orchid	𐑹𐑒𐑩𐑛	ɔːRkƏd	𐑹𐑒𐑦𐑛	ˈɔːRkɪd	high	
ordeal	𐑹𐑛𐑦𐑤	ɔːRˈdil	𐑹𐑛𐑰𐑤	ɔːRˈdiːl	high	
order	𐑹𐑑𐑼	ˈɔːRtəR	𐑹𐑛𐑼	ˈɔːRdəR	high	
orderliness	𐑹𐑛𐑩𐑤𐑦𐑯𐑩𐑕	ɔːRdəlɪnəs	𐑹𐑛𐑼𐑤𐑦𐑯𐑩𐑕	ˈɔːRdəRlɪnəs	medium	r_gap:spelling=2,ipa=1; shave_says:𐑹𐑛𐑼𐑤𐑦𐑯𐑩𐑕
orderly	𐑹𐑛𐑩𐑤𐑦	ɔːRdəli	𐑹𐑛𐑼𐑤𐑦	ˈɔːRdəRli	medium	r_gap:spelling=2,ipa=1; shave_says:𐑹𐑛𐑼𐑤𐑦
orders	𐑹𐑑𐑼𐑟	ˈɔːRtəRz	𐑹𐑛𐑼𐑟	ˈɔːRdəRz	high	
ordinance	𐑪𐑮𐑛𐑦𐑯𐑩𐑯𐑕	ˈordɪnəns	𐑹𐑛𐑦𐑯𐑩𐑯𐑕	ˈɔːRdɪnəns	high	
ordinance	𐑪𐑮𐑛𐑯𐑩𐑯𐑕	ˈordnəns	𐑹𐑛𐑦𐑯𐑩𐑯𐑕	ˈɔːRdɪnəns	high	
ordinance	𐑹𐑛𐑯𐑩𐑯𐑕	ɔːRdnəns	𐑹𐑛𐑦𐑯𐑩𐑯𐑕	ˈɔːRdɪnəns	high	
ordinand	𐑹𐑛𐑩𐑯𐑨𐑯𐑛	ˈɔːRdənænd	𐑹𐑛𐑦𐑯𐑨𐑯𐑛	ˌɔːRdɪˈnænd	high	
ordinarily	𐑹𐑛𐑦𐑯𐑧𐑮𐑦𐑤𐑦	ɔːRdɪˈnerɪli	𐑹𐑛𐑦𐑯𐑼𐑦𐑤𐑦	ˈɔːRdɪnərɪli	high	
ordinarily	𐑹𐑛𐑦𐑯𐑨𐑮𐑦𐑤𐑦	ɔːRdɪnærɪli	𐑹𐑛𐑦𐑯𐑼𐑦𐑤𐑦	ˈɔːRdɪnərɪli	high	
ordinary	𐑹𐑛𐑦𐑯𐑧𐑮𐑦	ˈɔːRdɪneri	𐑹𐑛𐑦𐑯𐑼𐑦	ˈɔːRdɪnəri	high	
ordinary	𐑹𐑛𐑦𐑯𐑺𐑦	ˈɔːRdɪneəri	𐑹𐑛𐑦𐑯𐑼𐑦	ˈɔːRdɪnəri	high	
ordinary	𐑹𐑛𐑩𐑯𐑮𐑦	ɔːRdənri	𐑹𐑛𐑦𐑯𐑼𐑦	ˈɔːRdɪnəri	high	
ordination	𐑹𐑛𐑩𐑯𐑱𐑖𐑩𐑯	ˌɔːRdəˈneɪʃən	𐑹𐑛𐑦𐑯𐑱𐑖𐑩𐑯	ˌɔːRdɪˈneɪʃən	high	
ordnance	𐑪𐑮𐑛𐑯𐑩𐑯𐑕	ˈordnəns	𐑹𐑛𐑯𐑩𐑯𐑕	ˈɔːRdnəns	high	
ordure	-𐑡𐑼	-dʒəR	𐑹𐑛𐑘𐑫𐑼	ˈɔːRdjʊəR	medium	r_gap:spelling=2,ipa=1; shave_says:𐑹𐑛𐑘𐑫𐑼
ordure	𐑹𐑡𐑫𐑮	ˈɔːRdʒʊr	𐑹𐑛𐑘𐑫𐑼	ˈɔːRdjʊəR	high	
ore	𐑪𐑮	or	𐑹	ɔːR	high	
oregano	𐑪𐑮𐑦𐑜𐑸𐑯𐑴	ɒrɪɡɑːRnəʊ	𐑪𐑮𐑦𐑜𐑭𐑯𐑴	ˌɒrɪˈɡɑːnəʊ	high	
oregano	𐑼𐑧𐑜𐑩𐑯𐑴	əreɡənəʊ	𐑪𐑮𐑦𐑜𐑭𐑯𐑴	ˌɒrɪˈɡɑːnəʊ	high	
oregon	𐑹𐑦𐑜𐑩𐑯	ˈɔːRɪɡən	𐑪𐑮𐑦𐑜𐑩𐑯	ˈɒrɪɡən	high	
oregon	𐑹𐑦𐑜𐑪𐑯	ˈɔːRɪɡɒn	𐑪𐑮𐑦𐑜𐑩𐑯	ˈɒrɪɡən	high	
oregon	𐑹𐑩𐑜𐑦𐑯	ˈɔːRəɡɪn	𐑪𐑮𐑦𐑜𐑩𐑯	ˈɒrɪɡən	high	
organisation	𐑹𐑜𐑩𐑯𐑦𐑟𐑱𐑖𐑩𐑯	ˌɔːRɡənɪˈzeɪʃən	𐑹𐑜𐑩𐑯𐑲𐑟𐑱𐑖𐑩𐑯	ˌɔːRɡənaɪˈzeɪʃən	high	
organization	𐑹𐑜𐑩𐑯𐑦𐑟𐑱𐑖𐑩𐑯	ˌɔːRɡənɪˈzeɪʃən	𐑹𐑜𐑩𐑯𐑲𐑟𐑱𐑖𐑩𐑯	ˌɔːRɡənaɪˈzeɪʃən	high	
organizations	𐑹𐑜𐑩𐑯𐑦𐑟𐑱𐑖𐑩𐑯𐑟	ˌɔːRɡənɪˈzeɪʃənz	𐑹𐑜𐑩𐑯𐑲𐑟𐑱𐑖𐑩𐑯𐑟	ˌɔːRɡənaɪˈzeɪʃənz	high	
orgasm	𐑪𐑮𐑜𐑨𐑟𐑩𐑥	ˈorɡæzəm	𐑹𐑜𐑨𐑟𐑩𐑥	ˈɔːRɡæzəm	high	
orient	𐑪𐑮𐑦𐑧𐑯𐑑	ɒrɪent	𐑹𐑾𐑯𐑑	ˈɔːrɪənt	medium	ml_disagrees:𐑪𐑮𐑾𐑯𐑑; shave_says:𐑹𐑾𐑯𐑑
orient	𐑪𐑮𐑾𐑯𐑑	ɒrɪənt	𐑹𐑾𐑯𐑑	ˈɔːrɪənt	high	
orient	𐑹𐑦𐑧𐑯𐑑	ˈɔːRiˌent	𐑹𐑾𐑯𐑑	ˈɔːrɪənt	high	
orient	𐑹𐑦𐑩𐑯𐑑	ˈɔːRiənt	𐑹𐑾𐑯𐑑	ˈɔːrɪənt	high	
oriental	𐑪𐑮𐑦𐑧𐑯𐑑𐑩𐑤	ɒrientəl	𐑹𐑦𐑧𐑯𐑑𐑩𐑤	ˌɔːrɪˈentəl	high	
orientate	𐑪𐑮𐑦𐑩𐑯𐑑𐑱𐑑	ɒriənteɪt	𐑹𐑾𐑯𐑑𐑱𐑑	ˈɔːrɪənteɪt	high	
orientation	𐑹𐑦𐑧𐑯𐑑𐑱𐑖𐑩𐑯	ˌɔːRienˈteɪʃən	𐑹𐑾𐑯𐑑𐑱𐑖𐑩𐑯	ˌɔːrɪənˈteɪʃən	high	
orifice	𐑹𐑩𐑓𐑦𐑕	ˈɔːRəfɪs	𐑪𐑮𐑦𐑓𐑦𐑕	ˈɒrɪfɪs	high	
origami	𐑪𐑮𐑦𐑜𐑸𐑥𐑦	ɒrɪɡɑːRmɪ	𐑪𐑮𐑦𐑜𐑭𐑥𐑦	ɒrɪˈɡɑːmi	high	
origami	𐑹𐑩𐑜𐑪𐑥𐑦	ˌɔːRəˈɡɒmi	𐑪𐑮𐑦𐑜𐑭𐑥𐑦	ɒrɪˈɡɑːmi	high	
origin	𐑪𐑮𐑡𐑦𐑯	ˈordʒɪn	𐑪𐑮𐑦𐑡𐑦𐑯	ˈɒrɪdʒɪn	high	
origin	𐑪𐑮𐑩𐑡𐑦𐑯	ˈorədʒɪn	𐑪𐑮𐑦𐑡𐑦𐑯	ˈɒrɪdʒɪn	high	
origin	𐑪𐑮𐑩𐑡𐑩𐑯	ɒrədʒən	𐑪𐑮𐑦𐑡𐑦𐑯	ˈɒrɪdʒɪn	high	
originator	𐑹𐑦𐑡𐑦𐑯𐑱𐑑𐑼	ɔːˈrɪdʒɪneɪtəR	𐑼𐑦𐑡𐑦𐑯𐑱𐑑𐑼	əˈrɪdʒɪneɪtəR	high	
oriole	𐑹𐑰𐑴𐑤	ɔːriːəʊl	𐑹𐑦𐑴𐑤	ˈɔːriəʊl	high	
orison	𐑪𐑮𐑦𐑕𐑩𐑯	ɒrɪsən	𐑪𐑮𐑦𐑟𐑩𐑯	ˈɒrɪzən	high	
orleans	𐑹𐑤𐑦𐑩𐑯𐑟	ˈɔːRliənz	𐑹𐑤𐑾𐑯𐑟	ɔːRˈlɪənz	high	
orleans	𐑹𐑤𐑦𐑭𐑯	ˌɔːRliˈɑːn	𐑹𐑤𐑾𐑯𐑟	ɔːRˈlɪənz	high	
orleans	𐑹𐑤𐑰𐑩𐑯𐑟	ɔːRliːənz	𐑹𐑤𐑾𐑯𐑟	ɔːRˈlɪənz	high	
orleans	𐑹𐑤𐑰𐑯𐑟	ˈɔːRliːnz	𐑹𐑤𐑾𐑯𐑟	ɔːRˈlɪənz	high	
orleans	𐑹𐑤𐑱𐑩𐑯𐑟	ɔːrˈleɪənz	𐑹𐑤𐑾𐑯𐑟	ɔːRˈlɪənz	high	
ormolu	𐑹𐑥𐑩𐑤𐑫	ˈɔːRməˌlu	𐑹𐑥𐑩𐑤𐑵	ˈɔːRməluː	high	
ornery	𐑷𐑯𐑮𐑦	ˈɔːnri	𐑹𐑯𐑼𐑦	ˈɔːRnəri	medium	r_gap:spelling=2,ipa=1
ornery	𐑹𐑯𐑮𐑦	ɔːRnri	𐑹𐑯𐑼𐑦	ˈɔːRnəri	high	
orotund	𐑪𐑮𐑴𐑑𐑳𐑯𐑛	ɒrəʊtʌnd	𐑹𐑴𐑑𐑳𐑯𐑛	ˈɔːrəʊtʌnd	high	
orotund	𐑹-	ɔːR-	𐑹𐑴𐑑𐑳𐑯𐑛	ˈɔːrəʊtʌnd	high	
orthodoxy	𐑹𐑔𐑩𐑛𐑭𐑒𐑕𐑦	ˈɔːrθədɑːksi	𐑹𐑔𐑩𐑛𐑪𐑒𐑕𐑦	ˈɔːRθədɒksi	high	
orthopedic	𐑹𐑔𐑩𐑐𐑦𐑛𐑦𐑒	ˈɔːRθəpidɪk	𐑹𐑔𐑩𐑐𐑰𐑛𐑦𐑒	ˌɔːRθəˈpiːdɪk	high	
orthopedics	𐑹𐑔𐑩𐑐𐑦𐑛𐑦𐑒𐑕	ˌɔːRθəˈpidɪks	𐑹𐑔𐑩𐑐𐑰𐑛𐑦𐑒𐑕	ˌɔːRθəˈpiːdɪks	high	
ortolan	𐑹𐑑𐑩𐑤𐑨𐑯	ɔːRtəlæn	𐑹𐑑𐑩𐑤𐑩𐑯	ˈɔːRtələn	high	
orwell	𐑪𐑮𐑢𐑧𐑤	ˈorwel	𐑹𐑢𐑧𐑤	ˈɔːRwel	high	
osaka	𐑴𐑕𐑨𐑒𐑩	əʊˈsækə	𐑴𐑕𐑭𐑒𐑩	əʊˈsɑːkə	high	
oscilloscope	𐑩𐑕𐑦𐑤𐑦𐑕𐑒𐑴𐑐	əˈsɪlɪskəʊp	𐑩𐑕𐑦𐑤𐑩𐑕𐑒𐑴𐑐	əˈsɪləskəʊp	high	
oscilloscope	𐑪𐑕𐑦𐑤𐑦𐑕𐑒𐑴𐑐	ˈɒˌsɪlɪskəʊp	𐑩𐑕𐑦𐑤𐑩𐑕𐑒𐑴𐑐	əˈsɪləskəʊp	high	
osier	𐑴𐑠𐑼	əʊʒəR	𐑴𐑟𐑽	ˈəʊzɪəR	high	
oslo	𐑪𐑕𐑤𐑴	ˈɒsloʊ	𐑪𐑟𐑤𐑴	ˈɒzləʊ	high	
osprey	𐑪𐑕𐑐𐑮𐑱	ɒspreɪ	𐑪𐑕𐑐𐑮𐑦	ˈɒspri	high	
ossett	𐑪𐑕𐑦𐑑	ˈɒsɪt	𐑪𐑕𐑩𐑑	ˈɒsIt	high	
ossification	𐑪𐑕𐑩𐑓𐑩𐑒𐑱𐑖𐑩𐑯	ˌɒsəfəˈkeɪʃən	𐑪𐑕𐑦𐑓𐑦𐑒𐑱𐑖𐑩𐑯	ˌɒsɪfɪˈkeɪʃən	high	
ossify	𐑪𐑕𐑩𐑓𐑲	ˈɒsəfaɪ	𐑪𐑕𐑦𐑓𐑲	ˈɒsɪfaɪ	high	
ostensible	𐑪𐑕𐑑𐑧𐑯𐑕𐑦𐑚𐑩𐑤	ɒˈstensɪbəl	𐑪𐑕𐑑𐑧𐑯𐑕𐑩𐑚𐑩𐑤	ɒˈstensəbəl	high	
ostensibly	𐑩𐑕𐑑𐑧𐑯𐑕𐑩𐑚𐑤𐑦	əˈstensəbli	𐑪𐑕𐑑𐑧𐑯𐑕𐑩𐑚𐑤𐑦	ɒˈstensəbli	high	
ostensibly	𐑷𐑕𐑑𐑧𐑯𐑕𐑩𐑚𐑤𐑦	ɔːˈstensəbli	𐑪𐑕𐑑𐑧𐑯𐑕𐑩𐑚𐑤𐑦	ɒˈstensəbli	high	
ostentatious	𐑪𐑕𐑑𐑩𐑯𐑑𐑱𐑖𐑩𐑕	ˌɒstənˈteɪʃəs	𐑪𐑕𐑑𐑧𐑯𐑑𐑱𐑖𐑩𐑕	ˌɒstenˈteɪʃəs	high	
ostler	𐑭𐑕𐑤𐑼	ˈɑːsləR	𐑪𐑕𐑤𐑼	ˈɒsləR	high	
ostrich	𐑪𐑕𐑑𐑮𐑦𐑡	ɒstrɪdʒ	𐑪𐑕𐑑𐑮𐑦𐑗	ˈɒstrɪtʃ	high	
ostrich	𐑷𐑕𐑑𐑮𐑦𐑗	ˈɔːstrɪtʃ	𐑪𐑕𐑑𐑮𐑦𐑗	ˈɒstrɪtʃ	high	
ostrich	𐑷𐑕𐑑𐑮𐑦𐑡	ˈɔːstrɪdʒ	𐑪𐑕𐑑𐑮𐑦𐑗	ˈɒstrɪtʃ	high	
otago	𐑩𐑑𐑪𐑜𐑴	əˈtɒɡoʊ	𐑴𐑑𐑭𐑜𐑴	əʊˈtɑːɡəʊ	high	
otago	𐑩𐑑𐑭𐑜𐑴	əˈtɑːɡəʊ	𐑴𐑑𐑭𐑜𐑴	əʊˈtɑːɡəʊ	high	
othello	𐑩𐑔𐑧𐑤𐑴	əˈθeləʊ	𐑴𐑔𐑧𐑤𐑴	eʊˈθeləʊ	high	
otherwise	𐑳𐑞𐑩𐑢𐑲𐑟	ʌðəwaɪz	𐑳𐑞𐑼𐑢𐑲𐑟	ˈʌðəRwaɪz	medium	r_gap:spelling=1,ipa=0; shave_says:𐑳𐑞𐑼𐑢𐑲𐑟
otherworldly	𐑳𐑞𐑩𐑢𐑻𐑤𐑛𐑤𐑦	ʌðəwɜːRldli	𐑳𐑞𐑼𐑢𐑻𐑤𐑛𐑤𐑦	ˌʌðəRˈwɜːRldli	medium	r_gap:spelling=2,ipa=1; shave_says:𐑳𐑞𐑼𐑢𐑻𐑤𐑛𐑤𐑦
ottawa	𐑪𐑑𐑩𐑢𐑪	ˈɒtəˌwɒ	𐑪𐑑𐑩𐑢𐑩	ˈɒtəwə	high	
oughtn't	𐑪𐑑𐑩𐑯𐑑	ˈɒtənt	𐑷𐑑𐑩𐑯𐑑	ˈɔːtənt	high	
oughtn't	𐑷𐑯𐑑	ɔːnt	𐑷𐑑𐑩𐑯𐑑	ˈɔːtənt	high	
our	𐑨𐑢𐑻	æwɜːR	𐑬𐑼	ˈaʊəR	high	
our	𐑸	ɑːr	𐑬𐑼	ˈaʊəR	high	
ours	𐑸𐑟	ɑːRz	𐑬𐑼𐑟	ˈaʊəRz	high	
ourselves	𐑸𐑕𐑧𐑤𐑝𐑟	ɑːRselvz	𐑬𐑼𐑕𐑧𐑤𐑝𐑟	aʊəRˈselvz	high	
outage	𐑬𐑑𐑩𐑡	ˈaʊtədʒ	𐑬𐑑𐑦𐑡	ˈaʊtɪdʒ	high	
outdo	𐑬𐑑𐑛𐑫	aʊtˈdu	𐑬𐑑𐑛𐑵	aʊtˈduː	high	
outfield	𐑬𐑑𐑓𐑦𐑤𐑛	ˈaʊtfild	𐑬𐑑𐑓𐑰𐑤𐑛	ˈaʊtfiːld	high	
outgrow	𐑪𐑫𐑑𐑜𐑮𐑴	ˌɒʊtˈɡroʊ	𐑬𐑑𐑜𐑮𐑴	ˌaʊtˈɡrəʊ	high	
outlandish	-𐑤𐑺𐑯-	-ˈleən-	𐑬𐑑𐑤𐑨𐑯𐑛𐑦𐑖	aʊtˈlændɪʃ	high	
outlandish	𐑬𐑑-	ˌaʊt-	𐑬𐑑𐑤𐑨𐑯𐑛𐑦𐑖	aʊtˈlændɪʃ	high	
outlawry	𐑬𐑑𐑤𐑹𐑦	aʊtlɔːri	𐑬𐑑𐑤𐑷𐑮𐑦	ˈaʊtlɔː+ri	high	
outshone	𐑬𐑗𐑪𐑯	aʊtˈʃɒn	𐑬𐑑𐑖𐑪𐑯	ˌaʊt+ˈʃɒn	high	
outshone	𐑬𐑗𐑴𐑯	aʊtˈʃoʊn	𐑬𐑑𐑖𐑪𐑯	ˌaʊt+ˈʃɒn	high	
outstrip	𐑳𐑫𐑑𐑕𐑑𐑮𐑦𐑐	ˌʌʊtˈstrɪp	𐑬𐑑𐑕𐑑𐑮𐑦𐑐	ˌaʊtˈstrɪp	high	
outward	𐑬𐑑𐑢𐑹𐑛	aʊtˈwɔːRd	𐑬𐑑𐑢𐑼𐑛	ˈaʊtwəRd	high	
outwardly	𐑬𐑑𐑢𐑩𐑛𐑤𐑦	aʊtwədli	𐑬𐑑𐑢𐑼𐑛𐑤𐑦	ˈaʊtwəRdli	medium	r_gap:spelling=1,ipa=0; shave_says:𐑬𐑑𐑢𐑼𐑛𐑤𐑦
ouzo	𐑫𐑟𐑴	ˈuzoʊ	𐑵𐑟𐑴	ˈuːzəʊ	high	
over-	𐑴𐑝𐑩	əʊvə	𐑴𐑝𐑼-	ˈˌəʊvəR-	medium	r_gap:spelling=1,ipa=0; shave_says:𐑴𐑝𐑼-
over-	𐑴𐑝𐑼	ˈoʊvər	𐑴𐑝𐑼-	ˈˌəʊvəR-	high	
overarching	𐑴𐑝𐑼𐑸𐑒𐑦𐑙	ˌoʊvərˈɑːRkɪŋ	𐑴𐑝𐑼𐑸𐑗𐑦𐑙	ˌəʊvəˈrɑːRtʃɪŋ	high	
overawe	𐑴𐑝𐑼𐑪	oʊvəRˈɒ	𐑴𐑝𐑼𐑷	ˌəʊvəˈrɔː	high	
overbear	𐑴𐑝𐑩𐑚𐑻	əʊvəbɜːR	𐑴𐑝𐑼𐑚𐑺	ˌəʊvəRˈbeəR	medium	r_gap:spelling=2,ipa=1; shave_says:𐑴𐑝𐑼𐑚𐑺
overburden	𐑴𐑝𐑩𐑚𐑻𐑛𐑩𐑯	əʊvəbɜːRdən	𐑴𐑝𐑼𐑚𐑻𐑛𐑩𐑯	ˌəʊvəRˈbɜːRdən	medium	r_gap:spelling=2,ipa=1; shave_says:𐑴𐑝𐑼𐑚𐑻𐑛𐑩𐑯
overcame	𐑴𐑝𐑩𐑒𐑱𐑥	əʊvəkeɪm	𐑴𐑝𐑼𐑒𐑱𐑥	ˌəʊvəRˈkeɪm	medium	r_gap:spelling=1,ipa=0; shave_says:𐑴𐑝𐑼𐑒𐑱𐑥
overcast	𐑴𐑝𐑩𐑒𐑭𐑕𐑑	əʊvəkɑːst	𐑴𐑝𐑼𐑒𐑨𐑕𐑑, 𐑴𐑝𐑼𐑒𐑭𐑕𐑑	ˌəʊvəRˈkⱭːst	medium	r_gap:spelling=1,ipa=0; shave_says:𐑴𐑝𐑼𐑒𐑭𐑕𐑑
overcoat	𐑴𐑝𐑩𐑒𐑴𐑑	əʊvəkəʊt	𐑴𐑝𐑼𐑒𐑴𐑑	ˈəʊvəRkəʊt	medium	r_gap:spelling=1,ipa=0; shave_says:𐑴𐑝𐑼𐑒𐑴𐑑
overcome	𐑴𐑝𐑩𐑒𐑳𐑥	əʊvəkʌm	𐑴𐑝𐑼𐑒𐑳𐑥	ˌəʊvəRˈkʌm	medium	r_gap:spelling=1,ipa=0; shave_says:𐑴𐑝𐑼𐑒𐑳𐑥
overconfidence	-𐑛𐑦𐑯𐑑𐑕	-dɪnts	𐑴𐑝𐑼𐑒𐑪𐑯𐑓𐑦𐑛𐑩𐑯𐑕	ˌəʊvəRˈkɒnfɪdəns	medium	r_gap:spelling=1,ipa=0
overconfidence	𐑪𐑝𐑼-	ovəR-	𐑴𐑝𐑼𐑒𐑪𐑯𐑓𐑦𐑛𐑩𐑯𐑕	ˌəʊvəRˈkɒnfɪdəns	high	
overconfidence	𐑴𐑝𐑼𐑒𐑪𐑯𐑓𐑦𐑛𐑩𐑯𐑑𐑕	oʊvəRˈkɒnfɪdənts	𐑴𐑝𐑼𐑒𐑪𐑯𐑓𐑦𐑛𐑩𐑯𐑕	ˌəʊvəRˈkɒnfɪdəns	high	
overdid	𐑴𐑝𐑩𐑛𐑩𐑛	əʊvədƏd	𐑴𐑝𐑼𐑛𐑦𐑛	ˌəʊvəRˈdɪd	medium	r_gap:spelling=1,ipa=0; shave_says:𐑴𐑝𐑼𐑛𐑦𐑛
overdid	𐑴𐑝𐑼𐑛𐑩𐑛	ˌoʊvəRˈdƏd	𐑴𐑝𐑼𐑛𐑦𐑛	ˌəʊvəRˈdɪd	high	
overdo	𐑴𐑝𐑩𐑛𐑵	əʊvəduː	𐑴𐑝𐑼𐑛𐑵	ˌəʊvəRˈduː	medium	r_gap:spelling=1,ipa=0; shave_says:𐑴𐑝𐑼𐑛𐑵
overdo	𐑴𐑝𐑼𐑛𐑫	ˌoʊvəRˈdu	𐑴𐑝𐑼𐑛𐑵	ˌəʊvəRˈduː	high	
overdone	𐑴𐑝𐑩𐑛𐑳𐑯	əʊvədʌn	𐑴𐑝𐑼𐑛𐑳𐑯	ˌəʊvəRˈdʌn	medium	r_gap:spelling=1,ipa=0; shave_says:𐑴𐑝𐑼𐑛𐑳𐑯
overdraft	𐑴𐑝𐑩𐑛𐑮𐑭𐑓𐑑	əʊvədrɑːft	𐑴𐑝𐑼𐑛𐑮𐑨𐑓𐑑, 𐑴𐑝𐑼𐑛𐑮𐑭𐑓𐑑	ˈəʊvəRdrⱭːft	medium	r_gap:spelling=2,ipa=1; shave_says:𐑴𐑝𐑼𐑛𐑮𐑭𐑓𐑑
overdrew	𐑴𐑝𐑼𐑛𐑮𐑫	oʊvəRdru	𐑴𐑝𐑼𐑛𐑮𐑵	ˌəʊvəRˈdruː	high	
overdue	𐑴𐑝𐑩𐑛𐑘𐑫	əʊvədju	𐑴𐑝𐑼𐑛𐑵, 𐑴𐑝𐑼𐑛𐑿	ˌəʊvəRˈdjuː	medium	r_gap:spelling=1,ipa=0; shave_says:𐑴𐑝𐑼𐑛𐑿
overdue	𐑴𐑝𐑼𐑛𐑫	ˌoʊvərˈdu	𐑴𐑝𐑼𐑛𐑵, 𐑴𐑝𐑼𐑛𐑿	ˌəʊvəRˈdjuː	high	
overeat	𐑴𐑝𐑼𐑦𐑑	ˌoʊvəRˈit	𐑴𐑝𐑼𐑰𐑑	ˌəʊvəˈriːt	high	
overeaten	𐑴𐑝𐑼𐑦𐑑𐑩𐑯	oʊvəRitən	𐑴𐑝𐑼𐑰𐑑𐑩𐑯	ˌəʊvəˈriːtən	high	
overflowing	𐑪𐑝𐑼-	ˌovəR-	𐑴𐑝𐑼𐑓𐑤𐑴𐑦𐑙	ˌəʊvəRˈfləʊɪŋ	high	
overhang	𐑴𐑝𐑩𐑣𐑨𐑙	əʊvəhaŋ	𐑴𐑝𐑼𐑣𐑨𐑙	ˈəʊvəRhæŋ	medium	r_gap:spelling=1,ipa=0; shave_says:𐑴𐑝𐑼𐑣𐑨𐑙
overheard	𐑴𐑝𐑩𐑣𐑻𐑛	əʊvəhɜːRd	𐑴𐑝𐑼𐑣𐑻𐑛	ˌəʊvəRˈhɜːRd	medium	r_gap:spelling=2,ipa=1; shave_says:𐑴𐑝𐑼𐑣𐑻𐑛
overheat	𐑴𐑝𐑩𐑣𐑰𐑑	əʊvəhiːt	𐑴𐑝𐑼𐑣𐑰𐑑	ˌəʊvəRˈhiːt	medium	r_gap:spelling=1,ipa=0; shave_says:𐑴𐑝𐑼𐑣𐑰𐑑
overheat	𐑴𐑝𐑼𐑣𐑦𐑑	ˌoʊvəRˈhit	𐑴𐑝𐑼𐑣𐑰𐑑	ˌəʊvəRˈhiːt	high	
overjoyed	𐑴𐑝𐑩𐑡𐑶𐑛	əʊvədʒɔɪd	𐑴𐑝𐑼𐑡𐑶𐑛	ˌəʊvəRˈdʒɔɪd	medium	r_gap:spelling=1,ipa=0; shave_says:𐑴𐑝𐑼𐑡𐑶𐑛
overkill	𐑴𐑝𐑩𐑒𐑦𐑤	əʊvəkɪl	𐑴𐑝𐑼𐑒𐑦𐑤	ˈəʊvəRkɪl	medium	r_gap:spelling=1,ipa=0; shave_says:𐑴𐑝𐑼𐑒𐑦𐑤
overlarge	𐑴𐑝𐑩𐑤𐑸𐑡	əʊvəlɑːRdʒ	𐑴𐑝𐑼𐑤𐑸𐑡	ˌəʊvəRˈlɑːRdʒ	medium	r_gap:spelling=2,ipa=1; shave_says:𐑴𐑝𐑼𐑤𐑸𐑡
overlay	𐑴𐑝𐑩𐑤𐑱	əʊvəleɪ	𐑴𐑝𐑼𐑤𐑱	ˈəʊvəRleɪ	medium	r_gap:spelling=1,ipa=0; shave_says:𐑴𐑝𐑼𐑤𐑱
overleap	𐑴𐑝𐑩𐑤𐑰𐑐	əʊvəliːp	𐑴𐑝𐑼𐑤𐑰𐑐	ˌəʊvəRˈliːp	medium	r_gap:spelling=1,ipa=0; shave_says:𐑴𐑝𐑼𐑤𐑰𐑐
overload	𐑴𐑝𐑩𐑤𐑴𐑛	əʊvələʊd	𐑴𐑝𐑼𐑤𐑴𐑛	ˌəʊvəRˈləʊd	medium	r_gap:spelling=1,ipa=0; shave_says:𐑴𐑝𐑼𐑤𐑴𐑛
overlook	𐑴𐑝𐑩𐑤𐑫𐑒	əʊvəlʊk	𐑴𐑝𐑼𐑤𐑫𐑒	ˌəʊvəRˈlʊk	medium	r_gap:spelling=1,ipa=0; shave_says:𐑴𐑝𐑼𐑤𐑫𐑒
overmastering	𐑴𐑝𐑩𐑥𐑭𐑕𐑑𐑼𐑦𐑙	əʊvəmɑːstərɪŋ	𐑴𐑝𐑼𐑥𐑨𐑕𐑑𐑼𐑦𐑙, 𐑴𐑝𐑼𐑥𐑭𐑕𐑑𐑼𐑦𐑙	ˌəʊvəRˈmⱭːstərɪŋ	medium	r_gap:spelling=2,ipa=1; shave_says:𐑴𐑝𐑼𐑥𐑭𐑕𐑑𐑼𐑦𐑙
overplus	𐑴𐑝𐑩𐑐𐑤𐑳𐑕	əʊvəplʌs	𐑴𐑝𐑼𐑐𐑤𐑳𐑕	ˈəʊvəRplʌs	medium	r_gap:spelling=1,ipa=0; shave_says:𐑴𐑝𐑼𐑐𐑤𐑳𐑕
overpopulation	𐑴𐑝𐑩𐑐𐑪𐑐𐑘𐑩𐑤𐑱𐑖𐑩𐑯	əʊvəpɒpjəleɪʃən	𐑴𐑝𐑼𐑐𐑪𐑐𐑘𐑩𐑤𐑱𐑖𐑩𐑯	ˌəʊvəRˌpɒpjəˈleɪʃən	medium	r_gap:spelling=1,ipa=0; shave_says:𐑴𐑝𐑼𐑐𐑪𐑐𐑿𐑤𐑱𐑖𐑩𐑯
overpopulation	𐑴𐑝𐑼-	ˈoʊvəR-	𐑴𐑝𐑼𐑐𐑪𐑐𐑘𐑩𐑤𐑱𐑖𐑩𐑯	ˌəʊvəRˌpɒpjəˈleɪʃən	high	
overpower	𐑴𐑝𐑩𐑐𐑬𐑼	əʊvəpaʊəR	𐑴𐑝𐑼𐑐𐑬𐑼	ˌəʊvəRˈpaʊəR	medium	r_gap:spelling=2,ipa=1; shave_says:𐑴𐑝𐑼𐑐𐑬𐑼
overran	𐑴𐑝𐑼𐑨𐑯	əʊvəræn	𐑴𐑝𐑼𐑮𐑨𐑯	ˌəʊvəRˈræn	medium	r_gap:spelling=2,ipa=1; shave_says:𐑴𐑝𐑼𐑮𐑨𐑯
overrated	𐑴𐑝𐑼𐑱𐑑𐑩𐑛	əʊvəreɪtƏd	𐑴𐑝𐑼𐑮𐑱𐑑𐑩𐑛	ˌəʊvəRˈreɪtƏd	medium	r_gap:spelling=2,ipa=1; shave_says:𐑴𐑝𐑼𐑮𐑱𐑑𐑩𐑛
overreach	𐑴𐑝𐑼𐑮𐑦𐑗	ˌoʊvərˈritʃ	𐑴𐑝𐑼𐑮𐑰𐑗	ˌəʊvəRˈriːtʃ	high	
overreach	𐑴𐑝𐑼𐑰𐑗	əʊvəriːtʃ	𐑴𐑝𐑼𐑮𐑰𐑗	ˌəʊvəRˈriːtʃ	medium	r_gap:spelling=2,ipa=1; shave_says:𐑴𐑝𐑼𐑮𐑰𐑗
overridden	𐑴𐑝𐑼𐑦𐑛𐑩𐑯	əʊvərɪdən	𐑴𐑝𐑼𐑮𐑦𐑛𐑩𐑯	ˌəʊvəRˈrɪdən	medium	r_gap:spelling=2,ipa=1; shave_says:𐑴𐑝𐑼𐑮𐑦𐑛𐑩𐑯
override	𐑴𐑝𐑼𐑲𐑛	əʊvəraɪd	𐑴𐑝𐑼𐑮𐑲𐑛	ˌəʊvəRˈraɪd	medium	r_gap:spelling=2,ipa=1; shave_says:𐑴𐑝𐑼𐑮𐑲𐑛
overrode	𐑴𐑝𐑼𐑴𐑛	əʊvərəʊd	𐑴𐑝𐑼𐑮𐑴𐑛	ˌəʊvəRˈrəʊd	medium	r_gap:spelling=2,ipa=1; shave_says:𐑴𐑝𐑼𐑮𐑴𐑛
overrule	𐑴𐑝𐑼𐑮𐑫𐑤	ˌoʊvəRˈrul	𐑴𐑝𐑼𐑮𐑵𐑤	ˌəʊvəRˈruːl	high	
overrule	𐑴𐑝𐑼𐑵𐑤	əʊvəruːl	𐑴𐑝𐑼𐑮𐑵𐑤	ˌəʊvəRˈruːl	medium	r_gap:spelling=2,ipa=1; shave_says:𐑴𐑝𐑼𐑮𐑵𐑤
overrun	𐑴𐑝𐑼𐑳𐑯	əʊvərʌn	𐑴𐑝𐑼𐑮𐑳𐑯	ˌəʊvəRˈrʌn	medium	r_gap:spelling=2,ipa=1; shave_says:𐑴𐑝𐑼𐑮𐑳𐑯
oversea	𐑴𐑝𐑩𐑕𐑰	əʊvəsiː	𐑴𐑝𐑼𐑕𐑰	ˌəʊvəRˈsiː	medium	r_gap:spelling=1,ipa=0; shave_says:𐑴𐑝𐑼𐑕𐑰
oversea	𐑴𐑝𐑼𐑕𐑦	ˌoʊvəRˈsi	𐑴𐑝𐑼𐑕𐑰	ˌəʊvəRˈsiː	high	
overseas	𐑴𐑝𐑩𐑕𐑰𐑟	əʊvəsiːz	𐑴𐑝𐑼𐑕𐑰𐑟	ˌəʊvəRˈsiːz	medium	r_gap:spelling=1,ipa=0; shave_says:𐑴𐑝𐑼𐑕𐑰𐑟
oversee	𐑴𐑝𐑩𐑕𐑰	əʊvəsiː	𐑴𐑝𐑼𐑕𐑰	ˌəʊvəRˈsiː	medium	r_gap:spelling=1,ipa=0; shave_says:𐑴𐑝𐑼𐑕𐑰
oversee	𐑴𐑝𐑼𐑕𐑦	ˌoʊvəRˈsi	𐑴𐑝𐑼𐑕𐑰	ˌəʊvəRˈsiː	high	
overseen	𐑴𐑝𐑼𐑕𐑦𐑯	oʊvəRsin	𐑴𐑝𐑼𐑕𐑰𐑯	ˌəʊvəRˈsiːn	high	
oversees	𐑴𐑝𐑩𐑕𐑰𐑟	əʊvəsiːz	𐑴𐑝𐑼𐑕𐑰𐑟	ˌəʊvəRˈsiːz	medium	r_gap:spelling=1,ipa=0; shave_says:𐑴𐑝𐑼𐑕𐑰𐑟
oversees	𐑴𐑝𐑼𐑕𐑦𐑟	ˌoʊvəRˈsiz	𐑴𐑝𐑼𐑕𐑰𐑟	ˌəʊvəRˈsiːz	high	
overset	𐑴𐑝𐑩𐑕𐑧𐑑	əʊvəset	𐑴𐑝𐑼𐑕𐑧𐑑	ˌəʊvəRˈset	medium	r_gap:spelling=1,ipa=0; shave_says:𐑴𐑝𐑼𐑕𐑧𐑑
overshadow	𐑴𐑝𐑩𐑖𐑨𐑛𐑴	əʊvəʃædəʊ	𐑴𐑝𐑼𐑖𐑨𐑛𐑴	ˌəʊvəRˈʃædəʊ	medium	r_gap:spelling=1,ipa=0; shave_says:𐑴𐑝𐑼𐑖𐑨𐑛𐑴
overshoot	𐑴𐑝𐑩𐑖𐑵𐑑	əʊvəʃuːt	𐑴𐑝𐑼𐑖𐑵𐑑	ˌəʊvəRˈʃuːt	medium	r_gap:spelling=1,ipa=0; shave_says:𐑴𐑝𐑼𐑖𐑵𐑑
overshoot	𐑴𐑝𐑼𐑖𐑫𐑑	ˈoʊvəRˌʃut	𐑴𐑝𐑼𐑖𐑵𐑑	ˌəʊvəRˈʃuːt	high	
overshot	𐑴𐑝𐑩𐑖𐑪𐑑	əʊvəʃɒt	𐑴𐑝𐑼𐑖𐑪𐑑	ˌəʊvəRˈʃɒt	medium	r_gap:spelling=1,ipa=0; shave_says:𐑴𐑝𐑼𐑖𐑪𐑑
oversight	𐑴𐑝𐑩𐑕𐑲𐑑	əʊvəsaɪt	𐑴𐑝𐑼𐑕𐑲𐑑	ˈəʊvəRsaɪt	medium	r_gap:spelling=1,ipa=0; shave_says:𐑴𐑝𐑼𐑕𐑲𐑑
oversleep	𐑴𐑝𐑩𐑕𐑤𐑰𐑐	əʊvəsliːp	𐑴𐑝𐑼𐑕𐑤𐑰𐑐	ˌəʊvəRˈsliːp	medium	r_gap:spelling=1,ipa=0; shave_says:𐑴𐑝𐑼𐑕𐑤𐑰𐑐
oversleep	𐑴𐑝𐑼𐑕𐑤𐑦𐑐	oʊvərˈslip	𐑴𐑝𐑼𐑕𐑤𐑰𐑐	ˌəʊvəRˈsliːp	high	
overslept	𐑴𐑝𐑩𐑕𐑤𐑧𐑐𐑑	əʊvəslept	𐑴𐑝𐑼𐑕𐑤𐑧𐑐𐑑	ˌəʊvəRˈslept	medium	r_gap:spelling=1,ipa=0; shave_says:𐑴𐑝𐑼𐑕𐑤𐑧𐑐𐑑
overspread	𐑴𐑝𐑩𐑕𐑐𐑮𐑧𐑛	əʊvəspred	𐑴𐑝𐑼𐑕𐑐𐑮𐑧𐑛	ˌəʊvəRˈspred	medium	r_gap:spelling=2,ipa=1; shave_says:𐑴𐑝𐑼𐑕𐑐𐑮𐑧𐑛
overstate	𐑴𐑝𐑩𐑕𐑑𐑱𐑑	əʊvəsteɪt	𐑴𐑝𐑼𐑕𐑑𐑱𐑑	ˌəʊvəRˈsteɪt	medium	r_gap:spelling=1,ipa=0; shave_says:𐑴𐑝𐑼𐑕𐑑𐑱𐑑
overstated	𐑴𐑝𐑩𐑕𐑑𐑱𐑑𐑩𐑛	əʊvəsteɪtƏd	𐑴𐑝𐑼𐑕𐑑𐑱𐑑𐑩𐑛	ˌəʊvəRˈsteɪtƏd	medium	r_gap:spelling=1,ipa=0; shave_says:𐑴𐑝𐑼𐑕𐑑𐑱𐑑𐑩𐑛
overstep	𐑴𐑝𐑩𐑕𐑑𐑧𐑐	əʊvəstep	𐑴𐑝𐑼𐑕𐑑𐑧𐑐	ˌəʊvəRˈstep	medium	r_gap:spelling=1,ipa=0; shave_says:𐑴𐑝𐑼𐑕𐑑𐑧𐑐
overstuffed	𐑴𐑝𐑩𐑕𐑑𐑳𐑓𐑑	əʊvəstʌft	𐑴𐑝𐑼𐑕𐑑𐑳𐑓𐑑	ˌəʊvəRˈstʌft	medium	r_gap:spelling=1,ipa=0; shave_says:𐑴𐑝𐑼𐑕𐑑𐑳𐑓𐑑
overt	𐑴𐑝𐑼𐑑	oʊˈvəRt	𐑴𐑝𐑻𐑑	əʊˈvɜːRt	high	
overthrew	𐑴𐑝𐑼𐑔𐑮𐑫	oʊvəRθru	𐑴𐑝𐑼𐑔𐑮𐑵	ˌəʊvəRˈθruː	high	
overthrow	𐑴𐑝𐑩𐑔𐑮𐑴	əʊvəθrəʊ	𐑴𐑝𐑼𐑔𐑮𐑴	ˈəʊvəRθrəʊ	medium	r_gap:spelling=2,ipa=1; shave_says:𐑴𐑝𐑼𐑔𐑮𐑴
overtime	𐑴𐑝𐑩𐑑𐑲𐑥	əʊvətaɪm	𐑴𐑝𐑼𐑑𐑲𐑥	ˈəʊvəRtaɪm	medium	r_gap:spelling=1,ipa=0; shave_says:𐑴𐑝𐑼𐑑𐑲𐑥
overtone	𐑴𐑝𐑩𐑑𐑴𐑯	əʊvətəʊn	𐑴𐑝𐑼𐑑𐑴𐑯	ˈəʊvəRtəʊn	medium	r_gap:spelling=1,ipa=0; shave_says:𐑴𐑝𐑼𐑑𐑴𐑯
overtook	𐑴𐑝𐑩𐑑𐑫𐑒	əʊvətʊk	𐑴𐑝𐑼𐑑𐑫𐑒	ˌəʊvəRˈtʊk	medium	r_gap:spelling=1,ipa=0; shave_says:𐑴𐑝𐑼𐑑𐑫𐑒
overtopping	𐑴𐑝𐑩𐑑𐑪𐑐𐑦𐑙	əʊvətɒpɪŋ	𐑴𐑝𐑼𐑑𐑪𐑐𐑦𐑙	ˌəʊvəRˈtɒpɪŋ	medium	r_gap:spelling=1,ipa=0; shave_says:𐑴𐑝𐑼𐑑𐑪𐑐𐑦𐑙
overture	𐑴𐑝𐑩𐑑𐑘𐑩𐑼	əʊvətjəəR	𐑴𐑝𐑼𐑗𐑫𐑼	ˈəʊvəRtʃʊəR	low	ml_disagrees:𐑴𐑝𐑩𐑑𐑘ː𐑼; r_gap:spelling=2,ipa=1; shave_says:𐑴𐑝𐑼𐑗𐑫𐑼
overture	𐑴𐑝𐑩𐑗𐑫𐑼	əʊvətʃʊəR	𐑴𐑝𐑼𐑗𐑫𐑼	ˈəʊvəRtʃʊəR	medium	r_gap:spelling=2,ipa=1; shave_says:𐑴𐑝𐑼𐑗𐑫𐑼
overture	𐑴𐑝𐑼𐑗𐑼	ˈoʊvərtʃər	𐑴𐑝𐑼𐑗𐑫𐑼	ˈəʊvəRtʃʊəR	high	
overview	𐑴𐑝𐑩𐑝𐑿	əʊvəvjuː	𐑴𐑝𐑼𐑝𐑿	ˈəʊvəRvjuː	medium	r_gap:spelling=1,ipa=0; shave_says:𐑴𐑝𐑼𐑝𐑿
overweening	𐑴𐑝𐑩𐑢𐑰𐑯𐑦𐑙	əʊvəwiːnɪŋ	𐑴𐑝𐑼𐑢𐑰𐑯𐑦𐑙	ˌəʊvəRˈwiːnɪŋ	medium	r_gap:spelling=1,ipa=0; shave_says:𐑴𐑝𐑼𐑢𐑰𐑯𐑦𐑙
overweening	𐑴𐑝𐑼𐑢𐑦𐑯𐑦𐑙	oʊvəRˈwinɪŋ	𐑴𐑝𐑼𐑢𐑰𐑯𐑦𐑙	ˌəʊvəRˈwiːnɪŋ	high	
overweight	𐑴𐑝𐑩𐑢𐑱𐑑	əʊvəweɪt	𐑴𐑝𐑼𐑢𐑱𐑑	ˌəʊvəRˈweɪt	medium	r_gap:spelling=1,ipa=0; shave_says:𐑴𐑝𐑼𐑢𐑱𐑑
overwhelm	-𐑢𐑧𐑤𐑥	-ʍelm	𐑴𐑝𐑼𐑢𐑧𐑤𐑥	ˌəʊvəRˈʍelm	medium	r_gap:spelling=1,ipa=0; shave_says:𐑴𐑝𐑼𐑢𐑧𐑤𐑥
overwhelm	𐑴𐑝𐑩𐑢𐑧𐑤𐑥	əʊvəwelm	𐑴𐑝𐑼𐑢𐑧𐑤𐑥	ˌəʊvəRˈʍelm	medium	r_gap:spelling=1,ipa=0; shave_says:𐑴𐑝𐑼𐑢𐑧𐑤𐑥
overwhelmed	𐑴𐑝𐑩𐑢𐑧𐑤𐑥𐑛	əʊvəwelmd	𐑴𐑝𐑼𐑢𐑧𐑤𐑥𐑛	ˌəʊvəRˈʍelmd	medium	r_gap:spelling=1,ipa=0; shave_says:𐑴𐑝𐑼𐑢𐑧𐑤𐑥𐑛
overwhelmed	𐑴𐑝𐑼𐑣𐑢𐑧𐑤𐑥𐑛	ˌoʊvəRˈhwelmd	𐑴𐑝𐑼𐑢𐑧𐑤𐑥𐑛	ˌəʊvəRˈʍelmd	high	
overwhelming	𐑴𐑝𐑩𐑣𐑢𐑧𐑤𐑥𐑦𐑙	əʊvəhwelmɪŋ	𐑴𐑝𐑼𐑢𐑧𐑤𐑥𐑦𐑙	ˌəʊvəRˈʍelmɪŋ	medium	r_gap:spelling=1,ipa=0; shave_says:𐑴𐑝𐑼𐑢𐑧𐑤𐑥𐑦𐑙
overwhelming	𐑴𐑝𐑼𐑣𐑢𐑧𐑤𐑥𐑦𐑙	ˌoʊvəRˈhwelmɪŋ	𐑴𐑝𐑼𐑢𐑧𐑤𐑥𐑦𐑙	ˌəʊvəRˈʍelmɪŋ	high	
overwork	𐑴𐑝𐑩𐑢𐑻𐑒	əʊvəwɜːRk	𐑴𐑝𐑼𐑢𐑻𐑒	ˈəʊvəRwɜːRk	medium	r_gap:spelling=2,ipa=1; shave_says:𐑴𐑝𐑼𐑢𐑻𐑒
overwrought	𐑴𐑝𐑼𐑷𐑑	əʊvərɔːt	𐑴𐑝𐑼𐑮𐑷𐑑	ˌəʊvəRˈrɔːt	medium	r_gap:spelling=2,ipa=1; shave_says:𐑴𐑝𐑼𐑮𐑷𐑑
ownership	𐑴𐑯𐑩𐑖𐑦𐑐	əʊnəʃɪp	𐑴𐑯𐑼𐑖𐑦𐑐	ˈəʊnəRʃɪp	medium	r_gap:spelling=1,ipa=0; shave_says:𐑴𐑯𐑼𐑖𐑦𐑐
oxford	𐑹𐑒𐑕𐑓𐑼𐑛	ɔːRksfəRd	𐑪𐑒𐑕𐑓𐑼𐑛	ˈɒksfəRd	high	
oxfordshire	𐑪𐑒𐑕𐑓𐑩𐑛𐑖𐑼	ɒksfədʃər	𐑪𐑒𐑕𐑓𐑼𐑛𐑖𐑼	ˈɒksfəRdʃəR	medium	r_gap:spelling=2,ipa=1; shave_says:·𐑪𐑒𐑕𐑓𐑼𐑛𐑖𐑼
oxidization	𐑪𐑒𐑕𐑦𐑛𐑦𐑟𐑱𐑖𐑩𐑯	ˌɒksɪdɪˈzeɪʃən	𐑪𐑒𐑕𐑦𐑛𐑲𐑟𐑱𐑖𐑩𐑯	ˌɒksɪdaɪˈzeɪʃən	high	
oxidization	𐑪𐑒𐑕𐑲𐑛𐑦𐑟𐑱𐑖𐑩𐑯	ˌɒksaɪdɪˈzeɪʃən	𐑪𐑒𐑕𐑦𐑛𐑲𐑟𐑱𐑖𐑩𐑯	ˌɒksɪdaɪˈzeɪʃən	high	
oxonian	𐑪𐑒𐑕𐑴𐑯𐑦𐑩𐑯	ɒkˈsoʊniən	𐑪𐑒𐑕𐑴𐑯𐑾𐑯	ɒkˈsəʊnɪən	high	
oxygen	𐑪𐑒𐑕𐑩𐑡𐑩𐑯	ˈɒksədʒən	𐑪𐑒𐑕𐑦𐑡𐑩𐑯	ˈɒksɪdʒən	high	
oyez	𐑴𐑘𐑱	ˈəʊˌjeɪ	𐑴𐑘𐑧𐑟	əʊˈjez	high	
pace	𐑐𐑨𐑗𐑱	ˈpætʃeɪ	𐑐𐑱𐑕	peɪs	high	
pace	𐑐𐑭𐑗𐑱	ˈpɑːtʃeɪ	𐑐𐑱𐑕	peɪs	high	
pace	𐑐𐑱𐑕𐑰	ˈpeɪsiː	𐑐𐑱𐑕	peɪs	high	
pacify	𐑐𐑨𐑕𐑩𐑓𐑲	ˈpæsəfaɪ	𐑐𐑨𐑕𐑦𐑓𐑲	ˈpæsɪfaɪ	high	
packard	𐑐𐑨𐑒𐑼𐑛	ˈpækəRd	𐑐𐑨𐑒𐑸𐑛	ˈpækɑːRd	high	
packet	𐑐𐑨𐑒𐑦𐑑	ˈpækɪt	𐑐𐑨𐑒𐑩𐑑	ˈpækIt	high	
pad	𐑐𐑦𐑱𐑛𐑦	ˌpieɪˈdi	𐑐𐑨𐑛	pæd	high	
paean	𐑐𐑦𐑩𐑯	ˈpiən	𐑐𐑾𐑯	piːən	high	
paean	𐑐𐑰𐑩𐑯	ˈpiːən	𐑐𐑾𐑯	piːən	high	
painstaking	𐑐𐑱𐑯𐑕𐑑𐑱𐑒𐑦𐑙	ˈpeɪnˌsteɪkɪŋ	𐑐𐑱𐑯𐑟𐑑𐑱𐑒𐑦𐑙	ˈpeɪnzteɪkɪŋ	high	
painted	𐑐𐑱𐑯𐑩𐑛	ˈpeɪnƏd	𐑐𐑱𐑯𐑑𐑩𐑛	ˈpeɪntƏd	high	
painting	𐑐𐑱𐑯𐑦𐑙	ˈpeɪnɪŋ	𐑐𐑱𐑯𐑑𐑦𐑙	ˈpeɪntɪŋ	high	
paired	𐑐𐑧𐑮𐑛	perd	𐑐𐑺𐑛	peəRd	high	
pairs	𐑐𐑧𐑮𐑟	perz	𐑐𐑺𐑟	peəRz	high	
pakistan	𐑐𐑨𐑒𐑦𐑕𐑑𐑨𐑯	ˈpækɪˌstæn	𐑐𐑭𐑒𐑦𐑕𐑑𐑨𐑯, 𐑐𐑭𐑒𐑦𐑕𐑑𐑭𐑯	ˌpɑːkɪˈstⱭːn	high	
pakistan	𐑐𐑨𐑒𐑦𐑕𐑑𐑭𐑯	ˌpækɪˈstɑːn	𐑐𐑭𐑒𐑦𐑕𐑑𐑨𐑯, 𐑐𐑭𐑒𐑦𐑕𐑑𐑭𐑯	ˌpɑːkɪˈstⱭːn	high	
palatal	𐑐𐑩𐑤𐑱𐑑𐑩𐑤	pəˈleɪtəl	𐑐𐑨𐑤𐑩𐑑𐑩𐑤	ˈpælətəl	high	
paleolithic	𐑐𐑱𐑤𐑦𐑩𐑤𐑦𐑔𐑦𐑒	ˈpeɪliəˌlɪθɪk	𐑐𐑨𐑤𐑦𐑴𐑤𐑦𐑔𐑦𐑒	ˌpæliəʊˈlɪθɪk	high	
paleolithic	𐑐𐑱𐑤𐑦𐑴𐑤𐑦𐑔𐑦𐑒	ˈpeɪlioʊˌlɪθɪk	𐑐𐑨𐑤𐑦𐑴𐑤𐑦𐑔𐑦𐑒	ˌpæliəʊˈlɪθɪk	high	
paleolithic	𐑐𐑱𐑤𐑰𐑴𐑤𐑦𐑔𐑦𐑒	ˈpeɪliːəʊˌlɪθɪk	𐑐𐑨𐑤𐑦𐑴𐑤𐑦𐑔𐑦𐑒	ˌpæliəʊˈlɪθɪk	high	
paleontology	𐑐𐑨𐑤𐑦𐑩𐑯𐑑𐑪𐑤𐑩𐑡𐑦	ˌpæliənˈtɒlədʒi	𐑐𐑨𐑤𐑦𐑪𐑯𐑑𐑪𐑤𐑩𐑡𐑦	ˌpælɪɒnˈtɒlədʒi	high	
paleontology	𐑐𐑱𐑤𐑦𐑩𐑯𐑑𐑪𐑤𐑩𐑡𐑦	ˌpeɪliənˈtɒlədʒi	𐑐𐑨𐑤𐑦𐑪𐑯𐑑𐑪𐑤𐑩𐑡𐑦	ˌpælɪɒnˈtɒlədʒi	high	
palette	𐑐𐑨𐑤𐑦𐑑	ˈpælɪt	𐑐𐑨𐑤𐑩𐑑	ˈpælət	high	
palette	𐑐𐑩𐑤𐑧𐑑	pəˈlet	𐑐𐑨𐑤𐑩𐑑	ˈpælət	high	
pall	𐑐𐑪𐑤	pɒl	𐑐𐑷𐑤	pɔːl	high	
pallet	𐑐𐑨𐑤𐑦𐑑	ˈpælɪt	𐑐𐑨𐑤𐑩𐑑	ˈpælət	high	
palliative	𐑐𐑨𐑤𐑦𐑩𐑑𐑦𐑝	ˈpæliətɪv	𐑐𐑨𐑤𐑾𐑑𐑦𐑝	ˈpælɪətɪv	high	
palliative	𐑐𐑨𐑤𐑦𐑱𐑑𐑦𐑝	ˈpælieɪtɪv	𐑐𐑨𐑤𐑾𐑑𐑦𐑝	ˈpælɪətɪv	high	
palm	𐑐𐑨𐑥	pæm	𐑐𐑭𐑥	pɑːm	high	
palm	𐑐𐑪𐑤𐑥	pɒlm	𐑐𐑭𐑥	pɑːm	high	
palm	𐑐𐑪𐑥	pɒm	𐑐𐑭𐑥	pɑːm	high	
palm	𐑐𐑷𐑤𐑥	pɔːlm	𐑐𐑭𐑥	pɑːm	high	
palm	𐑐𐑷𐑥	pɔːm	𐑐𐑭𐑥	pɑːm	high	
palmer	𐑐𐑪𐑥𐑼	ˈpɒməR	𐑐𐑭𐑥𐑼	ˈpɑːməR	high	
palmistry	𐑐𐑪𐑤𐑥𐑩𐑕𐑑𐑮𐑦	ˈpɒlməstri	𐑐𐑭𐑥𐑦𐑕𐑑𐑮𐑦	ˈpɑːmɪstri	high	
palmistry	𐑐𐑭𐑥𐑩𐑕𐑑𐑮𐑦	pɑːməstri	𐑐𐑭𐑥𐑦𐑕𐑑𐑮𐑦	ˈpɑːmɪstri	high	
palmistry	𐑐𐑷𐑤𐑥𐑩𐑕𐑑𐑮𐑦	ˈpɔːlməstri	𐑐𐑭𐑥𐑦𐑕𐑑𐑮𐑦	ˈpɑːmɪstri	high	
palmy	𐑐𐑭𐑤𐑥𐑦	ˈpɑːlmi	𐑐𐑭𐑥𐑦	ˈpɑːmi	high	
palsy	𐑐𐑨𐑤𐑟𐑦	ˈpælzi	𐑐𐑷𐑤𐑟𐑦	ˈpɔːlzi	high	
palter	𐑐𐑪𐑤𐑑𐑼	pɒltəR	𐑐𐑷𐑤𐑑𐑼	ˈpɔːltəR	high	
paltry	𐑐𐑪𐑤𐑑𐑮𐑦	pɒltri	𐑐𐑷𐑤𐑑𐑮𐑦	ˈpɔːltri	high	
pamper	𐑐𐑺𐑥𐑐𐑼	ˈpeəmpəR	𐑐𐑨𐑥𐑐𐑼	ˈpæmpəR	high	
pamphlet	-𐑓𐑤𐑩𐑑	-flət	𐑐𐑨𐑥𐑓𐑤𐑩𐑑	ˈpæmflət	high	
pamphlet	𐑐𐑨𐑥𐑓𐑤𐑦𐑑	ˈpæmflɪt	𐑐𐑨𐑥𐑓𐑤𐑩𐑑	ˈpæmflət	high	
pamphlet	𐑐𐑨𐑯𐑓𐑤𐑦𐑑	ˈpænflɪt	𐑐𐑨𐑥𐑓𐑤𐑩𐑑	ˈpæmflət	high	
pamphlet	𐑐𐑨𐑯𐑓𐑤𐑩𐑑	ˈpænflət	𐑐𐑨𐑥𐑓𐑤𐑩𐑑	ˈpæmflət	high	
panama	𐑐𐑨𐑯𐑩𐑥𐑩	ˈpænəmə	𐑐𐑨𐑯𐑩𐑥𐑭	ˈpænəmɑː	high	
pancreas	𐑐𐑨𐑙𐑒𐑮𐑦𐑩𐑕	ˈpæŋkriəs	𐑐𐑨𐑙𐑒𐑮𐑾𐑕	ˈpæŋkrɪəs	high	
pancreas	𐑐𐑨𐑯-	ˈpæn-	𐑐𐑨𐑙𐑒𐑮𐑾𐑕	ˈpæŋkrɪəs	medium	r_gap:spelling=1,ipa=0
pancreas	𐑐𐑱𐑙-	ˈpeɪŋ-	𐑐𐑨𐑙𐑒𐑮𐑾𐑕	ˈpæŋkrɪəs	medium	r_gap:spelling=1,ipa=0
pancreas	𐑐𐑱𐑯-	ˈpeɪn-	𐑐𐑨𐑙𐑒𐑮𐑾𐑕	ˈpæŋkrɪəs	medium	r_gap:spelling=1,ipa=0
pancreatic	𐑐𐑨𐑯-	ˌpæn-	𐑐𐑨𐑙𐑒𐑮𐑦𐑨𐑑𐑦𐑒	ˌpæŋkrɪˈætɪk	medium	r_gap:spelling=1,ipa=0
pancreatic	𐑐𐑱𐑙-	ˌpeɪŋ-	𐑐𐑨𐑙𐑒𐑮𐑦𐑨𐑑𐑦𐑒	ˌpæŋkrɪˈætɪk	medium	r_gap:spelling=1,ipa=0
pancreatic	𐑐𐑱𐑯-	ˌpeɪn-	𐑐𐑨𐑙𐑒𐑮𐑦𐑨𐑑𐑦𐑒	ˌpæŋkrɪˈætɪk	medium	r_gap:spelling=1,ipa=0
panda	𐑐𐑨𐑯-	ˈpæn-	𐑐𐑨𐑯𐑛𐑩	ˈpændə	high	
panda	𐑐𐑪𐑯𐑛𐑩	ˈpɒndə	𐑐𐑨𐑯𐑛𐑩	ˈpændə	high	
panda	𐑐𐑳𐑯𐑛𐑩	ˈpʌndə	𐑐𐑨𐑯𐑛𐑩	ˈpændə	high	
pandemonium	𐑐𐑨𐑯𐑛𐑩𐑥𐑴𐑯𐑦𐑩𐑥	ˌpændəˈmoʊniəm	𐑐𐑨𐑯𐑛𐑦𐑥𐑴𐑯𐑾𐑥	ˌpændɪˈməʊnɪəm	high	
panel	𐑐𐑨𐑯𐑤	ˈpænl	𐑐𐑨𐑯𐑩𐑤	ˈpænəl	high	
panel	𐑐𐑺𐑯𐑤	ˈpeənl	𐑐𐑨𐑯𐑩𐑤	ˈpænəl	high	
panel	𐑐𐑺𐑯𐑩𐑤	ˈpeənəl	𐑐𐑨𐑯𐑩𐑤	ˈpænəl	high	
pannier	𐑐𐑨𐑯𐑘𐑼	ˈpænjəR	𐑐𐑨𐑯𐑽	ˈpænɪəR	high	
pannier	𐑐𐑨𐑯𐑦𐑼	ˈpæniəR	𐑐𐑨𐑯𐑽	ˈpænɪəR	high	
panorama	𐑐𐑨𐑯𐑼𐑸𐑥𐑩	pænərɑːRmə	𐑐𐑨𐑯𐑼𐑨𐑥𐑩, 𐑐𐑨𐑯𐑼𐑭𐑥𐑩	ˌpænəˈrⱭːmə	high	
panorama	𐑐𐑺𐑯𐑼𐑭𐑥𐑩	ˌpeənəˈrɑːmə	𐑐𐑨𐑯𐑼𐑨𐑥𐑩, 𐑐𐑨𐑯𐑼𐑭𐑥𐑩	ˌpænəˈrⱭːmə	high	
panorama	𐑐𐑺𐑯𐑼𐑺𐑥𐑩	ˌpeənəˈreəmə	𐑐𐑨𐑯𐑼𐑨𐑥𐑩, 𐑐𐑨𐑯𐑼𐑭𐑥𐑩	ˌpænəˈrⱭːmə	high	
pantechnicon	-𐑯𐑩𐑒𐑪𐑯	-nəˌkɒn	𐑐𐑨𐑯𐑑𐑧𐑒𐑯𐑦𐑒𐑩𐑯	pænˈteknɪkən	high	
pantechnicon	𐑐𐑨𐑯𐑑𐑧𐑒𐑯𐑩𐑒𐑩𐑯	pænˈteknəkən	𐑐𐑨𐑯𐑑𐑧𐑒𐑯𐑦𐑒𐑩𐑯	pænˈteknɪkən	high	
pantheon	𐑐𐑨𐑯𐑔𐑦𐑩𐑯	ˈpænθiən	𐑐𐑨𐑯𐑔𐑾𐑯	ˈpænθɪən	high	
pantheon	𐑐𐑨𐑯𐑔𐑦𐑪𐑯	ˈpænθiˌɒn	𐑐𐑨𐑯𐑔𐑾𐑯	ˈpænθɪən	high	
pantile	𐑐𐑨𐑯𐑑𐑳𐑦𐑤	ˈpæntʌɪl	𐑐𐑨𐑯𐑑𐑲𐑤	ˈpæntaɪl	high	
pantograph	𐑐𐑨𐑯𐑑𐑩𐑜𐑮𐑭𐑓	pantəɡrɑːf	𐑐𐑨𐑯𐑑𐑩𐑜𐑮𐑨𐑓	ˈpæntəɡræf	high	ml_disagrees:𐑐𐑨𐑯𐑑𐑩𐑜𐑮ɑ𐑨𐑓; shave_agrees
pantomime	𐑐𐑨𐑯𐑑𐑩𐑥𐑳𐑦𐑥	ˈpæntəˌmʌɪm	𐑐𐑨𐑯𐑑𐑩𐑥𐑲𐑥	ˈpæntəmaɪm	high	
papa	𐑐𐑭𐑐𐑩	ˈpɑːpə	𐑐𐑩𐑐𐑭	pəˈpɑː	high	
paparazzi	𐑐𐑪𐑐𐑼𐑪𐑑𐑕𐑦	ˌpɒpəˈrɒtsi	𐑐𐑨𐑐𐑼𐑨𐑑𐑕𐑦, 𐑐𐑨𐑐𐑼𐑭𐑑𐑕𐑦	ˌpæpərˈætsi	high	
paparazzo	𐑐𐑪𐑐𐑼𐑪𐑑𐑕𐑴	ˌpɒpəˈrɒtsoʊ	𐑐𐑨𐑐𐑼𐑨𐑑𐑕𐑴, 𐑐𐑨𐑐𐑼𐑭𐑑𐑕𐑴	ˌpæpərˈætsəʊ	high	
papaya	𐑐𐑩𐑐𐑭𐑘𐑩	pəˈpɑːjə	𐑐𐑩𐑐𐑲𐑩	pəˈpaɪə	high	
paperback	𐑐𐑱𐑐𐑩𐑚𐑨𐑒	peɪpəbæk	𐑐𐑱𐑐𐑼𐑚𐑨𐑒	ˈpeɪpəRbæk	medium	r_gap:spelling=1,ipa=0; shave_says:𐑐𐑱𐑐𐑼𐑚𐑨𐑒
paperhanger	𐑐𐑱𐑐𐑩𐑣𐑨𐑙𐑼	peɪpəhæŋəR	𐑐𐑱𐑐𐑼𐑣𐑨𐑙𐑼	ˈpeɪpəRhæŋəR	medium	r_gap:spelling=2,ipa=1; shave_says:𐑐𐑱𐑐𐑼𐑣𐑨𐑙𐑼
papillomavirus	𐑐𐑨𐑐𐑦𐑤𐑴𐑥𐑩𐑝𐑳𐑦𐑮𐑩𐑕	papɪləʊməvʌɪrəs	𐑐𐑨𐑐𐑦𐑤𐑴𐑥𐑩𐑝𐑲𐑮𐑩𐑕	ˌpæpɪˈləʊməˌvaɪrəs	high	
paprika	𐑐𐑨𐑐𐑮𐑰𐑒𐑩	pæpriːkə	𐑐𐑨𐑐𐑮𐑦𐑒𐑩	ˈpæprɪkə	high	
paprika	𐑐𐑩𐑐𐑮𐑰𐑒𐑩	pəpriːkə	𐑐𐑨𐑐𐑮𐑦𐑒𐑩	ˈpæprɪkə	high	
papuan	𐑐𐑪𐑐𐑫𐑩𐑯	ˈpɒpuən	𐑐𐑨𐑐𐑫𐑩𐑯	ˈpæpuən	high	
par excellence	𐑐𐑸 𐑧𐑒𐑕𐑩𐑤𐑪𐑯𐑑𐑕	ˌpɑːR ˌeksəˈlɒnts	𐑐𐑸 𐑧𐑒𐑕𐑩𐑤𐑭𐑯𐑕	ˌpɑːR ˈeksəlɑːns	high	
par excellence	𐑐𐑸 𐑧𐑒𐑕𐑩𐑤𐑪𐑯𐑕	ˌpɑːR ˌeksəˈlɒns	𐑐𐑸 𐑧𐑒𐑕𐑩𐑤𐑭𐑯𐑕	ˌpɑːR ˈeksəlɑːns	high	
par excellence	𐑐𐑸 𐑧𐑒𐑕𐑩𐑤𐑸𐑯𐑕	pɑːr eksəlɑːRns	𐑐𐑸 𐑧𐑒𐑕𐑩𐑤𐑭𐑯𐑕	ˌpɑːR ˈeksəlɑːns	high	
para	𐑐𐑸𐑩	pɑːrə	𐑐𐑨𐑮𐑩	ˈpærə	high	
parable	𐑐𐑧𐑮𐑩𐑚𐑩𐑤	ˈperəbəl	𐑐𐑨𐑮𐑩𐑚𐑩𐑤	ˈpærəbəl	high	
paracetamol	𐑐𐑧𐑮𐑩𐑕𐑰𐑑𐑩𐑥𐑷𐑤	ˌperəˈsiːtəˌmɔːl	𐑐𐑨𐑮𐑩𐑕𐑰𐑑𐑩𐑥𐑪𐑤	ˌpærəˈsiːtəmɒl	high	
paracetamol	𐑐𐑨𐑮𐑩𐑕𐑧𐑑𐑩𐑥𐑪𐑤	pærəsetəmɒl	𐑐𐑨𐑮𐑩𐑕𐑰𐑑𐑩𐑥𐑪𐑤	ˌpærəˈsiːtəmɒl	high	
parachute	𐑐𐑨𐑮𐑩𐑖𐑫𐑑	ˈpærəʃut	𐑐𐑨𐑮𐑩𐑖𐑵𐑑	ˈpærəʃuːt	high	
parade	𐑐𐑼𐑪𐑛	pəˈrɒd	𐑐𐑼𐑱𐑛	pəˈreɪd	high	
parade	𐑐𐑼𐑸𐑛	pərɑːRd	𐑐𐑼𐑱𐑛	pəˈreɪd	high	
paradoxical	𐑐𐑧𐑮𐑩𐑛𐑭𐑒𐑕𐑦𐑒𐑩𐑤	ˌperəˈdɑːksɪkəl	𐑐𐑨𐑮𐑩𐑛𐑪𐑒𐑕𐑦𐑒𐑩𐑤	ˌpærəˈdɒksɪkəl	high	
paradoxically	𐑐𐑧𐑮𐑩𐑛𐑪𐑒𐑕𐑦𐑒𐑤𐑦	ˌperəˈdɒksɪkli	𐑐𐑨𐑮𐑩𐑛𐑪𐑒𐑕𐑦𐑒𐑤𐑦	ˌpærəˈdɒksɪkli	high	
paraffin	𐑐𐑧𐑮𐑩𐑓𐑦𐑯	ˈperəfɪn	𐑐𐑨𐑮𐑩𐑓𐑦𐑯	ˈpærəfɪn	high	
paragon	𐑐𐑨𐑮𐑩𐑜𐑪𐑯	ˈpærəˌɡɒn	𐑐𐑨𐑮𐑩𐑜𐑩𐑯	ˈpærəɡən	high	
paragon	𐑐𐑨𐑮𐑩𐑜𐑷𐑯	ˈpærəˌɡɔːn	𐑐𐑨𐑮𐑩𐑜𐑩𐑯	ˈpærəɡən	high	
paragraph	𐑐𐑧𐑮𐑩𐑜𐑮𐑨𐑓	ˈperəɡræf	𐑐𐑨𐑮𐑩𐑜𐑮𐑨𐑓	ˈpærəɡræf	high	
paragraph	𐑐𐑨𐑮𐑩𐑜𐑮𐑸𐑓	pærəɡrɑːRf	𐑐𐑨𐑮𐑩𐑜𐑮𐑨𐑓	ˈpærəɡræf	high	
paragraphs	𐑐𐑧𐑮𐑩𐑜𐑮𐑨𐑓𐑕	ˈperəɡræfs	𐑐𐑨𐑮𐑩𐑜𐑮𐑨𐑓𐑕	ˈpærəɡræfs	high	
paragraphs	𐑐𐑨𐑮𐑩𐑜𐑮𐑸𐑓𐑕	pærəɡrɑːRfs	𐑐𐑨𐑮𐑩𐑜𐑮𐑨𐑓𐑕	ˈpærəɡræfs	high	
paraguay	𐑐𐑧𐑮𐑩𐑜𐑢𐑱	ˈperəɡweɪ	𐑐𐑨𐑮𐑩𐑜𐑢𐑲	ˈpærəɡwaɪ	high	
paraguay	𐑐𐑧𐑮𐑩𐑜𐑢𐑲	ˈperəɡwaɪ	𐑐𐑨𐑮𐑩𐑜𐑢𐑲	ˈpærəɡwaɪ	high	
paraguay	𐑐𐑨𐑮𐑩𐑜𐑢𐑱	pærəɡweɪ	𐑐𐑨𐑮𐑩𐑜𐑢𐑲	ˈpærəɡwaɪ	high	
parakeet	𐑐𐑧𐑮𐑩𐑒𐑦𐑑	ˈperəkit	𐑐𐑨𐑮𐑩𐑒𐑰𐑑	ˈpærəkiːt	high	
paralympian	𐑐𐑧-	ˌpe-	𐑐𐑨𐑮𐑩𐑤𐑦𐑥𐑐𐑾𐑯	ˌpærəˈlɪmpɪən	medium	r_gap:spelling=1,ipa=0
paralympian	𐑐𐑨𐑮𐑩𐑤𐑦𐑥𐑐𐑦𐑩𐑯	ˌpærəˈlɪmpiən	𐑐𐑨𐑮𐑩𐑤𐑦𐑥𐑐𐑾𐑯	ˌpærəˈlɪmpɪən	high	
paralympic	𐑐𐑧-	ˌpe-	𐑐𐑨𐑮𐑩𐑤𐑦𐑥𐑐𐑦𐑒	ˌpærəˈlɪmpɪk	medium	r_gap:spelling=1,ipa=0
paralysis	𐑐𐑼𐑨𐑤𐑩𐑕𐑩𐑕	pəˈræləsəs	𐑐𐑼𐑨𐑤𐑩𐑕𐑦𐑕	pəˈræləsɪs	high	
parameter	𐑐𐑼𐑨𐑥𐑩𐑑𐑼	pəˈræmətəR	𐑐𐑼𐑨𐑥𐑦𐑑𐑼	pəˈræmɪtəR	high	
paramilitary	𐑐𐑧𐑮𐑩𐑥𐑦𐑤𐑦𐑑𐑧𐑮𐑦	ˌperəˈmɪlɪˌteri	𐑐𐑨𐑮𐑩𐑥𐑦𐑤𐑦𐑑𐑼𐑦	ˌpærəˈmɪlɪtəri	high	
paramour	-𐑥𐑹	-mɔːR	𐑐𐑨𐑮𐑩𐑥𐑫𐑼	ˈpærəmʊəR	medium	r_gap:spelling=2,ipa=1; shave_says:𐑐𐑨𐑮𐑩𐑥𐑫𐑼
paramour	𐑐𐑧𐑮𐑩𐑥𐑫𐑼	ˈperəˌmʊər	𐑐𐑨𐑮𐑩𐑥𐑫𐑼	ˈpærəmʊəR	high	
paranoia	𐑐𐑧𐑮𐑩𐑯𐑶𐑩	ˌperəˈnɔɪə	𐑐𐑨𐑮𐑩𐑯𐑶𐑩	ˌpærəˈnɔɪə	high	
paranoid	𐑐𐑧𐑮𐑩𐑯𐑶𐑛	ˈperəˌnɔɪd	𐑐𐑨𐑮𐑩𐑯𐑶𐑛	ˈpærənɔɪd	high	
paraphernalia	𐑐𐑧𐑮𐑩𐑓𐑩𐑯𐑱𐑤𐑦𐑩	ˌperəfəˈneɪliə	𐑐𐑨𐑮𐑩𐑓𐑼𐑯𐑱𐑤𐑾	ˌpærəfəRˈneɪlɪə	medium	r_gap:spelling=2,ipa=1
paraphernalia	𐑐𐑧𐑮𐑩𐑓𐑼𐑯𐑱𐑤𐑦𐑩	ˌperəfəRˈneɪliə	𐑐𐑨𐑮𐑩𐑓𐑼𐑯𐑱𐑤𐑾	ˌpærəfəRˈneɪlɪə	high	
paraphernalia	𐑐𐑨𐑮𐑩𐑓𐑩𐑯𐑱𐑤𐑦𐑩	pærəfəneɪliə	𐑐𐑨𐑮𐑩𐑓𐑼𐑯𐑱𐑤𐑾	ˌpærəfəRˈneɪlɪə	medium	r_gap:spelling=2,ipa=1; shave_says:𐑐𐑨𐑮𐑩𐑓𐑼𐑯𐑱𐑤𐑾
paraplegic	𐑐𐑧𐑮𐑩𐑐𐑤𐑦𐑡𐑦𐑒	ˌperəˈplidʒɪk	𐑐𐑨𐑮𐑩𐑐𐑤𐑰𐑡𐑦𐑒	ˌpærəˈpliːdʒɪk	high	
paraplegic	𐑐𐑧𐑮𐑩𐑐𐑩𐑤𐑦𐑡𐑦𐑒	ˌperəpəˈlidʒɪk	𐑐𐑨𐑮𐑩𐑐𐑤𐑰𐑡𐑦𐑒	ˌpærəˈpliːdʒɪk	high	
parasite	𐑐𐑧𐑮𐑩𐑕𐑲𐑑	ˈperəˌsaɪt	𐑐𐑨𐑮𐑩𐑕𐑲𐑑	ˈpærəsaɪt	high	
parasitic	𐑐𐑧𐑮𐑩𐑕𐑦𐑑𐑦𐑒	ˌperəˈsɪtɪk	𐑐𐑨𐑮𐑩𐑕𐑦𐑑𐑦𐑒	ˌpærəˈsɪtɪk	high	
parasol	𐑐𐑧𐑮𐑩𐑕𐑪𐑤	ˈperəˌsɒl	𐑐𐑨𐑮𐑩𐑕𐑪𐑤	ˈpærəsɒl	high	
paratrooper	𐑐𐑨𐑮𐑩𐑑𐑮𐑫𐑐𐑼	ˈpærətrupər	𐑐𐑨𐑮𐑩𐑑𐑮𐑵𐑐𐑼	ˈpærətruːpəR	high	
pare	𐑐𐑧𐑮	per	𐑐𐑺	peəR	high	
pared	𐑐𐑧𐑮𐑛	perd	𐑐𐑺𐑛	peəRd	high	
paregoric	𐑐𐑧𐑮𐑦𐑜𐑹𐑦𐑒	perɪˈɡɔːRɪk	𐑐𐑨𐑮𐑩𐑜𐑪𐑮𐑦𐑒	ˌpærəˈɡɒrɪk	high	
paregoric	𐑐𐑨𐑮𐑦𐑜𐑪𐑮𐑦𐑒	pærɪɡɒrɪk	𐑐𐑨𐑮𐑩𐑜𐑪𐑮𐑦𐑒	ˌpærəˈɡɒrɪk	high	
parent	𐑐𐑨𐑮𐑩𐑯𐑑	ˈpærənt	𐑐𐑺𐑩𐑯𐑑	ˈpeərənt	high	
parenthetic	-𐑮𐑩𐑯-	-rən-	𐑐𐑨𐑮𐑩𐑯𐑔𐑧𐑑𐑦𐑒	ˌpærənˈθetɪk	high	
parenthetic	𐑐𐑧𐑮𐑦𐑯𐑔𐑧𐑑𐑦𐑒	perɪnˈθetɪk	𐑐𐑨𐑮𐑩𐑯𐑔𐑧𐑑𐑦𐑒	ˌpærənˈθetɪk	high	
parents	𐑐𐑧𐑮𐑩𐑯𐑑𐑕	ˈperənts	𐑐𐑺𐑩𐑯𐑑𐑕	ˈpeərənts	high	
parents	𐑐𐑨𐑮𐑩𐑯𐑑𐑕	ˈpærənts	𐑐𐑺𐑩𐑯𐑑𐑕	ˈpeərənts	high	
pari passu	𐑐𐑨𐑮𐑦𐑐𐑸𐑕𐑵	paripɑːRsuː	𐑐𐑨𐑮𐑦 𐑐𐑨𐑕𐑵	ˌpærɪ ˈpæsuː	high	
pari-mutuel	𐑐𐑨𐑮𐑦𐑥𐑿𐑗𐑫𐑼𐑤	parimjuːtʃʊəRl	𐑐𐑨𐑮𐑦-𐑥𐑿𐑗𐑵𐑧𐑤	ˌpæri-ˈmjuːtʃuːel	high	
parisian	𐑐𐑼𐑦𐑠𐑩𐑯	pərɪʒən	𐑐𐑼𐑦𐑟𐑾𐑯	pəˈrɪzɪən	high	
parliament	𐑐𐑸𐑤𐑾𐑥𐑩𐑯𐑑	pɑːRlɪəmənt	𐑐𐑸𐑤𐑩𐑥𐑩𐑯𐑑	ˈpɑːRləmənt	high	
parliamentarian	𐑐𐑸𐑤𐑩𐑥𐑩𐑯𐑑𐑧𐑮𐑦𐑩𐑯	ˌpɑːRləmənˈteriən	𐑐𐑸𐑤𐑩𐑥𐑩𐑯𐑑𐑺𐑾𐑯	ˌpɑːRləmənˈteərɪən	high	
parliamentarian	𐑐𐑸𐑤𐑩𐑥𐑩𐑯𐑑𐑺𐑦𐑩𐑯	pɑːRləmənteəriən	𐑐𐑸𐑤𐑩𐑥𐑩𐑯𐑑𐑺𐑾𐑯	ˌpɑːRləmənˈteərɪən	high	
parliamentarian	𐑐𐑸𐑤𐑩𐑥𐑩𐑯𐑑𐑻𐑦𐑩𐑯	pɑːRləməntɜːriən	𐑐𐑸𐑤𐑩𐑥𐑩𐑯𐑑𐑺𐑾𐑯	ˌpɑːRləmənˈteərɪən	high	
parmesan	𐑐𐑸𐑥𐑩𐑟𐑭𐑯	ˈpɑːrməˌzɑːn	𐑐𐑸𐑥𐑦𐑟𐑨𐑯	ˈpɑːRmɪzæn	high	
parochial	𐑐𐑼𐑴𐑒𐑦𐑩𐑤	pəˈroʊkiəl	𐑐𐑼𐑴𐑒𐑾𐑤	pəˈrəʊkɪəl	high	
parochialism	𐑐𐑼𐑴𐑒𐑦𐑩𐑤𐑦𐑟𐑩𐑥	pəˈroʊkiəlɪzəm	𐑐𐑼𐑴𐑒𐑾𐑤𐑦𐑟𐑩𐑥	pəˈrəʊkɪəlɪzəm	high	
parody	𐑐𐑧𐑮𐑩𐑛𐑦	ˈperədi	𐑐𐑨𐑮𐑩𐑛𐑦	ˈpærədi	high	
parodying	𐑐𐑧𐑮𐑩𐑛𐑦𐑦𐑙	ˈperədiɪŋ	𐑐𐑨𐑮𐑩𐑛𐑦𐑦𐑙	ˈpærədiɪŋ	high	
paroxysm	𐑐𐑧𐑮𐑩𐑒𐑕𐑦𐑟𐑩𐑥	ˈperəkˌsɪzəm	𐑐𐑨𐑮𐑩𐑒𐑕𐑦𐑟𐑩𐑥	ˈpærəksɪzəm	high	
paroxysm	𐑐𐑼𐑪𐑒-	pəˈrɒk-	𐑐𐑨𐑮𐑩𐑒𐑕𐑦𐑟𐑩𐑥	ˈpærəksɪzəm	high	
parrot	𐑐𐑧𐑮𐑩𐑑	ˈperət	𐑐𐑨𐑮𐑩𐑑	ˈpærət	medium	r_gap:spelling=2,ipa=1
pars	𐑐𐑸𐑕	pɑːRs	𐑐𐑸𐑟	pɑːRz	high	
parse	𐑐𐑸𐑕	pɑːRs	𐑐𐑸𐑟	pɑːRz	high	
parsimonious	𐑐𐑸𐑕𐑦𐑥𐑴𐑯𐑦𐑩𐑕	pɑːRsɪməʊniəs	𐑐𐑸𐑕𐑦𐑥𐑴𐑯𐑾𐑕	ˌpɑːRsɪˈməʊnɪəs	high	
parsimony	𐑐𐑸𐑕𐑩𐑥𐑩𐑯𐑦	pɑːRsəməni	𐑐𐑸𐑕𐑦𐑥𐑩𐑯𐑦	ˈpɑːRsɪməni	high	
parsimony	𐑐𐑸𐑕𐑩𐑥𐑴𐑯𐑦	ˈpɑːRsəˌmoʊni	𐑐𐑸𐑕𐑦𐑥𐑩𐑯𐑦	ˈpɑːRsɪməni	high	
parsing	𐑐𐑸𐑕𐑦𐑙	ˈpɑːRsɪŋ	𐑐𐑸𐑟𐑦𐑙	ˈpɑːRzɪŋ	high	
part-owner	𐑐𐑸𐑑𐑴𐑯𐑼	pɑːRtəʊnəR	𐑐𐑸𐑑-𐑴𐑯𐑼	pɑːRt-ˈəʊnəR	high	
parthenogenesis	𐑐𐑸𐑔𐑦𐑯𐑴𐑡𐑧𐑯𐑦𐑕𐑦𐑕	pɑːRθɪnəʊdʒenɪsɪs	𐑐𐑸𐑔𐑦𐑯𐑴𐑡𐑧𐑯𐑩𐑕𐑦𐑕	ˌpɑːRθɪnəʊˈdʒenəsɪs	high	
parthenogenesis	𐑐𐑸𐑔𐑩𐑯𐑴𐑡𐑧𐑯𐑦𐑕𐑦𐑕	pɑːRθənəʊdʒenɪsɪs	𐑐𐑸𐑔𐑦𐑯𐑴𐑡𐑧𐑯𐑩𐑕𐑦𐑕	ˌpɑːRθɪnəʊˈdʒenəsɪs	high	
parthenon	𐑐𐑸𐑔𐑩𐑯𐑩𐑯	pɑːRθənən	𐑐𐑸𐑔𐑩𐑯𐑪𐑯	ˈpɑːRθənɒn	high	
parthenon	𐑐𐑸𐑔𐑩𐑯𐑭𐑯	ˈpɑːrθənɑːn	𐑐𐑸𐑔𐑩𐑯𐑪𐑯	ˈpɑːRθənɒn	high	
parthian	𐑐𐑸𐑔𐑦𐑩𐑯	ˈpɑːRθiən	𐑐𐑸𐑔𐑾𐑯	ˈpɑːRθɪən	high	
partiality	𐑐𐑸𐑖𐑨𐑤𐑦𐑑𐑦	pɑːRˈʃælɪti	𐑐𐑸𐑖𐑦𐑨𐑤𐑦𐑑𐑦	ˌpɑːRʃɪˈælɪti	high	
partiality	𐑐𐑸𐑖𐑨𐑤𐑩𐑑𐑦	pɑːRˈʃæləti	𐑐𐑸𐑖𐑦𐑨𐑤𐑦𐑑𐑦	ˌpɑːRʃɪˈælɪti	high	
participant	𐑐𐑸𐑑𐑦𐑕𐑩𐑐𐑩𐑯𐑑	pɑːrˈtɪsəpənt	𐑐𐑸𐑑𐑦𐑕𐑦𐑐𐑩𐑯𐑑	pɑːRˈtɪsɪpənt	high	
participant	𐑐𐑼𐑑𐑦𐑕𐑩𐑐𐑩𐑯𐑑	pərˈtɪsəpənt	𐑐𐑸𐑑𐑦𐑕𐑦𐑐𐑩𐑯𐑑	pɑːRˈtɪsɪpənt	high	
participate	𐑐𐑸𐑑𐑦𐑕𐑩𐑐𐑱𐑑	pɑːRˈtɪsəpeɪt	𐑐𐑸𐑑𐑦𐑕𐑦𐑐𐑱𐑑	pɑːRˈtɪsɪpeɪt	high	
participation	𐑐𐑸𐑑𐑦𐑕𐑩𐑐𐑱𐑖𐑩𐑯	pɑːRˌtɪsəˈpeɪʃən	𐑐𐑸𐑑𐑦𐑕𐑦𐑐𐑱𐑖𐑩𐑯	pɑːRˌtɪsɪˈpeɪʃən	high	
participator	𐑐𐑸𐑑𐑦𐑕𐑩𐑐𐑱𐑑𐑼	pɑːRˈtɪsəˌpeɪtəR	𐑐𐑸𐑑𐑦𐑕𐑦𐑐𐑱𐑑𐑼	ˈpɑːRtɪsɪpeɪtəR	high	
participator	𐑐𐑼-	pəR-	𐑐𐑸𐑑𐑦𐑕𐑦𐑐𐑱𐑑𐑼	ˈpɑːRtɪsɪpeɪtəR	medium	r_gap:spelling=2,ipa=1
particular	𐑐𐑩𐑑𐑦𐑒𐑘𐑩𐑤𐑼	pətɪkjələR	𐑐𐑼𐑑𐑦𐑒𐑘𐑩𐑤𐑼	pəRˈtɪkjələR	medium	r_gap:spelling=2,ipa=1; shave_says:𐑐𐑼𐑑𐑦𐑒𐑿𐑤𐑼
particular	𐑐𐑸𐑑𐑦𐑒𐑘𐑩𐑤𐑼	pɑːRˈtɪkjələR	𐑐𐑼𐑑𐑦𐑒𐑘𐑩𐑤𐑼	pəRˈtɪkjələR	high	
particularity	-𐑑𐑦	-ti	𐑐𐑼𐑑𐑦𐑒𐑘𐑩𐑤𐑨𐑮𐑦𐑑𐑦	pəRˌtɪkjəˈlærɪti	medium	r_gap:spelling=2,ipa=0
particularity	𐑐𐑩𐑑𐑦𐑒𐑘𐑩𐑤𐑨𐑮𐑦𐑑𐑦	pətɪkjəlærɪti	𐑐𐑼𐑑𐑦𐑒𐑘𐑩𐑤𐑨𐑮𐑦𐑑𐑦	pəRˌtɪkjəˈlærɪti	medium	r_gap:spelling=2,ipa=1; shave_says:𐑐𐑼𐑑𐑦𐑒𐑿𐑤𐑨𐑮𐑦𐑑𐑦
particularity	𐑐𐑸-	pɑːR-	𐑐𐑼𐑑𐑦𐑒𐑘𐑩𐑤𐑨𐑮𐑦𐑑𐑦	pəRˌtɪkjəˈlærɪti	medium	r_gap:spelling=2,ipa=1; shave_says:𐑐𐑼𐑑𐑦𐑒𐑿𐑤𐑨𐑮𐑦𐑑𐑦
particularity	𐑐𐑼𐑑𐑦𐑒𐑘𐑩𐑤𐑧𐑮𐑩𐑑𐑦	pərˌtɪkjəˈlerəti	𐑐𐑼𐑑𐑦𐑒𐑘𐑩𐑤𐑨𐑮𐑦𐑑𐑦	pəRˌtɪkjəˈlærɪti	high	
particularize	𐑐𐑩𐑑𐑦𐑒𐑘𐑩𐑤𐑼𐑲𐑟	pətɪkjələraɪz	𐑐𐑼𐑑𐑦𐑒𐑘𐑩𐑤𐑼𐑲𐑟	pəRˈtɪkjələraɪz	medium	r_gap:spelling=2,ipa=1; shave_says:𐑐𐑼𐑑𐑦𐑒𐑿𐑤𐑼𐑲𐑟
particularly	𐑐𐑩𐑑𐑦𐑒𐑘𐑩𐑤𐑩𐑤𐑦	pətɪkjələli	𐑐𐑼𐑑𐑦𐑒𐑘𐑩𐑤𐑼𐑤𐑦	pəRˈtɪkjələRli	medium	r_gap:spelling=2,ipa=0; shave_says:𐑐𐑼𐑑𐑦𐑒𐑿𐑤𐑼𐑤𐑦
particulate	𐑐𐑩𐑑𐑦𐑒𐑘𐑩𐑤𐑦𐑑	pətɪkjəlɪt	𐑐𐑸𐑑𐑦𐑒𐑘𐑩𐑤𐑩𐑑	pɑːRˈtɪkjələt	medium	r_gap:spelling=1,ipa=0; shave_says:𐑐𐑸𐑑𐑦𐑒𐑿𐑤𐑩𐑑
particulate	𐑐𐑩𐑑𐑦𐑒𐑘𐑩𐑤𐑱𐑑	pətɪkjəleɪt	𐑐𐑸𐑑𐑦𐑒𐑘𐑩𐑤𐑩𐑑	pɑːRˈtɪkjələt	medium	r_gap:spelling=1,ipa=0; shave_says:𐑐𐑸𐑑𐑦𐑒𐑿𐑤𐑩𐑑
particulate	𐑐𐑸𐑑𐑦𐑒𐑘𐑩𐑤𐑦𐑑	pɑːRtɪkjəlɪt	𐑐𐑸𐑑𐑦𐑒𐑘𐑩𐑤𐑩𐑑	pɑːRˈtɪkjələt	high	
particulate	𐑐𐑸𐑑𐑦𐑒𐑘𐑩𐑤𐑱𐑑	pɑːRtɪkjəleɪt	𐑐𐑸𐑑𐑦𐑒𐑘𐑩𐑤𐑩𐑑	pɑːRˈtɪkjələt	high	
particulate	𐑐𐑼𐑑𐑦𐑒𐑘𐑩𐑤𐑩𐑑	pəRˈtɪkjələt	𐑐𐑸𐑑𐑦𐑒𐑘𐑩𐑤𐑩𐑑	pɑːRˈtɪkjələt	high	
particulate	𐑐𐑼𐑑𐑦𐑒𐑘𐑩𐑤𐑱𐑑	pəRˈtɪkjəˌleɪt	𐑐𐑸𐑑𐑦𐑒𐑘𐑩𐑤𐑩𐑑	pɑːRˈtɪkjələt	high	
partisan	-𐑑𐑦	-tɪ	𐑐𐑸𐑑𐑦𐑟𐑨𐑯	ˌpɑːRtɪˈzæn	medium	r_gap:spelling=1,ipa=0
partisan	-𐑑𐑩	-tə	𐑐𐑸𐑑𐑦𐑟𐑨𐑯	ˌpɑːRtɪˈzæn	medium	r_gap:spelling=1,ipa=0
partisan	-𐑕𐑩𐑯	-sən	𐑐𐑸𐑑𐑦𐑟𐑨𐑯	ˌpɑːRtɪˈzæn	medium	r_gap:spelling=1,ipa=0
partisan	𐑐𐑸𐑑𐑦𐑟𐑩𐑯	ˈpɑːRtɪzən	𐑐𐑸𐑑𐑦𐑟𐑨𐑯	ˌpɑːRtɪˈzæn	high	
partisan	𐑐𐑸𐑑𐑩𐑟𐑩𐑯	ˈpɑːRtəzən	𐑐𐑸𐑑𐑦𐑟𐑨𐑯	ˌpɑːRtɪˈzæn	high	
partisanship	𐑐𐑸𐑑𐑩𐑟𐑩𐑯𐑖𐑦𐑐	ˈpɑːRtəzənˌʃɪp	𐑐𐑸𐑑𐑦𐑟𐑨𐑯𐑖𐑦𐑐	ˌpɑːRtɪˈzænʃɪp	high	
partition	𐑐𐑸𐑑𐑦𐑖𐑦𐑯	pɑːRˈtɪʃɪn	𐑐𐑸𐑑𐑦𐑖𐑩𐑯	pɑːRˈtɪʃən	high	
partitive	𐑐𐑸𐑑𐑩𐑑𐑦𐑝	pɑːRtətɪv	𐑐𐑸𐑑𐑦𐑑𐑦𐑝	ˈpɑːRtɪtɪv	high	
partnership	𐑐𐑸𐑑𐑯𐑩𐑖𐑦𐑐	pɑːRtnəʃɪp	𐑐𐑸𐑑𐑯𐑼𐑖𐑦𐑐	ˈpɑːRtnəRʃɪp	medium	r_gap:spelling=2,ipa=1; shave_says:𐑐𐑸𐑑𐑯𐑼𐑖𐑦𐑐
parvenu	𐑐𐑸𐑝𐑩𐑯𐑘𐑫	ˈpɑːRvənju	𐑐𐑸𐑝𐑩𐑯𐑵	ˈpɑːRvənuː	high	
parvenu	𐑐𐑸𐑝𐑩𐑯𐑫	ˈpɑːRvənu	𐑐𐑸𐑝𐑩𐑯𐑵	ˈpɑːRvənuː	high	
parvenu	𐑐𐑸𐑝𐑩𐑯𐑿	pɑːRvənjuː	𐑐𐑸𐑝𐑩𐑯𐑵	ˈpɑːRvənuː	high	
pascal	𐑐𐑨𐑕𐑒𐑨𐑤	pæˈskæl	𐑐𐑨𐑕𐑒𐑭𐑤	ˈpæskɑːl	high	
pascal	𐑐𐑨𐑕𐑒𐑩𐑤	ˈpæskəl	𐑐𐑨𐑕𐑒𐑭𐑤	ˈpæskɑːl	high	
pasha	𐑐𐑪𐑖𐑩	ˈpɒʃə	𐑐𐑨𐑖𐑩, 𐑐𐑭𐑖𐑩	ˈpⱭːʃə	high	
passage	𐑐𐑨𐑕𐑭𐑠	ˈpasɑːʒ	𐑐𐑨𐑕𐑦𐑡	ˈpæsɪdʒ	high	
passenger	𐑐𐑨𐑕𐑩𐑯𐑡𐑼	pæsəndʒəR	𐑐𐑨𐑕𐑦𐑯𐑡𐑼	ˈpæsɪndʒəR	high	
passengers	𐑐𐑨𐑕𐑩𐑯𐑡𐑼𐑟	pæsəndʒəRz	𐑐𐑨𐑕𐑦𐑯𐑡𐑼𐑟	ˈpæsɪndʒəRz	high	
passer-by	𐑐𐑨𐑕𐑼𐑚𐑲	ˈpæsəRˌbaɪ	𐑐𐑨𐑕𐑼-𐑚𐑲, 𐑐𐑭𐑕𐑼-𐑚𐑲	ˌpⱭːsəR-ˈbaɪ	high	
passer-by	𐑐𐑭𐑕𐑩𐑚𐑲	pɑːsəbaɪ	𐑐𐑨𐑕𐑼-𐑚𐑲, 𐑐𐑭𐑕𐑼-𐑚𐑲	ˌpⱭːsəR-ˈbaɪ	medium	r_gap:spelling=1,ipa=0; shave_says:𐑐𐑭𐑕𐑼-𐑚𐑲
passport	𐑐𐑸𐑕𐑐𐑹𐑑	pɑːRspɔːRt	𐑐𐑨𐑕𐑐𐑹𐑑, 𐑐𐑭𐑕𐑐𐑹𐑑	ˈpⱭːspɔːRt	high	
pasta	𐑐𐑪𐑕𐑑𐑩	ˈpɒstə	𐑐𐑨𐑕𐑑𐑩, 𐑐𐑭𐑕𐑑𐑩	ˈpɑːstə	high	
paste	𐑐𐑨𐑕𐑑𐑱	ˈpæsteɪ	𐑐𐑱𐑕𐑑	peɪst	high	
paste	𐑐𐑪𐑕𐑑𐑱	ˈpɒsteɪ	𐑐𐑱𐑕𐑑	peɪst	high	
pastel	𐑐𐑨𐑕𐑑𐑧𐑤	pæsˈtel	𐑐𐑨𐑕𐑑𐑩𐑤	ˈpæstəl	high	
pastern	𐑐𐑨𐑕𐑑𐑻𐑯	pæstɜːRn	𐑐𐑨𐑕𐑑𐑼𐑯	ˈpæstəRn	high	
pastille	𐑐𐑨𐑕𐑑𐑧𐑤	pæsˈtel	𐑐𐑨𐑕𐑑𐑦𐑤	ˈpæstɪl	high	
pastille	𐑐𐑨𐑕𐑑𐑩𐑤	ˈpæstəl	𐑐𐑨𐑕𐑑𐑦𐑤	ˈpæstɪl	high	
pastor	𐑐𐑸𐑕𐑑𐑼	pɑːRstəR	𐑐𐑨𐑕𐑑𐑼, 𐑐𐑭𐑕𐑑𐑼	ˈpⱭːstəR	high	
pasture	𐑐𐑨𐑕𐑑𐑼	ˈpæstəR	𐑐𐑨𐑕𐑗𐑼, 𐑐𐑭𐑕𐑗𐑼	ˈpⱭːstʃəR	high	
pasture	𐑐𐑭𐑕𐑑𐑘𐑼	pɑːstjəR	𐑐𐑨𐑕𐑗𐑼, 𐑐𐑭𐑕𐑗𐑼	ˈpⱭːstʃəR	high	
patchouli	𐑐𐑩𐑗𐑫𐑤𐑦	pəˈtʃuli	𐑐𐑨𐑗𐑵𐑤𐑦	ˈpætʃuːli	high	
patent	𐑐𐑨𐑑𐑩𐑯𐑑	ˈpætənt	𐑐𐑱𐑑𐑩𐑯𐑑	ˈpeɪtənt	high	
patently	𐑐𐑨𐑑𐑩𐑯𐑑𐑤𐑦	ˈpætəntli	𐑐𐑱𐑑𐑩𐑯𐑑𐑤𐑦	ˈpeɪtəntli	high	
paternoster	-𐑯𐑪𐑕𐑑𐑼	-ˌnɒstəR	𐑐𐑨𐑑𐑼𐑯𐑪𐑕𐑑𐑼	ˌpætəRˈnɒstəR	medium	r_gap:spelling=2,ipa=1
paternoster	𐑐𐑪𐑑𐑼𐑯𐑷𐑕𐑑𐑼	ˈpɒtərˌnɔːstəR	𐑐𐑨𐑑𐑼𐑯𐑪𐑕𐑑𐑼	ˌpætəRˈnɒstəR	high	
paternoster	𐑐𐑭𐑑𐑩𐑯𐑪𐑕𐑑𐑼	pɑːtənɒstər	𐑐𐑨𐑑𐑼𐑯𐑪𐑕𐑑𐑼	ˌpætəRˈnɒstəR	medium	r_gap:spelling=2,ipa=1; shave_says:𐑐𐑨𐑑𐑼𐑯𐑪𐑕𐑑𐑼
pathos	𐑐𐑨𐑔𐑪𐑕	ˈpæθɒs	𐑐𐑱𐑔𐑪𐑕	ˈpeɪθɒs	high	
pathos	𐑐𐑨𐑔𐑴𐑕	ˈpæˌθoʊs	𐑐𐑱𐑔𐑪𐑕	ˈpeɪθɒs	high	
pathos	𐑐𐑭𐑔𐑪𐑕	ˈpɑːθɒs	𐑐𐑱𐑔𐑪𐑕	ˈpeɪθɒs	high	
pathos	𐑐𐑱𐑔𐑴𐑕	ˈpeɪˌθoʊs	𐑐𐑱𐑔𐑪𐑕	ˈpeɪθɒs	high	
pathos	𐑐𐑱𐑔𐑷𐑕	ˈpeɪˌθɔːs	𐑐𐑱𐑔𐑪𐑕	ˈpeɪθɒs	high	
paths	𐑐𐑨𐑔𐑕	pæθs	𐑐𐑨𐑞𐑟, 𐑐𐑭𐑞𐑟	pⱭːðz	high	
patina	𐑐𐑨𐑑𐑦𐑯𐑩	ˈpætɪnə	𐑐𐑩𐑑𐑰𐑯𐑩	ˈpətiːnə	high	
patois	𐑐𐑨𐑑𐑢𐑪	pæˈtwɒ	𐑐𐑨𐑑𐑢𐑭, 𐑐𐑨𐑑𐑢𐑭𐑟	ˈpætwɑː	high	
patois	𐑐𐑨𐑑𐑢𐑪𐑟	pæˈtwɒz	𐑐𐑨𐑑𐑢𐑭, 𐑐𐑨𐑑𐑢𐑭𐑟	ˈpætwɑː	high	
patriarch	𐑐𐑨𐑑𐑮𐑦𐑸𐑒	pætriɑːRk	𐑐𐑱𐑑𐑮𐑦𐑸𐑒	ˈpeɪtrɪɑːRk	high	
patriarchate	𐑐𐑨𐑑𐑮𐑦𐑸𐑒𐑩𐑑	pætriɑːRkət	𐑐𐑱𐑑𐑮𐑦𐑸𐑒𐑩𐑑	ˈpeɪtrɪɑːRkət	high	
patriarchate	𐑐𐑱𐑑𐑮𐑦𐑸𐑒𐑱𐑑	ˈpeɪtriˌɑːRkeɪt	𐑐𐑱𐑑𐑮𐑦𐑸𐑒𐑩𐑑	ˈpeɪtrɪɑːRkət	high	
patriarchy	𐑐𐑧𐑘𐑑𐑮𐑦𐑘𐑸𐑒𐑦𐑘	pejtrɪjɑːRkɪj	𐑐𐑱𐑑𐑮𐑦𐑸𐑒𐑦	ˈpeɪtrɪɑːRki	high	
patriarchy	𐑐𐑧𐑘𐑑𐑮𐑦𐑸𐑒𐑦	ˈpejtriɑːRki	𐑐𐑱𐑑𐑮𐑦𐑸𐑒𐑦	ˈpeɪtrɪɑːRki	high	
patriarchy	𐑐𐑨𐑑𐑮𐑦𐑸𐑒𐑦	pætrɪɑːRkɪ	𐑐𐑱𐑑𐑮𐑦𐑸𐑒𐑦	ˈpeɪtrɪɑːRki	high	
patrimonial	𐑐𐑨𐑑𐑮𐑦𐑥𐑴𐑯𐑦𐑩𐑤	pætrɪməʊniəl	𐑐𐑨𐑑𐑮𐑦𐑥𐑴𐑯𐑾𐑤	ˌpætrɪˈməʊnɪəl	high	
patrimony	𐑐𐑨𐑑𐑮𐑦𐑥𐑴𐑯𐑦	ˈpætrɪˌmoʊni	𐑐𐑨𐑑𐑮𐑦𐑥𐑩𐑯𐑦	ˈpætrɪməni	high	
patriot	𐑐𐑨𐑑𐑮𐑦𐑩𐑑	pætriət	𐑐𐑱𐑑𐑮𐑾𐑑	ˈpeɪtrɪət	high	
patriot	𐑐𐑱𐑑𐑮𐑦𐑩𐑑	peɪtriət	𐑐𐑱𐑑𐑮𐑾𐑑	ˈpeɪtrɪət	high	
patriotic	𐑐𐑨𐑑𐑮𐑦𐑪𐑑𐑦𐑒	pætriɒtɪk	𐑐𐑱𐑑𐑮𐑦𐑪𐑑𐑦𐑒	ˌpeɪtrɪˈɒtɪk	high	
patriotism	𐑐𐑨𐑑𐑮𐑦𐑩𐑑𐑦𐑟𐑩𐑥	pætriətɪzəm	𐑐𐑱𐑑𐑮𐑾𐑑𐑦𐑟𐑩𐑥	ˈpeɪtrɪətɪzəm	high	
patriotism	𐑐𐑱𐑑𐑮𐑦𐑩𐑑𐑦𐑟𐑩𐑥	ˈpeɪtriəˌtɪzəm	𐑐𐑱𐑑𐑮𐑾𐑑𐑦𐑟𐑩𐑥	ˈpeɪtrɪətɪzəm	high	
patroness	𐑐𐑱𐑑𐑮𐑩𐑯𐑦𐑕	peɪtrənɪs	𐑐𐑱𐑑𐑮𐑩𐑯𐑧𐑕	ˈpeɪtrənes	high	
paucity	𐑐𐑪𐑕𐑦𐑑𐑦	ˈpɒsɪti	𐑐𐑷𐑕𐑦𐑑𐑦	ˈpɔːsɪti	high	
paws	𐑐𐑭𐑟	pɑːz	𐑐𐑷𐑟	pɔːz	high	
peace	𐑐𐑦𐑕	pis	𐑐𐑰𐑕	piːs	high	
peacock	𐑐𐑦𐑒𐑪𐑒	ˈpikɒk	𐑐𐑰𐑒𐑪𐑒	ˈpiːkɒk	high	
peanut	𐑐𐑦𐑯𐑳𐑑	ˈpiˌnʌt	𐑐𐑰𐑯𐑳𐑑	ˈpiːnʌt	high	
peanuts	𐑐𐑦𐑯𐑳𐑑𐑕	ˈpiˌnʌts	𐑐𐑰𐑯𐑳𐑑𐑕	ˈpiːnʌts	high	
pear	𐑐𐑧𐑮	per	𐑐𐑺	peəR	high	
pearmain	𐑐𐑩𐑥𐑱𐑯	pəmeɪn	𐑐𐑺𐑥𐑱𐑯	ˈpeəRmeɪn	medium	r_gap:spelling=1,ipa=0; shave_says:𐑐𐑺𐑥𐑱𐑯
pearmain	𐑐𐑻𐑥𐑱𐑯	pɜːRmeɪn	𐑐𐑺𐑥𐑱𐑯	ˈpeəRmeɪn	high	
peashooter	-𐑑𐑼	-tər	𐑐𐑰𐑖𐑵𐑑𐑼	ˈpiːʃuːtəR	high	
peashooter	𐑐𐑦𐑖𐑫𐑑𐑼	ˈpiˌʃutər	𐑐𐑰𐑖𐑵𐑑𐑼	ˈpiːʃuːtəR	high	
pecan	𐑐𐑦𐑒𐑭𐑯	pɪˈkɑːn	𐑐𐑦𐑒𐑨𐑯	pɪˈkæn	high	
pecan	𐑐𐑰𐑒𐑨𐑯	ˈpiːkæn	𐑐𐑦𐑒𐑨𐑯	pɪˈkæn	high	
pecan	𐑐𐑰𐑒𐑩𐑯	ˈpiːkən	𐑐𐑦𐑒𐑨𐑯	pɪˈkæn	high	
pectoral	𐑐𐑧𐑒𐑑𐑪𐑮𐑩𐑤	pekˈtorəl	𐑐𐑧𐑒𐑑𐑼𐑩𐑤	ˈpektərəl	high	
peculiar	𐑐𐑦𐑒𐑘𐑫𐑤𐑘𐑼	pɪˈkjuljəR	𐑐𐑦𐑒𐑿𐑤𐑽	pɪˈkjuːlɪəR	high	
peculiar	𐑐𐑦𐑒𐑿𐑤𐑦𐑼	pɪkjuːliəR	𐑐𐑦𐑒𐑿𐑤𐑽	pɪˈkjuːlɪəR	high	
peculiar	𐑐𐑩𐑒𐑘𐑫𐑤𐑘𐑼	pəˈkjuljəR	𐑐𐑦𐑒𐑿𐑤𐑽	pɪˈkjuːlɪəR	high	
peculiar	𐑐𐑩𐑒𐑿𐑤𐑦𐑼	pəkjuːliəR	𐑐𐑦𐑒𐑿𐑤𐑽	pɪˈkjuːlɪəR	high	
peculiarities	𐑐𐑦𐑒𐑘𐑫𐑤𐑦𐑧𐑮𐑦𐑑𐑦𐑟	pɪˌkjuliˈerɪtiz	𐑐𐑦𐑒𐑿𐑤𐑦𐑨𐑮𐑦𐑑𐑦𐑟	pɪˌkjuːlɪˈærɪtiz	high	
peculiarity	𐑐𐑦𐑒𐑘𐑫𐑤𐑦𐑧𐑮𐑦𐑑𐑦	pɪˌkjuliˈerɪti	𐑐𐑦𐑒𐑿𐑤𐑦𐑨𐑮𐑦𐑑𐑦	pɪˌkjuːlɪˈærɪti	high	
peculiarly	𐑐𐑦𐑒𐑘𐑫𐑤𐑘𐑼𐑤𐑦	pɪˈkjuljəRli	𐑐𐑦𐑒𐑿𐑤𐑽𐑤𐑦	pɪˈkjuːlɪəRli	high	
peculiarly	𐑐𐑦𐑒𐑿𐑤𐑘𐑩𐑤𐑦	pɪkjuːljəli	𐑐𐑦𐑒𐑿𐑤𐑽𐑤𐑦	pɪˈkjuːlɪəRli	medium	r_gap:spelling=1,ipa=0; shave_says:𐑐𐑦𐑒𐑿𐑤𐑽𐑤𐑦
pecuniary	𐑐𐑦𐑒𐑿𐑯𐑘𐑼𐑦	pɪkjuːnjəri	𐑐𐑦𐑒𐑿𐑯𐑽𐑦	pɪˈkjuːnɪəri	high	
pecuniary	𐑐𐑩𐑒𐑘𐑫𐑯𐑦𐑧𐑮𐑦	pəˈkjuniˌeri	𐑐𐑦𐑒𐑿𐑯𐑽𐑦	pɪˈkjuːnɪəri	high	
pedagogic	𐑐𐑧𐑛𐑩𐑜𐑪𐑜𐑦𐑒	ˌpedəˈɡɒɡɪk	𐑐𐑧𐑛𐑩𐑜𐑪𐑡𐑦𐑒	ˌpedəˈɡɒdʒɪk	high	
pedagogy	𐑐𐑧𐑛𐑩𐑜𐑪𐑜𐑦	ˈpedəˌɡɒɡi	𐑐𐑧𐑛𐑩𐑜𐑪𐑡𐑦	ˈpedəɡɒdʒi	high	
pedagogy	𐑐𐑧𐑛𐑩𐑜𐑴𐑡𐑦	ˈpedəˌɡoʊdʒi	𐑐𐑧𐑛𐑩𐑜𐑪𐑡𐑦	ˈpedəɡɒdʒi	high	
pederast	𐑐𐑦𐑛𐑼𐑨𐑕𐑑	ˈpidəræst	𐑐𐑧𐑛𐑼𐑨𐑕𐑑	ˈpedəræst	high	
pederast	𐑐𐑧𐑛𐑼𐑮𐑨𐑕𐑑	ˈpedəRræst	𐑐𐑧𐑛𐑼𐑨𐑕𐑑	ˈpedəræst	high	
pederasty	𐑐𐑦𐑛𐑼𐑨𐑕𐑑𐑦	ˈpidəræsti	𐑐𐑧𐑛𐑼𐑨𐑕𐑑𐑦	ˈpedəræsti	high	
pederasty	𐑐𐑧𐑛𐑼𐑩𐑕𐑑𐑦	pedərəsti	𐑐𐑧𐑛𐑼𐑨𐑕𐑑𐑦	ˈpedəræsti	high	
pediatrician	𐑐𐑦𐑛𐑦𐑩𐑑𐑮𐑦𐑖𐑩𐑯	ˌpidiəˈtrɪʃən	𐑐𐑰𐑛𐑾𐑑𐑮𐑦𐑖𐑩𐑯	ˌpiːdɪəˈtrɪʃən	high	
pediatrics	𐑐𐑦𐑛𐑦𐑨𐑑𐑮𐑦𐑒𐑕	ˌpidiˈætrɪks	𐑐𐑰𐑛𐑦𐑨𐑑𐑮𐑦𐑒𐑕	ˌpiːdɪˈætrɪks	high	
pedigree	𐑐𐑧𐑛𐑦𐑜𐑮𐑦	pedɪɡri	𐑐𐑧𐑛𐑦𐑜𐑮𐑰	ˈpedɪɡriː	high	
pedometer	𐑐𐑦𐑛𐑪𐑥𐑩𐑑𐑼	pɪˈdɒmətəR	𐑐𐑦𐑛𐑪𐑥𐑦𐑑𐑼	pɪˈdɒmɪtəR	high	
pedophilia	𐑐𐑧𐑛𐑩𐑓𐑦𐑤𐑦𐑩	ˌpedəˈfiliə	𐑐𐑰𐑛𐑴𐑓𐑦𐑤𐑾	ˌpiːdəʊˈfɪliə	high	
pedophilia	𐑐𐑰𐑛𐑩𐑓𐑦𐑤𐑦𐑩	ˌpiːdəˈfɪliə	𐑐𐑰𐑛𐑴𐑓𐑦𐑤𐑾	ˌpiːdəʊˈfɪliə	high	
pedro	𐑐𐑱𐑛𐑮𐑴	peɪdrəʊ	𐑐𐑧𐑛𐑮𐑴	ˈpedrəʊ	high	
peep	𐑐𐑦𐑐	pip	𐑐𐑰𐑐	piːp	high	
peeper	𐑐𐑦𐑐𐑼	ˈpipəR	𐑐𐑰𐑐𐑼	ˈpiːpəR	high	
peephole	𐑐𐑦𐑐𐑣𐑴𐑤	ˈpiphoʊl	𐑐𐑰𐑐𐑣𐑴𐑤	ˈpiːphəʊl	high	
peepshow	𐑐𐑦𐑐𐑖𐑴	ˈpipˌʃoʊ	𐑐𐑰𐑐𐑖𐑴	ˈpiːpʃəʊ	high	
peer	𐑐𐑦𐑮	pɪr	𐑐𐑽	pɪəR	high	
peer	𐑐𐑦𐑼	piəR	𐑐𐑽	pɪəR	high	
peer	𐑐𐑰𐑼	piːəR	𐑐𐑽	pɪəR	high	
peers	𐑐𐑦𐑮𐑟	pɪrz	𐑐𐑽𐑟	pɪəRz	high	
peevish	𐑐𐑦𐑝𐑦𐑖	ˈpivɪʃ	𐑐𐑰𐑝𐑦𐑖	ˈpiːvɪʃ	high	
peevishness	-𐑯𐑦𐑕	-nɪs	𐑐𐑰𐑝𐑦𐑖𐑯𐑩𐑕	ˈpiːvɪʃnəs	high	
peevishness	𐑐𐑦𐑝𐑦𐑖𐑯𐑩𐑕	ˈpivɪʃnəs	𐑐𐑰𐑝𐑦𐑖𐑯𐑩𐑕	ˈpiːvɪʃnəs	high	
pekoe	𐑐𐑦𐑒𐑴	ˈpikoʊ	𐑐𐑰𐑒𐑴	ˈpiːkəʊ	high	
pekoe	𐑐𐑧𐑒𐑴	ˈpekoʊ	𐑐𐑰𐑒𐑴	ˈpiːkəʊ	high	
pekoe	𐑐𐑻𐑒𐑴	ˈpɜːkəʊ	𐑐𐑰𐑒𐑴	ˈpiːkəʊ	high	
pelisse	𐑐𐑩𐑤𐑰𐑕	pəˈliːs	𐑐𐑧𐑤𐑰𐑕	peˈliːs	high	
pellucid	𐑐𐑦𐑤𐑿𐑕𐑩𐑛	pɪˈljuːsƏd	𐑐𐑩𐑤𐑵𐑕𐑦𐑛	pəˈluːsɪd	high	
pellucid	𐑐𐑧-	pe-	𐑐𐑩𐑤𐑵𐑕𐑦𐑛	pəˈluːsɪd	high	
pellucid	𐑐𐑩𐑤𐑫𐑕𐑩𐑛	pəˈlusƏd	𐑐𐑩𐑤𐑵𐑕𐑦𐑛	pəˈluːsɪd	high	
penang	𐑐𐑧𐑯𐑨𐑙	peˈnæŋ	𐑐𐑦𐑯𐑨𐑙	pɪˈnæŋ	high	
penang	𐑐𐑩𐑯𐑨𐑙	pəˈnæŋ	𐑐𐑦𐑯𐑨𐑙	pɪˈnæŋ	high	
penang	𐑐𐑩𐑯𐑪𐑙	pəˈnɒŋ	𐑐𐑦𐑯𐑨𐑙	pɪˈnæŋ	high	
penchant	𐑐𐑧𐑯𐑗𐑩𐑯𐑑	ˈpentʃənt	𐑐𐑭𐑯𐑖𐑭𐑯	ˈpɑːnʃɑːn	high	
penchant	𐑐𐑪𐑯𐑖𐑪𐑯	ˈpɒnʃɒn	𐑐𐑭𐑯𐑖𐑭𐑯	ˈpɑːnʃɑːn	high	
pendulous	𐑐𐑧𐑯𐑛𐑘𐑩𐑤𐑩𐑕	ˈpendjələs	𐑐𐑧𐑯𐑡𐑩𐑤𐑩𐑕	ˈpendʒələs	high	
pendulum	𐑐𐑧𐑯𐑛𐑘𐑩𐑤𐑩𐑥	ˈpendjələm	𐑐𐑧𐑯𐑡𐑩𐑤𐑩𐑥	ˈpendʒələm	high	
pendulum	𐑐𐑧𐑯𐑛𐑘𐑫𐑤𐑩𐑥	ˈpendjuləm	𐑐𐑧𐑯𐑡𐑩𐑤𐑩𐑥	ˈpendʒələm	high	
pendulum	𐑐𐑧𐑯𐑡𐑫𐑤𐑩𐑥	ˈpendʒuləm	𐑐𐑧𐑯𐑡𐑩𐑤𐑩𐑥	ˈpendʒələm	high	
penetration	𐑐𐑧𐑯𐑩𐑑𐑮𐑱𐑖𐑩𐑯	penəˈtreɪʃən	𐑐𐑧𐑯𐑦𐑑𐑮𐑱𐑖𐑩𐑯	ˌpenɪˈtreɪʃən	high	
peninsula	𐑐𐑦𐑯𐑦𐑯𐑕𐑘𐑩𐑤𐑩	pɪˈnɪnsjələ	𐑐𐑩𐑯𐑦𐑯𐑕𐑘𐑩𐑤𐑩	pəˈnɪnsjələ	high	
peninsula	𐑐𐑧𐑯𐑦𐑯𐑕𐑘𐑩𐑤𐑩	ˈpenɪnsjələ	𐑐𐑩𐑯𐑦𐑯𐑕𐑘𐑩𐑤𐑩	pəˈnɪnsjələ	high	
peninsula	𐑐𐑩𐑯𐑦𐑯𐑕𐑩𐑤𐑩	pəˈnɪnsələ	𐑐𐑩𐑯𐑦𐑯𐑕𐑘𐑩𐑤𐑩	pəˈnɪnsjələ	high	
peninsular	𐑐𐑧𐑯𐑦𐑯𐑕𐑘𐑩𐑤𐑼	penɪnsjələr	𐑐𐑩𐑯𐑦𐑯𐑕𐑘𐑩𐑤𐑼	pəˈnɪnsjələR	high	
peninsular	𐑐𐑩𐑯𐑦𐑯𐑕𐑩𐑤𐑼	pəˈnɪnsələr	𐑐𐑩𐑯𐑦𐑯𐑕𐑘𐑩𐑤𐑼	pəˈnɪnsjələR	high	
penis	𐑐𐑦𐑯𐑦𐑕	ˈpinɪs	𐑐𐑰𐑯𐑦𐑕	ˈpiːnɪs	high	
penises	𐑐𐑦𐑯𐑦𐑕𐑩𐑟	ˈpinɪsƏz	𐑐𐑰𐑯𐑦𐑕𐑩𐑟	ˈpiːnɪsƏz	high	
pennies	𐑐𐑧𐑯𐑩𐑟	ˈpenƏz	𐑐𐑧𐑯𐑦𐑟	ˈpeniz	high	
pension	𐑐𐑪𐑯𐑕𐑘𐑴𐑯	pɒnˈsjoʊn	𐑐𐑧𐑯𐑖𐑩𐑯, 𐑐𐑪𐑯𐑕𐑦𐑪𐑯	ˈpenʃən	high	
pent-up	𐑐𐑧𐑯𐑑 𐑳𐑐	pent ʌp	𐑐𐑧𐑯𐑑-𐑳𐑐	ˌpent-ˈʌp	high	
pentagon	𐑐𐑧𐑯𐑑𐑩𐑜𐑩𐑯	ˈpentəɡən	𐑐𐑧𐑯𐑑𐑩𐑜𐑪𐑯	ˈpentəɡɒn	high	
pentateuch	𐑐𐑧𐑯𐑑𐑩𐑑𐑫𐑒	ˈpentəˌtʊk	𐑐𐑧𐑯𐑑𐑩𐑑𐑵𐑒, 𐑐𐑧𐑯𐑑𐑩𐑑𐑿𐑒	ˈpentətjuːk	high	
pentecost	-𐑑𐑩-	-tə-	𐑐𐑧𐑯𐑑𐑦𐑒𐑪𐑕𐑑	ˈpentɪkɒst	high	
pentecost	-𐑒𐑪𐑕𐑑	-ˌkɒst	𐑐𐑧𐑯𐑑𐑦𐑒𐑪𐑕𐑑	ˈpentɪkɒst	high	
pentecost	𐑐𐑧𐑯𐑑𐑩𐑒𐑷𐑕𐑑	ˈpentəˌkɔːst	𐑐𐑧𐑯𐑑𐑦𐑒𐑪𐑕𐑑	ˈpentɪkɒst	high	
penultimate	𐑐𐑦𐑯𐑳𐑤𐑑𐑩𐑥𐑩𐑑	pɪˈnʌltəmət	𐑐𐑧𐑯𐑳𐑤𐑑𐑦𐑥𐑩𐑑	penˈʌltɪmət	high	
penultimate	𐑐𐑩𐑯𐑩𐑤𐑑𐑩𐑥𐑩𐑑	pəˈnəltəmət	𐑐𐑧𐑯𐑳𐑤𐑑𐑦𐑥𐑩𐑑	penˈʌltɪmət	high	
penurious	𐑐𐑩𐑯𐑘𐑹𐑦𐑩𐑕	pəˈnjɔːRiəs	𐑐𐑩𐑯𐑘𐑫𐑼𐑾𐑕	pəˈnjʊərɪəs	high	
penurious	𐑐𐑩𐑯𐑘𐑻𐑦𐑩𐑕	pəˈnjɜːRiəs	𐑐𐑩𐑯𐑘𐑫𐑼𐑾𐑕	pəˈnjʊərɪəs	high	
penurious	𐑐𐑩𐑯𐑘𐑼𐑦𐑩𐑕	pəˈnjəriəs	𐑐𐑩𐑯𐑘𐑫𐑼𐑾𐑕	pəˈnjʊərɪəs	high	
penury	𐑐𐑧𐑯𐑘𐑼𐑦	penjəri	𐑐𐑧𐑯𐑘𐑫𐑼𐑦	ˈpenjʊəri	high	
peon	𐑐𐑦𐑪𐑯	ˈpiɒn	𐑐𐑾𐑯	piːən	high	
peon	𐑐𐑰𐑩𐑯	ˈpiːən	𐑐𐑾𐑯	piːən	high	
peon	𐑐𐑱𐑪𐑯	ˈpeɪɒn	𐑐𐑾𐑯	piːən	high	
peonage	𐑐𐑰𐑩𐑯𐑦𐑡	ˈpiːənɪdʒ	𐑐𐑾𐑯𐑦𐑡	ˈpiːənɪdʒ	high	
people	𐑐𐑦𐑐𐑩𐑤	ˈpipəl	𐑐𐑰𐑐𐑩𐑤	ˈpiːpəl	high	
peppercorn	𐑐𐑧𐑐𐑩𐑒𐑹𐑯	pepəkɔːRn	𐑐𐑧𐑐𐑼𐑒𐑹𐑯	ˈpepəRkɔːRn	medium	r_gap:spelling=2,ipa=1; shave_says:𐑐𐑧𐑐𐑼𐑒𐑹𐑯
peppermint	𐑐𐑧𐑐𐑩𐑥𐑦𐑯𐑑	pepəmɪnt	𐑐𐑧𐑐𐑼𐑥𐑦𐑯𐑑	ˈpepəRmɪnt	medium	r_gap:spelling=1,ipa=0; shave_says:𐑐𐑧𐑐𐑼𐑥𐑦𐑯𐑑
per se	𐑐𐑩𐑕𐑱	pəseɪ	𐑐𐑻 𐑕𐑱	ˌpɜːR ˈseɪ	medium	r_gap:spelling=1,ipa=0; shave_says:[𐑐𐑧𐑮 / 𐑐𐑻] 𐑕𐑱
per se	𐑐𐑼𐑕𐑰	pəRˈsiː	𐑐𐑻 𐑕𐑱	ˌpɜːR ˈseɪ	high	
per se	𐑐𐑼𐑕𐑱	pəRˈseɪ	𐑐𐑻 𐑕𐑱	ˌpɜːR ˈseɪ	high	
perceive	𐑐𐑩𐑕𐑰𐑝	pəsiːv	𐑐𐑼𐑕𐑰𐑝	pəRˈsiːv	medium	r_gap:spelling=1,ipa=0; shave_says:𐑐𐑼𐑕𐑰𐑝
perceive	𐑐𐑼𐑕𐑦𐑝	pəRˈsiv	𐑐𐑼𐑕𐑰𐑝	pəRˈsiːv	high	
perceived	𐑐𐑩𐑕𐑰𐑝𐑛	pəsiːvd	𐑐𐑼𐑕𐑰𐑝𐑛	pəRˈsiːvd	medium	r_gap:spelling=1,ipa=0; shave_says:𐑐𐑼𐑕𐑰𐑝𐑛
perceived	𐑐𐑼𐑕𐑦𐑝𐑛	pəRˈsivd	𐑐𐑼𐑕𐑰𐑝𐑛	pəRˈsiːvd	high	
perceiving	𐑐𐑩𐑕𐑰𐑝𐑦𐑙	pəsiːvɪŋ	𐑐𐑼𐑕𐑰𐑝𐑦𐑙	pəRˈsiːvɪŋ	medium	r_gap:spelling=1,ipa=0; shave_says:𐑐𐑼𐑕𐑰𐑝𐑦𐑙
perceiving	𐑐𐑼𐑕𐑦𐑝𐑦𐑙	pəRˈsivɪŋ	𐑐𐑼𐑕𐑰𐑝𐑦𐑙	pəRˈsiːvɪŋ	high	
percent	𐑐𐑩𐑕𐑧𐑯𐑑	pəsent	𐑐𐑼𐑕𐑧𐑯𐑑	pəRˈsent	medium	r_gap:spelling=1,ipa=0; shave_says:𐑐𐑼𐑕𐑧𐑯𐑑
perceptible	𐑐𐑩𐑕𐑧𐑐𐑑𐑦𐑚𐑩𐑤	pəseptɪbəl	𐑐𐑼𐑕𐑧𐑐𐑑𐑩𐑚𐑩𐑤	pəRˈseptəbəl	medium	r_gap:spelling=1,ipa=0; shave_says:𐑐𐑼𐑕𐑧𐑐𐑑𐑩𐑚𐑩𐑤
perception	𐑐𐑩𐑕𐑧𐑐𐑖𐑩𐑯	pəsepʃən	𐑐𐑼𐑕𐑧𐑐𐑖𐑩𐑯	pəRˈsepʃən	medium	r_gap:spelling=1,ipa=0; shave_says:𐑐𐑼𐑕𐑧𐑐𐑖𐑩𐑯
perceptive	𐑐𐑩𐑕𐑧𐑐𐑑𐑦𐑝	pəseptɪv	𐑐𐑼𐑕𐑧𐑐𐑑𐑦𐑝	pəRˈseptɪv	medium	r_gap:spelling=1,ipa=0; shave_says:𐑐𐑼𐑕𐑧𐑐𐑑𐑦𐑝
perchance	𐑐𐑩𐑗𐑭𐑯𐑕	pətʃɑːns	𐑐𐑼𐑗𐑨𐑯𐑕, 𐑐𐑼𐑗𐑭𐑯𐑕	pəRˈtʃⱭːns	medium	r_gap:spelling=1,ipa=0; shave_says:𐑐𐑼𐑗𐑭𐑯𐑕
perchance	𐑐𐑻𐑗𐑭𐑯𐑕	pɜːRtʃɑːns	𐑐𐑼𐑗𐑨𐑯𐑕, 𐑐𐑼𐑗𐑭𐑯𐑕	pəRˈtʃⱭːns	high	
percipient	𐑐𐑩𐑕𐑦𐑐𐑦𐑩𐑯𐑑	pəsɪpiənt	𐑐𐑼𐑕𐑦𐑐𐑾𐑯𐑑	pəRˈsɪpɪənt	medium	r_gap:spelling=1,ipa=0; shave_says:𐑐𐑼𐑕𐑦𐑐𐑾𐑯𐑑
percipient	𐑐𐑼𐑕𐑦𐑐𐑦𐑩𐑯𐑑	pəRˈsɪpiənt	𐑐𐑼𐑕𐑦𐑐𐑾𐑯𐑑	pəRˈsɪpɪənt	high	
percolate	𐑐𐑻𐑒𐑘𐑩𐑤𐑱𐑑	ˈpɜːRkjəleɪt	𐑐𐑻𐑒𐑩𐑤𐑱𐑑	ˈpɜːRkəleɪt	high	
percy	𐑐𐑻𐑒𐑦	ˈpɜːRki	𐑐𐑻𐑕𐑦	ˈpɜːRsi	high	
peregrination	𐑐𐑧-	ˈpe-	𐑐𐑧𐑮𐑦𐑜𐑮𐑦𐑯𐑱𐑖𐑩𐑯	ˌperɪɡrɪˈneɪʃən	medium	r_gap:spelling=2,ipa=0
peregrination	𐑐𐑧𐑮𐑩𐑜𐑮𐑩𐑯𐑱𐑖𐑩𐑯	ˌperəɡrəˈneɪʃən	𐑐𐑧𐑮𐑦𐑜𐑮𐑦𐑯𐑱𐑖𐑩𐑯	ˌperɪɡrɪˈneɪʃən	high	
perennial	𐑐𐑼𐑧𐑯𐑘𐑩𐑤	pəˈrenjəl	𐑐𐑼𐑧𐑯𐑾𐑤	pəˈrenɪəl	high	
perennial	𐑐𐑼𐑧𐑯𐑦𐑩𐑤	pəˈreniəl	𐑐𐑼𐑧𐑯𐑾𐑤	pəˈrenɪəl	high	
perennial	𐑐𐑼𐑧𐑯𐑽𐑤	pərenɪəRl	𐑐𐑼𐑧𐑯𐑾𐑤	pəˈrenɪəl	high	
perfect	-𐑓𐑧𐑒𐑑	-fekt	𐑐𐑻𐑓𐑦𐑒𐑑, 𐑐𐑼𐑓𐑧𐑒𐑑	ˈpɜːRfɪkt	medium	r_gap:spelling=1,ipa=0; shave_says:𐑐𐑻𐑓𐑦𐑒𐑑
perfect	𐑐𐑩𐑓𐑧𐑒𐑑	pəfekt	𐑐𐑻𐑓𐑦𐑒𐑑, 𐑐𐑼𐑓𐑧𐑒𐑑	ˈpɜːRfɪkt	medium	r_gap:spelling=1,ipa=0; shave_says:𐑐𐑻𐑓𐑦𐑒𐑑
perfidious	𐑐𐑩𐑓𐑦𐑛𐑦𐑩𐑕	pəfɪdiəs	𐑐𐑼𐑓𐑦𐑛𐑾𐑕	pəRˈfɪdɪəs	medium	r_gap:spelling=1,ipa=0; shave_says:𐑐𐑼𐑓𐑦𐑛𐑾𐑕
perfidious	𐑐𐑼𐑓𐑦𐑛𐑦𐑩𐑕	pəRˈfɪdiəs	𐑐𐑼𐑓𐑦𐑛𐑾𐑕	pəRˈfɪdɪəs	high	
perforation	𐑐𐑼𐑓𐑼𐑱𐑖𐑩𐑯	ˌpəRfəˈreɪʃən	𐑐𐑻𐑓𐑼𐑱𐑖𐑩𐑯	ˌpɜːRfəˈreɪʃən	high	
perforce	𐑐𐑩𐑓𐑹𐑕	pəfɔːRs	𐑐𐑼𐑓𐑹𐑕	pəRˈfɔːRs	medium	r_gap:spelling=2,ipa=1; shave_says:𐑐𐑼𐑓𐑹𐑕
perform	𐑐𐑩𐑓𐑹𐑥	pəfɔːRm	𐑐𐑼𐑓𐑹𐑥	pəRˈfɔːRm	medium	r_gap:spelling=2,ipa=1; shave_says:𐑐𐑼𐑓𐑹𐑥
perform	𐑐𐑮𐑦𐑓𐑹𐑥	prɪfɔːRm	𐑐𐑼𐑓𐑹𐑥	pəRˈfɔːRm	high	
performance	𐑐𐑩𐑓𐑹𐑥𐑩𐑯𐑕	pəfɔːRməns	𐑐𐑼𐑓𐑹𐑥𐑩𐑯𐑕	pəRˈfɔːRməns	medium	r_gap:spelling=2,ipa=1; shave_says:𐑐𐑼𐑓𐑹𐑥𐑩𐑯𐑕
performed	𐑐𐑩𐑓𐑹𐑥𐑛	pəfɔːRmd	𐑐𐑼𐑓𐑹𐑥𐑛	pəRˈfɔːRmd	medium	r_gap:spelling=2,ipa=1; shave_says:𐑐𐑼𐑓𐑹𐑥𐑛
performer	𐑐𐑩𐑓𐑹𐑥𐑼	pəfɔːRməR	𐑐𐑼𐑓𐑹𐑥𐑼	pəRˈfɔːRməR	medium	r_gap:spelling=3,ipa=2; shave_says:𐑐𐑼𐑓𐑹𐑥𐑼
performing	𐑐𐑩𐑓𐑹𐑥𐑦𐑙	pəfɔːRmɪŋ	𐑐𐑼𐑓𐑹𐑥𐑦𐑙	pəRˈfɔːRmɪŋ	medium	r_gap:spelling=2,ipa=1; shave_says:𐑐𐑼𐑓𐑹𐑥𐑦𐑙
perfumer	𐑐𐑩𐑓𐑿𐑥𐑼	pəfjuːməR	𐑐𐑻𐑓𐑿𐑥𐑼	ˈpɜːRfjuːməR	medium	r_gap:spelling=2,ipa=1; shave_says:𐑐𐑻𐑓𐑿𐑥𐑼
perfunctory	𐑐𐑩𐑓𐑳𐑙𐑒𐑑𐑼𐑦	pəfʌŋktərɪ	𐑐𐑼𐑓𐑳𐑙𐑒𐑑𐑼𐑦	pəRˈfʌŋktəri	medium	r_gap:spelling=2,ipa=1; shave_says:𐑐𐑼𐑓𐑳𐑙𐑒𐑑𐑼𐑦
perhaps	𐑐𐑩𐑣𐑨𐑐𐑕	pəhæps	𐑐𐑼𐑣𐑨𐑐𐑕	pəRˈhæps	medium	r_gap:spelling=1,ipa=0; shave_says:𐑐𐑼𐑣𐑨𐑐𐑕
perhaps	𐑐𐑮𐑨𐑐𐑕	præps	𐑐𐑼𐑣𐑨𐑐𐑕	pəRˈhæps	high	
perhaps	𐑐𐑼𐑨𐑐𐑕	pəræps	𐑐𐑼𐑣𐑨𐑐𐑕	pəRˈhæps	high	
perigee	𐑐𐑧𐑮𐑩𐑡𐑦	ˈperədʒi	𐑐𐑧𐑮𐑦𐑡𐑰	ˈperɪdʒiː	high	
perihelion	𐑐𐑧𐑮𐑩𐑣𐑦𐑤𐑘𐑩𐑯	ˌperəˈhiljən	𐑐𐑧𐑮𐑦𐑣𐑰𐑤𐑾𐑯	ˌperɪˈhiːlɪən	high	
perihelion	𐑐𐑧𐑮𐑩𐑣𐑰𐑤𐑦𐑩𐑯	ˌperəˈhiːliən	𐑐𐑧𐑮𐑦𐑣𐑰𐑤𐑾𐑯	ˌperɪˈhiːlɪən	high	
period	𐑐𐑦𐑮𐑦𐑩𐑛	ˈpɪriəd	𐑐𐑽𐑾𐑛	ˈpɪərɪəd	high	
period	𐑐𐑽𐑦𐑩𐑛	pɪəriəd	𐑐𐑽𐑾𐑛	ˈpɪərɪəd	high	
periodic	𐑐𐑦𐑮𐑦𐑪𐑛𐑦𐑒	pɪriɒdɪk	𐑐𐑽𐑦𐑪𐑛𐑦𐑒	ˌpɪərɪˈɒdɪk	high	
periodic	𐑐𐑾-	pɪə-	𐑐𐑽𐑦𐑪𐑛𐑦𐑒	ˌpɪərɪˈɒdɪk	medium	r_gap:spelling=1,ipa=0; shave_says:𐑐𐑽𐑦𐑪𐑛𐑦𐑒
periodical	𐑐𐑦𐑮𐑦𐑪𐑛𐑦𐑒𐑩𐑤	ˌpɪriˈɒdɪkəl	𐑐𐑽𐑦𐑪𐑛𐑦𐑒𐑩𐑤	ˌpɪərɪˈɒdɪkəl	high	
periodicals	𐑐𐑦𐑮𐑦𐑪𐑛𐑦𐑒𐑩𐑤𐑕	pɪriˈɒdɪkəls	𐑐𐑽𐑦𐑪𐑛𐑦𐑒𐑩𐑤𐑟	ˌpɪərɪˈɒdɪkəlz	high	
periphrastic	𐑐𐑧𐑮𐑩𐑓𐑮𐑨𐑕𐑑𐑦𐑒	ˌperəˈfræstɪk	𐑐𐑧𐑮𐑦𐑓𐑮𐑨𐑕𐑑𐑦𐑒	ˌperɪˈfræstɪk	high	
peristyle	𐑐𐑧𐑮𐑩𐑕𐑑𐑲𐑤	ˈperəstaɪl	𐑐𐑧𐑮𐑦𐑕𐑑𐑲𐑤	ˈperɪstaɪl	high	
permafrost	𐑐𐑻𐑥𐑩𐑓𐑮𐑷𐑕𐑑	ˈpɜːRməˌfrɔːst	𐑐𐑻𐑥𐑩𐑓𐑮𐑪𐑕𐑑	ˈpɜːRməfrɒst	high	
permeability	𐑐𐑻𐑥𐑦𐑩𐑚𐑦𐑤𐑦𐑑𐑦	ˌpɜːRmiəˈbɪlɪti	𐑐𐑻𐑥𐑾𐑚𐑦𐑤𐑦𐑑𐑦	ˌpɜːRmɪəˈbɪlɪti	high	
permeable	𐑐𐑻𐑥𐑦𐑩𐑚𐑩𐑤	pɜːRmiəbəl	𐑐𐑻𐑥𐑾𐑚𐑩𐑤	ˈpɜːRmɪəbəl	high	
permissible	𐑐𐑩𐑥𐑦𐑕𐑦𐑚𐑩𐑤	pəmɪsɪbəl	𐑐𐑼𐑥𐑦𐑕𐑩𐑚𐑩𐑤	pəRˈmɪsəbəl	low	ml_disagrees:𐑐𐑩𐑥𐑦𐑕𐑩𐑚𐑩𐑤; r_gap:spelling=1,ipa=0; shave_says:𐑐𐑼𐑥𐑦𐑕𐑩𐑚𐑩𐑤
permissible	𐑐𐑼𐑥𐑦𐑕𐑦𐑚𐑩𐑤	pəRˈmɪsɪbəl	𐑐𐑼𐑥𐑦𐑕𐑩𐑚𐑩𐑤	pəRˈmɪsəbəl	high	
permission	𐑐𐑩𐑥𐑦𐑖𐑩𐑯	pəmɪʃən	𐑐𐑼𐑥𐑦𐑖𐑩𐑯	pəRˈmɪʃən	medium	r_gap:spelling=1,ipa=0; shave_says:𐑐𐑼𐑥𐑦𐑕𐑾𐑯
permit	𐑐𐑩𐑥𐑦𐑑	pəmɪt	𐑐𐑻𐑥𐑦𐑑, 𐑐𐑼𐑥𐑦𐑑	ˈpɜːRmɪt	medium	r_gap:spelling=1,ipa=0; shave_says:[𐑐𐑻𐑥𐑦𐑑 / 𐑐𐑼𐑥𐑦𐑑]
permitted	𐑐𐑩𐑥𐑦𐑑𐑩𐑛	pəmɪtƏd	𐑐𐑼𐑥𐑦𐑑𐑩𐑛	pəRˈmɪtƏd	medium	r_gap:spelling=1,ipa=0; shave_says:𐑐𐑼𐑥𐑦𐑑𐑩𐑛
permutation	𐑐𐑻𐑥𐑘𐑩𐑑𐑱𐑖𐑩𐑯	pɜːRmjəteɪʃən	𐑐𐑻𐑥𐑿𐑑𐑱𐑖𐑩𐑯	ˌpɜːRmjuːˈteɪʃən	high	
pernicious	𐑐𐑩𐑯𐑦𐑖𐑩𐑕	pənɪʃəs	𐑐𐑼𐑯𐑦𐑖𐑩𐑕	pəRˈnɪʃəs	medium	r_gap:spelling=1,ipa=0; shave_says:𐑐𐑼𐑯𐑦𐑖𐑩𐑕
pernickety	𐑐𐑩𐑯𐑦𐑒𐑦𐑑𐑦	pənɪkɪti	𐑐𐑼𐑯𐑦𐑒𐑩𐑑𐑦	pəRˈnɪkəti	medium	r_gap:spelling=1,ipa=0; shave_says:𐑐𐑼𐑯𐑦𐑒𐑩𐑑𐑦
pernickety	𐑐𐑩𐑯𐑦𐑒𐑩𐑑𐑦	pənɪkəti	𐑐𐑼𐑯𐑦𐑒𐑩𐑑𐑦	pəRˈnɪkəti	medium	r_gap:spelling=1,ipa=0; shave_says:𐑐𐑼𐑯𐑦𐑒𐑩𐑑𐑦
perpendicular	𐑐𐑻𐑐𐑩𐑯𐑛𐑦𐑒𐑘𐑫𐑤𐑼	ˌpɜːRpənˈdɪkjuləR	𐑐𐑻𐑐𐑩𐑯𐑛𐑦𐑒𐑘𐑩𐑤𐑼	ˌpɜːRpənˈdɪkjələR	high	
perpetual	𐑐𐑩𐑐𐑧𐑑𐑘𐑩𐑼𐑤	pəpetjəəRl	𐑐𐑼𐑐𐑧𐑗𐑫𐑩𐑤	pəRˈpetʃuəl	medium	ml_disagrees:𐑐𐑩𐑐𐑧𐑑𐑘ː𐑼𐑤; shave_says:𐑐𐑼𐑐𐑧𐑗𐑵𐑩𐑤
perpetual	𐑐𐑩𐑐𐑧𐑗𐑫𐑼𐑤	pəpetʃʊəRl	𐑐𐑼𐑐𐑧𐑗𐑫𐑩𐑤	pəRˈpetʃuəl	high	
perpetually	𐑐𐑩𐑐𐑧𐑑𐑘𐑩𐑼𐑤𐑦	pəpetjəəRli	𐑐𐑼𐑐𐑧𐑗𐑫𐑩𐑤𐑦	pəRˈpetʃuəli	medium	ml_disagrees:𐑐𐑩𐑐𐑧𐑑𐑘ː𐑼𐑤𐑦; shave_says:𐑐𐑼𐑐𐑧𐑗𐑵𐑤𐑦
perpetually	𐑐𐑩𐑐𐑧𐑗𐑫𐑼𐑤𐑦	pəpetʃʊəRli	𐑐𐑼𐑐𐑧𐑗𐑫𐑩𐑤𐑦	pəRˈpetʃuəli	high	
perpetuate	-𐑐𐑧𐑑𐑘𐑫𐑱𐑑	-petjueɪt	𐑐𐑼𐑐𐑧𐑗𐑫𐑱𐑑	pəRˈpetʃueɪt	medium	r_gap:spelling=1,ipa=0; shave_says:𐑐𐑼𐑐𐑧𐑗𐑵𐑱𐑑
perpetuate	-𐑗𐑩𐑢𐑩𐑑	-tʃəwət	𐑐𐑼𐑐𐑧𐑗𐑫𐑱𐑑	pəRˈpetʃueɪt	medium	r_gap:spelling=1,ipa=0
perpetuate	𐑐𐑩𐑐𐑧𐑑𐑘𐑩𐑼𐑑	pəpetjəəRt	𐑐𐑼𐑐𐑧𐑗𐑫𐑱𐑑	pəRˈpetʃueɪt	medium	ml_disagrees:𐑐𐑩𐑐𐑧𐑑𐑘ː𐑼𐑑; shave_says:𐑐𐑼𐑐𐑧𐑗𐑵𐑱𐑑
perpetuate	𐑐𐑩𐑐𐑧𐑗𐑫𐑱𐑑	pəpetʃʊeɪt	𐑐𐑼𐑐𐑧𐑗𐑫𐑱𐑑	pəRˈpetʃueɪt	medium	r_gap:spelling=1,ipa=0; shave_says:𐑐𐑼𐑐𐑧𐑗𐑵𐑱𐑑
perpetuate	𐑐𐑩𐑐𐑧𐑗𐑫𐑼𐑑	pəpetʃʊəRt	𐑐𐑼𐑐𐑧𐑗𐑫𐑱𐑑	pəRˈpetʃueɪt	high	
perpetuate	𐑐𐑼𐑐𐑧𐑗𐑩𐑢𐑱𐑑	pəRˈpetʃəˌweɪt	𐑐𐑼𐑐𐑧𐑗𐑫𐑱𐑑	pəRˈpetʃueɪt	high	
perpetuity	𐑐𐑻𐑐𐑦𐑑𐑿𐑦𐑑𐑦	pɜːrpɪtjuːɪti	𐑐𐑻𐑐𐑩𐑑𐑵𐑦𐑑𐑦, 𐑐𐑻𐑐𐑩𐑑𐑿𐑦𐑑𐑦	ˌpɜːRpəˈtjuːɪti	high	
perplex	𐑐𐑩𐑐𐑤𐑧𐑒𐑕	pəpleks	𐑐𐑼𐑐𐑤𐑧𐑒𐑕	pəRˈpleks	medium	r_gap:spelling=1,ipa=0; shave_says:𐑐𐑼𐑐𐑤𐑧𐑒𐑕
perplexed	𐑐𐑩𐑐𐑤𐑧𐑒𐑕𐑑	pəplekst	𐑐𐑼𐑐𐑤𐑧𐑒𐑕𐑑	pəRˈplekst	medium	r_gap:spelling=1,ipa=0; shave_says:𐑐𐑼𐑐𐑤𐑧𐑒𐑕𐑑
perplexity	𐑐𐑩𐑐𐑤𐑧𐑒𐑕𐑦𐑑𐑦	pəpleksɪti	𐑐𐑼𐑐𐑤𐑧𐑒𐑕𐑦𐑑𐑦	pəRˈpleksɪti	medium	r_gap:spelling=1,ipa=0; shave_says:𐑐𐑼𐑐𐑤𐑧𐑒𐑕𐑦𐑑𐑦
perplexity	𐑐𐑼𐑐𐑤𐑧𐑒𐑕𐑩𐑑𐑦	pərˈpleksəti	𐑐𐑼𐑐𐑤𐑧𐑒𐑕𐑦𐑑𐑦	pəRˈpleksɪti	high	
persecute	𐑐𐑻𐑕𐑩𐑒𐑘𐑫𐑑	ˈpɜːRsəkjut	𐑐𐑻𐑕𐑦𐑒𐑿𐑑	ˈpɜːRsɪkjuːt	high	
persecuted	𐑐𐑻𐑕𐑩𐑒𐑘𐑫𐑑𐑩𐑛	ˈpɜːRsəˌkjutƏd	𐑐𐑻𐑕𐑦𐑒𐑿𐑑𐑩𐑛	ˈpɜːRsɪkjuːtƏd	high	
persecution	𐑐𐑻𐑕𐑩𐑒𐑘𐑫𐑖𐑩𐑯	ˌpɜːRsəˈkjuʃən	𐑐𐑻𐑕𐑦𐑒𐑿𐑖𐑩𐑯	ˌpɜːRsɪˈkjuːʃən	high	
persecution	𐑐𐑻𐑕𐑩𐑒𐑿𐑖𐑩𐑯	pɜːRsəkjuːʃən	𐑐𐑻𐑕𐑦𐑒𐑿𐑖𐑩𐑯	ˌpɜːRsɪˈkjuːʃən	high	
perseverance	𐑐𐑩𐑕𐑧𐑝𐑼𐑩𐑯𐑕	pəsevərəns	𐑐𐑻𐑕𐑩𐑝𐑽𐑩𐑯𐑕	ˌpɜːRsəˈvɪərəns	medium	r_gap:spelling=2,ipa=1; shave_says:𐑐𐑻𐑕𐑩𐑝𐑽𐑩𐑯𐑕
perseverance	𐑐𐑻𐑕𐑩𐑝𐑦𐑮𐑩𐑯𐑕	ˌpɜːRsəˈvɪrəns	𐑐𐑻𐑕𐑩𐑝𐑽𐑩𐑯𐑕	ˌpɜːRsəˈvɪərəns	high	
perseverance	𐑐𐑼𐑕𐑧𐑝𐑼𐑩𐑯𐑕	pəRˈsevərəns	𐑐𐑻𐑕𐑩𐑝𐑽𐑩𐑯𐑕	ˌpɜːRsəˈvɪərəns	high	
persevere	𐑐𐑻𐑕𐑩𐑝𐑦𐑮	ˌpɜːRsəˈvir	𐑐𐑻𐑕𐑩𐑝𐑽	ˌpɜːRsəˈvɪəR	high	
persimmon	𐑐𐑻𐑕𐑦𐑥𐑩𐑯	pɜːRsɪmən	𐑐𐑼𐑕𐑦𐑥𐑩𐑯	pəRˈsɪmən	high	
persist	𐑐𐑩𐑕𐑦𐑕𐑑	pəsɪst	𐑐𐑼𐑕𐑦𐑕𐑑	pəRˈsɪst	medium	r_gap:spelling=1,ipa=0; shave_says:𐑐𐑼𐑕𐑦𐑕𐑑
persisted	𐑐𐑩𐑕𐑦𐑕𐑑𐑩𐑛	pəsɪstƏd	𐑐𐑼𐑕𐑦𐑕𐑑𐑩𐑛	pəRˈsɪstƏd	medium	r_gap:spelling=1,ipa=0; shave_says:𐑐𐑼𐑕𐑦𐑕𐑑𐑩𐑛
persistence	𐑐𐑩𐑕𐑦𐑕𐑑𐑩𐑯𐑕	pəsɪstəns	𐑐𐑼𐑕𐑦𐑕𐑑𐑩𐑯𐑕	pəRˈsɪstəns	medium	r_gap:spelling=1,ipa=0; shave_says:𐑐𐑼𐑕𐑦𐑕𐑑𐑩𐑯𐑕
persistent	𐑐𐑩𐑕𐑦𐑕𐑑𐑩𐑯𐑑	pəsɪstənt	𐑐𐑼𐑕𐑦𐑕𐑑𐑩𐑯𐑑	pəRˈsɪstənt	medium	r_gap:spelling=1,ipa=0; shave_says:𐑐𐑼𐑕𐑦𐑕𐑑𐑩𐑯𐑑
persona	𐑐𐑩𐑕𐑴𐑯𐑩	pəsəʊnə	𐑐𐑼𐑕𐑴𐑯𐑩	pəRˈsəʊnə	medium	r_gap:spelling=1,ipa=0; shave_says:𐑐𐑼𐑕𐑴𐑯𐑩
persona	𐑐𐑻𐑕𐑴𐑯𐑩	pɜːRˈsoʊnə	𐑐𐑼𐑕𐑴𐑯𐑩	pəRˈsəʊnə	high	
personal	𐑐𐑻𐑕𐑯𐑩𐑤	pɜːRsnəl	𐑐𐑻𐑕𐑩𐑯𐑩𐑤	ˈpɜːRsənəl	high	
personality	-𐑤𐑦-	-lɪ-	𐑐𐑻𐑕𐑩𐑯𐑨𐑤𐑦𐑑𐑦	ˌpɜːRsəˈnælɪti	medium	r_gap:spelling=1,ipa=0
personality	-𐑦	-i	𐑐𐑻𐑕𐑩𐑯𐑨𐑤𐑦𐑑𐑦	ˌpɜːRsəˈnælɪti	medium	r_gap:spelling=1,ipa=0; shave_says:𐑐𐑻𐑕𐑩𐑯𐑤𐑦𐑑𐑦
personality	𐑐𐑻𐑕𐑩𐑯𐑨𐑤𐑩𐑑𐑦	pɜːRsənælətɪ	𐑐𐑻𐑕𐑩𐑯𐑨𐑤𐑦𐑑𐑦	ˌpɜːRsəˈnælɪti	high	
personalize	𐑐𐑻𐑕𐑯𐑩𐑤𐑲𐑟	pɜːRsnəlaɪz	𐑐𐑻𐑕𐑩𐑯𐑩𐑤𐑲𐑟	ˈpɜːRsənəlaɪz	high	
personally	𐑐𐑻𐑕𐑯𐑩𐑤𐑦	pɜːRsnəli	𐑐𐑻𐑕𐑩𐑯𐑩𐑤𐑦	ˈpɜːRsənəli	high	
personnel	𐑐𐑻𐑕𐑯𐑧𐑤	pɜːRsˈnel	𐑐𐑻𐑕𐑩𐑯𐑧𐑤	ˌpɜːRsəˈnel	high	
perspicuity	𐑐𐑼𐑕𐑐𐑩𐑒𐑘𐑫𐑩𐑑𐑦	ˌpəRspəˈkjuəti	𐑐𐑻𐑕𐑐𐑦𐑒𐑿𐑦𐑑𐑦	ˌpɜːRspɪˈkjuːɪti	high	
perspicuous	𐑐𐑩𐑕𐑐𐑦𐑒𐑿𐑩𐑕	pəspɪkjuːəs	𐑐𐑼𐑕𐑐𐑦𐑒𐑘𐑫𐑩𐑕	pəRˈspɪkjuəs	medium	r_gap:spelling=1,ipa=0; shave_says:𐑐𐑼𐑕𐑐𐑦𐑒𐑿𐑩𐑕
perspicuous	𐑐𐑼𐑕𐑐𐑦𐑒𐑘𐑩𐑢𐑩𐑕	pərˈspɪkjəwəs	𐑐𐑼𐑕𐑐𐑦𐑒𐑘𐑫𐑩𐑕	pəRˈspɪkjuəs	high	
perspicuous	𐑐𐑼𐑕𐑐𐑦𐑒𐑿𐑩𐑕	pəRˈspɪkjuːəs	𐑐𐑼𐑕𐑐𐑦𐑒𐑘𐑫𐑩𐑕	pəRˈspɪkjuəs	high	
perspire	𐑐𐑩𐑕𐑐𐑲𐑼	pəspaɪər	𐑐𐑼𐑕𐑐𐑲𐑼	pəRˈspaɪəR	medium	r_gap:spelling=2,ipa=1; shave_says:𐑐𐑼𐑕𐑐𐑲𐑼
perspire	𐑐𐑼𐑕𐑐𐑲𐑮	pəRˈspaɪr	𐑐𐑼𐑕𐑐𐑲𐑼	pəRˈspaɪəR	high	
persuaded	𐑐𐑩𐑕𐑢𐑱𐑛𐑩𐑛	pəsweɪdƏd	𐑐𐑼𐑕𐑢𐑱𐑛𐑩𐑛	pəRˈsweɪdƏd	medium	r_gap:spelling=1,ipa=0; shave_says:𐑐𐑼𐑕𐑢𐑱𐑛𐑩𐑛
persuasion	𐑐𐑩𐑕𐑢𐑱𐑠𐑩𐑯	pəsweɪʒən	𐑐𐑼𐑕𐑢𐑱𐑠𐑩𐑯	pəRˈsweɪʒən	medium	r_gap:spelling=1,ipa=0; shave_says:𐑐𐑼𐑕𐑢𐑱𐑠𐑩𐑯
pertain	𐑐𐑩𐑑𐑱𐑯	pəteɪn	𐑐𐑼𐑑𐑱𐑯	pəRˈteɪn	medium	r_gap:spelling=1,ipa=0; shave_says:𐑐𐑼𐑑𐑱𐑯
pertaining	𐑐𐑩𐑑𐑱𐑯𐑦𐑙	pəteɪnɪŋ	𐑐𐑼𐑑𐑱𐑯𐑦𐑙	pəRˈteɪnɪŋ	medium	r_gap:spelling=1,ipa=0; shave_says:𐑐𐑼𐑑𐑱𐑯𐑦𐑙
pertinacious	𐑐𐑻𐑑𐑩𐑯𐑱𐑖𐑩𐑕	pɜːRtənˈeɪʃəs	𐑐𐑻𐑑𐑦𐑯𐑱𐑖𐑩𐑕	ˌpɜːRtɪˈneɪʃəs	high	
pertinaciously	𐑐𐑻𐑑𐑩𐑯𐑱𐑖𐑩𐑕𐑤𐑦	pɜːRtəneɪʃəsli	𐑐𐑻𐑑𐑦𐑯𐑱𐑖𐑩𐑕𐑤𐑦	ˌpɜːRtɪˈneɪʃəsli	high	
pertinent	𐑐𐑼𐑑𐑦𐑯𐑩𐑯𐑑	ˈpəRtɪnənt	𐑐𐑻𐑑𐑦𐑯𐑩𐑯𐑑	ˈpɜːRtɪnənt	high	
perturb	𐑐𐑩𐑑𐑻𐑚	pətɜːRb	𐑐𐑼𐑑𐑻𐑚	pəRˈtɜːRb	medium	r_gap:spelling=2,ipa=1; shave_says:𐑐𐑼𐑑𐑻𐑚
peruke	𐑐𐑼𐑫𐑒	pəˈruk	𐑐𐑼𐑵𐑒	pəˈruːk	high	
pervade	𐑐𐑩𐑝𐑱𐑛	pəveɪd	𐑐𐑼𐑝𐑱𐑛	pəRˈveɪd	medium	r_gap:spelling=1,ipa=0; shave_says:𐑐𐑼𐑝𐑱𐑛
pervade	𐑐𐑻𐑝𐑱𐑛	pɜːrveɪd	𐑐𐑼𐑝𐑱𐑛	pəRˈveɪd	high	
pervasive	𐑐𐑩𐑝𐑱𐑕𐑦𐑝	pəveɪsɪv	𐑐𐑼𐑝𐑱𐑕𐑦𐑝	pəRˈveɪsɪv	medium	r_gap:spelling=1,ipa=0; shave_says:𐑐𐑼𐑝𐑱𐑕𐑦𐑝
perverse	𐑐𐑩𐑝𐑻𐑕	pəvɜːRs	𐑐𐑼𐑝𐑻𐑕	pəRˈvɜːRs	medium	r_gap:spelling=2,ipa=1; shave_says:𐑐𐑼𐑝𐑻𐑕
pervert	𐑐𐑼𐑝𐑼𐑑	ˈpəRvəRt	𐑐𐑻𐑝𐑻𐑑, 𐑐𐑼𐑝𐑻𐑑	ˈpɜːRvɜːRt	high	
peshawar	𐑐𐑧𐑖𐑩𐑢𐑸	peˈʃəˌwɑːr	𐑐𐑧𐑖𐑭𐑢𐑸	peˈʃɑːwɑːR	high	
pesticide	𐑐𐑧𐑕𐑑𐑩𐑕𐑲𐑛	ˈpestəsaɪd	𐑐𐑧𐑕𐑑𐑦𐑕𐑲𐑛	ˈpestɪsaɪd	high	
pestilence	𐑐𐑧𐑕𐑑𐑩𐑤𐑩𐑯𐑑𐑕	ˈpestələnts	𐑐𐑧𐑕𐑑𐑦𐑤𐑩𐑯𐑕	ˈpestɪləns	high	
peter	𐑐𐑦𐑑𐑼	ˈpitəR	𐑐𐑰𐑑𐑼	ˈpiːtəR	high	
peterson	𐑐𐑦𐑑𐑼𐑕𐑩𐑯	ˈpitəRsən	𐑐𐑰𐑑𐑼𐑕𐑩𐑯	ˈpiːtəRsən	high	
peterson	𐑐𐑰𐑑𐑩𐑕𐑩𐑯	piːtəsən	𐑐𐑰𐑑𐑼𐑕𐑩𐑯	ˈpiːtəRsən	medium	r_gap:spelling=1,ipa=0; shave_says:𐑐𐑰𐑑𐑼𐑕𐑩𐑯
petit bourgeois	𐑐𐑧𐑑𐑦 𐑚𐑫𐑼𐑠𐑢𐑪	ˌpeti ˈbʊərʒwɒ	𐑐𐑧𐑑𐑦 𐑚𐑫𐑼𐑠𐑢𐑭	ˌpeti ˈbʊəRʒwɑː	high	
petit bourgeois	𐑐𐑩𐑑𐑦 𐑚𐑫𐑼𐑠𐑢𐑨	pəˌti bʊərˈʒwa	𐑐𐑧𐑑𐑦 𐑚𐑫𐑼𐑠𐑢𐑭	ˌpeti ˈbʊəRʒwɑː	high	
petrarch	𐑐𐑦𐑑𐑮𐑸𐑒	ˈpitrɑːRk	𐑐𐑧𐑑𐑮𐑸𐑒	ˈpetrɑːRk	high	
petrify	𐑐𐑧𐑑𐑮𐑩𐑓𐑲	ˈpetrəˌfaɪ	𐑐𐑧𐑑𐑮𐑦𐑓𐑲	ˈpetrɪfaɪ	high	
petroleum	𐑐𐑩𐑑𐑮𐑴𐑤𐑦𐑩𐑥	pəˈtroʊliəm	𐑐𐑩𐑑𐑮𐑴𐑤𐑾𐑥	pəˈtrəʊlɪəm	high	
petrology	𐑐𐑦𐑑𐑮𐑪𐑤𐑩𐑡𐑦	pɪtrɒlədʒi	𐑐𐑩𐑑𐑮𐑪𐑤𐑩𐑡𐑦	pəˈtrɒlədʒi	high	
petunia	𐑐𐑩𐑑𐑵𐑯𐑘𐑩	pəˈtuːnjə	𐑐𐑩𐑑𐑵𐑯𐑾, 𐑐𐑩𐑑𐑿𐑯𐑾	pəˈtjuːnɪə	high	
petunia	𐑐𐑩𐑑𐑵𐑯𐑦𐑩	pəˈtuːniə	𐑐𐑩𐑑𐑵𐑯𐑾, 𐑐𐑩𐑑𐑿𐑯𐑾	pəˈtjuːnɪə	high	
pewter	𐑐𐑘𐑫𐑑𐑼	ˈpjutəR	𐑐𐑿𐑑𐑼	ˈpjuːtəR	high	
pfennig	𐑐𐑓𐑧𐑯𐑦𐑜	ˈpfenɪɡ	𐑓𐑧𐑯𐑦𐑜	ˈfenɪɡ	high	
phalanges	𐑓𐑨𐑤𐑨𐑯𐑡𐑩𐑟	ˈfælændʒƏz	𐑓𐑩𐑤𐑨𐑯𐑡𐑰𐑟	fəˈlændʒiːz	high	
phalanges	𐑓𐑨𐑤𐑨𐑯𐑡𐑰𐑟	fæˈlændʒiːz	𐑓𐑩𐑤𐑨𐑯𐑡𐑰𐑟	fəˈlændʒiːz	high	
phalanges	𐑓𐑩𐑤𐑨𐑯𐑡𐑦𐑟	fəˈlændʒiz	𐑓𐑩𐑤𐑨𐑯𐑡𐑰𐑟	fəˈlændʒiːz	high	
phalanges	𐑓𐑩𐑤𐑨𐑯𐑡𐑩𐑟	fəˈlændʒƏz	𐑓𐑩𐑤𐑨𐑯𐑡𐑰𐑟	fəˈlændʒiːz	high	
phalanges	𐑓𐑱𐑤𐑨𐑯𐑡𐑦𐑟	feɪˈlændʒiz	𐑓𐑩𐑤𐑨𐑯𐑡𐑰𐑟	fəˈlændʒiːz	high	
phalanges	𐑓𐑱𐑤𐑨𐑯𐑡𐑩𐑟	ˈfeɪlændʒƏz	𐑓𐑩𐑤𐑨𐑯𐑡𐑰𐑟	fəˈlændʒiːz	high	
phantasmagoria	𐑓𐑨𐑯𐑑𐑨𐑟𐑥𐑩𐑜𐑪𐑮𐑦𐑩	fæntæzməɡɒriə	𐑓𐑨𐑯𐑑𐑨𐑟𐑥𐑩𐑜𐑪𐑮𐑾	ˌfæntæzməˈɡɒrɪə	high	
phantasmagoria	𐑓𐑨𐑯𐑑𐑨𐑟𐑥𐑩𐑜𐑹𐑦𐑩	ˌfæntæzməˈɡɔːriə	𐑓𐑨𐑯𐑑𐑨𐑟𐑥𐑩𐑜𐑪𐑮𐑾	ˌfæntæzməˈɡɒrɪə	high	
pharaoh	𐑓𐑨𐑮𐑴	ˈfæroʊ	𐑓𐑺𐑴	ˈfeərəʊ	high	
pharaoh	𐑓𐑻𐑴	fɜːrəʊ	𐑓𐑺𐑴	ˈfeərəʊ	high	
pharisaical	𐑓𐑨𐑮𐑦𐑕𐑱𐑒𐑩𐑤	farɪseɪkəl	𐑓𐑨𐑮𐑦𐑕𐑱𐑦𐑒𐑩𐑤	ˌfærɪˈseɪɪkəl	high	
pharisee	𐑓𐑧𐑮𐑦𐑕𐑦	ˈferɪsi	𐑓𐑨𐑮𐑦𐑕𐑰	ˈfærɪsiː	high	
pharisee	𐑓𐑧𐑮𐑦𐑕𐑰	ferɪsiː	𐑓𐑨𐑮𐑦𐑕𐑰	ˈfærɪsiː	high	
pharmaceutical	𐑓𐑸𐑥𐑩𐑒𐑿𐑑𐑦𐑒𐑩𐑤	fɑːRməkjuːtɪkəl	𐑓𐑸𐑥𐑩𐑕𐑵𐑑𐑦𐑒𐑩𐑤	ˌfɑːRməˈsuːtɪkəl	high	
pharmaceutical	𐑓𐑸𐑥𐑩𐑕𐑘𐑫𐑑𐑦𐑒𐑩𐑤	ˌfɑːRməˈsjutɪkəl	𐑓𐑸𐑥𐑩𐑕𐑵𐑑𐑦𐑒𐑩𐑤	ˌfɑːRməˈsuːtɪkəl	high	
pharmaceutical	𐑓𐑸𐑥𐑩𐑕𐑿𐑑𐑦𐑒𐑩𐑤	fɑːRməsjuːtɪkəl	𐑓𐑸𐑥𐑩𐑕𐑵𐑑𐑦𐑒𐑩𐑤	ˌfɑːRməˈsuːtɪkəl	high	
pharmacopoeia	𐑓𐑸𐑥𐑩𐑒𐑩𐑐𐑦𐑩	ˌfɑːRməkəˈpiə	𐑓𐑸𐑥𐑩𐑒𐑴𐑐𐑾	ˌfɑːRməkəʊˈpiːə	high	
pharmacopoeia	𐑓𐑸𐑥𐑩𐑒𐑩𐑐𐑰𐑩	fɑːRməkəpiːə	𐑓𐑸𐑥𐑩𐑒𐑴𐑐𐑾	ˌfɑːRməkəʊˈpiːə	high	
pharynx	𐑓𐑧𐑮𐑦𐑙𐑒𐑕	ˈferɪŋks	𐑓𐑨𐑮𐑦𐑙𐑒𐑕	ˈfærɪŋks	high	
phenol	𐑓𐑦𐑯𐑪𐑤	ˈfiˌnɒl	𐑓𐑰𐑯𐑪𐑤	ˈfiːnɒl	high	
phenol	𐑓𐑦𐑯𐑴𐑤	ˈfiˌnoʊl	𐑓𐑰𐑯𐑪𐑤	ˈfiːnɒl	high	
phenol	𐑓𐑦𐑯𐑷𐑤	ˈfiˌnɔːl	𐑓𐑰𐑯𐑪𐑤	ˈfiːnɒl	high	
phenomenal	𐑓𐑩-	fə-	𐑓𐑦𐑯𐑪𐑥𐑦𐑯𐑩𐑤	fɪˈnɒmɪnəl	high	
phenomenon	-𐑯𐑩𐑯	-nən	𐑓𐑦𐑯𐑪𐑥𐑦𐑯𐑩𐑯	fɪˈnɒmɪnən	high	
phenomenon	𐑓𐑦-	fɪ-	𐑓𐑦𐑯𐑪𐑥𐑦𐑯𐑩𐑯	fɪˈnɒmɪnən	high	
phenomenon	𐑓𐑩𐑯𐑪𐑥𐑦𐑯𐑩𐑯	fəˈnɒmɪnən	𐑓𐑦𐑯𐑪𐑥𐑦𐑯𐑩𐑯	fɪˈnɒmɪnən	high	
phenomenon	𐑓𐑩𐑯𐑪𐑥𐑩𐑯𐑪𐑯	fəˈnɒməˌnɒn	𐑓𐑦𐑯𐑪𐑥𐑦𐑯𐑩𐑯	fɪˈnɒmɪnən	high	
phenotype	𐑓𐑰𐑯𐑩𐑑𐑲𐑐	ˈfiːnəˌtaɪp	𐑓𐑰𐑯𐑴𐑑𐑲𐑐	ˈfiːnəʊtaɪp	high	
phial	𐑓𐑲𐑤	faɪl	𐑓𐑲𐑩𐑤	ˈfaɪəl	high	
philanthropy	𐑓𐑦𐑤𐑨𐑯𐑔𐑮𐑩𐑐𐑰	fɪlænθrəpiː	𐑓𐑦𐑤𐑨𐑯𐑔𐑮𐑩𐑐𐑦	fɪˈlænθrəpi	high	
philharmonic	𐑓𐑦𐑤𐑣𐑸𐑥𐑪𐑯𐑦𐑒	fɪlˌhɑːRˈmɒnɪk	𐑓𐑦𐑤𐑼𐑥𐑪𐑯𐑦𐑒	ˌfɪləRˈmɒnɪk	high	
philippines	𐑓𐑦𐑤𐑦𐑐𐑲𐑯𐑟	ˈfɪlɪpaɪnz	𐑓𐑦𐑤𐑦𐑐𐑰𐑯𐑟	ˈfɪlɪpiːnz	high	
philippines	𐑓𐑦𐑤𐑩𐑐𐑰𐑯𐑟	ˈfɪləpiːnz	𐑓𐑦𐑤𐑦𐑐𐑰𐑯𐑟	ˈfɪlɪpiːnz	high	
philistine	-𐑕𐑑𐑦𐑯	-stin	𐑓𐑦𐑤𐑦𐑕𐑑𐑲𐑯	ˈfɪlɪstaɪn	high	
philistine	-𐑤𐑩-	-lə-	𐑓𐑦𐑤𐑦𐑕𐑑𐑲𐑯	ˈfɪlɪstaɪn	high	
philistine	𐑓𐑦𐑤𐑦𐑕𐑑𐑦𐑯	fɪˈlɪstin	𐑓𐑦𐑤𐑦𐑕𐑑𐑲𐑯	ˈfɪlɪstaɪn	high	
philosopher	𐑓𐑩𐑤𐑪𐑕𐑩𐑓𐑼	fəˈlɒsəfər	𐑓𐑦𐑤𐑪𐑕𐑩𐑓𐑼	fɪˈlɒsəfəR	high	
philosophers	𐑓𐑩𐑤𐑪𐑕𐑩𐑓𐑼𐑟	fəˈlɒsəfəRz	𐑓𐑦𐑤𐑪𐑕𐑩𐑓𐑼𐑟	fɪˈlɒsəfəRz	high	
phlox	𐑓𐑤𐑷𐑒𐑕	flɔːks	𐑓𐑤𐑪𐑒𐑕	flɒks	high	
phobia	𐑓𐑴𐑚𐑦𐑩	ˈfəʊbiə	𐑓𐑴𐑚𐑾	ˈfəʊbɪə	high	
phoneme	𐑓𐑴𐑯𐑦𐑥	ˈfoʊnim	𐑓𐑴𐑯𐑰𐑥	ˈfəʊniːm	high	
phonemic	𐑓𐑩𐑯𐑦𐑥𐑦𐑒	fəˈnimɪk	𐑓𐑩𐑯𐑰𐑥𐑦𐑒	fəˈniːmɪk	high	
phonemic	𐑓𐑴𐑯𐑦𐑥𐑦𐑒	foʊˈnimɪk	𐑓𐑩𐑯𐑰𐑥𐑦𐑒	fəˈniːmɪk	high	
phonemic	𐑓𐑴𐑯𐑰𐑥𐑦𐑒	fəʊˈniːmɪk	𐑓𐑩𐑯𐑰𐑥𐑦𐑒	fəˈniːmɪk	high	
phonemics	𐑓𐑩𐑯𐑦𐑥𐑦𐑒𐑕	fəˈnimɪks	𐑓𐑩𐑯𐑰𐑥𐑦𐑒𐑕	fəˈniːmɪks	high	
phonemics	𐑓𐑴𐑯𐑦𐑥𐑦𐑒𐑕	foʊˈnimɪks	𐑓𐑩𐑯𐑰𐑥𐑦𐑒𐑕	fəˈniːmɪks	high	
phonemics	𐑓𐑴𐑯𐑰𐑥𐑦𐑒𐑕	fəʊˈniːmɪks	𐑓𐑩𐑯𐑰𐑥𐑦𐑒𐑕	fəˈniːmɪks	high	
phonetician	𐑓𐑪𐑯𐑦𐑑𐑦𐑖𐑩𐑯	ˌfɒnɪˈtɪʃən	𐑓𐑴𐑯𐑩𐑑𐑦𐑖𐑩𐑯	ˌfəʊnəˈtɪʃən	high	
phonetician	𐑓𐑪𐑯𐑩𐑑𐑦𐑖𐑩𐑯	ˌfɒnəˈtɪʃən	𐑓𐑴𐑯𐑩𐑑𐑦𐑖𐑩𐑯	ˌfəʊnəˈtɪʃən	high	
phonetician	𐑓𐑴𐑯𐑦𐑑𐑦𐑖𐑩𐑯	ˌfəʊnɪˈtɪʃən	𐑓𐑴𐑯𐑩𐑑𐑦𐑖𐑩𐑯	ˌfəʊnəˈtɪʃən	high	
phonic	𐑓𐑴𐑯𐑦𐑒	ˈfoʊnɪk	𐑓𐑪𐑯𐑦𐑒	ˈfɒnɪk	high	
phonics	𐑓𐑴𐑯𐑦𐑒𐑕	ˈfəʊnɪks	𐑓𐑪𐑯𐑦𐑒𐑕	ˈfɒnɪks	high	
phonograph	𐑓𐑴𐑯𐑩𐑜𐑮𐑭𐑓	fəʊnəɡrɑːf	𐑓𐑴𐑯𐑩𐑜𐑮𐑨𐑓	ˈfəʊnəɡræf	high	ml_disagrees:𐑓𐑴𐑯𐑩𐑜𐑮ɑ𐑨𐑓; shave_agrees
phonological	𐑓𐑪𐑯𐑩𐑤𐑪𐑡𐑦𐑒𐑩𐑤	ˌfɒnəˈlɒdʒɪkəl	𐑓𐑴𐑯𐑩𐑤𐑪𐑡𐑦𐑒𐑩𐑤	ˌfəʊnəˈlɒdʒɪkəl	high	
phonology	𐑓𐑴-	foʊ-	𐑓𐑩𐑯𐑪𐑤𐑩𐑡𐑦	fəˈnɒlədʒi	high	
phonotactics	𐑓𐑴𐑯𐑩𐑑𐑨𐑒𐑑𐑦𐑒𐑕	ˈfoʊnəˌtæktɪks	𐑓𐑴𐑯𐑴𐑑𐑨𐑒𐑑𐑦𐑒𐑕	ˌfəʊnəʊˈtæktɪks	high	
phosgene	𐑓𐑪𐑕𐑡𐑦𐑯	ˈfɒsdʒɪn	𐑓𐑪𐑟𐑡𐑰𐑯	ˈfɒzdʒiːn	high	
phosphorus	𐑓𐑪𐑕𐑓𐑮𐑩𐑕	fɒsfrəs	𐑓𐑪𐑕𐑓𐑼𐑩𐑕	ˈfɒsfərəs	high	
photo-	𐑓𐑴𐑑𐑴	foʊtoʊ	𐑓𐑴𐑑𐑴-	ˈfəʊtəʊ-	high	
photogenic	𐑓𐑴𐑑𐑩𐑡𐑧𐑯𐑦𐑒	ˌfoʊtəˈdʒenɪk	𐑓𐑴𐑑𐑴𐑡𐑧𐑯𐑦𐑒	ˌfəʊtəʊˈdʒenɪk	high	
photograph	𐑓𐑴𐑑𐑩𐑜𐑮𐑭𐑓	fəʊtəɡrɑːf	𐑓𐑴𐑑𐑩𐑜𐑮𐑨𐑓	ˈfəʊtəɡræf	high	ml_disagrees:𐑓𐑴𐑑𐑩𐑜𐑮ɑ𐑨𐑓; shave_agrees
photographs	𐑓𐑴𐑑𐑩𐑜𐑮𐑭𐑓𐑕	fəʊtəɡrɑːfs	𐑓𐑴𐑑𐑩𐑜𐑮𐑨𐑓𐑕	ˈfəʊtəɡræfs	high	
photometer	𐑓𐑩𐑑𐑪𐑥𐑦𐑑𐑼	fəˈtɒmɪtəR	𐑓𐑴𐑑𐑪𐑥𐑦𐑑𐑼	fəʊˈtɒmɪtəR	high	
photometer	𐑓𐑴𐑑𐑴𐑥𐑦𐑑𐑼	ˈfoʊtoʊˌmitəR	𐑓𐑴𐑑𐑪𐑥𐑦𐑑𐑼	fəʊˈtɒmɪtəR	high	
photometer	𐑓𐑴𐑑𐑴𐑥𐑰𐑑𐑼	fəʊtəʊmiːtər	𐑓𐑴𐑑𐑪𐑥𐑦𐑑𐑼	fəʊˈtɒmɪtəR	high	
phraseology	𐑓𐑮𐑱𐑟𐑪𐑤𐑩𐑡𐑦	freɪzˈɒlədʒi	𐑓𐑮𐑱𐑟𐑦𐑪𐑤𐑩𐑡𐑦	ˌfreɪzɪˈɒlədʒi	high	
phrenology	𐑓𐑮𐑩𐑯𐑪𐑤𐑩𐑡𐑦	frənˈɒlədʒi	𐑓𐑮𐑦𐑯𐑪𐑤𐑩𐑡𐑦	frɪˈnɒlədʒi	high	
physician	𐑓𐑩𐑟𐑦𐑖𐑩𐑯	fəˈzɪʃən	𐑓𐑦𐑟𐑦𐑖𐑩𐑯	fɪˈzɪʃən	high	
physiognomy	𐑓𐑦𐑟𐑦𐑪𐑜𐑯𐑩𐑥𐑦	fɪziˈɒɡnəmi	𐑓𐑦𐑟𐑦𐑪𐑯𐑩𐑥𐑦	ˌfɪzɪˈɒnəmi	high	
physiological	𐑓𐑦𐑟𐑦𐑩𐑤𐑪𐑡𐑦𐑒𐑩𐑤	ˌfɪziəˈlɒdʒikəl	𐑓𐑦𐑟𐑾𐑤𐑪𐑡𐑦𐑒𐑩𐑤	ˌfɪzɪəˈlɒdʒɪkəl	high	
pianissimo	𐑐𐑦𐑩𐑯𐑦𐑕𐑦𐑥𐑴	ˌpiəˈnɪsɪməʊ	𐑐𐑘𐑨𐑯𐑦𐑕𐑦𐑥𐑴	pjæˈnɪsɪməʊ	high	
pianissimo	𐑐𐑦𐑩𐑯𐑦𐑕𐑩𐑥𐑴	ˌpiəˈnɪsəməʊ	𐑐𐑘𐑨𐑯𐑦𐑕𐑦𐑥𐑴	pjæˈnɪsɪməʊ	high	
pianist	𐑐𐑦𐑨𐑯𐑦𐑕𐑑	piˈænɪst	𐑐𐑾𐑯𐑦𐑕𐑑	ˈpɪənɪst	high	
pianist	𐑐𐑦𐑩𐑯𐑦𐑕𐑑	ˈpiənɪst	𐑐𐑾𐑯𐑦𐑕𐑑	ˈpɪənɪst	high	
piano	𐑐𐑦𐑨𐑯𐑩	piˈænə	𐑐𐑘𐑨𐑯𐑴, 𐑐𐑘𐑭𐑯𐑴, 𐑐𐑦𐑨𐑯𐑴	ˈpjⱭːnəʊ	high	
piano	𐑐𐑦𐑪𐑯𐑴	piˈɒnoʊ	𐑐𐑘𐑨𐑯𐑴, 𐑐𐑘𐑭𐑯𐑴, 𐑐𐑦𐑨𐑯𐑴	ˈpjⱭːnəʊ	high	
piano	𐑐𐑦𐑭𐑯𐑴	piˈɑːnəʊ	𐑐𐑘𐑨𐑯𐑴, 𐑐𐑘𐑭𐑯𐑴, 𐑐𐑦𐑨𐑯𐑴	ˈpjⱭːnəʊ	high	
pianoforte	𐑐𐑦𐑨𐑯𐑩𐑓𐑹𐑑	piˈænəfɔːRt	𐑐𐑦𐑨𐑯𐑴𐑓𐑹𐑑𐑱	pɪˌænəʊˈfɔːRteɪ	high	
pianoforte	𐑐𐑦𐑨𐑯𐑩𐑓𐑹𐑑𐑦	piˌænəˈfɔːRti	𐑐𐑦𐑨𐑯𐑴𐑓𐑹𐑑𐑱	pɪˌænəʊˈfɔːRteɪ	high	
pianoforte	𐑐𐑦𐑨𐑯𐑩𐑓𐑹𐑑𐑱	piˌænəˈfɔːRteɪ	𐑐𐑦𐑨𐑯𐑴𐑓𐑹𐑑𐑱	pɪˌænəʊˈfɔːRteɪ	high	
pianoforte	𐑐𐑦𐑨𐑯𐑴𐑓𐑹𐑑	piænəʊfɔːRt	𐑐𐑦𐑨𐑯𐑴𐑓𐑹𐑑𐑱	pɪˌænəʊˈfɔːRteɪ	high	
pianola	𐑐𐑦𐑩𐑯𐑴𐑤𐑩	piəˈnəʊlə	𐑐𐑾𐑯𐑴𐑤𐑩	pɪəˈnəʊlə	high	
piastre	𐑐𐑦𐑪𐑕𐑑𐑼	piˈɒstəR	𐑐𐑦𐑨𐑕𐑑𐑼	pɪˈæstəR	high	
piastre	𐑐𐑦𐑭𐑕𐑑𐑼	piɑːstəR	𐑐𐑦𐑨𐑕𐑑𐑼	pɪˈæstəR	high	
pictures	𐑐𐑦𐑒𐑗𐑩𐑟	pɪktʃəz	𐑐𐑦𐑒𐑗𐑼𐑟	ˈpɪktʃəRz	medium	r_gap:spelling=1,ipa=0; shave_says:𐑐𐑦𐑒𐑗𐑼𐑟
picturesquely	𐑐𐑦𐑒𐑑𐑘𐑩𐑼𐑧𐑕𐑒𐑤𐑦	pɪktjəəreskli	𐑐𐑦𐑒𐑗𐑼𐑧𐑕𐑒𐑤𐑦	ˌpɪktʃəˈreskli	high	
pidgin	𐑐𐑦𐑡𐑩𐑯	ˈpɪdʒən	𐑐𐑦𐑡𐑦𐑯	ˈpɪdʒɪn	high	
piebald	𐑐𐑲𐑚𐑪𐑤𐑛	ˈpaɪbɒld	𐑐𐑲𐑚𐑷𐑤𐑛	ˈpaɪbɔːld	high	
pier	𐑐𐑦𐑮	pɪr	𐑐𐑽	pɪəR	high	
pierce	𐑐𐑦𐑮𐑕	pɪrs	𐑐𐑽𐑕	piəRs	high	
pierced	𐑐𐑦𐑮𐑕𐑑	pɪrst	𐑐𐑽𐑕𐑑	pɪəRst	high	
piercing	𐑐𐑦𐑮𐑕𐑦𐑙	ˈpɪrsɪŋ	𐑐𐑽𐑕𐑦𐑙	ˈpɪəRsɪŋ	high	
pierre	𐑐𐑦𐑧𐑮	piˈer	𐑐𐑦𐑺	piˈeəR	medium	r_gap:spelling=2,ipa=1
pierre	𐑐𐑦𐑮	pɪr	𐑐𐑦𐑺	piˈeəR	medium	r_gap:spelling=2,ipa=1
piers	𐑐𐑦𐑮𐑟	pɪrz	𐑐𐑽𐑟	pɪəRz	high	
pigeonhole	𐑐𐑦𐑡𐑦𐑯𐑣𐑴𐑤	ˈpɪdʒɪnhəʊl	𐑐𐑦𐑡𐑩𐑯𐑣𐑴𐑤	ˈpɪdʒənhəʊl	high	
pigeonholes	𐑐𐑦𐑡𐑦𐑯𐑣𐑴𐑤𐑟	ˈpɪdʒɪnhəʊlz	𐑐𐑦𐑡𐑩𐑯𐑣𐑴𐑤𐑟	ˈpɪdʒənhəʊlz	high	
pigeons	𐑐𐑦𐑡𐑦𐑯𐑕	ˈpɪdʒɪns	𐑐𐑦𐑡𐑩𐑯𐑟	ˈpɪdʒənz	high	
pigeons	𐑐𐑦𐑡𐑩𐑯𐑕	ˈpɪdʒəns	𐑐𐑦𐑡𐑩𐑯𐑟	ˈpɪdʒənz	high	
pilaf	𐑐𐑰𐑤𐑨𐑓	piːlæf	𐑐𐑦𐑤𐑨𐑓	pɪˈlæf	high	
pilaf	𐑐𐑰𐑤𐑭𐑓	piːlɑːf	𐑐𐑦𐑤𐑨𐑓	pɪˈlæf	high	
pillbox	𐑐𐑦𐑤 𐑚𐑪𐑒𐑕	ˈpɪl bɒks	𐑐𐑦𐑤𐑚𐑪𐑒𐑕	ˈpɪlbɒks	high	
pillbox	𐑐𐑦𐑤 𐑚𐑭𐑒𐑕	ˈpɪl bɑːks	𐑐𐑦𐑤𐑚𐑪𐑒𐑕	ˈpɪlbɒks	high	
pillow	𐑐𐑧𐑤𐑴	ˈpeloʊ	𐑐𐑦𐑤𐑴	ˈpɪləʊ	high	
pillowcase	𐑐𐑦𐑤𐑩𐑒𐑱𐑕	ˈpɪləˌkeɪs	𐑐𐑦𐑤𐑴𐑒𐑱𐑕	ˈpɪləʊkeɪs	high	
pimpernel	𐑐𐑦𐑥𐑐𐑩𐑯𐑧𐑤	pɪmpənel	𐑐𐑦𐑥𐑐𐑼𐑯𐑧𐑤	ˈpɪmpəRnel	medium	r_gap:spelling=1,ipa=0; shave_says:𐑐𐑦𐑥𐑐𐑼𐑯𐑧𐑤
pineapple	𐑐𐑲𐑯𐑩𐑐𐑩𐑤	ˈpaɪnəpəl	𐑐𐑲𐑯𐑨𐑐𐑩𐑤	ˈpaɪnæpəl	high	
pinkerton	𐑐𐑦𐑙𐑒𐑩𐑑𐑩𐑯	pɪŋkətən	𐑐𐑦𐑙𐑒𐑼𐑑𐑩𐑯	ˈpɪŋkəRtən	medium	r_gap:spelling=1,ipa=0; shave_says:𐑐𐑦𐑙𐑒𐑼𐑑𐑩𐑯
pioneer	𐑐𐑲𐑩𐑯𐑦𐑮	ˌpaɪəˈnɪr	𐑐𐑲𐑩𐑯𐑽	ˌpaɪəˈnɪəR	high	
pioneer	𐑐𐑲𐑼𐑯𐑽	paɪəRnɪər	𐑐𐑲𐑩𐑯𐑽	ˌpaɪəˈnɪəR	high	
pipette	𐑐𐑲𐑐𐑧𐑑	paɪˈpet	𐑐𐑦𐑐𐑧𐑑	pɪˈpet	high	
pique	𐑐𐑦𐑒	pik	𐑐𐑰𐑒	piːk	high	
pique	𐑐𐑦𐑒𐑱	ˈpikeɪ	𐑐𐑰𐑒	piːk	high	
pique	𐑐𐑰𐑒𐑱	ˈpiːkeɪ	𐑐𐑰𐑒	piːk	high	
piranha	𐑐𐑦𐑮𐑪𐑯𐑘𐑩	pɪˈrɒnjə	𐑐𐑦𐑮𐑨𐑯𐑘𐑩, 𐑐𐑦𐑮𐑭𐑯𐑘𐑩	pɪˈrⱭːnjə	high	
pirate	𐑐𐑲𐑼𐑦𐑑	paɪərɪt	𐑐𐑲𐑮𐑩𐑑	ˈpaɪrət	medium	ml_disagrees:𐑐𐑲𐑼𐑩𐑑; shave_says:𐑐𐑲𐑮𐑩𐑑
pirouette	𐑐𐑦𐑮𐑩𐑢𐑧𐑑	ˌpɪrəˈwet	𐑐𐑦𐑮𐑵𐑧𐑑	ˌpɪruːˈet	high	
pirouette	𐑐𐑦𐑮𐑫𐑧𐑑	pɪrʊet	𐑐𐑦𐑮𐑵𐑧𐑑	ˌpɪruːˈet	high	
pis aller	𐑐𐑰𐑟𐑨𐑤𐑱	piːzaleɪ	𐑐𐑰𐑟 𐑨𐑤𐑱	ˌpiːz ˈæleɪ	medium	r_gap:spelling=1,ipa=0; shave_says:𐑐𐑲𐑟 𐑨𐑤𐑱
pistachio	𐑐𐑦𐑕𐑑𐑪𐑖𐑦𐑴	pɪsˈtɒʃioʊ	𐑐𐑦𐑕𐑑𐑨𐑖𐑦𐑴	pɪˈstæʃiəʊ	high	
pitter-patter	𐑐𐑦𐑑𐑩𐑐𐑨𐑑𐑼	pɪtəpætəR	𐑐𐑦𐑑𐑼-𐑐𐑨𐑑𐑼	ˈpɪtəR-pætəR	medium	r_gap:spelling=2,ipa=1; shave_says:𐑐𐑦𐑑𐑼-𐑐𐑨𐑑𐑼
pitter-patter	𐑐𐑦𐑑𐑼𐑐𐑨𐑑𐑼	ˈpɪtəRˈpætəR	𐑐𐑦𐑑𐑼-𐑐𐑨𐑑𐑼	ˈpɪtəR-pætəR	high	
pituitary	𐑐𐑦𐑑𐑫𐑦𐑑𐑧𐑮𐑦	pɪˈtuɪˌteri	𐑐𐑦𐑑𐑵𐑦𐑑𐑼𐑦, 𐑐𐑦𐑑𐑿𐑦𐑑𐑼𐑦	pɪˈtjuːɪtəri	high	
pituitary	𐑐𐑦𐑗𐑵𐑦𐑑𐑼𐑦	pɪtʃuːɪtəri	𐑐𐑦𐑑𐑵𐑦𐑑𐑼𐑦, 𐑐𐑦𐑑𐑿𐑦𐑑𐑼𐑦	pɪˈtjuːɪtəri	high	
pivotal	𐑐𐑦𐑝𐑦𐑑𐑩𐑤	ˈpɪvɪtəl	𐑐𐑦𐑝𐑩𐑑𐑩𐑤	ˈpɪvətəl	high	
placate	𐑐𐑤𐑱𐑒𐑱𐑑	pleɪˈkeɪt	𐑐𐑤𐑩𐑒𐑱𐑑	pləˈkeɪt	high	
placebo	𐑐𐑤𐑩𐑕𐑦𐑚𐑴	pləˈsiboʊ	𐑐𐑤𐑩𐑕𐑰𐑚𐑴	pləˈsiːbəʊ	high	
placeman	𐑐𐑤𐑱𐑕𐑥𐑨𐑯	ˈpleɪsman	𐑐𐑤𐑱𐑕𐑥𐑩𐑯	ˈpleɪsmən	high	
placid	𐑐𐑤𐑨𐑕𐑩𐑛	ˈplæsƏd	𐑐𐑤𐑨𐑕𐑦𐑛	ˈplæsɪd	high	
placidity	𐑐𐑤𐑩𐑕𐑦𐑛𐑩𐑑𐑦	pləˈsɪdəti	𐑐𐑤𐑩𐑕𐑦𐑛𐑦𐑑𐑦	pləˈsɪdɪti	high	
plague	𐑐𐑤𐑧𐑜	pleɡ	𐑐𐑤𐑱𐑜	pleɪɡ	high	
planet	𐑐𐑤𐑨𐑯𐑦𐑑	ˈplænɪt	𐑐𐑤𐑨𐑯𐑩𐑑	ˈplænIt	high	
planetarium	𐑐𐑤𐑨𐑯𐑦𐑑𐑺𐑾𐑥	plænɪteərɪəm	𐑐𐑤𐑨𐑯𐑩𐑑𐑺𐑾𐑥	ˌplænIˈteərɪəm	high	
planetarium	𐑐𐑤𐑨𐑯𐑦𐑑𐑻𐑦𐑩𐑥	plænɪtɜːriəm	𐑐𐑤𐑨𐑯𐑩𐑑𐑺𐑾𐑥	ˌplænIˈteərɪəm	high	
planetary	𐑐𐑤𐑨𐑯𐑦𐑑𐑺𐑦	ˈplænɪˌteəri	𐑐𐑤𐑨𐑯𐑩𐑑𐑼𐑦	ˈplænItəri	high	
planetary	𐑐𐑤𐑨𐑯𐑦𐑑𐑼𐑦	plænɪtəri	𐑐𐑤𐑨𐑯𐑩𐑑𐑼𐑦	ˈplænItəri	high	
planetary	𐑐𐑤𐑨𐑯𐑩𐑑𐑧𐑮𐑦	ˈplænəˌteri	𐑐𐑤𐑨𐑯𐑩𐑑𐑼𐑦	ˈplænItəri	high	
plantain	𐑐𐑤𐑨𐑯𐑑𐑱𐑯	ˈplænteɪn	𐑐𐑤𐑨𐑯𐑑𐑦𐑯	ˈplæntɪn	high	
plantain	𐑐𐑤𐑭𐑯𐑑𐑱𐑯	ˈplɑːnteɪn	𐑐𐑤𐑨𐑯𐑑𐑦𐑯	ˈplæntɪn	high	
plasticity	𐑐𐑤𐑭𐑕𐑑𐑦𐑕𐑦𐑑𐑦	ˈplɑːstɪsɪti	𐑐𐑤𐑨𐑕𐑑𐑦𐑕𐑦𐑑𐑦	plæˈstɪsɪti	high	
platitude	𐑐𐑤𐑨𐑑𐑦𐑑𐑘𐑫𐑛	ˈplætɪˌtjud	𐑐𐑤𐑨𐑑𐑦𐑑𐑵𐑛, 𐑐𐑤𐑨𐑑𐑦𐑑𐑿𐑛	ˈplætɪtjuːd	high	
platitude	𐑐𐑤𐑨𐑑𐑦𐑗𐑵𐑛	ˈplatɪˌtʃuːd	𐑐𐑤𐑨𐑑𐑦𐑑𐑵𐑛, 𐑐𐑤𐑨𐑑𐑦𐑑𐑿𐑛	ˈplætɪtjuːd	high	
platitudinous	-𐑑𐑦-	-tɪ-	𐑐𐑤𐑨𐑑𐑦𐑑𐑵𐑛𐑦𐑯𐑩𐑕, 𐑐𐑤𐑨𐑑𐑦𐑑𐑿𐑛𐑦𐑯𐑩𐑕	ˌplætɪˈtjuːdɪnəs	high	
platitudinous	-𐑗𐑵-	-ˈtʃuː-	𐑐𐑤𐑨𐑑𐑦𐑑𐑵𐑛𐑦𐑯𐑩𐑕, 𐑐𐑤𐑨𐑑𐑦𐑑𐑿𐑛𐑦𐑯𐑩𐑕	ˌplætɪˈtjuːdɪnəs	high	
platitudinous	𐑐𐑤𐑨𐑑𐑦𐑑𐑘𐑫𐑛𐑩𐑯𐑩𐑕	ˌplætɪˈtjudənəs	𐑐𐑤𐑨𐑑𐑦𐑑𐑵𐑛𐑦𐑯𐑩𐑕, 𐑐𐑤𐑨𐑑𐑦𐑑𐑿𐑛𐑦𐑯𐑩𐑕	ˌplætɪˈtjuːdɪnəs	high	
platonic	𐑐𐑤𐑩𐑑𐑷𐑯𐑦𐑒	pləˈtɔːnɪk	𐑐𐑤𐑩𐑑𐑪𐑯𐑦𐑒	pləˈtɒnɪk	high	
platypus	𐑐𐑤𐑨𐑑𐑦𐑐𐑩𐑕	ˈplætɪpəs	𐑐𐑤𐑨𐑑𐑦𐑐𐑫𐑕	ˈplætɪpʊs	high	
plausible	𐑐𐑤𐑪𐑟𐑦𐑚𐑩𐑩𐑤	ˈplɒzɪbəəl	𐑐𐑤𐑷𐑟𐑩𐑚𐑩𐑤	ˈplɔːzəbəl	high	
pleach	𐑐𐑤𐑦𐑗	plitʃ	𐑐𐑤𐑰𐑗	pliːtʃ	high	
pleached	𐑐𐑤𐑦𐑗𐑑	plitʃt	𐑐𐑤𐑰𐑗𐑑	pliːtʃt	high	
pleaching	𐑐𐑤𐑦𐑗𐑦𐑙	ˈplitʃɪŋ	𐑐𐑤𐑰𐑗𐑦𐑙	ˈpliːtʃɪŋ	high	
pleas	𐑐𐑤𐑦𐑟	pliz	𐑐𐑤𐑰𐑟	pliːz	high	
please	𐑐𐑤𐑦𐑟	pliz	𐑐𐑤𐑰𐑟	pliːz	high	
pleasing	𐑐𐑤𐑦𐑟𐑦𐑙	ˈplizɪŋ	𐑐𐑤𐑰𐑟𐑦𐑙	ˈpliːzɪŋ	high	
pleasures	𐑐𐑤𐑧𐑠𐑩𐑟	pleʒəz	𐑐𐑤𐑧𐑠𐑼𐑟	ˈpleʒəRz	medium	r_gap:spelling=1,ipa=0; shave_says:𐑐𐑤𐑧𐑠𐑼𐑟
plebiscite	-𐑕𐑦𐑑	-sɪt	𐑐𐑤𐑧𐑚𐑦𐑕𐑲𐑑	ˈplebɪsaɪt	high	
plebiscite	𐑐𐑤𐑧𐑚𐑩𐑕𐑲𐑑	ˈplebəˌsaɪt	𐑐𐑤𐑧𐑚𐑦𐑕𐑲𐑑	ˈplebɪsaɪt	high	
plenary	𐑐𐑤𐑧𐑯𐑼𐑦	ˈplenəri	𐑐𐑤𐑰𐑯𐑼𐑦	ˈpliːnəri	high	
plenipotentiary	𐑐𐑤𐑧𐑯𐑦𐑐𐑩𐑑𐑧𐑯𐑖𐑦𐑧𐑮𐑦	plenɪpəˈtenʃieri	𐑐𐑤𐑧𐑯𐑦𐑐𐑩𐑑𐑧𐑯𐑖𐑼𐑦	ˌplenɪpəˈtenʃəri	high	
plenipotentiary	𐑐𐑤𐑧𐑯𐑦𐑐𐑴𐑑𐑧𐑯𐑖𐑦𐑼𐑦	plenɪpəʊtenʃiəri	𐑐𐑤𐑧𐑯𐑦𐑐𐑩𐑑𐑧𐑯𐑖𐑼𐑦	ˌplenɪpəˈtenʃəri	high	
plenipotentiary	𐑐𐑤𐑧𐑯𐑦𐑐𐑴𐑑𐑧𐑯𐑖𐑼𐑦	plenɪpəʊtenʃəri	𐑐𐑤𐑧𐑯𐑦𐑐𐑩𐑑𐑧𐑯𐑖𐑼𐑦	ˌplenɪpəˈtenʃəri	high	
plenty	𐑐𐑤𐑧𐑯𐑦	ˈpleni	𐑐𐑤𐑧𐑯𐑑𐑦	ˈplenti	high	
plethora	𐑐𐑤𐑦𐑔𐑹𐑩	plɪθɔːrə	𐑐𐑤𐑧𐑔𐑼𐑩	ˈpleθərə	high	
plethora	𐑐𐑤𐑧𐑔𐑮𐑩	ˈpleθrə	𐑐𐑤𐑧𐑔𐑼𐑩	ˈpleθərə	high	
plethora	𐑐𐑤𐑧𐑞𐑼𐑩	pleðərə	𐑐𐑤𐑧𐑔𐑼𐑩	ˈpleθərə	high	
plosive	𐑐𐑤𐑴𐑟𐑦𐑝	ˈpləʊzɪv	𐑐𐑤𐑴𐑕𐑦𐑝	ˈpləʊsɪv	high	
plover	𐑐𐑤𐑴𐑝𐑼	ˈploʊvəR	𐑐𐑤𐑳𐑝𐑼	ˈplʌvəR	high	
plumbago	𐑐𐑤𐑩𐑥𐑚𐑱𐑜𐑴	pləmˈbeɪɡoʊ	𐑐𐑤𐑳𐑥𐑚𐑱𐑜𐑴	plʌmˈbeɪɡəʊ	high	
plume	𐑐𐑤𐑫𐑥	ˈplum	𐑐𐑤𐑵𐑥	pluːm	high	
plume	𐑐𐑤𐑿𐑥	ˈpljuːm	𐑐𐑤𐑵𐑥	pluːm	high	
plummet	𐑐𐑤𐑳𐑥𐑦𐑑	ˈplʌmɪt	𐑐𐑤𐑳𐑥𐑩𐑑	ˈplʌmət	high	
pluperfect	𐑐𐑤𐑫𐑐𐑻𐑓𐑦𐑒𐑑	pluˈpɜːRfɪkt	𐑐𐑤𐑵𐑐𐑻𐑓𐑦𐑒𐑑	ˌpluːˈpɜːRfɪkt	high	
plural	𐑐𐑤𐑫𐑮𐑩𐑤	ˈplʊrəl	𐑐𐑤𐑫𐑼𐑩𐑤	ˈplʊərəl	high	
plural	𐑐𐑤𐑻𐑩𐑤	ˈplɜːRəl	𐑐𐑤𐑫𐑼𐑩𐑤	ˈplʊərəl	high	
plurals	𐑐𐑤𐑫𐑮𐑩𐑤𐑟	ˈplʊrəlz	𐑐𐑤𐑫𐑼𐑩𐑤𐑟	ˈplʊərəlz	high	
plurals	𐑐𐑤𐑹𐑩𐑤𐑟	plɔːrəlz	𐑐𐑤𐑫𐑼𐑩𐑤𐑟	ˈplʊərəlz	high	
plurals	𐑐𐑤𐑻𐑩𐑤𐑟	ˈplɜːRəlz	𐑐𐑤𐑫𐑼𐑩𐑤𐑟	ˈplʊərəlz	high	
pluto	𐑐𐑤𐑫𐑑𐑴	ˈplutoʊ	𐑐𐑤𐑵𐑑𐑴	ˈpluːtəʊ	high	
plutocracy	𐑐𐑤𐑵𐑑𐑭𐑒𐑮𐑩𐑕𐑦	pluːˈtɑːkrəsi	𐑐𐑤𐑵𐑑𐑪𐑒𐑮𐑩𐑕𐑦	pluːˈtɒkrəsi	high	
pneumonia	𐑯𐑘𐑫𐑥𐑴𐑯𐑦𐑩	njuˈməʊniə	𐑯𐑵𐑥𐑴𐑯𐑾, 𐑯𐑿𐑥𐑴𐑯𐑾	njuːˈməʊnɪə	high	
pneumonia	𐑯𐑩𐑥𐑴𐑯𐑘𐑩	nəˈmoʊnjə	𐑯𐑵𐑥𐑴𐑯𐑾, 𐑯𐑿𐑥𐑴𐑯𐑾	njuːˈməʊnɪə	high	
pneumonia	𐑯𐑩𐑥𐑴𐑯𐑦𐑩	nəˈmoʊniə	𐑯𐑵𐑥𐑴𐑯𐑾, 𐑯𐑿𐑥𐑴𐑯𐑾	njuːˈməʊnɪə	high	
pneumonia	𐑯𐑫𐑥𐑴𐑯𐑦𐑩	nuˈmoʊniə	𐑯𐑵𐑥𐑴𐑯𐑾, 𐑯𐑿𐑥𐑴𐑯𐑾	njuːˈməʊnɪə	high	
pocket	𐑐𐑪𐑒𐑦𐑑	ˈpɒkɪt	𐑐𐑪𐑒𐑩𐑑	ˈpɒkIt	high	
pocket	𐑐𐑷𐑒𐑦𐑑	ˈpɔkɪt	𐑐𐑪𐑒𐑩𐑑	ˈpɒkIt	high	
pocketbook	𐑐𐑪𐑒𐑦𐑑𐑚𐑫𐑒	ˈpɒkɪtbʊk	𐑐𐑪𐑒𐑩𐑑𐑚𐑫𐑒	ˈpɒkItbʊk	high	
pockets	𐑐𐑪𐑒𐑦𐑑𐑕	ˈpɒkɪts	𐑐𐑪𐑒𐑩𐑑𐑕	ˈpɒkIts	high	
podcast	-𐑒𐑨𐑕𐑑	-ˌkæst	𐑐𐑪𐑛𐑒𐑨𐑕𐑑, 𐑐𐑪𐑛𐑒𐑭𐑕𐑑	ˈpɒdkⱭːst	high	
podcast	𐑐𐑷𐑛-	ˈpɔːd-	𐑐𐑪𐑛𐑒𐑨𐑕𐑑, 𐑐𐑪𐑛𐑒𐑭𐑕𐑑	ˈpɒdkⱭːst	high	
podium	𐑐𐑴𐑛𐑦𐑩𐑥	ˈpəʊdiəm	𐑐𐑴𐑛𐑾𐑥	ˈpəʊdɪəm	high	
poem	𐑐𐑴𐑥	poʊm	𐑐𐑴𐑩𐑥	ˈpəʊəm	high	
poem	𐑐𐑴𐑦𐑥	ˈpəʊɪm	𐑐𐑴𐑩𐑥	ˈpəʊəm	high	
poem	𐑐𐑷𐑦𐑥	ˈpɔːɪm	𐑐𐑴𐑩𐑥	ˈpəʊəm	high	
poems	𐑐𐑴𐑥𐑟	poʊmz	𐑐𐑴𐑩𐑥𐑟	ˈpəʊəmz	high	
poems	𐑐𐑴𐑦𐑥𐑟	ˈpəʊɪmz	𐑐𐑴𐑩𐑥𐑟	ˈpəʊəmz	high	
poesy	𐑐𐑴𐑦𐑟𐑦	ˈpəʊɪzi	𐑐𐑴𐑩𐑟𐑦	ˈpəʊəzi	high	
poet	𐑐𐑴𐑦𐑑	ˈpəʊɪt	𐑐𐑴𐑩𐑑	ˈpəʊət	high	
poet	𐑐𐑷𐑦𐑑	ˈpɔːɪt	𐑐𐑴𐑩𐑑	ˈpəʊət	high	
poetess	𐑐𐑴𐑦𐑑𐑧𐑕	ˌpəʊɪˈtes	𐑐𐑴𐑩𐑑𐑧𐑕	ˈpəʊətes	high	
poetry	𐑐𐑴𐑦𐑑𐑮𐑦	pəʊɪtri	𐑐𐑴𐑩𐑑𐑮𐑦	ˈpəʊətri	high	
poets	𐑐𐑴𐑦𐑑𐑕	ˈpoʊɪts	𐑐𐑴𐑩𐑑𐑕	ˈpəʊəts	high	
pogrom	𐑐𐑩𐑜𐑮𐑴𐑥	pəˈɡroʊm	𐑐𐑪𐑜𐑮𐑩𐑥	ˈpɒɡrəm	high	
pogrom	𐑐𐑴𐑜𐑮𐑩𐑥	ˈpoʊɡrəm	𐑐𐑪𐑜𐑮𐑩𐑥	ˈpɒɡrəm	high	
poinsettia	𐑐𐑶𐑯𐑕𐑧𐑑𐑦𐑩	ˌpɔɪnˈsetiə	𐑐𐑶𐑯𐑕𐑧𐑑𐑾	pɔɪnˈsetɪə	high	
pointed	𐑐𐑶𐑯𐑩𐑛	ˈpɔɪnƏd	𐑐𐑶𐑯𐑑𐑩𐑛	ˈpɔɪntƏd	high	
pointer	𐑐𐑶𐑯𐑼	ˈpɔɪnər	𐑐𐑶𐑯𐑑𐑼	ˈpɔɪntəR	high	
poitiers	𐑐𐑢𐑪𐑑𐑦𐑱	ˈpwɒtieɪ	𐑐𐑢𐑭𐑑𐑦𐑱	ˈpwɑːtieɪ	medium	r_gap:spelling=1,ipa=0
poitiers	𐑐𐑢𐑳𐑑𐑦𐑱	pwʌtɪeɪ	𐑐𐑢𐑭𐑑𐑦𐑱	ˈpwɑːtieɪ	medium	r_gap:spelling=1,ipa=0; shave_says:·𐑐𐑢𐑭𐑑𐑦𐑧
poland	𐑐𐑪𐑤𐑩𐑯𐑛	ˈpolənd	𐑐𐑴𐑤𐑩𐑯𐑛	ˈpəʊlənd	high	
polar	𐑐𐑷𐑤𐑻	ˈpɔːlɜːR	𐑐𐑴𐑤𐑼	ˈpəʊləR	high	
polarity	𐑐𐑩𐑤𐑧𐑮𐑦𐑑𐑦	pəˈlerɪti	𐑐𐑩𐑤𐑨𐑮𐑦𐑑𐑦	pəˈlærɪti	high	
policies	𐑐𐑪𐑤𐑕𐑦𐑟	ˈpɒlsiz	𐑐𐑪𐑤𐑩𐑕𐑦𐑟	ˈpɒləsiz	high	
policies	𐑐𐑪𐑤𐑦𐑕𐑦𐑟	ˈpɒlɪsiz	𐑐𐑪𐑤𐑩𐑕𐑦𐑟	ˈpɒləsiz	high	
policy	𐑐𐑪𐑤𐑕𐑦	ˈpɒlsi	𐑐𐑪𐑤𐑩𐑕𐑦	ˈpɒləsi	high	
policy	𐑐𐑪𐑤𐑦𐑕𐑦	ˈpɒlɪsi	𐑐𐑪𐑤𐑩𐑕𐑦	ˈpɒləsi	high	
polio	-𐑤𐑘𐑴	-ljoʊ	𐑐𐑴𐑤𐑦𐑴	ˈpəʊliəʊ	high	
polio	𐑐𐑴𐑤𐑘𐑴	ˈpəʊljəʊ	𐑐𐑴𐑤𐑦𐑴	ˈpəʊliəʊ	high	
poliomyelitis	𐑐𐑪𐑤𐑾𐑫𐑥𐑲𐑩𐑤𐑲𐑑𐑦𐑕	ˌpɒlɪəʊmaɪəˈlaɪtɪs	𐑐𐑴𐑤𐑦𐑴𐑥𐑲𐑩𐑤𐑲𐑑𐑦𐑕	ˌpəʊliəʊˌmaɪəˈlaɪtɪs	high	
poliomyelitis	𐑐𐑴𐑤𐑾𐑫𐑥𐑲𐑩𐑤𐑲𐑑𐑦𐑕	ˈpəʊlɪəʊmaɪəˈlaɪtɪs	𐑐𐑴𐑤𐑦𐑴𐑥𐑲𐑩𐑤𐑲𐑑𐑦𐑕	ˌpəʊliəʊˌmaɪəˈlaɪtɪs	high	
politburo	-𐑚𐑘𐑷-	-bjɔː-	𐑐𐑪𐑤𐑦𐑑𐑚𐑘𐑫𐑼𐑴	ˈpɒlɪtbjʊərəʊ	medium	r_gap:spelling=1,ipa=0; shave_says:𐑐𐑪𐑤𐑦𐑑𐑚𐑘𐑫𐑼𐑴
politburo	𐑐𐑪𐑤𐑩𐑑𐑚𐑘𐑼𐑴	ˈpɒlətˌbjəroʊ	𐑐𐑪𐑤𐑦𐑑𐑚𐑘𐑫𐑼𐑴	ˈpɒlɪtbjʊərəʊ	high	
politburo	𐑐𐑴-	ˈpoʊ-	𐑐𐑪𐑤𐑦𐑑𐑚𐑘𐑫𐑼𐑴	ˈpɒlɪtbjʊərəʊ	medium	r_gap:spelling=1,ipa=0
politic	𐑐𐑪𐑤𐑦𐑑𐑦𐑒	ˈpɒlɪtɪk	𐑐𐑪𐑤𐑩𐑑𐑦𐑒	ˈpɒlətɪk	high	
political	𐑐𐑩𐑤𐑦𐑑𐑩𐑒𐑩𐑤	pəˈlɪtəkəl	𐑐𐑩𐑤𐑦𐑑𐑦𐑒𐑩𐑤	pəˈlɪtɪkəl	high	
politician	𐑐𐑪𐑤𐑩𐑑𐑦𐑖𐑩𐑯	ˌpɒləˈtɪʃən	𐑐𐑪𐑤𐑦𐑑𐑦𐑖𐑩𐑯	ˌpɒlɪˈtɪʃən	high	
politicians	𐑐𐑪𐑤𐑩𐑑𐑦𐑖𐑩𐑯𐑟	ˌpɒləˈtɪʃənz	𐑐𐑪𐑤𐑦𐑑𐑦𐑖𐑩𐑯𐑟	ˌpɒlɪˈtɪʃənz	high	
politics	𐑐𐑪𐑤𐑦𐑑𐑦𐑒𐑕	ˈpɒlɪtɪks	𐑐𐑪𐑤𐑩𐑑𐑦𐑒𐑕	ˈpɒlətɪks	high	
polity	𐑐𐑪𐑤𐑩𐑑𐑦	ˈpɒləti	𐑐𐑪𐑤𐑦𐑑𐑦	ˈpɒlɪti	high	
polka	𐑐𐑴𐑤𐑒𐑩	ˈpoʊlkə	𐑐𐑪𐑤𐑒𐑩	ˈpɒlkə	high	
poll	𐑐𐑪𐑤	pɒl	𐑐𐑴𐑤	pəʊl	high	
pollination	𐑐𐑪𐑤𐑩𐑯𐑱𐑖𐑩𐑯	ˌpɒləˈneɪʃən	𐑐𐑪𐑤𐑦𐑯𐑱𐑖𐑩𐑯	ˌpɒlɪˈneɪʃən	high	
pollution	𐑐𐑩𐑤𐑫𐑖𐑩𐑯	pəˈluʃən	𐑐𐑩𐑤𐑵𐑖𐑩𐑯	pəˈluːʃən	high	
pollution	𐑐𐑩𐑤𐑿𐑖𐑩𐑯	pəˈljuːʃən	𐑐𐑩𐑤𐑵𐑖𐑩𐑯	pəˈluːʃən	high	
polo-neck	𐑐𐑴𐑤𐑴 𐑯𐑧𐑒	ˈpəʊləʊ ˌnek	𐑐𐑴𐑤𐑴-𐑯𐑧𐑒	ˈpəʊləʊ-nek	high	
poltergeist	𐑐𐑪𐑤𐑑𐑩𐑜𐑲𐑕𐑑	pɒltəɡaɪst	𐑐𐑪𐑤𐑑𐑼𐑜𐑲𐑕𐑑	ˈpɒltəRɡaɪst	medium	r_gap:spelling=1,ipa=0; shave_says:𐑐𐑴𐑤𐑑𐑼𐑜𐑲𐑕𐑑
poltergeist	𐑐𐑴𐑤𐑑𐑩𐑜𐑲𐑕𐑑	pəʊltəɡaɪst	𐑐𐑪𐑤𐑑𐑼𐑜𐑲𐑕𐑑	ˈpɒltəRɡaɪst	medium	r_gap:spelling=1,ipa=0; shave_says:𐑐𐑴𐑤𐑑𐑼𐑜𐑲𐑕𐑑
poltergeist	𐑐𐑴𐑤𐑑𐑼𐑜𐑲𐑕𐑑	ˈpoʊltəRˌɡaɪst	𐑐𐑪𐑤𐑑𐑼𐑜𐑲𐑕𐑑	ˈpɒltəRɡaɪst	high	
poltroon	𐑐𐑪𐑤𐑑𐑮𐑫𐑯	pɒlˈtrun	𐑐𐑪𐑤𐑑𐑮𐑵𐑯	pɒlˈtruːn	high	
poltroon	𐑐𐑷𐑤𐑑𐑮𐑫𐑯	pɔːlˈtrun	𐑐𐑪𐑤𐑑𐑮𐑵𐑯	pɒlˈtruːn	high	
poly	𐑐𐑴𐑤𐑦	ˈpəʊli	𐑐𐑪𐑤𐑦	ˈpɒli	high	
polygon	𐑐𐑪𐑤𐑦𐑜𐑩𐑯	ˈpɒlɪɡən	𐑐𐑪𐑤𐑦𐑜𐑪𐑯	ˈpɒlɪɡɒn	high	
polygon	𐑐𐑪𐑤𐑰𐑜𐑪𐑯	ˈpɒliːˌɡɒn	𐑐𐑪𐑤𐑦𐑜𐑪𐑯	ˈpɒlɪɡɒn	high	
polymer	𐑐𐑪𐑤𐑩𐑥𐑼	ˈpɒləməR	𐑐𐑪𐑤𐑦𐑥𐑼	ˈpɒlɪməR	high	
polynomial	𐑐𐑪𐑤𐑦𐑯𐑴𐑥𐑦𐑩𐑤	ˌpɒliˈnoʊmiəl	𐑐𐑪𐑤𐑦𐑯𐑴𐑥𐑾𐑤	ˌpɒlɪˈnəʊmɪəl	high	
polythene	𐑐𐑪𐑤𐑦𐑔𐑦𐑯	ˈpɒlɪθin	𐑐𐑪𐑤𐑦𐑔𐑰𐑯	ˈpɒlɪθiːn	high	
polythene	𐑐𐑪𐑤𐑩𐑔𐑦𐑯	ˈpɒləθin	𐑐𐑪𐑤𐑦𐑔𐑰𐑯	ˈpɒlɪθiːn	high	
pomade	𐑐𐑩𐑥𐑱𐑛	pəˈmeɪd	𐑐𐑩𐑥𐑭𐑛	pəˈmɑːd	high	
pomade	𐑐𐑴𐑥𐑱𐑛	poʊˈmeɪd	𐑐𐑩𐑥𐑭𐑛	pəˈmɑːd	high	
pomegranate	𐑐𐑪𐑥𐑜𐑮𐑨𐑯𐑩𐑑	ˈpɒmˌɡrænət	𐑐𐑪𐑥𐑦𐑜𐑮𐑨𐑯𐑩𐑑	ˈpɒmɪɡrænət	high	
pomegranate	𐑐𐑪𐑥𐑦𐑜𐑮𐑨𐑯𐑦𐑑	pɒmɪɡrænɪt	𐑐𐑪𐑥𐑦𐑜𐑮𐑨𐑯𐑩𐑑	ˈpɒmɪɡrænət	high	
pomegranate	𐑐𐑪𐑥𐑩𐑜𐑮𐑨𐑯𐑩𐑑	ˈpɒməˌɡrænət	𐑐𐑪𐑥𐑦𐑜𐑮𐑨𐑯𐑩𐑑	ˈpɒmɪɡrænət	high	
pomelo	𐑐𐑩𐑥𐑧𐑤𐑴	pəˈmeləʊ	𐑐𐑪𐑥𐑩𐑤𐑴	ˈpɒmələʊ	high	
pomelo	𐑐𐑪𐑥𐑦𐑤𐑴	ˈpɒmɪləʊ	𐑐𐑪𐑥𐑩𐑤𐑴	ˈpɒmələʊ	high	
pomelo	𐑐𐑳𐑥𐑦𐑤𐑴	ˈpʌmɪləʊ	𐑐𐑪𐑥𐑩𐑤𐑴	ˈpɒmələʊ	high	
pomp	𐑐𐑭𐑥𐑐	ˈpɑːmp	𐑐𐑪𐑥𐑐	pɒmp	high	
pone	𐑐𐑴𐑯𐑦	ˈpəʊni	𐑐𐑴𐑯	pəʊn	high	
pongee	𐑐𐑪𐑯𐑡𐑦	ˈpɒndʒi	𐑐𐑪𐑯𐑡𐑰	pɒnˈdʒiː	high	
poniard	𐑐𐑪𐑯𐑘𐑸𐑛	pɒnjɑːRd	𐑐𐑪𐑯𐑘𐑼𐑛	ˈpɒnjəRd	high	
pontificate	𐑐𐑷𐑯𐑑𐑦𐑓𐑦𐑒𐑩𐑑	pɔːnˈtɪfɪkət	𐑐𐑪𐑯𐑑𐑦𐑓𐑦𐑒𐑩𐑑, 𐑐𐑪𐑯𐑑𐑦𐑓𐑦𐑒𐑱𐑑	pɒnˈtɪfɪkət	high	
pontificate	𐑐𐑷𐑯𐑑𐑦𐑓𐑦𐑒𐑱𐑑	pɔːnˈtɪfɪkeɪt	𐑐𐑪𐑯𐑑𐑦𐑓𐑦𐑒𐑩𐑑, 𐑐𐑪𐑯𐑑𐑦𐑓𐑦𐑒𐑱𐑑	pɒnˈtɪfɪkət	high	
pontificate	𐑐𐑷𐑯𐑑𐑦𐑓𐑩𐑒𐑩𐑑	pɔːnˈtɪfəkət	𐑐𐑪𐑯𐑑𐑦𐑓𐑦𐑒𐑩𐑑, 𐑐𐑪𐑯𐑑𐑦𐑓𐑦𐑒𐑱𐑑	pɒnˈtɪfɪkət	high	
pontificate	𐑐𐑷𐑯𐑑𐑦𐑓𐑩𐑒𐑱𐑑	pɔːnˈtɪfəkeɪt	𐑐𐑪𐑯𐑑𐑦𐑓𐑦𐑒𐑩𐑑, 𐑐𐑪𐑯𐑑𐑦𐑓𐑦𐑒𐑱𐑑	pɒnˈtɪfɪkət	high	
pony-trekking	𐑐𐑴𐑯𐑦𐑑𐑮𐑧𐑒𐑦𐑙	pəʊnitrekɪŋ	𐑐𐑴𐑯𐑦-𐑑𐑮𐑧𐑒𐑦𐑙	ˈpəʊni-trekɪŋ	high	
poodle	𐑐𐑫𐑛𐑩𐑤	ˈpudəl	𐑐𐑵𐑛𐑩𐑤	ˈpuːdəl	high	
pooh	𐑐𐑣𐑵	phuː	𐑐𐑵	puː	high	
pooh	𐑐𐑫	pu	𐑐𐑵	puː	high	
pooh-pooh	𐑐𐑫𐑐𐑫	ˈpuˈpu	𐑐𐑵-𐑐𐑵	ˌpuː-ˈpuː	high	
pooh-pooh	𐑐𐑵𐑐𐑵	ˌpuːˈpuː	𐑐𐑵-𐑐𐑵	ˌpuː-ˈpuː	high	
pool	𐑐𐑫𐑤	pul	𐑐𐑵𐑤	puːl	high	
poolroom	𐑐𐑫𐑤𐑮𐑫𐑥	ˈpulˌrum	𐑐𐑵𐑤𐑮𐑵𐑥	ˈpuːlruːm	high	
poorly	𐑐𐑫𐑮𐑤𐑦	ˈpʊrli	𐑐𐑫𐑼𐑤𐑦	ˈpʊəRli	high	
poorly	𐑐𐑹𐑤𐑦	pɔːRli	𐑐𐑫𐑼𐑤𐑦	ˈpʊəRli	high	
popinjay	𐑐𐑪𐑐𐑩𐑯𐑡𐑱	ˈpɒpənˌdʒeɪ	𐑐𐑪𐑐𐑦𐑯𐑡𐑱	ˈpɒpɪndʒeɪ	high	
popularity	𐑐𐑪𐑐𐑘𐑩𐑤𐑧𐑮𐑩𐑑𐑦	ˌpɒpjəˈlerəti	𐑐𐑪𐑐𐑘𐑩𐑤𐑨𐑮𐑦𐑑𐑦	ˌpɒpjəˈlærɪti	high	
popularity	𐑐𐑪𐑐𐑘𐑩𐑤𐑨𐑮𐑩𐑑𐑦	ˌpɒpjəˈlærəti	𐑐𐑪𐑐𐑘𐑩𐑤𐑨𐑮𐑦𐑑𐑦	ˌpɒpjəˈlærɪti	high	
population	𐑐𐑪𐑐𐑿𐑤𐑱𐑖𐑩𐑯	ˌpɒpjuːˈleɪʃən	𐑐𐑪𐑐𐑘𐑩𐑤𐑱𐑖𐑩𐑯	ˌpɒpjəˈleɪʃən	high	
porcelain	𐑐𐑹𐑕𐑤𐑦𐑯	ˈpɔːRslɪn	𐑐𐑹𐑕𐑩𐑤𐑦𐑯	ˈpɔːRsəlɪn	high	
pore	𐑐𐑪𐑮	por	𐑐𐑹	pɔːR	high	
pork	𐑐𐑪𐑮𐑒	pork	𐑐𐑹𐑒	pɔːRk	high	
porpoise	𐑐𐑹𐑐𐑶𐑕	pɔːRpɔɪs	𐑐𐑹𐑐𐑩𐑕	ˈpɔːRpəs	high	
porridge	𐑐𐑹𐑦𐑡	ˈpɔːRɪdʒ	𐑐𐑪𐑮𐑦𐑡	ˈpɒrɪdʒ	medium	r_gap:spelling=2,ipa=1
ported	𐑐𐑪𐑮𐑑𐑩𐑛	ˈportƏd	𐑐𐑹𐑑𐑩𐑛	ˈpɔːRtƏd	high	
porterage	-𐑑𐑩-	-tə-	𐑐𐑹𐑑𐑼𐑦𐑡	ˈpɔːRtərɪdʒ	medium	r_gap:spelling=2,ipa=0
porterage	𐑐𐑹𐑑𐑮𐑦𐑡	pɔːRtrɪdʒ	𐑐𐑹𐑑𐑼𐑦𐑡	ˈpɔːRtərɪdʒ	high	
porterage	𐑐𐑹𐑑𐑼𐑩𐑡	ˈpɔːRtərədʒ	𐑐𐑹𐑑𐑼𐑦𐑡	ˈpɔːRtərɪdʒ	high	
portfolio	-𐑴𐑤𐑘𐑴	-əʊljəʊ	𐑐𐑹𐑑𐑓𐑴𐑤𐑦𐑴	pɔːRtˈfəʊliəʊ	medium	r_gap:spelling=1,ipa=0; shave_says:𐑐𐑹𐑑𐑓𐑴𐑤𐑦𐑴
portfolio	𐑐𐑪𐑮𐑑-	port-	𐑐𐑹𐑑𐑓𐑴𐑤𐑦𐑴	pɔːRtˈfəʊliəʊ	high	
porthcawl	𐑐𐑹𐑔𐑒𐑹𐑤	pɔːRθkɔːRl	𐑐𐑹𐑔𐑒𐑷𐑤	pɔːRθˈkɔːl	high	
portion	𐑐𐑪𐑮𐑖𐑩𐑯	ˈporʃən	𐑐𐑹𐑖𐑩𐑯	ˈpɔːRʃən	high	
portly	𐑐𐑴𐑮𐑑𐑤𐑦	ˈpoʊrtli	𐑐𐑹𐑑𐑤𐑦	ˈpɔːRtli	high	
portrait	𐑐𐑹𐑑𐑮𐑩𐑑	ˈpɔːRtrət	𐑐𐑹𐑑𐑮𐑦𐑑	ˈpɔːRtrɪt	high	
portrait	𐑐𐑹𐑑𐑮𐑱𐑑	pɔːRtreɪt	𐑐𐑹𐑑𐑮𐑦𐑑	ˈpɔːRtrɪt	high	
portugal	𐑐𐑹𐑑𐑘𐑩𐑜𐑩𐑤	pɔːRtjəɡəl	𐑐𐑹𐑗𐑩𐑜𐑩𐑤	ˈpɔːRtʃəɡəl	high	
portugal	𐑐𐑹𐑑𐑫𐑜𐑭𐑤	ˈpɔːRtuɡɑːl	𐑐𐑹𐑗𐑩𐑜𐑩𐑤	ˈpɔːRtʃəɡəl	high	
portuguese	𐑐𐑪𐑮𐑗𐑩𐑜𐑦𐑟	ˌportʃəˈɡiz	𐑐𐑹𐑗𐑩𐑜𐑰𐑟	ˌpɔːRtʃəˈɡiːz	high	
posh	𐑐𐑴𐑖	pəʊʃ	𐑐𐑪𐑖	pɒʃ	high	
positive	-𐑑𐑦𐑝	-tɪv	𐑐𐑪𐑟𐑩𐑑𐑦𐑝	ˈpɒzətɪv	high	
positive	𐑐𐑪𐑟𐑦𐑑𐑦𐑝	ˈpɒzɪtɪv	𐑐𐑪𐑟𐑩𐑑𐑦𐑝	ˈpɒzətɪv	high	
positively	𐑐𐑪𐑟𐑦𐑑𐑦𐑝𐑤𐑦	ˈpɒzɪtɪvli	𐑐𐑪𐑟𐑩𐑑𐑦𐑝𐑤𐑦	ˈpɒzətɪvli	high	
positiveness	𐑐𐑪𐑟𐑦𐑑𐑦𐑝𐑯𐑦𐑕	ˈpɒzɪtɪvnɪs	𐑐𐑪𐑟𐑩𐑑𐑦𐑝𐑯𐑩𐑕	ˈpɒzətɪvnəs	high	
positivism	𐑐𐑪𐑟𐑦𐑑𐑦𐑝𐑦𐑟𐑥	ˈpɒzɪtɪvˌɪzm	𐑐𐑪𐑟𐑦𐑑𐑦𐑝𐑦𐑟𐑩𐑥	ˈpɒzɪtɪvɪzəm	high	
posset	𐑐𐑪𐑕𐑦𐑑	ˈpɒsɪt	𐑐𐑪𐑕𐑩𐑑	ˈpɒsIt	high	
possibilities	𐑐𐑪𐑕𐑩𐑚𐑦𐑤𐑩𐑑𐑦𐑟	ˌpɒsəˈbɪlətiz	𐑐𐑪𐑕𐑩𐑚𐑦𐑤𐑦𐑑𐑦𐑟	ˌpɒsəˈbɪlɪtiz	high	
possibility	𐑐𐑪𐑕𐑩𐑚𐑦𐑤𐑩𐑑𐑦	ˌpɒsəˈbɪləti	𐑐𐑪𐑕𐑩𐑚𐑦𐑤𐑦𐑑𐑦	ˌpɒsəˈbɪlɪti	high	
possible	𐑐𐑪𐑕𐑩𐑚𐑤	ˈpɒsəbl	𐑐𐑪𐑕𐑩𐑚𐑩𐑤	ˈpɒsəbəl	high	
possibly	𐑐𐑪𐑕𐑦𐑚𐑤𐑦	ˈpɒsɪbli	𐑐𐑪𐑕𐑩𐑚𐑤𐑦	ˈpɒsəbli	high	
post-	𐑐𐑴𐑕𐑑	poʊst	𐑐𐑴𐑕𐑑-	pəʊst-	high	
post-haste	𐑐𐑴𐑕𐑑𐑣𐑱𐑕𐑑	ˌpəʊstˈheɪst	𐑐𐑴𐑕𐑑-𐑣𐑱𐑕𐑑	pəʊst-ˈheɪst	high	
posterior	𐑐𐑪𐑕𐑑𐑦𐑮𐑦𐑼	pɒˈstɪriəR	𐑐𐑪𐑕𐑑𐑽𐑽	pɒˈstɪərɪəR	high	
posterior	𐑐𐑪𐑕𐑑𐑽𐑦𐑼	pɒstɪəriəR	𐑐𐑪𐑕𐑑𐑽𐑽	pɒˈstɪərɪəR	high	
posterior	𐑐𐑴𐑕𐑑𐑦𐑮𐑦𐑼	poʊˈstɪriəR	𐑐𐑪𐑕𐑑𐑽𐑽	pɒˈstɪərɪəR	high	
postern	𐑐𐑴𐑕𐑑𐑼𐑯	pəʊstəRn	𐑐𐑪𐑕𐑑𐑼𐑯	ˈpɒstəRn	high	
posthumous	𐑐𐑪𐑕𐑗𐑩𐑥𐑩𐑕	ˈpɒstʃəməs	𐑐𐑪𐑕𐑑𐑘𐑩𐑥𐑩𐑕	ˈpɒstjəməs	high	
posthumous	𐑐𐑪𐑕𐑗𐑫𐑥𐑩𐑕	ˈpɒstʃʊməs	𐑐𐑪𐑕𐑑𐑘𐑩𐑥𐑩𐑕	ˈpɒstjəməs	high	
postilion	𐑐𐑩𐑕𐑑𐑦𐑤𐑘𐑩𐑯	pəˈstɪljən	𐑐𐑪𐑕𐑑𐑦𐑤𐑘𐑩𐑯	pɒˈstɪljən	high	
postilion	𐑐𐑪𐑕𐑑𐑦𐑤𐑾𐑯	pɒˈstɪlɪən	𐑐𐑪𐑕𐑑𐑦𐑤𐑘𐑩𐑯	pɒˈstɪljən	high	
postilion	𐑐𐑴𐑕𐑑𐑦𐑤𐑘𐑩𐑯	poʊˈstɪljən	𐑐𐑪𐑕𐑑𐑦𐑤𐑘𐑩𐑯	pɒˈstɪljən	high	
postprandial	𐑐𐑴𐑕𐑑𐑐𐑮𐑨𐑯𐑛𐑦𐑩𐑤	ˌpoʊstˈprændiəl	𐑐𐑴𐑕𐑑𐑐𐑮𐑨𐑯𐑛𐑾𐑤	ˌpəʊstˈprændɪəl	high	
postulant	𐑐𐑪𐑕𐑑𐑘𐑩𐑤𐑩𐑯𐑑	ˈpɒstjələnt	𐑐𐑪𐑕𐑗𐑩𐑤𐑩𐑯𐑑	ˈpɒstʃələnt	high	
postulant	𐑐𐑪𐑕𐑗𐑫𐑤𐑩𐑯𐑑	ˈpɒstʃʊlənt	𐑐𐑪𐑕𐑗𐑩𐑤𐑩𐑯𐑑	ˈpɒstʃələnt	high	
postulate	𐑐𐑪𐑕𐑑𐑘𐑩𐑤𐑩𐑑	ˈpɒstjələt	𐑐𐑪𐑕𐑗𐑩𐑤𐑱𐑑	ˈpɒstʃəleɪt	high	
postulate	𐑐𐑪𐑕𐑑𐑘𐑩𐑤𐑱𐑑	ˈpɒstjəleɪt	𐑐𐑪𐑕𐑗𐑩𐑤𐑱𐑑	ˈpɒstʃəleɪt	high	
postulate	𐑐𐑪𐑕𐑗𐑩𐑤𐑩𐑑	ˈpɒstʃələt	𐑐𐑪𐑕𐑗𐑩𐑤𐑱𐑑	ˈpɒstʃəleɪt	high	
potable	𐑐𐑪𐑑-	ˈpɒt-	𐑐𐑴𐑑𐑩𐑚𐑩𐑤	ˈpəʊtəbəl	high	
potato	-𐑑𐑱𐑑𐑴	-ˈteɪtoʊ	𐑐𐑩𐑑𐑱𐑑𐑴	pəˈteɪtəʊ	high	
potential	𐑐𐑴𐑑𐑧𐑯𐑖𐑩𐑤	poʊˈtenʃəl	𐑐𐑩𐑑𐑧𐑯𐑖𐑩𐑤	pəˈtenʃəl	high	
potentiality	-𐑑𐑦	-ti	𐑐𐑩𐑑𐑧𐑯𐑖𐑦𐑨𐑤𐑦𐑑𐑦	pəˌtenʃɪˈælɪti	high	
potentiality	𐑐𐑩𐑑𐑧𐑯𐑗𐑦𐑨𐑤𐑩𐑑𐑦	pəˌtentʃiˈæləti	𐑐𐑩𐑑𐑧𐑯𐑖𐑦𐑨𐑤𐑦𐑑𐑦	pəˌtenʃɪˈælɪti	high	
potpourri	𐑐𐑴𐑐𐑫𐑮𐑰	ˌpoʊpʊˈriː	𐑐𐑴𐑐𐑫𐑼𐑰	ˌpəʊˈpʊəriː	medium	r_gap:spelling=2,ipa=1
potpourri	𐑐𐑴𐑐𐑫𐑼𐑦	pəʊpʊəri	𐑐𐑴𐑐𐑫𐑼𐑰	ˌpəʊˈpʊəriː	medium	r_gap:spelling=2,ipa=1; shave_says:𐑐𐑴𐑐𐑫𐑼𐑰
potpourri	𐑐𐑴𐑐𐑹𐑦	pəʊpɔːri	𐑐𐑴𐑐𐑫𐑼𐑰	ˌpəʊˈpʊəriː	medium	r_gap:spelling=2,ipa=1; shave_says:𐑐𐑴𐑐𐑫𐑼𐑰
potpourri	𐑐𐑴𐑐𐑼𐑰	pəʊpəriː	𐑐𐑴𐑐𐑫𐑼𐑰	ˌpəʊˈpʊəriː	medium	r_gap:spelling=2,ipa=1; shave_says:𐑐𐑴𐑐𐑫𐑼𐑰
potsherd	𐑐𐑪𐑗𐑻𐑛	pɒtʃɜːRd	𐑐𐑪𐑑𐑖𐑻𐑛	ˈpɒt+ʃɜːRd	high	
potsherd	𐑐𐑪𐑗𐑼𐑛	ˈpɒtʃərd	𐑐𐑪𐑑𐑖𐑻𐑛	ˈpɒt+ʃɜːRd	high	
potty	𐑐𐑪𐑛𐑦	ˈpɒdi	𐑐𐑪𐑑𐑦	ˈpɒti	high	
poultry	𐑐𐑪𐑤𐑑𐑮𐑦	pɒltri	𐑐𐑴𐑤𐑑𐑮𐑦	ˈpəʊltri	high	
pour	𐑐𐑪𐑮	por	𐑐𐑹	pɔːR	high	
poverty	𐑐𐑪𐑝𐑩𐑑𐑦	pɒvəti	𐑐𐑪𐑝𐑼𐑑𐑦	ˈpɒvəRti	medium	r_gap:spelling=1,ipa=0; shave_says:𐑐𐑪𐑝𐑼𐑑𐑦
poverty	𐑐𐑭𐑝𐑼𐑑𐑦	ˈpɑːvəRti	𐑐𐑪𐑝𐑼𐑑𐑦	ˈpɒvəRti	high	
powell	𐑐𐑬𐑢𐑩𐑤	ˈpaʊwəl	𐑐𐑬𐑩𐑤	ˈpaʊəl	high	
powell	𐑐𐑬𐑤	paʊl	𐑐𐑬𐑩𐑤	ˈpaʊəl	high	
powell	𐑐𐑴𐑤	pəʊl	𐑐𐑬𐑩𐑤	ˈpaʊəl	high	
power	𐑐𐑬𐑮	ˈpaʊr	𐑐𐑬𐑼	ˈpaʊəR	high	
praetor	𐑐𐑮𐑰𐑑𐑹	priːtɔːR	𐑐𐑮𐑰𐑑𐑼	ˈpriːtəR	high	
pram	𐑐𐑮𐑭𐑥	prɑːm	𐑐𐑮𐑨𐑥	præm	high	
prance	𐑐𐑮𐑨𐑯𐑑𐑕	prænts	𐑐𐑮𐑨𐑯𐑕, 𐑐𐑮𐑭𐑯𐑕	prⱭːns	high	
prance	𐑐𐑮𐑭𐑯𐑑𐑕	prɑːnts	𐑐𐑮𐑨𐑯𐑕, 𐑐𐑮𐑭𐑯𐑕	prⱭːns	high	
prawn	𐑐𐑮𐑪𐑯	prɒn	𐑐𐑮𐑷𐑯	prɔːn	high	
prayer	𐑐𐑮𐑧𐑮	ˈprer	𐑐𐑮𐑺	preəR	high	
prayer	𐑐𐑮𐑱𐑼	ˈpreɪər	𐑐𐑮𐑺	preəR	high	
prayerful	𐑐𐑮𐑻𐑓𐑫𐑤	prɜːRfʊl	𐑐𐑮𐑺𐑓𐑩𐑤	ˈpreəRfəl	high	
prayers	𐑐𐑮𐑧𐑮𐑟	prerz	𐑐𐑮𐑺𐑟	preəRz	high	
prayers	𐑐𐑮𐑱𐑼𐑟	ˈpreɪəRz	𐑐𐑮𐑺𐑟	preəRz	high	
pre-	𐑐𐑮𐑦	pri	𐑐𐑮𐑰-	priː-	high	
pre-	𐑐𐑮𐑧	pre	𐑐𐑮𐑰-	priː-	high	
pre-	𐑐𐑮𐑰	priː	𐑐𐑮𐑰-	priː-	high	
pre-empt	𐑐𐑮𐑰𐑧𐑥𐑐𐑑	priːempt	𐑐𐑮𐑰-𐑧𐑥𐑐𐑑	ˌpriː-ˈempt	high	
preacher	𐑐𐑮𐑦𐑗𐑼	ˈpritʃəR	𐑐𐑮𐑰𐑗𐑼	ˈpriːtʃəR	high	
preamble	𐑐𐑮𐑦𐑨𐑥𐑚𐑩𐑤	ˈpriˌæmbəl	𐑐𐑮𐑰𐑨𐑥𐑚𐑩𐑤	priːˈæmbəl	high	
precast	𐑐𐑮𐑦𐑒𐑨𐑕𐑑	priˈkæst	𐑐𐑮𐑰𐑒𐑨𐑕𐑑, 𐑐𐑮𐑰𐑒𐑭𐑕𐑑	ˌpriːˈkⱭːst	high	
precaution	𐑐𐑮𐑰𐑒𐑷𐑖𐑩𐑯	priːkɔːʃən	𐑐𐑮𐑦𐑒𐑷𐑖𐑩𐑯	prɪˈkɔːʃən	high	
precede	𐑐𐑮𐑦𐑕𐑦𐑛	prɪˈsid	𐑐𐑮𐑦𐑕𐑰𐑛	prɪˈsiːd	high	
precede	𐑐𐑮𐑩𐑕𐑦𐑛	prəˈsid	𐑐𐑮𐑦𐑕𐑰𐑛	prɪˈsiːd	high	
precede	𐑐𐑮𐑩𐑕𐑰𐑛	prəsiːd	𐑐𐑮𐑦𐑕𐑰𐑛	prɪˈsiːd	high	
precede	𐑐𐑮𐑰𐑕𐑰𐑛	priːsiːd	𐑐𐑮𐑦𐑕𐑰𐑛	prɪˈsiːd	high	
preciosity	𐑐𐑮𐑧𐑖𐑦𐑪𐑕𐑩𐑑𐑦	preʃiɒsəti	𐑐𐑮𐑧𐑖𐑦𐑪𐑕𐑦𐑑𐑦	ˌpreʃɪˈɒsɪti	high	
precognition	𐑐𐑮𐑦𐑒𐑪𐑜𐑯𐑦𐑖𐑩𐑯	ˌprikɒɡˈnɪʃən	𐑐𐑮𐑰𐑒𐑪𐑜𐑯𐑦𐑖𐑩𐑯	ˌpriːkɒɡˈnɪʃən	high	
precognition	𐑐𐑮𐑦𐑒𐑷𐑜𐑯𐑦𐑖𐑩𐑯	ˌprikɔːɡˈnɪʃən	𐑐𐑮𐑰𐑒𐑪𐑜𐑯𐑦𐑖𐑩𐑯	ˌpriːkɒɡˈnɪʃən	high	
preconception	𐑐𐑮𐑦𐑒𐑩𐑯𐑕𐑧𐑐𐑖𐑩𐑯	ˌprikənˈsepʃən	𐑐𐑮𐑰𐑒𐑩𐑯𐑕𐑧𐑐𐑖𐑩𐑯	ˌpriːkənˈsepʃən	high	
precondition	𐑐𐑮𐑦𐑒𐑩𐑯𐑛𐑦𐑖𐑩𐑯	ˌprikənˈdɪʃən	𐑐𐑮𐑰𐑒𐑩𐑯𐑛𐑦𐑖𐑩𐑯	ˌpriːkənˈdɪʃən	high	
precursor	𐑐𐑮𐑦𐑒𐑻𐑕𐑼	prɪkɜːRsəR	𐑐𐑮𐑰𐑒𐑻𐑕𐑼	ˌpriːˈkɜːRsəR	high	
predate	𐑐𐑮𐑩𐑛𐑱𐑑	prəˈdeɪt	𐑐𐑮𐑦𐑛𐑱𐑑, 𐑐𐑮𐑰𐑛𐑱𐑑	prɪˈdeɪt	high	
predatory	𐑐𐑮𐑧𐑛𐑩𐑑𐑹𐑦	ˈpredəˌtɔːRi	𐑐𐑮𐑧𐑛𐑩𐑑𐑼𐑦	ˈpredətəri	high	
predecessor	𐑐𐑮𐑦𐑛𐑩𐑕𐑧𐑕𐑼	ˈpridəsesəR	𐑐𐑮𐑰𐑛𐑦𐑕𐑧𐑕𐑼	ˈpriːdɪsesəR	high	
predecessor	𐑐𐑮𐑧𐑛𐑩𐑕𐑧𐑕𐑼	ˈpredəsesəR	𐑐𐑮𐑰𐑛𐑦𐑕𐑧𐑕𐑼	ˈpriːdɪsesəR	high	
predicate	𐑐𐑮𐑧𐑛𐑦𐑒𐑦𐑑	ˈpredɪkɪt	𐑐𐑮𐑧𐑛𐑦𐑒𐑩𐑑, 𐑐𐑮𐑧𐑛𐑦𐑒𐑱𐑑	ˈpredɪkət	high	
predilection	𐑐𐑮𐑧𐑛𐑩𐑤𐑧𐑒𐑖𐑩𐑯	ˌpredəˈlekʃən	𐑐𐑮𐑰𐑛𐑦𐑤𐑧𐑒𐑖𐑩𐑯	ˌpriːdɪˈlekʃən	high	
predilection	𐑐𐑮𐑰𐑛𐑩𐑤𐑧𐑒𐑖𐑩𐑯	priːdəlekʃən	𐑐𐑮𐑰𐑛𐑦𐑤𐑧𐑒𐑖𐑩𐑯	ˌpriːdɪˈlekʃən	high	
predisposition	𐑐𐑮𐑦𐑛𐑦𐑕𐑐𐑩𐑟𐑦𐑖𐑩𐑯	ˌpridɪspəˈzɪʃən	𐑐𐑮𐑰𐑛𐑦𐑕𐑐𐑩𐑟𐑦𐑖𐑩𐑯	ˌpriːdɪspəˈzɪʃən	high	
prefatory	𐑐𐑮𐑧𐑓𐑩𐑑𐑹𐑦	ˈprefəˌtɔːRi	𐑐𐑮𐑧𐑓𐑩𐑑𐑼𐑦	ˈprefətəri	high	
prefecture	𐑐𐑮𐑦𐑓𐑧𐑒𐑗𐑼	ˈpriˌfektʃər	𐑐𐑮𐑰𐑓𐑧𐑒𐑗𐑼	ˈpriːfektʃəR	high	
prefecture	𐑐𐑮𐑰𐑓𐑧𐑒𐑑𐑘𐑩𐑼	priːfektjəəR	𐑐𐑮𐑰𐑓𐑧𐑒𐑗𐑼	ˈpriːfektʃəR	medium	ml_disagrees:𐑐𐑮𐑰𐑓𐑧𐑒𐑑𐑘ː𐑼; shave_says:𐑐𐑮𐑰𐑓𐑧𐑒𐑗𐑼
preferential	𐑐𐑮𐑧𐑓𐑻𐑧𐑯𐑖𐑩𐑤	prefɜːrenʃəl	𐑐𐑮𐑧𐑓𐑼𐑧𐑯𐑖𐑩𐑤	ˌprefəˈrenʃəl	high	
preferentially	𐑐𐑮𐑧𐑓𐑻𐑧𐑯𐑖𐑩𐑤𐑦	prefɜːrenʃəli	𐑐𐑮𐑧𐑓𐑼𐑧𐑯𐑖𐑩𐑤𐑦	ˌprefərˈenʃəli	high	
prehensile	𐑐𐑮𐑦𐑣𐑧𐑯𐑕𐑩𐑤	priˈhensəl	𐑐𐑮𐑰𐑣𐑧𐑯𐑕𐑲𐑤	ˌpriːˈhensaɪl	high	
prehensile	𐑐𐑮𐑦𐑣𐑧𐑯𐑕𐑲𐑤	prɪhensaɪl	𐑐𐑮𐑰𐑣𐑧𐑯𐑕𐑲𐑤	ˌpriːˈhensaɪl	high	
prejudicial	𐑐𐑮𐑧𐑡𐑫𐑛𐑦𐑖𐑤	predʒʊdɪʃl	𐑐𐑮𐑧𐑡𐑩𐑛𐑦𐑖𐑩𐑤	ˌpredʒəˈdɪʃəl	high	
prelim	𐑐𐑮𐑰𐑤𐑦𐑥	priːlɪm	𐑐𐑮𐑦𐑤𐑦𐑥	prɪˈlɪm	high	
preliminary	𐑐𐑮𐑦𐑤𐑦𐑥𐑦𐑯𐑧𐑮𐑦	prɪˈlɪmɪneri	𐑐𐑮𐑦𐑤𐑦𐑥𐑦𐑯𐑼𐑦	prɪˈlɪmɪnəri	high	
prelude	𐑐𐑮𐑰𐑤𐑵𐑛	priːluːd	𐑐𐑮𐑧𐑤𐑿𐑛, 𐑐𐑮𐑱𐑤𐑵𐑛	ˈpreljuːd	high	
prelude	𐑐𐑮𐑰𐑤𐑿𐑛	ˈpriːljuːd	𐑐𐑮𐑧𐑤𐑿𐑛, 𐑐𐑮𐑱𐑤𐑵𐑛	ˈpreljuːd	high	
prelude	𐑐𐑮𐑱𐑤𐑿𐑛	ˈpreɪljuːd	𐑐𐑮𐑧𐑤𐑿𐑛, 𐑐𐑮𐑱𐑤𐑵𐑛	ˈpreljuːd	high	
premature	𐑐𐑮𐑦𐑥𐑩𐑑𐑫𐑮	ˌpriməˈtʊr	𐑐𐑮𐑧𐑥𐑩𐑗𐑫𐑼	ˈpremətʃʊəR	high	
premature	𐑐𐑮𐑦𐑥𐑩𐑗𐑫𐑮	ˌpriməˈtʃʊr	𐑐𐑮𐑧𐑥𐑩𐑗𐑫𐑼	ˈpremətʃʊəR	high	
premature	𐑐𐑮𐑧𐑥𐑩𐑑𐑘𐑩𐑼	premətjəəR	𐑐𐑮𐑧𐑥𐑩𐑗𐑫𐑼	ˈpremətʃʊəR	medium	ml_disagrees:𐑐𐑮𐑧𐑥𐑩𐑑𐑘ː𐑼; shave_says:𐑐𐑮𐑧𐑥𐑩𐑗𐑫𐑼
premature	𐑐𐑮𐑧𐑥𐑩𐑑𐑘𐑼	premətjəR	𐑐𐑮𐑧𐑥𐑩𐑗𐑫𐑼	ˈpremətʃʊəR	high	
premier	𐑐𐑮𐑦𐑥𐑽	prɪˈmɪər	𐑐𐑮𐑧𐑥𐑽	ˈpremɪəR	high	
premier	𐑐𐑮𐑧𐑥𐑘𐑻	premjɜːR	𐑐𐑮𐑧𐑥𐑽	ˈpremɪəR	high	
premier	𐑐𐑮𐑧𐑥𐑘𐑼	premjəR	𐑐𐑮𐑧𐑥𐑽	ˈpremɪəR	high	
premier	𐑐𐑮𐑧𐑥𐑦𐑻	premiɜːR	𐑐𐑮𐑧𐑥𐑽	ˈpremɪəR	high	
premier	𐑐𐑮𐑧𐑥𐑦𐑼	premiəR	𐑐𐑮𐑧𐑥𐑽	ˈpremɪəR	high	
premiere	-𐑥𐑦𐑼	-ˈmiəR	𐑐𐑮𐑧𐑥𐑦𐑺	ˈpremɪeəR	medium	r_gap:spelling=2,ipa=1
premiere	𐑐𐑮𐑦-	prɪ-	𐑐𐑮𐑧𐑥𐑦𐑺	ˈpremɪeəR	medium	r_gap:spelling=2,ipa=1
premiere	𐑐𐑮𐑧𐑥𐑘𐑺	premjeəR	𐑐𐑮𐑧𐑥𐑦𐑺	ˈpremɪeəR	high	
premiere	𐑐𐑮𐑩𐑥𐑽	prəˈmɪəR	𐑐𐑮𐑧𐑥𐑦𐑺	ˈpremɪeəR	high	
premiership	-𐑥𐑘𐑩-	-mjə-	𐑐𐑮𐑧𐑥𐑽𐑖𐑦𐑐	ˈpremɪəRʃɪp	medium	r_gap:spelling=2,ipa=0; shave_says:𐑐𐑮𐑧𐑥𐑽𐑖𐑦𐑐
premise	𐑐𐑮𐑦𐑥𐑲𐑟	prɪmaɪz	𐑐𐑮𐑧𐑥𐑦𐑕	ˈpremɪs	high	
premonitory	𐑐𐑮𐑦𐑥𐑪𐑯𐑦𐑑𐑮𐑦	prɪmɒnɪtri	𐑐𐑮𐑦𐑥𐑪𐑯𐑦𐑑𐑼𐑦	prɪˈmɒnɪtəri	high	
premonitory	𐑐𐑮𐑩𐑥𐑪𐑯𐑦𐑑𐑹𐑦	prəˈmɒnɪˌtɔːRi	𐑐𐑮𐑦𐑥𐑪𐑯𐑦𐑑𐑼𐑦	prɪˈmɒnɪtəri	high	
preoccupation	𐑐𐑮𐑦𐑪𐑒𐑘𐑩𐑐𐑱𐑖𐑩𐑯	ˌpriɒkjəˈpeɪʃən	𐑐𐑮𐑰𐑪𐑒𐑘𐑩𐑐𐑱𐑖𐑩𐑯	priːˌɒkjəˈpeɪʃən	high	
preoccupy	𐑐𐑮𐑦𐑪𐑒𐑘𐑫𐑐𐑲	prɪɒkjupaɪ	𐑐𐑮𐑰𐑪𐑒𐑘𐑩𐑐𐑲	priːˈɒkjəpaɪ	high	
preparatory	𐑐𐑮𐑦𐑐𐑧𐑮-	prɪˈper-	𐑐𐑮𐑦𐑐𐑨𐑮𐑩𐑑𐑼𐑦	prɪˈpærətəri	medium	r_gap:spelling=3,ipa=2
preparatory	𐑐𐑮𐑦𐑐𐑨𐑮-	prɪˈpær-	𐑐𐑮𐑦𐑐𐑨𐑮𐑩𐑑𐑼𐑦	prɪˈpærətəri	medium	r_gap:spelling=3,ipa=2
preparatory	𐑐𐑮𐑦𐑐𐑺-	prɪpeər-	𐑐𐑮𐑦𐑐𐑨𐑮𐑩𐑑𐑼𐑦	prɪˈpærətəri	medium	r_gap:spelling=3,ipa=2; shave_says:𐑐𐑮𐑦𐑐𐑨𐑮𐑩𐑑𐑼𐑦
preparatory	𐑐𐑮𐑧𐑐𐑼𐑩𐑑𐑹𐑦	ˈprepərətɔːRi	𐑐𐑮𐑦𐑐𐑨𐑮𐑩𐑑𐑼𐑦	prɪˈpærətəri	high	
preparatory	𐑐𐑮𐑧𐑐𐑼𐑩𐑑𐑼𐑦	prepərətəri	𐑐𐑮𐑦𐑐𐑨𐑮𐑩𐑑𐑼𐑦	prɪˈpærətəri	high	
prepare	𐑐𐑮𐑦𐑐𐑻	prɪpɜːR	𐑐𐑮𐑦𐑐𐑺	prɪˈpeəR	high	
prepare	𐑐𐑮𐑩𐑐𐑺	prəˈpeər	𐑐𐑮𐑦𐑐𐑺	prɪˈpeəR	high	
prepared	𐑐𐑮𐑦𐑐𐑧𐑮𐑛	prɪˈperd	𐑐𐑮𐑦𐑐𐑺𐑛	prɪˈpeəRd	high	
prepared	𐑐𐑮𐑩𐑐𐑧𐑮𐑛	prəˈperd	𐑐𐑮𐑦𐑐𐑺𐑛	prɪˈpeəRd	high	
preparedness	𐑐𐑮𐑦𐑐𐑧𐑮𐑩𐑛𐑯𐑩𐑕	prɪˈperədnəs	𐑐𐑮𐑦𐑐𐑺𐑩𐑛𐑯𐑩𐑕	prɪˈpeərƏdnəs	high	
preparedness	𐑐𐑮𐑦𐑐𐑺𐑦𐑛𐑯𐑦𐑕	prɪpeərɪdnɪs	𐑐𐑮𐑦𐑐𐑺𐑩𐑛𐑯𐑩𐑕	prɪˈpeərƏdnəs	medium	ml_disagrees:𐑐𐑮𐑦𐑐𐑺𐑦𐑛𐑯𐑩𐑕; shave_says:𐑐𐑮𐑦𐑐𐑺𐑩𐑛𐑯𐑩𐑕
preparing	𐑐𐑮𐑦𐑐𐑧𐑮𐑦𐑙	prɪˈperɪŋ	𐑐𐑮𐑦𐑐𐑺𐑦𐑙	prɪˈpeərɪŋ	high	
preponderance	𐑐𐑮𐑦𐑐𐑪𐑯𐑛𐑮𐑩𐑯𐑕	prɪpɒndrəns	𐑐𐑮𐑦𐑐𐑪𐑯𐑛𐑼𐑩𐑯𐑕	prɪˈpɒndərəns	high	
preponderance	𐑐𐑮𐑩𐑐𐑪𐑯𐑛𐑮𐑩𐑯𐑕	prəˈpɒndrəns	𐑐𐑮𐑦𐑐𐑪𐑯𐑛𐑼𐑩𐑯𐑕	prɪˈpɒndərəns	high	
preponderance	𐑐𐑮𐑩𐑐𐑪𐑯𐑛𐑼𐑩𐑯𐑕	prəˈpɒndərəns	𐑐𐑮𐑦𐑐𐑪𐑯𐑛𐑼𐑩𐑯𐑕	prɪˈpɒndərəns	high	
prepossess	𐑐𐑮𐑦𐑐𐑩𐑟𐑧𐑕	ˌpripəˈzes	𐑐𐑮𐑰𐑐𐑩𐑟𐑧𐑕	ˌpriːpəˈzes	high	
prepossession	𐑐𐑮𐑦𐑐𐑩𐑟𐑧𐑖𐑩𐑯	ˌpripəˈzeʃən	𐑐𐑮𐑰𐑐𐑩𐑟𐑧𐑖𐑩𐑯	ˌpriːpəˈzeʃən	high	
preposterous	𐑐𐑮𐑦𐑐𐑪𐑕𐑑𐑮𐑩𐑕	prɪpɒstrəs	𐑐𐑮𐑦𐑐𐑪𐑕𐑑𐑼𐑩𐑕	prɪˈpɒstərəs	high	
preposterous	𐑐𐑮𐑩-	prə-	𐑐𐑮𐑦𐑐𐑪𐑕𐑑𐑼𐑩𐑕	prɪˈpɒstərəs	medium	r_gap:spelling=2,ipa=1; shave_says:𐑐𐑮𐑦𐑐𐑪𐑕𐑑𐑼𐑩𐑕
preposterous	𐑐𐑮𐑩𐑐𐑪𐑕𐑑𐑮𐑩𐑕	prəˈpɒstrəs	𐑐𐑮𐑦𐑐𐑪𐑕𐑑𐑼𐑩𐑕	prɪˈpɒstərəs	high	
preposterous	𐑐𐑮𐑩𐑐𐑪𐑕𐑑𐑼𐑩𐑕	prəˈpɒstərəs	𐑐𐑮𐑦𐑐𐑪𐑕𐑑𐑼𐑩𐑕	prɪˈpɒstərəs	high	
preposterously	𐑐𐑮𐑦𐑐𐑪𐑕𐑑𐑮𐑩𐑕𐑤𐑦	prɪpɒstrəsli	𐑐𐑮𐑦𐑐𐑪𐑕𐑑𐑼𐑩𐑕𐑤𐑦	prɪˈpɒstərəsli	high	
preposterously	𐑐𐑮𐑩-	prə-	𐑐𐑮𐑦𐑐𐑪𐑕𐑑𐑼𐑩𐑕𐑤𐑦	prɪˈpɒstərəsli	medium	r_gap:spelling=2,ipa=1; shave_says:𐑐𐑮𐑦𐑐𐑪𐑕𐑑𐑼𐑩𐑕𐑤𐑦
preposterously	𐑐𐑮𐑩𐑐𐑪𐑕𐑑𐑮𐑩𐑕𐑤𐑦	prəˈpɒstrəsli	𐑐𐑮𐑦𐑐𐑪𐑕𐑑𐑼𐑩𐑕𐑤𐑦	prɪˈpɒstərəsli	high	
preposterously	𐑐𐑮𐑩𐑐𐑪𐑕𐑑𐑼𐑩𐑕𐑤𐑦	prəˈpɒstərəsli	𐑐𐑮𐑦𐑐𐑪𐑕𐑑𐑼𐑩𐑕𐑤𐑦	prɪˈpɒstərəsli	high	
prerequisite	𐑐𐑮𐑦𐑮𐑧𐑒𐑢𐑦𐑟𐑦𐑑	priˈrekwɪzɪt	𐑐𐑮𐑰𐑮𐑧𐑒𐑢𐑦𐑟𐑦𐑑	ˌpriːˈrekwɪzɪt	high	
prerequisite	𐑐𐑮𐑦𐑮𐑧𐑒𐑢𐑩𐑟𐑩𐑑	priˈrekwəzət	𐑐𐑮𐑰𐑮𐑧𐑒𐑢𐑦𐑟𐑦𐑑	ˌpriːˈrekwɪzɪt	high	
prerogative	𐑐𐑮𐑼𐑪𐑜𐑩𐑑𐑦𐑝	prəˈrɒɡətɪv	𐑐𐑮𐑦𐑮𐑪𐑜𐑩𐑑𐑦𐑝	prɪˈrɒɡətɪv	high	
prerogative	𐑐𐑼𐑪𐑜𐑩𐑑𐑦𐑝	pəˈrɒɡətɪv	𐑐𐑮𐑦𐑮𐑪𐑜𐑩𐑑𐑦𐑝	prɪˈrɒɡətɪv	medium	r_gap:spelling=2,ipa=1
presbyter	𐑐𐑮𐑧𐑕𐑚𐑦𐑑𐑼	ˈpresbɪtəR	𐑐𐑮𐑧𐑟𐑚𐑦𐑑𐑼	ˈprezbɪtəR	high	
presbyterian	𐑐𐑮𐑧𐑟𐑚𐑦𐑑𐑦𐑮𐑦𐑩𐑯	ˌprezbɪˈtɪriən	𐑐𐑮𐑧𐑟𐑚𐑦𐑑𐑽𐑾𐑯	ˌprezbɪˈtɪərɪən	high	
prescience	𐑐𐑮𐑦-	ˈpri-	𐑐𐑮𐑧𐑕𐑾𐑯𐑕	ˈpresɪəns	high	
prescience	𐑐𐑮𐑧𐑕𐑦𐑩𐑯𐑕	ˈpresiəns	𐑐𐑮𐑧𐑕𐑾𐑯𐑕	ˈpresɪəns	high	
prescience	𐑐𐑮𐑧𐑖𐑦𐑩𐑯𐑕	ˈpreʃiəns	𐑐𐑮𐑧𐑕𐑾𐑯𐑕	ˈpresɪəns	high	
prescience	𐑐𐑮𐑧𐑖𐑩𐑯𐑕	ˈpreʃəns	𐑐𐑮𐑧𐑕𐑾𐑯𐑕	ˈpresɪəns	high	
prescient	𐑐𐑮𐑧𐑕𐑦𐑩𐑯𐑑	presiənt	𐑐𐑮𐑧𐑕𐑾𐑯𐑑	ˈpresɪənt	high	
prescient	𐑐𐑮𐑧𐑖𐑦𐑩𐑯𐑑	ˈpreʃiənt	𐑐𐑮𐑧𐑕𐑾𐑯𐑑	ˈpresɪənt	high	
prescient	𐑐𐑮𐑰𐑖𐑦𐑩𐑯𐑑	priːʃiənt	𐑐𐑮𐑧𐑕𐑾𐑯𐑑	ˈpresɪənt	high	
preservation	𐑐𐑮𐑧𐑟𐑩𐑝𐑱𐑖𐑩𐑯	prezəveɪʃən	𐑐𐑮𐑧𐑟𐑼𐑝𐑱𐑖𐑩𐑯	ˌprezəRˈveɪʃən	medium	r_gap:spelling=2,ipa=1; shave_says:𐑐𐑮𐑧𐑟𐑼𐑝𐑱𐑖𐑩𐑯
preserve	𐑐𐑮𐑩𐑟𐑻𐑝	prəzɜːRv	𐑐𐑮𐑦𐑟𐑻𐑝	prɪˈzɜːRv	high	
preserved	𐑐𐑮𐑩𐑟𐑻𐑝𐑛	prəzɜːRvd	𐑐𐑮𐑦𐑟𐑻𐑝𐑛	prɪˈzɜːRvd	high	
prestidigitation	𐑐𐑮𐑧𐑕𐑑𐑩𐑛𐑦𐑡𐑦𐑑𐑱𐑖𐑩𐑯	ˌprestəˌdɪdʒɪˈteɪʃən	𐑐𐑮𐑧𐑕𐑑𐑦𐑛𐑦𐑡𐑦𐑑𐑱𐑖𐑩𐑯	ˌprestɪˌdɪdʒɪˈteɪʃən	high	
prestigious	𐑐𐑮𐑧𐑕𐑑𐑰𐑡𐑩𐑕	preˈstiːdʒəs	𐑐𐑮𐑧𐑕𐑑𐑦𐑡𐑩𐑕	preˈstɪdʒəs	high	
prestigious	𐑐𐑮𐑩-	prə-	𐑐𐑮𐑧𐑕𐑑𐑦𐑡𐑩𐑕	preˈstɪdʒəs	high	
presumably	𐑐𐑮𐑦𐑟𐑵𐑥𐑩𐑚𐑤𐑦	prɪˈzuːməbli	𐑐𐑮𐑦𐑟𐑿𐑥𐑩𐑚𐑤𐑦	prɪˈzjuːməbli	high	
presume	𐑐𐑮𐑦𐑟𐑘𐑫𐑥	prɪˈzjum	𐑐𐑮𐑦𐑟𐑿𐑥	prɪˈzjuːm	high	
presume	𐑐𐑮𐑩𐑟𐑘𐑫𐑥	prəˈzjum	𐑐𐑮𐑦𐑟𐑿𐑥	prɪˈzjuːm	high	
presumptive	𐑐𐑮𐑩-	prə-	𐑐𐑮𐑦𐑟𐑳𐑥𐑐𐑑𐑦𐑝	prɪˈzʌmptɪv	high	
presumptuous	𐑐𐑮𐑩𐑟𐑳𐑥𐑐𐑑𐑿𐑩𐑕	prəzʌmptjuːəs	𐑐𐑮𐑦𐑟𐑳𐑥𐑐𐑗𐑫𐑩𐑕	prɪˈzʌmptʃuəs	high	
presumptuous	𐑐𐑮𐑩𐑟𐑳𐑥𐑐𐑖𐑩𐑕	prəzʌmpʃəs	𐑐𐑮𐑦𐑟𐑳𐑥𐑐𐑗𐑫𐑩𐑕	prɪˈzʌmptʃuəs	high	
presumptuous	𐑐𐑮𐑩𐑟𐑳𐑥𐑐𐑗𐑫𐑩𐑕	prəˈzʌmptʃuəs	𐑐𐑮𐑦𐑟𐑳𐑥𐑐𐑗𐑫𐑩𐑕	prɪˈzʌmptʃuəs	high	
presumptuous	𐑐𐑮𐑩𐑟𐑳𐑥𐑐𐑗𐑵𐑩𐑕	prəzʌmptʃuːəs	𐑐𐑮𐑦𐑟𐑳𐑥𐑐𐑗𐑫𐑩𐑕	prɪˈzʌmptʃuəs	high	
pretence	𐑐𐑮𐑰𐑑𐑧𐑯𐑕	ˈpriːtens	𐑐𐑮𐑦𐑑𐑧𐑯𐑕	prɪˈtens	high	
pretentiously	𐑐𐑮𐑦𐑑𐑧𐑯𐑖𐑩𐑕𐑤𐑰	prɪtenʃəsliː	𐑐𐑮𐑦𐑑𐑧𐑯𐑖𐑩𐑕𐑤𐑦	prɪˈtenʃəsli	high	
pretentiously	𐑐𐑮𐑩𐑑𐑧𐑯𐑖𐑩𐑕𐑤𐑰	prətenʃəsliː	𐑐𐑮𐑦𐑑𐑧𐑯𐑖𐑩𐑕𐑤𐑦	prɪˈtenʃəsli	high	
pretentiously	𐑐𐑮𐑰𐑑𐑧𐑯𐑖𐑩𐑕𐑤𐑰	priːˈtenʃəsliː	𐑐𐑮𐑦𐑑𐑧𐑯𐑖𐑩𐑕𐑤𐑦	prɪˈtenʃəsli	high	
preternatural	𐑐𐑮𐑦𐑑𐑼𐑯𐑨𐑗𐑼𐑩𐑤	ˌpritəRˈnætʃərəl	𐑐𐑮𐑰𐑑𐑼𐑯𐑨𐑗𐑼𐑩𐑤	ˌpriːtəRˈnætʃərəl	high	
preternatural	𐑐𐑮𐑧𐑛𐑼𐑯𐑨𐑗𐑼𐑩𐑤	ˌpredərˈnætʃərəl	𐑐𐑮𐑰𐑑𐑼𐑯𐑨𐑗𐑼𐑩𐑤	ˌpriːtəRˈnætʃərəl	high	
preternatural	𐑐𐑮𐑰𐑑𐑩𐑯𐑨𐑗𐑼𐑩𐑤	priːtənætʃərəl	𐑐𐑮𐑰𐑑𐑼𐑯𐑨𐑗𐑼𐑩𐑤	ˌpriːtəRˈnætʃərəl	medium	r_gap:spelling=3,ipa=2; shave_says:𐑐𐑮𐑰𐑑𐑼𐑯𐑨𐑗𐑼𐑩𐑤
prettify	𐑐𐑮𐑦𐑑𐑦𐑓𐑳𐑦	prɪtɪfʌɪ	𐑐𐑮𐑦𐑑𐑦𐑓𐑲	ˈprɪtɪfaɪ	high	
pretty	𐑐𐑮𐑫𐑑𐑦	ˈprʊti	𐑐𐑮𐑦𐑑𐑦	ˈprɪti	high	
pretty	𐑐𐑶𐑑𐑦	ˈpɔɪti	𐑐𐑮𐑦𐑑𐑦	ˈprɪti	medium	r_gap:spelling=1,ipa=0
pretty	𐑐𐑻𐑑𐑦	ˈpɜːRti	𐑐𐑮𐑦𐑑𐑦	ˈprɪti	high	
prevaricate	𐑐𐑮𐑦𐑝𐑧𐑮𐑦𐑒𐑱𐑑	prɪˈverɪkeɪt	𐑐𐑮𐑦𐑝𐑨𐑮𐑦𐑒𐑱𐑑	prɪˈværɪkeɪt	high	
previous	𐑐𐑮𐑦𐑝𐑦𐑩𐑕	ˈpriviəs	𐑐𐑮𐑰𐑝𐑾𐑕	ˈpriːvɪəs	high	
previously	𐑐𐑮𐑦𐑝𐑦𐑩𐑕𐑤𐑦	ˈpriviəsli	𐑐𐑮𐑰𐑝𐑾𐑕𐑤𐑦	ˈpriːvɪəsli	high	
previously	𐑐𐑮𐑰𐑝𐑦𐑩𐑕𐑤𐑦	priːviəsli	𐑐𐑮𐑰𐑝𐑾𐑕𐑤𐑦	ˈpriːvɪəsli	high	
prevision	𐑐𐑮𐑦𐑝𐑦𐑠𐑩𐑯	prɪvɪʒən	𐑐𐑮𐑰𐑝𐑦𐑠𐑩𐑯	ˌpriːˈvɪʒən	high	
priestess	𐑐𐑮𐑦𐑕𐑑𐑦𐑕	ˈpristɪs	𐑐𐑮𐑰𐑕𐑑𐑧𐑕	ˈpriːstes	high	
prima donna	𐑐𐑮𐑰𐑥𐑩𐑛𐑪𐑯𐑩	priːmədɒnə	𐑐𐑮𐑰𐑥𐑩 𐑛𐑪𐑯𐑩	ˌpriːmə ˈdɒnə	high	
primacy	𐑐𐑮𐑦𐑥𐑩𐑕𐑦	prɪməsi	𐑐𐑮𐑲𐑥𐑩𐑕𐑦	ˈpraɪməsi	high	
primarily	𐑐𐑮𐑲𐑥𐑧𐑮𐑩𐑤𐑦	praɪˈmerəli	𐑐𐑮𐑲𐑥𐑼𐑩𐑤𐑦	ˈpraɪmərəli	high	
primary	𐑐𐑮𐑲𐑥𐑧𐑮𐑦	ˈpraɪˌmeri	𐑐𐑮𐑲𐑥𐑼𐑦	ˈpraɪməri	high	
primer	𐑐𐑮𐑦𐑥𐑼	ˈprɪməR	𐑐𐑮𐑲𐑥𐑼	ˈpraɪməR	high	
primeval	𐑐𐑮𐑲𐑥𐑦𐑝𐑩𐑤	praɪˈmivəl	𐑐𐑮𐑲𐑥𐑰𐑝𐑩𐑤	praɪˈmiːvəl	high	
primeval	𐑐𐑮𐑳𐑦-	prʌɪ-	𐑐𐑮𐑲𐑥𐑰𐑝𐑩𐑤	praɪˈmiːvəl	high	
primogeniture	𐑐𐑮𐑳𐑦𐑥𐑴𐑡𐑧𐑯𐑦𐑗𐑼	prʌɪməʊdʒenɪtʃəR	𐑐𐑮𐑲𐑥𐑴𐑡𐑧𐑯𐑦𐑗𐑼	ˌpraɪməʊˈdʒenɪtʃəR	high	
primordial	𐑐𐑮𐑲𐑥𐑹𐑛𐑦𐑩𐑤	praɪmɔːRdiəl	𐑐𐑮𐑲𐑥𐑹𐑛𐑾𐑤	praɪˈmɔːRdɪəl	high	
princess	𐑐𐑮𐑦𐑯𐑕𐑦𐑕	ˈprɪnsɪs	𐑐𐑮𐑦𐑯𐑕𐑧𐑕	prɪnˈses	high	
printed	𐑐𐑮𐑦𐑯𐑩𐑛	ˈprɪnƏd	𐑐𐑮𐑦𐑯𐑑𐑩𐑛	ˈprɪntƏd	high	
printer	𐑐𐑮𐑦𐑯𐑼	ˈprɪnəR	𐑐𐑮𐑦𐑯𐑑𐑼	ˈprɪntəR	high	
printing	𐑐𐑮𐑦𐑯𐑦𐑙	ˈprɪnɪŋ	𐑐𐑮𐑦𐑯𐑑𐑦𐑙	ˈprɪntɪŋ	high	
priorities	𐑐𐑮𐑲𐑪𐑮𐑩𐑑𐑦𐑟	praɪɒrətiz	𐑐𐑮𐑲𐑪𐑮𐑦𐑑𐑦𐑟	praɪˈɒrɪtiz	high	
priorities	𐑐𐑮𐑲𐑹𐑩𐑑𐑦𐑟	praɪˈɔːRətiz	𐑐𐑮𐑲𐑪𐑮𐑦𐑑𐑦𐑟	praɪˈɒrɪtiz	high	
prioritize	𐑐𐑮𐑲𐑪𐑮𐑑𐑲𐑟	praɪɒrtaɪz	𐑐𐑮𐑲𐑪𐑮𐑦𐑑𐑲𐑟	praɪˈɒrɪtaɪz	high	
prioritize	𐑐𐑮𐑲𐑪𐑮𐑩𐑑𐑲𐑟	praɪɒrətaɪz	𐑐𐑮𐑲𐑪𐑮𐑦𐑑𐑲𐑟	praɪˈɒrɪtaɪz	high	
priority	𐑐𐑮𐑲𐑪𐑮𐑩𐑑𐑦	praɪɒrəti	𐑐𐑮𐑲𐑪𐑮𐑦𐑑𐑦	praɪˈɒrɪti	high	
priority	𐑐𐑮𐑲𐑹𐑩𐑑𐑦	praɪˈɔːRəti	𐑐𐑮𐑲𐑪𐑮𐑦𐑑𐑦	praɪˈɒrɪti	high	
prisoner	𐑐𐑮𐑦𐑟𐑯𐑼	prɪznəR	𐑐𐑮𐑦𐑟𐑩𐑯𐑼	ˈprɪzənəR	high	
prisoners	𐑐𐑮𐑦𐑟𐑯𐑼𐑟	ˈprɪznəRz	𐑐𐑮𐑦𐑟𐑩𐑯𐑼𐑟	ˈprɪzənəRz	high	
pristine	𐑐𐑮𐑦𐑕𐑑𐑦𐑯	ˈprɪˌstin	𐑐𐑮𐑦𐑕𐑑𐑰𐑯	ˈprɪstiːn	high	
privacy	𐑐𐑮𐑲𐑝𐑩𐑕𐑦	praɪvəsi	𐑐𐑮𐑦𐑝𐑩𐑕𐑦	ˈprɪvəsi	high	
privatization	𐑐𐑮𐑲𐑝𐑦𐑑𐑲𐑟𐑱𐑖𐑩𐑯	praɪvɪtaɪzeɪʃən	𐑐𐑮𐑲𐑝𐑩𐑑𐑲𐑟𐑱𐑖𐑩𐑯	ˌpraɪvətaɪˈzeɪʃən	high	
privilege	𐑐𐑮𐑦𐑝𐑤𐑦𐑡	ˈprɪvlɪdʒ	𐑐𐑮𐑦𐑝𐑩𐑤𐑦𐑡	ˈprɪvəlɪdʒ	high	
privilege	𐑐𐑮𐑦𐑝𐑦𐑤𐑦𐑡	prɪvɪlɪdʒ	𐑐𐑮𐑦𐑝𐑩𐑤𐑦𐑡	ˈprɪvəlɪdʒ	high	
privileges	𐑐𐑮𐑦𐑝𐑤𐑦𐑡𐑩𐑟	ˈprɪvlɪdʒƏz	𐑐𐑮𐑦𐑝𐑩𐑤𐑦𐑡𐑩𐑟	ˈprɪvəlɪdʒƏz	high	
privileges	𐑐𐑮𐑦𐑝𐑦𐑤𐑦𐑡𐑩𐑟	prɪvɪlɪdʒƏz	𐑐𐑮𐑦𐑝𐑩𐑤𐑦𐑡𐑩𐑟	ˈprɪvəlɪdʒƏz	high	
pro-	𐑐𐑮𐑴	prəʊ	𐑐𐑮𐑴-	ˌprəʊ-	high	
probabilistic	𐑐𐑮𐑪𐑚𐑩𐑚𐑦𐑤𐑦𐑕𐑑𐑦𐑒	prɒbəbɪlɪstɪk	𐑐𐑮𐑪𐑚𐑩𐑚𐑩𐑤𐑦𐑕𐑑𐑦𐑒	ˌprɒbəbəˈlɪstɪk	high	
probably	𐑐𐑮𐑪𐑚𐑤𐑦	prɒbli	𐑐𐑮𐑪𐑚𐑩𐑚𐑤𐑦	ˈprɒbəbli	high	
probably	𐑐𐑮𐑪𐑩𐑚𐑤𐑦	ˈprɒəbli	𐑐𐑮𐑪𐑚𐑩𐑚𐑤𐑦	ˈprɒbəbli	high	
probation	𐑐𐑮𐑴𐑚𐑱𐑖𐑩𐑯	prəʊbeɪʃən	𐑐𐑮𐑩𐑚𐑱𐑖𐑩𐑯	prəˈbeɪʃən	high	
probationer	𐑐𐑮𐑴𐑚𐑱𐑖𐑩𐑯𐑼	proʊˈbeɪʃənəR	𐑐𐑮𐑩𐑚𐑱𐑖𐑩𐑯𐑼	prəˈbeɪʃənəR	high	
probity	-𐑑𐑦	-ti	𐑐𐑮𐑴𐑚𐑦𐑑𐑦	ˈprəʊbɪti	medium	r_gap:spelling=1,ipa=0
probity	𐑐𐑮𐑴𐑚𐑩𐑑𐑦	ˈproʊbəti	𐑐𐑮𐑴𐑚𐑦𐑑𐑦	ˈprəʊbɪti	high	
problem	-𐑚𐑩𐑥	-bəm	𐑐𐑮𐑪𐑚𐑤𐑩𐑥	ˈprɒbləm	medium	r_gap:spelling=1,ipa=0
problem	-𐑩𐑥	-əm	𐑐𐑮𐑪𐑚𐑤𐑩𐑥	ˈprɒbləm	medium	r_gap:spelling=1,ipa=0
problem	𐑐𐑮𐑪𐑚𐑤𐑦𐑥	prɒblɪm	𐑐𐑮𐑪𐑚𐑤𐑩𐑥	ˈprɒbləm	high	
proboscis	𐑐𐑮𐑴𐑚𐑪𐑕𐑒𐑦𐑕	prəʊbɒskɪs	𐑐𐑮𐑩𐑚𐑪𐑕𐑦𐑕	prəˈbɒsɪs	high	
procedure	𐑐𐑮𐑩𐑕𐑦𐑡𐑼	prəˈsidʒəR	𐑐𐑮𐑩𐑕𐑰𐑡𐑼	prəˈsiːdʒəR	high	
procedures	𐑐𐑮𐑩𐑕𐑦𐑡𐑼𐑟	prəˈsidʒəRz	𐑐𐑮𐑩𐑕𐑰𐑡𐑼𐑟	prəˈsiːdʒəRz	high	
procedures	𐑐𐑮𐑩𐑕𐑰𐑡𐑩𐑟	prəsiːdʒəz	𐑐𐑮𐑩𐑕𐑰𐑡𐑼𐑟	prəˈsiːdʒəRz	medium	r_gap:spelling=2,ipa=1; shave_says:𐑐𐑮𐑩𐑕𐑰𐑡𐑼𐑟
proceed	𐑐𐑮𐑩𐑕𐑦𐑛	prəˈsid	𐑐𐑮𐑩𐑕𐑰𐑛	prəˈsiːd	high	
proceedings	𐑐𐑮𐑴𐑕𐑰𐑛𐑦𐑙𐑟	prəʊsiːdɪŋz	𐑐𐑮𐑩𐑕𐑰𐑛𐑦𐑙𐑟	prəˈsiːdɪŋz	high	
proceeds	𐑐𐑮𐑴𐑕𐑦𐑛𐑟	ˈproʊsidz	𐑐𐑮𐑩𐑕𐑰𐑛𐑟, 𐑐𐑮𐑴𐑕𐑰𐑛𐑟	prəˈsiːdz	high	
process	-𐑩𐑕	-əs	𐑐𐑮𐑩𐑕𐑧𐑕, 𐑐𐑮𐑴𐑕𐑧𐑕	ˈprəʊses	medium	r_gap:spelling=1,ipa=0
process	𐑐𐑮𐑪𐑕𐑧𐑕	ˈprɒses	𐑐𐑮𐑩𐑕𐑧𐑕, 𐑐𐑮𐑴𐑕𐑧𐑕	ˈprəʊses	high	
processed	𐑐𐑮𐑪𐑕𐑧𐑕𐑑	ˈprɒsest	𐑐𐑮𐑩𐑕𐑧𐑕𐑑, 𐑐𐑮𐑴𐑕𐑧𐑕𐑑	prəˈsest	high	
processed	𐑐𐑮𐑪𐑕𐑩𐑕𐑑	ˈprɒsəst	𐑐𐑮𐑩𐑕𐑧𐑕𐑑, 𐑐𐑮𐑴𐑕𐑧𐑕𐑑	prəˈsest	high	
processed	𐑐𐑮𐑴𐑕𐑩𐑕𐑑	proʊsəst	𐑐𐑮𐑩𐑕𐑧𐑕𐑑, 𐑐𐑮𐑴𐑕𐑧𐑕𐑑	prəˈsest	high	
processes	𐑐𐑮𐑪𐑕𐑧𐑕𐑩𐑟	ˈprɒsesƏz	𐑐𐑮𐑩𐑕𐑧𐑕𐑩𐑟, 𐑐𐑮𐑴𐑕𐑧𐑕𐑩𐑟	ˈprəʊsesƏz	high	
processes	𐑐𐑮𐑴𐑕𐑧𐑕𐑰𐑟	prəʊsesiːz	𐑐𐑮𐑩𐑕𐑧𐑕𐑩𐑟, 𐑐𐑮𐑴𐑕𐑧𐑕𐑩𐑟	ˈprəʊsesƏz	high	
processing	𐑐𐑮𐑪𐑕𐑧𐑕𐑦𐑙	ˈprɒsesɪŋ	𐑐𐑮𐑩𐑕𐑧𐑕𐑦𐑙, 𐑐𐑮𐑴𐑕𐑧𐑕𐑦𐑙	prəˈsesɪŋ	high	
processor	𐑐𐑮𐑪𐑕𐑧𐑕𐑼	ˈprɒˌsesəR	𐑐𐑮𐑴𐑕𐑧𐑕𐑼	ˈprəʊsesəR	high	
processor	𐑐𐑮𐑪𐑕𐑩𐑕𐑼	ˈprɒsəsəR	𐑐𐑮𐑴𐑕𐑧𐑕𐑼	ˈprəʊsesəR	high	
processors	𐑐𐑮𐑪𐑕𐑧𐑕𐑼𐑟	ˈprɒsesəRz	𐑐𐑮𐑴𐑕𐑧𐑕𐑼𐑟	ˈprəʊsesəRz	high	
proclaim	𐑐𐑮𐑴𐑒𐑤𐑱𐑥	prəʊkleɪm	𐑐𐑮𐑩𐑒𐑤𐑱𐑥	prəˈkleɪm	high	
proclivity	𐑐𐑮𐑩𐑒𐑤𐑦𐑝𐑦𐑑𐑦	prəklɪvɪti	𐑐𐑮𐑴𐑒𐑤𐑦𐑝𐑦𐑑𐑦	prəʊˈklɪvɪti	high	
proclivity	𐑐𐑮𐑴𐑒𐑤𐑦𐑝𐑩𐑑𐑦	proʊˈklɪvəti	𐑐𐑮𐑴𐑒𐑤𐑦𐑝𐑦𐑑𐑦	prəʊˈklɪvɪti	high	
procrastinate	𐑐𐑮𐑩𐑒𐑮𐑨𐑕𐑑𐑩𐑯𐑱𐑑	prəˈkræstəneɪt	𐑐𐑮𐑴𐑒𐑮𐑨𐑕𐑑𐑦𐑯𐑱𐑑	prəʊˈkræstɪneɪt	high	
procrastinate	𐑐𐑮𐑴𐑒𐑮𐑨𐑕𐑑𐑩𐑯𐑱𐑑	proʊˈkræstəneɪt	𐑐𐑮𐑴𐑒𐑮𐑨𐑕𐑑𐑦𐑯𐑱𐑑	prəʊˈkræstɪneɪt	high	
procrastination	-𐑖𐑩𐑯	-ʃən	𐑐𐑮𐑴𐑒𐑮𐑨𐑕𐑑𐑦𐑯𐑱𐑖𐑩𐑯	prəʊˌkræstɪˈneɪʃən	medium	r_gap:spelling=2,ipa=0
procure	𐑐𐑮𐑩𐑒𐑘𐑷	prəkjɔː	𐑐𐑮𐑩𐑒𐑘𐑫𐑼	prəˈkjʊəR	medium	r_gap:spelling=2,ipa=1; shave_says:𐑐𐑮𐑩𐑒𐑘𐑫𐑼
procure	𐑐𐑮𐑩𐑒𐑘𐑻	prəˈkjɜːR	𐑐𐑮𐑩𐑒𐑘𐑫𐑼	prəˈkjʊəR	high	
procure	𐑐𐑮𐑩𐑒𐑘𐑼	prəˈkjər	𐑐𐑮𐑩𐑒𐑘𐑫𐑼	prəˈkjʊəR	high	
procured	𐑐𐑮𐑩𐑒𐑘𐑷𐑛	prəkjɔːd	𐑐𐑮𐑩𐑒𐑘𐑫𐑼𐑛	prəˈkjʊəRd	medium	r_gap:spelling=2,ipa=1; shave_says:𐑐𐑮𐑩𐑒𐑘𐑫𐑼𐑛
procured	𐑐𐑮𐑩𐑒𐑘𐑻𐑛	prəˈkjɜːRd	𐑐𐑮𐑩𐑒𐑘𐑫𐑼𐑛	prəˈkjʊəRd	high	
procured	𐑐𐑮𐑩𐑒𐑘𐑼𐑛	prəˈkjərd	𐑐𐑮𐑩𐑒𐑘𐑫𐑼𐑛	prəˈkjʊəRd	high	
procurement	𐑐𐑮𐑩𐑒𐑘𐑩𐑼𐑥𐑩𐑯𐑑	prəˈkjəərmənt	𐑐𐑮𐑩𐑒𐑘𐑫𐑼𐑥𐑩𐑯𐑑	prəˈkjʊəRmənt	high	
procurement	𐑐𐑮𐑴𐑒𐑘𐑩𐑼𐑥𐑩𐑯𐑑	proʊˈkjəərmənt	𐑐𐑮𐑩𐑒𐑘𐑫𐑼𐑥𐑩𐑯𐑑	prəˈkjʊəRmənt	high	
procurer	𐑐𐑮𐑩𐑒𐑘𐑹𐑼	prəkjɔːrəR	𐑐𐑮𐑩𐑒𐑘𐑫𐑼𐑼	prəˈkjʊərəR	high	
procurer	𐑐𐑮𐑩𐑒𐑘𐑼𐑩	prəˈkjərə	𐑐𐑮𐑩𐑒𐑘𐑫𐑼𐑼	prəˈkjʊərəR	medium	r_gap:spelling=3,ipa=2
prod	𐑐𐑮𐑷𐑛	prɔd	𐑐𐑮𐑪𐑛	prɒd	high	
prodigious	𐑐𐑮𐑴-	proʊ-	𐑐𐑮𐑩𐑛𐑦𐑡𐑩𐑕	prəˈdɪdʒəs	high	
produced	𐑐𐑮𐑩𐑛𐑫𐑕𐑑	prəˈdust	𐑐𐑮𐑩𐑛𐑵𐑕𐑑, 𐑐𐑮𐑩𐑛𐑿𐑕𐑑	prəˈdjuːst	high	
producer	𐑐𐑮𐑩𐑛𐑫𐑕𐑼	prəˈdusəR	𐑐𐑮𐑩𐑛𐑵𐑕𐑼, 𐑐𐑮𐑩𐑛𐑿𐑕𐑼	prəˈdjuːsəR	high	
producer	𐑐𐑮𐑩𐑡𐑵𐑕𐑼	prədʒuːsəR	𐑐𐑮𐑩𐑛𐑵𐑕𐑼, 𐑐𐑮𐑩𐑛𐑿𐑕𐑼	prəˈdjuːsəR	high	
produces	𐑐𐑮𐑩𐑛𐑫𐑕𐑩𐑟	prəˈdusƏz	𐑐𐑮𐑩𐑛𐑵𐑕𐑩𐑟, 𐑐𐑮𐑩𐑛𐑿𐑕𐑩𐑟	prəˈdjuːsƏz	high	
producing	𐑐𐑮𐑩𐑛𐑫𐑕𐑦𐑙	prəˈdusɪŋ	𐑐𐑮𐑩𐑛𐑵𐑕𐑦𐑙, 𐑐𐑮𐑩𐑛𐑿𐑕𐑦𐑙	prəˈdjuːsɪŋ	high	
product	𐑐𐑮𐑪𐑛𐑩𐑒𐑑	prɒdəkt	𐑐𐑮𐑪𐑛𐑳𐑒𐑑	ˈprɒdʌkt	high	
productivity	𐑐𐑮𐑪𐑛𐑳𐑒𐑑𐑦𐑝𐑩𐑑𐑦	prɒdʌktɪvəti	𐑐𐑮𐑪𐑛𐑳𐑒𐑑𐑦𐑝𐑦𐑑𐑦	ˌprɒdʌkˈtɪvɪti	high	
productivity	𐑐𐑮𐑴𐑛𐑳𐑒𐑑𐑦𐑝𐑦𐑑𐑦	ˌproʊdʌkˈtɪvɪti	𐑐𐑮𐑪𐑛𐑳𐑒𐑑𐑦𐑝𐑦𐑑𐑦	ˌprɒdʌkˈtɪvɪti	high	
products	𐑐𐑮𐑪𐑛𐑩𐑒𐑑𐑕	prɒdəkts	𐑐𐑮𐑪𐑛𐑳𐑒𐑑𐑕	ˈprɒdʌkts	high	
proficient	𐑐𐑮𐑴𐑓𐑦𐑖𐑩𐑯𐑑	proʊˈfɪʃənt	𐑐𐑮𐑩𐑓𐑦𐑖𐑩𐑯𐑑	prəˈfɪʃənt	high	
profitability	𐑐𐑮𐑷𐑓𐑦𐑑𐑩𐑚𐑦𐑤𐑦𐑑𐑦𐑘	prɔfɪtəbɪlɪtɪj	𐑐𐑮𐑪𐑓𐑦𐑑𐑩𐑚𐑦𐑤𐑦𐑑𐑦	ˌprɒfɪtəˈbɪlɪti	high	
profligate	𐑐𐑮𐑪𐑓𐑤𐑦𐑜𐑱𐑑	prɒflɪɡeɪt	𐑐𐑮𐑪𐑓𐑤𐑦𐑜𐑩𐑑	ˈprɒflɪɡət	high	
profligate	𐑐𐑮𐑭𐑓𐑤𐑦𐑜𐑩𐑑	ˈprɑːflɪɡət	𐑐𐑮𐑪𐑓𐑤𐑦𐑜𐑩𐑑	ˈprɒflɪɡət	high	
profligate	𐑐𐑮𐑭𐑓𐑤𐑦𐑜𐑱𐑑	ˈprɑːflɪɡeɪt	𐑐𐑮𐑪𐑓𐑤𐑦𐑜𐑩𐑑	ˈprɒflɪɡət	high	
profusely	𐑐𐑮𐑩𐑓𐑘𐑫𐑕𐑤𐑦	prəˈfjusli	𐑐𐑮𐑩𐑓𐑿𐑕𐑤𐑦	prəˈfjuːsli	high	
profuseness	𐑐𐑮𐑴𐑓𐑘𐑫𐑕𐑯𐑩𐑕	proʊˈfjusnəs	𐑐𐑮𐑩𐑓𐑿𐑕𐑯𐑩𐑕	prəˈfjuːsnəs	high	
profusion	𐑐𐑮𐑩𐑓𐑘𐑫𐑠𐑩𐑯	prəˈfjuʒən	𐑐𐑮𐑩𐑓𐑿𐑠𐑩𐑯	prəˈfjuːʒən	high	
profusion	𐑐𐑮𐑴𐑓𐑘𐑫𐑠𐑩𐑯	proʊˈfjuʒən	𐑐𐑮𐑩𐑓𐑿𐑠𐑩𐑯	prəˈfjuːʒən	high	
profusion	𐑐𐑮𐑴𐑓𐑿𐑠𐑩𐑯	prəʊfjuːʒən	𐑐𐑮𐑩𐑓𐑿𐑠𐑩𐑯	prəˈfjuːʒən	high	
progenitor	𐑐𐑮𐑩𐑡𐑧𐑯𐑩𐑑𐑼	prədʒenətəR	𐑐𐑮𐑴𐑡𐑧𐑯𐑦𐑑𐑼	prəʊˈdʒenɪtəR	high	
prognoses	𐑐𐑮𐑪𐑜𐑯𐑴𐑕𐑦𐑟	prɒɡˈnoʊsiz	𐑐𐑮𐑪𐑜𐑯𐑴𐑕𐑰𐑟	prɒɡˈnəʊsiːz	high	
prognoses	𐑐𐑮𐑪𐑜𐑯𐑴𐑟𐑩𐑟	prɒɡnəʊzƏz	𐑐𐑮𐑪𐑜𐑯𐑴𐑕𐑰𐑟	prɒɡˈnəʊsiːz	high	
prognosis	-𐑕𐑩𐑕	-səs	𐑐𐑮𐑪𐑜𐑯𐑴𐑕𐑦𐑕	prɒɡˈnəʊsɪs	medium	r_gap:spelling=1,ipa=0
prognosis	𐑐𐑮𐑪𐑜𐑯𐑴𐑕𐑦𐑟	prɒɡˈnoʊsiz	𐑐𐑮𐑪𐑜𐑯𐑴𐑕𐑦𐑕	prɒɡˈnəʊsɪs	high	
prognosis	𐑐𐑮𐑪𐑜𐑯𐑴𐑕𐑰𐑟	prɒɡnəʊsiːz	𐑐𐑮𐑪𐑜𐑯𐑴𐑕𐑦𐑕	prɒɡˈnəʊsɪs	high	
prognostic	𐑐𐑮𐑩𐑜𐑯𐑪𐑕𐑑𐑦𐑒	prəɡnɒstɪk	𐑐𐑮𐑪𐑜𐑯𐑪𐑕𐑑𐑦𐑒	prɒɡˈnɒstɪk	high	
programme	𐑐𐑮𐑴𐑜𐑮𐑩𐑥	prəʊɡrəm	𐑐𐑮𐑴𐑜𐑮𐑨𐑥	ˈprəʊɡræm	high	
programming	𐑐𐑮𐑴𐑜𐑮𐑩𐑥𐑦𐑙	prəʊɡrəmɪŋ	𐑐𐑮𐑴𐑜𐑮𐑨𐑥𐑦𐑙	ˈprəʊɡræmɪŋ	high	
progress	-𐑮𐑩𐑕	-rəs	𐑐𐑮𐑩𐑜𐑮𐑧𐑕, 𐑐𐑮𐑴𐑜𐑮𐑧𐑕	ˈprəʊɡres	medium	r_gap:spelling=2,ipa=1
progress	𐑐𐑮𐑪𐑜𐑮𐑧𐑕	ˈprɒɡres	𐑐𐑮𐑩𐑜𐑮𐑧𐑕, 𐑐𐑮𐑴𐑜𐑮𐑧𐑕	ˈprəʊɡres	high	
progressive	𐑐𐑮𐑴-	proʊ-	𐑐𐑮𐑩𐑜𐑮𐑧𐑕𐑦𐑝	prəˈɡresɪv	medium	r_gap:spelling=2,ipa=1
prohibit	𐑐𐑮𐑩𐑣𐑦𐑚𐑩𐑑	prəˈhɪbət	𐑐𐑮𐑩𐑣𐑦𐑚𐑦𐑑	prəˈhɪbɪt	high	
prohibit	𐑐𐑮𐑴𐑣𐑦𐑚𐑦𐑑	prəʊhɪbɪt	𐑐𐑮𐑩𐑣𐑦𐑚𐑦𐑑	prəˈhɪbɪt	high	
prohibited	𐑐𐑮𐑩𐑣𐑦𐑚𐑩𐑑𐑩𐑛	prəˈhɪbətƏd	𐑐𐑮𐑩𐑣𐑦𐑚𐑦𐑑𐑩𐑛	prəˈhɪbɪtƏd	high	
prohibited	𐑐𐑮𐑴𐑣𐑦𐑚𐑦𐑑𐑩𐑛	prəʊhɪbɪtƏd	𐑐𐑮𐑩𐑣𐑦𐑚𐑦𐑑𐑩𐑛	prəˈhɪbɪtƏd	high	
prohibition	𐑐𐑮𐑴𐑣𐑦𐑚𐑦𐑖𐑩𐑯	prəʊhɪbɪʃən	𐑐𐑮𐑴𐑦𐑚𐑦𐑖𐑩𐑯	ˌprəʊɪˈbɪʃən	high	
project	𐑐𐑮𐑪𐑡𐑦𐑒𐑑	ˈprɒdʒɪkt	𐑐𐑮𐑩𐑡𐑧𐑒𐑑, 𐑐𐑮𐑪𐑡𐑧𐑒𐑑	ˈprɒdʒekt	high	
project	𐑐𐑮𐑴𐑡𐑧𐑒𐑑	prəʊdʒekt	𐑐𐑮𐑩𐑡𐑧𐑒𐑑, 𐑐𐑮𐑪𐑡𐑧𐑒𐑑	ˈprɒdʒekt	high	
projectile	𐑐𐑮𐑩𐑡𐑧𐑒𐑑𐑩𐑤	prəˈdʒektəl	𐑐𐑮𐑩𐑡𐑧𐑒𐑑𐑲𐑤	prəˈdʒektaɪl	high	
projectile	𐑐𐑮𐑴𐑡𐑧𐑒𐑑𐑦𐑤	prəʊdʒektɪl	𐑐𐑮𐑩𐑡𐑧𐑒𐑑𐑲𐑤	prəˈdʒektaɪl	high	
projectile	𐑐𐑮𐑴𐑡𐑧𐑒𐑑𐑳𐑦𐑤	prəʊdʒektʌɪl	𐑐𐑮𐑩𐑡𐑧𐑒𐑑𐑲𐑤	prəˈdʒektaɪl	high	
projects	𐑐𐑮𐑴𐑡𐑧𐑒𐑑𐑕	prəʊdʒekts	𐑐𐑮𐑩𐑡𐑧𐑒𐑑𐑕, 𐑐𐑮𐑪𐑡𐑧𐑒𐑑𐑕	ˈprɒdʒekts	high	
prokaryote	𐑐𐑮𐑴𐑒𐑨𐑮𐑦𐑩𐑑	proʊˈkæriət	𐑐𐑮𐑴𐑒𐑨𐑮𐑦𐑴𐑑	ˌprəʊˈkærɪəʊt	high	
prokaryote	𐑐𐑮𐑴𐑒𐑨𐑮𐑦𐑪𐑑	prəʊkæriɒt	𐑐𐑮𐑴𐑒𐑨𐑮𐑦𐑴𐑑	ˌprəʊˈkærɪəʊt	high	
prokaryote	𐑐𐑮𐑴𐑒𐑺𐑦𐑴𐑑	proʊˈkeərioʊt	𐑐𐑮𐑴𐑒𐑨𐑮𐑦𐑴𐑑	ˌprəʊˈkærɪəʊt	high	
proletarian	𐑐𐑮𐑴𐑤𐑦𐑑𐑧𐑮𐑦𐑩𐑯	ˌproʊlɪˈteriən	𐑐𐑮𐑴𐑤𐑦𐑑𐑺𐑾𐑯	ˌprəʊlɪˈteərɪən	high	
proletarian	𐑐𐑮𐑴𐑤𐑦𐑑𐑺𐑦𐑩𐑯	prəʊlɪteəriən	𐑐𐑮𐑴𐑤𐑦𐑑𐑺𐑾𐑯	ˌprəʊlɪˈteərɪən	high	
proletariat	𐑐𐑮𐑴𐑤𐑦𐑑𐑺𐑦𐑩𐑑	ˌproʊlɪˈteəRiət	𐑐𐑮𐑴𐑤𐑦𐑑𐑺𐑾𐑑	ˌprəʊlɪˈteərɪət	high	
prolific	𐑐𐑮𐑴𐑤𐑦𐑓𐑦𐑒	ˌproʊˈlɪfɪk	𐑐𐑮𐑩𐑤𐑦𐑓𐑦𐑒	prəˈlɪfɪk	high	
prologue	𐑐𐑮𐑴𐑤𐑷𐑜	ˈproʊlɔːɡ	𐑐𐑮𐑴𐑤𐑪𐑜	ˈprəʊlɒɡ	high	
prolong	𐑐𐑮𐑴𐑤𐑪𐑙	prəʊlɒŋ	𐑐𐑮𐑩𐑤𐑪𐑙	prəˈlɒŋ	high	
prolong	𐑐𐑮𐑴𐑤𐑷𐑙	proʊˈlɔːŋ	𐑐𐑮𐑩𐑤𐑪𐑙	prəˈlɒŋ	high	
prolongation	𐑐𐑮𐑩𐑤𐑪𐑙𐑜𐑱𐑖𐑩𐑯	prəˌlɒŋˈɡeɪʃən	𐑐𐑮𐑴𐑤𐑪𐑙𐑜𐑱𐑖𐑩𐑯	ˌprəʊlɒŋˈɡeɪʃən	high	
prolongation	𐑐𐑮𐑩𐑤𐑷𐑙𐑜𐑱𐑖𐑩𐑯	prəˌlɔːŋˈɡeɪʃən	𐑐𐑮𐑴𐑤𐑪𐑙𐑜𐑱𐑖𐑩𐑯	ˌprəʊlɒŋˈɡeɪʃən	high	
prolongation	𐑐𐑮𐑪𐑤𐑩𐑙𐑜𐑱𐑖𐑩𐑯	prɒləŋɡeɪʃən	𐑐𐑮𐑴𐑤𐑪𐑙𐑜𐑱𐑖𐑩𐑯	ˌprəʊlɒŋˈɡeɪʃən	high	
prolongation	𐑐𐑮𐑪𐑤𐑪𐑙𐑜𐑱𐑖𐑩𐑯	prɒlɒŋɡeɪʃən	𐑐𐑮𐑴𐑤𐑪𐑙𐑜𐑱𐑖𐑩𐑯	ˌprəʊlɒŋˈɡeɪʃən	high	
prolongation	𐑐𐑮𐑴𐑤𐑩𐑙𐑜𐑱𐑖𐑩𐑯	prəʊləŋɡeɪʃən	𐑐𐑮𐑴𐑤𐑪𐑙𐑜𐑱𐑖𐑩𐑯	ˌprəʊlɒŋˈɡeɪʃən	high	
prolongation	𐑐𐑮𐑴𐑤𐑷𐑙𐑜𐑱𐑖𐑩𐑯	proʊˌlɔːŋˈɡeɪʃən	𐑐𐑮𐑴𐑤𐑪𐑙𐑜𐑱𐑖𐑩𐑯	ˌprəʊlɒŋˈɡeɪʃən	high	
prolonged	𐑐𐑮𐑴𐑤𐑪𐑙𐑛	prəʊlɒŋd	𐑐𐑮𐑩𐑤𐑪𐑙𐑛	prəˈlɒŋd	high	
prolonged	𐑐𐑮𐑴𐑤𐑷𐑙𐑛	proʊˈlɔːŋd	𐑐𐑮𐑩𐑤𐑪𐑙𐑛	prəˈlɒŋd	high	
promenade	𐑐𐑮𐑪𐑥𐑩𐑯𐑪𐑛	prɒməˈnɒd	𐑐𐑮𐑪𐑥𐑩𐑯𐑭𐑛	ˌprɒməˈnɑːd	high	
promenade	𐑐𐑮𐑪𐑥𐑩𐑯𐑱𐑛	prɒməneɪd	𐑐𐑮𐑪𐑥𐑩𐑯𐑭𐑛	ˌprɒməˈnɑːd	high	
promiscuity	𐑐𐑮𐑪𐑥𐑦𐑕𐑒𐑘𐑫𐑦𐑑𐑦	prɒmɪskjuɪti	𐑐𐑮𐑪𐑥𐑦𐑕𐑒𐑿𐑦𐑑𐑦	ˌprɒmɪˈskjuːɪti	high	
promiscuity	𐑐𐑮𐑴𐑥𐑦𐑕𐑒𐑘𐑫𐑦𐑑𐑦	prəʊmɪskjuɪti	𐑐𐑮𐑪𐑥𐑦𐑕𐑒𐑿𐑦𐑑𐑦	ˌprɒmɪˈskjuːɪti	high	
promissory	𐑐𐑮𐑪𐑥𐑦𐑕𐑹𐑦	ˈprɒmɪsɔːRi	𐑐𐑮𐑪𐑥𐑦𐑕𐑼𐑦	ˈprɒmɪsəri	high	
promontory	𐑐𐑮𐑪𐑥𐑩𐑯𐑑𐑮𐑦	prɒməntri	𐑐𐑮𐑪𐑥𐑩𐑯𐑑𐑼𐑦	ˈprɒməntəri	high	
promontory	𐑐𐑮𐑪𐑥𐑩𐑯𐑑𐑹𐑦	ˈprɒməntɔːRi	𐑐𐑮𐑪𐑥𐑩𐑯𐑑𐑼𐑦	ˈprɒməntəri	high	
prong	𐑐𐑮𐑷𐑙	prɔːŋ	𐑐𐑮𐑪𐑙	prɒŋ	high	
proof	𐑐𐑮𐑫𐑓	pruf	𐑐𐑮𐑵𐑓	pruːf	high	
propaganda	𐑐𐑮𐑪𐑐𐑩𐑜𐑺𐑯𐑛𐑩	ˌprɒpəˈɡeəndə	𐑐𐑮𐑪𐑐𐑩𐑜𐑨𐑯𐑛𐑩	ˌprɒpəˈɡændə	high	
properly	𐑐𐑮𐑪𐑐𐑩𐑤𐑦	prɒpəli	𐑐𐑮𐑪𐑐𐑼𐑤𐑦	ˈprɒpəRli	medium	r_gap:spelling=2,ipa=1; shave_says:𐑐𐑮𐑪𐑐𐑼𐑤𐑦
properties	𐑐𐑮𐑪𐑐𐑩𐑑𐑦𐑟	prɒpətiz	𐑐𐑮𐑪𐑐𐑼𐑑𐑦𐑟	ˈprɒpəRtiz	medium	r_gap:spelling=2,ipa=1; shave_says:𐑐𐑮𐑪𐑐𐑼𐑑𐑦𐑟
property	𐑐𐑮𐑪𐑐𐑩𐑑𐑦	prɒpəti	𐑐𐑮𐑪𐑐𐑼𐑑𐑦	ˈprɒpəRti	medium	r_gap:spelling=2,ipa=1; shave_says:𐑐𐑮𐑪𐑐𐑼𐑑𐑦
prophecy	𐑐𐑮𐑪𐑓𐑦𐑕𐑦	prɒfɪsi	𐑐𐑮𐑪𐑓𐑩𐑕𐑦	ˈprɒfəsi	high	
prophesy	𐑐𐑮𐑪𐑓𐑦𐑕𐑲	prɒfɪsaɪ	𐑐𐑮𐑪𐑓𐑩𐑕𐑲	ˈprɒfəsaɪ	high	
prophet	𐑐𐑮𐑪𐑓𐑦𐑑	prɒfɪt	𐑐𐑮𐑪𐑓𐑩𐑑	ˈprɒfIt	high	
prophetess	𐑐𐑮𐑪𐑓𐑦𐑑𐑧𐑕	prɒfɪtes	𐑐𐑮𐑪𐑓𐑩𐑑𐑧𐑕	ˈprɒfItes	high	
prophets	𐑐𐑮𐑪𐑓𐑦𐑑𐑕	ˈprɒfɪts	𐑐𐑮𐑪𐑓𐑩𐑑𐑕	ˈprɒfIts	high	
prophylactic	𐑐𐑮𐑪𐑓𐑩𐑤𐑨𐑒𐑑𐑦𐑒	prɒfəlæktɪk	𐑐𐑮𐑪𐑓𐑦𐑤𐑨𐑒𐑑𐑦𐑒	ˌprɒfɪˈlæktɪk	high	
propinquity	𐑐𐑮𐑩𐑐𐑦𐑙𐑒𐑢𐑦𐑑𐑦	prəpɪŋkwɪti	𐑐𐑮𐑴𐑐𐑦𐑙𐑒𐑢𐑦𐑑𐑦	prəʊˈpɪŋkwɪti	high	
propitiatory	𐑐𐑮𐑩𐑐𐑦𐑖𐑦𐑩𐑑𐑹𐑦	prəˈpɪʃiəˌtɔːRi	𐑐𐑮𐑩𐑐𐑦𐑖𐑾𐑑𐑼𐑦	prəˈpɪʃɪətəri	high	
propitiatory	𐑐𐑮𐑩𐑐𐑦𐑖𐑾𐑑𐑮𐑦	prəpɪʃɪətri	𐑐𐑮𐑩𐑐𐑦𐑖𐑾𐑑𐑼𐑦	prəˈpɪʃɪətəri	high	
propitiatory	𐑐𐑮𐑴𐑐𐑦𐑖𐑦𐑩𐑑𐑹𐑦	proʊˈpɪʃiəˌtɔːRi	𐑐𐑮𐑩𐑐𐑦𐑖𐑾𐑑𐑼𐑦	prəˈpɪʃɪətəri	high	
propitiatory	𐑐𐑮𐑴𐑐𐑦𐑖𐑾𐑑𐑼𐑦	prəʊpɪʃɪətərɪ	𐑐𐑮𐑩𐑐𐑦𐑖𐑾𐑑𐑼𐑦	prəˈpɪʃɪətəri	high	
proportionate	𐑐𐑮𐑩𐑐𐑹𐑖𐑩𐑯𐑱𐑑	prəpɔːRʃəneɪt	𐑐𐑮𐑩𐑐𐑹𐑖𐑩𐑯𐑩𐑑	prəˈpɔːRʃənət	high	
proprietary	𐑐𐑮𐑩𐑐𐑮𐑲𐑩𐑑𐑧𐑮𐑦	prəˈpraɪəˌteri	𐑐𐑮𐑩𐑐𐑮𐑲𐑩𐑑𐑼𐑦	prəˈpraɪətəri	high	
proprietary	𐑐𐑮𐑩𐑐𐑮𐑲𐑩𐑑𐑮𐑦	prəpraɪətri	𐑐𐑮𐑩𐑐𐑮𐑲𐑩𐑑𐑼𐑦	prəˈpraɪətəri	high	
prosaic	𐑐𐑮𐑴𐑟𐑱𐑦𐑒	prəʊzeɪɪk	𐑐𐑮𐑩𐑟𐑱𐑦𐑒	prəˈzeɪɪk	high	
proscenium	𐑐𐑮𐑴𐑕𐑰𐑯𐑦𐑩𐑥	prəʊsiːniəm	𐑐𐑮𐑩𐑕𐑰𐑯𐑾𐑥	prəˈsiːnɪəm	high	
prosecution	𐑐𐑮𐑪𐑕𐑦𐑒𐑘𐑫𐑖𐑩𐑯	ˌprɒsɪˈkjuʃən	𐑐𐑮𐑪𐑕𐑦𐑒𐑿𐑖𐑩𐑯	ˌprɒsɪˈkjuːʃən	high	
prosecutor	𐑐𐑮𐑪𐑕𐑩𐑒𐑿𐑑𐑼	ˈprɒsəˌkjuːˌtər	𐑐𐑮𐑪𐑕𐑦𐑒𐑿𐑑𐑼	ˈprɒsɪkjuːtəR	high	
proselytize	𐑐𐑮𐑪𐑕𐑩𐑤𐑩𐑑𐑲𐑟	prɒsələtaɪz	𐑐𐑮𐑪𐑕𐑩𐑤𐑦𐑑𐑲𐑟	ˈprɒsəlɪtaɪz	high	
prosody	𐑐𐑮𐑪𐑟𐑩𐑛𐑦	prɒzədi	𐑐𐑮𐑪𐑕𐑩𐑛𐑦	ˈprɒsədi	high	
prosody	𐑐𐑮𐑴𐑟𐑩𐑛𐑦	prəʊzədi	𐑐𐑮𐑪𐑕𐑩𐑛𐑦	ˈprɒsədi	high	
prospector	𐑐𐑮𐑪𐑕𐑐𐑧𐑒𐑑𐑼	ˈprɒsˌpektəR	𐑐𐑮𐑩𐑕𐑐𐑧𐑒𐑑𐑼	prəˈspektəR	high	
prostate	𐑐𐑮𐑴𐑕𐑑𐑱𐑑	prəʊsteɪt	𐑐𐑮𐑪𐑕𐑑𐑱𐑑	ˈprɒsteɪt	high	
protagonist	𐑐𐑮𐑴𐑑𐑨𐑜𐑩𐑯𐑦𐑕𐑑	prəʊtæɡənɪst	𐑐𐑮𐑩𐑑𐑨𐑜𐑩𐑯𐑦𐑕𐑑	prəˈtæɡənɪst	high	
protean	𐑐𐑮𐑴𐑑𐑰𐑩𐑯	prəʊtiːən	𐑐𐑮𐑴𐑑𐑾𐑯	ˈprəʊtɪən	high	
protective	𐑐𐑮𐑴𐑑𐑧𐑒𐑑𐑦𐑝	proʊˈtektɪv	𐑐𐑮𐑩𐑑𐑧𐑒𐑑𐑦𐑝	prəˈtektɪv	high	
protein	𐑐𐑮𐑴𐑑𐑦𐑦𐑯	prəʊtiɪn	𐑐𐑮𐑴𐑑𐑰𐑯	ˈprəʊtiːn	high	
protester	𐑐𐑮𐑴𐑑𐑧𐑕𐑑𐑼	ˈproʊtestər	𐑐𐑮𐑩𐑑𐑧𐑕𐑑𐑼	prəˈtestəR	high	
protocol	𐑐𐑮𐑴𐑑𐑩𐑒𐑴𐑤	ˈproʊtəˌkoʊl	𐑐𐑮𐑴𐑑𐑩𐑒𐑪𐑤	ˈprəʊtəkɒl	high	
protocol	𐑐𐑮𐑴𐑑𐑩𐑒𐑷𐑤	ˈproʊtəˌkɔːl	𐑐𐑮𐑴𐑑𐑩𐑒𐑪𐑤	ˈprəʊtəkɒl	high	
protocols	𐑐𐑮𐑴𐑑𐑩𐑒𐑪𐑤𐑕	prəʊtəkɒls	𐑐𐑮𐑴𐑑𐑩𐑒𐑪𐑤𐑟	ˈprəʊtəkɒlz	high	
protocols	𐑐𐑮𐑴𐑑𐑩𐑒𐑷𐑤𐑕	ˈproʊtəˌkɔːls	𐑐𐑮𐑴𐑑𐑩𐑒𐑪𐑤𐑟	ˈprəʊtəkɒlz	high	
prototype	𐑐𐑮𐑴𐑑𐑩𐑑𐑲𐑐	prəʊtətaɪp	𐑐𐑮𐑴𐑑𐑴𐑑𐑲𐑐	ˈprəʊtəʊtaɪp	high	
prototype	𐑐𐑮𐑴𐑑𐑩𐑑𐑳𐑦𐑐	ˈproʊtəˌtʌɪp	𐑐𐑮𐑴𐑑𐑴𐑑𐑲𐑐	ˈprəʊtəʊtaɪp	high	
prototype	𐑐𐑮𐑴𐑑𐑴-	ˈproʊtoʊ-	𐑐𐑮𐑴𐑑𐑴𐑑𐑲𐑐	ˈprəʊtəʊtaɪp	high	
protract	𐑐𐑮𐑴𐑑𐑮𐑨𐑒𐑑	proʊˈtrækt	𐑐𐑮𐑩𐑑𐑮𐑨𐑒𐑑	prəˈtrækt	high	
protuberance	𐑐𐑮𐑴𐑑𐑵𐑚𐑼𐑩𐑯𐑕	proʊˈtuːbərəns	𐑐𐑮𐑩𐑑𐑵𐑚𐑼𐑩𐑯𐑕, 𐑐𐑮𐑩𐑑𐑿𐑚𐑼𐑩𐑯𐑕	prəˈtjuːbərəns	high	
protuberance	𐑐𐑮𐑴𐑑𐑿𐑚𐑼𐑩𐑯𐑕	prəʊtjuːbərəns	𐑐𐑮𐑩𐑑𐑵𐑚𐑼𐑩𐑯𐑕, 𐑐𐑮𐑩𐑑𐑿𐑚𐑼𐑩𐑯𐑕	prəˈtjuːbərəns	high	
prove	𐑐𐑮𐑴𐑝	prəʊv	𐑐𐑮𐑵𐑝	pruːv	high	
proven	𐑐𐑮𐑫𐑝𐑩𐑯	ˈpruvən	𐑐𐑮𐑵𐑝𐑩𐑯	ˈpruːvən	high	
proven	𐑐𐑮𐑴𐑝𐑩𐑯	prəʊvən	𐑐𐑮𐑵𐑝𐑩𐑯	ˈpruːvən	high	
provenance	𐑐𐑮𐑪𐑝𐑩𐑯𐑪𐑯𐑕	prɒvənɒns	𐑐𐑮𐑪𐑝𐑩𐑯𐑩𐑯𐑕	ˈprɒvənəns	high	
provenance	𐑐𐑮𐑴𐑝𐑩𐑯𐑪𐑯𐑕	ˈproʊvənɒns	𐑐𐑮𐑪𐑝𐑩𐑯𐑩𐑯𐑕	ˈprɒvənəns	high	
provender	𐑐𐑮𐑪𐑝𐑩𐑯𐑛𐑼	prɒvəndəR	𐑐𐑮𐑪𐑝𐑦𐑯𐑛𐑼	ˈprɒvɪndəR	high	
provost	𐑐𐑮𐑪𐑝𐑪𐑕𐑑	prɒvɒst	𐑐𐑮𐑪𐑝𐑩𐑕𐑑	ˈprɒvəst	high	
provost	𐑐𐑮𐑴𐑝𐑴𐑕𐑑	ˈproʊvoʊst	𐑐𐑮𐑪𐑝𐑩𐑕𐑑	ˈprɒvəst	high	
prowess	𐑐𐑮𐑬𐑢𐑩𐑕	ˈpraʊwəs	𐑐𐑮𐑬𐑧𐑕	ˈpraʊes	high	
prowess	𐑐𐑮𐑬𐑦𐑕	praʊɪs	𐑐𐑮𐑬𐑧𐑕	ˈpraʊes	high	
proximate	𐑐𐑮𐑪𐑒𐑕𐑩𐑥𐑩𐑑	ˈprɒksəmət	𐑐𐑮𐑪𐑒𐑕𐑦𐑥𐑩𐑑	ˈprɒksɪmət	high	
prudence	𐑐𐑮𐑫𐑛𐑩𐑯𐑑𐑕	ˈprudənts	𐑐𐑮𐑵𐑛𐑩𐑯𐑕	ˈpruːdəns	high	
prudence	𐑐𐑮𐑵𐑛𐑩𐑯𐑑𐑕	pruːdənts	𐑐𐑮𐑵𐑛𐑩𐑯𐑕	ˈpruːdəns	high	
prudential	𐑐𐑮𐑫𐑛𐑧𐑯𐑖𐑩𐑤	pruˈdenʃəl	𐑐𐑮𐑵𐑛𐑧𐑯𐑖𐑩𐑤	pruːˈdenʃəl	high	
prune	𐑐𐑮𐑫𐑯	prun	𐑐𐑮𐑵𐑯	pruːn	high	
prurient	𐑐𐑮𐑫𐑮𐑦𐑩𐑯𐑑	ˈprʊriənt	𐑐𐑮𐑫𐑼𐑾𐑯𐑑	ˈprʊərɪənt	high	
prurient	𐑐𐑮𐑫𐑼𐑦𐑩𐑯𐑑	prʊəriənt	𐑐𐑮𐑫𐑼𐑾𐑯𐑑	ˈprʊərɪənt	high	
psalm	𐑕𐑨𐑥	sæm	𐑕𐑭𐑥	sɑːm	high	
psalm	𐑕𐑪𐑤𐑥	sɒlm	𐑕𐑭𐑥	sɑːm	high	
psalm	𐑕𐑪𐑥	sɒm	𐑕𐑭𐑥	sɑːm	high	
psalm	𐑕𐑷𐑤𐑥	sɔːlm	𐑕𐑭𐑥	sɑːm	high	
psalm	𐑕𐑷𐑥	sɔːm	𐑕𐑭𐑥	sɑːm	high	
psalmody	𐑕𐑨𐑤𐑥𐑩𐑛𐑦	ˈsælmədi	𐑕𐑭𐑥𐑩𐑛𐑦	ˈsɑːmədi	high	
psalmody	𐑕𐑨𐑥𐑩𐑛𐑦	ˈsæmədi	𐑕𐑭𐑥𐑩𐑛𐑦	ˈsɑːmədi	high	
psalmody	𐑕𐑪𐑤𐑥𐑩𐑛𐑦	ˈsɒlmədi	𐑕𐑭𐑥𐑩𐑛𐑦	ˈsɑːmədi	high	
psalmody	𐑕𐑪𐑥𐑩𐑛𐑦	ˈsɒmədi	𐑕𐑭𐑥𐑩𐑛𐑦	ˈsɑːmədi	high	
psalms	𐑕𐑨𐑥𐑟	sæmz	𐑕𐑭𐑥𐑟	sɑːmz	high	
psalms	𐑕𐑪𐑤𐑥𐑟	sɒlmz	𐑕𐑭𐑥𐑟	sɑːmz	high	
psalms	𐑕𐑪𐑥𐑟	sɒmz	𐑕𐑭𐑥𐑟	sɑːmz	high	
psalms	𐑕𐑷𐑤𐑥𐑟	sɔːlmz	𐑕𐑭𐑥𐑟	sɑːmz	high	
psalms	𐑕𐑷𐑥𐑟	sɔːmz	𐑕𐑭𐑥𐑟	sɑːmz	high	
psaltery	𐑕𐑪𐑤𐑑𐑮𐑦	sɒltri	𐑕𐑷𐑤𐑑𐑼𐑦	ˈsɔːltəri	high	
psaltery	𐑕𐑪𐑤𐑑𐑼𐑦	sɒltəri	𐑕𐑷𐑤𐑑𐑼𐑦	ˈsɔːltəri	high	
psaltery	𐑕𐑷𐑤-	sɔːl-	𐑕𐑷𐑤𐑑𐑼𐑦	ˈsɔːltəri	medium	r_gap:spelling=1,ipa=0; shave_says:𐑕𐑷𐑤𐑑𐑼𐑦
psephology	𐑕𐑦𐑓𐑪𐑤𐑩𐑡𐑦	sɪˈfɒlədʒi	𐑕𐑧𐑓𐑪𐑤𐑩𐑡𐑦	seˈfɒlədʒi	high	
pseudo	𐑕𐑵𐑛𐑴	ˈsuːdoʊ	𐑕𐑿𐑛𐑴	ˈsjuːdəʊ	high	
pseudonym	𐑕𐑫𐑛𐑩𐑯𐑦𐑥	ˈsudənɪm	𐑕𐑿𐑛𐑩𐑯𐑦𐑥	ˈsjuːdənɪm	high	
pseudonym	𐑕𐑫𐑛𐑴𐑯𐑦𐑥	ˈsudoʊnɪm	𐑕𐑿𐑛𐑩𐑯𐑦𐑥	ˈsjuːdənɪm	high	
pseudonym	𐑕𐑿𐑛𐑴𐑯𐑦𐑥	ˈsjuːdəʊnɪm	𐑕𐑿𐑛𐑩𐑯𐑦𐑥	ˈsjuːdənɪm	high	
psilocybin	𐑕𐑦𐑤𐑩𐑕𐑲𐑚𐑦𐑯	ˌsɪləˈsaɪbɪn	𐑕𐑲𐑤𐑩𐑕𐑲𐑚𐑦𐑯	ˌsaɪləˈsaɪbɪn	high	
psilocybin	𐑕𐑲-	ˌsaɪ-	𐑕𐑲𐑤𐑩𐑕𐑲𐑚𐑦𐑯	ˌsaɪləˈsaɪbɪn	high	
psilocybin	𐑕𐑳𐑦𐑤𐑴𐑕𐑳𐑦𐑚𐑦𐑯	ˌsʌɪləʊˈsʌɪbɪn	𐑕𐑲𐑤𐑩𐑕𐑲𐑚𐑦𐑯	ˌsaɪləˈsaɪbɪn	high	
psychedelic	𐑕𐑲𐑒𐑩𐑛𐑧𐑤𐑦𐑒	ˈsaɪkəˌdelɪk	𐑕𐑲𐑒𐑦𐑛𐑧𐑤𐑦𐑒	ˌsaɪkɪˈdelɪk	high	
psychical	𐑕𐑳𐑦𐑒𐑦𐑒𐑩𐑤	ˈsʌɪkɪkəl	𐑕𐑲𐑒𐑦𐑒𐑩𐑤	ˈsaɪkɪkəl	high	
psychological	𐑕𐑲𐑒𐑩𐑤𐑭𐑡𐑦𐑒𐑩𐑤	ˌsaɪkəˈlɑːdʒɪkəl	𐑕𐑲𐑒𐑩𐑤𐑪𐑡𐑦𐑒𐑩𐑤	ˌsaɪkəˈlɒdʒɪkəl	high	
psychopath	𐑕𐑲𐑒𐑩𐑐𐑨𐑔	ˈsaɪkəˌpæθ	𐑕𐑲𐑒𐑴𐑐𐑨𐑔	ˈsaɪkəʊpæθ	high	
psychopathic	𐑕𐑲𐑒𐑩𐑐𐑨𐑔𐑦𐑒	ˈsaɪkəˈpæθɪk	𐑕𐑲𐑒𐑴𐑐𐑨𐑔𐑦𐑒	ˌsaɪkəʊˈpæθɪk	high	
psychosomatic	𐑕𐑲𐑒𐑴𐑕𐑩𐑥𐑨𐑛𐑦𐑒	ˌsaɪkoʊsəˈmædɪk	𐑕𐑲𐑒𐑴𐑕𐑩𐑥𐑨𐑑𐑦𐑒	ˌsaɪkəʊsəˈmætɪk	high	
pterodactyl	𐑑𐑧𐑮𐑩𐑛𐑨𐑒𐑑𐑩𐑤	ˌterəˈdæktəl	𐑑𐑧𐑮𐑩𐑛𐑨𐑒𐑑𐑦𐑤	ˌterəˈdæktɪl	high	
puberty	𐑐𐑘𐑫𐑚𐑼𐑑𐑦	ˈpjubəRti	𐑐𐑿𐑚𐑼𐑑𐑦	ˈpjuːbəRti	high	
puberty	𐑐𐑿𐑚𐑩𐑑𐑦	pjuːbəti	𐑐𐑿𐑚𐑼𐑑𐑦	ˈpjuːbəRti	medium	r_gap:spelling=1,ipa=0; shave_says:𐑐𐑿𐑚𐑼𐑑𐑦
publican	𐑐𐑳𐑚𐑤𐑩𐑒𐑩𐑯	ˈpʌbləkən	𐑐𐑳𐑚𐑤𐑦𐑒𐑩𐑯	ˈpʌblɪkən	high	
pud	𐑐𐑳𐑛	pʌd	𐑐𐑫𐑛	pʊd	high	
pudenda	𐑐𐑘𐑩𐑛𐑧𐑯𐑛𐑩	pjəˈdendə	𐑐𐑿𐑛𐑧𐑯𐑛𐑩	pjuːˈdendə	high	
pudendum	𐑐𐑘𐑩𐑛𐑧𐑯𐑛𐑩𐑥	pjəˈdendəm	𐑐𐑿𐑛𐑧𐑯𐑛𐑩𐑥	pjuːˈdendəm	high	
puerile	𐑐𐑘𐑩𐑼𐑲𐑤	pjəəraɪl	𐑐𐑘𐑫𐑼𐑲𐑤	ˈpjʊəraɪl	high	
puerile	𐑐𐑘𐑼𐑦𐑤	ˈpjərɪl	𐑐𐑘𐑫𐑼𐑲𐑤	ˈpjʊəraɪl	high	
puerile	𐑐𐑘𐑼𐑲𐑤	ˈpjəraɪl	𐑐𐑘𐑫𐑼𐑲𐑤	ˈpjʊəraɪl	high	
puerperal	𐑐𐑘𐑫𐑻𐑐𐑼𐑩𐑤	pjuˈɜːRpərəl	𐑐𐑿𐑻𐑐𐑼𐑩𐑤	pjuːˈɜːRpərəl	high	
pugilist	𐑐𐑿𐑡𐑩𐑤𐑦𐑕𐑑	ˈpjuːdʒəlɪst	𐑐𐑿𐑡𐑦𐑤𐑦𐑕𐑑	ˈpjuːdʒɪlɪst	high	
pugnacity	𐑐𐑳𐑜𐑯𐑨𐑕𐑩𐑑𐑦	pʌɡˈnæsəti	𐑐𐑳𐑜𐑯𐑨𐑕𐑦𐑑𐑦	pʌɡˈnæsɪti	high	
puissance	𐑐𐑢𐑦-	ˈpwɪ-	𐑐𐑢𐑰𐑕𐑭𐑯𐑕	ˈpwiːsɑːns	high	
puissance	𐑐𐑿𐑦𐑕𐑩𐑯𐑕	ˈpjuːɪsəns	𐑐𐑢𐑰𐑕𐑭𐑯𐑕	ˈpwiːsɑːns	high	
puissant	𐑐𐑘𐑫𐑩𐑕𐑩𐑯𐑑	ˈpjuəsənt	𐑐𐑢𐑰𐑕𐑩𐑯𐑑	ˈpwiːsənt	high	
puissant	𐑐𐑢𐑦𐑕𐑩𐑯𐑑	ˈpwɪsənt	𐑐𐑢𐑰𐑕𐑩𐑯𐑑	ˈpwiːsənt	high	
puissant	𐑐𐑿𐑦𐑕𐑩𐑯𐑑	ˈpjuːɪsənt	𐑐𐑢𐑰𐑕𐑩𐑯𐑑	ˈpwiːsənt	high	
pukka	𐑐𐑩𐑒𐑩	ˈpəkə	𐑐𐑳𐑒𐑩	ˈpʌkə	high	
pull	𐑐𐑩𐑤	pəl	𐑐𐑫𐑤	pʊl	high	
pullet	𐑐𐑫𐑤𐑦𐑑	ˈpʊlɪt	𐑐𐑫𐑤𐑩𐑑	ˈpʊlət	high	
pulp	𐑐𐑫𐑤𐑐	pʊlp	𐑐𐑳𐑤𐑐	pʌlp	high	
pulsation	𐑐𐑩𐑤𐑕𐑱𐑖𐑩𐑯	pəlˈseɪʃən	𐑐𐑳𐑤𐑕𐑱𐑖𐑩𐑯	pʌlˈseɪʃən	high	
pulse	𐑐𐑩𐑤𐑕	pəls	𐑐𐑳𐑤𐑕	pʌls	high	
punching	𐑐𐑩𐑯𐑗𐑦𐑙	ˈpəntʃɪŋ	𐑐𐑳𐑯𐑗𐑦𐑙	ˈpʌntʃɪŋ	high	
punctual	𐑐𐑳𐑙𐑑𐑘𐑩𐑩𐑤	ˈpʌŋtjəəl	𐑐𐑳𐑙𐑒𐑗𐑫𐑩𐑤	ˈpʌŋktʃuəl	high	
punctual	𐑐𐑳𐑙𐑒𐑑𐑘𐑩𐑩𐑤	ˈpʌŋktjəəl	𐑐𐑳𐑙𐑒𐑗𐑫𐑩𐑤	ˈpʌŋktʃuəl	high	
punctual	𐑐𐑳𐑙𐑗𐑫𐑩𐑤	ˈpʌŋtʃuəl	𐑐𐑳𐑙𐑒𐑗𐑫𐑩𐑤	ˈpʌŋktʃuəl	high	
punctuality	𐑐𐑳𐑙𐑑𐑘𐑩𐑨𐑤𐑩𐑑𐑦	pʌŋtjəˈæləti	𐑐𐑳𐑙𐑒𐑗𐑫𐑨𐑤𐑦𐑑𐑦	ˌpʌŋktʃuˈælɪti	high	
punctuality	𐑐𐑳𐑙𐑒𐑑𐑘𐑩𐑨𐑤𐑩𐑑𐑦	pʌŋktjəˈæləti	𐑐𐑳𐑙𐑒𐑗𐑫𐑨𐑤𐑦𐑑𐑦	ˌpʌŋktʃuˈælɪti	high	
punctuality	𐑐𐑳𐑙𐑒𐑗𐑫𐑨𐑤𐑩𐑑𐑦	ˌpʌŋktʃuˈæləti	𐑐𐑳𐑙𐑒𐑗𐑫𐑨𐑤𐑦𐑑𐑦	ˌpʌŋktʃuˈælɪti	high	
punctuality	𐑐𐑳𐑙𐑗𐑫𐑨𐑤𐑩𐑑𐑦	ˌpʌŋtʃuˈæləti	𐑐𐑳𐑙𐑒𐑗𐑫𐑨𐑤𐑦𐑑𐑦	ˌpʌŋktʃuˈælɪti	high	
puny	𐑐𐑘𐑫𐑯𐑦	ˈpjuni	𐑐𐑿𐑯𐑦	ˈpjuːni	high	
puppeteer	𐑐𐑳𐑐𐑦𐑑𐑽	pʌpɪtɪəR	𐑐𐑳𐑐𐑩𐑑𐑽	ˌpʌpIˈtɪəR	high	
purdah	-𐑛𐑭	-dɑː	𐑐𐑻𐑛𐑩	ˈpɜːRdə	medium	r_gap:spelling=1,ipa=0; shave_says:𐑐𐑻𐑛𐑩
pure	𐑐𐑘𐑩𐑼	pjəəR	𐑐𐑘𐑫𐑼	pjʊəR	high	
pure	𐑐𐑘𐑪𐑮	ˈpjor	𐑐𐑘𐑫𐑼	pjʊəR	high	
pure	𐑐𐑘𐑼	ˈpjər	𐑐𐑘𐑫𐑼	pjʊəR	high	
purely	𐑐𐑘𐑩𐑼𐑤𐑦	pjəəRli	𐑐𐑘𐑫𐑼𐑤𐑦	ˈpjʊəRli	high	
purely	𐑐𐑘𐑷𐑤𐑦	pjɔːli	𐑐𐑘𐑫𐑼𐑤𐑦	ˈpjʊəRli	medium	r_gap:spelling=1,ipa=0; shave_says:𐑐𐑘𐑫𐑼𐑤𐑦
purely	𐑐𐑘𐑼𐑤𐑦	ˈpjərli	𐑐𐑘𐑫𐑼𐑤𐑦	ˈpjʊəRli	high	
purest	𐑐𐑘𐑩𐑼𐑩𐑕𐑑	pjəərəst	𐑐𐑘𐑫𐑼𐑩𐑕𐑑	ˈpjʊərəst	high	
purest	𐑐𐑘𐑹𐑩𐑕𐑑	pjɔːrəst	𐑐𐑘𐑫𐑼𐑩𐑕𐑑	ˈpjʊərəst	high	
purest	𐑐𐑘𐑻𐑩𐑕𐑑	ˈpjɜːRəst	𐑐𐑘𐑫𐑼𐑩𐑕𐑑	ˈpjʊərəst	high	
purest	𐑐𐑘𐑼𐑩𐑕𐑑	ˈpjərəst	𐑐𐑘𐑫𐑼𐑩𐑕𐑑	ˈpjʊərəst	high	
purgatory	𐑐𐑻𐑜𐑩𐑑𐑹𐑦	ˈpɜːRɡəˌtɔːRi	𐑐𐑻𐑜𐑩𐑑𐑼𐑦	ˈpɜːRɡətəri	high	
purified	𐑐𐑘𐑩𐑼𐑦𐑓𐑲𐑦𐑙	pjəərɪfaɪɪŋ	𐑐𐑘𐑫𐑼𐑦𐑓𐑲𐑛	ˈpjʊərɪfaɪd	high	
purified	𐑐𐑘𐑹𐑦𐑓𐑲𐑦𐑙	pjɔːrɪfaɪɪŋ	𐑐𐑘𐑫𐑼𐑦𐑓𐑲𐑛	ˈpjʊərɪfaɪd	high	
purified	𐑐𐑘𐑻𐑦𐑓𐑲𐑦𐑙	ˈpjɜːRɪfaɪɪŋ	𐑐𐑘𐑫𐑼𐑦𐑓𐑲𐑛	ˈpjʊərɪfaɪd	high	
purified	𐑐𐑘𐑼𐑦𐑓𐑲𐑦𐑙	ˈpjərɪfaɪɪŋ	𐑐𐑘𐑫𐑼𐑦𐑓𐑲𐑛	ˈpjʊərɪfaɪd	high	
purify	𐑐𐑘𐑩𐑼𐑦𐑓𐑲	pjəərɪfaɪ	𐑐𐑘𐑫𐑼𐑦𐑓𐑲	ˈpjʊərɪfaɪ	high	
purify	𐑐𐑘𐑹𐑦𐑓𐑲	pjɔːrɪfaɪ	𐑐𐑘𐑫𐑼𐑦𐑓𐑲	ˈpjʊərɪfaɪ	high	
purify	𐑐𐑘𐑻𐑦𐑓𐑲	ˈpjɜːRɪfaɪ	𐑐𐑘𐑫𐑼𐑦𐑓𐑲	ˈpjʊərɪfaɪ	high	
purify	𐑐𐑘𐑼𐑦𐑓𐑲	ˈpjərɪfaɪ	𐑐𐑘𐑫𐑼𐑦𐑓𐑲	ˈpjʊərɪfaɪ	high	
purist	𐑐𐑘𐑩𐑼𐑦𐑕𐑑	pjəərɪst	𐑐𐑘𐑫𐑼𐑦𐑕𐑑	ˈpjʊərɪst	high	
purist	𐑐𐑘𐑹𐑦𐑕𐑑	pjɔːrɪst	𐑐𐑘𐑫𐑼𐑦𐑕𐑑	ˈpjʊərɪst	high	
purist	𐑐𐑘𐑻𐑦𐑕𐑑	ˈpjɜːRɪst	𐑐𐑘𐑫𐑼𐑦𐑕𐑑	ˈpjʊərɪst	high	
purist	𐑐𐑘𐑼𐑦𐑕𐑑	ˈpjərɪst	𐑐𐑘𐑫𐑼𐑦𐑕𐑑	ˈpjʊərɪst	high	
puritan	𐑐𐑘𐑩𐑼𐑦𐑑𐑩𐑯	pjəərɪtən	𐑐𐑘𐑫𐑼𐑦𐑑𐑩𐑯	ˈpjʊərɪtən	high	
puritan	𐑐𐑘𐑷-	pjɔː-	𐑐𐑘𐑫𐑼𐑦𐑑𐑩𐑯	ˈpjʊərɪtən	medium	r_gap:spelling=1,ipa=0; shave_says:𐑐𐑘𐑫𐑼𐑦𐑑𐑩𐑯
puritan	𐑐𐑘𐑹𐑦𐑑𐑩𐑯	pjɔːrɪtən	𐑐𐑘𐑫𐑼𐑦𐑑𐑩𐑯	ˈpjʊərɪtən	high	
puritan	𐑐𐑘𐑼𐑦𐑑𐑩𐑯	ˈpjərɪtən	𐑐𐑘𐑫𐑼𐑦𐑑𐑩𐑯	ˈpjʊərɪtən	high	
puritanical	𐑐𐑘𐑩𐑼𐑦𐑑𐑨𐑯𐑦𐑒𐑩𐑤	pjəərɪtænɪkəl	𐑐𐑘𐑫𐑼𐑦𐑑𐑨𐑯𐑦𐑒𐑩𐑤	ˌpjʊərɪˈtænɪkəl	high	
puritanical	𐑐𐑘𐑼𐑦𐑑𐑨𐑯𐑦𐑒𐑩𐑤	pjəRɪˈtænɪkəl	𐑐𐑘𐑫𐑼𐑦𐑑𐑨𐑯𐑦𐑒𐑩𐑤	ˌpjʊərɪˈtænɪkəl	high	
purity	𐑐𐑘𐑩𐑼𐑦𐑑𐑦	pjəərɪti	𐑐𐑘𐑫𐑼𐑦𐑑𐑦	ˈpjʊərɪti	high	
purity	𐑐𐑘𐑹𐑦𐑑𐑦	pjɔːrɪti	𐑐𐑘𐑫𐑼𐑦𐑑𐑦	ˈpjʊərɪti	high	
purity	𐑐𐑘𐑻𐑦𐑑𐑦	ˈpjɜːRɪti	𐑐𐑘𐑫𐑼𐑦𐑑𐑦	ˈpjʊərɪti	high	
purity	𐑐𐑘𐑼𐑦𐑑𐑦	ˈpjərɪti	𐑐𐑘𐑫𐑼𐑦𐑑𐑦	ˈpjʊərɪti	high	
purport	𐑐𐑩𐑐𐑹𐑑	pəpɔːRt	𐑐𐑻𐑐𐑼𐑑, 𐑐𐑼𐑐𐑹𐑑	ˈpɜːRpəRt	medium	r_gap:spelling=2,ipa=1; shave_says:𐑐𐑼𐑐𐑹𐑑
purport	𐑐𐑻𐑐𐑹𐑑	pɜːRpɔːRt	𐑐𐑻𐑐𐑼𐑑, 𐑐𐑼𐑐𐑹𐑑	ˈpɜːRpəRt	high	
purported	𐑐𐑼𐑐𐑴𐑮𐑑𐑩𐑛	pərˈpoʊrtƏd	𐑐𐑼𐑐𐑹𐑑𐑩𐑛	pəRˈpɔːRtƏd	high	
purposive	𐑐𐑼𐑐𐑩𐑕𐑦𐑝	ˈpəRpəsɪv	𐑐𐑻𐑐𐑩𐑕𐑦𐑝	ˈpɜːRpəsɪv	high	
pursuant	𐑐𐑩𐑕𐑿𐑩𐑯𐑑	pəsjuːənt	𐑐𐑼𐑕𐑿𐑩𐑯𐑑	pəRˈsjuːənt	medium	r_gap:spelling=1,ipa=0; shave_says:𐑐𐑼𐑕𐑿𐑩𐑯𐑑
pursuant	𐑐𐑼𐑕𐑫𐑩𐑯𐑑	pəRˈsuənt	𐑐𐑼𐑕𐑿𐑩𐑯𐑑	pəRˈsjuːənt	high	
pursue	𐑐𐑩𐑕𐑿	pəsjuː	𐑐𐑼𐑕𐑿	pəRˈsjuː	medium	r_gap:spelling=1,ipa=0; shave_says:𐑐𐑼𐑕𐑿
pursue	𐑐𐑩𐑖𐑵	pəʃuː	𐑐𐑼𐑕𐑿	pəRˈsjuː	medium	r_gap:spelling=1,ipa=0; shave_says:𐑐𐑼𐑕𐑿
pursue	𐑐𐑼𐑕𐑫	pəRˈsu	𐑐𐑼𐑕𐑿	pəRˈsjuː	high	
pursued	𐑐𐑩𐑕𐑿𐑛	pəsjuːd	𐑐𐑼𐑕𐑿𐑛	pəRˈsjuːd	medium	r_gap:spelling=1,ipa=0; shave_says:𐑐𐑼𐑕𐑿𐑛
pursued	𐑐𐑼𐑕𐑫𐑛	pəRˈsud	𐑐𐑼𐑕𐑿𐑛	pəRˈsjuːd	high	
pursuing	𐑐𐑩𐑕𐑿𐑦𐑙	pəsjuːɪŋ	𐑐𐑼𐑕𐑿𐑦𐑙	pəRˈsjuːɪŋ	medium	r_gap:spelling=1,ipa=0; shave_says:𐑐𐑼𐑕𐑿𐑦𐑙
pursuing	𐑐𐑼𐑕𐑫𐑦𐑙	pəRˈsuɪŋ	𐑐𐑼𐑕𐑿𐑦𐑙	pəRˈsjuːɪŋ	high	
pursuit	-𐑖𐑵𐑑	-ʃuːt	𐑐𐑼𐑕𐑿𐑑	pəRˈsjuːt	medium	r_gap:spelling=1,ipa=0; shave_says:𐑐𐑼𐑕𐑿𐑑
pursuit	𐑐𐑻-	pɜːr-	𐑐𐑼𐑕𐑿𐑑	pəRˈsjuːt	high	
pursuit	𐑐𐑻𐑕𐑵𐑑	pɜːrˈsuːt	𐑐𐑼𐑕𐑿𐑑	pəRˈsjuːt	high	
purvey	𐑐𐑩𐑝𐑱	pəveɪ	𐑐𐑼𐑝𐑱	pəRˈveɪ	medium	r_gap:spelling=1,ipa=0; shave_says:𐑐𐑼𐑝𐑱
putative	𐑐𐑘𐑫𐑑𐑩𐑑𐑦𐑝	ˈpjutətɪv	𐑐𐑿𐑑𐑩𐑑𐑦𐑝	ˈpjuːtətɪv	high	
putatively	𐑐𐑘𐑫𐑑𐑩𐑑𐑦𐑝𐑤𐑦	ˈpjutətɪvli	𐑐𐑿𐑑𐑩𐑑𐑦𐑝𐑤𐑦	ˈpjuːtətɪvli	high	
putrid	𐑐𐑘𐑫𐑑𐑮𐑩𐑛	ˈpjutrəd	𐑐𐑿𐑑𐑮𐑦𐑛	ˈpjuːtrɪd	high	
puttee	𐑐𐑳𐑑𐑰	ˈpʌtiː	𐑐𐑳𐑑𐑦	ˈpʌti	high	
putter	-𐑑𐑼	-təR	𐑐𐑳𐑑𐑼	ˈpʌtəR	high	
putter	𐑐𐑫𐑑𐑼	pʊtər	𐑐𐑳𐑑𐑼	ˈpʌtəR	high	
pyjamas	𐑐𐑦𐑡𐑭𐑥𐑩𐑟	pɪˈdʒɑːməz	𐑐𐑩𐑡𐑨𐑥𐑩𐑟, 𐑐𐑩𐑡𐑭𐑥𐑩𐑟	pəˈdʒⱭːməz	high	
pyjamas	𐑐𐑲𐑡𐑭𐑥𐑩𐑟	paɪˈdʒɑːməz	𐑐𐑩𐑡𐑨𐑥𐑩𐑟, 𐑐𐑩𐑡𐑭𐑥𐑩𐑟	pəˈdʒⱭːməz	high	
pylon	𐑐𐑲𐑤𐑩𐑯	ˈpaɪlən	𐑐𐑲𐑤𐑪𐑯	ˈpaɪlɒn	high	
pyongyang	𐑐𐑘𐑪𐑙𐑘𐑧𐑙	ˌpjɒŋˈjeŋ	𐑐𐑘𐑪𐑙𐑘𐑨𐑙	ˌpjɒŋˈjæŋ	high	
pyongyang	𐑐𐑘𐑳𐑙𐑘𐑪𐑙	ˌpjʌŋˈjɒŋ	𐑐𐑘𐑪𐑙𐑘𐑨𐑙	ˌpjɒŋˈjæŋ	high	
pyongyang	𐑐𐑘𐑳𐑙𐑘𐑭𐑙	ˌpjʌŋˈjɑːŋ	𐑐𐑘𐑪𐑙𐑘𐑨𐑙	ˌpjɒŋˈjæŋ	high	
pyongyang	𐑐𐑘𐑷𐑙𐑘𐑨𐑙	ˌpjɔːŋˈjæŋ	𐑐𐑘𐑪𐑙𐑘𐑨𐑙	ˌpjɒŋˈjæŋ	high	
python	𐑐𐑲𐑔𐑪𐑯	ˈpaɪθɒn	𐑐𐑲𐑔𐑩𐑯	ˈpaɪθən	high	
python	𐑐𐑲𐑔𐑷𐑯	ˈpaɪθɔːn	𐑐𐑲𐑔𐑩𐑯	ˈpaɪθən	high	
pythons	𐑐𐑲𐑔𐑪𐑯𐑟	ˈpaɪθɒnz	𐑐𐑲𐑔𐑩𐑯𐑟	ˈpaɪθənz	high	
q	𐑒𐑘𐑫	kju	𐑒𐑿	kjuː	high	
qatar	𐑒𐑩𐑑𐑸	kətɑːR	𐑒𐑳𐑑𐑸	kʌˈtɑːR	high	
qatar	𐑒𐑪𐑑𐑼	ˈkɒtəR	𐑒𐑳𐑑𐑸	kʌˈtɑːR	high	
qatar	𐑒𐑳𐑑𐑼	ˈkʌtər	𐑒𐑳𐑑𐑸	kʌˈtɑːR	high	
qatari	𐑒𐑩𐑑𐑸𐑦	kətɑːri	𐑒𐑳𐑑𐑸𐑦	kʌˈtɑːri	high	
qed	𐑒𐑘𐑫𐑦𐑛𐑦	ˌkjuˌiˈdi	𐑒𐑿𐑰𐑛𐑰	ˌkjuːˌiːˈdiː	high	
quadrilateral	𐑒𐑢𐑪𐑛𐑮𐑩𐑤𐑨𐑑𐑼𐑩𐑤	ˌkwɒdrəˈlætərəl	𐑒𐑢𐑪𐑛𐑮𐑦𐑤𐑨𐑑𐑼𐑩𐑤	ˌkwɒdrɪˈlætərəl	high	
quadrillion	𐑒𐑢𐑪𐑛𐑮𐑦𐑤𐑦𐑩𐑯	kwɒˈdrɪliən	𐑒𐑢𐑪𐑛𐑮𐑦𐑤𐑘𐑩𐑯	kwɒˈdrɪljən	high	
quadruple	𐑒𐑢𐑪𐑛𐑮𐑩𐑐𐑩𐑤	ˈkwɒdrəpəl	𐑒𐑢𐑪𐑛𐑮𐑵𐑐𐑩𐑤	ˈkwɒdruːpəl	high	
quadruple	𐑒𐑢𐑪𐑛𐑮𐑫𐑐𐑩𐑤	kwɒdrʊpəl	𐑒𐑢𐑪𐑛𐑮𐑵𐑐𐑩𐑤	ˈkwɒdruːpəl	high	
quadruple	𐑒𐑢𐑪𐑛𐑮𐑳𐑐𐑩𐑤	kwɒˈdrʌpəl	𐑒𐑢𐑪𐑛𐑮𐑵𐑐𐑩𐑤	ˈkwɒdruːpəl	high	
quadruplet	𐑒𐑢𐑪𐑛𐑮𐑫𐑐𐑤𐑩𐑑	kwɒˈdruplət	𐑒𐑢𐑪𐑛𐑮𐑵𐑐𐑤𐑩𐑑	ˈkwɒdruːplət	high	
quadruplet	𐑒𐑢𐑪𐑛𐑮𐑳𐑐𐑤𐑩𐑑	kwɒdrʌplət	𐑒𐑢𐑪𐑛𐑮𐑵𐑐𐑤𐑩𐑑	ˈkwɒdruːplət	high	
quaff	𐑒𐑢𐑷𐑓	kwɔːf	𐑒𐑢𐑪𐑓	kwɒf	high	
quagga	𐑒𐑢𐑨𐑜𐑩	kwæɡə	𐑒𐑢𐑪𐑜𐑩	ˈkwɒɡə	high	
quagmire	𐑒𐑢𐑨𐑜𐑥𐑲𐑮	ˈkwæɡmaɪr	𐑒𐑢𐑨𐑜𐑥𐑲𐑼	ˈkwæɡmaɪəR	high	
quagmire	𐑒𐑢𐑪𐑜𐑥𐑲𐑼	kwɒɡmaɪər	𐑒𐑢𐑨𐑜𐑥𐑲𐑼	ˈkwæɡmaɪəR	high	
qualified	𐑒𐑢𐑪𐑤𐑩𐑓𐑲𐑛	ˈkwɒləfaɪd	𐑒𐑢𐑪𐑤𐑦𐑓𐑲𐑛	ˈkwɒlɪfaɪd	high	
qualify	𐑒𐑢𐑪𐑤𐑩𐑓𐑲	ˈkwɒləfaɪ	𐑒𐑢𐑪𐑤𐑦𐑓𐑲	ˈkwɒlɪfaɪ	high	
qualitative	𐑒𐑢𐑪𐑤𐑩𐑑𐑱𐑑𐑦𐑝	ˈkwɒləˌteɪtɪv	𐑒𐑢𐑪𐑤𐑦𐑑𐑩𐑑𐑦𐑝	ˈkwɒlɪtətɪv	high	
qualities	𐑒𐑢𐑪𐑤𐑩𐑑𐑦𐑟	ˈkwɒləˌtiz	𐑒𐑢𐑪𐑤𐑦𐑑𐑦𐑟	ˈkwɒlɪtiz	high	
qualm	𐑒𐑢𐑨𐑥	kwæm	𐑒𐑢𐑭𐑥	kwɑːm	high	
qualm	𐑒𐑢𐑪𐑤𐑥	kwɒlm	𐑒𐑢𐑭𐑥	kwɑːm	high	
qualm	𐑒𐑢𐑷𐑤𐑥	kwɔːlm	𐑒𐑢𐑭𐑥	kwɑːm	high	
qualm	𐑒𐑢𐑷𐑥	kwɔːm	𐑒𐑢𐑭𐑥	kwɑːm	high	
quandary	𐑒𐑢𐑪𐑯𐑛𐑮𐑦	kwɒndri	𐑒𐑢𐑪𐑯𐑛𐑼𐑦	ˈkwɒndəri	high	
quandary	𐑒𐑢𐑪𐑯𐑛𐑺𐑦	kwɒndeərɪ	𐑒𐑢𐑪𐑯𐑛𐑼𐑦	ˈkwɒndəri	high	
quandary	𐑒𐑢𐑷𐑯-	ˈkwɔːn-	𐑒𐑢𐑪𐑯𐑛𐑼𐑦	ˈkwɒndəri	medium	r_gap:spelling=1,ipa=0
quantification	𐑒𐑢𐑪𐑯𐑑𐑩𐑓𐑦𐑒𐑱𐑖𐑩𐑯	ˌkwɒntəˌfɪˈkeɪʃən	𐑒𐑢𐑪𐑯𐑑𐑦𐑓𐑦𐑒𐑱𐑖𐑩𐑯	ˌkwɒntɪfɪˈkeɪʃən	high	
quantify	𐑒𐑢𐑪𐑯𐑑𐑩𐑓𐑲	ˈkwɒntəˌfaɪ	𐑒𐑢𐑪𐑯𐑑𐑦𐑓𐑲	ˈkwɒntɪfaɪ	high	
quantitative	𐑒𐑢𐑪𐑯𐑑𐑦𐑑𐑱𐑑𐑦𐑝	ˈkwɒntɪˌteɪtɪv	𐑒𐑢𐑪𐑯𐑑𐑦𐑑𐑩𐑑𐑦𐑝	ˈkwɒntɪtətɪv	high	
quantitative	𐑒𐑢𐑪𐑯𐑑𐑩𐑑𐑦𐑝	ˈkwɒntətɪv	𐑒𐑢𐑪𐑯𐑑𐑦𐑑𐑩𐑑𐑦𐑝	ˈkwɒntɪtətɪv	high	
quantitative	𐑒𐑢𐑪𐑯𐑑𐑩𐑑𐑱𐑑𐑦𐑝	ˈkwɒntəˌteɪtɪv	𐑒𐑢𐑪𐑯𐑑𐑦𐑑𐑩𐑑𐑦𐑝	ˈkwɒntɪtətɪv	high	
quantitative	𐑒𐑢𐑪𐑯𐑩𐑑𐑱𐑑𐑦𐑝	ˈkwɒnəˌteɪtɪv	𐑒𐑢𐑪𐑯𐑑𐑦𐑑𐑩𐑑𐑦𐑝	ˈkwɒntɪtətɪv	high	
quarantine	𐑒𐑢𐑪𐑮𐑩𐑯𐑑𐑲𐑯	kwɒrəntaɪn	𐑒𐑢𐑪𐑮𐑩𐑯𐑑𐑰𐑯	ˈkwɒrəntiːn	high	
quarantine	𐑒𐑢𐑹𐑩𐑯𐑑𐑦𐑯	ˈkwɔːRəntin	𐑒𐑢𐑪𐑮𐑩𐑯𐑑𐑰𐑯	ˈkwɒrəntiːn	high	
quarantine	𐑒𐑹𐑩𐑯𐑑𐑦𐑯	ˈkɔːRəntin	𐑒𐑢𐑪𐑮𐑩𐑯𐑑𐑰𐑯	ˈkwɒrəntiːn	high	
quarrel	𐑒𐑢𐑹𐑩𐑤	ˈkwɔːRəl	𐑒𐑢𐑪𐑮𐑩𐑤	ˈkwɒrəl	medium	r_gap:spelling=2,ipa=1
quarrelsome	𐑒𐑢𐑹𐑩𐑤𐑕𐑩𐑥	ˈkwɔːRəlsəm	𐑒𐑢𐑪𐑮𐑩𐑤𐑕𐑩𐑥	ˈkwɒrəlsəm	medium	r_gap:spelling=2,ipa=1
quarry	𐑒𐑢𐑹𐑦	ˈkwɔːRi	𐑒𐑢𐑪𐑮𐑦	ˈkwɒri	medium	r_gap:spelling=2,ipa=1
quarryman	𐑒𐑢𐑹𐑦𐑥𐑩𐑯	ˈkwɔːRimən	𐑒𐑢𐑪𐑮𐑦𐑥𐑩𐑯	ˈkwɒrɪmən	medium	r_gap:spelling=2,ipa=1
quart	𐑒𐑹𐑑	kɔːRt	𐑒𐑢𐑹𐑑	kwɔːRt	high	
quarters	𐑒𐑹𐑑𐑼𐑟	ˈkɔːRtəRz	𐑒𐑢𐑹𐑑𐑼𐑟	ˈkwɔːRtəRz	high	
quash	𐑒𐑢𐑷𐑖	kwɔːʃ	𐑒𐑢𐑪𐑖	kwɒʃ	high	
quasi-	𐑒𐑢𐑪𐑕𐑦	ˈkwɒsi	𐑒𐑢𐑱𐑟𐑲-	ˈkweɪzaɪ-	high	
quasi-	𐑒𐑢𐑪𐑟𐑦	ˈkwɒzi	𐑒𐑢𐑱𐑟𐑲-	ˈkweɪzaɪ-	high	
quasi-	𐑒𐑢𐑪𐑟𐑲	ˈkwɒˌzaɪ	𐑒𐑢𐑱𐑟𐑲-	ˈkweɪzaɪ-	high	
quasi-	𐑒𐑢𐑭𐑟𐑦	ˈkwɑːzi	𐑒𐑢𐑱𐑟𐑲-	ˈkweɪzaɪ-	high	
quasi-	𐑒𐑢𐑱𐑕𐑲	ˈkweɪsaɪ	𐑒𐑢𐑱𐑟𐑲-	ˈkweɪzaɪ-	high	
quasi-	𐑒𐑢𐑱𐑟𐑲	ˈkweɪzaɪ	𐑒𐑢𐑱𐑟𐑲-	ˈkweɪzaɪ-	high	
quassia	𐑒𐑢𐑨𐑕𐑦𐑩	ˈkwasiə	𐑒𐑢𐑪𐑖𐑩	ˈkwɒʃə	high	
quassia	𐑒𐑢𐑪𐑕𐑦𐑩	ˈkwɒsiə	𐑒𐑢𐑪𐑖𐑩	ˈkwɒʃə	high	
quassia	𐑒𐑢𐑪𐑖𐑦𐑩	ˈkwɒʃiə	𐑒𐑢𐑪𐑖𐑩	ˈkwɒʃə	high	
quay	𐑒𐑢𐑱	kweɪ	𐑒𐑰	kiː	high	
quay	𐑒𐑱	keɪ	𐑒𐑰	kiː	high	
quays	𐑒𐑢𐑱𐑟	kweɪz	𐑒𐑰𐑟	kiːz	high	
quays	𐑒𐑱𐑟	keɪz	𐑒𐑰𐑟	kiːz	high	
qubit	𐑒𐑘𐑫𐑚𐑦𐑑	ˈkjubɪt	𐑒𐑿𐑚𐑦𐑑	ˈkjuːbɪt	high	
queasiness	𐑒𐑢𐑦𐑟𐑦𐑯𐑩𐑕	ˈkwizinəs	𐑒𐑢𐑰𐑟𐑦𐑯𐑩𐑕	ˈkwiːzɪnəs	high	
queensland	𐑒𐑢𐑰𐑯𐑟𐑤𐑩𐑯𐑛	ˈkwiːnzlənd	𐑒𐑢𐑰𐑯𐑟𐑤𐑨𐑯𐑛	ˈkwiːnzlænd	high	
queer	𐑒𐑢𐑦𐑮	kwɪr	𐑒𐑢𐑽	kwɪəR	high	
queerest	𐑒𐑢𐑦𐑮𐑩𐑕𐑑	ˈkwɪrəst	𐑒𐑢𐑽𐑩𐑕𐑑	ˈkwɪərəst	high	
querulous	𐑒𐑢𐑧𐑮𐑘𐑩𐑤𐑩𐑕	kwerjələs	𐑒𐑢𐑧𐑮𐑩𐑤𐑩𐑕	ˈkwerələs	high	
querulously	𐑒𐑢𐑧𐑮𐑘𐑩𐑤𐑩𐑕𐑤𐑦	kwerjələsli	𐑒𐑢𐑧𐑮𐑩𐑤𐑩𐑕𐑤𐑦	ˈkwerələsli	high	
querulously	𐑒𐑢𐑧𐑮𐑫𐑤𐑩𐑕𐑤𐑦	kwerʊləsli	𐑒𐑢𐑧𐑮𐑩𐑤𐑩𐑕𐑤𐑦	ˈkwerələsli	high	
query	𐑒𐑢𐑦𐑮𐑦	ˈkwɪri	𐑒𐑢𐑽𐑦	ˈkwɪəri	high	
query	𐑒𐑢𐑧𐑮𐑦	ˈkweri	𐑒𐑢𐑽𐑦	ˈkwɪəri	high	
question	𐑒𐑢𐑧𐑖𐑑𐑩𐑯	ˈkweʃtən	𐑒𐑢𐑧𐑕𐑗𐑩𐑯	ˈkwestʃən	high	
questioning	𐑒𐑢𐑧𐑖𐑑𐑩𐑯𐑦𐑙	ˈkweʃtənɪŋ	𐑒𐑢𐑧𐑕𐑗𐑩𐑯𐑦𐑙	ˈkwestʃənɪŋ	high	
questionnaire	𐑒𐑢𐑧𐑕𐑑𐑘𐑩𐑯𐑺	kwestjəneəR	𐑒𐑢𐑧𐑕𐑗𐑩𐑯𐑺	ˌkwestʃəˈneəR	high	
questionnaire	𐑒𐑢𐑧𐑕𐑗𐑩𐑯𐑧𐑮	ˌkwestʃəˈner	𐑒𐑢𐑧𐑕𐑗𐑩𐑯𐑺	ˌkwestʃəˈneəR	high	
quetzal	𐑒𐑧𐑑𐑕𐑩𐑤	ˈketsəl	𐑒𐑢𐑧𐑑𐑕𐑩𐑤	ˈkwetsəl	high	
quetzal	𐑒𐑧𐑑𐑕𐑪𐑤	ketˈsɒl	𐑒𐑢𐑧𐑑𐑕𐑩𐑤	ˈkwetsəl	high	
queue	𐑒𐑘𐑫	kju	𐑒𐑿	kjuː	high	
quid pro quo	𐑒𐑢𐑦𐑛𐑐𐑮𐑴𐑒𐑢𐑴	kwɪdprəʊkwəʊ	𐑒𐑢𐑦𐑛 𐑐𐑮𐑴 𐑒𐑢𐑴	ˌkwɪd prəʊ ˈkwəʊ	high	
quieter	𐑒𐑢𐑲𐑦𐑑𐑼	kwaɪɪtəR	𐑒𐑢𐑲𐑩𐑑𐑼	ˈkwaɪətəR	high	
quietist	𐑒𐑢𐑳𐑾𐑑𐑦𐑕𐑑	ˈkwʌɪətɪst	𐑒𐑢𐑲𐑩𐑑𐑦𐑕𐑑	ˈkwaɪətɪst	high	
quinine	𐑒𐑢𐑦𐑯𐑲𐑯	ˈkwɪnaɪn	𐑒𐑢𐑦𐑯𐑰𐑯	kwɪˈniːn	high	
quinine	𐑒𐑢𐑲𐑯𐑲𐑯	ˈkwaɪnaɪn	𐑒𐑢𐑦𐑯𐑰𐑯	kwɪˈniːn	high	
quintal	𐑒𐑢𐑦𐑯𐑑𐑤	ˈkwɪntl	𐑒𐑢𐑦𐑯𐑑𐑩𐑤	ˈkwɪntəl	high	
quintal	𐑒𐑢𐑦𐑯𐑤	ˈkwɪnl	𐑒𐑢𐑦𐑯𐑑𐑩𐑤	ˈkwɪntəl	high	
quintuplet	𐑒𐑢𐑦𐑯𐑑𐑫𐑐𐑤𐑩𐑑	kwɪnˈtuplət	𐑒𐑢𐑦𐑯𐑑𐑵𐑐𐑤𐑩𐑑, 𐑒𐑢𐑦𐑯𐑑𐑿𐑐𐑤𐑩𐑑	ˈkwɪntjuːplət	high	
quintuplet	𐑒𐑢𐑦𐑯𐑑𐑳𐑐𐑤𐑩𐑑	kwɪnˈtʌplət	𐑒𐑢𐑦𐑯𐑑𐑵𐑐𐑤𐑩𐑑, 𐑒𐑢𐑦𐑯𐑑𐑿𐑐𐑤𐑩𐑑	ˈkwɪntjuːplət	high	
quite	𐑒𐑰𐑑𐑱	ˈkiːteɪ	𐑒𐑢𐑲𐑑	kwaɪt	high	
quito	𐑒𐑦𐑑𐑴	ˈkitoʊ	𐑒𐑰𐑑𐑴	ˈkiːtəʊ	high	
quixotic	𐑒𐑢𐑦𐑜𐑟𐑪𐑑𐑦𐑒	kwɪɡˈzɒtɪk	𐑒𐑢𐑦𐑒𐑕𐑪𐑑𐑦𐑒	kwɪkˈsɒtɪk	high	
quixotic	𐑒𐑰𐑟𐑪𐑑𐑦𐑒	kiːˈzɒtɪk	𐑒𐑢𐑦𐑒𐑕𐑪𐑑𐑦𐑒	kwɪkˈsɒtɪk	high	
quoit	𐑒𐑢𐑶𐑑	kwɔɪt	𐑒𐑶𐑑	kɔɪt	high	
quoits	𐑒𐑢𐑶𐑑𐑕	kwɔɪts	𐑒𐑶𐑑𐑕	kɔɪts	high	
quotidian	𐑒𐑢𐑴𐑑𐑦𐑛𐑦𐑩𐑯	kwoʊˈtɪdiən	𐑒𐑢𐑴𐑑𐑦𐑛𐑾𐑯	kwəʊˈtɪdɪən	high	
r	𐑭	ɑː	𐑸	ɑːR	medium	r_gap:spelling=1,ipa=0; shave_says:𐑮
rabid	𐑮𐑨𐑚𐑩𐑛	ræbƏd	𐑮𐑨𐑚𐑦𐑛	ˈræbɪd	high	
rabid	𐑮𐑱𐑚𐑩𐑛	reɪbƏd	𐑮𐑨𐑚𐑦𐑛	ˈræbɪd	high	
raccoon	𐑮𐑨𐑒𐑫𐑯	ræˈkun	𐑮𐑩𐑒𐑵𐑯	rəˈkuːn	high	
raccoon	𐑮𐑩𐑒𐑫𐑯	rəˈkun	𐑮𐑩𐑒𐑵𐑯	rəˈkuːn	high	
raceme	𐑮𐑨𐑕𐑦𐑥	ˈræsim	𐑮𐑨𐑕𐑰𐑥	ræˈsiːm	high	
raceme	𐑮𐑩𐑕𐑦𐑥	rəˈsim	𐑮𐑨𐑕𐑰𐑥	ræˈsiːm	high	
raceme	𐑮𐑱𐑕𐑦𐑥	reɪˈsim	𐑮𐑨𐑕𐑰𐑥	ræˈsiːm	high	
radiator	𐑮𐑧𐑘𐑛𐑦𐑘𐑧𐑘𐑑𐑼	rejdɪjejtəR	𐑮𐑱𐑛𐑦𐑱𐑑𐑼	ˈreɪdieɪtəR	high	
radiator	𐑮𐑨𐑛𐑦𐑱𐑑𐑼	rædɪeɪtəR	𐑮𐑱𐑛𐑦𐑱𐑑𐑼	ˈreɪdieɪtəR	high	
radiogram	-𐑴-	-oʊ-	𐑮𐑱𐑛𐑦𐑴𐑜𐑮𐑨𐑥	ˈreɪdiəʊɡræm	medium	r_gap:spelling=2,ipa=0
radiogram	𐑮𐑱𐑛𐑦𐑩𐑜𐑮𐑨𐑥	ˈreɪdiəˌɡræm	𐑮𐑱𐑛𐑦𐑴𐑜𐑮𐑨𐑥	ˈreɪdiəʊɡræm	high	
radiologist	𐑮𐑱𐑛𐑰𐑪𐑤𐑩𐑡𐑦𐑕𐑑	reɪdiːɒlədʒɪst	𐑮𐑱𐑛𐑦𐑪𐑤𐑩𐑡𐑦𐑕𐑑	ˌreɪdɪˈɒlədʒɪst	high	
radium	𐑮𐑱𐑛𐑦𐑩𐑥	ˈreɪdiəm	𐑮𐑱𐑛𐑾𐑥	ˈreɪdɪəm	high	
railroad	𐑮𐑱𐑮𐑴𐑛	ˈreɪroʊd	𐑮𐑱𐑤𐑮𐑴𐑛	ˈreɪlrəʊd	high	
rainbow	𐑮𐑱𐑥𐑚𐑴	ˈreɪmboʊ	𐑮𐑱𐑯𐑚𐑴	ˈreɪnbəʊ	high	
rainforest	𐑮𐑱𐑯𐑓𐑹𐑦𐑕𐑑	ˈreɪnfɔːRɪst	𐑮𐑱𐑯𐑓𐑪𐑮𐑦𐑕𐑑	ˈreɪnfɒrɪst	high	
raj	𐑮𐑪𐑡	rɒdʒ	𐑮𐑭𐑡	rɑːdʒ	high	
raj	𐑮𐑭𐑠	rɑːʒ	𐑮𐑭𐑡	rɑːdʒ	high	
ramification	𐑮𐑨𐑥𐑩𐑓𐑩𐑒𐑱𐑖𐑩𐑯	ˌræməfəˈkeɪʃən	𐑮𐑨𐑥𐑦𐑓𐑦𐑒𐑱𐑖𐑩𐑯	ˌræmɪfɪˈkeɪʃən	high	
ramification	𐑮𐑺𐑥𐑩𐑓𐑩𐑒𐑱𐑖𐑩𐑯	ˌreəməfəˈkeɪʃən	𐑮𐑨𐑥𐑦𐑓𐑦𐑒𐑱𐑖𐑩𐑯	ˌræmɪfɪˈkeɪʃən	high	
ranch	𐑮𐑭𐑯𐑗	rɑːntʃ	𐑮𐑨𐑯𐑗	ræntʃ	high	
ranking	𐑮𐑨𐑯𐑒𐑦𐑙	rænkɪŋ	𐑮𐑨𐑙𐑒𐑦𐑙	ˈræŋkɪŋ	high	
rapport	𐑮𐑩𐑐𐑹	rəˈpɔːR	𐑮𐑨𐑐𐑹	ræˈpɔːR	high	
rapprochement	𐑮𐑨-	ræ-	𐑮𐑨𐑐𐑮𐑪𐑖𐑥𐑪𐑙	ræˈprɒʃmɒŋ	medium	r_gap:spelling=2,ipa=1; shave_says:𐑮𐑨𐑐𐑮𐑪𐑖𐑥𐑪𐑙
rapprochement	𐑮𐑨𐑐𐑮𐑴𐑖𐑥𐑪𐑯	ræproʊʃˈmɒn	𐑮𐑨𐑐𐑮𐑪𐑖𐑥𐑪𐑙	ræˈprɒʃmɒŋ	high	
rare	𐑮𐑧𐑮	rer	𐑮𐑺	reəR	high	
rarely	𐑮𐑻𐑤𐑦	rɜːRli	𐑮𐑺𐑤𐑦	ˈreəRli	high	
rarer	𐑮𐑧𐑮𐑼	ˈrerər	𐑮𐑺𐑼	ˈreərəR	high	
rarest	𐑮𐑧𐑮𐑩𐑕𐑑	ˈrerəst	𐑮𐑺𐑩𐑕𐑑	ˈreərəst	high	
rarity	𐑮𐑧𐑮𐑩𐑑𐑦	ˈrerəti	𐑮𐑺𐑦𐑑𐑦	ˈreərɪti	high	
rarity	𐑮𐑺𐑩𐑑𐑦	reərəti	𐑮𐑺𐑦𐑑𐑦	ˈreərɪti	high	
raspberry	𐑮𐑨𐑟𐑚𐑧𐑮𐑦	ˈræzˌberi	𐑮𐑨𐑟𐑚𐑼𐑦, 𐑮𐑭𐑟𐑚𐑼𐑦	ˈrⱭːzbəri	medium	r_gap:spelling=3,ipa=2
ratified	𐑮𐑨𐑑𐑩𐑓𐑲𐑛	ˈrætəfaɪd	𐑮𐑨𐑑𐑦𐑓𐑲𐑛	ˈrætɪfaɪd	high	
ratio	𐑮𐑱𐑖𐑴	reɪʃəʊ	𐑮𐑱𐑖𐑦𐑴	ˈreɪʃiəʊ	high	
ratiocination	𐑮𐑨𐑑𐑦𐑪𐑕𐑦𐑯𐑱𐑖𐑩𐑯	rætɪɒsɪneɪʃən	𐑮𐑨𐑖𐑦𐑪𐑕𐑦𐑯𐑱𐑖𐑩𐑯	ˌræʃɪˌɒsɪˈneɪʃən	high	
ratiocination	𐑮𐑨𐑖𐑦-	ræʃi-	𐑮𐑨𐑖𐑦𐑪𐑕𐑦𐑯𐑱𐑖𐑩𐑯	ˌræʃɪˌɒsɪˈneɪʃən	high	
ration	𐑮𐑱𐑖𐑩𐑯	reɪʃən	𐑮𐑨𐑖𐑩𐑯	ˈræʃən	high	
rattan	𐑮𐑨𐑑𐑨𐑯	ratan	𐑮𐑩𐑑𐑨𐑯	rəˈtæn	high	
ratty	-𐑑𐑦	-ti	𐑮𐑨𐑑𐑦	ˈræti	medium	r_gap:spelling=1,ipa=0
raven	𐑮𐑨𐑝𐑦𐑯	rævɪn	𐑮𐑱𐑝𐑩𐑯	ˈreɪvən	high	
raven	𐑮𐑨𐑝𐑩𐑯	ˈrævən	𐑮𐑱𐑝𐑩𐑯	ˈreɪvən	high	
ravioli	𐑮𐑨𐑝𐑰𐑴𐑤𐑦	ræviːəʊli	𐑮𐑨𐑝𐑦𐑴𐑤𐑦	ˌrævɪˈəʊli	high	
razorback	𐑮𐑱𐑟𐑩𐑚𐑨𐑒	reɪzəbæk	𐑮𐑱𐑟𐑼𐑚𐑨𐑒	ˈreɪzəRbæk	medium	r_gap:spelling=2,ipa=1; shave_says:𐑮𐑱𐑟𐑼𐑚𐑨𐑒
re-form	𐑮𐑰𐑓𐑹𐑥	ˌriːˈfɔːRm	𐑮𐑰-𐑓𐑹𐑥	ˌriː-ˈfɔːRm	high	
re-formation	𐑮𐑦𐑓𐑹𐑥𐑱𐑖𐑩𐑯	ˌrifɔːRˈmeɪʃən	𐑮𐑰-𐑓𐑹𐑥𐑱𐑖𐑩𐑯	ˌriː-fɔːRˈmeɪʃən	high	
re-formation	𐑮𐑰𐑓𐑹𐑥𐑱𐑖𐑩𐑯	riːfɔːRmeɪʃən	𐑮𐑰-𐑓𐑹𐑥𐑱𐑖𐑩𐑯	ˌriː-fɔːRˈmeɪʃən	high	
reactionary	𐑮𐑦𐑨𐑒𐑖𐑦𐑯𐑺𐑦	riˈækʃɪˌneəRi	𐑮𐑦𐑨𐑒𐑖𐑩𐑯𐑼𐑦	rɪˈækʃənəri	high	
reactionary	𐑮𐑦𐑨𐑒𐑖𐑩𐑯𐑺𐑦	riˈækʃəˌneəRi	𐑮𐑦𐑨𐑒𐑖𐑩𐑯𐑼𐑦	rɪˈækʃənəri	high	
reactionary	𐑮𐑦𐑨𐑒𐑗𐑦𐑯𐑺𐑦	riˈæktʃɪˌneəRi	𐑮𐑦𐑨𐑒𐑖𐑩𐑯𐑼𐑦	rɪˈækʃənəri	high	
reactionary	𐑮𐑦𐑨𐑒𐑗𐑩𐑯𐑺𐑦	riˈæktʃəˌneəRi	𐑮𐑦𐑨𐑒𐑖𐑩𐑯𐑼𐑦	rɪˈækʃənəri	high	
reactor	𐑮𐑰𐑨𐑒𐑑𐑼	riːæktəR	𐑮𐑦𐑨𐑒𐑑𐑼	rɪˈæktəR	high	
read	𐑮𐑦𐑛	rid	𐑮𐑧𐑛, 𐑮𐑰𐑛	riːd	high	
readability	𐑮𐑦𐑛𐑩𐑚𐑦𐑤𐑩𐑑𐑦	ˌridəˈbɪləti	𐑮𐑰𐑛𐑩𐑚𐑦𐑤𐑦𐑑𐑦	ˌriːdəˈbɪlɪti	high	
readability	𐑮𐑰𐑛𐑩𐑚𐑦𐑤𐑩𐑑𐑦	riːdəbɪləti	𐑮𐑰𐑛𐑩𐑚𐑦𐑤𐑦𐑑𐑦	ˌriːdəˈbɪlɪti	high	
reader	𐑮𐑦𐑛𐑼	ˈridəR	𐑮𐑰𐑛𐑼	ˈriːdəR	high	
readers	𐑮𐑦𐑛𐑼𐑟	ˈridəRz	𐑮𐑰𐑛𐑼𐑟	ˈriːdəRz	high	
readmission	𐑮𐑰𐑨𐑛𐑥𐑦𐑖𐑩𐑯	riːædmɪʃən	𐑮𐑰𐑩𐑛𐑥𐑦𐑖𐑩𐑯	ˌriː+ədˈmɪʃən	high	
real	𐑮𐑦𐑤	rɪl	𐑮𐑱𐑭𐑤, 𐑮𐑾𐑤	rɪəl	high	
real	𐑮𐑦𐑩𐑤	ˈriəl	𐑮𐑱𐑭𐑤, 𐑮𐑾𐑤	rɪəl	high	
real	𐑮𐑰𐑤	riːl	𐑮𐑱𐑭𐑤, 𐑮𐑾𐑤	rɪəl	high	
real	𐑮𐑰𐑩𐑤	riːəl	𐑮𐑱𐑭𐑤, 𐑮𐑾𐑤	rɪəl	high	
real	𐑮𐑱𐑪𐑤	reɪˈɒl	𐑮𐑱𐑭𐑤, 𐑮𐑾𐑤	rɪəl	high	
realised	𐑮𐑦𐑩𐑤𐑲𐑟𐑛	ˈriəlaɪzd	𐑮𐑾𐑤𐑲𐑟𐑛	ˈrɪəlaɪzd	high	
reality	𐑮𐑦𐑨𐑤𐑩𐑑𐑦	riˈæləti	𐑮𐑦𐑨𐑤𐑦𐑑𐑦	rɪˈælɪti	high	
reality	𐑮𐑰𐑨𐑤𐑦𐑑𐑦	riːælɪti	𐑮𐑦𐑨𐑤𐑦𐑑𐑦	rɪˈælɪti	high	
realizable	𐑮𐑦𐑩𐑤𐑲𐑟𐑩𐑚𐑩𐑤	ˌriəˈlaɪzəbəl	𐑮𐑾𐑤𐑲𐑟𐑩𐑚𐑩𐑤	ˌrɪəˈlaɪzəbəl	high	
realization	-𐑤𐑲𐑟𐑱𐑖𐑩𐑯	-laɪˈzeɪʃən	𐑮𐑾𐑤𐑲𐑟𐑱𐑖𐑩𐑯	ˌrɪəlaɪˈzeɪʃən	medium	r_gap:spelling=1,ipa=0
realization	𐑮𐑦𐑩-	riə-	𐑮𐑾𐑤𐑲𐑟𐑱𐑖𐑩𐑯	ˌrɪəlaɪˈzeɪʃən	high	
realization	𐑮𐑦𐑩𐑤𐑦𐑟𐑱𐑖𐑩𐑯	ˌriəlɪˈzeɪʃən	𐑮𐑾𐑤𐑲𐑟𐑱𐑖𐑩𐑯	ˌrɪəlaɪˈzeɪʃən	high	
realize	𐑮𐑦𐑩𐑤𐑲𐑟	ˈriəˌlaɪz	𐑮𐑾𐑤𐑲𐑟	ˈrɪəlaɪz	high	
realized	𐑮𐑦𐑩𐑤𐑲𐑟𐑛	ˈriəlaɪzd	𐑮𐑾𐑤𐑲𐑟𐑛	ˈrɪəlaɪzd	high	
realizing	𐑮𐑦𐑩𐑤𐑲𐑟𐑦𐑙	ˈriəˌlaɪzɪŋ	𐑮𐑾𐑤𐑲𐑟𐑦𐑙	ˈrɪəlaɪzɪŋ	high	
really	-𐑤𐑦	-li	𐑮𐑾𐑤𐑦	ˈrɪəli	medium	r_gap:spelling=1,ipa=0; shave_says:𐑮𐑾𐑤𐑦
really	𐑮𐑦𐑤𐑦	ˈrɪli	𐑮𐑾𐑤𐑦	ˈrɪəli	high	
really	𐑮𐑦𐑩𐑤𐑦	ˈriəli	𐑮𐑾𐑤𐑦	ˈrɪəli	high	
realtor	𐑮𐑦𐑩𐑤𐑑𐑹	ˈriəltɔːR	𐑮𐑾𐑤𐑑𐑼	ˈrɪəltəR	high	
realtor	𐑮𐑦𐑩𐑤𐑑𐑼	ˈriəltər	𐑮𐑾𐑤𐑑𐑼	ˈrɪəltəR	high	
realty	𐑮𐑦𐑩𐑤𐑑𐑦	ˈriəlti	𐑮𐑾𐑤𐑑𐑦	ˈrɪəlti	high	
reap	𐑮𐑦𐑐	rip	𐑮𐑰𐑐	riːp	high	
rear	𐑮𐑦𐑮	rɪr	𐑮𐑽	rɪəR	high	
reared	𐑮𐑦𐑮𐑛	rɪrd	𐑮𐑽𐑛	rɪəRd	high	
rearward	𐑮𐑦𐑮𐑢𐑻𐑛	ˈrirwɜːRd	𐑮𐑽𐑢𐑼𐑛	ˈrɪəRwəRd	high	
rearward	𐑮𐑽𐑢𐑻𐑛	rɪəRwɜːRd	𐑮𐑽𐑢𐑼𐑛	ˈrɪəRwəRd	high	
reason	𐑮𐑦𐑘𐑟𐑩𐑯	rɪjzən	𐑮𐑰𐑟𐑩𐑯	ˈriːzən	high	
reason	𐑮𐑦𐑟𐑩𐑯	ˈrizən	𐑮𐑰𐑟𐑩𐑯	ˈriːzən	high	
reasonable	𐑮𐑦𐑟𐑩𐑯𐑩𐑚𐑤	ˈrizənəbl	𐑮𐑰𐑟𐑩𐑯𐑩𐑚𐑩𐑤	ˈriːzənəbəl	high	
reasonable	𐑮𐑦𐑟𐑩𐑯𐑩𐑚𐑩𐑤	ˈrizənəbəl	𐑮𐑰𐑟𐑩𐑯𐑩𐑚𐑩𐑤	ˈriːzənəbəl	high	
reasonable	𐑮𐑦𐑟𐑯𐑩𐑚𐑤	ˈriznəbl	𐑮𐑰𐑟𐑩𐑯𐑩𐑚𐑩𐑤	ˈriːzənəbəl	high	
reasonable	𐑮𐑦𐑟𐑯𐑩𐑚𐑩𐑤	ˈriznəbəl	𐑮𐑰𐑟𐑩𐑯𐑩𐑚𐑩𐑤	ˈriːzənəbəl	high	
reasonable	𐑮𐑰𐑟𐑩𐑯𐑩𐑚𐑤	riːzənəbl	𐑮𐑰𐑟𐑩𐑯𐑩𐑚𐑩𐑤	ˈriːzənəbəl	high	
reasonable	𐑮𐑰𐑟𐑯𐑩𐑚𐑤	riːznəbl	𐑮𐑰𐑟𐑩𐑯𐑩𐑚𐑩𐑤	ˈriːzənəbəl	high	
reasonable	𐑮𐑰𐑟𐑯𐑩𐑚𐑩𐑤	riːznəbəl	𐑮𐑰𐑟𐑩𐑯𐑩𐑚𐑩𐑤	ˈriːzənəbəl	high	
reassure	𐑮𐑦𐑩𐑖𐑫𐑮	ˌriəˈʃʊr	𐑮𐑰𐑩𐑖𐑫𐑼	ˌriː+əˈʃʊəR	high	
reassure	𐑮𐑦𐑩𐑖𐑫𐑼	riəʃʊər	𐑮𐑰𐑩𐑖𐑫𐑼	ˌriː+əˈʃʊəR	high	
reassure	𐑮𐑦𐑩𐑖𐑻	ˌriəˈʃɜːR	𐑮𐑰𐑩𐑖𐑫𐑼	ˌriː+əˈʃʊəR	high	
reassuring	𐑮𐑰𐑩𐑖𐑹𐑦𐑙	riːəʃɔːrɪŋ	𐑮𐑰𐑩𐑖𐑫𐑼𐑦𐑙	ˌriː+əˈʃʊərɪŋ	high	
rebate	𐑮𐑩𐑚𐑱𐑑	rəˈbeɪt	𐑮𐑰𐑚𐑱𐑑	ˈriːbeɪt	high	
rebelliously	𐑮𐑩𐑚𐑧𐑤𐑘𐑩𐑕𐑤𐑦	rəˈbeljəsli	𐑮𐑦𐑚𐑧𐑤𐑘𐑩𐑕𐑤𐑦	rɪˈbeljəsli	high	
rebirth	𐑮𐑦𐑚𐑻𐑔	riˈbɜːRθ	𐑮𐑰𐑚𐑻𐑔	ˌriːˈbɜːRθ	high	
rebus	𐑮𐑦𐑚𐑩𐑕	ˈribəs	𐑮𐑰𐑚𐑩𐑕	ˈriːbəs	high	
recalibrate	𐑮𐑦𐑒𐑨𐑤𐑩𐑚𐑮𐑱𐑑	ˌriˈkæləbreɪt	𐑮𐑰𐑒𐑨𐑤𐑦𐑚𐑮𐑱𐑑	ˌriːˈkælɪbreɪt	high	
recall	𐑮𐑰𐑒𐑷𐑤	riːkɔːl	𐑮𐑦𐑒𐑷𐑤	rɪˈkɔːl	high	
recapitulate	𐑮𐑰𐑒𐑩𐑐𐑦𐑗𐑫𐑤𐑱𐑑	riːkəpɪtʃʊleɪt	𐑮𐑰𐑒𐑩𐑐𐑦𐑗𐑩𐑤𐑱𐑑	ˌriːkəˈpɪtʃəleɪt	high	
recapitulation	𐑮𐑰𐑒𐑩𐑐𐑦𐑑𐑘𐑩𐑤𐑱𐑖𐑩𐑯	riːkəpɪtjəleɪʃən	𐑮𐑰𐑒𐑩𐑐𐑦𐑗𐑩𐑤𐑱𐑖𐑩𐑯	ˌriːkəˌpɪtʃəˈleɪʃən	high	
receipt	𐑮𐑦𐑕𐑦𐑑	rɪˈsit	𐑮𐑦𐑕𐑰𐑑	rɪˈsiːt	high	
receipts	𐑮𐑦𐑕𐑦𐑑𐑕	rɪˈsits	𐑮𐑦𐑕𐑰𐑑𐑕	rɪˈsiːts	high	
receiver	𐑮𐑩𐑕𐑦𐑝𐑼	rəˈsivəR	𐑮𐑦𐑕𐑰𐑝𐑼	rɪˈsiːvəR	high	
recent	𐑮𐑦𐑕𐑩𐑯𐑑	ˈrisənt	𐑮𐑰𐑕𐑩𐑯𐑑	ˈriːsənt	high	
recently	𐑮𐑦𐑕𐑩𐑯𐑑𐑤𐑦	ˈrisəntli	𐑮𐑰𐑕𐑩𐑯𐑑𐑤𐑦	ˈriːsəntli	high	
receptacle	𐑮𐑦-	ri-	𐑮𐑦𐑕𐑧𐑐𐑑𐑩𐑒𐑩𐑤	rɪˈseptəkəl	high	
receptacle	𐑮𐑩𐑕𐑧𐑐𐑑𐑩𐑒𐑩𐑤	rəˈseptəkəl	𐑮𐑦𐑕𐑧𐑐𐑑𐑩𐑒𐑩𐑤	rɪˈseptəkəl	high	
receptive	𐑮𐑩𐑕𐑧𐑐𐑑𐑦𐑝	rəˈseptɪv	𐑮𐑦𐑕𐑧𐑐𐑑𐑦𐑝	rɪˈseptɪv	high	
recess	𐑮𐑩𐑕𐑧𐑕	rəˈses	𐑮𐑦𐑕𐑧𐑕, 𐑮𐑰𐑕𐑧𐑕	riːˈses	high	
reciprocity	𐑮𐑧𐑕𐑩𐑐𐑮𐑪𐑕𐑩𐑑𐑦	ˌresəˈprɒsəti	𐑮𐑧𐑕𐑦𐑐𐑮𐑪𐑕𐑦𐑑𐑦	ˌresɪˈprɒsɪti	high	
recitation	𐑮𐑧𐑕𐑩𐑑𐑱𐑖𐑩𐑯	ˌresəˈteɪʃən	𐑮𐑧𐑕𐑦𐑑𐑱𐑖𐑩𐑯	ˌresɪˈteɪʃən	high	
reclaim	𐑮𐑰𐑒𐑤𐑱𐑥	riːkleɪm	𐑮𐑦𐑒𐑤𐑱𐑥	rɪˈkleɪm	high	
recognisable	𐑮𐑧𐑒𐑩𐑯𐑲𐑟𐑩𐑚𐑩𐑤	ˈrekənaɪzəbəl	𐑮𐑧𐑒𐑩𐑜𐑯𐑲𐑟𐑩𐑚𐑩𐑤	ˈrekəɡnaɪzəbəl	high	
recollect	𐑮𐑰𐑒𐑩𐑤𐑧𐑒𐑑	riːkəlekt	𐑮𐑧𐑒𐑩𐑤𐑧𐑒𐑑	ˌrekəˈlekt	high	
recon	𐑮𐑦𐑒𐑪𐑯	rɪkɒn	𐑮𐑰𐑒𐑪𐑯	ˈriːkɒn	high	
recondite	𐑮𐑦𐑒𐑪𐑯𐑛𐑲𐑑	rɪkɒndaɪt	𐑮𐑧𐑒𐑩𐑯𐑛𐑲𐑑	ˈrekəndaɪt	high	
recondite	𐑮𐑩𐑒𐑪𐑯𐑛𐑲𐑑	rəˈkɒnˌdaɪt	𐑮𐑧𐑒𐑩𐑯𐑛𐑲𐑑	ˈrekəndaɪt	high	
reconsider	𐑮𐑦𐑒𐑩𐑯𐑕𐑦𐑑𐑼	ˈrikənˌsɪtəR	𐑮𐑰𐑒𐑩𐑯𐑕𐑦𐑛𐑼	ˌriːkənˈsɪdəR	high	
reconsider	𐑮𐑦𐑒𐑩𐑯𐑕𐑦𐑛𐑼	ˈrikənˌsɪdəR	𐑮𐑰𐑒𐑩𐑯𐑕𐑦𐑛𐑼	ˌriːkənˈsɪdəR	high	
reconstruct	𐑮𐑦𐑒𐑩𐑯𐑕𐑑𐑮𐑳𐑒𐑑	ˌrikənˈstrʌkt	𐑮𐑰𐑒𐑩𐑯𐑕𐑑𐑮𐑳𐑒𐑑	ˌriːkənˈstrʌkt	high	
reconstruction	𐑮𐑦𐑒𐑩𐑯𐑕𐑑𐑮𐑳𐑒𐑖𐑩𐑯	ˌrikənˈstrʌkʃən	𐑮𐑰𐑒𐑩𐑯𐑕𐑑𐑮𐑳𐑒𐑖𐑩𐑯	ˌriːkənˈstrʌkʃən	high	
record	𐑮𐑧𐑒𐑼𐑛	ˈrekəRd	𐑮𐑦𐑒𐑹𐑛, 𐑮𐑧𐑒𐑹𐑛	ˈrekɔːRd	high	
record	𐑮𐑩-	rə-	𐑮𐑦𐑒𐑹𐑛, 𐑮𐑧𐑒𐑹𐑛	ˈrekɔːRd	medium	r_gap:spelling=2,ipa=1; shave_says:𐑮𐑧𐑒𐑹𐑛
recorded	-𐑩𐑛	-əd	𐑮𐑦𐑒𐑹𐑛𐑩𐑛	rɪˈkɔːRdƏd	medium	r_gap:spelling=2,ipa=0
recorded	𐑮𐑩-	rə-	𐑮𐑦𐑒𐑹𐑛𐑩𐑛	rɪˈkɔːRdƏd	medium	r_gap:spelling=2,ipa=1; shave_says:𐑮𐑦𐑒𐑹𐑛𐑩𐑛
recorded	𐑮𐑩𐑒𐑹𐑛𐑩𐑛	rəˈkɔːRdƏd	𐑮𐑦𐑒𐑹𐑛𐑩𐑛	rɪˈkɔːRdƏd	high	
recorder	𐑮𐑩-	rə-	𐑮𐑦𐑒𐑹𐑛𐑼	rɪˈkɔːRdəR	medium	r_gap:spelling=3,ipa=1
records	𐑮𐑧𐑒𐑼𐑛𐑟	ˈrekəRdz	𐑮𐑦𐑒𐑹𐑛𐑟, 𐑮𐑧𐑒𐑹𐑛𐑟	ˈrekɔːRdz	high	
records	𐑮𐑩𐑒𐑹𐑛𐑟	rəˈkɔːRdz	𐑮𐑦𐑒𐑹𐑛𐑟, 𐑮𐑧𐑒𐑹𐑛𐑟	ˈrekɔːRdz	high	
recoup	𐑮𐑦𐑒𐑫𐑐	rɪˈkup	𐑮𐑦𐑒𐑵𐑐	rɪˈkuːp	high	
recourse	𐑮𐑰𐑒𐑹𐑕	ˈriːkɔːRs	𐑮𐑦𐑒𐑹𐑕	rɪˈkɔːRs	high	
recover	𐑮𐑩𐑒𐑳𐑝𐑼	rəˈkʌvəR	𐑮𐑦𐑒𐑳𐑝𐑼	rɪˈkʌvəR	high	
recover	𐑮𐑰𐑒𐑳𐑝𐑼	riːkʌvəR	𐑮𐑦𐑒𐑳𐑝𐑼	rɪˈkʌvəR	high	
recoverable	𐑮𐑩-	rə-	𐑮𐑦𐑒𐑳𐑝𐑼𐑩𐑚𐑩𐑤	rɪˈkʌvərəbəl	medium	r_gap:spelling=2,ipa=1
recreant	𐑮𐑧𐑒𐑮𐑦𐑩𐑯𐑑	ˈrekriənt	𐑮𐑧𐑒𐑮𐑾𐑯𐑑	ˈrekrɪənt	high	
recreation	𐑮𐑰𐑒𐑮𐑦𐑱𐑖𐑩𐑯	riːkrieɪʃən	𐑮𐑧𐑒𐑮𐑦𐑱𐑖𐑩𐑯	ˌrekrɪˈeɪʃən	high	
recrudescence	𐑮𐑦𐑒𐑮𐑫𐑛𐑧𐑕𐑩𐑯𐑕	ˌrikruˈdesəns	𐑮𐑰𐑒𐑮𐑵𐑛𐑧𐑕𐑩𐑯𐑕	ˌriːkruːˈdesəns	high	
recrudescence	𐑮𐑧-	re-	𐑮𐑰𐑒𐑮𐑵𐑛𐑧𐑕𐑩𐑯𐑕	ˌriːkruːˈdesəns	medium	r_gap:spelling=2,ipa=1; shave_says:𐑮𐑰𐑒𐑮𐑵𐑛𐑧𐑕𐑩𐑯𐑕
recruit	𐑮𐑦𐑒𐑮𐑫𐑑	rɪˈkrut	𐑮𐑦𐑒𐑮𐑵𐑑	rɪˈkruːt	high	
rectilinear	𐑮𐑧𐑒𐑑𐑦𐑤𐑦𐑯𐑦𐑼	ˌrektɪˈlɪniəR	𐑮𐑧𐑒𐑑𐑦𐑤𐑦𐑯𐑽	ˌrektɪˈlɪnɪəR	high	
rectitude	𐑮𐑧𐑒𐑑𐑩𐑑𐑵𐑛	ˈrektətuːd	𐑮𐑧𐑒𐑑𐑦𐑑𐑵𐑛, 𐑮𐑧𐑒𐑑𐑦𐑑𐑿𐑛	ˈrektɪtjuːd	high	
rectitude	𐑮𐑧𐑒𐑑𐑩𐑑𐑿𐑛	rektətjuːd	𐑮𐑧𐑒𐑑𐑦𐑑𐑵𐑛, 𐑮𐑧𐑒𐑑𐑦𐑑𐑿𐑛	ˈrektɪtjuːd	high	
recurrence	𐑮𐑩𐑒𐑻𐑩𐑯𐑕	rəˈkɜːRəns	𐑮𐑦𐑒𐑳𐑮𐑩𐑯𐑕	rɪˈkʌrəns	medium	r_gap:spelling=3,ipa=2
recurrent	𐑮𐑦𐑒𐑻𐑩𐑯𐑑	rɪˈkɜːRənt	𐑮𐑦𐑒𐑳𐑮𐑩𐑯𐑑	rɪˈkʌrənt	medium	r_gap:spelling=3,ipa=2
recuse	𐑮𐑦𐑒𐑘𐑫𐑟	riˈkjuz	𐑮𐑦𐑒𐑿𐑟	ˈrɪkjuːz	high	
recuse	𐑮𐑩-	rə-	𐑮𐑦𐑒𐑿𐑟	ˈrɪkjuːz	high	
recycle	𐑮𐑦𐑕𐑲𐑒𐑩𐑤	rɪsaɪkəl	𐑮𐑰𐑕𐑲𐑒𐑩𐑤	ˌriːˈsaɪkəl	high	
recycle	𐑮𐑩𐑕𐑲𐑒𐑩𐑤	rəˈsaɪkəl	𐑮𐑰𐑕𐑲𐑒𐑩𐑤	ˌriːˈsaɪkəl	high	
recycle	𐑮𐑰𐑕𐑲𐑒𐑤	riːsaɪkl	𐑮𐑰𐑕𐑲𐑒𐑩𐑤	ˌriːˈsaɪkəl	high	
redcar	𐑮𐑧𐑛𐑒𐑼	redkəR	𐑮𐑧𐑛𐑒𐑸	ˈredkɑːR	high	
redistribute	𐑮𐑦𐑛𐑦𐑕𐑑𐑮𐑦𐑚𐑘𐑫𐑑	ˌridɪˈstrɪbjut	𐑮𐑰𐑛𐑦𐑕𐑑𐑮𐑦𐑚𐑿𐑑	ˌriːdɪˈstrɪbjuːt	high	
redolence	𐑮𐑧𐑛𐑴𐑤𐑩𐑯𐑕	redəʊləns	𐑮𐑧𐑛𐑩𐑤𐑩𐑯𐑕	ˈredələns	high	
redoubtable	-𐑑𐑩-	-tə-	𐑮𐑦𐑛𐑬𐑑𐑩𐑚𐑩𐑤	rɪˈdaʊtəbəl	medium	r_gap:spelling=1,ipa=0
redoubtable	𐑮𐑦-	ri-	𐑮𐑦𐑛𐑬𐑑𐑩𐑚𐑩𐑤	rɪˈdaʊtəbəl	high	
redoubtable	𐑮𐑩𐑛𐑬𐑑𐑩𐑚𐑩𐑤	rəˈdaʊtəbəl	𐑮𐑦𐑛𐑬𐑑𐑩𐑚𐑩𐑤	rɪˈdaʊtəbəl	high	
redress	𐑮𐑩𐑛𐑮𐑧𐑕	rəˈdres	𐑮𐑦𐑛𐑮𐑧𐑕	rɪˈdres	high	
redress	𐑮𐑰𐑛𐑮𐑧𐑕	riːdres	𐑮𐑦𐑛𐑮𐑧𐑕	rɪˈdres	high	
reduce	𐑮𐑦𐑛𐑘𐑫𐑕	rɪˈdjus	𐑮𐑦𐑛𐑵𐑕, 𐑮𐑦𐑛𐑿𐑕	rɪˈdjuːs	high	
reduced	𐑮𐑦𐑛𐑘𐑫𐑕𐑑	rɪˈdjust	𐑮𐑦𐑛𐑵𐑕𐑑, 𐑮𐑦𐑛𐑿𐑕𐑑	rɪˈdjuːst	high	
reduced	𐑮𐑦𐑛𐑫𐑕𐑑	rɪˈdust	𐑮𐑦𐑛𐑵𐑕𐑑, 𐑮𐑦𐑛𐑿𐑕𐑑	rɪˈdjuːst	high	
reduced	𐑮𐑦𐑡𐑵𐑕𐑑	rɪdʒuːst	𐑮𐑦𐑛𐑵𐑕𐑑, 𐑮𐑦𐑛𐑿𐑕𐑑	rɪˈdjuːst	high	
reduces	𐑮𐑦𐑛𐑘𐑫𐑕𐑩𐑟	rɪˈdjusƏz	𐑮𐑦𐑛𐑵𐑕𐑩𐑟, 𐑮𐑦𐑛𐑿𐑕𐑩𐑟	rɪˈdjuːsƏz	high	
reduces	𐑮𐑦𐑡𐑵𐑕𐑩𐑟	rɪdʒuːsƏz	𐑮𐑦𐑛𐑵𐑕𐑩𐑟, 𐑮𐑦𐑛𐑿𐑕𐑩𐑟	rɪˈdjuːsƏz	high	
reducing	𐑮𐑦𐑛𐑘𐑫𐑕𐑦𐑙	rɪˈdjusɪŋ	𐑮𐑦𐑛𐑵𐑕𐑦𐑙, 𐑮𐑦𐑛𐑿𐑕𐑦𐑙	rɪˈdjuːsɪŋ	high	
reducing	𐑮𐑦𐑡𐑵𐑕𐑦𐑙	rɪdʒuːsɪŋ	𐑮𐑦𐑛𐑵𐑕𐑦𐑙, 𐑮𐑦𐑛𐑿𐑕𐑦𐑙	rɪˈdjuːsɪŋ	high	
redundancy	𐑮𐑦𐑛𐑳𐑯𐑛𐑩𐑯𐑑𐑕𐑦	rɪˈdʌndəntsi	𐑮𐑦𐑛𐑳𐑯𐑛𐑩𐑯𐑕𐑦	rɪˈdʌndənsi	high	
redundancy	𐑮𐑩-	rə-	𐑮𐑦𐑛𐑳𐑯𐑛𐑩𐑯𐑕𐑦	rɪˈdʌndənsi	high	
reduplication	-𐑐𐑤𐑦-	-plɪ-	𐑮𐑦𐑛𐑵𐑐𐑤𐑦𐑒𐑱𐑖𐑩𐑯, 𐑮𐑦𐑛𐑿𐑐𐑤𐑦𐑒𐑱𐑖𐑩𐑯	rɪˌdjuːplɪˈkeɪʃən	medium	r_gap:spelling=1,ipa=0
reduplication	-𐑖𐑦𐑯	-ʃɪn	𐑮𐑦𐑛𐑵𐑐𐑤𐑦𐑒𐑱𐑖𐑩𐑯, 𐑮𐑦𐑛𐑿𐑐𐑤𐑦𐑒𐑱𐑖𐑩𐑯	rɪˌdjuːplɪˈkeɪʃən	medium	r_gap:spelling=1,ipa=0
reduplication	𐑮𐑦-	ri-	𐑮𐑦𐑛𐑵𐑐𐑤𐑦𐑒𐑱𐑖𐑩𐑯, 𐑮𐑦𐑛𐑿𐑐𐑤𐑦𐑒𐑱𐑖𐑩𐑯	rɪˌdjuːplɪˈkeɪʃən	high	
reduplication	𐑮𐑩𐑛𐑘𐑫𐑐𐑤𐑩𐑒𐑱𐑖𐑩𐑯	rəˌdjupləˈkeɪʃən	𐑮𐑦𐑛𐑵𐑐𐑤𐑦𐑒𐑱𐑖𐑩𐑯, 𐑮𐑦𐑛𐑿𐑐𐑤𐑦𐑒𐑱𐑖𐑩𐑯	rɪˌdjuːplɪˈkeɪʃən	high	
refer	𐑮𐑦𐑓𐑼	ˈrifəR	𐑮𐑦𐑓𐑻	rɪˈfɜːR	high	
refer	𐑮𐑰𐑓𐑼	riːfəR	𐑮𐑦𐑓𐑻	rɪˈfɜːR	high	
reflate	𐑮𐑦𐑓𐑤𐑱𐑑	rɪfleɪt	𐑮𐑰𐑓𐑤𐑱𐑑	ˌriːˈfleɪt	high	
reflate	𐑮𐑩𐑓𐑤𐑱𐑑	rəˈfleɪt	𐑮𐑰𐑓𐑤𐑱𐑑	ˌriːˈfleɪt	high	
reflated	𐑮𐑦𐑓𐑤𐑱𐑑𐑩𐑛	rɪfleɪtƏd	𐑮𐑰𐑓𐑤𐑱𐑑𐑩𐑛	ˌriːˈfleɪtƏd	high	
reform	𐑮𐑩𐑓𐑹𐑥	rəˈfɔːRm	𐑮𐑦𐑓𐑹𐑥	rɪˈfɔːRm	high	
reform	𐑮𐑰𐑓𐑹𐑥	ˌriːˈfɔːRm	𐑮𐑦𐑓𐑹𐑥	rɪˈfɔːRm	high	
reformation	𐑮𐑦𐑓𐑹𐑥𐑱𐑖𐑩𐑯	ˌrifɔːRˈmeɪʃən	𐑮𐑧𐑓𐑼𐑥𐑱𐑖𐑩𐑯	ˌrefəRˈmeɪʃən	high	
reformation	𐑮𐑧𐑓𐑩𐑥𐑱𐑖𐑩𐑯	refəmeɪʃən	𐑮𐑧𐑓𐑼𐑥𐑱𐑖𐑩𐑯	ˌrefəRˈmeɪʃən	medium	r_gap:spelling=2,ipa=1; shave_says:𐑮𐑧𐑓𐑼𐑥𐑱𐑖𐑩𐑯
reformation	𐑮𐑰𐑓𐑹𐑥𐑱𐑖𐑩𐑯	riːfɔːRmeɪʃən	𐑮𐑧𐑓𐑼𐑥𐑱𐑖𐑩𐑯	ˌrefəRˈmeɪʃən	high	
reformatory	𐑮𐑦𐑓𐑹𐑥𐑩𐑑𐑮𐑦	rɪfɔːrmətri	𐑮𐑦𐑓𐑹𐑥𐑩𐑑𐑼𐑦	rɪˈfɔːRmətəri	high	
reformatory	𐑮𐑩𐑓𐑹𐑥𐑩𐑑𐑹𐑦	rəˈfɔːRməˌtɔːRi	𐑮𐑦𐑓𐑹𐑥𐑩𐑑𐑼𐑦	rɪˈfɔːRmətəri	high	
refugees	𐑮𐑧𐑓𐑘𐑫𐑡𐑦𐑟	ˈrefjudʒiz	𐑮𐑧𐑓𐑘𐑫𐑡𐑰𐑟	ˌrefjʊˈdʒiːz	high	
refulgence	𐑮𐑦𐑓𐑳𐑤𐑡𐑩𐑯𐑑𐑕	rɪfʌldʒənts	𐑮𐑦𐑓𐑳𐑤𐑡𐑩𐑯𐑕	rɪˈfʌldʒəns	high	
refulgence	𐑮𐑩𐑓𐑫𐑤𐑡𐑩𐑯𐑑𐑕	rəˈfʊldʒənts	𐑮𐑦𐑓𐑳𐑤𐑡𐑩𐑯𐑕	rɪˈfʌldʒəns	high	
refulgence	𐑮𐑩𐑓𐑳𐑤𐑡𐑩𐑯𐑑𐑕	rəfʌldʒənts	𐑮𐑦𐑓𐑳𐑤𐑡𐑩𐑯𐑕	rɪˈfʌldʒəns	high	
refurbish	𐑮𐑦𐑓𐑻𐑚𐑦𐑖	riˈfɜːRbɪʃ	𐑮𐑰𐑓𐑻𐑚𐑦𐑖	ˌriːˈfɜːRbɪʃ	high	
refute	𐑮𐑦𐑓𐑘𐑫𐑑	rɪˈfjut	𐑮𐑦𐑓𐑿𐑑	rɪˈfjuːt	high	
refute	𐑮𐑩𐑓𐑘𐑫𐑑	rəˈfjut	𐑮𐑦𐑓𐑿𐑑	rɪˈfjuːt	high	
refute	𐑮𐑩𐑓𐑿𐑑	rəfjuːt	𐑮𐑦𐑓𐑿𐑑	rɪˈfjuːt	high	
regarded	-𐑛𐑩𐑛	-dƏd	𐑮𐑦𐑜𐑸𐑛𐑩𐑛	rɪˈɡɑːRdƏd	medium	r_gap:spelling=2,ipa=0
regarded	𐑮𐑦𐑜𐑸𐑛𐑼𐑛	rɪɡɑːRdəRd	𐑮𐑦𐑜𐑸𐑛𐑩𐑛	rɪˈɡɑːRdƏd	high	
regardful	𐑮𐑦𐑜𐑸𐑛𐑓𐑫𐑤	rɪɡɑːRdfʊl	𐑮𐑦𐑜𐑸𐑛𐑓𐑩𐑤	rɪˈɡɑːRdfəl	high	
regardless	𐑮𐑦𐑜𐑸𐑛𐑤𐑦𐑕	rɪˈɡɑːRdlɪs	𐑮𐑦𐑜𐑸𐑛𐑤𐑩𐑕	rɪˈɡɑːRdləs	high	
register	𐑮𐑧𐑡𐑩𐑕𐑑𐑼	ˈredʒəstəR	𐑮𐑧𐑡𐑦𐑕𐑑𐑼	ˈredʒɪstəR	high	
regression	𐑮𐑰𐑜𐑮𐑧𐑖𐑩𐑯	riːˈɡreʃən	𐑮𐑦𐑜𐑮𐑧𐑖𐑩𐑯	rɪˈɡreʃən	high	
regular	𐑮𐑧𐑜𐑩𐑤𐑼	ˈreɡələR	𐑮𐑧𐑜𐑘𐑩𐑤𐑼	ˈreɡjələR	high	
regularly	𐑮𐑧𐑜𐑘𐑩𐑤𐑦	reɡjəli	𐑮𐑧𐑜𐑘𐑩𐑤𐑼𐑤𐑦	ˈreɡjələRli	medium	r_gap:spelling=2,ipa=1; shave_says:𐑮𐑧𐑜𐑿𐑤𐑼𐑤𐑦
regularly	𐑮𐑧𐑜𐑘𐑩𐑤𐑩𐑤𐑦	reɡjələli	𐑮𐑧𐑜𐑘𐑩𐑤𐑼𐑤𐑦	ˈreɡjələRli	medium	r_gap:spelling=2,ipa=1; shave_says:𐑮𐑧𐑜𐑿𐑤𐑼𐑤𐑦
regulator	𐑮𐑧𐑜𐑘𐑫𐑤𐑱𐑑𐑼	ˈreɡjuleɪtəR	𐑮𐑧𐑜𐑘𐑩𐑤𐑱𐑑𐑼	ˈreɡjəleɪtəR	high	
regulatory	𐑮𐑧𐑜𐑘𐑩𐑤𐑩𐑑𐑹𐑦	reɡjələtɔːri	𐑮𐑧𐑜𐑘𐑩𐑤𐑩𐑑𐑼𐑦	ˈreɡjələtəri	high	
regulatory	𐑮𐑧𐑜𐑘𐑩𐑤𐑱𐑑𐑼𐑦	reɡjəleɪtəri	𐑮𐑧𐑜𐑘𐑩𐑤𐑩𐑑𐑼𐑦	ˈreɡjələtəri	high	
regurgitate	𐑮𐑦𐑜𐑻𐑡𐑩𐑑𐑱𐑑	rɪˈɡɜːRdʒəˌteɪt	𐑮𐑰𐑜𐑻𐑡𐑦𐑑𐑱𐑑	riːˈɡɜːRdʒɪteɪt	high	
rehabilitate	𐑮𐑰𐑣𐑩𐑚𐑦𐑤𐑦𐑑𐑱𐑑	riːhəbɪlɪteɪt	𐑮𐑰𐑩𐑚𐑦𐑤𐑦𐑑𐑱𐑑	ˌriː+əˈbɪlɪteɪt	high	
reindeer	𐑮𐑱𐑯𐑛𐑦𐑮	ˈreɪndɪr	𐑮𐑱𐑯𐑛𐑽	ˈreɪndɪəR	high	
reinforce	𐑮𐑦𐑦𐑯𐑓𐑹𐑕	ˌriɪnˈfɔːRs	𐑮𐑰𐑦𐑯𐑓𐑹𐑕	ˌriːɪnˈfɔːRs	high	
reinforcement	𐑮𐑦𐑦𐑯𐑓𐑹𐑕𐑥𐑩𐑯𐑑	ˌriɪnˈfɔːRsmənt	𐑮𐑰𐑦𐑯𐑓𐑹𐑕𐑥𐑩𐑯𐑑	ˌriːɪnˈfɔːRsmənt	high	
reinsurance	𐑮𐑦𐑦𐑯𐑖𐑫𐑮𐑩𐑯𐑕	ˌriɪnˈʃʊrəns	𐑮𐑰𐑦𐑯𐑖𐑫𐑼𐑩𐑯𐑕	ˌriːɪnˈʃʊərəns	high	
reinsurance	𐑮𐑦𐑦𐑯𐑖𐑻𐑩𐑯𐑕	ˌriɪnˈʃɜːRəns	𐑮𐑰𐑦𐑯𐑖𐑫𐑼𐑩𐑯𐑕	ˌriːɪnˈʃʊərəns	high	
reiterate	𐑮𐑦𐑦𐑑𐑼𐑱𐑑	riˈɪtəreɪt	𐑮𐑰𐑦𐑑𐑼𐑱𐑑	riːˈɪtəreɪt	high	
rejected	𐑮𐑩𐑡𐑧𐑒𐑑𐑩𐑛	rəˈdʒektƏd	𐑮𐑦𐑡𐑧𐑒𐑑𐑩𐑛	rɪˈdʒektƏd	high	
rejig	𐑮𐑦𐑡𐑦𐑜	riˈdʒɪɡ	𐑮𐑰𐑡𐑦𐑜	ˌriːˈdʒɪɡ	high	
rejigging	𐑮𐑦𐑡𐑦𐑜𐑦𐑙	riˈdʒɪɡɪŋ	𐑮𐑰𐑡𐑦𐑜𐑦𐑙	ˌriːˈdʒɪɡɪŋ	high	
relativistic	𐑮𐑧𐑤𐑩𐑑𐑩𐑝𐑦𐑕𐑑𐑦𐑒	relətəvɪstɪk	𐑮𐑧𐑤𐑩𐑑𐑦𐑝𐑦𐑕𐑑𐑦𐑒	ˌrelətɪˈvɪstɪk	high	
relegate	𐑮𐑧𐑤𐑦𐑜𐑩𐑑	relɪɡət	𐑮𐑧𐑤𐑦𐑜𐑱𐑑	ˈrelɪɡeɪt	high	
relegate	𐑮𐑧𐑤𐑩𐑜𐑱𐑑	ˈreləˌɡeɪt	𐑮𐑧𐑤𐑦𐑜𐑱𐑑	ˈrelɪɡeɪt	high	
religiosity	𐑮𐑦𐑤𐑦𐑡𐑦𐑪𐑕𐑩𐑑𐑦	rɪˌlɪdʒɪˈɒsəti	𐑮𐑦𐑤𐑦𐑡𐑦𐑪𐑕𐑦𐑑𐑦	rɪˌlɪdʒiˈɒsɪti	high	
relocate	𐑮𐑦𐑤𐑴𐑒𐑱𐑑	ˌriˈloʊkeɪt	𐑮𐑰𐑤𐑴𐑒𐑱𐑑	ˌriːləʊˈkeɪt	high	
relocate	𐑮𐑰𐑤𐑩𐑒𐑱𐑑	riːləkeɪt	𐑮𐑰𐑤𐑴𐑒𐑱𐑑	ˌriːləʊˈkeɪt	high	
remainder	𐑮𐑩𐑥𐑱𐑯𐑛𐑼	rəmeɪndəR	𐑮𐑦𐑥𐑱𐑯𐑛𐑼	rɪˈmeɪndəR	high	
remand	𐑮𐑩𐑥𐑨𐑯𐑛	rəˈmænd	𐑮𐑦𐑥𐑨𐑯𐑛, 𐑮𐑦𐑥𐑭𐑯𐑛	rɪˈmⱭːnd	high	
remark	𐑮𐑰𐑥𐑸𐑒	riːmɑːRk	𐑮𐑦𐑥𐑸𐑒	rɪˈmɑːRk	high	
remarks	𐑮𐑰𐑥𐑸𐑒𐑕	riːmɑːRks	𐑮𐑦𐑥𐑸𐑒𐑕	rɪˈmɑːRks	high	
remedial	𐑮𐑦𐑥𐑦𐑛𐑦𐑩𐑤	rɪˈmidiəl	𐑮𐑦𐑥𐑰𐑛𐑾𐑤	rɪˈmiːdɪəl	high	
remember	𐑥𐑧𐑥𐑚𐑼	ˈmembəR	𐑮𐑦𐑥𐑧𐑥𐑚𐑼	rɪˈmembəR	medium	r_gap:spelling=2,ipa=1
remember	𐑮𐑦𐑥𐑚𐑼	ˈrɪmbəR	𐑮𐑦𐑥𐑧𐑥𐑚𐑼	rɪˈmembəR	high	
remember	𐑮𐑧𐑥𐑚𐑼	ˈrembəR	𐑮𐑦𐑥𐑧𐑥𐑚𐑼	rɪˈmembəR	high	
remember	𐑮𐑩𐑥𐑧𐑥𐑚𐑼	rəˈmembəR	𐑮𐑦𐑥𐑧𐑥𐑚𐑼	rɪˈmembəR	high	
remission	𐑮𐑩𐑥𐑦𐑖𐑩𐑯	rəˈmɪʃən	𐑮𐑦𐑥𐑦𐑖𐑩𐑯	rɪˈmɪʃən	high	
remix	𐑮𐑦𐑥𐑦𐑒𐑕	ˈriˌmɪks	𐑮𐑰𐑥𐑦𐑒𐑕	ˈriːmɪks	high	
remote	𐑮𐑩𐑥𐑴𐑑	rəməʊt	𐑮𐑦𐑥𐑴𐑑	rɪˈməʊt	high	
remote	𐑮𐑰𐑥𐑴𐑑	riːməʊt	𐑮𐑦𐑥𐑴𐑑	rɪˈməʊt	high	
removal	𐑮𐑦𐑥𐑫𐑝𐑩𐑤	rɪˈmuvəl	𐑮𐑦𐑥𐑵𐑝𐑩𐑤	rɪˈmuːvəl	high	
removal	𐑮𐑩𐑥𐑵𐑝𐑩𐑤	rəˈmuːvəl	𐑮𐑦𐑥𐑵𐑝𐑩𐑤	rɪˈmuːvəl	high	
remuneration	𐑮𐑦𐑥𐑘𐑫𐑯𐑼𐑱𐑖𐑩𐑯	rɪˌmjunəˈreɪʃən	𐑮𐑦𐑥𐑿𐑯𐑼𐑱𐑖𐑩𐑯	rɪˌmjuːnəˈreɪʃən	high	
renaissance	𐑮𐑧𐑯𐑩𐑕𐑪𐑯𐑕	ˈrenəˌsɒns	𐑮𐑦𐑯𐑱𐑕𐑩𐑯𐑕	rɪˈneɪsəns	high	
renaissance	𐑮𐑩𐑯𐑱𐑕𐑩𐑯𐑕	rəneɪsəns	𐑮𐑦𐑯𐑱𐑕𐑩𐑯𐑕	rɪˈneɪsəns	high	
renaissance	𐑮𐑩𐑯𐑱𐑕𐑭𐑯𐑕	rəneɪsɑːns	𐑮𐑦𐑯𐑱𐑕𐑩𐑯𐑕	rɪˈneɪsəns	high	
renal	𐑮𐑦𐑯𐑩𐑤	ˈrinəl	𐑮𐑰𐑯𐑩𐑤	ˈriːnəl	high	
renascence	𐑮𐑦𐑯𐑨𐑕𐑩𐑯𐑕	rɪnasəns	𐑮𐑦𐑯𐑱𐑕𐑩𐑯𐑕	rɪˈneɪsəns	high	
rendezvous	𐑮𐑪𐑯𐑛𐑦𐑝𐑵	rɒndɪvuː	𐑮𐑪𐑯𐑛𐑱𐑝𐑵	ˈrɒndeɪvuː	high	
rendezvous	𐑮𐑪𐑯𐑛𐑩𐑝𐑫	ˈrɒndəˌvu	𐑮𐑪𐑯𐑛𐑱𐑝𐑵	ˈrɒndeɪvuː	high	
rendezvous	𐑮𐑪𐑯𐑛𐑱𐑝𐑫	ˈrɒndeɪˌvu	𐑮𐑪𐑯𐑛𐑱𐑝𐑵	ˈrɒndeɪvuː	high	
rendezvouses	𐑮𐑪𐑯𐑛𐑩𐑝𐑫𐑟	ˈrɒndəˌvuz	𐑮𐑪𐑯𐑛𐑱𐑝𐑵𐑟	ˈrɒndeɪvuːz	high	
rendezvouses	𐑮𐑪𐑯𐑛𐑱𐑝𐑫𐑟	ˈrɒndeɪˌvuz	𐑮𐑪𐑯𐑛𐑱𐑝𐑵𐑟	ˈrɒndeɪvuːz	high	
renegade	𐑮𐑧𐑯𐑩𐑜𐑱𐑛	renəɡeɪd	𐑮𐑧𐑯𐑦𐑜𐑱𐑛	ˈrenɪɡeɪd	high	
renege	𐑮𐑦𐑯𐑦𐑜	rɪˈnɪɡ	𐑮𐑦𐑯𐑧𐑜	rɪˈneɡ	high	
renege	𐑮𐑦𐑯𐑰𐑜	rɪniːɡ	𐑮𐑦𐑯𐑧𐑜	rɪˈneɡ	high	
renege	𐑮𐑦𐑯𐑱𐑜	rɪˈneɪɡ	𐑮𐑦𐑯𐑧𐑜	rɪˈneɡ	high	
renege	𐑮𐑰-	riː-	𐑮𐑦𐑯𐑧𐑜	rɪˈneɡ	high	
renew	𐑮𐑦𐑯𐑫	rɪˈnu	𐑮𐑦𐑯𐑵, 𐑮𐑦𐑯𐑿	rɪˈnjuː	high	
renewable	𐑮𐑦𐑯𐑫𐑩𐑚𐑩𐑤	rɪˈnuəbəl	𐑮𐑦𐑯𐑵𐑩𐑚𐑩𐑤, 𐑮𐑦𐑯𐑿𐑩𐑚𐑩𐑤	rɪˈnjuːəbəl	high	
renovate	𐑮𐑧𐑯𐑴𐑝𐑱𐑑	renəʊveɪt	𐑮𐑧𐑯𐑩𐑝𐑱𐑑	ˈrenəveɪt	high	
reorientate	𐑮𐑦𐑹𐑦𐑧𐑯𐑑𐑱𐑑	riˈɔːRienteɪt	𐑮𐑰𐑹𐑾𐑯𐑑𐑱𐑑	riːˈɔːrɪənteɪt	high	
repair	𐑮𐑦𐑐𐑧𐑮	rɪˈper	𐑮𐑦𐑐𐑺	rɪˈpeəR	high	
repair	𐑮𐑩𐑐𐑧𐑮	rəˈper	𐑮𐑦𐑐𐑺	rɪˈpeəR	high	
repair	𐑮𐑩𐑐𐑺	rəˈpeəR	𐑮𐑦𐑐𐑺	rɪˈpeəR	high	
repair	𐑮𐑰𐑐𐑺	riːpeəR	𐑮𐑦𐑐𐑺	rɪˈpeəR	high	
repaired	𐑮𐑦𐑐𐑧𐑮𐑛	rɪˈperd	𐑮𐑦𐑐𐑺𐑛	rɪˈpeəRd	high	
repartee	𐑮𐑧𐑐𐑸𐑑𐑱	ˌrepɑːRˈteɪ	𐑮𐑧𐑐𐑸𐑑𐑰	ˌrepɑːRˈtiː	high	
repast	-𐑐𐑨𐑕𐑑	-pæst	𐑮𐑦𐑐𐑨𐑕𐑑, 𐑮𐑦𐑐𐑭𐑕𐑑	rɪˈpⱭːst	medium	r_gap:spelling=1,ipa=0; shave_says:𐑮𐑦𐑐𐑭𐑕𐑑
repast	𐑮𐑩-	rə-	𐑮𐑦𐑐𐑨𐑕𐑑, 𐑮𐑦𐑐𐑭𐑕𐑑	rɪˈpⱭːst	high	
repeal	𐑮𐑩𐑐𐑰𐑤	rəˈpiːl	𐑮𐑦𐑐𐑰𐑤	rɪˈpiːl	high	
repealed	𐑮𐑩𐑐𐑦𐑤𐑛	rəˈpild	𐑮𐑦𐑐𐑰𐑤𐑛	rɪˈpiːld	high	
repeatable	𐑮𐑦𐑐𐑦𐑑𐑩𐑚𐑤	rɪˈpitəbl	𐑮𐑦𐑐𐑰𐑑𐑩𐑚𐑩𐑤	rɪˈpiːtəbəl	high	
repeatable	𐑮𐑦𐑐𐑦𐑑𐑩𐑚𐑩𐑤	rɪˈpitəbəl	𐑮𐑦𐑐𐑰𐑑𐑩𐑚𐑩𐑤	rɪˈpiːtəbəl	high	
repellent	𐑮𐑩𐑐𐑧𐑤𐑩𐑯𐑑	rəpelənt	𐑮𐑦𐑐𐑧𐑤𐑩𐑯𐑑	rɪˈpelənt	high	
repercussion	𐑮𐑦𐑐𐑼𐑒𐑳𐑖𐑩𐑯	ˌripəRˈkʌʃən	𐑮𐑰𐑐𐑼𐑒𐑳𐑖𐑩𐑯	ˌriːpəRˈkʌʃən	high	
repercussion	𐑮𐑧𐑐𐑼𐑒𐑳𐑖𐑩𐑯	ˌrepəRˈkʌʃən	𐑮𐑰𐑐𐑼𐑒𐑳𐑖𐑩𐑯	ˌriːpəRˈkʌʃən	high	
repercussion	𐑮𐑰𐑐𐑩𐑒𐑳𐑖𐑩𐑯	riːpəkʌʃən	𐑮𐑰𐑐𐑼𐑒𐑳𐑖𐑩𐑯	ˌriːpəRˈkʌʃən	medium	r_gap:spelling=2,ipa=1; shave_says:𐑮𐑰𐑐𐑼𐑒𐑳𐑕𐑾𐑯
repertoire	𐑮𐑧𐑐𐑩𐑑𐑢𐑭	repətwɑː	𐑮𐑧𐑐𐑼𐑑𐑢𐑸	ˈrepəRtwɑːR	medium	r_gap:spelling=3,ipa=1; shave_says:𐑮𐑧𐑐𐑼𐑑𐑢𐑸
repertoire	𐑮𐑧𐑐𐑩𐑑𐑢𐑸	ˈrepətwɑːR	𐑮𐑧𐑐𐑼𐑑𐑢𐑸	ˈrepəRtwɑːR	medium	r_gap:spelling=3,ipa=2
repertory	𐑮𐑧𐑐𐑩𐑑𐑮𐑦	repətri	𐑮𐑧𐑐𐑼𐑑𐑼𐑦	ˈrepəRtəri	medium	r_gap:spelling=3,ipa=2; shave_says:𐑮𐑧𐑐𐑼𐑑𐑼𐑦
repertory	𐑮𐑧𐑐𐑼𐑑𐑴𐑮𐑦	ˈrepərˌtoʊri	𐑮𐑧𐑐𐑼𐑑𐑼𐑦	ˈrepəRtəri	high	
repertory	𐑮𐑧𐑐𐑼𐑑𐑹𐑦	ˈrepərˌtɔːRi	𐑮𐑧𐑐𐑼𐑑𐑼𐑦	ˈrepəRtəri	high	
repine	𐑮𐑩-	rə-	𐑮𐑦𐑐𐑲𐑯	rɪˈpaɪn	high	
replicate	𐑮𐑧𐑐𐑤𐑩𐑒𐑩𐑑	repləkət	𐑮𐑧𐑐𐑤𐑦𐑒𐑱𐑑	ˈreplɪkeɪt	high	
replicate	𐑮𐑧𐑐𐑤𐑩𐑒𐑱𐑑	ˈrepləˌkeɪt	𐑮𐑧𐑐𐑤𐑦𐑒𐑱𐑑	ˈreplɪkeɪt	high	
report	𐑮𐑦𐑐𐑪𐑮𐑑	rɪˈport	𐑮𐑦𐑐𐑹𐑑	rɪˈpɔːRt	high	
report	𐑮𐑩𐑐𐑪𐑮𐑑	rəˈport	𐑮𐑦𐑐𐑹𐑑	rɪˈpɔːRt	high	
reportage	𐑮𐑦𐑐𐑹𐑑𐑦𐑡	rɪpɔːRtɪdʒ	𐑮𐑧𐑐𐑹𐑑𐑭𐑠	ˌrepɔːRˈtɑːʒ	high	
reportage	𐑮𐑧𐑐𐑹𐑑𐑸𐑠	repɔːRtɑːRʒ	𐑮𐑧𐑐𐑹𐑑𐑭𐑠	ˌrepɔːRˈtɑːʒ	high	
reporter	𐑮𐑦𐑐𐑪𐑮𐑑𐑼	rɪˈportəR	𐑮𐑦𐑐𐑹𐑑𐑼	rɪˈpɔːRtəR	high	
reporters	𐑮𐑦𐑐𐑪𐑮𐑑𐑼𐑟	rɪˈportəRz	𐑮𐑦𐑐𐑹𐑑𐑼𐑟	rɪˈpɔːRtəRz	high	
repose	𐑮𐑦-	ri-	𐑮𐑦𐑐𐑴𐑟	rɪˈpəʊz	high	
repose	𐑮𐑩𐑐𐑴𐑟	rəˈpoʊz	𐑮𐑦𐑐𐑴𐑟	rɪˈpəʊz	high	
repository	𐑮𐑦𐑐𐑪𐑟𐑦𐑑𐑹𐑦	rɪˈpɒzɪˌtɔːRi	𐑮𐑦𐑐𐑪𐑟𐑦𐑑𐑼𐑦	rɪˈpɒzɪtəri	high	
reprehensible	𐑮𐑧𐑐𐑮𐑩𐑣𐑧𐑯𐑕𐑩𐑚𐑩𐑤	ˌreprəˈhensəbəl	𐑮𐑧𐑐𐑮𐑦𐑣𐑧𐑯𐑕𐑩𐑚𐑩𐑤	ˌreprɪˈhensəbəl	high	
represents	𐑮𐑧𐑐𐑮𐑩𐑟𐑧𐑯𐑑𐑕	ˌreprəˈzents	𐑮𐑧𐑐𐑮𐑦𐑟𐑧𐑯𐑑𐑕, 𐑮𐑰𐑐𐑮𐑦𐑟𐑧𐑯𐑑𐑕	ˌreprɪˈzents	high	
reproduce	𐑮𐑦𐑐𐑮𐑩𐑛𐑫𐑕	ˌriprəˈdus	𐑮𐑰𐑐𐑮𐑩𐑛𐑵𐑕, 𐑮𐑰𐑐𐑮𐑩𐑛𐑿𐑕	ˌriːprəˈdjuːs	high	
reproduce	𐑮𐑰𐑐𐑮𐑩𐑡𐑵𐑕	riːprədʒuːs	𐑮𐑰𐑐𐑮𐑩𐑛𐑵𐑕, 𐑮𐑰𐑐𐑮𐑩𐑛𐑿𐑕	ˌriːprəˈdjuːs	high	
reprove	𐑮𐑰𐑐𐑮𐑵𐑝	riːpruːv	𐑮𐑦𐑐𐑮𐑵𐑝	rɪˈpruːv	high	
reptile	𐑮𐑧𐑐𐑑𐑲𐑩𐑤	ˈreptaɪəl	𐑮𐑧𐑐𐑑𐑲𐑤	ˈreptaɪl	high	
reptilian	𐑮𐑧𐑐𐑑𐑦𐑤𐑘𐑩𐑯	repˈtɪljən	𐑮𐑧𐑐𐑑𐑦𐑤𐑾𐑯	repˈtɪlɪən	high	
reptilian	𐑮𐑧𐑐𐑑𐑦𐑤𐑦𐑩𐑯	reptɪliən	𐑮𐑧𐑐𐑑𐑦𐑤𐑾𐑯	repˈtɪlɪən	high	
repudiation	𐑮𐑩𐑐𐑘𐑫𐑛𐑦𐑱𐑖𐑩𐑯	rəˌpjudiˈeɪʃən	𐑮𐑦𐑐𐑿𐑛𐑦𐑱𐑖𐑩𐑯	rɪˌpjuːdɪˈeɪʃən	high	
reputed	𐑮𐑦𐑐𐑘𐑫𐑑𐑩𐑛	rɪˈpjutƏd	𐑮𐑦𐑐𐑿𐑑𐑩𐑛	rɪˈpjuːtƏd	high	
requests	𐑮𐑩𐑒𐑢𐑧𐑕𐑑𐑕	rəˈkwests	𐑮𐑦𐑒𐑢𐑧𐑕𐑑𐑕	rɪˈkwests	high	
require	𐑮𐑦𐑒𐑢𐑲𐑮	rɪˈkwaɪr	𐑮𐑦𐑒𐑢𐑲𐑼	rɪˈkwaɪəR	high	
required	𐑮𐑦𐑒𐑢𐑲𐑮𐑛	rɪˈkwaɪrd	𐑮𐑦𐑒𐑢𐑲𐑼𐑛	rɪˈkwaɪəRd	high	
requirement	𐑮𐑦𐑒𐑢𐑲𐑮𐑥𐑩𐑯𐑑	rɪˈkwaɪrmənt	𐑮𐑦𐑒𐑢𐑲𐑼𐑥𐑩𐑯𐑑	rɪˈkwaɪəRmənt	high	
requirement	𐑮𐑦𐑒𐑢𐑳𐑾𐑥𐑩𐑯𐑑	rɪkwʌɪəmənt	𐑮𐑦𐑒𐑢𐑲𐑼𐑥𐑩𐑯𐑑	rɪˈkwaɪəRmənt	medium	r_gap:spelling=2,ipa=1; shave_says:𐑮𐑦𐑒𐑢𐑲𐑼𐑥𐑩𐑯𐑑
requirement	𐑮𐑦𐑒𐑢𐑸𐑥𐑩𐑯𐑑	rɪˈkwɑːRmənt	𐑮𐑦𐑒𐑢𐑲𐑼𐑥𐑩𐑯𐑑	rɪˈkwaɪəRmənt	high	
requirements	𐑮𐑦𐑒𐑢𐑲𐑮𐑥𐑩𐑯𐑑𐑕	rɪkwaɪrmənts	𐑮𐑦𐑒𐑢𐑲𐑼𐑥𐑩𐑯𐑑𐑕	rɪˈkwaɪəRmənts	high	
requirements	𐑮𐑦𐑒𐑢𐑳𐑾𐑥𐑩𐑯𐑑𐑕	rɪkwʌɪəmənts	𐑮𐑦𐑒𐑢𐑲𐑼𐑥𐑩𐑯𐑑𐑕	rɪˈkwaɪəRmənts	medium	r_gap:spelling=2,ipa=1; shave_says:𐑮𐑦𐑒𐑢𐑲𐑼𐑥𐑩𐑯𐑑𐑕
requires	𐑮𐑦𐑒𐑢𐑲𐑩𐑟	rɪkwaɪəz	𐑮𐑦𐑒𐑢𐑲𐑼𐑟	rɪˈkwaɪəRz	medium	r_gap:spelling=2,ipa=1; shave_says:𐑮𐑦𐑒𐑢𐑲𐑼𐑟
requires	𐑮𐑦𐑒𐑢𐑲𐑮𐑟	rɪˈkwaɪrz	𐑮𐑦𐑒𐑢𐑲𐑼𐑟	rɪˈkwaɪəRz	high	
requiring	𐑮𐑦𐑒𐑢𐑲𐑮𐑦𐑙	rɪˈkwaɪrɪŋ	𐑮𐑦𐑒𐑢𐑲𐑼𐑦𐑙	rɪˈkwaɪərɪŋ	high	
requite	𐑮𐑦-	ri-	𐑮𐑦𐑒𐑢𐑲𐑑	rɪˈkwaɪt	high	
requite	𐑮𐑩𐑒𐑢𐑲𐑑	rəˈkwaɪt	𐑮𐑦𐑒𐑢𐑲𐑑	rɪˈkwaɪt	high	
reredos	𐑮𐑦𐑩𐑛𐑪𐑕	riədɒs	𐑮𐑽𐑛𐑪𐑕	ˈrɪəRdɒs	medium	r_gap:spelling=2,ipa=1; shave_says:𐑮𐑽𐑩𐑛𐑪𐑕
rerun	𐑮𐑦𐑮𐑳𐑯	ˈrirʌn	𐑮𐑰𐑮𐑳𐑯	ˈriːˌrʌn	high	
rescue	𐑮𐑧𐑕𐑒𐑘𐑫	ˈreskju	𐑮𐑧𐑕𐑒𐑿	ˈreskjuː	high	
research	𐑮𐑦-	rɪ-	𐑮𐑦𐑕𐑻𐑗	rɪˈsɜːRtʃ	medium	r_gap:spelling=2,ipa=1
researcher	𐑮𐑰𐑕𐑻𐑗𐑼	riːsɜːRtʃəR	𐑮𐑦𐑕𐑻𐑗𐑼	rɪˈsɜːRtʃəR	high	
researches	𐑮𐑰𐑕𐑼𐑗𐑩𐑟	ˈriːsəRtʃƏz	𐑮𐑦𐑕𐑻𐑗𐑩𐑟	rɪˈsɜːRtʃƏz	high	
resemblance	𐑮𐑩𐑟𐑧𐑥𐑚𐑤𐑩𐑯𐑕	rəˈzembləns	𐑮𐑦𐑟𐑧𐑥𐑚𐑤𐑩𐑯𐑕	rɪˈzembləns	high	
reservoir	𐑮𐑧𐑟𐑩𐑝𐑢𐑸	rezəvwɑːr	𐑮𐑧𐑟𐑼𐑝𐑢𐑸	ˈrezəRvwɑːR	medium	r_gap:spelling=3,ipa=2; shave_says:𐑮𐑧𐑟𐑼𐑝𐑢𐑸
reservoir	𐑮𐑧𐑟𐑼𐑝𐑢𐑹	ˈrezərvwɔːR	𐑮𐑧𐑟𐑼𐑝𐑢𐑸	ˈrezəRvwɑːR	high	
reservoir	𐑮𐑧𐑟𐑼𐑝𐑹	ˈrezərvɔːR	𐑮𐑧𐑟𐑼𐑝𐑢𐑸	ˈrezəRvwɑːR	high	
residual	𐑮𐑦𐑟𐑦𐑡𐑩𐑤	rɪˈzɪdʒəl	𐑮𐑦𐑟𐑦𐑡𐑫𐑩𐑤	rɪˈzɪdʒuəl	high	
residual	𐑮𐑩-	rə-	𐑮𐑦𐑟𐑦𐑡𐑫𐑩𐑤	rɪˈzɪdʒuəl	high	
resistless	𐑮𐑩𐑟𐑦𐑕𐑑𐑤𐑩𐑕	rəˈzɪstləs	𐑮𐑦𐑟𐑦𐑕𐑑𐑤𐑩𐑕	rɪˈzɪstləs	high	
resolutely	𐑮𐑧𐑟𐑩𐑤𐑫𐑑𐑤𐑦	ˈrezəˌlutli	𐑮𐑧𐑟𐑩𐑤𐑵𐑑𐑤𐑦	ˈrezəluːtli	high	
resolutely	𐑮𐑧𐑟𐑩𐑤𐑿𐑑𐑤𐑦	rezəljuːtli	𐑮𐑧𐑟𐑩𐑤𐑵𐑑𐑤𐑦	ˈrezəluːtli	high	
resolution	𐑮𐑧𐑟𐑩𐑤𐑘𐑫𐑖𐑩𐑯	rezəljuʃən	𐑮𐑧𐑟𐑩𐑤𐑵𐑖𐑩𐑯	ˌrezəˈluːʃən	high	
resolve	𐑮𐑦𐑟𐑷𐑤𐑝	rɪˈzɔːlv	𐑮𐑦𐑟𐑪𐑤𐑝	rɪˈzɒlv	high	
resolve	𐑮𐑰𐑟𐑪𐑤𐑝	riːzɒlv	𐑮𐑦𐑟𐑪𐑤𐑝	rɪˈzɒlv	high	
resound	𐑮𐑦-	ri-	𐑮𐑦𐑟𐑬𐑯𐑛	rɪˈzaʊnd	high	
resound	𐑮𐑦𐑕𐑬𐑯𐑛	ˌriˈsaʊnd	𐑮𐑦𐑟𐑬𐑯𐑛	rɪˈzaʊnd	high	
resound	𐑮𐑩𐑟𐑬𐑯𐑛	rəˈzaʊnd	𐑮𐑦𐑟𐑬𐑯𐑛	rɪˈzaʊnd	high	
resound	𐑮𐑰𐑕𐑬𐑯𐑛	riːsaʊnd	𐑮𐑦𐑟𐑬𐑯𐑛	rɪˈzaʊnd	high	
resounding	𐑮𐑰𐑕𐑬𐑯𐑛𐑦𐑙	riːsaʊndɪŋ	𐑮𐑦𐑟𐑬𐑯𐑛𐑦𐑙	rɪˈzaʊndɪŋ	high	
resource	𐑮𐑦𐑕𐑹𐑕	rɪsɔːRs	𐑮𐑦𐑟𐑹𐑕	rɪˈzɔːRs	high	
resources	𐑮𐑦𐑕𐑹𐑕𐑩𐑟	ˈrisɔːRsƏz	𐑮𐑦𐑟𐑹𐑕𐑩𐑟	rɪˈzɔːRsƏz	high	
respiratory	𐑮𐑦𐑕𐑐𐑦𐑮𐑩𐑑𐑮𐑦	rɪspɪrətri	𐑮𐑦𐑕𐑐𐑦𐑮𐑩𐑑𐑼𐑦	rɪˈspɪrətəri	high	
respiratory	𐑮𐑦𐑕𐑐𐑲𐑮𐑩𐑑𐑹𐑦	rɪˈspaɪrəˌtɔːRi	𐑮𐑦𐑕𐑐𐑦𐑮𐑩𐑑𐑼𐑦	rɪˈspɪrətəri	high	
respiratory	𐑮𐑦𐑕𐑐𐑳𐑦𐑮𐑩𐑑𐑮𐑦	rɪspʌɪrətri	𐑮𐑦𐑕𐑐𐑦𐑮𐑩𐑑𐑼𐑦	rɪˈspɪrətəri	high	
respiratory	𐑮𐑦𐑕𐑐𐑳𐑦𐑮𐑩𐑑𐑼𐑦	rɪspʌɪrətəri	𐑮𐑦𐑕𐑐𐑦𐑮𐑩𐑑𐑼𐑦	rɪˈspɪrətəri	high	
respiratory	𐑮𐑧𐑕𐑐𐑩𐑑𐑹𐑦	ˈrespəˌtɔːRi	𐑮𐑦𐑕𐑐𐑦𐑮𐑩𐑑𐑼𐑦	rɪˈspɪrətəri	medium	r_gap:spelling=3,ipa=2
respiratory	𐑮𐑧𐑕𐑐𐑮𐑩𐑑𐑮𐑦	resprətri	𐑮𐑦𐑕𐑐𐑦𐑮𐑩𐑑𐑼𐑦	rɪˈspɪrətəri	high	
respiratory	𐑮𐑧𐑕𐑐𐑮𐑩𐑑𐑹𐑦	ˈresprəˌtɔːRi	𐑮𐑦𐑕𐑐𐑦𐑮𐑩𐑑𐑼𐑦	rɪˈspɪrətəri	high	
respiratory	𐑮𐑧𐑕𐑐𐑼𐑩𐑑𐑮𐑦	respərətri	𐑮𐑦𐑕𐑐𐑦𐑮𐑩𐑑𐑼𐑦	rɪˈspɪrətəri	high	
respiratory	𐑮𐑧𐑕𐑐𐑼𐑩𐑑𐑹𐑦	ˈrespərəˌtɔːRi	𐑮𐑦𐑕𐑐𐑦𐑮𐑩𐑑𐑼𐑦	rɪˈspɪrətəri	high	
respiratory	𐑮𐑧𐑕𐑐𐑼𐑩𐑑𐑼𐑦	respərətəri	𐑮𐑦𐑕𐑐𐑦𐑮𐑩𐑑𐑼𐑦	rɪˈspɪrətəri	high	
respire	𐑮𐑦𐑕𐑐𐑲𐑮	rɪˈspaɪr	𐑮𐑦𐑕𐑐𐑲𐑼	rɪˈspaɪəR	high	
respire	𐑮𐑦𐑕𐑐𐑳𐑽	rɪspʌɪəR	𐑮𐑦𐑕𐑐𐑲𐑼	rɪˈspaɪəR	high	
respite	𐑮𐑧𐑕𐑐𐑦𐑑	respɪt	𐑮𐑧𐑕𐑐𐑲𐑑	ˈrespaɪt	high	
respond	𐑮𐑩𐑕𐑐𐑪𐑯𐑛	rəspɒnd	𐑮𐑦𐑕𐑐𐑪𐑯𐑛	rɪˈspɒnd	high	
responded	𐑮𐑩𐑕𐑐𐑪𐑯𐑛𐑩𐑛	rəspɒndƏd	𐑮𐑦𐑕𐑐𐑪𐑯𐑛𐑩𐑛	rɪˈspɒndƏd	high	
responder	𐑮𐑩𐑕𐑐𐑪𐑯𐑛𐑼	rəspɒndəR	𐑮𐑦𐑕𐑐𐑪𐑯𐑛𐑼	rɪˈspɒndəR	high	
responsibilities	𐑮𐑦𐑕𐑐𐑪𐑯𐑕𐑩𐑚𐑦𐑤𐑩𐑑𐑦𐑟	rɪˌspɒnsəˈbɪlətiz	𐑮𐑦𐑕𐑐𐑪𐑯𐑕𐑩𐑚𐑦𐑤𐑦𐑑𐑦𐑟	rɪˌspɒnsəˈbɪlɪtiz	high	
responsibility	𐑮𐑦𐑕𐑐𐑪𐑯𐑕𐑩𐑚𐑦𐑤𐑩𐑑𐑦	rɪˌspɒnsəˈbɪləti	𐑮𐑦𐑕𐑐𐑪𐑯𐑕𐑩𐑚𐑦𐑤𐑦𐑑𐑦	rɪˌspɒnsəˈbɪlɪti	high	
responsible	𐑮𐑦𐑕𐑐𐑪𐑯𐑕𐑩𐑚𐑤	rɪspɒnsəbl	𐑮𐑦𐑕𐑐𐑪𐑯𐑕𐑩𐑚𐑩𐑤	rɪˈspɒnsəbəl	high	
restart	𐑮𐑦𐑕𐑑𐑸𐑑	ˌrɪˈstɑːRt	𐑮𐑰𐑕𐑑𐑸𐑑	riːˈstɑːRt	high	
restatement	𐑮𐑦𐑕𐑑𐑱𐑑𐑥𐑩𐑯𐑑	riˈsteɪtmənt	𐑮𐑰𐑕𐑑𐑱𐑑𐑥𐑩𐑯𐑑	ˌriːˈsteɪtmənt	high	
restaurant	𐑮𐑧𐑕𐑑𐑼𐑩𐑯𐑑	restərənt	𐑮𐑧𐑕𐑑𐑼𐑪𐑯𐑑	ˈrestərɒnt	high	
restitution	𐑮𐑧𐑕𐑑𐑦𐑑𐑘𐑫𐑖𐑩𐑯	restɪtjuʃən	𐑮𐑧𐑕𐑑𐑦𐑑𐑵𐑖𐑩𐑯, 𐑮𐑧𐑕𐑑𐑦𐑑𐑿𐑖𐑩𐑯	ˌrestɪˈtjuːʃən	high	
restitution	𐑮𐑧𐑕𐑑𐑦𐑑𐑫𐑖𐑩𐑯	ˌrestɪˈtuʃən	𐑮𐑧𐑕𐑑𐑦𐑑𐑵𐑖𐑩𐑯, 𐑮𐑧𐑕𐑑𐑦𐑑𐑿𐑖𐑩𐑯	ˌrestɪˈtjuːʃən	high	
restore	𐑮𐑦𐑕𐑑𐑪𐑮	rɪˈstor	𐑮𐑦𐑕𐑑𐑹	rɪˈstɔːR	high	
restroom	𐑮𐑧𐑕𐑑𐑮𐑫𐑥	ˈrestˌrum	𐑮𐑧𐑕𐑑𐑮𐑵𐑥	ˈrestruːm	high	
resume	𐑮𐑦𐑟𐑿𐑥𐑱	rɪzjuːmeɪ	𐑮𐑦𐑟𐑿𐑥, 𐑮𐑧𐑟𐑿𐑥𐑱	ˈrezjuːmeɪ	high	
resume	𐑮𐑧𐑟𐑘𐑩𐑥𐑱	rezjəmeɪ	𐑮𐑦𐑟𐑿𐑥, 𐑮𐑧𐑟𐑿𐑥𐑱	ˈrezjuːmeɪ	high	
resume	𐑮𐑧𐑟𐑩𐑥𐑱	ˈrezəmeɪ	𐑮𐑦𐑟𐑿𐑥, 𐑮𐑧𐑟𐑿𐑥𐑱	ˈrezjuːmeɪ	high	
resumed	𐑮𐑦𐑟𐑫𐑥𐑛	rɪˈzumd	𐑮𐑦𐑟𐑿𐑥𐑛	rɪˈzjuːmd	high	
retail	𐑮𐑦𐑑𐑱𐑤	ˈriˌteɪl	𐑮𐑰𐑑𐑱𐑤	ˈriːteɪl	high	
retailer	𐑮𐑦𐑑𐑱𐑤𐑼	ˈriteɪləR	𐑮𐑰𐑑𐑱𐑤𐑼	ˈriːteɪləR	high	
retain	𐑮𐑦-	ri-	𐑮𐑦𐑑𐑱𐑯	rɪˈteɪn	high	
retain	𐑮𐑩𐑑𐑱𐑯	rəˈteɪn	𐑮𐑦𐑑𐑱𐑯	rɪˈteɪn	high	
retainer	𐑮𐑩𐑑𐑱𐑯𐑼	rəˈteɪnəR	𐑮𐑦𐑑𐑱𐑯𐑼	rɪˈteɪnəR	high	
retains	𐑮𐑦-	ri-	𐑮𐑦𐑑𐑱𐑯𐑟	rɪˈteɪnz	high	
retains	𐑮𐑩𐑑𐑱𐑯𐑟	rəˈteɪnz	𐑮𐑦𐑑𐑱𐑯𐑟	rɪˈteɪnz	high	
retaliation	-𐑖𐑦𐑯	-ʃɪn	𐑮𐑦𐑑𐑨𐑤𐑦𐑱𐑖𐑩𐑯	rɪˌtælɪˈeɪʃən	medium	r_gap:spelling=1,ipa=0
retaliation	𐑮𐑦-	ri-	𐑮𐑦𐑑𐑨𐑤𐑦𐑱𐑖𐑩𐑯	rɪˌtælɪˈeɪʃən	high	
retaliation	𐑮𐑩-	rə-	𐑮𐑦𐑑𐑨𐑤𐑦𐑱𐑖𐑩𐑯	rɪˌtælɪˈeɪʃən	high	
retardation	𐑮𐑦𐑑𐑸𐑛𐑱𐑖𐑩𐑯	ˌritɑːRˈdeɪʃən	𐑮𐑰𐑑𐑸𐑛𐑱𐑖𐑩𐑯	ˌriːtɑːRˈdeɪʃən	high	
retardations	𐑮𐑦𐑑𐑸𐑛𐑱𐑖𐑩𐑯𐑟	ˌritɑːRˈdeɪʃənz	𐑮𐑰𐑑𐑸𐑛𐑱𐑖𐑩𐑯𐑟	ˌriːtɑːRˈdeɪʃənz	high	
rethought	𐑮𐑦𐑔𐑷𐑑	riˈθɔːt	𐑮𐑰𐑔𐑷𐑑	ˌriːˈθɔːt	high	
retiarius	𐑮𐑦𐑖𐑦𐑺𐑦𐑩𐑕	ˌriʃiˈeəriəs	𐑮𐑧𐑑𐑦𐑸𐑾𐑕	ˌretɪˈɑːriəs	high	
retiarius	𐑮𐑧𐑑𐑦𐑸𐑦𐑩𐑕	retɪɑːriəs	𐑮𐑧𐑑𐑦𐑸𐑾𐑕	ˌretɪˈɑːriəs	high	
retiarius	𐑮𐑧𐑑𐑦𐑺𐑦𐑩𐑕	retɪeəriəs	𐑮𐑧𐑑𐑦𐑸𐑾𐑕	ˌretɪˈɑːriəs	high	
reticence	-𐑑𐑩-	-tə-	𐑮𐑧𐑑𐑦𐑕𐑩𐑯𐑕	ˈretɪsəns	medium	r_gap:spelling=1,ipa=0
reticence	𐑮𐑧𐑑𐑩𐑕𐑩𐑯𐑕	ˈretəsəns	𐑮𐑧𐑑𐑦𐑕𐑩𐑯𐑕	ˈretɪsəns	high	
reticulate	𐑮𐑦-	rɪ-	𐑮𐑦𐑑𐑦𐑒𐑘𐑩𐑤𐑩𐑑, 𐑮𐑦𐑑𐑦𐑒𐑘𐑩𐑤𐑱𐑑	rɪˈtɪkjələt	high	
reticulate	𐑮𐑩𐑑𐑦𐑒𐑘𐑩𐑤𐑩𐑑	rətɪkjələt	𐑮𐑦𐑑𐑦𐑒𐑘𐑩𐑤𐑩𐑑, 𐑮𐑦𐑑𐑦𐑒𐑘𐑩𐑤𐑱𐑑	rɪˈtɪkjələt	high	
reticulate	𐑮𐑩𐑑𐑦𐑒𐑘𐑩𐑤𐑱𐑑	rətɪkjəleɪt	𐑮𐑦𐑑𐑦𐑒𐑘𐑩𐑤𐑩𐑑, 𐑮𐑦𐑑𐑦𐑒𐑘𐑩𐑤𐑱𐑑	rɪˈtɪkjələt	high	
reticulate	𐑮𐑩𐑑𐑦𐑒𐑘𐑫𐑤𐑩𐑑	rəˈtɪkjulət	𐑮𐑦𐑑𐑦𐑒𐑘𐑩𐑤𐑩𐑑, 𐑮𐑦𐑑𐑦𐑒𐑘𐑩𐑤𐑱𐑑	rɪˈtɪkjələt	high	
reticulate	𐑮𐑩𐑑𐑦𐑒𐑘𐑫𐑤𐑱𐑑	rəˈtɪkjuˌleɪt	𐑮𐑦𐑑𐑦𐑒𐑘𐑩𐑤𐑩𐑑, 𐑮𐑦𐑑𐑦𐑒𐑘𐑩𐑤𐑱𐑑	rɪˈtɪkjələt	high	
reticulation	𐑮𐑩𐑑𐑦𐑒𐑘𐑩𐑤𐑱𐑖𐑩𐑯	rəˌtɪkjəˈleɪʃən	𐑮𐑦𐑑𐑦𐑒𐑘𐑩𐑤𐑱𐑖𐑩𐑯	rɪˌtɪkjəˈleɪʃən	high	
retina	𐑮𐑧𐑑𐑩𐑯𐑩	ˈretənə	𐑮𐑧𐑑𐑦𐑯𐑩	ˈretɪnə	high	
retina	𐑮𐑧𐑑𐑯𐑩	ˈretnə	𐑮𐑧𐑑𐑦𐑯𐑩	ˈretɪnə	high	
retinae	𐑮𐑧𐑑𐑩𐑯𐑦	ˈretəˌni	𐑮𐑧𐑑𐑦𐑯𐑰	ˈretɪniː	high	
retinae	𐑮𐑧𐑑𐑩𐑯𐑲	ˈretəˌnaɪ	𐑮𐑧𐑑𐑦𐑯𐑰	ˈretɪniː	high	
retinal	𐑮𐑧𐑑𐑩𐑯𐑨𐑤	ˈretəˌnæl	𐑮𐑧𐑑𐑦𐑯𐑩𐑤	ˈretɪnəl	high	
retinal	𐑮𐑧𐑑𐑩𐑯𐑩𐑤	ˈretənəl	𐑮𐑧𐑑𐑦𐑯𐑩𐑤	ˈretɪnəl	high	
retinal	𐑮𐑧𐑑𐑩𐑯𐑷𐑤	ˈretəˌnɔːl	𐑮𐑧𐑑𐑦𐑯𐑩𐑤	ˈretɪnəl	high	
retinal	𐑮𐑧𐑑𐑯𐑩𐑤	ˈretnəl	𐑮𐑧𐑑𐑦𐑯𐑩𐑤	ˈretɪnəl	high	
retire	𐑮𐑩𐑑𐑲𐑮	rəˈtaɪr	𐑮𐑦𐑑𐑲𐑼	rɪˈtaɪəR	high	
retire	𐑮𐑩𐑑𐑲𐑼	rətaɪər	𐑮𐑦𐑑𐑲𐑼	rɪˈtaɪəR	high	
retiree	𐑮𐑩𐑑𐑲𐑼𐑰	rətaɪəriː	𐑮𐑦𐑑𐑲𐑼𐑰	rɪˌtaɪəˈriː	high	
retirement	𐑮𐑩𐑑𐑲𐑼𐑥𐑩𐑯𐑑	rətaɪərmənt	𐑮𐑦𐑑𐑲𐑼𐑥𐑩𐑯𐑑	rɪˈtaɪəRmənt	high	
retract	𐑮𐑩𐑑𐑮𐑨𐑒𐑑	rəˈtrækt	𐑮𐑦𐑑𐑮𐑨𐑒𐑑	rɪˈtrækt	high	
retrench	𐑮𐑩𐑑𐑮𐑧𐑯𐑗	rəˈtrentʃ	𐑮𐑦𐑑𐑮𐑧𐑯𐑗	rɪˈtrentʃ	high	
retrenchment	𐑮𐑦-	ri-	𐑮𐑦𐑑𐑮𐑧𐑯𐑗𐑥𐑩𐑯𐑑	rɪˈtrentʃmənt	medium	r_gap:spelling=2,ipa=1
retrenchment	𐑮𐑩𐑑𐑮𐑧𐑯𐑗𐑥𐑩𐑯𐑑	rəˈtrentʃmənt	𐑮𐑦𐑑𐑮𐑧𐑯𐑗𐑥𐑩𐑯𐑑	rɪˈtrentʃmənt	high	
retriever	𐑮𐑦-	rɪ-	𐑮𐑦𐑑𐑮𐑰𐑝𐑼	rɪˈtriːvəR	medium	r_gap:spelling=3,ipa=1
retriever	𐑮𐑦𐑑𐑮𐑦𐑝𐑼	riˈtrivər	𐑮𐑦𐑑𐑮𐑰𐑝𐑼	rɪˈtriːvəR	high	
retriever	𐑮𐑩-	rə-	𐑮𐑦𐑑𐑮𐑰𐑝𐑼	rɪˈtriːvəR	medium	r_gap:spelling=3,ipa=1
retroflex	𐑮𐑧𐑑𐑮𐑩𐑓𐑤𐑧𐑒𐑕	retrəfleks	𐑮𐑧𐑑𐑮𐑴𐑓𐑤𐑧𐑒𐑕	ˈretrəʊfleks	high	
retrograde	𐑮𐑧𐑑𐑮𐑩𐑜𐑮𐑱𐑛	ˈretrəˌɡreɪd	𐑮𐑧𐑑𐑮𐑴𐑜𐑮𐑱𐑛	ˈretrəʊɡreɪd	high	
retroversion	𐑮𐑧𐑑𐑮𐑩𐑝𐑻𐑠𐑩𐑯	retrəvɜːRʒən	𐑮𐑧𐑑𐑮𐑴𐑝𐑻𐑠𐑩𐑯	ˌretrəʊˈvɜːRʒən	high	
reuters	𐑮𐑶𐑑𐑼𐑕	ˈrɔɪtəRs	𐑮𐑶𐑑𐑼𐑟	ˈrɔɪtəRz	high	
revamp	𐑮𐑦𐑝𐑨𐑥𐑐	riˈvæmp	𐑮𐑰𐑝𐑨𐑥𐑐	ˌriːˈvæmp	high	
reveal	𐑮𐑦𐑝𐑦𐑤	rɪˈvil	𐑮𐑦𐑝𐑰𐑤	rɪˈviːl	high	
revealing	𐑮𐑦𐑝𐑦𐑤𐑦𐑙	rɪˈvilɪŋ	𐑮𐑦𐑝𐑰𐑤𐑦𐑙	rɪˈviːlɪŋ	high	
revealing	𐑮𐑩𐑝𐑦𐑤𐑦𐑙	rəˈvilɪŋ	𐑮𐑦𐑝𐑰𐑤𐑦𐑙	rɪˈviːlɪŋ	high	
revealing	𐑮𐑩𐑝𐑰𐑤𐑦𐑙	rəviːlɪŋ	𐑮𐑦𐑝𐑰𐑤𐑦𐑙	rɪˈviːlɪŋ	high	
reveille	𐑮𐑧𐑝𐑩𐑤𐑦	ˈrevəli	𐑮𐑦𐑝𐑨𐑤𐑦	rɪˈvæli	high	
revenue	𐑮𐑧𐑝𐑩𐑯𐑘𐑫	ˈrevəˌnju	𐑮𐑧𐑝𐑩𐑯𐑵, 𐑮𐑧𐑝𐑩𐑯𐑿	ˈrevənjuː	high	
revenues	𐑮𐑧𐑝𐑩𐑯𐑫𐑟	ˈrevəˌnuz	𐑮𐑧𐑝𐑩𐑯𐑵𐑟, 𐑮𐑧𐑝𐑩𐑯𐑿𐑟	ˈrevənjuːz	high	
reverberant	𐑮𐑩𐑝𐑻𐑚𐑼𐑩𐑯𐑑	rəˈvɜːRbərənt	𐑮𐑦𐑝𐑻𐑚𐑼𐑩𐑯𐑑	rɪˈvɜːRbərənt	high	
reverberate	𐑮𐑦-	ri-	𐑮𐑦𐑝𐑻𐑚𐑼𐑱𐑑	rɪˈvɜːRbəreɪt	medium	r_gap:spelling=3,ipa=1
reverberate	𐑮𐑦𐑝𐑻𐑚𐑼𐑩𐑑	rɪvɜːRbərət	𐑮𐑦𐑝𐑻𐑚𐑼𐑱𐑑	rɪˈvɜːRbəreɪt	high	
reversion	𐑮𐑦𐑝𐑼𐑠𐑩𐑯	rɪˈvəRʒən	𐑮𐑦𐑝𐑻𐑠𐑩𐑯	rɪˈvɜːRʒən	high	
reversion	𐑮𐑩𐑝𐑼𐑠𐑩𐑯	rəˈvəRʒən	𐑮𐑦𐑝𐑻𐑠𐑩𐑯	rɪˈvɜːRʒən	high	
reversionary	𐑮𐑦𐑝𐑻𐑠𐑩𐑯𐑮𐑦	rɪvɜːrʒənri	𐑮𐑦𐑝𐑻𐑠𐑩𐑯𐑼𐑦	rɪˈvɜːRʒənəri	high	
reversionary	𐑮𐑩𐑝𐑻𐑠𐑩𐑯𐑧𐑮𐑦	rəˈvɜːRʒəˌneri	𐑮𐑦𐑝𐑻𐑠𐑩𐑯𐑼𐑦	rɪˈvɜːRʒənəri	high	
revert	𐑮𐑰𐑝𐑻𐑑	riːvɜːRt	𐑮𐑦𐑝𐑻𐑑	rɪˈvɜːRt	high	
revertible	𐑮𐑦𐑝𐑻𐑑𐑦𐑚𐑩𐑤	rɪvɜːRtɪbəl	𐑮𐑦𐑝𐑻𐑑𐑩𐑚𐑩𐑤	rɪˈvɜːRtəbəl	high	
revision	𐑮𐑩𐑝𐑦𐑠𐑩𐑯	rəˈvɪʒən	𐑮𐑦𐑝𐑦𐑠𐑩𐑯	rɪˈvɪʒən	high	
revitalization	𐑮𐑰𐑝𐑲𐑑𐑩𐑤𐑩𐑟𐑱𐑖𐑩𐑯	riːˌvaɪtələˈzeɪʃən	𐑮𐑰𐑝𐑲𐑑𐑩𐑤𐑲𐑟𐑱𐑖𐑩𐑯	ˌriːˌvaɪtəlaɪˈzeɪʃən	high	
revitalize	𐑮𐑦𐑝𐑲𐑑𐑩𐑤𐑲𐑟	riˈvaɪtəˌlaɪz	𐑮𐑰𐑝𐑲𐑑𐑩𐑤𐑲𐑟	riːˈvaɪtəlaɪz	high	
revive	𐑮𐑦-	ri-	𐑮𐑦𐑝𐑲𐑝	rɪˈvaɪv	high	
revive	𐑮𐑩𐑝𐑲𐑝	rəˈvaɪv	𐑮𐑦𐑝𐑲𐑝	rɪˈvaɪv	high	
revivify	𐑮𐑰𐑝𐑦𐑝𐑦𐑓𐑳𐑦	riːvɪvɪfʌɪ	𐑮𐑰𐑝𐑦𐑝𐑦𐑓𐑲	riːˈvɪvɪfaɪ	high	
revolt	𐑮𐑦𐑝𐑪𐑤𐑑	rɪvɒlt	𐑮𐑦𐑝𐑴𐑤𐑑	rɪˈvəʊlt	high	
revolutionary	-𐑤𐑿-	-ljuː-	𐑮𐑧𐑝𐑩𐑤𐑵𐑖𐑩𐑯𐑼𐑦	ˌrevəˈluːʃənəri	medium	r_gap:spelling=2,ipa=0; shave_says:𐑮𐑧𐑝𐑩𐑤𐑵𐑖𐑩𐑯𐑼𐑦
revolutionary	𐑮𐑧𐑝𐑩𐑤𐑫𐑖𐑩𐑯𐑧𐑮𐑦	ˌrevəˈluʃəneri	𐑮𐑧𐑝𐑩𐑤𐑵𐑖𐑩𐑯𐑼𐑦	ˌrevəˈluːʃənəri	high	
revolutionary	𐑮𐑧𐑝𐑩𐑤𐑵𐑖𐑩𐑯𐑮𐑦	revəluːʃənri	𐑮𐑧𐑝𐑩𐑤𐑵𐑖𐑩𐑯𐑼𐑦	ˌrevəˈluːʃənəri	high	
revolutionize	𐑮𐑧𐑝𐑩𐑤𐑘𐑫𐑖𐑩𐑯𐑲𐑟	ˌrevəˈljuʃəˌnaɪz	𐑮𐑧𐑝𐑩𐑤𐑵𐑖𐑩𐑯𐑲𐑟	ˌrevəˈluːʃənaɪz	high	
revolutionize	𐑮𐑧𐑝𐑩𐑤𐑿𐑖𐑩𐑯𐑲𐑟	revəljuːʃənaɪz	𐑮𐑧𐑝𐑩𐑤𐑵𐑖𐑩𐑯𐑲𐑟	ˌrevəˈluːʃənaɪz	high	
revolve	𐑮𐑦𐑝𐑷𐑤𐑝	rɪˈvɔːlv	𐑮𐑦𐑝𐑪𐑤𐑝	rɪˈvɒlv	high	
reward	𐑮𐑩𐑢𐑹𐑛	rəwɔːRd	𐑮𐑦𐑢𐑹𐑛	rɪˈwɔːRd	high	
rewrite	𐑮𐑦𐑮𐑲𐑑	ˈriraɪt	𐑮𐑰𐑮𐑲𐑑	ˈriːraɪt	high	
rewritten	𐑮𐑦𐑮𐑦𐑑𐑩𐑯	riˈrɪtən	𐑮𐑰𐑮𐑦𐑑𐑩𐑯	ˌriːˈrɪtən	high	
rewrote	𐑮𐑦𐑮𐑴𐑑	riˈroʊt	𐑮𐑰𐑮𐑴𐑑	ˌriːˈrəʊt	high	
rhenish	𐑮𐑦𐑯𐑦𐑖	ˈrinɪʃ	𐑮𐑧𐑯𐑦𐑖	ˈrenɪʃ	high	
rhenish	𐑮𐑰𐑯𐑦𐑖	riːnɪʃ	𐑮𐑧𐑯𐑦𐑖	ˈrenɪʃ	high	
rheostat	-𐑕𐑑𐑨𐑑	-stæt	𐑮𐑾𐑕𐑑𐑨𐑑	ˈriːəstæt	medium	r_gap:spelling=1,ipa=0; shave_says:𐑮𐑾𐑕𐑑𐑨𐑑
rheostat	-𐑴-	-əʊ-	𐑮𐑾𐑕𐑑𐑨𐑑	ˈriːəstæt	medium	r_gap:spelling=1,ipa=0; shave_says:𐑮𐑾𐑕𐑑𐑨𐑑
rheostat	𐑮𐑦𐑩𐑕𐑑𐑨𐑑	ˈriəstæt	𐑮𐑾𐑕𐑑𐑨𐑑	ˈriːəstæt	high	
rheostat	𐑮𐑰𐑩𐑕𐑑𐑨𐑑	riːəstat	𐑮𐑾𐑕𐑑𐑨𐑑	ˈriːəstæt	high	
rhetoric	𐑮𐑦𐑑𐑪𐑮𐑦𐑒	rɪtɒrɪk	𐑮𐑧𐑑𐑼𐑦𐑒	ˈretərɪk	high	
rhetorical	𐑮𐑦𐑑𐑹𐑦𐑒𐑩𐑤	rɪˈtɔːRɪkəl	𐑮𐑦𐑑𐑪𐑮𐑦𐑒𐑩𐑤	rɪˈtɒrɪkəl	high	
rhetorical	𐑮𐑩𐑑𐑪𐑮𐑦𐑒𐑩𐑤	rətɒrɪkəl	𐑮𐑦𐑑𐑪𐑮𐑦𐑒𐑩𐑤	rɪˈtɒrɪkəl	high	
rhetorical	𐑮𐑩𐑑𐑹𐑦𐑒𐑩𐑤	rəˈtɔːRɪkəl	𐑮𐑦𐑑𐑪𐑮𐑦𐑒𐑩𐑤	rɪˈtɒrɪkəl	high	
rheumatism	𐑮𐑫𐑥𐑩𐑑𐑩𐑟	ˈruməˌtƏz	𐑮𐑵𐑥𐑩𐑑𐑦𐑟𐑩𐑥	ˈruːmətɪzəm	high	
rhombus	𐑮𐑭𐑥𐑚𐑩𐑕	ˈrɑːmbəs	𐑮𐑪𐑥𐑚𐑩𐑕	ˈrɒmbəs	high	
rhubarb	𐑮𐑫𐑚𐑸𐑚	ˈruˌbɑːRb	𐑮𐑵𐑚𐑸𐑚	ˈruːbɑːRb	high	
ribald	𐑮𐑲𐑚𐑷𐑤𐑛	raɪbɔld	𐑮𐑦𐑚𐑩𐑤𐑛	ˈrɪbəld	high	
rickety	𐑮𐑦𐑒𐑦𐑑𐑦	rɪkɪti	𐑮𐑦𐑒𐑩𐑑𐑦	ˈrɪkəti	high	
rickety	𐑮𐑦𐑒𐑧𐑑𐑦	rɪketi	𐑮𐑦𐑒𐑩𐑑𐑦	ˈrɪkəti	high	
ricochetted	𐑮𐑦𐑒𐑩𐑖𐑧𐑑𐑩𐑛	ˈrɪkəʃetƏd	𐑮𐑦𐑒𐑩𐑖𐑱𐑛	ˈrɪkəʃeɪd	high	
ricotta	𐑮𐑩𐑒𐑪𐑑𐑩	rəˈkɒtə	𐑮𐑦𐑒𐑪𐑑𐑩	rɪˈkɒtə	high	
riddance	𐑮𐑦𐑛𐑩𐑯𐑑𐑕	rɪdənts	𐑮𐑦𐑛𐑩𐑯𐑕	ˈrɪdəns	high	
ridiculous	𐑮𐑰𐑛𐑦𐑒𐑘𐑩𐑤𐑩𐑕	riːdɪkjələs	𐑮𐑦𐑛𐑦𐑒𐑘𐑩𐑤𐑩𐑕	rɪˈdɪkjələs	high	
ridiculously	𐑮𐑰𐑛𐑦𐑒𐑘𐑩𐑤𐑩𐑕𐑤𐑦	riːdɪkjələsli	𐑮𐑦𐑛𐑦𐑒𐑘𐑩𐑤𐑩𐑕𐑤𐑦	rɪˈdɪkjələsli	high	
right-handed	𐑮𐑲𐑑𐑣𐑨𐑯𐑛𐑩𐑛	raɪtˈhændƏd	𐑮𐑲𐑑-𐑣𐑨𐑯𐑛𐑩𐑛	raɪt-ˈhændƏd	high	
rijeka	𐑮𐑦𐑘𐑧𐑒𐑩	rɪˈjekə	𐑮𐑦𐑧𐑒𐑩	rɪˈekə	high	
rijeka	𐑮𐑰𐑧𐑒𐑩	riːekə	𐑮𐑦𐑧𐑒𐑩	rɪˈekə	high	
rinds	𐑮𐑳𐑦𐑯𐑛𐑟	rʌɪndz	𐑮𐑲𐑯𐑛𐑟	raɪndz	high	
rinse	𐑮𐑧𐑯𐑕	rens	𐑮𐑦𐑯𐑕	rɪns	high	
riparian	𐑮𐑦𐑐𐑻𐑾𐑯	rɪpɜːrɪən	𐑮𐑲𐑐𐑺𐑾𐑯	raɪˈpeərɪən	high	
riparian	𐑮𐑳𐑦𐑐𐑻𐑾𐑯	rʌɪpɜːrɪən	𐑮𐑲𐑐𐑺𐑾𐑯	raɪˈpeərɪən	high	
riposte	𐑮𐑦𐑐𐑴𐑕𐑑	rɪpəʊst	𐑮𐑦𐑐𐑪𐑕𐑑	rɪˈpɒst	high	
risotto	𐑮𐑦𐑟𐑴𐑑𐑴	rɪˈzoʊtoʊ	𐑮𐑦𐑟𐑪𐑑𐑴	rɪˈzɒtəʊ	high	
river	𐑮𐑲𐑝𐑼	raɪvəR	𐑮𐑦𐑝𐑼	ˈrɪvəR	high	
riverbank	𐑮𐑦𐑝𐑩𐑚𐑨𐑙𐑒	rɪvəbæŋk	𐑮𐑦𐑝𐑼𐑚𐑨𐑙𐑒	ˈrɪvəRbæŋk	medium	r_gap:spelling=2,ipa=1; shave_says:𐑮𐑦𐑝𐑼𐑚𐑨𐑙𐑒
riverbed	𐑮𐑦𐑝𐑩𐑚𐑧𐑛	rɪvəbed	𐑮𐑦𐑝𐑼𐑚𐑧𐑛	ˈrɪvəRbed	medium	r_gap:spelling=2,ipa=1; shave_says:𐑮𐑦𐑝𐑼𐑚𐑧𐑛
rivulet	𐑮𐑦𐑝𐑘𐑩𐑤𐑦𐑑	rɪvjəlɪt	𐑮𐑦𐑝𐑘𐑩𐑤𐑩𐑑	ˈrɪvjələt	high	
road	𐑮𐑪𐑛	rod	𐑮𐑴𐑛	rəʊd	high	
roan	𐑮𐑴𐑩𐑯	ˈroʊən	𐑮𐑴𐑯	rəʊn	high	
roar	𐑮𐑪𐑮	ror	𐑮𐑹	rɔːR	high	
robbery	𐑮𐑪𐑚𐑮𐑦	rɒbri	𐑮𐑪𐑚𐑼𐑦	ˈrɒbəri	high	
robertson	𐑮𐑪𐑚𐑩𐑑𐑕𐑩𐑯	rɒbətsən	𐑮𐑪𐑚𐑼𐑑𐑕𐑩𐑯	ˈrɒbəRtsən	medium	r_gap:spelling=2,ipa=1; shave_says:𐑮𐑪𐑚𐑼𐑑𐑕𐑩𐑯
robinson	𐑮𐑪𐑚𐑩𐑯𐑕𐑩𐑯	ˈrɒbənsən	𐑮𐑪𐑚𐑦𐑯𐑕𐑩𐑯	ˈrɒbɪnsən	high	
robot	𐑮𐑴𐑚𐑩𐑑	rəʊbət	𐑮𐑴𐑚𐑪𐑑	ˈrəʊbɒt	high	
robust	𐑮𐑩𐑚𐑳𐑕𐑑	rəbʌst	𐑮𐑴𐑚𐑳𐑕𐑑	rəʊˈbʌst	high	
rochester	𐑮𐑪𐑗𐑦𐑕𐑑𐑼	rɒtʃɪstəR	𐑮𐑪𐑗𐑧𐑕𐑑𐑼	ˈrɒtʃestəR	medium	ml_disagrees:𐑮𐑪𐑗𐑧𐑕𐑑𐑼; shave_says:·𐑮𐑪𐑗𐑧𐑕𐑑𐑼
rocket	𐑮𐑪𐑒𐑦𐑑	ˈrɒkɪt	𐑮𐑪𐑒𐑩𐑑	ˈrɒkIt	high	
rodeo	𐑮𐑴𐑛𐑦𐑴	rəʊdiəʊ	𐑮𐑴𐑛𐑱𐑴	rəʊˈdeɪəʊ	high	
rodomontade	𐑮𐑪𐑛𐑩𐑥𐑩𐑯𐑑𐑪𐑛	ˌrɒdəmənˈtɒd	𐑮𐑪𐑛𐑩𐑥𐑪𐑯𐑑𐑱𐑛	ˌrɒdəmɒnˈteɪd	high	
rodomontade	𐑮𐑪𐑛𐑩𐑥𐑩𐑯𐑑𐑱𐑛	ˌrɒdəmənˈteɪd	𐑮𐑪𐑛𐑩𐑥𐑪𐑯𐑑𐑱𐑛	ˌrɒdəmɒnˈteɪd	high	
rodomontade	𐑮𐑪𐑛𐑩𐑥𐑪𐑯𐑑𐑪𐑛	ˌrɒdəˌmɒnˈtɒd	𐑮𐑪𐑛𐑩𐑥𐑪𐑯𐑑𐑱𐑛	ˌrɒdəmɒnˈteɪd	high	
rodomontade	𐑮𐑪𐑛𐑩𐑥𐑪𐑯𐑑𐑭𐑛	rɒdəmɒntɑːd	𐑮𐑪𐑛𐑩𐑥𐑪𐑯𐑑𐑱𐑛	ˌrɒdəmɒnˈteɪd	high	
role	𐑮𐑪𐑤	rol	𐑮𐑴𐑤	rəʊl	high	
roll	𐑮𐑪𐑤	rol	𐑮𐑴𐑤	rəʊl	high	
rolling	𐑮𐑪𐑤𐑦𐑙	ˈrolɪŋ	𐑮𐑴𐑤𐑦𐑙	ˈrəʊlɪŋ	high	
roly-poly	𐑮𐑴𐑤𐑦𐑐𐑴𐑤𐑦	rəʊlɪpəʊli	𐑮𐑴𐑤𐑦-𐑐𐑴𐑤𐑦	ˌrəʊli-ˈpəʊli	high	
romance	𐑮𐑴𐑥𐑨𐑯𐑑𐑕	rəʊmants	𐑮𐑩𐑥𐑨𐑯𐑕, 𐑮𐑴𐑥𐑨𐑯𐑕	rəˈmæns	high	
romania	𐑮𐑴𐑥𐑱𐑯𐑦𐑩	rəʊmeɪniə	𐑮𐑴𐑥𐑱𐑯𐑾	rəʊˈmeɪnɪə	high	
romanian	𐑮𐑩𐑥𐑱𐑯𐑦𐑩𐑯	rəˈmeɪniən	𐑮𐑴𐑥𐑱𐑯𐑾𐑯	rəʊˈmeɪnɪən	high	
romanian	𐑮𐑴𐑥𐑱𐑯𐑦𐑩𐑯	rəʊmeɪniən	𐑮𐑴𐑥𐑱𐑯𐑾𐑯	rəʊˈmeɪnɪən	high	
romantic	-𐑥𐑺𐑯𐑑𐑦𐑒	-meəntɪk	𐑮𐑴𐑥𐑨𐑯𐑑𐑦𐑒	rəʊˈmæntɪk	medium	r_gap:spelling=1,ipa=0
romantic	𐑮𐑩-	rə-	𐑮𐑴𐑥𐑨𐑯𐑑𐑦𐑒	rəʊˈmæntɪk	high	
romantic	𐑮𐑴𐑥𐑨𐑯𐑦𐑒	roʊˈmænɪk	𐑮𐑴𐑥𐑨𐑯𐑑𐑦𐑒	rəʊˈmæntɪk	high	
romney	𐑮𐑭𐑥𐑯𐑦	ˈrɑːmni	𐑮𐑪𐑥𐑯𐑦	ˈrɒmni	high	
romney	𐑮𐑳𐑥𐑯𐑦	rʌmnɪ	𐑮𐑪𐑥𐑯𐑦	ˈrɒmni	high	
roofs	𐑮𐑫𐑓𐑕	rʊfs	𐑮𐑵𐑓𐑕	ruːfs	high	
roofs	𐑮𐑫𐑝𐑟	ruvz	𐑮𐑵𐑓𐑕	ruːfs	high	
roofs	𐑮𐑵𐑝𐑟	ruːvz	𐑮𐑵𐑓𐑕	ruːfs	high	
rooftop	𐑮𐑫𐑓𐑑𐑪𐑐	ˈrufˌtɒp	𐑮𐑵𐑓𐑑𐑪𐑐	ˈruːftɒp	high	
rooibos	𐑮𐑶𐑚𐑷𐑕	ˈrɔɪbɔːs	𐑮𐑶𐑚𐑪𐑕	ˈrɔɪbɒs	high	
room	𐑮𐑫𐑥	rʊm	𐑮𐑵𐑥	ruːm	high	
rooms	𐑮𐑫𐑥𐑟	rʊmz	𐑮𐑵𐑥𐑟	ruːmz	high	
roomy	𐑮𐑫𐑥𐑦	rʊmi	𐑮𐑵𐑥𐑦	ˈruːmi	high	
roost	𐑮𐑫𐑕𐑑	rust	𐑮𐑵𐑕𐑑	ruːst	high	
rooster	𐑮𐑫𐑕𐑑𐑼	ˈrustər	𐑮𐑵𐑕𐑑𐑼	ˈruːstəR	high	
roseate	𐑮𐑴𐑟𐑦𐑩𐑑	ˈroʊziət	𐑮𐑴𐑟𐑾𐑑	ˈrəʊzɪət	high	
rosemary	𐑮𐑴𐑟𐑥𐑺𐑦	ˈroʊzˌmeəri	𐑮𐑴𐑟𐑥𐑼𐑦	ˈrəʊzməri	high	
rosemary	𐑮𐑴𐑟𐑥𐑻𐑦	rəʊzmɜːri	𐑮𐑴𐑟𐑥𐑼𐑦	ˈrəʊzməri	high	
rosie	𐑮𐑴𐑟𐑰	rəʊziː	𐑮𐑴𐑟𐑦	ˈrəʊzi	high	
rosin	𐑮𐑪𐑟𐑩𐑥	ˈrɒzəm	𐑮𐑪𐑟𐑦𐑯	ˈrɒzɪn	high	
rosin	𐑮𐑪𐑟𐑩𐑯	rɒzən	𐑮𐑪𐑟𐑦𐑯	ˈrɒzɪn	high	
rosin	𐑮𐑷𐑟𐑩𐑥	ˈrɔːzəm	𐑮𐑪𐑟𐑦𐑯	ˈrɒzɪn	high	
ross	𐑮𐑷𐑕	rɔːs	𐑮𐑪𐑕	rɒs	high	
roster	𐑮𐑴𐑕𐑑𐑼	ˈroʊstəR	𐑮𐑪𐑕𐑑𐑼	ˈrɒstəR	high	
roster	𐑮𐑷𐑕𐑑𐑼	ˈrɔːstəR	𐑮𐑪𐑕𐑑𐑼	ˈrɒstəR	high	
rostrum	𐑮𐑷𐑕-	ˈrɔːs-	𐑮𐑪𐑕𐑑𐑮𐑩𐑥	ˈrɒstrəm	medium	r_gap:spelling=2,ipa=1
rota	-𐑑𐑩	-tə	𐑮𐑴𐑑𐑩	ˈrəʊtə	medium	r_gap:spelling=1,ipa=0
rotarian	𐑮𐑴𐑑𐑧𐑮𐑦𐑩𐑯	roʊˈteriən	𐑮𐑴𐑑𐑺𐑾𐑯	rəʊˈteərɪən	high	
rotarian	𐑮𐑴𐑑𐑺𐑦𐑩𐑯	rəʊteəriən	𐑮𐑴𐑑𐑺𐑾𐑯	rəʊˈteərɪən	high	
rotate	𐑮𐑩𐑑𐑱𐑑	rəteɪt	𐑮𐑴𐑑𐑱𐑑	rəʊˈteɪt	high	
rotationally	𐑮𐑴𐑑𐑱𐑖𐑩𐑯𐑤𐑦	rəʊteɪʃənli	𐑮𐑴𐑑𐑱𐑖𐑩𐑯𐑩𐑤𐑦	rəʊˈteɪʃənəli	high	
rotationally	𐑮𐑴𐑑𐑱𐑖𐑯𐑩𐑤𐑦	rəʊteɪʃnəli	𐑮𐑴𐑑𐑱𐑖𐑩𐑯𐑩𐑤𐑦	rəʊˈteɪʃənəli	high	
rouge	𐑮𐑫𐑠	ruʒ	𐑮𐑵𐑠	ruːʒ	high	
roundelay	𐑮𐑬𐑯𐑛𐑩𐑤𐑱	ˈraʊndəˌleɪ	𐑮𐑬𐑯𐑛𐑦𐑤𐑱	ˈraʊndɪleɪ	high	
route	𐑮𐑫𐑑	rut	𐑮𐑵𐑑	ruːt	high	
route	𐑮𐑬𐑑	raʊt	𐑮𐑵𐑑	ruːt	high	
routine	𐑮𐑫𐑑𐑦𐑯	ruˈtin	𐑮𐑵𐑑𐑰𐑯	ruːˈtiːn	high	
routing	𐑮𐑫𐑑𐑦𐑙	ˈrutɪŋ	𐑮𐑬𐑑𐑦𐑙, 𐑮𐑵𐑑𐑦𐑙	ˈraʊtɪŋ	high	
rowan	𐑮𐑬𐑩𐑯	ˈraʊən	𐑮𐑴𐑩𐑯	ˈrəʊən	high	
rowan	𐑮𐑴𐑼𐑯	rəʊəRn	𐑮𐑴𐑩𐑯	ˈrəʊən	high	
rowdy	𐑮𐑬𐑑𐑦	ˈraʊti	𐑮𐑬𐑛𐑦	ˈraʊdi	high	
rowlock	𐑮𐑳𐑤𐑩𐑒	ˈrʌlək	𐑮𐑪𐑤𐑩𐑒	ˈrɒlək	high	
rowlock	𐑮𐑴𐑤𐑪𐑒	ˈroʊˌlɒk	𐑮𐑪𐑤𐑩𐑒	ˈrɒlək	high	
rubicon	-𐑒𐑩𐑯	-kən	𐑮𐑵𐑚𐑦𐑒𐑪𐑯	ˈruːbɪkɒn	medium	r_gap:spelling=1,ipa=0; shave_says:𐑮𐑵𐑚𐑦𐑒𐑪𐑯
rubicon	𐑮𐑫𐑚𐑩𐑒𐑪𐑯	ˈrubəˌkɒn	𐑮𐑵𐑚𐑦𐑒𐑪𐑯	ˈruːbɪkɒn	high	
rubicund	𐑮𐑫𐑚𐑩𐑒𐑩𐑯𐑛	ˈrubəˌkənd	𐑮𐑵𐑚𐑦𐑒𐑩𐑯𐑛	ˈruːbɪkənd	high	
rude	𐑮𐑫𐑛	rud	𐑮𐑵𐑛	ruːd	high	
rudimentary	𐑮𐑵𐑛𐑦𐑥𐑧𐑯𐑗𐑮𐑦	ˌruːdɪˈmentʃri	𐑮𐑵𐑛𐑦𐑥𐑧𐑯𐑑𐑼𐑦	ˌruːdɪˈmentəri	high	
ruff	𐑮𐑩𐑓	rəf	𐑮𐑳𐑓	rʌf	high	
ruined	𐑮𐑫𐑦𐑯𐑛	ˈruɪnd	𐑮𐑵𐑦𐑯𐑛	ˈruːɪnd	high	
ruined	𐑮𐑵𐑯𐑛	ruːnd	𐑮𐑵𐑦𐑯𐑛	ˈruːɪnd	high	
ruins	𐑮𐑫𐑦𐑯𐑟	ˈruɪnz	𐑮𐑵𐑦𐑯𐑟	ˈruːɪnz	high	
rulebook	𐑮𐑫𐑤𐑚𐑫𐑒	ˌrulˌbʊk	𐑮𐑵𐑤𐑚𐑫𐑒	ˈruːlbʊk	high	
ruler	𐑮𐑫𐑤𐑼	ˈruləR	𐑮𐑵𐑤𐑼	ˈruːləR	high	
rules	𐑮𐑫𐑤𐑟	ˈrulz	𐑮𐑵𐑤𐑟	ruːlz	high	
ruminate	𐑮𐑫𐑥𐑩𐑯𐑩𐑑	ˈrumənət	𐑮𐑵𐑥𐑦𐑯𐑱𐑑	ˈruːmɪneɪt	high	
ruminate	𐑮𐑵𐑥𐑦𐑯𐑩𐑑	ruːmɪnət	𐑮𐑵𐑥𐑦𐑯𐑱𐑑	ˈruːmɪneɪt	high	
rumor	𐑮𐑫𐑥𐑼	ˈruməR	𐑮𐑵𐑥𐑼	ˈruːməR	high	
runner-up	𐑮𐑳𐑯𐑼𐑳𐑐	rʌnərʌp	𐑮𐑳𐑯𐑼-𐑳𐑐	ˌrʌnər-ˈʌp	high	
rupee	𐑮𐑫-	rʊ-	𐑮𐑵𐑐𐑰	ruːˈpiː	high	
rupee	𐑮𐑫𐑐𐑦	ruˈpi	𐑮𐑵𐑐𐑰	ruːˈpiː	high	
rupert	𐑮𐑫𐑐𐑼𐑑	ˈrupəRt	𐑮𐑵𐑐𐑼𐑑	ˈruːpəRt	high	
rural	𐑮𐑫𐑮𐑩𐑤	ˈrʊrəl	𐑮𐑫𐑼𐑩𐑤	ˈrʊərəl	high	
rural	𐑮𐑹𐑩𐑤	rɔːrəl	𐑮𐑫𐑼𐑩𐑤	ˈrʊərəl	high	
rural	𐑮𐑻𐑩𐑤	ˈrɜːRəl	𐑮𐑫𐑼𐑩𐑤	ˈrʊərəl	high	
ruritanian	𐑮𐑫𐑮𐑦𐑑𐑱𐑯𐑦𐑩𐑯	ˌrʊrɪˈteɪniən	𐑮𐑫𐑼𐑦𐑑𐑱𐑯𐑾𐑯	ˌrʊərɪˈteɪnɪən	high	
ruritanian	𐑮𐑫𐑼𐑦𐑑𐑱𐑯𐑦𐑩𐑯	rʊərɪteɪniən	𐑮𐑫𐑼𐑦𐑑𐑱𐑯𐑾𐑯	ˌrʊərɪˈteɪnɪən	high	
rutherglen	𐑮𐑳𐑞𐑼𐑜𐑤𐑦𐑯	rʌðərɡlɪn	𐑮𐑳𐑞𐑼𐑜𐑤𐑧𐑯	ˈrʌðəRɡlen	high	
rwanda	𐑮𐑩𐑢𐑨𐑯𐑛𐑩	rəwændə	𐑮𐑫𐑨𐑯𐑛𐑩	ruˈændə	high	
rwanda	𐑮𐑩𐑢𐑪𐑯𐑛𐑩	rəwɒndə	𐑮𐑫𐑨𐑯𐑛𐑩	ruˈændə	high	
rwanda	𐑮𐑫𐑪𐑯𐑛𐑩	ruˈɒndə	𐑮𐑫𐑨𐑯𐑛𐑩	ruˈændə	high	
sabot	𐑕𐑱𐑚𐑴	ˈseɪboʊ	𐑕𐑨𐑚𐑴	ˈsæbəʊ	high	
sabotage	𐑕𐑨𐑚𐑩𐑑𐑪𐑠	ˈsæbəˌtɒʒ	𐑕𐑨𐑚𐑩𐑑𐑭𐑠	ˈsæbətɑːʒ	high	
sabotage	𐑕𐑨𐑚𐑪𐑑𐑭𐑠	ˈsæbɒˌtɑːʒ	𐑕𐑨𐑚𐑩𐑑𐑭𐑠	ˈsæbətɑːʒ	high	
saccharine	-𐑮𐑦𐑯	-rɪn	𐑕𐑨𐑒𐑼𐑰𐑯	ˈsækəriːn	high	
saccharine	-𐑮𐑩𐑯	-rən	𐑕𐑨𐑒𐑼𐑰𐑯	ˈsækəriːn	high	
saccharine	-𐑮𐑰𐑯	-riːn	𐑕𐑨𐑒𐑼𐑰𐑯	ˈsækəriːn	high	
saccharine	𐑕𐑨𐑒𐑮𐑦𐑯	sækrɪn	𐑕𐑨𐑒𐑼𐑰𐑯	ˈsækəriːn	high	
saccharine	𐑕𐑨𐑒𐑼𐑦𐑯	ˈsækərɪn	𐑕𐑨𐑒𐑼𐑰𐑯	ˈsækəriːn	high	
saccharine	𐑕𐑨𐑒𐑼𐑲𐑯	sækəraɪn	𐑕𐑨𐑒𐑼𐑰𐑯	ˈsækəriːn	high	
sacramento	𐑕𐑨𐑒𐑮𐑩𐑥𐑧𐑯𐑴	ˌsækrəˈmenoʊ	𐑕𐑨𐑒𐑮𐑩𐑥𐑧𐑯𐑑𐑴	ˌsækrəˈmentəʊ	high	
sacrifice	-𐑓𐑲𐑟	-faɪz	𐑕𐑨𐑒𐑮𐑦𐑓𐑲𐑕	ˈsækrɪfaɪs	medium	r_gap:spelling=1,ipa=0; shave_says:𐑕𐑨𐑒𐑮𐑦𐑓𐑲𐑕
sacrifice	𐑕𐑨𐑒𐑮𐑩𐑓𐑲𐑕	ˈsækrəˌfaɪs	𐑕𐑨𐑒𐑮𐑦𐑓𐑲𐑕	ˈsækrɪfaɪs	high	
sacrificed	𐑕𐑨𐑒𐑮𐑩𐑓𐑲𐑕𐑑	ˈsækrəˌfaɪst	𐑕𐑨𐑒𐑮𐑦𐑓𐑲𐑕𐑑	ˈsækrɪfaɪst	high	
sacrifices	𐑕𐑨𐑒𐑮𐑩𐑓𐑲𐑕𐑩𐑟	ˈsækrəˌfaɪsƏz	𐑕𐑨𐑒𐑮𐑦𐑓𐑲𐑕𐑩𐑟	ˈsækrɪfaɪsƏz	high	
sacrilege	𐑕𐑨𐑒𐑮𐑩𐑤𐑦𐑡	ˈsækrəlɪdʒ	𐑕𐑨𐑒𐑮𐑦𐑤𐑦𐑡	ˈsækrɪlɪdʒ	high	
sacrilegious	𐑕𐑨𐑒𐑮𐑩𐑤𐑦𐑡𐑩𐑕	sækrəlɪdʒəs	𐑕𐑨𐑒𐑮𐑦𐑤𐑦𐑡𐑩𐑕	ˌsækrɪˈlɪdʒəs	high	
sadism	𐑕𐑱𐑑𐑦𐑟𐑩𐑥	ˈseɪtɪzəm	𐑕𐑱𐑛𐑦𐑟𐑩𐑥	ˈseɪdɪzəm	high	
safety-valve	𐑕𐑱𐑓𐑑𐑦𐑝𐑨𐑤𐑝	ˈseɪftɪˌvælv	𐑕𐑱𐑓𐑑𐑦-𐑝𐑨𐑤𐑝	ˈseɪfti-vælv	high	
saffron	𐑕𐑨𐑓𐑮𐑪𐑯	sæfrɒn	𐑕𐑨𐑓𐑮𐑩𐑯	ˈsæfrən	high	
sagittarius	𐑕𐑨𐑡𐑩𐑑𐑺𐑦𐑩𐑕	ˌsædʒəˈteəriəs	𐑕𐑨𐑡𐑦𐑑𐑺𐑾𐑕	ˌsædʒɪˈteərɪəs	high	
sahara	𐑕𐑩𐑣𐑧𐑮𐑩	səˈherə	𐑕𐑩𐑣𐑸𐑩	səˈhɑːrə	high	
saint	𐑕𐑧𐑯𐑑	sent	𐑕𐑱𐑯𐑑	seɪnt	high	
salamander	𐑕𐑨𐑤𐑩𐑥𐑭𐑯𐑛𐑼	sæləmɑːndəR	𐑕𐑨𐑤𐑩𐑥𐑨𐑯𐑛𐑼	ˈsæləmændəR	high	
salami	𐑕𐑩𐑤𐑪𐑥𐑦	səˈlɒmi	𐑕𐑩𐑤𐑭𐑥𐑦	səˈlɑːmi	high	
saline	𐑕𐑱𐑤𐑦𐑯	ˈseɪlin	𐑕𐑱𐑤𐑲𐑯	ˈseɪlaɪn	high	
salisbury	-𐑚𐑼𐑦	-bəri	𐑕𐑷𐑤𐑟𐑚𐑼𐑦	ˈsɔːlzbəri	high	
salisbury	𐑕𐑪𐑤𐑟𐑚𐑧𐑮𐑦	ˈsɒlzberi	𐑕𐑷𐑤𐑟𐑚𐑼𐑦	ˈsɔːlzbəri	high	
salisbury	𐑕𐑪𐑤𐑟𐑚𐑮𐑦	sɒlzbri	𐑕𐑷𐑤𐑟𐑚𐑼𐑦	ˈsɔːlzbəri	high	
salisbury	𐑕𐑷𐑟𐑚𐑮𐑦	sɔːzbri	𐑕𐑷𐑤𐑟𐑚𐑼𐑦	ˈsɔːlzbəri	high	
salisbury	𐑕𐑷𐑤𐑟-	ˈsɔːlz-	𐑕𐑷𐑤𐑟𐑚𐑼𐑦	ˈsɔːlzbəri	medium	r_gap:spelling=1,ipa=0
salisbury	𐑕𐑷𐑤𐑟𐑚𐑮𐑦	sɔːlzbri	𐑕𐑷𐑤𐑟𐑚𐑼𐑦	ˈsɔːlzbəri	high	
salivary	𐑕𐑨𐑤𐑦𐑝𐑧𐑮𐑦	ˈsælɪˌveri	𐑕𐑨𐑤𐑦𐑝𐑼𐑦	ˈsælɪvəri	high	
salivary	𐑕𐑩𐑤𐑲𐑝𐑼𐑦	səlaɪvəri	𐑕𐑨𐑤𐑦𐑝𐑼𐑦	ˈsælɪvəri	high	
salivate	𐑕𐑨𐑤𐑩𐑝𐑱𐑑	ˈsæləveɪt	𐑕𐑨𐑤𐑦𐑝𐑱𐑑	ˈsælɪveɪt	high	
salon	𐑕𐑩𐑤𐑪𐑯	səˈlɒn	𐑕𐑨𐑤𐑪𐑯	ˈsælɒn	high	
salt	𐑕𐑪𐑤𐑑	sɒlt	𐑕𐑷𐑤𐑑	sɔːlt	high	
salty	𐑕𐑪𐑤𐑑𐑦	ˈsɒlti	𐑕𐑷𐑤𐑑𐑦	ˈsɔːlti	high	
salubrious	𐑕𐑩𐑤𐑫𐑚𐑮𐑦𐑩𐑕	səˈlubriəs	𐑕𐑩𐑤𐑵𐑚𐑮𐑾𐑕	səˈluːbrɪəs	high	
salubrious	𐑕𐑩𐑤𐑿𐑚𐑮𐑦𐑩𐑕	səljuːbriəs	𐑕𐑩𐑤𐑵𐑚𐑮𐑾𐑕	səˈluːbrɪəs	high	
salutary	𐑕𐑨𐑤𐑘𐑩𐑑𐑧𐑮𐑦	ˈsæljəteri	𐑕𐑨𐑤𐑘𐑩𐑑𐑼𐑦	ˈsæljətəri	high	
salute	𐑕𐑩𐑤𐑫𐑑	səˈlut	𐑕𐑩𐑤𐑵𐑑	səˈluːt	high	
salute	𐑕𐑩𐑤𐑿𐑑	səˈljuːt	𐑕𐑩𐑤𐑵𐑑	səˈluːt	high	
saluted	𐑕𐑩𐑤𐑫𐑑𐑩𐑛	səˈlutƏd	𐑕𐑩𐑤𐑵𐑑𐑩𐑛	səˈluːtƏd	high	
saluted	𐑕𐑩𐑤𐑿𐑑𐑩𐑛	səˈljuːtƏd	𐑕𐑩𐑤𐑵𐑑𐑩𐑛	səˈluːtƏd	high	
salve	𐑕𐑭𐑝	sɑːv	𐑕𐑨𐑤𐑝	sælv	high	
samaritan	𐑕𐑩𐑥𐑧𐑮𐑦𐑑𐑩𐑯	səˈmerɪtən	𐑕𐑩𐑥𐑨𐑮𐑦𐑑𐑩𐑯	səˈmærɪtən	high	
samba	𐑕𐑪𐑥𐑚𐑩	ˈsɒmbə	𐑕𐑨𐑥𐑚𐑩	ˈsæmbə	high	
samphire	𐑕𐑨𐑥𐑓𐑼	sæmfər	𐑕𐑨𐑥𐑓𐑲𐑼	ˈsæmfaɪəR	high	
sample	𐑕𐑺𐑥𐑐𐑩𐑤	ˈseəmpəl	𐑕𐑨𐑥𐑐𐑩𐑤, 𐑕𐑭𐑥𐑐𐑩𐑤	ˈsⱭːmpəl	high	
sampling	𐑕𐑨𐑥𐑐𐑩𐑤𐑦𐑙	ˈsæmpəlɪŋ	𐑕𐑨𐑥𐑐𐑤𐑦𐑙, 𐑕𐑭𐑥𐑐𐑤𐑦𐑙	ˈsⱭːmplɪŋ	high	
sampling	𐑕𐑭𐑥𐑐𐑩𐑤𐑦𐑙	ˈsɑːmpəlɪŋ	𐑕𐑨𐑥𐑐𐑤𐑦𐑙, 𐑕𐑭𐑥𐑐𐑤𐑦𐑙	ˈsⱭːmplɪŋ	high	
samurai	𐑕𐑨𐑥𐑘𐑼𐑲	sæmjəraɪ	𐑕𐑨𐑥𐑫𐑮𐑲	ˈsæmʊraɪ	high	
samurai	𐑕𐑨𐑥𐑼𐑲	ˈsæməˌraɪ	𐑕𐑨𐑥𐑫𐑮𐑲	ˈsæmʊraɪ	high	
san antonio	𐑕𐑨𐑯𐑩𐑯𐑑𐑴𐑯𐑦𐑴	sænənˈtoʊnioʊ	𐑕𐑨𐑯 𐑨𐑯𐑑𐑴𐑯𐑦𐑴	ˌsæn ænˈtəʊnɪəʊ	high	
san jose	𐑕𐑨𐑯𐑴𐑟𐑱	ˌsænoʊˈzeɪ	𐑕𐑨𐑯 𐑣𐑴𐑟𐑱	ˌsæn həʊˈzeɪ	high	
san marino	𐑕𐑨𐑯 𐑥𐑼𐑦𐑯𐑴	ˌsæn məˈrinoʊ	𐑕𐑨𐑯 𐑥𐑼𐑰𐑯𐑴	ˌsæn məˈriːnəʊ	high	
sanctimonious	𐑕𐑨𐑙𐑒𐑑𐑦𐑥𐑴𐑯𐑦𐑩𐑕	ˌsæŋktɪˈməʊniəs	𐑕𐑨𐑙𐑒𐑑𐑦𐑥𐑴𐑯𐑾𐑕	ˌsæŋktɪˈməʊnɪəs	high	
sanctimonious	𐑕𐑨𐑙𐑒𐑑𐑩𐑥𐑴𐑯𐑦𐑩𐑕	ˌsæŋktəˈməʊniəs	𐑕𐑨𐑙𐑒𐑑𐑦𐑥𐑴𐑯𐑾𐑕	ˌsæŋktɪˈməʊnɪəs	high	
sanctions	𐑕𐑨𐑙𐑒𐑖𐑦𐑯𐑟	sæŋkʃɪnz	𐑕𐑨𐑙𐑒𐑖𐑩𐑯𐑟	ˈsæŋkʃənz	high	
sanctuary	𐑕𐑨𐑙𐑒𐑑𐑘𐑩𐑼𐑦	sæŋktjəəri	𐑕𐑨𐑙𐑒𐑗𐑫𐑼𐑦	ˈsæŋktʃuəri	high	
sanctuary	𐑕𐑨𐑙𐑒𐑗𐑫𐑧𐑮𐑦	ˈsæŋktʃuˌeri	𐑕𐑨𐑙𐑒𐑗𐑫𐑼𐑦	ˈsæŋktʃuəri	high	
sandra	𐑕𐑭𐑯𐑛𐑮𐑩	sɑːndrə	𐑕𐑨𐑯𐑛𐑮𐑩	ˈsændrə	high	
sandwich	𐑕𐑨𐑥𐑢𐑦𐑗	ˈsæmˌwɪtʃ	𐑕𐑨𐑯𐑢𐑦𐑡	ˈsænwɪdʒ	high	
sandwich	𐑕𐑨𐑥𐑢𐑦𐑡	ˈsæmwɪdʒ	𐑕𐑨𐑯𐑢𐑦𐑡	ˈsænwɪdʒ	high	
sandwich	𐑕𐑨𐑯𐑛𐑢𐑦𐑗	ˈsændwɪtʃ	𐑕𐑨𐑯𐑢𐑦𐑡	ˈsænwɪdʒ	high	
sandwich	𐑕𐑨𐑯𐑛𐑢𐑦𐑡	ˈsændwɪdʒ	𐑕𐑨𐑯𐑢𐑦𐑡	ˈsænwɪdʒ	high	
sandwiches	𐑕𐑨𐑯𐑛𐑢𐑦𐑗𐑩𐑟	ˈsænˌdwɪtʃƏz	𐑕𐑨𐑯𐑢𐑦𐑡𐑩𐑟	ˈsænwɪdʒƏz	high	
sandwiches	𐑕𐑨𐑯𐑛𐑢𐑦𐑡𐑩𐑟	ˈsænˌdwɪdʒƏz	𐑕𐑨𐑯𐑢𐑦𐑡𐑩𐑟	ˈsænwɪdʒƏz	high	
sanguinary	𐑕𐑨𐑙𐑜𐑢𐑦𐑯𐑧𐑮𐑦	ˈsæŋɡwɪneri	𐑕𐑨𐑙𐑜𐑢𐑦𐑯𐑼𐑦	ˈsæŋɡwɪnəri	high	
sanitary	𐑕𐑨𐑯𐑦𐑑𐑧𐑮𐑦	ˈsænɪˌteri	𐑕𐑨𐑯𐑦𐑑𐑼𐑦	ˈsænɪtəri	high	
sanitary	𐑕𐑺𐑯𐑦𐑑𐑧𐑮𐑦	ˈseənɪˌteri	𐑕𐑨𐑯𐑦𐑑𐑼𐑦	ˈsænɪtəri	high	
sanitizer	𐑕𐑨𐑯𐑩𐑑𐑲𐑟𐑼	ˈsænətaɪzəR	𐑕𐑨𐑯𐑦𐑑𐑲𐑟𐑼	ˈsænɪtaɪzəR	high	
sanity	𐑕𐑨𐑯𐑩𐑑𐑦	ˈsænəti	𐑕𐑨𐑯𐑦𐑑𐑦	ˈsænɪti	high	
santa claus	𐑕𐑨𐑯𐑑𐑩𐑒𐑤𐑪𐑟	ˈsæntəˌklɒz	𐑕𐑨𐑯𐑑𐑩 𐑒𐑤𐑷𐑟	ˈsæntə klɔːz	high	
santa claus	𐑕𐑨𐑯𐑑𐑩𐑒𐑤𐑷𐑟	ˈsæntəˌklɔːz	𐑕𐑨𐑯𐑑𐑩 𐑒𐑤𐑷𐑟	ˈsæntə klɔːz	high	
santiago	𐑕𐑪𐑯𐑑𐑦𐑪𐑜𐑴	sɒntiˈɒɡoʊ	𐑕𐑨𐑯𐑑𐑦𐑭𐑜𐑴	ˌsæntɪˈɑːɡəʊ	high	
santo domingo	𐑕𐑨𐑯𐑑𐑩 𐑛𐑩𐑥𐑦𐑙𐑜𐑴	ˌsæntə dəˈmɪŋɡoʊ	𐑕𐑨𐑯𐑑𐑴 𐑛𐑩𐑥𐑦𐑙𐑜𐑴	ˌsæntəʊ dəˈmɪŋɡəʊ	high	
sapience	𐑕𐑱𐑐𐑘𐑩𐑯𐑕	ˈseɪpjəns	𐑕𐑱𐑐𐑾𐑯𐑕	ˈseɪpɪəns	high	
sapience	𐑕𐑱𐑐𐑦𐑩𐑯𐑕	ˈseɪpiəns	𐑕𐑱𐑐𐑾𐑯𐑕	ˈseɪpɪəns	high	
sapient	𐑕𐑨-	ˈsæ-	𐑕𐑱𐑐𐑾𐑯𐑑	ˈseɪpɪənt	high	
sapient	𐑕𐑱𐑐𐑦𐑩𐑯𐑑	ˈseɪpiənt	𐑕𐑱𐑐𐑾𐑯𐑑	ˈseɪpɪənt	high	
sarah	𐑕𐑻𐑩	sɜːrə	𐑕𐑺𐑩	ˈseərə	high	
sarawak	𐑕𐑨𐑮𐑩𐑢𐑨𐑒	særəwæk	𐑕𐑼𐑭𐑢𐑨𐑒	səˈrɑːwæk	high	
sarawak	𐑕𐑸𐑩𐑢𐑨𐑒	sɑːrəwæk	𐑕𐑼𐑭𐑢𐑨𐑒	səˈrɑːwæk	high	
sarawak	𐑕𐑼𐑸𐑢𐑩𐑒	sərɑːRwək	𐑕𐑼𐑭𐑢𐑨𐑒	səˈrɑːwæk	high	
sarcophagi	-𐑡𐑲	-dʒaɪ	𐑕𐑸𐑒𐑪𐑓𐑩𐑜𐑲	sɑːRˈkɒfəɡaɪ	medium	r_gap:spelling=1,ipa=0; shave_says:𐑕𐑸𐑒𐑪𐑓𐑩𐑜𐑲
sardine	𐑕𐑸𐑛𐑦𐑯	sɑːRˈdin	𐑕𐑸𐑛𐑰𐑯	sɑːRˈdiːn	high	
sarong	𐑕𐑼𐑷𐑙	səˈrɔːŋ	𐑕𐑼𐑪𐑙	səˈrɒŋ	high	
sarsaparilla	𐑕𐑨𐑕𐑐𐑼𐑦𐑤𐑩	ˌsæspəˈrɪlə	𐑕𐑸𐑕𐑐𐑼𐑦𐑤𐑩	ˌsɑːRspəˈrɪlə	medium	r_gap:spelling=2,ipa=1
sartorial	𐑕𐑸𐑑𐑹𐑦𐑩𐑤	sɑːRtɔːriəl	𐑕𐑸𐑑𐑹𐑾𐑤	sɑːRˈtɔːrɪəl	high	
sassari	𐑕𐑪𐑕𐑼𐑦	ˈsɒsəri	𐑕𐑨𐑕𐑼𐑦	ˈsæsəri	high	
satiety	𐑕𐑩𐑑𐑲𐑦𐑑𐑦	səˈtaɪɪti	𐑕𐑩𐑑𐑲𐑩𐑑𐑦	səˈtaɪəti	high	
satire	𐑕𐑨𐑑𐑲𐑮	ˈsætaɪr	𐑕𐑨𐑑𐑲𐑼	ˈsætaɪəR	high	
satsuma	𐑕𐑨𐑑𐑕𐑩𐑥𐑪	ˈsætsəˌmɒ	𐑕𐑨𐑑𐑕𐑵𐑥𐑩	ˌsætˈsuːmə	high	
satsuma	𐑕𐑨𐑑𐑕𐑫𐑥𐑩	sætˈsumə	𐑕𐑨𐑑𐑕𐑵𐑥𐑩	ˌsætˈsuːmə	high	
saturate	𐑕𐑨𐑗𐑼𐑩𐑑	ˈsætʃərət	𐑕𐑨𐑗𐑼𐑱𐑑	ˈsætʃəreɪt	high	
saturday	𐑕𐑨𐑑𐑩𐑛𐑦	sætədi	𐑕𐑨𐑑𐑼𐑛𐑱	ˈsætəRdeɪ	medium	r_gap:spelling=1,ipa=0; shave_says:𐑕𐑨𐑑𐑼𐑛𐑱
saturday	𐑕𐑨𐑑𐑩𐑛𐑱	sætədeɪ	𐑕𐑨𐑑𐑼𐑛𐑱	ˈsætəRdeɪ	medium	r_gap:spelling=1,ipa=0; shave_says:𐑕𐑨𐑑𐑼𐑛𐑱
saturday	𐑕𐑨𐑑𐑼𐑛𐑦	ˈsætəRdi	𐑕𐑨𐑑𐑼𐑛𐑱	ˈsætəRdeɪ	high	
saturnalia	𐑕𐑨𐑑𐑩𐑯𐑱𐑤𐑦𐑩	sætəneɪliə	𐑕𐑨𐑑𐑼𐑯𐑱𐑤𐑾	ˌsætəRˈneɪlɪə	medium	r_gap:spelling=1,ipa=0; shave_says:𐑕𐑨𐑑𐑼𐑯𐑱𐑤𐑾
saturnalia	𐑕𐑨𐑑𐑼𐑯𐑱𐑤𐑘𐑩	ˌsætəRˈneɪljə	𐑕𐑨𐑑𐑼𐑯𐑱𐑤𐑾	ˌsætəRˈneɪlɪə	high	
saturnalia	𐑕𐑨𐑑𐑼𐑯𐑱𐑤𐑦𐑩	ˌsætəRˈneɪliə	𐑕𐑨𐑑𐑼𐑯𐑱𐑤𐑾	ˌsætəRˈneɪlɪə	high	
saturnine	-𐑑𐑼-	-təR-	𐑕𐑨𐑑𐑼𐑯𐑲𐑯	ˈsætəRnaɪn	high	
saturnine	-𐑯𐑦𐑯	-nɪn	𐑕𐑨𐑑𐑼𐑯𐑲𐑯	ˈsætəRnaɪn	medium	r_gap:spelling=1,ipa=0; shave_says:𐑕𐑨𐑑𐑼𐑯𐑲𐑯
saturnine	𐑕𐑨𐑑𐑩𐑯𐑲𐑯	sætənaɪn	𐑕𐑨𐑑𐑼𐑯𐑲𐑯	ˈsætəRnaɪn	medium	r_gap:spelling=1,ipa=0; shave_says:𐑕𐑨𐑑𐑼𐑯𐑲𐑯
satyr	𐑕𐑱𐑑𐑼	ˈseɪtəR	𐑕𐑨𐑑𐑼	ˈsætəR	high	
saucepan	𐑕𐑷𐑕𐑐𐑨𐑯	ˈsɔːsˌpæn	𐑕𐑷𐑕𐑐𐑩𐑯	ˈsɔːspən	high	
saucer	𐑕𐑪𐑕𐑼	ˈsɒsər	𐑕𐑷𐑕𐑼	ˈsɔːsəR	high	
saucier	𐑕𐑪𐑕𐑘𐑧	sosje	𐑕𐑷𐑕𐑦𐑼	ˈsɔːsɪəR	medium	r_gap:spelling=1,ipa=0; shave_says:𐑕𐑷𐑕𐑽
saucier	𐑕𐑪𐑕𐑦𐑼	ˈsɒsiəR	𐑕𐑷𐑕𐑦𐑼	ˈsɔːsɪəR	high	
saucier	𐑕𐑷𐑕𐑽	sɔːsɪəR	𐑕𐑷𐑕𐑦𐑼	ˈsɔːsɪəR	high	
saurian	𐑕𐑹𐑦𐑩𐑯	sɔːriən	𐑕𐑹𐑾𐑯	ˈsɔːrɪən	high	
sausage	𐑕𐑷𐑕𐑦𐑡	ˈsɔːsɪdʒ	𐑕𐑪𐑕𐑦𐑡	ˈsɒsɪdʒ	high	
savanna	𐑕𐑩𐑝𐑪𐑯𐑩	səˈvɒnə	𐑕𐑩𐑝𐑨𐑯𐑩	səˈvænə	high	
savant	𐑕𐑨𐑝𐑪𐑯𐑑	sæˈvɒnt	𐑕𐑨𐑝𐑩𐑯𐑑	ˈsævənt	high	
savant	𐑕𐑩𐑝𐑪𐑯𐑑	səˈvɒnt	𐑕𐑨𐑝𐑩𐑯𐑑	ˈsævənt	high	
savoir-faire	𐑕𐑨𐑝𐑢𐑭𐑓𐑺	sævwɑːfeəR	𐑕𐑨𐑝𐑢𐑸-𐑓𐑺	ˌsævwɑːR-ˈfeəR	medium	r_gap:spelling=2,ipa=1; shave_says:𐑕𐑨𐑝𐑢𐑸-𐑓𐑺
savoir-faire	𐑕𐑨𐑝𐑢𐑸𐑓𐑧𐑮	ˌsævwɑːRˈfer	𐑕𐑨𐑝𐑢𐑸-𐑓𐑺	ˌsævwɑːR-ˈfeəR	high	
sawhorse	𐑕𐑪𐑣𐑹𐑕	ˈsɒhɔːRs	𐑕𐑷𐑣𐑹𐑕	ˈsɔːhɔːRs	high	
sawhorse	𐑕𐑹𐑣𐑹𐑕	sɔːRhɔːRs	𐑕𐑷𐑣𐑹𐑕	ˈsɔːhɔːRs	high	
sawyer	𐑕𐑶𐑼	sɔɪəR	𐑕𐑷𐑘𐑼	ˈsɔːjəR	high	
saxophonist	𐑕𐑨𐑒𐑕𐑩𐑓𐑴𐑯𐑦𐑕𐑑	ˈsæksəˌfoʊnɪst	𐑕𐑨𐑒𐑕𐑪𐑓𐑩𐑯𐑦𐑕𐑑	sækˈsɒfənɪst	high	
say	𐑕𐑧𐑘	sej	𐑕𐑱	seɪ	high	
scabrous	𐑕𐑒𐑨-	ska-	𐑕𐑒𐑱𐑚𐑮𐑩𐑕	ˈskeɪbrəs	medium	r_gap:spelling=1,ipa=0; shave_says:𐑕𐑒𐑱𐑚𐑮𐑩𐑕
scabrous	𐑕𐑒𐑨𐑚𐑮𐑩𐑕	ˈskæbrəs	𐑕𐑒𐑱𐑚𐑮𐑩𐑕	ˈskeɪbrəs	high	
scabrous	𐑕𐑒𐑱-	ˈskeɪ-	𐑕𐑒𐑱𐑚𐑮𐑩𐑕	ˈskeɪbrəs	medium	r_gap:spelling=1,ipa=0
scaffold	𐑕𐑒𐑨𐑓𐑤𐑛	ˈskæfld	𐑕𐑒𐑨𐑓𐑴𐑤𐑛	ˈskæfəʊld	high	
scaffold	𐑕𐑒𐑨𐑓𐑩𐑤𐑛	ˈskæfəld	𐑕𐑒𐑨𐑓𐑴𐑤𐑛	ˈskæfəʊld	high	
scaffolding	𐑕𐑒𐑨𐑓𐑴𐑤𐑛𐑦𐑙	ˈskæˌfoʊldɪŋ	𐑕𐑒𐑨𐑓𐑩𐑤𐑛𐑦𐑙	ˈskæfəldɪŋ	high	
scald	𐑕𐑒𐑪𐑤𐑛	skɒld	𐑕𐑒𐑷𐑤𐑛	skɔːld	high	
scallop	𐑕𐑒𐑨𐑤𐑩𐑐	ˈskæləp	𐑕𐑒𐑪𐑤𐑩𐑐	ˈskɒləp	high	
scandalous	𐑕𐑒𐑨𐑯𐑛𐑤𐑩𐑕	ˈskændləs	𐑕𐑒𐑨𐑯𐑛𐑩𐑤𐑩𐑕	ˈskændələs	high	
scandinavia	𐑕𐑒𐑨𐑯𐑛𐑦𐑯𐑱𐑝𐑦𐑩	skændɪˈneɪviə	𐑕𐑒𐑨𐑯𐑛𐑦𐑯𐑱𐑝𐑾	ˌskændɪˈneɪviə	high	
scarcely	𐑕𐑒𐑧𐑮𐑕𐑤𐑦	ˈskersli	𐑕𐑒𐑺𐑕𐑤𐑦	ˈskeəRsli	high	
scarcity	𐑕𐑒𐑧𐑮𐑕𐑦𐑑𐑦	ˈskersɪti	𐑕𐑒𐑺𐑕𐑦𐑑𐑦	ˈskeəRsɪti	high	
scarify	𐑕𐑒𐑸𐑦𐑓𐑲	skɑːrɪfaɪ	𐑕𐑒𐑨𐑮𐑦𐑓𐑲	ˈskærɪfaɪ	high	
scaring	𐑕𐑒𐑧𐑮𐑦𐑙	ˈskerɪŋ	𐑕𐑒𐑺𐑦𐑙	ˈskeərɪŋ	high	
scaring	𐑕𐑒𐑻𐑦𐑙	skɜːrɪŋ	𐑕𐑒𐑺𐑦𐑙	ˈskeərɪŋ	high	
scarlet	𐑕𐑒𐑸𐑤𐑦𐑑	ˈskɑːRlɪt	𐑕𐑒𐑸𐑤𐑩𐑑	ˈskɑːRlət	high	
scary	𐑕𐑒𐑧𐑮𐑦	ˈskeri	𐑕𐑒𐑺𐑦	ˈskeəri	high	
scary	𐑕𐑒𐑻𐑦	skɜːri	𐑕𐑒𐑺𐑦	ˈskeəri	high	
scavenger	𐑕𐑒𐑨𐑝𐑩𐑯𐑡𐑼	skævəndʒər	𐑕𐑒𐑨𐑝𐑦𐑯𐑡𐑼	ˈskævɪndʒəR	high	
scenario	𐑕𐑦𐑯𐑨𐑮𐑦𐑴	sɪˈnærioʊ	𐑕𐑦𐑯𐑸𐑦𐑴	sɪˈnɑːriəʊ	high	
scenario	𐑕𐑦𐑯𐑺𐑦𐑴	sɪˈneərioʊ	𐑕𐑦𐑯𐑸𐑦𐑴	sɪˈnɑːriəʊ	high	
scenes	𐑕𐑦𐑯𐑟	sinz	𐑕𐑰𐑯𐑟	siːnz	high	
schedule	𐑕𐑒𐑧𐑡𐑫𐑤	ˈskedʒʊl	𐑕𐑒𐑧𐑡𐑵𐑤, 𐑖𐑧𐑡𐑵𐑤	ˈʃedʒuːl	high	
schedule	𐑕𐑒𐑧𐑡𐑫𐑩𐑤	ˈskedʒuəl	𐑕𐑒𐑧𐑡𐑵𐑤, 𐑖𐑧𐑡𐑵𐑤	ˈʃedʒuːl	high	
schema	𐑕𐑒𐑦𐑥𐑩	ˈskimə	𐑕𐑒𐑰𐑥𐑩	ˈskiːmə	high	
schemata	𐑕𐑒𐑰𐑥𐑩𐑑𐑩	ˈskiːmətə	𐑕𐑒𐑰𐑥𐑭𐑑𐑩	ˈskiːmɑːtə	high	
schemer	𐑕𐑒𐑦𐑥𐑼	ˈskiməR	𐑕𐑒𐑰𐑥𐑼	ˈskiːməR	high	
scherzo	𐑕𐑒𐑻𐑑-	skɜːRt-	𐑕𐑒𐑺𐑑𐑕𐑴	ˈskeəRtsəʊ	high	
schismatic	𐑕𐑦𐑟𐑥𐑨𐑑𐑦𐑒	sɪzˈmætɪk	𐑕𐑒𐑦𐑟𐑥𐑨𐑑𐑦𐑒	skɪzˈmætɪk	high	
schismatic	𐑖𐑦𐑟𐑥𐑨𐑑𐑦𐑒	ʃɪzˈmætɪk	𐑕𐑒𐑦𐑟𐑥𐑨𐑑𐑦𐑒	skɪzˈmætɪk	high	
schizophrenia	𐑕𐑒𐑦𐑑𐑕𐑩𐑓𐑮𐑦𐑯𐑦𐑩	ˌskɪtsəˈfriniə	𐑕𐑒𐑦𐑑𐑕𐑴𐑓𐑮𐑰𐑯𐑾	ˌskɪtsəʊˈfriːnɪə	high	
schizophrenia	𐑕𐑒𐑦𐑑𐑕𐑩𐑓𐑮𐑧𐑯𐑦𐑩	ˌskɪtsəˈfreniə	𐑕𐑒𐑦𐑑𐑕𐑴𐑓𐑮𐑰𐑯𐑾	ˌskɪtsəʊˈfriːnɪə	high	
schizophrenia	𐑕𐑒𐑦𐑑𐑕𐑴𐑓𐑮𐑰𐑯𐑦𐑩	skɪtsəʊfriːniə	𐑕𐑒𐑦𐑑𐑕𐑴𐑓𐑮𐑰𐑯𐑾	ˌskɪtsəʊˈfriːnɪə	high	
schmaltz	𐑖𐑥𐑪𐑤𐑑𐑕	ʃmɒlts	𐑖𐑥𐑷𐑤𐑑𐑕	ʃmɔːlts	high	
schnapps	𐑖𐑯𐑪𐑐𐑕	ʃnɒps	𐑖𐑯𐑨𐑐𐑕	ʃnæps	high	
scholarship	𐑕𐑒𐑪𐑤𐑩𐑖𐑦𐑐	skɒləʃɪp	𐑕𐑒𐑪𐑤𐑼𐑖𐑦𐑐	ˈskɒləRʃɪp	medium	r_gap:spelling=1,ipa=0; shave_says:𐑕𐑒𐑪𐑤𐑼𐑖𐑦𐑐
scholarship	𐑕𐑒𐑭𐑤𐑼𐑖𐑦𐑐	ˈskɑːlərʃɪp	𐑕𐑒𐑪𐑤𐑼𐑖𐑦𐑐	ˈskɒləRʃɪp	high	
school	𐑕𐑒𐑫𐑤	skul	𐑕𐑒𐑵𐑤	skuːl	high	
schoolboy	𐑕𐑒𐑫𐑤𐑚𐑶	ˈskulˌbɔɪ	𐑕𐑒𐑵𐑤𐑚𐑶	ˈskuːlbɔɪ	high	
schoolday	𐑕𐑒𐑫𐑤𐑛𐑱	ˈskulˌdeɪ	𐑕𐑒𐑵𐑤𐑛𐑱	ˈskuːldeɪ	high	
schoolhouse	𐑕𐑒𐑫𐑤𐑣𐑬𐑕	ˈskulˌhaʊs	𐑕𐑒𐑵𐑤𐑣𐑬𐑕	ˈskuːlhaʊs	high	
schoolmate	𐑕𐑒𐑫𐑤𐑥𐑱𐑑	ˈskulˌmeɪt	𐑕𐑒𐑵𐑤𐑥𐑱𐑑	ˈskuːlmeɪt	high	
schools	𐑕𐑒𐑫𐑤𐑟	skulz	𐑕𐑒𐑵𐑤𐑟	skuːlz	high	
schottische	𐑖𐑩𐑑𐑰𐑖	ʃəˈtiːʃ	𐑖𐑪𐑑𐑰𐑖	ʃɒˈtiːʃ	high	
schottische	𐑖𐑭𐑛𐑦𐑖	ˈʃɑːdɪʃ	𐑖𐑪𐑑𐑰𐑖	ʃɒˈtiːʃ	high	
scientist	𐑕𐑲𐑩𐑯𐑑𐑩𐑕𐑑	ˈsaɪəntəst	𐑕𐑲𐑩𐑯𐑑𐑦𐑕𐑑	ˈsaɪəntɪst	high	
scimitar	𐑕𐑦𐑥𐑦𐑑𐑸	sɪmɪtɑːR	𐑕𐑦𐑥𐑦𐑑𐑼	ˈsɪmɪtəR	high	
scintillate	𐑕𐑦𐑯𐑑𐑩𐑤𐑱𐑑	ˈsɪntəˌleɪt	𐑕𐑦𐑯𐑑𐑦𐑤𐑱𐑑	ˈsɪntɪleɪt	high	
scintillating	𐑕𐑦𐑯𐑑𐑩𐑤𐑱𐑑𐑦𐑙	ˌsɪntəˈleɪtɪŋ	𐑕𐑦𐑯𐑑𐑦𐑤𐑱𐑑𐑦𐑙	ˈsɪntɪleɪtɪŋ	high	
scintillation	𐑕𐑦𐑯𐑑𐑩𐑤𐑱𐑖𐑩𐑯	ˌsɪntəˈleɪʃən	𐑕𐑦𐑯𐑑𐑦𐑤𐑱𐑖𐑩𐑯	ˌsɪntɪˈleɪʃən	high	
scion	𐑕𐑲𐑪𐑯	ˈsaɪɒn	𐑕𐑲𐑩𐑯	ˈsaɪən	high	
sclerosis	𐑕𐑒𐑤𐑼𐑴𐑕𐑩𐑕	skləˈroʊsəs	𐑕𐑒𐑤𐑼𐑴𐑕𐑦𐑕	skləˈrəʊsɪs	high	
scoff	𐑕𐑒𐑷𐑓	skɔːf	𐑕𐑒𐑪𐑓	skɒf	high	
scone	𐑕𐑒𐑴𐑯	skəʊn	𐑕𐑒𐑪𐑯	skɒn	high	
score	𐑕𐑒𐑪𐑮	skor	𐑕𐑒𐑹	skɔːR	high	
scorpio	𐑕𐑒𐑹𐑐𐑾𐑫	skɔːRpɪəʊ	𐑕𐑒𐑹𐑐𐑦𐑴	ˈskɔːRpɪəʊ	high	
scorpion	-𐑐𐑾𐑯	-pɪən	𐑕𐑒𐑹𐑐𐑾𐑯	ˈskɔːRpɪən	medium	r_gap:spelling=1,ipa=0; shave_says:𐑕𐑒𐑹𐑐𐑾𐑯
scorpion	𐑕𐑒𐑹𐑐𐑦𐑩𐑯	skɔːRpiən	𐑕𐑒𐑹𐑐𐑾𐑯	ˈskɔːRpɪən	high	
scot-free	𐑕𐑒𐑪𐑑𐑓𐑮𐑦	skɒtfri	𐑕𐑒𐑪𐑑-𐑓𐑮𐑰	ˌskɒt-ˈfriː	high	
scour	𐑕𐑒𐑬𐑮	skaʊr	𐑕𐑒𐑬𐑼	ˈskaʊəR	high	
scourer	𐑕𐑒𐑬𐑮𐑼	skaʊrəR	𐑕𐑒𐑬𐑼𐑼	ˈskaʊərəR	high	
scourge	𐑕𐑒𐑹𐑡	skɔːRdʒ	𐑕𐑒𐑻𐑡	skɜːRdʒ	high	
scouring	𐑕𐑒𐑬𐑮𐑦𐑙	ˈskaʊrɪŋ	𐑕𐑒𐑬𐑼𐑦𐑙	ˈskaʊərɪŋ	high	
scrapheap	𐑕𐑒𐑮𐑨𐑐𐑣𐑦𐑐	ˈskræpˌhip	𐑕𐑒𐑮𐑨𐑐𐑣𐑰𐑐	ˈskræphiːp	high	
scree	𐑕𐑒𐑮𐑦	skri	𐑕𐑒𐑮𐑰	skriː	high	
screech	𐑕𐑒𐑮𐑦𐑗	skritʃ	𐑕𐑒𐑮𐑰𐑗	skriːtʃ	high	
screed	𐑕𐑒𐑮𐑦𐑛	skrid	𐑕𐑒𐑮𐑰𐑛	skriːd	high	
screeds	𐑕𐑒𐑮𐑦𐑛𐑟	skridz	𐑕𐑒𐑮𐑰𐑛𐑟	skriːdz	high	
screwdriver	𐑕𐑒𐑮𐑫𐑛𐑮𐑲𐑝𐑼	ˈskruˌdraɪvəR	𐑕𐑒𐑮𐑵𐑛𐑮𐑲𐑝𐑼	ˈskruːdraɪvəR	high	
scribe	𐑕𐑒𐑮𐑪𐑦𐑚	skrɒɪb	𐑕𐑒𐑮𐑲𐑚	skraɪb	high	
scrimmage	𐑕𐑒𐑮𐑦𐑥𐑩𐑡	ˈskrɪmədʒ	𐑕𐑒𐑮𐑦𐑥𐑦𐑡	ˈskrɪmɪdʒ	high	
scrivener	𐑕𐑒𐑮𐑦𐑝𐑯𐑼	skrɪvnər	𐑕𐑒𐑮𐑦𐑝𐑩𐑯𐑼	ˈskrɪvənəR	high	
scrofula	𐑕𐑒𐑮𐑷𐑓𐑘𐑩𐑤𐑩	ˈskrɔːfjələ	𐑕𐑒𐑮𐑪𐑓𐑘𐑩𐑤𐑩	ˈskrɒfjələ	high	
scrofulous	𐑕𐑒𐑮𐑷𐑓𐑘𐑩𐑤𐑩𐑕	ˈskrɔːfjələs	𐑕𐑒𐑮𐑪𐑓𐑘𐑩𐑤𐑩𐑕	ˈskrɒfjələs	high	
scrumptious	𐑕𐑒𐑮𐑩𐑥𐑐𐑖𐑩𐑕	ˈskrəmpʃəs	𐑕𐑒𐑮𐑳𐑥𐑐𐑖𐑩𐑕	ˈskrʌmpʃəs	high	
scruple	𐑕𐑒𐑮𐑫𐑐𐑩𐑤	ˈskrupəl	𐑕𐑒𐑮𐑵𐑐𐑩𐑤	ˈskruːpəl	high	
scrutinize	𐑕𐑒𐑮𐑫𐑑𐑩𐑯𐑲𐑟	ˈskrutənˌaɪz	𐑕𐑒𐑮𐑵𐑑𐑦𐑯𐑲𐑟	ˈskruːtɪnaɪz	high	
scullion	𐑕𐑒𐑳𐑤𐑦𐑩𐑯	ˈskʌliən	𐑕𐑒𐑳𐑤𐑾𐑯	ˈskʌlɪən	high	
sculptural	𐑕𐑒𐑳𐑤𐑐𐑗𐑼𐑮𐑩𐑤	ˈskʌlptʃəRrəl	𐑕𐑒𐑳𐑤𐑐𐑗𐑼𐑩𐑤	ˈskʌlptʃərəl	high	
sculpture	𐑕𐑒𐑳𐑤𐑐𐑑𐑘𐑩𐑼	skʌlptjəəR	𐑕𐑒𐑳𐑤𐑐𐑗𐑼	ˈskʌlptʃəR	medium	ml_disagrees:𐑕𐑒𐑳𐑤𐑐𐑑𐑘ː𐑼; shave_says:𐑕𐑒𐑳𐑤𐑐𐑗𐑼
scuppernong	𐑕𐑒𐑳𐑐𐑩𐑯𐑪𐑙	skʌpənɒŋ	𐑕𐑒𐑳𐑐𐑼𐑯𐑪𐑙	ˈskʌpəRnɒŋ	medium	r_gap:spelling=1,ipa=0; shave_says:𐑕𐑒𐑳𐑐𐑼𐑯𐑪𐑙
scuppernong	𐑕𐑒𐑳𐑐𐑼𐑯𐑷𐑙	ˈskʌpərˌnɔːŋ	𐑕𐑒𐑳𐑐𐑼𐑯𐑪𐑙	ˈskʌpəRnɒŋ	high	
scurrilous	𐑕𐑒𐑳𐑮𐑩𐑤𐑩𐑕	skʌrələs	𐑕𐑒𐑳𐑮𐑦𐑤𐑩𐑕	ˈskʌrɪləs	medium	r_gap:spelling=2,ipa=1; shave_says:𐑕𐑒𐑳𐑮𐑦𐑤𐑩𐑕
scut	𐑕𐑒𐑩𐑑	skət	𐑕𐑒𐑳𐑑	skʌt	high	
sealskin	𐑕𐑦𐑤𐑕𐑒𐑦𐑯	ˈsilˌskɪn	𐑕𐑰𐑤𐑕𐑒𐑦𐑯	ˈsiːlskɪn	high	
seance	𐑕𐑱𐑪𐑯𐑕	ˈseɪˌɒns	𐑕𐑱𐑭𐑯𐑕	ˈseɪɑːns	high	
seaplane	𐑕𐑦𐑐𐑤𐑱𐑯	ˈsiˌpleɪn	𐑕𐑰𐑐𐑤𐑱𐑯	ˈsiːpleɪn	high	
seascape	𐑕𐑦𐑕𐑒𐑱𐑐	ˈsiˌskeɪp	𐑕𐑰𐑕𐑒𐑱𐑐	ˈsiːskeɪp	high	
seashore	𐑕𐑰𐑖𐑪𐑮	ˈsiːʃor	𐑕𐑰𐑖𐑹	ˈsiːʃɔːR	high	
season	𐑕𐑦𐑟𐑩𐑯	ˈsizən	𐑕𐑰𐑟𐑩𐑯	ˈsiːzən	high	
seat	𐑕𐑱𐑨𐑑	ˈseɪæt	𐑕𐑰𐑑	siːt	high	
seattle	-𐑑𐑤	-tl	𐑕𐑦𐑨𐑑𐑩𐑤	sɪˈætəl	high	
seaweed	𐑕𐑦𐑢𐑦𐑛	ˈsiwid	𐑕𐑰𐑢𐑰𐑛	ˈsiːwiːd	high	
sebastian	𐑕𐑦𐑚𐑨𐑕𐑑𐑦𐑩𐑯	sɪˈbæstiən	𐑕𐑦𐑚𐑨𐑕𐑗𐑩𐑯	sɪˈbæstʃən	medium	ml_disagrees:𐑕𐑩𐑚𐑨𐑕𐑑𐑦𐑩𐑯; shave_says:𐑕𐑧𐑚𐑨𐑕𐑑𐑾𐑯
secateurs	𐑕𐑧𐑒𐑩𐑑𐑽𐑟	sekətɪəRz	𐑕𐑧𐑒𐑩𐑑𐑻𐑟	ˈsekətɜːRz	high	
second	𐑕𐑧𐑒𐑩𐑯𐑑	ˈsekənt	𐑕𐑦𐑒𐑪𐑯𐑛, 𐑕𐑧𐑒𐑩𐑯𐑛	ˈsekənd	high	
second	𐑕𐑩𐑒𐑪𐑯𐑛	səˈkɒnd	𐑕𐑦𐑒𐑪𐑯𐑛, 𐑕𐑧𐑒𐑩𐑯𐑛	ˈsekənd	high	
secondary	𐑕𐑧𐑒𐑩𐑯𐑛𐑧𐑮𐑦	ˈsekənˌderi	𐑕𐑧𐑒𐑩𐑯𐑛𐑼𐑦	ˈsekəndəri	high	
secondly	𐑕𐑧𐑒𐑩𐑯𐑑𐑤𐑦	ˈsekəntli	𐑕𐑧𐑒𐑩𐑯𐑛𐑤𐑦	ˈsekəndli	high	
seconds	𐑕𐑧𐑒𐑩𐑯𐑑𐑕	ˈsekənts	𐑕𐑦𐑒𐑪𐑯𐑛𐑟, 𐑕𐑧𐑒𐑩𐑯𐑛𐑟	ˈsekəndz	high	
secretarial	𐑕𐑧𐑒𐑮𐑩𐑑𐑧𐑮𐑦𐑩𐑤	ˌsekrəˈteriəl	𐑕𐑧𐑒𐑮𐑩𐑑𐑺𐑾𐑤	ˌsekrəˈteərɪəl	high	
secretarial	𐑕𐑧𐑒𐑮𐑩𐑑𐑺𐑦𐑩𐑤	sekrəteəriəl	𐑕𐑧𐑒𐑮𐑩𐑑𐑺𐑾𐑤	ˌsekrəˈteərɪəl	high	
secretariat	𐑕𐑧𐑒𐑮𐑩𐑑𐑺𐑦𐑩𐑑	ˌsekrəˈteəRiət	𐑕𐑧𐑒𐑮𐑩𐑑𐑺𐑾𐑑	ˌsekrəˈteərɪət	high	
secretary	𐑕𐑧𐑒𐑮𐑩𐑑𐑧𐑮𐑦	ˈsekrəˌteri	𐑕𐑧𐑒𐑮𐑩𐑑𐑼𐑦	ˈsekrətəri	high	
secretary	𐑕𐑧𐑒𐑮𐑩𐑑𐑮𐑦	sekrətri	𐑕𐑧𐑒𐑮𐑩𐑑𐑼𐑦	ˈsekrətəri	high	
secreted	𐑕𐑦𐑒𐑮𐑩𐑑𐑩𐑛	ˈsikrətƏd	𐑕𐑦𐑒𐑮𐑰𐑑𐑩𐑛	sɪˈkriːtƏd	high	
secreted	𐑕𐑩𐑒𐑮𐑦𐑑𐑩𐑛	səˈkritƏd	𐑕𐑦𐑒𐑮𐑰𐑑𐑩𐑛	sɪˈkriːtƏd	high	
secreted	𐑕𐑰𐑒𐑮𐑩𐑑𐑩𐑛	siːkrətƏd	𐑕𐑦𐑒𐑮𐑰𐑑𐑩𐑛	sɪˈkriːtƏd	high	
secreting	𐑕𐑰𐑒𐑮𐑩𐑑𐑦𐑙	siːkrətɪŋ	𐑕𐑦𐑒𐑮𐑰𐑑𐑦𐑙	sɪˈkriːtɪŋ	high	
sectarian	𐑕𐑧𐑒𐑑𐑧𐑮𐑦𐑩𐑯	sekˈteriən	𐑕𐑧𐑒𐑑𐑺𐑾𐑯	sekˈteərɪən	high	
sectarian	𐑕𐑧𐑒𐑑𐑺𐑦𐑩𐑯	sekteəriən	𐑕𐑧𐑒𐑑𐑺𐑾𐑯	sekˈteərɪən	high	
sects	𐑕𐑧𐑒𐑕	seks	𐑕𐑧𐑒𐑑𐑕	sekts	high	
secure	𐑕𐑩𐑒𐑘𐑹	səˈkjɔːR	𐑕𐑦𐑒𐑘𐑫𐑼	sɪˈkjʊəR	high	
secure	𐑕𐑩𐑒𐑘𐑻	səˈkjɜːR	𐑕𐑦𐑒𐑘𐑫𐑼	sɪˈkjʊəR	high	
secure	𐑕𐑩𐑒𐑘𐑼	səˈkjər	𐑕𐑦𐑒𐑘𐑫𐑼	sɪˈkjʊəR	high	
secured	𐑕𐑩𐑒𐑘𐑩𐑼𐑛	səkjəəRd	𐑕𐑦𐑒𐑘𐑫𐑼𐑛	sɪˈkjʊəRd	medium	ml_disagrees:𐑕𐑩𐑒𐑘𐑫𐑼𐑛; shave_says:𐑕𐑦𐑒𐑘𐑫𐑼𐑛
secured	𐑕𐑩𐑒𐑘𐑷𐑛	səkjɔːd	𐑕𐑦𐑒𐑘𐑫𐑼𐑛	sɪˈkjʊəRd	medium	r_gap:spelling=1,ipa=0; shave_says:𐑕𐑦𐑒𐑘𐑫𐑼𐑛
secured	𐑕𐑩𐑒𐑘𐑹𐑛	səˈkjɔːRd	𐑕𐑦𐑒𐑘𐑫𐑼𐑛	sɪˈkjʊəRd	high	
secured	𐑕𐑩𐑒𐑘𐑻𐑛	səˈkjɜːRd	𐑕𐑦𐑒𐑘𐑫𐑼𐑛	sɪˈkjʊəRd	high	
secured	𐑕𐑩𐑒𐑘𐑼𐑛	səˈkjərd	𐑕𐑦𐑒𐑘𐑫𐑼𐑛	sɪˈkjʊəRd	high	
securely	𐑕𐑩𐑒𐑘𐑩𐑼𐑤𐑦	səkjəəRli	𐑕𐑦𐑒𐑘𐑫𐑼𐑤𐑦	sɪˈkjʊəRli	medium	ml_disagrees:𐑕𐑩𐑒𐑘𐑫𐑼𐑤𐑦; shave_says:𐑕𐑦𐑒𐑘𐑫𐑼𐑤𐑦
securely	𐑕𐑩𐑒𐑘𐑷𐑤𐑦	səkjɔːli	𐑕𐑦𐑒𐑘𐑫𐑼𐑤𐑦	sɪˈkjʊəRli	medium	r_gap:spelling=1,ipa=0; shave_says:𐑕𐑦𐑒𐑘𐑫𐑼𐑤𐑦
securely	𐑕𐑩𐑒𐑘𐑹𐑤𐑦	səˈkjɔːRli	𐑕𐑦𐑒𐑘𐑫𐑼𐑤𐑦	sɪˈkjʊəRli	high	
securely	𐑕𐑩𐑒𐑘𐑻𐑤𐑦	səˈkjɜːRli	𐑕𐑦𐑒𐑘𐑫𐑼𐑤𐑦	sɪˈkjʊəRli	high	
securely	𐑕𐑩𐑒𐑘𐑼𐑤𐑦	səˈkjərli	𐑕𐑦𐑒𐑘𐑫𐑼𐑤𐑦	sɪˈkjʊəRli	high	
securing	𐑕𐑩𐑒𐑘𐑩𐑼𐑦𐑙	səkjəərɪŋ	𐑕𐑦𐑒𐑘𐑫𐑼𐑦𐑙	sɪˈkjʊərɪŋ	medium	ml_disagrees:𐑕𐑩𐑒𐑘𐑫𐑼𐑦𐑙; shave_says:𐑕𐑦𐑒𐑘𐑫𐑼𐑦𐑙
securing	𐑕𐑩𐑒𐑘𐑹𐑦𐑙	səkjɔːrɪŋ	𐑕𐑦𐑒𐑘𐑫𐑼𐑦𐑙	sɪˈkjʊərɪŋ	high	
securing	𐑕𐑩𐑒𐑘𐑻𐑦𐑙	səˈkjɜːRɪŋ	𐑕𐑦𐑒𐑘𐑫𐑼𐑦𐑙	sɪˈkjʊərɪŋ	high	
securing	𐑕𐑩𐑒𐑘𐑼𐑦𐑙	səˈkjərɪŋ	𐑕𐑦𐑒𐑘𐑫𐑼𐑦𐑙	sɪˈkjʊərɪŋ	high	
securities	𐑕𐑦𐑒𐑘𐑩𐑼𐑩𐑑𐑦𐑟	sɪkjəərətiz	𐑕𐑦𐑒𐑘𐑫𐑼𐑦𐑑𐑦𐑟	sɪˈkjʊərɪtiz	medium	ml_disagrees:𐑕𐑦𐑒𐑘𐑫𐑼𐑩𐑑𐑦𐑟; shave_says:𐑕𐑦𐑒𐑘𐑫𐑼𐑦𐑑𐑦𐑟
securities	𐑕𐑦𐑒𐑘𐑹𐑩𐑑𐑦𐑘𐑟	sɪkjɔːrətɪjz	𐑕𐑦𐑒𐑘𐑫𐑼𐑦𐑑𐑦𐑟	sɪˈkjʊərɪtiz	high	
securities	𐑕𐑦𐑒𐑘𐑹𐑩𐑑𐑦𐑟	sɪkjɔːrətiz	𐑕𐑦𐑒𐑘𐑫𐑼𐑦𐑑𐑦𐑟	sɪˈkjʊərɪtiz	high	
securities	𐑕𐑩𐑒𐑘𐑹𐑦𐑑𐑦𐑟	səˈkjɔːRɪˌtiz	𐑕𐑦𐑒𐑘𐑫𐑼𐑦𐑑𐑦𐑟	sɪˈkjʊərɪtiz	high	
securities	𐑕𐑩𐑒𐑘𐑻𐑑𐑦𐑟	səˈkjɜːRˌtiz	𐑕𐑦𐑒𐑘𐑫𐑼𐑦𐑑𐑦𐑟	sɪˈkjʊərɪtiz	high	
securities	𐑕𐑩𐑒𐑘𐑻𐑦𐑑𐑦𐑟	səˈkjɜːRɪˌtiz	𐑕𐑦𐑒𐑘𐑫𐑼𐑦𐑑𐑦𐑟	sɪˈkjʊərɪtiz	high	
securities	𐑕𐑩𐑒𐑘𐑼𐑦𐑑𐑦𐑟	səˈkjərɪˌtiz	𐑕𐑦𐑒𐑘𐑫𐑼𐑦𐑑𐑦𐑟	sɪˈkjʊərɪtiz	high	
security	𐑕𐑦𐑒𐑘𐑩𐑼𐑩𐑑𐑦	sɪkjəərəti	𐑕𐑦𐑒𐑘𐑫𐑼𐑦𐑑𐑦	sɪˈkjʊərɪti	medium	ml_disagrees:𐑕𐑦𐑒𐑘𐑫𐑼𐑩𐑑𐑦; shave_says:𐑕𐑦𐑒𐑘𐑫𐑼𐑦𐑑𐑦
security	𐑕𐑦𐑒𐑘𐑹𐑩𐑑𐑦	sɪkjɔːrəti	𐑕𐑦𐑒𐑘𐑫𐑼𐑦𐑑𐑦	sɪˈkjʊərɪti	high	
security	𐑕𐑦𐑒𐑘𐑹𐑩𐑑𐑦𐑘	sɪkjɔːrətɪj	𐑕𐑦𐑒𐑘𐑫𐑼𐑦𐑑𐑦	sɪˈkjʊərɪti	high	
security	𐑕𐑩𐑒𐑘𐑹𐑦𐑑𐑦	səˈkjɔːRɪˌti	𐑕𐑦𐑒𐑘𐑫𐑼𐑦𐑑𐑦	sɪˈkjʊərɪti	high	
security	𐑕𐑩𐑒𐑘𐑻𐑑𐑦	səˈkjɜːRˌti	𐑕𐑦𐑒𐑘𐑫𐑼𐑦𐑑𐑦	sɪˈkjʊərɪti	high	
security	𐑕𐑩𐑒𐑘𐑻𐑦𐑑𐑦	səˈkjɜːRɪˌti	𐑕𐑦𐑒𐑘𐑫𐑼𐑦𐑑𐑦	sɪˈkjʊərɪti	high	
security	𐑕𐑩𐑒𐑘𐑼𐑦𐑑𐑦	səˈkjərɪˌti	𐑕𐑦𐑒𐑘𐑫𐑼𐑦𐑑𐑦	sɪˈkjʊərɪti	high	
sedan	𐑕𐑩𐑛𐑨𐑯	səˈdæn	𐑕𐑦𐑛𐑨𐑯	sɪˈdæn	high	
sedate	𐑕𐑩𐑛𐑱𐑑	səˈdeɪt	𐑕𐑦𐑛𐑱𐑑	sɪˈdeɪt	high	
sedentary	𐑕𐑧𐑛𐑩𐑯𐑑𐑧𐑮𐑦	ˈsedənteri	𐑕𐑧𐑛𐑩𐑯𐑑𐑼𐑦	ˈsedəntəri	high	
sedentary	𐑕𐑧𐑛𐑩𐑯𐑑𐑮𐑦	sedəntri	𐑕𐑧𐑛𐑩𐑯𐑑𐑼𐑦	ˈsedəntəri	high	
sedulous	𐑕𐑧𐑛𐑘𐑩-	ˈsedjə-	𐑕𐑧𐑛𐑘𐑩𐑤𐑩𐑕	ˈsedjələs	high	
sedulous	𐑕𐑧𐑡𐑩𐑤𐑩𐑕	ˈsedʒələs	𐑕𐑧𐑛𐑘𐑩𐑤𐑩𐑕	ˈsedjələs	high	
sedulous	𐑕𐑧𐑡𐑫𐑤𐑩𐑕	ˈsedʒʊləs	𐑕𐑧𐑛𐑘𐑩𐑤𐑩𐑕	ˈsedjələs	high	
see	𐑕𐑦	ˈsi	𐑕𐑰	siː	high	
seedcake	𐑕𐑦𐑛𐑒𐑱𐑒	ˈsidˌkeɪk	𐑕𐑰𐑛𐑒𐑱𐑒	ˈsiːdkeɪk	high	
seeded	𐑕𐑦𐑛𐑩𐑛	ˈsidƏd	𐑕𐑰𐑛𐑩𐑛	ˈsiːdƏd	high	
seeker	𐑕𐑦𐑒𐑼	ˈsikəR	𐑕𐑰𐑒𐑼	ˈsiːkəR	high	
seekers	𐑕𐑦𐑒𐑼𐑟	ˈsikəRz	𐑕𐑰𐑒𐑼𐑟	ˈsiːkəRz	high	
seen	𐑕𐑦𐑯	sɪn	𐑕𐑰𐑯	siːn	high	
seersucker	𐑕𐑦𐑮𐑕𐑳𐑒𐑼	ˈsɪrˌsʌkəR	𐑕𐑽𐑕𐑳𐑒𐑼	ˈsɪəRsʌkəR	high	
seesaw	𐑕𐑦𐑕𐑷	ˈsisɔː	𐑕𐑰𐑕𐑷	ˈsiːsɔː	high	
seethe	𐑕𐑦𐑞	sið	𐑕𐑰𐑞	siːð	high	
seignior	𐑕𐑰𐑯𐑘𐑼	ˈsiːnjəR	𐑕𐑱𐑯𐑘𐑼	ˈseɪnjəR	high	
seismology	𐑕𐑲𐑕𐑥𐑪𐑤𐑩𐑡𐑦	saɪsˈmɒlədʒi	𐑕𐑲𐑟𐑥𐑪𐑤𐑩𐑡𐑦	saɪzˈmɒlədʒi	high	
seizing	𐑕𐑦𐑟𐑦𐑙	ˈsizɪŋ	𐑕𐑰𐑟𐑦𐑙	ˈsiːzɪŋ	high	
seizure	𐑕𐑦𐑠𐑼	ˈsiʒəR	𐑕𐑰𐑠𐑼	ˈsiːʒəR	high	
selena	𐑕𐑩𐑤𐑦𐑯𐑩	səˈlinə	𐑕𐑦𐑤𐑰𐑯𐑩	sɪˈliːnə	high	
self-consciousness	𐑕𐑧𐑤𐑓𐑒𐑪𐑯𐑖𐑩𐑕𐑯𐑩𐑕	ˌselfˈkɒnʃəsnəs	𐑕𐑧𐑤𐑓-𐑒𐑪𐑯𐑖𐑩𐑕𐑯𐑩𐑕	self-ˈkɒnʃəsnəs	high	
self-control	𐑕𐑧𐑤𐑓 𐑒𐑩𐑯𐑑𐑮𐑴𐑤	ˌself kənˈtroʊl	𐑕𐑧𐑤𐑓-𐑒𐑩𐑯𐑑𐑮𐑴𐑤	self-kənˈtrəʊl	high	
self-service	𐑕𐑧𐑤𐑓𐑕𐑻𐑝𐑦𐑕	selfsɜːRvɪs	𐑕𐑧𐑤𐑓-𐑕𐑻𐑝𐑦𐑕	self-ˈsɜːRvɪs	high	
selkirk	𐑕𐑧𐑤𐑒𐑼𐑒	ˈselkəRk	𐑕𐑧𐑤𐑒𐑻𐑒	ˈselkɜːRk	high	
semaphore	𐑕𐑧𐑥𐑩𐑓𐑪𐑮	ˈseməˌfor	𐑕𐑧𐑥𐑩𐑓𐑹	ˈseməfɔːR	high	
semi	𐑕𐑧𐑥𐑲	ˈsemaɪ	𐑕𐑧𐑥𐑦	ˈsemi	high	
semicolon	-𐑒𐑴𐑤𐑪𐑯	-ˈkəʊlɒn	𐑕𐑧𐑥𐑦𐑒𐑴𐑤𐑩𐑯	ˌsemɪˈkəʊlən	high	
seminary	𐑕𐑧𐑥𐑦𐑯𐑮𐑦	semɪnri	𐑕𐑧𐑥𐑦𐑯𐑼𐑦	ˈsemɪnəri	high	
seminary	𐑕𐑧𐑥𐑩𐑯𐑧𐑮𐑦	ˈseməneri	𐑕𐑧𐑥𐑦𐑯𐑼𐑦	ˈsemɪnəri	high	
semite	𐑕𐑰𐑥𐑲𐑑	ˈsiːmaɪt	𐑕𐑧𐑥𐑲𐑑	ˈsemaɪt	high	
senate	𐑕𐑧𐑯𐑦𐑑	ˈsenɪt	𐑕𐑧𐑯𐑩𐑑	ˈsenət	high	
senegalese	𐑕𐑧𐑯𐑩𐑜𐑩𐑤𐑰𐑟	ˌsenəɡəˈliːz	𐑕𐑧𐑯𐑦𐑜𐑩𐑤𐑰𐑟	ˌsenɪɡəˈliːz	high	
senile	𐑕𐑦𐑯𐑲𐑤	ˈsinaɪl	𐑕𐑰𐑯𐑲𐑤	ˈsiːnaɪl	high	
senior	𐑕𐑦𐑯𐑘𐑼	ˈsinjəR	𐑕𐑰𐑯𐑽	ˈsiːnɪəR	high	
senior	𐑕𐑰𐑯𐑘𐑼	siːnjər	𐑕𐑰𐑯𐑽	ˈsiːnɪəR	high	
seniority	𐑕𐑦𐑯𐑘𐑹𐑦𐑑𐑦	sinˈjɔːRɪti	𐑕𐑰𐑯𐑦𐑪𐑮𐑦𐑑𐑦	ˌsiːnɪˈɒrɪti	high	
sennight	-𐑯𐑦𐑑	-nɪt	𐑕𐑧𐑯𐑲𐑑	ˈsenaɪt	high	
sensibilities	-𐑑𐑦	-ti	𐑕𐑧𐑯𐑕𐑩𐑚𐑦𐑤𐑦𐑑𐑦𐑟	ˌsensəˈbɪlɪtiz	high	
sensibilities	𐑕𐑧𐑯𐑑𐑕𐑦𐑚𐑦𐑤𐑦𐑑𐑰𐑟	ˌsentsɪˈbɪlɪtiːz	𐑕𐑧𐑯𐑕𐑩𐑚𐑦𐑤𐑦𐑑𐑦𐑟	ˌsensəˈbɪlɪtiz	medium	ml_disagrees:𐑕𐑧𐑯𐑑𐑕𐑩𐑚𐑦𐑤𐑦𐑑𐑰𐑟; shave_says:𐑕𐑧𐑯𐑕𐑩𐑚𐑦𐑤𐑦𐑑𐑦𐑟
sensibilities	𐑕𐑧𐑯𐑑𐑕𐑩𐑚𐑦𐑤𐑩𐑑𐑦𐑟	ˌsentsəˈbɪlətiz	𐑕𐑧𐑯𐑕𐑩𐑚𐑦𐑤𐑦𐑑𐑦𐑟	ˌsensəˈbɪlɪtiz	high	
sensibility	-𐑑𐑦	-ti	𐑕𐑧𐑯𐑕𐑩𐑚𐑦𐑤𐑦𐑑𐑦	ˌsensəˈbɪlɪti	high	
sensibility	𐑕𐑧𐑯𐑑𐑕𐑦𐑚𐑦𐑤𐑦𐑑𐑦	ˌsentsɪˈbɪlɪti	𐑕𐑧𐑯𐑕𐑩𐑚𐑦𐑤𐑦𐑑𐑦	ˌsensəˈbɪlɪti	medium	ml_disagrees:𐑕𐑧𐑯𐑑𐑕𐑩𐑚𐑦𐑤𐑦𐑑𐑦; shave_says:𐑕𐑧𐑯𐑕𐑩𐑚𐑦𐑤𐑦𐑑𐑦
sensibility	𐑕𐑧𐑯𐑑𐑕𐑩𐑚𐑦𐑤𐑩𐑑𐑦	ˌsentsəˈbɪləti	𐑕𐑧𐑯𐑕𐑩𐑚𐑦𐑤𐑦𐑑𐑦	ˌsensəˈbɪlɪti	high	
sensitivity	𐑕𐑧𐑯𐑕𐑦𐑝𐑩𐑑𐑦	ˈsensɪvəti	𐑕𐑧𐑯𐑕𐑦𐑑𐑦𐑝𐑦𐑑𐑦	ˌsensɪˈtɪvɪti	high	
sensitivity	𐑕𐑧𐑯𐑕𐑩𐑑𐑦𐑝𐑩𐑑𐑦	ˌsensəˈtɪvəti	𐑕𐑧𐑯𐑕𐑦𐑑𐑦𐑝𐑦𐑑𐑦	ˌsensɪˈtɪvɪti	high	
sensual	𐑕𐑧𐑯𐑕𐑿𐑩𐑤	ˈsensjuːəl	𐑕𐑧𐑯𐑖𐑫𐑩𐑤	ˈsenʃuəl	high	
sensual	𐑕𐑧𐑯𐑖𐑵𐑩𐑤	ˈsenʃuːəl	𐑕𐑧𐑯𐑖𐑫𐑩𐑤	ˈsenʃuəl	high	
sensuality	𐑕𐑧𐑯𐑖𐑵𐑨𐑤𐑦𐑑𐑰	ˌsenʃuːˈalɪtiː	𐑕𐑧𐑯𐑖𐑫𐑨𐑤𐑦𐑑𐑦	ˌsenʃuˈælɪti	high	
sensuousness	𐑕𐑧𐑯𐑕𐑿𐑩𐑕𐑯𐑩𐑕	ˈsensjuːəsnəs	𐑕𐑧𐑯𐑖𐑫𐑩𐑕𐑯𐑩𐑕	ˈsenʃuəsnəs	high	
sentence	𐑕𐑧𐑯𐑑𐑩𐑯𐑑𐑕	ˈsentənts	𐑕𐑧𐑯𐑑𐑩𐑯𐑕	ˈsentəns	high	
sentient	𐑕𐑧𐑯𐑑𐑦𐑩𐑯𐑑	ˈsentiənt	𐑕𐑧𐑯𐑖𐑩𐑯𐑑	ˈsenʃənt	high	
sentient	𐑕𐑧𐑯𐑖𐑦𐑩𐑯𐑑	ˈsenʃiənt	𐑕𐑧𐑯𐑖𐑩𐑯𐑑	ˈsenʃənt	high	
sentimental	𐑕𐑧𐑯𐑦𐑥𐑧𐑯𐑩𐑤	ˌseniˈmenəl	𐑕𐑧𐑯𐑑𐑦𐑥𐑧𐑯𐑑𐑩𐑤	ˌsentɪˈmentəl	high	
separability	𐑕𐑧𐑐𐑮𐑩𐑚𐑦𐑤𐑦𐑑𐑦	seprəbɪlɪti	𐑕𐑧𐑐𐑼𐑩𐑚𐑦𐑤𐑦𐑑𐑦	ˌsepərəˈbɪlɪti	high	
separability	𐑕𐑧𐑐𐑮𐑩𐑚𐑦𐑤𐑩𐑑𐑦	ˌseprəˈbɪləti	𐑕𐑧𐑐𐑼𐑩𐑚𐑦𐑤𐑦𐑑𐑦	ˌsepərəˈbɪlɪti	high	
separate	𐑕𐑧𐑐𐑮𐑩𐑑	ˈseprət	𐑕𐑧𐑐𐑼𐑩𐑑, 𐑕𐑧𐑐𐑼𐑱𐑑	ˈsepərət	high	
separate	𐑕𐑧𐑐𐑮𐑱𐑑	ˈsepˌreɪt	𐑕𐑧𐑐𐑼𐑩𐑑, 𐑕𐑧𐑐𐑼𐑱𐑑	ˈsepərət	high	
separately	𐑕𐑧𐑐𐑮𐑩𐑑𐑤𐑦	ˈseprətli	𐑕𐑧𐑐𐑼𐑩𐑑𐑤𐑦	ˈsepərətli	high	
separately	𐑕𐑧𐑐𐑼𐑤𐑦	ˈsepəRli	𐑕𐑧𐑐𐑼𐑩𐑑𐑤𐑦	ˈsepərətli	high	
september	𐑕𐑩𐑐𐑑𐑧𐑥𐑚𐑼	səptembəR	𐑕𐑧𐑐𐑑𐑧𐑥𐑚𐑼	sepˈtembəR	high	
septuagenarian	𐑕𐑧𐑐𐑑𐑘𐑩𐑼𐑡𐑦𐑯𐑺𐑾𐑯	septjəəRdʒɪneərɪən	𐑕𐑧𐑐𐑑𐑘𐑫𐑩𐑡𐑦𐑯𐑺𐑾𐑯	ˌseptjʊədʒɪˈneərɪən	medium	ml_disagrees:𐑕𐑧𐑐𐑑𐑘ː𐑼𐑡𐑦𐑯𐑺𐑾𐑯; shave_says:𐑕𐑧𐑐𐑑𐑿𐑩𐑡𐑦𐑯𐑺𐑾𐑯
septuagenarian	𐑕𐑧𐑐𐑑𐑩𐑡𐑦𐑯𐑧𐑮𐑦𐑩𐑯	ˌseptədʒɪˈneriən	𐑕𐑧𐑐𐑑𐑘𐑫𐑩𐑡𐑦𐑯𐑺𐑾𐑯	ˌseptjʊədʒɪˈneərɪən	high	
septuagenarian	𐑕𐑧𐑐𐑑𐑩𐑢𐑩𐑡𐑦𐑯𐑧𐑮𐑦𐑩𐑯	ˌseptəwədʒɪˈneriən	𐑕𐑧𐑐𐑑𐑘𐑫𐑩𐑡𐑦𐑯𐑺𐑾𐑯	ˌseptjʊədʒɪˈneərɪən	high	
septuagenarian	𐑕𐑧𐑐𐑗𐑩𐑡𐑦𐑯𐑧𐑮𐑦𐑩𐑯	ˌseptʃədʒɪˈneriən	𐑕𐑧𐑐𐑑𐑘𐑫𐑩𐑡𐑦𐑯𐑺𐑾𐑯	ˌseptjʊədʒɪˈneərɪən	high	
septuagenarian	𐑕𐑧𐑐𐑗𐑩𐑡𐑦𐑯𐑺𐑾𐑯	septʃədʒɪneərɪən	𐑕𐑧𐑐𐑑𐑘𐑫𐑩𐑡𐑦𐑯𐑺𐑾𐑯	ˌseptjʊədʒɪˈneərɪən	high	
septuagenarian	𐑕𐑧𐑐𐑗𐑩𐑢𐑩𐑡𐑦𐑯𐑧𐑮𐑦𐑩𐑯	ˌseptʃəwədʒɪˈneriən	𐑕𐑧𐑐𐑑𐑘𐑫𐑩𐑡𐑦𐑯𐑺𐑾𐑯	ˌseptjʊədʒɪˈneərɪən	high	
septuagenarian	𐑕𐑧𐑐𐑗𐑫𐑼𐑡𐑦𐑯𐑺𐑾𐑯	septʃʊəRdʒɪneərɪən	𐑕𐑧𐑐𐑑𐑘𐑫𐑩𐑡𐑦𐑯𐑺𐑾𐑯	ˌseptjʊədʒɪˈneərɪən	high	
septuagint	𐑕𐑧𐑐𐑑𐑘𐑩𐑩𐑡𐑦𐑯𐑑	ˈseptjəədʒɪnt	𐑕𐑧𐑐𐑑𐑘𐑫𐑩𐑡𐑦𐑯𐑑	ˈseptjʊədʒɪnt	high	
septuagint	𐑕𐑧𐑐𐑑𐑘𐑫𐑩𐑡𐑩𐑯𐑑	sepˈtjuədʒənt	𐑕𐑧𐑐𐑑𐑘𐑫𐑩𐑡𐑦𐑯𐑑	ˈseptjʊədʒɪnt	high	
septuagint	𐑕𐑧𐑐𐑑𐑩𐑢𐑩𐑡𐑦𐑯𐑑	ˈseptəwəˌdʒɪnt	𐑕𐑧𐑐𐑑𐑘𐑫𐑩𐑡𐑦𐑯𐑑	ˈseptjʊədʒɪnt	high	
septuagint	𐑕𐑧𐑐𐑑𐑫𐑩𐑡𐑩𐑯𐑑	sepˈtuədʒənt	𐑕𐑧𐑐𐑑𐑘𐑫𐑩𐑡𐑦𐑯𐑑	ˈseptjʊədʒɪnt	high	
septuagint	𐑕𐑧𐑐𐑖𐑩𐑢𐑩𐑡𐑦𐑯𐑑	ˈsepʃəwəˌdʒɪnt	𐑕𐑧𐑐𐑑𐑘𐑫𐑩𐑡𐑦𐑯𐑑	ˈseptjʊədʒɪnt	high	
septuagint	𐑕𐑧𐑐𐑗𐑩𐑢𐑩𐑡𐑦𐑯𐑑	ˈseptʃəwəˌdʒɪnt	𐑕𐑧𐑐𐑑𐑘𐑫𐑩𐑡𐑦𐑯𐑑	ˈseptjʊədʒɪnt	high	
septuagint	𐑕𐑧𐑐𐑗𐑫𐑼𐑡𐑦𐑯𐑑	ˈseptʃʊədʒɪnt	𐑕𐑧𐑐𐑑𐑘𐑫𐑩𐑡𐑦𐑯𐑑	ˈseptjʊədʒɪnt	medium	ml_disagrees:𐑕𐑧𐑐𐑗𐑫𐑩𐑡𐑦𐑯𐑑; shave_says:𐑕𐑧𐑐𐑑𐑿𐑩𐑡𐑦𐑯𐑑
sequence	𐑕𐑦𐑒𐑢𐑧𐑯𐑕	ˈsikwens	𐑕𐑰𐑒𐑢𐑩𐑯𐑕	ˈsiːkwəns	high	
sequence	𐑕𐑦𐑒𐑢𐑩𐑯𐑕	ˈsikwəns	𐑕𐑰𐑒𐑢𐑩𐑯𐑕	ˈsiːkwəns	high	
sequester	𐑕𐑩𐑒𐑢𐑧𐑕𐑑𐑼	səkwestəR	𐑕𐑦𐑒𐑢𐑧𐑕𐑑𐑼	sɪˈkwestəR	high	
sequins	𐑕𐑦𐑒𐑢𐑦𐑯𐑕	ˈsikwɪns	𐑕𐑰𐑒𐑢𐑦𐑯𐑟	ˈsiːkwɪnz	high	
sequins	𐑕𐑦𐑒𐑢𐑩𐑯𐑕	ˈsikwəns	𐑕𐑰𐑒𐑢𐑦𐑯𐑟	ˈsiːkwɪnz	high	
sequins	𐑕𐑰𐑒𐑢𐑦𐑯𐑕	ˈsiːkwɪns	𐑕𐑰𐑒𐑢𐑦𐑯𐑟	ˈsiːkwɪnz	high	
sequoia	𐑕𐑩𐑒𐑢𐑶𐑩	səˈkwɔɪə	𐑕𐑦𐑒𐑢𐑶𐑩	sɪˈkwɔɪə	high	
seraglio	𐑕𐑼𐑨𐑜𐑤𐑰𐑴	səˈræɡliːoʊ	𐑕𐑧𐑮𐑭𐑤𐑦𐑴	seˈrɑːliəʊ	high	
seraglio	𐑕𐑼𐑨𐑤𐑘𐑴	səˈræljoʊ	𐑕𐑧𐑮𐑭𐑤𐑦𐑴	seˈrɑːliəʊ	high	
serbia	𐑕𐑻𐑚𐑦𐑩	sɜːRbiə	𐑕𐑻𐑚𐑾	ˈsɜːRbɪə	high	
serfdom	𐑕𐑼𐑓𐑛𐑩𐑥	ˈsəRfdəm	𐑕𐑻𐑓𐑛𐑩𐑥	ˈsɜːRfdəm	high	
sergeant	𐑕𐑭𐑡𐑩𐑯𐑑	sɑːdʒənt	𐑕𐑸𐑡𐑩𐑯𐑑	ˈsɑːRdʒənt	medium	r_gap:spelling=1,ipa=0; shave_says:𐑕𐑸𐑡𐑩𐑯𐑑
sergeant	𐑕𐑸𐑩𐑯𐑑	ˈsɑːRənt	𐑕𐑸𐑡𐑩𐑯𐑑	ˈsɑːRdʒənt	high	
serial	𐑕𐑦𐑮𐑦𐑩𐑤	ˈsɪriəl	𐑕𐑽𐑾𐑤	ˈsɪərɪəl	high	
serialize	𐑕𐑦𐑮𐑦𐑩𐑤𐑲𐑟	ˈsɪriəlaɪz	𐑕𐑽𐑾𐑤𐑲𐑟	ˈsɪərɪəlaɪz	high	
serialize	𐑕𐑽𐑦𐑩𐑤𐑲𐑟	sɪəriəlaɪz	𐑕𐑽𐑾𐑤𐑲𐑟	ˈsɪərɪəlaɪz	high	
seriatim	𐑕𐑧𐑮𐑦𐑱𐑑𐑦𐑥	serɪeɪtɪm	𐑕𐑽𐑦𐑱𐑑𐑦𐑥	ˌsɪərɪˈeɪtɪm	high	
sericulture	𐑕𐑧𐑮𐑦𐑒𐑳𐑤𐑗 𐑼	ˈserɪˌkʌltʃ əR	𐑕𐑧𐑮𐑦𐑒𐑳𐑤𐑗𐑼	ˈserɪkʌltʃəR	high	
sericulture	𐑕𐑧𐑮𐑩𐑒𐑩𐑤𐑗 𐑼	ˈserəˌkəltʃ əR	𐑕𐑧𐑮𐑦𐑒𐑳𐑤𐑗𐑼	ˈserɪkʌltʃəR	high	
sericulture	𐑕𐑽𐑦-	sɪərɪ-	𐑕𐑧𐑮𐑦𐑒𐑳𐑤𐑗𐑼	ˈserɪkʌltʃəR	medium	r_gap:spelling=2,ipa=1; shave_says:𐑕𐑧𐑮𐑦𐑒𐑳𐑤𐑗𐑼
series	𐑕𐑦𐑮𐑦𐑟	ˈsɪriz	𐑕𐑽𐑰𐑟	ˈsɪəriːz	high	
serious	𐑕𐑦𐑮𐑦𐑩𐑕	ˈsiriəs	𐑕𐑽𐑾𐑕	ˈsɪərɪəs	high	
serious	𐑕𐑽𐑦𐑩𐑕	sɪəriəs	𐑕𐑽𐑾𐑕	ˈsɪərɪəs	high	
seriously	𐑕𐑦𐑮𐑦𐑩𐑕 𐑤𐑦	ˈsɪriəs li	𐑕𐑽𐑾𐑕𐑤𐑦	ˈsɪərɪəsli	high	
seriously	𐑕𐑦𐑮𐑦𐑩𐑕𐑤𐑦	ˈsiriəsli	𐑕𐑽𐑾𐑕𐑤𐑦	ˈsɪərɪəsli	high	
seriously	𐑕𐑽𐑦𐑩𐑕𐑤𐑦	sɪəriəsli	𐑕𐑽𐑾𐑕𐑤𐑦	ˈsɪərɪəsli	high	
seriously	𐑕𐑽𐑩𐑕𐑤𐑦	sɪərəsli	𐑕𐑽𐑾𐑕𐑤𐑦	ˈsɪərɪəsli	high	
seriousness	𐑕𐑦𐑮𐑦𐑩𐑕𐑯𐑩𐑕	ˈsɪriəsnəs	𐑕𐑽𐑾𐑕𐑯𐑩𐑕	ˈsɪərɪəsnəs	high	
seriousness	𐑕𐑽𐑦𐑩𐑕𐑯𐑩𐑕	sɪəriəsnəs	𐑕𐑽𐑾𐑕𐑯𐑩𐑕	ˈsɪərɪəsnəs	high	
serrated	𐑕𐑦𐑮𐑱𐑑𐑩𐑛	sɪreɪtƏd	𐑕𐑧𐑮𐑱𐑑𐑩𐑛	seˈreɪtƏd	medium	r_gap:spelling=2,ipa=1; shave_says:𐑕𐑧𐑮𐑱𐑑𐑩𐑛
serrated	𐑕𐑼𐑱𐑑𐑩𐑛	səreɪtƏd	𐑕𐑧𐑮𐑱𐑑𐑩𐑛	seˈreɪtƏd	medium	r_gap:spelling=2,ipa=1; shave_says:𐑕𐑧𐑮𐑱𐑑𐑩𐑛
serum	𐑕𐑦𐑮𐑩𐑥	ˈsɪrəm	𐑕𐑽𐑩𐑥	ˈsɪərəm	high	
serum	𐑕𐑰𐑮𐑩𐑥	siːrəm	𐑕𐑽𐑩𐑥	ˈsɪərəm	high	
servile	𐑕𐑼𐑝𐑩𐑤	ˈsərvəl	𐑕𐑻𐑝𐑲𐑤	ˈsɜːRvaɪl	high	
servile	𐑕𐑼𐑝𐑲𐑤	ˈsərˌvaɪl	𐑕𐑻𐑝𐑲𐑤	ˈsɜːRvaɪl	high	
servilely	𐑕𐑻𐑝𐑩𐑤𐑤𐑦	ˈsɜːRvəlli	𐑕𐑻𐑝𐑲𐑤𐑤𐑦	ˈsɜːRvaɪlli	high	
servilely	𐑕𐑻𐑝𐑩𐑤𐑦	ˈsɜːRvəli	𐑕𐑻𐑝𐑲𐑤𐑤𐑦	ˈsɜːRvaɪlli	high	
servility	𐑕𐑩𐑝𐑦𐑤𐑦𐑑𐑦	səvɪlɪti	𐑕𐑻𐑝𐑦𐑤𐑦𐑑𐑦	sɜːRˈvɪlɪti	medium	r_gap:spelling=1,ipa=0; shave_says:𐑕𐑻𐑝𐑦𐑤𐑦𐑑𐑦
servility	𐑕𐑼𐑝𐑦𐑤𐑦𐑑𐑦	səRˈvɪlɪti	𐑕𐑻𐑝𐑦𐑤𐑦𐑑𐑦	sɜːRˈvɪlɪti	high	
servitude	-𐑑𐑿𐑛	-tjuːd	𐑕𐑻𐑝𐑦𐑑𐑵𐑛, 𐑕𐑻𐑝𐑦𐑑𐑿𐑛	ˈsɜːRvɪtjuːd	medium	r_gap:spelling=1,ipa=0; shave_says:𐑕𐑻𐑝𐑦𐑑𐑿𐑛
servitude	𐑕𐑻𐑝𐑦𐑑𐑫𐑛	ˈsɜːRvɪtud	𐑕𐑻𐑝𐑦𐑑𐑵𐑛, 𐑕𐑻𐑝𐑦𐑑𐑿𐑛	ˈsɜːRvɪtjuːd	high	
servitude	𐑕𐑻𐑝𐑦𐑗𐑵𐑛	sɜːRvɪtʃuːd	𐑕𐑻𐑝𐑦𐑑𐑵𐑛, 𐑕𐑻𐑝𐑦𐑑𐑿𐑛	ˈsɜːRvɪtjuːd	high	
servitude	𐑕𐑼𐑝𐑩𐑑𐑘𐑫𐑛	ˈsərvəˌtjud	𐑕𐑻𐑝𐑦𐑑𐑵𐑛, 𐑕𐑻𐑝𐑦𐑑𐑿𐑛	ˈsɜːRvɪtjuːd	high	
sesame	𐑕𐑧𐑟𐑩𐑥𐑦	ˈsezəmi	𐑕𐑧𐑕𐑩𐑥𐑦	ˈsesəmi	high	
setswana	𐑕𐑧𐑑𐑕𐑢𐑪𐑯𐑩	setˈswɒnə	𐑕𐑦𐑑𐑕𐑢𐑭𐑯𐑩	sɪˈtswɑːnə	high	
setswana	𐑕𐑧𐑑𐑕𐑢𐑭𐑯𐑩	setˈswɑːnə	𐑕𐑦𐑑𐑕𐑢𐑭𐑯𐑩	sɪˈtswɑːnə	high	
setter	-𐑑𐑼	-təR	𐑕𐑧𐑑𐑼	ˈsetəR	high	
settle	𐑕𐑧𐑑𐑤	ˈsetl	𐑕𐑧𐑑𐑩𐑤	ˈsetəl	high	
settler	𐑕𐑧𐑑𐑩𐑤𐑼	ˈsetələR	𐑕𐑧𐑑𐑤𐑼	ˈsetləR	high	
settlers	𐑕𐑧𐑑𐑩𐑤𐑼𐑟	ˈsetələRz	𐑕𐑧𐑑𐑤𐑼𐑟	ˈsetləRz	high	
seventh	𐑕𐑧𐑝𐑯𐑔	ˈsevnθ	𐑕𐑧𐑝𐑩𐑯𐑔	ˈsevənθ	high	
seventy	𐑕𐑧𐑝𐑩𐑯𐑛𐑦	ˈsevəndi	𐑕𐑧𐑝𐑩𐑯𐑑𐑦	ˈsevənti	high	
severance	𐑕𐑧𐑝𐑮𐑩𐑯𐑕	sevrəns	𐑕𐑧𐑝𐑼𐑩𐑯𐑕	ˈsevərəns	high	
severance	𐑕𐑧𐑝𐑻𐑩𐑯𐑕	sevɜːrəns	𐑕𐑧𐑝𐑼𐑩𐑯𐑕	ˈsevərəns	high	
severe	𐑕𐑦𐑝𐑦𐑮	sɪˈvɪr	𐑕𐑦𐑝𐑽	sɪˈvɪəR	high	
severity	𐑕𐑩𐑝𐑧𐑮𐑩𐑑𐑦	səˈverəti	𐑕𐑦𐑝𐑧𐑮𐑦𐑑𐑦	sɪˈverɪti	high	
sewage	𐑕𐑫𐑦𐑡	ˈsuɪdʒ	𐑕𐑵𐑦𐑡	ˈsuːɪdʒ	high	
sewer	𐑕𐑫𐑼	ˈsuəR	𐑕𐑴𐑼, 𐑕𐑵𐑼	ˈsuːəR	high	
sewer	𐑕𐑿𐑼	sjuːəR	𐑕𐑴𐑼, 𐑕𐑵𐑼	ˈsuːəR	high	
sewerage	𐑕𐑵𐑮𐑦𐑡	suːrɪdʒ	𐑕𐑫𐑼𐑦𐑡	ˈsʊərɪdʒ	high	
sewerage	𐑕𐑵𐑼𐑦𐑡	suːərɪdʒ	𐑕𐑫𐑼𐑦𐑡	ˈsʊərɪdʒ	high	
sexagenarian	𐑕𐑧𐑒𐑕𐑩𐑡𐑦𐑯𐑧𐑮𐑦𐑩𐑯	ˌseksədʒɪˈneriən	𐑕𐑧𐑒𐑕𐑩𐑡𐑦𐑯𐑺𐑾𐑯	ˌseksədʒɪˈneərɪən	high	
sexual	𐑕𐑧𐑒𐑕𐑘𐑫𐑩𐑤	seksjuəl	𐑕𐑧𐑒𐑖𐑫𐑩𐑤	ˈsekʃuəl	high	
sexual	𐑕𐑧𐑒𐑖𐑩𐑤	sekʃəl	𐑕𐑧𐑒𐑖𐑫𐑩𐑤	ˈsekʃuəl	high	
sexual	𐑕𐑧𐑒𐑖𐑵𐑩𐑤	sekʃuːəl	𐑕𐑧𐑒𐑖𐑫𐑩𐑤	ˈsekʃuəl	high	
sexuality	𐑕𐑧𐑒𐑕𐑿𐑨𐑤𐑦𐑑𐑦	seksjuːˈælɪti	𐑕𐑧𐑒𐑖𐑫𐑨𐑤𐑦𐑑𐑦	ˌsekʃuˈælɪti	high	
sexuality	𐑕𐑧𐑒𐑖𐑫𐑨𐑤𐑩𐑑𐑦	sekʃuˈæləti	𐑕𐑧𐑒𐑖𐑫𐑨𐑤𐑦𐑑𐑦	ˌsekʃuˈælɪti	high	
sexuality	𐑕𐑧𐑒𐑖𐑵𐑨𐑤𐑦𐑑𐑦	sekʃuːˈælɪti	𐑕𐑧𐑒𐑖𐑫𐑨𐑤𐑦𐑑𐑦	ˌsekʃuˈælɪti	high	
shadow	𐑖𐑨𐑑𐑴	ˈʃætoʊ	𐑖𐑨𐑛𐑴	ˈʃædəʊ	high	
shaken	𐑖𐑪𐑒𐑧𐑯	ˈʃɒken	𐑖𐑱𐑒𐑩𐑯	ˈʃeɪkən	high	
shaken	𐑖𐑭𐑒𐑧𐑯	ˈʃɑːken	𐑖𐑱𐑒𐑩𐑯	ˈʃeɪkən	high	
shakespeare	𐑖𐑱𐑒𐑕𐑐𐑦𐑮	ˈʃeɪkspɪr	𐑖𐑱𐑒𐑕𐑐𐑽	ˈʃeɪkspiəR	high	
shallot	𐑖𐑨𐑤𐑩𐑑	ˈʃælət	𐑖𐑩𐑤𐑪𐑑	ʃəˈlɒt	high	
shaman	𐑖𐑭𐑥𐑩𐑯	ˈʃɑːmən	𐑖𐑱𐑥𐑩𐑯	ˈʃeɪmən	high	
shanghai	𐑖𐑧𐑙𐑣𐑲	ˈʃeŋˈhaɪ	𐑖𐑨𐑙𐑣𐑲	ʃæŋˈhaɪ	high	
shanghai	𐑖𐑪𐑙𐑣𐑲	ʃɒŋˈhaɪ	𐑖𐑨𐑙𐑣𐑲	ʃæŋˈhaɪ	high	
shared	𐑖𐑧𐑮𐑛	ʃerd	𐑖𐑺𐑛	ʃeəRd	high	
shared	𐑖𐑻𐑛	ʃɜːRd	𐑖𐑺𐑛	ʃeəRd	high	
shareholder	𐑖𐑧𐑮𐑣𐑴𐑤𐑛𐑼	ˈʃerˌhoʊldəR	𐑖𐑺𐑣𐑴𐑤𐑛𐑼	ˈʃeəRhəʊldəR	high	
shares	𐑖𐑧𐑮𐑟	ʃerz	𐑖𐑺𐑟	ʃeəRz	high	
she'll	𐑖𐑦𐑤	ʃil	𐑖𐑰𐑤	ʃiːl	high	
she-goat	𐑖𐑦𐑜𐑴𐑑	ˈʃiɡoʊt	𐑖𐑰-𐑜𐑴𐑑	ˈʃiː-ɡəʊt	high	
she-goat	𐑖𐑰𐑜𐑴𐑑	ˈʃiːɡəʊt	𐑖𐑰-𐑜𐑴𐑑	ˈʃiː-ɡəʊt	high	
shear	𐑖𐑦𐑮	ʃɪr	𐑖𐑽	ʃɪəR	high	
sheared	𐑖𐑦𐑮𐑛	ˈʃird	𐑖𐑽𐑛	ʃɪəRd	high	
shears	𐑖𐑦𐑮𐑟	ʃɪrz	𐑖𐑽𐑟	ʃɪəRz	high	
sheath	𐑖𐑦𐑔	ʃiθ	𐑖𐑰𐑔	ʃiːθ	high	
sheath	𐑖𐑦𐑞	ʃið	𐑖𐑰𐑔	ʃiːθ	high	
sheath	𐑖𐑰𐑞	ʃiːð	𐑖𐑰𐑔	ʃiːθ	high	
sheathe	𐑖𐑦𐑞	ʃið	𐑖𐑰𐑞	ʃiːð	high	
sheep	𐑖𐑦𐑐	ʃip	𐑖𐑰𐑐	ʃiːp	high	
sheers	𐑖𐑦𐑮𐑟	ʃɪrz	𐑖𐑽𐑟	ʃɪəRz	high	
sheet	𐑖𐑦𐑑	ʃit	𐑖𐑰𐑑	ʃiːt	high	
sheets	𐑖𐑦𐑑𐑕	ʃits	𐑖𐑰𐑑𐑕	ʃiːts	high	
sheikdom	𐑖𐑰𐑒𐑛𐑩𐑥	ˈʃiːkdəm	𐑖𐑱𐑒𐑛𐑩𐑥	ˈʃeɪkdəm	high	
sherbet	𐑖𐑻𐑚𐑦𐑑	ʃɜːRbɪt	𐑖𐑻𐑚𐑩𐑑	ˈʃɜːRbət	high	
sherbet	𐑖𐑻𐑚𐑼𐑑	ˈʃɜːRbəRt	𐑖𐑻𐑚𐑩𐑑	ˈʃɜːRbət	high	
shew	𐑖𐑵	ʃuː	𐑖𐑴	ʃəʊ	high	
shish kebab	𐑖𐑦𐑖𐑒𐑩𐑚𐑨𐑚	ˌʃɪʃkəˈbæb	𐑖𐑦𐑖 𐑒𐑩𐑚𐑨𐑚	ˌʃɪʃ kəˈbæb	high	
shish kebab	𐑖𐑦𐑖𐑒𐑩𐑚𐑪𐑚	ˈʃɪʃkəbɒb	𐑖𐑦𐑖 𐑒𐑩𐑚𐑨𐑚	ˌʃɪʃ kəˈbæb	high	
shock	𐑖𐑷𐑒	ʃɔːk	𐑖𐑪𐑒	ʃɒk	high	
shoddy	𐑖𐑪𐑑𐑦	ˈʃɒti	𐑖𐑪𐑛𐑦	ˈʃɒdi	high	
shoddy	𐑖𐑷𐑛𐑦	ˈʃɔdi	𐑖𐑪𐑛𐑦	ˈʃɒdi	high	
shoe	𐑖𐑫	ˈʃu	𐑖𐑵	ʃuː	high	
shoe-leather	𐑖𐑵𐑤𐑧𐑞𐑼	ʃuːleðəR	𐑖𐑵-𐑤𐑧𐑞𐑼	ˈʃuː-leðəR	high	
shoemaker	𐑖𐑫𐑥𐑱𐑒𐑼	ˈʃuˌmeɪkəR	𐑖𐑵𐑥𐑱𐑒𐑼	ˈʃuːmeɪkəR	high	
shoestring	𐑖𐑫𐑕𐑑𐑮𐑦𐑙	ˈʃustrɪŋ	𐑖𐑵𐑕𐑑𐑮𐑦𐑙	ˈʃuːstrɪŋ	high	
shone	𐑖𐑴𐑯	ʃoʊn	𐑖𐑪𐑯	ʃɒn	high	
short-lived	𐑖𐑹𐑑𐑤𐑦𐑝𐑛	ʃɔːRtˈlɪvd	𐑖𐑹𐑑-𐑤𐑦𐑝𐑛	ʃɔːRt-ˈlɪvd	high	
short-lived	𐑖𐑹𐑑𐑤𐑲𐑝𐑛	ʃɔːRtˈlaɪvd	𐑖𐑹𐑑-𐑤𐑦𐑝𐑛	ʃɔːRt-ˈlɪvd	high	
short-winded	𐑖𐑹𐑑𐑢𐑦𐑯𐑛𐑩𐑛	ʃɔːRtwɪndƏd	𐑖𐑹𐑑-𐑢𐑦𐑯𐑛𐑩𐑛	ʃɔːRt-ˈwɪndƏd	high	
shortcoming	𐑖𐑪𐑮𐑑𐑒𐑳𐑥𐑦𐑙	ˈʃortˌkʌmɪŋ	𐑖𐑹𐑑𐑒𐑳𐑥𐑦𐑙	ˈʃɔːRtkʌmɪŋ	high	
shortcut	𐑖𐑪𐑮𐑑𐑒𐑳𐑑	ˈʃortˌkʌt	𐑖𐑹𐑑𐑒𐑳𐑑	ˈʃɔːRtkʌt	high	
shortest	𐑖𐑹𐑑𐑦𐑕𐑑	ʃɔːRtɪst	𐑖𐑹𐑑𐑩𐑕𐑑	ˈʃɔːRtəst	high	
showbiz	𐑖𐑴𐑚𐑩𐑟	ˈʃoʊˌbƏz	𐑖𐑴𐑚𐑦𐑟	ˈʃəʊbɪz	high	
showbusiness	𐑖𐑴𐑚𐑦𐑟𐑯𐑦𐑕	ˈʃoʊˌbɪznɪs	𐑖𐑴𐑚𐑦𐑟𐑯𐑩𐑕	ˈʃəʊˌbɪznəs	high	
shower	𐑖𐑴𐑼	ʃəʊər	𐑖𐑬𐑼	ˈʃaʊəR	high	
showroom	𐑖𐑴𐑮𐑫𐑥	ˈʃoʊˌrum	𐑖𐑴𐑮𐑵𐑥	ˈʃəʊruːm	high	
shrewsbury	𐑖𐑮𐑫𐑟𐑚𐑼𐑦	ˈʃruzbəri	𐑖𐑮𐑴𐑟𐑚𐑼𐑦	ˈʃrəʊzbəri	high	
shrewsbury	𐑖𐑮𐑴𐑟𐑚𐑮𐑦	ʃrəʊzbri	𐑖𐑮𐑴𐑟𐑚𐑼𐑦	ˈʃrəʊzbəri	high	
shrewsbury	𐑖𐑮𐑵𐑟𐑚𐑮𐑦	ʃruːzbri	𐑖𐑮𐑴𐑟𐑚𐑼𐑦	ˈʃrəʊzbəri	high	
shudder	𐑖𐑳𐑑𐑼	ˈʃʌtəR	𐑖𐑳𐑛𐑼	ˈʃʌdəR	high	
shunt	𐑖𐑩𐑯𐑑	ʃənt	𐑖𐑳𐑯𐑑	ʃʌnt	high	
shuttlecock	𐑖𐑳𐑑𐑤𐑒𐑪𐑒	ˈʃʌtlˌkɒk	𐑖𐑳𐑑𐑩𐑤𐑒𐑪𐑒	ˈʃʌtəlkɒk	high	
siberia	𐑕𐑲𐑚𐑦𐑮𐑦𐑩	saɪˈbɪriə	𐑕𐑲𐑚𐑽𐑾	saɪˈbɪərɪə	high	
siberia	𐑕𐑲𐑚𐑽𐑦𐑩	saɪbɪəriə	𐑕𐑲𐑚𐑽𐑾	saɪˈbɪərɪə	high	
siberian	𐑕𐑲𐑚𐑦𐑮𐑦𐑩𐑯	saɪˈbɪriən	𐑕𐑲𐑚𐑽𐑾𐑯	saɪˈbɪərɪən	high	
sibylline	𐑕𐑦𐑚𐑦𐑤𐑲𐑯	ˈsɪbɪlaɪn	𐑕𐑦𐑚𐑩𐑤𐑲𐑯	ˈsɪbəlaɪn	medium	ml_disagrees:𐑕𐑩𐑚𐑦𐑤𐑲𐑯; shave_says:𐑕𐑦𐑚𐑩𐑤𐑲𐑯
side	𐑕𐑦𐑛𐑱	ˈsideɪ	𐑕𐑲𐑛	saɪd	high	
side	𐑕𐑰𐑛𐑱	ˈsiːdeɪ	𐑕𐑲𐑛	saɪd	high	
sideburns	𐑕𐑲𐑛𐑚𐑼𐑯𐑟	ˈsaɪdbəRnz	𐑕𐑲𐑛𐑚𐑻𐑯𐑟	ˈsaɪdbɜːRnz	high	
sidereal	𐑕𐑦𐑛𐑽𐑦𐑩𐑤	sɪˈdɪəRiəl	𐑕𐑲𐑛𐑽𐑾𐑤	saɪˈdɪərɪəl	high	
sidereal	𐑕𐑲𐑛𐑽𐑦𐑩𐑤	saɪdɪəriəl	𐑕𐑲𐑛𐑽𐑾𐑤	saɪˈdɪərɪəl	high	
sidle	𐑕𐑲𐑛𐑤	ˈsaɪdl	𐑕𐑲𐑛𐑩𐑤	ˈsaɪdəl	high	
siege	𐑕𐑦𐑡	sidʒ	𐑕𐑰𐑡	siːdʒ	high	
signatory	𐑕𐑦𐑜𐑯𐑩𐑑𐑹𐑦	ˈsɪɡnətɔːri	𐑕𐑦𐑜𐑯𐑩𐑑𐑼𐑦	ˈsɪɡnətəri	high	
signature	𐑕𐑦𐑜𐑯𐑦𐑗𐑼	sɪɡnɪtʃər	𐑕𐑦𐑜𐑯𐑩𐑗𐑼	ˈsɪɡnətʃəR	high	
significant	𐑕𐑦𐑜𐑯𐑦𐑓𐑩𐑒𐑩𐑯𐑑	sɪɡˈnɪfəkənt	𐑕𐑦𐑜𐑯𐑦𐑓𐑦𐑒𐑩𐑯𐑑	sɪɡˈnɪfɪkənt	high	
significant	𐑕𐑦𐑜𐑯𐑦𐑓𐑩𐑜𐑩𐑯𐑑	sɪɡˈnɪfəɡənt	𐑕𐑦𐑜𐑯𐑦𐑓𐑦𐑒𐑩𐑯𐑑	sɪɡˈnɪfɪkənt	high	
significative	𐑕𐑦𐑜𐑯𐑦𐑓𐑦𐑒𐑱𐑑𐑦𐑝	sɪɡˈnɪfɪˌkeɪtɪv	𐑕𐑦𐑜𐑯𐑦𐑓𐑦𐑒𐑩𐑑𐑦𐑝	sɪɡˈnɪfɪkətɪv	high	
silicon	𐑕𐑦𐑤𐑩𐑒𐑪𐑯	ˈsɪləkɒn	𐑕𐑦𐑤𐑦𐑒𐑩𐑯	ˈsɪlɪkən	high	
similar	𐑕𐑦𐑥𐑤𐑼	ˈsɪmləR	𐑕𐑦𐑥𐑦𐑤𐑼	ˈsɪmɪləR	high	
similar	𐑕𐑦𐑥𐑩𐑤𐑼	sɪmələR	𐑕𐑦𐑥𐑦𐑤𐑼	ˈsɪmɪləR	high	
similarity	𐑕𐑦𐑥𐑦𐑤𐑨𐑮𐑩𐑑𐑦	sɪmɪlærəti	𐑕𐑦𐑥𐑦𐑤𐑨𐑮𐑦𐑑𐑦	ˌsɪmɪˈlærɪti	high	
similarity	𐑕𐑦𐑥𐑩𐑤𐑧𐑮𐑑𐑦	ˌsɪməˈlerti	𐑕𐑦𐑥𐑦𐑤𐑨𐑮𐑦𐑑𐑦	ˌsɪmɪˈlærɪti	high	
similarity	𐑕𐑦𐑥𐑩𐑤𐑧𐑮𐑩𐑑𐑦	ˌsɪməˈlerəti	𐑕𐑦𐑥𐑦𐑤𐑨𐑮𐑦𐑑𐑦	ˌsɪmɪˈlærɪti	high	
similarity	𐑕𐑦𐑥𐑩𐑤𐑨𐑮𐑩𐑑𐑦	sɪməlærəti	𐑕𐑦𐑥𐑦𐑤𐑨𐑮𐑦𐑑𐑦	ˌsɪmɪˈlærɪti	high	
similarly	𐑕𐑦𐑥𐑩𐑤𐑩𐑤𐑦	sɪmələli	𐑕𐑦𐑥𐑦𐑤𐑼𐑤𐑦	ˈsɪmɪləRli	medium	r_gap:spelling=1,ipa=0; shave_says:𐑕𐑦𐑥𐑦𐑤𐑼𐑤𐑦
similarly	𐑕𐑦𐑥𐑩𐑤𐑼𐑤𐑦	ˈsɪmələRli	𐑕𐑦𐑥𐑦𐑤𐑼𐑤𐑦	ˈsɪmɪləRli	high	
simpler	𐑕𐑦𐑥𐑐𐑩𐑤𐑼	sɪmpələR	𐑕𐑦𐑥𐑐𐑤𐑼	ˈsɪmpləR	high	
simplification	𐑕𐑦𐑥𐑐𐑤𐑩𐑓𐑩𐑒𐑱𐑖𐑩𐑯	ˌsɪmpləfəˈkeɪʃən	𐑕𐑦𐑥𐑐𐑤𐑦𐑓𐑦𐑒𐑱𐑖𐑩𐑯	ˌsɪmplɪfɪˈkeɪʃən	high	
simulacra	𐑕𐑦𐑥𐑘𐑩𐑼𐑤𐑱𐑒𐑮𐑩	sɪmjəəRleɪkrə	𐑕𐑦𐑥𐑘𐑩𐑤𐑱𐑒𐑮𐑩	ˌsɪmjəˈleɪkrə	high	
simulate	𐑕𐑦𐑥𐑘𐑩𐑤𐑦𐑑	ˈsɪmjəlɪt	𐑕𐑦𐑥𐑘𐑩𐑤𐑱𐑑	ˈsɪmjəleɪt	high	
simulate	𐑕𐑦𐑥𐑘𐑩𐑤𐑩𐑑	ˈsɪmjələt	𐑕𐑦𐑥𐑘𐑩𐑤𐑱𐑑	ˈsɪmjəleɪt	high	
simultaneity	𐑕𐑦𐑥𐑩𐑤𐑑𐑩𐑯𐑰𐑦𐑑𐑦	ˌsɪməltəˈniːɪti	𐑕𐑦𐑥𐑩𐑤𐑑𐑩𐑯𐑱𐑦𐑑𐑦	ˌsɪməltəˈneɪɪti	high	
simultaneity	𐑕𐑲𐑥𐑩𐑤𐑑𐑩𐑯𐑦𐑦𐑑𐑦	ˌsaɪməltəˈniɪti	𐑕𐑦𐑥𐑩𐑤𐑑𐑩𐑯𐑱𐑦𐑑𐑦	ˌsɪməltəˈneɪɪti	high	
simultaneous	𐑕𐑦𐑥𐑩𐑤𐑑𐑱𐑯𐑘𐑩𐑕	ˌsɪməlˈteɪnjəs	𐑕𐑦𐑥𐑩𐑤𐑑𐑱𐑯𐑾𐑕	ˌsɪməlˈteɪnɪəs	high	
simultaneous	𐑕𐑦𐑥𐑩𐑤𐑑𐑱𐑯𐑦𐑩𐑕	ˌsɪməlˈteɪniəs	𐑕𐑦𐑥𐑩𐑤𐑑𐑱𐑯𐑾𐑕	ˌsɪməlˈteɪnɪəs	high	
simultaneous	𐑕𐑲𐑥𐑩𐑤𐑑𐑱𐑯𐑘𐑩𐑕	ˌsaɪməlˈteɪnjəs	𐑕𐑦𐑥𐑩𐑤𐑑𐑱𐑯𐑾𐑕	ˌsɪməlˈteɪnɪəs	high	
simultaneous	𐑕𐑲𐑥𐑩𐑤𐑑𐑱𐑯𐑦𐑩𐑕	ˌsaɪməlˈteɪniəs	𐑕𐑦𐑥𐑩𐑤𐑑𐑱𐑯𐑾𐑕	ˌsɪməlˈteɪnɪəs	high	
simultaneously	𐑕𐑦𐑥𐑤𐑑𐑱𐑯𐑾𐑕𐑤𐑦	ˌsɪmlˈteɪnɪəsli	𐑕𐑦𐑥𐑩𐑤𐑑𐑱𐑯𐑾𐑕𐑤𐑦	ˌsɪməlˈteɪnɪəsli	high	
simultaneously	𐑕𐑲𐑥𐑤𐑑𐑱𐑯𐑾𐑕𐑤𐑦	ˌsaɪmlˈteɪnɪəsli	𐑕𐑦𐑥𐑩𐑤𐑑𐑱𐑯𐑾𐑕𐑤𐑦	ˌsɪməlˈteɪnɪəsli	high	
sincere	𐑕𐑦𐑯𐑕𐑦𐑮	sɪnˈsɪr	𐑕𐑦𐑯𐑕𐑽	sɪnˈsɪəR	high	
sincerely	𐑕𐑦𐑯𐑕𐑦𐑮𐑤𐑦	sɪnˈsɪrli	𐑕𐑦𐑯𐑕𐑽𐑤𐑦	sɪnˈsɪəRli	high	
sine die	𐑕𐑦𐑯𐑱 𐑛𐑦𐑱	ˈsɪneɪ ˈdieɪ	𐑕𐑦𐑯𐑱 𐑛𐑰𐑲	ˌsɪneɪ ˈdiːaɪ	high	
sine die	𐑕𐑦𐑯𐑱 𐑛𐑰𐑱	ˈsɪneɪ ˈdiːeɪ	𐑕𐑦𐑯𐑱 𐑛𐑰𐑲	ˌsɪneɪ ˈdiːaɪ	high	
sine die	𐑕𐑲𐑯𐑦 𐑛𐑨𐑰	ˈsaɪni ˈdaiː	𐑕𐑦𐑯𐑱 𐑛𐑰𐑲	ˌsɪneɪ ˈdiːaɪ	high	
sine qua non	𐑕𐑦𐑯𐑦 𐑒𐑢𐑪 𐑯𐑪𐑯	ˌsɪni kwɒ ˈnɒn	𐑕𐑦𐑯𐑱 𐑒𐑢𐑭 𐑯𐑴𐑯	ˌsɪneɪ kwɑː ˈnəʊn	high	
sine qua non	𐑕𐑦𐑯𐑦 𐑒𐑢𐑪 𐑯𐑴𐑯	ˌsɪni kwɒ ˈnoʊn	𐑕𐑦𐑯𐑱 𐑒𐑢𐑭 𐑯𐑴𐑯	ˌsɪneɪ kwɑː ˈnəʊn	high	
sine qua non	𐑕𐑦𐑯𐑱 𐑒𐑢𐑭 𐑯𐑪𐑯	ˌsɪneɪ kwɑː ˈnɒn	𐑕𐑦𐑯𐑱 𐑒𐑢𐑭 𐑯𐑴𐑯	ˌsɪneɪ kwɑː ˈnəʊn	high	
sine qua non	𐑕𐑲𐑯𐑦 𐑒𐑢𐑱 𐑯𐑪𐑯	ˌsaɪnɪ kweɪ ˈnɒn	𐑕𐑦𐑯𐑱 𐑒𐑢𐑭 𐑯𐑴𐑯	ˌsɪneɪ kwɑː ˈnəʊn	high	
sinecure	𐑕𐑦𐑯𐑦𐑒𐑘𐑩𐑼	sɪnɪkjəəR	𐑕𐑲𐑯𐑦𐑒𐑘𐑫𐑼	ˈsaɪnɪkjʊəR	medium	ml_disagrees:𐑕𐑦𐑯𐑦𐑒𐑘𐑫𐑼; shave_says:𐑕𐑲𐑯𐑦𐑒𐑘𐑫𐑼
sinecure	𐑕𐑦𐑯𐑩𐑒𐑘𐑼	ˈsɪnəˌkjər	𐑕𐑲𐑯𐑦𐑒𐑘𐑫𐑼	ˈsaɪnɪkjʊəR	high	
sinecure	𐑕𐑲𐑯𐑩𐑒𐑘𐑼	ˈsaɪnəˌkjər	𐑕𐑲𐑯𐑦𐑒𐑘𐑫𐑼	ˈsaɪnɪkjʊəR	high	
sinew	𐑕𐑦𐑯𐑘𐑫	ˈsɪnju	𐑕𐑦𐑯𐑿	ˈsɪnjuː	high	
singapore	𐑕𐑦𐑙𐑩𐑐𐑪𐑮	ˈsɪŋəpor	𐑕𐑦𐑙𐑩𐑐𐑹	ˌsɪŋəˈpɔːR	high	
singaporean	𐑕𐑦𐑙𐑜𐑩𐑐𐑪𐑮𐑦𐑩𐑯	ˌsɪŋɡəˈporiən	𐑕𐑦𐑙𐑩𐑐𐑹𐑾𐑯	ˌsɪŋəˈpɔːrɪən	high	
singaporean	𐑕𐑦𐑙𐑜𐑩𐑐𐑹𐑦𐑩𐑯	sɪŋɡəpɔːriən	𐑕𐑦𐑙𐑩𐑐𐑹𐑾𐑯	ˌsɪŋəˈpɔːrɪən	high	
singers	𐑕𐑦𐑯𐑡𐑼𐑟	ˈsɪndʒəRz	𐑕𐑦𐑙𐑼𐑟	ˈsɪŋəRz	high	
singsong	𐑕𐑦𐑙𐑕𐑷𐑙	ˈsɪŋsɔːŋ	𐑕𐑦𐑙𐑕𐑪𐑙	ˈsɪŋsɒŋ	high	
singularly	𐑕𐑦𐑙𐑜𐑘𐑩𐑤𐑩𐑤𐑦	sɪŋɡjələli	𐑕𐑦𐑙𐑜𐑘𐑩𐑤𐑼𐑤𐑦	ˈsɪŋɡjələRli	medium	r_gap:spelling=1,ipa=0; shave_says:𐑕𐑦𐑙𐑜𐑿𐑤𐑼𐑤𐑦
siree	𐑕𐑼𐑰	səriː	𐑕𐑻𐑰	ˌsɜːˈriː	high	
siren	𐑕𐑲𐑼𐑩𐑯	saɪərən	𐑕𐑲𐑮𐑩𐑯	ˈsaɪrən	high	
sister-in-law	𐑕𐑦𐑕𐑑𐑩𐑦𐑯𐑤𐑷	sɪstəɪnlɔː	𐑕𐑦𐑕𐑑𐑼-𐑦𐑯-𐑤𐑷	ˈsɪstər-ɪn-lɔː	medium	r_gap:spelling=1,ipa=0; shave_says:𐑕𐑦𐑕𐑑𐑼-𐑦𐑯-𐑤𐑷
sister-in-law	𐑕𐑦𐑕𐑑𐑼𐑦𐑯𐑤𐑷	ˈsɪstəRɪnlɔː	𐑕𐑦𐑕𐑑𐑼-𐑦𐑯-𐑤𐑷	ˈsɪstər-ɪn-lɔː	high	
sisterhood	𐑕𐑦𐑕𐑑𐑩𐑣𐑫𐑛	sɪstəhʊd	𐑕𐑦𐑕𐑑𐑼𐑣𐑫𐑛	ˈsɪstəRhʊd	medium	r_gap:spelling=1,ipa=0; shave_says:𐑕𐑦𐑕𐑑𐑼𐑣𐑫𐑛
sisterly	𐑕𐑦𐑕𐑑𐑩𐑤𐑦	sɪstəli	𐑕𐑦𐑕𐑑𐑼𐑤𐑦	ˈsɪstəRli	medium	r_gap:spelling=1,ipa=0; shave_says:𐑕𐑦𐑕𐑑𐑼𐑤𐑦
sit-up	𐑕𐑦𐑑𐑳𐑐	ˈsɪtʌp	𐑕𐑦𐑑-𐑳𐑐	ˈsɪt-ʌp	high	
sittingbourne	𐑕𐑦𐑑𐑦𐑙𐑚𐑩𐑯	sɪtɪŋbən	𐑕𐑦𐑑𐑦𐑙𐑚𐑹𐑯	ˈsɪtɪŋbɔːRn	medium	r_gap:spelling=1,ipa=0; shave_says:·𐑕𐑦𐑑𐑦𐑙𐑚𐑹𐑯
situation	𐑕𐑦𐑗𐑫𐑢𐑱𐑖𐑩𐑯	ˌsɪtʃuˈweɪʃən	𐑕𐑦𐑗𐑫𐑱𐑖𐑩𐑯	ˌsɪtʃuˈeɪʃən	high	
skeletal	𐑕𐑒𐑧𐑤𐑩𐑑𐑩𐑤	ˈskelətəl	𐑕𐑒𐑧𐑤𐑦𐑑𐑩𐑤	ˈskelɪtəl	high	
skeletal	𐑕𐑒𐑩𐑤𐑰𐑑𐑩𐑤	skəˈliːtəl	𐑕𐑒𐑧𐑤𐑦𐑑𐑩𐑤	ˈskelɪtəl	high	
skeleton	𐑕𐑒𐑧𐑤𐑦𐑑𐑯	ˈskelɪtn	𐑕𐑒𐑧𐑤𐑦𐑑𐑩𐑯	ˈskelɪtən	high	
skeleton	𐑕𐑒𐑧𐑤𐑩𐑑𐑩𐑯	ˈskelətən	𐑕𐑒𐑧𐑤𐑦𐑑𐑩𐑯	ˈskelɪtən	high	
skew	𐑕𐑒𐑘𐑫	skju	𐑕𐑒𐑿	skjuː	high	
skewer	𐑕𐑒𐑿𐑼	skjuːəR	𐑕𐑒𐑘𐑫𐑼	skjʊəR	high	
skews	𐑕𐑒𐑘𐑫𐑟	skjuz	𐑕𐑒𐑿𐑟	skjuːz	high	
ski	𐑖𐑰	ʃiː	𐑕𐑒𐑰	skiː	high	
skirt	𐑕𐑒𐑼𐑑	skəRt	𐑕𐑒𐑻𐑑	skɜːRt	high	
skylarking	𐑕𐑒𐑳𐑦𐑤𐑸𐑒𐑦𐑙	skʌɪlɑːRkɪŋ	𐑕𐑒𐑲𐑤𐑸𐑒𐑦𐑙	ˈskaɪlɑːRkɪŋ	high	
slalom	𐑕𐑤𐑷𐑤𐑩𐑥	ˈslɔːləm	𐑕𐑤𐑭𐑤𐑩𐑥	ˈslɑːləm	high	
slamming	𐑕𐑤𐑺𐑥𐑦𐑙	ˈsleəmɪŋ	𐑕𐑤𐑨𐑥𐑦𐑙	ˈslæmɪŋ	high	
slaver	𐑕𐑤𐑱𐑝𐑼	sleɪvəR	𐑕𐑤𐑨𐑝𐑼	ˈslævəR	high	
sleep	𐑕𐑤𐑦𐑐	slip	𐑕𐑤𐑰𐑐	sliːp	high	
slightingly	-𐑑𐑦𐑙-	-tɪŋ-	𐑕𐑤𐑲𐑑𐑦𐑙𐑤𐑦	ˈslaɪtɪŋli	high	
slogans	𐑕𐑤𐑴𐑜𐑩𐑯𐑕	ˈsloʊɡəns	𐑕𐑤𐑴𐑜𐑩𐑯𐑟	ˈsləʊɡənz	high	
sloth	𐑕𐑤𐑪𐑔	slɒθ	𐑕𐑤𐑴𐑔	sləʊθ	high	
sloth	𐑕𐑤𐑷𐑔	slɔːθ	𐑕𐑤𐑴𐑔	sləʊθ	high	
sloths	𐑕𐑤𐑪𐑔𐑕	slɒθs	𐑕𐑤𐑴𐑔𐑕	sləʊθs	high	
slouch	𐑕𐑤𐑨𐑢𐑗	slawtʃ	𐑕𐑤𐑬𐑗	slaʊtʃ	high	
slough	𐑕𐑤𐑵	sluː	𐑕𐑤𐑬, 𐑕𐑤𐑳𐑓	slaʊ	high	
slovakia	𐑕𐑤𐑴𐑝𐑨𐑒𐑦𐑩	sləʊˈvækiə	𐑕𐑤𐑩𐑝𐑨𐑒𐑾	sləˈvækɪə	high	
slovakia	𐑕𐑤𐑴𐑝𐑪𐑒𐑦𐑩	sloʊˈvɒkiə	𐑕𐑤𐑩𐑝𐑨𐑒𐑾	sləˈvækɪə	high	
slovakia	𐑕𐑤𐑴𐑝𐑭𐑒𐑦𐑩	sləʊˈvɑːkiə	𐑕𐑤𐑩𐑝𐑨𐑒𐑾	sləˈvækɪə	high	
slovenly	𐑕𐑤𐑪𐑝𐑩𐑯𐑤𐑦	ˈslɒvənli	𐑕𐑤𐑳𐑝𐑩𐑯𐑤𐑦	ˈslʌvənli	high	
slowest	𐑕𐑤𐑴𐑦𐑕𐑑	ˈsləʊɪst	𐑕𐑤𐑴𐑩𐑕𐑑	ˈsləʊəst	high	
slurry	𐑕𐑤𐑻𐑦	ˈslɜːRi	𐑕𐑤𐑳𐑮𐑦	ˈslʌri	medium	r_gap:spelling=2,ipa=1
smallest	𐑕𐑥𐑷𐑤𐑦𐑕𐑑	ˈsmɔːlɪst	𐑕𐑥𐑷𐑤𐑩𐑕𐑑	ˈsmɔːləst	high	
smear	𐑕𐑥𐑦𐑼	smiəR	𐑕𐑥𐑽	smɪəR	high	
smithereens	𐑕𐑥𐑦𐑞𐑼𐑦𐑯𐑟	ˌsmɪðəˈrinz	𐑕𐑥𐑦𐑞𐑼𐑰𐑯𐑟	ˌsmɪðəˈriːnz	high	
smithsonian	𐑕𐑥𐑦𐑔𐑕𐑴𐑯𐑦𐑩𐑯	smɪθˈsəʊniən	𐑕𐑥𐑦𐑔𐑕𐑴𐑯𐑾𐑯	smɪθˈsəʊniən	high	
smog	𐑕𐑥𐑷𐑜	smɔːɡ	𐑕𐑥𐑪𐑜	smɒɡ	high	
smorgasbord	𐑕𐑥𐑹𐑜𐑨𐑕𐑚𐑹𐑛	smɔːRɡæsbɔːRd	𐑕𐑥𐑹𐑜𐑩𐑕𐑚𐑹𐑛	ˈsmɔːRɡəsbɔːRd	high	
smorgasbord	𐑕𐑥𐑻𐑜𐑩𐑕𐑚𐑹𐑛	smɜːRɡəsbɔːRd	𐑕𐑥𐑹𐑜𐑩𐑕𐑚𐑹𐑛	ˈsmɔːRɡəsbɔːRd	high	
smorgasbord	𐑕𐑥𐑻𐑜𐑴𐑕𐑚𐑫𐑼𐑛	smɜːRɡəʊsbʊəRd	𐑕𐑥𐑹𐑜𐑩𐑕𐑚𐑹𐑛	ˈsmɔːRɡəsbɔːRd	high	
smorgasbord	𐑖𐑥𐑹-	ˈʃmɔːR-	𐑕𐑥𐑹𐑜𐑩𐑕𐑚𐑹𐑛	ˈsmɔːRɡəsbɔːRd	medium	r_gap:spelling=2,ipa=1
smother	𐑕𐑥𐑩𐑞𐑼	ˈsməðər	𐑕𐑥𐑳𐑞𐑼	ˈsmʌðəR	high	
smuggler	𐑕𐑥𐑳𐑜𐑩𐑤𐑼	smʌɡələr	𐑕𐑥𐑳𐑜𐑤𐑼	ˈsmʌɡləR	high	
snares	𐑕𐑯𐑻𐑟	snɜːRz	𐑕𐑯𐑺𐑟	sneəRz	high	
sneaker	𐑕𐑯𐑦𐑒𐑼	ˈsnikəR	𐑕𐑯𐑰𐑒𐑼	ˈsniːkəR	high	
sneakers	𐑕𐑯𐑦𐑒𐑼𐑟	ˈsnikəRz	𐑕𐑯𐑰𐑒𐑼𐑟	ˈsniːkəRz	high	
sneered	𐑕𐑯𐑦𐑮𐑛	snɪrd	𐑕𐑯𐑽𐑛	snɪəRd	high	
sneers	𐑕𐑯𐑦𐑮𐑟	snɪrz	𐑕𐑯𐑽𐑟	snɪəRz	high	
snippet	𐑕𐑯𐑦𐑐𐑦𐑑	ˈsnɪpɪt	𐑕𐑯𐑦𐑐𐑩𐑑	ˈsnɪpIt	high	
snooker	𐑕𐑯𐑫𐑒𐑼	ˈsnʊkəR	𐑕𐑯𐑵𐑒𐑼	ˈsnuːkəR	high	
snooty	-𐑑𐑦	-ti	𐑕𐑯𐑵𐑑𐑦	ˈsnuːti	high	
snooty	𐑕𐑯𐑫𐑑𐑦	ˈsnuti	𐑕𐑯𐑵𐑑𐑦	ˈsnuːti	high	
snore	𐑕𐑯𐑪𐑮	snor	𐑕𐑯𐑹	snɔːR	high	
snowshoe	𐑕𐑯𐑴𐑖𐑫	ˈsnoʊʃu	𐑕𐑯𐑴𐑖𐑵	ˈsnəʊʃuː	high	
so-called	𐑕𐑴𐑒𐑷𐑤𐑛	ˈsəʊˌkɔːld	𐑕𐑴-𐑒𐑷𐑤𐑛	səʊ-ˈkɔːld	high	
soar	𐑕𐑪𐑮	sor	𐑕𐑹	sɔːR	high	
sob	𐑧𐑕 𐑴 𐑚𐑦	ˌes oʊ ˈbi	𐑕𐑪𐑚	sɒb	high	
sobriety	𐑕𐑩𐑚𐑮𐑲𐑦𐑑𐑦	səbraɪɪti	𐑕𐑩𐑚𐑮𐑲𐑩𐑑𐑦	səˈbraɪəti	high	
sobriquet	𐑕𐑴𐑚𐑮𐑦𐑒𐑧𐑑	ˈsoʊbrɪket	𐑕𐑴𐑚𐑮𐑦𐑒𐑱	ˈsəʊbrɪkeɪ	high	
soc	𐑕𐑴𐑖	səʊʃ	𐑕𐑪𐑒	sɒk	high	
sociability	𐑕𐑴𐑕𐑘𐑩𐑚𐑦𐑤𐑩𐑑𐑦	ˌsoʊsjəˈbɪləti	𐑕𐑴𐑖𐑩𐑚𐑦𐑤𐑦𐑑𐑦	ˌsəʊʃəˈbɪlɪti	high	
sociability	𐑕𐑴𐑖𐑩𐑚𐑦𐑤𐑩𐑑𐑦	ˌsoʊʃəˈbɪləti	𐑕𐑴𐑖𐑩𐑚𐑦𐑤𐑦𐑑𐑦	ˌsəʊʃəˈbɪlɪti	high	
socio-	𐑕𐑴𐑕𐑦-	ˌsəʊsi-	𐑕𐑴𐑖𐑦𐑴-	ˈˌsəʊʃiəʊ-	high	
socio-	𐑕𐑴𐑖𐑦	ˌsəʊʃi	𐑕𐑴𐑖𐑦𐑴-	ˈˌsəʊʃiəʊ-	high	
sociology	𐑕𐑴𐑕𐑦𐑪𐑤𐑩𐑡𐑦	ˌsoʊsiˈɒlədʒi	𐑕𐑴𐑖𐑦𐑪𐑤𐑩𐑡𐑦	ˌsəʊʃɪˈɒlədʒi	high	
sociology	𐑕𐑴𐑕𐑰𐑪𐑤𐑩𐑡𐑰	ˌsəʊsiːˈɒlədʒiː	𐑕𐑴𐑖𐑦𐑪𐑤𐑩𐑡𐑦	ˌsəʊʃɪˈɒlədʒi	high	
sociology	𐑕𐑴𐑖𐑰𐑪𐑤𐑩𐑡𐑰	ˌsəʊʃiːˈɒlədʒiː	𐑕𐑴𐑖𐑦𐑪𐑤𐑩𐑡𐑦	ˌsəʊʃɪˈɒlədʒi	high	
socket	𐑕𐑪𐑒𐑦𐑑	ˈsɒkɪt	𐑕𐑪𐑒𐑩𐑑	ˈsɒkIt	high	
socking	𐑕𐑷𐑒𐑦𐑙	ˈsɔːkɪŋ	𐑕𐑪𐑒𐑦𐑙	ˈsɒkɪŋ	high	
socks	𐑕𐑭𐑒𐑕	sɑːks	𐑕𐑪𐑒𐑕	sɒks	high	
sodium	𐑕𐑴𐑑𐑦𐑩𐑥	ˈsoʊtiəm	𐑕𐑴𐑛𐑾𐑥	ˈsəʊdɪəm	high	
sodium	𐑕𐑴𐑛𐑦𐑩𐑥	ˈsoʊdiəm	𐑕𐑴𐑛𐑾𐑥	ˈsəʊdɪəm	high	
sofia	𐑕𐑪𐑓𐑰𐑩	sɒˈfiːə	𐑕𐑴𐑓𐑾	ˈsəʊfɪə	high	
sofia	𐑕𐑴𐑓𐑦𐑘𐑩	ˈsoʊfijə	𐑕𐑴𐑓𐑾	ˈsəʊfɪə	high	
sofia	𐑕𐑴𐑓𐑦𐑩	ˈsoʊfiə	𐑕𐑴𐑓𐑾	ˈsəʊfɪə	high	
soft	𐑕𐑷𐑓𐑑	sɔːft	𐑕𐑪𐑓𐑑	sɒft	high	
soft-pedal	𐑕𐑪𐑓𐑑-	ˈsɒft-	𐑕𐑪𐑓𐑑-𐑐𐑧𐑛𐑩𐑤	sɒft-ˈpedəl	high	
soft-pedal	𐑕𐑪𐑓𐑑𐑐𐑧𐑛𐑩𐑤	ˌsɒftˈpedəl	𐑕𐑪𐑓𐑑-𐑐𐑧𐑛𐑩𐑤	sɒft-ˈpedəl	high	
soft-pedal	𐑕𐑷𐑓𐑑𐑐𐑧𐑛𐑩𐑤	ˈsɔːftˌpedəl	𐑕𐑪𐑓𐑑-𐑐𐑧𐑛𐑩𐑤	sɒft-ˈpedəl	high	
soft-spoken	𐑕𐑪𐑓𐑑𐑕𐑐𐑴𐑒𐑩𐑯	ˈsɒftˌspəʊkən	𐑕𐑪𐑓𐑑-𐑕𐑐𐑴𐑒𐑩𐑯	sɒft-ˈspəʊkən	high	
soft-spoken	𐑕𐑷𐑓𐑑𐑕𐑐𐑴𐑒𐑩𐑯	ˈsɔːftˌspoʊkən	𐑕𐑪𐑓𐑑-𐑕𐑐𐑴𐑒𐑩𐑯	sɒft-ˈspəʊkən	high	
soften	𐑕𐑪𐑓𐑑𐑩𐑯	ˈsɒftən	𐑕𐑪𐑓𐑩𐑯	ˈsɒfən	high	
softened	𐑕𐑷𐑓𐑩𐑯𐑛	ˈsɔːfənd	𐑕𐑪𐑓𐑩𐑯𐑛	ˈsɒfənd	high	
softener	𐑕𐑷𐑓𐑩𐑯𐑼	ˈsɔːfənər	𐑕𐑪𐑓𐑩𐑯𐑼	ˈsɒfənəR	high	
softly	𐑕𐑷𐑓𐑑𐑤𐑦	ˈsɔːftli	𐑕𐑪𐑓𐑑𐑤𐑦	ˈsɒftli	high	
softness	𐑕𐑷𐑓𐑑𐑯𐑩𐑕	ˈsɔːftnəs	𐑕𐑪𐑓𐑑𐑯𐑩𐑕	ˈsɒftnəs	high	
software	𐑕𐑪𐑓𐑑𐑢𐑧𐑮	ˈsɒftˌwer	𐑕𐑪𐑓𐑑𐑢𐑺	ˈsɒftweəR	high	
software	𐑕𐑷𐑓𐑑𐑢𐑧𐑮	ˈsɔːftˌwer	𐑕𐑪𐑓𐑑𐑢𐑺	ˈsɒftweəR	high	
soilure	𐑕𐑶𐑤𐑘𐑩𐑼	sɔɪljəəR	𐑕𐑶𐑤𐑘𐑼	ˈsɔɪljəR	high	
sojourn	𐑕𐑪𐑡𐑻𐑯	sɒdʒɜːRn	𐑕𐑪𐑡𐑼𐑯	ˈsɒdʒəRn	high	
sojourn	𐑕𐑴𐑡𐑻𐑯	səʊdʒɜːRn	𐑕𐑪𐑡𐑼𐑯	ˈsɒdʒəRn	high	
sojourn	𐑕𐑴𐑡𐑼𐑯	ˈsoʊdʒəRn	𐑕𐑪𐑡𐑼𐑯	ˈsɒdʒəRn	high	
sojourner	𐑕𐑪𐑡𐑩𐑯𐑼	sɒdʒənəR	𐑕𐑪𐑡𐑼𐑯𐑼	ˈsɒdʒəRnəR	medium	r_gap:spelling=2,ipa=1; shave_says:𐑕𐑪𐑡𐑼𐑯𐑼
sojourner	𐑕𐑴𐑡𐑻𐑯𐑼	soʊˈdʒɜːRnəR	𐑕𐑪𐑡𐑼𐑯𐑼	ˈsɒdʒəRnəR	high	
sojourner	𐑕𐑴𐑡𐑼𐑯𐑼	ˈsoʊdʒəRnəR	𐑕𐑪𐑡𐑼𐑯𐑼	ˈsɒdʒəRnəR	high	
sol	𐑕𐑴𐑤	səʊl	𐑕𐑪𐑤	sɒl	high	
sol	𐑕𐑷𐑤	sɔːl	𐑕𐑪𐑤	sɒl	high	
solder	𐑕𐑪𐑤𐑛𐑼	sɒldər	𐑕𐑪𐑛𐑼, 𐑕𐑴𐑤𐑛𐑼	ˈsəʊldəR	high	
solder	𐑕𐑴𐑛𐑼	ˈsoʊdəR	𐑕𐑪𐑛𐑼, 𐑕𐑴𐑤𐑛𐑼	ˈsəʊldəR	high	
solder	𐑕𐑷𐑛𐑼	ˈsɔːdəR	𐑕𐑪𐑛𐑼, 𐑕𐑴𐑤𐑛𐑼	ˈsəʊldəR	high	
soldering	𐑕𐑴𐑛𐑼𐑦𐑙	ˈsəʊdərɪŋ	𐑕𐑪𐑛𐑼𐑦𐑙, 𐑕𐑴𐑤𐑛𐑼𐑦𐑙	ˈsəʊldərɪŋ	high	
soldier	𐑕𐑪𐑤𐑡𐑼	sɒldʒəR	𐑕𐑴𐑤𐑡𐑼	ˈsəʊldʒəR	high	
soldiers	𐑕𐑪𐑤𐑡𐑼𐑟	sɒldʒəRz	𐑕𐑴𐑤𐑡𐑼𐑟	ˈsəʊldʒəRz	high	
solecism	𐑕𐑪𐑤𐑩𐑕𐑦𐑟𐑩𐑥	ˈsɒləsɪzəm	𐑕𐑪𐑤𐑦𐑕𐑦𐑟𐑩𐑥	ˈsɒlɪsɪzəm	high	
solecism	𐑕𐑴𐑤𐑦𐑕𐑦𐑟𐑩𐑥	ˈsoʊlɪsɪzəm	𐑕𐑪𐑤𐑦𐑕𐑦𐑟𐑩𐑥	ˈsɒlɪsɪzəm	high	
solicitor	𐑕𐑩𐑤𐑦𐑕𐑑𐑼	səlɪstəR	𐑕𐑩𐑤𐑦𐑕𐑦𐑑𐑼	səˈlɪsɪtəR	high	
solid	𐑕𐑪𐑤𐑩𐑛	ˈsɒlƏd	𐑕𐑪𐑤𐑦𐑛	ˈsɒlɪd	high	
solidarity	𐑕𐑪𐑤𐑦𐑛𐑨𐑮𐑑𐑦	sɒlɪdærti	𐑕𐑪𐑤𐑦𐑛𐑨𐑮𐑦𐑑𐑦	ˌsɒlɪˈdærɪti	high	
solidarity	𐑕𐑪𐑤𐑦𐑛𐑨𐑮𐑩𐑑𐑦	sɒlɪdærəti	𐑕𐑪𐑤𐑦𐑛𐑨𐑮𐑦𐑑𐑦	ˌsɒlɪˈdærɪti	high	
solidarity	𐑕𐑪𐑤𐑩𐑛𐑧𐑮𐑩𐑑𐑦	ˌsɒləˈderəti	𐑕𐑪𐑤𐑦𐑛𐑨𐑮𐑦𐑑𐑦	ˌsɒlɪˈdærɪti	high	
solidarity	𐑕𐑪𐑤𐑩𐑛𐑨𐑮𐑑𐑦	ˌsɒləˈdærti	𐑕𐑪𐑤𐑦𐑛𐑨𐑮𐑦𐑑𐑦	ˌsɒlɪˈdærɪti	high	
solidarity	𐑕𐑪𐑤𐑩𐑛𐑨𐑮𐑩𐑑𐑦	ˌsɒləˈdærəti	𐑕𐑪𐑤𐑦𐑛𐑨𐑮𐑦𐑑𐑦	ˌsɒlɪˈdærɪti	high	
solidify	𐑕𐑩𐑤𐑦𐑑𐑩𐑓𐑲	səˈlɪtəˌfaɪ	𐑕𐑩𐑤𐑦𐑛𐑦𐑓𐑲	səˈlɪdɪfaɪ	high	
solidify	𐑕𐑩𐑤𐑦𐑛𐑩𐑓𐑲	səˈlɪdəˌfaɪ	𐑕𐑩𐑤𐑦𐑛𐑦𐑓𐑲	səˈlɪdɪfaɪ	high	
solihull	𐑕𐑪𐑤𐑦𐑣𐑳𐑤	ˈsɒlɪhʌl	𐑕𐑴𐑤𐑦𐑣𐑳𐑤	ˌsəʊlɪˈhʌl	high	
solitaire	𐑕𐑪𐑤𐑩𐑑𐑼	ˈsɒləˌtəR	𐑕𐑪𐑤𐑦𐑑𐑺	ˌsɒlɪˈteəR	high	
solitary	𐑕𐑪𐑤𐑦𐑑𐑧𐑮𐑦	ˈsɒlɪˌteri	𐑕𐑪𐑤𐑦𐑑𐑼𐑦	ˈsɒlɪtəri	high	
solitude	𐑕𐑪𐑤𐑦𐑑𐑫𐑛	ˈsɒlɪˌtud	𐑕𐑪𐑤𐑦𐑑𐑵𐑛, 𐑕𐑪𐑤𐑦𐑑𐑿𐑛	ˈsɒlɪtjuːd	high	
solon	𐑕𐑴𐑤𐑩𐑯	ˈsəʊlən	𐑕𐑴𐑤𐑪𐑯	ˈsəʊlɒn	high	
solstice	𐑕𐑴𐑤𐑕𐑑𐑦𐑕	ˈsəʊlstɪs	𐑕𐑪𐑤𐑕𐑑𐑦𐑕	ˈsɒlstɪs	high	
solubility	𐑕𐑷𐑤𐑘𐑫𐑚𐑦𐑤𐑦𐑑𐑦	ˌsɔːljuˈbɪlɪti	𐑕𐑪𐑤𐑘𐑩𐑚𐑦𐑤𐑦𐑑𐑦	ˌsɒljəˈbɪlɪti	high	
solve	𐑕𐑷𐑤𐑝	sɔːlv	𐑕𐑪𐑤𐑝	sɒlv	high	
solve	𐑕𐑷𐑫𐑝	sɔʊv	𐑕𐑪𐑤𐑝	sɒlv	high	
solvent	𐑕𐑷𐑤𐑝𐑩𐑯𐑑	ˈsɔːlvənt	𐑕𐑪𐑤𐑝𐑩𐑯𐑑	ˈsɒlvənt	high	
somali	𐑕𐑴𐑥𐑭𐑤𐑦	soʊˈmɑːli	𐑕𐑩𐑥𐑭𐑤𐑦	səˈmɑːli	high	
somatic	𐑕𐑩𐑥𐑨𐑑𐑦𐑒	səˈmætɪk	𐑕𐑴𐑥𐑨𐑑𐑦𐑒	səʊˈmætɪk	high	
sombrero	𐑕𐑩𐑥𐑚𐑮𐑧𐑮𐑴	səmbrerəʊ	𐑕𐑪𐑥𐑚𐑮𐑺𐑴	sɒmˈbreərəʊ	high	
sombrero	𐑕𐑪𐑥𐑚𐑮𐑧𐑮𐑴	sɒmbrerəʊ	𐑕𐑪𐑥𐑚𐑮𐑺𐑴	sɒmˈbreərəʊ	high	
sombrero	𐑕𐑴𐑥𐑚𐑮𐑧𐑮𐑴	soʊmˈbreroʊ	𐑕𐑪𐑥𐑚𐑮𐑺𐑴	sɒmˈbreərəʊ	high	
somebody	𐑕𐑳𐑥𐑚𐑩𐑛𐑦	ˈsʌmˌbədi	𐑕𐑳𐑥𐑚𐑪𐑛𐑦	ˈsʌmbɒdi	high	
somersault	𐑕𐑳𐑥𐑩𐑕𐑪𐑤𐑑	sʌməsɒlt	𐑕𐑳𐑥𐑼𐑕𐑷𐑤𐑑	ˈsʌməRsɔːlt	medium	r_gap:spelling=1,ipa=0; shave_says:𐑕𐑳𐑥𐑼𐑕𐑷𐑤𐑑
somersault	𐑕𐑳𐑥𐑩𐑕𐑷𐑤𐑑	sʌməsɔːlt	𐑕𐑳𐑥𐑼𐑕𐑷𐑤𐑑	ˈsʌməRsɔːlt	medium	r_gap:spelling=1,ipa=0; shave_says:𐑕𐑳𐑥𐑼𐑕𐑷𐑤𐑑
somerset	𐑕𐑳𐑥𐑩𐑕𐑧𐑑	sʌməset	𐑕𐑳𐑥𐑼𐑕𐑩𐑑	ˈsʌməRsət	medium	r_gap:spelling=1,ipa=0; shave_says:·𐑕𐑳𐑥𐑼𐑕𐑧𐑑
somerset	𐑕𐑳𐑥𐑼𐑕𐑧𐑑	ˈsʌməRset	𐑕𐑳𐑥𐑼𐑕𐑩𐑑	ˈsʌməRsət	high	
somewhere	𐑕𐑳𐑥𐑢𐑧𐑮	ˈsʌmwer	𐑕𐑳𐑥𐑢𐑺	ˈsʌmʍeəR	high	
somewhere	𐑕𐑳𐑥𐑢𐑻	sʌmwɜːR	𐑕𐑳𐑥𐑢𐑺	ˈsʌmʍeəR	high	
somnambulate	𐑕𐑩𐑥𐑯𐑨𐑥𐑚𐑘𐑩𐑤𐑱𐑑	səmˈnæmbjəˌleɪt	𐑕𐑪𐑥𐑯𐑨𐑥𐑚𐑘𐑩𐑤𐑱𐑑	sɒmˈnæmbjəleɪt	high	
somnambulate	𐑕𐑪𐑥𐑯𐑨𐑥𐑚𐑘𐑫𐑤𐑱𐑑	sɒmˈnæmbjuˌleɪt	𐑕𐑪𐑥𐑯𐑨𐑥𐑚𐑘𐑩𐑤𐑱𐑑	sɒmˈnæmbjəleɪt	high	
somnolent	𐑕𐑭𐑥𐑯𐑩𐑤𐑩𐑯𐑑	ˈsɑːmnələnt	𐑕𐑪𐑥𐑯𐑩𐑤𐑩𐑯𐑑	ˈsɒmnələnt	high	
song	𐑕𐑷𐑙	sɔːŋ	𐑕𐑪𐑙	sɒŋ	high	
songbird	𐑕𐑷𐑙𐑚𐑻𐑛	ˈsɔːŋˌbɜːRd	𐑕𐑪𐑙𐑚𐑻𐑛	ˈsɒŋbɜːRd	high	
songs	𐑕𐑷𐑙𐑟	sɔːŋz	𐑕𐑪𐑙𐑟	sɒŋz	high	
songstress	𐑕𐑪𐑙𐑜𐑕𐑑𐑮𐑦𐑕	ˈsɒŋɡstrɪs	𐑕𐑪𐑙𐑕𐑑𐑮𐑩𐑕	ˈsɒŋstrƏs	high	
sonorous	𐑕𐑩𐑯𐑹𐑩𐑕	sənɔːrəs	𐑕𐑪𐑯𐑼𐑩𐑕	ˈsɒnərəs	high	
sonorous	𐑕𐑭𐑯𐑼𐑩𐑕	ˈsɑːnəRəs	𐑕𐑪𐑯𐑼𐑩𐑕	ˈsɒnərəs	high	
sonorous	𐑕𐑴𐑯𐑼𐑩𐑕	ˈsoʊnərəs	𐑕𐑪𐑯𐑼𐑩𐑕	ˈsɒnərəs	high	
soon	𐑕𐑫𐑯	sun	𐑕𐑵𐑯	suːn	high	
sooner	𐑕𐑫𐑯𐑼	ˈsunəR	𐑕𐑵𐑯𐑼	ˈsuːnəR	high	
soothsayer	𐑕𐑫𐑔𐑕𐑱𐑼	ˈsuθˌseɪəR	𐑕𐑵𐑔𐑕𐑱𐑼	ˈsuːθseɪəR	high	
sophia	𐑕𐑩𐑓𐑰𐑩	səˈfiːə	𐑕𐑩𐑓𐑾	səˈfiːə	high	
sophia	𐑕𐑩𐑓𐑲𐑩	səˈfaɪə	𐑕𐑩𐑓𐑾	səˈfiːə	high	
sophia	𐑕𐑴𐑓𐑦𐑩	ˈsəʊfiə	𐑕𐑩𐑓𐑾	səˈfiːə	high	
sophist	𐑕𐑴𐑓𐑦𐑕𐑑	ˈsoʊfɪst	𐑕𐑪𐑓𐑦𐑕𐑑	ˈsɒfɪst	high	
sophomore	𐑕𐑪𐑓𐑥𐑹	ˈsɒfmɔːR	𐑕𐑪𐑓𐑩𐑥𐑹	ˈsɒfəmɔːR	high	
sophomore	𐑕𐑷𐑓𐑥𐑹	ˈsɔːfmɔːR	𐑕𐑪𐑓𐑩𐑥𐑹	ˈsɒfəmɔːR	high	
sophy	𐑕𐑪𐑓𐑦	ˈsɒfi	𐑕𐑴𐑓𐑦	ˈsəʊfi	high	
soporific	𐑕𐑴𐑐𐑼𐑦𐑓𐑦𐑒	səʊpərɪfɪk	𐑕𐑪𐑐𐑼𐑦𐑓𐑦𐑒	ˌsɒpəˈrɪfɪk	high	
sorcerer	𐑕𐑪𐑮𐑕𐑼𐑼	ˈsorsəRəR	𐑕𐑹𐑕𐑼𐑼	ˈsɔːRsərəR	high	
sordid	𐑕𐑹𐑛𐑩𐑛	sɔːRdƏd	𐑕𐑹𐑛𐑦𐑛	ˈsɔːRdɪd	high	
sore	𐑕𐑪𐑮	sor	𐑕𐑹	sɔːR	high	
sorority	𐑕𐑼𐑹𐑩𐑑𐑦	səˈrɔːRəti	𐑕𐑼𐑪𐑮𐑦𐑑𐑦	səˈrɒrɪti	high	
sorrel	𐑕𐑸𐑩𐑤	ˈsɑːRəl	𐑕𐑪𐑮𐑩𐑤	ˈsɒrəl	medium	r_gap:spelling=2,ipa=1
sorrel	𐑕𐑹𐑩𐑤	ˈsɔːRəl	𐑕𐑪𐑮𐑩𐑤	ˈsɒrəl	medium	r_gap:spelling=2,ipa=1
sorrow	𐑕𐑸𐑴	ˈsɑːRoʊ	𐑕𐑪𐑮𐑴	ˈsɒrəʊ	medium	r_gap:spelling=2,ipa=1
sorrowful	𐑕𐑪𐑮𐑩𐑓𐑩𐑤	sɒrəfəl	𐑕𐑪𐑮𐑴𐑓𐑩𐑤	ˈsɒrəʊfəl	medium	r_gap:spelling=2,ipa=1; shave_says:𐑕𐑪𐑮𐑴𐑓𐑩𐑤
sorrowful	𐑕𐑸𐑩𐑓𐑩𐑤	ˈsɑːRəfəl	𐑕𐑪𐑮𐑴𐑓𐑩𐑤	ˈsɒrəʊfəl	medium	r_gap:spelling=2,ipa=1
sorrowful	𐑕𐑸𐑴𐑓𐑩𐑤	ˈsɑːRoʊfəl	𐑕𐑪𐑮𐑴𐑓𐑩𐑤	ˈsɒrəʊfəl	medium	r_gap:spelling=2,ipa=1
sorrows	𐑕𐑸𐑴𐑟	ˈsɑːRoʊz	𐑕𐑪𐑮𐑴𐑟	ˈsɒrəʊz	medium	r_gap:spelling=2,ipa=1
sorry	𐑕𐑸𐑦	ˈsɑːRi	𐑕𐑪𐑮𐑦	ˈsɒri	medium	r_gap:spelling=2,ipa=1
sort	𐑕𐑪𐑮𐑑	sort	𐑕𐑹𐑑	sɔːRt	high	
sort of	𐑕𐑩𐑑𐑩𐑝	sətəv	𐑕𐑹𐑑 𐑝	sɔːRt V	medium	r_gap:spelling=1,ipa=0; shave_says:𐑕𐑹𐑑 𐑝
sort of	𐑕𐑹𐑑𐑩𐑝	sɔːRtəv	𐑕𐑹𐑑 𐑝	sɔːRt V	high	
sortie	-𐑑𐑦	-ti	𐑕𐑹𐑑𐑦	ˈsɔːRti	medium	r_gap:spelling=1,ipa=0
sotto voce	-𐑗𐑱	-tʃeɪ	𐑕𐑪𐑑𐑴 𐑝𐑴𐑗𐑱	ˌsɒtəʊ ˈvəʊtʃeɪ	high	
sotto voce	𐑕𐑪𐑑𐑴 𐑝𐑴𐑗𐑦	ˌsɒtoʊ ˈvoʊtʃi	𐑕𐑪𐑑𐑴 𐑝𐑴𐑗𐑱	ˌsɒtəʊ ˈvəʊtʃeɪ	high	
soul	𐑕𐑷𐑫𐑤	sɔʊl	𐑕𐑴𐑤	səʊl	high	
soup	𐑕𐑫𐑐	sup	𐑕𐑵𐑐	suːp	high	
souped-up	𐑕𐑫𐑐𐑑 𐑳𐑐	ˈsupt ʌp	𐑕𐑵𐑐𐑑-𐑳𐑐	ˌsuːpt-ˈʌp	high	
souped-up	𐑕𐑵𐑐𐑑 𐑳𐑐	ˈsuːpt ʌp	𐑕𐑵𐑐𐑑-𐑳𐑐	ˌsuːpt-ˈʌp	high	
south	𐑕𐑳𐑫𐑔	sʌʊθ	𐑕𐑬𐑔	saʊθ	high	
southampton	𐑕𐑬𐑔𐑣𐑨𐑥𐑐𐑑𐑩𐑯	saʊθˈhæmptən	𐑕𐑬𐑔𐑨𐑥𐑑𐑩𐑯	saʊθˈæmtən	high	
southampton	𐑕𐑬𐑔𐑨𐑥𐑐𐑑𐑩𐑯	saʊθˈæmptən	𐑕𐑬𐑔𐑨𐑥𐑑𐑩𐑯	saʊθˈæmtən	high	
southerly	𐑕𐑳𐑞𐑩𐑤𐑰	sʌðəliː	𐑕𐑳𐑞𐑼𐑤𐑦	ˈsʌðəRli	medium	r_gap:spelling=1,ipa=0; shave_says:𐑕𐑳𐑞𐑼𐑤𐑦
southward	𐑕𐑳𐑞𐑼𐑛	sʌðəRd	𐑕𐑬𐑔𐑢𐑼𐑛	ˈsaʊθwəRd	high	
souvenir	𐑕𐑫𐑝𐑩𐑯𐑦𐑮	ˈsuvəˌnɪr	𐑕𐑵𐑝𐑩𐑯𐑽	ˌsuːvəˈnɪəR	high	
sovereign	𐑕𐑪𐑝𐑮𐑦𐑯	sɒvrɪn	𐑕𐑪𐑝𐑮𐑩𐑯	ˈsɒvrən	high	
sovereign	𐑕𐑪𐑝𐑼𐑦𐑯	ˈsɒvərɪn	𐑕𐑪𐑝𐑮𐑩𐑯	ˈsɒvrən	high	
sovereigns	𐑕𐑪𐑝𐑮𐑦𐑯𐑟	sɒvrɪnz	𐑕𐑪𐑝𐑮𐑩𐑯𐑟	ˈsɒvrənz	high	
sovereigns	𐑕𐑪𐑝𐑼𐑦𐑯𐑟	ˈsɒvərɪnz	𐑕𐑪𐑝𐑮𐑩𐑯𐑟	ˈsɒvrənz	high	
sovereignty	-𐑑𐑦	-ti	𐑕𐑪𐑝𐑮𐑩𐑯𐑑𐑦	ˈsɒvrənti	medium	r_gap:spelling=1,ipa=0
sovereignty	-𐑮𐑦𐑯-	-rɪn-	𐑕𐑪𐑝𐑮𐑩𐑯𐑑𐑦	ˈsɒvrənti	high	
sovereignty	𐑕𐑪𐑝𐑼𐑩𐑯𐑑𐑦	ˈsɒvərənti	𐑕𐑪𐑝𐑮𐑩𐑯𐑑𐑦	ˈsɒvrənti	high	
soviet	𐑕𐑪𐑝𐑘𐑩𐑑	ˈsɒvjət	𐑕𐑴𐑝𐑾𐑑	ˈsəʊvɪət	high	
soviet	𐑕𐑪𐑝𐑦𐑩𐑑	ˈsɒviət	𐑕𐑴𐑝𐑾𐑑	ˈsəʊvɪət	high	
soviet	𐑕𐑴𐑝𐑦𐑧𐑑	ˈsoʊviet	𐑕𐑴𐑝𐑾𐑑	ˈsəʊvɪət	high	
soviet	𐑕𐑴𐑝𐑦𐑩𐑑	ˈsəʊviət	𐑕𐑴𐑝𐑾𐑑	ˈsəʊvɪət	high	
sower	𐑕𐑬𐑼	ˈsaʊəR	𐑕𐑴𐑼	ˈsəʊəR	high	
spa	𐑕𐑐𐑪	ˈspɒ	𐑕𐑐𐑭	spɑː	high	
spa	𐑕𐑐𐑷	ˈspɔː	𐑕𐑐𐑭	spɑː	high	
spacefaring	𐑕𐑐𐑱𐑕𐑓𐑨𐑮𐑦𐑙	ˈspeɪsfærɪŋ	𐑕𐑐𐑱𐑕𐑓𐑺𐑦𐑙	ˈspeɪsˌfeəRɪŋ	high	
spaghetti	-𐑑𐑦	-ti	𐑕𐑐𐑩𐑜𐑧𐑑𐑦	spəˈɡeti	high	
spangle	𐑕𐑐𐑱𐑙𐑜𐑩𐑤	ˈspeɪŋɡəl	𐑕𐑐𐑨𐑙𐑜𐑩𐑤	ˈspæŋɡəl	high	
spangling	𐑕𐑐𐑨𐑙𐑜𐑩𐑤𐑦𐑙	ˈspæŋɡəlɪŋ	𐑕𐑐𐑨𐑙𐑜𐑤𐑦𐑙	ˈspæŋɡlɪŋ	high	
spared	𐑕𐑐𐑧𐑮𐑛	ˈsperd	𐑕𐑐𐑺𐑛	speəRd	high	
sparkling	𐑕𐑐𐑸𐑒𐑩𐑤𐑦𐑙	ˈspɑːRkəlɪŋ	𐑕𐑐𐑸𐑒𐑤𐑦𐑙	ˈspɑːRklɪŋ	high	
sparrow	𐑕𐑐𐑧𐑮𐑴	ˈsperoʊ	𐑕𐑐𐑨𐑮𐑴	ˈspærəʊ	medium	r_gap:spelling=2,ipa=1
speak	𐑕𐑐𐑦𐑒	spik	𐑕𐑐𐑰𐑒	spiːk	high	
speaker	𐑕𐑐𐑦𐑒𐑼	ˈspikəR	𐑕𐑐𐑰𐑒𐑼	ˈspiːkəR	high	
speakers	𐑕𐑐𐑦𐑒𐑼𐑟	ˈspikəRz	𐑕𐑐𐑰𐑒𐑼𐑟	ˈspiːkəRz	high	
speaking	𐑕𐑐𐑦𐑒𐑦𐑙	ˈspikɪŋ	𐑕𐑐𐑰𐑒𐑦𐑙	ˈspiːkɪŋ	high	
spear	𐑕𐑐𐑦𐑮	spɪr	𐑕𐑐𐑽	spɪəR	high	
spearhead	𐑕𐑐𐑦𐑮𐑣𐑧𐑛	ˈspɪrhed	𐑕𐑐𐑽𐑣𐑧𐑛	ˈspɪəRhed	high	
spearmint	𐑕𐑐𐑦𐑮𐑥𐑦𐑯𐑑	ˈspɪrˌmɪnt	𐑕𐑐𐑽𐑥𐑦𐑯𐑑	ˈspɪəRmɪnt	high	
specialization	𐑕𐑐𐑧𐑖𐑩𐑤𐑦𐑟𐑱𐑖𐑩𐑯	ˌspeʃəlɪˈzeɪʃən	𐑕𐑐𐑧𐑖𐑩𐑤𐑲𐑟𐑱𐑖𐑩𐑯	ˌspeʃəlaɪˈzeɪʃən	high	
specialization	𐑕𐑐𐑧𐑖𐑩𐑤𐑩𐑟𐑱𐑖𐑩𐑯	ˌspeʃələˈzeɪʃən	𐑕𐑐𐑧𐑖𐑩𐑤𐑲𐑟𐑱𐑖𐑩𐑯	ˌspeʃəlaɪˈzeɪʃən	high	
specify	𐑕𐑐𐑧𐑕𐑩𐑓𐑲	ˈspesəˌfaɪ	𐑕𐑐𐑧𐑕𐑦𐑓𐑲	ˈspesɪfaɪ	high	
speechless	𐑕𐑐𐑰𐑗𐑤𐑦𐑕	ˈspiːtʃlɪs	𐑕𐑐𐑰𐑗𐑤𐑩𐑕	ˈspiːtʃləs	high	
speedboat	𐑕𐑐𐑦𐑛𐑚𐑴𐑑	ˈspidˌboʊt	𐑕𐑐𐑰𐑛𐑚𐑴𐑑	ˈspiːdbəʊt	high	
speedometer	𐑕𐑐𐑦𐑘𐑛𐑷𐑥𐑦𐑑𐑼	spɪjdɔmɪtəR	𐑕𐑐𐑰𐑛𐑪𐑥𐑦𐑑𐑼	spiːˈdɒmɪtəR	high	
speedometer	𐑕𐑐𐑦𐑛𐑪𐑥𐑦𐑑𐑼	spɪdɒmɪtəR	𐑕𐑐𐑰𐑛𐑪𐑥𐑦𐑑𐑼	spiːˈdɒmɪtəR	high	
spermaceti	𐑕𐑐𐑻𐑥𐑩𐑕𐑰𐑑𐑦	spɜːRməsiːti	𐑕𐑐𐑻𐑥𐑩𐑕𐑧𐑑𐑦	ˌspɜːRməˈseti	high	
spermaceti	𐑕𐑐𐑼𐑥𐑩𐑕𐑦𐑑𐑦	spəRməˈsɪti	𐑕𐑐𐑻𐑥𐑩𐑕𐑧𐑑𐑦	ˌspɜːRməˈseti	high	
spermaceti	𐑕𐑐𐑼𐑥𐑩𐑕𐑧𐑑𐑦	spəRməˈseti	𐑕𐑐𐑻𐑥𐑩𐑕𐑧𐑑𐑦	ˌspɜːRməˈseti	high	
spermaceti	𐑕𐑐𐑼𐑥𐑩𐑕𐑰𐑑𐑦	spəRməˈsiːti	𐑕𐑐𐑻𐑥𐑩𐑕𐑧𐑑𐑦	ˌspɜːRməˈseti	high	
spermatozoon	𐑕𐑐𐑻𐑥𐑩𐑑𐑴𐑟𐑴𐑪𐑯	spɜːRmətəʊzəʊɒn	𐑕𐑐𐑻𐑥𐑩𐑑𐑩𐑟𐑴𐑪𐑯	ˌspɜːRmətəˈzəʊɒn	high	
spin-off	𐑕𐑐𐑦𐑯𐑪𐑓	ˈspɪnɒf	𐑕𐑐𐑦𐑯-𐑪𐑓	ˈspɪn-ɒf	high	
spin-off	𐑕𐑐𐑦𐑯𐑷𐑓	ˈspɪnɔːf	𐑕𐑐𐑦𐑯-𐑪𐑓	ˈspɪn-ɒf	high	
spinet	𐑕𐑐𐑦𐑯𐑦𐑑	ˈspɪnɪt	𐑕𐑐𐑦𐑯𐑧𐑑	spɪˈnet	high	
spiritual	𐑕𐑐𐑦𐑮𐑦𐑑𐑘𐑩𐑼𐑤	spɪrɪtjəəRl	𐑕𐑐𐑦𐑮𐑦𐑗𐑫𐑩𐑤	ˈspɪrɪtʃuəl	medium	ml_disagrees:𐑕𐑐𐑦𐑮𐑦𐑑𐑘ː𐑼𐑤; shave_says:𐑕𐑐𐑦𐑮𐑦𐑑𐑵𐑩𐑤
spiritual	𐑕𐑐𐑦𐑮𐑦𐑗𐑫𐑼𐑤	spɪrɪtʃʊəRl	𐑕𐑐𐑦𐑮𐑦𐑗𐑫𐑩𐑤	ˈspɪrɪtʃuəl	high	
spirituality	𐑕𐑐𐑦𐑮𐑩𐑗𐑫𐑨𐑤𐑩𐑑𐑦	spɪrətʃuælətɪ	𐑕𐑐𐑦𐑮𐑦𐑗𐑫𐑨𐑤𐑦𐑑𐑦	ˌspɪrɪtʃuˈælɪti	high	
splenetic	𐑕𐑐𐑤𐑩𐑯𐑧𐑑𐑦𐑒	spləˈnetɪk	𐑕𐑐𐑤𐑦𐑯𐑧𐑑𐑦𐑒	splɪˈnetɪk	high	
split-second	𐑕𐑐𐑤𐑦𐑑𐑕𐑧𐑒𐑩𐑯𐑛	ˌsplɪtˈsekənd	𐑕𐑐𐑤𐑦𐑑-𐑕𐑧𐑒𐑩𐑯𐑛	ˈsplɪt-ˌsekənd	high	
splutter	-𐑑𐑼	-təR	𐑕𐑐𐑤𐑳𐑑𐑼	ˈsplʌtəR	high	
spluttering	-𐑑𐑼	-təR	𐑕𐑐𐑤𐑳𐑑𐑼𐑦𐑙	ˈsplʌtərɪŋ	high	
spluttering	𐑕𐑐𐑤𐑳𐑑𐑼𐑮𐑦𐑙	ˈsplʌtəRrɪŋ	𐑕𐑐𐑤𐑳𐑑𐑼𐑦𐑙	ˈsplʌtərɪŋ	high	
spontaneity	𐑕𐑐𐑪𐑯𐑑𐑩𐑯𐑱𐑩𐑑𐑦	ˈspɒntəneɪəti	𐑕𐑐𐑪𐑯𐑑𐑩𐑯𐑱𐑑𐑦	ˌspɒntəˈneɪɪti	high	
spontaneous	𐑕𐑐𐑪𐑯𐑑𐑱𐑯𐑦𐑩𐑕	spɒnˈteɪniəs	𐑕𐑐𐑪𐑯𐑑𐑱𐑯𐑾𐑕	spɒnˈteɪnɪəs	high	
spontaneously	𐑕𐑐𐑪𐑯𐑑𐑱𐑯𐑦𐑩𐑕𐑤𐑦	spɒnˈteɪniəsli	𐑕𐑐𐑪𐑯𐑑𐑱𐑯𐑾𐑕𐑤𐑦	spɒnˈteɪnɪəsli	high	
spook	𐑕𐑐𐑫𐑒	spʊk	𐑕𐑐𐑵𐑒	spuːk	high	
spoon	𐑕𐑐𐑫𐑯	spun	𐑕𐑐𐑵𐑯	spuːn	high	
spoor	𐑕𐑐𐑫𐑮	spʊr	𐑕𐑐𐑫𐑼	spʊəR	high	
spoor	𐑕𐑐𐑹	spɔːR	𐑕𐑐𐑫𐑼	spʊəR	high	
spore	𐑕𐑐𐑪𐑮	spor	𐑕𐑐𐑹	spɔːR	high	
spork	𐑕𐑐𐑪𐑼𐑒	spoərk	𐑕𐑐𐑹𐑒	ˈspɔːRk	high	
sporran	𐑕𐑐𐑹𐑩𐑯	ˈspɔːRən	𐑕𐑐𐑪𐑮𐑩𐑯	ˈspɒrən	medium	r_gap:spelling=2,ipa=1
spotless	𐑕𐑐𐑪𐑑𐑤𐑦𐑕	spɒtlɪs	𐑕𐑐𐑪𐑑𐑤𐑩𐑕	ˈspɒtləs	high	
spread	𐑕𐑐𐑮𐑦𐑛	sprid	𐑕𐑐𐑮𐑧𐑛	spred	high	
spread	𐑕𐑐𐑮𐑰𐑛	spriːd	𐑕𐑐𐑮𐑧𐑛	spred	high	
spreadsheet	𐑕𐑐𐑮𐑧𐑛𐑖𐑦𐑑	ˈspredʃit	𐑕𐑐𐑮𐑧𐑛𐑖𐑰𐑑	ˈspredʃiːt	high	
springbok	𐑕𐑐𐑮𐑦𐑙𐑚𐑷𐑒	ˈsprɪŋbɔːk	𐑕𐑐𐑮𐑦𐑙𐑚𐑪𐑒	ˈsprɪŋbɒk	high	
spurious	𐑕𐑐𐑘𐑩𐑼𐑦𐑩𐑕	spjəəriəs	𐑕𐑐𐑘𐑫𐑼𐑾𐑕	ˈspjʊərɪəs	high	
spurious	𐑕𐑐𐑘𐑹𐑦𐑩𐑕	ˈspjɔːRiəs	𐑕𐑐𐑘𐑫𐑼𐑾𐑕	ˈspjʊərɪəs	high	
spurious	𐑕𐑐𐑘𐑻𐑦𐑩𐑕	ˈspjɜːRiəs	𐑕𐑐𐑘𐑫𐑼𐑾𐑕	ˈspjʊərɪəs	high	
spurious	𐑕𐑐𐑘𐑼𐑦𐑩𐑕	ˈspjəriəs	𐑕𐑐𐑘𐑫𐑼𐑾𐑕	ˈspjʊərɪəs	high	
spurious	𐑕𐑐𐑫𐑮𐑦𐑩𐑕	ˈspʊriəs	𐑕𐑐𐑘𐑫𐑼𐑾𐑕	ˈspjʊərɪəs	high	
squabble	𐑕𐑒𐑢𐑭𐑚𐑩𐑤	ˈskwɑːbəl	𐑕𐑒𐑢𐑪𐑚𐑩𐑤	ˈskwɒbəl	high	
square	𐑕𐑒𐑢𐑧𐑮	skwer	𐑕𐑒𐑢𐑺	skweəR	high	
square	𐑕𐑒𐑢𐑻	skwɜːR	𐑕𐑒𐑢𐑺	skweəR	high	
squared	𐑕𐑒𐑢𐑧𐑮𐑛	skwerd	𐑕𐑒𐑢𐑺𐑛	skweəRd	high	
squarely	𐑕𐑒𐑢𐑧𐑮𐑤𐑦	ˈskwerli	𐑕𐑒𐑢𐑺𐑤𐑦	ˈskweəRli	high	
squash	𐑕𐑒𐑢𐑷𐑖	skwɔːʃ	𐑕𐑒𐑢𐑪𐑖	skwɒʃ	high	
squeaker	𐑕𐑒𐑢𐑦𐑒𐑼	ˈskwikər	𐑕𐑒𐑢𐑰𐑒𐑼	ˈskwiːkəR	high	
squeal	𐑕𐑒𐑢𐑦𐑤	skwil	𐑕𐑒𐑢𐑰𐑤	skwiːl	high	
squealer	𐑕𐑒𐑢𐑦𐑤𐑼	ˈskwiləR	𐑕𐑒𐑢𐑰𐑤𐑼	ˈskwiːləR	high	
squeegee	𐑕𐑒𐑢𐑦𐑡𐑦	ˈskwiˌdʒi	𐑕𐑒𐑢𐑰𐑡𐑰	ˈskwiːdʒiː	high	
squirrel	𐑕𐑒𐑢𐑻𐑩𐑤	ˈskwɜːRəl	𐑕𐑒𐑢𐑦𐑮𐑩𐑤	ˈskwɪrəl	medium	r_gap:spelling=2,ipa=1
squirrelled	𐑕𐑒𐑢𐑻𐑤𐑛	ˈskwɜːRld	𐑕𐑒𐑢𐑦𐑮𐑩𐑤𐑛	ˈskwɪrəld	medium	r_gap:spelling=2,ipa=1
squirrelled	𐑕𐑒𐑢𐑻𐑩𐑤𐑛	ˈskwɜːRəld	𐑕𐑒𐑢𐑦𐑮𐑩𐑤𐑛	ˈskwɪrəld	medium	r_gap:spelling=2,ipa=1
st john	𐑕𐑦𐑯𐑡𐑩𐑯	ˈsɪndʒən	𐑕𐑦𐑯 𐑡𐑩𐑯, 𐑕𐑩𐑯𐑑 𐑡𐑪𐑯	ˈsɪndʒən	high	
st john	𐑕𐑩𐑯𐑑𐑡𐑪𐑯	səntˈdʒɒn	𐑕𐑦𐑯 𐑡𐑩𐑯, 𐑕𐑩𐑯𐑑 𐑡𐑪𐑯	ˈsɪndʒən	high	
st john	𐑕𐑱𐑯𐑑 𐑡𐑪𐑯	ˌseɪnt ˈdʒɒn	𐑕𐑦𐑯 𐑡𐑩𐑯, 𐑕𐑩𐑯𐑑 𐑡𐑪𐑯	ˈsɪndʒən	high	
st. john	𐑕𐑦𐑯𐑡𐑩𐑯	ˈsɪndʒən	𐑕𐑦𐑯 𐑡𐑩𐑯, 𐑕𐑩𐑯𐑑 𐑡𐑪𐑯	ˈsɪntdʒən	high	
st. john	𐑕𐑩𐑯𐑑𐑡𐑪𐑯	səntˈdʒɒn	𐑕𐑦𐑯 𐑡𐑩𐑯, 𐑕𐑩𐑯𐑑 𐑡𐑪𐑯	ˈsɪntdʒən	high	
st. john	𐑕𐑱𐑯𐑑 𐑡𐑪𐑯	ˌseɪnt ˈdʒɒn	𐑕𐑦𐑯 𐑡𐑩𐑯, 𐑕𐑩𐑯𐑑 𐑡𐑪𐑯	ˈsɪntdʒən	high	
staff	𐑕𐑑𐑺𐑓	steəf	𐑕𐑑𐑨𐑓, 𐑕𐑑𐑭𐑓	stⱭːf	high	
staffordshire	𐑕𐑑𐑨𐑓𐑩𐑛𐑖𐑼	stæfədʃər	𐑕𐑑𐑨𐑓𐑼𐑛𐑖𐑼	ˈstæfəRdʃəR	medium	r_gap:spelling=2,ipa=1; shave_says:·𐑕𐑑𐑨𐑓𐑼𐑛𐑖𐑼
staircase	𐑕𐑑𐑧𐑮𐑒𐑱𐑕	ˈsterˌkeɪs	𐑕𐑑𐑺𐑒𐑱𐑕	ˈsteəRkeɪs	high	
stairs	𐑕𐑑𐑧𐑮𐑟	ˈsterz	𐑕𐑑𐑺𐑟	steəRz	high	
stairway	𐑕𐑑𐑧𐑮𐑢𐑱	ˈsterweɪ	𐑕𐑑𐑺𐑢𐑱	ˈsteəRweɪ	high	
stalactite	-𐑤𐑩𐑒-	-lək-	𐑕𐑑𐑨𐑤𐑩𐑒𐑑𐑲𐑑	ˈstæləktaɪt	high	
stalactite	𐑕𐑑𐑨𐑤𐑨𐑒𐑑𐑲𐑑	ˈstælæktaɪt	𐑕𐑑𐑨𐑤𐑩𐑒𐑑𐑲𐑑	ˈstæləktaɪt	high	
stalactite	𐑕𐑑𐑩𐑤𐑨𐑒𐑑𐑲𐑑	stəˈlæktaɪt	𐑕𐑑𐑨𐑤𐑩𐑒𐑑𐑲𐑑	ˈstæləktaɪt	high	
stalagmite	𐑕𐑑𐑩𐑤𐑨𐑜𐑥𐑲𐑑	stəˈlæɡˌmaɪt	𐑕𐑑𐑨𐑤𐑩𐑜𐑥𐑲𐑑	ˈstæləɡmaɪt	high	
stalwart	𐑕𐑑𐑪𐑤-	stɒl-	𐑕𐑑𐑷𐑤𐑢𐑼𐑑	ˈstɔːlwəRt	medium	r_gap:spelling=1,ipa=0; shave_says:𐑕𐑑𐑷𐑤𐑢𐑼𐑑
stalwart	𐑕𐑑𐑹𐑤𐑢𐑼𐑑	stɔːRlwəRt	𐑕𐑑𐑷𐑤𐑢𐑼𐑑	ˈstɔːlwəRt	high	
stamina	𐑕𐑑𐑨𐑥𐑩𐑯𐑩	ˈstæmənə	𐑕𐑑𐑨𐑥𐑦𐑯𐑩	ˈstæmɪnə	high	
stampede	𐑕𐑑𐑨𐑥𐑐𐑦𐑛	stæmˈpid	𐑕𐑑𐑨𐑥𐑐𐑰𐑛	stæmˈpiːd	high	
stan	𐑕𐑑𐑭𐑯	stɑːn	𐑕𐑑𐑨𐑯	stæn	high	
stance	𐑕𐑑𐑺𐑯𐑕	steəns	𐑕𐑑𐑨𐑯𐑕, 𐑕𐑑𐑭𐑯𐑕	stæns	high	
stanchion	𐑕𐑑𐑨𐑯𐑖𐑩𐑯	ˈstanʃən	𐑕𐑑𐑨𐑯𐑗𐑩𐑯	ˈstæntʃən	high	
stanchion	𐑕𐑑𐑭𐑯𐑖𐑩𐑯	ˈstɑːnʃən	𐑕𐑑𐑨𐑯𐑗𐑩𐑯	ˈstæntʃən	high	
standard	𐑕𐑑𐑺𐑯𐑛𐑼𐑛	ˈsteəndəRd	𐑕𐑑𐑨𐑯𐑛𐑼𐑛	ˈstændəRd	high	
standardization	𐑕𐑑𐑨𐑯𐑛𐑩𐑛𐑲𐑟𐑱𐑖𐑩𐑯	stændədaɪzeɪʃən	𐑕𐑑𐑨𐑯𐑛𐑼𐑛𐑲𐑟𐑱𐑖𐑩𐑯	ˌstændəRdaɪˈzeɪʃən	medium	r_gap:spelling=1,ipa=0; shave_says:𐑕𐑑𐑨𐑯𐑛𐑼𐑛𐑲𐑟𐑱𐑖𐑩𐑯
standardization	𐑕𐑑𐑨𐑯𐑛𐑼𐑛𐑦𐑟𐑱𐑖𐑩𐑯	ˌstændəRˌdɪˈzeɪʃən	𐑕𐑑𐑨𐑯𐑛𐑼𐑛𐑲𐑟𐑱𐑖𐑩𐑯	ˌstændəRdaɪˈzeɪʃən	high	
standardization	𐑕𐑑𐑨𐑯𐑛𐑼𐑛𐑩𐑟𐑱𐑖𐑩𐑯	ˌstændəRˌdəˈzeɪʃən	𐑕𐑑𐑨𐑯𐑛𐑼𐑛𐑲𐑟𐑱𐑖𐑩𐑯	ˌstændəRdaɪˈzeɪʃən	high	
standardization	𐑕𐑑𐑺𐑯𐑛𐑼𐑛𐑦𐑟𐑱𐑖𐑩𐑯	ˌsteəndəRˌdɪˈzeɪʃən	𐑕𐑑𐑨𐑯𐑛𐑼𐑛𐑲𐑟𐑱𐑖𐑩𐑯	ˌstændəRdaɪˈzeɪʃən	high	
standardization	𐑕𐑑𐑺𐑯𐑛𐑼𐑛𐑩𐑟𐑱𐑖𐑩𐑯	ˌsteəndəRˌdəˈzeɪʃən	𐑕𐑑𐑨𐑯𐑛𐑼𐑛𐑲𐑟𐑱𐑖𐑩𐑯	ˌstændəRdaɪˈzeɪʃən	high	
standardize	𐑕𐑑𐑨𐑯𐑛𐑩𐑛𐑲𐑟	stændədaɪz	𐑕𐑑𐑨𐑯𐑛𐑼𐑛𐑲𐑟	ˈstændəRdaɪz	medium	r_gap:spelling=1,ipa=0; shave_says:𐑕𐑑𐑨𐑯𐑛𐑼𐑛𐑲𐑟
standardize	𐑕𐑑𐑺𐑯𐑛𐑼𐑛𐑲𐑟	ˈsteəndəRˌdaɪz	𐑕𐑑𐑨𐑯𐑛𐑼𐑛𐑲𐑟	ˈstændəRdaɪz	high	
standoff	𐑕𐑑𐑨𐑯𐑛𐑷𐑓	ˈstændɔːf	𐑕𐑑𐑨𐑯𐑛𐑪𐑓	ˈstændɒf	high	
standoffish	𐑕𐑑𐑨𐑯𐑛𐑷𐑓𐑦𐑖	stænˈdɔːfɪʃ	𐑕𐑑𐑨𐑯𐑛𐑪𐑓𐑦𐑖	stændˈɒfɪʃ	high	
stared	𐑕𐑑𐑧𐑮𐑛	sterd	𐑕𐑑𐑺𐑛	steəRd	high	
stares	𐑕𐑑𐑧𐑮𐑟	ˈsterz	𐑕𐑑𐑺𐑟	steəRz	high	
staring	𐑕𐑑𐑧𐑮𐑦𐑙	ˈsterɪŋ	𐑕𐑑𐑺𐑦𐑙	ˈsteərɪŋ	high	
starlet	𐑕𐑑𐑸𐑤𐑦𐑑	ˈstɑːRlɪt	𐑕𐑑𐑸𐑤𐑩𐑑	ˈstɑːRlət	high	
startled	𐑕𐑑𐑸𐑑𐑼𐑤𐑛	stɑːRtəRld	𐑕𐑑𐑸𐑑𐑩𐑤𐑛	ˈstɑːRtəld	high	
startling	𐑕𐑑𐑸𐑑𐑩𐑤𐑦𐑙	ˈstɑːRtəlɪŋ	𐑕𐑑𐑸𐑑𐑤𐑦𐑙	ˈstɑːRtlɪŋ	high	
stationary	𐑕𐑑𐑱𐑖𐑩𐑯𐑧𐑮𐑦	ˈsteɪʃəˌneri	𐑕𐑑𐑱𐑖𐑩𐑯𐑼𐑦	ˈsteɪʃənəri	high	
stationery	𐑕𐑑𐑱𐑖𐑩𐑯𐑧𐑮𐑦	ˈsteɪʃəneri	𐑕𐑑𐑱𐑖𐑩𐑯𐑼𐑦	ˈsteɪʃənəri	high	
statuary	𐑕𐑑𐑨𐑗𐑫𐑺𐑦	ˈstætʃueəri	𐑕𐑑𐑨𐑗𐑫𐑼𐑦	ˈstætʃuəri	high	
statue	𐑕𐑑𐑨𐑗𐑫	ˈstætʃu	𐑕𐑑𐑨𐑗𐑵	ˈstætʃuː	high	
statues	𐑕𐑑𐑨𐑑𐑿𐑟	ˈstætjuːz	𐑕𐑑𐑨𐑗𐑵𐑟	ˈstætʃuːz	high	
statues	𐑕𐑑𐑨𐑗𐑫𐑟	ˈstætʃuz	𐑕𐑑𐑨𐑗𐑵𐑟	ˈstætʃuːz	high	
statuesque	𐑕𐑑𐑨𐑑𐑘𐑩𐑧𐑕𐑒	statjəˈesk	𐑕𐑑𐑨𐑗𐑫𐑧𐑕𐑒	ˌstætʃuˈesk	medium	ml_disagrees:𐑕𐑑𐑨𐑑𐑘𐑫𐑧𐑕𐑒; shave_says:𐑕𐑑𐑨𐑗𐑵𐑧𐑕𐑒
status	𐑕𐑑𐑨𐑑𐑩𐑕	ˈstætəs	𐑕𐑑𐑱𐑑𐑩𐑕	ˈsteɪtəs	high	
status quo	𐑕𐑑𐑨𐑑𐑩𐑕 𐑒𐑢𐑴	ˌstætəs ˈkwoʊ	𐑕𐑑𐑱𐑑𐑩𐑕 𐑒𐑢𐑴	ˌsteɪtəs ˈkwəʊ	high	
statute	𐑕𐑑𐑨𐑑𐑿𐑑	ˈstatjuːt	𐑕𐑑𐑨𐑗𐑵𐑑	ˈstætʃuːt	high	
statutes	𐑕𐑑𐑨𐑗𐑫𐑑𐑕	ˈstætʃuts	𐑕𐑑𐑨𐑗𐑵𐑑𐑕	ˈstætʃuːts	high	
statutory	𐑕𐑑𐑨𐑑𐑘𐑩𐑑𐑼𐑦	stætjətərɪ	𐑕𐑑𐑨𐑗𐑩𐑑𐑼𐑦	ˈstætʃətəri	high	
statutory	𐑕𐑑𐑨𐑗𐑩𐑑𐑹𐑦	ˈstætʃəˌtɔːRi	𐑕𐑑𐑨𐑗𐑩𐑑𐑼𐑦	ˈstætʃətəri	high	
staunch	𐑕𐑑𐑪𐑯𐑗	stɒntʃ	𐑕𐑑𐑷𐑯𐑗	stɔːntʃ	high	
staves	𐑕𐑑𐑨𐑝𐑟	stævz	𐑕𐑑𐑱𐑝𐑟	steɪvz	high	
steamboat	𐑕𐑑𐑦𐑥𐑚𐑴𐑑	ˈstimˌboʊt	𐑕𐑑𐑰𐑥𐑚𐑴𐑑	ˈstiːmbəʊt	high	
steamer	𐑕𐑑𐑦𐑥𐑼	ˈstiməR	𐑕𐑑𐑰𐑥𐑼	ˈstiːməR	high	
steamroller	𐑕𐑑𐑦𐑥𐑮𐑴𐑤𐑼	ˈstimˌroʊləR	𐑕𐑑𐑰𐑥𐑮𐑴𐑤𐑼	ˈstiːmrəʊləR	high	
steamship	𐑕𐑑𐑦𐑥𐑖𐑦𐑐	ˈstimˌʃɪp	𐑕𐑑𐑰𐑥𐑖𐑦𐑐	ˈstiːmʃɪp	high	
steelyard	𐑕𐑑𐑰𐑤𐑘𐑼𐑛	ˈstiːljəRd	𐑕𐑑𐑰𐑤𐑘𐑸𐑛	ˈstiːljɑːRd	high	
steer	𐑕𐑑𐑦𐑮	stɪr	𐑕𐑑𐑽	stɪəR	high	
steerageway	𐑕𐑑𐑦𐑮𐑦𐑡𐑢𐑱	ˈstirɪdʒˌweɪ	𐑕𐑑𐑽𐑦𐑡𐑢𐑱	ˈstɪərɪdʒweɪ	high	
steersman	𐑕𐑑𐑦𐑮𐑟𐑥𐑩𐑯	ˈstirzmən	𐑕𐑑𐑽𐑟𐑥𐑩𐑯	ˈstɪəRzmən	high	
stencil	𐑕𐑑𐑧𐑯𐑕𐑦𐑤	ˈstensɪl	𐑕𐑑𐑧𐑯𐑕𐑩𐑤	ˈstensəl	high	
stenography	𐑕𐑑𐑦𐑯𐑪𐑜𐑮𐑩𐑓𐑦	stɪnɒɡrəfi	𐑕𐑑𐑩𐑯𐑪𐑜𐑮𐑩𐑓𐑦	stəˈnɒɡrəfi	high	
stereo	𐑕𐑑𐑺𐑦𐑴	ˈsteərioʊ	𐑕𐑑𐑧𐑮𐑦𐑴	ˈsteriəʊ	high	
stereophonic	𐑕𐑑𐑦𐑮𐑦𐑩𐑓𐑪𐑯𐑦𐑒	ˌstɪriəˈfɒnɪk	𐑕𐑑𐑧𐑮𐑾𐑓𐑪𐑯𐑦𐑒	ˌsterɪəˈfɒnɪk	high	
stereophonic	𐑕𐑑𐑧𐑮𐑦𐑩𐑓𐑪𐑯𐑦𐑒	steriəfɒnɪk	𐑕𐑑𐑧𐑮𐑾𐑓𐑪𐑯𐑦𐑒	ˌsterɪəˈfɒnɪk	high	
stereophonic	𐑕𐑑𐑽𐑦𐑩𐑓𐑪𐑯𐑦𐑒	stɪəriəfɒnɪk	𐑕𐑑𐑧𐑮𐑾𐑓𐑪𐑯𐑦𐑒	ˌsterɪəˈfɒnɪk	high	
stereoscope	𐑕𐑑𐑧𐑮𐑦𐑴𐑕𐑒𐑴𐑐	ˈsterioʊskoʊp	𐑕𐑑𐑧𐑮𐑾𐑕𐑒𐑴𐑐	ˈsterɪəskəʊp	high	
stereotype	𐑕𐑑𐑦𐑮𐑦𐑩𐑑𐑲𐑐	ˈstɪriəˌtaɪp	𐑕𐑑𐑧𐑮𐑦𐑴𐑑𐑲𐑐	ˈsterɪəʊtaɪp	high	
stereotype	𐑕𐑑𐑦𐑮𐑦𐑩𐑑𐑳𐑦𐑐	ˈstɪriəˌtʌɪp	𐑕𐑑𐑧𐑮𐑦𐑴𐑑𐑲𐑐	ˈsterɪəʊtaɪp	high	
stereotype	𐑕𐑑𐑧𐑮𐑦𐑩𐑑𐑲𐑐	steriətaɪp	𐑕𐑑𐑧𐑮𐑦𐑴𐑑𐑲𐑐	ˈsterɪəʊtaɪp	high	
stereotype	𐑕𐑑𐑧𐑮𐑦𐑩𐑑𐑳𐑦𐑐	ˈsteriəˌtʌɪp	𐑕𐑑𐑧𐑮𐑦𐑴𐑑𐑲𐑐	ˈsterɪəʊtaɪp	high	
stereotype	𐑕𐑑𐑽𐑦𐑩𐑑𐑲𐑐	stɪəriətaɪp	𐑕𐑑𐑧𐑮𐑦𐑴𐑑𐑲𐑐	ˈsterɪəʊtaɪp	high	
sterile	𐑕𐑑𐑧𐑮𐑩𐑤	ˈsterəl	𐑕𐑑𐑧𐑮𐑲𐑤	ˈsteraɪl	high	
stevedore	𐑕𐑑𐑦𐑝𐑩𐑛𐑹	ˈstivəˌdɔːR	𐑕𐑑𐑰𐑝𐑩𐑛𐑹	ˈstiːvədɔːR	high	
stew	𐑕𐑑𐑫	stu	𐑕𐑑𐑵, 𐑕𐑑𐑿	stjuː	high	
stew	𐑕𐑗𐑵	stʃuː	𐑕𐑑𐑵, 𐑕𐑑𐑿	stjuː	high	
steward	𐑕𐑑𐑫𐑼𐑛	ˈstuəRd	𐑕𐑑𐑵𐑼𐑛, 𐑕𐑑𐑿𐑼𐑛	ˈstjuːəRd	high	
steward	𐑕𐑗𐑵𐑼𐑛	stʃuːəRd	𐑕𐑑𐑵𐑼𐑛, 𐑕𐑑𐑿𐑼𐑛	ˈstjuːəRd	high	
stewardess	𐑕𐑑𐑘𐑩𐑼𐑛𐑦𐑕	stjəəRdɪs	𐑕𐑑𐑵𐑼𐑛𐑧𐑕, 𐑕𐑑𐑿𐑼𐑛𐑧𐑕	ˌstjuːəRˈdes	medium	ml_disagrees:𐑕𐑑𐑘ː𐑼𐑛𐑦𐑕; shave_says:𐑕𐑑𐑿𐑼𐑛𐑩𐑕
stewardess	𐑕𐑑𐑫𐑮𐑛𐑦𐑕	ˈstʊrdɪs	𐑕𐑑𐑵𐑼𐑛𐑧𐑕, 𐑕𐑑𐑿𐑼𐑛𐑧𐑕	ˌstjuːəRˈdes	high	
stewardess	𐑕𐑑𐑫𐑼𐑛𐑦𐑕	ˈstuəRdɪs	𐑕𐑑𐑵𐑼𐑛𐑧𐑕, 𐑕𐑑𐑿𐑼𐑛𐑧𐑕	ˌstjuːəRˈdes	high	
stewardess	𐑕𐑑𐑿𐑩𐑛𐑦𐑕	stjuːədɪs	𐑕𐑑𐑵𐑼𐑛𐑧𐑕, 𐑕𐑑𐑿𐑼𐑛𐑧𐑕	ˌstjuːəRˈdes	medium	r_gap:spelling=1,ipa=0; shave_says:𐑕𐑑𐑿𐑼𐑛𐑩𐑕
stewardess	𐑕𐑑𐑿𐑩𐑛𐑧𐑕	stjuːədes	𐑕𐑑𐑵𐑼𐑛𐑧𐑕, 𐑕𐑑𐑿𐑼𐑛𐑧𐑕	ˌstjuːəRˈdes	medium	r_gap:spelling=1,ipa=0; shave_says:𐑕𐑑𐑿𐑼𐑛𐑩𐑕
stewart	𐑕𐑑𐑘𐑫𐑼𐑑	ˈstjuəRt	𐑕𐑑𐑵𐑼𐑑, 𐑕𐑑𐑿𐑼𐑑	ˈstjuːəRt	high	
stewart	𐑕𐑗𐑵𐑼𐑑	stʃuːəRt	𐑕𐑑𐑵𐑼𐑑, 𐑕𐑑𐑿𐑼𐑑	ˈstjuːəRt	high	
stimuli	𐑕𐑑𐑦𐑥𐑘𐑩𐑤𐑰	ˈstɪmjəˌliː	𐑕𐑑𐑦𐑥𐑘𐑩𐑤𐑲	ˈstɪmjəlaɪ	high	
stipend	-𐑐𐑩𐑯𐑛	-pənd	𐑕𐑑𐑲𐑐𐑧𐑯𐑛	ˈstaɪpend	high	
stipendiary	𐑕𐑑𐑲𐑐𐑧𐑯𐑛𐑘𐑼𐑦	staɪpendjəri	𐑕𐑑𐑲𐑐𐑧𐑯𐑛𐑽𐑦	staɪˈpendɪəri	high	
stipendiary	𐑕𐑑𐑲𐑐𐑧𐑯𐑛𐑦𐑧𐑮𐑦	staɪˈpendiˌeri	𐑕𐑑𐑲𐑐𐑧𐑯𐑛𐑽𐑦	staɪˈpendɪəri	high	
stirrup	𐑕𐑑𐑳𐑮𐑩𐑐	stʌrəp	𐑕𐑑𐑦𐑮𐑩𐑐	ˈstɪrəp	medium	r_gap:spelling=2,ipa=1; shave_says:𐑕𐑑𐑦𐑮𐑩𐑐
stirrup	𐑕𐑑𐑻𐑩𐑐	ˈstɜːRəp	𐑕𐑑𐑦𐑮𐑩𐑐	ˈstɪrəp	medium	r_gap:spelling=2,ipa=1
stoically	𐑕𐑑𐑴𐑦𐑒𐑩𐑤𐑦	ˈstəʊɪkəli	𐑕𐑑𐑴𐑦𐑒𐑤𐑦	ˈstəʊɪkli	high	
stolid	𐑕𐑑𐑪𐑤𐑩𐑛	ˈstɒlƏd	𐑕𐑑𐑪𐑤𐑦𐑛	ˈstɒlɪd	high	
stolid	𐑕𐑑𐑭𐑤𐑩𐑛	ˈstɑːlƏd	𐑕𐑑𐑪𐑤𐑦𐑛	ˈstɒlɪd	high	
stomach	𐑕𐑑𐑳𐑥𐑦𐑒	ˈstʌmɪk	𐑕𐑑𐑳𐑥𐑩𐑒	ˈstʌmək	high	
stoop	𐑕𐑑𐑫𐑐	stup	𐑕𐑑𐑵𐑐	stuːp	high	
stop	𐑕𐑑𐑷𐑐	stɔp	𐑕𐑑𐑪𐑐	stɒp	high	
stound	𐑕𐑑𐑫𐑯𐑛	stund	𐑕𐑑𐑬𐑯𐑛	staʊnd	high	
stound	𐑕𐑑𐑵𐑯𐑛	stuːnd	𐑕𐑑𐑬𐑯𐑛	staʊnd	high	
straddle	𐑕𐑑𐑮𐑨𐑑𐑩𐑤	ˈstrætəl	𐑕𐑑𐑮𐑨𐑛𐑩𐑤	ˈstrædəl	high	
straggler	𐑕𐑑𐑮𐑨𐑜𐑩𐑤𐑼	ˈstræɡələR	𐑕𐑑𐑮𐑨𐑜𐑤𐑼	ˈstræɡləR	high	
strand	𐑕𐑑𐑮𐑺𐑯𐑛	streənd	𐑕𐑑𐑮𐑨𐑯𐑛	strænd	high	
stranraer	𐑕𐑑𐑮𐑨𐑯𐑮𐑭	strænrɑː	𐑕𐑑𐑮𐑨𐑯𐑮𐑸	strænˈrɑːR	medium	r_gap:spelling=3,ipa=2; shave_says:𐑕𐑑𐑮𐑨𐑯𐑮𐑸
strasbourg	𐑕𐑑𐑮𐑨𐑕𐑚𐑻𐑜	stræsbɜːRɡ	𐑕𐑑𐑮𐑨𐑟𐑚𐑫𐑼𐑜	ˈstræzbɜːRɡ	high	
strasbourg	𐑕𐑑𐑮𐑨𐑟𐑚𐑻𐑜	stræzbɜːRɡ	𐑕𐑑𐑮𐑨𐑟𐑚𐑫𐑼𐑜	ˈstræzbɜːRɡ	high	
strasbourg	𐑕𐑑𐑮𐑭𐑕𐑚𐑻𐑜	ˈstrɑːsbɜːRɡ	𐑕𐑑𐑮𐑨𐑟𐑚𐑫𐑼𐑜	ˈstræzbɜːRɡ	high	
strategies	𐑕𐑑𐑮𐑨𐑑𐑦𐑡𐑦𐑟	strætɪdʒiz	𐑕𐑑𐑮𐑨𐑑𐑩𐑡𐑦𐑟	ˈstrætədʒiz	high	
strategy	𐑕𐑑𐑮𐑨𐑑𐑦𐑡𐑦	strætɪdʒɪ	𐑕𐑑𐑮𐑨𐑑𐑩𐑡𐑦	ˈstrætədʒi	high	
stratum	𐑕𐑑𐑮𐑱𐑑𐑩𐑥	streɪtəm	𐑕𐑑𐑮𐑨𐑑𐑩𐑥, 𐑕𐑑𐑮𐑭𐑑𐑩𐑥	ˈstrⱭːtəm	high	
strawberry	𐑕𐑑𐑮𐑷𐑚𐑧𐑮𐑦	ˈstrɔːˌberi	𐑕𐑑𐑮𐑷𐑚𐑼𐑦	ˈstrɔːbəri	medium	r_gap:spelling=3,ipa=2
street	𐑕𐑑𐑮𐑦𐑑	strit	𐑕𐑑𐑮𐑰𐑑	striːt	high	
streetcar	𐑕𐑑𐑮𐑦𐑑𐑒𐑸	ˈstritˌkɑːR	𐑕𐑑𐑮𐑰𐑑𐑒𐑸	ˈstriːtkɑːR	high	
streetwalker	𐑕𐑑𐑮𐑦𐑑𐑢𐑷𐑒𐑼	ˈstritˌwɔːkəR	𐑕𐑑𐑮𐑰𐑑𐑢𐑷𐑒𐑼	ˈstriːtwɔːkəR	high	
strength	𐑕𐑑𐑮𐑧𐑙𐑒𐑔	streŋkθ	𐑕𐑑𐑮𐑧𐑙𐑔	streŋθ	high	
strengthening	𐑕𐑑𐑮𐑧𐑙𐑒𐑔𐑩𐑯𐑦𐑙	ˈstreŋkθənɪŋ	𐑕𐑑𐑮𐑧𐑙𐑔𐑩𐑯𐑦𐑙	ˈstreŋθənɪŋ	high	
streptomycin	𐑕𐑑𐑮𐑧𐑐𐑑𐑩𐑥𐑲𐑕𐑩𐑯	ˌstreptəˈmaɪsən	𐑕𐑑𐑮𐑧𐑐𐑑𐑩𐑥𐑲𐑕𐑦𐑯	ˌstreptəˈmaɪsɪn	high	
streptomycin	𐑕𐑑𐑮𐑧𐑐𐑑𐑴𐑥𐑳𐑦𐑕𐑦𐑯	streptəʊmʌɪsɪn	𐑕𐑑𐑮𐑧𐑐𐑑𐑩𐑥𐑲𐑕𐑦𐑯	ˌstreptəˈmaɪsɪn	high	
strew	𐑕𐑑𐑮𐑫	stru	𐑕𐑑𐑮𐑵	struː	high	
strewn	𐑕𐑑𐑮𐑫𐑯	strun	𐑕𐑑𐑮𐑵𐑯	struːn	high	
striptease	𐑕𐑑𐑮𐑦𐑐𐑑𐑦𐑟	ˈstrɪpˌtiz	𐑕𐑑𐑮𐑦𐑐𐑑𐑰𐑟	strɪpˈtiːz	high	
strong	𐑕𐑑𐑮𐑷𐑙	strɔːŋ	𐑕𐑑𐑮𐑪𐑙	strɒŋ	high	
strong	𐑖𐑗𐑮𐑷𐑙	ʃtʃrɔːŋ	𐑕𐑑𐑮𐑪𐑙	strɒŋ	high	
stronger	𐑕𐑑𐑮𐑷𐑙𐑜𐑼	strɔːŋɡəR	𐑕𐑑𐑮𐑪𐑙𐑜𐑼	ˈstrɒŋɡəR	high	
strongest	𐑕𐑑𐑮𐑷𐑙𐑜𐑩𐑕𐑑	ˈstrɔːŋɡəst	𐑕𐑑𐑮𐑪𐑙𐑜𐑩𐑕𐑑	ˈstrɒŋɡəst	high	
stronghold	𐑕𐑑𐑮𐑷𐑙𐑣𐑴𐑤𐑛	ˈstrɔːŋˌhoʊld	𐑕𐑑𐑮𐑪𐑙𐑣𐑴𐑤𐑛	ˈstrɒŋhəʊld	high	
strongly	𐑕𐑑𐑮𐑷𐑙𐑤𐑦	ˈstrɔːŋli	𐑕𐑑𐑮𐑪𐑙𐑤𐑦	ˈstrɒŋli	high	
strut	𐑕𐑑𐑮𐑩𐑑	strət	𐑕𐑑𐑮𐑳𐑑	strʌt	high	
strychnine	𐑕𐑑𐑮𐑦𐑒𐑯𐑦𐑯	strɪknɪn	𐑕𐑑𐑮𐑦𐑒𐑯𐑰𐑯	ˈstrɪkniːn	high	
strychnine	𐑕𐑑𐑮𐑦𐑒𐑯𐑲𐑯	ˈstrɪkˌnaɪn	𐑕𐑑𐑮𐑦𐑒𐑯𐑰𐑯	ˈstrɪkniːn	high	
stuart	𐑕𐑑𐑘𐑫𐑼𐑑	ˈstjuəRt	𐑕𐑑𐑵𐑼𐑑, 𐑕𐑑𐑿𐑼𐑑	ˈstjuːəRt	high	
stuart	𐑕𐑗𐑵𐑼𐑑	stʃuːəRt	𐑕𐑑𐑵𐑼𐑑, 𐑕𐑑𐑿𐑼𐑑	ˈstjuːəRt	high	
stubbornness	𐑕𐑑𐑳𐑚𐑩𐑯𐑯𐑩𐑕	stʌbənnəs	𐑕𐑑𐑳𐑚𐑼𐑯𐑯𐑩𐑕	ˈstʌbəRn+nəs	medium	r_gap:spelling=1,ipa=0; shave_says:𐑕𐑑𐑳𐑚𐑼𐑯𐑯𐑩𐑕
students	𐑕𐑑𐑫𐑛𐑩𐑯𐑑𐑕	ˈstudənts	𐑕𐑑𐑵𐑛𐑩𐑯𐑑𐑕, 𐑕𐑑𐑿𐑛𐑩𐑯𐑑𐑕	ˈstjuːdənts	high	
studied	𐑕𐑑𐑳𐑑𐑦𐑛	ˈstʌtid	𐑕𐑑𐑳𐑛𐑦𐑛	ˈstʌdid	high	
study	𐑕𐑑𐑳𐑑𐑦	ˈstʌti	𐑕𐑑𐑳𐑛𐑦	ˈstʌdi	high	
stupendous	𐑕𐑑𐑘𐑫𐑐𐑧𐑯𐑛𐑩𐑕	stjuˈpendəs	𐑕𐑑𐑵𐑐𐑧𐑯𐑛𐑩𐑕, 𐑕𐑑𐑿𐑐𐑧𐑯𐑛𐑩𐑕	stjuːˈpendəs	high	
stupendous	𐑕𐑑𐑫𐑐𐑧𐑯𐑛𐑩𐑕	stuˈpendəs	𐑕𐑑𐑵𐑐𐑧𐑯𐑛𐑩𐑕, 𐑕𐑑𐑿𐑐𐑧𐑯𐑛𐑩𐑕	stjuːˈpendəs	high	
stupid	𐑕𐑑𐑘𐑫𐑐𐑩𐑛	ˈstjupƏd	𐑕𐑑𐑵𐑐𐑦𐑛, 𐑕𐑑𐑿𐑐𐑦𐑛	ˈstjuːpɪd	high	
stupid	𐑕𐑑𐑿𐑐𐑩𐑛	ˈstjuːpƏd	𐑕𐑑𐑵𐑐𐑦𐑛, 𐑕𐑑𐑿𐑐𐑦𐑛	ˈstjuːpɪd	high	
stupidest	𐑕𐑑𐑫𐑐𐑦𐑛𐑩𐑕𐑑	ˈstupɪdəst	𐑕𐑑𐑵𐑐𐑦𐑛𐑩𐑕𐑑, 𐑕𐑑𐑿𐑐𐑦𐑛𐑩𐑕𐑑	ˈstjuːpɪdəst	high	
stupidest	𐑕𐑑𐑿𐑐𐑦𐑛𐑦𐑕𐑑	ˈstjuːpɪdɪst	𐑕𐑑𐑵𐑐𐑦𐑛𐑩𐑕𐑑, 𐑕𐑑𐑿𐑐𐑦𐑛𐑩𐑕𐑑	ˈstjuːpɪdəst	high	
stupidity	𐑕𐑑𐑫𐑐𐑦𐑛𐑦𐑑𐑦	stuˈpɪdɪti	𐑕𐑑𐑵𐑐𐑦𐑛𐑦𐑑𐑦, 𐑕𐑑𐑿𐑐𐑦𐑛𐑦𐑑𐑦	stjuːˈpɪdɪti	high	
stupor	𐑕𐑑𐑘𐑫𐑐𐑼	ˈstjupəR	𐑕𐑑𐑵𐑐𐑼, 𐑕𐑑𐑿𐑐𐑼	ˈstjuːpəR	high	
stupor	𐑕𐑑𐑫𐑐𐑼	ˈstupəR	𐑕𐑑𐑵𐑐𐑼, 𐑕𐑑𐑿𐑐𐑼	ˈstjuːpəR	high	
stylized	𐑕𐑑𐑲𐑩𐑤𐑲𐑟𐑛	ˈstaɪəlaɪzd	𐑕𐑑𐑲𐑤𐑲𐑟𐑛	ˈstaɪlaɪzd	high	
suave	𐑕𐑢𐑪𐑝	swɒv	𐑕𐑢𐑭𐑝	swɑːv	high	
suave	𐑕𐑢𐑱𐑝	sweɪv	𐑕𐑢𐑭𐑝	swɑːv	high	
subaltern	𐑕𐑳𐑚𐑷𐑤𐑑𐑼𐑯	sʌbˈɔːltərn	𐑕𐑳𐑚𐑩𐑤𐑑𐑼𐑯	ˈsʌbəltəRn	high	
subatomic	𐑕𐑳𐑚𐑩𐑑𐑭𐑥𐑦𐑒	ˌsʌbəˈtɑːmɪk	𐑕𐑳𐑚𐑩𐑑𐑪𐑥𐑦𐑒	ˌsʌbəˈtɒmɪk	high	
subconscious	𐑕𐑳𐑚𐑒𐑪𐑯𐑗𐑩𐑕	sʌbˈkɒntʃəs	𐑕𐑳𐑚𐑒𐑪𐑯𐑖𐑩𐑕	ˌsʌbˈkɒnʃəs	high	
subdue	𐑕𐑩𐑚𐑛𐑫	səbˈdu	𐑕𐑩𐑚𐑛𐑵, 𐑕𐑩𐑚𐑛𐑿	səbˈdjuː	high	
subdue	𐑕𐑩𐑚𐑡𐑵	səbˈdʒuː	𐑕𐑩𐑚𐑛𐑵, 𐑕𐑩𐑚𐑛𐑿	səbˈdjuː	high	
subdue	𐑕𐑳𐑚-	sʌb-	𐑕𐑩𐑚𐑛𐑵, 𐑕𐑩𐑚𐑛𐑿	səbˈdjuː	high	
subdued	𐑕𐑩𐑚𐑛𐑫𐑛	səbˈdud	𐑕𐑩𐑚𐑛𐑵𐑛, 𐑕𐑩𐑚𐑛𐑿𐑛	səbˈdjuːd	high	
subject	𐑕𐑳𐑚𐑡𐑦𐑒𐑑	ˈsʌbdʒɪkt	𐑕𐑩𐑚𐑡𐑧𐑒𐑑, 𐑕𐑳𐑚𐑡𐑧𐑒𐑑	ˈsʌbdʒekt	high	
subjugate	𐑕𐑳𐑚𐑡𐑩𐑜𐑩𐑑	ˈsʌbdʒəɡət	𐑕𐑳𐑚𐑡𐑩𐑜𐑱𐑑	ˈsʌbdʒəɡeɪt	high	
subjugate	𐑕𐑳𐑚𐑡𐑫𐑜𐑩𐑑	ˈsʌbdʒʊɡət	𐑕𐑳𐑚𐑡𐑩𐑜𐑱𐑑	ˈsʌbdʒəɡeɪt	high	
subjugate	𐑕𐑳𐑚𐑡𐑫𐑜𐑱𐑑	ˈsʌbdʒʊɡeɪt	𐑕𐑳𐑚𐑡𐑩𐑜𐑱𐑑	ˈsʌbdʒəɡeɪt	high	
subjugation	𐑕𐑳𐑚𐑡𐑫𐑜𐑱𐑖𐑩𐑯	ˌsʌbdʒʊˈɡeɪʃən	𐑕𐑳𐑚𐑡𐑩𐑜𐑱𐑖𐑩𐑯	ˌsʌbdʒəˈɡeɪʃən	high	
subliminal	𐑕𐑩𐑚𐑤𐑦𐑥𐑦𐑯𐑩𐑤	səˈblɪmɪnəl	𐑕𐑳𐑚𐑤𐑦𐑥𐑦𐑯𐑩𐑤	ˌsʌbˈlɪmɪnəl	high	
submariner	𐑕𐑳𐑚𐑥𐑼𐑰𐑯𐑼	sʌbməˈriːnəR	𐑕𐑳𐑚𐑥𐑨𐑮𐑦𐑯𐑼	sʌbˈmærɪnəR	high	
subordination	𐑕𐑩𐑚𐑹𐑛𐑩𐑯𐑱𐑖𐑩𐑯	səˌbɔːRdəˈneɪʃən	𐑕𐑩𐑚𐑹𐑛𐑦𐑯𐑱𐑖𐑩𐑯	səˌbɔːRdɪˈneɪʃən	high	
subpoena	𐑕𐑩𐑐𐑦𐑯𐑩	səˈpinə	𐑕𐑩𐑐𐑰𐑯𐑩	səˈpiːnə	high	
subpoena	𐑕𐑩𐑚𐑐𐑰𐑯𐑩	səbˈpiːnə	𐑕𐑩𐑐𐑰𐑯𐑩	səˈpiːnə	high	
subserve	𐑕𐑩𐑚𐑕𐑼𐑝	səbˈsəRv	𐑕𐑩𐑚𐑕𐑻𐑝	səbˈsɜːRv	high	
substance	𐑕𐑳𐑚𐑕𐑑𐑩𐑯𐑑𐑕	ˈsʌbstənts	𐑕𐑳𐑚𐑕𐑑𐑩𐑯𐑕	ˈsʌbstəns	high	
substantiate	𐑕𐑩𐑚𐑕𐑑𐑺𐑯𐑖𐑦𐑱𐑑	səbˈsteənʃiˌeɪt	𐑕𐑩𐑚𐑕𐑑𐑨𐑯𐑖𐑦𐑱𐑑	səbˈstænʃieɪt	high	
substantive	𐑕𐑩𐑚𐑕𐑑𐑨𐑯𐑑𐑦𐑝	səbˈstæntɪv	𐑕𐑳𐑚𐑕𐑑𐑩𐑯𐑑𐑦𐑝	ˈsʌbstəntɪv	high	
substituted	𐑕𐑳𐑚𐑕𐑑𐑦𐑑𐑫𐑑𐑩𐑛	ˈsʌbstɪtutƏd	𐑕𐑳𐑚𐑕𐑑𐑦𐑑𐑵𐑑𐑩𐑛, 𐑕𐑳𐑚𐑕𐑑𐑦𐑑𐑿𐑑𐑩𐑛	ˈsʌbstɪtjuːtƏd	high	
substitution	𐑕𐑳𐑚𐑕𐑑𐑦𐑑𐑫𐑖𐑩𐑯	ˌsʌbstɪˈtuʃən	𐑕𐑳𐑚𐑕𐑑𐑦𐑑𐑵𐑖𐑩𐑯, 𐑕𐑳𐑚𐑕𐑑𐑦𐑑𐑿𐑖𐑩𐑯	ˌsʌbstɪˈtjuːʃən	high	
subsume	𐑕𐑩𐑚𐑕𐑵𐑥	səbˈsuːm	𐑕𐑩𐑚𐑕𐑿𐑥	səbˈsjuːm	high	
subtle	𐑕𐑳𐑑𐑤	ˈsʌtl	𐑕𐑳𐑑𐑩𐑤	ˈsʌtəl	high	
subtly	𐑕𐑳𐑑𐑩𐑤𐑤𐑦	ˈsʌtəlli	𐑕𐑳𐑑𐑤𐑦	ˈsʌtli	high	
suburbia	𐑕𐑩𐑚𐑻𐑚𐑦𐑩	səˈbɜːRbiə	𐑕𐑩𐑚𐑻𐑚𐑾	səˈbɜːRbɪə	high	
subversion	𐑕𐑳𐑚𐑝𐑻𐑖𐑩𐑯	sʌbvɜːRʃən	𐑕𐑩𐑚𐑝𐑻𐑠𐑩𐑯	səbˈvɜːRʒən	high	
subversion	𐑕𐑳𐑚𐑝𐑻𐑠𐑩𐑯	sʌbvɜːRʒən	𐑕𐑩𐑚𐑝𐑻𐑠𐑩𐑯	səbˈvɜːRʒən	high	
subversive	-𐑝𐑼𐑕𐑦𐑝	-vəRsɪv	𐑕𐑩𐑚𐑝𐑻𐑕𐑦𐑝	səbˈvɜːRsɪv	high	
subversive	𐑕𐑳𐑚-	sʌb-	𐑕𐑩𐑚𐑝𐑻𐑕𐑦𐑝	səbˈvɜːRsɪv	medium	r_gap:spelling=1,ipa=0
subvert	𐑕𐑩𐑚𐑝𐑻𐑑	səbvɜːRt	𐑕𐑳𐑚𐑝𐑻𐑑	sʌbˈvɜːRt	high	
subvert	𐑕𐑳𐑚𐑝𐑼𐑑	sʌbvəRt	𐑕𐑳𐑚𐑝𐑻𐑑	sʌbˈvɜːRt	high	
sudan	𐑕𐑫𐑛𐑨𐑯	suˈdæn	𐑕𐑵𐑛𐑨𐑯	suːˈdæn	high	
sudan	𐑕𐑫𐑛𐑪𐑯	suˈdɒn	𐑕𐑵𐑛𐑨𐑯	suːˈdæn	high	
sudan	𐑕𐑵𐑛𐑭𐑯	suːˈdɑːn	𐑕𐑵𐑛𐑨𐑯	suːˈdæn	high	
sudanese	𐑕𐑵𐑛𐑧𐑯𐑰𐑟	suːdeniːz	𐑕𐑵𐑛𐑩𐑯𐑰𐑟	ˌsuːdəˈniːz	high	
suet	𐑕𐑿𐑦𐑑	ˈsjuːɪt	𐑕𐑵𐑩𐑑	ˈsuːIt	high	
suffice	𐑕𐑩𐑓𐑳𐑦𐑕	səˈfʌɪs	𐑕𐑩𐑓𐑲𐑕	səˈfaɪs	high	
suffolk	𐑕𐑳𐑓𐑦𐑒	ˈsʌfɪk	𐑕𐑳𐑓𐑩𐑒	ˈsʌfək	high	
suffragan	𐑕𐑩𐑓𐑮𐑩𐑜𐑩𐑯	ˈsəfrəɡən	𐑕𐑳𐑓𐑮𐑩𐑜𐑩𐑯	ˈsʌfrəɡən	high	
sugarcoat	𐑖𐑫𐑜𐑩𐑒𐑴𐑑	ʃʊɡəkəʊt	𐑖𐑫𐑜𐑼𐑒𐑴𐑑	ˈʃʊɡəRˌkəʊt	medium	r_gap:spelling=1,ipa=0; shave_says:𐑖𐑫𐑜𐑼𐑒𐑴𐑑
suggest	𐑕𐑩𐑜𐑡𐑧𐑕𐑑	səɡˈdʒest	𐑕𐑩𐑡𐑧𐑕𐑑	səˈdʒest	high	
suggested	𐑕𐑩𐑜𐑡𐑧𐑕𐑑𐑩𐑛	səɡˈdʒestƏd	𐑕𐑩𐑡𐑧𐑕𐑑𐑩𐑛	səˈdʒestƏd	high	
suggesting	𐑕𐑩𐑜𐑡𐑧𐑕𐑑𐑦𐑙	səɡˈdʒestɪŋ	𐑕𐑩𐑡𐑧𐑕𐑑𐑦𐑙	səˈdʒestɪŋ	high	
suggestion	𐑕𐑩𐑜𐑡𐑧𐑕𐑗𐑩𐑯	səɡˈdʒestʃən	𐑕𐑩𐑡𐑧𐑕𐑗𐑩𐑯	səˈdʒestʃən	high	
suggestion	𐑕𐑩𐑡𐑧𐑖𐑗𐑩𐑯	səˈdʒeʃtʃən	𐑕𐑩𐑡𐑧𐑕𐑗𐑩𐑯	səˈdʒestʃən	high	
suggestions	𐑕𐑩𐑜𐑡𐑧𐑕𐑗𐑩𐑯𐑟	səɡˈdʒestʃənz	𐑕𐑩𐑡𐑧𐑕𐑗𐑩𐑯𐑟	səˈdʒestʃənz	high	
suggestions	𐑕𐑩𐑡𐑧𐑕𐑑𐑘𐑩𐑯𐑟	səˈdʒestjənz	𐑕𐑩𐑡𐑧𐑕𐑗𐑩𐑯𐑟	səˈdʒestʃənz	high	
suggests	𐑕𐑩𐑜𐑡𐑧𐑕𐑑𐑕	səɡˈdʒests	𐑕𐑩𐑡𐑧𐑕𐑑𐑕	səˈdʒests	high	
suicidal	𐑕𐑫𐑦-	ˌsuɪ-	𐑕𐑵𐑦𐑕𐑲𐑛𐑩𐑤	ˌsuːɪˈsaɪdəl	high	
suicidal	𐑕𐑫𐑩𐑕𐑲𐑛𐑩𐑤	ˌsuəˈsaɪdəl	𐑕𐑵𐑦𐑕𐑲𐑛𐑩𐑤	ˌsuːɪˈsaɪdəl	high	
suicidal	𐑕𐑿𐑦𐑕𐑲𐑛𐑩𐑤	ˌsjuːɪˈsaɪdəl	𐑕𐑵𐑦𐑕𐑲𐑛𐑩𐑤	ˌsuːɪˈsaɪdəl	high	
suicide	𐑕𐑫𐑦𐑕𐑲𐑛	ˈsuɪˌsaɪd	𐑕𐑵𐑦𐑕𐑲𐑛	ˈsuːɪsaɪd	high	
suicide	𐑕𐑿𐑦𐑕𐑲𐑛	ˈsjuːɪˌsaɪd	𐑕𐑵𐑦𐑕𐑲𐑛	ˈsuːɪsaɪd	high	
suit	𐑕𐑫𐑑	sut	𐑕𐑵𐑑	suːt	high	
suitability	𐑕𐑘𐑫𐑑𐑩𐑚𐑦𐑤𐑩𐑑𐑦	ˌsjutəˈbɪləti	𐑕𐑵𐑑𐑩𐑚𐑦𐑤𐑦𐑑𐑦	ˌsuːtəˈbɪlɪti	high	
suitability	𐑕𐑫𐑑𐑩𐑚𐑦𐑤𐑩𐑑𐑦	ˌsutəˈbɪləti	𐑕𐑵𐑑𐑩𐑚𐑦𐑤𐑦𐑑𐑦	ˌsuːtəˈbɪlɪti	high	
suitability	𐑕𐑿𐑑𐑩𐑚𐑦𐑤𐑦𐑑𐑦	ˌsjuːtəˈbɪlɪti	𐑕𐑵𐑑𐑩𐑚𐑦𐑤𐑦𐑑𐑦	ˌsuːtəˈbɪlɪti	high	
suitable	𐑕𐑘𐑫𐑑𐑩𐑚𐑤	ˈsjutəbl	𐑕𐑵𐑑𐑩𐑚𐑩𐑤	ˈsuːtəbəl	high	
suitable	𐑕𐑫𐑑𐑩𐑚𐑤	ˈsutəbl	𐑕𐑵𐑑𐑩𐑚𐑩𐑤	ˈsuːtəbəl	high	
suitable	𐑕𐑵𐑑𐑩𐑚𐑤	ˈsuːtəbl	𐑕𐑵𐑑𐑩𐑚𐑩𐑤	ˈsuːtəbəl	high	
suitable	𐑕𐑿𐑑𐑩𐑚𐑤	ˈsjuːtəbl	𐑕𐑵𐑑𐑩𐑚𐑩𐑤	ˈsuːtəbəl	high	
suitcase	𐑕𐑫𐑑𐑒𐑱𐑕	ˈsutkeɪs	𐑕𐑵𐑑𐑒𐑱𐑕	ˈsuːtkeɪs	high	
suited	𐑕𐑫𐑑𐑩𐑛	ˈsutƏd	𐑕𐑵𐑑𐑩𐑛	ˈsuːtƏd	high	
suited	𐑕𐑿-	ˈsjuː-	𐑕𐑵𐑑𐑩𐑛	ˈsuːtƏd	high	
suitor	𐑕𐑫𐑑𐑼	ˈsutəR	𐑕𐑵𐑑𐑼	ˈsuːtəR	high	
suitor	𐑕𐑿𐑑𐑼	sjuːtəR	𐑕𐑵𐑑𐑼	ˈsuːtəR	high	
sultana	𐑕𐑳𐑤𐑑𐑪𐑯𐑩	ˌsʌlˈtɒnə	𐑕𐑳𐑤𐑑𐑨𐑯𐑩, 𐑕𐑳𐑤𐑑𐑭𐑯𐑩	sʌlˈtⱭːnə	high	
sultry	𐑕𐑩𐑤-	ˈsəl-	𐑕𐑳𐑤𐑑𐑮𐑦	ˈsʌltri	medium	r_gap:spelling=1,ipa=0
sumac	𐑕𐑫-	ˈsu-	𐑕𐑵𐑥𐑨𐑒	ˈsuːmæk	high	
sumac	𐑕𐑿𐑥𐑨𐑒	ˈsjuːmæk	𐑕𐑵𐑥𐑨𐑒	ˈsuːmæk	high	
sumac	𐑖𐑵-	ˈʃuː-	𐑕𐑵𐑥𐑨𐑒	ˈsuːmæk	high	
summation	𐑕𐑳𐑥𐑱𐑖𐑩𐑯	sʌˈmeɪʃən	𐑕𐑩𐑥𐑱𐑖𐑩𐑯	səˈmeɪʃən	high	
summit	𐑕𐑳𐑥𐑩𐑑	ˈsʌmət	𐑕𐑳𐑥𐑦𐑑	ˈsʌmɪt	high	
sumptuary	-𐑑𐑘𐑫-	-tju-	𐑕𐑳𐑥𐑐𐑗𐑫𐑼𐑦	ˈsʌmptʃʊəri	medium	r_gap:spelling=1,ipa=0
sumptuary	-𐑗𐑩𐑢𐑧𐑮𐑦	-tʃəˌweri	𐑕𐑳𐑥𐑐𐑗𐑫𐑼𐑦	ˈsʌmptʃʊəri	high	
sumptuary	𐑕𐑳𐑥𐑐𐑑𐑘𐑩𐑼𐑦	sʌmptjəəri	𐑕𐑳𐑥𐑐𐑗𐑫𐑼𐑦	ˈsʌmptʃʊəri	high	
sumptuary	𐑕𐑳𐑥𐑐𐑑𐑘𐑼𐑦	sʌmptjəri	𐑕𐑳𐑥𐑐𐑗𐑫𐑼𐑦	ˈsʌmptʃʊəri	high	
sumptuary	𐑕𐑳𐑥𐑐𐑗𐑫𐑧𐑮𐑦	ˈsʌmptʃuˌeri	𐑕𐑳𐑥𐑐𐑗𐑫𐑼𐑦	ˈsʌmptʃʊəri	high	
sumptuary	𐑕𐑳𐑥𐑐𐑗𐑼𐑦	sʌmptʃəri	𐑕𐑳𐑥𐑐𐑗𐑫𐑼𐑦	ˈsʌmptʃʊəri	high	
sundae	𐑕𐑫𐑯𐑛𐑱	ˈsundeɪ	𐑕𐑳𐑯𐑛𐑱	ˈsʌndeɪ	high	
sundae	𐑕𐑵𐑯𐑛𐑱	ˈsuːndeɪ	𐑕𐑳𐑯𐑛𐑱	ˈsʌndeɪ	high	
sunderland	𐑕𐑳𐑯𐑛𐑩𐑤𐑩𐑯𐑛	sʌndələnd	𐑕𐑳𐑯𐑛𐑼𐑤𐑩𐑯𐑛	ˈsʌndəRlənd	medium	r_gap:spelling=1,ipa=0; shave_says:𐑕𐑳𐑯𐑛𐑼𐑤𐑩𐑯𐑛
super	𐑕𐑫𐑐𐑼	ˈsupəR	𐑕𐑵𐑐𐑼	ˈsuːpəR	high	
super	𐑕𐑿𐑐𐑼	sjuːpəR	𐑕𐑵𐑐𐑼	ˈsuːpəR	high	
super-duper	𐑕𐑫𐑐𐑼𐑛𐑫𐑐𐑼	ˈsupəRˌdupəR	𐑕𐑵𐑐𐑼-𐑛𐑵𐑐𐑼	ˌsuːpəR-ˈduːpəR	high	
super-duper	𐑕𐑿𐑐𐑩𐑛𐑵𐑐𐑼	sjuːpəduːpər	𐑕𐑵𐑐𐑼-𐑛𐑵𐑐𐑼	ˌsuːpəR-ˈduːpəR	medium	r_gap:spelling=2,ipa=1; shave_says:𐑕𐑵𐑐𐑼-𐑛𐑿𐑐𐑼
superb	𐑕𐑩𐑐𐑻𐑚	səˈpɜːRb	𐑕𐑵𐑐𐑻𐑚	suːˈpɜːRb	high	
superb	𐑕𐑫𐑐𐑻𐑚	suˈpɜːRb	𐑕𐑵𐑐𐑻𐑚	suːˈpɜːRb	high	
superb	𐑕𐑿𐑐𐑻𐑚	sjuːpɜːRb	𐑕𐑵𐑐𐑻𐑚	suːˈpɜːRb	high	
supercargo	𐑕𐑫𐑐𐑼𐑒𐑸𐑜𐑴	ˈsupərˌkɑːRɡoʊ	𐑕𐑵𐑐𐑼𐑒𐑸𐑜𐑴	ˈsuːpəRkɑːRɡəʊ	high	
supercargo	𐑕𐑵𐑐𐑩𐑒𐑸𐑜𐑴	suːpəkɑːRɡəʊ	𐑕𐑵𐑐𐑼𐑒𐑸𐑜𐑴	ˈsuːpəRkɑːRɡəʊ	medium	r_gap:spelling=2,ipa=1; shave_says:𐑕𐑵𐑐𐑼𐑒𐑸𐑜𐑴
supercargo	𐑕𐑿𐑐𐑩-	sjuːpə-	𐑕𐑵𐑐𐑼𐑒𐑸𐑜𐑴	ˈsuːpəRkɑːRɡəʊ	medium	r_gap:spelling=2,ipa=0; shave_says:𐑕𐑵𐑐𐑼𐑒𐑸𐑜𐑴
supercilious	𐑕𐑫𐑐𐑼𐑕𐑦𐑤𐑦𐑩𐑕	ˌsupəRˈsɪliəs	𐑕𐑵𐑐𐑼𐑕𐑦𐑤𐑾𐑕	ˌsuːpəRˈsɪlɪəs	high	
supercilious	𐑕𐑵𐑐𐑩𐑕𐑦𐑤𐑦𐑩𐑕	suːpəsɪliəs	𐑕𐑵𐑐𐑼𐑕𐑦𐑤𐑾𐑕	ˌsuːpəRˈsɪlɪəs	medium	r_gap:spelling=1,ipa=0; shave_says:𐑕𐑵𐑐𐑼𐑕𐑦𐑤𐑾𐑕
superego	𐑕𐑫𐑐𐑼𐑦𐑜𐑴	ˈsupəRˌiɡoʊ	𐑕𐑵𐑐𐑼𐑰𐑜𐑴	ˈsuːpəriːɡəʊ	high	
supererogation	𐑕𐑿𐑐𐑼𐑧𐑮𐑩𐑜𐑱𐑖𐑩𐑯	sjuːpərerəɡeɪʃən	𐑕𐑵𐑐𐑼𐑧𐑮𐑩𐑜𐑱𐑖𐑩𐑯	ˌsuːpəˌrerəˈɡeɪʃən	high	
superficial	𐑕𐑫𐑐𐑼𐑓𐑦𐑖𐑩𐑤	ˌsupəRˈfɪʃəl	𐑕𐑵𐑐𐑼𐑓𐑦𐑖𐑩𐑤	ˌsuːpəRˈfɪʃəl	high	
superficial	𐑕𐑵𐑐𐑩𐑓𐑦𐑖𐑩𐑤	suːpəfɪʃəl	𐑕𐑵𐑐𐑼𐑓𐑦𐑖𐑩𐑤	ˌsuːpəRˈfɪʃəl	medium	r_gap:spelling=1,ipa=0; shave_says:𐑕𐑵𐑐𐑼𐑓𐑦𐑕𐑾𐑤
superficiality	𐑕𐑵𐑐𐑩𐑓𐑦𐑖𐑦𐑨𐑤𐑦𐑑𐑦	suːpəfɪʃiælɪti	𐑕𐑵𐑐𐑼𐑓𐑦𐑖𐑦𐑨𐑤𐑦𐑑𐑦	ˌsuːpəRˌfɪʃɪˈælɪti	medium	r_gap:spelling=1,ipa=0; shave_says:𐑕𐑵𐑐𐑼𐑓𐑦𐑕𐑾𐑤𐑦𐑑𐑦
superficies	𐑕𐑫𐑐𐑼𐑓𐑦𐑖𐑦𐑟	ˌsupəRˈfɪˌʃiz	𐑕𐑵𐑐𐑼𐑓𐑦𐑖𐑰𐑟	ˌsuːpəRˈfɪʃiːz	high	
superficies	𐑕𐑫𐑐𐑼𐑓𐑦𐑖𐑦𐑦𐑟	ˌsupəRˈfɪʃiˌiz	𐑕𐑵𐑐𐑼𐑓𐑦𐑖𐑰𐑟	ˌsuːpəRˈfɪʃiːz	high	
superficies	𐑕𐑵𐑐𐑩𐑓𐑦𐑖𐑦𐑰𐑟	suːpəfɪʃiiːz	𐑕𐑵𐑐𐑼𐑓𐑦𐑖𐑰𐑟	ˌsuːpəRˈfɪʃiːz	medium	r_gap:spelling=1,ipa=0; shave_says:𐑕𐑵𐑐𐑼𐑓𐑦𐑖𐑰𐑟
superfluity	𐑕𐑵𐑐𐑩𐑓𐑤𐑵𐑦𐑑𐑦	suːpəfluːɪti	𐑕𐑵𐑐𐑼𐑓𐑤𐑵𐑦𐑑𐑦	ˌsuːpəRˈfluːɪti	medium	r_gap:spelling=1,ipa=0; shave_says:𐑕𐑵𐑐𐑼𐑓𐑤𐑵𐑦𐑑𐑦
superfluous	𐑕𐑘𐑩𐑐𐑻𐑓𐑤𐑫𐑩𐑕	sjəpɜːRfluəs	𐑕𐑵𐑐𐑻𐑓𐑤𐑫𐑩𐑕	suːˈpɜːRfluəs	high	
superfluous	𐑕𐑫𐑐𐑻𐑓𐑤𐑫𐑩𐑕	suˈpɜːRfluəs	𐑕𐑵𐑐𐑻𐑓𐑤𐑫𐑩𐑕	suːˈpɜːRfluəs	high	
superhero	𐑕𐑘𐑫𐑐𐑼𐑣𐑦𐑮𐑴	ˈsjupəRhɪroʊ	𐑕𐑵𐑐𐑼𐑣𐑽𐑴	ˈsuːpəRˌhɪərəʊ	high	
superintendent	𐑕𐑿𐑐𐑼𐑦𐑯𐑑𐑧𐑯𐑛𐑩𐑯𐑑	ˌsjuːpərɪnˈtendənt	𐑕𐑵𐑐𐑼𐑦𐑯𐑑𐑧𐑯𐑛𐑩𐑯𐑑	ˌsuːpərɪnˈtendənt	high	
superior	𐑕𐑩-	sə-	𐑕𐑵𐑐𐑽𐑽	suːˈpɪərɪəR	medium	r_gap:spelling=2,ipa=0
superior	𐑕𐑫𐑐𐑦𐑮𐑦𐑼	sʊˈpɪriəR	𐑕𐑵𐑐𐑽𐑽	suːˈpɪərɪəR	high	
superior	𐑕𐑵𐑐𐑽𐑦𐑼	suːpɪəriəR	𐑕𐑵𐑐𐑽𐑽	suːˈpɪərɪəR	high	
superiority	𐑕𐑫𐑐𐑽𐑦𐑪𐑮𐑦𐑑𐑦	sʊpɪəriɒrɪti	𐑕𐑵𐑐𐑽𐑦𐑪𐑮𐑦𐑑𐑦	suːˌpɪərɪˈɒrɪti	high	
superlative	𐑕𐑫𐑐𐑻𐑤𐑩𐑑𐑦𐑝	suˈpɜːRlətɪv	𐑕𐑵𐑐𐑻𐑤𐑩𐑑𐑦𐑝	suːˈpɜːRlətɪv	high	
superlative	𐑕𐑿𐑐𐑻𐑤𐑩𐑑𐑦𐑝	sjuːpɜːRlətɪv	𐑕𐑵𐑐𐑻𐑤𐑩𐑑𐑦𐑝	suːˈpɜːRlətɪv	high	
superman	𐑕𐑫𐑐𐑼𐑥𐑨𐑯	ˈsupəRmæn	𐑕𐑵𐑐𐑼𐑥𐑨𐑯	ˈsuːpəRmæn	high	
superman	𐑕𐑿𐑐𐑩𐑥𐑨𐑯	sjuːpəmæn	𐑕𐑵𐑐𐑼𐑥𐑨𐑯	ˈsuːpəRmæn	medium	r_gap:spelling=1,ipa=0; shave_says:𐑕𐑵𐑐𐑼𐑥𐑨𐑯
superman	𐑕𐑿𐑐𐑼𐑥𐑨𐑯	sjuːpərmæn	𐑕𐑵𐑐𐑼𐑥𐑨𐑯	ˈsuːpəRmæn	high	
supermarket	𐑕𐑫𐑐𐑼𐑥𐑸𐑒𐑩𐑑	ˌsupəRˈmɑːRkət	𐑕𐑵𐑐𐑼𐑥𐑸𐑒𐑩𐑑	ˈsuːpəRmɑːRkIt	high	
supermarket	𐑕𐑵𐑐𐑩𐑥𐑸𐑒𐑦𐑑	suːpəmɑːRkɪt	𐑕𐑵𐑐𐑼𐑥𐑸𐑒𐑩𐑑	ˈsuːpəRmɑːRkIt	low	ml_disagrees:𐑕𐑵𐑐𐑩𐑥𐑸𐑒𐑩𐑑; r_gap:spelling=2,ipa=1; shave_says:𐑕𐑵𐑐𐑼𐑥𐑸𐑒𐑩𐑑
supernal	𐑕𐑩𐑐𐑻𐑯𐑩𐑤	səˈpɜːRnəl	𐑕𐑵𐑐𐑻𐑯𐑩𐑤	suːˈpɜːRnəl	high	
supernal	𐑕𐑫𐑐𐑻𐑯𐑩𐑤	sʊpɜːRnəl	𐑕𐑵𐑐𐑻𐑯𐑩𐑤	suːˈpɜːRnəl	high	
supernal	𐑕𐑿𐑐𐑻𐑯𐑩𐑤	sjuːpɜːRnəl	𐑕𐑵𐑐𐑻𐑯𐑩𐑤	suːˈpɜːRnəl	high	
supernatural	-𐑗𐑮𐑩𐑤	-tʃrəl	𐑕𐑵𐑐𐑼𐑯𐑨𐑗𐑼𐑩𐑤	ˌsuːpəRˈnætʃərəl	medium	r_gap:spelling=2,ipa=1; shave_says:𐑕𐑵𐑐𐑼𐑯𐑨𐑗𐑼𐑩𐑤
supernatural	𐑕𐑫𐑐𐑼𐑯𐑨𐑗𐑼𐑩𐑤	ˌsupərˈnætʃərəl	𐑕𐑵𐑐𐑼𐑯𐑨𐑗𐑼𐑩𐑤	ˌsuːpəRˈnætʃərəl	high	
supernatural	𐑕𐑿𐑐𐑩𐑯𐑨𐑗𐑼𐑩𐑤	sjuːpənætʃərəl	𐑕𐑵𐑐𐑼𐑯𐑨𐑗𐑼𐑩𐑤	ˌsuːpəRˈnætʃərəl	medium	r_gap:spelling=2,ipa=1; shave_says:𐑕𐑵𐑐𐑼𐑯𐑨𐑗𐑼𐑩𐑤
supernumerary	𐑕𐑫𐑐𐑼𐑯𐑘𐑫𐑥𐑼𐑧𐑮𐑦	ˌsupəRˈnjuməˌreri	𐑕𐑵𐑐𐑼𐑯𐑵𐑥𐑼𐑼𐑦, 𐑕𐑵𐑐𐑼𐑯𐑿𐑥𐑼𐑼𐑦	ˌsuːpəRˈnjuːmərəri	high	
supernumerary	𐑕𐑵𐑐𐑩𐑯𐑿𐑥𐑼𐑼𐑦	suːpənjuːmərəri	𐑕𐑵𐑐𐑼𐑯𐑵𐑥𐑼𐑼𐑦, 𐑕𐑵𐑐𐑼𐑯𐑿𐑥𐑼𐑼𐑦	ˌsuːpəRˈnjuːmərəri	medium	r_gap:spelling=3,ipa=2; shave_says:𐑕𐑵𐑐𐑼𐑯𐑿𐑥𐑼𐑼𐑦
superscribe	𐑕𐑵𐑐𐑩𐑕𐑒𐑮𐑳𐑦𐑚	suːpəskrʌɪb	𐑕𐑵𐑐𐑼𐑕𐑒𐑮𐑲𐑚	ˈsuːpəRˌskraɪb	medium	r_gap:spelling=2,ipa=1; shave_says:𐑕𐑵𐑐𐑼𐑕𐑒𐑮𐑲𐑚
superscription	𐑕𐑵𐑐𐑩𐑕𐑒𐑮𐑦𐑐𐑖𐑩𐑯	suːpəskrɪpʃən	𐑕𐑵𐑐𐑼𐑕𐑒𐑮𐑦𐑐𐑖𐑩𐑯	ˌsuːpəRˈskrɪpʃən	medium	r_gap:spelling=2,ipa=1; shave_says:𐑕𐑵𐑐𐑼𐑕𐑒𐑮𐑦𐑐𐑖𐑩𐑯
supersede	𐑕𐑫𐑐𐑼𐑕𐑰𐑛	ˌsupəRˈsiːd	𐑕𐑵𐑐𐑼𐑕𐑰𐑛	ˌsuːpəRˈsiːd	high	
supersede	𐑕𐑵𐑐𐑩𐑕𐑰𐑛	suːpəsiːd	𐑕𐑵𐑐𐑼𐑕𐑰𐑛	ˌsuːpəRˈsiːd	medium	r_gap:spelling=1,ipa=0; shave_says:𐑕𐑵𐑐𐑼𐑕𐑰𐑛
supersession	𐑕𐑫𐑐𐑼𐑕𐑧𐑖𐑩𐑯	supəRˈseʃən	𐑕𐑵𐑐𐑼𐑕𐑧𐑖𐑩𐑯	ˌsuːpəRˈseʃən	high	
supersession	𐑕𐑵𐑐𐑩𐑕𐑧𐑖𐑩𐑯	suːpəseʃən	𐑕𐑵𐑐𐑼𐑕𐑧𐑖𐑩𐑯	ˌsuːpəRˈseʃən	medium	r_gap:spelling=1,ipa=0; shave_says:𐑕𐑵𐑐𐑼𐑕𐑧𐑕𐑾𐑯
superstar	𐑕𐑫𐑐𐑼𐑕𐑑𐑸	ˈsupəRˌstɑːR	𐑕𐑵𐑐𐑼𐑕𐑑𐑸	ˈsuːpəRstɑːR	high	
superstar	𐑕𐑵𐑐𐑩𐑕𐑑𐑸	suːpəstɑːR	𐑕𐑵𐑐𐑼𐑕𐑑𐑸	ˈsuːpəRstɑːR	medium	r_gap:spelling=2,ipa=1; shave_says:𐑕𐑵𐑐𐑼𐑕𐑑𐑸
superstition	𐑕𐑘𐑫𐑐𐑼𐑕𐑑𐑦𐑖𐑩𐑯	sjupərstɪʃən	𐑕𐑵𐑐𐑼𐑕𐑑𐑦𐑖𐑩𐑯	ˌsuːpəRˈstɪʃən	high	
superstition	𐑕𐑿𐑐𐑼𐑕𐑑𐑦𐑖𐑩𐑯	sjuːpərstɪʃən	𐑕𐑵𐑐𐑼𐑕𐑑𐑦𐑖𐑩𐑯	ˌsuːpəRˈstɪʃən	high	
superstitious	𐑕𐑘𐑫𐑐𐑼𐑕𐑑𐑦𐑖𐑩𐑕	ˌsjupəRˈstɪʃəs	𐑕𐑵𐑐𐑼𐑕𐑑𐑦𐑖𐑩𐑕	ˌsuːpəRˈstɪʃəs	high	
superstitious	𐑕𐑿𐑐𐑩𐑕𐑑𐑦𐑖𐑩𐑕	sjuːpəstɪʃəs	𐑕𐑵𐑐𐑼𐑕𐑑𐑦𐑖𐑩𐑕	ˌsuːpəRˈstɪʃəs	medium	r_gap:spelling=1,ipa=0; shave_says:𐑕𐑵𐑐𐑼𐑕𐑑𐑦𐑖𐑩𐑕
supervise	𐑕𐑫𐑐𐑼𐑝𐑲𐑟	ˈsupəRˌvaɪz	𐑕𐑵𐑐𐑼𐑝𐑲𐑟	ˈsuːpəRvaɪz	high	
supervise	𐑕𐑵𐑐𐑩𐑝𐑲𐑟	suːpəvaɪz	𐑕𐑵𐑐𐑼𐑝𐑲𐑟	ˈsuːpəRvaɪz	medium	r_gap:spelling=1,ipa=0; shave_says:𐑕𐑵𐑐𐑼𐑝𐑲𐑟
supervision	𐑕𐑫𐑐𐑼𐑝𐑦𐑠𐑩𐑯	ˌsupəRˈvɪʒən	𐑕𐑵𐑐𐑼𐑝𐑦𐑠𐑩𐑯	ˌsuːpəRˈvɪʒən	high	
supervision	𐑕𐑿𐑐𐑩𐑝𐑦𐑠𐑩𐑯	sjuːpəvɪʒən	𐑕𐑵𐑐𐑼𐑝𐑦𐑠𐑩𐑯	ˌsuːpəRˈvɪʒən	medium	r_gap:spelling=1,ipa=0; shave_says:𐑕𐑵𐑐𐑼𐑝𐑦𐑠𐑩𐑯
supervisor	𐑕𐑫𐑐𐑼𐑝𐑲𐑟𐑼	ˈsupəRˌvaɪzəR	𐑕𐑵𐑐𐑼𐑝𐑲𐑟𐑼	ˈsuːpəRvaɪzəR	high	
supervisor	𐑕𐑵𐑐𐑩𐑝𐑲𐑟𐑼	suːpəvaɪzər	𐑕𐑵𐑐𐑼𐑝𐑲𐑟𐑼	ˈsuːpəRvaɪzəR	medium	r_gap:spelling=2,ipa=1; shave_says:𐑕𐑵𐑐𐑼𐑝𐑲𐑟𐑼
supine	𐑕𐑫𐑐𐑲𐑯	ˌsuˈpaɪn	𐑕𐑵𐑐𐑲𐑯	ˈsuːpaɪn	high	
supine	𐑕𐑿𐑐𐑲𐑯	ˈsjuːpaɪn	𐑕𐑵𐑐𐑲𐑯	ˈsuːpaɪn	high	
supplement	𐑕𐑳𐑐𐑤𐑩𐑥𐑩𐑯𐑑	ˈsʌpləmənt	𐑕𐑳𐑐𐑤𐑦𐑥𐑧𐑯𐑑, 𐑕𐑳𐑐𐑤𐑦𐑥𐑩𐑯𐑑	ˈsʌplɪmənt	high	
supplemental	𐑕𐑳𐑐𐑤𐑩𐑥𐑧𐑯𐑑𐑩𐑤	ˌsʌpləˈmentəl	𐑕𐑳𐑐𐑤𐑦𐑥𐑧𐑯𐑑𐑩𐑤	ˌsʌplɪˈmentəl	high	
supplicate	𐑕𐑩𐑐𐑤𐑩𐑒𐑱𐑑	ˈsəpləˌkeɪt	𐑕𐑳𐑐𐑤𐑦𐑒𐑱𐑑	ˈsʌplɪkeɪt	high	
supplicate	𐑕𐑳𐑐𐑤𐑩𐑒𐑱𐑑	ˈsʌpləˌkeɪt	𐑕𐑳𐑐𐑤𐑦𐑒𐑱𐑑	ˈsʌplɪkeɪt	high	
support	𐑕𐑩𐑐𐑪𐑮𐑑	səˈport	𐑕𐑩𐑐𐑹𐑑	səˈpɔːRt	high	
supporter	-𐑑𐑼	-təR	𐑕𐑩𐑐𐑹𐑑𐑼	səˈpɔːRtəR	medium	r_gap:spelling=2,ipa=1
suppose	𐑕𐑐𐑴𐑟	ˈspəʊz	𐑕𐑩𐑐𐑴𐑟	səˈpəʊz	high	
supposed	𐑕𐑐𐑴𐑕𐑑	spəʊst	𐑕𐑩𐑐𐑴𐑟𐑛	səˈpəʊzd	high	
supposed	𐑕𐑩𐑐𐑴𐑕𐑑	səˈpəʊst	𐑕𐑩𐑐𐑴𐑟𐑛	səˈpəʊzd	high	
supposed	𐑕𐑩𐑐𐑴𐑟𐑩𐑛	səˈpəʊzƏd	𐑕𐑩𐑐𐑴𐑟𐑛	səˈpəʊzd	high	
supposed	𐑩𐑕𐑐𐑴𐑕𐑑	əspoʊst	𐑕𐑩𐑐𐑴𐑟𐑛	səˈpəʊzd	high	
suppository	𐑕𐑩𐑐𐑪𐑟𐑦𐑑𐑹𐑦	səˈpɒzɪˌtɔːRi	𐑕𐑩𐑐𐑪𐑟𐑦𐑑𐑼𐑦	səˈpɒzɪtəri	high	
supreme	𐑕𐑘𐑩𐑐𐑮𐑰𐑥	sjəpriːm	𐑕𐑵𐑐𐑮𐑰𐑥	suːˈpriːm	high	
supreme	𐑕𐑩𐑐𐑮𐑦𐑥	səˈprim	𐑕𐑵𐑐𐑮𐑰𐑥	suːˈpriːm	high	
supreme	𐑕𐑫𐑐𐑮𐑦𐑥	ˌsuˈprim	𐑕𐑵𐑐𐑮𐑰𐑥	suːˈpriːm	high	
supreme	𐑕𐑿𐑐𐑮𐑰𐑥	sjuːpriːm	𐑕𐑵𐑐𐑮𐑰𐑥	suːˈpriːm	high	
supremely	𐑕𐑩𐑐𐑮𐑦𐑥𐑤𐑦	səˈprimli	𐑕𐑵𐑐𐑮𐑰𐑥𐑤𐑦	suːˈpriːmli	high	
supremely	𐑕𐑫𐑐𐑮𐑦𐑥𐑤𐑦	ˌsuˈprimli	𐑕𐑵𐑐𐑮𐑰𐑥𐑤𐑦	suːˈpriːmli	high	
sure	𐑖𐑫𐑮	ʃʊr	𐑖𐑫𐑼	ʃʊəR	high	
sure	𐑖𐑹	ʃɔːR	𐑖𐑫𐑼	ʃʊəR	high	
sure	𐑖𐑻	ʃɜːR	𐑖𐑫𐑼	ʃʊəR	high	
surely	𐑖𐑫𐑮𐑤𐑦	ˈʃʊrli	𐑖𐑫𐑼𐑤𐑦	ˈʃʊəRli	high	
surely	𐑖𐑹𐑤𐑦	ˈʃɔːRli	𐑖𐑫𐑼𐑤𐑦	ˈʃʊəRli	high	
surely	𐑖𐑻𐑤𐑦	ˈʃɜːRli	𐑖𐑫𐑼𐑤𐑦	ˈʃʊəRli	high	
sureness	𐑖𐑫𐑮𐑯𐑩𐑕	ˈʃʊrnəs	𐑖𐑫𐑼𐑯𐑩𐑕	ˈʃʊəRnəs	high	
sureness	𐑖𐑷𐑯𐑩𐑕	ʃɔːnəs	𐑖𐑫𐑼𐑯𐑩𐑕	ˈʃʊəRnəs	medium	r_gap:spelling=1,ipa=0; shave_says:𐑖𐑫𐑼𐑯𐑩𐑕
surety	𐑖𐑫𐑮𐑩𐑑𐑦	ˈʃʊrəti	𐑖𐑫𐑼𐑩𐑑𐑦	ˈʃʊərəti	high	
surjective	𐑕𐑩𐑡𐑧𐑒𐑑𐑦𐑝	sədʒektɪv	𐑕𐑻𐑡𐑧𐑒𐑑𐑦𐑝	sɜːRˈdʒektɪv	medium	r_gap:spelling=1,ipa=0; shave_says:𐑕𐑻𐑡𐑧𐑒𐑑𐑦𐑝
surjective	𐑕𐑼𐑡𐑧𐑒𐑑𐑦𐑝	səRˈdʒektɪv	𐑕𐑻𐑡𐑧𐑒𐑑𐑦𐑝	sɜːRˈdʒektɪv	high	
surmount	𐑕𐑩𐑥𐑬𐑯𐑑	səmaʊnt	𐑕𐑼𐑥𐑬𐑯𐑑	səRˈmaʊnt	medium	r_gap:spelling=1,ipa=0; shave_says:𐑕𐑼𐑥𐑬𐑯𐑑
surpass	𐑕𐑩𐑐𐑭𐑕	səpɑːs	𐑕𐑼𐑐𐑨𐑕, 𐑕𐑼𐑐𐑭𐑕	səRˈpⱭːs	medium	r_gap:spelling=1,ipa=0; shave_says:𐑕𐑼𐑐𐑭𐑕
surplice	𐑕𐑻𐑐𐑤𐑩𐑕	ˈsɜːRpləs	𐑕𐑻𐑐𐑤𐑦𐑕	ˈsɜːRplɪs	high	
surplus	𐑕𐑻𐑐𐑤𐑳𐑕	ˈsɜːRˌplʌs	𐑕𐑻𐑐𐑤𐑩𐑕	ˈsɜːRpləs	high	
surpluses	𐑕𐑻𐑐𐑤𐑳𐑕𐑩𐑟	ˈsɜːRˌplʌsƏz	𐑕𐑻𐑐𐑤𐑩𐑕𐑩𐑟	ˈsɜːRpləsƏz	high	
surprise	𐑕𐑩𐑐𐑮𐑲𐑟	səpraɪz	𐑕𐑼𐑐𐑮𐑲𐑟	səRˈpraɪz	medium	r_gap:spelling=2,ipa=1; shave_says:𐑕𐑼𐑐𐑮𐑲𐑟
surprised	𐑕𐑩𐑐𐑮𐑲𐑟𐑛	səpraɪzd	𐑕𐑼𐑐𐑮𐑲𐑟𐑛	səRˈpraɪzd	medium	r_gap:spelling=2,ipa=1; shave_says:𐑕𐑼𐑐𐑮𐑲𐑟𐑛
surprising	𐑕𐑩𐑐𐑮𐑲𐑟𐑦𐑙	səpraɪzɪŋ	𐑕𐑼𐑐𐑮𐑲𐑟𐑦𐑙	səRˈpraɪzɪŋ	medium	r_gap:spelling=2,ipa=1; shave_says:𐑕𐑼𐑐𐑮𐑲𐑟𐑦𐑙
surrealism	𐑕𐑼𐑰𐑩𐑤𐑦𐑟𐑩𐑥	səriːəlɪzəm	𐑕𐑼𐑾𐑤𐑦𐑟𐑩𐑥	səˈrɪəlɪzəm	low	ml_disagrees:𐑕𐑼𐑦ː𐑩𐑤𐑦𐑟𐑩𐑥; r_gap:spelling=2,ipa=1; shave_says:𐑕𐑼𐑾𐑤𐑦𐑟𐑩𐑥
surrealistic	𐑕𐑼𐑦𐑩𐑤𐑦𐑕𐑑𐑦𐑒	səˌriəˈlɪstɪk	𐑕𐑼𐑾𐑤𐑦𐑕𐑑𐑦𐑒	sərɪəˈlɪstɪk	medium	r_gap:spelling=2,ipa=1
surrealistic	𐑕𐑼𐑰𐑩𐑤𐑦𐑕𐑑𐑦𐑒	səriːəlɪstɪk	𐑕𐑼𐑾𐑤𐑦𐑕𐑑𐑦𐑒	sərɪəˈlɪstɪk	low	ml_disagrees:𐑕𐑼𐑦ː𐑩𐑤𐑦𐑕𐑑𐑦𐑒; r_gap:spelling=2,ipa=1; shave_says:𐑕𐑼𐑾𐑤𐑦𐑕𐑑𐑦𐑒
surreptitious	𐑕𐑧𐑮𐑩𐑐𐑑𐑦𐑖𐑩𐑕	ˌserəpˈtɪʃəs	𐑕𐑳𐑮𐑩𐑐𐑑𐑦𐑖𐑩𐑕	ˌsʌrəpˈtɪʃəs	medium	r_gap:spelling=2,ipa=1
surreptitious	𐑕𐑳𐑮𐑦𐑐𐑑𐑦𐑖𐑩𐑕	sʌrɪptɪʃəs	𐑕𐑳𐑮𐑩𐑐𐑑𐑦𐑖𐑩𐑕	ˌsʌrəpˈtɪʃəs	medium	r_gap:spelling=2,ipa=1; shave_says:𐑕𐑳𐑮𐑩𐑐𐑑𐑦𐑖𐑩𐑕
surreptitious	𐑕𐑼𐑧𐑐𐑑𐑦𐑖𐑩𐑕	səˌrepˈtɪʃəs	𐑕𐑳𐑮𐑩𐑐𐑑𐑦𐑖𐑩𐑕	ˌsʌrəpˈtɪʃəs	medium	r_gap:spelling=2,ipa=1
surrey	𐑕𐑩-	ˈsə-	𐑕𐑳𐑮𐑦	ˈsʌri	medium	r_gap:spelling=2,ipa=0
surrey	𐑕𐑻𐑮𐑦	ˈsɜːRri	𐑕𐑳𐑮𐑦	ˈsʌri	high	
surrogate	𐑕𐑳𐑮𐑩𐑜𐑦𐑑	sʌrəɡɪt	𐑕𐑳𐑮𐑩𐑜𐑩𐑑	ˈsʌrəɡət	medium	r_gap:spelling=2,ipa=1; shave_says:𐑕𐑳𐑮𐑩𐑜𐑩𐑑
surrogate	𐑕𐑳𐑮𐑩𐑜𐑱𐑑	sʌrəɡeɪt	𐑕𐑳𐑮𐑩𐑜𐑩𐑑	ˈsʌrəɡət	medium	r_gap:spelling=2,ipa=1; shave_says:𐑕𐑳𐑮𐑩𐑜𐑩𐑑
surrogate	𐑕𐑻𐑩𐑜𐑦𐑑	ˈsɜːRəɡɪt	𐑕𐑳𐑮𐑩𐑜𐑩𐑑	ˈsʌrəɡət	medium	r_gap:spelling=2,ipa=1
surrogate	𐑕𐑻𐑩𐑜𐑱𐑑	ˈsɜːRəɡeɪt	𐑕𐑳𐑮𐑩𐑜𐑩𐑑	ˈsʌrəɡət	medium	r_gap:spelling=2,ipa=1
surveil	𐑕𐑩𐑝𐑱𐑤	səveɪl	𐑕𐑼𐑝𐑱𐑤	səRˈveɪl	medium	r_gap:spelling=1,ipa=0; shave_says:𐑕𐑼𐑝𐑱𐑤
surveillance	𐑕𐑩𐑝𐑱𐑤𐑩𐑯𐑕	səveɪləns	𐑕𐑼𐑝𐑱𐑤𐑩𐑯𐑕	seRˈveɪləns	medium	r_gap:spelling=1,ipa=0; shave_says:𐑕𐑼𐑝𐑱𐑤𐑩𐑯𐑕
surveillant	𐑕𐑼𐑝𐑨𐑤𐑩𐑯𐑑	səRˈvælənt	𐑕𐑼𐑝𐑱𐑤𐑩𐑯𐑑	səRˈveɪlənt	high	
survey	𐑕𐑩𐑝𐑱	səveɪ	𐑕𐑻𐑝𐑱, 𐑕𐑼𐑝𐑱	ˈsɜːRveɪ	medium	r_gap:spelling=1,ipa=0; shave_says:[𐑕𐑻𐑝𐑱 / 𐑕𐑼𐑝𐑱]
surveying	𐑕𐑩𐑝𐑱𐑦𐑙	səveɪɪŋ	𐑕𐑼𐑝𐑱𐑦𐑙	səRˈveɪɪŋ	medium	r_gap:spelling=1,ipa=0; shave_says:𐑕𐑼𐑝𐑱𐑦𐑙
survival	𐑕𐑩𐑝𐑲𐑝𐑩𐑤	səvaɪvəl	𐑕𐑼𐑝𐑲𐑝𐑩𐑤	səRˈvaɪvəl	medium	r_gap:spelling=1,ipa=0; shave_says:𐑕𐑼𐑝𐑲𐑝𐑩𐑤
survival	𐑕𐑩𐑝𐑳𐑦𐑝𐑩𐑤	səvʌɪvəl	𐑕𐑼𐑝𐑲𐑝𐑩𐑤	səRˈvaɪvəl	medium	r_gap:spelling=1,ipa=0; shave_says:𐑕𐑼𐑝𐑲𐑝𐑩𐑤
survive	𐑕𐑩𐑝𐑲𐑝	səvaɪv	𐑕𐑼𐑝𐑲𐑝	səRˈvaɪv	medium	r_gap:spelling=1,ipa=0; shave_says:𐑕𐑼𐑝𐑲𐑝
survive	𐑕𐑩𐑝𐑳𐑦𐑝	səvʌɪv	𐑕𐑼𐑝𐑲𐑝	səRˈvaɪv	medium	r_gap:spelling=1,ipa=0; shave_says:𐑕𐑼𐑝𐑲𐑝
survivor	𐑕𐑩𐑝𐑲𐑝𐑼	səvaɪvəR	𐑕𐑼𐑝𐑲𐑝𐑼	səRˈvaɪvəR	medium	r_gap:spelling=2,ipa=1; shave_says:𐑕𐑼𐑝𐑲𐑝𐑼
susceptibility	𐑕𐑩𐑕𐑧𐑐𐑑𐑩𐑚𐑦𐑤𐑩𐑑𐑦	səˌseptəˈbɪləti	𐑕𐑩𐑕𐑧𐑐𐑑𐑩𐑚𐑦𐑤𐑦𐑑𐑦	səˌseptəˈbɪlɪti	high	
sustainability	𐑕𐑩𐑕𐑑𐑱𐑯𐑩𐑚𐑦𐑤𐑩𐑑𐑦	səˌsteɪnəˈbɪləti	𐑕𐑩𐑕𐑑𐑱𐑯𐑩𐑚𐑦𐑤𐑦𐑑𐑦	səˌsteɪnəˈbɪlɪti	high	
sutton coldfield	𐑕𐑳𐑑𐑩𐑯 𐑒𐑴𐑤𐑛𐑓𐑰𐑤𐑛	sʌtən kəʊldfiːld	𐑕𐑳𐑑𐑩𐑯 𐑒𐑴𐑤𐑓𐑰𐑤𐑛	ˌsʌtən ˈkəʊlfiːld	high	
suture	𐑕𐑫𐑗𐑼	ˈsutʃəR	𐑕𐑵𐑗𐑼	ˈsuːtʃəR	high	
suture	𐑕𐑿𐑑𐑘𐑩𐑼	sjuːtjəəR	𐑕𐑵𐑗𐑼	ˈsuːtʃəR	medium	ml_disagrees:𐑕𐑿𐑑𐑘ː𐑼; shave_says:𐑕𐑵𐑗𐑼
suture	𐑕𐑿𐑗𐑼	sjuːtʃəR	𐑕𐑵𐑗𐑼	ˈsuːtʃəR	high	
swaddle	𐑕𐑢𐑷𐑛𐑩𐑤	ˈswɔːdəl	𐑕𐑢𐑪𐑛𐑩𐑤	ˈswɒdəl	high	
swahili	𐑕𐑢𐑩𐑣𐑦𐑤𐑦	swəˈhili	𐑕𐑢𐑭𐑣𐑰𐑤𐑦	swɑːˈhiːli	high	
swahili	𐑕𐑢𐑩𐑣𐑰𐑤𐑦	swəˈhiːli	𐑕𐑢𐑭𐑣𐑰𐑤𐑦	swɑːˈhiːli	high	
swahili	𐑕𐑢𐑪𐑣𐑦𐑤𐑦	swɒˈhili	𐑕𐑢𐑭𐑣𐑰𐑤𐑦	swɑːˈhiːli	high	
swastika	𐑕𐑢𐑪𐑕𐑑𐑩𐑒𐑩	ˈswɒstəkə	𐑕𐑢𐑪𐑕𐑑𐑦𐑒𐑩	ˈswɒstɪkə	high	
swathe	𐑕𐑢𐑪𐑞	swɒð	𐑕𐑢𐑱𐑞	sweɪð	high	
swathe	𐑕𐑢𐑷𐑞	swɔːð	𐑕𐑢𐑱𐑞	sweɪð	high	
sweater	-𐑑𐑼	-təR	𐑕𐑢𐑧𐑑𐑼	ˈswetəR	high	
sweatshop	𐑕𐑢𐑧𐑗𐑪𐑐	ˈswetˌʃɒp	𐑕𐑢𐑧𐑑𐑖𐑪𐑐	ˈswet+ʃɒp	high	
sweden	𐑕𐑢𐑦𐑛𐑩𐑯	ˈswidən	𐑕𐑢𐑰𐑛𐑩𐑯	ˈswiːdən	high	
sweep	𐑕𐑢𐑦𐑐	swip	𐑕𐑢𐑰𐑐	swiːp	high	
sweeper	𐑕𐑢𐑦𐑐𐑼	ˈswipəR	𐑕𐑢𐑰𐑐𐑼	ˈswiːpəR	high	
sweet	𐑕𐑢𐑦𐑑	swit	𐑕𐑢𐑰𐑑	swiːt	high	
sweetbread	𐑕𐑢𐑦𐑑𐑚𐑮𐑧𐑛	ˈswitˌbred	𐑕𐑢𐑰𐑑𐑚𐑮𐑧𐑛	ˈswiːtbred	high	
sweetheart	𐑕𐑢𐑦𐑑𐑣𐑸𐑑	ˈswitˌhɑːRt	𐑕𐑢𐑰𐑑𐑣𐑸𐑑	ˈswiːthɑːRt	high	
sweetie	𐑕𐑢𐑦𐑑𐑦	ˈswiti	𐑕𐑢𐑰𐑑𐑦	ˈswiːti	high	
sweetness	𐑕𐑢𐑦𐑑𐑯𐑩𐑕	ˈswitnəs	𐑕𐑢𐑰𐑑𐑯𐑩𐑕	ˈswiːtnəs	high	
swimmingly	-𐑜𐑤𐑦	-ɡli	𐑕𐑢𐑦𐑥𐑦𐑙𐑤𐑦	ˈswɪmɪŋli	high	
switzerland	𐑕𐑢𐑦𐑑𐑕𐑩𐑤𐑩𐑯𐑛	swɪtsələnd	𐑕𐑢𐑦𐑑𐑕𐑼𐑤𐑩𐑯𐑛	ˈswɪtsəRlənd	medium	r_gap:spelling=1,ipa=0; shave_says:𐑕𐑢𐑦𐑑𐑕𐑼𐑤𐑩𐑯𐑛
swollen	𐑕𐑢𐑪𐑤𐑩𐑯	ˈswɒlən	𐑕𐑢𐑴𐑤𐑩𐑯	ˈswəʊlən	high	
sybaritic	-𐑑𐑦𐑒	-tɪk	𐑕𐑦𐑚𐑼𐑦𐑑𐑦𐑒	ˌsɪbəˈrɪtɪk	medium	r_gap:spelling=1,ipa=0
sycamore	𐑕𐑦𐑒𐑩𐑥𐑪𐑮	ˈsɪkəmor	𐑕𐑦𐑒𐑩𐑥𐑹	ˈsɪkəmɔːR	high	
syllabary	𐑕𐑦𐑤𐑩𐑚𐑧𐑮𐑦	ˈsɪləˌberi	𐑕𐑦𐑤𐑩𐑚𐑼𐑦	ˈsɪləbəri	high	
symbiosis	𐑕𐑦𐑥𐑚𐑦𐑴𐑕𐑦𐑕	sɪmbiˈoʊsɪs	𐑕𐑦𐑥𐑚𐑲𐑴𐑕𐑦𐑕	ˌsɪmbaɪˈəʊsɪs	high	
symbolically	𐑕𐑦𐑥𐑚𐑭𐑤𐑦𐑒𐑤𐑦	ˌsɪmˈbɑːlɪklɪ	𐑕𐑦𐑥𐑚𐑪𐑤𐑦𐑒𐑤𐑦	sɪmˈbɒlɪkli	high	
symmetrical	𐑕𐑩𐑥𐑧𐑑𐑮𐑩𐑒𐑩𐑤	səˈmetrəkəl	𐑕𐑦𐑥𐑧𐑑𐑮𐑦𐑒𐑩𐑤	sɪˈmetrɪkəl	high	
sympathetically	𐑕𐑦𐑥𐑐𐑩𐑔𐑧𐑑𐑦𐑒𐑩𐑤𐑦	sɪmpəˈθetɪkəli	𐑕𐑦𐑥𐑐𐑩𐑔𐑧𐑑𐑦𐑒𐑤𐑦	ˌsɪmpəˈθetɪkli	high	
symposium	𐑕𐑦𐑥𐑐𐑴𐑟𐑦𐑩𐑥	sɪmˈpəʊziəm	𐑕𐑦𐑥𐑐𐑴𐑟𐑾𐑥	sɪmˈpəʊzɪəm	high	
syncopated	𐑕𐑦𐑯𐑒𐑴𐑐𐑱𐑑𐑩𐑛	ˈsinkəʊˌpeɪtəd	𐑕𐑦𐑙𐑒𐑩𐑐𐑱𐑑𐑩𐑛	ˈsɪŋkəpeɪtƏd	high	
syndrome	-𐑛𐑮𐑩𐑥	-drəm	𐑕𐑦𐑯𐑛𐑮𐑴𐑥	ˈsɪndrəʊm	high	
synthesist	𐑕𐑦𐑯𐑔𐑦𐑕𐑦𐑕𐑑	ˈsɪnθɪsɪst	𐑕𐑦𐑯𐑔𐑩𐑕𐑦𐑕𐑑	ˈsɪnθəsɪst	high	
syrian	𐑕𐑦𐑮𐑦𐑩𐑯	ˈsiriən	𐑕𐑦𐑮𐑾𐑯	ˈsɪrɪən	high	
syringe	𐑕𐑼𐑦𐑯𐑡	səˈrɪndʒ	𐑕𐑦𐑮𐑦𐑯𐑡	sɪˈrɪndʒ	high	
syringes	𐑕𐑦𐑮𐑦𐑯𐑡𐑦𐑟	sɪˈrɪndʒiz	𐑕𐑦𐑮𐑦𐑯𐑡𐑩𐑟	sɪˈrɪndʒƏz	high	
syringes	𐑕𐑦𐑮𐑦𐑯𐑡𐑰𐑟	sɪrɪndʒiːz	𐑕𐑦𐑮𐑦𐑯𐑡𐑩𐑟	sɪˈrɪndʒƏz	high	
syringes	𐑕𐑩-	sə-	𐑕𐑦𐑮𐑦𐑯𐑡𐑩𐑟	sɪˈrɪndʒƏz	medium	r_gap:spelling=1,ipa=0
syringes	𐑕𐑼𐑦𐑯𐑡𐑩𐑟	səˈrɪndʒƏz	𐑕𐑦𐑮𐑦𐑯𐑡𐑩𐑟	sɪˈrɪndʒƏz	high	
syrup	𐑕𐑻𐑩𐑐	ˈsɜːRəp	𐑕𐑦𐑮𐑩𐑐	ˈsɪrəp	high	
systematic	𐑕𐑦𐑕𐑑𐑦𐑥𐑨𐑑𐑦𐑒	ˌsɪstɪˈmætɪk	𐑕𐑦𐑕𐑑𐑩𐑥𐑨𐑑𐑦𐑒	ˌsɪstəˈmætɪk	high	
systemic	𐑕𐑦𐑕𐑑𐑰𐑥𐑦𐑒	sɪˈstiːmɪk	𐑕𐑦𐑕𐑑𐑧𐑥𐑦𐑒	sɪˈstemɪk	high	
t-shirt	𐑑𐑰𐑖𐑻𐑑	tiːʃɜːRt	𐑑𐑰-𐑖𐑻𐑑	ˈtiː-ʃɜːRt	high	
t-shirt	𐑑𐑰𐑖𐑼𐑑	ˈtiːʃəRt	𐑑𐑰-𐑖𐑻𐑑	ˈtiː-ʃɜːRt	high	
tabernacle	𐑑𐑨𐑚𐑩𐑯𐑨𐑒𐑩𐑤	tæbənækəl	𐑑𐑨𐑚𐑼𐑯𐑨𐑒𐑩𐑤	ˈtæbəRnækəl	medium	r_gap:spelling=1,ipa=0; shave_says:𐑑𐑨𐑚𐑼𐑯𐑨𐑒𐑩𐑤
tablespoon	-𐑚𐑤-	-bl-	𐑑𐑱𐑚𐑩𐑤𐑕𐑐𐑵𐑯	ˈteɪbəlspuːn	high	
tablespoon	𐑑𐑱𐑚𐑩𐑤𐑕𐑐𐑫𐑯	ˈteɪbəlˌspun	𐑑𐑱𐑚𐑩𐑤𐑕𐑐𐑵𐑯	ˈteɪbəlspuːn	high	
taboo	𐑑𐑨𐑚𐑵	tæˈbuː	𐑑𐑩𐑚𐑵	təˈbuː	high	
tabulate	-𐑘𐑩-	-jə-	𐑑𐑨𐑚𐑘𐑩𐑤𐑱𐑑	ˈtæbjəleɪt	high	
tabulate	𐑑𐑨𐑚𐑘𐑩𐑤𐑩𐑑	ˈtæbjələt	𐑑𐑨𐑚𐑘𐑩𐑤𐑱𐑑	ˈtæbjəleɪt	high	
tabulate	𐑑𐑨𐑚𐑿𐑤𐑩𐑑	ˈtæbjuːlət	𐑑𐑨𐑚𐑘𐑩𐑤𐑱𐑑	ˈtæbjəleɪt	high	
tabulate	𐑑𐑨𐑚𐑿𐑤𐑱𐑑	ˈtæbjuːˌleɪt	𐑑𐑨𐑚𐑘𐑩𐑤𐑱𐑑	ˈtæbjəleɪt	high	
taco	𐑑𐑨𐑒𐑴	ˈtækəʊ	𐑑𐑭𐑒𐑴	ˈtɑːkəʊ	high	
taco	𐑑𐑪𐑒𐑴	ˈtɒkoʊ	𐑑𐑭𐑒𐑴	ˈtɑːkəʊ	high	
taegu	𐑑𐑨𐑜𐑫	tæˈɡu	𐑑𐑱𐑜𐑵	ˌteɪˈɡuː	high	
taegu	𐑑𐑨𐑜𐑵	taˈɡuː	𐑑𐑱𐑜𐑵	ˌteɪˈɡuː	high	
taegu	𐑑𐑱𐑜𐑫	ˈteɪɡu	𐑑𐑱𐑜𐑵	ˌteɪˈɡuː	high	
tagore	𐑑𐑩𐑜𐑹	təɡɔːR	𐑑𐑭𐑜𐑹	ˈtɑːɡɔːR	high	
tailpiece	𐑑𐑱𐑤𐑐𐑦𐑕	ˈteɪlˌpis	𐑑𐑱𐑤𐑐𐑰𐑕	ˈteɪlpiːs	high	
taiwan	𐑑𐑲𐑢𐑨𐑯	ˌtaɪˈwæn	𐑑𐑲𐑢𐑭𐑯	taɪˈwɑːn	high	
taiwan	𐑑𐑲𐑢𐑪𐑯	ˌtaɪˈwɒn	𐑑𐑲𐑢𐑭𐑯	taɪˈwɑːn	high	
taiwanese	𐑑𐑲𐑢𐑪𐑯𐑰𐑟	ˌtaɪwɒˈniːz	𐑑𐑲𐑢𐑩𐑯𐑰𐑟	ˌtaɪwəˈniːz	high	
talk	𐑑𐑪𐑒	tɒk	𐑑𐑷𐑒	tɔːk	high	
talkative	𐑑𐑪-	ˈtɒ-	𐑑𐑷𐑒𐑩𐑑𐑦𐑝	ˈtɔːkətɪv	high	
talking	𐑑𐑷𐑒𐑦𐑯	ˈtɔːkɪn	𐑑𐑷𐑒𐑦𐑙	ˈtɔːkɪŋ	high	
tallest	𐑑𐑷𐑤𐑦𐑕𐑑	ˈtɔːlɪst	𐑑𐑷𐑤𐑩𐑕𐑑	ˈtɔːləst	high	
talmud	𐑑𐑪𐑤𐑥𐑫𐑛	ˈtɒlmʊd	𐑑𐑨𐑤𐑥𐑫𐑛	ˈtælmʊd	high	
tamale	𐑑𐑩𐑥𐑪𐑤𐑦	təˈmɒli	𐑑𐑩𐑥𐑭𐑤𐑦	təˈmɑːli	high	
tamale	𐑑𐑩𐑥𐑭𐑤𐑰	təˈmɑːliː	𐑑𐑩𐑥𐑭𐑤𐑦	təˈmɑːli	high	
tandem	𐑑𐑺𐑯𐑛𐑩𐑥	ˈteəndəm	𐑑𐑨𐑯𐑛𐑩𐑥	ˈtændəm	high	
tantamount	𐑑𐑺𐑯𐑑𐑩𐑥𐑬𐑯𐑑	ˈteəntəˌmaʊnt	𐑑𐑨𐑯𐑑𐑩𐑥𐑬𐑯𐑑	ˈtæntəmaʊnt	high	
tanya	𐑑𐑪𐑯𐑘𐑩	ˈtɒnjə	𐑑𐑨𐑯𐑘𐑩	ˈtænjə	high	
tanya	𐑑𐑭𐑯𐑘𐑩	ˈtɑːnjə	𐑑𐑨𐑯𐑘𐑩	ˈtænjə	high	
tanzanian	𐑑𐑨𐑯𐑟𐑩𐑯𐑦𐑩𐑯	ˌtænzəˈniən	𐑑𐑨𐑯𐑟𐑩𐑯𐑾𐑯	ˌtænzəˈnɪən	high	
taproom	𐑑𐑨𐑐𐑮𐑫𐑥	ˈtæpˌrum	𐑑𐑨𐑐𐑮𐑵𐑥	ˈtæpruːm	high	
tarantella	𐑑𐑧𐑮𐑩𐑯𐑑𐑧𐑤𐑩	ˌterənˈtelə	𐑑𐑨𐑮𐑩𐑯𐑑𐑧𐑤𐑩	ˌtærənˈtelə	high	
taranto	𐑑𐑧𐑮𐑩𐑯𐑑𐑴	ˈterəntoʊ	𐑑𐑼𐑨𐑯𐑑𐑴	təˈtæntəʊ	high	
taranto	𐑑𐑨𐑮𐑩𐑯𐑑𐑴	tærəntəʊ	𐑑𐑼𐑨𐑯𐑑𐑴	təˈtæntəʊ	high	
taranto	𐑑𐑪𐑮𐑭𐑯𐑑𐑴	tɒˈrɑːntoʊ	𐑑𐑼𐑨𐑯𐑑𐑴	təˈtæntəʊ	high	
taranto	𐑑𐑸𐑩𐑯𐑑𐑴	ˈtɑːrəntoʊ	𐑑𐑼𐑨𐑯𐑑𐑴	təˈtæntəʊ	high	
taranto	𐑑𐑼𐑭𐑯𐑑𐑴	təˈrɑːntoʊ	𐑑𐑼𐑨𐑯𐑑𐑴	təˈtæntəʊ	high	
tarantula	𐑑𐑼𐑨𐑯𐑗𐑫𐑤𐑩	təræntʃʊlə	𐑑𐑼𐑨𐑯𐑗𐑩𐑤𐑩	təˈræntʃələ	high	
tarboosh	𐑑𐑸𐑚𐑫𐑖	tɑːRˈbuʃ	𐑑𐑸𐑚𐑵𐑖	tɑːRˈbuːʃ	high	
tare	𐑑𐑧𐑮	ter	𐑑𐑺	teəR	high	
target	𐑑𐑸𐑜𐑦𐑑	tɑːRɡɪt	𐑑𐑸𐑜𐑩𐑑	ˈtɑːRɡIt	high	
tariff	𐑑𐑧𐑮𐑩𐑓	ˈterəf	𐑑𐑨𐑮𐑦𐑓	ˈtærɪf	high	
tariff	𐑑𐑨𐑮𐑩𐑓	ˈtærəf	𐑑𐑨𐑮𐑦𐑓	ˈtærɪf	high	
tarn	𐑑𐑻𐑯	tɜːRn	𐑑𐑸𐑯	tɑːRn	high	
taro	𐑑𐑨𐑮𐑴	tærəʊ	𐑑𐑸𐑴	ˈtɑːrəʊ	high	
tarpaulin	𐑑𐑸𐑐𐑩𐑤𐑦𐑯	ˈtɑːrpəlɪn	𐑑𐑸𐑐𐑷𐑤𐑦𐑯	tɑːRˈpɔːlɪn	high	
tarragon	𐑑𐑨𐑮𐑩𐑜𐑪𐑯	ˈtærəɡɒn	𐑑𐑨𐑮𐑩𐑜𐑩𐑯	ˈtærəɡən	medium	r_gap:spelling=2,ipa=1
tartan	-𐑑𐑩𐑯	-tən	𐑑𐑸𐑑𐑩𐑯	ˈtɑːRtən	medium	r_gap:spelling=1,ipa=0
tartans	-𐑑𐑩𐑯𐑟	-tənz	𐑑𐑸𐑑𐑩𐑯𐑟	ˈtɑːRtənz	medium	r_gap:spelling=1,ipa=0
tartaric	-𐑑𐑸-	-ˈtɑːR-	𐑑𐑸𐑑𐑨𐑮𐑦𐑒	tɑːRˈtærɪk	medium	r_gap:spelling=2,ipa=1
tartaric	𐑑𐑸𐑑𐑧𐑮𐑦𐑒	tɑːRˈterɪk	𐑑𐑸𐑑𐑨𐑮𐑦𐑒	tɑːRˈtærɪk	high	
tasmania	𐑑𐑨𐑟𐑥𐑱𐑯𐑦𐑩	tæzˈmeɪniə	𐑑𐑨𐑟𐑥𐑱𐑯𐑾	tæzˈmeɪnɪə	high	
tatterdemalion	𐑑𐑨𐑑𐑩𐑛𐑩𐑥𐑱𐑤𐑦𐑪𐑯	tætədəmeɪliɒn	𐑑𐑨𐑑𐑼𐑛𐑩𐑥𐑱𐑤𐑾𐑯	ˌtætəRdəˈmeɪlɪən	medium	r_gap:spelling=1,ipa=0; shave_says:𐑑𐑨𐑑𐑼𐑛𐑩𐑥𐑱𐑤𐑾𐑯
tattle	-𐑨𐑑𐑩𐑤	-ætəl	𐑑𐑨𐑑𐑩𐑤	ˈtætəl	high	
tattler	𐑑𐑨𐑑𐑩𐑤𐑼	ˈtætələR	𐑑𐑨𐑑𐑤𐑼	ˈtætləR	high	
taunting	𐑑𐑪𐑯𐑑𐑦𐑙	ˈtɒntɪŋ	𐑑𐑷𐑯𐑑𐑦𐑙	ˈtɔːntɪŋ	high	
taurus	𐑑𐑸𐑩𐑕	ˈtɑːRəs	𐑑𐑹𐑩𐑕	ˈtɔːrəs	high	
tawny	𐑑𐑪-	ˈtɒ-	𐑑𐑷𐑯𐑦	ˈtɔːni	high	
taxidermy	𐑑𐑨𐑒𐑕𐑦𐑛𐑼𐑥𐑦	ˈtæksɪdəRmi	𐑑𐑨𐑒𐑕𐑦𐑛𐑻𐑥𐑦	ˈtæksɪdɜːRmi	high	
taximeter	𐑑𐑨𐑒𐑕𐑦𐑥𐑦𐑑𐑼	ˈtæksiˌmitəR	𐑑𐑨𐑒𐑕𐑦𐑥𐑰𐑑𐑼	ˈtæksɪmiːtəR	high	
tea	𐑑𐑦	ti	𐑑𐑰	tiː	high	
teacher	𐑑𐑦𐑗𐑼	ˈtitʃəR	𐑑𐑰𐑗𐑼	ˈtiːtʃəR	high	
teachers	𐑑𐑦𐑗𐑼𐑟	ˈtitʃəRz	𐑑𐑰𐑗𐑼𐑟	ˈtiːtʃəRz	high	
teal	𐑑𐑦𐑤	til	𐑑𐑰𐑤	tiːl	high	
teamster	𐑑𐑦𐑥𐑕𐑑𐑼	ˈtimstəR	𐑑𐑰𐑥𐑕𐑑𐑼	ˈtiːmstəR	high	
teapot	𐑑𐑦𐑐𐑪𐑑	ˈtipɒt	𐑑𐑰𐑐𐑪𐑑	ˈtiːpɒt	high	
teapot	𐑑𐑦𐑐𐑷𐑑	ˈtipɔːt	𐑑𐑰𐑐𐑪𐑑	ˈtiːpɒt	high	
teapot	𐑑𐑰𐑐𐑷𐑑	ˈtiːpɔːt	𐑑𐑰𐑐𐑪𐑑	ˈtiːpɒt	high	
tear	𐑑𐑧𐑮	ter	𐑑𐑺, 𐑑𐑽	teəR	high	
tear	𐑑𐑻	tɜːR	𐑑𐑺, 𐑑𐑽	teəR	high	
tearful	𐑑𐑦𐑮𐑓𐑩𐑤	ˈtɪrfəl	𐑑𐑽𐑓𐑩𐑤	ˈtɪəRfəl	high	
tearful	𐑑𐑦𐑮𐑓𐑫𐑤	ˈtɪrfʊl	𐑑𐑽𐑓𐑩𐑤	ˈtɪəRfəl	high	
tearful	𐑑𐑽𐑓𐑫𐑤	tɪərfʊl	𐑑𐑽𐑓𐑩𐑤	ˈtɪəRfəl	high	
tearing	𐑑𐑦𐑮𐑦𐑙	ˈtɪrɪŋ	𐑑𐑺𐑦𐑙	ˈteərɪŋ	high	
tearing	𐑑𐑧𐑮𐑦𐑙	ˈterɪŋ	𐑑𐑺𐑦𐑙	ˈteərɪŋ	high	
tearing	𐑑𐑽𐑦𐑙	tɪərɪŋ	𐑑𐑺𐑦𐑙	ˈteərɪŋ	high	
tearoom	𐑑𐑦𐑮𐑫𐑥	ˈtiˌrum	𐑑𐑰𐑮𐑵𐑥	ˈtiːruːm	high	
tears	𐑑𐑦𐑮𐑟	tɪrz	𐑑𐑺𐑟, 𐑑𐑽𐑟	teəRz	high	
tears	𐑑𐑧𐑮𐑟	terz	𐑑𐑺𐑟, 𐑑𐑽𐑟	teəRz	high	
teasing	𐑑𐑦𐑟𐑦𐑙	ˈtizɪŋ	𐑑𐑰𐑟𐑦𐑙	ˈtiːzɪŋ	high	
teaspoon	𐑑𐑦𐑕𐑐𐑫𐑯	ˈtiˌspun	𐑑𐑰𐑕𐑐𐑵𐑯	ˈtiːspuːn	high	
technical	𐑑𐑧𐑯𐑦𐑒𐑩𐑤	ˈtenɪkəl	𐑑𐑧𐑒𐑯𐑦𐑒𐑩𐑤	ˈteknɪkəl	high	
technocrat	𐑑𐑧𐑒𐑯𐑴𐑒𐑮𐑨𐑑	teknəʊkrat	𐑑𐑧𐑒𐑯𐑩𐑒𐑮𐑨𐑑	ˈteknəkræt	high	
technological	𐑑𐑧𐑒𐑯𐑩𐑤𐑪𐑡𐑦𐑒𐑤	ˌteknəˈlɒdʒɪkl	𐑑𐑧𐑒𐑯𐑩𐑤𐑪𐑡𐑦𐑒𐑩𐑤	ˌteknəˈlɒdʒɪkəl	high	
tedious	𐑑𐑦𐑛𐑦𐑩𐑕	ˈtidiəs	𐑑𐑰𐑛𐑾𐑕	ˈtiːdɪəs	high	
tedious	𐑑𐑦𐑡𐑩𐑕	ˈtidʒəs	𐑑𐑰𐑛𐑾𐑕	ˈtiːdɪəs	high	
tedium	𐑑𐑰𐑛𐑦𐑩𐑥	ˈtiːdiəm	𐑑𐑰𐑛𐑾𐑥	ˈtiːdɪəm	high	
teenage	𐑑𐑰𐑯𐑦𐑡	ˈtiːnɪdʒ	𐑑𐑰𐑯𐑱𐑡	ˈtiːneɪdʒ	high	
teenager	𐑑𐑦𐑯𐑱𐑡𐑼	ˈtinˌeɪdʒər	𐑑𐑰𐑯𐑱𐑡𐑼	ˈtiːneɪdʒəR	high	
teeny	𐑑𐑦𐑯𐑦	ˈtini	𐑑𐑰𐑯𐑦	ˈtiːni	high	
teeter	𐑑𐑦𐑑𐑼	ˈtitər	𐑑𐑰𐑑𐑼	ˈtiːtəR	high	
teeth	𐑑𐑦𐑔	ˈtiθ	𐑑𐑰𐑔	tiːθ	high	
teething	𐑑𐑦𐑞𐑦𐑙	ˈtiðɪŋ	𐑑𐑰𐑞𐑦𐑙	ˈtiːðɪŋ	high	
teetotaler	𐑑𐑦𐑑𐑴𐑑𐑩𐑤𐑼	ˈtitoʊtələR	𐑑𐑰𐑑𐑴𐑑𐑩𐑤𐑼	tiːˈtəʊtələR	high	
teetotaller	𐑑𐑦𐑑𐑴𐑑𐑩𐑤𐑼	ˈtitoʊtələR	𐑑𐑰𐑑𐑴𐑑𐑩𐑤𐑼	tiːˈtəʊtələR	high	
telecommunication	𐑑𐑧𐑤𐑩𐑒𐑩𐑥𐑘𐑫𐑯𐑦𐑒𐑱𐑖𐑩𐑯	ˌteləkəˌmjunɪˈkeɪʃən	𐑑𐑧𐑤𐑦𐑒𐑩𐑥𐑿𐑯𐑦𐑒𐑱𐑖𐑩𐑯	ˌtelɪkəˌmjuːnɪˈkeɪʃən	high	
telegraph	𐑑𐑧𐑤𐑦𐑜𐑮𐑭𐑓	telɪɡrɑːf	𐑑𐑧𐑤𐑦𐑜𐑮𐑨𐑓	ˈtelɪɡræf	high	ml_disagrees:𐑑𐑧𐑤𐑦𐑜𐑮ɑ𐑨𐑓; shave_agrees
telegraph	𐑑𐑧𐑤𐑩𐑜𐑮𐑨𐑓	ˈteləɡræf	𐑑𐑧𐑤𐑦𐑜𐑮𐑨𐑓	ˈtelɪɡræf	high	
telegraph	𐑑𐑧𐑤𐑩𐑜𐑮𐑭𐑓	teləɡrɑːf	𐑑𐑧𐑤𐑦𐑜𐑮𐑨𐑓	ˈtelɪɡræf	medium	ml_disagrees:𐑑𐑧𐑤𐑩𐑜𐑮ɑ𐑨𐑓; shave_says:𐑑𐑧𐑤𐑦𐑜𐑮𐑭𐑓
telegraphist	𐑑𐑧𐑤𐑩𐑜𐑮𐑨𐑓𐑦𐑕𐑑	ˈteləɡræfɪst	𐑑𐑦𐑤𐑧𐑜𐑮𐑩𐑓𐑦𐑕𐑑	tɪˈleɡrəfɪst	high	
telegraphist	𐑑𐑧𐑤𐑩𐑜𐑮𐑭𐑓𐑦𐑕𐑑	teləɡrɑːfɪst	𐑑𐑦𐑤𐑧𐑜𐑮𐑩𐑓𐑦𐑕𐑑	tɪˈleɡrəfɪst	high	
telegraphist	𐑑𐑩𐑤𐑧𐑜𐑮𐑨𐑓𐑦𐑕𐑑	təˈleɡræfɪst	𐑑𐑦𐑤𐑧𐑜𐑮𐑩𐑓𐑦𐑕𐑑	tɪˈleɡrəfɪst	high	
telegraphist	𐑑𐑩𐑤𐑧𐑜𐑮𐑭𐑓𐑦𐑕𐑑	təleɡrɑːfɪst	𐑑𐑦𐑤𐑧𐑜𐑮𐑩𐑓𐑦𐑕𐑑	tɪˈleɡrəfɪst	high	
telegraphy	𐑑𐑧𐑤𐑩𐑜𐑮𐑨𐑓𐑦	ˈteləˌɡræfi	𐑑𐑦𐑤𐑧𐑜𐑮𐑩𐑓𐑦	tɪˈleɡrəfi	high	
telegraphy	𐑑𐑧𐑤𐑩𐑜𐑮𐑭𐑓𐑦	teləɡrɑːfi	𐑑𐑦𐑤𐑧𐑜𐑮𐑩𐑓𐑦	tɪˈleɡrəfi	high	
telegraphy	𐑑𐑩𐑤𐑧𐑜𐑮𐑩𐑓𐑦	təleɡrəfi	𐑑𐑦𐑤𐑧𐑜𐑮𐑩𐑓𐑦	tɪˈleɡrəfi	high	
telemetry	𐑑𐑦𐑤𐑧𐑥𐑦𐑑𐑮𐑦	tɪlemɪtri	𐑑𐑦𐑤𐑧𐑥𐑩𐑑𐑮𐑦	tɪˈlemətri	high	
telemetry	𐑑𐑩𐑤𐑧𐑥𐑩𐑑𐑮𐑦	təˈleməˌtri	𐑑𐑦𐑤𐑧𐑥𐑩𐑑𐑮𐑦	tɪˈlemətri	high	
teleological	𐑑𐑧𐑤𐑰𐑩𐑤𐑪𐑡𐑦𐑒𐑩𐑤	teliːəˈlɒdʒɪkəl	𐑑𐑧𐑤𐑾𐑤𐑪𐑡𐑦𐑒𐑩𐑤	ˌtelɪəˈlɒdʒɪkəl	high	
teleology	𐑑𐑰𐑤𐑦𐑪𐑤𐑩𐑡𐑦	ˌtiːliˈɒlədʒi	𐑑𐑧𐑤𐑦𐑪𐑤𐑩𐑡𐑦	ˌtelɪˈɒlədʒi	high	
telephone	𐑑𐑧𐑤𐑩𐑓𐑴𐑯	ˈteləˌfəʊn	𐑑𐑧𐑤𐑦𐑓𐑴𐑯	ˈtelɪfəʊn	high	
telephony	𐑑𐑩𐑤𐑧𐑓𐑩𐑯𐑦	təˈlefəni	𐑑𐑦𐑤𐑧𐑓𐑩𐑯𐑦	tɪˈlefəni	high	
teleprompter	𐑑𐑧𐑤𐑩𐑐𐑮𐑪𐑥𐑐𐑑𐑼	ˈteləˌprɒmptər	𐑑𐑧𐑤𐑦𐑐𐑮𐑪𐑥𐑐𐑑𐑼	ˈtelɪprɒmptəR	high	
telescope	𐑑𐑧𐑤𐑩𐑕𐑒𐑴𐑐	ˈteləˌskoʊp	𐑑𐑧𐑤𐑦𐑕𐑒𐑴𐑐	ˈtelɪskəʊp	high	
telic	𐑑𐑰𐑤𐑦𐑒	ˈtiːlɪk	𐑑𐑧𐑤𐑦𐑒	ˈtelɪk	high	
temerity	𐑑𐑩𐑥𐑧𐑮𐑦𐑑𐑦	təmerɪti	𐑑𐑦𐑥𐑧𐑮𐑦𐑑𐑦	tɪˈmerɪti	high	
temerity	𐑑𐑩𐑥𐑧𐑮𐑩𐑑𐑦	təˈmerəti	𐑑𐑦𐑥𐑧𐑮𐑦𐑑𐑦	tɪˈmerɪti	high	
temperament	𐑑𐑧𐑥𐑐𐑩𐑥𐑩𐑯𐑑	tempəmənt	𐑑𐑧𐑥𐑐𐑼𐑩𐑥𐑩𐑯𐑑	ˈtempərəmənt	medium	r_gap:spelling=1,ipa=0; shave_says:𐑑𐑧𐑥𐑐𐑼𐑩𐑥𐑩𐑯𐑑
temperament	𐑑𐑧𐑥𐑐𐑮𐑩𐑥𐑩𐑯𐑑	temprəmənt	𐑑𐑧𐑥𐑐𐑼𐑩𐑥𐑩𐑯𐑑	ˈtempərəmənt	high	
temperament	𐑑𐑧𐑥𐑐𐑼𐑥𐑩𐑯𐑑	ˈtempəRmənt	𐑑𐑧𐑥𐑐𐑼𐑩𐑥𐑩𐑯𐑑	ˈtempərəmənt	high	
temperature	𐑑𐑧𐑥𐑐𐑩𐑗𐑼	tempətʃər	𐑑𐑧𐑥𐑐𐑼𐑩𐑗𐑼	ˈtempərətʃəR	medium	r_gap:spelling=2,ipa=1; shave_says:𐑑𐑧𐑥𐑐𐑼𐑩𐑗𐑼
temperature	𐑑𐑧𐑥𐑐𐑮𐑩𐑗𐑼	ˈtemprəˌtʃəR	𐑑𐑧𐑥𐑐𐑼𐑩𐑗𐑼	ˈtempərətʃəR	high	
temperature	𐑑𐑧𐑥𐑐𐑼𐑗𐑼	ˈtempərˌtʃəR	𐑑𐑧𐑥𐑐𐑼𐑩𐑗𐑼	ˈtempərətʃəR	high	
tempestuous	-𐑗𐑫-	-tʃʊ-	𐑑𐑧𐑥𐑐𐑧𐑕𐑗𐑫𐑩𐑕	temˈpestʃuəs	high	
tempestuous	𐑑𐑧𐑥𐑐𐑧𐑕𐑑𐑘𐑩𐑩𐑕	temˈpestjəəs	𐑑𐑧𐑥𐑐𐑧𐑕𐑗𐑫𐑩𐑕	temˈpestʃuəs	high	
tempestuous	𐑑𐑧𐑥𐑐𐑧𐑕𐑑𐑘𐑫𐑩𐑕	temˈpestjuəs	𐑑𐑧𐑥𐑐𐑧𐑕𐑗𐑫𐑩𐑕	temˈpestʃuəs	high	
temporarily	𐑑𐑧𐑥𐑐𐑼𐑧𐑮𐑦𐑤𐑦	tempərerɪli	𐑑𐑧𐑥𐑐𐑼𐑼𐑩𐑤𐑦	ˈtempərərəli	high	
temporarily	𐑑𐑧𐑥𐑐𐑼𐑧𐑮𐑩𐑤𐑦	ˌtempəˈrerəli	𐑑𐑧𐑥𐑐𐑼𐑼𐑩𐑤𐑦	ˈtempərərəli	high	
temporarily	𐑑𐑧𐑥𐑐𐑼𐑼𐑦𐑤𐑦	tempərərɪli	𐑑𐑧𐑥𐑐𐑼𐑼𐑩𐑤𐑦	ˈtempərərəli	high	
temporary	𐑑𐑧𐑥𐑐𐑼𐑦	tempəri	𐑑𐑧𐑥𐑐𐑼𐑼𐑦	ˈtempərəri	medium	r_gap:spelling=2,ipa=1; shave_says:𐑑𐑧𐑥𐑐𐑼𐑼𐑦
temporary	𐑑𐑧𐑥𐑐𐑼𐑧𐑮𐑦	ˈtempəˌreri	𐑑𐑧𐑥𐑐𐑼𐑼𐑦	ˈtempərəri	high	
tenacity	𐑑𐑩𐑯𐑨𐑕𐑦𐑑𐑦	təˈnæsɪti	𐑑𐑦𐑯𐑨𐑕𐑦𐑑𐑦	tɪˈnæsɪti	high	
tenacity	𐑑𐑩𐑯𐑨𐑕𐑩𐑑𐑦	təˈnæsəti	𐑑𐑦𐑯𐑨𐑕𐑦𐑑𐑦	tɪˈnæsɪti	high	
tenderly	𐑑𐑧𐑯𐑛𐑩𐑤𐑦	tendəli	𐑑𐑧𐑯𐑛𐑼𐑤𐑦	ˈtendəRli	medium	r_gap:spelling=1,ipa=0; shave_says:𐑑𐑧𐑯𐑛𐑼𐑤𐑦
tenderness	𐑑𐑧𐑯𐑛𐑩𐑯𐑦𐑕	tendənɪs	𐑑𐑧𐑯𐑛𐑼𐑯𐑩𐑕	ˈtendəRnəs	medium	r_gap:spelling=1,ipa=0; shave_says:𐑑𐑧𐑯𐑛𐑼𐑯𐑩𐑕
tenderness	𐑑𐑧𐑯𐑛𐑼𐑯𐑦𐑕	ˈtendəRnɪs	𐑑𐑧𐑯𐑛𐑼𐑯𐑩𐑕	ˈtendəRnəs	high	
tensile	𐑑𐑧𐑯𐑕𐑦𐑤	ˈtensɪl	𐑑𐑧𐑯𐑕𐑲𐑤	ˈtensaɪl	high	
tensile	𐑑𐑧𐑯𐑕𐑩𐑤	ˈtensəl	𐑑𐑧𐑯𐑕𐑲𐑤	ˈtensaɪl	high	
tensile	𐑑𐑧𐑯𐑕𐑲𐑩𐑤	ˈtensaɪəl	𐑑𐑧𐑯𐑕𐑲𐑤	ˈtensaɪl	high	
tenure	𐑑𐑧𐑯𐑘𐑩𐑼	tenjəəR	𐑑𐑧𐑯𐑘𐑫𐑼	ˈtenjʊəR	high	
tenure	𐑑𐑧𐑯𐑘𐑼	tenjəR	𐑑𐑧𐑯𐑘𐑫𐑼	ˈtenjʊəR	high	
tepidity	𐑑𐑩𐑐𐑦𐑛𐑦𐑑𐑦	təˈpɪdɪti	𐑑𐑧𐑐𐑦𐑛𐑦𐑑𐑦	teˈpɪdɪti	high	
tergiversate	𐑑𐑻𐑡𐑦𐑝𐑩𐑕𐑱𐑑	tɜːRdʒɪvəseɪt	𐑑𐑻𐑡𐑦𐑝𐑼𐑕𐑱𐑑	ˈtɜːRdʒɪvəRseɪt	medium	r_gap:spelling=2,ipa=1; shave_says:𐑑𐑻𐑡𐑦𐑝𐑼𐑕𐑱𐑑
tergiversate	𐑑𐑻𐑡𐑦𐑝𐑻𐑕𐑱𐑑	tɜːRˈdʒɪvɜːRseɪt	𐑑𐑻𐑡𐑦𐑝𐑼𐑕𐑱𐑑	ˈtɜːRdʒɪvəRseɪt	high	
tergiversation	𐑑𐑻𐑡𐑦𐑝𐑩𐑕𐑱𐑖𐑩𐑯	tɜːRdʒɪvəseɪʃən	𐑑𐑻𐑡𐑦𐑝𐑼𐑕𐑱𐑖𐑩𐑯	ˌtɜːRdʒɪvəRˈseɪʃən	medium	r_gap:spelling=2,ipa=1; shave_says:𐑑𐑻𐑡𐑦𐑝𐑼𐑕𐑱𐑖𐑩𐑯
terminal	𐑑𐑼𐑥𐑦𐑯𐑩𐑤	ˈtəRmɪnəl	𐑑𐑻𐑥𐑦𐑯𐑩𐑤	ˈtɜːRmɪnəl	high	
terminate	𐑑𐑻𐑥𐑦𐑯𐑩𐑑	ˈtɜːRmɪnət	𐑑𐑻𐑥𐑦𐑯𐑱𐑑	ˈtɜːRmɪneɪt	high	
termination	𐑑𐑼𐑥𐑦𐑯𐑱𐑖𐑩𐑯	təRmɪˈneɪʃən	𐑑𐑻𐑥𐑦𐑯𐑱𐑖𐑩𐑯	ˌtɜːRmɪˈneɪʃən	high	
terminology	𐑑𐑻𐑥𐑩𐑯𐑪𐑤𐑩𐑡𐑦	tɜːRmənɒlədʒi	𐑑𐑻𐑥𐑦𐑯𐑪𐑤𐑩𐑡𐑦	ˌtɜːRmɪˈnɒlədʒi	high	
terminus	𐑑𐑼𐑥𐑦𐑯𐑩𐑕	ˈtərmɪnəs	𐑑𐑻𐑥𐑦𐑯𐑩𐑕	ˈtɜːRmɪnəs	high	
terminus	𐑑𐑼𐑥𐑩𐑯𐑩𐑕	ˈtərmənəs	𐑑𐑻𐑥𐑦𐑯𐑩𐑕	ˈtɜːRmɪnəs	high	
termites	𐑑𐑻𐑥𐑦𐑑𐑰𐑟	tɜːRmɪtiːz	𐑑𐑻𐑥𐑲𐑑𐑕	ˈtɜːRmaɪts	high	
terpsichorean	𐑑𐑻𐑐𐑕𐑦𐑒𐑹𐑰𐑩𐑯	ˌtɜːRpsɪˈkɔːRiːən	𐑑𐑻𐑐𐑕𐑦𐑒𐑼𐑾𐑯	ˌtɜːRpsɪkəˈriən	high	
terpsichorean	𐑑𐑻𐑐𐑕𐑦𐑒𐑼𐑰𐑩𐑯	ˌtɜːRpsɪkəˈriːən	𐑑𐑻𐑐𐑕𐑦𐑒𐑼𐑾𐑯	ˌtɜːRpsɪkəˈriən	high	
terraqueous	-𐑮𐑨-	-ˈræ-	𐑑𐑧𐑮𐑱𐑒𐑢𐑾𐑕	teˈreɪkwɪəs	medium	r_gap:spelling=2,ipa=1
terraqueous	𐑑𐑼𐑱𐑒𐑢𐑦𐑩𐑕	təreɪkwiəs	𐑑𐑧𐑮𐑱𐑒𐑢𐑾𐑕	teˈreɪkwɪəs	medium	r_gap:spelling=2,ipa=1; shave_says:𐑑𐑧𐑮𐑩𐑒𐑢𐑾𐑕
terrestrial	𐑑𐑼𐑧𐑕𐑑𐑮𐑾𐑤	təˈrestrɪəl	𐑑𐑦𐑮𐑧𐑕𐑑𐑮𐑾𐑤	tɪˈrestrɪəl	medium	r_gap:spelling=3,ipa=2
terrible	𐑑𐑺𐑚𐑩𐑤	ˈteəRbəl	𐑑𐑧𐑮𐑩𐑚𐑩𐑤	ˈterəbəl	medium	r_gap:spelling=2,ipa=1
terrible	𐑑𐑻𐑚𐑩𐑤	ˈtɜːRbəl	𐑑𐑧𐑮𐑩𐑚𐑩𐑤	ˈterəbəl	medium	r_gap:spelling=2,ipa=1
territorial	𐑑𐑧𐑮𐑦𐑑𐑹𐑦𐑩𐑤	terɪtɔːriəl	𐑑𐑧𐑮𐑦𐑑𐑹𐑾𐑤	ˌterɪˈtɔːrɪəl	medium	r_gap:spelling=3,ipa=2; shave_says:𐑑𐑧𐑮𐑦𐑑𐑹𐑾𐑤
territorial	𐑑𐑧𐑮𐑩𐑑𐑹𐑦𐑩𐑤	ˌterəˈtɔːRiəl	𐑑𐑧𐑮𐑦𐑑𐑹𐑾𐑤	ˌterɪˈtɔːrɪəl	medium	r_gap:spelling=3,ipa=2
territories	𐑑𐑧𐑮𐑦𐑑𐑹𐑦𐑟	ˈterɪˌtɔːRiz	𐑑𐑧𐑮𐑦𐑑𐑼𐑦𐑟	ˈterɪtəriz	medium	r_gap:spelling=3,ipa=2
territory	𐑑𐑧𐑮𐑦𐑑𐑹𐑦	ˈterɪˌtɔːRi	𐑑𐑧𐑮𐑦𐑑𐑼𐑦	ˈterɪtəri	medium	r_gap:spelling=3,ipa=2
tertiary	𐑑𐑻𐑖𐑦𐑧𐑮𐑦	ˈtɜːRʃiˌeri	𐑑𐑻𐑖𐑼𐑦	ˈtɜːRʃəri	high	
tertiary	𐑑𐑻𐑖𐑦𐑼𐑰	tɜːRʃiəriː	𐑑𐑻𐑖𐑼𐑦	ˈtɜːRʃəri	high	
tertiary	𐑑𐑻𐑖𐑮𐑰	tɜːRʃriː	𐑑𐑻𐑖𐑼𐑦	ˈtɜːRʃəri	high	
tertiary	𐑑𐑻𐑖𐑼𐑰	tɜːRʃəriː	𐑑𐑻𐑖𐑼𐑦	ˈtɜːRʃəri	high	
tesla	𐑑𐑧𐑟𐑤𐑩	ˈtezlə	𐑑𐑧𐑕𐑤𐑩	ˈteslə	high	
testimonial	𐑑𐑧𐑕𐑑𐑦𐑥𐑴𐑯𐑦𐑩𐑤	testɪˈməʊniəl	𐑑𐑧𐑕𐑑𐑦𐑥𐑴𐑯𐑾𐑤	ˌtestɪˈməʊnɪəl	high	
testimony	𐑑𐑧𐑕𐑑𐑦𐑥𐑴𐑯𐑦	ˈtestɪmoʊni	𐑑𐑧𐑕𐑑𐑦𐑥𐑩𐑯𐑦	ˈtestɪməni	high	
tetanus	𐑑𐑧𐑑𐑯𐑩𐑕	ˈtetnəs	𐑑𐑧𐑑𐑩𐑯𐑩𐑕	ˈtetənəs	high	
teuton	𐑑𐑘𐑫𐑑𐑩𐑯	ˈtjutən	𐑑𐑵𐑑𐑩𐑯, 𐑑𐑿𐑑𐑩𐑯	ˈtjuːtən	high	
teuton	𐑑𐑘𐑫𐑑𐑪𐑯	ˈtjutɒn	𐑑𐑵𐑑𐑩𐑯, 𐑑𐑿𐑑𐑩𐑯	ˈtjuːtən	high	
teuton	𐑑𐑿𐑑𐑪𐑯	ˈtjuːtɒn	𐑑𐑵𐑑𐑩𐑯, 𐑑𐑿𐑑𐑩𐑯	ˈtjuːtən	high	
textual	𐑑𐑧𐑒𐑕𐑑𐑘𐑫𐑩𐑤	ˈtekstjuəl	𐑑𐑧𐑒𐑕𐑗𐑫𐑩𐑤	ˈtekstʃʊəl	high	
textual	𐑑𐑧𐑒𐑕𐑗𐑩𐑤	ˈtekstʃəl	𐑑𐑧𐑒𐑕𐑗𐑫𐑩𐑤	ˈtekstʃʊəl	high	
texture	𐑑𐑧𐑒𐑖𐑗𐑼	tekʃtʃər	𐑑𐑧𐑒𐑕𐑗𐑼	ˈtekstʃəR	high	
textured	𐑑𐑧𐑒𐑖𐑗𐑼𐑛	ˈtekʃtʃəRd	𐑑𐑧𐑒𐑕𐑗𐑼𐑛	ˈtekstʃəRd	high	
that'll	-𐑑𐑩𐑤	-təl	𐑞𐑨𐑑𐑩𐑤	ˈðætəl	high	
theater	𐑔𐑦𐑧𐑑𐑼	θietəR	𐑔𐑾𐑑𐑼	ˈθɪətəR	high	
theater	𐑔𐑦𐑩𐑑𐑼	ˈθiətəR	𐑔𐑾𐑑𐑼	ˈθɪətəR	high	
theater	𐑔𐑦𐑱𐑑𐑼	θieɪtəR	𐑔𐑾𐑑𐑼	ˈθɪətəR	high	
theater	𐑔𐑰𐑩𐑑𐑼	θiːətəR	𐑔𐑾𐑑𐑼	ˈθɪətəR	high	
theatrical	𐑔𐑰𐑨𐑑𐑮𐑦𐑒𐑩𐑤	θiːætrɪkəl	𐑔𐑦𐑨𐑑𐑮𐑦𐑒𐑩𐑤	θɪˈætrɪkəl	high	
their	𐑞𐑻	ðɜːR	𐑞𐑺	ðeəR	high	
their	𐑞𐑼	ðəR	𐑞𐑺	ðeəR	high	
theirs	𐑞𐑧𐑮𐑟	ðerz	𐑞𐑺𐑟	ðeəRz	high	
theirs	𐑞𐑻𐑟	ðɜːRz	𐑞𐑺𐑟	ðeəRz	high	
them	𐑞𐑳𐑥	ˈðʌm	𐑞𐑧𐑥	ðem	high	
theo	𐑔𐑰𐑴	ˈθiːəʊ	𐑔𐑦𐑴	ˈθiːəʊ	high	
theodore	𐑔𐑦𐑩𐑛𐑹	ˈθiəˌdɔːR	𐑔𐑾𐑛𐑹	ˈθɪədɔːr	high	
theodore	𐑔𐑰𐑩𐑛𐑹	θiːədɔːR	𐑔𐑾𐑛𐑹	ˈθɪədɔːr	high	
theologian	𐑔𐑦𐑩𐑤𐑴𐑡𐑩𐑯	ˌθiəˈloʊdʒən	𐑔𐑾𐑤𐑴𐑡𐑩𐑯	ˌθɪəˈləʊdʒən	high	
theological	𐑔𐑦𐑩𐑤𐑪𐑡𐑦𐑒𐑤	θiəˈlɒdʒɪkl	𐑔𐑾𐑤𐑪𐑡𐑦𐑒𐑩𐑤	ˌθɪəˈlɒdʒɪkəl	high	
theological	𐑔𐑾𐑤𐑪𐑡𐑦𐑒𐑤	θɪəˈlɒdʒɪkl	𐑔𐑾𐑤𐑪𐑡𐑦𐑒𐑩𐑤	ˌθɪəˈlɒdʒɪkəl	high	
theorem	𐑔𐑦𐑮𐑩𐑥	ˈθɪrəm	𐑔𐑽𐑩𐑥	ˈθɪərəm	high	
theorem	𐑔𐑦𐑼𐑩𐑥	ˈθiərəm	𐑔𐑽𐑩𐑥	ˈθɪərəm	high	
theorem	𐑔𐑰𐑼𐑩𐑥	θiːərəm	𐑔𐑽𐑩𐑥	ˈθɪərəm	high	
theoretical	𐑔𐑦𐑼𐑧𐑑𐑦𐑒𐑩𐑤	ˌθiəˈretɪkəl	𐑔𐑽𐑧𐑑𐑦𐑒𐑩𐑤	θɪəˈretɪkəl	high	
theories	𐑔𐑦𐑮𐑦𐑟	ˈθɪriz	𐑔𐑽𐑦𐑟	ˈθɪəriz	high	
theories	𐑔𐑰𐑼𐑦𐑟	θiːəriz	𐑔𐑽𐑦𐑟	ˈθɪəriz	high	
theorist	𐑔𐑦𐑮𐑩𐑕𐑑	ˈθɪrəst	𐑔𐑽𐑦𐑕𐑑	ˈθɪərɪst	high	
theorist	𐑔𐑰𐑼𐑩𐑕𐑑	ˈθiːərəst	𐑔𐑽𐑦𐑕𐑑	ˈθɪərɪst	high	
theorize	𐑔𐑦𐑮𐑲𐑟	θɪraɪz	𐑔𐑽𐑲𐑟	ˈθɪəraɪz	high	
theorize	𐑔𐑦𐑼𐑲𐑟	ˈθiəraɪz	𐑔𐑽𐑲𐑟	ˈθɪəraɪz	high	
theorize	𐑔𐑰𐑼𐑲𐑟	θiːəraɪz	𐑔𐑽𐑲𐑟	ˈθɪəraɪz	high	
theory	𐑔𐑦𐑮𐑦	ˈθɪri	𐑔𐑽𐑦	ˈθɪəri	high	
theory	𐑔𐑦𐑼𐑦	ˈθiəri	𐑔𐑽𐑦	ˈθɪəri	high	
theosophical	𐑔𐑦𐑩𐑕𐑪𐑓𐑦𐑒𐑩𐑤	ˌθiəˈsɒfɪkəl	𐑔𐑾𐑕𐑪𐑓𐑦𐑒𐑩𐑤	ˌθiːəˈsɒfɪkəl	high	
theosophical	𐑔𐑰𐑩𐑕𐑪𐑓𐑦𐑒𐑩𐑤	ˌθiːəˈsɒfɪkəl	𐑔𐑾𐑕𐑪𐑓𐑦𐑒𐑩𐑤	ˌθiːəˈsɒfɪkəl	high	
theosophy	𐑔𐑦𐑪𐑕𐑩𐑓𐑦	θɪˈɒsəfɪ	𐑔𐑰𐑪𐑕𐑩𐑓𐑦	θiːˈɒsəfi	high	
therapeutic	𐑔𐑧𐑮𐑩𐑐𐑘𐑫𐑑𐑦𐑒	ˌθerəˈpjutɪk	𐑔𐑧𐑮𐑩𐑐𐑿𐑑𐑦𐑒	ˌθerəˈpjuːtɪk	high	
thereabout	𐑞𐑧𐑮𐑩𐑚𐑬𐑑	ˈðerəˌbaʊt	𐑞𐑺𐑩𐑚𐑬𐑑	ˈðeərəbaʊt	high	
thereabouts	𐑞𐑧𐑮𐑩𐑚𐑬𐑑𐑕	ˈðerəˌbaʊts	𐑞𐑺𐑩𐑚𐑬𐑑𐑕	ˈðeərəbaʊts	high	
thereafter	𐑞𐑧𐑮𐑨𐑓𐑑𐑼	ˌðerˈæftəR	𐑞𐑺𐑨𐑓𐑑𐑼, 𐑞𐑺𐑭𐑓𐑑𐑼	ðeəˈrⱭːftəR	high	
thereby	𐑞𐑧𐑮𐑚𐑲	ðerˈbaɪ	𐑞𐑺𐑚𐑲	ðeəRˈbaɪ	high	
therefore	𐑞𐑧𐑮𐑓𐑹	ˈðerfɔːR	𐑞𐑺𐑓𐑹	ˈðeəRfɔːR	high	
thereof	𐑞𐑧𐑮𐑳𐑝	ðeˈrʌv	𐑞𐑺𐑪𐑝	ðeəˈrɒv	high	
thereupon	𐑞𐑧𐑮𐑩𐑐𐑪𐑯	ˌðerəˈpɒn	𐑞𐑺𐑩𐑐𐑪𐑯	ˌðeərəˈpɒn	high	
thereupon	𐑞𐑧𐑮𐑩𐑐𐑷𐑯	ˌðerəˈpɔːn	𐑞𐑺𐑩𐑐𐑪𐑯	ˌðeərəˈpɒn	high	
thermonuclear	𐑔𐑻𐑥𐑴𐑯𐑿𐑒𐑤𐑰𐑼	θɜːRməʊnjuːkliːəR	𐑔𐑻𐑥𐑴𐑯𐑵𐑒𐑤𐑽, 𐑔𐑻𐑥𐑴𐑯𐑿𐑒𐑤𐑽	ˌθɜːRməʊˈnjuːklɪəR	high	
thermos	𐑔𐑻𐑥𐑪𐑕	θɜːRmɒs	𐑔𐑻𐑥𐑩𐑕	ˈθɜːRməs	high	
thermostat	𐑔𐑻𐑥𐑴𐑕𐑑𐑨𐑑	ˈθɜːRmoʊstæt	𐑔𐑻𐑥𐑩𐑕𐑑𐑨𐑑	ˈθɜːRməstæt	high	
these	𐑞𐑦𐑟	ðiz	𐑞𐑰𐑟	ðiːz	high	
theses	𐑔𐑦𐑕𐑦𐑟	ˈθisiz	𐑔𐑰𐑕𐑰𐑟	ˈθiːsiːz	high	
thesis	𐑔𐑦𐑕𐑦𐑕	ˈθisɪs	𐑔𐑰𐑕𐑦𐑕	ˈθiːsɪs	high	
thesis	𐑔𐑦𐑕𐑦𐑟	ˈθisiz	𐑔𐑰𐑕𐑦𐑕	ˈθiːsɪs	high	
thesis	𐑔𐑧𐑕𐑦𐑕	ˈθesɪs	𐑔𐑰𐑕𐑦𐑕	ˈθiːsɪs	high	
thesis	𐑔𐑰𐑕𐑰𐑟	ˈθiːsiːz	𐑔𐑰𐑕𐑦𐑕	ˈθiːsɪs	high	
thespian	𐑔𐑧𐑟𐑚𐑦𐑩𐑯	ˈθezbiən	𐑔𐑧𐑕𐑐𐑾𐑯	ˈθespɪən	high	
thessalonians	-𐑘𐑩𐑯𐑟	-jənz	𐑔𐑧𐑕𐑩𐑤𐑴𐑯𐑾𐑯𐑟	ˌθesəlˈəʊniənz	high	
thessalonians	𐑔𐑧𐑕𐑩𐑤𐑴𐑯𐑦𐑩𐑯𐑟	θesəˈloʊniənz	𐑔𐑧𐑕𐑩𐑤𐑴𐑯𐑾𐑯𐑟	ˌθesəlˈəʊniənz	high	
theta	𐑔𐑦𐑑𐑩	ˈθitə	𐑔𐑰𐑑𐑩	ˈθiːtə	high	
theta	𐑔𐑱𐑑𐑩	ˈθeɪtə	𐑔𐑰𐑑𐑩	ˈθiːtə	high	
thew	𐑔𐑘𐑫	θju	𐑔𐑿	θjuː	high	
they're	𐑞𐑺	ðeəR	𐑞𐑱𐑼	ˈðeəR	high	
they're	𐑞𐑻	ðɜːR	𐑞𐑱𐑼	ˈðeəR	high	
thief	𐑔𐑦𐑓	θif	𐑔𐑰𐑓	θiːf	high	
third	𐑔𐑼𐑛	θəRd	𐑔𐑻𐑛	θɜːRd	high	
thirdly	𐑔𐑼𐑛𐑤𐑦	ˈθəRdli	𐑔𐑻𐑛𐑤𐑦	ˈθɜːRdli	high	
thirteen	𐑔𐑻𐑑𐑑𐑦𐑯	ˌθɜːRtˈtin	𐑔𐑻𐑑𐑰𐑯	ˌθɜːRˈtiːn	high	
thirteen	𐑔𐑻𐑑𐑦𐑯	ˈθɜːRtin	𐑔𐑻𐑑𐑰𐑯	ˌθɜːRˈtiːn	high	
thirteen	𐑔𐑻𐑑𐑦𐑯-	ˌθɜːRtin-	𐑔𐑻𐑑𐑰𐑯	ˌθɜːRˈtiːn	high	
thirtieth	𐑔𐑻𐑑𐑦𐑩𐑔	θɜːRtiəθ	𐑔𐑻𐑑𐑾𐑔	ˈθɜːRtɪəθ	high	
thither	𐑔𐑦𐑞𐑼	θɪðəR	𐑞𐑦𐑞𐑼	ˈðɪðəR	high	
thompson	𐑑𐑪𐑥𐑕𐑩𐑯	ˈtɒmsən	𐑑𐑪𐑥𐑐𐑕𐑩𐑯	ˈtɒmpsən	high	
thong	𐑔𐑷𐑙	θɔːŋ	𐑔𐑪𐑙	θɒŋ	high	
thorn	𐑔𐑪𐑮𐑯	θorn	𐑔𐑹𐑯	θɔːRn	high	
thorough	𐑔𐑳𐑮𐑴	θʌrəʊ	𐑔𐑳𐑮𐑩	ˈθʌrə	high	
thorough	𐑔𐑻𐑴	ˈθɜːRoʊ	𐑔𐑳𐑮𐑩	ˈθʌrə	high	
thoroughfare	𐑔𐑳𐑮𐑩𐑓𐑻	θʌrəfɜːR	𐑔𐑳𐑮𐑩𐑓𐑺	ˈθʌrəfeəR	high	
thoroughgoing	-𐑮𐑴	-roʊ	𐑔𐑳𐑮𐑩𐑜𐑴𐑦𐑙	ˈθʌrəɡəʊɪŋ	high	
thoroughness	𐑔𐑳𐑮𐑴𐑯𐑩𐑕	θʌrəʊnəs	𐑔𐑳𐑮𐑩𐑯𐑩𐑕	ˈθʌrənəs	high	
thou	𐑞𐑴	ðəʊ	𐑞𐑬	ðaʊ	high	
thoughtfully	𐑔𐑷𐑑𐑓𐑤𐑦	ˈθɔːtfli	𐑔𐑷𐑑𐑓𐑩𐑤𐑦	ˈθɔːtfəli	high	
thoughtfully	𐑔𐑷𐑑𐑓𐑫𐑤𐑦	ˈθɔːtfʊli	𐑔𐑷𐑑𐑓𐑩𐑤𐑦	ˈθɔːtfəli	high	
thoughtfulness	-𐑓𐑫𐑤-	-fʊl-	𐑔𐑷𐑑𐑓𐑩𐑤𐑯𐑩𐑕	ˈθɔːtfəlnəs	high	
thoughtfulness	𐑔𐑪𐑑𐑓𐑩𐑤𐑯𐑩𐑕	ˈθɒtfəlnəs	𐑔𐑷𐑑𐑓𐑩𐑤𐑯𐑩𐑕	ˈθɔːtfəlnəs	high	
thoughtless	𐑔𐑷𐑑𐑤𐑦𐑕	ˈθɔːtlɪs	𐑔𐑷𐑑𐑤𐑩𐑕	ˈθɔːtləs	high	
thoughtlessness	𐑔𐑷𐑑𐑤𐑦𐑕𐑯𐑦𐑕	ˈθɔːtlɪsnɪs	𐑔𐑷𐑑𐑤𐑩𐑕𐑯𐑩𐑕	ˈθɔːtləsnəs	high	
thoughtlessness	𐑔𐑷𐑑𐑤𐑩𐑕𐑯𐑦𐑕	ˈθɔːtləsnɪs	𐑔𐑷𐑑𐑤𐑩𐑕𐑯𐑩𐑕	ˈθɔːtləsnəs	high	
thrall	𐑔𐑮𐑪𐑤	θrɒl	𐑔𐑮𐑷𐑤	θrɔːl	high	
threadbare	-𐑚𐑻	-bɜːR	𐑔𐑮𐑧𐑛𐑚𐑺	ˈθredbeəR	medium	r_gap:spelling=2,ipa=1; shave_says:𐑔𐑮𐑧𐑛𐑚𐑺
three	𐑔𐑮𐑦	θri	𐑔𐑮𐑰	θriː	high	
three-quarters	𐑔𐑮𐑦𐑒𐑢𐑹𐑑𐑼𐑟	θriˈkwɔːRtəRz	𐑔𐑮𐑰-𐑒𐑢𐑹𐑑𐑼𐑟	θriː-ˈkwɔːRtəRz	high	
three-quarters	𐑔𐑮𐑰𐑒𐑢𐑹𐑑𐑼𐑟	θriːkwɔːRtəRz	𐑔𐑮𐑰-𐑒𐑢𐑹𐑑𐑼𐑟	θriː-ˈkwɔːRtəRz	high	
threepence	𐑔𐑮𐑰𐑐𐑧𐑯𐑕	ˈθriːpens	𐑔𐑮𐑧𐑐𐑩𐑯𐑕	ˈθrepəns	high	
threepenny	𐑔𐑮𐑳𐑐𐑩𐑯𐑦	θrʌpəni	𐑔𐑮𐑧𐑐𐑩𐑯𐑦	ˈθrepəni	high	
threesome	𐑔𐑮𐑦𐑕𐑩𐑥	ˈθrisəm	𐑔𐑮𐑰𐑕𐑩𐑥	ˈθriːsəm	high	
threshold	𐑔𐑮𐑧𐑖𐑴𐑤𐑛	θreʃəʊld	𐑔𐑮𐑧𐑖𐑣𐑴𐑤𐑛	ˈθreʃhəʊld	high	
throng	𐑔𐑮𐑷𐑙	θrɔːŋ	𐑔𐑮𐑪𐑙	θrɒŋ	high	
throttle	𐑔𐑮𐑷𐑑𐑩𐑤	ˈθrɔːtəl	𐑔𐑮𐑪𐑑𐑩𐑤	ˈθrɒtəl	high	
through	𐑔𐑮𐑫	θru	𐑔𐑮𐑵	θruː	high	
throughline	𐑔𐑮𐑫𐑤𐑲𐑯	ˈθruˌlaɪn	𐑔𐑮𐑵𐑤𐑲𐑯	ˈθruːlaɪn	high	
throughput	𐑔𐑮𐑫𐑐𐑫𐑑	ˈθrupʊt	𐑔𐑮𐑵𐑐𐑫𐑑	ˈθruːpʊt	high	
thru	𐑔𐑮𐑫	θru	𐑔𐑮𐑵	θruː	high	
thunderstorm	𐑔𐑳𐑯𐑛𐑩𐑕𐑑𐑹𐑥	θʌndəstɔːRm	𐑔𐑳𐑯𐑛𐑼𐑕𐑑𐑹𐑥	ˈθʌndəRstɔːRm	medium	r_gap:spelling=2,ipa=1; shave_says:𐑔𐑳𐑯𐑛𐑼𐑕𐑑𐑹𐑥
thunderstruck	𐑔𐑳𐑯𐑛𐑩𐑕𐑑𐑮𐑳𐑒	θʌndəstrʌk	𐑔𐑳𐑯𐑛𐑼𐑕𐑑𐑮𐑳𐑒	ˈθʌndəRstrʌk	medium	r_gap:spelling=2,ipa=1; shave_says:𐑔𐑳𐑯𐑛𐑼𐑕𐑑𐑮𐑳𐑒
thurible	𐑔𐑘𐑩𐑼𐑦𐑚𐑩𐑤	θjəərɪbəl	𐑔𐑘𐑫𐑼𐑦𐑚𐑩𐑤	ˈθjʊərɪbəl	high	
thurible	𐑔𐑘𐑼𐑦𐑚𐑩𐑤	ˈθjərɪbəl	𐑔𐑘𐑫𐑼𐑦𐑚𐑩𐑤	ˈθjʊərɪbəl	high	
thurible	𐑔𐑻𐑮𐑦𐑚𐑩𐑤	ˈθɜːRrɪbəl	𐑔𐑘𐑫𐑼𐑦𐑚𐑩𐑤	ˈθjʊərɪbəl	high	
thursday	-𐑛𐑦	-di	𐑔𐑻𐑟𐑛𐑱	ˈθɜːRzdeɪ	medium	r_gap:spelling=1,ipa=0; shave_says:𐑔𐑻𐑟𐑛𐑱
thurso	𐑔𐑻𐑟𐑴	θɜːrzəʊ	𐑔𐑻𐑕𐑴	ˈθɜːRsəʊ	high	
tiara	𐑑𐑦𐑨𐑮𐑩	tiˈærə	𐑑𐑦𐑸𐑩	tɪˈɑːrə	high	
ticklish	𐑑𐑦𐑒𐑩𐑤𐑦𐑖	ˈtɪkəlɪʃ	𐑑𐑦𐑒𐑤𐑦𐑖	ˈtɪklɪʃ	high	
tiddlywinks	𐑑𐑦𐑛𐑤𐑦-	ˈtɪdlɪ-	𐑑𐑦𐑛𐑤𐑦𐑢𐑦𐑙𐑒𐑕	ˈtɪdlɪwɪŋks	high	
tiddlywinks	𐑑𐑦𐑛𐑩𐑤𐑦𐑢𐑦𐑙𐑒𐑕	ˈtɪdəlɪwɪŋks	𐑑𐑦𐑛𐑤𐑦𐑢𐑦𐑙𐑒𐑕	ˈtɪdlɪwɪŋks	high	
tier	𐑑𐑲𐑼	taɪəR	𐑑𐑽	tɪəR	high	
tilburg	-𐑚𐑫𐑮𐑜	-bʊrɡ	𐑑𐑦𐑤𐑚𐑻𐑜	ˈtɪlbɜːRɡ	high	
tilburg	-𐑚𐑫𐑼𐑜	-bʊəRɡ	𐑑𐑦𐑤𐑚𐑻𐑜	ˈtɪlbɜːRɡ	high	
tile	𐑑𐑲𐑩𐑤	ˈtaɪəl	𐑑𐑲𐑤	taɪl	high	
timbre	𐑑𐑦𐑥𐑚𐑼	ˈtɪmbəR	𐑑𐑨𐑥𐑚𐑮𐑩	ˈtæmbrə	high	
timbre	𐑑𐑨𐑥𐑚𐑮𐑼	tæmbrəR	𐑑𐑨𐑥𐑚𐑮𐑩	ˈtæmbrə	high	
timbre	𐑑𐑨𐑥𐑚𐑼	tæmbəR	𐑑𐑨𐑥𐑚𐑮𐑩	ˈtæmbrə	high	
tincture	𐑑𐑦𐑙𐑒𐑑𐑘𐑩𐑼	tɪŋktjəəR	𐑑𐑦𐑙𐑒𐑗𐑼	ˈtɪŋktʃəR	medium	ml_disagrees:𐑑𐑦𐑙𐑒𐑑𐑘ː𐑼; shave_says:𐑑𐑦𐑙𐑒𐑗𐑼
tintinnabulation	𐑑𐑦𐑯𐑑𐑦𐑯𐑯𐑨𐑚𐑘𐑩𐑤𐑱𐑖𐑩𐑯	ˌtɪntɪnˌnæbjəˈleɪʃən	𐑑𐑦𐑯𐑑𐑦𐑯𐑨𐑚𐑘𐑩𐑤𐑱𐑖𐑩𐑯	ˌtɪntɪnˌæbjəˈleɪʃən	high	
tirade	𐑑𐑦𐑮𐑱𐑛	tɪreɪd	𐑑𐑲𐑮𐑱𐑛	taɪˈreɪd	high	
tiresome	𐑑𐑲𐑩𐑕𐑩𐑥	taɪəsəm	𐑑𐑲𐑼𐑕𐑩𐑥	ˈtaɪəRsəm	medium	r_gap:spelling=1,ipa=0; shave_says:𐑑𐑲𐑼𐑕𐑩𐑥
tissue	𐑑𐑦𐑕𐑿	ˈtɪsjuː	𐑑𐑦𐑖𐑵	ˈtɪʃuː	high	
tissue	𐑑𐑦𐑖𐑘𐑫	ˈtɪʃju	𐑑𐑦𐑖𐑵	ˈtɪʃuː	high	
titular	𐑑𐑦𐑑𐑘𐑩𐑤𐑼	tɪtjələR	𐑑𐑦𐑗𐑩𐑤𐑼	ˈtɪtʃələR	high	
to	𐑑𐑩	tə	𐑑	T	high	
to	𐑑𐑫𐑢	tʊw	𐑑	T	high	
to	𐑑𐑴	təʊ	𐑑	T	high	
toadstool	𐑑𐑴𐑛𐑕𐑑𐑫𐑩𐑤	ˈtoʊdˌstuəl	𐑑𐑴𐑛𐑕𐑑𐑵𐑤	ˈtəʊdstuːl	high	
tobagonian	𐑑𐑴𐑚𐑩𐑜𐑴𐑯𐑦𐑩𐑯	ˌtəʊbəˈɡəʊniən	𐑑𐑴𐑚𐑩𐑜𐑴𐑯𐑾𐑯	ˌtəʊbəˈɡəʊnɪən	high	
toboggan	𐑑𐑩𐑚𐑭𐑜𐑩𐑯	təˈbɑːɡən	𐑑𐑩𐑚𐑪𐑜𐑩𐑯	təˈbɒɡən	high	
today	𐑑𐑫𐑛𐑱	tʊˈdeɪ	𐑑𐑩𐑛𐑱	təˈdeɪ	high	
toff	𐑑𐑷𐑓	tɔːf	𐑑𐑪𐑓	tɒf	high	
toffee	𐑑𐑷𐑓𐑦	ˈtɔːfi	𐑑𐑪𐑓𐑦	ˈtɒfi	high	
tofu	𐑑𐑴𐑓𐑫	ˈtoʊfu	𐑑𐑴𐑓𐑵	ˈtəʊfuː	high	
tog	𐑑𐑷𐑜	tɔːɡ	𐑑𐑪𐑜	tɒɡ	high	
together	𐑑𐑫𐑜𐑧𐑞𐑼	tʊɡeðər	𐑑𐑩𐑜𐑧𐑞𐑼	təˈɡeðəR	high	
tokyo	𐑑𐑴𐑒𐑦𐑴	ˈtoʊkioʊ	𐑑𐑴𐑒𐑘𐑴	ˈtəʊkjəʊ	high	
tolerant	𐑑𐑭𐑤𐑼𐑩𐑯𐑑	ˈtɑːlərənt	𐑑𐑪𐑤𐑼𐑩𐑯𐑑	ˈtɒlərənt	high	
tomb	𐑑𐑫𐑥	tum	𐑑𐑵𐑥	tuːm	high	
tomfoolery	𐑑𐑪𐑥𐑓𐑫𐑤𐑼𐑦	ˈtɒmˌfuləRi	𐑑𐑪𐑥𐑓𐑵𐑤𐑼𐑦	tɒmˈfuːləri	high	
ton	𐑑𐑪𐑯	tɒn	𐑑𐑳𐑯	tʌn	high	
tonality	𐑑𐑴𐑯𐑨𐑤𐑦𐑑𐑰	təʊnˈælɪtiː	𐑑𐑴𐑯𐑨𐑤𐑦𐑑𐑦	təʊˈnælɪti	high	
tonga	𐑑𐑪𐑙𐑜𐑩	ˈtɒŋɡə	𐑑𐑪𐑙𐑩	ˈtɒŋə	high	
tonga	𐑑𐑴𐑙𐑩	ˈtoʊŋə	𐑑𐑪𐑙𐑩	ˈtɒŋə	high	
tonga	𐑑𐑷𐑙𐑜𐑩	ˈtɔːŋɡə	𐑑𐑪𐑙𐑩	ˈtɒŋə	high	
tongs	𐑑𐑷𐑙𐑟	tɔːŋz	𐑑𐑪𐑙𐑟	tɒŋz	high	
tonne	𐑑𐑪𐑯	tɒn	𐑑𐑳𐑯	tʌn	high	
tonne	𐑑𐑫𐑯	tʊn	𐑑𐑳𐑯	tʌn	high	
tonne	𐑑𐑳𐑯𐑰	tʌniː	𐑑𐑳𐑯	tʌn	high	
tonsil	𐑑𐑪𐑯𐑕𐑩𐑤	ˈtɒnsəl	𐑑𐑪𐑯𐑕𐑦𐑤	ˈtɒnsɪl	high	
too	𐑑𐑫	tu	𐑑𐑵	tuː	high	
tool	𐑑𐑫𐑤	tul	𐑑𐑵𐑤	tuːl	high	
toot	𐑑𐑫𐑑	ˈtut	𐑑𐑵𐑑	tuːt	high	
tooth	𐑑𐑫𐑔	tʊθ	𐑑𐑵𐑔	tuːθ	high	
toothbrush	𐑑𐑫𐑔𐑚𐑮𐑳𐑖	ˈtuθbrʌʃ	𐑑𐑵𐑔𐑚𐑮𐑳𐑖	ˈtuːθbrʌʃ	high	
toothless	𐑑𐑫𐑔𐑤𐑦𐑕	ˈtuθlɪs	𐑑𐑵𐑔𐑤𐑩𐑕	ˈtuːθləs	high	
toothless	𐑑𐑫𐑔𐑤𐑩𐑕	ˈtuθləs	𐑑𐑵𐑔𐑤𐑩𐑕	ˈtuːθləs	high	
toothpaste	𐑑𐑫𐑔𐑐𐑱𐑕𐑑	ˈtuθpeɪst	𐑑𐑵𐑔𐑐𐑱𐑕𐑑	ˈtuːθpeɪst	high	
toothsome	𐑑𐑫𐑔𐑕𐑩𐑥	ˈtuθsəm	𐑑𐑵𐑔𐑕𐑩𐑥	ˈtuːθsəm	high	
toots	𐑑𐑫𐑑𐑕	ˈtuts	𐑑𐑵𐑑𐑕	tuːts	high	
topiary	𐑑𐑴𐑐𐑘𐑼𐑦	təʊpjəri	𐑑𐑴𐑐𐑽𐑦	ˈtəʊpɪəri	high	
topiary	𐑑𐑴𐑐𐑦𐑺𐑦	ˈtoʊpiˌeəri	𐑑𐑴𐑐𐑽𐑦	ˈtəʊpɪəri	high	
topmast	𐑑𐑪𐑐𐑥𐑩𐑕𐑑	ˈtɒpməst	𐑑𐑪𐑐𐑥𐑨𐑕𐑑, 𐑑𐑪𐑐𐑥𐑭𐑕𐑑	ˈtɒpmⱭːst	high	
topsail	𐑑𐑪𐑐𐑕𐑩𐑤	ˈtɒpsəl	𐑑𐑪𐑐𐑕𐑱𐑤	ˈtɒpseɪl	high	
topsy-turvy	𐑑𐑪𐑐𐑕𐑦𐑑𐑼𐑝𐑦	ˌtɒpsiˈtəRvi	𐑑𐑪𐑐𐑕𐑦-𐑑𐑻𐑝𐑦	ˌtɒpsi-ˈtɜːRvi	high	
tor	𐑑𐑪𐑮	tor	𐑑𐑹	tɔːR	high	
toronto	𐑑𐑼𐑪𐑯𐑴	tərɒnəʊ	𐑑𐑼𐑪𐑯𐑑𐑴	təˈrɒntəʊ	high	
torpedo	𐑑𐑪𐑮𐑐𐑦𐑛𐑴	ˌtorˈpidoʊ	𐑑𐑹𐑐𐑰𐑛𐑴	tɔːRˈpiːdəʊ	high	
torrent	𐑑𐑹𐑩𐑯𐑑	ˈtɔːRənt	𐑑𐑪𐑮𐑩𐑯𐑑	ˈtɒrənt	medium	r_gap:spelling=2,ipa=1
torrential	𐑑𐑪𐑮𐑧𐑯𐑗𐑩𐑤	tɒrentʃəl	𐑑𐑼𐑧𐑯𐑖𐑩𐑤	təˈrenʃəl	medium	r_gap:spelling=2,ipa=1; shave_says:𐑑𐑼𐑧𐑯𐑖𐑩𐑤
torrential	𐑑𐑹𐑧𐑯𐑗𐑩𐑤	tɔːˈrentʃəl	𐑑𐑼𐑧𐑯𐑖𐑩𐑤	təˈrenʃəl	medium	r_gap:spelling=2,ipa=1
torrential	𐑑𐑼𐑧𐑯𐑗𐑩𐑤	tərentʃəl	𐑑𐑼𐑧𐑯𐑖𐑩𐑤	təˈrenʃəl	medium	r_gap:spelling=2,ipa=1; shave_says:𐑑𐑼𐑧𐑯𐑖𐑩𐑤
torrid	𐑑𐑹𐑩𐑛	ˈtɔːRƏd	𐑑𐑪𐑮𐑦𐑛	ˈtɒrɪd	medium	r_gap:spelling=2,ipa=1
torsion	𐑑𐑪𐑮𐑖𐑦𐑯	ˈtorʃɪn	𐑑𐑹𐑖𐑩𐑯	ˈtɔːRʃən	high	
torsion	𐑑𐑪𐑮𐑖𐑩𐑯	ˈtorʃən	𐑑𐑹𐑖𐑩𐑯	ˈtɔːRʃən	high	
torsion	𐑑𐑪𐑮𐑠𐑦𐑯	ˈtorʒɪn	𐑑𐑹𐑖𐑩𐑯	ˈtɔːRʃən	high	
torsion	𐑑𐑪𐑮𐑠𐑩𐑯	ˈtorʒən	𐑑𐑹𐑖𐑩𐑯	ˈtɔːRʃən	high	
tortilla	𐑑𐑹𐑑𐑦𐑘𐑩	tɔːRtijə	𐑑𐑹𐑑𐑰𐑘𐑩	tɔːRˈtiːjə	high	
tortilla	𐑑𐑹𐑑𐑦𐑩	tɔːRtiə	𐑑𐑹𐑑𐑰𐑘𐑩	tɔːRˈtiːjə	high	
tortoise	𐑑𐑹𐑑𐑶𐑕	tɔːRtɔɪs	𐑑𐑹𐑑𐑩𐑕	ˈtɔːRtəs	high	
torts	𐑑𐑪𐑮𐑑𐑕	torts	𐑑𐑹𐑑𐑕	tɔːRts	high	
tortuous	𐑑𐑹𐑗𐑵𐑩𐑕	tɔːRtʃuːəs	𐑑𐑹𐑗𐑫𐑩𐑕	ˈtɔːRtʃuəs	high	
torture	𐑑𐑪𐑮𐑗𐑼	ˈtortʃəR	𐑑𐑹𐑗𐑼	ˈtɔːRtʃəR	high	
torus	𐑑𐑴𐑮𐑩𐑕	toʊrəs	𐑑𐑹𐑩𐑕	ˈtɔːRəs	high	
tory	𐑑𐑪𐑮𐑦	ˈtori	𐑑𐑹𐑦	ˈtɔːri	high	
toss	𐑑𐑷𐑕	tɔːs	𐑑𐑪𐑕	tɒs	high	
tossed	𐑑𐑷𐑕𐑑	tɔːst	𐑑𐑪𐑕𐑑	tɒst	high	
totalitarian	𐑑𐑴𐑑𐑨𐑤𐑦𐑑𐑺𐑦𐑩𐑯	təʊtalɪteəriən	𐑑𐑴𐑑𐑨𐑤𐑦𐑑𐑺𐑾𐑯	ˌtəʊtælɪˈteərɪən	high	
totalitarian	𐑑𐑴𐑑𐑩𐑤𐑦𐑑𐑧𐑮𐑦𐑩𐑯	ˌtoʊtəlɪˈteriən	𐑑𐑴𐑑𐑨𐑤𐑦𐑑𐑺𐑾𐑯	ˌtəʊtælɪˈteərɪən	high	
tottenham	𐑑𐑪𐑑𐑯𐑩𐑥	tɒtnəm	𐑑𐑪𐑑𐑩𐑯𐑩𐑥	ˈtɒtənəm	high	
toucan	𐑑𐑵𐑒𐑩𐑯	ˈtuːkən	𐑑𐑵𐑒𐑨𐑯	ˈtuːkæn	high	
tour de force	𐑑𐑫𐑮𐑛𐑩𐑓𐑪𐑮𐑕	ˌturdəˈfors	𐑑𐑫𐑼 𐑛𐑩 𐑓𐑹𐑕	ˌtʊəR də ˈfɔːRs	high	
tour de force	𐑑𐑫𐑮𐑛𐑩𐑓𐑹𐑕	ˌturdəˈfɔːRs	𐑑𐑫𐑼 𐑛𐑩 𐑓𐑹𐑕	ˌtʊəR də ˈfɔːRs	high	
tourist	𐑑𐑫𐑮𐑦𐑕𐑑	ˈtʊrɪst	𐑑𐑫𐑼𐑦𐑕𐑑	ˈtʊərɪst	high	
tourist	𐑑𐑹𐑦𐑕𐑑	tɔːrɪst	𐑑𐑫𐑼𐑦𐑕𐑑	ˈtʊərɪst	high	
tourist	𐑑𐑻𐑦𐑕𐑑	ˈtɜːRɪst	𐑑𐑫𐑼𐑦𐑕𐑑	ˈtʊərɪst	high	
tournament	𐑑𐑫𐑮𐑯𐑩𐑥𐑩𐑯𐑑	ˈtʊrnəmənt	𐑑𐑫𐑼𐑯𐑩𐑥𐑩𐑯𐑑	ˈtʊəRnəmənt	high	
tournament	𐑑𐑹𐑯𐑩𐑥𐑩𐑯𐑑	tɔːRnəmənt	𐑑𐑫𐑼𐑯𐑩𐑥𐑩𐑯𐑑	ˈtʊəRnəmənt	high	
tournament	𐑑𐑻𐑯𐑩𐑥𐑩𐑯𐑑	ˈtɜːRnəmənt	𐑑𐑫𐑼𐑯𐑩𐑥𐑩𐑯𐑑	ˈtʊəRnəmənt	high	
tourney	𐑑𐑹𐑯𐑦	tɔːrni	𐑑𐑫𐑼𐑯𐑦	ˈtʊəRni	high	
tourney	𐑑𐑻𐑯𐑦	ˈtɜːRni	𐑑𐑫𐑼𐑯𐑦	ˈtʊəRni	high	
tourniquet	𐑑𐑫𐑼𐑯𐑦𐑒𐑦𐑑	ˈtʊəRnɪkɪt	𐑑𐑫𐑼𐑯𐑦𐑒𐑱	ˈtʊəRnɪkeɪ	high	
tourniquet	𐑑𐑹𐑯𐑦𐑒𐑱	tɔːRnɪkeɪ	𐑑𐑫𐑼𐑯𐑦𐑒𐑱	ˈtʊəRnɪkeɪ	high	
tourniquet	𐑑𐑻𐑯𐑦𐑒𐑦𐑑	ˈtɜːRnɪkɪt	𐑑𐑫𐑼𐑯𐑦𐑒𐑱	ˈtʊəRnɪkeɪ	high	
tourniquet	𐑑𐑻𐑯𐑦𐑒𐑱	ˈtɜːRnɪkeɪ	𐑑𐑫𐑼𐑯𐑦𐑒𐑱	ˈtʊəRnɪkeɪ	high	
tousle	𐑑𐑬𐑕𐑩𐑤	ˈtaʊsəl	𐑑𐑬𐑟𐑩𐑤	ˈtaʊzəl	high	
toward	𐑑𐑢𐑹𐑛	ˈtwɔːRd	𐑑𐑩𐑢𐑹𐑛	təˈwɔːRd	high	
toward	𐑑𐑹𐑛	tɔːRd	𐑑𐑩𐑢𐑹𐑛	təˈwɔːRd	high	
towards	𐑑𐑫𐑢𐑹𐑛𐑟	tʊˈwɔːRdz	𐑑𐑩𐑢𐑹𐑛𐑟	təˈwɔːRdz	high	
towards	𐑑𐑴𐑼𐑛𐑟	ˈtoʊəRdz	𐑑𐑩𐑢𐑹𐑛𐑟	təˈwɔːRdz	high	
towards	𐑑𐑹𐑛𐑟	ˈtɔːRdz	𐑑𐑩𐑢𐑹𐑛𐑟	təˈwɔːRdz	high	
tower	𐑑𐑴𐑼	təʊər	𐑑𐑬𐑼	ˈtaʊəR	high	
townspeople	𐑑𐑬𐑯𐑟𐑐𐑦𐑐𐑩𐑤	ˈtaʊnzˌpipəl	𐑑𐑬𐑯𐑟𐑐𐑰𐑐𐑩𐑤	ˈtaʊnzpiːpəl	high	
tows	𐑑𐑬𐑟	taʊz	𐑑𐑴𐑟	təʊz	high	
toxicity	𐑑𐑪𐑒𐑕𐑦𐑕𐑩𐑑𐑦	tɒkˈsɪsəti	𐑑𐑪𐑒𐑕𐑦𐑕𐑦𐑑𐑦	tɒkˈsɪsɪti	high	
traceable	𐑗𐑮𐑱𐑕𐑩𐑚𐑩𐑤	ˈtʃreɪsəbəl	𐑑𐑮𐑱𐑕𐑩𐑚𐑩𐑤	ˈtreɪsəbəl	high	
tracer	𐑗𐑮𐑱𐑕𐑼	tʃreɪsər	𐑑𐑮𐑱𐑕𐑼	ˈtreɪsəR	high	
trachea	𐑑𐑮𐑩𐑒𐑰𐑩	trəkiːə	𐑑𐑮𐑩𐑒𐑾	trəˈkɪə	high	
trachea	𐑑𐑮𐑱𐑒𐑦𐑩	treɪkiə	𐑑𐑮𐑩𐑒𐑾	trəˈkɪə	high	
tracheae	𐑑𐑮𐑱𐑒𐑦𐑦	ˈtreɪkiˌi	𐑑𐑮𐑩𐑒𐑦𐑰	trəˈkɪiː	high	
tracheae	𐑑𐑮𐑱𐑒𐑦𐑲	ˈtreɪkiˌaɪ	𐑑𐑮𐑩𐑒𐑦𐑰	trəˈkɪiː	high	
tracksuit	𐑑𐑮𐑨𐑒𐑕𐑫𐑑	ˈtrækˌsut	𐑑𐑮𐑨𐑒𐑕𐑵𐑑	ˈtræksuːt	high	
traduce	𐑑𐑮𐑩𐑛𐑘𐑫𐑕	trəˈdjus	𐑑𐑮𐑩𐑛𐑵𐑕, 𐑑𐑮𐑩𐑛𐑿𐑕	trəˈdjuːs	high	
traduce	𐑑𐑮𐑩𐑛𐑫𐑕	trəˈdus	𐑑𐑮𐑩𐑛𐑵𐑕, 𐑑𐑮𐑩𐑛𐑿𐑕	trəˈdjuːs	high	
traduce	𐑑𐑮𐑩𐑡𐑵𐑕	trədʒuːs	𐑑𐑮𐑩𐑛𐑵𐑕, 𐑑𐑮𐑩𐑛𐑿𐑕	trəˈdjuːs	high	
tragedian	𐑑𐑮𐑩𐑡𐑦𐑛𐑦𐑩𐑯	trəˈdʒidiən	𐑑𐑮𐑩𐑡𐑰𐑛𐑾𐑯	trəˈdʒiːdɪən	high	
tranche	𐑑𐑮𐑭𐑯𐑖	trɑːnʃ	𐑑𐑮𐑨𐑯𐑗, 𐑑𐑮𐑭𐑯𐑗	trⱭːntʃ	high	
transactions	𐑗𐑮𐑨𐑯𐑟𐑨𐑒𐑖𐑩𐑯𐑟	tʃrænˈzækʃənz	𐑑𐑮𐑨𐑯𐑟𐑨𐑒𐑖𐑩𐑯𐑟	trænˈzækʃənz	high	
transcendental	𐑑𐑮𐑨𐑯𐑟𐑧𐑯𐑛𐑧𐑯𐑑𐑩𐑤	trænzendentəl	𐑑𐑮𐑨𐑯𐑕𐑧𐑯𐑛𐑧𐑯𐑑𐑩𐑤	ˌtrænsenˈdentəl	high	
transfer	𐑑𐑮𐑨𐑯𐑕𐑓𐑼	trænsˈfəR	𐑑𐑮𐑨𐑯𐑕𐑓𐑻	ˈtrænsfɜːR	high	
transfer	𐑑𐑮𐑭𐑯𐑕𐑓𐑻	trɑːnsfɜːR	𐑑𐑮𐑨𐑯𐑕𐑓𐑻	ˈtrænsfɜːR	high	
transferable	𐑑𐑮𐑨𐑯𐑕𐑓𐑮𐑩𐑚𐑩𐑤	ˈtrænsfrəbəl	𐑑𐑮𐑨𐑯𐑕𐑓𐑻𐑩𐑚𐑩𐑤	trænsˈfɜːrəbəl	high	
transferable	𐑑𐑮𐑨𐑯𐑕𐑓𐑻𐑮𐑩𐑚𐑩𐑤	trænsˈfɜːRrəbəl	𐑑𐑮𐑨𐑯𐑕𐑓𐑻𐑩𐑚𐑩𐑤	trænsˈfɜːrəbəl	high	
transferable	𐑑𐑮𐑨𐑯𐑕𐑓𐑼𐑩𐑚𐑩𐑤	trænsfərəbəl	𐑑𐑮𐑨𐑯𐑕𐑓𐑻𐑩𐑚𐑩𐑤	trænsˈfɜːrəbəl	high	
transferable	𐑑𐑮𐑭𐑯𐑕𐑓𐑻𐑩𐑚𐑩𐑤	trɑːnsfɜːrəbəl	𐑑𐑮𐑨𐑯𐑕𐑓𐑻𐑩𐑚𐑩𐑤	trænsˈfɜːrəbəl	high	
transferable	𐑑𐑮𐑭𐑯𐑕𐑓𐑼𐑩𐑚𐑩𐑤	trɑːnsfərəbəl	𐑑𐑮𐑨𐑯𐑕𐑓𐑻𐑩𐑚𐑩𐑤	trænsˈfɜːrəbəl	high	
transference	𐑑𐑮𐑨𐑯𐑕𐑓𐑼𐑩𐑯𐑕	trænsˈfərəns	𐑑𐑮𐑨𐑯𐑕𐑓𐑻𐑩𐑯𐑕	ˈtrænsfɜːrəns	high	
transference	𐑑𐑮𐑨𐑯𐑟𐑓𐑼𐑩𐑯𐑕	tranzfərəns	𐑑𐑮𐑨𐑯𐑕𐑓𐑻𐑩𐑯𐑕	ˈtrænsfɜːrəns	high	
transference	𐑑𐑮𐑭𐑯𐑕𐑓𐑼𐑩𐑯𐑕	trɑːnsfərəns	𐑑𐑮𐑨𐑯𐑕𐑓𐑻𐑩𐑯𐑕	ˈtrænsfɜːrəns	high	
transference	𐑑𐑮𐑭𐑯𐑟𐑓𐑼𐑩𐑯𐑕	trɑːnzfərəns	𐑑𐑮𐑨𐑯𐑕𐑓𐑻𐑩𐑯𐑕	ˈtrænsfɜːrəns	high	
transferred	𐑑𐑮𐑨𐑯𐑟𐑓𐑻𐑛	trænzfɜːRd	𐑑𐑮𐑨𐑯𐑕𐑓𐑻𐑛	trænsˈfɜːRd	medium	r_gap:spelling=3,ipa=2; shave_says:𐑑𐑮𐑨𐑯𐑕𐑓𐑻𐑛
transferred	𐑑𐑮𐑭𐑯𐑕𐑓𐑻𐑛	trɑːnsfɜːRd	𐑑𐑮𐑨𐑯𐑕𐑓𐑻𐑛	trænsˈfɜːRd	medium	r_gap:spelling=3,ipa=2; shave_says:𐑑𐑮𐑨𐑯𐑕𐑓𐑻𐑛
transfigure	𐑑𐑮𐑨𐑯𐑕𐑓𐑦𐑜𐑘𐑼	trænsˈfɪɡjəR	𐑑𐑮𐑨𐑯𐑕𐑓𐑦𐑜𐑼	trænsˈfɪɡəR	high	
transfigure	𐑑𐑮𐑭𐑯𐑕𐑓𐑦𐑜𐑼	trɑːnsfɪɡər	𐑑𐑮𐑨𐑯𐑕𐑓𐑦𐑜𐑼	trænsˈfɪɡəR	high	
transform	𐑑𐑮𐑸𐑯𐑕𐑓𐑹𐑥	trɑːRnsfɔːRm	𐑑𐑮𐑨𐑯𐑕𐑓𐑹𐑥	trænsˈfɔːRm	high	
transformation	𐑑𐑮𐑨𐑯𐑕𐑓𐑹𐑥𐑱𐑖𐑩𐑯	ˌtrænsfɔːRˈmeɪʃən	𐑑𐑮𐑨𐑯𐑕𐑓𐑼𐑥𐑱𐑖𐑩𐑯	ˌtrænsfəRˈmeɪʃən	high	
transformed	𐑑𐑮𐑸𐑯𐑕𐑓𐑹𐑥𐑛	trɑːRnsfɔːRmd	𐑑𐑮𐑨𐑯𐑕𐑓𐑹𐑥𐑛	trænsˈfɔːRmd	high	
transformer	𐑑𐑮𐑸𐑯𐑕𐑓𐑹𐑥𐑼	trɑːRnsfɔːRməR	𐑑𐑮𐑨𐑯𐑕𐑓𐑹𐑥𐑼	trænsˈfɔːRməR	high	
transfusion	𐑑𐑮𐑨𐑯𐑟𐑓𐑘𐑫𐑠𐑩𐑯	trænzˈfjuʒən	𐑑𐑮𐑨𐑯𐑕𐑓𐑿𐑠𐑩𐑯	trænsˈfjuːʒən	high	
transgender	𐑑𐑮𐑨𐑯𐑑𐑕-	ˌtrænts-	𐑑𐑮𐑨𐑯𐑟𐑡𐑧𐑯𐑛𐑼	ˌtrænzˈdʒendəR	medium	r_gap:spelling=2,ipa=1
transgender	𐑑𐑮𐑨𐑯𐑕-	træns-	𐑑𐑮𐑨𐑯𐑟𐑡𐑧𐑯𐑛𐑼	ˌtrænzˈdʒendəR	medium	r_gap:spelling=2,ipa=1; shave_says:𐑑𐑮𐑨𐑯𐑟𐑡𐑧𐑯𐑛𐑼
transgender	𐑑𐑮𐑭𐑯𐑟-	trɑːnz-	𐑑𐑮𐑨𐑯𐑟𐑡𐑧𐑯𐑛𐑼	ˌtrænzˈdʒendəR	medium	r_gap:spelling=2,ipa=1; shave_says:𐑑𐑮𐑨𐑯𐑟𐑡𐑧𐑯𐑛𐑼
transient	-𐑕𐑦𐑩𐑯𐑑	-siənt	𐑑𐑮𐑨𐑯𐑟𐑾𐑯𐑑	ˈtrænzɪənt	medium	r_gap:spelling=1,ipa=0; shave_says:𐑑𐑮𐑨𐑯𐑟𐑾𐑯𐑑
transient	𐑑𐑮𐑨𐑯𐑕𐑦𐑩𐑯𐑑	ˈtrænsiənt	𐑑𐑮𐑨𐑯𐑟𐑾𐑯𐑑	ˈtrænzɪənt	high	
transient	𐑑𐑮𐑨𐑯𐑖𐑩𐑯𐑑	ˈtrænʃənt	𐑑𐑮𐑨𐑯𐑟𐑾𐑯𐑑	ˈtrænzɪənt	high	
transient	𐑑𐑮𐑨𐑯𐑟𐑦𐑩𐑯𐑑	tranziənt	𐑑𐑮𐑨𐑯𐑟𐑾𐑯𐑑	ˈtrænzɪənt	high	
transient	𐑑𐑮𐑭𐑯𐑟𐑦𐑩𐑯𐑑	trɑːnziənt	𐑑𐑮𐑨𐑯𐑟𐑾𐑯𐑑	ˈtrænzɪənt	high	
transit	𐑑𐑮𐑭𐑯𐑟𐑦𐑑	trɑːnzɪt	𐑑𐑮𐑨𐑯𐑟𐑦𐑑	ˈtrænzɪt	high	
transition	-𐑕𐑦-	-sɪ-	𐑑𐑮𐑨𐑯𐑟𐑦𐑖𐑩𐑯	trænˈzɪʃən	medium	r_gap:spelling=1,ipa=0; shave_says:𐑑𐑮𐑨𐑯𐑟𐑦𐑖𐑩𐑯
transition	-𐑠𐑩𐑯	-ʒən	𐑑𐑮𐑨𐑯𐑟𐑦𐑖𐑩𐑯	trænˈzɪʃən	medium	r_gap:spelling=1,ipa=0; shave_says:𐑑𐑮𐑨𐑯𐑟𐑦𐑖𐑩𐑯
transition	𐑑𐑮𐑭𐑯𐑟𐑦𐑖𐑩𐑯	trɑːnzɪʃən	𐑑𐑮𐑨𐑯𐑟𐑦𐑖𐑩𐑯	trænˈzɪʃən	high	
transitory	𐑑𐑮𐑨𐑯𐑕𐑦𐑑𐑹𐑦	ˈtrænsɪˌtɔːRi	𐑑𐑮𐑨𐑯𐑕𐑦𐑑𐑼𐑦	ˈtrænsɪtəri	high	
transitory	𐑑𐑮𐑨𐑯𐑟𐑦𐑑𐑹𐑦	ˈtrænzɪˌtɔːRi	𐑑𐑮𐑨𐑯𐑕𐑦𐑑𐑼𐑦	ˈtrænsɪtəri	high	
transitory	𐑑𐑮𐑨𐑯𐑟𐑦𐑑𐑼𐑦	trænzɪtərɪ	𐑑𐑮𐑨𐑯𐑕𐑦𐑑𐑼𐑦	ˈtrænsɪtəri	high	
translate	𐑑𐑮𐑨𐑯𐑕-	træns-	𐑑𐑮𐑨𐑯𐑟𐑤𐑱𐑑	trænzˈleɪt	high	
translate	𐑑𐑮𐑨𐑯𐑟-	trænz-	𐑑𐑮𐑨𐑯𐑟𐑤𐑱𐑑	trænzˈleɪt	high	
translate	𐑑𐑮𐑭𐑯𐑕-	trɑːns-	𐑑𐑮𐑨𐑯𐑟𐑤𐑱𐑑	trænzˈleɪt	high	
translate	𐑑𐑮𐑭𐑯𐑟𐑤𐑱𐑑	trɑːnzleɪt	𐑑𐑮𐑨𐑯𐑟𐑤𐑱𐑑	trænzˈleɪt	high	
translated	𐑑𐑮𐑨𐑯𐑕𐑤𐑱𐑑𐑩𐑛	ˈtrænsleɪtƏd	𐑑𐑮𐑨𐑯𐑟𐑤𐑱𐑑𐑩𐑛	trænzˈleɪtƏd	high	
translated	𐑑𐑮𐑭𐑯𐑟𐑤𐑱𐑑𐑩𐑛	trɑːnzleɪtƏd	𐑑𐑮𐑨𐑯𐑟𐑤𐑱𐑑𐑩𐑛	trænzˈleɪtƏd	high	
translation	𐑑𐑮𐑨𐑯𐑕-	træns-	𐑑𐑮𐑨𐑯𐑟𐑤𐑱𐑖𐑩𐑯	trænzˈleɪʃən	high	
translation	𐑑𐑮𐑭𐑯𐑕-	trɑːns-	𐑑𐑮𐑨𐑯𐑟𐑤𐑱𐑖𐑩𐑯	trænzˈleɪʃən	high	
translation	𐑑𐑮𐑭𐑯𐑟-	trɑːnz-	𐑑𐑮𐑨𐑯𐑟𐑤𐑱𐑖𐑩𐑯	trænzˈleɪʃən	high	
translations	𐑑𐑮𐑭𐑯𐑕𐑤𐑱𐑖𐑩𐑯𐑟	trɑːnsleɪʃənz	𐑑𐑮𐑨𐑯𐑟𐑤𐑱𐑖𐑩𐑯𐑟	trænzˈleɪʃənz	high	
translations	𐑑𐑮𐑭𐑯𐑟𐑤𐑱𐑖𐑩𐑯𐑟	trɑːnzleɪʃənz	𐑑𐑮𐑨𐑯𐑟𐑤𐑱𐑖𐑩𐑯𐑟	trænzˈleɪʃənz	high	
translator	𐑑𐑮𐑨𐑯𐑕𐑤𐑱𐑑𐑼	ˈtrænsleɪtəR	𐑑𐑮𐑨𐑯𐑟𐑤𐑱𐑑𐑼	trænzˈleɪtəR	high	
translator	𐑑𐑮𐑸𐑯𐑟𐑤𐑱𐑑𐑼	trɑːRnzleɪtəR	𐑑𐑮𐑨𐑯𐑟𐑤𐑱𐑑𐑼	trænzˈleɪtəR	high	
translucent	𐑑𐑮𐑨𐑯𐑟𐑤𐑫𐑕𐑩𐑯𐑑	trænzˈlusənt	𐑑𐑮𐑨𐑯𐑟𐑤𐑵𐑕𐑩𐑯𐑑	trænzˈluːsənt	high	
transparency	𐑑𐑮𐑨𐑯𐑟-	trænz-	𐑑𐑮𐑨𐑯𐑕𐑐𐑨𐑮𐑩𐑯𐑕𐑦	trænsˈpærənsi	medium	r_gap:spelling=2,ipa=1
transparency	𐑑𐑮𐑨𐑯𐑟𐑐𐑨𐑮𐑩𐑯𐑕𐑦	trænzpærənsi	𐑑𐑮𐑨𐑯𐑕𐑐𐑨𐑮𐑩𐑯𐑕𐑦	trænsˈpærənsi	high	
transparent	𐑑𐑮𐑨𐑯𐑟𐑐𐑨𐑮𐑩𐑯𐑑	trænzpærənt	𐑑𐑮𐑨𐑯𐑕𐑐𐑨𐑮𐑩𐑯𐑑	trænsˈpærənt	high	
transplant	𐑑𐑮𐑨𐑯𐑟𐑐𐑤𐑨𐑯𐑑	trænzˈplænt	𐑑𐑮𐑨𐑯𐑕𐑐𐑤𐑨𐑯𐑑, 𐑑𐑮𐑨𐑯𐑕𐑐𐑤𐑭𐑯𐑑	ˈtrænsplⱭːnt	high	
transplant	𐑑𐑮𐑨𐑯𐑟𐑐𐑤𐑭𐑯𐑑	trænzplɑːnt	𐑑𐑮𐑨𐑯𐑕𐑐𐑤𐑨𐑯𐑑, 𐑑𐑮𐑨𐑯𐑕𐑐𐑤𐑭𐑯𐑑	ˈtrænsplⱭːnt	high	
transplant	𐑑𐑮𐑭𐑯𐑟𐑐𐑤𐑭𐑯𐑑	trɑːnzplɑːnt	𐑑𐑮𐑨𐑯𐑕𐑐𐑤𐑨𐑯𐑑, 𐑑𐑮𐑨𐑯𐑕𐑐𐑤𐑭𐑯𐑑	ˈtrænsplⱭːnt	high	
transport	𐑑𐑮𐑸𐑯𐑕𐑐𐑹𐑑	trɑːRnspɔːRt	𐑑𐑮𐑨𐑯𐑕𐑐𐑹𐑑	ˈtrænspɔːRt	high	
transportable	𐑑𐑮𐑨𐑯𐑟𐑐𐑹𐑑𐑩𐑚𐑩𐑤	trænzˈpɔːRtəbəl	𐑑𐑮𐑨𐑯𐑕𐑐𐑹𐑑𐑩𐑚𐑩𐑤	trænˈspɔːRtəbəl	high	
transportable	𐑑𐑮𐑸𐑯𐑕𐑐𐑹𐑑𐑩𐑚𐑩𐑤	trɑːRnspɔːrtəbəl	𐑑𐑮𐑨𐑯𐑕𐑐𐑹𐑑𐑩𐑚𐑩𐑤	trænˈspɔːRtəbəl	high	
transportation	𐑑𐑮𐑨𐑯𐑕𐑐𐑼𐑑𐑱𐑖𐑩𐑯	trænspəRˈteɪʃən	𐑑𐑮𐑨𐑯𐑕𐑐𐑹𐑑𐑱𐑖𐑩𐑯	ˌtrænspɔːRˈteɪʃən	high	
transported	𐑑𐑮𐑨𐑯𐑟𐑐𐑹𐑑𐑩𐑛	trænzpɔːRtƏd	𐑑𐑮𐑨𐑯𐑕𐑐𐑹𐑑𐑩𐑛	trænˈspɔːRtƏd	high	
transported	𐑑𐑮𐑸𐑯𐑕𐑐𐑹𐑑𐑩𐑛	trɑːRnspɔːRtƏd	𐑑𐑮𐑨𐑯𐑕𐑐𐑹𐑑𐑩𐑛	trænˈspɔːRtƏd	high	
transpose	𐑑𐑮𐑨𐑯𐑟𐑐𐑴𐑟	ˈtrænzpoʊz	𐑑𐑮𐑨𐑯𐑕𐑐𐑴𐑟	trænˈspəʊz	high	
transpose	𐑑𐑮𐑭𐑯𐑕𐑐𐑴𐑟	trɑːnspəʊz	𐑑𐑮𐑨𐑯𐑕𐑐𐑴𐑟	trænˈspəʊz	high	
transsexual	𐑑𐑮𐑨𐑯𐑑𐑕-	ˌtrænts-	𐑑𐑮𐑨𐑯𐑟𐑕𐑧𐑒𐑖𐑫𐑩𐑤	trænzˈsekʃuəl	high	
transsexual	𐑑𐑮𐑨𐑯𐑕-	træns-	𐑑𐑮𐑨𐑯𐑟𐑕𐑧𐑒𐑖𐑫𐑩𐑤	trænzˈsekʃuəl	high	
transsexual	𐑑𐑮𐑭𐑯𐑟-	trɑːnz-	𐑑𐑮𐑨𐑯𐑟𐑕𐑧𐑒𐑖𐑫𐑩𐑤	trænzˈsekʃuəl	high	
transverse	𐑑𐑮𐑨𐑯𐑕𐑝𐑻𐑕	ˈtrænsˌvɜːRs	𐑑𐑮𐑨𐑯𐑟𐑝𐑻𐑕	ˈtrænzvɜːRs	high	
trapdoor	𐑑𐑮𐑨𐑐𐑛𐑪𐑮	ˈtræpdor	𐑑𐑮𐑨𐑐𐑛𐑹	ˌtræpˈdɔːr	high	
trapezium	𐑑𐑮𐑨𐑐𐑦𐑟𐑦𐑩𐑥	træˈpiziəm	𐑑𐑮𐑩𐑐𐑰𐑟𐑾𐑥	trəˈpiːzɪəm	high	
trapezoid	𐑑𐑮𐑨𐑐𐑩𐑟𐑶𐑛	træpəzɔɪd	𐑑𐑮𐑨𐑐𐑦𐑟𐑶𐑛	ˈtræpɪzɔɪd	high	
trapezoid	𐑑𐑮𐑩𐑐𐑰𐑟𐑶𐑛	trəpiːzɔɪd	𐑑𐑮𐑨𐑐𐑦𐑟𐑶𐑛	ˈtræpɪzɔɪd	high	
trauma	𐑑𐑮𐑬𐑥𐑩	traʊmə	𐑑𐑮𐑷𐑥𐑩	ˈtrɔːmə	high	
traumatic	𐑑𐑮𐑪𐑥𐑨𐑑𐑦𐑒	trɒˈmætɪk	𐑑𐑮𐑷𐑥𐑨𐑑𐑦𐑒	trɔːˈmætɪk	high	
traveler	𐑑𐑮𐑨𐑝𐑤𐑼	ˈtrævləR	𐑑𐑮𐑨𐑝𐑩𐑤𐑼	ˈtrævələR	high	
traveller	𐑑𐑮𐑨𐑝𐑤𐑼	trævləR	𐑑𐑮𐑨𐑝𐑩𐑤𐑼	ˈtrævələR	high	
travelogue	𐑑𐑮𐑝𐑝𐑩𐑤𐑷𐑜	ˈtrvvəˌlɔːɡ	𐑑𐑮𐑨𐑝𐑩𐑤𐑪𐑜	ˈtrævəlɒɡ	high	
travelogue	𐑑𐑮𐑨𐑝𐑩𐑤𐑤𐑪𐑜	travəllɒɡ	𐑑𐑮𐑨𐑝𐑩𐑤𐑪𐑜	ˈtrævəlɒɡ	high	
traverse	𐑑𐑮𐑨𐑝𐑩𐑕	trævəs	𐑑𐑮𐑩𐑝𐑻𐑕	ˈtrəvɜːRs	medium	r_gap:spelling=2,ipa=1; shave_says:𐑑𐑮𐑩𐑝𐑻𐑕
traverse	𐑑𐑮𐑨𐑝𐑼𐑕	ˈtrævəRs	𐑑𐑮𐑩𐑝𐑻𐑕	ˈtrəvɜːRs	high	
trawl	𐑑𐑮𐑪𐑤	trɒl	𐑑𐑮𐑷𐑤	trɔːl	high	
treasure	𐑗𐑮𐑧𐑠𐑼	ˈtʃreʒəR	𐑑𐑮𐑧𐑠𐑼	ˈtreʒəR	high	
treasured	𐑗𐑮𐑧𐑠-	ˈtʃreʒ-	𐑑𐑮𐑧𐑠𐑼𐑛	ˈtreʒəRd	medium	r_gap:spelling=2,ipa=1
treasures	𐑑𐑮𐑧𐑠𐑩𐑟	treʒəz	𐑑𐑮𐑧𐑠𐑼𐑟	ˈtreʒəRz	medium	r_gap:spelling=2,ipa=1; shave_says:𐑑𐑮𐑧𐑠𐑼𐑟
treaty	-𐑑𐑦	-ti	𐑑𐑮𐑰𐑑𐑦	ˈtriːti	medium	r_gap:spelling=1,ipa=0
treaty	𐑑𐑮𐑦𐑑𐑦	ˈtriti	𐑑𐑮𐑰𐑑𐑦	ˈtriːti	high	
treetop	𐑑𐑮𐑦𐑑𐑪𐑐	ˈtriˌtɒp	𐑑𐑮𐑰𐑑𐑪𐑐	ˈtriːtɒp	high	
tremulous	𐑑𐑮𐑧𐑥𐑘𐑫𐑤𐑩𐑕	ˈtremjuləs	𐑑𐑮𐑧𐑥𐑘𐑩𐑤𐑩𐑕	ˈtremjələs	high	
trepan	𐑑𐑮𐑦-	tri-	𐑑𐑮𐑦𐑐𐑨𐑯	trɪˈpæn	high	
trepan	𐑑𐑮𐑩𐑐𐑨𐑯	trəˈpæn	𐑑𐑮𐑦𐑐𐑨𐑯	trɪˈpæn	high	
trespass	𐑑𐑮𐑧𐑕𐑐𐑦𐑕	trespɪs	𐑑𐑮𐑧𐑕𐑐𐑩𐑕	ˈtrespəs	high	
trespass	𐑑𐑮𐑧𐑕𐑐𐑨𐑕	ˈtrespæs	𐑑𐑮𐑧𐑕𐑐𐑩𐑕	ˈtrespəs	high	
trespass	𐑑𐑮𐑨𐑕𐑐𐑨𐑕	ˈtræspæs	𐑑𐑮𐑧𐑕𐑐𐑩𐑕	ˈtrespəs	high	
triage	𐑑𐑮𐑦𐑪𐑠	ˈtriɒʒ	𐑑𐑮𐑰𐑭𐑠	ˈtriːɑːʒ	high	
triangle	𐑑𐑮𐑲𐑩𐑙𐑜𐑩𐑤	traɪəŋɡəl	𐑑𐑮𐑲𐑨𐑙𐑜𐑩𐑤	ˈtraɪæŋɡəl	high	
triangular	𐑑𐑮𐑲𐑲𐑙𐑜𐑘𐑩𐑤𐑼	traɪˈaɪŋɡjələR	𐑑𐑮𐑲𐑨𐑙𐑜𐑘𐑩𐑤𐑼	traɪˈæŋɡjələR	high	
tribunal	𐑑𐑮𐑦𐑚𐑿𐑯𐑩𐑤	trɪbjuːnəl	𐑑𐑮𐑲𐑚𐑿𐑯𐑩𐑤	traɪˈbjuːnəl	high	
tribunal	𐑑𐑮𐑩𐑚𐑘𐑫𐑯𐑩𐑤	trəˈbjunəl	𐑑𐑮𐑲𐑚𐑿𐑯𐑩𐑤	traɪˈbjuːnəl	high	
tribunal	𐑑𐑮𐑲𐑚𐑘𐑫𐑯𐑩𐑤	traɪˈbjunəl	𐑑𐑮𐑲𐑚𐑿𐑯𐑩𐑤	traɪˈbjuːnəl	high	
tricolour	-𐑤𐑹	-lɔːR	𐑑𐑮𐑲𐑒𐑳𐑤𐑼	ˈtraɪkʌləR	medium	r_gap:spelling=2,ipa=1; shave_says:𐑑𐑮𐑲𐑒𐑳𐑤𐑼
tricolour	𐑑𐑮𐑦𐑒𐑩𐑤𐑼	trɪkələR	𐑑𐑮𐑲𐑒𐑳𐑤𐑼	ˈtraɪkʌləR	high	
trier	𐑑𐑮𐑦𐑮	trɪr	𐑑𐑮𐑲𐑼	ˈtraɪəR	high	
trier	𐑑𐑮𐑽	trɪəR	𐑑𐑮𐑲𐑼	ˈtraɪəR	high	
trilateral	𐑑𐑮𐑦𐑤𐑨𐑑𐑼𐑩𐑤	ˌtrɪˈlætərəl	𐑑𐑮𐑲𐑤𐑨𐑑𐑼𐑩𐑤	ˌtraɪˈlætərəl	high	
trio	𐑑𐑮𐑦𐑴	triəʊ	𐑑𐑮𐑰𐑴	ˈtriːəʊ	high	
trite	𐑑𐑮𐑳𐑦𐑑	trʌɪt	𐑑𐑮𐑲𐑑	traɪt	high	
triumph	𐑑𐑮𐑲𐑳𐑥𐑓	traɪʌmf	𐑑𐑮𐑲𐑩𐑥𐑓	ˈtraɪəmf	high	
triumvir	𐑑𐑮𐑲𐑳𐑥𐑝𐑼	traɪʌmvəR	𐑑𐑮𐑲𐑳𐑥𐑝𐑽	traɪˈʌmvɪəR	high	
trivia	𐑑𐑮𐑦𐑝𐑦𐑩	trɪviə	𐑑𐑮𐑦𐑝𐑾	ˈtrɪvɪə	high	
trochaic	𐑑𐑮𐑩𐑒𐑱𐑦𐑒	trəˈkeɪɪk	𐑑𐑮𐑴𐑒𐑱𐑦𐑒	trəʊˈkeɪɪk	high	
trochee	𐑑𐑮𐑴𐑒𐑦	ˈtroʊki	𐑑𐑮𐑴𐑒𐑰	ˈtrəʊkiː	high	
troglodyte	𐑑𐑮𐑪𐑜𐑤𐑴𐑛𐑲𐑑	trɒɡləʊdaɪt	𐑑𐑮𐑪𐑜𐑤𐑩𐑛𐑲𐑑	ˈtrɒɡlədaɪt	high	
troll	𐑑𐑮𐑪𐑤	trɒl	𐑑𐑮𐑴𐑤	trəʊl	high	
trolling	𐑑𐑮𐑪𐑤𐑦𐑙	trɒlɪŋ	𐑑𐑮𐑴𐑤𐑦𐑙	ˈtrəʊlɪŋ	high	
trombone	𐑑𐑮𐑩𐑥𐑚𐑴𐑯	trəmbəʊn	𐑑𐑮𐑪𐑥𐑚𐑴𐑯	trɒmˈbəʊn	high	
troon	𐑑𐑮𐑫𐑯	ˈtrun	𐑑𐑮𐑵𐑯	truːn	high	
trophy	𐑑𐑮𐑪𐑓𐑦	trɒfi	𐑑𐑮𐑴𐑓𐑦	ˈtrəʊfi	high	
tropical	𐑑𐑮𐑴𐑐𐑦𐑒𐑩𐑤	trəʊpɪkəl	𐑑𐑮𐑪𐑐𐑦𐑒𐑩𐑤	ˈtrɒpɪkəl	high	
troth	𐑑𐑮𐑪𐑔	trɒθ	𐑑𐑮𐑴𐑔	trəʊθ	high	
troth	𐑑𐑮𐑷𐑔	trɔːθ	𐑑𐑮𐑴𐑔	trəʊθ	high	
troubadour	𐑑𐑮𐑫𐑚𐑩𐑛𐑹	ˈtrubəˌdɔːR	𐑑𐑮𐑵𐑚𐑩𐑛𐑹	ˈtruːbədɔːR	high	
trough	𐑑𐑮𐑪𐑔	trɒθ	𐑑𐑮𐑪𐑓	trɒf	high	
trough	𐑑𐑮𐑷𐑔	trɔːθ	𐑑𐑮𐑪𐑓	trɒf	high	
trousseau	𐑑𐑮𐑫𐑕𐑴	ˈtruˌsoʊ	𐑑𐑮𐑵𐑕𐑴	ˈtruːsəʊ	high	
truant	𐑑𐑮𐑫𐑩𐑯𐑑	ˈtruənt	𐑑𐑮𐑵𐑩𐑯𐑑	ˈtruːənt	high	
truce	𐑑𐑮𐑫𐑕	trus	𐑑𐑮𐑵𐑕	truːs	high	
trumpeter	𐑑𐑮𐑳𐑥𐑐𐑦𐑑𐑼	ˈtrʌmpɪtəR	𐑑𐑮𐑳𐑥𐑐𐑩𐑑𐑼	ˈtrʌmpItəR	high	
truncheon	𐑑𐑮𐑳𐑯𐑖𐑩𐑯	trʌnʃən	𐑑𐑮𐑳𐑯𐑗𐑩𐑯	ˈtrʌntʃən	high	
trunk	𐑗𐑮𐑳𐑙𐑒	tʃrʌŋk	𐑑𐑮𐑳𐑙𐑒	trʌŋk	high	
trypophobia	𐑑𐑮𐑦𐑐𐑩𐑓𐑴𐑚𐑦𐑩	trɪpəfəʊbiə	𐑑𐑮𐑦𐑐𐑴𐑓𐑴𐑚𐑾	ˌtrɪpəʊˈfəʊbiə	high	
tsar	𐑟𐑸	zɑːR	𐑑𐑕𐑸	tsɑːR	high	
tsetse	𐑑𐑕𐑦𐑑𐑕𐑦	ˈtsitsi	𐑑𐑕𐑧𐑑𐑕𐑦	ˈtsetsi	high	
tsetse	𐑑𐑦𐑑𐑕𐑦	ˈtitsi	𐑑𐑕𐑧𐑑𐑕𐑦	ˈtsetsi	high	
tsetse	𐑑𐑧𐑑𐑕𐑦	ˈtetsi	𐑑𐑕𐑧𐑑𐑕𐑦	ˈtsetsi	high	
tsetse	𐑕𐑦𐑑𐑕𐑦	ˈsitsi	𐑑𐑕𐑧𐑑𐑕𐑦	ˈtsetsi	high	
tsetse	𐑕𐑧𐑑𐑕𐑦	ˈsetsi	𐑑𐑕𐑧𐑑𐑕𐑦	ˈtsetsi	high	
tuba	𐑑𐑫𐑚𐑩	ˈtubə	𐑑𐑵𐑚𐑩, 𐑑𐑿𐑚𐑩	ˈtjuːbə	high	
tuber	𐑑𐑫𐑚𐑼	ˈtubəR	𐑑𐑵𐑚𐑼, 𐑑𐑿𐑚𐑼	ˈtjuːbəR	high	
tubercular	𐑑𐑘𐑫𐑚𐑻𐑒𐑘𐑩𐑤𐑼	tjubɜːRkjələr	𐑑𐑵𐑚𐑻𐑒𐑘𐑩𐑤𐑼, 𐑑𐑿𐑚𐑻𐑒𐑘𐑩𐑤𐑼	tjuːˈbɜːRkjələR	high	
tubercular	𐑑𐑫𐑚𐑻𐑒𐑘𐑩𐑤𐑼	tuˈbɜːRkjələR	𐑑𐑵𐑚𐑻𐑒𐑘𐑩𐑤𐑼, 𐑑𐑿𐑚𐑻𐑒𐑘𐑩𐑤𐑼	tjuːˈbɜːRkjələR	high	
tuberculosis	𐑑𐑫-	tʊ-	𐑑𐑵𐑚𐑻𐑒𐑘𐑩𐑤𐑴𐑕𐑦𐑕, 𐑑𐑿𐑚𐑻𐑒𐑘𐑩𐑤𐑴𐑕𐑦𐑕	tjuːˌbɜːRkjəˈləʊsɪs	medium	r_gap:spelling=1,ipa=0
tuberculosis	𐑑𐑫𐑚𐑼𐑒𐑘𐑩𐑤𐑴𐑕𐑦𐑕	tuˌbəRkjəˈloʊsɪs	𐑑𐑵𐑚𐑻𐑒𐑘𐑩𐑤𐑴𐑕𐑦𐑕, 𐑑𐑿𐑚𐑻𐑒𐑘𐑩𐑤𐑴𐑕𐑦𐑕	tjuːˌbɜːRkjəˈləʊsɪs	high	
tuberculosis	𐑗𐑵𐑚𐑻𐑒𐑘𐑩𐑤𐑴𐑕𐑦𐑕	tʃuːbɜːrkjələʊsɪs	𐑑𐑵𐑚𐑻𐑒𐑘𐑩𐑤𐑴𐑕𐑦𐑕, 𐑑𐑿𐑚𐑻𐑒𐑘𐑩𐑤𐑴𐑕𐑦𐑕	tjuːˌbɜːRkjəˈləʊsɪs	high	
tuberculous	𐑑𐑘𐑫𐑚𐑻𐑒𐑘𐑩𐑤𐑩𐑕	tjubɜːRkjələs	𐑑𐑵𐑚𐑻𐑒𐑘𐑩𐑤𐑩𐑕, 𐑑𐑿𐑚𐑻𐑒𐑘𐑩𐑤𐑩𐑕	tjuːˈbɜːRkjələs	high	
tuberculous	𐑑𐑫𐑚𐑻𐑒𐑘𐑩𐑤𐑩𐑕	tuˈbɜːRkjələs	𐑑𐑵𐑚𐑻𐑒𐑘𐑩𐑤𐑩𐑕, 𐑑𐑿𐑚𐑻𐑒𐑘𐑩𐑤𐑩𐑕	tjuːˈbɜːRkjələs	high	
tubular	-𐑚𐑘𐑫-	-bju-	𐑑𐑵𐑚𐑘𐑩𐑤𐑼, 𐑑𐑿𐑚𐑘𐑩𐑤𐑼	ˈtjuːbjələR	medium	r_gap:spelling=1,ipa=0
tubular	-𐑚𐑘𐑼-	-bjəR-	𐑑𐑵𐑚𐑘𐑩𐑤𐑼, 𐑑𐑿𐑚𐑘𐑩𐑤𐑼	ˈtjuːbjələR	high	
tubular	𐑑𐑘𐑫𐑚𐑘𐑩𐑤𐑼	ˈtjubjələr	𐑑𐑵𐑚𐑘𐑩𐑤𐑼, 𐑑𐑿𐑚𐑘𐑩𐑤𐑼	ˈtjuːbjələR	high	
tubular	𐑗𐑵-	tʃuː-	𐑑𐑵𐑚𐑘𐑩𐑤𐑼, 𐑑𐑿𐑚𐑘𐑩𐑤𐑼	ˈtjuːbjələR	medium	r_gap:spelling=1,ipa=0; shave_says:𐑑𐑿𐑚𐑿𐑤𐑼
tuesday	𐑑𐑘𐑫𐑟𐑛𐑦	ˈtjuzdi	𐑑𐑵𐑟𐑛𐑱, 𐑑𐑿𐑟𐑛𐑱	ˈtjuːzdeɪ	high	
tuesday	𐑑𐑘𐑫𐑟𐑛𐑱	ˈtjuzdeɪ	𐑑𐑵𐑟𐑛𐑱, 𐑑𐑿𐑟𐑛𐑱	ˈtjuːzdeɪ	high	
tuesday	𐑑𐑫𐑟𐑛𐑦	ˈtuzdi	𐑑𐑵𐑟𐑛𐑱, 𐑑𐑿𐑟𐑛𐑱	ˈtjuːzdeɪ	high	
tuesday	𐑑𐑫𐑟𐑛𐑱	ˈtuzdeɪ	𐑑𐑵𐑟𐑛𐑱, 𐑑𐑿𐑟𐑛𐑱	ˈtjuːzdeɪ	high	
tuition	𐑑𐑫𐑦𐑖𐑩𐑯	tuˈɪʃən	𐑑𐑵𐑦𐑖𐑩𐑯, 𐑑𐑿𐑦𐑖𐑩𐑯	tjuːˈɪʃən	high	
tulip	𐑑𐑫𐑤𐑦𐑐	ˈtulɪp	𐑑𐑵𐑤𐑦𐑐, 𐑑𐑿𐑤𐑦𐑐	ˈtjuːlɪp	high	
tulle	𐑑𐑫𐑤	tʊl	𐑑𐑵𐑤, 𐑑𐑿𐑤	tjuːl	high	
tumbleweed	𐑑𐑳𐑥𐑚𐑩𐑤𐑢𐑦𐑛	ˈtʌmbəlˌwid	𐑑𐑳𐑥𐑚𐑩𐑤𐑢𐑰𐑛	ˈtʌmbəlwiːd	high	
tumescent	𐑑𐑘𐑫𐑥𐑧𐑕𐑩𐑯𐑑	tjuˈmesənt	𐑑𐑵𐑥𐑧𐑕𐑩𐑯𐑑, 𐑑𐑿𐑥𐑧𐑕𐑩𐑯𐑑	tjuːˈmesənt	high	
tumescent	𐑑𐑫𐑥𐑧𐑕𐑩𐑯𐑑	tuˈmesənt	𐑑𐑵𐑥𐑧𐑕𐑩𐑯𐑑, 𐑑𐑿𐑥𐑧𐑕𐑩𐑯𐑑	tjuːˈmesənt	high	
tumult	𐑗𐑵𐑥𐑳𐑤𐑑	ˈtʃuːmʌlt	𐑑𐑵𐑥𐑳𐑤𐑑, 𐑑𐑿𐑥𐑳𐑤𐑑	ˈtjuːmʌlt	high	
tumultuous	𐑑𐑘𐑩𐑥𐑳𐑤𐑑𐑘𐑩𐑩𐑕	tjəˈmʌltjəəs	𐑑𐑵𐑥𐑳𐑤𐑗𐑫𐑩𐑕, 𐑑𐑿𐑥𐑳𐑤𐑗𐑫𐑩𐑕	tjuːˈmʌltʃuəs	high	
tumultuous	𐑑𐑘𐑩𐑥𐑳𐑤𐑗𐑫𐑼𐑕	tjəˈmʌltʃʊəs	𐑑𐑵𐑥𐑳𐑤𐑗𐑫𐑩𐑕, 𐑑𐑿𐑥𐑳𐑤𐑗𐑫𐑩𐑕	tjuːˈmʌltʃuəs	medium	ml_disagrees:𐑑𐑘𐑩𐑥𐑳𐑤𐑗𐑫𐑩𐑕; shave_says:𐑑𐑿𐑥𐑳𐑤𐑗𐑵𐑩𐑕
tumultuous	𐑑𐑩-	tə-	𐑑𐑵𐑥𐑳𐑤𐑗𐑫𐑩𐑕, 𐑑𐑿𐑥𐑳𐑤𐑗𐑫𐑩𐑕	tjuːˈmʌltʃuəs	high	
tumultuous	𐑑𐑫𐑥𐑳𐑤𐑗𐑫𐑩𐑕	tuˈmʌltʃuəs	𐑑𐑵𐑥𐑳𐑤𐑗𐑫𐑩𐑕, 𐑑𐑿𐑥𐑳𐑤𐑗𐑫𐑩𐑕	tjuːˈmʌltʃuəs	high	
tumultuous	𐑗𐑫𐑥𐑳𐑤𐑗𐑫𐑼𐑕	tʃʊˈmʌltʃʊəs	𐑑𐑵𐑥𐑳𐑤𐑗𐑫𐑩𐑕, 𐑑𐑿𐑥𐑳𐑤𐑗𐑫𐑩𐑕	tjuːˈmʌltʃuəs	medium	ml_disagrees:𐑗𐑫𐑥𐑳𐑤𐑗𐑫𐑩𐑕; shave_says:𐑑𐑿𐑥𐑳𐑤𐑗𐑵𐑩𐑕
tun	𐑑𐑫𐑯	tʊn	𐑑𐑳𐑯	tʌn	high	
tuna	𐑑𐑘𐑫𐑯𐑩	ˈtjunə	𐑑𐑵𐑯𐑩, 𐑑𐑿𐑯𐑩	ˈtjuːnə	high	
tuna	𐑑𐑫𐑯𐑩	ˈtunə	𐑑𐑵𐑯𐑩, 𐑑𐑿𐑯𐑩	ˈtjuːnə	high	
tuner	𐑗𐑵𐑯𐑼	tʃuːnəR	𐑑𐑵𐑯𐑼, 𐑑𐑿𐑯𐑼	ˈtjuːnəR	high	
tunis	𐑑𐑵𐑯𐑩𐑕	ˈtuːnəs	𐑑𐑵𐑯𐑦𐑕, 𐑑𐑿𐑯𐑦𐑕	ˈtjuːnɪs	high	
tunisia	𐑑𐑫𐑯𐑦𐑠𐑩	tuˈniʒə	𐑑𐑵𐑯𐑦𐑟𐑾, 𐑑𐑿𐑯𐑦𐑟𐑾	tjuːˈnɪzɪə	high	
tunisia	𐑑𐑿𐑯𐑦𐑟𐑦𐑩	tjuːˈnɪziə	𐑑𐑵𐑯𐑦𐑟𐑾, 𐑑𐑿𐑯𐑦𐑟𐑾	tjuːˈnɪzɪə	high	
tunisian	𐑑𐑵𐑯𐑦𐑟𐑦𐑩𐑯	tuːˈnɪziən	𐑑𐑵𐑯𐑦𐑟𐑾𐑯, 𐑑𐑿𐑯𐑦𐑟𐑾𐑯	tjuːˈnɪzɪən	high	
tunisian	𐑑𐑵𐑯𐑦𐑠𐑩𐑯	tuːˈnɪʒən	𐑑𐑵𐑯𐑦𐑟𐑾𐑯, 𐑑𐑿𐑯𐑦𐑟𐑾𐑯	tjuːˈnɪzɪən	high	
tunisian	𐑑𐑿𐑯𐑦𐑟𐑦𐑩𐑯	tjuːˈnɪziən	𐑑𐑵𐑯𐑦𐑟𐑾𐑯, 𐑑𐑿𐑯𐑦𐑟𐑾𐑯	tjuːˈnɪzɪən	high	
tuplet	𐑑𐑘𐑩𐑐𐑤𐑦𐑑	tjəplɪt	𐑑𐑵𐑐𐑤𐑩𐑑, 𐑑𐑿𐑐𐑤𐑩𐑑	ˈtjuːplət	high	
tuplet	𐑑𐑘𐑩𐑐𐑤𐑩𐑑	tjəplət	𐑑𐑵𐑐𐑤𐑩𐑑, 𐑑𐑿𐑐𐑤𐑩𐑑	ˈtjuːplət	high	
tuplet	𐑑𐑿𐑐𐑤𐑦𐑑	tjuːplɪt	𐑑𐑵𐑐𐑤𐑩𐑑, 𐑑𐑿𐑐𐑤𐑩𐑑	ˈtjuːplət	high	
tuppenny	𐑑𐑳𐑐𐑯𐑦	ˈtʌpni	𐑑𐑳𐑐𐑩𐑯𐑦	ˈtʌpəni	high	
turbine	𐑑𐑻𐑚𐑦𐑯	tɜːRbɪn	𐑑𐑻𐑚𐑲𐑯	ˈtɜːRbaɪn	high	
tureen	𐑑𐑘𐑫𐑮𐑦𐑯	tjuˈrin	𐑑𐑘𐑫𐑼𐑰𐑯	tjʊəˈriːn	high	
tureen	𐑑𐑼𐑦𐑯	təˈrin	𐑑𐑘𐑫𐑼𐑰𐑯	tjʊəˈriːn	high	
tureen	𐑑𐑼𐑰𐑯	təriːn	𐑑𐑘𐑫𐑼𐑰𐑯	tjʊəˈriːn	high	
tureen	𐑗𐑫𐑮𐑰𐑯	tʃʊriːn	𐑑𐑘𐑫𐑼𐑰𐑯	tjʊəˈriːn	high	
tureen	𐑗𐑼𐑰𐑯	tʃəriːn	𐑑𐑘𐑫𐑼𐑰𐑯	tjʊəˈriːn	high	
turfs	𐑑𐑻𐑝𐑟	tɜːrvz	𐑑𐑻𐑓𐑕	tɜːRfs	high	
turgid	𐑑𐑻𐑡𐑩𐑛	tɜːRdʒƏd	𐑑𐑻𐑡𐑦𐑛	ˈtɜːRdʒɪd	high	
turgid	𐑑𐑼𐑡𐑩𐑛	ˈtəRdʒƏd	𐑑𐑻𐑡𐑦𐑛	ˈtɜːRdʒɪd	high	
turin	𐑑𐑘𐑩𐑼𐑦𐑯	tjəərɪn	𐑑𐑘𐑫𐑼𐑦𐑯	tjʊəˈrɪn	high	
turin	𐑑𐑼𐑦𐑯	təˈrɪn	𐑑𐑘𐑫𐑼𐑦𐑯	tjʊəˈrɪn	high	
turing	𐑑𐑘𐑩𐑼𐑦𐑙	tjəərɪŋ	𐑑𐑫𐑼𐑦𐑙	ˈtʊərɪŋ	high	
turing	𐑑𐑘𐑹𐑦𐑙	tjɔːrɪŋ	𐑑𐑫𐑼𐑦𐑙	ˈtʊərɪŋ	high	
turing	𐑑𐑫𐑮𐑦𐑙	ˈtʊrɪŋ	𐑑𐑫𐑼𐑦𐑙	ˈtʊərɪŋ	high	
turing	𐑑𐑻𐑦𐑙	ˈtɜːRɪŋ	𐑑𐑫𐑼𐑦𐑙	ˈtʊərɪŋ	high	
turkish	𐑑𐑼𐑒𐑦𐑖	ˈtəRkɪʃ	𐑑𐑻𐑒𐑦𐑖	ˈtɜːRkɪʃ	high	
turmeric	𐑑𐑵𐑥𐑼𐑦𐑒	ˈtuːmərɪk	𐑑𐑻𐑥𐑼𐑦𐑒	ˈtɜːRmərɪk	medium	r_gap:spelling=2,ipa=1
turmeric	𐑑𐑿𐑥𐑼𐑦𐑒	tjuːmərɪk	𐑑𐑻𐑥𐑼𐑦𐑒	ˈtɜːRmərɪk	medium	r_gap:spelling=2,ipa=1; shave_says:𐑑𐑻𐑥𐑼𐑦𐑒
turmeric	𐑗𐑵𐑥𐑼𐑦𐑒	tʃuːmərɪk	𐑑𐑻𐑥𐑼𐑦𐑒	ˈtɜːRmərɪk	medium	r_gap:spelling=2,ipa=1; shave_says:𐑑𐑻𐑥𐑼𐑦𐑒
turnip	𐑑𐑻𐑯𐑩𐑐	ˈtɜːRnəp	𐑑𐑻𐑯𐑦𐑐	ˈtɜːRnɪp	high	
turquoise	𐑑𐑻𐑒𐑢𐑭𐑟	tɜːrkwɑːz	𐑑𐑻𐑒𐑢𐑶𐑟	ˈtɜːRkwɔɪz	high	
turquoise	𐑑𐑻𐑒𐑢𐑶𐑕	tɜːrkwɔɪs	𐑑𐑻𐑒𐑢𐑶𐑟	ˈtɜːRkwɔɪz	high	
turret	𐑑𐑻𐑦𐑑	ˈtɜːRɪt	𐑑𐑳𐑮𐑩𐑑	ˈtʌrIt	medium	r_gap:spelling=2,ipa=1
tutelary	𐑑𐑫𐑑𐑦𐑤𐑧𐑮𐑦	ˈtutɪlerɪ	𐑑𐑵𐑑𐑦𐑤𐑼𐑦, 𐑑𐑿𐑑𐑦𐑤𐑼𐑦	ˈtjuːtɪləri	high	
tutor	𐑑𐑫𐑑𐑼	ˈtutəR	𐑑𐑵𐑑𐑼, 𐑑𐑿𐑑𐑼	ˈtjuːtəR	high	
tutorial	𐑑𐑫𐑑𐑹𐑦𐑩𐑤	tuˈtɔːRiəl	𐑑𐑵𐑑𐑹𐑾𐑤, 𐑑𐑿𐑑𐑹𐑾𐑤	tjuːˈtɔːrɪəl	high	
tutti-frutti	𐑑𐑫𐑑𐑦𐑓𐑮𐑫𐑑𐑦	ˌtutiˈfruti	𐑑𐑵𐑑𐑦-𐑓𐑮𐑵𐑑𐑦	ˌtuːti-ˈfruːti	high	
tutti-frutti	𐑑𐑵𐑑𐑦𐑓𐑮𐑵𐑑𐑦	tuːtɪfruːtɪ	𐑑𐑵𐑑𐑦-𐑓𐑮𐑵𐑑𐑦	ˌtuːti-ˈfruːti	high	
tutu	𐑑𐑫𐑑𐑫	ˈtutu	𐑑𐑵𐑑𐑵	ˈtuːtuː	high	
tuxedo	𐑑𐑳𐑒𐑕𐑦𐑛𐑴	tʌkˈsidoʊ	𐑑𐑳𐑒𐑕𐑰𐑛𐑴	tʌkˈsiːdəʊ	high	
tv	𐑑𐑦𐑝𐑦	tivi	𐑑𐑰𐑝𐑰	ˌtiːˈviː	high	
tv	𐑑𐑦𐑝𐑰	tiviː	𐑑𐑰𐑝𐑰	ˌtiːˈviː	high	
tweet	𐑑𐑢𐑦𐑑	ˈtwit	𐑑𐑢𐑰𐑑	twiːt	high	
tweeter	𐑑𐑢𐑦𐑑𐑼	ˈtwitəR	𐑑𐑢𐑰𐑑𐑼	ˈtwiːtəR	high	
tweezers	𐑑𐑢𐑦𐑟𐑼𐑟	ˈtwizərz	𐑑𐑢𐑰𐑟𐑼𐑟	ˈtwiːzəRz	high	
twentieth	-𐑦𐑔	-ɪθ	𐑑𐑢𐑧𐑯𐑑𐑾𐑔	ˈtwentɪəθ	high	
twentieth	𐑑𐑢𐑧𐑯𐑑𐑦𐑩𐑔	ˈtwentiəθ	𐑑𐑢𐑧𐑯𐑑𐑾𐑔	ˈtwentɪəθ	high	
twentieth	𐑑𐑢𐑧𐑯𐑦𐑩𐑔	ˈtweniəθ	𐑑𐑢𐑧𐑯𐑑𐑾𐑔	ˈtwentɪəθ	high	
twenty	𐑑𐑢𐑧𐑯𐑦	ˈtweni	𐑑𐑢𐑧𐑯𐑑𐑦	ˈtwenti	high	
two	𐑑𐑫	tu	𐑑𐑵	tuː	high	
twofold	𐑑𐑫𐑓𐑴𐑤𐑛	ˈtufoʊld	𐑑𐑵𐑓𐑴𐑤𐑛	ˈtuːfəʊld	high	
twopence	𐑑𐑵𐑐𐑩𐑯𐑕	ˈtuːpəns	𐑑𐑳𐑐𐑩𐑯𐑕	ˈtʌpəns	high	
twos	𐑑𐑫𐑟	tuz	𐑑𐑵𐑟	tuːz	high	
typhoon	𐑑𐑲𐑓𐑫𐑯	taɪˈfun	𐑑𐑲𐑓𐑵𐑯	taɪˈfuːn	high	
tyrannical	𐑑𐑦𐑮𐑨𐑯𐑩𐑒𐑩𐑤	tiˈrænəkəl	𐑑𐑦𐑮𐑨𐑯𐑦𐑒𐑩𐑤	tɪˈrænɪkəl	high	
tyrannical	𐑑𐑼𐑨𐑯𐑩𐑒𐑩𐑤	təˈrænəkəl	𐑑𐑦𐑮𐑨𐑯𐑦𐑒𐑩𐑤	tɪˈrænɪkəl	high	
tyranny	𐑑𐑽𐑩𐑯𐑦	ˈtɪərəni	𐑑𐑦𐑮𐑩𐑯𐑦	ˈtɪrəni	high	
tyrone	𐑑𐑲𐑮𐑴𐑯	taɪˈroʊn	𐑑𐑦𐑮𐑴𐑯	tɪˈrəʊn	high	
u	𐑫	ʊ	𐑿	juː	high	
u	𐑳	ʌ	𐑿	juː	high	
u	𐑵	uː	𐑿	juː	high	
ubiquitous	𐑘𐑫𐑚𐑦𐑒𐑢𐑦𐑑𐑩𐑕	juˈbɪkwɪtəs	𐑿𐑚𐑦𐑒𐑢𐑦𐑑𐑩𐑕	juːˈbɪkwɪtəs	high	
ubiquitous	𐑘𐑫𐑚𐑦𐑒𐑢𐑩𐑑𐑩𐑕	juˈbɪkwətəs	𐑿𐑚𐑦𐑒𐑢𐑦𐑑𐑩𐑕	juːˈbɪkwɪtəs	high	
ubiquitous	𐑿𐑚𐑦𐑒𐑢𐑩𐑑𐑩𐑕	juːˈbɪkwətəs	𐑿𐑚𐑦𐑒𐑢𐑦𐑑𐑩𐑕	juːˈbɪkwɪtəs	high	
ubiquity	𐑘𐑫𐑚𐑦𐑒𐑢𐑦𐑑𐑦	juˈbɪkwɪti	𐑿𐑚𐑦𐑒𐑢𐑦𐑑𐑦	juːˈbɪkwɪti	high	
ubiquity	𐑘𐑫𐑚𐑦𐑒𐑢𐑩𐑑𐑦	juˈbɪkwəti	𐑿𐑚𐑦𐑒𐑢𐑦𐑑𐑦	juːˈbɪkwɪti	high	
ufo	𐑘𐑫𐑓𐑴	ˈjufoʊ	𐑿𐑧𐑓𐑴	ˌjuːˌeˈfəʊ	high	
ufo	𐑘𐑫𐑧𐑓𐑴	ˌjuˌefˈoʊ	𐑿𐑧𐑓𐑴	ˌjuːˌeˈfəʊ	high	
ufo	𐑳𐑓𐑴	ˈʌfoʊ	𐑿𐑧𐑓𐑴	ˌjuːˌeˈfəʊ	high	
ufo	𐑿𐑓𐑴	ˈjuːfəʊ	𐑿𐑧𐑓𐑴	ˌjuːˌeˈfəʊ	high	
uganda	𐑘𐑫𐑜𐑨𐑯𐑛𐑩	juˈɡændə	𐑿𐑜𐑨𐑯𐑛𐑩	juːˈɡændə	high	
uganda	𐑘𐑫𐑜𐑪𐑯𐑛𐑩	juˈɡɒndə	𐑿𐑜𐑨𐑯𐑛𐑩	juːˈɡændə	high	
ugandan	𐑘𐑩-	jə-	𐑿𐑜𐑨𐑯𐑛𐑩𐑯	juːˈɡændən	high	
ugandan	𐑘𐑫𐑜𐑨𐑯𐑛𐑩𐑯	juˈɡændən	𐑿𐑜𐑨𐑯𐑛𐑩𐑯	juːˈɡændən	high	
ukraine	𐑫𐑒𐑮𐑱𐑯	ʊˈkreɪn	𐑿𐑒𐑮𐑱𐑯	juːˈkreɪn	high	
ukrainian	𐑘𐑩-	jə-	𐑿𐑒𐑮𐑱𐑯𐑾𐑯	juːˈkreɪniən	medium	r_gap:spelling=1,ipa=0; shave_says:𐑿𐑒𐑮𐑱𐑯𐑾𐑯
ukrainian	𐑘𐑫𐑒𐑮𐑱𐑯𐑦𐑩𐑯	juˈkreɪniən	𐑿𐑒𐑮𐑱𐑯𐑾𐑯	juːˈkreɪniən	high	
ulster	𐑫𐑤𐑕𐑑𐑼	ˈʊlstəR	𐑳𐑤𐑕𐑑𐑼	ˈʌlstər	high	
ulterior	𐑳𐑤𐑑𐑽𐑦𐑼	ʌlˈtɪəRiəR	𐑳𐑤𐑑𐑽𐑽	ʌlˈtɪərɪəR	high	
ultimately	𐑳𐑤𐑑𐑦𐑥𐑦𐑑𐑤𐑦	ˈʌltɪmɪtlɪ	𐑳𐑤𐑑𐑦𐑥𐑩𐑑𐑤𐑦	ˈʌltɪmətli	high	
ultimately	𐑳𐑤𐑑𐑩𐑥𐑩𐑑𐑤𐑦	ˈʌltəmətli	𐑳𐑤𐑑𐑦𐑥𐑩𐑑𐑤𐑦	ˈʌltɪmətli	high	
ultramarine	𐑩𐑤𐑑𐑮𐑩𐑥𐑼𐑦𐑯	ˌəltrəməˈrin	𐑳𐑤𐑑𐑮𐑩𐑥𐑼𐑰𐑯	ˌʌltrəməˈriːn	high	
ululation	𐑘𐑫𐑤𐑘𐑫𐑤𐑱𐑖𐑩𐑯	ˌjuljuˈleɪʃən	𐑿𐑤𐑘𐑩𐑤𐑱𐑖𐑩𐑯	ˌjuːljəˈleɪʃən	high	
ululation	𐑳𐑤𐑘𐑩-	ʌljə-	𐑿𐑤𐑘𐑩𐑤𐑱𐑖𐑩𐑯	ˌjuːljəˈleɪʃən	high	
umbilical	𐑳𐑥𐑚𐑦𐑤𐑲𐑒𐑩𐑤	ʌmbɪˈlaɪkəl	𐑳𐑥𐑚𐑦𐑤𐑦𐑒𐑩𐑤	ʌmˈbɪlɪkəl	high	
umlaut	𐑳𐑥𐑤𐑬𐑑	ˈʌmlaʊt	𐑫𐑥𐑤𐑬𐑑	ˈʊmlaʊt	high	
umpire	𐑳𐑥𐑐𐑲𐑮	ˈʌmpaɪr	𐑳𐑥𐑐𐑲𐑼	ˈʌmpaɪəR	high	
unacceptable	𐑳𐑯𐑨𐑒𐑕𐑧𐑐𐑑𐑩𐑚𐑤	ˌʌnækˈseptəbl	𐑳𐑯𐑩𐑒𐑕𐑧𐑐𐑑𐑩𐑚𐑩𐑤	ˌʌnəkˈseptəbəl	high	
unacceptable	𐑳𐑯𐑨𐑒𐑕𐑧𐑐𐑑𐑩𐑚𐑩𐑤	ˌʌnækˈseptəbəl	𐑳𐑯𐑩𐑒𐑕𐑧𐑐𐑑𐑩𐑚𐑩𐑤	ˌʌnəkˈseptəbəl	high	
unacceptable	𐑳𐑯𐑩𐑒𐑕𐑧𐑐𐑑𐑩𐑚𐑤	ˌʌnəkˈseptəbl	𐑳𐑯𐑩𐑒𐑕𐑧𐑐𐑑𐑩𐑚𐑩𐑤	ˌʌnəkˈseptəbəl	high	
unadorned	𐑩𐑯𐑳𐑛𐑹𐑯𐑛	əˌnʌˈdɔːrnd	𐑳𐑯𐑩𐑛𐑹𐑯𐑛	ˌʌnəˈdɔːRnd	high	
unalterably	𐑳𐑯𐑪𐑤𐑑𐑼𐑩𐑚𐑤𐑦	ʌnˈɒltərəbli	𐑳𐑯𐑷𐑤𐑑𐑼𐑩𐑚𐑤𐑦	ʌnˈɔːltərəbli	high	
unanimous	𐑘𐑫𐑯𐑨𐑯𐑦𐑥𐑩𐑕	juˈnænɪməs	𐑿𐑯𐑨𐑯𐑦𐑥𐑩𐑕	juːˈnænɪməs	high	
unanimous	𐑘𐑫𐑯𐑨𐑯𐑩𐑥𐑩𐑕	juˈnænəməs	𐑿𐑯𐑨𐑯𐑦𐑥𐑩𐑕	juːˈnænɪməs	high	
unanimous	𐑩𐑯𐑨𐑯𐑦𐑥𐑩𐑕	əˈnænɪməs	𐑿𐑯𐑨𐑯𐑦𐑥𐑩𐑕	juːˈnænɪməs	high	
uncalled-for	𐑳𐑯𐑒𐑷𐑤𐑛𐑓𐑪𐑮	ʌnˈkɔːldfor	𐑳𐑯𐑒𐑷𐑤𐑛-𐑓	ʌnˈkɔːld-F	high	
uncertainly	-𐑤𐑦	-lɪ	𐑳𐑯𐑕𐑻𐑑𐑩𐑯𐑤𐑦	ʌnˈsɜːRtənli	medium	r_gap:spelling=1,ipa=0; shave_says:𐑳𐑯𐑕𐑻𐑑𐑩𐑯𐑤𐑦
uncharacteristically	𐑳𐑯𐑒𐑧𐑮𐑩𐑒𐑑𐑼𐑦𐑕𐑑𐑦𐑒𐑩𐑤𐑦	ʌnˌkerəktəˈrɪstɪkəli	𐑳𐑯𐑒𐑨𐑮𐑩𐑒𐑑𐑼𐑦𐑕𐑑𐑦𐑒𐑤𐑦	ˌʌnkærəktəˈrɪstɪkli	high	
unchristian	𐑳𐑯𐑒𐑮𐑦𐑕𐑑𐑾𐑯	ʌnkrɪstɪən	𐑳𐑯𐑒𐑮𐑦𐑕𐑗𐑩𐑯	ˌʌnˈkrɪstʃən	high	
unco-ordinated	𐑩𐑯𐑒𐑴𐑹𐑛𐑦𐑯𐑱𐑑𐑩𐑛	ənkəʊɔːRdɪneɪtƏd	𐑳𐑯𐑒𐑴-𐑹𐑛𐑦𐑯𐑱𐑑𐑩𐑛	ˌʌnkəʊ-ˈɔːRdɪneɪtƏd	high	
uncomfortable	𐑳𐑯𐑒𐑳𐑥𐑓𐑑𐑩𐑚𐑩𐑤	ʌnkʌmftəbəl	𐑳𐑯𐑒𐑳𐑥𐑓𐑼𐑑𐑩𐑚𐑩𐑤	ʌnˈkʌmfəRtəbəl	medium	r_gap:spelling=1,ipa=0; shave_says:𐑳𐑯𐑒𐑳𐑥𐑓𐑼𐑑𐑩𐑚𐑩𐑤
uncomfortable	𐑳𐑯𐑒𐑳𐑥𐑓𐑑𐑼𐑚𐑩𐑤	ʌnˈkʌmftəRbəl	𐑳𐑯𐑒𐑳𐑥𐑓𐑼𐑑𐑩𐑚𐑩𐑤	ʌnˈkʌmfəRtəbəl	high	
uncomfortable	𐑳𐑯𐑒𐑳𐑥𐑓𐑩𐑑𐑩𐑚𐑩𐑤	ʌnkʌmfətəbəl	𐑳𐑯𐑒𐑳𐑥𐑓𐑼𐑑𐑩𐑚𐑩𐑤	ʌnˈkʌmfəRtəbəl	medium	r_gap:spelling=1,ipa=0; shave_says:𐑳𐑯𐑒𐑳𐑥𐑓𐑼𐑑𐑩𐑚𐑩𐑤
unconscionable	𐑩𐑯𐑒𐑪𐑯𐑗𐑩𐑯𐑩𐑚𐑩𐑤	ˌənˈkɒntʃənəbəl	𐑳𐑯𐑒𐑪𐑯𐑖𐑩𐑯𐑩𐑚𐑩𐑤	ʌnˈkɒnʃənəbəl	high	
unconscionable	𐑳𐑯𐑒𐑪𐑯𐑖𐑩𐑯𐑚𐑩𐑤	ʌnˈkɒnʃənbəl	𐑳𐑯𐑒𐑪𐑯𐑖𐑩𐑯𐑩𐑚𐑩𐑤	ʌnˈkɒnʃənəbəl	high	
unconventionality	𐑳𐑙-	ˌʌŋ-	𐑳𐑯𐑒𐑩𐑯𐑝𐑧𐑯𐑖𐑩𐑯𐑨𐑤𐑦𐑑𐑦	ˌʌnkənˌvenʃəˈnælɪti	high	
unconventionality	𐑳𐑯𐑒𐑩𐑯𐑝𐑧𐑯𐑗𐑩𐑯𐑨𐑤𐑦𐑑𐑦	ˌʌnkənˌventʃəˈnalɪti	𐑳𐑯𐑒𐑩𐑯𐑝𐑧𐑯𐑖𐑩𐑯𐑨𐑤𐑦𐑑𐑦	ˌʌnkənˌvenʃəˈnælɪti	high	
unconventionality	𐑳𐑯𐑒𐑩𐑯𐑝𐑧𐑯𐑗𐑩𐑯𐑨𐑤𐑩𐑑𐑦	ˌʌnkənˌventʃəˈnaləti	𐑳𐑯𐑒𐑩𐑯𐑝𐑧𐑯𐑖𐑩𐑯𐑨𐑤𐑦𐑑𐑦	ˌʌnkənˌvenʃəˈnælɪti	high	
unctuous	-𐑑𐑘𐑩𐑩𐑕	-tjəəs	𐑳𐑙𐑒𐑗𐑫𐑩𐑕	ˈʌŋktʃuəs	high	
unctuous	𐑳𐑙𐑒𐑗𐑩𐑕	ˈʌŋktʃəs	𐑳𐑙𐑒𐑗𐑫𐑩𐑕	ˈʌŋktʃuəs	high	
unctuous	𐑳𐑙𐑒𐑗𐑩𐑢𐑩𐑕	ˈʌŋktʃəwəs	𐑳𐑙𐑒𐑗𐑫𐑩𐑕	ˈʌŋktʃuəs	high	
unctuous	𐑳𐑙𐑒𐑗𐑫𐑼𐑕	ˈʌŋktʃʊəs	𐑳𐑙𐑒𐑗𐑫𐑩𐑕	ˈʌŋktʃuəs	medium	ml_disagrees:𐑳𐑙𐑒𐑗𐑫𐑩𐑕; shave_says:𐑳𐑙𐑒𐑑𐑵𐑩𐑕
under	𐑳𐑯𐑑𐑼	ˈʌntəR	𐑳𐑯𐑛𐑼	ˈʌndəR	high	
underbelly	𐑳𐑯𐑛𐑩𐑚𐑧𐑤𐑦	ʌndəbeli	𐑳𐑯𐑛𐑼𐑚𐑧𐑤𐑦	ˈʌndəRbeli	medium	r_gap:spelling=1,ipa=0; shave_says:𐑳𐑯𐑛𐑼𐑚𐑧𐑤𐑦
undercarriage	𐑳𐑯𐑛𐑩𐑒𐑨𐑮𐑦𐑡	ʌndəkærɪdʒ	𐑳𐑯𐑛𐑼𐑒𐑨𐑮𐑦𐑡	ˈʌndəRkærɪdʒ	medium	r_gap:spelling=3,ipa=1; shave_says:𐑳𐑯𐑛𐑼𐑒𐑨𐑮𐑦𐑡
undercarriage	𐑳𐑯𐑛𐑼𐑒𐑧𐑮𐑦𐑡	ˈʌndəRˌkerɪdʒ	𐑳𐑯𐑛𐑼𐑒𐑨𐑮𐑦𐑡	ˈʌndəRkærɪdʒ	medium	r_gap:spelling=3,ipa=2
undercurrent	𐑳𐑯𐑛𐑩𐑒𐑳𐑮𐑩𐑯𐑑	ʌndəkʌrənt	𐑳𐑯𐑛𐑼𐑒𐑳𐑮𐑩𐑯𐑑	ˈʌndəRkʌrənt	medium	r_gap:spelling=3,ipa=1; shave_says:𐑳𐑯𐑛𐑼𐑒𐑳𐑮𐑩𐑯𐑑
underdog	𐑳𐑯𐑛𐑩𐑛𐑪𐑜	ʌndədɒɡ	𐑳𐑯𐑛𐑼𐑛𐑪𐑜	ˈʌndəRdɒɡ	medium	r_gap:spelling=1,ipa=0; shave_says:𐑳𐑯𐑛𐑼𐑛𐑪𐑜
underdog	𐑳𐑯𐑛𐑼𐑛𐑷𐑜	ˈʌndəRˌdɔːɡ	𐑳𐑯𐑛𐑼𐑛𐑪𐑜	ˈʌndəRdɒɡ	high	
underestimate	𐑳𐑯𐑛𐑼𐑧𐑕𐑑𐑦𐑥𐑦𐑑	ʌndəRˈestɪmɪt	𐑳𐑯𐑛𐑼𐑧𐑕𐑑𐑦𐑥𐑩𐑑, 𐑳𐑯𐑛𐑼𐑧𐑕𐑑𐑦𐑥𐑱𐑑	ˌʌndəˈrestɪmət	high	
underfoot	𐑳𐑯𐑛𐑩𐑓𐑫𐑑	ʌndəfʊt	𐑳𐑯𐑛𐑼𐑓𐑫𐑑	ˌʌndəRˈfʊt	medium	r_gap:spelling=1,ipa=0; shave_says:𐑳𐑯𐑛𐑼𐑓𐑫𐑑
undergo	𐑳𐑯𐑛𐑩𐑜𐑴	ʌndəɡəʊ	𐑳𐑯𐑛𐑼𐑜𐑴	ˌʌndəRˈɡəʊ	medium	r_gap:spelling=1,ipa=0; shave_says:𐑳𐑯𐑛𐑼𐑜𐑴
underground	𐑳𐑯𐑛𐑩𐑜𐑮𐑬𐑯𐑛	ʌndəɡraʊnd	𐑳𐑯𐑛𐑼𐑜𐑮𐑬𐑯𐑛	ˈʌndəRɡraʊnd	medium	r_gap:spelling=2,ipa=1; shave_says:𐑳𐑯𐑛𐑼𐑜𐑮𐑬𐑯𐑛
underlie	𐑳𐑯𐑛𐑩𐑤𐑲	ʌndəlaɪ	𐑳𐑯𐑛𐑼𐑤𐑲	ˌʌndəRˈlaɪ	medium	r_gap:spelling=1,ipa=0; shave_says:𐑳𐑯𐑛𐑼𐑤𐑲
underline	𐑳𐑯𐑛𐑩𐑤𐑲𐑯	ʌndəlaɪn	𐑳𐑯𐑛𐑼𐑤𐑲𐑯	ˈʌndəRlaɪn	medium	r_gap:spelling=1,ipa=0; shave_says:𐑳𐑯𐑛𐑼𐑤𐑲𐑯
undermine	𐑳𐑯𐑛𐑩𐑥𐑲𐑯	ʌndəmaɪn	𐑳𐑯𐑛𐑼𐑥𐑲𐑯	ˌʌndəRˈmaɪn	medium	r_gap:spelling=1,ipa=0; shave_says:𐑳𐑯𐑛𐑼𐑥𐑲𐑯
underneath	𐑳𐑯𐑛𐑩𐑯𐑰𐑔	ʌndəniːθ	𐑳𐑯𐑛𐑼𐑯𐑰𐑔	ˌʌndəRˈniːθ	medium	r_gap:spelling=1,ipa=0; shave_says:𐑳𐑯𐑛𐑼𐑯𐑰𐑔
underneath	𐑳𐑯𐑛𐑼𐑯𐑦𐑔	ˌʌndəRˈniθ	𐑳𐑯𐑛𐑼𐑯𐑰𐑔	ˌʌndəRˈniːθ	high	
underneath	𐑳𐑯𐑛𐑼𐑯𐑦𐑞	ˌʌndəRˈnið	𐑳𐑯𐑛𐑼𐑯𐑰𐑔	ˌʌndəRˈniːθ	high	
underpin	𐑳𐑯𐑛𐑩𐑐𐑦𐑯	ʌndəpɪn	𐑳𐑯𐑛𐑼𐑐𐑦𐑯	ˌʌndəRˈpɪn	medium	r_gap:spelling=1,ipa=0; shave_says:𐑳𐑯𐑛𐑼𐑐𐑦𐑯
underrated	𐑳𐑯𐑛𐑼𐑱𐑑𐑩𐑛	ʌndəreɪtƏd	𐑳𐑯𐑛𐑼𐑮𐑱𐑑𐑩𐑛	ˌʌndəRˈreɪtƏd	medium	r_gap:spelling=2,ipa=1; shave_says:𐑳𐑯𐑛𐑼𐑮𐑱𐑑𐑩𐑛
underscore	𐑳𐑯𐑛𐑩𐑕𐑒𐑹	ʌndəskɔːr	𐑳𐑯𐑛𐑼𐑕𐑒𐑹	ˌʌndəRˈskɔːR	medium	r_gap:spelling=2,ipa=1; shave_says:𐑳𐑯𐑛𐑼𐑕𐑒𐑹
underscore	𐑳𐑯𐑛𐑼𐑕𐑒𐑪𐑮	ˈʌndəRˌskor	𐑳𐑯𐑛𐑼𐑕𐑒𐑹	ˌʌndəRˈskɔːR	high	
underside	𐑳𐑯𐑛𐑩𐑕𐑲𐑛	ʌndəsaɪd	𐑳𐑯𐑛𐑼𐑕𐑲𐑛	ˈʌndəRsaɪd	medium	r_gap:spelling=1,ipa=0; shave_says:𐑳𐑯𐑛𐑼𐑕𐑲𐑛
understand	𐑳𐑯𐑛𐑩𐑕𐑑𐑨𐑯𐑛	ʌndəstænd	𐑳𐑯𐑛𐑼𐑕𐑑𐑨𐑯𐑛	ˌʌndəRˈstænd	medium	r_gap:spelling=1,ipa=0; shave_says:𐑳𐑯𐑛𐑼𐑕𐑑𐑨𐑯𐑛
understanding	𐑳𐑯𐑛𐑩𐑕𐑑𐑨𐑯𐑛𐑦𐑙	ʌndəstandɪŋ	𐑳𐑯𐑛𐑼𐑕𐑑𐑨𐑯𐑛𐑦𐑙	ˌʌndəRˈstændɪŋ	medium	r_gap:spelling=1,ipa=0; shave_says:𐑳𐑯𐑛𐑼𐑕𐑑𐑨𐑯𐑛𐑦𐑙
understated	𐑳𐑯𐑛𐑩𐑕𐑑𐑱𐑑𐑩𐑛	ʌndəsteɪtƏd	𐑳𐑯𐑛𐑼𐑕𐑑𐑱𐑑𐑩𐑛	ˌʌndəRˈsteɪtƏd	medium	r_gap:spelling=1,ipa=0; shave_says:𐑳𐑯𐑛𐑼𐑕𐑑𐑱𐑑𐑩𐑛
understatement	𐑳𐑯𐑛𐑩𐑕𐑑𐑱𐑑𐑥𐑩𐑯𐑑	ʌndəsteɪtmənt	𐑳𐑯𐑛𐑼𐑕𐑑𐑱𐑑𐑥𐑩𐑯𐑑	ˈʌndəRsteɪtmənt	medium	r_gap:spelling=1,ipa=0; shave_says:𐑳𐑯𐑛𐑼𐑕𐑑𐑱𐑑𐑥𐑩𐑯𐑑
understood	𐑳𐑯𐑛𐑩𐑕𐑑𐑫𐑛	ʌndəstʊd	𐑳𐑯𐑛𐑼𐑕𐑑𐑫𐑛	ˌʌndəRˈstʊd	medium	r_gap:spelling=1,ipa=0; shave_says:𐑳𐑯𐑛𐑼𐑕𐑑𐑫𐑛
understudy	𐑳𐑯𐑛𐑩𐑕𐑑𐑳𐑛𐑦	ʌndəstʌdi	𐑳𐑯𐑛𐑼𐑕𐑑𐑳𐑛𐑦	ˈʌndəRstʌdi	medium	r_gap:spelling=1,ipa=0; shave_says:𐑳𐑯𐑛𐑼𐑕𐑑𐑳𐑛𐑦
undertake	𐑳𐑯𐑛𐑩𐑑𐑱𐑒	ʌndəteɪk	𐑳𐑯𐑛𐑼𐑑𐑱𐑒	ˌʌndəRˈteɪk	medium	r_gap:spelling=1,ipa=0; shave_says:𐑳𐑯𐑛𐑼𐑑𐑱𐑒
undertook	𐑳𐑯𐑛𐑩𐑑𐑫𐑒	ʌndətʊk	𐑳𐑯𐑛𐑼𐑑𐑫𐑒	ˌʌndəRˈtʊk	medium	r_gap:spelling=1,ipa=0; shave_says:𐑳𐑯𐑛𐑼𐑑𐑫𐑒
underwear	𐑳𐑯𐑛𐑩𐑢𐑺	ʌndəweəR	𐑳𐑯𐑛𐑼𐑢𐑺	ˈʌndəRweəR	medium	r_gap:spelling=2,ipa=1; shave_says:𐑳𐑯𐑛𐑼𐑢𐑺
underwear	𐑳𐑯𐑛𐑼𐑢𐑧𐑮	ˈʌndəRˌwer	𐑳𐑯𐑛𐑼𐑢𐑺	ˈʌndəRweəR	high	
underwear	𐑳𐑯𐑛𐑼𐑢𐑼	ˈʌndəRwəR	𐑳𐑯𐑛𐑼𐑢𐑺	ˈʌndəRweəR	high	
underwent	𐑳𐑯𐑛𐑩𐑢𐑧𐑯𐑑	ʌndəwent	𐑳𐑯𐑛𐑼𐑢𐑧𐑯𐑑	ˌʌndəRˈwent	medium	r_gap:spelling=1,ipa=0; shave_says:𐑳𐑯𐑛𐑼𐑢𐑧𐑯𐑑
underworld	𐑳𐑯𐑛𐑩𐑢𐑻𐑤𐑛	ʌndəwɜːRld	𐑳𐑯𐑛𐑼𐑢𐑻𐑤𐑛	ˈʌndəRwɜːRld	medium	r_gap:spelling=2,ipa=1; shave_says:𐑳𐑯𐑛𐑼𐑢𐑻𐑤𐑛
underworld	𐑳𐑯𐑛𐑼𐑢𐑼𐑤𐑛	ˈʌndəRˌwəRld	𐑳𐑯𐑛𐑼𐑢𐑻𐑤𐑛	ˈʌndəRwɜːRld	high	
uneducated	𐑳𐑯𐑧𐑡𐑫𐑒𐑱𐑑𐑩𐑛	ʌnˈedʒʊkeɪtƏd	𐑳𐑯𐑧𐑡𐑩𐑒𐑱𐑑𐑩𐑛	ʌnˈedʒəkeɪtƏd	high	
unequivocally	𐑳𐑯𐑦𐑒𐑢𐑦𐑝𐑩𐑒𐑩𐑤𐑦	ˌʌnɪˈkwɪvəkəli	𐑳𐑯𐑦𐑒𐑢𐑦𐑝𐑩𐑒𐑤𐑦	ˌʌnɪˈkwɪvəkli	high	
unesco	𐑘𐑫𐑯𐑧𐑕𐑒𐑴	juˈneskoʊ	𐑿𐑯𐑧𐑕𐑒𐑴	juːˈneskəʊ	high	
unfair	𐑳𐑯𐑓𐑻	ʌnfɜːr	𐑳𐑯𐑓𐑺	ˌʌnˈfeəR	high	
unforeseen	𐑳𐑯𐑓𐑹𐑕𐑦𐑯	ˌʌnfɔːRˈsin	𐑳𐑯𐑓𐑹𐑕𐑰𐑯	ˌʌnfɔːRˈsiːn	high	
unfortunate	𐑳𐑯𐑓𐑹𐑗𐑯𐑦𐑑	ʌnˈfɔːRtʃnɪt	𐑳𐑯𐑓𐑹𐑗𐑩𐑯𐑩𐑑	ʌnˈfɔːRtʃənət	high	
unfortunately	𐑳𐑯𐑓𐑹𐑑𐑘𐑩𐑯𐑩𐑑𐑤𐑦	ʌnfɔːRtjənətli	𐑳𐑯𐑓𐑹𐑗𐑩𐑯𐑩𐑑𐑤𐑦	ʌnˈfɔːRtʃənətli	high	
unfortunately	𐑳𐑯𐑓𐑹𐑗𐑩𐑯𐑦𐑑𐑤𐑦	ʌnˈfɔːRtʃənɪtli	𐑳𐑯𐑓𐑹𐑗𐑩𐑯𐑩𐑑𐑤𐑦	ʌnˈfɔːRtʃənətli	high	
unfortunately	𐑳𐑯𐑓𐑹𐑗𐑯𐑦𐑑𐑤𐑦	ʌnˈfɔːRtʃnɪtli	𐑳𐑯𐑓𐑹𐑗𐑩𐑯𐑩𐑑𐑤𐑦	ʌnˈfɔːRtʃənətli	high	
unicef	𐑘𐑫𐑯𐑦𐑕𐑧𐑓	ˈjuniˌsef	𐑿𐑯𐑦𐑕𐑧𐑓	ˈjuːnɪsef	high	
unicode	𐑘𐑫𐑯𐑦𐑒𐑴𐑛	ˈjunɪˌkoʊd	𐑿𐑯𐑦𐑒𐑴𐑛	ˈjuːnɪkəʊd	high	
unicorn	𐑘𐑫𐑯𐑦𐑒𐑹𐑯	ˈjunɪkɔːRn	𐑿𐑯𐑦𐑒𐑹𐑯	ˈjuːnɪkɔːRn	high	
unification	𐑘𐑫𐑯𐑩𐑓𐑩𐑒𐑱𐑖𐑩𐑯	ˌjunəfəˈkeɪʃən	𐑿𐑯𐑦𐑓𐑦𐑒𐑱𐑖𐑩𐑯	ˌjuːnɪfɪˈkeɪʃən	high	
uniform	𐑘𐑫𐑯𐑦𐑓𐑹𐑥	ˈjunɪˌfɔːRm	𐑿𐑯𐑦𐑓𐑹𐑥	ˈjuːnɪfɔːRm	high	
uniform	𐑘𐑫𐑯𐑦𐑓𐑼𐑥	ˈjunɪfəRm	𐑿𐑯𐑦𐑓𐑹𐑥	ˈjuːnɪfɔːRm	high	
uniformity	-𐑑𐑦	-ti	𐑿𐑯𐑦𐑓𐑹𐑥𐑦𐑑𐑦	ˌjuːnɪˈfɔːRmɪti	medium	r_gap:spelling=1,ipa=0
uniformity	𐑘𐑫𐑯𐑦𐑓𐑹𐑥𐑩𐑑𐑦	ˌjunɪˈfɔːRməti	𐑿𐑯𐑦𐑓𐑹𐑥𐑦𐑑𐑦	ˌjuːnɪˈfɔːRmɪti	high	
uniformly	𐑘𐑫𐑯𐑩𐑓𐑹𐑥𐑤𐑦	ˈjunəfɔːRmli	𐑿𐑯𐑦𐑓𐑹𐑥𐑤𐑦	ˈjuːnɪfɔːRmli	high	
uniforms	𐑘𐑫𐑯𐑦𐑓𐑹𐑥𐑕	ˈjunɪfɔːRms	𐑿𐑯𐑦𐑓𐑹𐑥𐑟	ˈjuːnɪfɔːRmz	high	
uniforms	𐑿𐑯𐑦𐑓𐑹𐑥𐑕	juːnɪfɔːRms	𐑿𐑯𐑦𐑓𐑹𐑥𐑟	ˈjuːnɪfɔːRmz	high	
unimaginatively	𐑳𐑯𐑦𐑥𐑨𐑡𐑦𐑯𐑩𐑑𐑦𐑝𐑤𐑦𐑘	ˌʌnɪˈmadʒɪnətɪvlɪj	𐑳𐑯𐑦𐑥𐑨𐑡𐑦𐑯𐑩𐑑𐑦𐑝𐑤𐑦	ˌʌnɪˈmædʒɪnətɪvli	high	
uninspiring	𐑳𐑯𐑦𐑯𐑕𐑐𐑲𐑮𐑦𐑙	ʌnɪnˈspaɪrɪŋ	𐑳𐑯𐑦𐑯𐑕𐑐𐑲𐑼𐑦𐑙	ˌʌnɪnˈspaɪərɪŋ	high	
unintelligent	𐑳𐑯𐑩𐑯𐑑𐑧𐑤𐑩𐑡𐑩𐑯𐑑	ˌʌnənˈtelədʒənt	𐑳𐑯𐑦𐑯𐑑𐑧𐑤𐑦𐑡𐑩𐑯𐑑	ˌʌnɪnˈtelɪdʒənt	high	
unisex	𐑘𐑫𐑯𐑩𐑕𐑧𐑒𐑕	ˈjunəˌseks	𐑿𐑯𐑦𐑕𐑧𐑒𐑕	ˈjuːnɪseks	high	
unitard	𐑘𐑫𐑯𐑦𐑑𐑸𐑛	ˈjunɪˌtɑːRd	𐑿𐑯𐑦𐑑𐑸𐑛	ˈjuːnitɑRd	high	
unitarian	𐑘𐑫𐑯𐑩𐑑𐑧𐑮𐑦𐑩𐑯	ˌjunəˈteriən	𐑿𐑯𐑦𐑑𐑺𐑾𐑯	ˌjuːnɪˈteərɪən	high	
unitarian	𐑿𐑯𐑦𐑑𐑺𐑦𐑩𐑯	juːnɪteəriən	𐑿𐑯𐑦𐑑𐑺𐑾𐑯	ˌjuːnɪˈteərɪən	high	
unite	𐑘𐑩𐑯𐑲𐑑	jəˈnaɪt	𐑿𐑯𐑲𐑑	juːˈnaɪt	high	
unite	𐑘𐑫𐑯𐑲𐑑	juˈnaɪt	𐑿𐑯𐑲𐑑	juːˈnaɪt	high	
united	𐑘𐑩𐑯𐑲𐑑𐑩𐑛	jəˈnaɪtƏd	𐑿𐑯𐑲𐑑𐑩𐑛	juːˈnaɪtƏd	high	
united	𐑘𐑫𐑯𐑲𐑑𐑩𐑛	juˈnaɪtƏd	𐑿𐑯𐑲𐑑𐑩𐑛	juːˈnaɪtƏd	high	
unity	𐑘𐑫𐑯𐑦𐑑𐑦	ˈjunɪti	𐑿𐑯𐑦𐑑𐑦	ˈjuːnɪti	high	
unity	𐑘𐑫𐑯𐑩𐑑𐑦	ˈjunəti	𐑿𐑯𐑦𐑑𐑦	ˈjuːnɪti	high	
unity	𐑿𐑯𐑩𐑑𐑦	ˈjuːnəti	𐑿𐑯𐑦𐑑𐑦	ˈjuːnɪti	high	
univ	𐑘𐑫𐑯𐑦𐑝	ˈjunɪv	𐑿𐑯𐑦𐑝𐑻𐑕𐑦𐑑𐑦	ˌjuːnɪˈvɜːRsɪti	high	
universality	𐑘𐑫𐑯𐑦𐑝𐑻𐑕𐑨𐑤𐑩𐑑𐑦	ˌjunɪvɜːRˈsæləti	𐑿𐑯𐑦𐑝𐑻𐑕𐑨𐑤𐑦𐑑𐑦	ˌjuːnɪvɜːRˈsælɪti	high	
universality	𐑿𐑯𐑦𐑝𐑻𐑕𐑨𐑤𐑩𐑑𐑦	juːnɪvɜːRsæləti	𐑿𐑯𐑦𐑝𐑻𐑕𐑨𐑤𐑦𐑑𐑦	ˌjuːnɪvɜːRˈsælɪti	high	
universally	𐑘𐑫𐑯𐑦𐑝𐑻𐑕𐑩𐑤𐑦	ˌjunɪˈvɜːRsəli	𐑿𐑯𐑦𐑝𐑻𐑕𐑩𐑤𐑦	ˌjuːnɪˈvɜːRsəli	high	
universe	𐑿𐑯𐑩𐑝𐑻𐑕	ˈjuːnəˌvɜːRs	𐑿𐑯𐑦𐑝𐑻𐑕	ˈjuːnɪvɜːRs	high	
universities	𐑘𐑫𐑯𐑦𐑝𐑻𐑕𐑩𐑑𐑦𐑟	junɪˈvɜːRsətiz	𐑿𐑯𐑦𐑝𐑻𐑕𐑦𐑑𐑦𐑟	ˌjuːnɪˈvɜːRsɪtiz	high	
universities	𐑿𐑯𐑦𐑝𐑻𐑕𐑩𐑑𐑦𐑟	juːnɪvɜːRsətiz	𐑿𐑯𐑦𐑝𐑻𐑕𐑦𐑑𐑦𐑟	ˌjuːnɪˈvɜːRsɪtiz	high	
university	𐑘𐑫𐑯𐑦𐑝𐑻𐑕𐑦𐑑𐑦	junɪˈvɜːRsɪti	𐑿𐑯𐑦𐑝𐑻𐑕𐑦𐑑𐑦	ˌjuːnɪˈvɜːRsɪti	high	
university	𐑘𐑫𐑯𐑦𐑝𐑻𐑕𐑩𐑑𐑦	junɪvɜːRsəti	𐑿𐑯𐑦𐑝𐑻𐑕𐑦𐑑𐑦	ˌjuːnɪˈvɜːRsɪti	high	
university	𐑘𐑫𐑯𐑩𐑝𐑼𐑕𐑩𐑛𐑦	ˌjunəˈvərsədi	𐑿𐑯𐑦𐑝𐑻𐑕𐑦𐑑𐑦	ˌjuːnɪˈvɜːRsɪti	high	
unlearned	𐑳𐑯𐑤𐑻𐑯𐑩𐑛	ʌnlɜːRnƏd	𐑳𐑯𐑤𐑻𐑯𐑛	ˌʌnˈlɜːRnd	high	
unless	𐑦𐑯𐑤𐑧𐑕	ɪnˈles	𐑩𐑯𐑤𐑧𐑕	ənˈles	high	
unloose	𐑩𐑯-	ˌən-	𐑳𐑯𐑤𐑵𐑕	ʌnˈluːs	high	
unloose	𐑳𐑯𐑤𐑫𐑕	ˌʌnˈlus	𐑳𐑯𐑤𐑵𐑕	ʌnˈluːs	high	
unmannerly	𐑩𐑯-	ˌən-	𐑳𐑯𐑥𐑨𐑯𐑼𐑤𐑦	ʌnˈmænəRli	medium	r_gap:spelling=1,ipa=0
unmannerly	𐑳𐑯𐑥𐑨𐑯𐑩𐑤𐑦	ʌnmænəli	𐑳𐑯𐑥𐑨𐑯𐑼𐑤𐑦	ʌnˈmænəRli	medium	r_gap:spelling=1,ipa=0; shave_says:𐑳𐑯𐑥𐑨𐑯𐑼𐑤𐑦
unnecessary	𐑳𐑯𐑯𐑧𐑕𐑩𐑕𐑧𐑮𐑦	ʌnnesəserɪ	𐑳𐑯𐑯𐑧𐑕𐑩𐑕𐑼𐑦	ʌnˈnesəsəri	high	
unobtrusive	𐑳𐑯𐑩𐑚𐑑𐑮𐑫𐑕𐑦𐑝	ˌʌnəbˈtrusɪv	𐑳𐑯𐑩𐑚𐑑𐑮𐑵𐑕𐑦𐑝	ˌʌnəbˈtruːsɪv	high	
unprincipled	𐑳𐑯𐑐𐑮𐑦𐑯𐑕𐑦𐑐𐑩𐑤𐑛	ʌnˈprɪnsɪpəld	𐑳𐑯𐑐𐑮𐑦𐑯𐑕𐑩𐑐𐑩𐑤𐑛	ʌnˈprɪnsəpəld	high	
unputdownable	𐑩𐑯𐑐𐑫𐑑𐑛𐑬𐑯𐑩𐑚𐑩𐑤	ˌənˌpʊtˈdaʊnəbəl	𐑳𐑯𐑐𐑫𐑑𐑛𐑬𐑯𐑩𐑚𐑩𐑤	ˌʌnpʊtˈdaʊnəbəl	high	
unrecognizable	𐑳𐑯𐑮𐑧𐑒𐑩𐑯𐑲𐑟𐑩𐑚𐑩𐑤	ʌnˈrekənaɪzəbəl	𐑳𐑯𐑮𐑧𐑒𐑩𐑜𐑯𐑲𐑟𐑩𐑚𐑩𐑤	ʌnˈrekəɡnaɪzəbəl	high	
unreliable	𐑳𐑯𐑮𐑩𐑤𐑲𐑩𐑚𐑩𐑤	ˌʌnrəˈlaɪəbəl	𐑳𐑯𐑮𐑦𐑤𐑲𐑩𐑚𐑩𐑤	ˌʌnrɪˈlaɪəbəl	high	
unseat	𐑳𐑯𐑕𐑦𐑑	ˌʌnˈsit	𐑳𐑯𐑕𐑰𐑑	ˌʌnˈsiːt	high	
unsolved	𐑳𐑯𐑕𐑷𐑤𐑝𐑛	ʌnˈsɔːlvd	𐑳𐑯𐑕𐑪𐑤𐑝𐑛	ʌnˈsɒlvd	high	
until	𐑫𐑯𐑑𐑦𐑤	ʊnˈtɪl	𐑩𐑯𐑑𐑦𐑤	ənˈtɪl	high	
until	𐑳𐑯𐑑𐑦𐑤	ʌnˈtɪl	𐑩𐑯𐑑𐑦𐑤	ənˈtɪl	high	
unto	-𐑑𐑩	-tə	𐑳𐑯𐑑𐑵	ˈʌntuː	high	
unto	-𐑑𐑫	-tʊ	𐑳𐑯𐑑𐑵	ˈʌntuː	high	
unto	-𐑑𐑵	-tuː	𐑳𐑯𐑑𐑵	ˈʌntuː	high	
unto	𐑳𐑯𐑑𐑩	ˈʌntə	𐑳𐑯𐑑𐑵	ˈʌntuː	high	
unto	𐑳𐑯𐑑𐑫	ˈʌntʊ	𐑳𐑯𐑑𐑵	ˈʌntuː	high	
untoward	𐑳𐑯𐑑𐑫𐑢𐑹𐑛	ʌntʊwɔːRd	𐑳𐑯𐑑𐑩𐑢𐑹𐑛	ˌʌntəˈwɔːRd	high	
untoward	𐑳𐑯𐑑𐑹𐑛	ʌnˈtɔːRd	𐑳𐑯𐑑𐑩𐑢𐑹𐑛	ˌʌntəˈwɔːRd	high	
unused	𐑳𐑯𐑘𐑫𐑕𐑑	ʌnˈjust	𐑳𐑯𐑿𐑟𐑛	ʌnˈjuːzd	high	
unused	𐑳𐑯𐑘𐑫𐑟𐑛	ʌnˈjuzd	𐑳𐑯𐑿𐑟𐑛	ʌnˈjuːzd	high	
unused	𐑳𐑯𐑿𐑕𐑑	ʌnˈjuːst	𐑳𐑯𐑿𐑟𐑛	ʌnˈjuːzd	high	
unutterable	𐑳𐑯𐑳𐑑𐑮𐑩𐑚𐑩𐑤	ʌnʌtrəbəl	𐑳𐑯𐑳𐑑𐑼𐑩𐑚𐑩𐑤	ʌnˈʌtərəbəl	high	
unwavering	𐑩𐑯𐑢𐑱𐑝𐑮𐑦𐑙	ˌənˈweɪvrɪŋ	𐑳𐑯𐑢𐑱𐑝𐑼𐑦𐑙	ʌnˈweɪvərɪŋ	high	
unwavering	𐑩𐑯𐑢𐑱𐑝𐑼𐑦𐑙	ˌənˈweɪvərɪŋ	𐑳𐑯𐑢𐑱𐑝𐑼𐑦𐑙	ʌnˈweɪvərɪŋ	high	
unwavering	𐑳𐑯𐑢𐑱𐑝𐑮𐑦𐑙	ʌnweɪvrɪŋ	𐑳𐑯𐑢𐑱𐑝𐑼𐑦𐑙	ʌnˈweɪvərɪŋ	high	
unwholesome	𐑩𐑯𐑣𐑴𐑤𐑕𐑩𐑥	ˌənˈhoʊlsəm	𐑳𐑯𐑣𐑴𐑤𐑕𐑩𐑥	ʌnˈhəʊlsəm	high	
unwieldy	𐑳𐑯𐑢𐑾𐑤𐑛𐑦	ˌʌnˈwɪəldi	𐑳𐑯𐑢𐑰𐑤𐑛𐑦	ʌnˈwiːldi	high	
unwittingly	-𐑑𐑦𐑙-	-tɪŋ-	𐑳𐑯𐑢𐑦𐑑𐑦𐑙𐑤𐑦	ʌnˈwɪtɪŋli	high	
unwittingly	𐑩𐑯-	ˌən-	𐑳𐑯𐑢𐑦𐑑𐑦𐑙𐑤𐑦	ʌnˈwɪtɪŋli	high	
unwonted	𐑳𐑯𐑢𐑪𐑯𐑑𐑩𐑛	ʌnˈwɒntƏd	𐑳𐑯𐑢𐑴𐑯𐑑𐑩𐑛	ʌnˈwəʊntƏd	high	
up to	𐑳𐑐 𐑑𐑩	ˈʌp tə	𐑳𐑐 𐑑	ʌp T	high	
up to	𐑳𐑐 𐑑𐑵	ˈʌp tuː	𐑳𐑐 𐑑	ʌp T	high	
upheaval	𐑳𐑐𐑣𐑦𐑝𐑩𐑤	ʌpˈhivəl	𐑳𐑐𐑣𐑰𐑝𐑩𐑤	ˌʌpˈhiːvəl	high	
upholster	𐑩𐑐𐑪𐑤𐑕𐑑𐑼	əpɒlstər	𐑳𐑐𐑣𐑴𐑤𐑕𐑑𐑼	ˌʌpˈhəʊlstəR	high	
upholster	𐑩𐑐𐑳𐑤𐑕𐑑𐑼	əpʌlstər	𐑳𐑐𐑣𐑴𐑤𐑕𐑑𐑼	ˌʌpˈhəʊlstəR	high	
upkeep	𐑳𐑐𐑒𐑦𐑐	ˈʌpkip	𐑳𐑐𐑒𐑰𐑐	ˈʌpkiːp	high	
upland	𐑩𐑐-	ˈəp-	𐑳𐑐𐑤𐑩𐑯𐑛	ˈʌplənd	high	
uploading	𐑩𐑐𐑤𐑴𐑛𐑦𐑙	əpˈloʊdɪŋ	𐑳𐑐𐑤𐑴𐑛𐑦𐑙	ʌpˈləʊdɪŋ	high	
upon	𐑩𐑐𐑷𐑯	əˈpɔːn	𐑩𐑐𐑪𐑯	əˈpɒn	high	
uppermost	𐑳𐑐𐑩𐑥𐑴𐑕𐑑	ʌpəməʊst	𐑳𐑐𐑼𐑥𐑴𐑕𐑑	ˈʌpəRməʊst	medium	r_gap:spelling=1,ipa=0; shave_says:𐑳𐑐𐑼𐑥𐑴𐑕𐑑
uproarious	𐑳𐑐𐑮𐑹𐑦𐑩𐑕	ˌʌpˈrɔːRiəs	𐑳𐑐𐑮𐑹𐑾𐑕	ʌpˈrɔːrɪəs	high	
uproariously	𐑳𐑐𐑮𐑹𐑦𐑩𐑕𐑤𐑦	ˌʌpˈrɔːRiəsli	𐑳𐑐𐑮𐑹𐑾𐑕𐑤𐑦	ʌpˈrɔːrɪəsli	high	
uproot	𐑳𐑐𐑮𐑫𐑑	ˌʌpˈrut	𐑳𐑐𐑮𐑵𐑑	ˌʌpˈruːt	high	
upstairs	𐑳𐑐𐑕𐑑𐑧𐑮𐑟	ˌʌpˈsterz	𐑳𐑐𐑕𐑑𐑺𐑟	ˌʌpˈsteəRz	high	
uranium	𐑘𐑼𐑱𐑯𐑦𐑩𐑥	jəˈreɪniəm	𐑘𐑫𐑼𐑱𐑯𐑾𐑥	jʊəˈreɪnɪəm	high	
uranus	𐑘𐑫𐑮𐑱𐑯𐑩𐑕	juˈreɪnəs	𐑘𐑫𐑼𐑩𐑯𐑩𐑕	jʊəˈrenəs	high	
uranus	𐑘𐑼𐑱𐑯𐑩𐑕	jəreɪnəs	𐑘𐑫𐑼𐑩𐑯𐑩𐑕	jʊəˈrenəs	high	
urbanity	𐑻𐑚𐑨𐑯𐑩𐑑𐑦	ɜːRˈbænəti	𐑻𐑚𐑨𐑯𐑦𐑑𐑦	ɜːRˈbænɪti	high	
urchin	𐑻𐑗𐑩𐑯	ɜːRtʃən	𐑻𐑗𐑦𐑯	ˈɜːRtʃɪn	high	
urdu	𐑻𐑛𐑵	ɜːRduː	𐑫𐑼𐑛𐑵	ˈʊəRduː	high	
urinal	𐑘𐑫𐑮𐑦𐑯𐑩𐑤	ˈjʊrɪnəl	𐑘𐑫𐑼𐑦𐑯𐑩𐑤	jʊəˈrɪnəl	high	
urinal	𐑘𐑫𐑼𐑲𐑯𐑩𐑤	jəəraɪnəl	𐑘𐑫𐑼𐑦𐑯𐑩𐑤	jʊəˈrɪnəl	high	overridden:was=𐑘𐑩𐑼𐑲𐑯𐑩𐑤; shave+ml_consensus
urinal	𐑘𐑻𐑦𐑯𐑩𐑤	ˈjɜːRɪnəl	𐑘𐑫𐑼𐑦𐑯𐑩𐑤	jʊəˈrɪnəl	high	
urinary	𐑘𐑫𐑮𐑦𐑯𐑧𐑮𐑦	ˈjʊrɪˌneri	𐑘𐑫𐑼𐑦𐑯𐑼𐑦	ˈjʊərɪnəri	high	
urinary	𐑘𐑻𐑮𐑦𐑯𐑧𐑮𐑦	ˈjɜːRrɪˌneri	𐑘𐑫𐑼𐑦𐑯𐑼𐑦	ˈjʊərɪnəri	high	
urinate	𐑘𐑫𐑮𐑦𐑯𐑱𐑑	ˈjʊrɪneɪt	𐑘𐑫𐑼𐑦𐑯𐑱𐑑	ˈjʊərɪneɪt	high	
urine	𐑘𐑩𐑼𐑲𐑯	jəəraɪn	𐑘𐑫𐑼𐑦𐑯	ˈjʊərɪn	medium	ml_disagrees:𐑘𐑫𐑼𐑲𐑯; shave_says:𐑘𐑫𐑼𐑦𐑯
urine	𐑘𐑫𐑮𐑦𐑯	ˈjʊrɪn	𐑘𐑫𐑼𐑦𐑯	ˈjʊərɪn	high	
urine	𐑘𐑻𐑦𐑯	ˈjɜːRɪn	𐑘𐑫𐑼𐑦𐑯	ˈjʊərɪn	high	
ursula	𐑻𐑕𐑩𐑤𐑩	ˈɜːRsələ	𐑻𐑕𐑘𐑩𐑤𐑩	ˈɜːRsjələ	high	
ursula	𐑻𐑖𐑫𐑤𐑩	ɜːRʃʊlə	𐑻𐑕𐑘𐑩𐑤𐑩	ˈɜːRsjələ	high	
uruguay	𐑘𐑫𐑮𐑩𐑜𐑢𐑲	ˈjʊrəɡwaɪ	𐑘𐑫𐑼𐑩𐑜𐑢𐑲	ˈjʊərəɡwaɪ	high	
uruguay	𐑫𐑮𐑩𐑜𐑢𐑱	ʊrəɡweɪ	𐑘𐑫𐑼𐑩𐑜𐑢𐑲	ˈjʊərəɡwaɪ	high	
usa	𐑘𐑫 𐑧𐑕 𐑱	ˌju ˌes ˈeɪ	⸰⁠𐑿𐑕𐑩	ˌjuːˌesˈeɪ	high	
usa	𐑿 𐑧𐑕 𐑱	juː es ˈeɪ	⸰⁠𐑿𐑕𐑩	ˌjuːˌesˈeɪ	high	
use	𐑘𐑦𐑫𐑕	jɪus	𐑿𐑕, 𐑿𐑟	juːs	high	
use	𐑘𐑦𐑫𐑟	jɪuz	𐑿𐑕, 𐑿𐑟	juːs	high	
use	𐑘𐑫𐑕	jus	𐑿𐑕, 𐑿𐑟	juːs	high	
use	𐑘𐑫𐑟	juz	𐑿𐑕, 𐑿𐑟	juːs	high	
used	𐑘𐑫𐑕𐑑	just	𐑿𐑕𐑑, 𐑿𐑟𐑛	juːzd	high	
used	𐑘𐑫𐑟𐑛	juzd	𐑿𐑕𐑑, 𐑿𐑟𐑛	juːzd	high	
useful	𐑘𐑫𐑕𐑓𐑤	ˈjusfl	𐑿𐑕𐑓𐑩𐑤	ˈjuːsfəl	high	
useful	𐑘𐑫𐑕𐑓𐑩𐑤	ˈjusfəl	𐑿𐑕𐑓𐑩𐑤	ˈjuːsfəl	high	
useful	𐑿𐑕𐑓𐑤	ˈjuːsfl	𐑿𐑕𐑓𐑩𐑤	ˈjuːsfəl	high	
user	𐑘𐑫𐑟𐑼	ˈjuzəR	𐑿𐑟𐑼	ˈjuːzəR	high	
uses	𐑘𐑫𐑕𐑩𐑟	ˈjusƏz	𐑿𐑕𐑩𐑟, 𐑿𐑟𐑩𐑟	ˈjuːsƏz	high	
uses	𐑘𐑫𐑟𐑩𐑟	ˈjuzƏz	𐑿𐑕𐑩𐑟, 𐑿𐑟𐑩𐑟	ˈjuːsƏz	high	
using	𐑘𐑫𐑟𐑦𐑙	ˈjuzɪŋ	𐑿𐑟𐑦𐑙	ˈjuːzɪŋ	high	
ussr	𐑘𐑫𐑧𐑕𐑧𐑕𐑸	ˌjuesesˈɑːR	⸰⁠𐑿𐑕𐑕𐑮	ˌjuːˌesˌesˈɑːR	high	
ussr	𐑿𐑧𐑕𐑧𐑕𐑭	juːesesɑː	⸰⁠𐑿𐑕𐑕𐑮	ˌjuːˌesˌesˈɑːR	medium	r_gap:spelling=1,ipa=0; shave_says:·USSR
usual	𐑘𐑫𐑠𐑢𐑩𐑤	ˈjuʒwəl	𐑿𐑠𐑫𐑩𐑤	ˈjuːʒuəl	high	
usual	𐑘𐑫𐑠𐑫𐑩𐑤	ˈjuʒuəl	𐑿𐑠𐑫𐑩𐑤	ˈjuːʒuəl	high	
usual	𐑿𐑠𐑫𐑼𐑤	ˈjuːʒʊəl	𐑿𐑠𐑫𐑩𐑤	ˈjuːʒuəl	medium	ml_disagrees:𐑿𐑠𐑫𐑩𐑤; shave_says:𐑿𐑠𐑵𐑩𐑤
usually	𐑘𐑫𐑠𐑩𐑤𐑦	ˈjuʒəli	𐑿𐑠𐑫𐑩𐑤𐑦	ˈjuːʒuəli	high	
usually	𐑘𐑫𐑠𐑫𐑩𐑤𐑦	ˈjuʒuəli	𐑿𐑠𐑫𐑩𐑤𐑦	ˈjuːʒuəli	high	
usurer	𐑿𐑟𐑘𐑼𐑼	juːzjərəR	𐑿𐑠𐑼𐑼	ˈjuːʒərəR	high	
usurer	𐑿𐑠𐑮𐑼	ˈjuːʒrər	𐑿𐑠𐑼𐑼	ˈjuːʒərəR	high	
usurious	𐑿𐑟𐑿𐑮𐑾𐑕	juːzjuːrɪəs	𐑿𐑠𐑫𐑼𐑾𐑕	juːˈʒʊərɪəs	high	
usurious	𐑿𐑠𐑵𐑮𐑾𐑕	juːʒuːrɪəs	𐑿𐑠𐑫𐑼𐑾𐑕	juːˈʒʊərɪəs	high	
usurp	𐑘𐑫𐑕𐑻𐑐	juˈsɜːRp	𐑿𐑟𐑻𐑐	juːˈzɜːRp	high	
usurper	𐑘𐑫𐑟𐑻𐑐𐑼	juzɜːRpəR	𐑿𐑟𐑻𐑐𐑼	juːˈzɜːRpəR	high	
ut	𐑫𐑑	ʊt	𐑿𐑑.	ˈjuːtɑː	high	
ut	𐑳𐑑	ʌt	𐑿𐑑.	ˈjuːtɑː	high	
utilitarian	𐑿𐑑𐑦𐑤𐑦𐑑𐑺𐑦𐑩𐑯	juːtɪlɪteəriən	𐑿𐑑𐑦𐑤𐑦𐑑𐑺𐑾𐑯	juːˌtɪlɪˈteərɪən	high	
utility	𐑘𐑩𐑑𐑦𐑤𐑦𐑑𐑦	jəˈtɪlɪti	𐑿𐑑𐑦𐑤𐑦𐑑𐑦	juːˈtɪlɪti	high	
utility	𐑘𐑫𐑑𐑦𐑤𐑩𐑑𐑦	juˈtɪləti	𐑿𐑑𐑦𐑤𐑦𐑑𐑦	juːˈtɪlɪti	high	
utilize	𐑘𐑫𐑑𐑩𐑤𐑲𐑟	ˈjutəlaɪz	𐑿𐑑𐑦𐑤𐑲𐑟	ˈjuːtɪlaɪz	high	
utmost	𐑩𐑑-	ˈət-	𐑳𐑑𐑥𐑴𐑕𐑑	ˈʌtməʊst	high	
utmost	𐑳𐑑𐑥𐑩𐑕𐑑	ˈʌtməst	𐑳𐑑𐑥𐑴𐑕𐑑	ˈʌtməʊst	high	
utopia	𐑘𐑫𐑑𐑴𐑐𐑦𐑩	juˈtoʊpiə	𐑿𐑑𐑴𐑐𐑾	juːˈtəʊpɪə	high	
utopia	𐑿𐑑𐑴𐑐𐑦𐑩	juːˈtəʊpiə	𐑿𐑑𐑴𐑐𐑾	juːˈtəʊpɪə	high	
utopian	𐑘𐑫𐑑𐑴𐑐𐑦𐑩𐑯	juˈtoʊpiən	𐑿𐑑𐑴𐑐𐑾𐑯	juːˈtəʊpɪən	high	
utopian	𐑿𐑑𐑴𐑐𐑦𐑩𐑯	juːˈtəʊpiən	𐑿𐑑𐑴𐑐𐑾𐑯	juːˈtəʊpɪən	high	
utrecht	𐑘𐑫𐑑𐑮𐑧𐑒𐑑	ˈjuˌtrekt	𐑿𐑑𐑮𐑧𐑒𐑑	ˈjuːtrekt	high	
utterly	𐑳𐑑𐑩𐑤𐑦	ʌtəli	𐑳𐑑𐑼𐑤𐑦	ˈʌtəRli	medium	r_gap:spelling=1,ipa=0; shave_says:𐑳𐑑𐑼𐑤𐑦
uttermost	𐑳𐑑𐑩𐑥𐑴𐑕𐑑	ʌtəməʊst	𐑳𐑑𐑼𐑥𐑴𐑕𐑑	ˈʌtəRməʊst	medium	r_gap:spelling=1,ipa=0; shave_says:𐑳𐑑𐑼𐑥𐑴𐑕𐑑
utters	-𐑑𐑼𐑟	-tərz	𐑳𐑑𐑼𐑟	ˈʌtəRz	high	
uvula	𐑘𐑫𐑝𐑘𐑩𐑤𐑩	ˈjuvjələ	𐑿𐑝𐑘𐑩𐑤𐑩	ˈjuːvjələ	high	
uxorious	𐑳𐑒𐑕𐑹𐑦𐑩𐑕	ʌksɔːriəs	𐑳𐑒𐑕𐑹𐑾𐑕	ˌʌkˈsɔːrɪəs	high	
uxorious	𐑳𐑜𐑟𐑹𐑦𐑩𐑕	ʌɡˈzɔːRiəs	𐑳𐑒𐑕𐑹𐑾𐑕	ˌʌkˈsɔːrɪəs	high	
vacation	𐑝𐑩𐑒𐑱𐑖𐑩𐑯	vəˈkeɪʃən	𐑝𐑱𐑒𐑱𐑖𐑩𐑯	veɪˈkeɪʃən	high	
vaccine	𐑝𐑨𐑒𐑕𐑦𐑯	vækˈsin	𐑝𐑨𐑒𐑕𐑰𐑯	ˈvæksiːn	high	
vacuity	𐑝𐑨𐑒𐑿𐑦𐑑𐑦	væˈkjuːɪtɪ	𐑝𐑩𐑒𐑿𐑦𐑑𐑦	vəˈkjuːɪti	high	
vaginal	𐑝𐑨𐑡𐑩𐑯𐑩𐑤	ˈvædʒənəl	𐑝𐑨𐑡𐑦𐑯𐑩𐑤	ˈvædʒɪnəl	high	
vaginal	𐑝𐑩𐑡𐑳𐑦𐑯𐑩𐑤	vəˈdʒʌɪnəl	𐑝𐑨𐑡𐑦𐑯𐑩𐑤	ˈvædʒɪnəl	high	
vainglory	𐑝𐑱𐑯𐑜𐑤𐑷𐑼𐑦	ˈveɪnˌɡlɔːəRi	𐑝𐑱𐑯𐑜𐑤𐑹𐑦	veɪnˈɡlɔːri	high	
valediction	𐑝𐑨𐑤𐑩𐑛𐑦𐑒𐑖𐑩𐑯	ˌvæləˈdɪkʃən	𐑝𐑨𐑤𐑦𐑛𐑦𐑒𐑖𐑩𐑯	ˌvælɪˈdɪkʃən	high	
valedictory	𐑝𐑨𐑤𐑦𐑛𐑦𐑒𐑑𐑮𐑦	vælɪdɪktri	𐑝𐑨𐑤𐑦𐑛𐑦𐑒𐑑𐑼𐑦	ˌvælɪˈdɪktəri	high	
valedictory	𐑝𐑨𐑤𐑩𐑛𐑦𐑒𐑑𐑮𐑦	ˌvæləˈdɪktri	𐑝𐑨𐑤𐑦𐑛𐑦𐑒𐑑𐑼𐑦	ˌvælɪˈdɪktəri	high	
valedictory	𐑝𐑨𐑤𐑩𐑛𐑦𐑒𐑑𐑼𐑦	ˌvæləˈdɪktəri	𐑝𐑨𐑤𐑦𐑛𐑦𐑒𐑑𐑼𐑦	ˌvælɪˈdɪktəri	high	
valence	𐑝𐑨𐑤𐑩𐑯𐑕	ˈvæləns	𐑝𐑱𐑤𐑩𐑯𐑕	ˈveɪləns	high	
valenciennes	𐑝𐑨𐑤𐑩𐑯𐑕𐑦𐑧𐑯	ˌvælənsiˈen	𐑝𐑩𐑤𐑪𐑯𐑕𐑦𐑧𐑯	vəˌlɒnsɪˈen	high	
valenciennes	𐑝𐑨𐑤𐑩𐑯𐑕𐑦𐑧𐑯𐑟	ˌvælənsiˈenz	𐑝𐑩𐑤𐑪𐑯𐑕𐑦𐑧𐑯	vəˌlɒnsɪˈen	high	
valenciennes	𐑝𐑩𐑤𐑧𐑯𐑕𐑦𐑧𐑯	vəˌlensiˈen	𐑝𐑩𐑤𐑪𐑯𐑕𐑦𐑧𐑯	vəˌlɒnsɪˈen	high	
valet	𐑝𐑨𐑤𐑦𐑑	ˈvælɪt	𐑝𐑨𐑤𐑱	ˈvæleɪ	high	
valetudinarian	𐑝𐑨𐑤𐑩𐑑𐑫𐑛𐑩𐑯𐑧𐑮𐑦𐑩𐑯	ˌvæləˌtudəˈneriən	𐑝𐑨𐑤𐑦𐑑𐑵𐑛𐑦𐑯𐑺𐑾𐑯, 𐑝𐑨𐑤𐑦𐑑𐑿𐑛𐑦𐑯𐑺𐑾𐑯	ˌvælɪtjuːdɪˈneərɪən	high	
valetudinarian	𐑝𐑨𐑤𐑩𐑑𐑵𐑛𐑦𐑯𐑺𐑦𐑩𐑯	vælətuːdɪneəriən	𐑝𐑨𐑤𐑦𐑑𐑵𐑛𐑦𐑯𐑺𐑾𐑯, 𐑝𐑨𐑤𐑦𐑑𐑿𐑛𐑦𐑯𐑺𐑾𐑯	ˌvælɪtjuːdɪˈneərɪən	high	
value	𐑝𐑨𐑤𐑘𐑫	ˈvælju	𐑝𐑨𐑤𐑿	ˈvæljuː	high	
vanderbilt	𐑝𐑨𐑯𐑛𐑩𐑚𐑦𐑤𐑑	vændəbɪlt	𐑝𐑨𐑯𐑛𐑼𐑚𐑦𐑤𐑑	ˈvændəRbɪlt	medium	r_gap:spelling=1,ipa=0; shave_says:𐑝𐑨𐑯𐑛𐑼𐑚𐑦𐑤𐑑
vanity	-𐑑𐑦	-ti	𐑝𐑨𐑯𐑦𐑑𐑦	ˈvænɪti	high	
vanity	𐑝𐑨𐑯𐑩𐑑𐑦	ˈvænəti	𐑝𐑨𐑯𐑦𐑑𐑦	ˈvænɪti	high	
vaporous	𐑝𐑱𐑐𐑮𐑩𐑕	veɪprəs	𐑝𐑱𐑐𐑼𐑩𐑕	ˈveɪpərəs	high	
variability	-𐑦𐑑𐑦	-ɪti	𐑝𐑺𐑾𐑚𐑦𐑤𐑦𐑑𐑦	ˌveərɪəˈbɪlɪti	medium	r_gap:spelling=1,ipa=0; shave_says:𐑝𐑺𐑾𐑚𐑦𐑤𐑦𐑑𐑦
variability	𐑝𐑨𐑮𐑦𐑩𐑚𐑦𐑤𐑩𐑑𐑦	ˌværiəˈbɪləti	𐑝𐑺𐑾𐑚𐑦𐑤𐑦𐑑𐑦	ˌveərɪəˈbɪlɪti	high	
variability	𐑝𐑺𐑦𐑩𐑚𐑦𐑤𐑩𐑑𐑦	veəriəbɪləti	𐑝𐑺𐑾𐑚𐑦𐑤𐑦𐑑𐑦	ˌveərɪəˈbɪlɪti	high	
variable	𐑝𐑨𐑮𐑦𐑩𐑚𐑩𐑤	ˈværiəbəl	𐑝𐑺𐑾𐑚𐑩𐑤	ˈveərɪəbəl	high	
variable	𐑝𐑺𐑦𐑩𐑚𐑩𐑤	veəriəbəl	𐑝𐑺𐑾𐑚𐑩𐑤	ˈveərɪəbəl	high	
variance	𐑝𐑨𐑮𐑦𐑩𐑯𐑕	ˈværiəns	𐑝𐑺𐑾𐑯𐑕	ˈveərɪəns	high	
variance	𐑝𐑺𐑦𐑩𐑯𐑕	veəriəns	𐑝𐑺𐑾𐑯𐑕	ˈveərɪəns	high	
variance	𐑝𐑻𐑦𐑩𐑯𐑕	vɜːriəns	𐑝𐑺𐑾𐑯𐑕	ˈveərɪəns	high	
variant	𐑝𐑧𐑮𐑦𐑩𐑯𐑑	ˈveriənt	𐑝𐑺𐑾𐑯𐑑	ˈveərɪənt	high	
variant	𐑝𐑨𐑮𐑦𐑩𐑯𐑑	ˈværiənt	𐑝𐑺𐑾𐑯𐑑	ˈveərɪənt	high	
variant	𐑝𐑺𐑦𐑩𐑯𐑑	veəriənt	𐑝𐑺𐑾𐑯𐑑	ˈveərɪənt	high	
variation	𐑝𐑧𐑮𐑦𐑱𐑖𐑩𐑯	ˌveriˈeɪʃən	𐑝𐑺𐑦𐑱𐑖𐑩𐑯	ˌveərɪˈeɪʃən	high	
variation	𐑝𐑨𐑮𐑦𐑱𐑖𐑩𐑯	ˌværiˈeɪʃən	𐑝𐑺𐑦𐑱𐑖𐑩𐑯	ˌveərɪˈeɪʃən	high	
variations	𐑝𐑧𐑮𐑦𐑱𐑖𐑩𐑯𐑟	ˌveriˈeɪʃənz	𐑝𐑺𐑦𐑱𐑖𐑩𐑯𐑟	ˌveərɪˈeɪʃənz	high	
varicose	𐑝𐑧𐑮𐑩𐑒𐑴𐑕	ˈverəkoʊs	𐑝𐑨𐑮𐑦𐑒𐑴𐑕	ˈværɪkəʊs	high	
variegated	𐑝𐑨𐑮-	ˈvær-	𐑝𐑺𐑾𐑜𐑱𐑑𐑩𐑛	ˈveərɪəɡeɪtƏd	high	
variegated	𐑝𐑺𐑦𐑜𐑱𐑑𐑩𐑛	veərɪɡeɪtƏd	𐑝𐑺𐑾𐑜𐑱𐑑𐑩𐑛	ˈveərɪəɡeɪtƏd	high	
variegated	𐑝𐑺𐑦𐑩𐑜𐑱𐑑𐑩𐑛	veəriəɡeɪtƏd	𐑝𐑺𐑾𐑜𐑱𐑑𐑩𐑛	ˈveərɪəɡeɪtƏd	high	
variegation	𐑝𐑧𐑮𐑦𐑩𐑜𐑱𐑖𐑩𐑯	ˌveriəˈɡeɪʃən	𐑝𐑺𐑾𐑜𐑱𐑖𐑩𐑯	ˌveərɪəˈɡeɪʃən	high	
varies	𐑝𐑧𐑮𐑰𐑟	ˈveriːz	𐑝𐑺𐑦𐑟	ˈveəriz	high	
varies	𐑝𐑨𐑮𐑰𐑟	væriːz	𐑝𐑺𐑦𐑟	ˈveəriz	high	
variety	-𐑑𐑦	-ti	𐑝𐑼𐑲𐑩𐑑𐑦	vəˈraɪəti	medium	r_gap:spelling=1,ipa=0
variety	𐑝𐑼𐑲𐑦𐑑𐑦	vəraɪɪti	𐑝𐑼𐑲𐑩𐑑𐑦	vəˈraɪəti	high	
variform	𐑝𐑧𐑮𐑦𐑓𐑹𐑥	ˈverɪfɔːRm	𐑝𐑺𐑦𐑓𐑹𐑥	ˌveərɪˈfɔːRm	high	
variform	𐑝𐑨𐑮𐑦𐑓𐑹𐑥	værɪfɔːRm	𐑝𐑺𐑦𐑓𐑹𐑥	ˌveərɪˈfɔːRm	high	
various	𐑝𐑨𐑮𐑦𐑩𐑕	ˈværiəs	𐑝𐑺𐑾𐑕	ˈveərɪəs	high	
various	𐑝𐑺𐑦𐑩𐑕	veəriəs	𐑝𐑺𐑾𐑕	ˈveərɪəs	high	
vary	𐑝𐑧𐑮𐑦	ˈveri	𐑝𐑺𐑦	ˈveəri	high	
vary	𐑝𐑨𐑮𐑦	ˈværi	𐑝𐑺𐑦	ˈveəri	high	
varying	𐑝𐑧𐑮𐑦𐑦𐑙	ˈveriɪŋ	𐑝𐑺𐑦𐑦𐑙	ˈveəriɪŋ	high	
vase	𐑝𐑪𐑟	vɒz	𐑝𐑭𐑟	vɑːz	high	
vase	𐑝𐑱𐑕	veɪs	𐑝𐑭𐑟	vɑːz	high	
vase	𐑝𐑱𐑟	veɪz	𐑝𐑭𐑟	vɑːz	high	
vase	𐑝𐑷𐑟	vɔːz	𐑝𐑭𐑟	vɑːz	high	
vaseline	𐑝𐑨𐑕𐑩𐑤𐑦𐑯	ˈvæsəlin	𐑝𐑨𐑕𐑩𐑤𐑰𐑯	ˈvæsəliːn	high	
vaudeville	-𐑝𐑩𐑤	-vəl	𐑝𐑷𐑛𐑝𐑦𐑤, 𐑝𐑷𐑛𐑩𐑝𐑦𐑤	ˈvɔːdəvɪl	high	
vaudeville	𐑝𐑴𐑛𐑝𐑦𐑤	ˈvəʊdvɪl	𐑝𐑷𐑛𐑝𐑦𐑤, 𐑝𐑷𐑛𐑩𐑝𐑦𐑤	ˈvɔːdəvɪl	high	
vault	𐑝𐑪𐑤𐑑	vɒlt	𐑝𐑷𐑤𐑑	vɔːlt	high	
vaulter	𐑝𐑪𐑤𐑑𐑼	vɒltəR	𐑝𐑷𐑤𐑑𐑼	ˈvɔːltəR	high	
vega	𐑝𐑦𐑜𐑩	ˈviɡə	𐑝𐑰𐑜𐑩	ˈviːɡə	high	
vega	𐑝𐑱𐑜𐑩	ˈveɪɡə	𐑝𐑰𐑜𐑩	ˈviːɡə	high	
vegetable	𐑝𐑧𐑗𐑑𐑩𐑚𐑩𐑤	ˈvetʃtəbəl	𐑝𐑧𐑡𐑑𐑩𐑚𐑩𐑤	ˈvedʒtəbəl	high	
vegetables	𐑝𐑧𐑗𐑑𐑩𐑚𐑩𐑤𐑟	ˈvetʃtəbəlz	𐑝𐑧𐑡𐑑𐑩𐑚𐑩𐑤𐑟	ˈvedʒtəbəlz	high	
vegetarian	𐑝𐑧𐑡𐑦𐑑𐑧𐑮𐑦𐑩𐑯	vedʒɪˈteriən	𐑝𐑧𐑡𐑦𐑑𐑺𐑾𐑯	ˌvedʒɪˈteərɪən	high	
vegetarian	𐑝𐑧𐑡𐑦𐑑𐑺𐑦𐑩𐑯	vedʒɪteəriən	𐑝𐑧𐑡𐑦𐑑𐑺𐑾𐑯	ˌvedʒɪˈteərɪən	high	
vehement	𐑝𐑰𐑣𐑩𐑥𐑩𐑯𐑑	ˈviːhəmənt	𐑝𐑾𐑥𐑩𐑯𐑑	ˈviːəmənt	high	
vehement	𐑝𐑰𐑩𐑥𐑩𐑯𐑑	ˈviːəmənt	𐑝𐑾𐑥𐑩𐑯𐑑	ˈviːəmənt	high	
vehicle	𐑝𐑦𐑣𐑦𐑒𐑩𐑤	ˈviˌhɪkəl	𐑝𐑰𐑦𐑒𐑩𐑤	ˈviːɪkəl	high	
vehicle	𐑝𐑦𐑩𐑒𐑩𐑤	ˈviəkəl	𐑝𐑰𐑦𐑒𐑩𐑤	ˈviːɪkəl	high	
vehicle	𐑝𐑾𐑒𐑩𐑤	ˈvɪəkəl	𐑝𐑰𐑦𐑒𐑩𐑤	ˈviːɪkəl	high	
vehicles	𐑝𐑦𐑣𐑦𐑒𐑩𐑤𐑟	ˈviˌhɪkəlz	𐑝𐑰𐑦𐑒𐑩𐑤𐑟	ˈviːɪkəlz	high	
vehicles	𐑝𐑦𐑩𐑒𐑩𐑤𐑟	ˈviəkəlz	𐑝𐑰𐑦𐑒𐑩𐑤𐑟	ˈviːɪkəlz	high	
vehicular	𐑝𐑦𐑣𐑦𐑒𐑘𐑩𐑤𐑼	viˈhɪkjələr	𐑝𐑰𐑦𐑒𐑘𐑩𐑤𐑼	viːˈɪkjələR	high	
velar	𐑝𐑱𐑤𐑼	veɪləR	𐑝𐑰𐑤𐑼	ˈviːləR	high	
veld	𐑓𐑧𐑤𐑑	felt	𐑝𐑧𐑤𐑑	velt	high	
veld	𐑝𐑧𐑤𐑛	veld	𐑝𐑧𐑤𐑑	velt	high	
velocipede	𐑝𐑩𐑤𐑪𐑕𐑩𐑐𐑦𐑛	vəˈlɒsəˌpid	𐑝𐑩𐑤𐑪𐑕𐑦𐑐𐑰𐑛	vəˈlɒsɪpiːd	high	
velocity	𐑝𐑩𐑤𐑪𐑕𐑩𐑑𐑦	vəˈlɒsəti	𐑝𐑩𐑤𐑪𐑕𐑦𐑑𐑦	vəˈlɒsɪti	high	
velvet	𐑝𐑧𐑤𐑝𐑦𐑑	ˈvelvɪt	𐑝𐑧𐑤𐑝𐑩𐑑	ˈvelvIt	high	
veneer	𐑝𐑩𐑯𐑦𐑮	vəˈnɪr	𐑝𐑩𐑯𐑽	vəˈnɪəR	high	
venereal	𐑝𐑦-	vɪ-	𐑝𐑩𐑯𐑽𐑾𐑤	vəˈnɪərɪəl	medium	r_gap:spelling=1,ipa=0; shave_says:𐑝𐑩𐑯𐑽𐑾𐑤
venereal	𐑝𐑩𐑯𐑦𐑮𐑦𐑩𐑤	vəˈnɪriəl	𐑝𐑩𐑯𐑽𐑾𐑤	vəˈnɪərɪəl	high	
venereal	𐑝𐑩𐑯𐑽𐑽𐑤	vənɪərɪəRl	𐑝𐑩𐑯𐑽𐑾𐑤	vəˈnɪərɪəl	high	
venetian	𐑝𐑦𐑯𐑰𐑖𐑩𐑯	vɪˈniːʃən	𐑝𐑩𐑯𐑰𐑖𐑩𐑯	vəˈniːʃən	high	
venetian	𐑝𐑩𐑯𐑦𐑖𐑩𐑯	vəˈniʃən	𐑝𐑩𐑯𐑰𐑖𐑩𐑯	vəˈniːʃən	high	
venezuela	𐑝𐑧𐑯𐑧𐑟𐑢𐑧𐑤𐑩	venezˈwelə	𐑝𐑧𐑯𐑦𐑟𐑢𐑱𐑤𐑩	ˌvenɪˈzweɪlə	high	
venezuela	𐑝𐑧𐑯𐑧𐑟𐑢𐑱𐑤𐑩	ˌvenezˈweɪlə	𐑝𐑧𐑯𐑦𐑟𐑢𐑱𐑤𐑩	ˌvenɪˈzweɪlə	high	
venezuela	𐑝𐑧𐑯𐑩𐑟𐑢𐑱𐑤𐑩	venəzˈweɪlə	𐑝𐑧𐑯𐑦𐑟𐑢𐑱𐑤𐑩	ˌvenɪˈzweɪlə	high	
venezuelan	𐑝𐑧𐑯𐑧𐑟𐑢𐑱𐑤𐑩𐑯	ˌvenezˈweɪlən	𐑝𐑧𐑯𐑦𐑟𐑢𐑱𐑤𐑩𐑯	ˌvenɪˈzweɪlən	high	
venezuelan	𐑝𐑧𐑯𐑩𐑟𐑢𐑧𐑤𐑩𐑯	ˌvenəzˈwelən	𐑝𐑧𐑯𐑦𐑟𐑢𐑱𐑤𐑩𐑯	ˌvenɪˈzweɪlən	high	
venezuelan	𐑝𐑧𐑯𐑩𐑟𐑢𐑱𐑤𐑩𐑯	ˌvenəzˈweɪlən	𐑝𐑧𐑯𐑦𐑟𐑢𐑱𐑤𐑩𐑯	ˌvenɪˈzweɪlən	high	
venison	𐑝𐑧𐑯𐑦𐑟𐑩𐑯	ˈvenɪzən	𐑝𐑧𐑯𐑦𐑕𐑩𐑯	ˈvenɪsən	high	
venus	𐑝𐑦𐑯𐑩𐑕	ˈvinəs	𐑝𐑰𐑯𐑩𐑕	ˈviːnəs	high	
vera	𐑝𐑦𐑮𐑩	ˈvɪrə	𐑝𐑽𐑩	ˈvɪərə	high	
veracity	𐑝𐑼𐑨𐑕𐑩𐑑𐑦	vəˈræsəti	𐑝𐑼𐑨𐑕𐑦𐑑𐑦	vəˈræsɪti	high	
verbal	𐑝𐑻𐑚𐑤	vɜːRbl	𐑝𐑻𐑚𐑩𐑤	ˈvɜːRbəl	high	
verbena	𐑝𐑼𐑚𐑦𐑯𐑩	vəRˈbinə	𐑝𐑻𐑚𐑰𐑯𐑩	vɜːRˈbiːnə	high	
verbose	𐑝𐑩𐑚𐑴𐑕	vəbəʊs	𐑝𐑻𐑚𐑴𐑕	vɜːRˈbəʊs	medium	r_gap:spelling=1,ipa=0; shave_says:𐑝𐑻𐑚𐑴𐑕
verbose	𐑝𐑼𐑚𐑴𐑕	vəRˈboʊs	𐑝𐑻𐑚𐑴𐑕	vɜːRˈbəʊs	high	
verbosity	𐑝𐑩𐑚𐑪𐑕𐑩𐑑𐑦	vəbɒsəti	𐑝𐑻𐑚𐑪𐑕𐑦𐑑𐑦	vɜːRˈbɒsɪti	medium	r_gap:spelling=1,ipa=0; shave_says:𐑝𐑻𐑚𐑪𐑕𐑦𐑑𐑦
verbosity	𐑝𐑼𐑚𐑪𐑕𐑩𐑑𐑦	vəRˈbɒsəti	𐑝𐑻𐑚𐑪𐑕𐑦𐑑𐑦	vɜːRˈbɒsɪti	high	
verboten	-𐑑𐑩𐑯	-tən	𐑝𐑻𐑚𐑴𐑑𐑩𐑯	vɜːRˈbəʊtən	medium	r_gap:spelling=1,ipa=0
verboten	𐑓𐑩-	fə-	𐑝𐑻𐑚𐑴𐑑𐑩𐑯	vɜːRˈbəʊtən	medium	r_gap:spelling=1,ipa=0; shave_says:𐑝𐑻𐑚𐑴𐑑𐑩𐑯
verboten	𐑓𐑼𐑚𐑴𐑑𐑩𐑯	ˌfərˈboʊtən	𐑝𐑻𐑚𐑴𐑑𐑩𐑯	vɜːRˈbəʊtən	high	
verboten	𐑝𐑩𐑚𐑴𐑑𐑩𐑯	vəbəʊtən	𐑝𐑻𐑚𐑴𐑑𐑩𐑯	vɜːRˈbəʊtən	medium	r_gap:spelling=1,ipa=0; shave_says:𐑝𐑻𐑚𐑴𐑑𐑩𐑯
verboten	𐑝𐑼-	ˌvər-	𐑝𐑻𐑚𐑴𐑑𐑩𐑯	vɜːRˈbəʊtən	high	
verdigris	𐑝𐑻𐑛𐑩𐑜𐑮𐑦	ˈvɜːRdəɡri	𐑝𐑻𐑛𐑦𐑜𐑮𐑰𐑕	ˈvɜːRdɪɡriːs	high	
verdigris	𐑝𐑻𐑛𐑩𐑜𐑮𐑦𐑕	ˈvɜːRdəɡris	𐑝𐑻𐑛𐑦𐑜𐑮𐑰𐑕	ˈvɜːRdɪɡriːs	high	
verdure	𐑝𐑻𐑛𐑘𐑼	vɜːRdjəR	𐑝𐑻𐑡𐑼	ˈvɜːRdʒəR	high	
verifiable	𐑝𐑧𐑮𐑓𐑲𐑩𐑚𐑤	ˌverˈfaɪəbl	𐑝𐑧𐑮𐑦𐑓𐑲𐑩𐑚𐑩𐑤	ˈverɪfaɪəbəl	high	
verifiable	𐑝𐑧𐑮𐑩𐑓𐑲𐑩𐑚𐑩𐑤	ˌverəˈfaɪəbəl	𐑝𐑧𐑮𐑦𐑓𐑲𐑩𐑚𐑩𐑤	ˈverɪfaɪəbəl	high	
vermilion	𐑝𐑩𐑥𐑦𐑤𐑘𐑩𐑯	vəmɪljən	𐑝𐑼𐑥𐑦𐑤𐑾𐑯	vəRˈmɪlɪən	medium	r_gap:spelling=1,ipa=0; shave_says:𐑝𐑼𐑥𐑦𐑤𐑘𐑩𐑯
vermilion	𐑝𐑼𐑥𐑦𐑤𐑘𐑩𐑯	vəRˈmɪljən	𐑝𐑼𐑥𐑦𐑤𐑾𐑯	vəRˈmɪlɪən	high	
vermont	𐑝𐑩𐑥𐑪𐑯𐑑	vəmɒnt	𐑝𐑼𐑥𐑪𐑯𐑑	vɜːRˈmɒnt	medium	r_gap:spelling=1,ipa=0; shave_says:·𐑝𐑼𐑥𐑪𐑯𐑑
vermouth	𐑝𐑩𐑥𐑵𐑔	vəmuːθ	𐑝𐑻𐑥𐑵𐑔	ˈvɜːRmuːθ	medium	r_gap:spelling=1,ipa=0; shave_says:𐑝𐑻𐑥𐑵𐑔
vermouth	𐑝𐑻𐑥𐑩𐑔	vɜːRməθ	𐑝𐑻𐑥𐑵𐑔	ˈvɜːRmuːθ	high	
vermouth	𐑝𐑼𐑥𐑫𐑔	vəRˈmuθ	𐑝𐑻𐑥𐑵𐑔	ˈvɜːRmuːθ	high	
vernacular	𐑝𐑩𐑯𐑨𐑒𐑘𐑩𐑤𐑼	vənækjələR	𐑝𐑼𐑯𐑨𐑒𐑘𐑩𐑤𐑼	vəRˈnækjələR	medium	r_gap:spelling=2,ipa=1; shave_says:𐑝𐑼𐑯𐑨𐑒𐑿𐑤𐑼
verona	𐑝𐑦𐑮𐑴𐑯𐑩	vɪrəʊnə	𐑝𐑼𐑴𐑯𐑩	vəˈrəʊnə	high	
verruca	𐑝𐑧𐑮𐑵𐑒𐑩	veruːkə	𐑝𐑼𐑵𐑒𐑩	vəˈruːkə	medium	r_gap:spelling=2,ipa=1; shave_says:𐑝𐑼𐑵𐑒𐑩
versatile	𐑝𐑻𐑕𐑩𐑑𐑩𐑤	ˈvɜːRsətəl	𐑝𐑻𐑕𐑩𐑑𐑲𐑤	ˈvɜːRsətaɪl	high	
versatility	𐑝𐑻𐑕𐑩𐑑𐑦𐑤𐑦𐑑𐑰	vɜːRsətɪlɪtiː	𐑝𐑻𐑕𐑩𐑑𐑦𐑤𐑦𐑑𐑦	ˌvɜːRsəˈtɪlɪti	high	
verses	-𐑩𐑟	-əz	𐑝𐑻𐑕𐑩𐑟	ˈvɜːRsƏz	medium	r_gap:spelling=1,ipa=0
version	𐑝𐑻𐑖𐑩𐑯	vɜːRʃən	𐑝𐑻𐑠𐑩𐑯	ˈvɜːRʒən	high	
versus	𐑝𐑻𐑕	ˈvɜːRs	𐑝𐑻𐑕𐑩𐑕	ˈvɜːRsəs	high	
versus	𐑝𐑻𐑕𐑩𐑟	vɜːRsƏz	𐑝𐑻𐑕𐑩𐑕	ˈvɜːRsəs	high	
vertebra	𐑝𐑻𐑑𐑩𐑚𐑮𐑩	ˈvɜːRtəbrə	𐑝𐑻𐑑𐑦𐑚𐑮𐑩	ˈvɜːRtɪbrə	high	
vertebra	𐑝𐑻𐑑𐑩𐑚𐑮𐑱	ˈvɜːRtəˌbreɪ	𐑝𐑻𐑑𐑦𐑚𐑮𐑩	ˈvɜːRtɪbrə	high	
vertebrae	𐑝𐑻𐑑𐑩𐑚𐑮𐑦	ˈvɜːRtəˌbri	𐑝𐑻𐑑𐑦𐑚𐑮𐑰	ˈvɜːRtɪbriː	high	
vertebrae	𐑝𐑻𐑑𐑩𐑚𐑮𐑱	ˈvɜːRtəˌbreɪ	𐑝𐑻𐑑𐑦𐑚𐑮𐑰	ˈvɜːRtɪbriː	high	
vertebrae	𐑝𐑻𐑑𐑩𐑚𐑮𐑲	ˈvɜːRtəˌbraɪ	𐑝𐑻𐑑𐑦𐑚𐑮𐑰	ˈvɜːRtɪbriː	high	
vertical	𐑝𐑻𐑑𐑩𐑒𐑩𐑤	ˈvɜːRtəkəl	𐑝𐑻𐑑𐑦𐑒𐑩𐑤	ˈvɜːRtɪkəl	high	
verticality	𐑝𐑻𐑑𐑩𐑒𐑨𐑤𐑩𐑑𐑦	vɜːRtəkaləti	𐑝𐑻𐑑𐑦𐑒𐑨𐑤𐑦𐑑𐑦	ˌvɜːRtɪˈkælɪti	high	
verticality	𐑝𐑼𐑑𐑩𐑒𐑨𐑤𐑩𐑑𐑦	ˌvəRtəˈkæləti	𐑝𐑻𐑑𐑦𐑒𐑨𐑤𐑦𐑑𐑦	ˌvɜːRtɪˈkælɪti	high	
vertically	𐑝𐑻𐑑𐑦𐑒𐑩𐑤𐑦	vɜːRtɪkəli	𐑝𐑻𐑑𐑦𐑒𐑤𐑦	ˈvɜːRtɪkli	high	
vespers	𐑝𐑧𐑕𐑐𐑻𐑟	ˈvesˌpɜːRz	𐑝𐑧𐑕𐑐𐑼𐑟	ˈvespəRz	high	
vestibule	𐑝𐑧𐑕𐑑𐑩𐑚𐑘𐑫𐑤	ˈvestəˌbjul	𐑝𐑧𐑕𐑑𐑦𐑚𐑿𐑤	ˈvestɪbjuːl	high	
veterans	𐑝𐑧𐑑𐑼𐑦𐑯𐑟	ˈvetərɪnz	𐑝𐑧𐑑𐑼𐑩𐑯𐑟	ˈvetərənz	high	
veterinarian	𐑝𐑧𐑑𐑼𐑩𐑯𐑧𐑮𐑦𐑩𐑯	ˌvetərəˈneriən	𐑝𐑧𐑑𐑼𐑦𐑯𐑺𐑾𐑯	ˌvetərɪˈneəriən	high	
veterinarian	𐑝𐑧𐑗𐑮𐑦𐑯𐑧𐑮𐑦𐑩𐑯	ˌvetʃrɪnˈeriən	𐑝𐑧𐑑𐑼𐑦𐑯𐑺𐑾𐑯	ˌvetərɪˈneəriən	high	
veterinary	𐑝𐑧𐑑𐑦𐑯𐑧𐑮𐑦	vetɪneri	𐑝𐑧𐑑𐑼𐑦𐑯𐑼𐑦	ˈvetərɪnəri	medium	r_gap:spelling=2,ipa=1; shave_says:𐑝𐑧𐑑𐑼𐑦𐑯𐑼𐑦
veterinary	𐑝𐑧𐑑𐑦𐑯𐑮𐑦	vetɪnri	𐑝𐑧𐑑𐑼𐑦𐑯𐑼𐑦	ˈvetərɪnəri	medium	r_gap:spelling=2,ipa=1; shave_says:𐑝𐑧𐑑𐑼𐑦𐑯𐑼𐑦
veterinary	𐑝𐑧𐑑𐑮𐑦𐑯𐑧𐑮𐑦	ˈvetrɪneri	𐑝𐑧𐑑𐑼𐑦𐑯𐑼𐑦	ˈvetərɪnəri	high	
veterinary	𐑝𐑧𐑑𐑮𐑦𐑯𐑮𐑦	vetrɪnri	𐑝𐑧𐑑𐑼𐑦𐑯𐑼𐑦	ˈvetərɪnəri	high	
veterinary	𐑝𐑧𐑑𐑼𐑦𐑯𐑧𐑮𐑦	ˈvetərɪneri	𐑝𐑧𐑑𐑼𐑦𐑯𐑼𐑦	ˈvetərɪnəri	high	
veto	𐑝𐑦𐑑𐑴	ˈvitoʊ	𐑝𐑰𐑑𐑴	ˈviːtəʊ	high	
vial	𐑝𐑲𐑤	ˈvaɪl	𐑝𐑲𐑩𐑤	ˈvaɪəl	high	
vicariously	𐑝𐑦-	vɪ-	𐑝𐑦𐑒𐑺𐑾𐑕𐑤𐑦	vɪˈkeərɪəsli	medium	r_gap:spelling=1,ipa=0
vice versa	𐑝𐑲𐑕-	vaɪs-	𐑝𐑲𐑕𐑩 𐑝𐑻𐑕𐑩	ˌvaɪsə ˈvɜːRsə	medium	r_gap:spelling=1,ipa=0; shave_says:𐑝𐑲𐑕 𐑝𐑻𐑕𐑩
vice versa	𐑝𐑲𐑕𐑦 𐑝𐑻𐑕𐑩	vaɪsɪ vɜːRsə	𐑝𐑲𐑕𐑩 𐑝𐑻𐑕𐑩	ˌvaɪsə ˈvɜːRsə	high	
vice versa	𐑝𐑲𐑕𐑩-	vaɪsə-	𐑝𐑲𐑕𐑩 𐑝𐑻𐑕𐑩	ˌvaɪsə ˈvɜːRsə	medium	r_gap:spelling=1,ipa=0; shave_says:𐑝𐑲𐑕 𐑝𐑻𐑕𐑩
vicereine	𐑝𐑳𐑦𐑕𐑮𐑧𐑯	vʌɪsren	𐑝𐑲𐑕𐑮𐑱𐑯	vaɪsˈreɪn	high	
vicereine	𐑝𐑳𐑦𐑕𐑮𐑱𐑯	vʌɪsreɪn	𐑝𐑲𐑕𐑮𐑱𐑯	vaɪsˈreɪn	high	
vicinity	𐑝𐑩𐑕𐑦𐑯𐑩𐑑𐑦	vəˈsɪnəti	𐑝𐑦𐑕𐑦𐑯𐑦𐑑𐑦	vɪˈsɪnɪti	high	
victorian	𐑝𐑦𐑒𐑑𐑹𐑦𐑩𐑯	vɪkˈtɔːRiən	𐑝𐑦𐑒𐑑𐑹𐑾𐑯	vɪkˈtɔːrɪən	high	
victual	-𐑑𐑩𐑤	-təl	𐑝𐑦𐑑𐑩𐑤	ˈvɪtəl	high	
victual	𐑝𐑦𐑑𐑤	ˈvɪtl	𐑝𐑦𐑑𐑩𐑤	ˈvɪtəl	high	
vide	𐑝𐑲𐑛	vaɪd	𐑝𐑰𐑛𐑱	ˈviːdeɪ	high	
video	𐑝𐑦𐑛𐑘𐑴	ˈvɪdjoʊ	𐑝𐑦𐑛𐑦𐑴	ˈvɪdiəʊ	high	
vietnam	-𐑯𐑨𐑥	-ˈnæm	𐑝𐑦𐑧𐑑𐑯𐑭𐑥	ˌvɪetˈnɑːm	high	
vietnam	𐑝𐑘𐑧𐑑-	ˈvjet-	𐑝𐑦𐑧𐑑𐑯𐑭𐑥	ˌvɪetˈnɑːm	high	
vietnam	𐑝𐑘𐑧𐑑𐑯𐑨𐑥	ˈvjetˈnæm	𐑝𐑦𐑧𐑑𐑯𐑭𐑥	ˌvɪetˈnɑːm	high	
vietnam	𐑝𐑘𐑧𐑑𐑯𐑭𐑥	ˈvjetˈnɑːm	𐑝𐑦𐑧𐑑𐑯𐑭𐑥	ˌvɪetˈnɑːm	high	
vietnam	𐑝𐑦𐑦𐑑	viˌɪt	𐑝𐑦𐑧𐑑𐑯𐑭𐑥	ˌvɪetˈnɑːm	high	
vietnam	𐑝𐑦𐑦𐑑-	ˌviɪt-	𐑝𐑦𐑧𐑑𐑯𐑭𐑥	ˌvɪetˈnɑːm	high	
vietnam	𐑝𐑦𐑧𐑑𐑯𐑪𐑥	viˌetˈnɒm	𐑝𐑦𐑧𐑑𐑯𐑭𐑥	ˌvɪetˈnɑːm	high	
vietnam	𐑝𐑦𐑩𐑑-	ˌviət-	𐑝𐑦𐑧𐑑𐑯𐑭𐑥	ˌvɪetˈnɑːm	high	
vietnam	𐑝𐑰𐑩𐑑𐑯𐑨𐑥	ˈviːətˈnæm	𐑝𐑦𐑧𐑑𐑯𐑭𐑥	ˌvɪetˈnɑːm	high	
vietnam	𐑝𐑰𐑩𐑑𐑯𐑭𐑥	ˈviːətˈnɑːm	𐑝𐑦𐑧𐑑𐑯𐑭𐑥	ˌvɪetˈnɑːm	high	
vietnamese	𐑝𐑰𐑩𐑑𐑯𐑩𐑥𐑰𐑟	ˌviːətnəˈmiːz	𐑝𐑦𐑧𐑑𐑯𐑩𐑥𐑰𐑟	ˌvɪetnəˈmiːz	high	
viewer	𐑝𐑘𐑫𐑼	ˈvjuəR	𐑝𐑿𐑼	ˈvjuːəR	high	
vigilante	𐑝𐑦𐑡𐑦𐑤𐑭𐑯𐑑𐑱	ˌvɪdʒɪˈlɑːnteɪ	𐑝𐑦𐑡𐑦𐑤𐑨𐑯𐑑𐑦	ˌvɪdʒɪˈlænti	high	
vigilante	𐑝𐑦𐑡𐑩𐑤𐑨𐑯𐑑𐑦	ˌvɪdʒəˈlænti	𐑝𐑦𐑡𐑦𐑤𐑨𐑯𐑑𐑦	ˌvɪdʒɪˈlænti	high	
vindictiveness	𐑝𐑦𐑯𐑛𐑦𐑒𐑑𐑦𐑝𐑯𐑦𐑕	vɪnˈdɪktɪvnɪs	𐑝𐑦𐑯𐑛𐑦𐑒𐑑𐑦𐑝𐑯𐑩𐑕	vɪnˈdɪktɪvnəs	high	
vinegar	𐑝𐑦𐑯𐑩𐑜𐑼	vɪnəɡəR	𐑝𐑦𐑯𐑦𐑜𐑼	ˈvɪnɪɡəR	high	
vineyard	𐑝𐑦𐑯𐑘𐑸𐑛	vɪnjɑːRd	𐑝𐑦𐑯𐑘𐑼𐑛	ˈvɪnjəRd	high	
vineyard	𐑝𐑲𐑯𐑘𐑸𐑛	ˈvaɪnjɑːRd	𐑝𐑦𐑯𐑘𐑼𐑛	ˈvɪnjəRd	high	
viola	𐑝𐑰𐑩𐑤𐑩	ˈviːələ	𐑝𐑦𐑴𐑤𐑩, 𐑝𐑲𐑩𐑤𐑩	vɪˈəʊlə	high	
viola	𐑝𐑲𐑴𐑤𐑩	vaɪˈoʊlə	𐑝𐑦𐑴𐑤𐑩, 𐑝𐑲𐑩𐑤𐑩	vɪˈəʊlə	high	
virginia	𐑝𐑩𐑡𐑦𐑯𐑦𐑩	vədʒɪniə	𐑝𐑼𐑡𐑦𐑯𐑾	vəRˈdʒɪnɪə	medium	r_gap:spelling=1,ipa=0; shave_says:𐑝𐑼𐑡𐑦𐑯𐑾
virginia	𐑝𐑼𐑡𐑦𐑯𐑘𐑩	vərˈdʒɪnjə	𐑝𐑼𐑡𐑦𐑯𐑾	vəRˈdʒɪnɪə	high	
virgule	𐑝𐑻𐑜𐑘𐑫𐑤	ˈvɜːRɡjul	𐑝𐑻𐑜𐑿𐑤	ˈvɜːRɡjuːl	high	
virtual	𐑝𐑻𐑗𐑫𐑤	vɜːRtʃʊl	𐑝𐑻𐑗𐑫𐑩𐑤	ˈvɜːRtʃuəl	high	
virtual	𐑝𐑻𐑗𐑫𐑼𐑤	vɜːRtʃʊəRl	𐑝𐑻𐑗𐑫𐑩𐑤	ˈvɜːRtʃuəl	high	
virtually	𐑝𐑻𐑗𐑩𐑤𐑦	vɜːRtʃəli	𐑝𐑻𐑗𐑫𐑩𐑤𐑦	ˈvɜːRtʃuəli	high	
virtually	𐑝𐑻𐑗𐑫𐑼𐑤𐑦	vɜːRtʃʊəRli	𐑝𐑻𐑗𐑫𐑩𐑤𐑦	ˈvɜːRtʃuəli	high	
virtually	𐑝𐑼𐑗𐑩𐑢𐑩𐑤𐑦	ˈvəRtʃəwəli	𐑝𐑻𐑗𐑫𐑩𐑤𐑦	ˈvɜːRtʃuəli	high	
virtue	𐑝𐑻𐑗𐑫	ˈvɜːRtʃu	𐑝𐑻𐑗𐑵	ˈvɜːRtʃuː	high	
virtuous	𐑝𐑻𐑗𐑫𐑼𐑕	vɜːRtʃʊəRs	𐑝𐑻𐑗𐑫𐑩𐑕	ˈvɜːRtʃuəs	high	
virulent	-𐑮𐑘𐑩-	-rjə-	𐑝𐑦𐑮𐑩𐑤𐑩𐑯𐑑	ˈvɪrələnt	high	
virulent	𐑝𐑦𐑮𐑘𐑩𐑤𐑩𐑯𐑑	vɪrjələnt	𐑝𐑦𐑮𐑩𐑤𐑩𐑯𐑑	ˈvɪrələnt	high	
viscountess	𐑝𐑲𐑒𐑬𐑯𐑑𐑩𐑕	ˈvaɪkaʊntəs	𐑝𐑲𐑒𐑬𐑯𐑑𐑧𐑕	ˈvaɪkaʊntes	high	
visionary	𐑝𐑦𐑠𐑩𐑯𐑧𐑮𐑦	ˈvɪʒəˌneri	𐑝𐑦𐑠𐑩𐑯𐑼𐑦	ˈvɪʒənəri	high	
visual	𐑝𐑦𐑟𐑿𐑩𐑤	ˈvɪzjuːəl	𐑝𐑦𐑠𐑫𐑩𐑤	ˈvɪʒuəl	high	
visual	𐑝𐑦𐑠𐑢𐑩𐑤	ˈvɪʒwəl	𐑝𐑦𐑠𐑫𐑩𐑤	ˈvɪʒuəl	high	
visual	𐑝𐑦𐑠𐑩𐑤	ˈvɪʒəl	𐑝𐑦𐑠𐑫𐑩𐑤	ˈvɪʒuəl	high	
visual	𐑝𐑦𐑠𐑵𐑩𐑤	ˈvɪʒuːəl	𐑝𐑦𐑠𐑫𐑩𐑤	ˈvɪʒuəl	high	
visualization	𐑝𐑦𐑟𐑘𐑩𐑩𐑤𐑲𐑟𐑱𐑖𐑩𐑯	ˌvɪzjəəlaɪˈzeɪʃən	𐑝𐑦𐑠𐑫𐑩𐑤𐑲𐑟𐑱𐑖𐑩𐑯	ˌvɪʒuəlaɪˈzeɪʃən	high	
visualization	𐑝𐑦𐑠𐑩𐑤𐑲𐑟𐑱𐑖𐑩𐑯	ˌvɪʒəlaɪˈzeɪʃən	𐑝𐑦𐑠𐑫𐑩𐑤𐑲𐑟𐑱𐑖𐑩𐑯	ˌvɪʒuəlaɪˈzeɪʃən	high	
visualization	𐑝𐑦𐑠𐑫𐑩𐑤𐑩𐑟𐑱𐑖𐑩𐑯	ˌvɪʒuələˈzeɪʃən	𐑝𐑦𐑠𐑫𐑩𐑤𐑲𐑟𐑱𐑖𐑩𐑯	ˌvɪʒuəlaɪˈzeɪʃən	high	
visualization	𐑝𐑦𐑠𐑫𐑼𐑤𐑲𐑟𐑱𐑖𐑩𐑯	ˌvɪʒʊəlaɪˈzeɪʃən	𐑝𐑦𐑠𐑫𐑩𐑤𐑲𐑟𐑱𐑖𐑩𐑯	ˌvɪʒuəlaɪˈzeɪʃən	medium	ml_disagrees:𐑝𐑦𐑠𐑫𐑩𐑤𐑲𐑟𐑱𐑖𐑩𐑯; shave_says:𐑝𐑦𐑠𐑵𐑩𐑤𐑲𐑟𐑱𐑖𐑩𐑯
visualize	𐑝𐑦𐑟𐑘𐑩𐑤𐑲𐑟	ˈvɪzjəlaɪz	𐑝𐑦𐑠𐑫𐑩𐑤𐑲𐑟	ˈvɪʒuəlaɪz	high	
visualize	𐑝𐑦𐑟𐑘𐑩𐑩𐑤𐑲𐑟	ˈvɪzjəəlaɪz	𐑝𐑦𐑠𐑫𐑩𐑤𐑲𐑟	ˈvɪʒuəlaɪz	high	
visualize	𐑝𐑦𐑠𐑢𐑩𐑤𐑲𐑟	ˈvɪʒwəˌlaɪz	𐑝𐑦𐑠𐑫𐑩𐑤𐑲𐑟	ˈvɪʒuəlaɪz	high	
visualize	𐑝𐑦𐑠𐑩𐑢𐑩𐑤𐑲𐑟	ˈvɪʒəwəˌlaɪz	𐑝𐑦𐑠𐑫𐑩𐑤𐑲𐑟	ˈvɪʒuəlaɪz	high	
visualize	𐑝𐑦𐑠𐑩𐑤𐑲𐑟	ˈvɪʒəlaɪz	𐑝𐑦𐑠𐑫𐑩𐑤𐑲𐑟	ˈvɪʒuəlaɪz	high	
visualize	𐑝𐑦𐑠𐑫𐑼𐑤𐑲𐑟	ˈvɪʒʊəlaɪz	𐑝𐑦𐑠𐑫𐑩𐑤𐑲𐑟	ˈvɪʒuəlaɪz	medium	ml_disagrees:𐑝𐑦𐑠𐑫𐑩𐑤𐑲𐑟; shave_says:𐑝𐑦𐑠𐑵𐑩𐑤𐑲𐑟
vitamin	𐑝𐑲𐑑𐑩𐑥𐑦𐑯	ˈvaɪtəmɪn	𐑝𐑦𐑑𐑩𐑥𐑦𐑯	ˈvɪtəmɪn	high	
vitamin	𐑝𐑳𐑦𐑑𐑩𐑥𐑦𐑯	ˈvʌɪtəmɪn	𐑝𐑦𐑑𐑩𐑥𐑦𐑯	ˈvɪtəmɪn	high	
vitriol	𐑝𐑦𐑑𐑮𐑦𐑩𐑤	ˈvɪtriəl	𐑝𐑦𐑑𐑮𐑦𐑪𐑤	ˈvɪtrɪɒl	high	
vituperate	-𐑗𐑵-	-tʃuː-	𐑝𐑦𐑑𐑵𐑐𐑼𐑱𐑑, 𐑝𐑦𐑑𐑿𐑐𐑼𐑱𐑑	vɪˈtjuːpəreɪt	medium	r_gap:spelling=1,ipa=0; shave_says:𐑝𐑦𐑑𐑿𐑐𐑼𐑱𐑑
vituperate	-𐑮𐑱𐑑	-reɪt	𐑝𐑦𐑑𐑵𐑐𐑼𐑱𐑑, 𐑝𐑦𐑑𐑿𐑐𐑼𐑱𐑑	vɪˈtjuːpəreɪt	high	
vituperate	𐑝𐑦𐑑𐑿𐑐𐑼𐑩𐑑	vɪtjuːpərət	𐑝𐑦𐑑𐑵𐑐𐑼𐑱𐑑, 𐑝𐑦𐑑𐑿𐑐𐑼𐑱𐑑	vɪˈtjuːpəreɪt	high	
vituperate	𐑝𐑩𐑑𐑘𐑫𐑐𐑼𐑩𐑑	vəˈtjupərət	𐑝𐑦𐑑𐑵𐑐𐑼𐑱𐑑, 𐑝𐑦𐑑𐑿𐑐𐑼𐑱𐑑	vɪˈtjuːpəreɪt	high	
vituperate	𐑝𐑩𐑑𐑘𐑫𐑐𐑼𐑱𐑑	vəˈtjupəˌreɪt	𐑝𐑦𐑑𐑵𐑐𐑼𐑱𐑑, 𐑝𐑦𐑑𐑿𐑐𐑼𐑱𐑑	vɪˈtjuːpəreɪt	high	
vituperate	𐑝𐑲-	vaɪ-	𐑝𐑦𐑑𐑵𐑐𐑼𐑱𐑑, 𐑝𐑦𐑑𐑿𐑐𐑼𐑱𐑑	vɪˈtjuːpəreɪt	medium	r_gap:spelling=1,ipa=0; shave_says:𐑝𐑦𐑑𐑿𐑐𐑼𐑱𐑑
vituperation	𐑝𐑲𐑑𐑘𐑫𐑐𐑼𐑱𐑖𐑩𐑯	vaɪˌtjupəˈreɪʃən	𐑝𐑦𐑑𐑵𐑐𐑼𐑱𐑖𐑩𐑯, 𐑝𐑦𐑑𐑿𐑐𐑼𐑱𐑖𐑩𐑯	vɪˌtjuːpəˈreɪʃən	high	
vituperation	𐑝𐑲𐑑𐑿𐑐𐑼𐑱𐑖𐑩𐑯	vaɪtjuːpəreɪʃən	𐑝𐑦𐑑𐑵𐑐𐑼𐑱𐑖𐑩𐑯, 𐑝𐑦𐑑𐑿𐑐𐑼𐑱𐑖𐑩𐑯	vɪˌtjuːpəˈreɪʃən	high	
vituperative	𐑝𐑦𐑑𐑿𐑐𐑮𐑩𐑑𐑦𐑝	vɪtjuːprətɪv	𐑝𐑦𐑑𐑵𐑐𐑼𐑩𐑑𐑦𐑝, 𐑝𐑦𐑑𐑿𐑐𐑼𐑩𐑑𐑦𐑝	vɪˈtjuːpərətɪv	high	
vituperative	𐑝𐑦𐑗𐑵𐑐𐑮𐑩𐑑𐑦𐑝	vɪtʃuːprətɪv	𐑝𐑦𐑑𐑵𐑐𐑼𐑩𐑑𐑦𐑝, 𐑝𐑦𐑑𐑿𐑐𐑼𐑩𐑑𐑦𐑝	vɪˈtjuːpərətɪv	high	
vituperative	𐑝𐑩𐑑𐑵𐑐𐑼𐑩𐑑𐑦𐑝	vəˈtuːpəRətɪv	𐑝𐑦𐑑𐑵𐑐𐑼𐑩𐑑𐑦𐑝, 𐑝𐑦𐑑𐑿𐑐𐑼𐑩𐑑𐑦𐑝	vɪˈtjuːpərətɪv	high	
vituperative	𐑝𐑲𐑑𐑵𐑐𐑼𐑩𐑑𐑦𐑝	vaɪˈtuːpəRətɪv	𐑝𐑦𐑑𐑵𐑐𐑼𐑩𐑑𐑦𐑝, 𐑝𐑦𐑑𐑿𐑐𐑼𐑩𐑑𐑦𐑝	vɪˈtjuːpərətɪv	high	
vituperative	𐑝𐑲𐑑𐑿𐑐𐑮𐑩𐑑𐑦𐑝	vaɪtjuːprətɪv	𐑝𐑦𐑑𐑵𐑐𐑼𐑩𐑑𐑦𐑝, 𐑝𐑦𐑑𐑿𐑐𐑼𐑩𐑑𐑦𐑝	vɪˈtjuːpərətɪv	high	
vituperative	𐑝𐑲𐑗𐑵𐑐𐑮𐑩𐑑𐑦𐑝	vaɪtʃuːprətɪv	𐑝𐑦𐑑𐑵𐑐𐑼𐑩𐑑𐑦𐑝, 𐑝𐑦𐑑𐑿𐑐𐑼𐑩𐑑𐑦𐑝	vɪˈtjuːpərətɪv	high	
vizier	𐑝𐑦𐑟𐑦𐑮	vɪˈzɪr	𐑝𐑦𐑟𐑽	vɪˈzɪəR	high	
vladimir	𐑝𐑤𐑨𐑛𐑦𐑥𐑦𐑼	vlædɪmiər	𐑝𐑤𐑨𐑛𐑦𐑥𐑽	ˈvlædɪmɪəR	high	
vocabulary	𐑝𐑩-	və-	𐑝𐑴𐑒𐑨𐑚𐑘𐑩𐑤𐑼𐑦	vəʊˈkæbjələri	medium	r_gap:spelling=1,ipa=0
vocabulary	𐑝𐑴𐑒𐑨𐑚𐑘𐑩𐑤𐑧𐑮𐑦	voʊˈkæbjəˌleri	𐑝𐑴𐑒𐑨𐑚𐑘𐑩𐑤𐑼𐑦	vəʊˈkæbjələri	high	
vocalization	𐑝𐑴𐑒𐑩𐑤𐑳𐑦𐑟𐑱𐑖𐑩𐑯	vəʊkəlʌɪˈzeɪʃən	𐑝𐑴𐑒𐑩𐑤𐑲𐑟𐑱𐑖𐑩𐑯	ˌvəʊkəlaɪˈzeɪʃən	high	
vocative	𐑝𐑴𐑒𐑩𐑑𐑦𐑝	ˈvoʊkətɪv	𐑝𐑪𐑒𐑩𐑑𐑦𐑝	ˈvɒkətɪv	high	
vociferation	𐑝𐑴𐑕𐑦𐑓𐑼𐑱𐑖𐑩𐑯	vəʊsɪfəreɪʃən	𐑝𐑩𐑕𐑦𐑓𐑼𐑱𐑖𐑩𐑯	vəˌsɪfəˈreɪʃən	high	
vociferous	𐑝𐑴𐑕𐑦𐑓𐑼𐑩𐑕	vəʊsɪfərəs	𐑝𐑩𐑕𐑦𐑓𐑼𐑩𐑕	vəˈsɪfərəs	high	
volatile	𐑝𐑪𐑤𐑩𐑑𐑤	ˈvɒlətl	𐑝𐑪𐑤𐑩𐑑𐑲𐑤	ˈvɒlətaɪl	high	
volatile	𐑝𐑪𐑤𐑩𐑑𐑩𐑤	ˈvɒlətəl	𐑝𐑪𐑤𐑩𐑑𐑲𐑤	ˈvɒlətaɪl	high	
volatile	𐑝𐑪𐑤𐑩𐑑𐑲𐑩𐑤	ˈvɒləˌtaɪəl	𐑝𐑪𐑤𐑩𐑑𐑲𐑤	ˈvɒlətaɪl	high	
volatility	𐑝𐑪𐑤𐑩𐑑𐑦𐑤𐑩𐑑𐑦	ˌvɒləˈtɪləti	𐑝𐑪𐑤𐑩𐑑𐑦𐑤𐑦𐑑𐑦	ˌvɒləˈtɪlɪti	high	
volcanic	𐑝𐑷𐑤𐑒𐑨𐑯𐑦𐑒	vɔːlˈkænɪk	𐑝𐑪𐑤𐑒𐑨𐑯𐑦𐑒	vɒlˈkænɪk	high	
volcano	𐑝𐑪𐑤𐑒𐑭𐑯𐑴	vɒlˈkɑːnəʊ	𐑝𐑪𐑤𐑒𐑱𐑯𐑴	vɒlˈkeɪnəʊ	high	
volcano	𐑝𐑷𐑤𐑒𐑱𐑯𐑴	vɔːlˈkeɪnoʊ	𐑝𐑪𐑤𐑒𐑱𐑯𐑴	vɒlˈkeɪnəʊ	high	
vole	𐑝𐑪𐑤	vol	𐑝𐑴𐑤	vəʊl	high	
vole	𐑝𐑷𐑫𐑤	vɔʊl	𐑝𐑴𐑤	vəʊl	high	
volition	𐑝𐑴𐑤𐑦𐑖𐑩𐑯	voʊˈlɪʃən	𐑝𐑩𐑤𐑦𐑖𐑩𐑯	vəˈlɪʃən	high	
volt	𐑝𐑪𐑤𐑑	vɒlt	𐑝𐑴𐑤𐑑	vəʊlt	high	
voltage	𐑝𐑪𐑤𐑑𐑦𐑡	ˈvɒltɪdʒ	𐑝𐑴𐑤𐑑𐑦𐑡	ˈvəʊltɪdʒ	high	
volume	𐑝𐑪𐑤𐑘𐑩𐑥	ˈvɒljəm	𐑝𐑪𐑤𐑿𐑥	ˈvɒljuːm	high	
volume	𐑝𐑪𐑤𐑘𐑫𐑥	ˈvɒljum	𐑝𐑪𐑤𐑿𐑥	ˈvɒljuːm	high	
volumes	𐑝𐑪𐑤𐑘𐑫𐑥𐑟	ˈvɒljumz	𐑝𐑪𐑤𐑿𐑥𐑟	ˈvɒljuːmz	high	
voluminous	𐑝𐑩𐑤𐑫𐑥𐑩𐑯𐑩𐑕	vəˈlumənəs	𐑝𐑩𐑤𐑵𐑥𐑦𐑯𐑩𐑕	vəˈluːmɪnəs	high	
voluminous	𐑝𐑩𐑤𐑿𐑥𐑦𐑯𐑩𐑕	vəˈljuːmɪnəs	𐑝𐑩𐑤𐑵𐑥𐑦𐑯𐑩𐑕	vəˈluːmɪnəs	high	
voluntarily	𐑝𐑪𐑤𐑩𐑯𐑑𐑧𐑮𐑦𐑤𐑦	ˌvɒlənˈterɪli	𐑝𐑪𐑤𐑩𐑯𐑑𐑼𐑦𐑤𐑦	ˈvɒləntərɪli	high	
voluntarily	𐑝𐑪𐑤𐑩𐑯𐑑𐑮𐑦𐑤𐑦	vɒləntrɪli	𐑝𐑪𐑤𐑩𐑯𐑑𐑼𐑦𐑤𐑦	ˈvɒləntərɪli	high	
voluntary	𐑝𐑪𐑤𐑩𐑯𐑑𐑧𐑮𐑦	ˈvɒlənˌteri	𐑝𐑪𐑤𐑩𐑯𐑑𐑼𐑦	ˈvɒləntəri	high	
voluntary	𐑝𐑪𐑤𐑩𐑯𐑑𐑮𐑦	vɒləntri	𐑝𐑪𐑤𐑩𐑯𐑑𐑼𐑦	ˈvɒləntəri	high	
volunteer	-𐑑𐑽	-ˈtɪəR	𐑝𐑪𐑤𐑩𐑯𐑑𐑽	ˌvɒlənˈtɪəR	high	
volunteer	𐑝𐑪𐑤𐑩𐑯𐑑𐑦𐑮	ˌvɒlənˈtɪr	𐑝𐑪𐑤𐑩𐑯𐑑𐑽	ˌvɒlənˈtɪəR	high	
volunteers	𐑝𐑪𐑤𐑩𐑯𐑑𐑦𐑮𐑟	vɒlənˈtɪrz	𐑝𐑪𐑤𐑩𐑯𐑑𐑽𐑟	ˌvɒlənˈtɪəRz	high	
voluptuary	-𐑑𐑘𐑩-	-tjə-	𐑝𐑩𐑤𐑳𐑐𐑗𐑫𐑼𐑦	vəˈlʌptʃuəri	medium	r_gap:spelling=1,ipa=0; shave_says:𐑝𐑩𐑤𐑳𐑐𐑑𐑵𐑼𐑦
voluptuary	-𐑤𐑩𐑐-	-ˈləp-	𐑝𐑩𐑤𐑳𐑐𐑗𐑫𐑼𐑦	vəˈlʌptʃuəri	medium	r_gap:spelling=1,ipa=0
voluptuary	𐑝𐑩𐑤𐑳𐑐𐑗𐑫𐑧𐑮𐑦	vəˈlʌptʃʊˌeri	𐑝𐑩𐑤𐑳𐑐𐑗𐑫𐑼𐑦	vəˈlʌptʃuəri	high	
voluptuary	𐑝𐑩𐑤𐑳𐑐𐑗𐑫𐑮𐑦	vəlʌptʃʊri	𐑝𐑩𐑤𐑳𐑐𐑗𐑫𐑼𐑦	vəˈlʌptʃuəri	high	
voluptuary	𐑝𐑩𐑤𐑳𐑐𐑗𐑮𐑦	vəlʌptʃri	𐑝𐑩𐑤𐑳𐑐𐑗𐑫𐑼𐑦	vəˈlʌptʃuəri	high	
voodoo	𐑝𐑫𐑛𐑫	ˈvudu	𐑝𐑵𐑛𐑵	ˈvuːduː	high	
voracity	𐑝𐑹𐑨𐑕𐑩𐑑𐑦	vɔːˈræsəti	𐑝𐑼𐑨𐑕𐑦𐑑𐑦	vəˈræsɪti	high	
voracity	𐑝𐑼𐑨𐑕𐑩𐑑𐑦	vəˈræsəti	𐑝𐑼𐑨𐑕𐑦𐑑𐑦	vəˈræsɪti	high	
vortices	𐑝𐑹𐑑𐑦𐑕𐑦𐑟	ˈvɔːRtɪsiz	𐑝𐑹𐑑𐑦𐑕𐑰𐑟	ˈvɔːRtɪsiːz	high	
votary	𐑝𐑴𐑛𐑼𐑦	ˈvoʊdəri	𐑝𐑴𐑑𐑼𐑦	ˈvəʊtəri	high	
vox populi	𐑝𐑪𐑒𐑕 𐑐𐑪𐑐𐑿𐑤𐑲	ˈvɒks ˈpɒpjuːlaɪ	𐑝𐑪𐑒𐑕 𐑐𐑪𐑐𐑘𐑩𐑤𐑰	ˌvɒks ˈpɒpjəliː	high	
vuitton	𐑝𐑦𐑑𐑪𐑯	vɪˈtɒn	𐑝𐑢𐑰𐑑𐑪𐑯	ˈvwiːtɒn	high	
vulgarian	𐑝𐑳𐑤𐑜𐑺𐑦𐑩𐑯	vʌlɡeəriən	𐑝𐑳𐑤𐑜𐑺𐑾𐑯	vʌlˈɡeərɪən	high	
vulnerability	𐑝𐑳𐑤𐑯𐑼𐑩𐑚𐑦𐑤𐑩𐑑𐑦	ˌvʌlnərəˈbɪləti	𐑝𐑳𐑤𐑯𐑼𐑩𐑚𐑦𐑤𐑦𐑑𐑦	ˌvʌlnərəˈbɪlɪti	high	
w	𐑛𐑳𐑚	ˈdʌb	𐑛𐑳𐑚𐑩𐑤𐑿	ˈdʌbəljuː	high	
w	𐑛𐑳𐑚𐑩𐑤𐑘𐑫	ˈdʌbəlju	𐑛𐑳𐑚𐑩𐑤𐑿	ˈdʌbəljuː	high	
waddle	𐑢𐑪𐑑𐑤	ˈwɒtl	𐑢𐑪𐑛𐑩𐑤	ˈwɒdəl	high	
waffle	𐑢𐑪𐑓𐑤	wɒfl	𐑢𐑪𐑓𐑩𐑤	ˈwɒfəl	high	
waft	𐑢𐑨𐑓𐑑	wæft	𐑢𐑪𐑓𐑑	wɒft	high	
waft	𐑢𐑭𐑓𐑑	wɑːft	𐑢𐑪𐑓𐑑	wɒft	high	
wagner	𐑢𐑨𐑜𐑯𐑼	ˈwæɡnəR	𐑝𐑭𐑜𐑯𐑼	ˈvɑːɡnəR	high	
wainscot	𐑢𐑱𐑯𐑕𐑒𐑪𐑑	ˈweɪnskɒt	𐑢𐑱𐑯𐑕𐑒𐑩𐑑	ˈweɪnskət	high	
wainscoted	𐑢𐑱𐑯𐑕𐑒𐑪𐑑𐑩𐑛	ˈweɪnskɒtƏd	𐑢𐑱𐑯𐑕𐑒𐑩𐑑𐑩𐑛	ˈweɪnskətƏd	high	
wainscots	𐑢𐑱𐑯𐑕𐑒𐑪𐑑𐑕	ˈweɪnskɒts	𐑢𐑱𐑯𐑕𐑒𐑩𐑑𐑕	ˈweɪnskəts	high	
wall street	𐑢𐑪𐑤-	ˈwɒl-	𐑢𐑷𐑤 𐑕𐑑𐑮𐑰𐑑	ˈwɔːl striːt	medium	r_gap:spelling=1,ipa=0
wall street	𐑢𐑷𐑤 𐑕𐑑𐑮𐑦𐑑	ˈwɔːl ˌstrit	𐑢𐑷𐑤 𐑕𐑑𐑮𐑰𐑑	ˈwɔːl striːt	high	
wallace	𐑢𐑪𐑤𐑦𐑕	ˈwɒlɪs	𐑢𐑪𐑤𐑩𐑕	ˈwɒləs	high	
wallace	𐑢𐑷𐑤𐑩𐑕	ˈwɔːləs	𐑢𐑪𐑤𐑩𐑕	ˈwɒləs	high	
wallet	𐑢𐑪𐑤𐑦𐑑	ˈwɒlɪt	𐑢𐑪𐑤𐑩𐑑	ˈwɒlət	high	
wallet	𐑢𐑷𐑤𐑩𐑑	ˈwɔːlət	𐑢𐑪𐑤𐑩𐑑	ˈwɒlət	high	
wallflower	𐑢𐑪𐑤𐑓𐑤𐑬𐑼	ˈwɒlˌflaʊəR	𐑢𐑷𐑤𐑓𐑤𐑬𐑼	ˈwɔːlflaʊəR	high	
walnut	𐑢𐑷𐑤𐑯𐑩𐑑	ˈwɔːlnət	𐑢𐑷𐑤𐑯𐑳𐑑	ˈwɔːlnʌt	high	
walrus	𐑢𐑪𐑤𐑮𐑩𐑕	wɒlrəs	𐑢𐑷𐑤𐑮𐑩𐑕	ˈwɔːlrəs	high	
walter	𐑢𐑪𐑤𐑑𐑼	wɒltəR	𐑢𐑷𐑤𐑑𐑼	ˈwɔːltəR	high	
walton	𐑢𐑪𐑤-	ˈwɒl-	𐑢𐑪𐑤𐑑𐑩𐑯	ˈwɒltən	high	
walton	𐑢𐑷𐑤-	ˈwɔːl-	𐑢𐑪𐑤𐑑𐑩𐑯	ˈwɒltən	high	
walton	𐑢𐑷𐑤𐑑𐑩𐑯	ˈwɔːltən	𐑢𐑪𐑤𐑑𐑩𐑯	ˈwɒltən	high	
waltz	𐑢𐑪𐑤𐑑𐑕	wɒlts	𐑢𐑷𐑤𐑑𐑕	wɔːlts	high	
wanderlust	𐑢𐑪𐑯𐑛𐑩𐑤𐑳𐑕𐑑	wɒndəlʌst	𐑢𐑪𐑯𐑛𐑼𐑤𐑳𐑕𐑑	ˈwɒndəRlʌst	medium	r_gap:spelling=1,ipa=0; shave_says:𐑢𐑪𐑯𐑛𐑼𐑤𐑳𐑕𐑑
wandsworth	𐑢𐑷𐑯𐑟𐑢𐑼𐑔	wɔnzwəRθ	𐑢𐑪𐑯𐑛𐑟𐑢𐑼𐑔	ˈwɒndzwəRθ	high	
want	𐑢𐑳𐑯𐑑	wʌnt	𐑢𐑪𐑯𐑑	wɒnt	high	
want	𐑢𐑷𐑯𐑑	wɔːnt	𐑢𐑪𐑯𐑑	wɒnt	high	
wanted	𐑢𐑪𐑯𐑩𐑛	ˈwɒnƏd	𐑢𐑪𐑯𐑑𐑩𐑛	ˈwɒntƏd	high	
wants	𐑢𐑳𐑯𐑑𐑕	wʌnts	𐑢𐑪𐑯𐑑𐑕	wɒnts	high	
wants	𐑢𐑷𐑯𐑑𐑕	wɔːnts	𐑢𐑪𐑯𐑑𐑕	wɒnts	high	
warburton	𐑢𐑹𐑚𐑩𐑑𐑩𐑯	wɔːRbətən	𐑢𐑹𐑚𐑼𐑑𐑩𐑯	ˈwɔːRbəRtən	medium	r_gap:spelling=2,ipa=1; shave_says:𐑢𐑹𐑚𐑼𐑑𐑩𐑯
wardress	𐑢𐑹𐑛𐑮𐑦𐑕	wɔːRdrɪs	𐑢𐑹𐑛𐑮𐑩𐑕	ˈwɔːRdrƏs	high	
ware	𐑢𐑧𐑮	ˈwer	𐑢𐑺	weəR	high	
wares	𐑢𐑧𐑮𐑟	werz	𐑢𐑺𐑟	weəRz	high	
warfare	𐑢𐑹𐑓𐑧𐑮	ˈwɔːRfer	𐑢𐑹𐑓𐑺	ˈwɔːRfeəR	high	
waring	𐑢𐑧𐑮𐑦𐑙	ˈwerɪŋ	𐑢𐑺𐑦𐑙	ˈweərɪŋ	high	
warmest	𐑢𐑹𐑥𐑦𐑕𐑑	ˈwɔːRmɪst	𐑢𐑹𐑥𐑩𐑕𐑑	ˈwɔːRməst	high	
warming	𐑢𐑪𐑮𐑥𐑦𐑙	ˈwormɪŋ	𐑢𐑹𐑥𐑦𐑙	ˈwɔːRmɪŋ	high	
warmonger	-𐑥𐑳𐑙𐑜𐑼	-ˌmʌŋɡəR	𐑢𐑹𐑥𐑳𐑙𐑜𐑼	ˈwɔːRmʌŋɡəR	medium	r_gap:spelling=2,ipa=1
warmonger	𐑢𐑪𐑮𐑥𐑪𐑙𐑜𐑼	ˈworˌmɒŋɡəR	𐑢𐑹𐑥𐑳𐑙𐑜𐑼	ˈwɔːRmʌŋɡəR	high	
warped	𐑢𐑪𐑮𐑐𐑑	worpt	𐑢𐑹𐑐𐑑	wɔːRpt	high	
warrant	𐑢𐑹𐑩𐑯𐑑	ˈwɔːRənt	𐑢𐑪𐑮𐑩𐑯𐑑	ˈwɒrənt	medium	r_gap:spelling=2,ipa=1
warrantee	𐑢𐑹𐑩𐑯𐑑𐑰	ˌwɔːRənˈtiː	𐑢𐑪𐑮𐑩𐑯𐑑𐑰	ˌwɒrənˈtiː	medium	r_gap:spelling=2,ipa=1
warranties	𐑢𐑹𐑩𐑯𐑑𐑦𐑟	ˈwɔːRəntiz	𐑢𐑪𐑮𐑩𐑯𐑑𐑦𐑟	ˈwɒrəntiz	medium	r_gap:spelling=2,ipa=1
warranty	𐑢𐑸𐑩𐑯𐑑𐑦	ˈwɑːRənti	𐑢𐑪𐑮𐑩𐑯𐑑𐑦	ˈwɒrənti	medium	r_gap:spelling=2,ipa=1
warranty	𐑢𐑹𐑩𐑯𐑑𐑦	ˈwɔːRənti	𐑢𐑪𐑮𐑩𐑯𐑑𐑦	ˈwɒrənti	medium	r_gap:spelling=2,ipa=1
warren	𐑢𐑹𐑩𐑯	ˈwɔːRən	𐑢𐑪𐑮𐑩𐑯	ˈwɒrən	medium	r_gap:spelling=2,ipa=1
warrior	𐑢𐑪𐑮𐑦𐑼	wɒriəR	𐑢𐑪𐑮𐑽	ˈwɒrɪəR	medium	r_gap:spelling=3,ipa=2; shave_says:𐑢𐑹𐑽
warrior	𐑢𐑹𐑘𐑼	ˈwɔːRjəR	𐑢𐑪𐑮𐑽	ˈwɒrɪəR	medium	r_gap:spelling=3,ipa=2
warrior	𐑢𐑹𐑦𐑼	ˈwɔːRiəR	𐑢𐑪𐑮𐑽	ˈwɒrɪəR	medium	r_gap:spelling=3,ipa=2
warriors	𐑢𐑹𐑘𐑼𐑟	ˈwɔːRjəRz	𐑢𐑪𐑮𐑽𐑟	ˈwɒrɪəRz	medium	r_gap:spelling=3,ipa=2
warriors	𐑢𐑹𐑦𐑼𐑟	ˈwɔːRiəRz	𐑢𐑪𐑮𐑽𐑟	ˈwɒrɪəRz	medium	r_gap:spelling=3,ipa=2
warsaw	𐑢𐑹𐑕𐑪	ˈwɔːRsɒ	𐑢𐑹𐑕𐑷	ˈwɔːRsɔː	high	
warsaw	𐑢𐑹𐑕𐑹	wɔːRsɔːR	𐑢𐑹𐑕𐑷	ˈwɔːRsɔː	high	
warthog	-𐑣𐑪𐑜	-hɒɡ	𐑢𐑹𐑑𐑣𐑪𐑜	ˈwɔːRthɒɡ	medium	r_gap:spelling=1,ipa=0
warthog	𐑢𐑹𐑑𐑣𐑷𐑜	ˈwɔːRtˌhɔːɡ	𐑢𐑹𐑑𐑣𐑪𐑜	ˈwɔːRthɒɡ	high	
warwick	𐑢𐑪𐑮𐑢𐑦𐑒	wɒrwɪk	𐑢𐑪𐑮𐑦𐑒	ˈwɒrɪk	high	
warwick	𐑢𐑹𐑢𐑦𐑒	ˈwɔːRwɪk	𐑢𐑪𐑮𐑦𐑒	ˈwɒrɪk	high	
warwick	𐑢𐑹𐑦𐑒	ˈwɔːRɪk	𐑢𐑪𐑮𐑦𐑒	ˈwɒrɪk	high	
washcloth	𐑢𐑪𐑖-	ˈwɒʃ-	𐑢𐑪𐑖𐑒𐑤𐑪𐑔	ˈwɒʃklɒθ	high	
washcloth	𐑢𐑷𐑖𐑒𐑤𐑷𐑔	ˈwɔːʃklɔːθ	𐑢𐑪𐑖𐑒𐑤𐑪𐑔	ˈwɒʃklɒθ	high	
washing-up	𐑢𐑪𐑖𐑦𐑙𐑳𐑐	ˌwɒʃɪŋˈʌp	𐑢𐑪𐑖𐑦𐑙-𐑳𐑐	ˌwɒʃɪŋ-ˈʌp	high	
washington	𐑢𐑷𐑖𐑦𐑙𐑑𐑩𐑯	ˈwɔːʃɪŋtən	𐑢𐑪𐑖𐑦𐑙𐑑𐑩𐑯	ˈwɒʃɪŋtən	high	
washout	𐑢𐑪𐑖-	ˈwɒʃ-	𐑢𐑪𐑖𐑬𐑑	ˈwɒʃaʊt	high	
washout	𐑢𐑷𐑖𐑬𐑑	ˈwɔːʃˌaʊt	𐑢𐑪𐑖𐑬𐑑	ˈwɒʃaʊt	high	
wasn't	𐑢𐑳𐑛𐑩𐑯𐑑	ˈwʌdənt	𐑢𐑪𐑟𐑩𐑯𐑑, 𐑢𐑳𐑟𐑩𐑯𐑑	ˈwɒzənt	high	
wassail	𐑢𐑨𐑕𐑤	ˈwæsl	𐑢𐑪𐑕𐑱𐑤	ˈwɒseɪl	high	
wassail	𐑢𐑪𐑕𐑤	ˈwɒsl	𐑢𐑪𐑕𐑱𐑤	ˈwɒseɪl	high	
wasteland	𐑢𐑱𐑕𐑑𐑤𐑩𐑯𐑛	ˈweɪstˌlənd	𐑢𐑱𐑕𐑑𐑤𐑨𐑯𐑛	ˈweɪstlænd	high	
watchdog	𐑢𐑭𐑗𐑛𐑭𐑜	ˈwɑːtʃˌdɑːɡ	𐑢𐑪𐑗𐑛𐑪𐑜	ˈwɒtʃdɒɡ	high	
watchful	𐑢𐑷𐑗𐑓𐑩𐑤	ˈwɔːtʃfəl	𐑢𐑪𐑗𐑓𐑩𐑤	ˈwɒtʃfəl	high	
watchmaker	𐑢𐑷𐑗𐑥𐑱𐑒𐑼	wɔtʃmeɪkəR	𐑢𐑪𐑗𐑥𐑱𐑒𐑼	ˈwɒtʃmeɪkəR	high	
watercress	𐑢𐑷𐑑𐑩𐑒𐑮𐑧𐑕	wɔːtəkres	𐑢𐑷𐑑𐑼𐑒𐑮𐑧𐑕	ˈwɔːtəRkres	medium	r_gap:spelling=2,ipa=1; shave_says:𐑢𐑷𐑑𐑼𐑒𐑮𐑧𐑕
waterfall	𐑢𐑪𐑑𐑼𐑓𐑷𐑤	ˈwɒtəRfɔːl	𐑢𐑷𐑑𐑼𐑓𐑷𐑤	ˈwɔːtəRfɔːl	high	
waterfall	𐑢𐑷𐑑𐑩𐑓𐑷𐑤	wɔːtəfɔːl	𐑢𐑷𐑑𐑼𐑓𐑷𐑤	ˈwɔːtəRfɔːl	medium	r_gap:spelling=1,ipa=0; shave_says:𐑢𐑷𐑑𐑼𐑓𐑷𐑤
waterloo	𐑢𐑷𐑑𐑩𐑤𐑵	wɔːtəluː	𐑢𐑷𐑑𐑼𐑤𐑵	ˌwɔːtəRˈluː	medium	r_gap:spelling=1,ipa=0; shave_says:𐑢𐑷𐑑𐑼𐑤𐑵
watermelon	𐑢𐑪𐑑𐑼𐑥𐑧𐑤𐑩𐑯	ˈwɒtəRˌmelən	𐑢𐑷𐑑𐑼𐑥𐑧𐑤𐑩𐑯	ˈwɔːtəRmelən	high	
watermelon	𐑢𐑷𐑑𐑩𐑥𐑧𐑤𐑩𐑯	wɔːtəmelən	𐑢𐑷𐑑𐑼𐑥𐑧𐑤𐑩𐑯	ˈwɔːtəRmelən	medium	r_gap:spelling=1,ipa=0; shave_says:𐑢𐑷𐑑𐑼𐑥𐑧𐑤𐑩𐑯
waterproof	𐑢𐑷𐑑𐑩𐑐𐑮𐑵𐑓	wɔːtəpruːf	𐑢𐑷𐑑𐑼𐑐𐑮𐑵𐑓	ˈwɔːtəRpruːf	medium	r_gap:spelling=2,ipa=1; shave_says:𐑢𐑷𐑑𐑼𐑐𐑮𐑵𐑓
watershed	𐑢𐑷𐑑𐑩𐑖𐑧𐑛	wɔːtəʃed	𐑢𐑷𐑑𐑼𐑖𐑧𐑛	ˈwɔːtəRʃed	medium	r_gap:spelling=1,ipa=0; shave_says:𐑢𐑷𐑑𐑼𐑖𐑧𐑛
waterspout	𐑢𐑪𐑑𐑼 𐑕𐑐𐑬𐑑	ˈwɒtər spaʊt	𐑢𐑷𐑑𐑼𐑕𐑐𐑬𐑑	ˈwɔːtəRspaʊt	high	
waterspout	𐑢𐑷𐑑𐑩 𐑕𐑐𐑬𐑑	wɔːtə spaʊt	𐑢𐑷𐑑𐑼𐑕𐑐𐑬𐑑	ˈwɔːtəRspaʊt	medium	r_gap:spelling=1,ipa=0; shave_says:𐑢𐑷𐑑𐑼𐑕𐑐𐑬𐑑
waterspout	𐑢𐑷𐑑𐑼 𐑕𐑐𐑬𐑑	ˈwɔːtər spaʊt	𐑢𐑷𐑑𐑼𐑕𐑐𐑬𐑑	ˈwɔːtəRspaʊt	high	
watertight	𐑢𐑷𐑑𐑩𐑑𐑲𐑑	wɔːtətaɪt	𐑢𐑷𐑑𐑼𐑑𐑲𐑑	ˈwɔːtəRtaɪt	medium	r_gap:spelling=1,ipa=0; shave_says:𐑢𐑷𐑑𐑼𐑑𐑲𐑑
waterworks	-𐑑𐑼-	-təR-	𐑢𐑷𐑑𐑼𐑢𐑻𐑒𐑕	ˈwɔːtəRwɜːRks	medium	r_gap:spelling=2,ipa=1
waterworks	𐑢𐑷𐑑𐑼𐑢𐑼𐑒𐑕	ˈwɔːtəRˌwəRks	𐑢𐑷𐑑𐑼𐑢𐑻𐑒𐑕	ˈwɔːtəRwɜːRks	high	
watery	𐑢𐑷𐑑𐑮𐑦	wɔːtri	𐑢𐑷𐑑𐑼𐑦	ˈwɔːtəri	high	
wavelength	𐑢𐑱𐑝𐑤𐑧𐑙𐑒𐑔	ˈweɪvleŋkθ	𐑢𐑱𐑝𐑤𐑧𐑙𐑔	ˈweɪvleŋθ	high	
way	𐑢𐑧𐑘	wej	𐑢𐑱	weɪ	high	
we	𐑢𐑦	wi	𐑢𐑰	wiː	high	
we'll	𐑢𐑦𐑤	wil	𐑢𐑰𐑤	wiːl	high	
we'll	𐑢𐑦𐑩𐑤	wiəl	𐑢𐑰𐑤	wiːl	high	
we're	𐑢𐑺	weəR	𐑢𐑰𐑼	ˈwɪəR	high	
we're	𐑢𐑼	wəR	𐑢𐑰𐑼	ˈwɪəR	high	
we've	𐑢𐑦𐑝	wiv	𐑢𐑰𐑝	wiːv	high	
weak	𐑢𐑦𐑒	wik	𐑢𐑰𐑒	wiːk	high	
weaken	𐑢𐑦𐑒𐑩𐑯	ˈwikən	𐑢𐑰𐑒𐑩𐑯	ˈwiːkən	high	
weakened	𐑢𐑦𐑒𐑩𐑯𐑛	ˈwikənd	𐑢𐑰𐑒𐑩𐑯𐑛	ˈwiːkənd	high	
weaker	𐑢𐑦𐑒𐑼	ˈwikəR	𐑢𐑰𐑒𐑼	ˈwiːkəR	high	
weakness	𐑢𐑦𐑒𐑯𐑦𐑕	ˈwiknɪs	𐑢𐑰𐑒𐑯𐑩𐑕	ˈwiːknəs	high	
weakness	𐑢𐑦𐑒𐑯𐑩𐑕	ˈwiknəs	𐑢𐑰𐑒𐑯𐑩𐑕	ˈwiːknəs	high	
weaknesses	𐑢𐑦𐑒𐑯𐑦𐑕𐑩𐑟	ˈwiknɪsƏz	𐑢𐑰𐑒𐑯𐑩𐑕𐑩𐑟	ˈwiːknəsƏz	high	
weaknesses	𐑢𐑦𐑒𐑯𐑩𐑕𐑩𐑟	ˈwiknəsƏz	𐑢𐑰𐑒𐑯𐑩𐑕𐑩𐑟	ˈwiːknəsƏz	high	
weaknesses	𐑢𐑰𐑒𐑯𐑦𐑕𐑩𐑟	ˈwiːknɪsƏz	𐑢𐑰𐑒𐑯𐑩𐑕𐑩𐑟	ˈwiːknəsƏz	high	
weal	𐑢𐑦𐑤	wil	𐑢𐑰𐑤	wiːl	high	
weald	𐑢𐑦𐑤𐑛	wild	𐑢𐑰𐑤𐑛	wiːld	high	
wear	𐑢𐑧𐑮	wer	𐑢𐑺, 𐑢𐑽	weəR	high	
wear	𐑢𐑻	wɜːR	𐑢𐑺, 𐑢𐑽	weəR	high	
wearer	𐑢𐑧𐑮𐑼	ˈwerəR	𐑢𐑺𐑼	ˈweərəR	high	
wearied	𐑢𐑦𐑮𐑦𐑛	ˈwɪrid	𐑢𐑽𐑦𐑛	ˈwɪərid	high	
wearily	𐑢𐑦𐑮𐑦𐑤𐑦	ˈwɪrɪli	𐑢𐑽𐑦𐑤𐑦	ˈwɪərɪli	high	
weariness	𐑢𐑽𐑦𐑯𐑦𐑕	wɪərinɪs	𐑢𐑽𐑦𐑯𐑩𐑕	ˈwɪərɪnəs	high	
wearing	𐑢𐑧𐑮𐑦𐑙	ˈwerɪŋ	𐑢𐑺𐑦𐑙	ˈweərɪŋ	high	
wears	𐑢𐑧𐑮𐑟	werz	𐑢𐑺𐑟	weəRz	high	
weary	𐑢𐑦𐑮𐑦	ˈwiri	𐑢𐑽𐑦	ˈwɪəri	high	
weasel	𐑢𐑦𐑟𐑩𐑤	ˈwizəl	𐑢𐑰𐑟𐑩𐑤	ˈwiːzəl	high	
weaver	𐑢𐑦𐑝𐑼	ˈwivəR	𐑢𐑰𐑝𐑼	ˈwiːvəR	high	
wednesday	𐑢𐑧𐑛𐑩𐑯𐑟𐑛𐑱	ˈwedənzdeɪ	𐑢𐑧𐑯𐑟𐑛𐑱	ˈwenzdeɪ	high	
wednesday	𐑢𐑧𐑯𐑟𐑛𐑦	ˈwenzdi	𐑢𐑧𐑯𐑟𐑛𐑱	ˈwenzdeɪ	high	
week	𐑢𐑦𐑒	wik	𐑢𐑰𐑒	wiːk	high	
weekend	𐑢𐑦𐑒𐑧𐑯𐑛	ˈwiˌkend	𐑢𐑰𐑒𐑧𐑯𐑛	wiːkˈend	high	
weevil	𐑢𐑰𐑝𐑦𐑤	ˈwiːvɪl	𐑢𐑰𐑝𐑩𐑤	ˈwiːvəl	high	
weir	𐑢𐑦𐑮	wɪr	𐑢𐑽	wɪəR	high	
weird	𐑢𐑦𐑼𐑛	ˈwiəRd	𐑢𐑽𐑛	wɪəRd	high	
weird	𐑢𐑰𐑼𐑛	wiːərd	𐑢𐑽𐑛	wɪəRd	high	
welkin	𐑢𐑧𐑤𐑒𐑩𐑯	ˈwelkən	𐑢𐑧𐑤𐑒𐑦𐑯	ˈwelkɪn	high	
well-appointed	𐑢𐑧𐑤𐑩𐑐𐑶𐑯𐑑𐑩𐑛	ˌweləˈpɔɪntƏd	𐑢𐑧𐑤-𐑩𐑐𐑶𐑯𐑑𐑩𐑛	ˌwel-əˈpɔɪntƏd	high	
well-known	𐑢𐑧𐑤𐑯𐑴𐑯	ˌwelˈnoʊn	𐑢𐑧𐑤-𐑯𐑴𐑯	ˈwel-nəʊn	high	
well-to-do	𐑢𐑧𐑤𐑑𐑩𐑛𐑫	ˌweltəˈdu	𐑢𐑧𐑤-𐑑-𐑛𐑵	ˌwel-T-ˈduː	high	
well-wisher	𐑢𐑧𐑤𐑢𐑦𐑖𐑼	welwɪʃəR	𐑢𐑧𐑤-𐑢𐑦𐑖𐑼	ˈwel-wɪʃəR	high	
weren't	𐑢𐑻𐑩𐑯𐑑	ˈwɜːRənt	𐑢𐑻𐑯𐑑	wɜːRnt	high	
weren't	𐑢𐑻𐑯	wɜːRn	𐑢𐑻𐑯𐑑	wɜːRnt	high	
werewolf	𐑢𐑻𐑢𐑫𐑤𐑓	wɜːRwʊlf	𐑢𐑺𐑢𐑫𐑤𐑓	ˈweəRwʊlf	high	
werewolf	𐑢𐑽𐑢𐑫𐑤𐑓	wɪəRwʊlf	𐑢𐑺𐑢𐑫𐑤𐑓	ˈweəRwʊlf	high	
wert	𐑢𐑼𐑑	wəRt	𐑢𐑻𐑑	wɜːRt	high	
weston-super-mare	𐑢𐑧𐑕𐑑𐑩𐑯 𐑕𐑵𐑐𐑼 𐑥𐑻𐑼	westən suːpəR mɜːRəR	𐑢𐑧𐑕𐑑𐑩𐑯-𐑕𐑵𐑐𐑼-𐑥𐑺	ˌwestən-ˌsuːpəR-ˈmeəR	high	
wham	𐑣𐑢𐑨𐑥	hwæm	𐑢𐑨𐑥	ʍæm	high	
what	𐑢𐑷𐑑	wɔt	𐑢𐑪𐑑, 𐑢𐑳𐑑	ʍɒt	high	
what'll	𐑣𐑢𐑪𐑑𐑩𐑤	ˈhwɒtəl	𐑢𐑪𐑑𐑩𐑤, 𐑢𐑳𐑑𐑩𐑤	ˈʍɒtəl	high	
what'll	𐑣𐑢𐑳𐑑𐑩𐑤	ˈhwʌtəl	𐑢𐑪𐑑𐑩𐑤, 𐑢𐑳𐑑𐑩𐑤	ˈʍɒtəl	high	
whatsoever	𐑣𐑢𐑳𐑑𐑕𐑴𐑧𐑝𐑼	ˌhwʌtsoʊˈevəR	𐑢𐑪𐑑𐑕𐑴𐑧𐑝𐑼, 𐑢𐑳𐑑𐑕𐑴𐑧𐑝𐑼	ˌʍɒtsəʊˈevəR	high	
wheel	𐑢𐑦𐑤	wil	𐑢𐑰𐑤	ʍiːl	high	
wheelbarrow	𐑢𐑦𐑤𐑚𐑨𐑮𐑴	ˈʍilbæroʊ	𐑢𐑰𐑤𐑚𐑨𐑮𐑴	ˈʍiːlbærəʊ	medium	r_gap:spelling=2,ipa=1
wheelchair	𐑣𐑢𐑦𐑤𐑗𐑧𐑮	ˈhwiltʃer	𐑢𐑰𐑤𐑗𐑺	ˈʍiːltʃeəR	high	
wheelhouse	𐑢𐑦𐑤-	ˈwil-	𐑢𐑰𐑤𐑣𐑬𐑕	ˈʍiːlhaʊs	high	
wheelhouse	𐑢𐑦𐑤𐑣𐑬𐑕	ˈʍilˌhaʊs	𐑢𐑰𐑤𐑣𐑬𐑕	ˈʍiːlhaʊs	high	
wheelie	𐑣𐑢𐑦𐑤𐑦	ˈhwili	𐑢𐑰𐑤𐑦	ˈʍiːli	high	
wheelie	𐑣𐑢𐑰𐑤𐑦	ˈhwiːli	𐑢𐑰𐑤𐑦	ˈʍiːli	high	
whenever	𐑢𐑩𐑯𐑧𐑝𐑼	wənevəR	𐑢𐑧𐑯𐑧𐑝𐑼	ʍenˈevəR	high	
whenever	𐑣𐑢𐑩𐑯𐑧𐑝𐑼	hwəˈnevəR	𐑢𐑧𐑯𐑧𐑝𐑼	ʍenˈevəR	high	
whereas	𐑢𐑻𐑨𐑟	wɜːraz	𐑢𐑺𐑨𐑟	ˌʍeəˈræz	high	
whereas	𐑣𐑢𐑧𐑮𐑨𐑟	hwerˈæz	𐑢𐑺𐑨𐑟	ˌʍeəˈræz	high	
wherein	𐑢𐑧𐑮𐑦𐑯	weˈrɪn	𐑢𐑺𐑦𐑯	ˌʍeəˈrɪn	high	
whereof	𐑣𐑢𐑧𐑮𐑳𐑝	hwerˈʌv	𐑢𐑺𐑪𐑝	ˌʍeəˈrɒv	high	
whereupon	𐑣𐑢𐑧𐑮𐑩𐑐𐑪𐑯	ˌhwerəˈpɒn	𐑢𐑺𐑩𐑐𐑪𐑯	ˌʍeərəˈpɒn	high	
wherever	𐑣𐑢𐑧𐑮𐑧𐑝𐑼	hwerˈevəR	𐑢𐑺𐑧𐑝𐑼	ˌʍeəˈrevəR	high	
while	𐑢𐑨𐑤	wæl	𐑢𐑲𐑤	ʍaɪl	high	
while	𐑢𐑪𐑤	wɒl	𐑢𐑲𐑤	ʍaɪl	high	
whippersnapper	𐑢𐑦𐑐𐑩𐑕𐑯𐑨𐑐𐑼	wɪpəsnæpəR	𐑢𐑦𐑐𐑼𐑕𐑯𐑨𐑐𐑼	ˈʍɪpəRsnæpəR	medium	r_gap:spelling=2,ipa=1; shave_says:𐑢𐑦𐑐𐑼𐑕𐑯𐑨𐑐𐑼
whippoorwill	𐑢𐑦𐑐𐑩𐑢𐑦𐑤	wɪpəwɪl	𐑢𐑦𐑐𐑼𐑢𐑦𐑤	ˈʍɪpəRwɪl	medium	r_gap:spelling=1,ipa=0; shave_says:𐑢𐑦𐑐𐑼𐑢𐑦𐑤
whirl	𐑣𐑢𐑻𐑤	hwɜːRl	𐑢𐑻𐑤	ʍɜːRl	high	
whirled	𐑣𐑢𐑻𐑤𐑛	hwɜːRld	𐑢𐑻𐑤𐑛	ʍɜːRld	high	
whirlpool	𐑢𐑻𐑤𐑐𐑫𐑤	ˈwɜːRlpul	𐑢𐑻𐑤𐑐𐑵𐑤	ˈʍɜːRlpuːl	high	
whirlpool	𐑣𐑢𐑻𐑤𐑐𐑫𐑤	ˈhwɜːRlpul	𐑢𐑻𐑤𐑐𐑵𐑤	ˈʍɜːRlpuːl	high	
whirlwind	𐑣𐑢𐑻𐑤𐑢𐑦𐑯𐑛	ˈhwɜːRlwɪnd	𐑢𐑻𐑤𐑢𐑦𐑯𐑛	ˈʍɜːRlwɪnd	high	
whisper	𐑣𐑢𐑦𐑕𐑐𐑼	hwɪspəR	𐑢𐑦𐑕𐑐𐑼	ˈʍɪspəR	high	
whispered	𐑣𐑢𐑦𐑕𐑐𐑼𐑛	ˈhwɪspəRd	𐑢𐑦𐑕𐑐𐑼𐑛	ˈʍɪspəRd	high	
whitewash	𐑢𐑲𐑑-	ˈwaɪt-	𐑢𐑲𐑑𐑢𐑪𐑖	ˈʍaɪtwɒʃ	high	
whitewash	𐑢𐑳𐑦𐑑-	ˈʍʌɪt-	𐑢𐑲𐑑𐑢𐑪𐑖	ˈʍaɪtwɒʃ	high	
who	𐑣𐑫𐑢	hʊw	⸰⁠𐑢𐑣𐑹, 𐑣𐑵	ˌdʌbəljuːˌeɪtʃˈəʊ	high	
who're	𐑣𐑫𐑼	hʊəR	𐑣𐑵𐑼	ˈhuːəR	high	
who're	𐑣𐑵𐑮	huːr	𐑣𐑵𐑼	ˈhuːəR	high	
whoever	𐑣𐑫𐑧𐑝𐑼	huˈevəR	𐑣𐑵𐑧𐑝𐑼	huːˈevəR	high	
whole	-𐑤	-l	𐑣𐑴𐑤	həʊl	high	
wholehearted	𐑣𐑴𐑤𐑣𐑸𐑑𐑼𐑛	həʊlhɑːrtəRd	𐑣𐑴𐑤𐑣𐑸𐑑𐑩𐑛	ˌhəʊlˈhɑːRtƏd	high	
wholeheartedly	-𐑑𐑩𐑛-	-təd-	𐑣𐑴𐑤𐑣𐑸𐑑𐑩𐑛𐑤𐑦	ˌhəʊlˈhɑːRtƏdli	medium	r_gap:spelling=1,ipa=0
wholly	𐑣𐑴𐑤𐑦	ˈhəʊli	𐑣𐑴𐑤𐑤𐑦	ˈhəʊl+li	high	
whoops	𐑢𐑫𐑐𐑕	wʊps	𐑣𐑵𐑐𐑕	huːps	high	
whoops	𐑢𐑵𐑐𐑕	wuːps	𐑣𐑵𐑐𐑕	huːps	high	
whopping	𐑣𐑢𐑪𐑐𐑦𐑙	ˈhwɒpɪŋ	𐑢𐑪𐑐𐑦𐑙	ˈʍɒpɪŋ	high	
whore	𐑣𐑷𐑼	hɔːəR	𐑣𐑹	hɔːR	high	
whoremonger	𐑣𐑪𐑮𐑥𐑪𐑙𐑜𐑼	ˈhorˌmɒŋɡəR	𐑣𐑹𐑥𐑳𐑙𐑜𐑼	ˈhɔːRmʌŋɡəR	high	
whoremonger	𐑣𐑪𐑮𐑥𐑳𐑙𐑜𐑼	ˈhorˌmʌŋɡəR	𐑣𐑹𐑥𐑳𐑙𐑜𐑼	ˈhɔːRmʌŋɡəR	high	
whorled	𐑢𐑪𐑮𐑤𐑛	world	𐑢𐑻𐑤𐑛	ʍɜːRld	high	
wi	𐑢𐑦	wɪ	⸰⁠𐑢𐑦	ˌdʌbəljuːˈaɪ	high	
wikipedia	𐑢𐑦𐑒𐑦𐑐𐑦𐑛𐑦𐑩	ˌwɪkiˈpidiə	𐑢𐑦𐑒𐑦𐑐𐑰𐑛𐑾	ˌwɪkɪˈpiːdiə	high	
wikipedia	𐑢𐑦𐑒𐑩𐑐𐑦𐑛𐑦𐑩	ˌwɪkəˈpidiə	𐑢𐑦𐑒𐑦𐑐𐑰𐑛𐑾	ˌwɪkɪˈpiːdiə	high	
wiktionary	𐑢𐑦𐑒𐑖𐑩𐑯𐑧𐑮𐑦	ˈwɪkʃəˌneri	𐑢𐑦𐑒𐑖𐑩𐑯𐑼𐑦	ˈwɪkʃənəri	high	
wiktionary	𐑢𐑦𐑒𐑖𐑩𐑯𐑮𐑦	wɪkʃənri	𐑢𐑦𐑒𐑖𐑩𐑯𐑼𐑦	ˈwɪkʃənəri	high	
wiktionary	𐑢𐑦𐑒𐑗𐑩𐑯𐑧𐑮𐑦	ˈwɪktʃəˌneri	𐑢𐑦𐑒𐑖𐑩𐑯𐑼𐑦	ˈwɪkʃənəri	high	
wildcat	𐑢𐑲𐑩𐑤𐑛𐑒𐑨𐑑	ˈwaɪəldˌkæt	𐑢𐑲𐑤𐑛𐑒𐑨𐑑	ˈwaɪldkæt	high	
wildebeest	𐑢𐑦𐑤𐑛𐑩𐑚𐑦𐑕𐑑	ˈwɪldəbist	𐑢𐑦𐑤𐑛𐑦𐑚𐑰𐑕𐑑	ˈwɪldɪbiːst	high	
wilder	𐑢𐑦𐑤𐑛𐑼	wɪldər	𐑢𐑲𐑤𐑛𐑼	ˈwaɪldəR	high	
wilderness	-𐑯𐑦𐑕	-nɪs	𐑢𐑦𐑤𐑛𐑼𐑯𐑩𐑕	ˈwɪldəRnəs	medium	r_gap:spelling=1,ipa=0; shave_says:𐑢𐑦𐑤𐑛𐑼𐑯𐑩𐑕
wilderness	𐑢𐑦𐑤𐑛𐑩𐑯𐑩𐑕	wɪldənəs	𐑢𐑦𐑤𐑛𐑼𐑯𐑩𐑕	ˈwɪldəRnəs	medium	r_gap:spelling=1,ipa=0; shave_says:𐑢𐑦𐑤𐑛𐑼𐑯𐑩𐑕
willy-nilly	𐑢𐑦𐑤𐑦𐑯𐑦𐑤𐑦	ˌwɪliˈnɪli	𐑢𐑦𐑤𐑦-𐑯𐑦𐑤𐑦	ˌwɪli-ˈnɪli	high	
willy-nilly	𐑢𐑦𐑤𐑰𐑯𐑦𐑤𐑰	ˌwɪliːˈnɪliː	𐑢𐑦𐑤𐑦-𐑯𐑦𐑤𐑦	ˌwɪli-ˈnɪli	high	
wiltshire	𐑢𐑦𐑤𐑗𐑼	wɪltʃər	𐑢𐑦𐑤𐑑𐑖𐑼	ˈwɪltʃəR	high	
windowsill	𐑢𐑦𐑯𐑛𐑩𐑕𐑦𐑤	ˈwɪndəˌsɪl	𐑢𐑦𐑯𐑛𐑴𐑕𐑦𐑤	ˈwɪndəʊsɪl	high	
windsor	𐑢𐑦𐑯𐑛𐑟𐑼	ˈwɪndzəR	𐑢𐑦𐑯𐑟𐑼	ˈwɪnzəR	high	
winter	𐑢𐑦𐑯𐑼	ˈwɪnəR	𐑢𐑦𐑯𐑑𐑼	ˈwɪntəR	high	
wintry	𐑢𐑦𐑯𐑑𐑼𐑦	wɪntərɪ	𐑢𐑦𐑯𐑑𐑮𐑦	ˈwɪntri	high	
wired	𐑢𐑲𐑮𐑛	waɪrd	𐑢𐑲𐑼𐑛	ˈwaɪəRd	high	
wireless	𐑢𐑲𐑘𐑼𐑤𐑩𐑕	ˈwaɪjərləs	𐑢𐑲𐑼𐑤𐑩𐑕	ˈwaɪəRləs	high	
wireless	𐑢𐑲𐑩𐑤𐑩𐑕	waɪələs	𐑢𐑲𐑼𐑤𐑩𐑕	ˈwaɪəRləs	medium	r_gap:spelling=1,ipa=0; shave_says:𐑢𐑲𐑼𐑤𐑩𐑕
wires	𐑢𐑲𐑩𐑟	waɪəz	𐑢𐑲𐑼𐑟	ˈwaɪəRz	medium	r_gap:spelling=1,ipa=0; shave_says:𐑢𐑲𐑼𐑟
wishy-washy	𐑢𐑦𐑖𐑦𐑢𐑪𐑖𐑦	ˈwɪʃiˌwɒʃi	𐑢𐑦𐑖𐑦-𐑢𐑪𐑖𐑦	ˈwɪʃi-wɒʃi	high	
wishy-washy	𐑢𐑦𐑖𐑦𐑢𐑷𐑖𐑦	ˈwɪʃiˌwɔːʃi	𐑢𐑦𐑖𐑦-𐑢𐑪𐑖𐑦	ˈwɪʃi-wɒʃi	high	
wisteria	𐑢𐑦𐑕𐑑𐑦𐑮𐑦𐑩	wɪsˈtiriə	𐑢𐑦𐑕𐑑𐑽𐑾	wɪˈstɪərɪə	high	
wisteria	𐑢𐑦𐑕𐑑𐑧𐑮𐑦𐑩	wɪsˈteriə	𐑢𐑦𐑕𐑑𐑽𐑾	wɪˈstɪərɪə	high	
witch-hunt	𐑢𐑦𐑗𐑣𐑳𐑯𐑑	ˈwɪtʃhʌnt	𐑢𐑦𐑗-𐑣𐑳𐑯𐑑	ˈwɪtʃ-hʌnt	high	
withal	-𐑞𐑷𐑤	-ðɔːl	𐑢𐑦𐑔𐑷𐑤, 𐑢𐑦𐑞𐑷𐑤	wɪðˈɔːl	high	
withal	𐑢𐑦𐑞𐑪𐑤	wɪˈðɒl	𐑢𐑦𐑔𐑷𐑤, 𐑢𐑦𐑞𐑷𐑤	wɪðˈɔːl	high	
withdrawal	𐑢𐑦𐑔𐑛𐑮𐑷𐑤	ˈwɪθˌdrɔːl	𐑢𐑦𐑔𐑛𐑮𐑷𐑩𐑤, 𐑢𐑦𐑞𐑛𐑮𐑷𐑩𐑤	wɪðˈdrɔːəl	high	
withe	𐑢𐑦𐑞	wɪð	𐑢𐑦𐑔	wɪθ	high	
withe	𐑢𐑲𐑞	waɪð	𐑢𐑦𐑔	wɪθ	high	
within	𐑢𐑦𐑔𐑦𐑯	wɪˈθɪn	𐑢𐑦𐑞𐑦𐑯	wɪðˈɪn	high	
without	𐑢𐑦𐑔𐑬𐑑	wɪθˈaʊt	𐑢𐑦𐑞𐑬𐑑	wɪðˈaʊt	high	
wizened	𐑢𐑲𐑟𐑩𐑯𐑛	ˈwaɪzənd	𐑢𐑦𐑟𐑩𐑯𐑛	ˈwɪzənd	high	
wobbly	𐑢𐑪𐑚𐑩𐑤𐑦	ˈwɒbəli	𐑢𐑪𐑚𐑤𐑦	ˈwɒbli	high	
woebegone	𐑢𐑴𐑚𐑦𐑜𐑷𐑯	ˈwoʊbɪɡɔːn	𐑢𐑴𐑚𐑦𐑜𐑪𐑯	ˈwəʊbɪɡɒn	high	
woman	𐑢𐑪𐑥𐑦𐑯	ˈwomɪn	𐑢𐑫𐑥𐑩𐑯	ˈwʊmən	high	
woman	𐑢𐑴𐑥𐑩𐑯	ˈwoʊmən	𐑢𐑫𐑥𐑩𐑯	ˈwʊmən	high	
womanlike	𐑢𐑫𐑥𐑩𐑯𐑤𐑳𐑦𐑒	ˈwʊmənlʌɪk	𐑢𐑫𐑥𐑩𐑯𐑤𐑲𐑒	ˈwʊmənlaɪk	high	
women	𐑢𐑦𐑥𐑩𐑯	ˈwɪmən	𐑢𐑦𐑥𐑦𐑯	ˈwɪmɪn	high	
women	𐑢𐑫𐑥𐑩𐑯	ˈwʊmən	𐑢𐑦𐑥𐑦𐑯	ˈwɪmɪn	high	
won	𐑢𐑪𐑯	wɒn	𐑢𐑳𐑯	wʌn	high	
won't	𐑢𐑫𐑯𐑑	wunt	𐑢𐑴𐑯𐑑	wəʊnt	high	
won't	𐑢𐑳𐑯𐑑	wʌnt	𐑢𐑴𐑯𐑑	wəʊnt	high	
wonderful	𐑢𐑳𐑯𐑛𐑩𐑓𐑩𐑤	wʌndəfəl	𐑢𐑳𐑯𐑛𐑼𐑓𐑩𐑤	ˈwʌndəRfəl	medium	r_gap:spelling=1,ipa=0; shave_says:𐑢𐑳𐑯𐑛𐑼𐑓𐑩𐑤
wonderland	𐑢𐑳𐑯𐑛𐑩𐑤𐑨𐑯𐑛	wʌndəlænd	𐑢𐑳𐑯𐑛𐑼𐑤𐑨𐑯𐑛	ˈwʌndəRlænd	medium	r_gap:spelling=1,ipa=0; shave_says:𐑢𐑳𐑯𐑛𐑼𐑤𐑨𐑯𐑛
wonky	𐑢𐑷𐑙𐑒𐑦	ˈwɔːŋki	𐑢𐑪𐑙𐑒𐑦	ˈwɒŋki	high	
wont	𐑢𐑪𐑯𐑑	wɒnt	𐑢𐑴𐑯𐑑	wəʊnt	high	
wont	𐑢𐑳𐑯𐑑	wʌnt	𐑢𐑴𐑯𐑑	wəʊnt	high	
wont	𐑢𐑷𐑯𐑑	wɔːnt	𐑢𐑴𐑯𐑑	wəʊnt	high	
wonted	𐑢𐑪𐑯𐑑𐑩𐑛	ˈwɒntƏd	𐑢𐑴𐑯𐑑𐑩𐑛	ˈwəʊntƏd	high	
wonted	𐑢𐑷𐑯𐑑𐑩𐑛	ˈwɔːntƏd	𐑢𐑴𐑯𐑑𐑩𐑛	ˈwəʊntƏd	high	
wooer	𐑢𐑫𐑼	ˈwuər	𐑢𐑵𐑼	ˈwuːəR	high	
woof	𐑢𐑵𐑓	wuːf	𐑢𐑫𐑓	wʊf	high	
wool	𐑢𐑩𐑤	wəl	𐑢𐑫𐑤	wʊl	high	
worcester	𐑢𐑦𐑕𐑑𐑼	ˈwɪstəR	𐑢𐑫𐑕𐑑𐑼	ˈwʊstəR	medium	r_gap:spelling=2,ipa=1
worcestershire	𐑢𐑦𐑕𐑑𐑼𐑖𐑦𐑮	ˈwɪstəRʃɪr	𐑢𐑫𐑕𐑑𐑼𐑖𐑼	ˈwʊstəRʃəR	medium	r_gap:spelling=3,ipa=2
worcestershire	𐑢𐑦𐑕𐑑𐑼𐑖𐑲𐑼	ˈwɪstəRʃaɪəR	𐑢𐑫𐑕𐑑𐑼𐑖𐑼	ˈwʊstəRʃəR	medium	r_gap:spelling=3,ipa=2
worcestershire	𐑢𐑫𐑕𐑑𐑩𐑖𐑼	wʊstəʃər	𐑢𐑫𐑕𐑑𐑼𐑖𐑼	ˈwʊstəRʃəR	medium	r_gap:spelling=3,ipa=1; shave_says:𐑢𐑫𐑕𐑑𐑼𐑖𐑼
worcestershire	𐑢𐑫𐑕𐑑𐑩𐑖𐑽	wʊstəʃɪər	𐑢𐑫𐑕𐑑𐑼𐑖𐑼	ˈwʊstəRʃəR	medium	r_gap:spelling=3,ipa=1; shave_says:𐑢𐑫𐑕𐑑𐑼𐑖𐑼
worcestershire	𐑢𐑫𐑕𐑑𐑼𐑖𐑦𐑮	ˈwʊstəRʃɪr	𐑢𐑫𐑕𐑑𐑼𐑖𐑼	ˈwʊstəRʃəR	medium	r_gap:spelling=3,ipa=2
worcestershire	𐑢𐑫𐑕𐑑𐑼𐑖𐑲𐑼	ˈwʊstəRʃaɪəR	𐑢𐑫𐑕𐑑𐑼𐑖𐑼	ˈwʊstəRʃəR	medium	r_gap:spelling=3,ipa=2
work	𐑢𐑼𐑒	wəRk	𐑢𐑻𐑒	wɜːRk	high	
workforce	𐑢𐑻𐑒𐑓𐑪𐑮𐑕	ˈwɜːRkfors	𐑢𐑻𐑒𐑓𐑹𐑕	ˈwɜːRkfɔːRs	high	
workmen	𐑢𐑻𐑒𐑥𐑩𐑯	ˈwɜːRkmən	𐑢𐑻𐑒𐑥𐑧𐑯	ˈwɜːRkmen	high	
workroom	𐑢𐑻𐑒𐑮𐑫𐑥	ˈwɜːRkrum	𐑢𐑻𐑒𐑮𐑵𐑥	ˈwɜːRkruːm	high	
world-weary	𐑢𐑻𐑤𐑛 𐑢𐑽𐑦	wɜːRld wɪəri	𐑢𐑻𐑤𐑛-𐑢𐑽𐑦	ˈwɜːRld-wɪəri	high	
worms	𐑝𐑹𐑥𐑟	vɔːRmz	𐑢𐑻𐑥𐑟	wɜːRmz	high	
wormwood	𐑢𐑼𐑥𐑢𐑫𐑛	wərmwʊd	𐑢𐑻𐑥𐑢𐑫𐑛	ˈwɜːRmwʊd	high	
worried	𐑢𐑪𐑮𐑦𐑛	wɒrid	𐑢𐑳𐑮𐑦𐑛	ˈwʌrid	medium	r_gap:spelling=2,ipa=1; shave_says:𐑢𐑳𐑮𐑦𐑛
worry	𐑢𐑪𐑮𐑦	wɒri	𐑢𐑳𐑮𐑦	ˈwʌri	medium	r_gap:spelling=2,ipa=1; shave_says:𐑢𐑳𐑮𐑦
worse	𐑢𐑩𐑦𐑕	wəɪs	𐑢𐑻𐑕	wɜːRs	medium	r_gap:spelling=1,ipa=0
worshipful	𐑢𐑹-	wɔːR-	𐑢𐑻𐑖𐑦𐑐𐑓𐑩𐑤	ˈwɜːRʃɪpfəl	high	
worthless	𐑢𐑻𐑔𐑤𐑦𐑕	ˈwɜːRθlɪs	𐑢𐑻𐑔𐑤𐑩𐑕	ˈwɜːRθləs	high	
wouldn't	𐑢𐑫𐑑𐑩𐑯𐑑	wʊtənt	𐑢𐑫𐑛𐑩𐑯𐑑	ˈwʊdənt	high	
wrangling	𐑮𐑨𐑙𐑜𐑩𐑤𐑦𐑙	ræŋɡəlɪŋ	𐑮𐑨𐑙𐑜𐑤𐑦𐑙	ˈræŋɡlɪŋ	high	
wrangling	𐑮𐑺𐑙𐑜𐑤𐑦𐑙	ˈreəŋɡlɪŋ	𐑮𐑨𐑙𐑜𐑤𐑦𐑙	ˈræŋɡlɪŋ	high	
wrangling	𐑮𐑺𐑙𐑜𐑩𐑤𐑦𐑙	ˈreəŋɡəlɪŋ	𐑮𐑨𐑙𐑜𐑤𐑦𐑙	ˈræŋɡlɪŋ	high	
wrath	𐑮𐑨𐑔	ræθ	𐑮𐑪𐑔	rɒθ	high	
wrath	𐑮𐑭𐑔	rɑːθ	𐑮𐑪𐑔	rɒθ	high	
wrath	𐑮𐑷𐑔	rɔːθ	𐑮𐑪𐑔	rɒθ	high	
wrathful	𐑮𐑨𐑔𐑓𐑩𐑤	ˈræθfəl	𐑮𐑪𐑔𐑓𐑩𐑤	ˈrɒθfəl	high	
wreak	𐑮𐑦𐑒	rik	𐑮𐑰𐑒	riːk	high	
wreath	𐑮𐑦𐑔	riθ	𐑮𐑰𐑔	riːθ	high	
wreath	𐑮𐑦𐑞	rið	𐑮𐑰𐑔	riːθ	high	
wreath	𐑮𐑰𐑞	riːð	𐑮𐑰𐑔	riːθ	high	
wreathe	𐑮𐑦𐑞	rið	𐑮𐑰𐑞	riːð	high	
wristlet	-𐑤𐑦𐑑	-lɪt	𐑮𐑦𐑕𐑑𐑤𐑩𐑑	ˈrɪstlət	medium	r_gap:spelling=1,ipa=0; shave_says:𐑮𐑦𐑕𐑑𐑤𐑩𐑑
wristwatch	𐑮𐑦𐑕𐑑𐑢𐑷𐑗	ˈrɪstˌwɔːtʃ	𐑮𐑦𐑕𐑑𐑢𐑪𐑗	ˈrɪstwɒtʃ	high	
write	𐑮𐑩𐑦𐑑	rəɪt	𐑮𐑲𐑑	raɪt	high	
wrong	𐑮𐑷𐑙	ˈrɔːŋ	𐑮𐑪𐑙	rɒŋ	high	
wrongly	𐑮𐑷𐑙𐑤𐑦	ˈrɔːŋli	𐑮𐑪𐑙𐑤𐑦	ˈrɒŋli	high	
wrongs	𐑮𐑷𐑙𐑟	rɔːŋz	𐑮𐑪𐑙𐑟	rɒŋz	high	
wroth	𐑮𐑷𐑔	rɔːθ	𐑮𐑴𐑔	rəʊθ	high	
wunderkind	𐑝𐑫𐑯𐑛𐑩𐑒𐑦𐑯𐑛	vʊndəkɪnd	𐑢𐑫𐑯𐑛𐑼𐑒𐑦𐑯𐑛	ˈwʊndəRkɪnd	medium	r_gap:spelling=1,ipa=0; shave_says:𐑝𐑫𐑯𐑛𐑼𐑒𐑦𐑯𐑛
wunderkind	𐑝𐑫𐑯𐑛𐑼𐑒𐑦𐑯𐑑	ˈvʊndəRkɪnt	𐑢𐑫𐑯𐑛𐑼𐑒𐑦𐑯𐑛	ˈwʊndəRkɪnd	high	
wunderkind	𐑝𐑫𐑯𐑛𐑼𐑒𐑦𐑯𐑛	ˈvʊndəRkɪnd	𐑢𐑫𐑯𐑛𐑼𐑒𐑦𐑯𐑛	ˈwʊndəRkɪnd	high	
wunderkind	𐑢𐑫𐑯𐑛𐑩𐑒𐑦𐑯𐑛	wʊndəkɪnd	𐑢𐑫𐑯𐑛𐑼𐑒𐑦𐑯𐑛	ˈwʊndəRkɪnd	medium	r_gap:spelling=1,ipa=0; shave_says:𐑝𐑫𐑯𐑛𐑼𐑒𐑦𐑯𐑛
wunderkind	𐑢𐑳𐑯𐑛𐑼𐑒𐑦𐑯𐑛	ˈwʌndəRkɪnd	𐑢𐑫𐑯𐑛𐑼𐑒𐑦𐑯𐑛	ˈwʊndəRkɪnd	high	
x-ray	𐑧𐑒𐑕 𐑮𐑱	eks reɪ	𐑧𐑒𐑕-𐑮𐑱	ˈeks-reɪ	high	
xenophobia	𐑟𐑧𐑯𐑩𐑓𐑴𐑚𐑦𐑩	ˌzenəˈfoʊbiə	𐑟𐑧𐑯𐑩𐑓𐑴𐑚𐑾	ˌzenəˈfəʊbɪə	high	
xenophobia	𐑟𐑰𐑯𐑩𐑓𐑴𐑚𐑦𐑩	ˌziːnəˈfoʊbiə	𐑟𐑧𐑯𐑩𐑓𐑴𐑚𐑾	ˌzenəˈfəʊbɪə	high	
xenophobic	𐑟𐑦𐑯𐑩𐑓𐑴𐑚𐑦𐑒	ˌzinəˈfoʊbik	𐑟𐑧𐑯𐑩𐑓𐑴𐑚𐑦𐑒	ˌzenəˈfəʊbɪk	high	
xerox	𐑟𐑧𐑮𐑪𐑒𐑕	zerɒks	𐑟𐑽𐑪𐑒𐑕	ˈzɪərɒks	high	
xerox	𐑟𐑰𐑼𐑪𐑒𐑕	ˈziːərɒks	𐑟𐑽𐑪𐑒𐑕	ˈzɪərɒks	high	
yacht	𐑘𐑭𐑑	jɑːt	𐑘𐑪𐑑	jɒt	high	
yah	𐑘𐑪	jɒ	𐑘𐑭	jɑː	high	
yakuza	𐑘𐑨𐑒𐑫𐑟𐑩	ˈjækuzə	𐑘𐑨𐑒𐑫𐑟𐑭, 𐑘𐑭𐑒𐑫𐑟𐑭	ˈjækʊzɑː	high	
yakuza	𐑘𐑨𐑒𐑵𐑟𐑩	ˈjækuːzə	𐑘𐑨𐑒𐑫𐑟𐑭, 𐑘𐑭𐑒𐑫𐑟𐑭	ˈjækʊzɑː	high	
yakuza	𐑘𐑩𐑒𐑵𐑟𐑩	jəˈkuːzə	𐑘𐑨𐑒𐑫𐑟𐑭, 𐑘𐑭𐑒𐑫𐑟𐑭	ˈjækʊzɑː	high	
yakuza	𐑘𐑭-	ˈjɑː-	𐑘𐑨𐑒𐑫𐑟𐑭, 𐑘𐑭𐑒𐑫𐑟𐑭	ˈjækʊzɑː	high	
year	𐑘𐑦𐑮	jɪr	𐑘𐑽	jɪəR	high	
yearling	𐑘𐑻𐑤𐑦𐑙	jɜːRlɪŋ	𐑘𐑽𐑤𐑦𐑙	ˈjɪəRlɪŋ	high	
yearly	𐑘𐑦𐑮𐑤𐑦	ˈjɪrli	𐑘𐑽𐑤𐑦	ˈjɪəRli	high	
years	𐑘𐑦𐑮𐑟	jɪrz	𐑘𐑽𐑟	jɪəRz	high	
yeast	𐑘𐑦𐑕𐑑	jist	𐑘𐑰𐑕𐑑	jiːst	high	
yellowish	𐑘𐑧𐑤𐑷𐑫𐑦𐑖	ˈjelɔʊɪʃ	𐑘𐑧𐑤𐑴𐑦𐑖	ˈjeləʊɪʃ	high	
yerevan	𐑘𐑧𐑮𐑩𐑝𐑭𐑯	ˌjerəˈvɑːn	𐑘𐑧𐑮𐑦𐑝𐑭𐑯	ˌjerɪˈvɑːn	high	
yesterday	𐑘𐑧𐑕𐑑𐑩𐑛𐑦	jestədɪ	𐑘𐑧𐑕𐑑𐑼𐑛𐑱	ˈjestəRdeɪ	medium	r_gap:spelling=1,ipa=0; shave_says:𐑘𐑧𐑕𐑑𐑼𐑛𐑱
yesterday	𐑘𐑧𐑕𐑑𐑩𐑛𐑱	jestədeɪ	𐑘𐑧𐑕𐑑𐑼𐑛𐑱	ˈjestəRdeɪ	medium	r_gap:spelling=1,ipa=0; shave_says:𐑘𐑧𐑕𐑑𐑼𐑛𐑱
yesterday	𐑘𐑧𐑕𐑑𐑮𐑛𐑦	ˈjestrdi	𐑘𐑧𐑕𐑑𐑼𐑛𐑱	ˈjestəRdeɪ	high	
yesterday	𐑘𐑧𐑕𐑑𐑮𐑛𐑱	ˈjestrdeɪ	𐑘𐑧𐑕𐑑𐑼𐑛𐑱	ˈjestəRdeɪ	high	
yippee	𐑘𐑦𐑐𐑦	ˌjɪˈpi	𐑘𐑦𐑐𐑰	ˈjɪpiː	high	
yo-yo	𐑘𐑴𐑘𐑴	ˈjəʊjəʊ	𐑘𐑴-𐑘𐑴	ˈjəʊ-jəʊ	high	
yoghurt	𐑘𐑪𐑜𐑼𐑑	jɒɡəRt	𐑘𐑴𐑜𐑼𐑑	ˈjəʊɡəRt	high	
yogurt	𐑘𐑴𐑜𐑼𐑑	ˈjoʊɡəRt	𐑘𐑪𐑜𐑼𐑑	ˈjɒɡəRt	high	
yokohama	𐑘𐑴𐑒𐑩𐑣𐑪𐑥𐑩	ˌjoʊkəˈhɒmə	𐑘𐑴𐑒𐑩𐑣𐑭𐑥𐑩	ˌjəʊkəˈhɑːmə	high	
yolk	𐑘𐑷𐑤𐑒	jɔːlk	𐑘𐑴𐑒	jəʊk	high	
yolks	𐑘𐑴𐑤𐑒𐑕	joʊlks	𐑘𐑴𐑒𐑕	jəʊks	high	
yore	𐑘𐑪𐑮	jor	𐑘𐑹	jɔːR	high	
you	𐑘𐑦	jɪ	𐑿	juː	high	
you	𐑘𐑩	jə	𐑿	juː	high	
you	𐑘𐑫	ju	𐑿	juː	high	
you'd	𐑘𐑫𐑛	jud	𐑿𐑛	juːd	high	
you'll	𐑘𐑩𐑤	jəl	𐑿𐑤	juːl	high	
you'll	𐑘𐑫𐑤	ˈjul	𐑿𐑤	juːl	high	
you'll	𐑿𐑩𐑤	ˈjuːəl	𐑿𐑤	juːl	high	
you've	𐑘𐑫𐑝	juv	𐑿𐑝	juːv	high	
your	𐑘𐑦𐑮	jɪr	𐑘𐑹	jɔːR	high	
your	𐑘𐑻	jɜːR	𐑘𐑹	jɔːR	high	
your	𐑘𐑼	jər	𐑘𐑹	jɔːR	high	
yours	𐑘𐑩𐑼𐑟	jəəRz	𐑘𐑹𐑟	jɔːRz	high	
yours	𐑘𐑻𐑟	jɜːRz	𐑘𐑹𐑟	jɔːRz	high	
yours	𐑘𐑼𐑟	jəRz	𐑘𐑹𐑟	jɔːRz	high	
youth	𐑘𐑫𐑔	juθ	𐑿𐑔	juːθ	high	
youtube	𐑘𐑫𐑑𐑫𐑚	ˈjutub	𐑿𐑑𐑿𐑚	ˈjuːtjuːb	high	
yugoslavia	𐑘𐑫𐑜𐑩𐑕𐑤𐑪𐑝𐑦𐑩	ˌjuɡəˈslɒviə	𐑿𐑜𐑴𐑕𐑤𐑭𐑝𐑾	ˌjuːɡəʊˈslɑːviə	high	
yugoslavia	𐑘𐑫𐑜𐑴𐑕𐑤𐑪𐑝𐑦𐑩	ˌjuɡoʊˈslɒviə	𐑿𐑜𐑴𐑕𐑤𐑭𐑝𐑾	ˌjuːɡəʊˈslɑːviə	high	
yugoslavia	𐑿𐑜𐑩𐑕𐑤𐑭𐑝𐑾	ˌjuːɡəˈslɑːvɪə	𐑿𐑜𐑴𐑕𐑤𐑭𐑝𐑾	ˌjuːɡəʊˈslɑːviə	high	
yuletide	𐑘𐑫𐑤𐑑𐑲𐑛	ˈjulˌtaɪd	𐑿𐑤𐑑𐑲𐑛	ˈjuːltaɪd	high	
yvonne	𐑰𐑝𐑪𐑯	iːˈvɒn	𐑦𐑝𐑪𐑯	ɪˈvɒn	high	
z	𐑟𐑦	zi	𐑟𐑧𐑛, 𐑟𐑰	zed	high	
z's	𐑟𐑦𐑟	ziz	𐑟𐑧𐑛𐑟, 𐑟𐑰𐑟	zedz	high	
zaire	𐑟𐑭𐑦𐑮	ˈzɑːɪr	𐑟𐑲𐑽	zaɪˈɪəR	high	
zaire	𐑟𐑭𐑽	zɑːˈɪər	𐑟𐑲𐑽	zaɪˈɪəR	high	
zairean	𐑟𐑪𐑦𐑮𐑦𐑩𐑯	zɒˈɪriən	𐑟𐑲𐑽𐑾𐑯	zaɪˈɪərɪən	high	
zairean	𐑟𐑳𐑦𐑽𐑾𐑯	zʌɪɪərɪən	𐑟𐑲𐑽𐑾𐑯	zaɪˈɪərɪən	high	
zaragoza	𐑕𐑸𐑩𐑜𐑴𐑕𐑩	ˌsɑːRəˈɡoʊsə	𐑔𐑨𐑮𐑩𐑜𐑪𐑔𐑩	θærəˈɡɒθə	high	
zaragoza	𐑟𐑸𐑩𐑜𐑴𐑟𐑩	ˌzɑːRəˈɡoʊzə	𐑔𐑨𐑮𐑩𐑜𐑪𐑔𐑩	θærəˈɡɒθə	high	
zeal	𐑟𐑦𐑤	zil	𐑟𐑰𐑤	ziːl	high	
zebu	𐑟𐑦𐑚𐑘𐑫	ˈzibju	𐑟𐑰𐑚𐑵	ˈziːbuː	high	
zebu	𐑟𐑧𐑚𐑘𐑫	ˈzebju	𐑟𐑰𐑚𐑵	ˈziːbuː	high	
zebu	𐑟𐑧𐑚𐑿	ˈzebjuː	𐑟𐑰𐑚𐑵	ˈziːbuː	high	
zebu	𐑟𐑰𐑚𐑿	ˈziːbjuː	𐑟𐑰𐑚𐑵	ˈziːbuː	high	
zebu	𐑟𐑱𐑚𐑘𐑫	ˈzeɪbju	𐑟𐑰𐑚𐑵	ˈziːbuː	high	
zebu	𐑟𐑱𐑚𐑿	ˈzeɪbjuː	𐑟𐑰𐑚𐑵	ˈziːbuː	high	
zenith	𐑟𐑦𐑯𐑦𐑔	ˈzinɪθ	𐑟𐑧𐑯𐑦𐑔	ˈzenɪθ	high	
zenithal	𐑟𐑦𐑯𐑦𐑔𐑩𐑤	ˈzinɪθəl	𐑟𐑧𐑯𐑦𐑔𐑩𐑤	ˈzenɪθəl	high	
zero	𐑟𐑦𐑮𐑴	zɪrəʊ	𐑟𐑽𐑴	ˈzɪərəʊ	high	
zestful	𐑟𐑧𐑕𐑑𐑓𐑫𐑤	ˈzestfʊl	𐑟𐑧𐑕𐑑𐑓𐑩𐑤	ˈzestfəl	high	
zeus	𐑟𐑫𐑕	zus	𐑟𐑿𐑕	zjuːs	high	
zoological	𐑟𐑫𐑩𐑤𐑪𐑡𐑦𐑒𐑩𐑤	zuəˈlɒdʒɪkəl	𐑟𐑴𐑩𐑤𐑪𐑡𐑦𐑒𐑩𐑤	ˌzəʊəˈlɒdʒɪkəl	high	
zoological	𐑟𐑵𐑩𐑤𐑪𐑡𐑦𐑒𐑩𐑤	zuːəˈlɒdʒɪkəl	𐑟𐑴𐑩𐑤𐑪𐑡𐑦𐑒𐑩𐑤	ˌzəʊəˈlɒdʒɪkəl	high	
zoology	𐑟𐑫𐑪𐑤𐑩𐑡𐑦	zuˈɒlədʒi	𐑟𐑴𐑪𐑤𐑩𐑡𐑦	zəʊˈɒlədʒi	high	
zoology	𐑟𐑵𐑪𐑤𐑩𐑡𐑦	zuːˈɒlədʒi	𐑟𐑴𐑪𐑤𐑩𐑡𐑦	zəʊˈɒlədʒi	high	
zoophyte	𐑟𐑵𐑓𐑲𐑑	ˈzuːfaɪt	𐑟𐑴𐑩𐑓𐑲𐑑	ˈzəʊəfaɪt	high	
zucchini	𐑟𐑵𐑒𐑰𐑯𐑦	zuːˈkiːni	𐑟𐑫𐑒𐑰𐑯𐑦	zʊˈkiːni	high	
zuckerberg	𐑟𐑳𐑒𐑩𐑚𐑻𐑜	zʌkəbɜːRɡ	𐑟𐑳𐑒𐑼𐑚𐑻𐑜	ˈzʌkəRbɜːRɡ	medium	r_gap:spelling=2,ipa=1; shave_says:𐑟𐑳𐑒𐑼𐑚𐑼𐑜
zurich	𐑟𐑘𐑩𐑼𐑦𐑒	zjəərɪk	𐑟𐑘𐑫𐑼𐑦𐑒	ˈzjʊərɪk	high	
zurich	𐑟𐑫𐑮𐑦𐑒	zʊrɪk	𐑟𐑘𐑫𐑼𐑦𐑒	ˈzjʊərɪk	high	
