word	our_shaw	our_ipa	readlex_shaw	readlex_ipa	confidence	notes
aberdeen	𐑨𐑚𐑩𐑛𐑰𐑯	æbədiːn	𐑨𐑚𐑼𐑛𐑰𐑯	ˌæbəRˈdiːn	medium	r_gap:spelling=1,ipa=0; shave_says:𐑨𐑚𐑼𐑛𐑰𐑯
abysmal	𐑩𐑚𐑦𐑕𐑥𐑩𐑤	əbˈɪsməl	𐑩𐑚𐑦𐑟𐑥𐑩𐑤	əˈbɪzməl	high	
accelerate	𐑨𐑒𐑕𐑧𐑤𐑼𐑱𐑑	ækseləreɪt	𐑩𐑒𐑕𐑧𐑤𐑼𐑱𐑑	əkˈseləreɪt	high	
acceleration	𐑨𐑒𐑕𐑧𐑤𐑼𐑱𐑖𐑩𐑯	ækseləreɪʃən	𐑩𐑒𐑕𐑧𐑤𐑼𐑱𐑖𐑩𐑯	əkˌseləˈreɪʃən	high	
accelerator	𐑨𐑒𐑕𐑧𐑤𐑼𐑱𐑑𐑼	ækseləreɪtəR	𐑩𐑒𐑕𐑧𐑤𐑼𐑱𐑑𐑼	əkˈseləreɪtəR	high	
accent	𐑨𐑒𐑕𐑧𐑯𐑑	ˈæksˌent	𐑨𐑒𐑕𐑩𐑯𐑑, 𐑩𐑒𐑕𐑧𐑯𐑑	ˈæksənt	high	
accents	𐑨𐑒𐑕𐑧𐑯𐑑𐑕	ˈæksents	𐑨𐑒𐑕𐑩𐑯𐑑𐑕, 𐑩𐑒𐑕𐑧𐑯𐑑𐑕	ˈæksənts	high	
accessibility	𐑨𐑒𐑕𐑧𐑕𐑦𐑚𐑦𐑤𐑦𐑑𐑦	ˌæksesɪbˈɪlɪti	𐑩𐑒𐑕𐑧𐑕𐑩𐑚𐑦𐑤𐑦𐑑𐑦	əkˌsesəˈbɪlɪti	medium	ml_disagrees:𐑨𐑒𐑕𐑧𐑕𐑩𐑚𐑦𐑤𐑦𐑑𐑦; shave_says:𐑩𐑒𐑕𐑧𐑕𐑩𐑚𐑦𐑤𐑦𐑑𐑦
accessories	𐑨𐑒𐑕𐑧𐑕𐑼𐑦𐑟	æksesəriz	𐑩𐑒𐑕𐑧𐑕𐑼𐑦𐑟	əkˈsesəriz	high	
accessory	𐑨𐑒𐑕𐑧𐑕𐑼𐑦	æksesəri	𐑩𐑒𐑕𐑧𐑕𐑼𐑦	əkˈsesəri	high	
accomplish	𐑩𐑒𐑪𐑥𐑐𐑤𐑦𐑖	əkˈɒmplɪʃ	𐑩𐑒𐑳𐑥𐑐𐑤𐑦𐑖	əˈkʌmplɪʃ	high	
accomplished	𐑩𐑒𐑪𐑥𐑐𐑤𐑦𐑖𐑑	əkˈɒmplɪʃt	𐑩𐑒𐑳𐑥𐑐𐑤𐑦𐑖𐑑	əˈkʌmplɪʃt	high	
accurately	𐑨𐑒𐑘𐑼𐑦𐑑𐑤𐑦	ækjərɪtli	𐑨𐑒𐑘𐑼𐑩𐑑𐑤𐑦	ˈækjərətli	high	
acid	𐑨𐑕𐑩𐑛	ˈæsƏd	𐑨𐑕𐑦𐑛	ˈæsɪd	high	
acres	𐑱𐑒𐑩𐑟	eɪkəz	𐑱𐑒𐑼𐑟	ˈeɪkəRz	medium	r_gap:spelling=1,ipa=0; shave_says:𐑱𐑒𐑼𐑟
actual	𐑨𐑒𐑗𐑫𐑼𐑤	ˈæktʃʊəl	𐑨𐑒𐑗𐑫𐑩𐑤	ˈæktʃuəl	medium	ml_disagrees:𐑨𐑒𐑗𐑫𐑩𐑤; shave_says:𐑨𐑒𐑑𐑵𐑩𐑤
actually	𐑨𐑒𐑗𐑫𐑼𐑤𐑦	ˈæktʃʊəli	𐑨𐑒𐑗𐑫𐑩𐑤𐑦	ˈæktʃuəli	medium	ml_disagrees:𐑨𐑒𐑗𐑫𐑩𐑤𐑦; shave_says:𐑨𐑒𐑑𐑵𐑤𐑦
adaptation	𐑨𐑛𐑩𐑐𐑑𐑱𐑖𐑩𐑯	ˌædəptˈeɪʃən	𐑨𐑛𐑨𐑐𐑑𐑱𐑖𐑩𐑯	ˌædæpˈteɪʃən	high	
adaptor	𐑩𐑛𐑸𐑐𐑑𐑼	ədɑːRptəR	𐑩𐑛𐑨𐑐𐑑𐑼	əˈdæptəR	high	
additional	𐑩𐑛𐑦𐑖𐑯𐑩𐑤	ədˈɪʃnəl	𐑩𐑛𐑦𐑖𐑩𐑯𐑩𐑤	əˈdɪʃənəl	high	
additionally	𐑩𐑛𐑦𐑖𐑯𐑩𐑤𐑦	ədˈɪʃnəli	𐑩𐑛𐑦𐑖𐑩𐑯𐑩𐑤𐑦	əˈdɪʃənəli	high	
adequate	𐑨𐑛𐑦𐑒𐑢𐑦𐑑	ˈædɪkwɪt	𐑨𐑛𐑦𐑒𐑢𐑩𐑑	ˈædɪkwət	high	
admiration	𐑨𐑛𐑥𐑦𐑮𐑱𐑖𐑩𐑯	ædmɪreɪʃən	𐑨𐑛𐑥𐑼𐑱𐑖𐑩𐑯	ˌædməˈreɪʃən	high	
admissions	𐑨𐑛𐑥𐑦𐑖𐑩𐑯𐑟	ædmˈɪʃənz	𐑩𐑛𐑥𐑦𐑖𐑩𐑯𐑟	ədˈmɪʃənz	high	
adult	𐑩𐑛𐑳𐑤𐑑	ədˈʌlt	𐑨𐑛𐑳𐑤𐑑	ˈædʌlt	high	
adults	𐑩𐑛𐑳𐑤𐑑𐑕	ədˈʌlts	𐑨𐑛𐑳𐑤𐑑𐑕	ˈædʌlts	high	
advent	𐑨𐑛𐑝𐑩𐑯𐑑	ˈædvənt	𐑨𐑛𐑝𐑧𐑯𐑑	ˈædvent	high	
adventures	𐑩𐑛𐑝𐑧𐑯𐑗𐑩𐑟	ədventʃəz	𐑩𐑛𐑝𐑧𐑯𐑗𐑼𐑟	ədˈventʃəRz	medium	r_gap:spelling=1,ipa=0; shave_says:𐑩𐑛𐑝𐑧𐑯𐑗𐑼𐑟
adventurous	𐑩𐑛𐑝𐑧𐑯𐑗𐑼𐑩𐑟	ədventʃərəz	𐑩𐑛𐑝𐑧𐑯𐑗𐑼𐑩𐑕	ədˈventʃərəs	high	
adversary	𐑨𐑛𐑝𐑩𐑕𐑼𐑦	ædvəsəri	𐑨𐑛𐑝𐑼𐑕𐑼𐑦	ˈædvəRsəri	medium	r_gap:spelling=2,ipa=1; shave_says:𐑨𐑛𐑝𐑼𐑕𐑼𐑦
advertise	𐑨𐑛𐑝𐑩𐑑𐑲𐑟	ædvətaɪz	𐑨𐑛𐑝𐑼𐑑𐑲𐑟	ˈædvəRtaɪz	medium	r_gap:spelling=1,ipa=0; shave_says:𐑨𐑛𐑝𐑻𐑑𐑲𐑟
advertised	𐑨𐑛𐑝𐑩𐑑𐑲𐑟𐑛	ædvətaɪzd	𐑨𐑛𐑝𐑼𐑑𐑲𐑟𐑛	ˈædvəRtaɪzd	medium	r_gap:spelling=1,ipa=0; shave_says:𐑨𐑛𐑝𐑻𐑑𐑲𐑟𐑛
advertisement	𐑩𐑛𐑝𐑻𐑑𐑦𐑟𐑥𐑩𐑯𐑑	ədvɜːRtɪzmənt	𐑩𐑛𐑝𐑻𐑑𐑦𐑕𐑥𐑩𐑯𐑑	ədˈvɜːRtɪsmənt	high	
advertisements	𐑩𐑛𐑝𐑻𐑑𐑦𐑟𐑥𐑩𐑯𐑑𐑕	ədvɜːRtɪzmənts	𐑩𐑛𐑝𐑻𐑑𐑦𐑕𐑥𐑩𐑯𐑑𐑕	ədˈvɜːRtɪsmənts	high	
advertiser	𐑨𐑛𐑝𐑩𐑑𐑲𐑟𐑼	ædvətaɪzəR	𐑨𐑛𐑝𐑼𐑑𐑲𐑟𐑼	ˈædvəRtaɪzəR	medium	r_gap:spelling=2,ipa=1; shave_says:𐑨𐑛𐑝𐑻𐑑𐑲𐑟𐑼
advertisers	𐑨𐑛𐑝𐑩𐑑𐑲𐑟𐑼𐑟	ædvətaɪzəRz	𐑨𐑛𐑝𐑼𐑑𐑲𐑟𐑼𐑟	ˈædvəRtaɪzəRz	medium	r_gap:spelling=2,ipa=1; shave_says:𐑨𐑛𐑝𐑻𐑑𐑲𐑟𐑼𐑟
advertising	𐑨𐑛𐑝𐑩𐑑𐑲𐑟𐑦𐑙	ædvətaɪzɪŋ	𐑨𐑛𐑝𐑼𐑑𐑲𐑟𐑦𐑙	ˈædvəRtaɪzɪŋ	medium	r_gap:spelling=1,ipa=0; shave_says:𐑨𐑛𐑝𐑻𐑑𐑲𐑟𐑦𐑙
advocate	𐑨𐑛𐑝𐑩𐑒𐑦𐑑	ˈædvəkɪt	𐑨𐑛𐑝𐑩𐑒𐑩𐑑, 𐑨𐑛𐑝𐑩𐑒𐑱𐑑	ˈædvəkət	high	
aerospace	𐑺𐑩𐑕𐑐𐑱𐑕	eərəspeɪs	𐑺𐑴𐑕𐑐𐑱𐑕	ˈeərəʊspeɪs	high	
aesthetic	𐑦𐑕𐑔𐑧𐑑𐑦𐑒	ɪsθˈetɪk	𐑰𐑕𐑔𐑧𐑑𐑦𐑒	iːsˈθetɪk	high	
aesthetic	𐑧𐑕𐑔𐑧𐑑𐑦𐑒	esθˈetɪk	𐑰𐑕𐑔𐑧𐑑𐑦𐑒	iːsˈθetɪk	high	
affiliate	𐑩𐑓𐑦𐑤𐑾𐑑	əfˈɪlɪət	𐑩𐑓𐑦𐑤𐑦𐑱𐑑	əˈfɪlieɪt	high	
affiliates	𐑩𐑓𐑦𐑤𐑾𐑑𐑕	əfˈɪlɪəts	𐑩𐑓𐑦𐑤𐑦𐑱𐑑𐑕	əˈfɪlieɪts	high	
afternoon	𐑭𐑓𐑑𐑩𐑯𐑵𐑯	ɑːftənuːn	𐑨𐑓𐑑𐑼𐑯𐑵𐑯, 𐑭𐑓𐑑𐑼𐑯𐑵𐑯	ˌⱭːftəRˈnuːn	medium	r_gap:spelling=1,ipa=0; shave_says:𐑭𐑓𐑑𐑼𐑯𐑵𐑯
afternoons	𐑭𐑓𐑑𐑩𐑯𐑵𐑯𐑟	ɑːftənuːnz	𐑨𐑓𐑑𐑼𐑯𐑵𐑯𐑟, 𐑭𐑓𐑑𐑼𐑯𐑵𐑯𐑟	ˌⱭːftəRˈnuːnz	medium	r_gap:spelling=1,ipa=0; shave_says:𐑭𐑓𐑑𐑼𐑯𐑵𐑯𐑟
afterward	𐑸𐑓𐑑𐑩𐑢𐑼𐑛	ɑːRftəwəRd	𐑨𐑓𐑑𐑼𐑢𐑼𐑛, 𐑭𐑓𐑑𐑼𐑢𐑼𐑛	ˈⱭːftəRwəRd	high	
afterwards	𐑸𐑓𐑑𐑩𐑢𐑼𐑛𐑟	ɑːRftəwəRdz	𐑨𐑓𐑑𐑼𐑢𐑼𐑛𐑟, 𐑭𐑓𐑑𐑼𐑢𐑼𐑛𐑟	ˈⱭːftəRwəRdz	high	
aggregate	𐑨𐑜𐑮𐑦𐑜𐑦𐑑	æɡrɪɡɪt	𐑨𐑜𐑮𐑦𐑜𐑩𐑑, 𐑨𐑜𐑮𐑦𐑜𐑱𐑑	ˈæɡrɪɡət	high	
agnes	𐑨𐑜𐑯𐑦𐑕	ˈæɡnɪs	𐑨𐑜𐑯𐑩𐑕	ˈæɡnəs	high	
alchemy	𐑨𐑤𐑒𐑩𐑥𐑦	ˈælkəmi	𐑨𐑤𐑒𐑧𐑥𐑦	ˈælkemi	high	
alfred	𐑨𐑤𐑓𐑮𐑩𐑛	ælfrƏd	𐑨𐑤𐑓𐑮𐑦𐑛	ˈælfrɪd	high	ml_disagrees:𐑨𐑤𐑓𐑮𐑦𐑛; shave_agrees
algae	𐑨𐑤𐑜𐑦	ˈælɡi	𐑨𐑤𐑜𐑰	ˈælɡiː	high	
allah	𐑩𐑤𐑭	əlˈɑː	𐑨𐑤𐑩	ˈælə	high	
allergy	𐑨𐑤𐑩𐑡𐑦	ælədʒi	𐑨𐑤𐑼𐑡𐑦	ˈæləRdʒi	medium	r_gap:spelling=1,ipa=0; shave_says:𐑨𐑤𐑼𐑡𐑦
allied	𐑨𐑤𐑲𐑛	ˈælˌaɪd	𐑩𐑤𐑲𐑛	əˈlaɪd	high	
altar	𐑹𐑤𐑑𐑼	ɔːRltəR	𐑷𐑤𐑑𐑼	ˈɔːltəR	high	
alternate	𐑷𐑤𐑑𐑩𐑯𐑦𐑑	ɔːltənɪt	𐑷𐑤𐑑𐑻𐑯𐑩𐑑, 𐑷𐑤𐑑𐑼𐑯𐑱𐑑	ɔːlˈtɜːRnət	low	ml_disagrees:𐑷𐑤𐑑𐑩𐑯𐑩𐑑; r_gap:spelling=1,ipa=0; shave_says:[𐑷𐑤𐑑𐑼𐑯𐑩𐑑 / 𐑷𐑤𐑑𐑼𐑯𐑱𐑑]
alternate	𐑷𐑤𐑑𐑩𐑯𐑱𐑑	ɔːltəneɪt	𐑷𐑤𐑑𐑻𐑯𐑩𐑑, 𐑷𐑤𐑑𐑼𐑯𐑱𐑑	ɔːlˈtɜːRnət	medium	r_gap:spelling=1,ipa=0; shave_says:[𐑷𐑤𐑑𐑼𐑯𐑩𐑑 / 𐑷𐑤𐑑𐑼𐑯𐑱𐑑]
altrincham	𐑪𐑤𐑑𐑮𐑦𐑙𐑩𐑥	ɒltrɪŋəm	𐑷𐑤𐑑𐑮𐑦𐑙𐑩𐑥	ˈɔːltrɪŋəm	high	
always	𐑷𐑤𐑢𐑩𐑟	ˈɔːlwƏz	𐑷𐑤𐑢𐑱𐑟	ˈɔːlweɪz	high	
amateur	𐑨𐑥𐑩𐑑𐑻	æmətɜːR	𐑨𐑥𐑩𐑗𐑼	ˈæmətʃəR	high	
amateur	𐑨𐑥𐑩𐑑𐑼	æmətəR	𐑨𐑥𐑩𐑗𐑼	ˈæmətʃəR	high	
amateur	𐑨𐑥𐑩𐑗𐑫𐑼	æmətʃʊəR	𐑨𐑥𐑩𐑗𐑼	ˈæmətʃəR	high	
ambiguous	𐑨𐑥𐑚𐑦𐑜𐑘𐑩𐑩𐑕	æmbˈɪɡjəəs	𐑨𐑥𐑚𐑦𐑜𐑘𐑫𐑩𐑕	æmˈbɪɡjuəs	high	
amen	𐑱𐑥𐑧𐑯	ˌeɪmˈen	𐑭𐑥𐑧𐑯	ɑːˈmen	high	
amenities	𐑩𐑥𐑧𐑯𐑦𐑑𐑦𐑟	əmˈenɪtiz	𐑩𐑥𐑰𐑯𐑦𐑑𐑦𐑟	əˈmiːnɪtiz	high	
amino	𐑩𐑥𐑲𐑯𐑴	əmˈaɪnəʊ	𐑩𐑥𐑰𐑯𐑴	əˈmiːnəʊ	high	
amnesty	𐑨𐑥𐑯𐑦𐑕𐑑𐑦	ˈæmnɪsti	𐑨𐑥𐑯𐑩𐑕𐑑𐑦	ˈæmnəsti	high	
amsterdam	𐑨𐑥𐑕𐑑𐑩𐑛𐑨𐑥	æmstədæm	𐑨𐑥𐑕𐑑𐑼𐑛𐑨𐑥	ˌæmstəRˈdæm	medium	r_gap:spelling=1,ipa=0; shave_says:𐑨𐑥𐑕𐑑𐑼𐑛𐑨𐑥
an	𐑨𐑯	ˈæn	𐑩𐑯	ən	high	
anaesthesia	𐑨𐑯𐑦𐑕𐑔𐑰𐑟𐑾	ˌænɪsθˈiːzɪə	𐑨𐑯𐑩𐑕𐑔𐑰𐑠𐑩	ˌænəsˈθiːʒə	high	
analyses	𐑨𐑯𐑩𐑤𐑲𐑟𐑦𐑟	ˈænəlˌaɪziz	𐑨𐑯𐑩𐑤𐑲𐑟𐑩𐑟, 𐑩𐑯𐑨𐑤𐑩𐑕𐑰𐑟	ˈænəlaɪzƏz	high	
analyses	𐑩𐑯𐑨𐑤𐑦𐑕𐑰𐑟	ənˈælɪsˌiːz	𐑨𐑯𐑩𐑤𐑲𐑟𐑩𐑟, 𐑩𐑯𐑨𐑤𐑩𐑕𐑰𐑟	ˈænəlaɪzƏz	high	
analysis	𐑩𐑯𐑨𐑤𐑦𐑕𐑦𐑕	ənˈælɪsɪs	𐑩𐑯𐑨𐑤𐑩𐑕𐑦𐑕	əˈnæləsɪs	high	
and	𐑨𐑯𐑛	ˈænd	𐑯	N	high	
and	𐑩𐑯𐑛	ənd	𐑯	N	high	
anderson	𐑨𐑯𐑛𐑩𐑕𐑩𐑯	ændəsən	𐑨𐑯𐑛𐑼𐑕𐑩𐑯	ˈændəRsən	medium	r_gap:spelling=1,ipa=0; shave_says:𐑨𐑯𐑛𐑼𐑕𐑩𐑯
anesthesia	𐑨𐑯𐑦𐑕𐑔𐑰𐑟𐑾	ˌænɪsθˈiːzɪə	𐑨𐑯𐑩𐑕𐑔𐑰𐑠𐑩	ˌænəsˈθiːʒə	high	
annexe	𐑨𐑯𐑦𐑒𐑕	ˈænɪks	𐑨𐑯𐑧𐑒𐑕	ˈæneks	high	
annotated	𐑨𐑯𐑴𐑑𐑱𐑑𐑩𐑛	ˈænəʊtˌeɪtƏd	𐑨𐑯𐑩𐑑𐑱𐑑𐑩𐑛	ˈænəteɪtƏd	high	
annual	𐑨𐑯𐑘𐑩𐑩𐑤	ˈænjəəl	𐑨𐑯𐑘𐑫𐑩𐑤	ˈænjuəl	medium	ml_disagrees:𐑨𐑯𐑘𐑫𐑩𐑤; shave_says:𐑨𐑯𐑿𐑩𐑤
annually	𐑨𐑯𐑘𐑩𐑩𐑤𐑦	ˈænjəəli	𐑨𐑯𐑘𐑫𐑩𐑤𐑦	ˈænjuəli	medium	ml_disagrees:𐑨𐑯𐑘𐑫𐑩𐑤𐑦; shave_says:𐑨𐑯𐑿𐑤𐑦
anthony	𐑨𐑯𐑔𐑩𐑯𐑦	ˈænθəni	𐑨𐑯𐑑𐑩𐑯𐑦	ˈæntəni	high	
antigua	𐑨𐑯𐑑𐑰𐑜𐑢𐑩	æntˈiːɡwə	𐑨𐑯𐑑𐑰𐑜𐑩	ænˈtiːɡə	high	
antonio	𐑨𐑯𐑑𐑴𐑯𐑾𐑫	æntˈəʊnɪəʊ	𐑨𐑯𐑑𐑴𐑯𐑦𐑴	ænˈtəʊniəʊ	high	
anxious	𐑨𐑙𐑖𐑩𐑕	ˈæŋʃəs	𐑨𐑙𐑒𐑖𐑩𐑕	ˈæŋkʃəs	high	
anybody	𐑧𐑯𐑦𐑚𐑩𐑛𐑦	ˈenɪbədi	𐑧𐑯𐑦𐑚𐑪𐑛𐑦	ˈenɪbɒdi	high	
anyone	𐑧𐑯𐑦𐑢𐑩𐑯	ˈenɪwən	𐑧𐑯𐑦𐑢𐑳𐑯	ˈenɪwʌn	high	
apparatus	𐑨𐑐𐑼𐑨𐑑𐑩𐑕	æpərætəs	𐑨𐑐𐑼𐑱𐑑𐑩𐑕	ˌæpəˈreɪtəs	high	
apparent	𐑩𐑐𐑺𐑩𐑯𐑑	əpeərənt	𐑩𐑐𐑨𐑮𐑩𐑯𐑑	əˈpærənt	high	
apparently	𐑩𐑐𐑺𐑩𐑯𐑑𐑤𐑦	əpeərəntli	𐑩𐑐𐑨𐑮𐑩𐑯𐑑𐑤𐑦	əˈpærəntli	high	
appetite	𐑨𐑐𐑦𐑑𐑲𐑑	ˈæpɪtˌaɪt	𐑨𐑐𐑩𐑑𐑲𐑑	ˈæpətaɪt	high	
applicable	𐑨𐑐𐑤𐑦𐑒𐑩𐑚𐑩𐑤	ˈæplɪkəbəl	𐑩𐑐𐑤𐑦𐑒𐑩𐑚𐑩𐑤	əˈplɪkəbəl	high	
approximate	𐑩𐑐𐑮𐑪𐑒𐑕𐑦𐑥𐑦𐑑	əprɒksɪmɪt	𐑩𐑐𐑮𐑪𐑒𐑕𐑦𐑥𐑩𐑑, 𐑩𐑐𐑮𐑪𐑒𐑕𐑦𐑥𐑱𐑑	əˈprɒksɪmət	medium	ml_disagrees:𐑩𐑐𐑮𐑪𐑒𐑕𐑦𐑥𐑩𐑑; shave_says:[𐑩𐑐𐑮𐑪𐑒𐑕𐑦𐑥𐑩𐑑 / 𐑩𐑐𐑮𐑪𐑒𐑕𐑦𐑥𐑱𐑑]
aquatic	𐑩𐑒𐑢𐑪𐑑𐑦𐑒	əkwˈɒtɪk	𐑩𐑒𐑢𐑨𐑑𐑦𐑒	əˈkwætɪk	high	
are	𐑼	əR	𐑸	ɑːR	high	
arithmetic	𐑨𐑮𐑦𐑔𐑥𐑧𐑑𐑦𐑒	ærɪθmetɪk	𐑼𐑦𐑔𐑥𐑩𐑑𐑦𐑒	əˈrɪθmətɪk	high	
arkansas	𐑸𐑒𐑩𐑯𐑕𐑹	ɑːRkənsɔːR	𐑸𐑒𐑩𐑯𐑕𐑷	ˈɑːRkənsɔː	high	
arouses	𐑼𐑬𐑟𐑦𐑟	əraʊziz	𐑼𐑬𐑟𐑩𐑟	əˈraʊzƏz	high	
arsenic	𐑸𐑕𐑯𐑦𐑒	ɑːRsnɪk	𐑸𐑕𐑩𐑯𐑦𐑒	ˈɑːRsənɪk	high	
articulate	𐑸𐑑𐑦𐑒𐑘𐑩𐑤𐑦𐑑	ɑːRtɪkjəlɪt	𐑸𐑑𐑦𐑒𐑘𐑩𐑤𐑩𐑑, 𐑸𐑑𐑦𐑒𐑘𐑩𐑤𐑱𐑑	ɑːRˈtɪkjələt	high	
as	𐑩𐑟	əz	𐑨𐑟	æz	high	
asbestos	𐑨𐑕𐑚𐑧𐑕𐑑𐑩𐑕	æsbˈestəs	𐑨𐑟𐑚𐑧𐑕𐑑𐑪𐑕	æzˈbestɒs	high	
asbestos	𐑨𐑕𐑚𐑧𐑕𐑑𐑪𐑕	æsbˈestɒs	𐑨𐑟𐑚𐑧𐑕𐑑𐑪𐑕	æzˈbestɒs	high	
ascertain	𐑨𐑕𐑩𐑑𐑱𐑯	æsəteɪn	𐑨𐑕𐑼𐑑𐑱𐑯	ˌæsəRˈteɪn	medium	r_gap:spelling=1,ipa=0; shave_says:𐑨𐑕𐑼𐑑𐑱𐑯
asia	𐑱𐑖𐑩	ˈeɪʃə	𐑱𐑠𐑩	ˈeɪʒə	high	
asian	𐑱𐑖𐑩𐑯	ˈeɪʃən	𐑱𐑠𐑩𐑯	ˈeɪʒən	high	
asphalt	𐑨𐑕𐑓𐑨𐑤𐑑	ˈæsfælt	𐑨𐑕𐑓𐑷𐑤𐑑, 𐑨𐑖𐑓𐑧𐑤𐑑	ˈæsfɔːlt	high	
aspiration	𐑨𐑕𐑐𐑦𐑮𐑱𐑖𐑩𐑯	æspɪreɪʃən	𐑨𐑕𐑐𐑼𐑱𐑖𐑩𐑯	ˌæspɪˈreɪʃən	high	ml_disagrees:𐑨𐑕𐑐𐑼𐑱𐑖𐑩𐑯; shave_agrees
aspirations	𐑨𐑕𐑐𐑦𐑮𐑱𐑖𐑩𐑯𐑟	æspɪreɪʃənz	𐑨𐑕𐑐𐑼𐑱𐑖𐑩𐑯𐑟	ˌæspɪˈreɪʃənz	high	ml_disagrees:𐑨𐑕𐑐𐑼𐑱𐑖𐑩𐑯𐑟; shave_agrees
ass	𐑭𐑕	ˈɑːs	𐑨𐑕	æs	high	
asses	𐑭𐑕𐑩𐑟	ˈɑːsƏz	𐑨𐑕𐑩𐑟	ˈæsƏz	high	
asshole	𐑭𐑕𐑣𐑴𐑤	ˈɑːshəʊl	𐑨𐑕𐑣𐑴𐑤	ˈæshəʊl	high	
assholes	𐑭𐑕𐑣𐑴𐑤𐑟	ˈɑːshəʊlz	𐑨𐑕𐑣𐑴𐑤𐑟	ˈæshəʊlz	high	
assimilate	𐑩𐑕𐑦𐑥𐑦𐑤𐑱𐑑	əsˈɪmɪlˌeɪt	𐑩𐑕𐑦𐑥𐑩𐑤𐑱𐑑	əˈsɪməleɪt	high	
associate	𐑩𐑕𐑴𐑕𐑦𐑱𐑑	əsˈəʊsɪˌeɪt	𐑩𐑕𐑴𐑖𐑦𐑱𐑑, 𐑩𐑕𐑴𐑖𐑾𐑑	əˈsəʊʃɪət	medium	ml_disagrees:𐑩𐑕𐑴𐑖𐑦𐑱𐑑; shave_says:[𐑩𐑕𐑴𐑖𐑾𐑑 / 𐑩𐑕𐑴𐑖𐑦𐑱𐑑]
associate	𐑩𐑕𐑴𐑕𐑾𐑑	əsˈəʊsɪət	𐑩𐑕𐑴𐑖𐑦𐑱𐑑, 𐑩𐑕𐑴𐑖𐑾𐑑	əˈsəʊʃɪət	high	
associates	𐑩𐑕𐑴𐑕𐑦𐑱𐑑𐑕	əsˈəʊsɪˌeɪts	𐑩𐑕𐑴𐑖𐑦𐑱𐑑𐑕, 𐑩𐑕𐑴𐑖𐑾𐑑𐑕	əˈsəʊʃɪəts	medium	ml_disagrees:𐑩𐑕𐑴𐑖𐑦𐑱𐑑𐑕; shave_says:𐑩𐑕𐑴𐑖𐑾𐑑𐑕
associates	𐑩𐑕𐑴𐑕𐑾𐑑𐑕	əsˈəʊsɪəts	𐑩𐑕𐑴𐑖𐑦𐑱𐑑𐑕, 𐑩𐑕𐑴𐑖𐑾𐑑𐑕	əˈsəʊʃɪəts	high	
assure	𐑩𐑖𐑷	əʃɔː	𐑩𐑖𐑫𐑼	əˈʃʊəR	low	ml_disagrees:𐑩𐑖𐑷𐑮; r_gap:spelling=1,ipa=0; shave_says:𐑩𐑖𐑫𐑼
assured	𐑩𐑖𐑷𐑛	əʃɔːd	𐑩𐑖𐑫𐑼𐑛	əˈʃʊəRd	medium	r_gap:spelling=1,ipa=0; shave_says:𐑩𐑖𐑫𐑼𐑛
asthma	𐑨𐑟𐑥𐑩	ˈæzmə	𐑨𐑕𐑥𐑩	ˈæsmə	high	
asymmetric	𐑨𐑕𐑦𐑥𐑧𐑑𐑮𐑦𐑒	æsɪmetrɪk	𐑱𐑕𐑦𐑥𐑧𐑑𐑮𐑦𐑒	ˌeɪsɪˈmetrɪk	high	
at	𐑩𐑑	ət	𐑨𐑑	æt	high	
atlanta	𐑨𐑑𐑤𐑨𐑯𐑑𐑩	ætlˈæntə	𐑩𐑑𐑤𐑨𐑯𐑑𐑩	ətˈlæntə	high	
atlases	𐑨𐑑𐑤𐑩𐑕𐑩𐑕	ˈætləsəs	𐑨𐑑𐑤𐑩𐑕𐑩𐑟	ˈætləsƏz	high	
aubergine	𐑴𐑚𐑩𐑡𐑰𐑯	əʊbədʒiːn	𐑴𐑚𐑼𐑠𐑰𐑯	ˈəʊbəRʒiːn	medium	r_gap:spelling=1,ipa=0; shave_says:𐑴𐑚𐑼𐑠𐑰𐑯
auditor	𐑹𐑛𐑦𐑑𐑼	ɔːRdɪtəR	𐑷𐑛𐑦𐑑𐑼	ˈɔːdɪtəR	high	
auditorium	𐑹𐑛𐑦𐑑𐑹𐑾𐑥	ɔːRdɪtɔːrɪəm	𐑷𐑛𐑦𐑑𐑹𐑾𐑥	ˌɔːdɪˈtɔːrɪəm	high	
auditors	𐑹𐑛𐑦𐑑𐑼𐑟	ɔːRdɪtəRz	𐑷𐑛𐑦𐑑𐑼𐑟	ˈɔːdɪtəRz	high	
austere	𐑪𐑕𐑑𐑽	ɒstɪəR	𐑷𐑕𐑑𐑽	ɔːˈstɪəR	high	
austin	𐑷𐑕𐑑𐑦𐑯	ˈɔːstɪn	𐑪𐑕𐑑𐑦𐑯	ˈɒstɪn	high	
author	𐑹𐑔𐑼	ɔːRθəR	𐑷𐑔𐑼	ˈɔːθəR	high	
authorities	𐑹𐑔𐑪𐑮𐑦𐑑𐑦𐑟	ɔːRθɒrɪtiz	𐑷𐑔𐑪𐑮𐑦𐑑𐑦𐑟	ɔːˈθɒrɪtiz	high	
authority	𐑹𐑔𐑪𐑮𐑦𐑑𐑦	ɔːRθɒrɪti	𐑷𐑔𐑪𐑮𐑦𐑑𐑦	ɔːˈθɒrɪti	high	
authorization	𐑹𐑔𐑼𐑲𐑟𐑱𐑖𐑩𐑯	ɔːRθəraɪzeɪʃən	𐑷𐑔𐑼𐑲𐑟𐑱𐑖𐑩𐑯	ˌɔːθəraɪˈzeɪʃən	high	
authorized	𐑹𐑔𐑼𐑲𐑟𐑛	ɔːRθəraɪzd	𐑷𐑔𐑼𐑲𐑟𐑛	ˈɔːθəraɪzd	high	
authors	𐑹𐑔𐑼𐑟	ɔːRθəRz	𐑷𐑔𐑼𐑟	ˈɔːθəRz	high	
automobiles	𐑷𐑑𐑩𐑥𐑴𐑚𐑰𐑤𐑟	ˈɔːtəməʊbˌiːlz	𐑷𐑑𐑩𐑥𐑩𐑚𐑰𐑤𐑟	ˈɔːtəməbiːlz	high	
auxiliary	𐑹𐑜𐑟𐑦𐑤𐑘𐑼𐑦	ɔːRɡzɪljəri	𐑷𐑜𐑟𐑦𐑤𐑽𐑦	ɔːɡˈzɪlɪəri	high	
auxiliary	𐑹𐑜𐑟𐑦𐑤𐑼𐑦	ɔːRɡzɪləri	𐑷𐑜𐑟𐑦𐑤𐑽𐑦	ɔːɡˈzɪlɪəri	high	
avenue	𐑨𐑝𐑦𐑯𐑿	ˈævɪnjˌuː	𐑨𐑝𐑩𐑯𐑵, 𐑨𐑝𐑩𐑯𐑿	ˈævənjuː	high	
average	𐑨𐑝𐑮𐑦𐑡	ævrɪdʒ	𐑨𐑝𐑼𐑦𐑡	ˈævərɪdʒ	high	
avid	𐑨𐑝𐑩𐑛	ˈævƏd	𐑨𐑝𐑦𐑛	ˈævɪd	high	
awfully	𐑷𐑓𐑤𐑦	ˈɔːfli	𐑷𐑓𐑩𐑤𐑦	ˈɔːfəli	high	
awkward	𐑹𐑒𐑢𐑼𐑛	ɔːRkwəRd	𐑷𐑒𐑢𐑼𐑛	ˈɔːkwəRd	high	
azerbaijan	𐑨𐑟𐑩𐑚𐑲𐑡𐑭𐑯	æzəbaɪdʒɑːn	𐑨𐑟𐑼𐑚𐑲𐑡𐑭𐑯	ˌæzəRbaɪˈdʒɑːn	medium	r_gap:spelling=1,ipa=0; shave_says:𐑭𐑟𐑧𐑮𐑚𐑲𐑡𐑭𐑯
bachelor	𐑚𐑨𐑗𐑤𐑼	bætʃləR	𐑚𐑨𐑗𐑩𐑤𐑼	ˈbætʃələR	high	
bade	𐑚𐑱𐑛	bˈeɪd	𐑚𐑨𐑛	bæd	high	
baltimore	𐑚𐑹𐑤𐑑𐑦𐑥𐑹	bɔːRltɪmɔːR	𐑚𐑷𐑤𐑑𐑦𐑥𐑹	ˈbɔːltɪmɔːR	high	
bangladesh	𐑚𐑨𐑙𐑤𐑩𐑛𐑧𐑖	bˈæŋlədˌeʃ	𐑚𐑨𐑙𐑜𐑤𐑩𐑛𐑧𐑖	ˌbæŋɡləˈdeʃ	high	
bankruptcy	𐑚𐑨𐑙𐑒𐑮𐑩𐑐𐑑𐑕𐑦	bæŋkrəptsi	𐑚𐑨𐑙𐑒𐑮𐑳𐑐𐑑𐑕𐑦	ˈbæŋkrʌptsi	high	
banquet	𐑚𐑨𐑙𐑒𐑢𐑦𐑑	bˈæŋkwɪt	𐑚𐑨𐑙𐑒𐑢𐑩𐑑	ˈbæŋkwIt	high	
barbados	𐑚𐑸𐑚𐑱𐑛𐑴𐑕	bɑːRbeɪdəʊs	𐑚𐑸𐑚𐑱𐑛𐑪𐑕	bɑːRˈbeɪdɒs	high	
barbara	𐑚𐑸𐑚𐑮𐑩	bɑːRbrə	𐑚𐑸𐑚𐑼𐑩	ˈbɑːRbərə	high	
barcelona	𐑚𐑸𐑕𐑦𐑤𐑴𐑯𐑩	bɑːRsɪləʊnə	𐑚𐑸𐑕𐑩𐑤𐑴𐑯𐑩	ˌbɑːRsəlˈəʊnə	high	
barnet	𐑚𐑸𐑯𐑦𐑑	bɑːRnɪt	𐑚𐑸𐑯𐑩𐑑	ˈbɑːRnət	high	
baroque	𐑚𐑼𐑴𐑒	bərəʊk	𐑚𐑼𐑪𐑒	bəˈrɒk	high	
basin	𐑚𐑱𐑕𐑦𐑯	bˈeɪsɪn	𐑚𐑱𐑕𐑩𐑯	ˈbeɪsən	high	
basket	𐑚𐑭𐑕𐑒𐑦𐑑	bˈɑːskɪt	𐑚𐑨𐑕𐑒𐑩𐑑, 𐑚𐑭𐑕𐑒𐑩𐑑	ˈbⱭːskIt	high	
basketball	𐑚𐑭𐑕𐑒𐑦𐑑𐑚𐑷𐑤	bˈɑːskɪtbˌɔːl	𐑚𐑨𐑕𐑒𐑩𐑑𐑚𐑷𐑤, 𐑚𐑭𐑕𐑒𐑩𐑑𐑚𐑷𐑤	ˈbⱭːskItbɔːl	high	
baskets	𐑚𐑭𐑕𐑒𐑦𐑑𐑕	bˈɑːskɪts	𐑚𐑨𐑕𐑒𐑩𐑑𐑕, 𐑚𐑭𐑕𐑒𐑩𐑑𐑕	ˈbⱭːskIts	high	
bastard	𐑚𐑸𐑕𐑑𐑼𐑛	bɑːRstəRd	𐑚𐑨𐑕𐑑𐑼𐑛, 𐑚𐑭𐑕𐑑𐑼𐑛	ˈbⱭːstəRd	high	
bastards	𐑚𐑸𐑕𐑑𐑼𐑛𐑟	bɑːRstəRdz	𐑚𐑨𐑕𐑑𐑼𐑛𐑟, 𐑚𐑭𐑕𐑑𐑼𐑛𐑟	ˈbⱭːstəRdz	high	
batman	𐑚𐑨𐑑𐑥𐑨𐑯	bˈætmˌæn	𐑚𐑨𐑑𐑥𐑩𐑯	ˈbætmən	high	
be	𐑚𐑦	bɪ	𐑚𐑰	biː	high	
beautifully	𐑚𐑿𐑑𐑦𐑓𐑤𐑦	bjˈuːtɪfli	𐑚𐑿𐑑𐑦𐑓𐑩𐑤𐑦	ˈbjuːtɪfəli	high	
because	𐑚𐑦𐑒𐑩𐑟	bɪkˈəz	𐑚𐑦𐑒𐑪𐑟	bɪˈkɒz	high	
bedfordshire	𐑚𐑧𐑛𐑓𐑩𐑛𐑖𐑼	bedfədʃəR	𐑚𐑧𐑛𐑓𐑼𐑛𐑖𐑼	ˈbedfəRdʃəR	medium	r_gap:spelling=2,ipa=1; shave_says:𐑚𐑧𐑛𐑓𐑼𐑛𐑖𐑼
belarus	𐑚𐑧𐑤𐑼𐑫𐑕	belərʊs	𐑚𐑧𐑤𐑼𐑵𐑕	ˌbeləˈruːs	high	
beloved	𐑚𐑦𐑤𐑳𐑝𐑛	bɪlˈʌvd	𐑚𐑦𐑤𐑳𐑝𐑩𐑛	bɪˈlʌvƏd	high	
berkeley	𐑚𐑭𐑒𐑤𐑦	bɑːkli	𐑚𐑸𐑒𐑤𐑦	ˈbɑːRkli	medium	r_gap:spelling=1,ipa=0; shave_says:𐑚𐑸𐑒𐑤𐑦
berkeley	𐑚𐑻𐑒𐑤𐑦	bɜːRkli	𐑚𐑸𐑒𐑤𐑦	ˈbɑːRkli	high	
berkshire	𐑚𐑭𐑒𐑖𐑼	bɑːkʃəR	𐑚𐑸𐑒𐑖𐑼	ˈbɑːRkʃər	medium	r_gap:spelling=2,ipa=1; shave_says:𐑚𐑸𐑒𐑖𐑼
berkshire	𐑚𐑭𐑒𐑖𐑽	bɑːkʃɪəR	𐑚𐑸𐑒𐑖𐑼	ˈbɑːRkʃər	medium	r_gap:spelling=2,ipa=1; shave_says:𐑚𐑸𐑒𐑖𐑼
berlin	𐑚𐑩𐑤𐑦𐑯	bəlɪn	𐑚𐑻𐑤𐑦𐑯	bɜːRˈlɪn	medium	r_gap:spelling=1,ipa=0; shave_says:𐑚𐑼𐑤𐑦𐑯
bermuda	𐑚𐑩𐑥𐑿𐑛𐑩	bəmjuːdə	𐑚𐑼𐑥𐑿𐑛𐑩	bəRˈmjuːdə	medium	r_gap:spelling=1,ipa=0; shave_says:𐑚𐑼𐑥𐑿𐑛𐑩
beverage	𐑚𐑧𐑝𐑮𐑦𐑡	bevrɪdʒ	𐑚𐑧𐑝𐑼𐑦𐑡	ˈbevərɪdʒ	high	
beverages	𐑚𐑧𐑝𐑮𐑦𐑡𐑩𐑟	bevrɪdʒƏz	𐑚𐑧𐑝𐑼𐑦𐑡𐑩𐑟	ˈbevərɪdʒƏz	high	
beverley	𐑚𐑧𐑝𐑩𐑤𐑦	bevəli	𐑚𐑧𐑝𐑼𐑤𐑦	ˈbevəRli	medium	r_gap:spelling=1,ipa=0; shave_says:𐑚𐑧𐑝𐑼𐑤𐑦
beverly	𐑚𐑧𐑝𐑩𐑤𐑦	bevəli	𐑚𐑧𐑝𐑼𐑤𐑦	ˈbevəRli	medium	r_gap:spelling=1,ipa=0; shave_says:𐑚𐑧𐑝𐑼𐑤𐑦
bios	𐑚𐑲𐑪𐑕	bˈaɪɒs	𐑚𐑲𐑴𐑟	ˈbaɪəʊz	high	
bisexual	𐑚𐑲𐑕𐑧𐑒𐑖𐑫𐑼𐑤	baɪsˈekʃʊəl	𐑚𐑲𐑕𐑧𐑒𐑖𐑫𐑩𐑤	ˌbaɪˈsekʃuəl	medium	ml_disagrees:𐑚𐑲𐑕𐑧𐑒𐑖𐑫𐑩𐑤; shave_says:𐑚𐑲𐑕𐑧𐑒𐑖𐑵𐑩𐑤
bitterly	𐑚𐑦𐑑𐑩𐑤𐑦	bɪtəli	𐑚𐑦𐑑𐑼𐑤𐑦	ˈbɪtəRli	medium	r_gap:spelling=1,ipa=0; shave_says:𐑚𐑦𐑑𐑼𐑤𐑦
blackburn	𐑚𐑤𐑨𐑒𐑚𐑼𐑯	blækbəRn	𐑚𐑤𐑨𐑒𐑚𐑻𐑯	ˈblækbɜːRn	high	
blanket	𐑚𐑤𐑨𐑙𐑒𐑦𐑑	blˈæŋkɪt	𐑚𐑤𐑨𐑙𐑒𐑩𐑑	ˈblæŋkIt	high	
blankets	𐑚𐑤𐑨𐑙𐑒𐑦𐑑𐑕	blˈæŋkɪts	𐑚𐑤𐑨𐑙𐑒𐑩𐑑𐑕	ˈblæŋkIts	high	
boer	𐑚𐑫𐑼	bʊəR	𐑚𐑹	bɔːR	high	
bonnet	𐑚𐑪𐑯𐑦𐑑	bˈɒnɪt	𐑚𐑪𐑯𐑩𐑑	ˈbɒnIt	high	
booklet	𐑚𐑫𐑒𐑤𐑦𐑑	bˈʊklɪt	𐑚𐑫𐑒𐑤𐑩𐑑	ˈbʊklət	high	
boundaries	𐑚𐑬𐑯𐑛𐑼𐑦𐑟	baʊndəriz	𐑚𐑬𐑯𐑛𐑮𐑦𐑟	ˈbaʊndriz	high	
boundary	𐑚𐑬𐑯𐑛𐑼𐑦	baʊndəri	𐑚𐑬𐑯𐑛𐑮𐑦	ˈbaʊndri	high	
bouquet	𐑚𐑫𐑒𐑱	bʊkˈeɪ	𐑚𐑵𐑒𐑱	buːˈkeɪ	high	
bouquet	𐑚𐑴𐑒𐑱	bəʊkˈeɪ	𐑚𐑵𐑒𐑱	buːˈkeɪ	high	
bourgeois	𐑚𐑫𐑼𐑠𐑢𐑸	bʊəRʒwɑːR	𐑚𐑫𐑼𐑠𐑢𐑭	ˈbʊəRʒwɑː	high	
bracelet	𐑚𐑮𐑱𐑕𐑤𐑦𐑑	breɪslɪt	𐑚𐑮𐑱𐑕𐑤𐑩𐑑	ˈbreɪslət	high	
bracelets	𐑚𐑮𐑱𐑕𐑤𐑦𐑑𐑕	breɪslɪts	𐑚𐑮𐑱𐑕𐑤𐑩𐑑𐑕	ˈbreɪsləts	high	
brazilian	𐑚𐑮𐑩𐑟𐑦𐑤𐑘𐑩𐑯	brəzɪljən	𐑚𐑮𐑩𐑟𐑦𐑤𐑾𐑯	brəˈzɪlɪən	high	
brethren	𐑚𐑮𐑧𐑞𐑮𐑦𐑯	breðrɪn	𐑚𐑮𐑧𐑞𐑮𐑩𐑯	ˈbreðrən	high	
brewery	𐑚𐑮𐑫𐑼𐑦	brʊəri	𐑚𐑮𐑵𐑼𐑦	ˈbruːəri	high	
brilliant	𐑚𐑮𐑦𐑤𐑘𐑩𐑯𐑑	brɪljənt	𐑚𐑮𐑦𐑤𐑾𐑯𐑑	ˈbrɪlɪənt	high	
broccoli	𐑚𐑮𐑪𐑒𐑤𐑦	brɒkli	𐑚𐑮𐑪𐑒𐑩𐑤𐑦	ˈbrɒkəli	high	
brochures	𐑚𐑮𐑴𐑖𐑩𐑟	brəʊʃəz	𐑚𐑮𐑴𐑖𐑼𐑟	ˈbrəʊʃəRz	medium	r_gap:spelling=2,ipa=1; shave_says:𐑚𐑮𐑴𐑖𐑼𐑟
bucharest	𐑚𐑫𐑒𐑼𐑧𐑕𐑑	bʊkərest	𐑚𐑵𐑒𐑼𐑧𐑕𐑑	ˌbuːkəˈrest	high	
bucket	𐑚𐑳𐑒𐑦𐑑	bˈʌkɪt	𐑚𐑳𐑒𐑩𐑑	ˈbʌkIt	high	
budapest	𐑚𐑿𐑛𐑩𐑐𐑧𐑕𐑑	bjˌuːdəpˈest	𐑚𐑵𐑛𐑩𐑐𐑧𐑕𐑑	ˈbuːdəpest	high	
budget	𐑚𐑳𐑡𐑦𐑑	bˈʌdʒɪt	𐑚𐑳𐑡𐑩𐑑	ˈbʌdʒət	high	
budgets	𐑚𐑳𐑡𐑦𐑑𐑕	bˈʌdʒɪts	𐑚𐑳𐑡𐑩𐑑𐑕	ˈbʌdʒəts	high	
buffet	𐑚𐑳𐑓𐑦𐑑	bˈʌfɪt	𐑚𐑫𐑓𐑱, 𐑚𐑳𐑓𐑩𐑑	ˈbʊfeɪ	high	
buffet	𐑚𐑳𐑓𐑱	bˈʌfeɪ	𐑚𐑫𐑓𐑱, 𐑚𐑳𐑓𐑩𐑑	ˈbʊfeɪ	high	
bullet	𐑚𐑫𐑤𐑦𐑑	bˈʊlɪt	𐑚𐑫𐑤𐑩𐑑	ˈbʊlIt	high	
bulletin	𐑚𐑫𐑤𐑦𐑑𐑦𐑯	bˈʊlɪtɪn	𐑚𐑫𐑤𐑩𐑑𐑦𐑯	ˈbʊlətɪn	high	
bullets	𐑚𐑫𐑤𐑦𐑑𐑕	bˈʊlɪts	𐑚𐑫𐑤𐑩𐑑𐑕	ˈbʊlIts	high	
bureaux	𐑚𐑘𐑩𐑼𐑴𐑟	bjəərəʊz	𐑚𐑘𐑫𐑼𐑴𐑟	ˈbjʊərəʊz	medium	ml_disagrees:𐑚𐑘𐑫𐑼𐑴𐑟; shave_says:𐑚𐑘𐑫𐑼𐑴
business	𐑚𐑦𐑟𐑯𐑦𐑕	bˈɪznɪs	𐑚𐑦𐑟𐑯𐑩𐑕	ˈbɪznəs	high	
businesses	𐑚𐑦𐑟𐑯𐑦𐑕𐑩𐑟	bˈɪznɪsƏz	𐑚𐑦𐑟𐑯𐑩𐑕𐑩𐑟	ˈbɪznəsƏz	high	
businessman	𐑚𐑦𐑟𐑯𐑦𐑕𐑥𐑨𐑯	bˈɪznɪsmˌæn	𐑚𐑦𐑟𐑯𐑩𐑕𐑥𐑩𐑯	ˈbɪznəsmən	high	
businessman	𐑚𐑦𐑟𐑯𐑦𐑕𐑥𐑩𐑯	bˈɪznɪsmən	𐑚𐑦𐑟𐑯𐑩𐑕𐑥𐑩𐑯	ˈbɪznəsmən	medium	ml_disagrees:𐑚𐑦𐑟𐑯𐑦𐑕𐑥𐑧𐑯; shave_says:𐑚𐑦𐑟𐑯𐑩𐑕𐑥𐑩𐑯
businessmen	𐑚𐑦𐑟𐑯𐑦𐑕𐑥𐑩𐑯	bˈɪznɪsmən	𐑚𐑦𐑟𐑯𐑩𐑕𐑥𐑧𐑯	ˈbɪznəsmen	medium	ml_disagrees:𐑚𐑦𐑟𐑯𐑦𐑕𐑥𐑧𐑯; shave_says:𐑚𐑦𐑟𐑯𐑩𐑕𐑥𐑧𐑯
butterfly	𐑚𐑳𐑑𐑩𐑓𐑤𐑲	bʌtəflaɪ	𐑚𐑳𐑑𐑼𐑓𐑤𐑲	ˈbʌtəRflaɪ	medium	r_gap:spelling=1,ipa=0; shave_says:𐑚𐑳𐑑𐑼𐑓𐑤𐑲
bye-bye	𐑚𐑲𐑚𐑲	bˈaɪbˌaɪ	𐑚𐑲-𐑚𐑲	ˌbaɪ-ˈbaɪ	high	
cabinet	𐑒𐑨𐑚𐑦𐑯𐑦𐑑	kˈæbɪnɪt	𐑒𐑨𐑚𐑦𐑯𐑩𐑑	ˈkæbɪnət	high	
cadre	𐑒𐑭𐑛𐑼	kɑːdəR	𐑒𐑨𐑛𐑮𐑩, 𐑒𐑭𐑛𐑮𐑩	ˈkⱭːdrə	high	
caffeine	𐑒𐑨𐑓𐑦𐑰𐑯	kˈæfɪˌiːn	𐑒𐑨𐑓𐑰𐑯	ˈkæfiːn	high	
california	𐑒𐑨𐑤𐑦𐑓𐑹𐑯𐑘𐑩	kælɪfɔːRnjə	𐑒𐑨𐑤𐑦𐑓𐑹𐑯𐑾	ˌkælɪˈfɔːRnɪə	high	
camaraderie	𐑒𐑨𐑥𐑼𐑸𐑛𐑼𐑦	kæmərɑːRdəri	𐑒𐑨𐑥𐑼𐑭𐑛𐑼𐑦	ˌkæməˈrɑːdəri	high	
cameo	𐑒𐑨𐑥𐑾𐑫	kˈæmɪˌəʊ	𐑒𐑨𐑥𐑦𐑴	ˈkæmiəʊ	high	
camera	𐑒𐑨𐑥𐑮𐑩	kæmrə	𐑒𐑨𐑥𐑼𐑩	ˈkæmərə	high	
cameras	𐑒𐑨𐑥𐑮𐑩𐑟	kæmrəz	𐑒𐑨𐑥𐑼𐑩𐑟	ˈkæmərəz	high	
can	𐑒𐑩𐑯	kən	𐑒𐑨𐑯	kæn	high	
candidate	𐑒𐑨𐑯𐑛𐑦𐑛𐑦𐑑	kˈændɪdɪt	𐑒𐑨𐑯𐑛𐑦𐑛𐑩𐑑	ˈkændɪdət	high	
candidate	𐑒𐑨𐑯𐑛𐑦𐑛𐑱𐑑	kˈændɪdˌeɪt	𐑒𐑨𐑯𐑛𐑦𐑛𐑩𐑑	ˈkændɪdət	high	
candidates	𐑒𐑨𐑯𐑛𐑦𐑛𐑦𐑑𐑕	kˈændɪdɪts	𐑒𐑨𐑯𐑛𐑦𐑛𐑩𐑑𐑕	ˈkændɪdəts	high	
candidates	𐑒𐑨𐑯𐑛𐑦𐑛𐑱𐑑𐑕	kˈændɪdˌeɪts	𐑒𐑨𐑯𐑛𐑦𐑛𐑩𐑑𐑕	ˈkændɪdəts	high	
canterbury	𐑒𐑨𐑯𐑑𐑩𐑚𐑮𐑦	kæntəbri	𐑒𐑨𐑯𐑑𐑼𐑚𐑮𐑦	ˈkæntəRbəri	medium	r_gap:spelling=2,ipa=1; shave_says:𐑒𐑨𐑯𐑑𐑼𐑚𐑼𐑦
capsule	𐑒𐑨𐑐𐑕𐑵𐑤	kˈæpsuːl	𐑒𐑨𐑐𐑕𐑿𐑤	ˈkæpsjuːl	high	
cardiovascular	𐑒𐑸𐑛𐑾𐑫𐑝𐑨𐑕𐑒𐑘𐑩𐑤𐑼	kɑːRdɪəʊvæskjələR	𐑒𐑸𐑛𐑦𐑴𐑝𐑨𐑕𐑒𐑘𐑩𐑤𐑼	ˌkɑːRdiəʊˈvæskjələR	high	
caribbean	𐑒𐑨𐑮𐑦𐑚𐑰𐑩𐑯	kærɪbiːən	𐑒𐑨𐑮𐑦𐑚𐑾𐑯	kærɪˈbiən	high	
caribbean	𐑒𐑼𐑦𐑚𐑾𐑯	kərɪbɪən	𐑒𐑨𐑮𐑦𐑚𐑾𐑯	kærɪˈbiən	high	
carousel	𐑒𐑨𐑮𐑩𐑟𐑧𐑤	kærəzel	𐑒𐑨𐑮𐑩𐑕𐑧𐑤	ˌkærəˈsel	high	
carpet	𐑒𐑸𐑐𐑦𐑑	kɑːRpɪt	𐑒𐑸𐑐𐑩𐑑	ˈkɑːRpIt	high	
carpets	𐑒𐑸𐑐𐑦𐑑𐑕	kɑːRpɪts	𐑒𐑸𐑐𐑩𐑑𐑕	ˈkɑːRpIts	high	
carrier	𐑒𐑨𐑮𐑽	kærɪəR	𐑒𐑨𐑮𐑦𐑼	ˈkærɪəR	high	r_gap:spelling=3,ipa=2; shave_agrees
carriers	𐑒𐑨𐑮𐑽𐑟	kærɪəRz	𐑒𐑨𐑮𐑦𐑼𐑟	ˈkærɪəRz	high	r_gap:spelling=3,ipa=2; shave_agrees
cartilage	𐑒𐑸𐑑𐑤𐑦𐑡	kɑːRtlɪdʒ	𐑒𐑸𐑑𐑩𐑤𐑦𐑡	ˈkɑːRtəlɪdʒ	high	
cartilage	𐑒𐑸𐑑𐑦𐑤𐑦𐑡	kɑːRtɪlɪdʒ	𐑒𐑸𐑑𐑩𐑤𐑦𐑡	ˈkɑːRtəlɪdʒ	high	
casual	𐑒𐑨𐑠𐑘𐑩𐑩𐑤	kˈæʒjəəl	𐑒𐑨𐑠𐑫𐑩𐑤	ˈkæʒuəl	high	
casual	𐑒𐑨𐑠𐑫𐑼𐑤	kˈæʒʊəl	𐑒𐑨𐑠𐑫𐑩𐑤	ˈkæʒuəl	medium	ml_disagrees:𐑒𐑨𐑠𐑫𐑩𐑤; shave_says:𐑒𐑨𐑠𐑵𐑩𐑤
casually	𐑒𐑨𐑠𐑘𐑩𐑩𐑤𐑦	kˈæʒjəəli	𐑒𐑨𐑠𐑫𐑩𐑤𐑦	ˈkæʒuəli	high	
casually	𐑒𐑨𐑠𐑫𐑼𐑤𐑦	kˈæʒʊəli	𐑒𐑨𐑠𐑫𐑩𐑤𐑦	ˈkæʒuəli	medium	ml_disagrees:𐑒𐑨𐑠𐑫𐑩𐑤𐑦; shave_says:𐑒𐑨𐑠𐑵𐑤𐑦
casualties	𐑒𐑨𐑠𐑘𐑩𐑩𐑤𐑑𐑦𐑟	kˈæʒjəəltiz	𐑒𐑨𐑠𐑫𐑩𐑤𐑑𐑦𐑟	ˈkæʒuəltiz	high	
casualty	𐑒𐑨𐑠𐑘𐑩𐑩𐑤𐑑𐑦	kˈæʒjəəlti	𐑒𐑨𐑠𐑫𐑩𐑤𐑑𐑦	ˈkæʒuəlti	high	
categories	𐑒𐑨𐑑𐑦𐑜𐑼𐑦𐑟	kætɪɡəriz	𐑒𐑨𐑑𐑩𐑜𐑼𐑦𐑟	ˈkætəɡəriz	high	
category	𐑒𐑨𐑑𐑦𐑜𐑼𐑦	kætɪɡəri	𐑒𐑨𐑑𐑩𐑜𐑼𐑦	ˈkætəɡəri	high	
caterpillar	𐑒𐑨𐑑𐑩𐑐𐑦𐑤𐑼	kætəpɪləR	𐑒𐑨𐑑𐑼𐑐𐑦𐑤𐑼	ˈkætəRpɪləR	medium	r_gap:spelling=2,ipa=1; shave_says:𐑒𐑨𐑑𐑼𐑐𐑦𐑤𐑼
catherine	𐑒𐑨𐑔𐑼𐑦𐑯	kæθərɪn	𐑒𐑨𐑔𐑮𐑦𐑯	ˈkæθrɪn	high	
catholic	𐑒𐑨𐑔𐑤𐑦𐑒	kˈæθlɪk	𐑒𐑨𐑔𐑩𐑤𐑦𐑒	ˈkæθəlɪk	high	
catholics	𐑒𐑨𐑔𐑤𐑦𐑒𐑕	kˈæθlɪks	𐑒𐑨𐑔𐑩𐑤𐑦𐑒𐑕	ˈkæθəlɪks	high	
cauliflower	𐑒𐑷𐑤𐑦𐑓𐑤𐑬𐑼	kɔːlɪflaʊəR	𐑒𐑪𐑤𐑦𐑓𐑤𐑬𐑼	ˈkɒlɪflaʊəR	high	
caveat	𐑒𐑱𐑝𐑦𐑨𐑑	kˈeɪvɪˌæt	𐑒𐑨𐑝𐑦𐑨𐑑	ˈkævɪæt	high	
celt	𐑕𐑧𐑤𐑑	sˈelt	𐑒𐑧𐑤𐑑	kelt	high	
celtic	𐑕𐑧𐑤𐑑𐑦𐑒	sˈeltɪk	𐑒𐑧𐑤𐑑𐑦𐑒	ˈkeltɪk	high	
cemetery	𐑕𐑧𐑥𐑦𐑑𐑮𐑦	semɪtri	𐑕𐑧𐑥𐑩𐑑𐑼𐑦	ˈsemətəri	high	
cemetery	𐑕𐑧𐑥𐑩𐑑𐑮𐑦	semətri	𐑕𐑧𐑥𐑩𐑑𐑼𐑦	ˈsemətəri	high	
censorship	𐑕𐑧𐑯𐑕𐑩𐑖𐑦𐑐	sensəʃɪp	𐑕𐑧𐑯𐑕𐑼𐑖𐑦𐑐	ˈsensəRʃɪp	medium	r_gap:spelling=1,ipa=0; shave_says:𐑕𐑧𐑯𐑕𐑼𐑖𐑦𐑐
centres	𐑕𐑧𐑯𐑑𐑩𐑟	sentəz	𐑕𐑧𐑯𐑑𐑼𐑟	ˈsentəRz	medium	r_gap:spelling=1,ipa=0; shave_says:𐑕𐑧𐑯𐑑𐑼𐑟
ceramic	𐑕𐑦𐑮𐑨𐑥𐑦𐑒	sɪræmɪk	𐑕𐑼𐑨𐑥𐑦𐑒	səˈræmɪk	high	
cereal	𐑕𐑽𐑽𐑤	sɪərɪəRl	𐑕𐑽𐑾𐑤	ˈsɪərɪəl	high	
cereals	𐑕𐑽𐑽𐑤𐑟	sɪərɪəRlz	𐑕𐑽𐑾𐑤𐑟	ˈsɪərɪəlz	high	
cerebral	𐑕𐑧𐑮𐑦𐑚𐑮𐑩𐑤	serɪbrəl	𐑕𐑧𐑮𐑩𐑚𐑮𐑩𐑤	ˈserəbrəl	high	
certificate	𐑕𐑩𐑑𐑦𐑓𐑦𐑒𐑦𐑑	sətɪfɪkɪt	𐑕𐑼𐑑𐑦𐑓𐑦𐑒𐑩𐑑, 𐑕𐑼𐑑𐑦𐑓𐑦𐑒𐑱𐑑	səRˈtɪfɪkət	medium	r_gap:spelling=1,ipa=0; shave_says:[𐑕𐑼𐑑𐑦𐑓𐑦𐑒𐑩𐑑 / 𐑕𐑼𐑑𐑦𐑓𐑦𐑒𐑱𐑑]
certificates	𐑕𐑩𐑑𐑦𐑓𐑦𐑒𐑦𐑑𐑕	sətɪfɪkɪts	𐑕𐑼𐑑𐑦𐑓𐑦𐑒𐑩𐑑𐑕, 𐑕𐑼𐑑𐑦𐑓𐑦𐑒𐑱𐑑𐑕	səRˈtɪfɪkəts	medium	r_gap:spelling=1,ipa=0; shave_says:𐑕𐑼𐑑𐑦𐑓𐑦𐑒𐑩𐑑𐑕
certificates	𐑕𐑩𐑑𐑦𐑓𐑦𐑒𐑱𐑑𐑕	sətɪfɪkeɪts	𐑕𐑼𐑑𐑦𐑓𐑦𐑒𐑩𐑑𐑕, 𐑕𐑼𐑑𐑦𐑓𐑦𐑒𐑱𐑑𐑕	səRˈtɪfɪkəts	medium	r_gap:spelling=1,ipa=0; shave_says:𐑕𐑼𐑑𐑦𐑓𐑦𐑒𐑩𐑑𐑕
chaff	𐑗𐑭𐑓	tʃˈɑːf	𐑗𐑨𐑓	tʃæf	high	
chairmen	𐑗𐑺𐑥𐑩𐑯	tʃeəRmən	𐑗𐑺𐑥𐑧𐑯	ˈtʃeəRmen	high	
chancellor	𐑗𐑸𐑯𐑕𐑤𐑼	tʃɑːRnsləR	𐑗𐑨𐑯𐑕𐑩𐑤𐑼, 𐑗𐑭𐑯𐑕𐑩𐑤𐑼	ˈtʃⱭːnsələR	high	
chancellor	𐑗𐑸𐑯𐑕𐑩𐑤𐑼	tʃɑːRnsələR	𐑗𐑨𐑯𐑕𐑩𐑤𐑼, 𐑗𐑭𐑯𐑕𐑩𐑤𐑼	ˈtʃⱭːnsələR	high	
chandelier	𐑖𐑨𐑯𐑛𐑦𐑤𐑽	ʃændɪlɪəR	𐑖𐑨𐑯𐑛𐑩𐑤𐑽	ˌʃændəˈlɪəR	high	
characterization	𐑒𐑨𐑮𐑨𐑒𐑑𐑼𐑲𐑟𐑱𐑖𐑩𐑯	kæræktəraɪzeɪʃən	𐑒𐑨𐑮𐑩𐑒𐑑𐑼𐑲𐑟𐑱𐑖𐑩𐑯	ˌkærəktəraɪˈzeɪʃən	high	
charleston	𐑗𐑸𐑤𐑟𐑑𐑩𐑯	tʃɑːRlztən	𐑗𐑸𐑤𐑕𐑑𐑩𐑯	ˈtʃɑːRlstən	high	
cheapest	𐑗𐑰𐑐𐑦𐑕𐑑	tʃˈiːpɪst	𐑗𐑰𐑐𐑩𐑕𐑑	ˈtʃiːpəst	high	
cheerio	𐑗𐑽𐑽𐑫	tʃɪərɪəRʊ	𐑗𐑽𐑦𐑴	ˌtʃɪərɪˈəʊ	high	
chemotherapy	𐑒𐑰𐑥𐑩𐑔𐑧𐑮𐑩𐑐𐑦	kiːməθerəpi	𐑒𐑰𐑥𐑴𐑔𐑧𐑮𐑩𐑐𐑦	ˌkiːməʊˈθerəpi	high	
chester-le-street	𐑗𐑧𐑕𐑑𐑩𐑤𐑦𐑕𐑑𐑮𐑰𐑑	tʃestəlɪstriːt	𐑗𐑧𐑕𐑑𐑩-𐑤𐑩-𐑕𐑑𐑮𐑰𐑑	ˌtʃestəR-lə-ˈstriːt	medium	r_gap:spelling=2,ipa=1; shave_says:𐑗𐑧𐑕𐑑𐑼-𐑤𐑫-𐑕𐑑𐑮𐑰𐑑
chesterfield	𐑗𐑧𐑕𐑑𐑩𐑓𐑰𐑤𐑛	tʃestəfiːld	𐑗𐑧𐑕𐑑𐑼𐑓𐑰𐑤𐑛	ˈtʃestəRfiːld	medium	r_gap:spelling=1,ipa=0; shave_says:𐑗𐑧𐑕𐑑𐑼𐑓𐑰𐑤𐑛
chicken	𐑗𐑦𐑒𐑩𐑯	tʃˈɪkən	𐑗𐑦𐑒𐑦𐑯	ˈtʃɪkɪn	high	
chickens	𐑗𐑦𐑒𐑩𐑯𐑟	tʃˈɪkənz	𐑗𐑦𐑒𐑦𐑯𐑟	ˈtʃɪkɪnz	high	
chocolate	𐑗𐑪𐑒𐑩𐑤𐑦𐑑	tʃˈɒkəlɪt	𐑗𐑪𐑒𐑩𐑤𐑩𐑑	ˈtʃɒkələt	high	
chocolates	𐑗𐑪𐑒𐑩𐑤𐑦𐑑𐑕	tʃˈɒkəlɪts	𐑗𐑪𐑒𐑩𐑤𐑩𐑑𐑕	ˈtʃɒkələts	high	
choral	𐑒𐑪𐑮𐑸𐑤	kɒrɑːRl	𐑒𐑹𐑩𐑤	ˈkɔːrəl	high	
chorale	𐑒𐑪𐑮𐑸𐑤	kɒrɑːRl	𐑒𐑼𐑨𐑤, 𐑒𐑼𐑭𐑤	kəˈrⱭːl	high	
chorus	𐑒𐑪𐑮𐑩𐑕	kɒrəs	𐑒𐑹𐑩𐑕	ˈkɔːrəs	high	
circumstance	𐑕𐑻𐑒𐑩𐑥𐑕𐑑𐑭𐑯𐑕	sɜːRkəmstɑːns	𐑕𐑻𐑒𐑩𐑥𐑕𐑑𐑨𐑯𐑕	ˈsɜːRkəmstæns	medium	ml_disagrees:𐑕𐑻𐑒𐑩𐑥𐑕𐑑ɑ𐑨𐑯𐑕; shave_says:𐑕𐑻𐑒𐑩𐑥𐑕𐑑𐑨𐑯𐑕
circumstances	𐑕𐑻𐑒𐑩𐑥𐑕𐑑𐑭𐑯𐑕𐑩𐑟	sɜːRkəmstɑːnsƏz	𐑕𐑻𐑒𐑩𐑥𐑕𐑑𐑨𐑯𐑕𐑩𐑟	ˈsɜːRkəmstænsƏz	medium	ml_disagrees:𐑕𐑻𐑒𐑩𐑥𐑕𐑑ɑ𐑨𐑯𐑕𐑩𐑟; shave_says:𐑕𐑻𐑒𐑩𐑥𐑕𐑑𐑨𐑯𐑕𐑩𐑟
civilian	𐑕𐑦𐑝𐑦𐑤𐑘𐑩𐑯	sɪvˈɪljən	𐑕𐑦𐑝𐑦𐑤𐑾𐑯	sɪˈvɪlɪən	high	
civilians	𐑕𐑦𐑝𐑦𐑤𐑘𐑩𐑯𐑟	sɪvˈɪljənz	𐑕𐑦𐑝𐑦𐑤𐑾𐑯𐑟	sɪˈvɪlɪənz	high	
clerk	𐑒𐑤𐑭𐑒	klɑːk	𐑒𐑤𐑸𐑒	klɑːRk	medium	r_gap:spelling=1,ipa=0; shave_says:𐑒𐑤𐑸𐑒
closer	𐑒𐑤𐑴𐑟𐑼	kləʊzəR	𐑒𐑤𐑴𐑕𐑼	ˈkləʊsəR	high	
closest	𐑒𐑤𐑴𐑕𐑦𐑕𐑑	klˈəʊsɪst	𐑒𐑤𐑴𐑕𐑩𐑕𐑑	ˈkləʊsəst	high	
closet	𐑒𐑤𐑪𐑟𐑦𐑑	klˈɒzɪt	𐑒𐑤𐑪𐑟𐑩𐑑	ˈklɒzIt	high	
clothes	𐑒𐑤𐑴𐑟	klˈəʊz	𐑒𐑤𐑴𐑞𐑟	kləʊðz	high	
co-op	𐑒𐑴𐑪𐑐	kˈəʊˌɒp	𐑒𐑴-𐑪𐑐	kəʊ-ˈɒp	high	
co-operation	𐑒𐑴𐑪𐑐𐑼𐑱𐑖𐑩𐑯	kəʊɒpəreɪʃən	𐑒𐑴-𐑪𐑐𐑼𐑱𐑖𐑩𐑯	kəʊ-ˈɒpəreɪʃən	high	
co-ordination	𐑒𐑴𐑹𐑛𐑦𐑯𐑱𐑖𐑩𐑯	kəʊɔːRdɪneɪʃən	𐑒𐑴-𐑹𐑛𐑦𐑯𐑱𐑖𐑩𐑯	ˌkəʊˌɔːRdɪnˈeɪʃən	high	
cocaine	𐑒𐑩𐑒𐑱𐑯	kəkˈeɪn	𐑒𐑴𐑒𐑱𐑯	kəʊˈkeɪn	high	
coincidence	𐑒𐑴𐑦𐑯𐑕𐑦𐑛𐑦𐑯𐑕	kəʊˈɪnsɪdɪns	𐑒𐑴𐑦𐑯𐑕𐑦𐑛𐑩𐑯𐑕	kəʊˈɪnsɪdəns	high	
colchester	𐑒𐑴𐑤𐑗𐑦𐑕𐑑𐑼	kəʊltʃɪstəR	𐑒𐑪𐑤𐑗𐑧𐑕𐑑𐑼	ˈkɒltʃestəR	medium	ml_disagrees:𐑒𐑴𐑤𐑗𐑧𐑕𐑑𐑼; shave_says:𐑒𐑪𐑤𐑗𐑧𐑕𐑑𐑼
colitis	𐑒𐑪𐑤𐑲𐑑𐑦𐑕	kɒlˈaɪtɪs	𐑒𐑩𐑤𐑲𐑑𐑦𐑕	kəˈlaɪtɪs	high	
colombia	𐑒𐑩𐑤𐑪𐑥𐑚𐑾	kəlˈɒmbɪə	𐑒𐑩𐑤𐑳𐑥𐑚𐑾	kəˈlʌmbɪə	high	
colorado	𐑒𐑪𐑤𐑼𐑸𐑛𐑴	kɒlərɑːRdəʊ	𐑒𐑪𐑤𐑼𐑭𐑛𐑴	ˌkɒləˈrɑːdəʊ	high	
colourful	𐑒𐑳𐑤𐑩𐑓𐑩𐑤	kʌləfəl	𐑒𐑳𐑤𐑼𐑓𐑩𐑤	ˈkʌləRfəl	medium	r_gap:spelling=1,ipa=0; shave_says:𐑒𐑳𐑤𐑼𐑓𐑩𐑤
combative	𐑒𐑪𐑥𐑚𐑩𐑑𐑦𐑝	kˈɒmbətɪv	𐑒𐑩𐑥𐑚𐑨𐑑𐑦𐑝	ˈkəmbætɪv	high	
comet	𐑒𐑪𐑥𐑦𐑑	kˈɒmɪt	𐑒𐑪𐑥𐑩𐑑	ˈkɒmIt	high	
comfortable	𐑒𐑳𐑥𐑓𐑑𐑩𐑚𐑩𐑤	kʌmftəbəl	𐑒𐑳𐑥𐑓𐑼𐑑𐑩𐑚𐑩𐑤	ˈkʌmfəRtəbəl	medium	r_gap:spelling=1,ipa=0; shave_says:𐑒𐑳𐑥𐑓𐑼𐑑𐑩𐑚𐑩𐑤
comfortable	𐑒𐑳𐑥𐑓𐑩𐑑𐑩𐑚𐑩𐑤	kʌmfətəbəl	𐑒𐑳𐑥𐑓𐑼𐑑𐑩𐑚𐑩𐑤	ˈkʌmfəRtəbəl	medium	r_gap:spelling=1,ipa=0; shave_says:𐑒𐑳𐑥𐑓𐑼𐑑𐑩𐑚𐑩𐑤
comfortably	𐑒𐑳𐑥𐑓𐑑𐑩𐑚𐑤𐑦	kʌmftəbli	𐑒𐑳𐑥𐑓𐑼𐑑𐑩𐑚𐑤𐑦	ˈkʌmfəRtəbli	medium	r_gap:spelling=1,ipa=0; shave_says:𐑒𐑳𐑥𐑓𐑼𐑑𐑩𐑚𐑤𐑦
commentary	𐑒𐑪𐑥𐑩𐑯𐑑𐑼𐑦	kɒməntəri	𐑒𐑪𐑥𐑩𐑯𐑑𐑮𐑦	ˈkɒməntri	high	
communion	𐑒𐑩𐑥𐑿𐑯𐑘𐑩𐑯	kəmjˈuːnjən	𐑒𐑩𐑥𐑿𐑯𐑾𐑯	kəˈmjuːnɪən	high	ml_disagrees:𐑒𐑩𐑥𐑿𐑯𐑾𐑯; shave_agrees
compatibility	𐑒𐑩𐑥𐑐𐑨𐑑𐑦𐑚𐑦𐑤𐑦𐑑𐑦	kəmpˌætɪbˈɪlɪti	𐑒𐑩𐑥𐑐𐑨𐑑𐑩𐑚𐑦𐑤𐑦𐑑𐑦	kəmˌpætəˈbɪlɪti	high	
compatible	𐑒𐑩𐑥𐑐𐑨𐑑𐑦𐑚𐑩𐑤	kəmpˈætɪbəl	𐑒𐑩𐑥𐑐𐑨𐑑𐑩𐑚𐑩𐑤	kəmˈpætəbəl	high	
compensation	𐑒𐑪𐑥𐑐𐑩𐑯𐑕𐑱𐑖𐑩𐑯	kˌɒmpənsˈeɪʃən	𐑒𐑪𐑥𐑐𐑧𐑯𐑕𐑱𐑖𐑩𐑯	ˌkɒmpenˈseɪʃən	high	
competition	𐑒𐑪𐑥𐑐𐑦𐑑𐑦𐑖𐑩𐑯	kˌɒmpɪtˈɪʃən	𐑒𐑪𐑥𐑐𐑩𐑑𐑦𐑖𐑩𐑯	ˌkɒmpəˈtɪʃən	high	
competitions	𐑒𐑪𐑥𐑐𐑦𐑑𐑦𐑖𐑩𐑯𐑟	kˌɒmpɪtˈɪʃənz	𐑒𐑪𐑥𐑐𐑩𐑑𐑦𐑖𐑩𐑯𐑟	ˌkɒmpəˈtɪʃənz	high	
competitive	𐑒𐑩𐑥𐑐𐑧𐑑𐑦𐑑𐑦𐑝	kəmpˈetɪtɪv	𐑒𐑩𐑥𐑐𐑧𐑑𐑩𐑑𐑦𐑝	kəmˈpetətɪv	high	
complex	𐑒𐑩𐑥𐑐𐑤𐑧𐑒𐑕	kəmplˈeks	𐑒𐑪𐑥𐑐𐑤𐑧𐑒𐑕	ˈkɒmpleks	high	
composite	𐑒𐑪𐑥𐑐𐑩𐑟𐑲𐑑	kˈɒmpəzˌaɪt	𐑒𐑪𐑥𐑐𐑩𐑟𐑦𐑑	ˈkɒmpəzɪt	high	
comrade	𐑒𐑪𐑥𐑮𐑩𐑛	kɒmrƏd	𐑒𐑪𐑥𐑮𐑱𐑛	ˈkɒmreɪd	medium	ml_disagrees:𐑒𐑪𐑥𐑮𐑦𐑛; shave_says:𐑒𐑪𐑥𐑮𐑱𐑛
concatenate	𐑒𐑪𐑯𐑒𐑨𐑑𐑦𐑯𐑱𐑑	kɒnkˈætɪnˌeɪt	𐑒𐑩𐑯𐑒𐑨𐑑𐑩𐑯𐑱𐑑	kənˈkætəneɪt	high	
conceptual	𐑒𐑩𐑯𐑕𐑧𐑐𐑗𐑫𐑼𐑤	kənsˈeptʃʊəl	𐑒𐑩𐑯𐑕𐑧𐑐𐑗𐑫𐑩𐑤	kənˈseptʃuəl	medium	ml_disagrees:𐑒𐑩𐑯𐑕𐑧𐑐𐑗𐑫𐑩𐑤; shave_says:𐑒𐑩𐑯𐑕𐑧𐑐𐑗𐑵𐑩𐑤
concord	𐑒𐑪𐑙𐑒𐑹𐑛	kɒŋkɔːRd	𐑒𐑪𐑯𐑒𐑹𐑛	ˈkɒnkɔːRd	high	
concrete	𐑒𐑩𐑙𐑒𐑮𐑰𐑑	kəŋkriːt	𐑒𐑪𐑯𐑒𐑮𐑰𐑑	ˈkɒnkriːt	high	
concrete	𐑒𐑪𐑙𐑒𐑮𐑰𐑑	kɒŋkriːt	𐑒𐑪𐑯𐑒𐑮𐑰𐑑	ˈkɒnkriːt	high	
condemnation	𐑒𐑪𐑯𐑛𐑩𐑥𐑯𐑱𐑖𐑩𐑯	kˌɒndəmnˈeɪʃən	𐑒𐑪𐑯𐑛𐑧𐑥𐑯𐑱𐑖𐑩𐑯	ˌkɒndemˈneɪʃən	high	
condom	𐑒𐑪𐑯𐑛𐑩𐑥	kˈɒndəm	𐑒𐑪𐑯𐑛𐑪𐑥	ˈkɒndɒm	high	
conference	𐑒𐑪𐑯𐑓𐑮𐑩𐑯𐑕	kɒnfrəns	𐑒𐑪𐑯𐑓𐑼𐑩𐑯𐑕	ˈkɒnfərəns	high	
conferences	𐑒𐑪𐑯𐑓𐑮𐑩𐑯𐑕𐑩𐑟	kɒnfrənsƏz	𐑒𐑪𐑯𐑓𐑼𐑩𐑯𐑕𐑩𐑟	ˈkɒnfərənsƏz	high	
configuration	𐑒𐑩𐑯𐑓𐑦𐑜𐑘𐑼𐑱𐑖𐑩𐑯	kənfɪɡjəreɪʃən	𐑒𐑩𐑯𐑓𐑦𐑜𐑼𐑱𐑖𐑩𐑯	kənˌfɪɡəˈreɪʃən	high	
configurations	𐑒𐑩𐑯𐑓𐑦𐑜𐑘𐑼𐑱𐑖𐑩𐑯𐑟	kənfɪɡjəreɪʃənz	𐑒𐑩𐑯𐑓𐑦𐑜𐑼𐑱𐑖𐑩𐑯𐑟	kənˌfɪɡəˈreɪʃənz	high	
configuring	𐑒𐑩𐑯𐑓𐑦𐑜𐑮𐑦𐑙	kənfɪɡrɪŋ	𐑒𐑩𐑯𐑓𐑦𐑜𐑼𐑦𐑙	kənˈfɪɡərɪŋ	high	
confine	𐑒𐑪𐑯𐑓𐑲𐑯	kˈɒnfaɪn	𐑒𐑩𐑯𐑓𐑲𐑯	kənˈfaɪn	high	
confirmation	𐑒𐑪𐑯𐑓𐑩𐑥𐑱𐑖𐑩𐑯	kɒnfəmeɪʃən	𐑒𐑪𐑯𐑓𐑼𐑥𐑱𐑖𐑩𐑯	ˌkɒnfəRˈmeɪʃən	medium	r_gap:spelling=1,ipa=0; shave_says:𐑒𐑪𐑯𐑓𐑼𐑥𐑱𐑖𐑩𐑯
confrontation	𐑒𐑪𐑯𐑓𐑮𐑳𐑯𐑑𐑱𐑖𐑩𐑯	kɒnfrʌnteɪʃən	𐑒𐑪𐑯𐑓𐑮𐑩𐑯𐑑𐑱𐑖𐑩𐑯	ˌkɒnfrənˈteɪʃən	high	
connoisseur	𐑒𐑪𐑯𐑦𐑕𐑻	kɒnɪsɜːR	𐑒𐑪𐑯𐑩𐑕𐑻	ˌkɒnəˈsɜːR	high	
consciousness	𐑒𐑪𐑯𐑖𐑩𐑕𐑯𐑦𐑕	kˈɒnʃəsnɪs	𐑒𐑪𐑯𐑖𐑩𐑕𐑯𐑩𐑕	ˈkɒnʃəsnəs	high	
conservation	𐑒𐑪𐑯𐑕𐑩𐑝𐑱𐑖𐑩𐑯	kɒnsəveɪʃən	𐑒𐑪𐑯𐑕𐑼𐑝𐑱𐑖𐑩𐑯	ˌkɒnsəRˈveɪʃən	medium	r_gap:spelling=1,ipa=0; shave_says:𐑒𐑪𐑯𐑕𐑼𐑝𐑱𐑖𐑩𐑯
conserve	𐑒𐑪𐑯𐑕𐑻𐑝	kɒnsɜːRv	𐑒𐑩𐑯𐑕𐑻𐑝	kənˈsɜːRv	high	
conspicuous	𐑒𐑩𐑯𐑕𐑐𐑦𐑒𐑘𐑩𐑩𐑕	kənspˈɪkjəəs	𐑒𐑩𐑯𐑕𐑐𐑦𐑒𐑘𐑫𐑩𐑕	kənˈspɪkjuəs	high	
constable	𐑒𐑪𐑯𐑕𐑑𐑩𐑚𐑩𐑤	kˈɒnstəbəl	𐑒𐑳𐑯𐑕𐑑𐑩𐑚𐑩𐑤	ˈkʌnstəbəl	high	
constituencies	𐑒𐑩𐑯𐑕𐑑𐑦𐑗𐑫𐑼𐑯𐑕𐑦𐑟	kənstˈɪtʃʊənsiz	𐑒𐑩𐑯𐑕𐑑𐑦𐑗𐑫𐑩𐑯𐑕𐑦𐑟	kənˈstɪtʃuənsiz	medium	ml_disagrees:𐑒𐑩𐑯𐑕𐑑𐑦𐑗𐑫𐑩𐑯𐑕𐑦𐑟; shave_says:𐑒𐑩𐑯𐑕𐑑𐑦𐑗𐑵𐑩𐑯𐑕𐑦𐑟
constituency	𐑒𐑩𐑯𐑕𐑑𐑦𐑗𐑫𐑼𐑯𐑕𐑦	kənstˈɪtʃʊənsi	𐑒𐑩𐑯𐑕𐑑𐑦𐑗𐑫𐑩𐑯𐑕𐑦	kənˈstɪtʃuənsi	medium	ml_disagrees:𐑒𐑩𐑯𐑕𐑑𐑦𐑗𐑫𐑩𐑯𐑕𐑦; shave_says:𐑒𐑩𐑯𐑕𐑑𐑦𐑗𐑵𐑩𐑯𐑕𐑦
constituent	𐑒𐑩𐑯𐑕𐑑𐑦𐑗𐑫𐑼𐑯𐑑	kənstˈɪtʃʊənt	𐑒𐑩𐑯𐑕𐑑𐑦𐑗𐑫𐑩𐑯𐑑	kənˈstɪtʃuənt	medium	ml_disagrees:𐑒𐑩𐑯𐑕𐑑𐑦𐑗𐑫𐑩𐑯𐑑; shave_says:𐑒𐑩𐑯𐑕𐑑𐑦𐑗𐑵𐑩𐑯𐑑
constituents	𐑒𐑩𐑯𐑕𐑑𐑦𐑗𐑫𐑼𐑯𐑑𐑕	kənstˈɪtʃʊənts	𐑒𐑩𐑯𐑕𐑑𐑦𐑗𐑫𐑩𐑯𐑑𐑕	kənˈstɪtʃuənts	medium	ml_disagrees:𐑒𐑩𐑯𐑕𐑑𐑦𐑗𐑫𐑩𐑯𐑑𐑕; shave_says:𐑒𐑩𐑯𐑕𐑑𐑦𐑗𐑵𐑩𐑯𐑑𐑕
construct	𐑒𐑪𐑯𐑕𐑑𐑮𐑳𐑒𐑑	kɒnstrʌkt	𐑒𐑩𐑯𐑕𐑑𐑮𐑳𐑒𐑑	kənˈstrʌkt	high	
consumption	𐑒𐑩𐑯𐑕𐑳𐑥𐑖𐑩𐑯	kənsˈʌmʃən	𐑒𐑩𐑯𐑕𐑳𐑥𐑐𐑖𐑩𐑯	kənˈsʌmpʃən	high	
contact	𐑒𐑩𐑯𐑑𐑨𐑒𐑑	kəntˈækt	𐑒𐑪𐑯𐑑𐑨𐑒𐑑	ˈkɒntækt	high	
contacted	𐑒𐑩𐑯𐑑𐑨𐑒𐑑𐑩𐑛	kəntˈæktƏd	𐑒𐑪𐑯𐑑𐑨𐑒𐑑𐑩𐑛	ˈkɒntæktƏd	high	
contacting	𐑒𐑩𐑯𐑑𐑨𐑒𐑑𐑦𐑙	kəntˈæktɪŋ	𐑒𐑪𐑯𐑑𐑨𐑒𐑑𐑦𐑙	ˈkɒntæktɪŋ	high	
contacts	𐑒𐑩𐑯𐑑𐑨𐑒𐑑𐑕	kəntˈækts	𐑒𐑪𐑯𐑑𐑨𐑒𐑑𐑕	ˈkɒntækts	high	
contemplate	𐑒𐑪𐑯𐑑𐑧𐑥𐑐𐑤𐑱𐑑	kˈɒntemplˌeɪt	𐑒𐑪𐑯𐑑𐑩𐑥𐑐𐑤𐑱𐑑	ˈkɒntəmpleɪt	high	
continually	𐑒𐑩𐑯𐑑𐑦𐑯𐑘𐑩𐑩𐑤𐑦	kəntˈɪnjəəli	𐑒𐑩𐑯𐑑𐑦𐑯𐑘𐑫𐑩𐑤𐑦	kənˈtɪnjuəli	medium	ml_disagrees:𐑒𐑩𐑯𐑑𐑦𐑯𐑘𐑫𐑩𐑤𐑦; shave_says:𐑒𐑩𐑯𐑑𐑦𐑯𐑿𐑤𐑦
continuation	𐑒𐑩𐑯𐑑𐑦𐑯𐑿𐑱𐑖𐑩𐑯	kəntˌɪnjuːˈeɪʃən	𐑒𐑩𐑯𐑑𐑦𐑯𐑘𐑫𐑱𐑖𐑩𐑯	kənˌtɪnjuˈeɪʃən	high	
continuous	𐑒𐑩𐑯𐑑𐑦𐑯𐑿𐑩𐑕	kəntˈɪnjuːəs	𐑒𐑩𐑯𐑑𐑦𐑯𐑘𐑫𐑩𐑕	kənˈtɪnjuəs	high	
continuously	𐑒𐑩𐑯𐑑𐑦𐑯𐑘𐑩𐑩𐑕𐑤𐑦	kəntˈɪnjəəsli	𐑒𐑩𐑯𐑑𐑦𐑯𐑘𐑫𐑩𐑕𐑤𐑦	kənˈtɪnjuəsli	high	
contractual	𐑒𐑩𐑯𐑑𐑮𐑨𐑒𐑗𐑫𐑼𐑤	kəntræktʃʊəRl	𐑒𐑩𐑯𐑑𐑮𐑨𐑒𐑗𐑫𐑩𐑤	kənˈtræktʃuəl	high	
controversy	𐑒𐑩𐑯𐑑𐑮𐑪𐑝𐑩𐑕𐑦	kəntrɒvəsi	𐑒𐑪𐑯𐑑𐑮𐑩𐑝𐑻𐑕𐑦	ˈkɒntrəvɜːRsi	medium	r_gap:spelling=2,ipa=1; shave_says:𐑒𐑪𐑯𐑑𐑮𐑩𐑝𐑻𐑕𐑦
conversation	𐑒𐑪𐑯𐑝𐑩𐑕𐑱𐑖𐑩𐑯	kɒnvəseɪʃən	𐑒𐑪𐑯𐑝𐑼𐑕𐑱𐑖𐑩𐑯	ˌkɒnvəRˈseɪʃən	medium	r_gap:spelling=1,ipa=0; shave_says:𐑒𐑪𐑯𐑝𐑼𐑕𐑱𐑖𐑩𐑯
conversations	𐑒𐑪𐑯𐑝𐑩𐑕𐑱𐑖𐑩𐑯𐑟	kɒnvəseɪʃənz	𐑒𐑪𐑯𐑝𐑼𐑕𐑱𐑖𐑩𐑯𐑟	ˌkɒnvəRˈseɪʃənz	medium	r_gap:spelling=1,ipa=0; shave_says:𐑒𐑪𐑯𐑝𐑼𐑕𐑱𐑖𐑩𐑯𐑟
conversely	𐑒𐑪𐑯𐑝𐑩𐑕𐑤𐑦	kɒnvəsli	𐑒𐑩𐑯𐑝𐑻𐑕𐑤𐑦	kənˈvɜːRsli	medium	r_gap:spelling=1,ipa=0; shave_says:𐑒𐑩𐑯𐑝𐑻𐑕𐑤𐑦
convertible	𐑒𐑩𐑯𐑝𐑻𐑑𐑦𐑚𐑩𐑤	kənvɜːRtɪbəl	𐑒𐑩𐑯𐑝𐑻𐑑𐑩𐑚𐑩𐑤	kənˈvɜːRtəbəl	high	
coordinate	𐑒𐑴𐑹𐑛𐑦𐑯𐑦𐑑	kəʊɔːRdɪnɪt	𐑒𐑴𐑹𐑛𐑦𐑯𐑩𐑑, 𐑒𐑴𐑹𐑛𐑦𐑯𐑱𐑑	ˌkəʊˈɔːRdɪnət	high	
copenhagen	𐑒𐑴𐑐𐑩𐑯𐑣𐑭𐑜𐑩𐑯	kˈəʊpənhˌɑːɡən	𐑒𐑴𐑐𐑩𐑯𐑣𐑱𐑜𐑩𐑯	ˌkəʊpənˈheɪɡən	high	
copyright	𐑒𐑪𐑐𐑰𐑮𐑲𐑑	kɒpiːraɪt	𐑒𐑪𐑐𐑦𐑮𐑲𐑑	ˈkɒpiraɪt	high	
copyrighted	𐑒𐑪𐑐𐑰𐑮𐑲𐑑𐑩𐑛	kɒpiːraɪtƏd	𐑒𐑪𐑐𐑦𐑮𐑲𐑑𐑩𐑛	ˈkɒpiraɪtƏd	high	
copyrights	𐑒𐑪𐑐𐑰𐑮𐑲𐑑𐑕	kɒpiːraɪts	𐑒𐑪𐑐𐑦𐑮𐑲𐑑𐑕	ˈkɒpiraɪts	high	
cornwall	𐑒𐑹𐑯𐑢𐑹𐑤	kɔːRnwɔːRl	𐑒𐑹𐑯𐑢𐑷𐑤	ˈkɔːRnwɔːl	high	
corporal	𐑒𐑹𐑐𐑮𐑩𐑤	kɔːRprəl	𐑒𐑹𐑐𐑼𐑩𐑤	ˈkɔːRpərəl	high	
corporate	𐑒𐑹𐑐𐑮𐑦𐑑	kɔːRprɪt	𐑒𐑹𐑐𐑼𐑩𐑑	ˈkɔːRpərət	medium	ml_disagrees:𐑒𐑹𐑐𐑮𐑩𐑑; shave_says:𐑒𐑹𐑐𐑼𐑩𐑑
costa rica	𐑒𐑪𐑕𐑑𐑼𐑰𐑒𐑩	kɒstəriːkə	𐑒𐑪𐑕𐑑𐑩 𐑮𐑰𐑒𐑩	ˌkɒstə ˈriːkə	high	
councillor	𐑒𐑬𐑯𐑕𐑤𐑼	kaʊnsləR	𐑒𐑬𐑯𐑕𐑩𐑤𐑼	ˈkaʊnsələR	high	
councillors	𐑒𐑬𐑯𐑕𐑤𐑼𐑟	kaʊnsləRz	𐑒𐑬𐑯𐑕𐑩𐑤𐑼𐑟	ˈkaʊnsələRz	high	
counseling	𐑒𐑬𐑯𐑕𐑤𐑦𐑙	kˈaʊnslɪŋ	𐑒𐑬𐑯𐑕𐑩𐑤𐑦𐑙	ˈkaʊnsəlɪŋ	high	
counselling	𐑒𐑬𐑯𐑕𐑤𐑦𐑙	kˈaʊnslɪŋ	𐑒𐑬𐑯𐑕𐑩𐑤𐑦𐑙	ˈkaʊnsəlɪŋ	high	
counterfeit	𐑒𐑬𐑯𐑑𐑩𐑓𐑦𐑑	kaʊntəfɪt	𐑒𐑬𐑯𐑑𐑼𐑓𐑦𐑑	ˈkaʊntəRfɪt	medium	r_gap:spelling=1,ipa=0; shave_says:𐑒𐑬𐑯𐑑𐑼𐑓𐑦𐑑
counterpart	𐑒𐑬𐑯𐑑𐑩𐑐𐑸𐑑	kaʊntəpɑːRt	𐑒𐑬𐑯𐑑𐑼𐑐𐑸𐑑	ˈkaʊntəRpɑːRt	medium	r_gap:spelling=2,ipa=1; shave_says:𐑒𐑬𐑯𐑑𐑼𐑐𐑸𐑑
counterparts	𐑒𐑬𐑯𐑑𐑩𐑐𐑸𐑑𐑕	kaʊntəpɑːRts	𐑒𐑬𐑯𐑑𐑼𐑐𐑸𐑑𐑕	ˈkaʊntəRpɑːRts	medium	r_gap:spelling=2,ipa=1; shave_says:𐑒𐑬𐑯𐑑𐑼𐑐𐑸𐑑𐑕
countess	𐑒𐑬𐑯𐑑𐑦𐑕	kˈaʊntɪs	𐑒𐑬𐑯𐑑𐑧𐑕	ˈkaʊntes	high	
courtesy	𐑒𐑻𐑑𐑦𐑕𐑦	kɜːRtɪsi	𐑒𐑻𐑑𐑩𐑕𐑦	ˈkɜːRtəsi	high	
coventry	𐑒𐑪𐑝𐑩𐑯𐑑𐑮𐑦	kɒvəntri	𐑒𐑳𐑝𐑩𐑯𐑑𐑮𐑦	ˈkʌvəntri	high	
coverage	𐑒𐑳𐑝𐑮𐑦𐑡	kʌvrɪdʒ	𐑒𐑳𐑝𐑼𐑦𐑡	ˈkʌvərɪdʒ	high	
covering	𐑒𐑳𐑝𐑮𐑦𐑙	kʌvrɪŋ	𐑒𐑳𐑝𐑼𐑦𐑙	ˈkʌvərɪŋ	high	
covet	𐑒𐑳𐑝𐑦𐑑	kˈʌvɪt	𐑒𐑳𐑝𐑩𐑑	ˈkʌvət	high	
coyote	𐑒𐑶𐑴𐑑𐑦	kɔɪˈəʊti	𐑒𐑲𐑴𐑑𐑦	kaɪˈəʊti	high	
create	𐑒𐑮𐑰𐑱𐑑	kriːeɪt	𐑒𐑮𐑦𐑱𐑑	kriˈeɪt	high	
created	𐑒𐑮𐑰𐑱𐑑𐑩𐑛	kriːeɪtƏd	𐑒𐑮𐑦𐑱𐑑𐑩𐑛	kriˈeɪtƏd	high	
creates	𐑒𐑮𐑰𐑱𐑑𐑕	kriːeɪts	𐑒𐑮𐑦𐑱𐑑𐑕	kriˈeɪts	high	
creating	𐑒𐑮𐑰𐑱𐑑𐑦𐑙	kriːeɪtɪŋ	𐑒𐑮𐑦𐑱𐑑𐑦𐑙	kriˈeɪtɪŋ	high	
creation	𐑒𐑮𐑰𐑱𐑖𐑩𐑯	kriːeɪʃən	𐑒𐑮𐑦𐑱𐑖𐑩𐑯	kriˈeɪʃən	high	
creations	𐑒𐑮𐑰𐑱𐑖𐑩𐑯𐑟	kriːeɪʃənz	𐑒𐑮𐑦𐑱𐑖𐑩𐑯𐑟	kriˈeɪʃənz	high	
creative	𐑒𐑮𐑰𐑱𐑑𐑦𐑝	kriːeɪtɪv	𐑒𐑮𐑦𐑱𐑑𐑦𐑝	kriˈeɪtɪv	high	
creativity	𐑒𐑮𐑰𐑱𐑑𐑦𐑝𐑦𐑑𐑦	kriːeɪtɪvɪti	𐑒𐑮𐑦𐑱𐑑𐑦𐑝𐑦𐑑𐑦	ˌkrieɪˈtɪvɪti	high	
creator	𐑒𐑮𐑰𐑱𐑑𐑼	kriːeɪtəR	𐑒𐑮𐑦𐑱𐑑𐑼	kriˈeɪtəR	high	
creatures	𐑒𐑮𐑰𐑗𐑩𐑟	kriːtʃəz	𐑒𐑮𐑰𐑗𐑼𐑟	ˈkriːtʃəRz	medium	r_gap:spelling=2,ipa=1; shave_says:𐑒𐑮𐑰𐑗𐑼𐑟
creche	𐑒𐑮𐑧𐑖	kreʃ	𐑒𐑮𐑱𐑖	kreɪʃ	high	
credibility	𐑒𐑮𐑧𐑛𐑦𐑚𐑦𐑤𐑦𐑑𐑦	kredɪbɪlɪti	𐑒𐑮𐑧𐑛𐑩𐑚𐑦𐑤𐑦𐑑𐑦	ˌkredəˈbɪlɪti	high	
cricket	𐑒𐑮𐑦𐑒𐑦𐑑	krɪkɪt	𐑒𐑮𐑦𐑒𐑩𐑑	ˈkrɪkIt	high	
critically	𐑒𐑮𐑦𐑑𐑦𐑒𐑩𐑤𐑦	krɪtɪkəli	𐑒𐑮𐑦𐑑𐑦𐑒𐑤𐑦	ˈkrɪtɪkli	high	
croissant	𐑒𐑮𐑳𐑕𐑪𐑙	krʌsɒŋ	𐑒𐑢𐑨𐑕𐑪𐑯𐑑	ˈkwæsɒnt	high	
cruel	𐑒𐑮𐑫𐑼𐑤	krʊəRl	𐑒𐑮𐑵𐑩𐑤	ˈkruːəl	high	
cruelty	𐑒𐑮𐑫𐑼𐑤𐑑𐑦	krʊəRlti	𐑒𐑮𐑵𐑩𐑤𐑑𐑦	ˈkruːəlti	high	
cul-de-sac	𐑒𐑳𐑤𐑛𐑕𐑨𐑒	kˈʌldsˌæk	𐑒𐑳𐑤-𐑛𐑩-𐑕𐑨𐑒	ˈkʌl-də-sæk	high	
cultures	𐑒𐑳𐑤𐑗𐑩𐑟	kʌltʃəz	𐑒𐑳𐑤𐑗𐑼𐑟	ˈkʌltʃəRz	medium	r_gap:spelling=1,ipa=0; shave_says:𐑒𐑳𐑤𐑗𐑼𐑟
cumberland	𐑒𐑳𐑥𐑚𐑩𐑤𐑩𐑯𐑛	kʌmbələnd	𐑒𐑳𐑥𐑚𐑼𐑤𐑩𐑯𐑛	ˈkʌmbəRlənd	medium	r_gap:spelling=1,ipa=0; shave_says:𐑒𐑳𐑥𐑚𐑼𐑤𐑩𐑯𐑛
daniel	𐑛𐑨𐑯𐑘𐑩𐑤	dˈænjəl	𐑛𐑨𐑯𐑾𐑤	ˈdænɪəl	high	
dearest	𐑛𐑽𐑦𐑕𐑑	dɪərɪst	𐑛𐑽𐑩𐑕𐑑	ˈdɪərəst	high	
deborah	𐑛𐑧𐑚𐑮𐑩	debrə	𐑛𐑧𐑚𐑼𐑩	ˈdebərə	high	
debris	𐑛𐑧𐑚𐑮𐑦	debri	𐑛𐑱𐑚𐑮𐑰	ˈdeɪbriː	high	
debris	𐑛𐑱𐑚𐑮𐑦	deɪbri	𐑛𐑱𐑚𐑮𐑰	ˈdeɪbriː	high	
decade	𐑛𐑦𐑒𐑱𐑛	dɪkˈeɪd	𐑛𐑧𐑒𐑱𐑛	ˈdekeɪd	high	
decades	𐑛𐑦𐑒𐑱𐑛𐑟	dɪkˈeɪdz	𐑛𐑧𐑒𐑱𐑛𐑟	ˈdekeɪdz	high	
decision-making	𐑛𐑦𐑕𐑦𐑠𐑩𐑯𐑥𐑱𐑒𐑦𐑙	dɪsˈɪʒənmˌeɪkɪŋ	𐑛𐑦𐑕𐑦𐑠𐑩𐑯-𐑥𐑱𐑒𐑦𐑙	dɪˈsɪʒən-meɪkɪŋ	high	
decor	𐑛𐑧𐑒𐑹	dekɔːR	𐑛𐑱𐑒𐑹	ˈdeɪkɔːR	high	
decorative	𐑛𐑧𐑒𐑮𐑩𐑑𐑦𐑝	dekrətɪv	𐑛𐑧𐑒𐑼𐑩𐑑𐑦𐑝	ˈdekərətɪv	high	
decreased	𐑛𐑰𐑒𐑮𐑰𐑕𐑑	diːkriːst	𐑛𐑦𐑒𐑮𐑰𐑕𐑑	dɪˈkriːst	high	
deductible	𐑛𐑦𐑛𐑳𐑒𐑑𐑦𐑚𐑩𐑤	dɪdˈʌktɪbəl	𐑛𐑦𐑛𐑳𐑒𐑑𐑩𐑚𐑩𐑤	dɪˈdʌktəbəl	high	
default	𐑛𐑰𐑓𐑷𐑤𐑑	dˈiːfɔːlt	𐑛𐑦𐑓𐑷𐑤𐑑	dɪˈfɔːlt	high	
deflection	𐑮𐑦𐑓𐑤𐑧𐑒𐑖𐑩𐑯	rɪflˈekʃən	𐑛𐑦𐑓𐑤𐑧𐑒𐑖𐑩𐑯	dɪˈflekʃən	high	
deity	𐑛𐑰𐑑𐑦	dˈiːti	𐑛𐑰𐑦𐑑𐑦	ˈdiːɪti	high	
deity	𐑛𐑱𐑦𐑑𐑦	dˈeɪɪti	𐑛𐑰𐑦𐑑𐑦	ˈdiːɪti	high	
delegate	𐑛𐑧𐑤𐑦𐑜𐑦𐑑	dˈelɪɡɪt	𐑛𐑧𐑤𐑦𐑜𐑩𐑑, 𐑛𐑧𐑤𐑦𐑜𐑱𐑑	ˈdelɪɡət	high	
delegates	𐑛𐑧𐑤𐑦𐑜𐑦𐑑𐑕	dˈelɪɡɪts	𐑛𐑧𐑤𐑦𐑜𐑩𐑑𐑕, 𐑛𐑧𐑤𐑦𐑜𐑱𐑑𐑕	ˈdelɪɡəts	high	
deliberate	𐑛𐑦𐑤𐑦𐑚𐑮𐑦𐑑	dɪlɪbrɪt	𐑛𐑦𐑤𐑦𐑚𐑼𐑩𐑑, 𐑛𐑦𐑤𐑦𐑚𐑼𐑱𐑑	dɪˈlɪbərət	high	
deliberate	𐑛𐑦𐑤𐑦𐑚𐑼𐑦𐑑	dɪlɪbərɪt	𐑛𐑦𐑤𐑦𐑚𐑼𐑩𐑑, 𐑛𐑦𐑤𐑦𐑚𐑼𐑱𐑑	dɪˈlɪbərət	medium	ml_disagrees:𐑛𐑦𐑤𐑦𐑚𐑼𐑩𐑑; shave_says:[𐑛𐑦𐑤𐑦𐑚𐑼𐑩𐑑 / 𐑛𐑦𐑤𐑦𐑚𐑼𐑱𐑑]
deliberately	𐑛𐑦𐑤𐑦𐑚𐑮𐑦𐑑𐑤𐑦	dɪlɪbrɪtli	𐑛𐑦𐑤𐑦𐑚𐑼𐑩𐑑𐑤𐑦	dɪˈlɪbərətli	high	
deliberately	𐑛𐑦𐑤𐑦𐑚𐑼𐑦𐑑𐑤𐑦	dɪlɪbərɪtli	𐑛𐑦𐑤𐑦𐑚𐑼𐑩𐑑𐑤𐑦	dɪˈlɪbərətli	high	
delicate	𐑛𐑧𐑤𐑦𐑒𐑦𐑑	dˈelɪkɪt	𐑛𐑧𐑤𐑦𐑒𐑩𐑑	ˈdelɪkət	high	
demolition	𐑛𐑦𐑥𐑪𐑤𐑦𐑖𐑩𐑯	dˌɪmɒlˈɪʃən	𐑛𐑧𐑥𐑩𐑤𐑦𐑖𐑩𐑯	ˌdeməˈlɪʃən	high	
denise	𐑛𐑦𐑯𐑰𐑕	dɪnˈiːs	𐑛𐑩𐑯𐑰𐑟	dəˈniːz	high	
derby	𐑛𐑭𐑚𐑦	dɑːbi	𐑛𐑸𐑚𐑦, 𐑛𐑻𐑚𐑦	ˈdɑːRbi	medium	r_gap:spelling=1,ipa=0; shave_says:𐑛𐑸𐑚𐑦
derbyshire	𐑛𐑭𐑚𐑦𐑖𐑼	dɑːbɪʃəR	𐑛𐑸𐑚𐑦𐑖𐑼	ˈdɑːRbɪʃəR	medium	r_gap:spelling=2,ipa=1; shave_says:𐑛𐑸𐑚𐑦𐑖𐑼
derivative	𐑛𐑼𐑦𐑝𐑩𐑑𐑦𐑝	dərɪvətɪv	𐑛𐑦𐑮𐑦𐑝𐑩𐑑𐑦𐑝	dɪˈrɪvətɪv	high	
derivatives	𐑛𐑼𐑦𐑝𐑩𐑑𐑦𐑝𐑟	dərɪvətɪvz	𐑛𐑦𐑮𐑦𐑝𐑩𐑑𐑦𐑝𐑟	dɪˈrɪvətɪvz	high	
derive	𐑛𐑼𐑲𐑝	dəraɪv	𐑛𐑦𐑮𐑲𐑝	dɪˈraɪv	high	
derived	𐑛𐑼𐑲𐑝𐑛	dəraɪvd	𐑛𐑦𐑮𐑲𐑝𐑛	dɪˈraɪvd	high	
desires	𐑛𐑦𐑟𐑲𐑩𐑟	dɪzaɪəz	𐑛𐑦𐑟𐑲𐑼𐑟	dɪˈzaɪəRz	medium	r_gap:spelling=1,ipa=0; shave_says:𐑛𐑦𐑟𐑲𐑼𐑟
desperate	𐑛𐑧𐑕𐑐𐑮𐑦𐑑	desprɪt	𐑛𐑧𐑕𐑐𐑼𐑩𐑑	ˈdespərət	medium	ml_disagrees:𐑛𐑧𐑕𐑐𐑮𐑩𐑑; shave_says:𐑛𐑧𐑕𐑐𐑼𐑩𐑑
desperately	𐑛𐑧𐑕𐑐𐑮𐑩𐑑𐑤𐑦	desprətli	𐑛𐑧𐑕𐑐𐑼𐑩𐑑𐑤𐑦	ˈdespərətli	high	
dial	𐑛𐑲𐑤	dˈaɪl	𐑛𐑲𐑩𐑤	ˈdaɪəl	high	
did	𐑛𐑩𐑛	dƏd	𐑛𐑦𐑛	dɪd	high	
didcot	𐑛𐑦𐑛𐑒𐑪𐑑	dˈɪdkɒt	𐑛𐑦𐑛𐑒𐑩𐑑	ˈdɪdkət	high	
didn't	𐑛𐑦𐑛𐑯𐑑	dˈɪdnt	𐑛𐑦𐑛𐑩𐑯𐑑	ˈdɪdənt	high	
difference	𐑛𐑦𐑓𐑮𐑩𐑯𐑕	dɪfrəns	𐑛𐑦𐑓𐑼𐑩𐑯𐑕	ˈdɪfərəns	high	
differences	𐑛𐑦𐑓𐑮𐑩𐑯𐑕𐑩𐑟	dɪfrənsƏz	𐑛𐑦𐑓𐑼𐑩𐑯𐑕𐑩𐑟	ˈdɪfərənsƏz	high	
different	𐑛𐑦𐑓𐑮𐑩𐑯𐑑	dɪfrənt	𐑛𐑦𐑓𐑼𐑩𐑯𐑑	ˈdɪfərənt	high	
differentiate	𐑛𐑦𐑓𐑼𐑧𐑯𐑗𐑦𐑱𐑑	dɪfərentʃɪeɪt	𐑛𐑦𐑓𐑼𐑧𐑯𐑖𐑦𐑱𐑑	ˌdɪfəˈrenʃieɪt	high	
differentiation	𐑛𐑦𐑓𐑼𐑧𐑯𐑗𐑦𐑱𐑖𐑩𐑯	dɪfərentʃɪeɪʃən	𐑛𐑦𐑓𐑼𐑧𐑯𐑖𐑦𐑱𐑖𐑩𐑯	ˌdɪfərenʃɪˈeɪʃən	high	
differently	𐑛𐑦𐑓𐑮𐑩𐑯𐑑𐑤𐑦	dɪfrəntli	𐑛𐑦𐑓𐑼𐑩𐑯𐑑𐑤𐑦	ˈdɪfərəntli	high	
digest	𐑛𐑦𐑡𐑧𐑕𐑑	dɪdʒˈest	𐑛𐑲𐑡𐑧𐑕𐑑	ˈdaɪdʒest	high	
dimension	𐑛𐑲𐑥𐑧𐑯𐑖𐑩𐑯	daɪmˈenʃən	𐑛𐑦𐑥𐑧𐑯𐑖𐑩𐑯	dɪˈmenʃən	high	
dimensional	𐑛𐑲𐑥𐑧𐑯𐑖𐑩𐑯𐑩𐑤	daɪmˈenʃənəl	𐑛𐑦𐑥𐑧𐑯𐑖𐑩𐑯𐑩𐑤	dɪˈmenʃənəl	high	
dimensions	𐑛𐑲𐑥𐑧𐑯𐑖𐑩𐑯𐑟	daɪmˈenʃənz	𐑛𐑦𐑥𐑧𐑯𐑖𐑩𐑯𐑟	dɪˈmenʃənz	high	
dinghy	𐑛𐑦𐑙𐑦	dˈɪŋi	𐑛𐑦𐑙𐑜𐑦	ˈdɪŋɡi	high	
diphthong	𐑛𐑦𐑐𐑔𐑪𐑙	dˈɪpθɒŋ	𐑛𐑦𐑓𐑔𐑪𐑙	ˈdɪfθɒŋ	high	
direct	𐑛𐑲𐑮𐑧𐑒𐑑	daɪrekt	𐑛𐑦𐑮𐑧𐑒𐑑	dɪˈrekt	high	
directed	𐑛𐑲𐑮𐑧𐑒𐑑𐑩𐑛	daɪrektƏd	𐑛𐑦𐑮𐑧𐑒𐑑𐑩𐑛	dɪˈrektƏd	high	
direction	𐑛𐑲𐑮𐑧𐑒𐑖𐑩𐑯	daɪrekʃən	𐑛𐑦𐑮𐑧𐑒𐑖𐑩𐑯	dɪˈrekʃən	high	
directions	𐑛𐑲𐑮𐑧𐑒𐑖𐑩𐑯𐑟	daɪrekʃənz	𐑛𐑦𐑮𐑧𐑒𐑖𐑩𐑯𐑟	dɪˈrekʃənz	high	
directive	𐑛𐑲𐑮𐑧𐑒𐑑𐑦𐑝	daɪrektɪv	𐑛𐑦𐑮𐑧𐑒𐑑𐑦𐑝	dɪˈrektɪv	high	
directly	𐑛𐑲𐑮𐑧𐑒𐑑𐑤𐑦	daɪrektli	𐑛𐑦𐑮𐑧𐑒𐑑𐑤𐑦	dɪˈrektli	high	
director	𐑛𐑲𐑮𐑧𐑒𐑑𐑼	daɪrektəR	𐑛𐑦𐑮𐑧𐑒𐑑𐑼	dɪˈrektəR	high	
directories	𐑛𐑲𐑮𐑧𐑒𐑑𐑼𐑦𐑟	daɪrektəriz	𐑛𐑦𐑮𐑧𐑒𐑑𐑼𐑦𐑟	dɪˈrektəriz	high	
directors	𐑛𐑲𐑮𐑧𐑒𐑑𐑼𐑟	daɪrektəRz	𐑛𐑦𐑮𐑧𐑒𐑑𐑼𐑟	dɪˈrektəRz	high	
directory	𐑛𐑲𐑮𐑧𐑒𐑑𐑼𐑦	daɪrektəri	𐑛𐑦𐑮𐑧𐑒𐑑𐑼𐑦	dɪˈrektəri	high	
disciplinary	𐑛𐑦𐑕𐑦𐑐𐑤𐑦𐑯𐑼𐑦	dɪsɪplɪnəri	𐑛𐑦𐑕𐑩𐑐𐑤𐑦𐑯𐑼𐑦	ˈdɪsəplɪnəri	high	ml_disagrees:𐑛𐑦𐑕𐑩𐑐𐑤𐑦𐑯𐑼𐑦; shave_agrees
discipline	𐑛𐑦𐑕𐑦𐑐𐑤𐑦𐑯	dˈɪsɪplɪn	𐑛𐑦𐑕𐑩𐑐𐑤𐑦𐑯	ˈdɪsəplɪn	high	ml_disagrees:𐑛𐑦𐑕𐑩𐑐𐑤𐑦𐑯; shave_agrees
disciplines	𐑛𐑦𐑕𐑦𐑐𐑤𐑦𐑯𐑟	dˈɪsɪplɪnz	𐑛𐑦𐑕𐑩𐑐𐑤𐑦𐑯𐑟	ˈdɪsəplɪnz	high	ml_disagrees:𐑛𐑦𐑕𐑩𐑐𐑤𐑦𐑯𐑟; shave_agrees
discovery	𐑛𐑦𐑕𐑒𐑳𐑝𐑮𐑦	dɪskʌvri	𐑛𐑦𐑕𐑒𐑳𐑝𐑼𐑦	dɪˈskʌvəri	high	
discriminate	𐑛𐑦𐑕𐑒𐑮𐑦𐑥𐑦𐑯𐑦𐑑	dɪskrɪmɪnɪt	𐑛𐑦𐑕𐑒𐑮𐑦𐑥𐑦𐑯𐑱𐑑	dɪˈskrɪmɪneɪt	high	
dissection	𐑛𐑲𐑕𐑧𐑒𐑖𐑩𐑯	daɪsˈekʃən	𐑛𐑦𐑕𐑧𐑒𐑖𐑩𐑯	dɪˈsekʃən	high	
dissertation	𐑛𐑦𐑕𐑩𐑑𐑱𐑖𐑩𐑯	dɪsəteɪʃən	𐑛𐑦𐑕𐑼𐑑𐑱𐑖𐑩𐑯	ˌdɪsəRˈteɪʃən	medium	r_gap:spelling=1,ipa=0; shave_says:𐑛𐑦𐑕𐑼𐑑𐑱𐑖𐑩𐑯
distributed	𐑛𐑦𐑕𐑑𐑮𐑦𐑚𐑘𐑩𐑑𐑩𐑛	dɪstrɪbjətƏd	𐑛𐑦𐑕𐑑𐑮𐑦𐑚𐑿𐑑𐑩𐑛	dɪˈstrɪbjuːtƏd	high	
does	𐑛𐑩𐑟	dəz	𐑛𐑳𐑟, 𐑛𐑴𐑟	dʌz	high	
domain	𐑛𐑩𐑥𐑱𐑯	dəmˈeɪn	𐑛𐑴𐑥𐑱𐑯	dəʊˈmeɪn	high	
domains	𐑛𐑩𐑥𐑱𐑯𐑟	dəmˈeɪnz	𐑛𐑴𐑥𐑱𐑯𐑟	dəʊˈmeɪnz	high	
doreen	𐑛𐑼𐑰𐑯	dəriːn	𐑛𐑹𐑰𐑯	ˈdɔːriːn	high	
dorset	𐑛𐑹𐑕𐑦𐑑	dɔːRsɪt	𐑛𐑹𐑕𐑩𐑑	ˈdɔːRsət	high	
dos	𐑛𐑪𐑕	dˈɒs	𐑛𐑵𐑟	duːz	high	
doth	𐑛𐑵𐑔	dˈuːθ	𐑛𐑳𐑔	dʌθ	high	
doubtless	𐑛𐑬𐑑𐑤𐑦𐑕	dˈaʊtlɪs	𐑛𐑬𐑑𐑤𐑩𐑕	ˈdaʊtləs	high	
dour	𐑛𐑬𐑼	daʊəR	𐑛𐑫𐑼	dʊəR	high	
dowry	𐑛𐑬𐑮𐑦	daʊri	𐑛𐑬𐑼𐑦	ˈdaʊəri	high	
dramatically	𐑛𐑮𐑩𐑥𐑨𐑑𐑦𐑒𐑩𐑤𐑦	drəmætɪkəli	𐑛𐑮𐑩𐑥𐑨𐑑𐑦𐑒𐑤𐑦	drəˈmætɪkli	high	
drawers	𐑛𐑮𐑷𐑼𐑟	drɔːəRz	𐑛𐑮𐑹𐑟	drɔːRz	high	
duplicate	𐑛𐑿𐑐𐑤𐑦𐑒𐑦𐑑	djˈuːplɪkɪt	𐑛𐑵𐑐𐑤𐑦𐑒𐑩𐑑, 𐑛𐑵𐑐𐑤𐑦𐑒𐑱𐑑, 𐑛𐑿𐑐𐑤𐑦𐑒𐑩𐑑, 𐑛𐑿𐑐𐑤𐑦𐑒𐑱𐑑	ˈdjuːplɪkət	high	
duration	𐑛𐑘𐑼𐑱𐑖𐑩𐑯	djəreɪʃən	𐑛𐑘𐑫𐑼𐑱𐑖𐑩𐑯	djʊəˈreɪʃən	high	
earlier	𐑻𐑤𐑽	ɜːRlɪəR	𐑻𐑤𐑦𐑼	ˈɜːRlɪəR	high	
earliest	𐑻𐑤𐑽𐑕𐑑	ɜːRlɪəRst	𐑻𐑤𐑦𐑩𐑕𐑑	ˈɜːRliəst	high	
earrings	𐑽𐑦𐑙𐑟	ɪərɪŋz	𐑽𐑮𐑦𐑙𐑟	ˈɪəRrɪŋz	medium	r_gap:spelling=2,ipa=1; shave_says:𐑽𐑮𐑦𐑙𐑟
easier	𐑰𐑟𐑰𐑼	iːziːəR	𐑰𐑟𐑦𐑼	ˈiːzɪəR	high	
easiest	𐑰𐑟𐑦𐑦𐑕𐑑	ˈiːziɪst	𐑰𐑟𐑦𐑩𐑕𐑑	ˈiːziəst	high	
ecclesiastical	𐑦𐑒𐑤𐑦𐑟𐑦𐑨𐑕𐑑𐑦𐑒𐑩𐑤	ɪklɪzɪˈæstɪkəl	𐑦𐑒𐑤𐑰𐑟𐑦𐑨𐑕𐑑𐑦𐑒𐑩𐑤	ɪˌkliːzɪˈæstɪkəl	high	
ecological	𐑧𐑒𐑩𐑤𐑪𐑡𐑦𐑒𐑩𐑤	ˌekəlˈɒdʒɪkəl	𐑰𐑒𐑩𐑤𐑪𐑡𐑦𐑒𐑩𐑤	ˌiːkəˈlɒdʒɪkəl	high	
ecology	𐑦𐑒𐑪𐑤𐑩𐑡𐑦	ɪkˈɒlədʒi	𐑰𐑒𐑪𐑤𐑩𐑡𐑦	iːˈkɒlədʒi	high	
economic	𐑧𐑒𐑩𐑯𐑪𐑥𐑦𐑒	ˌekənˈɒmɪk	𐑰𐑒𐑩𐑯𐑪𐑥𐑦𐑒	ˌiːkəˈnɒmɪk	high	
economically	𐑧𐑒𐑩𐑯𐑪𐑥𐑦𐑒𐑤𐑦	ˌekənˈɒmɪkli	𐑰𐑒𐑩𐑯𐑪𐑥𐑦𐑒𐑤𐑦	ˌiːkəˈnɒmɪkli	high	
economics	𐑧𐑒𐑩𐑯𐑪𐑥𐑦𐑒𐑕	ˌekənˈɒmɪks	𐑰𐑒𐑩𐑯𐑪𐑥𐑦𐑒𐑕	ˌiːkəˈnɒmɪks	high	
ecstatic	𐑧𐑒𐑕𐑑𐑨𐑑𐑦𐑒	ekstˈætɪk	𐑦𐑒𐑕𐑑𐑨𐑑𐑦𐑒	ɪkˈstætɪk	high	
edinburgh	𐑧𐑛𐑦𐑯𐑚𐑮𐑩	edɪnbrə	𐑧𐑛𐑦𐑯𐑚𐑼𐑩	ˈedɪnbərə	high	
effectiveness	𐑦𐑓𐑧𐑒𐑑𐑦𐑝𐑯𐑦𐑕	ɪfˈektɪvnɪs	𐑦𐑓𐑧𐑒𐑑𐑦𐑝𐑯𐑩𐑕	ɪˈfektɪvnəs	high	
either	𐑰𐑞𐑼	iːðəR	𐑲𐑞𐑼	ˈaɪðəR	high	
elaborate	𐑦𐑤𐑨𐑚𐑼𐑦𐑑	ɪlæbərɪt	𐑦𐑤𐑨𐑚𐑼𐑩𐑑, 𐑦𐑤𐑨𐑚𐑼𐑱𐑑	ɪˈlæbərət	medium	ml_disagrees:𐑦𐑤𐑨𐑚𐑼𐑩𐑑; shave_says:[𐑦𐑤𐑨𐑚𐑼𐑩𐑑 / 𐑦𐑤𐑨𐑚𐑼𐑱𐑑]
elaine	𐑩𐑤𐑱𐑯	əlˈeɪn	𐑦𐑤𐑱𐑯	ɪˈleɪn	high	
elasticity	𐑰𐑤𐑨𐑕𐑑𐑦𐑕𐑦𐑑𐑦	ˌiːlæstˈɪsɪti	𐑦𐑤𐑨𐑕𐑑𐑦𐑕𐑦𐑑𐑦	ˌɪlæˈstɪsɪti	high	
elderly	𐑧𐑤𐑛𐑩𐑤𐑦	eldəli	𐑧𐑤𐑛𐑼𐑤𐑦	ˈeldəRli	medium	r_gap:spelling=1,ipa=0; shave_says:𐑧𐑤𐑛𐑼𐑤𐑦
eldest	𐑧𐑤𐑛𐑦𐑕𐑑	ˈeldɪst	𐑧𐑤𐑛𐑩𐑕𐑑	ˈeldəst	high	
eleanor	𐑧𐑤𐑦𐑯𐑹	elɪnɔːR	𐑧𐑤𐑩𐑯𐑼	ˈelənəR	high	
eleanor	𐑧𐑤𐑦𐑯𐑼	elɪnəR	𐑧𐑤𐑩𐑯𐑼	ˈelənəR	high	
elementary	𐑧𐑤𐑦𐑥𐑧𐑯𐑑𐑮𐑦	elɪmentri	𐑧𐑤𐑦𐑥𐑧𐑯𐑑𐑼𐑦	ˌelɪˈmentəri	high	
elite	𐑱𐑤𐑰𐑑	eɪlˈiːt	𐑦𐑤𐑰𐑑	ɪˈliːt	high	
emerald	𐑧𐑥𐑮𐑩𐑤𐑛	emrəld	𐑧𐑥𐑼𐑩𐑤𐑛	ˈemərəld	high	
employee	𐑦𐑥𐑐𐑤𐑷𐑰	ɪmplˈɔiː	𐑦𐑥𐑐𐑤𐑶𐑰	ˌɪmplɔɪˈiː	high	
employee	𐑧𐑥𐑐𐑤𐑷𐑰	emplˈɔiː	𐑦𐑥𐑐𐑤𐑶𐑰	ˌɪmplɔɪˈiː	medium	ml_disagrees:𐑦𐑥𐑐𐑤𐑷𐑰; shave_says:𐑦𐑥𐑐𐑤𐑶𐑰
employees	𐑦𐑥𐑐𐑤𐑷𐑰𐑟	ɪmplˈɔiːz	𐑦𐑥𐑐𐑤𐑶𐑰𐑟	ˌɪmplɔɪˈiːz	high	
employees	𐑧𐑥𐑐𐑤𐑷𐑰𐑟	emplˈɔiːz	𐑦𐑥𐑐𐑤𐑶𐑰𐑟	ˌɪmplɔɪˈiːz	medium	ml_disagrees:𐑦𐑥𐑐𐑤𐑷𐑰𐑟; shave_says:𐑦𐑥𐑐𐑤𐑶𐑰𐑟
empty	𐑧𐑥𐑑𐑦	ˈemti	𐑧𐑥𐑐𐑑𐑦	ˈempti	high	
enable	𐑧𐑯𐑱𐑚𐑩𐑤	enˈeɪbəl	𐑦𐑯𐑱𐑚𐑩𐑤	ɪˈneɪbəl	high	
enabled	𐑧𐑯𐑱𐑚𐑩𐑤𐑛	enˈeɪbəld	𐑦𐑯𐑱𐑚𐑩𐑤𐑛	ɪˈneɪbəld	high	
enables	𐑧𐑯𐑱𐑚𐑩𐑤𐑟	enˈeɪbəlz	𐑦𐑯𐑱𐑚𐑩𐑤𐑟	ɪˈneɪbəlz	high	
enabling	𐑧𐑯𐑱𐑚𐑩𐑤𐑦𐑙	enˈeɪbəlɪŋ	𐑦𐑯𐑱𐑚𐑤𐑦𐑙	ɪˈneɪblɪŋ	high	
encyclopedia	𐑦𐑯𐑕𐑲𐑒𐑤𐑴𐑐𐑰𐑛𐑾	ɪnsˌaɪkləʊpˈiːdɪə	𐑦𐑯𐑕𐑲𐑒𐑤𐑩𐑐𐑰𐑛𐑾	ɪnˌsaɪkləˈpiːdɪə	high	
encyclopedia	𐑧𐑯𐑕𐑲𐑒𐑤𐑩𐑐𐑰𐑛𐑾	ensˌaɪkləpˈiːdɪə	𐑦𐑯𐑕𐑲𐑒𐑤𐑩𐑐𐑰𐑛𐑾	ɪnˌsaɪkləˈpiːdɪə	high	
encyclopedia	𐑧𐑯𐑕𐑲𐑒𐑤𐑴𐑐𐑰𐑛𐑾	ensˌaɪkləʊpˈiːdɪə	𐑦𐑯𐑕𐑲𐑒𐑤𐑩𐑐𐑰𐑛𐑾	ɪnˌsaɪkləˈpiːdɪə	high	
endangered	𐑧𐑯𐑛𐑱𐑯𐑡𐑼𐑛	endeɪndʒəRd	𐑦𐑯𐑛𐑱𐑯𐑡𐑼𐑛	ɪnˈdeɪndʒəRd	high	
endorse	𐑧𐑯𐑛𐑹𐑕	endɔːRs	𐑦𐑯𐑛𐑹𐑕	ɪnˈdɔːRs	high	
endorsed	𐑧𐑯𐑛𐑹𐑕𐑑	endɔːRst	𐑦𐑯𐑛𐑹𐑕𐑑	ɪnˈdɔːRst	high	
endorsement	𐑧𐑯𐑛𐑹𐑕𐑥𐑩𐑯𐑑	endɔːRsmənt	𐑦𐑯𐑛𐑹𐑕𐑥𐑩𐑯𐑑	ɪnˈdɔːRsmənt	high	
energies	𐑧𐑯𐑩𐑡𐑦𐑟	enədʒiz	𐑧𐑯𐑼𐑡𐑦𐑟	ˈenəRdʒiz	medium	r_gap:spelling=1,ipa=0; shave_says:𐑧𐑯𐑼𐑡𐑦𐑟
energy	𐑧𐑯𐑩𐑡𐑦	enədʒi	𐑧𐑯𐑼𐑡𐑦	ˈenəRdʒi	medium	r_gap:spelling=1,ipa=0; shave_says:𐑧𐑯𐑼𐑡𐑦
enforce	𐑧𐑯𐑓𐑹𐑕	enfɔːRs	𐑦𐑯𐑓𐑹𐑕	ɪnˈfɔːRs	high	
engage	𐑧𐑯𐑜𐑱𐑡	enɡˈeɪdʒ	𐑦𐑯𐑜𐑱𐑡	ɪnˈɡeɪdʒ	high	
engaged	𐑧𐑯𐑜𐑱𐑡𐑛	enɡˈeɪdʒd	𐑦𐑯𐑜𐑱𐑡𐑛	ɪnˈɡeɪdʒd	high	
engaging	𐑧𐑯𐑜𐑱𐑡𐑦𐑙	enɡˈeɪdʒɪŋ	𐑦𐑯𐑜𐑱𐑡𐑦𐑙	ɪnˈɡeɪdʒɪŋ	high	
englishmen	𐑦𐑙𐑜𐑤𐑦𐑖𐑥𐑩𐑯	ˈɪŋɡlɪʃmən	𐑦𐑙𐑜𐑤𐑦𐑖𐑥𐑧𐑯	ˈɪŋɡlɪʃmen	high	
enhance	𐑧𐑯𐑣𐑭𐑯𐑕	enhˈɑːns	𐑦𐑯𐑣𐑨𐑯𐑕, 𐑦𐑯𐑣𐑭𐑯𐑕	ɪnˈhⱭːns	high	
enhanced	𐑧𐑯𐑣𐑭𐑯𐑕𐑑	enhˈɑːnst	𐑦𐑯𐑣𐑨𐑯𐑕𐑑, 𐑦𐑯𐑣𐑭𐑯𐑕𐑑	ɪnˈhⱭːnst	high	
enhancement	𐑧𐑯𐑣𐑭𐑯𐑕𐑥𐑩𐑯𐑑	enhˈɑːnsmənt	𐑦𐑯𐑣𐑨𐑯𐑕𐑥𐑩𐑯𐑑, 𐑦𐑯𐑣𐑭𐑯𐑕𐑥𐑩𐑯𐑑	ɪnˈhⱭːnsmənt	high	
enjoy	𐑧𐑯𐑡𐑶	endʒˈɔɪ	𐑦𐑯𐑡𐑶	ɪnˈdʒɔɪ	high	
enjoyable	𐑧𐑯𐑡𐑶𐑩𐑚𐑩𐑤	endʒˈɔɪəbəl	𐑦𐑯𐑡𐑶𐑩𐑚𐑩𐑤	ɪnˈdʒɔɪəbəl	high	
enjoyed	𐑧𐑯𐑡𐑶𐑛	endʒˈɔɪd	𐑦𐑯𐑡𐑶𐑛	ɪnˈdʒɔɪd	high	
enjoying	𐑧𐑯𐑡𐑶𐑦𐑙	endʒˈɔɪɪŋ	𐑦𐑯𐑡𐑶𐑦𐑙	ɪnˈdʒɔɪɪŋ	high	
enjoyment	𐑧𐑯𐑡𐑶𐑥𐑩𐑯𐑑	endʒˈɔɪmənt	𐑦𐑯𐑡𐑶𐑥𐑩𐑯𐑑	ɪnˈdʒɔɪmənt	high	
enjoys	𐑧𐑯𐑡𐑶𐑟	endʒˈɔɪz	𐑦𐑯𐑡𐑶𐑟	ɪnˈdʒɔɪz	high	
enlarge	𐑧𐑯𐑤𐑸𐑡	enlɑːRdʒ	𐑦𐑯𐑤𐑸𐑡	ɪnˈlɑːRdʒ	high	
enlargement	𐑧𐑯𐑤𐑸𐑡𐑥𐑩𐑯𐑑	enlɑːRdʒmənt	𐑦𐑯𐑤𐑸𐑡𐑥𐑩𐑯𐑑	ɪnˈlɑːRdʒmənt	high	
ensure	𐑦𐑯𐑖𐑷	ɪnʃɔː	𐑦𐑯𐑖𐑫𐑼	ɪnˈʃʊəR	low	ml_disagrees:𐑦𐑯𐑖𐑼; r_gap:spelling=1,ipa=0; shave_says:𐑦𐑯𐑖𐑫𐑼
ensure	𐑧𐑯𐑖𐑷	enʃɔː	𐑦𐑯𐑖𐑫𐑼	ɪnˈʃʊəR	low	ml_disagrees:𐑧𐑯𐑖𐑼; r_gap:spelling=1,ipa=0; shave_says:𐑦𐑯𐑖𐑫𐑼
ensures	𐑦𐑯𐑖𐑷𐑟	ɪnʃɔːz	𐑦𐑯𐑖𐑫𐑼𐑟	ɪnˈʃʊəRz	medium	r_gap:spelling=1,ipa=0; shave_says:𐑦𐑯𐑖𐑫𐑼𐑟
ensures	𐑧𐑯𐑖𐑷𐑟	enʃɔːz	𐑦𐑯𐑖𐑫𐑼𐑟	ɪnˈʃʊəRz	medium	r_gap:spelling=1,ipa=0; shave_says:𐑦𐑯𐑖𐑫𐑼𐑟
ensuring	𐑦𐑯𐑖𐑹𐑦𐑙	ɪnʃɔːrɪŋ	𐑦𐑯𐑖𐑫𐑼𐑦𐑙	ɪnˈʃʊərɪŋ	high	
ensuring	𐑧𐑯𐑖𐑹𐑦𐑙	enʃɔːrɪŋ	𐑦𐑯𐑖𐑫𐑼𐑦𐑙	ɪnˈʃʊərɪŋ	high	
enterprise	𐑧𐑯𐑑𐑩𐑐𐑮𐑲𐑟	entəpraɪz	𐑧𐑯𐑑𐑼𐑐𐑮𐑲𐑟	ˈentəRpraɪz	medium	r_gap:spelling=2,ipa=1; shave_says:𐑧𐑯𐑑𐑼𐑐𐑮𐑲𐑟
enterprises	𐑧𐑯𐑑𐑩𐑐𐑮𐑲𐑟𐑩𐑟	entəpraɪzƏz	𐑧𐑯𐑑𐑼𐑐𐑮𐑲𐑟𐑩𐑟	ˈentəRpraɪzƏz	medium	r_gap:spelling=2,ipa=1; shave_says:𐑧𐑯𐑑𐑼𐑐𐑮𐑲𐑟𐑩𐑟
entertain	𐑧𐑯𐑑𐑩𐑑𐑱𐑯	entəteɪn	𐑧𐑯𐑑𐑼𐑑𐑱𐑯	ˌentəRˈteɪn	medium	r_gap:spelling=1,ipa=0; shave_says:𐑧𐑯𐑑𐑼𐑑𐑱𐑯
entertaining	𐑧𐑯𐑑𐑩𐑑𐑱𐑯𐑦𐑙	entəteɪnɪŋ	𐑧𐑯𐑑𐑼𐑑𐑱𐑯𐑦𐑙	ˌentəRˈteɪnɪŋ	medium	r_gap:spelling=1,ipa=0; shave_says:𐑧𐑯𐑑𐑼𐑑𐑱𐑯𐑦𐑙
entertainment	𐑧𐑯𐑑𐑩𐑑𐑱𐑯𐑥𐑩𐑯𐑑	entəteɪnmənt	𐑧𐑯𐑑𐑼𐑑𐑱𐑯𐑥𐑩𐑯𐑑	ˌentəRˈteɪnmənt	medium	r_gap:spelling=1,ipa=0; shave_says:𐑧𐑯𐑑𐑼𐑑𐑱𐑯𐑥𐑩𐑯𐑑
entertains	𐑧𐑯𐑑𐑩𐑑𐑱𐑯𐑟	entəteɪnz	𐑧𐑯𐑑𐑼𐑑𐑱𐑯𐑟	ˌentəRˈteɪnz	medium	r_gap:spelling=1,ipa=0; shave_says:𐑧𐑯𐑑𐑼𐑑𐑱𐑯𐑟
enthusiasm	𐑦𐑯𐑔𐑵𐑟𐑦𐑨𐑟𐑩𐑥	ɪnθˈuːzɪˌæzəm	𐑦𐑯𐑔𐑿𐑟𐑦𐑨𐑟𐑩𐑥	ɪnˈθjuːzɪæzəm	high	
enthusiast	𐑦𐑯𐑔𐑵𐑟𐑦𐑨𐑕𐑑	ɪnθˈuːzɪˌæst	𐑦𐑯𐑔𐑿𐑟𐑦𐑨𐑕𐑑	ɪnˈθjuːzɪæst	high	
entirely	𐑦𐑯𐑑𐑲𐑩𐑤𐑦	ɪntaɪəli	𐑦𐑯𐑑𐑲𐑼𐑤𐑦	ɪnˈtaɪəRli	medium	r_gap:spelling=1,ipa=0; shave_says:𐑦𐑯𐑑𐑲𐑼𐑤𐑦
entitle	𐑧𐑯𐑑𐑲𐑑𐑩𐑤	entˈaɪtəl	𐑦𐑯𐑑𐑲𐑑𐑩𐑤	ɪnˈtaɪtəl	high	
entitled	𐑧𐑯𐑑𐑲𐑑𐑩𐑤𐑛	entˈaɪtəld	𐑦𐑯𐑑𐑲𐑑𐑩𐑤𐑛	ɪnˈtaɪtəld	high	
ernest	𐑻𐑯𐑦𐑕𐑑	ɜːRnɪst	𐑻𐑯𐑩𐑕𐑑	ˈɜːRnIst	high	
especially	𐑦𐑕𐑐𐑧𐑖𐑤𐑦	ɪspˈeʃli	𐑦𐑕𐑐𐑧𐑖𐑩𐑤𐑦	ɪˈspeʃəli	high	
establishments	𐑧𐑕𐑑𐑨𐑚𐑤𐑦𐑖𐑥𐑩𐑯𐑑𐑕	estˈæblɪʃmənts	𐑦𐑕𐑑𐑨𐑚𐑤𐑦𐑖𐑥𐑩𐑯𐑑𐑕	ɪˈstæblɪʃmənts	high	
estimate	𐑧𐑕𐑑𐑦𐑥𐑦𐑑	ˈestɪmɪt	𐑧𐑕𐑑𐑦𐑥𐑩𐑑, 𐑧𐑕𐑑𐑦𐑥𐑱𐑑	ˈestɪmət	medium	ml_disagrees:𐑧𐑕𐑑𐑦𐑥𐑩𐑑; shave_says:[𐑧𐑕𐑑𐑦𐑥𐑩𐑑 / 𐑧𐑕𐑑𐑦𐑥𐑱𐑑]
estimates	𐑧𐑕𐑑𐑦𐑥𐑦𐑑𐑕	ˈestɪmɪts	𐑧𐑕𐑑𐑦𐑥𐑩𐑑𐑕, 𐑧𐑕𐑑𐑦𐑥𐑱𐑑𐑕	ˈestɪməts	high	
ethiopia	𐑰𐑔𐑾𐑫𐑐𐑾	ˌiːθɪˈəʊpɪə	𐑰𐑔𐑦𐑴𐑐𐑾	ˌiːθɪˈəʊpɪə	high	
eureka	𐑘𐑼𐑰𐑒𐑩	jəriːkə	𐑘𐑫𐑼𐑰𐑒𐑩	jʊəˈriːkə	high	
european	𐑘𐑩𐑼𐑩𐑐𐑰𐑩𐑯	jəərəpiːən	𐑘𐑫𐑼𐑩𐑐𐑾𐑯	ˌjʊərəˈpiən	medium	ml_disagrees:𐑘𐑫𐑼𐑩𐑐𐑰𐑩𐑯; shave_says:𐑘𐑫𐑼𐑩𐑐𐑩𐑯
evaluate	𐑦𐑝𐑨𐑤𐑘𐑩𐑱𐑑	ɪvˈæljəˌeɪt	𐑦𐑝𐑨𐑤𐑘𐑫𐑱𐑑	ɪˈvæljueɪt	medium	ml_disagrees:𐑦𐑝𐑨𐑤𐑘𐑫𐑱𐑑; shave_says:𐑦𐑝𐑨𐑤𐑿𐑱𐑑
evaluated	𐑦𐑝𐑨𐑤𐑘𐑩𐑱𐑑𐑩𐑛	ɪvˈæljəˌeɪtƏd	𐑦𐑝𐑨𐑤𐑘𐑫𐑱𐑑𐑩𐑛	ɪˈvæljueɪtƏd	medium	ml_disagrees:𐑦𐑝𐑨𐑤𐑘𐑫𐑱𐑑𐑩𐑛; shave_says:𐑦𐑝𐑨𐑤𐑿𐑱𐑑𐑩𐑛
evaluating	𐑦𐑝𐑨𐑤𐑘𐑩𐑱𐑑𐑦𐑙	ɪvˈæljəˌeɪtɪŋ	𐑦𐑝𐑨𐑤𐑘𐑫𐑱𐑑𐑦𐑙	ɪˈvæljueɪtɪŋ	medium	ml_disagrees:𐑦𐑝𐑨𐑤𐑘𐑫𐑱𐑑𐑦𐑙; shave_says:𐑦𐑝𐑨𐑤𐑿𐑱𐑑𐑦𐑙
evaluation	𐑦𐑝𐑨𐑤𐑘𐑩𐑱𐑖𐑩𐑯	ɪvˌæljəˈeɪʃən	𐑦𐑝𐑨𐑤𐑘𐑫𐑱𐑖𐑩𐑯	ɪˌvæljuˈeɪʃən	medium	ml_disagrees:𐑦𐑝𐑨𐑤𐑘𐑫𐑱𐑖𐑩𐑯; shave_says:𐑦𐑝𐑨𐑤𐑿𐑱𐑖𐑩𐑯
evaluations	𐑦𐑝𐑨𐑤𐑘𐑩𐑱𐑖𐑩𐑯𐑟	ɪvˌæljəˈeɪʃənz	𐑦𐑝𐑨𐑤𐑘𐑫𐑱𐑖𐑩𐑯𐑟	ɪˌvæljuˈeɪʃənz	medium	ml_disagrees:𐑦𐑝𐑨𐑤𐑘𐑫𐑱𐑖𐑩𐑯𐑟; shave_says:𐑦𐑝𐑨𐑤𐑿𐑱𐑖𐑩𐑯𐑟
evelyn	𐑧𐑝𐑩𐑤𐑦𐑯	ˈevəlɪn	𐑰𐑝𐑤𐑦𐑯	ˈiːvlɪn	high	
evelyn	𐑰𐑝𐑩𐑤𐑦𐑯	ˈiːvəlɪn	𐑰𐑝𐑤𐑦𐑯	ˈiːvlɪn	high	
eventual	𐑦𐑝𐑧𐑯𐑗𐑫𐑼𐑤	ɪvˈentʃʊəl	𐑦𐑝𐑧𐑯𐑗𐑫𐑩𐑤	ɪˈventʃuəl	medium	ml_disagrees:𐑦𐑝𐑧𐑯𐑗𐑫𐑩𐑤; shave_says:𐑦𐑝𐑧𐑯𐑑𐑵𐑩𐑤
eventually	𐑦𐑝𐑧𐑯𐑗𐑫𐑼𐑤𐑦	ɪvˈentʃʊəli	𐑦𐑝𐑧𐑯𐑗𐑫𐑩𐑤𐑦	ɪˈventʃuəli	medium	ml_disagrees:𐑦𐑝𐑧𐑯𐑗𐑫𐑩𐑤𐑦; shave_says:𐑦𐑝𐑧𐑯𐑑𐑵𐑤𐑦
every	𐑧𐑝𐑼𐑦	evəri	𐑧𐑝𐑮𐑦	ˈevri	high	
evolution	𐑧𐑝𐑩𐑤𐑵𐑖𐑩𐑯	ˌevəlˈuːʃən	𐑰𐑝𐑩𐑤𐑵𐑖𐑩𐑯	ˌiːvəˈluːʃən	high	
evolutionary	𐑧𐑝𐑩𐑤𐑵𐑖𐑩𐑯𐑼𐑦	evəluːʃənəri	𐑰𐑝𐑩𐑤𐑵𐑖𐑩𐑯𐑮𐑦	ˌiːvəˈluːʃənri	high	
evolutionary	𐑰𐑝𐑩𐑤𐑵𐑖𐑩𐑯𐑼𐑦	iːvəluːʃənəri	𐑰𐑝𐑩𐑤𐑵𐑖𐑩𐑯𐑮𐑦	ˌiːvəˈluːʃənri	high	
ewell	𐑿𐑤	jˈuːl	𐑿𐑩𐑤	ˈjuːəl	high	
exceptionally	𐑦𐑒𐑕𐑧𐑐𐑖𐑯𐑩𐑤𐑦	ɪksˈepʃnəli	𐑦𐑒𐑕𐑧𐑐𐑖𐑩𐑯𐑩𐑤𐑦	ɪkˈsepʃənəli	high	
exchequer	𐑧𐑒𐑕𐑗𐑧𐑒𐑼	ekstʃekəR	𐑦𐑒𐑕𐑗𐑧𐑒𐑼	ɪkˈstʃekəR	high	
exercise	𐑧𐑒𐑕𐑩𐑕𐑲𐑟	eksəsaɪz	𐑧𐑒𐑕𐑼𐑕𐑲𐑟	ˈeksəRsaɪz	medium	r_gap:spelling=1,ipa=0; shave_says:𐑧𐑒𐑕𐑼𐑕𐑲𐑟
exercised	𐑧𐑒𐑕𐑩𐑕𐑲𐑟𐑛	eksəsaɪzd	𐑧𐑒𐑕𐑼𐑕𐑲𐑟𐑛	ˈeksəRsaɪzd	medium	r_gap:spelling=1,ipa=0; shave_says:𐑧𐑒𐑕𐑼𐑕𐑲𐑟𐑛
exercises	𐑧𐑒𐑕𐑩𐑕𐑲𐑟𐑩𐑟	eksəsaɪzƏz	𐑧𐑒𐑕𐑼𐑕𐑲𐑟𐑩𐑟	ˈeksəRsaɪzƏz	medium	r_gap:spelling=1,ipa=0; shave_says:𐑧𐑒𐑕𐑼𐑕𐑲𐑟𐑩𐑟
exhale	𐑦𐑜𐑟𐑱𐑤	ɪɡzˈeɪl	𐑧𐑒𐑕𐑣𐑱𐑤	eksˈheɪl	high	
exhale	𐑧𐑒𐑕𐑱𐑤	eksˈeɪl	𐑧𐑒𐑕𐑣𐑱𐑤	eksˈheɪl	high	
exile	𐑧𐑜𐑟𐑲𐑤	ˈeɡzaɪl	𐑧𐑒𐑕𐑲𐑤	ˈeksaɪl	high	
existence	𐑧𐑜𐑟𐑦𐑕𐑑𐑩𐑯𐑕	eɡzˈɪstəns	𐑦𐑜𐑟𐑦𐑕𐑑𐑩𐑯𐑕	ɪɡˈzɪstəns	high	
exit	𐑧𐑜𐑟𐑦𐑑	ˈeɡzɪt	𐑧𐑒𐑕𐑦𐑑	ˈeksɪt	high	
expenditures	𐑦𐑒𐑕𐑐𐑧𐑯𐑛𐑦𐑗𐑩𐑟	ɪkspendɪtʃəz	𐑦𐑒𐑕𐑐𐑧𐑯𐑛𐑦𐑗𐑼𐑟	ɪkˈspendɪtʃəRz	medium	r_gap:spelling=1,ipa=0; shave_says:𐑦𐑒𐑕𐑐𐑧𐑯𐑛𐑦𐑗𐑼𐑟
expires	𐑦𐑒𐑕𐑐𐑲𐑩𐑟	ɪkspaɪəz	𐑦𐑒𐑕𐑐𐑲𐑼𐑟	ɪkˈspaɪəRz	medium	r_gap:spelling=1,ipa=0; shave_says:𐑦𐑒𐑕𐑐𐑲𐑼𐑟
exponential	𐑧𐑒𐑕𐑐𐑴𐑯𐑧𐑯𐑖𐑩𐑤	ˌekspəʊnˈenʃəl	𐑧𐑒𐑕𐑐𐑩𐑯𐑧𐑯𐑖𐑩𐑤	ˌekspəˈnenʃəl	high	
extraction	𐑧𐑒𐑕𐑑𐑮𐑨𐑒𐑖𐑩𐑯	ekstrækʃən	𐑦𐑒𐑕𐑑𐑮𐑨𐑒𐑖𐑩𐑯	ɪkˈstrækʃən	high	
extraordinary	𐑦𐑒𐑕𐑑𐑮𐑹𐑛𐑦𐑯𐑼𐑦	ɪkstrɔːRdɪnəri	𐑦𐑒𐑕𐑑𐑮𐑹𐑛𐑩𐑯𐑼𐑦	ɪkˈstrɔːRdənəri	high	
extraordinary	𐑧𐑒𐑕𐑑𐑮𐑩𐑹𐑛𐑦𐑯𐑼𐑦	ekstrəɔːRdɪnəri	𐑦𐑒𐑕𐑑𐑮𐑹𐑛𐑩𐑯𐑼𐑦	ɪkˈstrɔːRdənəri	high	
extreme	𐑧𐑒𐑕𐑑𐑮𐑰𐑥	ekstriːm	𐑦𐑒𐑕𐑑𐑮𐑰𐑥	ɪkˈstriːm	high	
extremely	𐑧𐑒𐑕𐑑𐑮𐑰𐑥𐑤𐑦	ekstriːmli	𐑦𐑒𐑕𐑑𐑮𐑰𐑥𐑤𐑦	ɪkˈstriːmli	high	
exude	𐑦𐑜𐑟𐑿𐑛	ɪɡzjˈuːd	𐑦𐑜𐑟𐑵𐑛	ɪɡˈzuːd	high	
facade	𐑓𐑨𐑕𐑭𐑛	fæsˈɑːd	𐑓𐑩𐑕𐑭𐑛	fəˈsɑːd	high	
facet	𐑓𐑱𐑕𐑦𐑑	fˈeɪsɪt	𐑓𐑨𐑕𐑩𐑑	ˈfæsIt	high	
factual	𐑓𐑨𐑒𐑗𐑫𐑼𐑤	fˈæktʃʊəl	𐑓𐑨𐑒𐑗𐑫𐑩𐑤	ˈfæktʃuəl	medium	ml_disagrees:𐑓𐑨𐑒𐑗𐑫𐑩𐑤; shave_says:𐑓𐑨𐑒𐑑𐑵𐑩𐑤
failures	𐑓𐑱𐑤𐑘𐑩𐑟	feɪljəz	𐑓𐑱𐑤𐑘𐑼𐑟	ˈfeɪljəRz	medium	r_gap:spelling=1,ipa=0; shave_says:𐑓𐑱𐑤𐑘𐑼𐑟
families	𐑓𐑨𐑥𐑤𐑦𐑟	fˈæmliz	𐑓𐑨𐑥𐑦𐑤𐑦𐑟	ˈfæmɪliz	high	
family	𐑓𐑨𐑥𐑤𐑦	fˈæmli	𐑓𐑨𐑥𐑦𐑤𐑦	ˈfæmɪli	high	
family	𐑓𐑨𐑥𐑩𐑤𐑦	fˈæməli	𐑓𐑨𐑥𐑦𐑤𐑦	ˈfæmɪli	high	
farthest	𐑓𐑸𐑞𐑦𐑕𐑑	fɑːRðɪst	𐑓𐑸𐑞𐑩𐑕𐑑	ˈfɑːRðəst	high	
fashionable	𐑓𐑨𐑖𐑯𐑩𐑚𐑩𐑤	fˈæʃnəbəl	𐑓𐑨𐑖𐑩𐑯𐑩𐑚𐑩𐑤	ˈfæʃənəbəl	high	
fastest	𐑓𐑭𐑕𐑑𐑦𐑕𐑑	fˈɑːstɪst	𐑓𐑨𐑕𐑑𐑩𐑕𐑑, 𐑓𐑭𐑕𐑑𐑩𐑕𐑑	ˈfⱭːstəst	high	
favorable	𐑓𐑱𐑝𐑮𐑩𐑚𐑩𐑤	feɪvrəbəl	𐑓𐑱𐑝𐑼𐑩𐑚𐑩𐑤	ˈfeɪvərəbəl	high	
favorite	𐑓𐑱𐑝𐑮𐑦𐑑	feɪvrɪt	𐑓𐑱𐑝𐑼𐑦𐑑	ˈfeɪvərɪt	high	
favorites	𐑓𐑱𐑝𐑮𐑦𐑑𐑕	feɪvrɪts	𐑓𐑱𐑝𐑼𐑦𐑑𐑕	ˈfeɪvərɪts	high	
favourable	𐑓𐑱𐑝𐑮𐑩𐑚𐑩𐑤	feɪvrəbəl	𐑓𐑱𐑝𐑼𐑩𐑚𐑩𐑤	ˈfeɪvərəbəl	high	
favourites	𐑓𐑱𐑝𐑮𐑦𐑑𐑕	feɪvrɪts	𐑓𐑱𐑝𐑼𐑦𐑑𐑕	ˈfeɪvərɪts	high	
features	𐑓𐑰𐑗𐑩𐑟	fiːtʃəz	𐑓𐑰𐑗𐑼𐑟	ˈfiːtʃəRz	medium	r_gap:spelling=1,ipa=0; shave_says:𐑓𐑰𐑗𐑼𐑟
february	𐑓𐑧𐑚𐑘𐑩𐑼𐑦	febjəəri	𐑓𐑧𐑚𐑮𐑫𐑼𐑦	ˈfebruəri	low	ml_disagrees:𐑓𐑧𐑚𐑘𐑫𐑼𐑦; r_gap:spelling=2,ipa=1; shave_says:𐑓𐑧𐑚𐑮𐑵𐑺𐑦
federal	𐑓𐑧𐑛𐑮𐑩𐑤	fedrəl	𐑓𐑧𐑛𐑼𐑩𐑤	ˈfedərəl	high	
feminine	𐑓𐑧𐑥𐑦𐑯𐑦𐑯	fˈemɪnɪn	𐑓𐑧𐑥𐑩𐑯𐑦𐑯	ˈfemənɪn	high	
fertility	𐑓𐑩𐑑𐑦𐑤𐑦𐑑𐑦	fətɪlɪti	𐑓𐑼𐑑𐑦𐑤𐑦𐑑𐑦	fəRˈtɪlɪti	medium	r_gap:spelling=1,ipa=0; shave_says:𐑓𐑼𐑑𐑦𐑤𐑦𐑑𐑦
fewest	𐑓𐑿𐑦𐑕𐑑	fjˈuːɪst	𐑓𐑿𐑩𐑕𐑑	ˈfjuːəst	high	
fiat	𐑓𐑰𐑨𐑑	fˈiːæt	𐑓𐑲𐑨𐑑	ˈfaɪæt	high	
fibres	𐑓𐑲𐑚𐑩𐑟	faɪbəz	𐑓𐑲𐑚𐑼𐑟	ˈfaɪbəRz	medium	r_gap:spelling=1,ipa=0; shave_says:𐑓𐑲𐑚𐑼𐑟
fiery	𐑓𐑽𐑦	fɪəri	𐑓𐑲𐑼𐑦	ˈfaɪəri	high	
figures	𐑓𐑦𐑜𐑩𐑟	fɪɡəz	𐑓𐑦𐑜𐑼𐑟	ˈfɪɡəRz	medium	r_gap:spelling=1,ipa=0; shave_says:𐑓𐑦𐑜𐑼𐑟
fiji	𐑓𐑰𐑡𐑦	fˈiːdʒi	𐑓𐑰𐑡𐑰	ˌfiːˈdʒiː	high	
finance	𐑓𐑦𐑯𐑨𐑯𐑕	fɪnˈæns	𐑓𐑲𐑯𐑨𐑯𐑕	ˈfaɪnæns	high	
finances	𐑓𐑦𐑯𐑨𐑯𐑕𐑩𐑟	fɪnˈænsƏz	𐑓𐑲𐑯𐑨𐑯𐑕𐑩𐑟	ˈfaɪnænsƏz	high	
financial	𐑓𐑦𐑯𐑨𐑯𐑖𐑩𐑤	fɪnˈænʃəl	𐑓𐑲𐑯𐑨𐑯𐑖𐑩𐑤	faɪˈnænʃəl	high	
financially	𐑓𐑦𐑯𐑨𐑯𐑖𐑩𐑤𐑦	fɪnˈænʃəli	𐑓𐑲𐑯𐑨𐑯𐑖𐑩𐑤𐑦	faɪˈnænʃəli	high	
financing	𐑓𐑦𐑯𐑨𐑯𐑕𐑦𐑙	fɪnˈænsɪŋ	𐑓𐑲𐑯𐑨𐑯𐑕𐑦𐑙	ˈfaɪnænsɪŋ	high	
finest	𐑓𐑲𐑯𐑦𐑕𐑑	fˈaɪnɪst	𐑓𐑲𐑯𐑩𐑕𐑑	ˈfaɪnəst	high	
fingernail	𐑓𐑦𐑙𐑜𐑩𐑯𐑱𐑤	fɪŋɡəneɪl	𐑓𐑦𐑙𐑜𐑼𐑯𐑱𐑤	ˌfɪŋɡəRˈneɪl	medium	r_gap:spelling=1,ipa=0; shave_says:𐑓𐑦𐑙𐑜𐑼𐑯𐑱𐑤
fiona	𐑓𐑰𐑴𐑯𐑩	fiːˈəʊnə	𐑓𐑦𐑴𐑯𐑩	fɪˈəʊnə	high	
fireplace	𐑓𐑲𐑩𐑐𐑤𐑱𐑕	faɪəpleɪs	𐑓𐑲𐑼𐑐𐑤𐑱𐑕	ˈfaɪəRpleɪs	medium	r_gap:spelling=1,ipa=0; shave_says:𐑓𐑲𐑼𐑐𐑤𐑱𐑕
fires	𐑓𐑲𐑩𐑟	faɪəz	𐑓𐑲𐑼𐑟	ˈfaɪəRz	medium	r_gap:spelling=1,ipa=0; shave_says:𐑓𐑲𐑼𐑟
fisherman	𐑓𐑦𐑖𐑩𐑥𐑩𐑯	fɪʃəmən	𐑓𐑦𐑖𐑼𐑥𐑩𐑯	ˈfɪʃəRmən	medium	r_gap:spelling=1,ipa=0; shave_says:𐑓𐑦𐑖𐑼𐑥𐑩𐑯
fishermen	𐑓𐑦𐑖𐑩𐑥𐑩𐑯	fɪʃəmən	𐑓𐑦𐑖𐑼𐑥𐑧𐑯	ˈfɪʃəRmen	medium	r_gap:spelling=1,ipa=0; shave_says:𐑓𐑦𐑖𐑼𐑥𐑧𐑯
fitness	𐑓𐑦𐑑𐑯𐑦𐑕	fˈɪtnɪs	𐑓𐑦𐑑𐑯𐑩𐑕	ˈfɪtnəs	high	
fixtures	𐑓𐑦𐑒𐑕𐑗𐑩𐑟	fɪkstʃəz	𐑓𐑦𐑒𐑕𐑗𐑼𐑟	ˈfɪkstʃəRz	medium	r_gap:spelling=1,ipa=0; shave_says:𐑓𐑦𐑒𐑕𐑗𐑼𐑟
flabbergasted	𐑓𐑤𐑨𐑚𐑩𐑜𐑭𐑕𐑑𐑩𐑛	flæbəɡɑːstƏd	𐑓𐑤𐑨𐑚𐑼𐑜𐑨𐑕𐑑𐑩𐑛, 𐑓𐑤𐑨𐑚𐑼𐑜𐑭𐑕𐑑𐑩𐑛	ˈflæbəRɡⱭːstƏd	medium	r_gap:spelling=1,ipa=0; shave_says:𐑓𐑤𐑨𐑚𐑼𐑜𐑭𐑕𐑑𐑩𐑛
flexibility	𐑓𐑤𐑧𐑒𐑕𐑦𐑚𐑦𐑤𐑦𐑑𐑦	flˌeksɪbˈɪlɪti	𐑓𐑤𐑧𐑒𐑕𐑩𐑚𐑦𐑤𐑦𐑑𐑦	ˌfleksəˈbɪlɪti	high	
for	𐑓𐑹	fɔːR	𐑓	F	high	
for	𐑓𐑼	fəR	𐑓	F	high	
forbade	𐑓𐑩𐑚𐑨𐑛	fəbæd	𐑓𐑼𐑚𐑨𐑛	fəRˈbæd	medium	r_gap:spelling=1,ipa=0; shave_says:𐑓𐑼𐑚𐑨𐑛
forbade	𐑓𐑩𐑚𐑱𐑛	fəbeɪd	𐑓𐑼𐑚𐑨𐑛	fəRˈbæd	medium	r_gap:spelling=1,ipa=0; shave_says:𐑓𐑼𐑚𐑨𐑛
forbid	𐑓𐑩𐑚𐑩𐑛	fəbƏd	𐑓𐑼𐑚𐑦𐑛	fəRˈbɪd	medium	r_gap:spelling=1,ipa=0; shave_says:𐑓𐑼𐑚𐑦𐑛
forbidden	𐑓𐑩𐑚𐑦𐑛𐑩𐑯	fəbɪdən	𐑓𐑼𐑚𐑦𐑛𐑩𐑯	fəRˈbɪdən	medium	r_gap:spelling=1,ipa=0; shave_says:𐑓𐑼𐑚𐑦𐑛𐑩𐑯
forecast	𐑓𐑹𐑒𐑸𐑕𐑑	fɔːRkɑːRst	𐑓𐑹𐑒𐑨𐑕𐑑, 𐑓𐑹𐑒𐑭𐑕𐑑	ˈfɔːRkⱭːst	high	
forecasts	𐑓𐑹𐑒𐑸𐑕𐑑𐑕	fɔːRkɑːRsts	𐑓𐑹𐑒𐑨𐑕𐑑𐑕, 𐑓𐑹𐑒𐑭𐑕𐑑𐑕	ˈfɔːRkⱭːsts	high	
forestry	𐑓𐑪𐑮𐑦𐑕𐑑𐑮𐑦	fɒrɪstri	𐑓𐑪𐑮𐑩𐑕𐑑𐑮𐑦	ˈfɒrəstri	high	
forgave	𐑓𐑩𐑜𐑱𐑝	fəɡeɪv	𐑓𐑼𐑜𐑱𐑝	fəRˈɡeɪv	medium	r_gap:spelling=1,ipa=0; shave_says:𐑓𐑼𐑜𐑱𐑝
forget	𐑓𐑩𐑜𐑧𐑑	fəɡet	𐑓𐑼𐑜𐑧𐑑	fəRˈɡet	medium	r_gap:spelling=1,ipa=0; shave_says:𐑓𐑼𐑜𐑧𐑑
forgetting	𐑓𐑩𐑜𐑧𐑑𐑦𐑙	fəɡetɪŋ	𐑓𐑼𐑜𐑧𐑑𐑦𐑙	fəRˈɡetɪŋ	medium	r_gap:spelling=1,ipa=0; shave_says:𐑓𐑼𐑜𐑧𐑑𐑦𐑙
forgive	𐑓𐑩𐑜𐑦𐑝	fəɡɪv	𐑓𐑼𐑜𐑦𐑝	fəRˈɡɪv	medium	r_gap:spelling=1,ipa=0; shave_says:𐑓𐑼𐑜𐑦𐑝
forgiven	𐑓𐑩𐑜𐑦𐑝𐑩𐑯	fəɡɪvən	𐑓𐑼𐑜𐑦𐑝𐑩𐑯	fəRˈɡɪvən	medium	r_gap:spelling=1,ipa=0; shave_says:𐑓𐑼𐑜𐑦𐑝𐑩𐑯
forgiveness	𐑓𐑩𐑜𐑦𐑝𐑯𐑦𐑕	fəɡɪvnɪs	𐑓𐑼𐑜𐑦𐑝𐑯𐑩𐑕	fəRˈɡɪvnəs	medium	r_gap:spelling=1,ipa=0; shave_says:𐑓𐑼𐑜𐑦𐑝𐑯𐑩𐑕
forgot	𐑓𐑩𐑜𐑪𐑑	fəɡɒt	𐑓𐑼𐑜𐑪𐑑	fəRˈɡɒt	medium	r_gap:spelling=1,ipa=0; shave_says:𐑓𐑼𐑜𐑪𐑑
forgotten	𐑓𐑩𐑜𐑪𐑑𐑩𐑯	fəɡɒtən	𐑓𐑼𐑜𐑪𐑑𐑩𐑯	fəRˈɡɒtən	medium	r_gap:spelling=1,ipa=0; shave_says:𐑓𐑼𐑜𐑪𐑑𐑩𐑯
formerly	𐑓𐑹𐑥𐑩𐑤𐑦	fɔːRməli	𐑓𐑹𐑥𐑼𐑤𐑦	ˈfɔːRməRli	medium	r_gap:spelling=2,ipa=1; shave_says:𐑓𐑹𐑥𐑼𐑤𐑦
formulae	𐑓𐑹𐑥𐑘𐑩𐑤𐑦	fɔːRmjəli	𐑓𐑹𐑥𐑘𐑩𐑤𐑰	ˈfɔːRmjəliː	high	
forsake	𐑓𐑩𐑕𐑱𐑒	fəseɪk	𐑓𐑼𐑕𐑱𐑒	fəRˈseɪk	medium	r_gap:spelling=1,ipa=0; shave_says:𐑓𐑹𐑕𐑱𐑒
forsaken	𐑓𐑩𐑕𐑱𐑒𐑩𐑯	fəseɪkən	𐑓𐑼𐑕𐑱𐑒𐑩𐑯	fəRˈseɪkən	medium	r_gap:spelling=1,ipa=0; shave_says:𐑓𐑹𐑕𐑱𐑒𐑩𐑯
forsook	𐑓𐑩𐑕𐑫𐑒	fəsʊk	𐑓𐑼𐑕𐑫𐑒	fəRˈsʊk	medium	r_gap:spelling=1,ipa=0; shave_says:𐑓𐑹𐑕𐑫𐑒
forte	𐑓𐑹𐑑	fɔːRt	𐑓𐑹𐑑𐑱	ˈfɔːRteɪ	high	
fortunately	𐑓𐑹𐑗𐑩𐑯𐑦𐑑𐑤𐑦	fɔːRtʃənɪtli	𐑓𐑹𐑗𐑩𐑯𐑩𐑑𐑤𐑦	ˈfɔːRtʃənətli	high	
fortune	𐑓𐑹𐑗𐑩𐑯	fɔːRtʃən	𐑓𐑹𐑗𐑵𐑯	ˈfɔːRtʃuːn	high	
fortunes	𐑓𐑹𐑗𐑩𐑯𐑟	fɔːRtʃənz	𐑓𐑹𐑗𐑵𐑯𐑟	ˈfɔːRtʃuːnz	high	
forwarding	𐑓𐑹𐑢𐑩𐑛𐑦𐑙	fɔːRwədɪŋ	𐑓𐑹𐑢𐑼𐑛𐑦𐑙	ˈfɔːRwəRdɪŋ	medium	r_gap:spelling=2,ipa=1; shave_says:𐑓𐑹𐑢𐑼𐑛𐑦𐑙
fountain	𐑓𐑬𐑯𐑑𐑦𐑯	fˈaʊntɪn	𐑓𐑬𐑯𐑑𐑩𐑯	ˈfaʊntən	high	
fraudulent	𐑓𐑮𐑷𐑛𐑘𐑩𐑤𐑩𐑯𐑑	frɔːdjələnt	𐑓𐑮𐑷𐑡𐑩𐑤𐑩𐑯𐑑	ˈfrɔːdʒələnt	high	
frederick	𐑓𐑮𐑧𐑛𐑮𐑦𐑒	fredrɪk	𐑓𐑮𐑧𐑛𐑼𐑦𐑒	ˈfredərɪk	high	
friday	𐑓𐑮𐑲𐑛𐑦	fraɪdi	𐑓𐑮𐑲𐑛𐑱	ˈfraɪdeɪ	high	
fridays	𐑓𐑮𐑲𐑛𐑦𐑟	fraɪdiz	𐑓𐑮𐑲𐑛𐑱𐑟	ˈfraɪdeɪz	high	
friendship	𐑓𐑮𐑧𐑯𐑖𐑦𐑐	frenʃɪp	𐑓𐑮𐑧𐑯𐑛𐑖𐑦𐑐	ˈfrendʃɪp	high	
frightening	𐑓𐑮𐑲𐑑𐑯𐑦𐑙	fraɪtnɪŋ	𐑓𐑮𐑲𐑑𐑩𐑯𐑦𐑙	ˈfraɪtənɪŋ	high	
fuel	𐑓𐑘𐑫𐑼𐑤	fjˈʊəl	𐑓𐑿𐑩𐑤	ˈfjuːəl	high	
full-time	𐑓𐑫𐑤𐑑𐑲𐑥	fˈʊltˌaɪm	𐑓𐑫𐑤-𐑑𐑲𐑥	fʊl-ˈtaɪm	high	
furious	𐑓𐑘𐑩𐑼𐑾𐑕	fjəərɪəs	𐑓𐑘𐑫𐑼𐑾𐑕	ˈfjʊərɪəs	high	
furthermore	𐑓𐑻𐑞𐑩𐑥𐑹	fɜːRðəmɔːR	𐑓𐑻𐑞𐑼𐑥𐑹	ˌfɜːRðəRˈmɔːR	medium	r_gap:spelling=3,ipa=2; shave_says:𐑓𐑻𐑞𐑼𐑥𐑹
furthest	𐑓𐑻𐑞𐑦𐑕𐑑	fɜːRðɪst	𐑓𐑻𐑞𐑩𐑕𐑑	ˈfɜːRðəst	high	
fury	𐑓𐑘𐑩𐑼𐑦	fjəəri	𐑓𐑘𐑫𐑼𐑦	ˈfjʊəri	high	
futures	𐑓𐑿𐑗𐑩𐑟	fjuːtʃəz	𐑓𐑿𐑗𐑼𐑟	ˈfjuːtʃəRz	medium	r_gap:spelling=1,ipa=0; shave_says:𐑓𐑿𐑗𐑼𐑟
gadget	𐑜𐑨𐑡𐑦𐑑	ɡˈædʒɪt	𐑜𐑨𐑡𐑩𐑑	ˈɡædʒIt	high	
gadgets	𐑜𐑨𐑡𐑦𐑑𐑕	ɡˈædʒɪts	𐑜𐑨𐑡𐑩𐑑𐑕	ˈɡædʒIts	high	
garage	𐑜𐑨𐑮𐑦𐑡	ɡærɪdʒ	𐑜𐑨𐑮𐑭𐑠	ˈɡærɑːʒ	high	
garage	𐑜𐑨𐑮𐑸𐑠	ɡærɑːRʒ	𐑜𐑨𐑮𐑭𐑠	ˈɡærɑːʒ	high	
garages	𐑜𐑨𐑮𐑦𐑡𐑩𐑟	ɡærɪdʒƏz	𐑜𐑨𐑮𐑭𐑠𐑩𐑟	ˈɡærɑːʒƏz	high	
garages	𐑜𐑨𐑮𐑸𐑠𐑩𐑟	ɡærɑːRʒƏz	𐑜𐑨𐑮𐑭𐑠𐑩𐑟	ˈɡærɑːʒƏz	high	
gardening	𐑜𐑸𐑛𐑩𐑯𐑦𐑙	ɡɑːRdənɪŋ	𐑜𐑸𐑛𐑯𐑦𐑙	ˈɡɑːRdnɪŋ	high	
gareth	𐑜𐑨𐑮𐑦𐑔	ɡærɪθ	𐑜𐑨𐑮𐑩𐑔	ˈɡærəθ	high	
garnet	𐑜𐑸𐑯𐑦𐑑	ɡɑːRnɪt	𐑜𐑸𐑯𐑩𐑑	ˈɡɑːRnIt	high	
geese	𐑜𐑰𐑟	ɡˈiːz	𐑜𐑰𐑕	ɡiːs	high	
general	𐑡𐑧𐑯𐑮𐑩𐑤	dʒenrəl	𐑡𐑧𐑯𐑼𐑩𐑤	ˈdʒenərəl	high	
generally	𐑡𐑧𐑯𐑮𐑩𐑤𐑦	dʒenrəli	𐑡𐑧𐑯𐑼𐑩𐑤𐑦	ˈdʒenərəli	high	
generic	𐑡𐑦𐑯𐑧𐑮𐑦𐑒	dʒənerɪk	𐑡𐑩𐑯𐑧𐑮𐑦𐑒	dʒəˈnerɪk	high	overridden:was=𐑡𐑩𐑯𐑧𐑮𐑦𐑒; shave+ml_consensus
genesis	𐑡𐑧𐑯𐑦𐑕𐑦𐑕	dʒˈenɪsɪs	𐑡𐑧𐑯𐑩𐑕𐑦𐑕	ˈdʒenəsɪs	high	
genetic	𐑡𐑩𐑯𐑧𐑑𐑦𐑒	dʒənˈetɪk	𐑡𐑦𐑯𐑧𐑑𐑦𐑒	dʒɪˈnetɪk	high	ml_disagrees:𐑡𐑦𐑯𐑧𐑑𐑦𐑒; shave_agrees
genetically	𐑡𐑩𐑯𐑧𐑑𐑦𐑒𐑩𐑤𐑦	dʒənˈetɪkəli	𐑡𐑦𐑯𐑧𐑑𐑦𐑒𐑤𐑦	dʒɪˈnetɪkli	medium	ml_disagrees:𐑡𐑦𐑯𐑧𐑑𐑦𐑒𐑩𐑤𐑦; shave_says:𐑡𐑩𐑯𐑧𐑑𐑦𐑒𐑤𐑦
genetics	𐑡𐑩𐑯𐑧𐑑𐑦𐑒𐑕	dʒənˈetɪks	𐑡𐑦𐑯𐑧𐑑𐑦𐑒𐑕	dʒɪˈnetɪks	high	ml_disagrees:𐑡𐑦𐑯𐑧𐑑𐑦𐑒𐑕; shave_agrees
geneva	𐑡𐑦𐑯𐑰𐑝𐑩	dʒɪnˈiːvə	𐑡𐑩𐑯𐑰𐑝𐑩	dʒɪˈniːvə	high	
genius	𐑡𐑰𐑯𐑘𐑩𐑕	dʒˈiːnjəs	𐑡𐑰𐑯𐑾𐑕	ˈdʒiːnɪəs	high	
genre	𐑠𐑪𐑯𐑮𐑼	ʒɒnrəR	𐑠𐑭𐑯𐑮𐑩	ˈʒɑːnrə	high	
genres	𐑠𐑪𐑯𐑮𐑩𐑟	ʒɒnrəz	𐑠𐑭𐑯𐑮𐑩𐑟	ˈʒɑːnrƏz	high	
gentlemen	𐑡𐑧𐑯𐑑𐑩𐑤𐑥𐑩𐑯	dʒˈentəlmən	𐑡𐑧𐑯𐑑𐑩𐑤𐑥𐑧𐑯	ˈdʒentəlmen	high	
genuine	𐑡𐑧𐑯𐑘𐑩𐑦𐑯	dʒˈenjəɪn	𐑡𐑧𐑯𐑘𐑫𐑦𐑯	ˈdʒenjuɪn	high	
genuinely	𐑡𐑧𐑯𐑘𐑩𐑦𐑯𐑤𐑦	dʒˈenjəɪnli	𐑡𐑧𐑯𐑘𐑫𐑦𐑯𐑤𐑦	ˈdʒenjuɪnli	high	
geological	𐑡𐑰𐑩𐑤𐑪𐑡𐑦𐑒𐑩𐑤	dʒˌiːəlˈɒdʒɪkəl	𐑡𐑾𐑤𐑪𐑡𐑦𐑒𐑩𐑤	ˌdʒɪəˈlɒdʒɪkəl	high	
gibraltar	𐑡𐑦𐑚𐑮𐑹𐑤𐑑𐑼	dʒɪbrɔːRltəR	𐑡𐑦𐑚𐑮𐑷𐑤𐑑𐑼	dʒɪˈbrɔːltəR	medium	ml_disagrees:𐑡𐑩𐑚𐑮𐑹𐑤𐑑𐑼; shave_says:𐑡𐑦𐑚𐑮𐑷𐑤𐑑𐑼
gillingham	𐑜𐑦𐑤𐑦𐑙𐑩𐑥	ɡˈɪlɪŋəm	𐑡𐑦𐑤𐑦𐑙𐑩𐑥	ˈdʒɪlɪŋəm	high	
glasgow	𐑜𐑤𐑭𐑟𐑜𐑴	ɡlˈɑːzɡˌəʊ	𐑜𐑤𐑨𐑟𐑜𐑴	ˈɡlæzɡəʊ	high	
glorious	𐑜𐑤𐑪𐑮𐑾𐑕	ɡlɒrɪəs	𐑜𐑤𐑹𐑾𐑕	ˈɡlɔːrɪəs	high	
glory	𐑜𐑤𐑪𐑮𐑦	ɡlɒri	𐑜𐑤𐑹𐑦	ˈɡlɔːri	high	
glucose	𐑜𐑤𐑵𐑒𐑴𐑟	ɡlˈuːkˌəʊz	𐑜𐑤𐑵𐑒𐑴𐑕	ˈɡluːkəʊs	high	
gnu	𐑜𐑩𐑯𐑵	ɡənˈuː	𐑯𐑵	nuː	high	
gnu	𐑯𐑿	njˈuː	𐑯𐑵	nuː	high	
goatee	𐑜𐑴𐑑𐑦	ɡˈəʊti	𐑜𐑴𐑑𐑰	ɡəʊˈtiː	high	
goddess	𐑜𐑪𐑛𐑩𐑕	ɡˈɒdəs	𐑜𐑪𐑛𐑧𐑕	ˈɡɒdes	high	
governance	𐑜𐑳𐑝𐑩𐑯𐑩𐑯𐑕	ɡʌvənəns	𐑜𐑳𐑝𐑼𐑯𐑩𐑯𐑕	ˈɡʌvəRnəns	medium	r_gap:spelling=1,ipa=0; shave_says:𐑜𐑳𐑝𐑼𐑯𐑩𐑯𐑕
governing	𐑜𐑳𐑝𐑩𐑯𐑦𐑙	ɡʌvənɪŋ	𐑜𐑳𐑝𐑼𐑯𐑦𐑙	ˈɡʌvəRnɪŋ	medium	r_gap:spelling=1,ipa=0; shave_says:𐑜𐑳𐑝𐑼𐑯𐑦𐑙
government	𐑜𐑳𐑝𐑩𐑥𐑩𐑯𐑑	ɡʌvəmənt	𐑜𐑳𐑝𐑼𐑯𐑥𐑩𐑯𐑑	ˈɡʌvəRnmənt	medium	r_gap:spelling=1,ipa=0; shave_says:𐑜𐑳𐑝𐑼𐑯𐑥𐑩𐑯𐑑
government	𐑜𐑳𐑝𐑩𐑯𐑥𐑩𐑯𐑑	ɡʌvənmənt	𐑜𐑳𐑝𐑼𐑯𐑥𐑩𐑯𐑑	ˈɡʌvəRnmənt	medium	r_gap:spelling=1,ipa=0; shave_says:𐑜𐑳𐑝𐑼𐑯𐑥𐑩𐑯𐑑
governmental	𐑜𐑳𐑝𐑩𐑥𐑧𐑯𐑑𐑩𐑤	ɡʌvəmentəl	𐑜𐑳𐑝𐑼𐑯𐑥𐑧𐑯𐑑𐑩𐑤	ˌɡʌvəRnˈmentəl	medium	r_gap:spelling=1,ipa=0; shave_says:𐑜𐑳𐑝𐑼𐑯𐑥𐑧𐑯𐑑𐑩𐑤
governmental	𐑜𐑳𐑝𐑩𐑯𐑥𐑧𐑯𐑑𐑩𐑤	ɡʌvənmentəl	𐑜𐑳𐑝𐑼𐑯𐑥𐑧𐑯𐑑𐑩𐑤	ˌɡʌvəRnˈmentəl	medium	r_gap:spelling=1,ipa=0; shave_says:𐑜𐑳𐑝𐑼𐑯𐑥𐑧𐑯𐑑𐑩𐑤
governments	𐑜𐑳𐑝𐑩𐑥𐑩𐑯𐑑𐑕	ɡʌvəmənts	𐑜𐑳𐑝𐑼𐑯𐑥𐑩𐑯𐑑𐑕	ˈɡʌvəRnmənts	medium	r_gap:spelling=1,ipa=0; shave_says:𐑜𐑳𐑝𐑼𐑯𐑥𐑩𐑯𐑑𐑕
governments	𐑜𐑳𐑝𐑩𐑯𐑥𐑩𐑯𐑑𐑕	ɡʌvənmənts	𐑜𐑳𐑝𐑼𐑯𐑥𐑩𐑯𐑑𐑕	ˈɡʌvəRnmənts	medium	r_gap:spelling=1,ipa=0; shave_says:𐑜𐑳𐑝𐑼𐑯𐑥𐑩𐑯𐑑𐑕
governor	𐑜𐑳𐑝𐑩𐑯𐑼	ɡʌvənəR	𐑜𐑳𐑝𐑼𐑯𐑼	ˈɡʌvəRnəR	medium	r_gap:spelling=2,ipa=1; shave_says:𐑜𐑳𐑝𐑼𐑯𐑼
governors	𐑜𐑳𐑝𐑩𐑯𐑼𐑟	ɡʌvənəRz	𐑜𐑳𐑝𐑼𐑯𐑼𐑟	ˈɡʌvəRnəRz	medium	r_gap:spelling=2,ipa=1; shave_says:𐑜𐑳𐑝𐑼𐑯𐑼𐑟
gradual	𐑜𐑮𐑨𐑛𐑘𐑩𐑼𐑤	ɡrædjəəRl	𐑜𐑮𐑨𐑡𐑫𐑩𐑤	ˈɡrædʒuəl	medium	ml_disagrees:𐑜𐑮𐑨𐑡𐑫𐑼𐑤; shave_says:𐑜𐑮𐑨𐑡𐑵𐑩𐑤
gradually	𐑜𐑮𐑨𐑛𐑘𐑩𐑤𐑦	ɡrædjəli	𐑜𐑮𐑨𐑡𐑫𐑩𐑤𐑦	ˈɡrædʒuəli	high	
gradually	𐑜𐑮𐑨𐑛𐑘𐑩𐑼𐑤𐑦	ɡrædjəəRli	𐑜𐑮𐑨𐑡𐑫𐑩𐑤𐑦	ˈɡrædʒuəli	medium	ml_disagrees:𐑜𐑮𐑨𐑡𐑫𐑼𐑤𐑦; shave_says:𐑜𐑮𐑨𐑡𐑵𐑤𐑦
graduate	𐑜𐑮𐑨𐑛𐑘𐑩𐑱𐑑	ɡrædjəeɪt	𐑜𐑮𐑨𐑡𐑫𐑩𐑑, 𐑜𐑮𐑨𐑡𐑫𐑱𐑑	ˈɡrædʒuət	medium	ml_disagrees:𐑜𐑮𐑨𐑛𐑘𐑫𐑱𐑑; shave_says:𐑜𐑮𐑨𐑡𐑵𐑩𐑑
graduate	𐑜𐑮𐑨𐑛𐑘𐑩𐑼𐑑	ɡrædjəəRt	𐑜𐑮𐑨𐑡𐑫𐑩𐑑, 𐑜𐑮𐑨𐑡𐑫𐑱𐑑	ˈɡrædʒuət	medium	ml_disagrees:𐑜𐑮𐑨𐑡𐑫𐑼𐑑; shave_says:𐑜𐑮𐑨𐑡𐑵𐑩𐑑
graduated	𐑜𐑮𐑨𐑛𐑘𐑩𐑱𐑑𐑩𐑛	ɡrædjəeɪtƏd	𐑜𐑮𐑨𐑡𐑫𐑱𐑑𐑩𐑛	ˈɡrædʒueɪtƏd	medium	ml_disagrees:𐑜𐑮𐑨𐑛𐑘𐑫𐑱𐑑𐑩𐑛; shave_says:𐑜𐑮𐑨𐑡𐑵𐑱𐑑𐑩𐑛
graduates	𐑜𐑮𐑨𐑛𐑘𐑩𐑱𐑑𐑕	ɡrædjəeɪts	𐑜𐑮𐑨𐑡𐑫𐑩𐑑𐑕, 𐑜𐑮𐑨𐑡𐑫𐑱𐑑𐑕	ˈɡrædʒuəts	medium	ml_disagrees:𐑜𐑮𐑨𐑛𐑘𐑫𐑱𐑑𐑕; shave_says:𐑜𐑮𐑨𐑡𐑵𐑩𐑑𐑕
graduates	𐑜𐑮𐑨𐑛𐑘𐑩𐑼𐑑𐑕	ɡrædjəəRts	𐑜𐑮𐑨𐑡𐑫𐑩𐑑𐑕, 𐑜𐑮𐑨𐑡𐑫𐑱𐑑𐑕	ˈɡrædʒuəts	medium	ml_disagrees:𐑜𐑮𐑨𐑡𐑫𐑼𐑑𐑕; shave_says:𐑜𐑮𐑨𐑡𐑵𐑩𐑑𐑕
graduation	𐑜𐑮𐑨𐑛𐑘𐑩𐑱𐑖𐑩𐑯	ɡrædjəeɪʃən	𐑜𐑮𐑨𐑡𐑫𐑱𐑖𐑩𐑯	ˌɡrædʒuˈeɪʃən	medium	ml_disagrees:𐑜𐑮𐑨𐑛𐑘𐑫𐑱𐑖𐑩𐑯; shave_says:𐑜𐑮𐑨𐑡𐑵𐑱𐑖𐑩𐑯
graffiti	𐑜𐑮𐑨𐑓𐑰𐑑𐑦	ɡræfiːti	𐑜𐑮𐑩𐑓𐑰𐑑𐑦	ɡrəˈfiːti	high	
grandchildren	𐑜𐑮𐑨𐑯𐑛𐑗𐑦𐑤𐑛𐑮𐑩𐑯	ɡrændtʃɪldrən	𐑜𐑮𐑨𐑯𐑗𐑦𐑤𐑛𐑮𐑩𐑯	ˈɡræntʃɪldrən	high	
grande	𐑜𐑮𐑨𐑯𐑛𐑦	ɡrændi	𐑜𐑮𐑨𐑯𐑛	ɡrænd	high	
grande	𐑜𐑮𐑨𐑯𐑛𐑱	ɡrændeɪ	𐑜𐑮𐑨𐑯𐑛	ɡrænd	high	
grandfather	𐑜𐑮𐑨𐑯𐑓𐑭𐑞𐑼	ɡrænfɑːðəR	𐑜𐑮𐑨𐑯𐑛𐑓𐑭𐑞𐑼	ˈɡrændfɑːðəR	high	
grandma	𐑜𐑮𐑨𐑥𐑥𐑭	ɡræmmɑː	𐑜𐑮𐑨𐑯𐑛𐑥𐑭	ˈɡrændmɑː	high	
grandma	𐑜𐑮𐑨𐑯𐑥𐑭	ɡrænmɑː	𐑜𐑮𐑨𐑯𐑛𐑥𐑭	ˈɡrændmɑː	high	
grandmother	𐑜𐑮𐑨𐑯𐑥𐑳𐑞𐑼	ɡrænmʌðəR	𐑜𐑮𐑨𐑯𐑛𐑥𐑳𐑞𐑼	ˈɡrændmʌðəR	high	
grandpa	𐑜𐑮𐑨𐑥𐑐𐑭	ɡræmpɑː	𐑜𐑮𐑨𐑯𐑛𐑐𐑭	ˈɡrændpɑː	high	
grandpa	𐑜𐑮𐑨𐑯𐑐𐑭	ɡrænpɑː	𐑜𐑮𐑨𐑯𐑛𐑐𐑭	ˈɡrændpɑː	high	
grandson	𐑜𐑮𐑨𐑯𐑕𐑳𐑯	ɡrænsʌn	𐑜𐑮𐑨𐑯𐑛𐑕𐑳𐑯	ˈɡrændsʌn	high	
graph	𐑜𐑮𐑭𐑓	ɡrɑːf	𐑜𐑮𐑨𐑓	ɡræf	high	ml_disagrees:𐑜𐑮ɑ𐑨𐑓; shave_agrees
graphs	𐑜𐑮𐑭𐑓𐑕	ɡrɑːfs	𐑜𐑮𐑨𐑓𐑕	ɡræfs	high	
greasy	𐑜𐑮𐑰𐑟𐑦	ɡriːzi	𐑜𐑮𐑰𐑕𐑦	ˈɡriːsi	high	
greenwich	𐑜𐑮𐑦𐑯𐑦𐑡	ɡrɪnɪdʒ	𐑜𐑮𐑧𐑯𐑦𐑗	ˈɡrenɪtʃ	high	
growling	𐑜𐑮𐑴𐑤𐑦𐑙	ɡrəʊlɪŋ	𐑜𐑮𐑬𐑤𐑦𐑙	ˈɡraʊlɪŋ	high	
had	𐑣𐑩𐑛	həd	𐑣𐑨𐑛	hæd	high	
hallelujah	𐑣𐑨𐑤𐑩𐑤𐑵𐑘𐑩	hˌæləlˈuːjə	𐑣𐑨𐑤𐑦𐑤𐑵𐑘𐑩	ˌhælɪˈluːjə	high	
halloween	𐑣𐑨𐑤𐑩𐑢𐑰𐑯	hˌæləwˈiːn	𐑣𐑨𐑤𐑴𐑰𐑯	ˌhæləʊˈiːn	high	
halt	𐑣𐑪𐑤𐑑	hˈɒlt	𐑣𐑷𐑤𐑑	hɔːlt	high	
hamlet	𐑣𐑨𐑥𐑤𐑦𐑑	hˈæmlɪt	𐑣𐑨𐑥𐑤𐑩𐑑	ˈhæmlət	high	
hamlets	𐑣𐑨𐑥𐑤𐑦𐑑𐑕	hˈæmlɪts	𐑣𐑨𐑥𐑤𐑩𐑑𐑕	ˈhæmləts	high	
hammersmith	𐑣𐑨𐑥𐑩𐑕𐑥𐑦𐑔	hæməsmɪθ	𐑣𐑨𐑥𐑼𐑕𐑥𐑦𐑔	ˈhæməRsmɪθ	medium	r_gap:spelling=1,ipa=0; shave_says:𐑣𐑨𐑥𐑼𐑕𐑥𐑦𐑔
hampshire	𐑣𐑨𐑥𐑐𐑖𐑽	hæmpʃɪəR	𐑣𐑨𐑥𐑐𐑖𐑼	ˈhæmpʃəR	high	
handkerchief	𐑣𐑨𐑙𐑒𐑩𐑗𐑦𐑓	hæŋkətʃɪf	𐑣𐑨𐑙𐑒𐑼𐑗𐑦𐑓	ˈhæŋkəRtʃɪf	medium	r_gap:spelling=1,ipa=0; shave_says:𐑣𐑨𐑙𐑒𐑼𐑗𐑦𐑓
handkerchief	𐑣𐑨𐑙𐑒𐑩𐑗𐑰𐑓	hæŋkətʃiːf	𐑣𐑨𐑙𐑒𐑼𐑗𐑦𐑓	ˈhæŋkəRtʃɪf	medium	r_gap:spelling=1,ipa=0; shave_says:𐑣𐑨𐑙𐑒𐑼𐑗𐑦𐑓
handmade	𐑣𐑨𐑯𐑥𐑱𐑛	hˌænmˈeɪd	𐑣𐑨𐑯𐑛𐑥𐑱𐑛	hændˈmeɪd	high	
handsome	𐑣𐑨𐑯𐑕𐑩𐑥	hˈænsəm	𐑣𐑨𐑯𐑛𐑕𐑩𐑥	ˈhændsəm	high	
happening	𐑣𐑨𐑐𐑯𐑦𐑙	hˈæpnɪŋ	𐑣𐑨𐑐𐑩𐑯𐑦𐑙	ˈhæpənɪŋ	high	
happier	𐑣𐑨𐑐𐑽	hæpɪəR	𐑣𐑨𐑐𐑦𐑼	ˈhæpɪəR	high	
harass	𐑣𐑨𐑮𐑩𐑕	hærəs	𐑣𐑼𐑨𐑕	həˈræs	high	
harassment	𐑣𐑨𐑮𐑩𐑕𐑥𐑩𐑯𐑑	hærəsmənt	𐑣𐑼𐑨𐑕𐑥𐑩𐑯𐑑	həˈræsmənt	high	
harrogate	𐑣𐑨𐑮𐑩𐑜𐑦𐑑	hærəɡɪt	𐑣𐑨𐑮𐑩𐑜𐑩𐑑	ˈhærəɡIt	medium	r_gap:spelling=2,ipa=1; shave_says:𐑣𐑨𐑮𐑩𐑜𐑩𐑑
hartlepool	𐑣𐑸𐑑𐑤𐑐𐑵𐑤	hɑːRtlpuːl	𐑣𐑸𐑑𐑤𐑦𐑐𐑵𐑤	ˈhɑːRtlɪpuːl	high	
has	𐑣𐑩𐑟	həz	𐑣𐑨𐑟	hæz	high	
hasten	𐑣𐑱𐑕𐑑𐑩𐑯	hˈeɪstən	𐑣𐑱𐑕𐑩𐑯	ˈheɪsən	high	
have	𐑣𐑩𐑝	həv	𐑣𐑨𐑝	hæv	high	
haverhill	𐑣𐑨𐑝𐑮𐑩𐑤	hævrəl	𐑣𐑱𐑝𐑼𐑦𐑤	ˈheɪvərɪl	high	
hawaii	𐑣𐑩𐑢𐑨𐑰	həwˈaiː	𐑣𐑩𐑢𐑲𐑰	həˈwaɪiː	high	
hawick	𐑣𐑶𐑒	hˈɔɪk	𐑣𐑷𐑦𐑒	ˈhɔːɪk	high	
hazardous	𐑣𐑨𐑟𐑩𐑛𐑩𐑕	hæzədəs	𐑣𐑨𐑟𐑼𐑛𐑩𐑕	ˈhæzəRdəs	medium	r_gap:spelling=1,ipa=0; shave_says:𐑣𐑨𐑟𐑼𐑛𐑩𐑕
heavier	𐑣𐑧𐑝𐑽	hevɪəR	𐑣𐑧𐑝𐑦𐑼	ˈhevɪəR	high	
hectare	𐑣𐑧𐑒𐑑𐑸	hektɑːR	𐑣𐑧𐑒𐑑𐑺	ˈhekteəR	high	
hectares	𐑣𐑧𐑒𐑑𐑸𐑟	hektɑːRz	𐑣𐑧𐑒𐑑𐑺𐑟	ˈhekteəRz	high	
heinous	𐑣𐑰𐑯𐑩𐑕	hˈiːnəs	𐑣𐑱𐑯𐑩𐑕	ˈheɪnəs	high	
hello	𐑣𐑩𐑤𐑴	həlˈəʊ	𐑣𐑧𐑤𐑴	heˈləʊ	high	
helmet	𐑣𐑧𐑤𐑥𐑦𐑑	hˈelmɪt	𐑣𐑧𐑤𐑥𐑩𐑑	ˈhelmət	high	
hereford	𐑣𐑧𐑮𐑦𐑓𐑼𐑛	herɪfəRd	𐑣𐑧𐑮𐑩𐑓𐑼𐑛	ˈherəfəRd	high	
herefordshire	𐑣𐑧𐑮𐑦𐑓𐑩𐑛𐑖𐑼	herɪfədʃəR	𐑣𐑧𐑮𐑩𐑓𐑼𐑛𐑖𐑼	ˈherəfəRdʃəR	medium	r_gap:spelling=3,ipa=2; shave_says:𐑣𐑧𐑮𐑦𐑓𐑼𐑛𐑖𐑼
hertfordshire	𐑣𐑸𐑑𐑓𐑩𐑛𐑖𐑼	hɑːRtfədʃəR	𐑣𐑸𐑑𐑓𐑼𐑛𐑖𐑼	ˈhɑːRtfəRdʃəR	medium	r_gap:spelling=3,ipa=2; shave_says:𐑣𐑻𐑑𐑓𐑼𐑛𐑖𐑼
heuristic	𐑣𐑿𐑮𐑦𐑕𐑑𐑦𐑒	hjuːrɪstɪk	𐑣𐑘𐑫𐑼𐑦𐑕𐑑𐑦𐑒	hjʊəˈrɪstɪk	high	
hi-fi	𐑣𐑲𐑓𐑲	hˈaɪfˌaɪ	𐑣𐑲-𐑓𐑲	ˌhaɪ-ˈfaɪ	high	
highest	𐑣𐑲𐑦𐑕𐑑	hˈaɪɪst	𐑣𐑲𐑩𐑕𐑑	ˈhaɪəst	high	
him	𐑦𐑥	ɪm	𐑣𐑦𐑥	hɪm	high	
hiring	𐑣𐑲𐑮𐑦𐑙	haɪrɪŋ	𐑣𐑲𐑼𐑦𐑙	ˈhaɪərɪŋ	high	
his	𐑣𐑩𐑟	hƏz	𐑣𐑦𐑟	hɪz	high	
historically	𐑣𐑦𐑕𐑑𐑪𐑮𐑦𐑒𐑩𐑤𐑦	hɪstɒrɪkəli	𐑣𐑦𐑕𐑑𐑪𐑮𐑦𐑒𐑤𐑦	hɪˈstɒrɪkli	high	
histories	𐑣𐑦𐑕𐑑𐑮𐑦𐑟	hɪstriz	𐑣𐑦𐑕𐑑𐑼𐑦𐑟	ˈhɪstəriz	high	
history	𐑣𐑦𐑕𐑑𐑮𐑦	hɪstri	𐑣𐑦𐑕𐑑𐑼𐑦	ˈhɪstəri	high	
hitherto	𐑣𐑦𐑞𐑩𐑑𐑵	hɪðətuː	𐑣𐑦𐑞𐑼𐑑𐑵	ˌhɪðəRˈtuː	medium	r_gap:spelling=1,ipa=0; shave_says:𐑣𐑦𐑞𐑼𐑑𐑵
hm	𐑣𐑥	hm	𐑱𐑗𐑧𐑥	ˌeɪˈtʃem	high	
homeless	𐑣𐑴𐑥𐑤𐑦𐑕	hˈəʊmlɪs	𐑣𐑴𐑥𐑤𐑩𐑕	ˈhəʊmləs	high	
homogeneity	𐑣𐑪𐑥𐑩𐑡𐑦𐑯𐑰𐑦𐑑𐑦	hˌɒmədʒɪnˈiːɪti	𐑣𐑴𐑥𐑴𐑡𐑩𐑯𐑱𐑦𐑑𐑦	ˌhəʊməʊdʒəˈneɪɪti	high	
homogeneity	𐑣𐑪𐑥𐑩𐑡𐑦𐑯𐑱𐑦𐑑𐑦	hˌɒmədʒɪnˈeɪɪti	𐑣𐑴𐑥𐑴𐑡𐑩𐑯𐑱𐑦𐑑𐑦	ˌhəʊməʊdʒəˈneɪɪti	high	
homogeneity	𐑣𐑴𐑥𐑩𐑡𐑦𐑯𐑰𐑦𐑑𐑦	hˌəʊmədʒɪnˈiːɪti	𐑣𐑴𐑥𐑴𐑡𐑩𐑯𐑱𐑦𐑑𐑦	ˌhəʊməʊdʒəˈneɪɪti	high	
homogeneity	𐑣𐑴𐑥𐑴𐑡𐑦𐑯𐑱𐑦𐑑𐑦	hˌəʊməʊdʒɪnˈeɪɪti	𐑣𐑴𐑥𐑴𐑡𐑩𐑯𐑱𐑦𐑑𐑦	ˌhəʊməʊdʒəˈneɪɪti	high	
homosexual	𐑣𐑪𐑥𐑴𐑕𐑧𐑒𐑖𐑫𐑼𐑤	hˌɒməʊsˈekʃʊəl	𐑣𐑴𐑥𐑴𐑕𐑧𐑒𐑖𐑫𐑩𐑤	ˌhəʊməʊˈsekʃuəl	medium	ml_disagrees:𐑣𐑪𐑥𐑴𐑕𐑧𐑒𐑖𐑫𐑩𐑤; shave_says:𐑣𐑴𐑥𐑴𐑕𐑧𐑒𐑖𐑵𐑩𐑤
homosexual	𐑣𐑴𐑥𐑴𐑕𐑧𐑒𐑖𐑫𐑼𐑤	hˌəʊməʊsˈekʃʊəl	𐑣𐑴𐑥𐑴𐑕𐑧𐑒𐑖𐑫𐑩𐑤	ˌhəʊməʊˈsekʃuəl	medium	ml_disagrees:𐑣𐑴𐑥𐑴𐑕𐑧𐑒𐑖𐑫𐑩𐑤; shave_says:𐑣𐑴𐑥𐑴𐑕𐑧𐑒𐑖𐑵𐑩𐑤
honduras	𐑣𐑪𐑯𐑛𐑘𐑩𐑼𐑩𐑕	hɒndjəərəs	𐑣𐑪𐑯𐑛𐑘𐑫𐑼𐑩𐑕	hɒnˈdjʊərəs	medium	ml_disagrees:𐑣𐑪𐑯𐑛𐑘𐑫𐑼𐑩𐑕; shave_says:𐑣𐑪𐑯𐑛𐑻𐑩𐑕
hooray	𐑣𐑫𐑮𐑱	hʊreɪ	𐑣𐑼𐑱	həˈreɪ	high	
horrendous	𐑣𐑪𐑮𐑧𐑯𐑛𐑩𐑕	hɒrendəs	𐑣𐑼𐑧𐑯𐑛𐑩𐑕	həˈrendəs	medium	r_gap:spelling=2,ipa=1; shave_says:𐑣𐑼𐑧𐑯𐑛𐑩𐑕
horrible	𐑣𐑪𐑮𐑦𐑚𐑩𐑤	hɒrɪbəl	𐑣𐑪𐑮𐑩𐑚𐑩𐑤	ˈhɒrəbəl	high	r_gap:spelling=2,ipa=1; shave_agrees
hottest	𐑣𐑪𐑑𐑦𐑕𐑑	hˈɒtɪst	𐑣𐑪𐑑𐑩𐑕𐑑	ˈhɒtəst	high	
hovercraft	𐑣𐑪𐑝𐑩𐑒𐑮𐑭𐑓𐑑	hɒvəkrɑːft	𐑣𐑪𐑝𐑼𐑒𐑮𐑨𐑓𐑑, 𐑣𐑪𐑝𐑼𐑒𐑮𐑭𐑓𐑑	ˈhɒvəRkrⱭːft	medium	r_gap:spelling=2,ipa=1; shave_says:𐑣𐑪𐑝𐑼𐑒𐑮𐑭𐑓𐑑
huddersfield	𐑣𐑳𐑛𐑩𐑟𐑓𐑰𐑤𐑛	hʌdəzfiːld	𐑣𐑳𐑛𐑼𐑕𐑓𐑰𐑤𐑛	ˈhʌdəRsfiːld	medium	r_gap:spelling=1,ipa=0; shave_says:𐑣𐑳𐑛𐑼𐑟𐑓𐑰𐑤𐑛
humid	𐑣𐑿𐑥𐑩𐑛	hjˈuːmƏd	𐑣𐑿𐑥𐑦𐑛	ˈhjuːmɪd	high	
hurricane	𐑣𐑳𐑮𐑦𐑒𐑩𐑯	hʌrɪkən	𐑣𐑳𐑮𐑦𐑒𐑱𐑯	ˈhʌrɪkeɪn	medium	r_gap:spelling=2,ipa=1; shave_says:𐑣𐑳𐑮𐑦𐑒𐑱𐑯
hydraulic	𐑣𐑲𐑛𐑮𐑪𐑤𐑦𐑒	haɪdrɒlɪk	𐑣𐑲𐑛𐑮𐑷𐑤𐑦𐑒	haɪˈdrɔːlɪk	high	
hypothetical	𐑣𐑲𐑐𐑩𐑔𐑧𐑑𐑦𐑒𐑩𐑤	hˌaɪpəθˈetɪkəl	𐑣𐑲𐑐𐑴𐑔𐑧𐑑𐑦𐑒𐑩𐑤	ˌhaɪpəʊˈθetɪkəl	high	
ian	𐑰𐑩𐑯	ˈiːən	𐑾𐑯	ˈɪən	high	
ice-cream	𐑲𐑕𐑒𐑮𐑰𐑥	aɪskriːm	𐑲𐑕-𐑒𐑮𐑰𐑥	aɪs-ˈkriːm	high	
illness	𐑦𐑤𐑯𐑦𐑕	ˈɪlnɪs	𐑦𐑤𐑯𐑩𐑕	ˈɪlnəs	high	
imagery	𐑦𐑥𐑦𐑡𐑮𐑦	ɪmɪdʒri	𐑦𐑥𐑦𐑡𐑼𐑦	ˈɪmɪdʒəri	high	
immunology	𐑦𐑥𐑿𐑯𐑪𐑤𐑩𐑡𐑦	ˌɪmjuːnˈɒlədʒi	𐑦𐑥𐑘𐑩𐑯𐑪𐑤𐑩𐑡𐑦	ˌɪmjəˈnɒlədʒi	high	
impasse	𐑦𐑥𐑐𐑭𐑕	ɪmpˈɑːs	𐑦𐑥𐑐𐑨𐑕	ˈɪmpæs	high	
impasse	𐑨𐑥𐑐𐑭𐑕	æmpˈɑːs	𐑦𐑥𐑐𐑨𐑕	ˈɪmpæs	high	
inadequate	𐑦𐑯𐑨𐑛𐑦𐑒𐑢𐑦𐑑	ɪnˈædɪkwɪt	𐑦𐑯𐑨𐑛𐑦𐑒𐑢𐑩𐑑	ɪnˈædɪkwət	high	
incarnate	𐑦𐑯𐑒𐑸𐑯𐑦𐑑	ɪnkɑːRnɪt	𐑦𐑯𐑒𐑸𐑯𐑩𐑑, 𐑦𐑯𐑒𐑸𐑯𐑱𐑑	ɪnˈkɑːRnət	high	
incidentally	𐑦𐑯𐑕𐑦𐑛𐑧𐑯𐑑𐑤𐑦	ˌɪnsɪdˈentli	𐑦𐑯𐑕𐑦𐑛𐑧𐑯𐑑𐑩𐑤𐑦	ˌɪnsɪˈdentəli	high	
incongruous	𐑦𐑯𐑒𐑪𐑙𐑜𐑮𐑫𐑼𐑕	ɪnkɒŋɡrʊəRs	𐑦𐑯𐑒𐑪𐑙𐑜𐑮𐑫𐑩𐑕	ɪnˈkɒŋɡruəs	high	
incorporate	𐑦𐑯𐑒𐑹𐑐𐑼𐑦𐑑	ɪnkɔːRpərɪt	𐑦𐑯𐑒𐑹𐑐𐑼𐑩𐑑, 𐑦𐑯𐑒𐑹𐑐𐑼𐑱𐑑	ɪnˈkɔːRpərət	medium	ml_disagrees:𐑦𐑯𐑒𐑹𐑐𐑼𐑩𐑑; shave_says:𐑦𐑯𐑒𐑹𐑐𐑼𐑱𐑑
incredible	𐑦𐑯𐑒𐑮𐑧𐑛𐑦𐑚𐑩𐑤	ɪnkredɪbəl	𐑦𐑯𐑒𐑮𐑧𐑛𐑩𐑚𐑩𐑤	ɪnˈkredəbəl	high	
incredibly	𐑦𐑯𐑒𐑮𐑧𐑛𐑦𐑚𐑤𐑦	ɪnkredɪbli	𐑦𐑯𐑒𐑮𐑧𐑛𐑩𐑚𐑤𐑦	ɪnˈkredəbli	high	
indifference	𐑦𐑯𐑛𐑦𐑓𐑮𐑩𐑯𐑕	ɪndɪfrəns	𐑦𐑯𐑛𐑦𐑓𐑼𐑩𐑯𐑕	ɪnˈdɪfərəns	high	
indifferent	𐑦𐑯𐑛𐑦𐑓𐑮𐑩𐑯𐑑	ɪndɪfrənt	𐑦𐑯𐑛𐑦𐑓𐑼𐑩𐑯𐑑	ɪnˈdɪfərənt	high	
indigenous	𐑦𐑯𐑛𐑦𐑡𐑩𐑯𐑩𐑕	ɪndˈɪdʒənəs	𐑦𐑯𐑛𐑦𐑡𐑦𐑯𐑩𐑕	ɪnˈdɪdʒɪnəs	high	
indirect	𐑦𐑯𐑛𐑲𐑮𐑧𐑒𐑑	ɪndaɪrekt	𐑦𐑯𐑛𐑦𐑮𐑧𐑒𐑑	ˌɪndɪˈrekt	high	
indirectly	𐑦𐑯𐑛𐑲𐑮𐑧𐑒𐑑𐑤𐑦	ɪndaɪrektli	𐑦𐑯𐑛𐑦𐑮𐑧𐑒𐑑𐑤𐑦	ˌɪndɪˈrektli	high	
indiscriminate	𐑦𐑯𐑛𐑦𐑕𐑒𐑮𐑦𐑥𐑦𐑯𐑦𐑑	ɪndɪskrɪmɪnɪt	𐑦𐑯𐑛𐑦𐑕𐑒𐑮𐑦𐑥𐑦𐑯𐑩𐑑	ˌɪndɪˈskrɪmɪnət	high	
individual	𐑦𐑯𐑛𐑦𐑝𐑦𐑛𐑘𐑩𐑩𐑤	ˌɪndɪvˈɪdjəəl	𐑦𐑯𐑛𐑦𐑝𐑦𐑡𐑫𐑩𐑤	ˌɪndɪˈvɪdʒuəl	medium	ml_disagrees:𐑦𐑯𐑛𐑦𐑝𐑦𐑡𐑫𐑩𐑤; shave_says:𐑦𐑯𐑛𐑦𐑝𐑦𐑡𐑵𐑩𐑤
individually	𐑦𐑯𐑛𐑦𐑝𐑦𐑛𐑘𐑩𐑩𐑤𐑦	ˌɪndɪvˈɪdjəəli	𐑦𐑯𐑛𐑦𐑝𐑦𐑡𐑫𐑩𐑤𐑦	ˌɪndɪˈvɪdʒuəli	medium	ml_disagrees:𐑦𐑯𐑛𐑦𐑝𐑦𐑡𐑫𐑩𐑤𐑦; shave_says:𐑦𐑯𐑛𐑦𐑝𐑦𐑡𐑵𐑤𐑦
individuals	𐑦𐑯𐑛𐑦𐑝𐑦𐑛𐑘𐑩𐑩𐑤𐑟	ˌɪndɪvˈɪdjəəlz	𐑦𐑯𐑛𐑦𐑝𐑦𐑡𐑫𐑩𐑤𐑟	ˌɪndɪˈvɪdʒuəlz	medium	ml_disagrees:𐑦𐑯𐑛𐑦𐑝𐑦𐑡𐑫𐑩𐑤𐑟; shave_says:𐑦𐑯𐑛𐑦𐑝𐑦𐑡𐑵𐑩𐑤𐑟
indonesian	𐑦𐑯𐑛𐑴𐑯𐑰𐑠𐑩𐑯	ˌɪndəʊnˈiːʒən	𐑦𐑯𐑛𐑩𐑯𐑰𐑠𐑩𐑯	ˌɪndəˈniːʒən	high	
inference	𐑦𐑯𐑓𐑮𐑩𐑯𐑕	ɪnfrəns	𐑦𐑯𐑓𐑼𐑩𐑯𐑕	ˈɪnfərəns	high	
influence	𐑦𐑯𐑓𐑤𐑫𐑼𐑯𐑕	ˈɪnflʊəns	𐑦𐑯𐑓𐑤𐑫𐑩𐑯𐑕	ˈɪnfluəns	medium	ml_disagrees:𐑦𐑯𐑓𐑤𐑫𐑩𐑯𐑕; shave_says:𐑦𐑯𐑓𐑤𐑵𐑩𐑯𐑕
influenced	𐑦𐑯𐑓𐑤𐑫𐑼𐑯𐑕𐑑	ˈɪnflʊənst	𐑦𐑯𐑓𐑤𐑫𐑩𐑯𐑕𐑑	ˈɪnfluənst	medium	ml_disagrees:𐑦𐑯𐑓𐑤𐑫𐑩𐑯𐑕𐑑; shave_says:𐑦𐑯𐑓𐑤𐑵𐑩𐑯𐑕𐑑
influences	𐑦𐑯𐑓𐑤𐑫𐑼𐑯𐑕𐑩𐑟	ˈɪnflʊənsƏz	𐑦𐑯𐑓𐑤𐑫𐑩𐑯𐑕𐑩𐑟	ˈɪnfluənsƏz	medium	ml_disagrees:𐑦𐑯𐑓𐑤𐑫𐑩𐑯𐑕𐑩𐑟; shave_says:𐑦𐑯𐑓𐑤𐑵𐑩𐑯𐑕𐑩𐑟
information	𐑦𐑯𐑓𐑩𐑥𐑱𐑖𐑩𐑯	ɪnfəmeɪʃən	𐑦𐑯𐑓𐑼𐑥𐑱𐑖𐑩𐑯	ˌɪnfəRˈmeɪʃən	medium	r_gap:spelling=1,ipa=0; shave_says:𐑦𐑯𐑓𐑼𐑥𐑱𐑖𐑩𐑯
informational	𐑦𐑯𐑓𐑩𐑥𐑱𐑖𐑩𐑯𐑩𐑤	ɪnfəmeɪʃənəl	𐑦𐑯𐑓𐑼𐑥𐑱𐑖𐑩𐑯𐑩𐑤	ˌɪnfəRˈmeɪʃənəl	medium	r_gap:spelling=1,ipa=0; shave_says:𐑦𐑯𐑓𐑼𐑥𐑱𐑖𐑩𐑯𐑩𐑤
infrared	𐑦𐑯𐑓𐑮𐑼𐑧𐑛	ɪnfrəred	𐑦𐑯𐑓𐑮𐑩𐑮𐑧𐑛	ɪnfrə+ˈred	high	
ingenious	𐑦𐑯𐑡𐑰𐑯𐑘𐑩𐑕	ɪndʒˈiːnjəs	𐑦𐑯𐑡𐑰𐑯𐑾𐑕	ɪnˈdʒiːnɪəs	high	
inherent	𐑦𐑯𐑣𐑽𐑩𐑯𐑑	ɪnhɪərənt	𐑦𐑯𐑣𐑧𐑮𐑩𐑯𐑑	ɪnˈherənt	high	
inhibition	𐑦𐑯𐑦𐑚𐑦𐑖𐑩𐑯	ˌɪnɪbˈɪʃən	𐑦𐑯𐑣𐑦𐑚𐑦𐑖𐑩𐑯	ˌɪnhɪˈbɪʃən	high	
initiative	𐑦𐑯𐑦𐑖𐑾𐑑𐑦𐑝	ɪnˈɪʃɪətɪv	𐑦𐑯𐑦𐑖𐑩𐑑𐑦𐑝	ɪˈnɪʃətɪv	high	
initiatives	𐑦𐑯𐑦𐑖𐑾𐑑𐑦𐑝𐑟	ɪnˈɪʃɪətɪvz	𐑦𐑯𐑦𐑖𐑩𐑑𐑦𐑝𐑟	ɪˈnɪʃətɪvz	high	
injunction	𐑦𐑯𐑡𐑳𐑙𐑖𐑩𐑯	ɪndʒˈʌŋʃən	𐑦𐑯𐑡𐑳𐑙𐑒𐑖𐑩𐑯	ɪnˈdʒʌŋkʃən	high	
innovative	𐑦𐑯𐑩𐑝𐑱𐑑𐑦𐑝	ˈɪnəvˌeɪtɪv	𐑦𐑯𐑩𐑝𐑩𐑑𐑦𐑝	ˈˌɪnəvətɪv	high	
inspiration	𐑦𐑯𐑕𐑐𐑦𐑮𐑱𐑖𐑩𐑯	ɪnspɪreɪʃən	𐑦𐑯𐑕𐑐𐑼𐑱𐑖𐑩𐑯	ˌɪnspəˈreɪʃən	high	ml_disagrees:𐑦𐑯𐑕𐑐𐑼𐑱𐑖𐑩𐑯; shave_agrees
insurance	𐑦𐑯𐑖𐑹𐑩𐑯𐑕	ɪnʃɔːrəns	𐑦𐑯𐑖𐑫𐑼𐑩𐑯𐑕	ɪnˈʃʊərəns	high	
insure	𐑦𐑯𐑖𐑷	ɪnʃɔː	𐑦𐑯𐑖𐑫𐑼	ɪnˈʃʊəR	low	ml_disagrees:𐑦𐑯𐑖𐑼; r_gap:spelling=1,ipa=0; shave_says:𐑦𐑯𐑖𐑫𐑼
insured	𐑦𐑯𐑖𐑷𐑛	ɪnʃɔːd	𐑦𐑯𐑖𐑫𐑼𐑛	ɪnˈʃʊəRd	medium	r_gap:spelling=1,ipa=0; shave_says:𐑦𐑯𐑖𐑫𐑼𐑛
integral	𐑦𐑯𐑑𐑧𐑜𐑮𐑩𐑤	ɪnteɡrəl	𐑦𐑯𐑑𐑦𐑜𐑮𐑩𐑤	ˈɪntɪɡrəl	high	
intellectual	𐑦𐑯𐑑𐑩𐑤𐑧𐑒𐑗𐑫𐑼𐑤	ˌɪntəlˈektʃʊəl	𐑦𐑯𐑑𐑩𐑤𐑧𐑒𐑗𐑫𐑩𐑤	ˌɪntəˈlektʃuəl	medium	ml_disagrees:𐑦𐑯𐑑𐑩𐑤𐑧𐑒𐑗𐑫𐑩𐑤; shave_says:𐑦𐑯𐑑𐑩𐑤𐑧𐑒𐑑𐑵𐑩𐑤
intercourse	𐑦𐑯𐑑𐑩𐑒𐑹𐑕	ɪntəkɔːRs	𐑦𐑯𐑑𐑼𐑒𐑹𐑕	ˈɪntəRkɔːRs	medium	r_gap:spelling=2,ipa=1; shave_says:𐑦𐑯𐑑𐑼𐑒𐑹𐑕
interest	𐑦𐑯𐑑𐑼𐑦𐑕𐑑	ɪntərɪst	𐑦𐑯𐑑𐑮𐑩𐑕𐑑	ˈɪntrəst	high	
interested	𐑦𐑯𐑑𐑼𐑦𐑕𐑑𐑩𐑛	ɪntərɪstƏd	𐑦𐑯𐑑𐑮𐑩𐑕𐑑𐑩𐑛	ˈɪntrəstƏd	high	
interesting	𐑦𐑯𐑑𐑼𐑦𐑕𐑑𐑦𐑙	ɪntərɪstɪŋ	𐑦𐑯𐑑𐑮𐑩𐑕𐑑𐑦𐑙	ˈɪntrəstɪŋ	high	
interests	𐑦𐑯𐑑𐑼𐑦𐑕𐑑𐑕	ɪntərɪsts	𐑦𐑯𐑑𐑮𐑩𐑕𐑑𐑕	ˈɪntrəsts	high	
interface	𐑦𐑯𐑑𐑩𐑓𐑱𐑕	ɪntəfeɪs	𐑦𐑯𐑑𐑼𐑓𐑱𐑕	ˈɪntəRfeɪs	medium	r_gap:spelling=1,ipa=0; shave_says:𐑦𐑯𐑑𐑼𐑓𐑱𐑕
interfaces	𐑦𐑯𐑑𐑩𐑓𐑱𐑕𐑩𐑟	ɪntəfeɪsƏz	𐑦𐑯𐑑𐑼𐑓𐑱𐑕𐑩𐑟	ˈɪntəRfeɪsƏz	medium	r_gap:spelling=1,ipa=0; shave_says:𐑦𐑯𐑑𐑼𐑓𐑱𐑕𐑩𐑟
interfere	𐑦𐑯𐑑𐑩𐑓𐑽	ɪntəfɪəR	𐑦𐑯𐑑𐑼𐑓𐑽	ˌɪntəRˈfɪəR	medium	r_gap:spelling=2,ipa=1; shave_says:𐑦𐑯𐑑𐑼𐑓𐑽
interference	𐑦𐑯𐑑𐑩𐑓𐑽𐑩𐑯𐑕	ɪntəfɪərəns	𐑦𐑯𐑑𐑼𐑓𐑽𐑩𐑯𐑕	ˌɪntəRˈfɪərəns	medium	r_gap:spelling=2,ipa=1; shave_says:𐑦𐑯𐑑𐑼𐑓𐑽𐑩𐑯𐑕
intermediate	𐑦𐑯𐑑𐑩𐑥𐑰𐑛𐑾𐑑	ɪntəmiːdɪət	𐑦𐑯𐑑𐑼𐑥𐑰𐑛𐑾𐑑	ˌɪntəRˈmiːdɪət	medium	r_gap:spelling=1,ipa=0; shave_says:[𐑦𐑯𐑑𐑼𐑥𐑰𐑛𐑾𐑑 / 𐑦𐑯𐑑𐑼𐑥𐑰𐑛𐑦𐑱𐑑]
international	𐑦𐑯𐑑𐑩𐑯𐑨𐑖𐑩𐑯𐑩𐑤	ɪntənæʃənəl	𐑦𐑯𐑑𐑼𐑯𐑨𐑖𐑩𐑯𐑩𐑤	ˌɪntəRˈnæʃənəl	medium	r_gap:spelling=1,ipa=0; shave_says:𐑦𐑯𐑑𐑼𐑯𐑨𐑖𐑩𐑯𐑩𐑤
internationally	𐑦𐑯𐑑𐑩𐑯𐑨𐑖𐑩𐑯𐑩𐑤𐑦	ɪntənæʃənəli	𐑦𐑯𐑑𐑼𐑯𐑨𐑖𐑩𐑯𐑩𐑤𐑦	ˌɪntəRˈnæʃənəli	medium	r_gap:spelling=1,ipa=0; shave_says:𐑦𐑯𐑑𐑼𐑯𐑨𐑖𐑩𐑯𐑤𐑦
internationally	𐑦𐑯𐑑𐑩𐑯𐑨𐑖𐑯𐑩𐑤𐑦	ɪntənæʃnəli	𐑦𐑯𐑑𐑼𐑯𐑨𐑖𐑩𐑯𐑩𐑤𐑦	ˌɪntəRˈnæʃənəli	medium	r_gap:spelling=1,ipa=0; shave_says:𐑦𐑯𐑑𐑼𐑯𐑨𐑖𐑩𐑯𐑤𐑦
internet	𐑦𐑯𐑑𐑩𐑯𐑧𐑑	ɪntənet	𐑦𐑯𐑑𐑼𐑯𐑧𐑑	ˈɪntəRnet	medium	r_gap:spelling=1,ipa=0; shave_says:𐑦𐑯𐑑𐑼𐑯𐑧𐑑
internship	𐑦𐑯𐑑𐑩𐑯𐑖𐑦𐑐	ɪntənʃɪp	𐑦𐑯𐑑𐑻𐑯𐑖𐑦𐑐	ˈɪntɜːRnʃɪp	medium	r_gap:spelling=1,ipa=0; shave_says:𐑦𐑯𐑑𐑻𐑯𐑖𐑦𐑐
interpretation	𐑦𐑯𐑑𐑻𐑐𐑮𐑦𐑑𐑱𐑖𐑩𐑯	ɪntɜːRprɪteɪʃən	𐑦𐑯𐑑𐑻𐑐𐑮𐑩𐑑𐑱𐑖𐑩𐑯	ɪnˌtɜːRprəˈteɪʃən	high	
interpretations	𐑦𐑯𐑑𐑻𐑐𐑮𐑦𐑑𐑱𐑖𐑩𐑯𐑟	ɪntɜːRprɪteɪʃənz	𐑦𐑯𐑑𐑻𐑐𐑮𐑩𐑑𐑱𐑖𐑩𐑯𐑟	ɪnˌtɜːRprəˈteɪʃənz	high	
interpreted	𐑦𐑯𐑑𐑻𐑐𐑮𐑦𐑑𐑩𐑛	ɪntɜːRprɪtƏd	𐑦𐑯𐑑𐑻𐑐𐑮𐑩𐑑𐑩𐑛	ɪnˈtɜːRprətƏd	high	
interracial	𐑦𐑯𐑑𐑼𐑱𐑖𐑩𐑤	ɪntəreɪʃəl	𐑦𐑯𐑑𐑼𐑮𐑱𐑖𐑩𐑤	ˌɪntəRˈreɪʃəl	medium	r_gap:spelling=2,ipa=1; shave_says:𐑦𐑯𐑑𐑼𐑮𐑱𐑖𐑩𐑤
intersection	𐑦𐑯𐑑𐑩𐑕𐑧𐑒𐑖𐑩𐑯	ɪntəsekʃən	𐑦𐑯𐑑𐑼𐑕𐑧𐑒𐑖𐑩𐑯	ˌɪntəRˈsekʃən	medium	r_gap:spelling=1,ipa=0; shave_says:𐑦𐑯𐑑𐑼𐑕𐑧𐑒𐑖𐑩𐑯
interstate	𐑦𐑯𐑑𐑩𐑕𐑑𐑱𐑑	ɪntəsteɪt	𐑦𐑯𐑑𐑼𐑕𐑑𐑱𐑑	ˌɪntəRˈsteɪt	medium	r_gap:spelling=1,ipa=0; shave_says:𐑦𐑯𐑑𐑼𐑕𐑑𐑱𐑑
interval	𐑦𐑯𐑑𐑩𐑝𐑩𐑤	ɪntəvəl	𐑦𐑯𐑑𐑼𐑝𐑩𐑤	ˈɪntəRvəl	medium	r_gap:spelling=1,ipa=0; shave_says:𐑦𐑯𐑑𐑼𐑝𐑩𐑤
intervals	𐑦𐑯𐑑𐑩𐑝𐑩𐑤𐑟	ɪntəvəlz	𐑦𐑯𐑑𐑼𐑝𐑩𐑤𐑟	ˈɪntəRvəlz	medium	r_gap:spelling=1,ipa=0; shave_says:𐑦𐑯𐑑𐑼𐑝𐑩𐑤𐑟
intervene	𐑦𐑯𐑑𐑩𐑝𐑰𐑯	ɪntəviːn	𐑦𐑯𐑑𐑼𐑝𐑰𐑯	ˌɪntəRˈviːn	medium	r_gap:spelling=1,ipa=0; shave_says:𐑦𐑯𐑑𐑼𐑝𐑰𐑯
intervention	𐑦𐑯𐑑𐑩𐑝𐑧𐑯𐑖𐑩𐑯	ɪntəvenʃən	𐑦𐑯𐑑𐑼𐑝𐑧𐑯𐑖𐑩𐑯	ˌɪntəRˈvenʃən	medium	r_gap:spelling=1,ipa=0; shave_says:𐑦𐑯𐑑𐑼𐑝𐑧𐑯𐑖𐑩𐑯
interventions	𐑦𐑯𐑑𐑩𐑝𐑧𐑯𐑖𐑩𐑯𐑟	ɪntəvenʃənz	𐑦𐑯𐑑𐑼𐑝𐑧𐑯𐑖𐑩𐑯𐑟	ˌɪntəRˈvenʃənz	medium	r_gap:spelling=1,ipa=0; shave_says:𐑦𐑯𐑑𐑼𐑝𐑧𐑯𐑖𐑩𐑯𐑟
interview	𐑦𐑯𐑑𐑩𐑝𐑿	ɪntəvjuː	𐑦𐑯𐑑𐑼𐑝𐑿	ˈɪntəRvjuː	medium	r_gap:spelling=1,ipa=0; shave_says:𐑦𐑯𐑑𐑼𐑝𐑿
interviewed	𐑦𐑯𐑑𐑩𐑝𐑿𐑛	ɪntəvjuːd	𐑦𐑯𐑑𐑼𐑝𐑿𐑛	ˈɪntəRvjuːd	medium	r_gap:spelling=1,ipa=0; shave_says:𐑦𐑯𐑑𐑼𐑝𐑿𐑛
interviewee	𐑦𐑯𐑑𐑩𐑝𐑿𐑰	ɪntəvjuːiː	𐑦𐑯𐑑𐑼𐑝𐑿𐑰	ˌɪntəRvjuːˈiː	medium	r_gap:spelling=1,ipa=0; shave_says:𐑦𐑯𐑑𐑼𐑝𐑿𐑰
interviewer	𐑦𐑯𐑑𐑩𐑝𐑿𐑼	ɪntəvjuːəR	𐑦𐑯𐑑𐑼𐑝𐑿𐑼	ˈɪntəRvjuːəR	medium	r_gap:spelling=2,ipa=1; shave_says:𐑦𐑯𐑑𐑼𐑝𐑿𐑼
interviews	𐑦𐑯𐑑𐑩𐑝𐑿𐑟	ɪntəvjuːz	𐑦𐑯𐑑𐑼𐑝𐑿𐑟	ˈɪntəRvjuːz	medium	r_gap:spelling=1,ipa=0; shave_says:𐑦𐑯𐑑𐑼𐑝𐑿𐑟
interweave	𐑦𐑯𐑑𐑩𐑢𐑰𐑝	ɪntəwiːv	𐑦𐑯𐑑𐑼𐑢𐑰𐑝	ˌɪntəRˈwiːv	medium	r_gap:spelling=1,ipa=0; shave_says:𐑦𐑯𐑑𐑼𐑢𐑰𐑝
interwoven	𐑦𐑯𐑑𐑩𐑢𐑴𐑝𐑩𐑯	ɪntəwəʊvən	𐑦𐑯𐑑𐑼𐑢𐑴𐑝𐑩𐑯	ˌɪntəRˈwəʊvən	medium	r_gap:spelling=1,ipa=0; shave_says:𐑦𐑯𐑑𐑼𐑢𐑴𐑝𐑩𐑯
intimate	𐑦𐑯𐑑𐑦𐑥𐑦𐑑	ˈɪntɪmɪt	𐑦𐑯𐑑𐑦𐑥𐑩𐑑, 𐑦𐑯𐑑𐑦𐑥𐑱𐑑	ˈɪntɪmət	medium	ml_disagrees:𐑦𐑯𐑑𐑦𐑥𐑩𐑑; shave_says:[𐑦𐑯𐑑𐑦𐑥𐑩𐑑 / 𐑦𐑯𐑑𐑦𐑥𐑱𐑑]
into	𐑦𐑯𐑑𐑩	ɪntə	𐑦𐑯𐑑𐑵	ˈɪntuː	high	
intuition	𐑦𐑯𐑑𐑘𐑩𐑦𐑖𐑩𐑯	ˌɪntjəˈɪʃən	𐑦𐑯𐑑𐑘𐑫𐑦𐑖𐑩𐑯	ˌɪntjuˈɪʃən	high	
invalid	𐑦𐑯𐑝𐑨𐑤𐑩𐑛	ɪnvˈælƏd	𐑦𐑯𐑝𐑨𐑤𐑦𐑛, 𐑦𐑯𐑝𐑩𐑤𐑦𐑛	ɪnˈvælɪd	high	
invalid	𐑦𐑯𐑝𐑩𐑤𐑩𐑛	ˈɪnvəlƏd	𐑦𐑯𐑝𐑨𐑤𐑦𐑛, 𐑦𐑯𐑝𐑩𐑤𐑦𐑛	ɪnˈvælɪd	high	
invaluable	𐑦𐑯𐑝𐑨𐑤𐑘𐑩𐑚𐑩𐑤	ɪnvˈæljəbəl	𐑦𐑯𐑝𐑨𐑤𐑘𐑫𐑩𐑚𐑩𐑤	ɪnˈvæljuəbəl	high	
invariably	𐑦𐑯𐑝𐑺𐑾𐑚𐑤𐑦	ɪnveərɪəbli	𐑦𐑯𐑝𐑺𐑦𐑩𐑚𐑤𐑦	ɪnˈveərɪ+əbli	high	
inverness	𐑦𐑯𐑝𐑩𐑯𐑧𐑕	ɪnvənes	𐑦𐑯𐑝𐑼𐑯𐑧𐑕	ˌɪnvəRˈnes	medium	r_gap:spelling=1,ipa=0; shave_says:𐑦𐑯𐑝𐑼𐑯𐑧𐑕
inversion	𐑦𐑯𐑝𐑻𐑖𐑩𐑯	ɪnvɜːRʃən	𐑦𐑯𐑝𐑻𐑠𐑩𐑯	ɪnˈvɜːRʒən	high	
ion	𐑲𐑩𐑯	ˈaɪən	𐑲𐑪𐑯	ˈaɪɒn	high	
iowa	𐑲𐑴𐑩	ˈaɪəʊə	𐑲𐑩𐑢𐑩	ˈaɪəwə	high	
iranian	𐑦𐑮𐑭𐑯𐑾𐑯	ɪrɑːnɪən	𐑦𐑮𐑱𐑯𐑾𐑯	ɪˈreɪnɪən	high	
ireland	𐑲𐑩𐑤𐑩𐑯𐑛	aɪələnd	𐑲𐑼𐑤𐑩𐑯𐑛	ˈaɪəRlənd	medium	r_gap:spelling=1,ipa=0; shave_says:𐑲𐑼𐑤𐑩𐑯𐑛
iron	𐑲𐑩𐑯	aɪən	𐑲𐑼𐑯	ˈaɪəRn	medium	r_gap:spelling=1,ipa=0; shave_says:𐑲𐑼𐑯
ironing	𐑲𐑩𐑯𐑦𐑙	aɪənɪŋ	𐑲𐑼𐑯𐑦𐑙	ˈaɪəRnɪŋ	medium	r_gap:spelling=1,ipa=0; shave_says:𐑲𐑼𐑯𐑦𐑙
islam	𐑦𐑕𐑤𐑭𐑥	ɪslˈɑːm	𐑦𐑟𐑤𐑨𐑥, 𐑦𐑟𐑤𐑭𐑥	ɪzˈlⱭːm	high	
israel	𐑦𐑟𐑮𐑾𐑤	ɪzrɪəl	𐑦𐑟𐑮𐑱𐑤	ˈɪzreɪl	high	
istanbul	𐑦𐑕𐑑𐑨𐑯𐑚𐑵𐑤	ˌɪstænbˈuːl	𐑦𐑕𐑑𐑨𐑯𐑚𐑫𐑤	ˌɪstænˈbʊl	high	
isthmus	𐑦𐑕𐑑𐑥𐑩𐑕	ˈɪstməs	𐑦𐑕𐑥𐑩𐑕	ˈɪsməs	high	
isthmus	𐑦𐑕𐑔𐑥𐑩𐑕	ˈɪsθməs	𐑦𐑕𐑥𐑩𐑕	ˈɪsməs	high	
italian	𐑦𐑑𐑨𐑤𐑘𐑩𐑯	ɪtˈæljən	𐑦𐑑𐑨𐑤𐑾𐑯	ɪˈtælɪən	high	
ivory	𐑲𐑝𐑮𐑦	aɪvri	𐑲𐑝𐑼𐑦	ˈaɪvəri	high	
jacqueline	𐑡𐑨𐑒𐑤𐑦𐑯	dʒˈæklɪn	𐑡𐑨𐑒𐑩𐑤𐑰𐑯	ˈdʒækəliːn	high	
jacqueline	𐑡𐑨𐑒𐑩𐑤𐑦𐑯	dʒˈækəlɪn	𐑡𐑨𐑒𐑩𐑤𐑰𐑯	ˈdʒækəliːn	high	
jacques	𐑡𐑨𐑒	dʒˈæk	𐑠𐑭𐑒	ʒɑːk	high	
jaguar	𐑡𐑨𐑜𐑘𐑩𐑼	dʒæɡjəəR	𐑡𐑨𐑜𐑘𐑫𐑼	ˈdʒæɡjuəR	high	
janet	𐑡𐑨𐑯𐑦𐑑	dʒˈænɪt	𐑡𐑨𐑯𐑩𐑑	ˈdʒænɪt	high	
january	𐑡𐑨𐑯𐑘𐑩𐑼𐑦	dʒænjəəri	𐑡𐑨𐑯𐑘𐑫𐑼𐑦	ˈdʒænjuəri	medium	ml_disagrees:𐑡𐑨𐑯𐑘𐑫𐑼𐑦; shave_says:𐑡𐑨𐑯𐑿𐑺𐑦
jefferson	𐑡𐑧𐑓𐑩𐑕𐑩𐑯	dʒefəsən	𐑡𐑧𐑓𐑼𐑕𐑩𐑯	ˈdʒefəRsən	medium	r_gap:spelling=1,ipa=0; shave_says:𐑡𐑧𐑓𐑼𐑕𐑩𐑯
jeopardise	𐑡𐑧𐑐𐑩𐑛𐑲𐑟	dʒepədaɪz	𐑡𐑧𐑐𐑼𐑛𐑲𐑟	ˈdʒepəRdaɪz	medium	r_gap:spelling=1,ipa=0; shave_says:𐑡𐑧𐑐𐑼𐑛𐑲𐑟
jeopardize	𐑡𐑧𐑐𐑩𐑛𐑲𐑟	dʒepədaɪz	𐑡𐑧𐑐𐑼𐑛𐑲𐑟	ˈdʒepəRdaɪz	medium	r_gap:spelling=1,ipa=0; shave_says:𐑡𐑧𐑐𐑼𐑛𐑲𐑟
jeremy	𐑡𐑧𐑮𐑦𐑥𐑦	dʒerɪmi	𐑡𐑧𐑮𐑩𐑥𐑦	ˈdʒerəmi	high	
jewellery	𐑡𐑵𐑤𐑮𐑦	dʒuːlri	𐑡𐑵𐑩𐑤𐑮𐑦	ˈdʒuːəlri	high	
jewelry	𐑡𐑵𐑤𐑮𐑦	dʒuːlri	𐑡𐑵𐑩𐑤𐑮𐑦	ˈdʒuːəlri	high	
joseph	𐑡𐑴𐑟𐑦𐑓	dʒˈəʊzɪf	𐑡𐑴𐑕𐑩𐑓	ˈdʒəʊsəf	high	
joshua	𐑡𐑪𐑖𐑫𐑼	dʒˈɒʃʊə	𐑡𐑪𐑖𐑫𐑩	ˈdʒɒʃuə	medium	ml_disagrees:𐑡𐑪𐑖𐑫𐑩; shave_says:𐑡𐑪𐑖𐑵𐑩
julian	𐑡𐑵𐑤𐑘𐑩𐑯	dʒˈuːljən	𐑡𐑵𐑤𐑾𐑯	ˈdʒuːlɪən	high	
july	𐑡𐑫𐑤𐑲	dʒˌʊlˈaɪ	𐑡𐑩𐑤𐑲	dʒəˈlaɪ	high	
just	𐑡𐑩𐑕𐑑	dʒəst	𐑡𐑳𐑕𐑑	dʒʌst	high	
karaoke	𐑒𐑨𐑮𐑾𐑫𐑒𐑦	kærɪəʊki	𐑒𐑨𐑮𐑦𐑴𐑒𐑦	ˌkæriˈəʊki	high	
karate	𐑒𐑼𐑸𐑑𐑦	kərɑːRti	𐑒𐑼𐑭𐑑𐑦	kəˈrɑːti	high	
katherine	𐑒𐑨𐑔𐑼𐑦𐑯	kæθərɪn	𐑒𐑨𐑔𐑮𐑦𐑯	ˈkæθrɪn	high	
kazakhstan	𐑒𐑭𐑟𐑭𐑒𐑕𐑑𐑨𐑯	kˌɑːzɑːkstˈæn	𐑒𐑨𐑟𐑨𐑒𐑕𐑑𐑨𐑯, 𐑒𐑨𐑟𐑨𐑒𐑕𐑑𐑭𐑯	ˌkæzækˈstⱭːn	high	
kazakhstan	𐑒𐑭𐑟𐑭𐑒𐑕𐑑𐑭𐑯	kˌɑːzɑːkstˈɑːn	𐑒𐑨𐑟𐑨𐑒𐑕𐑑𐑨𐑯, 𐑒𐑨𐑟𐑨𐑒𐑕𐑑𐑭𐑯	ˌkæzækˈstⱭːn	high	
kensington	𐑒𐑧𐑯𐑕𐑦𐑙𐑑𐑩𐑯	kˈensɪŋtən	𐑒𐑧𐑯𐑟𐑦𐑙𐑑𐑩𐑯	ˈkenzɪŋtən	high	
kentucky	𐑒𐑧𐑯𐑑𐑳𐑒𐑦	kentˈʌki	𐑒𐑩𐑯𐑑𐑳𐑒𐑦	kenˈtʌki	high	
kenya	𐑒𐑰𐑯𐑘𐑩	kˈiːnjə	𐑒𐑧𐑯𐑘𐑩	ˈkenjə	high	
kiev	𐑒𐑰𐑧𐑓	kˈiːef	𐑒𐑰𐑧𐑝	ˈkiːev	high	
kilometer	𐑒𐑦𐑤𐑪𐑥𐑦𐑑𐑼	kɪlɒmɪtəR	𐑒𐑦𐑤𐑩𐑥𐑰𐑑𐑼	ˈkɪləmiːtəR	high	
kilometers	𐑒𐑦𐑤𐑪𐑥𐑦𐑑𐑼𐑟	kɪlɒmɪtəRz	𐑒𐑦𐑤𐑩𐑥𐑰𐑑𐑼𐑟	ˈkɪləmiːtəRz	high	
kilometre	𐑒𐑦𐑤𐑪𐑥𐑦𐑑𐑼	kɪlɒmɪtəR	𐑒𐑦𐑤𐑩𐑥𐑰𐑑𐑼	ˈkɪləmiːtəR	high	
kilometres	𐑒𐑦𐑤𐑩𐑥𐑰𐑑𐑩𐑟	kɪləmiːtəz	𐑒𐑦𐑤𐑩𐑥𐑰𐑑𐑼𐑟	ˈkɪləmiːtəRz	medium	r_gap:spelling=1,ipa=0; shave_says:𐑒𐑦𐑤𐑩𐑥𐑰𐑑𐑼𐑟
kilometres	𐑒𐑦𐑤𐑪𐑥𐑦𐑑𐑩𐑟	kɪlɒmɪtəz	𐑒𐑦𐑤𐑩𐑥𐑰𐑑𐑼𐑟	ˈkɪləmiːtəRz	medium	r_gap:spelling=1,ipa=0; shave_says:𐑒𐑦𐑤𐑩𐑥𐑰𐑑𐑼𐑟
kindergarten	𐑒𐑦𐑯𐑛𐑩𐑜𐑸𐑑𐑩𐑯	kɪndəɡɑːRtən	𐑒𐑦𐑯𐑛𐑼𐑜𐑸𐑑𐑩𐑯	ˈkɪndəRɡɑːRtən	medium	r_gap:spelling=2,ipa=1; shave_says:𐑒𐑦𐑯𐑛𐑼𐑜𐑸𐑑𐑩𐑯
kirkcaldy	𐑒𐑻𐑒𐑷𐑛𐑦	kɜːRkɔːdi	𐑒𐑼𐑒𐑷𐑛𐑦	kəRˈkɔːdi	high	
kitchen	𐑒𐑦𐑗𐑩𐑯	kˈɪtʃən	𐑒𐑦𐑗𐑦𐑯	ˈkɪtʃɪn	high	
kiwi	𐑒𐑰𐑢𐑦	kˈiːwi	𐑒𐑰𐑢𐑰	ˈkiːwiː	high	
korea	𐑒𐑼𐑰𐑩	kəriːə	𐑒𐑼𐑾	kəˈrɪə	medium	ml_disagrees:𐑒𐑼𐑦ː𐑩; shave_says:𐑒𐑼𐑾
korean	𐑒𐑼𐑰𐑩𐑯	kəriːən	𐑒𐑼𐑾𐑯	kəˈrɪən	medium	ml_disagrees:𐑒𐑼𐑦ː𐑩𐑯; shave_says:𐑒𐑼𐑾𐑯
lancashire	𐑤𐑨𐑙𐑒𐑩𐑖𐑽	læŋkəʃɪəR	𐑤𐑨𐑙𐑒𐑩𐑖𐑼	ˈlæŋkəʃəR	high	
lancaster	𐑤𐑨𐑙𐑒𐑨𐑕𐑑𐑼	læŋkæstəR	𐑤𐑨𐑙𐑒𐑩𐑕𐑑𐑼	ˈlæŋkəstəR	high	
landscape	𐑤𐑨𐑯𐑕𐑒𐑱𐑐	lˈænskˌeɪp	𐑤𐑨𐑯𐑛𐑕𐑒𐑱𐑐	ˈlændskeɪp	high	
landscapes	𐑤𐑨𐑯𐑕𐑒𐑱𐑐𐑕	lˈænskˌeɪps	𐑤𐑨𐑯𐑛𐑕𐑒𐑱𐑐𐑕	ˈlændskeɪps	high	
lantern	𐑤𐑨𐑯𐑑𐑼𐑯𐑑	læntəRnt	𐑤𐑨𐑯𐑑𐑼𐑯	ˈlæntəRn	high	
laos	𐑤𐑬𐑟	lˈaʊz	𐑤𐑬𐑕	ˈlaʊs	high	
laos	𐑤𐑭𐑪𐑕	lˈɑːɒs	𐑤𐑬𐑕	ˈlaʊs	high	
lapel	𐑤𐑱𐑐𐑩𐑤	lˈeɪpəl	𐑤𐑩𐑐𐑧𐑤	ləˈpel	high	
large-scale	𐑤𐑸𐑡𐑕𐑒𐑱𐑤	lɑːRdʒskeɪl	𐑤𐑸𐑡-𐑕𐑒𐑱𐑤	ˈlɑːRdʒ-skeɪl	high	
largest	𐑤𐑸𐑡𐑦𐑕𐑑	lɑːRdʒɪst	𐑤𐑸𐑡𐑩𐑕𐑑	ˈlɑːRdʒəst	high	
latino	𐑤𐑨𐑑𐑰𐑯𐑴	lætˈiːnəʊ	𐑤𐑩𐑑𐑰𐑯𐑴	ləˈtiːnəʊ	high	
lauren	𐑤𐑹𐑩𐑯	lɔːrən	𐑤𐑪𐑮𐑩𐑯	ˈlɒrən	high	
lawyer	𐑤𐑶𐑼	lɔɪəR	𐑤𐑷𐑘𐑼	ˈlɔːjəR	high	
lawyers	𐑤𐑶𐑼𐑟	lɔɪəRz	𐑤𐑷𐑘𐑼𐑟	ˈlɔːjəRz	high	
leadership	𐑤𐑰𐑛𐑩𐑖𐑦𐑐	liːdəʃɪp	𐑤𐑰𐑛𐑼𐑖𐑦𐑐	ˈliːdəRʃɪp	medium	r_gap:spelling=1,ipa=0; shave_says:𐑤𐑰𐑛𐑼𐑖𐑦𐑐
leads	𐑤𐑧𐑛𐑟	lˈedz	𐑤𐑰𐑛𐑟	liːdz	high	
leaflet	𐑤𐑰𐑓𐑤𐑦𐑑	lˈiːflɪt	𐑤𐑰𐑓𐑤𐑩𐑑	ˈliːflət	high	
leaflets	𐑤𐑰𐑓𐑤𐑦𐑑𐑕	lˈiːflɪts	𐑤𐑰𐑓𐑤𐑩𐑑𐑕	ˈliːfləts	high	
lebanon	𐑤𐑧𐑚𐑩𐑯𐑩𐑯	lˈebənən	𐑤𐑧𐑚𐑩𐑯𐑪𐑯	ˈlebənən	high	
lectures	𐑤𐑧𐑒𐑗𐑩𐑟	lektʃəz	𐑤𐑧𐑒𐑗𐑼𐑟	ˈlektʃəRz	medium	r_gap:spelling=1,ipa=0; shave_says:𐑤𐑧𐑒𐑗𐑼𐑟
legitimate	𐑤𐑦𐑡𐑦𐑑𐑦𐑥𐑦𐑑	lɪdʒˈɪtɪmɪt	𐑤𐑦𐑡𐑦𐑑𐑦𐑥𐑩𐑑	lɪˈdʒɪtɪmət	medium	ml_disagrees:𐑤𐑦𐑡𐑦𐑑𐑦𐑥𐑩𐑑; shave_says:[𐑤𐑦𐑡𐑦𐑑𐑦𐑥𐑩𐑑 / 𐑤𐑦𐑡𐑦𐑑𐑦𐑥𐑱𐑑]
leisure	𐑤𐑰𐑠𐑼	liːʒəR	𐑤𐑧𐑠𐑼	ˈleʒəR	high	
length	𐑤𐑧𐑙𐑒𐑔	lˈeŋkθ	𐑤𐑧𐑙𐑔	leŋθ	high	
lengths	𐑤𐑧𐑙𐑒𐑔𐑕	lˈeŋkθs	𐑤𐑧𐑙𐑔𐑕	leŋθs	high	
lesotho	𐑤𐑦𐑕𐑵𐑑𐑫	lɪsˈuːtʊ	𐑤𐑩𐑕𐑵𐑑𐑵	ləˈsuːtuː	high	
leverage	𐑤𐑰𐑝𐑼𐑦𐑡	liːvərɪdʒ	𐑤𐑧𐑝𐑼𐑦𐑡	ˈlevərɪdʒ	high	
levy	𐑤𐑰𐑝𐑲	lˈiːvaɪ	𐑤𐑧𐑝𐑦	ˈlevi	high	
liaison	𐑤𐑦𐑱𐑟𐑩𐑯	lɪˈeɪzən	𐑤𐑦𐑱𐑟𐑪𐑯	lɪˈeɪzɒn	high	
liam	𐑤𐑰𐑩𐑥	lˈiːəm	𐑤𐑾𐑥	ˈliəm	high	
liberal	𐑤𐑦𐑚𐑮𐑩𐑤	lɪbrəl	𐑤𐑦𐑚𐑼𐑩𐑤	ˈlɪbərəl	high	
liberals	𐑤𐑦𐑚𐑮𐑩𐑤𐑟	lɪbrəlz	𐑤𐑦𐑚𐑼𐑩𐑤𐑟	ˈlɪbərəlz	high	
liberty	𐑤𐑦𐑚𐑩𐑑𐑦	lɪbəti	𐑤𐑦𐑚𐑼𐑑𐑦	ˈlɪbəRti	medium	r_gap:spelling=1,ipa=0; shave_says:𐑤𐑦𐑚𐑼𐑑𐑦
lieu	𐑤𐑿	ljˈuː	𐑤𐑵	luː	high	
lingerie	𐑤𐑪𐑯𐑠𐑼𐑦	lɒnʒəri	𐑤𐑪𐑯𐑡𐑼𐑱	ˈlɒndʒəreɪ	high	
linux	𐑤𐑲𐑯𐑩𐑒𐑕	lˈaɪnəks	𐑤𐑦𐑯𐑩𐑒𐑕	ˈlɪnəks	high	
liquid	𐑤𐑦𐑒𐑢𐑩𐑛	lˈɪkwƏd	𐑤𐑦𐑒𐑢𐑦𐑛	ˈlɪkwɪd	high	
listening	𐑤𐑦𐑕𐑯𐑦𐑙	lˈɪsnɪŋ	𐑤𐑦𐑕𐑩𐑯𐑦𐑙	ˈlɪsənɪŋ	high	
literally	𐑤𐑦𐑑𐑮𐑩𐑤𐑦	lɪtrəli	𐑤𐑦𐑑𐑼𐑩𐑤𐑦	ˈlɪtərəli	high	
lithuania	𐑤𐑦𐑔𐑘𐑩𐑱𐑯𐑾	lˌɪθjəˈeɪnɪə	𐑤𐑦𐑔𐑿𐑱𐑯𐑾	ˌlɪθjuːˈeɪnɪə	medium	ml_disagrees:𐑤𐑦𐑔𐑘𐑫𐑱𐑯𐑾; shave_says:𐑤𐑦𐑔𐑿𐑱𐑯𐑾
liverpool	𐑤𐑦𐑝𐑩𐑐𐑵𐑤	lɪvəpuːl	𐑤𐑦𐑝𐑼𐑐𐑵𐑤	ˈlɪvəRpuːl	medium	r_gap:spelling=1,ipa=0; shave_says:𐑤𐑦𐑝𐑼𐑐𐑵𐑤
long-term	𐑤𐑪𐑙𐑑𐑻𐑥	lɒŋtɜːRm	𐑤𐑪𐑙-𐑑𐑻𐑥	ˈlɒŋ-tɜːRm	high	
longitude	𐑤𐑪𐑙𐑜𐑦𐑑𐑿𐑛	lˈɒŋɡɪtjˌuːd	𐑤𐑪𐑯𐑡𐑦𐑑𐑵𐑛, 𐑤𐑪𐑯𐑡𐑦𐑑𐑿𐑛	ˈlɒndʒɪtjuːd	high	
longitudinal	𐑤𐑪𐑙𐑜𐑦𐑑𐑿𐑛𐑦𐑯𐑩𐑤	lˌɒŋɡɪtjˈuːdɪnəl	𐑤𐑪𐑯𐑡𐑦𐑑𐑵𐑛𐑦𐑯𐑩𐑤, 𐑤𐑪𐑯𐑡𐑦𐑑𐑿𐑛𐑦𐑯𐑩𐑤	ˌlɒndʒɪˈtjuːdɪnəl	high	
lordship	𐑤𐑹𐑖𐑦𐑐	lɔːRʃɪp	𐑤𐑹𐑛𐑖𐑦𐑐	ˈlɔːRdʃɪp	high	
los angeles	𐑤𐑪𐑕𐑨𐑯𐑡𐑦𐑤𐑰𐑟	lɒsˈændʒɪlˌiːz	𐑤𐑪𐑕 𐑨𐑯𐑡𐑩𐑤𐑰𐑟	lɒs ˈændʒɪliːz	high	
loughborough	𐑤𐑳𐑓𐑚𐑮𐑩	lʌfbrə	𐑤𐑳𐑓𐑚𐑼𐑩	ˈlʌfbərə	high	
lowest	𐑤𐑴𐑦𐑕𐑑	lˈəʊɪst	𐑤𐑴𐑩𐑕𐑑	ˈləʊəst	high	
lucia	𐑤𐑵𐑖𐑩	lˈuːʃə	𐑤𐑵𐑕𐑾	ˈluːsiə	high	
lucid	𐑤𐑵𐑕𐑩𐑛	lˈuːsƏd	𐑤𐑵𐑕𐑦𐑛	ˈluːsɪd	high	
lure	𐑤𐑘𐑩𐑼	ljəəR	𐑤𐑫𐑼	lʊəR	high	
machinery	𐑥𐑩𐑖𐑰𐑯𐑮𐑦	məʃiːnri	𐑥𐑩𐑖𐑰𐑯𐑼𐑦	məˈʃiːnəri	high	
madagascar	𐑥𐑨𐑛𐑨𐑜𐑨𐑕𐑒𐑼	mædæɡæskəR	𐑥𐑨𐑛𐑩𐑜𐑨𐑕𐑒𐑼	ˌmædəˈɡæskəR	high	
madame	𐑥𐑨𐑛𐑩𐑥	mˈædəm	𐑥𐑩𐑛𐑨𐑥, 𐑥𐑩𐑛𐑭𐑥	məˈdⱭːm	high	
mademoiselle	𐑥𐑨𐑛𐑩𐑥𐑩𐑟𐑧𐑤	mˌædəməzˈel	𐑥𐑨𐑛𐑩𐑥𐑢𐑩𐑟𐑧𐑤	ˌmædəmwəˈzel	high	
magistrate	𐑥𐑨𐑡𐑦𐑕𐑑𐑮𐑦𐑑	mædʒɪstrɪt	𐑥𐑨𐑡𐑦𐑕𐑑𐑮𐑱𐑑	ˈmædʒɪstreɪt	high	
magistrates	𐑥𐑨𐑡𐑦𐑕𐑑𐑮𐑦𐑑𐑕	mædʒɪstrɪts	𐑥𐑨𐑡𐑦𐑕𐑑𐑮𐑱𐑑𐑕	ˈmædʒɪstreɪts	high	
magnet	𐑥𐑨𐑜𐑯𐑦𐑑	mˈæɡnɪt	𐑥𐑨𐑜𐑯𐑩𐑑	ˈmæɡnət	high	
maintenance	𐑥𐑱𐑯𐑑𐑯𐑩𐑯𐑕	mˈeɪntnəns	𐑥𐑱𐑯𐑑𐑩𐑯𐑩𐑯𐑕	ˈmeɪntənəns	high	
make-up	𐑥𐑱𐑒𐑳𐑐	mˈeɪkˌʌp	𐑥𐑱𐑒-𐑳𐑐	ˈmeɪk-ʌp	high	
mandate	𐑥𐑨𐑯𐑛𐑦𐑑	mˈændɪt	𐑥𐑨𐑯𐑛𐑱𐑑	ˈmændeɪt	high	
manual	𐑥𐑨𐑯𐑘𐑩𐑩𐑤	mˈænjəəl	𐑥𐑨𐑯𐑘𐑫𐑩𐑤	ˈmænjuəl	medium	ml_disagrees:𐑥𐑨𐑯𐑘𐑫𐑩𐑤; shave_says:𐑥𐑨𐑯𐑿𐑩𐑤
manually	𐑥𐑨𐑯𐑘𐑩𐑩𐑤𐑦	mˈænjəəli	𐑥𐑨𐑯𐑘𐑫𐑩𐑤𐑦	ˈmænjuəli	medium	ml_disagrees:𐑥𐑨𐑯𐑘𐑫𐑩𐑤𐑦; shave_says:𐑥𐑨𐑯𐑿𐑤𐑦
manuals	𐑥𐑨𐑯𐑘𐑩𐑩𐑤𐑟	mˈænjəəlz	𐑥𐑨𐑯𐑘𐑫𐑩𐑤𐑟	ˈmænjuəlz	medium	ml_disagrees:𐑥𐑨𐑯𐑘𐑫𐑩𐑤𐑟; shave_says:𐑥𐑨𐑯𐑿𐑩𐑤𐑟
margaret	𐑥𐑸𐑜𐑮𐑦𐑑	mɑːRɡrɪt	𐑥𐑸𐑜𐑼𐑩𐑑	ˈmɑːRɡrIt	high	
margaret	𐑥𐑸𐑜𐑮𐑩𐑑	mɑːRɡrət	𐑥𐑸𐑜𐑼𐑩𐑑	ˈmɑːRɡrIt	high	
maria	𐑥𐑼𐑰𐑩	məriːə	𐑥𐑼𐑾	məˈrɪə	medium	ml_disagrees:𐑥𐑼𐑦ː𐑩; shave_says:𐑥𐑼𐑾
marijuana	𐑥𐑨𐑮𐑦𐑣𐑢𐑸𐑯𐑩	mærɪhwɑːRnə	𐑥𐑨𐑮𐑩𐑢𐑭𐑯𐑩	ˌmærəˈwɑːnə	high	
mario	𐑥𐑨𐑮𐑾𐑫	mærɪəʊ	𐑥𐑸𐑦𐑴	ˈmɑriəʊ	high	
marketing	𐑥𐑸𐑒𐑦𐑑𐑦𐑙	mɑːRkɪtɪŋ	𐑥𐑸𐑒𐑩𐑑𐑦𐑙	ˈmɑːRkItɪŋ	high	
marketplace	𐑥𐑸𐑒𐑦𐑑𐑐𐑤𐑱𐑕	mɑːRkɪtpleɪs	𐑥𐑸𐑒𐑩𐑑𐑐𐑤𐑱𐑕	ˈmɑːRkItpleɪs	high	
markets	𐑥𐑸𐑒𐑦𐑑𐑕	mɑːRkɪts	𐑥𐑸𐑒𐑩𐑑𐑕	ˈmɑːRkIts	high	
maryland	𐑥𐑨𐑮𐑦𐑤𐑩𐑯𐑛	mærɪlənd	𐑥𐑧𐑮𐑦𐑤𐑩𐑯𐑛	ˈmerɪlənd	high	
masonry	𐑥𐑱𐑕𐑩𐑯𐑮𐑦	meɪsənri	𐑥𐑱𐑕𐑩𐑯𐑼𐑦	ˈmeɪsənəri	high	
massage	𐑥𐑩𐑕𐑭𐑠	məsˈɑːʒ	𐑥𐑨𐑕𐑭𐑠	ˈmæsɑːʒ	high	
mastercard	𐑥𐑸𐑕𐑑𐑩𐑒𐑸𐑛	mɑːRstəkɑːRd	𐑥𐑨𐑕𐑑𐑼𐑒𐑸𐑛, 𐑥𐑭𐑕𐑑𐑼𐑒𐑸𐑛	ˈmⱭːstəRkɑːRd	high	
masturbating	𐑥𐑨𐑕𐑑𐑩𐑚𐑱𐑑𐑦𐑙	mæstəbeɪtɪŋ	𐑥𐑨𐑕𐑑𐑼𐑚𐑱𐑑𐑦𐑙	ˈmæstəRbeɪtɪŋ	medium	r_gap:spelling=1,ipa=0; shave_says:𐑥𐑨𐑕𐑑𐑼𐑚𐑱𐑑𐑦𐑙
masturbation	𐑥𐑨𐑕𐑑𐑩𐑚𐑱𐑖𐑩𐑯	mæstəbeɪʃən	𐑥𐑨𐑕𐑑𐑼𐑚𐑱𐑖𐑩𐑯	ˌmæstəRˈbeɪʃən	medium	r_gap:spelling=1,ipa=0; shave_says:𐑥𐑨𐑕𐑑𐑼𐑚𐑱𐑖𐑩𐑯
mature	𐑥𐑩𐑑𐑘𐑩𐑼	mətjəəR	𐑥𐑩𐑗𐑫𐑼	məˈtʃʊəR	medium	ml_disagrees:𐑥𐑩𐑑𐑘ː𐑼; shave_says:𐑥𐑩𐑗𐑫𐑼
maturity	𐑥𐑩𐑑𐑘𐑩𐑼𐑦𐑑𐑦	mətjəərɪti	𐑥𐑩𐑗𐑫𐑼𐑦𐑑𐑦	məˈtʃʊərɪti	high	
maybe	𐑥𐑱𐑚𐑦	mˈeɪbi	𐑥𐑱𐑚𐑰	ˈmeɪbiː	high	
measurement	𐑥𐑧𐑠𐑩𐑥𐑩𐑯𐑑	meʒəmənt	𐑥𐑧𐑠𐑼𐑥𐑩𐑯𐑑	ˈmeʒəRmənt	medium	r_gap:spelling=1,ipa=0; shave_says:𐑥𐑧𐑠𐑼𐑥𐑩𐑯𐑑
measurements	𐑥𐑧𐑠𐑩𐑥𐑩𐑯𐑑𐑕	meʒəmənts	𐑥𐑧𐑠𐑼𐑥𐑩𐑯𐑑𐑕	ˈmeʒəRmənts	medium	r_gap:spelling=1,ipa=0; shave_says:𐑥𐑧𐑠𐑼𐑥𐑩𐑯𐑑𐑕
measures	𐑥𐑧𐑠𐑩𐑟	meʒəz	𐑥𐑧𐑠𐑼𐑟	ˈmeʒəRz	medium	r_gap:spelling=1,ipa=0; shave_says:𐑥𐑧𐑠𐑼𐑟
mediate	𐑥𐑰𐑛𐑦𐑦𐑑	mˈiːdɪɪt	𐑥𐑰𐑛𐑦𐑱𐑑	ˈmiːdieɪt	high	
medicine	𐑥𐑧𐑛𐑦𐑕𐑦𐑯	mˈedɪsɪn	𐑥𐑧𐑛𐑦𐑕𐑩𐑯	ˈmedɪsən	high	
medicines	𐑥𐑧𐑛𐑦𐑕𐑦𐑯𐑟	mˈedɪsɪnz	𐑥𐑧𐑛𐑦𐑕𐑩𐑯𐑟	ˈmedɪsənz	high	
medieval	𐑥𐑧𐑛𐑰𐑝𐑩𐑤	medˈiːvəl	𐑥𐑧𐑛𐑦𐑰𐑝𐑩𐑤	ˌmedɪˈiːvəl	high	
melbourne	𐑥𐑧𐑤𐑚𐑩𐑯	melbən	𐑥𐑧𐑤𐑚𐑼𐑯	ˈmelbəRn	medium	r_gap:spelling=1,ipa=0; shave_says:𐑥𐑧𐑤𐑚𐑼𐑯
membership	𐑥𐑧𐑥𐑚𐑩𐑖𐑦𐑐	membəʃɪp	𐑥𐑧𐑥𐑚𐑼𐑖𐑦𐑐	ˈmembəRʃɪp	medium	r_gap:spelling=1,ipa=0; shave_says:𐑥𐑧𐑥𐑚𐑼𐑖𐑦𐑐
memorial	𐑥𐑦𐑥𐑹𐑾𐑤	mɪmɔːrɪəl	𐑥𐑩𐑥𐑹𐑾𐑤	məˈmɔːrɪəl	high	
memphis	𐑥𐑧𐑥𐑐𐑓𐑦𐑕	mˈempfɪs	𐑥𐑧𐑥𐑓𐑦𐑕	ˈmemfɪs	high	
menace	𐑥𐑧𐑯𐑦𐑕	mˈenɪs	𐑥𐑧𐑯𐑩𐑕	ˈmenəs	high	
mercator	𐑥𐑻𐑒𐑱𐑑𐑼	mɜːRkeɪtəR	𐑥𐑼𐑒𐑱𐑑𐑼	məRˈkeɪtəR	high	
messrs	𐑥𐑧𐑕𐑩𐑟	mesəz	𐑥𐑧𐑕𐑼𐑟	ˈmesəRz	medium	r_gap:spelling=1,ipa=0; shave_says:𐑥𐑧𐑕𐑼𐑟
metres	𐑥𐑰𐑑𐑩𐑟	miːtəz	𐑥𐑰𐑑𐑼𐑟	ˈmiːtəRz	medium	r_gap:spelling=1,ipa=0; shave_says:𐑥𐑰𐑑𐑼𐑟
mic	𐑥𐑦𐑒	mˈɪk	𐑥𐑲𐑒	maɪk	high	
microsoft	𐑥𐑲𐑒𐑮𐑩𐑕𐑪𐑓𐑑	maɪkrəsɒft	𐑥𐑲𐑒𐑮𐑴𐑕𐑪𐑓𐑑	ˈmaɪkrəʊsɒft	high	
microwave	𐑥𐑲𐑒𐑮𐑩𐑢𐑱𐑝	maɪkrəweɪv	𐑥𐑲𐑒𐑮𐑴𐑢𐑱𐑝	ˈmaɪkrəʊweɪv	high	
middle-aged	𐑥𐑦𐑛𐑩𐑤𐑱𐑡𐑛	mˈɪdəleɪdʒd	𐑥𐑦𐑛𐑩𐑤-𐑱𐑡𐑛	ˌmɪdəl-ˈeɪdʒd	high	
middle-class	𐑥𐑦𐑛𐑩𐑤𐑒𐑤𐑭𐑕	mˈɪdəlklˌɑːs	𐑥𐑦𐑛𐑩𐑤-𐑒𐑤𐑨𐑕, 𐑥𐑦𐑛𐑩𐑤-𐑒𐑤𐑭𐑕	ˌmɪdəl-ˈklⱭːs	high	
middlesbrough	𐑥𐑦𐑛𐑩𐑤𐑟𐑚𐑮𐑩	mɪdəlzbrə	𐑥𐑦𐑛𐑩𐑤𐑟𐑚𐑼𐑩	ˈmɪdəlzbərə	high	
midget	𐑥𐑦𐑡𐑦𐑑	mˈɪdʒɪt	𐑥𐑦𐑡𐑩𐑑	ˈmɪdʒIt	high	
milkman	𐑥𐑦𐑤𐑒𐑥𐑨𐑯	mˈɪlkmˌæn	𐑥𐑦𐑤𐑒𐑥𐑩𐑯	ˈmɪlkmən	high	
millimetres	𐑥𐑦𐑤𐑦𐑥𐑰𐑑𐑩𐑟	mɪlɪmiːtəz	𐑥𐑦𐑤𐑦𐑥𐑰𐑑𐑼𐑟	ˈmɪlɪmiːtəRz	medium	r_gap:spelling=1,ipa=0; shave_says:𐑥𐑦𐑤𐑦𐑥𐑰𐑑𐑼𐑟
minority	𐑥𐑦𐑯𐑪𐑮𐑦𐑑𐑦	mɪnɒrɪti	𐑥𐑲𐑯𐑪𐑮𐑦𐑑𐑦	maɪˈnɒrɪti	high	
miserable	𐑥𐑦𐑟𐑮𐑩𐑚𐑩𐑤	mɪzrəbəl	𐑥𐑦𐑟𐑼𐑩𐑚𐑩𐑤	ˈmɪzərəbəl	high	
missis	𐑥𐑦𐑕𐑩𐑟	mˈɪsƏz	𐑥𐑦𐑕𐑦𐑟	ˈmɪsɪz	high	
misunderstand	𐑥𐑦𐑕𐑳𐑯𐑛𐑩𐑕𐑑𐑨𐑯𐑛	mɪsʌndəstænd	𐑥𐑦𐑕𐑳𐑯𐑛𐑼𐑕𐑑𐑨𐑯𐑛	ˌmɪsˌʌndəRˈstænd	medium	r_gap:spelling=1,ipa=0; shave_says:𐑥𐑦𐑕𐑳𐑯𐑛𐑼𐑕𐑑𐑨𐑯𐑛
misunderstanding	𐑥𐑦𐑕𐑳𐑯𐑛𐑩𐑕𐑑𐑨𐑯𐑛𐑦𐑙	mɪsʌndəstændɪŋ	𐑥𐑦𐑕𐑳𐑯𐑛𐑼𐑕𐑑𐑨𐑯𐑛𐑦𐑙	ˌmɪsˌʌndəRˈstændɪŋ	medium	r_gap:spelling=1,ipa=0; shave_says:𐑥𐑦𐑕𐑳𐑯𐑛𐑼𐑕𐑑𐑨𐑯𐑛𐑦𐑙
misunderstood	𐑥𐑦𐑕𐑳𐑯𐑛𐑩𐑕𐑑𐑫𐑛	mɪsʌndəstʊd	𐑥𐑦𐑕𐑳𐑯𐑛𐑼𐑕𐑑𐑫𐑛	ˌmɪsˌʌndəRˈstʊd	medium	r_gap:spelling=1,ipa=0; shave_says:𐑥𐑦𐑕𐑳𐑯𐑛𐑼𐑕𐑑𐑫𐑛
mm	𐑥	m	𐑥𐑥, 𐑥𐑦𐑤𐑦𐑥𐑰𐑑𐑼𐑟	mm	high	
moderate	𐑥𐑪𐑛𐑼𐑦𐑑	mɒdərɪt	𐑥𐑪𐑛𐑼𐑩𐑑, 𐑥𐑪𐑛𐑼𐑱𐑑	ˈmɒdərət	medium	ml_disagrees:𐑥𐑪𐑛𐑼𐑩𐑑; shave_says:[𐑥𐑪𐑛𐑼𐑩𐑑 / 𐑥𐑪𐑛𐑼𐑱𐑑]
modest	𐑥𐑪𐑛𐑦𐑕𐑑	mˈɒdɪst	𐑥𐑪𐑛𐑩𐑕𐑑	ˈmɒdəst	high	
module	𐑥𐑪𐑛𐑿𐑤	mˈɒdjuːl	𐑥𐑪𐑡𐑵𐑤	ˈmɒdʒuːl	high	
modules	𐑥𐑪𐑛𐑿𐑤𐑟	mˈɒdjuːlz	𐑥𐑪𐑡𐑵𐑤𐑟	ˈmɒdʒuːlz	high	
momentum	𐑥𐑴𐑥𐑧𐑯𐑑𐑩𐑥	məʊmˈentəm	𐑥𐑩𐑥𐑧𐑯𐑑𐑩𐑥	məˈmentəm	high	
monarchy	𐑥𐑪𐑯𐑩𐑒𐑦	mɒnəki	𐑥𐑪𐑯𐑼𐑒𐑦	ˈmɒnəRki	medium	r_gap:spelling=1,ipa=0; shave_says:𐑥𐑪𐑯𐑸𐑒𐑦
monday	𐑥𐑳𐑯𐑛𐑦	mˈʌndi	𐑥𐑳𐑯𐑛𐑱	ˈmʌndeɪ	high	
mondays	𐑥𐑳𐑯𐑛𐑦𐑟	mˈʌndiz	𐑥𐑳𐑯𐑛𐑱𐑟	ˈmʌndeɪz	high	
mono	𐑥𐑴𐑯𐑴	mˈəʊnəʊ	𐑥𐑪𐑯𐑴	ˈmɒnəʊ	high	
moor	𐑥𐑹	mɔːR	𐑥𐑫𐑼	mʊəR	high	
moore	𐑥𐑹	mɔːR	𐑥𐑫𐑼	mʊəR	high	
morale	𐑥𐑪𐑮𐑸𐑤	mɒrɑːRl	𐑥𐑼𐑨𐑤, 𐑥𐑼𐑭𐑤	məˈrⱭːl	high	
moray	𐑥𐑪𐑮𐑱	mɒreɪ	𐑥𐑹𐑱	ˈmɔːreɪ	high	
moray	𐑥𐑳𐑮𐑦	mʌri	𐑥𐑹𐑱	ˈmɔːreɪ	high	
mosaic	𐑥𐑩𐑟𐑱𐑒	məzˈeɪk	𐑥𐑴𐑟𐑱𐑦𐑒	məʊˈzeɪɪk	high	
mosaic	𐑥𐑴𐑟𐑱𐑒	məʊzˈeɪk	𐑥𐑴𐑟𐑱𐑦𐑒	məʊˈzeɪɪk	high	
mother-in-law	𐑥𐑳𐑞𐑼𐑦𐑯𐑤𐑷	mʌðərɪnlɔː	𐑥𐑳𐑞𐑼-𐑦𐑯-𐑤𐑷	ˈmʌðər-ɪn-lɔː	high	
motherboard	𐑥𐑳𐑞𐑩𐑚𐑹𐑛	mʌðəbɔːRd	𐑥𐑳𐑞𐑼𐑚𐑹𐑛	ˈmʌðəRbɔːRd	medium	r_gap:spelling=2,ipa=1; shave_says:𐑥𐑳𐑞𐑼𐑚𐑹𐑛
motherfucker	𐑥𐑳𐑞𐑩𐑓𐑳𐑒𐑼	mʌðəfʌkəR	𐑥𐑳𐑞𐑼𐑓𐑳𐑒𐑼	ˈmʌðəRˌfʌkəR	medium	r_gap:spelling=2,ipa=1; shave_says:𐑥𐑳𐑞𐑼𐑓𐑳𐑒𐑼
motorbike	𐑥𐑴𐑑𐑩𐑚𐑲𐑒	məʊtəbaɪk	𐑥𐑴𐑑𐑼𐑚𐑲𐑒	ˈməʊtəRbaɪk	medium	r_gap:spelling=1,ipa=0; shave_says:𐑥𐑴𐑑𐑼𐑚𐑲𐑒
motorcycle	𐑥𐑴𐑑𐑩𐑕𐑲𐑒𐑩𐑤	məʊtəsaɪkəl	𐑥𐑴𐑑𐑼𐑕𐑲𐑒𐑩𐑤	ˈməʊtəRsaɪkəl	medium	r_gap:spelling=1,ipa=0; shave_says:𐑥𐑴𐑑𐑼𐑕𐑲𐑒𐑩𐑤
motorcycles	𐑥𐑴𐑑𐑩𐑕𐑲𐑒𐑩𐑤𐑟	məʊtəsaɪkəlz	𐑥𐑴𐑑𐑼𐑕𐑲𐑒𐑩𐑤𐑟	ˈməʊtəRsaɪkəlz	medium	r_gap:spelling=1,ipa=0; shave_says:𐑥𐑴𐑑𐑼𐑕𐑲𐑒𐑩𐑤𐑟
motorway	𐑥𐑴𐑑𐑩𐑢𐑱	məʊtəweɪ	𐑥𐑴𐑑𐑼𐑢𐑱	ˈməʊtəRweɪ	medium	r_gap:spelling=1,ipa=0; shave_says:𐑥𐑴𐑑𐑼𐑢𐑱
mountain	𐑥𐑬𐑯𐑑𐑦𐑯	mˈaʊntɪn	𐑥𐑬𐑯𐑑𐑩𐑯	ˈmaʊntən	high	
mountains	𐑥𐑬𐑯𐑑𐑦𐑯𐑟	mˈaʊntɪnz	𐑥𐑬𐑯𐑑𐑩𐑯𐑟	ˈmaʊntənz	high	
mozambique	𐑥𐑴𐑟𐑩𐑥𐑚𐑰𐑒	mˌəʊzəmbˈiːk	𐑥𐑴𐑟𐑨𐑥𐑚𐑰𐑒	ˌməʊzæmˈbiːk	high	
mural	𐑥𐑘𐑩𐑼𐑩𐑤	mjəərəl	𐑥𐑘𐑫𐑼𐑩𐑤	ˈmjʊərəl	high	
muslim	𐑥𐑳𐑟𐑤𐑦𐑥	mˈʌzlɪm	𐑥𐑫𐑟𐑤𐑦𐑥	ˈmʊzlɪm	high	
muslims	𐑥𐑳𐑟𐑤𐑦𐑥𐑟	mˈʌzlɪmz	𐑥𐑫𐑟𐑤𐑦𐑥𐑟	ˈmʊzlɪmz	high	
mutual	𐑥𐑿𐑗𐑫𐑼𐑤	mjˈuːtʃʊəl	𐑥𐑿𐑗𐑫𐑩𐑤	ˈmjuːtʃuəl	medium	ml_disagrees:𐑥𐑿𐑗𐑫𐑩𐑤; shave_says:𐑥𐑿𐑑𐑵𐑩𐑤
myanmar	𐑥𐑲𐑨𐑯𐑥𐑸	maɪænmɑːR	𐑥𐑘𐑨𐑯𐑥𐑸	ˈmjænmɑːR	high	
nah	𐑯𐑨	nˈæ	𐑯𐑭	nɑː	high	
national	𐑯𐑨𐑖𐑯𐑩𐑤	nˈæʃnəl	𐑯𐑨𐑖𐑩𐑯𐑩𐑤	ˈnæʃənəl	high	
nationalist	𐑯𐑨𐑖𐑯𐑩𐑤𐑦𐑕𐑑	nˈæʃnəlɪst	𐑯𐑨𐑖𐑩𐑯𐑩𐑤𐑦𐑕𐑑	ˈnæʃənəlɪst	high	
nationally	𐑯𐑨𐑖𐑯𐑩𐑤𐑦	nˈæʃnəli	𐑯𐑨𐑖𐑩𐑯𐑩𐑤𐑦	ˈnæʃənəli	high	
natural	𐑯𐑨𐑗𐑮𐑩𐑤	nætʃrəl	𐑯𐑨𐑗𐑼𐑩𐑤	ˈnætʃərəl	high	
naturally	𐑯𐑨𐑗𐑮𐑩𐑤𐑦	nætʃrəli	𐑯𐑨𐑗𐑼𐑩𐑤𐑦	ˈnætʃərəli	high	
naturals	𐑯𐑨𐑗𐑮𐑩𐑤𐑟	nætʃrəlz	𐑯𐑨𐑗𐑼𐑩𐑤𐑟	ˈnætʃərəlz	high	
nauseous	𐑯𐑷𐑕𐑾𐑕	nˈɔːsɪəs	𐑯𐑷𐑟𐑾𐑕	ˈnɔːzɪəs	high	
nearest	𐑯𐑽𐑦𐑕𐑑	nɪərɪst	𐑯𐑽𐑩𐑕𐑑	ˈnɪərəst	high	
necklace	𐑯𐑧𐑒𐑤𐑦𐑕	nˈeklɪs	𐑯𐑧𐑒𐑤𐑩𐑕	ˈnekləs	high	
negotiations	𐑯𐑩𐑜𐑴𐑖𐑦𐑱𐑖𐑩𐑯𐑟	nəɡˌəʊʃɪˈeɪʃənz	𐑯𐑦𐑜𐑴𐑖𐑦𐑱𐑖𐑩𐑯𐑟	nɪˌɡəʊʃɪˈeɪʃənz	high	
neighborhood	𐑯𐑱𐑚𐑩𐑣𐑫𐑛	neɪbəhʊd	𐑯𐑱𐑚𐑼𐑣𐑫𐑛	ˈneɪbəRhʊd	medium	r_gap:spelling=1,ipa=0; shave_says:𐑯𐑱𐑚𐑼𐑣𐑫𐑛
neighbourhood	𐑯𐑱𐑚𐑩𐑣𐑫𐑛	neɪbəhʊd	𐑯𐑱𐑚𐑼𐑣𐑫𐑛	ˈneɪbəRhʊd	medium	r_gap:spelling=1,ipa=0; shave_says:𐑯𐑱𐑚𐑼𐑣𐑫𐑛
neither	𐑯𐑰𐑞𐑼	niːðəR	𐑯𐑲𐑞𐑼	ˈnaɪðəR	high	
nemeses	𐑯𐑧𐑥𐑦𐑕𐑰𐑟	nˈemɪsiːz	𐑯𐑧𐑥𐑩𐑕𐑰𐑟	ˈneməsiːz	high	
nemesis	𐑯𐑧𐑥𐑦𐑕𐑦𐑕	nˈemɪsɪs	𐑯𐑧𐑥𐑩𐑕𐑦𐑕	ˈneməsɪs	high	
nepal	𐑯𐑩𐑐𐑷𐑤	nəpˈɔːl	𐑯𐑦𐑐𐑷𐑤	nɪˈpɔːl	high	
netherlands	𐑯𐑧𐑞𐑩𐑤𐑩𐑯𐑛𐑟	neðələndz	𐑯𐑧𐑞𐑼𐑤𐑩𐑯𐑛𐑟	ˈneðəRləndz	medium	r_gap:spelling=1,ipa=0; shave_says:𐑯𐑧𐑞𐑼𐑤𐑩𐑯𐑛𐑟
nevada	𐑯𐑦𐑝𐑭𐑛𐑩	nɪvˈɑːdə	𐑯𐑩𐑝𐑨𐑛𐑩, 𐑯𐑩𐑝𐑭𐑛𐑩	nəˈvÆdə	high	
nevertheless	𐑯𐑧𐑝𐑩𐑞𐑩𐑤𐑧𐑕	nevəðəles	𐑯𐑧𐑝𐑼𐑞𐑩𐑤𐑧𐑕	ˌnevəRðəˈles	medium	r_gap:spelling=1,ipa=0; shave_says:𐑯𐑧𐑝𐑼𐑞𐑩𐑤𐑧𐑕
newcastle	𐑯𐑿𐑒𐑭𐑕𐑩𐑤	njˈuːkˌɑːsəl	𐑯𐑵𐑒𐑨𐑕𐑩𐑤, 𐑯𐑿𐑒𐑨𐑕𐑩𐑤	ˈnjuːkæsəl	high	
newest	𐑯𐑿𐑦𐑕𐑑	njˈuːɪst	𐑯𐑵𐑩𐑕𐑑, 𐑯𐑿𐑩𐑕𐑑	ˈnjuːəst	high	
newfoundland	𐑯𐑿𐑓𐑩𐑯𐑛𐑤𐑩𐑯𐑛	njˈuːfəndlənd	𐑯𐑵𐑓𐑩𐑯𐑤𐑩𐑯𐑛, 𐑯𐑿𐑓𐑩𐑯𐑤𐑩𐑯𐑛	ˈnjuːfənlənd	high	
newfoundland	𐑯𐑿𐑓𐑬𐑯𐑛𐑤𐑩𐑯𐑛	njuːfˈaʊndlənd	𐑯𐑵𐑓𐑩𐑯𐑤𐑩𐑯𐑛, 𐑯𐑿𐑓𐑩𐑯𐑤𐑩𐑯𐑛	ˈnjuːfənlənd	high	
niagara	𐑯𐑲𐑨𐑜𐑮𐑩	naɪæɡrə	𐑯𐑲𐑨𐑜𐑼𐑩	naɪˈæɡərə	high	
nicaragua	𐑯𐑦𐑒𐑼𐑨𐑜𐑘𐑩𐑼	nɪkəræɡjəəR	𐑯𐑦𐑒𐑼𐑭𐑜𐑢𐑩	ˌnɪkəˈrɑːɡwə	high	
nicaragua	𐑯𐑦𐑒𐑼𐑨𐑜𐑢𐑩	nɪkəræɡwə	𐑯𐑦𐑒𐑼𐑭𐑜𐑢𐑩	ˌnɪkəˈrɑːɡwə	high	
niche	𐑯𐑦𐑗	nˈɪtʃ	𐑯𐑰𐑖	niːʃ	high	
nicholas	𐑯𐑦𐑒𐑤𐑩𐑕	nˈɪkləs	𐑯𐑦𐑒𐑩𐑤𐑩𐑕	ˈnɪkələs	high	
niger	𐑯𐑲𐑡𐑼	naɪdʒəR	𐑯𐑰𐑠𐑺	niːˈʒeəR	high	
nineteenth-century	𐑯𐑲𐑯𐑑𐑰𐑯𐑔𐑕𐑧𐑯𐑗𐑼𐑦	naɪntiːnθsentʃəri	𐑯𐑲𐑯𐑑𐑰𐑯𐑔-𐑕𐑧𐑯𐑗𐑼𐑦	ˈnaɪntiːnθ-ˌsentʃəri	high	
nirvana	𐑯𐑻𐑝𐑭𐑯𐑩	nɜːRvɑːnə	𐑯𐑽𐑝𐑭𐑯𐑩	nɪəRˈvɑːnə	high	
nirvana	𐑯𐑾𐑝𐑭𐑯𐑩	nɪəvɑːnə	𐑯𐑽𐑝𐑭𐑯𐑩	nɪəRˈvɑːnə	medium	r_gap:spelling=1,ipa=0; shave_says:𐑯𐑼𐑝𐑭𐑯𐑩
no-one	𐑯𐑴𐑢𐑳𐑯	nˈəʊwʌn	𐑯𐑴-𐑢𐑳𐑯	ˈnəʊ-wʌn	high	
nobody	𐑯𐑴𐑚𐑩𐑛𐑦	nˈəʊbədi	𐑯𐑴𐑚𐑪𐑛𐑦	ˈnəʊbɒdi	high	
noel	𐑯𐑴𐑧𐑤	nəʊˈel	𐑯𐑴𐑩𐑤	ˈnəʊəl	high	
nominee	𐑯𐑪𐑥𐑦𐑯𐑦	nˌɒmɪni	𐑯𐑪𐑥𐑦𐑯𐑰	ˌnɒmɪˈniː	high	
nonsense	𐑯𐑪𐑯𐑕𐑧𐑯𐑕	nˈɒnsens	𐑯𐑪𐑯𐑕𐑩𐑯𐑕	ˈnɒnsəns	high	
nordic	𐑹𐑛𐑦𐑒	ɔːRdɪk	𐑯𐑹𐑛𐑦𐑒	ˈnɔːRdɪk	high	
normally	𐑯𐑹𐑥𐑤𐑦	nɔːRmli	𐑯𐑹𐑥𐑩𐑤𐑦	ˈnɔːRməli	high	
northumberland	𐑯𐑹𐑔𐑳𐑥𐑚𐑩𐑤𐑩𐑯𐑛	nɔːRθʌmbələnd	𐑯𐑹𐑔𐑳𐑥𐑚𐑼𐑤𐑩𐑯𐑛	nɔːRˈθʌmbələnd	medium	r_gap:spelling=2,ipa=1; shave_says:𐑯𐑹𐑔𐑳𐑥𐑚𐑼𐑤𐑩𐑯𐑛
nostril	𐑯𐑪𐑕𐑑𐑮𐑦𐑤	nɒstrɪl	𐑯𐑪𐑕𐑑𐑮𐑩𐑤	ˈnɒstrəl	high	
nostrils	𐑯𐑪𐑕𐑑𐑮𐑦𐑤𐑟	nɒstrɪlz	𐑯𐑪𐑕𐑑𐑮𐑩𐑤𐑟	ˈnɒstrəlz	high	
obesity	𐑩𐑚𐑰𐑕𐑦𐑑𐑦	əbˈiːsɪti	𐑴𐑚𐑰𐑕𐑦𐑑𐑦	əʊˈbiːsɪti	high	
obituaries	𐑴𐑚𐑦𐑗𐑫𐑼𐑰𐑟	əʊbɪtʃʊəriːz	𐑴𐑚𐑦𐑗𐑫𐑼𐑦𐑟	əʊˈbɪtʃʊəriz	high	
observation	𐑪𐑚𐑟𐑩𐑝𐑱𐑖𐑩𐑯	ɒbzəveɪʃən	𐑪𐑚𐑟𐑼𐑝𐑱𐑖𐑩𐑯	ˌɒbzəRˈveɪʃən	medium	r_gap:spelling=1,ipa=0; shave_says:𐑪𐑚𐑟𐑼𐑝𐑱𐑖𐑩𐑯
observations	𐑪𐑚𐑟𐑩𐑝𐑱𐑖𐑩𐑯𐑟	ɒbzəveɪʃənz	𐑪𐑚𐑟𐑼𐑝𐑱𐑖𐑩𐑯𐑟	ˌɒbzəRˈveɪʃənz	medium	r_gap:spelling=1,ipa=0; shave_says:𐑪𐑚𐑟𐑼𐑝𐑱𐑖𐑩𐑯𐑟
occasionally	𐑩𐑒𐑱𐑠𐑩𐑯𐑤𐑦	əkˈeɪʒənli	𐑩𐑒𐑱𐑠𐑩𐑯𐑩𐑤𐑦	əˈkeɪʒənəli	high	
occasionally	𐑩𐑒𐑱𐑠𐑯𐑩𐑤𐑦	əkˈeɪʒnəli	𐑩𐑒𐑱𐑠𐑩𐑯𐑩𐑤𐑦	əˈkeɪʒənəli	high	
occurring	𐑩𐑒𐑳𐑮𐑦𐑙	əkʌrɪŋ	𐑩𐑒𐑻𐑦𐑙	əˈkɜːrɪŋ	medium	r_gap:spelling=2,ipa=1; shave_says:𐑩𐑒𐑻𐑦𐑙
of	𐑩𐑝	əv	𐑝	V	high	
of	𐑪𐑝	ˈɒv	𐑝	V	high	
offering	𐑪𐑓𐑮𐑦𐑙	ɒfrɪŋ	𐑪𐑓𐑼𐑦𐑙	ˈɒfərɪŋ	high	
often	𐑪𐑓𐑑𐑩𐑯	ˈɒftən	𐑪𐑓𐑩𐑯	ˈɒfən	high	
old-fashioned	𐑴𐑤𐑛𐑓𐑨𐑖𐑩𐑯𐑛	əʊldfˈæʃənd	𐑴𐑤𐑛-𐑓𐑨𐑖𐑩𐑯𐑛	əʊld-ˈfæʃənd	high	
oldest	𐑴𐑤𐑛𐑦𐑕𐑑	ˈəʊldɪst	𐑴𐑤𐑛𐑩𐑕𐑑	ˈəʊldəst	high	
omega	𐑴𐑥𐑦𐑜𐑩	ˈəʊmɪɡə	𐑴𐑥𐑧𐑜𐑩	ˈəʊmeɡə	high	
omelette	𐑪𐑥𐑤𐑦𐑑	ˈɒmlɪt	𐑪𐑥𐑤𐑩𐑑	ˈɒmlət	high	
onomatopoeia	𐑪𐑯𐑩𐑥𐑨𐑑𐑩𐑐𐑰𐑩	ˌɒnəmˌætəpˈiːə	𐑪𐑯𐑩𐑥𐑨𐑑𐑩𐑐𐑾	ˌɒnəˌmætəˈpiːə	high	
ontario	𐑪𐑯𐑑𐑺𐑾𐑫	ɒnteərɪəʊ	𐑪𐑯𐑑𐑺𐑦𐑴	ɒnˈteərɪəʊ	high	
opera	𐑪𐑐𐑮𐑩	ɒprə	𐑪𐑐𐑼𐑩	ˈɒpərə	high	
opportunities	𐑪𐑐𐑩𐑑𐑿𐑯𐑦𐑑𐑦𐑟	ɒpətjuːnɪtiz	𐑪𐑐𐑼𐑑𐑵𐑯𐑦𐑑𐑦𐑟, 𐑪𐑐𐑼𐑑𐑿𐑯𐑦𐑑𐑦𐑟	ˌɒpəRˈtjuːnɪtiz	medium	r_gap:spelling=1,ipa=0; shave_says:𐑪𐑐𐑼𐑑𐑿𐑯𐑦𐑑𐑦𐑟
opportunity	𐑪𐑐𐑩𐑑𐑿𐑯𐑦𐑑𐑦	ɒpətjuːnɪti	𐑪𐑐𐑼𐑑𐑵𐑯𐑦𐑑𐑦, 𐑪𐑐𐑼𐑑𐑿𐑯𐑦𐑑𐑦	ˌɒpəRˈtjuːnɪti	medium	r_gap:spelling=1,ipa=0; shave_says:𐑪𐑐𐑼𐑑𐑿𐑯𐑦𐑑𐑦
opposite	𐑪𐑐𐑩𐑕𐑦𐑑	ˈɒpəsɪt	𐑪𐑐𐑩𐑟𐑦𐑑	ˈɒpəzɪt	high	
oral	𐑪𐑮𐑩𐑤	ɒrəl	𐑹𐑩𐑤	ˈɔːrəl	high	
orchid	𐑹𐑒𐑩𐑛	ɔːRkƏd	𐑹𐑒𐑦𐑛	ˈɔːRkɪd	high	
ordeal	𐑹𐑛𐑰𐑩𐑤	ɔːRdiːəl	𐑹𐑛𐑰𐑤	ɔːRˈdiːl	high	
oregano	𐑪𐑮𐑦𐑜𐑸𐑯𐑴	ɒrɪɡɑːRnəʊ	𐑪𐑮𐑦𐑜𐑭𐑯𐑴	ˌɒrɪˈɡɑːnəʊ	high	
oriental	𐑪𐑮𐑦𐑧𐑯𐑑𐑩𐑤	ɒrɪentəl	𐑹𐑦𐑧𐑯𐑑𐑩𐑤	ˌɔːrɪˈentəl	medium	ml_disagrees:𐑪𐑮𐑾𐑯𐑑𐑩𐑤; shave_says:𐑹𐑦𐑧𐑯𐑑𐑩𐑤
orientation	𐑪𐑮𐑦𐑧𐑯𐑑𐑱𐑖𐑩𐑯	ɒrɪenteɪʃən	𐑹𐑾𐑯𐑑𐑱𐑖𐑩𐑯	ˌɔːrɪənˈteɪʃən	medium	ml_disagrees:𐑪𐑮𐑾𐑯𐑑𐑱𐑖𐑩𐑯; shave_says:𐑹𐑾𐑯𐑑𐑱𐑖𐑩𐑯
oriented	𐑪𐑮𐑦𐑧𐑯𐑑𐑩𐑛	ɒrɪentƏd	𐑹𐑾𐑯𐑑𐑩𐑛	ˈɔːrɪəntƏd	medium	ml_disagrees:𐑪𐑮𐑾𐑯𐑑𐑩𐑛; shave_says:𐑹𐑾𐑯𐑑𐑩𐑛
originally	𐑼𐑦𐑡𐑯𐑩𐑤𐑦	ərɪdʒnəli	𐑼𐑦𐑡𐑦𐑯𐑩𐑤𐑦	əˈrɪdʒɪnəli	high	
otherwise	𐑳𐑞𐑩𐑢𐑲𐑟	ʌðəwaɪz	𐑳𐑞𐑼𐑢𐑲𐑟	ˈʌðəRwaɪz	medium	r_gap:spelling=1,ipa=0; shave_says:𐑳𐑞𐑼𐑢𐑲𐑟
overcame	𐑴𐑝𐑩𐑒𐑱𐑥	əʊvəkeɪm	𐑴𐑝𐑼𐑒𐑱𐑥	ˌəʊvəRˈkeɪm	medium	r_gap:spelling=1,ipa=0; shave_says:𐑴𐑝𐑼𐑒𐑱𐑥
overcome	𐑴𐑝𐑩𐑒𐑳𐑥	əʊvəkʌm	𐑴𐑝𐑼𐑒𐑳𐑥	ˌəʊvəRˈkʌm	medium	r_gap:spelling=1,ipa=0; shave_says:𐑴𐑝𐑼𐑒𐑳𐑥
overhead	𐑴𐑝𐑩𐑣𐑧𐑛	əʊvəhed	𐑴𐑝𐑼𐑣𐑧𐑛	ˈəʊvəRhed	medium	r_gap:spelling=1,ipa=0; shave_says:𐑴𐑝𐑼𐑣𐑧𐑛
overlap	𐑴𐑝𐑩𐑤𐑨𐑐	əʊvəlæp	𐑴𐑝𐑼𐑤𐑨𐑐	ˈəʊvəRlæp	medium	r_gap:spelling=1,ipa=0; shave_says:𐑴𐑝𐑼𐑤𐑨𐑐
overlook	𐑴𐑝𐑩𐑤𐑫𐑒	əʊvəlʊk	𐑴𐑝𐑼𐑤𐑫𐑒	ˌəʊvəRˈlʊk	medium	r_gap:spelling=1,ipa=0; shave_says:𐑴𐑝𐑼𐑤𐑫𐑒
overnight	𐑴𐑝𐑩𐑯𐑲𐑑	əʊvənaɪt	𐑴𐑝𐑼𐑯𐑲𐑑	ˈəʊvəRnaɪt	medium	r_gap:spelling=1,ipa=0; shave_says:𐑴𐑝𐑼𐑯𐑲𐑑
overseas	𐑴𐑝𐑩𐑕𐑰𐑟	əʊvəsiːz	𐑴𐑝𐑼𐑕𐑰𐑟	ˌəʊvəRˈsiːz	medium	r_gap:spelling=1,ipa=0; shave_says:𐑴𐑝𐑼𐑕𐑰𐑟
overtake	𐑴𐑝𐑩𐑑𐑱𐑒	əʊvəteɪk	𐑴𐑝𐑼𐑑𐑱𐑒	ˌəʊvəRˈteɪk	medium	r_gap:spelling=1,ipa=0; shave_says:𐑴𐑝𐑼𐑑𐑱𐑒
overtime	𐑴𐑝𐑩𐑑𐑲𐑥	əʊvətaɪm	𐑴𐑝𐑼𐑑𐑲𐑥	ˈəʊvəRtaɪm	medium	r_gap:spelling=1,ipa=0; shave_says:𐑴𐑝𐑼𐑑𐑲𐑥
overview	𐑴𐑝𐑩𐑝𐑿	əʊvəvjuː	𐑴𐑝𐑼𐑝𐑿	ˈəʊvəRvjuː	medium	r_gap:spelling=1,ipa=0; shave_says:𐑴𐑝𐑼𐑝𐑿
overwhelm	𐑴𐑝𐑩𐑢𐑧𐑤𐑥	əʊvəwelm	𐑴𐑝𐑼𐑢𐑧𐑤𐑥	ˌəʊvəRˈʍelm	medium	r_gap:spelling=1,ipa=0; shave_says:𐑴𐑝𐑼𐑢𐑧𐑤𐑥
overwhelming	𐑴𐑝𐑩𐑢𐑧𐑤𐑥𐑦𐑙	əʊvəwelmɪŋ	𐑴𐑝𐑼𐑢𐑧𐑤𐑥𐑦𐑙	ˌəʊvəRˈʍelmɪŋ	medium	r_gap:spelling=1,ipa=0; shave_says:𐑴𐑝𐑼𐑢𐑧𐑤𐑥𐑦𐑙
ownership	𐑴𐑯𐑩𐑖𐑦𐑐	əʊnəʃɪp	𐑴𐑯𐑼𐑖𐑦𐑐	ˈəʊnəRʃɪp	medium	r_gap:spelling=1,ipa=0; shave_says:𐑴𐑯𐑼𐑖𐑦𐑐
oxfordshire	𐑪𐑒𐑕𐑓𐑩𐑛𐑖𐑼	ɒksfədʃəR	𐑪𐑒𐑕𐑓𐑼𐑛𐑖𐑼	ˈɒksfəRdʃəR	medium	r_gap:spelling=2,ipa=1; shave_says:𐑪𐑒𐑕𐑓𐑼𐑛𐑖𐑼
pageant	𐑐𐑱𐑡𐑩𐑯𐑑	pˈeɪdʒənt	𐑐𐑨𐑡𐑩𐑯𐑑	ˈpædʒənt	high	
palace	𐑐𐑨𐑤𐑦𐑕	pˈælɪs	𐑐𐑨𐑤𐑩𐑕	ˈpæləs	high	
palestinian	𐑐𐑨𐑤𐑦𐑕𐑑𐑦𐑯𐑾𐑯	pˌælɪstˈɪnɪən	𐑐𐑨𐑤𐑩𐑕𐑑𐑦𐑯𐑾𐑯	ˌpæləˈstɪnɪən	high	
pallet	𐑐𐑨𐑤𐑦𐑑	pˈælɪt	𐑐𐑨𐑤𐑩𐑑	ˈpælət	high	
pamphlet	𐑐𐑨𐑥𐑓𐑤𐑦𐑑	pˈæmflɪt	𐑐𐑨𐑥𐑓𐑤𐑩𐑑	ˈpæmflət	high	
paperback	𐑐𐑱𐑐𐑩𐑚𐑨𐑒	peɪpəbæk	𐑐𐑱𐑐𐑼𐑚𐑨𐑒	ˈpeɪpəRbæk	medium	r_gap:spelling=1,ipa=0; shave_says:𐑐𐑱𐑐𐑼𐑚𐑨𐑒
paperbacks	𐑐𐑱𐑐𐑩𐑚𐑨𐑒𐑕	peɪpəbæks	𐑐𐑱𐑐𐑼𐑚𐑨𐑒𐑕	ˈpeɪpəRbæks	medium	r_gap:spelling=1,ipa=0; shave_says:𐑐𐑱𐑐𐑼𐑚𐑨𐑒𐑕
paperwork	𐑐𐑱𐑐𐑩𐑢𐑻𐑒	peɪpəwɜːRk	𐑐𐑱𐑐𐑼𐑢𐑻𐑒	ˈpeɪpəRwɜːRk	medium	r_gap:spelling=2,ipa=1; shave_says:𐑐𐑱𐑐𐑼𐑢𐑻𐑒
papua	𐑐𐑨𐑐𐑘𐑩𐑩	pˈæpjəə	𐑐𐑨𐑐𐑫𐑩	ˈpæpuə	high	
paragraph	𐑐𐑨𐑮𐑩𐑜𐑮𐑸𐑓	pærəɡrɑːRf	𐑐𐑨𐑮𐑩𐑜𐑮𐑨𐑓	ˈpærəɡræf	high	
paragraphs	𐑐𐑨𐑮𐑩𐑜𐑮𐑸𐑓𐑕	pærəɡrɑːRfs	𐑐𐑨𐑮𐑩𐑜𐑮𐑨𐑓𐑕	ˈpærəɡræfs	high	
paralyses	𐑐𐑼𐑨𐑤𐑦𐑕𐑰𐑟	pərælɪsiːz	𐑐𐑨𐑮𐑩𐑤𐑲𐑟𐑩𐑟	ˈpærəlaɪzƏz	high	
paralysis	𐑐𐑼𐑨𐑤𐑦𐑕𐑦𐑕	pərælɪsɪs	𐑐𐑼𐑨𐑤𐑩𐑕𐑦𐑕	pəˈræləsɪs	high	
paraphernalia	𐑐𐑨𐑮𐑩𐑓𐑩𐑯𐑱𐑤𐑾	pærəfəneɪlɪə	𐑐𐑨𐑮𐑩𐑓𐑼𐑯𐑱𐑤𐑾	ˌpærəfəRˈneɪlɪə	medium	r_gap:spelling=2,ipa=1; shave_says:𐑐𐑨𐑮𐑩𐑓𐑼𐑯𐑱𐑤𐑾
parentheses	𐑐𐑼𐑧𐑯𐑔𐑦𐑕𐑰𐑟	pərenθɪsiːz	𐑐𐑼𐑧𐑯𐑔𐑩𐑕𐑰𐑟	pəˈrenθəsiːz	high	
parenthesis	𐑐𐑼𐑧𐑯𐑔𐑦𐑕𐑦𐑕	pərenθɪsɪs	𐑐𐑼𐑧𐑯𐑔𐑩𐑕𐑦𐑕	pəˈrenθəsɪs	high	
part-time	𐑐𐑸𐑑𐑑𐑲𐑥	pɑːRttaɪm	𐑐𐑸𐑑-𐑑𐑲𐑥	ˈpɑːRt-taɪm	high	
particular	𐑐𐑩𐑑𐑦𐑒𐑘𐑩𐑤𐑼	pətɪkjələR	𐑐𐑼𐑑𐑦𐑒𐑘𐑩𐑤𐑼	pəRˈtɪkjələR	medium	r_gap:spelling=2,ipa=1; shave_says:𐑐𐑼𐑑𐑦𐑒𐑿𐑤𐑼
particularly	𐑐𐑩𐑑𐑦𐑒𐑘𐑩𐑤𐑩𐑤𐑦	pətɪkjələli	𐑐𐑼𐑑𐑦𐑒𐑘𐑩𐑤𐑼𐑤𐑦	pəRˈtɪkjələRli	medium	r_gap:spelling=2,ipa=0; shave_says:𐑐𐑼𐑑𐑦𐑒𐑿𐑤𐑼𐑤𐑦
partnership	𐑐𐑸𐑑𐑯𐑩𐑖𐑦𐑐	pɑːRtnəʃɪp	𐑐𐑸𐑑𐑯𐑼𐑖𐑦𐑐	ˈpɑːRtnəRʃɪp	medium	r_gap:spelling=2,ipa=1; shave_says:𐑐𐑸𐑑𐑯𐑼𐑖𐑦𐑐
partnerships	𐑐𐑸𐑑𐑯𐑩𐑖𐑦𐑐𐑕	pɑːRtnəʃɪps	𐑐𐑸𐑑𐑯𐑼𐑖𐑦𐑐𐑕	ˈpɑːRtnəRʃɪps	medium	r_gap:spelling=2,ipa=1; shave_says:𐑐𐑸𐑑𐑯𐑼𐑖𐑦𐑐𐑕
passenger	𐑐𐑨𐑕𐑩𐑯𐑡𐑼	pæsəndʒəR	𐑐𐑨𐑕𐑦𐑯𐑡𐑼	ˈpæsɪndʒəR	high	
passengers	𐑐𐑨𐑕𐑩𐑯𐑡𐑼𐑟	pæsəndʒəRz	𐑐𐑨𐑕𐑦𐑯𐑡𐑼𐑟	ˈpæsɪndʒəRz	high	
passport	𐑐𐑸𐑕𐑐𐑹𐑑	pɑːRspɔːRt	𐑐𐑨𐑕𐑐𐑹𐑑, 𐑐𐑭𐑕𐑐𐑹𐑑	ˈpⱭːspɔːRt	high	
password	𐑐𐑸𐑕𐑢𐑻𐑛	pɑːRswɜːRd	𐑐𐑨𐑕𐑢𐑻𐑛, 𐑐𐑭𐑕𐑢𐑻𐑛	ˈpⱭːswɜːRd	high	
passwords	𐑐𐑸𐑕𐑢𐑻𐑛𐑟	pɑːRswɜːRdz	𐑐𐑨𐑕𐑢𐑻𐑛𐑟, 𐑐𐑭𐑕𐑢𐑻𐑛𐑟	ˈpⱭːswɜːRdz	high	
pastor	𐑐𐑸𐑕𐑑𐑼	pɑːRstəR	𐑐𐑨𐑕𐑑𐑼, 𐑐𐑭𐑕𐑑𐑼	ˈpⱭːstəR	high	
patent	𐑐𐑨𐑑𐑩𐑯𐑑	pˈætənt	𐑐𐑱𐑑𐑩𐑯𐑑	ˈpeɪtənt	high	
patents	𐑐𐑨𐑑𐑩𐑯𐑑𐑕	pˈætənts	𐑐𐑱𐑑𐑩𐑯𐑑𐑕	ˈpeɪtənts	high	
paths	𐑐𐑭𐑔𐑕	pˈɑːθs	𐑐𐑨𐑞𐑟, 𐑐𐑭𐑞𐑟	pⱭːðz	high	
patio	𐑐𐑨𐑑𐑾𐑫	pˈætɪˌəʊ	𐑐𐑨𐑑𐑦𐑴	ˈpætiəʊ	high	
patriot	𐑐𐑨𐑑𐑮𐑾𐑑	pætrɪət	𐑐𐑱𐑑𐑮𐑾𐑑	ˈpeɪtrɪət	high	
patronage	𐑐𐑱𐑑𐑮𐑩𐑯𐑦𐑡	peɪtrənɪdʒ	𐑐𐑨𐑑𐑮𐑩𐑯𐑦𐑡	ˈpætrənɪdʒ	high	
pecan	𐑐𐑰𐑒𐑩𐑯	pˈiːkən	𐑐𐑦𐑒𐑨𐑯	pɪˈkæn	high	
peculiar	𐑐𐑦𐑒𐑿𐑤𐑘𐑼	pɪkjuːljəR	𐑐𐑦𐑒𐑿𐑤𐑽	pɪˈkjuːlɪəR	high	
pellet	𐑐𐑧𐑤𐑦𐑑	pˈelɪt	𐑐𐑧𐑤𐑩𐑑	ˈpelət	high	
penetrate	𐑐𐑧𐑯𐑩𐑑𐑮𐑱𐑑	penətreɪt	𐑐𐑧𐑯𐑦𐑑𐑮𐑱𐑑	ˈpenɪtreɪt	high	
penetration	𐑐𐑧𐑯𐑩𐑑𐑮𐑱𐑖𐑩𐑯	penətreɪʃən	𐑐𐑧𐑯𐑦𐑑𐑮𐑱𐑖𐑩𐑯	ˌpenɪˈtreɪʃən	high	
peninsula	𐑐𐑦𐑯𐑦𐑯𐑕𐑘𐑩𐑤𐑩	pɪnˈɪnsjələ	𐑐𐑩𐑯𐑦𐑯𐑕𐑘𐑩𐑤𐑩	pəˈnɪnsjələ	high	
pennsylvania	𐑐𐑧𐑯𐑕𐑦𐑤𐑝𐑱𐑯𐑘𐑩	pˌensɪlvˈeɪnjə	𐑐𐑧𐑯𐑕𐑦𐑤𐑝𐑱𐑯𐑾	ˌpensɪlˈveɪniə	high	
per	𐑐𐑼	pəR	𐑐𐑻	pɜːR	high	
perceive	𐑐𐑩𐑕𐑰𐑝	pəsiːv	𐑐𐑼𐑕𐑰𐑝	pəRˈsiːv	medium	r_gap:spelling=1,ipa=0; shave_says:𐑐𐑼𐑕𐑰𐑝
perceived	𐑐𐑩𐑕𐑰𐑝𐑛	pəsiːvd	𐑐𐑼𐑕𐑰𐑝𐑛	pəRˈsiːvd	medium	r_gap:spelling=1,ipa=0; shave_says:𐑐𐑼𐑕𐑰𐑝𐑛
percent	𐑐𐑩𐑕𐑧𐑯𐑑	pəsent	𐑐𐑼𐑕𐑧𐑯𐑑	pəRˈsent	medium	r_gap:spelling=1,ipa=0; shave_says:𐑐𐑼𐑕𐑧𐑯𐑑
percentage	𐑐𐑩𐑕𐑧𐑯𐑑𐑦𐑡	pəsentɪdʒ	𐑐𐑼𐑕𐑧𐑯𐑑𐑦𐑡	pəRˈsentɪdʒ	medium	r_gap:spelling=1,ipa=0; shave_says:𐑐𐑼𐑕𐑧𐑯𐑑𐑦𐑡
perception	𐑐𐑩𐑕𐑧𐑐𐑖𐑩𐑯	pəsepʃən	𐑐𐑼𐑕𐑧𐑐𐑖𐑩𐑯	pəRˈsepʃən	medium	r_gap:spelling=1,ipa=0; shave_says:𐑐𐑼𐑕𐑧𐑐𐑖𐑩𐑯
perceptions	𐑐𐑩𐑕𐑧𐑐𐑖𐑩𐑯𐑟	pəsepʃənz	𐑐𐑼𐑕𐑧𐑐𐑖𐑩𐑯𐑟	pəRˈsepʃənz	medium	r_gap:spelling=1,ipa=0; shave_says:𐑐𐑼𐑕𐑧𐑐𐑖𐑩𐑯𐑟
perfect	𐑐𐑩𐑓𐑧𐑒𐑑	pəfekt	𐑐𐑻𐑓𐑦𐑒𐑑, 𐑐𐑼𐑓𐑧𐑒𐑑	ˈpɜːRfɪkt	medium	r_gap:spelling=1,ipa=0; shave_says:𐑐𐑻𐑓𐑦𐑒𐑑
perfection	𐑐𐑩𐑓𐑧𐑒𐑖𐑩𐑯	pəfekʃən	𐑐𐑼𐑓𐑧𐑒𐑖𐑩𐑯	pəRˈfekʃən	medium	r_gap:spelling=1,ipa=0; shave_says:𐑐𐑼𐑓𐑧𐑒𐑖𐑩𐑯
perform	𐑐𐑩𐑓𐑹𐑥	pəfɔːRm	𐑐𐑼𐑓𐑹𐑥	pəRˈfɔːRm	medium	r_gap:spelling=2,ipa=1; shave_says:𐑐𐑼𐑓𐑹𐑥
performance	𐑐𐑩𐑓𐑹𐑥𐑩𐑯𐑕	pəfɔːRməns	𐑐𐑼𐑓𐑹𐑥𐑩𐑯𐑕	pəRˈfɔːRməns	medium	r_gap:spelling=2,ipa=1; shave_says:𐑐𐑼𐑓𐑹𐑥𐑩𐑯𐑕
performances	𐑐𐑩𐑓𐑹𐑥𐑩𐑯𐑕𐑩𐑟	pəfɔːRmənsƏz	𐑐𐑼𐑓𐑹𐑥𐑩𐑯𐑕𐑩𐑟	pəRˈfɔːRmənsƏz	medium	r_gap:spelling=2,ipa=1; shave_says:𐑐𐑼𐑓𐑹𐑥𐑩𐑯𐑕𐑩𐑟
performed	𐑐𐑩𐑓𐑹𐑥𐑛	pəfɔːRmd	𐑐𐑼𐑓𐑹𐑥𐑛	pəRˈfɔːRmd	medium	r_gap:spelling=2,ipa=1; shave_says:𐑐𐑼𐑓𐑹𐑥𐑛
performer	𐑐𐑩𐑓𐑹𐑥𐑼	pəfɔːRməR	𐑐𐑼𐑓𐑹𐑥𐑼	pəRˈfɔːRməR	medium	r_gap:spelling=3,ipa=2; shave_says:𐑐𐑼𐑓𐑹𐑥𐑼
performing	𐑐𐑩𐑓𐑹𐑥𐑦𐑙	pəfɔːRmɪŋ	𐑐𐑼𐑓𐑹𐑥𐑦𐑙	pəRˈfɔːRmɪŋ	medium	r_gap:spelling=2,ipa=1; shave_says:𐑐𐑼𐑓𐑹𐑥𐑦𐑙
performs	𐑐𐑩𐑓𐑹𐑥𐑟	pəfɔːRmz	𐑐𐑼𐑓𐑹𐑥𐑟	pəRˈfɔːRmz	medium	r_gap:spelling=2,ipa=1; shave_says:𐑐𐑼𐑓𐑹𐑥𐑟
perfume	𐑐𐑩𐑓𐑿𐑥	pəfjuːm	𐑐𐑻𐑓𐑿𐑥, 𐑐𐑼𐑓𐑿𐑥	ˈpɜːRfjuːm	medium	r_gap:spelling=1,ipa=0; shave_says:[𐑐𐑻𐑓𐑿𐑥 / 𐑐𐑼𐑓𐑿𐑥]
perhaps	𐑐𐑩𐑣𐑨𐑐𐑕	pəhæps	𐑐𐑼𐑣𐑨𐑐𐑕	pəRˈhæps	medium	r_gap:spelling=1,ipa=0; shave_says:𐑐𐑼𐑣𐑨𐑐𐑕
periodically	𐑐𐑽𐑦𐑪𐑛𐑦𐑒𐑩𐑤𐑦	pɪərɪɒdɪkəli	𐑐𐑽𐑦𐑪𐑛𐑦𐑒𐑤𐑦	ˌpɪərɪˈɒdɪkli	high	
peripheral	𐑐𐑼𐑦𐑓𐑮𐑩𐑤	pərɪfrəl	𐑐𐑼𐑦𐑓𐑼𐑩𐑤	pəˈrɪfərəl	high	
permission	𐑐𐑩𐑥𐑦𐑖𐑩𐑯	pəmɪʃən	𐑐𐑼𐑥𐑦𐑖𐑩𐑯	pəRˈmɪʃən	medium	r_gap:spelling=1,ipa=0; shave_says:𐑐𐑼𐑥𐑦𐑕𐑾𐑯
permissions	𐑐𐑩𐑥𐑦𐑖𐑩𐑯𐑟	pəmɪʃənz	𐑐𐑼𐑥𐑦𐑖𐑩𐑯𐑟	pəRˈmɪʃənz	medium	r_gap:spelling=1,ipa=0; shave_says:𐑐𐑼𐑥𐑦𐑕𐑾𐑯𐑟
permit	𐑐𐑩𐑥𐑦𐑑	pəmɪt	𐑐𐑻𐑥𐑦𐑑, 𐑐𐑼𐑥𐑦𐑑	ˈpɜːRmɪt	medium	r_gap:spelling=1,ipa=0; shave_says:[𐑐𐑻𐑥𐑦𐑑 / 𐑐𐑼𐑥𐑦𐑑]
permits	𐑐𐑩𐑥𐑦𐑑𐑕	pəmɪts	𐑐𐑻𐑥𐑦𐑑𐑕, 𐑐𐑼𐑥𐑦𐑑𐑕	ˈpɜːRmɪts	medium	r_gap:spelling=1,ipa=0; shave_says:𐑐𐑻𐑥𐑦𐑑𐑕
permitted	𐑐𐑩𐑥𐑦𐑑𐑩𐑛	pəmɪtƏd	𐑐𐑼𐑥𐑦𐑑𐑩𐑛	pəRˈmɪtƏd	medium	r_gap:spelling=1,ipa=0; shave_says:𐑐𐑼𐑥𐑦𐑑𐑩𐑛
pernickety	𐑐𐑩𐑯𐑦𐑒𐑦𐑑𐑦	pənɪkɪti	𐑐𐑼𐑯𐑦𐑒𐑩𐑑𐑦	pəRˈnɪkəti	medium	r_gap:spelling=1,ipa=0; shave_says:𐑐𐑼𐑯𐑦𐑒𐑩𐑑𐑦
persist	𐑐𐑩𐑕𐑦𐑕𐑑	pəsɪst	𐑐𐑼𐑕𐑦𐑕𐑑	pəRˈsɪst	medium	r_gap:spelling=1,ipa=0; shave_says:𐑐𐑼𐑕𐑦𐑕𐑑
persistence	𐑐𐑩𐑕𐑦𐑕𐑑𐑩𐑯𐑕	pəsɪstəns	𐑐𐑼𐑕𐑦𐑕𐑑𐑩𐑯𐑕	pəRˈsɪstəns	medium	r_gap:spelling=1,ipa=0; shave_says:𐑐𐑼𐑕𐑦𐑕𐑑𐑩𐑯𐑕
persistent	𐑐𐑩𐑕𐑦𐑕𐑑𐑩𐑯𐑑	pəsɪstənt	𐑐𐑼𐑕𐑦𐑕𐑑𐑩𐑯𐑑	pəRˈsɪstənt	medium	r_gap:spelling=1,ipa=0; shave_says:𐑐𐑼𐑕𐑦𐑕𐑑𐑩𐑯𐑑
personally	𐑐𐑻𐑕𐑩𐑯𐑤𐑦	pɜːRsənli	𐑐𐑻𐑕𐑩𐑯𐑩𐑤𐑦	ˈpɜːRsənəli	high	
personally	𐑐𐑻𐑕𐑯𐑩𐑤𐑦	pɜːRsnəli	𐑐𐑻𐑕𐑩𐑯𐑩𐑤𐑦	ˈpɜːRsənəli	high	
perspective	𐑐𐑩𐑕𐑐𐑧𐑒𐑑𐑦𐑝	pəspektɪv	𐑐𐑼𐑕𐑐𐑧𐑒𐑑𐑦𐑝	pəRˈspektɪv	medium	r_gap:spelling=1,ipa=0; shave_says:𐑐𐑼𐑕𐑐𐑧𐑒𐑑𐑦𐑝
perspectives	𐑐𐑩𐑕𐑐𐑧𐑒𐑑𐑦𐑝𐑟	pəspektɪvz	𐑐𐑼𐑕𐑐𐑧𐑒𐑑𐑦𐑝𐑟	pəRˈspektɪvz	medium	r_gap:spelling=1,ipa=0; shave_says:𐑐𐑼𐑕𐑐𐑧𐑒𐑑𐑦𐑝𐑟
perspire	𐑐𐑩𐑕𐑐𐑲𐑼	pəspaɪəR	𐑐𐑼𐑕𐑐𐑲𐑼	pəRˈspaɪəR	medium	r_gap:spelling=2,ipa=1; shave_says:𐑐𐑼𐑕𐑐𐑲𐑼
persuade	𐑐𐑩𐑕𐑢𐑱𐑛	pəsweɪd	𐑐𐑼𐑕𐑢𐑱𐑛	pəRˈsweɪd	medium	r_gap:spelling=1,ipa=0; shave_says:𐑐𐑼𐑕𐑢𐑱𐑛
persuaded	𐑐𐑩𐑕𐑢𐑱𐑛𐑩𐑛	pəsweɪdƏd	𐑐𐑼𐑕𐑢𐑱𐑛𐑩𐑛	pəRˈsweɪdƏd	medium	r_gap:spelling=1,ipa=0; shave_says:𐑐𐑼𐑕𐑢𐑱𐑛𐑩𐑛
pervert	𐑐𐑩𐑝𐑻𐑑	pəvɜːRt	𐑐𐑻𐑝𐑻𐑑, 𐑐𐑼𐑝𐑻𐑑	ˈpɜːRvɜːRt	medium	r_gap:spelling=2,ipa=1; shave_says:[𐑐𐑻𐑝𐑼𐑑 / 𐑐𐑼𐑝𐑻𐑑]
peterborough	𐑐𐑰𐑑𐑩𐑚𐑼𐑩	piːtəbərə	𐑐𐑰𐑑𐑼𐑚𐑼𐑩	ˈpiːtəRbərə	medium	r_gap:spelling=2,ipa=1; shave_says:𐑐𐑰𐑑𐑼𐑚𐑼𐑩
petersburg	𐑐𐑰𐑑𐑩𐑟𐑚𐑻𐑜	piːtəzbɜːRɡ	𐑐𐑰𐑑𐑼𐑟𐑚𐑻𐑜	ˈpiːtəRzbɜːRɡ	medium	r_gap:spelling=2,ipa=1; shave_says:𐑐𐑰𐑑𐑼𐑟𐑚𐑼𐑜
petition	𐑐𐑦𐑑𐑦𐑖𐑩𐑯	pɪtˈɪʃən	𐑐𐑩𐑑𐑦𐑖𐑩𐑯	pəˈtɪʃən	high	
pharmaceutical	𐑓𐑸𐑥𐑩𐑕𐑿𐑑𐑦𐑒𐑩𐑤	fɑːRməsjuːtɪkəl	𐑓𐑸𐑥𐑩𐑕𐑵𐑑𐑦𐑒𐑩𐑤	ˌfɑːRməˈsuːtɪkəl	high	
pharmaceuticals	𐑓𐑸𐑥𐑩𐑕𐑿𐑑𐑦𐑒𐑩𐑤𐑟	fɑːRməsjuːtɪkəlz	𐑓𐑸𐑥𐑩𐑕𐑵𐑑𐑦𐑒𐑩𐑤𐑟	ˌfɑːRməˈsuːtɪkəlz	high	
phonological	𐑓𐑪𐑯𐑩𐑤𐑪𐑡𐑦𐑒𐑩𐑤	fˌɒnəlˈɒdʒɪkəl	𐑓𐑴𐑯𐑩𐑤𐑪𐑡𐑦𐑒𐑩𐑤	ˌfəʊnəˈlɒdʒɪkəl	high	
photograph	𐑓𐑴𐑑𐑩𐑜𐑮𐑭𐑓	fəʊtəɡrɑːf	𐑓𐑴𐑑𐑩𐑜𐑮𐑨𐑓	ˈfəʊtəɡræf	high	ml_disagrees:𐑓𐑴𐑑𐑩𐑜𐑮ɑ𐑨𐑓; shave_agrees
photographs	𐑓𐑴𐑑𐑩𐑜𐑮𐑭𐑓𐑕	fəʊtəɡrɑːfs	𐑓𐑴𐑑𐑩𐑜𐑮𐑨𐑓𐑕	ˈfəʊtəɡræfs	high	
physically	𐑓𐑦𐑟𐑦𐑒𐑩𐑤𐑦	fˈɪzɪkəli	𐑓𐑦𐑟𐑦𐑒𐑤𐑦	ˈfɪzɪkli	high	
pictures	𐑐𐑦𐑒𐑗𐑩𐑟	pɪktʃəz	𐑐𐑦𐑒𐑗𐑼𐑟	ˈpɪktʃəRz	medium	r_gap:spelling=1,ipa=0; shave_says:𐑐𐑦𐑒𐑗𐑼𐑟
pierre	𐑐𐑰𐑺	piːeəR	𐑐𐑦𐑺	piˈeəR	medium	r_gap:spelling=2,ipa=1; shave_says:𐑐𐑦𐑺
pierre	𐑐𐑽	pɪəR	𐑐𐑦𐑺	piˈeəR	medium	r_gap:spelling=2,ipa=1; shave_says:𐑐𐑦𐑺
pigeon	𐑐𐑦𐑡𐑦𐑯	pˈɪdʒɪn	𐑐𐑦𐑡𐑩𐑯	ˈpɪdʒən	high	
pioneer	𐑐𐑲𐑼𐑯𐑽	paɪəRnɪəR	𐑐𐑲𐑩𐑯𐑽	ˌpaɪəˈnɪəR	high	
piranha	𐑐𐑦𐑮𐑭𐑯𐑩	pɪrɑːnə	𐑐𐑦𐑮𐑨𐑯𐑘𐑩, 𐑐𐑦𐑮𐑭𐑯𐑘𐑩	pɪˈrⱭːnjə	high	
pirate	𐑐𐑲𐑮𐑦𐑑	paɪrɪt	𐑐𐑲𐑮𐑩𐑑	ˈpaɪrət	high	
plaid	𐑐𐑤𐑱𐑛	plˈeɪd	𐑐𐑤𐑨𐑛	plæd	high	
plait	𐑐𐑤𐑱𐑑	plˈeɪt	𐑐𐑤𐑨𐑑	plæt	high	
planet	𐑐𐑤𐑨𐑯𐑦𐑑	plˈænɪt	𐑐𐑤𐑨𐑯𐑩𐑑	ˈplænIt	high	
planets	𐑐𐑤𐑨𐑯𐑦𐑑𐑕	plˈænɪts	𐑐𐑤𐑨𐑯𐑩𐑑𐑕	ˈplænIts	high	
platypus	𐑐𐑤𐑨𐑑𐑦𐑐𐑩𐑕	plˈætɪpəs	𐑐𐑤𐑨𐑑𐑦𐑐𐑫𐑕	ˈplætɪpʊs	high	
plead	𐑐𐑤𐑧𐑛	plˈed	𐑐𐑤𐑰𐑛	pliːd	high	
plug-in	𐑐𐑤𐑳𐑜𐑦𐑯	plˈʌɡɪn	𐑐𐑤𐑳𐑜-𐑦𐑯	ˈplʌɡ-ɪn	high	
pockets	𐑐𐑪𐑒𐑦𐑑𐑕	pˈɒkɪts	𐑐𐑪𐑒𐑩𐑑𐑕	ˈpɒkIts	high	
poem	𐑐𐑴𐑦𐑥	pˈəʊɪm	𐑐𐑴𐑩𐑥	ˈpəʊəm	high	
poems	𐑐𐑴𐑦𐑥𐑟	pˈəʊɪmz	𐑐𐑴𐑩𐑥𐑟	ˈpəʊəmz	high	
poet	𐑐𐑴𐑦𐑑	pˈəʊɪt	𐑐𐑴𐑩𐑑	ˈpəʊət	high	
poetry	𐑐𐑴𐑦𐑑𐑮𐑦	pəʊɪtri	𐑐𐑴𐑩𐑑𐑮𐑦	ˈpəʊətri	high	
poets	𐑐𐑴𐑦𐑑𐑕	pˈəʊɪts	𐑐𐑴𐑩𐑑𐑕	ˈpəʊəts	high	
pointless	𐑐𐑶𐑯𐑑𐑤𐑦𐑕	pˈɔɪntlɪs	𐑐𐑶𐑯𐑑𐑤𐑩𐑕	ˈpɔɪntləs	high	
policies	𐑐𐑪𐑤𐑦𐑕𐑦𐑟	pˈɒlɪsiz	𐑐𐑪𐑤𐑩𐑕𐑦𐑟	ˈpɒləsiz	high	
policy	𐑐𐑪𐑤𐑦𐑕𐑦	pˈɒlɪsi	𐑐𐑪𐑤𐑩𐑕𐑦	ˈpɒləsi	high	
polio	𐑐𐑴𐑤𐑾𐑫	pˈəʊlɪəʊ	𐑐𐑴𐑤𐑦𐑴	ˈpəʊliəʊ	high	
politically	𐑐𐑩𐑤𐑦𐑑𐑦𐑒𐑩𐑤𐑦	pəlˈɪtɪkəli	𐑐𐑩𐑤𐑦𐑑𐑦𐑒𐑤𐑦	pəˈlɪtɪkli	high	
politics	𐑐𐑪𐑤𐑦𐑑𐑦𐑒𐑕	pˈɒlɪtˌɪks	𐑐𐑪𐑤𐑩𐑑𐑦𐑒𐑕	ˈpɒlətɪks	high	
polyester	𐑐𐑪𐑤𐑰𐑧𐑕𐑑𐑼	pɒliːestəR	𐑐𐑪𐑤𐑦𐑧𐑕𐑑𐑼	ˌpɒlɪˈestəR	high	
poof	𐑐𐑫𐑓	pˈʊf	𐑐𐑵𐑓	puːf	high	
poor	𐑐𐑹	pɔːR	𐑐𐑫𐑼	pʊəR	high	
poorer	𐑐𐑹𐑼	pɔːrəR	𐑐𐑫𐑼𐑼	ˈpʊərəR	high	
poorly	𐑐𐑹𐑤𐑦	pɔːRli	𐑐𐑫𐑼𐑤𐑦	ˈpʊəRli	high	
porcelain	𐑐𐑹𐑕𐑤𐑦𐑯	pɔːRslɪn	𐑐𐑹𐑕𐑩𐑤𐑦𐑯	ˈpɔːRsəlɪn	high	
portfolio	𐑐𐑹𐑑𐑓𐑴𐑤𐑾𐑫	pɔːRtfəʊlɪəʊ	𐑐𐑹𐑑𐑓𐑴𐑤𐑦𐑴	pɔːRtˈfəʊliəʊ	high	
portrait	𐑐𐑹𐑑𐑮𐑱𐑑	pɔːRtreɪt	𐑐𐑹𐑑𐑮𐑦𐑑	ˈpɔːRtrɪt	high	
portraits	𐑐𐑹𐑑𐑮𐑱𐑑𐑕	pɔːRtreɪts	𐑐𐑹𐑑𐑮𐑦𐑑𐑕	ˈpɔːRtrɪts	high	
portugal	𐑐𐑹𐑗𐑫𐑜𐑩𐑤	pɔːRtʃʊɡəl	𐑐𐑹𐑗𐑩𐑜𐑩𐑤	ˈpɔːRtʃəɡəl	high	
portuguese	𐑐𐑹𐑗𐑫𐑜𐑰𐑟	pɔːRtʃʊɡiːz	𐑐𐑹𐑗𐑩𐑜𐑰𐑟	ˌpɔːRtʃəˈɡiːz	high	
positive	𐑐𐑪𐑟𐑦𐑑𐑦𐑝	pˈɒzɪtɪv	𐑐𐑪𐑟𐑩𐑑𐑦𐑝	ˈpɒzətɪv	high	
positively	𐑐𐑪𐑟𐑦𐑑𐑦𐑝𐑤𐑦	pˈɒzɪtɪvli	𐑐𐑪𐑟𐑩𐑑𐑦𐑝𐑤𐑦	ˈpɒzətɪvli	high	
postcard	𐑐𐑴𐑕𐑒𐑸𐑛	pəʊskɑːRd	𐑐𐑴𐑕𐑑𐑒𐑸𐑛	ˈpəʊstkɑːRd	high	
postcards	𐑐𐑴𐑕𐑒𐑸𐑛𐑟	pəʊskɑːRdz	𐑐𐑴𐑕𐑑𐑒𐑸𐑛𐑟	ˈpəʊstkɑːRdz	high	
postgraduate	𐑐𐑴𐑕𐑑𐑜𐑮𐑨𐑛𐑘𐑩𐑼𐑑	pəʊstɡrædjəəRt	𐑐𐑴𐑕𐑑𐑜𐑮𐑨𐑡𐑫𐑩𐑑	ˌpəʊstˈɡrædʒuət	medium	ml_disagrees:𐑐𐑴𐑕𐑑𐑜𐑮𐑨𐑡𐑫𐑼𐑑; shave_says:𐑐𐑴𐑕𐑑𐑜𐑮𐑨𐑡𐑵𐑩𐑑
postpone	𐑐𐑩𐑕𐑐𐑴𐑯	pəspˈəʊn	𐑐𐑴𐑕𐑑𐑐𐑴𐑯	pəʊstˈpəʊn	high	
poverty	𐑐𐑪𐑝𐑩𐑑𐑦	pɒvəti	𐑐𐑪𐑝𐑼𐑑𐑦	ˈpɒvəRti	medium	r_gap:spelling=1,ipa=0; shave_says:𐑐𐑪𐑝𐑼𐑑𐑦
pow	𐑐𐑬	pˈaʊ	⸰𐑐-𐑝-𐑢	ˌpiːˌəʊˈdʌbəljuː	high	
practically	𐑐𐑮𐑨𐑒𐑑𐑦𐑒𐑩𐑤𐑦	præktɪkəli	𐑐𐑮𐑨𐑒𐑑𐑦𐑒𐑤𐑦	ˈpræktɪkli	high	
practitioner	𐑐𐑮𐑨𐑒𐑑𐑦𐑖𐑯𐑼	præktɪʃnəR	𐑐𐑮𐑨𐑒𐑑𐑦𐑖𐑩𐑯𐑼	prækˈtɪʃənəR	high	
practitioners	𐑐𐑮𐑨𐑒𐑑𐑦𐑖𐑯𐑼𐑟	præktɪʃnəRz	𐑐𐑮𐑨𐑒𐑑𐑦𐑖𐑩𐑯𐑼𐑟	prækˈtɪʃənəRz	high	
prayer	𐑐𐑮𐑱𐑼	preɪəR	𐑐𐑮𐑺	preəR	high	
prayers	𐑐𐑮𐑱𐑼𐑟	preɪəRz	𐑐𐑮𐑺𐑟	preəRz	high	
precipitate	𐑐𐑮𐑦𐑕𐑦𐑐𐑦𐑑𐑦𐑑	prɪsɪpɪtɪt	𐑐𐑮𐑦𐑕𐑦𐑐𐑦𐑑𐑩𐑑, 𐑐𐑮𐑦𐑕𐑦𐑐𐑦𐑑𐑱𐑑	prɪˈsɪpɪtət	high	
preferably	𐑐𐑮𐑧𐑓𐑮𐑩𐑚𐑤𐑦	prefrəbli	𐑐𐑮𐑧𐑓𐑼𐑩𐑚𐑤𐑦	ˈprefərəbli	high	
preference	𐑐𐑮𐑧𐑓𐑮𐑩𐑯𐑕	prefrəns	𐑐𐑮𐑧𐑓𐑼𐑩𐑯𐑕	ˈprefərəns	high	
premature	𐑐𐑮𐑰𐑥𐑩𐑗𐑫𐑼	priːmətʃʊəR	𐑐𐑮𐑧𐑥𐑩𐑗𐑫𐑼	ˈpremətʃʊəR	high	
premiere	𐑐𐑮𐑧𐑥𐑽	premɪəR	𐑐𐑮𐑧𐑥𐑦𐑺	ˈpremɪeəR	high	
preservation	𐑐𐑮𐑧𐑟𐑩𐑝𐑱𐑖𐑩𐑯	prezəveɪʃən	𐑐𐑮𐑧𐑟𐑼𐑝𐑱𐑖𐑩𐑯	ˌprezəRˈveɪʃən	medium	r_gap:spelling=2,ipa=1; shave_says:𐑐𐑮𐑧𐑟𐑼𐑝𐑱𐑖𐑩𐑯
pressures	𐑐𐑮𐑧𐑖𐑩𐑟	preʃəz	𐑐𐑮𐑧𐑖𐑼𐑟	ˈpreʃəRz	medium	r_gap:spelling=2,ipa=1; shave_says:𐑐𐑮𐑧𐑖𐑼𐑟
primarily	𐑐𐑮𐑲𐑥𐑧𐑮𐑦𐑤𐑦	praɪmerɪli	𐑐𐑮𐑲𐑥𐑼𐑩𐑤𐑦	ˈpraɪmərəli	high	
primarily	𐑐𐑮𐑲𐑥𐑼𐑦𐑤𐑦	praɪmərɪli	𐑐𐑮𐑲𐑥𐑼𐑩𐑤𐑦	ˈpraɪmərəli	high	
principal	𐑐𐑮𐑦𐑯𐑕𐑦𐑐𐑩𐑤	prɪnsɪpəl	𐑐𐑮𐑦𐑯𐑕𐑩𐑐𐑩𐑤	ˈprɪnsəpəl	high	ml_disagrees:𐑐𐑮𐑦𐑯𐑕𐑩𐑐𐑩𐑤; shave_agrees
principally	𐑐𐑮𐑦𐑯𐑕𐑦𐑐𐑤𐑦	prɪnsɪpli	𐑐𐑮𐑦𐑯𐑕𐑩𐑐𐑤𐑦	ˈprɪnsəpli	high	
prisoner	𐑐𐑮𐑦𐑟𐑯𐑼	prɪznəR	𐑐𐑮𐑦𐑟𐑩𐑯𐑼	ˈprɪzənəR	high	
prisoners	𐑐𐑮𐑦𐑟𐑯𐑼𐑟	prɪznəRz	𐑐𐑮𐑦𐑟𐑩𐑯𐑼𐑟	ˈprɪzənəRz	high	
privacy	𐑐𐑮𐑲𐑝𐑩𐑕𐑦	praɪvəsi	𐑐𐑮𐑦𐑝𐑩𐑕𐑦	ˈprɪvəsi	high	
privately	𐑐𐑮𐑲𐑝𐑦𐑑𐑤𐑦	praɪvɪtli	𐑐𐑮𐑲𐑝𐑩𐑑𐑤𐑦	ˈpraɪvətli	high	
privatisation	𐑐𐑮𐑲𐑝𐑦𐑑𐑲𐑟𐑱𐑖𐑩𐑯	praɪvɪtaɪzeɪʃən	𐑐𐑮𐑲𐑝𐑩𐑑𐑲𐑟𐑱𐑖𐑩𐑯	ˌpraɪvətaɪˈzeɪʃən	high	
privatization	𐑐𐑮𐑲𐑝𐑦𐑑𐑲𐑟𐑱𐑖𐑩𐑯	praɪvɪtaɪzeɪʃən	𐑐𐑮𐑲𐑝𐑩𐑑𐑲𐑟𐑱𐑖𐑩𐑯	ˌpraɪvətaɪˈzeɪʃən	high	
privilege	𐑐𐑮𐑦𐑝𐑤𐑦𐑡	prɪvlɪdʒ	𐑐𐑮𐑦𐑝𐑩𐑤𐑦𐑡	ˈprɪvəlɪdʒ	high	
privilege	𐑐𐑮𐑦𐑝𐑦𐑤𐑦𐑡	prɪvɪlɪdʒ	𐑐𐑮𐑦𐑝𐑩𐑤𐑦𐑡	ˈprɪvəlɪdʒ	high	
privileged	𐑐𐑮𐑦𐑝𐑤𐑦𐑡𐑛	prɪvlɪdʒd	𐑐𐑮𐑦𐑝𐑩𐑤𐑦𐑡𐑛	ˈprɪvəlɪdʒd	high	
privileged	𐑐𐑮𐑦𐑝𐑦𐑤𐑦𐑡𐑛	prɪvɪlɪdʒd	𐑐𐑮𐑦𐑝𐑩𐑤𐑦𐑡𐑛	ˈprɪvəlɪdʒd	high	
privileges	𐑐𐑮𐑦𐑝𐑤𐑦𐑡𐑩𐑟	prɪvlɪdʒƏz	𐑐𐑮𐑦𐑝𐑩𐑤𐑦𐑡𐑩𐑟	ˈprɪvəlɪdʒƏz	high	
privileges	𐑐𐑮𐑦𐑝𐑦𐑤𐑦𐑡𐑩𐑟	prɪvɪlɪdʒƏz	𐑐𐑮𐑦𐑝𐑩𐑤𐑦𐑡𐑩𐑟	ˈprɪvəlɪdʒƏz	high	
procedures	𐑐𐑮𐑩𐑕𐑰𐑡𐑩𐑟	prəsiːdʒəz	𐑐𐑮𐑩𐑕𐑰𐑡𐑼𐑟	prəˈsiːdʒəRz	medium	r_gap:spelling=2,ipa=1; shave_says:𐑐𐑮𐑩𐑕𐑰𐑡𐑼𐑟
prohibit	𐑐𐑮𐑴𐑣𐑦𐑚𐑦𐑑	prəʊhɪbɪt	𐑐𐑮𐑩𐑣𐑦𐑚𐑦𐑑	prəˈhɪbɪt	high	
prohibited	𐑐𐑮𐑴𐑣𐑦𐑚𐑦𐑑𐑩𐑛	prəʊhɪbɪtƏd	𐑐𐑮𐑩𐑣𐑦𐑚𐑦𐑑𐑩𐑛	prəˈhɪbɪtƏd	high	
promptly	𐑐𐑮𐑪𐑥𐑐𐑤𐑦	prɒmpli	𐑐𐑮𐑪𐑥𐑐𐑑𐑤𐑦	ˈprɒmptli	high	
properly	𐑐𐑮𐑪𐑐𐑩𐑤𐑦	prɒpəli	𐑐𐑮𐑪𐑐𐑼𐑤𐑦	ˈprɒpəRli	medium	r_gap:spelling=2,ipa=1; shave_says:𐑐𐑮𐑪𐑐𐑼𐑤𐑦
properties	𐑐𐑮𐑪𐑐𐑩𐑑𐑦𐑟	prɒpətiz	𐑐𐑮𐑪𐑐𐑼𐑑𐑦𐑟	ˈprɒpəRtiz	medium	r_gap:spelling=2,ipa=1; shave_says:𐑐𐑮𐑪𐑐𐑼𐑑𐑦𐑟
property	𐑐𐑮𐑪𐑐𐑩𐑑𐑦	prɒpəti	𐑐𐑮𐑪𐑐𐑼𐑑𐑦	ˈprɒpəRti	medium	r_gap:spelling=2,ipa=1; shave_says:𐑐𐑮𐑪𐑐𐑼𐑑𐑦
prophet	𐑐𐑮𐑪𐑓𐑦𐑑	prɒfɪt	𐑐𐑮𐑪𐑓𐑩𐑑	ˈprɒfIt	high	
prototype	𐑐𐑮𐑴𐑑𐑩𐑑𐑲𐑐	prəʊtətaɪp	𐑐𐑮𐑴𐑑𐑴𐑑𐑲𐑐	ˈprəʊtəʊtaɪp	high	
publicity	𐑐𐑩𐑚𐑤𐑦𐑕𐑦𐑑𐑦	pəblˈɪsɪti	𐑐𐑳𐑚𐑤𐑦𐑕𐑦𐑑𐑦	pʌbˈlɪsɪti	high	
purchased	𐑐𐑻𐑗𐑦𐑕𐑑	pɜːRtʃɪst	𐑐𐑻𐑗𐑩𐑕𐑑	ˈpɜːRtʃəst	medium	ml_disagrees:𐑐𐑻𐑗𐑧𐑕𐑑; shave_says:𐑐𐑻𐑗𐑩𐑕𐑑
pure	𐑐𐑘𐑩𐑼	pjəəR	𐑐𐑘𐑫𐑼	pjʊəR	high	
puree	𐑐𐑘𐑩𐑼𐑱	pjəəreɪ	𐑐𐑘𐑫𐑼𐑱	ˈpjʊəreɪ	high	
purely	𐑐𐑘𐑩𐑼𐑤𐑦	pjəəRli	𐑐𐑘𐑫𐑼𐑤𐑦	ˈpjʊəRli	high	
purity	𐑐𐑘𐑩𐑼𐑰	pjəəriː	𐑐𐑘𐑫𐑼𐑦𐑑𐑦	ˈpjʊərɪti	high	
pursuant	𐑐𐑩𐑕𐑿𐑩𐑯𐑑	pəsjuːənt	𐑐𐑼𐑕𐑿𐑩𐑯𐑑	pəRˈsjuːənt	medium	r_gap:spelling=1,ipa=0; shave_says:𐑐𐑼𐑕𐑿𐑩𐑯𐑑
pursue	𐑐𐑩𐑕𐑿	pəsjuː	𐑐𐑼𐑕𐑿	pəRˈsjuː	medium	r_gap:spelling=1,ipa=0; shave_says:𐑐𐑼𐑕𐑿
pursued	𐑐𐑩𐑕𐑿𐑛	pəsjuːd	𐑐𐑼𐑕𐑿𐑛	pəRˈsjuːd	medium	r_gap:spelling=1,ipa=0; shave_says:𐑐𐑼𐑕𐑿𐑛
pursuing	𐑐𐑩𐑕𐑿𐑦𐑙	pəsjuːɪŋ	𐑐𐑼𐑕𐑿𐑦𐑙	pəRˈsjuːɪŋ	medium	r_gap:spelling=1,ipa=0; shave_says:𐑐𐑼𐑕𐑿𐑦𐑙
pursuit	𐑐𐑩𐑕𐑿𐑑	pəsjuːt	𐑐𐑼𐑕𐑿𐑑	pəRˈsjuːt	medium	r_gap:spelling=1,ipa=0; shave_says:𐑐𐑼𐑕𐑿𐑑
pylon	𐑐𐑲𐑤𐑩𐑯	pˈaɪlən	𐑐𐑲𐑤𐑪𐑯	ˈpaɪlɒn	high	
pyramid	𐑐𐑦𐑮𐑩𐑥𐑩𐑛	pɪrəmƏd	𐑐𐑦𐑮𐑩𐑥𐑦𐑛	ˈpɪrəmɪd	high	
qatar	𐑒𐑨𐑑𐑸	kætɑːR	𐑒𐑳𐑑𐑸	kʌˈtɑːR	high	
quagmire	𐑒𐑢𐑪𐑜𐑥𐑲𐑼	kwɒɡmaɪəR	𐑒𐑢𐑨𐑜𐑥𐑲𐑼	ˈkwæɡmaɪəR	high	
qualitative	𐑒𐑢𐑪𐑤𐑦𐑑𐑱𐑑𐑦𐑝	kwˈɒlɪtˌeɪtɪv	𐑒𐑢𐑪𐑤𐑦𐑑𐑩𐑑𐑦𐑝	ˈkwɒlɪtətɪv	high	
quarter	𐑒𐑹𐑑𐑼	kɔːRtəR	𐑒𐑢𐑹𐑑𐑼	ˈkwɔːRtəR	high	
quarterly	𐑒𐑢𐑹𐑑𐑩𐑤𐑦	kwɔːRtəli	𐑒𐑢𐑹𐑑𐑼𐑤𐑦	ˈkwɔːRtəRli	medium	r_gap:spelling=2,ipa=1; shave_says:𐑒𐑢𐑹𐑑𐑼𐑤𐑦
quebec	𐑒𐑢𐑦𐑚𐑧𐑒	kwɪbˈek	𐑒𐑢𐑩𐑚𐑧𐑒	kwəˈbek	high	
queensland	𐑒𐑢𐑰𐑯𐑟𐑤𐑩𐑯𐑛	kwˈiːnzlənd	𐑒𐑢𐑰𐑯𐑟𐑤𐑨𐑯𐑛	ˈkwiːnzlænd	high	
ra	𐑮𐑭	rɑː	𐑸𐑱	ˌɑːˈreɪ	high	
rabid	𐑮𐑨𐑚𐑩𐑛	ræbƏd	𐑮𐑨𐑚𐑦𐑛	ˈræbɪd	high	
raf	𐑮𐑨𐑓	ræf	𐑸𐑱𐑧𐑓	ˌɑːˌreɪˈef	high	
raisins	𐑮𐑱𐑟𐑦𐑯𐑟	reɪzɪnz	𐑮𐑱𐑟𐑩𐑯𐑟	ˈreɪzənz	high	
ranch	𐑮𐑭𐑯𐑗	rɑːntʃ	𐑮𐑨𐑯𐑗	ræntʃ	high	
rapid	𐑮𐑨𐑐𐑩𐑛	ræpƏd	𐑮𐑨𐑐𐑦𐑛	ˈræpɪd	high	
rapidly	𐑮𐑨𐑐𐑩𐑛𐑤𐑦	ræpƏdli	𐑮𐑨𐑐𐑦𐑛𐑤𐑦	ˈræpɪdli	high	
raspberry	𐑮𐑭𐑟𐑚𐑮𐑦	rɑːzbri	𐑮𐑨𐑟𐑚𐑼𐑦, 𐑮𐑭𐑟𐑚𐑼𐑦	ˈrⱭːzbəri	medium	r_gap:spelling=3,ipa=2; shave_says:𐑮𐑭𐑟𐑚𐑼𐑦
ratio	𐑮𐑱𐑖𐑾𐑫	reɪʃɪəʊ	𐑮𐑱𐑖𐑦𐑴	ˈreɪʃiəʊ	high	
rational	𐑮𐑨𐑖𐑯𐑩𐑤	ræʃnəl	𐑮𐑨𐑖𐑩𐑯𐑩𐑤	ˈræʃənəl	high	
ratios	𐑮𐑱𐑖𐑾𐑫𐑟	reɪʃɪəʊz	𐑮𐑱𐑖𐑦𐑴𐑟	ˈreɪʃiəʊz	high	
realtor	𐑮𐑾𐑤𐑑𐑹	rɪəltɔːR	𐑮𐑾𐑤𐑑𐑼	ˈrɪəltəR	high	
realtors	𐑮𐑾𐑤𐑑𐑹𐑟	rɪəltɔːRz	𐑮𐑾𐑤𐑑𐑼𐑟	ˈrɪəltəRz	high	
reasonable	𐑮𐑰𐑟𐑯𐑩𐑚𐑩𐑤	riːznəbəl	𐑮𐑰𐑟𐑩𐑯𐑩𐑚𐑩𐑤	ˈriːzənəbəl	high	
reassure	𐑮𐑰𐑩𐑖𐑷	riːəʃɔː	𐑮𐑰𐑩𐑖𐑫𐑼	ˌriː+əˈʃʊəR	low	ml_disagrees:𐑮𐑰𐑩𐑖𐑷𐑮; r_gap:spelling=2,ipa=1; shave_says:𐑮𐑰𐑩𐑖𐑫𐑼
recall	𐑮𐑰𐑒𐑷𐑤	riːkɔːl	𐑮𐑦𐑒𐑷𐑤	rɪˈkɔːl	high	
recalls	𐑮𐑰𐑒𐑷𐑤𐑟	riːkɔːlz	𐑮𐑦𐑒𐑷𐑤𐑟	rɪˈkɔːlz	high	
recipe	𐑮𐑧𐑕𐑦𐑐𐑦	resɪpi	𐑮𐑧𐑕𐑩𐑐𐑦	ˈresəpi	high	
recipes	𐑮𐑧𐑕𐑦𐑐𐑦𐑟	resɪpiz	𐑮𐑧𐑕𐑩𐑐𐑦𐑟	ˈresəpiz	high	
recommendation	𐑮𐑧𐑒𐑩𐑥𐑩𐑯𐑛𐑱𐑖𐑩𐑯	rekəməndeɪʃən	𐑮𐑧𐑒𐑩𐑥𐑧𐑯𐑛𐑱𐑖𐑩𐑯	ˌrekəmenˈdeɪʃən	high	
recommendations	𐑮𐑧𐑒𐑩𐑥𐑩𐑯𐑛𐑱𐑖𐑩𐑯𐑟	rekəməndeɪʃənz	𐑮𐑧𐑒𐑩𐑥𐑧𐑯𐑛𐑱𐑖𐑩𐑯𐑟	ˌrekəmenˈdeɪʃənz	high	
recovery	𐑮𐑦𐑒𐑳𐑝𐑮𐑦	rɪkʌvri	𐑮𐑦𐑒𐑳𐑝𐑼𐑦	rɪˈkʌvəri	high	
recreation	𐑮𐑰𐑒𐑮𐑦𐑱𐑖𐑩𐑯	riːkrɪeɪʃən	𐑮𐑧𐑒𐑮𐑦𐑱𐑖𐑩𐑯	ˌrekrɪˈeɪʃən	high	
recycling	𐑮𐑦𐑕𐑲𐑒𐑤𐑦𐑙	rɪsaɪklɪŋ	𐑮𐑰𐑕𐑲𐑒𐑤𐑦𐑙	ˌriːˈsaɪklɪŋ	high	
reference	𐑮𐑧𐑓𐑮𐑩𐑯𐑕	refrəns	𐑮𐑧𐑓𐑼𐑩𐑯𐑕	ˈrefərəns	high	
referenced	𐑮𐑧𐑓𐑮𐑩𐑯𐑕𐑑	refrənst	𐑮𐑧𐑓𐑼𐑩𐑯𐑕𐑑	ˈrefərənst	high	
references	𐑮𐑧𐑓𐑮𐑩𐑯𐑕𐑩𐑟	refrənsƏz	𐑮𐑧𐑓𐑼𐑩𐑯𐑕𐑩𐑟	ˈrefərənsƏz	high	
referral	𐑮𐑦𐑓𐑧𐑮𐑩𐑤	rɪferəl	𐑮𐑦𐑓𐑻𐑩𐑤	rɪˈfɜːrəl	medium	r_gap:spelling=3,ipa=2; shave_says:𐑮𐑦𐑓𐑻𐑩𐑤
referrals	𐑮𐑦𐑓𐑧𐑮𐑩𐑤𐑟	rɪferəlz	𐑮𐑦𐑓𐑻𐑩𐑤𐑟	rɪˈfɜːrəlz	medium	r_gap:spelling=3,ipa=2; shave_says:𐑮𐑦𐑓𐑻𐑩𐑤𐑟
reflex	𐑮𐑦𐑓𐑤𐑧𐑒𐑕	rɪfleks	𐑮𐑰𐑓𐑤𐑧𐑒𐑕	ˈriːfleks	high	
refugee	𐑮𐑧𐑓𐑿𐑡𐑦	refjuːdʒi	𐑮𐑧𐑓𐑘𐑫𐑡𐑰	ˌrefjʊˈdʒiː	high	
refugees	𐑮𐑧𐑓𐑿𐑡𐑦𐑟	refjuːdʒiz	𐑮𐑧𐑓𐑘𐑫𐑡𐑰𐑟	ˌrefjʊˈdʒiːz	high	
refurbished	𐑮𐑦𐑓𐑻𐑚𐑦𐑖𐑑	rɪfɜːRbɪʃt	𐑮𐑰𐑓𐑻𐑚𐑦𐑖𐑑	ˌriːˈfɜːRbɪʃt	high	
refuse	𐑮𐑧𐑓𐑿𐑟	refjuːz	𐑮𐑦𐑓𐑿𐑟, 𐑮𐑧𐑓𐑿𐑕	ˈrefjuːs	high	
reg	𐑮𐑧𐑜	reɡ	𐑮𐑧𐑡	redʒ	high	
regain	𐑮𐑰𐑜𐑱𐑯	riːɡeɪn	𐑮𐑦𐑜𐑱𐑯	rɪˈɡeɪn	high	
regularly	𐑮𐑧𐑜𐑘𐑩𐑤𐑩𐑤𐑦	reɡjələli	𐑮𐑧𐑜𐑘𐑩𐑤𐑼𐑤𐑦	ˈreɡjələRli	medium	r_gap:spelling=2,ipa=1; shave_says:𐑮𐑧𐑜𐑿𐑤𐑼𐑤𐑦
relevance	𐑮𐑧𐑤𐑦𐑝𐑩𐑯𐑕	relɪvəns	𐑮𐑧𐑤𐑩𐑝𐑩𐑯𐑕	ˈreləvəns	high	
relevant	𐑮𐑧𐑤𐑦𐑝𐑩𐑯𐑑	relɪvənt	𐑮𐑧𐑤𐑩𐑝𐑩𐑯𐑑	ˈreləvənt	high	
relocation	𐑮𐑦𐑤𐑴𐑒𐑱𐑖𐑩𐑯	rɪləʊkeɪʃən	𐑮𐑰𐑤𐑴𐑒𐑱𐑖𐑩𐑯	ˌriːləʊˈkeɪʃən	high	
remedies	𐑮𐑧𐑥𐑦𐑛𐑦𐑟	remɪdiz	𐑮𐑧𐑥𐑩𐑛𐑦𐑟	ˈremədiz	high	
remedy	𐑮𐑧𐑥𐑦𐑛𐑦	remɪdi	𐑮𐑧𐑥𐑩𐑛𐑦	ˈremədi	high	
remembering	𐑮𐑦𐑥𐑧𐑥𐑚𐑮𐑦𐑙	rɪmembrɪŋ	𐑮𐑦𐑥𐑧𐑥𐑚𐑼𐑦𐑙	rɪˈmembərɪŋ	high	
renaissance	𐑮𐑩𐑯𐑱𐑕𐑩𐑯𐑕	rəneɪsəns	𐑮𐑦𐑯𐑱𐑕𐑩𐑯𐑕	rɪˈneɪsəns	high	
repertoire	𐑮𐑧𐑐𐑩𐑑𐑢𐑭	repətwɑː	𐑮𐑧𐑐𐑼𐑑𐑢𐑸	ˈrepəRtwɑːR	medium	r_gap:spelling=3,ipa=1; shave_says:𐑮𐑧𐑐𐑼𐑑𐑢𐑸
replicate	𐑮𐑧𐑐𐑤𐑦𐑒𐑦𐑑	replɪkɪt	𐑮𐑧𐑐𐑤𐑦𐑒𐑱𐑑	ˈreplɪkeɪt	high	
requirement	𐑮𐑦𐑒𐑢𐑲𐑩𐑥𐑩𐑯𐑑	rɪkwaɪəmənt	𐑮𐑦𐑒𐑢𐑲𐑼𐑥𐑩𐑯𐑑	rɪˈkwaɪəRmənt	medium	r_gap:spelling=2,ipa=1; shave_says:𐑮𐑦𐑒𐑢𐑲𐑼𐑥𐑩𐑯𐑑
requirements	𐑮𐑦𐑒𐑢𐑲𐑩𐑥𐑩𐑯𐑑𐑕	rɪkwaɪəmənts	𐑮𐑦𐑒𐑢𐑲𐑼𐑥𐑩𐑯𐑑𐑕	rɪˈkwaɪəRmənts	medium	r_gap:spelling=2,ipa=1; shave_says:𐑮𐑦𐑒𐑢𐑲𐑼𐑥𐑩𐑯𐑑𐑕
requires	𐑮𐑦𐑒𐑢𐑲𐑩𐑟	rɪkwaɪəz	𐑮𐑦𐑒𐑢𐑲𐑼𐑟	rɪˈkwaɪəRz	medium	r_gap:spelling=2,ipa=1; shave_says:𐑮𐑦𐑒𐑢𐑲𐑼𐑟
research	𐑮𐑰𐑕𐑻𐑗	riːsɜːRtʃ	𐑮𐑦𐑕𐑻𐑗	rɪˈsɜːRtʃ	high	
researcher	𐑮𐑰𐑕𐑻𐑑𐑼	riːsɜːRtəR	𐑮𐑦𐑕𐑻𐑗𐑼	rɪˈsɜːRtʃəR	high	
researchers	𐑮𐑰𐑕𐑻𐑑𐑼𐑟	riːsɜːRtəRz	𐑮𐑦𐑕𐑻𐑗𐑼𐑟	rɪˈsɜːRtʃəRz	high	
reservation	𐑮𐑧𐑟𐑩𐑝𐑱𐑖𐑩𐑯	rezəveɪʃən	𐑮𐑧𐑟𐑼𐑝𐑱𐑖𐑩𐑯	ˌrezəRˈveɪʃən	medium	r_gap:spelling=2,ipa=1; shave_says:𐑮𐑧𐑟𐑼𐑝𐑱𐑖𐑩𐑯
reservations	𐑮𐑧𐑟𐑩𐑝𐑱𐑖𐑩𐑯𐑟	rezəveɪʃənz	𐑮𐑧𐑟𐑼𐑝𐑱𐑖𐑩𐑯𐑟	ˌrezəRˈveɪʃənz	medium	r_gap:spelling=2,ipa=1; shave_says:𐑮𐑧𐑟𐑼𐑝𐑱𐑖𐑩𐑯𐑟
reservoir	𐑮𐑧𐑟𐑩𐑝𐑢𐑭	rezəvwɑː	𐑮𐑧𐑟𐑼𐑝𐑢𐑸	ˈrezəRvwɑːR	medium	r_gap:spelling=3,ipa=1; shave_says:𐑮𐑧𐑟𐑼𐑝𐑢𐑸
reset	𐑮𐑦𐑕𐑧𐑑	rɪset	𐑮𐑰𐑕𐑧𐑑	ˌriːˈset	high	
residual	𐑮𐑦𐑟𐑦𐑛𐑘𐑩𐑼𐑤	rɪzɪdjəəRl	𐑮𐑦𐑟𐑦𐑡𐑫𐑩𐑤	rɪˈzɪdʒuəl	medium	ml_disagrees:𐑮𐑦𐑟𐑦𐑡𐑫𐑼𐑤; shave_says:𐑮𐑦𐑟𐑦𐑡𐑫𐑩𐑤
resource	𐑮𐑦𐑕𐑹𐑕	rɪsɔːRs	𐑮𐑦𐑟𐑹𐑕	rɪˈzɔːRs	high	
resource	𐑮𐑰𐑕𐑹𐑕	riːsɔːRs	𐑮𐑦𐑟𐑹𐑕	rɪˈzɔːRs	high	
resources	𐑮𐑦𐑕𐑹𐑕𐑩𐑟	rɪsɔːRsƏz	𐑮𐑦𐑟𐑹𐑕𐑩𐑟	rɪˈzɔːRsƏz	high	
respiratory	𐑮𐑧𐑕𐑐𐑼𐑩𐑑𐑼𐑦	respərətəri	𐑮𐑦𐑕𐑐𐑦𐑮𐑩𐑑𐑼𐑦	rɪˈspɪrətəri	high	
respite	𐑮𐑧𐑕𐑐𐑦𐑑	respɪt	𐑮𐑧𐑕𐑐𐑲𐑑	ˈrespaɪt	high	
restaurant	𐑮𐑧𐑕𐑑𐑮𐑪𐑯𐑑	restrɒnt	𐑮𐑧𐑕𐑑𐑼𐑪𐑯𐑑	ˈrestərɒnt	high	
restaurants	𐑮𐑧𐑕𐑑𐑮𐑪𐑯𐑑𐑕	restrɒnts	𐑮𐑧𐑕𐑑𐑼𐑪𐑯𐑑𐑕	ˈrestərɒnts	high	
restructuring	𐑮𐑦𐑕𐑑𐑮𐑳𐑒𐑗𐑼𐑦𐑙	rɪstrʌktʃərɪŋ	𐑮𐑰𐑕𐑑𐑮𐑳𐑒𐑗𐑼𐑦𐑙	ˌriːˈstrʌktʃərɪŋ	high	
resume	𐑮𐑧𐑟𐑩𐑥𐑱	rezəmeɪ	𐑮𐑦𐑟𐑿𐑥, 𐑮𐑧𐑟𐑿𐑥𐑱	ˈrezjuːmeɪ	high	
resumes	𐑮𐑧𐑟𐑩𐑥𐑱𐑟	rezəmeɪz	𐑮𐑦𐑟𐑿𐑥𐑟, 𐑮𐑧𐑟𐑿𐑥𐑱𐑟	ˈrezjuːmeɪz	high	
retirement	𐑮𐑦𐑑𐑲𐑩𐑥𐑩𐑯𐑑	rɪtaɪəmənt	𐑮𐑦𐑑𐑲𐑼𐑥𐑩𐑯𐑑	rɪˈtaɪəRmənt	medium	r_gap:spelling=2,ipa=1; shave_says:𐑮𐑦𐑑𐑲𐑼𐑥𐑩𐑯𐑑
reverend	𐑮𐑧𐑝𐑮𐑩𐑯𐑛	revrənd	𐑮𐑧𐑝𐑼𐑩𐑯𐑛	ˈrevərənd	high	
reykjavik	𐑮𐑱𐑒𐑘𐑩𐑝𐑰𐑒	reɪkjəviːk	𐑮𐑱𐑒𐑘𐑩𐑝𐑦𐑒	ˈreɪkjəvɪk	high	
rigid	𐑮𐑦𐑡𐑩𐑛	rɪdʒƏd	𐑮𐑦𐑡𐑦𐑛	ˈrɪdʒɪd	high	
ritual	𐑮𐑦𐑗𐑫𐑼𐑤	rɪtʃʊəRl	𐑮𐑦𐑗𐑫𐑩𐑤	ˈrɪtʃuəl	high	
riverside	𐑮𐑦𐑝𐑩𐑕𐑲𐑛	rɪvəsaɪd	𐑮𐑦𐑝𐑼𐑕𐑲𐑛	ˈrɪvəRsaɪd	medium	r_gap:spelling=2,ipa=1; shave_says:𐑮𐑦𐑝𐑼𐑕𐑲𐑛
riveting	𐑮𐑦𐑝𐑦𐑑𐑦𐑙	rɪvɪtɪŋ	𐑮𐑦𐑝𐑩𐑑𐑦𐑙	ˈrɪvItɪŋ	high	
rodeo	𐑮𐑴𐑛𐑾𐑫	rəʊdɪəʊ	𐑮𐑴𐑛𐑱𐑴	rəʊˈdeɪəʊ	high	
romantic	𐑮𐑩𐑥𐑨𐑯𐑑𐑦𐑒	rəmæntɪk	𐑮𐑴𐑥𐑨𐑯𐑑𐑦𐑒	rəʊˈmæntɪk	high	
roof	𐑮𐑫𐑓	rʊf	𐑮𐑵𐑓	ruːf	high	
roofs	𐑮𐑫𐑓𐑕	rʊfs	𐑮𐑵𐑓𐑕	ruːfs	high	
rwanda	𐑮𐑵𐑨𐑯𐑛𐑩	ruːændə	𐑮𐑫𐑨𐑯𐑛𐑩	ruˈændə	high	
salon	𐑕𐑩𐑤𐑪𐑯	səlˈɒn	𐑕𐑨𐑤𐑪𐑯	ˈsælɒn	high	
salt	𐑕𐑪𐑤𐑑	sˈɒlt	𐑕𐑷𐑤𐑑	sɔːlt	high	
salty	𐑕𐑪𐑤𐑑𐑦	sˈɒlti	𐑕𐑷𐑤𐑑𐑦	ˈsɔːlti	high	
salvation	𐑕𐑩𐑤𐑝𐑱𐑖𐑩𐑯	səlvˈeɪʃən	𐑕𐑨𐑤𐑝𐑱𐑖𐑩𐑯	sælˈveɪʃən	high	
samuel	𐑕𐑨𐑥𐑘𐑩𐑩𐑤	sˈæmjəəl	𐑕𐑨𐑥𐑘𐑫𐑩𐑤	ˈsæmjuəl	high	
samurai	𐑕𐑨𐑥𐑘𐑼𐑲	sæmjəraɪ	𐑕𐑨𐑥𐑫𐑮𐑲	ˈsæmʊraɪ	high	
san marino	𐑕𐑨𐑯𐑥𐑼𐑰𐑯𐑩	sænməriːnə	𐑕𐑨𐑯 𐑥𐑼𐑰𐑯𐑴	ˌsæn məˈriːnəʊ	high	
sanction	𐑕𐑨𐑙𐑖𐑩𐑯	sˈæŋʃən	𐑕𐑨𐑙𐑒𐑖𐑩𐑯	ˈsæŋkʃən	high	
sanctions	𐑕𐑨𐑙𐑖𐑩𐑯𐑟	sˈæŋʃənz	𐑕𐑨𐑙𐑒𐑖𐑩𐑯𐑟	ˈsæŋkʃənz	high	
sandra	𐑕𐑭𐑯𐑛𐑮𐑩	sɑːndrə	𐑕𐑨𐑯𐑛𐑮𐑩	ˈsændrə	high	
sandwich	𐑕𐑨𐑯𐑢𐑦𐑗	sˈænwɪtʃ	𐑕𐑨𐑯𐑢𐑦𐑡	ˈsænwɪdʒ	high	
sandwiches	𐑕𐑨𐑯𐑢𐑦𐑗𐑩𐑟	sˈænwɪtʃƏz	𐑕𐑨𐑯𐑢𐑦𐑡𐑩𐑟	ˈsænwɪdʒƏz	high	
saskatchewan	𐑕𐑨𐑕𐑒𐑨𐑗𐑦𐑢𐑩𐑯	sæskˈætʃɪwən	𐑕𐑩𐑕𐑒𐑨𐑗𐑩𐑢𐑩𐑯	səˈskætʃəwən	high	
satisfactory	𐑕𐑨𐑑𐑦𐑕𐑓𐑨𐑒𐑑𐑮𐑦	sætɪsfæktri	𐑕𐑨𐑑𐑦𐑕𐑓𐑨𐑒𐑑𐑼𐑦	ˌsætɪsˈfæktəri	high	
saturday	𐑕𐑨𐑑𐑩𐑛𐑦	sætədi	𐑕𐑨𐑑𐑼𐑛𐑱	ˈsætəRdeɪ	medium	r_gap:spelling=1,ipa=0; shave_says:𐑕𐑨𐑑𐑼𐑛𐑱
saturday	𐑕𐑨𐑑𐑩𐑛𐑱	sætədeɪ	𐑕𐑨𐑑𐑼𐑛𐑱	ˈsætəRdeɪ	medium	r_gap:spelling=1,ipa=0; shave_says:𐑕𐑨𐑑𐑼𐑛𐑱
saturdays	𐑕𐑨𐑑𐑩𐑛𐑦𐑟	sætədiz	𐑕𐑨𐑑𐑼𐑛𐑱𐑟	ˈsætəRdeɪz	medium	r_gap:spelling=1,ipa=0; shave_says:𐑕𐑨𐑑𐑼𐑛𐑱𐑟
saturdays	𐑕𐑨𐑑𐑩𐑛𐑱𐑟	sætədeɪz	𐑕𐑨𐑑𐑼𐑛𐑱𐑟	ˈsætəRdeɪz	medium	r_gap:spelling=1,ipa=0; shave_says:𐑕𐑨𐑑𐑼𐑛𐑱𐑟
saucepan	𐑕𐑷𐑕𐑐𐑨𐑯	sˈɔːspˌæn	𐑕𐑷𐑕𐑐𐑩𐑯	ˈsɔːspən	high	
saudi	𐑕𐑷𐑛𐑦	sˈɔːdi	𐑕𐑬𐑛𐑦	ˈsaʊdi	high	
scenario	𐑕𐑦𐑯𐑸𐑾𐑫	sɪnɑːrɪəʊ	𐑕𐑦𐑯𐑸𐑦𐑴	sɪˈnɑːriəʊ	high	
scenarios	𐑕𐑦𐑯𐑸𐑾𐑫𐑟	sɪnɑːrɪəʊz	𐑕𐑦𐑯𐑸𐑦𐑴𐑟	sɪˈnɑːriəʊz	high	
scholarship	𐑕𐑒𐑪𐑤𐑩𐑖𐑦𐑐	skɒləʃɪp	𐑕𐑒𐑪𐑤𐑼𐑖𐑦𐑐	ˈskɒləRʃɪp	medium	r_gap:spelling=1,ipa=0; shave_says:𐑕𐑒𐑪𐑤𐑼𐑖𐑦𐑐
scholarships	𐑕𐑒𐑪𐑤𐑩𐑖𐑦𐑐𐑕	skɒləʃɪps	𐑕𐑒𐑪𐑤𐑼𐑖𐑦𐑐𐑕	ˈskɒləRʃɪps	medium	r_gap:spelling=1,ipa=0; shave_says:𐑕𐑒𐑪𐑤𐑼𐑖𐑦𐑐𐑕
scone	𐑕𐑒𐑴𐑯	skˈəʊn	𐑕𐑒𐑪𐑯	skɒn	high	
scriptures	𐑕𐑒𐑮𐑦𐑐𐑗𐑩𐑟	skrɪptʃəz	𐑕𐑒𐑮𐑦𐑐𐑗𐑼𐑟	ˈskrɪptʃəRz	medium	r_gap:spelling=2,ipa=1; shave_says:𐑕𐑒𐑮𐑦𐑐𐑗𐑼𐑟
secret	𐑕𐑰𐑒𐑮𐑦𐑑	siːkrɪt	𐑕𐑰𐑒𐑮𐑩𐑑	ˈsiːkrət	high	
secretariat	𐑕𐑧𐑒𐑮𐑦𐑑𐑺𐑾𐑑	sekrɪteərɪət	𐑕𐑧𐑒𐑮𐑩𐑑𐑺𐑾𐑑	ˌsekrəˈteərɪət	high	
secretaries	𐑕𐑧𐑒𐑮𐑦𐑑𐑼𐑦𐑟	sekrɪtəriz	𐑕𐑧𐑒𐑮𐑩𐑑𐑼𐑦𐑟	ˈsekrətəriz	high	
secretary	𐑕𐑧𐑒𐑮𐑦𐑑𐑼𐑦	sekrɪtəri	𐑕𐑧𐑒𐑮𐑩𐑑𐑼𐑦	ˈsekrətəri	high	
secrets	𐑕𐑰𐑒𐑮𐑦𐑑𐑕	siːkrɪts	𐑕𐑰𐑒𐑮𐑩𐑑𐑕	ˈsiːkrəts	high	
semester	𐑕𐑩𐑥𐑧𐑕𐑑𐑼	səmestəR	𐑕𐑦𐑥𐑧𐑕𐑑𐑼	sɪˈmestəR	high	
senate	𐑕𐑧𐑯𐑦𐑑	sˈenɪt	𐑕𐑧𐑯𐑩𐑑	ˈsenət	high	
separate	𐑕𐑧𐑐𐑮𐑦𐑑	seprɪt	𐑕𐑧𐑐𐑼𐑩𐑑, 𐑕𐑧𐑐𐑼𐑱𐑑	ˈsepərət	medium	ml_disagrees:𐑕𐑧𐑐𐑮𐑩𐑑; shave_says:[𐑕𐑧𐑐𐑼𐑩𐑑 / 𐑕𐑧𐑐𐑼𐑱𐑑]
separate	𐑕𐑧𐑐𐑼𐑦𐑑	sepərɪt	𐑕𐑧𐑐𐑼𐑩𐑑, 𐑕𐑧𐑐𐑼𐑱𐑑	ˈsepərət	medium	ml_disagrees:𐑕𐑧𐑐𐑼𐑩𐑑; shave_says:[𐑕𐑧𐑐𐑼𐑩𐑑 / 𐑕𐑧𐑐𐑼𐑱𐑑]
separately	𐑕𐑧𐑐𐑮𐑦𐑑𐑤𐑦	seprɪtli	𐑕𐑧𐑐𐑼𐑩𐑑𐑤𐑦	ˈsepərətli	high	
separately	𐑕𐑧𐑐𐑼𐑦𐑑𐑤𐑦	sepərɪtli	𐑕𐑧𐑐𐑼𐑩𐑑𐑤𐑦	ˈsepərətli	high	
sergeant	𐑕𐑭𐑡𐑩𐑯𐑑	sɑːdʒənt	𐑕𐑸𐑡𐑩𐑯𐑑	ˈsɑːRdʒənt	medium	r_gap:spelling=1,ipa=0; shave_says:𐑕𐑸𐑡𐑩𐑯𐑑
several	𐑕𐑧𐑝𐑮𐑩𐑤	sevrəl	𐑕𐑧𐑝𐑼𐑩𐑤	ˈsevərəl	high	
severe	𐑕𐑩𐑝𐑽	səvɪəR	𐑕𐑦𐑝𐑽	sɪˈvɪəR	high	
severely	𐑕𐑩𐑝𐑽𐑤𐑦	səvɪəRli	𐑕𐑦𐑝𐑽𐑤𐑦	sɪˈvɪəRli	high	
severity	𐑕𐑩𐑝𐑧𐑮𐑦𐑑𐑦	səverɪti	𐑕𐑦𐑝𐑧𐑮𐑦𐑑𐑦	sɪˈverɪti	high	
sexual	𐑕𐑧𐑒𐑖𐑫𐑼𐑤	sˈekʃʊəl	𐑕𐑧𐑒𐑖𐑫𐑩𐑤	ˈsekʃuəl	medium	ml_disagrees:𐑕𐑧𐑒𐑖𐑫𐑩𐑤; shave_says:𐑕𐑧𐑒𐑖𐑵𐑩𐑤
sexually	𐑕𐑧𐑒𐑖𐑫𐑼𐑤𐑦	sˈekʃʊəli	𐑕𐑧𐑒𐑖𐑫𐑩𐑤𐑦	ˈsekʃuəli	medium	ml_disagrees:𐑕𐑧𐑒𐑖𐑫𐑩𐑤𐑦; shave_says:𐑕𐑧𐑒𐑖𐑵𐑤𐑦
shall	𐑖𐑩𐑤	ʃəl	𐑖𐑨𐑤	ʃæl	high	
sharon	𐑖𐑼𐑪𐑯	ʃərɒn	𐑖𐑨𐑮𐑩𐑯	ˈʃærən	high	
short-term	𐑖𐑹𐑑𐑑𐑻𐑥	ʃɔːRttɜːRm	𐑖𐑹𐑑-𐑑𐑻𐑥	ˈʃɔːRt-tɜːRm	high	
shrewsbury	𐑖𐑮𐑴𐑟𐑚𐑮𐑦	ʃrəʊzbri	𐑖𐑮𐑴𐑟𐑚𐑼𐑦	ˈʃrəʊzbəri	high	
shrewsbury	𐑖𐑮𐑵𐑟𐑚𐑮𐑦	ʃruːzbri	𐑖𐑮𐑴𐑟𐑚𐑼𐑦	ˈʃrəʊzbəri	high	
shush	𐑖𐑳𐑖	ʃˈʌʃ	𐑖𐑫𐑖	ʃʊʃ	high	
sieve	𐑕𐑰𐑝	sˈiːv	𐑕𐑦𐑝	sɪv	high	
signatures	𐑕𐑦𐑜𐑯𐑩𐑗𐑩𐑟	sɪɡnətʃəz	𐑕𐑦𐑜𐑯𐑩𐑗𐑼𐑟	ˈsɪɡnətʃəRz	medium	r_gap:spelling=1,ipa=0; shave_says:𐑕𐑦𐑜𐑯𐑩𐑗𐑼𐑟
similarly	𐑕𐑦𐑥𐑦𐑤𐑩𐑤𐑦	sɪmɪləli	𐑕𐑦𐑥𐑦𐑤𐑼𐑤𐑦	ˈsɪmɪləRli	medium	r_gap:spelling=1,ipa=0; shave_says:𐑕𐑦𐑥𐑦𐑤𐑼𐑤𐑦
simplest	𐑕𐑦𐑥𐑐𐑤𐑦𐑕𐑑	sˈɪmplɪst	𐑕𐑦𐑥𐑐𐑤𐑩𐑕𐑑	ˈsɪmpləst	high	
simulations	𐑕𐑦𐑥𐑿𐑤𐑱𐑖𐑩𐑯𐑟	sˌɪmjuːlˈeɪʃənz	𐑕𐑦𐑥𐑘𐑩𐑤𐑱𐑖𐑩𐑯𐑟	ˌsɪmjəˈleɪʃənz	high	
situate	𐑕𐑦𐑗𐑫𐑼𐑑	sˈɪtʃʊət	𐑕𐑦𐑗𐑫𐑱𐑑	ˈsɪtʃueɪt	medium	ml_disagrees:𐑕𐑦𐑗𐑫𐑩𐑑; shave_says:𐑕𐑦𐑗𐑵𐑱𐑑
situated	𐑕𐑦𐑗𐑫𐑼𐑑𐑩𐑛	sˈɪtʃʊətƏd	𐑕𐑦𐑗𐑫𐑱𐑑𐑩𐑛	ˈsɪtʃueɪtƏd	medium	ml_disagrees:𐑕𐑦𐑗𐑫𐑩𐑑𐑩𐑛; shave_says:𐑕𐑦𐑗𐑵𐑱𐑑𐑩𐑛
skopje	𐑕𐑒𐑪𐑐𐑘𐑱	skˈɒpjeɪ	𐑕𐑒𐑷𐑐𐑘𐑱	ˈskɔːpjeɪ	high	
sleight	𐑕𐑤𐑱𐑑	slˈeɪt	𐑕𐑤𐑲𐑑	slaɪt	high	
sloth	𐑕𐑤𐑪𐑔	slˈɒθ	𐑕𐑤𐑴𐑔	sləʊθ	high	
slovakia	𐑕𐑤𐑴𐑝𐑨𐑒𐑾	slˌəʊvˈækɪə	𐑕𐑤𐑩𐑝𐑨𐑒𐑾	sləˈvækɪə	high	
smallest	𐑕𐑥𐑷𐑤𐑦𐑕𐑑	smˈɔːlɪst	𐑕𐑥𐑷𐑤𐑩𐑕𐑑	ˈsmɔːləst	high	
so-called	𐑕𐑴𐑒𐑷𐑤𐑛	sˈəʊkˌɔːld	𐑕𐑴-𐑒𐑷𐑤𐑛	səʊ-ˈkɔːld	high	
sociological	𐑕𐑴𐑕𐑾𐑤𐑪𐑡𐑦𐑒𐑩𐑤	sˌəʊsɪəlˈɒdʒɪkəl	𐑕𐑴𐑖𐑾𐑤𐑪𐑡𐑦𐑒𐑩𐑤	ˌsəʊʃɪəˈlɒdʒɪkəl	high	
sociology	𐑕𐑴𐑕𐑦𐑪𐑤𐑩𐑡𐑦	sˌəʊsɪˈɒlədʒi	𐑕𐑴𐑖𐑦𐑪𐑤𐑩𐑡𐑦	ˌsəʊʃɪˈɒlədʒi	high	
soften	𐑕𐑪𐑓𐑑𐑩𐑯	sˈɒftən	𐑕𐑪𐑓𐑩𐑯	ˈsɒfən	high	
software	𐑕𐑪𐑓𐑢𐑺	sɒfweəR	𐑕𐑪𐑓𐑑𐑢𐑺	ˈsɒftweəR	high	
solid	𐑕𐑪𐑤𐑩𐑛	sˈɒlƏd	𐑕𐑪𐑤𐑦𐑛	ˈsɒlɪd	high	
somalia	𐑕𐑴𐑥𐑭𐑤𐑾	səʊmˈɑːlɪə	𐑕𐑩𐑥𐑭𐑤𐑾	səˈmɑːlɪə	high	
somebody	𐑕𐑳𐑥𐑚𐑩𐑛𐑦	sˈʌmbədi	𐑕𐑳𐑥𐑚𐑪𐑛𐑦	ˈsʌmbɒdi	high	
somerset	𐑕𐑳𐑥𐑩𐑕𐑦𐑑	sʌməsɪt	𐑕𐑳𐑥𐑼𐑕𐑩𐑑	ˈsʌməRsət	medium	r_gap:spelling=1,ipa=0; shave_says:𐑕𐑳𐑥𐑼𐑕𐑧𐑑
somerset	𐑕𐑳𐑥𐑩𐑕𐑧𐑑	sʌməset	𐑕𐑳𐑥𐑼𐑕𐑩𐑑	ˈsʌməRsət	medium	r_gap:spelling=1,ipa=0; shave_says:𐑕𐑳𐑥𐑼𐑕𐑧𐑑
sometimes	𐑕𐑩𐑥𐑑𐑲𐑥𐑟	səmtˈaɪmz	𐑕𐑳𐑥𐑑𐑲𐑥𐑟	ˈsʌmtaɪmz	high	
soonest	𐑕𐑵𐑯𐑦𐑕𐑑	sˈuːnɪst	𐑕𐑵𐑯𐑩𐑕𐑑	ˈsuːnəst	high	
soot	𐑕𐑵𐑑	sˈuːt	𐑕𐑫𐑑	sʊt	high	
south-east	𐑕𐑬𐑔𐑰𐑕𐑑	sˌaʊθˈiːst	𐑕𐑬𐑔-𐑰𐑕𐑑	ˌsaʊθ-ˈiːst	high	
southampton	𐑕𐑬𐑔𐑣𐑨𐑥𐑐𐑑𐑩𐑯	saʊθhˈæmptən	𐑕𐑬𐑔𐑨𐑥𐑑𐑩𐑯	saʊθˈæmtən	high	
sovereign	𐑕𐑪𐑝𐑮𐑦𐑯	sɒvrɪn	𐑕𐑪𐑝𐑮𐑩𐑯	ˈsɒvrən	high	
sovereignty	𐑕𐑪𐑝𐑮𐑦𐑯𐑑𐑦	sɒvrɪnti	𐑕𐑪𐑝𐑮𐑩𐑯𐑑𐑦	ˈsɒvrənti	high	
specially	𐑕𐑐𐑧𐑖𐑤𐑦	spˈeʃli	𐑕𐑐𐑧𐑖𐑩𐑤𐑦	ˈspeʃəli	high	
species	𐑕𐑐𐑰𐑖𐑦𐑟	spˈiːʃiz	𐑕𐑐𐑰𐑖𐑰𐑟	ˈspiːʃiːz	high	
spiral	𐑕𐑐𐑲𐑼𐑩𐑤	spaɪərəl	𐑕𐑐𐑲𐑮𐑩𐑤	ˈspaɪrəl	high	
spiritual	𐑕𐑐𐑦𐑮𐑦𐑗𐑘𐑩𐑼𐑤	spɪrɪtʃjəəRl	𐑕𐑐𐑦𐑮𐑦𐑗𐑫𐑩𐑤	ˈspɪrɪtʃuəl	high	
splendid	𐑕𐑐𐑤𐑧𐑯𐑛𐑩𐑛	splˈendƏd	𐑕𐑐𐑤𐑧𐑯𐑛𐑦𐑛	ˈsplendɪd	high	
sponsorship	𐑕𐑐𐑪𐑯𐑕𐑩𐑖𐑦𐑐	spɒnsəʃɪp	𐑕𐑐𐑪𐑯𐑕𐑼𐑖𐑦𐑐	ˈspɒnsəRʃɪp	medium	r_gap:spelling=1,ipa=0; shave_says:𐑕𐑐𐑪𐑯𐑕𐑼𐑖𐑦𐑐
sri lanka	𐑕𐑮𐑰𐑤𐑨𐑙𐑒𐑩	sriːlæŋkə	𐑕𐑮𐑦 𐑤𐑨𐑙𐑒𐑩	ˌsrɪ ˈlæŋkə	high	
stabilise	𐑕𐑑𐑱𐑚𐑦𐑤𐑲𐑟	stˈeɪbɪlˌaɪz	𐑕𐑑𐑱𐑚𐑩𐑤𐑲𐑟	ˈsteɪbəlaɪz	high	
stabilize	𐑕𐑑𐑱𐑚𐑦𐑤𐑲𐑟	stˈeɪbɪlˌaɪz	𐑕𐑑𐑱𐑚𐑩𐑤𐑲𐑟	ˈsteɪbəlaɪz	high	
staffordshire	𐑕𐑑𐑨𐑓𐑩𐑛𐑖𐑼	stæfədʃəR	𐑕𐑑𐑨𐑓𐑼𐑛𐑖𐑼	ˈstæfəRdʃəR	medium	r_gap:spelling=2,ipa=1; shave_says:𐑕𐑑𐑨𐑓𐑼𐑛𐑖𐑼
stainless	𐑕𐑑𐑱𐑯𐑤𐑦𐑕	stˈeɪnlɪs	𐑕𐑑𐑱𐑯𐑤𐑩𐑕	ˈsteɪnləs	high	
standardise	𐑕𐑑𐑨𐑯𐑛𐑩𐑛𐑲𐑟	stændədaɪz	𐑕𐑑𐑨𐑯𐑛𐑼𐑛𐑲𐑟	ˈstændəRdaɪz	medium	r_gap:spelling=1,ipa=0; shave_says:𐑕𐑑𐑨𐑯𐑛𐑼𐑛𐑲𐑟
standardize	𐑕𐑑𐑨𐑯𐑛𐑩𐑛𐑲𐑟	stændədaɪz	𐑕𐑑𐑨𐑯𐑛𐑼𐑛𐑲𐑟	ˈstændəRdaɪz	medium	r_gap:spelling=1,ipa=0; shave_says:𐑕𐑑𐑨𐑯𐑛𐑼𐑛𐑲𐑟
statue	𐑕𐑑𐑨𐑑𐑿	stˈætjuː	𐑕𐑑𐑨𐑗𐑵	ˈstætʃuː	high	
statutory	𐑕𐑑𐑨𐑗𐑫𐑑𐑼𐑦	stætʃʊtəri	𐑕𐑑𐑨𐑗𐑩𐑑𐑼𐑦	ˈstætʃətəri	high	
stereo	𐑕𐑑𐑧𐑮𐑽𐑫	sterɪəRʊ	𐑕𐑑𐑧𐑮𐑦𐑴	ˈsteriəʊ	high	
stereotype	𐑕𐑑𐑧𐑮𐑽𐑑𐑲𐑐	sterɪəRtaɪp	𐑕𐑑𐑧𐑮𐑦𐑴𐑑𐑲𐑐	ˈsterɪəʊtaɪp	high	
stereotype	𐑕𐑑𐑽𐑽𐑑𐑲𐑐	stɪərɪəRtaɪp	𐑕𐑑𐑧𐑮𐑦𐑴𐑑𐑲𐑐	ˈsterɪəʊtaɪp	high	
steward	𐑕𐑑𐑘𐑩𐑼𐑛	stjəəRd	𐑕𐑑𐑵𐑼𐑛, 𐑕𐑑𐑿𐑼𐑛	ˈstjuːəRd	medium	ml_disagrees:𐑕𐑑𐑘ː𐑼𐑛; shave_says:𐑕𐑑𐑿𐑼𐑛
stewards	𐑕𐑑𐑘𐑩𐑼𐑛𐑟	stjəəRdz	𐑕𐑑𐑵𐑼𐑛𐑟, 𐑕𐑑𐑿𐑼𐑛𐑟	ˈstjuːəRdz	medium	ml_disagrees:𐑕𐑑𐑘ː𐑼𐑛𐑟; shave_says:𐑕𐑑𐑿𐑼𐑛𐑟
stewart	𐑕𐑑𐑘𐑩𐑼𐑑	stjəəRt	𐑕𐑑𐑵𐑼𐑑, 𐑕𐑑𐑿𐑼𐑑	ˈstjuːəRt	medium	ml_disagrees:𐑕𐑑𐑘ː𐑼𐑑; shave_says:𐑕𐑑𐑿𐑼𐑑
stochastic	𐑕𐑑𐑪𐑒𐑨𐑕𐑑𐑦𐑒	stɒkˈæstɪk	𐑕𐑑𐑩𐑒𐑨𐑕𐑑𐑦𐑒	stəˈkæstɪk	high	
stoke-on-trent	𐑕𐑑𐑴𐑒𐑪𐑯𐑑𐑮𐑧𐑯𐑑	stəʊkɒntrent	𐑕𐑑𐑴𐑒-𐑪𐑯-𐑑𐑮𐑧𐑯𐑑	ˌstəʊk-ɒn-ˈtrent	high	
storage	𐑕𐑑𐑪𐑮𐑦𐑡	stɒrɪdʒ	𐑕𐑑𐑹𐑦𐑡	ˈstɔːrɪdʒ	high	
strategies	𐑕𐑑𐑮𐑨𐑑𐑦𐑡𐑦𐑟	strætɪdʒiz	𐑕𐑑𐑮𐑨𐑑𐑩𐑡𐑦𐑟	ˈstrætədʒiz	high	
strategy	𐑕𐑑𐑮𐑨𐑑𐑦𐑡𐑦	strætɪdʒi	𐑕𐑑𐑮𐑨𐑑𐑩𐑡𐑦	ˈstrætədʒi	high	
strength	𐑕𐑑𐑮𐑧𐑙𐑒𐑔	streŋkθ	𐑕𐑑𐑮𐑧𐑙𐑔	streŋθ	high	
strengths	𐑕𐑑𐑮𐑧𐑙𐑒𐑔𐑕	streŋkθs	𐑕𐑑𐑮𐑧𐑙𐑔𐑕	streŋθs	high	
structures	𐑕𐑑𐑮𐑳𐑒𐑗𐑩𐑟	strʌktʃəz	𐑕𐑑𐑮𐑳𐑒𐑗𐑼𐑟	ˈstrʌktʃəRz	medium	r_gap:spelling=2,ipa=1; shave_says:𐑕𐑑𐑮𐑳𐑒𐑗𐑼𐑟
stuart	𐑕𐑑𐑘𐑩𐑼𐑑	stjəəRt	𐑕𐑑𐑵𐑼𐑑, 𐑕𐑑𐑿𐑼𐑑	ˈstjuːəRt	medium	ml_disagrees:𐑕𐑑𐑘ː𐑼𐑑; shave_says:𐑕𐑑𐑿𐑼𐑑
stupid	𐑕𐑑𐑿𐑐𐑩𐑛	stjˈuːpƏd	𐑕𐑑𐑵𐑐𐑦𐑛, 𐑕𐑑𐑿𐑐𐑦𐑛	ˈstjuːpɪd	high	
subject	𐑕𐑳𐑚𐑡𐑦𐑒𐑑	sˈʌbdʒɪkt	𐑕𐑩𐑚𐑡𐑧𐑒𐑑, 𐑕𐑳𐑚𐑡𐑧𐑒𐑑	ˈsʌbdʒekt	high	
subjects	𐑕𐑳𐑚𐑡𐑦𐑒𐑑𐑕	sˈʌbdʒɪkts	𐑕𐑩𐑚𐑡𐑧𐑒𐑑𐑕, 𐑕𐑳𐑚𐑡𐑧𐑒𐑑𐑕	ˈsʌbdʒekts	high	
succinct	𐑕𐑩𐑒𐑕𐑦𐑯𐑑	səksˈɪnt	𐑕𐑩𐑒𐑕𐑦𐑙𐑒𐑑	səkˈsɪŋkt	high	
sudan	𐑕𐑵𐑛𐑭𐑯	suːdˈɑːn	𐑕𐑵𐑛𐑨𐑯	suːˈdæn	high	
suffering	𐑕𐑳𐑓𐑮𐑦𐑙	sʌfrɪŋ	𐑕𐑳𐑓𐑼𐑦𐑙	ˈsʌfərɪŋ	high	
sunday	𐑕𐑳𐑯𐑛𐑦	sˈʌndi	𐑕𐑳𐑯𐑛𐑱	ˈsʌndeɪ	high	
sundays	𐑕𐑳𐑯𐑛𐑰𐑟	sˈʌndˌiːz	𐑕𐑳𐑯𐑛𐑱𐑟	ˈsʌndeɪz	high	
sunderland	𐑕𐑳𐑯𐑛𐑩𐑤𐑩𐑯𐑛	sʌndələnd	𐑕𐑳𐑯𐑛𐑼𐑤𐑩𐑯𐑛	ˈsʌndəRlənd	medium	r_gap:spelling=1,ipa=0; shave_says:𐑕𐑳𐑯𐑛𐑼𐑤𐑩𐑯𐑛
superb	𐑕𐑫𐑐𐑻𐑚	sʊpɜːRb	𐑕𐑵𐑐𐑻𐑚	suːˈpɜːRb	high	
superficial	𐑕𐑵𐑐𐑩𐑓𐑦𐑖𐑩𐑤	suːpəfɪʃəl	𐑕𐑵𐑐𐑼𐑓𐑦𐑖𐑩𐑤	ˌsuːpəRˈfɪʃəl	medium	r_gap:spelling=1,ipa=0; shave_says:𐑕𐑵𐑐𐑼𐑓𐑦𐑕𐑾𐑤
supermarket	𐑕𐑵𐑐𐑩𐑥𐑸𐑒𐑦𐑑	suːpəmɑːRkɪt	𐑕𐑵𐑐𐑼𐑥𐑸𐑒𐑩𐑑	ˈsuːpəRmɑːRkIt	low	ml_disagrees:𐑕𐑵𐑐𐑩𐑥𐑸𐑒𐑩𐑑; r_gap:spelling=2,ipa=1; shave_says:𐑕𐑵𐑐𐑼𐑥𐑸𐑒𐑩𐑑
supersede	𐑕𐑵𐑐𐑩𐑕𐑰𐑛	suːpəsiːd	𐑕𐑵𐑐𐑼𐑕𐑰𐑛	ˌsuːpəRˈsiːd	medium	r_gap:spelling=1,ipa=0; shave_says:𐑕𐑵𐑐𐑼𐑕𐑰𐑛
superseded	𐑕𐑵𐑐𐑩𐑕𐑰𐑛𐑩𐑛	suːpəsiːdƏd	𐑕𐑵𐑐𐑼𐑕𐑰𐑛𐑩𐑛	ˌsuːpəRˈsiːdƏd	medium	r_gap:spelling=1,ipa=0; shave_says:𐑕𐑵𐑐𐑼𐑕𐑰𐑛𐑩𐑛
supervise	𐑕𐑵𐑐𐑩𐑝𐑲𐑟	suːpəvaɪz	𐑕𐑵𐑐𐑼𐑝𐑲𐑟	ˈsuːpəRvaɪz	medium	r_gap:spelling=1,ipa=0; shave_says:𐑕𐑵𐑐𐑼𐑝𐑲𐑟
supervision	𐑕𐑵𐑐𐑩𐑝𐑦𐑠𐑩𐑯	suːpəvɪʒən	𐑕𐑵𐑐𐑼𐑝𐑦𐑠𐑩𐑯	ˌsuːpəRˈvɪʒən	medium	r_gap:spelling=1,ipa=0; shave_says:𐑕𐑵𐑐𐑼𐑝𐑦𐑠𐑩𐑯
supervisor	𐑕𐑵𐑐𐑩𐑝𐑲𐑟𐑼	suːpəvaɪzəR	𐑕𐑵𐑐𐑼𐑝𐑲𐑟𐑼	ˈsuːpəRvaɪzəR	medium	r_gap:spelling=2,ipa=1; shave_says:𐑕𐑵𐑐𐑼𐑝𐑲𐑟𐑼
supervisors	𐑕𐑵𐑐𐑩𐑝𐑲𐑟𐑼𐑟	suːpəvaɪzəRz	𐑕𐑵𐑐𐑼𐑝𐑲𐑟𐑼𐑟	ˈsuːpəRvaɪzəRz	medium	r_gap:spelling=2,ipa=1; shave_says:𐑕𐑵𐑐𐑼𐑝𐑲𐑟𐑼𐑟
supreme	𐑕𐑩𐑐𐑮𐑰𐑥	səpriːm	𐑕𐑵𐑐𐑮𐑰𐑥	suːˈpriːm	high	
sure	𐑖𐑷	ʃɔː	𐑖𐑫𐑼	ʃʊəR	low	ml_disagrees:𐑖𐑷𐑮; r_gap:spelling=1,ipa=0; shave_says:𐑖𐑫𐑼
surely	𐑖𐑷𐑤𐑦	ʃɔːli	𐑖𐑫𐑼𐑤𐑦	ˈʃʊəRli	medium	r_gap:spelling=1,ipa=0; shave_says:𐑖𐑫𐑼𐑤𐑦
surprise	𐑕𐑩𐑐𐑮𐑲𐑟	səpraɪz	𐑕𐑼𐑐𐑮𐑲𐑟	səRˈpraɪz	medium	r_gap:spelling=2,ipa=1; shave_says:𐑕𐑼𐑐𐑮𐑲𐑟
surprised	𐑕𐑩𐑐𐑮𐑲𐑟𐑛	səpraɪzd	𐑕𐑼𐑐𐑮𐑲𐑟𐑛	səRˈpraɪzd	medium	r_gap:spelling=2,ipa=1; shave_says:𐑕𐑼𐑐𐑮𐑲𐑟𐑛
surprises	𐑕𐑩𐑐𐑮𐑲𐑟𐑩𐑟	səpraɪzƏz	𐑕𐑼𐑐𐑮𐑲𐑟𐑩𐑟	səRˈpraɪzƏz	medium	r_gap:spelling=2,ipa=1; shave_says:𐑕𐑼𐑐𐑮𐑲𐑟𐑩𐑟
surprising	𐑕𐑩𐑐𐑮𐑲𐑟𐑦𐑙	səpraɪzɪŋ	𐑕𐑼𐑐𐑮𐑲𐑟𐑦𐑙	səRˈpraɪzɪŋ	medium	r_gap:spelling=2,ipa=1; shave_says:𐑕𐑼𐑐𐑮𐑲𐑟𐑦𐑙
surprisingly	𐑕𐑩𐑐𐑮𐑲𐑟𐑦𐑙𐑤𐑦	səpraɪzɪŋli	𐑕𐑼𐑐𐑮𐑲𐑟𐑦𐑙𐑤𐑦	səRˈpraɪzɪŋli	medium	r_gap:spelling=2,ipa=1; shave_says:𐑕𐑼𐑐𐑮𐑲𐑟𐑦𐑙𐑤𐑦
surveillance	𐑕𐑩𐑝𐑱𐑤𐑩𐑯𐑕	səveɪləns	𐑕𐑼𐑝𐑱𐑤𐑩𐑯𐑕	seRˈveɪləns	medium	r_gap:spelling=1,ipa=0; shave_says:𐑕𐑼𐑝𐑱𐑤𐑩𐑯𐑕
survey	𐑕𐑩𐑝𐑱	səveɪ	𐑕𐑻𐑝𐑱, 𐑕𐑼𐑝𐑱	ˈsɜːRveɪ	medium	r_gap:spelling=1,ipa=0; shave_says:[𐑕𐑻𐑝𐑱 / 𐑕𐑼𐑝𐑱]
surveyor	𐑕𐑩𐑝𐑱𐑼	səveɪəR	𐑕𐑼𐑝𐑱𐑼	səRˈveɪəR	medium	r_gap:spelling=2,ipa=1; shave_says:𐑕𐑼𐑝𐑱𐑼
surveyors	𐑕𐑩𐑝𐑱𐑼𐑟	səveɪəRz	𐑕𐑼𐑝𐑱𐑼𐑟	səRˈveɪəRz	medium	r_gap:spelling=2,ipa=1; shave_says:𐑕𐑼𐑝𐑱𐑼𐑟
surveys	𐑕𐑩𐑝𐑱𐑟	səveɪz	𐑕𐑻𐑝𐑱𐑟, 𐑕𐑼𐑝𐑱𐑟	ˈsɜːRveɪz	medium	r_gap:spelling=1,ipa=0; shave_says:𐑕𐑻𐑝𐑱𐑟
survival	𐑕𐑩𐑝𐑲𐑝𐑩𐑤	səvaɪvəl	𐑕𐑼𐑝𐑲𐑝𐑩𐑤	səRˈvaɪvəl	medium	r_gap:spelling=1,ipa=0; shave_says:𐑕𐑼𐑝𐑲𐑝𐑩𐑤
survive	𐑕𐑩𐑝𐑲𐑝	səvaɪv	𐑕𐑼𐑝𐑲𐑝	səRˈvaɪv	medium	r_gap:spelling=1,ipa=0; shave_says:𐑕𐑼𐑝𐑲𐑝
survived	𐑕𐑩𐑝𐑲𐑝𐑛	səvaɪvd	𐑕𐑼𐑝𐑲𐑝𐑛	səRˈvaɪvd	medium	r_gap:spelling=1,ipa=0; shave_says:𐑕𐑼𐑝𐑲𐑝𐑛
survives	𐑕𐑩𐑝𐑲𐑝𐑟	səvaɪvz	𐑕𐑼𐑝𐑲𐑝𐑟	səRˈvaɪvz	medium	r_gap:spelling=1,ipa=0; shave_says:𐑕𐑼𐑝𐑲𐑝𐑟
surviving	𐑕𐑩𐑝𐑲𐑝𐑦𐑙	səvaɪvɪŋ	𐑕𐑼𐑝𐑲𐑝𐑦𐑙	səRˈvaɪvɪŋ	medium	r_gap:spelling=1,ipa=0; shave_says:𐑕𐑼𐑝𐑲𐑝𐑦𐑙
survivor	𐑕𐑩𐑝𐑲𐑝𐑼	səvaɪvəR	𐑕𐑼𐑝𐑲𐑝𐑼	səRˈvaɪvəR	medium	r_gap:spelling=2,ipa=1; shave_says:𐑕𐑼𐑝𐑲𐑝𐑼
survivors	𐑕𐑩𐑝𐑲𐑝𐑼𐑟	səvaɪvəRz	𐑕𐑼𐑝𐑲𐑝𐑼𐑟	səRˈvaɪvəRz	medium	r_gap:spelling=2,ipa=1; shave_says:𐑕𐑼𐑝𐑲𐑝𐑼𐑟
susceptible	𐑕𐑩𐑕𐑧𐑐𐑑𐑦𐑚𐑩𐑤	səsˈeptɪbəl	𐑕𐑩𐑕𐑧𐑐𐑑𐑩𐑚𐑩𐑤	səˈseptəbəl	high	
switzerland	𐑕𐑢𐑦𐑑𐑕𐑩𐑤𐑩𐑯𐑛	swɪtsələnd	𐑕𐑢𐑦𐑑𐑕𐑼𐑤𐑩𐑯𐑛	ˈswɪtsəRlənd	medium	r_gap:spelling=1,ipa=0; shave_says:𐑕𐑢𐑦𐑑𐑕𐑼𐑤𐑩𐑯𐑛
sycophant	𐑕𐑦𐑒𐑩𐑓𐑩𐑯𐑑	sˈɪkəfənt	𐑕𐑦𐑒𐑩𐑓𐑨𐑯𐑑	ˈsɪkəfænt	high	
syndicate	𐑕𐑦𐑯𐑛𐑦𐑒𐑦𐑑	sˈɪndɪkɪt	𐑕𐑦𐑯𐑛𐑦𐑒𐑩𐑑, 𐑕𐑦𐑯𐑛𐑦𐑒𐑱𐑑	ˈsɪndɪkət	high	
syntheses	𐑕𐑦𐑯𐑔𐑦𐑕𐑰𐑟	sˈɪnθɪsiːz	𐑕𐑦𐑯𐑔𐑩𐑕𐑰𐑟	ˈsɪnθəsiːz	high	
synthesis	𐑕𐑦𐑯𐑔𐑦𐑕𐑦𐑕	sˈɪnθɪsɪs	𐑕𐑦𐑯𐑔𐑩𐑕𐑦𐑕	ˈsɪnθəsɪs	high	
syracuse	𐑕𐑦𐑮𐑩𐑒𐑿𐑟	sɪrəkjuːz	𐑕𐑲𐑮𐑩𐑒𐑿𐑟	ˈsaɪrəkjuːz	high	
t-shirt	𐑑𐑰𐑖𐑻𐑑	tiːʃɜːRt	𐑑𐑰-𐑖𐑻𐑑	ˈtiː-ʃɜːRt	high	
t-shirts	𐑑𐑰𐑖𐑻𐑑𐑕	tiːʃɜːRts	𐑑𐑰-𐑖𐑻𐑑𐑕	ˈtiː-ʃɜːRts	high	
tablet	𐑑𐑨𐑚𐑤𐑦𐑑	tˈæblɪt	𐑑𐑨𐑚𐑤𐑩𐑑	ˈtæblət	high	
tablets	𐑑𐑨𐑚𐑤𐑦𐑑𐑕	tˈæblɪts	𐑑𐑨𐑚𐑤𐑩𐑑𐑕	ˈtæbləts	high	
target	𐑑𐑸𐑜𐑦𐑑	tɑːRɡɪt	𐑑𐑸𐑜𐑩𐑑	ˈtɑːRɡIt	high	
targeted	𐑑𐑸𐑜𐑦𐑑𐑩𐑛	tɑːRɡɪtƏd	𐑑𐑸𐑜𐑩𐑑𐑩𐑛	ˈtɑːRɡItƏd	high	
targets	𐑑𐑸𐑜𐑦𐑑𐑕	tɑːRɡɪts	𐑑𐑸𐑜𐑩𐑑𐑕	ˈtɑːRɡIts	high	
tarpaulin	𐑑𐑸𐑐𐑹𐑤𐑦𐑯	tɑːRpɔːRlɪn	𐑑𐑸𐑐𐑷𐑤𐑦𐑯	tɑːRˈpɔːlɪn	high	
tattoo	𐑑𐑩𐑑𐑵	tətˈuː	𐑑𐑨𐑑𐑵	tæˈtuː	high	
technically	𐑑𐑧𐑒𐑯𐑦𐑒𐑩𐑤𐑦	tˈeknɪkəli	𐑑𐑧𐑒𐑯𐑦𐑒𐑤𐑦	ˈteknɪkli	high	
telegraph	𐑑𐑧𐑤𐑦𐑜𐑮𐑭𐑓	telɪɡrɑːf	𐑑𐑧𐑤𐑦𐑜𐑮𐑨𐑓	ˈtelɪɡræf	high	ml_disagrees:𐑑𐑧𐑤𐑦𐑜𐑮ɑ𐑨𐑓; shave_agrees
temperature	𐑑𐑧𐑥𐑐𐑮𐑩𐑗𐑼	temprətʃəR	𐑑𐑧𐑥𐑐𐑼𐑩𐑗𐑼	ˈtempərətʃəR	high	
temperatures	𐑑𐑧𐑥𐑐𐑮𐑩𐑗𐑩𐑟	temprətʃəz	𐑑𐑧𐑥𐑐𐑼𐑩𐑗𐑼𐑟	ˈtempərətʃəRz	medium	r_gap:spelling=2,ipa=1; shave_says:𐑑𐑧𐑥𐑐𐑼𐑩𐑗𐑼𐑟
temperatures	𐑑𐑧𐑥𐑐𐑼𐑩𐑗𐑩𐑟	tempərətʃəz	𐑑𐑧𐑥𐑐𐑼𐑩𐑗𐑼𐑟	ˈtempərətʃəRz	medium	r_gap:spelling=2,ipa=1; shave_says:𐑑𐑧𐑥𐑐𐑼𐑩𐑗𐑼𐑟
template	𐑑𐑧𐑥𐑐𐑤𐑦𐑑	tˈemplɪt	𐑑𐑧𐑥𐑐𐑤𐑩𐑑	ˈtemplIt	high	
template	𐑑𐑧𐑥𐑐𐑤𐑱𐑑	tˈempleɪt	𐑑𐑧𐑥𐑐𐑤𐑩𐑑	ˈtemplIt	high	
templates	𐑑𐑧𐑥𐑐𐑤𐑦𐑑𐑕	tˈemplɪts	𐑑𐑧𐑥𐑐𐑤𐑩𐑑𐑕	ˈtemplIts	high	
templates	𐑑𐑧𐑥𐑐𐑤𐑱𐑑𐑕	tˈempleɪts	𐑑𐑧𐑥𐑐𐑤𐑩𐑑𐑕	ˈtemplIts	high	
temporarily	𐑑𐑧𐑥𐑐𐑮𐑼𐑦𐑤𐑦	temprərɪli	𐑑𐑧𐑥𐑐𐑼𐑼𐑩𐑤𐑦	ˈtempərərəli	high	
temporary	𐑑𐑧𐑥𐑐𐑮𐑼𐑦	temprəri	𐑑𐑧𐑥𐑐𐑼𐑼𐑦	ˈtempərəri	high	
temptation	𐑑𐑧𐑥𐑑𐑱𐑖𐑩𐑯	temtˈeɪʃən	𐑑𐑧𐑥𐑐𐑑𐑱𐑖𐑩𐑯	tempˈteɪʃən	high	
tenet	𐑑𐑧𐑯𐑦𐑑	tˈenɪt	𐑑𐑧𐑯𐑩𐑑	ˈtenIt	high	
tenet	𐑑𐑰𐑯𐑦𐑑	tˈiːnɪt	𐑑𐑧𐑯𐑩𐑑	ˈtenIt	high	
tenterhooks	𐑑𐑧𐑯𐑑𐑩𐑣𐑫𐑒𐑕	tentəhʊks	𐑑𐑧𐑯𐑑𐑼𐑣𐑫𐑒𐑕	ˈtentəRhʊks	medium	r_gap:spelling=1,ipa=0; shave_says:𐑑𐑧𐑯𐑑𐑼𐑣𐑫𐑒𐑕
tenure	𐑑𐑧𐑯𐑘𐑼	tenjəR	𐑑𐑧𐑯𐑘𐑫𐑼	ˈtenjʊəR	high	
tepid	𐑑𐑧𐑐𐑩𐑛	tˈepƏd	𐑑𐑧𐑐𐑦𐑛	ˈtepɪd	high	
teresa	𐑑𐑼𐑰𐑕𐑩	təriːsə	𐑑𐑼𐑰𐑟𐑩	təˈriːzə	high	ml_disagrees:𐑑𐑼𐑰𐑟𐑩; shave_agrees
teresa	𐑑𐑼𐑱𐑕𐑩	təreɪsə	𐑑𐑼𐑰𐑟𐑩	təˈriːzə	high	
terrible	𐑑𐑧𐑮𐑦𐑚𐑩𐑤	terɪbəl	𐑑𐑧𐑮𐑩𐑚𐑩𐑤	ˈterəbəl	high	r_gap:spelling=2,ipa=1; shave_agrees
terribly	𐑑𐑧𐑮𐑦𐑚𐑤𐑦	terɪbli	𐑑𐑧𐑮𐑩𐑚𐑤𐑦	ˈterəbli	high	r_gap:spelling=2,ipa=1; shave_agrees
than	𐑞𐑩𐑯	ðən	𐑞𐑨𐑯	ðæn	high	
that	𐑞𐑩𐑑	ðət	𐑞𐑨𐑑	ðæt	high	
the	𐑞𐑦	ði	𐑞	Ð	high	
the	𐑞𐑩	ðə	𐑞	Ð	high	
the	𐑞𐑰	ðˈiː	𐑞	Ð	high	
theatres	𐑔𐑾𐑑𐑩𐑟	θɪətəz	𐑔𐑾𐑑𐑼𐑟	ˈθɪətəRz	medium	r_gap:spelling=1,ipa=0; shave_says:𐑔𐑾𐑑𐑼𐑟
them	𐑞𐑩𐑥	ðəm	𐑞𐑧𐑥	ðem	high	
themselves	𐑞𐑧𐑥𐑕𐑧𐑤𐑝𐑟	ðemsˈelvz	𐑞𐑩𐑥𐑕𐑧𐑤𐑝𐑟	ðəmˈselvz	high	
theresa	𐑑𐑼𐑱𐑕𐑩	təreɪsə	𐑑𐑼𐑰𐑟𐑩	təˈriːzə	high	
thermometer	𐑔𐑩𐑥𐑪𐑥𐑦𐑑𐑼	θəmɒmɪtəR	𐑔𐑼𐑥𐑪𐑥𐑦𐑑𐑼	θəRˈmɒmɪtəR	medium	r_gap:spelling=2,ipa=1; shave_says:𐑔𐑼𐑥𐑪𐑥𐑦𐑑𐑼
thirtieth	𐑔𐑻𐑑𐑦𐑦𐑔	θɜːRtiɪθ	𐑔𐑻𐑑𐑾𐑔	ˈθɜːRtɪəθ	high	
thompson	𐑑𐑪𐑥𐑕𐑩𐑯	tˈɒmsən	𐑑𐑪𐑥𐑐𐑕𐑩𐑯	ˈtɒmpsən	high	
threatening	𐑔𐑮𐑧𐑑𐑦𐑯𐑦𐑙	θretɪnɪŋ	𐑔𐑮𐑧𐑑𐑩𐑯𐑦𐑙	ˈθretənɪŋ	high	
threatening	𐑔𐑮𐑧𐑑𐑯𐑦𐑙	θretnɪŋ	𐑔𐑮𐑧𐑑𐑩𐑯𐑦𐑙	ˈθretənɪŋ	high	
threshold	𐑔𐑮𐑧𐑖𐑴𐑤𐑛	θreʃəʊld	𐑔𐑮𐑧𐑖𐑣𐑴𐑤𐑛	ˈθreʃhəʊld	high	
thursday	𐑔𐑻𐑟𐑛𐑦	θɜːRzdi	𐑔𐑻𐑟𐑛𐑱	ˈθɜːRzdeɪ	high	
thursdays	𐑔𐑻𐑟𐑛𐑦𐑟	θɜːRzdiz	𐑔𐑻𐑟𐑛𐑱𐑟	ˈθɜːRzdeɪz	high	
thyroid	𐑞𐑲𐑮𐑶𐑛	ðaɪrɔɪd	𐑔𐑲𐑮𐑶𐑛	ˈθaɪrɔɪd	high	
ticket	𐑑𐑦𐑒𐑦𐑑	tˈɪkɪt	𐑑𐑦𐑒𐑩𐑑	ˈtɪkIt	high	
tickets	𐑑𐑦𐑒𐑦𐑑𐑕	tˈɪkɪts	𐑑𐑦𐑒𐑩𐑑𐑕	ˈtɪkIts	high	
timid	𐑑𐑦𐑥𐑩𐑛	tˈɪmƏd	𐑑𐑦𐑥𐑦𐑛	ˈtɪmɪd	high	
tires	𐑑𐑲𐑩𐑟	taɪəz	𐑑𐑲𐑼𐑟	ˈtaɪəRz	medium	r_gap:spelling=1,ipa=0; shave_says:𐑑𐑲𐑼𐑟
tissue	𐑑𐑦𐑕𐑿	tˈɪsjuː	𐑑𐑦𐑖𐑵	ˈtɪʃuː	high	
tissues	𐑑𐑦𐑕𐑿𐑟	tˈɪsjuːz	𐑑𐑦𐑖𐑵𐑟	ˈtɪʃuːz	high	
to	𐑑𐑩	tə	𐑑	T	high	
to	𐑑𐑫	tʊ	𐑑	T	high	
to	𐑑𐑵	tˈuː	𐑑	T	high	
today	𐑑𐑵𐑛𐑱	tuːdˈeɪ	𐑑𐑩𐑛𐑱	təˈdeɪ	high	
toilet	𐑑𐑶𐑤𐑦𐑑	tˈɔɪlɪt	𐑑𐑶𐑤𐑩𐑑	ˈtɔɪlət	high	
toilets	𐑑𐑶𐑤𐑦𐑑𐑕	tˈɔɪlɪts	𐑑𐑶𐑤𐑩𐑑𐑕	ˈtɔɪləts	high	
tokyo	𐑑𐑴𐑒𐑾𐑫	tˈəʊkɪəʊ	𐑑𐑴𐑒𐑘𐑴	ˈtəʊkjəʊ	high	
tottenham	𐑑𐑪𐑑𐑯𐑩𐑥	tˈɒtnəm	𐑑𐑪𐑑𐑩𐑯𐑩𐑥	ˈtɒtənəm	high	
tournament	𐑑𐑹𐑯𐑩𐑥𐑩𐑯𐑑	tɔːRnəmənt	𐑑𐑫𐑼𐑯𐑩𐑥𐑩𐑯𐑑	ˈtʊəRnəmənt	high	
tournaments	𐑑𐑹𐑯𐑩𐑥𐑩𐑯𐑑𐑕	tɔːRnəmənts	𐑑𐑫𐑼𐑯𐑩𐑥𐑩𐑯𐑑𐑕	ˈtʊəRnəmənts	high	
towards	𐑑𐑹𐑛𐑟	tɔːRdz	𐑑𐑩𐑢𐑹𐑛𐑟	təˈwɔːRdz	high	
tradesmen	𐑑𐑮𐑱𐑛𐑟𐑥𐑩𐑯	treɪdzmən	𐑑𐑮𐑱𐑛𐑟𐑥𐑧𐑯	ˈtreɪdzmen	high	
traditionally	𐑑𐑮𐑩𐑛𐑦𐑖𐑯𐑩𐑤𐑦	trədɪʃnəli	𐑑𐑮𐑩𐑛𐑦𐑖𐑩𐑯𐑩𐑤𐑦	trəˈdɪʃənəli	high	
tragedy	𐑑𐑮𐑨𐑡𐑦𐑛𐑦	trædʒɪdi	𐑑𐑮𐑨𐑡𐑩𐑛𐑦	ˈtrædʒədi	high	
transformation	𐑑𐑮𐑨𐑯𐑕𐑓𐑩𐑥𐑱𐑖𐑩𐑯	trænsfəmeɪʃən	𐑑𐑮𐑨𐑯𐑕𐑓𐑼𐑥𐑱𐑖𐑩𐑯	ˌtrænsfəRˈmeɪʃən	medium	r_gap:spelling=2,ipa=1; shave_says:𐑑𐑮𐑨𐑯𐑕𐑓𐑼𐑥𐑱𐑖𐑩𐑯
transit	𐑑𐑮𐑨𐑯𐑕𐑦𐑑	trænsɪt	𐑑𐑮𐑨𐑯𐑟𐑦𐑑	ˈtrænzɪt	high	
transmission	𐑑𐑮𐑨𐑯𐑕𐑥𐑦𐑖𐑩𐑯	trænsmɪʃən	𐑑𐑮𐑨𐑯𐑟𐑥𐑦𐑖𐑩𐑯	trænzˈmɪʃən	high	
transmitted	𐑑𐑮𐑨𐑯𐑕𐑥𐑦𐑑𐑩𐑛	trænsmɪtƏd	𐑑𐑮𐑨𐑯𐑟𐑥𐑦𐑑𐑩𐑛	trænzˈmɪtƏd	high	
transparency	𐑑𐑮𐑨𐑯𐑕𐑐𐑺𐑩𐑯𐑕𐑦	trænspeərənsi	𐑑𐑮𐑨𐑯𐑕𐑐𐑨𐑮𐑩𐑯𐑕𐑦	trænsˈpærənsi	high	
transpires	𐑑𐑮𐑨𐑯𐑕𐑐𐑲𐑩𐑟	trænspaɪəz	𐑑𐑮𐑨𐑯𐑕𐑐𐑲𐑼𐑟	trænˈspaɪəRz	medium	r_gap:spelling=2,ipa=1; shave_says:𐑑𐑮𐑨𐑯𐑕𐑐𐑲𐑼𐑟
transportation	𐑑𐑮𐑨𐑯𐑕𐑐𐑩𐑑𐑱𐑖𐑩𐑯	trænspəteɪʃən	𐑑𐑮𐑨𐑯𐑕𐑐𐑹𐑑𐑱𐑖𐑩𐑯	ˌtrænspɔːRˈteɪʃən	medium	r_gap:spelling=2,ipa=1; shave_says:𐑑𐑮𐑨𐑯𐑕𐑐𐑹𐑑𐑱𐑖𐑩𐑯
transsexual	𐑑𐑮𐑨𐑯𐑟𐑕𐑧𐑒𐑖𐑫𐑼𐑤	trænzsekʃʊəRl	𐑑𐑮𐑨𐑯𐑟𐑕𐑧𐑒𐑖𐑫𐑩𐑤	trænzˈsekʃuəl	high	
travelling	𐑑𐑮𐑨𐑝𐑤𐑦𐑙	trævlɪŋ	𐑑𐑮𐑨𐑝𐑩𐑤𐑦𐑙	ˈtrævəlɪŋ	high	
treasures	𐑑𐑮𐑧𐑠𐑩𐑟	treʒəz	𐑑𐑮𐑧𐑠𐑼𐑟	ˈtreʒəRz	medium	r_gap:spelling=2,ipa=1; shave_says:𐑑𐑮𐑧𐑠𐑼𐑟
trial	𐑑𐑮𐑲𐑤	traɪl	𐑑𐑮𐑲𐑩𐑤	ˈtraɪəl	high	
trials	𐑑𐑮𐑲𐑤𐑟	traɪlz	𐑑𐑮𐑲𐑩𐑤𐑟	ˈtraɪəlz	high	
tribunal	𐑑𐑮𐑦𐑚𐑿𐑯𐑩𐑤	trɪbjuːnəl	𐑑𐑮𐑲𐑚𐑿𐑯𐑩𐑤	traɪˈbjuːnəl	high	
trinket	𐑑𐑮𐑦𐑙𐑒𐑦𐑑	trɪŋkɪt	𐑑𐑮𐑦𐑙𐑒𐑩𐑑	ˈtrɪŋkIt	high	
troll	𐑑𐑮𐑪𐑤	trɒl	𐑑𐑮𐑴𐑤	trəʊl	high	
trumpet	𐑑𐑮𐑳𐑥𐑐𐑦𐑑	trʌmpɪt	𐑑𐑮𐑳𐑥𐑐𐑩𐑑	ˈtrʌmpIt	high	
trying	𐑑𐑮𐑲𐑙	traɪŋ	𐑑𐑮𐑲𐑦𐑙	ˈtraɪɪŋ	high	
tsar	𐑟𐑸	zɑːR	𐑑𐑕𐑸	tsɑːR	high	
tuesday	𐑑𐑿𐑟𐑛𐑦	tjˈuːzdi	𐑑𐑵𐑟𐑛𐑱, 𐑑𐑿𐑟𐑛𐑱	ˈtjuːzdeɪ	high	
tuesdays	𐑑𐑿𐑟𐑛𐑦𐑟	tjˈuːzdiz	𐑑𐑵𐑟𐑛𐑱𐑟, 𐑑𐑿𐑟𐑛𐑱𐑟	ˈtjuːzdeɪz	high	
turquoise	𐑑𐑻𐑒𐑢𐑭𐑟	tɜːRkwɑːz	𐑑𐑻𐑒𐑢𐑶𐑟	ˈtɜːRkwɔɪz	high	
twentieth	𐑑𐑢𐑧𐑯𐑑𐑦𐑦𐑔	twˈentiɪθ	𐑑𐑢𐑧𐑯𐑑𐑾𐑔	ˈtwentɪəθ	high	
twenty-five	𐑑𐑢𐑧𐑯𐑑𐑰𐑓𐑲𐑝	twˌentiːfˈaɪv	𐑑𐑢𐑧𐑯𐑑𐑦-𐑓𐑲𐑝	ˈtwenti-ˌfaɪv	high	
typically	𐑑𐑦𐑐𐑦𐑒𐑩𐑤𐑦	tˈɪpɪkəli	𐑑𐑦𐑐𐑦𐑒𐑤𐑦	ˈtɪpɪkli	high	
tyres	𐑑𐑲𐑩𐑟	taɪəz	𐑑𐑲𐑼𐑟	ˈtaɪəRz	medium	r_gap:spelling=1,ipa=0; shave_says:𐑑𐑲𐑼𐑟
ugh	𐑳𐑜	ˈʌɡ	𐑩𐑣	əh	high	
ultimately	𐑳𐑤𐑑𐑦𐑥𐑦𐑑𐑤𐑦	ˈʌltɪmɪtli	𐑳𐑤𐑑𐑦𐑥𐑩𐑑𐑤𐑦	ˈʌltɪmətli	high	
um	𐑳𐑥	ʌm	𐑩𐑥	əm	high	
unauthorized	𐑳𐑯𐑹𐑔𐑼𐑲𐑟𐑛	ʌnɔːRθəraɪzd	𐑳𐑯𐑷𐑔𐑼𐑲𐑟𐑛	ʌnˈɔːθəraɪzd	high	
unbelievable	𐑳𐑯𐑚𐑩𐑤𐑰𐑝𐑩𐑚𐑩𐑤	ˌʌnbəlˈiːvəbəl	𐑳𐑯𐑚𐑦𐑤𐑰𐑝𐑩𐑚𐑩𐑤	ˌʌnbɪˈliːvəbəl	high	
uncomfortable	𐑳𐑯𐑒𐑳𐑥𐑓𐑩𐑑𐑩𐑚𐑩𐑤	ʌnkʌmfətəbəl	𐑳𐑯𐑒𐑳𐑥𐑓𐑼𐑑𐑩𐑚𐑩𐑤	ʌnˈkʌmfəRtəbəl	medium	r_gap:spelling=1,ipa=0; shave_says:𐑳𐑯𐑒𐑳𐑥𐑓𐑼𐑑𐑩𐑚𐑩𐑤
undergo	𐑳𐑯𐑛𐑩𐑜𐑴	ʌndəɡəʊ	𐑳𐑯𐑛𐑼𐑜𐑴	ˌʌndəRˈɡəʊ	medium	r_gap:spelling=1,ipa=0; shave_says:𐑳𐑯𐑛𐑼𐑜𐑴
undergone	𐑳𐑯𐑛𐑩𐑜𐑪𐑯	ʌndəɡɒn	𐑳𐑯𐑛𐑼𐑜𐑪𐑯	ˌʌndəRˈɡɒn	medium	r_gap:spelling=1,ipa=0; shave_says:𐑳𐑯𐑛𐑼𐑜𐑪𐑯
undergraduate	𐑳𐑯𐑛𐑩𐑜𐑮𐑨𐑛𐑘𐑩𐑼𐑑	ʌndəɡrædjəəRt	𐑳𐑯𐑛𐑼𐑜𐑮𐑨𐑡𐑫𐑩𐑑	ˌʌndəRˈɡrædʒuət	medium	ml_disagrees:𐑳𐑯𐑛𐑩𐑜𐑮𐑨𐑡𐑫𐑼𐑑; shave_says:𐑳𐑯𐑛𐑼𐑜𐑮𐑨𐑡𐑵𐑩𐑑
underground	𐑳𐑯𐑛𐑩𐑜𐑮𐑬𐑯𐑛	ʌndəɡraʊnd	𐑳𐑯𐑛𐑼𐑜𐑮𐑬𐑯𐑛	ˈʌndəRɡraʊnd	medium	r_gap:spelling=2,ipa=1; shave_says:𐑳𐑯𐑛𐑼𐑜𐑮𐑬𐑯𐑛
underlie	𐑳𐑯𐑛𐑩𐑤𐑲	ʌndəlaɪ	𐑳𐑯𐑛𐑼𐑤𐑲	ˌʌndəRˈlaɪ	medium	r_gap:spelling=1,ipa=0; shave_says:𐑳𐑯𐑛𐑼𐑤𐑲
underline	𐑳𐑯𐑛𐑩𐑤𐑲𐑯	ʌndəlaɪn	𐑳𐑯𐑛𐑼𐑤𐑲𐑯	ˈʌndəRlaɪn	medium	r_gap:spelling=1,ipa=0; shave_says:𐑳𐑯𐑛𐑼𐑤𐑲𐑯
underlying	𐑳𐑯𐑛𐑩𐑤𐑲𐑦𐑙	ʌndəlaɪɪŋ	𐑳𐑯𐑛𐑼𐑤𐑲𐑦𐑙	ˌʌndəRˈlaɪɪŋ	medium	r_gap:spelling=1,ipa=0; shave_says:𐑳𐑯𐑛𐑼𐑤𐑲𐑦𐑙
undermine	𐑳𐑯𐑛𐑩𐑥𐑲𐑯	ʌndəmaɪn	𐑳𐑯𐑛𐑼𐑥𐑲𐑯	ˌʌndəRˈmaɪn	medium	r_gap:spelling=1,ipa=0; shave_says:𐑳𐑯𐑛𐑼𐑥𐑲𐑯
underneath	𐑳𐑯𐑛𐑩𐑯𐑰𐑔	ʌndəniːθ	𐑳𐑯𐑛𐑼𐑯𐑰𐑔	ˌʌndəRˈniːθ	medium	r_gap:spelling=1,ipa=0; shave_says:𐑳𐑯𐑛𐑼𐑯𐑰𐑔
understand	𐑳𐑯𐑛𐑩𐑕𐑑𐑨𐑯𐑛	ʌndəstænd	𐑳𐑯𐑛𐑼𐑕𐑑𐑨𐑯𐑛	ˌʌndəRˈstænd	medium	r_gap:spelling=1,ipa=0; shave_says:𐑳𐑯𐑛𐑼𐑕𐑑𐑨𐑯𐑛
understandable	𐑳𐑯𐑛𐑩𐑕𐑑𐑨𐑯𐑛𐑩𐑚𐑩𐑤	ʌndəstændəbəl	𐑳𐑯𐑛𐑼𐑕𐑑𐑨𐑯𐑛𐑩𐑚𐑩𐑤	ˌʌndəRˈstændəbəl	medium	r_gap:spelling=1,ipa=0; shave_says:𐑳𐑯𐑛𐑼𐑕𐑑𐑨𐑯𐑛𐑩𐑚𐑩𐑤
understanding	𐑳𐑯𐑛𐑩𐑕𐑑𐑨𐑯𐑛𐑦𐑙	ʌndəstændɪŋ	𐑳𐑯𐑛𐑼𐑕𐑑𐑨𐑯𐑛𐑦𐑙	ˌʌndəRˈstændɪŋ	medium	r_gap:spelling=1,ipa=0; shave_says:𐑳𐑯𐑛𐑼𐑕𐑑𐑨𐑯𐑛𐑦𐑙
understands	𐑳𐑯𐑛𐑩𐑕𐑑𐑨𐑯𐑛𐑟	ʌndəstændz	𐑳𐑯𐑛𐑼𐑕𐑑𐑨𐑯𐑛𐑟	ˌʌndəRˈstændz	medium	r_gap:spelling=1,ipa=0; shave_says:𐑳𐑯𐑛𐑼𐑕𐑑𐑨𐑯𐑛𐑟
understood	𐑳𐑯𐑛𐑩𐑕𐑑𐑫𐑛	ʌndəstʊd	𐑳𐑯𐑛𐑼𐑕𐑑𐑫𐑛	ˌʌndəRˈstʊd	medium	r_gap:spelling=1,ipa=0; shave_says:𐑳𐑯𐑛𐑼𐑕𐑑𐑫𐑛
undertake	𐑳𐑯𐑛𐑩𐑑𐑱𐑒	ʌndəteɪk	𐑳𐑯𐑛𐑼𐑑𐑱𐑒	ˌʌndəRˈteɪk	medium	r_gap:spelling=1,ipa=0; shave_says:𐑳𐑯𐑛𐑼𐑑𐑱𐑒
undertaken	𐑳𐑯𐑛𐑩𐑑𐑱𐑒𐑩𐑯	ʌndəteɪkən	𐑳𐑯𐑛𐑼𐑑𐑱𐑒𐑩𐑯	ˌʌndəRˈteɪkən	medium	r_gap:spelling=1,ipa=0; shave_says:𐑳𐑯𐑛𐑼𐑑𐑱𐑒𐑩𐑯
undertaking	𐑳𐑯𐑛𐑩𐑑𐑱𐑒𐑦𐑙	ʌndəteɪkɪŋ	𐑳𐑯𐑛𐑼𐑑𐑱𐑒𐑦𐑙	ˌʌndəRˈteɪkɪŋ	medium	r_gap:spelling=1,ipa=0; shave_says:𐑳𐑯𐑛𐑼𐑑𐑱𐑒𐑦𐑙
underwear	𐑳𐑯𐑛𐑩𐑢𐑺	ʌndəweəR	𐑳𐑯𐑛𐑼𐑢𐑺	ˈʌndəRweəR	medium	r_gap:spelling=2,ipa=1; shave_says:𐑳𐑯𐑛𐑼𐑢𐑺
underwent	𐑳𐑯𐑛𐑩𐑢𐑧𐑯𐑑	ʌndəwent	𐑳𐑯𐑛𐑼𐑢𐑧𐑯𐑑	ˌʌndəRˈwent	medium	r_gap:spelling=1,ipa=0; shave_says:𐑳𐑯𐑛𐑼𐑢𐑧𐑯𐑑
unemployed	𐑳𐑯𐑧𐑥𐑐𐑤𐑶𐑛	ˌʌnemplˈɔɪd	𐑳𐑯𐑦𐑥𐑐𐑤𐑶𐑛	ˌʌnɪmˈplɔɪd	high	
unfamiliar	𐑳𐑯𐑓𐑩𐑥𐑦𐑤𐑘𐑼	ʌnfəmɪljəR	𐑳𐑯𐑓𐑩𐑥𐑦𐑤𐑽	ˌʌnfəˈmɪlɪəR	high	
unfortunately	𐑳𐑯𐑓𐑹𐑗𐑩𐑯𐑦𐑑𐑤𐑦	ʌnfɔːRtʃənɪtli	𐑳𐑯𐑓𐑹𐑗𐑩𐑯𐑩𐑑𐑤𐑦	ʌnˈfɔːRtʃənətli	high	
unless	𐑳𐑯𐑤𐑧𐑕	ʌnlˈes	𐑩𐑯𐑤𐑧𐑕	ənˈles	high	
unreasonable	𐑳𐑯𐑮𐑰𐑟𐑯𐑩𐑚𐑩𐑤	ʌnriːznəbəl	𐑳𐑯𐑮𐑰𐑟𐑩𐑯𐑩𐑚𐑩𐑤	ʌnˈriːzənəbəl	high	
unsatisfactory	𐑳𐑯𐑕𐑩𐑑𐑦𐑕𐑓𐑨𐑒𐑑𐑼𐑦	ʌnsətɪsfæktəri	𐑳𐑯𐑕𐑨𐑑𐑦𐑕𐑓𐑨𐑒𐑑𐑼𐑦	ˌʌnsætɪsˈfæktəri	high	
unsure	𐑳𐑯𐑖𐑷	ʌnʃɔː	𐑳𐑯𐑖𐑫𐑼	ʌnˈʃʊəR	low	ml_disagrees:𐑳𐑯𐑖𐑼; r_gap:spelling=1,ipa=0; shave_says:𐑳𐑯𐑖𐑫𐑼
until	𐑳𐑯𐑑𐑦𐑤	ʌntˈɪl	𐑩𐑯𐑑𐑦𐑤	ənˈtɪl	high	
unusual	𐑳𐑯𐑿𐑠𐑫𐑼𐑤	ʌnjˈuːʒʊəl	𐑳𐑯𐑿𐑠𐑫𐑩𐑤	ʌnˈjuːʒuəl	medium	ml_disagrees:𐑳𐑯𐑿𐑠𐑫𐑩𐑤; shave_says:𐑳𐑯𐑿𐑠𐑵𐑩𐑤
unusually	𐑳𐑯𐑿𐑠𐑫𐑼𐑤𐑦	ʌnjˈuːʒʊəli	𐑳𐑯𐑿𐑠𐑫𐑩𐑤𐑦	ʌnˈjuːʒuəli	medium	ml_disagrees:𐑳𐑯𐑿𐑠𐑫𐑩𐑤𐑦; shave_says:𐑳𐑯𐑿𐑠𐑵𐑤𐑦
uranium	𐑘𐑼𐑱𐑯𐑾𐑥	jəreɪnɪəm	𐑘𐑫𐑼𐑱𐑯𐑾𐑥	jʊəˈreɪnɪəm	high	
uranus	𐑘𐑼𐑩𐑯𐑩𐑕	jərənəs	𐑘𐑫𐑼𐑩𐑯𐑩𐑕	jʊəˈrenəs	high	
uranus	𐑘𐑼𐑱𐑯𐑩𐑕	jəreɪnəs	𐑘𐑫𐑼𐑩𐑯𐑩𐑕	jʊəˈrenəs	high	
urine	𐑘𐑩𐑼𐑲𐑯	jəəraɪn	𐑘𐑫𐑼𐑦𐑯	ˈjʊərɪn	medium	ml_disagrees:𐑘𐑫𐑼𐑲𐑯; shave_says:𐑘𐑫𐑼𐑦𐑯
useless	𐑿𐑕𐑤𐑦𐑕	jˈuːslɪs	𐑿𐑕𐑤𐑩𐑕	ˈjuːsləs	high	
usual	𐑿𐑠𐑫𐑼𐑤	jˈuːʒʊəl	𐑿𐑠𐑫𐑩𐑤	ˈjuːʒuəl	medium	ml_disagrees:𐑿𐑠𐑫𐑩𐑤; shave_says:𐑿𐑠𐑵𐑩𐑤
usually	𐑿𐑠𐑫𐑼𐑤𐑦	jˈuːʒʊəli	𐑿𐑠𐑫𐑩𐑤𐑦	ˈjuːʒuəli	medium	ml_disagrees:𐑿𐑠𐑫𐑩𐑤𐑦; shave_says:𐑿𐑠𐑵𐑤𐑦
usurp	𐑿𐑕𐑻𐑐	juːsɜːRp	𐑿𐑟𐑻𐑐	juːˈzɜːRp	high	
utah	𐑿𐑑𐑷	jˈuːtˌɔː	𐑿𐑑𐑭	ˈjuːtɑː	high	
utterly	𐑳𐑑𐑩𐑤𐑦	ʌtəli	𐑳𐑑𐑼𐑤𐑦	ˈʌtəRli	medium	r_gap:spelling=1,ipa=0; shave_says:𐑳𐑑𐑼𐑤𐑦
vacation	𐑝𐑩𐑒𐑱𐑖𐑩𐑯	vəkˈeɪʃən	𐑝𐑱𐑒𐑱𐑖𐑩𐑯	veɪˈkeɪʃən	high	
vacations	𐑝𐑩𐑒𐑱𐑖𐑩𐑯𐑟	vəkˈeɪʃənz	𐑝𐑱𐑒𐑱𐑖𐑩𐑯𐑟	veɪˈkeɪʃənz	high	
valet	𐑝𐑨𐑤𐑦𐑑	vˈælɪt	𐑝𐑨𐑤𐑱	ˈvæleɪ	high	
valid	𐑝𐑨𐑤𐑩𐑛	vˈælƏd	𐑝𐑨𐑤𐑦𐑛	ˈvælɪd	high	
valuable	𐑝𐑨𐑤𐑘𐑩𐑚𐑩𐑤	vˈæljəbəl	𐑝𐑨𐑤𐑘𐑫𐑩𐑚𐑩𐑤	ˈvæljuəbəl	high	
valuation	𐑝𐑨𐑤𐑘𐑩𐑱𐑖𐑩𐑯	væljəˈeɪʃən	𐑝𐑨𐑤𐑘𐑫𐑱𐑖𐑩𐑯	ˌvæljuˈeɪʃən	medium	ml_disagrees:𐑝𐑨𐑤𐑘𐑫𐑱𐑖𐑩𐑯; shave_says:𐑝𐑨𐑤𐑿𐑱𐑖𐑩𐑯
variegated	𐑝𐑺𐑦𐑜𐑱𐑑𐑩𐑛	veərɪɡeɪtƏd	𐑝𐑺𐑾𐑜𐑱𐑑𐑩𐑛	ˈveərɪəɡeɪtƏd	high	
vase	𐑝𐑭𐑕	vˈɑːs	𐑝𐑭𐑟	vɑːz	high	
velvet	𐑝𐑧𐑤𐑝𐑦𐑑	vˈelvɪt	𐑝𐑧𐑤𐑝𐑩𐑑	ˈvelvIt	high	
veneer	𐑝𐑦𐑯𐑽	vɪnɪəR	𐑝𐑩𐑯𐑽	vəˈnɪəR	high	
ventures	𐑝𐑧𐑯𐑗𐑩𐑟	ventʃəz	𐑝𐑧𐑯𐑗𐑼𐑟	ˈventʃəRz	medium	r_gap:spelling=1,ipa=0; shave_says:𐑝𐑧𐑯𐑗𐑼𐑟
venues	𐑝𐑧𐑯𐑵𐑟	vˈenuːz	𐑝𐑧𐑯𐑿𐑟	ˈvenjuːz	high	
vermont	𐑝𐑩𐑥𐑪𐑯𐑑	vəmɒnt	𐑝𐑼𐑥𐑪𐑯𐑑	vɜːRˈmɒnt	medium	r_gap:spelling=1,ipa=0; shave_says:𐑝𐑼𐑥𐑪𐑯𐑑
via	𐑝𐑰𐑩	vˈiːə	𐑝𐑲𐑩	ˈvaɪə	high	
vice versa	𐑝𐑲𐑕𐑦𐑝𐑻𐑕𐑩	vaɪsɪvɜːRsə	𐑝𐑲𐑕𐑩 𐑝𐑻𐑕𐑩	ˌvaɪsə ˈvɜːRsə	high	
victory	𐑝𐑦𐑒𐑑𐑮𐑦	vɪktri	𐑝𐑦𐑒𐑑𐑼𐑦	ˈvɪktəri	high	
vietnam	𐑝𐑘𐑧𐑑𐑯𐑨𐑥	vjˌetnˈæm	𐑝𐑦𐑧𐑑𐑯𐑭𐑥	ˌvɪetˈnɑːm	high	
vietnamese	𐑝𐑘𐑧𐑑𐑯𐑩𐑥𐑰𐑟	vjˌetnəmˈiːz	𐑝𐑦𐑧𐑑𐑯𐑩𐑥𐑰𐑟	ˌvɪetnəˈmiːz	high	
vinyl	𐑝𐑲𐑯𐑩𐑤	vˈaɪnəl	𐑝𐑲𐑯𐑦𐑤	ˈvaɪnɪl	high	
violent	𐑝𐑲𐑤𐑩𐑯𐑑	vˈaɪlənt	𐑝𐑲𐑩𐑤𐑩𐑯𐑑	ˈvaɪələnt	high	
violet	𐑝𐑲𐑩𐑤𐑦𐑑	vˈaɪəlɪt	𐑝𐑲𐑩𐑤𐑩𐑑	ˈvaɪələt	high	
virginia	𐑝𐑩𐑡𐑦𐑯𐑘𐑩	vədʒɪnjə	𐑝𐑼𐑡𐑦𐑯𐑾	vəRˈdʒɪnɪə	medium	r_gap:spelling=1,ipa=0; shave_says:𐑝𐑼𐑡𐑦𐑯𐑾
virtual	𐑝𐑻𐑗𐑫𐑼𐑤	vɜːRtʃʊəRl	𐑝𐑻𐑗𐑫𐑩𐑤	ˈvɜːRtʃuəl	high	
virtually	𐑝𐑻𐑗𐑫𐑼𐑤𐑦	vɜːRtʃʊəRli	𐑝𐑻𐑗𐑫𐑩𐑤𐑦	ˈvɜːRtʃuəli	high	
visual	𐑝𐑦𐑟𐑘𐑩𐑩𐑤	vˈɪzjəəl	𐑝𐑦𐑠𐑫𐑩𐑤	ˈvɪʒuəl	high	
visual	𐑝𐑦𐑠𐑫𐑼𐑤	vˈɪʒʊəl	𐑝𐑦𐑠𐑫𐑩𐑤	ˈvɪʒuəl	medium	ml_disagrees:𐑝𐑦𐑠𐑫𐑩𐑤; shave_says:𐑝𐑦𐑠𐑵𐑩𐑤
visualisation	𐑝𐑦𐑟𐑘𐑩𐑩𐑤𐑲𐑟𐑱𐑖𐑩𐑯	vˌɪzjəəlaɪzˈeɪʃən	𐑝𐑦𐑠𐑫𐑩𐑤𐑲𐑟𐑱𐑖𐑩𐑯	ˌvɪʒuəlaɪˈzeɪʃən	high	
visualisation	𐑝𐑦𐑠𐑫𐑼𐑤𐑲𐑟𐑱𐑖𐑩𐑯	vˌɪʒʊəlaɪzˈeɪʃən	𐑝𐑦𐑠𐑫𐑩𐑤𐑲𐑟𐑱𐑖𐑩𐑯	ˌvɪʒuəlaɪˈzeɪʃən	medium	ml_disagrees:𐑝𐑦𐑠𐑫𐑩𐑤𐑲𐑟𐑱𐑖𐑩𐑯; shave_says:𐑝𐑦𐑠𐑵𐑩𐑤𐑲𐑟𐑱𐑖𐑩𐑯
visualization	𐑝𐑦𐑟𐑘𐑩𐑩𐑤𐑲𐑟𐑱𐑖𐑩𐑯	vˌɪzjəəlaɪzˈeɪʃən	𐑝𐑦𐑠𐑫𐑩𐑤𐑲𐑟𐑱𐑖𐑩𐑯	ˌvɪʒuəlaɪˈzeɪʃən	high	
visualization	𐑝𐑦𐑠𐑫𐑼𐑤𐑲𐑟𐑱𐑖𐑩𐑯	vˌɪʒʊəlaɪzˈeɪʃən	𐑝𐑦𐑠𐑫𐑩𐑤𐑲𐑟𐑱𐑖𐑩𐑯	ˌvɪʒuəlaɪˈzeɪʃən	medium	ml_disagrees:𐑝𐑦𐑠𐑫𐑩𐑤𐑲𐑟𐑱𐑖𐑩𐑯; shave_says:𐑝𐑦𐑠𐑵𐑩𐑤𐑲𐑟𐑱𐑖𐑩𐑯
volleyball	𐑝𐑪𐑤𐑰𐑚𐑷𐑤	vˈɒliːbˌɔːl	𐑝𐑪𐑤𐑦𐑚𐑷𐑤	ˈvɒlɪbɔːl	high	
volt	𐑝𐑪𐑤𐑑	vˈɒlt	𐑝𐑴𐑤𐑑	vəʊlt	high	
voluptuous	𐑝𐑩𐑤𐑳𐑐𐑑𐑘𐑩𐑩𐑕	vəlˈʌptjəəs	𐑝𐑩𐑤𐑳𐑐𐑗𐑫𐑩𐑕	vəˈlʌptʃuəs	high	
voyager	𐑝𐑶𐑦𐑡𐑼	vɔɪɪdʒəR	𐑝𐑶𐑩𐑡𐑼	ˈvɔɪədʒəR	high	
voyeur	𐑝𐑢𐑲𐑻	vwaɪɜːR	𐑝𐑢𐑭𐑘𐑻	vwɑːˈjɜːR	high	
voyeur	𐑝𐑶𐑻	vɔɪɜːR	𐑝𐑢𐑭𐑘𐑻	vwɑːˈjɜːR	high	
walkman	𐑢𐑷𐑒𐑥𐑨𐑯	wˈɔːkmˌæn	𐑢𐑷𐑒𐑥𐑩𐑯	ˈwɔːkmən	high	
wallace	𐑢𐑪𐑤𐑦𐑕	wˈɒlɪs	𐑢𐑪𐑤𐑩𐑕	ˈwɒləs	high	
wallet	𐑢𐑪𐑤𐑦𐑑	wˈɒlɪt	𐑢𐑪𐑤𐑩𐑑	ˈwɒlət	high	
walsall	𐑢𐑷𐑤𐑕𐑷𐑤	wˈɔːlsɔːl	𐑢𐑪𐑤𐑕𐑷𐑤	ˈwɒlsɔːl	high	
waltz	𐑢𐑪𐑤𐑑𐑕	wˈɒlts	𐑢𐑷𐑤𐑑𐑕	wɔːlts	high	
waltz	𐑢𐑪𐑤𐑕	wˈɒls	𐑢𐑷𐑤𐑑𐑕	wɔːlts	high	
waltz	𐑢𐑷𐑤𐑕	wˈɔːls	𐑢𐑷𐑤𐑑𐑕	wɔːlts	high	
wandsworth	𐑢𐑪𐑯𐑟𐑢𐑼𐑔	wɒnzwəRθ	𐑢𐑪𐑯𐑛𐑟𐑢𐑼𐑔	ˈwɒndzwəRθ	high	
warsaw	𐑢𐑹𐑕𐑹	wɔːRsɔːR	𐑢𐑹𐑕𐑷	ˈwɔːRsɔː	high	
was	𐑢𐑩𐑟	wəz	𐑢𐑪𐑟, 𐑢𐑳𐑟	wɒz	high	
watermelon	𐑢𐑷𐑑𐑩𐑥𐑧𐑤𐑩𐑯	wɔːtəmelən	𐑢𐑷𐑑𐑼𐑥𐑧𐑤𐑩𐑯	ˈwɔːtəRmelən	medium	r_gap:spelling=1,ipa=0; shave_says:𐑢𐑷𐑑𐑼𐑥𐑧𐑤𐑩𐑯
waterproof	𐑢𐑷𐑑𐑩𐑐𐑮𐑵𐑓	wɔːtəpruːf	𐑢𐑷𐑑𐑼𐑐𐑮𐑵𐑓	ˈwɔːtəRpruːf	medium	r_gap:spelling=2,ipa=1; shave_says:𐑢𐑷𐑑𐑼𐑐𐑮𐑵𐑓
watershed	𐑢𐑷𐑑𐑩𐑖𐑧𐑛	wɔːtəʃed	𐑢𐑷𐑑𐑼𐑖𐑧𐑛	ˈwɔːtəRʃed	medium	r_gap:spelling=1,ipa=0; shave_says:𐑢𐑷𐑑𐑼𐑖𐑧𐑛
weaknesses	𐑢𐑰𐑒𐑯𐑦𐑕𐑩𐑟	wˈiːknɪsƏz	𐑢𐑰𐑒𐑯𐑩𐑕𐑩𐑟	ˈwiːknəsƏz	high	
wednesday	𐑢𐑧𐑯𐑟𐑛𐑦	wˈenzdi	𐑢𐑧𐑯𐑟𐑛𐑱	ˈwenzdeɪ	high	
wednesdays	𐑢𐑧𐑯𐑟𐑛𐑦𐑟	wˈenzdiz	𐑢𐑧𐑯𐑟𐑛𐑱𐑟	ˈwenzdeɪz	high	
well-known	𐑢𐑧𐑤𐑯𐑴𐑯	wˌelnˈəʊn	𐑢𐑧𐑤-𐑯𐑴𐑯	ˈwel-nəʊn	high	
wellness	𐑢𐑧𐑤𐑯𐑦𐑕	wˈelnɪs	𐑢𐑧𐑤𐑯𐑩𐑕	ˈwelnəs	high	
wholly	𐑣𐑴𐑤𐑦	hˈəʊli	𐑣𐑴𐑤𐑤𐑦	ˈhəʊl+li	high	
whoop	𐑢𐑵𐑐	wˈuːp	𐑣𐑵𐑐	huːp	high	
whoops	𐑢𐑵𐑐𐑕	wˈuːps	𐑣𐑵𐑐𐑕	huːps	high	
wicket	𐑢𐑦𐑒𐑦𐑑	wˈɪkɪt	𐑢𐑦𐑒𐑩𐑑	ˈwɪkIt	high	
wickets	𐑢𐑦𐑒𐑦𐑑𐑕	wˈɪkɪts	𐑢𐑦𐑒𐑩𐑑𐑕	ˈwɪkIts	high	
wildebeest	𐑢𐑦𐑤𐑛𐑩𐑚𐑰𐑕𐑑	wˈɪldəbiːst	𐑢𐑦𐑤𐑛𐑦𐑚𐑰𐑕𐑑	ˈwɪldɪbiːst	high	
wilderness	𐑢𐑦𐑤𐑛𐑩𐑯𐑦𐑕	wɪldənɪs	𐑢𐑦𐑤𐑛𐑼𐑯𐑩𐑕	ˈwɪldəRnəs	medium	r_gap:spelling=1,ipa=0; shave_says:𐑢𐑦𐑤𐑛𐑼𐑯𐑩𐑕
will	𐑢𐑩𐑤	wəl	𐑢𐑦𐑤	wɪl	high	
william	𐑢𐑦𐑤𐑘𐑩𐑥	wˈɪljəm	𐑢𐑦𐑤𐑾𐑥	ˈwɪlɪəm	high	
williams	𐑢𐑦𐑤𐑘𐑩𐑥𐑟	wˈɪljəmz	𐑢𐑦𐑤𐑾𐑥𐑟	ˈwɪliəmz	high	
willingness	𐑢𐑦𐑤𐑦𐑙𐑯𐑦𐑕	wˈɪlɪŋnɪs	𐑢𐑦𐑤𐑦𐑙𐑯𐑩𐑕	ˈwɪlɪŋnəs	high	
wiltshire	𐑢𐑦𐑤𐑗𐑼	wɪltʃəR	𐑢𐑦𐑤𐑑𐑖𐑼	ˈwɪltʃəR	high	
winchester	𐑢𐑦𐑯𐑗𐑧𐑕𐑑𐑼	wɪntʃɪstəR	𐑢𐑦𐑯𐑗𐑩𐑕𐑑𐑼	ˈwɪntʃəstəR	high	overridden:was=𐑢𐑦𐑯𐑗𐑦𐑕𐑑𐑼; shave+ml_consensus
windy	𐑢𐑲𐑯𐑛𐑦	wˈaɪndi	𐑢𐑦𐑯𐑛𐑦	ˈwɪndi	high	
wireless	𐑢𐑲𐑩𐑤𐑦𐑕	waɪəlɪs	𐑢𐑲𐑼𐑤𐑩𐑕	ˈwaɪəRləs	medium	r_gap:spelling=1,ipa=0; shave_says:𐑢𐑲𐑼𐑤𐑩𐑕
wires	𐑢𐑲𐑩𐑟	waɪəz	𐑢𐑲𐑼𐑟	ˈwaɪəRz	medium	r_gap:spelling=1,ipa=0; shave_says:𐑢𐑲𐑼𐑟
wiring	𐑢𐑲𐑮𐑦𐑙	waɪrɪŋ	𐑢𐑲𐑼𐑦𐑙	ˈwaɪərɪŋ	high	
wiry	𐑢𐑲𐑮𐑦	waɪri	𐑢𐑲𐑼𐑦	ˈwaɪəri	high	
within	𐑢𐑦𐑔𐑦𐑯	wɪθˈɪn	𐑢𐑦𐑞𐑦𐑯	wɪðˈɪn	high	
without	𐑢𐑦𐑔𐑬𐑑	wɪθˈaʊt	𐑢𐑦𐑞𐑬𐑑	wɪðˈaʊt	high	
witness	𐑢𐑦𐑑𐑯𐑦𐑕	wˈɪtnɪs	𐑢𐑦𐑑𐑯𐑩𐑕	ˈwɪtnəs	high	
witnesses	𐑢𐑦𐑑𐑯𐑦𐑕𐑩𐑟	wˈɪtnɪsƏz	𐑢𐑦𐑑𐑯𐑩𐑕𐑩𐑟	ˈwɪtnəsƏz	high	
wolverhampton	𐑢𐑫𐑤𐑝𐑩𐑣𐑨𐑥𐑐𐑑𐑩𐑯	wʊlvəhæmptən	𐑢𐑫𐑤𐑝𐑼𐑣𐑨𐑥𐑐𐑑𐑩𐑯	ˈwʊlvəRˌhæmptən	medium	r_gap:spelling=1,ipa=0; shave_says:𐑢𐑫𐑤𐑝𐑼𐑣𐑨𐑥𐑐𐑑𐑩𐑯
won	𐑢𐑪𐑯	wˈɒn	𐑢𐑳𐑯	wʌn	high	
wonderful	𐑢𐑳𐑯𐑛𐑩𐑓𐑩𐑤	wʌndəfəl	𐑢𐑳𐑯𐑛𐑼𐑓𐑩𐑤	ˈwʌndəRfəl	medium	r_gap:spelling=1,ipa=0; shave_says:𐑢𐑳𐑯𐑛𐑼𐑓𐑩𐑤
woof	𐑢𐑵𐑓	wˈuːf	𐑢𐑫𐑓	wʊf	high	
worcestershire	𐑢𐑫𐑕𐑑𐑩𐑖𐑼	wʊstəʃəR	𐑢𐑫𐑕𐑑𐑼𐑖𐑼	ˈwʊstəRʃəR	medium	r_gap:spelling=3,ipa=1; shave_says:𐑢𐑫𐑕𐑑𐑼𐑖𐑼
working-class	𐑢𐑻𐑒𐑦𐑙𐑒𐑤𐑸𐑕	wɜːRkɪŋklɑːRs	𐑢𐑻𐑒𐑦𐑙-𐑒𐑤𐑨𐑕, 𐑢𐑻𐑒𐑦𐑙-𐑒𐑤𐑭𐑕	ˈwɜːRkɪŋ-klⱭːs	high	
worthless	𐑢𐑻𐑔𐑤𐑦𐑕	wɜːRθlɪs	𐑢𐑻𐑔𐑤𐑩𐑕	ˈwɜːRθləs	high	
would-be	𐑢𐑫𐑛𐑚𐑦	wˈʊdbi	𐑢𐑫𐑛-𐑚𐑰	ˈwʊd-biː	high	
wymondham	𐑢𐑦𐑯𐑛𐑩𐑥	wˈɪndəm	𐑢𐑦𐑥𐑩𐑯𐑛𐑩𐑥	ˈwɪməndəm	high	
x-ray	𐑧𐑒𐑕𐑮𐑱	eksreɪ	𐑧𐑒𐑕-𐑮𐑱	ˈeks-reɪ	high	
yahoo	𐑘𐑩𐑣𐑵	jəhˈuː	𐑘𐑭𐑣𐑵	jɑːˈhuː	high	
yamaha	𐑘𐑩𐑥𐑭𐑣𐑩	jəmˈɑːhə	𐑘𐑨𐑥𐑩𐑣𐑭	ˈjæməhɑː	high	
yamaha	𐑘𐑭𐑥𐑩𐑣𐑩	jˈɑːməhə	𐑘𐑨𐑥𐑩𐑣𐑭	ˈjæməhɑː	high	
yeah	𐑘𐑺	jˈeə	𐑘𐑧𐑩	ˈjeə	high	
year	𐑘𐑻	jɜːR	𐑘𐑽	jɪəR	high	
yearly	𐑘𐑻𐑤𐑦	jɜːRli	𐑘𐑽𐑤𐑦	ˈjɪəRli	high	
years	𐑘𐑻𐑟	jɜːRz	𐑘𐑽𐑟	jɪəRz	high	
yesterday	𐑘𐑧𐑕𐑑𐑩𐑛𐑦	jestədi	𐑘𐑧𐑕𐑑𐑼𐑛𐑱	ˈjestəRdeɪ	medium	r_gap:spelling=1,ipa=0; shave_says:𐑘𐑧𐑕𐑑𐑼𐑛𐑱
yesterday	𐑘𐑧𐑕𐑑𐑩𐑛𐑱	jestədeɪ	𐑘𐑧𐑕𐑑𐑼𐑛𐑱	ˈjestəRdeɪ	medium	r_gap:spelling=1,ipa=0; shave_says:𐑘𐑧𐑕𐑑𐑼𐑛𐑱
yo-yo	𐑘𐑴𐑘𐑴	jˈəʊjəʊ	𐑘𐑴-𐑘𐑴	ˈjəʊ-jəʊ	high	
yoghourt	𐑘𐑪𐑜𐑼𐑑	jɒɡəRt	𐑘𐑴𐑜𐑼𐑑	ˈjəʊɡəRt	high	
you	𐑘𐑩	jə	𐑿	juː	high	
your	𐑘𐑩𐑼	jəəR	𐑘𐑹	jɔːR	high	
your	𐑘𐑼	jəR	𐑘𐑹	jɔːR	high	
yours	𐑘𐑩𐑼𐑟	jəəRz	𐑘𐑹𐑟	jɔːRz	high	
yourself	𐑘𐑩𐑕𐑧𐑤𐑓	jəself	𐑘𐑹𐑕𐑧𐑤𐑓	jɔːRˈself	medium	r_gap:spelling=1,ipa=0; shave_says:𐑘𐑹𐑕𐑧𐑤𐑓
yourself	𐑘𐑩𐑼𐑕𐑧𐑤𐑓	jəəRself	𐑘𐑹𐑕𐑧𐑤𐑓	jɔːRˈself	high	
yourselves	𐑘𐑩𐑕𐑧𐑤𐑝𐑟	jəselvz	𐑘𐑹𐑕𐑧𐑤𐑝𐑟	jɔːRˈselvz	medium	r_gap:spelling=1,ipa=0; shave_says:𐑘𐑹𐑕𐑧𐑤𐑝𐑟
yourselves	𐑘𐑩𐑼𐑕𐑧𐑤𐑝𐑟	jəəRselvz	𐑘𐑹𐑕𐑧𐑤𐑝𐑟	jɔːRˈselvz	high	
youths	𐑿𐑔𐑕	jˈuːθs	𐑿𐑞𐑟	juːðz	high	
zebra	𐑟𐑰𐑚𐑮𐑩	ziːbrə	𐑟𐑧𐑚𐑮𐑩	ˈzebrə	high	
zimbabwe	𐑟𐑦𐑥𐑚𐑭𐑚𐑢𐑦	zɪmbˈɑːbwi	𐑟𐑦𐑥𐑚𐑭𐑚𐑢𐑱	zɪmˈbɑːbweɪ	high	
