type	word	pos	var	ipa	shaw_fragment	full_ipa	full_shaw	confidence
affix	-'s	UNC	RSSB	ɪz	𐑦𐑟	ɪz	𐑦𐑟	89
affix	-'s	UNC	GenAm	ɪz	𐑦𐑟	ɪz	𐑦𐑟	89
affix	-'s	UNC	GenAm	əz	𐑩𐑟	ɪz	𐑦𐑟	89
affix	-ability	UNC	RSSB	-əˈbɪlɪti	-𐑩𐑚𐑦𐑤𐑦𐑑𐑦			97
affix	-ability	UNC	RSSB	-əˈbɪləti	-𐑩𐑚𐑦𐑤𐑩𐑑𐑦			89
affix	-ability	UNC	GenAm	-əˈbɪləti	-𐑩𐑚𐑦𐑤𐑩𐑑𐑦			89
affix	-ac	UNC	RSSB	æk	𐑨𐑒			89
affix	-ac	UNC	GenAm	æk	𐑨𐑒			89
affix	-acal	UNC	RSSB	əkəl	𐑩𐑒𐑩𐑤			89
affix	-acal	UNC	GenAm	əkəl	𐑩𐑒𐑩𐑤			89
affix	-acy	UNC	RSSB	-əsiː	-𐑩𐑕𐑰			89
affix	-acy	UNC	GenAm	-əsi	-𐑩𐑕𐑦			89
affix	-adol	UNC	RSSB	ədɒl	𐑩𐑛𐑪𐑤			89
affix	-adol	UNC	GenAm	əˌdɒl	𐑩𐑛𐑪𐑤			89
affix	-ahh	UNC	GenAm	æː	𐑨ː			1
affix	-ahh	UNC	GenAm	ɑː	𐑭			89
affix	-alog	UNC	GenAm	əˌlɒɡ	𐑩𐑤𐑪𐑜			89
affix	-alogue	UNC	RSSB	əˌlɒɡ	𐑩𐑤𐑪𐑜			89
affix	-alogue	UNC	GenAm	əˌlɒɡ	𐑩𐑤𐑪𐑜			89
affix	-alol	UNC	RSSB	əlɒl	𐑩𐑤𐑪𐑤			89
affix	-alol	UNC	GenAm	əˌlɒl	𐑩𐑤𐑪𐑤			89
affix	-amivir	UNC	RSSB	amɪvɪəR	𐑨𐑥𐑦𐑝𐑽			89
affix	-amivir	UNC	GenAm	ˈæmɪˌvɪr	𐑨𐑥𐑦𐑝𐑦𐑮			89
affix	-andry	UNC	RSSB	-andri	-𐑨𐑯𐑛𐑮𐑦			97
affix	-arabine	UNC	RSSB	arəRbiːn	𐑨𐑮𐑼𐑚𐑰𐑯			89
affix	-arabine	UNC	GenAm	ˈærəˌbin	𐑨𐑮𐑩𐑚𐑦𐑯			89
affix	-arol	UNC	RSSB	ərɒl	𐑼𐑪𐑤			89
affix	-arol	UNC	GenAm	əˌrɒl	𐑼𐑪𐑤			89
affix	-arone	UNC	RSSB	ərəʊn	𐑼𐑴𐑯			89
affix	-arone	UNC	GenAm	əˌroʊn	𐑼𐑴𐑯			89
affix	-arotene	UNC	RSSB	arəRtiːn	𐑨𐑮𐑼𐑑𐑰𐑯			89
affix	-arotene	UNC	GenAm	ˈerəˌtiːn	𐑧𐑮𐑩𐑑𐑰𐑯			89
affix	-ary	UNC	RSSB	əri	𐑼𐑦			89
affix	-ary	UNC	GenAm	əri	𐑼𐑦			89
affix	-ary	UNC	RSSB	ri	𐑮𐑦			89
affix	-ary	UNC	GenAm	eri	𐑧𐑮𐑦			89
affix	-asvir	UNC	RSSB	əsvɪəR	𐑩𐑕𐑝𐑽			89
affix	-asvir	UNC	GenAm	əsˌvɪr	𐑩𐑕𐑝𐑦𐑮			89
affix	-azepam	UNC	RSSB	ˈeɪzɪpam	𐑱𐑟𐑦𐑐𐑨𐑥			89
affix	-azepam	UNC	RSSB	ˈazɪpam	𐑨𐑟𐑦𐑐𐑨𐑥			89
affix	-azepam	UNC	GenAm	ˈæzəˌpæm	𐑨𐑟𐑩𐑐𐑨𐑥			89
affix	-azepate	UNC	RSSB	ˈeɪzɪpeɪt	𐑱𐑟𐑦𐑐𐑱𐑑			89
affix	-azepate	UNC	RSSB	ˈazɪpeɪt	𐑨𐑟𐑦𐑐𐑱𐑑			89
affix	-azepate	UNC	GenAm	ˈæzəˌpeɪt	𐑨𐑟𐑩𐑐𐑱𐑑			89
affix	-azocine	UNC	RSSB	ˈazəʊsiːn	𐑨𐑟𐑴𐑕𐑰𐑯			89
affix	-azocine	UNC	GenAm	ˈæzəˌsin	𐑨𐑟𐑩𐑕𐑦𐑯			89
affix	-azolam	UNC	RSSB	ˈeɪzəʊlæm	𐑱𐑟𐑴𐑤𐑨𐑥			89
affix	-azolam	UNC	GenAm	ˈæzəˌlæm	𐑨𐑟𐑩𐑤𐑨𐑥			89
affix	-barb-	UNC	RSSB	bɑːRb	𐑚𐑸𐑚			89
affix	-barb-	UNC	GenAm	bɑːRb	𐑚𐑸𐑚			89
affix	-betasol	UNC	RSSB	ˈbiːtəsɒl	𐑚𐑰𐑑𐑩𐑕𐑪𐑤			89
affix	-betasol	UNC	GenAm	ˈbeɪtəˌsɒl	𐑚𐑱𐑑𐑩𐑕𐑪𐑤			89
affix	-biont	UNC	RSSB	ˈbaɪɒnt	𐑚𐑲𐑪𐑯𐑑			89
affix	-biont	UNC	GenAm	ˈbaɪɒnt	𐑚𐑲𐑪𐑯𐑑			89
affix	-blr	UNC	RSSB	-bləR	-𐑚𐑤𐑼			89
affix	-blr	UNC	GenAm	-blər	-𐑚𐑤𐑼			89
affix	-borough	UNC	RSSB	-brə	-𐑚𐑮𐑩	bʌrə	𐑚𐑳𐑮𐑩	89
affix	-borough	UNC	RSSB	-bərə	-𐑚𐑼𐑩	bʌrə	𐑚𐑳𐑮𐑩	89
affix	-bury	UNC	RSSB	-bri	-𐑚𐑮𐑦			89
affix	-bury	UNC	RSSB	-brɪ	-𐑚𐑮𐑦			89
affix	-bury	UNC	RSSB	-bəri	-𐑚𐑼𐑦			89
affix	-bury	UNC	RSSB	-bərɪ	-𐑚𐑼𐑦			89
affix	-buterol	UNC	RSSB	bjuːtərɒl	𐑚𐑿𐑑𐑼𐑪𐑤			89
affix	-buterol	UNC	GenAm	ˈbjutəˌrɒl	𐑚𐑘𐑫𐑑𐑼𐑪𐑤			89
affix	-buvir	UNC	RSSB	bjəvɪəR	𐑚𐑘𐑩𐑝𐑽			89
affix	-buvir	UNC	GenAm	bjəˌvɪr	𐑚𐑘𐑩𐑝𐑦𐑮			89
affix	-capone	UNC	RSSB	kəpəʊn	𐑒𐑩𐑐𐑴𐑯			89
affix	-capone	UNC	GenAm	kəˌpoʊn	𐑒𐑩𐑐𐑴𐑯			89
affix	-carnil	UNC	RSSB	kɑːRnɪl	𐑒𐑸𐑯𐑦𐑤			89
affix	-carnil	UNC	GenAm	ˈkɑːRnɪl	𐑒𐑸𐑯𐑦𐑤			89
affix	-cavir	UNC	RSSB	kəvɪəR	𐑒𐑩𐑝𐑽			89
affix	-cavir	UNC	GenAm	kəˌvɪr	𐑒𐑩𐑝𐑦𐑮			89
affix	-cest	UNC	RSSB	-sest	-𐑕𐑧𐑕𐑑			89
affix	-cha	PNP	RSSB	tʃjə	𐑗𐑘𐑩			89
affix	-cha	PNP	RSSB	tʃjæ	𐑗𐑘𐑨			89
affix	-chezia	UNC	RSSB	ˈkiːzɪə	𐑒𐑰𐑟𐑾			89
affix	-chore	UNC	RSSB	kɔːR	𐑒𐑹	tʃɔːR	𐑗𐑹	89
affix	-chore	UNC	GenAm	kor	𐑒𐑪𐑮	tʃɔːR	𐑗𐑹	89
affix	-ciclovir	UNC	RSSB	sʌɪkləʊvɪəR	𐑕𐑳𐑦𐑒𐑤𐑴𐑝𐑽			89
affix	-ciclovir	UNC	GenAm	ˈsaɪkloʊˌvɪr	𐑕𐑲𐑒𐑤𐑴𐑝𐑦𐑮			89
affix	-clofenac	UNC	RSSB	ˈkləʊfənæk	𐑒𐑤𐑴𐑓𐑩𐑯𐑨𐑒			89
affix	-clofenac	UNC	GenAm	ˈkloʊfəˌnæk	𐑒𐑤𐑴𐑓𐑩𐑯𐑨𐑒			89
affix	-coccus	UNC	RSSB	-ˈkɒkəs	-𐑒𐑪𐑒𐑩𐑕			97
affix	-coccus	UNC	GenAm	-ˈkɒkəs	-𐑒𐑪𐑒𐑩𐑕			97
affix	-conazole	UNC	RSSB	ˈkɒnəzəʊl	𐑒𐑪𐑯𐑩𐑟𐑴𐑤			89
affix	-conazole	UNC	GenAm	ˈkɒnəˌzoʊl	𐑒𐑪𐑯𐑩𐑟𐑴𐑤			89
affix	-cort	UNC	RSSB	kɔːRt	𐑒𐑹𐑑			89
affix	-cort	UNC	GenAm	kort	𐑒𐑪𐑮𐑑			89
affix	-cort-	UNC	RSSB	kɔːRt	𐑒𐑹𐑑			89
affix	-cort-	UNC	GenAm	kort	𐑒𐑪𐑮𐑑			89
affix	-coxib	UNC	RSSB	ˈkɒksɪb	𐑒𐑪𐑒𐑕𐑦𐑚			5
affix	-coxib	UNC	GenAm	ˈkɒksɪb	𐑒𐑪𐑒𐑕𐑦𐑚			89
affix	-cratic	UNC	RSSB	krætɪk	𐑒𐑮𐑨𐑑𐑦𐑒			89
affix	-curium	UNC	RSSB	kjəəriəm	𐑒𐑘𐑩𐑼𐑦𐑩𐑥			5
affix	-curium	UNC	GenAm	ˈkjəriəm	𐑒𐑘𐑼𐑦𐑩𐑥	ˈkjəriəm	𐑒𐑘𐑼𐑦𐑩𐑥	89
affix	-curonium	UNC	RSSB	kjərəʊniəm	𐑒𐑘𐑼𐑴𐑯𐑦𐑩𐑥			89
affix	-curonium	UNC	GenAm	kjəˈroʊniəm	𐑒𐑘𐑼𐑴𐑯𐑦𐑩𐑥			89
affix	-dar	UNC	RSSB	-dɑːR	-𐑛𐑸			97
affix	-dar	UNC	GenAm	-dɑːR	-𐑛𐑸			97
affix	-dilol	UNC	RSSB	dɪlɒl	𐑛𐑦𐑤𐑪𐑤			89
affix	-dilol	UNC	GenAm	dɪlɒl	𐑛𐑦𐑤𐑪𐑤			89
affix	-dipine	UNC	RSSB	dɪpiːn	𐑛𐑦𐑐𐑰𐑯			89
affix	-dipine	UNC	GenAm	dəˌpiːn	𐑛𐑩𐑐𐑰𐑯			89
affix	-dom	UNC	RSSB	-dɒm	-𐑛𐑪𐑥	dɒm	𐑛𐑪𐑥	97
affix	-dom	UNC	GenAm	-dɒm	-𐑛𐑪𐑥	dɒm	𐑛𐑪𐑥	97
affix	-dopa	UNC	RSSB	ˈdəʊpə	𐑛𐑴𐑐𐑩			89
affix	-dopa	UNC	GenAm	ˈdoʊpə	𐑛𐑴𐑐𐑩			89
affix	-drine	UNC	RSSB	driːn	𐑛𐑮𐑰𐑯			89
affix	-drine	UNC	GenAm	drɪn	𐑛𐑮𐑦𐑯			89
affix	-drine	UNC	GenAm	ˌdrin	𐑛𐑮𐑦𐑯			89
affix	-dutant	UNC	RSSB	ˈdjuːtənt	𐑛𐑿𐑑𐑩𐑯𐑑			89
affix	-dutant	UNC	GenAm	ˈdutənt	𐑛𐑫𐑑𐑩𐑯𐑑			89
affix	-ed	UNC	RSSB	ɪd	𐑦𐑛			89
affix	-ed	UNC	GenAm	ɪd	𐑦𐑛			89
affix	-ed	UNC	GenAm	əd	𐑩𐑛			89
affix	-eer	UNC	RSSB	ɪər	𐑽	eəR	𐑺	89
affix	-ency	UNC	GenAm	-ɪnsɪ	-𐑦𐑯𐑕𐑦			89
affix	-ene	UNC	RSSB	-iːn	-𐑰𐑯			89
affix	-ene	UNC	GenAm	-in	-𐑦𐑯			89
affix	-enes	UNC	RSSB	-iːnz	-𐑰𐑯𐑟			89
affix	-enes	UNC	GenAm	-inz	-𐑦𐑯𐑟			89
affix	-eous	UNC	GenAm	-iəs	-𐑦𐑩𐑕			89
affix	-eous	UNC	RSSB	-ɪəs	-𐑾𐑕			89
affix	-er	UNC	RSSB	əR	𐑼			89
affix	-er	UNC	GenAm	əR	𐑼			89
affix	-er	UNC	GenAm	r	𐑮			89
affix	-erg-	UNC	RSSB	ɜːRɡ	𐑻𐑜	ɜːRɡ	𐑻𐑜	89
affix	-erg-	UNC	RSSB	ɝɡ	ɝ𐑜	ɜːRɡ	𐑻𐑜	1
affix	-eridine	UNC	RSSB	erɪdiːn	𐑧𐑮𐑦𐑛𐑰𐑯			89
affix	-eridine	UNC	GenAm	ˈerɪˌdin	𐑧𐑮𐑦𐑛𐑦𐑯			89
affix	-es	UNC	GenAm	-iːz	-𐑰𐑟			89
affix	-ese	UNC	RSSB	ˈiːz	𐑰𐑟			89
affix	-ese	UNC	GenAm	ˈiz	𐑦𐑟	ˈeˌseɪ	𐑧𐑕𐑱	89
affix	-fer	UNC	RSSB	fəR	𐑓𐑼			89
affix	-fer	UNC	GenAm	fɜːR	𐑓𐑻			89
affix	-fix	UNC	RSSB	fɪks	𐑓𐑦𐑒𐑕			89
affix	-floxacin	UNC	RSSB	ˈflɒksəsɪn	𐑓𐑤𐑪𐑒𐑕𐑩𐑕𐑦𐑯			89
affix	-floxacin	UNC	GenAm	ˈflɒksəsɪn	𐑓𐑤𐑪𐑒𐑕𐑩𐑕𐑦𐑯			89
affix	-flurane	UNC	RSSB	flʊəreɪn	𐑓𐑤𐑫𐑼𐑱𐑯			89
affix	-flurane	UNC	GenAm	ˈflʊrˌeɪn	𐑓𐑤𐑫𐑮𐑱𐑯			89
affix	-formin	UNC	RSSB	fɔːRmɪn	𐑓𐑹𐑥𐑦𐑯			89
affix	-formin	UNC	GenAm	ˈfɔːRmɪn	𐑓𐑹𐑥𐑦𐑯			89
affix	-fos	UNC	RSSB	fɒs	𐑓𐑪𐑕			89
affix	-fos	UNC	GenAm	ˌfɒs	𐑓𐑪𐑕			89
affix	-fos-	UNC	RSSB	fɒs	𐑓𐑪𐑕			89
affix	-fos-	UNC	GenAm	fɒs	𐑓𐑪𐑕			89
affix	-fos-	UNC	RSSB	fəs	𐑓𐑩𐑕			89
affix	-fos-	UNC	GenAm	fəs	𐑓𐑩𐑕			89
affix	-fosfamide	UNC	RSSB	ˈfɒsfəmʌɪd	𐑓𐑪𐑕𐑓𐑩𐑥𐑳𐑦𐑛			89
affix	-fosfamide	UNC	GenAm	ˈfɒsfəˌmaɪd	𐑓𐑪𐑕𐑓𐑩𐑥𐑲𐑛			89
affix	-fosine	UNC	RSSB	fəziːn	𐑓𐑩𐑟𐑰𐑯			89
affix	-fosine	UNC	GenAm	fəˌsin	𐑓𐑩𐑕𐑦𐑯			89
affix	-fovir	UNC	RSSB	fəvɪəR	𐑓𐑩𐑝𐑽			89
affix	-fovir	UNC	GenAm	fəˌvɪr	𐑓𐑩𐑝𐑦𐑮			89
affix	-fu	UNC	RSSB	fuː	𐑓𐑵			89
affix	-gasm	UNC	GenAm	-ɡæzəm	-𐑜𐑨𐑟𐑩𐑥			97
affix	-gesterone	UNC	RSSB	dʒestərəʊn	𐑡𐑧𐑕𐑑𐑼𐑴𐑯			89
affix	-gesterone	UNC	GenAm	ˈdʒestəˌroʊn	𐑡𐑧𐑕𐑑𐑼𐑴𐑯			89
affix	-gliflozin	UNC	RSSB	ɡlɪˈfləʊzɪn	𐑜𐑤𐑦𐑓𐑤𐑴𐑟𐑦𐑯			89
affix	-gliflozin	UNC	GenAm	ɡlɪˈfloʊzɪn	𐑜𐑤𐑦𐑓𐑤𐑴𐑟𐑦𐑯	ɡlɪˈfloʊzɪn	𐑜𐑤𐑦𐑓𐑤𐑴𐑟𐑦𐑯	89
affix	-glitazar	UNC	RSSB	ɡlɪtəzɑːR	𐑜𐑤𐑦𐑑𐑩𐑟𐑸			89
affix	-glitazar	UNC	GenAm	ˈɡlɪtəˌzɑːR	𐑜𐑤𐑦𐑑𐑩𐑟𐑸	ˈɡlɪtəˌzɑːR	𐑜𐑤𐑦𐑑𐑩𐑟𐑸	89
affix	-glitazone	UNC	RSSB	ˈɡlɪtəzəʊn	𐑜𐑤𐑦𐑑𐑩𐑟𐑴𐑯			89
affix	-glitazone	UNC	GenAm	ˈɡlɪtəˌzoʊn	𐑜𐑤𐑦𐑑𐑩𐑟𐑴𐑯	ˈɡlɪtəˌzoʊn	𐑜𐑤𐑦𐑑𐑩𐑟𐑴𐑯	89
affix	-gonium	UNC	RSSB	ˈɡəʊnɪəm	𐑜𐑴𐑯𐑾𐑥			89
affix	-gonium	UNC	GenAm	ˈɡoʊnɪəm	𐑜𐑴𐑯𐑾𐑥			89
affix	-ham	UNC	RSSB	əm	𐑩𐑥			89
affix	-ham	UNC	GenAm	əm	𐑩𐑥			89
affix	-ham	UNC	RSSB	həm	𐑣𐑩𐑥			89
affix	-ham	UNC	GenAm	həm	𐑣𐑩𐑥			89
affix	-ham	UNC	GenAm	ˌhæm	𐑣𐑨𐑥			89
affix	-hon	NN1	RSSB	-hɒn	-𐑣𐑪𐑯			89
affix	-hon	NN1	GenAm	-hɒn	-𐑣𐑪𐑯			89
affix	-ial	UNC	RSSB	-iːəl	-𐑰𐑩𐑤			89
affix	-ial	UNC	GenAm	-iəl	-𐑦𐑩𐑤			89
affix	-ials	UNC	RSSB	-iːəlz	-𐑰𐑩𐑤𐑟			89
affix	-ials	UNC	GenAm	-iəlz	-𐑦𐑩𐑤𐑟			89
affix	-ie	UNC	RSSB	-iː	-𐑰			89
affix	-ie	UNC	GenAm	-i	-𐑦			89
affix	-ilide	UNC	GenAm	əˌlaɪd	𐑩𐑤𐑲𐑛			89
affix	-ino	UNC	RSSB	ˈiːnəʊ	𐑰𐑯𐑴			89
affix	-ino	UNC	GenAm	ˈinoʊ	𐑦𐑯𐑴			89
affix	-ion	UNC	RSSB	ɪən	𐑾𐑯	ˈaɪɒn	𐑲𐑪𐑯	89
affix	-ion	UNC	GenAm	aɪən	𐑲𐑩𐑯	ˈaɪɒn	𐑲𐑪𐑯	89
affix	-ish	UNC	GenAm	ɪʃ	𐑦𐑖			89
affix	-itude	UNC	RSSB	ˌtjuːd	𐑑𐑿𐑛			89
affix	-itude	UNC	RSSB	ˌtʃʉud	𐑗ʉ𐑫𐑛			1
affix	-itude	UNC	GenAm	ˌtu̟d	𐑑𐑫̟𐑛			1
affix	-ity	UNC	RSSB	əti	𐑩𐑑𐑦			89
affix	-ity	UNC	GenAm	əti	𐑩𐑑𐑦			89
affix	-ity	UNC	RSSB	ɪti	𐑦𐑑𐑦			89
affix	-ity	UNC	GenAm	ɪti	𐑦𐑑𐑦			89
affix	-ity	UNC	GenAm	ti	𐑑𐑦			89
affix	-ization	UNC	RSSB	-ˌaɪˈzeɪʃən	-𐑲𐑟𐑱𐑖𐑩𐑯			97
affix	-ization	UNC	GenAm	-ˌaɪˈzeɪʃən	-𐑲𐑟𐑱𐑖𐑩𐑯			89
affix	-ization	UNC	RSSB	-əˈzeɪʃən	-𐑩𐑟𐑱𐑖𐑩𐑯			89
affix	-ization	UNC	GenAm	-əˈzeɪʃən	-𐑩𐑟𐑱𐑖𐑩𐑯			89
affix	-ize	UNC	GenAm	-aɪz	-𐑲𐑟			89
affix	-kinesis	UNC	RSSB	kɪˈniːsɪs	𐑒𐑦𐑯𐑰𐑕𐑦𐑕			89
affix	-kiren	UNC	GenAm	kərən	𐑒𐑼𐑩𐑯			89
affix	-kiren	UNC	GenAm	ˈkaɪrən	𐑒𐑲𐑮𐑩𐑯			89
affix	-log	UNC	GenAm	ˌlɒɡ	𐑤𐑪𐑜	lɒɡ	𐑤𐑪𐑜	89
affix	-logue	UNC	RSSB	ˌlɒɡ	𐑤𐑪𐑜			89
affix	-logue	UNC	GenAm	ˌlɒɡ	𐑤𐑪𐑜			89
affix	-logues	UNC	RSSB	lɒɡz	𐑤𐑪𐑜𐑟			89
affix	-loquy	UNC	RSSB	ləkwi	𐑤𐑩𐑒𐑢𐑦			89
affix	-lord	UNC	RSSB	lɔːRd	𐑤𐑹𐑛	lɔːRd	𐑤𐑹𐑛	89
affix	-lord	UNC	GenAm	lɔːRd	𐑤𐑹𐑛	lɔːRd	𐑤𐑹𐑛	89
affix	-ly	UNC	RSSB	liː	𐑤𐑰			89
affix	-ly	UNC	RSSB	lɪ	𐑤𐑦			89
affix	-ly	UNC	GenAm	li	𐑤𐑦			89
affix	-mane	UNC	RSSB	meɪn	𐑥𐑱𐑯			89
affix	-meister	UNC	RSSB	maɪstəR	𐑥𐑲𐑕𐑑𐑼			89
affix	-meister	UNC	GenAm	ˈmaɪstəR	𐑥𐑲𐑕𐑑𐑼			89
affix	-merous	UNC	RSSB	-mərəRs	-𐑥𐑼𐑼𐑕			89
affix	-merous	UNC	GenAm	-mərəs	-𐑥𐑼𐑩𐑕			89
affix	-metasone	UNC	RSSB	ˈmetəsəʊn	𐑥𐑧𐑑𐑩𐑕𐑴𐑯			89
affix	-metasone	UNC	GenAm	ˈmetəˌsoʊn	𐑥𐑧𐑑𐑩𐑕𐑴𐑯			89
affix	-metasone	UNC	RSSB	ˈmetəzəʊn	𐑥𐑧𐑑𐑩𐑟𐑴𐑯			89
affix	-metasone	UNC	GenAm	ˈmetəˌzoʊn	𐑥𐑧𐑑𐑩𐑟𐑴𐑯			89
affix	-methasone	UNC	RSSB	ˈmeθəsəʊn	𐑥𐑧𐑔𐑩𐑕𐑴𐑯			89
affix	-methasone	UNC	GenAm	ˈmeθəˌsoʊn	𐑥𐑧𐑔𐑩𐑕𐑴𐑯			89
affix	-methasone	UNC	RSSB	ˈmeθəzəʊn	𐑥𐑧𐑔𐑩𐑟𐑴𐑯			89
affix	-methasone	UNC	GenAm	ˈmeθəˌzoʊn	𐑥𐑧𐑔𐑩𐑟𐑴𐑯			89
affix	-moder	UNC	RSSB	-moʊdəR	-𐑥𐑴𐑛𐑼	mɒdəR	𐑥𐑪𐑛𐑼	97
affix	-moder	UNC	GenAm	-moʊdər	-𐑥𐑴𐑛𐑼	ˈmɒdər	𐑥𐑪𐑛𐑼	97
affix	-morelin	UNC	RSSB	məʊrelɪn	𐑥𐑴𐑮𐑧𐑤𐑦𐑯			89
affix	-morelin	UNC	GenAm	moʊˈrelɪn	𐑥𐑴𐑮𐑧𐑤𐑦𐑯			89
affix	-morphy	UNC	RSSB	mɔːRfi	𐑥𐑹𐑓𐑦			89
affix	-navir	UNC	RSSB	nəvɪəR	𐑯𐑩𐑝𐑽			89
affix	-navir	UNC	GenAm	nəˌvɪr	𐑯𐑩𐑝𐑦𐑮			89
affix	-nercept	UNC	RSSB	nəRsept	𐑯𐑼𐑕𐑧𐑐𐑑			89
affix	-nercept	UNC	GenAm	nəRˌsept	𐑯𐑼𐑕𐑧𐑐𐑑			89
affix	-ness	UNC	RSSB	nəs	𐑯𐑩𐑕			89
affix	-ness	UNC	GenAm	nəs	𐑯𐑩𐑕			89
affix	-ness	UNC	GenAm	nes	𐑯𐑧𐑕			89
affix	-nicline	UNC	GenAm	nəklɪn	𐑯𐑩𐑒𐑤𐑦𐑯			89
affix	-nidazole	UNC	RSSB	ˈnʌɪdəzəʊl	𐑯𐑳𐑦𐑛𐑩𐑟𐑴𐑤			89
affix	-nidazole	UNC	GenAm	ˈnaɪdəˌzoʊl	𐑯𐑲𐑛𐑩𐑟𐑴𐑤			89
affix	-nidipine	UNC	RSSB	ˈnɪdɪpiːn	𐑯𐑦𐑛𐑦𐑐𐑰𐑯			89
affix	-nidipine	UNC	GenAm	ˈnɪdəˌpiːn	𐑯𐑦𐑛𐑩𐑐𐑰𐑯			89
affix	-o	UNC	RSSB	əʊ	𐑴	ˈəʊ	𐑴	89
affix	-o	UNC	GenAm	oʊ	𐑴	ˈoʊ	𐑴	89
affix	-odontia	UNC	RSSB	əˈdɒntɪə	𐑩𐑛𐑪𐑯𐑑𐑾			89
affix	-odontia	UNC	RSSB	əʊˈdɒntɪə	𐑴𐑛𐑪𐑯𐑑𐑾			89
affix	-odontia	UNC	GenAm	əˈdɒnʃə	𐑩𐑛𐑪𐑯𐑖𐑩			89
affix	-odontia	UNC	GenAm	əˈdɒntʃə	𐑩𐑛𐑪𐑯𐑗𐑩			89
affix	-odontia	UNC	GenAm	əˈdɒnʃiə	𐑩𐑛𐑪𐑯𐑖𐑦𐑩			89
affix	-odontia	UNC	GenAm	əˈdɒntʃiə	𐑩𐑛𐑪𐑯𐑗𐑦𐑩			89
affix	-oecious	UNC	RSSB	ˈiːʃəs	𐑰𐑖𐑩𐑕			89
affix	-oecious	UNC	GenAm	ˈiʃəs	𐑦𐑖𐑩𐑕			89
affix	-oi	UNC	RSSB	-ɔɪ	-𐑶	ɔɪ	𐑶	97
affix	-ol	UNC	RSSB	ɒl	𐑪𐑤			89
affix	-ol	UNC	GenAm	ɒl	𐑪𐑤			89
affix	-ology	UNC	RSSB	ˈɒlədʒi	𐑪𐑤𐑩𐑡𐑦	ˈɒlədʒɪ	𐑪𐑤𐑩𐑡𐑦	89
affix	-ology	UNC	GenAm	ˈɒlədʒi	𐑪𐑤𐑩𐑡𐑦	ˈɒlədʒi	𐑪𐑤𐑩𐑡𐑦	89
affix	-olol	UNC	RSSB	əlɒl	𐑩𐑤𐑪𐑤			89
affix	-olol	UNC	GenAm	əˌlɒl	𐑩𐑤𐑪𐑤			89
affix	-olone	UNC	RSSB	ələʊn	𐑩𐑤𐑴𐑯			89
affix	-olone	UNC	GenAm	əˌloʊn	𐑩𐑤𐑴𐑯			89
affix	-oma	UNC	RSSB	ˈəʊmə	𐑴𐑥𐑩			89
affix	-oma	UNC	GenAm	ˈoʊmə	𐑴𐑥𐑩			89
affix	-ome	UNC	RSSB	ˌəʊm	𐑴𐑥			89
affix	-ome	UNC	GenAm	ˌoʊm	𐑴𐑥			89
affix	-omino	UNC	RSSB	-ɒmɪnəʊ	-𐑪𐑥𐑦𐑯𐑴			97
affix	-omino	UNC	GenAm	-ɒməˌnoʊ	-𐑪𐑥𐑩𐑯𐑴			89
affix	-onidine	UNC	RSSB	ˈɒnɪdiːn	𐑪𐑯𐑦𐑛𐑰𐑯			89
affix	-onidine	UNC	GenAm	ˈɒnɪˌdin	𐑪𐑯𐑦𐑛𐑦𐑯			89
affix	-oon	UNC	RSSB	uːn	𐑵𐑯			89
affix	-opamine	UNC	RSSB	ˈəʊpəmiːn	𐑴𐑐𐑩𐑥𐑰𐑯			89
affix	-opamine	UNC	GenAm	ˈoʊpəˌmin	𐑴𐑐𐑩𐑥𐑦𐑯			89
affix	-opsia	UNC	RSSB	ˈɒpsɪə	𐑪𐑐𐑕𐑾			89
affix	-or	UNC	RSSB	əR	𐑼	ɔːr	𐑹	89
affix	-or	UNC	GenAm	əR	𐑼	or	𐑪𐑮	89
affix	-orium	UNC	RSSB	ɔːrɪəm	𐑹𐑾𐑥			89
affix	-orph-	UNC	RSSB	ɔːRf	𐑹𐑓			89
affix	-orph-	UNC	GenAm	ɔːRf	𐑹𐑓			89
affix	-orphan	UNC	RSSB	ɔːRfan	𐑹𐑓𐑨𐑯	ɔːRfən	𐑹𐑓𐑩𐑯	89
affix	-orphan	UNC	GenAm	ˈɔːRˌfæn	𐑹𐑓𐑨𐑯	ˈɔːRfən	𐑹𐑓𐑩𐑯	89
affix	-orphine	UNC	RSSB	ɔːRfiːn	𐑹𐑓𐑰𐑯			89
affix	-orphine	UNC	GenAm	ˈɔːRˌfin	𐑹𐑓𐑦𐑯			89
affix	-orphone	UNC	RSSB	ɔːRfəʊn	𐑹𐑓𐑴𐑯			89
affix	-orphone	UNC	GenAm	ˈɔːRˌfoʊn	𐑹𐑓𐑴𐑯			89
affix	-ose	UNC	RSSB	-əʊs	-𐑴𐑕			89
affix	-ose	UNC	GenAm	-oʊs	-𐑴𐑕			89
affix	-ose	UNC	RSSB	-əʊz	-𐑴𐑟			97
affix	-ose	UNC	GenAm	-oʊz	-𐑴𐑟			97
affix	-oses	UNC	RSSB	ˈəʊsiːz	𐑴𐑕𐑰𐑟			89
affix	-osis	UNC	RSSB	-əʊsɪs	-𐑴𐑕𐑦𐑕			89
affix	-osis	UNC	GenAm	-oʊsɪs	-𐑴𐑕𐑦𐑕			89
affix	-osity	UNC	RSSB	ˈɒsɪti	𐑪𐑕𐑦𐑑𐑦			89
affix	-osity	UNC	GenAm	ˈɒsəti	𐑪𐑕𐑩𐑑𐑦			89
affix	-osity	UNC	GenAm	-ti	-𐑑𐑦			89
affix	-oxacin	UNC	RSSB	ˈɒksəsɪn	𐑪𐑒𐑕𐑩𐑕𐑦𐑯			89
affix	-oxacin	UNC	GenAm	ˈɒksəsɪn	𐑪𐑒𐑕𐑩𐑕𐑦𐑯			89
affix	-oxanide	UNC	RSSB	ˈɒksənʌɪd	𐑪𐑒𐑕𐑩𐑯𐑳𐑦𐑛			89
affix	-oxanide	UNC	GenAm	ˈɒksəˌnaɪd	𐑪𐑒𐑕𐑩𐑯𐑲𐑛			89
affix	-oxepin	UNC	RSSB	ˈɒksəpiːn	𐑪𐑒𐑕𐑩𐑐𐑰𐑯			89
affix	-oxepin	UNC	GenAm	ˈɒksəˌpin	𐑪𐑒𐑕𐑩𐑐𐑦𐑯			89
affix	-oxetine	UNC	RSSB	ˈɒksətiːn	𐑪𐑒𐑕𐑩𐑑𐑰𐑯			89
affix	-oxetine	UNC	GenAm	ˈɒksəˌtin	𐑪𐑒𐑕𐑩𐑑𐑦𐑯			89
affix	-oxifene	UNC	RSSB	ˈɒksɪfiːn	𐑪𐑒𐑕𐑦𐑓𐑰𐑯			89
affix	-oxifene	UNC	GenAm	ˈɒksɪˌfin	𐑪𐑒𐑕𐑦𐑓𐑦𐑯			89
affix	-oyl	UNC	RSSB	əʊɪl	𐑴𐑦𐑤			89
affix	-partite	UNC	GenAm	-ˈpɑːRtaɪt	-𐑐𐑸𐑑𐑲𐑑	ˈpɑːRˌtaɪt	𐑐𐑸𐑑𐑲𐑑	97
affix	-partite	UNC	RSSB	-pɑːRtaɪt	-𐑐𐑸𐑑𐑲𐑑			97
affix	-peridol	UNC	RSSB	perɪdɒl	𐑐𐑧𐑮𐑦𐑛𐑪𐑤			89
affix	-peridol	UNC	GenAm	ˈperɪˌdɒl	𐑐𐑧𐑮𐑦𐑛𐑪𐑤			89
affix	-peridone	UNC	RSSB	perɪdəʊn	𐑐𐑧𐑮𐑦𐑛𐑴𐑯			89
affix	-peridone	UNC	GenAm	ˈperɪˌdoʊn	𐑐𐑧𐑮𐑦𐑛𐑴𐑯			89
affix	-perone	UNC	RSSB	pərəʊn	𐑐𐑼𐑴𐑯			89
affix	-perone	UNC	GenAm	pəˌroʊn	𐑐𐑼𐑴𐑯			89
affix	-phagic	UNC	GenAm	ˈfeɪdʒɪk	𐑓𐑱𐑡𐑦𐑒			89
affix	-phagy	UNC	GenAm	ˈfeɪdʒi	𐑓𐑱𐑡𐑦			89
affix	-phagy	UNC	GenAm	fədʒi	𐑓𐑩𐑡𐑦			89
affix	-phil	UNC	RSSB	-fɪl	-𐑓𐑦𐑤			97
affix	-phobia	UNC	RSSB	-ˈfəʊbiə	-𐑓𐑴𐑚𐑦𐑩	ˈfəʊbiə	𐑓𐑴𐑚𐑦𐑩	89
affix	-phobia	UNC	GenAm	-ˈfoʊbiə	-𐑓𐑴𐑚𐑦𐑩	ˈfoʊbiə	𐑓𐑴𐑚𐑦𐑩	89
affix	-phobiac	UNC	RSSB	-ˈfəʊbɪæk	-𐑓𐑴𐑚𐑦𐑨𐑒			97
affix	-phobiac	UNC	GenAm	-ˈfoʊbɪæk	-𐑓𐑴𐑚𐑦𐑨𐑒			97
affix	-phobic	UNC	RSSB	-ˈfəʊbɪk	-𐑓𐑴𐑚𐑦𐑒	ˈfəʊbɪk	𐑓𐑴𐑚𐑦𐑒	97
affix	-phobic	UNC	GenAm	-ˈfoʊbɪk	-𐑓𐑴𐑚𐑦𐑒	ˈfoʊbɪk	𐑓𐑴𐑚𐑦𐑒	97
affix	-phyte	UNC	RSSB	fʌɪt	𐑓𐑳𐑦𐑑			89
affix	-phyte	UNC	GenAm	faɪt	𐑓𐑲𐑑			89
affix	-piprazole	UNC	RSSB	pɪprəzəʊl	𐑐𐑦𐑐𐑮𐑩𐑟𐑴𐑤			89
affix	-piprazole	UNC	GenAm	ˈpɪprəˌzoʊl	𐑐𐑦𐑐𐑮𐑩𐑟𐑴𐑤			89
affix	-plasm	UNC	GenAm	plæzəm	𐑐𐑤𐑨𐑟𐑩𐑥	ˈplæzəm	𐑐𐑤𐑨𐑟𐑩𐑥	89
affix	-plast	UNC	GenAm	plæst	𐑐𐑤𐑨𐑕𐑑			89
affix	-plasty	UNC	GenAm	-ˈplæsti	-𐑐𐑤𐑨𐑕𐑑𐑦			97
affix	-plon	UNC	RSSB	plɒn	𐑐𐑤𐑪𐑯			89
affix	-plon	UNC	GenAm	ˌplɒn	𐑐𐑤𐑪𐑯			89
affix	-pnea	UNC	RSSB	-ˈpniːə	-𐑐𐑯𐑰𐑩			89
affix	-poeia	UNC	RSSB	ˈpiːə	𐑐𐑰𐑩			89
affix	-poo	UNC	RSSB	puː	𐑐𐑵	puː	𐑐𐑵	89
affix	-poo	UNC	GenAm	pu	𐑐𐑫	pu	𐑐𐑫	89
affix	-prazole	UNC	RSSB	prəzəʊl	𐑐𐑮𐑩𐑟𐑴𐑤			89
affix	-prazole	UNC	GenAm	prəˌzoʊl	𐑐𐑮𐑩𐑟𐑴𐑤			89
affix	-prenaline	UNC	RSSB	prenəliːn	𐑐𐑮𐑧𐑯𐑩𐑤𐑰𐑯			89
affix	-prenaline	UNC	GenAm	ˈprenəlɪn	𐑐𐑮𐑧𐑯𐑩𐑤𐑦𐑯			89
affix	-previr	UNC	RSSB	prəvɪəR	𐑐𐑮𐑩𐑝𐑽			89
affix	-previr	UNC	GenAm	prəˌvɪr	𐑐𐑮𐑩𐑝𐑦𐑮			89
affix	-profen	UNC	RSSB	prəʊfən	𐑐𐑮𐑴𐑓𐑩𐑯			89
affix	-profen	UNC	GenAm	ˈproʊfən	𐑐𐑮𐑴𐑓𐑩𐑯			89
affix	-profen	UNC	RSSB	prəfən	𐑐𐑮𐑩𐑓𐑩𐑯			89
affix	-profen	UNC	GenAm	prəfən	𐑐𐑮𐑩𐑓𐑩𐑯			89
affix	-prost	UNC	RSSB	prɒst	𐑐𐑮𐑪𐑕𐑑			89
affix	-prost	UNC	GenAm	prɒst	𐑐𐑮𐑪𐑕𐑑			89
affix	-prost-	UNC	RSSB	prɒst	𐑐𐑮𐑪𐑕𐑑			89
affix	-prost-	UNC	GenAm	prɒst	𐑐𐑮𐑪𐑕𐑑			89
affix	-prostil	UNC	RSSB	prɒstɪl	𐑐𐑮𐑪𐑕𐑑𐑦𐑤			89
affix	-prostil	UNC	GenAm	ˈprɒˌstɪl	𐑐𐑮𐑪𐑕𐑑𐑦𐑤			89
affix	-ptile	UNC	RSSB	ptɪl	𐑐𐑑𐑦𐑤			89
affix	-ptile	UNC	RSSB	ptaɪl	𐑐𐑑𐑲𐑤			89
affix	-ptile	UNC	RSSB	ptʌɪl	𐑐𐑑𐑳𐑦𐑤			89
affix	-quine	UNC	RSSB	kwiːn	𐑒𐑢𐑰𐑯			89
affix	-quine	UNC	RSSB	kwɪn	𐑒𐑢𐑦𐑯			89
affix	-quine	UNC	GenAm	kwɪn	𐑒𐑢𐑦𐑯			89
affix	-renone	UNC	RSSB	rənəʊn	𐑮𐑩𐑯𐑴𐑯			89
affix	-renone	UNC	GenAm	rəˌnoʊn	𐑮𐑩𐑯𐑴𐑯			89
affix	-ress	UNC	RSSB	rɪs	𐑮𐑦𐑕			89
affix	-ress	UNC	RSSB	rəs	𐑮𐑩𐑕			89
affix	-retin	UNC	RSSB	retɪn	𐑮𐑧𐑑𐑦𐑯			89
affix	-retin	UNC	GenAm	ˈretən	𐑮𐑧𐑑𐑩𐑯			89
affix	-retin-	UNC	RSSB	retɪn	𐑮𐑧𐑑𐑦𐑯			89
affix	-retin-	UNC	GenAm	ˈretən	𐑮𐑧𐑑𐑩𐑯			89
affix	-rinone	UNC	RSSB	rɪnəʊn	𐑮𐑦𐑯𐑴𐑯			89
affix	-rinone	UNC	GenAm	rɪˌnoʊn	𐑮𐑦𐑯𐑴𐑯			89
affix	-rolimus	UNC	RSSB	rəʊlɪməs	𐑮𐑴𐑤𐑦𐑥𐑩𐑕			89
affix	-rolimus	UNC	GenAm	ˈroʊlɪməs	𐑮𐑴𐑤𐑦𐑥𐑩𐑕			89
affix	-rozole	UNC	RSSB	rəzəʊl	𐑮𐑩𐑟𐑴𐑤			89
affix	-rozole	UNC	GenAm	rəˌzoʊl	𐑮𐑩𐑟𐑴𐑤			89
affix	-rrhea	UNC	RSSB	rɪə	𐑮𐑾			30
affix	-rrhea	UNC	GenAm	riə	𐑮𐑦𐑩			30
affix	-sartan	UNC	RSSB	sɑːRtæn	𐑕𐑸𐑑𐑨𐑯			89
affix	-sartan	UNC	GenAm	ˈsɑːRˌtæn	𐑕𐑸𐑑𐑨𐑯	ˈsɑːRtən	𐑕𐑸𐑑𐑩𐑯	89
affix	-sartan	UNC	RSSB	sɑːRtəRn	𐑕𐑸𐑑𐑼𐑯			89
affix	-sartan	UNC	GenAm	ˈsɑːRtən	𐑕𐑸𐑑𐑩𐑯	ˈsɑːRtən	𐑕𐑸𐑑𐑩𐑯	89
affix	-semide	UNC	RSSB	sɪmʌɪd	𐑕𐑦𐑥𐑳𐑦𐑛			89
affix	-semide	UNC	GenAm	səˌmaɪd	𐑕𐑩𐑥𐑲𐑛			89
affix	-serod	UNC	RSSB	sərɒd	𐑕𐑼𐑪𐑛			89
affix	-serod	UNC	GenAm	səˌrɒd	𐑕𐑼𐑪𐑛			89
affix	-serpine	UNC	RSSB	sɜːRpiːn	𐑕𐑻𐑐𐑰𐑯			89
affix	-serpine	UNC	GenAm	ˈsɜːRˌpiːn	𐑕𐑻𐑐𐑰𐑯			89
affix	-setron	UNC	RSSB	sətrɒn	𐑕𐑩𐑑𐑮𐑪𐑯			89
affix	-setron	UNC	GenAm	səˌtrɒn	𐑕𐑩𐑑𐑮𐑪𐑯			89
affix	-shire	UNC	RSSB	-ʃəR	-𐑖𐑼	ʃaɪəR	𐑖𐑲𐑼	89
affix	-shire	UNC	GenAm	-ʃəR	-𐑖𐑼	ʃaɪər	𐑖𐑲𐑼	89
affix	-shire	UNC	RSSB	-ʃɪəR	-𐑖𐑽	ʃaɪəR	𐑖𐑲𐑼	89
affix	-shire	UNC	GenAm	-ʃɪər	-𐑖𐑽	ʃaɪər	𐑖𐑲𐑼	89
affix	-shire	UNC	RSSB	-ʃaɪəR	-𐑖𐑲𐑼	ʃaɪəR	𐑖𐑲𐑼	97
affix	-shire	UNC	GenAm	-ʃaɪəR	-𐑖𐑲𐑼	ʃaɪər	𐑖𐑲𐑼	97
affix	-sky	UNC	RSSB	-skiː	-𐑕𐑒𐑰			89
affix	-sky	UNC	GenAm	-ski	-𐑕𐑒𐑦			89
affix	-speak	UNC	RSSB	-ˌspiːk	-𐑕𐑐𐑰𐑒	spiːk	𐑕𐑐𐑰𐑒	97
affix	-speak	UNC	GenAm	-ˌspik	-𐑕𐑐𐑦𐑒	spik	𐑕𐑐𐑦𐑒	89
affix	-spirone	UNC	RSSB	spʌɪrəʊn	𐑕𐑐𐑳𐑦𐑮𐑴𐑯			89
affix	-spirone	UNC	RSSB	spɪrəʊn	𐑕𐑐𐑦𐑮𐑴𐑯			89
affix	-spirone	UNC	GenAm	spɪˌroʊn	𐑕𐑐𐑦𐑮𐑴𐑯			89
affix	-spirone	UNC	GenAm	ˈspaɪˌroʊn	𐑕𐑐𐑲𐑮𐑴𐑯			89
affix	-spo	UNC	RSSB	-spəʊ	-𐑕𐑐𐑴			97
affix	-spo	UNC	GenAm	-spoʊ	-𐑕𐑐𐑴			97
affix	-stat	UNC	RSSB	stat	𐑕𐑑𐑨𐑑			89
affix	-stat	UNC	GenAm	stæt	𐑕𐑑𐑨𐑑			89
affix	-steine	UNC	RSSB	stiːːn	𐑕𐑑𐑰ː𐑯			1
affix	-steine	UNC	RSSB	steɪn	𐑕𐑑𐑱𐑯			89
affix	-steine	UNC	GenAm	stəˌin	𐑕𐑑𐑩𐑦𐑯			89
affix	-sterone	UNC	RSSB	stərəʊn	𐑕𐑑𐑼𐑴𐑯			89
affix	-sterone	UNC	GenAm	stəˌroʊn	𐑕𐑑𐑼𐑴𐑯			89
affix	-stodon	UNC	RSSB	-stədɒn	-𐑕𐑑𐑩𐑛𐑪𐑯			89
affix	-stodon	UNC	GenAm	-stədɒn	-𐑕𐑑𐑩𐑛𐑪𐑯			89
affix	-taph	UNC	GenAm	ˈtɒf	𐑑𐑪𐑓			89
affix	-taph	UNC	RSSB	ˈtɑːf	𐑑𐑭𐑓			89
affix	-taxel	UNC	RSSB	ˈtaksel	𐑑𐑨𐑒𐑕𐑧𐑤			89
affix	-taxel	UNC	GenAm	ˈtæksəl	𐑑𐑨𐑒𐑕𐑩𐑤			89
affix	-tegravir	UNC	RSSB	teɡrəvɪəR	𐑑𐑧𐑜𐑮𐑩𐑝𐑽			89
affix	-tegravir	UNC	GenAm	ˈteɡrəˌvɪr	𐑑𐑧𐑜𐑮𐑩𐑝𐑦𐑮			89
affix	-teplase	UNC	RSSB	təpleɪz	𐑑𐑩𐑐𐑤𐑱𐑟			89
affix	-teplase	UNC	GenAm	təˌpleɪs	𐑑𐑩𐑐𐑤𐑱𐑕			89
affix	-terenol	UNC	RSSB	təriːnɒl	𐑑𐑼𐑰𐑯𐑪𐑤			89
affix	-terenol	UNC	GenAm	təˈriˌnɒl	𐑑𐑼𐑦𐑯𐑪𐑤			89
affix	-terenol	UNC	GenAm	ˈterəˌnɒl	𐑑𐑧𐑮𐑩𐑯𐑪𐑤			89
affix	-terol	UNC	RSSB	tərɒl	𐑑𐑼𐑪𐑤			89
affix	-terol	UNC	GenAm	təˌrɒl	𐑑𐑼𐑪𐑤			89
affix	-terone	UNC	RSSB	tərəʊn	𐑑𐑼𐑴𐑯			89
affix	-terone	UNC	GenAm	təˌroʊn	𐑑𐑼𐑴𐑯			89
affix	-thiazide	UNC	RSSB	ˈθʌɪəzʌɪd	𐑔𐑳𐑾𐑟𐑳𐑦𐑛	ˈθʌɪəzʌɪd	𐑔𐑳𐑾𐑟𐑳𐑦𐑛	89
affix	-thiazide	UNC	GenAm	ˈθaɪəˌzaɪd	𐑔𐑲𐑩𐑟𐑲𐑛	ˈθaɪəˌzaɪd	𐑔𐑲𐑩𐑟𐑲𐑛	89
affix	-thiouracil	UNC	RSSB	θʌɪəʊjəərəRsɪl	𐑔𐑳𐑾𐑫𐑘𐑩𐑼𐑼𐑕𐑦𐑤			89
affix	-thiouracil	UNC	GenAm	ˌθaɪoʊˈjʊrəˌsɪl	𐑔𐑲𐑴𐑘𐑫𐑮𐑩𐑕𐑦𐑤			89
affix	-tizide	UNC	RSSB	tɪzʌɪd	𐑑𐑦𐑟𐑳𐑦𐑛			89
affix	-tizide	UNC	GenAm	təˌzaɪd	𐑑𐑩𐑟𐑲𐑛			89
affix	-toin	UNC	RSSB	təʊɪn	𐑑𐑴𐑦𐑯			89
affix	-toin	UNC	GenAm	toʊɪn	𐑑𐑴𐑦𐑯			89
affix	-Tok	UNC	RSSB	-ˌtɒk	-𐑑𐑪𐑒			89
affix	-Tok	UNC	GenAm	-ˌtɒk	-𐑑𐑪𐑒			89
affix	-trices	UNC	RSSB	trɪsiːz	𐑑𐑮𐑦𐑕𐑰𐑟			89
affix	-trop-	UNC	RSSB	trəʊp	𐑑𐑮𐑴𐑐	trɒp	𐑑𐑮𐑪𐑐	89
affix	-trop-	UNC	GenAm	troʊp	𐑑𐑮𐑴𐑐	trɒp	𐑑𐑮𐑪𐑐	89
affix	-trop-	UNC	GenAm	trəp	𐑑𐑮𐑩𐑐	trɒp	𐑑𐑮𐑪𐑐	89
affix	-tropin	UNC	RSSB	trəʊpɪn	𐑑𐑮𐑴𐑐𐑦𐑯			89
affix	-tropin	UNC	GenAm	ˈtroʊpɪn	𐑑𐑮𐑴𐑐𐑦𐑯			89
affix	-tropism	UNC	RSSB	-trəʊpɪzəm	-𐑑𐑮𐑴𐑐𐑦𐑟𐑩𐑥	trəʊpɪzəm	𐑑𐑮𐑴𐑐𐑦𐑟𐑩𐑥	97
affix	-tropism	UNC	GenAm	-ˈtroʊˌpɪzəm	-𐑑𐑮𐑴𐑐𐑦𐑟𐑩𐑥	ˈtroʊˌpɪzəm	𐑑𐑮𐑴𐑐𐑦𐑟𐑩𐑥	97
affix	-Tuber	UNC	GenAm	ˈtubər	𐑑𐑫𐑚𐑼	ˈtubəR	𐑑𐑫𐑚𐑼	89
affix	-um	UNC	RSSB	əm	𐑩𐑥			89
affix	-umab	UNC	RSSB	jəmæb	𐑘𐑩𐑥𐑨𐑚			89
affix	-umab	UNC	GenAm	jəˌmæb	𐑘𐑩𐑥𐑨𐑚			89
affix	-umab	UNC	RSSB	əmæb	𐑩𐑥𐑨𐑚			89
affix	-umab	UNC	GenAm	əˌmæb	𐑩𐑥𐑨𐑚			89
affix	-ure	UNC	RSSB	-ʊəR	-𐑫𐑼			89
affix	-ure	UNC	RSSB	-ɔː	-𐑷			1
affix	-ure	UNC	RSSB	-əR	-𐑼			89
affix	-ure	UNC	GenAm	-ər	-𐑼			89
affix	-ure	UNC	GenAm	-ʊr	-𐑫𐑮			89
affix	-uria	UNC	RSSB	-jəərɪə	-𐑘𐑩𐑼𐑾			89
affix	-vaptan	UNC	GenAm	ˈvæptən	𐑝𐑨𐑐𐑑𐑩𐑯	ˈvæptən	𐑝𐑨𐑐𐑑𐑩𐑯	89
affix	-vastatin	UNC	RSSB	vəˈstatɪn	𐑝𐑩𐑕𐑑𐑨𐑑𐑦𐑯			89
affix	-vastatin	UNC	RSSB	ˈvastətɪn	𐑝𐑨𐑕𐑑𐑩𐑑𐑦𐑯			89
affix	-vastatin	UNC	GenAm	vəstætən	𐑝𐑩𐑕𐑑𐑨𐑑𐑩𐑯			89
affix	-verine	UNC	RSSB	vərʌɪn	𐑝𐑼𐑳𐑦𐑯			89
affix	-verine	UNC	RSSB	vəriːn	𐑝𐑼𐑰𐑯			89
affix	-verine	UNC	GenAm	vəˌrin	𐑝𐑼𐑦𐑯			89
affix	-verine	UNC	GenAm	vərɪn	𐑝𐑼𐑦𐑯			89
affix	-verse	UNC	RSSB	vəːs	𐑝𐑩ː𐑕	vɜːRs	𐑝𐑻𐑕	1
affix	-verse	UNC	GenAm	vəRs	𐑝𐑼𐑕	ˈvɜːRs	𐑝𐑻𐑕	89
affix	-ville	UNC	GenAm	ˈvɪl	𐑝𐑦𐑤	ˈvɪl	𐑝𐑦𐑤	89
affix	-vir	UNC	RSSB	vɪəR	𐑝𐑽			89
affix	-vir	UNC	GenAm	ˌvɪr	𐑝𐑦𐑮			89
affix	-virine	UNC	RSSB	vɪəriːn	𐑝𐑽𐑰𐑯			89
affix	-virine	UNC	GenAm	ˈvɪrˌin	𐑝𐑦𐑮𐑦𐑯			89
affix	-viroc	UNC	RSSB	vɪrɒk	𐑝𐑦𐑮𐑪𐑒			89
affix	-viroc	UNC	GenAm	vɪˌrɒk	𐑝𐑦𐑮𐑪𐑒			89
affix	-virsen	UNC	RSSB	vɪəsəRn	𐑝𐑾𐑕𐑼𐑯			89
affix	-virsen	UNC	GenAm	ˈvɪrsən	𐑝𐑦𐑮𐑕𐑩𐑯			89
affix	-vudine	UNC	RSSB	vjədiːn	𐑝𐑘𐑩𐑛𐑰𐑯			89
affix	-vudine	UNC	GenAm	vjəˌdin	𐑝𐑘𐑩𐑛𐑦𐑯			89
affix	-ward	UNC	RSSB	wəRd	𐑢𐑼𐑛	wɔːRd	𐑢𐑹𐑛	89
affix	-ward	UNC	GenAm	wəRd	𐑢𐑼𐑛	wɔːRd	𐑢𐑹𐑛	89
affix	-ward	UNC	RSSB	wɔːRd	𐑢𐑹𐑛	wɔːRd	𐑢𐑹𐑛	89
affix	-ward	UNC	GenAm	wɔːRd	𐑢𐑹𐑛	wɔːRd	𐑢𐑹𐑛	89
affix	-wards	UNC	RSSB	wəRdz	𐑢𐑼𐑛𐑟			89
affix	-wards	UNC	GenAm	wəRdz	𐑢𐑼𐑛𐑟			89
affix	-wards	UNC	RSSB	wɔːRdz	𐑢𐑹𐑛𐑟			89
affix	-wards	UNC	GenAm	wɔːRdz	𐑢𐑹𐑛𐑟			89
affix	-xeny	UNC	RSSB	-ksɪnɪ	-𐑒𐑕𐑦𐑯𐑦			89
affix	-xeny	UNC	GenAm	-ksəni	-𐑒𐑕𐑩𐑯𐑦			89
affix	-zumab	UNC	RSSB	zjəmab	𐑟𐑘𐑩𐑥𐑨𐑚			89
affix	-zumab	UNC	GenAm	zjəˌmæb	𐑟𐑘𐑩𐑥𐑨𐑚			89
affix	-zumab	UNC	GenAm	zʊˌmæb	𐑟𐑫𐑥𐑨𐑚			89
affix	-zumab	UNC	GenAm	zəˌmæb	𐑟𐑩𐑥𐑨𐑚			89
affix	ac-	UNC	RSSB	æk	𐑨𐑒			89
affix	ac-	UNC	GenAm	æk	𐑨𐑒			89
affix	ac-	UNC	RSSB	ək	𐑩𐑒			89
affix	ac-	UNC	GenAm	ək	𐑩𐑒			89
affix	acanth-	UNC	RSSB	əˈkænθ	𐑩𐑒𐑨𐑯𐑔			89
affix	acanth-	UNC	GenAm	əˈkænθ	𐑩𐑒𐑨𐑯𐑔			89
affix	acantho-	UNC	RSSB	əˈkænθəʊ	𐑩𐑒𐑨𐑯𐑔𐑴			89
affix	acantho-	UNC	GenAm	əˈkænθoʊ	𐑩𐑒𐑨𐑯𐑔𐑴			89
affix	Afro-	UNC	GenAm	ˈæfroʊ-	𐑨𐑓𐑮𐑴-	ˈæfroʊ	𐑨𐑓𐑮𐑴	89
affix	ailuro-	UNC	RSSB	aɪljəərə-	𐑲𐑤𐑘𐑩𐑼𐑩-			89
affix	ailuro-	UNC	GenAm	aɪˈlʊrə-	𐑲𐑤𐑫𐑮𐑩-			89
affix	ailuro-	UNC	GenAm	eɪˈlʊrə-	𐑱𐑤𐑫𐑮𐑩-			89
affix	alder-	UNC	RSSB	ɔːldə	𐑷𐑤𐑛𐑩	ɔːldəR	𐑷𐑤𐑛𐑼	1
affix	ali-	UNC	RSSB	ælɪ	𐑨𐑤𐑦			89
affix	ali-	UNC	RSSB	alɪ	𐑨𐑤𐑦			89
affix	allo-	UNC	GenAm	æloʊ-	𐑨𐑤𐑴-	ˈæloʊ	𐑨𐑤𐑴	89
affix	alter-	UNC	RSSB	ɒltər	𐑪𐑤𐑑𐑼	ɔːltəR	𐑷𐑤𐑑𐑼	89
affix	alter-	UNC	GenAm	ˈɒltər	𐑪𐑤𐑑𐑼	ˈɒltər	𐑪𐑤𐑑𐑼	89
affix	alter-	UNC	RSSB	ɔːltər	𐑷𐑤𐑑𐑼	ɔːltəR	𐑷𐑤𐑑𐑼	89
affix	ambi-	UNC	RSSB	ˈæmbi	𐑨𐑥𐑚𐑦			89
affix	ambi-	UNC	RSSB	ˈæmbɪ	𐑨𐑥𐑚𐑦			89
affix	ambi-	UNC	GenAm	ˈæmbɪ	𐑨𐑥𐑚𐑦			89
affix	ambi-	UNC	GenAm	ˈæmbə	𐑨𐑥𐑚𐑩			89
affix	amphi-	UNC	GenAm	ˈæmfi	𐑨𐑥𐑓𐑦			89
affix	amphi-	UNC	GenAm	ˈæmfɪ	𐑨𐑥𐑓𐑦			89
affix	andro-	UNC	GenAm	ændroʊ-	𐑨𐑯𐑛𐑮𐑴-			97
affix	angio-	UNC	GenAm	ˈændʒioʊ	𐑨𐑯𐑡𐑦𐑴			89
affix	Anglo-	UNC	RSSB	ˈæŋɡləʊ	𐑨𐑙𐑜𐑤𐑴	ˈaŋɡləʊ	𐑨𐑙𐑜𐑤𐑴	89
affix	anti-	UNC	RSSB	ˈænˌti	𐑨𐑯𐑑𐑦	ˈænti	𐑨𐑯𐑑𐑦	89
affix	anti-	UNC	RSSB	ˈæntɪ	𐑨𐑯𐑑𐑦	ˈænti	𐑨𐑯𐑑𐑦	89
affix	anti-	UNC	GenAm	ˈænti	𐑨𐑯𐑑𐑦	ˈæntaɪ	𐑨𐑯𐑑𐑲	89
affix	anti-	UNC	GenAm	ˈeənti	𐑺𐑯𐑑𐑦	ˈæntaɪ	𐑨𐑯𐑑𐑲	89
affix	anti-	UNC	GenAm	ˈænˌtaɪ	𐑨𐑯𐑑𐑲	ˈæntaɪ	𐑨𐑯𐑑𐑲	89
affix	anti-	UNC	GenAm	ˈeənˌtaɪ	𐑺𐑯𐑑𐑲	ˈæntaɪ	𐑨𐑯𐑑𐑲	89
affix	anti-	UNC	GenAm	ˈæntə	𐑨𐑯𐑑𐑩	ˈæntaɪ	𐑨𐑯𐑑𐑲	89
affix	anti-	UNC	GenAm	ˈeəntə	𐑺𐑯𐑑𐑩	ˈæntaɪ	𐑨𐑯𐑑𐑲	89
affix	archae-	UNC	RSSB	ɑːRkiː	𐑸𐑒𐑰			89
affix	argyr-	UNC	RSSB	ɑːRdʒɪr	𐑸𐑡𐑦𐑮			89
affix	aristo-	UNC	GenAm	əˈrɪstoʊ	𐑼𐑦𐑕𐑑𐑴			89
affix	aristo-	UNC	RSSB	ərɪstəʊ	𐑼𐑦𐑕𐑑𐑴			89
affix	arte-	UNC	RSSB	ɑːRtɪ	𐑸𐑑𐑦			89
affix	arte-	UNC	RSSB	ɑːRte	𐑸𐑑𐑧			89
affix	arte-	UNC	GenAm	ɑːRˈte	𐑸𐑑𐑧			89
affix	arte-	UNC	GenAm	ɑːRtə	𐑸𐑑𐑩			89
affix	arteri-	UNC	RSSB	ɑːRtɪərɪ	𐑸𐑑𐑽𐑦			89
affix	arteri-	UNC	GenAm	ɑːRˈtɪri	𐑸𐑑𐑦𐑮𐑦			89
affix	aspergill-	UNC	RSSB	aspəRdʒɪl-	𐑨𐑕𐑐𐑼𐑡𐑦𐑤-			89
affix	aspergill-	UNC	RSSB	æspəRdʒɪl-	𐑨𐑕𐑐𐑼𐑡𐑦𐑤-			89
affix	aspergill-	UNC	GenAm	ˌæspərdʒɪlˈ-	𐑨𐑕𐑐𐑼𐑡𐑦𐑤-			89
affix	aspergillo-	UNC	RSSB	æspəRdʒɪləʊ-	𐑨𐑕𐑐𐑼𐑡𐑦𐑤𐑴-			89
affix	aspergillo-	UNC	GenAm	ˌæspərˈdʒɪloʊ-	𐑨𐑕𐑐𐑼𐑡𐑦𐑤𐑴-			89
affix	aspergillo-	UNC	RSSB	as-	𐑨𐑕-			1
affix	aur-	UNC	RSSB	ɔːr	𐑹			89
affix	auriculo-	UNC	RSSB	ɔːrɪkjələʊ	𐑹𐑦𐑒𐑘𐑩𐑤𐑴			89
affix	auriculo-	UNC	GenAm	ɒˈrɪkjəloʊ	𐑪𐑮𐑦𐑒𐑘𐑩𐑤𐑴			89
affix	auto-	UNC	RSSB	ˈɔːtə-	𐑷𐑑𐑩-	ˈɔːtəʊ	𐑷𐑑𐑴	89
affix	auto-	UNC	GenAm	ˈɒtə-	𐑪𐑑𐑩-	ˈɒtoʊ	𐑪𐑑𐑴	89
affix	auto-	UNC	GenAm	ˈɒtoʊ-	𐑪𐑑𐑴-	ˈɒtoʊ	𐑪𐑑𐑴	89
affix	azo-	UNC	RSSB	eɪzəʊ	𐑱𐑟𐑴			89
affix	azo-	UNC	GenAm	æzoʊ	𐑨𐑟𐑴			89
affix	azo-	UNC	GenAm	æzə	𐑨𐑟𐑩			89
affix	benzo-	UNC	RSSB	benzəʊ	𐑚𐑧𐑯𐑟𐑴			89
affix	benzo-	UNC	GenAm	benzoʊ	𐑚𐑧𐑯𐑟𐑴			89
affix	benzo-	UNC	GenAm	benzə	𐑚𐑧𐑯𐑟𐑩			89
affix	bili-	UNC	RSSB	bɪlɪ	𐑚𐑦𐑤𐑦			89
affix	bili-	UNC	RSSB	bɪli	𐑚𐑦𐑤𐑦			89
affix	bio-	UNC	RSSB	ˈbaɪˌəʊ	𐑚𐑲𐑴	ˈbaɪəʊ	𐑚𐑲𐑴	89
affix	bio-	UNC	GenAm	ˈbaɪˌoʊ	𐑚𐑲𐑴	ˈbaɪoʊ	𐑚𐑲𐑴	89
affix	blasto-	UNC	GenAm	blæstoʊ-	𐑚𐑤𐑨𐑕𐑑𐑴-			97
affix	blasto-	UNC	GenAm	blæstə-	𐑚𐑤𐑨𐑕𐑑𐑩-			89
affix	blenno-	UNC	RSSB	blenəʊ	𐑚𐑤𐑧𐑯𐑴			89
affix	blenno-	UNC	GenAm	blenoʊ	𐑚𐑤𐑧𐑯𐑴			89
affix	blenno-	UNC	RSSB	blenə	𐑚𐑤𐑧𐑯𐑩			89
affix	blenno-	UNC	GenAm	blenə	𐑚𐑤𐑧𐑯𐑩			89
affix	Brito-	UNC	RSSB	brɪtəʊ	𐑚𐑮𐑦𐑑𐑴			89
affix	butyro-	UNC	RSSB	bjuːtɪrəʊ	𐑚𐑿𐑑𐑦𐑮𐑴			89
affix	carbo-	UNC	RSSB	kɑːRbəʊ	𐑒𐑸𐑚𐑴			89
affix	carbo-	UNC	GenAm	kɑːRboʊ	𐑒𐑸𐑚𐑴			89
affix	carbo-	UNC	GenAm	kɑːRbə	𐑒𐑸𐑚𐑩			89
affix	carotico-	UNC	GenAm	kəˌrɒtəkoʊ	𐑒𐑼𐑪𐑑𐑩𐑒𐑴			89
affix	cedr-	UNC	RSSB	siːdr	𐑕𐑰𐑛𐑮			89
affix	cedr-	UNC	RSSB	sɪdr	𐑕𐑦𐑛𐑮			89
affix	cephalo-	UNC	GenAm	ˈsefəloʊ	𐑕𐑧𐑓𐑩𐑤𐑴			89
affix	cephalo-	UNC	GenAm	ˈsefələ	𐑕𐑧𐑓𐑩𐑤𐑩			89
affix	chemo-	UNC	GenAm	kimoʊ	𐑒𐑦𐑥𐑴	ˈkimoʊ	𐑒𐑦𐑥𐑴	89
affix	chemo-	UNC	GenAm	kemoʊ	𐑒𐑧𐑥𐑴	ˈkimoʊ	𐑒𐑦𐑥𐑴	89
affix	chloro-	UNC	RSSB	klɔːrəʊ	𐑒𐑤𐑹𐑴			89
affix	chloro-	UNC	GenAm	ˈklɔːroʊ	𐑒𐑤𐑹𐑴			89
affix	cleid-	UNC	RSSB	klʌɪd	𐑒𐑤𐑳𐑦𐑛			89
affix	cleid-	UNC	GenAm	klaɪd	𐑒𐑤𐑲𐑛			89
affix	cleido-	UNC	RSSB	klʌɪdəʊ	𐑒𐑤𐑳𐑦𐑛𐑴			89
affix	cleido-	UNC	GenAm	klaɪdoʊ	𐑒𐑤𐑲𐑛𐑴			89
affix	cleido-	UNC	GenAm	klaɪdə	𐑒𐑤𐑲𐑛𐑩			89
affix	co-	UNC	RSSB	ˈkəʊ-	𐑒𐑴-	kəʊ	𐑒𐑴	97
affix	co-	UNC	RSSB	ˌkəʊ-	𐑒𐑴-	kəʊ	𐑒𐑴	97
affix	co-	UNC	GenAm	ˈkoʊ-	𐑒𐑴-	koʊ	𐑒𐑴	97
affix	co-	UNC	GenAm	ˌkoʊ-	𐑒𐑴-	koʊ	𐑒𐑴	97
affix	coen-	UNC	RSSB	siːn	𐑕𐑰𐑯			89
affix	cort-	UNC	RSSB	kɔːRt	𐑒𐑹𐑑			89
affix	cort-	UNC	GenAm	kɔːRt	𐑒𐑹𐑑			89
affix	cortico-	UNC	GenAm	ˈkɔːRtɪkoʊ	𐑒𐑹𐑑𐑦𐑒𐑴			89
affix	costo-	UNC	GenAm	kɒstoʊ	𐑒𐑪𐑕𐑑𐑴			89
affix	counter-	UNC	RSSB	kaʊntə	𐑒𐑬𐑯𐑑𐑩	kaʊntəR	𐑒𐑬𐑯𐑑𐑼	1
affix	counter-	UNC	GenAm	ˈkaʊntəR	𐑒𐑬𐑯𐑑𐑼	ˈkaʊntəR	𐑒𐑬𐑯𐑑𐑼	89
affix	counter-	UNC	GenAm	ˌkaʊntəR	𐑒𐑬𐑯𐑑𐑼	ˈkaʊntəR	𐑒𐑬𐑯𐑑𐑼	89
affix	crico-	UNC	RSSB	krʌɪkəʊ	𐑒𐑮𐑳𐑦𐑒𐑴			89
affix	crico-	UNC	GenAm	kraɪkoʊ	𐑒𐑮𐑲𐑒𐑴			89
affix	cryo-	UNC	RSSB	krʌɪəʊ	𐑒𐑮𐑳𐑾𐑫			89
affix	cryo-	UNC	GenAm	ˈkraɪoʊ	𐑒𐑮𐑲𐑴			89
affix	crypto-	UNC	GenAm	krɪptoʊ-	𐑒𐑮𐑦𐑐𐑑𐑴-	ˈkrɪptoʊ	𐑒𐑮𐑦𐑐𐑑𐑴	97
affix	cyber-	UNC	RSSB	saɪbə	𐑕𐑲𐑚𐑩	saɪbəR	𐑕𐑲𐑚𐑼	1
affix	cyber-	UNC	GenAm	ˈsaɪbəR	𐑕𐑲𐑚𐑼	ˈsaɪbər	𐑕𐑲𐑚𐑼	89
affix	cyclo-	UNC	RSSB	sʌɪkləʊ	𐑕𐑳𐑦𐑒𐑤𐑴			89
affix	cyclo-	UNC	GenAm	saɪkloʊ	𐑕𐑲𐑒𐑤𐑴			89
affix	cyclo-	UNC	GenAm	saɪklə	𐑕𐑲𐑒𐑤𐑩			89
affix	dendr-	UNC	RSSB	dendr	𐑛𐑧𐑯𐑛𐑮			89
affix	e-	UNC	GenAm	e-	𐑧-			89
affix	ecto-	UNC	GenAm	ektoʊ-	𐑧𐑒𐑑𐑴-			97
affix	enantio-	UNC	RSSB	enˈæntɪəʊ	𐑧𐑯𐑨𐑯𐑑𐑾𐑫			89
affix	enantio-	UNC	RSSB	eˌnæntɪˈɒ	𐑧𐑯𐑨𐑯𐑑𐑦𐑪			89
affix	end-	UNC	RSSB	end	𐑧𐑯𐑛			89
affix	eo-	UNC	RSSB	iːəʊ	𐑰𐑴			89
affix	eo-	UNC	GenAm	iːoʊ	𐑰𐑴			89
affix	episio-	UNC	GenAm	əˌpiːziːoʊː	𐑩𐑐𐑰𐑟𐑰𐑴ː			1
affix	equ-	UNC	RSSB	iːkw	𐑰𐑒𐑢			89
affix	ergo-	UNC	RSSB	ɜːRɡə	𐑻𐑜𐑩			89
affix	ergo-	UNC	GenAm	ˌɜːRɡə	𐑻𐑜𐑩	ˈɜːRɡoʊ	𐑻𐑜𐑴	89
affix	estro-	UNC	GenAm	estroʊ	𐑧𐑕𐑑𐑮𐑴			89
affix	estro-	UNC	GenAm	estrə	𐑧𐑕𐑑𐑮𐑩			89
affix	eteo-	UNC	RSSB	ˈitiəʊ	𐑦𐑑𐑦𐑴			89
affix	eteo-	UNC	GenAm	ˈitioʊ	𐑦𐑑𐑦𐑴			89
affix	eteo-	UNC	RSSB	ˈetiəʊ	𐑧𐑑𐑦𐑴			89
affix	eteo-	UNC	GenAm	ˈetioʊ	𐑧𐑑𐑦𐑴			89
affix	eteo-	UNC	RSSB	ˈeteɪəʊ	𐑧𐑑𐑱𐑴			89
affix	eteo-	UNC	GenAm	ˈeteɪoʊ	𐑧𐑑𐑱𐑴			89
affix	ethno-	UNC	GenAm	eθnoʊ	𐑧𐑔𐑯𐑴			89
affix	eu-	UNC	RSSB	juː-	𐑿-			89
affix	eu-	UNC	GenAm	ju-	𐑘𐑫-			89
affix	exo-	UNC	GenAm	eksoʊ-	𐑧𐑒𐑕𐑴-			97
affix	fibro-	UNC	RSSB	faɪbrəʊ	𐑓𐑲𐑚𐑮𐑴			89
affix	fore-	UNC	RSSB	fɔːR	𐑓𐑹	fɔːR	𐑓𐑹	89
affix	fore-	UNC	GenAm	fɔːR	𐑓𐑹	fɔːR	𐑓𐑹	89
affix	formo-	UNC	RSSB	fɔːRməʊ	𐑓𐑹𐑥𐑴			89
affix	formo-	UNC	GenAm	fɔːRmoʊ	𐑓𐑹𐑥𐑴			89
affix	formo-	UNC	GenAm	fɔːRmə	𐑓𐑹𐑥𐑩			89
affix	fos-	UNC	RSSB	fɒs	𐑓𐑪𐑕			89
affix	fos-	UNC	GenAm	fɒs	𐑓𐑪𐑕			89
affix	fos-	UNC	RSSB	fəs	𐑓𐑩𐑕			89
affix	fos-	UNC	GenAm	fəs	𐑓𐑩𐑕			89
affix	fronto-	UNC	RSSB	frʌntəʊ	𐑓𐑮𐑳𐑯𐑑𐑴			89
affix	fronto-	UNC	GenAm	frʌntoʊ	𐑓𐑮𐑳𐑯𐑑𐑴			89
affix	fronto-	UNC	GenAm	frʌntə	𐑓𐑮𐑳𐑯𐑑𐑩			89
affix	gastro-	UNC	RSSB	ɡæstrəʊ-	𐑜𐑨𐑕𐑑𐑮𐑴-			97
affix	gastro-	UNC	GenAm	ˈɡæstroʊ-	𐑜𐑨𐑕𐑑𐑮𐑴-			97
affix	geo-	UNC	RSSB	ˈdʒiːəʊ	𐑡𐑰𐑴	dʒiːˈəʊ	𐑡𐑰𐑴	89
affix	geo-	UNC	GenAm	ˈdʒioʊ	𐑡𐑦𐑴			89
affix	giga-	UNC	RSSB	ˈɡɪɡə	𐑜𐑦𐑜𐑩			89
affix	giga-	UNC	GenAm	ˈɡɪɡə	𐑜𐑦𐑜𐑩			89
affix	giga-	UNC	RSSB	ˈɡaɪɡə	𐑜𐑲𐑜𐑩			89
affix	giga-	UNC	GenAm	ˈdʒɪɡə	𐑡𐑦𐑜𐑩			89
affix	glio-	UNC	RSSB	ɡlʌɪəʊ	𐑜𐑤𐑳𐑾𐑫			89
affix	glio-	UNC	GenAm	ɡlaɪoʊ	𐑜𐑤𐑲𐑴			89
affix	glio-	UNC	GenAm	ɡlaɪə	𐑜𐑤𐑲𐑩			89
affix	glio-	UNC	GenAm	ɡlioʊ	𐑜𐑤𐑦𐑴			89
affix	glio-	UNC	GenAm	ɡliə	𐑜𐑤𐑦𐑩			89
affix	glosso-	UNC	RSSB	ɡlɒsəʊ	𐑜𐑤𐑪𐑕𐑴			89
affix	glosso-	UNC	GenAm	ɡlɒsoʊ	𐑜𐑤𐑪𐑕𐑴			89
affix	gravo-	UNC	RSSB	ɡrɑːvəʊ	𐑜𐑮𐑭𐑝𐑴			89
affix	Greco-	UNC	GenAm	ˈɡrekoʊ-	𐑜𐑮𐑧𐑒𐑴-			89
affix	Greco-	UNC	GenAm	ˈɡrikoʊ-	𐑜𐑮𐑦𐑒𐑴-			89
affix	gyno-	UNC	GenAm	ɡaɪnoʊ-	𐑜𐑲𐑯𐑴-	ˈɡaɪnoʊ	𐑜𐑲𐑯𐑴	97
affix	gyno-	UNC	GenAm	dʒaɪnoʊ-	𐑡𐑲𐑯𐑴-	ˈɡaɪnoʊ	𐑜𐑲𐑯𐑴	89
affix	helio-	UNC	GenAm	ˈhilioʊ	𐑣𐑦𐑤𐑦𐑴			89
affix	heort-	UNC	RSSB	hiːɔːRt	𐑣𐑰𐑹𐑑			89
affix	herpet-	UNC	RSSB	hɜːRpet	𐑣𐑻𐑐𐑧𐑑			89
affix	herpet-	UNC	RSSB	hɜːRpiːt	𐑣𐑻𐑐𐑰𐑑			89
affix	Hiberno-	UNC	RSSB	hɪbɜːRnəʊ	𐑣𐑦𐑚𐑻𐑯𐑴			89
affix	Hiberno-	UNC	RSSB	haɪbɜːRnəʊ	𐑣𐑲𐑚𐑻𐑯𐑴			89
affix	Hiberno-	UNC	GenAm	haɪˈbɜːRnoʊ	𐑣𐑲𐑚𐑻𐑯𐑴			89
affix	hodo-	UNC	RSSB	ˌhɒdəʊ	𐑣𐑪𐑛𐑴			89
affix	hodo-	UNC	GenAm	ˌhɒdə	𐑣𐑪𐑛𐑩			89
affix	hodo-	UNC	GenAm	-doʊ	-𐑛𐑴			89
affix	homoe-	UNC	RSSB	hɒˈmiː	𐑣𐑪𐑥𐑰			89
affix	homoi-	UNC	RSSB	hɒˈmɔɪ	𐑣𐑪𐑥𐑶			89
affix	hopl-	UNC	RSSB	hɒpl	𐑣𐑪𐑐𐑤			89
affix	Hungaro-	UNC	GenAm	hʌŋˈɡæroʊ	𐑣𐑳𐑙𐑜𐑨𐑮𐑴			89
affix	hydro-	UNC	GenAm	ˈhaɪdroʊ	𐑣𐑲𐑛𐑮𐑴			89
affix	hydro-	UNC	GenAm	ˈhaɪdʒroʊ	𐑣𐑲𐑡𐑮𐑴			89
affix	hydroxy-	UNC	GenAm	haɪˈdrɒksi	𐑣𐑲𐑛𐑮𐑪𐑒𐑕𐑦			89
affix	hyeto-	UNC	RSSB	ˈhʌɪətəʊ	𐑣𐑳𐑾𐑑𐑴			89
affix	hyper-	UNC	RSSB	haɪpə	𐑣𐑲𐑐𐑩	haɪpəR	𐑣𐑲𐑐𐑼	1
affix	hyper-	UNC	GenAm	ˈhaɪpər	𐑣𐑲𐑐𐑼	ˈhaɪpər	𐑣𐑲𐑐𐑼	89
affix	hypno-	UNC	GenAm	ˈhɪpnəʊ-	𐑣𐑦𐑐𐑯𐑴-			97
affix	hypno-	UNC	GenAm	ˈhɪpnoʊ-	𐑣𐑦𐑐𐑯𐑴-			97
affix	hypo-	UNC	RSSB	ˈhaɪpəʊ	𐑣𐑲𐑐𐑴	ˈhaɪpəʊ	𐑣𐑲𐑐𐑴	89
affix	hypo-	UNC	GenAm	ˈhaɪpoʊ	𐑣𐑲𐑐𐑴	ˈhaɪpoʊ	𐑣𐑲𐑐𐑴	89
affix	inter-	UNC	RSSB	ɪntər	𐑦𐑯𐑑𐑼	ɪntɜːR	𐑦𐑯𐑑𐑻	89
affix	inter-	UNC	GenAm	ɪntəR	𐑦𐑯𐑑𐑼	ɪnˈtəR	𐑦𐑯𐑑𐑼	89
affix	inter-	UNC	GenAm	ɪ̃t̃əR	𐑦̃𐑑̃𐑼	ɪnˈtəR	𐑦𐑯𐑑𐑼	1
affix	inter-	UNC	GenAm	ɪ̃nt̃əR	𐑦̃𐑯𐑑̃𐑼	ɪnˈtəR	𐑦𐑯𐑑𐑼	1
affix	Inver-	UNC	RSSB	ɪnvə-	𐑦𐑯𐑝𐑩-			1
affix	Inver-	UNC	GenAm	ˈɪnvəR-	𐑦𐑯𐑝𐑼-			89
affix	io-	UNC	RSSB	ʌɪəʊ	𐑳𐑾𐑫	ˈaɪəʊ	𐑲𐑴	89
affix	io-	UNC	GenAm	aɪoʊ	𐑲𐑴	ˈaɪoʊ	𐑲𐑴	89
affix	io-	UNC	GenAm	aɪə	𐑲𐑩	ˈaɪoʊ	𐑲𐑴	89
affix	ischio-	UNC	RSSB	ˌɪskɪəʊ	𐑦𐑕𐑒𐑾𐑫			89
affix	iso-	UNC	RSSB	aɪsə-	𐑲𐑕𐑩-	ˈaɪsəʊ	𐑲𐑕𐑴	89
affix	iso-	UNC	GenAm	aɪsə-	𐑲𐑕𐑩-	ˈaɪsoʊ	𐑲𐑕𐑴	89
affix	iso-	UNC	RSSB	aɪsəʊ-	𐑲𐑕𐑴-	ˈaɪsəʊ	𐑲𐑕𐑴	97
affix	iso-	UNC	GenAm	aɪsoʊ-	𐑲𐑕𐑴-	ˈaɪsoʊ	𐑲𐑕𐑴	97
affix	iso-	UNC	RSSB	aɪˈsɒ-	𐑲𐑕𐑪-	ˈaɪsəʊ	𐑲𐑕𐑴	89
affix	iso-	UNC	GenAm	aɪˈsɒ-	𐑲𐑕𐑪-	ˈaɪsoʊ	𐑲𐑕𐑴	89
affix	Istro-	UNC	RSSB	ɪstrəʊ	𐑦𐑕𐑑𐑮𐑴			89
affix	Japano-	UNC	GenAm	dʒəˈpænoʊ	𐑡𐑩𐑐𐑨𐑯𐑴			89
affix	Judeo-	UNC	RSSB	dʒuːˈdiːəʊ	𐑡𐑵𐑛𐑰𐑴			89
affix	Judeo-	UNC	GenAm	dʒuˈdio	𐑡𐑫𐑛𐑦𐑪			89
affix	Judeo-	UNC	GenAm	dʒuˈdeo	𐑡𐑫𐑛𐑧𐑪			89
affix	jugulo-	UNC	GenAm	ˈdʒʌɡjəloʊ	𐑡𐑳𐑜𐑘𐑩𐑤𐑴			89
affix	lith-	UNC	RSSB	lɪθ	𐑤𐑦𐑔	lɪθ	𐑤𐑦𐑔	89
affix	logico-	UNC	RSSB	ˈlɒdʒɪkəʊ	𐑤𐑪𐑡𐑦𐑒𐑴			89
affix	macro-	UNC	GenAm	ˈmækroʊ	𐑥𐑨𐑒𐑮𐑴	ˈmækroʊ	𐑥𐑨𐑒𐑮𐑴	89
affix	macro-	UNC	RSSB	mækrəʊ	𐑥𐑨𐑒𐑮𐑴	mækrəʊ	𐑥𐑨𐑒𐑮𐑴	89
affix	magico-	UNC	RSSB	ˈmadʒɪkəʊ	𐑥𐑨𐑡𐑦𐑒𐑴			89
affix	magnet-	UNC	RSSB	maɡˌniːt	𐑥𐑨𐑜𐑯𐑰𐑑			89
affix	mandibulo-	UNC	RSSB	manˈdɪbjələʊ-	𐑥𐑨𐑯𐑛𐑦𐑚𐑘𐑩𐑤𐑴-			89
affix	mandibulo-	UNC	GenAm	mænˈdɪbjəloʊ-	𐑥𐑨𐑯𐑛𐑦𐑚𐑘𐑩𐑤𐑴-			89
affix	mer-	UNC	RSSB	mɜːR	𐑥𐑻			89
affix	mer-	UNC	GenAm	ˈmɜːR	𐑥𐑻			89
affix	meta-	UNC	RSSB	mɪˈta	𐑥𐑦𐑑𐑨	ˈmetə	𐑥𐑧𐑑𐑩	89
affix	meta-	UNC	GenAm	məˈtæ	𐑥𐑩𐑑𐑨	ˈmetə	𐑥𐑧𐑑𐑩	89
affix	meta-	UNC	RSSB	ˈmetə	𐑥𐑧𐑑𐑩	ˈmetə	𐑥𐑧𐑑𐑩	89
affix	meta-	UNC	GenAm	ˈmetə	𐑥𐑧𐑑𐑩	ˈmetə	𐑥𐑧𐑑𐑩	89
affix	metho-	UNC	RSSB	meθəʊ	𐑥𐑧𐑔𐑴			89
affix	metho-	UNC	GenAm	meθoʊ	𐑥𐑧𐑔𐑴			89
affix	metho-	UNC	GenAm	meθə	𐑥𐑧𐑔𐑩			89
affix	methyl-	UNC	GenAm	ˈmeθəl	𐑥𐑧𐑔𐑩𐑤	ˈmeθəl	𐑥𐑧𐑔𐑩𐑤	89
affix	methyl-	UNC	GenAm	ˈmeθɪl	𐑥𐑧𐑔𐑦𐑤	ˈmeθəl	𐑥𐑧𐑔𐑩𐑤	89
affix	milli-	UNC	GenAm	ˈmɪlɪ	𐑥𐑦𐑤𐑦			89
affix	mito-	UNC	RSSB	mʌɪtəʊ	𐑥𐑳𐑦𐑑𐑴			89
affix	mito-	UNC	GenAm	maɪtoʊ	𐑥𐑲𐑑𐑴			89
affix	mito-	UNC	GenAm	maɪtə	𐑥𐑲𐑑𐑩			89
affix	mono-	UNC	RSSB	ˈmɒnəʊ	𐑥𐑪𐑯𐑴	ˈmɒnəʊ	𐑥𐑪𐑯𐑴	89
affix	mono-	UNC	RSSB	ˈmɔnəw	𐑥𐑷𐑯𐑩𐑢	ˈmɒnəʊ	𐑥𐑪𐑯𐑴	89
affix	mono-	UNC	RSSB	ˈmɔnə	𐑥𐑷𐑯𐑩	ˈmɒnəʊ	𐑥𐑪𐑯𐑴	89
affix	mono-	UNC	GenAm	ˈmɒnə	𐑥𐑪𐑯𐑩	ˈmɒnoʊ	𐑥𐑪𐑯𐑴	89
affix	mono-	UNC	GenAm	ˈmɒnow	𐑥𐑪𐑯𐑪𐑢	ˈmɒnoʊ	𐑥𐑪𐑯𐑴	89
affix	morpho-	UNC	GenAm	mɔːRfoʊ-	𐑥𐑹𐑓𐑴-			97
affix	morpho-	UNC	GenAm	mɔːRfə-	𐑥𐑹𐑓𐑩-			89
affix	multi-	UNC	RSSB	ˈmʌltiː	𐑥𐑳𐑤𐑑𐑰			89
affix	multi-	UNC	GenAm	ˈmʌlti	𐑥𐑳𐑤𐑑𐑦			89
affix	multi-	UNC	GenAm	ˈmʌltaɪ	𐑥𐑳𐑤𐑑𐑲			89
affix	myco-	UNC	RSSB	mʌɪkəʊ	𐑥𐑳𐑦𐑒𐑴			89
affix	myco-	UNC	GenAm	maɪkoʊ	𐑥𐑲𐑒𐑴			89
affix	myco-	UNC	GenAm	maɪkə	𐑥𐑲𐑒𐑩			89
affix	mylo-	UNC	RSSB	mʌɪləʊ	𐑥𐑳𐑦𐑤𐑴			89
affix	mylo-	UNC	GenAm	maɪloʊ	𐑥𐑲𐑤𐑴			89
affix	mylo-	UNC	GenAm	maɪlə	𐑥𐑲𐑤𐑩			89
affix	nano-	UNC	RSSB	ˈnænəʊ	𐑯𐑨𐑯𐑴			89
affix	nano-	UNC	GenAm	ˈnænoʊ	𐑯𐑨𐑯𐑴			89
affix	narco-	UNC	GenAm	nɑːRkoʊ	𐑯𐑸𐑒𐑴	ˈnɑːRkoʊ	𐑯𐑸𐑒𐑴	89
affix	naso-	UNC	RSSB	neɪzəʊ	𐑯𐑱𐑟𐑴			89
affix	naso-	UNC	GenAm	neɪzoʊ	𐑯𐑱𐑟𐑴			89
affix	naso-	UNC	GenAm	neɪzə	𐑯𐑱𐑟𐑩			89
affix	necro-	UNC	RSSB	nekrəʊ	𐑯𐑧𐑒𐑮𐑴			89
affix	neo-	UNC	RSSB	ˈniːəʊ	𐑯𐑰𐑴			89
affix	neo-	UNC	GenAm	ˈnioʊ	𐑯𐑦𐑴			89
affix	neuro-	UNC	RSSB	njəərəʊ	𐑯𐑘𐑩𐑼𐑴			5
affix	neuro-	UNC	GenAm	ˌnjəroʊ	𐑯𐑘𐑼𐑴			89
affix	nifur-	UNC	RSSB	nʌɪfjəər	𐑯𐑳𐑦𐑓𐑘𐑩𐑼			89
affix	nifur-	UNC	RSSB	nʌɪfɜːR	𐑯𐑳𐑦𐑓𐑻			89
affix	nifur-	UNC	RSSB	nʌɪfə	𐑯𐑳𐑦𐑓𐑩			1
affix	nifur-	UNC	GenAm	naɪfjər	𐑯𐑲𐑓𐑘𐑼			89
affix	nifur-	UNC	GenAm	naɪfɜːR	𐑯𐑲𐑓𐑻			89
affix	nifur-	UNC	GenAm	naɪfəR	𐑯𐑲𐑓𐑼			89
affix	nom-	UNC	RSSB	nɒm	𐑯𐑪𐑥	nɒm	𐑯𐑪𐑥	89
affix	non-	UNC	RSSB	ˈnɒn	𐑯𐑪𐑯	nɒn	𐑯𐑪𐑯	89
affix	non-	UNC	RSSB	ˌnɒn	𐑯𐑪𐑯	nɒn	𐑯𐑪𐑯	89
affix	non-	UNC	GenAm	ˈnɒn	𐑯𐑪𐑯	nɒn	𐑯𐑪𐑯	89
affix	non-	UNC	GenAm	ˌnɒn	𐑯𐑪𐑯	nɒn	𐑯𐑪𐑯	89
affix	occipito-	UNC	RSSB	ɒkˌsɪpɪtəʊ	𐑪𐑒𐑕𐑦𐑐𐑦𐑑𐑴			89
affix	occipito-	UNC	GenAm	ɒkˌsɪpətoʊ	𐑪𐑒𐑕𐑦𐑐𐑩𐑑𐑴			89
affix	ochl-	UNC	RSSB	ɒkl	𐑪𐑒𐑤			89
affix	oculo-	UNC	RSSB	ɒkjələʊ	𐑪𐑒𐑘𐑩𐑤𐑴			89
affix	oculo-	UNC	GenAm	ɒkjəloʊ	𐑪𐑒𐑘𐑩𐑤𐑴			89
affix	omo-	UNC	RSSB	əʊməʊ	𐑴𐑥𐑴			89
affix	omo-	UNC	GenAm	oʊmoʊ	𐑴𐑥𐑴			89
affix	oo-	UNC	RSSB	əʊə-	𐑴𐑩-	ˈəʊəʊ	𐑴𐑴	89
affix	oo-	UNC	GenAm	oʊə-	𐑴𐑩-	ˈoʊoʊ	𐑴𐑴	89
affix	oo-	UNC	RSSB	əʊˈɒ-	𐑴𐑪-	ˈəʊəʊ	𐑴𐑴	89
affix	oo-	UNC	GenAm	oʊˈɒ-	𐑴𐑪-	ˈoʊoʊ	𐑴𐑴	89
affix	oro-	UNC	RSSB	ɔːrəʊ	𐑹𐑴			89
affix	oro-	UNC	GenAm	ɔːRoʊ	𐑹𐑴			89
affix	oro-	UNC	GenAm	ɔːRə	𐑹𐑩			89
affix	oro-	UNC	RSSB	ɒrəʊ	𐑪𐑮𐑴			89
affix	ortho-	UNC	RSSB	ɔːRθə-	𐑹𐑔𐑩-	ɔːRθəʊ	𐑹𐑔𐑴	89
affix	ortho-	UNC	RSSB	ɔːRθɒ-	𐑹𐑔𐑪-	ɔːRθəʊ	𐑹𐑔𐑴	89
affix	ortho-	UNC	GenAm	orθə-	𐑪𐑮𐑔𐑩-	ˈorθoʊ	𐑪𐑮𐑔𐑴	89
affix	ortho-	UNC	GenAm	orˈθɒ-	𐑪𐑮𐑔𐑪-	ˈorθoʊ	𐑪𐑮𐑔𐑴	89
affix	ot-	UNC	RSSB	əʊt	𐑴𐑑			89
affix	ot-	UNC	GenAm	oʊt	𐑴𐑑			89
affix	over-	UNC	RSSB	əʊvə	𐑴𐑝𐑩	əʊvər	𐑴𐑝𐑼	1
affix	over-	UNC	GenAm	ˈoʊvər	𐑴𐑝𐑼	ˈoʊvəR	𐑴𐑝𐑼	89
affix	over-	UNC	GenAm	ˈoʊvəR	𐑴𐑝𐑼	ˈoʊvəR	𐑴𐑝𐑼	89
affix	oxo-	UNC	RSSB	ɒksəʊ	𐑪𐑒𐑕𐑴			89
affix	oxo-	UNC	GenAm	ɒksoʊ	𐑪𐑒𐑕𐑴			89
affix	oxo-	UNC	GenAm	ɒksə	𐑪𐑒𐑕𐑩			89
affix	palato-	UNC	RSSB	palətəʊ	𐑐𐑨𐑤𐑩𐑑𐑴			89
affix	palato-	UNC	GenAm	pælətoʊ	𐑐𐑨𐑤𐑩𐑑𐑴			89
affix	palato-	UNC	RSSB	pəleɪtəʊ	𐑐𐑩𐑤𐑱𐑑𐑴			89
affix	paleo-	UNC	RSSB	ˈpæliəʊ	𐑐𐑨𐑤𐑦𐑴			89
affix	paleo-	UNC	RSSB	ˈpeɪliəʊ	𐑐𐑱𐑤𐑦𐑴			89
affix	paleo-	UNC	GenAm	ˈpæliə	𐑐𐑨𐑤𐑦𐑩			89
affix	paleo-	UNC	GenAm	ˈpeɪliə	𐑐𐑱𐑤𐑦𐑩			89
affix	paleo-	UNC	GenAm	-oʊ	-𐑴			89
affix	palæ-	UNC	RSSB	ˈpælɪ	𐑐𐑨𐑤𐑦			89
affix	para-	UNC	RSSB	pærə	𐑐𐑨𐑮𐑩	pɑːrə	𐑐𐑸𐑩	89
affix	para-	UNC	GenAm	ˈperə	𐑐𐑧𐑮𐑩	ˈpɑːrə	𐑐𐑸𐑩	89
affix	parthen-	UNC	RSSB	pɑːRθɪn	𐑐𐑸𐑔𐑦𐑯			89
affix	parthen-	UNC	GenAm	ˌpɑːRθən	𐑐𐑸𐑔𐑩𐑯			89
affix	patho-	UNC	GenAm	pæθoʊ-	𐑐𐑨𐑔𐑴-			97
affix	peri-	UNC	RSSB	perə-	𐑐𐑧𐑮𐑩-	pɪəri	𐑐𐑽𐑦	89
affix	peri-	UNC	GenAm	ˌperə-	𐑐𐑧𐑮𐑩-			89
affix	phago-	UNC	RSSB	faɡəʊ	𐑓𐑨𐑜𐑴			89
affix	phago-	UNC	GenAm	fæɡoʊ	𐑓𐑨𐑜𐑴			89
affix	phago-	UNC	GenAm	fæɡə	𐑓𐑨𐑜𐑩			89
affix	pheno-	UNC	RSSB	ˈfiːnəʊ	𐑓𐑰𐑯𐑴			89
affix	pheno-	UNC	GenAm	ˈfiːnoʊ	𐑓𐑰𐑯𐑴			89
affix	pheno-	UNC	RSSB	ˈfenəʊ	𐑓𐑧𐑯𐑴			89
affix	pheno-	UNC	GenAm	ˈfenoʊ	𐑓𐑧𐑯𐑴			89
affix	pheno-	UNC	GenAm	ˈfiːnə	𐑓𐑰𐑯𐑩			89
affix	photo-	UNC	GenAm	foʊtoʊ	𐑓𐑴𐑑𐑴	ˈfoʊtoʊ	𐑓𐑴𐑑𐑴	89
affix	phyllo-	UNC	RSSB	ˈfɪləʊ	𐑓𐑦𐑤𐑴	ˈfaɪləʊ	𐑓𐑲𐑤𐑴	89
affix	phyto-	UNC	RSSB	faɪtəʊ	𐑓𐑲𐑑𐑴			89
affix	phyto-	UNC	GenAm	faɪtoʊ	𐑓𐑲𐑑𐑴			89
affix	pico-	UNC	RSSB	ˈpiːkəʊ	𐑐𐑰𐑒𐑴			89
affix	pico-	UNC	GenAm	ˈpaɪkoʊ	𐑐𐑲𐑒𐑴			89
affix	pico-	UNC	GenAm	ˈpikoʊ	𐑐𐑦𐑒𐑴			89
affix	piezo-	UNC	RSSB	ˌpiːzəʊ-	𐑐𐑰𐑟𐑴-			89
affix	piezo-	UNC	GenAm	ˌpiːzoʊ-	𐑐𐑰𐑟𐑴-			89
affix	piezo-	UNC	RSSB	piˌeɪzəʊ-	𐑐𐑦𐑱𐑟𐑴-			89
affix	piezo-	UNC	GenAm	piˌeɪzoʊ-	𐑐𐑦𐑱𐑟𐑴-			89
affix	piezo-	UNC	RSSB	paɪˌiːzəʊ-	𐑐𐑲𐑰𐑟𐑴-			89
affix	piezo-	UNC	GenAm	paɪˌiːzoʊ-	𐑐𐑲𐑰𐑟𐑴-			89
affix	plagio-	UNC	RSSB	ˈpleɪdʒɪəʊ	𐑐𐑤𐑱𐑡𐑾𐑫			89
affix	pleuro-	UNC	RSSB	plʊərəʊ	𐑐𐑤𐑫𐑼𐑴			89
affix	pleuro-	UNC	GenAm	plʊroʊ	𐑐𐑤𐑫𐑮𐑴			89
affix	pleuro-	UNC	GenAm	plʊrə	𐑐𐑤𐑫𐑮𐑩			89
affix	plusquam-	UNC	RSSB	ˈplʌskwam	𐑐𐑤𐑳𐑕𐑒𐑢𐑨𐑥			89
affix	plusquam-	UNC	GenAm	ˈpləsˌkwæm	𐑐𐑤𐑩𐑕𐑒𐑢𐑨𐑥			89
affix	pneumato-	UNC	RSSB	ˈpnjuːmətəʊ	𐑐𐑯𐑿𐑥𐑩𐑑𐑴			89
affix	pneumo-	UNC	RSSB	pnjuːməʊ	𐑐𐑯𐑿𐑥𐑴			89
affix	pneumo-	UNC	GenAm	numoʊ	𐑯𐑫𐑥𐑴			89
affix	pneumono-	UNC	RSSB	pnjuːməʊnəʊ	𐑐𐑯𐑿𐑥𐑴𐑯𐑴			89
affix	poly-	UNC	RSSB	ˈpɒli-	𐑐𐑪𐑤𐑦-	ˈpəʊli	𐑐𐑴𐑤𐑦	97
affix	poly-	UNC	GenAm	ˈpɒli-	𐑐𐑪𐑤𐑦-	ˈpoʊli	𐑐𐑴𐑤𐑦	97
affix	porn-	UNC	RSSB	pɔːRn	𐑐𐑹𐑯	pɔːRn	𐑐𐑹𐑯	89
affix	porno-	UNC	RSSB	pɔːRnəʊ	𐑐𐑹𐑯𐑴	pɔːRnəʊ	𐑐𐑹𐑯𐑴	89
affix	post-	UNC	GenAm	poʊst	𐑐𐑴𐑕𐑑	poʊst	𐑐𐑴𐑕𐑑	89
affix	post-	UNC	RSSB	pəʊst	𐑐𐑴𐑕𐑑	pəʊst	𐑐𐑴𐑕𐑑	89
affix	pre-	UNC	RSSB	pre	𐑐𐑮𐑧			89
affix	pre-	UNC	GenAm	pre	𐑐𐑮𐑧			89
affix	pre-	UNC	RSSB	priː	𐑐𐑮𐑰			89
affix	pre-	UNC	GenAm	pri	𐑐𐑮𐑦			89
affix	pre-	UNC	GenAm	prɪ	𐑐𐑮𐑦			89
affix	pro-	UNC	RSSB	prəʊ	𐑐𐑮𐑴	prəʊ	𐑐𐑮𐑴	89
affix	pro-	UNC	GenAm	proʊ	𐑐𐑮𐑴	proʊ	𐑐𐑮𐑴	89
affix	protero-	UNC	RSSB	prɒtərəʊ	𐑐𐑮𐑪𐑑𐑼𐑴			89
affix	proto-	UNC	RSSB	prəʊtəʊ	𐑐𐑮𐑴𐑑𐑴			89
affix	proto-	UNC	GenAm	proʊtoʊ	𐑐𐑮𐑴𐑑𐑴			89
affix	pseph-	UNC	RSSB	psiːf	𐑐𐑕𐑰𐑓			89
affix	pseph-	UNC	RSSB	psef	𐑐𐑕𐑧𐑓			89
affix	pseph-	UNC	GenAm	psif	𐑐𐑕𐑦𐑓			89
affix	psycho-	UNC	RSSB	ˈsaɪkəʊ	𐑕𐑲𐑒𐑴	ˈsaɪkəʊ	𐑕𐑲𐑒𐑴	89
affix	psycho-	UNC	GenAm	ˈsaɪkoʊ	𐑕𐑲𐑒𐑴	ˈsaɪkoʊ	𐑕𐑲𐑒𐑴	89
affix	psycho-	UNC	GenAm	ˈsʌɪkoʊ	𐑕𐑳𐑦𐑒𐑴	ˈsaɪkoʊ	𐑕𐑲𐑒𐑴	89
affix	pterygo-	UNC	RSSB	terɪɡəʊ	𐑑𐑧𐑮𐑦𐑜𐑴			89
affix	pterygo-	UNC	GenAm	terəɡoʊ	𐑑𐑧𐑮𐑩𐑜𐑴			89
affix	ptilo-	UNC	RSSB	ptɪləʊ	𐑐𐑑𐑦𐑤𐑴			89
affix	ptilo-	UNC	RSSB	ptaɪləʊ	𐑐𐑑𐑲𐑤𐑴			89
affix	ptilo-	UNC	RSSB	ptʌɪləʊ	𐑐𐑑𐑳𐑦𐑤𐑴			89
affix	pyro-	UNC	RSSB	paɪrəʊ	𐑐𐑲𐑮𐑴	paɪrəʊ	𐑐𐑲𐑮𐑴	89
affix	pyro-	UNC	GenAm	ˈpaɪroʊ	𐑐𐑲𐑮𐑴	ˈpaɪroʊ	𐑐𐑲𐑮𐑴	89
affix	qu-	UNC	RSSB	ˈkjuː	𐑒𐑿			89
affix	quadri-	UNC	RSSB	kwɒdrɪ	𐑒𐑢𐑪𐑛𐑮𐑦			89
affix	quadri-	UNC	GenAm	ˌkwɒdrə	𐑒𐑢𐑪𐑛𐑮𐑩			89
affix	quasi-	UNC	RSSB	ˈkweɪzaɪ	𐑒𐑢𐑱𐑟𐑲	ˈkwɑːzi	𐑒𐑢𐑭𐑟𐑦	89
affix	quasi-	UNC	GenAm	ˈkweɪˌzaɪ	𐑒𐑢𐑱𐑟𐑲	ˈkwɑːzi	𐑒𐑢𐑭𐑟𐑦	89
affix	quasi-	UNC	RSSB	ˈkweɪsaɪ	𐑒𐑢𐑱𐑕𐑲	ˈkwɑːzi	𐑒𐑢𐑭𐑟𐑦	89
affix	quasi-	UNC	GenAm	ˈkweɪˌsaɪ	𐑒𐑢𐑱𐑕𐑲	ˈkwɑːzi	𐑒𐑢𐑭𐑟𐑦	89
affix	quasi-	UNC	RSSB	ˈkwɑːzi	𐑒𐑢𐑭𐑟𐑦	ˈkwɑːzi	𐑒𐑢𐑭𐑟𐑦	89
affix	quasi-	UNC	GenAm	ˈkwɒˌzaɪ	𐑒𐑢𐑪𐑟𐑲	ˈkwɑːzi	𐑒𐑢𐑭𐑟𐑦	89
affix	quasi-	UNC	GenAm	ˈkwɒzi	𐑒𐑢𐑪𐑟𐑦	ˈkwɑːzi	𐑒𐑢𐑭𐑟𐑦	89
affix	quasi-	UNC	GenAm	ˈkwɒsi	𐑒𐑢𐑪𐑕𐑦	ˈkwɑːzi	𐑒𐑢𐑭𐑟𐑦	89
affix	quecto-	UNC	GenAm	ˈkwektoʊ	𐑒𐑢𐑧𐑒𐑑𐑴			89
affix	quetta-	UNC	GenAm	ˈkwetə	𐑒𐑢𐑧𐑑𐑩			89
affix	radi-	UNC	RSSB	reɪdiː-	𐑮𐑱𐑛𐑰-			89
affix	radi-	UNC	GenAm	ˌreɪdi-	𐑮𐑱𐑛𐑦-			89
affix	religio-	UNC	GenAm	reˈlɪdʒioʊ	𐑮𐑧𐑤𐑦𐑡𐑦𐑴			89
affix	religio-	UNC	GenAm	rəˈlɪdʒioʊ	𐑮𐑩𐑤𐑦𐑡𐑦𐑴			89
affix	retro-	UNC	RSSB	retrəʊ-	𐑮𐑧𐑑𐑮𐑴-	retrəʊ	𐑮𐑧𐑑𐑮𐑴	97
affix	retro-	UNC	GenAm	ˈretroʊ-	𐑮𐑧𐑑𐑮𐑴-	ˈretroʊ	𐑮𐑧𐑑𐑮𐑴	97
affix	robo-	UNC	RSSB	rəʊbəʊ	𐑮𐑴𐑚𐑴	rəʊbəʊ	𐑮𐑴𐑚𐑴	89
affix	robo-	UNC	GenAm	ˈroʊboʊ	𐑮𐑴𐑚𐑴	ˈroʊboʊ	𐑮𐑴𐑚𐑴	89
affix	robo-	UNC	RSSB	rəʊbə	𐑮𐑴𐑚𐑩	rəʊbəʊ	𐑮𐑴𐑚𐑴	89
affix	robo-	UNC	GenAm	ˈroʊbə	𐑮𐑴𐑚𐑩	ˈroʊboʊ	𐑮𐑴𐑚𐑴	89
affix	ronna-	UNC	GenAm	ˈrɒnə	𐑮𐑪𐑯𐑩			89
affix	ronto-	UNC	GenAm	ˈrɒntoʊ	𐑮𐑪𐑯𐑑𐑴			89
affix	rufo-	UNC	GenAm	ˈrufoʊ	𐑮𐑫𐑓𐑴			89
affix	salazo-	UNC	RSSB	saləzəʊ	𐑕𐑨𐑤𐑩𐑟𐑴			89
affix	salazo-	UNC	GenAm	sæləzoʊ	𐑕𐑨𐑤𐑩𐑟𐑴			89
affix	salazo-	UNC	RSSB	səˈlazə	𐑕𐑩𐑤𐑨𐑟𐑩			89
affix	salazo-	UNC	GenAm	səˈlæzə	𐑕𐑩𐑤𐑨𐑟𐑩			89
affix	salpingo-	UNC	RSSB	salpɪŋɡəʊ	𐑕𐑨𐑤𐑐𐑦𐑙𐑜𐑴			89
affix	salpingo-	UNC	GenAm	sælpɪŋɡoʊ	𐑕𐑨𐑤𐑐𐑦𐑙𐑜𐑴			89
affix	schizo-	UNC	GenAm	ˈskɪtsoʊ	𐑕𐑒𐑦𐑑𐑕𐑴	ˈskɪtsoʊ	𐑕𐑒𐑦𐑑𐑕𐑴	89
affix	selen-	UNC	RSSB	seliːn	𐑕𐑧𐑤𐑰𐑯			89
affix	selen-	UNC	RSSB	sɪliːn	𐑕𐑦𐑤𐑰𐑯			89
affix	selen-	UNC	RSSB	selən	𐑕𐑧𐑤𐑩𐑯			89
affix	semper-	UNC	RSSB	sempə	𐑕𐑧𐑥𐑐𐑩			1
affix	Sino-	UNC	RSSB	ˈsaɪnəʊ	𐑕𐑲𐑯𐑴			89
affix	Sino-	UNC	GenAm	ˈsaɪnoʊ	𐑕𐑲𐑯𐑴			89
affix	Sino-	UNC	RSSB	ˈsɪnəʊ	𐑕𐑦𐑯𐑴			89
affix	Sino-	UNC	GenAm	ˈsaɪnɒ	𐑕𐑲𐑯𐑪			89
affix	Sino-	UNC	GenAm	ˈsɪnɒ	𐑕𐑦𐑯𐑪			89
affix	socio-	UNC	RSSB	ˌsəʊsi-	𐑕𐑴𐑕𐑦-			89
affix	socio-	UNC	GenAm	ˌsoʊsi-	𐑕𐑴𐑕𐑦-			89
affix	socio-	UNC	RSSB	ˌsəʊʃi	𐑕𐑴𐑖𐑦			89
affix	socio-	UNC	GenAm	ˌsoʊʃi	𐑕𐑴𐑖𐑦			89
affix	sopho-	UNC	RSSB	ˈsɒfə-	𐑕𐑪𐑓𐑩-			89
affix	sopho-	UNC	RSSB	səˈfɒ	𐑕𐑩𐑓𐑪			89
affix	spheno-	UNC	RSSB	sfiːnəʊ	𐑕𐑓𐑰𐑯𐑴			89
affix	spheno-	UNC	GenAm	sfinoʊ	𐑕𐑓𐑦𐑯𐑴			89
affix	spheno-	UNC	GenAm	sfinə	𐑕𐑓𐑦𐑯𐑩			89
affix	sphygm-	UNC	RSSB	ˈsfɪɡm	𐑕𐑓𐑦𐑜𐑥			89
affix	sporo-	UNC	RSSB	spɒrəʊ	𐑕𐑐𐑪𐑮𐑴			89
affix	sporo-	UNC	RSSB	spɔːrəʊ	𐑕𐑐𐑹𐑴			89
affix	sporo-	UNC	GenAm	spɔːRoʊ	𐑕𐑐𐑹𐑴			89
affix	sporo-	UNC	GenAm	spɔːRə	𐑕𐑐𐑹𐑩			89
affix	sterno-	UNC	RSSB	stɜːRnəʊ	𐑕𐑑𐑻𐑯𐑴			89
affix	sterno-	UNC	GenAm	stɜːRnoʊ	𐑕𐑑𐑻𐑯𐑴			89
affix	sterno-	UNC	GenAm	stɜːRnə	𐑕𐑑𐑻𐑯𐑩			89
affix	stylo-	UNC	RSSB	stʌɪləʊ	𐑕𐑑𐑳𐑦𐑤𐑴			89
affix	stylo-	UNC	GenAm	staɪloʊ	𐑕𐑑𐑲𐑤𐑴			89
affix	stylo-	UNC	GenAm	staɪlə	𐑕𐑑𐑲𐑤𐑩			89
affix	sucro-	UNC	RSSB	sjuːkrəʊ	𐑕𐑿𐑒𐑮𐑴			89
affix	sucro-	UNC	GenAm	sukroʊ	𐑕𐑫𐑒𐑮𐑴			89
affix	sucro-	UNC	GenAm	sukrə	𐑕𐑫𐑒𐑮𐑩			89
affix	super-	UNC	RSSB	sjupəː	𐑕𐑘𐑫𐑐𐑩ː	sjuːpəR	𐑕𐑿𐑐𐑼	1
affix	super-	UNC	GenAm	ˌsupər	𐑕𐑫𐑐𐑼	ˈsupəR	𐑕𐑫𐑐𐑼	89
affix	supra-	UNC	RSSB	sjuːprə	𐑕𐑿𐑐𐑮𐑩			89
affix	supra-	UNC	GenAm	suprə	𐑕𐑫𐑐𐑮𐑩			89
affix	sur-	UNC	RSSB	sɚ	𐑕ɚ			1
affix	sur-	UNC	RSSB	sʌ˞	𐑕𐑳˞			1
affix	synapto-	UNC	GenAm	sɪˈnæptoʊ	𐑕𐑦𐑯𐑨𐑐𐑑𐑴			89
affix	tachy-	UNC	RSSB	ˌtækɪ	𐑑𐑨𐑒𐑦			89
affix	tachy-	UNC	GenAm	ˌtækɪ	𐑑𐑨𐑒𐑦			89
affix	tachy-	UNC	GenAm	ˌtækə	𐑑𐑨𐑒𐑩			89
affix	taxo-	UNC	GenAm	tæksoʊ	𐑑𐑨𐑒𐑕𐑴			89
affix	techno-	UNC	GenAm	teknoʊ	𐑑𐑧𐑒𐑯𐑴	ˈteknoʊ	𐑑𐑧𐑒𐑯𐑴	89
affix	tele-	UNC	RSSB	ˈtelɪ	𐑑𐑧𐑤𐑦			89
affix	tele-	UNC	RSSB	ˈtelə	𐑑𐑧𐑤𐑩			89
affix	tele-	UNC	GenAm	ˈtelə	𐑑𐑧𐑤𐑩			89
affix	tera-	UNC	GenAm	ˈterə	𐑑𐑧𐑮𐑩			89
affix	tessara-	UNC	RSSB	tesərə	𐑑𐑧𐑕𐑼𐑩			89
affix	therio-	UNC	RSSB	θɪərɪəʊ	𐑔𐑽𐑾𐑫			89
affix	thermo-	UNC	RSSB	θɜːRməʊ-	𐑔𐑻𐑥𐑴-			97
affix	thermo-	UNC	GenAm	θɜrmoʊ-	𐑔ɜ𐑮𐑥𐑴-			1
affix	thio-	UNC	RSSB	θʌɪəʊ	𐑔𐑳𐑾𐑫			89
affix	thio-	UNC	GenAm	θaɪoʊ	𐑔𐑲𐑴			89
affix	thio-	UNC	GenAm	θaɪə	𐑔𐑲𐑩			89
affix	thrombo-	UNC	RSSB	θrɒmbəʊ-	𐑔𐑮𐑪𐑥𐑚𐑴-			97
affix	thyro-	UNC	RSSB	θʌɪrəʊ	𐑔𐑳𐑦𐑮𐑴			89
affix	thyro-	UNC	GenAm	θaɪroʊ	𐑔𐑲𐑮𐑴			89
affix	trop-	UNC	RSSB	trəʊp	𐑑𐑮𐑴𐑐	trɒp	𐑑𐑮𐑪𐑐	89
affix	trop-	UNC	GenAm	troʊp	𐑑𐑮𐑴𐑐	trɒp	𐑑𐑮𐑪𐑐	89
affix	trop-	UNC	GenAm	trəp	𐑑𐑮𐑩𐑐	trɒp	𐑑𐑮𐑪𐑐	89
affix	tropho-	UNC	RSSB	trɒfəʊ	𐑑𐑮𐑪𐑓𐑴			89
affix	tropho-	UNC	RSSB	trəʊfəʊ	𐑑𐑮𐑴𐑓𐑴			89
affix	typhl-	UNC	RSSB	tɪfl	𐑑𐑦𐑓𐑤			89
affix	umbilico-	UNC	GenAm	ʌmˈbɪlɨkoʊ-	𐑳𐑥𐑚𐑦𐑤ɨ𐑒𐑴-			1
affix	ur-	UNC	RSSB	ʊəR	𐑫𐑼			89
affix	ur-	UNC	RSSB	ɜːR	𐑻			89
affix	ur-	UNC	GenAm	ɜːR	𐑻	ɜːR	𐑻	89
affix	ureido-	UNC	GenAm	jəriːədoʊ	𐑘𐑼𐑰𐑩𐑛𐑴			89
affix	ureido-	UNC	RSSB	jəriːɪdəʊ	𐑘𐑼𐑰𐑦𐑛𐑴			89
affix	utriculo-	UNC	GenAm	jətrɪkjəloʊ	𐑘𐑩𐑑𐑮𐑦𐑒𐑘𐑩𐑤𐑴			89
affix	uvulo-	UNC	RSSB	juːvjələʊ	𐑿𐑝𐑘𐑩𐑤𐑴			89
affix	uvulo-	UNC	GenAm	juvjəloʊ	𐑘𐑫𐑝𐑘𐑩𐑤𐑴			89
affix	vacci-	UNC	RSSB	væksɪ	𐑝𐑨𐑒𐑕𐑦			89
affix	vaso-	UNC	RSSB	ˌveɪsəʊ	𐑝𐑱𐑕𐑴			89
affix	vestibulo-	UNC	GenAm	vestɪbjəloʊ	𐑝𐑧𐑕𐑑𐑦𐑚𐑘𐑩𐑤𐑴			89
affix	were-	UNC	RSSB	weər	𐑢𐑺			89
affix	yocto-	UNC	GenAm	ˈjɒktoʊ	𐑘𐑪𐑒𐑑𐑴			89
affix	yocto-	UNC	RSSB	ˈjɒktəʊ	𐑘𐑪𐑒𐑑𐑴			89
affix	zepto-	UNC	RSSB	ˈzeptəʊ	𐑟𐑧𐑐𐑑𐑴			89
affix	zepto-	UNC	GenAm	ˈzeptoʊ	𐑟𐑧𐑐𐑑𐑴			89
affix	zo-	UNC	RSSB	zəʊ	𐑟𐑴			89
affix	zoo-	UNC	RSSB	ˈzəʊə	𐑟𐑴𐑩			89
affix	zoo-	UNC	GenAm	ˈzoʊə	𐑟𐑴𐑩			89
affix	zoo-	UNC	RSSB	ˈzəʊəʊ	𐑟𐑴𐑴			89
affix	zoo-	UNC	GenAm	ˈzoʊoʊ	𐑟𐑴𐑴			89
affix	zygo-	UNC	GenAm	zaɪɡoʊ-	𐑟𐑲𐑜𐑴-			97
affix	zygomatico-	UNC	GenAm	ˌzaɪɡəˌmætɪkoʊ	𐑟𐑲𐑜𐑩𐑥𐑨𐑑𐑦𐑒𐑴			89
affix	zymo-	UNC	RSSB	ˈzaɪməʊ	𐑟𐑲𐑥𐑴			89
affix-spec	-'	AV0	UNC	z	𐑟			89
affix-spec	-'	AV0	UNC	zƏz	𐑟𐑩𐑟			89
affix-spec	-'	AV0	UNC	s	𐑕			89
affix-spec	-'	AV0	UNC	sƏz	𐑕𐑩𐑟			89
affix-spec	-'	AV0	UNC	ɪz	𐑦𐑟			89
affix-spec	-'	AV0	UNC	əz	𐑩𐑟			89
affix-spec	-'s	UNC	UNC	s	𐑕	s	𐑕	89
affix-spec	-'s	UNC	UNC	əz	𐑩𐑟	s	𐑕	89
affix-spec	-'s	UNC	UNC	z	𐑟	s	𐑕	89
affix-spec	-2	NN1	UNC	ˈmaɪnəsˈtuː	𐑥𐑲𐑯𐑩𐑕𐑑𐑵	tuː	𐑑𐑵	89
affix-spec	-4j	UNC	UNC	fɔːrdʒeɪ	𐑓𐑹𐑡𐑱			89
affix-spec	-a	UNC	UNC	ɑ	ɑ	eɪ	𐑱	1
affix-spec	-a	UNC	UNC	ə	𐑩	eɪ	𐑱	89
affix-spec	-a	UNC	UNC	eɪ	𐑱	eɪ	𐑱	89
affix-spec	-a-palooza	UNC	UNC	əpəˈluzə	𐑩𐑐𐑩𐑤𐑫𐑟𐑩			89
affix-spec	-a-palooza	UNC	UNC	əpəˈlʊzə	𐑩𐑐𐑩𐑤𐑫𐑟𐑩			89
affix-spec	-able	UNC	UNC	əbəl	𐑩𐑚𐑩𐑤	ˈeɪbəl	𐑱𐑚𐑩𐑤	89
affix-spec	-able	UNC	UNC	ˈebəl	𐑧𐑚𐑩𐑤	ˈeɪbəl	𐑱𐑚𐑩𐑤	89
affix-spec	-able	UNC	UNC	eːbʌl	𐑧ː𐑚𐑳𐑤	ˈeɪbəl	𐑱𐑚𐑩𐑤	1
affix-spec	-able	UNC	UNC	ʌbɨɭ	𐑳𐑚ɨɭ	ˈeɪbəl	𐑱𐑚𐑩𐑤	1
affix-spec	-ably	UNC	UNC	əbli	𐑩𐑚𐑤𐑦			89
affix-spec	-aceous	UNC	UNC	ˈeɪʃəs	𐑱𐑖𐑩𐑕			89
affix-spec	-acy	UNC	UNC	-asiː	-𐑨𐑕𐑰			89
affix-spec	-adol-	UNC	UNC	ˈædəl	𐑨𐑛𐑩𐑤			89
affix-spec	-ae	UNC	UNC	iː	𐑰	iː	𐑰	89
affix-spec	-ae	UNC	UNC	aɪ	𐑲	iː	𐑰	89
affix-spec	-ae	UNC	UNC	eɪ	𐑱	iː	𐑰	89
affix-spec	-afil	UNC	UNC	əfɪl	𐑩𐑓𐑦𐑤			89
affix-spec	-age	UNC	UNC	ɪdʒ	𐑦𐑡	eɪdʒ	𐑱𐑡	89
affix-spec	-age	UNC	UNC	ədʒ	𐑩𐑡	eɪdʒ	𐑱𐑡	89
affix-spec	-age	UNC	UNC	eːdʒ	𐑧ː𐑡	eɪdʒ	𐑱𐑡	1
affix-spec	-age	UNC	UNC	ɑːdʒ	𐑭𐑡	eɪdʒ	𐑱𐑡	89
affix-spec	-al	UNC	UNC	əl	𐑩𐑤	æl	𐑨𐑤	89
affix-spec	-al	UNC	UNC	l	𐑤	æl	𐑨𐑤	89
affix-spec	-al	UNC	UNC	æl	𐑨𐑤	æl	𐑨𐑤	89
affix-spec	-ality	UNC	UNC	-ˈælɪtɪ	-𐑨𐑤𐑦𐑑𐑦			89
affix-spec	-ally	UNC	UNC	li	𐑤𐑦	ˈæli	𐑨𐑤𐑦	89
affix-spec	-ally	UNC	UNC	əli	𐑩𐑤𐑦	ˈæli	𐑨𐑤𐑦	89
affix-spec	-alog	UNC	UNC	əˌlɑɡ	𐑩𐑤ɑ𐑜			1
affix-spec	-alogue	UNC	UNC	əˌlɑɡ	𐑩𐑤ɑ𐑜			1
affix-spec	-alogue	UNC	UNC	əˌlɒɡ	𐑩𐑤𐑪𐑜			89
affix-spec	-alogue	UNC	UNC	əˌlɞ̠ɡ	𐑩𐑤ɞ̠𐑜			1
affix-spec	-alogue	UNC	UNC	əˌlɔ̟ɡ	𐑩𐑤𐑷̟𐑜			1
affix-spec	-ance	UNC	UNC	-əns	-𐑩𐑯𐑕			89
affix-spec	-ancy	UNC	UNC	ənsi	𐑩𐑯𐑕𐑦			89
affix-spec	-ane	UNC	UNC	eɪn	𐑱𐑯			89
affix-spec	-aneous	UNC	UNC	-ˈeɪnɪəs	-𐑱𐑯𐑾𐑕			89
affix-spec	-ant	UNC	UNC	ənt	𐑩𐑯𐑑	ænt	𐑨𐑯𐑑	89
affix-spec	-apalooza	UNC	UNC	əpəluzə	𐑩𐑐𐑩𐑤𐑫𐑟𐑩			89
affix-spec	-apalooza	UNC	UNC	əpəlʊzə	𐑩𐑐𐑩𐑤𐑫𐑟𐑩			89
affix-spec	-apine	UNC	UNC	əpiːn	𐑩𐑐𐑰𐑯			89
affix-spec	-ase	UNC	UNC	-ˌeɪs	-𐑱𐑕			89
affix-spec	-ase	UNC	UNC	-ˌeɪz	-𐑱𐑟			89
affix-spec	-ase	UNC	UNC	-ˌæɪs	-𐑨𐑦𐑕			89
affix-spec	-ase	UNC	UNC	-ˌæɪz	-𐑨𐑦𐑟			89
affix-spec	-ase	UNC	UNC	-ˌes	-𐑧𐑕			89
affix-spec	-ase	UNC	UNC	-ˌez	-𐑧𐑟			89
affix-spec	-ase	UNC	UNC	-ˌeːs	-𐑧ː𐑕			1
affix-spec	-ase	UNC	UNC	-ˌeːz	-𐑧ː𐑟			1
affix-spec	-astic	UNC	UNC	æstɪk	𐑨𐑕𐑑𐑦𐑒			89
affix-spec	-ate	UNC	UNC	ət	𐑩𐑑	eɪt	𐑱𐑑	89
affix-spec	-ate	UNC	UNC	eɪt	𐑱𐑑	eɪt	𐑱𐑑	89
affix-spec	-atim	UNC	UNC	-eɪtɪm	-𐑱𐑑𐑦𐑥			89
affix-spec	-ation	UNC	UNC	ˈeɪʃən	𐑱𐑖𐑩𐑯			89
affix-spec	-ation	UNC	UNC	ˈæɪʃən	𐑨𐑦𐑖𐑩𐑯			89
affix-spec	-ation	UNC	UNC	ˈeʃən	𐑧𐑖𐑩𐑯			89
affix-spec	-ation	UNC	UNC	ˈeːʃon	𐑧ː𐑖𐑪𐑯			1
affix-spec	-ations	UNC	UNC	ˈeɪʃənz	𐑱𐑖𐑩𐑯𐑟			89
affix-spec	-ations	UNC	UNC	ˈæɪʃənz	𐑨𐑦𐑖𐑩𐑯𐑟			89
affix-spec	-ations	UNC	UNC	ˈeʃənz	𐑧𐑖𐑩𐑯𐑟			89
affix-spec	-ations	UNC	UNC	ˈeːʃonz	𐑧ː𐑖𐑪𐑯𐑟			1
affix-spec	-azam	UNC	UNC	əzæm	𐑩𐑟𐑨𐑥			89
affix-spec	-azenil	UNC	UNC	ˈæzənɪl	𐑨𐑟𐑩𐑯𐑦𐑤			89
affix-spec	-azosin	UNC	UNC	ˈeɪzəsɪn	𐑱𐑟𐑩𐑕𐑦𐑯			89
affix-spec	-ba-	UNC	UNC	ˈbæ	𐑚𐑨	p˭ɑ˨	𐑐˭ɑ˨	89
affix-spec	-bac-	UNC	UNC	ˈbæk	𐑚𐑨𐑒			89
affix-spec	-bac-	UNC	UNC	ˈbæs	𐑚𐑨𐑕			89
affix-spec	-bactam	UNC	UNC	ˈbæktæm	𐑚𐑨𐑒𐑑𐑨𐑥			89
affix-spec	-bamate	UNC	UNC	bəmeɪt	𐑚𐑩𐑥𐑱𐑑			89
affix-spec	-borough	UNC	UNC	-brɘ	-𐑚𐑮ɘ	bɝoʊ	𐑚ɝ𐑴	1
affix-spec	-borough	UNC	UNC	-bɘrɘ	-𐑚ɘ𐑮ɘ	bɝoʊ	𐑚ɝ𐑴	1
affix-spec	-bradine	UNC	UNC	brədiːn	𐑚𐑮𐑩𐑛𐑰𐑯			89
affix-spec	-bury	UNC	UNC	-bri	-𐑚𐑮𐑦	beri	𐑚𐑧𐑮𐑦	89
affix-spec	-bury	UNC	UNC	-bɘri	-𐑚ɘ𐑮𐑦	beri	𐑚𐑧𐑮𐑦	1
affix-spec	-cain-	UNC	UNC	keɪn	𐑒𐑱𐑯	keɪn	𐑒𐑱𐑯	89
affix-spec	-calci-	UNC	UNC	kælsɪ	𐑒𐑨𐑤𐑕𐑦			89
affix-spec	-cation	UNC	UNC	ˈkeɪʃən	𐑒𐑱𐑖𐑩𐑯	ˈkætˌaɪən	𐑒𐑨𐑑𐑲𐑩𐑯	89
affix-spec	-cc	UNC	UNC	k	𐑒	siːˈsiː	𐑕𐑰𐑕𐑰	89
affix-spec	-centric	UNC	UNC	sentrɪk	𐑕𐑧𐑯𐑑𐑮𐑦𐑒	sentrɪk	𐑕𐑧𐑯𐑑𐑮𐑦𐑒	89
affix-spec	-centrism	UNC	UNC	sentrɪzm	𐑕𐑧𐑯𐑑𐑮𐑦𐑟𐑥			89
affix-spec	-ces	UNC	UNC	siːz	𐑕𐑰𐑟			89
affix-spec	-cest	UNC	UNC	-sest	-𐑕𐑧𐑕𐑑	sest	𐑕𐑧𐑕𐑑	89
affix-spec	-cest	UNC	UNC	-sɜːsʈ	-𐑕𐑻𐑕ʈ	sest	𐑕𐑧𐑕𐑑	1
affix-spec	-chory	UNC	UNC	kɔriː	𐑒𐑷𐑮𐑰			89
affix-spec	-ci-	UNC	UNC	ˈsɪ	𐑕𐑦			89
affix-spec	-cide	UNC	UNC	-saɪd	-𐑕𐑲𐑛			89
affix-spec	-cillin	UNC	UNC	ˈsɪlɪn	𐑕𐑦𐑤𐑦𐑯			89
affix-spec	-cir-	UNC	UNC	sɪr	𐑕𐑦𐑮			89
affix-spec	-citabine	UNC	UNC	ˈsaɪtəbiːn	𐑕𐑲𐑑𐑩𐑚𐑰𐑯			89
affix-spec	-clidine	UNC	UNC	klɪdiːn	𐑒𐑤𐑦𐑛𐑰𐑯			89
affix-spec	-clidinium	UNC	UNC	klɪˈdɪniəm	𐑒𐑤𐑦𐑛𐑦𐑯𐑦𐑩𐑥			89
affix-spec	-cracy	UNC	UNC	-krəsi	-𐑒𐑮𐑩𐑕𐑦			89
affix-spec	-crasy	UNC	UNC	-krəsi	-𐑒𐑮𐑩𐑕𐑦			89
affix-spec	-crat	UNC	UNC	-kræt	-𐑒𐑮𐑨𐑑			89
affix-spec	-crine	UNC	UNC	kriːn	𐑒𐑮𐑰𐑯	kraɪn	𐑒𐑮𐑲𐑯	89
affix-spec	-cy	UNC	UNC	-si	-𐑕𐑦	saɪ	𐑕𐑲	89
affix-spec	-cycline	UNC	UNC	ˈsaɪkliːn	𐑕𐑲𐑒𐑤𐑰𐑯			89
affix-spec	-cyte	UNC	UNC	-ˌsaɪt	-𐑕𐑲𐑑			89
affix-spec	-cyte	UNC	UNC	-ˌsɑɪt	-𐑕ɑ𐑦𐑑			1
affix-spec	-cyte	UNC	UNC	-ˌsajʈ	-𐑕𐑨𐑘ʈ			1
affix-spec	-dan	UNC	UNC	dæn	𐑛𐑨𐑯	dæn	𐑛𐑨𐑯	89
affix-spec	-dar	UNC	UNC	-dʌː	-𐑛𐑳ː	dɑːr	𐑛𐑸	1
affix-spec	-dar	UNC	UNC	-dar	-𐑛𐑨𐑮	dɑːr	𐑛𐑸	89
affix-spec	-dar	UNC	UNC	-ɖɑːRɾ	-ɖ𐑸ɾ	dɑːr	𐑛𐑸	1
affix-spec	-desis	UNC	UNC	-ˌdɪsɪs	-𐑛𐑦𐑕𐑦𐑕			89
affix-spec	-desis	UNC	UNC	-ˈdiːsɪs	-𐑛𐑰𐑕𐑦𐑕			89
affix-spec	-dil	UNC	UNC	dɪl	𐑛𐑦𐑤			89
affix-spec	-dil-	UNC	UNC	dɪl	𐑛𐑦𐑤			89
affix-spec	-dives	UNC	UNC	diːvz	𐑛𐑰𐑝𐑟	ˈdaɪvz	𐑛𐑲𐑝𐑟	89
affix-spec	-dives	UNC	UNC	daɪvz	𐑛𐑲𐑝𐑟	ˈdaɪvz	𐑛𐑲𐑝𐑟	89
affix-spec	-dives	UNC	UNC	dɪvz	𐑛𐑦𐑝𐑟	ˈdaɪvz	𐑛𐑲𐑝𐑟	89
affix-spec	-dom	UNC	UNC	-dəm	-𐑛𐑩𐑥	dɔm	𐑛𐑷𐑥	89
affix-spec	-dralazine	UNC	UNC	dræləziːn	𐑛𐑮𐑨𐑤𐑩𐑟𐑰𐑯			89
affix-spec	-dyl	UNC	UNC	dɪl	𐑛𐑦𐑤			89
affix-spec	-ean	UNC	UNC	-ˈiːən	-𐑰𐑩𐑯			89
affix-spec	-ean	UNC	UNC	-iən	-𐑦𐑩𐑯			89
affix-spec	-ectomy	UNC	UNC	-ˈektəmi	-𐑧𐑒𐑑𐑩𐑥𐑦	ˈektəmi	𐑧𐑒𐑑𐑩𐑥𐑦	89
affix-spec	-ed	UNC	UNC	d	𐑛	ed	𐑧𐑛	89
affix-spec	-ed	UNC	UNC	t	𐑑	ed	𐑧𐑛	89
affix-spec	-ed	UNC	UNC	əd	𐑩𐑛	ed	𐑧𐑛	89
affix-spec	-ed	UNC	UNC	dəd	𐑛𐑩𐑛	ed	𐑧𐑛	89
affix-spec	-eezy	UNC	UNC	iːzi	𐑰𐑟𐑦			89
affix-spec	-eh	UNC	UNC	e	𐑧	eɪ	𐑱	89
affix-spec	-eh	UNC	UNC	i	𐑦	eɪ	𐑱	89
affix-spec	-ein	UNC	UNC	iːɪn	𐑰𐑦𐑯			89
affix-spec	-eine	UNC	UNC	iːːn	𐑰ː𐑯			1
affix-spec	-el	UNC	UNC	əl	𐑩𐑤	ˈel	𐑧𐑤	89
affix-spec	-eme	UNC	UNC	-iːm	-𐑰𐑥	ˈeɪmeɪ	𐑱𐑥𐑱	89
affix-spec	-en	UNC	UNC	ən	𐑩𐑯	ˈen	𐑧𐑯	89
affix-spec	-ence	UNC	UNC	əns	𐑩𐑯𐑕			89
affix-spec	-ence	UNC	UNC	ənts	𐑩𐑯𐑑𐑕			89
affix-spec	-ent	UNC	UNC	ənt	𐑩𐑯𐑑	ent	𐑧𐑯𐑑	89
affix-spec	-ent	UNC	UNC	əɳʈ	𐑩ɳʈ	ent	𐑧𐑯𐑑	1
affix-spec	-entan	UNC	UNC	ˈentæn	𐑧𐑯𐑑𐑨𐑯			89
affix-spec	-ery	UNC	UNC	əri	𐑼𐑦			89
affix-spec	-es	UNC	UNC	-əz	-𐑩𐑟			89
affix-spec	-es	UNC	UNC	-ɪz	-𐑦𐑟			89
affix-spec	-es	UNC	UNC	-z	-𐑟			89
affix-spec	-esce	UNC	UNC	-ˈes	-𐑧𐑕			89
affix-spec	-esque	UNC	UNC	esk	𐑧𐑕𐑒			89
affix-spec	-ess	UNC	UNC	es	𐑧𐑕	ˈes	𐑧𐑕	89
affix-spec	-ess	UNC	UNC	ɪs	𐑦𐑕	ˈes	𐑧𐑕	89
affix-spec	-ess	UNC	UNC	əs	𐑩𐑕	ˈes	𐑧𐑕	89
affix-spec	-est	UNC	UNC	ɪst	𐑦𐑕𐑑	est	𐑧𐑕𐑑	89
affix-spec	-est	UNC	UNC	əst	𐑩𐑕𐑑	est	𐑧𐑕𐑑	89
affix-spec	-estr-	UNC	UNC	estr	𐑧𐑕𐑑𐑮			89
affix-spec	-eth	UNC	UNC	-əθ	-𐑩𐑔	eð	𐑧𐑞	89
affix-spec	-eth	UNC	UNC	ɪθ	𐑦𐑔	eð	𐑧𐑞	89
affix-spec	-ethidine	UNC	UNC	ˈeθɪdiːn	𐑧𐑔𐑦𐑛𐑰𐑯			89
affix-spec	-etic	UNC	UNC	ˈetɪk	𐑧𐑑𐑦𐑒	ˈetɪk	𐑧𐑑𐑦𐑒	89
affix-spec	-ette	UNC	UNC	et	𐑧𐑑			89
affix-spec	-exia	UNC	UNC	-ˈeksiə	-𐑧𐑒𐑕𐑦𐑩			89
affix-spec	-f	UNC	UNC	f	𐑓	ef	𐑧𐑓	89
affix-spec	-fenac	UNC	UNC	fənæk	𐑓𐑩𐑯𐑨𐑒			89
affix-spec	-fentanil	UNC	UNC	ˈfentənɪl	𐑓𐑧𐑯𐑑𐑩𐑯𐑦𐑤			89
affix-spec	-ferous	UNC	UNC	-fərəRs	-𐑓𐑼𐑼𐑕	fɪərəs	𐑓𐑽𐑩𐑕	89
affix-spec	-fest	UNC	UNC	-ˌfest	-𐑓𐑧𐑕𐑑	fest	𐑓𐑧𐑕𐑑	89
affix-spec	-fiban	UNC	UNC	ˈfaɪbæn	𐑓𐑲𐑚𐑨𐑯			89
affix-spec	-fibrate	UNC	UNC	faɪbreɪt	𐑓𐑲𐑚𐑮𐑱𐑑			89
affix-spec	-fication	UNC	UNC	fɪˈkeɪʃən	𐑓𐑦𐑒𐑱𐑖𐑩𐑯			89
affix-spec	-free	UNC	UNC	friː	𐑓𐑮𐑰	friː	𐑓𐑮𐑰	89
affix-spec	-frine	UNC	UNC	frɪn	𐑓𐑮𐑦𐑯			89
affix-spec	-ful	UNC	UNC	fʊl	𐑓𐑫𐑤			89
affix-spec	-ful	UNC	UNC	fəl	𐑓𐑩𐑤			89
affix-spec	-fungin	UNC	UNC	ˈfʌndʒɪn	𐑓𐑳𐑯𐑡𐑦𐑯			89
affix-spec	-fy	UNC	UNC	faɪ	𐑓𐑲			89
affix-spec	-gab-	UNC	UNC	ɡæb	𐑜𐑨𐑚	ɡæb	𐑜𐑨𐑚	89
affix-spec	-gab-	UNC	UNC	ɡəb	𐑜𐑩𐑚	ɡæb	𐑜𐑨𐑚	89
affix-spec	-gamous	UNC	UNC	-ɡəməs	-𐑜𐑩𐑥𐑩𐑕			89
affix-spec	-gamy	UNC	UNC	-ɡəmi	-𐑜𐑩𐑥𐑦			89
affix-spec	-gatran	UNC	UNC	ɡətræn	𐑜𐑩𐑑𐑮𐑨𐑯			89
affix-spec	-gatran	UNC	UNC	ɡætræn	𐑜𐑨𐑑𐑮𐑨𐑯			89
affix-spec	-geddon	UNC	UNC	ˈɡedən	𐑜𐑧𐑛𐑩𐑯			89
affix-spec	-genic	UNC	UNC	-ˈdʒenɪk	-𐑡𐑧𐑯𐑦𐑒	ˈdʒiːnɪk	𐑡𐑰𐑯𐑦𐑒	89
affix-spec	-gest	UNC	UNC	dʒest	𐑡𐑧𐑕𐑑	dʒest	𐑡𐑧𐑕𐑑	89
affix-spec	-gestr-	UNC	UNC	dʒestr	𐑡𐑧𐑕𐑑𐑮			89
affix-spec	-giline	UNC	UNC	dʒɪliːn	𐑡𐑦𐑤𐑰𐑯			89
affix-spec	-gliptin	UNC	UNC	ˈɡlɪptɪn	𐑜𐑤𐑦𐑐𐑑𐑦𐑯	ˈɡlɪptɪn	𐑜𐑤𐑦𐑐𐑑𐑦𐑯	89
affix-spec	-glutide	UNC	UNC	ˈɡluːtaɪd	𐑜𐑤𐑵𐑑𐑲𐑛			89
affix-spec	-golide	UNC	UNC	ɡəlaɪd	𐑜𐑩𐑤𐑲𐑛			89
affix-spec	-gram	UNC	UNC	ɡræm	𐑜𐑮𐑨𐑥	ɡræm	𐑜𐑮𐑨𐑥	89
affix-spec	-gram	UNC	UNC	ɡreəRm	𐑜𐑮𐑺𐑥	ɡræm	𐑜𐑮𐑨𐑥	89
affix-spec	-graphy	UNC	UNC	-ɡrəfi	-𐑜𐑮𐑩𐑓𐑦			89
affix-spec	-graphy	UNC	UNC	-ɡrafi	-𐑜𐑮𐑨𐑓𐑦			89
affix-spec	-graphy	UNC	UNC	ɡræːfi ~ ɡræːphi	𐑜𐑮𐑨ː𐑓𐑦 ~ 𐑜𐑮𐑨ː𐑐𐑣𐑦			1
affix-spec	-grel	UNC	UNC	ɡrel	𐑜𐑮𐑧𐑤			89
affix-spec	-grel-	UNC	UNC	ɡrel	𐑜𐑮𐑧𐑤			89
affix-spec	-hon	NN1	UNC	-hɔn	-𐑣𐑷𐑯	hʌn	𐑣𐑳𐑯	89
affix-spec	-hood	UNC	UNC	hʊd	𐑣𐑫𐑛	hʊd	𐑣𐑫𐑛	89
affix-spec	-hub	UNC	UNC	hʌb	𐑣𐑳𐑚	hʌb	𐑣𐑳𐑚	89
affix-spec	-i	UNC	UNC	iː	𐑰	aɪ	𐑲	89
affix-spec	-i	UNC	UNC	aɪ	𐑲	aɪ	𐑲	89
affix-spec	-ial	UNC	UNC	-iːal	-𐑰𐑨𐑤			89
affix-spec	-ials	UNC	UNC	-iːalz	-𐑰𐑨𐑤𐑟			89
affix-spec	-ian	UNC	UNC	iən	𐑦𐑩𐑯	ˈiːən	𐑰𐑩𐑯	89
affix-spec	-ian	UNC	UNC	jən	𐑘𐑩𐑯	ˈiːən	𐑰𐑩𐑯	89
affix-spec	-iases	UNC	UNC	ˈaɪəsiz	𐑲𐑩𐑕𐑦𐑟			89
affix-spec	-ibility	UNC	UNC	-ɪˈbɪlɪti	-𐑦𐑚𐑦𐑤𐑦𐑑𐑦			89
affix-spec	-ibility	UNC	UNC	-ɪˈbɪləti	-𐑦𐑚𐑦𐑤𐑩𐑑𐑦			89
affix-spec	-ible	UNC	UNC	ɪbəl	𐑦𐑚𐑩𐑤			89
affix-spec	-ible	UNC	UNC	əbəl	𐑩𐑚𐑩𐑤			89
affix-spec	-ic	UNC	UNC	ɪk	𐑦𐑒			89
affix-spec	-ic	UNC	UNC	ək	𐑩𐑒			89
affix-spec	-ical	UNC	UNC	ɪkəl	𐑦𐑒𐑩𐑤			89
affix-spec	-icam	UNC	UNC	ɪkæm	𐑦𐑒𐑨𐑥			89
affix-spec	-icase	UNC	UNC	ɪkeɪs	𐑦𐑒𐑱𐑕			89
affix-spec	-ication	UNC	UNC	ɪˈkeɪʃən	𐑦𐑒𐑱𐑖𐑩𐑯			89
affix-spec	-ician	UNC	UNC	-ˈɪʃən	-𐑦𐑖𐑩𐑯			89
affix-spec	-icism	UNC	UNC	ɪsɪzem	𐑦𐑕𐑦𐑟𐑧𐑥			89
affix-spec	-icity	UNC	UNC	ɪsɪti	𐑦𐑕𐑦𐑑𐑦			89
affix-spec	-id	UNC	UNC	ɪd	𐑦𐑛	aɪˈdiː	𐑲𐑛𐑰	89
affix-spec	-ide	UNC	UNC	aɪd	𐑲𐑛	aɪd	𐑲𐑛	89
affix-spec	-idene	UNC	UNC	ɪdiːn	𐑦𐑛𐑰𐑯			89
affix-spec	-ifene	UNC	UNC	ɪfiːn	𐑦𐑓𐑰𐑯			89
affix-spec	-iferous	UNC	UNC	-ɪfərəRs	-𐑦𐑓𐑼𐑼𐑕			89
affix-spec	-ification	UNC	UNC	ɪfɪˈkeɪʃən	𐑦𐑓𐑦𐑒𐑱𐑖𐑩𐑯			89
affix-spec	-ify	UNC	UNC	ɪfaɪ	𐑦𐑓𐑲			89
affix-spec	-ii	UNC	UNC	aɪ	𐑲			89
affix-spec	-ii	UNC	UNC	iaɪ	𐑦𐑲			89
affix-spec	-ii	UNC	UNC	iː	𐑰			89
affix-spec	-imibe	UNC	UNC	ɪmɪb	𐑦𐑥𐑦𐑚			89
affix-spec	-imibe	UNC	UNC	ɪmaɪb	𐑦𐑥𐑲𐑚			89
affix-spec	-imus	UNC	UNC	ɪməs	𐑦𐑥𐑩𐑕			89
affix-spec	-ine	UNC	UNC	-aɪn	-𐑲𐑯			89
affix-spec	-ine	UNC	UNC	-iːn	-𐑰𐑯			89
affix-spec	-ine	UNC	UNC	-ɪn~-ən	-𐑦𐑯~-𐑩𐑯			1
affix-spec	-ing	UNC	UNC	ɪŋ	𐑦𐑙	ɪŋ	𐑦𐑙	89
affix-spec	-ing	UNC	UNC	iŋ	𐑦𐑙	ɪŋ	𐑦𐑙	89
affix-spec	-ing	UNC	UNC	ɪn	𐑦𐑯	ɪŋ	𐑦𐑙	89
affix-spec	-ing	UNC	UNC	in	𐑦𐑯	ɪŋ	𐑦𐑙	89
affix-spec	-ing	UNC	UNC	ən	𐑩𐑯	ɪŋ	𐑦𐑙	89
affix-spec	-ing	UNC	UNC	ɪŋɡ	𐑦𐑙𐑜	ɪŋ	𐑦𐑙	89
affix-spec	-ing	UNC	UNC	ɪŋk	𐑦𐑙𐑒	ɪŋ	𐑦𐑙	89
affix-spec	-iod-	UNC	UNC	aɪəd	𐑲𐑩𐑛			89
affix-spec	-irudin	UNC	UNC	ɪruːdɪn	𐑦𐑮𐑵𐑛𐑦𐑯			89
affix-spec	-ish	UNC	UNC	əʃ	𐑩𐑖	ɪʃ	𐑦𐑖	89
affix-spec	-ish	UNC	UNC	iʃ	𐑦𐑖	ɪʃ	𐑦𐑖	89
affix-spec	-ism	UNC	UNC	-ɪzəm	-𐑦𐑟𐑩𐑥	ˈɪzəm	𐑦𐑟𐑩𐑥	89
affix-spec	-ism	UNC	UNC	ɪzəm	𐑦𐑟𐑩𐑥	ˈɪzəm	𐑦𐑟𐑩𐑥	89
affix-spec	-ism	NN1	UNC	-ɪzəm	-𐑦𐑟𐑩𐑥	ˈɪzəm	𐑦𐑟𐑩𐑥	89
affix-spec	-ism	NN1	UNC	ɪzəm	𐑦𐑟𐑩𐑥	ˈɪzəm	𐑦𐑟𐑩𐑥	89
affix-spec	-ist	UNC	UNC	-ɪst	-𐑦𐑕𐑑	ɪst	𐑦𐑕𐑑	89
affix-spec	-ist	UNC	UNC	-əst	-𐑩𐑕𐑑	ɪst	𐑦𐑕𐑑	89
affix-spec	-ista	UNC	UNC	-ˈiːstə	-𐑰𐑕𐑑𐑩			89
affix-spec	-ista	UNC	UNC	-ˈɪstə	-𐑦𐑕𐑑𐑩			89
affix-spec	-ite	UNC	UNC	-aɪt	-𐑲𐑑	ˌaɪ tiː ˈiː	𐑲 𐑑𐑰 𐑰	89
affix-spec	-ite	UNC	UNC	-ɪt	-𐑦𐑑	ˌaɪ tiː ˈiː	𐑲 𐑑𐑰 𐑰	89
affix-spec	-ites	UNC	UNC	-aɪts	-𐑲𐑑𐑕			89
affix-spec	-ites	UNC	UNC	-ˈaɪtiːz	-𐑲𐑑𐑰𐑟			89
affix-spec	-itides	UNC	UNC	-ˈaɪtɪdiːz	-𐑲𐑑𐑦𐑛𐑰𐑟			89
affix-spec	-ition	UNC	UNC	ˈɪʃən	𐑦𐑖𐑩𐑯			89
affix-spec	-itis	UNC	UNC	-ˈaɪtɪs	-𐑲𐑑𐑦𐑕	ˈaɪtɪs	𐑲𐑑𐑦𐑕	89
affix-spec	-ity	UNC	UNC	əti	𐑩𐑑𐑦			89
affix-spec	-ity	UNC	UNC	əɾi	𐑩ɾ𐑦			1
affix-spec	-ity	UNC	UNC	ɪʈi	𐑦ʈ𐑦			1
affix-spec	-ive	UNC	UNC	ɪv	𐑦𐑝			89
affix-spec	-izine	UNC	UNC	ɪziːn	𐑦𐑟𐑰𐑯			89
affix-spec	-izzle	UNC	UNC	-ˈɪzəl	-𐑦𐑟𐑩𐑤			89
affix-spec	-izzle	UNC	UNC	-l	-𐑤			89
affix-spec	-izzy	UNC	UNC	-ɪzi	-𐑦𐑟𐑦	ˈɪzi	𐑦𐑟𐑦	89
affix-spec	-kacin	UNC	UNC	ˈkeɪsɪn	𐑒𐑱𐑕𐑦𐑯			89
affix-spec	-kinra	UNC	UNC	kɪnrə	𐑒𐑦𐑯𐑮𐑩			89
affix-spec	-land	UNC	UNC	lənd	𐑤𐑩𐑯𐑛	lænd	𐑤𐑨𐑯𐑛	89
affix-spec	-land	UNC	UNC	lɪnd	𐑤𐑦𐑯𐑛	lænd	𐑤𐑨𐑯𐑛	89
affix-spec	-land	UNC	UNC	lænd	𐑤𐑨𐑯𐑛	lænd	𐑤𐑨𐑯𐑛	89
affix-spec	-later	UNC	UNC	-ləRtər	-𐑤𐑼𐑑𐑼			89
affix-spec	-latry	UNC	UNC	-lətri	-𐑤𐑩𐑑𐑮𐑦			89
affix-spec	-le	UNC	UNC	əl	𐑩𐑤	lə	𐑤𐑩	89
affix-spec	-lect	UNC	UNC	lekt	𐑤𐑧𐑒𐑑	lekt	𐑤𐑧𐑒𐑑	89
affix-spec	-less	UNC	UNC	ləs	𐑤𐑩𐑕	les	𐑤𐑧𐑕	89
affix-spec	-let	UNC	UNC	-lət	-𐑤𐑩𐑑	let	𐑤𐑧𐑑	89
affix-spec	-li-	UNC	UNC	ˈlɪ	𐑤𐑦	liː	𐑤𐑰	89
affix-spec	-lim-	UNC	UNC	ˈlɪm	𐑤𐑦𐑥			89
affix-spec	-ling	UNC	UNC	lɪŋ	𐑤𐑦𐑙	lɪŋ	𐑤𐑦𐑙	89
affix-spec	-lite	UNC	UNC	-ˌlaɪt	-𐑤𐑲𐑑	laɪt	𐑤𐑲𐑑	89
affix-spec	-log	UNC	UNC	ˌlɑɡ	𐑤ɑ𐑜	lɑɡ	𐑤ɑ𐑜	1
affix-spec	-logist	UNC	UNC	-lədʒɪst	-𐑤𐑩𐑡𐑦𐑕𐑑			89
affix-spec	-logue	UNC	UNC	ˌlɑɡ	𐑤ɑ𐑜			1
affix-spec	-logue	UNC	UNC	ˌlɒɡ	𐑤𐑪𐑜			89
affix-spec	-logue	UNC	UNC	ˌlɞ̠ɡ	𐑤ɞ̠𐑜			1
affix-spec	-logue	UNC	UNC	ˌlɔ̟ɡ	𐑤𐑷̟𐑜			1
affix-spec	-logy	UNC	UNC	-lədʒi	-𐑤𐑩𐑡𐑦	ˈloʊɡi	𐑤𐑴𐑜𐑦	89
affix-spec	-lukast	UNC	UNC	luːkæst	𐑤𐑵𐑒𐑨𐑕𐑑			89
affix-spec	-lutamide	UNC	UNC	ˈluːtəmaɪd	𐑤𐑵𐑑𐑩𐑥𐑲𐑛			89
affix-spec	-ly	UNC	UNC	li	𐑤𐑦			89
affix-spec	-ly	UNC	UNC	liː	𐑤𐑰			89
affix-spec	-lysis	UNC	UNC	-lɪsɪs	-𐑤𐑦𐑕𐑦𐑕			89
affix-spec	-mab	UNC	UNC	mæb	𐑥𐑨𐑚			89
affix-spec	-machy	UNC	UNC	məki	𐑥𐑩𐑒𐑦			89
affix-spec	-man	UNC	UNC	mən	𐑥𐑩𐑯	ˈmæn	𐑥𐑨𐑯	89
affix-spec	-man	UNC	UNC	mæn	𐑥𐑨𐑯	ˈmæn	𐑥𐑨𐑯	89
affix-spec	-maniac	UNC	UNC	-ˈmeɪniˌæk	-𐑥𐑱𐑯𐑦𐑨𐑒	ˈmeɪniˌæk	𐑥𐑱𐑯𐑦𐑨𐑒	89
affix-spec	-mantadine	UNC	UNC	ˈmæntədiːn	𐑥𐑨𐑯𐑑𐑩𐑛𐑰𐑯			89
affix-spec	-mastix	UNC	UNC	ˈmæstɪks	𐑥𐑨𐑕𐑑𐑦𐑒𐑕			89
affix-spec	-maxx	UNC	UNC	-mæks	-𐑥𐑨𐑒𐑕			89
affix-spec	-meal	UNC	UNC	miːl	𐑥𐑰𐑤	miːl	𐑥𐑰𐑤	89
affix-spec	-mestane	UNC	UNC	ˈmesteɪn	𐑥𐑧𐑕𐑑𐑱𐑯			89
affix-spec	-metacin	UNC	UNC	ˈmetəsɪn	𐑥𐑧𐑑𐑩𐑕𐑦𐑯			89
affix-spec	-metric	UNC	UNC	metrɪk	𐑥𐑧𐑑𐑮𐑦𐑒	metrɪk	𐑥𐑧𐑑𐑮𐑦𐑒	89
affix-spec	-micin	UNC	UNC	ˈmaɪsɪn	𐑥𐑲𐑕𐑦𐑯			89
affix-spec	-mifene	UNC	UNC	mɪfiːn	𐑥𐑦𐑓𐑰𐑯			89
affix-spec	-mobile	UNC	UNC	məbiːl	𐑥𐑩𐑚𐑰𐑤	ˈmoʊbil	𐑥𐑴𐑚𐑦𐑤	89
affix-spec	-most	UNC	UNC	ˌməʊst	𐑥𐑴𐑕𐑑	ˈmoːst	𐑥𐑪ː𐑕𐑑	89
affix-spec	-motide	UNC	UNC	mətaɪd	𐑥𐑩𐑑𐑲𐑛			89
affix-spec	-mycin	UNC	UNC	ˈmaɪsɪn	𐑥𐑲𐑕𐑦𐑯			89
affix-spec	-n't	UNC	UNC	ənt	𐑩𐑯𐑑			89
affix-spec	-nab	UNC	UNC	næb	𐑯𐑨𐑚	næb	𐑯𐑨𐑚	89
affix-spec	-nab	UNC	UNC	nəb	𐑯𐑩𐑚	næb	𐑯𐑨𐑚	89
affix-spec	-nab-	UNC	UNC	næb	𐑯𐑨𐑚	næb	𐑯𐑨𐑚	89
affix-spec	-nab-	UNC	UNC	nəb	𐑯𐑩𐑚	næb	𐑯𐑨𐑚	89
affix-spec	-nakinra	UNC	UNC	nəkɪnrə	𐑯𐑩𐑒𐑦𐑯𐑮𐑩			89
affix-spec	-ne	UNC	UNC	ni	𐑯𐑦	nə	𐑯𐑩	89
affix-spec	-ness	UNC	UNC	nes	𐑯𐑧𐑕	nes	𐑯𐑧𐑕	89
affix-spec	-ness	UNC	UNC	nəs	𐑯𐑩𐑕	nes	𐑯𐑧𐑕	89
affix-spec	-ness	UNC	UNC	nɘs	𐑯ɘ𐑕	nes	𐑯𐑧𐑕	1
affix-spec	-netant	UNC	UNC	nətənt	𐑯𐑩𐑑𐑩𐑯𐑑			89
affix-spec	-o	UNC	UNC	əʉ	𐑩ʉ	ʌ	𐑳	1
affix-spec	-o	UNC	UNC	æ̠ʉ~ʌʉ	𐑨̠ʉ~𐑳ʉ	ʌ	𐑳	1
affix-spec	-oid	UNC	UNC	-ɔɪd	-𐑶𐑛			89
affix-spec	-oid	UNC	UNC	-oɪd	-𐑪𐑦𐑛			89
affix-spec	-oma	UNC	UNC	ˈəʉmə	𐑩ʉ𐑥𐑩	ˈoʊmə	𐑴𐑥𐑩	1
affix-spec	-oma	UNC	UNC	ˈʌʉmə	𐑳ʉ𐑥𐑩	ˈoʊmə	𐑴𐑥𐑩	1
affix-spec	-oma	UNC	UNC	ˈomə	𐑪𐑥𐑩	ˈoʊmə	𐑴𐑥𐑩	89
affix-spec	-oma	UNC	UNC	ˈoːmə	𐑪ː𐑥𐑩	ˈoʊmə	𐑴𐑥𐑩	1
affix-spec	-ome	UNC	UNC	ˌəʉm	𐑩ʉ𐑥			1
affix-spec	-ome	UNC	UNC	ˌʌʉm	𐑳ʉ𐑥			1
affix-spec	-ome	UNC	UNC	ˌom	𐑪𐑥			89
affix-spec	-ome	UNC	UNC	ˌoːm	𐑪ː𐑥			1
affix-spec	-on	UNC	UNC	-ɒn	-𐑪𐑯	ɔn	𐑷𐑯	89
affix-spec	-on	UNC	UNC	-ən	-𐑩𐑯	ɔn	𐑷𐑯	89
affix-spec	-one	UNC	UNC	-əʊn	-𐑴𐑯	wʌn	𐑢𐑳𐑯	89
affix-spec	-oomer	UNC	UNC	uːmər	𐑵𐑥𐑼			89
affix-spec	-or	UNC	UNC	əR	𐑼	ər	𐑼	89
affix-spec	-osis	UNC	UNC	-əʉsɪs	-𐑩ʉ𐑕𐑦𐑕			1
affix-spec	-ous	UNC	UNC	-əs	-𐑩𐑕			89
affix-spec	-pagus	UNC	UNC	pəɡəs	𐑐𐑩𐑜𐑩𐑕			89
affix-spec	-pamil	UNC	UNC	pəmɪl	𐑐𐑩𐑥𐑦𐑤			89
affix-spec	-parin	UNC	UNC	pərɪn	𐑐𐑼𐑦𐑯			89
affix-spec	-parin	UNC	UNC	perɪn	𐑐𐑧𐑮𐑦𐑯			89
affix-spec	-parinux	UNC	UNC	perɪnʌks	𐑐𐑧𐑮𐑦𐑯𐑳𐑒𐑕			89
affix-spec	-pathic	UNC	UNC	ˈpæθɪk	𐑐𐑨𐑔𐑦𐑒			89
affix-spec	-pathic	UNC	UNC	ˈpeθək	𐑐𐑧𐑔𐑩𐑒			89
affix-spec	-pathy	UNC	UNC	-pəθi	-𐑐𐑩𐑔𐑦			89
affix-spec	-phage	UNC	UNC	feɪdʒ	𐑓𐑱𐑡	feɪdʒ	𐑓𐑱𐑡	89
affix-spec	-phagous	UNC	UNC	-fəɡəs	-𐑓𐑩𐑜𐑩𐑕			89
affix-spec	-phile	UNC	UNC	faɪl	𐑓𐑲𐑤			89
affix-spec	-philia	UNC	UNC	-ˈfɪliə	-𐑓𐑦𐑤𐑦𐑩	ˈfɪliə	𐑓𐑦𐑤𐑦𐑩	89
affix-spec	-philia	UNC	UNC	-ˈfiːliə	-𐑓𐑰𐑤𐑦𐑩	ˈfɪliə	𐑓𐑦𐑤𐑦𐑩	89
affix-spec	-phobe	UNC	UNC	-foʊb	-𐑓𐑴𐑚			89
affix-spec	-phony	UNC	UNC	-fəni	-𐑓𐑩𐑯𐑦			89
affix-spec	-phoresis	UNC	UNC	fəriːsɪs	𐑓𐑼𐑰𐑕𐑦𐑕	fəriːsis	𐑓𐑼𐑰𐑕𐑦𐑕	89
affix-spec	-phytes	UNC	UNC	faɪts	𐑓𐑲𐑑𐑕			89
affix-spec	-pidem	UNC	UNC	pɪdem	𐑐𐑦𐑛𐑧𐑥			89
affix-spec	-pine	UNC	UNC	piːn	𐑐𐑰𐑯	paɪn	𐑐𐑲𐑯	89
affix-spec	-pitant	UNC	UNC	pɪtənt	𐑐𐑦𐑑𐑩𐑯𐑑			89
affix-spec	-platin	UNC	UNC	ˈplætɪn	𐑐𐑤𐑨𐑑𐑦𐑯			89
affix-spec	-ple	UNC	UNC	pəl	𐑐𐑩𐑤			89
affix-spec	-plex	UNC	UNC	-pleks	-𐑐𐑤𐑧𐑒𐑕			89
affix-spec	-poride	UNC	UNC	pəraɪd	𐑐𐑼𐑲𐑛			89
affix-spec	-pramine	UNC	UNC	prəmiːn	𐑐𐑮𐑩𐑥𐑰𐑯			89
affix-spec	-pred-	UNC	UNC	pred	𐑐𐑮𐑧𐑛			89
affix-spec	-pride	UNC	UNC	praɪd	𐑐𐑮𐑲𐑛	praɪd	𐑐𐑮𐑲𐑛	89
affix-spec	-pril	UNC	UNC	prɪl	𐑐𐑮𐑦𐑤			89
affix-spec	-prilat	UNC	UNC	prɪlət	𐑐𐑮𐑦𐑤𐑩𐑑			89
affix-spec	-prim	UNC	UNC	prɪm	𐑐𐑮𐑦𐑥	prɪm	𐑐𐑮𐑦𐑥	89
affix-spec	-pristin	UNC	UNC	prɪstɪn	𐑐𐑮𐑦𐑕𐑑𐑦𐑯			89
affix-spec	-quinil	UNC	UNC	ˈkwɪnɪl	𐑒𐑢𐑦𐑯𐑦𐑤			89
affix-spec	-racil	UNC	UNC	rəsɪl	𐑮𐑩𐑕𐑦𐑤			89
affix-spec	-rel	UNC	UNC	rəl	𐑮𐑩𐑤			89
affix-spec	-relin	UNC	UNC	relɪn	𐑮𐑧𐑤𐑦𐑯			89
affix-spec	-reotide	UNC	UNC	riːətaɪd	𐑮𐑰𐑩𐑑𐑲𐑛			89
affix-spec	-ribine	UNC	UNC	rɪbiːn	𐑮𐑦𐑚𐑰𐑯			89
affix-spec	-ridden	UNC	UNC	rɪdən	𐑮𐑦𐑛𐑩𐑯	rɪdən	𐑮𐑦𐑛𐑩𐑯	89
affix-spec	-rise	UNC	UNC	raɪz	𐑮𐑲𐑟	raɪz	𐑮𐑲𐑟	89
affix-spec	-ritide	UNC	UNC	rɪtaɪd	𐑮𐑦𐑑𐑲𐑛			89
affix-spec	-rrhaphy	UNC	UNC	rəfɪ	𐑮𐑩𐑓𐑦			30
affix-spec	-rrhaphy	UNC	UNC	rəfi	𐑮𐑩𐑓𐑦			30
affix-spec	-rubicin	UNC	UNC	ruːbɪsɪn	𐑮𐑵𐑚𐑦𐑕𐑦𐑯			89
affix-spec	-ry	UNC	UNC	ri	𐑮𐑦			89
affix-spec	-s	UNC	UNC	s	𐑕	es	𐑧𐑕	89
affix-spec	-s	UNC	UNC	z	𐑟	es	𐑧𐑕	89
affix-spec	-s	UNC	UNC	ɪz	𐑦𐑟	es	𐑧𐑕	89
affix-spec	-s	UNC	UNC	əz	𐑩𐑟	es	𐑧𐑕	89
affix-spec	-s	VVI	UNC	s	𐑕	es	𐑧𐑕	89
affix-spec	-s	VVI	UNC	z	𐑟	es	𐑧𐑕	89
affix-spec	-s	VVI	UNC	ɪz	𐑦𐑟	es	𐑧𐑕	89
affix-spec	-s	VVI	UNC	əz	𐑩𐑟	es	𐑧𐑕	89
affix-spec	-sal	UNC	UNC	sæl	𐑕𐑨𐑤	sæl	𐑕𐑨𐑤	89
affix-spec	-sal-	UNC	UNC	sæl	𐑕𐑨𐑤	sæl	𐑕𐑨𐑤	89
affix-spec	-sal-	UNC	UNC	səl	𐑕𐑩𐑤	sæl	𐑕𐑨𐑤	89
affix-spec	-salan	UNC	UNC	səlæn	𐑕𐑩𐑤𐑨𐑯			89
affix-spec	-salazide	UNC	UNC	ˈsæləzaɪd	𐑕𐑨𐑤𐑩𐑟𐑲𐑛			89
affix-spec	-salazine	UNC	UNC	ˈsæləziːn	𐑕𐑨𐑤𐑩𐑟𐑰𐑯			89
affix-spec	-sauce	UNC	UNC	-sɔːs	-𐑕𐑷𐑕	sos	𐑕𐑪𐑕	89
affix-spec	-saurus	UNC	UNC	sɔːrəRs	𐑕𐑹𐑼𐑕			89
affix-spec	-scopy	UNC	UNC	-skəpi	-𐑕𐑒𐑩𐑐𐑦			89
affix-spec	-se	UNC	UNC	-n-s	-𐑯-𐑕	se	𐑕𐑧	89
affix-spec	-se	UNC	UNC	-n-z	-𐑯-𐑟	se	𐑕𐑧	89
affix-spec	-se	UNC	UNC	-s	-𐑕	se	𐑕𐑧	89
affix-spec	-se	UNC	UNC	-ʒ	-𐑠	se	𐑕𐑧	89
affix-spec	-se	UNC	UNC	-d-ʒ	-𐑛-𐑠	se	𐑕𐑧	89
affix-spec	-self	UNC	UNC	ˈself	𐑕𐑧𐑤𐑓	ˈself	𐑕𐑧𐑤𐑓	89
affix-spec	-self	UNC	UNC	ˈsel	𐑕𐑧𐑤	ˈself	𐑕𐑧𐑤𐑓	89
affix-spec	-selves	UNC	UNC	ˈselvz	𐑕𐑧𐑤𐑝𐑟			89
affix-spec	-selves	UNC	UNC	ˈselz	𐑕𐑧𐑤𐑟			89
affix-spec	-ses	UNC	UNC	siːz	𐑕𐑰𐑟			89
affix-spec	-ses	UNC	UNC	sƏz	𐑕𐑩𐑟			89
affix-spec	-set	UNC	UNC	set	𐑕𐑧𐑑	set	𐑕𐑧𐑑	89
affix-spec	-ship	UNC	UNC	ʃɪp	𐑖𐑦𐑐	ʃɪp	𐑖𐑦𐑐	89
affix-spec	-side	UNC	UNC	saɪd	𐑕𐑲𐑛	saɪd	𐑕𐑲𐑛	89
affix-spec	-sies	UNC	UNC	ziz	𐑟𐑦𐑟			89
affix-spec	-sies	UNC	UNC	siz	𐑕𐑦𐑟			89
affix-spec	-sion	UNC	UNC	ʒən	𐑠𐑩𐑯			89
affix-spec	-sky	UNC	UNC	-skaɪ	-𐑕𐑒𐑲	skaɪ	𐑕𐑒𐑲	89
affix-spec	-some	UNC	UNC	səm	𐑕𐑩𐑥	sʊm	𐑕𐑫𐑥	89
affix-spec	-some	UNC	UNC	soʊm	𐑕𐑴𐑥	sʊm	𐑕𐑫𐑥	89
affix-spec	-son	UNC	UNC	sən	𐑕𐑩𐑯	sʌn	𐑕𐑳𐑯	89
affix-spec	-stein	UNC	UNC	-staɪn	-𐑕𐑑𐑲𐑯	staɪn	𐑕𐑑𐑲𐑯	89
affix-spec	-stein	UNC	UNC	-stiːn	-𐑕𐑑𐑰𐑯	staɪn	𐑕𐑑𐑲𐑯	89
affix-spec	-steride	UNC	UNC	stəraɪd	𐑕𐑑𐑼𐑲𐑛			89
affix-spec	-stigmine	UNC	UNC	ˈstɪɡmiːn	𐑕𐑑𐑦𐑜𐑥𐑰𐑯			89
affix-spec	-tadine	UNC	UNC	tədiːn	𐑑𐑩𐑛𐑰𐑯			89
affix-spec	-tant	UNC	UNC	tənt	𐑑𐑩𐑯𐑑			89
affix-spec	-taph	UNC	UNC	ˈtæf	𐑑𐑨𐑓			89
affix-spec	-tepine	UNC	UNC	təpiːn	𐑑𐑩𐑐𐑰𐑯			89
affix-spec	-th	UNC	UNC	-θ	-𐑔			89
affix-spec	-tiazem	UNC	UNC	ˈtaɪəzem	𐑑𐑲𐑩𐑟𐑧𐑥			89
affix-spec	-tide	UNC	UNC	taɪd	𐑑𐑲𐑛	taɪd	𐑑𐑲𐑛	89
affix-spec	-tidine	UNC	UNC	tɪdiːn	𐑑𐑦𐑛𐑰𐑯			89
affix-spec	-tion	UNC	UNC	-ʃən	-𐑖𐑩𐑯	ˈtaɪən	𐑑𐑲𐑩𐑯	89
affix-spec	-tion	UNC	UNC	-tʃən	-𐑗𐑩𐑯	ˈtaɪən	𐑑𐑲𐑩𐑯	89
affix-spec	-tirelin	UNC	UNC	taɪrəRlɪn	𐑑𐑲𐑮𐑼𐑤𐑦𐑯			89
affix-spec	-tizolam	UNC	UNC	ˈtɪzəˌlæm	𐑑𐑦𐑟𐑩𐑤𐑨𐑥			89
affix-spec	-tizolam	UNC	UNC	ˈtaɪzəˌlæm	𐑑𐑲𐑟𐑩𐑤𐑨𐑥			89
affix-spec	-tomy	UNC	UNC	-təmi	-𐑑𐑩𐑥𐑦			89
affix-spec	-ton	UNC	UNC	tən	𐑑𐑩𐑯	tʌn	𐑑𐑳𐑯	89
affix-spec	-trakinra	UNC	UNC	trəkɪnrə	𐑑𐑮𐑩𐑒𐑦𐑯𐑮𐑩			89
affix-spec	-traline	UNC	UNC	trəliːn	𐑑𐑮𐑩𐑤𐑰𐑯			89
affix-spec	-trexate	UNC	UNC	trekseɪt	𐑑𐑮𐑧𐑒𐑕𐑱𐑑			89
affix-spec	-trigine	UNC	UNC	trɪdʒiːn	𐑑𐑮𐑦𐑡𐑰𐑯			89
affix-spec	-trix	UNC	UNC	trɪks	𐑑𐑮𐑦𐑒𐑕			89
affix-spec	-trophy	UNC	UNC	trəfi	𐑑𐑮𐑩𐑓𐑦	ʈɾɒfi	ʈɾ𐑪𐑓𐑦	89
affix-spec	-Tuber	UNC	UNC	tʃuːbəR	𐑗𐑵𐑚𐑼			89
affix-spec	-Tuber	UNC	UNC	tjuːbəR	𐑑𐑿𐑚𐑼			89
affix-spec	-ure	UNC	UNC	-ʊəR	-𐑫𐑼			89
affix-spec	-ure	UNC	UNC	-əR	-𐑼			89
affix-spec	-ure	UNC	UNC	-ər	-𐑼			89
affix-spec	-ure	UNC	UNC	-ʉːəR	-ʉː𐑼			1
affix-spec	-ure	UNC	UNC	-oː	-𐑪ː			1
affix-spec	-ure	UNC	UNC	-ʉr	-ʉ𐑮			1
affix-spec	-ure	UNC	UNC	-ʊwɜːRɾ	-𐑫𐑢𐑻ɾ			1
affix-spec	-ure	UNC	UNC	-oːɾ	-𐑪ːɾ			1
affix-spec	-ure	UNC	UNC	-uːɾ	-𐑵ɾ			1
affix-spec	-ure	UNC	UNC	-ɜːRɾ	-𐑻ɾ			1
affix-spec	-ure	UNC	UNC	-əɾ	-𐑩ɾ			1
affix-spec	-ussy	UNC	UNC	-ˈʊsi	-𐑫𐑕𐑦			89
affix-spec	-ussy	UNC	UNC	-ˈʌsi	-𐑳𐑕𐑦			89
affix-spec	-vore	UNC	UNC	-vɔːr	-𐑝𐑹	vɔːr	𐑝𐑹	89
affix-spec	-vorous	UNC	UNC	vərəRs	𐑝𐑼𐑼𐑕			89
affix-spec	-ware	UNC	UNC	-weəR	-𐑢𐑺	wiəR	𐑢𐑦𐑼	89
affix-spec	-ware	UNC	UNC	-wer	-𐑢𐑧𐑮	wiəR	𐑢𐑦𐑼	89
affix-spec	-wise	UNC	UNC	waɪz	𐑢𐑲𐑟	waɪz	𐑢𐑲𐑟	89
affix-spec	-x	UNC	UNC	ks	𐑒𐑕	eks	𐑧𐑒𐑕	89
affix-spec	-xaban	UNC	UNC	ksəbæn	𐑒𐑕𐑩𐑚𐑨𐑯			89
affix-spec	-ximab	UNC	UNC	ksɪmæb	𐑒𐑕𐑦𐑥𐑨𐑚			89
affix-spec	-y	UNC	UNC	-i	-𐑦	ˈwaɪ	𐑢𐑲	89
affix-spec	-ylidene	UNC	UNC	ˈɪlɪdiːn	𐑦𐑤𐑦𐑛𐑰𐑯			89
affix-spec	-zepine	UNC	UNC	zəpiːn	𐑟𐑩𐑐𐑰𐑯			89
affix-spec	-zilla	UNC	UNC	zɪlə	𐑟𐑦𐑤𐑩			89
affix-spec	-zolac	UNC	UNC	zəlæk	𐑟𐑩𐑤𐑨𐑒			89
affix-spec	a-	UNC	UNC	ə	𐑩	eɪ	𐑱	89
affix-spec	a-	UNC	UNC	eɪ	𐑱	eɪ	𐑱	89
affix-spec	a-	UNC	UNC	æɪ	𐑨𐑦	eɪ	𐑱	89
affix-spec	a-	UNC	UNC	a	𐑨	eɪ	𐑱	89
affix-spec	acr-	UNC	UNC	ækr	𐑨𐑒𐑮			89
affix-spec	acromio-	UNC	UNC	əkrəʊmiəʊ	𐑩𐑒𐑮𐑴𐑥𐑦𐑴			89
affix-spec	agri-	UNC	UNC	æɡrɪ	𐑨𐑜𐑮𐑦			89
affix-spec	agri-	UNC	UNC	æɡri	𐑨𐑜𐑮𐑦			89
affix-spec	alder-	UNC	UNC	ɔldɚ	𐑷𐑤𐑛ɚ	ɔldɚ	𐑷𐑤𐑛ɚ	1
affix-spec	alder-	UNC	UNC	ɑldɚ	ɑ𐑤𐑛ɚ	ɔldɚ	𐑷𐑤𐑛ɚ	1
affix-spec	alter-	UNC	UNC	ɑltər	ɑ𐑤𐑑𐑼	ɑltər	ɑ𐑤𐑑𐑼	1
affix-spec	aniso-	UNC	UNC	əˌnaɪsəʊ	𐑩𐑯𐑲𐑕𐑴			89
affix-spec	ante-	UNC	UNC	ˌæntɪ	𐑨𐑯𐑑𐑦	ˈænti	𐑨𐑯𐑑𐑦	89
affix-spec	ante-	UNC	UNC	ˌæntə	𐑨𐑯𐑑𐑩	ˈænti	𐑨𐑯𐑑𐑦	89
affix-spec	anthropo-	UNC	UNC	ænθrəpə-	𐑨𐑯𐑔𐑮𐑩𐑐𐑩-			89
affix-spec	anthropo-	UNC	UNC	ænθrɒpə-	𐑨𐑯𐑔𐑮𐑪𐑐𐑩-			89
affix-spec	anthropo-	UNC	UNC	ænθrəpɒ-	𐑨𐑯𐑔𐑮𐑩𐑐𐑪-			89
affix-spec	anthropo-	UNC	UNC	ænθrəpoʊ-	𐑨𐑯𐑔𐑮𐑩𐑐𐑴-			89
affix-spec	anthropo-	UNC	UNC	ænθroʊpə-	𐑨𐑯𐑔𐑮𐑴𐑐𐑩-			89
affix-spec	apeiro-	UNC	UNC	əpiːrəʊ-	𐑩𐑐𐑰𐑮𐑴-			89
affix-spec	arch-	UNC	UNC	ɑːrtʃ	𐑸𐑗	ɑːRk	𐑸𐑒	89
affix-spec	arch-	UNC	UNC	ɑrk	ɑ𐑮𐑒	ɑːRk	𐑸𐑒	1
affix-spec	archi-	UNC	UNC	ɑːrkɪ	𐑸𐑒𐑦	ɑːrtʃiː	𐑸𐑗𐑰	89
affix-spec	aspergill-	UNC	UNC	espʌdʒəl-	𐑧𐑕𐑐𐑳𐑡𐑩𐑤-			1
affix-spec	aspergill-	UNC	UNC	aspərdʒɪl-	𐑨𐑕𐑐𐑼𐑡𐑦𐑤-			89
affix-spec	aspergill-	UNC	UNC	æspɜʳdʒil-	𐑨𐑕𐑐ɜʳ𐑡𐑦𐑤-			1
affix-spec	aspergillo-	UNC	UNC	æspəRdʒɪləʉ-	𐑨𐑕𐑐𐑼𐑡𐑦𐑤𐑩ʉ-			1
affix-spec	aspergillo-	UNC	UNC	-lʌʉ-	-𐑤𐑳ʉ-			1
affix-spec	aspergillo-	UNC	UNC	espʌdʒəlʌʉ-	𐑧𐑕𐑐𐑳𐑡𐑩𐑤𐑳ʉ-			1
affix-spec	aspergillo-	UNC	UNC	aspərdʒɪlo-	𐑨𐑕𐑐𐑼𐑡𐑦𐑤𐑪-			89
affix-spec	aspergillo-	UNC	UNC	æspɜʳdʒiloː-	𐑨𐑕𐑐ɜʳ𐑡𐑦𐑤𐑪ː-			1
affix-spec	auto-	UNC	UNC	ˈɑtə-	ɑ𐑑𐑩-	ˈɑtoʊ	ɑ𐑑𐑴	1
affix-spec	auto-	UNC	UNC	ˈɑɾə-	ɑɾ𐑩-	ˈɑtoʊ	ɑ𐑑𐑴	1
affix-spec	auto-	UNC	UNC	ˈɑtoʊ-	ɑ𐑑𐑴-	ˈɑtoʊ	ɑ𐑑𐑴	1
affix-spec	auto-	UNC	UNC	ˈɑɾoʊ-	ɑɾ𐑴-	ˈɑtoʊ	ɑ𐑑𐑴	1
affix-spec	aër-	UNC	UNC	eɪər-	𐑱𐑼-			89
affix-spec	aër-	UNC	UNC	eɪɪer-	𐑱𐑦𐑧𐑮-			89
affix-spec	be-	UNC	UNC	bɪ	𐑚𐑦	biː	𐑚𐑰	89
affix-spec	be-	UNC	UNC	bi	𐑚𐑦	biː	𐑚𐑰	89
affix-spec	be-	UNC	UNC	bə	𐑚𐑩	biː	𐑚𐑰	89
affix-spec	bi-	UNC	UNC	baɪ-	𐑚𐑲-	baɪ	𐑚𐑲	89
affix-spec	bi-	UNC	UNC	bɪ-	𐑚𐑦-	baɪ	𐑚𐑲	89
affix-spec	bio-	UNC	UNC	ˈbaɪˌoʊ	𐑚𐑲𐑴			89
affix-spec	bio-	UNC	UNC	ˈbaɪˌoː	𐑚𐑲𐑪ː			1
affix-spec	bio-	UNC	UNC	ˈbɑɪˌəʉ	𐑚ɑ𐑾ʉ			1
affix-spec	bio-	UNC	UNC	ˈbɑɪʌʉ	𐑚ɑ𐑦𐑳ʉ			1
affix-spec	bio-	UNC	UNC	ˈbaɪˌʌʉ	𐑚𐑲𐑳ʉ			1
affix-spec	brady-	UNC	UNC	breɪdɪ	𐑚𐑮𐑱𐑛𐑦	breɪdi	𐑚𐑮𐑱𐑛𐑦	89
affix-spec	brady-	UNC	UNC	brædɪ	𐑚𐑮𐑨𐑛𐑦	breɪdi	𐑚𐑮𐑱𐑛𐑦	89
affix-spec	brady-	UNC	UNC	-də	-𐑛𐑩	breɪdi	𐑚𐑮𐑱𐑛𐑦	1
affix-spec	brevi-	UNC	UNC	brevɪ-	𐑚𐑮𐑧𐑝𐑦-			89
affix-spec	brevi-	UNC	UNC	brevə-	𐑚𐑮𐑧𐑝𐑩-			89
affix-spec	brevi-	UNC	UNC	bɾevɪ-	𐑚ɾ𐑧𐑝𐑦-			1
affix-spec	brevi-	UNC	UNC	bɾevi-	𐑚ɾ𐑧𐑝𐑦-			1
affix-spec	Brit-	UNC	UNC	brɪt	𐑚𐑮𐑦𐑑	brɪt	𐑚𐑮𐑦𐑑	89
affix-spec	bucco-	UNC	UNC	ˌbʌkoʊ	𐑚𐑳𐑒𐑴			89
affix-spec	caco-	UNC	UNC	ˌkækəʊ- ~ ˌkækə-	𐑒𐑨𐑒𐑴- ~ 𐑒𐑨𐑒𐑩-			1
affix-spec	caco-	UNC	UNC	kəˈkɒ-	𐑒𐑩𐑒𐑪-			89
affix-spec	caeco-	UNC	UNC	ˈsiːkoʊ-	𐑕𐑰𐑒𐑴-			89
affix-spec	calci-	UNC	UNC	kælsɪ	𐑒𐑨𐑤𐑕𐑦			89
affix-spec	cef-	UNC	UNC	sef	𐑕𐑧𐑓			89
affix-spec	cen-	UNC	UNC	siːn	𐑕𐑰𐑯			89
affix-spec	centi-	UNC	UNC	ˈsentə	𐑕𐑧𐑯𐑑𐑩			89
affix-spec	centi-	UNC	UNC	ˈsenti	𐑕𐑧𐑯𐑑𐑦			89
affix-spec	ch-	PNP	UNC	tʃ	𐑗	tʃ	𐑗	89
affix-spec	chaeto-	UNC	UNC	ˈkiːtoʊ-	𐑒𐑰𐑑𐑴-			89
affix-spec	chalco-	UNC	UNC	ˈkælkoʊ	𐑒𐑨𐑤𐑒𐑴			89
affix-spec	chilia-	UNC	UNC	ˈkɪliə	𐑒𐑦𐑤𐑦𐑩			89
affix-spec	choreo-	UNC	UNC	koʊriːoʊ	𐑒𐑴𐑮𐑰𐑴			89
affix-spec	chorio-	UNC	UNC	koʊriːoʊ	𐑒𐑴𐑮𐑰𐑴			89
affix-spec	cis-	UNC	UNC	sɪs	𐑕𐑦𐑕	sɪs	𐑕𐑦𐑕	89
affix-spec	co-	UNC	UNC	koː	𐑒𐑪ː			1
affix-spec	co-	UNC	UNC	ko	𐑒𐑪			89
affix-spec	co-	UNC	UNC	ˈkoʊ-	𐑒𐑴-			89
affix-spec	co-	UNC	UNC	ˌkoʊ-	𐑒𐑴-			89
affix-spec	co-	UNC	UNC	ˈkʌo-	𐑒𐑳𐑪-			89
affix-spec	co-	UNC	UNC	ˌkʌo-	𐑒𐑳𐑪-			89
affix-spec	co-	UNC	UNC	ˈkəʉ-	𐑒𐑩ʉ-			1
affix-spec	co-	UNC	UNC	ˌkəʉ-	𐑒𐑩ʉ-			1
affix-spec	co-	UNC	UNC	ˈkʌʉ-	𐑒𐑳ʉ-			1
affix-spec	co-	UNC	UNC	ˌkʌʉ-	𐑒𐑳ʉ-			1
affix-spec	co-	UNC	UNC	kɒ-	𐑒𐑪-			89
affix-spec	coel-	UNC	UNC	ˈsiːl-	𐑕𐑰𐑤-			89
affix-spec	coelo-	UNC	UNC	ˈsiːloʊ-	𐑕𐑰𐑤𐑴-			89
affix-spec	com-	UNC	UNC	ˌkəm	𐑒𐑩𐑥			89
affix-spec	com-	UNC	UNC	ˈkʌm	𐑒𐑳𐑥			89
affix-spec	com-	UNC	UNC	ˌkɑːm	𐑒𐑭𐑥			89
affix-spec	com-	UNC	UNC	ˈkɒm	𐑒𐑪𐑥			89
affix-spec	counter-	UNC	UNC	kæɔntə	𐑒𐑨𐑷𐑯𐑑𐑩			1
affix-spec	cupro-	UNC	UNC	kjuːproʊ	𐑒𐑿𐑐𐑮𐑴			89
affix-spec	cyno-	UNC	UNC	ˈsɪnəʊ	𐑕𐑦𐑯𐑴			89
affix-spec	cyno-	UNC	UNC	ˈsaɪnəʊ	𐑕𐑲𐑯𐑴			89
affix-spec	cœlo-	UNC	UNC	ˈsiːloʊ-	𐑕𐑰𐑤𐑴-			89
affix-spec	de-	UNC	UNC	diː	𐑛𐑰	ˈde	𐑛𐑧	89
affix-spec	de-	UNC	UNC	də	𐑛𐑩	ˈde	𐑛𐑧	89
affix-spec	de-	UNC	UNC	dɪ	𐑛𐑦	ˈde	𐑛𐑧	89
affix-spec	deca-	UNC	UNC	dekə-	𐑛𐑧𐑒𐑩-	ˈdekə	𐑛𐑧𐑒𐑩	89
affix-spec	deci-	UNC	UNC	ˈdesɪ	𐑛𐑧𐑕𐑦			89
affix-spec	deipno-	UNC	UNC	ˈdaɪpnəʊ-	𐑛𐑲𐑐𐑯𐑴-			89
affix-spec	denti-	UNC	UNC	denti	𐑛𐑧𐑯𐑑𐑦			89
affix-spec	dento-	UNC	UNC	dentoʊ	𐑛𐑧𐑯𐑑𐑴			89
affix-spec	di-	UNC	UNC	ˈdaɪ	𐑛𐑲	daɪ	𐑛𐑲	89
affix-spec	di-	UNC	UNC	ˌdaɪ	𐑛𐑲	daɪ	𐑛𐑲	89
affix-spec	dia-	UNC	UNC	daɪə	𐑛𐑲𐑩			89
affix-spec	dil-	UNC	UNC	dɪl	𐑛𐑦𐑤			89
affix-spec	dis-	UNC	UNC	dɪs	𐑛𐑦𐑕	dɪs	𐑛𐑦𐑕	89
affix-spec	duplicato-	UNC	UNC	ˈdjuːplɪkˌeɪtəʊ	𐑛𐑿𐑐𐑤𐑦𐑒𐑱𐑑𐑴			89
affix-spec	duplo-	UNC	UNC	ˈdjuːpləʊ	𐑛𐑿𐑐𐑤𐑴			89
affix-spec	duplo-	UNC	UNC	ˈdjuːplə	𐑛𐑿𐑐𐑤𐑩			89
affix-spec	duplo-	UNC	UNC	djuːˈplɒ	𐑛𐑿𐑐𐑤𐑪			89
affix-spec	dys-	UNC	UNC	dɪs	𐑛𐑦𐑕			89
affix-spec	e-	UNC	UNC	i-	𐑦-	ˈiː	𐑰	89
affix-spec	eco-	UNC	UNC	ˈiːkəʊ	𐑰𐑒𐑴	iko	𐑦𐑒𐑪	89
affix-spec	eco-	UNC	UNC	ˈekoʊ	𐑧𐑒𐑴	iko	𐑦𐑒𐑪	89
affix-spec	eigen-	UNC	UNC	ˌaɪɡən-	𐑲𐑜𐑩𐑯-			89
affix-spec	eka-	UNC	UNC	ˈeɪkə	𐑱𐑒𐑩			89
affix-spec	embolo-	UNC	UNC	ˈemboʊloʊ-	𐑧𐑥𐑚𐑴𐑤𐑴-			89
affix-spec	embolo-	UNC	UNC	ˈembəloʊ-	𐑧𐑥𐑚𐑩𐑤𐑴-			89
affix-spec	en-	UNC	UNC	en-	𐑧𐑯-	ˈen	𐑧𐑯	89
affix-spec	en-	UNC	UNC	ɪn-	𐑦𐑯-	ˈen	𐑧𐑯	89
affix-spec	en-	UNC	UNC	ən-	𐑩𐑯-	ˈen	𐑧𐑯	89
affix-spec	entero-	UNC	UNC	entəroʊ-	𐑧𐑯𐑑𐑼𐑴-			89
affix-spec	enviro-	UNC	UNC	envaɪroʊ	𐑧𐑯𐑝𐑲𐑮𐑴			89
affix-spec	equ-	UNC	UNC	ekw	𐑧𐑒𐑢			89
affix-spec	equ-	UNC	UNC	ɪkw	𐑦𐑒𐑢			89
affix-spec	es-	UNC	UNC	es	𐑧𐑕			89
affix-spec	estr-	UNC	UNC	estr	𐑧𐑕𐑑𐑮			89
affix-spec	etio-	UNC	UNC	ˈiːtioʊ-	𐑰𐑑𐑦𐑴-			89
affix-spec	etio-	UNC	UNC	ˈetioʊ-	𐑧𐑑𐑦𐑴-			89
affix-spec	eu-	UNC	UNC	jʉː-	𐑘ʉː-	ˌiː ˈjuː	𐑰 𐑿	1
affix-spec	ex-	UNC	UNC	eks	𐑧𐑒𐑕	eks	𐑧𐑒𐑕	89
affix-spec	ex-	UNC	UNC	eɡz	𐑧𐑜𐑟	eks	𐑧𐑒𐑕	89
affix-spec	ex-	UNC	UNC	ɪks	𐑦𐑒𐑕	eks	𐑧𐑒𐑕	89
affix-spec	ex-	UNC	UNC	ɪɡz	𐑦𐑜𐑟	eks	𐑧𐑒𐑕	89
affix-spec	exbi-	UNC	UNC	ˈeksbɪ-	𐑧𐑒𐑕𐑚𐑦-			89
affix-spec	exbi-	UNC	UNC	ˈeksbi	𐑧𐑒𐑕𐑚𐑦			89
affix-spec	for-	UNC	UNC	fɔːr	𐑓𐑹	foːr	𐑓𐑪ː𐑮	89
affix-spec	for-	UNC	UNC	fər	𐑓𐑼	foːr	𐑓𐑪ː𐑮	89
affix-spec	fore-	UNC	UNC	foːr	𐑓𐑪ː𐑮	foəR	𐑓𐑪𐑼	1
affix-spec	fore-	UNC	UNC	foə	𐑓𐑪𐑩	foəR	𐑓𐑪𐑼	1
affix-spec	Franco-	UNC	UNC	fræŋkoʊ	𐑓𐑮𐑨𐑙𐑒𐑴			89
affix-spec	Franco-	UNC	UNC	frɑːŋ-	𐑓𐑮𐑭𐑙-			89
affix-spec	franken-	UNC	UNC	fræŋkən	𐑓𐑮𐑨𐑙𐑒𐑩𐑯			89
affix-spec	franken-	UNC	UNC	fræŋkɪn	𐑓𐑮𐑨𐑙𐑒𐑦𐑯			89
affix-spec	gab-	UNC	UNC	ɡæb	𐑜𐑨𐑚	ɡæb	𐑜𐑨𐑚	89
affix-spec	gab-	UNC	UNC	ɡəb	𐑜𐑩𐑚	ɡæb	𐑜𐑨𐑚	89
affix-spec	geo-	UNC	UNC	ˈdʒiːəʉ	𐑡𐑰𐑩ʉ			1
affix-spec	gest-	UNC	UNC	dʒest	𐑡𐑧𐑕𐑑	dʒest	𐑡𐑧𐑕𐑑	89
affix-spec	gibi-	UNC	UNC	ˈɡɪbɪ-	𐑜𐑦𐑚𐑦-			89
affix-spec	gibi-	UNC	UNC	ˈɡɪbi	𐑜𐑦𐑚𐑦			89
affix-spec	gli-	UNC	UNC	ɡlaɪ	𐑜𐑤𐑲			89
affix-spec	gli-	UNC	UNC	ɡliː	𐑜𐑤𐑰			89
affix-spec	gli-	UNC	UNC	ɡlɪ	𐑜𐑤𐑦			89
affix-spec	gly-	UNC	UNC	ɡlaɪ	𐑜𐑤𐑲			89
affix-spec	guan-	UNC	UNC	ɡwɑn	𐑜𐑢ɑ𐑯	ɡwɑn	𐑜𐑢ɑ𐑯	1
affix-spec	gynaeco-	UNC	UNC	ˌɡaɪnɪkə	𐑜𐑲𐑯𐑦𐑒𐑩			89
affix-spec	gynaeco-	UNC	UNC	ˌdʒaɪnɪkə	𐑡𐑲𐑯𐑦𐑒𐑩			89
affix-spec	gynæc-	UNC	UNC	ˈɡaɪnɪk	𐑜𐑲𐑯𐑦𐑒			89
affix-spec	gynæc-	UNC	UNC	ˈdʒaɪnɪk	𐑡𐑲𐑯𐑦𐑒			89
affix-spec	gynæc-	UNC	UNC	ˈɡaɪniːk	𐑜𐑲𐑯𐑰𐑒			89
affix-spec	gynæc-	UNC	UNC	ˈdʒɪnɪk	𐑡𐑦𐑯𐑦𐑒			89
affix-spec	haemato-	UNC	UNC	hiːmətəʊ	𐑣𐑰𐑥𐑩𐑑𐑴			89
affix-spec	haemo-	UNC	UNC	ˌhiːməʊ	𐑣𐑰𐑥𐑴			89
affix-spec	halo-	UNC	UNC	ˈhæləʊ	𐑣𐑨𐑤𐑴			89
affix-spec	haplo-	UNC	UNC	ˈhæplə-	𐑣𐑨𐑐𐑤𐑩-			89
affix-spec	haplo-	UNC	UNC	ˌhæplə-	𐑣𐑨𐑐𐑤𐑩-			89
affix-spec	haplo-	UNC	UNC	ˈhæploʊ-	𐑣𐑨𐑐𐑤𐑴-			89
affix-spec	haplo-	UNC	UNC	ˌhæploʊ-	𐑣𐑨𐑐𐑤𐑴-			89
affix-spec	haplo-	UNC	UNC	hæpˈlɒ-	𐑣𐑨𐑐𐑤𐑪-			89
affix-spec	hepta-	UNC	UNC	ˈheptə-	𐑣𐑧𐑐𐑑𐑩-			89
affix-spec	hepta-	UNC	UNC	hepˈtæ-	𐑣𐑧𐑐𐑑𐑨-			89
affix-spec	hyper-	UNC	UNC	haɪpər	𐑣𐑲𐑐𐑼	hæpɑ	𐑣𐑨𐑐ɑ	89
affix-spec	hyper-	UNC	UNC	hʌɪpɚ	𐑣𐑳𐑦𐑐ɚ	hæpɑ	𐑣𐑨𐑐ɑ	1
affix-spec	hyper-	UNC	UNC	hɑɪpə	𐑣ɑ𐑦𐑐𐑩	hæpɑ	𐑣𐑨𐑐ɑ	1
affix-spec	idi-	UNC	UNC	ˈɪdɪəʊ	𐑦𐑛𐑾𐑫			89
affix-spec	idio-	UNC	UNC	ˈɪdɪəʊ	𐑦𐑛𐑾𐑫			89
affix-spec	infra-	UNC	UNC	ɪnfrə	𐑦𐑯𐑓𐑮𐑩	ɪnfrə	𐑦𐑯𐑓𐑮𐑩	89
affix-spec	intra-	UNC	UNC	ɪntrə	𐑦𐑯𐑑𐑮𐑩			89
affix-spec	juxta-	UNC	UNC	ˈdʒʌkstə	𐑡𐑳𐑒𐑕𐑑𐑩			89
affix-spec	keto-	UNC	UNC	ˈkiːtoʊ-	𐑒𐑰𐑑𐑴-			89
affix-spec	kibi-	UNC	UNC	ˈkɪbɪ-	𐑒𐑦𐑚𐑦-			89
affix-spec	kibi-	UNC	UNC	ˈkɪbi	𐑒𐑦𐑚𐑦			89
affix-spec	kilo-	UNC	UNC	ˌkɪlə-	𐑒𐑦𐑤𐑩-	kɪˈloː	𐑒𐑦𐑤𐑪ː	89
affix-spec	kilo-	UNC	UNC	ˌkələ-	𐑒𐑩𐑤𐑩-	kɪˈloː	𐑒𐑦𐑤𐑪ː	89
affix-spec	kilo-	UNC	UNC	ˌkɪlo-	𐑒𐑦𐑤𐑪-	kɪˈloː	𐑒𐑦𐑤𐑪ː	89
affix-spec	koilo-	UNC	UNC	ˈkɔɪloʊ-	𐑒𐑶𐑤𐑴-			89
affix-spec	Mac-	UNC	UNC	mək	𐑥𐑩𐑒	mæk	𐑥𐑨𐑒	89
affix-spec	Mac-	UNC	UNC	mæk	𐑥𐑨𐑒	mæk	𐑥𐑨𐑒	89
affix-spec	mani-	UNC	UNC	ˈmeni	𐑥𐑧𐑯𐑦			89
affix-spec	mani-	UNC	UNC	ˈmænɪ	𐑥𐑨𐑯𐑦			89
affix-spec	Mc-	UNC	UNC	mək	𐑥𐑩𐑒			89
affix-spec	Mc-	UNC	UNC	mɪk	𐑥𐑦𐑒			89
affix-spec	Mc-	UNC	UNC	mæk	𐑥𐑨𐑒			89
affix-spec	mebi-	UNC	UNC	ˈmebɪ-	𐑥𐑧𐑚𐑦-			89
affix-spec	mebi-	UNC	UNC	ˈmebi	𐑥𐑧𐑚𐑦			89
affix-spec	mega-	UNC	UNC	ˈmeɡə	𐑥𐑧𐑜𐑩	ˈmeɡə	𐑥𐑧𐑜𐑩	89
affix-spec	mega-	UNC	UNC	ˈmeɪɡə	𐑥𐑱𐑜𐑩	ˈmeɡə	𐑥𐑧𐑜𐑩	89
affix-spec	megalo-	UNC	UNC	meˈɡæləʊ	𐑥𐑧𐑜𐑨𐑤𐑴			89
affix-spec	mercapto-	UNC	UNC	mərkæptoː	𐑥𐑼𐑒𐑨𐑐𐑑𐑪ː			1
affix-spec	meta-	UNC	UNC	mɪˈtæ	𐑥𐑦𐑑𐑨			89
affix-spec	meta-	UNC	UNC	ˈmetə	𐑥𐑧𐑑𐑩			89
affix-spec	meta-	UNC	UNC	ˈmeɾə	𐑥𐑧ɾ𐑩			1
affix-spec	meth-	UNC	UNC	meθ	𐑥𐑧𐑔	meθ	𐑥𐑧𐑔	89
affix-spec	metro-	UNC	UNC	metro	𐑥𐑧𐑑𐑮𐑪	meʈro	𐑥𐑧ʈ𐑮𐑪	89
affix-spec	metro-	UNC	UNC	miːtro	𐑥𐑰𐑑𐑮𐑪	meʈro	𐑥𐑧ʈ𐑮𐑪	89
affix-spec	micro-	UNC	UNC	maɪkrə-	𐑥𐑲𐑒𐑮𐑩-			89
affix-spec	micro-	UNC	UNC	maɪkroʊ-	𐑥𐑲𐑒𐑮𐑴-			89
affix-spec	micro-	UNC	UNC	maɪkrɒ-	𐑥𐑲𐑒𐑮𐑪-			89
affix-spec	mini-	UNC	UNC	ˈmɪni	𐑥𐑦𐑯𐑦	ˈmɪni	𐑥𐑦𐑯𐑦	89
affix-spec	mono-	UNC	UNC	ˈmɔnəʉ	𐑥𐑷𐑯𐑩ʉ	ˈmoʊnoʊ	𐑥𐑴𐑯𐑴	1
affix-spec	mono-	UNC	UNC	ˈmɔnʌʉ	𐑥𐑷𐑯𐑳ʉ	ˈmoʊnoʊ	𐑥𐑴𐑯𐑴	1
affix-spec	mono-	UNC	UNC	ˈmɒnəʉ	𐑥𐑪𐑯𐑩ʉ	ˈmoʊnoʊ	𐑥𐑴𐑯𐑴	1
affix-spec	mono-	UNC	UNC	ˈmɒnʌʉ	𐑥𐑪𐑯𐑳ʉ	ˈmoʊnoʊ	𐑥𐑴𐑯𐑴	1
affix-spec	mult-	UNC	UNC	ˌmʌlt-	𐑥𐑳𐑤𐑑-			89
affix-spec	mult-	UNC	UNC	ˌməlt-	𐑥𐑩𐑤𐑑-			89
affix-spec	myelo-	UNC	UNC	ˈmaɪəloʊ-	𐑥𐑲𐑩𐑤𐑴-			89
affix-spec	myo-	UNC	UNC	ˈmaɪoʊ-	𐑥𐑲𐑴-			89
affix-spec	mytho-	UNC	UNC	ˌmɪθəʊ	𐑥𐑦𐑔𐑴			89
affix-spec	n-	UNC	UNC	ˈen-	𐑧𐑯-	en	𐑧𐑯	89
affix-spec	n-	UNC	UNC	ˌen-	𐑧𐑯-	en	𐑧𐑯	89
affix-spec	nab-	UNC	UNC	næb	𐑯𐑨𐑚	næb	𐑯𐑨𐑚	89
affix-spec	nab-	UNC	UNC	nəb	𐑯𐑩𐑚	næb	𐑯𐑨𐑚	89
affix-spec	nal-	UNC	UNC	næl	𐑯𐑨𐑤			89
affix-spec	nal-	UNC	UNC	nəl	𐑯𐑩𐑤			89
affix-spec	nepho-	UNC	UNC	ˈnefəʊ-	𐑯𐑧𐑓𐑴-			89
affix-spec	nepho-	UNC	UNC	ˌnefəʊ-	𐑯𐑧𐑓𐑴-			89
affix-spec	nepho-	UNC	UNC	nəˈfɒ-	𐑯𐑩𐑓𐑪-			89
affix-spec	nephro-	UNC	UNC	nefrəʊ-	𐑯𐑧𐑓𐑮𐑴-			89
affix-spec	nephro-	UNC	UNC	nəfrɒ-	𐑯𐑩𐑓𐑮𐑪-			89
affix-spec	neuro-	UNC	UNC	njʉːrʌʉ	𐑯𐑘ʉː𐑮𐑳ʉ			1
affix-spec	neuro-	UNC	UNC	njʉːroː	𐑯𐑘ʉː𐑮𐑪ː			1
affix-spec	Normanno-	UNC	UNC	normɑːRnoʊ	𐑯𐑪𐑮𐑥𐑸𐑯𐑴			89
affix-spec	Normanno-	UNC	UNC	normænoʊ	𐑯𐑪𐑮𐑥𐑨𐑯𐑴			89
affix-spec	nympho-	UNC	UNC	ˈnɪmfoʊ-	𐑯𐑦𐑥𐑓𐑴-			89
affix-spec	oophor-	UNC	UNC	oʊɒfər-	𐑴𐑪𐑓𐑼-			89
affix-spec	oophor-	UNC	UNC	oʊəRfər-	𐑴𐑼𐑓𐑼-			89
affix-spec	oophoro-	UNC	UNC	oʊɒfəroʊ-	𐑴𐑪𐑓𐑼𐑴-			89
affix-spec	ophthalmo-	UNC	UNC	ɒfˌθælməʊ	𐑪𐑓𐑔𐑨𐑤𐑥𐑴			89
affix-spec	ophthalmo-	UNC	UNC	ˌɒfθəlˈmɒ	𐑪𐑓𐑔𐑩𐑤𐑥𐑪			89
affix-spec	osteo-	UNC	UNC	ɑstioʊ	ɑ𐑕𐑑𐑦𐑴			1
affix-spec	over-	UNC	UNC	əʉvə	𐑩ʉ𐑝𐑩	aʊæ	𐑬𐑨	1
affix-spec	over-	UNC	UNC	ʌʉvʌ	𐑳ʉ𐑝𐑳	aʊæ	𐑬𐑨	1
affix-spec	over-	UNC	UNC	ʌʉvə	𐑳ʉ𐑝𐑩	aʊæ	𐑬𐑨	1
affix-spec	over-	UNC	UNC	o̝vər	𐑪̝𐑝𐑼	aʊæ	𐑬𐑨	1
affix-spec	over-	UNC	UNC	oːbʱəɾ	𐑪ː𐑚ʱ𐑩ɾ	aʊæ	𐑬𐑨	1
affix-spec	paedo-	UNC	UNC	ˈpiːdo	𐑐𐑰𐑛𐑪	ˈpiːdəʊ	𐑐𐑰𐑛𐑴	89
affix-spec	palæ-	UNC	UNC	ˈpeɪlɪ	𐑐𐑱𐑤𐑦			89
affix-spec	pebi-	UNC	UNC	ˈpebɪ-	𐑐𐑧𐑚𐑦-			89
affix-spec	pebi-	UNC	UNC	ˈpebi	𐑐𐑧𐑚𐑦			89
affix-spec	pedo-	UNC	UNC	ˈpedo	𐑐𐑧𐑛𐑪	ˈpedəʊ	𐑐𐑧𐑛𐑴	89
affix-spec	pedo-	UNC	UNC	peˈdɒ	𐑐𐑧𐑛𐑪	ˈpedəʊ	𐑐𐑧𐑛𐑴	89
affix-spec	pedo-	UNC	UNC	pɪ-	𐑐𐑦-	ˈpedəʊ	𐑐𐑧𐑛𐑴	89
affix-spec	pedo-	UNC	UNC	pə-	𐑐𐑩-	ˈpedəʊ	𐑐𐑧𐑛𐑴	89
affix-spec	pelvi-	UNC	UNC	ˈpelvi-	𐑐𐑧𐑤𐑝𐑦-			89
affix-spec	pene-	UNC	UNC	ˌpiːni	𐑐𐑰𐑯𐑦			89
affix-spec	pene-	UNC	UNC	piːni	𐑐𐑰𐑯𐑦			89
affix-spec	pene-	UNC	UNC	ˌpiːn	𐑐𐑰𐑯			89
affix-spec	pene-	UNC	UNC	piːn	𐑐𐑰𐑯			89
affix-spec	pene-	UNC	UNC	pən	𐑐𐑩𐑯			89
affix-spec	penta-	UNC	UNC	pentə-	𐑐𐑧𐑯𐑑𐑩-			89
affix-spec	penta-	UNC	UNC	pentæ-	𐑐𐑧𐑯𐑑𐑨-			89
affix-spec	peri-	UNC	UNC	perə-	𐑐𐑧𐑮𐑩-			89
affix-spec	peri-	UNC	UNC	perʌ-	𐑐𐑧𐑮𐑳-			89
affix-spec	peri-	UNC	UNC	pɜːRɾi-	𐑐𐑻ɾ𐑦-			1
affix-spec	peta-	UNC	UNC	ˈpetə	𐑐𐑧𐑑𐑩	piːtə	𐑐𐑰𐑑𐑩	89
affix-spec	phil-	UNC	UNC	fɪl	𐑓𐑦𐑤	fɪl	𐑓𐑦𐑤	89
affix-spec	phil-	UNC	UNC	fəl	𐑓𐑩𐑤	fɪl	𐑓𐑦𐑤	89
affix-spec	phlebo-	UNC	UNC	ˈflebə-	𐑓𐑤𐑧𐑚𐑩-			89
affix-spec	phlebo-	UNC	UNC	ˌflebə-	𐑓𐑤𐑧𐑚𐑩-			89
affix-spec	phlebo-	UNC	UNC	ˈfleboʊ-	𐑓𐑤𐑧𐑚𐑴-			89
affix-spec	phlebo-	UNC	UNC	ˌfleboʊ-	𐑓𐑤𐑧𐑚𐑴-			89
affix-spec	phlebo-	UNC	UNC	fləˈbɒ-	𐑓𐑤𐑩𐑚𐑪-			89
affix-spec	phono-	UNC	UNC	ˈfoʊnə-	𐑓𐑴𐑯𐑩-			89
affix-spec	phono-	UNC	UNC	ˌfoʊnə-	𐑓𐑴𐑯𐑩-			89
affix-spec	phono-	UNC	UNC	ˈfoʊnoʊ-	𐑓𐑴𐑯𐑴-			89
affix-spec	phono-	UNC	UNC	ˌfoʊnoʊ-	𐑓𐑴𐑯𐑴-			89
affix-spec	phono-	UNC	UNC	fəˈnɒ-	𐑓𐑩𐑯𐑪-			89
affix-spec	phreno-	UNC	UNC	friːnəʊ-	𐑓𐑮𐑰𐑯𐑴-			89
affix-spec	phreno-	UNC	UNC	frənɒ-	𐑓𐑮𐑩𐑯𐑪-			89
affix-spec	plesio-	UNC	UNC	ˈpliːzɪə	𐑐𐑤𐑰𐑟𐑾			89
affix-spec	poly-	UNC	UNC	ˈpɔli-	𐑐𐑷𐑤𐑦-	ˈpɒli	𐑐𐑪𐑤𐑦	89
affix-spec	poly-	UNC	UNC	pəˈlɪ-	𐑐𐑩𐑤𐑦-	ˈpɒli	𐑐𐑪𐑤𐑦	89
affix-spec	poly-	UNC	UNC	pəˈlə-	𐑐𐑩𐑤𐑩-	ˈpɒli	𐑐𐑪𐑤𐑦	89
affix-spec	pred-	UNC	UNC	pred	𐑐𐑮𐑧𐑛			89
affix-spec	præ-	UNC	UNC	praɪ	𐑐𐑮𐑲			89
affix-spec	præ-	UNC	UNC	priː	𐑐𐑮𐑰			89
affix-spec	præ-	UNC	UNC	pre	𐑐𐑮𐑧			89
affix-spec	pseudo-	UNC	UNC	ˈsjuːdoʊ	𐑕𐑿𐑛𐑴			89
affix-spec	pseudo-	UNC	UNC	ˈsuːdoʊ	𐑕𐑵𐑛𐑴			89
affix-spec	psycho-	UNC	UNC	ˈsɑekəʉ	𐑕ɑ𐑧𐑒𐑩ʉ			1
affix-spec	psycho-	UNC	UNC	ˈsɑekʌʉ	𐑕ɑ𐑧𐑒𐑳ʉ			1
affix-spec	psycho-	UNC	UNC	ˈsaɪkʌʉ	𐑕𐑲𐑒𐑳ʉ			1
affix-spec	psychro-	UNC	UNC	saɪkrəʊ-	𐑕𐑲𐑒𐑮𐑴-			89
affix-spec	psychro-	UNC	UNC	saɪkrɒ-	𐑕𐑲𐑒𐑮𐑪-			89
affix-spec	psychro-	UNC	UNC	saɪkrəʊ	𐑕𐑲𐑒𐑮𐑴			89
affix-spec	pyo-	UNC	UNC	ˈpaɪə-	𐑐𐑲𐑩-			89
affix-spec	pyo-	UNC	UNC	ˌpaɪə-	𐑐𐑲𐑩-			89
affix-spec	pyo-	UNC	UNC	ˈpaɪoʊ-	𐑐𐑲𐑴-			89
affix-spec	pyo-	UNC	UNC	ˌpaɪoʊ-	𐑐𐑲𐑴-			89
affix-spec	pyo-	UNC	UNC	paɪˈɒ-	𐑐𐑲𐑪-			89
affix-spec	quasi-	UNC	UNC	kwɑzi	𐑒𐑢ɑ𐑟𐑦			1
affix-spec	quasi-	UNC	UNC	kwæzi	𐑒𐑢𐑨𐑟𐑦			89
affix-spec	quasi-	UNC	UNC	-aɪ	-𐑲			89
affix-spec	quasi-	UNC	UNC	-ʌɪ	-𐑳𐑦			89
affix-spec	radi-	UNC	UNC	ræɪdiː-	𐑮𐑨𐑦𐑛𐑰-			89
affix-spec	radi-	UNC	UNC	redi-	𐑮𐑧𐑛𐑦-			89
affix-spec	radi-	UNC	UNC	ɾeːɖiː-	ɾ𐑧ːɖ𐑰-			1
affix-spec	re-	UNC	UNC	riː	𐑮𐑰	riː	𐑮𐑰	89
affix-spec	re-	UNC	UNC	rɪ	𐑮𐑦	riː	𐑮𐑰	89
affix-spec	re-	UNC	UNC	rə	𐑮𐑩	riː	𐑮𐑰	89
affix-spec	rhino-	UNC	UNC	raɪnoʊ-	𐑮𐑲𐑯𐑴-			89
affix-spec	rhino-	UNC	UNC	raɪnɒ-	𐑮𐑲𐑯𐑪-			89
affix-spec	rifa-	UNC	UNC	rɪfə	𐑮𐑦𐑓𐑩			89
affix-spec	rifa-	UNC	UNC	rɪfæ	𐑮𐑦𐑓𐑨			89
affix-spec	Russo-	UNC	UNC	ruːsoʊ	𐑮𐑵𐑕𐑴			89
affix-spec	Russo-	UNC	UNC	rʌsoʊ	𐑮𐑳𐑕𐑴			89
affix-spec	s-	UNC	UNC	s	𐑕	es	𐑧𐑕	89
affix-spec	s-	UNC	UNC	es	𐑧𐑕	es	𐑧𐑕	89
affix-spec	sal-	UNC	UNC	sæl	𐑕𐑨𐑤	sæl	𐑕𐑨𐑤	89
affix-spec	sal-	UNC	UNC	səl	𐑕𐑩𐑤	sæl	𐑕𐑨𐑤	89
affix-spec	sauro-	UNC	UNC	sɔːroʊ	𐑕𐑹𐑴			89
affix-spec	sauro-	UNC	UNC	sɔːrə	𐑕𐑹𐑩			89
affix-spec	sch-	UNC	UNC	ʃ	𐑖			89
affix-spec	schm-	UNC	UNC	ʃm-	𐑖𐑥-			89
affix-spec	self-	UNC	UNC	self	𐑕𐑧𐑤𐑓	ˈself	𐑕𐑧𐑤𐑓	89
affix-spec	semi-	UNC	UNC	semi	𐑕𐑧𐑥𐑦			89
affix-spec	semi-	UNC	UNC	semaɪ	𐑕𐑧𐑥𐑲			89
affix-spec	socio-	UNC	UNC	ˌsəʉsi-	𐑕𐑩ʉ𐑕𐑦-			1
affix-spec	socio-	UNC	UNC	ˌsəʉʃi	𐑕𐑩ʉ𐑖𐑦			1
affix-spec	spongo-	UNC	UNC	ˌspʌŋɡəʊ	𐑕𐑐𐑳𐑙𐑜𐑴			89
affix-spec	spongo-	UNC	UNC	ˌspɒŋɡəʊ	𐑕𐑐𐑪𐑙𐑜𐑴			89
affix-spec	sub-	UNC	UNC	sʌb	𐑕𐑳𐑚	sʌb	𐑕𐑳𐑚	89
affix-spec	sulfa-	UNC	UNC	sʌlfə	𐑕𐑳𐑤𐑓𐑩	ˈsʌlfə	𐑕𐑳𐑤𐑓𐑩	89
affix-spec	t-	UNC	UNC	tiː	𐑑𐑰	tiː	𐑑𐑰	89
affix-spec	tachy-	UNC	UNC	ˌtækɪ	𐑑𐑨𐑒𐑦			89
affix-spec	tachy-	UNC	UNC	ˌtækə	𐑑𐑨𐑒𐑩			89
affix-spec	tachy-	UNC	UNC	ˌtekə	𐑑𐑧𐑒𐑩			89
affix-spec	tartro-	UNC	UNC	tɑːrtrə-	𐑑𐑸𐑑𐑮𐑩-			89
affix-spec	tebi-	UNC	UNC	ˈtebɪ-	𐑑𐑧𐑚𐑦-			89
affix-spec	tebi-	UNC	UNC	ˈtebi	𐑑𐑧𐑚𐑦			89
affix-spec	tetra-	UNC	UNC	tetrə	𐑑𐑧𐑑𐑮𐑩	tetrə	𐑑𐑧𐑑𐑮𐑩	89
affix-spec	the-	UNC	UNC	θiː	𐑔𐑰	ðə	𐑞𐑩	89
affix-spec	trachel-	UNC	UNC	trəkiːl	𐑑𐑮𐑩𐑒𐑰𐑤			89
affix-spec	trans-	UNC	UNC	trænz	𐑑𐑮𐑨𐑯𐑟	trænz	𐑑𐑮𐑨𐑯𐑟	89
affix-spec	tri-	UNC	UNC	traɪ	𐑑𐑮𐑲	traɪ	𐑑𐑮𐑲	89
affix-spec	uber-	UNC	UNC	ubər	𐑫𐑚𐑼	uːbər	𐑵𐑚𐑼	89
affix-spec	ultra-	UNC	UNC	ʌltrə	𐑳𐑤𐑑𐑮𐑩	ʌltrə	𐑳𐑤𐑑𐑮𐑩	89
affix-spec	un-	UNC	UNC	ʌn	𐑳𐑯			89
affix-spec	un-	UNC	UNC	an	𐑨𐑯			89
affix-spec	uretero-	UNC	UNC	jəriːtəroʊ-	𐑘𐑼𐑰𐑑𐑼𐑴-			89
affix-spec	urethro-	UNC	UNC	jəriːθroʊ-	𐑘𐑼𐑰𐑔𐑮𐑴-			89
affix-spec	uro-	UNC	UNC	jəərəʊ-	𐑘𐑩𐑼𐑴-			89
affix-spec	uro-	UNC	UNC	jəərɒ-	𐑘𐑩𐑼𐑪-			89
affix-spec	Uto-	UNC	UNC	ˈjuːtəʊ	𐑿𐑑𐑴			89
affix-spec	veno-	UNC	UNC	ˈviːnə	𐑝𐑰𐑯𐑩			89
affix-spec	vin-	UNC	UNC	vɪn	𐑝𐑦𐑯			89
affix-spec	viro-	UNC	UNC	vaɪrəʊ-	𐑝𐑲𐑮𐑴-			89
affix-spec	viro-	UNC	UNC	vaɪrə-	𐑝𐑲𐑮𐑩-			89
affix-spec	viro-	UNC	UNC	vaɪrɒ-	𐑝𐑲𐑮𐑪-			89
affix-spec	viro-	UNC	UNC	vɪrɒ-	𐑝𐑦𐑮𐑪-			89
affix-spec	wan-	UNC	UNC	wɒn	𐑢𐑪𐑯	wæn	𐑢𐑨𐑯	89
affix-spec	xenna-	UNC	UNC	ˈzenə	𐑟𐑧𐑯𐑩			89
affix-spec	xylo-	UNC	UNC	ˈzaɪloʊ	𐑟𐑲𐑤𐑴			89
affix-spec	y-	UNC	UNC	ɪ	𐑦	ˈwaɪ	𐑢𐑲	89
affix-spec	yester-	UNC	UNC	jestər	𐑘𐑧𐑕𐑑𐑼			89
affix-spec	yobi-	UNC	UNC	ˈjɒbɪ-	𐑘𐑪𐑚𐑦-			89
affix-spec	yobi-	UNC	UNC	ˈjɒbi	𐑘𐑪𐑚𐑦			89
affix-spec	yotta-	UNC	UNC	ˈjɒtə	𐑘𐑪𐑑𐑩			89
affix-spec	zebi-	UNC	UNC	ˈzebɪ-	𐑟𐑧𐑚𐑦-			89
affix-spec	zebi-	UNC	UNC	ˈzebi	𐑟𐑧𐑚𐑦			89
affix-spec	zetta-	UNC	UNC	ˈzetə	𐑟𐑧𐑑𐑩			89
affix-spec	zinco-	UNC	UNC	ˈzɪŋkoʊ	𐑟𐑦𐑙𐑒𐑴			89
affix-spec	zoo-	UNC	UNC	ˈzuː	𐑟𐑵	zuː	𐑟𐑵	89
affix-spec	zoo-	UNC	UNC	ˈzuːə	𐑟𐑵𐑩	zuː	𐑟𐑵	89
affix-spec	zoo-	UNC	UNC	ˈzuːɒ	𐑟𐑵𐑪	zuː	𐑟𐑵	89
fragment	's-Hertogenbosch	NP0	GenAm	ˌseər-	𐑕𐑺-	ˌsɜrtoʊɡənˈbɒs	𐑕ɜ𐑮𐑑𐑴𐑜𐑩𐑯𐑚𐑪𐑕	89
fragment	's-Hertogenbosch	NP0	RSSB	seəR-	𐑕𐑺-	sɜːRtəʊɡənbɒs	𐑕𐑻𐑑𐑴𐑜𐑩𐑯𐑚𐑪𐑕	89
fragment	's-Hertogenbosch	NP0	GenAm	-tɒɡ-	-𐑑𐑪𐑜-	ˌsɜrtoʊɡənˈbɒs	𐑕ɜ𐑮𐑑𐑴𐑜𐑩𐑯𐑚𐑪𐑕	1
fragment	's-Hertogenbosch	NP0	RSSB	-tɒɡ-	-𐑑𐑪𐑜-	sɜːRtəʊɡənbɒs	𐑕𐑻𐑑𐑴𐑜𐑩𐑯𐑚𐑪𐑕	1
fragment	's-Hertogenbosch	NP0	GenAm	-toʊx-	-𐑑𐑴x-	ˌsɜrtoʊɡənˈbɒs	𐑕ɜ𐑮𐑑𐑴𐑜𐑩𐑯𐑚𐑪𐑕	1
fragment	's-Hertogenbosch	NP0	RSSB	-təʊx-	-𐑑𐑴x-	sɜːRtəʊɡənbɒs	𐑕𐑻𐑑𐑴𐑜𐑩𐑯𐑚𐑪𐑕	1
fragment	's-Hertogenbosch	NP0	GenAm	-tɒx-	-𐑑𐑪x-	ˌsɜrtoʊɡənˈbɒs	𐑕ɜ𐑮𐑑𐑴𐑜𐑩𐑯𐑚𐑪𐑕	1
fragment	's-Hertogenbosch	NP0	RSSB	-tɒx-	-𐑑𐑪x-	sɜːRtəʊɡənbɒs	𐑕𐑻𐑑𐑴𐑜𐑩𐑯𐑚𐑪𐑕	1
fragment	's-Hertogenbosch	NP0	GenAm	-əˈ-	-𐑩-	ˌsɜrtoʊɡənˈbɒs	𐑕ɜ𐑮𐑑𐑴𐑜𐑩𐑯𐑚𐑪𐑕	1
fragment	's-Hertogenbosch	NP0	RSSB	-ə-	-𐑩-	sɜːRtəʊɡənbɒs	𐑕𐑻𐑑𐑴𐑜𐑩𐑯𐑚𐑪𐑕	1
fragment	24-hour clock	NN1	GenAm	-ti-	-𐑑𐑦-	ˌtwentiˈfɔːRˌaʊər ˈklɒk	𐑑𐑢𐑧𐑯𐑑𐑦𐑓𐑹𐑬𐑼 𐑒𐑤𐑪𐑒	1
fragment	24-hour clock	NN1	GenAm	-ˈklɒk	-𐑒𐑤𐑪𐑒	ˌtwentiˈfɔːRˌaʊər ˈklɒk	𐑑𐑢𐑧𐑯𐑑𐑦𐑓𐑹𐑬𐑼 𐑒𐑤𐑪𐑒	1
fragment	a fortiori	AJ0	RSSB	ɑːR-	𐑸-	eɪ fɔːrtiɔːraɪ	𐑱 𐑓𐑹𐑑𐑦𐑹𐑲	30
fragment	a fortiori	AJ0	GenAm	ˌɒ-	𐑪-	ˌeɪ ˌforʃiˈorˌaɪ	𐑱 𐑓𐑪𐑮𐑖𐑦𐑪𐑮𐑲	1
fragment	a fortiori	AV0	RSSB	ɑːR-	𐑸-	eɪ fɔːrtiɔːraɪ	𐑱 𐑓𐑹𐑑𐑦𐑹𐑲	30
fragment	a fortiori	AV0	GenAm	ˌɒ-	𐑪-	ˌeɪ ˌforʃiˈorˌaɪ	𐑱 𐑓𐑪𐑮𐑖𐑦𐑪𐑮𐑲	1
fragment	a little bird told me	UNC	GenAm	-ˌlɪtəl-	-𐑤𐑦𐑑𐑩𐑤-	ə ˌlɪtəl bɜrd ˈtoʊld mi	𐑩 𐑤𐑦𐑑𐑩𐑤 𐑚ɜ𐑮𐑛 𐑑𐑴𐑤𐑛 𐑥𐑦	1
fragment	a little bit of bread and no cheese	ITJ	GenAm	-ˈlɪtəl-	-𐑤𐑦𐑑𐑩𐑤-	ə ˈlɪtəl ˈbɪtəv ˈbredən noʊ ˈtʃiz	𐑩 𐑤𐑦𐑑𐑩𐑤 𐑚𐑦𐑑𐑩𐑝 𐑚𐑮𐑧𐑛𐑩𐑯 𐑯𐑴 𐑗𐑦𐑟	1
fragment	Aaron's rod	NN1	RSSB	ær-	𐑨𐑮-	eərəRnz rɒd	𐑺𐑼𐑯𐑟 𐑮𐑪𐑛	30
fragment	Aaron's rod	NN1	GenAm	ˈær-	𐑨𐑮-	ˈerənz rɒd	𐑧𐑮𐑩𐑯𐑟 𐑮𐑪𐑛	30
fragment	Aaron's rod	NN1	GenAm	ˈeər-	𐑺-	ˈerənz rɒd	𐑧𐑮𐑩𐑯𐑟 𐑮𐑪𐑛	30
fragment	abaci	NN1	RSSB	-saɪ	-𐑕𐑲	ˈæbəkaɪ	𐑨𐑚𐑩𐑒𐑲	89
fragment	abaci	NN1	GenAm	-ˌsaɪ	-𐑕𐑲	ˈæbəˌkaɪ	𐑨𐑚𐑩𐑒𐑲	89
fragment	abbreviator	NN1	RSSB	-eɪtɚ	-𐑱𐑑ɚ	əbriːvieɪtɚ	𐑩𐑚𐑮𐑰𐑝𐑦𐑱𐑑ɚ	1
fragment	abdominal decompression	NN1	RSSB	əb-	𐑩𐑚-	æbdɒmənəl diːkəmpreʃən	𐑨𐑚𐑛𐑪𐑥𐑩𐑯𐑩𐑤 𐑛𐑰𐑒𐑩𐑥𐑐𐑮𐑧𐑖𐑩𐑯	1
fragment	abdominal decompression	NN1	GenAm	əb-	𐑩𐑚-	æbˈdɒmənəl dikəmˈpreʃən	𐑨𐑚𐑛𐑪𐑥𐑩𐑯𐑩𐑤 𐑛𐑦𐑒𐑩𐑥𐑐𐑮𐑧𐑖𐑩𐑯	1
fragment	abdominal decompression	NN1	RSSB	-preʃən	-𐑐𐑮𐑧𐑖𐑩𐑯	æbdɒmənəl diːkəmpreʃən	𐑨𐑚𐑛𐑪𐑥𐑩𐑯𐑩𐑤 𐑛𐑰𐑒𐑩𐑥𐑐𐑮𐑧𐑖𐑩𐑯	89
fragment	abdominal decompression	NN1	GenAm	-ˈpreʃən	-𐑐𐑮𐑧𐑖𐑩𐑯	æbˈdɒmənəl dikəmˈpreʃən	𐑨𐑚𐑛𐑪𐑥𐑩𐑯𐑩𐑤 𐑛𐑦𐑒𐑩𐑥𐑐𐑮𐑧𐑖𐑩𐑯	89
fragment	Abelonian	NN1	RSSB	ˌeɪbəˈ-	𐑱𐑚𐑩-	ˌæbəˈləʊniən	𐑨𐑚𐑩𐑤𐑴𐑯𐑦𐑩𐑯	89
fragment	Abelonian	NN1	GenAm	ˌeɪbəˈ-	𐑱𐑚𐑩-	ˌæbəˈloʊniən	𐑨𐑚𐑩𐑤𐑴𐑯𐑦𐑩𐑯	89
fragment	abeng	NN1	RSSB	æ-	𐑨-	əˈbeŋ	𐑩𐑚𐑧𐑙	89
fragment	abeng	NN1	GenAm	æ-	𐑨-	əˈbeŋ	𐑩𐑚𐑧𐑙	89
fragment	abettor	NN1	GenAm	-təR	-𐑑𐑼	əˈbetəR	𐑩𐑚𐑧𐑑𐑼	89
fragment	abiogenesis	NN1	RSSB	-ˌbaɪə-	-𐑚𐑲𐑩-	ˌeɪbaɪəʊˈdʒenəsɪs	𐑱𐑚𐑲𐑴𐑡𐑧𐑯𐑩𐑕𐑦𐑕	89
fragment	abiogenesis	NN1	RSSB	-ˌbiːə-	-𐑚𐑰𐑩-	ˌeɪbaɪəʊˈdʒenəsɪs	𐑱𐑚𐑲𐑴𐑡𐑧𐑯𐑩𐑕𐑦𐑕	89
fragment	abiogenesis	NN1	RSSB	-ˌbiːoʊ-	-𐑚𐑰𐑴-	ˌeɪbaɪəʊˈdʒenəsɪs	𐑱𐑚𐑲𐑴𐑡𐑧𐑯𐑩𐑕𐑦𐑕	89
fragment	abiogenesis	NN1	RSSB	-nɪ-	-𐑯𐑦-	ˌeɪbaɪəʊˈdʒenəsɪs	𐑱𐑚𐑲𐑴𐑡𐑧𐑯𐑩𐑕𐑦𐑕	89
fragment	abjectly	AV0	GenAm	-ˈdʒekli	-𐑡𐑧𐑒𐑤𐑦	æbˈdʒektli	𐑨𐑚𐑡𐑧𐑒𐑑𐑤𐑦	89
fragment	abjure	VVI	GenAm	əb-	𐑩𐑚-	æbˈdʒʊər	𐑨𐑚𐑡𐑫𐑼	1
fragment	ablenationalism	NN1	RSSB	-ˈnaʃnəˌ-	-𐑯𐑨𐑖𐑯𐑩-	ˌeɪbəlˈnaʃənəˌlɪzəm	𐑱𐑚𐑩𐑤𐑯𐑨𐑖𐑩𐑯𐑩𐑤𐑦𐑟𐑩𐑥	89
fragment	absolute	AJ0	RSSB	ˈæp-	𐑨𐑐-	ˈæbsəluːt	𐑨𐑚𐑕𐑩𐑤𐑵𐑑	89
fragment	absolute	AJ0	RSSB	ˈab-	𐑨𐑚-	ˈæbsəluːt	𐑨𐑚𐑕𐑩𐑤𐑵𐑑	89
fragment	absolute	NN1	RSSB	ˈæp-	𐑨𐑐-	ˈæbsəluːt	𐑨𐑚𐑕𐑩𐑤𐑵𐑑	89
fragment	absolute	NN1	RSSB	ˈab-	𐑨𐑚-	ˈæbsəluːt	𐑨𐑚𐑕𐑩𐑤𐑵𐑑	89
fragment	absolutely	AV0	RSSB	ab-	𐑨𐑚-	ˈæbsəˌljuːtli	𐑨𐑚𐑕𐑩𐑤𐑿𐑑𐑤𐑦	89
fragment	absolutely	ITJ	RSSB	ab-	𐑨𐑚-	ˈæbsəˌljuːtli	𐑨𐑚𐑕𐑩𐑤𐑿𐑑𐑤𐑦	89
fragment	absolve	VVI	GenAm	-ˈsɒlv	-𐑕𐑪𐑤𐑝	æbˈzɒlv	𐑨𐑚𐑟𐑪𐑤𐑝	89
fragment	absolve	VVI	GenAm	əbˈ-	𐑩𐑚-	æbˈzɒlv	𐑨𐑚𐑟𐑪𐑤𐑝	89
fragment	absolve	VVI	GenAm	-ˈzɒlv	-𐑟𐑪𐑤𐑝	æbˈzɒlv	𐑨𐑚𐑟𐑪𐑤𐑝	89
fragment	abstemious	AJ0	GenAm	əb-	𐑩𐑚-	æbˈstimiəs	𐑨𐑚𐑕𐑑𐑦𐑥𐑦𐑩𐑕	89
fragment	abstruse	AJ0	GenAm	æb-	𐑨𐑚-	əbˈstrus	𐑩𐑚𐑕𐑑𐑮𐑫𐑕	1
fragment	academia	NN1	GenAm	-ˈdemjə	-𐑛𐑧𐑥𐑘𐑩	ˌækəˈdimiə	𐑨𐑒𐑩𐑛𐑦𐑥𐑦𐑩	89
fragment	accelerant	NN1	RSSB	æk-	𐑨𐑒-	əkselərəRnt	𐑩𐑒𐑕𐑧𐑤𐑼𐑼𐑯𐑑	1
fragment	accelerant	NN1	GenAm	æk-	𐑨𐑒-	əkˈselərənt	𐑩𐑒𐑕𐑧𐑤𐑼𐑩𐑯𐑑	1
fragment	accelerant	AJ0	RSSB	æk-	𐑨𐑒-	əkselərəRnt	𐑩𐑒𐑕𐑧𐑤𐑼𐑼𐑯𐑑	1
fragment	accelerant	AJ0	GenAm	æk-	𐑨𐑒-	əkˈselərənt	𐑩𐑒𐑕𐑧𐑤𐑼𐑩𐑯𐑑	1
fragment	accent	NN1	RSSB	-sent	-𐑕𐑧𐑯𐑑	ækˈsent	𐑨𐑒𐑕𐑧𐑯𐑑	89
fragment	accident	NN1	GenAm	-dent	-𐑛𐑧𐑯𐑑	ˈæksɪdənt	𐑨𐑒𐑕𐑦𐑛𐑩𐑯𐑑	89
fragment	accident	AJ0	GenAm	-dent	-𐑛𐑧𐑯𐑑	ˈæksɪdənt	𐑨𐑒𐑕𐑦𐑛𐑩𐑯𐑑	89
fragment	accurate	AJ0	RSSB	-əRt	-𐑼𐑑	akjərɪt	𐑨𐑒𐑘𐑼𐑩𐑑	89
fragment	accurate	AJ0	GenAm	-ət	-𐑩𐑑	ˈækjərɪt	𐑨𐑒𐑘𐑼𐑦𐑑	1
fragment	acetylenediol	NN1	GenAm	-daɪoʊl	-𐑛𐑲𐑴𐑤	əˌsetəlinˈdaɪɒl	𐑩𐑕𐑧𐑑𐑩𐑤𐑦𐑯𐑛𐑲𐑪𐑤	89
fragment	acetylenediol	NN1	GenAm	-daɪəl	-𐑛𐑲𐑩𐑤	əˌsetəlinˈdaɪɒl	𐑩𐑕𐑧𐑑𐑩𐑤𐑦𐑯𐑛𐑲𐑪𐑤	89
fragment	acetylenediolate	NN1	GenAm	-oʊleɪt	-𐑴𐑤𐑱𐑑	əˌsetəlinˈdaɪəleɪt	𐑩𐑕𐑧𐑑𐑩𐑤𐑦𐑯𐑛𐑲𐑩𐑤𐑱𐑑	89
fragment	acetylenediolate	NN1	GenAm	-ɒleɪt	-𐑪𐑤𐑱𐑑	əˌsetəlinˈdaɪəleɪt	𐑩𐑕𐑧𐑑𐑩𐑤𐑦𐑯𐑛𐑲𐑩𐑤𐑱𐑑	89
fragment	acetylenediolate	NN1	GenAm	-ɪt	-𐑦𐑑	əˌsetəlinˈdaɪəleɪt	𐑩𐑕𐑧𐑑𐑩𐑤𐑦𐑯𐑛𐑲𐑩𐑤𐑱𐑑	89
fragment	acetylenediolate	NN1	GenAm	-ət	-𐑩𐑑	əˌsetəlinˈdaɪəleɪt	𐑩𐑕𐑧𐑑𐑩𐑤𐑦𐑯𐑛𐑲𐑩𐑤𐑱𐑑	89
fragment	acrasia	NN1	RSSB	-kræ-	-𐑒𐑮𐑨-	əkreɪzɪə	𐑩𐑒𐑮𐑱𐑟𐑾	89
fragment	acrasial	AJ0	RSSB	-kræ-	-𐑒𐑮𐑨-	əkrreɪzɪəl	𐑩𐑒𐑮𐑮𐑱𐑟𐑾𐑤	89
fragment	acrimonious	AJ0	GenAm	-rə-	-𐑮𐑩-	ˌækrɪˈmoʊniəs	𐑨𐑒𐑮𐑦𐑥𐑴𐑯𐑦𐑩𐑕	89
fragment	actions speak louder than words	UNC	RSSB	-ðəRn-	-𐑞𐑼𐑯-	akʃənz spiːk laʊdə ðan wɜːRdz	𐑨𐑒𐑖𐑩𐑯𐑟 𐑕𐑐𐑰𐑒 𐑤𐑬𐑛𐑩 𐑞𐑨𐑯 𐑢𐑻𐑛𐑟	30
fragment	actions speak louder than words	UNC	GenAm	-ðən-	-𐑞𐑩𐑯-	ˈækʃənz spik ˈlaʊdər ˌðæn wɜrdz	𐑨𐑒𐑖𐑩𐑯𐑟 𐑕𐑐𐑦𐑒 𐑤𐑬𐑛𐑼 𐑞𐑨𐑯 𐑢ɜ𐑮𐑛𐑟	1
fragment	actuarian	AJ0	RSSB	æktʃu-	𐑨𐑒𐑗𐑫-	æktjueəriən	𐑨𐑒𐑑𐑘𐑫𐑺𐑦𐑩𐑯	1
fragment	actuarian	NN1	RSSB	æktʃu-	𐑨𐑒𐑗𐑫-	æktjueəriən	𐑨𐑒𐑑𐑘𐑫𐑺𐑦𐑩𐑯	1
fragment	acupressure	NN1	GenAm	ˈækjə-	𐑨𐑒𐑘𐑩-	ˈækjuˌpreʃəR	𐑨𐑒𐑘𐑫𐑐𐑮𐑧𐑖𐑼	1
fragment	acupuncture	NN1	GenAm	ˈækjə-	𐑨𐑒𐑘𐑩-	ˈækjuˌpʌŋktʃɜːR	𐑨𐑒𐑘𐑫𐑐𐑳𐑙𐑒𐑗𐑻	1
fragment	acupuncture	VVI	GenAm	ˈækjə-	𐑨𐑒𐑘𐑩-	ˈækjuˌpʌŋktʃɜːR	𐑨𐑒𐑘𐑫𐑐𐑳𐑙𐑒𐑗𐑻	1
fragment	acutance	NN1	GenAm	-tənts	-𐑑𐑩𐑯𐑑𐑕	əˈkjutənts	𐑩𐑒𐑘𐑫𐑑𐑩𐑯𐑑𐑕	89
fragment	acutangular	AJ0	GenAm	-ɡjə-	-𐑜𐑘𐑩-	əˌkjuˈtæŋɡjuləR	𐑩𐑒𐑘𐑫𐑑𐑨𐑙𐑜𐑘𐑫𐑤𐑼	1
fragment	adamantine	AJ0	GenAm	-ˌtin	-𐑑𐑦𐑯	ˌædəˈmænˌtaɪn	𐑨𐑛𐑩𐑥𐑨𐑯𐑑𐑲𐑯	89
fragment	adamantine	NN1	GenAm	-ˌtin	-𐑑𐑦𐑯	ˌædəˈmænˌtaɪn	𐑨𐑛𐑩𐑥𐑨𐑯𐑑𐑲𐑯	89
fragment	adherent	AJ0	RSSB	əRd-	𐑼𐑛-	ædhɪərəRnt	𐑨𐑛𐑣𐑽𐑼𐑯𐑑	89
fragment	adherent	AJ0	GenAm	əd-	𐑩𐑛-	ædˈhɪrənt	𐑨𐑛𐑣𐑦𐑮𐑩𐑯𐑑	1
fragment	adherent	NN1	RSSB	əRd-	𐑼𐑛-	ædhɪərəRnt	𐑨𐑛𐑣𐑽𐑼𐑯𐑑	89
fragment	adherent	NN1	GenAm	əd-	𐑩𐑛-	ædˈhɪrənt	𐑨𐑛𐑣𐑦𐑮𐑩𐑯𐑑	1
fragment	adlayer	NN1	GenAm	-ˈleəR	-𐑤𐑺	ədˈleɪəR	𐑩𐑛𐑤𐑱𐑼	89
fragment	Adolph	NP0	GenAm	-dɒlf	-𐑛𐑪𐑤𐑓	ˈeɪdɒlf	𐑱𐑛𐑪𐑤𐑓	89
fragment	adularia	NN1	RSSB	ædjə-	𐑨𐑛𐑘𐑩-	ædʒʊleəriə	𐑨𐑡𐑫𐑤𐑺𐑦𐑩	1
fragment	adularia	NN1	GenAm	ˌædjəˈ-	𐑨𐑛𐑘𐑩-	ˌædʒəˈleriə	𐑨𐑡𐑩𐑤𐑧𐑮𐑦𐑩	1
fragment	adult baby syndrome	NN1	RSSB	ædəlt-	𐑨𐑛𐑩𐑤𐑑-	ædʌltbeɪbisɪndrəʊm	𐑨𐑛𐑳𐑤𐑑𐑚𐑱𐑚𐑦𐑕𐑦𐑯𐑛𐑮𐑴𐑥	1
fragment	adult baby syndrome	NN1	GenAm	ˌædəlt-	𐑨𐑛𐑩𐑤𐑑-	əˌdʌltˌbeɪbiˈsɪndroʊm	𐑩𐑛𐑳𐑤𐑑𐑚𐑱𐑚𐑦𐑕𐑦𐑯𐑛𐑮𐑴𐑥	1
fragment	adult baby syndrome	NN1	GenAm	-ˈsɪndrəm	-𐑕𐑦𐑯𐑛𐑮𐑩𐑥	əˌdʌltˌbeɪbiˈsɪndroʊm	𐑩𐑛𐑳𐑤𐑑𐑚𐑱𐑚𐑦𐑕𐑦𐑯𐑛𐑮𐑴𐑥	89
fragment	adulterate	AJ0	GenAm	-ˈdəl-	-𐑛𐑩𐑤-	əˈdʌltəˌreɪt	𐑩𐑛𐑳𐑤𐑑𐑼𐑱𐑑	1
fragment	adulterate	VVI	RSSB	-dɒl-	-𐑛𐑪𐑤-	ədʌltəreɪt	𐑩𐑛𐑳𐑤𐑑𐑼𐑱𐑑	1
fragment	adulterate	VVI	GenAm	-ˈdəl-	-𐑛𐑩𐑤-	əˈdʌltəˌreɪt	𐑩𐑛𐑳𐑤𐑑𐑼𐑱𐑑	1
fragment	adumbration	NN1	RSSB	-əm-	-𐑩𐑥-	ædʌmbreɪʃən	𐑨𐑛𐑳𐑥𐑚𐑮𐑱𐑖𐑩𐑯	1
fragment	adversative	AJ0	GenAm	æd-	𐑨𐑛-	ədˈvɜːRsəˌtɪv	𐑩𐑛𐑝𐑻𐑕𐑩𐑑𐑦𐑝	1
fragment	adversative	NN1	GenAm	æd-	𐑨𐑛-	ədˈvɜːRsəˌtɪv	𐑩𐑛𐑝𐑻𐑕𐑩𐑑𐑦𐑝	1
fragment	adynaton	NN1	RSSB	-tən	-𐑑𐑩𐑯	ædɪˈnɑːtɒn	𐑨𐑛𐑦𐑯𐑭𐑑𐑪𐑯	89
fragment	adytum	NN1	GenAm	-təm	-𐑑𐑩𐑥	ˈadətəm	𐑨𐑛𐑩𐑑𐑩𐑥	89
fragment	aerarian	NN1	RSSB	ɪ-	𐑦-	ireəriən	𐑦𐑮𐑺𐑦𐑩𐑯	1
fragment	aerarian	NN1	GenAm	ɪˈ-	𐑦-	iˈreriən	𐑦𐑮𐑧𐑮𐑦𐑩𐑯	1
fragment	aerobatic	AJ0	RSSB	ɜːrəʊ-	𐑻𐑴-	ɜːrəRbætɪk	𐑻𐑼𐑚𐑨𐑑𐑦𐑒	89
fragment	aerobatic	AJ0	GenAm	eəRoʊˈ-	𐑺𐑴-	ˌeəRəˈbætɪk	𐑺𐑩𐑚𐑨𐑑𐑦𐑒	89
fragment	aerobian	AJ0	GenAm	əˈ-	𐑩-	eˈroʊbiən	𐑧𐑮𐑴𐑚𐑦𐑩𐑯	1
fragment	Aeronian	NP0	GenAm	əˈ-	𐑩-	eˈroʊniən	𐑧𐑮𐑴𐑯𐑦𐑩𐑯	1
fragment	aeroplane	NN1	RSSB	eɪər-	𐑱𐑼-	eərəRpleɪn	𐑺𐑼𐑐𐑤𐑱𐑯	89
fragment	aeroplane	VVI	RSSB	eɪər-	𐑱𐑼-	eərəRpleɪn	𐑺𐑼𐑐𐑤𐑱𐑯	89
fragment	aerospace	NN1	RSSB	eɪər-	𐑱𐑼-	eərəʊspeɪs	𐑺𐑴𐑕𐑐𐑱𐑕	89
fragment	aerospace	AJ0	RSSB	eɪər-	𐑱𐑼-	eərəʊspeɪs	𐑺𐑴𐑕𐑐𐑱𐑕	89
fragment	aeviternity	NN1	GenAm	-ti	-𐑑𐑦	ˌivəˈtɜːRnəti	𐑦𐑝𐑩𐑑𐑻𐑯𐑩𐑑𐑦	1
fragment	aevum	NN1	RSSB	ˈaɪ-	𐑲-	ˈiːvəm	𐑰𐑝𐑩𐑥	89
fragment	aevum	NN1	GenAm	ˈaɪ-	𐑲-	ˈivəm	𐑦𐑝𐑩𐑥	89
fragment	afflatus	NN1	GenAm	-təs	-𐑑𐑩𐑕	əˈfleɪtəs	𐑩𐑓𐑤𐑱𐑑𐑩𐑕	89
fragment	after one's own heart	UNC	RSSB	ɑːRf-	𐑸𐑓-	æftə wʌnz əʊn hɑːRt	𐑨𐑓𐑑𐑩 𐑢𐑳𐑯𐑟 𐑴𐑯 𐑣𐑸𐑑	30
fragment	after one's own soul	UNC	RSSB	ɑːf-	𐑭𐑓-	æftə wʌnz əʊn səʊl	𐑨𐑓𐑑𐑩 𐑢𐑳𐑯𐑟 𐑴𐑯 𐑕𐑴𐑤	1
fragment	aftercare	NN1	RSSB	æf-	𐑨𐑓-	ɑːRftərkeər	𐑸𐑓𐑑𐑼𐑒𐑺	1
fragment	agathokakological	AJ0	GenAm	əˌɡæθə-	𐑩𐑜𐑨𐑔𐑩-	əˌɡæθoʊˌkækəˈlɒdʒɪkəl	𐑩𐑜𐑨𐑔𐑴𐑒𐑨𐑒𐑩𐑤𐑪𐑡𐑦𐑒𐑩𐑤	89
fragment	agent provocateur	NN1	GenAm	-ˈtʊər	-𐑑𐑫𐑼	ˌɒʒɒnt prəˌvɒkəˈtɜːR	𐑪𐑠𐑪𐑯𐑑 𐑐𐑮𐑩𐑝𐑪𐑒𐑩𐑑𐑻	30
fragment	agent provocateur	NN1	GenAm	ˌɒʒɒ̃-	𐑪𐑠𐑪̃-	ˌɒʒɒnt prəˌvɒkəˈtɜːR	𐑪𐑠𐑪𐑯𐑑 𐑐𐑮𐑩𐑝𐑪𐑒𐑩𐑑𐑻	1
fragment	agent provocateur	NN1	RSSB	eɪdʒənt-	𐑱𐑡𐑩𐑯𐑑-	æʒɒ̃ prəvɒkəRtɜːR	𐑨𐑠𐑪̃ 𐑐𐑮𐑩𐑝𐑪𐑒𐑼𐑑𐑻	1
fragment	agitprop	NN1	GenAm	-ˈprɒp	-𐑐𐑮𐑪𐑐	ˈædʒətˌprɒp	𐑨𐑡𐑩𐑑𐑐𐑮𐑪𐑐	89
fragment	agitprop	VVI	GenAm	-ˈprɒp	-𐑐𐑮𐑪𐑐	ˈædʒətˌprɒp	𐑨𐑡𐑩𐑑𐑐𐑮𐑪𐑐	89
fragment	agrobusiness	NN1	RSSB	-nəs	-𐑯𐑩𐑕	æɡrəʊbɪznəs	𐑨𐑜𐑮𐑴𐑚𐑦𐑟𐑯𐑩𐑕	1
fragment	agrobusiness	NN1	GenAm	-nəs	-𐑯𐑩𐑕	ˈæɡroʊˌbɪznəs	𐑨𐑜𐑮𐑴𐑚𐑦𐑟𐑯𐑩𐑕	1
fragment	agrobusiness	NN1	GenAm	-nƏz	-𐑯𐑩𐑟	ˈæɡroʊˌbɪznəs	𐑨𐑜𐑮𐑴𐑚𐑦𐑟𐑯𐑩𐑕	1
fragment	aioli	NN1	GenAm	ˌeɪˈoʊ-	𐑱𐑴-	ˌaɪˈoʊli	𐑲𐑴𐑤𐑦	89
fragment	airbill	NN1	RSSB	e-	𐑧-	eəRbɪl	𐑺𐑚𐑦𐑤	1
fragment	airbill	NN1	GenAm	ˈerˌ-	𐑧𐑮-	ˈeəRˌbɪl	𐑺𐑚𐑦𐑤	89
fragment	airbrasion	NN1	RSSB	e-	𐑧-	eəRbreɪʒən	𐑺𐑚𐑮𐑱𐑠𐑩𐑯	1
fragment	airbrasion	NN1	GenAm	ˌerˈ-	𐑧𐑮-	ˌeəRˈbreɪʒən	𐑺𐑚𐑮𐑱𐑠𐑩𐑯	30
fragment	airdraulic	AJ0	RSSB	e-	𐑧-	eəRdrɒlɪk	𐑺𐑛𐑮𐑪𐑤𐑦𐑒	1
fragment	airdraulic	AJ0	GenAm	ˌerˈ-	𐑧𐑮-	ˌeəRˈdrɒlɪk	𐑺𐑛𐑮𐑪𐑤𐑦𐑒	30
fragment	airfuge	NN1	RSSB	e-	𐑧-	eəRfjuːdʒ	𐑺𐑓𐑿𐑡	1
fragment	airfuge	NN1	GenAm	ˈerˌ-	𐑧𐑮-	ˈeəRˌfjudʒ	𐑺𐑓𐑘𐑫𐑡	89
fragment	airing	NN1	RSSB	ɜːR-	𐑻-	eərɪŋ	𐑺𐑦𐑙	89
fragment	airing	VVI	RSSB	ɜːR-	𐑻-	eərɪŋ	𐑺𐑦𐑙	89
fragment	airmiss	NN1	RSSB	e-	𐑧-	eəRmɪs	𐑺𐑥𐑦𐑕	1
fragment	airmiss	NN1	GenAm	ˈerˌ-	𐑧𐑮-	ˈeəRˌmɪs	𐑺𐑥𐑦𐑕	89
fragment	airtist	NN1	RSSB	e-	𐑧-	eəRtɪst	𐑺𐑑𐑦𐑕𐑑	1
fragment	airtist	NN1	GenAm	ˈerˌ-	𐑧𐑮-	ˈeəRˌtɪst	𐑺𐑑𐑦𐑕𐑑	89
fragment	akrasia	NN1	RSSB	-kræ-	-𐑒𐑮𐑨-	əkreɪzɪə	𐑩𐑒𐑮𐑱𐑟𐑾	89
fragment	Albinonian	AJ0	RSSB	ˌɑl-	ɑ𐑤-	ˌælbɪˈnəʊniən	𐑨𐑤𐑚𐑦𐑯𐑴𐑯𐑦𐑩𐑯	1
fragment	Albinonian	AJ0	GenAm	ˌɒl-	𐑪𐑤-	ˌælbɪˈnoʊniən	𐑨𐑤𐑚𐑦𐑯𐑴𐑯𐑦𐑩𐑯	89
fragment	alcolock	NN1	RSSB	-kəʊ-	-𐑒𐑴-	ˈælkəlɒk	𐑨𐑤𐑒𐑩𐑤𐑪𐑒	89
fragment	alcolock	NN1	GenAm	-koʊ-	-𐑒𐑴-	ˈælkəlɒk	𐑨𐑤𐑒𐑩𐑤𐑪𐑒	89
fragment	alderliefest	AJ0	GenAm	ˈɒl-	𐑪𐑤-	ˈɒldərˌlifɪst	𐑪𐑤𐑛𐑼𐑤𐑦𐑓𐑦𐑕𐑑	1
fragment	alderman	NN1	RSSB	ɒl-	𐑪𐑤-	ɔːldəRmən	𐑷𐑤𐑛𐑼𐑥𐑩𐑯	1
fragment	aldermanic	AJ0	RSSB	ɒl-	𐑪𐑤-	ɔːldəRmænɪk	𐑷𐑤𐑛𐑼𐑥𐑨𐑯𐑦𐑒	1
fragment	aldermanic	AJ0	GenAm	ˌɒl-	𐑪𐑤-	ˌɒldərˈmænɪk	𐑪𐑤𐑛𐑼𐑥𐑨𐑯𐑦𐑒	1
fragment	Aldgate	NP0	RSSB	ˈɔːld-	𐑷𐑤𐑛-	ˈɔːlɡeɪt	𐑷𐑤𐑜𐑱𐑑	89
fragment	alexipyretic	NN1	RSSB	-pɪ-	-𐑐𐑦-	əleksɪpaɪretɪk	𐑩𐑤𐑧𐑒𐑕𐑦𐑐𐑲𐑮𐑧𐑑𐑦𐑒	1
fragment	alexipyretic	NN1	RSSB	-ɾɪk	-ɾ𐑦𐑒	əleksɪpaɪretɪk	𐑩𐑤𐑧𐑒𐑕𐑦𐑐𐑲𐑮𐑧𐑑𐑦𐑒	1
fragment	alexipyretic	AJ0	RSSB	-pɪ-	-𐑐𐑦-	əleksɪpaɪretɪk	𐑩𐑤𐑧𐑒𐑕𐑦𐑐𐑲𐑮𐑧𐑑𐑦𐑒	1
fragment	alexipyretic	AJ0	RSSB	-ɾɪk	-ɾ𐑦𐑒	əleksɪpaɪretɪk	𐑩𐑤𐑧𐑒𐑕𐑦𐑐𐑲𐑮𐑧𐑑𐑦𐑒	1
fragment	alkin	AJ0	GenAm	ˈɒl-	𐑪𐑤-	ˈɒlkɪn	𐑪𐑤𐑒𐑦𐑯	89
fragment	all hail	ITJ	GenAm	ˌɒl-	𐑪𐑤-	ˌɒl ˈheɪl	𐑪𐑤 𐑣𐑱𐑤	89
fragment	all hail	NN1	GenAm	ˌɒl-	𐑪𐑤-	ˌɒl ˈheɪl	𐑪𐑤 𐑣𐑱𐑤	89
fragment	all the time	AV0	GenAm	ɒl-	𐑪𐑤-	ɒl ðə taɪm	𐑪𐑤 𐑞𐑩 𐑑𐑲𐑥	89
fragment	all-hail	VVI	GenAm	ˌɒl-	𐑪𐑤-	ˌɒlˈheɪl	𐑪𐑤𐑣𐑱𐑤	89
fragment	allegorize	VVI	GenAm	-ɡə-	-𐑜𐑩-	ˈæləˌɡɒˌraɪz	𐑨𐑤𐑩𐑜𐑪𐑮𐑲𐑟	1
fragment	allocher	NN1	GenAm	ˈæloʊ-	𐑨𐑤𐑴-	ˈæləˌkeəR	𐑨𐑤𐑩𐑒𐑺	1
fragment	allohistorical	AJ0	GenAm	æloʊ-	𐑨𐑤𐑴-	æləˌhɪˈstɔːrɪkəl	𐑨𐑤𐑩𐑣𐑦𐑕𐑑𐑹𐑦𐑒𐑩𐑤	1
fragment	allylsamarium	NN1	RSSB	ælɪl-	𐑨𐑤𐑦𐑤-	ælaɪlsəRmeəriəRm	𐑨𐑤𐑲𐑤𐑕𐑼𐑥𐑺𐑦𐑼𐑥	1
fragment	allylsamarium	NN1	GenAm	ˌælɪl-	𐑨𐑤𐑦𐑤-	ˌælaɪlsəˈmeriəm	𐑨𐑤𐑲𐑤𐑕𐑩𐑥𐑧𐑮𐑦𐑩𐑥	1
fragment	almanac	NN1	GenAm	ˈæl-	𐑨𐑤-	ˈɒlmənæk	𐑪𐑤𐑥𐑩𐑯𐑨𐑒	89
fragment	almanac	NN1	RSSB	ˈɒl-	𐑪𐑤-	ˈɔːlmənæk	𐑷𐑤𐑥𐑩𐑯𐑨𐑒	89
fragment	almoner	NN1	RSSB	æl-	𐑨𐑤-	alməRnəR	𐑨𐑤𐑥𐑼𐑯𐑼	1
fragment	almoner	NN1	RSSB	ɑːməR-	𐑭𐑥𐑼-	alməRnəR	𐑨𐑤𐑥𐑼𐑯𐑼	89
fragment	almoner	NN1	GenAm	ˈɒmə-	𐑪𐑥𐑩-	ˈælmənər	𐑨𐑤𐑥𐑩𐑯𐑼	1
fragment	altercation	NN1	RSSB	ɒl-	𐑪𐑤-	ɔːltəRkeɪʃən	𐑷𐑤𐑑𐑼𐑒𐑱𐑖𐑩𐑯	1
fragment	altermatic	AJ0	RSSB	ɔːltə-	𐑷𐑤𐑑𐑩-	ɒltəRmætɪk	𐑪𐑤𐑑𐑼𐑥𐑨𐑑𐑦𐑒	1
fragment	altermatic	AJ0	GenAm	ˌɒltər-	𐑪𐑤𐑑𐑼-	ˌɒltərˈmætɪk	𐑪𐑤𐑑𐑼𐑥𐑨𐑑𐑦𐑒	89
fragment	alternative history	NN1	RSSB	-hɪstəri	-𐑣𐑦𐑕𐑑𐑼𐑦	ɔːRltɜːRnətɪv hɪstri	𐑹𐑤𐑑𐑻𐑯𐑩𐑑𐑦𐑝 𐑣𐑦𐑕𐑑𐑮𐑦	30
fragment	alternative history	NN1	RSSB	-hɪstərɪ	-𐑣𐑦𐑕𐑑𐑼𐑦	ɔːRltɜːRnətɪv hɪstri	𐑹𐑤𐑑𐑻𐑯𐑩𐑑𐑦𐑝 𐑣𐑦𐑕𐑑𐑮𐑦	30
fragment	alternative history	NN1	GenAm	-ˌhɪstəri	-𐑣𐑦𐑕𐑑𐑼𐑦	ˈɒltəRnətɪv ˌhɪstri	𐑪𐑤𐑑𐑼𐑯𐑩𐑑𐑦𐑝 𐑣𐑦𐑕𐑑𐑮𐑦	30
fragment	alternative history	NN1	GenAm	ˈɒltəRnətɪv-	𐑪𐑤𐑑𐑼𐑯𐑩𐑑𐑦𐑝-	ˈɒltəRnətɪv ˌhɪstri	𐑪𐑤𐑑𐑼𐑯𐑩𐑑𐑦𐑝 𐑣𐑦𐑕𐑑𐑮𐑦	30
fragment	altitudinarian	AJ0	RSSB	-tʃuːdɪ-	-𐑗𐑵𐑛𐑦-	æltɪtjuːdɪneəriəRn	𐑨𐑤𐑑𐑦𐑑𐑿𐑛𐑦𐑯𐑺𐑦𐑼𐑯	1
fragment	altitudinarian	NN1	RSSB	-tʃuːdɪ-	-𐑗𐑵𐑛𐑦-	æltɪtjuːdɪneəriəRn	𐑨𐑤𐑑𐑦𐑑𐑿𐑛𐑦𐑯𐑺𐑦𐑼𐑯	1
fragment	amaranth	NN1	RSSB	-rænt	-𐑮𐑨𐑯𐑑	æmərænθ	𐑨𐑥𐑼𐑨𐑯𐑔	89
fragment	amaretto	NN1	GenAm	-toʊ	-𐑑𐑴	ˌæməˈretoʊ	𐑨𐑥𐑼𐑧𐑑𐑴	1
fragment	amateur hour	NN1	RSSB	-tjəR	-𐑑𐑘𐑼	aməRtəR aʊər	𐑨𐑥𐑼𐑑𐑼 𐑬𐑼	30
fragment	amateur hour	NN1	RSSB	-tjəəR	-𐑑𐑘𐑩𐑼	aməRtəR aʊər	𐑨𐑥𐑼𐑑𐑼 𐑬𐑼	3
fragment	amateur hour	NN1	GenAm	-tʃəR	-𐑗𐑼	ˈæmətəR ˈaʊəR	𐑨𐑥𐑩𐑑𐑼 𐑬𐑼	30
fragment	amateur hour	NN1	GenAm	-tʃʊəR	-𐑗𐑫𐑼	ˈæmətəR ˈaʊəR	𐑨𐑥𐑩𐑑𐑼 𐑬𐑼	30
fragment	amatol	NN1	GenAm	-ˌtɒl	-𐑑𐑪𐑤	ˈæməˌtɒl	𐑨𐑥𐑩𐑑𐑪𐑤	89
fragment	Amazonomachia	NN1	RSSB	-ˈmeɪ-	-𐑥𐑱-	ˌæməzɒnəˈmækiə	𐑨𐑥𐑩𐑟𐑪𐑯𐑩𐑥𐑨𐑒𐑦𐑩	89
fragment	Amazonomachia	NN1	GenAm	-ˈmeɪ-	-𐑥𐑱-	ˌæməˌzɒnəˈmækiə	𐑨𐑥𐑩𐑟𐑪𐑯𐑩𐑥𐑨𐑒𐑦𐑩	89
fragment	Amazonomachia	NN1	RSSB	-aɪ	-𐑲	ˌæməzɒnəˈmækiə	𐑨𐑥𐑩𐑟𐑪𐑯𐑩𐑥𐑨𐑒𐑦𐑩	89
fragment	Amazonomachia	NN1	GenAm	-aɪ	-𐑲	ˌæməˌzɒnəˈmækiə	𐑨𐑥𐑩𐑟𐑪𐑯𐑩𐑥𐑨𐑒𐑦𐑩	89
fragment	Amazonomachiae	NN1	RSSB	-aɪ	-𐑲	ˌæməzɒnəˈmækiiː	𐑨𐑥𐑩𐑟𐑪𐑯𐑩𐑥𐑨𐑒𐑦𐑰	89
fragment	Amazonomachiae	NN1	GenAm	-aɪ	-𐑲	ˌæməˌzɒnəˈmeɪkiˌi	𐑨𐑥𐑩𐑟𐑪𐑯𐑩𐑥𐑱𐑒𐑦𐑦	89
fragment	Amazonomachy	NN1	GenAm	ˌæməˌzɒ-	𐑨𐑥𐑩𐑟𐑪-	ˌæməzəˈnɒməki	𐑨𐑥𐑩𐑟𐑩𐑯𐑪𐑥𐑩𐑒𐑦	89
fragment	ambiversion	NN1	RSSB	-ʒəRn	-𐑠𐑼𐑯	æmbɪvɜːRʃən	𐑨𐑥𐑚𐑦𐑝𐑻𐑖𐑩𐑯	89
fragment	ambiversion	NN1	GenAm	-ʒən	-𐑠𐑩𐑯	ˌæmbəˈvəRʃən	𐑨𐑥𐑚𐑩𐑝𐑼𐑖𐑩𐑯	1
fragment	ambivert	NN1	RSSB	-vəːt	-𐑝𐑩ː𐑑	æmbɪvɜːRt	𐑨𐑥𐑚𐑦𐑝𐑻𐑑	1
fragment	ambiverted	AJ0	RSSB	-vəː-	-𐑝𐑩ː-	æmbɪvɜːRtƏd	𐑨𐑥𐑚𐑦𐑝𐑻𐑑𐑩𐑛	1
fragment	ambiverted	AJ0	GenAm	-təd	-𐑑𐑩𐑛	ˌæmbəˈvəRtƏd	𐑨𐑥𐑚𐑩𐑝𐑼𐑑𐑩𐑛	1
fragment	ambiverted	AJ0	GenAm	-tƏd	-𐑑𐑩𐑛	ˌæmbəˈvəRtƏd	𐑨𐑥𐑚𐑩𐑝𐑼𐑑𐑩𐑛	1
fragment	ambulatorial	AJ0	GenAm	-bjə-	-𐑚𐑘𐑩-	ˌambjələˈtoriəl	𐑨𐑥𐑚𐑘𐑩𐑤𐑩𐑑𐑪𐑮𐑦𐑩𐑤	1
fragment	ambulatorial	AJ0	GenAm	-ˈto̞r-	-𐑑𐑪̞𐑮-	ˌambjələˈtoriəl	𐑨𐑥𐑚𐑘𐑩𐑤𐑩𐑑𐑪𐑮𐑦𐑩𐑤	1
fragment	ambulatory	AJ0	GenAm	-bjə-	-𐑚𐑘𐑩-	ˈambjələˌtori	𐑨𐑥𐑚𐑘𐑩𐑤𐑩𐑑𐑪𐑮𐑦	1
fragment	ambulatory	NN1	GenAm	-bjə-	-𐑚𐑘𐑩-	ˈambjələˌtori	𐑨𐑥𐑚𐑘𐑩𐑤𐑩𐑑𐑪𐑮𐑦	1
fragment	amoretto	NN1	GenAm	-toʊ	-𐑑𐑴	ˌæməˈretoʊ	𐑨𐑥𐑼𐑧𐑑𐑴	1
fragment	amour	NN1	GenAm	-ˈmor	-𐑥𐑪𐑮	əˈmʊr	𐑩𐑥𐑫𐑮	89
fragment	anatomize	VVI	GenAm	-tə-	-𐑑𐑩-	əˈnætəmaɪz	𐑩𐑯𐑨𐑑𐑩𐑥𐑲𐑟	89
fragment	anecdata	NN1	GenAm	-tə	-𐑑𐑩	ˈænikdætə	𐑨𐑯𐑦𐑒𐑛𐑨𐑑𐑩	89
fragment	angular	AJ0	GenAm	-lɑːR	-𐑤𐑸	ˈæŋɡjuləR	𐑨𐑙𐑜𐑘𐑫𐑤𐑼	89
fragment	angular	NN1	GenAm	-lɑːR	-𐑤𐑸	ˈæŋɡjuləR	𐑨𐑙𐑜𐑘𐑫𐑤𐑼	89
fragment	anhypostasia	NN1	GenAm	-ʒə	-𐑠𐑩	ænˌhaɪpəˈsteɪʒiə	𐑨𐑯𐑣𐑲𐑐𐑩𐑕𐑑𐑱𐑠𐑦𐑩	89
fragment	animal coat	NN1	RSSB	ˈan-	𐑨𐑯-	ˈænəməl kəʊt	𐑨𐑯𐑩𐑥𐑩𐑤 𐑒𐑴𐑑	89
fragment	animanga	NN1	GenAm	-ˈmæŋɡə	-𐑥𐑨𐑙𐑜𐑩	ˌænɪˈmɒŋɡə	𐑨𐑯𐑦𐑥𐑪𐑙𐑜𐑩	89
fragment	annuli	NN1	RSSB	-li	-𐑤𐑦	ˈænjəlaɪ	𐑨𐑯𐑘𐑩𐑤𐑲	89
fragment	annuli	NN1	GenAm	-li	-𐑤𐑦	ˈænjəlaɪ	𐑨𐑯𐑘𐑩𐑤𐑲	89
fragment	annulus	NN1	RSSB	-li	-𐑤𐑦	ˈænjələs	𐑨𐑯𐑘𐑩𐑤𐑩𐑕	89
fragment	annulus	NN1	GenAm	-li	-𐑤𐑦	ˈænjələs	𐑨𐑯𐑘𐑩𐑤𐑩𐑕	89
fragment	anomaloscope	NN1	RSSB	-lə-	-𐑤𐑩-	əˈnɒmələʊskəʊp	𐑩𐑯𐑪𐑥𐑩𐑤𐑴𐑕𐑒𐑴𐑐	89
fragment	anomaloscope	NN1	GenAm	-lə-	-𐑤𐑩-	əˈnɒməloʊskoʊp	𐑩𐑯𐑪𐑥𐑩𐑤𐑴𐑕𐑒𐑴𐑐	89
fragment	anoxia	NN1	RSSB	æˈnɒk-	𐑨𐑯𐑪𐑒-	ænˈɒksɪə	𐑨𐑯𐑪𐑒𐑕𐑾	89
fragment	anoxia	NN1	GenAm	æˈnɒk-	𐑨𐑯𐑪𐑒-	ænˈɒksiə	𐑨𐑯𐑪𐑒𐑕𐑦𐑩	89
fragment	antediluvian	AJ0	GenAm	-tə-	-𐑑𐑩-	ˌæntidəˈluviən	𐑨𐑯𐑑𐑦𐑛𐑩𐑤𐑫𐑝𐑦𐑩𐑯	89
fragment	antediluvian	AJ0	GenAm	-ti-	-𐑑𐑦-	ˌæntidəˈluviən	𐑨𐑯𐑑𐑦𐑛𐑩𐑤𐑫𐑝𐑦𐑩𐑯	89
fragment	antediluvian	NN1	GenAm	-tə-	-𐑑𐑩-	ˌæntidəˈluviən	𐑨𐑯𐑑𐑦𐑛𐑩𐑤𐑫𐑝𐑦𐑩𐑯	89
fragment	antediluvian	NN1	GenAm	-ti-	-𐑑𐑦-	ˌæntidəˈluviən	𐑨𐑯𐑑𐑦𐑛𐑩𐑤𐑫𐑝𐑦𐑩𐑯	89
fragment	anthraquinone	NN1	GenAm	-ˈkwaɪnoʊn	-𐑒𐑢𐑲𐑯𐑴𐑯	ˌænθrəkwɪˈnoʊn	𐑨𐑯𐑔𐑮𐑩𐑒𐑢𐑦𐑯𐑴𐑯	1
fragment	anti-Semitic	AJ0	GenAm	ˌæntaɪ-	𐑨𐑯𐑑𐑲-	ˌæntiːsəˈmɪtɪk	𐑨𐑯𐑑𐑰𐑕𐑩𐑥𐑦𐑑𐑦𐑒	89
fragment	anti-story	NN1	RSSB	æntaɪ-	𐑨𐑯𐑑𐑲-	æntistɔːri	𐑨𐑯𐑑𐑦𐑕𐑑𐑹𐑦	1
fragment	anti-transmasculinity	NN1	GenAm	ˌæntaɪ-	𐑨𐑯𐑑𐑲-	ˌæntiːtrænzˌmæskjəˈlɪnɪti	𐑨𐑯𐑑𐑰𐑑𐑮𐑨𐑯𐑟𐑥𐑨𐑕𐑒𐑘𐑩𐑤𐑦𐑯𐑦𐑑𐑦	1
fragment	antiandrogen	NN1	GenAm	ˌæni-	𐑨𐑯𐑦-	ˌætiˈændrədʒɪn	𐑨𐑑𐑦𐑨𐑯𐑛𐑮𐑩𐑡𐑦𐑯	1
fragment	anticarious	AJ0	GenAm	ˌæntaɪˈ-	𐑨𐑯𐑑𐑲-	ˌæntiˈkeriəs	𐑨𐑯𐑑𐑦𐑒𐑧𐑮𐑦𐑩𐑕	1
fragment	anticercarial	AJ0	GenAm	ˌæntaɪˌ-	𐑨𐑯𐑑𐑲-	ˌæntiˌsɜːRˈkeriəl	𐑨𐑯𐑑𐑦𐑕𐑻𐑒𐑧𐑮𐑦𐑩𐑤	1
fragment	antidictionary	NN1	GenAm	-taɪ-	-𐑑𐑲-	æntiˈdɪkʃəˌneri	𐑨𐑯𐑑𐑦𐑛𐑦𐑒𐑖𐑩𐑯𐑧𐑮𐑦	1
fragment	antidictionary	NN1	GenAm	-ti-	-𐑑𐑦-	æntiˈdɪkʃəˌneri	𐑨𐑯𐑑𐑦𐑛𐑦𐑒𐑖𐑩𐑯𐑧𐑮𐑦	1
fragment	antiegalitarian	AJ0	GenAm	ˌæntaɪ-	𐑨𐑯𐑑𐑲-	ˌæntiɪˌɡælɪˈteriən	𐑨𐑯𐑑𐑦𐑦𐑜𐑨𐑤𐑦𐑑𐑧𐑮𐑦𐑩𐑯	1
fragment	antiegalitarian	NN1	GenAm	ˌæntaɪ-	𐑨𐑯𐑑𐑲-	ˌæntiɪˌɡælɪˈteriən	𐑨𐑯𐑑𐑦𐑦𐑜𐑨𐑤𐑦𐑑𐑧𐑮𐑦𐑩𐑯	1
fragment	antilapsarian	NN1	GenAm	ˌæntaɪˌ-	𐑨𐑯𐑑𐑲-	ˌæntəˌlæpˈseriən	𐑨𐑯𐑑𐑩𐑤𐑨𐑐𐑕𐑧𐑮𐑦𐑩𐑯	1
fragment	antilibertarian	AJ0	GenAm	ˌæntaɪˌ-	𐑨𐑯𐑑𐑲-	ˌæntiˌlɪbərˈteriən	𐑨𐑯𐑑𐑦𐑤𐑦𐑚𐑼𐑑𐑧𐑮𐑦𐑩𐑯	1
fragment	antilibertarian	NN1	GenAm	ˌæntaɪˌ-	𐑨𐑯𐑑𐑲-	ˌæntiˌlɪbərˈteriən	𐑨𐑯𐑑𐑦𐑤𐑦𐑚𐑼𐑑𐑧𐑮𐑦𐑩𐑯	1
fragment	antimalaria	AJ0	RSSB	-taɪ-	-𐑑𐑲-	æntiməleəriə	𐑨𐑯𐑑𐑦𐑥𐑩𐑤𐑺𐑦𐑩	1
fragment	antimalaria	AJ0	GenAm	-taɪ-	-𐑑𐑲-	ˌæntiməˈleriə	𐑨𐑯𐑑𐑦𐑥𐑩𐑤𐑧𐑮𐑦𐑩	1
fragment	antimalarial	NN1	RSSB	-taɪ-	-𐑑𐑲-	æntiməRleəriəRl	𐑨𐑯𐑑𐑦𐑥𐑼𐑤𐑺𐑦𐑼𐑤	1
fragment	antimalarial	NN1	GenAm	-taɪ-	-𐑑𐑲-	ˌæntiməˈleriəl	𐑨𐑯𐑑𐑦𐑥𐑩𐑤𐑧𐑮𐑦𐑩𐑤	1
fragment	antimalarial	AJ0	RSSB	-taɪ-	-𐑑𐑲-	æntiməRleəriəRl	𐑨𐑯𐑑𐑦𐑥𐑼𐑤𐑺𐑦𐑼𐑤	1
fragment	antimalarial	AJ0	GenAm	-taɪ-	-𐑑𐑲-	ˌæntiməˈleriəl	𐑨𐑯𐑑𐑦𐑥𐑩𐑤𐑧𐑮𐑦𐑩𐑤	1
fragment	antimicrofilarial	AJ0	GenAm	ˌæntaɪˌ-	𐑨𐑯𐑑𐑲-	ˌæntiˌmaɪkroʊfəˈleriəl	𐑨𐑯𐑑𐑦𐑥𐑲𐑒𐑮𐑴𐑓𐑩𐑤𐑧𐑮𐑦𐑩𐑤	1
fragment	antiparkinsonian	NN1	GenAm	ˌantaɪˌ-	𐑨𐑯𐑑𐑲-	ˌantiˌpɑːRkɪnˈsoʊniən	𐑨𐑯𐑑𐑦𐑐𐑸𐑒𐑦𐑯𐑕𐑴𐑯𐑦𐑩𐑯	1
fragment	antipasto	NN1	RSSB	-ˈpæs-	-𐑐𐑨𐑕-			89
fragment	antipatharian	NN1	GenAm	ˌæntaɪ-	𐑨𐑯𐑑𐑲-	ˌæntəpəˈθeriən	𐑨𐑯𐑑𐑩𐑐𐑩𐑔𐑧𐑮𐑦𐑩𐑯	1
fragment	antiprolific	AJ0	GenAm	-taɪ-	-𐑑𐑲-	ˌæntiprəˈlɪfɪk	𐑨𐑯𐑑𐑦𐑐𐑮𐑩𐑤𐑦𐑓𐑦𐑒	1
fragment	antiprolific	AJ0	GenAm	-ˌproʊˈ-	-𐑐𐑮𐑴-	ˌæntiprəˈlɪfɪk	𐑨𐑯𐑑𐑦𐑐𐑮𐑩𐑤𐑦𐑓𐑦𐑒	89
fragment	antitrinitarian	AJ0	RSSB	-taɪ-	-𐑑𐑲-	æntitrɪnɪteəriəRn	𐑨𐑯𐑑𐑦𐑑𐑮𐑦𐑯𐑦𐑑𐑺𐑦𐑼𐑯	1
fragment	antitrinitarian	AJ0	GenAm	-taɪˌ-	-𐑑𐑲-	ˌæntiˌtrɪnɪˈteriən	𐑨𐑯𐑑𐑦𐑑𐑮𐑦𐑯𐑦𐑑𐑧𐑮𐑦𐑩𐑯	1
fragment	antitrinitarian	NN1	RSSB	-taɪ-	-𐑑𐑲-	æntitrɪnɪteəriəRn	𐑨𐑯𐑑𐑦𐑑𐑮𐑦𐑯𐑦𐑑𐑺𐑦𐑼𐑯	1
fragment	antitrinitarian	NN1	GenAm	-taɪˌ-	-𐑑𐑲-	ˌæntiˌtrɪnɪˈteriən	𐑨𐑯𐑑𐑦𐑑𐑮𐑦𐑯𐑦𐑑𐑧𐑮𐑦𐑩𐑯	1
fragment	anuran	NN1	GenAm	æ-	𐑨-	əˈnjərən	𐑩𐑯𐑘𐑼𐑩𐑯	1
fragment	anuran	AJ0	GenAm	æ-	𐑨-	əˈnjərən	𐑩𐑯𐑘𐑼𐑩𐑯	1
fragment	Aotearoa New Zealand	NP0	RSSB	- njuː -	- 𐑯𐑿 -	ɑːəʊtiːərəʊəR nju ziːlənd	𐑭𐑴𐑑𐑰𐑼𐑴𐑼 𐑯𐑘𐑫 𐑟𐑰𐑤𐑩𐑯𐑛	1
fragment	apastron	NN1	GenAm	ə-	𐑩-	æˈpæstrən	𐑨𐑐𐑨𐑕𐑑𐑮𐑩𐑯	1
fragment	aphonia	NN1	RSSB	əˈ-	𐑩-	eɪˈfəʊniə	𐑱𐑓𐑴𐑯𐑦𐑩	89
fragment	aplomb	NN1	RSSB	æ-	𐑨-			89
fragment	aposematism	NN1	GenAm	-pə-	-𐑐𐑩-	ˌæpoʊsɪˈmætɪzəm	𐑨𐑐𐑴𐑕𐑦𐑥𐑨𐑑𐑦𐑟𐑩𐑥	89
fragment	aposematism	NN1	GenAm	-tɪ-	-𐑑𐑦-	ˌæpoʊsɪˈmætɪzəm	𐑨𐑐𐑴𐑕𐑦𐑥𐑨𐑑𐑦𐑟𐑩𐑥	89
fragment	apostate	AJ0	GenAm	əˈpɒs-	𐑩𐑐𐑪𐑕-	əˈpɒsteɪt	𐑩𐑐𐑪𐑕𐑑𐑱𐑑	89
fragment	apostate	NN1	GenAm	əˈpɒs-	𐑩𐑐𐑪𐑕-	əˈpɒsteɪt	𐑩𐑐𐑪𐑕𐑑𐑱𐑑	89
fragment	appositive	AJ0	GenAm	-tɪv	-𐑑𐑦𐑝	əˈpɒzɪtɪv	𐑩𐑐𐑪𐑟𐑦𐑑𐑦𐑝	89
fragment	appositive	NN1	GenAm	-tɪv	-𐑑𐑦𐑝	əˈpɒzɪtɪv	𐑩𐑐𐑪𐑟𐑦𐑑𐑦𐑝	89
fragment	aquaculture	NN1	RSSB	ɑːkwəR-	𐑭𐑒𐑢𐑼-	ækwəkʌltʃəR	𐑨𐑒𐑢𐑩𐑒𐑳𐑤𐑗𐑼	89
fragment	aquaculture	NN1	GenAm	ˈɒkwəˌ-	𐑪𐑒𐑢𐑩-	ˈækwəˌkʌltʃəR	𐑨𐑒𐑢𐑩𐑒𐑳𐑤𐑗𐑼	1
fragment	aquaponics	NN1	GenAm	ˌækwə-	𐑨𐑒𐑢𐑩-	ˌɒkwəˈpɒnɪks	𐑪𐑒𐑢𐑩𐑐𐑪𐑯𐑦𐑒𐑕	89
fragment	aquarium	NN1	GenAm	-eriəm	-𐑧𐑮𐑦𐑩𐑥	əˈkwerijəm	𐑩𐑒𐑢𐑧𐑮𐑦𐑘𐑩𐑥	89
fragment	aquaterrarium	NN1	RSSB	ɑːRkwəRtə-	𐑸𐑒𐑢𐑼𐑑𐑩-	ækwəRtəreəriəRm	𐑨𐑒𐑢𐑼𐑑𐑼𐑺𐑦𐑼𐑥	30
fragment	aquaterrarium	NN1	GenAm	ˌɒkwətəˈ-	𐑪𐑒𐑢𐑩𐑑𐑩-	ˌækwətəˈreriəm	𐑨𐑒𐑢𐑩𐑑𐑼𐑧𐑮𐑦𐑩𐑥	1
fragment	araucaria	NN1	GenAm	er-	𐑧𐑮-	ærɒˈkeriə	𐑨𐑮𐑪𐑒𐑧𐑮𐑦𐑩	30
fragment	araucaria	NN1	GenAm	rɒˈ-	𐑮𐑪-	ærɒˈkeriə	𐑨𐑮𐑪𐑒𐑧𐑮𐑦𐑩	30
fragment	Araucaria	NN1	GenAm	er-	𐑧𐑮-	ærɒˈkeriə	𐑨𐑮𐑪𐑒𐑧𐑮𐑦𐑩	30
fragment	Araucaria	NN1	GenAm	rɒˈ-	𐑮𐑪-	ærɒˈkeriə	𐑨𐑮𐑪𐑒𐑧𐑮𐑦𐑩	30
fragment	araucarian	AJ0	GenAm	ˌærɒˈ-	𐑨𐑮𐑪-	ˌærɒˈkeriən	𐑨𐑮𐑪𐑒𐑧𐑮𐑦𐑩𐑯	30
fragment	araucarian	NN1	GenAm	ˌærɒˈ-	𐑨𐑮𐑪-	ˌærɒˈkeriən	𐑨𐑮𐑪𐑒𐑧𐑮𐑦𐑩𐑯	30
fragment	archdiocese	NN1	RSSB	-siːz	-𐑕𐑰𐑟	ɑːRtʃdaɪəsɪs	𐑸𐑗𐑛𐑲𐑩𐑕𐑦𐑕	1
fragment	archdiocese	NN1	GenAm	-siːz	-𐑕𐑰𐑟	ˌɑːRtʃˈdaɪəsɪs	𐑸𐑗𐑛𐑲𐑩𐑕𐑦𐑕	1
fragment	arenarious	AJ0	GenAm	ˌerəˈ-	𐑧𐑮𐑩-	ˌærəˈneriəs	𐑨𐑮𐑩𐑯𐑧𐑮𐑦𐑩𐑕	30
fragment	argument	NN1	GenAm	-ɡju-	-𐑜𐑘𐑫-	ˈɑːRɡjəmənt	𐑸𐑜𐑘𐑩𐑥𐑩𐑯𐑑	1
fragment	argument	NN1	GenAm	-ɡjə-	-𐑜𐑘𐑩-	ˈɑːRɡjəmənt	𐑸𐑜𐑘𐑩𐑥𐑩𐑯𐑑	1
fragment	argument	VVI	GenAm	-ɡju-	-𐑜𐑘𐑫-	ˈɑːRɡjəmənt	𐑸𐑜𐑘𐑩𐑥𐑩𐑯𐑑	1
fragment	argument	VVI	GenAm	-ɡjə-	-𐑜𐑘𐑩-	ˈɑːRɡjəmənt	𐑸𐑜𐑘𐑩𐑥𐑩𐑯𐑑	1
fragment	argumentation	NN1	RSSB	ɑːRɡjə-	𐑸𐑜𐑘𐑩-	ɑːRɡjəRmenteɪʃən	𐑸𐑜𐑘𐑼𐑥𐑧𐑯𐑑𐑱𐑖𐑩𐑯	89
fragment	argumentation	NN1	GenAm	ˌɑːRɡju-	𐑸𐑜𐑘𐑫-	ˌɑːRɡjəmenˈteɪʃən	𐑸𐑜𐑘𐑩𐑥𐑧𐑯𐑑𐑱𐑖𐑩𐑯	89
fragment	argumentative	AJ0	GenAm	-tɪv	-𐑑𐑦𐑝	ˌɑːRɡjəˈmentətɪv	𐑸𐑜𐑘𐑩𐑥𐑧𐑯𐑑𐑩𐑑𐑦𐑝	1
fragment	arietta	NN1	RSSB	ɑːR-	𐑸-	ærietə	𐑨𐑮𐑦𐑧𐑑𐑩	89
fragment	arigato	ITJ	GenAm	æ-	𐑨-	ˌɑːriˈɡɑːtoʊ	𐑸𐑦𐑜𐑭𐑑𐑴	1
fragment	arigato	ITJ	RSSB	æ-	𐑨-	ɑːriɡɑːRtəʊ	𐑸𐑦𐑜𐑸𐑑𐑴	1
fragment	arigato	ITJ	GenAm	-rɪ-	-𐑮𐑦-	ˌɑːriˈɡɑːtoʊ	𐑸𐑦𐑜𐑭𐑑𐑴	89
fragment	arigato	ITJ	RSSB	-rɪ-	-𐑮𐑦-	ɑːriɡɑːRtəʊ	𐑸𐑦𐑜𐑸𐑑𐑴	89
fragment	arigato	ITJ	GenAm	-ɡæ-	-𐑜𐑨-	ˌɑːriˈɡɑːtoʊ	𐑸𐑦𐑜𐑭𐑑𐑴	1
fragment	arigato	ITJ	RSSB	-ɡæ-	-𐑜𐑨-	ɑːriɡɑːRtəʊ	𐑸𐑦𐑜𐑸𐑑𐑴	1
fragment	ariose	AJ0	RSSB	æ-	𐑨-	ɒriːəʊs	𐑪𐑮𐑰𐑴𐑕	1
fragment	ariose	AJ0	GenAm	ˈæ-	𐑨-	ˈɑːRiˌoʊs	𐑸𐑦𐑴𐑕	1
fragment	Arkansas	NP0	GenAm	-ɒ	-𐑪	ˈɑːRkənˌsɒ	𐑸𐑒𐑩𐑯𐑕𐑪	1
fragment	Armageddon	NP0	RSSB	-ɡedən	-𐑜𐑧𐑛𐑩𐑯	ɑːrməɡedən	𐑸𐑥𐑩𐑜𐑧𐑛𐑩𐑯	1
fragment	Armageddon	NP0	GenAm	-ˈɡedən	-𐑜𐑧𐑛𐑩𐑯	ˌɑːRməˈɡedən	𐑸𐑥𐑩𐑜𐑧𐑛𐑩𐑯	1
fragment	armageddon	NN1	RSSB	-ɡedən	-𐑜𐑧𐑛𐑩𐑯	ɑːrməɡedən	𐑸𐑥𐑩𐑜𐑧𐑛𐑩𐑯	1
fragment	armageddon	NN1	GenAm	-ˈɡedən	-𐑜𐑧𐑛𐑩𐑯	ˌɑːRməˈɡedən	𐑸𐑥𐑩𐑜𐑧𐑛𐑩𐑯	1
fragment	armamentarium	NN1	RSSB	ɑːRməRmen-	𐑸𐑥𐑼𐑥𐑧𐑯-	ɑːRməRmənteəriəRm	𐑸𐑥𐑼𐑥𐑩𐑯𐑑𐑺𐑦𐑼𐑥	89
fragment	armamentarium	NN1	GenAm	ˌɑːRməˌmenˈ-	𐑸𐑥𐑩𐑥𐑧𐑯-	ˌɑːRməmənˈteriəm	𐑸𐑥𐑩𐑥𐑩𐑯𐑑𐑧𐑮𐑦𐑩𐑥	30
fragment	armistice	NN1	GenAm	-məstəs	-𐑥𐑩𐑕𐑑𐑩𐑕	ˈɑːRmɪstɪs	𐑸𐑥𐑦𐑕𐑑𐑦𐑕	1
fragment	armistice	NP0	GenAm	-məstəs	-𐑥𐑩𐑕𐑑𐑩𐑕	ˈɑːRmɪstɪs	𐑸𐑥𐑦𐑕𐑑𐑦𐑕	1
fragment	Armistice	NP0	GenAm	-məstəs	-𐑥𐑩𐑕𐑑𐑩𐑕	ˈɑːRmɪstɪs	𐑸𐑥𐑦𐑕𐑑𐑦𐑕	1
fragment	arsenate	NN1	RSSB	-nɪt	-𐑯𐑦𐑑	ɑːRsəneɪt	𐑸𐑕𐑩𐑯𐑱𐑑	1
fragment	arthra	NN1	RSSB	ar-	𐑨𐑮-	ærθrɑːR	𐑨𐑮𐑔𐑮𐑸	30
fragment	arthra	NN1	GenAm	ˌerˈ-	𐑧𐑮-	ˌærˈθrɒ	𐑨𐑮𐑔𐑮𐑪	30
fragment	arthron	NN1	RSSB	ar-	𐑨𐑮-	ærθrəʊn	𐑨𐑮𐑔𐑮𐑴𐑯	30
fragment	arthron	NN1	GenAm	ˌerˈ-	𐑧𐑮-	ˌærˈθroʊn	𐑨𐑮𐑔𐑮𐑴𐑯	30
fragment	artifact	NN1	GenAm	-tɪ-	-𐑑𐑦-	ˈɑːRtɪfækt	𐑸𐑑𐑦𐑓𐑨𐑒𐑑	1
fragment	artifact	NN1	GenAm	-tə-	-𐑑𐑩-	ˈɑːRtɪfækt	𐑸𐑑𐑦𐑓𐑨𐑒𐑑	1
fragment	asceses	NN1	GenAm	æ-	𐑨-	əˈsisiz	𐑩𐑕𐑦𐑕𐑦𐑟	89
fragment	ascesis	NN1	GenAm	æ-	𐑨-	əˈsisɪs	𐑩𐑕𐑦𐑕𐑦𐑕	89
fragment	askeses	NN1	GenAm	æ-	𐑨-	əˈskisiz	𐑩𐑕𐑒𐑦𐑕𐑦𐑟	89
fragment	askesis	NN1	GenAm	æ-	𐑨-	əˈskisɪs	𐑩𐑕𐑒𐑦𐑕𐑦𐑕	89
fragment	ASMRtist	NN1	GenAm	-tɪst	-𐑑𐑦𐑕𐑑	ˌeɪesemˈɑːRtɪst	𐑱𐑧𐑕𐑧𐑥𐑸𐑑𐑦𐑕𐑑	1
fragment	asperity	NN1	GenAm	-ti	-𐑑𐑦	əˈsperɪti	𐑩𐑕𐑐𐑧𐑮𐑦𐑑𐑦	1
fragment	asphalt	NN1	RSSB	ˈæʃ-	𐑨𐑖-	ˈæsfɔːlt	𐑨𐑕𐑓𐑷𐑤𐑑	89
fragment	asphalt	VVI	RSSB	ˈæʃ-	𐑨𐑖-	ˈæsfɔːlt	𐑨𐑕𐑓𐑷𐑤𐑑	89
fragment	asport	NN1	RSSB	æ-	𐑨-	əspɔːRt	𐑩𐑕𐑐𐑹𐑑	1
fragment	asport	NN1	GenAm	æˈ-	𐑨-	əˈspɔːRt	𐑩𐑕𐑐𐑹𐑑	1
fragment	asport	VVI	RSSB	æ-	𐑨-	əspɔːRt	𐑩𐑕𐑐𐑹𐑑	1
fragment	asport	VVI	GenAm	æˈ-	𐑨-	əˈspɔːRt	𐑩𐑕𐑐𐑹𐑑	1
fragment	asymptomatic	AJ0	GenAm	-tɪk	-𐑑𐑦𐑒	ˌeɪˌsɪmptəˈmætɪk	𐑱𐑕𐑦𐑥𐑐𐑑𐑩𐑥𐑨𐑑𐑦𐑒	89
fragment	asymptomatic	NN1	GenAm	-tɪk	-𐑑𐑦𐑒	ˌeɪˌsɪmptəˈmætɪk	𐑱𐑕𐑦𐑥𐑐𐑑𐑩𐑥𐑨𐑑𐑦𐑒	89
fragment	at loggerheads	UNC	GenAm	ˈlɒ-	𐑤𐑪-	æt ˈlɒɡəRˌhedz	𐑨𐑑 𐑤𐑪𐑜𐑼𐑣𐑧𐑛𐑟	1
fragment	atelier	NN1	RSSB	-lje	-𐑤𐑘𐑧	əteljeɪ	𐑩𐑑𐑧𐑤𐑘𐑱	1
fragment	atelier	NN1	GenAm	ˌætəl-	𐑨𐑑𐑩𐑤-	əˈtelˌjeɪ	𐑩𐑑𐑧𐑤𐑘𐑱	1
fragment	atelier	NN1	GenAm	ˌætl-	𐑨𐑑𐑤-	əˈtelˌjeɪ	𐑩𐑑𐑧𐑤𐑘𐑱	1
fragment	Atmore	NP0	GenAm	ˈæʔ-	𐑨ʔ-	ˈætmor	𐑨𐑑𐑥𐑪𐑮	1
fragment	atomicity	NN1	GenAm	-tə-	-𐑑𐑩-	ˌætəˈmɪsɪti	𐑨𐑑𐑩𐑥𐑦𐑕𐑦𐑑𐑦	89
fragment	atomicity	NN1	GenAm	-ti	-𐑑𐑦	ˌætəˈmɪsɪti	𐑨𐑑𐑩𐑥𐑦𐑕𐑦𐑑𐑦	89
fragment	atomize	VVI	GenAm	-tə-	-𐑑𐑩-	ˈætəmaɪz	𐑨𐑑𐑩𐑥𐑲𐑟	89
fragment	atompunk	NN1	GenAm	-təm-	-𐑑𐑩𐑥-	ˈætəmpʌŋk	𐑨𐑑𐑩𐑥𐑐𐑳𐑙𐑒	89
fragment	atomy	NN1	GenAm	-tə-	-𐑑𐑩-	ˈætəmi	𐑨𐑑𐑩𐑥𐑦	89
fragment	atomy	AJ0	GenAm	-tə-	-𐑑𐑩-	ˈætəmi	𐑨𐑑𐑩𐑥𐑦	89
fragment	Attic salt	NN1	GenAm	-tɪk	-𐑑𐑦𐑒	ˈætɪk sɒlt	𐑨𐑑𐑦𐑒 𐑕𐑪𐑤𐑑	89
fragment	attitudinarian	NN1	RSSB	-tʃuːdɪ-	-𐑗𐑵𐑛𐑦-	ætɪtjuːdɪneəriəRn	𐑨𐑑𐑦𐑑𐑿𐑛𐑦𐑯𐑺𐑦𐑼𐑯	1
fragment	attitudinize	VVI	GenAm	-tə-	-𐑑𐑩-	ˌætəˈtudɪnˌaɪz	𐑨𐑑𐑩𐑑𐑫𐑛𐑦𐑯𐑲𐑟	89
fragment	aubade	NN1	RSSB	-ˈbæd	-𐑚𐑨𐑛	əʊˈbɑːd	𐑴𐑚𐑭𐑛	89
fragment	audiovisual	AJ0	RSSB	-ʒʊəl	-𐑠𐑫𐑼𐑤	ˌɔːdiəʊˈvɪzjəəl	𐑷𐑛𐑦𐑴𐑝𐑦𐑟𐑘𐑩𐑩𐑤	5
fragment	Augean stables	NN1	GenAm	ˈɒˌɡiən-	𐑪𐑜𐑦𐑩𐑯-	ɒˌdʒiən ˈsteɪbəlz	𐑪𐑡𐑦𐑩𐑯 𐑕𐑑𐑱𐑚𐑩𐑤𐑟	89
fragment	augmentative	AJ0	GenAm	ɒɡˈ-	𐑪𐑜-	ɒɡˈmentətɪv	𐑪𐑜𐑥𐑧𐑯𐑑𐑩𐑑𐑦𐑝	89
fragment	augmentative	NN1	GenAm	ɒɡˈ-	𐑪𐑜-	ɒɡˈmentətɪv	𐑪𐑜𐑥𐑧𐑯𐑑𐑩𐑑𐑦𐑝	89
fragment	august	AJ0	GenAm	ə-	𐑩-	ɒˈɡʌst	𐑪𐑜𐑳𐑕𐑑	89
fragment	august	VVI	GenAm	ə-	𐑩-	ɒˈɡʌst	𐑪𐑜𐑳𐑕𐑑	89
fragment	august	NN1	GenAm	ə-	𐑩-	ɒˈɡʌst	𐑪𐑜𐑳𐑕𐑑	89
fragment	auld lang syne	NN1	RSSB	-ˈzaɪn	-𐑟𐑲𐑯	ˌɔːld læŋ ˈsaɪn	𐑷𐑤𐑛 𐑤𐑨𐑙 𐑕𐑲𐑯	89
fragment	auld lang syne	NN1	GenAm	-ˈzaɪn	-𐑟𐑲𐑯	ˌɒldlæŋ ˈsaɪn	𐑪𐑤𐑛𐑤𐑨𐑙 𐑕𐑲𐑯	89
fragment	auld lang syne	NN1	GenAm	ˌoʊld-	𐑴𐑤𐑛-	ˌɒldlæŋ ˈsaɪn	𐑪𐑤𐑛𐑤𐑨𐑙 𐑕𐑲𐑯	89
fragment	auld lang syne	NN1	GenAm	ˌɒld-	𐑪𐑤𐑛-	ˌɒldlæŋ ˈsaɪn	𐑪𐑤𐑛𐑤𐑨𐑙 𐑕𐑲𐑯	89
fragment	auriculares posteriores	NN1	GenAm	-pɒˌstɪr-	-𐑐𐑪𐑕𐑑𐑦𐑮-	ɒˌrɪkjəˌlerˌiz poʊˌstɪriˈɔːRˌiz	𐑪𐑮𐑦𐑒𐑘𐑩𐑤𐑧𐑮𐑦𐑟 𐑐𐑴𐑕𐑑𐑦𐑮𐑦𐑹𐑦𐑟	30
fragment	Aurignacian	AJ0	GenAm	ˌɑːR-	𐑸-	ˌɔːRɪnˈjeɪʃən	𐑹𐑦𐑯𐑘𐑱𐑖𐑩𐑯	89
fragment	Aurignacian	AJ0	GenAm	oʊr-	𐑴𐑮-	ˌɔːRɪnˈjeɪʃən	𐑹𐑦𐑯𐑘𐑱𐑖𐑩𐑯	89
fragment	Aurignacian	NN1	GenAm	ˌɑːR-	𐑸-	ˌɔːRɪnˈjeɪʃən	𐑹𐑦𐑯𐑘𐑱𐑖𐑩𐑯	89
fragment	Aurignacian	NN1	GenAm	oʊr-	𐑴𐑮-	ˌɔːRɪnˈjeɪʃən	𐑹𐑦𐑯𐑘𐑱𐑖𐑩𐑯	89
fragment	aurulent	AJ0	RSSB	-jə-	-𐑘𐑩-	ɔːrjələnt	𐑹𐑘𐑩𐑤𐑩𐑯𐑑	1
fragment	aurulent	AJ0	GenAm	-jə-	-𐑘𐑩-	ˈorjələnt	𐑪𐑮𐑘𐑩𐑤𐑩𐑯𐑑	1
fragment	Aussie salute	NN1	RSSB	ˈɒsi-	𐑪𐑕𐑦-	ˈɒzi səˈljuːt	𐑪𐑟𐑦 𐑕𐑩𐑤𐑿𐑑	89
fragment	autarchy	NN1	RSSB	-tɑːR-	-𐑑𐑸-	ɔːRtəRki	𐑹𐑑𐑼𐑒𐑦	89
fragment	autarky	NN1	RSSB	-tɑːR-	-𐑑𐑸-	ɔːRtəRki	𐑹𐑑𐑼𐑒𐑦	89
fragment	Autauga	NP0	GenAm	əˈ-	𐑩-	ɒˈtɒɡə	𐑪𐑑𐑪𐑜𐑩	89
fragment	Autauga	AJ0	GenAm	əˈ-	𐑩-	ɒˈtɒɡə	𐑪𐑑𐑪𐑜𐑩	89
fragment	Autaugaville	NP0	GenAm	əˈ-	𐑩-	ɒˈtɒɡəvɪl	𐑪𐑑𐑪𐑜𐑩𐑝𐑦𐑤	89
fragment	authoritative	AJ0	GenAm	ɒ-	𐑪-	əˈθɔːRɪˌteɪtɪv	𐑩𐑔𐑹𐑦𐑑𐑱𐑑𐑦𐑝	1
fragment	autobus	NN1	GenAm	ˈɒtə-	𐑪𐑑𐑩-	ˈɒtoʊˌbʌs	𐑪𐑑𐑴𐑚𐑳𐑕	89
fragment	autonomous	AJ0	GenAm	ɒ-	𐑪-	ɒˈtɒnəməs	𐑪𐑑𐑪𐑯𐑩𐑥𐑩𐑕	89
fragment	autopaizuri	NN1	GenAm	ˌɒt-	𐑪𐑑-	ˌɒtəˌpaɪˈzʊri	𐑪𐑑𐑩𐑐𐑲𐑟𐑫𐑮𐑦	1
fragment	autosave	NN1	GenAm	ˈɒtoʊ-	𐑪𐑑𐑴-	ˈɒtoʊˌseɪv	𐑪𐑑𐑴𐑕𐑱𐑝	89
fragment	autosave	VVI	GenAm	ˈɒtoʊ-	𐑪𐑑𐑴-	ˈɒtoʊˌseɪv	𐑪𐑑𐑴𐑕𐑱𐑝	89
fragment	autosexual	AJ0	GenAm	ˌɒtoʊ-	𐑪𐑑𐑴-	ˌɒtəˈsekʃuəl	𐑪𐑑𐑩𐑕𐑧𐑒𐑖𐑫𐑩𐑤	89
fragment	autosexual	NN1	GenAm	ˌɒtoʊ-	𐑪𐑑𐑴-	ˌɒtəˈsekʃuəl	𐑪𐑑𐑩𐑕𐑧𐑒𐑖𐑫𐑩𐑤	89
fragment	auxiliary	AJ0	RSSB	ɔːRksɪl-	𐑹𐑒𐑕𐑦𐑤-	ɔːRɡzɪljəri	𐑹𐑜𐑟𐑦𐑤𐑘𐑼𐑦	89
fragment	auxiliary	NN1	RSSB	ɔːRksɪl-	𐑹𐑒𐑕𐑦𐑤-	ɔːRɡzɪljəri	𐑹𐑜𐑟𐑦𐑤𐑘𐑼𐑦	89
fragment	Avalon	NP0	RSSB	ˈæv-	𐑨𐑝-	ˈavəˌlɒn	𐑨𐑝𐑩𐑤𐑪𐑯	89
fragment	Avalon	NP0	RSSB	-ˌlɔːn	-𐑤𐑷𐑯	ˈavəˌlɒn	𐑨𐑝𐑩𐑤𐑪𐑯	89
fragment	avast	ITJ	RSSB	-ˈvæst	-𐑝𐑨𐑕𐑑	əˈvɑːst	𐑩𐑝𐑭𐑕𐑑	89
fragment	aviation	NN1	RSSB	ˌaviː-	𐑨𐑝𐑰-	ˌeɪviːˈeɪʃən	𐑱𐑝𐑰𐑱𐑖𐑩𐑯	89
fragment	aviation	NN1	RSSB	ˌæviː-	𐑨𐑝𐑰-	ˌeɪviːˈeɪʃən	𐑱𐑝𐑰𐑱𐑖𐑩𐑯	89
fragment	aviation	NN1	GenAm	ˌævi-	𐑨𐑝𐑦-	ˌeɪviˈeɪʃən	𐑱𐑝𐑦𐑱𐑖𐑩𐑯	89
fragment	aweless	AJ0	RSSB	-ləs	-𐑤𐑩𐑕	ˈɔːləs	𐑷𐑤𐑩𐑕	89
fragment	aweless	AJ0	GenAm	-ləs	-𐑤𐑩𐑕	ˈɒləs	𐑪𐑤𐑩𐑕	89
fragment	Aymara	NN1	RSSB	aɪmə-	𐑲𐑥𐑩-	aɪmɑːrɑːR	𐑲𐑥𐑸𐑸	1
fragment	Aymara	NN1	GenAm	ˌaɪmə-	𐑲𐑥𐑩-	ˌaɪmɒˈrɒ	𐑲𐑥𐑪𐑮𐑪	1
fragment	Aymara	NP0	RSSB	aɪmə-	𐑲𐑥𐑩-	aɪmɑːrɑːR	𐑲𐑥𐑸𐑸	1
fragment	Aymara	NP0	GenAm	ˌaɪmə-	𐑲𐑥𐑩-	ˌaɪmɒˈrɒ	𐑲𐑥𐑪𐑮𐑪	1
fragment	Ayurveda	NN1	RSSB	-ðə	-𐑞𐑩	aɪʊəRveɪdə	𐑲𐑫𐑼𐑝𐑱𐑛𐑩	1
fragment	babbitt metal	NN1	GenAm	-təl	-𐑑𐑩𐑤	ˈbæbɪt ˌmetəl	𐑚𐑨𐑚𐑦𐑑 𐑥𐑧𐑑𐑩𐑤	89
fragment	Babbitt's metal	NN1	GenAm	-təl	-𐑑𐑩𐑤	ˈbæbɪts ˌmetəl	𐑚𐑨𐑚𐑦𐑑𐑕 𐑥𐑧𐑑𐑩𐑤	89
fragment	baby duck syndrome	NN1	RSSB	-drəm	-𐑛𐑮𐑩𐑥	beɪbi dʌk sɪndrəʊm	𐑚𐑱𐑚𐑦 𐑛𐑳𐑒 𐑕𐑦𐑯𐑛𐑮𐑴𐑥	89
fragment	baby duck syndrome	NN1	GenAm	-drəm	-𐑛𐑮𐑩𐑥	ˌbeɪbi dʌk ˈsɪndroʊm	𐑚𐑱𐑚𐑦 𐑛𐑳𐑒 𐑕𐑦𐑯𐑛𐑮𐑴𐑥	89
fragment	back-of-the-envelope	AJ0	RSSB	-ˈɒnvələʊp	-𐑪𐑯𐑝𐑩𐑤𐑴𐑐	ˌbækəv ðiː ˈenvələʊp	𐑚𐑨𐑒𐑩𐑝 𐑞𐑰 𐑧𐑯𐑝𐑩𐑤𐑴𐑐	89
fragment	back-of-the-envelope	AJ0	GenAm	-ˈɒnvəˌloʊp	-𐑪𐑯𐑝𐑩𐑤𐑴𐑐	ˌbækəv ði ˈenvəˌloʊp	𐑚𐑨𐑒𐑩𐑝 𐑞𐑦 𐑧𐑯𐑝𐑩𐑤𐑴𐑐	89
fragment	back-of-the-envelope	AJ0	RSSB	-ˈɒnvləʊp	-𐑪𐑯𐑝𐑤𐑴𐑐	ˌbækəv ðiː ˈenvələʊp	𐑚𐑨𐑒𐑩𐑝 𐑞𐑰 𐑧𐑯𐑝𐑩𐑤𐑴𐑐	89
fragment	back-of-the-envelope	AJ0	GenAm	-envəˌlop	-𐑧𐑯𐑝𐑩𐑤𐑪𐑐	ˌbækəv ði ˈenvəˌloʊp	𐑚𐑨𐑒𐑩𐑝 𐑞𐑦 𐑧𐑯𐑝𐑩𐑤𐑴𐑐	89
fragment	Baja California	NP0	GenAm	ˈbɑːxə-	𐑚𐑭x𐑩-	ˈbɑːhə ˌkælɪˈfɔːrniə	𐑚𐑭𐑣𐑩 𐑒𐑨𐑤𐑦𐑓𐑹𐑯𐑦𐑩	1
fragment	baker's dozen	NN1	RSSB	- dʌzən	- 𐑛𐑳𐑟𐑩𐑯	beɪkəRz dʌzən	𐑚𐑱𐑒𐑼𐑟 𐑛𐑳𐑟𐑩𐑯	1
fragment	bakfiets	NN1	RSSB	ˈbɑk-	𐑚ɑ𐑒-	ˈbækfiːts	𐑚𐑨𐑒𐑓𐑰𐑑𐑕	1
fragment	bakfietsen	NN1	RSSB	ˈbɑk-	𐑚ɑ𐑒-	ˈbækˌfiːtsən	𐑚𐑨𐑒𐑓𐑰𐑑𐑕𐑩𐑯	1
fragment	baldric	NN1	GenAm	ˈbɒl-	𐑚𐑪𐑤-	ˈbɒldrɪk	𐑚𐑪𐑤𐑛𐑮𐑦𐑒	1
fragment	Bancroft	NP0	GenAm	-ˌkrɒft	-𐑒𐑮𐑪𐑓𐑑	ˈbænˌkrɒft	𐑚𐑨𐑯𐑒𐑮𐑪𐑓𐑑	89
fragment	Barack	NP0	RSSB	-rɑːRk	-𐑮𐑸𐑒	bərak	𐑚𐑼𐑨𐑒	89
fragment	barbecue	NN1	GenAm	ˈbɑːRbə-	𐑚𐑸𐑚𐑩-	ˈbɑːRbɪˌkju	𐑚𐑸𐑚𐑦𐑒𐑘𐑫	89
fragment	barbecue	VVI	GenAm	ˈbɑːRbə-	𐑚𐑸𐑚𐑩-	ˈbɑːRbɪˌkju	𐑚𐑸𐑚𐑦𐑒𐑘𐑫	89
fragment	barbecue sauce	NN1	GenAm	- sɔːs	- 𐑕𐑷𐑕	ˈbɑːrbəkjuː sɑːs	𐑚𐑸𐑚𐑩𐑒𐑿 𐑕𐑭𐑕	1
fragment	Barbiefication	NN1	RSSB	-bɪ-	-𐑚𐑦-	bɑːRbifɪkeɪʃən	𐑚𐑸𐑚𐑦𐑓𐑦𐑒𐑱𐑖𐑩𐑯	1
fragment	Barbiefication	NN1	GenAm	-bɪ	-𐑚𐑦	ˌbɑːRbifɪˈkeɪʃən	𐑚𐑸𐑚𐑦𐑓𐑦𐑒𐑱𐑖𐑩𐑯	1
fragment	Barbizon	NP0	RSSB	-zən	-𐑟𐑩𐑯	bɑːRbɪzɒn	𐑚𐑸𐑚𐑦𐑟𐑪𐑯	1
fragment	bargain	NN1	RSSB	-ɡɪn	-𐑜𐑦𐑯	bɑːRɡən	𐑚𐑸𐑜𐑩𐑯	1
fragment	bargain	VVI	RSSB	-ɡɪn	-𐑜𐑦𐑯	bɑːRɡən	𐑚𐑸𐑜𐑩𐑯	1
fragment	barnroom	NN1	RSSB	-ruːm	-𐑮𐑵𐑥	bɑːRnrʊm	𐑚𐑸𐑯𐑮𐑫𐑥	30
fragment	barracks	NN1	GenAm	ˈbe-	𐑚𐑧-	ˈbærəks	𐑚𐑨𐑮𐑩𐑒𐑕	1
fragment	barracks	VVI	GenAm	ˈbe-	𐑚𐑧-	ˈbærəks	𐑚𐑨𐑮𐑩𐑒𐑕	1
fragment	barracks emperor	NN1	GenAm	ˈbe-	𐑚𐑧-	ˈbærəks ˈempərəR	𐑚𐑨𐑮𐑩𐑒𐑕 𐑧𐑥𐑐𐑼𐑼	1
fragment	barrel of monkeys	NN1	GenAm	be-	𐑚𐑧-	ˌbærələv ˈmʌŋkiz	𐑚𐑨𐑮𐑩𐑤𐑩𐑝 𐑥𐑳𐑙𐑒𐑦𐑟	1
fragment	Bashkortostan	NP0	RSSB	-stɑːRn	-𐑕𐑑𐑸𐑯	bæʃkɔːRtəʊstæn	𐑚𐑨𐑖𐑒𐑹𐑑𐑴𐑕𐑑𐑨𐑯	89
fragment	Bashkortostan	NP0	GenAm	-ˌstɑːn	-𐑕𐑑𐑭𐑯	bɑːʃˈkɔːrtoʊˌstæn	𐑚𐑭𐑖𐑒𐑹𐑑𐑴𐑕𐑑𐑨𐑯	1
fragment	Bashkortostan	NP0	GenAm	-ˌstɒn	-𐑕𐑑𐑪𐑯	bɑːʃˈkɔːrtoʊˌstæn	𐑚𐑭𐑖𐑒𐑹𐑑𐑴𐑕𐑑𐑨𐑯	1
fragment	basmati	NN1	GenAm	ˌbɒs-	𐑚𐑪𐑕-	ˌbɒzˈmɒti	𐑚𐑪𐑟𐑥𐑪𐑑𐑦	89
fragment	basmati	NN1	GenAm	ˌbæz-	𐑚𐑨𐑟-	ˌbɒzˈmɒti	𐑚𐑪𐑟𐑥𐑪𐑑𐑦	89
fragment	basmati	NN1	GenAm	ˌbæs-	𐑚𐑨𐑕-	ˌbɒzˈmɒti	𐑚𐑪𐑟𐑥𐑪𐑑𐑦	89
fragment	basmati	NN1	GenAm	-ˈmæti	-𐑥𐑨𐑑𐑦	ˌbɒzˈmɒti	𐑚𐑪𐑟𐑥𐑪𐑑𐑦	89
fragment	Bastille	NP0	RSSB	bɑː-	𐑚𐑭-	bæˈstiːl	𐑚𐑨𐑕𐑑𐑰𐑤	89
fragment	Bastille	NP0	RSSB	ˈbɑː-	𐑚𐑭-	bæˈstiːl	𐑚𐑨𐑕𐑑𐑰𐑤	89
fragment	bastille	NN1	RSSB	bɑː-	𐑚𐑭-	bæˈstiːl	𐑚𐑨𐑕𐑑𐑰𐑤	89
fragment	bastille	NN1	RSSB	ˈbɑː-	𐑚𐑭-	bæˈstiːl	𐑚𐑨𐑕𐑑𐑰𐑤	89
fragment	bastille	VVI	RSSB	bɑː-	𐑚𐑭-	bæˈstiːl	𐑚𐑨𐑕𐑑𐑰𐑤	89
fragment	bastille	VVI	RSSB	ˈbɑː-	𐑚𐑭-	bæˈstiːl	𐑚𐑨𐑕𐑑𐑰𐑤	89
fragment	batten	VVI	GenAm	-tən	-𐑑𐑩𐑯	ˈbætən	𐑚𐑨𐑑𐑩𐑯	89
fragment	batten	AJ0	GenAm	-tən	-𐑑𐑩𐑯	ˈbætən	𐑚𐑨𐑑𐑩𐑯	89
fragment	batten	NN1	GenAm	-tən	-𐑑𐑩𐑯	ˈbætən	𐑚𐑨𐑑𐑩𐑯	89
fragment	battue	NN1	RSSB	bæ-	𐑚𐑨-	bəˈtjuː	𐑚𐑩𐑑𐑿	89
fragment	bear in mind	VVI	RSSB	bɜːR-	𐑚𐑻-	beəR ɪn maɪnd	𐑚𐑺 𐑦𐑯 𐑥𐑲𐑯𐑛	89
fragment	bear in mind	VVI	GenAm	ˌber-	𐑚𐑧𐑮-	ˌber ɪn ˈmaɪnd	𐑚𐑧𐑮 𐑦𐑯 𐑥𐑲𐑯𐑛	89
fragment	beauty	NN1	GenAm	-ti	-𐑑𐑦	ˈbjuti	𐑚𐑘𐑫𐑑𐑦	89
fragment	beauty	ITJ	GenAm	-ti	-𐑑𐑦	ˈbjuti	𐑚𐑘𐑫𐑑𐑦	89
fragment	beauty	AJ0	GenAm	-ti	-𐑑𐑦	ˈbjuti	𐑚𐑘𐑫𐑑𐑦	89
fragment	beauty	VVI	GenAm	-ti	-𐑑𐑦	ˈbjuti	𐑚𐑘𐑫𐑑𐑦	89
fragment	beauty spot	NN1	GenAm	-ti-	-𐑑𐑦-	ˈbjuti ˌspɒt	𐑚𐑘𐑫𐑑𐑦 𐑕𐑐𐑪𐑑	89
fragment	beaverboard	NN1	GenAm	-ˌbord	-𐑚𐑪𐑮𐑛	ˈbivəRˌbɔːRd	𐑚𐑦𐑝𐑼𐑚𐑹𐑛	30
fragment	bedizen	VVI	GenAm	-ˈdɪ-	-𐑛𐑦-	bɪˈdaɪzən	𐑚𐑦𐑛𐑲𐑟𐑩𐑯	89
fragment	bedizened	AJ0	GenAm	-ˈdɪ-	-𐑛𐑦-	bɪˈdaɪzənd	𐑚𐑦𐑛𐑲𐑟𐑩𐑯𐑛	89
fragment	bedizened	VVI	GenAm	-ˈdɪ-	-𐑛𐑦-	bɪˈdaɪzənd	𐑚𐑦𐑛𐑲𐑟𐑩𐑯𐑛	89
fragment	bedizening	NN1	GenAm	-ˈdɪ-	-𐑛𐑦-	bɪˈdaɪzənɪŋ	𐑚𐑦𐑛𐑲𐑟𐑩𐑯𐑦𐑙	89
fragment	bedizening	VVI	GenAm	-ˈdɪ-	-𐑛𐑦-	bɪˈdaɪzənɪŋ	𐑚𐑦𐑛𐑲𐑟𐑩𐑯𐑦𐑙	89
fragment	befezzed	AJ0	GenAm	bi-	𐑚𐑦-	bəˈfezd	𐑚𐑩𐑓𐑧𐑟𐑛	89
fragment	beflag	VVI	GenAm	bə-	𐑚𐑩-	biˈflæɡ	𐑚𐑦𐑓𐑤𐑨𐑜	89
fragment	beflagged	AJ0	GenAm	bə-	𐑚𐑩-	biˈflæɡd	𐑚𐑦𐑓𐑤𐑨𐑜𐑛	89
fragment	beflagged	VVI	GenAm	bə-	𐑚𐑩-	biˈflæɡd	𐑚𐑦𐑓𐑤𐑨𐑜𐑛	89
fragment	behave	VVI	GenAm	bi-	𐑚𐑦-	bɪˈheɪv	𐑚𐑦𐑣𐑱𐑝	89
fragment	behave	VVI	GenAm	bə-	𐑚𐑩-	bɪˈheɪv	𐑚𐑦𐑣𐑱𐑝	89
fragment	behaved	VVI	GenAm	bi-	𐑚𐑦-	bɪˈheɪvd	𐑚𐑦𐑣𐑱𐑝𐑛	89
fragment	behaved	VVI	GenAm	bə-	𐑚𐑩-	bɪˈheɪvd	𐑚𐑦𐑣𐑱𐑝𐑛	89
fragment	behaved	AJ0	GenAm	bi-	𐑚𐑦-	bɪˈheɪvd	𐑚𐑦𐑣𐑱𐑝𐑛	89
fragment	behaved	AJ0	GenAm	bə-	𐑚𐑩-	bɪˈheɪvd	𐑚𐑦𐑣𐑱𐑝𐑛	89
fragment	behind every successful man there stands a woman	UNC	RSSB	bə-	𐑚𐑩-	bɪhaɪnd evri səRksesfəRl mæn ðeəR stændz ə wʊmən	𐑚𐑦𐑣𐑲𐑯𐑛 𐑧𐑝𐑮𐑦 𐑕𐑼𐑒𐑕𐑧𐑕𐑓𐑼𐑤 𐑥𐑨𐑯 𐑞𐑺 𐑕𐑑𐑨𐑯𐑛𐑟 𐑩 𐑢𐑫𐑥𐑩𐑯	1
fragment	beknight	VVI	GenAm	bə-	𐑚𐑩-	bɪˈnaɪt	𐑚𐑦𐑯𐑲𐑑	89
fragment	beknighted	VVI	GenAm	bə-	𐑚𐑩-	bɪˈnaɪtƏd	𐑚𐑦𐑯𐑲𐑑𐑩𐑛	89
fragment	beknighted	VVI	GenAm	-tƏd	-𐑑𐑩𐑛	bɪˈnaɪtƏd	𐑚𐑦𐑯𐑲𐑑𐑩𐑛	89
fragment	beleave	VVI	GenAm	bi-	𐑚𐑦-	bɪˈliv	𐑚𐑦𐑤𐑦𐑝	89
fragment	beleave	VVI	GenAm	bə-	𐑚𐑩-	bɪˈliv	𐑚𐑦𐑤𐑦𐑝	89
fragment	believe	VVI	GenAm	bi-	𐑚𐑦-	bɪˈliv	𐑚𐑦𐑤𐑦𐑝	89
fragment	believe	VVI	GenAm	bə-	𐑚𐑩-	bɪˈliv	𐑚𐑦𐑤𐑦𐑝	89
fragment	believe me	UNC	GenAm	bi-	𐑚𐑦-	bɪˈliv ˈmi	𐑚𐑦𐑤𐑦𐑝 𐑥𐑦	89
fragment	believe me	UNC	GenAm	bə-	𐑚𐑩-	bɪˈliv ˈmi	𐑚𐑦𐑤𐑦𐑝 𐑥𐑦	89
fragment	believe you me	UNC	GenAm	bi-	𐑚𐑦-	bɪˈliv ju ˈmi	𐑚𐑦𐑤𐑦𐑝 𐑘𐑫 𐑥𐑦	89
fragment	believe you me	UNC	GenAm	bə-	𐑚𐑩-	bɪˈliv ju ˈmi	𐑚𐑦𐑤𐑦𐑝 𐑘𐑫 𐑥𐑦	89
fragment	believed	VVI	GenAm	bi-	𐑚𐑦-	bɪˈlivd	𐑚𐑦𐑤𐑦𐑝𐑛	89
fragment	believed	VVI	GenAm	bə-	𐑚𐑩-	bɪˈlivd	𐑚𐑦𐑤𐑦𐑝𐑛	89
fragment	believes	VVI	GenAm	bi-	𐑚𐑦-	bɪˈlivz	𐑚𐑦𐑤𐑦𐑝𐑟	89
fragment	believes	VVI	GenAm	bə-	𐑚𐑩-	bɪˈlivz	𐑚𐑦𐑤𐑦𐑝𐑟	89
fragment	believing	VVI	GenAm	bi-	𐑚𐑦-	bɪˈlivɪŋ	𐑚𐑦𐑤𐑦𐑝𐑦𐑙	89
fragment	believing	VVI	GenAm	bə-	𐑚𐑩-	bɪˈlivɪŋ	𐑚𐑦𐑤𐑦𐑝𐑦𐑙	89
fragment	Belisarius	NP0	RSSB	-sɑːri-	-𐑕𐑸𐑦-	belɪseəriəs	𐑚𐑧𐑤𐑦𐑕𐑺𐑦𐑩𐑕	89
fragment	Belisarius	NP0	GenAm	-ˈsɑːRi-	-𐑕𐑸𐑦-	ˌbeləˈseriəs	𐑚𐑧𐑤𐑩𐑕𐑧𐑮𐑦𐑩𐑕	89
fragment	benight	VVI	GenAm	bə-	𐑚𐑩-	bɪˈnaɪt	𐑚𐑦𐑯𐑲𐑑	89
fragment	benighted	AJ0	GenAm	bə-	𐑚𐑩-	bɪˈnaɪtƏd	𐑚𐑦𐑯𐑲𐑑𐑩𐑛	89
fragment	benighted	AJ0	GenAm	-tƏd	-𐑑𐑩𐑛	bɪˈnaɪtƏd	𐑚𐑦𐑯𐑲𐑑𐑩𐑛	89
fragment	benighted	VVI	GenAm	bə-	𐑚𐑩-	bɪˈnaɪtƏd	𐑚𐑦𐑯𐑲𐑑𐑩𐑛	89
fragment	benighted	VVI	GenAm	-tƏd	-𐑑𐑩𐑛	bɪˈnaɪtƏd	𐑚𐑦𐑯𐑲𐑑𐑩𐑛	89
fragment	benzoic acid	NN1	RSSB	-æsƏd	-𐑨𐑕𐑩𐑛	benˈzəʊɪk ˈasƏd	𐑚𐑧𐑯𐑟𐑴𐑦𐑒 𐑨𐑕𐑩𐑛	89
fragment	berceuse	NN1	RSSB	bɜːR-	𐑚𐑻-	beəRsɜːRz	𐑚𐑺𐑕𐑻𐑟	89
fragment	Bergen op Zoom	NP0	GenAm	ˌberɡ-	𐑚𐑧𐑮𐑜-	ˌbɜrɡən ɒp ˈzoʊm	𐑚ɜ𐑮𐑜𐑩𐑯 𐑪𐑐 𐑟𐑴𐑥	89
fragment	Bergen op Zoom	NP0	GenAm	ˌbɜrx-	𐑚ɜ𐑮x-	ˌbɜrɡən ɒp ˈzoʊm	𐑚ɜ𐑮𐑜𐑩𐑯 𐑪𐑐 𐑟𐑴𐑥	1
fragment	Bergen op Zoom	NP0	GenAm	ˌberx-	𐑚𐑧𐑮x-	ˌbɜrɡən ɒp ˈzoʊm	𐑚ɜ𐑮𐑜𐑩𐑯 𐑪𐑐 𐑟𐑴𐑥	1
fragment	Bergen op Zoom	NP0	GenAm	-ə -	-𐑩 -	ˌbɜrɡən ɒp ˈzoʊm	𐑚ɜ𐑮𐑜𐑩𐑯 𐑪𐑐 𐑟𐑴𐑥	1
fragment	Bergen op Zoom	NP0	RSSB	beəRɡ-	𐑚𐑺𐑜-	bɜːRɡəRn ɒp zəʊm	𐑚𐑻𐑜𐑼𐑯 𐑪𐑐 𐑟𐑴𐑥	89
fragment	Bergen op Zoom	NP0	RSSB	bɜːRx-	𐑚𐑻x-	bɜːRɡəRn ɒp zəʊm	𐑚𐑻𐑜𐑼𐑯 𐑪𐑐 𐑟𐑴𐑥	1
fragment	Bergen op Zoom	NP0	RSSB	beəRx-	𐑚𐑺x-	bɜːRɡəRn ɒp zəʊm	𐑚𐑻𐑜𐑼𐑯 𐑪𐑐 𐑟𐑴𐑥	1
fragment	Berkshire	NP0	RSSB	-ʃɪəR	-𐑖𐑽	bɑːkʃəR	𐑚𐑭𐑒𐑖𐑼	30
fragment	Berkshire	NP0	GenAm	-ˌʃɪər	-𐑖𐑽	ˈbɜrkʃər	𐑚ɜ𐑮𐑒𐑖𐑼	30
fragment	Berkshire	NP0	GenAm	ˈbɑːRk-	𐑚𐑸𐑒-	ˈbɜrkʃər	𐑚ɜ𐑮𐑒𐑖𐑼	30
fragment	Berkshire	NN1	RSSB	-ʃɪəR	-𐑖𐑽	bɑːkʃəR	𐑚𐑭𐑒𐑖𐑼	30
fragment	Berkshire	NN1	GenAm	-ˌʃɪər	-𐑖𐑽	ˈbɜrkʃər	𐑚ɜ𐑮𐑒𐑖𐑼	30
fragment	Berkshire	NN1	GenAm	ˈbɑːRk-	𐑚𐑸𐑒-	ˈbɜrkʃər	𐑚ɜ𐑮𐑒𐑖𐑼	30
fragment	Berlin Wall	NP0	RSSB	bɜːR-	𐑚𐑻-	bɜːRlɪn wɔːl	𐑚𐑻𐑤𐑦𐑯 𐑢𐑷𐑤	89
fragment	Berlin Wall	NP0	GenAm	ˈbɜːR-	𐑚𐑻-	bɜːRˈlɪn wɒl	𐑚𐑻𐑤𐑦𐑯 𐑢𐑪𐑤	89
fragment	Berlin Wall	NN1	RSSB	bɜːR-	𐑚𐑻-	bɜːRlɪn wɔːl	𐑚𐑻𐑤𐑦𐑯 𐑢𐑷𐑤	89
fragment	Berlin Wall	NN1	GenAm	ˈbɜːR-	𐑚𐑻-	bɜːRˈlɪn wɒl	𐑚𐑻𐑤𐑦𐑯 𐑢𐑪𐑤	89
fragment	berserk	AJ0	RSSB	bɜːR-	𐑚𐑻-	bɜːRsɜːRk	𐑚𐑻𐑕𐑻𐑒	30
fragment	berserk	AJ0	RSSB	-sɜːRk	-𐑕𐑻𐑒	bɜːRsɜːRk	𐑚𐑻𐑕𐑻𐑒	30
fragment	berserk	AJ0	GenAm	-ˈzəRk	-𐑟𐑼𐑒	ˈbəRˌsəRk	𐑚𐑼𐑕𐑼𐑒	30
fragment	berserker	NN1	RSSB	bɜːR-	𐑚𐑻-	bəRzɜːRkəR	𐑚𐑼𐑟𐑻𐑒𐑼	30
fragment	berserker	NN1	RSSB	-sɜːRkəR	-𐑕𐑻𐑒𐑼	bəRzɜːRkəR	𐑚𐑼𐑟𐑻𐑒𐑼	30
fragment	beset	VVI	GenAm	bi-	𐑚𐑦-	bəˈset	𐑚𐑩𐑕𐑧𐑑	89
fragment	bestiarian	NN1	RSSB	bes-	𐑚𐑧𐑕-	biːstieəriən	𐑚𐑰𐑕𐑑𐑦𐑺𐑦𐑩𐑯	1
fragment	bestiarian	NN1	GenAm	ˌbes-	𐑚𐑧𐑕-	ˌbistiˈeriən	𐑚𐑦𐑕𐑑𐑦𐑧𐑮𐑦𐑩𐑯	1
fragment	betroth	VVI	RSSB	-trəʊθ	-𐑑𐑮𐑴𐑔	bɪtrəʊð	𐑚𐑦𐑑𐑮𐑴𐑞	89
fragment	betroth	VVI	GenAm	-ˈtrɒθ	-𐑑𐑮𐑪𐑔	bəˈtroʊð	𐑚𐑩𐑑𐑮𐑴𐑞	89
fragment	bettor	NN1	GenAm	-təR	-𐑑𐑼	ˈbetəR	𐑚𐑧𐑑𐑼	89
fragment	biathlon	NN1	RSSB	-lɒn	-𐑤𐑪𐑯	baɪˈæθlən	𐑚𐑲𐑨𐑔𐑤𐑩𐑯	89
fragment	bibliothecarial	AJ0	GenAm	ˌbɪbliəθəˈ-	𐑚𐑦𐑚𐑤𐑦𐑩𐑔𐑩-	ˌbɪblioʊθəˈkeriəl	𐑚𐑦𐑚𐑤𐑦𐑴𐑔𐑩𐑒𐑧𐑮𐑦𐑩𐑤	1
fragment	bibliothecarian	NN1	GenAm	ˌbɪbliəθəˈ-	𐑚𐑦𐑚𐑤𐑦𐑩𐑔𐑩-	ˌbɪblioʊθəˈkeriən	𐑚𐑦𐑚𐑤𐑦𐑴𐑔𐑩𐑒𐑧𐑮𐑦𐑩𐑯	1
fragment	bibliothecarian	AJ0	GenAm	ˌbɪbliəθəˈ-	𐑚𐑦𐑚𐑤𐑦𐑩𐑔𐑩-	ˌbɪblioʊθəˈkeriən	𐑚𐑦𐑚𐑤𐑦𐑴𐑔𐑩𐑒𐑧𐑮𐑦𐑩𐑯	1
fragment	bidon	NN1	RSSB	-dɒ̃	-𐑛𐑪̃	ˈbiːdɒn	𐑚𐑰𐑛𐑪𐑯	1
fragment	big data	NN1	GenAm	-ˈdædə	-𐑛𐑨𐑛𐑩	ˌbɪɡ ˈdeɪdə	𐑚𐑦𐑜 𐑛𐑱𐑛𐑩	89
fragment	big data	NN1	GenAm	-ˈdɑːdə	-𐑛𐑭𐑛𐑩	ˌbɪɡ ˈdeɪdə	𐑚𐑦𐑜 𐑛𐑱𐑛𐑩	89
fragment	binimetinib	NN1	GenAm	-tə-	-𐑑𐑩-	bɪnɪˈmetɪnɪb	𐑚𐑦𐑯𐑦𐑥𐑧𐑑𐑦𐑯𐑦𐑚	89
fragment	binturong	NN1	GenAm	-tju-	-𐑑𐑘𐑫-	ˈbɪntuˌrɒŋ	𐑚𐑦𐑯𐑑𐑫𐑮𐑪𐑙	1
fragment	binturong	NN1	GenAm	-tjər-	-𐑑𐑘𐑼-	ˈbɪntuˌrɒŋ	𐑚𐑦𐑯𐑑𐑫𐑮𐑪𐑙	89
fragment	binturong	NN1	GenAm	-rɒŋ	-𐑮𐑪𐑙	ˈbɪntuˌrɒŋ	𐑚𐑦𐑯𐑑𐑫𐑮𐑪𐑙	89
fragment	biodiversity	NN1	GenAm	-ti	-𐑑𐑦	ˌbaɪoʊdəˈvəRsəti	𐑚𐑲𐑴𐑛𐑩𐑝𐑼𐑕𐑩𐑑𐑦	1
fragment	biodiversity hotspot	NN1	GenAm	-ti	-𐑑𐑦	ˌbaɪoʊdəˌvəRsəti ˈhɒtˌspɒt	𐑚𐑲𐑴𐑛𐑩𐑝𐑼𐑕𐑩𐑑𐑦 𐑣𐑪𐑑𐑕𐑐𐑪𐑑	1
fragment	biogenesis	NN1	RSSB	baɪə-	𐑚𐑲𐑩-	bʌɪəʊˈdʒenəsɪs	𐑚𐑳𐑾𐑫𐑡𐑧𐑯𐑩𐑕𐑦𐑕	89
fragment	biogenesis	NN1	RSSB	baɪoʊ-	𐑚𐑲𐑴-	bʌɪəʊˈdʒenəsɪs	𐑚𐑳𐑾𐑫𐑡𐑧𐑯𐑩𐑕𐑦𐑕	89
fragment	biogenesis	NN1	RSSB	biːə-	𐑚𐑰𐑩-	bʌɪəʊˈdʒenəsɪs	𐑚𐑳𐑾𐑫𐑡𐑧𐑯𐑩𐑕𐑦𐑕	89
fragment	biogenesis	NN1	RSSB	biːoʊ-	𐑚𐑰𐑴-	bʌɪəʊˈdʒenəsɪs	𐑚𐑳𐑾𐑫𐑡𐑧𐑯𐑩𐑕𐑦𐑕	89
fragment	biogenesis	NN1	RSSB	-nɪ-	-𐑯𐑦-	bʌɪəʊˈdʒenəsɪs	𐑚𐑳𐑾𐑫𐑡𐑧𐑯𐑩𐑕𐑦𐑕	89
fragment	bipartisan	AJ0	GenAm	-zən	-𐑟𐑩𐑯	baɪˈpɑːRtəsən	𐑚𐑲𐑐𐑸𐑑𐑩𐑕𐑩𐑯	1
fragment	bisexual	AJ0	RSSB	-sjəəl	-𐑕𐑘𐑩𐑩𐑤	baɪˈsekʃʊəl	𐑚𐑲𐑕𐑧𐑒𐑖𐑫𐑩𐑤	89
fragment	bisexual	NN1	RSSB	-sjəəl	-𐑕𐑘𐑩𐑩𐑤	baɪˈsekʃʊəl	𐑚𐑲𐑕𐑧𐑒𐑖𐑫𐑩𐑤	89
fragment	bisexual lighting	NN1	RSSB	-ʃʊl-	-𐑖𐑫𐑤-	baɪˌsekʃʊəl ˈlaɪtɪŋ	𐑚𐑲𐑕𐑧𐑒𐑖𐑫𐑩𐑤 𐑤𐑲𐑑𐑦𐑙	89
fragment	bisexual lighting	NN1	RSSB	-sjəəl-	-𐑕𐑘𐑩𐑩𐑤-	baɪˌsekʃʊəl ˈlaɪtɪŋ	𐑚𐑲𐑕𐑧𐑒𐑖𐑫𐑩𐑤 𐑤𐑲𐑑𐑦𐑙	89
fragment	bisexual lighting	NN1	GenAm	-tɪŋ	-𐑑𐑦𐑙	baɪˌsekʃəwəl ˈlaɪtɪŋ	𐑚𐑲𐑕𐑧𐑒𐑖𐑩𐑢𐑩𐑤 𐑤𐑲𐑑𐑦𐑙	89
fragment	bit bucket	NN1	RSSB	-kət	-𐑒𐑩𐑑	ˈbɪt ˌbʌkɪt	𐑚𐑦𐑑 𐑚𐑳𐑒𐑦𐑑	89
fragment	bit bucket	NN1	GenAm	-kɪt	-𐑒𐑦𐑑	ˈbɪt ˌbʌkət	𐑚𐑦𐑑 𐑚𐑳𐑒𐑩𐑑	89
fragment	bit bucket	VVI	RSSB	-kət	-𐑒𐑩𐑑	ˈbɪt ˌbʌkɪt	𐑚𐑦𐑑 𐑚𐑳𐑒𐑦𐑑	89
fragment	bit bucket	VVI	GenAm	-kɪt	-𐑒𐑦𐑑	ˈbɪt ˌbʌkət	𐑚𐑦𐑑 𐑚𐑳𐑒𐑩𐑑	89
fragment	blaccent	NN1	RSSB	-sent	-𐑕𐑧𐑯𐑑	ˈblaksənt	𐑚𐑤𐑨𐑒𐑕𐑩𐑯𐑑	89
fragment	blastpipe	NN1	RSSB	ˈblæst-	𐑚𐑤𐑨𐑕𐑑-	ˈblɑːstpaɪp	𐑚𐑤𐑭𐑕𐑑𐑐𐑲𐑐	89
fragment	blotto	AJ0	GenAm	-toʊ	-𐑑𐑴	ˈblɒtoʊ	𐑚𐑤𐑪𐑑𐑴	89
fragment	blotto	NN1	GenAm	-toʊ	-𐑑𐑴	ˈblɒtoʊ	𐑚𐑤𐑪𐑑𐑴	89
fragment	blotto	VVI	GenAm	-toʊ	-𐑑𐑴	ˈblɒtoʊ	𐑚𐑤𐑪𐑑𐑴	89
fragment	blow to kingdom come	VVI	GenAm	-tə-	-𐑑𐑩-	ˈbloʊ tə ˌkɪŋdəm ˈkʌm	𐑚𐑤𐑴 𐑑𐑩 𐑒𐑦𐑙𐑛𐑩𐑥 𐑒𐑳𐑥	89
fragment	Blursday	NN1	RSSB	-di	-𐑛𐑦	blɜːRzdeɪ	𐑚𐑤𐑻𐑟𐑛𐑱	1
fragment	Blursday	NN1	GenAm	-ˌdi	-𐑛𐑦	ˈblɜrzˌdeɪ	𐑚𐑤ɜ𐑮𐑟𐑛𐑱	1
fragment	boatage	NN1	GenAm	-tɪdʒ	-𐑑𐑦𐑡	ˈboʊtɪdʒ	𐑚𐑴𐑑𐑦𐑡	89
fragment	Boaty McBoatface	NP0	GenAm	-ti-	-𐑑𐑦-	ˈboʊti mɪkˈboʊtfeɪs	𐑚𐑴𐑑𐑦 𐑥𐑦𐑒𐑚𐑴𐑑𐑓𐑱𐑕	89
fragment	Boaty McBoatface	VVI	GenAm	-ti-	-𐑑𐑦-	ˈboʊti mɪkˈboʊtfeɪs	𐑚𐑴𐑑𐑦 𐑥𐑦𐑒𐑚𐑴𐑑𐑓𐑱𐑕	89
fragment	bobarista	NN1	RSSB	-rɪs-	-𐑮𐑦𐑕-	bəʊbəriːstə	𐑚𐑴𐑚𐑼𐑰𐑕𐑑𐑩	89
fragment	bobarista	NN1	GenAm	-rɪs-	-𐑮𐑦𐑕-	boʊbəˈristə	𐑚𐑴𐑚𐑼𐑦𐑕𐑑𐑩	89
fragment	Boccaccio	NP0	GenAm	bəˈ-	𐑚𐑩-	boʊˈkɒtʃiˌoʊ	𐑚𐑴𐑒𐑪𐑗𐑦𐑴	89
fragment	body camera	NN1	GenAm	ˈbɒti-	𐑚𐑪𐑑𐑦-	ˈbɒdi ˈkæmərə	𐑚𐑪𐑛𐑦 𐑒𐑨𐑥𐑼𐑩	1
fragment	Bolivarian	AJ0	GenAm	ˌbɒ-	𐑚𐑪-	ˌboʊlɪˈveriən	𐑚𐑴𐑤𐑦𐑝𐑧𐑮𐑦𐑩𐑯	1
fragment	Bolivarian	NN1	GenAm	ˌbɒ-	𐑚𐑪-	ˌboʊlɪˈveriən	𐑚𐑴𐑤𐑦𐑝𐑧𐑮𐑦𐑩𐑯	1
fragment	Bolshevik	NN1	GenAm	ˈbɒl-	𐑚𐑪𐑤-	ˈboʊlʃəvɪk	𐑚𐑴𐑤𐑖𐑩𐑝𐑦𐑒	89
fragment	Bolshevik	NN1	GenAm	ˈbol-	𐑚𐑪𐑤-	ˈboʊlʃəvɪk	𐑚𐑴𐑤𐑖𐑩𐑝𐑦𐑒	89
fragment	Bolshevism	NN1	GenAm	ˈboʊl-	𐑚𐑴𐑤-	ˈbɒlʃəˌvɪzəm	𐑚𐑪𐑤𐑖𐑩𐑝𐑦𐑟𐑩𐑥	89
fragment	Bolshevism	NN1	GenAm	ˈbol-	𐑚𐑪𐑤-	ˈbɒlʃəˌvɪzəm	𐑚𐑪𐑤𐑖𐑩𐑝𐑦𐑟𐑩𐑥	89
fragment	bombardment	NN1	GenAm	bəm-	𐑚𐑩𐑥-	bɒmbɑːRdmənt	𐑚𐑪𐑥𐑚𐑸𐑛𐑥𐑩𐑯𐑑	1
fragment	bonhomie	NN1	GenAm	ˌboʊ-	𐑚𐑴-	ˈbɒnəmi	𐑚𐑪𐑯𐑩𐑥𐑦	89
fragment	Boniface	NP0	GenAm	-fəs	-𐑓𐑩𐑕	ˈbɒnəfɪs	𐑚𐑪𐑯𐑩𐑓𐑦𐑕	89
fragment	Boniface	NP0	GenAm	-ˌfeɪs	-𐑓𐑱𐑕	ˈbɒnəfɪs	𐑚𐑪𐑯𐑩𐑓𐑦𐑕	89
fragment	Bosnia and Herzegovina	NP0	GenAm	-hɜrtsɪˈɡoʊvɪnə	-𐑣ɜ𐑮𐑑𐑕𐑦𐑜𐑴𐑝𐑦𐑯𐑩	ˈbɒzniə ænd ˌhɜrtsɪɡoʊˈviːnə	𐑚𐑪𐑟𐑯𐑦𐑩 𐑨𐑯𐑛 𐑣ɜ𐑮𐑑𐑕𐑦𐑜𐑴𐑝𐑰𐑯𐑩	1
fragment	Bosnia and Herzegovina	NP0	GenAm	-ənd	-𐑩𐑯𐑛	ˈbɒzniə ænd ˌhɜrtsɪɡoʊˈviːnə	𐑚𐑪𐑟𐑯𐑦𐑩 𐑨𐑯𐑛 𐑣ɜ𐑮𐑑𐑕𐑦𐑜𐑴𐑝𐑰𐑯𐑩	1
fragment	Bosnia and Herzegovina	NP0	RSSB	-hɜːRtsəRɡəʊviːnə	-𐑣𐑻𐑑𐑕𐑼𐑜𐑴𐑝𐑰𐑯𐑩	bɒzniːə əRndhɜːRtsəRɡɒvɪnə	𐑚𐑪𐑟𐑯𐑰𐑩 𐑼𐑯𐑛𐑣𐑻𐑑𐑕𐑼𐑜𐑪𐑝𐑦𐑯𐑩	89
fragment	bossman	NN1	GenAm	ˈbɒs-	𐑚𐑪𐑕-	ˈbɒsmæn	𐑚𐑪𐑕𐑥𐑨𐑯	89
fragment	botany	NN1	RSSB	-nɪ	-𐑯𐑦	ˈbɒtəni	𐑚𐑪𐑑𐑩𐑯𐑦	89
fragment	bottle episode	NN1	GenAm	-təl-	-𐑑𐑩𐑤-	ˈbɒtəl ˈepəˌsoʊd	𐑚𐑪𐑑𐑩𐑤 𐑧𐑐𐑩𐑕𐑴𐑛	89
fragment	bouillabaisse	NN1	RSSB	-ˌbes	-𐑚𐑧𐑕	ˈbuːjəˌbeɪs	𐑚𐑵𐑘𐑩𐑚𐑱𐑕	89
fragment	bouncebackability	NN1	GenAm	ˈbaʊns-	𐑚𐑬𐑯𐑕-	ˌbaʊnsˌbækəˈbɪlɪti	𐑚𐑬𐑯𐑕𐑚𐑨𐑒𐑩𐑚𐑦𐑤𐑦𐑑𐑦	89
fragment	bouncebackability	NN1	GenAm	-ti	-𐑑𐑦	ˌbaʊnsˌbækəˈbɪlɪti	𐑚𐑬𐑯𐑕𐑚𐑨𐑒𐑩𐑚𐑦𐑤𐑦𐑑𐑦	89
fragment	brachiaria	NN1	RSSB	breɪ-	𐑚𐑮𐑱-	brækieəriə	𐑚𐑮𐑨𐑒𐑦𐑺𐑦𐑩	30
fragment	brachiaria	NN1	GenAm	ˌbreɪ-	𐑚𐑮𐑱-	ˌbrækiˈeriə	𐑚𐑮𐑨𐑒𐑦𐑧𐑮𐑦𐑩	30
fragment	bread and circuses	NN1	RSSB	-iz	-𐑦𐑟	bred ənd səːkəRsəRz	𐑚𐑮𐑧𐑛 𐑩𐑯𐑛 𐑕𐑩ː𐑒𐑼𐑕𐑼𐑟	1
fragment	bread and circuses	NN1	GenAm	-kɪsəz	-𐑒𐑦𐑕𐑩𐑟	ˈbred ənd ˈsəRkəsəz	𐑚𐑮𐑧𐑛 𐑩𐑯𐑛 𐑕𐑼𐑒𐑩𐑕𐑩𐑟	1
fragment	bremsstrahlung	NN1	GenAm	-lʊŋ	-𐑤𐑫𐑙	ˈbremʃtrɒləŋ	𐑚𐑮𐑧𐑥𐑖𐑑𐑮𐑪𐑤𐑩𐑙	1
fragment	bremsstrahlung	NN1	GenAm	-lʌŋ	-𐑤𐑳𐑙	ˈbremʃtrɒləŋ	𐑚𐑮𐑧𐑥𐑖𐑑𐑮𐑪𐑤𐑩𐑙	1
fragment	Brexiteer	NN1	RSSB	breɡzɪ-	𐑚𐑮𐑧𐑜𐑟𐑦-	breksɪtɪər	𐑚𐑮𐑧𐑒𐑕𐑦𐑑𐑽	30
fragment	Brexiteer	NN1	GenAm	ˌbreɡzɪ-	𐑚𐑮𐑧𐑜𐑟𐑦-	ˌbreksɪˈtir	𐑚𐑮𐑧𐑒𐑕𐑦𐑑𐑦𐑮	30
fragment	brickbatting	NN1	GenAm	-tɪŋ	-𐑑𐑦𐑙	ˈbrɪkˌbætɪŋ	𐑚𐑮𐑦𐑒𐑚𐑨𐑑𐑦𐑙	1
fragment	brickbatting	VVI	GenAm	-tɪŋ	-𐑑𐑦𐑙	ˈbrɪkˌbætɪŋ	𐑚𐑮𐑦𐑒𐑚𐑨𐑑𐑦𐑙	1
fragment	British Raj	NP0	RSSB	-rɑːʒ	-𐑮𐑭𐑠	brɪtɪʃ rɑːdʒ	𐑚𐑮𐑦𐑑𐑦𐑖 𐑮𐑭𐑡	30
fragment	broadcast	AJ0	RSSB	-kæst	-𐑒𐑨𐑕𐑑	brɔːdkɑːst	𐑚𐑮𐑷𐑛𐑒𐑭𐑕𐑑	1
fragment	broadcast	AV0	RSSB	-kæst	-𐑒𐑨𐑕𐑑	brɔːdkɑːst	𐑚𐑮𐑷𐑛𐑒𐑭𐑕𐑑	1
fragment	broadcast	NN1	RSSB	-kæst	-𐑒𐑨𐑕𐑑	brɔːdkɑːst	𐑚𐑮𐑷𐑛𐑒𐑭𐑕𐑑	1
fragment	broadcast	VVI	RSSB	-kæst	-𐑒𐑨𐑕𐑑	brɔːdkɑːst	𐑚𐑮𐑷𐑛𐑒𐑭𐑕𐑑	1
fragment	broadcaster	NN1	GenAm	ˈbrɒd-	𐑚𐑮𐑪𐑛-	ˈbrɒdˌkæstəR	𐑚𐑮𐑪𐑛𐑒𐑨𐑕𐑑𐑼	30
fragment	broadcaster	NN1	RSSB	-kæstəR	-𐑒𐑨𐑕𐑑𐑼	brɔːdkɑːstəR	𐑚𐑮𐑷𐑛𐑒𐑭𐑕𐑑𐑼	30
fragment	bromine	NN1	RSSB	-mɪn	-𐑥𐑦𐑯	brəʊmiːn	𐑚𐑮𐑴𐑥𐑰𐑯	1
fragment	bromine	NN1	RSSB	-maɪn	-𐑥𐑲𐑯	brəʊmiːn	𐑚𐑮𐑴𐑥𐑰𐑯	1
fragment	brumous	AJ0	GenAm	ˈbrə-	𐑚𐑮𐑩-	ˈbruməs	𐑚𐑮𐑫𐑥𐑩𐑕	89
fragment	bruxism	NN1	RSSB	brʊk-	𐑚𐑮𐑫𐑒-	brʌksɪzəm	𐑚𐑮𐑳𐑒𐑕𐑦𐑟𐑩𐑥	89
fragment	bubbe	NN1	RSSB	ˈbʌ-	𐑚𐑳-	ˈbʊbə	𐑚𐑫𐑚𐑩	89
fragment	bubbe	NN1	GenAm	ˈbʌ-	𐑚𐑳-	ˈbʊbə	𐑚𐑫𐑚𐑩	89
fragment	bubbe	NN1	RSSB	-bi	-𐑚𐑦	ˈbʊbə	𐑚𐑫𐑚𐑩	89
fragment	bubbe	NN1	GenAm	-bi	-𐑚𐑦	ˈbʊbə	𐑚𐑫𐑚𐑩	89
fragment	bubbe	NN1	GenAm	ˈbɒ-	𐑚𐑪-	ˈbʊbə	𐑚𐑫𐑚𐑩	89
fragment	Buenos Aires	NP0	RSSB	-aɪrƏz	-𐑲𐑮𐑩𐑟	bweɪnəs eəriːz	𐑚𐑢𐑱𐑯𐑩𐑕 𐑺𐑰𐑟	89
fragment	Buenos Aires	NP0	GenAm	-ˈaɪrƏz	-𐑲𐑮𐑩𐑟	ˈbwenoʊs ˈaɪres	𐑚𐑢𐑧𐑯𐑴𐑕 𐑲𐑮𐑧𐑕	89
fragment	built different	AJ0	RSSB	-dɪfrəRnt	-𐑛𐑦𐑓𐑮𐑼𐑯𐑑	bɪlt dɪfərəRnt	𐑚𐑦𐑤𐑑 𐑛𐑦𐑓𐑼𐑼𐑯𐑑	89
fragment	bully pulpit	NN1	RSSB	-ˈpʌl-	-𐑐𐑳𐑤-	ˌbʊli ˈpʊlpɪt	𐑚𐑫𐑤𐑦 𐑐𐑫𐑤𐑐𐑦𐑑	89
fragment	bully pulpit	NN1	GenAm	-ˈpʌl-	-𐑐𐑳𐑤-	ˌbʊli ˈpʊlpɪt	𐑚𐑫𐑤𐑦 𐑐𐑫𐑤𐑐𐑦𐑑	89
fragment	bully pulpit	NN1	GenAm	-ˈpəlpət	-𐑐𐑩𐑤𐑐𐑩𐑑	ˌbʊli ˈpʊlpɪt	𐑚𐑫𐑤𐑦 𐑐𐑫𐑤𐑐𐑦𐑑	89
fragment	burnt offering	NN1	GenAm	-ˈɒfərɪŋ	-𐑪𐑓𐑼𐑦𐑙	bɜːRnt ˈɒfərɪŋ	𐑚𐑻𐑯𐑑 𐑪𐑓𐑼𐑦𐑙	30
fragment	busman's holiday	NN1	RSSB	-di	-𐑛𐑦	ˌbʌsmənz ˈhɒlɪdeɪ	𐑚𐑳𐑕𐑥𐑩𐑯𐑟 𐑣𐑪𐑤𐑦𐑛𐑱	89
fragment	butterfat	NN1	GenAm	-təR-	-𐑑𐑼-	ˈbʌtəRfæt	𐑚𐑳𐑑𐑼𐑓𐑨𐑑	89
fragment	butterfingered	AJ0	GenAm	-təR-	-𐑑𐑼-	ˈbʌtəRˌfɪŋɡəRd	𐑚𐑳𐑑𐑼𐑓𐑦𐑙𐑜𐑼𐑛	30
fragment	butterfingers	NN1	GenAm	-təR-	-𐑑𐑼-	ˈbʌtəRˌfɪŋɡəRz	𐑚𐑳𐑑𐑼𐑓𐑦𐑙𐑜𐑼𐑟	30
fragment	buttinski	NN1	GenAm	bʌt-	𐑚𐑳𐑑-	bʌtˈɪnski	𐑚𐑳𐑑𐑦𐑯𐑕𐑒𐑦	89
fragment	buttinsky	NN1	GenAm	-ˈtɪn-	-𐑑𐑦𐑯-	bʌˈtɪnski	𐑚𐑳𐑑𐑦𐑯𐑕𐑒𐑦	89
fragment	by virtue of	PRP	RSSB	-tjuː-	-𐑑𐑿-	baɪ vɜːRtʃuː ɒv	𐑚𐑲 𐑝𐑻𐑗𐑵 𐑪𐑝	1
fragment	bygone	AJ0	RSSB	-ɡɔːn	-𐑜𐑷𐑯	ˈbaɪɡɒn	𐑚𐑲𐑜𐑪𐑯	89
fragment	bygone	AJ0	GenAm	-ɡɒn	-𐑜𐑪𐑯	ˈbaɪɡɒn	𐑚𐑲𐑜𐑪𐑯	89
fragment	bygone	NN1	RSSB	-ɡɔːn	-𐑜𐑷𐑯	ˈbaɪɡɒn	𐑚𐑲𐑜𐑪𐑯	89
fragment	bygone	NN1	GenAm	-ɡɒn	-𐑜𐑪𐑯	ˈbaɪɡɒn	𐑚𐑲𐑜𐑪𐑯	89
fragment	bête noire	NN1	RSSB	beɪt-	𐑚𐑱𐑑-	bet nwɑː	𐑚𐑧𐑑 𐑯𐑢𐑭	1
fragment	caber	NN1	RSSB	kɑː-	𐑒𐑭-	keɪbəR	𐑒𐑱𐑚𐑼	1
fragment	caber	NN1	GenAm	ˈkɒ-	𐑒𐑪-	ˈkeɪbəR	𐑒𐑱𐑚𐑼	1
fragment	cacciatore	AJ0	RSSB	kɑːRtʃ-	𐑒𐑸𐑗-	kætʃətɔːri	𐑒𐑨𐑗𐑩𐑑𐑹𐑦	89
fragment	cacciatore	AJ0	RSSB	-eɪ	-𐑱	kætʃətɔːri	𐑒𐑨𐑗𐑩𐑑𐑹𐑦	1
fragment	cacciatore	AJ0	GenAm	-toʊr-	-𐑑𐑴𐑮-	ˌkɒtʃəˈtɔːRi	𐑒𐑪𐑗𐑩𐑑𐑹𐑦	89
fragment	cacciatore	NN1	RSSB	kɑːRtʃ-	𐑒𐑸𐑗-	kætʃətɔːri	𐑒𐑨𐑗𐑩𐑑𐑹𐑦	89
fragment	cacciatore	NN1	RSSB	-eɪ	-𐑱	kætʃətɔːri	𐑒𐑨𐑗𐑩𐑑𐑹𐑦	1
fragment	cacciatore	NN1	GenAm	-toʊr-	-𐑑𐑴𐑮-	ˌkɒtʃəˈtɔːRi	𐑒𐑪𐑗𐑩𐑑𐑹𐑦	89
fragment	caddie	NN1	GenAm	-ti	-𐑑𐑦	ˈkædi	𐑒𐑨𐑛𐑦	89
fragment	caddie	VVI	GenAm	-ti	-𐑑𐑦	ˈkædi	𐑒𐑨𐑛𐑦	89
fragment	caddy	NN1	GenAm	-ti	-𐑑𐑦	ˈkædi	𐑒𐑨𐑛𐑦	89
fragment	caddy	VVI	GenAm	-ti	-𐑑𐑦	ˈkædi	𐑒𐑨𐑛𐑦	89
fragment	Cadillac converter	NN1	GenAm	-təR	-𐑑𐑼	ˈkædəˌlæk kənˈvɜːRtəR	𐑒𐑨𐑛𐑩𐑤𐑨𐑒 𐑒𐑩𐑯𐑝𐑻𐑑𐑼	30
fragment	Caffraria	NP0	RSSB	kə-	𐑒𐑩-	kæfreəriə	𐑒𐑨𐑓𐑮𐑺𐑦𐑩	1
fragment	Caffraria	NP0	GenAm	kəˈ-	𐑒𐑩-	kæˈfreriə	𐑒𐑨𐑓𐑮𐑧𐑮𐑦𐑩	1
fragment	calcine	VVI	RSSB	-sɪn	-𐑕𐑦𐑯	ˈkælsaɪn	𐑒𐑨𐑤𐑕𐑲𐑯	89
fragment	calcine	NN1	RSSB	-sɪn	-𐑕𐑦𐑯	ˈkælsaɪn	𐑒𐑨𐑤𐑕𐑲𐑯	89
fragment	California	NP0	RSSB	-njə	-𐑯𐑘𐑩	kælɪfɔːRniə	𐑒𐑨𐑤𐑦𐑓𐑹𐑯𐑦𐑩	1
fragment	caliginous	AJ0	GenAm	-ˈlɪdʒɪ-	-𐑤𐑦𐑡𐑦-	kəˈlɪdʒənəs	𐑒𐑩𐑤𐑦𐑡𐑩𐑯𐑩𐑕	89
fragment	campanile	NN1	RSSB	-aɪl	-𐑲𐑤	kæmpəˈniːli	𐑒𐑨𐑥𐑐𐑩𐑯𐑰𐑤𐑦	89
fragment	canaigre	NN1	RSSB	-neɪɡəR	-𐑯𐑱𐑜𐑼	kənaɪɡri	𐑒𐑩𐑯𐑲𐑜𐑮𐑦	89
fragment	cannula	NN1	RSSB	-aɪ	-𐑲	ˈkænjələ	𐑒𐑨𐑯𐑘𐑩𐑤𐑩	89
fragment	cannula	NN1	GenAm	-aɪ	-𐑲	ˈkænjələ	𐑒𐑨𐑯𐑘𐑩𐑤𐑩	89
fragment	cannulae	NN1	RSSB	-aɪ	-𐑲	ˈkænjəli	𐑒𐑨𐑯𐑘𐑩𐑤𐑦	89
fragment	cannulae	NN1	GenAm	-aɪ	-𐑲	ˈkænjəli	𐑒𐑨𐑯𐑘𐑩𐑤𐑦	89
fragment	capitalist roader	NN1	GenAm	-tələst-	-𐑑𐑩𐑤𐑩𐑕𐑑-	ˌkæpətələst ˈroʊdəR	𐑒𐑨𐑐𐑩𐑑𐑩𐑤𐑩𐑕𐑑 𐑮𐑴𐑛𐑼	1
fragment	cappuccini	NN1	RSSB	-pə-	-𐑐𐑩-	ˌkæpʊˈtʃiːni	𐑒𐑨𐑐𐑫𐑗𐑰𐑯𐑦	89
fragment	cappuccino	NN1	RSSB	-pə-	-𐑐𐑩-	ˌkæpʊˈtʃiːnəʊ	𐑒𐑨𐑐𐑫𐑗𐑰𐑯𐑴	89
fragment	Captain Obvious	NN1	RSSB	-ən -	-𐑩𐑯 -	ˌkæptɪn ˈɒbviəs	𐑒𐑨𐑐𐑑𐑦𐑯 𐑪𐑚𐑝𐑦𐑩𐑕	89
fragment	carabineer	NN1	RSSB	kar-	𐑒𐑨𐑮-	kærəRbənɪəR	𐑒𐑨𐑮𐑼𐑚𐑩𐑯𐑽	30
fragment	carabineer	NN1	RSSB	-nɪː	-𐑯𐑦ː	kærəRbənɪəR	𐑒𐑨𐑮𐑼𐑚𐑩𐑯𐑽	1
fragment	caravel	NN1	GenAm	ˈke-	𐑒𐑧-	ˈkærəvel	𐑒𐑨𐑮𐑩𐑝𐑧𐑤	1
fragment	carbonado	NN1	RSSB	-nɑːR-	-𐑯𐑸-	kɑːRbəRneɪdəʊ	𐑒𐑸𐑚𐑼𐑯𐑱𐑛𐑴	89
fragment	carbonado	VVI	RSSB	-nɑːR-	-𐑯𐑸-	kɑːRbəRneɪdəʊ	𐑒𐑸𐑚𐑼𐑯𐑱𐑛𐑴	89
fragment	carcinization	NN1	RSSB	-naɪ-	-𐑯𐑲-	kɑːRsɪnɪzeɪʃən	𐑒𐑸𐑕𐑦𐑯𐑦𐑟𐑱𐑖𐑩𐑯	1
fragment	carcinization	NN1	GenAm	-naɪ-	-𐑯𐑲-	ˌkɑːRsɪnɪˈzeɪʃən	𐑒𐑸𐑕𐑦𐑯𐑦𐑟𐑱𐑖𐑩𐑯	1
fragment	carcinoma	NN1	GenAm	-sə-	-𐑕𐑩-	ˌkɑːRsɪˈnoʊmə	𐑒𐑸𐑕𐑦𐑯𐑴𐑥𐑩	1
fragment	carcinoma	NN1	GenAm	-tə	-𐑑𐑩	ˌkɑːRsɪˈnoʊmə	𐑒𐑸𐑕𐑦𐑯𐑴𐑥𐑩	1
fragment	carcinomata	NN1	GenAm	-sə-	-𐑕𐑩-	ˌkɑːRsɪnoʊˈmɒtə	𐑒𐑸𐑕𐑦𐑯𐑴𐑥𐑪𐑑𐑩	1
fragment	carcinomata	NN1	GenAm	-tə	-𐑑𐑩	ˌkɑːRsɪnoʊˈmɒtə	𐑒𐑸𐑕𐑦𐑯𐑴𐑥𐑪𐑑𐑩	1
fragment	cardiophylax	NN1	RSSB	-əʊfɪlɑːRks	-𐑴𐑓𐑦𐑤𐑸𐑒𐑕	kɑːRdiːəfɪlaks	𐑒𐑸𐑛𐑰𐑩𐑓𐑦𐑤𐑨𐑒𐑕	89
fragment	cardiophylax	NN1	GenAm	-oʊˈfɪlɒks	-𐑴𐑓𐑦𐑤𐑪𐑒𐑕	ˌkɑːRdiəˈfɪlæks	𐑒𐑸𐑛𐑦𐑩𐑓𐑦𐑤𐑨𐑒𐑕	1
fragment	carrack	NN1	GenAm	-ɪk	-𐑦𐑒	ˈkærək	𐑒𐑨𐑮𐑩𐑒	1
fragment	carrier	NN1	GenAm	ˈker-	𐑒𐑧𐑮-	ˈkæriəR	𐑒𐑨𐑮𐑦𐑼	30
fragment	carrier wave	NN1	GenAm	ˈke-	𐑒𐑧-	ˈkærɪəR weɪv	𐑒𐑨𐑮𐑽 𐑢𐑱𐑝	1
fragment	carvel	NN1	RSSB	-əRl	-𐑼𐑤	kɑːRvɪl	𐑒𐑸𐑝𐑦𐑤	89
fragment	carvel	NN1	GenAm	-əl	-𐑩𐑤	ˈkɑːRvɪl	𐑒𐑸𐑝𐑦𐑤	1
fragment	catamount	NN1	GenAm	-tə-	-𐑑𐑩-	ˈkætəˌmaʊnt	𐑒𐑨𐑑𐑩𐑥𐑬𐑯𐑑	89
fragment	catamountain	NN1	RSSB	-tən	-𐑑𐑩𐑯	kætəˈmaʊntɪn	𐑒𐑨𐑑𐑩𐑥𐑬𐑯𐑑𐑦𐑯	89
fragment	catamountain	NN1	GenAm	-tə-	-𐑑𐑩-	kætəˈmaʊntən	𐑒𐑨𐑑𐑩𐑥𐑬𐑯𐑑𐑩𐑯	89
fragment	cataphor	NN1	RSSB	-fɔːR	-𐑓𐑹	katəfəR	𐑒𐑨𐑑𐑩𐑓𐑼	89
fragment	cataphor	NN1	GenAm	-ˌfɔːR	-𐑓𐑹	ˈkætəfəR	𐑒𐑨𐑑𐑩𐑓𐑼	89
fragment	cataphract	NN1	GenAm	ˈkætə-	𐑒𐑨𐑑𐑩-	ˈkætəˌfrækt	𐑒𐑨𐑑𐑩𐑓𐑮𐑨𐑒𐑑	1
fragment	cataphract	AJ0	GenAm	ˈkætə-	𐑒𐑨𐑑𐑩-	ˈkætəˌfrækt	𐑒𐑨𐑑𐑩𐑓𐑮𐑨𐑒𐑑	1
fragment	catcher	NN1	GenAm	ˈketʃ-	𐑒𐑧𐑗-	ˈkætʃər	𐑒𐑨𐑗𐑼	1
fragment	category	NN1	RSSB	-ɡri	-𐑜𐑮𐑦	kætɪɡəri	𐑒𐑨𐑑𐑦𐑜𐑼𐑦	89
fragment	cater-cousin	NN1	GenAm	-tər-	-𐑑𐑼-	ˈkeɪtərˌkʌzən	𐑒𐑱𐑑𐑼𐑒𐑳𐑟𐑩𐑯	89
fragment	caterwauling	NN1	GenAm	-ˌwɒ-	-𐑢𐑪-	ˈkætəRˌwɒlɪŋ	𐑒𐑨𐑑𐑼𐑢𐑪𐑤𐑦𐑙	1
fragment	caterwauling	NN1	GenAm	-təR-	-𐑑𐑼-	ˈkætəRˌwɒlɪŋ	𐑒𐑨𐑑𐑼𐑢𐑪𐑤𐑦𐑙	89
fragment	caterwauling	VVI	GenAm	-ˌwɒ-	-𐑢𐑪-	ˈkætəRˌwɒlɪŋ	𐑒𐑨𐑑𐑼𐑢𐑪𐑤𐑦𐑙	1
fragment	caterwauling	VVI	GenAm	-təR-	-𐑑𐑼-	ˈkætəRˌwɒlɪŋ	𐑒𐑨𐑑𐑼𐑢𐑪𐑤𐑦𐑙	89
fragment	Catonian	AJ0	GenAm	ˌkeɪˈ-	𐑒𐑱-	kəˈtoʊniən	𐑒𐑩𐑑𐑴𐑯𐑦𐑩𐑯	89
fragment	Catonian	NN1	GenAm	ˌkeɪˈ-	𐑒𐑱-	kəˈtoʊniən	𐑒𐑩𐑑𐑴𐑯𐑦𐑩𐑯	89
fragment	Caucasian	AJ0	RSSB	-ʃən	-𐑖𐑩𐑯	kɔːˈkeɪʒən	𐑒𐑷𐑒𐑱𐑠𐑩𐑯	89
fragment	Caucasian	NN1	RSSB	-ʃən	-𐑖𐑩𐑯	kɔːˈkeɪʒən	𐑒𐑷𐑒𐑱𐑠𐑩𐑯	89
fragment	cause célèbre	NN1	GenAm	-ˈlebrə	-𐑤𐑧𐑚𐑮𐑩	ˈkɒz səˈleb	𐑒𐑪𐑟 𐑕𐑩𐑤𐑧𐑚	89
fragment	caveat	NN1	RSSB	ˈkeɪ-	𐑒𐑱-	ˈkævɪæt	𐑒𐑨𐑝𐑦𐑨𐑑	89
fragment	caveat	NN1	GenAm	-æt	-𐑨𐑑	ˈkæviɒt	𐑒𐑨𐑝𐑦𐑪𐑑	89
fragment	caveat	VVI	RSSB	ˈkeɪ-	𐑒𐑱-	ˈkævɪæt	𐑒𐑨𐑝𐑦𐑨𐑑	89
fragment	caveat	VVI	GenAm	-æt	-𐑨𐑑	ˈkæviɒt	𐑒𐑨𐑝𐑦𐑪𐑑	89
fragment	caveat emptor	UNC	GenAm	-ˌæt-	-𐑨𐑑-	ˈkæviˌɒt ˈemptɔːR	𐑒𐑨𐑝𐑦𐑪𐑑 𐑧𐑥𐑐𐑑𐑹	1
fragment	caveat emptor	UNC	GenAm	-ət-	-𐑩𐑑-	ˈkæviˌɒt ˈemptɔːR	𐑒𐑨𐑝𐑦𐑪𐑑 𐑧𐑥𐑐𐑑𐑹	1
fragment	caveat emptor	UNC	GenAm	-tər	-𐑑𐑼	ˈkæviˌɒt ˈemptɔːR	𐑒𐑨𐑝𐑦𐑪𐑑 𐑧𐑥𐑐𐑑𐑹	89
fragment	Ceaușescu	NP0	RSSB	-ˈtʃes-	-𐑗𐑧𐑕-	tʃaʊˈʃeskuː	𐑗𐑬𐑖𐑧𐑕𐑒𐑵	89
fragment	Ceaușescu	NP0	GenAm	-ˈtʃes-	-𐑗𐑧𐑕-	tʃaʊˈʃesku	𐑗𐑬𐑖𐑧𐑕𐑒𐑫	89
fragment	cellulite	NN1	RSSB	ˌ-liːt	-𐑤𐑰𐑑	ˈseljəlaɪt	𐑕𐑧𐑤𐑘𐑩𐑤𐑲𐑑	89
fragment	cellulite	NN1	GenAm	ˌ-lit	-𐑤𐑦𐑑	ˈseljəlaɪt	𐑕𐑧𐑤𐑘𐑩𐑤𐑲𐑑	89
fragment	centurion	NN1	RSSB	-ɔːriəRn	-𐑹𐑦𐑼𐑯	sentjəəriən	𐑕𐑧𐑯𐑑𐑘𐑩𐑼𐑦𐑩𐑯	89
fragment	centurion	NN1	GenAm	-əRiən	-𐑼𐑦𐑩𐑯	senˈtjəriən	𐑕𐑧𐑯𐑑𐑘𐑼𐑦𐑩𐑯	89
fragment	Cephalonian	AJ0	RSSB	ˌkefə-	𐑒𐑧𐑓𐑩-	ˌsefəˈləʊniən	𐑕𐑧𐑓𐑩𐑤𐑴𐑯𐑦𐑩𐑯	89
fragment	Cephalonian	AJ0	GenAm	ˌkefə-	𐑒𐑧𐑓𐑩-	ˌsefəˈloʊniən	𐑕𐑧𐑓𐑩𐑤𐑴𐑯𐑦𐑩𐑯	89
fragment	Cephalonian	NN1	RSSB	ˌkefə-	𐑒𐑧𐑓𐑩-	ˌsefəˈləʊniən	𐑕𐑧𐑓𐑩𐑤𐑴𐑯𐑦𐑩𐑯	89
fragment	Cephalonian	NN1	GenAm	ˌkefə-	𐑒𐑧𐑓𐑩-	ˌsefəˈloʊniən	𐑕𐑧𐑓𐑩𐑤𐑴𐑯𐑦𐑩𐑯	89
fragment	Chabad	NP0	GenAm	h-	𐑣-	xəˈbɒd	x𐑩𐑚𐑪𐑛	89
fragment	Chabadnik	NN1	GenAm	h-	𐑣-	xəˈbɒdnɪk	x𐑩𐑚𐑪𐑛𐑯𐑦𐑒	89
fragment	chairoplane	NN1	GenAm	-roʊ-	-𐑮𐑴-	ˈtʃerəpleɪn	𐑗𐑧𐑮𐑩𐑐𐑤𐑱𐑯	89
fragment	chance upon	VVI	RSSB	ˈtʃæns-	𐑗𐑨𐑯𐑕-	ˈtʃɑːns əˌpɒn	𐑗𐑭𐑯𐑕 𐑩𐑐𐑪𐑯	89
fragment	chance upon	VVI	GenAm	-ˌpɒn	-𐑐𐑪𐑯	ˈtʃæns əˌpɒn	𐑗𐑨𐑯𐑕 𐑩𐑐𐑪𐑯	89
fragment	chancellery	NN1	RSSB	-səlri	-𐑕𐑩𐑤𐑮𐑦	tʃɑːnsəRləri	𐑗𐑭𐑯𐑕𐑼𐑤𐑼𐑦	89
fragment	chancellery	NN1	RSSB	-sləri	-𐑕𐑤𐑼𐑦	tʃɑːnsəRləri	𐑗𐑭𐑯𐑕𐑼𐑤𐑼𐑦	89
fragment	chancellor	NN1	GenAm	-ləR	-𐑤𐑼	ˈtʃænsləR	𐑗𐑨𐑯𐑕𐑤𐑼	89
fragment	chantwell	NN1	RSSB	ˈtʃɑː-	𐑗𐑭-	ˈtʃæntwel	𐑗𐑨𐑯𐑑𐑢𐑧𐑤	89
fragment	charitarian	NN1	GenAm	ˌtʃærəˈ-	𐑗𐑨𐑮𐑩-	ˌtʃerəˈteriən	𐑗𐑧𐑮𐑩𐑑𐑧𐑮𐑦𐑩𐑯	30
fragment	chase pennies with dollars	VVI	GenAm	- wɪθ -	- 𐑢𐑦𐑔 -	tʃeɪs ˈpeniz wɪð ˈdɒləRz	𐑗𐑱𐑕 𐑐𐑧𐑯𐑦𐑟 𐑢𐑦𐑞 𐑛𐑪𐑤𐑼𐑟	1
fragment	chatelaine	NN1	GenAm	-təl-	-𐑑𐑩𐑤-	ˈʃætəˌleɪn	𐑖𐑨𐑑𐑩𐑤𐑱𐑯	89
fragment	cheatery	NN1	GenAm	-tə-	-𐑑𐑩-	ˈtʃitəri	𐑗𐑦𐑑𐑼𐑦	1
fragment	chef d'œuvre	NN1	RSSB	-dɜːRvrəR	-𐑛𐑻𐑝𐑮𐑼	ʃeɪdɜːRvrəR	𐑖𐑱𐑛𐑻𐑝𐑮𐑼	89
fragment	chef d'œuvre	NN1	GenAm	-ˈdɜːvrə	-𐑛𐑻𐑝𐑮𐑩	ˌʃedˈəːv	𐑖𐑧𐑛𐑩ː𐑝	89
fragment	chef d'œuvre	NN1	GenAm	ˌʃeɪ-	𐑖𐑱-	ˌʃedˈəːv	𐑖𐑧𐑛𐑩ː𐑝	1
fragment	chef d'œuvre	NN1	GenAm	ʃef-	𐑖𐑧𐑓-	ˌʃedˈəːv	𐑖𐑧𐑛𐑩ː𐑝	1
fragment	chelonian	AJ0	RSSB	tʃɪˈ-	𐑗𐑦-	kɪˈləʊniən	𐑒𐑦𐑤𐑴𐑯𐑦𐑩𐑯	89
fragment	chelonian	AJ0	GenAm	tʃɪˈ-	𐑗𐑦-	kɪˈloʊniən	𐑒𐑦𐑤𐑴𐑯𐑦𐑩𐑯	89
fragment	chelonian	NN1	RSSB	tʃɪˈ-	𐑗𐑦-	kɪˈləʊniən	𐑒𐑦𐑤𐑴𐑯𐑦𐑩𐑯	89
fragment	chelonian	NN1	GenAm	tʃɪˈ-	𐑗𐑦-	kɪˈloʊniən	𐑒𐑦𐑤𐑴𐑯𐑦𐑩𐑯	89
fragment	Chernihiv	NP0	GenAm	tʃer-	𐑗𐑧𐑮-	tʃərˈnihiv	𐑗𐑼𐑯𐑦𐑣𐑦𐑝	89
fragment	Chernihiv	NP0	GenAm	-ˈnihɪv	-𐑯𐑦𐑣𐑦𐑝	tʃərˈnihiv	𐑗𐑼𐑯𐑦𐑣𐑦𐑝	1
fragment	chest of drawers	NN1	RSSB	-əv-	-𐑩𐑝-	tʃestəR dʒrɔːz	𐑗𐑧𐑕𐑑𐑼 𐑡𐑮𐑷𐑟	1
fragment	chevrotin	NN1	GenAm	-rə-	-𐑮𐑩-	ˈʃevroʊtɪn	𐑖𐑧𐑝𐑮𐑴𐑑𐑦𐑯	89
fragment	Chicano	AJ0	GenAm	tʃi-	𐑗𐑦-	tʃɪˈkɒnoʊ	𐑗𐑦𐑒𐑪𐑯𐑴	89
fragment	Chicano	NN1	GenAm	tʃi-	𐑗𐑦-	tʃɪˈkɒnoʊ	𐑗𐑦𐑒𐑪𐑯𐑴	89
fragment	Chinese New Year	NP0	RSSB	-jɜːR	-𐑘𐑻	tʃaɪniːz njuː jɪəR	𐑗𐑲𐑯𐑰𐑟 𐑯𐑿 𐑘𐑽	89
fragment	chiromancer	NN1	GenAm	-roʊ-	-𐑮𐑴-	ˈkaɪrəˌmænsəR	𐑒𐑲𐑮𐑩𐑥𐑨𐑯𐑕𐑼	30
fragment	chloropsia	NN1	RSSB	klə-	𐑒𐑤𐑩-	klɔːrɒpsiə	𐑒𐑤𐑹𐑪𐑐𐑕𐑦𐑩	1
fragment	chloropsia	NN1	GenAm	klə-	𐑒𐑤𐑩-	klɒˈrɒpsiə	𐑒𐑤𐑪𐑮𐑪𐑐𐑕𐑦𐑩	1
fragment	chloroquine	NN1	RSSB	-kwɪn	-𐑒𐑢𐑦𐑯	klɔːrəʊkwiːn	𐑒𐑤𐑹𐑴𐑒𐑢𐑰𐑯	1
fragment	chocolatier	AJ0	GenAm	-lət-	-𐑤𐑩𐑑-	ˈtʃɒklɪtiəR	𐑗𐑪𐑒𐑤𐑦𐑑𐑦𐑼	1
fragment	chocolaty	AJ0	GenAm	-lət-	-𐑤𐑩𐑑-	ˈtʃɒklɪti	𐑗𐑪𐑒𐑤𐑦𐑑𐑦	89
fragment	chromatic	AJ0	GenAm	-tɪk	-𐑑𐑦𐑒	kroʊˈmætɪk	𐑒𐑮𐑴𐑥𐑨𐑑𐑦𐑒	1
fragment	chromatics	NN1	RSSB	krəʊ-	𐑒𐑮𐑴-	krəmætɪks	𐑒𐑮𐑩𐑥𐑨𐑑𐑦𐑒𐑕	89
fragment	chromatics	NN1	GenAm	-tɪks	-𐑑𐑦𐑒𐑕	kroʊˈmætɪks	𐑒𐑮𐑴𐑥𐑨𐑑𐑦𐑒𐑕	1
fragment	chromosomal	AJ0	RSSB	-zəʊməl	-𐑟𐑴𐑥𐑩𐑤	krəʊməsəʊməl	𐑒𐑮𐑴𐑥𐑩𐑕𐑴𐑥𐑩𐑤	1
fragment	chromosomal	AJ0	GenAm	-zoʊməl	-𐑟𐑴𐑥𐑩𐑤	ˌkroʊməˈsoʊməl	𐑒𐑮𐑴𐑥𐑩𐑕𐑴𐑥𐑩𐑤	1
fragment	chronoception	NN1	RSSB	krəʊ-	𐑒𐑮𐑴-	krɒnəʊsepʃən	𐑒𐑮𐑪𐑯𐑴𐑕𐑧𐑐𐑖𐑩𐑯	89
fragment	chronoception	NN1	GenAm	ˌkroʊ-	𐑒𐑮𐑴-	ˌkrɒnoʊˈsepʃən	𐑒𐑮𐑪𐑯𐑴𐑕𐑧𐑐𐑖𐑩𐑯	89
fragment	chronograph	NN1	RSSB	krəʊ-	𐑒𐑮𐑴-	krɒnəɡrɑːf	𐑒𐑮𐑪𐑯𐑩𐑜𐑮𐑭𐑓	30
fragment	chronograph	NN1	GenAm	ˈkroʊ-	𐑒𐑮𐑴-	ˈkrɒnəˌɡræf	𐑒𐑮𐑪𐑯𐑩𐑜𐑮𐑨𐑓	30
fragment	chronograph	NN1	RSSB	-ɡræf	-𐑜𐑮𐑨𐑓	krɒnəɡrɑːf	𐑒𐑮𐑪𐑯𐑩𐑜𐑮𐑭𐑓	30
fragment	chronograph	VVI	RSSB	krəʊ-	𐑒𐑮𐑴-	krɒnəɡrɑːf	𐑒𐑮𐑪𐑯𐑩𐑜𐑮𐑭𐑓	30
fragment	chronograph	VVI	GenAm	ˈkroʊ-	𐑒𐑮𐑴-	ˈkrɒnəˌɡræf	𐑒𐑮𐑪𐑯𐑩𐑜𐑮𐑨𐑓	30
fragment	chronograph	VVI	RSSB	-ɡræf	-𐑜𐑮𐑨𐑓	krɒnəɡrɑːf	𐑒𐑮𐑪𐑯𐑩𐑜𐑮𐑭𐑓	30
fragment	chronostasis	NN1	RSSB	krəʊ-	𐑒𐑮𐑴-	krɒnəsteɪsɪs	𐑒𐑮𐑪𐑯𐑩𐑕𐑑𐑱𐑕𐑦𐑕	89
fragment	chronostasis	NN1	GenAm	ˌkroʊ-	𐑒𐑮𐑴-	ˌkrɒnəˈsteɪsɪs	𐑒𐑮𐑪𐑯𐑩𐑕𐑑𐑱𐑕𐑦𐑕	89
fragment	chronostasis	NN1	RSSB	-stæ-	-𐑕𐑑𐑨-	krɒnəsteɪsɪs	𐑒𐑮𐑪𐑯𐑩𐑕𐑑𐑱𐑕𐑦𐑕	1
fragment	churchish	AJ0	RSSB	-əʃ	-𐑩𐑖	tʃɜːRtʃɪʃ	𐑗𐑻𐑗𐑦𐑖	1
fragment	churchish	AJ0	GenAm	-əʃ	-𐑩𐑖	ˈtʃəRtʃɪʃ	𐑗𐑼𐑗𐑦𐑖	1
fragment	Cinquecentist	AJ0	GenAm	-tɪst	-𐑑𐑦𐑕𐑑	tʃiŋkwəˈtʃentɪst	𐑗𐑦𐑙𐑒𐑢𐑩𐑗𐑧𐑯𐑑𐑦𐑕𐑑	89
fragment	Cinquecentist	NN1	GenAm	-tɪst	-𐑑𐑦𐑕𐑑	tʃiŋkwəˈtʃentɪst	𐑗𐑦𐑙𐑒𐑢𐑩𐑗𐑧𐑯𐑑𐑦𐑕𐑑	89
fragment	circulatory system	NN1	RSSB	-tri-	-𐑑𐑮𐑦-	sɜːRkjuːləRtəri sɪstəm	𐑕𐑻𐑒𐑿𐑤𐑼𐑑𐑼𐑦 𐑕𐑦𐑕𐑑𐑩𐑥	30
fragment	circumstance	NN1	RSSB	-ɑːns	-𐑭𐑯𐑕	sɜːRkəmstəns	𐑕𐑻𐑒𐑩𐑥𐑕𐑑𐑩𐑯𐑕	1
fragment	circumstance	NN1	RSSB	-æns	-𐑨𐑯𐑕	sɜːRkəmstəns	𐑕𐑻𐑒𐑩𐑥𐑕𐑑𐑩𐑯𐑕	1
fragment	circumstance	VVI	RSSB	-ɑːns	-𐑭𐑯𐑕	sɜːRkəmstəns	𐑕𐑻𐑒𐑩𐑥𐑕𐑑𐑩𐑯𐑕	1
fragment	circumstance	VVI	RSSB	-æns	-𐑨𐑯𐑕	sɜːRkəmstəns	𐑕𐑻𐑒𐑩𐑥𐑕𐑑𐑩𐑯𐑕	1
fragment	citation needed	UNC	GenAm	-dəd	-𐑛𐑩𐑛	ˌsaɪˈteɪʃən ˈnidƏd	𐑕𐑲𐑑𐑱𐑖𐑩𐑯 𐑯𐑦𐑛𐑩𐑛	89
fragment	clarion	NN1	GenAm	ˈkle-	𐑒𐑤𐑧-	ˈklæriən	𐑒𐑤𐑨𐑮𐑦𐑩𐑯	1
fragment	clarion	AJ0	GenAm	ˈkle-	𐑒𐑤𐑧-	ˈklæriən	𐑒𐑤𐑨𐑮𐑦𐑩𐑯	1
fragment	clarion	VVI	GenAm	ˈkle-	𐑒𐑤𐑧-	ˈklæriən	𐑒𐑤𐑨𐑮𐑦𐑩𐑯	1
fragment	clavicularium	NN1	GenAm	kləˌ-	𐑒𐑤𐑩-	klæˌvɪkjəˈleriəm	𐑒𐑤𐑨𐑝𐑦𐑒𐑘𐑩𐑤𐑧𐑮𐑦𐑩𐑥	1
fragment	claviform	AJ0	RSSB	kleɪ-	𐑒𐑤𐑱-	klævɪfɔːRm	𐑒𐑤𐑨𐑝𐑦𐑓𐑹𐑥	1
fragment	claviform	AJ0	GenAm	-və-	-𐑝𐑩-	ˈklævɪˌfɔːRm	𐑒𐑤𐑨𐑝𐑦𐑓𐑹𐑥	1
fragment	claviform	NN1	RSSB	kleɪ-	𐑒𐑤𐑱-	klævɪfɔːRm	𐑒𐑤𐑨𐑝𐑦𐑓𐑹𐑥	1
fragment	claviform	NN1	GenAm	-və-	-𐑝𐑩-	ˈklævɪˌfɔːRm	𐑒𐑤𐑨𐑝𐑦𐑓𐑹𐑥	1
fragment	clinopyroxene	NN1	GenAm	-nə-	-𐑯𐑩-	ˌklaɪnoʊpaɪˈrɒksin	𐑒𐑤𐑲𐑯𐑴𐑐𐑲𐑮𐑪𐑒𐑕𐑦𐑯	1
fragment	clocky	AJ0	GenAm	ˈklɒk-	𐑒𐑤𐑪𐑒-			89
fragment	close helmet	NN1	RSSB	ˈkləʊz-	𐑒𐑤𐑴𐑟-	ˈkləʊs ˈhelmət	𐑒𐑤𐑴𐑕 𐑣𐑧𐑤𐑥𐑩𐑑	89
fragment	close helmet	NN1	GenAm	ˈkloʊz-	𐑒𐑤𐑴𐑟-	ˈkloʊs ˈhelmət	𐑒𐑤𐑴𐑕 𐑣𐑧𐑤𐑥𐑩𐑑	89
fragment	cobra effect	NN1	RSSB	kɒ-	𐑒𐑪-	kəʊbrə ɪfekt	𐑒𐑴𐑚𐑮𐑩 𐑦𐑓𐑧𐑒𐑑	1
fragment	cobra effect	NN1	GenAm	-əˈfekt	-𐑩𐑓𐑧𐑒𐑑	ˌkoʊbrə ɪˈfekt	𐑒𐑴𐑚𐑮𐑩 𐑦𐑓𐑧𐑒𐑑	1
fragment	cobra effect	NN1	GenAm	-iˈfekt	-𐑦𐑓𐑧𐑒𐑑	ˌkoʊbrə ɪˈfekt	𐑒𐑴𐑚𐑮𐑩 𐑦𐑓𐑧𐑒𐑑	1
fragment	cochlearium	NN1	GenAm	ˌkoʊkliˈ-	𐑒𐑴𐑒𐑤𐑦-	ˌkɒkliˈeriəm	𐑒𐑪𐑒𐑤𐑦𐑧𐑮𐑦𐑩𐑥	1
fragment	coetaneity	NN1	GenAm	-teɪˈni-	-𐑑𐑱𐑯𐑦-	ˌkoʊɪtəˈniɪti	𐑒𐑴𐑦𐑑𐑩𐑯𐑦𐑦𐑑𐑦	89
fragment	coetaneous	AJ0	GenAm	-iˈteɪn-	-𐑦𐑑𐑱𐑯-	ˌkoʊɪˈteɪniəs	𐑒𐑴𐑦𐑑𐑱𐑯𐑦𐑩𐑕	89
fragment	coevolve	VVI	GenAm	-ˈvɒlv	-𐑝𐑪𐑤𐑝	ˌkoʊɪˈvɒlv	𐑒𐑴𐑦𐑝𐑪𐑤𐑝	89
fragment	CoffeeScript	NP0	RSSB	kɒf-	𐑒𐑪𐑓-	kɔːfiː skrɪpt	𐑒𐑷𐑓𐑰 𐑕𐑒𐑮𐑦𐑐𐑑	1
fragment	CoffeeScript	NP0	GenAm	ˈkɒf-	𐑒𐑪𐑓-	ˈkɒfi skrɪpt	𐑒𐑪𐑓𐑦 𐑕𐑒𐑮𐑦𐑐𐑑	1
fragment	cognate accusative	NN1	GenAm	-tɪv	-𐑑𐑦𐑝	ˈkɒɡˌneɪt əˈkjuzətɪv	𐑒𐑪𐑜𐑯𐑱𐑑 𐑩𐑒𐑘𐑫𐑟𐑩𐑑𐑦𐑝	89
fragment	cognitohazard	NN1	RSSB	-tə-	-𐑑𐑩-	kɒɡnitəʊhæzəRd	𐑒𐑪𐑜𐑯𐑦𐑑𐑴𐑣𐑨𐑟𐑼𐑛	1
fragment	cognitohazard	NN1	GenAm	-tə-	-𐑑𐑩-	kɒɡˈnitoʊˌhæzərd	𐑒𐑪𐑜𐑯𐑦𐑑𐑴𐑣𐑨𐑟𐑼𐑛	1
fragment	cognitohazard	NN1	GenAm	-toʊ-	-𐑑𐑴-	kɒɡˈnitoʊˌhæzərd	𐑒𐑪𐑜𐑯𐑦𐑑𐑴𐑣𐑨𐑟𐑼𐑛	1
fragment	cognitohazardous	AJ0	GenAm	-əs	-𐑩𐑕	kɒɡˈnitoʊˌhæzəRdɪs	𐑒𐑪𐑜𐑯𐑦𐑑𐑴𐑣𐑨𐑟𐑼𐑛𐑦𐑕	1
fragment	cognitohazardous	AJ0	GenAm	-nitoʊ-	-𐑯𐑦𐑑𐑴-	kɒɡˈnitoʊˌhæzəRdɪs	𐑒𐑪𐑜𐑯𐑦𐑑𐑴𐑣𐑨𐑟𐑼𐑛𐑦𐑕	1
fragment	cognitohazardous	AJ0	GenAm	-nitə-	-𐑯𐑦𐑑𐑩-	kɒɡˈnitoʊˌhæzəRdɪs	𐑒𐑪𐑜𐑯𐑦𐑑𐑴𐑣𐑨𐑟𐑼𐑛𐑦𐑕	1
fragment	cognitohazardous	AJ0	GenAm	-tɪs	-𐑑𐑦𐑕	kɒɡˈnitoʊˌhæzəRdɪs	𐑒𐑪𐑜𐑯𐑦𐑑𐑴𐑣𐑨𐑟𐑼𐑛𐑦𐑕	1
fragment	cognitohazardous	AJ0	GenAm	-təs	-𐑑𐑩𐑕	kɒɡˈnitoʊˌhæzəRdɪs	𐑒𐑪𐑜𐑯𐑦𐑑𐑴𐑣𐑨𐑟𐑼𐑛𐑦𐑕	1
fragment	coincident	AJ0	GenAm	-ˌdent	-𐑛𐑧𐑯𐑑	koʊˈɪnsədənt	𐑒𐑴𐑦𐑯𐑕𐑩𐑛𐑩𐑯𐑑	89
fragment	coincident	NN1	GenAm	-ˌdent	-𐑛𐑧𐑯𐑑	koʊˈɪnsədənt	𐑒𐑴𐑦𐑯𐑕𐑩𐑛𐑩𐑯𐑑	89
fragment	Combonian	AJ0	RSSB	kɒmˈ-	𐑒𐑪𐑥-	kəmˈbəʊniən	𐑒𐑩𐑥𐑚𐑴𐑯𐑦𐑩𐑯	89
fragment	Combonian	AJ0	GenAm	kɒmˈ-	𐑒𐑪𐑥-	kəmˈboʊniən	𐑒𐑩𐑥𐑚𐑴𐑯𐑦𐑩𐑯	89
fragment	come the old soldier	VVI	RSSB	-sɒl-	-𐑕𐑪𐑤-	kʌm ðiːəʊldsəʊldʒəR	𐑒𐑳𐑥 𐑞𐑰𐑴𐑤𐑛𐑕𐑴𐑤𐑡𐑼	1
fragment	come to papa	UNC	RSSB	-pəˈpɑː	-𐑐𐑩𐑐𐑭	ˌkʌm tə ˈpɑːpə	𐑒𐑳𐑥 𐑑𐑩 𐑐𐑭𐑐𐑩	89
fragment	come together	VVI	RSSB	təR-	𐑑𐑼-	kʌm tʊɡeðər	𐑒𐑳𐑥 𐑑𐑫𐑜𐑧𐑞𐑼	89
fragment	come together	VVI	GenAm	tə-	𐑑𐑩-	ˈkʌm tʊˈɡeðəR	𐑒𐑳𐑥 𐑑𐑫𐑜𐑧𐑞𐑼	1
fragment	commandant	NN1	GenAm	-dɒnt	-𐑛𐑪𐑯𐑑	ˈkɒməndænt	𐑒𐑪𐑥𐑩𐑯𐑛𐑨𐑯𐑑	89
fragment	commiecrat	NN1	RSSB	-mɪ-	-𐑥𐑦-	kɒmikræt	𐑒𐑪𐑥𐑦𐑒𐑮𐑨𐑑	1
fragment	commiecrat	NN1	GenAm	-mɪ-	-𐑥𐑦-	ˈkɒmikræt	𐑒𐑪𐑥𐑦𐑒𐑮𐑨𐑑	1
fragment	Commiefornia	NP0	RSSB	-njə	-𐑯𐑘𐑩	kɒmɪfɔːRniə	𐑒𐑪𐑥𐑦𐑓𐑹𐑯𐑦𐑩	1
fragment	Commiefornia	NP0	GenAm	-njə	-𐑯𐑘𐑩	ˌkɒmɪˈforniə	𐑒𐑪𐑥𐑦𐑓𐑪𐑮𐑯𐑦𐑩	1
fragment	compensatory lengthening	NN1	RSSB	kɒmpensəRtəri-	𐑒𐑪𐑥𐑐𐑧𐑯𐑕𐑼𐑑𐑼𐑦-	kɒmpenseɪtəri leŋkθənɪŋ	𐑒𐑪𐑥𐑐𐑧𐑯𐑕𐑱𐑑𐑼𐑦 𐑤𐑧𐑙𐑒𐑔𐑩𐑯𐑦𐑙	89
fragment	compersion	NN1	RSSB	-ʃəRn	-𐑖𐑼𐑯	kəmpɜːRʒən	𐑒𐑩𐑥𐑐𐑻𐑠𐑩𐑯	89
fragment	compersion	NN1	GenAm	-ʃən	-𐑖𐑩𐑯	kəmˈpɜrʒən	𐑒𐑩𐑥𐑐ɜ𐑮𐑠𐑩𐑯	1
fragment	complex	AJ0	GenAm	kəm-	𐑒𐑩𐑥-	kɒmˈpleks	𐑒𐑪𐑥𐑐𐑤𐑧𐑒𐑕	89
fragment	compotator	NN1	RSSB	kɒmpəʊ-	𐑒𐑪𐑥𐑐𐑴-	kɒmpəteɪtəR	𐑒𐑪𐑥𐑐𐑩𐑑𐑱𐑑𐑼	1
fragment	compotator	NN1	GenAm	-təR	-𐑑𐑼	ˈkɒmpɵˌteɪtəR	𐑒𐑪𐑥𐑐ɵ𐑑𐑱𐑑𐑼	89
fragment	compresence	NN1	RSSB	kɒm-	𐑒𐑪𐑥-	kəmprezəns	𐑒𐑩𐑥𐑐𐑮𐑧𐑟𐑩𐑯𐑕	1
fragment	compresence	NN1	GenAm	kɒm-	𐑒𐑪𐑥-	kəmˈprezəns	𐑒𐑩𐑥𐑐𐑮𐑧𐑟𐑩𐑯𐑕	1
fragment	compursion	NN1	RSSB	-ʃəRn	-𐑖𐑼𐑯	kəmpɜːRʒən	𐑒𐑩𐑥𐑐𐑻𐑠𐑩𐑯	89
fragment	compursion	NN1	GenAm	-ʃən	-𐑖𐑩𐑯	kəmˈpɜrʒən	𐑒𐑩𐑥𐑐ɜ𐑮𐑠𐑩𐑯	1
fragment	computer literacy	NN1	GenAm	-tərə-	-𐑑𐑼𐑩-	kəmˌpjutər ˈlɪtərəsi	𐑒𐑩𐑥𐑐𐑘𐑫𐑑𐑼 𐑤𐑦𐑑𐑼𐑩𐑕𐑦	30
fragment	con amore	AV0	RSSB	-rɪ	-𐑮𐑦	kɒn amɔːreɪ	𐑒𐑪𐑯 𐑨𐑥𐑹𐑱	89
fragment	con amore	AV0	GenAm	-ri	-𐑮𐑦	ˌkɒn əˈmɔːReɪ	𐑒𐑪𐑯 𐑩𐑥𐑹𐑱	89
fragment	conclave	NN1	RSSB	ˈkɒŋ-	𐑒𐑪𐑙-	ˈkɒnkleɪv	𐑒𐑪𐑯𐑒𐑤𐑱𐑝	89
fragment	conclave	NN1	GenAm	ˈkɒŋ-	𐑒𐑪𐑙-	ˈkɒnˌkleɪv	𐑒𐑪𐑯𐑒𐑤𐑱𐑝	89
fragment	conclave	VVI	RSSB	ˈkɒŋ-	𐑒𐑪𐑙-	ˈkɒnkleɪv	𐑒𐑪𐑯𐑒𐑤𐑱𐑝	89
fragment	conclave	VVI	GenAm	ˈkɒŋ-	𐑒𐑪𐑙-	ˈkɒnˌkleɪv	𐑒𐑪𐑯𐑒𐑤𐑱𐑝	89
fragment	conclaved	AJ0	RSSB	ˈkɒŋ-	𐑒𐑪𐑙-	ˈkɒnkleɪvd	𐑒𐑪𐑯𐑒𐑤𐑱𐑝𐑛	89
fragment	conclaved	AJ0	GenAm	ˈkɒŋ-	𐑒𐑪𐑙-	ˈkɒnˌkleɪvd	𐑒𐑪𐑯𐑒𐑤𐑱𐑝𐑛	89
fragment	conclaved	VVI	RSSB	ˈkɒŋ-	𐑒𐑪𐑙-	ˈkɒnkleɪvd	𐑒𐑪𐑯𐑒𐑤𐑱𐑝𐑛	89
fragment	conclaved	VVI	GenAm	ˈkɒŋ-	𐑒𐑪𐑙-	ˈkɒnˌkleɪvd	𐑒𐑪𐑯𐑒𐑤𐑱𐑝𐑛	89
fragment	concoction	NN1	RSSB	kəŋ-	𐑒𐑩𐑙-	kənˈkɒkʃən	𐑒𐑩𐑯𐑒𐑪𐑒𐑖𐑩𐑯	89
fragment	concoction	NN1	GenAm	kəŋ-	𐑒𐑩𐑙-	kənˈkɒkʃən	𐑒𐑩𐑯𐑒𐑪𐑒𐑖𐑩𐑯	89
fragment	Concordski	NP0	GenAm	kɒn-	𐑒𐑪𐑯-	kənˈkordski	𐑒𐑩𐑯𐑒𐑪𐑮𐑛𐑕𐑒𐑦	1
fragment	Concordski	NP0	GenAm	kɒŋ-	𐑒𐑪𐑙-	kənˈkordski	𐑒𐑩𐑯𐑒𐑪𐑮𐑛𐑕𐑒𐑦	1
fragment	condottiere	NN1	GenAm	-doʊ-	-𐑛𐑴-	ˌkɒndɒtˈjereɪ	𐑒𐑪𐑯𐑛𐑪𐑑𐑘𐑧𐑮𐑱	1
fragment	condottiere	NN1	GenAm	-tiˈer-	-𐑑𐑦𐑧𐑮-	ˌkɒndɒtˈjereɪ	𐑒𐑪𐑯𐑛𐑪𐑑𐑘𐑧𐑮𐑱	89
fragment	condottiere	NN1	GenAm	-i	-𐑦	ˌkɒndɒtˈjereɪ	𐑒𐑪𐑯𐑛𐑪𐑑𐑘𐑧𐑮𐑱	1
fragment	conduce	VVI	RSSB	-ˈdʒuːs	-𐑡𐑵𐑕	kənˈdjuːs	𐑒𐑩𐑯𐑛𐑿𐑕	89
fragment	confab	NN1	GenAm	kɒn-	𐑒𐑪𐑯-	kənˈfæb	𐑒𐑩𐑯𐑓𐑨𐑚	89
fragment	confab	VVI	GenAm	kɒn-	𐑒𐑪𐑯-	kənˈfæb	𐑒𐑩𐑯𐑓𐑨𐑚	89
fragment	confident	AJ0	RSSB	-dənt	-𐑛𐑩𐑯𐑑	ˈkɒnfɪdənt	𐑒𐑪𐑯𐑓𐑦𐑛𐑩𐑯𐑑	89
fragment	confident	AJ0	GenAm	-dənt	-𐑛𐑩𐑯𐑑	ˈkɒnfɪdənt	𐑒𐑪𐑯𐑓𐑦𐑛𐑩𐑯𐑑	89
fragment	confident	NN1	RSSB	-dənt	-𐑛𐑩𐑯𐑑	ˈkɒnfɪdənt	𐑒𐑪𐑯𐑓𐑦𐑛𐑩𐑯𐑑	89
fragment	confident	NN1	GenAm	-dənt	-𐑛𐑩𐑯𐑑	ˈkɒnfɪdənt	𐑒𐑪𐑯𐑓𐑦𐑛𐑩𐑯𐑑	89
fragment	confiteor	NN1	RSSB	kɒn-	𐑒𐑪𐑯-	kənfɪtiɔːR	𐑒𐑩𐑯𐑓𐑦𐑑𐑦𐑹	1
fragment	confiteor	NN1	RSSB	-fiː-	-𐑓𐑰-	kənfɪtiɔːR	𐑒𐑩𐑯𐑓𐑦𐑑𐑦𐑹	1
fragment	congradulations	ITJ	GenAm	-dʒʊ-	-𐑡𐑫-	kənˌɡrædʒəˈleɪʃənz	𐑒𐑩𐑯𐑜𐑮𐑨𐑡𐑩𐑤𐑱𐑖𐑩𐑯𐑟	1
fragment	congradulations	ITJ	RSSB	-dʒʊ-	-𐑡𐑫-	kənɡradʒəleɪʃənz	𐑒𐑩𐑯𐑜𐑮𐑨𐑡𐑩𐑤𐑱𐑖𐑩𐑯𐑟	1
fragment	congradulations	ITJ	RSSB	-djə-	-𐑛𐑘𐑩-	kənɡradʒəleɪʃənz	𐑒𐑩𐑯𐑜𐑮𐑨𐑡𐑩𐑤𐑱𐑖𐑩𐑯𐑟	1
fragment	congratulate	VVI	GenAm	-dʒə-	-𐑡𐑩-	kənˈɡrædʒʊˌleɪt	𐑒𐑩𐑯𐑜𐑮𐑨𐑡𐑫𐑤𐑱𐑑	1
fragment	congratulations	ITJ	GenAm	-tʃʊ-	-𐑗𐑫-	kənˌɡrætʃəˈleɪʃənz	𐑒𐑩𐑯𐑜𐑮𐑨𐑗𐑩𐑤𐑱𐑖𐑩𐑯𐑟	1
fragment	congratulations	ITJ	RSSB	-tʃʊ-	-𐑗𐑫-	kənɡratʃəleɪʃənz	𐑒𐑩𐑯𐑜𐑮𐑨𐑗𐑩𐑤𐑱𐑖𐑩𐑯𐑟	1
fragment	congratulations	ITJ	GenAm	-dʒə-	-𐑡𐑩-	kənˌɡrætʃəˈleɪʃənz	𐑒𐑩𐑯𐑜𐑮𐑨𐑗𐑩𐑤𐑱𐑖𐑩𐑯𐑟	1
fragment	congratulations	ITJ	RSSB	-dʒə-	-𐑡𐑩-	kənɡratʃəleɪʃənz	𐑒𐑩𐑯𐑜𐑮𐑨𐑗𐑩𐑤𐑱𐑖𐑩𐑯𐑟	1
fragment	congratulations	ITJ	GenAm	-dʒʊ-	-𐑡𐑫-	kənˌɡrætʃəˈleɪʃənz	𐑒𐑩𐑯𐑜𐑮𐑨𐑗𐑩𐑤𐑱𐑖𐑩𐑯𐑟	1
fragment	congratulations	ITJ	RSSB	-dʒʊ-	-𐑡𐑫-	kənɡratʃəleɪʃənz	𐑒𐑩𐑯𐑜𐑮𐑨𐑗𐑩𐑤𐑱𐑖𐑩𐑯𐑟	1
fragment	congratulations	ITJ	RSSB	-tjə-	-𐑑𐑘𐑩-	kənɡratʃəleɪʃənz	𐑒𐑩𐑯𐑜𐑮𐑨𐑗𐑩𐑤𐑱𐑖𐑩𐑯𐑟	1
fragment	congratulations	NN1	GenAm	-tʃʊ-	-𐑗𐑫-	kənˌɡrætʃəˈleɪʃənz	𐑒𐑩𐑯𐑜𐑮𐑨𐑗𐑩𐑤𐑱𐑖𐑩𐑯𐑟	1
fragment	congratulations	NN1	RSSB	-tʃʊ-	-𐑗𐑫-	kənɡratʃəleɪʃənz	𐑒𐑩𐑯𐑜𐑮𐑨𐑗𐑩𐑤𐑱𐑖𐑩𐑯𐑟	1
fragment	congratulations	NN1	GenAm	-dʒə-	-𐑡𐑩-	kənˌɡrætʃəˈleɪʃənz	𐑒𐑩𐑯𐑜𐑮𐑨𐑗𐑩𐑤𐑱𐑖𐑩𐑯𐑟	1
fragment	congratulations	NN1	RSSB	-dʒə-	-𐑡𐑩-	kənɡratʃəleɪʃənz	𐑒𐑩𐑯𐑜𐑮𐑨𐑗𐑩𐑤𐑱𐑖𐑩𐑯𐑟	1
fragment	congratulations	NN1	GenAm	-dʒʊ-	-𐑡𐑫-	kənˌɡrætʃəˈleɪʃənz	𐑒𐑩𐑯𐑜𐑮𐑨𐑗𐑩𐑤𐑱𐑖𐑩𐑯𐑟	1
fragment	congratulations	NN1	RSSB	-dʒʊ-	-𐑡𐑫-	kənɡratʃəleɪʃənz	𐑒𐑩𐑯𐑜𐑮𐑨𐑗𐑩𐑤𐑱𐑖𐑩𐑯𐑟	1
fragment	congratulations	NN1	RSSB	-tjə-	-𐑑𐑘𐑩-	kənɡratʃəleɪʃənz	𐑒𐑩𐑯𐑜𐑮𐑨𐑗𐑩𐑤𐑱𐑖𐑩𐑯𐑟	1
fragment	congress	NN1	GenAm	-res	-𐑮𐑧𐑕	ˈkɒŋɡrəs	𐑒𐑪𐑙𐑜𐑮𐑩𐑕	89
fragment	congress	VVI	GenAm	-res	-𐑮𐑧𐑕	ˈkɒŋɡrəs	𐑒𐑪𐑙𐑜𐑮𐑩𐑕	89
fragment	conquest	NN1	GenAm	ˈkɒŋ-	𐑒𐑪𐑙-	ˈkɒnkwest	𐑒𐑪𐑯𐑒𐑢𐑧𐑕𐑑	89
fragment	conquest	VVI	GenAm	ˈkɒŋ-	𐑒𐑪𐑙-	ˈkɒnkwest	𐑒𐑪𐑯𐑒𐑢𐑧𐑕𐑑	89
fragment	consigliere	NN1	GenAm	koʊn-	𐑒𐑴𐑯-	kɒnsɪlˈjereɪ	𐑒𐑪𐑯𐑕𐑦𐑤𐑘𐑧𐑮𐑱	1
fragment	consociation	NN1	RSSB	kən-	𐑒𐑩𐑯-	kɒnˌsəʊʃɪˈeɪʃən	𐑒𐑪𐑯𐑕𐑴𐑖𐑦𐑱𐑖𐑩𐑯	89
fragment	consociation	NN1	GenAm	kən-	𐑒𐑩𐑯-	ˌkɒnˌsoʊsiˈeɪʃən	𐑒𐑪𐑯𐑕𐑴𐑕𐑦𐑱𐑖𐑩𐑯	89
fragment	consociation	NN1	RSSB	-sɪ-	-𐑕𐑦-	kɒnˌsəʊʃɪˈeɪʃən	𐑒𐑪𐑯𐑕𐑴𐑖𐑦𐑱𐑖𐑩𐑯	89
fragment	consociation	NN1	GenAm	-ʃi-	-𐑖𐑦-	ˌkɒnˌsoʊsiˈeɪʃən	𐑒𐑪𐑯𐑕𐑴𐑕𐑦𐑱𐑖𐑩𐑯	89
fragment	conspiracy theorist	NN1	GenAm	- ˌθɪəRəst	- 𐑔𐑽𐑩𐑕𐑑	kənˈspɪrəsi ˌθiəRəst	𐑒𐑩𐑯𐑕𐑐𐑦𐑮𐑩𐑕𐑦 𐑔𐑦𐑼𐑩𐑕𐑑	30
fragment	conspiracy theorist	NN1	GenAm	- ˌθɪəRɪst	- 𐑔𐑽𐑦𐑕𐑑	kənˈspɪrəsi ˌθiəRəst	𐑒𐑩𐑯𐑕𐑐𐑦𐑮𐑩𐑕𐑦 𐑔𐑦𐑼𐑩𐑕𐑑	30
fragment	conspiracy theory	NN1	RSSB	- θiːəri	- 𐑔𐑰𐑼𐑦	kəRnspɪrəRsi θɪəri	𐑒𐑼𐑯𐑕𐑐𐑦𐑮𐑼𐑕𐑦 𐑔𐑽𐑦	30
fragment	conspiracy theory	NN1	GenAm	- ˌθɪri	- 𐑔𐑦𐑮𐑦	kənˈspɪrəsi ˌθiəri	𐑒𐑩𐑯𐑕𐑐𐑦𐑮𐑩𐑕𐑦 𐑔𐑦𐑼𐑦	30
fragment	consternate	VVI	GenAm	ˈkɒn-	𐑒𐑪𐑯-			1
fragment	consternate	VVI	RSSB	-stə-	-𐑕𐑑𐑩-			1
fragment	constitution	NN1	RSSB	-ˈtʃuː-	-𐑗𐑵-	ˌkɒnstɪˈtjuːʃən	𐑒𐑪𐑯𐑕𐑑𐑦𐑑𐑿𐑖𐑩𐑯	89
fragment	constitutional	AJ0	GenAm	-stə-	-𐑕𐑑𐑩-	ˌkɒnstɪˈtjuʃənəl	𐑒𐑪𐑯𐑕𐑑𐑦𐑑𐑘𐑫𐑖𐑩𐑯𐑩𐑤	89
fragment	constitutional	NN1	GenAm	-stə-	-𐑕𐑑𐑩-	ˌkɒnstɪˈtjuʃənəl	𐑒𐑪𐑯𐑕𐑑𐑦𐑑𐑘𐑫𐑖𐑩𐑯𐑩𐑤	89
fragment	constitutionally	AV0	RSSB	kɒnstɪˈtjuː-	𐑒𐑪𐑯𐑕𐑑𐑦𐑑𐑿-	kɒnstɪˈtʃuːʃənəli	𐑒𐑪𐑯𐑕𐑑𐑦𐑗𐑵𐑖𐑩𐑯𐑩𐑤𐑦	89
fragment	constitutionally	AV0	GenAm	kɒnstəˈtju-	𐑒𐑪𐑯𐑕𐑑𐑩𐑑𐑘𐑫-	kɒnstəˈtuʃənəli	𐑒𐑪𐑯𐑕𐑑𐑩𐑑𐑫𐑖𐑩𐑯𐑩𐑤𐑦	89
fragment	contain multitudes	VVI	RSSB	-tʃ-	-𐑗-	kənˌteɪn ˈmʌltɪtjuːdz	𐑒𐑩𐑯𐑑𐑱𐑯 𐑥𐑳𐑤𐑑𐑦𐑑𐑿𐑛𐑟	89
fragment	contemporaneous	AJ0	RSSB	kɒntem-	𐑒𐑪𐑯𐑑𐑧𐑥-	kəntempəreɪniəs	𐑒𐑩𐑯𐑑𐑧𐑥𐑐𐑼𐑱𐑯𐑦𐑩𐑕	1
fragment	contractant	NN1	RSSB	kɒn-	𐑒𐑪𐑯-	kəntræktənt	𐑒𐑩𐑯𐑑𐑮𐑨𐑒𐑑𐑩𐑯𐑑	1
fragment	contractant	NN1	GenAm	ˈkɒn-	𐑒𐑪𐑯-	kənˈtræktənt	𐑒𐑩𐑯𐑑𐑮𐑨𐑒𐑑𐑩𐑯𐑑	1
fragment	contractant	NN1	RSSB	kɔːn-	𐑒𐑷𐑯-	kəntræktənt	𐑒𐑩𐑯𐑑𐑮𐑨𐑒𐑑𐑩𐑯𐑑	1
fragment	contractants	NN1	RSSB	kɒn-	𐑒𐑪𐑯-	kəntræktənts	𐑒𐑩𐑯𐑑𐑮𐑨𐑒𐑑𐑩𐑯𐑑𐑕	1
fragment	contractants	NN1	GenAm	ˈkɒn-	𐑒𐑪𐑯-	kənˈtræktənts	𐑒𐑩𐑯𐑑𐑮𐑨𐑒𐑑𐑩𐑯𐑑𐑕	1
fragment	contractants	NN1	RSSB	kɔːn-	𐑒𐑷𐑯-	kəntræktənts	𐑒𐑩𐑯𐑑𐑮𐑨𐑒𐑑𐑩𐑯𐑑𐑕	1
fragment	contraction	NN1	RSSB	kɒn-	𐑒𐑪𐑯-	kəntrækʃən	𐑒𐑩𐑯𐑑𐑮𐑨𐑒𐑖𐑩𐑯	1
fragment	contrarian	NN1	GenAm	ˌkɒnˈ-	𐑒𐑪𐑯-	kənˈtreriən	𐑒𐑩𐑯𐑑𐑮𐑧𐑮𐑦𐑩𐑯	1
fragment	contrarian	AJ0	GenAm	ˌkɒnˈ-	𐑒𐑪𐑯-	kənˈtreriən	𐑒𐑩𐑯𐑑𐑮𐑧𐑮𐑦𐑩𐑯	1
fragment	contrarious	AJ0	GenAm	ˌkɒnˈ-	𐑒𐑪𐑯-	kənˈtreriəs	𐑒𐑩𐑯𐑑𐑮𐑧𐑮𐑦𐑩𐑕	1
fragment	contributor	NN1	GenAm	-ju-	-𐑘𐑫-	kənˈtrɪbjətəR	𐑒𐑩𐑯𐑑𐑮𐑦𐑚𐑘𐑩𐑑𐑼	1
fragment	contributor	NN1	RSSB	-juː-	-𐑿-	kəntrɪbjəRtəR	𐑒𐑩𐑯𐑑𐑮𐑦𐑚𐑘𐑼𐑑𐑼	1
fragment	contributor	NN1	RSSB	-jə-	-𐑘𐑩-	kəntrɪbjəRtəR	𐑒𐑩𐑯𐑑𐑮𐑦𐑚𐑘𐑼𐑑𐑼	1
fragment	contributor	NN1	RSSB	kɒntrɪbjuː-	𐑒𐑪𐑯𐑑𐑮𐑦𐑚𐑿-	kəntrɪbjəRtəR	𐑒𐑩𐑯𐑑𐑮𐑦𐑚𐑘𐑼𐑑𐑼	30
fragment	conversion	NN1	RSSB	-ʒəRn	-𐑠𐑼𐑯	kənvɜːRʃən	𐑒𐑩𐑯𐑝𐑻𐑖𐑩𐑯	89
fragment	convoluted	AJ0	RSSB	-vəʊ-	-𐑝𐑴-	ˌkɒnvəˈljuːtƏd	𐑒𐑪𐑯𐑝𐑩𐑤𐑿𐑑𐑩𐑛	89
fragment	convoluted	AJ0	GenAm	-təd	-𐑑𐑩𐑛	ˌkɒnvəˈlutəd	𐑒𐑪𐑯𐑝𐑩𐑤𐑫𐑑𐑩𐑛	89
fragment	convoluted	VVI	RSSB	-vəʊ-	-𐑝𐑴-	ˌkɒnvəˈljuːtƏd	𐑒𐑪𐑯𐑝𐑩𐑤𐑿𐑑𐑩𐑛	89
fragment	convoluted	VVI	GenAm	-təd	-𐑑𐑩𐑛	ˌkɒnvəˈlutəd	𐑒𐑪𐑯𐑝𐑩𐑤𐑫𐑑𐑩𐑛	89
fragment	cooling center	NN1	GenAm	-tər	-𐑑𐑼	ˈkulɪŋ ˌsentər	𐑒𐑫𐑤𐑦𐑙 𐑕𐑧𐑯𐑑𐑼	89
fragment	coordinate	AJ0	GenAm	-nət	-𐑯𐑩𐑑	koʊˈɔːRdənɪt	𐑒𐑴𐑹𐑛𐑩𐑯𐑦𐑑	1
fragment	coordinate	NN1	GenAm	-nət	-𐑯𐑩𐑑	koʊˈɔːRdənɪt	𐑒𐑴𐑹𐑛𐑩𐑯𐑦𐑑	1
fragment	coordinate	VVI	GenAm	-nət	-𐑯𐑩𐑑	koʊˈɔːRdənɪt	𐑒𐑴𐑹𐑛𐑩𐑯𐑦𐑑	1
fragment	cordiality	NN1	RSSB	-dʒiːæl-	-𐑡𐑰𐑨𐑤-	kɔːrdʒælɪtiː	𐑒𐑹𐑡𐑨𐑤𐑦𐑑𐑰	1
fragment	cordiality	NN1	RSSB	-diːæl-	-𐑛𐑰𐑨𐑤-	kɔːrdʒælɪtiː	𐑒𐑹𐑡𐑨𐑤𐑦𐑑𐑰	1
fragment	cordiality	NN1	GenAm	-dʒiˈæl-	-𐑡𐑦𐑨𐑤-	korˈdʒælɪti	𐑒𐑪𐑮𐑡𐑨𐑤𐑦𐑑𐑦	1
fragment	cordiality	NN1	GenAm	-diˈæl-	-𐑛𐑦𐑨𐑤-	korˈdʒælɪti	𐑒𐑪𐑮𐑡𐑨𐑤𐑦𐑑𐑦	1
fragment	coronae	NN1	RSSB	-aɪ	-𐑲	kərəʊniː	𐑒𐑼𐑴𐑯𐑰	1
fragment	coronae	NN1	GenAm	-aɪ	-𐑲	kəˈroʊniː	𐑒𐑼𐑴𐑯𐑰	1
fragment	coronae	NN1	RSSB	-eɪ	-𐑱	kərəʊniː	𐑒𐑼𐑴𐑯𐑰	1
fragment	coronae	NN1	GenAm	-eɪ	-𐑱	kəˈroʊniː	𐑒𐑼𐑴𐑯𐑰	1
fragment	coronation	NN1	GenAm	ˌkɒ-	𐑒𐑪-	ˌkɔːRəˈneɪʃən	𐑒𐑹𐑩𐑯𐑱𐑖𐑩𐑯	1
fragment	Corpus Christi	NP0	RSSB	-tɪ	-𐑑𐑦	kɔːRpəRs krɪstaɪ	𐑒𐑹𐑐𐑼𐑕 𐑒𐑮𐑦𐑕𐑑𐑲	1
fragment	Corpus Christi	NP0	GenAm	-tɪ	-𐑑𐑦	ˈkɔːRːpəs ˈkrɪstaɪ	𐑒𐑹ː𐑐𐑩𐑕 𐑒𐑮𐑦𐑕𐑑𐑲	1
fragment	corpus juris	NN1	RSSB	jɜːR-	𐑘𐑻-	kɔːRpəRs dʒɜːrəRs	𐑒𐑹𐑐𐑼𐑕 𐑡𐑻𐑼𐑕	30
fragment	corpus juris	NN1	GenAm	ˈjɜr-	𐑘ɜ𐑮-	ˈkɔːRpəs ˈdʒɜrəs	𐑒𐑹𐑐𐑩𐑕 𐑡ɜ𐑮𐑩𐑕	1
fragment	corridor	NN1	RSSB	-dəR	-𐑛𐑼	kɒrɪdɔːR	𐑒𐑪𐑮𐑦𐑛𐑹	30
fragment	corsetiere	NN1	GenAm	-sɪ-	-𐑕𐑦-	ˌkorsəˈtjer	𐑒𐑪𐑮𐑕𐑩𐑑𐑘𐑧𐑮	1
fragment	corsetiere	NN1	GenAm	-se-	-𐑕𐑧-	ˌkorsəˈtjer	𐑒𐑪𐑮𐑕𐑩𐑑𐑘𐑧𐑮	1
fragment	corsetiere	NN1	GenAm	-ˈtɪr	-𐑑𐑦𐑮	ˌkorsəˈtjer	𐑒𐑪𐑮𐑕𐑩𐑑𐑘𐑧𐑮	30
fragment	corsetiere	NN1	RSSB	kɔːRset-	𐑒𐑹𐑕𐑧𐑑-	kɔːRsetɪeəR	𐑒𐑹𐑕𐑧𐑑𐑦𐑺	30
fragment	coryphée	NN1	GenAm	-rə-	-𐑮𐑩-	kɑːRɪˈfeɪ	𐑒𐑸𐑦𐑓𐑱	89
fragment	cotarius	NN1	RSSB	kəʊ-	𐑒𐑴-	kəteəriəs	𐑒𐑩𐑑𐑺𐑦𐑩𐑕	1
fragment	cotarius	NN1	GenAm	koʊ-	𐑒𐑴-	kəˈteriəs	𐑒𐑩𐑑𐑧𐑮𐑦𐑩𐑕	1
fragment	Cotswold	AJ0	RSSB	-wɒld	-𐑢𐑪𐑤𐑛	ˈkɒtswəʊld	𐑒𐑪𐑑𐑕𐑢𐑴𐑤𐑛	89
fragment	Cotswold	NN1	RSSB	-wɒld	-𐑢𐑪𐑤𐑛	ˈkɒtswəʊld	𐑒𐑪𐑑𐑕𐑢𐑴𐑤𐑛	89
fragment	Cotswold	NP0	RSSB	-wɒld	-𐑢𐑪𐑤𐑛	ˈkɒtswəʊld	𐑒𐑪𐑑𐑕𐑢𐑴𐑤𐑛	89
fragment	could care less	VVI	GenAm	-keər-	-𐑒𐑺-	kəd keər ˈles	𐑒𐑩𐑛 𐑒𐑺 𐑤𐑧𐑕	89
fragment	could not get elected dogcatcher	UNC	GenAm	-iˌlektɪd-	-𐑦𐑤𐑧𐑒𐑑𐑦𐑛-	kəd ˌnɒt ɡet əˌlektɪd ˈdɒɡˌkætʃər	𐑒𐑩𐑛 𐑯𐑪𐑑 𐑜𐑧𐑑 𐑩𐑤𐑧𐑒𐑑𐑦𐑛 𐑛𐑪𐑜𐑒𐑨𐑗𐑼	1
fragment	countrify	VVI	GenAm	-tri-	-𐑑𐑮𐑦-	ˈkəntrəˌfaɪ	𐑒𐑩𐑯𐑑𐑮𐑩𐑓𐑲	89
fragment	creatify	VVI	GenAm	-tə-	-𐑑𐑩-	kriˈeɪtəfaɪ	𐑒𐑮𐑦𐑱𐑑𐑩𐑓𐑲	1
fragment	creatively	AV0	GenAm	-təv-	-𐑑𐑩𐑝-	kriˈeɪtɪvli	𐑒𐑮𐑦𐑱𐑑𐑦𐑝𐑤𐑦	1
fragment	creativeness	NN1	GenAm	-təv-	-𐑑𐑩𐑝-	kriˈeɪtɪvnəs	𐑒𐑮𐑦𐑱𐑑𐑦𐑝𐑯𐑩𐑕	1
fragment	creativize	VVI	GenAm	-tə-	-𐑑𐑩-	kriˈeɪtəvaɪz	𐑒𐑮𐑦𐑱𐑑𐑩𐑝𐑲𐑟	1
fragment	Creighton	NP0	GenAm	-ən	-𐑩𐑯	ˈkreɪtən	𐑒𐑮𐑱𐑑𐑩𐑯	1
fragment	cringe-o-meter	NN1	GenAm	-təR	-𐑑𐑼	ˈkrɪndʒoʊˌmitəR	𐑒𐑮𐑦𐑯𐑡𐑴𐑥𐑦𐑑𐑼	30
fragment	cringeometer	NN1	GenAm	-təR	-𐑑𐑼	krɪnˈdʒɒmɪtəR	𐑒𐑮𐑦𐑯𐑡𐑪𐑥𐑦𐑑𐑼	30
fragment	Cro-Magnon	NP0	GenAm	-ˈmæɡnən	-𐑥𐑨𐑜𐑯𐑩𐑯	kroʊˈmænjən	𐑒𐑮𐑴𐑥𐑨𐑯𐑘𐑩𐑯	1
fragment	Cro-Magnon	NN1	GenAm	-ˈmæɡnən	-𐑥𐑨𐑜𐑯𐑩𐑯	kroʊˈmænjən	𐑒𐑮𐑴𐑥𐑨𐑯𐑘𐑩𐑯	1
fragment	cromulent	AJ0	RSSB	-jə-	-𐑘𐑩-	krɒmjələnt	𐑒𐑮𐑪𐑥𐑘𐑩𐑤𐑩𐑯𐑑	1
fragment	cromulent	AJ0	GenAm	-jə-	-𐑘𐑩-	ˈkrɒmjələnt	𐑒𐑮𐑪𐑥𐑘𐑩𐑤𐑩𐑯𐑑	1
fragment	crossbones	NN1	GenAm	ˈkrɒs-	𐑒𐑮𐑪𐑕-	ˈkrɒsboʊnz	𐑒𐑮𐑪𐑕𐑚𐑴𐑯𐑟	89
fragment	crossguard	NN1	GenAm	ˈkrɒs-	𐑒𐑮𐑪𐑕-	ˈkrɒsˌɡɑːRd	𐑒𐑮𐑪𐑕𐑜𐑸𐑛	30
fragment	crotalaria	NN1	GenAm	ˌkroʊtəˈ-	𐑒𐑮𐑴𐑑𐑩-	ˌkrɒtəˈleriə	𐑒𐑮𐑪𐑑𐑩𐑤𐑧𐑮𐑦𐑩	30
fragment	cryotron	NN1	GenAm	ˈkraɪəˌ-	𐑒𐑮𐑲𐑩-	ˈkraɪoʊˌtrɒn	𐑒𐑮𐑲𐑴𐑑𐑮𐑪𐑯	30
fragment	cryptamnesia	NN1	GenAm	-ʒə	-𐑠𐑩	ˌkrɪptəmˈniʒiə	𐑒𐑮𐑦𐑐𐑑𐑩𐑥𐑯𐑦𐑠𐑦𐑩	1
fragment	cryptamnesia	NN1	GenAm	-ziə	-𐑟𐑦𐑩	ˌkrɪptəmˈniʒiə	𐑒𐑮𐑦𐑐𐑑𐑩𐑥𐑯𐑦𐑠𐑦𐑩	1
fragment	cryptoexchange	NN1	RSSB	-eks-	-𐑧𐑒𐑕-	krɪptəʊɪkstʃeɪndʒ	𐑒𐑮𐑦𐑐𐑑𐑴𐑦𐑒𐑕𐑗𐑱𐑯𐑡	1
fragment	cryptoexchange	NN1	GenAm	-eks-	-𐑧𐑒𐑕-	ˈkrɪptoʊɪksˌtʃeɪndʒ	𐑒𐑮𐑦𐑐𐑑𐑴𐑦𐑒𐑕𐑗𐑱𐑯𐑡	1
fragment	cryptomnesia	NN1	GenAm	-ʒə	-𐑠𐑩	ˌkrɪptəmˈniʒiə	𐑒𐑮𐑦𐑐𐑑𐑩𐑥𐑯𐑦𐑠𐑦𐑩	1
fragment	cryptomnesia	NN1	GenAm	-ziə	-𐑟𐑦𐑩	ˌkrɪptəmˈniʒiə	𐑒𐑮𐑦𐑐𐑑𐑩𐑥𐑯𐑦𐑠𐑦𐑩	1
fragment	cunette	NN1	GenAm	kuː-	𐑒𐑵-	kjuːˈnet	𐑒𐑿𐑯𐑧𐑑	89
fragment	curate	NN1	RSSB	-rɪt	-𐑮𐑦𐑑	kjəərət	𐑒𐑘𐑫𐑼𐑩𐑑	89
fragment	curate's egg	NN1	RSSB	-rɪtz	-𐑮𐑦𐑑𐑟	kjəərətz eɡ	𐑒𐑘𐑩𐑼𐑩𐑑𐑟 𐑧𐑜	89
fragment	curatial	AJ0	GenAm	kjəˈ-	𐑒𐑘𐑩-	kjəˈreɪʃəl	𐑒𐑘𐑼𐑱𐑖𐑩𐑤	1
fragment	curatorial	AJ0	GenAm	ˌkjə-	𐑒𐑘𐑩-	ˌkjərəˈtɔːRiəl	𐑒𐑘𐑼𐑩𐑑𐑹𐑦𐑩𐑤	1
fragment	curiosity	NN1	RSSB	-ɪti	-𐑦𐑑𐑦	kjɔːriɒsəti	𐑒𐑘𐑹𐑦𐑪𐑕𐑩𐑑𐑦	1
fragment	curiosity	NN1	GenAm	-ɪti	-𐑦𐑑𐑦	ˌkjəriˈɒsəti	𐑒𐑘𐑼𐑦𐑪𐑕𐑩𐑑𐑦	1
fragment	curious	AJ0	RSSB	kjɔː-	𐑒𐑘𐑷-	kjəəriəs	𐑒𐑘𐑩𐑼𐑦𐑩𐑕	1
fragment	curiouser	AJ0	RSSB	kjɔː-	𐑒𐑘𐑷-	kjəərɪəsər	𐑒𐑘𐑫𐑼𐑾𐑕𐑼	1
fragment	curiouser and curiouser	UNC	RSSB	kjɔː-	𐑒𐑘𐑷-	kjəərɪəsəR əRn kjəərɪəsəR	𐑒𐑘𐑩𐑼𐑾𐑕𐑼 𐑼𐑯 𐑒𐑘𐑩𐑼𐑾𐑕𐑼	1
fragment	curvaceous	AJ0	GenAm	-ʃəs	-𐑖𐑩𐑕	kəRˈveɪʃɪs	𐑒𐑼𐑝𐑱𐑖𐑦𐑕	1
fragment	custos	NN1	GenAm	-ˌstoʊs	-𐑕𐑑𐑴𐑕	ˈkʌˌstɒs	𐑒𐑳𐑕𐑑𐑪𐑕	89
fragment	cut-out	NN1	GenAm	ˈkʌt-	𐑒𐑳𐑑-	ˈkʌtaʊt	𐑒𐑳𐑑𐑬𐑑	89
fragment	cutie	NN1	GenAm	-ti	-𐑑𐑦	ˈkjuti	𐑒𐑘𐑫𐑑𐑦	89
fragment	cuttlebone	NN1	GenAm	-təl-	-𐑑𐑩𐑤-	ˈkʌtəlˌboʊn	𐑒𐑳𐑑𐑩𐑤𐑚𐑴𐑯	89
fragment	cuttlefish	NN1	GenAm	-tər-	-𐑑𐑼-	ˈkʌtəlfɪʃ	𐑒𐑳𐑑𐑩𐑤𐑓𐑦𐑖	89
fragment	cuttlefish	NN1	GenAm	-təl	-𐑑𐑩𐑤	ˈkʌtəlfɪʃ	𐑒𐑳𐑑𐑩𐑤𐑓𐑦𐑖	89
fragment	cuttlefish bone	NN1	GenAm	-təl-	-𐑑𐑩𐑤-	ˌkʌtəlˌfɪʃ ˈboʊn	𐑒𐑳𐑑𐑩𐑤𐑓𐑦𐑖 𐑚𐑴𐑯	89
fragment	cyanobiont	NN1	RSSB	-nə-	-𐑯𐑩-	ˌsaɪənəʊˈbaɪɒnt	𐑕𐑲𐑩𐑯𐑴𐑚𐑲𐑪𐑯𐑑	89
fragment	cyclostrophic	AJ0	GenAm	-ˈstrɒfɪk	-𐑕𐑑𐑮𐑪𐑓𐑦𐑒	ˌsaɪkləˈstroʊfɪk	𐑕𐑲𐑒𐑤𐑩𐑕𐑑𐑮𐑴𐑓𐑦𐑒	89
fragment	Cydonia	NP0	RSSB	sɪˈ-	𐑕𐑦-	saɪˈdəʊniə	𐑕𐑲𐑛𐑴𐑯𐑦𐑩	89
fragment	Cydonia	NP0	GenAm	sɪˈ-	𐑕𐑦-	saɪˈdoʊniə	𐑕𐑲𐑛𐑴𐑯𐑦𐑩	89
fragment	cynosure	NN1	RSSB	-sjəəR	-𐑕𐑘𐑩𐑼	sɪnəzjəəR	𐑕𐑦𐑯𐑩𐑟𐑘𐑩𐑼	89
fragment	cynosure	NN1	RSSB	-ʃʊəR	-𐑖𐑫𐑼	sɪnəzjəəR	𐑕𐑦𐑯𐑩𐑟𐑘𐑩𐑼	89
fragment	cynosure	NN1	GenAm	ˈsɪn-	𐑕𐑦𐑯-	ˈsaɪnəʃʊr	𐑕𐑲𐑯𐑩𐑖𐑫𐑮	1
fragment	cynosure	NN1	GenAm	-ʃəR	-𐑖𐑼	ˈsaɪnəʃʊr	𐑕𐑲𐑯𐑩𐑖𐑫𐑮	89
fragment	cytologic	AJ0	GenAm	-təˈ-	-𐑑𐑩-	saɪtəˈlɒdʒɪk	𐑕𐑲𐑑𐑩𐑤𐑪𐑡𐑦𐑒	89
fragment	dasyphyllous	AJ0	GenAm	-sə-	-𐑕𐑩-	ˌdæsɪˈfɪləs	𐑛𐑨𐑕𐑦𐑓𐑦𐑤𐑩𐑕	89
fragment	de jure	AV0	GenAm	də-	𐑛𐑩-	deɪ ˈdʒʊri	𐑛𐑱 𐑡𐑫𐑮𐑦	1
fragment	de jure	AV0	GenAm	-ˈdʒʊər	-𐑡𐑫𐑼	deɪ ˈdʒʊri	𐑛𐑱 𐑡𐑫𐑮𐑦	89
fragment	de jure	AV0	GenAm	-ˈʒʊəreɪ	-𐑠𐑫𐑼𐑱	deɪ ˈdʒʊri	𐑛𐑱 𐑡𐑫𐑮𐑦	89
fragment	de jure	AV0	GenAm	-ˈʒʊr	-𐑠𐑫𐑮	deɪ ˈdʒʊri	𐑛𐑱 𐑡𐑫𐑮𐑦	89
fragment	de jure	AV0	GenAm	-ˈjʊəreɪ	-𐑘𐑫𐑼𐑱	deɪ ˈdʒʊri	𐑛𐑱 𐑡𐑫𐑮𐑦	89
fragment	de jure	AJ0	GenAm	də-	𐑛𐑩-	deɪ ˈdʒʊri	𐑛𐑱 𐑡𐑫𐑮𐑦	1
fragment	de jure	AJ0	GenAm	-ˈdʒʊər	-𐑡𐑫𐑼	deɪ ˈdʒʊri	𐑛𐑱 𐑡𐑫𐑮𐑦	89
fragment	de jure	AJ0	GenAm	-ˈʒʊəreɪ	-𐑠𐑫𐑼𐑱	deɪ ˈdʒʊri	𐑛𐑱 𐑡𐑫𐑮𐑦	89
fragment	de jure	AJ0	GenAm	-ˈʒʊr	-𐑠𐑫𐑮	deɪ ˈdʒʊri	𐑛𐑱 𐑡𐑫𐑮𐑦	89
fragment	de jure	AJ0	GenAm	-ˈjʊəreɪ	-𐑘𐑫𐑼𐑱	deɪ ˈdʒʊri	𐑛𐑱 𐑡𐑫𐑮𐑦	89
fragment	dead cat bounce	NN1	RSSB	-baʊnts-	-𐑚𐑬𐑯𐑑𐑕-	ded kæt bəʊns	𐑛𐑧𐑛 𐑒𐑨𐑑 𐑚𐑴𐑯𐑕	89
fragment	deanthropomorphization	NN1	RSSB	-fɪ-	-𐑓𐑦-	diːænθrəpəʊmɔːRfaɪzeɪʃən	𐑛𐑰𐑨𐑯𐑔𐑮𐑩𐑐𐑴𐑥𐑹𐑓𐑲𐑟𐑱𐑖𐑩𐑯	1
fragment	deanthropomorphization	NN1	GenAm	-fɪ-	-𐑓𐑦-	diˌænθrəpəˌmɒfaɪˈzeɪʃən	𐑛𐑦𐑨𐑯𐑔𐑮𐑩𐑐𐑩𐑥𐑪𐑓𐑲𐑟𐑱𐑖𐑩𐑯	1
fragment	debate	VVI	GenAm	di-	𐑛𐑦-	dɪˈbeɪt	𐑛𐑦𐑚𐑱𐑑	89
fragment	debate	VVI	GenAm	də-	𐑛𐑩-	dɪˈbeɪt	𐑛𐑦𐑚𐑱𐑑	89
fragment	debate	NN1	GenAm	di-	𐑛𐑦-	dɪˈbeɪt	𐑛𐑦𐑚𐑱𐑑	89
fragment	debate	NN1	GenAm	də-	𐑛𐑩-	dɪˈbeɪt	𐑛𐑦𐑚𐑱𐑑	89
fragment	decapitate	VVI	GenAm	dɪ-	𐑛𐑦-	diˈkæpɪteɪt	𐑛𐑦𐑒𐑨𐑐𐑦𐑑𐑱𐑑	89
fragment	decapitate	VVI	GenAm	də-	𐑛𐑩-	diˈkæpɪteɪt	𐑛𐑦𐑒𐑨𐑐𐑦𐑑𐑱𐑑	89
fragment	deceitful	AJ0	RSSB	-fəl	-𐑓𐑩𐑤	dɪˈsiːtfʊl	𐑛𐑦𐑕𐑰𐑑𐑓𐑫𐑤	89
fragment	deduce	VVI	GenAm	də-	𐑛𐑩-	dɪˈdus	𐑛𐑦𐑛𐑫𐑕	89
fragment	deduce	VVI	GenAm	-ˈdjus	-𐑛𐑘𐑫𐑕	dɪˈdus	𐑛𐑦𐑛𐑫𐑕	89
fragment	dedupe	VVI	RSSB	-ˈdʒuːp	-𐑡𐑵𐑐	diːˈdjuːp	𐑛𐑰𐑛𐑿𐑐	89
fragment	dedupe	NN1	RSSB	-ˈdʒuːp	-𐑡𐑵𐑐	diːˈdjuːp	𐑛𐑰𐑛𐑿𐑐	89
fragment	defaultism	NN1	RSSB	-fɔːl-	-𐑓𐑷𐑤-	dɪˈfɒltɪzəm	𐑛𐑦𐑓𐑪𐑤𐑑𐑦𐑟𐑩𐑥	89
fragment	defenestration	NN1	RSSB	diː-	𐑛𐑰-	dɪfenɪstreɪʃən	𐑛𐑦𐑓𐑧𐑯𐑦𐑕𐑑𐑮𐑱𐑖𐑩𐑯	1
fragment	defervesce	VVI	RSSB	dɪ-	𐑛𐑦-	diːfəRves	𐑛𐑰𐑓𐑼𐑝𐑧𐑕	1
fragment	defervesce	VVI	GenAm	ˌde-	𐑛𐑧-	ˌdifəRˈves	𐑛𐑦𐑓𐑼𐑝𐑧𐑕	1
fragment	defile	VVI	RSSB	ˈdiː-	𐑛𐑰-	dɪˈfaɪl	𐑛𐑦𐑓𐑲𐑤	89
fragment	defile	NN1	RSSB	ˈdiː-	𐑛𐑰-	dɪˈfaɪl	𐑛𐑦𐑓𐑲𐑤	89
fragment	deity	NN1	RSSB	ˈdeɪ-	𐑛𐑱-	ˈdiːɪti	𐑛𐑰𐑦𐑑𐑦	89
fragment	delay	NN1	GenAm	dɪ-	𐑛𐑦-	dəˈleɪ	𐑛𐑩𐑤𐑱	89
fragment	delay	VVI	GenAm	dɪ-	𐑛𐑦-	dəˈleɪ	𐑛𐑩𐑤𐑱	89
fragment	demiurgos	NN1	RSSB	de-	𐑛𐑧-	diːmɪɜːRɡəs	𐑛𐑰𐑥𐑦𐑻𐑜𐑩𐑕	1
fragment	demiurgus	NN1	RSSB	de-	𐑛𐑧-	diːmɪɜːRɡəs	𐑛𐑰𐑥𐑦𐑻𐑜𐑩𐑕	1
fragment	democratically	AV0	GenAm	-tə-	-𐑑𐑩-	ˌdeməˈkrætəkli	𐑛𐑧𐑥𐑩𐑒𐑮𐑨𐑑𐑩𐑒𐑤𐑦	1
fragment	denary	NN1	RSSB	de-	𐑛𐑧-	diːnəri	𐑛𐑰𐑯𐑼𐑦	1
fragment	deny	VVI	GenAm	dɪ-	𐑛𐑦-	dəˈnaɪ	𐑛𐑩𐑯𐑲	89
fragment	deny	VVI	GenAm	di-	𐑛𐑦-	dəˈnaɪ	𐑛𐑩𐑯𐑲	89
fragment	denying	VVI	GenAm	dɪ-	𐑛𐑦-	dəˈnaɪɪŋ	𐑛𐑩𐑯𐑲𐑦𐑙	89
fragment	denying	NN1	GenAm	dɪ-	𐑛𐑦-	dəˈnaɪɪŋ	𐑛𐑩𐑯𐑲𐑦𐑙	89
fragment	deoligarchization	NN1	GenAm	-ˌoʊlə-	-𐑴𐑤𐑩-	diˌɒləɡɑːRˌkaɪˈzeɪʃən	𐑛𐑦𐑪𐑤𐑩𐑜𐑸𐑒𐑲𐑟𐑱𐑖𐑩𐑯	1
fragment	deoligarchization	NN1	GenAm	-kə-	-𐑒𐑩-	diˌɒləɡɑːRˌkaɪˈzeɪʃən	𐑛𐑦𐑪𐑤𐑩𐑜𐑸𐑒𐑲𐑟𐑱𐑖𐑩𐑯	1
fragment	depend	VVI	GenAm	di-	𐑛𐑦-	dɪˈpend	𐑛𐑦𐑐𐑧𐑯𐑛	89
fragment	dephlogisticated air	NN1	GenAm	-floʊ-	-𐑓𐑤𐑴-	difləˌdʒɪstəˌkeɪtid ˈeəR	𐑛𐑦𐑓𐑤𐑩𐑡𐑦𐑕𐑑𐑩𐑒𐑱𐑑𐑦𐑛 𐑺	1
fragment	depone	VVI	GenAm	diˈ-	𐑛𐑦-	dɪˈpoʊn	𐑛𐑦𐑐𐑴𐑯	89
fragment	deride	VVI	GenAm	di-	𐑛𐑦-	dəˈraɪd	𐑛𐑼𐑲𐑛	1
fragment	desideratum	NN1	RSSB	-zɪ-	-𐑟𐑦-	dɪsɪdərɑːtəm	𐑛𐑦𐑕𐑦𐑛𐑼𐑭𐑑𐑩𐑥	1
fragment	desideratum	NN1	GenAm	-ˌzɪ-	-𐑟𐑦-	dəˌsɪdəˈrɒtəm	𐑛𐑩𐑕𐑦𐑛𐑼𐑪𐑑𐑩𐑥	1
fragment	desideratum	NN1	RSSB	-reɪ-	-𐑮𐑱-	dɪsɪdərɑːtəm	𐑛𐑦𐑕𐑦𐑛𐑼𐑭𐑑𐑩𐑥	89
fragment	desideratum	NN1	GenAm	-təm	-𐑑𐑩𐑥	dəˌsɪdəˈrɒtəm	𐑛𐑩𐑕𐑦𐑛𐑼𐑪𐑑𐑩𐑥	1
fragment	desire line	NN1	GenAm	di-	𐑛𐑦-	dɪˈzaɪr laɪn	𐑛𐑦𐑟𐑲𐑮 𐑤𐑲𐑯	1
fragment	desire line	NN1	GenAm	-ˈzaɪəR	-𐑟𐑲𐑼	dɪˈzaɪr laɪn	𐑛𐑦𐑟𐑲𐑮 𐑤𐑲𐑯	89
fragment	desuetude	NN1	RSSB	-tʃuːd	-𐑗𐑵𐑛	dɪˈsjuːɪtjuːd	𐑛𐑦𐑕𐑿𐑦𐑑𐑿𐑛	89
fragment	detransition	VVI	RSSB	-sɪ-	-𐑕𐑦-	diːtrænzɪʃən	𐑛𐑰𐑑𐑮𐑨𐑯𐑟𐑦𐑖𐑩𐑯	1
fragment	detransition	VVI	GenAm	-sɪ-	-𐑕𐑦-	ˌditrænˈzɪʃən	𐑛𐑦𐑑𐑮𐑨𐑯𐑟𐑦𐑖𐑩𐑯	1
fragment	detransition	VVI	RSSB	-ʒən	-𐑠𐑩𐑯	diːtrænzɪʃən	𐑛𐑰𐑑𐑮𐑨𐑯𐑟𐑦𐑖𐑩𐑯	1
fragment	detransition	NN1	RSSB	-sɪ-	-𐑕𐑦-	diːtrænzɪʃən	𐑛𐑰𐑑𐑮𐑨𐑯𐑟𐑦𐑖𐑩𐑯	1
fragment	detransition	NN1	GenAm	-sɪ-	-𐑕𐑦-	ˌditrænˈzɪʃən	𐑛𐑦𐑑𐑮𐑨𐑯𐑟𐑦𐑖𐑩𐑯	1
fragment	detransition	NN1	RSSB	-ʒən	-𐑠𐑩𐑯	diːtrænzɪʃən	𐑛𐑰𐑑𐑮𐑨𐑯𐑟𐑦𐑖𐑩𐑯	1
fragment	detritivore	NN1	RSSB	-trɪ-	-𐑑𐑮𐑦-	detraɪtɪvɔːR	𐑛𐑧𐑑𐑮𐑲𐑑𐑦𐑝𐑹	30
fragment	detritivore	NN1	GenAm	-ˈtrɪ-	-𐑑𐑮𐑦-	dəˈtraɪtəvɔːR	𐑛𐑩𐑑𐑮𐑲𐑑𐑩𐑝𐑹	30
fragment	detritivore	NN1	GenAm	-tə-	-𐑑𐑩-	dəˈtraɪtəvɔːR	𐑛𐑩𐑑𐑮𐑲𐑑𐑩𐑝𐑹	1
fragment	devolve	VVI	GenAm	diˈ-	𐑛𐑦-	dɪˈvɒlv	𐑛𐑦𐑝𐑪𐑤𐑝	89
fragment	devolve	VVI	GenAm	-ˈvɒlv	-𐑝𐑪𐑤𐑝	dɪˈvɒlv	𐑛𐑦𐑝𐑪𐑤𐑝	89
fragment	diasporal	AJ0	GenAm	di-	𐑛𐑦-	daɪˈæspərəl	𐑛𐑲𐑨𐑕𐑐𐑼𐑩𐑤	1
fragment	diasporal	AJ0	GenAm	-prəl	-𐑐𐑮𐑩𐑤	daɪˈæspərəl	𐑛𐑲𐑨𐑕𐑐𐑼𐑩𐑤	89
fragment	diasporal	NN1	GenAm	di-	𐑛𐑦-	daɪˈæspərəl	𐑛𐑲𐑨𐑕𐑐𐑼𐑩𐑤	1
fragment	diasporal	NN1	GenAm	-prəl	-𐑐𐑮𐑩𐑤	daɪˈæspərəl	𐑛𐑲𐑨𐑕𐑐𐑼𐑩𐑤	89
fragment	dichotomy	NN1	RSSB	dɪ-	𐑛𐑦-	daɪˈkɒtəmi	𐑛𐑲𐑒𐑪𐑑𐑩𐑥𐑦	89
fragment	dichotomy	NN1	GenAm	-tə-	-𐑑𐑩-	daɪˈkɒtəmi	𐑛𐑲𐑒𐑪𐑑𐑩𐑥𐑦	89
fragment	dickkopf	NN1	GenAm	-ˌkɒpf	-𐑒𐑪𐑐𐑓	ˈdɪkˌkɒpf	𐑛𐑦𐑒𐑒𐑪𐑐𐑓	89
fragment	dictator	NN1	GenAm	-tər	-𐑑𐑼	ˈdɪkˌteɪtər	𐑛𐑦𐑒𐑑𐑱𐑑𐑼	89
fragment	dictionary attack	NN1	RSSB	dɪkʃəRnri-	𐑛𐑦𐑒𐑖𐑼𐑯𐑮𐑦-	dɪkʃəRnəri ətæk	𐑛𐑦𐑒𐑖𐑼𐑯𐑼𐑦 𐑩𐑑𐑨𐑒	89
fragment	dictionary attack	NN1	RSSB	dɪkʃnəri-	𐑛𐑦𐑒𐑖𐑯𐑼𐑦-	dɪkʃəRnəri ətæk	𐑛𐑦𐑒𐑖𐑼𐑯𐑼𐑦 𐑩𐑑𐑨𐑒	89
fragment	digitigrade	AJ0	GenAm	-tə	-𐑑𐑩	ˈdɪdʒətəɡreɪd	𐑛𐑦𐑡𐑩𐑑𐑩𐑜𐑮𐑱𐑛	1
fragment	digitigrade	NN1	GenAm	-tə	-𐑑𐑩	ˈdɪdʒətəɡreɪd	𐑛𐑦𐑡𐑩𐑑𐑩𐑜𐑮𐑱𐑛	1
fragment	diphthongize	VVI	GenAm	ˈdɪp-	𐑛𐑦𐑐-	ˈdɪfθɒŋaɪz	𐑛𐑦𐑓𐑔𐑪𐑙𐑲𐑟	89
fragment	diphthongize	VVI	RSSB	ˈdɪp-	𐑛𐑦𐑐-	ˈdɪfθɒŋaɪz	𐑛𐑦𐑓𐑔𐑪𐑙𐑲𐑟	89
fragment	directional gyro	NN1	GenAm	-tʃɪnəl -	-𐑗𐑦𐑯𐑩𐑤 -	dəˈrekʃɪnəl ˈdʒaɪroʊ	𐑛𐑼𐑧𐑒𐑖𐑦𐑯𐑩𐑤 𐑡𐑲𐑮𐑴	1
fragment	directional gyro	NN1	GenAm	-ʃənəl -	-𐑖𐑩𐑯𐑩𐑤 -	dəˈrekʃɪnəl ˈdʒaɪroʊ	𐑛𐑼𐑧𐑒𐑖𐑦𐑯𐑩𐑤 𐑡𐑲𐑮𐑴	1
fragment	directional gyro	NN1	GenAm	-tʃənəl -	-𐑗𐑩𐑯𐑩𐑤 -	dəˈrekʃɪnəl ˈdʒaɪroʊ	𐑛𐑼𐑧𐑒𐑖𐑦𐑯𐑩𐑤 𐑡𐑲𐑮𐑴	1
fragment	discomfiting	AJ0	RSSB	-ɾɪŋ	-ɾ𐑦𐑙	dɪsˈkʌmfɪtɪŋ	𐑛𐑦𐑕𐑒𐑳𐑥𐑓𐑦𐑑𐑦𐑙	1
fragment	discomfiting	VVI	RSSB	-ɾɪŋ	-ɾ𐑦𐑙	dɪsˈkʌmfɪtɪŋ	𐑛𐑦𐑕𐑒𐑳𐑥𐑓𐑦𐑑𐑦𐑙	1
fragment	discophilia	NN1	RSSB	-kə-	-𐑒𐑩-	dɪskəʊˈfɪliə	𐑛𐑦𐑕𐑒𐑴𐑓𐑦𐑤𐑦𐑩	89
fragment	discophilia	NN1	GenAm	-kə-	-𐑒𐑩-	ˌdɪskoʊˈfɪljə	𐑛𐑦𐑕𐑒𐑴𐑓𐑦𐑤𐑘𐑩	89
fragment	discophilia	NN1	RSSB	-ˈfɪljə	-𐑓𐑦𐑤𐑘𐑩	dɪskəʊˈfɪliə	𐑛𐑦𐑕𐑒𐑴𐑓𐑦𐑤𐑦𐑩	89
fragment	discophilia	NN1	GenAm	-ˈfɪliə	-𐑓𐑦𐑤𐑦𐑩	ˌdɪskoʊˈfɪljə	𐑛𐑦𐑕𐑒𐑴𐑓𐑦𐑤𐑘𐑩	89
fragment	disemvowel	VVI	RSSB	-ɪm-	-𐑦𐑥-	ˌdɪsemˈvaʊəl	𐑛𐑦𐑕𐑧𐑥𐑝𐑬𐑩𐑤	89
fragment	disenvowel	VVI	RSSB	-ɪm-	-𐑦𐑥-	ˌdɪsenˈvaʊəl	𐑛𐑦𐑕𐑧𐑯𐑝𐑬𐑩𐑤	89
fragment	disinterested	AJ0	GenAm	-tər-	-𐑑𐑼-	dɪsˈɪntərəstəd	𐑛𐑦𐑕𐑦𐑯𐑑𐑼𐑩𐑕𐑑𐑩𐑛	89
fragment	disinterested	VVI	GenAm	-tər-	-𐑑𐑼-	dɪsˈɪntərəstəd	𐑛𐑦𐑕𐑦𐑯𐑑𐑼𐑩𐑕𐑑𐑩𐑛	89
fragment	divestiture	NN1	GenAm	daɪ-	𐑛𐑲-	dɪˈvestɪtʃəR	𐑛𐑦𐑝𐑧𐑕𐑑𐑦𐑗𐑼	1
fragment	divestiture	NN1	GenAm	-tə-	-𐑑𐑩-	dɪˈvestɪtʃəR	𐑛𐑦𐑝𐑧𐑕𐑑𐑦𐑗𐑼	1
fragment	divestiture	NN1	GenAm	-tʃʊr	-𐑗𐑫𐑮	dɪˈvestɪtʃəR	𐑛𐑦𐑝𐑧𐑕𐑑𐑦𐑗𐑼	89
fragment	divestiture	NN1	GenAm	-tjər	-𐑑𐑘𐑼	dɪˈvestɪtʃəR	𐑛𐑦𐑝𐑧𐑕𐑑𐑦𐑗𐑼	89
fragment	divorce	NN1	RSSB	-voəRs	-𐑝𐑪𐑼𐑕	dɪvɔːRs	𐑛𐑦𐑝𐑹𐑕	89
fragment	divorce	NN1	GenAm	-voːrs	-𐑝𐑪ː𐑮𐑕	dɪˈvɔːRs	𐑛𐑦𐑝𐑹𐑕	1
fragment	divorce	VVI	RSSB	-voəRs	-𐑝𐑪𐑼𐑕	dɪvɔːRs	𐑛𐑦𐑝𐑹𐑕	89
fragment	divorce	VVI	GenAm	-voːrs	-𐑝𐑪ː𐑮𐑕	dɪˈvɔːRs	𐑛𐑦𐑝𐑹𐑕	1
fragment	divorcee	NN1	GenAm	-eɪ	-𐑱	dɪvɔːRˈsi	𐑛𐑦𐑝𐑹𐑕𐑦	1
fragment	documentarian	NN1	RSSB	-men-	-𐑥𐑧𐑯-	dɒkjəməRnteəriəRn	𐑛𐑪𐑒𐑘𐑩𐑥𐑼𐑯𐑑𐑺𐑦𐑼𐑯	1
fragment	documentarian	NN1	GenAm	-menˈ-	-𐑥𐑧𐑯-	ˌdɒkjəmənˈteriən	𐑛𐑪𐑒𐑘𐑩𐑥𐑩𐑯𐑑𐑧𐑮𐑦𐑩𐑯	1
fragment	documentarian	NN1	GenAm	-kjə-	-𐑒𐑘𐑩-	ˌdɒkjəmənˈteriən	𐑛𐑪𐑒𐑘𐑩𐑥𐑩𐑯𐑑𐑧𐑮𐑦𐑩𐑯	1
fragment	Dodona	NP0	RSSB	dəˈ-	𐑛𐑩-	dəʊˈdəʊnə	𐑛𐑴𐑛𐑴𐑯𐑩	89
fragment	Dodona	NP0	GenAm	dəˈ-	𐑛𐑩-	doʊˈdoʊnə	𐑛𐑴𐑛𐑴𐑯𐑩	89
fragment	dog-ear	NN1	GenAm	ˈdɒɡ-	𐑛𐑪𐑜-	ˈdɒɡˌɪər	𐑛𐑪𐑜𐑽	1
fragment	dog-ear	VVI	GenAm	ˈdɒɡ-	𐑛𐑪𐑜-	ˈdɒɡˌɪər	𐑛𐑪𐑜𐑽	1
fragment	dog-eared	AJ0	GenAm	ˈdɒɡ-	𐑛𐑪𐑜-	ˈdɒɡˌɪərd	𐑛𐑪𐑜𐑽𐑛	1
fragment	doggo	AV0	GenAm	ˈdɒ-	𐑛𐑪-	ˈdɒɡoʊ	𐑛𐑪𐑜𐑴	89
fragment	doggo	NN1	GenAm	ˈdɒ-	𐑛𐑪-	ˈdɒɡoʊ	𐑛𐑪𐑜𐑴	89
fragment	doghole	NN1	GenAm	ˈdɒɡ-	𐑛𐑪𐑜-	ˈdɒɡˌhoʊl	𐑛𐑪𐑜𐑣𐑴𐑤	89
fragment	doghole	VVI	GenAm	ˈdɒɡ-	𐑛𐑪𐑜-	ˈdɒɡˌhoʊl	𐑛𐑪𐑜𐑣𐑴𐑤	89
fragment	dogman	NN1	RSSB	-mæn	-𐑥𐑨𐑯	ˈdɒɡmən	𐑛𐑪𐑜𐑥𐑩𐑯	89
fragment	dogman	NN1	GenAm	-ˌmæn	-𐑥𐑨𐑯	ˈdɒɡmən	𐑛𐑪𐑜𐑥𐑩𐑯	89
fragment	dogman	NN1	GenAm	ˈdɒɡ-	𐑛𐑪𐑜-	ˈdɒɡmən	𐑛𐑪𐑜𐑥𐑩𐑯	89
fragment	dogs bark, cats meow	UNC	GenAm	dɒɡz-	𐑛𐑪𐑜𐑟-	dɒɡz ˈbɑːRk | kæts miˈaʊ	𐑛𐑪𐑜𐑟 𐑚𐑸𐑒 | 𐑒𐑨𐑑𐑕 𐑥𐑦𐑬	1
fragment	dolmen	NN1	RSSB	ˈdɒl-	𐑛𐑪𐑤-	ˈdəʊlmən	𐑛𐑴𐑤𐑥𐑩𐑯	89
fragment	dolmen	NN1	GenAm	ˈdɒl-	𐑛𐑪𐑤-	ˈdoʊlmən	𐑛𐑴𐑤𐑥𐑩𐑯	89
fragment	dolmen	NN1	RSSB	ˈdɔːl-	𐑛𐑷𐑤-	ˈdəʊlmən	𐑛𐑴𐑤𐑥𐑩𐑯	89
fragment	domestique	NN1	RSSB	ˌdɒ-	𐑛𐑪-	ˌdəʊmeˈstiːk	𐑛𐑴𐑥𐑧𐑕𐑑𐑰𐑒	89
fragment	dominical	AJ0	RSSB	dəʊ-	𐑛𐑴-	dəˈmɪnɪkəl	𐑛𐑩𐑥𐑦𐑯𐑦𐑒𐑩𐑤	89
fragment	dominical	NN1	RSSB	dəʊ-	𐑛𐑴-	dəˈmɪnɪkəl	𐑛𐑩𐑥𐑦𐑯𐑦𐑒𐑩𐑤	89
fragment	Donbas	NP0	GenAm	-bæs	-𐑚𐑨𐑕	ˈdɑːnbɑːs	𐑛𐑭𐑯𐑚𐑭𐑕	89
fragment	Donbas	NP0	GenAm	-ˈbɑːs	-𐑚𐑭𐑕	ˈdɑːnbɑːs	𐑛𐑭𐑯𐑚𐑭𐑕	89
fragment	doppelganger	NN1	RSSB	-ɡæŋəR	-𐑜𐑨𐑙𐑼	dɒpəlɡeŋəR	𐑛𐑪𐑐𐑩𐑤𐑜𐑧𐑙𐑼	89
fragment	doppelganger	NN1	GenAm	-ˌɡæŋər	-𐑜𐑨𐑙𐑼	ˈdɒpəlˌɡeŋər	𐑛𐑪𐑐𐑩𐑤𐑜𐑧𐑙𐑼	89
fragment	Dordrecht	NP0	GenAm	-drext	-𐑛𐑮𐑧x𐑑	ˈdɔːRdrekt	𐑛𐑹𐑛𐑮𐑧𐑒𐑑	1
fragment	Dordrecht	NP0	RSSB	-drext	-𐑛𐑮𐑧x𐑑	dɔːRdrekt	𐑛𐑹𐑛𐑮𐑧𐑒𐑑	1
fragment	dossier	NN1	GenAm	-siəR	-𐑕𐑦𐑼	ˈdɒsieɪ	𐑛𐑪𐑕𐑦𐑱	89
fragment	double dog dare	VVI	GenAm	-dɒɡ-	-𐑛𐑪𐑜-	ˌdʌbəl dɒɡ ˈdeər	𐑛𐑳𐑚𐑩𐑤 𐑛𐑪𐑜 𐑛𐑺	1
fragment	double dog dare	NN1	GenAm	-dɒɡ-	-𐑛𐑪𐑜-	ˌdʌbəl dɒɡ ˈdeər	𐑛𐑳𐑚𐑩𐑤 𐑛𐑪𐑜 𐑛𐑺	1
fragment	double-jointed	AJ0	GenAm	-tƏd	-𐑑𐑩𐑛	ˌdʌbəlˈdʒɔɪntƏd	𐑛𐑳𐑚𐑩𐑤𐑡𐑶𐑯𐑑𐑩𐑛	89
fragment	doughty	AJ0	GenAm	-ti	-𐑑𐑦	ˈdaʊti	𐑛𐑬𐑑𐑦	89
fragment	doughty	NN1	GenAm	-ti	-𐑑𐑦	ˈdaʊti	𐑛𐑬𐑑𐑦	89
fragment	Down syndrome	NN1	GenAm	-drəm	-𐑛𐑮𐑩𐑥	daʊn ˈsɪndroʊm	𐑛𐑬𐑯 𐑕𐑦𐑯𐑛𐑮𐑴𐑥	89
fragment	downcast	AJ0	RSSB	-kæst	-𐑒𐑨𐑕𐑑	ˈdaʊnkɑːst	𐑛𐑬𐑯𐑒𐑭𐑕𐑑	89
fragment	downcast	NN1	RSSB	-kæst	-𐑒𐑨𐑕𐑑	ˈdaʊnkɑːst	𐑛𐑬𐑯𐑒𐑭𐑕𐑑	89
fragment	downcast	VVI	RSSB	-kæst	-𐑒𐑨𐑕𐑑	ˈdaʊnkɑːst	𐑛𐑬𐑯𐑒𐑭𐑕𐑑	89
fragment	downcast	VVI	RSSB	-ˈkæst	-𐑒𐑨𐑕𐑑	ˈdaʊnkɑːst	𐑛𐑬𐑯𐑒𐑭𐑕𐑑	89
fragment	draconic	AJ0	GenAm	dræk-	𐑛𐑮𐑨𐑒-	drəˈkɒnɪk	𐑛𐑮𐑩𐑒𐑪𐑯𐑦𐑒	89
fragment	dragline excavator	NN1	GenAm	-təR	-𐑑𐑼	ˈdræɡlaɪn ˈekskəˌveɪtəR	𐑛𐑮𐑨𐑜𐑤𐑲𐑯 𐑧𐑒𐑕𐑒𐑩𐑝𐑱𐑑𐑼	30
fragment	drawers	NN1	RSSB	dʒr-	𐑡𐑮-	drɔːz	𐑛𐑮𐑷𐑟	30
fragment	drawing board	NN1	GenAm	ˈdrɒ-	𐑛𐑮𐑪-	ˈdrɔɪŋ bord	𐑛𐑮𐑶𐑙 𐑚𐑪𐑮𐑛	30
fragment	drawing board	NN1	GenAm	ˈdʒrɒ-	𐑡𐑮𐑪-	ˈdrɔɪŋ bord	𐑛𐑮𐑶𐑙 𐑚𐑪𐑮𐑛	30
fragment	dream team	NN1	GenAm	drim-	𐑛𐑮𐑦𐑥-	drim tim	𐑛𐑮𐑦𐑥 𐑑𐑦𐑥	89
fragment	dream team	NN1	GenAm	dʒrim-	𐑡𐑮𐑦𐑥-	drim tim	𐑛𐑮𐑦𐑥 𐑑𐑦𐑥	89
fragment	dreamgirl	NN1	GenAm	ˈdʒrim-	𐑡𐑮𐑦𐑥-	ˈdrimˌɡɜːRl	𐑛𐑮𐑦𐑥𐑜𐑻𐑤	30
fragment	drift of the forest	NN1	GenAm	-ˈfɒ-	-𐑓𐑪-	ˌdrɪftəv ðə ˈfɔːRəst	𐑛𐑮𐑦𐑓𐑑𐑩𐑝 𐑞𐑩 𐑓𐑹𐑩𐑕𐑑	1
fragment	drink from the furry cup	VVI	RSSB	-frʌm-	-𐑓𐑮𐑳𐑥-	drɪŋk frəm ðə fɜːRiː kʌp	𐑛𐑮𐑦𐑙𐑒 𐑓𐑮𐑩𐑥 𐑞𐑩 𐑓𐑻𐑰 𐑒𐑳𐑐	30
fragment	drink from the furry cup	VVI	RSSB	-frɒm-	-𐑓𐑮𐑪𐑥-	drɪŋk frəm ðə fɜːRiː kʌp	𐑛𐑮𐑦𐑙𐑒 𐑓𐑮𐑩𐑥 𐑞𐑩 𐑓𐑻𐑰 𐑒𐑳𐑐	30
fragment	drink from the furry cup	VVI	GenAm	-frɒm-	-𐑓𐑮𐑪𐑥-			30
fragment	drink from the furry cup	VVI	RSSB	-frɔːm-	-𐑓𐑮𐑷𐑥-	drɪŋk frəm ðə fɜːRiː kʌp	𐑛𐑮𐑦𐑙𐑒 𐑓𐑮𐑩𐑥 𐑞𐑩 𐑓𐑻𐑰 𐑒𐑳𐑐	30
fragment	drink from the furry cup	VVI	RSSB	-fʌriː	-𐑓𐑳𐑮𐑰	drɪŋk frəm ðə fɜːRiː kʌp	𐑛𐑮𐑦𐑙𐑒 𐑓𐑮𐑩𐑥 𐑞𐑩 𐑓𐑻𐑰 𐑒𐑳𐑐	30
fragment	drive to distraction	VVI	GenAm	də-	𐑛𐑩-	ˌdraɪv tə dɪsˈtrækʃən	𐑛𐑮𐑲𐑝 𐑑𐑩 𐑛𐑦𐑕𐑑𐑮𐑨𐑒𐑖𐑩𐑯	1
fragment	dromedary	NN1	RSSB	drʌ-	𐑛𐑮𐑳-	drɒmɪdəri	𐑛𐑮𐑪𐑥𐑦𐑛𐑼𐑦	30
fragment	dromedary	NN1	RSSB	-mə-	-𐑥𐑩-	drɒmɪdəri	𐑛𐑮𐑪𐑥𐑦𐑛𐑼𐑦	1
fragment	dromedary	NN1	RSSB	-dri	-𐑛𐑮𐑦	drɒmɪdəri	𐑛𐑮𐑪𐑥𐑦𐑛𐑼𐑦	30
fragment	drupelet	NN1	RSSB	-lət	-𐑤𐑩𐑑	druːplɪt	𐑛𐑮𐑵𐑐𐑤𐑦𐑑	1
fragment	drupelet	NN1	GenAm	-lət	-𐑤𐑩𐑑	ˈdruplɪt	𐑛𐑮𐑫𐑐𐑤𐑦𐑑	1
fragment	dubious	AJ0	RSSB	-bjəs	-𐑚𐑘𐑩𐑕	ˈdʒuːbiəs	𐑡𐑵𐑚𐑦𐑩𐑕	89
fragment	Dunedin	NP0	RSSB	-ən	-𐑩𐑯	dʌˈniːdɪn	𐑛𐑳𐑯𐑰𐑛𐑦𐑯	89
fragment	Dunedin	NP0	GenAm	-ən	-𐑩𐑯	dʌˈnidɪn	𐑛𐑳𐑯𐑦𐑛𐑦𐑯	89
fragment	duoplural	AJ0	RSSB	-plɔːrəRl	-𐑐𐑤𐑹𐑼𐑤	djuːəʊplʊərəRl	𐑛𐑿𐑴𐑐𐑤𐑫𐑼𐑼𐑤	89
fragment	duoplural	AJ0	GenAm	-ˈplɜrəl	-𐑐𐑤ɜ𐑮𐑩𐑤	ˌdjuoʊˈplʊərəl	𐑛𐑘𐑫𐑴𐑐𐑤𐑫𐑼𐑩𐑤	1
fragment	duoplural	NN1	RSSB	-plɔːrəRl	-𐑐𐑤𐑹𐑼𐑤	djuːəʊplʊərəRl	𐑛𐑿𐑴𐑐𐑤𐑫𐑼𐑼𐑤	89
fragment	duoplural	NN1	GenAm	-ˈplɜrəl	-𐑐𐑤ɜ𐑮𐑩𐑤	ˌdjuoʊˈplʊərəl	𐑛𐑘𐑫𐑴𐑐𐑤𐑫𐑼𐑩𐑤	1
fragment	duopoly	NN1	RSSB	duː-	𐑛𐑵-	djuːˈɒpəli	𐑛𐑿𐑪𐑐𐑩𐑤𐑦	89
fragment	durationally	AV0	RSSB	djə-	𐑛𐑘𐑩-	dʒʊreɪʃənəli	𐑡𐑫𐑮𐑱𐑖𐑩𐑯𐑩𐑤𐑦	1
fragment	durationally	AV0	GenAm	djə-	𐑛𐑘𐑩-	dəˈreɪʃənəli	𐑛𐑼𐑱𐑖𐑩𐑯𐑩𐑤𐑦	1
fragment	durationally	AV0	RSSB	dʒə-	𐑡𐑩-	dʒʊreɪʃənəli	𐑡𐑫𐑮𐑱𐑖𐑩𐑯𐑩𐑤𐑦	1
fragment	dynamogenic	AJ0	GenAm	-moʊ-	-𐑥𐑴-	ˌdaɪnəməˈdʒenɪk	𐑛𐑲𐑯𐑩𐑥𐑩𐑡𐑧𐑯𐑦𐑒	89
fragment	earwitness	NN1	RSSB	-wɪtnəs	-𐑢𐑦𐑑𐑯𐑩𐑕	ɪəRwɪtnəs	𐑽𐑢𐑦𐑑𐑯𐑩𐑕	1
fragment	earwitness	NN1	GenAm	-wɪtnəs	-𐑢𐑦𐑑𐑯𐑩𐑕	ˈɪrwɪtnəs	𐑦𐑮𐑢𐑦𐑑𐑯𐑩𐑕	1
fragment	earwitness	VVI	RSSB	-wɪtnəs	-𐑢𐑦𐑑𐑯𐑩𐑕	ɪəRwɪtnəs	𐑽𐑢𐑦𐑑𐑯𐑩𐑕	1
fragment	earwitness	VVI	GenAm	-wɪtnəs	-𐑢𐑦𐑑𐑯𐑩𐑕	ˈɪrwɪtnəs	𐑦𐑮𐑢𐑦𐑑𐑯𐑩𐑕	1
fragment	eat someone's lunch	VVI	RSSB	-ˈlʌnʃ	-𐑤𐑳𐑯𐑖	ˈiːt ˌsʌmwʌnz ˈlʌntʃ	𐑰𐑑 𐑕𐑳𐑥𐑢𐑳𐑯𐑟 𐑤𐑳𐑯𐑗	89
fragment	eat someone's lunch	VVI	GenAm	-ˈlʌnʃ	-𐑤𐑳𐑯𐑖	ˈit ˌsʌmwʌnz ˈlʌntʃ	𐑦𐑑 𐑕𐑳𐑥𐑢𐑳𐑯𐑟 𐑤𐑳𐑯𐑗	89
fragment	Ebonics	NP0	GenAm	ɪ̈-	𐑦̈-	iˈbɒnɪks	𐑦𐑚𐑪𐑯𐑦𐑒𐑕	1
fragment	Ebonics	NP0	GenAm	e-	𐑧-	iˈbɒnɪks	𐑦𐑚𐑪𐑯𐑦𐑒𐑕	89
fragment	ebonics	NN1	GenAm	ɪ̈-	𐑦̈-	iˈbɒnɪks	𐑦𐑚𐑪𐑯𐑦𐑒𐑕	1
fragment	ebonics	NN1	GenAm	e-	𐑧-	iˈbɒnɪks	𐑦𐑚𐑪𐑯𐑦𐑒𐑕	89
fragment	ebullience	NN1	RSSB	-ˈbʌl-	-𐑚𐑳𐑤-	ɪˈbʊliəns	𐑦𐑚𐑫𐑤𐑦𐑩𐑯𐑕	89
fragment	ebullience	NN1	GenAm	-ˈbəl-	-𐑚𐑩𐑤-	ɪˈbʊljəns	𐑦𐑚𐑫𐑤𐑘𐑩𐑯𐑕	89
fragment	echinoderm	NN1	RSSB	ɪkɪ-	𐑦𐑒𐑦-	ɪkaɪnəʊdɜːRm	𐑦𐑒𐑲𐑯𐑴𐑛𐑻𐑥	1
fragment	eclaircise	VVI	RSSB	eɪ-	𐑱-	ɪklɜːRsaɪz	𐑦𐑒𐑤𐑻𐑕𐑲𐑟	1
fragment	EClaire	NP0	RSSB	eɪ-	𐑱-	ɪkleəR	𐑦𐑒𐑤𐑺	1
fragment	educe	VVI	GenAm	ə-	𐑩-	ɪˈduːs	𐑦𐑛𐑵𐑕	89
fragment	educe	VVI	RSSB	ə-	𐑩-	ɪˈdjuːs	𐑦𐑛𐑿𐑕	89
fragment	educe	NN1	GenAm	ə-	𐑩-	ɪˈduːs	𐑦𐑛𐑵𐑕	89
fragment	educe	NN1	RSSB	ə-	𐑩-	ɪˈdjuːs	𐑦𐑛𐑿𐑕	89
fragment	effloresce	VVI	RSSB	-flɒ-	-𐑓𐑤𐑪-	efləres	𐑧𐑓𐑤𐑼𐑧𐑕	1
fragment	effulgent	AJ0	RSSB	e-	𐑧-	ɪˈfʌldʒənt	𐑦𐑓𐑳𐑤𐑡𐑩𐑯𐑑	89
fragment	eigenequation	NN1	RSSB	-ʃən	-𐑖𐑩𐑯	ˌaɪɡənɪˈkweɪʒən	𐑲𐑜𐑩𐑯𐑦𐑒𐑢𐑱𐑠𐑩𐑯	89
fragment	Eindhoven	NP0	GenAm	ˈaɪnt-	𐑲𐑯𐑑-	ˈaɪndhoʊvən	𐑲𐑯𐑛𐑣𐑴𐑝𐑩𐑯	89
fragment	Eindhoven	NP0	RSSB	ˈaɪnt-	𐑲𐑯𐑑-	ˈaɪndhəʊvən	𐑲𐑯𐑛𐑣𐑴𐑝𐑩𐑯	89
fragment	Einsteiny	AJ0	RSSB	-ʃtaɪ-	-𐑖𐑑𐑲-	ˈaɪnstaɪni	𐑲𐑯𐑕𐑑𐑲𐑯𐑦	89
fragment	elastic	AJ0	GenAm	ə-	𐑩-			89
fragment	elastic	NN1	GenAm	ə-	𐑩-			89
fragment	elect	NN1	GenAm	i-	𐑦-	ɪˈlekt	𐑦𐑤𐑧𐑒𐑑	89
fragment	elect	NN1	GenAm	ə-	𐑩-	ɪˈlekt	𐑦𐑤𐑧𐑒𐑑	89
fragment	elect	VVI	GenAm	i-	𐑦-	ɪˈlekt	𐑦𐑤𐑧𐑒𐑑	89
fragment	elect	VVI	GenAm	ə-	𐑩-	ɪˈlekt	𐑦𐑤𐑧𐑒𐑑	89
fragment	elect	AJ0	GenAm	i-	𐑦-	ɪˈlekt	𐑦𐑤𐑧𐑒𐑑	89
fragment	elect	AJ0	GenAm	ə-	𐑩-	ɪˈlekt	𐑦𐑤𐑧𐑒𐑑	89
fragment	Electric Boogaloo	NP0	RSSB	-buːɡəluː	-𐑚𐑵𐑜𐑩𐑤𐑵	ɪlektrɪk buːɡəluː	𐑦𐑤𐑧𐑒𐑑𐑮𐑦𐑒 𐑚𐑵𐑜𐑩𐑤𐑵	1
fragment	Electric Boogaloo	NP0	GenAm	iˌlektrɪk-	𐑦𐑤𐑧𐑒𐑑𐑮𐑦𐑒-	əˌlektrɪk ˈbuɡəˌlu	𐑩𐑤𐑧𐑒𐑑𐑮𐑦𐑒 𐑚𐑫𐑜𐑩𐑤𐑫	89
fragment	Electric Boogaloo	NP0	GenAm	-ˌbʊɡəˈlu	-𐑚𐑫𐑜𐑩𐑤𐑫	əˌlektrɪk ˈbuɡəˌlu	𐑩𐑤𐑧𐑒𐑑𐑮𐑦𐑒 𐑚𐑫𐑜𐑩𐑤𐑫	1
fragment	electric boogaloo	NN1	RSSB	-buːɡəluː	-𐑚𐑵𐑜𐑩𐑤𐑵	ɪlektrɪk buːɡəluː	𐑦𐑤𐑧𐑒𐑑𐑮𐑦𐑒 𐑚𐑵𐑜𐑩𐑤𐑵	1
fragment	electric boogaloo	NN1	GenAm	iˌlektrɪk-	𐑦𐑤𐑧𐑒𐑑𐑮𐑦𐑒-	əˌlektrɪk ˈbuɡəˌlu	𐑩𐑤𐑧𐑒𐑑𐑮𐑦𐑒 𐑚𐑫𐑜𐑩𐑤𐑫	89
fragment	electric boogaloo	NN1	GenAm	-ˌbʊɡəˈlu	-𐑚𐑫𐑜𐑩𐑤𐑫	əˌlektrɪk ˈbuɡəˌlu	𐑩𐑤𐑧𐑒𐑑𐑮𐑦𐑒 𐑚𐑫𐑜𐑩𐑤𐑫	1
fragment	electrolier	NN1	GenAm	i-	𐑦-	əˌlektrəˈlɪər	𐑩𐑤𐑧𐑒𐑑𐑮𐑩𐑤𐑽	1
fragment	elevator pitch	NN1	GenAm	-təR	-𐑑𐑼	ˈeləveɪtəR ˈpɪtʃ	𐑧𐑤𐑩𐑝𐑱𐑑𐑼 𐑐𐑦𐑗	89
fragment	eleven	CRD	GenAm	i-	𐑦-	əˈlevən	𐑩𐑤𐑧𐑝𐑩𐑯	89
fragment	eleven	NN1	GenAm	i-	𐑦-	əˈlevən	𐑩𐑤𐑧𐑝𐑩𐑯	89
fragment	Elgarian	AJ0	RSSB	-ɡɑːR-	-𐑜𐑸-	elɡeəriən	𐑧𐑤𐑜𐑺𐑦𐑩𐑯	89
fragment	Elgarian	AJ0	GenAm	-ˈɡɒ-	-𐑜𐑪-	elˈɡeriən	𐑧𐑤𐑜𐑧𐑮𐑦𐑩𐑯	1
fragment	elongate	AJ0	RSSB	ˈe-	𐑧-	ˈiːˌlɒŋɡeɪt	𐑰𐑤𐑪𐑙𐑜𐑱𐑑	89
fragment	elongate	AJ0	GenAm	i-	𐑦-	əˈlɒŋˌɡeɪt	𐑩𐑤𐑪𐑙𐑜𐑱𐑑	89
fragment	elongate	AJ0	GenAm	-ˈlɒŋ-	-𐑤𐑪𐑙-	əˈlɒŋˌɡeɪt	𐑩𐑤𐑪𐑙𐑜𐑱𐑑	89
fragment	elongate	VVI	RSSB	ˈe-	𐑧-	ˈiːˌlɒŋɡeɪt	𐑰𐑤𐑪𐑙𐑜𐑱𐑑	89
fragment	elongate	VVI	GenAm	i-	𐑦-	əˈlɒŋˌɡeɪt	𐑩𐑤𐑪𐑙𐑜𐑱𐑑	89
fragment	elongate	VVI	GenAm	-ˈlɒŋ-	-𐑤𐑪𐑙-	əˈlɒŋˌɡeɪt	𐑩𐑤𐑪𐑙𐑜𐑱𐑑	89
fragment	elsewhen	AV0	GenAm	-wen	-𐑢𐑧𐑯	ˈelsʍen	𐑧𐑤𐑕𐑢𐑧𐑯	89
fragment	elsewhen	AV0	GenAm	-ˈwen	-𐑢𐑧𐑯	ˈelsʍen	𐑧𐑤𐑕𐑢𐑧𐑯	89
fragment	elucidate	VVI	GenAm	i-	𐑦-	əˈlusəˌdeɪt	𐑩𐑤𐑫𐑕𐑩𐑛𐑱𐑑	89
fragment	elucidate	AJ0	GenAm	i-	𐑦-	əˈlusəˌdeɪt	𐑩𐑤𐑫𐑕𐑩𐑛𐑱𐑑	89
fragment	emaciated	AJ0	RSSB	-ˈmeɪsi-	-𐑥𐑱𐑕𐑦-	əˈmeɪʃieɪtƏd	𐑩𐑥𐑱𐑖𐑦𐑱𐑑𐑩𐑛	89
fragment	emaciated	AJ0	GenAm	ə-	𐑩-	ɪˈmeɪsiˌeɪtƏd	𐑦𐑥𐑱𐑕𐑦𐑱𐑑𐑩𐑛	89
fragment	emaciated	AJ0	GenAm	i-	𐑦-	ɪˈmeɪsiˌeɪtƏd	𐑦𐑥𐑱𐑕𐑦𐑱𐑑𐑩𐑛	89
fragment	emaciated	AJ0	GenAm	-meɪʃi-	-𐑥𐑱𐑖𐑦-	ɪˈmeɪsiˌeɪtƏd	𐑦𐑥𐑱𐑕𐑦𐑱𐑑𐑩𐑛	89
fragment	emaciated	VVI	RSSB	-ˈmeɪsi-	-𐑥𐑱𐑕𐑦-	əˈmeɪʃieɪtƏd	𐑩𐑥𐑱𐑖𐑦𐑱𐑑𐑩𐑛	89
fragment	emaciated	VVI	GenAm	ə-	𐑩-	ɪˈmeɪsiˌeɪtƏd	𐑦𐑥𐑱𐑕𐑦𐑱𐑑𐑩𐑛	89
fragment	emaciated	VVI	GenAm	i-	𐑦-	ɪˈmeɪsiˌeɪtƏd	𐑦𐑥𐑱𐑕𐑦𐑱𐑑𐑩𐑛	89
fragment	emaciated	VVI	GenAm	-meɪʃi-	-𐑥𐑱𐑖𐑦-	ɪˈmeɪsiˌeɪtƏd	𐑦𐑥𐑱𐑕𐑦𐑱𐑑𐑩𐑛	89
fragment	emancipate	VVI	GenAm	i-	𐑦-	əˈmæntsəˌpeɪt	𐑩𐑥𐑨𐑯𐑑𐑕𐑩𐑐𐑱𐑑	89
fragment	emancipate	AJ0	GenAm	i-	𐑦-	əˈmæntsəˌpeɪt	𐑩𐑥𐑨𐑯𐑑𐑕𐑩𐑐𐑱𐑑	89
fragment	embarrassingly	AV0	RSSB	em-	𐑧𐑥-	ɪmbærəRsɪŋli	𐑦𐑥𐑚𐑨𐑮𐑼𐑕𐑦𐑙𐑤𐑦	1
fragment	embarrassingly	AV0	GenAm	em-	𐑧𐑥-	əmˈberəsɪŋli	𐑩𐑥𐑚𐑧𐑮𐑩𐑕𐑦𐑙𐑤𐑦	1
fragment	embarrassingly parallel	AJ0	RSSB	em-	𐑧𐑥-	ɪmbærəRsɪŋli pærəRlel	𐑦𐑥𐑚𐑨𐑮𐑼𐑕𐑦𐑙𐑤𐑦 𐑐𐑨𐑮𐑼𐑤𐑧𐑤	1
fragment	embarrassingly parallel	AJ0	GenAm	em-	𐑧𐑥-	əmˈberəsɪŋli ˈperəˌlel	𐑩𐑥𐑚𐑧𐑮𐑩𐑕𐑦𐑙𐑤𐑦 𐑐𐑧𐑮𐑩𐑤𐑧𐑤	1
fragment	embattled	AJ0	RSSB	ɪm-	𐑦𐑥-	emˈbætəld	𐑦𐑥𐑚𐑨𐑑𐑩𐑤𐑛	89
fragment	embattled	AJ0	GenAm	ɪm-	𐑦𐑥-	emˈbætəld	𐑧𐑥𐑚𐑨𐑑𐑩𐑤𐑛	89
fragment	embattled	AJ0	GenAm	-təld	-𐑑𐑩𐑤𐑛	emˈbætəld	𐑧𐑥𐑚𐑨𐑑𐑩𐑤𐑛	89
fragment	embattled	VVI	RSSB	ɪm-	𐑦𐑥-	emˈbætəld	𐑦𐑥𐑚𐑨𐑑𐑩𐑤𐑛	89
fragment	embattled	VVI	GenAm	ɪm-	𐑦𐑥-	emˈbætəld	𐑧𐑥𐑚𐑨𐑑𐑩𐑤𐑛	89
fragment	embattled	VVI	GenAm	-təld	-𐑑𐑩𐑤𐑛	emˈbætəld	𐑧𐑥𐑚𐑨𐑑𐑩𐑤𐑛	89
fragment	embezzler	NN1	GenAm	ɪm-	𐑦𐑥-	emˈbezələR	𐑧𐑥𐑚𐑧𐑟𐑩𐑤𐑼	1
fragment	embitter	VVI	RSSB	em-	𐑧𐑥-	ɪmbɪtəR	𐑦𐑥𐑚𐑦𐑑𐑼	1
fragment	embitter	VVI	GenAm	em-	𐑧𐑥-	əmˈbɪtər	𐑩𐑥𐑚𐑦𐑑𐑼	1
fragment	embitter	VVI	GenAm	-tər	-𐑑𐑼	əmˈbɪtər	𐑩𐑥𐑚𐑦𐑑𐑼	89
fragment	embolden	VVI	RSSB	ɪm-	𐑦𐑥-	emˈbəʊldən	𐑦𐑥𐑚𐑴𐑤𐑛𐑩𐑯	89
fragment	emboss	VVI	RSSB	em-	𐑧𐑥-	ɪmˈbɒs	𐑦𐑥𐑚𐑪𐑕	89
fragment	emboss	VVI	GenAm	em-	𐑧𐑥-	əmˈbɒs	𐑩𐑥𐑚𐑪𐑕	89
fragment	emboss	NN1	RSSB	em-	𐑧𐑥-	ɪmˈbɒs	𐑦𐑥𐑚𐑪𐑕	89
fragment	emboss	NN1	GenAm	em-	𐑧𐑥-	əmˈbɒs	𐑩𐑥𐑚𐑪𐑕	89
fragment	embroil	VVI	RSSB	em-	𐑧𐑥-	ɪmbrɔɪl	𐑦𐑥𐑚𐑮𐑶𐑤	1
fragment	embroil	VVI	GenAm	em-	𐑧𐑥-	əmˈbrɔɪl	𐑩𐑥𐑚𐑮𐑶𐑤	1
fragment	embroil	NN1	RSSB	em-	𐑧𐑥-	ɪmbrɔɪl	𐑦𐑥𐑚𐑮𐑶𐑤	1
fragment	embroil	NN1	GenAm	em-	𐑧𐑥-	əmˈbrɔɪl	𐑩𐑥𐑚𐑮𐑶𐑤	1
fragment	embrown	VVI	RSSB	em-	𐑧𐑥-	ɪmbraʊn	𐑦𐑥𐑚𐑮𐑬𐑯	1
fragment	embrown	VVI	GenAm	em-	𐑧𐑥-	əmˈbraʊn	𐑩𐑥𐑚𐑮𐑬𐑯	1
fragment	embrowned	AJ0	RSSB	em-	𐑧𐑥-	ɪmbraʊnd	𐑦𐑥𐑚𐑮𐑬𐑯𐑛	1
fragment	embrowned	AJ0	GenAm	em-	𐑧𐑥-	əmˈbraʊnd	𐑩𐑥𐑚𐑮𐑬𐑯𐑛	1
fragment	embrowned	VVI	RSSB	em-	𐑧𐑥-	ɪmbraʊnd	𐑦𐑥𐑚𐑮𐑬𐑯𐑛	1
fragment	embrowned	VVI	GenAm	em-	𐑧𐑥-	əmˈbraʊnd	𐑩𐑥𐑚𐑮𐑬𐑯𐑛	1
fragment	emeriti	AJ0	GenAm	-ˈməR-	-𐑥𐑼-	əˈmerətaɪ	𐑩𐑥𐑧𐑮𐑩𐑑𐑲	89
fragment	emeriti	NN1	GenAm	-ˈməR-	-𐑥𐑼-	əˈmerətaɪ	𐑩𐑥𐑧𐑮𐑩𐑑𐑲	89
fragment	emolument	NN1	RSSB	e-	𐑧-	ɪˈmɒljəmənt	𐑦𐑥𐑪𐑤𐑘𐑩𐑥𐑩𐑯𐑑	89
fragment	emolument	NN1	RSSB	-jə-	-𐑘𐑩-	ɪˈmɒljəmənt	𐑦𐑥𐑪𐑤𐑘𐑩𐑥𐑩𐑯𐑑	89
fragment	emotag	NN1	GenAm	əˈ-	𐑩-	ɪˈmoʊˌtæɡ	𐑦𐑥𐑴𐑑𐑨𐑜	89
fragment	emote	VVI	GenAm	i-	𐑦-	əˈmoʊt	𐑩𐑥𐑴𐑑	89
fragment	emote	NN1	GenAm	i-	𐑦-	əˈmoʊt	𐑩𐑥𐑴𐑑	89
fragment	emphysema	NN1	GenAm	ˌemfə-	𐑧𐑥𐑓𐑩-	ˌemfɪˈsimə	𐑧𐑥𐑓𐑦𐑕𐑦𐑥𐑩	89
fragment	employé	NN1	RSSB	ˌɒ̃-	𐑪̃-	ɒmˈplɔɪeɪ	𐑪𐑥𐑐𐑤𐑶𐑱	1
fragment	employée	NN1	RSSB	ˌɒ̃-	𐑪̃-	ɒmˈplɔɪeɪ	𐑪𐑥𐑐𐑤𐑶𐑱	1
fragment	emporium	NN1	RSSB	ɪm-	𐑦𐑥-	empɔːriəm	𐑧𐑥𐑐𐑹𐑦𐑩𐑥	1
fragment	emporium	NN1	GenAm	ɪm-	𐑦𐑥-	emˈporiəm	𐑧𐑥𐑐𐑪𐑮𐑦𐑩𐑥	1
fragment	emulation	NN1	GenAm	-ʃɪn	-𐑖𐑦𐑯	ˌemjuˈleɪʃən	𐑧𐑥𐑘𐑫𐑤𐑱𐑖𐑩𐑯	89
fragment	en femme	AJ0	RSSB	ɑ̃-	ɑ̃-	ɒn ˈfɑm	𐑪𐑯 𐑓ɑ𐑥	1
fragment	en femme	AJ0	GenAm	-ˈfem	-𐑓𐑧𐑥	ɒn ˈfɒm	𐑪𐑯 𐑓𐑪𐑥	89
fragment	en femme	AV0	RSSB	ɑ̃-	ɑ̃-	ɒn ˈfɑm	𐑪𐑯 𐑓ɑ𐑥	1
fragment	en femme	AV0	GenAm	-ˈfem	-𐑓𐑧𐑥	ɒn ˈfɒm	𐑪𐑯 𐑓𐑪𐑥	89
fragment	enabled	AJ0	RSSB	ɪ-	𐑦-	eˈneɪbəld	𐑧𐑯𐑱𐑚𐑩𐑤𐑛	89
fragment	enabled	AJ0	GenAm	ɪn-	𐑦𐑯-	enˈeɪbəld	𐑧𐑯𐑱𐑚𐑩𐑤𐑛	89
fragment	enabled	VVI	RSSB	ɪ-	𐑦-	eˈneɪbəld	𐑧𐑯𐑱𐑚𐑩𐑤𐑛	89
fragment	enabled	VVI	GenAm	ɪn-	𐑦𐑯-	enˈeɪbəld	𐑧𐑯𐑱𐑚𐑩𐑤𐑛	89
fragment	encampment	NN1	RSSB	en-	𐑧𐑯-	ɪnˈkæmpmənt	𐑦𐑯𐑒𐑨𐑥𐑐𐑥𐑩𐑯𐑑	89
fragment	encampment	NN1	GenAm	en-	𐑧𐑯-	ɪnˈkæmpmənt	𐑦𐑯𐑒𐑨𐑥𐑐𐑥𐑩𐑯𐑑	89
fragment	encampment	NN1	RSSB	ɪŋ-	𐑦𐑙-	ɪnˈkæmpmənt	𐑦𐑯𐑒𐑨𐑥𐑐𐑥𐑩𐑯𐑑	89
fragment	encampment	NN1	GenAm	ɪŋ-	𐑦𐑙-	ɪnˈkæmpmənt	𐑦𐑯𐑒𐑨𐑥𐑐𐑥𐑩𐑯𐑑	89
fragment	encampment	NN1	RSSB	eŋ-	𐑧𐑙-	ɪnˈkæmpmənt	𐑦𐑯𐑒𐑨𐑥𐑐𐑥𐑩𐑯𐑑	89
fragment	encampment	NN1	GenAm	eŋ-	𐑧𐑙-	ɪnˈkæmpmənt	𐑦𐑯𐑒𐑨𐑥𐑐𐑥𐑩𐑯𐑑	89
fragment	enchantment	NN1	GenAm	ən-	𐑩𐑯-	ɪnˈtʃæntmənt	𐑦𐑯𐑗𐑨𐑯𐑑𐑥𐑩𐑯𐑑	89
fragment	enchantment	NN1	RSSB	ən-	𐑩𐑯-	ɪnˈtʃɑːntmənt	𐑦𐑯𐑗𐑭𐑯𐑑𐑥𐑩𐑯𐑑	89
fragment	enchantment	NN1	GenAm	en-	𐑧𐑯-	ɪnˈtʃæntmənt	𐑦𐑯𐑗𐑨𐑯𐑑𐑥𐑩𐑯𐑑	89
fragment	enchantment	NN1	RSSB	en-	𐑧𐑯-	ɪnˈtʃɑːntmənt	𐑦𐑯𐑗𐑭𐑯𐑑𐑥𐑩𐑯𐑑	89
fragment	enchantress	NN1	GenAm	-rəs	-𐑮𐑩𐑕	ɪnˈtʃæntrɪs	𐑦𐑯𐑗𐑨𐑯𐑑𐑮𐑦𐑕	89
fragment	enchantress	NN1	RSSB	-rəs	-𐑮𐑩𐑕	ɪntʃɑːntrɪs	𐑦𐑯𐑗𐑭𐑯𐑑𐑮𐑩𐑕	89
fragment	encompass	VVI	RSSB	ən-	𐑩𐑯-	ɪnˈkʌmpəs	𐑦𐑯𐑒𐑳𐑥𐑐𐑩𐑕	89
fragment	encompass	VVI	GenAm	-ˈkɒmpəs	-𐑒𐑪𐑥𐑐𐑩𐑕	ɪnˈkʌmpəs	𐑦𐑯𐑒𐑳𐑥𐑐𐑩𐑕	89
fragment	encompass	VVI	GenAm	en-	𐑧𐑯-	ɪnˈkʌmpəs	𐑦𐑯𐑒𐑳𐑥𐑐𐑩𐑕	89
fragment	endearing	AJ0	RSSB	en-	𐑧𐑯-	ɪndɪərɪŋ	𐑦𐑯𐑛𐑽𐑦𐑙	1
fragment	endearing	NN1	RSSB	en-	𐑧𐑯-	ɪndɪərɪŋ	𐑦𐑯𐑛𐑽𐑦𐑙	1
fragment	endearing	VVI	RSSB	en-	𐑧𐑯-	ɪndɪərɪŋ	𐑦𐑯𐑛𐑽𐑦𐑙	1
fragment	endorheic	AJ0	GenAm	ˌendə-	𐑧𐑯𐑛𐑩-	ˌendoʊˈriɪk	𐑧𐑯𐑛𐑴𐑮𐑦𐑦𐑒	1
fragment	endorheic	AJ0	GenAm	-ˈreɪɪk	-𐑮𐑱𐑦𐑒	ˌendoʊˈriɪk	𐑧𐑯𐑛𐑴𐑮𐑦𐑦𐑒	89
fragment	endow	VVI	RSSB	en-	𐑧𐑯-	ɪnˈdaʊ	𐑦𐑯𐑛𐑬	89
fragment	endue	VVI	RSSB	en-	𐑧𐑯-	ɪnˈdjuː	𐑦𐑯𐑛𐑿	89
fragment	endue	VVI	GenAm	en-	𐑧𐑯-	ɪnˈdju	𐑦𐑯𐑛𐑘𐑫	89
fragment	endue	VVI	RSSB	-ˈdʒuː	-𐑡𐑵	ɪnˈdjuː	𐑦𐑯𐑛𐑿	89
fragment	enforced	VVI	GenAm	en-	𐑧𐑯-	ɪnˈforst	𐑦𐑯𐑓𐑪𐑮𐑕𐑑	1
fragment	enforced	VVI	RSSB	en-	𐑧𐑯-	ɪnfɔːRst	𐑦𐑯𐑓𐑹𐑕𐑑	1
fragment	enforcement	NN1	RSSB	en-	𐑧𐑯-	ɪnfɔːRsmənt	𐑦𐑯𐑓𐑹𐑕𐑥𐑩𐑯𐑑	1
fragment	enforcement	NN1	GenAm	en-	𐑧𐑯-	ɪnˈforsmənt	𐑦𐑯𐑓𐑪𐑮𐑕𐑥𐑩𐑯𐑑	1
fragment	enhypostasia	NN1	GenAm	-ʒə	-𐑠𐑩	enˌhaɪpəˈsteɪʒiə	𐑧𐑯𐑣𐑲𐑐𐑩𐑕𐑑𐑱𐑠𐑦𐑩	89
fragment	enormity	NN1	GenAm	-ti	-𐑑𐑦	ɪˈnormɪti	𐑦𐑯𐑪𐑮𐑥𐑦𐑑𐑦	1
fragment	enough	DT0	GenAm	i-	𐑦-	ɪˈnʌf	𐑦𐑯𐑳𐑓	89
fragment	enough	DT0	GenAm	ə-	𐑩-	ɪˈnʌf	𐑦𐑯𐑳𐑓	89
fragment	enough	AV0	GenAm	i-	𐑦-	ɪˈnʌf	𐑦𐑯𐑳𐑓	89
fragment	enough	AV0	GenAm	ə-	𐑩-	ɪˈnʌf	𐑦𐑯𐑳𐑓	89
fragment	enough	PNP	GenAm	i-	𐑦-	ɪˈnʌf	𐑦𐑯𐑳𐑓	89
fragment	enough	PNP	GenAm	ə-	𐑩-	ɪˈnʌf	𐑦𐑯𐑳𐑓	89
fragment	enough	ITJ	GenAm	i-	𐑦-	ɪˈnʌf	𐑦𐑯𐑳𐑓	89
fragment	enough	ITJ	GenAm	ə-	𐑩-	ɪˈnʌf	𐑦𐑯𐑳𐑓	89
fragment	enough	NN1	GenAm	i-	𐑦-	ɪˈnʌf	𐑦𐑯𐑳𐑓	89
fragment	enough	NN1	GenAm	ə-	𐑩-	ɪˈnʌf	𐑦𐑯𐑳𐑓	89
fragment	enough is enough	UNC	GenAm	ə-	𐑩-	iˌnʌfɪz iˈnʌf	𐑦𐑯𐑳𐑓𐑦𐑟 𐑦𐑯𐑳𐑓	89
fragment	enquire	VVI	RSSB	ɪn-	𐑦𐑯-	enkwaɪəR	𐑦𐑯𐑒𐑢𐑲𐑼	1
fragment	enquire	VVI	GenAm	ɪn-	𐑦𐑯-	enˈkwaɪr	𐑧𐑯𐑒𐑢𐑲𐑮	1
fragment	enquire	VVI	GenAm	ɪŋ-	𐑦𐑙-	enˈkwaɪr	𐑧𐑯𐑒𐑢𐑲𐑮	1
fragment	enquiry	NN1	RSSB	enk-	𐑧𐑯𐑒-	ɪnkwaɪəri	𐑦𐑯𐑒𐑢𐑲𐑼𐑦	1
fragment	ensnare	VVI	RSSB	ɪn-	𐑦𐑯-	ensneəR	𐑧𐑯𐑕𐑯𐑺	1
fragment	ensnare	VVI	GenAm	ɪn-	𐑦𐑯-	enˈsneər	𐑧𐑯𐑕𐑯𐑺	1
fragment	ensorcell	VVI	RSSB	ɪn-	𐑦𐑯-	ensɔːRsəl	𐑧𐑯𐑕𐑹𐑕𐑩𐑤	1
fragment	enthusiast	NN1	RSSB	-θjuː-	-𐑔𐑿-	ɪnˈθuːziˌæst	𐑦𐑯𐑔𐑵𐑟𐑦𐑨𐑕𐑑	89
fragment	enthusiast	NN1	RSSB	-əst	-𐑩𐑕𐑑	ɪnˈθuːziˌæst	𐑦𐑯𐑔𐑵𐑟𐑦𐑨𐑕𐑑	89
fragment	enthusiast	NN1	GenAm	-əst	-𐑩𐑕𐑑	ənˈθuziˌɪst	𐑩𐑯𐑔𐑫𐑟𐑦𐑦𐑕𐑑	89
fragment	enthusiast	NN1	GenAm	en-	𐑧𐑯-	ənˈθuziˌɪst	𐑩𐑯𐑔𐑫𐑟𐑦𐑦𐑕𐑑	89
fragment	enthusiast	NN1	GenAm	-ˈθju-	-𐑔𐑘𐑫-	ənˈθuziˌɪst	𐑩𐑯𐑔𐑫𐑟𐑦𐑦𐑕𐑑	89
fragment	enthusiast	NN1	GenAm	-ˌæst	-𐑨𐑕𐑑	ənˈθuziˌɪst	𐑩𐑯𐑔𐑫𐑟𐑦𐑦𐑕𐑑	89
fragment	entirety	NN1	GenAm	en-	𐑧𐑯-	ɪnˈtaɪərɪti	𐑦𐑯𐑑𐑲𐑼𐑦𐑑𐑦	1
fragment	entirety	NN1	RSSB	en-	𐑧𐑯-	ɪntaɪərɪti	𐑦𐑯𐑑𐑲𐑼𐑦𐑑𐑦	1
fragment	entirety	NN1	RSSB	-taɪəti	-𐑑𐑲𐑩𐑑𐑦	ɪntaɪərɪti	𐑦𐑯𐑑𐑲𐑼𐑦𐑑𐑦	1
fragment	entirety	NN1	RSSB	-tʌɪrəRti	-𐑑𐑳𐑦𐑮𐑼𐑑𐑦	ɪntaɪərɪti	𐑦𐑯𐑑𐑲𐑼𐑦𐑑𐑦	89
fragment	entreat	VVI	RSSB	en-	𐑧𐑯-	ɪntriːt	𐑦𐑯𐑑𐑮𐑰𐑑	1
fragment	entreat	VVI	GenAm	en-	𐑧𐑯-	ɪnˈtrit	𐑦𐑯𐑑𐑮𐑦𐑑	1
fragment	entreat	NN1	RSSB	en-	𐑧𐑯-	ɪntriːt	𐑦𐑯𐑑𐑮𐑰𐑑	1
fragment	entreat	NN1	GenAm	en-	𐑧𐑯-	ɪnˈtrit	𐑦𐑯𐑑𐑮𐑦𐑑	1
fragment	entrepôt	NN1	RSSB	ɒ̃-	𐑪̃-	ɒntrəpəʊ	𐑪𐑯𐑑𐑮𐑩𐑐𐑴	1
fragment	envelope	NN1	GenAm	ˈɒn-	𐑪𐑯-	ˈenvəˌloʊp	𐑧𐑯𐑝𐑩𐑤𐑴𐑐	89
fragment	envelope	NN1	GenAm	-lop	-𐑤𐑪𐑐	ˈenvəˌloʊp	𐑧𐑯𐑝𐑩𐑤𐑴𐑐	89
fragment	envelope	VVI	GenAm	ˈɒn-	𐑪𐑯-	ˈenvəˌloʊp	𐑧𐑯𐑝𐑩𐑤𐑴𐑐	89
fragment	envelope	VVI	GenAm	-lop	-𐑤𐑪𐑐	ˈenvəˌloʊp	𐑧𐑯𐑝𐑩𐑤𐑴𐑐	89
fragment	environ	AV0	RSSB	en-	𐑧𐑯-	ɪnvaɪrəRn	𐑦𐑯𐑝𐑲𐑮𐑼𐑯	1
fragment	environ	AV0	GenAm	en-	𐑧𐑯-	ɪnˈvaɪərən	𐑦𐑯𐑝𐑲𐑼𐑩𐑯	1
fragment	environ	VVI	RSSB	en-	𐑧𐑯-	ɪnvaɪrəRn	𐑦𐑯𐑝𐑲𐑮𐑼𐑯	1
fragment	environ	VVI	GenAm	en-	𐑧𐑯-	ɪnˈvaɪərən	𐑦𐑯𐑝𐑲𐑼𐑩𐑯	1
fragment	environ	NN1	RSSB	en-	𐑧𐑯-	ɪnvaɪrəRn	𐑦𐑯𐑝𐑲𐑮𐑼𐑯	1
fragment	environ	NN1	GenAm	en-	𐑧𐑯-	ɪnˈvaɪərən	𐑦𐑯𐑝𐑲𐑼𐑩𐑯	1
fragment	epidemiology	NN1	GenAm	ˌepɪˌdem-	𐑧𐑐𐑦𐑛𐑧𐑥-	ˌepɪˌdimiˈɒlədʒi	𐑧𐑐𐑦𐑛𐑦𐑥𐑦𐑪𐑤𐑩𐑡𐑦	89
fragment	epiphenomena	NN1	RSSB	-fɪ-	-𐑓𐑦-	ˌepɪfəˈnɒmɪnə	𐑧𐑐𐑦𐑓𐑩𐑯𐑪𐑥𐑦𐑯𐑩	89
fragment	epiphenomenon	NN1	RSSB	-fɪ-	-𐑓𐑦-	ˌepɪfəˈnɒmɪnən	𐑧𐑐𐑦𐑓𐑩𐑯𐑪𐑥𐑦𐑯𐑩𐑯	89
fragment	epiphenomenon	NN1	GenAm	-nən	-𐑯𐑩𐑯	ˌepəfəˈnɒməˌnɒn	𐑧𐑐𐑩𐑓𐑩𐑯𐑪𐑥𐑩𐑯𐑪𐑯	89
fragment	epistemic	AJ0	RSSB	-ˈste-	-𐑕𐑑𐑧-	ˌepɪˈstiːmɪk	𐑧𐑐𐑦𐑕𐑑𐑰𐑥𐑦𐑒	89
fragment	epistemic	AJ0	GenAm	-ˈste-	-𐑕𐑑𐑧-	ˌepəˈstimɪk	𐑧𐑐𐑩𐑕𐑑𐑦𐑥𐑦𐑒	89
fragment	epistolarian	NN1	GenAm	əˈ-	𐑩-	ɪˈpɪstəˈleriən	𐑦𐑐𐑦𐑕𐑑𐑩𐑤𐑧𐑮𐑦𐑩𐑯	1
fragment	epistolarian	NN1	GenAm	eˈ-	𐑧-	ɪˈpɪstəˈleriən	𐑦𐑐𐑦𐑕𐑑𐑩𐑤𐑧𐑮𐑦𐑩𐑯	1
fragment	epistolary	AJ0	RSSB	e-	𐑧-	ɪpɪstəRləri	𐑦𐑐𐑦𐑕𐑑𐑼𐑤𐑼𐑦	1
fragment	epistolary	AJ0	RSSB	ə-	𐑩-	ɪpɪstəRləri	𐑦𐑐𐑦𐑕𐑑𐑼𐑤𐑼𐑦	1
fragment	epistolary	NN1	RSSB	e-	𐑧-	ɪpɪstəRləri	𐑦𐑐𐑦𐑕𐑑𐑼𐑤𐑼𐑦	1
fragment	epistolary	NN1	RSSB	ə-	𐑩-	ɪpɪstəRləri	𐑦𐑐𐑦𐑕𐑑𐑼𐑤𐑼𐑦	1
fragment	epitrachelion	NN1	RSSB	-kiː-	-𐑒𐑰-	epɪtrəkiliɒn	𐑧𐑐𐑦𐑑𐑮𐑩𐑒𐑦𐑤𐑦𐑪𐑯	1
fragment	eponymous	AJ0	RSSB	e-	𐑧-	ɪˈpɒnɪməs	𐑦𐑐𐑪𐑯𐑦𐑥𐑩𐑕	89
fragment	eponymous	AJ0	GenAm	e-	𐑧-	əˈpɒnəməs	𐑩𐑐𐑪𐑯𐑩𐑥𐑩𐑕	89
fragment	equation	NN1	RSSB	-ʃən	-𐑖𐑩𐑯	ɪˈkweɪʒən	𐑦𐑒𐑢𐑱𐑠𐑩𐑯	89
fragment	equinoctes	NN1	RSSB	ˌiː-	𐑰-	ˌekwɪˈnɒktiːz	𐑧𐑒𐑢𐑦𐑯𐑪𐑒𐑑𐑰𐑟	89
fragment	equinoctes	NN1	GenAm	ˈi-	𐑦-	ˌekwəˈnɒktiz	𐑧𐑒𐑢𐑩𐑯𐑪𐑒𐑑𐑦𐑟	89
fragment	equinox	NN1	RSSB	ˈiː-	𐑰-	ˈekwɪnɒks	𐑧𐑒𐑢𐑦𐑯𐑪𐑒𐑕	89
fragment	equinox	NN1	RSSB	ˌiː-	𐑰-	ˈekwɪnɒks	𐑧𐑒𐑢𐑦𐑯𐑪𐑒𐑕	89
fragment	equinox	NN1	GenAm	ˈi-	𐑦-	ˈekwəˌnɒks	𐑧𐑒𐑢𐑩𐑯𐑪𐑒𐑕	89
fragment	equinox	NN1	GenAm	ˌi-	𐑦-	ˈekwəˌnɒks	𐑧𐑒𐑢𐑩𐑯𐑪𐑒𐑕	89
fragment	erase	VVI	GenAm	i-	𐑦-	ɪˈreɪs	𐑦𐑮𐑱𐑕	1
fragment	erase	NN1	GenAm	i-	𐑦-	ɪˈreɪs	𐑦𐑮𐑱𐑕	1
fragment	Erdoğan	NP0	GenAm	ˈɜːRdə-	𐑻𐑛𐑩-	ˈerdəwɒn	𐑧𐑮𐑛𐑩𐑢𐑪𐑯	89
fragment	Erdoğan	NP0	GenAm	-wæn	-𐑢𐑨𐑯	ˈerdəwɒn	𐑧𐑮𐑛𐑩𐑢𐑪𐑯	1
fragment	ergative	AJ0	GenAm	-tɪv	-𐑑𐑦𐑝	ˈɜːRɡətɪv	𐑻𐑜𐑩𐑑𐑦𐑝	1
fragment	ergative	NN1	GenAm	-tɪv	-𐑑𐑦𐑝	ˈɜːRɡətɪv	𐑻𐑜𐑩𐑑𐑦𐑝	1
fragment	escape	VVI	RSSB	ɪk-	𐑦𐑒-	ɪˈskeɪp	𐑦𐑕𐑒𐑱𐑐	89
fragment	escape	VVI	GenAm	ə-	𐑩-	ɪˈskeɪp	𐑦𐑕𐑒𐑱𐑐	89
fragment	escape	VVI	GenAm	e-	𐑧-	ɪˈskeɪp	𐑦𐑕𐑒𐑱𐑐	89
fragment	escape	VVI	GenAm	ek-	𐑧𐑒-	ɪˈskeɪp	𐑦𐑕𐑒𐑱𐑐	89
fragment	escape	NN1	RSSB	ɪk-	𐑦𐑒-	ɪˈskeɪp	𐑦𐑕𐑒𐑱𐑐	89
fragment	escape	NN1	GenAm	ə-	𐑩-	ɪˈskeɪp	𐑦𐑕𐑒𐑱𐑐	89
fragment	escape	NN1	GenAm	e-	𐑧-	ɪˈskeɪp	𐑦𐑕𐑒𐑱𐑐	89
fragment	escape	NN1	GenAm	ek-	𐑧𐑒-	ɪˈskeɪp	𐑦𐑕𐑒𐑱𐑐	89
fragment	escarole	NN1	RSSB	-rɒl	-𐑮𐑪𐑤	eskərəʊl	𐑧𐑕𐑒𐑼𐑴𐑤	89
fragment	eschaton	NN1	RSSB	-tɒn	-𐑑𐑪𐑯			89
fragment	escudo	NN1	GenAm	e-	𐑧-	ɪˈskuːdoʊ	𐑦𐑕𐑒𐑵𐑛𐑴	89
fragment	esdragon	NN1	RSSB	-ɡən	-𐑜𐑩𐑯	ezdrəɡɒn	𐑧𐑟𐑛𐑮𐑩𐑜𐑪𐑯	1
fragment	espalier	NN1	RSSB	-pælieɪ	-𐑐𐑨𐑤𐑦𐑱	ɪspalɪəR	𐑦𐑕𐑐𐑨𐑤𐑽	1
fragment	espalier	NN1	RSSB	es-	𐑧𐑕-	ɪspalɪəR	𐑦𐑕𐑐𐑨𐑤𐑽	1
fragment	espalier	NN1	GenAm	-jeɪ	-𐑘𐑱	ɪˈspæljəR	𐑦𐑕𐑐𐑨𐑤𐑘𐑼	1
fragment	espalier	NN1	GenAm	esˈpæl-	𐑧𐑕𐑐𐑨𐑤-	ɪˈspæljəR	𐑦𐑕𐑐𐑨𐑤𐑘𐑼	1
fragment	espalier	VVI	RSSB	-pælieɪ	-𐑐𐑨𐑤𐑦𐑱	ɪspalɪəR	𐑦𐑕𐑐𐑨𐑤𐑽	1
fragment	espalier	VVI	RSSB	es-	𐑧𐑕-	ɪspalɪəR	𐑦𐑕𐑐𐑨𐑤𐑽	1
fragment	espalier	VVI	GenAm	-jeɪ	-𐑘𐑱	ɪˈspæljəR	𐑦𐑕𐑐𐑨𐑤𐑘𐑼	1
fragment	espalier	VVI	GenAm	esˈpæl-	𐑧𐑕𐑐𐑨𐑤-	ɪˈspæljəR	𐑦𐑕𐑐𐑨𐑤𐑘𐑼	1
fragment	espies	VVI	RSSB	e-	𐑧-	ɪˈspaɪz	𐑦𐑕𐑐𐑲𐑟	89
fragment	espies	VVI	GenAm	e-	𐑧-	əˈspaɪz	𐑩𐑕𐑐𐑲𐑟	89
fragment	espies	NN1	RSSB	e-	𐑧-	ɪˈspaɪz	𐑦𐑕𐑐𐑲𐑟	89
fragment	espies	NN1	GenAm	e-	𐑧-	əˈspaɪz	𐑩𐑕𐑐𐑲𐑟	89
fragment	espy	VVI	RSSB	e-	𐑧-	ɪˈspaɪ	𐑦𐑕𐑐𐑲	89
fragment	espy	VVI	GenAm	e-	𐑧-	əˈspaɪ	𐑩𐑕𐑐𐑲	89
fragment	espy	NN1	RSSB	e-	𐑧-	ɪˈspaɪ	𐑦𐑕𐑐𐑲	89
fragment	espy	NN1	GenAm	e-	𐑧-	əˈspaɪ	𐑩𐑕𐑐𐑲	89
fragment	Esthonian	AJ0	RSSB	-ˈsθəʊ-	-𐑕𐑔𐑴-	eˈstəʊniən	𐑧𐑕𐑑𐑴𐑯𐑦𐑩𐑯	89
fragment	Esthonian	AJ0	GenAm	-ˈsθoʊ-	-𐑕𐑔𐑴-	eˈstoʊniən	𐑧𐑕𐑑𐑴𐑯𐑦𐑩𐑯	89
fragment	Esthonian	NN1	RSSB	-ˈsθəʊ-	-𐑕𐑔𐑴-	eˈstəʊniən	𐑧𐑕𐑑𐑴𐑯𐑦𐑩𐑯	89
fragment	Esthonian	NN1	GenAm	-ˈsθoʊ-	-𐑕𐑔𐑴-	eˈstoʊniən	𐑧𐑕𐑑𐑴𐑯𐑦𐑩𐑯	89
fragment	Esthonian	NP0	RSSB	-ˈsθəʊ-	-𐑕𐑔𐑴-	eˈstəʊniən	𐑧𐑕𐑑𐑴𐑯𐑦𐑩𐑯	89
fragment	Esthonian	NP0	GenAm	-ˈsθoʊ-	-𐑕𐑔𐑴-	eˈstoʊniən	𐑧𐑕𐑑𐑴𐑯𐑦𐑩𐑯	89
fragment	estuarial	AJ0	RSSB	estʃʊ-	𐑧𐑕𐑗𐑫-	estjəeəriəl	𐑧𐑕𐑑𐑘𐑩𐑺𐑦𐑩𐑤	1
fragment	estuarian	AJ0	RSSB	estʃʊ-	𐑧𐑕𐑗𐑫-	estjəeəriən	𐑧𐑕𐑑𐑘𐑩𐑺𐑦𐑩𐑯	1
fragment	esurient	AJ0	RSSB	iː-	𐑰-	ɪsjəərɪənt	𐑦𐑕𐑘𐑩𐑼𐑾𐑯𐑑	1
fragment	esurient	AJ0	RSSB	e-	𐑧-	ɪsjəərɪənt	𐑦𐑕𐑘𐑩𐑼𐑾𐑯𐑑	1
fragment	esurient	AJ0	RSSB	ə-	𐑩-	ɪsjəərɪənt	𐑦𐑕𐑘𐑩𐑼𐑾𐑯𐑑	1
fragment	esurient	AJ0	GenAm	ə-	𐑩-	ɪˈsʊriənt	𐑦𐑕𐑫𐑮𐑦𐑩𐑯𐑑	1
fragment	esurient	AJ0	GenAm	-ˈzʊ-	-𐑟𐑫-	ɪˈsʊriənt	𐑦𐑕𐑫𐑮𐑦𐑩𐑯𐑑	1
fragment	esurient	NN1	RSSB	iː-	𐑰-	ɪsjəərɪənt	𐑦𐑕𐑘𐑩𐑼𐑾𐑯𐑑	1
fragment	esurient	NN1	RSSB	e-	𐑧-	ɪsjəərɪənt	𐑦𐑕𐑘𐑩𐑼𐑾𐑯𐑑	1
fragment	esurient	NN1	RSSB	ə-	𐑩-	ɪsjəərɪənt	𐑦𐑕𐑘𐑩𐑼𐑾𐑯𐑑	1
fragment	esurient	NN1	GenAm	ə-	𐑩-	ɪˈsʊriənt	𐑦𐑕𐑫𐑮𐑦𐑩𐑯𐑑	1
fragment	esurient	NN1	GenAm	-ˈzʊ-	-𐑟𐑫-	ɪˈsʊriənt	𐑦𐑕𐑫𐑮𐑦𐑩𐑯𐑑	1
fragment	Eurafrican	AJ0	GenAm	jə-	𐑘𐑩-	jəˈræfrəkən	𐑘𐑼𐑨𐑓𐑮𐑩𐑒𐑩𐑯	1
fragment	Eurafrican	NN1	GenAm	jə-	𐑘𐑩-	jəˈræfrəkən	𐑘𐑼𐑨𐑓𐑮𐑩𐑒𐑩𐑯	1
fragment	Euroafrican	AJ0	RSSB	jɔː-	𐑘𐑷-	jəərəʊæfrɪkən	𐑘𐑫𐑼𐑴𐑨𐑓𐑮𐑦𐑒𐑩𐑯	1
fragment	Euroafrican	AJ0	GenAm	jə-	𐑘𐑩-	jəroʊˈæfrəkən	𐑘𐑼𐑴𐑨𐑓𐑮𐑩𐑒𐑩𐑯	1
fragment	Euroafrican	NN1	RSSB	jɔː-	𐑘𐑷-	jəərəʊæfrɪkən	𐑘𐑫𐑼𐑴𐑨𐑓𐑮𐑦𐑒𐑩𐑯	1
fragment	Euroafrican	NN1	GenAm	jə-	𐑘𐑩-	jəroʊˈæfrəkən	𐑘𐑼𐑴𐑨𐑓𐑮𐑩𐑒𐑩𐑯	1
fragment	evanescent	AJ0	RSSB	iːvə-	𐑰𐑝𐑩-	evəˈnesənt	𐑧𐑝𐑩𐑯𐑧𐑕𐑩𐑯𐑑	89
fragment	event	NN1	GenAm	i-	𐑦-	ɪˈvent	𐑦𐑝𐑧𐑯𐑑	89
fragment	event	NN1	GenAm	ə-	𐑩-	ɪˈvent	𐑦𐑝𐑧𐑯𐑑	89
fragment	event	VVI	GenAm	i-	𐑦-	ɪˈvent	𐑦𐑝𐑧𐑯𐑑	89
fragment	event	VVI	GenAm	ə-	𐑩-	ɪˈvent	𐑦𐑝𐑧𐑯𐑑	89
fragment	event horizon	NN1	GenAm	-zɪn	-𐑟𐑦𐑯	əˈvent həˈraɪzən	𐑩𐑝𐑧𐑯𐑑 𐑣𐑼𐑲𐑟𐑩𐑯	1
fragment	event horizon	NN1	GenAm	əˈven -	𐑩𐑝𐑧𐑯 -	əˈvent həˈraɪzən	𐑩𐑝𐑧𐑯𐑑 𐑣𐑼𐑲𐑟𐑩𐑯	1
fragment	evential	AJ0	GenAm	ə-	𐑩-	ɪˈventʃəl	𐑦𐑝𐑧𐑯𐑗𐑩𐑤	89
fragment	events	NN1	GenAm	i-	𐑦-	ɪˈvents	𐑦𐑝𐑧𐑯𐑑𐑕	89
fragment	events	VVI	GenAm	i-	𐑦-	ɪˈvents	𐑦𐑝𐑧𐑯𐑑𐑕	89
fragment	eventual	AJ0	RSSB	ə-	𐑩-	ɪˈventʃəl	𐑦𐑝𐑧𐑯𐑗𐑩𐑤	89
fragment	eventual	AJ0	GenAm	ə-	𐑩-	ɪˈventʃuəl	𐑦𐑝𐑧𐑯𐑗𐑫𐑩𐑤	89
fragment	ever after	AV0	RSSB	-æf-	-𐑨𐑓-	evərɑːftəR	𐑧𐑝𐑼𐑭𐑓𐑑𐑼	1
fragment	everlasting	AJ0	RSSB	-læst-	-𐑤𐑨𐑕𐑑-	evəRlɑːstɪŋ	𐑧𐑝𐑼𐑤𐑭𐑕𐑑𐑦𐑙	1
fragment	everlasting	AV0	RSSB	-læst-	-𐑤𐑨𐑕𐑑-	evəRlɑːstɪŋ	𐑧𐑝𐑼𐑤𐑭𐑕𐑑𐑦𐑙	1
fragment	everlasting	NN1	RSSB	-læst-	-𐑤𐑨𐑕𐑑-	evəRlɑːstɪŋ	𐑧𐑝𐑼𐑤𐑭𐑕𐑑𐑦𐑙	1
fragment	evert	VVI	GenAm	ə-	𐑩-	iˈvɜːRt	𐑦𐑝𐑻𐑑	1
fragment	everybody	PNP	RSSB	-bə-	-𐑚𐑩-	evriɪbɒdi	𐑧𐑝𐑮𐑦𐑦𐑚𐑪𐑛𐑦	1
fragment	everybody	PNP	GenAm	-vrə-	-𐑝𐑮𐑩-	ˈevriˌbədi	𐑧𐑝𐑮𐑦𐑚𐑩𐑛𐑦	89
fragment	everybody and their dog	PNP	RSSB	-bə-	-𐑚𐑩-	evriɪbɒdi ən ðɜːR dɒɡ	𐑧𐑝𐑮𐑦𐑦𐑚𐑪𐑛𐑦 𐑩𐑯 𐑞𐑻 𐑛𐑪𐑜	1
fragment	everybody and their dog	PNP	GenAm	-ˌbədi-	-𐑚𐑩𐑛𐑦-			1
fragment	evil eye	NN1	RSSB	ˌiːvɪl-	𐑰𐑝𐑦𐑤-	ˌiːvəlˈaɪ	𐑰𐑝𐑩𐑤𐑲	89
fragment	evitable	AJ0	GenAm	-tə-	-𐑑𐑩-	ˈevɪtəbəl	𐑧𐑝𐑦𐑑𐑩𐑚𐑩𐑤	89
fragment	evolution	NN1	GenAm	ˌivə-	𐑦𐑝𐑩-	ˌevəˈluʃən	𐑧𐑝𐑩𐑤𐑫𐑖𐑩𐑯	89
fragment	evolve	VVI	GenAm	-ˈvɒlv	-𐑝𐑪𐑤𐑝	ɪˈvɒlv	𐑦𐑝𐑪𐑤𐑝	89
fragment	evolve	VVI	GenAm	iˈ-	𐑦-	ɪˈvɒlv	𐑦𐑝𐑪𐑤𐑝	89
fragment	ewphoria	NN1	RSSB	iːuː-	𐑰𐑵-	juːfɔːriə	𐑿𐑓𐑹𐑦𐑩	1
fragment	ewphoria	NN1	GenAm	ˌiːuː-	𐑰𐑵-	juˈforiə	𐑘𐑫𐑓𐑪𐑮𐑦𐑩	1
fragment	ex nihilo	UNC	RSSB	-ˈnaɪ-	-𐑯𐑲-	eks ˈniːəˌləʊ	𐑧𐑒𐑕 𐑯𐑰𐑩𐑤𐑴	89
fragment	ex nihilo	UNC	GenAm	-ˈnaɪ-	-𐑯𐑲-	eks ˈniːəˌləʊ	𐑧𐑒𐑕 𐑯𐑰𐑩𐑤𐑴	89
fragment	ex nihilo	UNC	RSSB	-ˈnɪ-	-𐑯𐑦-	eks ˈniːəˌləʊ	𐑧𐑒𐑕 𐑯𐑰𐑩𐑤𐑴	89
fragment	ex nihilo	UNC	GenAm	-ˈnɪ-	-𐑯𐑦-	eks ˈniːəˌləʊ	𐑧𐑒𐑕 𐑯𐑰𐑩𐑤𐑴	89
fragment	exacerbate	VVI	RSSB	ɪksæs-	𐑦𐑒𐑕𐑨𐑕-	ɪɡzæsəRbeɪt	𐑦𐑜𐑟𐑨𐑕𐑼𐑚𐑱𐑑	1
fragment	exacerbation	NN1	RSSB	ɪksæs-	𐑦𐑒𐑕𐑨𐑕-	ɪɡzæsəRbeɪʃən	𐑦𐑜𐑟𐑨𐑕𐑼𐑚𐑱𐑖𐑩𐑯	1
fragment	excelsior	AJ0	GenAm	ɪk-	𐑦𐑒-	ekˈselsiəR	𐑧𐑒𐑕𐑧𐑤𐑕𐑦𐑼	1
fragment	excelsior	ITJ	GenAm	ɪk-	𐑦𐑒-	ekˈselsiəR	𐑧𐑒𐑕𐑧𐑤𐑕𐑦𐑼	1
fragment	excelsior	NN1	GenAm	ɪk-	𐑦𐑒-	ekˈselsiəR	𐑧𐑒𐑕𐑧𐑤𐑕𐑦𐑼	1
fragment	exculpatory	AJ0	GenAm	ɪks-	𐑦𐑒𐑕-	eksˈkʌlpəˌtɔːRi	𐑧𐑒𐑕𐑒𐑳𐑤𐑐𐑩𐑑𐑹𐑦	1
fragment	exhibit	VVI	RSSB	eɡ-	𐑧𐑜-	ɪɡˈzɪbɪt	𐑦𐑜𐑟𐑦𐑚𐑦𐑑	89
fragment	exhibit	VVI	GenAm	eɡ-	𐑧𐑜-	ɪɡˈzɪbɪt	𐑦𐑜𐑟𐑦𐑚𐑦𐑑	89
fragment	exhibit	NN1	RSSB	eɡ-	𐑧𐑜-	ɪɡˈzɪbɪt	𐑦𐑜𐑟𐑦𐑚𐑦𐑑	89
fragment	exhibit	NN1	GenAm	eɡ-	𐑧𐑜-	ɪɡˈzɪbɪt	𐑦𐑜𐑟𐑦𐑚𐑦𐑑	89
fragment	Exhibit A	NN1	RSSB	eɡ-	𐑧𐑜-	ɪɡˈzɪbɪt ˌeɪ	𐑦𐑜𐑟𐑦𐑚𐑦𐑑 𐑱	89
fragment	exhilarate	VVI	RSSB	eɡ-	𐑧𐑜-	ɪɡzɪləreɪt	𐑦𐑜𐑟𐑦𐑤𐑼𐑱𐑑	1
fragment	exhilarate	VVI	GenAm	eɡ-	𐑧𐑜-	ɪɡˈzɪləˌreɪt	𐑦𐑜𐑟𐑦𐑤𐑼𐑱𐑑	1
fragment	exiguity	NN1	RSSB	ɪɡ-	𐑦𐑜-	eɡzɪˈɡjuːɪti	𐑧𐑜𐑟𐑦𐑜𐑿𐑦𐑑𐑦	89
fragment	existential	AJ0	GenAm	ˌeksɪ-	𐑧𐑒𐑕𐑦-	ˌeɡzɪˈstentʃəl	𐑧𐑜𐑟𐑦𐑕𐑑𐑧𐑯𐑗𐑩𐑤	89
fragment	existential	NN1	GenAm	ˌeksɪ-	𐑧𐑒𐑕𐑦-	ˌeɡzɪˈstentʃəl	𐑧𐑜𐑟𐑦𐑕𐑑𐑧𐑯𐑗𐑩𐑤	89
fragment	exonerate	VVI	RSSB	eɡ-	𐑧𐑜-	ɪɡzɒnəreɪt	𐑦𐑜𐑟𐑪𐑯𐑼𐑱𐑑	1
fragment	exonerate	VVI	GenAm	eɡ-	𐑧𐑜-	ɪɡˈzɒnəˌreɪt	𐑦𐑜𐑟𐑪𐑯𐑼𐑱𐑑	1
fragment	exonerate	AJ0	RSSB	eɡ-	𐑧𐑜-	ɪɡzɒnəreɪt	𐑦𐑜𐑟𐑪𐑯𐑼𐑱𐑑	1
fragment	exonerate	AJ0	GenAm	eɡ-	𐑧𐑜-	ɪɡˈzɒnəˌreɪt	𐑦𐑜𐑟𐑪𐑯𐑼𐑱𐑑	1
fragment	exploratory	AJ0	RSSB	ɪk-	𐑦𐑒-	eksplɒrəRtəri	𐑧𐑒𐑕𐑐𐑤𐑪𐑮𐑼𐑑𐑼𐑦	1
fragment	exploratory	AJ0	GenAm	ɪkˈ-	𐑦𐑒-	ekˈsplorəˌtori	𐑧𐑒𐑕𐑐𐑤𐑪𐑮𐑩𐑑𐑪𐑮𐑦	1
fragment	exploratory	NN1	RSSB	ɪk-	𐑦𐑒-	eksplɒrəRtəri	𐑧𐑒𐑕𐑐𐑤𐑪𐑮𐑼𐑑𐑼𐑦	1
fragment	exploratory	NN1	GenAm	ɪkˈ-	𐑦𐑒-	ekˈsplorəˌtori	𐑧𐑒𐑕𐑐𐑤𐑪𐑮𐑩𐑑𐑪𐑮𐑦	1
fragment	expository	AJ0	RSSB	ɪk-	𐑦𐑒-	ekspɒzɪtəri	𐑧𐑒𐑕𐑐𐑪𐑟𐑦𐑑𐑼𐑦	1
fragment	exsanguinate	VVI	RSSB	ɪk-	𐑦𐑒-	ekˈsæŋɡwɪneɪt	𐑧𐑒𐑕𐑨𐑙𐑜𐑢𐑦𐑯𐑱𐑑	89
fragment	extenuate	VVI	RSSB	ek-	𐑧𐑒-	ɪkˈstenjəeɪt	𐑦𐑒𐑕𐑑𐑧𐑯𐑘𐑫𐑱𐑑	89
fragment	extenuate	VVI	RSSB	-juː	-𐑿	ɪkˈstenjəeɪt	𐑦𐑒𐑕𐑑𐑧𐑯𐑘𐑫𐑱𐑑	89
fragment	extortion	NN1	RSSB	ek-	𐑧𐑒-	ɪkstɔːRʃən	𐑦𐑒𐑕𐑑𐑹𐑖𐑩𐑯	1
fragment	extortion	NN1	GenAm	ek-	𐑧𐑒-	ɪkˈstɔːRʃən	𐑦𐑒𐑕𐑑𐑹𐑖𐑩𐑯	1
fragment	extremities	NN1	RSSB	ek-	𐑧𐑒-	ɪkstremɪtiz	𐑦𐑒𐑕𐑑𐑮𐑧𐑥𐑦𐑑𐑦𐑟	1
fragment	extremities	NN1	GenAm	-tiz	-𐑑𐑦𐑟	ɪkˈstremətiz	𐑦𐑒𐑕𐑑𐑮𐑧𐑥𐑩𐑑𐑦𐑟	1
fragment	extremity	NN1	RSSB	ek-	𐑧𐑒-	ɪkstremɪti	𐑦𐑒𐑕𐑑𐑮𐑧𐑥𐑦𐑑𐑦	1
fragment	extremity	NN1	GenAm	-ti	-𐑑𐑦	ɪkˈstreməti	𐑦𐑒𐑕𐑑𐑮𐑧𐑥𐑩𐑑𐑦	1
fragment	Eötvös	NP0	GenAm	-vəs	-𐑝𐑩𐑕	ˈətvəʃ	𐑩𐑑𐑝𐑩𐑖	89
fragment	fachidiot	NN1	GenAm	ˈfɒx-	𐑓𐑪x-	ˈfɒkɪdiˌoʊt	𐑓𐑪𐑒𐑦𐑛𐑦𐑴𐑑	1
fragment	fachidiot	NN1	GenAm	-ɪdˌjoʊt	-𐑦𐑛𐑘𐑴𐑑	ˈfɒkɪdiˌoʊt	𐑓𐑪𐑒𐑦𐑛𐑦𐑴𐑑	89
fragment	facticity	NN1	GenAm	-ti	-𐑑𐑦	fækˈtɪsɪti	𐑓𐑨𐑒𐑑𐑦𐑕𐑦𐑑𐑦	89
fragment	fainaigue	VVI	RSSB	-ˈniːɡ	-𐑯𐑰𐑜	fəˈneɪɡ	𐑓𐑩𐑯𐑱𐑜	89
fragment	fainaigue	VVI	GenAm	-ˈniɡ	-𐑯𐑦𐑜	fəˈneɪɡ	𐑓𐑩𐑯𐑱𐑜	89
fragment	fair enough	UNC	RSSB	fɜːR-	𐑓𐑻-	feərɪnʌf	𐑓𐑺𐑦𐑯𐑳𐑓	89
fragment	fair enough	UNC	GenAm	-i-	-𐑦-	feəRɪˈnʌf	𐑓𐑺𐑦𐑯𐑳𐑓	1
fragment	fair enough	UNC	GenAm	-ə-	-𐑩-	feəRɪˈnʌf	𐑓𐑺𐑦𐑯𐑳𐑓	1
fragment	fair suck of the sauce bottle	NN1	RSSB	fɜːR-	𐑓𐑻-	feəR sʌk əRv ðə sɔːs bɒtəl	𐑓𐑺 𐑕𐑳𐑒 𐑼𐑝 𐑞𐑩 𐑕𐑷𐑕 𐑚𐑪𐑑𐑩𐑤	89
fragment	fair suck of the sauce bottle	NN1	GenAm	-ˈbɒtl	-𐑚𐑪𐑑𐑤	ˌfeəR ˈsʌk əv ðə ˈsɒs ˈbɒtəl	𐑓𐑺 𐑕𐑳𐑒 𐑩𐑝 𐑞𐑩 𐑕𐑪𐑕 𐑚𐑪𐑑𐑩𐑤	1
fragment	fair suck of the sauce bottle	ITJ	RSSB	fɜːR-	𐑓𐑻-	feəR sʌk əRv ðə sɔːs bɒtəl	𐑓𐑺 𐑕𐑳𐑒 𐑼𐑝 𐑞𐑩 𐑕𐑷𐑕 𐑚𐑪𐑑𐑩𐑤	89
fragment	fair suck of the sauce bottle	ITJ	GenAm	-ˈbɒtl	-𐑚𐑪𐑑𐑤	ˌfeəR ˈsʌk əv ðə ˈsɒs ˈbɒtəl	𐑓𐑺 𐑕𐑳𐑒 𐑩𐑝 𐑞𐑩 𐑕𐑪𐑕 𐑚𐑪𐑑𐑩𐑤	1
fragment	fairy nuff	ITJ	RSSB	fɜːR-	𐑓𐑻-	feərɪnʌf	𐑓𐑺𐑦𐑯𐑳𐑓	89
fragment	fairy nuff	ITJ	GenAm	-i-	-𐑦-	feəRɪˈnʌf	𐑓𐑺𐑦𐑯𐑳𐑓	1
fragment	fairy nuff	ITJ	GenAm	-ə-	-𐑩-	feəRɪˈnʌf	𐑓𐑺𐑦𐑯𐑳𐑓	1
fragment	false dichotomy	NN1	RSSB	fɒls-	𐑓𐑪𐑤𐑕-	ˌfɔːls daɪˈkɒtəmi	𐑓𐑷𐑤𐑕 𐑛𐑲𐑒𐑪𐑑𐑩𐑥𐑦	89
fragment	false dichotomy	NN1	GenAm	fɒls-	𐑓𐑪𐑤𐑕-	ˌfɒls daɪˈkɒtəmi	𐑓𐑪𐑤𐑕 𐑛𐑲𐑒𐑪𐑑𐑩𐑥𐑦	89
fragment	false dichotomy	NN1	RSSB	dɪ-	𐑛𐑦-	ˌfɔːls daɪˈkɒtəmi	𐑓𐑷𐑤𐑕 𐑛𐑲𐑒𐑪𐑑𐑩𐑥𐑦	89
fragment	false dichotomy	NN1	GenAm	-tə-	-𐑑𐑩-	ˌfɒls daɪˈkɒtəmi	𐑓𐑪𐑤𐑕 𐑛𐑲𐑒𐑪𐑑𐑩𐑥𐑦	89
fragment	false negative	NN1	GenAm	-tɪv	-𐑑𐑦𐑝	ˈfɒls ˈneɡətɪv	𐑓𐑪𐑤𐑕 𐑯𐑧𐑜𐑩𐑑𐑦𐑝	89
fragment	fantasia	NN1	RSSB	-ˈtɑː-	-𐑑𐑭-	fænˈteɪzɪə	𐑓𐑨𐑯𐑑𐑱𐑟𐑾	89
fragment	fascine	NN1	RSSB	fæ-	𐑓𐑨-	fəˈsiːn	𐑓𐑩𐑕𐑰𐑯	89
fragment	fascine	VVI	RSSB	fæ-	𐑓𐑨-	fəˈsiːn	𐑓𐑩𐑕𐑰𐑯	89
fragment	fascine knife	NN1	RSSB	fæ-	𐑓𐑨-	fəˈsiːn ˌnaɪf	𐑓𐑩𐑕𐑰𐑯 𐑯𐑲𐑓	89
fragment	fascine knives	NN1	RSSB	fæ-	𐑓𐑨-	fəˈsiːn ˌnaɪvz	𐑓𐑩𐑕𐑰𐑯 𐑯𐑲𐑝𐑟	89
fragment	fastness	NN1	RSSB	ˈfæst-	𐑓𐑨𐑕𐑑-	ˈfɑːstnəs	𐑓𐑭𐑕𐑑𐑯𐑩𐑕	89
fragment	fatality	NN1	GenAm	fə-	𐑓𐑩-	feɪˈtælɪti	𐑓𐑱𐑑𐑨𐑤𐑦𐑑𐑦	89
fragment	fatality	NN1	RSSB	feɪ-	𐑓𐑱-	fəˈtælɪtɪ	𐑓𐑩𐑑𐑨𐑤𐑦𐑑𐑦	89
fragment	fatawa	NN1	GenAm	ˈfɒt-	𐑓𐑪𐑑-	ˈfætɒwɒ	𐑓𐑨𐑑𐑪𐑢𐑪	89
fragment	fatawa	NN1	GenAm	ˈfət-	𐑓𐑩𐑑-	ˈfætɒwɒ	𐑓𐑨𐑑𐑪𐑢𐑪	89
fragment	fatwa	NN1	GenAm	ˈfɒt-	𐑓𐑪𐑑-	ˈfætwɒ	𐑓𐑨𐑑𐑢𐑪	89
fragment	fatwa	NN1	GenAm	ˈfət-	𐑓𐑩𐑑-	ˈfætwɒ	𐑓𐑨𐑑𐑢𐑪	89
fragment	fatwa	VVI	GenAm	ˈfɒt-	𐑓𐑪𐑑-	ˈfætwɒ	𐑓𐑨𐑑𐑢𐑪	89
fragment	fatwa	VVI	GenAm	ˈfət-	𐑓𐑩𐑑-	ˈfætwɒ	𐑓𐑨𐑑𐑢𐑪	89
fragment	Faustian bargain	NN1	RSSB	-ɡɪn	-𐑜𐑦𐑯	faʊstɪən bɑːRɡəRn	𐑓𐑬𐑕𐑑𐑾𐑯 𐑚𐑸𐑜𐑼𐑯	1
fragment	faute de mieux	AV0	RSSB	fɔːt-	𐑓𐑷𐑑-	fəʊt də ˈmjɜː	𐑓𐑴𐑑 𐑛𐑩 𐑥𐑘𐑻	89
fragment	faute de mieux	AV0	RSSB	-ˈmjø	-𐑥𐑘ø	fəʊt də ˈmjɜː	𐑓𐑴𐑑 𐑛𐑩 𐑥𐑘𐑻	1
fragment	faute de mieux	AV0	GenAm	-ˈmjər	-𐑥𐑘𐑼	foʊt də ˈmjər	𐑓𐑴𐑑 𐑛𐑩 𐑥𐑘𐑼	89
fragment	fauxstalgia	NN1	RSSB	-ˈstɑl-	-𐑕𐑑ɑ𐑤-	fəʊˈstældʒə	𐑓𐑴𐑕𐑑𐑨𐑤𐑡𐑩	1
fragment	fauxstalgia	NN1	GenAm	-ˈstɒl-	-𐑕𐑑𐑪𐑤-	foʊˈstældʒə	𐑓𐑴𐑕𐑑𐑨𐑤𐑡𐑩	89
fragment	fauxtato	NN1	RSSB	fə-	𐑓𐑩-	fəʊˈteɪtəʊ	𐑓𐑴𐑑𐑱𐑑𐑴	89
fragment	fauxtato	NN1	GenAm	fə-	𐑓𐑩-	foʊˈteɪtoʊ	𐑓𐑴𐑑𐑱𐑑𐑴	89
fragment	fauxtato	NN1	GenAm	-tə	-𐑑𐑩	foʊˈteɪtoʊ	𐑓𐑴𐑑𐑱𐑑𐑴	89
fragment	fauxtatoes	NN1	RSSB	fə-	𐑓𐑩-	fəʊˈteɪtəʊz	𐑓𐑴𐑑𐑱𐑑𐑴𐑟	89
fragment	fauxtatoes	NN1	GenAm	fə-	𐑓𐑩-	foʊˈteɪtoʊz	𐑓𐑴𐑑𐑱𐑑𐑴𐑟	89
fragment	fauxtatoes	NN1	GenAm	-təz	-𐑑𐑩𐑟	foʊˈteɪtoʊz	𐑓𐑴𐑑𐑱𐑑𐑴𐑟	89
fragment	faxlore	NN1	GenAm	-loʊr	-𐑤𐑴𐑮	ˈfækslɔːR	𐑓𐑨𐑒𐑕𐑤𐑹	89
fragment	Febronian	AJ0	RSSB	fə-	𐑓𐑩-	febrəʊniən	𐑓𐑧𐑚𐑮𐑴𐑯𐑦𐑩𐑯	1
fragment	Febronian	AJ0	GenAm	fəˈ-	𐑓𐑩-	feˈbroʊniən	𐑓𐑧𐑚𐑮𐑴𐑯𐑦𐑩𐑯	1
fragment	Febronian	NN1	RSSB	fə-	𐑓𐑩-	febrəʊniən	𐑓𐑧𐑚𐑮𐑴𐑯𐑦𐑩𐑯	1
fragment	Febronian	NN1	GenAm	fəˈ-	𐑓𐑩-	feˈbroʊniən	𐑓𐑧𐑚𐑮𐑴𐑯𐑦𐑩𐑯	1
fragment	felicity	NN1	GenAm	-ti	-𐑑𐑦	fəˈlɪsəti	𐑓𐑩𐑤𐑦𐑕𐑩𐑑𐑦	89
fragment	Ferdinand	NP0	GenAm	ˈfɜːRdən-	𐑓𐑻𐑛𐑩𐑯-	ˈfɜːRdənænd	𐑓𐑻𐑛𐑩𐑯𐑨𐑯𐑛	89
fragment	Ferdinand	NP0	RSSB	-nənd	-𐑯𐑩𐑯𐑛	fɜːRdɪnænd	𐑓𐑻𐑛𐑦𐑯𐑨𐑯𐑛	1
fragment	ferrule	NN1	RSSB	-ruːl	-𐑮𐑵𐑤	ferəl	𐑓𐑧𐑮𐑩𐑤	30
fragment	ferrule	VVI	RSSB	-ruːl	-𐑮𐑵𐑤	ferəl	𐑓𐑧𐑮𐑩𐑤	30
fragment	ferruled	AJ0	RSSB	-ruːld	-𐑮𐑵𐑤𐑛	ferəld	𐑓𐑧𐑮𐑩𐑤𐑛	30
fragment	ferruled	VVI	RSSB	-ruːld	-𐑮𐑵𐑤𐑛	ferəld	𐑓𐑧𐑮𐑩𐑤𐑛	30
fragment	fibrodysplasia ossificans progressiva	NN1	RSSB	-pleɪʒə-	-𐑐𐑤𐑱𐑠𐑩-	faɪbrəʊdɪspleɪzɪə ɒsɪfɪkɑːnz prəɡresɪvə	𐑓𐑲𐑚𐑮𐑴𐑛𐑦𐑕𐑐𐑤𐑱𐑟𐑾 𐑪𐑕𐑦𐑓𐑦𐑒𐑭𐑯𐑟 𐑐𐑮𐑩𐑜𐑮𐑧𐑕𐑦𐑝𐑩	1
fragment	fibrodysplasia ossificans progressiva	NN1	GenAm	-ˈpleɪziə-	-𐑐𐑤𐑱𐑟𐑦𐑩-	ˌfaɪbroʊdɪsˈpleɪʒiə ɒˈsɪfɪkænz prəˈɡresɪvə	𐑓𐑲𐑚𐑮𐑴𐑛𐑦𐑕𐑐𐑤𐑱𐑠𐑦𐑩 𐑪𐑕𐑦𐑓𐑦𐑒𐑨𐑯𐑟 𐑐𐑮𐑩𐑜𐑮𐑧𐑕𐑦𐑝𐑩	1
fragment	fibrodysplasia ossificans progressiva	NN1	GenAm	-proʊ-	-𐑐𐑮𐑴-	ˌfaɪbroʊdɪsˈpleɪʒiə ɒˈsɪfɪkænz prəˈɡresɪvə	𐑓𐑲𐑚𐑮𐑴𐑛𐑦𐑕𐑐𐑤𐑱𐑠𐑦𐑩 𐑪𐑕𐑦𐑓𐑦𐑒𐑨𐑯𐑟 𐑐𐑮𐑩𐑜𐑮𐑧𐑕𐑦𐑝𐑩	30
fragment	fichu	NN1	RSSB	ˈfiː-	𐑓𐑰-	ˈfɪʃjuː	𐑓𐑦𐑖𐑿	89
fragment	fichu	NN1	GenAm	ˈfi-	𐑓𐑦-	ˈfɪʃjuː	𐑓𐑦𐑖𐑿	89
fragment	fictosexual	AJ0	RSSB	-sjuːəl	-𐑕𐑿𐑩𐑤	ˌfɪktəˈsekʃuːəl	𐑓𐑦𐑒𐑑𐑩𐑕𐑧𐑒𐑖𐑵𐑩𐑤	89
fragment	fictosexual	AJ0	GenAm	-ʃəl	-𐑖𐑩𐑤	ˌfɪktəˈsekʃuəl	𐑓𐑦𐑒𐑑𐑩𐑕𐑧𐑒𐑖𐑫𐑩𐑤	89
fragment	fictosexual	NN1	RSSB	-sjuːəl	-𐑕𐑿𐑩𐑤	ˌfɪktəˈsekʃuːəl	𐑓𐑦𐑒𐑑𐑩𐑕𐑧𐑒𐑖𐑵𐑩𐑤	89
fragment	fictosexual	NN1	GenAm	-ʃəl	-𐑖𐑩𐑤	ˌfɪktəˈsekʃuəl	𐑓𐑦𐑒𐑑𐑩𐑕𐑧𐑒𐑖𐑫𐑩𐑤	89
fragment	fiducial	AJ0	RSSB	-ˈdʒuː-	-𐑡𐑵-	faɪˈdjuːʃɪəl	𐑓𐑲𐑛𐑿𐑖𐑾𐑤	89
fragment	fiducial	AJ0	RSSB	-uːsɪəl	-𐑵𐑕𐑾𐑤	faɪˈdjuːʃɪəl	𐑓𐑲𐑛𐑿𐑖𐑾𐑤	89
fragment	fiducial	NN1	RSSB	-ˈdʒuː-	-𐑡𐑵-	faɪˈdjuːʃɪəl	𐑓𐑲𐑛𐑿𐑖𐑾𐑤	89
fragment	fiducial	NN1	RSSB	-uːsɪəl	-𐑵𐑕𐑾𐑤	faɪˈdjuːʃɪəl	𐑓𐑲𐑛𐑿𐑖𐑾𐑤	89
fragment	fifth wheel	NN1	RSSB	-ˈwiːl	-𐑢𐑰𐑤	ˌfɪfθ ˈʍiːl	𐑓𐑦𐑓𐑔 𐑢𐑰𐑤	89
fragment	fifth wheel	NN1	GenAm	-ˈwil	-𐑢𐑦𐑤	ˌfɪfθ ˈʍil	𐑓𐑦𐑓𐑔 𐑢𐑦𐑤	89
fragment	final	NN1	GenAm	-nəl	-𐑯𐑩𐑤	ˈfaɪnəl	𐑓𐑲𐑯𐑩𐑤	89
fragment	final	AJ0	GenAm	-nəl	-𐑯𐑩𐑤	ˈfaɪnəl	𐑓𐑲𐑯𐑩𐑤	89
fragment	final	VVI	GenAm	-nəl	-𐑯𐑩𐑤	ˈfaɪnəl	𐑓𐑲𐑯𐑩𐑤	89
fragment	final whistle	NN1	RSSB	-ʍɪsəl	-𐑢𐑦𐑕𐑩𐑤	ˌfaɪnəl wɪsəl	𐑓𐑲𐑯𐑩𐑤 𐑢𐑦𐑕𐑩𐑤	89
fragment	final whistle	NN1	GenAm	-ʍɪsəl	-𐑢𐑦𐑕𐑩𐑤	ˌfaɪnəl wɪsəl	𐑓𐑲𐑯𐑩𐑤 𐑢𐑦𐑕𐑩𐑤	89
fragment	finesse	NN1	RSSB	fɨ-	𐑓ɨ-	fɪˈnes	𐑓𐑦𐑯𐑧𐑕	1
fragment	finesse	NN1	GenAm	fə-	𐑓𐑩-	fɪˈnes	𐑓𐑦𐑯𐑧𐑕	89
fragment	finesse	VVI	RSSB	fɨ-	𐑓ɨ-	fɪˈnes	𐑓𐑦𐑯𐑧𐑕	1
fragment	finesse	VVI	GenAm	fə-	𐑓𐑩-	fɪˈnes	𐑓𐑦𐑯𐑧𐑕	89
fragment	finial	NN1	RSSB	ˈfaɪ-	𐑓𐑲-	ˈfɪniəl	𐑓𐑦𐑯𐑦𐑩𐑤	89
fragment	fireball	NN1	GenAm	-ɒl	-𐑪𐑤	ˈfaɪərˌbɒl	𐑓𐑲𐑼𐑚𐑪𐑤	1
fragment	fireball	AJ0	GenAm	-ɒl	-𐑪𐑤	ˈfaɪərˌbɒl	𐑓𐑲𐑼𐑚𐑪𐑤	1
fragment	fireball	VVI	GenAm	-ɒl	-𐑪𐑤	ˈfaɪərˌbɒl	𐑓𐑲𐑼𐑚𐑪𐑤	1
fragment	fireballs	NN1	GenAm	-ɒlz	-𐑪𐑤𐑟	ˈfaɪərˌbɒlz	𐑓𐑲𐑼𐑚𐑪𐑤𐑟	1
fragment	fireballs	VVI	GenAm	-ɒlz	-𐑪𐑤𐑟	ˈfaɪərˌbɒlz	𐑓𐑲𐑼𐑚𐑪𐑤𐑟	1
fragment	fireman	NN1	GenAm	-ˌmæn	-𐑥𐑨𐑯	ˈfaɪrmən	𐑓𐑲𐑮𐑥𐑩𐑯	1
fragment	fitting	AJ0	GenAm	-tɪŋ	-𐑑𐑦𐑙	ˈfɪtɪŋ	𐑓𐑦𐑑𐑦𐑙	89
fragment	fitting	NN1	GenAm	-tɪŋ	-𐑑𐑦𐑙	ˈfɪtɪŋ	𐑓𐑦𐑑𐑦𐑙	89
fragment	fitting	VVI	GenAm	-tɪŋ	-𐑑𐑦𐑙	ˈfɪtɪŋ	𐑓𐑦𐑑𐑦𐑙	89
fragment	Flanderization	NN1	RSSB	-raɪ-	-𐑮𐑲-	flændərəRzeɪʃən	𐑓𐑤𐑨𐑯𐑛𐑼𐑼𐑟𐑱𐑖𐑩𐑯	89
fragment	Flanderization	NN1	GenAm	-ˌraɪ-	-𐑮𐑲-	ˌflændəRrəˈzeɪʃən	𐑓𐑤𐑨𐑯𐑛𐑼𐑮𐑩𐑟𐑱𐑖𐑩𐑯	89
fragment	flat-footed	AJ0	GenAm	-təd	-𐑑𐑩𐑛	ˈflætˌfʊtəd	𐑓𐑤𐑨𐑑𐑓𐑫𐑑𐑩𐑛	89
fragment	flat-footed	VVI	GenAm	-təd	-𐑑𐑩𐑛	ˈflætˌfʊtəd	𐑓𐑤𐑨𐑑𐑓𐑫𐑑𐑩𐑛	89
fragment	fleshpot	NN1	GenAm	-pɒt	-𐑐𐑪𐑑	ˈfleʃpɒt	𐑓𐑤𐑧𐑖𐑐𐑪𐑑	89
fragment	flexisexual	AJ0	GenAm	fleksə-	𐑓𐑤𐑧𐑒𐑕𐑩-	ˌfleksɪˈsekʃuəl	𐑓𐑤𐑧𐑒𐑕𐑦𐑕𐑧𐑒𐑖𐑫𐑩𐑤	89
fragment	flitting	NN1	GenAm	-tɪŋ	-𐑑𐑦𐑙	ˈflɪtɪŋ	𐑓𐑤𐑦𐑑𐑦𐑙	89
fragment	flitting	VVI	GenAm	-tɪŋ	-𐑑𐑦𐑙	ˈflɪtɪŋ	𐑓𐑤𐑦𐑑𐑦𐑙	89
fragment	flitting	AJ0	GenAm	-tɪŋ	-𐑑𐑦𐑙	ˈflɪtɪŋ	𐑓𐑤𐑦𐑑𐑦𐑙	89
fragment	floater	NN1	GenAm	-tər	-𐑑𐑼	ˈfloʊtər	𐑓𐑤𐑴𐑑𐑼	89
fragment	floaty	AJ0	GenAm	-ti	-𐑑𐑦	ˈfloʊti	𐑓𐑤𐑴𐑑𐑦	89
fragment	floaty	NN1	GenAm	-ti	-𐑑𐑦	ˈfloʊti	𐑓𐑤𐑴𐑑𐑦	89
fragment	fluorescence	NN1	GenAm	flɒ-	𐑓𐑤𐑪-	flʊˈresəns	𐑓𐑤𐑫𐑮𐑧𐑕𐑩𐑯𐑕	1
fragment	fluorescence	NN1	GenAm	floʊ-	𐑓𐑤𐑴-	flʊˈresəns	𐑓𐑤𐑫𐑮𐑧𐑕𐑩𐑯𐑕	1
fragment	fluorine	NN1	GenAm	-ɪn	-𐑦𐑯	ˈflʊərˌin	𐑓𐑤𐑫𐑼𐑦𐑯	1
fragment	flutter	VVI	GenAm	-təR	-𐑑𐑼	ˈflʌtəR	𐑓𐑤𐑳𐑑𐑼	89
fragment	flutter	NN1	GenAm	-təR	-𐑑𐑼	ˈflʌtəR	𐑓𐑤𐑳𐑑𐑼	89
fragment	flutter in the dovecote	NN1	GenAm	-təR-	-𐑑𐑼-	ˌflʌtəR ɪnðə ˈdʌvkɒt	𐑓𐑤𐑳𐑑𐑼 𐑦𐑯𐑞𐑩 𐑛𐑳𐑝𐑒𐑪𐑑	89
fragment	flutter the dovecote	VVI	GenAm	-təR-	-𐑑𐑼-	ˌflʌtəR ðə ˈdʌvkɒt	𐑓𐑤𐑳𐑑𐑼 𐑞𐑩 𐑛𐑳𐑝𐑒𐑪𐑑	89
fragment	foliate	AJ0	RSSB	-eɪt	-𐑱𐑑	ˈfəʊlieɪt	𐑓𐑴𐑤𐑦𐑱𐑑	89
fragment	foliate	AJ0	GenAm	-ˌeɪt	-𐑱𐑑	ˈfoʊliˌeɪt	𐑓𐑴𐑤𐑦𐑱𐑑	89
fragment	foot-in-mouth disease	NN1	GenAm	- dɪzˈiz	- 𐑛𐑦𐑟𐑦𐑟	ˈfʊtɪnˌmaʊθ dəzˈiz	𐑓𐑫𐑑𐑦𐑯𐑥𐑬𐑔 𐑛𐑩𐑟𐑦𐑟	89
fragment	foot-in-mouth disease	NN1	GenAm	ˈɸʊt-	ɸ𐑫𐑑-	ˈfʊtɪnˌmaʊθ dəzˈiz	𐑓𐑫𐑑𐑦𐑯𐑥𐑬𐑔 𐑛𐑩𐑟𐑦𐑟	1
fragment	footfall	NN1	GenAm	-ˌfɒl	-𐑓𐑪𐑤	ˈfʊtˌfɒl	𐑓𐑫𐑑𐑓𐑪𐑤	89
fragment	for good	UNC	RSSB	fɔːr-	𐑓𐑹-	fə ɡʊd	𐑓𐑩 𐑜𐑫𐑛	89
fragment	for good	UNC	GenAm	ˌfor-	𐑓𐑪𐑮-	fər ˈɡʊd	𐑓𐑼 𐑜𐑫𐑛	89
fragment	force majeure	NN1	RSSB	-məR-	-𐑥𐑼-	fɔːRs mæʒɜːR	𐑓𐑹𐑕 𐑥𐑨𐑠𐑻	30
fragment	ford	NN1	RSSB	-fəRd	-𐑓𐑼𐑛	fɔːRd	𐑓𐑹𐑛	89
fragment	ford	NN1	GenAm	-fəRd	-𐑓𐑼𐑛	fɔːRd	𐑓𐑹𐑛	89
fragment	ford	VVI	RSSB	-fəRd	-𐑓𐑼𐑛	fɔːRd	𐑓𐑹𐑛	89
fragment	ford	VVI	GenAm	-fəRd	-𐑓𐑼𐑛	fɔːRd	𐑓𐑹𐑛	89
fragment	forehold	VVI	RSSB	fə-	𐑓𐑩-	fɔːRhəʊld	𐑓𐑹𐑣𐑴𐑤𐑛	1
fragment	forehold	VVI	GenAm	fəR-	𐑓𐑼-	ˈfɔːRˌhoʊld	𐑓𐑹𐑣𐑴𐑤𐑛	89
fragment	foreholding	NN1	RSSB	fə-	𐑓𐑩-	fɔːRhəʊldɪŋ	𐑓𐑹𐑣𐑴𐑤𐑛𐑦𐑙	1
fragment	foreholding	NN1	GenAm	fəR-	𐑓𐑼-	fɔːRˈhoʊldɪŋ	𐑓𐑹𐑣𐑴𐑤𐑛𐑦𐑙	89
fragment	foreholding	VVI	RSSB	fə-	𐑓𐑩-	fɔːRhəʊldɪŋ	𐑓𐑹𐑣𐑴𐑤𐑛𐑦𐑙	1
fragment	foreholding	VVI	GenAm	fəR-	𐑓𐑼-	fɔːRˈhoʊldɪŋ	𐑓𐑹𐑣𐑴𐑤𐑛𐑦𐑙	89
fragment	foreshadowing	NN1	RSSB	fə-	𐑓𐑩-	fɔːRʃædəʊɪŋ	𐑓𐑹𐑖𐑨𐑛𐑴𐑦𐑙	1
fragment	foreshadowing	NN1	GenAm	fər-	𐑓𐑼-	fɔːRˈʃædoʊɪŋ	𐑓𐑹𐑖𐑨𐑛𐑴𐑦𐑙	89
fragment	foreshadowing	VVI	RSSB	fə-	𐑓𐑩-	fɔːRʃædəʊɪŋ	𐑓𐑹𐑖𐑨𐑛𐑴𐑦𐑙	1
fragment	foreshadowing	VVI	GenAm	fər-	𐑓𐑼-	fɔːRˈʃædoʊɪŋ	𐑓𐑹𐑖𐑨𐑛𐑴𐑦𐑙	89
fragment	forespeak	VVI	RSSB	fə-	𐑓𐑩-	fɔːRspiːk	𐑓𐑹𐑕𐑐𐑰𐑒	1
fragment	forespeak	VVI	GenAm	fəR-	𐑓𐑼-	fɔːRˈspik	𐑓𐑹𐑕𐑐𐑦𐑒	89
fragment	forfend	VVI	RSSB	fə-	𐑓𐑩-	fɔːRfend	𐑓𐑹𐑓𐑧𐑯𐑛	1
fragment	forgetty	AJ0	GenAm	-ti	-𐑑𐑦	fəRˈɡeti	𐑓𐑼𐑜𐑧𐑑𐑦	1
fragment	forgetty	NN1	GenAm	-ti	-𐑑𐑦	fəRˈɡeti	𐑓𐑼𐑜𐑧𐑑𐑦	1
fragment	forhold	VVI	RSSB	fə-	𐑓𐑩-	fɔːRhəʊld	𐑓𐑹𐑣𐑴𐑤𐑛	1
fragment	forhold	VVI	GenAm	fəR-	𐑓𐑼-	fɔːRˈhoʊld	𐑓𐑹𐑣𐑴𐑤𐑛	89
fragment	forlorn hope	NN1	RSSB	fɔːR-	𐑓𐑹-	fəRlɔːRn həʊp	𐑓𐑼𐑤𐑹𐑯 𐑣𐑴𐑐	30
fragment	formationally	AV0	RSSB	fə-	𐑓𐑩-	fɔːRmeɪʃənəli	𐑓𐑹𐑥𐑱𐑖𐑩𐑯𐑩𐑤𐑦	1
fragment	formative	AJ0	GenAm	-tɪv	-𐑑𐑦𐑝	ˈformətɪv	𐑓𐑪𐑮𐑥𐑩𐑑𐑦𐑝	1
fragment	formative	NN1	GenAm	-tɪv	-𐑑𐑦𐑝	ˈformətɪv	𐑓𐑪𐑮𐑥𐑩𐑑𐑦𐑝	1
fragment	forsake	VVI	RSSB	fə-	𐑓𐑩-	fɔːRseɪk	𐑓𐑹𐑕𐑱𐑒	1
fragment	forspeak	VVI	RSSB	fə-	𐑓𐑩-	fɔːRspiːk	𐑓𐑹𐑕𐑐𐑰𐑒	1
fragment	forspeak	VVI	GenAm	fəR-	𐑓𐑼-	fɔːRˈspik	𐑓𐑹𐑕𐑐𐑦𐑒	89
fragment	Fortean	NN1	GenAm	-tiən	-𐑑𐑦𐑩𐑯	ˈfɔːRtiən	𐑓𐑹𐑑𐑦𐑩𐑯	1
fragment	Fortean	AJ0	GenAm	-tiən	-𐑑𐑦𐑩𐑯	ˈfɔːRtiən	𐑓𐑹𐑑𐑦𐑩𐑯	1
fragment	forthwith	AV0	RSSB	-wɪθ	-𐑢𐑦𐑔	fɔːRθwɪð	𐑓𐑹𐑔𐑢𐑦𐑞	1
fragment	fortify	VVI	GenAm	-tə-	-𐑑𐑩-	ˈfɔːRtəˌfaɪ	𐑓𐑹𐑑𐑩𐑓𐑲	1
fragment	fortuitous	AJ0	GenAm	-ə-	-𐑩-	forˈtʃuɪtɪs	𐑓𐑪𐑮𐑗𐑫𐑦𐑑𐑦𐑕	1
fragment	fortuitous	AJ0	GenAm	-təs	-𐑑𐑩𐑕	forˈtʃuɪtɪs	𐑓𐑪𐑮𐑗𐑫𐑦𐑑𐑦𐑕	1
fragment	fortune	NN1	GenAm	-tʃən	-𐑗𐑩𐑯	ˈfortʃun	𐑓𐑪𐑮𐑗𐑫𐑯	1
fragment	fortune	VVI	GenAm	-tʃən	-𐑗𐑩𐑯	ˈfortʃun	𐑓𐑪𐑮𐑗𐑫𐑯	1
fragment	fortune teller	NN1	GenAm	-tʃən ˈteləR	-𐑗𐑩𐑯 𐑑𐑧𐑤𐑼	ˈfortʃun ˈteləR	𐑓𐑪𐑮𐑗𐑫𐑯 𐑑𐑧𐑤𐑼	30
fragment	foundress	NN1	RSSB	-ɪs	-𐑦𐑕	faʊndrəs	𐑓𐑬𐑯𐑛𐑮𐑩𐑕	1
fragment	Fourth of July	NP0	GenAm	-dʒu-	-𐑡𐑫-	ˌfɔːRθəv dʒəˈlaɪ	𐑓𐑹𐑔𐑩𐑝 𐑡𐑩𐑤𐑲	1
fragment	Fourth of July	NN1	GenAm	-dʒu-	-𐑡𐑫-	ˌfɔːRθəv dʒəˈlaɪ	𐑓𐑹𐑔𐑩𐑝 𐑡𐑩𐑤𐑲	1
fragment	Free City of Tri-Insula	NP0	GenAm	-ti-	-𐑑𐑦-	ˈfri ˌsɪti əv traɪˈɪnsjulə	𐑓𐑮𐑦 𐑕𐑦𐑑𐑦 𐑩𐑝 𐑑𐑮𐑲𐑦𐑯𐑕𐑘𐑫𐑤𐑩	1
fragment	frightfully	AV0	RSSB	-ɪ	-𐑦	fraɪtfəli	𐑓𐑮𐑲𐑑𐑓𐑩𐑤𐑦	1
fragment	frosty	AJ0	GenAm	ˈfrɒs-	𐑓𐑮𐑪𐑕-	ˈfrɒsti	𐑓𐑮𐑪𐑕𐑑𐑦	89
fragment	frotdog	NN1	GenAm	-dɒɡ	-𐑛𐑪𐑜	ˈfrɒtdɒɡ	𐑓𐑮𐑪𐑑𐑛𐑪𐑜	1
fragment	fruiterer	NN1	GenAm	-tə-	-𐑑𐑩-	ˈfrutərə	𐑓𐑮𐑫𐑑𐑼𐑩	1
fragment	full-throated	AJ0	GenAm	-təd	-𐑑𐑩𐑛	ˌfʊlˈθroʊtəd	𐑓𐑫𐑤𐑔𐑮𐑴𐑑𐑩𐑛	1
fragment	fulminate	VVI	GenAm	-əneɪt	-𐑩𐑯𐑱𐑑	ˈfʌlmɪneɪt	𐑓𐑳𐑤𐑥𐑦𐑯𐑱𐑑	89
fragment	fulminate	NN1	GenAm	-əneɪt	-𐑩𐑯𐑱𐑑	ˈfʌlmɪneɪt	𐑓𐑳𐑤𐑥𐑦𐑯𐑱𐑑	89
fragment	furibund	AJ0	RSSB	fjəəR-	𐑓𐑘𐑩𐑼-	fjərɪbʌnd	𐑓𐑘𐑼𐑦𐑚𐑳𐑯𐑛	89
fragment	furtive	AJ0	GenAm	-tɪv	-𐑑𐑦𐑝	ˈfɜːRtɪv	𐑓𐑻𐑑𐑦𐑝	1
fragment	Gaelic football	NN1	RSSB	ˌɡæ-	𐑜𐑨-	ˌɡeɪlɪk ˈfʊtbɔːl	𐑜𐑱𐑤𐑦𐑒 𐑓𐑫𐑑𐑚𐑷𐑤	89
fragment	Gaelic football	NN1	RSSB	-ˈfʊʔ-	-𐑓𐑫ʔ-	ˌɡeɪlɪk ˈfʊtbɔːl	𐑜𐑱𐑤𐑦𐑒 𐑓𐑫𐑑𐑚𐑷𐑤	1
fragment	Gaelic football	NN1	GenAm	-ˈfʊʔ-	-𐑓𐑫ʔ-	ˌɡeɪlɪk ˈfʊtbɒl	𐑜𐑱𐑤𐑦𐑒 𐑓𐑫𐑑𐑚𐑪𐑤	1
fragment	Galenical	AJ0	GenAm	-nə-	-𐑯𐑩-	ɡəˈlenɪkəl	𐑜𐑩𐑤𐑧𐑯𐑦𐑒𐑩𐑤	89
fragment	Galenical	NN1	GenAm	-nə-	-𐑯𐑩-	ɡəˈlenɪkəl	𐑜𐑩𐑤𐑧𐑯𐑦𐑒𐑩𐑤	89
fragment	Galton	NP0	RSSB	ˈɡɔːl-	𐑜𐑷𐑤-	ˈɡɒltən	𐑜𐑪𐑤𐑑𐑩𐑯	89
fragment	Galton	NP0	GenAm	ˈɡɒl-	𐑜𐑪𐑤-	ˈɡɒltən	𐑜𐑪𐑤𐑑𐑩𐑯	89
fragment	gamboge	NN1	RSSB	-ˈbəʊʒ	-𐑚𐑴𐑠	ɡæmˈbuːʒ	𐑜𐑨𐑥𐑚𐑵𐑠	89
fragment	gamboge	NN1	GenAm	-ˈboʊʒ	-𐑚𐑴𐑠	ɡæmˈbuʒ	𐑜𐑨𐑥𐑚𐑫𐑠	89
fragment	gamboge	AJ0	RSSB	-ˈbəʊʒ	-𐑚𐑴𐑠	ɡæmˈbuːʒ	𐑜𐑨𐑥𐑚𐑵𐑠	89
fragment	gamboge	AJ0	GenAm	-ˈboʊʒ	-𐑚𐑴𐑠	ɡæmˈbuʒ	𐑜𐑨𐑥𐑚𐑫𐑠	89
fragment	Gandhi	NP0	RSSB	ˈɡæ-	𐑜𐑨-	ˈɡɑːndi	𐑜𐑭𐑯𐑛𐑦	89
fragment	Gandhi	NN1	RSSB	ˈɡæ-	𐑜𐑨-	ˈɡɑːndi	𐑜𐑭𐑯𐑛𐑦	89
fragment	Gemonian	AJ0	RSSB	dʒɪˈ-	𐑡𐑦-	ɡɪˈməʊniən	𐑜𐑦𐑥𐑴𐑯𐑦𐑩𐑯	89
fragment	Gemonian	AJ0	GenAm	dʒəˈ-	𐑡𐑩-	ɡəˈmoʊniən	𐑜𐑩𐑥𐑴𐑯𐑦𐑩𐑯	89
fragment	gender identity	NN1	GenAm	-ɪti	-𐑦𐑑𐑦	ˈdʒendəR aɪˈdenəti	𐑡𐑧𐑯𐑛𐑼 𐑲𐑛𐑧𐑯𐑩𐑑𐑦	1
fragment	genial	AJ0	GenAm	-niəl	-𐑯𐑦𐑩𐑤	ˈdʒinjəl	𐑡𐑦𐑯𐑘𐑩𐑤	89
fragment	genial	AJ0	GenAm	-ˈniəl	-𐑯𐑦𐑩𐑤	ˈdʒinjəl	𐑡𐑦𐑯𐑘𐑩𐑤	89
fragment	genial	AJ0	RSSB	-ˈniːəl	-𐑯𐑰𐑩𐑤	ˈdʒiːnɪəl	𐑡𐑰𐑯𐑾𐑤	89
fragment	genian	AJ0	RSSB	-ˈniːən	-𐑯𐑰𐑩𐑯	dʒɪˈnʌɪən	𐑡𐑦𐑯𐑳𐑾𐑯	89
fragment	genian	AJ0	GenAm	-ˈniən	-𐑯𐑦𐑩𐑯	dʒəˈnaɪən	𐑡𐑩𐑯𐑲𐑩𐑯	89
fragment	gentlefolk	NN1	GenAm	ˈdʒet̃əl-	𐑡𐑧𐑑̃𐑩𐑤-	ˈdʒentəlˌfoʊk	𐑡𐑧𐑯𐑑𐑩𐑤𐑓𐑴𐑒	1
fragment	gentlefolks	NN1	GenAm	ˈdʒet̃əl-	𐑡𐑧𐑑̃𐑩𐑤-	ˈdʒentəlˌfoʊks	𐑡𐑧𐑯𐑑𐑩𐑤𐑓𐑴𐑒𐑕	1
fragment	gentlemen	NN1	GenAm	-en	-𐑧𐑯	dʒentəlmən	𐑡𐑧𐑯𐑑𐑩𐑤𐑥𐑩𐑯	89
fragment	geofence	NN1	RSSB	ˈdʒiːə-	𐑡𐑰𐑩-	ˈdʒiːəʊfens	𐑡𐑰𐑴𐑓𐑧𐑯𐑕	89
fragment	geofence	NN1	GenAm	ˈdʒiːə-	𐑡𐑰𐑩-	ˈdʒioʊfens	𐑡𐑦𐑴𐑓𐑧𐑯𐑕	89
fragment	geofence	VVI	RSSB	ˈdʒiːə-	𐑡𐑰𐑩-	ˈdʒiːəʊfens	𐑡𐑰𐑴𐑓𐑧𐑯𐑕	89
fragment	geofence	VVI	GenAm	ˈdʒiːə-	𐑡𐑰𐑩-	ˈdʒioʊfens	𐑡𐑦𐑴𐑓𐑧𐑯𐑕	89
fragment	geostrophic	AJ0	GenAm	-ˈstrɒfɪk	-𐑕𐑑𐑮𐑪𐑓𐑦𐑒	dʒɪəˈstroʊfɪk	𐑡𐑾𐑕𐑑𐑮𐑴𐑓𐑦𐑒	89
fragment	gerrymander	VVI	RSSB	ɡeri-	𐑜𐑧𐑮𐑦-	dʒerimændəR	𐑡𐑧𐑮𐑦𐑥𐑨𐑯𐑛𐑼	30
fragment	gerrymander	VVI	GenAm	ˈɡeri-	𐑜𐑧𐑮𐑦-	ˈdʒeriˌmændər	𐑡𐑧𐑮𐑦𐑥𐑨𐑯𐑛𐑼	30
fragment	gerrymander	NN1	RSSB	ɡeri-	𐑜𐑧𐑮𐑦-	dʒerimændəR	𐑡𐑧𐑮𐑦𐑥𐑨𐑯𐑛𐑼	30
fragment	gerrymander	NN1	GenAm	ˈɡeri-	𐑜𐑧𐑮𐑦-	ˈdʒeriˌmændər	𐑡𐑧𐑮𐑦𐑥𐑨𐑯𐑛𐑼	30
fragment	gestalt	NN1	RSSB	-ˈst-	-𐑕𐑑-	ɡəˈʃtælt	𐑜𐑩𐑖𐑑𐑨𐑤𐑑	89
fragment	getter	NN1	GenAm	-tər	-𐑑𐑼	ˈɡetər	𐑜𐑧𐑑𐑼	89
fragment	getter	VVI	GenAm	-tər	-𐑑𐑼	ˈɡetər	𐑜𐑧𐑑𐑼	89
fragment	getter-up	NN1	GenAm	-təR-	-𐑑𐑼-	ˌɡetəRˈʌp	𐑜𐑧𐑑𐑼𐑳𐑐	89
fragment	Gillian	NP0	GenAm	ˈɡɪl-	𐑜𐑦𐑤-	ˈdʒɪliən	𐑡𐑦𐑤𐑦𐑩𐑯	89
fragment	girlbulge	NN1	GenAm	-ˌbʊldʒ	-𐑚𐑫𐑤𐑡	ˈɡɜrlˌbʊldʒ	𐑜ɜ𐑮𐑤𐑚𐑫𐑤𐑡	1
fragment	girlcock	NN1	GenAm	-kɒk	-𐑒𐑪𐑒	ˈɡəRlˌkɒk	𐑜𐑼𐑤𐑒𐑪𐑒	1
fragment	gisarme	NN1	GenAm	ɡɪ-	𐑜𐑦-	ɡiˈzɑːRm	𐑜𐑦𐑟𐑸𐑥	1
fragment	glabrous	AJ0	RSSB	ɡlæ-	𐑜𐑤𐑨-	ɡleɪbrəs	𐑜𐑤𐑱𐑚𐑮𐑩𐑕	1
fragment	Glasgow	NP0	RSSB	ˈɡlæz-	𐑜𐑤𐑨𐑟-	ˈɡlɑːzɡəʊ	𐑜𐑤𐑭𐑟𐑜𐑴	89
fragment	Glasgow	NP0	RSSB	ˈɡlɑːs-	𐑜𐑤𐑭𐑕-	ˈɡlɑːzɡəʊ	𐑜𐑤𐑭𐑟𐑜𐑴	89
fragment	Glasgow	NP0	RSSB	ˈɡlæs-	𐑜𐑤𐑨𐑕-	ˈɡlɑːzɡəʊ	𐑜𐑤𐑭𐑟𐑜𐑴	89
fragment	glass ceiling	NN1	RSSB	ɡlæs-	𐑜𐑤𐑨𐑕-	ɡlɑːs ˈsiːlɪŋ	𐑜𐑤𐑭𐑕 𐑕𐑰𐑤𐑦𐑙	89
fragment	glossology	NN1	GenAm	ɡlɒ-	𐑜𐑤𐑪-	ɡlɒˈsɒlədʒi	𐑜𐑤𐑪𐑕𐑪𐑤𐑩𐑡𐑦	89
fragment	glutaric	AJ0	GenAm	-ˈtɑːR-	-𐑑𐑸-	ɡluˈtærɪk	𐑜𐑤𐑫𐑑𐑨𐑮𐑦𐑒	89
fragment	gnathochilarium	NN1	RSSB	næ-	𐑯𐑨-	neɪθəʊkaɪleəriəRm	𐑯𐑱𐑔𐑴𐑒𐑲𐑤𐑺𐑦𐑼𐑥	1
fragment	gnathochilarium	NN1	GenAm	ˌnæ-	𐑯𐑨-	ˌneɪθoʊˌkaɪˈleriəm	𐑯𐑱𐑔𐑴𐑒𐑲𐑤𐑧𐑮𐑦𐑩𐑥	1
fragment	go the whole hog	VVI	GenAm	-ˈhɒɡ	-𐑣𐑪𐑜	ˈɡoʊ ðə hoʊl ˈhɒɡ	𐑜𐑴 𐑞𐑩 𐑣𐑴𐑤 𐑣𐑪𐑜	89
fragment	goalpost	NN1	RSSB	ˈɡɔʊl-	𐑜𐑷𐑫𐑤-	ˈɡəʊlpəʊst	𐑜𐑴𐑤𐑐𐑴𐑕𐑑	89
fragment	gobo	NN1	RSSB	ˈɡɒ-	𐑜𐑪-	ˈɡəʊbəʊ	𐑜𐑴𐑚𐑴	89
fragment	goddess	NN1	RSSB	-ɪs	-𐑦𐑕	ˈɡɒdes	𐑜𐑪𐑛𐑧𐑕	89
fragment	goddess	NN1	GenAm	-es	-𐑧𐑕	ˈɡɒdəs	𐑜𐑪𐑛𐑩𐑕	89
fragment	Goldonian	AJ0	GenAm	ɡɒlˈ-	𐑜𐑪𐑤-	ɡɒlˈdoʊniən	𐑜𐑪𐑤𐑛𐑴𐑯𐑦𐑩𐑯	89
fragment	Goldonian	AJ0	GenAm	ɡoʊlˈ-	𐑜𐑴𐑤-	ɡɒlˈdoʊniən	𐑜𐑪𐑤𐑛𐑴𐑯𐑦𐑩𐑯	89
fragment	gonfalon	NN1	GenAm	-lən	-𐑤𐑩𐑯	ˈɡɑːnfəˌlɑːn	𐑜𐑭𐑯𐑓𐑩𐑤𐑭𐑯	89
fragment	gonnabe	NN1	RSSB	ˈɡʌn-	𐑜𐑳𐑯-	ˈɡənəbi	𐑜𐑩𐑯𐑩𐑚𐑦	89
fragment	gonnabe	NN1	RSSB	ˈɡɒn-	𐑜𐑪𐑯-	ˈɡənəbi	𐑜𐑩𐑯𐑩𐑚𐑦	89
fragment	gonnabe	NN1	GenAm	ˈɡɒn-	𐑜𐑪𐑯-	ˈɡʌnəbi	𐑜𐑳𐑯𐑩𐑚𐑦	89
fragment	gonnabe	NN1	GenAm	ˈɡən-	𐑜𐑩𐑯-	ˈɡʌnəbi	𐑜𐑳𐑯𐑩𐑚𐑦	89
fragment	good riddance to bad rubbish	ITJ	GenAm	-ˈrəbɪʃ	-𐑮𐑩𐑚𐑦𐑖	ˌɡʊd ˈrɪdns tə ˌbæd ˈrʌbɪʃ	𐑜𐑫𐑛 𐑮𐑦𐑛𐑯𐑕 𐑑𐑩 𐑚𐑨𐑛 𐑮𐑳𐑚𐑦𐑖	30
fragment	good riddance to bad rubbish	NN1	GenAm	-ˈrəbɪʃ	-𐑮𐑩𐑚𐑦𐑖	ˌɡʊd ˈrɪdns tə ˌbæd ˈrʌbɪʃ	𐑜𐑫𐑛 𐑮𐑦𐑛𐑯𐑕 𐑑𐑩 𐑚𐑨𐑛 𐑮𐑳𐑚𐑦𐑖	30
fragment	googolplex	CRD	RSSB	ˈɡuːɡɒl-	𐑜𐑵𐑜𐑪𐑤-	ˈɡuːɡəlpleks	𐑜𐑵𐑜𐑩𐑤𐑐𐑤𐑧𐑒𐑕	89
fragment	googolplex	CRD	GenAm	ˈɡuɡɒl-	𐑜𐑫𐑜𐑪𐑤-	ˈɡuɡəlpleks	𐑜𐑫𐑜𐑩𐑤𐑐𐑤𐑧𐑒𐑕	89
fragment	googolplexplex	CRD	RSSB	ˈɡuːɡɒl-	𐑜𐑵𐑜𐑪𐑤-	ˈɡuːɡəlplekspleks	𐑜𐑵𐑜𐑩𐑤𐑐𐑤𐑧𐑒𐑕𐑐𐑤𐑧𐑒𐑕	89
fragment	googolplexplex	CRD	GenAm	ˈɡuɡɒl-	𐑜𐑫𐑜𐑪𐑤-	ˈɡuɡəlplekspleks	𐑜𐑫𐑜𐑩𐑤𐑐𐑤𐑧𐑒𐑕𐑐𐑤𐑧𐑒𐑕	89
fragment	gourmandise	VVI	GenAm	ˈɡor-	𐑜𐑪𐑮-	ˈɡʊrməndaɪz	𐑜𐑫𐑮𐑥𐑩𐑯𐑛𐑲𐑟	89
fragment	gourmandise	VVI	GenAm	ˈɡɔːR-	𐑜𐑹-	ˈɡʊrməndaɪz	𐑜𐑫𐑮𐑥𐑩𐑯𐑛𐑲𐑟	89
fragment	gourmandise	VVI	RSSB	ɡɔːR-	𐑜𐑹-	ɡʊəRməRndaɪz	𐑜𐑫𐑼𐑥𐑼𐑯𐑛𐑲𐑟	89
fragment	gourmandise	NN1	GenAm	ˈɡor-	𐑜𐑪𐑮-	ˈɡʊrməndaɪz	𐑜𐑫𐑮𐑥𐑩𐑯𐑛𐑲𐑟	89
fragment	gourmandise	NN1	GenAm	ˈɡɔːR-	𐑜𐑹-	ˈɡʊrməndaɪz	𐑜𐑫𐑮𐑥𐑩𐑯𐑛𐑲𐑟	89
fragment	gourmandise	NN1	RSSB	ɡɔːR-	𐑜𐑹-	ɡʊəRməRndaɪz	𐑜𐑫𐑼𐑥𐑼𐑯𐑛𐑲𐑟	89
fragment	gracile	AJ0	RSSB	-sɪl	-𐑕𐑦𐑤	ɡræsaɪl	𐑜𐑮𐑨𐑕𐑲𐑤	1
fragment	grand seigneur	NN1	RSSB	-senjɜːR	-𐑕𐑧𐑯𐑘𐑻	ɡrɑn seɪnjɜːR	𐑜𐑮ɑ𐑯 𐑕𐑱𐑯𐑘𐑻	30
fragment	grand seigneur	NN1	GenAm	-senˈjəR	-𐑕𐑧𐑯𐑘𐑼	ˌɡrɒn seɪˈnjəR	𐑜𐑮𐑪𐑯 𐑕𐑱𐑯𐑘𐑼	30
fragment	grand seigneur	NN1	GenAm	-ˈjʊr	-𐑘𐑫𐑮	ˌɡrɒn seɪˈnjəR	𐑜𐑮𐑪𐑯 𐑕𐑱𐑯𐑘𐑼	30
fragment	grandcat	NN1	RSSB	-kat	-𐑒𐑨𐑑	ɡrændkæt	𐑜𐑮𐑨𐑯𐑛𐑒𐑨𐑑	1
fragment	grande dame	NN1	RSSB	ɡrɒnd-	𐑜𐑮𐑪𐑯𐑛-	ɡrɒ̃ dɑːm	𐑜𐑮𐑪̃ 𐑛𐑭𐑥	89
fragment	grande dame	NN1	GenAm	ˌɡrænd-	𐑜𐑮𐑨𐑯𐑛-	ˌɡrɒnd ˈdɒm	𐑜𐑮𐑪𐑯𐑛 𐑛𐑪𐑥	89
fragment	grandes dames	NN1	RSSB	ɡrɒnd-	𐑜𐑮𐑪𐑯𐑛-	ɡrɒ̃ dɑːm	𐑜𐑮𐑪̃ 𐑛𐑭𐑥	89
fragment	grandes dames	NN1	GenAm	ˌɡrænd-	𐑜𐑮𐑨𐑯𐑛-	ˌɡrɒnd ˈdɒm	𐑜𐑮𐑪𐑯𐑛 𐑛𐑪𐑥	89
fragment	graticule	NN1	GenAm	-tə-	-𐑑𐑩-	ˈɡrætəˌkjul	𐑜𐑮𐑨𐑑𐑩𐑒𐑘𐑫𐑤	1
fragment	gravamen	NN1	RSSB	-vɑː-	-𐑝𐑭-	ɡrəveɪmen	𐑜𐑮𐑩𐑝𐑱𐑥𐑧𐑯	1
fragment	gravamen	NN1	RSSB	-mən	-𐑥𐑩𐑯	ɡrəveɪmen	𐑜𐑮𐑩𐑝𐑱𐑥𐑧𐑯	1
fragment	gravamen	NN1	GenAm	-ˈvɒ-	-𐑝𐑪-	ˈɡrævəmen	𐑜𐑮𐑨𐑝𐑩𐑥𐑧𐑯	1
fragment	gravamen	NN1	GenAm	ˈɡrɒ-	𐑜𐑮𐑪-	ˈɡrævəmen	𐑜𐑮𐑨𐑝𐑩𐑥𐑧𐑯	89
fragment	gravity	NN1	GenAm	-ti	-𐑑𐑦	ˈɡrævəti	𐑜𐑮𐑨𐑝𐑩𐑑𐑦	1
fragment	green-ink letter	NN1	GenAm	-təR	-𐑑𐑼	ˌɡrinɪŋk ˈletəR	𐑜𐑮𐑦𐑯𐑦𐑙𐑒 𐑤𐑧𐑑𐑼	30
fragment	greige goods	NN1	RSSB	ɡreʒ-	𐑜𐑮𐑧𐑠-	ɡreɪʒ ɡʊdz	𐑜𐑮𐑱𐑠 𐑜𐑫𐑛𐑟	89
fragment	greige goods	NN1	GenAm	ɡreʒ-	𐑜𐑮𐑧𐑠-	ɡreɪʒ ˈɡʊdz	𐑜𐑮𐑱𐑠 𐑜𐑫𐑛𐑟	89
fragment	greige goods	NN1	GenAm	ɡreɪ-	𐑜𐑮𐑱-	ɡreɪʒ ˈɡʊdz	𐑜𐑮𐑱𐑠 𐑜𐑫𐑛𐑟	89
fragment	ground zero	NN1	GenAm	-ˈziˌroʊ	-𐑟𐑦𐑮𐑴	ˌɡraʊnd ˈzɪəRˌoʊ	𐑜𐑮𐑬𐑯𐑛 𐑟𐑽𐑴	30
fragment	groundhog	NN1	GenAm	-ˌhɒɡ	-𐑣𐑪𐑜	ˈɡraʊndˌhɒɡ	𐑜𐑮𐑬𐑯𐑛𐑣𐑪𐑜	1
fragment	groundhogese	NN1	GenAm	-ˌhɒɡ-	-𐑣𐑪𐑜-	ˌɡraʊndˌhɒɡˈiz	𐑜𐑮𐑬𐑯𐑛𐑣𐑪𐑜𐑦𐑟	1
fragment	guai lan	AJ0	GenAm	ˈkwaɪ-	𐑒𐑢𐑲-	ˈɡwaɪ ˈlɒn	𐑜𐑢𐑲 𐑤𐑪𐑯	89
fragment	guddle	VVI	GenAm	ˈɡə-	𐑜𐑩-	ˈɡʌdəl	𐑜𐑳𐑛𐑩𐑤	89
fragment	Guidonian	AJ0	GenAm	ɡwɪˈ-	𐑜𐑢𐑦-	ɡwiˈdoʊniən	𐑜𐑢𐑦𐑛𐑴𐑯𐑦𐑩𐑯	89
fragment	Guillain-Barré syndrome	NN1	GenAm	ɡiːˈɑːn-	𐑜𐑰𐑭𐑯-	ɡiːˈæn bəˈreɪ ˈsɪndroʊm	𐑜𐑰𐑨𐑯 𐑚𐑼𐑱 𐑕𐑦𐑯𐑛𐑮𐑴𐑥	1
fragment	Guillain-Barré syndrome	NN1	GenAm	-bɑːRˈeɪ-	-𐑚𐑸𐑱-	ɡiːˈæn bəˈreɪ ˈsɪndroʊm	𐑜𐑰𐑨𐑯 𐑚𐑼𐑱 𐑕𐑦𐑯𐑛𐑮𐑴𐑥	30
fragment	gulag	NN1	RSSB	-læɡ	-𐑤𐑨𐑜	ˈɡuːlɑɡ	𐑜𐑵𐑤ɑ𐑜	89
fragment	gulag	NN1	GenAm	-ˌlæɡ	-𐑤𐑨𐑜	ˈɡuˌlɒɡ	𐑜𐑫𐑤𐑪𐑜	89
fragment	gulag	VVI	RSSB	-læɡ	-𐑤𐑨𐑜	ˈɡuːlɑɡ	𐑜𐑵𐑤ɑ𐑜	89
fragment	gulag	VVI	GenAm	-ˌlæɡ	-𐑤𐑨𐑜	ˈɡuˌlɒɡ	𐑜𐑫𐑤𐑪𐑜	89
fragment	GULAG	NP0	RSSB	-læɡ	-𐑤𐑨𐑜	ˈɡuːlɑɡ	𐑜𐑵𐑤ɑ𐑜	89
fragment	GULAG	NP0	GenAm	-ˌlæɡ	-𐑤𐑨𐑜	ˈɡuˌlɒɡ	𐑜𐑫𐑤𐑪𐑜	89
fragment	GULAG	NN1	RSSB	-læɡ	-𐑤𐑨𐑜	ˈɡuːlɑɡ	𐑜𐑵𐑤ɑ𐑜	89
fragment	GULAG	NN1	GenAm	-ˌlæɡ	-𐑤𐑨𐑜	ˈɡuˌlɒɡ	𐑜𐑫𐑤𐑪𐑜	89
fragment	gunmetal	NN1	GenAm	-təl	-𐑑𐑩𐑤	ˈɡʌnmetəl	𐑜𐑳𐑯𐑥𐑧𐑑𐑩𐑤	89
fragment	Gunter's line	NN1	RSSB	ɡʊn-	𐑜𐑫𐑯-	ɡʌntəRz laɪn	𐑜𐑳𐑯𐑑𐑼𐑟 𐑤𐑲𐑯	1
fragment	Gunter's line	NN1	GenAm	-təRz-	-𐑑𐑼𐑟-	ˌɡʌntəRz ˈlaɪn	𐑜𐑳𐑯𐑑𐑼𐑟 𐑤𐑲𐑯	89
fragment	Gunter's scale	NN1	RSSB	ɡʊn-	𐑜𐑫𐑯-	ɡʌntəRz skeɪl	𐑜𐑳𐑯𐑑𐑼𐑟 𐑕𐑒𐑱𐑤	1
fragment	Gunter's scale	NN1	GenAm	-təRz-	-𐑑𐑼𐑟-	ˌɡʌntəRz ˈskeɪl	𐑜𐑳𐑯𐑑𐑼𐑟 𐑕𐑒𐑱𐑤	89
fragment	gurrier	NN1	RSSB	ɡəː-	𐑜𐑩ː-	ɡʌrɪəR	𐑜𐑳𐑮𐑽	1
fragment	Gutenberg	NP0	RSSB	ɡʊtəRn-	𐑜𐑫𐑑𐑼𐑯-	ɡuːtənbɜːRɡ	𐑜𐑵𐑑𐑩𐑯𐑚𐑻𐑜	89
fragment	guttle	VVI	GenAm	-təl	-𐑑𐑩𐑤	ˈɡʌtəl	𐑜𐑳𐑑𐑩𐑤	89
fragment	guttle	NN1	GenAm	-təl	-𐑑𐑩𐑤	ˈɡʌtəl	𐑜𐑳𐑑𐑩𐑤	89
fragment	gynarchy	NN1	RSSB	dʒaɪ-	𐑡𐑲-	ɡaɪnɑːRki	𐑜𐑲𐑯𐑸𐑒𐑦	1
fragment	gynecomastia	NN1	RSSB	-kə-	-𐑒𐑩-	ˌɡaɪnɪkəʊˈmæstɪə	𐑜𐑲𐑯𐑦𐑒𐑴𐑥𐑨𐑕𐑑𐑾	89
fragment	gynecomastia	NN1	GenAm	-kə-	-𐑒𐑩-	ˌɡaɪnɪkoʊˈmæstiə	𐑜𐑲𐑯𐑦𐑒𐑴𐑥𐑨𐑕𐑑𐑦𐑩	89
fragment	gynecomastia	NN1	GenAm	ˌdʒaɪ-	𐑡𐑲-	ˌɡaɪnɪkoʊˈmæstiə	𐑜𐑲𐑯𐑦𐑒𐑴𐑥𐑨𐑕𐑑𐑦𐑩	89
fragment	habitual	AJ0	RSSB	-tjə-	-𐑑𐑘𐑩-	həˈbɪtʃʊəl	𐑣𐑩𐑚𐑦𐑗𐑫𐑩𐑤	89
fragment	habitual	NN1	RSSB	-tjə-	-𐑑𐑘𐑩-	həˈbɪtʃʊəl	𐑣𐑩𐑚𐑦𐑗𐑫𐑩𐑤	89
fragment	haboob	NN1	RSSB	hə-	𐑣𐑩-	hæˈbuːb	𐑣𐑨𐑚𐑵𐑚	89
fragment	hagiographer	NN1	GenAm	ˌheɪɡi-	𐑣𐑱𐑜𐑦-	ˌhæɡiˈɒɡrəfəR	𐑣𐑨𐑜𐑦𐑪𐑜𐑮𐑩𐑓𐑼	1
fragment	hagiographer	NN1	GenAm	ˌheɪdʒi-	𐑣𐑱𐑡𐑦-	ˌhæɡiˈɒɡrəfəR	𐑣𐑨𐑜𐑦𐑪𐑜𐑮𐑩𐑓𐑼	1
fragment	Hainault	NP0	RSSB	-olt	-𐑪𐑤𐑑	heɪnɔlt	𐑣𐑱𐑯𐑷𐑤𐑑	89
fragment	haka	NN1	RSSB	ˈhæ-	𐑣𐑨-	ˈhɑːkə	𐑣𐑭𐑒𐑩	89
fragment	haka	NN1	GenAm	ˈhæ-	𐑣𐑨-	ˈhɒkə	𐑣𐑪𐑒𐑩	89
fragment	haka	VVI	RSSB	ˈhæ-	𐑣𐑨-	ˈhɑːkə	𐑣𐑭𐑒𐑩	89
fragment	haka	VVI	GenAm	ˈhæ-	𐑣𐑨-	ˈhɒkə	𐑣𐑪𐑒𐑩	89
fragment	haloperidol	NN1	RSSB	heɪləʊ-	𐑣𐑱𐑤𐑴-	hæləʊperɪdɒl	𐑣𐑨𐑤𐑴𐑐𐑧𐑮𐑦𐑛𐑪𐑤	1
fragment	handkerchief	NN1	RSSB	-tʃiːf	-𐑗𐑰𐑓	hæŋkəRtʃɪf	𐑣𐑨𐑙𐑒𐑼𐑗𐑦𐑓	1
fragment	handkerchief	NN1	GenAm	ˈheɪŋ-	𐑣𐑱𐑙-	ˈhæŋkərtʃəf	𐑣𐑨𐑙𐑒𐑼𐑗𐑩𐑓	1
fragment	handkerchief tree	NN1	RSSB	-tʃiːf-	-𐑗𐑰𐑓-	hæŋkəRtʃɪf triː	𐑣𐑨𐑙𐑒𐑼𐑗𐑦𐑓 𐑑𐑮𐑰	1
fragment	hantavirus	NN1	GenAm	ˈhænə-	𐑣𐑨𐑯𐑩-	ˈhæntəˌvaɪrəs	𐑣𐑨𐑯𐑑𐑩𐑝𐑲𐑮𐑩𐑕	1
fragment	happily ever after	AV0	RSSB	-æf-	-𐑨𐑓-	hæpɪli evərɑːftəR	𐑣𐑨𐑐𐑦𐑤𐑦 𐑧𐑝𐑼𐑭𐑓𐑑𐑼	1
fragment	happily ever after	NN1	RSSB	-æf-	-𐑨𐑓-	hæpɪli evərɑːftəR	𐑣𐑨𐑐𐑦𐑤𐑦 𐑧𐑝𐑼𐑭𐑓𐑑𐑼	1
fragment	Happisburgh	NP0	RSSB	-brə	-𐑚𐑮𐑩	heɪzbərə	𐑣𐑱𐑟𐑚𐑼𐑩	89
fragment	hard Brexit	NP0	GenAm	-breɡzɪt	-𐑚𐑮𐑧𐑜𐑟𐑦𐑑	ˈhɑːRd ˌbreksɪt	𐑣𐑸𐑛 𐑚𐑮𐑧𐑒𐑕𐑦𐑑	30
fragment	hard Brexit	NP0	RSSB	-breɡzɪt	-𐑚𐑮𐑧𐑜𐑟𐑦𐑑	hɑːRd breksɪt	𐑣𐑸𐑛 𐑚𐑮𐑧𐑒𐑕𐑦𐑑	30
fragment	Harrogatonian	NN1	RSSB	-ɡeɪ-	-𐑜𐑱-	hærəRɡətəʊniən	𐑣𐑨𐑮𐑼𐑜𐑩𐑑𐑴𐑯𐑦𐑩𐑯	1
fragment	Harrogatonian	NN1	GenAm	-ɡeɪˈ-	-𐑜𐑱-	ˌhærəɡəˈtoʊniən	𐑣𐑨𐑮𐑩𐑜𐑩𐑑𐑴𐑯𐑦𐑩𐑯	1
fragment	Harrogatonian	NN1	GenAm	ˌher-	𐑣𐑧𐑮-	ˌhærəɡəˈtoʊniən	𐑣𐑨𐑮𐑩𐑜𐑩𐑑𐑴𐑯𐑦𐑩𐑯	30
fragment	has-been	NN1	GenAm	-ben	-𐑚𐑧𐑯	ˈhæzbɪn	𐑣𐑨𐑟𐑚𐑦𐑯	89
fragment	has-been	AJ0	GenAm	-ben	-𐑚𐑧𐑯	ˈhæzbɪn	𐑣𐑨𐑟𐑚𐑦𐑯	89
fragment	hats off	ITJ	GenAm	-ˈɒf	-𐑪𐑓	hætsˈɒf	𐑣𐑨𐑑𐑕𐑪𐑓	89
fragment	hazardous	AJ0	GenAm	-dəs	-𐑛𐑩𐑕	ˈhæzəRdɪs	𐑣𐑨𐑟𐑼𐑛𐑦𐑕	1
fragment	heartland	NN1	RSSB	-lænd	-𐑤𐑨𐑯𐑛	hɑːRtlənd	𐑣𐑸𐑑𐑤𐑩𐑯𐑛	1
fragment	heartland	NN1	GenAm	-ˌlænd	-𐑤𐑨𐑯𐑛	ˈhɑːRtlənd	𐑣𐑸𐑑𐑤𐑩𐑯𐑛	1
fragment	heaven forfend	ITJ	RSSB	-fə-	-𐑓𐑩-	hevən fɔːRfend	𐑣𐑧𐑝𐑩𐑯 𐑓𐑹𐑓𐑧𐑯𐑛	1
fragment	hecatomb	NN1	RSSB	-tɒm	-𐑑𐑪𐑥	ˈhekətuːm	𐑣𐑧𐑒𐑩𐑑𐑵𐑥	89
fragment	hecatomb	VVI	RSSB	-tɒm	-𐑑𐑪𐑥	ˈhekətuːm	𐑣𐑧𐑒𐑩𐑑𐑵𐑥	89
fragment	heffalump	NN1	GenAm	-ˌləmp	-𐑤𐑩𐑥𐑐	ˈhefəˌlʌmp	𐑣𐑧𐑓𐑩𐑤𐑳𐑥𐑐	89
fragment	heliopause	NN1	RSSB	ˈhe-	𐑣𐑧-	ˈhiːliəpɔːz	𐑣𐑰𐑤𐑦𐑩𐑐𐑷𐑟	89
fragment	heliotrope	NN1	RSSB	he-	𐑣𐑧-	hiːliətrəʊp	𐑣𐑰𐑤𐑦𐑩𐑑𐑮𐑴𐑐	1
fragment	heliotrope	NN1	RSSB	-lɪəʊ-	-𐑤𐑾𐑫-	hiːliətrəʊp	𐑣𐑰𐑤𐑦𐑩𐑑𐑮𐑴𐑐	1
fragment	heliotrope	AJ0	RSSB	he-	𐑣𐑧-	hiːliətrəʊp	𐑣𐑰𐑤𐑦𐑩𐑑𐑮𐑴𐑐	1
fragment	heliotrope	AJ0	RSSB	-lɪəʊ-	-𐑤𐑾𐑫-	hiːliətrəʊp	𐑣𐑰𐑤𐑦𐑩𐑑𐑮𐑴𐑐	1
fragment	hello girl	NN1	RSSB	he-	𐑣𐑧-	hələʊ ɡɜːRl	𐑣𐑩𐑤𐑴 𐑜𐑻𐑤	1
fragment	hello girl	NN1	GenAm	hə-	𐑣𐑩-	heˈloʊ ˌɡɜːRl	𐑣𐑧𐑤𐑴 𐑜𐑻𐑤	1
fragment	helluo librorum	NN1	GenAm	-lə-	-𐑤𐑩-	ˌheljuoʊ lɪˈbrɒərəm	𐑣𐑧𐑤𐑘𐑫𐑴 𐑤𐑦𐑚𐑮𐑪𐑼𐑩𐑥	1
fragment	helluones librorum	NN1	GenAm	-lə-	-𐑤𐑩-	ˌheljuˈoʊniz lɪˈbrɒərəm	𐑣𐑧𐑤𐑘𐑫𐑴𐑯𐑦𐑟 𐑤𐑦𐑚𐑮𐑪𐑼𐑩𐑥	1
fragment	hemocytometer	NN1	GenAm	ˌhimə-	𐑣𐑦𐑥𐑩-	ˌhimoʊsaɪˈtɒmɪtəR	𐑣𐑦𐑥𐑴𐑕𐑲𐑑𐑪𐑥𐑦𐑑𐑼	1
fragment	hemostyptic	AJ0	GenAm	-moʊˈ-	-𐑥𐑴-	ˌhiməˈstɪptɪk	𐑣𐑦𐑥𐑩𐑕𐑑𐑦𐑐𐑑𐑦𐑒	89
fragment	Hephaestus	NP0	GenAm	-eɪstəs	-𐑱𐑕𐑑𐑩𐑕	hɪˈfestəs	𐑣𐑦𐑓𐑧𐑕𐑑𐑩𐑕	89
fragment	herd immunity	NN1	GenAm	-ti	-𐑑𐑦	ˈhəRd ɪˈmjunəti	𐑣𐑼𐑛 𐑦𐑥𐑘𐑫𐑯𐑩𐑑𐑦	1
fragment	Hermosa	NP0	GenAm	həR-	𐑣𐑼-	əRˈmoʊsə	𐑼𐑥𐑴𐑕𐑩	89
fragment	heterodont	AJ0	GenAm	ˈhetrə-	𐑣𐑧𐑑𐑮𐑩-	ˈhetərəˌdɒnt	𐑣𐑧𐑑𐑼𐑩𐑛𐑪𐑯𐑑	89
fragment	heterodont	AJ0	GenAm	-tərə-	-𐑑𐑼𐑩-	ˈhetərəˌdɒnt	𐑣𐑧𐑑𐑼𐑩𐑛𐑪𐑯𐑑	89
fragment	heterodont	AJ0	GenAm	-trə-	-𐑑𐑮𐑩-	ˈhetərəˌdɒnt	𐑣𐑧𐑑𐑼𐑩𐑛𐑪𐑯𐑑	89
fragment	heterodont	NN1	GenAm	ˈhetrə-	𐑣𐑧𐑑𐑮𐑩-	ˈhetərəˌdɒnt	𐑣𐑧𐑑𐑼𐑩𐑛𐑪𐑯𐑑	89
fragment	heterodont	NN1	GenAm	-tərə-	-𐑑𐑼𐑩-	ˈhetərəˌdɒnt	𐑣𐑧𐑑𐑼𐑩𐑛𐑪𐑯𐑑	89
fragment	heterodont	NN1	GenAm	-trə-	-𐑑𐑮𐑩-	ˈhetərəˌdɒnt	𐑣𐑧𐑑𐑼𐑩𐑛𐑪𐑯𐑑	89
fragment	heterotroph	NN1	GenAm	-ˌtrɒf	-𐑑𐑮𐑪𐑓	ˈhetərəˌtroʊf	𐑣𐑧𐑑𐑼𐑩𐑑𐑮𐑴𐑓	30
fragment	hexose	NN1	RSSB	-səʊz	-𐑕𐑴𐑟	ˈheksəʊs	𐑣𐑧𐑒𐑕𐑴𐑕	89
fragment	historiosophic	AJ0	RSSB	-stɒr-	-𐑕𐑑𐑪𐑮-	hɪstɔːriəsɒfɪk	𐑣𐑦𐑕𐑑𐑹𐑦𐑩𐑕𐑪𐑓𐑦𐑒	89
fragment	historiosophy	NN1	RSSB	-stɒr-	-𐑕𐑑𐑪𐑮-	hɪstɔːriɒsəfi	𐑣𐑦𐑕𐑑𐑹𐑦𐑪𐑕𐑩𐑓𐑦	89
fragment	hither and thither	AV0	RSSB	-θɪðəR	-𐑔𐑦𐑞𐑼	hɪðərəRn ðɪðəR	𐑣𐑦𐑞𐑼𐑼𐑯 𐑞𐑦𐑞𐑼	30
fragment	hither and thither	AV0	GenAm	-ˈθɪðəR	-𐑔𐑦𐑞𐑼	ˌhɪðəRən ˈðɪðəR	𐑣𐑦𐑞𐑼𐑩𐑯 𐑞𐑦𐑞𐑼	30
fragment	hither and thither	VVI	RSSB	-θɪðəR	-𐑔𐑦𐑞𐑼	hɪðərəRn ðɪðəR	𐑣𐑦𐑞𐑼𐑼𐑯 𐑞𐑦𐑞𐑼	30
fragment	hither and thither	VVI	GenAm	-ˈθɪðəR	-𐑔𐑦𐑞𐑼	ˌhɪðəRən ˈðɪðəR	𐑣𐑦𐑞𐑼𐑩𐑯 𐑞𐑦𐑞𐑼	30
fragment	hocus-pocus	ITJ	GenAm	-kɪs	-𐑒𐑦𐑕	ˌhoʊkəs ˈpoʊkəs	𐑣𐑴𐑒𐑩𐑕 𐑐𐑴𐑒𐑩𐑕	89
fragment	hocus-pocus	NN1	GenAm	-kɪs	-𐑒𐑦𐑕	ˌhoʊkəs ˈpoʊkəs	𐑣𐑴𐑒𐑩𐑕 𐑐𐑴𐑒𐑩𐑕	89
fragment	hocus-pocus	VVI	GenAm	-kɪs	-𐑒𐑦𐑕	ˌhoʊkəs ˈpoʊkəs	𐑣𐑴𐑒𐑩𐑕 𐑐𐑴𐑒𐑩𐑕	89
fragment	hodiernal	AJ0	RSSB	hɒ-	𐑣𐑪-	həʊdiɜːRnəl	𐑣𐑴𐑛𐑦𐑻𐑯𐑩𐑤	1
fragment	hodiernal	AJ0	GenAm	hɒ-	𐑣𐑪-	hoʊˈdiərnəl	𐑣𐑴𐑛𐑦𐑼𐑯𐑩𐑤	1
fragment	hodophobic	AJ0	GenAm	-doʊ-	-𐑛𐑴-	ˌhɒdəˈfoʊbɪk	𐑣𐑪𐑛𐑩𐑓𐑴𐑚𐑦𐑒	89
fragment	hogshead	NN1	GenAm	ˈhɒɡz-	𐑣𐑪𐑜𐑟-	ˈhɒɡzˌhed	𐑣𐑪𐑜𐑟𐑣𐑧𐑛	89
fragment	holocaust	NN1	GenAm	ˈhoʊlə-	𐑣𐑴𐑤𐑩-	ˈhɒləˌkɒst	𐑣𐑪𐑤𐑩𐑒𐑪𐑕𐑑	89
fragment	holocaust	VVI	GenAm	ˈhoʊlə-	𐑣𐑴𐑤𐑩-	ˈhɒləˌkɒst	𐑣𐑪𐑤𐑩𐑒𐑪𐑕𐑑	89
fragment	holy water	NN1	GenAm	-tər	-𐑑𐑼	ˈhoʊli ˌwɒtər	𐑣𐑴𐑤𐑦 𐑢𐑪𐑑𐑼	89
fragment	holy water	NN1	GenAm	-ˌwɒtər	-𐑢𐑪𐑑𐑼	ˈhoʊli ˌwɒtər	𐑣𐑴𐑤𐑦 𐑢𐑪𐑑𐑼	89
fragment	holy water sprinkler	NN1	RSSB	-sprɪŋkəRləR	-𐑕𐑐𐑮𐑦𐑙𐑒𐑼𐑤𐑼	həʊli wɔːtəR sprɪŋkləR	𐑣𐑴𐑤𐑦 𐑢𐑷𐑑𐑼 𐑕𐑐𐑮𐑦𐑙𐑒𐑤𐑼	89
fragment	holy water sprinkler	NN1	GenAm	-tər-	-𐑑𐑼-	ˈhoʊli ˌwɒtər ˈsprɪŋkələr	𐑣𐑴𐑤𐑦 𐑢𐑪𐑑𐑼 𐑕𐑐𐑮𐑦𐑙𐑒𐑩𐑤𐑼	30
fragment	holy water sprinkler	NN1	GenAm	-ˌwɒtər-	-𐑢𐑪𐑑𐑼-	ˈhoʊli ˌwɒtər ˈsprɪŋkələr	𐑣𐑴𐑤𐑦 𐑢𐑪𐑑𐑼 𐑕𐑐𐑮𐑦𐑙𐑒𐑩𐑤𐑼	30
fragment	holy-water sprinkle	NN1	GenAm	-tər-	-𐑑𐑼-	ˈhoʊliˌwɒtər ˈsprɪŋkəl	𐑣𐑴𐑤𐑦𐑢𐑪𐑑𐑼 𐑕𐑐𐑮𐑦𐑙𐑒𐑩𐑤	30
fragment	holy-water sprinkle	NN1	GenAm	-ˌwɒtər-	-𐑢𐑪𐑑𐑼-	ˈhoʊliˌwɒtər ˈsprɪŋkəl	𐑣𐑴𐑤𐑦𐑢𐑪𐑑𐑼 𐑕𐑐𐑮𐑦𐑙𐑒𐑩𐑤	30
fragment	hombre	NN1	RSSB	-bri	-𐑚𐑮𐑦	ɒmbreɪ	𐑪𐑥𐑚𐑮𐑱	89
fragment	hombre	NN1	GenAm	-bri	-𐑚𐑮𐑦	ˈɒmbreɪ	𐑪𐑥𐑚𐑮𐑱	89
fragment	homo Aristophaneus	NN1	RSSB	həʊ-	𐑣𐑴-	hɒməʊ ærɪstɒfəniːəs	𐑣𐑪𐑥𐑴 𐑨𐑮𐑦𐑕𐑑𐑪𐑓𐑩𐑯𐑰𐑩𐑕	1
fragment	homo Aristophaneus	NN1	GenAm	ˈhoʊ-	𐑣𐑴-	ˈhɒmoʊ ærɪsˌtɒfəˈniəs	𐑣𐑪𐑥𐑴 𐑨𐑮𐑦𐑕𐑑𐑪𐑓𐑩𐑯𐑦𐑩𐑕	1
fragment	homogeneous	AJ0	GenAm	ˌhoʊmə-	𐑣𐑴𐑥𐑩-	ˌhoʊmoʊˈdʒiniəs	𐑣𐑴𐑥𐑴𐑡𐑦𐑯𐑦𐑩𐑕	89
fragment	homogeneous	AJ0	GenAm	-ˈdʒe-	-𐑡𐑧-	ˌhoʊmoʊˈdʒiniəs	𐑣𐑴𐑥𐑴𐑡𐑦𐑯𐑦𐑩𐑕	89
fragment	homogeneous	AJ0	GenAm	-njəs	-𐑯𐑘𐑩𐑕	ˌhoʊmoʊˈdʒiniəs	𐑣𐑴𐑥𐑴𐑡𐑦𐑯𐑦𐑩𐑕	89
fragment	homophobe	NN1	RSSB	ˈhɒmə-	𐑣𐑪𐑥𐑩-	ˈhəʊməˌfəʊb	𐑣𐑴𐑥𐑩𐑓𐑴𐑚	89
fragment	homophobia	NN1	RSSB	ˌhɒmə-	𐑣𐑪𐑥𐑩-	ˌhəʊməˈfəʊbiə	𐑣𐑴𐑥𐑩𐑓𐑴𐑚𐑦𐑩	89
fragment	homophobic	AJ0	RSSB	ˈhɒmə-	𐑣𐑪𐑥𐑩-	ˈhəʊməˌfəʊbɪk	𐑣𐑴𐑥𐑩𐑓𐑴𐑚𐑦𐑒	89
fragment	homophobic	NN1	RSSB	ˈhɒmə-	𐑣𐑪𐑥𐑩-	ˈhəʊməˌfəʊbɪk	𐑣𐑴𐑥𐑩𐑓𐑴𐑚𐑦𐑒	89
fragment	homosexuality	NN1	RSSB	ˌhɒməʊ-	𐑣𐑪𐑥𐑴-	ˌhəʊməʊsekʃʊˈælɪti	𐑣𐑴𐑥𐑴𐑕𐑧𐑒𐑖𐑫𐑨𐑤𐑦𐑑𐑦	89
fragment	homotopy	NN1	GenAm	ˈhoʊmə-	𐑣𐑴𐑥𐑩-	ˈhoʊmoʊˌtoʊpi	𐑣𐑴𐑥𐑴𐑑𐑴𐑐𐑦	89
fragment	honeydew	NN1	RSSB	-dʒuː	-𐑡𐑵	ˈhʌnɪdjuː	𐑣𐑳𐑯𐑦𐑛𐑿	89
fragment	honeydew	AJ0	RSSB	-dʒuː	-𐑡𐑵	ˈhʌnɪdjuː	𐑣𐑳𐑯𐑦𐑛𐑿	89
fragment	hongbao	NN1	RSSB	ˈhʊŋ-	𐑣𐑫𐑙-	ˈhɒŋbaʊ	𐑣𐑪𐑙𐑚𐑬	89
fragment	hongbao	NN1	GenAm	ˈhɒŋ-	𐑣𐑪𐑙-	ˈhɒŋˌbaʊ	𐑣𐑪𐑙𐑚𐑬	89
fragment	honi soit qui mal y pense	UNC	GenAm	ˌoʊni -	𐑴𐑯𐑦 -	ˌɒni ˌswɒ ki ˌmɒl i ˈpɒ̃s	𐑪𐑯𐑦 𐑕𐑢𐑪 𐑒𐑦 𐑥𐑪𐑤 𐑦 𐑐𐑪̃𐑕	89
fragment	honorificabilitudinitatibus	NN1	RSSB	-tæ-	-𐑑𐑨-	ɒnərɪfɪkəRbɪlɪtjuːdɪnɪteɪtɪbəs	𐑪𐑯𐑼𐑦𐑓𐑦𐑒𐑼𐑚𐑦𐑤𐑦𐑑𐑿𐑛𐑦𐑯𐑦𐑑𐑱𐑑𐑦𐑚𐑩𐑕	1
fragment	honorificabilitudinitatibus	NN1	GenAm	-ˈtæ-	-𐑑𐑨-	ˌɒnəˌrɪfɪkəˌbɪləˌtjudɪnɪˈteɪtɪbəs	𐑪𐑯𐑼𐑦𐑓𐑦𐑒𐑩𐑚𐑦𐑤𐑩𐑑𐑘𐑫𐑛𐑦𐑯𐑦𐑑𐑱𐑑𐑦𐑚𐑩𐑕	1
fragment	honorificabilitudinitatibus	NN1	GenAm	-tɪ-	-𐑑𐑦-	ˌɒnəˌrɪfɪkəˌbɪləˌtjudɪnɪˈteɪtɪbəs	𐑪𐑯𐑼𐑦𐑓𐑦𐑒𐑩𐑚𐑦𐑤𐑩𐑑𐑘𐑫𐑛𐑦𐑯𐑦𐑑𐑱𐑑𐑦𐑚𐑩𐑕	1
fragment	horrible	NN1	GenAm	-bəl	-𐑚𐑩𐑤	ˈhɔːRɪbəl	𐑣𐑹𐑦𐑚𐑩𐑤	1
fragment	horrible	AJ0	GenAm	-bəl	-𐑚𐑩𐑤	ˈhɔːRɪbəl	𐑣𐑹𐑦𐑚𐑩𐑤	1
fragment	horripilated	AJ0	GenAm	-tid	-𐑑𐑦𐑛	hɒˌripiˈleɪtid	𐑣𐑪𐑮𐑦𐑐𐑦𐑤𐑱𐑑𐑦𐑛	1
fragment	horripilated	VVI	GenAm	-tid	-𐑑𐑦𐑛	hɒˌripiˈleɪtid	𐑣𐑪𐑮𐑦𐑐𐑦𐑤𐑱𐑑𐑦𐑛	1
fragment	horripilating	AJ0	GenAm	-tiŋ	-𐑑𐑦𐑙	hɒˌripiˈleɪtiŋ	𐑣𐑪𐑮𐑦𐑐𐑦𐑤𐑱𐑑𐑦𐑙	1
fragment	horripilating	VVI	GenAm	-tiŋ	-𐑑𐑦𐑙	hɒˌripiˈleɪtiŋ	𐑣𐑪𐑮𐑦𐑐𐑦𐑤𐑱𐑑𐑦𐑙	1
fragment	hortorium	NN1	GenAm	-ˈtoʊ-	-𐑑𐑴-	hɔːRˈtɔːRiəm	𐑣𐑹𐑑𐑹𐑦𐑩𐑥	1
fragment	hospitalization	NN1	GenAm	-aɪˈzeɪʃən	-𐑲𐑟𐑱𐑖𐑩𐑯	ˌhɑːspɪtəlɪˈzeɪʃən	𐑣𐑭𐑕𐑐𐑦𐑑𐑩𐑤𐑦𐑟𐑱𐑖𐑩𐑯	89
fragment	hostage to fortune	NN1	GenAm	-tʃən	-𐑗𐑩𐑯	ˌhɒstɪdʒ tə ˈfortʃun	𐑣𐑪𐑕𐑑𐑦𐑡 𐑑𐑩 𐑓𐑪𐑮𐑗𐑫𐑯	1
fragment	hot dog	NN1	GenAm	-dɒɡ	-𐑛𐑪𐑜	ˈhɒtdɒɡ	𐑣𐑪𐑑𐑛𐑪𐑜	89
fragment	hot dog	NN1	GenAm	-ˈdɒɡ	-𐑛𐑪𐑜	ˈhɒtdɒɡ	𐑣𐑪𐑑𐑛𐑪𐑜	89
fragment	hot dog	VVI	GenAm	-dɒɡ	-𐑛𐑪𐑜	ˈhɒtdɒɡ	𐑣𐑪𐑑𐑛𐑪𐑜	89
fragment	hot dog	VVI	GenAm	-ˈdɒɡ	-𐑛𐑪𐑜	ˈhɒtdɒɡ	𐑣𐑪𐑑𐑛𐑪𐑜	89
fragment	hot dog	ITJ	GenAm	-dɒɡ	-𐑛𐑪𐑜	ˈhɒtdɒɡ	𐑣𐑪𐑑𐑛𐑪𐑜	89
fragment	hot dog	ITJ	GenAm	-ˈdɒɡ	-𐑛𐑪𐑜	ˈhɒtdɒɡ	𐑣𐑪𐑑𐑛𐑪𐑜	89
fragment	hotelier	NN1	GenAm	ˌhoʊ-	𐑣𐑴-	ˌoʊtelˈjeɪ	𐑴𐑑𐑧𐑤𐑘𐑱	1
fragment	hotelier	NN1	GenAm	-təl-	-𐑑𐑩𐑤-	ˌoʊtelˈjeɪ	𐑴𐑑𐑧𐑤𐑘𐑱	1
fragment	house plunder	NN1	GenAm	-ˌplən-	-𐑐𐑤𐑩𐑯-	ˈhaʊs ˌplʌndəR	𐑣𐑬𐑕 𐑐𐑤𐑳𐑯𐑛𐑼	1
fragment	house-plunder	NN1	GenAm	-ˌplən-	-𐑐𐑤𐑩𐑯-	ˈhaʊsˌplʌndəR	𐑣𐑬𐑕𐑐𐑤𐑳𐑯𐑛𐑼	1
fragment	humanitarian	AJ0	RSSB	-eəriəRn	-𐑺𐑦𐑼𐑯	hjəmænɪtɜːrɪən	𐑣𐑘𐑩𐑥𐑨𐑯𐑦𐑑𐑻𐑾𐑯	89
fragment	humanitarian	NN1	RSSB	-eəriəRn	-𐑺𐑦𐑼𐑯	hjəmænɪtɜːrɪən	𐑣𐑘𐑩𐑥𐑨𐑯𐑦𐑑𐑻𐑾𐑯	89
fragment	humanitarian corridor	NN1	RSSB	-eəriəRn-	-𐑺𐑦𐑼𐑯-	hjəmænɪtɜːrɪən kɒrɪdɔːR	𐑣𐑘𐑩𐑥𐑨𐑯𐑦𐑑𐑻𐑾𐑯 𐑒𐑪𐑮𐑦𐑛𐑹	30
fragment	humanitarian corridor	NN1	RSSB	-dəR	-𐑛𐑼	hjəmænɪtɜːrɪən kɒrɪdɔːR	𐑣𐑘𐑩𐑥𐑨𐑯𐑦𐑑𐑻𐑾𐑯 𐑒𐑪𐑮𐑦𐑛𐑹	30
fragment	humanitarian corridor	NN1	GenAm	ˌhjuːmænɪˈtɜːrɪən-	𐑣𐑿𐑥𐑨𐑯𐑦𐑑𐑻𐑾𐑯-	hjuˌmænəˈteriən ˈkɔːRəˌdɔːR	𐑣𐑘𐑫𐑥𐑨𐑯𐑩𐑑𐑧𐑮𐑦𐑩𐑯 𐑒𐑹𐑩𐑛𐑹	30
fragment	humanitarian corridor	NN1	GenAm	-ˈkɔːRədəR	-𐑒𐑹𐑩𐑛𐑼	hjuˌmænəˈteriən ˈkɔːRəˌdɔːR	𐑣𐑘𐑫𐑥𐑨𐑯𐑩𐑑𐑧𐑮𐑦𐑩𐑯 𐑒𐑹𐑩𐑛𐑹	30
fragment	hundred	CRD	RSSB	-drƏd	-𐑛𐑮𐑩𐑛	hʌndrəd	𐑣𐑳𐑯𐑛𐑮𐑩𐑛	5
fragment	hundred	NN1	RSSB	-drƏd	-𐑛𐑮𐑩𐑛	hʌndrəd	𐑣𐑳𐑯𐑛𐑮𐑩𐑛	5
fragment	hurtle	VVI	GenAm	-təl	-𐑑𐑩𐑤	ˈhɜrtəl	𐑣ɜ𐑮𐑑𐑩𐑤	1
fragment	hurtle	NN1	GenAm	-təl	-𐑑𐑩𐑤	ˈhɜrtəl	𐑣ɜ𐑮𐑑𐑩𐑤	1
fragment	hurtleberry	NN1	GenAm	-təl-	-𐑑𐑩𐑤-	ˈhɜrtəlˌberi	𐑣ɜ𐑮𐑑𐑩𐑤𐑚𐑧𐑮𐑦	1
fragment	husbandry	NN1	GenAm	ˈhəz-	𐑣𐑩𐑟-	ˈhʌzbəndri	𐑣𐑳𐑟𐑚𐑩𐑯𐑛𐑮𐑦	1
fragment	hutong	NN1	RSSB	-tʊŋ	-𐑑𐑫𐑙	ˈhuːtɒŋ	𐑣𐑵𐑑𐑪𐑙	89
fragment	hutong	NN1	GenAm	-tʊŋ	-𐑑𐑫𐑙	ˈhuˈtɒŋ	𐑣𐑫𐑑𐑪𐑙	89
fragment	hydrochloric	AJ0	GenAm	ˌhaɪdrə-	𐑣𐑲𐑛𐑮𐑩-	ˌhaɪdrəʊˈklɔːRɪk	𐑣𐑲𐑛𐑮𐑴𐑒𐑤𐑹𐑦𐑒	30
fragment	hydrochloric acid	NN1	GenAm	ˌhaɪdrə-	𐑣𐑲𐑛𐑮𐑩-	ˌhaɪdrəʊˌklɔːRɪkˈæsƏd	𐑣𐑲𐑛𐑮𐑴𐑒𐑤𐑹𐑦𐑒𐑨𐑕𐑩𐑛	30
fragment	hyperparasite	NN1	GenAm	-ˈpe-	-𐑐𐑧-	ˌhaɪpəRˈpærəsaɪt	𐑣𐑲𐑐𐑼𐑐𐑨𐑮𐑩𐑕𐑲𐑑	1
fragment	hypersphere	NN1	RSSB	-sfɪː	-𐑕𐑓𐑦ː	haɪpəRsfɪəR	𐑣𐑲𐑐𐑼𐑕𐑓𐑽	1
fragment	hyperthesis	NN1	RSSB	-əRsəs	-𐑼𐑕𐑩𐑕	haɪpɜːRθɪsɪs	𐑣𐑲𐑐𐑻𐑔𐑦𐑕𐑦𐑕	89
fragment	hyperthesis	NN1	RSSB	-əRsɪs	-𐑼𐑕𐑦𐑕	haɪpɜːRθɪsɪs	𐑣𐑲𐑐𐑻𐑔𐑦𐑕𐑦𐑕	89
fragment	hyperthymesia	NN1	RSSB	-ʒə	-𐑠𐑩	haɪpəRθaɪmiːziə	𐑣𐑲𐑐𐑼𐑔𐑲𐑥𐑰𐑟𐑦𐑩	1
fragment	hypnagogia	NN1	RSSB	-ˈɡɒɡiə	-𐑜𐑪𐑜𐑦𐑩	ˌhɪpnəˈɡɒdʒiə	𐑣𐑦𐑐𐑯𐑩𐑜𐑪𐑡𐑦𐑩	89
fragment	hypnagogia	NN1	GenAm	-ˈɡoʊdʒiə	-𐑜𐑴𐑡𐑦𐑩	ˌhɪpnəˈɡɒdʒiə	𐑣𐑦𐑐𐑯𐑩𐑜𐑪𐑡𐑦𐑩	89
fragment	hypnagogic	AJ0	RSSB	-ɡɪk	-𐑜𐑦𐑒	ˌhɪpnəˈɡɒdʒɪk	𐑣𐑦𐑐𐑯𐑩𐑜𐑪𐑡𐑦𐑒	89
fragment	hypnagogic	AJ0	GenAm	-ˈɡoʊ-	-𐑜𐑴-	ˌhɪpnəˈɡɒdʒɪk	𐑣𐑦𐑐𐑯𐑩𐑜𐑪𐑡𐑦𐑒	89
fragment	hypochondria	NN1	GenAm	ˌhaɪpəˈ-	𐑣𐑲𐑐𐑩-	ˌhaɪpoʊˈkɒndriə	𐑣𐑲𐑐𐑴𐑒𐑪𐑯𐑛𐑮𐑦𐑩	1
fragment	hypocorism	NN1	RSSB	hɪ-	𐑣𐑦-	haɪpɒkərɪzəm	𐑣𐑲𐑐𐑪𐑒𐑼𐑦𐑟𐑩𐑥	1
fragment	hyponormal	AJ0	GenAm	ˌhaɪpəˈ-	𐑣𐑲𐑐𐑩-	ˌhaɪpoʊˈnɔːRməl	𐑣𐑲𐑐𐑴𐑯𐑹𐑥𐑩𐑤	1
fragment	hypothec	NN1	RSSB	hɪˈ-	𐑣𐑦-	haɪˈpɒθɪk	𐑣𐑲𐑐𐑪𐑔𐑦𐑒	89
fragment	hypothec	NN1	GenAm	hɪˈ-	𐑣𐑦-	haɪˈpɒθɪk	𐑣𐑲𐑐𐑪𐑔𐑦𐑒	89
fragment	hypothesis	NN1	RSSB	-əsəs	-𐑩𐑕𐑩𐑕	haɪˈpɒθɪsɪs	𐑣𐑲𐑐𐑪𐑔𐑦𐑕𐑦𐑕	89
fragment	hypothesis	NN1	RSSB	-əsɪs	-𐑩𐑕𐑦𐑕	haɪˈpɒθɪsɪs	𐑣𐑲𐑐𐑪𐑔𐑦𐑕𐑦𐑕	89
fragment	hypothesize	VVI	RSSB	-əsaɪz	-𐑩𐑕𐑲𐑟	haɪˈpɒθɪsaɪz	𐑣𐑲𐑐𐑪𐑔𐑦𐑕𐑲𐑟	89
fragment	hypotony	NN1	GenAm	-tə-	-𐑑𐑩-	haɪˈpɒtəni	𐑣𐑲𐑐𐑪𐑑𐑩𐑯𐑦	89
fragment	I'll be a monkey's uncle	UNC	RSSB	ɑːl-	𐑭𐑤-	ˈaɪl biː ə ˈmʌŋkiz ˌʌŋkəl	𐑲𐑤 𐑚𐑰 𐑩 𐑥𐑳𐑙𐑒𐑦𐑟 𐑳𐑙𐑒𐑩𐑤	89
fragment	Icaria	NP0	RSSB	ɪ-	𐑦-	aɪkeəriə	𐑲𐑒𐑺𐑦𐑩	1
fragment	Icaria	NP0	GenAm	ɪˈ-	𐑦-	ˌaɪˈkeriə	𐑲𐑒𐑧𐑮𐑦𐑩	1
fragment	ichor	NN1	RSSB	-kəR	-𐑒𐑼	aɪkɔːR	𐑲𐑒𐑹	89
fragment	idiosyncratic	AJ0	RSSB	-sɪŋ-	-𐑕𐑦𐑙-	ɪdiəʊsɪŋkrætɪk	𐑦𐑛𐑦𐑴𐑕𐑦𐑙𐑒𐑮𐑨𐑑𐑦𐑒	1
fragment	idiosyncratic	AJ0	GenAm	-ˌsɪŋ-	-𐑕𐑦𐑙-	ˌɪdioʊsɪŋˈkrætɪk	𐑦𐑛𐑦𐑴𐑕𐑦𐑙𐑒𐑮𐑨𐑑𐑦𐑒	1
fragment	idioticon	NN1	RSSB	-kɒn	-𐑒𐑪𐑯	ˌɪdɪˈəʊtɪkən	𐑦𐑛𐑾𐑫𐑑𐑦𐑒𐑩𐑯	89
fragment	idioticon	NN1	GenAm	-ˌkɒn	-𐑒𐑪𐑯	ˌɪdiˈoʊtəkən	𐑦𐑛𐑦𐑴𐑑𐑩𐑒𐑩𐑯	89
fragment	idioticon	NN1	GenAm	-tə-	-𐑑𐑩-	ˌɪdiˈoʊtəkən	𐑦𐑛𐑦𐑴𐑑𐑩𐑒𐑩𐑯	89
fragment	if anything	AV0	RSSB	-ni-	-𐑯𐑦-	ɪf ˈenɪθɪŋ	𐑦𐑓 𐑧𐑯𐑦𐑔𐑦𐑙	89
fragment	illuminating	AJ0	GenAm	ə-	𐑩-	ɪlˈluməneɪtɪŋ	𐑦𐑤𐑤𐑫𐑥𐑩𐑯𐑱𐑑𐑦𐑙	89
fragment	illuminating	AJ0	GenAm	-tɪŋ	-𐑑𐑦𐑙	ɪlˈluməneɪtɪŋ	𐑦𐑤𐑤𐑫𐑥𐑩𐑯𐑱𐑑𐑦𐑙	89
fragment	illuminating	VVI	GenAm	ə-	𐑩-	ɪlˈluməneɪtɪŋ	𐑦𐑤𐑤𐑫𐑥𐑩𐑯𐑱𐑑𐑦𐑙	89
fragment	illuminating	VVI	GenAm	-tɪŋ	-𐑑𐑦𐑙	ɪlˈluməneɪtɪŋ	𐑦𐑤𐑤𐑫𐑥𐑩𐑯𐑱𐑑𐑦𐑙	89
fragment	illusory	AJ0	RSSB	-zəriː	-𐑟𐑼𐑰	ɪluːsəriː	𐑦𐑤𐑵𐑕𐑼𐑰	89
fragment	illusory	AJ0	GenAm	-zəri	-𐑟𐑼𐑦	ɪˈlusəri	𐑦𐑤𐑫𐑕𐑼𐑦	89
fragment	illustrious	AJ0	GenAm	-ˈləs-	-𐑤𐑩𐑕-	ɪˈlʌstriəs	𐑦𐑤𐑳𐑕𐑑𐑮𐑦𐑩𐑕	1
fragment	imaginable	AJ0	RSSB	-nəbəl	-𐑯𐑩𐑚𐑩𐑤	ɪˈmadʒɪnəbəl	𐑦𐑥𐑨𐑡𐑦𐑯𐑩𐑚𐑩𐑤	89
fragment	imaginable	AJ0	GenAm	-nəbəl	-𐑯𐑩𐑚𐑩𐑤	ɪˈmædʒɪnəbəl	𐑦𐑥𐑨𐑡𐑦𐑯𐑩𐑚𐑩𐑤	89
fragment	imaginary lat syndrome	NN1	RSSB	-drəm	-𐑛𐑮𐑩𐑥	ɪmædʒɪnəri læt sɪndrəʊm	𐑦𐑥𐑨𐑡𐑦𐑯𐑼𐑦 𐑤𐑨𐑑 𐑕𐑦𐑯𐑛𐑮𐑴𐑥	30
fragment	imaginary lat syndrome	NN1	GenAm	-drəm	-𐑛𐑮𐑩𐑥	ɪˌmædʒɪˌneri ˈlæt ˌsɪndroʊm	𐑦𐑥𐑨𐑡𐑦𐑯𐑧𐑮𐑦 𐑤𐑨𐑑 𐑕𐑦𐑯𐑛𐑮𐑴𐑥	30
fragment	imbitter	VVI	GenAm	-tər	-𐑑𐑼	əmˈbɪtər	𐑩𐑥𐑚𐑦𐑑𐑼	89
fragment	imbongi	NN1	GenAm	-ˈbɒŋ-	-𐑚𐑪𐑙-	ɪmˈbɒŋɡi	𐑦𐑥𐑚𐑪𐑙𐑜𐑦	89
fragment	imbongis	NN1	GenAm	-ˈbɒŋ-	-𐑚𐑪𐑙-	ɪmˈbɒŋɡis	𐑦𐑥𐑚𐑪𐑙𐑜𐑦𐑕	89
fragment	impenitent	AJ0	GenAm	-tənt	-𐑑𐑩𐑯𐑑	ɪmˈpenətənt	𐑦𐑥𐑐𐑧𐑯𐑩𐑑𐑩𐑯𐑑	89
fragment	impenitent	NN1	GenAm	-tənt	-𐑑𐑩𐑯𐑑	ɪmˈpenətənt	𐑦𐑥𐑐𐑧𐑯𐑩𐑑𐑩𐑯𐑑	89
fragment	imperator	NN1	GenAm	-tɔːR	-𐑑𐑹	ˌɪmpəˈrɒtər	𐑦𐑥𐑐𐑼𐑪𐑑𐑼	30
fragment	implacable	AJ0	RSSB	-ˈpleɪ-	-𐑐𐑤𐑱-	ɪmˈplækəbəl	𐑦𐑥𐑐𐑤𐑨𐑒𐑩𐑚𐑩𐑤	89
fragment	importance	NN1	GenAm	-ʔəns	-ʔ𐑩𐑯𐑕	ɪmˈpɔːRtəns	𐑦𐑥𐑐𐑹𐑑𐑩𐑯𐑕	1
fragment	impostor syndrome	NN1	GenAm	-drəm	-𐑛𐑮𐑩𐑥	ɪmˈpɒstəR ˈsɪndroʊm	𐑦𐑥𐑐𐑪𐑕𐑑𐑼 𐑕𐑦𐑯𐑛𐑮𐑴𐑥	30
fragment	impresarial	AJ0	RSSB	-sɑːriəRl	-𐑕𐑸𐑦𐑼𐑤	ɪmprɪseəriəl	𐑦𐑥𐑐𐑮𐑦𐑕𐑺𐑦𐑩𐑤	89
fragment	impresarial	AJ0	GenAm	-ˈsɑːRiəl	-𐑕𐑸𐑦𐑩𐑤	ˌɪmprəˈseriəl	𐑦𐑥𐑐𐑮𐑩𐑕𐑧𐑮𐑦𐑩𐑤	30
fragment	improvisation	NN1	GenAm	ˌɪm-	𐑦𐑥-	ɪmˌprɒvəˈzeɪʃən	𐑦𐑥𐑐𐑮𐑪𐑝𐑩𐑟𐑱𐑖𐑩𐑯	1
fragment	improvisational	AJ0	GenAm	ˌɪm-	𐑦𐑥-	ɪmˌprɒvəˈzeɪʃənəl	𐑦𐑥𐑐𐑮𐑪𐑝𐑩𐑟𐑱𐑖𐑩𐑯𐑩𐑤	1
fragment	improvisatorial	AJ0	GenAm	ˌɪm-	𐑦𐑥-	ɪmˌprɒvɪsəˈtɔːRiəl	𐑦𐑥𐑐𐑮𐑪𐑝𐑦𐑕𐑩𐑑𐑹𐑦𐑩𐑤	1
fragment	improvisatory	AJ0	GenAm	ˌɪm-	𐑦𐑥-	ɪmˈprɒvɪsəˌtɔːRi	𐑦𐑥𐑐𐑮𐑪𐑝𐑦𐑕𐑩𐑑𐑹𐑦	1
fragment	in fine fettle	UNC	GenAm	-təl	-𐑑𐑩𐑤	ɪn ˌfaɪn ˈfetəl	𐑦𐑯 𐑓𐑲𐑯 𐑓𐑧𐑑𐑩𐑤	89
fragment	in funds	AJ0	GenAm	-ˈfəndz	-𐑓𐑩𐑯𐑛𐑟	ɪn ˈfʌndz	𐑦𐑯 𐑓𐑳𐑯𐑛𐑟	89
fragment	in statu quo	AV0	GenAm	-ˈsteɪtju-	-𐑕𐑑𐑱𐑑𐑘𐑫-	ˌɪn ˈstɒtu ˈkwoʊ	𐑦𐑯 𐑕𐑑𐑪𐑑𐑫 𐑒𐑢𐑴	89
fragment	in statu quo	AV0	GenAm	-ˈstætʃu-	-𐑕𐑑𐑨𐑗𐑫-	ˌɪn ˈstɒtu ˈkwoʊ	𐑦𐑯 𐑕𐑑𐑪𐑑𐑫 𐑒𐑢𐑴	89
fragment	in the arms of Morpheus	UNC	RSSB	-mɔːRfjuːs	-𐑥𐑹𐑓𐑿𐑕	ɪn ði aːms əRv mɔːRfɪəs	𐑦𐑯 𐑞𐑦 𐑨ː𐑥𐑕 𐑼𐑝 𐑥𐑹𐑓𐑾𐑕	30
fragment	in the arms of Morpheus	UNC	GenAm	-ˈmɔːRˌfjus	-𐑥𐑹𐑓𐑘𐑫𐑕	ɪn ði ˈarms əv ˈmɔːRfɪəs	𐑦𐑯 𐑞𐑦 𐑨𐑮𐑥𐑕 𐑩𐑝 𐑥𐑹𐑓𐑾𐑕	30
fragment	inaccurate	AJ0	GenAm	-ət	-𐑩𐑑	ɪnˈækjərɪt	𐑦𐑯𐑨𐑒𐑘𐑼𐑦𐑑	1
fragment	incarnadine	AJ0	RSSB	-daɪn	-𐑛𐑲𐑯	ɪnkɑːRnədiːn	𐑦𐑯𐑒𐑸𐑯𐑩𐑛𐑰𐑯	1
fragment	incarnadine	AJ0	RSSB	-dɪn	-𐑛𐑦𐑯	ɪnkɑːRnədiːn	𐑦𐑯𐑒𐑸𐑯𐑩𐑛𐑰𐑯	1
fragment	incarnadine	NN1	RSSB	-daɪn	-𐑛𐑲𐑯	ɪnkɑːRnədiːn	𐑦𐑯𐑒𐑸𐑯𐑩𐑛𐑰𐑯	1
fragment	incarnadine	NN1	RSSB	-dɪn	-𐑛𐑦𐑯	ɪnkɑːRnədiːn	𐑦𐑯𐑒𐑸𐑯𐑩𐑛𐑰𐑯	1
fragment	incarnadine	VVI	RSSB	-daɪn	-𐑛𐑲𐑯	ɪnkɑːRnədiːn	𐑦𐑯𐑒𐑸𐑯𐑩𐑛𐑰𐑯	1
fragment	incarnadine	VVI	RSSB	-dɪn	-𐑛𐑦𐑯	ɪnkɑːRnədiːn	𐑦𐑯𐑒𐑸𐑯𐑩𐑛𐑰𐑯	1
fragment	inconvenience	NN1	RSSB	ɪŋk-	𐑦𐑙𐑒-	ɪnkənˈviːnɪəns	𐑦𐑯𐑒𐑩𐑯𐑝𐑰𐑯𐑾𐑯𐑕	89
fragment	inconvenience	NN1	GenAm	ɪŋk-	𐑦𐑙𐑒-	ɪnkənˈvinjəns	𐑦𐑯𐑒𐑩𐑯𐑝𐑦𐑯𐑘𐑩𐑯𐑕	89
fragment	inconvenience	VVI	RSSB	ɪŋk-	𐑦𐑙𐑒-	ɪnkənˈviːnɪəns	𐑦𐑯𐑒𐑩𐑯𐑝𐑰𐑯𐑾𐑯𐑕	89
fragment	inconvenience	VVI	GenAm	ɪŋk-	𐑦𐑙𐑒-	ɪnkənˈvinjəns	𐑦𐑯𐑒𐑩𐑯𐑝𐑦𐑯𐑘𐑩𐑯𐑕	89
fragment	incumbent	AJ0	RSSB	ɪŋ-	𐑦𐑙-	ɪnˈkʌmbənt	𐑦𐑯𐑒𐑳𐑥𐑚𐑩𐑯𐑑	89
fragment	incumbent	AJ0	GenAm	ɪŋ-	𐑦𐑙-	ɪnˈkʌmbənt	𐑦𐑯𐑒𐑳𐑥𐑚𐑩𐑯𐑑	89
fragment	incumbent	NN1	RSSB	ɪŋ-	𐑦𐑙-	ɪnˈkʌmbənt	𐑦𐑯𐑒𐑳𐑥𐑚𐑩𐑯𐑑	89
fragment	incumbent	NN1	GenAm	ɪŋ-	𐑦𐑙-	ɪnˈkʌmbənt	𐑦𐑯𐑒𐑳𐑥𐑚𐑩𐑯𐑑	89
fragment	individual	NN1	GenAm	ˌɪndə-	𐑦𐑯𐑛𐑩-	ˌɪndɪˈvɪdʒuəl	𐑦𐑯𐑛𐑦𐑝𐑦𐑡𐑫𐑩𐑤	89
fragment	individual	AJ0	GenAm	ˌɪndə-	𐑦𐑯𐑛𐑩-	ˌɪndɪˈvɪdʒuəl	𐑦𐑯𐑛𐑦𐑝𐑦𐑡𐑫𐑩𐑤	89
fragment	Indonesia	NP0	RSSB	-ziə	-𐑟𐑦𐑩	ˌɪndəˈniːʒə	𐑦𐑯𐑛𐑩𐑯𐑰𐑠𐑩	89
fragment	Indonesia	NP0	GenAm	-doʊ-	-𐑛𐑴-	ˌɪndəˈniʒə	𐑦𐑯𐑛𐑩𐑯𐑦𐑠𐑩	89
fragment	inenubilable	AJ0	GenAm	-nu-	-𐑯𐑫-	ˌɪnɪˈnjubɪləbəl	𐑦𐑯𐑦𐑯𐑘𐑫𐑚𐑦𐑤𐑩𐑚𐑩𐑤	89
fragment	inescutcheon	NN1	RSSB	ɪne-	𐑦𐑯𐑧-	ɪnɪˈskʌtʃən	𐑦𐑯𐑦𐑕𐑒𐑳𐑗𐑩𐑯	89
fragment	inescutcheon	NN1	GenAm	ɪne-	𐑦𐑯𐑧-	ɪnɪˈskʌtʃən	𐑦𐑯𐑦𐑕𐑒𐑳𐑗𐑩𐑯	89
fragment	infobesity	NN1	GenAm	-ti	-𐑑𐑦	ɪnfoʊˈbisɪti	𐑦𐑯𐑓𐑴𐑚𐑦𐑕𐑦𐑑𐑦	89
fragment	iniquitous	AJ0	GenAm	-təs	-𐑑𐑩𐑕	ɪˈnɪkwɪtəs	𐑦𐑯𐑦𐑒𐑢𐑦𐑑𐑩𐑕	89
fragment	iniquity	NN1	GenAm	-kwə-	-𐑒𐑢𐑩-	ɪnˈɪkwɪti	𐑦𐑯𐑦𐑒𐑢𐑦𐑑𐑦	89
fragment	iniquity	NN1	GenAm	-ti	-𐑑𐑦	ɪnˈɪkwɪti	𐑦𐑯𐑦𐑒𐑢𐑦𐑑𐑦	89
fragment	inquiries	NN1	RSSB	ɪŋ-	𐑦𐑙-	ɪnkwaɪəriz	𐑦𐑯𐑒𐑢𐑲𐑼𐑦𐑟	1
fragment	inquiries	NN1	GenAm	ˈɪŋ-	𐑦𐑙-	ˈɪnkwɪriz	𐑦𐑯𐑒𐑢𐑦𐑮𐑦𐑟	1
fragment	inquiry	NN1	RSSB	ɪŋ-	𐑦𐑙-	ɪnkwaɪəri	𐑦𐑯𐑒𐑢𐑲𐑼𐑦	1
fragment	inquiry	NN1	GenAm	ɪŋ-	𐑦𐑙-	ɪnˈkwaɪəri	𐑦𐑯𐑒𐑢𐑲𐑼𐑦	1
fragment	inselberg	NN1	RSSB	-zəRl-	-𐑟𐑼𐑤-	ɪnsəlbɜːRɡ	𐑦𐑯𐑕𐑩𐑤𐑚𐑻𐑜	89
fragment	inselberg	NN1	GenAm	-zəl-	-𐑟𐑩𐑤-	ˈɪnsəlˌbɜːRɡ	𐑦𐑯𐑕𐑩𐑤𐑚𐑻𐑜	1
fragment	instigator	NN1	GenAm	-təR	-𐑑𐑼	ˈɪnstəˌɡeɪtəR	𐑦𐑯𐑕𐑑𐑩𐑜𐑱𐑑𐑼	89
fragment	institutional	AJ0	RSSB	-ʃnəl	-𐑖𐑯𐑩𐑤	ˌɪnstɪˈtjuːʃənəl	𐑦𐑯𐑕𐑑𐑦𐑑𐑿𐑖𐑩𐑯𐑩𐑤	89
fragment	institutional	AJ0	GenAm	-ʃnəl	-𐑖𐑯𐑩𐑤	ˌɪnstɪˈtjuʃənəl	𐑦𐑯𐑕𐑑𐑦𐑑𐑘𐑫𐑖𐑩𐑯𐑩𐑤	89
fragment	institutional	NN1	RSSB	-ʃnəl	-𐑖𐑯𐑩𐑤	ˌɪnstɪˈtjuːʃənəl	𐑦𐑯𐑕𐑑𐑦𐑑𐑿𐑖𐑩𐑯𐑩𐑤	89
fragment	institutional	NN1	GenAm	-ʃnəl	-𐑖𐑯𐑩𐑤	ˌɪnstɪˈtjuʃənəl	𐑦𐑯𐑕𐑑𐑦𐑑𐑘𐑫𐑖𐑩𐑯𐑩𐑤	89
fragment	institutionally	AV0	RSSB	-ʃnəli	-𐑖𐑯𐑩𐑤𐑦	ˌɪnstɪˈtjuʃənəli	𐑦𐑯𐑕𐑑𐑦𐑑𐑘𐑫𐑖𐑩𐑯𐑩𐑤𐑦	89
fragment	institutionally	AV0	GenAm	-ʃnəli	-𐑖𐑯𐑩𐑤𐑦	ˌɪnstɪˈtjuʃənəli	𐑦𐑯𐑕𐑑𐑦𐑑𐑘𐑫𐑖𐑩𐑯𐑩𐑤𐑦	89
fragment	interferase	NN1	RSSB	-eɪz	-𐑱𐑟	ɪntəRfɪːeɪs	𐑦𐑯𐑑𐑼𐑓𐑦ː𐑱𐑕	1
fragment	interferase	NN1	GenAm	-ˌeɪz	-𐑱𐑟	ˌɪntərfɪrˌeɪs	𐑦𐑯𐑑𐑼𐑓𐑦𐑮𐑱𐑕	1
fragment	interlard	VVI	GenAm	-tər-	-𐑑𐑼-	ˌɪntərˈlɑːRd	𐑦𐑯𐑑𐑼𐑤𐑸𐑛	30
fragment	interlard	NN1	GenAm	-tər-	-𐑑𐑼-	ˌɪntərˈlɑːRd	𐑦𐑯𐑑𐑼𐑤𐑸𐑛	30
fragment	intermediacy	NN1	RSSB	-sɪ	-𐑕𐑦	ɪntəRmiːdɪəsi	𐑦𐑯𐑑𐑼𐑥𐑰𐑛𐑾𐑕𐑦	1
fragment	intermingle	VVI	GenAm	-tər-	-𐑑𐑼-	ˌɪntərˈmɪŋɡəl	𐑦𐑯𐑑𐑼𐑥𐑦𐑙𐑜𐑩𐑤	89
fragment	internally	AV0	RSSB	-tɜːRnəli	-𐑑𐑻𐑯𐑩𐑤𐑦	ɪntɜːRnəli	𐑦𐑯𐑑𐑻𐑯𐑩𐑤𐑦	89
fragment	International Phonetic Alphabet	NP0	GenAm	ˌɪt̃əR-	𐑦𐑑̃𐑼-	ˌɪntəRˈnæʃənəl fəˈnetɪk ˈælfəˌbet	𐑦𐑯𐑑𐑼𐑯𐑨𐑖𐑩𐑯𐑩𐑤 𐑓𐑩𐑯𐑧𐑑𐑦𐑒 𐑨𐑤𐑓𐑩𐑚𐑧𐑑	1
fragment	internecine	AJ0	RSSB	-sɪn	-𐑕𐑦𐑯	ɪntəRniːsaɪn	𐑦𐑯𐑑𐑼𐑯𐑰𐑕𐑲𐑯	1
fragment	internet	VVI	GenAm	-təR-	-𐑑𐑼-	ˈɪntərˌnet	𐑦𐑯𐑑𐑼𐑯𐑧𐑑	89
fragment	internetted	AJ0	GenAm	-təR-	-𐑑𐑼-	ˈɪntəRˌnetəd	𐑦𐑯𐑑𐑼𐑯𐑧𐑑𐑩𐑛	89
fragment	internetted	AJ0	GenAm	-təd	-𐑑𐑩𐑛	ˈɪntəRˌnetəd	𐑦𐑯𐑑𐑼𐑯𐑧𐑑𐑩𐑛	1
fragment	internetted	VVI	GenAm	-təR-	-𐑑𐑼-	ˈɪntəRˌnetəd	𐑦𐑯𐑑𐑼𐑯𐑧𐑑𐑩𐑛	89
fragment	internetted	VVI	GenAm	-təd	-𐑑𐑩𐑛	ˈɪntəRˌnetəd	𐑦𐑯𐑑𐑼𐑯𐑧𐑑𐑩𐑛	1
fragment	internetting	NN1	GenAm	-təR-	-𐑑𐑼-	ˈɪntəRˌnetɪŋ	𐑦𐑯𐑑𐑼𐑯𐑧𐑑𐑦𐑙	89
fragment	internetting	NN1	GenAm	-tɪŋ	-𐑑𐑦𐑙	ˈɪntəRˌnetɪŋ	𐑦𐑯𐑑𐑼𐑯𐑧𐑑𐑦𐑙	1
fragment	internetting	VVI	GenAm	-təR-	-𐑑𐑼-	ˈɪntəRˌnetɪŋ	𐑦𐑯𐑑𐑼𐑯𐑧𐑑𐑦𐑙	89
fragment	internetting	VVI	GenAm	-tɪŋ	-𐑑𐑦𐑙	ˈɪntəRˌnetɪŋ	𐑦𐑯𐑑𐑼𐑯𐑧𐑑𐑦𐑙	1
fragment	intersexuality	NN1	RSSB	-sjuː-	-𐑕𐑿-	ɪntəRsekʃuːælɪti	𐑦𐑯𐑑𐑼𐑕𐑧𐑒𐑖𐑵𐑨𐑤𐑦𐑑𐑦	1
fragment	intertwine	VVI	GenAm	-tər-	-𐑑𐑼-	ˌɪntərˈtwaɪn	𐑦𐑯𐑑𐑼𐑑𐑢𐑲𐑯	89
fragment	intertwingle	VVI	GenAm	-tər-	-𐑑𐑼-	ˌɪntərˈtwɪŋɡəl	𐑦𐑯𐑑𐑼𐑑𐑢𐑦𐑙𐑜𐑩𐑤	89
fragment	intervolve	VVI	GenAm	-ˈvɒlv	-𐑝𐑪𐑤𐑝	ˌɪntəRˈvɒlv	𐑦𐑯𐑑𐑼𐑝𐑪𐑤𐑝	1
fragment	interweave	VVI	GenAm	-tər-	-𐑑𐑼-	ˌɪntərˈwiv	𐑦𐑯𐑑𐑼𐑢𐑦𐑝	89
fragment	introit	NN1	GenAm	ən-	𐑩𐑯-	ˈɪnˌtrɔɪt	𐑦𐑯𐑑𐑮𐑶𐑑	1
fragment	intuit	VVI	RSSB	-ˈtʃuː-	-𐑗𐑵-	ɪnˈtjuːɪt	𐑦𐑯𐑑𐑿𐑦𐑑	89
fragment	intuition	NN1	RSSB	-tʃuː-	-𐑗𐑵-	ˌɪntjuːˈɪʃən	𐑦𐑯𐑑𐑿𐑦𐑖𐑩𐑯	89
fragment	inveigle	VVI	RSSB	-ˈviː-	-𐑝𐑰-	ɪnˈveɪɡəl	𐑦𐑯𐑝𐑱𐑜𐑩𐑤	89
fragment	inveigle	VVI	GenAm	-ˈvi-	-𐑝𐑦-	ɪnˈveɪɡəl	𐑦𐑯𐑝𐑱𐑜𐑩𐑤	89
fragment	Iran	NP0	RSSB	iː-	𐑰-	ɪrɑːn	𐑦𐑮𐑭𐑯	1
fragment	irenic	AJ0	RSSB	-re-	-𐑮𐑧-	aɪriːnɪk	𐑲𐑮𐑰𐑯𐑦𐑒	89
fragment	irenic	AJ0	GenAm	-ˈre-	-𐑮𐑧-	aɪˈrinɪk	𐑲𐑮𐑦𐑯𐑦𐑒	89
fragment	irregardless	AJ0	RSSB	-ləRs	-𐑤𐑼𐑕	ɪrɪɡɑːRdləs	𐑦𐑮𐑦𐑜𐑸𐑛𐑤𐑩𐑕	30
fragment	irrelative	AJ0	GenAm	-tɪv	-𐑑𐑦𐑝	ɪˈrelətɪv	𐑦𐑮𐑧𐑤𐑩𐑑𐑦𐑝	1
fragment	isangoma	NN1	RSSB	-ˈɡɔː-	-𐑜𐑷-	isæŋˈɡəʊmə	𐑦𐑕𐑨𐑙𐑜𐑴𐑥𐑩	89
fragment	isangoma	NN1	GenAm	-ˈɡɒ-	-𐑜𐑪-	isæŋˈɡoʊmə	𐑦𐑕𐑨𐑙𐑜𐑴𐑥𐑩	89
fragment	ithyphallic	AJ0	GenAm	-θə-	-𐑔𐑩-	ˌɪθɪˈfælɪk	𐑦𐑔𐑦𐑓𐑨𐑤𐑦𐑒	89
fragment	ithyphallic	NN1	GenAm	-θə-	-𐑔𐑩-	ˌɪθɪˈfælɪk	𐑦𐑔𐑦𐑓𐑨𐑤𐑦𐑒	89
fragment	itinerarium	NN1	RSSB	ɪtɪnə-	𐑦𐑑𐑦𐑯𐑩-	aɪtɪnəreəriəm	𐑲𐑑𐑦𐑯𐑼𐑺𐑦𐑩𐑥	1
fragment	itinerarium	NN1	GenAm	ɪˌtɪnəˈ-	𐑦𐑑𐑦𐑯𐑩-	ˌaɪˌtɪnəˈreriəm	𐑲𐑑𐑦𐑯𐑼𐑧𐑮𐑦𐑩𐑥	1
fragment	izimbongi	NN1	GenAm	-ˈbɒŋ-	-𐑚𐑪𐑙-	ˌɪzɪmˈbɒŋɡi	𐑦𐑟𐑦𐑥𐑚𐑪𐑙𐑜𐑦	89
fragment	Jack Frost	NP0	GenAm	-ˈfrɒst	-𐑓𐑮𐑪𐑕𐑑	ˌdʒæk ˈfrɒst	𐑡𐑨𐑒 𐑓𐑮𐑪𐑕𐑑	89
fragment	jack of all trades	NN1	GenAm	-ɒl-	-𐑪𐑤-	ˌdʒækəvɒl ˈtreɪdz	𐑡𐑨𐑒𐑩𐑝𐑪𐑤 𐑑𐑮𐑱𐑛𐑟	1
fragment	jackbooted	AJ0	GenAm	-təd	-𐑑𐑩𐑛	ˈdʒækbutƏd	𐑡𐑨𐑒𐑚𐑫𐑑𐑩𐑛	89
fragment	jackbooted	VVI	GenAm	-təd	-𐑑𐑩𐑛	ˈdʒækbutƏd	𐑡𐑨𐑒𐑚𐑫𐑑𐑩𐑛	89
fragment	janissary	NN1	RSSB	ja-	𐑘𐑨-	dʒanɪzəri	𐑡𐑨𐑯𐑦𐑟𐑼𐑦	1
fragment	janissary	NN1	RSSB	-səri	-𐑕𐑼𐑦	dʒanɪzəri	𐑡𐑨𐑯𐑦𐑟𐑼𐑦	89
fragment	janissary	NN1	GenAm	-səri	-𐑕𐑼𐑦	ˈdʒænəˌzeri	𐑡𐑨𐑯𐑩𐑟𐑧𐑮𐑦	89
fragment	jardinière	NN1	GenAm	-dən-	-𐑛𐑩𐑯-	ˌʒɑːRdɪnˈjeəR	𐑠𐑸𐑛𐑦𐑯𐑘𐑺	1
fragment	Jeromian	AJ0	RSSB	dʒə-	𐑡𐑩-	dʒɪrəʊmɪən	𐑡𐑦𐑮𐑴𐑥𐑾𐑯	1
fragment	jettison	NN1	RSSB	-zən	-𐑟𐑩𐑯	ˈdʒetɪsən	𐑡𐑧𐑑𐑦𐑕𐑩𐑯	89
fragment	jettison	NN1	GenAm	-zən	-𐑟𐑩𐑯	ˈdʒetɪsən	𐑡𐑧𐑑𐑦𐑕𐑩𐑯	89
fragment	jettison	VVI	RSSB	-zən	-𐑟𐑩𐑯	ˈdʒetɪsən	𐑡𐑧𐑑𐑦𐑕𐑩𐑯	89
fragment	jettison	VVI	GenAm	-zən	-𐑟𐑩𐑯	ˈdʒetɪsən	𐑡𐑧𐑑𐑦𐑕𐑩𐑯	89
fragment	jetty	NN1	GenAm	-ti	-𐑑𐑦	ˈdʒeti	𐑡𐑧𐑑𐑦	89
fragment	jetty	VVI	GenAm	-ti	-𐑑𐑦	ˈdʒeti	𐑡𐑧𐑑𐑦	89
fragment	jetty	AJ0	GenAm	-ti	-𐑑𐑦	ˈdʒeti	𐑡𐑧𐑑𐑦	89
fragment	Jevonian	AJ0	RSSB	dʒəˈ-	𐑡𐑩-	dʒeˈvəʊniən	𐑡𐑧𐑝𐑴𐑯𐑦𐑩𐑯	89
fragment	Jevonian	AJ0	GenAm	dʒəˈ-	𐑡𐑩-	dʒeˈvoʊniən	𐑡𐑧𐑝𐑴𐑯𐑦𐑩𐑯	89
fragment	jewellery	NN1	GenAm	ˈdʒʊ-	𐑡𐑫-			1
fragment	jobsworth	NN1	RSSB	-wəRθ	-𐑢𐑼𐑔	dʒɒbzwɜːRθ	𐑡𐑪𐑚𐑟𐑢𐑻𐑔	89
fragment	jocundry	NN1	RSSB	-ri	-𐑮𐑦	dʒəʊkʌndrɪ	𐑡𐑴𐑒𐑳𐑯𐑛𐑮𐑦	89
fragment	Johnsoniana	NN1	GenAm	-ˈænə	-𐑨𐑯𐑩	dʒɒnˌsoʊniˈɒnə	𐑡𐑪𐑯𐑕𐑴𐑯𐑦𐑪𐑯𐑩	89
fragment	jot and tittle	NN1	GenAm	-təl	-𐑑𐑩𐑤	ˌdʒɒt ən ˈtɪtəl	𐑡𐑪𐑑 𐑩𐑯 𐑑𐑦𐑑𐑩𐑤	89
fragment	juanitaite	NN1	RSSB	ʍɑː-	𐑢𐑭-	wɑːˈniːtəˌaɪt	𐑢𐑭𐑯𐑰𐑑𐑩𐑲𐑑	89
fragment	juanitaite	NN1	GenAm	ʍɒ-	𐑢𐑪-	wɒˈnitəˌaɪt	𐑢𐑪𐑯𐑦𐑑𐑩𐑲𐑑	89
fragment	jurisdiction	NN1	GenAm	dʒʊrɪz-	𐑡𐑫𐑮𐑦𐑟-	dʒʊrɪsˈdɪkʃən	𐑡𐑫𐑮𐑦𐑕𐑛𐑦𐑒𐑖𐑩𐑯	89
fragment	jurisdiction	NN1	GenAm	dʒɜːRɪz-	𐑡𐑻𐑦𐑟-	dʒʊrɪsˈdɪkʃən	𐑡𐑫𐑮𐑦𐑕𐑛𐑦𐑒𐑖𐑩𐑯	89
fragment	jurisdiction	NN1	RSSB	dʒʊərɪz-	𐑡𐑫𐑼𐑦𐑟-	dʒʊərɪsdɪkʃən	𐑡𐑫𐑼𐑦𐑕𐑛𐑦𐑒𐑖𐑩𐑯	89
fragment	jurisdiction	NN1	RSSB	dʒɔːrɪz-	𐑡𐑹𐑦𐑟-	dʒʊərɪsdɪkʃən	𐑡𐑫𐑼𐑦𐑕𐑛𐑦𐑒𐑖𐑩𐑯	89
fragment	just what the doctor ordered	NN1	GenAm	-wɒt-	-𐑢𐑪𐑑-	ˌdʒʌst ʍɒt ðə ˈdɒktəR ˌɔːRdəRd	𐑡𐑳𐑕𐑑 𐑢𐑪𐑑 𐑞𐑩 𐑛𐑪𐑒𐑑𐑼 𐑹𐑛𐑼𐑛	1
fragment	justice delayed is justice denied	UNC	GenAm	-dɪˈleɪd-	-𐑛𐑦𐑤𐑱𐑛-	ˌdʒʌstɪs dəˈleɪd ɪz ˌdʒʌstɪs dəˈnaɪd	𐑡𐑳𐑕𐑑𐑦𐑕 𐑛𐑩𐑤𐑱𐑛 𐑦𐑟 𐑡𐑳𐑕𐑑𐑦𐑕 𐑛𐑩𐑯𐑲𐑛	89
fragment	justice delayed is justice denied	UNC	GenAm	-dɪˈnaɪd	-𐑛𐑦𐑯𐑲𐑛	ˌdʒʌstɪs dəˈleɪd ɪz ˌdʒʌstɪs dəˈnaɪd	𐑡𐑳𐑕𐑑𐑦𐑕 𐑛𐑩𐑤𐑱𐑛 𐑦𐑟 𐑡𐑳𐑕𐑑𐑦𐑕 𐑛𐑩𐑯𐑲𐑛	89
fragment	Kaffraria	NP0	RSSB	kə-	𐑒𐑩-	kæfreəriə	𐑒𐑨𐑓𐑮𐑺𐑦𐑩	1
fragment	Kaffraria	NP0	GenAm	kəˈ-	𐑒𐑩-	kæˈfreriə	𐑒𐑨𐑓𐑮𐑧𐑮𐑦𐑩	1
fragment	Kaffrarian	AJ0	RSSB	kə-	𐑒𐑩-	kæfreəriən	𐑒𐑨𐑓𐑮𐑺𐑦𐑩𐑯	1
fragment	Kaffrarian	AJ0	GenAm	kəˈ-	𐑒𐑩-	kæˈfreriən	𐑒𐑨𐑓𐑮𐑧𐑮𐑦𐑩𐑯	1
fragment	Kaffrarian	NN1	RSSB	kə-	𐑒𐑩-	kæfreəriən	𐑒𐑨𐑓𐑮𐑺𐑦𐑩𐑯	1
fragment	Kaffrarian	NN1	GenAm	kəˈ-	𐑒𐑩-	kæˈfreriən	𐑒𐑨𐑓𐑮𐑧𐑮𐑦𐑩𐑯	1
fragment	kakistocracies	NN1	RSSB	kakɪstɒ-	𐑒𐑨𐑒𐑦𐑕𐑑𐑪-	kakɪstɒkrəsƏz	𐑒𐑨𐑒𐑦𐑕𐑑𐑪𐑒𐑮𐑩𐑕𐑩𐑟	1
fragment	kakistocracies	NN1	GenAm	kækɪˈstɒ-	𐑒𐑨𐑒𐑦𐑕𐑑𐑪-	kækɪsˈtɒkrəsiz	𐑒𐑨𐑒𐑦𐑕𐑑𐑪𐑒𐑮𐑩𐑕𐑦𐑟	1
fragment	kakistocracy	NN1	RSSB	kakɪstɒ-	𐑒𐑨𐑒𐑦𐑕𐑑𐑪-	kakɪstɒkrəsɪ	𐑒𐑨𐑒𐑦𐑕𐑑𐑪𐑒𐑮𐑩𐑕𐑦	1
fragment	kakistocracy	NN1	GenAm	kækɪˈstɒ-	𐑒𐑨𐑒𐑦𐑕𐑑𐑪-	kækɪsˈtɒkrəsi	𐑒𐑨𐑒𐑦𐑕𐑑𐑪𐑒𐑮𐑩𐑕𐑦	1
fragment	Kalashnikov	NP0	RSSB	-ˌkɒf	-𐑒𐑪𐑓	kəˈlæʃnɪˌkɒv	𐑒𐑩𐑤𐑨𐑖𐑯𐑦𐑒𐑪𐑝	89
fragment	Kalashnikov	NP0	GenAm	-ˌkɒf	-𐑒𐑪𐑓	kəˈlæʃnəˌkɒv	𐑒𐑩𐑤𐑨𐑖𐑯𐑩𐑒𐑪𐑝	89
fragment	kampung	NN1	RSSB	ˈkæm-	𐑒𐑨𐑥-	ˈkʌmpɒŋ	𐑒𐑳𐑥𐑐𐑪𐑙	89
fragment	kampung	NN1	GenAm	ˈkɒm-	𐑒𐑪𐑥-	ˈkʌmˌpɒŋ	𐑒𐑳𐑥𐑐𐑪𐑙	89
fragment	kampung	NN1	GenAm	-ˌpɒŋ	-𐑐𐑪𐑙	ˈkʌmˌpɒŋ	𐑒𐑳𐑥𐑐𐑪𐑙	89
fragment	Kashmiri	NN1	RSSB	kaʒ-	𐑒𐑨𐑠-	kaʃmɪəiː	𐑒𐑨𐑖𐑥𐑾𐑰	1
fragment	Kashmiri	NN1	GenAm	kæʒ-	𐑒𐑨𐑠-	kæʃˈmɪri	𐑒𐑨𐑖𐑥𐑦𐑮𐑦	1
fragment	Kashmiri	NP0	RSSB	kaʒ-	𐑒𐑨𐑠-	kaʃmɪəiː	𐑒𐑨𐑖𐑥𐑾𐑰	1
fragment	Kashmiri	NP0	GenAm	kæʒ-	𐑒𐑨𐑠-	kæʃˈmɪri	𐑒𐑨𐑖𐑥𐑦𐑮𐑦	1
fragment	Kashmiri	AJ0	RSSB	kaʒ-	𐑒𐑨𐑠-	kaʃmɪəiː	𐑒𐑨𐑖𐑥𐑾𐑰	1
fragment	Kashmiri	AJ0	GenAm	kæʒ-	𐑒𐑨𐑠-	kæʃˈmɪri	𐑒𐑨𐑖𐑥𐑦𐑮𐑦	1
fragment	kenopsia	NN1	RSSB	kɪ-	𐑒𐑦-	kəˈnɒpsiə	𐑒𐑩𐑯𐑪𐑐𐑕𐑦𐑩	89
fragment	kenopsia	NN1	GenAm	kɪ-	𐑒𐑦-	kəˈnɒpsiə	𐑒𐑩𐑯𐑪𐑐𐑕𐑦𐑩	89
fragment	Khachaturian	NP0	GenAm	ˌkɒ-	𐑒𐑪-	ˌkætʃəˈtʊriən	𐑒𐑨𐑗𐑩𐑑𐑫𐑮𐑦𐑩𐑯	1
fragment	khitmatgar	NN1	RSSB	kid-	𐑒𐑦𐑛-	kɪtmətɡɑːR	𐑒𐑦𐑑𐑥𐑩𐑑𐑜𐑸	1
fragment	kibosh	NN1	GenAm	kɪ-	𐑒𐑦-	ˈkaɪˌbɒʃ	𐑒𐑲𐑚𐑪𐑖	89
fragment	kibosh	VVI	GenAm	kɪ-	𐑒𐑦-	ˈkaɪˌbɒʃ	𐑒𐑲𐑚𐑪𐑖	89
fragment	kigurumi	NN1	GenAm	ˌkiː-	𐑒𐑰-	kɪɡuˈrumi	𐑒𐑦𐑜𐑫𐑮𐑫𐑥𐑦	1
fragment	kinesics	NN1	RSSB	kaɪ-	𐑒𐑲-	kɪˈniːsɪks	𐑒𐑦𐑯𐑰𐑕𐑦𐑒𐑕	89
fragment	kirtle	NN1	RSSB	kɜːr-	𐑒𐑻-	kəːtəl	𐑒𐑩ː𐑑𐑩𐑤	89
fragment	kirtle	NN1	GenAm	-təl	-𐑑𐑩𐑤	ˈkəRtəl	𐑒𐑼𐑑𐑩𐑤	1
fragment	kirtle	VVI	RSSB	kɜːr-	𐑒𐑻-	kəːtəl	𐑒𐑩ː𐑑𐑩𐑤	89
fragment	kirtle	VVI	GenAm	-təl	-𐑑𐑩𐑤	ˈkəRtəl	𐑒𐑼𐑑𐑩𐑤	1
fragment	kirtled	AJ0	GenAm	-təld	-𐑑𐑩𐑤𐑛	ˈkəRtəld	𐑒𐑼𐑑𐑩𐑤𐑛	1
fragment	kirtled	VVI	GenAm	-təld	-𐑑𐑩𐑤𐑛	ˈkəRtəld	𐑒𐑼𐑑𐑩𐑤𐑛	1
fragment	kissing ball	NN1	GenAm	-ˌbɒl	-𐑚𐑪𐑤	ˈkɪsɪŋ ˌbɒl	𐑒𐑦𐑕𐑦𐑙 𐑚𐑪𐑤	89
fragment	kissing ball	NN1	GenAm	-ˈbɒl	-𐑚𐑪𐑤	ˈkɪsɪŋ ˌbɒl	𐑒𐑦𐑕𐑦𐑙 𐑚𐑪𐑤	89
fragment	kissing cousin	NN1	GenAm	-ˈkʌzɪn	-𐑒𐑳𐑟𐑦𐑯	ˌkɪsɪŋ ˈkʌzən	𐑒𐑦𐑕𐑦𐑙 𐑒𐑳𐑟𐑩𐑯	89
fragment	kleptoparasitism	NN1	GenAm	-ˌsaɪ-	-𐑕𐑲-	ˌkleptoʊˈperəsɪˌtɪzəm	𐑒𐑤𐑧𐑐𐑑𐑴𐑐𐑧𐑮𐑩𐑕𐑦𐑑𐑦𐑟𐑩𐑥	1
fragment	kludgeocracy	NN1	RSSB	kluːdʒ-	𐑒𐑤𐑵𐑡-	klʌdʒɒkrəsi	𐑒𐑤𐑳𐑡𐑪𐑒𐑮𐑩𐑕𐑦	1
fragment	kludgeocracy	NN1	GenAm	kludʒ-	𐑒𐑤𐑫𐑡-	klʌdʒˈɒkrəsi	𐑒𐑤𐑳𐑡𐑪𐑒𐑮𐑩𐑕𐑦	1
fragment	knee-high by the Fourth of July	UNC	GenAm	-dʒu-	-𐑡𐑫-	ˌniˈhaɪ baɪ ðə ˌfɔːRθəv dʒəˈlaɪ	𐑯𐑦𐑣𐑲 𐑚𐑲 𐑞𐑩 𐑓𐑹𐑔𐑩𐑝 𐑡𐑩𐑤𐑲	1
fragment	knotty	AJ0	GenAm	-ti	-𐑑𐑦	ˈnɒti	𐑯𐑪𐑑𐑦	89
fragment	knuckle sandwich	NN1	RSSB	-wɪtʃ	-𐑢𐑦𐑗	ˈnʌkəl ˈsændwɪdʒ	𐑯𐑳𐑒𐑩𐑤 𐑕𐑨𐑯𐑛𐑢𐑦𐑡	89
fragment	Koine Greek	NP0	RSSB	kɔɪneɪ-	𐑒𐑶𐑯𐑱-	kɔɪneɪ ɡriːk	𐑒𐑶𐑯𐑱 𐑜𐑮𐑰𐑒	1
fragment	Koine Greek	NP0	GenAm	ˈkɔɪˌneɪ-	𐑒𐑶𐑯𐑱-	kɔɪˈneɪ ˌɡrik	𐑒𐑶𐑯𐑱 𐑜𐑮𐑦𐑒	1
fragment	Komodo	NP0	GenAm	kə-	𐑒𐑩-	kəʊˈməʊdəʊ	𐑒𐑴𐑥𐑴𐑛𐑴	89
fragment	Komodo	NN1	GenAm	kə-	𐑒𐑩-	kəʊˈməʊdəʊ	𐑒𐑴𐑥𐑴𐑛𐑴	89
fragment	Kona	NP0	GenAm	ˈkɒ-	𐑒𐑪-	ˈkoʊnə	𐑒𐑴𐑯𐑩	89
fragment	kopitiam	NN1	RSSB	ˈkəʊ-	𐑒𐑴-	ˈkɒpɪˌtiːəm	𐑒𐑪𐑐𐑦𐑑𐑰𐑩𐑥	89
fragment	Koronian	AJ0	RSSB	kə-	𐑒𐑩-	kɒrəʊniən	𐑒𐑪𐑮𐑴𐑯𐑦𐑩𐑯	1
fragment	kouign-amann	NN1	RSSB	-ˈmɑn	-𐑥ɑ𐑯	ˌkwiːn æˈmæn	𐑒𐑢𐑰𐑯 𐑨𐑥𐑨𐑯	1
fragment	kouign-amann	NN1	GenAm	-ˈmɒn	-𐑥𐑪𐑯	ˌkwin æˈmæn	𐑒𐑢𐑦𐑯 𐑨𐑥𐑨𐑯	89
fragment	Kraken Mare	NP0	GenAm	-kən -	-𐑒𐑩𐑯 -	ˈkreɪkɪn meəR	𐑒𐑮𐑱𐑒𐑦𐑯 𐑥𐑺	1
fragment	Kydonia	NP0	RSSB	kaɪˈ-	𐑒𐑲-	kɪˈdəʊniə	𐑒𐑦𐑛𐑴𐑯𐑦𐑩	89
fragment	Kydonia	NP0	GenAm	kaɪˈ-	𐑒𐑲-	kɪˈdoʊniə	𐑒𐑦𐑛𐑴𐑯𐑦𐑩	89
fragment	Kydonian	AJ0	RSSB	kaɪˈ-	𐑒𐑲-	kɪˈdəʊniən	𐑒𐑦𐑛𐑴𐑯𐑦𐑩𐑯	89
fragment	Kydonian	AJ0	GenAm	kaɪˈ-	𐑒𐑲-	kɪˈdoʊniən	𐑒𐑦𐑛𐑴𐑯𐑦𐑩𐑯	89
fragment	Kydonian	NN1	RSSB	kaɪˈ-	𐑒𐑲-	kɪˈdəʊniən	𐑒𐑦𐑛𐑴𐑯𐑦𐑩𐑯	89
fragment	Kydonian	NN1	GenAm	kaɪˈ-	𐑒𐑲-	kɪˈdoʊniən	𐑒𐑦𐑛𐑴𐑯𐑦𐑩𐑯	89
fragment	Kyrgyzstan	NP0	RSSB	-stæn	-𐑕𐑑𐑨𐑯	kɜːRɡɪstɑːn	𐑒𐑻𐑜𐑦𐑕𐑑𐑭𐑯	1
fragment	Kyrgyzstan	NP0	GenAm	-stæn	-𐑕𐑑𐑨𐑯	ˌkɜːrɡɪˈstɑːn	𐑒𐑻𐑜𐑦𐑕𐑑𐑭𐑯	1
fragment	kyriarchal	AJ0	RSSB	kɪ-	𐑒𐑦-	kaɪrɪɑːRkəl	𐑒𐑲𐑮𐑦𐑸𐑒𐑩𐑤	1
fragment	kyriarchal	AJ0	GenAm	ˈkɪ-	𐑒𐑦-	ˈkaɪriˌɑːRkəl	𐑒𐑲𐑮𐑦𐑸𐑒𐑩𐑤	1
fragment	kyriarchy	NN1	RSSB	kɪ-	𐑒𐑦-	kaɪrɪɑːRki	𐑒𐑲𐑮𐑦𐑸𐑒𐑦	1
fragment	kyriarchy	NN1	GenAm	ˈkɪ-	𐑒𐑦-	ˈkaɪriˌɑːRki	𐑒𐑲𐑮𐑦𐑸𐑒𐑦	1
fragment	lady-in-waiting	NN1	GenAm	-tɪŋ	-𐑑𐑦𐑙	ˌleɪdi ɪn ˈweɪtɪŋ	𐑤𐑱𐑛𐑦 𐑦𐑯 𐑢𐑱𐑑𐑦𐑙	89
fragment	laissez faire	NN1	GenAm	ˌleɪ-	𐑤𐑱-	ˌleˌseɪ ˈfeər	𐑤𐑧𐑕𐑱 𐑓𐑺	1
fragment	laissez faire	NN1	GenAm	-ˌzeɪ	-𐑟𐑱	ˌleˌseɪ ˈfeər	𐑤𐑧𐑕𐑱 𐑓𐑺	1
fragment	laissez faire	AJ0	GenAm	ˌleɪ-	𐑤𐑱-	ˌleˌseɪ ˈfeər	𐑤𐑧𐑕𐑱 𐑓𐑺	1
fragment	laissez faire	AJ0	GenAm	-ˌzeɪ	-𐑟𐑱	ˌleˌseɪ ˈfeər	𐑤𐑧𐑕𐑱 𐑓𐑺	1
fragment	Lanzarote	NP0	GenAm	-ti	-𐑑𐑦	ˌlɒnzəˈroʊteɪ	𐑤𐑪𐑯𐑟𐑼𐑴𐑑𐑱	1
fragment	Laozi	NP0	GenAm	-zi	-𐑟𐑦	ˈlaʊdzə	𐑤𐑬𐑛𐑟𐑩	89
fragment	Laozi	NP0	RSSB	-ziː	-𐑟𐑰	ˈlaʊtzə	𐑤𐑬𐑑𐑟𐑩	89
fragment	Lapponian	AJ0	RSSB	læˈ-	𐑤𐑨-	ləˈpəʊniən	𐑤𐑩𐑐𐑴𐑯𐑦𐑩𐑯	89
fragment	Lapponian	AJ0	GenAm	læˈ-	𐑤𐑨-	ləˈpoʊniən	𐑤𐑩𐑐𐑴𐑯𐑦𐑩𐑯	89
fragment	Lapponian	NN1	RSSB	læˈ-	𐑤𐑨-	ləˈpəʊniən	𐑤𐑩𐑐𐑴𐑯𐑦𐑩𐑯	89
fragment	Lapponian	NN1	GenAm	læˈ-	𐑤𐑨-	ləˈpoʊniən	𐑤𐑩𐑐𐑴𐑯𐑦𐑩𐑯	89
fragment	lascivious	AJ0	RSSB	-viəs	-𐑝𐑦𐑩𐑕	ləˈsɪvɪəs	𐑤𐑩𐑕𐑦𐑝𐑾𐑕	89
fragment	last chance saloon	NN1	RSSB	ˌlæsttʃæns-	𐑤𐑨𐑕𐑑𐑗𐑨𐑯𐑕-	ˌlɑːsttʃɑːns səˈluːn	𐑤𐑭𐑕𐑑𐑗𐑭𐑯𐑕 𐑕𐑩𐑤𐑵𐑯	89
fragment	last chance saloon	NN1	GenAm	ˈlæst-	𐑤𐑨𐑕𐑑-	ˌlæstˌtʃæns səˈlun	𐑤𐑨𐑕𐑑𐑗𐑨𐑯𐑕 𐑕𐑩𐑤𐑫𐑯	89
fragment	last mile	NN1	RSSB	ˌlæst-	𐑤𐑨𐑕𐑑-	ˌlɑːst ˈmaɪl	𐑤𐑭𐑕𐑑 𐑥𐑲𐑤	89
fragment	Latina	NN1	GenAm	læ-	𐑤𐑨-	ləˈtinə	𐑤𐑩𐑑𐑦𐑯𐑩	89
fragment	Latina	AJ0	GenAm	læ-	𐑤𐑨-	ləˈtinə	𐑤𐑩𐑑𐑦𐑯𐑩	89
fragment	Latina	NP0	GenAm	læ-	𐑤𐑨-	ləˈtinə	𐑤𐑩𐑑𐑦𐑯𐑩	89
fragment	Latine	NN1	GenAm	læ-	𐑤𐑨-	ləˈtineɪ	𐑤𐑩𐑑𐑦𐑯𐑱	89
fragment	Latine	NN1	GenAm	lɑː-	𐑤𐑭-	ləˈtineɪ	𐑤𐑩𐑑𐑦𐑯𐑱	89
fragment	Latine	AJ0	GenAm	læ-	𐑤𐑨-	ləˈtineɪ	𐑤𐑩𐑑𐑦𐑯𐑱	89
fragment	Latine	AJ0	GenAm	lɑː-	𐑤𐑭-	ləˈtineɪ	𐑤𐑩𐑑𐑦𐑯𐑱	89
fragment	Latino	AJ0	GenAm	læ-	𐑤𐑨-	ləˈtinoʊ	𐑤𐑩𐑑𐑦𐑯𐑴	89
fragment	Latino	NN1	GenAm	læ-	𐑤𐑨-	ləˈtinoʊ	𐑤𐑩𐑑𐑦𐑯𐑴	89
fragment	Latinx	AJ0	GenAm	læ-	𐑤𐑨-	ləˈtineks	𐑤𐑩𐑑𐑦𐑯𐑧𐑒𐑕	89
fragment	Latinx	AJ0	GenAm	lɑː-	𐑤𐑭-	ləˈtineks	𐑤𐑩𐑑𐑦𐑯𐑧𐑒𐑕	89
fragment	Latinx	NN1	GenAm	læ-	𐑤𐑨-	ləˈtineks	𐑤𐑩𐑑𐑦𐑯𐑧𐑒𐑕	89
fragment	Latinx	NN1	GenAm	lɑː-	𐑤𐑭-	ləˈtineks	𐑤𐑩𐑑𐑦𐑯𐑧𐑒𐑕	89
fragment	law unto oneself	NN1	RSSB	-ˈʌntuː-	-𐑳𐑯𐑑𐑵-	ˈlɔː ˈʌntʊ ˌwʌnˈself	𐑤𐑷 𐑳𐑯𐑑𐑫 𐑢𐑳𐑯𐑕𐑧𐑤𐑓	89
fragment	law unto oneself	NN1	RSSB	-ˈʌntə-	-𐑳𐑯𐑑𐑩-	ˈlɔː ˈʌntʊ ˌwʌnˈself	𐑤𐑷 𐑳𐑯𐑑𐑫 𐑢𐑳𐑯𐑕𐑧𐑤𐑓	89
fragment	law unto oneself	NN1	GenAm	-ˈʌntʊ-	-𐑳𐑯𐑑𐑫-	ˈlɒ ˈʌntə ˌwʌnˈself	𐑤𐑪 𐑳𐑯𐑑𐑩 𐑢𐑳𐑯𐑕𐑧𐑤𐑓	89
fragment	lawfare	NN1	GenAm	ˈlɒ-	𐑤𐑪-	ˈlɒˌfeər	𐑤𐑪𐑓𐑺	1
fragment	lazaretti	NN1	GenAm	-ti	-𐑑𐑦	ˌlæzəˈreti	𐑤𐑨𐑟𐑼𐑧𐑑𐑦	1
fragment	lazaretto	NN1	GenAm	-toʊ	-𐑑𐑴	ˌlæzəˈretoʊ	𐑤𐑨𐑟𐑼𐑧𐑑𐑴	1
fragment	lazaretto	NN1	GenAm	-ti	-𐑑𐑦	ˌlæzəˈretoʊ	𐑤𐑨𐑟𐑼𐑧𐑑𐑴	1
fragment	leapfrog	NN1	GenAm	-frɒɡ	-𐑓𐑮𐑪𐑜	ˈliːpfrɒɡ	𐑤𐑰𐑐𐑓𐑮𐑪𐑜	89
fragment	leapfrog	VVI	GenAm	-frɒɡ	-𐑓𐑮𐑪𐑜	ˈliːpfrɒɡ	𐑤𐑰𐑐𐑓𐑮𐑪𐑜	89
fragment	Leeuwarden	NP0	GenAm	-ə	-𐑩	ˈleɪwɑːRdən	𐑤𐑱𐑢𐑸𐑛𐑩𐑯	1
fragment	Leeuwarden	NP0	RSSB	-ə	-𐑩	leɪwɑːRdəRn	𐑤𐑱𐑢𐑸𐑛𐑼𐑯	1
fragment	legative	AJ0	GenAm	-tɪv	-𐑑𐑦𐑝	ˈleɡətɪv	𐑤𐑧𐑜𐑩𐑑𐑦𐑝	89
fragment	legman	NN1	RSSB	-mən	-𐑥𐑩𐑯	ˈleɡˌmæn	𐑤𐑧𐑜𐑥𐑨𐑯	89
fragment	leonine	AJ0	RSSB	-nɪn	-𐑯𐑦𐑯	ˈliːənaɪn	𐑤𐑰𐑩𐑯𐑲𐑯	89
fragment	leonine	NN1	RSSB	-nɪn	-𐑯𐑦𐑯	ˈliːənaɪn	𐑤𐑰𐑩𐑯𐑲𐑯	89
fragment	leopon	NN1	RSSB	-pɒn	-𐑐𐑪𐑯	ˈliːəpɒn	𐑤𐑰𐑩𐑐𐑪𐑯	89
fragment	leopon	NN1	GenAm	-ˌpɒn	-𐑐𐑪𐑯	ˈlepən	𐑤𐑧𐑐𐑩𐑯	89
fragment	letter	NN1	GenAm	-təR	-𐑑𐑼	ˈletəR	𐑤𐑧𐑑𐑼	89
fragment	letter	VVI	GenAm	-təR	-𐑑𐑼	ˈletəR	𐑤𐑧𐑑𐑼	89
fragment	letters patent	NN1	RSSB	-pæ-	-𐑐𐑨-	letəRz peɪtənt	𐑤𐑧𐑑𐑼𐑟 𐑐𐑱𐑑𐑩𐑯𐑑	1
fragment	letters patent	NN1	GenAm	-ˈpeɪ-	-𐑐𐑱-	ˌletəRz ˈpætənt	𐑤𐑧𐑑𐑼𐑟 𐑐𐑨𐑑𐑩𐑯𐑑	1
fragment	lexicography	NN1	GenAm	-sə-	-𐑕𐑩-	ˌleksɪˈkɒɡrəfi	𐑤𐑧𐑒𐑕𐑦𐑒𐑪𐑜𐑮𐑩𐑓𐑦	1
fragment	Lexiteer	NN1	RSSB	leɡzɪ-	𐑤𐑧𐑜𐑟𐑦-	leksɪtɪər	𐑤𐑧𐑒𐑕𐑦𐑑𐑽	1
fragment	liaison	NN1	RSSB	-ˌzɒn	-𐑟𐑪𐑯	laɪˈeɪˌzɒn	𐑤𐑲𐑱𐑟𐑪𐑯	89
fragment	liaison	NN1	RSSB	-zən	-𐑟𐑩𐑯	laɪˈeɪˌzɒn	𐑤𐑲𐑱𐑟𐑪𐑯	89
fragment	liaison	NN1	GenAm	-ˌsɒn	-𐑕𐑪𐑯	liˈeɪˌzɒn	𐑤𐑦𐑱𐑟𐑪𐑯	89
fragment	liaison	VVI	RSSB	-ˌzɒn	-𐑟𐑪𐑯	laɪˈeɪˌzɒn	𐑤𐑲𐑱𐑟𐑪𐑯	89
fragment	liaison	VVI	RSSB	-zən	-𐑟𐑩𐑯	laɪˈeɪˌzɒn	𐑤𐑲𐑱𐑟𐑪𐑯	89
fragment	liaison	VVI	GenAm	-ˌsɒn	-𐑕𐑪𐑯	liˈeɪˌzɒn	𐑤𐑦𐑱𐑟𐑪𐑯	89
fragment	libertarian	NN1	RSSB	-rj-	-𐑮𐑘-	lɪbəRteərɪən	𐑤𐑦𐑚𐑼𐑑𐑺𐑾𐑯	30
fragment	libertarian	AJ0	RSSB	-rj-	-𐑮𐑘-	lɪbəRteərɪən	𐑤𐑦𐑚𐑼𐑑𐑺𐑾𐑯	30
fragment	Libertarian	NN1	RSSB	-rj-	-𐑮𐑘-	lɪbəRteərɪən	𐑤𐑦𐑚𐑼𐑑𐑺𐑾𐑯	30
fragment	Libertarian	AJ0	RSSB	-rj-	-𐑮𐑘-	lɪbəRteərɪən	𐑤𐑦𐑚𐑼𐑑𐑺𐑾𐑯	30
fragment	libido	NN1	RSSB	lɪˈ-	𐑤𐑦-	lɪˈbiːdəʊ	𐑤𐑦𐑚𐑰𐑛𐑴	89
fragment	lie doggo	VVI	GenAm	-ˈdɒ-	-𐑛𐑪-	laɪ ˈdɒɡoʊ	𐑤𐑲 𐑛𐑪𐑜𐑴	89
fragment	lieutenant colonel	NN1	RSSB	ljuː-	𐑤𐑿-	lefˈtenənt ˈkɜːnəl	𐑤𐑧𐑓𐑑𐑧𐑯𐑩𐑯𐑑 𐑒𐑻𐑯𐑩𐑤	89
fragment	lighting	NN1	GenAm	-tɪŋ	-𐑑𐑦𐑙	ˈlaɪtɪŋ	𐑤𐑲𐑑𐑦𐑙	89
fragment	lighting	VVI	GenAm	-tɪŋ	-𐑑𐑦𐑙	ˈlaɪtɪŋ	𐑤𐑲𐑑𐑦𐑙	89
fragment	like turkeys voting for an early Christmas	UNC	GenAm	-tɪŋ-	-𐑑𐑦𐑙-	laɪk ˌtɜːRkiz ˈvoʊtɪŋ fəRən ˌɜːRli ˈkrɪsməs	𐑤𐑲𐑒 𐑑𐑻𐑒𐑦𐑟 𐑝𐑴𐑑𐑦𐑙 𐑓𐑼𐑩𐑯 𐑻𐑤𐑦 𐑒𐑮𐑦𐑕𐑥𐑩𐑕	1
fragment	like turkeys voting for Christmas	UNC	GenAm	-tɪŋ-	-𐑑𐑦𐑙-	laɪk ˌtɜːRkiz ˈvoʊtɪŋ fəR ˈkrɪsməs	𐑤𐑲𐑒 𐑑𐑻𐑒𐑦𐑟 𐑝𐑴𐑑𐑦𐑙 𐑓𐑼 𐑒𐑮𐑦𐑕𐑥𐑩𐑕	1
fragment	Likert	NP0	RSSB	laɪ-	𐑤𐑲-	lɪkəRt	𐑤𐑦𐑒𐑼𐑑	1
fragment	Likert	NP0	GenAm	ˈlaɪ-	𐑤𐑲-	ˈlɪkərt	𐑤𐑦𐑒𐑼𐑑	1
fragment	linaria	NN1	GenAm	lɪˈ-	𐑤𐑦-	ˌlaɪˈneriə	𐑤𐑲𐑯𐑧𐑮𐑦𐑩	1
fragment	Liparian	AJ0	GenAm	-ˈpeɪ-	-𐑐𐑱-	lɪˈperiən	𐑤𐑦𐑐𐑧𐑮𐑦𐑩𐑯	1
fragment	Liparian	NN1	GenAm	-ˈpeɪ-	-𐑐𐑱-	lɪˈperiən	𐑤𐑦𐑐𐑧𐑮𐑦𐑩𐑯	1
fragment	literacy	NN1	GenAm	-tərə-	-𐑑𐑼𐑩-	ˈlɪtərəsi	𐑤𐑦𐑑𐑼𐑩𐑕𐑦	89
fragment	Logan Square	NP0	GenAm	-weər	-𐑢𐑺	ˈloʊɡən ˌskwer	𐑤𐑴𐑜𐑩𐑯 𐑕𐑒𐑢𐑧𐑮	89
fragment	loggerhead	NN1	GenAm	ˈlɒ-	𐑤𐑪-	ˈlɒɡəRˌhed	𐑤𐑪𐑜𐑼𐑣𐑧𐑛	1
fragment	logion	NN1	RSSB	ˈlɒ-	𐑤𐑪-	ˈləʊɡɪən	𐑤𐑴𐑜𐑾𐑯	89
fragment	logion	NN1	RSSB	-ɒn	-𐑪𐑯	ˈləʊɡɪən	𐑤𐑴𐑜𐑾𐑯	89
fragment	logistical	AJ0	RSSB	lɒ-	𐑤𐑪-	ləˈdʒɪstɪkəl	𐑤𐑩𐑡𐑦𐑕𐑑𐑦𐑒𐑩𐑤	89
fragment	logistical	AJ0	GenAm	lɒ-	𐑤𐑪-	ləˈdʒɪstɪkəl	𐑤𐑩𐑡𐑦𐑕𐑑𐑦𐑒𐑩𐑤	89
fragment	logorrhea	NN1	RSSB	-riː-	-𐑮𐑰-	lɒɡərɪə	𐑤𐑪𐑜𐑼𐑾	30
fragment	logorrhea	NN1	GenAm	-ˈriː-	-𐑮𐑰-	ˌlɒɡəˈriə	𐑤𐑪𐑜𐑼𐑦𐑩	30
fragment	logorrhea	NN1	GenAm	ˌlɒ-	𐑤𐑪-	ˌlɒɡəˈriə	𐑤𐑪𐑜𐑼𐑦𐑩	1
fragment	logrolling	NN1	GenAm	ˈlɒɡ-	𐑤𐑪𐑜-	ˈlɒɡˌroʊlɪŋ	𐑤𐑪𐑜𐑮𐑴𐑤𐑦𐑙	1
fragment	logrolling	VVI	GenAm	ˈlɒɡ-	𐑤𐑪𐑜-	ˈlɒɡˌroʊlɪŋ	𐑤𐑪𐑜𐑮𐑴𐑤𐑦𐑙	1
fragment	long drink of water	NN1	GenAm	- ˈwɒtəR	- 𐑢𐑪𐑑𐑼	lɒŋ ˈdrɪŋk əv ˈwɒtəR	𐑤𐑪𐑙 𐑛𐑮𐑦𐑙𐑒 𐑩𐑝 𐑢𐑪𐑑𐑼	30
fragment	longevity	NN1	RSSB	lɒŋ-	𐑤𐑪𐑙-	lɒnˈdʒevɪti	𐑤𐑪𐑯𐑡𐑧𐑝𐑦𐑑𐑦	89
fragment	longhaul	VVI	GenAm	lɒŋ-	𐑤𐑪𐑙-	ˈlɒŋhɒl	𐑤𐑪𐑙𐑣𐑪𐑤	89
fragment	longhauling	NN1	GenAm	ˈlɒŋ-	𐑤𐑪𐑙-	ˈlɒŋhɒlɪŋ	𐑤𐑪𐑙𐑣𐑪𐑤𐑦𐑙	89
fragment	longhauling	VVI	GenAm	ˈlɒŋ-	𐑤𐑪𐑙-	ˈlɒŋhɒlɪŋ	𐑤𐑪𐑙𐑣𐑪𐑤𐑦𐑙	89
fragment	lovely jubbly	ITJ	RSSB	-ˌli	-𐑤𐑦	ˌlʌvli ˈdʒʌbli	𐑤𐑳𐑝𐑤𐑦 𐑡𐑳𐑚𐑤𐑦	89
fragment	lovely jubbly	AJ0	RSSB	-ˌli	-𐑤𐑦	ˌlʌvli ˈdʒʌbli	𐑤𐑳𐑝𐑤𐑦 𐑡𐑳𐑚𐑤𐑦	89
fragment	lovely jubbly	NN1	RSSB	-ˌli	-𐑤𐑦	ˌlʌvli ˈdʒʌbli	𐑤𐑳𐑝𐑤𐑦 𐑡𐑳𐑚𐑤𐑦	89
fragment	lovingkindness	NN1	RSSB	-nəs	-𐑯𐑩𐑕	lʌvɪŋˈkʌɪndnəs	𐑤𐑳𐑝𐑦𐑙𐑒𐑳𐑦𐑯𐑛𐑯𐑩𐑕	89
fragment	Lucian	NP0	RSSB	ˈljuː-	𐑤𐑿-	ˈluːsɪən	𐑤𐑵𐑕𐑾𐑯	89
fragment	lumbago	NN1	GenAm	ˌləm-	𐑤𐑩𐑥-	ˌlʌmˈbeɪˌɡoʊ	𐑤𐑳𐑥𐑚𐑱𐑜𐑴	89
fragment	lumbago	VVI	GenAm	ˌləm-	𐑤𐑩𐑥-	ˌlʌmˈbeɪˌɡoʊ	𐑤𐑳𐑥𐑚𐑱𐑜𐑴	89
fragment	lumpenproletarian	AJ0	RSSB	lʌm-	𐑤𐑳𐑥-	lʊmpənprəʊləteəriəRn	𐑤𐑫𐑥𐑐𐑩𐑯𐑐𐑮𐑴𐑤𐑩𐑑𐑺𐑦𐑼𐑯	1
fragment	lumpenproletarian	AJ0	GenAm	ˌlʌm-	𐑤𐑳𐑥-	ˌlʊmpənˌproʊləˈteriən	𐑤𐑫𐑥𐑐𐑩𐑯𐑐𐑮𐑴𐑤𐑩𐑑𐑧𐑮𐑦𐑩𐑯	1
fragment	lumpenproletarian	NN1	RSSB	lʌm-	𐑤𐑳𐑥-	lʊmpənprəʊləteəriəRn	𐑤𐑫𐑥𐑐𐑩𐑯𐑐𐑮𐑴𐑤𐑩𐑑𐑺𐑦𐑼𐑯	1
fragment	lumpenproletarian	NN1	GenAm	ˌlʌm-	𐑤𐑳𐑥-	ˌlʊmpənˌproʊləˈteriən	𐑤𐑫𐑥𐑐𐑩𐑯𐑐𐑮𐑴𐑤𐑩𐑑𐑧𐑮𐑦𐑩𐑯	1
fragment	lustrious	AJ0	GenAm	ˈləs-	𐑤𐑩𐑕-	ˈlʌstriəs	𐑤𐑳𐑕𐑑𐑮𐑦𐑩𐑕	1
fragment	luxuriant	AJ0	RSSB	ləRɡ-	𐑤𐑼𐑜-	lʌɡzjəəriənt	𐑤𐑳𐑜𐑟𐑘𐑩𐑼𐑦𐑩𐑯𐑑	89
fragment	luxuriant	AJ0	RSSB	-ɔːriəRnt	-𐑹𐑦𐑼𐑯𐑑	lʌɡzjəəriənt	𐑤𐑳𐑜𐑟𐑘𐑩𐑼𐑦𐑩𐑯𐑑	89
fragment	luxuriant	AJ0	GenAm	-ɜːRiənt	-𐑻𐑦𐑩𐑯𐑑	ləɡˈʒʊriənt	𐑤𐑩𐑜𐑠𐑫𐑮𐑦𐑩𐑯𐑑	89
fragment	lycanthropy	NN1	RSSB	lʌɪ-	𐑤𐑳𐑦-	laɪkænθrəpiː	𐑤𐑲𐑒𐑨𐑯𐑔𐑮𐑩𐑐𐑰	1
fragment	lycanthropy	NN1	RSSB	-kan-	-𐑒𐑨𐑯-	laɪkænθrəpiː	𐑤𐑲𐑒𐑨𐑯𐑔𐑮𐑩𐑐𐑰	1
fragment	Lycaonia	NP0	RSSB	ˌlaɪ-	𐑤𐑲-	ˌlɪkəˈəʊniə	𐑤𐑦𐑒𐑩𐑴𐑯𐑦𐑩	89
fragment	Lycaonia	NP0	GenAm	ˌlaɪ-	𐑤𐑲-	ˌlɪkəˈoʊniə	𐑤𐑦𐑒𐑩𐑴𐑯𐑦𐑩	89
fragment	Lycaonia	NP0	RSSB	-keɪˈ-	-𐑒𐑱-	ˌlɪkəˈəʊniə	𐑤𐑦𐑒𐑩𐑴𐑯𐑦𐑩	89
fragment	Lycaonia	NP0	GenAm	-keɪˈ-	-𐑒𐑱-	ˌlɪkəˈoʊniə	𐑤𐑦𐑒𐑩𐑴𐑯𐑦𐑩	89
fragment	Lycaonian	AJ0	RSSB	ˌlaɪ-	𐑤𐑲-	ˌlɪkəˈəʊniən	𐑤𐑦𐑒𐑩𐑴𐑯𐑦𐑩𐑯	89
fragment	Lycaonian	AJ0	GenAm	ˌlaɪ-	𐑤𐑲-	ˌlɪkəˈoʊniən	𐑤𐑦𐑒𐑩𐑴𐑯𐑦𐑩𐑯	89
fragment	Lycaonian	AJ0	RSSB	-keɪˈ-	-𐑒𐑱-	ˌlɪkəˈəʊniən	𐑤𐑦𐑒𐑩𐑴𐑯𐑦𐑩𐑯	89
fragment	Lycaonian	AJ0	GenAm	-keɪˈ-	-𐑒𐑱-	ˌlɪkəˈoʊniən	𐑤𐑦𐑒𐑩𐑴𐑯𐑦𐑩𐑯	89
fragment	Lycaonian	NN1	RSSB	ˌlaɪ-	𐑤𐑲-	ˌlɪkəˈəʊniən	𐑤𐑦𐑒𐑩𐑴𐑯𐑦𐑩𐑯	89
fragment	Lycaonian	NN1	GenAm	ˌlaɪ-	𐑤𐑲-	ˌlɪkəˈoʊniən	𐑤𐑦𐑒𐑩𐑴𐑯𐑦𐑩𐑯	89
fragment	Lycaonian	NN1	RSSB	-keɪˈ-	-𐑒𐑱-	ˌlɪkəˈəʊniən	𐑤𐑦𐑒𐑩𐑴𐑯𐑦𐑩𐑯	89
fragment	Lycaonian	NN1	GenAm	-keɪˈ-	-𐑒𐑱-	ˌlɪkəˈoʊniən	𐑤𐑦𐑒𐑩𐑴𐑯𐑦𐑩𐑯	89
fragment	lysergic	AJ0	RSSB	lə-	𐑤𐑩-	laɪsɜːRdʒɪk	𐑤𐑲𐑕𐑻𐑡𐑦𐑒	1
fragment	lysergic	AJ0	GenAm	lə-	𐑤𐑩-	laɪˈsəRdʒik	𐑤𐑲𐑕𐑼𐑡𐑦𐑒	1
fragment	MacGyver	NN1	GenAm	mɪk-	𐑥𐑦𐑒-	məˈɡaɪvəR	𐑥𐑩𐑜𐑲𐑝𐑼	1
fragment	MacGyver	VVI	GenAm	mɪk-	𐑥𐑦𐑒-	məˈɡaɪvəR	𐑥𐑩𐑜𐑲𐑝𐑼	1
fragment	machosexual	NN1	RSSB	ma-	𐑥𐑨-	ˌmætʃəʊˈsekʃuːəl	𐑥𐑨𐑗𐑴𐑕𐑧𐑒𐑖𐑵𐑩𐑤	89
fragment	Madagascar	NP0	RSSB	-ɑːR	-𐑸	madəɡaskəR	𐑥𐑨𐑛𐑩𐑜𐑨𐑕𐑒𐑼	89
fragment	Madagascar	NN1	RSSB	-ɑːR	-𐑸	madəɡaskəR	𐑥𐑨𐑛𐑩𐑜𐑨𐑕𐑒𐑼	89
fragment	maelstrom	NN1	RSSB	-strɒm	-𐑕𐑑𐑮𐑪𐑥	meɪlstrəm	𐑥𐑱𐑤𐑕𐑑𐑮𐑩𐑥	89
fragment	maelstrom	NN1	GenAm	-ˌstrəm	-𐑕𐑑𐑮𐑩𐑥	ˈmeɪlˌstrɒm	𐑥𐑱𐑤𐑕𐑑𐑮𐑪𐑥	89
fragment	maelstrom	NN1	GenAm	-ˌztrɒm	-𐑟𐑑𐑮𐑪𐑥	ˈmeɪlˌstrɒm	𐑥𐑱𐑤𐑕𐑑𐑮𐑪𐑥	89
fragment	maelstrom	NN1	GenAm	-ˌztrəm	-𐑟𐑑𐑮𐑩𐑥	ˈmeɪlˌstrɒm	𐑥𐑱𐑤𐑕𐑑𐑮𐑪𐑥	89
fragment	maenad	NN1	RSSB	ˈmaɪ-	𐑥𐑲-	ˈmiːnæd	𐑥𐑰𐑯𐑨𐑛	89
fragment	maenad	NN1	GenAm	ˈmaɪ-	𐑥𐑲-	ˈmiˌnæd	𐑥𐑦𐑯𐑨𐑛	89
fragment	maenads	NN1	RSSB	ˈmaɪ-	𐑥𐑲-	ˈmiːnædz	𐑥𐑰𐑯𐑨𐑛𐑟	89
fragment	maenads	NN1	GenAm	ˈmaɪ-	𐑥𐑲-	ˈmiˌnædz	𐑥𐑦𐑯𐑨𐑛𐑟	89
fragment	Maeonia	NP0	RSSB	maɪˈ-	𐑥𐑲-	miːˈəʊniə	𐑥𐑰𐑴𐑯𐑦𐑩	89
fragment	Maeonia	NP0	GenAm	maɪˈ-	𐑥𐑲-	miˈoʊniə	𐑥𐑦𐑴𐑯𐑦𐑩	89
fragment	Maeonia	NP0	RSSB	meɪˈ-	𐑥𐑱-	miːˈəʊniə	𐑥𐑰𐑴𐑯𐑦𐑩	89
fragment	Maeonia	NP0	GenAm	meɪˈ-	𐑥𐑱-	miˈoʊniə	𐑥𐑦𐑴𐑯𐑦𐑩	89
fragment	Maeonian	AJ0	RSSB	maɪˈ-	𐑥𐑲-	miːˈəʊniən	𐑥𐑰𐑴𐑯𐑦𐑩𐑯	89
fragment	Maeonian	AJ0	GenAm	maɪˈ-	𐑥𐑲-	miˈoʊniən	𐑥𐑦𐑴𐑯𐑦𐑩𐑯	89
fragment	Maeonian	AJ0	RSSB	meɪˈ-	𐑥𐑱-	miːˈəʊniən	𐑥𐑰𐑴𐑯𐑦𐑩𐑯	89
fragment	Maeonian	AJ0	GenAm	meɪˈ-	𐑥𐑱-	miˈoʊniən	𐑥𐑦𐑴𐑯𐑦𐑩𐑯	89
fragment	Maeonian	NN1	RSSB	maɪˈ-	𐑥𐑲-	miːˈəʊniən	𐑥𐑰𐑴𐑯𐑦𐑩𐑯	89
fragment	Maeonian	NN1	GenAm	maɪˈ-	𐑥𐑲-	miˈoʊniən	𐑥𐑦𐑴𐑯𐑦𐑩𐑯	89
fragment	Maeonian	NN1	RSSB	meɪˈ-	𐑥𐑱-	miːˈəʊniən	𐑥𐑰𐑴𐑯𐑦𐑩𐑯	89
fragment	Maeonian	NN1	GenAm	meɪˈ-	𐑥𐑱-	miˈoʊniən	𐑥𐑦𐑴𐑯𐑦𐑩𐑯	89
fragment	Magi	NP0	GenAm	ˈmæ-	𐑥𐑨-	ˈmeɪˌdʒaɪ	𐑥𐑱𐑡𐑲	89
fragment	Magna Carta	NP0	GenAm	-tə	-𐑑𐑩	ˌmæɡnə ˈkɑːrtə	𐑥𐑨𐑜𐑯𐑩 𐑒𐑸𐑑𐑩	1
fragment	Magna Carta	NN1	GenAm	-tə	-𐑑𐑩	ˌmæɡnə ˈkɑːrtə	𐑥𐑨𐑜𐑯𐑩 𐑒𐑸𐑑𐑩	1
fragment	Magna Charta	NP0	GenAm	-tə	-𐑑𐑩	ˌmæɡnə ˈkɑːrtə	𐑥𐑨𐑜𐑯𐑩 𐑒𐑸𐑑𐑩	1
fragment	Magna Charta	NN1	GenAm	-tə	-𐑑𐑩	ˌmæɡnə ˈkɑːrtə	𐑥𐑨𐑜𐑯𐑩 𐑒𐑸𐑑𐑩	1
fragment	magnality	NN1	GenAm	-lɪti	-𐑤𐑦𐑑𐑦	mæɡˈnælɪti	𐑥𐑨𐑜𐑯𐑨𐑤𐑦𐑑𐑦	89
fragment	magnetron	NN1	RSSB	-nɪt-	-𐑯𐑦𐑑-	mæɡnəttrɒn	𐑥𐑨𐑜𐑯𐑩𐑑𐑑𐑮𐑪𐑯	1
fragment	magnetron	NN1	GenAm	-nɪtˌ-	-𐑯𐑦𐑑-	ˈmæɡnətˌtrɒn	𐑥𐑨𐑜𐑯𐑩𐑑𐑑𐑮𐑪𐑯	1
fragment	mainland	NN1	GenAm	-lænd	-𐑤𐑨𐑯𐑛	ˈmeɪnlənd	𐑥𐑱𐑯𐑤𐑩𐑯𐑛	89
fragment	malaise	NN1	GenAm	-ˈlez	-𐑤𐑧𐑟	məˈleɪz	𐑥𐑩𐑤𐑱𐑟	89
fragment	Maldives	NP0	GenAm	-divz	-𐑛𐑦𐑝𐑟	ˈmɒldaɪvz	𐑥𐑪𐑤𐑛𐑲𐑝𐑟	89
fragment	mali	NN1	GenAm	ˈmæ-	𐑥𐑨-	ˈmɒli	𐑥𐑪𐑤𐑦	89
fragment	mali	NN1	RSSB	ˈmæ-	𐑥𐑨-	ˈmɑːli	𐑥𐑭𐑤𐑦	89
fragment	mali	NN1	RSSB	ˈmɑː-	𐑥𐑭-	ˈmɑːli	𐑥𐑭𐑤𐑦	89
fragment	mallee	NN1	GenAm	ˈmæ-	𐑥𐑨-	ˈmɒli	𐑥𐑪𐑤𐑦	89
fragment	man Friday	NN1	RSSB	-di	-𐑛𐑦	mæn fraɪdeɪ	𐑥𐑨𐑯 𐑓𐑮𐑲𐑛𐑱	1
fragment	man Friday	NN1	GenAm	-di	-𐑛𐑦	ˌmæn ˈfraɪˌdeɪ	𐑥𐑨𐑯 𐑓𐑮𐑲𐑛𐑱	1
fragment	man-of-war	NN1	GenAm	ˈmæn-	𐑥𐑨𐑯-	ˌmænəvˈwor	𐑥𐑨𐑯𐑩𐑝𐑢𐑪𐑮	1
fragment	mana	NN1	RSSB	ˈmæ-	𐑥𐑨-	ˈmɑːnə	𐑥𐑭𐑯𐑩	89
fragment	mana	NN1	GenAm	ˈmæ-	𐑥𐑨-	ˈmɒnə	𐑥𐑪𐑯𐑩	89
fragment	manat	NN1	GenAm	məˈ-	𐑥𐑩-	mɒˈnɒt	𐑥𐑪𐑯𐑪𐑑	89
fragment	Mancunian	AJ0	RSSB	maŋ-	𐑥𐑨𐑙-	manˈkjuːnɪən	𐑥𐑨𐑯𐑒𐑿𐑯𐑾𐑯	89
fragment	Mancunian	NN1	RSSB	maŋ-	𐑥𐑨𐑙-	manˈkjuːnɪən	𐑥𐑨𐑯𐑒𐑿𐑯𐑾𐑯	89
fragment	Mancunian	NP0	RSSB	maŋ-	𐑥𐑨𐑙-	manˈkjuːnɪən	𐑥𐑨𐑯𐑒𐑿𐑯𐑾𐑯	89
fragment	mandilion	NN1	GenAm	-jən	-𐑘𐑩𐑯	mænˈdɪliən	𐑥𐑨𐑯𐑛𐑦𐑤𐑦𐑩𐑯	89
fragment	mandylion	NN1	GenAm	-jən	-𐑘𐑩𐑯	mænˈdɪliən	𐑥𐑨𐑯𐑛𐑦𐑤𐑦𐑩𐑯	89
fragment	Manhattan distance	NN1	GenAm	mən-	𐑥𐑩𐑯-	mænˌhætən ˈdɪstənts	𐑥𐑨𐑯𐑣𐑨𐑑𐑩𐑯 𐑛𐑦𐑕𐑑𐑩𐑯𐑑𐑕	89
fragment	manhua	NN1	RSSB	-wɑː	-𐑢𐑭	ˈmænhwɑː	𐑥𐑨𐑯𐑣𐑢𐑭	89
fragment	manhua	NN1	GenAm	-wɒ	-𐑢𐑪	ˈmɒnhwɒ	𐑥𐑪𐑯𐑣𐑢𐑪	89
fragment	manhwa	NN1	RSSB	-wɑː	-𐑢𐑭	ˈmænhwɑː	𐑥𐑨𐑯𐑣𐑢𐑭	89
fragment	manhwa	NN1	GenAm	-wɒ	-𐑢𐑪	ˈmɒnhwɒ	𐑥𐑪𐑯𐑣𐑢𐑪	89
fragment	manipulatable	AJ0	GenAm	-tə	-𐑑𐑩	məˈnɪpjəˌleɪtəbəl	𐑥𐑩𐑯𐑦𐑐𐑘𐑩𐑤𐑱𐑑𐑩𐑚𐑩𐑤	89
fragment	mantelletta	NN1	GenAm	-tə	-𐑑𐑩	ˌmæntəˈletə	𐑥𐑨𐑯𐑑𐑩𐑤𐑧𐑑𐑩	89
fragment	mantilla	NN1	RSSB	-ˈtiːjə	-𐑑𐑰𐑘𐑩	manˈtɪlə	𐑥𐑨𐑯𐑑𐑦𐑤𐑩	89
fragment	mantilla	NN1	GenAm	-ˈtɪlə	-𐑑𐑦𐑤𐑩	mænˈtijə	𐑥𐑨𐑯𐑑𐑦𐑘𐑩	89
fragment	maranoia	NN1	GenAm	mer-	𐑥𐑧𐑮-	mærəˈnɔɪə	𐑥𐑨𐑮𐑩𐑯𐑶𐑩	89
fragment	Margaret	NP0	RSSB	-əRt	-𐑼𐑑	mɑːRɡrɪt	𐑥𐑸𐑜𐑮𐑦𐑑	30
fragment	Margaret	NP0	GenAm	-ət	-𐑩𐑑	ˈmɑːRɡrɪt	𐑥𐑸𐑜𐑮𐑦𐑑	1
fragment	marijuana	NN1	GenAm	ˌmær-	𐑥𐑨𐑮-	ˌmerɪˈwɒnə	𐑥𐑧𐑮𐑦𐑢𐑪𐑯𐑩	89
fragment	marijuana	NN1	GenAm	-ˈhwɒ-	-𐑣𐑢𐑪-	ˌmerɪˈwɒnə	𐑥𐑧𐑮𐑦𐑢𐑪𐑯𐑩	1
fragment	mariner	NN1	GenAm	-rə-	-𐑮𐑩-	ˈmærɪnəR	𐑥𐑨𐑮𐑦𐑯𐑼	30
fragment	Mariolatry	NN1	RSSB	mæ-	𐑥𐑨-	mɜːriɒlətri	𐑥𐑻𐑦𐑪𐑤𐑩𐑑𐑮𐑦	1
fragment	Mariupol	NP0	RSSB	mæriu-	𐑥𐑨𐑮𐑦𐑫-	mæriuːpɒl	𐑥𐑨𐑮𐑦𐑵𐑐𐑪𐑤	89
fragment	Marjoribanks	NP0	RSSB	mɑːRtʃ-	𐑥𐑸𐑗-	mɑːRdʒərɪbænks	𐑥𐑸𐑡𐑼𐑦𐑚𐑨𐑯𐑒𐑕	30
fragment	Marjoribanks	NP0	GenAm	ˈmɑːRtʃ-	𐑥𐑸𐑗-	ˈmɑːRdʒəriˌbænks	𐑥𐑸𐑡𐑼𐑦𐑚𐑨𐑯𐑒𐑕	30
fragment	marked	AJ0	GenAm	-əd	-𐑩𐑛	mɑːRkt	𐑥𐑸𐑒𐑑	1
fragment	mashgiach	NN1	GenAm	mə-	𐑥𐑩-	mɒʃˈɡiːɒx	𐑥𐑪𐑖𐑜𐑰𐑪x	89
fragment	mashgiach	NN1	GenAm	-əx	-𐑩x	mɒʃˈɡiːɒx	𐑥𐑪𐑖𐑜𐑰𐑪x	1
fragment	masquerade	NN1	RSSB	mɑːs-	𐑥𐑭𐑕-	mæskəreɪd	𐑥𐑨𐑕𐑒𐑼𐑱𐑛	1
fragment	masquerade	VVI	RSSB	mɑːs-	𐑥𐑭𐑕-	mæskəreɪd	𐑥𐑨𐑕𐑒𐑼𐑱𐑛	1
fragment	massasauga	NN1	GenAm	-ˈsɒ-	-𐑕𐑪-	ˌmæsəˈsɒɡə	𐑥𐑨𐑕𐑩𐑕𐑪𐑜𐑩	89
fragment	masterly	AJ0	RSSB	mæ-	𐑥𐑨-	mɑːstəRli	𐑥𐑭𐑕𐑑𐑼𐑤𐑦	1
fragment	masterly	AV0	RSSB	mæ-	𐑥𐑨-	mɑːstəRli	𐑥𐑭𐑕𐑑𐑼𐑤𐑦	1
fragment	Mastodon	NP0	GenAm	-dən	-𐑛𐑩𐑯	ˈmæstədɒn	𐑥𐑨𐑕𐑑𐑩𐑛𐑪𐑯	89
fragment	Mastodon	NN1	GenAm	-dən	-𐑛𐑩𐑯	ˈmæstədɒn	𐑥𐑨𐑕𐑑𐑩𐑛𐑪𐑯	89
fragment	matitudinal	AJ0	RSSB	-ˈtʃuː-	-𐑗𐑵-	ˌmætɪˈtjuːdɪnəl	𐑥𐑨𐑑𐑦𐑑𐑿𐑛𐑦𐑯𐑩𐑤	89
fragment	matitudinal	AJ0	GenAm	-tə-	-𐑑𐑩-	ˌmætəˈtjudənəl	𐑥𐑨𐑑𐑩𐑑𐑘𐑫𐑛𐑩𐑯𐑩𐑤	89
fragment	matitudinal	AJ0	GenAm	-ˈtʃu-	-𐑗𐑫-	ˌmætəˈtjudənəl	𐑥𐑨𐑑𐑩𐑑𐑘𐑫𐑛𐑩𐑯𐑩𐑤	89
fragment	matriotism	NN1	RSSB	mæ-	𐑥𐑨-	meɪtriətɪzəm	𐑥𐑱𐑑𐑮𐑦𐑩𐑑𐑦𐑟𐑩𐑥	1
fragment	matutinal	AJ0	RSSB	-ˈtʃuː-	-𐑗𐑵-	məˈtjuːtɪnəl	𐑥𐑩𐑑𐑿𐑑𐑦𐑯𐑩𐑤	89
fragment	matutinal	AJ0	RSSB	-ˈtʃʊ-	-𐑗𐑫-	məˈtjuːtɪnəl	𐑥𐑩𐑑𐑿𐑑𐑦𐑯𐑩𐑤	89
fragment	matutinal	AJ0	GenAm	-tə-	-𐑑𐑩-	məˈtjutənəl	𐑥𐑩𐑑𐑘𐑫𐑑𐑩𐑯𐑩𐑤	89
fragment	mausoleum	NN1	GenAm	-zəˈ-	-𐑟𐑩-	ˌmɒsəˈliəm	𐑥𐑪𐑕𐑩𐑤𐑦𐑩𐑥	89
fragment	mausoleum	NN1	GenAm	ˌmɒ-	𐑥𐑪-	ˌmɒsəˈliəm	𐑥𐑪𐑕𐑩𐑤𐑦𐑩𐑥	89
fragment	McClintock	NP0	GenAm	-tək	-𐑑𐑩𐑒	məˈklɪnˌtɒk	𐑥𐑩𐑒𐑤𐑦𐑯𐑑𐑪𐑒	89
fragment	meet one's Waterloo	VVI	GenAm	ˌwɒ-	𐑢𐑪-	ˈmit wʌnz ˌwɒtəRˈluː	𐑥𐑦𐑑 𐑢𐑳𐑯𐑟 𐑢𐑪𐑑𐑼𐑤𐑵	1
fragment	meet one's Waterloo	VVI	GenAm	ˈwɒ-	𐑢𐑪-	ˈmit wʌnz ˌwɒtəRˈluː	𐑥𐑦𐑑 𐑢𐑳𐑯𐑟 𐑢𐑪𐑑𐑼𐑤𐑵	1
fragment	meet one's Waterloo	VVI	GenAm	-təR-	-𐑑𐑼-	ˈmit wʌnz ˌwɒtəRˈluː	𐑥𐑦𐑑 𐑢𐑳𐑯𐑟 𐑢𐑪𐑑𐑼𐑤𐑵	89
fragment	megapolitan	AJ0	GenAm	-lə-	-𐑤𐑩-	meɡəˈpɒlɪtən	𐑥𐑧𐑜𐑩𐑐𐑪𐑤𐑦𐑑𐑩𐑯	89
fragment	megapolitan	NN1	GenAm	-lə-	-𐑤𐑩-	meɡəˈpɒlɪtən	𐑥𐑧𐑜𐑩𐑐𐑪𐑤𐑦𐑑𐑩𐑯	89
fragment	Megapolitan	AJ0	GenAm	-lə-	-𐑤𐑩-	meɡəˈpɒlɪtən	𐑥𐑧𐑜𐑩𐑐𐑪𐑤𐑦𐑑𐑩𐑯	89
fragment	Megapolitan	NN1	GenAm	-lə-	-𐑤𐑩-	meɡəˈpɒlɪtən	𐑥𐑧𐑜𐑩𐑐𐑪𐑤𐑦𐑑𐑩𐑯	89
fragment	mendacity	NN1	GenAm	-ti	-𐑑𐑦	menˈdæsəti	𐑥𐑧𐑯𐑛𐑨𐑕𐑩𐑑𐑦	89
fragment	mendelevate	NN1	RSSB	-ˈleɪ-	-𐑤𐑱-	ˌmendəˈliːveɪt	𐑥𐑧𐑯𐑛𐑩𐑤𐑰𐑝𐑱𐑑	89
fragment	mendelevate	NN1	GenAm	-ˈleɪ-	-𐑤𐑱-	ˌmendəˈliveɪt	𐑥𐑧𐑯𐑛𐑩𐑤𐑦𐑝𐑱𐑑	89
fragment	mendelevium	NN1	RSSB	-ˈleɪ-	-𐑤𐑱-	ˌmendəˈliːviəm	𐑥𐑧𐑯𐑛𐑩𐑤𐑰𐑝𐑦𐑩𐑥	89
fragment	mendelevium	NN1	GenAm	-ˈleɪ-	-𐑤𐑱-	ˌmendəˈliviəm	𐑥𐑧𐑯𐑛𐑩𐑤𐑦𐑝𐑦𐑩𐑥	89
fragment	menstruation	NN1	GenAm	-strəˈweɪ-	-𐑕𐑑𐑮𐑩𐑢𐑱-	ˌmenstruˈeɪʃən	𐑥𐑧𐑯𐑕𐑑𐑮𐑫𐑱𐑖𐑩𐑯	89
fragment	mercantile	AJ0	GenAm	-ˌtil	-𐑑𐑦𐑤	ˈmɜːRkənˌtaɪl	𐑥𐑻𐑒𐑩𐑯𐑑𐑲𐑤	1
fragment	mercantilely	AV0	GenAm	-ˌtilli	-𐑑𐑦𐑤𐑤𐑦	ˈmɜːRkənˌtaɪlli	𐑥𐑻𐑒𐑩𐑯𐑑𐑲𐑤𐑤𐑦	1
fragment	merchandise	NN1	RSSB	-daɪz	-𐑛𐑲𐑟	mɜːRtʃəndaɪz	𐑥𐑻𐑗𐑩𐑯𐑛𐑲𐑟	1
fragment	merchandise	NN1	GenAm	-daɪz	-𐑛𐑲𐑟	ˈmɜːRtʃəndaɪz	𐑥𐑻𐑗𐑩𐑯𐑛𐑲𐑟	1
fragment	mercurial	NN1	GenAm	-ˈkjɒ-	-𐑒𐑘𐑪-	mɜːRˈkjəriəl	𐑥𐑻𐑒𐑘𐑼𐑦𐑩𐑤	1
fragment	mercurial	AJ0	GenAm	-ˈkjɒ-	-𐑒𐑘𐑪-	mɜːRˈkjəriəl	𐑥𐑻𐑒𐑘𐑼𐑦𐑩𐑤	1
fragment	meridian	NN1	RSSB	mɪ-	𐑥𐑦-	mərɪdɪən	𐑥𐑼𐑦𐑛𐑾𐑯	1
fragment	meridian	VVI	RSSB	mɪ-	𐑥𐑦-	mərɪdɪən	𐑥𐑼𐑦𐑛𐑾𐑯	1
fragment	meridian	AJ0	RSSB	mɪ-	𐑥𐑦-	mərɪdɪən	𐑥𐑼𐑦𐑛𐑾𐑯	1
fragment	meridianed	AJ0	RSSB	mɪ-	𐑥𐑦-	mərɪdɪənd	𐑥𐑼𐑦𐑛𐑾𐑯𐑛	1
fragment	meridianed	VVI	RSSB	mɪ-	𐑥𐑦-	mərɪdɪənd	𐑥𐑼𐑦𐑛𐑾𐑯𐑛	1
fragment	Mersey	NP0	RSSB	mɜːR-	𐑥𐑻-	məːzi	𐑥𐑩ː𐑟𐑦	89
fragment	Mersey	NP0	GenAm	ˈmɜːR-	𐑥𐑻-	ˈməRzi	𐑥𐑼𐑟𐑦	89
fragment	metamour	NN1	RSSB	-mɔːR	-𐑥𐑹	metəmʊəR	𐑥𐑧𐑑𐑩𐑥𐑫𐑼	89
fragment	meteorite	NN1	GenAm	-ti-	-𐑑𐑦-	ˈmitiəˌraɪt	𐑥𐑦𐑑𐑦𐑼𐑲𐑑	1
fragment	meteorwrong	NN1	GenAm	-ti-	-𐑑𐑦-	ˈmitiəˌrɒŋ	𐑥𐑦𐑑𐑦𐑼𐑪𐑙	1
fragment	meteorwrong	NN1	GenAm	-rɒŋ	-𐑮𐑪𐑙	ˈmitiəˌrɒŋ	𐑥𐑦𐑑𐑦𐑼𐑪𐑙	30
fragment	methionine	NN1	GenAm	-ˌnaɪn	-𐑯𐑲𐑯	meˈθaɪəˌniːn	𐑥𐑧𐑔𐑲𐑩𐑯𐑰𐑯	89
fragment	Metohija	NP0	RSSB	-ɪə	-𐑾	meˈtəʊːhɪjə	𐑥𐑧𐑑𐑴ː𐑣𐑦𐑘𐑩	89
fragment	Metohija	NP0	GenAm	-iə	-𐑦𐑩	meˈtoʊːhijə	𐑥𐑧𐑑𐑴ː𐑣𐑦𐑘𐑩	89
fragment	metropolitan	NN1	RSSB	-tən	-𐑑𐑩𐑯	metrəpɒlɪtən	𐑥𐑧𐑑𐑮𐑩𐑐𐑪𐑤𐑦𐑑𐑩𐑯	1
fragment	metropolitan	NN1	GenAm	-tən	-𐑑𐑩𐑯	ˌmetrəˈpɒlɪtən	𐑥𐑧𐑑𐑮𐑩𐑐𐑪𐑤𐑦𐑑𐑩𐑯	1
fragment	metropolitan	AJ0	RSSB	-tən	-𐑑𐑩𐑯	metrəpɒlɪtən	𐑥𐑧𐑑𐑮𐑩𐑐𐑪𐑤𐑦𐑑𐑩𐑯	1
fragment	metropolitan	AJ0	GenAm	-tən	-𐑑𐑩𐑯	ˌmetrəˈpɒlɪtən	𐑥𐑧𐑑𐑮𐑩𐑐𐑪𐑤𐑦𐑑𐑩𐑯	1
fragment	meunière	AJ0	GenAm	mʊn-	𐑥𐑫𐑯-	mənˈjer	𐑥𐑩𐑯𐑘𐑧𐑮	1
fragment	meunière	AJ0	GenAm	-ˈjeɪ	-𐑘𐑱	mənˈjer	𐑥𐑩𐑯𐑘𐑧𐑮	1
fragment	mezzanined	AJ0	RSSB	ˈmetsə-	𐑥𐑧𐑑𐑕𐑩-	ˈmezəniːnd	𐑥𐑧𐑟𐑩𐑯𐑰𐑯𐑛	89
fragment	mezzanined	VVI	RSSB	ˈmetsə-	𐑥𐑧𐑑𐑕𐑩-	ˈmezəniːnd	𐑥𐑧𐑟𐑩𐑯𐑰𐑯𐑛	89
fragment	Micawberly	AV0	GenAm	məˈkɒ-	𐑥𐑩𐑒𐑪-	mɪˈkɒbəRli	𐑥𐑦𐑒𐑪𐑚𐑼𐑤𐑦	1
fragment	microphilia	NN1	RSSB	-fiːliə	-𐑓𐑰𐑤𐑦𐑩	maɪkroʊfɪliə	𐑥𐑲𐑒𐑮𐑴𐑓𐑦𐑤𐑦𐑩	1
fragment	microphilia	NN1	GenAm	-ˈfiliə	-𐑓𐑦𐑤𐑦𐑩	ˌmaɪkrəʊˈfɪliə	𐑥𐑲𐑒𐑮𐑴𐑓𐑦𐑤𐑦𐑩	1
fragment	micropolitan	AJ0	RSSB	-krəʊ-	-𐑒𐑮𐑴-	maɪkrəpɒlɪtən	𐑥𐑲𐑒𐑮𐑩𐑐𐑪𐑤𐑦𐑑𐑩𐑯	89
fragment	micropolitan	AJ0	GenAm	-kroʊ-	-𐑒𐑮𐑴-	ˌmaɪkrəˈpɒlɪtən	𐑥𐑲𐑒𐑮𐑩𐑐𐑪𐑤𐑦𐑑𐑩𐑯	89
fragment	micropolitan	AJ0	GenAm	-tən	-𐑑𐑩𐑯	ˌmaɪkrəˈpɒlɪtən	𐑥𐑲𐑒𐑮𐑩𐑐𐑪𐑤𐑦𐑑𐑩𐑯	1
fragment	micropolitan	NN1	RSSB	-krəʊ-	-𐑒𐑮𐑴-	maɪkrəpɒlɪtən	𐑥𐑲𐑒𐑮𐑩𐑐𐑪𐑤𐑦𐑑𐑩𐑯	89
fragment	micropolitan	NN1	GenAm	-kroʊ-	-𐑒𐑮𐑴-	ˌmaɪkrəˈpɒlɪtən	𐑥𐑲𐑒𐑮𐑩𐑐𐑪𐑤𐑦𐑑𐑩𐑯	89
fragment	micropolitan	NN1	GenAm	-tən	-𐑑𐑩𐑯	ˌmaɪkrəˈpɒlɪtən	𐑥𐑲𐑒𐑮𐑩𐑐𐑪𐑤𐑦𐑑𐑩𐑯	1
fragment	microtron	NN1	GenAm	-krəˌ-	-𐑒𐑮𐑩-	ˈmaɪkroʊˌtrɒn	𐑥𐑲𐑒𐑮𐑴𐑑𐑮𐑪𐑯	30
fragment	mightily	AV0	GenAm	-tɪ-	-𐑑𐑦-	ˈmaɪtɪli	𐑥𐑲𐑑𐑦𐑤𐑦	89
fragment	milieu	NN1	RSSB	-ˈju	-𐑘𐑫	ˈmiːljɜː	𐑥𐑰𐑤𐑘𐑻	89
fragment	milieu	NN1	RSSB	-ˈjʊ	-𐑘𐑫	ˈmiːljɜː	𐑥𐑰𐑤𐑘𐑻	89
fragment	milieu	NN1	GenAm	-ˈjʊ	-𐑘𐑫	mɪlˈju	𐑥𐑦𐑤𐑘𐑫	89
fragment	military-industrial complex	NN1	RSSB	mɪlɪtri-	𐑥𐑦𐑤𐑦𐑑𐑮𐑦-	mɪlɪtəri ɪndʌstriəl kɒmpleks	𐑥𐑦𐑤𐑦𐑑𐑼𐑦 𐑦𐑯𐑛𐑳𐑕𐑑𐑮𐑦𐑩𐑤 𐑒𐑪𐑥𐑐𐑤𐑧𐑒𐑕	30
fragment	mimiamb	NN1	RSSB	ˈmʌɪ-	𐑥𐑳𐑦-	ˈmɪmɪamb	𐑥𐑦𐑥𐑦𐑨𐑥𐑚	89
fragment	mimiamb	NN1	GenAm	ˈmaɪ-	𐑥𐑲-	ˈmɪmiˌæmb	𐑥𐑦𐑥𐑦𐑨𐑥𐑚	89
fragment	minister	NN1	GenAm	ˈmɪnɪ-	𐑥𐑦𐑯𐑦-	ˈmɪnəˌstəR	𐑥𐑦𐑯𐑩𐑕𐑑𐑼	1
fragment	minister	VVI	GenAm	ˈmɪnɪ-	𐑥𐑦𐑯𐑦-	ˈmɪnəˌstəR	𐑥𐑦𐑯𐑩𐑕𐑑𐑼	1
fragment	mirror-nearer merger	NN1	GenAm	-ˈnirəR-	-𐑯𐑦𐑮𐑼-	ˌmɪrəR ˈnɪəRrəR ˌmɜːRdʒəR	𐑥𐑦𐑮𐑼 𐑯𐑽𐑮𐑼 𐑥𐑻𐑡𐑼	30
fragment	misanthropic	AJ0	RSSB	-zən-	-𐑟𐑩𐑯-	mɪsənθrɒpɪk	𐑥𐑦𐑕𐑩𐑯𐑔𐑮𐑪𐑐𐑦𐑒	1
fragment	miscarriage of justice	NN1	RSSB	-əRv dʒʌstəs	-𐑼𐑝 𐑡𐑳𐑕𐑑𐑩𐑕	mɪskærɪdʒ ɒv dʒʌstɪs	𐑥𐑦𐑕𐑒𐑨𐑮𐑦𐑡 𐑪𐑝 𐑡𐑳𐑕𐑑𐑦𐑕	30
fragment	miscarriage of justice	NN1	GenAm	-əv ˈdʒʌstəs	-𐑩𐑝 𐑡𐑳𐑕𐑑𐑩𐑕	ˈmɪskærɪdʒ ɒv ˈdʒʌstɪs	𐑥𐑦𐑕𐑒𐑨𐑮𐑦𐑡 𐑪𐑝 𐑡𐑳𐑕𐑑𐑦𐑕	1
fragment	missile	NN1	GenAm	-aɪl	-𐑲𐑤	ˈmɪsəl	𐑥𐑦𐑕𐑩𐑤	89
fragment	Missouri	NP0	GenAm	mə-	𐑥𐑩-	mɪˈzʊri	𐑥𐑦𐑟𐑫𐑮𐑦	1
fragment	mnemonic	AJ0	RSSB	nə-	𐑯𐑩-	nɪˈmɒnɪk	𐑯𐑦𐑥𐑪𐑯𐑦𐑒	89
fragment	mnemonic	AJ0	GenAm	ni-	𐑯𐑦-	nəˈmɒnɪk	𐑯𐑩𐑥𐑪𐑯𐑦𐑒	89
fragment	mnemonic	NN1	RSSB	nə-	𐑯𐑩-	nɪˈmɒnɪk	𐑯𐑦𐑥𐑪𐑯𐑦𐑒	89
fragment	mnemonic	NN1	GenAm	ni-	𐑯𐑦-	nəˈmɒnɪk	𐑯𐑩𐑥𐑪𐑯𐑦𐑒	89
fragment	mnemonics	NN1	RSSB	nɪ-	𐑯𐑦-	nəˈmɒnɪks	𐑯𐑩𐑥𐑪𐑯𐑦𐑒𐑕	89
fragment	mockumentary	NN1	GenAm	ˌmɒk-	𐑥𐑪𐑒-	ˌmɒkjuˈmentəri	𐑥𐑪𐑒𐑘𐑫𐑥𐑧𐑯𐑑𐑼𐑦	1
fragment	modernization	NN1	GenAm	ˌmɒtəR-	𐑥𐑪𐑑𐑼-	ˌmɒdəRnaɪˈzeɪʃən	𐑥𐑪𐑛𐑼𐑯𐑲𐑟𐑱𐑖𐑩𐑯	89
fragment	modicum	NN1	GenAm	-də-	-𐑛𐑩-	ˈmɒdɪkəm	𐑥𐑪𐑛𐑦𐑒𐑩𐑥	89
fragment	modulation	NN1	RSSB	-dʒʊ-	-𐑡𐑫-	ˌmɒdjəˈleɪʃən	𐑥𐑪𐑛𐑘𐑩𐑤𐑱𐑖𐑩𐑯	89
fragment	modulus	NN1	RSSB	-dʒʊ-	-𐑡𐑫-	ˈmɒdjələs	𐑥𐑪𐑛𐑘𐑩𐑤𐑩𐑕	89
fragment	Mogadishu	NP0	RSSB	-ˈdɪʃ-	-𐑛𐑦𐑖-	ˌmɒɡəˈdiːʃuː	𐑥𐑪𐑜𐑩𐑛𐑰𐑖𐑵	89
fragment	Mohammedan	NN1	GenAm	-ən	-𐑩𐑯	moʊˈhæmədən	𐑥𐑴𐑣𐑨𐑥𐑩𐑛𐑩𐑯	89
fragment	Mohammedan	AJ0	GenAm	-ən	-𐑩𐑯	moʊˈhæmədən	𐑥𐑴𐑣𐑨𐑥𐑩𐑛𐑩𐑯	89
fragment	moiety	NN1	GenAm	-ti	-𐑑𐑦	ˈmɔɪəti	𐑥𐑶𐑩𐑑𐑦	89
fragment	mojibake	NN1	RSSB	-keɪ	-𐑒𐑱	ˌməʊdʒiˈbɑːki	𐑥𐑴𐑡𐑦𐑚𐑭𐑒𐑦	89
fragment	mojibake	NN1	GenAm	-keɪ	-𐑒𐑱	ˌmoʊdʒiˈbɒki	𐑥𐑴𐑡𐑦𐑚𐑪𐑒𐑦	89
fragment	Molotov	NP0	RSSB	-tɒf	-𐑑𐑪𐑓	ˈmɒlətɒv	𐑥𐑪𐑤𐑩𐑑𐑪𐑝	89
fragment	Molotov	NP0	GenAm	-tɒf	-𐑑𐑪𐑓	ˈmɒlətɒv	𐑥𐑪𐑤𐑩𐑑𐑪𐑝	89
fragment	Molotov	NN1	RSSB	-tɒf	-𐑑𐑪𐑓	ˈmɒlətɒv	𐑥𐑪𐑤𐑩𐑑𐑪𐑝	89
fragment	Molotov	NN1	GenAm	-tɒf	-𐑑𐑪𐑓	ˈmɒlətɒv	𐑥𐑪𐑤𐑩𐑑𐑪𐑝	89
fragment	Molotov	VVI	RSSB	-tɒf	-𐑑𐑪𐑓	ˈmɒlətɒv	𐑥𐑪𐑤𐑩𐑑𐑪𐑝	89
fragment	Molotov	VVI	GenAm	-tɒf	-𐑑𐑪𐑓	ˈmɒlətɒv	𐑥𐑪𐑤𐑩𐑑𐑪𐑝	89
fragment	monetarial	AJ0	GenAm	ˌmʌnəˈ-	𐑥𐑳𐑯𐑩-	ˌmɒnɪˈteriəl	𐑥𐑪𐑯𐑦𐑑𐑧𐑮𐑦𐑩𐑤	1
fragment	monger	NN1	GenAm	ˈmɒŋ-	𐑥𐑪𐑙-	ˈmʌŋɡər	𐑥𐑳𐑙𐑜𐑼	1
fragment	monger	VVI	GenAm	ˈmɒŋ-	𐑥𐑪𐑙-	ˈmʌŋɡər	𐑥𐑳𐑙𐑜𐑼	1
fragment	monimolimnion	NN1	GenAm	-moʊ-	-𐑥𐑴-	ˌmɒniməˈlimniən	𐑥𐑪𐑯𐑦𐑥𐑩𐑤𐑦𐑥𐑯𐑦𐑩𐑯	89
fragment	monkey business	NN1	RSSB	-nƏz	-𐑯𐑩𐑟	ˈmʌŋkɪ ˌbɪznəs	𐑥𐑳𐑙𐑒𐑦 𐑚𐑦𐑟𐑯𐑩𐑕	89
fragment	monkey business	NN1	RSSB	-nəz	-𐑯𐑩𐑟	ˈmʌŋkɪ ˌbɪznəs	𐑥𐑳𐑙𐑒𐑦 𐑚𐑦𐑟𐑯𐑩𐑕	89
fragment	monkey business	NN1	GenAm	-nƏz	-𐑯𐑩𐑟	ˈmʌŋki ˌbɪznəs	𐑥𐑳𐑙𐑒𐑦 𐑚𐑦𐑟𐑯𐑩𐑕	89
fragment	monkey business	NN1	GenAm	-nəz	-𐑯𐑩𐑟	ˈmʌŋki ˌbɪznəs	𐑥𐑳𐑙𐑒𐑦 𐑚𐑦𐑟𐑯𐑩𐑕	89
fragment	monkey business	NN1	RSSB	-nəs	-𐑯𐑩𐑕	ˈmʌŋkɪ ˌbɪznəs	𐑥𐑳𐑙𐑒𐑦 𐑚𐑦𐑟𐑯𐑩𐑕	89
fragment	monkey business	NN1	GenAm	-nəs	-𐑯𐑩𐑕	ˈmʌŋki ˌbɪznəs	𐑥𐑳𐑙𐑒𐑦 𐑚𐑦𐑟𐑯𐑩𐑕	89
fragment	monkey business	NN1	GenAm	ˈməŋ-	𐑥𐑩𐑙-	ˈmʌŋki ˌbɪznəs	𐑥𐑳𐑙𐑒𐑦 𐑚𐑦𐑟𐑯𐑩𐑕	89
fragment	monodic	AJ0	RSSB	ˌmɒˈ-	𐑥𐑪-	məˈnɒdɪk	𐑥𐑩𐑯𐑪𐑛𐑦𐑒	89
fragment	monoousian	AJ0	GenAm	-ʒən	-𐑠𐑩𐑯	ˌmɒnoʊˈuziən	𐑥𐑪𐑯𐑴𐑫𐑟𐑦𐑩𐑯	89
fragment	monoousian	AJ0	RSSB	-ʒən	-𐑠𐑩𐑯	ˌmɒnəʊˈuːzɪən	𐑥𐑪𐑯𐑴𐑵𐑟𐑾𐑯	89
fragment	monopneumonian	NN1	GenAm	ˌmɒnə-	𐑥𐑪𐑯𐑩-	ˌmɒnoʊˌnuˈmoʊniən	𐑥𐑪𐑯𐑴𐑯𐑫𐑥𐑴𐑯𐑦𐑩𐑯	89
fragment	Mont Blanc	NP0	GenAm	ˌmɒn-	𐑥𐑪𐑯-	ˌmɒn ˈblɒnk	𐑥𐑪𐑯 𐑚𐑤𐑪𐑯𐑒	89
fragment	Mont Blanc	NP0	GenAm	-ˈblɒŋk	-𐑚𐑤𐑪𐑙𐑒	ˌmɒn ˈblɒnk	𐑥𐑪𐑯 𐑚𐑤𐑪𐑯𐑒	89
fragment	Mont Blanc	NN1	GenAm	ˌmɒn-	𐑥𐑪𐑯-	ˌmɒn ˈblɒnk	𐑥𐑪𐑯 𐑚𐑤𐑪𐑯𐑒	89
fragment	Mont Blanc	NN1	GenAm	-ˈblɒŋk	-𐑚𐑤𐑪𐑙𐑒	ˌmɒn ˈblɒnk	𐑥𐑪𐑯 𐑚𐑤𐑪𐑯𐑒	89
fragment	Montezuma's revenge	NN1	GenAm	- rɪˈvendʒ	- 𐑮𐑦𐑝𐑧𐑯𐑡	ˌmɒt̃əˈzuməz rəˈvendʒ	𐑥𐑪𐑑̃𐑩𐑟𐑫𐑥𐑩𐑟 𐑮𐑩𐑝𐑧𐑯𐑡	89
fragment	Montezuma's revenge	NN1	GenAm	- riˈvendʒ	- 𐑮𐑦𐑝𐑧𐑯𐑡	ˌmɒt̃əˈzuməz rəˈvendʒ	𐑥𐑪𐑑̃𐑩𐑟𐑫𐑥𐑩𐑟 𐑮𐑩𐑝𐑧𐑯𐑡	89
fragment	Montezuma's revenge	NN1	GenAm	ˌmɒnəˈzuməz -	𐑥𐑪𐑯𐑩𐑟𐑫𐑥𐑩𐑟 -	ˌmɒt̃əˈzuməz rəˈvendʒ	𐑥𐑪𐑑̃𐑩𐑟𐑫𐑥𐑩𐑟 𐑮𐑩𐑝𐑧𐑯𐑡	1
fragment	month of Sundays	NN1	RSSB	-diz	-𐑛𐑦𐑟	ˌmʌnθ əv ˈsʌndeɪz	𐑥𐑳𐑯𐑔 𐑩𐑝 𐑕𐑳𐑯𐑛𐑱𐑟	89
fragment	month of Sundays	NN1	GenAm	-diz	-𐑛𐑦𐑟	ˌmʌnθ əv ˈsʌnˌdeɪz	𐑥𐑳𐑯𐑔 𐑩𐑝 𐑕𐑳𐑯𐑛𐑱𐑟	89
fragment	month of Sundays	NN1	GenAm	-ˈsən-	-𐑕𐑩𐑯-	ˌmʌnθ əv ˈsʌnˌdeɪz	𐑥𐑳𐑯𐑔 𐑩𐑝 𐑕𐑳𐑯𐑛𐑱𐑟	89
fragment	moral compass	NN1	RSSB	mɒrəl-	𐑥𐑪𐑮𐑩𐑤-	mɒrəRl kʌmpəs	𐑥𐑪𐑮𐑼𐑤 𐑒𐑳𐑥𐑐𐑩𐑕	89
fragment	mortification	NN1	GenAm	-tə-	-𐑑𐑩-	ˌmortɪfɪˈkeɪʃən	𐑥𐑪𐑮𐑑𐑦𐑓𐑦𐑒𐑱𐑖𐑩𐑯	1
fragment	mortification	NN1	GenAm	-fə-	-𐑓𐑩-	ˌmortɪfɪˈkeɪʃən	𐑥𐑪𐑮𐑑𐑦𐑓𐑦𐑒𐑱𐑖𐑩𐑯	1
fragment	mossback	NN1	GenAm	ˈmɒs-	𐑥𐑪𐑕-	ˈmɒsˌbæk	𐑥𐑪𐑕𐑚𐑨𐑒	89
fragment	mossyback	NN1	GenAm	ˈmɒ-	𐑥𐑪-	ˈmɒsiˌbæk	𐑥𐑪𐑕𐑦𐑚𐑨𐑒	89
fragment	motelier	NN1	GenAm	-təl-	-𐑑𐑩𐑤-	ˌmoʊtelˈjeɪ	𐑥𐑴𐑑𐑧𐑤𐑘𐑱	1
fragment	mother figure	NN1	GenAm	-ɡjəR	-𐑜𐑘𐑼	ˈmʌðəR ˌfɪɡəR	𐑥𐑳𐑞𐑼 𐑓𐑦𐑜𐑼	30
fragment	motherhood	NN1	GenAm	ˈmə-	𐑥𐑩-	ˈmʌðəRˌhʊd	𐑥𐑳𐑞𐑼𐑣𐑫𐑛	1
fragment	motherhood statement	NN1	GenAm	ˈmə-	𐑥𐑩-	ˈmʌðəRˌhʊd ˈsteɪtmənt	𐑥𐑳𐑞𐑼𐑣𐑫𐑛 𐑕𐑑𐑱𐑑𐑥𐑩𐑯𐑑	1
fragment	motocross	NN1	GenAm	-krɒs	-𐑒𐑮𐑪𐑕	ˈmoʊdoʊˌkrɒs	𐑥𐑴𐑛𐑴𐑒𐑮𐑪𐑕	89
fragment	mountainous	AJ0	GenAm	-ʔən-	-ʔ𐑩𐑯-	ˈmaʊntənəs	𐑥𐑬𐑯𐑑𐑩𐑯𐑩𐑕	1
fragment	mountainous	AJ0	GenAm	ˈmæ̃ʊ̃n-	𐑥𐑨̃𐑫̃𐑯-	ˈmaʊntənəs	𐑥𐑬𐑯𐑑𐑩𐑯𐑩𐑕	1
fragment	mozzetta	NN1	GenAm	-tə	-𐑑𐑩	moʊˈzetə	𐑥𐑴𐑟𐑧𐑑𐑩	89
fragment	mozzetta	NN1	GenAm	-teɪ	-𐑑𐑱	moʊˈzetə	𐑥𐑴𐑟𐑧𐑑𐑩	89
fragment	mozzette	NN1	GenAm	-teɪ	-𐑑𐑱	moʊˈzeteɪ	𐑥𐑴𐑟𐑧𐑑𐑱	89
fragment	Mrs	NN1	RSSB	-səz	-𐑕𐑩𐑟	mɪsƏz	𐑥𐑦𐑕𐑩𐑟	1
fragment	Mrs	NN1	GenAm	-sɪs	-𐑕𐑦𐑕	ˈmɪsƏz	𐑥𐑦𐑕𐑩𐑟	1
fragment	Mrs Miggins	NP0	RSSB	-səz-	-𐑕𐑩𐑟-	mɪsɪz mɪɡɪnz	𐑥𐑦𐑕𐑦𐑟 𐑥𐑦𐑜𐑦𐑯𐑟	1
fragment	Mrs Miggins	NP0	GenAm	-sɪs-	-𐑕𐑦𐑕-	ˌmɪsɪz ˈmɪɡɪnz	𐑥𐑦𐑕𐑦𐑟 𐑥𐑦𐑜𐑦𐑯𐑟	1
fragment	mukhtar	NN1	RSSB	mʊx-	𐑥𐑫x-	mʊktɑːR	𐑥𐑫𐑒𐑑𐑸	1
fragment	Mukhtar	NP0	RSSB	mʊx-	𐑥𐑫x-	mʊktɑːR	𐑥𐑫𐑒𐑑𐑸	1
fragment	muliebrity	NN1	GenAm	-ti	-𐑑𐑦	ˌmjuliˈebrəti	𐑥𐑘𐑫𐑤𐑦𐑧𐑚𐑮𐑩𐑑𐑦	1
fragment	muller	VVI	RSSB	mʌl-	𐑥𐑳𐑤-	mʌləR	𐑥𐑳𐑤𐑼	1
fragment	muller	VVI	GenAm	ˈmʌl-	𐑥𐑳𐑤-	ˈmʌlər	𐑥𐑳𐑤𐑼	1
fragment	muller	VVI	RSSB	mʊ-	𐑥𐑫-	mʌləR	𐑥𐑳𐑤𐑼	1
fragment	muller	VVI	GenAm	ˈmjə-	𐑥𐑘𐑩-	ˈmʌlər	𐑥𐑳𐑤𐑼	1
fragment	mullered	AJ0	RSSB	mʌl-	𐑥𐑳𐑤-	mʊləRd	𐑥𐑫𐑤𐑼𐑛	1
fragment	mullered	AJ0	GenAm	ˈmʌl-	𐑥𐑳𐑤-	ˈmʊlərd	𐑥𐑫𐑤𐑼𐑛	1
fragment	mullered	VVI	RSSB	mʌl-	𐑥𐑳𐑤-	mʊləRd	𐑥𐑫𐑤𐑼𐑛	1
fragment	mullered	VVI	GenAm	ˈmʌl-	𐑥𐑳𐑤-	ˈmʊlərd	𐑥𐑫𐑤𐑼𐑛	1
fragment	multiboob	NN1	GenAm	ˈmʌltaɪ-	𐑥𐑳𐑤𐑑𐑲-	ˈmʌltiˌbub	𐑥𐑳𐑤𐑑𐑦𐑚𐑫𐑚	89
fragment	multibreast	NN1	GenAm	ˈmʌltaɪ-	𐑥𐑳𐑤𐑑𐑲-	ˈmʌltiˌbrest	𐑥𐑳𐑤𐑑𐑦𐑚𐑮𐑧𐑕𐑑	1
fragment	multicore	AJ0	GenAm	-ˌtaɪ-	-𐑑𐑲-	ˌmʌltiˈkɔːR	𐑥𐑳𐑤𐑑𐑦𐑒𐑹	1
fragment	multicursal	AJ0	GenAm	ˌməltaɪ-	𐑥𐑩𐑤𐑑𐑲-	ˌməltiˈkɜːRsəl	𐑥𐑩𐑤𐑑𐑦𐑒𐑻𐑕𐑩𐑤	1
fragment	multitude	NN1	RSSB	-tʃ-	-𐑗-	ˈmʌltɪtjuːd	𐑥𐑳𐑤𐑑𐑦𐑑𐑿𐑛	89
fragment	multitudinous	AJ0	RSSB	-ˈtʃuː-	-𐑗𐑵-	ˌmʌltɪˈtjuːdɪnəs	𐑥𐑳𐑤𐑑𐑦𐑑𐑿𐑛𐑦𐑯𐑩𐑕	89
fragment	Mummerset	NP0	RSSB	-sɪt	-𐑕𐑦𐑑	mʌməRset	𐑥𐑳𐑥𐑼𐑕𐑧𐑑	1
fragment	mundialization	NN1	GenAm	-ˌlaɪ-	-𐑤𐑲-	ˌmɒndiələˈzeɪʃən	𐑥𐑪𐑯𐑛𐑦𐑩𐑤𐑩𐑟𐑱𐑖𐑩𐑯	89
fragment	murderess	NN1	RSSB	-rəRs	-𐑮𐑼𐑕	mɜːRdəres	𐑥𐑻𐑛𐑼𐑧𐑕	89
fragment	murrain	NN1	RSSB	-reɪn	-𐑮𐑱𐑯	mʌrɪn	𐑥𐑳𐑮𐑦𐑯	30
fragment	murrain	AJ0	RSSB	-reɪn	-𐑮𐑱𐑯	mʌrɪn	𐑥𐑳𐑮𐑦𐑯	30
fragment	murrain	AV0	RSSB	-reɪn	-𐑮𐑱𐑯	mʌrɪn	𐑥𐑳𐑮𐑦𐑯	30
fragment	muscle memory	NN1	GenAm	-ˈmemri	-𐑥𐑧𐑥𐑮𐑦	ˈmʌsəl ˈmeməRi	𐑥𐑳𐑕𐑩𐑤 𐑥𐑧𐑥𐑼𐑦	89
fragment	musette	NN1	RSSB	mjə-	𐑥𐑘𐑩-	mjuːˈzet	𐑥𐑿𐑟𐑧𐑑	89
fragment	Mussorgsky	NP0	RSSB	-zɔːrɡ-	-𐑟𐑹𐑜-	mʊsɔːrɡski	𐑥𐑫𐑕𐑹𐑜𐑕𐑒𐑦	89
fragment	Mussorgsky	NP0	GenAm	-ˈzorɡ-	-𐑟𐑪𐑮𐑜-	mʊˈsorɡski	𐑥𐑫𐑕𐑪𐑮𐑜𐑕𐑒𐑦	89
fragment	mutually	AV0	RSSB	-tʃwə-	-𐑗𐑢𐑩-	ˈmjuːtʃʊəli	𐑥𐑿𐑗𐑫𐑩𐑤𐑦	89
fragment	mutually	AV0	RSSB	-lɪ	-𐑤𐑦	ˈmjuːtʃʊəli	𐑥𐑿𐑗𐑫𐑩𐑤𐑦	89
fragment	mycobiont	NN1	RSSB	-kə-	-𐑒𐑩-	ˌmaɪkəʊˈbaɪɒnt	𐑥𐑲𐑒𐑴𐑚𐑲𐑪𐑯𐑑	89
fragment	mythos	NN1	RSSB	ˈmʌɪ-	𐑥𐑳𐑦-	ˈmɪθɒs	𐑥𐑦𐑔𐑪𐑕	89
fragment	Myvyrian	AJ0	GenAm	mɪv-	𐑥𐑦𐑝-	mivɪriən	𐑥𐑦𐑝𐑦𐑮𐑦𐑩𐑯	1
fragment	Nabonidus	NP0	RSSB	ˌnæb-	𐑯𐑨𐑚-	ˌnabəʊˈnaɪdəs	𐑯𐑨𐑚𐑴𐑯𐑲𐑛𐑩𐑕	89
fragment	Nabonidus	NP0	RSSB	-bə-	-𐑚𐑩-	ˌnabəʊˈnaɪdəs	𐑯𐑨𐑚𐑴𐑯𐑲𐑛𐑩𐑕	89
fragment	Nabonidus	NP0	GenAm	-bə-	-𐑚𐑩-	ˌnæboʊˈnaɪdəs	𐑯𐑨𐑚𐑴𐑯𐑲𐑛𐑩𐑕	89
fragment	narrator	NN1	GenAm	-rətəR	-𐑮𐑩𐑑𐑼	ˈnæˌreɪtəR	𐑯𐑨𐑮𐑱𐑑𐑼	30
fragment	narrator	NN1	GenAm	-nəˈreɪtəR	-𐑯𐑼𐑱𐑑𐑼	ˈnæˌreɪtəR	𐑯𐑨𐑮𐑱𐑑𐑼	30
fragment	narrator	NN1	GenAm	-təR	-𐑑𐑼	ˈnæˌreɪtəR	𐑯𐑨𐑮𐑱𐑑𐑼	30
fragment	narrow escape	NN1	GenAm	-eˈskeɪp	-𐑧𐑕𐑒𐑱𐑐	ˌnæroʊ əˈskeɪp	𐑯𐑨𐑮𐑴 𐑩𐑕𐑒𐑱𐑐	1
fragment	natatorium	NN1	GenAm	nætə-	𐑯𐑨𐑑𐑩-	neɪtəˈtɔːriəm	𐑯𐑱𐑑𐑩𐑑𐑹𐑦𐑩𐑥	1
fragment	naughty step	NN1	GenAm	ˈnɒti-	𐑯𐑪𐑑𐑦-	ˈnɒti ˌstep	𐑯𐑪𐑑𐑦 𐑕𐑑𐑧𐑐	89
fragment	naughty step	NN1	GenAm	-ti-	-𐑑𐑦-	ˈnɒti ˌstep	𐑯𐑪𐑑𐑦 𐑕𐑑𐑧𐑐	89
fragment	nauplii	NN1	RSSB	-iː	-𐑰	ˈnɔːplɪaɪ	𐑯𐑷𐑐𐑤𐑦𐑲	89
fragment	nauplii	NN1	GenAm	ˈnɒ-	𐑯𐑪-	ˈnɒpliˌaɪ	𐑯𐑪𐑐𐑤𐑦𐑲	89
fragment	nauplius	NN1	GenAm	ˈnɒ-	𐑯𐑪-	ˈnɒpliəs	𐑯𐑪𐑐𐑤𐑦𐑩𐑕	89
fragment	necropolis	NN1	RSSB	nɪ-	𐑯𐑦-	nekrɒpəlɪs	𐑯𐑧𐑒𐑮𐑪𐑐𐑩𐑤𐑦𐑕	1
fragment	necropolis	NN1	GenAm	nə-	𐑯𐑩-	neˈkrɒpələs	𐑯𐑧𐑒𐑮𐑪𐑐𐑩𐑤𐑩𐑕	1
fragment	neither fish nor fowl	AJ0	RSSB	niː-	𐑯𐑰-	naɪðə fɪʃ nɔːR faʊl	𐑯𐑲𐑞𐑩 𐑓𐑦𐑖 𐑯𐑹 𐑓𐑬𐑤	1
fragment	neither fish nor fowl	AJ0	GenAm	ˌni-	𐑯𐑦-	ˌnaɪðəR ˈfɪʃ nɔːR ˈfaʊl	𐑯𐑲𐑞𐑼 𐑓𐑦𐑖 𐑯𐑹 𐑓𐑬𐑤	1
fragment	neo-testamentary	AJ0	GenAm	-tə-	-𐑑𐑩-	ˌnioʊˌtestəˈmentəri	𐑯𐑦𐑴𐑑𐑧𐑕𐑑𐑩𐑥𐑧𐑯𐑑𐑼𐑦	1
fragment	nepoticide	NN1	GenAm	-tə-	-𐑑𐑩-	nəˈpɒtəsaɪd	𐑯𐑩𐑐𐑪𐑑𐑩𐑕𐑲𐑛	89
fragment	Neptunian	AJ0	GenAm	-ˈtʃuː-	-𐑗𐑵-	nepˈtjuniən	𐑯𐑧𐑐𐑑𐑘𐑫𐑯𐑦𐑩𐑯	89
fragment	Neptunian	NN1	GenAm	-ˈtʃuː-	-𐑗𐑵-	nepˈtjuniən	𐑯𐑧𐑐𐑑𐑘𐑫𐑯𐑦𐑩𐑯	89
fragment	netter	NN1	GenAm	-tər	-𐑑𐑼	ˈnetər	𐑯𐑧𐑑𐑼	89
fragment	neurodivergent	AJ0	RSSB	-dɪ-	-𐑛𐑦-	njəərəʊdaɪvɜːRdʒəRnt	𐑯𐑘𐑩𐑼𐑴𐑛𐑲𐑝𐑻𐑡𐑼𐑯𐑑	1
fragment	neurodivergent	AJ0	GenAm	-daɪ-	-𐑛𐑲-	ˌnʊroʊdɪˈvɜrdʒənt	𐑯𐑫𐑮𐑴𐑛𐑦𐑝ɜ𐑮𐑡𐑩𐑯𐑑	1
fragment	neurodivergent	NN1	RSSB	-dɪ-	-𐑛𐑦-	njəərəʊdaɪvɜːRdʒəRnt	𐑯𐑘𐑩𐑼𐑴𐑛𐑲𐑝𐑻𐑡𐑼𐑯𐑑	1
fragment	neurodivergent	NN1	GenAm	-daɪ-	-𐑛𐑲-	ˌnʊroʊdɪˈvɜrdʒənt	𐑯𐑫𐑮𐑴𐑛𐑦𐑝ɜ𐑮𐑡𐑩𐑯𐑑	1
fragment	neurodiverse	AJ0	GenAm	-dəˈvɜːRs	-𐑛𐑩𐑝𐑻𐑕	ˌnjəroʊˌdaɪˈvɜːRs	𐑯𐑘𐑼𐑴𐑛𐑲𐑝𐑻𐑕	30
fragment	neurodiversity	NN1	RSSB	-dɪ-	-𐑛𐑦-	njəərəʊdaɪvɜːRsɪti	𐑯𐑘𐑫𐑼𐑴𐑛𐑲𐑝𐑻𐑕𐑦𐑑𐑦	1
fragment	neurodiversity	NN1	GenAm	-də-	-𐑛𐑩-	ˌnjəroʊˌdaɪˈvɜːRsəti	𐑯𐑘𐑼𐑴𐑛𐑲𐑝𐑻𐑕𐑩𐑑𐑦	1
fragment	neurodiversity	NN1	GenAm	-ti	-𐑑𐑦	ˌnjəroʊˌdaɪˈvɜːRsəti	𐑯𐑘𐑼𐑴𐑛𐑲𐑝𐑻𐑕𐑩𐑑𐑦	1
fragment	neutrois	AJ0	GenAm	-trɔɪs	-𐑑𐑮𐑶𐑕	ˈnjutrɑː	𐑯𐑘𐑫𐑑𐑮𐑭	89
fragment	New Zealand	NP0	RSSB	ˌnjuː -	𐑯𐑿 -	nju ˈziːlənd	𐑯𐑘𐑫 𐑟𐑰𐑤𐑩𐑯𐑛	89
fragment	New Zealand	NP0	GenAm	ˌnu -	𐑯𐑫 -	nu ˈzilənd	𐑯𐑫 𐑟𐑦𐑤𐑩𐑯𐑛	89
fragment	New Zealand	NN1	RSSB	ˌnjuː -	𐑯𐑿 -	nju ˈziːlənd	𐑯𐑘𐑫 𐑟𐑰𐑤𐑩𐑯𐑛	89
fragment	New Zealand	NN1	GenAm	ˌnu -	𐑯𐑫 -	nu ˈzilənd	𐑯𐑫 𐑟𐑦𐑤𐑩𐑯𐑛	89
fragment	Nguyen	NP0	GenAm	nə-	𐑯𐑩-	nuˈjen	𐑯𐑫𐑘𐑧𐑯	89
fragment	nihilism	NN1	RSSB	ˈnɪ-	𐑯𐑦-	ˈnaɪhɪlɪzəm	𐑯𐑲𐑣𐑦𐑤𐑦𐑟𐑩𐑥	89
fragment	nihilism	NN1	RSSB	ˈniː-	𐑯𐑰-	ˈnaɪhɪlɪzəm	𐑯𐑲𐑣𐑦𐑤𐑦𐑟𐑩𐑥	89
fragment	nihilism	NN1	GenAm	ˈniː-	𐑯𐑰-	ˈnaɪəˌlɪzəm	𐑯𐑲𐑩𐑤𐑦𐑟𐑩𐑥	89
fragment	nihilism	NN1	RSSB	-hɨ̞-	-𐑣ɨ̞-	ˈnaɪhɪlɪzəm	𐑯𐑲𐑣𐑦𐑤𐑦𐑟𐑩𐑥	1
fragment	Nihilism	NP0	RSSB	ˈnɪ-	𐑯𐑦-	ˈnaɪhɪlɪzəm	𐑯𐑲𐑣𐑦𐑤𐑦𐑟𐑩𐑥	89
fragment	Nihilism	NP0	RSSB	ˈniː-	𐑯𐑰-	ˈnaɪhɪlɪzəm	𐑯𐑲𐑣𐑦𐑤𐑦𐑟𐑩𐑥	89
fragment	Nihilism	NP0	RSSB	-hɨ̞-	-𐑣ɨ̞-	ˈnaɪhɪlɪzəm	𐑯𐑲𐑣𐑦𐑤𐑦𐑟𐑩𐑥	1
fragment	Nihilism	NP0	GenAm	ˈniə-	𐑯𐑦𐑩-	ˈnaɪəˌlɪzəm	𐑯𐑲𐑩𐑤𐑦𐑟𐑩𐑥	89
fragment	nincompoop	NN1	GenAm	ˈnɪn-	𐑯𐑦𐑯-	ˈnɪŋkəmˌpup	𐑯𐑦𐑙𐑒𐑩𐑥𐑐𐑫𐑐	89
fragment	nitty	AJ0	GenAm	-ti	-𐑑𐑦	ˈnɪti	𐑯𐑦𐑑𐑦	89
fragment	nitty	NN1	GenAm	-ti	-𐑑𐑦	ˈnɪti	𐑯𐑦𐑑𐑦	89
fragment	nitty-gritty	NN1	GenAm	-ti-	-𐑑𐑦-	ˈnɪtiˈɡrɪti	𐑯𐑦𐑑𐑦𐑜𐑮𐑦𐑑𐑦	1
fragment	nitty-gritty	AJ0	GenAm	-ti-	-𐑑𐑦-	ˈnɪtiˈɡrɪti	𐑯𐑦𐑑𐑦𐑜𐑮𐑦𐑑𐑦	1
fragment	no way Jose	AV0	RSSB	- həʊˌzeɪ	- 𐑣𐑴𐑟𐑱	nəʊ ˈweɪ həʊˌseɪ	𐑯𐑴 𐑢𐑱 𐑣𐑴𐑕𐑱	89
fragment	no way Jose	AV0	GenAm	- hoʊˌzeɪ	- 𐑣𐑴𐑟𐑱	noʊ ˈweɪ hoʊˌseɪ	𐑯𐑴 𐑢𐑱 𐑣𐑴𐑕𐑱	89
fragment	noddy	NN1	GenAm	-ti	-𐑑𐑦	ˈnɒdi	𐑯𐑪𐑛𐑦	89
fragment	noddy	AJ0	GenAm	-ti	-𐑑𐑦	ˈnɒdi	𐑯𐑪𐑛𐑦	89
fragment	noddy	VVI	GenAm	-ti	-𐑑𐑦	ˈnɒdi	𐑯𐑪𐑛𐑦	89
fragment	noli me tangere	NN1	RSSB	-meɪ tændʒəreɪ	-𐑥𐑱 𐑑𐑨𐑯𐑡𐑼𐑱	nəʊlɪ mɪ tændʒəri	𐑯𐑴𐑤𐑦 𐑥𐑦 𐑑𐑨𐑯𐑡𐑼𐑦	89
fragment	nomenclature	NN1	RSSB	-men-	-𐑥𐑧𐑯-	nəʊmeŋkləRtʃəR	𐑯𐑴𐑥𐑧𐑙𐑒𐑤𐑼𐑗𐑼	1
fragment	nonactuarial	AJ0	RSSB	-tʃʊ-	-𐑗𐑫-	nɒnæktjueəriəRl	𐑯𐑪𐑯𐑨𐑒𐑑𐑘𐑫𐑺𐑦𐑼𐑤	1
fragment	nonad	NN1	RSSB	ˈnɒ-	𐑯𐑪-	ˈnəʊnæd	𐑯𐑴𐑯𐑨𐑛	89
fragment	nonad	NN1	GenAm	ˈnɒ-	𐑯𐑪-	ˈnoʊnæd	𐑯𐑴𐑯𐑨𐑛	89
fragment	nonpareil	AJ0	RSSB	nɒm-	𐑯𐑪𐑥-	nɒnpəreɪl	𐑯𐑪𐑯𐑐𐑼𐑱𐑤	1
fragment	nonpareil	NN1	RSSB	nɒm-	𐑯𐑪𐑥-	nɒnpəreɪl	𐑯𐑪𐑯𐑐𐑼𐑱𐑤	1
fragment	Norville	NP0	RSSB	-ɪl	-𐑦𐑤	nɔːRvəl	𐑯𐑹𐑝𐑩𐑤	1
fragment	nosocomial	AJ0	RSSB	ˌnəʊ-	𐑯𐑴-	ˌnɒsəʊˈkəʊmiəl	𐑯𐑪𐑕𐑴𐑒𐑴𐑥𐑦𐑩𐑤	89
fragment	nosocomial	AJ0	GenAm	ˌnoʊ-	𐑯𐑴-	ˌnɒsəˈkoʊmiəl	𐑯𐑪𐑕𐑩𐑒𐑴𐑥𐑦𐑩𐑤	89
fragment	notate bene	ITJ	GenAm	-beɪn-	-𐑚𐑱𐑯-	noʊˈtɒteɪ ˌbeneɪ	𐑯𐑴𐑑𐑪𐑑𐑱 𐑚𐑧𐑯𐑱	89
fragment	notorious	AJ0	GenAm	noʊ-	𐑯𐑴-	nəˈtɔːRiəs	𐑯𐑩𐑑𐑹𐑦𐑩𐑕	1
fragment	notorious	AV0	GenAm	noʊ-	𐑯𐑴-	nəˈtɔːRiəs	𐑯𐑩𐑑𐑹𐑦𐑩𐑕	1
fragment	nucleoid	NN1	GenAm	ˈnu-	𐑯𐑫-	ˈnjukliˌɔɪd	𐑯𐑘𐑫𐑒𐑤𐑦𐑶𐑛	89
fragment	nunchaku	NN1	GenAm	nən-	𐑯𐑩𐑯-	nʌnˈtʃɒku	𐑯𐑳𐑯𐑗𐑪𐑒𐑫	89
fragment	nutty slack	NN1	GenAm	-ti-	-𐑑𐑦-	ˌnʌti ˈslæk	𐑯𐑳𐑑𐑦 𐑕𐑤𐑨𐑒	89
fragment	obduracy	NN1	RSSB	-djə-	-𐑛𐑘𐑩-	ɒbdʊrəRsi	𐑪𐑚𐑛𐑫𐑮𐑼𐑕𐑦	1
fragment	obduracy	NN1	GenAm	-djə-	-𐑛𐑘𐑩-	ˈɒbdʊrəsi	𐑪𐑚𐑛𐑫𐑮𐑩𐑕𐑦	1
fragment	obdurate	AJ0	RSSB	-əRt	-𐑼𐑑	ɒbdʒʊrɪt	𐑪𐑚𐑡𐑫𐑮𐑦𐑑	89
fragment	obdurate	AJ0	GenAm	-ət	-𐑩𐑑	ˈɒbdjərɪt	𐑪𐑚𐑛𐑘𐑼𐑦𐑑	1
fragment	obesity	NN1	GenAm	-ti	-𐑑𐑦	oʊˈbisɪti	𐑴𐑚𐑦𐑕𐑦𐑑𐑦	89
fragment	obituarial	AJ0	RSSB	əbɪtjə-	𐑩𐑚𐑦𐑑𐑘𐑩-	əbɪtʃʊeəriəl	𐑩𐑚𐑦𐑗𐑫𐑺𐑦𐑩𐑤	1
fragment	obituarial	AJ0	RSSB	əʊ-	𐑴-	əbɪtʃʊeəriəl	𐑩𐑚𐑦𐑗𐑫𐑺𐑦𐑩𐑤	1
fragment	obituarial	AJ0	GenAm	oʊˌ-	𐑴-	əˌbɪtʃəˈweriəl	𐑩𐑚𐑦𐑗𐑩𐑢𐑧𐑮𐑦𐑩𐑤	1
fragment	obituarian	NN1	RSSB	əbɪtjə-	𐑩𐑚𐑦𐑑𐑘𐑩-	əbɪtʃʊeəriən	𐑩𐑚𐑦𐑗𐑫𐑺𐑦𐑩𐑯	1
fragment	obituarian	NN1	RSSB	əʊ-	𐑴-	əbɪtʃʊeəriən	𐑩𐑚𐑦𐑗𐑫𐑺𐑦𐑩𐑯	1
fragment	obituarian	NN1	GenAm	oʊˌ-	𐑴-	əˌbɪtʃəˈweriən	𐑩𐑚𐑦𐑗𐑩𐑢𐑧𐑮𐑦𐑩𐑯	1
fragment	obituary	NN1	RSSB	əʊ-	𐑴-	əbɪtʃʊəri	𐑩𐑚𐑦𐑗𐑫𐑼𐑦	1
fragment	obituary	NN1	GenAm	oʊ-	𐑴-	əˈbɪtʃəˌweri	𐑩𐑚𐑦𐑗𐑩𐑢𐑧𐑮𐑦	1
fragment	obituary	AJ0	RSSB	əʊ-	𐑴-	əbɪtʃʊəri	𐑩𐑚𐑦𐑗𐑫𐑼𐑦	1
fragment	obituary	AJ0	GenAm	oʊ-	𐑴-	əˈbɪtʃəˌweri	𐑩𐑚𐑦𐑗𐑩𐑢𐑧𐑮𐑦	1
fragment	obliterate	VVI	GenAm	oʊ-	𐑴-	əˈblɪtəˌreɪt	𐑩𐑚𐑤𐑦𐑑𐑼𐑱𐑑	1
fragment	obliterate	VVI	GenAm	-tə-	-𐑑𐑩-	əˈblɪtəˌreɪt	𐑩𐑚𐑤𐑦𐑑𐑼𐑱𐑑	1
fragment	obliterate	AJ0	GenAm	oʊ-	𐑴-	əˈblɪtəˌreɪt	𐑩𐑚𐑤𐑦𐑑𐑼𐑱𐑑	1
fragment	obliterate	AJ0	GenAm	-tə-	-𐑑𐑩-	əˈblɪtəˌreɪt	𐑩𐑚𐑤𐑦𐑑𐑼𐑱𐑑	1
fragment	obliterated	AJ0	GenAm	oʊ-	𐑴-	əˈblɪtəˌreɪtƏd	𐑩𐑚𐑤𐑦𐑑𐑼𐑱𐑑𐑩𐑛	1
fragment	obliterated	AJ0	GenAm	-tə-	-𐑑𐑩-	əˈblɪtəˌreɪtƏd	𐑩𐑚𐑤𐑦𐑑𐑼𐑱𐑑𐑩𐑛	1
fragment	obliterated	AJ0	GenAm	-tƏd	-𐑑𐑩𐑛	əˈblɪtəˌreɪtƏd	𐑩𐑚𐑤𐑦𐑑𐑼𐑱𐑑𐑩𐑛	1
fragment	obliterated	VVI	GenAm	oʊ-	𐑴-	əˈblɪtəˌreɪtƏd	𐑩𐑚𐑤𐑦𐑑𐑼𐑱𐑑𐑩𐑛	1
fragment	obliterated	VVI	GenAm	-tə-	-𐑑𐑩-	əˈblɪtəˌreɪtƏd	𐑩𐑚𐑤𐑦𐑑𐑼𐑱𐑑𐑩𐑛	1
fragment	obliterated	VVI	GenAm	-tƏd	-𐑑𐑩𐑛	əˈblɪtəˌreɪtƏd	𐑩𐑚𐑤𐑦𐑑𐑼𐑱𐑑𐑩𐑛	1
fragment	obnoxious	AJ0	RSSB	ɒb-	𐑪𐑚-	əbˈnɒkʃəs	𐑩𐑚𐑯𐑪𐑒𐑖𐑩𐑕	89
fragment	observer	NN1	GenAm	ɒb-	𐑪𐑚-	əbˈzɜːRvəR	𐑩𐑚𐑟𐑻𐑝𐑼	1
fragment	observer	NN1	RSSB	ɒb-	𐑪𐑚-	əbzɜːRvəR	𐑩𐑚𐑟𐑻𐑝𐑼	1
fragment	obstruse	AJ0	GenAm	ɒb-	𐑪𐑚-	əbˈstrus	𐑩𐑚𐑕𐑑𐑮𐑫𐑕	1
fragment	obtrusive	AJ0	RSSB	ɒb-	𐑪𐑚-	əbtruːsɪv	𐑩𐑚𐑑𐑮𐑵𐑕𐑦𐑝	1
fragment	obtrusive	AJ0	GenAm	ɒb-	𐑪𐑚-	əbˈtrusɪv	𐑩𐑚𐑑𐑮𐑫𐑕𐑦𐑝	1
fragment	obtuse	AJ0	RSSB	-ˈtʃuːs	-𐑗𐑵𐑕	əbˈtjuːs	𐑩𐑚𐑑𐑿𐑕	89
fragment	obtuse	AJ0	GenAm	ɒb-	𐑪𐑚-	əbˈtjus	𐑩𐑚𐑑𐑘𐑫𐑕	89
fragment	obtuse	VVI	RSSB	-ˈtʃuːs	-𐑗𐑵𐑕	əbˈtjuːs	𐑩𐑚𐑑𐑿𐑕	89
fragment	obtuse	VVI	GenAm	ɒb-	𐑪𐑚-	əbˈtjus	𐑩𐑚𐑑𐑘𐑫𐑕	89
fragment	obviousness	NN1	RSSB	-ɪəs-	-𐑾𐑕-	ˈɒbviəsnəs	𐑪𐑚𐑝𐑦𐑩𐑕𐑯𐑩𐑕	89
fragment	obviousness	NN1	RSSB	-nəs	-𐑯𐑩𐑕	ˈɒbviəsnəs	𐑪𐑚𐑝𐑦𐑩𐑕𐑯𐑩𐑕	89
fragment	obviousness	NN1	GenAm	-nəs	-𐑯𐑩𐑕	ˈɒbviəsnəs	𐑪𐑚𐑝𐑦𐑩𐑕𐑯𐑩𐑕	89
fragment	Oceania	NP0	GenAm	-ˈænjə	-𐑨𐑯𐑘𐑩	ˌoʊʃiˈæniə	𐑴𐑖𐑦𐑨𐑯𐑦𐑩	89
fragment	Oceania	NP0	GenAm	-ˈænə	-𐑨𐑯𐑩	ˌoʊʃiˈæniə	𐑴𐑖𐑦𐑨𐑯𐑦𐑩	89
fragment	odyle	NN1	RSSB	ˈəʊd-	𐑴𐑛-	ˈɒdɪl	𐑪𐑛𐑦𐑤	89
fragment	odyle	NN1	GenAm	ˈoʊd-	𐑴𐑛-	ˈɒdəl	𐑪𐑛𐑩𐑤	89
fragment	odylic	AJ0	RSSB	əʊ-	𐑴-	ɒˈdɪlɪk	𐑪𐑛𐑦𐑤𐑦𐑒	89
fragment	odylic	AJ0	GenAm	oʊ-	𐑴-	ɒˈdɪlɪk	𐑪𐑛𐑦𐑤𐑦𐑒	89
fragment	off-worlder	NN1	GenAm	ˈɒf-	𐑪𐑓-	ˈɒfˈwɜrldər	𐑪𐑓𐑢ɜ𐑮𐑤𐑛𐑼	1
fragment	office	NN1	GenAm	ˈɒ-	𐑪-	ˈɒfɪs	𐑪𐑓𐑦𐑕	89
fragment	office	VVI	GenAm	ˈɒ-	𐑪-	ˈɒfɪs	𐑪𐑓𐑦𐑕	89
fragment	Ohkay Owingeh	NP0	GenAm	-ɡə	-𐑜𐑩	ˈoʊkeɪ oʊˈwɪŋɡeɪ	𐑴𐑒𐑱 𐑴𐑢𐑦𐑙𐑜𐑱	89
fragment	Ohkay Owingeh	NP0	RSSB	-ɡə	-𐑜𐑩	ˈəʊkeɪ əʊˈwɪŋɡeɪ	𐑴𐑒𐑱 𐑴𐑢𐑦𐑙𐑜𐑱	89
fragment	oligarchization	NN1	GenAm	-ˌoʊlə-	-𐑴𐑤𐑩-	ˌɒləɡɑːRˌkaɪˈzeɪʃən	𐑪𐑤𐑩𐑜𐑸𐑒𐑲𐑟𐑱𐑖𐑩𐑯	1
fragment	oligarchization	NN1	GenAm	-kə-	-𐑒𐑩-	ˌɒləɡɑːRˌkaɪˈzeɪʃən	𐑪𐑤𐑩𐑜𐑸𐑒𐑲𐑟𐑱𐑖𐑩𐑯	1
fragment	oligolectic	AJ0	RSSB	ɒˌlɪɡəʊ-	𐑪𐑤𐑦𐑜𐑴-	ˌɒlɪɡəʊˈlektɪk	𐑪𐑤𐑦𐑜𐑴𐑤𐑧𐑒𐑑𐑦𐑒	89
fragment	oligolectic	AJ0	GenAm	ˌoʊ-	𐑴-	ˌɒləɡoʊˈlektɪk	𐑪𐑤𐑩𐑜𐑴𐑤𐑧𐑒𐑑𐑦𐑒	89
fragment	oligolectic	AJ0	GenAm	əˌlɪɡə-	𐑩𐑤𐑦𐑜𐑩-	ˌɒləɡoʊˈlektɪk	𐑪𐑤𐑩𐑜𐑴𐑤𐑧𐑒𐑑𐑦𐑒	89
fragment	oligolecty	NN1	RSSB	ɒˌlɪɡəʊ-	𐑪𐑤𐑦𐑜𐑴-	ˌɒlɪɡəʊˈlekti	𐑪𐑤𐑦𐑜𐑴𐑤𐑧𐑒𐑑𐑦	89
fragment	oligolecty	NN1	GenAm	ˌoʊ-	𐑴-	ˌɒləɡoʊˈlekti	𐑪𐑤𐑩𐑜𐑴𐑤𐑧𐑒𐑑𐑦	89
fragment	oligolecty	NN1	GenAm	əˌlɪɡə-	𐑩𐑤𐑦𐑜𐑩-	ˌɒləɡoʊˈlekti	𐑪𐑤𐑩𐑜𐑴𐑤𐑧𐑒𐑑𐑦	89
fragment	oligopoly	NN1	GenAm	ˌoʊ-	𐑴-	ˌɒləˈɡɒpəli	𐑪𐑤𐑩𐑜𐑪𐑐𐑩𐑤𐑦	89
fragment	Olympiad	NN1	GenAm	-əd	-𐑩𐑛	əˈlɪmpiæd	𐑩𐑤𐑦𐑥𐑐𐑦𐑨𐑛	89
fragment	Olympiad	NN1	RSSB	-əd	-𐑩𐑛	əˈlɪmpiæd	𐑩𐑤𐑦𐑥𐑐𐑦𐑨𐑛	89
fragment	Olympic	AJ0	GenAm	oʊ-	𐑴-	əˈlɪmpɪk	𐑩𐑤𐑦𐑥𐑐𐑦𐑒	89
fragment	Olympic	NN1	GenAm	oʊ-	𐑴-	əˈlɪmpɪk	𐑩𐑤𐑦𐑥𐑐𐑦𐑒	89
fragment	Olympic Valley	NP0	GenAm	oʊ-	𐑴-	əˌlɪmpɪk ˈvæli	𐑩𐑤𐑦𐑥𐑐𐑦𐑒 𐑝𐑨𐑤𐑦	89
fragment	omegatron	NN1	GenAm	-ˈmeɡəˌ-	-𐑥𐑧𐑜𐑩-	oʊˈmeɪɡəˌtrɒn	𐑴𐑥𐑱𐑜𐑩𐑑𐑮𐑪𐑯	1
fragment	omertà	NN1	GenAm	-tə	-𐑑𐑩	ˌoʊmerˈtɒ	𐑴𐑥𐑧𐑮𐑑𐑪	1
fragment	omnipotentiality	NN1	GenAm	-ti	-𐑑𐑦	ˌɒmnipəˌtentʃiˈæləti	𐑪𐑥𐑯𐑦𐑐𐑩𐑑𐑧𐑯𐑗𐑦𐑨𐑤𐑩𐑑𐑦	89
fragment	omnivicarious	AJ0	RSSB	vaɪ-	𐑝𐑲-	ɒmnɪvɪkeəriəs	𐑪𐑥𐑯𐑦𐑝𐑦𐑒𐑺𐑦𐑩𐑕	1
fragment	omnivicarious	AJ0	GenAm	ˌvaɪˈ-	𐑝𐑲-	ˌɒmnɪvəˈkeriəs	𐑪𐑥𐑯𐑦𐑝𐑩𐑒𐑧𐑮𐑦𐑩𐑕	1
fragment	on tenterhooks	UNC	GenAm	ˌɒn-	𐑪𐑯-	ˌɒn ˈtentərˌhʊks	𐑪𐑯 𐑑𐑧𐑯𐑑𐑼𐑣𐑫𐑒𐑕	1
fragment	on tenterhooks	UNC	GenAm	-tər-	-𐑑𐑼-	ˌɒn ˈtentərˌhʊks	𐑪𐑯 𐑑𐑧𐑯𐑑𐑼𐑣𐑫𐑒𐑕	89
fragment	on the horns of a dilemma	UNC	RSSB	-dɪlemə	-𐑛𐑦𐑤𐑧𐑥𐑩	ɒnðə hɔːRnzəRvə daɪlemə	𐑪𐑯𐑞𐑩 𐑣𐑹𐑯𐑟𐑼𐑝𐑩 𐑛𐑲𐑤𐑧𐑥𐑩	1
fragment	onager	NN1	RSSB	-ɡəR	-𐑜𐑼	ɒnədʒəR	𐑪𐑯𐑩𐑡𐑼	89
fragment	onager	NN1	GenAm	ˈɔː-	𐑷-	ˈɒnədʒəR	𐑪𐑯𐑩𐑡𐑼	1
fragment	oneiromancy	NN1	RSSB	əʊnaɪrəʊ-	𐑴𐑯𐑲𐑮𐑴-	ənaɪrəRmænsi	𐑩𐑯𐑲𐑮𐑼𐑥𐑨𐑯𐑕𐑦	89
fragment	oneiromancy	NN1	GenAm	-rə-	-𐑮𐑩-	oʊˈnaɪroʊˌmæntsi	𐑴𐑯𐑲𐑮𐑴𐑥𐑨𐑯𐑑𐑕𐑦	89
fragment	ones and zeroes	NN1	GenAm	-ˈziˌroʊz	-𐑟𐑦𐑮𐑴𐑟	ˈwʌnz ən ˈzɪrˌoʊz	𐑢𐑳𐑯𐑟 𐑩𐑯 𐑟𐑦𐑮𐑴𐑟	89
fragment	opportune	AJ0	GenAm	-tjuːn	-𐑑𐑿𐑯	ˌɒpəRˈtʃuːn	𐑪𐑐𐑼𐑗𐑵𐑯	1
fragment	opportunities	NN1	RSSB	-tʃuː-	-𐑗𐑵-	ɒpəRtjuːnɪtiz	𐑪𐑐𐑼𐑑𐑿𐑯𐑦𐑑𐑦𐑟	1
fragment	opportunities	NN1	GenAm	-tiz	-𐑑𐑦𐑟	ˌɒpəRˈtunətiz	𐑪𐑐𐑼𐑑𐑫𐑯𐑩𐑑𐑦𐑟	1
fragment	opportunity	NN1	RSSB	-tʃuː-	-𐑗𐑵-	ɒpəRtjuːnɪtɪ	𐑪𐑐𐑼𐑑𐑿𐑯𐑦𐑑𐑦	1
fragment	opportunity	NN1	GenAm	-ti	-𐑑𐑦	ˌɒpəRˈtjunəti	𐑪𐑐𐑼𐑑𐑘𐑫𐑯𐑩𐑑𐑦	1
fragment	orangutan	NN1	GenAm	oʊˈræŋ-	𐑴𐑮𐑨𐑙-	əˈræŋəˌtæn	𐑼𐑨𐑙𐑩𐑑𐑨𐑯	89
fragment	orature	NN1	RSSB	ɔːR-	𐑹-	ɒrəRtʃəR	𐑪𐑮𐑼𐑗𐑼	30
fragment	orature	NN1	GenAm	-ˌtjə-	-𐑑𐑘𐑩-	ˈɔːRətʃəR	𐑹𐑩𐑗𐑼	1
fragment	Orbanization	NN1	RSSB	ɔːRbən-	𐑹𐑚𐑩𐑯-	ɔːRbɑːRnaɪzeɪʃən	𐑹𐑚𐑸𐑯𐑲𐑟𐑱𐑖𐑩𐑯	89
fragment	Orbanization	NN1	GenAm	ˌɔːRbən-	𐑹𐑚𐑩𐑯-	ˌɔːRbɒnaɪˈzeɪʃən	𐑹𐑚𐑪𐑯𐑲𐑟𐑱𐑖𐑩𐑯	89
fragment	ordoliberal	NN1	RSSB	-bərəRl	-𐑚𐑼𐑼𐑤	ɔːRdəʊlɪbrəRl	𐑹𐑛𐑴𐑤𐑦𐑚𐑮𐑼𐑤	89
fragment	ordoliberal	NN1	GenAm	-də-	-𐑛𐑩-	ˌɔːRdoʊˈlɪbərəl	𐑹𐑛𐑴𐑤𐑦𐑚𐑼𐑩𐑤	1
fragment	ordoliberal	NN1	GenAm	-brəl	-𐑚𐑮𐑩𐑤	ˌɔːRdoʊˈlɪbərəl	𐑹𐑛𐑴𐑤𐑦𐑚𐑼𐑩𐑤	30
fragment	ordoliberal	AJ0	RSSB	-bərəRl	-𐑚𐑼𐑼𐑤	ɔːRdəʊlɪbrəRl	𐑹𐑛𐑴𐑤𐑦𐑚𐑮𐑼𐑤	89
fragment	ordoliberal	AJ0	GenAm	-də-	-𐑛𐑩-	ˌɔːRdoʊˈlɪbərəl	𐑹𐑛𐑴𐑤𐑦𐑚𐑼𐑩𐑤	1
fragment	ordoliberal	AJ0	GenAm	-brəl	-𐑚𐑮𐑩𐑤	ˌɔːRdoʊˈlɪbərəl	𐑹𐑛𐑴𐑤𐑦𐑚𐑼𐑩𐑤	30
fragment	ordoliberalism	NN1	RSSB	-bərəRl	-𐑚𐑼𐑼𐑤	ɔːRdəʊlɪbrəRlɪzəm	𐑹𐑛𐑴𐑤𐑦𐑚𐑮𐑼𐑤𐑦𐑟𐑩𐑥	89
fragment	ordoliberalism	NN1	GenAm	-də-	-𐑛𐑩-	ˌɔːRdoʊˈlɪbərəlɪzəm	𐑹𐑛𐑴𐑤𐑦𐑚𐑼𐑩𐑤𐑦𐑟𐑩𐑥	1
fragment	ordoliberalism	NN1	GenAm	-brəl	-𐑚𐑮𐑩𐑤	ˌɔːRdoʊˈlɪbərəlɪzəm	𐑹𐑛𐑴𐑤𐑦𐑚𐑼𐑩𐑤𐑦𐑟𐑩𐑥	30
fragment	ordure	NN1	RSSB	-dʒəR	-𐑡𐑼	ɔːRdjəəR	𐑹𐑛𐑘𐑫𐑼	30
fragment	orotund	AJ0	RSSB	ɔːR-	𐑹-	ɒrəʊtʌnd	𐑪𐑮𐑴𐑑𐑳𐑯𐑛	89
fragment	orotund	NN1	RSSB	ɔːR-	𐑹-	ɒrəʊtʌnd	𐑪𐑮𐑴𐑑𐑳𐑯𐑛	89
fragment	orthopyroxene	NN1	GenAm	-θə-	-𐑔𐑩-	ˌɔːRθoʊpaɪˈrɒksin	𐑹𐑔𐑴𐑐𐑲𐑮𐑪𐑒𐑕𐑦𐑯	1
fragment	ostent	NN1	GenAm	ə-	𐑩-	ˈɒstent	𐑪𐑕𐑑𐑧𐑯𐑑	89
fragment	ostrichism	NN1	RSSB	-dʒɪ-	-𐑡𐑦-	ɒstrɪtʃɪzəm	𐑪𐑕𐑑𐑮𐑦𐑗𐑦𐑟𐑩𐑥	1
fragment	osturducken	NN1	GenAm	ˌɒs-	𐑪𐑕-	ˌɒstɜrˈdʌkən	𐑪𐑕𐑑ɜ𐑮𐑛𐑳𐑒𐑩𐑯	1
fragment	otolaryngology	NN1	GenAm	ˌɒtoʊ-	𐑪𐑑𐑴-	ˌoʊtoʊˌlerɪŋˈɡɒlədʒi	𐑴𐑑𐑴𐑤𐑧𐑮𐑦𐑙𐑜𐑪𐑤𐑩𐑡𐑦	1
fragment	otorhinolaryngologist	NN1	RSSB	ɒtə-	𐑪𐑑𐑩-	ɒtəʊraɪnəʊlærɪŋɡɒlədʒɪst	𐑪𐑑𐑴𐑮𐑲𐑯𐑴𐑤𐑨𐑮𐑦𐑙𐑜𐑪𐑤𐑩𐑡𐑦𐑕𐑑	1
fragment	otorhinolaryngologist	NN1	RSSB	-raɪnə-	-𐑮𐑲𐑯𐑩-	ɒtəʊraɪnəʊlærɪŋɡɒlədʒɪst	𐑪𐑑𐑴𐑮𐑲𐑯𐑴𐑤𐑨𐑮𐑦𐑙𐑜𐑪𐑤𐑩𐑡𐑦𐑕𐑑	30
fragment	otorhinolaryngology	NN1	RSSB	ɒtə-	𐑪𐑑𐑩-	ɒtəʊraɪnəʊlærɪŋɡɒlədʒi	𐑪𐑑𐑴𐑮𐑲𐑯𐑴𐑤𐑨𐑮𐑦𐑙𐑜𐑪𐑤𐑩𐑡𐑦	1
fragment	otorhinolaryngology	NN1	RSSB	-raɪnə-	-𐑮𐑲𐑯𐑩-	ɒtəʊraɪnəʊlærɪŋɡɒlədʒi	𐑪𐑑𐑴𐑮𐑲𐑯𐑴𐑤𐑨𐑮𐑦𐑙𐑜𐑪𐑤𐑩𐑡𐑦	30
fragment	ouster le main	NN1	GenAm	-mæn	-𐑥𐑨𐑯	aʊstər lə meɪn	𐑬𐑕𐑑𐑼 𐑤𐑩 𐑥𐑱𐑯	1
fragment	outlandish	AJ0	RSSB	ˌaʊt-	𐑬𐑑-	ˌaʊtˈlændɪʃ	𐑬𐑑𐑤𐑨𐑯𐑛𐑦𐑖	89
fragment	outlandish	AJ0	GenAm	ˌaʊt-	𐑬𐑑-	ˌaʊtˈlændɪʃ	𐑬𐑑𐑤𐑨𐑯𐑛𐑦𐑖	89
fragment	outlandish	AJ0	GenAm	-ˈleən-	-𐑤𐑺𐑯-	ˌaʊtˈlændɪʃ	𐑬𐑑𐑤𐑨𐑯𐑛𐑦𐑖	89
fragment	outlandish	NN1	RSSB	ˌaʊt-	𐑬𐑑-	ˌaʊtˈlændɪʃ	𐑬𐑑𐑤𐑨𐑯𐑛𐑦𐑖	89
fragment	outlandish	NN1	GenAm	ˌaʊt-	𐑬𐑑-	ˌaʊtˈlændɪʃ	𐑬𐑑𐑤𐑨𐑯𐑛𐑦𐑖	89
fragment	outlandish	NN1	GenAm	-ˈleən-	-𐑤𐑺𐑯-	ˌaʊtˈlændɪʃ	𐑬𐑑𐑤𐑨𐑯𐑛𐑦𐑖	89
fragment	outmarket	VVI	GenAm	ˈaʊt-	𐑬𐑑-	aʊtˈmɑːRkɪt	𐑬𐑑𐑥𐑸𐑒𐑦𐑑	1
fragment	outmarket	VVI	RSSB	aʊt-	𐑬𐑑-	aʊtmɑːRkɪt	𐑬𐑑𐑥𐑸𐑒𐑩𐑑	1
fragment	outmarket	VVI	GenAm	-kət	-𐑒𐑩𐑑	aʊtˈmɑːRkɪt	𐑬𐑑𐑥𐑸𐑒𐑦𐑑	1
fragment	outwardness	NN1	RSSB	-nəs	-𐑯𐑩𐑕	aʊtwəRdnəs	𐑬𐑑𐑢𐑼𐑛𐑯𐑩𐑕	1
fragment	outwardness	NN1	GenAm	-nəs	-𐑯𐑩𐑕	ˈaʊtwəRdnəs	𐑬𐑑𐑢𐑼𐑛𐑯𐑩𐑕	1
fragment	overconfidence	NN1	GenAm	ovəR-	𐑪𐑝𐑼-	oʊvəRˈkɒnfɪdənts	𐑴𐑝𐑼𐑒𐑪𐑯𐑓𐑦𐑛𐑩𐑯𐑑𐑕	89
fragment	overconfidence	NN1	GenAm	-dɪnts	-𐑛𐑦𐑯𐑑𐑕	oʊvəRˈkɒnfɪdənts	𐑴𐑝𐑼𐑒𐑪𐑯𐑓𐑦𐑛𐑩𐑯𐑑𐑕	1
fragment	overflowing	NN1	GenAm	ˌovəR-	𐑪𐑝𐑼-	ˌoʊvəRˈfloʊɪŋ	𐑴𐑝𐑼𐑓𐑤𐑴𐑦𐑙	89
fragment	overflowing	VVI	GenAm	ˌovəR-	𐑪𐑝𐑼-	ˌoʊvəRˈfloʊɪŋ	𐑴𐑝𐑼𐑓𐑤𐑴𐑦𐑙	89
fragment	overfurious	AJ0	GenAm	-ˈfjɜːR-	-𐑓𐑘𐑻-	ˌoʊvəRˈfjəriəs	𐑴𐑝𐑼𐑓𐑘𐑼𐑦𐑩𐑕	30
fragment	overmorrow	AV0	GenAm	-mɒ-	-𐑥𐑪-	ˌoʊvərˈmɔːRoʊ	𐑴𐑝𐑼𐑥𐑹𐑴	1
fragment	overmorrow	NN1	GenAm	-mɒ-	-𐑥𐑪-	ˌoʊvərˈmɔːRoʊ	𐑴𐑝𐑼𐑥𐑹𐑴	1
fragment	overmorrow	AJ0	GenAm	-mɒ-	-𐑥𐑪-	ˌoʊvərˈmɔːRoʊ	𐑴𐑝𐑼𐑥𐑹𐑴	1
fragment	overnourished	AJ0	GenAm	-nɜːRɪʃt	-𐑯𐑻𐑦𐑖𐑑	ˈoʊvəRnʌrɪʃt	𐑴𐑝𐑼𐑯𐑳𐑮𐑦𐑖𐑑	30
fragment	overpopulation	NN1	GenAm	ˈoʊvəR-	𐑴𐑝𐑼-	ˌoʊvəRˌpɒpjəˈleɪʃən	𐑴𐑝𐑼𐑐𐑪𐑐𐑘𐑩𐑤𐑱𐑖𐑩𐑯	89
fragment	overwhelm	VVI	RSSB	-ʍelm	-𐑢𐑧𐑤𐑥	əʊvəRwelm	𐑴𐑝𐑼𐑢𐑧𐑤𐑥	1
fragment	overwhelm	VVI	GenAm	-ˈwelm	-𐑢𐑧𐑤𐑥	ˌoʊvəRˈʍelm	𐑴𐑝𐑼𐑢𐑧𐑤𐑥	1
fragment	overwhelm	NN1	RSSB	-ʍelm	-𐑢𐑧𐑤𐑥	əʊvəRwelm	𐑴𐑝𐑼𐑢𐑧𐑤𐑥	1
fragment	overwhelm	NN1	GenAm	-ˈwelm	-𐑢𐑧𐑤𐑥	ˌoʊvəRˈʍelm	𐑴𐑝𐑼𐑢𐑧𐑤𐑥	1
fragment	ovularian	AJ0	RSSB	əʊvjə-	𐑴𐑝𐑘𐑩-	ɒvjəleəriən	𐑪𐑝𐑘𐑩𐑤𐑺𐑦𐑩𐑯	1
fragment	ovularian	AJ0	GenAm	ˌoʊvjəˈ-	𐑴𐑝𐑘𐑩-	ˌɒvjəˈleriən	𐑪𐑝𐑘𐑩𐑤𐑧𐑮𐑦𐑩𐑯	1
fragment	oximeter	NN1	GenAm	-təR	-𐑑𐑼	ɒkˈsɪmətəR	𐑪𐑒𐑕𐑦𐑥𐑩𐑑𐑼	89
fragment	ozone layer	NN1	RSSB	-leɪəR	-𐑤𐑱𐑼	əʊzəʊn leəR	𐑴𐑟𐑴𐑯 𐑤𐑺	89
fragment	paleoenvironment	NN1	RSSB	-vajəRməRnt	-𐑝𐑨𐑘𐑼𐑥𐑼𐑯𐑑	peɪlioʊɪnvaɪrəRnmənt	𐑐𐑱𐑤𐑦𐑴𐑦𐑯𐑝𐑲𐑮𐑼𐑯𐑥𐑩𐑯𐑑	89
fragment	palingenesy	NN1	GenAm	-lən-	-𐑤𐑩𐑯-	ˌpælɪnˈdʒenəsi	𐑐𐑨𐑤𐑦𐑯𐑡𐑧𐑯𐑩𐑕𐑦	89
fragment	pamphlet	NN1	RSSB	-flət	-𐑓𐑤𐑩𐑑	ˈpæmflɪt	𐑐𐑨𐑥𐑓𐑤𐑦𐑑	89
fragment	pamphlet	VVI	RSSB	-flət	-𐑓𐑤𐑩𐑑	ˈpæmflɪt	𐑐𐑨𐑥𐑓𐑤𐑦𐑑	89
fragment	pancreas	NN1	GenAm	ˈpeɪŋ-	𐑐𐑱𐑙-	ˈpæŋkriəs	𐑐𐑨𐑙𐑒𐑮𐑦𐑩𐑕	1
fragment	pancreas	NN1	GenAm	ˈpæn-	𐑐𐑨𐑯-	ˈpæŋkriəs	𐑐𐑨𐑙𐑒𐑮𐑦𐑩𐑕	1
fragment	pancreas	NN1	GenAm	ˈpeɪn-	𐑐𐑱𐑯-	ˈpæŋkriəs	𐑐𐑨𐑙𐑒𐑮𐑦𐑩𐑕	1
fragment	pancreatic	AJ0	GenAm	ˌpeɪŋ-	𐑐𐑱𐑙-	ˌpæŋkrɪˈætɪk	𐑐𐑨𐑙𐑒𐑮𐑦𐑨𐑑𐑦𐑒	1
fragment	pancreatic	AJ0	GenAm	ˌpæn-	𐑐𐑨𐑯-	ˌpæŋkrɪˈætɪk	𐑐𐑨𐑙𐑒𐑮𐑦𐑨𐑑𐑦𐑒	1
fragment	pancreatic	AJ0	GenAm	ˌpeɪn-	𐑐𐑱𐑯-	ˌpæŋkrɪˈætɪk	𐑐𐑨𐑙𐑒𐑮𐑦𐑨𐑑𐑦𐑒	1
fragment	panda	NN1	RSSB	ˈpæn-	𐑐𐑨𐑯-	ˈpʌndə	𐑐𐑳𐑯𐑛𐑩	89
fragment	pandeism	NN1	RSSB	-deɪ-	-𐑛𐑱-	pænˈdiːɪzəm	𐑐𐑨𐑯𐑛𐑰𐑦𐑟𐑩𐑥	89
fragment	pandeism	NN1	GenAm	-deɪ-	-𐑛𐑱-	pænˈdiɪzəm	𐑐𐑨𐑯𐑛𐑦𐑦𐑟𐑩𐑥	89
fragment	panopticon	NN1	RSSB	pæˈ-	𐑐𐑨-	pəˈnɒptɪkɒn	𐑐𐑩𐑯𐑪𐑐𐑑𐑦𐑒𐑪𐑯	89
fragment	panopticon	NN1	GenAm	pæˈ-	𐑐𐑨-	pəˈnɒptɪˌkɒn	𐑐𐑩𐑯𐑪𐑐𐑑𐑦𐑒𐑪𐑯	89
fragment	pantechnicon	NN1	GenAm	-nəˌkɒn	-𐑯𐑩𐑒𐑪𐑯	pænˈteknəkən	𐑐𐑨𐑯𐑑𐑧𐑒𐑯𐑩𐑒𐑩𐑯	89
fragment	paper candidate	NN1	GenAm	-dɪt	-𐑛𐑦𐑑	ˈpeɪpəR ˈkændɪdeɪt	𐑐𐑱𐑐𐑼 𐑒𐑨𐑯𐑛𐑦𐑛𐑱𐑑	1
fragment	par for the course	AJ0	GenAm	-ˈkɒərs	-𐑒𐑪𐑼𐑕	ˈpɑːR fəR ðə ˈkɔːRs	𐑐𐑸 𐑓𐑼 𐑞𐑩 𐑒𐑹𐑕	30
fragment	Paralympiad	NN1	RSSB	-əd	-𐑩𐑛	pærəRlɪmpiæd	𐑐𐑨𐑮𐑼𐑤𐑦𐑥𐑐𐑦𐑨𐑛	1
fragment	Paralympiad	NN1	GenAm	-əd	-𐑩𐑛	ˌpærəˈlɪmpiˌæd	𐑐𐑨𐑮𐑩𐑤𐑦𐑥𐑐𐑦𐑨𐑛	1
fragment	Paralympiad	NN1	GenAm	ˌpe-	𐑐𐑧-	ˌpærəˈlɪmpiˌæd	𐑐𐑨𐑮𐑩𐑤𐑦𐑥𐑐𐑦𐑨𐑛	1
fragment	Paralympian	NN1	GenAm	ˌpe-	𐑐𐑧-	ˌpærəˈlɪmpiən	𐑐𐑨𐑮𐑩𐑤𐑦𐑥𐑐𐑦𐑩𐑯	1
fragment	Paralympian	AJ0	GenAm	ˌpe-	𐑐𐑧-	ˌpærəˈlɪmpiən	𐑐𐑨𐑮𐑩𐑤𐑦𐑥𐑐𐑦𐑩𐑯	1
fragment	Paralympic	AJ0	GenAm	ˌpe-	𐑐𐑧-	ˌpærəˈlɪmpɪk	𐑐𐑨𐑮𐑩𐑤𐑦𐑥𐑐𐑦𐑒	1
fragment	parameterless	AJ0	GenAm	-ləs	-𐑤𐑩𐑕	pəˈræmətəRləs	𐑐𐑼𐑨𐑥𐑩𐑑𐑼𐑤𐑩𐑕	1
fragment	paramour	NN1	RSSB	-mɔːR	-𐑥𐑹	pærəRmʊəR	𐑐𐑨𐑮𐑼𐑥𐑫𐑼	30
fragment	paramour	NN1	GenAm	-ˌmɔːR	-𐑥𐑹	ˈperəˌmʊər	𐑐𐑧𐑮𐑩𐑥𐑫𐑼	30
fragment	paramour	VVI	RSSB	-mɔːR	-𐑥𐑹	pærəRmʊəR	𐑐𐑨𐑮𐑼𐑥𐑫𐑼	30
fragment	paramour	VVI	GenAm	-ˌmɔːR	-𐑥𐑹	ˈperəˌmʊər	𐑐𐑧𐑮𐑩𐑥𐑫𐑼	30
fragment	paramour	AV0	RSSB	-mɔːR	-𐑥𐑹	pærəRmʊəR	𐑐𐑨𐑮𐑼𐑥𐑫𐑼	30
fragment	paramour	AV0	GenAm	-ˌmɔːR	-𐑥𐑹	ˈperəˌmʊər	𐑐𐑧𐑮𐑩𐑥𐑫𐑼	30
fragment	parentcraft	NN1	GenAm	ˈpeə-	𐑐𐑺-	ˈpeərəntkræft	𐑐𐑺𐑩𐑯𐑑𐑒𐑮𐑨𐑓𐑑	30
fragment	parentcraft	NN1	GenAm	ˈpæ-	𐑐𐑨-	ˈpeərəntkræft	𐑐𐑺𐑩𐑯𐑑𐑒𐑮𐑨𐑓𐑑	1
fragment	parenthetic	AJ0	GenAm	-rən-	-𐑮𐑩𐑯-	perɪnˈθetɪk	𐑐𐑧𐑮𐑦𐑯𐑔𐑧𐑑𐑦𐑒	89
fragment	paresthesia	NN1	RSSB	-ʒə	-𐑠𐑩	pærɪsθiːziə	𐑐𐑨𐑮𐑦𐑕𐑔𐑰𐑟𐑦𐑩	1
fragment	parish-pump	AJ0	GenAm	ˈpe-	𐑐𐑧-	ˈpærɪʃ ˌpʌmp	𐑐𐑨𐑮𐑦𐑖 𐑐𐑳𐑥𐑐	1
fragment	parosmia	NN1	RSSB	-rɒs-	-𐑮𐑪𐑕-	pərɒzmɪə	𐑐𐑼𐑪𐑟𐑥𐑾	89
fragment	parosmia	NN1	GenAm	-ˈrɒs-	-𐑮𐑪𐑕-	pəˈrɒzmiə	𐑐𐑼𐑪𐑟𐑥𐑦𐑩	89
fragment	paroxysm	NN1	GenAm	pəˈrɒk-	𐑐𐑼𐑪𐑒-	ˈperəkˌsɪzəm	𐑐𐑧𐑮𐑩𐑒𐑕𐑦𐑟𐑩𐑥	89
fragment	participator	NN1	GenAm	pəR-	𐑐𐑼-	pɑːRˈtɪsəˌpeɪtəR	𐑐𐑸𐑑𐑦𐑕𐑩𐑐𐑱𐑑𐑼	30
fragment	particularity	NN1	RSSB	pɑːR-	𐑐𐑸-	pəRtɪkjəlærɪti	𐑐𐑼𐑑𐑦𐑒𐑘𐑩𐑤𐑨𐑮𐑦𐑑𐑦	30
fragment	particularity	NN1	GenAm	pɑːR-	𐑐𐑸-	pərˌtɪkjəˈlerəti	𐑐𐑼𐑑𐑦𐑒𐑘𐑩𐑤𐑧𐑮𐑩𐑑𐑦	30
fragment	particularity	NN1	GenAm	-ti	-𐑑𐑦	pərˌtɪkjəˈlerəti	𐑐𐑼𐑑𐑦𐑒𐑘𐑩𐑤𐑧𐑮𐑩𐑑𐑦	1
fragment	partisan	NN1	GenAm	-tɪ	-𐑑𐑦	ˈpɑːRtɪzən	𐑐𐑸𐑑𐑦𐑟𐑩𐑯	1
fragment	partisan	NN1	GenAm	-tə	-𐑑𐑩	ˈpɑːRtɪzən	𐑐𐑸𐑑𐑦𐑟𐑩𐑯	1
fragment	partisan	NN1	GenAm	-sən	-𐑕𐑩𐑯	ˈpɑːRtɪzən	𐑐𐑸𐑑𐑦𐑟𐑩𐑯	1
fragment	partisan	AJ0	GenAm	-tɪ	-𐑑𐑦	ˈpɑːRtɪzən	𐑐𐑸𐑑𐑦𐑟𐑩𐑯	1
fragment	partisan	AJ0	GenAm	-tə	-𐑑𐑩	ˈpɑːRtɪzən	𐑐𐑸𐑑𐑦𐑟𐑩𐑯	1
fragment	partisan	AJ0	GenAm	-sən	-𐑕𐑩𐑯	ˈpɑːRtɪzən	𐑐𐑸𐑑𐑦𐑟𐑩𐑯	1
fragment	party spirit	NN1	GenAm	ˌpɑːRti-	𐑐𐑸𐑑𐑦-	ˌpɑːRti ˈspɪrɪt	𐑐𐑸𐑑𐑦 𐑕𐑐𐑦𐑮𐑦𐑑	30
fragment	passerine	AJ0	RSSB	-rəRn	-𐑮𐑼𐑯	pæsəraɪn	𐑐𐑨𐑕𐑼𐑲𐑯	89
fragment	passerine	AJ0	RSSB	-riːn	-𐑮𐑰𐑯	pæsəraɪn	𐑐𐑨𐑕𐑼𐑲𐑯	89
fragment	passerine	NN1	RSSB	-rəRn	-𐑮𐑼𐑯	pæsəraɪn	𐑐𐑨𐑕𐑼𐑲𐑯	89
fragment	passerine	NN1	RSSB	-riːn	-𐑮𐑰𐑯	pæsəraɪn	𐑐𐑨𐑕𐑼𐑲𐑯	89
fragment	Pastafarian	AJ0	RSSB	-fɑːri-	-𐑓𐑸𐑦-	pæstəfeəriən	𐑐𐑨𐑕𐑑𐑩𐑓𐑺𐑦𐑩𐑯	89
fragment	Pastafarian	AJ0	GenAm	-ˈfɑːri-	-𐑓𐑸𐑦-	ˌpɒstəˈferiən	𐑐𐑪𐑕𐑑𐑩𐑓𐑧𐑮𐑦𐑩𐑯	89
fragment	Pastafarian	NN1	RSSB	-fɑːri-	-𐑓𐑸𐑦-	pæstəfeəriən	𐑐𐑨𐑕𐑑𐑩𐑓𐑺𐑦𐑩𐑯	89
fragment	Pastafarian	NN1	GenAm	-ˈfɑːri-	-𐑓𐑸𐑦-	ˌpɒstəˈferiən	𐑐𐑪𐑕𐑑𐑩𐑓𐑧𐑮𐑦𐑩𐑯	89
fragment	paternity leave	NN1	GenAm	-ti	-𐑑𐑦	pəˈtɜrnəti ˌliv	𐑐𐑩𐑑ɜ𐑮𐑯𐑩𐑑𐑦 𐑤𐑦𐑝	1
fragment	paternoster	NN1	GenAm	-ˌnɒstəR	-𐑯𐑪𐑕𐑑𐑼	ˈpɒtərˌnɒstəR	𐑐𐑪𐑑𐑼𐑯𐑪𐑕𐑑𐑼	30
fragment	paternoster	VVI	GenAm	-ˌnɒstəR	-𐑯𐑪𐑕𐑑𐑼	ˈpɒtərˌnɒstəR	𐑐𐑪𐑑𐑼𐑯𐑪𐑕𐑑𐑼	30
fragment	patootie	NN1	GenAm	-ti	-𐑑𐑦	pəˈtuti	𐑐𐑩𐑑𐑫𐑑𐑦	89
fragment	pawternity leave	NN1	GenAm	pɒ-	𐑐𐑪-	pɒˈtɜrnəti ˌliv	𐑐𐑪𐑑ɜ𐑮𐑯𐑩𐑑𐑦 𐑤𐑦𐑝	1
fragment	pawternity leave	NN1	GenAm	-ti-	-𐑑𐑦-	pɒˈtɜrnəti ˌliv	𐑐𐑪𐑑ɜ𐑮𐑯𐑩𐑑𐑦 𐑤𐑦𐑝	1
fragment	peashooter	NN1	GenAm	-tər	-𐑑𐑼	ˈpiˌʃutər	𐑐𐑦𐑖𐑫𐑑𐑼	89
fragment	peevishness	NN1	GenAm	-nəs	-𐑯𐑩𐑕	ˈpivɪʃnəs	𐑐𐑦𐑝𐑦𐑖𐑯𐑩𐑕	89
fragment	pellucid	AJ0	RSSB	pe-	𐑐𐑧-	pɪˈljuːsƏd	𐑐𐑦𐑤𐑿𐑕𐑩𐑛	89
fragment	pellucid	NN1	RSSB	pe-	𐑐𐑧-	pɪˈljuːsƏd	𐑐𐑦𐑤𐑿𐑕𐑩𐑛	89
fragment	pelvimeter	NN1	GenAm	-təR	-𐑑𐑼	ˌpelvˈvɪmətəR	𐑐𐑧𐑤𐑝𐑝𐑦𐑥𐑩𐑑𐑼	89
fragment	pendeloque	NN1	GenAm	-ˈlɒk	-𐑤𐑪𐑒	ˌpendəˈloʊk	𐑐𐑧𐑯𐑛𐑩𐑤𐑴𐑒	89
fragment	pentaquark	NN1	RSSB	-kwɑːRk	-𐑒𐑢𐑸𐑒	pentəkwɔːRk	𐑐𐑧𐑯𐑑𐑩𐑒𐑢𐑹𐑒	89
fragment	pentaquark	NN1	GenAm	-kwɑːRk	-𐑒𐑢𐑸𐑒	ˈpentəkwɔːRk	𐑐𐑧𐑯𐑑𐑩𐑒𐑢𐑹𐑒	89
fragment	Pentecost	NP0	GenAm	-ˌkɒst	-𐑒𐑪𐑕𐑑	ˈpentəˌkɒst	𐑐𐑧𐑯𐑑𐑩𐑒𐑪𐑕𐑑	89
fragment	Pentecost	NP0	GenAm	-tə-	-𐑑𐑩-	ˈpentəˌkɒst	𐑐𐑧𐑯𐑑𐑩𐑒𐑪𐑕𐑑	89
fragment	pentimenti	NN1	GenAm	-tə-	-𐑑𐑩-	ˌpentəˈmenti	𐑐𐑧𐑯𐑑𐑩𐑥𐑧𐑯𐑑𐑦	89
fragment	pentimenti	NN1	GenAm	-ti	-𐑑𐑦	ˌpentəˈmenti	𐑐𐑧𐑯𐑑𐑩𐑥𐑧𐑯𐑑𐑦	89
fragment	pentimento	NN1	GenAm	-tə-	-𐑑𐑩-	ˌpentəˈmentoʊ	𐑐𐑧𐑯𐑑𐑩𐑥𐑧𐑯𐑑𐑴	89
fragment	pentimento	NN1	GenAm	-toʊ	-𐑑𐑴	ˌpentəˈmentoʊ	𐑐𐑧𐑯𐑑𐑩𐑥𐑧𐑯𐑑𐑴	89
fragment	pentimento	NN1	GenAm	-ti	-𐑑𐑦	ˌpentəˈmentoʊ	𐑐𐑧𐑯𐑑𐑩𐑥𐑧𐑯𐑑𐑴	89
fragment	percussive maintenance	NN1	RSSB	-tɪ-	-𐑑𐑦-	pəRkʌsɪv meɪntənəns	𐑐𐑼𐑒𐑳𐑕𐑦𐑝 𐑥𐑱𐑯𐑑𐑩𐑯𐑩𐑯𐑕	1
fragment	percussive maintenance	NN1	GenAm	-tɪ-	-𐑑𐑦-	pəRˈkʌsɪv ˈmeɪntənəns	𐑐𐑼𐑒𐑳𐑕𐑦𐑝 𐑥𐑱𐑯𐑑𐑩𐑯𐑩𐑯𐑕	1
fragment	perdure	VVI	RSSB	pɜːR-	𐑐𐑻-	pəRdjəəR	𐑐𐑼𐑛𐑘𐑫𐑼	30
fragment	peregrination	NN1	GenAm	ˈpe-	𐑐𐑧-	ˌperəɡrəˈneɪʃən	𐑐𐑧𐑮𐑩𐑜𐑮𐑩𐑯𐑱𐑖𐑩𐑯	1
fragment	perfect	AJ0	RSSB	-fekt	-𐑓𐑧𐑒𐑑	pɜːRfɪkt	𐑐𐑻𐑓𐑦𐑒𐑑	1
fragment	perfect	NN1	RSSB	-fekt	-𐑓𐑧𐑒𐑑	pɜːRfɪkt	𐑐𐑻𐑓𐑦𐑒𐑑	1
fragment	periegetic	AJ0	GenAm	-tɪk	-𐑑𐑦𐑒	ˌperiəˈdʒetɪk	𐑐𐑧𐑮𐑦𐑩𐑡𐑧𐑑𐑦𐑒	1
fragment	periodic	AJ0	RSSB	pɪə-	𐑐𐑾-	pɪriɒdɪk	𐑐𐑦𐑮𐑦𐑪𐑛𐑦𐑒	1
fragment	periodic table	NN1	RSSB	pɪə-	𐑐𐑾-	pɪriɒdɪk teɪbəl	𐑐𐑦𐑮𐑦𐑪𐑛𐑦𐑒 𐑑𐑱𐑚𐑩𐑤	1
fragment	pernoctation	NN1	GenAm	pɜrˌnɒk-	𐑐ɜ𐑮𐑯𐑪𐑒-	ˌpɜrnɒkˈteɪʃən	𐑐ɜ𐑮𐑯𐑪𐑒𐑑𐑱𐑖𐑩𐑯	1
fragment	perpetuate	VVI	RSSB	-petjueɪt	-𐑐𐑧𐑑𐑘𐑫𐑱𐑑	pəRpetʃʊeɪt	𐑐𐑼𐑐𐑧𐑗𐑫𐑱𐑑	1
fragment	perpetuate	AJ0	GenAm	-tʃəwət	-𐑗𐑩𐑢𐑩𐑑	pəRˈpetʃəˌweɪt	𐑐𐑼𐑐𐑧𐑗𐑩𐑢𐑱𐑑	1
fragment	Perpignan	NP0	RSSB	-jɒŋ	-𐑘𐑪𐑙	pɜːRpɪnjɒn	𐑐𐑻𐑐𐑦𐑯𐑘𐑪𐑯	1
fragment	Perpignan	NP0	GenAm	-ˈjɒŋ	-𐑘𐑪𐑙	ˌpɜːRpiˈnjɒn	𐑐𐑻𐑐𐑦𐑯𐑘𐑪𐑯	1
fragment	personality	NN1	RSSB	-i	-𐑦	pɜːRsənælətɪ	𐑐𐑻𐑕𐑩𐑯𐑨𐑤𐑩𐑑𐑦	1
fragment	personality	NN1	GenAm	-lɪ-	-𐑤𐑦-	ˌpɜrsəˈnæləti	𐑐ɜ𐑮𐑕𐑩𐑯𐑨𐑤𐑩𐑑𐑦	1
fragment	personalization	NN1	GenAm	-lɪˈzeɪʃən	-𐑤𐑦𐑟𐑱𐑖𐑩𐑯	ˌpɜːRsənəlaɪˈzeɪʃən	𐑐𐑻𐑕𐑩𐑯𐑩𐑤𐑲𐑟𐑱𐑖𐑩𐑯	1
fragment	peter out	VVI	GenAm	-təR-	-𐑑𐑼-	ˌpitəRˈaʊt	𐑐𐑦𐑑𐑼𐑬𐑑	89
fragment	petrichor	NN1	RSSB	-kɔːR	-𐑒𐑹	petrɪkəR	𐑐𐑧𐑑𐑮𐑦𐑒𐑼	30
fragment	petrichor	NN1	GenAm	-kəR	-𐑒𐑼	ˈpetrɪˌkɔːR	𐑐𐑧𐑑𐑮𐑦𐑒𐑹	30
fragment	petroglyphic	AJ0	GenAm	-troʊˈ-	-𐑑𐑮𐑴-	ˌpetrəˈɡlɪfɪk	𐑐𐑧𐑑𐑮𐑩𐑜𐑤𐑦𐑓𐑦𐑒	89
fragment	petrolific	AJ0	GenAm	-troʊˈ-	-𐑑𐑮𐑴-	ˌpetrəˈlɪfɪk	𐑐𐑧𐑑𐑮𐑩𐑤𐑦𐑓𐑦𐑒	89
fragment	petter	NN1	GenAm	-tər	-𐑑𐑼	ˈpetər	𐑐𐑧𐑑𐑼	89
fragment	petter	VVI	GenAm	-tər	-𐑑𐑼	ˈpetər	𐑐𐑧𐑑𐑼	89
fragment	petties	NN1	GenAm	-tiz	-𐑑𐑦𐑟	ˈpetiz	𐑐𐑧𐑑𐑦𐑟	89
fragment	phantasia	NN1	RSSB	-ˈtɑː-	-𐑑𐑭-	fænˈteɪzɪə	𐑓𐑨𐑯𐑑𐑱𐑟𐑾	89
fragment	phenomenal	AJ0	RSSB	fə-	𐑓𐑩-	fɪˈnɒmɪnəl	𐑓𐑦𐑯𐑪𐑥𐑦𐑯𐑩𐑤	89
fragment	phenomenon	NN1	RSSB	fɪ-	𐑓𐑦-	fəˈnɒmɪnən	𐑓𐑩𐑯𐑪𐑥𐑦𐑯𐑩𐑯	89
fragment	phenomenon	NN1	GenAm	-nən	-𐑯𐑩𐑯	fəˈnɒməˌnɒn	𐑓𐑩𐑯𐑪𐑥𐑩𐑯𐑪𐑯	89
fragment	phenylketonuria	NN1	RSSB	fin-	𐑓𐑦𐑯-	fenaɪlkiːtəRnjəərɪə	𐑓𐑧𐑯𐑲𐑤𐑒𐑰𐑑𐑼𐑯𐑘𐑩𐑼𐑾	1
fragment	Philipsburg	NP0	RSSB	fiːl-	𐑓𐑰𐑤-	fɪlɪpsbɜːRɡ	𐑓𐑦𐑤𐑦𐑐𐑕𐑚𐑻𐑜	1
fragment	Philipsburg	NP0	GenAm	ˈfiːl-	𐑓𐑰𐑤-	ˈfɪləpsbɜrɡ	𐑓𐑦𐑤𐑩𐑐𐑕𐑚ɜ𐑮𐑜	1
fragment	Philipsburg	NP0	RSSB	-bʊəRɡ	-𐑚𐑫𐑼𐑜	fɪlɪpsbɜːRɡ	𐑓𐑦𐑤𐑦𐑐𐑕𐑚𐑻𐑜	89
fragment	Philipsburg	NP0	RSSB	-bɜːRx	-𐑚𐑻x	fɪlɪpsbɜːRɡ	𐑓𐑦𐑤𐑦𐑐𐑕𐑚𐑻𐑜	1
fragment	Philipsburg	NP0	RSSB	-bʊəRx	-𐑚𐑫𐑼x	fɪlɪpsbɜːRɡ	𐑓𐑦𐑤𐑦𐑐𐑕𐑚𐑻𐑜	1
fragment	Philipsburg	NP0	GenAm	-bʊrɡ	-𐑚𐑫𐑮𐑜	ˈfɪləpsbɜrɡ	𐑓𐑦𐑤𐑩𐑐𐑕𐑚ɜ𐑮𐑜	89
fragment	Philipsburg	NP0	GenAm	-bɜrx	-𐑚ɜ𐑮x	ˈfɪləpsbɜrɡ	𐑓𐑦𐑤𐑩𐑐𐑕𐑚ɜ𐑮𐑜	1
fragment	Philipsburg	NP0	GenAm	-bʊrx	-𐑚𐑫𐑮x	ˈfɪləpsbɜrɡ	𐑓𐑦𐑤𐑩𐑐𐑕𐑚ɜ𐑮𐑜	1
fragment	Philistine	NN1	GenAm	-lə-	-𐑤𐑩-	ˈfɪlɪˌstaɪn	𐑓𐑦𐑤𐑦𐑕𐑑𐑲𐑯	89
fragment	Philistine	NN1	GenAm	-stin	-𐑕𐑑𐑦𐑯	ˈfɪlɪˌstaɪn	𐑓𐑦𐑤𐑦𐑕𐑑𐑲𐑯	89
fragment	Philistine	AJ0	GenAm	-lə-	-𐑤𐑩-	ˈfɪlɪˌstaɪn	𐑓𐑦𐑤𐑦𐑕𐑑𐑲𐑯	89
fragment	Philistine	AJ0	GenAm	-stin	-𐑕𐑑𐑦𐑯	ˈfɪlɪˌstaɪn	𐑓𐑦𐑤𐑦𐑕𐑑𐑲𐑯	89
fragment	philistine	NN1	GenAm	-lə-	-𐑤𐑩-	ˈfɪlɪˌstaɪn	𐑓𐑦𐑤𐑦𐑕𐑑𐑲𐑯	89
fragment	philistine	NN1	GenAm	-stin	-𐑕𐑑𐑦𐑯	ˈfɪlɪˌstaɪn	𐑓𐑦𐑤𐑦𐑕𐑑𐑲𐑯	89
fragment	philistine	AJ0	GenAm	-lə-	-𐑤𐑩-	ˈfɪlɪˌstaɪn	𐑓𐑦𐑤𐑦𐑕𐑑𐑲𐑯	89
fragment	philistine	AJ0	GenAm	-stin	-𐑕𐑑𐑦𐑯	ˈfɪlɪˌstaɪn	𐑓𐑦𐑤𐑦𐑕𐑑𐑲𐑯	89
fragment	Philonian	AJ0	RSSB	fɪˈ-	𐑓𐑦-	faɪˈləʊniən	𐑓𐑲𐑤𐑴𐑯𐑦𐑩𐑯	89
fragment	Philonian	AJ0	GenAm	fɪˈ-	𐑓𐑦-	faɪˈloʊniən	𐑓𐑲𐑤𐑴𐑯𐑦𐑩𐑯	89
fragment	Philonian	NN1	RSSB	fɪˈ-	𐑓𐑦-	faɪˈləʊniən	𐑓𐑲𐑤𐑴𐑯𐑦𐑩𐑯	89
fragment	Philonian	NN1	GenAm	fɪˈ-	𐑓𐑦-	faɪˈloʊniən	𐑓𐑲𐑤𐑴𐑯𐑦𐑩𐑯	89
fragment	philopolemical	AJ0	GenAm	-mə-	-𐑥𐑩-	ˌfɪloʊpəˈlemɪkəl	𐑓𐑦𐑤𐑴𐑐𐑩𐑤𐑧𐑥𐑦𐑒𐑩𐑤	89
fragment	phobocratic	AJ0	GenAm	-tɪk	-𐑑𐑦𐑒	ˌfowbəˈkrætɪk	𐑓𐑪𐑢𐑚𐑩𐑒𐑮𐑨𐑑𐑦𐑒	1
fragment	phonate	VVI	RSSB	fə-	𐑓𐑩-	fəʊˈneɪt	𐑓𐑴𐑯𐑱𐑑	89
fragment	phonology	NN1	GenAm	foʊ-	𐑓𐑴-	fəˈnɒlədʒi	𐑓𐑩𐑯𐑪𐑤𐑩𐑡𐑦	89
fragment	photobiont	NN1	RSSB	-tə-	-𐑑𐑩-	ˌfəʊtəʊˈbaɪɒnt	𐑓𐑴𐑑𐑴𐑚𐑲𐑪𐑯𐑑	89
fragment	photodisintegration	NN1	GenAm	ˈfoʊtədɪ-	𐑓𐑴𐑑𐑩𐑛𐑦-	ˈfoʊtoʊdɪsɪt̃əˌɡreɪʃən	𐑓𐑴𐑑𐑴𐑛𐑦𐑕𐑦𐑑̃𐑩𐑜𐑮𐑱𐑖𐑩𐑯	1
fragment	photodisintegration	NN1	GenAm	ˈfoʊtədə-	𐑓𐑴𐑑𐑩𐑛𐑩-	ˈfoʊtoʊdɪsɪt̃əˌɡreɪʃən	𐑓𐑴𐑑𐑴𐑛𐑦𐑕𐑦𐑑̃𐑩𐑜𐑮𐑱𐑖𐑩𐑯	1
fragment	photodisintegration	NN1	GenAm	ˈfoʊtoʊdə-	𐑓𐑴𐑑𐑴𐑛𐑩-	ˈfoʊtoʊdɪsɪt̃əˌɡreɪʃən	𐑓𐑴𐑑𐑴𐑛𐑦𐑕𐑦𐑑̃𐑩𐑜𐑮𐑱𐑖𐑩𐑯	1
fragment	photodisintegration	NN1	GenAm	-sɪnəˌɡreɪʃən	-𐑕𐑦𐑯𐑩𐑜𐑮𐑱𐑖𐑩𐑯	ˈfoʊtoʊdɪsɪt̃əˌɡreɪʃən	𐑓𐑴𐑑𐑴𐑛𐑦𐑕𐑦𐑑̃𐑩𐑜𐑮𐑱𐑖𐑩𐑯	89
fragment	photoreception	NN1	GenAm	-tə-	-𐑑𐑩-	ˌfoʊtərəˈsepʃən	𐑓𐑴𐑑𐑼𐑩𐑕𐑧𐑐𐑖𐑩𐑯	1
fragment	phthiriasis	NN1	RSSB	fθaɪ-	𐑓𐑔𐑲-	fθɪraɪsɪs	𐑓𐑔𐑦𐑮𐑲𐑕𐑦𐑕	1
fragment	phthiriasis	NN1	GenAm	θaɪ-	𐑔𐑲-	θɪˈraɪsəs	𐑔𐑦𐑮𐑲𐑕𐑩𐑕	1
fragment	phycobiont	NN1	RSSB	-kə-	-𐑒𐑩-	ˌfaɪkəʊˈbaɪɒnt	𐑓𐑲𐑒𐑴𐑚𐑲𐑪𐑯𐑑	89
fragment	phytoglyphic	AJ0	GenAm	-toʊˌ-	-𐑑𐑴-	ˌfaɪtəˈɡlɪfɪk	𐑓𐑲𐑑𐑩𐑜𐑤𐑦𐑓𐑦𐑒	89
fragment	phytomining	NN1	GenAm	-toʊ-	-𐑑𐑴-	ˈfaɪtoʊˌmaɪnɪŋ	𐑓𐑲𐑑𐑴𐑥𐑲𐑯𐑦𐑙	89
fragment	phytotron	NN1	GenAm	-toʊˌ-	-𐑑𐑴-	ˈfaɪtəˌtrɒn	𐑓𐑲𐑑𐑩𐑑𐑮𐑪𐑯	1
fragment	Picasso	NP0	GenAm	-ˈkæ-	-𐑒𐑨-	pɪˈkɑːsoʊ	𐑐𐑦𐑒𐑭𐑕𐑴	89
fragment	Picasso moth	NN1	GenAm	-ˌkæ-	-𐑒𐑨-	pɪˌkɑːsoʊ ˈmɒθ	𐑐𐑦𐑒𐑭𐑕𐑴 𐑥𐑪𐑔	89
fragment	Picasso moth	NN1	GenAm	-ˈmɒθ	-𐑥𐑪𐑔	pɪˌkɑːsoʊ ˈmɒθ	𐑐𐑦𐑒𐑭𐑕𐑴 𐑥𐑪𐑔	89
fragment	picayune	NN1	GenAm	-ki-	-𐑒𐑦-	ˌpɪkəˈjun	𐑐𐑦𐑒𐑩𐑘𐑫𐑯	89
fragment	picayune	AJ0	GenAm	-ki-	-𐑒𐑦-	ˌpɪkəˈjun	𐑐𐑦𐑒𐑩𐑘𐑫𐑯	89
fragment	piceous	AJ0	RSSB	ˈpaɪ-	𐑐𐑲-	ˈpɪsɪəs	𐑐𐑦𐑕𐑾𐑕	89
fragment	piceous	AJ0	GenAm	ˈpaɪ-	𐑐𐑲-	ˈpɪsiəs	𐑐𐑦𐑕𐑦𐑩𐑕	89
fragment	Pinero	NP0	RSSB	-neər-	-𐑯𐑺-	pɪnɪərəʊ	𐑐𐑦𐑯𐑽𐑴	89
fragment	Pinero	NP0	GenAm	-ˈner-	-𐑯𐑧𐑮-	pɪˈnɪroʊ	𐑐𐑦𐑯𐑦𐑮𐑴	89
fragment	pink-collar	AJ0	GenAm	ˌkɒ-	𐑒𐑪-	ˈpɪŋk ˌkɒləR	𐑐𐑦𐑙𐑒 𐑒𐑪𐑤𐑼	1
fragment	pitch-perfect	AJ0	RSSB	-fekt	-𐑓𐑧𐑒𐑑	pɪtʃ pɜːRfɪkt	𐑐𐑦𐑗 𐑐𐑻𐑓𐑦𐑒𐑑	1
fragment	pitch-perfect	AJ0	GenAm	-fɪkt	-𐑓𐑦𐑒𐑑	pɪtʃ ˈpɜrfəkt	𐑐𐑦𐑗 𐑐ɜ𐑮𐑓𐑩𐑒𐑑	1
fragment	platitudinarian	NN1	RSSB	-tʃuːdɪ-	-𐑗𐑵𐑛𐑦-	platɪtjuːdɪteəriəRn	𐑐𐑤𐑨𐑑𐑦𐑑𐑿𐑛𐑦𐑑𐑺𐑦𐑼𐑯	1
fragment	platitudinous	AJ0	RSSB	-ˈtʃuː-	-𐑗𐑵-	ˌplætɪˈtjuːdɪnəs	𐑐𐑤𐑨𐑑𐑦𐑑𐑿𐑛𐑦𐑯𐑩𐑕	89
fragment	platitudinous	AJ0	GenAm	-tɪ-	-𐑑𐑦-	ˌplætɪˈtjudənəs	𐑐𐑤𐑨𐑑𐑦𐑑𐑘𐑫𐑛𐑩𐑯𐑩𐑕	89
fragment	Platonian	AJ0	RSSB	pleɪˈ-	𐑐𐑤𐑱-	pləˈtəʊniən	𐑐𐑤𐑩𐑑𐑴𐑯𐑦𐑩𐑯	89
fragment	Platonian	AJ0	GenAm	pleɪˈ-	𐑐𐑤𐑱-	pləˈtoʊniən	𐑐𐑤𐑩𐑑𐑴𐑯𐑦𐑩𐑯	89
fragment	play doggo	VVI	GenAm	-ˈdɒ-	-𐑛𐑪-	pleɪ ˈdɒɡoʊ	𐑐𐑤𐑱 𐑛𐑪𐑜𐑴	89
fragment	plebiscite	NN1	RSSB	-sɪt	-𐑕𐑦𐑑	ˈplebɪsaɪt	𐑐𐑤𐑧𐑚𐑦𐑕𐑲𐑑	89
fragment	plebiscitum	NN1	RSSB	ˌpliː-	𐑐𐑤𐑰-	ˌplebɪˈsaɪtəm	𐑐𐑤𐑧𐑚𐑦𐑕𐑲𐑑𐑩𐑥	89
fragment	plebiscitum	NN1	GenAm	ˌpli-	𐑐𐑤𐑦-	ˌplebəˈsaɪtəm	𐑐𐑤𐑧𐑚𐑩𐑕𐑲𐑑𐑩𐑥	89
fragment	plebiscitum	NN1	GenAm	-təm	-𐑑𐑩𐑥	ˌplebəˈsaɪtəm	𐑐𐑤𐑧𐑚𐑩𐑕𐑲𐑑𐑩𐑥	89
fragment	plethorically	AV0	RSSB	plɪ-	𐑐𐑤𐑦-	pleθɒrɪkli	𐑐𐑤𐑧𐑔𐑪𐑮𐑦𐑒𐑤𐑦	1
fragment	pliotron	NN1	GenAm	-oʊˌ-	-𐑴-	ˈplaɪəˌtrɒn	𐑐𐑤𐑲𐑩𐑑𐑮𐑪𐑯	1
fragment	plunder	VVI	GenAm	ˈplɜn-	𐑐𐑤ɜ𐑯-	ˈplʌndəR	𐑐𐑤𐑳𐑯𐑛𐑼	1
fragment	plunder	NN1	GenAm	ˈplɜn-	𐑐𐑤ɜ𐑯-	ˈplʌndəR	𐑐𐑤𐑳𐑯𐑛𐑼	1
fragment	plurale tantum	NN1	GenAm	ˌplɜːRəleɪ -	𐑐𐑤𐑻𐑩𐑤𐑱 -	ˌplʊəRəleɪ ˈtæntəm	𐑐𐑤𐑫𐑼𐑩𐑤𐑱 𐑑𐑨𐑯𐑑𐑩𐑥	89
fragment	pluralphobe	NN1	RSSB	plɔːrəl-	𐑐𐑤𐑹𐑩𐑤-	plʊərəlfəʊb	𐑐𐑤𐑫𐑼𐑩𐑤𐑓𐑴𐑚	89
fragment	pluralphobe	NN1	GenAm	ˈplɜrəl-	𐑐𐑤ɜ𐑮𐑩𐑤-	ˈplʊərəlfoʊb	𐑐𐑤𐑫𐑼𐑩𐑤𐑓𐑴𐑚	1
fragment	pluralphobia	NN1	RSSB	plɔːrəl-	𐑐𐑤𐑹𐑩𐑤-	plʊərəRlfəʊbiə	𐑐𐑤𐑫𐑼𐑼𐑤𐑓𐑴𐑚𐑦𐑩	89
fragment	pluralphobia	NN1	GenAm	ˈplɜrəl-	𐑐𐑤ɜ𐑮𐑩𐑤-	ˈplʊərəlˌfoʊbiə	𐑐𐑤𐑫𐑼𐑩𐑤𐑓𐑴𐑚𐑦𐑩	1
fragment	pneumonic	AJ0	GenAm	nə-	𐑯𐑩-	njuːˈmɒnɪk	𐑯𐑿𐑥𐑪𐑯𐑦𐑒	89
fragment	pneumonic	NN1	GenAm	nə-	𐑯𐑩-	njuːˈmɒnɪk	𐑯𐑿𐑥𐑪𐑯𐑦𐑒	89
fragment	podcast	NN1	RSSB	-ˌkæst	-𐑒𐑨𐑕𐑑	ˈpɒdˌkɑːst	𐑐𐑪𐑛𐑒𐑭𐑕𐑑	89
fragment	podcast	NN1	GenAm	ˈpɒd-	𐑐𐑪𐑛-	ˈpɒdˌkæst	𐑐𐑪𐑛𐑒𐑨𐑕𐑑	89
fragment	podcast	VVI	RSSB	-ˌkæst	-𐑒𐑨𐑕𐑑	ˈpɒdˌkɑːst	𐑐𐑪𐑛𐑒𐑭𐑕𐑑	89
fragment	podcast	VVI	GenAm	ˈpɒd-	𐑐𐑪𐑛-	ˈpɒdˌkæst	𐑐𐑪𐑛𐑒𐑨𐑕𐑑	89
fragment	poetic justice	NN1	GenAm	-tɪk-	-𐑑𐑦𐑒-	poʊˌetɪk ˈdʒʌstɪs	𐑐𐑴𐑧𐑑𐑦𐑒 𐑡𐑳𐑕𐑑𐑦𐑕	89
fragment	poetical justice	NN1	GenAm	-tɪk-	-𐑑𐑦𐑒-	poʊˌetɪkəl ˈdʒʌstɪs	𐑐𐑴𐑧𐑑𐑦𐑒𐑩𐑤 𐑡𐑳𐑕𐑑𐑦𐑕	89
fragment	polio	NN1	GenAm	-ljoʊ	-𐑤𐑘𐑴	ˈpoʊlioʊ	𐑐𐑴𐑤𐑦𐑴	89
fragment	poliorcetics	NN1	RSSB	pɒ-	𐑐𐑪-	pəʊlɪɔːRsetɪks	𐑐𐑴𐑤𐑦𐑹𐑕𐑧𐑑𐑦𐑒𐑕	1
fragment	poliorcetics	NN1	GenAm	ˈpoʊ-	𐑐𐑴-	ˌpoʊliˌɔːRˈsetɪks	𐑐𐑴𐑤𐑦𐑹𐑕𐑧𐑑𐑦𐑒𐑕	1
fragment	poliorcetics	NN1	GenAm	-tɪks	-𐑑𐑦𐑒𐑕	ˌpoʊliˌɔːRˈsetɪks	𐑐𐑴𐑤𐑦𐑹𐑕𐑧𐑑𐑦𐑒𐑕	1
fragment	politburo	NN1	RSSB	-bjɔː-	-𐑚𐑘𐑷-	pɒlɪtbjəərəʊ	𐑐𐑪𐑤𐑦𐑑𐑚𐑘𐑫𐑼𐑴	1
fragment	politburo	NN1	GenAm	ˈpoʊ-	𐑐𐑴-	ˈpɒlətˌbjəroʊ	𐑐𐑪𐑤𐑩𐑑𐑚𐑘𐑼𐑴	1
fragment	polycarbonate	NN1	RSSB	-nəRt	-𐑯𐑼𐑑	pɒlikɑːRbəRneɪt	𐑐𐑪𐑤𐑦𐑒𐑸𐑚𐑼𐑯𐑱𐑑	89
fragment	polycarbonate	NN1	GenAm	-nət	-𐑯𐑩𐑑	ˌpɒliˈkɑːRbəneɪt	𐑐𐑪𐑤𐑦𐑒𐑸𐑚𐑩𐑯𐑱𐑑	1
fragment	polysexual	AJ0	GenAm	pɒlɪ-	𐑐𐑪𐑤𐑦-	ˌpɒliˈsekʃuəl	𐑐𐑪𐑤𐑦𐑕𐑧𐑒𐑖𐑫𐑩𐑤	89
fragment	polysexual	AJ0	GenAm	pɒlə-	𐑐𐑪𐑤𐑩-	ˌpɒliˈsekʃuəl	𐑐𐑪𐑤𐑦𐑕𐑧𐑒𐑖𐑫𐑩𐑤	89
fragment	pomace	NN1	RSSB	ˈpɒ-	𐑐𐑪-	ˈpʌmɪs	𐑐𐑳𐑥𐑦𐑕	89
fragment	pomeria	NN1	RSSB	pɒ-	𐑐𐑪-	pəʊ̆mɪərɪə	𐑐𐑴̆𐑥𐑽𐑾	1
fragment	pomerium	NN1	RSSB	pɒ-	𐑐𐑪-	pəʊ̆mɪərɪəm	𐑐𐑴̆𐑥𐑽𐑾𐑥	1
fragment	pomiculture	NN1	RSSB	-tʃʊəR	-𐑗𐑫𐑼	pəʊmɪkʌltʃəR	𐑐𐑴𐑥𐑦𐑒𐑳𐑤𐑗𐑼	89
fragment	popular beat combo	NN1	GenAm	ˈpɒ-	𐑐𐑪-	ˌpɒpjələR ˌbit ˈkɒmboʊ	𐑐𐑪𐑐𐑘𐑩𐑤𐑼 𐑚𐑦𐑑 𐑒𐑪𐑥𐑚𐑴	1
fragment	porcelain goddess	NN1	RSSB	-ɪs	-𐑦𐑕	pɔːRsəRlɪn ɡɒdes	𐑐𐑹𐑕𐑼𐑤𐑦𐑯 𐑜𐑪𐑛𐑧𐑕	1
fragment	Porsche	NP0	GenAm	ˈpor-	𐑐𐑪𐑮-	ˈpɔːRʃ	𐑐𐑹𐑖	89
fragment	Porsche	NN1	GenAm	ˈpor-	𐑐𐑪𐑮-	ˈpɔːRʃ	𐑐𐑹𐑖	89
fragment	porterage	NN1	GenAm	-tə-	-𐑑𐑩-	ˈpɔːRtərədʒ	𐑐𐑹𐑑𐑼𐑩𐑡	1
fragment	portfolio	NN1	RSSB	-əʊljəʊ	-𐑴𐑤𐑘𐑴	pɔːRtfəʊliəʊ	𐑐𐑹𐑑𐑓𐑴𐑤𐑦𐑴	1
fragment	portfolio	NN1	GenAm	-oʊljoʊ	-𐑴𐑤𐑘𐑴	pɔːRtˈfoʊliˌoʊ	𐑐𐑹𐑑𐑓𐑴𐑤𐑦𐑴	1
fragment	portfolio	NN1	GenAm	port-	𐑐𐑪𐑮𐑑-	pɔːRtˈfoʊliˌoʊ	𐑐𐑹𐑑𐑓𐑴𐑤𐑦𐑴	89
fragment	Portuguese man-of-war	NN1	GenAm	ˈpor-	𐑐𐑪𐑮-	ˈportʃəˌɡiz ˌmænəvˈwor	𐑐𐑪𐑮𐑗𐑩𐑜𐑦𐑟 𐑥𐑨𐑯𐑩𐑝𐑢𐑪𐑮	30
fragment	Portuguese man-of-war	NN1	GenAm	ˈmæn-	𐑥𐑨𐑯-	ˈportʃəˌɡiz ˌmænəvˈwor	𐑐𐑪𐑮𐑗𐑩𐑜𐑦𐑟 𐑥𐑨𐑯𐑩𐑝𐑢𐑪𐑮	1
fragment	Poseidonia	NP0	GenAm	poʊˌ-	𐑐𐑴-	ˌpɒˌsaɪˈdoʊniə	𐑐𐑪𐑕𐑲𐑛𐑴𐑯𐑦𐑩	89
fragment	Poseidonian	AJ0	GenAm	poʊˌ-	𐑐𐑴-	ˌpɒˌsaɪˈdoʊniən	𐑐𐑪𐑕𐑲𐑛𐑴𐑯𐑦𐑩𐑯	89
fragment	positive	AJ0	GenAm	-tɪv	-𐑑𐑦𐑝	ˈpɒzɪtɪv	𐑐𐑪𐑟𐑦𐑑𐑦𐑝	89
fragment	positive	NN1	GenAm	-tɪv	-𐑑𐑦𐑝	ˈpɒzɪtɪv	𐑐𐑪𐑟𐑦𐑑𐑦𐑝	89
fragment	posologic	AJ0	RSSB	pə-	𐑐𐑩-	pəʊˈsɒlədʒɪk	𐑐𐑴𐑕𐑪𐑤𐑩𐑡𐑦𐑒	89
fragment	posology	NN1	RSSB	pə-	𐑐𐑩-	pəʊˈsɒlədʒi	𐑐𐑴𐑕𐑪𐑤𐑩𐑡𐑦	89
fragment	postcode lottery	NN1	RSSB	-lɒtri	-𐑤𐑪𐑑𐑮𐑦	pəʊstkəʊd lɒtəri	𐑐𐑴𐑕𐑑𐑒𐑴𐑛 𐑤𐑪𐑑𐑼𐑦	89
fragment	postcode lottery	NN1	GenAm	-təR-	-𐑑𐑼-	ˌpoʊstˌkoʊd ˈlɒtəRi	𐑐𐑴𐑕𐑑𐑒𐑴𐑛 𐑤𐑪𐑑𐑼𐑦	89
fragment	potable	AJ0	RSSB	ˈpɒt-	𐑐𐑪𐑑-	ˈpəʊtəbəl	𐑐𐑴𐑑𐑩𐑚𐑩𐑤	89
fragment	potable	AJ0	GenAm	ˈpɒt-	𐑐𐑪𐑑-	ˈpoʊtəbəl	𐑐𐑴𐑑𐑩𐑚𐑩𐑤	89
fragment	potable	NN1	RSSB	ˈpɒt-	𐑐𐑪𐑑-	ˈpəʊtəbəl	𐑐𐑴𐑑𐑩𐑚𐑩𐑤	89
fragment	potable	NN1	GenAm	ˈpɒt-	𐑐𐑪𐑑-	ˈpoʊtəbəl	𐑐𐑴𐑑𐑩𐑚𐑩𐑤	89
fragment	potato	NN1	GenAm	-ˈteɪtoʊ	-𐑑𐑱𐑑𐑴	pəˈteɪtoʊ	𐑐𐑩𐑑𐑱𐑑𐑴	89
fragment	potato	VVI	GenAm	-ˈteɪtoʊ	-𐑑𐑱𐑑𐑴	pəˈteɪtoʊ	𐑐𐑩𐑑𐑱𐑑𐑴	89
fragment	potato	ITJ	GenAm	-ˈteɪtoʊ	-𐑑𐑱𐑑𐑴	pəˈteɪtoʊ	𐑐𐑩𐑑𐑱𐑑𐑴	89
fragment	potent	AJ0	GenAm	-ənʔ	-𐑩𐑯ʔ	ˈpoʊtənt	𐑐𐑴𐑑𐑩𐑯𐑑	1
fragment	potent	NN1	GenAm	-ənʔ	-𐑩𐑯ʔ	ˈpoʊtənt	𐑐𐑴𐑑𐑩𐑯𐑑	1
fragment	potentiality	NN1	GenAm	-ti	-𐑑𐑦	pəˌtentʃiˈæləti	𐑐𐑩𐑑𐑧𐑯𐑗𐑦𐑨𐑤𐑩𐑑𐑦	89
fragment	potluck	NN1	GenAm	-ˌlək	-𐑤𐑩𐑒	ˈpɒtˌlʌk	𐑐𐑪𐑑𐑤𐑳𐑒	89
fragment	potluck	VVI	GenAm	-ˌlək	-𐑤𐑩𐑒	ˈpɒtˌlʌk	𐑐𐑪𐑑𐑤𐑳𐑒	89
fragment	pottable	AJ0	GenAm	-tə-	-𐑑𐑩-	ˈpɒtəbəl	𐑐𐑪𐑑𐑩𐑚𐑩𐑤	89
fragment	potty princess	NN1	GenAm	-prɪnsɪs	-𐑐𐑮𐑦𐑯𐑕𐑦𐑕	ˈpɒdiˌprɪnses	𐑐𐑪𐑛𐑦𐑐𐑮𐑦𐑯𐑕𐑧𐑕	89
fragment	pourpoint	NN1	RSSB	puːə-	𐑐𐑵𐑩-	pʊəRpɔɪnt	𐑐𐑫𐑼𐑐𐑶𐑯𐑑	1
fragment	pourpoint	NN1	RSSB	pɔːR-	𐑐𐑹-	pʊəRpɔɪnt	𐑐𐑫𐑼𐑐𐑶𐑯𐑑	89
fragment	pourpoint	NN1	GenAm	ˈpɔːR-	𐑐𐑹-	ˈpʊərˌpɔɪnt	𐑐𐑫𐑼𐑐𐑶𐑯𐑑	89
fragment	pourpoint	NN1	RSSB	-pwænt	-𐑐𐑢𐑨𐑯𐑑	pʊəRpɔɪnt	𐑐𐑫𐑼𐑐𐑶𐑯𐑑	1
fragment	pourpoint	NN1	GenAm	-ˌpwænt	-𐑐𐑢𐑨𐑯𐑑	ˈpʊərˌpɔɪnt	𐑐𐑫𐑼𐑐𐑶𐑯𐑑	1
fragment	pourpoint	NN1	GenAm	ˈpur-	𐑐𐑫𐑮-	ˈpʊərˌpɔɪnt	𐑐𐑫𐑼𐑐𐑶𐑯𐑑	89
fragment	prahok	NN1	RSSB	-həʊk	-𐑣𐑴𐑒	prəhɒk	𐑐𐑮𐑩𐑣𐑪𐑒	1
fragment	prahok	NN1	GenAm	-ˈhoʊk	-𐑣𐑴𐑒	prəˈhɒk	𐑐𐑮𐑩𐑣𐑪𐑒	1
fragment	preantepenultimate	NN1	GenAm	-tə-	-𐑑𐑩-	ˌpriˌæntipəˈnʌltɪmət	𐑐𐑮𐑦𐑨𐑯𐑑𐑦𐑐𐑩𐑯𐑳𐑤𐑑𐑦𐑥𐑩𐑑	1
fragment	preantepenultimate	AJ0	GenAm	-tə-	-𐑑𐑩-	ˌpriˌæntipəˈnʌltɪmət	𐑐𐑮𐑦𐑨𐑯𐑑𐑦𐑐𐑩𐑯𐑳𐑤𐑑𐑦𐑥𐑩𐑑	1
fragment	precarity	NN1	GenAm	-ti	-𐑑𐑦	prəˈkerɪti	𐑐𐑮𐑩𐑒𐑧𐑮𐑦𐑑𐑦	1
fragment	precipitant	AJ0	GenAm	prə-	𐑐𐑮𐑩-	priˈsɪpətənt	𐑐𐑮𐑦𐑕𐑦𐑐𐑩𐑑𐑩𐑯𐑑	89
fragment	precipitant	AJ0	GenAm	-tənt	-𐑑𐑩𐑯𐑑	priˈsɪpətənt	𐑐𐑮𐑦𐑕𐑦𐑐𐑩𐑑𐑩𐑯𐑑	1
fragment	precipitant	AV0	GenAm	prə-	𐑐𐑮𐑩-	priˈsɪpətənt	𐑐𐑮𐑦𐑕𐑦𐑐𐑩𐑑𐑩𐑯𐑑	89
fragment	precipitant	AV0	GenAm	-tənt	-𐑑𐑩𐑯𐑑	priˈsɪpətənt	𐑐𐑮𐑦𐑕𐑦𐑐𐑩𐑑𐑩𐑯𐑑	1
fragment	precipitant	NN1	GenAm	prə-	𐑐𐑮𐑩-	priˈsɪpətənt	𐑐𐑮𐑦𐑕𐑦𐑐𐑩𐑑𐑩𐑯𐑑	89
fragment	precipitant	NN1	GenAm	-tənt	-𐑑𐑩𐑯𐑑	priˈsɪpətənt	𐑐𐑮𐑦𐑕𐑦𐑐𐑩𐑑𐑩𐑯𐑑	1
fragment	preludium	NN1	RSSB	-ljuːdiəm	-𐑤𐑿𐑛𐑦𐑩𐑥	prɪluːdiəm	𐑐𐑮𐑦𐑤𐑵𐑛𐑦𐑩𐑥	1
fragment	premier danseur	NN1	RSSB	-dansəː	-𐑛𐑨𐑯𐑕𐑩ː	prəmje dɑ̃sœr	𐑐𐑮𐑩𐑥𐑘𐑧 𐑛ɑ̃𐑕œ𐑮	1
fragment	premier danseur	NN1	GenAm	ˌpremjeɪ-	𐑐𐑮𐑧𐑥𐑘𐑱-	prəmjeɪ ˌdɒnˈsəR	𐑐𐑮𐑩𐑥𐑘𐑱 𐑛𐑪𐑯𐑕𐑼	30
fragment	premier danseur	NN1	GenAm	-ˌdæn-	-𐑛𐑨𐑯-	prəmjeɪ ˌdɒnˈsəR	𐑐𐑮𐑩𐑥𐑘𐑱 𐑛𐑪𐑯𐑕𐑼	1
fragment	premier danseur	NN1	GenAm	-ˈsʊr	-𐑕𐑫𐑮	prəmjeɪ ˌdɒnˈsəR	𐑐𐑮𐑩𐑥𐑘𐑱 𐑛𐑪𐑯𐑕𐑼	30
fragment	premiere	NN1	GenAm	prɪ-	𐑐𐑮𐑦-	prəˈmɪəR	𐑐𐑮𐑩𐑥𐑽	30
fragment	premiere	NN1	GenAm	-ˈmiəR	-𐑥𐑦𐑼	prəˈmɪəR	𐑐𐑮𐑩𐑥𐑽	30
fragment	premiere	VVI	GenAm	prɪ-	𐑐𐑮𐑦-	prəˈmɪəR	𐑐𐑮𐑩𐑥𐑽	30
fragment	premiere	VVI	GenAm	-ˈmiəR	-𐑥𐑦𐑼	prəˈmɪəR	𐑐𐑮𐑩𐑥𐑽	30
fragment	Premiership	NP0	RSSB	-mjə-	-𐑥𐑘𐑩-	premɪəRʃɪp	𐑐𐑮𐑧𐑥𐑽𐑖𐑦𐑐	1
fragment	première danseuse	NN1	GenAm	prəmiˌer-	𐑐𐑮𐑩𐑥𐑦𐑧𐑮-	prəˈmjer dɒnˈsuz	𐑐𐑮𐑩𐑥𐑘𐑧𐑮 𐑛𐑪𐑯𐑕𐑫𐑟	89
fragment	première danseuse	NN1	GenAm	-dɒnˈsəz	-𐑛𐑪𐑯𐑕𐑩𐑟	prəˈmjer dɒnˈsuz	𐑐𐑮𐑩𐑥𐑘𐑧𐑮 𐑛𐑪𐑯𐑕𐑫𐑟	1
fragment	preparatory	AJ0	GenAm	prɪˈper-	𐑐𐑮𐑦𐑐𐑧𐑮-	ˈprepərətɔːRi	𐑐𐑮𐑧𐑐𐑼𐑩𐑑𐑹𐑦	30
fragment	preparatory	AJ0	GenAm	prɪˈpær-	𐑐𐑮𐑦𐑐𐑨𐑮-	ˈprepərətɔːRi	𐑐𐑮𐑧𐑐𐑼𐑩𐑑𐑹𐑦	30
fragment	preparatory	AJ0	RSSB	prɪpær-	𐑐𐑮𐑦𐑐𐑨𐑮-	prepərəRtəri	𐑐𐑮𐑧𐑐𐑼𐑼𐑑𐑼𐑦	30
fragment	preparatory	AJ0	RSSB	prɪpeər-	𐑐𐑮𐑦𐑐𐑺-	prepərəRtəri	𐑐𐑮𐑧𐑐𐑼𐑼𐑑𐑼𐑦	30
fragment	preposterous	AJ0	RSSB	prə-	𐑐𐑮𐑩-	prɪpɒstərəRs	𐑐𐑮𐑦𐑐𐑪𐑕𐑑𐑼𐑼𐑕	30
fragment	preposterously	AV0	RSSB	prə-	𐑐𐑮𐑩-	prɪpɒstrəRsli	𐑐𐑮𐑦𐑐𐑪𐑕𐑑𐑮𐑼𐑕𐑤𐑦	30
fragment	preresolve	VVI	GenAm	-ˈzɒlv	-𐑟𐑪𐑤𐑝	ˌprirɪˈzɒlv	𐑐𐑮𐑦𐑮𐑦𐑟𐑪𐑤𐑝	1
fragment	prescience	NN1	GenAm	ˈpri-	𐑐𐑮𐑦-	ˈpreʃəns	𐑐𐑮𐑧𐑖𐑩𐑯𐑕	89
fragment	presentative	AJ0	GenAm	pri-	𐑐𐑮𐑦-	prəˈzentətɪv	𐑐𐑮𐑩𐑟𐑧𐑯𐑑𐑩𐑑𐑦𐑝	89
fragment	presentative	AJ0	GenAm	-tɪv	-𐑑𐑦𐑝	prəˈzentətɪv	𐑐𐑮𐑩𐑟𐑧𐑯𐑑𐑩𐑑𐑦𐑝	1
fragment	presentative	NN1	GenAm	pri-	𐑐𐑮𐑦-	prəˈzentətɪv	𐑐𐑮𐑩𐑟𐑧𐑯𐑑𐑩𐑑𐑦𐑝	89
fragment	presentative	NN1	GenAm	-tɪv	-𐑑𐑦𐑝	prəˈzentətɪv	𐑐𐑮𐑩𐑟𐑧𐑯𐑑𐑩𐑑𐑦𐑝	1
fragment	presolve	VVI	GenAm	-ˈsɒlv	-𐑕𐑪𐑤𐑝	priˈsɒlv	𐑐𐑮𐑦𐑕𐑪𐑤𐑝	1
fragment	prestigious	AJ0	RSSB	prə-	𐑐𐑮𐑩-	prestɪdʒəs	𐑐𐑮𐑧𐑕𐑑𐑦𐑡𐑩𐑕	89
fragment	prestigious	AJ0	GenAm	prə-	𐑐𐑮𐑩-	preˈstɪdʒəs	𐑐𐑮𐑧𐑕𐑑𐑦𐑡𐑩𐑕	89
fragment	presumptive	AJ0	GenAm	prə-	𐑐𐑮𐑩-	priˈzʌmptɪv	𐑐𐑮𐑦𐑟𐑳𐑥𐑐𐑑𐑦𐑝	89
fragment	pretty penny	NN1	GenAm	-ti-	-𐑑𐑦-	ˌprɪti ˈpeni	𐑐𐑮𐑦𐑑𐑦 𐑐𐑧𐑯𐑦	1
fragment	prevolitionally	AV0	RSSB	pre-	𐑐𐑮𐑧-	priːvəlɪʃənəli	𐑐𐑮𐑰𐑝𐑩𐑤𐑦𐑖𐑩𐑯𐑩𐑤𐑦	89
fragment	prevolitionally	AV0	GenAm	ˌpre-	𐑐𐑮𐑧-	ˌpriːvəˈlɪʃənəli	𐑐𐑮𐑰𐑝𐑩𐑤𐑦𐑖𐑩𐑯𐑩𐑤𐑦	89
fragment	prima mobilia	NN1	RSSB	priː-	𐑐𐑮𐑰-	praɪmə məʊbɪliə	𐑐𐑮𐑲𐑥𐑩 𐑥𐑴𐑚𐑦𐑤𐑦𐑩	89
fragment	primeval	AJ0	RSSB	prʌɪ-	𐑐𐑮𐑳𐑦-	praɪmiːvəl	𐑐𐑮𐑲𐑥𐑰𐑝𐑩𐑤	89
fragment	primigravida	NN1	RSSB	priː-	𐑐𐑮𐑰-	praɪmɪɡrævɪdə	𐑐𐑮𐑲𐑥𐑦𐑜𐑮𐑨𐑝𐑦𐑛𐑩	30
fragment	primigravida	NN1	GenAm	-və-	-𐑝𐑩-	ˌpraɪməˈɡrævɪdə	𐑐𐑮𐑲𐑥𐑩𐑜𐑮𐑨𐑝𐑦𐑛𐑩	1
fragment	primum mobile	NN1	RSSB	priː-	𐑐𐑮𐑰-	praɪməm məʊbɪli	𐑐𐑮𐑲𐑥𐑩𐑥 𐑥𐑴𐑚𐑦𐑤𐑦	89
fragment	primum mobile	NN1	RSSB	-leɪ	-𐑤𐑱	praɪməm məʊbɪli	𐑐𐑮𐑲𐑥𐑩𐑥 𐑥𐑴𐑚𐑦𐑤𐑦	1
fragment	probity	NN1	GenAm	-ti	-𐑑𐑦	ˈproʊbəti	𐑐𐑮𐑴𐑚𐑩𐑑𐑦	1
fragment	problem	NN1	GenAm	-bəm	-𐑚𐑩𐑥	ˈprɒbləm	𐑐𐑮𐑪𐑚𐑤𐑩𐑥	1
fragment	problem	NN1	GenAm	-əm	-𐑩𐑥	ˈprɒbləm	𐑐𐑮𐑪𐑚𐑤𐑩𐑥	1
fragment	problem	AJ0	GenAm	-bəm	-𐑚𐑩𐑥	ˈprɒbləm	𐑐𐑮𐑪𐑚𐑤𐑩𐑥	1
fragment	problem	AJ0	GenAm	-əm	-𐑩𐑥	ˈprɒbləm	𐑐𐑮𐑪𐑚𐑤𐑩𐑥	1
fragment	procellarian	NN1	RSSB	prɒ-	𐑐𐑮𐑪-	prəʊsəRleəriəRn	𐑐𐑮𐑴𐑕𐑼𐑤𐑺𐑦𐑼𐑯	30
fragment	procellarian	NN1	GenAm	ˌprɒ-	𐑐𐑮𐑪-	ˌproʊsəˈleriən	𐑐𐑮𐑴𐑕𐑩𐑤𐑧𐑮𐑦𐑩𐑯	30
fragment	process	NN1	GenAm	-əs	-𐑩𐑕	ˈprɒses	𐑐𐑮𐑪𐑕𐑧𐑕	1
fragment	process	VVI	GenAm	-əs	-𐑩𐑕	ˈprɒses	𐑐𐑮𐑪𐑕𐑧𐑕	1
fragment	procrastination	NN1	GenAm	-ʃən	-𐑖𐑩𐑯	proʊˌkræstɪˈneɪʃən	𐑐𐑮𐑴𐑒𐑮𐑨𐑕𐑑𐑦𐑯𐑱𐑖𐑩𐑯	1
fragment	prodigious	AJ0	GenAm	proʊ-	𐑐𐑮𐑴-	prəˈdɪdʒəs	𐑐𐑮𐑩𐑛𐑦𐑡𐑩𐑕	89
fragment	prodigious	AV0	GenAm	proʊ-	𐑐𐑮𐑴-	prəˈdɪdʒəs	𐑐𐑮𐑩𐑛𐑦𐑡𐑩𐑕	89
fragment	prognosis	NN1	GenAm	-səs	-𐑕𐑩𐑕	prɒɡˈnoʊsɪs	𐑐𐑮𐑪𐑜𐑯𐑴𐑕𐑦𐑕	1
fragment	progress	NN1	GenAm	-rəs	-𐑮𐑩𐑕	ˈprɒɡres	𐑐𐑮𐑪𐑜𐑮𐑧𐑕	30
fragment	progressive	AJ0	GenAm	proʊ-	𐑐𐑮𐑴-	prəˈɡresɪv	𐑐𐑮𐑩𐑜𐑮𐑧𐑕𐑦𐑝	30
fragment	progressive	NN1	GenAm	proʊ-	𐑐𐑮𐑴-	prəˈɡresɪv	𐑐𐑮𐑩𐑜𐑮𐑧𐑕𐑦𐑝	30
fragment	project	NN1	GenAm	-dʒɪ̈kt	-𐑡𐑦̈𐑒𐑑	ˈprɒˌdʒekt	𐑐𐑮𐑪𐑡𐑧𐑒𐑑	1
fragment	proletarianization	NN1	GenAm	ˈproʊ-	𐑐𐑮𐑴-	ˌproʊləˌteriənəˈzeɪʃən	𐑐𐑮𐑴𐑤𐑩𐑑𐑧𐑮𐑦𐑩𐑯𐑩𐑟𐑱𐑖𐑩𐑯	30
fragment	proletarianization	NN1	GenAm	-ˌnaɪ-	-𐑯𐑲-	ˌproʊləˌteriənəˈzeɪʃən	𐑐𐑮𐑴𐑤𐑩𐑑𐑧𐑮𐑦𐑩𐑯𐑩𐑟𐑱𐑖𐑩𐑯	1
fragment	prolongment	NN1	GenAm	proʊ-	𐑐𐑮𐑴-	prəˈlɒŋmənt	𐑐𐑮𐑩𐑤𐑪𐑙𐑥𐑩𐑯𐑑	89
fragment	Promethean	AJ0	GenAm	proʊ-	𐑐𐑮𐑴-	prəˈmiθiən	𐑐𐑮𐑩𐑥𐑦𐑔𐑦𐑩𐑯	89
fragment	Promethean	NN1	GenAm	proʊ-	𐑐𐑮𐑴-	prəˈmiθiən	𐑐𐑮𐑩𐑥𐑦𐑔𐑦𐑩𐑯	89
fragment	propreantepenultimate	AJ0	GenAm	-tə-	-𐑑𐑩-	ˌproʊpriˌæntipəˈnʌltɪmət	𐑐𐑮𐑴𐑐𐑮𐑦𐑨𐑯𐑑𐑦𐑐𐑩𐑯𐑳𐑤𐑑𐑦𐑥𐑩𐑑	1
fragment	proteranthous	AJ0	GenAm	-tər-	-𐑑𐑼-	ˌproʊtərˈænθəs	𐑐𐑮𐑴𐑑𐑼𐑨𐑯𐑔𐑩𐑕	30
fragment	prothonotarial	AJ0	RSSB	prəʊθəRnəʊ-	𐑐𐑮𐑴𐑔𐑼𐑯𐑴-	prəʊθɒnəRteəriəRl	𐑐𐑮𐑴𐑔𐑪𐑯𐑼𐑑𐑺𐑦𐑼𐑤	89
fragment	prothonotarial	AJ0	GenAm	ˌproʊθəˌnoʊˈ-	𐑐𐑮𐑴𐑔𐑩𐑯𐑴-	proʊˌθɒnəˈteriəl	𐑐𐑮𐑴𐑔𐑪𐑯𐑩𐑑𐑧𐑮𐑦𐑩𐑤	30
fragment	Proto-Indo-European	NP0	RSSB	-jɔːrə-	-𐑘𐑹𐑩-	prəʊtəʊɪndəʊjəərəRpiːən	𐑐𐑮𐑴𐑑𐑴𐑦𐑯𐑛𐑴𐑘𐑩𐑼𐑼𐑐𐑰𐑩𐑯	30
fragment	Proto-Indo-European	NN1	RSSB	-jɔːrə-	-𐑘𐑹𐑩-	prəʊtəʊɪndəʊjəərəRpiːən	𐑐𐑮𐑴𐑑𐑴𐑦𐑯𐑛𐑴𐑘𐑩𐑼𐑼𐑐𐑰𐑩𐑯	30
fragment	Proto-Indo-European	AJ0	RSSB	-jɔːrə-	-𐑘𐑹𐑩-	prəʊtəʊɪndəʊjəərəRpiːən	𐑐𐑮𐑴𐑑𐑴𐑦𐑯𐑛𐑴𐑘𐑩𐑼𐑼𐑐𐑰𐑩𐑯	30
fragment	protolith	NN1	GenAm	ˈproʊtoʊ-	𐑐𐑮𐑴𐑑𐑴-	ˈproʊtəˌlɪθ	𐑐𐑮𐑴𐑑𐑩𐑤𐑦𐑔	89
fragment	protoplast	AJ0	RSSB	-plast	-𐑐𐑤𐑨𐑕𐑑	prəʊtəplæst	𐑐𐑮𐑴𐑑𐑩𐑐𐑤𐑨𐑕𐑑	1
fragment	protoplast	NN1	RSSB	-plast	-𐑐𐑤𐑨𐑕𐑑	prəʊtəplæst	𐑐𐑮𐑴𐑑𐑩𐑐𐑤𐑨𐑕𐑑	1
fragment	prototype	NN1	GenAm	ˈproʊtoʊ-	𐑐𐑮𐑴𐑑𐑴-	ˈproʊtəˌtaɪp	𐑐𐑮𐑴𐑑𐑩𐑑𐑲𐑐	89
fragment	prototype	VVI	GenAm	ˈproʊtoʊ-	𐑐𐑮𐑴𐑑𐑴-	ˈproʊtəˌtaɪp	𐑐𐑮𐑴𐑑𐑩𐑑𐑲𐑐	89
fragment	prototypical	AJ0	RSSB	prəʊtəʊ-	𐑐𐑮𐑴𐑑𐑴-	prəʊtətɪpɪkəl	𐑐𐑮𐑴𐑑𐑩𐑑𐑦𐑐𐑦𐑒𐑩𐑤	89
fragment	prototypical	AJ0	GenAm	ˌproʊtoʊ-	𐑐𐑮𐑴𐑑𐑴-	ˌproʊtəˈtɪpɪkəl	𐑐𐑮𐑴𐑑𐑩𐑑𐑦𐑐𐑦𐑒𐑩𐑤	89
fragment	prototypical	AJ0	RSSB	-əkəl	-𐑩𐑒𐑩𐑤	prəʊtətɪpɪkəl	𐑐𐑮𐑴𐑑𐑩𐑑𐑦𐑐𐑦𐑒𐑩𐑤	1
fragment	prototypical	AJ0	GenAm	-əkəl	-𐑩𐑒𐑩𐑤	ˌproʊtəˈtɪpɪkəl	𐑐𐑮𐑴𐑑𐑩𐑑𐑦𐑐𐑦𐑒𐑩𐑤	1
fragment	prototyping	NN1	GenAm	-tə-	-𐑑𐑩-	ˈproʊtəˌtaɪpɪŋ	𐑐𐑮𐑴𐑑𐑩𐑑𐑲𐑐𐑦𐑙	1
fragment	prototyping	VVI	GenAm	-tə-	-𐑑𐑩-	ˈproʊtəˌtaɪpɪŋ	𐑐𐑮𐑴𐑑𐑩𐑑𐑲𐑐𐑦𐑙	1
fragment	provenience	NN1	GenAm	prə-	𐑐𐑮𐑩-	proʊˈviniənts	𐑐𐑮𐑴𐑝𐑦𐑯𐑦𐑩𐑯𐑑𐑕	89
fragment	psalterion	NN1	RSSB	-əRn	-𐑼𐑯	sɒltɪəriɒn	𐑕𐑪𐑤𐑑𐑽𐑦𐑪𐑯	89
fragment	psalterion	NN1	GenAm	-ən	-𐑩𐑯	sɒlˈtɪriɒn	𐑕𐑪𐑤𐑑𐑦𐑮𐑦𐑪𐑯	1
fragment	psaltery	NN1	RSSB	sɔːl-	𐑕𐑷𐑤-	sɒltəri	𐑕𐑪𐑤𐑑𐑼𐑦	1
fragment	pseudorape	NN1	RSSB	suː-	𐑕𐑵-	sjuːdəʊreɪp	𐑕𐑿𐑛𐑴𐑮𐑱𐑐	1
fragment	psilocybin	NN1	GenAm	ˌsaɪ-	𐑕𐑲-	ˌsɪləˈsaɪbɪn	𐑕𐑦𐑤𐑩𐑕𐑲𐑚𐑦𐑯	89
fragment	puelline	AJ0	RSSB	-aɪn	-𐑲𐑯	pjuːˈeliːn	𐑐𐑿𐑧𐑤𐑰𐑯	89
fragment	puelline	AJ0	GenAm	-aɪn	-𐑲𐑯	pjuˈelˌin	𐑐𐑘𐑫𐑧𐑤𐑦𐑯	89
fragment	puissance	NN1	RSSB	ˈpwɪ-	𐑐𐑢𐑦-	ˈpjuːɪsəns	𐑐𐑿𐑦𐑕𐑩𐑯𐑕	89
fragment	pull out all stops	VVI	GenAm	-ɒl-	-𐑪𐑤-	ˈpʊlaʊtɒl ˈstɒps	𐑐𐑫𐑤𐑬𐑑𐑪𐑤 𐑕𐑑𐑪𐑐𐑕	89
fragment	pulmonaria	NN1	RSSB	pʊl-	𐑐𐑫𐑤-	pʌlməneəriə	𐑐𐑳𐑤𐑥𐑩𐑯𐑺𐑦𐑩	1
fragment	pulmonaria	NN1	GenAm	ˌpʊl-	𐑐𐑫𐑤-	ˌpʌlməˈneriə	𐑐𐑳𐑤𐑥𐑩𐑯𐑧𐑮𐑦𐑩	1
fragment	pulmonarial	AJ0	RSSB	pʊl-	𐑐𐑫𐑤-	pʌlməneəriəl	𐑐𐑳𐑤𐑥𐑩𐑯𐑺𐑦𐑩𐑤	1
fragment	pulmonarial	AJ0	GenAm	ˌpʊl-	𐑐𐑫𐑤-	ˌpʌlməˈneriəl	𐑐𐑳𐑤𐑥𐑩𐑯𐑧𐑮𐑦𐑩𐑤	1
fragment	pulpitarian	NN1	RSSB	pʊl-	𐑐𐑫𐑤-	pʌlpɪteəriən	𐑐𐑳𐑤𐑐𐑦𐑑𐑺𐑦𐑩𐑯	1
fragment	pulpitarian	NN1	GenAm	ˌpʊl-	𐑐𐑫𐑤-	ˌpʌlpɪˈteriən	𐑐𐑳𐑤𐑐𐑦𐑑𐑧𐑮𐑦𐑩𐑯	1
fragment	punchbag	NN1	GenAm	ˈpəntʃ-	𐑐𐑩𐑯𐑗-	ˈpʌntʃˌbæɡ	𐑐𐑳𐑯𐑗𐑚𐑨𐑜	89
fragment	punching bag	NN1	GenAm	ˈpəntʃɪŋ-	𐑐𐑩𐑯𐑗𐑦𐑙-	ˈpʌntʃɪŋ ˌbæɡ	𐑐𐑳𐑯𐑗𐑦𐑙 𐑚𐑨𐑜	89
fragment	Punkie Night	NP0	GenAm	ˈpəŋ-	𐑐𐑩𐑙-	ˈpʌŋki ˌnaɪt	𐑐𐑳𐑙𐑒𐑦 𐑯𐑲𐑑	89
fragment	punky	AJ0	GenAm	ˈpəŋ-	𐑐𐑩𐑙-	ˈpʌŋki	𐑐𐑳𐑙𐑒𐑦	89
fragment	punky	NN1	GenAm	ˈpəŋ-	𐑐𐑩𐑙-	ˈpʌŋki	𐑐𐑳𐑙𐑒𐑦	89
fragment	purdah	NN1	RSSB	-dɑː	-𐑛𐑭	pɜːRdə	𐑐𐑻𐑛𐑩	1
fragment	purdahed	AJ0	RSSB	-dɑːd	-𐑛𐑭𐑛	pəːdəd	𐑐𐑩ː𐑛𐑩𐑛	1
fragment	purifur	NN1	RSSB	pjɔː-	𐑐𐑘𐑷-	pjəərɪfɜːR	𐑐𐑘𐑩𐑼𐑦𐑓𐑻	1
fragment	purifur	NN1	GenAm	ˈpjɜ-	𐑐𐑘ɜ-	ˈpjərɪˌfɜr	𐑐𐑘𐑼𐑦𐑓ɜ𐑮	1
fragment	puritan	NN1	RSSB	pjɔː-	𐑐𐑘𐑷-	pjəərɪtən	𐑐𐑘𐑩𐑼𐑦𐑑𐑩𐑯	1
fragment	puritan	NN1	GenAm	ˈpjɜ-	𐑐𐑘ɜ-	ˈpjərɪtən	𐑐𐑘𐑼𐑦𐑑𐑩𐑯	1
fragment	puritan	AJ0	RSSB	pjɔː-	𐑐𐑘𐑷-	pjəərɪtən	𐑐𐑘𐑩𐑼𐑦𐑑𐑩𐑯	1
fragment	puritan	AJ0	GenAm	ˈpjɜ-	𐑐𐑘ɜ-	ˈpjərɪtən	𐑐𐑘𐑼𐑦𐑑𐑩𐑯	1
fragment	puriteen	NN1	RSSB	pjɔː-	𐑐𐑘𐑷-	pjəərɪtiːn	𐑐𐑘𐑩𐑼𐑦𐑑𐑰𐑯	1
fragment	puriteen	NN1	GenAm	ˈpjɜ-	𐑐𐑘ɜ-	ˈpjərɪˌtin	𐑐𐑘𐑼𐑦𐑑𐑦𐑯	1
fragment	pursuit	NN1	RSSB	pɜːr-	𐑐𐑻-	pərsjuːt	𐑐𐑼𐑕𐑿𐑑	89
fragment	pursuit	NN1	RSSB	-ʃuːt	-𐑖𐑵𐑑	pərsjuːt	𐑐𐑼𐑕𐑿𐑑	1
fragment	push the edge of the envelope	VVI	RSSB	-ˈɒnvələʊp	-𐑪𐑯𐑝𐑩𐑤𐑴𐑐	ˌpʊʃ ðiː ˌedʒ əv ðiː ˈenvələʊp	𐑐𐑫𐑖 𐑞𐑰 𐑧𐑡 𐑩𐑝 𐑞𐑰 𐑧𐑯𐑝𐑩𐑤𐑴𐑐	89
fragment	push the edge of the envelope	VVI	GenAm	-ˈɒn-	-𐑪𐑯-	ˌpʊʃ ði ˌedʒ əv ði ˈenvəˌloʊp	𐑐𐑫𐑖 𐑞𐑦 𐑧𐑡 𐑩𐑝 𐑞𐑦 𐑧𐑯𐑝𐑩𐑤𐑴𐑐	89
fragment	push the envelope	VVI	RSSB	-ˈɒnvələʊp	-𐑪𐑯𐑝𐑩𐑤𐑴𐑐	ˌpʊʃ ðiː ˈenvələʊp	𐑐𐑫𐑖 𐑞𐑰 𐑧𐑯𐑝𐑩𐑤𐑴𐑐	89
fragment	push the envelope	VVI	GenAm	-ˈɒn-	-𐑪𐑯-	ˌpʊʃ ði ˈenvəˌloʊp	𐑐𐑫𐑖 𐑞𐑦 𐑧𐑯𐑝𐑩𐑤𐑴𐑐	89
fragment	putter	VVI	GenAm	-təR	-𐑑𐑼	ˈpʌtəR	𐑐𐑳𐑑𐑼	89
fragment	putter	NN1	GenAm	-təR	-𐑑𐑼	ˈpʌtəR	𐑐𐑳𐑑𐑼	89
fragment	putto	NN1	GenAm	-toʊ	-𐑑𐑴	ˈpʊtoʊ	𐑐𐑫𐑑𐑴	89
fragment	pyrotron	NN1	GenAm	-roʊˌ-	-𐑮𐑴-	ˈpaɪrəˌtrɒn	𐑐𐑲𐑮𐑩𐑑𐑮𐑪𐑯	30
fragment	pythonic	AJ0	RSSB	pɪ-	𐑐𐑦-	paɪˈθɒnɪk	𐑐𐑲𐑔𐑪𐑯𐑦𐑒	89
fragment	pythonic	AJ0	GenAm	pɪ-	𐑐𐑦-	paɪˈθɒnɪk	𐑐𐑲𐑔𐑪𐑯𐑦𐑒	89
fragment	Pythonic	AJ0	RSSB	pɪ-	𐑐𐑦-	paɪˈθɒnɪk	𐑐𐑲𐑔𐑪𐑯𐑦𐑒	89
fragment	Pythonic	AJ0	GenAm	pɪ-	𐑐𐑦-	paɪˈθɒnɪk	𐑐𐑲𐑔𐑪𐑯𐑦𐑒	89
fragment	quakebuttock	NN1	GenAm	-ˌbətək	-𐑚𐑩𐑑𐑩𐑒	ˈkweɪkˌbʌtək	𐑒𐑢𐑱𐑒𐑚𐑳𐑑𐑩𐑒	89
fragment	quandary	NN1	GenAm	ˈkwɒn-	𐑒𐑢𐑪𐑯-	ˈkwɒndəri	𐑒𐑢𐑪𐑯𐑛𐑼𐑦	1
fragment	quasi-solid	NN1	RSSB	ˌkwɑːziː-	𐑒𐑢𐑭𐑟𐑰-	ˌkweɪzaɪˈsɒlƏd	𐑒𐑢𐑱𐑟𐑲𐑕𐑪𐑤𐑩𐑛	89
fragment	quasi-solid	NN1	GenAm	ˌkwɒzi-	𐑒𐑢𐑪𐑟𐑦-	ˌkweɪzaɪˈsɒlƏd	𐑒𐑢𐑱𐑟𐑲𐑕𐑪𐑤𐑩𐑛	89
fragment	quasi-solid	NN1	GenAm	-ˈsɒlƏd	-𐑕𐑪𐑤𐑩𐑛	ˌkweɪzaɪˈsɒlƏd	𐑒𐑢𐑱𐑟𐑲𐑕𐑪𐑤𐑩𐑛	89
fragment	quaternion	NN1	GenAm	kwə-	𐑒𐑢𐑩-	kwɒˈtɜrniɒn	𐑒𐑢𐑪𐑑ɜ𐑮𐑯𐑦𐑪𐑯	1
fragment	quaternion	NN1	GenAm	-ən	-𐑩𐑯	kwɒˈtɜrniɒn	𐑒𐑢𐑪𐑑ɜ𐑮𐑯𐑦𐑪𐑯	1
fragment	Queenslander	NN1	RSSB	-læn-	-𐑤𐑨𐑯-	kwiːnzləRndəR	𐑒𐑢𐑰𐑯𐑟𐑤𐑼𐑯𐑛𐑼	1
fragment	Queenslander	NN1	GenAm	-ˌlæn-	-𐑤𐑨𐑯-	ˈkwinzləndəR	𐑒𐑢𐑦𐑯𐑟𐑤𐑩𐑯𐑛𐑼	1
fragment	queerosexual	NN1	RSSB	kwɪərə-	𐑒𐑢𐑽𐑩-	kwɪərəʊsekʃuːəl	𐑒𐑢𐑽𐑴𐑕𐑧𐑒𐑖𐑵𐑩𐑤	89
fragment	queerosexual	NN1	GenAm	kwɪrə-	𐑒𐑢𐑦𐑮𐑩-	ˌkwɪroʊˈsekʃuəl	𐑒𐑢𐑦𐑮𐑴𐑕𐑧𐑒𐑖𐑫𐑩𐑤	89
fragment	querist	NN1	GenAm	ˈkwe-	𐑒𐑢𐑧-	ˈkwɪrəst	𐑒𐑢𐑦𐑮𐑩𐑕𐑑	1
fragment	question mark	NN1	GenAm	ˈkweʃ-	𐑒𐑢𐑧𐑖-	ˈkwestʃən ˌmɑːRk	𐑒𐑢𐑧𐑕𐑗𐑩𐑯 𐑥𐑸𐑒	1
fragment	question mark	AV0	GenAm	ˈkweʃ-	𐑒𐑢𐑧𐑖-	ˈkwestʃən ˌmɑːRk	𐑒𐑢𐑧𐑕𐑗𐑩𐑯 𐑥𐑸𐑒	1
fragment	quinarian	AJ0	RSSB	kwaɪ-	𐑒𐑢𐑲-	kwɪneəriən	𐑒𐑢𐑦𐑯𐑺𐑦𐑩𐑯	1
fragment	quinarian	AJ0	GenAm	kwaɪˈ-	𐑒𐑢𐑲-	kwɪˈneriən	𐑒𐑢𐑦𐑯𐑧𐑮𐑦𐑩𐑯	1
fragment	quinarian	NN1	RSSB	kwaɪ-	𐑒𐑢𐑲-	kwɪneəriən	𐑒𐑢𐑦𐑯𐑺𐑦𐑩𐑯	1
fragment	quinarian	NN1	GenAm	kwaɪˈ-	𐑒𐑢𐑲-	kwɪˈneriən	𐑒𐑢𐑦𐑯𐑧𐑮𐑦𐑩𐑯	1
fragment	quinceañera	NN1	GenAm	ˌkiːn-	𐑒𐑰𐑯-	ˌkɪnseɪənˈjerə	𐑒𐑦𐑯𐑕𐑱𐑩𐑯𐑘𐑧𐑮𐑩	1
fragment	quinceañera	NN1	GenAm	-sjə-	-𐑕𐑘𐑩-	ˌkɪnseɪənˈjerə	𐑒𐑦𐑯𐑕𐑱𐑩𐑯𐑘𐑧𐑮𐑩	1
fragment	quintuple	AJ0	RSSB	-ˈtjuː-	-𐑑𐑿-	kwɪnˈtʃuːpəl	𐑒𐑢𐑦𐑯𐑗𐑵𐑐𐑩𐑤	89
fragment	quintuple	AJ0	GenAm	-ˈtu-	-𐑑𐑫-	kwɪnˈtʌpəl	𐑒𐑢𐑦𐑯𐑑𐑳𐑐𐑩𐑤	89
fragment	quintuple	NN1	RSSB	-ˈtjuː-	-𐑑𐑿-	kwɪnˈtʃuːpəl	𐑒𐑢𐑦𐑯𐑗𐑵𐑐𐑩𐑤	89
fragment	quintuple	NN1	GenAm	-ˈtu-	-𐑑𐑫-	kwɪnˈtʌpəl	𐑒𐑢𐑦𐑯𐑑𐑳𐑐𐑩𐑤	89
fragment	quintuple	VVI	RSSB	-ˈtjuː-	-𐑑𐑿-	kwɪnˈtʃuːpəl	𐑒𐑢𐑦𐑯𐑗𐑵𐑐𐑩𐑤	89
fragment	quintuple	VVI	GenAm	-ˈtu-	-𐑑𐑫-	kwɪnˈtʌpəl	𐑒𐑢𐑦𐑯𐑑𐑳𐑐𐑩𐑤	89
fragment	qwerty	AJ0	GenAm	-ti	-𐑑𐑦	ˈkwəRti	𐑒𐑢𐑼𐑑𐑦	1
fragment	QWERTY	NN1	GenAm	-ti	-𐑑𐑦	ˈkwəRti	𐑒𐑢𐑼𐑑𐑦	1
fragment	QWERTYUIOP	NN1	GenAm	-ti-	-𐑑𐑦-	ˌkwəRtiˈjuiˌɒp	𐑒𐑢𐑼𐑑𐑦𐑘𐑫𐑦𐑪𐑐	1
fragment	racemate	NN1	RSSB	reɪ-	𐑮𐑱-	ræsɪmeɪt	𐑮𐑨𐑕𐑦𐑥𐑱𐑑	89
fragment	racemate	NN1	GenAm	ˈreɪ-	𐑮𐑱-	ˈræsəˌmeɪt	𐑮𐑨𐑕𐑩𐑥𐑱𐑑	89
fragment	rachitic	AJ0	RSSB	ræ-	𐑮𐑨-	rəkɪtɪk	𐑮𐑩𐑒𐑦𐑑𐑦𐑒	89
fragment	rachitic	AJ0	GenAm	-tɪk	-𐑑𐑦𐑒	rəˈkɪtɪk	𐑮𐑩𐑒𐑦𐑑𐑦𐑒	1
fragment	rachitis	NN1	RSSB	ræ-	𐑮𐑨-	rəkaɪtɪs	𐑮𐑩𐑒𐑲𐑑𐑦𐑕	89
fragment	rachitis	NN1	GenAm	-tɪs	-𐑑𐑦𐑕	rəˈkaɪtɪs	𐑮𐑩𐑒𐑲𐑑𐑦𐑕	1
fragment	radiogram	NN1	GenAm	-oʊ-	-𐑴-	ˈreɪdiəˌɡræm	𐑮𐑱𐑛𐑦𐑩𐑜𐑮𐑨𐑥	1
fragment	radiolaria	NN1	GenAm	ˌreɪdiəˈ-	𐑮𐑱𐑛𐑦𐑩-	ˌreɪdioʊˈleriə	𐑮𐑱𐑛𐑦𐑴𐑤𐑧𐑮𐑦𐑩	30
fragment	radiolarian	NN1	GenAm	ˌreɪdiəˈ-	𐑮𐑱𐑛𐑦𐑩-	ˌreɪdioʊˈleriən	𐑮𐑱𐑛𐑦𐑴𐑤𐑧𐑮𐑦𐑩𐑯	30
fragment	Radiotron	NN1	GenAm	-əˌ-	-𐑩-	ˈreɪdioʊˌtrɒn	𐑮𐑱𐑛𐑦𐑴𐑑𐑮𐑪𐑯	1
fragment	rantistirion	NN1	RSSB	-dɪs-	-𐑛𐑦𐑕-	ræntɪstɪriɒn	𐑮𐑨𐑯𐑑𐑦𐑕𐑑𐑦𐑮𐑦𐑪𐑯	1
fragment	rantistirion	NN1	GenAm	-dis-	-𐑛𐑦𐑕-	ræntisˈtiriɒn	𐑮𐑨𐑯𐑑𐑦𐑕𐑑𐑦𐑮𐑦𐑪𐑯	1
fragment	rantistirion	NN1	RSSB	-əRn	-𐑼𐑯	ræntɪstɪriɒn	𐑮𐑨𐑯𐑑𐑦𐑕𐑑𐑦𐑮𐑦𐑪𐑯	30
fragment	rantistirion	NN1	GenAm	-ən	-𐑩𐑯	ræntisˈtiriɒn	𐑮𐑨𐑯𐑑𐑦𐑕𐑑𐑦𐑮𐑦𐑪𐑯	1
fragment	Raphael	NP0	RSSB	rɑː-	𐑮𐑭-	ræfeɪel	𐑮𐑨𐑓𐑱𐑧𐑤	89
fragment	Raphael	NP0	GenAm	-eɪ-	-𐑱-	ˌræfaɪˈel	𐑮𐑨𐑓𐑲𐑧𐑤	1
fragment	rapprochement	NN1	RSSB	ræ-	𐑮𐑨-	rəprɒʃmɒ̃	𐑮𐑩𐑐𐑮𐑪𐑖𐑥𐑪̃	30
fragment	rapprochement	NN1	GenAm	-ˈmɒ̃	-𐑥𐑪̃	ræproʊʃˈmɒn	𐑮𐑨𐑐𐑮𐑴𐑖𐑥𐑪𐑯	1
fragment	rara avis	NN1	RSSB	rɜːR-	𐑮𐑻-	rɑːrə eɪvɪs	𐑮𐑸𐑩 𐑱𐑝𐑦𐑕	89
fragment	rara avis	NN1	RSSB	-ɑːRvɪs	-𐑸𐑝𐑦𐑕	rɑːrə eɪvɪs	𐑮𐑸𐑩 𐑱𐑝𐑦𐑕	30
fragment	rara avis	NN1	RSSB	-ævɪs	-𐑨𐑝𐑦𐑕	rɑːrə eɪvɪs	𐑮𐑸𐑩 𐑱𐑝𐑦𐑕	1
fragment	rara avis	NN1	RSSB	rɑːraɪ-	𐑮𐑸𐑲-	rɑːrə eɪvɪs	𐑮𐑸𐑩 𐑱𐑝𐑦𐑕	89
fragment	rara avis	NN1	RSSB	rɜːriː-	𐑮𐑻𐑰-	rɑːrə eɪvɪs	𐑮𐑸𐑩 𐑱𐑝𐑦𐑕	89
fragment	rara avis	NN1	RSSB	rɜːraɪ-	𐑮𐑻𐑲-	rɑːrə eɪvɪs	𐑮𐑸𐑩 𐑱𐑝𐑦𐑕	89
fragment	rara avis	NN1	RSSB	-ɑːRviːs	-𐑸𐑝𐑰𐑕	rɑːrə eɪvɪs	𐑮𐑸𐑩 𐑱𐑝𐑦𐑕	30
fragment	rara avis	NN1	RSSB	-æviːs	-𐑨𐑝𐑰𐑕	rɑːrə eɪvɪs	𐑮𐑸𐑩 𐑱𐑝𐑦𐑕	1
fragment	rarae aves	NN1	RSSB	rɑːraɪ-	𐑮𐑸𐑲-	rɑːriː eɪviːs	𐑮𐑸𐑰 𐑱𐑝𐑰𐑕	89
fragment	rarae aves	NN1	RSSB	rɜːriː-	𐑮𐑻𐑰-	rɑːriː eɪviːs	𐑮𐑸𐑰 𐑱𐑝𐑰𐑕	89
fragment	rarae aves	NN1	RSSB	rɜːraɪ-	𐑮𐑻𐑲-	rɑːriː eɪviːs	𐑮𐑸𐑰 𐑱𐑝𐑰𐑕	89
fragment	rarae aves	NN1	RSSB	-ɑːRviːs	-𐑸𐑝𐑰𐑕	rɑːriː eɪviːs	𐑮𐑸𐑰 𐑱𐑝𐑰𐑕	30
fragment	rarae aves	NN1	RSSB	-æviːs	-𐑨𐑝𐑰𐑕	rɑːriː eɪviːs	𐑮𐑸𐑰 𐑱𐑝𐑰𐑕	1
fragment	raræ aves	NN1	RSSB	rɑːraɪ-	𐑮𐑸𐑲-	rɑːriː eɪviːs	𐑮𐑸𐑰 𐑱𐑝𐑰𐑕	89
fragment	raræ aves	NN1	RSSB	rɜːriː-	𐑮𐑻𐑰-	rɑːriː eɪviːs	𐑮𐑸𐑰 𐑱𐑝𐑰𐑕	89
fragment	raræ aves	NN1	RSSB	rɜːraɪ-	𐑮𐑻𐑲-	rɑːriː eɪviːs	𐑮𐑸𐑰 𐑱𐑝𐑰𐑕	89
fragment	raræ aves	NN1	RSSB	-ɑːRviːs	-𐑸𐑝𐑰𐑕	rɑːriː eɪviːs	𐑮𐑸𐑰 𐑱𐑝𐑰𐑕	30
fragment	raræ aves	NN1	RSSB	-æviːs	-𐑨𐑝𐑰𐑕	rɑːriː eɪviːs	𐑮𐑸𐑰 𐑱𐑝𐑰𐑕	1
fragment	ratiocination	NN1	GenAm	ræʃi-	𐑮𐑨𐑖𐑦-	rætiˌɒsiˈneɪʃən	𐑮𐑨𐑑𐑦𐑪𐑕𐑦𐑯𐑱𐑖𐑩𐑯	89
fragment	ratty	AJ0	GenAm	-ti	-𐑑𐑦	ˈræti	𐑮𐑨𐑑𐑦	1
fragment	ratty	NN1	GenAm	-ti	-𐑑𐑦	ˈræti	𐑮𐑨𐑑𐑦	1
fragment	realization	NN1	RSSB	riə-	𐑮𐑦𐑩-	rɪəlaɪzeɪʃən	𐑮𐑾𐑤𐑲𐑟𐑱𐑖𐑩𐑯	89
fragment	realization	NN1	GenAm	-laɪˈzeɪʃən	-𐑤𐑲𐑟𐑱𐑖𐑩𐑯	ˌriəlɪˈzeɪʃən	𐑮𐑦𐑩𐑤𐑦𐑟𐑱𐑖𐑩𐑯	1
fragment	really	AV0	RSSB	-li	-𐑤𐑦	rɪəli	𐑮𐑾𐑤𐑦	1
fragment	really	AV0	RSSB	rʷɪː-	𐑮ʷ𐑦ː-	rɪəli	𐑮𐑾𐑤𐑦	1
fragment	really	ITJ	RSSB	-li	-𐑤𐑦	rɪəli	𐑮𐑾𐑤𐑦	1
fragment	really	ITJ	RSSB	rʷɪː-	𐑮ʷ𐑦ː-	rɪəli	𐑮𐑾𐑤𐑦	1
fragment	recension	NN1	GenAm	-ˈsẽnt̚ʃən	-𐑕𐑧̃𐑯𐑑̚𐑖𐑩𐑯	rɪˈsenʃən	𐑮𐑦𐑕𐑧𐑯𐑖𐑩𐑯	1
fragment	receptacle	NN1	GenAm	ri-	𐑮𐑦-	rəˈseptəkəl	𐑮𐑩𐑕𐑧𐑐𐑑𐑩𐑒𐑩𐑤	89
fragment	record	VVI	RSSB	rə-	𐑮𐑩-	rekɔːRd	𐑮𐑧𐑒𐑹𐑛	30
fragment	recorded	VVI	RSSB	rə-	𐑮𐑩-	rɪkɔːRdƏd	𐑮𐑦𐑒𐑹𐑛𐑩𐑛	30
fragment	recorded	VVI	GenAm	-əd	-𐑩𐑛	rəˈkɔːRdƏd	𐑮𐑩𐑒𐑹𐑛𐑩𐑛	1
fragment	recorded	AJ0	RSSB	rə-	𐑮𐑩-	rɪkɔːRdƏd	𐑮𐑦𐑒𐑹𐑛𐑩𐑛	30
fragment	recorded	AJ0	GenAm	-əd	-𐑩𐑛	rəˈkɔːRdƏd	𐑮𐑩𐑒𐑹𐑛𐑩𐑛	1
fragment	recorder	NN1	GenAm	rə-	𐑮𐑩-	riˈkɔːRdər	𐑮𐑦𐑒𐑹𐑛𐑼	30
fragment	recoverable	AJ0	GenAm	rə-	𐑮𐑩-	rɪˈkʌvəRəbəl	𐑮𐑦𐑒𐑳𐑝𐑼𐑩𐑚𐑩𐑤	30
fragment	recoverable	NN1	GenAm	rə-	𐑮𐑩-	rɪˈkʌvəRəbəl	𐑮𐑦𐑒𐑳𐑝𐑼𐑩𐑚𐑩𐑤	30
fragment	recrudescence	NN1	RSSB	re-	𐑮𐑧-	riːkruːdesəns	𐑮𐑰𐑒𐑮𐑵𐑛𐑧𐑕𐑩𐑯𐑕	30
fragment	recuse	VVI	GenAm	rə-	𐑮𐑩-	riˈkjuz	𐑮𐑦𐑒𐑘𐑫𐑟	89
fragment	red envelope	NN1	RSSB	-ɒn-	-𐑪𐑯-	red envələʊp	𐑮𐑧𐑛 𐑧𐑯𐑝𐑩𐑤𐑴𐑐	1
fragment	red envelope	NN1	GenAm	ˈɒn-	𐑪𐑯-	ˌred ˈenvəˌloʊp	𐑮𐑧𐑛 𐑧𐑯𐑝𐑩𐑤𐑴𐑐	1
fragment	redissolve	VVI	GenAm	-ˈzɒlv	-𐑟𐑪𐑤𐑝	ˌridɪˈzɒlv	𐑮𐑦𐑛𐑦𐑟𐑪𐑤𐑝	1
fragment	redoubtable	AJ0	GenAm	ri-	𐑮𐑦-	rəˈdaʊtəbəl	𐑮𐑩𐑛𐑬𐑑𐑩𐑚𐑩𐑤	89
fragment	redoubtable	AJ0	GenAm	-tə-	-𐑑𐑩-	rəˈdaʊtəbəl	𐑮𐑩𐑛𐑬𐑑𐑩𐑚𐑩𐑤	1
fragment	redoubtable	NN1	GenAm	ri-	𐑮𐑦-	rəˈdaʊtəbəl	𐑮𐑩𐑛𐑬𐑑𐑩𐑚𐑩𐑤	89
fragment	redoubtable	NN1	GenAm	-tə-	-𐑑𐑩-	rəˈdaʊtəbəl	𐑮𐑩𐑛𐑬𐑑𐑩𐑚𐑩𐑤	1
fragment	redundancy	NN1	GenAm	rə-	𐑮𐑩-	rɪˈdʌndəntsi	𐑮𐑦𐑛𐑳𐑯𐑛𐑩𐑯𐑑𐑕𐑦	89
fragment	reduplication	NN1	GenAm	ri-	𐑮𐑦-	rəˌdjupləˈkeɪʃən	𐑮𐑩𐑛𐑘𐑫𐑐𐑤𐑩𐑒𐑱𐑖𐑩𐑯	89
fragment	reduplication	NN1	GenAm	rɪ-	𐑮𐑦-	rəˌdjupləˈkeɪʃən	𐑮𐑩𐑛𐑘𐑫𐑐𐑤𐑩𐑒𐑱𐑖𐑩𐑯	89
fragment	reduplication	NN1	GenAm	-plɪ-	-𐑐𐑤𐑦-	rəˌdjupləˈkeɪʃən	𐑮𐑩𐑛𐑘𐑫𐑐𐑤𐑩𐑒𐑱𐑖𐑩𐑯	1
fragment	reduplication	NN1	GenAm	-ʃɪn	-𐑖𐑦𐑯	rəˌdjupləˈkeɪʃən	𐑮𐑩𐑛𐑘𐑫𐑐𐑤𐑩𐑒𐑱𐑖𐑩𐑯	1
fragment	reflectorize	VVI	GenAm	ˌriˈ-	𐑮𐑦-	rəˈflektəraɪz	𐑮𐑩𐑓𐑤𐑧𐑒𐑑𐑼𐑲𐑟	30
fragment	refusenik	NN1	GenAm	ri-	𐑮𐑦-	rəˈfjuznɪk	𐑮𐑩𐑓𐑘𐑫𐑟𐑯𐑦𐑒	89
fragment	regarded	VVI	GenAm	-dƏd	-𐑛𐑩𐑛	rɪˈɡɑːRdəd	𐑮𐑦𐑜𐑸𐑛𐑩𐑛	1
fragment	regarded	AJ0	GenAm	-dƏd	-𐑛𐑩𐑛	rɪˈɡɑːRdəd	𐑮𐑦𐑜𐑸𐑛𐑩𐑛	1
fragment	reinvolve	VVI	GenAm	-ˈvɒlv	-𐑝𐑪𐑤𐑝	ˌriɪnˈvɒlv	𐑮𐑦𐑦𐑯𐑝𐑪𐑤𐑝	1
fragment	rejuvenesce	VVI	RSSB	riː-	𐑮𐑰-	rɪdʒuːvənes	𐑮𐑦𐑡𐑵𐑝𐑩𐑯𐑧𐑕	89
fragment	rejuvenesce	VVI	GenAm	riˌ-	𐑮𐑦-	rɪˌdʒuvəˈnes	𐑮𐑦𐑡𐑫𐑝𐑩𐑯𐑧𐑕	89
fragment	relationally	AV0	RSSB	rɪ-	𐑮𐑦-	rəleɪʃənəli	𐑮𐑩𐑤𐑱𐑖𐑩𐑯𐑩𐑤𐑦	89
fragment	relationally	AV0	GenAm	ri-	𐑮𐑦-	rəˈleɪʃənəli	𐑮𐑩𐑤𐑱𐑖𐑩𐑯𐑩𐑤𐑦	89
fragment	reneg	VVI	GenAm	riː-	𐑮𐑰-	rɪˈneɡ	𐑮𐑦𐑯𐑧𐑜	89
fragment	renege	VVI	GenAm	riː-	𐑮𐑰-	rɪˈneɡ	𐑮𐑦𐑯𐑧𐑜	89
fragment	reniform	AJ0	RSSB	riː-	𐑮𐑰-	renɪfɔːRm	𐑮𐑧𐑯𐑦𐑓𐑹𐑥	30
fragment	reniform	AJ0	GenAm	ˈriː-	𐑮𐑰-	ˈrenəˌfɔːRm	𐑮𐑧𐑯𐑩𐑓𐑹𐑥	30
fragment	reniform	AJ0	GenAm	-nɪ-	-𐑯𐑦-	ˈrenəˌfɔːRm	𐑮𐑧𐑯𐑩𐑓𐑹𐑥	1
fragment	repast	NN1	RSSB	-pæst	-𐑐𐑨𐑕𐑑	rɪpɑːst	𐑮𐑦𐑐𐑭𐑕𐑑	1
fragment	repast	NN1	GenAm	rə-	𐑮𐑩-	rɪˈpæst	𐑮𐑦𐑐𐑨𐑕𐑑	89
fragment	repast	VVI	RSSB	-pæst	-𐑐𐑨𐑕𐑑	rɪpɑːst	𐑮𐑦𐑐𐑭𐑕𐑑	1
fragment	repast	VVI	GenAm	rə-	𐑮𐑩-	rɪˈpæst	𐑮𐑦𐑐𐑨𐑕𐑑	89
fragment	repine	VVI	GenAm	rə-	𐑮𐑩-	rɪˈpaɪn	𐑮𐑦𐑐𐑲𐑯	89
fragment	repine	NN1	GenAm	rə-	𐑮𐑩-	rɪˈpaɪn	𐑮𐑦𐑐𐑲𐑯	89
fragment	repose	VVI	GenAm	ri-	𐑮𐑦-	rəˈpoʊz	𐑮𐑩𐑐𐑴𐑟	89
fragment	repose	NN1	GenAm	ri-	𐑮𐑦-	rəˈpoʊz	𐑮𐑩𐑐𐑴𐑟	89
fragment	reprocess	VVI	GenAm	-əs	-𐑩𐑕	riˈprɒses	𐑮𐑦𐑐𐑮𐑪𐑕𐑧𐑕	1
fragment	Reptonian	NN1	RSSB	rəp-	𐑮𐑩𐑐-	reptəʊniən	𐑮𐑧𐑐𐑑𐑴𐑯𐑦𐑩𐑯	89
fragment	Reptonian	NN1	GenAm	rəpˈ-	𐑮𐑩𐑐-	repˈtoʊniən	𐑮𐑧𐑐𐑑𐑴𐑯𐑦𐑩𐑯	89
fragment	requite	VVI	GenAm	ri-	𐑮𐑦-	rəˈkwaɪt	𐑮𐑩𐑒𐑢𐑲𐑑	89
fragment	requite	NN1	GenAm	ri-	𐑮𐑦-	rəˈkwaɪt	𐑮𐑩𐑒𐑢𐑲𐑑	89
fragment	research	NN1	GenAm	rɪ-	𐑮𐑦-	ˈriˌsɜːRtʃ	𐑮𐑦𐑕𐑻𐑗	30
fragment	research	VVI	GenAm	rɪ-	𐑮𐑦-	ˈriˌsɜːRtʃ	𐑮𐑦𐑕𐑻𐑗	30
fragment	research ship	NN1	RSSB	riːsɜːRtʃ-	𐑮𐑰𐑕𐑻𐑗-	rɪsɜːRtʃ ʃɪp	𐑮𐑦𐑕𐑻𐑗 𐑖𐑦𐑐	89
fragment	research ship	NN1	GenAm	riˌsɜrtʃ-	𐑮𐑦𐑕ɜ𐑮𐑗-	ˌriˌsɜrtʃ ˈʃɪp	𐑮𐑦𐑕ɜ𐑮𐑗 𐑖𐑦𐑐	1
fragment	research ship	NN1	GenAm	rə-	𐑮𐑩-	ˌriˌsɜrtʃ ˈʃɪp	𐑮𐑦𐑕ɜ𐑮𐑗 𐑖𐑦𐑐	30
fragment	researchship	NN1	RSSB	riːsɜːRtʃ-	𐑮𐑰𐑕𐑻𐑗-	rɪsɜːRtʃʃɪp	𐑮𐑦𐑕𐑻𐑗𐑖𐑦𐑐	89
fragment	researchship	NN1	GenAm	riˈsɜrtʃ-	𐑮𐑦𐑕ɜ𐑮𐑗-	ˈriˌsɜrtʃˌʃɪp	𐑮𐑦𐑕ɜ𐑮𐑗𐑖𐑦𐑐	1
fragment	researchship	NN1	GenAm	riˌsɜrtʃ-	𐑮𐑦𐑕ɜ𐑮𐑗-	ˈriˌsɜrtʃˌʃɪp	𐑮𐑦𐑕ɜ𐑮𐑗𐑖𐑦𐑐	1
fragment	researchship	NN1	GenAm	rə-	𐑮𐑩-	ˈriˌsɜrtʃˌʃɪp	𐑮𐑦𐑕ɜ𐑮𐑗𐑖𐑦𐑐	30
fragment	residual	AJ0	GenAm	rə-	𐑮𐑩-	rɪˈzɪdʒuəl	𐑮𐑦𐑟𐑦𐑡𐑫𐑩𐑤	89
fragment	residual	NN1	GenAm	rə-	𐑮𐑩-	rɪˈzɪdʒuəl	𐑮𐑦𐑟𐑦𐑡𐑫𐑩𐑤	89
fragment	resound	VVI	GenAm	ri-	𐑮𐑦-	rəˈzaʊnd	𐑮𐑩𐑟𐑬𐑯𐑛	89
fragment	retain	VVI	GenAm	ri-	𐑮𐑦-	rəˈteɪn	𐑮𐑩𐑑𐑱𐑯	89
fragment	retain	NN1	GenAm	ri-	𐑮𐑦-	rəˈteɪn	𐑮𐑩𐑑𐑱𐑯	89
fragment	retains	VVI	GenAm	ri-	𐑮𐑦-	rəˈteɪnz	𐑮𐑩𐑑𐑱𐑯𐑟	89
fragment	retains	NN1	GenAm	ri-	𐑮𐑦-	rəˈteɪnz	𐑮𐑩𐑑𐑱𐑯𐑟	89
fragment	retaliation	NN1	GenAm	rə-	𐑮𐑩-	rɪˌtæliˈeɪʃən	𐑮𐑦𐑑𐑨𐑤𐑦𐑱𐑖𐑩𐑯	89
fragment	retaliation	NN1	GenAm	ri-	𐑮𐑦-	rɪˌtæliˈeɪʃən	𐑮𐑦𐑑𐑨𐑤𐑦𐑱𐑖𐑩𐑯	89
fragment	retaliation	NN1	GenAm	-ʃɪn	-𐑖𐑦𐑯	rɪˌtæliˈeɪʃən	𐑮𐑦𐑑𐑨𐑤𐑦𐑱𐑖𐑩𐑯	1
fragment	reticence	NN1	GenAm	-tə-	-𐑑𐑩-	ˈretəsəns	𐑮𐑧𐑑𐑩𐑕𐑩𐑯𐑕	1
fragment	reticence	VVI	GenAm	-tə-	-𐑑𐑩-	ˈretəsəns	𐑮𐑧𐑑𐑩𐑕𐑩𐑯𐑕	1
fragment	reticular	AJ0	RSSB	rɪ-	𐑮𐑦-	rətɪkjələR	𐑮𐑩𐑑𐑦𐑒𐑘𐑩𐑤𐑼	30
fragment	reticular	AJ0	GenAm	ri-	𐑮𐑦-	rəˈtɪkjələR	𐑮𐑩𐑑𐑦𐑒𐑘𐑩𐑤𐑼	30
fragment	reticulate	AJ0	RSSB	rɪ-	𐑮𐑦-	rətɪkjələt	𐑮𐑩𐑑𐑦𐑒𐑘𐑩𐑤𐑩𐑑	89
fragment	reticulate	AJ0	GenAm	ri-	𐑮𐑦-	rəˈtɪkjələt	𐑮𐑩𐑑𐑦𐑒𐑘𐑩𐑤𐑩𐑑	89
fragment	reticulate	VVI	RSSB	rɪ-	𐑮𐑦-	rətɪkjələt	𐑮𐑩𐑑𐑦𐑒𐑘𐑩𐑤𐑩𐑑	89
fragment	reticulate	VVI	GenAm	ri-	𐑮𐑦-	rəˈtɪkjələt	𐑮𐑩𐑑𐑦𐑒𐑘𐑩𐑤𐑩𐑑	89
fragment	retransition	NN1	RSSB	-sɪ-	-𐑕𐑦-	riːtrænzɪʃən	𐑮𐑰𐑑𐑮𐑨𐑯𐑟𐑦𐑖𐑩𐑯	1
fragment	retransition	NN1	GenAm	-sɪ-	-𐑕𐑦-	ˌritrænˈzɪʃən	𐑮𐑦𐑑𐑮𐑨𐑯𐑟𐑦𐑖𐑩𐑯	1
fragment	retransition	NN1	RSSB	-ʒən	-𐑠𐑩𐑯	riːtrænzɪʃən	𐑮𐑰𐑑𐑮𐑨𐑯𐑟𐑦𐑖𐑩𐑯	1
fragment	retransition	VVI	RSSB	-sɪ-	-𐑕𐑦-	riːtrænzɪʃən	𐑮𐑰𐑑𐑮𐑨𐑯𐑟𐑦𐑖𐑩𐑯	1
fragment	retransition	VVI	GenAm	-sɪ-	-𐑕𐑦-	ˌritrænˈzɪʃən	𐑮𐑦𐑑𐑮𐑨𐑯𐑟𐑦𐑖𐑩𐑯	1
fragment	retransition	VVI	RSSB	-ʒən	-𐑠𐑩𐑯	riːtrænzɪʃən	𐑮𐑰𐑑𐑮𐑨𐑯𐑟𐑦𐑖𐑩𐑯	1
fragment	retrenchment	NN1	GenAm	ri-	𐑮𐑦-	rəˈtrentʃmənt	𐑮𐑩𐑑𐑮𐑧𐑯𐑗𐑥𐑩𐑯𐑑	30
fragment	retriever	NN1	GenAm	rɪ-	𐑮𐑦-	riˈtrivər	𐑮𐑦𐑑𐑮𐑦𐑝𐑼	30
fragment	retriever	NN1	GenAm	rə-	𐑮𐑩-	riˈtrivər	𐑮𐑦𐑑𐑮𐑦𐑝𐑼	30
fragment	retroware	NN1	RSSB	-wɜːR	-𐑢𐑻	retrəʊweəR	𐑮𐑧𐑑𐑮𐑴𐑢𐑺	30
fragment	retroware	NN1	GenAm	-ˌwer	-𐑢𐑧𐑮	ˈretroʊˌwer	𐑮𐑧𐑑𐑮𐑴𐑢𐑧𐑮	30
fragment	retter	NN1	GenAm	-tər	-𐑑𐑼	ˈretər	𐑮𐑧𐑑𐑼	30
fragment	reverberate	VVI	GenAm	ri-	𐑮𐑦-	rəˈvɜrbəˌreɪt	𐑮𐑩𐑝ɜ𐑮𐑚𐑼𐑱𐑑	30
fragment	reverberate	AJ0	GenAm	ri-	𐑮𐑦-	rəˈvɜrbəˌreɪt	𐑮𐑩𐑝ɜ𐑮𐑚𐑼𐑱𐑑	30
fragment	reverberatory	AJ0	RSSB	rə-	𐑮𐑩-	rɪvɜːRbərəRtəri	𐑮𐑦𐑝𐑻𐑚𐑼𐑼𐑑𐑼𐑦	30
fragment	reverberatory	NN1	RSSB	rə-	𐑮𐑩-	rɪvɜːRbərəRtəri	𐑮𐑦𐑝𐑻𐑚𐑼𐑼𐑑𐑼𐑦	30
fragment	revive	VVI	GenAm	ri-	𐑮𐑦-	rəˈvaɪv	𐑮𐑩𐑝𐑲𐑝	89
fragment	revive	NN1	GenAm	ri-	𐑮𐑦-	rəˈvaɪv	𐑮𐑩𐑝𐑲𐑝	89
fragment	revolutionary	AJ0	RSSB	-ljuː-	-𐑤𐑿-	revəluːʃəRnri	𐑮𐑧𐑝𐑩𐑤𐑵𐑖𐑼𐑯𐑮𐑦	1
fragment	revolutionary	NN1	RSSB	-ljuː-	-𐑤𐑿-	revəluːʃəRnri	𐑮𐑧𐑝𐑩𐑤𐑵𐑖𐑼𐑯𐑮𐑦	1
fragment	rhematic	NN1	RSSB	rɪ-	𐑮𐑦-	riːmatɪk	𐑮𐑰𐑥𐑨𐑑𐑦𐑒	89
fragment	rhematic	NN1	GenAm	ri-	𐑮𐑦-	rəˈmætɪk	𐑮𐑩𐑥𐑨𐑑𐑦𐑒	89
fragment	rhematic	NN1	GenAm	-ˈmætɪk	-𐑥𐑨𐑑𐑦𐑒	rəˈmætɪk	𐑮𐑩𐑥𐑨𐑑𐑦𐑒	1
fragment	rhematic	AJ0	RSSB	rɪ-	𐑮𐑦-	riːmatɪk	𐑮𐑰𐑥𐑨𐑑𐑦𐑒	89
fragment	rhematic	AJ0	GenAm	ri-	𐑮𐑦-	rəˈmætɪk	𐑮𐑩𐑥𐑨𐑑𐑦𐑒	89
fragment	rhematic	AJ0	GenAm	-ˈmætɪk	-𐑥𐑨𐑑𐑦𐑒	rəˈmætɪk	𐑮𐑩𐑥𐑨𐑑𐑦𐑒	1
fragment	rheostat	NN1	RSSB	-stæt	-𐑕𐑑𐑨𐑑	riːəstat	𐑮𐑰𐑩𐑕𐑑𐑨𐑑	1
fragment	rheostat	NN1	RSSB	-əʊ-	-𐑴-	riːəstat	𐑮𐑰𐑩𐑕𐑑𐑨𐑑	1
fragment	rheostat	NN1	GenAm	-oʊ-	-𐑴-	ˈriəstæt	𐑮𐑦𐑩𐑕𐑑𐑨𐑑	1
fragment	rhombicosidodecahedra	NN1	RSSB	rɒmbɪ-	𐑮𐑪𐑥𐑚𐑦-	rɒmbaɪkəʊsidəʊdekəhiːdrə	𐑮𐑪𐑥𐑚𐑲𐑒𐑴𐑕𐑦𐑛𐑴𐑛𐑧𐑒𐑩𐑣𐑰𐑛𐑮𐑩	30
fragment	rhombicosidodecahedra	NN1	GenAm	ˌrɒmbaɪ-	𐑮𐑪𐑥𐑚𐑲-	ˌrɒmbɪˌkoʊsiˌdoʊdekəˈhidrə	𐑮𐑪𐑥𐑚𐑦𐑒𐑴𐑕𐑦𐑛𐑴𐑛𐑧𐑒𐑩𐑣𐑦𐑛𐑮𐑩	30
fragment	rhombicosidodecahedron	NN1	RSSB	rɒmbɪ-	𐑮𐑪𐑥𐑚𐑦-	rɒmbaɪkəʊsidəʊdekəhiːdrən	𐑮𐑪𐑥𐑚𐑲𐑒𐑴𐑕𐑦𐑛𐑴𐑛𐑧𐑒𐑩𐑣𐑰𐑛𐑮𐑩𐑯	30
fragment	rhombicosidodecahedron	NN1	GenAm	ˌrɒmbə-	𐑮𐑪𐑥𐑚𐑩-	ˌrɒmbaɪˌkoʊsidoʊˌdekəˈhidrən	𐑮𐑪𐑥𐑚𐑲𐑒𐑴𐑕𐑦𐑛𐑴𐑛𐑧𐑒𐑩𐑣𐑦𐑛𐑮𐑩𐑯	30
fragment	riparial	AJ0	RSSB	rɪ-	𐑮𐑦-	raɪpeəriəl	𐑮𐑲𐑐𐑺𐑦𐑩𐑤	30
fragment	riparial	AJ0	GenAm	rɪˈ-	𐑮𐑦-	raɪˈperiəl	𐑮𐑲𐑐𐑧𐑮𐑦𐑩𐑤	30
fragment	riparious	AJ0	RSSB	raɪ-	𐑮𐑲-	rɪpeəriəs	𐑮𐑦𐑐𐑺𐑦𐑩𐑕	30
fragment	riparious	AJ0	GenAm	raɪˈ-	𐑮𐑲-	rɪˈperiəs	𐑮𐑦𐑐𐑧𐑮𐑦𐑩𐑕	30
fragment	riparium	NN1	RSSB	raɪ-	𐑮𐑲-	rɪpeəriəm	𐑮𐑦𐑐𐑺𐑦𐑩𐑥	30
fragment	riparium	NN1	GenAm	raɪˈ-	𐑮𐑲-	rəˈperiəm	𐑮𐑩𐑐𐑧𐑮𐑦𐑩𐑥	30
fragment	risqué	AJ0	RSSB	riː-	𐑮𐑰-	rɪskeɪ	𐑮𐑦𐑕𐑒𐑱	89
fragment	risqué	AJ0	GenAm	rɪ-	𐑮𐑦-	rəˈskeɪ	𐑮𐑩𐑕𐑒𐑱	89
fragment	risquée	AJ0	RSSB	riː-	𐑮𐑰-	rɪskeɪ	𐑮𐑦𐑕𐑒𐑱	89
fragment	risquée	AJ0	GenAm	rɪ-	𐑮𐑦-	rəˈskeɪ	𐑮𐑩𐑕𐑒𐑱	89
fragment	rite of passage	NN1	GenAm	ˌraɪtəv-	𐑮𐑲𐑑𐑩𐑝-	ˌraɪtəv ˈpæsɪdʒ	𐑮𐑲𐑑𐑩𐑝 𐑐𐑨𐑕𐑦𐑡	89
fragment	robosexual	AJ0	RSSB	rəʊbə-	𐑮𐑴𐑚𐑩-	rəʊbəʊsekʃuːəl	𐑮𐑴𐑚𐑴𐑕𐑧𐑒𐑖𐑵𐑩𐑤	89
fragment	robosexual	AJ0	GenAm	roʊbə-	𐑮𐑴𐑚𐑩-	ˌroʊboʊˈsekʃuəl	𐑮𐑴𐑚𐑴𐑕𐑧𐑒𐑖𐑫𐑩𐑤	89
fragment	robosexual	NN1	RSSB	rəʊbə-	𐑮𐑴𐑚𐑩-	rəʊbəʊsekʃuːəl	𐑮𐑴𐑚𐑴𐑕𐑧𐑒𐑖𐑵𐑩𐑤	89
fragment	robosexual	NN1	GenAm	roʊbə-	𐑮𐑴𐑚𐑩-	ˌroʊboʊˈsekʃuəl	𐑮𐑴𐑚𐑴𐑕𐑧𐑒𐑖𐑫𐑩𐑤	89
fragment	rock salmon	NN1	RSSB	rɔːk-	𐑮𐑷𐑒-	rɒk samən	𐑮𐑪𐑒 𐑕𐑨𐑥𐑩𐑯	89
fragment	rock salmon	NN1	RSSB	-sæmən	-𐑕𐑨𐑥𐑩𐑯	rɒk samən	𐑮𐑪𐑒 𐑕𐑨𐑥𐑩𐑯	1
fragment	Rollins	NP0	GenAm	ˈrɒ-	𐑮𐑪-	ˈroʊlɪn	𐑮𐑴𐑤𐑦𐑯	89
fragment	Rollinson	NP0	GenAm	ˈrɒ-	𐑮𐑪-	ˈroʊlɪnsən	𐑮𐑴𐑤𐑦𐑯𐑕𐑩𐑯	89
fragment	romantic	AJ0	GenAm	rə-	𐑮𐑩-	roʊˈmæntɪk	𐑮𐑴𐑥𐑨𐑯𐑑𐑦𐑒	89
fragment	romantic	AJ0	RSSB	rə-	𐑮𐑩-	rəʊmæntɪk	𐑮𐑴𐑥𐑨𐑯𐑑𐑦𐑒	89
fragment	romantic	AJ0	GenAm	-mæt̃ɪk	-𐑥𐑨𐑑̃𐑦𐑒	roʊˈmæntɪk	𐑮𐑴𐑥𐑨𐑯𐑑𐑦𐑒	1
fragment	romantic	AJ0	GenAm	-meəntɪk	-𐑥𐑺𐑯𐑑𐑦𐑒	roʊˈmæntɪk	𐑮𐑴𐑥𐑨𐑯𐑑𐑦𐑒	30
fragment	romantic	AJ0	GenAm	-meət̃ɪk	-𐑥𐑺𐑑̃𐑦𐑒	roʊˈmæntɪk	𐑮𐑴𐑥𐑨𐑯𐑑𐑦𐑒	1
fragment	romantic	NN1	GenAm	rə-	𐑮𐑩-	roʊˈmæntɪk	𐑮𐑴𐑥𐑨𐑯𐑑𐑦𐑒	89
fragment	romantic	NN1	RSSB	rə-	𐑮𐑩-	rəʊmæntɪk	𐑮𐑴𐑥𐑨𐑯𐑑𐑦𐑒	89
fragment	romantic	NN1	GenAm	-mæt̃ɪk	-𐑥𐑨𐑑̃𐑦𐑒	roʊˈmæntɪk	𐑮𐑴𐑥𐑨𐑯𐑑𐑦𐑒	1
fragment	romantic	NN1	GenAm	-meəntɪk	-𐑥𐑺𐑯𐑑𐑦𐑒	roʊˈmæntɪk	𐑮𐑴𐑥𐑨𐑯𐑑𐑦𐑒	30
fragment	romantic	NN1	GenAm	-meət̃ɪk	-𐑥𐑺𐑑̃𐑦𐑒	roʊˈmæntɪk	𐑮𐑴𐑥𐑨𐑯𐑑𐑦𐑒	1
fragment	roofstone	NN1	RSSB	rʊf-	𐑮𐑫𐑓-	ruːfstəʊn	𐑮𐑵𐑓𐑕𐑑𐑴𐑯	89
fragment	roofstone	NN1	GenAm	ˈrʊf-	𐑮𐑫𐑓-	ˈrufˌstoʊn	𐑮𐑫𐑓𐑕𐑑𐑴𐑯	89
fragment	rootin' tootin'	AJ0	GenAm	ˈrʊt-	𐑮𐑫𐑑-	ˈrutən ˈtutən	𐑮𐑫𐑑𐑩𐑯 𐑑𐑫𐑑𐑩𐑯	89
fragment	Roseland	NP0	GenAm	-lænd	-𐑤𐑨𐑯𐑛	ˈroʊzlənd	𐑮𐑴𐑟𐑤𐑩𐑯𐑛	1
fragment	rosemaled	AJ0	RSSB	-sə-	-𐑕𐑩-	rəʊzəmɑːld	𐑮𐑴𐑟𐑩𐑥𐑭𐑤𐑛	1
fragment	rosemaled	AJ0	RSSB	-mɔːld	-𐑥𐑷𐑤𐑛	rəʊzəmɑːld	𐑮𐑴𐑟𐑩𐑥𐑭𐑤𐑛	1
fragment	rosemaler	NN1	RSSB	-səR-	-𐑕𐑼-	rəʊzəmɑːləR	𐑮𐑴𐑟𐑩𐑥𐑭𐑤𐑼	30
fragment	rosemaler	NN1	RSSB	-mɔː-	-𐑥𐑷-	rəʊzəmɑːləR	𐑮𐑴𐑟𐑩𐑥𐑭𐑤𐑼	1
fragment	rosemaling	NN1	RSSB	-sə-	-𐑕𐑩-	rəʊzəmɑːlɪŋ	𐑮𐑴𐑟𐑩𐑥𐑭𐑤𐑦𐑙	1
fragment	rosemaling	NN1	RSSB	-mɔː-	-𐑥𐑷-	rəʊzəmɑːlɪŋ	𐑮𐑴𐑟𐑩𐑥𐑭𐑤𐑦𐑙	1
fragment	rostrum	NN1	GenAm	ˈrɒs-	𐑮𐑪𐑕-	ˈrɒstrəm	𐑮𐑪𐑕𐑑𐑮𐑩𐑥	30
fragment	rota	NN1	GenAm	-tə	-𐑑𐑩	ˈroʊtə	𐑮𐑴𐑑𐑩	1
fragment	rota Fortunae	NP0	GenAm	-tə	-𐑑𐑩	ˌroʊtə ˈfortʃuni	𐑮𐑴𐑑𐑩 𐑓𐑪𐑮𐑗𐑫𐑯𐑦	1
fragment	roti prata	NN1	RSSB	rəʊ-	𐑮𐑴-	rɒti prɑːtə	𐑮𐑪𐑑𐑦 𐑐𐑮𐑭𐑑𐑩	30
fragment	rotten borough	NN1	GenAm	-ˈbɜ-	-𐑚ɜ-	ˌrɒtən ˈbʌroʊ	𐑮𐑪𐑑𐑩𐑯 𐑚𐑳𐑮𐑴	1
fragment	rotten borough	NN1	GenAm	ˌrɒʔən-	𐑮𐑪ʔ𐑩𐑯-	ˌrɒtən ˈbʌroʊ	𐑮𐑪𐑑𐑩𐑯 𐑚𐑳𐑮𐑴	1
fragment	round tuit	NN1	GenAm	-ət	-𐑩𐑑	raʊnd ˈtuɪt	𐑮𐑬𐑯𐑛 𐑑𐑫𐑦𐑑	1
fragment	royal burgh	NN1	GenAm	-ˈbɜːRɡ	-𐑚𐑻𐑜	ˌrɔɪəl ˈbɜːRoʊ	𐑮𐑶𐑩𐑤 𐑚𐑻𐑴	30
fragment	rubbage	NN1	GenAm	ˈrə-	𐑮𐑩-	ˈrʌbɪdʒ	𐑮𐑳𐑚𐑦𐑡	89
fragment	Rubicon	NP0	RSSB	-kən	-𐑒𐑩𐑯	ruːbɪkɒn	𐑮𐑵𐑚𐑦𐑒𐑪𐑯	1
fragment	Rubicon	NN1	RSSB	-kən	-𐑒𐑩𐑯	ruːbɪkɒn	𐑮𐑵𐑚𐑦𐑒𐑪𐑯	1
fragment	rubicon	NN1	RSSB	-kən	-𐑒𐑩𐑯	ruːbɪkɒn	𐑮𐑵𐑚𐑦𐑒𐑪𐑯	1
fragment	rubicon	VVI	RSSB	-kən	-𐑒𐑩𐑯	ruːbɪkɒn	𐑮𐑵𐑚𐑦𐑒𐑪𐑯	1
fragment	rupee	NN1	RSSB	rʊ-	𐑮𐑫-	ruːpiː	𐑮𐑵𐑐𐑰	89
fragment	rutilant	AJ0	RSSB	-tə-	-𐑑𐑩-	ruːtɪlənt	𐑮𐑵𐑑𐑦𐑤𐑩𐑯𐑑	1
fragment	rutilant	AJ0	GenAm	-tə-	-𐑑𐑩-	ˈrutələnt	𐑮𐑫𐑑𐑩𐑤𐑩𐑯𐑑	1
fragment	saccharine	AJ0	RSSB	-rɪn	-𐑮𐑦𐑯	sækəraɪn	𐑕𐑨𐑒𐑼𐑲𐑯	89
fragment	saccharine	AJ0	RSSB	-riːn	-𐑮𐑰𐑯	sækəraɪn	𐑕𐑨𐑒𐑼𐑲𐑯	89
fragment	saccharine	AJ0	GenAm	-rən	-𐑮𐑩𐑯	ˈsækrɪn	𐑕𐑨𐑒𐑮𐑦𐑯	89
fragment	saccharine	NN1	RSSB	-rɪn	-𐑮𐑦𐑯	sækəraɪn	𐑕𐑨𐑒𐑼𐑲𐑯	89
fragment	saccharine	NN1	RSSB	-riːn	-𐑮𐑰𐑯	sækəraɪn	𐑕𐑨𐑒𐑼𐑲𐑯	89
fragment	saccharine	NN1	GenAm	-rən	-𐑮𐑩𐑯	ˈsækrɪn	𐑕𐑨𐑒𐑮𐑦𐑯	89
fragment	sacrifice	NN1	RSSB	-faɪz	-𐑓𐑲𐑟	sækrɪfaɪs	𐑕𐑨𐑒𐑮𐑦𐑓𐑲𐑕	1
fragment	sacrifice	VVI	RSSB	-faɪz	-𐑓𐑲𐑟	sækrɪfaɪs	𐑕𐑨𐑒𐑮𐑦𐑓𐑲𐑕	1
fragment	saeter	NN1	RSSB	se-	𐑕𐑧-	seɪtəR	𐑕𐑱𐑑𐑼	1
fragment	saeter	NN1	GenAm	ˈse-	𐑕𐑧-	ˈseɪtəR	𐑕𐑱𐑑𐑼	1
fragment	saeter	NN1	GenAm	-təR	-𐑑𐑼	ˈseɪtəR	𐑕𐑱𐑑𐑼	89
fragment	Saint-Simonian	NN1	RSSB	-sɪˈ-	-𐑕𐑦-	ˌseɪntˌsaɪˈməʊniən	𐑕𐑱𐑯𐑑𐑕𐑲𐑥𐑴𐑯𐑦𐑩𐑯	89
fragment	Saint-Simonian	NN1	GenAm	-sɪˈ-	-𐑕𐑦-	ˌseɪntˌsaɪˈmoʊniən	𐑕𐑱𐑯𐑑𐑕𐑲𐑥𐑴𐑯𐑦𐑩𐑯	89
fragment	Salisbury	NP0	GenAm	ˈsɒlz-	𐑕𐑪𐑤𐑟-	ˈsɒlzberi	𐑕𐑪𐑤𐑟𐑚𐑧𐑮𐑦	1
fragment	Salisbury	NP0	GenAm	-bəri	-𐑚𐑼𐑦	ˈsɒlzberi	𐑕𐑪𐑤𐑟𐑚𐑧𐑮𐑦	89
fragment	salmacian	NN1	RSSB	-si-	-𐑕𐑦-	sælˈmeɪʃiən	𐑕𐑨𐑤𐑥𐑱𐑖𐑦𐑩𐑯	89
fragment	salmacian	AJ0	RSSB	-si-	-𐑕𐑦-	sælˈmeɪʃiən	𐑕𐑨𐑤𐑥𐑱𐑖𐑦𐑩𐑯	89
fragment	salonnière	NN1	GenAm	-lɒn-	-𐑤𐑪𐑯-	sælɒnˈjer	𐑕𐑨𐑤𐑪𐑯𐑘𐑧𐑮	1
fragment	saltant	AJ0	GenAm	ˈsɒl-	𐑕𐑪𐑤-	ˈsæltənt	𐑕𐑨𐑤𐑑𐑩𐑯𐑑	89
fragment	saltate	VVI	GenAm	ˈsɒlˌ-	𐑕𐑪𐑤-	ˈsælˌteɪt	𐑕𐑨𐑤𐑑𐑱𐑑	89
fragment	saltation	NN1	GenAm	sɒlˈ-	𐑕𐑪𐑤-	sælˈteɪʃən	𐑕𐑨𐑤𐑑𐑱𐑖𐑩𐑯	89
fragment	saltatorial	AJ0	GenAm	ˌsɒl-	𐑕𐑪𐑤-	ˌsæltəˈtɔːRiəl	𐑕𐑨𐑤𐑑𐑩𐑑𐑹𐑦𐑩𐑤	1
fragment	saltatory	AJ0	GenAm	ˈsɒl-	𐑕𐑪𐑤-	ˈsæltəˌtɔːRi	𐑕𐑨𐑤𐑑𐑩𐑑𐑹𐑦	1
fragment	saltire	NN1	RSSB	sɔːl-	𐑕𐑷𐑤-	sæltaɪəR	𐑕𐑨𐑤𐑑𐑲𐑼	1
fragment	sangoma	NN1	RSSB	-ˈɡɔː-	-𐑜𐑷-	sæŋˈɡəʊmə	𐑕𐑨𐑙𐑜𐑴𐑥𐑩	89
fragment	sangoma	NN1	GenAm	-ˈɡɒ-	-𐑜𐑪-	sæŋˈɡoʊmə	𐑕𐑨𐑙𐑜𐑴𐑥𐑩	89
fragment	Sanskritization	NN1	RSSB	sæn-	𐑕𐑨𐑯-	sɑːnskrɪtɪzeɪʃən	𐑕𐑭𐑯𐑕𐑒𐑮𐑦𐑑𐑦𐑟𐑱𐑖𐑩𐑯	1
fragment	Sanskritize	VVI	RSSB	sæn-	𐑕𐑨𐑯-	sɑːnskrɪtaɪz	𐑕𐑭𐑯𐑕𐑒𐑮𐑦𐑑𐑲𐑟	1
fragment	sapient	AJ0	GenAm	ˈsæ-	𐑕𐑨-	ˈseɪpiənt	𐑕𐑱𐑐𐑦𐑩𐑯𐑑	89
fragment	sapient	NN1	GenAm	ˈsæ-	𐑕𐑨-	ˈseɪpiənt	𐑕𐑱𐑐𐑦𐑩𐑯𐑑	89
fragment	sarcophagi	NN1	RSSB	-dʒaɪ	-𐑡𐑲	sɑːRkɒfəɡaɪ	𐑕𐑸𐑒𐑪𐑓𐑩𐑜𐑲	1
fragment	sarcophagi	NN1	GenAm	-dʒaɪ	-𐑡𐑲	sɑːRˈkɒfəɡaɪ	𐑕𐑸𐑒𐑪𐑓𐑩𐑜𐑲	1
fragment	Saskatonian	NN1	RSSB	ˌsas-	𐑕𐑨𐑕-	ˌsæskəˈtəʊniːən	𐑕𐑨𐑕𐑒𐑩𐑑𐑴𐑯𐑰𐑩𐑯	89
fragment	Saskatonian	AJ0	RSSB	ˌsas-	𐑕𐑨𐑕-	ˌsæskəˈtəʊniːən	𐑕𐑨𐑕𐑒𐑩𐑑𐑴𐑯𐑰𐑩𐑯	89
fragment	satori	NN1	RSSB	sæ-	𐑕𐑨-	sətɔːri	𐑕𐑩𐑑𐑹𐑦	1
fragment	saturnine	AJ0	RSSB	-nɪn	-𐑯𐑦𐑯	sætəRnaɪn	𐑕𐑨𐑑𐑼𐑯𐑲𐑯	1
fragment	saturnine	AJ0	GenAm	-ˌnin	-𐑯𐑦𐑯	ˈsætəRˌnaɪn	𐑕𐑨𐑑𐑼𐑯𐑲𐑯	1
fragment	saturnine	AJ0	GenAm	-təR-	-𐑑𐑼-	ˈsætəRˌnaɪn	𐑕𐑨𐑑𐑼𐑯𐑲𐑯	89
fragment	satyrization	NN1	RSSB	-rə-	-𐑮𐑩-	sætəraɪzeɪʃən	𐑕𐑨𐑑𐑼𐑲𐑟𐑱𐑖𐑩𐑯	89
fragment	satyrization	NN1	GenAm	-rə-	-𐑮𐑩-	ˌseɪtəraɪˈzeɪʃən	𐑕𐑱𐑑𐑼𐑲𐑟𐑱𐑖𐑩𐑯	89
fragment	satyrization	NN1	RSSB	-rɪ-	-𐑮𐑦-	sætəraɪzeɪʃən	𐑕𐑨𐑑𐑼𐑲𐑟𐑱𐑖𐑩𐑯	89
fragment	satyrization	NN1	GenAm	-rɪ-	-𐑮𐑦-	ˌseɪtəraɪˈzeɪʃən	𐑕𐑱𐑑𐑼𐑲𐑟𐑱𐑖𐑩𐑯	89
fragment	satyrization	NN1	GenAm	-tə-	-𐑑𐑩-	ˌseɪtəraɪˈzeɪʃən	𐑕𐑱𐑑𐑼𐑲𐑟𐑱𐑖𐑩𐑯	1
fragment	Saussure	NP0	RSSB	-sjɔː	-𐑕𐑘𐑷	səʊsjəəR	𐑕𐑴𐑕𐑘𐑩𐑼	1
fragment	Saussure	NP0	RSSB	-sjyəR	-𐑕𐑘𐑘𐑼	səʊsjəəR	𐑕𐑴𐑕𐑘𐑩𐑼	89
fragment	Saussure	NP0	GenAm	-ˈsjyr	-𐑕𐑘𐑘𐑮	soʊˈsjər	𐑕𐑴𐑕𐑘𐑼	89
fragment	scabrous	AJ0	RSSB	ska-	𐑕𐑒𐑨-	skeɪbrəs	𐑕𐑒𐑱𐑚𐑮𐑩𐑕	1
fragment	scabrous	AJ0	GenAm	ˈskeɪ-	𐑕𐑒𐑱-	ˈskæbrəs	𐑕𐑒𐑨𐑚𐑮𐑩𐑕	1
fragment	scherzo	NN1	RSSB	skɜːRt-	𐑕𐑒𐑻𐑑-	skeəRtsəʊ	𐑕𐑒𐑺𐑑𐑕𐑴	89
fragment	schizobiont	NN1	RSSB	-sə-	-𐑕𐑩-	ˌskɪtsəʊˈbaɪɒnt	𐑕𐑒𐑦𐑑𐑕𐑴𐑚𐑲𐑪𐑯𐑑	89
fragment	schlubby	AJ0	GenAm	ˈʃlə-	𐑖𐑤𐑩-	ˈʃlʌbi	𐑖𐑤𐑳𐑚𐑦	89
fragment	Schröderization	NN1	RSSB	-rɪ-	-𐑮𐑦-	ʃrɜːRdəraɪzeɪʃən	𐑖𐑮𐑻𐑛𐑼𐑲𐑟𐑱𐑖𐑩𐑯	30
fragment	Schröderization	NN1	GenAm	-rə-	-𐑮𐑩-	ˌʃrɜːdəraɪˈzeɪʃən	𐑖𐑮𐑻𐑛𐑼𐑲𐑟𐑱𐑖𐑩𐑯	30
fragment	scleraxonian	NN1	RSSB	sklɪərək-	𐑕𐑒𐑤𐑽𐑩𐑒-	skleərəRksəʊniən	𐑕𐑒𐑤𐑺𐑼𐑒𐑕𐑴𐑯𐑦𐑩𐑯	89
fragment	scorpion	NN1	RSSB	-pɪən	-𐑐𐑾𐑯	skɔːRpiən	𐑕𐑒𐑹𐑐𐑦𐑩𐑯	1
fragment	scrimshaw	VVI	GenAm	-ˌʃɒ	-𐑖𐑪	ˈskrɪmˌʃɒ	𐑕𐑒𐑮𐑦𐑥𐑖𐑪	1
fragment	scrimshaw	NN1	GenAm	-ˌʃɒ	-𐑖𐑪	ˈskrɪmˌʃɒ	𐑕𐑒𐑮𐑦𐑥𐑖𐑪	1
fragment	scuttlebutt	NN1	GenAm	-təl-	-𐑑𐑩𐑤-	ˈskʌtəlˌbʌt	𐑕𐑒𐑳𐑑𐑩𐑤𐑚𐑳𐑑	89
fragment	scuttlebutt	VVI	GenAm	-təl-	-𐑑𐑩𐑤-	ˈskʌtəlˌbʌt	𐑕𐑒𐑳𐑑𐑩𐑤𐑚𐑳𐑑	89
fragment	Seattle	NP0	GenAm	-tl	-𐑑𐑤			89
fragment	secern	VVI	RSSB	sə-	𐑕𐑩-	sɪsɜːRn	𐑕𐑦𐑕𐑻𐑯	1
fragment	security service	NN1	RSSB	sɪkjɔː-	𐑕𐑦𐑒𐑘𐑷-	sɪkjəəRɪtiː sɜːRvɪs	𐑕𐑦𐑒𐑘𐑩𐑼𐑦𐑑𐑰 𐑕𐑻𐑝𐑦𐑕	1
fragment	sedulous	AJ0	RSSB	ˈsedjə-	𐑕𐑧𐑛𐑘𐑩-	ˈsedʒʊləs	𐑕𐑧𐑡𐑫𐑤𐑩𐑕	89
fragment	semi-solid	AJ0	RSSB	-ˈsɔːlƏd	-𐑕𐑷𐑤𐑩𐑛	ˌsemiːˈsɒlƏd	𐑕𐑧𐑥𐑰𐑕𐑪𐑤𐑩𐑛	89
fragment	semi-solid	AJ0	RSSB	ˌsemaɪ-	𐑕𐑧𐑥𐑲-	ˌsemiːˈsɒlƏd	𐑕𐑧𐑥𐑰𐑕𐑪𐑤𐑩𐑛	89
fragment	semi-solid	AJ0	GenAm	ˌsemaɪ-	𐑕𐑧𐑥𐑲-	ˌsemiˈsɒlƏd	𐑕𐑧𐑥𐑦𐑕𐑪𐑤𐑩𐑛	89
fragment	semi-solid	AJ0	GenAm	-ˈsɒlƏd	-𐑕𐑪𐑤𐑩𐑛	ˌsemiˈsɒlƏd	𐑕𐑧𐑥𐑦𐑕𐑪𐑤𐑩𐑛	89
fragment	semi-solid	NN1	RSSB	-ˈsɔːlƏd	-𐑕𐑷𐑤𐑩𐑛	ˌsemiːˈsɒlƏd	𐑕𐑧𐑥𐑰𐑕𐑪𐑤𐑩𐑛	89
fragment	semi-solid	NN1	RSSB	ˌsemaɪ-	𐑕𐑧𐑥𐑲-	ˌsemiːˈsɒlƏd	𐑕𐑧𐑥𐑰𐑕𐑪𐑤𐑩𐑛	89
fragment	semi-solid	NN1	GenAm	ˌsemaɪ-	𐑕𐑧𐑥𐑲-	ˌsemiˈsɒlƏd	𐑕𐑧𐑥𐑦𐑕𐑪𐑤𐑩𐑛	89
fragment	semi-solid	NN1	GenAm	-ˈsɒlƏd	-𐑕𐑪𐑤𐑩𐑛	ˌsemiˈsɒlƏd	𐑕𐑧𐑥𐑦𐑕𐑪𐑤𐑩𐑛	89
fragment	semicolon	NN1	RSSB	-ˈkəʊlɒn	-𐑒𐑴𐑤𐑪𐑯	ˌsemiˈkəʊlən	𐑕𐑧𐑥𐑦𐑒𐑴𐑤𐑩𐑯	89
fragment	sengi	NN1	RSSB	-ɡiː	-𐑜𐑰	ˈseŋɡi	𐑕𐑧𐑙𐑜𐑦	89
fragment	sennight	NN1	RSSB	-nɪt	-𐑯𐑦𐑑	ˈsenaɪt	𐑕𐑧𐑯𐑲𐑑	89
fragment	sensibilities	NN1	GenAm	-ti	-𐑑𐑦	ˌsentsəˈbɪlətiz	𐑕𐑧𐑯𐑑𐑕𐑩𐑚𐑦𐑤𐑩𐑑𐑦𐑟	89
fragment	sensibility	NN1	GenAm	-ti	-𐑑𐑦	ˌsentsəˈbɪləti	𐑕𐑧𐑯𐑑𐑕𐑩𐑚𐑦𐑤𐑩𐑑𐑦	89
fragment	sensical	AJ0	GenAm	-sə-	-𐑕𐑩-	ˈsensɪkəl	𐑕𐑧𐑯𐑕𐑦𐑒𐑩𐑤	89
fragment	seppuku	NN1	GenAm	ˈsepə-	𐑕𐑧𐑐𐑩-	ˈsepuˌku	𐑕𐑧𐑐𐑫𐑒𐑫	89
fragment	seppuku	NN1	GenAm	seˈpu-	𐑕𐑧𐑐𐑫-	ˈsepuˌku	𐑕𐑧𐑐𐑫𐑒𐑫	89
fragment	seppuku	NN1	GenAm	səˈpu-	𐑕𐑩𐑐𐑫-	ˈsepuˌku	𐑕𐑧𐑐𐑫𐑒𐑫	89
fragment	sequela	NN1	RSSB	-ˈkwe-	-𐑒𐑢𐑧-	sɪˈkwiːlə	𐑕𐑦𐑒𐑢𐑰𐑤𐑩	89
fragment	sequela	NN1	GenAm	-ˈkwi-	-𐑒𐑢𐑦-	sɪˈkwelə	𐑕𐑦𐑒𐑢𐑧𐑤𐑩	89
fragment	sequelae	NN1	RSSB	-ˈkwe-	-𐑒𐑢𐑧-	sɪˈkwiːliː	𐑕𐑦𐑒𐑢𐑰𐑤𐑰	89
fragment	sequelae	NN1	GenAm	-ˈkwi-	-𐑒𐑢𐑦-	sɪˈkweliː	𐑕𐑦𐑒𐑢𐑧𐑤𐑰	89
fragment	Sequoyah	NP0	GenAm	sɪ-	𐑕𐑦-	səˈkwɔɪə	𐑕𐑩𐑒𐑢𐑶𐑩	89
fragment	sericulture	NN1	RSSB	sɪərɪ-	𐑕𐑽𐑦-	serɪkʌltʃəR	𐑕𐑧𐑮𐑦𐑒𐑳𐑤𐑗𐑼	30
fragment	serotinal	AJ0	RSSB	-rəʊ-	-𐑮𐑴-	sɪrɒtɪnəl	𐑕𐑦𐑮𐑪𐑑𐑦𐑯𐑩𐑤	89
fragment	serotine	NN1	RSSB	-tɪn	-𐑑𐑦𐑯	serəRtaɪn	𐑕𐑧𐑮𐑼𐑑𐑲𐑯	1
fragment	serotine	NN1	GenAm	-ˌtin	-𐑑𐑦𐑯	ˈserətɪn	𐑕𐑧𐑮𐑩𐑑𐑦𐑯	1
fragment	serotine	NN1	GenAm	-ˌtaɪn	-𐑑𐑲𐑯	ˈserətɪn	𐑕𐑧𐑮𐑩𐑑𐑦𐑯	1
fragment	serotine	AJ0	RSSB	-tɪn	-𐑑𐑦𐑯	serəRtaɪn	𐑕𐑧𐑮𐑼𐑑𐑲𐑯	1
fragment	serotine	AJ0	GenAm	-ˌtin	-𐑑𐑦𐑯	ˈserətɪn	𐑕𐑧𐑮𐑩𐑑𐑦𐑯	1
fragment	serotine	AJ0	GenAm	-ˌtaɪn	-𐑑𐑲𐑯	ˈserətɪn	𐑕𐑧𐑮𐑩𐑑𐑦𐑯	1
fragment	service dog	NN1	GenAm	-ˌdɒɡ	-𐑛𐑪𐑜	ˈsɜrvɪs ˌdɒɡ	𐑕ɜ𐑮𐑝𐑦𐑕 𐑛𐑪𐑜	1
fragment	servitude	NN1	RSSB	-tjuːd	-𐑑𐑿𐑛	sɜːRvɪtʃuːd	𐑕𐑻𐑝𐑦𐑗𐑵𐑛	1
fragment	sesquioctave	NN1	RSSB	-ˈɒkteɪv	-𐑪𐑒𐑑𐑱𐑝	ˌseskwiˈɒktɪv	𐑕𐑧𐑕𐑒𐑢𐑦𐑪𐑒𐑑𐑦𐑝	89
fragment	set out one's stall	VVI	GenAm	-ˈstɒl	-𐑕𐑑𐑪𐑤	ˌsetaʊt wʌnz ˈstɒl	𐑕𐑧𐑑𐑬𐑑 𐑢𐑳𐑯𐑟 𐑕𐑑𐑪𐑤	89
fragment	setter	NN1	GenAm	-təR	-𐑑𐑼	ˈsetəR	𐑕𐑧𐑑𐑼	89
fragment	setter	VVI	GenAm	-təR	-𐑑𐑼	ˈsetəR	𐑕𐑧𐑑𐑼	89
fragment	sextuple	NN1	RSSB	-ˈstju-	-𐑕𐑑𐑘𐑫-	sekˈstʃuːpəl	𐑕𐑧𐑒𐑕𐑗𐑵𐑐𐑩𐑤	89
fragment	sextuple	NN1	RSSB	-stjəpəl	-𐑕𐑑𐑘𐑩𐑐𐑩𐑤	sekˈstʃuːpəl	𐑕𐑧𐑒𐑕𐑗𐑵𐑐𐑩𐑤	89
fragment	sextuple	NN1	GenAm	-ˈtu-	-𐑑𐑫-	seksˈtʌpəl	𐑕𐑧𐑒𐑕𐑑𐑳𐑐𐑩𐑤	89
fragment	sextuple	NN1	GenAm	-ˈstu-	-𐑕𐑑𐑫-	seksˈtʌpəl	𐑕𐑧𐑒𐑕𐑑𐑳𐑐𐑩𐑤	89
fragment	sextuple	AJ0	RSSB	-ˈstju-	-𐑕𐑑𐑘𐑫-	sekˈstʃuːpəl	𐑕𐑧𐑒𐑕𐑗𐑵𐑐𐑩𐑤	89
fragment	sextuple	AJ0	RSSB	-stjəpəl	-𐑕𐑑𐑘𐑩𐑐𐑩𐑤	sekˈstʃuːpəl	𐑕𐑧𐑒𐑕𐑗𐑵𐑐𐑩𐑤	89
fragment	sextuple	AJ0	GenAm	-ˈtu-	-𐑑𐑫-	seksˈtʌpəl	𐑕𐑧𐑒𐑕𐑑𐑳𐑐𐑩𐑤	89
fragment	sextuple	AJ0	GenAm	-ˈstu-	-𐑕𐑑𐑫-	seksˈtʌpəl	𐑕𐑧𐑒𐑕𐑑𐑳𐑐𐑩𐑤	89
fragment	sextuple	VVI	RSSB	-ˈstju-	-𐑕𐑑𐑘𐑫-	sekˈstʃuːpəl	𐑕𐑧𐑒𐑕𐑗𐑵𐑐𐑩𐑤	89
fragment	sextuple	VVI	RSSB	-stjəpəl	-𐑕𐑑𐑘𐑩𐑐𐑩𐑤	sekˈstʃuːpəl	𐑕𐑧𐑒𐑕𐑗𐑵𐑐𐑩𐑤	89
fragment	sextuple	VVI	GenAm	-ˈtu-	-𐑑𐑫-	seksˈtʌpəl	𐑕𐑧𐑒𐑕𐑑𐑳𐑐𐑩𐑤	89
fragment	sextuple	VVI	GenAm	-ˈstu-	-𐑕𐑑𐑫-	seksˈtʌpəl	𐑕𐑧𐑒𐑕𐑑𐑳𐑐𐑩𐑤	89
fragment	shanti	ITJ	GenAm	-ti	-𐑑𐑦	ʃɒnti	𐑖𐑪𐑯𐑑𐑦	89
fragment	shanti	NN1	GenAm	-ti	-𐑑𐑦	ʃɒnti	𐑖𐑪𐑯𐑑𐑦	89
fragment	shenanigans	NN1	GenAm	-ɡənz	-𐑜𐑩𐑯𐑟	ʃəˈnænəɡɪnz	𐑖𐑩𐑯𐑨𐑯𐑩𐑜𐑦𐑯𐑟	89
fragment	shenanigans	VVI	GenAm	-ɡənz	-𐑜𐑩𐑯𐑟	ʃəˈnænəɡɪnz	𐑖𐑩𐑯𐑨𐑯𐑩𐑜𐑦𐑯𐑟	89
fragment	Shenstone	NP0	GenAm	-stən	-𐑕𐑑𐑩𐑯	ˈʃenˌstoʊn	𐑖𐑧𐑯𐑕𐑑𐑴𐑯	89
fragment	ship in a bottle	NN1	GenAm	-təl	-𐑑𐑩𐑤	ˌʃɪp ɪn ə ˈbɒtəl	𐑖𐑦𐑐 𐑦𐑯 𐑩 𐑚𐑪𐑑𐑩𐑤	89
fragment	shock collar	NN1	GenAm	ʃɒk-	𐑖𐑪𐑒-	ˈʃɒkˌkɒləR	𐑖𐑪𐑒𐑒𐑪𐑤𐑼	1
fragment	short twentieth century	NP0	RSSB	-ɪθ-	-𐑦𐑔-	ʃɔːRt twentɪəθ sentʃʊri	𐑖𐑹𐑑 𐑑𐑢𐑧𐑯𐑑𐑾𐑔 𐑕𐑧𐑯𐑗𐑫𐑮𐑦	1
fragment	short twentieth century	NN1	RSSB	-ɪθ-	-𐑦𐑔-	ʃɔːRt twentɪəθ sentʃʊri	𐑖𐑹𐑑 𐑑𐑢𐑧𐑯𐑑𐑾𐑔 𐑕𐑧𐑯𐑗𐑫𐑮𐑦	1
fragment	Shoshonean	AJ0	GenAm	ʃəˈ-	𐑖𐑩-	ʃoʊˈʃoʊniən	𐑖𐑴𐑖𐑴𐑯𐑦𐑩𐑯	89
fragment	shotten	VVI	RSSB	-ən	-𐑩𐑯	ˈʃɒtən	𐑖𐑪𐑑𐑩𐑯	89
fragment	shotten	VVI	GenAm	-ən	-𐑩𐑯	ˈʃɒtən	𐑖𐑪𐑑𐑩𐑯	89
fragment	shotten	AJ0	RSSB	-ən	-𐑩𐑯	ˈʃɒtən	𐑖𐑪𐑑𐑩𐑯	89
fragment	shotten	AJ0	GenAm	-ən	-𐑩𐑯	ˈʃɒtən	𐑖𐑪𐑑𐑩𐑯	89
fragment	shrinking violet	NN1	RSSB	-lɪt	-𐑤𐑦𐑑	ʃrɪŋkɪŋ vaɪələt	𐑖𐑮𐑦𐑙𐑒𐑦𐑙 𐑝𐑲𐑩𐑤𐑩𐑑	1
fragment	shulgoer	NN1	RSSB	ʃʊl-	𐑖𐑫𐑤-	ʃuːlɡəʊəR	𐑖𐑵𐑤𐑜𐑴𐑼	1
fragment	shulgoer	NN1	GenAm	ʃʊl-	𐑖𐑫𐑤-	ˈʃulˌɡoʊər	𐑖𐑫𐑤𐑜𐑴𐑼	1
fragment	shunless	AJ0	RSSB	-ləs	-𐑤𐑩𐑕	ˈʃʌnləs	𐑖𐑳𐑯𐑤𐑩𐑕	89
fragment	sicario	NN1	GenAm	səˈ-	𐑕𐑩-	sɪˈkɑːrioʊ	𐑕𐑦𐑒𐑸𐑦𐑴	1
fragment	Sidonia	NP0	RSSB	sɪ-	𐑕𐑦-	saɪˈdəʊniə	𐑕𐑲𐑛𐑴𐑯𐑦𐑩	89
fragment	Sidonia	NP0	GenAm	sɪ-	𐑕𐑦-	saɪˈdoʊniə	𐑕𐑲𐑛𐑴𐑯𐑦𐑩	89
fragment	Silurian	AJ0	GenAm	saɪ-	𐑕𐑲-	sɪˈlʊəRiən	𐑕𐑦𐑤𐑫𐑼𐑦𐑩𐑯	1
fragment	Silurian	NN1	GenAm	saɪ-	𐑕𐑲-	sɪˈlʊəRiən	𐑕𐑦𐑤𐑫𐑼𐑦𐑩𐑯	1
fragment	Silurian	NP0	GenAm	saɪ-	𐑕𐑲-	sɪˈlʊəRiən	𐑕𐑦𐑤𐑫𐑼𐑦𐑩𐑯	1
fragment	Simonian	NN1	RSSB	sɪˈ-	𐑕𐑦-	saɪˈməʊniən	𐑕𐑲𐑥𐑴𐑯𐑦𐑩𐑯	89
fragment	Simonian	NN1	GenAm	sɪˈ-	𐑕𐑦-	saɪˈmoʊniən	𐑕𐑲𐑥𐑴𐑯𐑦𐑩𐑯	89
fragment	Simonian	AJ0	RSSB	sɪˈ-	𐑕𐑦-	saɪˈməʊniən	𐑕𐑲𐑥𐑴𐑯𐑦𐑩𐑯	89
fragment	Simonian	AJ0	GenAm	sɪˈ-	𐑕𐑦-	saɪˈmoʊniən	𐑕𐑲𐑥𐑴𐑯𐑦𐑩𐑯	89
fragment	Simonian	NP0	RSSB	sɪˈ-	𐑕𐑦-	saɪˈməʊniən	𐑕𐑲𐑥𐑴𐑯𐑦𐑩𐑯	89
fragment	Simonian	NP0	GenAm	sɪˈ-	𐑕𐑦-	saɪˈmoʊniən	𐑕𐑲𐑥𐑴𐑯𐑦𐑩𐑯	89
fragment	sing small	VVI	GenAm	-smɒl	-𐑕𐑥𐑪𐑤	sɪŋ ˈsmɒl	𐑕𐑦𐑙 𐑕𐑥𐑪𐑤	89
fragment	Sinocentrism	NN1	RSSB	sɪ-	𐑕𐑦-	saɪnəʊsentrɪzəm	𐑕𐑲𐑯𐑴𐑕𐑧𐑯𐑑𐑮𐑦𐑟𐑩𐑥	1
fragment	Sinocentrism	NN1	GenAm	ˌsɪ-	𐑕𐑦-	ˌsaɪnoʊˈsentrɪzəm	𐑕𐑲𐑯𐑴𐑕𐑧𐑯𐑑𐑮𐑦𐑟𐑩𐑥	1
fragment	skill issue	NN1	RSSB	-ˌɪʃjuː	-𐑦𐑖𐑿	ˈskɪl ˌɪsjuː	𐑕𐑒𐑦𐑤 𐑦𐑕𐑿	89
fragment	skill issue	ITJ	RSSB	-ˌɪʃjuː	-𐑦𐑖𐑿	ˈskɪl ˌɪsjuː	𐑕𐑒𐑦𐑤 𐑦𐑕𐑿	89
fragment	skulduggerous	AJ0	GenAm	ˌskəlˈdəɡ-	𐑕𐑒𐑩𐑤𐑛𐑩𐑜-	ˌskʌlˈdʌɡərəs	𐑕𐑒𐑳𐑤𐑛𐑳𐑜𐑼𐑩𐑕	1
fragment	skulduggery	NN1	GenAm	ˌskəlˈdəɡ-	𐑕𐑒𐑩𐑤𐑛𐑩𐑜-	ˌskʌlˈdʌɡəri	𐑕𐑒𐑳𐑤𐑛𐑳𐑜𐑼𐑦	1
fragment	skull and crossbones	NN1	GenAm	-ˈkrɒs-	-𐑒𐑮𐑪𐑕-	ˌskʌl ən ˈkrɒsboʊnz	𐑕𐑒𐑳𐑤 𐑩𐑯 𐑒𐑮𐑪𐑕𐑚𐑴𐑯𐑟	89
fragment	sleep like a log	VVI	GenAm	-ˈlɒɡ	-𐑤𐑪𐑜	ˈsliːp laɪk ə ˈlɒɡ	𐑕𐑤𐑰𐑐 𐑤𐑲𐑒 𐑩 𐑤𐑪𐑜	89
fragment	slightingly	AV0	GenAm	-tɪŋ-	-𐑑𐑦𐑙-	ˈslaɪtɪŋli	𐑕𐑤𐑲𐑑𐑦𐑙𐑤𐑦	89
fragment	slugabed	NN1	GenAm	ˈsləɡ-	𐑕𐑤𐑩𐑜-	ˈslʌɡəˌbed	𐑕𐑤𐑳𐑜𐑩𐑚𐑧𐑛	89
fragment	slughorn	NN1	GenAm	ˈsləɡ-	𐑕𐑤𐑩𐑜-	ˈslʌɡˌhɔːRn	𐑕𐑤𐑳𐑜𐑣𐑹𐑯	1
fragment	small fortune	NN1	GenAm	-tʃun	-𐑗𐑫𐑯	smɒl ˈfɔːRtʃən	𐑕𐑥𐑪𐑤 𐑓𐑹𐑗𐑩𐑯	1
fragment	smatter	VVI	GenAm	-tər	-𐑑𐑼	ˈsmætər	𐑕𐑥𐑨𐑑𐑼	89
fragment	smatter	NN1	GenAm	-tər	-𐑑𐑼	ˈsmætər	𐑕𐑥𐑨𐑑𐑼	89
fragment	smell you later	ITJ	GenAm	-təR	-𐑑𐑼	ˈsmel jə ˈleɪtəR	𐑕𐑥𐑧𐑤 𐑘𐑩 𐑤𐑱𐑑𐑼	89
fragment	smidgen	NN1	GenAm	-ən	-𐑩𐑯	ˈsmɪdʒɪn	𐑕𐑥𐑦𐑡𐑦𐑯	89
fragment	smidget	NN1	GenAm	-ət	-𐑩𐑑	ˈsmɪdʒɪt	𐑕𐑥𐑦𐑡𐑦𐑑	89
fragment	smorgasbord	NN1	GenAm	ˈʃmɔːR-	𐑖𐑥𐑹-	ˈsmɔːRɡəsˌbɔːRd	𐑕𐑥𐑹𐑜𐑩𐑕𐑚𐑹𐑛	30
fragment	snooty	AJ0	GenAm	-ti	-𐑑𐑦	ˈsnuti	𐑕𐑯𐑫𐑑𐑦	89
fragment	snooty	NN1	GenAm	-ti	-𐑑𐑦	ˈsnuti	𐑕𐑯𐑫𐑑𐑦	89
fragment	sociobiology	NN1	RSSB	ˌsəʊʃi-	𐑕𐑴𐑖𐑦-	ˌsəʊsiəʊbaɪˈɒlədʒi	𐑕𐑴𐑕𐑦𐑴𐑚𐑲𐑪𐑤𐑩𐑡𐑦	89
fragment	sociobiology	NN1	GenAm	ˌsoʊʃi-	𐑕𐑴𐑖𐑦-	ˌsoʊsioʊˌbaɪˈɒlɒdʒi	𐑕𐑴𐑕𐑦𐑴𐑚𐑲𐑪𐑤𐑪𐑡𐑦	89
fragment	sociofugal	AJ0	RSSB	-ʃi-	-𐑖𐑦-	ˌsəʊsiəʊˈfjuːɡəl	𐑕𐑴𐑕𐑦𐑴𐑓𐑿𐑜𐑩𐑤	89
fragment	sociofugal	AJ0	GenAm	-ʃi-	-𐑖𐑦-	ˌsoʊsioʊˈfjuɡəl	𐑕𐑴𐑕𐑦𐑴𐑓𐑘𐑫𐑜𐑩𐑤	89
fragment	sociolect	NN1	RSSB	-sɪ-	-𐑕𐑦-	ˈsəʊʃɪəʊlekt	𐑕𐑴𐑖𐑾𐑫𐑤𐑧𐑒𐑑	89
fragment	sociolect	NN1	GenAm	-si-	-𐑕𐑦-	ˈsoʊʃiəˌlekt	𐑕𐑴𐑖𐑦𐑩𐑤𐑧𐑒𐑑	89
fragment	sociopetal	AJ0	RSSB	-ʃi-	-𐑖𐑦-	ˌsəʊsiəʊˈpiːtəl	𐑕𐑴𐑕𐑦𐑴𐑐𐑰𐑑𐑩𐑤	89
fragment	sociopetal	AJ0	GenAm	-ʃi-	-𐑖𐑦-	ˌsoʊsioʊˈpitəl	𐑕𐑴𐑕𐑦𐑴𐑐𐑦𐑑𐑩𐑤	89
fragment	sociopetal	AJ0	GenAm	-təl	-𐑑𐑩𐑤	ˌsoʊsioʊˈpitəl	𐑕𐑴𐑕𐑦𐑴𐑐𐑦𐑑𐑩𐑤	89
fragment	sodium bicarbonate	NN1	GenAm	-nət	-𐑯𐑩𐑑	ˈsoʊdiəm ˌbaɪˈkɑːRbəneɪt	𐑕𐑴𐑛𐑦𐑩𐑥 𐑚𐑲𐑒𐑸𐑚𐑩𐑯𐑱𐑑	1
fragment	soft Brexit	NP0	GenAm	-breɡzɪt	-𐑚𐑮𐑧𐑜𐑟𐑦𐑑	ˈsɒft ˌbreksɪt	𐑕𐑪𐑓𐑑 𐑚𐑮𐑧𐑒𐑕𐑦𐑑	89
fragment	soft Brexit	NP0	RSSB	-breɡzɪt	-𐑚𐑮𐑧𐑜𐑟𐑦𐑑	sɒft breksɪt	𐑕𐑪𐑓𐑑 𐑚𐑮𐑧𐑒𐑕𐑦𐑑	89
fragment	soft flimsy	NN1	GenAm	sɒft-	𐑕𐑪𐑓𐑑-	sɒft ˈflɪmzi	𐑕𐑪𐑓𐑑 𐑓𐑤𐑦𐑥𐑟𐑦	89
fragment	soft pedal	NN1	GenAm	ˈsɒft-	𐑕𐑪𐑓𐑑-	ˈsɒftˌpedəl	𐑕𐑪𐑓𐑑𐑐𐑧𐑛𐑩𐑤	89
fragment	soft-pedal	VVI	GenAm	ˈsɒft-	𐑕𐑪𐑓𐑑-	ˈsɒftˌpedəl	𐑕𐑪𐑓𐑑𐑐𐑧𐑛𐑩𐑤	89
fragment	soigneur	NN1	RSSB	swɑː-	𐑕𐑢𐑭-	swʌnjɜːR	𐑕𐑢𐑳𐑯𐑘𐑻	1
fragment	soigneur	NN1	RSSB	swæ-	𐑕𐑢𐑨-	swʌnjɜːR	𐑕𐑢𐑳𐑯𐑘𐑻	1
fragment	soigneur	NN1	GenAm	swæ-	𐑕𐑢𐑨-	swʌnˈjɜːR	𐑕𐑢𐑳𐑯𐑘𐑻	1
fragment	soigneur	NN1	GenAm	swɒ-	𐑕𐑢𐑪-	swʌnˈjɜːR	𐑕𐑢𐑳𐑯𐑘𐑻	1
fragment	Solonian	AJ0	RSSB	səʊˈ-	𐑕𐑴-	səˈləʊniən	𐑕𐑩𐑤𐑴𐑯𐑦𐑩𐑯	89
fragment	Solonian	AJ0	GenAm	soʊˈ-	𐑕𐑴-	səˈloʊniən	𐑕𐑩𐑤𐑴𐑯𐑦𐑩𐑯	89
fragment	songcraft	NN1	GenAm	sɒŋ-	𐑕𐑪𐑙-	ˈsɒŋkræft	𐑕𐑪𐑙𐑒𐑮𐑨𐑓𐑑	1
fragment	sorta	AV0	GenAm	-tə	-𐑑𐑩	ˈsɔːRtə	𐑕𐑹𐑑𐑩	1
fragment	sorta	UNC	GenAm	-tə	-𐑑𐑩	ˈsɔːRtə	𐑕𐑹𐑑𐑩	1
fragment	sortie	NN1	GenAm	-ti	-𐑑𐑦	ˈsɔːRti	𐑕𐑹𐑑𐑦	1
fragment	sortie	VVI	GenAm	-ti	-𐑑𐑦	ˈsɔːRti	𐑕𐑹𐑑𐑦	1
fragment	sotto voce	AJ0	GenAm	-tʃeɪ	-𐑗𐑱	ˌsɒtoʊ ˈvoʊtʃi	𐑕𐑪𐑑𐑴 𐑝𐑴𐑗𐑦	89
fragment	sotto voce	AV0	GenAm	-tʃeɪ	-𐑗𐑱	ˌsɒtoʊ ˈvoʊtʃi	𐑕𐑪𐑑𐑴 𐑝𐑴𐑗𐑦	89
fragment	sotto voce	NN1	GenAm	-tʃeɪ	-𐑗𐑱	ˌsɒtoʊ ˈvoʊtʃi	𐑕𐑪𐑑𐑴 𐑝𐑴𐑗𐑦	89
fragment	sovereignty	NN1	RSSB	-rɪn-	-𐑮𐑦𐑯-	sɒvrəRnti	𐑕𐑪𐑝𐑮𐑼𐑯𐑑𐑦	89
fragment	sovereignty	NN1	GenAm	-ti	-𐑑𐑦	ˈsɒvərənti	𐑕𐑪𐑝𐑼𐑩𐑯𐑑𐑦	1
fragment	spaghetti	NN1	GenAm	-ti	-𐑑𐑦	spəˈɡeti	𐑕𐑐𐑩𐑜𐑧𐑑𐑦	89
fragment	spaghetti	VVI	GenAm	-ti	-𐑑𐑦	spəˈɡeti	𐑕𐑐𐑩𐑜𐑧𐑑𐑦	89
fragment	spaghettification	NN1	GenAm	-tɪ-	-𐑑𐑦-	spəˌɡetəfəˈkeɪʃən	𐑕𐑐𐑩𐑜𐑧𐑑𐑩𐑓𐑩𐑒𐑱𐑖𐑩𐑯	89
fragment	spaghettification	NN1	GenAm	-fɪ-	-𐑓𐑦-	spəˌɡetəfəˈkeɪʃən	𐑕𐑐𐑩𐑜𐑧𐑑𐑩𐑓𐑩𐑒𐑱𐑖𐑩𐑯	89
fragment	Spermageddon	NP0	RSSB	-ɡedən	-𐑜𐑧𐑛𐑩𐑯	spɜːrməɡedən	𐑕𐑐𐑻𐑥𐑩𐑜𐑧𐑛𐑩𐑯	1
fragment	Spermageddon	NP0	GenAm	-ˈɡedən	-𐑜𐑧𐑛𐑩𐑯	ˌspɜːrməˈɡedən	𐑕𐑐𐑻𐑥𐑩𐑜𐑧𐑛𐑩𐑯	1
fragment	splutter	NN1	GenAm	-təR	-𐑑𐑼	ˈsplʌtəR	𐑕𐑐𐑤𐑳𐑑𐑼	89
fragment	splutter	VVI	GenAm	-təR	-𐑑𐑼	ˈsplʌtəR	𐑕𐑐𐑤𐑳𐑑𐑼	89
fragment	splutter	ITJ	GenAm	-təR	-𐑑𐑼	ˈsplʌtəR	𐑕𐑐𐑤𐑳𐑑𐑼	89
fragment	spluttering	NN1	GenAm	-təR	-𐑑𐑼	ˈsplʌtəRrɪŋ	𐑕𐑐𐑤𐑳𐑑𐑼𐑮𐑦𐑙	89
fragment	spluttering	VVI	GenAm	-təR	-𐑑𐑼	ˈsplʌtəRrɪŋ	𐑕𐑐𐑤𐑳𐑑𐑼𐑮𐑦𐑙	89
fragment	spontaneous abortion	NN1	GenAm	- əˈborʃən	- 𐑩𐑚𐑪𐑮𐑖𐑩𐑯	spɒnˈteɪnijəs əˈborʃɪn	𐑕𐑐𐑪𐑯𐑑𐑱𐑯𐑦𐑘𐑩𐑕 𐑩𐑚𐑪𐑮𐑖𐑦𐑯	89
fragment	Spotsylvania	NP0	RSSB	-njə	-𐑯𐑘𐑩	ˌspɒtsɪlˈveɪniə	𐑕𐑐𐑪𐑑𐑕𐑦𐑤𐑝𐑱𐑯𐑦𐑩	89
fragment	Spotsylvania	NP0	GenAm	-njə	-𐑯𐑘𐑩	ˌspɒtsɪlˈveɪniə	𐑕𐑐𐑪𐑑𐑕𐑦𐑤𐑝𐑱𐑯𐑦𐑩	89
fragment	sprachbund	NN1	RSSB	sprɑːx-	𐑕𐑐𐑮𐑭x-	sprɑːkbʊnd	𐑕𐑐𐑮𐑭𐑒𐑚𐑫𐑯𐑛	1
fragment	sprachbund	NN1	GenAm	ˈsprɒx-	𐑕𐑐𐑮𐑪x-	ˈsprɒkbʊnd	𐑕𐑐𐑮𐑪𐑒𐑚𐑫𐑯𐑛	1
fragment	spuriosity	NN1	GenAm	spʊ-	𐑕𐑐𐑫-	spjəriˈɒsəti	𐑕𐑐𐑘𐑼𐑦𐑪𐑕𐑩𐑑𐑦	1
fragment	spuriosity	NN1	GenAm	spjɒ-	𐑕𐑐𐑘𐑪-	spjəriˈɒsəti	𐑕𐑐𐑘𐑼𐑦𐑪𐑕𐑩𐑑𐑦	1
fragment	spuriosity	NN1	GenAm	-ti	-𐑑𐑦	spjəriˈɒsəti	𐑕𐑐𐑘𐑼𐑦𐑪𐑕𐑩𐑑𐑦	1
fragment	square meal	NN1	RSSB	skwɜːR-	𐑕𐑒𐑢𐑻-	skweəR miːl	𐑕𐑒𐑢𐑺 𐑥𐑰𐑤	89
fragment	square peg in a round hole	NN1	RSSB	skwɜːR-	𐑕𐑒𐑢𐑻-	skweəR peɡ ɪnə raʊnd həʊl	𐑕𐑒𐑢𐑺 𐑐𐑧𐑜 𐑦𐑯𐑩 𐑮𐑬𐑯𐑛 𐑣𐑴𐑤	30
fragment	Srebrenica	NP0	RSSB	-nɪtsə	-𐑯𐑦𐑑𐑕𐑩			1
fragment	Srebrenica	NN1	RSSB	-nɪtsə	-𐑯𐑦𐑑𐑕𐑩			1
fragment	stack talk	NN1	GenAm	-ˌtɒk	-𐑑𐑪𐑒	ˈstæk ˌtɒk	𐑕𐑑𐑨𐑒 𐑑𐑪𐑒	89
fragment	stalactite	NN1	RSSB	-lək-	-𐑤𐑩𐑒-	ˈstælæktaɪt	𐑕𐑑𐑨𐑤𐑨𐑒𐑑𐑲𐑑	89
fragment	stalwart	AJ0	RSSB	stɒl-	𐑕𐑑𐑪𐑤-	stɔːRlwəRt	𐑕𐑑𐑹𐑤𐑢𐑼𐑑	1
fragment	stalwart	AJ0	GenAm	ˈstɒl-	𐑕𐑑𐑪𐑤-	ˈstɒlwəRt	𐑕𐑑𐑪𐑤𐑢𐑼𐑑	1
fragment	stalwart	NN1	RSSB	stɒl-	𐑕𐑑𐑪𐑤-	stɔːRlwəRt	𐑕𐑑𐑹𐑤𐑢𐑼𐑑	1
fragment	stalwart	NN1	GenAm	ˈstɒl-	𐑕𐑑𐑪𐑤-	ˈstɒlwəRt	𐑕𐑑𐑪𐑤𐑢𐑼𐑑	1
fragment	stalworth	AJ0	RSSB	stɒl-	𐑕𐑑𐑪𐑤-	stɔːRlwəRθ	𐑕𐑑𐑹𐑤𐑢𐑼𐑔	1
fragment	stalworth	AJ0	GenAm	ˈstɒl-	𐑕𐑑𐑪𐑤-	ˈstɒlwəRθ	𐑕𐑑𐑪𐑤𐑢𐑼𐑔	1
fragment	stalworth	NN1	RSSB	stɒl-	𐑕𐑑𐑪𐑤-	stɔːRlwəRθ	𐑕𐑑𐑹𐑤𐑢𐑼𐑔	1
fragment	stalworth	NN1	GenAm	ˈstɒl-	𐑕𐑑𐑪𐑤-	ˈstɒlwəRθ	𐑕𐑑𐑪𐑤𐑢𐑼𐑔	1
fragment	stasis	NN1	RSSB	ˈstæ-	𐑕𐑑𐑨-	ˈsteɪsɪs	𐑕𐑑𐑱𐑕𐑦𐑕	89
fragment	status symbol	NN1	GenAm	ˈstæ-	𐑕𐑑𐑨-	ˈsteɪtəs ˈsɪmbəl	𐑕𐑑𐑱𐑑𐑩𐑕 𐑕𐑦𐑥𐑚𐑩𐑤	89
fragment	status symbol	NN1	GenAm	-təs	-𐑑𐑩𐑕	ˈsteɪtəs ˈsɪmbəl	𐑕𐑑𐑱𐑑𐑩𐑕 𐑕𐑦𐑥𐑚𐑩𐑤	89
fragment	steaminess	NN1	RSSB	ˈstiːmɪ-	𐑕𐑑𐑰𐑥𐑦-	ˈstiːminəs	𐑕𐑑𐑰𐑥𐑦𐑯𐑩𐑕	89
fragment	steaminess	NN1	RSSB	-nəs	-𐑯𐑩𐑕	ˈstiːminəs	𐑕𐑑𐑰𐑥𐑦𐑯𐑩𐑕	89
fragment	steaminess	NN1	GenAm	-nəs	-𐑯𐑩𐑕	ˈstiminəs	𐑕𐑑𐑦𐑥𐑦𐑯𐑩𐑕	89
fragment	stereotypical	AJ0	RSSB	stɪəR-	𐑕𐑑𐑽-	steriːəRtɪpɪkəl	𐑕𐑑𐑧𐑮𐑰𐑼𐑑𐑦𐑐𐑦𐑒𐑩𐑤	89
fragment	stereotypical	AJ0	RSSB	stɪː-	𐑕𐑑𐑦ː-	steriːəRtɪpɪkəl	𐑕𐑑𐑧𐑮𐑰𐑼𐑑𐑦𐑐𐑦𐑒𐑩𐑤	1
fragment	stereotypical	AJ0	GenAm	ˌstɪr-	𐑕𐑑𐑦𐑮-	ˌsteriəˈtɪpɪkəl	𐑕𐑑𐑧𐑮𐑦𐑩𐑑𐑦𐑐𐑦𐑒𐑩𐑤	89
fragment	stipend	NN1	RSSB	-pənd	-𐑐𐑩𐑯𐑛	ˈstaɪpend	𐑕𐑑𐑲𐑐𐑧𐑯𐑛	89
fragment	stipend	NN1	GenAm	-pənd	-𐑐𐑩𐑯𐑛	ˈstaɪˌpend	𐑕𐑑𐑲𐑐𐑧𐑯𐑛	89
fragment	stipend	VVI	RSSB	-pənd	-𐑐𐑩𐑯𐑛	ˈstaɪpend	𐑕𐑑𐑲𐑐𐑧𐑯𐑛	89
fragment	stipend	VVI	GenAm	-pənd	-𐑐𐑩𐑯𐑛	ˈstaɪˌpend	𐑕𐑑𐑲𐑐𐑧𐑯𐑛	89
fragment	storge	NN1	RSSB	-ɡeɪ	-𐑜𐑱	stɔːRɡi	𐑕𐑑𐑹𐑜𐑦	1
fragment	storge	NN1	GenAm	-ˌɡeɪ	-𐑜𐑱	ˈstɔːRɡi	𐑕𐑑𐑹𐑜𐑦	1
fragment	storge	NN1	RSSB	-dʒi	-𐑡𐑦	stɔːRɡi	𐑕𐑑𐑹𐑜𐑦	1
fragment	storge	NN1	GenAm	-dʒi	-𐑡𐑦	ˈstɔːRɡi	𐑕𐑑𐑹𐑜𐑦	1
fragment	stratospheric	AJ0	GenAm	-fɪ-	-𐑓𐑦-	ˌstrætəˈsferɪk	𐑕𐑑𐑮𐑨𐑑𐑩𐑕𐑓𐑧𐑮𐑦𐑒	1
fragment	Sturm und Drang	NN1	RSSB	ʃtʊəRm-	𐑖𐑑𐑫𐑼𐑥-	ʃtɜːRm ʊnt dræŋ	𐑖𐑑𐑻𐑥 𐑫𐑯𐑑 𐑛𐑮𐑨𐑙	30
fragment	subdue	VVI	RSSB	sʌb-	𐑕𐑳𐑚-	səbˈdjuː	𐑕𐑩𐑚𐑛𐑿	89
fragment	sublebrity	NN1	GenAm	-ti	-𐑑𐑦	sʌbˈlebrəti	𐑕𐑳𐑚𐑤𐑧𐑚𐑮𐑩𐑑𐑦	1
fragment	subpoenae	NN1	RSSB	-aɪ	-𐑲	səbˈpiːni	𐑕𐑩𐑚𐑐𐑰𐑯𐑦	89
fragment	subpoenae	NN1	GenAm	-aɪ	-𐑲	səˈpini	𐑕𐑩𐑐𐑦𐑯𐑦	89
fragment	suburbicarian	AJ0	RSSB	sʌbɜːRbə-	𐑕𐑳𐑚𐑻𐑚𐑩-	səRbɜːRbəRkeəriəRn	𐑕𐑼𐑚𐑻𐑚𐑼𐑒𐑺𐑦𐑼𐑯	30
fragment	suburbicarian	AJ0	GenAm	ˌsʌbɜːRbəˈ-	𐑕𐑳𐑚𐑻𐑚𐑩-	səˌbɜːRbəˈkeriən	𐑕𐑩𐑚𐑻𐑚𐑩𐑒𐑧𐑮𐑦𐑩𐑯	30
fragment	subversive	AJ0	GenAm	sʌb-	𐑕𐑳𐑚-	səbˈvɜːRsɪv	𐑕𐑩𐑚𐑝𐑻𐑕𐑦𐑝	1
fragment	subversive	AJ0	GenAm	-vəRsɪv	-𐑝𐑼𐑕𐑦𐑝	səbˈvɜːRsɪv	𐑕𐑩𐑚𐑝𐑻𐑕𐑦𐑝	89
fragment	subversive	NN1	GenAm	sʌb-	𐑕𐑳𐑚-	səbˈvɜːRsɪv	𐑕𐑩𐑚𐑝𐑻𐑕𐑦𐑝	1
fragment	subversive	NN1	GenAm	-vəRsɪv	-𐑝𐑼𐑕𐑦𐑝	səbˈvɜːRsɪv	𐑕𐑩𐑚𐑝𐑻𐑕𐑦𐑝	89
fragment	sudoku	NN1	RSSB	sə-	𐑕𐑩-	sʊˈdəʊku	𐑕𐑫𐑛𐑴𐑒𐑫	89
fragment	sudoku	NN1	GenAm	sə-	𐑕𐑩-	sʊˈdoʊku	𐑕𐑫𐑛𐑴𐑒𐑫	89
fragment	sudoku	NN1	RSSB	suː-	𐑕𐑵-	sʊˈdəʊku	𐑕𐑫𐑛𐑴𐑒𐑫	89
fragment	sudoku	NN1	RSSB	ˈsuː-	𐑕𐑵-	sʊˈdəʊku	𐑕𐑫𐑛𐑴𐑒𐑫	89
fragment	sudoku	NN1	GenAm	su-	𐑕𐑫-	sʊˈdoʊku	𐑕𐑫𐑛𐑴𐑒𐑫	89
fragment	sudoku	NN1	GenAm	ˈsu-	𐑕𐑫-	sʊˈdoʊku	𐑕𐑫𐑛𐑴𐑒𐑫	89
fragment	sudorific	AJ0	GenAm	-tə-	-𐑑𐑩-	ˌsudəˈrɪfɪk	𐑕𐑫𐑛𐑼𐑦𐑓𐑦𐑒	1
fragment	sudorific	NN1	GenAm	-tə-	-𐑑𐑩-	ˌsudəˈrɪfɪk	𐑕𐑫𐑛𐑼𐑦𐑓𐑦𐑒	1
fragment	sufficient unto the day is the evil thereof	UNC	RSSB	-ʌntə-	-𐑳𐑯𐑑𐑩-	səfɪʃənt ʌntʊ ðə deɪ ɪz ðiː iːvɪl ðeərɒv	𐑕𐑩𐑓𐑦𐑖𐑩𐑯𐑑 𐑳𐑯𐑑𐑫 𐑞𐑩 𐑛𐑱 𐑦𐑟 𐑞𐑰 𐑰𐑝𐑦𐑤 𐑞𐑺𐑪𐑝	1
fragment	sufficient unto the day is the evil thereof	UNC	RSSB	-iːvəRl-	-𐑰𐑝𐑼𐑤-	səfɪʃənt ʌntʊ ðə deɪ ɪz ðiː iːvɪl ðeərɒv	𐑕𐑩𐑓𐑦𐑖𐑩𐑯𐑑 𐑳𐑯𐑑𐑫 𐑞𐑩 𐑛𐑱 𐑦𐑟 𐑞𐑰 𐑰𐑝𐑦𐑤 𐑞𐑺𐑪𐑝	89
fragment	suicidal	AJ0	GenAm	ˌsuɪ-	𐑕𐑫𐑦-	ˌsuəˈsaɪdəl	𐑕𐑫𐑩𐑕𐑲𐑛𐑩𐑤	89
fragment	suicidal	NN1	GenAm	ˌsuɪ-	𐑕𐑫𐑦-	ˌsuəˈsaɪdəl	𐑕𐑫𐑩𐑕𐑲𐑛𐑩𐑤	89
fragment	suited	AJ0	RSSB	ˈsjuː-	𐑕𐑿-	ˈsuːtƏd	𐑕𐑵𐑑𐑩𐑛	89
fragment	suited	VVI	RSSB	ˈsjuː-	𐑕𐑿-	ˈsuːtƏd	𐑕𐑵𐑑𐑩𐑛	89
fragment	suited and booted	AJ0	RSSB	ˌsjuː-	𐑕𐑿-	ˌsuːtɪd ən ˈbuːtƏd	𐑕𐑵𐑑𐑦𐑛 𐑩𐑯 𐑚𐑵𐑑𐑩𐑛	89
fragment	suited-booted	AJ0	RSSB	ˌsjuː-	𐑕𐑿-	ˌsuːtɪdˈbuːtƏd	𐑕𐑵𐑑𐑦𐑛𐑚𐑵𐑑𐑩𐑛	89
fragment	sultry	AJ0	GenAm	ˈsəl-	𐑕𐑩𐑤-	ˈsʌltri	𐑕𐑳𐑤𐑑𐑮𐑦	1
fragment	sumac	NN1	RSSB	ˈʃuː-	𐑖𐑵-	ˈsjuːmæk	𐑕𐑿𐑥𐑨𐑒	89
fragment	sumac	NN1	GenAm	ˈsu-	𐑕𐑫-	ˈsuːˌmæk	𐑕𐑵𐑥𐑨𐑒	89
fragment	sumac	VVI	RSSB	ˈʃuː-	𐑖𐑵-	ˈsjuːmæk	𐑕𐑿𐑥𐑨𐑒	89
fragment	sumac	VVI	GenAm	ˈsu-	𐑕𐑫-	ˈsuːˌmæk	𐑕𐑵𐑥𐑨𐑒	89
fragment	summit disease	NN1	GenAm	-dɪ-	-𐑛𐑦-	ˌsʌmɪt dəˈziz	𐑕𐑳𐑥𐑦𐑑 𐑛𐑩𐑟𐑦𐑟	89
fragment	sumptuaries	NN1	GenAm	-tju-	-𐑑𐑘𐑫-	ˈsʌmptʃuˌeriz	𐑕𐑳𐑥𐑐𐑗𐑫𐑧𐑮𐑦𐑟	1
fragment	sumptuaries	NN1	GenAm	-tʃəˌweriz	-𐑗𐑩𐑢𐑧𐑮𐑦𐑟	ˈsʌmptʃuˌeriz	𐑕𐑳𐑥𐑐𐑗𐑫𐑧𐑮𐑦𐑟	89
fragment	sumptuary	AJ0	GenAm	-tju-	-𐑑𐑘𐑫-	ˈsʌmptʃuˌeri	𐑕𐑳𐑥𐑐𐑗𐑫𐑧𐑮𐑦	1
fragment	sumptuary	AJ0	GenAm	-tʃəˌweri	-𐑗𐑩𐑢𐑧𐑮𐑦	ˈsʌmptʃuˌeri	𐑕𐑳𐑥𐑐𐑗𐑫𐑧𐑮𐑦	89
fragment	sun dog	NN1	GenAm	-ˌdɒɡ	-𐑛𐑪𐑜	ˈsʌn ˌdɒɡ	𐑕𐑳𐑯 𐑛𐑪𐑜	89
fragment	sunlit uplands	NN1	GenAm	-ˈəp-	-𐑩𐑐-	ˌsʌnlɪt ˈʌpləndz	𐑕𐑳𐑯𐑤𐑦𐑑 𐑳𐑐𐑤𐑩𐑯𐑛𐑟	89
fragment	sunny uplands	NN1	GenAm	-ˈəp-	-𐑩𐑐-	ˌsʌni ˈʌpləndz	𐑕𐑳𐑯𐑦 𐑳𐑐𐑤𐑩𐑯𐑛𐑟	89
fragment	Super Bowl	NP0	RSSB	sjuːpə -	𐑕𐑿𐑐𐑩 -	suːpə bəʊl	𐑕𐑵𐑐𐑩 𐑚𐑴𐑤	1
fragment	supercargo	NN1	RSSB	sjuːpə-	𐑕𐑿𐑐𐑩-	suːpəRkɑːRɡəʊ	𐑕𐑵𐑐𐑼𐑒𐑸𐑜𐑴	1
fragment	superior	AJ0	GenAm	sə-	𐑕𐑩-	sʊˈpɪriəR	𐑕𐑫𐑐𐑦𐑮𐑦𐑼	1
fragment	superior	NN1	GenAm	sə-	𐑕𐑩-	sʊˈpɪriəR	𐑕𐑫𐑐𐑦𐑮𐑦𐑼	1
fragment	supernatural	AJ0	RSSB	-tʃrəRl	-𐑗𐑮𐑼𐑤	sjuːpəRnætʃərəRl	𐑕𐑿𐑐𐑼𐑯𐑨𐑗𐑼𐑼𐑤	89
fragment	supernatural	AJ0	GenAm	-tʃrəl	-𐑗𐑮𐑩𐑤	ˌsupərˈnætʃərəl	𐑕𐑫𐑐𐑼𐑯𐑨𐑗𐑼𐑩𐑤	30
fragment	supernatural	NN1	RSSB	-tʃrəRl	-𐑗𐑮𐑼𐑤	sjuːpəRnætʃərəRl	𐑕𐑿𐑐𐑼𐑯𐑨𐑗𐑼𐑼𐑤	89
fragment	supernatural	NN1	GenAm	-tʃrəl	-𐑗𐑮𐑩𐑤	ˌsupərˈnætʃərəl	𐑕𐑫𐑐𐑼𐑯𐑨𐑗𐑼𐑩𐑤	30
fragment	superplural	NN1	RSSB	-plɔː-	-𐑐𐑤𐑷-	sjupəːplʊərəRl	𐑕𐑘𐑫𐑐𐑩ː𐑐𐑤𐑫𐑼𐑼𐑤	1
fragment	superplural	NN1	GenAm	-ˈplɜ-	-𐑐𐑤ɜ-	ˌsupərˈplʊərəl	𐑕𐑫𐑐𐑼𐑐𐑤𐑫𐑼𐑩𐑤	1
fragment	supporter	NN1	GenAm	-təR	-𐑑𐑼	səˈpɔːRtəR	𐑕𐑩𐑐𐑹𐑑𐑼	30
fragment	surrey	NN1	GenAm	ˈsə-	𐑕𐑩-	ˈsʌri	𐑕𐑳𐑮𐑦	1
fragment	svarabhakti	NN1	RSSB	svæ-	𐑕𐑝𐑨-	svʌrəRbʌkti	𐑕𐑝𐑳𐑮𐑼𐑚𐑳𐑒𐑑𐑦	1
fragment	svarabhakti	NN1	RSSB	svɑːR-	𐑕𐑝𐑸-	svʌrəRbʌkti	𐑕𐑝𐑳𐑮𐑼𐑚𐑳𐑒𐑑𐑦	89
fragment	svarabhakti	NN1	RSSB	-bækti	-𐑚𐑨𐑒𐑑𐑦	svʌrəRbʌkti	𐑕𐑝𐑳𐑮𐑼𐑚𐑳𐑒𐑑𐑦	1
fragment	svarabhaktic	AJ0	RSSB	-bʌktɪk	-𐑚𐑳𐑒𐑑𐑦𐑒	svʌrəRbɑːRktɪk	𐑕𐑝𐑳𐑮𐑼𐑚𐑸𐑒𐑑𐑦𐑒	1
fragment	sweater	NN1	GenAm	-təR	-𐑑𐑼	ˈswetəR	𐑕𐑢𐑧𐑑𐑼	89
fragment	sweater	VVI	GenAm	-təR	-𐑑𐑼	ˈswetəR	𐑕𐑢𐑧𐑑𐑼	89
fragment	swimmingly	AV0	GenAm	-ɡli	-𐑜𐑤𐑦	ˈswɪmɪŋli	𐑕𐑢𐑦𐑥𐑦𐑙𐑤𐑦	89
fragment	sybaritic	AJ0	GenAm	-tɪk	-𐑑𐑦𐑒	ˌsɪbəˈrɪtɪk	𐑕𐑦𐑚𐑼𐑦𐑑𐑦𐑒	1
fragment	syndrome	NN1	RSSB	-drəm	-𐑛𐑮𐑩𐑥	sɪndrəʊm	𐑕𐑦𐑯𐑛𐑮𐑴𐑥	89
fragment	syndrome	NN1	GenAm	-drəm	-𐑛𐑮𐑩𐑥	ˈsɪndroʊm	𐑕𐑦𐑯𐑛𐑮𐑴𐑥	89
fragment	syringes	NN1	GenAm	sə-	𐑕𐑩-	ˈsɪrɪndʒƏz	𐑕𐑦𐑮𐑦𐑯𐑡𐑩𐑟	1
fragment	syrinx	NN1	GenAm	sə-	𐑕𐑩-	sɪˈrɪndʒiz	𐑕𐑦𐑮𐑦𐑯𐑡𐑦𐑟	1
fragment	syscourse	NN1	RSSB	-koːs	-𐑒𐑪ː𐑕	sɪskɔːRs	𐑕𐑦𐑕𐑒𐑹𐑕	1
fragment	syscourse	NN1	GenAm	-koːrs	-𐑒𐑪ː𐑮𐑕	ˈsɪskɔːrs	𐑕𐑦𐑕𐑒𐑹𐑕	1
fragment	tablespoon	NN1	RSSB	-bl-	-𐑚𐑤-	ˈteɪbəlˌspuːn	𐑑𐑱𐑚𐑩𐑤𐑕𐑐𐑵𐑯	89
fragment	tablespoon	NN1	GenAm	-bl-	-𐑚𐑤-	ˈteɪbəlˌspun	𐑑𐑱𐑚𐑩𐑤𐑕𐑐𐑫𐑯	89
fragment	tabulate	VVI	GenAm	-jə-	-𐑘𐑩-	ˈtæbjuːˌleɪt	𐑑𐑨𐑚𐑿𐑤𐑱𐑑	89
fragment	tabulate	AJ0	GenAm	-jə-	-𐑘𐑩-	ˈtæbjuːˌleɪt	𐑑𐑨𐑚𐑿𐑤𐑱𐑑	89
fragment	taekwondo	NN1	GenAm	-ˈkwɒn-	-𐑒𐑢𐑪𐑯-	ˌtaɪkwɒnˈdoʊ	𐑑𐑲𐑒𐑢𐑪𐑯𐑛𐑴	89
fragment	taekwondo	NN1	RSSB	-ˈkwɒn-	-𐑒𐑢𐑪𐑯-	ˌtaɪkwɒnˈdəʊ	𐑑𐑲𐑒𐑢𐑪𐑯𐑛𐑴	89
fragment	taekwondo	NN1	GenAm	ˌteɪ-	𐑑𐑱-	ˌtaɪkwɒnˈdoʊ	𐑑𐑲𐑒𐑢𐑪𐑯𐑛𐑴	89
fragment	taekwondo	NN1	RSSB	ˌteɪ-	𐑑𐑱-	ˌtaɪkwɒnˈdəʊ	𐑑𐑲𐑒𐑢𐑪𐑯𐑛𐑴	89
fragment	talk like a book	VVI	GenAm	tɒk-	𐑑𐑪𐑒-	ˌtɒk laɪkə ˈbʊk	𐑑𐑪𐑒 𐑤𐑲𐑒𐑩 𐑚𐑫𐑒	89
fragment	talkative	AJ0	GenAm	ˈtɒ-	𐑑𐑪-	ˈtɒkətɪv	𐑑𐑪𐑒𐑩𐑑𐑦𐑝	89
fragment	Talmudic	AJ0	GenAm	tɒl-	𐑑𐑪𐑤-	tælˈmʊdɪk	𐑑𐑨𐑤𐑥𐑫𐑛𐑦𐑒	89
fragment	Tanakh	NP0	RSSB	tə-	𐑑𐑩-	tæˈnæk	𐑑𐑨𐑯𐑨𐑒	89
fragment	tankman	NN1	RSSB	-ˌmæn	-𐑥𐑨𐑯	ˈtænkmən	𐑑𐑨𐑯𐑒𐑥𐑩𐑯	89
fragment	Taoiseach	NN1	RSSB	-ʃək	-𐑖𐑩𐑒	ˈtiːʃi	𐑑𐑰𐑖𐑦	89
fragment	Taoiseach	NN1	RSSB	-sʲəx	-𐑕ʲ𐑩x	ˈtiːʃi	𐑑𐑰𐑖𐑦	1
fragment	tapas	NN1	RSSB	-pəs	-𐑐𐑩𐑕	ˈtæpæs	𐑑𐑨𐑐𐑨𐑕	89
fragment	tapas	NN1	GenAm	ˈtɑː-	𐑑𐑭-	ˈtæpəs	𐑑𐑨𐑐𐑩𐑕	89
fragment	tartan	NN1	GenAm	-tən	-𐑑𐑩𐑯	ˈtɑːRtən	𐑑𐑸𐑑𐑩𐑯	1
fragment	tartan	AJ0	GenAm	-tən	-𐑑𐑩𐑯	ˈtɑːRtən	𐑑𐑸𐑑𐑩𐑯	1
fragment	tartan	VVI	GenAm	-tən	-𐑑𐑩𐑯	ˈtɑːRtən	𐑑𐑸𐑑𐑩𐑯	1
fragment	Tartan	NP0	GenAm	-tən	-𐑑𐑩𐑯	ˈtɑːRtən	𐑑𐑸𐑑𐑩𐑯	1
fragment	tartans	NN1	GenAm	-tənz	-𐑑𐑩𐑯𐑟	ˈtɑːRtənz	𐑑𐑸𐑑𐑩𐑯𐑟	1
fragment	tartans	VVI	GenAm	-tənz	-𐑑𐑩𐑯𐑟	ˈtɑːRtənz	𐑑𐑸𐑑𐑩𐑯𐑟	1
fragment	tartaric	AJ0	GenAm	-ˈtɑːR-	-𐑑𐑸-	tɑːRˈtærɪk	𐑑𐑸𐑑𐑨𐑮𐑦𐑒	30
fragment	tattle	VVI	GenAm	-ætəl	-𐑨𐑑𐑩𐑤	ˈtætəl	𐑑𐑨𐑑𐑩𐑤	89
fragment	tattle	NN1	GenAm	-ætəl	-𐑨𐑑𐑩𐑤	ˈtætəl	𐑑𐑨𐑑𐑩𐑤	89
fragment	taursuit	NN1	RSSB	-sjuːt	-𐑕𐑿𐑑	tɔːRsuːt	𐑑𐑹𐑕𐑵𐑑	1
fragment	taursuit	NN1	RSSB	-ʃuːt	-𐑖𐑵𐑑	tɔːRsuːt	𐑑𐑹𐑕𐑵𐑑	1
fragment	tawny	AJ0	GenAm	ˈtɒ-	𐑑𐑪-	ˈtɒni	𐑑𐑪𐑯𐑦	89
fragment	tawny	VVI	GenAm	ˈtɒ-	𐑑𐑪-	ˈtɒni	𐑑𐑪𐑯𐑦	89
fragment	tawny	NN1	GenAm	ˈtɒ-	𐑑𐑪-	ˈtɒni	𐑑𐑪𐑯𐑦	89
fragment	tbulge	NN1	GenAm	-ˌbʊldʒ	-𐑚𐑫𐑤𐑡	ˈtiˌbʊldʒ	𐑑𐑦𐑚𐑫𐑤𐑡	89
fragment	tchotchke	NN1	GenAm	-ki	-𐑒𐑦	ˈtʃɒtʃkə	𐑗𐑪𐑗𐑒𐑩	89
fragment	teartness	NN1	GenAm	-nəs	-𐑯𐑩𐑕	ˈtɪəRtnəs	𐑑𐑽𐑑𐑯𐑩𐑕	1
fragment	technetium	NN1	GenAm	-ʃəm	-𐑖𐑩𐑥	tekˈniʃiəm	𐑑𐑧𐑒𐑯𐑦𐑖𐑦𐑩𐑥	89
fragment	teething trouble	NN1	GenAm	ˈtrə-	𐑑𐑮𐑩-	ˈtiðɪŋ ˈtrʌbəl	𐑑𐑦𐑞𐑦𐑙 𐑑𐑮𐑳𐑚𐑩𐑤	89
fragment	teething troubles	NN1	GenAm	ˈtrə-	𐑑𐑮𐑩-	ˈtiðɪŋ ˈtrʌbəlz	𐑑𐑦𐑞𐑦𐑙 𐑑𐑮𐑳𐑚𐑩𐑤𐑟	89
fragment	tellurian	AJ0	RSSB	tɪ-	𐑑𐑦-	teljəərɪən	𐑑𐑧𐑤𐑘𐑩𐑼𐑾𐑯	1
fragment	tellurian	AJ0	RSSB	-ljɔː-	-𐑤𐑘𐑷-	teljəərɪən	𐑑𐑧𐑤𐑘𐑩𐑼𐑾𐑯	1
fragment	tellurian	AJ0	GenAm	tə-	𐑑𐑩-	teˈljəriən	𐑑𐑧𐑤𐑘𐑼𐑦𐑩𐑯	1
fragment	tellurian	NN1	RSSB	tɪ-	𐑑𐑦-	teljəərɪən	𐑑𐑧𐑤𐑘𐑩𐑼𐑾𐑯	1
fragment	tellurian	NN1	RSSB	-ljɔː-	-𐑤𐑘𐑷-	teljəərɪən	𐑑𐑧𐑤𐑘𐑩𐑼𐑾𐑯	1
fragment	tellurian	NN1	GenAm	tə-	𐑑𐑩-	teˈljəriən	𐑑𐑧𐑤𐑘𐑼𐑦𐑩𐑯	1
fragment	Tellurian	NN1	RSSB	tɪ-	𐑑𐑦-	teljəərɪən	𐑑𐑧𐑤𐑘𐑩𐑼𐑾𐑯	1
fragment	Tellurian	NN1	RSSB	-ljɔː-	-𐑤𐑘𐑷-	teljəərɪən	𐑑𐑧𐑤𐑘𐑩𐑼𐑾𐑯	1
fragment	Tellurian	NN1	GenAm	tə-	𐑑𐑩-	teˈljəriən	𐑑𐑧𐑤𐑘𐑼𐑦𐑩𐑯	1
fragment	tellurion	NN1	RSSB	tɪ-	𐑑𐑦-	teljəərɪən	𐑑𐑧𐑤𐑘𐑩𐑼𐑾𐑯	1
fragment	tellurion	NN1	RSSB	-ljɔː-	-𐑤𐑘𐑷-	teljəərɪən	𐑑𐑧𐑤𐑘𐑩𐑼𐑾𐑯	1
fragment	tellurion	NN1	GenAm	tə-	𐑑𐑩-	teˈljəriən	𐑑𐑧𐑤𐑘𐑼𐑦𐑩𐑯	1
fragment	temeritous	AJ0	RSSB	-əRtəs	-𐑼𐑑𐑩𐑕	tɪmerɪtəs	𐑑𐑦𐑥𐑧𐑮𐑦𐑑𐑩𐑕	89
fragment	temeritous	AJ0	GenAm	-ɪtəs	-𐑦𐑑𐑩𐑕	təˈmerətəs	𐑑𐑩𐑥𐑧𐑮𐑩𐑑𐑩𐑕	1
fragment	tempestuous	AJ0	RSSB	-tʃʊ-	-𐑗𐑫-	temˈpestjəəs	𐑑𐑧𐑥𐑐𐑧𐑕𐑑𐑘𐑩𐑩𐑕	89
fragment	terebrant	AJ0	RSSB	-rɪ-	-𐑮𐑦-	terəRbrənt	𐑑𐑧𐑮𐑼𐑚𐑮𐑩𐑯𐑑	30
fragment	terebrant	NN1	RSSB	-rɪ-	-𐑮𐑦-	terəRbrənt	𐑑𐑧𐑮𐑼𐑚𐑮𐑩𐑯𐑑	30
fragment	terraqueous	AJ0	GenAm	-ˈræ-	-𐑮𐑨-	təˈreɪkwiəs	𐑑𐑼𐑱𐑒𐑢𐑦𐑩𐑕	30
fragment	tetter	NN1	GenAm	-təR	-𐑑𐑼	ˈtetəR	𐑑𐑧𐑑𐑼	89
fragment	tetter	VVI	GenAm	-təR	-𐑑𐑼	ˈtetəR	𐑑𐑧𐑑𐑼	89
fragment	that dog won't hunt	UNC	RSSB	ðət-	𐑞𐑩𐑑-	ðæt ˈdɒɡ wəʊnt ˈhʌnt	𐑞𐑨𐑑 𐑛𐑪𐑜 𐑢𐑴𐑯𐑑 𐑣𐑳𐑯𐑑	89
fragment	that dog won't hunt	UNC	GenAm	ðət-	𐑞𐑩𐑑-	ðæt ˈdɒɡ woʊnt ˈhʌnt	𐑞𐑨𐑑 𐑛𐑪𐑜 𐑢𐑴𐑯𐑑 𐑣𐑳𐑯𐑑	89
fragment	that'll	UNC	GenAm	-təl	-𐑑𐑩𐑤	ˈðætəl	𐑞𐑨𐑑𐑩𐑤	89
fragment	that'll be the frosty Friday	UNC	RSSB	-di	-𐑛𐑦	ðætəl biːðə frɒsti fraɪdeɪ	𐑞𐑨𐑑𐑩𐑤 𐑚𐑰𐑞𐑩 𐑓𐑮𐑪𐑕𐑑𐑦 𐑓𐑮𐑲𐑛𐑱	1
fragment	that'll be the frosty Friday	UNC	GenAm	-ˌdi	-𐑛𐑦	ˌðætəl biðə ˌfrɒsti ˈfraɪˌdeɪ	𐑞𐑨𐑑𐑩𐑤 𐑚𐑦𐑞𐑩 𐑓𐑮𐑪𐑕𐑑𐑦 𐑓𐑮𐑲𐑛𐑱	1
fragment	that'll be the frosty Friday	UNC	GenAm	-ˈfrɒsti-	-𐑓𐑮𐑪𐑕𐑑𐑦-	ˌðætəl biðə ˌfrɒsti ˈfraɪˌdeɪ	𐑞𐑨𐑑𐑩𐑤 𐑚𐑦𐑞𐑩 𐑓𐑮𐑪𐑕𐑑𐑦 𐑓𐑮𐑲𐑛𐑱	30
fragment	Theodosia	NP0	RSSB	-ziə	-𐑟𐑦𐑩	ˌθiːəˈdəʊʒə	𐑔𐑰𐑩𐑛𐑴𐑠𐑩	89
fragment	Theodosia	NP0	GenAm	-ziə	-𐑟𐑦𐑩	ˌθiəˈdoʊʒə	𐑔𐑦𐑩𐑛𐑴𐑠𐑩	89
fragment	Theodosia	NP0	GenAm	-oʊˈ-	-𐑴-	ˌθiəˈdoʊʒə	𐑔𐑦𐑩𐑛𐑴𐑠𐑩	89
fragment	there must be something in the water	UNC	GenAm	-tər	-𐑑𐑼	ðeər mʌst bi ˈsʌmθɪŋ ɪn ðə ˈwɒtər	𐑞𐑺 𐑥𐑳𐑕𐑑 𐑚𐑦 𐑕𐑳𐑥𐑔𐑦𐑙 𐑦𐑯 𐑞𐑩 𐑢𐑪𐑑𐑼	30
fragment	there's many a slip twixt cup and lip	UNC	RSSB	ðɜːRz-	𐑞𐑻𐑟-	ðeəRz meniə slɪp twɪkst kʌpən lɪp	𐑞𐑺𐑟 𐑥𐑧𐑯𐑦𐑩 𐑕𐑤𐑦𐑐 𐑑𐑢𐑦𐑒𐑕𐑑 𐑒𐑳𐑐𐑩𐑯 𐑤𐑦𐑐	89
fragment	there's many a slip twixt cup and lip	UNC	GenAm	ðerz-	𐑞𐑧𐑮𐑟-	ðeərz ˌmeniə ˈslɪp twɪkst ˌkʌpən ˈlɪp	𐑞𐑺𐑟 𐑥𐑧𐑯𐑦𐑩 𐑕𐑤𐑦𐑐 𐑑𐑢𐑦𐑒𐑕𐑑 𐑒𐑳𐑐𐑩𐑯 𐑤𐑦𐑐	89
fragment	Thessalonians	NP0	GenAm	-jənz	-𐑘𐑩𐑯𐑟	θesəˈloʊniənz	𐑔𐑧𐑕𐑩𐑤𐑴𐑯𐑦𐑩𐑯𐑟	89
fragment	Thessalonians	NN1	GenAm	-jənz	-𐑘𐑩𐑯𐑟	θesəˈloʊniənz	𐑔𐑧𐑕𐑩𐑤𐑴𐑯𐑦𐑩𐑯𐑟	89
fragment	thetatron	NN1	GenAm	ˈθitəˌ-	𐑔𐑦𐑑𐑩-	ˈθeɪtəˌtrɒn	𐑔𐑱𐑑𐑩𐑑𐑮𐑪𐑯	1
fragment	thiourea	NN1	GenAm	-ˈjʊəriə	-𐑘𐑫𐑼𐑦𐑩	θaɪoʊjəˈriə	𐑔𐑲𐑴𐑘𐑼𐑦𐑩	89
fragment	thirteen	CRD	GenAm	ˌθɜːRtin-	𐑔𐑻𐑑𐑦𐑯-	ˌθɜːRtˈtin	𐑔𐑻𐑑𐑑𐑦𐑯	89
fragment	thoroughgoing	AJ0	GenAm	-roʊ	-𐑮𐑴	ˈθʌrəˌɡoʊɪŋ	𐑔𐑳𐑮𐑩𐑜𐑴𐑦𐑙	89
fragment	thoughtfulness	NN1	RSSB	-fʊl-	-𐑓𐑫𐑤-	ˈθɔːtfəlnəs	𐑔𐑷𐑑𐑓𐑩𐑤𐑯𐑩𐑕	89
fragment	thrapple	NN1	RSSB	θrɒ-	𐑔𐑮𐑪-	θræpəl	𐑔𐑮𐑨𐑐𐑩𐑤	89
fragment	thrapple	VVI	RSSB	θrɒ-	𐑔𐑮𐑪-	θræpəl	𐑔𐑮𐑨𐑐𐑩𐑤	89
fragment	threadbare	AJ0	RSSB	-bɜːR	-𐑚𐑻	θredbeəR	𐑔𐑮𐑧𐑛𐑚𐑺	30
fragment	three bags full, sir	UNC	GenAm	- ˌsəR	- 𐑕𐑼	ˌθri bæɡz ˈfʊl ˌsɜːR	𐑔𐑮𐑦 𐑚𐑨𐑜𐑟 𐑓𐑫𐑤 𐑕𐑻	30
fragment	Thursday	NN1	RSSB	-di	-𐑛𐑦	θɜːRzdeɪ	𐑔𐑻𐑟𐑛𐑱	1
fragment	Thursday	NN1	GenAm	-di	-𐑛𐑦	ˈθɜːRzdeɪ	𐑔𐑻𐑟𐑛𐑱	1
fragment	Thursday	AV0	RSSB	-di	-𐑛𐑦	θɜːRzdeɪ	𐑔𐑻𐑟𐑛𐑱	1
fragment	Thursday	AV0	GenAm	-di	-𐑛𐑦	ˈθɜːRzdeɪ	𐑔𐑻𐑟𐑛𐑱	1
fragment	thyroxine	NN1	RSSB	-sɪn	-𐑕𐑦𐑯	θaɪrɒksiːn	𐑔𐑲𐑮𐑪𐑒𐑕𐑰𐑯	1
fragment	thyroxine	NN1	GenAm	-sɪn	-𐑕𐑦𐑯	θaɪˈrɒksin	𐑔𐑲𐑮𐑪𐑒𐑕𐑦𐑯	1
fragment	tiddlywink	NN1	RSSB	ˈtɪdlɪ-	𐑑𐑦𐑛𐑤𐑦-	ˈtɪdəlɪwɪŋk	𐑑𐑦𐑛𐑩𐑤𐑦𐑢𐑦𐑙𐑒	89
fragment	tiddlywink	VVI	RSSB	ˈtɪdlɪ-	𐑑𐑦𐑛𐑤𐑦-	ˈtɪdəlɪwɪŋk	𐑑𐑦𐑛𐑩𐑤𐑦𐑢𐑦𐑙𐑒	89
fragment	tiddlywinks	NN1	RSSB	ˈtɪdlɪ-	𐑑𐑦𐑛𐑤𐑦-	ˈtɪdəlɪwɪŋks	𐑑𐑦𐑛𐑩𐑤𐑦𐑢𐑦𐑙𐑒𐑕	89
fragment	tiddlywinks	VVI	RSSB	ˈtɪdlɪ-	𐑑𐑦𐑛𐑤𐑦-	ˈtɪdəlɪwɪŋks	𐑑𐑦𐑛𐑩𐑤𐑦𐑢𐑦𐑙𐑒𐑕	89
fragment	Tilburg	NP0	GenAm	-bʊrɡ	-𐑚𐑫𐑮𐑜	ˈtɪlbɜrɡ	𐑑𐑦𐑤𐑚ɜ𐑮𐑜	89
fragment	Tilburg	NP0	GenAm	-bɜrx	-𐑚ɜ𐑮x	ˈtɪlbɜrɡ	𐑑𐑦𐑤𐑚ɜ𐑮𐑜	1
fragment	Tilburg	NP0	GenAm	-bʊrx	-𐑚𐑫𐑮x	ˈtɪlbɜrɡ	𐑑𐑦𐑤𐑚ɜ𐑮𐑜	1
fragment	Tilburg	NP0	RSSB	-bʊəRɡ	-𐑚𐑫𐑼𐑜	tɪlbɜːRɡ	𐑑𐑦𐑤𐑚𐑻𐑜	89
fragment	Tilburg	NP0	RSSB	-bɜːRx	-𐑚𐑻x	tɪlbɜːRɡ	𐑑𐑦𐑤𐑚𐑻𐑜	1
fragment	Tilburg	NP0	RSSB	-bʊəRx	-𐑚𐑫𐑼x	tɪlbɜːRɡ	𐑑𐑦𐑤𐑚𐑻𐑜	1
fragment	tin-pot dictator	NN1	GenAm	-tər	-𐑑𐑼	ˌtɪnˌpɒt ˈdɪkˌteɪtər	𐑑𐑦𐑯𐑐𐑪𐑑 𐑛𐑦𐑒𐑑𐑱𐑑𐑼	89
fragment	tithonia	NN1	RSSB	taɪˈ-	𐑑𐑲-	tɪˈθəʊniə	𐑑𐑦𐑔𐑴𐑯𐑦𐑩	89
fragment	tithonia	NN1	GenAm	taɪˈ-	𐑑𐑲-	tɪˈθoʊniə	𐑑𐑦𐑔𐑴𐑯𐑦𐑩	89
fragment	Tithonian	NP0	RSSB	taɪˈ-	𐑑𐑲-	tɪˈθəʊniən	𐑑𐑦𐑔𐑴𐑯𐑦𐑩𐑯	89
fragment	Tithonian	NP0	GenAm	taɪˈ-	𐑑𐑲-	tɪˈθoʊniən	𐑑𐑦𐑔𐑴𐑯𐑦𐑩𐑯	89
fragment	Titonian	NP0	RSSB	taɪˈ-	𐑑𐑲-	tɪˈtəʊniən	𐑑𐑦𐑑𐑴𐑯𐑦𐑩𐑯	89
fragment	Titonian	NP0	GenAm	taɪˈ-	𐑑𐑲-	tɪˈtoʊniən	𐑑𐑦𐑑𐑴𐑯𐑦𐑩𐑯	89
fragment	Toa Payoh	NP0	RSSB	- ˈpaɪəʊ	- 𐑐𐑲𐑴	ˌtɔː ˈpɑːjəʊ	𐑑𐑷 𐑐𐑭𐑘𐑴	89
fragment	tokiponido	NN1	RSSB	-pə-	-𐑐𐑩-	ˌtəʊkipəʊˈniːdəʊ	𐑑𐑴𐑒𐑦𐑐𐑴𐑯𐑰𐑛𐑴	89
fragment	tokiponido	NN1	GenAm	-pə-	-𐑐𐑩-	ˌtoʊkipoʊˈnidoʊ	𐑑𐑴𐑒𐑦𐑐𐑴𐑯𐑦𐑛𐑴	89
fragment	tooth fairy	NN1	GenAm	-ˌferi	-𐑓𐑧𐑮𐑦	ˈtuθ ˌfeəri	𐑑𐑫𐑔 𐑓𐑺𐑦	89
fragment	tortfeasance	NN1	GenAm	ˈtɔːrt-	𐑑𐑹𐑑-	ˈtɒərtˌfiːzəns	𐑑𐑪𐑼𐑑𐑓𐑰𐑟𐑩𐑯𐑕	89
fragment	touristic	AJ0	RSSB	tɔːR-	𐑑𐑹-	tʊərɪstɪk	𐑑𐑫𐑼𐑦𐑕𐑑𐑦𐑒	89
fragment	touristic	AJ0	GenAm	tɜːR-	𐑑𐑻-	tʊrˈɪstɪk	𐑑𐑫𐑮𐑦𐑕𐑑𐑦𐑒	89
fragment	tractile	AJ0	RSSB	-təl	-𐑑𐑩𐑤	træktaɪl	𐑑𐑮𐑨𐑒𐑑𐑲𐑤	1
fragment	tractile	AJ0	GenAm	-təl	-𐑑𐑩𐑤	ˈtrækˌtaɪl	𐑑𐑮𐑨𐑒𐑑𐑲𐑤	1
fragment	tractile	AJ0	RSSB	-tɪl	-𐑑𐑦𐑤	træktaɪl	𐑑𐑮𐑨𐑒𐑑𐑲𐑤	1
fragment	transferal	NN1	RSSB	trænz-	𐑑𐑮𐑨𐑯𐑟-	trɑːnsfɜːrəRl	𐑑𐑮𐑭𐑯𐑕𐑓𐑻𐑼𐑤	30
fragment	transformative	AJ0	RSSB	træns-	𐑑𐑮𐑨𐑯𐑕-	trɑːRnsfɔːRmətɪv	𐑑𐑮𐑸𐑯𐑕𐑓𐑹𐑥𐑩𐑑𐑦𐑝	30
fragment	transformative	AJ0	GenAm	-tɪv	-𐑑𐑦𐑝	trænsˈfɔːRmətɪv	𐑑𐑮𐑨𐑯𐑕𐑓𐑹𐑥𐑩𐑑𐑦𐑝	1
fragment	transgender	AJ0	RSSB	trɑːnz-	𐑑𐑮𐑭𐑯𐑟-	trænzdʒendəR	𐑑𐑮𐑨𐑯𐑟𐑡𐑧𐑯𐑛𐑼	30
fragment	transgender	AJ0	RSSB	træns-	𐑑𐑮𐑨𐑯𐑕-	trænzdʒendəR	𐑑𐑮𐑨𐑯𐑟𐑡𐑧𐑯𐑛𐑼	30
fragment	transgender	AJ0	GenAm	ˌtrænts-	𐑑𐑮𐑨𐑯𐑑𐑕-	ˌtrænzˈdʒendər	𐑑𐑮𐑨𐑯𐑟𐑡𐑧𐑯𐑛𐑼	30
fragment	transgender	NN1	RSSB	trɑːnz-	𐑑𐑮𐑭𐑯𐑟-	trænzdʒendəR	𐑑𐑮𐑨𐑯𐑟𐑡𐑧𐑯𐑛𐑼	30
fragment	transgender	NN1	RSSB	træns-	𐑑𐑮𐑨𐑯𐑕-	trænzdʒendəR	𐑑𐑮𐑨𐑯𐑟𐑡𐑧𐑯𐑛𐑼	30
fragment	transgender	NN1	GenAm	ˌtrænts-	𐑑𐑮𐑨𐑯𐑑𐑕-	ˌtrænzˈdʒendər	𐑑𐑮𐑨𐑯𐑟𐑡𐑧𐑯𐑛𐑼	30
fragment	transgender	VVI	RSSB	trɑːnz-	𐑑𐑮𐑭𐑯𐑟-	trænzdʒendəR	𐑑𐑮𐑨𐑯𐑟𐑡𐑧𐑯𐑛𐑼	30
fragment	transgender	VVI	RSSB	træns-	𐑑𐑮𐑨𐑯𐑕-	trænzdʒendəR	𐑑𐑮𐑨𐑯𐑟𐑡𐑧𐑯𐑛𐑼	30
fragment	transgender	VVI	GenAm	ˌtrænts-	𐑑𐑮𐑨𐑯𐑑𐑕-	ˌtrænzˈdʒendər	𐑑𐑮𐑨𐑯𐑟𐑡𐑧𐑯𐑛𐑼	30
fragment	transgendered	AJ0	RSSB	træns-	𐑑𐑮𐑨𐑯𐑕-	trænzdʒendərd	𐑑𐑮𐑨𐑯𐑟𐑡𐑧𐑯𐑛𐑼𐑛	30
fragment	transgendered	AJ0	GenAm	trænts-	𐑑𐑮𐑨𐑯𐑑𐑕-	trænzˈdʒendərd	𐑑𐑮𐑨𐑯𐑟𐑡𐑧𐑯𐑛𐑼𐑛	30
fragment	transgendered	NN1	RSSB	træns-	𐑑𐑮𐑨𐑯𐑕-	trænzdʒendərd	𐑑𐑮𐑨𐑯𐑟𐑡𐑧𐑯𐑛𐑼𐑛	30
fragment	transgendered	NN1	GenAm	trænts-	𐑑𐑮𐑨𐑯𐑑𐑕-	trænzˈdʒendərd	𐑑𐑮𐑨𐑯𐑟𐑡𐑧𐑯𐑛𐑼𐑛	30
fragment	transgendered	VVI	RSSB	træns-	𐑑𐑮𐑨𐑯𐑕-	trænzdʒendərd	𐑑𐑮𐑨𐑯𐑟𐑡𐑧𐑯𐑛𐑼𐑛	30
fragment	transgendered	VVI	GenAm	trænts-	𐑑𐑮𐑨𐑯𐑑𐑕-	trænzˈdʒendərd	𐑑𐑮𐑨𐑯𐑟𐑡𐑧𐑯𐑛𐑼𐑛	30
fragment	transgenderism	NN1	RSSB	trɑːnz-	𐑑𐑮𐑭𐑯𐑟-	trænzdʒendərɪsm	𐑑𐑮𐑨𐑯𐑟𐑡𐑧𐑯𐑛𐑼𐑦𐑕𐑥	30
fragment	transgenderism	NN1	RSSB	træns-	𐑑𐑮𐑨𐑯𐑕-	trænzdʒendərɪsm	𐑑𐑮𐑨𐑯𐑟𐑡𐑧𐑯𐑛𐑼𐑦𐑕𐑥	30
fragment	transgenderism	NN1	GenAm	ˌtrænts-	𐑑𐑮𐑨𐑯𐑑𐑕-	ˌtrænzˈdʒendərɪsm	𐑑𐑮𐑨𐑯𐑟𐑡𐑧𐑯𐑛𐑼𐑦𐑕𐑥	30
fragment	transient	AJ0	RSSB	-siənt	-𐑕𐑦𐑩𐑯𐑑	tranziənt	𐑑𐑮𐑨𐑯𐑟𐑦𐑩𐑯𐑑	1
fragment	transient	NN1	RSSB	-siənt	-𐑕𐑦𐑩𐑯𐑑	tranziənt	𐑑𐑮𐑨𐑯𐑟𐑦𐑩𐑯𐑑	1
fragment	transition	NN1	RSSB	-sɪ-	-𐑕𐑦-	trænzɪʃən	𐑑𐑮𐑨𐑯𐑟𐑦𐑖𐑩𐑯	1
fragment	transition	NN1	GenAm	-sɪ-	-𐑕𐑦-	trænˈzɪʃən	𐑑𐑮𐑨𐑯𐑟𐑦𐑖𐑩𐑯	1
fragment	transition	NN1	RSSB	-ʒən	-𐑠𐑩𐑯	trænzɪʃən	𐑑𐑮𐑨𐑯𐑟𐑦𐑖𐑩𐑯	1
fragment	transition	VVI	RSSB	-sɪ-	-𐑕𐑦-	trænzɪʃən	𐑑𐑮𐑨𐑯𐑟𐑦𐑖𐑩𐑯	1
fragment	transition	VVI	GenAm	-sɪ-	-𐑕𐑦-	trænˈzɪʃən	𐑑𐑮𐑨𐑯𐑟𐑦𐑖𐑩𐑯	1
fragment	transition	VVI	RSSB	-ʒən	-𐑠𐑩𐑯	trænzɪʃən	𐑑𐑮𐑨𐑯𐑟𐑦𐑖𐑩𐑯	1
fragment	translate	VVI	RSSB	trænz-	𐑑𐑮𐑨𐑯𐑟-	trɑːnzleɪt	𐑑𐑮𐑭𐑯𐑟𐑤𐑱𐑑	89
fragment	translate	VVI	RSSB	trɑːns-	𐑑𐑮𐑭𐑯𐑕-	trɑːnzleɪt	𐑑𐑮𐑭𐑯𐑟𐑤𐑱𐑑	89
fragment	translate	VVI	RSSB	træns-	𐑑𐑮𐑨𐑯𐑕-	trɑːnzleɪt	𐑑𐑮𐑭𐑯𐑟𐑤𐑱𐑑	89
fragment	translate	VVI	GenAm	træns-	𐑑𐑮𐑨𐑯𐑕-	trænzˈleɪt	𐑑𐑮𐑨𐑯𐑟𐑤𐑱𐑑	89
fragment	translate	VVI	GenAm	ˈtræns-	𐑑𐑮𐑨𐑯𐑕-	trænzˈleɪt	𐑑𐑮𐑨𐑯𐑟𐑤𐑱𐑑	89
fragment	translate	NN1	RSSB	trænz-	𐑑𐑮𐑨𐑯𐑟-	trɑːnzleɪt	𐑑𐑮𐑭𐑯𐑟𐑤𐑱𐑑	89
fragment	translate	NN1	RSSB	trɑːns-	𐑑𐑮𐑭𐑯𐑕-	trɑːnzleɪt	𐑑𐑮𐑭𐑯𐑟𐑤𐑱𐑑	89
fragment	translate	NN1	RSSB	træns-	𐑑𐑮𐑨𐑯𐑕-	trɑːnzleɪt	𐑑𐑮𐑭𐑯𐑟𐑤𐑱𐑑	89
fragment	translate	NN1	GenAm	træns-	𐑑𐑮𐑨𐑯𐑕-	trænzˈleɪt	𐑑𐑮𐑨𐑯𐑟𐑤𐑱𐑑	89
fragment	translate	NN1	GenAm	ˈtræns-	𐑑𐑮𐑨𐑯𐑕-	trænzˈleɪt	𐑑𐑮𐑨𐑯𐑟𐑤𐑱𐑑	89
fragment	translation	NN1	RSSB	træns-	𐑑𐑮𐑨𐑯𐑕-	trænzleɪʃən	𐑑𐑮𐑨𐑯𐑟𐑤𐑱𐑖𐑩𐑯	89
fragment	translation	NN1	GenAm	træns-	𐑑𐑮𐑨𐑯𐑕-	trænzˈleɪʃən	𐑑𐑮𐑨𐑯𐑟𐑤𐑱𐑖𐑩𐑯	89
fragment	translation	NN1	RSSB	trɑːnz-	𐑑𐑮𐑭𐑯𐑟-	trænzleɪʃən	𐑑𐑮𐑨𐑯𐑟𐑤𐑱𐑖𐑩𐑯	89
fragment	translation	NN1	RSSB	trɑːns-	𐑑𐑮𐑭𐑯𐑕-	trænzleɪʃən	𐑑𐑮𐑨𐑯𐑟𐑤𐑱𐑖𐑩𐑯	89
fragment	transparency	NN1	GenAm	trænz-	𐑑𐑮𐑨𐑯𐑟-	trænsˈpærənsi	𐑑𐑮𐑨𐑯𐑕𐑐𐑨𐑮𐑩𐑯𐑕𐑦	30
fragment	transsexual	AJ0	RSSB	trɑːnz-	𐑑𐑮𐑭𐑯𐑟-	trænzsekʃuəl	𐑑𐑮𐑨𐑯𐑟𐑕𐑧𐑒𐑖𐑫𐑩𐑤	89
fragment	transsexual	AJ0	RSSB	træns-	𐑑𐑮𐑨𐑯𐑕-	trænzsekʃuəl	𐑑𐑮𐑨𐑯𐑟𐑕𐑧𐑒𐑖𐑫𐑩𐑤	89
fragment	transsexual	AJ0	GenAm	ˌtrænts-	𐑑𐑮𐑨𐑯𐑑𐑕-	ˌtrænzˈsekʃuəl	𐑑𐑮𐑨𐑯𐑟𐑕𐑧𐑒𐑖𐑫𐑩𐑤	89
fragment	transsexual	NN1	RSSB	trɑːnz-	𐑑𐑮𐑭𐑯𐑟-	trænzsekʃuəl	𐑑𐑮𐑨𐑯𐑟𐑕𐑧𐑒𐑖𐑫𐑩𐑤	89
fragment	transsexual	NN1	RSSB	træns-	𐑑𐑮𐑨𐑯𐑕-	trænzsekʃuəl	𐑑𐑮𐑨𐑯𐑟𐑕𐑧𐑒𐑖𐑫𐑩𐑤	89
fragment	transsexual	NN1	GenAm	ˌtrænts-	𐑑𐑮𐑨𐑯𐑑𐑕-	ˌtrænzˈsekʃuəl	𐑑𐑮𐑨𐑯𐑟𐑕𐑧𐑒𐑖𐑫𐑩𐑤	89
fragment	transversal	AJ0	RSSB	trænz-	𐑑𐑮𐑨𐑯𐑟-	trænsvɜːRsəl	𐑑𐑮𐑨𐑯𐑕𐑝𐑻𐑕𐑩𐑤	30
fragment	transversal	AJ0	GenAm	trænz-	𐑑𐑮𐑨𐑯𐑟-	trænsˈvɜːRsəl	𐑑𐑮𐑨𐑯𐑕𐑝𐑻𐑕𐑩𐑤	30
fragment	transversal	NN1	RSSB	trænz-	𐑑𐑮𐑨𐑯𐑟-	trænsvɜːRsəl	𐑑𐑮𐑨𐑯𐑕𐑝𐑻𐑕𐑩𐑤	30
fragment	transversal	NN1	GenAm	trænz-	𐑑𐑮𐑨𐑯𐑟-	trænsˈvɜːRsəl	𐑑𐑮𐑨𐑯𐑕𐑝𐑻𐑕𐑩𐑤	30
fragment	transversarium	NN1	RSSB	trænz-	𐑑𐑮𐑨𐑯𐑟-	trænsvɜːRseəriəRm	𐑑𐑮𐑨𐑯𐑕𐑝𐑻𐑕𐑺𐑦𐑼𐑥	30
fragment	transversarium	NN1	GenAm	ˌtrænz-	𐑑𐑮𐑨𐑯𐑟-	ˌtrænsvɜːRˈseriəm	𐑑𐑮𐑨𐑯𐑕𐑝𐑻𐑕𐑧𐑮𐑦𐑩𐑥	30
fragment	transversarium	NN1	RSSB	trɑːRnz-	𐑑𐑮𐑸𐑯𐑟-	trænsvɜːRseəriəRm	𐑑𐑮𐑨𐑯𐑕𐑝𐑻𐑕𐑺𐑦𐑼𐑥	30
fragment	transvestigate	VVI	GenAm	-tə-	-𐑑𐑩-	trænzˈvestɪɡeɪt	𐑑𐑮𐑨𐑯𐑟𐑝𐑧𐑕𐑑𐑦𐑜𐑱𐑑	1
fragment	transvestigation	NN1	RSSB	-ʃən	-𐑖𐑩𐑯	trænzvestɪɡeɪʃən	𐑑𐑮𐑨𐑯𐑟𐑝𐑧𐑕𐑑𐑦𐑜𐑱𐑖𐑩𐑯	1
fragment	transvestigation	NN1	GenAm	-ʃən	-𐑖𐑩𐑯	trænzˌvestɪˈɡeɪʃən	𐑑𐑮𐑨𐑯𐑟𐑝𐑧𐑕𐑑𐑦𐑜𐑱𐑖𐑩𐑯	1
fragment	transvestigation	NN1	GenAm	-tə-	-𐑑𐑩-	trænzˌvestɪˈɡeɪʃən	𐑑𐑮𐑨𐑯𐑟𐑝𐑧𐑕𐑑𐑦𐑜𐑱𐑖𐑩𐑯	1
fragment	transvestigator	NN1	GenAm	-tə-	-𐑑𐑩-	trænzˌvestɪˈɡeɪtər	𐑑𐑮𐑨𐑯𐑟𐑝𐑧𐑕𐑑𐑦𐑜𐑱𐑑𐑼	1
fragment	treasured	AJ0	GenAm	ˈtʃreʒ-	𐑗𐑮𐑧𐑠-	ˈtreʒəRd	𐑑𐑮𐑧𐑠𐑼𐑛	30
fragment	treasured	VVI	GenAm	ˈtʃreʒ-	𐑗𐑮𐑧𐑠-	ˈtreʒəRd	𐑑𐑮𐑧𐑠𐑼𐑛	30
fragment	treaty	NN1	GenAm	-ti	-𐑑𐑦	ˈtriti	𐑑𐑮𐑦𐑑𐑦	1
fragment	treaty	VVI	GenAm	-ti	-𐑑𐑦	ˈtriti	𐑑𐑮𐑦𐑑𐑦	1
fragment	trepan	NN1	GenAm	tri-	𐑑𐑮𐑦-	trəˈpæn	𐑑𐑮𐑩𐑐𐑨𐑯	89
fragment	trepan	VVI	GenAm	tri-	𐑑𐑮𐑦-	trəˈpæn	𐑑𐑮𐑩𐑐𐑨𐑯	89
fragment	tricenary	NN1	GenAm	ˈtrɪsəˌ-	𐑑𐑮𐑦𐑕𐑩-	traɪˈsinəri	𐑑𐑮𐑲𐑕𐑦𐑯𐑼𐑦	30
fragment	tricenary	NN1	GenAm	-ˈsenəri	-𐑕𐑧𐑯𐑼𐑦	traɪˈsinəri	𐑑𐑮𐑲𐑕𐑦𐑯𐑼𐑦	30
fragment	tricolour	NN1	RSSB	-lɔːR	-𐑤𐑹	traɪkʌləR	𐑑𐑮𐑲𐑒𐑳𐑤𐑼	30
fragment	tricolour	AJ0	RSSB	-lɔːR	-𐑤𐑹	traɪkʌləR	𐑑𐑮𐑲𐑒𐑳𐑤𐑼	30
fragment	Trinity term	NN1	GenAm	-ti	-𐑑𐑦	ˈtrɪnəti tɜːRm	𐑑𐑮𐑦𐑯𐑩𐑑𐑦 𐑑𐑻𐑥	1
fragment	trompe l'oeil	NN1	GenAm	-ˈleɪ	-𐑤𐑱	ˈtrɒmp ˈlɔɪ	𐑑𐑮𐑪𐑥𐑐 𐑤𐑶	1
fragment	troonism	NN1	RSSB	-zəm	-𐑟𐑩𐑥	truːnɪzəm	𐑑𐑮𐑵𐑯𐑦𐑟𐑩𐑥	1
fragment	troonism	NN1	GenAm	-zəm	-𐑟𐑩𐑥	ˈtrunɪzəm	𐑑𐑮𐑫𐑯𐑦𐑟𐑩𐑥	1
fragment	tropharium	NN1	RSSB	trəʊ-	𐑑𐑮𐑴-	trɒfeəriəm	𐑑𐑮𐑪𐑓𐑺𐑦𐑩𐑥	30
fragment	tropharium	NN1	GenAm	troʊˈ-	𐑑𐑮𐑴-	trɒˈferiəm	𐑑𐑮𐑪𐑓𐑧𐑮𐑦𐑩𐑥	30
fragment	tuberculosis	NN1	GenAm	tʊ-	𐑑𐑫-	tuˌbəRkjəˈloʊsɪs	𐑑𐑫𐑚𐑼𐑒𐑘𐑩𐑤𐑴𐑕𐑦𐑕	1
fragment	tubular	AJ0	RSSB	tʃuː-	𐑗𐑵-	tjuːbjələR	𐑑𐑿𐑚𐑘𐑩𐑤𐑼	1
fragment	tubular	AJ0	RSSB	-bjəR-	-𐑚𐑘𐑼-	tjuːbjələR	𐑑𐑿𐑚𐑘𐑩𐑤𐑼	89
fragment	tubular	AJ0	GenAm	-bju-	-𐑚𐑘𐑫-	ˈtjubjələr	𐑑𐑘𐑫𐑚𐑘𐑩𐑤𐑼	1
fragment	tubular bells	NN1	RSSB	tʃuː-	𐑗𐑵-	tjuːbjələ belz	𐑑𐑿𐑚𐑘𐑩𐑤𐑩 𐑚𐑧𐑤𐑟	1
fragment	tubular bells	NN1	RSSB	-bjə-	-𐑚𐑘𐑩-	tjuːbjələ belz	𐑑𐑿𐑚𐑘𐑩𐑤𐑩 𐑚𐑧𐑤𐑟	1
fragment	tubular bells	NN1	GenAm	-bju-	-𐑚𐑘𐑫-	ˌtjubjələr ˈbelz	𐑑𐑘𐑫𐑚𐑘𐑩𐑤𐑼 𐑚𐑧𐑤𐑟	1
fragment	tumultuary	AJ0	RSSB	tə-	𐑑𐑩-	tjəmʌltjəəri	𐑑𐑘𐑩𐑥𐑳𐑤𐑑𐑘𐑩𐑼𐑦	1
fragment	tumultuous	AJ0	GenAm	tə-	𐑑𐑩-	tuˈmʌltʃuəs	𐑑𐑫𐑥𐑳𐑤𐑗𐑫𐑩𐑕	89
fragment	turken	NN1	RSSB	-kəRn	-𐑒𐑼𐑯	tɜːRkɪn	𐑑𐑻𐑒𐑦𐑯	89
fragment	turken	NN1	GenAm	-kən	-𐑒𐑩𐑯	ˈtɜːRkɪn	𐑑𐑻𐑒𐑦𐑯	1
fragment	turn a blind eye	VVI	RSSB	tɜːRn eɪ-	𐑑𐑻𐑯 𐑱-	tɜːRn ə blaɪnd aɪ	𐑑𐑻𐑯 𐑩 𐑚𐑤𐑲𐑯𐑛 𐑲	89
fragment	turn a blind eye	VVI	GenAm	ˈtɜrn ˌeɪ-	𐑑ɜ𐑮𐑯 𐑱-	ˈtɜrn ə ˌblaɪnd ˈaɪ	𐑑ɜ𐑮𐑯 𐑩 𐑚𐑤𐑲𐑯𐑛 𐑲	1
fragment	turn turtle	VVI	GenAm	-təl	-𐑑𐑩𐑤	ˈtɜːRn ˈtɜːRtəl	𐑑𐑻𐑯 𐑑𐑻𐑑𐑩𐑤	1
fragment	twentieth	AJ0	RSSB	-ɪθ	-𐑦𐑔	ˈtwentiəθ	𐑑𐑢𐑧𐑯𐑑𐑦𐑩𐑔	89
fragment	twentieth	NN1	RSSB	-ɪθ	-𐑦𐑔	ˈtwentiəθ	𐑑𐑢𐑧𐑯𐑑𐑦𐑩𐑔	89
fragment	twenty-four	CRD	GenAm	-ti-	-𐑑𐑦-	ˌtwentiˈfɔːR	𐑑𐑢𐑧𐑯𐑑𐑦𐑓𐑹	1
fragment	twenty-four-hour clock	NN1	GenAm	-ti-	-𐑑𐑦-	ˌtwentiˈfɔːRˌaʊər ˈklɒk	𐑑𐑢𐑧𐑯𐑑𐑦𐑓𐑹𐑬𐑼 𐑒𐑤𐑪𐑒	1
fragment	twenty-four-hour clock	NN1	GenAm	-ˈklɒk	-𐑒𐑤𐑪𐑒	ˌtwentiˈfɔːRˌaʊər ˈklɒk	𐑑𐑢𐑧𐑯𐑑𐑦𐑓𐑹𐑬𐑼 𐑒𐑤𐑪𐑒	1
fragment	twintuition	NN1	RSSB	ˌtwɪntʃuː-	𐑑𐑢𐑦𐑯𐑗𐑵-	ˌtwɪntjuːˈɪʃən	𐑑𐑢𐑦𐑯𐑑𐑿𐑦𐑖𐑩𐑯	89
fragment	Ugandan	NN1	RSSB	jə-	𐑘𐑩-	juːˈɡændən	𐑿𐑜𐑨𐑯𐑛𐑩𐑯	89
fragment	Ugandan	AJ0	RSSB	jə-	𐑘𐑩-	juːˈɡændən	𐑿𐑜𐑨𐑯𐑛𐑩𐑯	89
fragment	Ugandan affairs	NN1	RSSB	jə-	𐑘𐑩-	juːɡændən əRfeəRz	𐑿𐑜𐑨𐑯𐑛𐑩𐑯 𐑼𐑓𐑺𐑟	1
fragment	ugari	NN1	RSSB	-ɡaː-	-𐑜𐑨ː-	juːɡəri	𐑿𐑜𐑼𐑦	1
fragment	ugari	NN1	GenAm	-ɡaː-	-𐑜𐑨ː-	ˈjuɡəri	𐑘𐑫𐑜𐑼𐑦	1
fragment	Ukrainian	AJ0	RSSB	jə-	𐑘𐑩-	juːkreɪnɪən	𐑿𐑒𐑮𐑱𐑯𐑾𐑯	1
fragment	Ukrainian	NN1	RSSB	jə-	𐑘𐑩-	juːkreɪnɪən	𐑿𐑒𐑮𐑱𐑯𐑾𐑯	1
fragment	Ukrainian	NP0	RSSB	jə-	𐑘𐑩-	juːkreɪnɪən	𐑿𐑒𐑮𐑱𐑯𐑾𐑯	1
fragment	ululation	NN1	RSSB	ʌljə-	𐑳𐑤𐑘𐑩-	juːljəˈleɪʃən	𐑿𐑤𐑘𐑩𐑤𐑱𐑖𐑩𐑯	89
fragment	ululation	NN1	GenAm	ˌʌljə-	𐑳𐑤𐑘𐑩-	ˌjuljuˈleɪʃən	𐑘𐑫𐑤𐑘𐑫𐑤𐑱𐑖𐑩𐑯	89
fragment	unabsolve	VVI	GenAm	-ˈsɒlv	-𐑕𐑪𐑤𐑝	ˌʌnəbˈzɒlv	𐑳𐑯𐑩𐑚𐑟𐑪𐑤𐑝	89
fragment	unabsolve	VVI	GenAm	-ˈzɒlv	-𐑟𐑪𐑤𐑝	ˌʌnəbˈzɒlv	𐑳𐑯𐑩𐑚𐑟𐑪𐑤𐑝	89
fragment	uncertainly	AV0	RSSB	-lɪ	-𐑤𐑦	ʌnsɜːRtənli	𐑳𐑯𐑕𐑻𐑑𐑩𐑯𐑤𐑦	1
fragment	Uncle Sam	NP0	GenAm	ˌəŋ-	𐑩𐑙-	ˌʌŋkəl ˈsæm	𐑳𐑙𐑒𐑩𐑤 𐑕𐑨𐑥	89
fragment	unconventionality	NN1	RSSB	ˌʌŋ-	𐑳𐑙-	ˌʌnkənˌventʃəˈnaləti	𐑳𐑯𐑒𐑩𐑯𐑝𐑧𐑯𐑗𐑩𐑯𐑨𐑤𐑩𐑑𐑦	89
fragment	unctuous	AJ0	RSSB	-tjəəs	-𐑑𐑘𐑩𐑩𐑕	ˈʌŋktʃʊəs	𐑳𐑙𐑒𐑗𐑫𐑩𐑕	89
fragment	underfire	VVI	RSSB	-faɪər	-𐑓𐑲𐑼	ʌndəRfaɪəR	𐑳𐑯𐑛𐑼𐑓𐑲𐑼	30
fragment	underfire	VVI	GenAm	-ˌfaɪəR	-𐑓𐑲𐑼	ˈʌndəRˌfaɪər	𐑳𐑯𐑛𐑼𐑓𐑲𐑼	30
fragment	unforget	VVI	RSSB	-fɔːR-	-𐑓𐑹-	ʌnfəRɡet	𐑳𐑯𐑓𐑼𐑜𐑧𐑑	89
fragment	unforget	VVI	GenAm	-fɔːR-	-𐑓𐑹-	ʌnfəRˈɡet	𐑳𐑯𐑓𐑼𐑜𐑧𐑑	89
fragment	unidirectional	AJ0	RSSB	-daɪ-	-𐑛𐑲-	juːnɪdɪrekʃənəl	𐑿𐑯𐑦𐑛𐑦𐑮𐑧𐑒𐑖𐑩𐑯𐑩𐑤	1
fragment	unidirectional	AJ0	GenAm	-daɪ-	-𐑛𐑲-	ˌjuːnɪdɪˈrekʃənəl	𐑿𐑯𐑦𐑛𐑦𐑮𐑧𐑒𐑖𐑩𐑯𐑩𐑤	1
fragment	unidirectional	AJ0	RSSB	-rekʃnəl	-𐑮𐑧𐑒𐑖𐑯𐑩𐑤	juːnɪdɪrekʃənəl	𐑿𐑯𐑦𐑛𐑦𐑮𐑧𐑒𐑖𐑩𐑯𐑩𐑤	89
fragment	unidirectional	NN1	RSSB	-daɪ-	-𐑛𐑲-	juːnɪdɪrekʃənəl	𐑿𐑯𐑦𐑛𐑦𐑮𐑧𐑒𐑖𐑩𐑯𐑩𐑤	1
fragment	unidirectional	NN1	GenAm	-daɪ-	-𐑛𐑲-	ˌjuːnɪdɪˈrekʃənəl	𐑿𐑯𐑦𐑛𐑦𐑮𐑧𐑒𐑖𐑩𐑯𐑩𐑤	1
fragment	unidirectional	NN1	RSSB	-rekʃnəl	-𐑮𐑧𐑒𐑖𐑯𐑩𐑤	juːnɪdɪrekʃənəl	𐑿𐑯𐑦𐑛𐑦𐑮𐑧𐑒𐑖𐑩𐑯𐑩𐑤	89
fragment	uniformity	NN1	GenAm	-ti	-𐑑𐑦	ˌjunɪˈfɔːRməti	𐑘𐑫𐑯𐑦𐑓𐑹𐑥𐑩𐑑𐑦	1
fragment	United States	NP0	GenAm	jɪ̈-	𐑘𐑦̈-	juˌnaɪtɪ̈d ˈsteɪts	𐑘𐑫𐑯𐑲𐑑𐑦̈𐑛 𐑕𐑑𐑱𐑑𐑕	1
fragment	unloose	VVI	GenAm	ˌən-	𐑩𐑯-	ˌʌnˈlus	𐑳𐑯𐑤𐑫𐑕	89
fragment	unmannerly	AJ0	GenAm	ˌən-	𐑩𐑯-	ˌʌnˈmænəRli	𐑳𐑯𐑥𐑨𐑯𐑼𐑤𐑦	1
fragment	unmannerly	AV0	GenAm	ˌən-	𐑩𐑯-	ˌʌnˈmænəRli	𐑳𐑯𐑥𐑨𐑯𐑼𐑤𐑦	1
fragment	unobtainium	NN1	RSSB	-əb-	-𐑩𐑚-	ˌʌnɒbˈteɪnɪəm	𐑳𐑯𐑪𐑚𐑑𐑱𐑯𐑾𐑥	89
fragment	unreliable narrator	NN1	GenAm	-rətəR	-𐑮𐑩𐑑𐑼	ˌʌnrəˌlaɪəbəl ˈneˌreɪtəR	𐑳𐑯𐑮𐑩𐑤𐑲𐑩𐑚𐑩𐑤 𐑯𐑧𐑮𐑱𐑑𐑼	30
fragment	unreliable narrator	NN1	GenAm	-nəˈreɪtəR	-𐑯𐑼𐑱𐑑𐑼	ˌʌnrəˌlaɪəbəl ˈneˌreɪtəR	𐑳𐑯𐑮𐑩𐑤𐑲𐑩𐑚𐑩𐑤 𐑯𐑧𐑮𐑱𐑑𐑼	30
fragment	unreliable narrator	NN1	GenAm	-təR	-𐑑𐑼	ˌʌnrəˌlaɪəbəl ˈneˌreɪtəR	𐑳𐑯𐑮𐑩𐑤𐑲𐑩𐑚𐑩𐑤 𐑯𐑧𐑮𐑱𐑑𐑼	30
fragment	UNSCOM	NP0	RSSB	ˈʌnz-	𐑳𐑯𐑟-	ˈʌnskɒm	𐑳𐑯𐑕𐑒𐑪𐑥	89
fragment	UNSCOM	NP0	GenAm	ˈʌnz-	𐑳𐑯𐑟-	ˈʌnsˌkɒm	𐑳𐑯𐑕𐑒𐑪𐑥	89
fragment	unstinting	AJ0	GenAm	-tɪŋ	-𐑑𐑦𐑙	ˌʌnˈstɪntɪŋ	𐑳𐑯𐑕𐑑𐑦𐑯𐑑𐑦𐑙	89
fragment	unto	CJC	RSSB	-tuː	-𐑑𐑵	ˈʌntʊ	𐑳𐑯𐑑𐑫	89
fragment	unto	CJC	GenAm	-tuː	-𐑑𐑵	ˈʌntə	𐑳𐑯𐑑𐑩	89
fragment	unto	CJC	RSSB	-tə	-𐑑𐑩	ˈʌntʊ	𐑳𐑯𐑑𐑫	89
fragment	unto	CJC	GenAm	-tʊ	-𐑑𐑫	ˈʌntə	𐑳𐑯𐑑𐑩	89
fragment	unto	PRP	RSSB	-tuː	-𐑑𐑵	ˈʌntʊ	𐑳𐑯𐑑𐑫	89
fragment	unto	PRP	GenAm	-tuː	-𐑑𐑵	ˈʌntə	𐑳𐑯𐑑𐑩	89
fragment	unto	PRP	RSSB	-tə	-𐑑𐑩	ˈʌntʊ	𐑳𐑯𐑑𐑫	89
fragment	unto	PRP	GenAm	-tʊ	-𐑑𐑫	ˈʌntə	𐑳𐑯𐑑𐑩	89
fragment	unwittingly	AV0	GenAm	ˌən-	𐑩𐑯-	ˌʌnˈwɪtɪŋli	𐑳𐑯𐑢𐑦𐑑𐑦𐑙𐑤𐑦	89
fragment	unwittingly	AV0	GenAm	-tɪŋ-	-𐑑𐑦𐑙-	ˌʌnˈwɪtɪŋli	𐑳𐑯𐑢𐑦𐑑𐑦𐑙𐑤𐑦	89
fragment	up to eleven	UNC	GenAm	-əˈlevən	-𐑩𐑤𐑧𐑝𐑩𐑯	ˌʌp tə ɪˈlevən	𐑳𐑐 𐑑𐑩 𐑦𐑤𐑧𐑝𐑩𐑯	89
fragment	up to eleven	VVI	GenAm	-əˈlevən	-𐑩𐑤𐑧𐑝𐑩𐑯	ˌʌp tə ɪˈlevən	𐑳𐑐 𐑑𐑩 𐑦𐑤𐑧𐑝𐑩𐑯	89
fragment	upland	NN1	GenAm	ˈəp-	𐑩𐑐-	ˈʌplənd	𐑳𐑐𐑤𐑩𐑯𐑛	89
fragment	upland	AJ0	GenAm	ˈəp-	𐑩𐑐-	ˈʌplənd	𐑳𐑐𐑤𐑩𐑯𐑛	89
fragment	uptalking	NN1	GenAm	-ˌtɒ-	-𐑑𐑪-	ˈəpˌtɒkɪŋ	𐑩𐑐𐑑𐑪𐑒𐑦𐑙	89
fragment	uptalking	VVI	GenAm	-ˌtɒ-	-𐑑𐑪-	ˈəpˌtɒkɪŋ	𐑩𐑐𐑑𐑪𐑒𐑦𐑙	89
fragment	urinator	NN1	GenAm	-təR	-𐑑𐑼	ˈjʊərɪˌneɪtəR	𐑘𐑫𐑼𐑦𐑯𐑱𐑑𐑼	30
fragment	usquebaugh	NN1	GenAm	-ˌbɒ	-𐑚𐑪	ˈʌskwəˌbɒ	𐑳𐑕𐑒𐑢𐑩𐑚𐑪	89
fragment	usufruct	NN1	GenAm	-sə-	-𐑕𐑩-	ˈjuzəˌfrəkt	𐑘𐑫𐑟𐑩𐑓𐑮𐑩𐑒𐑑	1
fragment	usufruct	VVI	GenAm	-sə-	-𐑕𐑩-	ˈjuzəˌfrəkt	𐑘𐑫𐑟𐑩𐑓𐑮𐑩𐑒𐑑	1
fragment	utmost	AJ0	GenAm	ˈʌʔ-	𐑳ʔ-	ˈʌtmoʊst	𐑳𐑑𐑥𐑴𐑕𐑑	1
fragment	utmost	AJ0	GenAm	ˈət-	𐑩𐑑-	ˈʌtmoʊst	𐑳𐑑𐑥𐑴𐑕𐑑	89
fragment	utmost	NN1	GenAm	ˈʌʔ-	𐑳ʔ-	ˈʌtmoʊst	𐑳𐑑𐑥𐑴𐑕𐑑	1
fragment	utmost	NN1	GenAm	ˈət-	𐑩𐑑-	ˈʌtmoʊst	𐑳𐑑𐑥𐑴𐑕𐑑	89
fragment	utters	NN1	GenAm	-tərz	-𐑑𐑼𐑟	ˈʌtərz	𐑳𐑑𐑼𐑟	89
fragment	utters	VVI	GenAm	-tərz	-𐑑𐑼𐑟	ˈʌtərz	𐑳𐑑𐑼𐑟	89
fragment	uxorial	AJ0	GenAm	ək-	𐑩𐑒-	ʌkˈsɔːRiəl	𐑳𐑒𐑕𐑹𐑦𐑩𐑤	1
fragment	vagarious	AJ0	GenAm	vəˈ-	𐑝𐑩-	veɪˈɡeriəs	𐑝𐑱𐑜𐑧𐑮𐑦𐑩𐑕	1
fragment	vanity	NN1	GenAm	-ti	-𐑑𐑦	ˈvænəti	𐑝𐑨𐑯𐑩𐑑𐑦	89
fragment	vanity press	NN1	GenAm	-ti-	-𐑑𐑦-	ˌvænəti ˈpres	𐑝𐑨𐑯𐑩𐑑𐑦 𐑐𐑮𐑧𐑕	1
fragment	variability	NN1	RSSB	-ɪti	-𐑦𐑑𐑦	veəriəbɪləti	𐑝𐑺𐑦𐑩𐑚𐑦𐑤𐑩𐑑𐑦	1
fragment	variability	NN1	GenAm	-ɪti	-𐑦𐑑𐑦	ˌværiəˈbɪləti	𐑝𐑨𐑮𐑦𐑩𐑚𐑦𐑤𐑩𐑑𐑦	1
fragment	variegated	AJ0	GenAm	ˈvær-	𐑝𐑨𐑮-	ˈveəriəˌɡeɪtƏd	𐑝𐑺𐑦𐑩𐑜𐑱𐑑𐑩𐑛	89
fragment	variegated	VVI	GenAm	ˈvær-	𐑝𐑨𐑮-	ˈveəriəˌɡeɪtƏd	𐑝𐑺𐑦𐑩𐑜𐑱𐑑𐑩𐑛	89
fragment	variety	NN1	GenAm	-ti	-𐑑𐑦	vəˈraɪəti	𐑝𐑼𐑲𐑩𐑑𐑦	1
fragment	vaudeville	NN1	GenAm	-vəl	-𐑝𐑩𐑤	ˈvɔːdəˌvɪl	𐑝𐑷𐑛𐑩𐑝𐑦𐑤	89
fragment	vegetable lamb	NN1	GenAm	ˌvetʃ-	𐑝𐑧𐑗-	ˌvedʒtəbəl ˈlæm	𐑝𐑧𐑡𐑑𐑩𐑚𐑩𐑤 𐑤𐑨𐑥	89
fragment	venereal	AJ0	RSSB	vɪ-	𐑝𐑦-	vənɪərɪəRl	𐑝𐑩𐑯𐑽𐑽𐑤	1
fragment	venerealee	NN1	RSSB	vɪ-	𐑝𐑦-	vənɪərɪəRliː	𐑝𐑩𐑯𐑽𐑽𐑤𐑰	1
fragment	venire facias de novo	NN1	RSSB	də-	𐑛𐑩-	vɪnaɪəriː feɪʃɪas deɪnəʊvəʊ	𐑝𐑦𐑯𐑲𐑼𐑰 𐑓𐑱𐑖𐑦𐑨𐑕 𐑛𐑱𐑯𐑴𐑝𐑴	1
fragment	venire facias de novo	NN1	GenAm	də-	𐑛𐑩-	vɪˈnaɪəriː ˈfeɪʃɪas deɪˈnoʊvoʊ	𐑝𐑦𐑯𐑲𐑼𐑰 𐑓𐑱𐑖𐑦𐑨𐑕 𐑛𐑱𐑯𐑴𐑝𐑴	1
fragment	verboten	AJ0	RSSB	fə-	𐑓𐑩-	vəRbəʊtən	𐑝𐑼𐑚𐑴𐑑𐑩𐑯	1
fragment	verboten	AJ0	GenAm	ˌvər-	𐑝𐑼-	ˌfərˈboʊtən	𐑓𐑼𐑚𐑴𐑑𐑩𐑯	89
fragment	verboten	AJ0	GenAm	-tən	-𐑑𐑩𐑯	ˌfərˈboʊtən	𐑓𐑼𐑚𐑴𐑑𐑩𐑯	1
fragment	Verdanagate	NP0	GenAm	-ˈdæ-	-𐑛𐑨-	vərˈdɑːnəˌɡeɪt	𐑝𐑼𐑛𐑭𐑯𐑩𐑜𐑱𐑑	1
fragment	verklempt	AJ0	RSSB	və-	𐑝𐑩-	fəRklempt	𐑓𐑼𐑒𐑤𐑧𐑥𐑐𐑑	1
fragment	verklempt	AJ0	GenAm	vəR-	𐑝𐑼-	fəRˈklempt	𐑓𐑼𐑒𐑤𐑧𐑥𐑐𐑑	89
fragment	vermiculate	VVI	RSSB	vɜːR-	𐑝𐑻-	vəRmɪkjəleɪt	𐑝𐑼𐑥𐑦𐑒𐑘𐑩𐑤𐑱𐑑	89
fragment	vermiculate	AJ0	RSSB	vɜːR-	𐑝𐑻-	vəRmɪkjəleɪt	𐑝𐑼𐑥𐑦𐑒𐑘𐑩𐑤𐑱𐑑	89
fragment	vermiculation	NN1	GenAm	-kjə-	-𐑒𐑘𐑩-	vəRˌmɪkjuˈleɪʃən	𐑝𐑼𐑥𐑦𐑒𐑘𐑫𐑤𐑱𐑖𐑩𐑯	1
fragment	verses	NN1	GenAm	-əz	-𐑩𐑟	ˈvɜːRsƏz	𐑝𐑻𐑕𐑩𐑟	1
fragment	verses	NN1	RSSB	-əRz	-𐑼𐑟	vɜːRsƏz	𐑝𐑻𐑕𐑩𐑟	89
fragment	verses	VVI	GenAm	-əz	-𐑩𐑟	ˈvɜːRsƏz	𐑝𐑻𐑕𐑩𐑟	1
fragment	verses	VVI	RSSB	-əRz	-𐑼𐑟	vɜːRsƏz	𐑝𐑻𐑕𐑩𐑟	89
fragment	vetter	NN1	GenAm	-təR	-𐑑𐑼	ˈvetəR	𐑝𐑧𐑑𐑼	89
fragment	vicarial	AJ0	RSSB	vɪ-	𐑝𐑦-	vaɪkeəriəl	𐑝𐑲𐑒𐑺𐑦𐑩𐑤	1
fragment	vicarial	AJ0	GenAm	vəˈ-	𐑝𐑩-	vaɪˈkeriəl	𐑝𐑲𐑒𐑧𐑮𐑦𐑩𐑤	1
fragment	vicariously	AV0	GenAm	vɪ-	𐑝𐑦-	vaɪˈkɜriəsli	𐑝𐑲𐑒ɜ𐑮𐑦𐑩𐑕𐑤𐑦	1
fragment	vice versa	AV0	RSSB	vaɪsə-	𐑝𐑲𐑕𐑩-	vaɪsɪ vɜːRsə	𐑝𐑲𐑕𐑦 𐑝𐑻𐑕𐑩	1
fragment	vice versa	AV0	GenAm	ˈvaɪsə-	𐑝𐑲𐑕𐑩-	ˈvaɪsi ˈvɜːRsə	𐑝𐑲𐑕𐑦 𐑝𐑻𐑕𐑩	1
fragment	vice versa	AV0	RSSB	vaɪs-	𐑝𐑲𐑕-	vaɪsɪ vɜːRsə	𐑝𐑲𐑕𐑦 𐑝𐑻𐑕𐑩	1
fragment	vice versa	AV0	GenAm	vaɪs-	𐑝𐑲𐑕-	ˈvaɪsi ˈvɜːRsə	𐑝𐑲𐑕𐑦 𐑝𐑻𐑕𐑩	1
fragment	vicenarious	AJ0	RSSB	vaɪsə-	𐑝𐑲𐑕𐑩-	vɪsəRneəriəs	𐑝𐑦𐑕𐑼𐑯𐑺𐑦𐑩𐑕	1
fragment	vicenarious	AJ0	GenAm	ˌvaɪsəˈ-	𐑝𐑲𐑕𐑩-	ˌvɪsəˈneriəs	𐑝𐑦𐑕𐑩𐑯𐑧𐑮𐑦𐑩𐑕	1
fragment	vicenary	AJ0	RSSB	vaɪ-	𐑝𐑲-	vɪsəRnəri	𐑝𐑦𐑕𐑼𐑯𐑼𐑦	1
fragment	vicenary	AJ0	GenAm	ˈvaɪ-	𐑝𐑲-	ˈvɪsəˌneri	𐑝𐑦𐑕𐑩𐑯𐑧𐑮𐑦	1
fragment	vicenary	NN1	RSSB	vaɪ-	𐑝𐑲-	vɪsəRnəri	𐑝𐑦𐑕𐑼𐑯𐑼𐑦	1
fragment	vicenary	NN1	GenAm	ˈvaɪ-	𐑝𐑲-	ˈvɪsəˌneri	𐑝𐑦𐑕𐑩𐑯𐑧𐑮𐑦	1
fragment	Viconian	AJ0	GenAm	viˈ-	𐑝𐑦-	vɪˈkoʊniən	𐑝𐑦𐑒𐑴𐑯𐑦𐑩𐑯	89
fragment	victual	NN1	GenAm	-təl	-𐑑𐑩𐑤	ˈvɪtəl	𐑝𐑦𐑑𐑩𐑤	89
fragment	victual	VVI	GenAm	-təl	-𐑑𐑩𐑤	ˈvɪtəl	𐑝𐑦𐑑𐑩𐑤	89
fragment	Vietnam	NP0	GenAm	ˌviɪt-	𐑝𐑦𐑦𐑑-	viˌetˈnɒm	𐑝𐑦𐑧𐑑𐑯𐑪𐑥	89
fragment	Vietnam	NP0	GenAm	ˌviət-	𐑝𐑦𐑩𐑑-	viˌetˈnɒm	𐑝𐑦𐑧𐑑𐑯𐑪𐑥	89
fragment	Vietnam	NP0	GenAm	ˈvjet-	𐑝𐑘𐑧𐑑-	viˌetˈnɒm	𐑝𐑦𐑧𐑑𐑯𐑪𐑥	89
fragment	Vietnam	NP0	GenAm	-ˈnæm	-𐑯𐑨𐑥	viˌetˈnɒm	𐑝𐑦𐑧𐑑𐑯𐑪𐑥	89
fragment	Vietnam	NN1	GenAm	ˌviɪt-	𐑝𐑦𐑦𐑑-	viˌetˈnɒm	𐑝𐑦𐑧𐑑𐑯𐑪𐑥	89
fragment	Vietnam	NN1	GenAm	ˌviət-	𐑝𐑦𐑩𐑑-	viˌetˈnɒm	𐑝𐑦𐑧𐑑𐑯𐑪𐑥	89
fragment	Vietnam	NN1	GenAm	ˈvjet-	𐑝𐑘𐑧𐑑-	viˌetˈnɒm	𐑝𐑦𐑧𐑑𐑯𐑪𐑥	89
fragment	Vietnam	NN1	GenAm	-ˈnæm	-𐑯𐑨𐑥	viˌetˈnɒm	𐑝𐑦𐑧𐑑𐑯𐑪𐑥	89
fragment	virtue signalling	NN1	GenAm	ˈvɜːRtʃ-	𐑝𐑻𐑗-	ˈvɜrtʃu sɪɡnəlɪŋ	𐑝ɜ𐑮𐑗𐑫 𐑕𐑦𐑜𐑯𐑩𐑤𐑦𐑙	89
fragment	virtue signalling	VVI	GenAm	ˈvɜːRtʃ-	𐑝𐑻𐑗-	ˈvɜrtʃu sɪɡnəlɪŋ	𐑝ɜ𐑮𐑗𐑫 𐑕𐑦𐑜𐑯𐑩𐑤𐑦𐑙	89
fragment	virulent	AJ0	RSSB	-rjə-	-𐑮𐑘𐑩-	vɪrjələnt	𐑝𐑦𐑮𐑘𐑩𐑤𐑩𐑯𐑑	89
fragment	vitellaria	NN1	RSSB	vaɪ-	𐑝𐑲-	vɪteleəriə	𐑝𐑦𐑑𐑧𐑤𐑺𐑦𐑩	1
fragment	vitellaria	NN1	GenAm	ˌvaɪ-	𐑝𐑲-	ˌvɪteˈleriə	𐑝𐑦𐑑𐑧𐑤𐑧𐑮𐑦𐑩	1
fragment	vitellaria	NN1	RSSB	-tə-	-𐑑𐑩-	vɪteleəriə	𐑝𐑦𐑑𐑧𐑤𐑺𐑦𐑩	1
fragment	vitellaria	NN1	GenAm	-tə-	-𐑑𐑩-	ˌvɪteˈleriə	𐑝𐑦𐑑𐑧𐑤𐑧𐑮𐑦𐑩	1
fragment	vitellarial	AJ0	RSSB	vaɪ-	𐑝𐑲-	vɪteleəriəl	𐑝𐑦𐑑𐑧𐑤𐑺𐑦𐑩𐑤	1
fragment	vitellarial	AJ0	GenAm	ˌvaɪ-	𐑝𐑲-	ˌvɪteˈleriəl	𐑝𐑦𐑑𐑧𐑤𐑧𐑮𐑦𐑩𐑤	1
fragment	vitellarial	AJ0	RSSB	-tə-	-𐑑𐑩-	vɪteleəriəl	𐑝𐑦𐑑𐑧𐑤𐑺𐑦𐑩𐑤	1
fragment	vitellarial	AJ0	GenAm	-tə-	-𐑑𐑩-	ˌvɪteˈleriəl	𐑝𐑦𐑑𐑧𐑤𐑧𐑮𐑦𐑩𐑤	1
fragment	vitellarian	AJ0	RSSB	vaɪ-	𐑝𐑲-	vɪteleəriən	𐑝𐑦𐑑𐑧𐑤𐑺𐑦𐑩𐑯	1
fragment	vitellarian	AJ0	GenAm	ˌvaɪ-	𐑝𐑲-	ˌvɪteˈleriən	𐑝𐑦𐑑𐑧𐑤𐑧𐑮𐑦𐑩𐑯	1
fragment	vitellarian	AJ0	RSSB	-tə-	-𐑑𐑩-	vɪteleəriən	𐑝𐑦𐑑𐑧𐑤𐑺𐑦𐑩𐑯	1
fragment	vitellarian	AJ0	GenAm	-tə-	-𐑑𐑩-	ˌvɪteˈleriən	𐑝𐑦𐑑𐑧𐑤𐑧𐑮𐑦𐑩𐑯	1
fragment	vitellarium	NN1	RSSB	vaɪ-	𐑝𐑲-	vɪteleəriəm	𐑝𐑦𐑑𐑧𐑤𐑺𐑦𐑩𐑥	1
fragment	vitellarium	NN1	GenAm	ˌvaɪ-	𐑝𐑲-	ˌvɪteˈleriəm	𐑝𐑦𐑑𐑧𐑤𐑧𐑮𐑦𐑩𐑥	1
fragment	vitellarium	NN1	RSSB	-tə-	-𐑑𐑩-	vɪteleəriəm	𐑝𐑦𐑑𐑧𐑤𐑺𐑦𐑩𐑥	1
fragment	vitellarium	NN1	GenAm	-tə-	-𐑑𐑩-	ˌvɪteˈleriəm	𐑝𐑦𐑑𐑧𐑤𐑧𐑮𐑦𐑩𐑥	1
fragment	vitellary	AJ0	GenAm	vaɪˈ-	𐑝𐑲-	vɪˈteləri	𐑝𐑦𐑑𐑧𐑤𐑼𐑦	1
fragment	vitellary	NN1	GenAm	vaɪˈ-	𐑝𐑲-	vɪˈteləri	𐑝𐑦𐑑𐑧𐑤𐑼𐑦	1
fragment	vituperate	VVI	RSSB	vaɪ-	𐑝𐑲-	vɪtjuːpəreɪt	𐑝𐑦𐑑𐑿𐑐𐑼𐑱𐑑	1
fragment	vituperate	VVI	GenAm	vaɪ-	𐑝𐑲-	vəˈtjupəˌreɪt	𐑝𐑩𐑑𐑘𐑫𐑐𐑼𐑱𐑑	1
fragment	vituperate	VVI	RSSB	-tʃuː-	-𐑗𐑵-	vɪtjuːpəreɪt	𐑝𐑦𐑑𐑿𐑐𐑼𐑱𐑑	1
fragment	vituperate	AJ0	RSSB	vaɪ-	𐑝𐑲-	vɪtjuːpəreɪt	𐑝𐑦𐑑𐑿𐑐𐑼𐑱𐑑	1
fragment	vituperate	AJ0	GenAm	vaɪ-	𐑝𐑲-	vəˈtjupəˌreɪt	𐑝𐑩𐑑𐑘𐑫𐑐𐑼𐑱𐑑	1
fragment	vituperate	AJ0	RSSB	-tʃuː-	-𐑗𐑵-	vɪtjuːpəreɪt	𐑝𐑦𐑑𐑿𐑐𐑼𐑱𐑑	1
fragment	vituperate	AJ0	RSSB	-reɪt	-𐑮𐑱𐑑	vɪtjuːpəreɪt	𐑝𐑦𐑑𐑿𐑐𐑼𐑱𐑑	89
fragment	vituperate	AJ0	GenAm	-ˌreɪt	-𐑮𐑱𐑑	vəˈtjupəˌreɪt	𐑝𐑩𐑑𐑘𐑫𐑐𐑼𐑱𐑑	89
fragment	vocabularian	AJ0	GenAm	vəˈ-	𐑝𐑩-	voʊˈkæbjəˈleriən	𐑝𐑴𐑒𐑨𐑚𐑘𐑩𐑤𐑧𐑮𐑦𐑩𐑯	1
fragment	vocabularian	NN1	GenAm	vəˈ-	𐑝𐑩-	voʊˈkæbjəˈleriən	𐑝𐑴𐑒𐑨𐑚𐑘𐑩𐑤𐑧𐑮𐑦𐑩𐑯	1
fragment	vocabulary	NN1	GenAm	və-	𐑝𐑩-	voʊˈkæbjəˌleri	𐑝𐑴𐑒𐑨𐑚𐑘𐑩𐑤𐑧𐑮𐑦	1
fragment	volcanic winter	NN1	GenAm	-ˈwɪnər	-𐑢𐑦𐑯𐑼	vɒlˌkænɪk ˈwɪntər	𐑝𐑪𐑤𐑒𐑨𐑯𐑦𐑒 𐑢𐑦𐑯𐑑𐑼	89
fragment	Volsci	NN1	RSSB	-skaɪ	-𐑕𐑒𐑲	ˈvɒlʃaɪ	𐑝𐑪𐑤𐑖𐑲	89
fragment	Volsci	NN1	GenAm	ˈvɔːl-	𐑝𐑷𐑤-	ˈvɒlsaɪ	𐑝𐑪𐑤𐑕𐑲	89
fragment	Volsci	NN1	GenAm	-siː	-𐑕𐑰	ˈvɒlsaɪ	𐑝𐑪𐑤𐑕𐑲	89
fragment	Voltairean	AJ0	RSSB	vəʊl-	𐑝𐑴𐑤-	vɒlteəriən	𐑝𐑪𐑤𐑑𐑺𐑦𐑩𐑯	1
fragment	Voltairean	AJ0	GenAm	voʊlˈ-	𐑝𐑴𐑤-	vɒlˈteriən	𐑝𐑪𐑤𐑑𐑧𐑮𐑦𐑩𐑯	1
fragment	Voltairean	NN1	RSSB	vəʊl-	𐑝𐑴𐑤-	vɒlteəriən	𐑝𐑪𐑤𐑑𐑺𐑦𐑩𐑯	1
fragment	Voltairean	NN1	GenAm	voʊlˈ-	𐑝𐑴𐑤-	vɒlˈteriən	𐑝𐑪𐑤𐑑𐑧𐑮𐑦𐑩𐑯	1
fragment	volunteer	NN1	GenAm	-ˈtɪəR	-𐑑𐑽	ˌvɒlənˈtɪr	𐑝𐑪𐑤𐑩𐑯𐑑𐑦𐑮	89
fragment	volunteer	VVI	GenAm	-ˈtɪəR	-𐑑𐑽	ˌvɒlənˈtɪr	𐑝𐑪𐑤𐑩𐑯𐑑𐑦𐑮	89
fragment	voluptuary	NN1	RSSB	-tjə-	-𐑑𐑘𐑩-	vəlʌptʃʊəri	𐑝𐑩𐑤𐑳𐑐𐑗𐑫𐑼𐑦	1
fragment	voluptuary	NN1	GenAm	-ˈləp-	-𐑤𐑩𐑐-	vəˈlʌptʃʊˌeri	𐑝𐑩𐑤𐑳𐑐𐑗𐑫𐑧𐑮𐑦	1
fragment	voluptuary	AJ0	RSSB	-tjə-	-𐑑𐑘𐑩-	vəlʌptʃʊəri	𐑝𐑩𐑤𐑳𐑐𐑗𐑫𐑼𐑦	1
fragment	voluptuary	AJ0	GenAm	-ˈləp-	-𐑤𐑩𐑐-	vəˈlʌptʃʊˌeri	𐑝𐑩𐑤𐑳𐑐𐑗𐑫𐑧𐑮𐑦	1
fragment	vorarephilia	NN1	GenAm	voʊ-	𐑝𐑴-	ˌvorrərəˈfɪliə	𐑝𐑪𐑮𐑮𐑼𐑩𐑓𐑦𐑤𐑦𐑩	1
fragment	walk on eggshells	VVI	GenAm	ˌwɒk-	𐑢𐑪𐑒-	ˌwɒk ɒn ˈeɡʃelz	𐑢𐑪𐑒 𐑪𐑯 𐑧𐑜𐑖𐑧𐑤𐑟	89
fragment	walk on eggshells	VVI	GenAm	-ɒn-	-𐑪𐑯-	ˌwɒk ɒn ˈeɡʃelz	𐑢𐑪𐑒 𐑪𐑯 𐑧𐑜𐑖𐑧𐑤𐑟	89
fragment	Wall Street	NP0	GenAm	ˈwɒl-	𐑢𐑪𐑤-	ˈwɒl ˌstrit	𐑢𐑪𐑤 𐑕𐑑𐑮𐑦𐑑	1
fragment	Wallonia	NP0	RSSB	wəˈ-	𐑢𐑩-	wɒˈləʊniə	𐑢𐑪𐑤𐑴𐑯𐑦𐑩	89
fragment	Wallonia	NP0	GenAm	wəˈ-	𐑢𐑩-	wɒˈloʊniə	𐑢𐑪𐑤𐑴𐑯𐑦𐑩	89
fragment	Wallonian	NN1	RSSB	wəˈ-	𐑢𐑩-	wɒˈləʊniən	𐑢𐑪𐑤𐑴𐑯𐑦𐑩𐑯	89
fragment	Wallonian	NN1	GenAm	wəˈ-	𐑢𐑩-	wɒˈloʊniən	𐑢𐑪𐑤𐑴𐑯𐑦𐑩𐑯	89
fragment	Wallonian	AJ0	RSSB	wəˈ-	𐑢𐑩-	wɒˈləʊniən	𐑢𐑪𐑤𐑴𐑯𐑦𐑩𐑯	89
fragment	Wallonian	AJ0	GenAm	wəˈ-	𐑢𐑩-	wɒˈloʊniən	𐑢𐑪𐑤𐑴𐑯𐑦𐑩𐑯	89
fragment	Walton	NP0	RSSB	ˈwɔːl-	𐑢𐑷𐑤-	ˈwɒltən	𐑢𐑪𐑤𐑑𐑩𐑯	89
fragment	Walton	NP0	GenAm	ˈwɒl-	𐑢𐑪𐑤-	ˈwɒltən	𐑢𐑪𐑤𐑑𐑩𐑯	89
fragment	Waltonian	AJ0	RSSB	wɔːlˈ-	𐑢𐑷𐑤-	wɒlˈtəʊniən	𐑢𐑪𐑤𐑑𐑴𐑯𐑦𐑩𐑯	89
fragment	Waltonian	AJ0	GenAm	wɒlˈ-	𐑢𐑪𐑤-	wɒlˈtoʊniən	𐑢𐑪𐑤𐑑𐑴𐑯𐑦𐑩𐑯	89
fragment	Waltonian	NP0	RSSB	wɔːlˈ-	𐑢𐑷𐑤-	wɒlˈtəʊniən	𐑢𐑪𐑤𐑑𐑴𐑯𐑦𐑩𐑯	89
fragment	Waltonian	NP0	GenAm	wɒlˈ-	𐑢𐑪𐑤-	wɒlˈtoʊniən	𐑢𐑪𐑤𐑑𐑴𐑯𐑦𐑩𐑯	89
fragment	Wanderwort	NN1	GenAm	-təR	-𐑑𐑼	ˈvɒndəRˌvɔːRt	𐑝𐑪𐑯𐑛𐑼𐑝𐑹𐑑	30
fragment	Wanderwörter	NN1	GenAm	-təR	-𐑑𐑼	ˈwɒndəRˌwəRtəR	𐑢𐑪𐑯𐑛𐑼𐑢𐑼𐑑𐑼	30
fragment	wantok	NN1	GenAm	-toʊk	-𐑑𐑴𐑒	ˈwɒntɒk	𐑢𐑪𐑯𐑑𐑪𐑒	89
fragment	wantrepreneur	NN1	GenAm	ˌwʌn-	𐑢𐑳𐑯-	ˌwɒnttrəprəˈnɜːR	𐑢𐑪𐑯𐑑𐑑𐑮𐑩𐑐𐑮𐑩𐑯𐑻	1
fragment	wantrepreneur	NN1	GenAm	ˌwɒn-	𐑢𐑪𐑯-	ˌwɒnttrəprəˈnɜːR	𐑢𐑪𐑯𐑑𐑑𐑮𐑩𐑐𐑮𐑩𐑯𐑻	1
fragment	warison	NN1	GenAm	ˈwɑːR-	𐑢𐑸-	ˈwɔːRəsən	𐑢𐑹𐑩𐑕𐑩𐑯	89
fragment	warming center	NN1	GenAm	-tər	-𐑑𐑼	ˈwormɪŋ ˌsentər	𐑢𐑪𐑮𐑥𐑦𐑙 𐑕𐑧𐑯𐑑𐑼	30
fragment	warmonger	NN1	GenAm	-ˌmʌŋɡəR	-𐑥𐑳𐑙𐑜𐑼	ˈworˌmɒŋɡəR	𐑢𐑪𐑮𐑥𐑪𐑙𐑜𐑼	30
fragment	warmonger	VVI	GenAm	-ˌmʌŋɡəR	-𐑥𐑳𐑙𐑜𐑼	ˈworˌmɒŋɡəR	𐑢𐑪𐑮𐑥𐑪𐑙𐑜𐑼	30
fragment	Warringtonian	NN1	GenAm	ˌwɑːR-	𐑢𐑸-	ˌwɔːRɪŋˈtoʊniən	𐑢𐑹𐑦𐑙𐑑𐑴𐑯𐑦𐑩𐑯	30
fragment	warthog	NN1	GenAm	-hɒɡ	-𐑣𐑪𐑜	ˈwɔːRtˌhɒɡ	𐑢𐑹𐑑𐑣𐑪𐑜	1
fragment	washcloth	NN1	GenAm	ˈwɒʃ-	𐑢𐑪𐑖-	ˈwɒʃklɒθ	𐑢𐑪𐑖𐑒𐑤𐑪𐑔	89
fragment	washout	NN1	GenAm	ˈwɒʃ-	𐑢𐑪𐑖-	ˈwɒʃˌaʊt	𐑢𐑪𐑖𐑬𐑑	89
fragment	waterproof	AJ0	GenAm	ˈwɑːt̬əR-	𐑢𐑭𐑑̬𐑼-	ˈwɒt̬əRˌpruf	𐑢𐑪𐑑̬𐑼𐑐𐑮𐑫𐑓	1
fragment	waterproof	VVI	GenAm	ˈwɑːt̬əR-	𐑢𐑭𐑑̬𐑼-	ˈwɒt̬əRˌpruf	𐑢𐑪𐑑̬𐑼𐑐𐑮𐑫𐑓	1
fragment	waterproof	NN1	GenAm	ˈwɑːt̬əR-	𐑢𐑭𐑑̬𐑼-	ˈwɒt̬əRˌpruf	𐑢𐑪𐑑̬𐑼𐑐𐑮𐑫𐑓	1
fragment	waterwork	NN1	GenAm	-təR-	-𐑑𐑼-	ˈwɒtəRˌwəRk	𐑢𐑪𐑑𐑼𐑢𐑼𐑒	30
fragment	waterworks	NN1	GenAm	-təR-	-𐑑𐑼-	ˈwɒtəRˌwəRks	𐑢𐑪𐑑𐑼𐑢𐑼𐑒𐑕	30
fragment	weaksauce	AJ0	GenAm	-ˌsɒs	-𐑕𐑪𐑕	ˈwikˌsɒs	𐑢𐑦𐑒𐑕𐑪𐑕	89
fragment	weaksauce	NN1	GenAm	-ˌsɒs	-𐑕𐑪𐑕	ˈwikˌsɒs	𐑢𐑦𐑒𐑕𐑪𐑕	89
fragment	weather-gaw	NN1	GenAm	-ˌɡɒ	-𐑜𐑪	ˈweðərˌɡɒ	𐑢𐑧𐑞𐑼𐑜𐑪	1
fragment	Weimarization	NN1	RSSB	-rɪ-	-𐑮𐑦-	vaɪmɑːraɪzeɪʃən	𐑝𐑲𐑥𐑸𐑲𐑟𐑱𐑖𐑩𐑯	89
fragment	Weimarization	NN1	GenAm	-rɪ-	-𐑮𐑦-	ˌvaɪmɑːRaɪˈzeɪʃən	𐑝𐑲𐑥𐑸𐑲𐑟𐑱𐑖𐑩𐑯	89
fragment	Weltschmerz	NN1	RSSB	-ʃmɜːRts	-𐑖𐑥𐑻𐑑𐑕	veltʃmɜːRts	𐑝𐑧𐑤𐑗𐑥𐑻𐑑𐑕	89
fragment	wh-question	NN1	GenAm	də-	𐑛𐑩-	dʌbəljuː ˈeɪtʃ ˌkwestʃən	𐑛𐑳𐑚𐑩𐑤𐑿 𐑱𐑗 𐑒𐑢𐑧𐑕𐑗𐑩𐑯	89
fragment	wharfinger	NN1	RSSB	-ʒəR	-𐑠𐑼	wɔːRfɪndʒəR	𐑢𐑹𐑓𐑦𐑯𐑡𐑼	30
fragment	wharfinger	NN1	GenAm	ˈhwɔːR-	𐑣𐑢𐑹-	ˈwɔːRfɪndʒər	𐑢𐑹𐑓𐑦𐑯𐑡𐑼	30
fragment	Whartonian	AJ0	RSSB	ʍɔːR-	𐑢𐑹-	wɔːRtəʊniən	𐑢𐑹𐑑𐑴𐑯𐑦𐑩𐑯	89
fragment	Whartonian	AJ0	GenAm	ʍɔːRˈ-	𐑢𐑹-	wɔːRˈtoʊniən	𐑢𐑹𐑑𐑴𐑯𐑦𐑩𐑯	89
fragment	what do you want, a biscuit	UNC	GenAm	- ˈwʌnt -	- 𐑢𐑳𐑯𐑑 -	ˈwʌt də jə ˈwɒnt | ə ˈbɪskət	𐑢𐑳𐑑 𐑛𐑩 𐑘𐑩 𐑢𐑪𐑯𐑑 | 𐑩 𐑚𐑦𐑕𐑒𐑩𐑑	89
fragment	what do you want, a cookie	UNC	GenAm	- ˈwʌnt -	- 𐑢𐑳𐑯𐑑 -	ˈwʌt də jə ˈwɒnt | ə ˈkʊki	𐑢𐑳𐑑 𐑛𐑩 𐑘𐑩 𐑢𐑪𐑯𐑑 | 𐑩 𐑒𐑫𐑒𐑦	89
fragment	what do you want, a medal	UNC	GenAm	- ˈwʌnt -	- 𐑢𐑳𐑯𐑑 -	ˈwʌt də jə ˈwɒnt | ə ˈmedəl	𐑢𐑳𐑑 𐑛𐑩 𐑘𐑩 𐑢𐑪𐑯𐑑 | 𐑩 𐑥𐑧𐑛𐑩𐑤	89
fragment	what say you	UNC	GenAm	ˌwɒt-	𐑢𐑪𐑑-	ˌhwʌt seɪ ˈju	𐑣𐑢𐑳𐑑 𐑕𐑱 𐑘𐑫	89
fragment	what the doctor ordered	NN1	GenAm	ˌwɒt-	𐑢𐑪𐑑-	ˌʍɒt ðə ˈdɒktəR ˌɔːRdəRd	𐑢𐑪𐑑 𐑞𐑩 𐑛𐑪𐑒𐑑𐑼 𐑹𐑛𐑼𐑛	1
fragment	what's your poison	UNC	GenAm	ˌhwɒts-	𐑣𐑢𐑪𐑑𐑕-	ˌhwʌts jər ˈpɔɪzən	𐑣𐑢𐑳𐑑𐑕 𐑘𐑼 𐑐𐑶𐑟𐑩𐑯	1
fragment	whateversexual	AJ0	RSSB	ʍ-	𐑢-	wɒtevəRsekʃuːəl	𐑢𐑪𐑑𐑧𐑝𐑼𐑕𐑧𐑒𐑖𐑵𐑩𐑤	1
fragment	whateversexual	NN1	RSSB	ʍ-	𐑢-	wɒtevəRsekʃuːəl	𐑢𐑪𐑑𐑧𐑝𐑼𐑕𐑧𐑒𐑖𐑵𐑩𐑤	1
fragment	Whedonian	AJ0	RSSB	ʍiːˈ-	𐑢𐑰-	wiːˈdəʊniən	𐑢𐑰𐑛𐑴𐑯𐑦𐑩𐑯	89
fragment	Whedonian	AJ0	GenAm	ʍiːˈ-	𐑢𐑰-	wiˈdoʊniən	𐑢𐑦𐑛𐑴𐑯𐑦𐑩𐑯	89
fragment	Whedonian	NN1	RSSB	ʍiːˈ-	𐑢𐑰-	wiːˈdəʊniən	𐑢𐑰𐑛𐑴𐑯𐑦𐑩𐑯	89
fragment	Whedonian	NN1	GenAm	ʍiːˈ-	𐑢𐑰-	wiˈdoʊniən	𐑢𐑦𐑛𐑴𐑯𐑦𐑩𐑯	89
fragment	Wheel of Fortune	NP0	GenAm	-tʃən	-𐑗𐑩𐑯	ˌwiləv ˈfortʃun	𐑢𐑦𐑤𐑩𐑝 𐑓𐑪𐑮𐑗𐑫𐑯	1
fragment	Wheel of Fortune	NP0	GenAm	ˌʍil-	𐑢𐑦𐑤-	ˌwiləv ˈfortʃun	𐑢𐑦𐑤𐑩𐑝 𐑓𐑪𐑮𐑗𐑫𐑯	1
fragment	wheel of fortune	NN1	GenAm	-tʃən	-𐑗𐑩𐑯	ˌwiləv ˈfortʃun	𐑢𐑦𐑤𐑩𐑝 𐑓𐑪𐑮𐑗𐑫𐑯	1
fragment	wheel of fortune	NN1	GenAm	ˌʍil-	𐑢𐑦𐑤-	ˌwiləv ˈfortʃun	𐑢𐑦𐑤𐑩𐑝 𐑓𐑪𐑮𐑗𐑫𐑯	1
fragment	wheel of fortune	NP0	GenAm	-tʃən	-𐑗𐑩𐑯	ˌwiləv ˈfortʃun	𐑢𐑦𐑤𐑩𐑝 𐑓𐑪𐑮𐑗𐑫𐑯	1
fragment	wheel of fortune	NP0	GenAm	ˌʍil-	𐑢𐑦𐑤-	ˌwiləv ˈfortʃun	𐑢𐑦𐑤𐑩𐑝 𐑓𐑪𐑮𐑗𐑫𐑯	1
fragment	wheelhorse	NN1	GenAm	ˈwiːl-	𐑢𐑰𐑤-	ˈʍiːlhɔːRs	𐑢𐑰𐑤𐑣𐑹𐑕	1
fragment	wheelhouse	NN1	GenAm	ˈwil-	𐑢𐑦𐑤-	ˈʍilˌhaʊs	𐑢𐑦𐑤𐑣𐑬𐑕	89
fragment	where there is a will there is a way	UNC	RSSB	weəR-	𐑢𐑺-	ʍeəR ðeər ɪz ə wɪl ðeər ɪz ə weɪ	𐑢𐑺 𐑞𐑺 𐑦𐑟 𐑩 𐑢𐑦𐑤 𐑞𐑺 𐑦𐑟 𐑩 𐑢𐑱	30
fragment	where there is a will there is a way	UNC	GenAm	weəR-	𐑢𐑺-	ʍeəR ˌðeəR ɪz ə ˈwɪl ðeəR ɪz ə ˈweɪ	𐑢𐑺 𐑞𐑺 𐑦𐑟 𐑩 𐑢𐑦𐑤 𐑞𐑺 𐑦𐑟 𐑩 𐑢𐑱	30
fragment	whilere	AV0	RSSB	waɪ-	𐑢𐑲-	ʍaɪlɜːR	𐑢𐑲𐑤𐑻	1
fragment	whilere	AV0	GenAm	waɪ-	𐑢𐑲-	ʍaɪˈler	𐑢𐑲𐑤𐑧𐑮	1
fragment	whilom	AV0	GenAm	ˈʍaɪ-	𐑢𐑲-	ˈwaɪləm	𐑢𐑲𐑤𐑩𐑥	89
fragment	whilom	AJ0	GenAm	ˈʍaɪ-	𐑢𐑲-	ˈwaɪləm	𐑢𐑲𐑤𐑩𐑥	89
fragment	whilom	CJC	GenAm	ˈʍaɪ-	𐑢𐑲-	ˈwaɪləm	𐑢𐑲𐑤𐑩𐑥	89
fragment	Whiskeyleaks	NP0	RSSB	ˈʍɪs-	𐑢𐑦𐑕-	ˈwɪskiˌliːks	𐑢𐑦𐑕𐑒𐑦𐑤𐑰𐑒𐑕	89
fragment	Whiskeyleaks	NP0	GenAm	ˈʍɪs-	𐑢𐑦𐑕-	ˈwɪskiˌliks	𐑢𐑦𐑕𐑒𐑦𐑤𐑦𐑒𐑕	89
fragment	Whistonian	AJ0	RSSB	ʍɪsˈ-	𐑢𐑦𐑕-	wɪsˈtəʊniən	𐑢𐑦𐑕𐑑𐑴𐑯𐑦𐑩𐑯	89
fragment	Whistonian	AJ0	GenAm	ʍɪsˈ-	𐑢𐑦𐑕-	wɪsˈtoʊniən	𐑢𐑦𐑕𐑑𐑴𐑯𐑦𐑩𐑯	89
fragment	whitetopia	NN1	RSSB	ʍaɪ-	𐑢𐑲-	waɪˈtəʊpiə	𐑢𐑲𐑑𐑴𐑐𐑦𐑩	89
fragment	whitetopia	NN1	GenAm	ʍaɪ-	𐑢𐑲-	waɪˈtoʊpiə	𐑢𐑲𐑑𐑴𐑐𐑦𐑩	89
fragment	whitewash	NN1	GenAm	ˈʍʌɪt-	𐑢𐑳𐑦𐑑-	ˈʍaɪtˌwɒʃ	𐑢𐑲𐑑𐑢𐑪𐑖	89
fragment	whitewash	NN1	GenAm	ˈwaɪt-	𐑢𐑲𐑑-	ˈʍaɪtˌwɒʃ	𐑢𐑲𐑑𐑢𐑪𐑖	89
fragment	whitewash	VVI	GenAm	ˈʍʌɪt-	𐑢𐑳𐑦𐑑-	ˈʍaɪtˌwɒʃ	𐑢𐑲𐑑𐑢𐑪𐑖	89
fragment	whitewash	VVI	GenAm	ˈwaɪt-	𐑢𐑲𐑑-	ˈʍaɪtˌwɒʃ	𐑢𐑲𐑑𐑢𐑪𐑖	89
fragment	Whitsunday	NN1	RSSB	ʍ-	𐑢-	wɪtˈsʌndeɪ	𐑢𐑦𐑑𐑕𐑳𐑯𐑛𐑱	89
fragment	Whitsunday	NN1	GenAm	ʍ-	𐑢-	wɪtˈsʌndeɪ	𐑢𐑦𐑑𐑕𐑳𐑯𐑛𐑱	89
fragment	Whitsunday	NP0	RSSB	ʍ-	𐑢-	wɪtˈsʌndeɪ	𐑢𐑦𐑑𐑕𐑳𐑯𐑛𐑱	89
fragment	Whitsunday	NP0	GenAm	ʍ-	𐑢-	wɪtˈsʌndeɪ	𐑢𐑦𐑑𐑕𐑳𐑯𐑛𐑱	89
fragment	Whittingtonian	AJ0	RSSB	ˌʍ-	𐑢-	ˌwɪtɪŋˈtəʊniən	𐑢𐑦𐑑𐑦𐑙𐑑𐑴𐑯𐑦𐑩𐑯	89
fragment	Whittingtonian	AJ0	GenAm	ˌʍ-	𐑢-	ˌwɪtɪŋˈtoʊniən	𐑢𐑦𐑑𐑦𐑙𐑑𐑴𐑯𐑦𐑩𐑯	89
fragment	whole	AJ0	RSSB	-l	-𐑤	həʊl	𐑣𐑴𐑤	89
fragment	whole	AJ0	GenAm	-l	-𐑤	hoʊl	𐑣𐑴𐑤	89
fragment	whole	AV0	RSSB	-l	-𐑤	həʊl	𐑣𐑴𐑤	89
fragment	whole	AV0	GenAm	-l	-𐑤	hoʊl	𐑣𐑴𐑤	89
fragment	whole	NN1	RSSB	-l	-𐑤	həʊl	𐑣𐑴𐑤	89
fragment	whole	NN1	GenAm	-l	-𐑤	hoʊl	𐑣𐑴𐑤	89
fragment	wholeheartedly	AV0	GenAm	-təd-	-𐑑𐑩𐑛-	ˌhoʊlˈhɑːRtədli	𐑣𐑴𐑤𐑣𐑸𐑑𐑩𐑛𐑤𐑦	1
fragment	whoops, there go my trousers	UNC	RSSB	ʍuːps-	𐑢𐑵𐑐𐑕-	ʍʊps ðɜːR ɡəʊ maɪ traʊzəRz	𐑢𐑫𐑐𐑕 𐑞𐑻 𐑜𐑴 𐑥𐑲 𐑑𐑮𐑬𐑟𐑼𐑟	1
fragment	whoops, there go my trousers	UNC	RSSB	wʊps-	𐑢𐑫𐑐𐑕-	ʍʊps ðɜːR ɡəʊ maɪ traʊzəRz	𐑢𐑫𐑐𐑕 𐑞𐑻 𐑜𐑴 𐑥𐑲 𐑑𐑮𐑬𐑟𐑼𐑟	1
fragment	whoops, there go my trousers	UNC	GenAm	ˈʍʊps-	𐑢𐑫𐑐𐑕-	ˈwʊps ðeəR ˈɡoʊ maɪ ˈtraʊzəRz	𐑢𐑫𐑐𐑕 𐑞𐑺 𐑜𐑴 𐑥𐑲 𐑑𐑮𐑬𐑟𐑼𐑟	1
fragment	whopperjawed	AJ0	GenAm	ˈʍ-	𐑢-	ˈwɒpəRdʒɒd	𐑢𐑪𐑐𐑼𐑡𐑪𐑛	1
fragment	whortle bush	NN1	GenAm	ˈhwɜːRtəl-	𐑣𐑢𐑻𐑑𐑩𐑤-	ˈwɜːRtəlbʊʃ	𐑢𐑻𐑑𐑩𐑤𐑚𐑫𐑖	89
fragment	whortleberry	NN1	GenAm	ˈʍɜːRtəl-	𐑢𐑻𐑑𐑩𐑤-	ˈwɜːRtəlberi	𐑢𐑻𐑑𐑩𐑤𐑚𐑧𐑮𐑦	30
fragment	widow-maker	NN1	RSSB	-dəR-	-𐑛𐑼-	wɪdəʊmeɪkər	𐑢𐑦𐑛𐑴𐑥𐑱𐑒𐑼	89
fragment	widow-maker	NN1	GenAm	-də-	-𐑛𐑩-	ˈwɪdoʊˌmeɪkər	𐑢𐑦𐑛𐑴𐑥𐑱𐑒𐑼	1
fragment	wilderness	NN1	RSSB	-nəs	-𐑯𐑩𐑕	wɪldəRnəs	𐑢𐑦𐑤𐑛𐑼𐑯𐑩𐑕	1
fragment	window of opportunity	NN1	RSSB	-tʃuː-	-𐑗𐑵-	wɪndəʊəRv ɒpəRtjuːnɪtɪ	𐑢𐑦𐑯𐑛𐑴𐑼𐑝 𐑪𐑐𐑼𐑑𐑿𐑯𐑦𐑑𐑦	1
fragment	window of opportunity	NN1	GenAm	-ti	-𐑑𐑦	ˌwɪndoʊəv ˌɒpəRˈtjunəti	𐑢𐑦𐑯𐑛𐑴𐑩𐑝 𐑪𐑐𐑼𐑑𐑘𐑫𐑯𐑩𐑑𐑦	1
fragment	winterbourne	NN1	GenAm	-təR-	-𐑑𐑼-	ˈwɪntəRˌborn	𐑢𐑦𐑯𐑑𐑼𐑚𐑪𐑮𐑯	30
fragment	withal	AV0	GenAm	-ðɒl	-𐑞𐑪𐑤	wɪˈðɒl	𐑢𐑦𐑞𐑪𐑤	89
fragment	withal	NN1	GenAm	-ðɒl	-𐑞𐑪𐑤	wɪˈðɒl	𐑢𐑦𐑞𐑪𐑤	89
fragment	withal	PRP	GenAm	-ðɒl	-𐑞𐑪𐑤	wɪˈðɒl	𐑢𐑦𐑞𐑪𐑤	89
fragment	withcall	VVI	RSSB	ˌwɪθ-	𐑢𐑦𐑔-	ˌwɪðˈkɔːl	𐑢𐑦𐑞𐑒𐑷𐑤	89
fragment	withcall	VVI	GenAm	ˌwɪθ-	𐑢𐑦𐑔-	ˌwɪðˈkɒl	𐑢𐑦𐑞𐑒𐑪𐑤	89
fragment	withcall	NN1	RSSB	ˌwɪθ-	𐑢𐑦𐑔-	ˌwɪðˈkɔːl	𐑢𐑦𐑞𐑒𐑷𐑤	89
fragment	withcall	NN1	GenAm	ˌwɪθ-	𐑢𐑦𐑔-	ˌwɪðˈkɒl	𐑢𐑦𐑞𐑒𐑪𐑤	89
fragment	wolf of Wall Street	NN1	GenAm	-ˈwɒl-	-𐑢𐑪𐑤-	ˈwʊlfəv ˈwɒl ˌstrit	𐑢𐑫𐑤𐑓𐑩𐑝 𐑢𐑪𐑤 𐑕𐑑𐑮𐑦𐑑	1
fragment	worship the ground someone walks on	VVI	RSSB	-sʌmwən-	-𐑕𐑳𐑥𐑢𐑩𐑯-	wɜːRʃɪp ðə ɡraʊnd sʌmwʌn wɔːRks ɒn	𐑢𐑻𐑖𐑦𐑐 𐑞𐑩 𐑜𐑮𐑬𐑯𐑛 𐑕𐑳𐑥𐑢𐑳𐑯 𐑢𐑹𐑒𐑕 𐑪𐑯	1
fragment	worship the ground someone walks on	VVI	GenAm	-ˈsʌmwən-	-𐑕𐑳𐑥𐑢𐑩𐑯-	ˈwɜrʃɪp ðə ɡraʊnd ˈsʌmˌwʌn wɒks ɒn	𐑢ɜ𐑮𐑖𐑦𐑐 𐑞𐑩 𐑜𐑮𐑬𐑯𐑛 𐑕𐑳𐑥𐑢𐑳𐑯 𐑢𐑪𐑒𐑕 𐑪𐑯	1
fragment	worship the ground someone walks on	VVI	RSSB	-ɔːRn	-𐑹𐑯	wɜːRʃɪp ðə ɡraʊnd sʌmwʌn wɔːRks ɒn	𐑢𐑻𐑖𐑦𐑐 𐑞𐑩 𐑜𐑮𐑬𐑯𐑛 𐑕𐑳𐑥𐑢𐑳𐑯 𐑢𐑹𐑒𐑕 𐑪𐑯	30
fragment	worship the ground someone walks on	VVI	GenAm	-wɒks ɒn	-𐑢𐑪𐑒𐑕 𐑪𐑯	ˈwɜrʃɪp ðə ɡraʊnd ˈsʌmˌwʌn wɒks ɒn	𐑢ɜ𐑮𐑖𐑦𐑐 𐑞𐑩 𐑜𐑮𐑬𐑯𐑛 𐑕𐑳𐑥𐑢𐑳𐑯 𐑢𐑪𐑒𐑕 𐑪𐑯	1
fragment	worship the porcelain goddess	VVI	RSSB	-ɪs	-𐑦𐑕	wɜːRʃɪp ðə pɔːRsəRlɪn ɡɒdes	𐑢𐑻𐑖𐑦𐑐 𐑞𐑩 𐑐𐑹𐑕𐑼𐑤𐑦𐑯 𐑜𐑪𐑛𐑧𐑕	1
fragment	worshipful	AJ0	RSSB	wɔːR-	𐑢𐑹-	wɜːRʃɪpfəl	𐑢𐑻𐑖𐑦𐑐𐑓𐑩𐑤	89
fragment	worshipful	AJ0	GenAm	ˈwɔːR-	𐑢𐑹-	ˈwɜːRʃɪpfəl	𐑢𐑻𐑖𐑦𐑐𐑓𐑩𐑤	89
fragment	worshipful	NN1	RSSB	wɔːR-	𐑢𐑹-	wɜːRʃɪpfəl	𐑢𐑻𐑖𐑦𐑐𐑓𐑩𐑤	89
fragment	worshipful	NN1	GenAm	ˈwɔːR-	𐑢𐑹-	ˈwɜːRʃɪpfəl	𐑢𐑻𐑖𐑦𐑐𐑓𐑩𐑤	89
fragment	worth one's salt	AJ0	GenAm	-sɒlt	-𐑕𐑪𐑤𐑑	ˈwɜːRθ wʌnz ˈsɒlt	𐑢𐑻𐑔 𐑢𐑳𐑯𐑟 𐑕𐑪𐑤𐑑	1
fragment	worthwhileness	NN1	RSSB	-ʍaɪl-	-𐑢𐑲𐑤-	wɜːRθwaɪlnəs	𐑢𐑻𐑔𐑢𐑲𐑤𐑯𐑩𐑕	1
fragment	worthwhileness	NN1	GenAm	-ˈʍaɪl-	-𐑢𐑲𐑤-	ˌwɜrθˈwaɪlnəs	𐑢ɜ𐑮𐑔𐑢𐑲𐑤𐑯𐑩𐑕	1
fragment	wristlet	NN1	RSSB	-lɪt	-𐑤𐑦𐑑	rɪstlət	𐑮𐑦𐑕𐑑𐑤𐑩𐑑	1
fragment	WU	NP0	RSSB	-jə-	-𐑘𐑩-	ˌdʌbəljuːˈjuː	𐑛𐑳𐑚𐑩𐑤𐑿𐑿	89
fragment	WU	NP0	GenAm	-jə-	-𐑘𐑩-	ˌdʌbəljuˈju	𐑛𐑳𐑚𐑩𐑤𐑘𐑫𐑘𐑫	89
fragment	xenelasy	NN1	RSSB	zɪˈne-	𐑟𐑦𐑯𐑧-	zeˈniːləsi	𐑟𐑧𐑯𐑰𐑤𐑩𐑕𐑦	89
fragment	Xenophon	NP0	RSSB	-fən	-𐑓𐑩𐑯	ˈzenəˌfɒn	𐑟𐑧𐑯𐑩𐑓𐑪𐑯	89
fragment	Xenophon	NP0	GenAm	-fən	-𐑓𐑩𐑯	ˈzenəˌfɒn	𐑟𐑧𐑯𐑩𐑓𐑪𐑯	89
fragment	Xenophon	NP0	GenAm	ˈzi-	𐑟𐑦-	ˈzenəˌfɒn	𐑟𐑧𐑯𐑩𐑓𐑪𐑯	89
fragment	Xenophonian	AJ0	GenAm	ˈzi-	𐑟𐑦-	ˌzenəˈfoʊniən	𐑟𐑧𐑯𐑩𐑓𐑴𐑯𐑦𐑩𐑯	89
fragment	xeric	AJ0	GenAm	ˈzer-	𐑟𐑧𐑮-	ˈzɪəRɪk	𐑟𐑽𐑦𐑒	89
fragment	xeriscape	NN1	GenAm	zɪr-	𐑟𐑦𐑮-	ˈzerəskeɪp	𐑟𐑧𐑮𐑩𐑕𐑒𐑱𐑐	89
fragment	xeriscape	VVI	GenAm	zɪr-	𐑟𐑦𐑮-	ˈzerəskeɪp	𐑟𐑧𐑮𐑩𐑕𐑒𐑱𐑐	89
fragment	xerocracy	NN1	RSSB	ze-	𐑟𐑧-	zɪərɒkrəsi	𐑟𐑽𐑪𐑒𐑮𐑩𐑕𐑦	1
fragment	xerocracy	NN1	GenAm	ziːə-	𐑟𐑰𐑩-	ziːˈrɒkrəsi	𐑟𐑰𐑮𐑪𐑒𐑮𐑩𐑕𐑦	1
fragment	Xitler	NP0	GenAm	ˈzɪt-	𐑟𐑦𐑑-	ˈʃɪtlər	𐑖𐑦𐑑𐑤𐑼	1
fragment	Xitter	NP0	RSSB	zɪ-	𐑟𐑦-	ʃɪtəR	𐑖𐑦𐑑𐑼	1
fragment	Xitter	NP0	GenAm	ˈzɪ-	𐑟𐑦-	ˈʃɪtər	𐑖𐑦𐑑𐑼	1
fragment	xylitol	NN1	GenAm	-toʊl	-𐑑𐑴𐑤	ˈzaɪlɪtɒl	𐑟𐑲𐑤𐑦𐑑𐑪𐑤	89
fragment	xylograph	NN1	GenAm	ˈzaɪloʊ-	𐑟𐑲𐑤𐑴-	ˈzaɪləɡræf	𐑟𐑲𐑤𐑩𐑜𐑮𐑨𐑓	1
fragment	xylograph	NN1	GenAm	-ɡrɒf	-𐑜𐑮𐑪𐑓	ˈzaɪləɡræf	𐑟𐑲𐑤𐑩𐑜𐑮𐑨𐑓	89
fragment	xylograph	VVI	GenAm	ˈzaɪloʊ-	𐑟𐑲𐑤𐑴-	ˈzaɪləɡræf	𐑟𐑲𐑤𐑩𐑜𐑮𐑨𐑓	1
fragment	xylograph	VVI	GenAm	-ɡrɒf	-𐑜𐑮𐑪𐑓	ˈzaɪləɡræf	𐑟𐑲𐑤𐑩𐑜𐑮𐑨𐑓	89
fragment	yakuza	NN1	GenAm	ˈjɑː-	𐑘𐑭-	ˈjækuzə	𐑘𐑨𐑒𐑫𐑟𐑩	89
fragment	yardroom	NN1	RSSB	-ruːm	-𐑮𐑵𐑥	jɑːRdrʊm	𐑘𐑸𐑛𐑮𐑫𐑥	30
fragment	yclept	AJ0	RSSB	-ˈkliːpt	-𐑒𐑤𐑰𐑐𐑑	ɪˈklept	𐑦𐑒𐑤𐑧𐑐𐑑	89
fragment	yclept	VVI	RSSB	-ˈkliːpt	-𐑒𐑤𐑰𐑐𐑑	ɪˈklept	𐑦𐑒𐑤𐑧𐑐𐑑	89
fragment	your guys'	PNP	GenAm	ˈjɔːR-	𐑘𐑹-	ˈjɜːRˈɡaɪzəz	𐑘𐑻𐑜𐑲𐑟𐑩𐑟	89
fragment	your guys'	DT0	GenAm	ˈjɔːR-	𐑘𐑹-	ˈjɜːRˈɡaɪzəz	𐑘𐑻𐑜𐑲𐑟𐑩𐑟	89
fragment	your guys's	PNP	GenAm	ˈjɔːR-	𐑘𐑹-	ˈjɜːRˈɡaɪzəz	𐑘𐑻𐑜𐑲𐑟𐑩𐑟	89
fragment	your guys's	DT0	GenAm	ˈjɔːR-	𐑘𐑹-	ˈjɜːRˈɡaɪzəz	𐑘𐑻𐑜𐑲𐑟𐑩𐑟	89
fragment	zakat	NN1	GenAm	zɒ-	𐑟𐑪-	zəˈkɒt	𐑟𐑩𐑒𐑪𐑑	89
fragment	zambuk	NN1	RSSB	ˈsæm-	𐑕𐑨𐑥-	ˈzæmbuːk	𐑟𐑨𐑥𐑚𐑵𐑒	89
fragment	zambuk	NN1	GenAm	ˈsæm-	𐑕𐑨𐑥-	ˈzæmˌbʌk	𐑟𐑨𐑥𐑚𐑳𐑒	89
fragment	Zapatista	AJ0	GenAm	sæ-	𐑕𐑨-	ˌzæpəˈtistə	𐑟𐑨𐑐𐑩𐑑𐑦𐑕𐑑𐑩	89
fragment	Zapatista	NN1	GenAm	sæ-	𐑕𐑨-	ˌzæpəˈtistə	𐑟𐑨𐑐𐑩𐑑𐑦𐑕𐑑𐑩	89
fragment	zeedonk	NN1	RSSB	-dɔːnk	-𐑛𐑷𐑯𐑒	ˈziːˌdɒnk	𐑟𐑰𐑛𐑪𐑯𐑒	89
fragment	zeedonk	NN1	GenAm	-dɒnk	-𐑛𐑪𐑯𐑒	ˈziˌdɒnk	𐑟𐑦𐑛𐑪𐑯𐑒	89
fragment	Zhytomyr	NP0	GenAm	-ˈtoʊm-	-𐑑𐑴𐑥-	ʒɪˈtɒmɪr	𐑠𐑦𐑑𐑪𐑥𐑦𐑮	1
fragment	zi char	NN1	GenAm	- ˈtʃɑːR	- 𐑗𐑸	tsə ˈtʃɒ	𐑑𐑕𐑩 𐑗𐑪	89
fragment	zoological garden	NN1	RSSB	zuə-	𐑟𐑫𐑩-	zəʊəRlɒdʒɪkəRl ɡɑːRdəRn	𐑟𐑴𐑼𐑤𐑪𐑡𐑦𐑒𐑼𐑤 𐑜𐑸𐑛𐑼𐑯	1
fragment	zoological garden	NN1	GenAm	ˌzuə-	𐑟𐑫𐑩-	ˌzoʊəˈlɒdʒɪkəl ˈɡɑːRdən	𐑟𐑴𐑩𐑤𐑪𐑡𐑦𐑒𐑩𐑤 𐑜𐑸𐑛𐑩𐑯	1
fragment	Zoozve	NP0	GenAm	-veɪ	-𐑝𐑱	ˈzuːzviː	𐑟𐑵𐑟𐑝𐑰	89
fragment	Zurich	NP0	GenAm	-ɪx	-𐑦x	zʊrɪk	𐑟𐑫𐑮𐑦𐑒	1
fragment	Zurich	NP0	RSSB	-ɪx	-𐑦x	zjəərɪk	𐑟𐑘𐑩𐑼𐑦𐑒	1
fragment	à contrecœur	AV0	RSSB	-kɒ̃-	-𐑒𐑪̃-	æ kɒntrəkɜːR	𐑨 𐑒𐑪𐑯𐑑𐑮𐑩𐑒𐑻	1
fragment	à contrecœur	AV0	RSSB	-kəː	-𐑒𐑩ː	æ kɒntrəkɜːR	𐑨 𐑒𐑪𐑯𐑑𐑮𐑩𐑒𐑻	1
fragment	éclair	NN1	RSSB	eɪ-	𐑱-	ɪkleəR	𐑦𐑒𐑤𐑺	1
fragment	éclairs	NN1	RSSB	eɪ-	𐑱-	ɪkleəRz	𐑦𐑒𐑤𐑺𐑟	1
fragment	éminence grise	NN1	RSSB	eɪ-	𐑱-	emɪnɒns ɡriːz	𐑧𐑥𐑦𐑯𐑪𐑯𐑕 𐑜𐑮𐑰𐑟	1
fragment	éminence grise	NN1	GenAm	ˌeɪ-	𐑱-	ˌemɪnɒns ˈɡriz	𐑧𐑥𐑦𐑯𐑪𐑯𐑕 𐑜𐑮𐑦𐑟	1
fragment-spec	aardwolf	NN1	UNC	ɑːRt-	𐑸𐑑-	ɑːRdvɒlf	𐑸𐑛𐑝𐑪𐑤𐑓	89
fragment-spec	aardwolf	NN1	UNC	-vʊlf	-𐑝𐑫𐑤𐑓	ɑːRdvɒlf	𐑸𐑛𐑝𐑪𐑤𐑓	1
fragment-spec	ablative case	NN1	UNC	ˈæblətɪv -	𐑨𐑚𐑤𐑩𐑑𐑦𐑝 -	əˈbleɪtɪv keɪs	𐑩𐑚𐑤𐑱𐑑𐑦𐑝 𐑒𐑱𐑕	89
fragment-spec	ableism	NN1	UNC	-zəm	-𐑟𐑩𐑥	ˈeɪbəlɪzəm	𐑱𐑚𐑩𐑤𐑦𐑟𐑩𐑥	89
fragment-spec	ablenationalism	NN1	UNC	-ˈnæʃnəˌ-	-𐑯𐑨𐑖𐑯𐑩-	ˌeɪbəlˈnæʃənəˌlɪzəm	𐑱𐑚𐑩𐑤𐑯𐑨𐑖𐑩𐑯𐑩𐑤𐑦𐑟𐑩𐑥	89
fragment-spec	ablenationalism	NN1	UNC	-ˈnaʃnəˌ-	-𐑯𐑨𐑖𐑯𐑩-	ˌeɪbəlˈnæʃənəˌlɪzəm	𐑱𐑚𐑩𐑤𐑯𐑨𐑖𐑩𐑯𐑩𐑤𐑦𐑟𐑩𐑥	89
fragment-spec	ablenationalism	NN1	UNC	-ˈnæʃnaˌ-	-𐑯𐑨𐑖𐑯𐑨-	ˌeɪbəlˈnæʃənəˌlɪzəm	𐑱𐑚𐑩𐑤𐑯𐑨𐑖𐑩𐑯𐑩𐑤𐑦𐑟𐑩𐑥	89
fragment-spec	ablenationalism	NN1	UNC	-ˈneʃnəˌ-	-𐑯𐑧𐑖𐑯𐑩-	ˌeɪbəlˈnæʃənəˌlɪzəm	𐑱𐑚𐑩𐑤𐑯𐑨𐑖𐑩𐑯𐑩𐑤𐑦𐑟𐑩𐑥	89
fragment-spec	absitively	AV0	UNC	ˌæbsɪ-	𐑨𐑚𐑕𐑦-	ˌæbsəˈtɪvli	𐑨𐑚𐑕𐑩𐑑𐑦𐑝𐑤𐑦	89
fragment-spec	absitively	AV0	UNC	ˈæbsɪ-	𐑨𐑚𐑕𐑦-	ˌæbsəˈtɪvli	𐑨𐑚𐑕𐑩𐑑𐑦𐑝𐑤𐑦	89
fragment-spec	accent	NN1	UNC	-sənt	-𐑕𐑩𐑯𐑑	ˈæksent	𐑨𐑒𐑕𐑧𐑯𐑑	89
fragment-spec	achondroplasia	NN1	UNC	ə-	𐑩-	eɪkɒndrəʊpleɪziə	𐑱𐑒𐑪𐑯𐑛𐑮𐑴𐑐𐑤𐑱𐑟𐑦𐑩	1
fragment-spec	achondroplasia	NN1	UNC	-ʒiə	-𐑠𐑦𐑩	eɪkɒndrəʊpleɪziə	𐑱𐑒𐑪𐑯𐑛𐑮𐑴𐑐𐑤𐑱𐑟𐑦𐑩	1
fragment-spec	acidity	NN1	UNC	-ɾi	-ɾ𐑦	əˈsɪdᵻti	𐑩𐑕𐑦𐑛ᵻ𐑑𐑦	1
fragment-spec	actions speak louder than words	UNC	UNC	-ðəRn-	-𐑞𐑼𐑯-	akʃənz spik lʌʊdər ðan wʌrdz	𐑨𐑒𐑖𐑩𐑯𐑟 𐑕𐑐𐑦𐑒 𐑤𐑳𐑫𐑛𐑼 𐑞𐑨𐑯 𐑢𐑳𐑮𐑛𐑟	30
fragment-spec	actions speak louder than words	UNC	UNC	-d̪an-	-𐑛̪𐑨𐑯-	akʃənz spik lʌʊdər ðan wʌrdz	𐑨𐑒𐑖𐑩𐑯𐑟 𐑕𐑐𐑦𐑒 𐑤𐑳𐑫𐑛𐑼 𐑞𐑨𐑯 𐑢𐑳𐑮𐑛𐑟	1
fragment-spec	activable	AJ0	UNC	-bəl	-𐑚𐑩𐑤	ˈæktɪvəbl	𐑨𐑒𐑑𐑦𐑝𐑩𐑚𐑤	89
fragment-spec	administratrix	NN1	UNC	æd-	𐑨𐑛-	ədmɪnɪstreɪtrɪks	𐑩𐑛𐑥𐑦𐑯𐑦𐑕𐑑𐑮𐑱𐑑𐑮𐑦𐑒𐑕	1
fragment-spec	Aegriff	NP0	UNC	eɡ-	𐑧𐑜-	eɪɡrɪf	𐑱𐑜𐑮𐑦𐑓	1
fragment-spec	aemule	VVI	UNC	ɪ-	𐑦-	iːˈmjul	𐑰𐑥𐑘𐑫𐑤	89
fragment-spec	aemule	VVI	UNC	ə-	𐑩-	iːˈmjul	𐑰𐑥𐑘𐑫𐑤	89
fragment-spec	aeolodicon	NN1	UNC	iɑ-	𐑦ɑ-	ˌiəˈlædəkən	𐑦𐑩𐑤𐑨𐑛𐑩𐑒𐑩𐑯	1
fragment-spec	aeolodicon	NN1	UNC	-ˈloʊd-	-𐑤𐑴𐑛-	ˌiəˈlædəkən	𐑦𐑩𐑤𐑨𐑛𐑩𐑒𐑩𐑯	89
fragment-spec	aeolodicon	NN1	UNC	-kɑn	-𐑒ɑ𐑯	ˌiəˈlædəkən	𐑦𐑩𐑤𐑨𐑛𐑩𐑒𐑩𐑯	1
fragment-spec	aeolodicon	NN1	UNC	-kɒn	-𐑒𐑪𐑯	ˌiəˈlædəkən	𐑦𐑩𐑤𐑨𐑛𐑩𐑒𐑩𐑯	89
fragment-spec	aeolodion	NN1	UNC	iɑ-	𐑦ɑ-	ˌiəˈloʊdiən	𐑦𐑩𐑤𐑴𐑛𐑦𐑩𐑯	1
fragment-spec	aeolodion	NN1	UNC	-ɒn	-𐑪𐑯	ˌiəˈloʊdiən	𐑦𐑩𐑤𐑴𐑛𐑦𐑩𐑯	89
fragment-spec	aeolsklavier	NN1	UNC	eɪ-	𐑱-	ioʊlsklævir	𐑦𐑴𐑤𐑕𐑒𐑤𐑨𐑝𐑦𐑮	1
fragment-spec	aeolsklavier	NN1	UNC	-klɑ-	-𐑒𐑤ɑ-	ioʊlsklævir	𐑦𐑴𐑤𐑕𐑒𐑤𐑨𐑝𐑦𐑮	1
fragment-spec	aeolsklavier	NN1	UNC	-kləR-	-𐑒𐑤𐑼-	ioʊlsklævir	𐑦𐑴𐑤𐑕𐑒𐑤𐑨𐑝𐑦𐑮	89
fragment-spec	aesthetic	AJ0	UNC	-tetɪk	-𐑑𐑧𐑑𐑦𐑒	ɪsˈθetɪk	𐑦𐑕𐑔𐑧𐑑𐑦𐑒	89
fragment-spec	aesthetic	NN1	UNC	-tetɪk	-𐑑𐑧𐑑𐑦𐑒	ɪsˈθetɪk	𐑦𐑕𐑔𐑧𐑑𐑦𐑒	89
fragment-spec	affidavit	NN1	UNC	-ævɪt	-𐑨𐑝𐑦𐑑	ˌæfɪˈdeɪvɪt	𐑨𐑓𐑦𐑛𐑱𐑝𐑦𐑑	89
fragment-spec	affidavit	VVI	UNC	-ævɪt	-𐑨𐑝𐑦𐑑	ˌæfɪˈdeɪvɪt	𐑨𐑓𐑦𐑛𐑱𐑝𐑦𐑑	89
fragment-spec	agarita	NN1	UNC	ɑ-	ɑ-	æɡəriːtə	𐑨𐑜𐑼𐑰𐑑𐑩	1
fragment-spec	ageful	AJ0	UNC	-fəl	-𐑓𐑩𐑤	ˈeɪdʒfəl	𐑱𐑡𐑓𐑩𐑤	89
fragment-spec	ageful	NN1	UNC	-fəl	-𐑓𐑩𐑤	ˈeɪdʒfəl	𐑱𐑡𐑓𐑩𐑤	89
fragment-spec	agribusiness	NN1	UNC	-nəs	-𐑯𐑩𐑕	æɡrɪbɪznəs	𐑨𐑜𐑮𐑦𐑚𐑦𐑟𐑯𐑩𐑕	1
fragment-spec	Ah Kong	NN1	UNC	ˌɑː˨ -	𐑭˨ -	ˌɑː˧ ˈk˭ɔŋ˦	𐑭˧ 𐑒˭𐑷𐑙˦	1
fragment-spec	ah kua	NN1	UNC	ˌɑː˧ -	𐑭˧ -	ˌɑː˨ ˈk˭wɑː˦	𐑭˨ 𐑒˭𐑢𐑭˦	1
fragment-spec	ah kua	NN1	UNC	- k˭wãː˦	- 𐑒˭𐑢ãː˦	ˌɑː˨ ˈk˭wɑː˦	𐑭˨ 𐑒˭𐑢𐑭˦	1
fragment-spec	ah kua	AJ0	UNC	ˌɑː˧ -	𐑭˧ -	ˌɑː˨ ˈk˭wɑː˦	𐑭˨ 𐑒˭𐑢𐑭˦	1
fragment-spec	ah kua	AJ0	UNC	- k˭wãː˦	- 𐑒˭𐑢ãː˦	ˌɑː˨ ˈk˭wɑː˦	𐑭˨ 𐑒˭𐑢𐑭˦	1
fragment-spec	ailantus	NN1	UNC	ə-	𐑩-	eɪˈlæntəs	𐑱𐑤𐑨𐑯𐑑𐑩𐑕	89
fragment-spec	airdraulic	AJ0	UNC	er-	𐑧𐑮-	eɚdrɑlɪk	𐑧ɚ𐑛𐑮ɑ𐑤𐑦𐑒	30
fragment-spec	akara	NN1	UNC	-ɑr-	-ɑ𐑮-	ækərə	𐑨𐑒𐑼𐑩	1
fragment-spec	akara	NN1	UNC	-ɑ	-ɑ	ækərə	𐑨𐑒𐑼𐑩	1
fragment-spec	Alabama	NN1	UNC	-bamɑ	-𐑚𐑨𐑥ɑ	ələˈbɑmɑ	𐑩𐑤𐑩𐑚ɑ𐑥ɑ	1
fragment-spec	Alabama	NP0	UNC	-bamɑ	-𐑚𐑨𐑥ɑ	ələˈbɑmɑ	𐑩𐑤𐑩𐑚ɑ𐑥ɑ	1
fragment-spec	alamak	ITJ	UNC	ˌɑlə-	ɑ𐑤𐑩-	ˌɑlɑˈmɑʔ	ɑ𐑤ɑ𐑥ɑʔ	1
fragment-spec	alcotest	NN1	UNC	-koʊ-	-𐑒𐑴-	ˈælkəˌtest	𐑨𐑤𐑒𐑩𐑑𐑧𐑕𐑑	89
fragment-spec	alerion	NN1	UNC	-ler-	-𐑤𐑧𐑮-	əRlɪriən	𐑼𐑤𐑦𐑮𐑦𐑩𐑯	89
fragment-spec	alerion	NN1	UNC	-ɑn	-ɑ𐑯	əRlɪriən	𐑼𐑤𐑦𐑮𐑦𐑩𐑯	1
fragment-spec	algebra	NN1	UNC	-dʒe-	-𐑡𐑧-	əldʒibrɑ	𐑩𐑤𐑡𐑦𐑚𐑮ɑ	1
fragment-spec	algesia	NN1	UNC	-sɪə	-𐑕𐑾	ælˈdʒiːzɪə	𐑨𐑤𐑡𐑰𐑟𐑾	89
fragment-spec	ALGOL	NP0	UNC	-ɡɔːl	-𐑜𐑷𐑤	ˈælɡɒl	𐑨𐑤𐑜𐑪𐑤	89
fragment-spec	alicyclic	AJ0	UNC	-ˈsɪklɪk	-𐑕𐑦𐑒𐑤𐑦𐑒	ælɪˈsaɪklɪk	𐑨𐑤𐑦𐑕𐑲𐑒𐑤𐑦𐑒	89
fragment-spec	alicyclic	AJ0	UNC	æləˈ-	𐑨𐑤𐑩-	ælɪˈsaɪklɪk	𐑨𐑤𐑦𐑕𐑲𐑒𐑤𐑦𐑒	89
fragment-spec	alicyclic	NN1	UNC	-ˈsɪklɪk	-𐑕𐑦𐑒𐑤𐑦𐑒	ælɪˈsaɪklɪk	𐑨𐑤𐑦𐑕𐑲𐑒𐑤𐑦𐑒	89
fragment-spec	alicyclic	NN1	UNC	æləˈ-	𐑨𐑤𐑩-	ælɪˈsaɪklɪk	𐑨𐑤𐑦𐑕𐑲𐑒𐑤𐑦𐑒	89
fragment-spec	alkali	NN1	UNC	-laj	-𐑤𐑨𐑘	ˈælkəˌlaɪ	𐑨𐑤𐑒𐑩𐑤𐑲	89
fragment-spec	allision	NN1	UNC	æ-	𐑨-	əˈlɪʒən	𐑩𐑤𐑦𐑠𐑩𐑯	89
fragment-spec	almanac	NN1	UNC	ˈæl-	𐑨𐑤-	ˈɑlmənæk	ɑ𐑤𐑥𐑩𐑯𐑨𐑒	89
fragment-spec	almoner	NN1	UNC	ɒməR-	𐑪𐑥𐑼-	ælməRnəR	𐑨𐑤𐑥𐑼𐑯𐑼	89
fragment-spec	almoner	NN1	UNC	ʌːməR-	𐑳ː𐑥𐑼-	ælməRnəR	𐑨𐑤𐑥𐑼𐑯𐑼	1
fragment-spec	almoner	NN1	UNC	-nʌ	-𐑯𐑳	ælməRnəR	𐑨𐑤𐑥𐑼𐑯𐑼	1
fragment-spec	almoner	NN1	UNC	-na	-𐑯𐑨	ælməRnəR	𐑨𐑤𐑥𐑼𐑯𐑼	1
fragment-spec	almoner	NN1	UNC	aməR-	𐑨𐑥𐑼-	ælməRnəR	𐑨𐑤𐑥𐑼𐑯𐑼	89
fragment-spec	almoner	NN1	UNC	aːmo-	𐑨ː𐑥𐑪-	ælməRnəR	𐑨𐑤𐑥𐑼𐑯𐑼	1
fragment-spec	alright	AJ0	UNC	-ʔ	-ʔ	ɔːraɪt	𐑹𐑲𐑑	1
fragment-spec	alright	AV0	UNC	-ʔ	-ʔ	ɔːraɪt	𐑹𐑲𐑑	1
fragment-spec	alright	ITJ	UNC	-ʔ	-ʔ	ɔːraɪt	𐑹𐑲𐑑	1
fragment-spec	alumni	NN1	UNC	-i	-𐑦	əˈlʌmnaɪ	𐑩𐑤𐑳𐑥𐑯𐑲	89
fragment-spec	always	AV0	UNC	-wƏz	-𐑢𐑩𐑟	ˈɔlweɪz	𐑷𐑤𐑢𐑱𐑟	89
fragment-spec	always	AV0	UNC	-wes	-𐑢𐑧𐑕	ˈɔlweɪz	𐑷𐑤𐑢𐑱𐑟	89
fragment-spec	always	NN1	UNC	-wƏz	-𐑢𐑩𐑟	ˈɔlweɪz	𐑷𐑤𐑢𐑱𐑟	89
fragment-spec	always	NN1	UNC	-wes	-𐑢𐑧𐑕	ˈɔlweɪz	𐑷𐑤𐑢𐑱𐑟	89
fragment-spec	Alzheimer's disease	NN1	UNC	ɑːlts-	𐑭𐑤𐑑𐑕-	æltshaɪmərz dɪziːz	𐑨𐑤𐑑𐑕𐑣𐑲𐑥𐑼𐑟 𐑛𐑦𐑟𐑰𐑟	1
fragment-spec	Alzheimer's disease	NN1	UNC	ɔːlts-	𐑷𐑤𐑑𐑕-	æltshaɪmərz dɪziːz	𐑨𐑤𐑑𐑕𐑣𐑲𐑥𐑼𐑟 𐑛𐑦𐑟𐑰𐑟	1
fragment-spec	Alzheimer's disease	NN1	UNC	ælz-	𐑨𐑤𐑟-	æltshaɪmərz dɪziːz	𐑨𐑤𐑑𐑕𐑣𐑲𐑥𐑼𐑟 𐑛𐑦𐑟𐑰𐑟	1
fragment-spec	Alzheimer's disease	NN1	UNC	ɑːlz-	𐑭𐑤𐑟-	æltshaɪmərz dɪziːz	𐑨𐑤𐑑𐑕𐑣𐑲𐑥𐑼𐑟 𐑛𐑦𐑟𐑰𐑟	1
fragment-spec	Alzheimer's disease	NN1	UNC	ɔːlz-	𐑷𐑤𐑟-	æltshaɪmərz dɪziːz	𐑨𐑤𐑑𐑕𐑣𐑲𐑥𐑼𐑟 𐑛𐑦𐑟𐑰𐑟	1
fragment-spec	amaranthine	NN1	UNC	-θaɪn	-𐑔𐑲𐑯	æmərænθɪn	𐑨𐑥𐑼𐑨𐑯𐑔𐑦𐑯	1
fragment-spec	amaranthine	AJ0	UNC	-θaɪn	-𐑔𐑲𐑯	æmərænθɪn	𐑨𐑥𐑼𐑨𐑯𐑔𐑦𐑯	1
fragment-spec	amarantine	NN1	UNC	-taɪn	-𐑑𐑲𐑯	æməræntɪn	𐑨𐑥𐑼𐑨𐑯𐑑𐑦𐑯	1
fragment-spec	amarantine	AJ0	UNC	-taɪn	-𐑑𐑲𐑯	æməræntɪn	𐑨𐑥𐑼𐑨𐑯𐑑𐑦𐑯	1
fragment-spec	Amazon	NN1	UNC	-ɒn	-𐑪𐑯	ˈæməzɔn	𐑨𐑥𐑩𐑟𐑷𐑯	89
fragment-spec	Amazon	NP0	UNC	-ɒn	-𐑪𐑯	ˈæməzɔn	𐑨𐑥𐑩𐑟𐑷𐑯	89
fragment-spec	Amazon	VVI	UNC	-ɒn	-𐑪𐑯	ˈæməzɔn	𐑨𐑥𐑩𐑟𐑷𐑯	89
fragment-spec	amazon	NN1	UNC	-ɒn	-𐑪𐑯	ˈæməzɔn	𐑨𐑥𐑩𐑟𐑷𐑯	89
fragment-spec	ambulatorial	AJ0	UNC	-bjə-	-𐑚𐑘𐑩-	ambjələRtoːriəRl	𐑨𐑥𐑚𐑘𐑩𐑤𐑼𐑑𐑪ː𐑮𐑦𐑼𐑤	1
fragment-spec	Amfilochia	NP0	UNC	-ˈxiːə	-x𐑰𐑩	ˌæmfɪləʊˈkiːə	𐑨𐑥𐑓𐑦𐑤𐑴𐑒𐑰𐑩	1
fragment-spec	amicus curiae	NN1	UNC	əmikəRs-	𐑩𐑥𐑦𐑒𐑼𐑕-	æmɪkəs kjəriaɪ	𐑨𐑥𐑦𐑒𐑩𐑕 𐑒𐑘𐑼𐑦𐑲	89
fragment-spec	amicus curiae	NN1	UNC	-kjərieɪ	-𐑒𐑘𐑼𐑦𐑱	æmɪkəs kjəriaɪ	𐑨𐑥𐑦𐑒𐑩𐑕 𐑒𐑘𐑼𐑦𐑲	89
fragment-spec	amphigenesis	NN1	UNC	ˌæmfə-	𐑨𐑥𐑓𐑩-	ˌæmfɪˈdʒenəsɪs	𐑨𐑥𐑓𐑦𐑡𐑧𐑯𐑩𐑕𐑦𐑕	89
fragment-spec	amphigenetic	AJ0	UNC	ˌæmfə-	𐑨𐑥𐑓𐑩-	ˌæmfɪdʒəˈnetɪk	𐑨𐑥𐑓𐑦𐑡𐑩𐑯𐑧𐑑𐑦𐑒	89
fragment-spec	Andre	NP0	UNC	ɒn-	𐑪𐑯-	ɑːndreɪ	𐑭𐑯𐑛𐑮𐑱	1
fragment-spec	Ang Mo Kio	NP0	UNC	-io˦˧	-𐑦𐑪˦˧	ˌaŋ˧ mo˧ ˈkio˦	𐑨𐑙˧ 𐑥𐑪˧ 𐑒𐑦𐑪˦	1
fragment-spec	angklung	NN1	UNC	-kluːŋ	-𐑒𐑤𐑵𐑙	ˈæŋklʊŋ	𐑨𐑙𐑒𐑤𐑫𐑙	89
fragment-spec	angwantibo	NN1	UNC	ɑŋ-	ɑ𐑙-	æŋˈɡwɑntɪˌbou	𐑨𐑙𐑜𐑢ɑ𐑯𐑑𐑦𐑚𐑪𐑫	1
fragment-spec	animal coat	NN1	UNC	- kʌʉt	- 𐑒𐑳ʉ𐑑	ˈanəməl kot	𐑨𐑯𐑩𐑥𐑩𐑤 𐑒𐑪𐑑	1
fragment-spec	anisocoria	NN1	UNC	-koʊr-	-𐑒𐑴𐑮-	ænaɪsəkɔr i ə	𐑨𐑯𐑲𐑕𐑩𐑒𐑷𐑮 𐑦 𐑩	89
fragment-spec	anisocoria	NN1	UNC	ænaɪ-	𐑨𐑯𐑲-	ænaɪsəkɔr i ə	𐑨𐑯𐑲𐑕𐑩𐑒𐑷𐑮 𐑦 𐑩	1
fragment-spec	anschauung	NN1	UNC	ˈæn-	𐑨𐑯-	ˈɑːnʃaʊʊŋ	𐑭𐑯𐑖𐑬𐑫𐑙	89
fragment-spec	anschauung	NN1	UNC	-əŋ	-𐑩𐑙	ˈɑːnʃaʊʊŋ	𐑭𐑯𐑖𐑬𐑫𐑙	89
fragment-spec	anthropomorphization	NN1	UNC	-faɪzeɪʃən	-𐑓𐑲𐑟𐑱𐑖𐑩𐑯	ænθrɒpəmɔːrfəRzeɪʃən	𐑨𐑯𐑔𐑮𐑪𐑐𐑩𐑥𐑹𐑓𐑼𐑟𐑱𐑖𐑩𐑯	1
fragment-spec	anti-Semite	NN1	UNC	ˌæntaɪ-	𐑨𐑯𐑑𐑲-	ˌæntiˈsemaɪt	𐑨𐑯𐑑𐑦𐑕𐑧𐑥𐑲𐑑	89
fragment-spec	antibiotical	AJ0	UNC	-kʌl	-𐑒𐑳𐑤	ˌæntaɪbaɪˈɒtɪkəl	𐑨𐑯𐑑𐑲𐑚𐑲𐑪𐑑𐑦𐑒𐑩𐑤	89
fragment-spec	antibiotical	AJ0	UNC	ˌænti-	𐑨𐑯𐑑𐑦-	ˌæntaɪbaɪˈɒtɪkəl	𐑨𐑯𐑑𐑲𐑚𐑲𐑪𐑑𐑦𐑒𐑩𐑤	89
fragment-spec	anticodon	NN1	UNC	ˌæntaɪ-	𐑨𐑯𐑑𐑲-	ˌæntiˈkəʊdɒn	𐑨𐑯𐑑𐑦𐑒𐑴𐑛𐑪𐑯	89
fragment-spec	antidentite	NN1	UNC	ˌæntiː-	𐑨𐑯𐑑𐑰-	ˌæntaɪˈdentaɪt	𐑨𐑯𐑑𐑲𐑛𐑧𐑯𐑑𐑲𐑑	89
fragment-spec	antidisestablishmentarianism	NN1	UNC	æntaɪ-	𐑨𐑯𐑑𐑲-	æntidɪsɪstæblɪʃməRnteəriəRnɪzəRm	𐑨𐑯𐑑𐑦𐑛𐑦𐑕𐑦𐑕𐑑𐑨𐑚𐑤𐑦𐑖𐑥𐑼𐑯𐑑𐑺𐑦𐑼𐑯𐑦𐑟𐑼𐑥	1
fragment-spec	antidisestablishmentarianistic	AJ0	UNC	æntaɪ-	𐑨𐑯𐑑𐑲-	æntidɪsɪstæblɪʃməRnteəriəRnɪstɪk	𐑨𐑯𐑑𐑦𐑛𐑦𐑕𐑦𐑕𐑑𐑨𐑚𐑤𐑦𐑖𐑥𐑼𐑯𐑑𐑺𐑦𐑼𐑯𐑦𐑕𐑑𐑦𐑒	1
fragment-spec	antipasto	NN1	UNC	ˌɑn-	ɑ𐑯-	ˌæntiˈpɑstəʊ	𐑨𐑯𐑑𐑦𐑐ɑ𐑕𐑑𐑴	1
fragment-spec	Antu	NP0	UNC	ˈæn-	𐑨𐑯-	ˈɑnˈtu	ɑ𐑯𐑑𐑫	89
fragment-spec	anyhow whack	VVI	UNC	-˦˧	-˦˧	ˈenihaʊ ˈwek	𐑧𐑯𐑦𐑣𐑬 𐑢𐑧𐑒	1
fragment-spec	Aotearoa New Zealand	NP0	UNC	æotiə-	𐑨𐑪𐑑𐑦𐑩-	æoteərʌʉɘ njʉː ziːlɘnd	𐑨𐑪𐑑𐑺𐑳ʉɘ 𐑯𐑘ʉː 𐑟𐑰𐑤ɘ𐑯𐑛	1
fragment-spec	Aotearoa New Zealand	NP0	UNC	- nʉː -	- 𐑯ʉː -	æoteərʌʉɘ njʉː ziːlɘnd	𐑨𐑪𐑑𐑺𐑳ʉɘ 𐑯𐑘ʉː 𐑟𐑰𐑤ɘ𐑯𐑛	1
fragment-spec	apikoros	NN1	UNC	-ʊs	-𐑫𐑕	ɑːRpiːkɔrəRs	𐑸𐑐𐑰𐑒𐑷𐑮𐑼𐑕	1
fragment-spec	aposematic	AJ0	UNC	-se-	-𐑕𐑧-	ˌæpəʊsɪˈmætɪk	𐑨𐑐𐑴𐑕𐑦𐑥𐑨𐑑𐑦𐑒	89
fragment-spec	applistructure	NN1	UNC	æpləR-	𐑨𐑐𐑤𐑼-			30
fragment-spec	apprehensible	AJ0	UNC	æprɪ-	𐑨𐑐𐑮𐑦-	æprəhensəbəl	𐑨𐑐𐑮𐑩𐑣𐑧𐑯𐑕𐑩𐑚𐑩𐑤	89
fragment-spec	apprehensible	AJ0	UNC	-ɪbəl	-𐑦𐑚𐑩𐑤	æprəhensəbəl	𐑨𐑐𐑮𐑩𐑣𐑧𐑯𐑕𐑩𐑚𐑩𐑤	1
fragment-spec	April	NP0	UNC	-əl	-𐑩𐑤	eɪpraɪl	𐑱𐑐𐑮𐑲𐑤	1
fragment-spec	Aracan	NP0	UNC	er-	𐑧𐑮-	ɑrəRkɑn	ɑ𐑮𐑼𐑒ɑ𐑯	89
fragment-spec	Aracan	NP0	UNC	-kæn	-𐑒𐑨𐑯	ɑrəRkɑn	ɑ𐑮𐑼𐑒ɑ𐑯	1
fragment-spec	araucarian	AJ0	UNC	erɑ-	𐑧𐑮ɑ-	erɔkeriəRn	𐑧𐑮𐑷𐑒𐑧𐑮𐑦𐑼𐑯	1
fragment-spec	araucarian	NN1	UNC	erɑ-	𐑧𐑮ɑ-	erɔkeriəRn	𐑧𐑮𐑷𐑒𐑧𐑮𐑦𐑼𐑯	1
fragment-spec	argumenta ad fidem	NN1	UNC	-fidem	-𐑓𐑦𐑛𐑧𐑥			1
fragment-spec	argumenta ad fidem	NN1	UNC	-ɡuː-	-𐑜𐑵-			1
fragment-spec	argumentum ad fidem	NN1	UNC	-tum-	-𐑑𐑫𐑥-			1
fragment-spec	argumentum ad fidem	NN1	UNC	-fidem	-𐑓𐑦𐑛𐑧𐑥			1
fragment-spec	argumentum ad fidem	NN1	UNC	-ɡuː-	-𐑜𐑵-			1
fragment-spec	arietta	NN1	UNC	ɑ-	ɑ-	ærietə	𐑨𐑮𐑦𐑧𐑑𐑩	1
fragment-spec	armskote	NN1	UNC	-kɔːRt	-𐑒𐑹𐑑	ɑːRmskoʊt	𐑸𐑥𐑕𐑒𐑴𐑑	89
fragment-spec	aromanticism	NN1	UNC	eɪrə-	𐑱𐑮𐑩-	eɪrəʊmæntɪsɪzəm	𐑱𐑮𐑴𐑥𐑨𐑯𐑑𐑦𐑕𐑦𐑟𐑩𐑥	89
fragment-spec	aromanticity	NN1	UNC	æ-	𐑨-	eɪrəʊmæntɪsɪti	𐑱𐑮𐑴𐑥𐑨𐑯𐑑𐑦𐑕𐑦𐑑𐑦	1
fragment-spec	arospec	AJ0	UNC	æ-	𐑨-	eɪrəʊspek	𐑱𐑮𐑴𐑕𐑐𐑧𐑒	1
fragment-spec	art	NN1	UNC	-ɻ-	-ɻ-	ɒəRt	𐑪𐑼𐑑	1
fragment-spec	art	NN1	UNC	-tsʰ	-𐑑𐑕ʰ	ɒəRt	𐑪𐑼𐑑	1
fragment-spec	arthra	NN1	UNC	-θrɑ	-𐑔𐑮ɑ	erθrɒ	𐑧𐑮𐑔𐑮𐑪	1
fragment-spec	arthra	NN1	UNC	-θraː	-𐑔𐑮𐑨ː	erθrɒ	𐑧𐑮𐑔𐑮𐑪	1
fragment-spec	arthron	NN1	UNC	-θrʌʉn	-𐑔𐑮𐑳ʉ𐑯	erθroʊn	𐑧𐑮𐑔𐑮𐑴𐑯	1
fragment-spec	asceses	NN1	UNC	æ-	𐑨-	əˈskiːsiːz	𐑩𐑕𐑒𐑰𐑕𐑰𐑟	89
fragment-spec	ascesis	NN1	UNC	æ-	𐑨-	əˈskiːsɪs	𐑩𐑕𐑒𐑰𐑕𐑦𐑕	89
fragment-spec	ASEAN	NP0	UNC	-an	-𐑨𐑯	ˈæziæn	𐑨𐑟𐑦𐑨𐑯	89
fragment-spec	ASEAN	NP0	UNC	ˈæsi-	𐑨𐑕𐑦-	ˈæziæn	𐑨𐑟𐑦𐑨𐑯	89
fragment-spec	ASEAN	NP0	UNC	ˈæɪ-	𐑨𐑦-	ˈæziæn	𐑨𐑟𐑦𐑨𐑯	89
fragment-spec	ASEAN	NP0	UNC	ˈaʃ-	𐑨𐑖-	ˈæziæn	𐑨𐑟𐑦𐑨𐑯	89
fragment-spec	Asmodeus	NP0	UNC	-ˈdeɪəs	-𐑛𐑱𐑩𐑕	ˌæzməˈdiːəs	𐑨𐑟𐑥𐑩𐑛𐑰𐑩𐑕	89
fragment-spec	Asmodeus	NP0	UNC	ˌæs-	𐑨𐑕-	ˌæzməˈdiːəs	𐑨𐑟𐑥𐑩𐑛𐑰𐑩𐑕	89
fragment-spec	asphyxia	NN1	UNC	as-	𐑨𐑕-	æzˈfɪksiə	𐑨𐑟𐑓𐑦𐑒𐑕𐑦𐑩	89
fragment-spec	asphyxiophilia	NN1	UNC	-ˈfɪliə	-𐑓𐑦𐑤𐑦𐑩	æsˌfɪksiəʊˈfiːliə	𐑨𐑕𐑓𐑦𐑒𐑕𐑦𐑴𐑓𐑰𐑤𐑦𐑩	89
fragment-spec	assiduity	NN1	UNC	-ˈdʒuː-	-𐑡𐑵-	ˌæsɪˈdjuːɪti	𐑨𐑕𐑦𐑛𐑿𐑦𐑑𐑦	89
fragment-spec	asthma	NN1	UNC	as-	𐑨𐑕-	ˈæstmə	𐑨𐑕𐑑𐑥𐑩	89
fragment-spec	au contraire	AV0	UNC	ɔ-	𐑷-			1
fragment-spec	au gratin	AJ0	UNC	ɔ-	𐑷-	oʊ ɡrætən	𐑴 𐑜𐑮𐑨𐑑𐑩𐑯	1
fragment-spec	augmentative	AJ0	UNC	ˈɑɡ-	ɑ𐑜-	ˈɔɡmenˌteɪtɪv	𐑷𐑜𐑥𐑧𐑯𐑑𐑱𐑑𐑦𐑝	1
fragment-spec	augmentative	NN1	UNC	ˈɑɡ-	ɑ𐑜-	ˈɔɡmenˌteɪtɪv	𐑷𐑜𐑥𐑧𐑯𐑑𐑱𐑑𐑦𐑝	1
fragment-spec	auguste	NN1	UNC	-ˈɡʊst	-𐑜𐑫𐑕𐑑	aʊˈɡuːst	𐑬𐑜𐑵𐑕𐑑	89
fragment-spec	Aukštaitija	NP0	UNC	ək-	𐑩𐑒-	aʊkˈʃtaɪtiə	𐑬𐑒𐑖𐑑𐑲𐑑𐑦𐑩	89
fragment-spec	Australia	NP0	UNC	-rel-	-𐑮𐑧𐑤-	ɒstreɪljə	𐑪𐑕𐑑𐑮𐑱𐑤𐑘𐑩	89
fragment-spec	Australia	NP0	UNC	-rejə	-𐑮𐑧𐑘𐑩	ɒstreɪljə	𐑪𐑕𐑑𐑮𐑱𐑤𐑘𐑩	89
fragment-spec	Australia	NP0	UNC	-reɪl-	-𐑮𐑱𐑤-	ɒstreɪljə	𐑪𐑕𐑑𐑮𐑱𐑤𐑘𐑩	89
fragment-spec	Australian	NN1	UNC	-rel-	-𐑮𐑧𐑤-	ɒstreɪljən	𐑪𐑕𐑑𐑮𐑱𐑤𐑘𐑩𐑯	89
fragment-spec	Australian	NN1	UNC	-rejə	-𐑮𐑧𐑘𐑩	ɒstreɪljən	𐑪𐑕𐑑𐑮𐑱𐑤𐑘𐑩𐑯	89
fragment-spec	Australian	AJ0	UNC	-rel-	-𐑮𐑧𐑤-	ɒstreɪljən	𐑪𐑕𐑑𐑮𐑱𐑤𐑘𐑩𐑯	89
fragment-spec	Australian	AJ0	UNC	-rejə	-𐑮𐑧𐑘𐑩	ɒstreɪljən	𐑪𐑕𐑑𐑮𐑱𐑤𐑘𐑩𐑯	89
fragment-spec	Australian	NP0	UNC	-rel-	-𐑮𐑧𐑤-	ɒstreɪljən	𐑪𐑕𐑑𐑮𐑱𐑤𐑘𐑩𐑯	89
fragment-spec	Australian	NP0	UNC	-rejə	-𐑮𐑧𐑘𐑩	ɒstreɪljən	𐑪𐑕𐑑𐑮𐑱𐑤𐑘𐑩𐑯	89
fragment-spec	authoritative	AJ0	UNC	ɔ-	𐑷-	ɔːRθɒrɪtɪv	𐑹𐑔𐑪𐑮𐑦𐑑𐑦𐑝	1
fragment-spec	autobus	NN1	UNC	ˈɑɾə-	ɑɾ𐑩-	ˈɑtoʊˌbʌs	ɑ𐑑𐑴𐑚𐑳𐑕	1
fragment-spec	automaton	NN1	UNC	-ˌtɒn	-𐑑𐑪𐑯	ɔːˈtɒmətən	𐑷𐑑𐑪𐑥𐑩𐑑𐑩𐑯	89
fragment-spec	automaton	NN1	UNC	ə-	𐑩-	ɔːˈtɒmətən	𐑷𐑑𐑪𐑥𐑩𐑑𐑩𐑯	89
fragment-spec	autopaizuri	NN1	UNC	ɑɾ-	ɑɾ-	ɑtəpaɪzʊri	ɑ𐑑𐑩𐑐𐑲𐑟𐑫𐑮𐑦	1
fragment-spec	auxlang	NN1	UNC	ˈɑks-	ɑ𐑒𐑕-	ˈɔkslæŋ	𐑷𐑒𐑕𐑤𐑨𐑙	1
fragment-spec	avatar	NN1	UNC	-θɑːr	-𐑔𐑸	ævətɑːr	𐑨𐑝𐑩𐑑𐑸	89
fragment-spec	avenue	NN1	UNC	-ɲuˑ	-ɲ𐑫ˑ	əˈʋenju	𐑩ʋ𐑧𐑯𐑘𐑫	1
fragment-spec	aviation	NN1	UNC	ˌæviː-	𐑨𐑝𐑰-	ˌæɪviːˈæɪʃən	𐑨𐑦𐑝𐑰𐑨𐑦𐑖𐑩𐑯	89
fragment-spec	aviation	NN1	UNC	ˌaviː-	𐑨𐑝𐑰-	ˌæɪviːˈæɪʃən	𐑨𐑦𐑝𐑰𐑨𐑦𐑖𐑩𐑯	89
fragment-spec	aviation	NN1	UNC	ˌeviː-	𐑧𐑝𐑰-	ˌæɪviːˈæɪʃən	𐑨𐑦𐑝𐑰𐑨𐑦𐑖𐑩𐑯	89
fragment-spec	aviation	NN1	UNC	ˌavi-	𐑨𐑝𐑦-	ˌæɪviːˈæɪʃən	𐑨𐑦𐑝𐑰𐑨𐑦𐑖𐑩𐑯	89
fragment-spec	avocado	NN1	UNC	-æɖo	-𐑨ɖ𐑪	əvɵˈkɑɖo	𐑩𐑝ɵ𐑒ɑɖ𐑪	1
fragment-spec	avocado	AJ0	UNC	-æɖo	-𐑨ɖ𐑪	əvɵˈkɑɖo	𐑩𐑝ɵ𐑒ɑɖ𐑪	1
fragment-spec	Aymara	NN1	UNC	aɪmə-	𐑲𐑥𐑩-	aɪmɒrɒ	𐑲𐑥𐑪𐑮𐑪	1
fragment-spec	Aymara	NN1	UNC	ɑemə-	ɑ𐑧𐑥𐑩-	aɪmɒrɒ	𐑲𐑥𐑪𐑮𐑪	1
fragment-spec	Aymara	NN1	UNC	ajmə-	𐑨𐑘𐑥𐑩-	aɪmɒrɒ	𐑲𐑥𐑪𐑮𐑪	1
fragment-spec	Aymara	NP0	UNC	aɪmə-	𐑲𐑥𐑩-	aɪmɒrɒ	𐑲𐑥𐑪𐑮𐑪	1
fragment-spec	Aymara	NP0	UNC	ɑemə-	ɑ𐑧𐑥𐑩-	aɪmɒrɒ	𐑲𐑥𐑪𐑮𐑪	1
fragment-spec	Aymara	NP0	UNC	ajmə-	𐑨𐑘𐑥𐑩-	aɪmɒrɒ	𐑲𐑥𐑪𐑮𐑪	1
fragment-spec	baccara	NN1	UNC	bɑːRk-	𐑚𐑸𐑒-	bækərɑːR	𐑚𐑨𐑒𐑼𐑸	89
fragment-spec	back	AJ0	UNC	-k̚	-𐑒̚	bæk	𐑚𐑨𐑒	1
fragment-spec	back	AJ0	UNC	-ˀk	-ˀ𐑒	bæk	𐑚𐑨𐑒	1
fragment-spec	back	AV0	UNC	-k̚	-𐑒̚	bæk	𐑚𐑨𐑒	1
fragment-spec	back	AV0	UNC	-ˀk	-ˀ𐑒	bæk	𐑚𐑨𐑒	1
fragment-spec	back	NN1	UNC	-k̚	-𐑒̚	bæk	𐑚𐑨𐑒	1
fragment-spec	back	NN1	UNC	-ˀk	-ˀ𐑒	bæk	𐑚𐑨𐑒	1
fragment-spec	back	VVI	UNC	-k̚	-𐑒̚	bæk	𐑚𐑨𐑒	1
fragment-spec	back	VVI	UNC	-ˀk	-ˀ𐑒	bæk	𐑚𐑨𐑒	1
fragment-spec	Badong	NP0	UNC	bɑ-	𐑚ɑ-	bədɔŋ	𐑚𐑩𐑛𐑷𐑙	1
fragment-spec	Badong	NP0	UNC	-dɒŋ	-𐑛𐑪𐑙	bədɔŋ	𐑚𐑩𐑛𐑷𐑙	89
fragment-spec	Baicheng	NP0	UNC	-tʃɪŋ	-𐑗𐑦𐑙	baɪtʃeŋ	𐑚𐑲𐑗𐑧𐑙	89
fragment-spec	Baicheng	NP0	UNC	-tʃʌŋ	-𐑗𐑳𐑙	baɪtʃeŋ	𐑚𐑲𐑗𐑧𐑙	89
fragment-spec	Baishan	NP0	UNC	-ʃɑn	-𐑖ɑ𐑯	baɪʃæn	𐑚𐑲𐑖𐑨𐑯	1
fragment-spec	Bajram Curri	NP0	UNC	baɪrɑm-	𐑚𐑲𐑮ɑ𐑥-	baɪrɑm tsuri	𐑚𐑲𐑮ɑ𐑥 𐑑𐑕𐑫𐑮𐑦	1
fragment-spec	bak chor mee	NN1	UNC	- tʃʰɔ˦˨ -	- 𐑗ʰ𐑷˦˨ -	bɑ˦˨ tsʰɔ˦˨ miː˨	𐑚ɑ˦˨ 𐑑𐑕ʰ𐑷˦˨ 𐑥𐑰˨	1
fragment-spec	bakkie	NN1	UNC	ˈbʌ-	𐑚𐑳-	ˈbæki	𐑚𐑨𐑒𐑦	89
fragment-spec	Bambara	NN1	UNC	-ɑ	-ɑ	bɑmbɑrə	𐑚ɑ𐑥𐑚ɑ𐑮𐑩	1
fragment-spec	Bambara	NP0	UNC	-ɑ	-ɑ	bɑmbɑrə	𐑚ɑ𐑥𐑚ɑ𐑮𐑩	1
fragment-spec	bandung	NN1	UNC	-oŋ	-𐑪𐑙	ˈbɑːndɒŋ	𐑚𐑭𐑯𐑛𐑪𐑙	89
fragment-spec	Baode	NP0	UNC	-də	-𐑛𐑩	baʊdi	𐑚𐑬𐑛𐑦	89
fragment-spec	Baode	NP0	UNC	-deɪ	-𐑛𐑱	baʊdi	𐑚𐑬𐑛𐑦	89
fragment-spec	Barbudian	NN1	UNC	-diʌn	-𐑛𐑦𐑳𐑯	baːrbjuːdjʌn	𐑚𐑨ː𐑮𐑚𐑿𐑛𐑘𐑳𐑯	1
fragment-spec	Barbudian	AJ0	UNC	-diʌn	-𐑛𐑦𐑳𐑯	baːrbjuːdjʌn	𐑚𐑨ː𐑮𐑚𐑿𐑛𐑘𐑳𐑯	1
fragment-spec	Baren	NP0	UNC	-rɪn	-𐑮𐑦𐑯	bɑren	𐑚ɑ𐑮𐑧𐑯	89
fragment-spec	basmala	NN1	UNC	ˈbɑs-	𐑚ɑ𐑕-	ˈbæsˌmɑlə	𐑚𐑨𐑕𐑥ɑ𐑤𐑩	1
fragment-spec	Bayamón	NP0	UNC	beɪə-	𐑚𐑱𐑩-	baɪəˈmoʊn	𐑚𐑲𐑩𐑥𐑴𐑯	89
fragment-spec	bazaar	NN1	UNC	-dʒɑr	-𐑡ɑ𐑮	bəzʌː	𐑚𐑩𐑟𐑳ː	1
fragment-spec	bear in mind	VVI	UNC	-mʌɪnd	-𐑥𐑳𐑦𐑯𐑛	ber ɪn maɪnd	𐑚𐑧𐑮 𐑦𐑯 𐑥𐑲𐑯𐑛	1
fragment-spec	bear in mind	VVI	UNC	-mʌind	-𐑥𐑳𐑦𐑯𐑛	ber ɪn maɪnd	𐑚𐑧𐑮 𐑦𐑯 𐑥𐑲𐑯𐑛	1
fragment-spec	bear in mind	VVI	UNC	beəR-	𐑚𐑺-	ber ɪn maɪnd	𐑚𐑧𐑮 𐑦𐑯 𐑥𐑲𐑯𐑛	89
fragment-spec	bear in mind	VVI	UNC	-məind	-𐑥𐑩𐑦𐑯𐑛	ber ɪn maɪnd	𐑚𐑧𐑮 𐑦𐑯 𐑥𐑲𐑯𐑛	1
fragment-spec	beau idéal	NN1	UNC	-ideɪˈæl	-𐑦𐑛𐑱𐑨𐑤	ˈboʊ aɪˈdiːl	𐑚𐑴 𐑲𐑛𐑰𐑤	89
fragment-spec	beau idéal	NN1	UNC	-idiˈæl	-𐑦𐑛𐑦𐑨𐑤	ˈboʊ aɪˈdiːl	𐑚𐑴 𐑲𐑛𐑰𐑤	89
fragment-spec	becoming	VVI	UNC	-ɪŋɡ	-𐑦𐑙𐑜	ˈbɪkəmɪnɡ	𐑚𐑦𐑒𐑩𐑥𐑦𐑯𐑜	89
fragment-spec	becoming	NN1	UNC	-ɪŋɡ	-𐑦𐑙𐑜	ˈbɪkəmɪnɡ	𐑚𐑦𐑒𐑩𐑥𐑦𐑯𐑜	89
fragment-spec	becoming	AJ0	UNC	-ɪŋɡ	-𐑦𐑙𐑜	ˈbɪkəmɪnɡ	𐑚𐑦𐑒𐑩𐑥𐑦𐑯𐑜	89
fragment-spec	begena	NN1	UNC	ˈbɜː-	𐑚𐑻-	ˈbeɡənə	𐑚𐑧𐑜𐑩𐑯𐑩	89
fragment-spec	begging the question	NN1	UNC	-jən	-𐑘𐑩𐑯	ˈbeɡɪŋ ðə ˈkwestʃən	𐑚𐑧𐑜𐑦𐑙 𐑞𐑩 𐑒𐑢𐑧𐑕𐑗𐑩𐑯	89
fragment-spec	begging the question	VVI	UNC	-jən	-𐑘𐑩𐑯	ˈbeɡɪŋ ðə ˈkwestʃən	𐑚𐑧𐑜𐑦𐑙 𐑞𐑩 𐑒𐑢𐑧𐑕𐑗𐑩𐑯	89
fragment-spec	beginning	NN1	UNC	-ɪŋɡ	-𐑦𐑙𐑜	ˈbɪɡɪnɪnɡ	𐑚𐑦𐑜𐑦𐑯𐑦𐑯𐑜	89
fragment-spec	beginning	VVI	UNC	-ɪŋɡ	-𐑦𐑙𐑜	ˈbɪɡɪnɪnɡ	𐑚𐑦𐑜𐑦𐑯𐑦𐑯𐑜	89
fragment-spec	beginning	AJ0	UNC	-ɪŋɡ	-𐑦𐑙𐑜	ˈbɪɡɪnɪnɡ	𐑚𐑦𐑜𐑦𐑯𐑦𐑯𐑜	89
fragment-spec	Bei'an	NP0	UNC	-æn	-𐑨𐑯	ˈbeɪˈɑn	𐑚𐑱ɑ𐑯	89
fragment-spec	belanja	VVI	UNC	-dʒə	-𐑡𐑩	bəˈlandʒa	𐑚𐑩𐑤𐑨𐑯𐑡𐑨	89
fragment-spec	Belarusian	AJ0	UNC	bjelə-	𐑚𐑘𐑧𐑤𐑩-	beləruːsiən	𐑚𐑧𐑤𐑼𐑵𐑕𐑦𐑩𐑯	1
fragment-spec	Belarusian	NN1	UNC	bjelə-	𐑚𐑘𐑧𐑤𐑩-	beləruːsiən	𐑚𐑧𐑤𐑼𐑵𐑕𐑦𐑩𐑯	1
fragment-spec	believable	AJ0	UNC	bi-	𐑚𐑦-	bɪˈliːvəbəl	𐑚𐑦𐑤𐑰𐑝𐑩𐑚𐑩𐑤	89
fragment-spec	believable	AJ0	UNC	bə-	𐑚𐑩-	bɪˈliːvəbəl	𐑚𐑦𐑤𐑰𐑝𐑩𐑚𐑩𐑤	89
fragment-spec	bemusement	NN1	UNC	bɪ-	𐑚𐑦-	bəˈmjuːzmənt	𐑚𐑩𐑥𐑿𐑟𐑥𐑩𐑯𐑑	89
fragment-spec	beneficial	AJ0	UNC	-ˌfɪʃjəl	-𐑓𐑦𐑖𐑘𐑩𐑤	ˌbenəˈfɪʃəl	𐑚𐑧𐑯𐑩𐑓𐑦𐑖𐑩𐑤	89
fragment-spec	beneficial	NN1	UNC	-ˌfɪʃjəl	-𐑓𐑦𐑖𐑘𐑩𐑤	ˌbenəˈfɪʃəl	𐑚𐑧𐑯𐑩𐑓𐑦𐑖𐑩𐑤	89
fragment-spec	bersagliere	NN1	UNC	-sɑl-	-𐑕ɑ𐑤-	bersəljereɪ	𐑚𐑧𐑮𐑕𐑩𐑤𐑘𐑧𐑮𐑱	1
fragment-spec	bersagliere	NN1	UNC	-sæl-	-𐑕𐑨𐑤-	bersəljereɪ	𐑚𐑧𐑮𐑕𐑩𐑤𐑘𐑧𐑮𐑱	1
fragment-spec	bersagliere	NN1	UNC	-ler-	-𐑤𐑧𐑮-	bersəljereɪ	𐑚𐑧𐑮𐑕𐑩𐑤𐑘𐑧𐑮𐑱	30
fragment-spec	bersagliere	NN1	UNC	-i	-𐑦	bersəljereɪ	𐑚𐑧𐑮𐑕𐑩𐑤𐑘𐑧𐑮𐑱	1
fragment-spec	bersaglieri	NN1	UNC	-sɑl-	-𐑕ɑ𐑤-	bersəljeri	𐑚𐑧𐑮𐑕𐑩𐑤𐑘𐑧𐑮𐑦	1
fragment-spec	bersaglieri	NN1	UNC	-sæl-	-𐑕𐑨𐑤-	bersəljeri	𐑚𐑧𐑮𐑕𐑩𐑤𐑘𐑧𐑮𐑦	1
fragment-spec	bersaglieri	NN1	UNC	-ler-	-𐑤𐑧𐑮-	bersəljeri	𐑚𐑧𐑮𐑕𐑩𐑤𐑘𐑧𐑮𐑦	30
fragment-spec	berserk	AJ0	UNC	-zɚk	-𐑟ɚ𐑒	bəRsɚk	𐑚𐑼𐑕ɚ𐑒	1
fragment-spec	bianzhong	NN1	UNC	ˈbien-	𐑚𐑦𐑧𐑯-	ˈbiænˈdʒɔŋ	𐑚𐑦𐑨𐑯𐑡𐑷𐑙	89
fragment-spec	bianzhong	NN1	UNC	-ˈdʒʊŋ	-𐑡𐑫𐑙	ˈbiænˈdʒɔŋ	𐑚𐑦𐑨𐑯𐑡𐑷𐑙	89
fragment-spec	BibTeX	NP0	UNC	-tek	-𐑑𐑧𐑒	ˈbɪbtex	𐑚𐑦𐑚𐑑𐑧x	89
fragment-spec	bidirectional	AJ0	UNC	-daɪ-	-𐑛𐑲-	baɪdɪrekʃənəl	𐑚𐑲𐑛𐑦𐑮𐑧𐑒𐑖𐑩𐑯𐑩𐑤	1
fragment-spec	bidirectional	NN1	UNC	-daɪ-	-𐑛𐑲-	baɪdɪrekʃənəl	𐑚𐑲𐑛𐑦𐑮𐑧𐑒𐑖𐑩𐑯𐑩𐑤	1
fragment-spec	bisibelebath	NN1	UNC	-bæt	-𐑚𐑨𐑑	ˈbɪsiˌbeləˌbæθ	𐑚𐑦𐑕𐑦𐑚𐑧𐑤𐑩𐑚𐑨𐑔	89
fragment-spec	bistephanic	AJ0	UNC	-steˈ-	-𐑕𐑑𐑧-	ˌbaɪstɪˈfænɪk	𐑚𐑲𐑕𐑑𐑦𐑓𐑨𐑯𐑦𐑒	89
fragment-spec	blinatumomab	NN1	UNC	-tumoʊ-	-𐑑𐑫𐑥𐑴-	ˈblɪnəˌtuməˌmæb	𐑚𐑤𐑦𐑯𐑩𐑑𐑫𐑥𐑩𐑥𐑨𐑚	89
fragment-spec	bo jio	VVI	UNC	-˦˨	-˦˨	boː˨ ˈtsjoː˦	𐑚𐑪ː˨ 𐑑𐑕𐑘𐑪ː˦	1
fragment-spec	bo jio	VVI	UNC	-ˈtɕjo˦˨	-𐑑ɕ𐑘𐑪˦˨	boː˨ ˈtsjoː˦	𐑚𐑪ː˨ 𐑑𐑕𐑘𐑪ː˦	1
fragment-spec	boraces	NN1	UNC	-ræ-	-𐑮𐑨-	bɔːrəRsiːz	𐑚𐑹𐑼𐑕𐑰𐑟	89
fragment-spec	bottle	NN1	UNC	-əl	-𐑩𐑤	ˈbɔʔʊ	𐑚𐑷ʔ𐑫	89
fragment-spec	bottle	VVI	UNC	-əl	-𐑩𐑤	ˈbɔʔʊ	𐑚𐑷ʔ𐑫	89
fragment-spec	boulevardier	NN1	UNC	bu-	𐑚𐑫-	bʊləRvɑrdɪr	𐑚𐑫𐑤𐑼𐑝ɑ𐑮𐑛𐑦𐑮	1
fragment-spec	boulevardier	VVI	UNC	bu-	𐑚𐑫-	bʊləRvɑrdɪr	𐑚𐑫𐑤𐑼𐑝ɑ𐑮𐑛𐑦𐑮	1
fragment-spec	Brazil	NP0	UNC	-zɪl	-𐑟𐑦𐑤	brəzɪl	𐑚𐑮𐑩𐑟𐑦𐑤	1
fragment-spec	bread and butter	NN1	UNC	-ænd bʌtɚ	-𐑨𐑯𐑛 𐑚𐑳𐑑ɚ			1
fragment-spec	bread and butter	ITJ	UNC	-ænd bʌtɚ	-𐑨𐑯𐑛 𐑚𐑳𐑑ɚ			1
fragment-spec	Brunhild	NP0	UNC	-hɪlt	-𐑣𐑦𐑤𐑑	brʊnhɪld	𐑚𐑮𐑫𐑯𐑣𐑦𐑤𐑛	1
fragment-spec	Brønsted-Lowry acid	NN1	UNC	brɒn-	𐑚𐑮𐑪𐑯-	brəʊnsted laʊri æsƏd	𐑚𐑮𐑴𐑯𐑕𐑑𐑧𐑛 𐑤𐑬𐑮𐑦 𐑨𐑕𐑩𐑛	30
fragment-spec	Brønsted-Lowry acid	NN1	UNC	brɜːRn-	𐑚𐑮𐑻𐑯-	brəʊnsted laʊri æsƏd	𐑚𐑮𐑴𐑯𐑕𐑑𐑧𐑛 𐑤𐑬𐑮𐑦 𐑨𐑕𐑩𐑛	89
fragment-spec	Buenos Aires	NP0	UNC	-ɑerƏz	-ɑ𐑧𐑮𐑩𐑟	bwæɪnəs eəRiːz	𐑚𐑢𐑨𐑦𐑯𐑩𐑕 𐑺𐑰𐑟	1
fragment-spec	Buenos Aires	NP0	UNC	-aɪrəRz	-𐑲𐑮𐑼𐑟	bwæɪnəs eəRiːz	𐑚𐑢𐑨𐑦𐑯𐑩𐑕 𐑺𐑰𐑟	89
fragment-spec	Buenos Aires	NP0	UNC	-aɪrƏz	-𐑲𐑮𐑩𐑟	bwæɪnəs eəRiːz	𐑚𐑢𐑨𐑦𐑯𐑩𐑕 𐑺𐑰𐑟	89
fragment-spec	Buenos Aires	NP0	UNC	-ajɾiz	-𐑨𐑘ɾ𐑦𐑟	bwæɪnəs eəRiːz	𐑚𐑢𐑨𐑦𐑯𐑩𐑕 𐑺𐑰𐑟	1
fragment-spec	business end	NN1	UNC	-nɪz-	-𐑯𐑦𐑟-	ˈbɪznɪs ˌend	𐑚𐑦𐑟𐑯𐑦𐑕 𐑧𐑯𐑛	89
fragment-spec	bustier	NN1	UNC	bʌ-	𐑚𐑳-	bʌstiər	𐑚𐑳𐑕𐑑𐑦𐑼	1
fragment-spec	bánh xèo	NN1	UNC	bæn-	𐑚𐑨𐑯-	bɑːn sjaʊ	𐑚𐑭𐑯 𐑕𐑘𐑬	89
fragment-spec	bánh xèo	NN1	UNC	-ʃjaʊ	-𐑖𐑘𐑬	bɑːn sjaʊ	𐑚𐑭𐑯 𐑕𐑘𐑬	89
fragment-spec	bánh xèo	NN1	UNC	-seɪaʊ	-𐑕𐑱𐑬	bɑːn sjaʊ	𐑚𐑭𐑯 𐑕𐑘𐑬	89
fragment-spec	bánh xèo	NN1	UNC	-ʃeɪaʊ	-𐑖𐑱𐑬	bɑːn sjaʊ	𐑚𐑭𐑯 𐑕𐑘𐑬	89
fragment-spec	California	NP0	UNC	-fɔr-	-𐑓𐑷𐑮-	kælɪfɔrnjə	𐑒𐑨𐑤𐑦𐑓𐑷𐑮𐑯𐑘𐑩	89
fragment-spec	Camaldolese	AJ0	UNC	kɑ-	𐑒ɑ-	kəˌmɑldəˈliz	𐑒𐑩𐑥ɑ𐑤𐑛𐑩𐑤𐑦𐑟	1
fragment-spec	Camaldolese	AJ0	UNC	-doʊ-	-𐑛𐑴-	kəˌmɑldəˈliz	𐑒𐑩𐑥ɑ𐑤𐑛𐑩𐑤𐑦𐑟	89
fragment-spec	Camaldolese	NN1	UNC	kɑ-	𐑒ɑ-	kəˌmɑldəˈliz	𐑒𐑩𐑥ɑ𐑤𐑛𐑩𐑤𐑦𐑟	1
fragment-spec	Camaldolese	NN1	UNC	-doʊ-	-𐑛𐑴-	kəˌmɑldəˈliz	𐑒𐑩𐑥ɑ𐑤𐑛𐑩𐑤𐑦𐑟	89
fragment-spec	campimetry	NN1	UNC	-mə-	-𐑥𐑩-	kæmpɪmɪtri	𐑒𐑨𐑥𐑐𐑦𐑥𐑦𐑑𐑮𐑦	1
fragment-spec	can is can	UNC	UNC	- ˈkʰen˦˧	- 𐑒ʰ𐑧𐑯˦˧	ˈkæn ɪz ˈkæn	𐑒𐑨𐑯 𐑦𐑟 𐑒𐑨𐑯	1
fragment-spec	can is can	UNC	UNC	- ˈkʰen˨˦	- 𐑒ʰ𐑧𐑯˨˦	ˈkæn ɪz ˈkæn	𐑒𐑨𐑯 𐑦𐑟 𐑒𐑨𐑯	1
fragment-spec	Capernaum	NP0	UNC	-nɪəm	-𐑯𐑾𐑥	kəRpɝneɪəm	𐑒𐑼𐑐ɝ𐑯𐑱𐑩𐑥	1
fragment-spec	Capernaum	NP0	UNC	-niəm	-𐑯𐑦𐑩𐑥	kəRpɝneɪəm	𐑒𐑼𐑐ɝ𐑯𐑱𐑩𐑥	1
fragment-spec	Cappadocia	NP0	UNC	-ˈdoʊkiə	-𐑛𐑴𐑒𐑦𐑩	kæpəˈdoʊʃə	𐑒𐑨𐑐𐑩𐑛𐑴𐑖𐑩	89
fragment-spec	capuchin	NN1	UNC	-ʃɪn	-𐑖𐑦𐑯	ˈkæpətʃɪn	𐑒𐑨𐑐𐑩𐑗𐑦𐑯	89
fragment-spec	cardiophylax	NN1	UNC	-oʊfɪlɒks	-𐑴𐑓𐑦𐑤𐑪𐑒𐑕	kɑːRdiːəfɪlæks	𐑒𐑸𐑛𐑰𐑩𐑓𐑦𐑤𐑨𐑒𐑕	1
fragment-spec	cardiophylax	NN1	UNC	-əʉfɪlʌːks	-𐑩ʉ𐑓𐑦𐑤𐑳ː𐑒𐑕	kɑːRdiːəfɪlæks	𐑒𐑸𐑛𐑰𐑩𐑓𐑦𐑤𐑨𐑒𐑕	1
fragment-spec	cardiophylax	NN1	UNC	-ʌʉfəlʌːks	-𐑳ʉ𐑓𐑩𐑤𐑳ː𐑒𐑕	kɑːRdiːəfɪlæks	𐑒𐑸𐑛𐑰𐑩𐑓𐑦𐑤𐑨𐑒𐑕	1
fragment-spec	cardiophylax	NN1	UNC	-ofɪlaks	-𐑪𐑓𐑦𐑤𐑨𐑒𐑕	kɑːRdiːəfɪlæks	𐑒𐑸𐑛𐑰𐑩𐑓𐑦𐑤𐑨𐑒𐑕	1
fragment-spec	cardiophylax	NN1	UNC	-oːfɪlaːks	-𐑪ː𐑓𐑦𐑤𐑨ː𐑒𐑕	kɑːRdiːəfɪlæks	𐑒𐑸𐑛𐑰𐑩𐑓𐑦𐑤𐑨𐑒𐑕	1
fragment-spec	Carmarthenshire	NP0	UNC	kər-	𐑒𐑼-	kɑːrmɑːrðəRnʃər	𐑒𐑸𐑥𐑸𐑞𐑼𐑯𐑖𐑼	30
fragment-spec	Carmarthenshire	NP0	UNC	-ʃɪər	-𐑖𐑽	kɑːrmɑːrðəRnʃər	𐑒𐑸𐑥𐑸𐑞𐑼𐑯𐑖𐑼	30
fragment-spec	Casamance	NP0	UNC	ˈkæsə-	𐑒𐑨𐑕𐑩-	ˈkæzəˌmæns	𐑒𐑨𐑟𐑩𐑥𐑨𐑯𐑕	89
fragment-spec	casual	AJ0	UNC	-uːæl	-𐑵𐑨𐑤	ˈkeʒʉːəl	𐑒𐑧𐑠ʉː𐑩𐑤	89
fragment-spec	casual	NN1	UNC	-uːæl	-𐑵𐑨𐑤	ˈkeʒʉːəl	𐑒𐑧𐑠ʉː𐑩𐑤	89
fragment-spec	casus belli	NN1	UNC	ˌkɑː-	𐑒𐑭-	ˈkeɪsəs ˈbelaɪ	𐑒𐑱𐑕𐑩𐑕 𐑚𐑧𐑤𐑲	89
fragment-spec	casus belli	NN1	UNC	-ˈbeli	-𐑚𐑧𐑤𐑦	ˈkeɪsəs ˈbelaɪ	𐑒𐑱𐑕𐑩𐑕 𐑚𐑧𐑤𐑲	89
fragment-spec	category	NN1	UNC	-ɡəri	-𐑜𐑼𐑦	kætɪɡəri	𐑒𐑨𐑑𐑦𐑜𐑼𐑦	89
fragment-spec	category	NN1	UNC	-ɡɘri	-𐑜ɘ𐑮𐑦	kætɪɡəri	𐑒𐑨𐑑𐑦𐑜𐑼𐑦	1
fragment-spec	category	NN1	UNC	-ɡri	-𐑜𐑮𐑦	kætɪɡəri	𐑒𐑨𐑑𐑦𐑜𐑼𐑦	89
fragment-spec	catoblepas	NN1	UNC	kæ-	𐑒𐑨-	kəˈtɒblɪpəs	𐑒𐑩𐑑𐑪𐑚𐑤𐑦𐑐𐑩𐑕	89
fragment-spec	catoblepas	NN1	UNC	-ble-	-𐑚𐑤𐑧-	kəˈtɒblɪpəs	𐑒𐑩𐑑𐑪𐑚𐑤𐑦𐑐𐑩𐑕	89
fragment-spec	catoblepas	NN1	UNC	-bliː-	-𐑚𐑤𐑰-	kəˈtɒblɪpəs	𐑒𐑩𐑑𐑪𐑚𐑤𐑦𐑐𐑩𐑕	89
fragment-spec	catoblepas	NN1	UNC	-pæs	-𐑐𐑨𐑕	kəˈtɒblɪpəs	𐑒𐑩𐑑𐑪𐑚𐑤𐑦𐑐𐑩𐑕	89
fragment-spec	catoblepas	NN1	UNC	-tə-	-𐑑𐑩-	kəˈtɒblɪpəs	𐑒𐑩𐑑𐑪𐑚𐑤𐑦𐑐𐑩𐑕	89
fragment-spec	centimetre	NN1	UNC	sɑ̃-	𐑕ɑ̃-			1
fragment-spec	centimetre	NN1	UNC	sɒn-	𐑕𐑪𐑯-			1
fragment-spec	centroblast	NN1	UNC	-blɑːst	-𐑚𐑤𐑭𐑕𐑑	sentrəblæst	𐑕𐑧𐑯𐑑𐑮𐑩𐑚𐑤𐑨𐑕𐑑	1
fragment-spec	chaffron	NN1	UNC	ʃæf-	𐑖𐑨𐑓-	tʃæfrən	𐑗𐑨𐑓𐑮𐑩𐑯	1
fragment-spec	chaffron	NN1	UNC	-rɑn	-𐑮ɑ𐑯	tʃæfrən	𐑗𐑨𐑓𐑮𐑩𐑯	1
fragment-spec	Chagas' disease	NN1	UNC	ˈtʃɑɡ-	𐑗ɑ𐑜-	ˈʃɑɡəs	𐑖ɑ𐑜𐑩𐑕	1
fragment-spec	Chagas' disease	NN1	UNC	-ɑs	-ɑ𐑕	ˈʃɑɡəs	𐑖ɑ𐑜𐑩𐑕	1
fragment-spec	chalutz	NN1	UNC	xɑː-	x𐑭-	xəˈluːts	x𐑩𐑤𐑵𐑑𐑕	1
fragment-spec	chalutz	NN1	UNC	h-	𐑣-	xəˈluːts	x𐑩𐑤𐑵𐑑𐑕	89
fragment-spec	chametz	NN1	UNC	x-	x-	həˈmets	𐑣𐑩𐑥𐑧𐑑𐑕	1
fragment-spec	chametz	AJ0	UNC	x-	x-	həˈmets	𐑣𐑩𐑥𐑧𐑑𐑕	1
fragment-spec	Chang Jiang	NP0	UNC	-dʒiæŋ	-𐑡𐑦𐑨𐑙	tʃæŋ ˈdʒjɒŋ	𐑗𐑨𐑙 𐑡𐑘𐑪𐑙	89
fragment-spec	Chang'e	NP0	UNC	tʃæŋ-	𐑗𐑨𐑙-	tʃɒŋʔʌ	𐑗𐑪𐑙ʔ𐑳	89
fragment-spec	Changde	NP0	UNC	tʃɑŋ-	𐑗ɑ𐑙-	tʃæŋdi	𐑗𐑨𐑙𐑛𐑦	1
fragment-spec	Changde	NP0	UNC	-də	-𐑛𐑩	tʃæŋdi	𐑗𐑨𐑙𐑛𐑦	89
fragment-spec	Changfeng	NP0	UNC	ˈtʃɑŋ-	𐑗ɑ𐑙-	ˈtʃæŋˈfeŋ	𐑗𐑨𐑙𐑓𐑧𐑙	1
fragment-spec	Changfeng	NP0	UNC	-ˈfʌŋ	-𐑓𐑳𐑙	ˈtʃæŋˈfeŋ	𐑗𐑨𐑙𐑓𐑧𐑙	89
fragment-spec	Changle	NP0	UNC	tʃɑŋ-	𐑗ɑ𐑙-	ˈtʃæŋˈlʌ	𐑗𐑨𐑙𐑤𐑳	1
fragment-spec	Changping	NP0	UNC	tʃæŋ-	𐑗𐑨𐑙-	ˈtʃɑŋˈpɪŋ	𐑗ɑ𐑙𐑐𐑦𐑙	89
fragment-spec	Changsha	NP0	UNC	tʃɑŋ-	𐑗ɑ𐑙-	ˈtʃæŋˈʃɑ	𐑗𐑨𐑙𐑖ɑ	1
fragment-spec	Changshou	NP0	UNC	tʃɑŋ-	𐑗ɑ𐑙-	ˈtʃæŋˈʃoʊ	𐑗𐑨𐑙𐑖𐑴	1
fragment-spec	Changshu	NP0	UNC	tʃɑŋ-	𐑗ɑ𐑙-	ˈtʃæŋˈʃu	𐑗𐑨𐑙𐑖𐑫	1
fragment-spec	Changtai	NP0	UNC	tʃɑŋ-	𐑗ɑ𐑙-	ˈtʃæŋˈtaɪ	𐑗𐑨𐑙𐑑𐑲	1
fragment-spec	Changyuan	NP0	UNC	ˈtʃɑŋ-	𐑗ɑ𐑙-	ˈtʃæŋˈwɑn	𐑗𐑨𐑙𐑢ɑ𐑯	1
fragment-spec	Changzhi	NP0	UNC	tʃɑŋ-	𐑗ɑ𐑙-	ˌtʃæŋˈdʒiː	𐑗𐑨𐑙𐑡𐑰	1
fragment-spec	Changzhi	NP0	UNC	-dʒə	-𐑡𐑩	ˌtʃæŋˈdʒiː	𐑗𐑨𐑙𐑡𐑰	89
fragment-spec	Changzhou	NP0	UNC	tʃɒŋ-	𐑗𐑪𐑙-	tʃæŋdʒoʊ	𐑗𐑨𐑙𐑡𐑴	89
fragment-spec	Chanhe	NP0	UNC	tʃɑn-	𐑗ɑ𐑯-	ˈtʃænˈhʌ	𐑗𐑨𐑯𐑣𐑳	1
fragment-spec	Chanhe	NP0	UNC	-hi	-𐑣𐑦	ˈtʃænˈhʌ	𐑗𐑨𐑯𐑣𐑳	89
fragment-spec	chao chee bye	ITJ	UNC	ˈtʃʰ- ˌtɕ˭-	𐑗ʰ- 𐑑ɕ˭-	ˈtsʰaʊ˦˨ ˌts˭iː˧ ˈbaɪ˦	𐑑𐑕ʰ𐑬˦˨ 𐑑𐑕˭𐑰˧ 𐑚𐑲˦	1
fragment-spec	chao keng	VVI	UNC	ˈtʃʰ-	𐑗ʰ-	ˈtsʰaʊ˦˨ ˈk˭eŋ˦	𐑑𐑕ʰ𐑬˦˨ 𐑒˭𐑧𐑙˦	1
fragment-spec	chao ta	AJ0	UNC	- ˈt˭ɑː˦	- 𐑑˭𐑭˦	ˈtʃʰaʊ˦˨ ˈt˭ɑː˦˨	𐑗ʰ𐑬˦˨ 𐑑˭𐑭˦˨	1
fragment-spec	chao ta	AJ0	UNC	ˈtsʰ-	𐑑𐑕ʰ-	ˈtʃʰaʊ˦˨ ˈt˭ɑː˦˨	𐑗ʰ𐑬˦˨ 𐑑˭𐑭˦˨	1
fragment-spec	Chaoyang	NP0	UNC	-jɑŋ	-𐑘ɑ𐑙	ˈtʃaʊˈjæŋ	𐑗𐑬𐑘𐑨𐑙	1
fragment-spec	Chaozhou	NP0	UNC	-ˈtsoʊ	-𐑑𐑕𐑴	ˈtʃaʊˈdʒoʊ	𐑗𐑬𐑡𐑴	89
fragment-spec	Charon	NP0	UNC	-rəRn	-𐑮𐑼𐑯	keərəRn	𐑒𐑺𐑼𐑯	89
fragment-spec	Charon	NN1	UNC	-rəRn	-𐑮𐑼𐑯	keərəRn	𐑒𐑺𐑼𐑯	89
fragment-spec	chazeret	NN1	UNC	h-	𐑣-	xəzeret	x𐑩𐑟𐑧𐑮𐑧𐑑	1
fragment-spec	chazeret	NN1	UNC	-ɪt	-𐑦𐑑	xəzeret	x𐑩𐑟𐑧𐑮𐑧𐑑	1
fragment-spec	chee cheong fun	NN1	UNC	- ˈtʃʰɔŋ˨˩ -	- 𐑗ʰ𐑷𐑙˨˩ -	ˈtʃʰiː˦ ˈtʃʰjɔŋ˨˩ ˈfan˨˦	𐑗ʰ𐑰˦ 𐑗ʰ𐑘𐑷𐑙˨˩ 𐑓𐑨𐑯˨˦	1
fragment-spec	cheebai	NN1	UNC	ˌtɕ-	𐑑ɕ-	ˌtsiː˧ ˈbaɪ˦	𐑑𐑕𐑰˧ 𐑚𐑲˦	1
fragment-spec	cheng tng	NN1	UNC	-eŋ˧ -	-𐑧𐑙˧ -	ˌtsʰeŋ˨ ˈtʰŋ̍˦	𐑑𐑕ʰ𐑧𐑙˨ 𐑑ʰ𐑙̍˦	1
fragment-spec	Cheng'an	NP0	UNC	tʃɑŋ-	𐑗ɑ𐑙-	tʃeŋɑn	𐑗𐑧𐑙ɑ𐑯	1
fragment-spec	Cheng'an	NP0	UNC	-æn	-𐑨𐑯	tʃeŋɑn	𐑗𐑧𐑙ɑ𐑯	89
fragment-spec	Chengbei	NP0	UNC	tʃʌŋ-	𐑗𐑳𐑙-	tʃeŋbeɪ	𐑗𐑧𐑙𐑚𐑱	89
fragment-spec	Chengbei	NP0	UNC	tʃɑŋ-	𐑗ɑ𐑙-	tʃeŋbeɪ	𐑗𐑧𐑙𐑚𐑱	1
fragment-spec	Chengbei	NP0	UNC	tʃæŋ-	𐑗𐑨𐑙-	tʃeŋbeɪ	𐑗𐑧𐑙𐑚𐑱	89
fragment-spec	Chengde	NP0	UNC	tʃʌŋ-	𐑗𐑳𐑙-	tʃeŋdə	𐑗𐑧𐑙𐑛𐑩	89
fragment-spec	Chengde	NP0	UNC	tʃɑŋ-	𐑗ɑ𐑙-	tʃeŋdə	𐑗𐑧𐑙𐑛𐑩	1
fragment-spec	Chengde	NP0	UNC	tʃæŋ-	𐑗𐑨𐑙-	tʃeŋdə	𐑗𐑧𐑙𐑛𐑩	89
fragment-spec	Chengde	NP0	UNC	-deɪ	-𐑛𐑱	tʃeŋdə	𐑗𐑧𐑙𐑛𐑩	89
fragment-spec	Chengdu	NP0	UNC	tʃʌŋ-	𐑗𐑳𐑙-	tʃeŋdu	𐑗𐑧𐑙𐑛𐑫	89
fragment-spec	Chengdu	NP0	UNC	tʃɑŋ-	𐑗ɑ𐑙-	tʃeŋdu	𐑗𐑧𐑙𐑛𐑫	1
fragment-spec	Chengdu	NP0	UNC	tʃæŋ-	𐑗𐑨𐑙-	tʃeŋdu	𐑗𐑧𐑙𐑛𐑫	89
fragment-spec	Chengfei	NP0	UNC	tʃʌŋ-	𐑗𐑳𐑙-	tʃeŋfeɪ	𐑗𐑧𐑙𐑓𐑱	89
fragment-spec	Chenggu	NP0	UNC	tʃʌŋ-	𐑗𐑳𐑙-	tʃeŋɡu	𐑗𐑧𐑙𐑜𐑫	89
fragment-spec	Chenggu	NP0	UNC	tʃɑŋ-	𐑗ɑ𐑙-	tʃeŋɡu	𐑗𐑧𐑙𐑜𐑫	1
fragment-spec	Chenggu	NP0	UNC	tʃæŋ-	𐑗𐑨𐑙-	tʃeŋɡu	𐑗𐑧𐑙𐑜𐑫	89
fragment-spec	cheroot	NN1	UNC	tʃə-	𐑗𐑩-	ʃəruːt	𐑖𐑼𐑵𐑑	1
fragment-spec	chesed	NN1	UNC	-əd	-𐑩𐑛	ˈhesed	𐑣𐑧𐑕𐑧𐑛	89
fragment-spec	cheshirization	NN1	UNC	-rə-	-𐑮𐑩-	tʃeʃəraɪzeɪʃən	𐑗𐑧𐑖𐑼𐑲𐑟𐑱𐑖𐑩𐑯	89
fragment-spec	cheshirization	NN1	UNC	-rɪ-	-𐑮𐑦-	tʃeʃəraɪzeɪʃən	𐑗𐑧𐑖𐑼𐑲𐑟𐑱𐑖𐑩𐑯	89
fragment-spec	chili con carne	NN1	UNC	-kɑrneɪ	-𐑒ɑ𐑮𐑯𐑱	tʃɪli kɑn kɑrni	𐑗𐑦𐑤𐑦 𐑒ɑ𐑯 𐑒ɑ𐑮𐑯𐑦	1
fragment-spec	chimerical	AJ0	UNC	kaɪ-	𐑒𐑲-	kɪmerɪkəl	𐑒𐑦𐑥𐑧𐑮𐑦𐑒𐑩𐑤	1
fragment-spec	Chimpcongo	NP0	UNC	-ˈkɔŋɡoʊ	-𐑒𐑷𐑙𐑜𐑴	tʃɪmpˈkɒŋɡəʊ	𐑗𐑦𐑥𐑐𐑒𐑪𐑙𐑜𐑴	89
fragment-spec	chlorine	NN1	UNC	-in	-𐑦𐑯	kʰlorɪn	𐑒ʰ𐑤𐑪𐑮𐑦𐑯	1
fragment-spec	Choa Chu Kang	NP0	UNC	-aŋ˦˧	-𐑨𐑙˦˧	ˈtʃʰua˧ ˈtʃʰu˧ ˈkaŋ˦	𐑗ʰ𐑫𐑨˧ 𐑗ʰ𐑫˧ 𐑒𐑨𐑙˦	1
fragment-spec	chocolatier	AJ0	UNC	-lət-	-𐑤𐑩𐑑-	tʃɑklɪtiɚ	𐑗ɑ𐑒𐑤𐑦𐑑𐑦ɚ	1
fragment-spec	chocolaty	AJ0	UNC	-lət-	-𐑤𐑩𐑑-	ˈtʃɑklɪti	𐑗ɑ𐑒𐑤𐑦𐑑𐑦	89
fragment-spec	Chongyang	NP0	UNC	-ˈjɑŋ	-𐑘ɑ𐑙	tʃɔŋˈjæŋ	𐑗𐑷𐑙𐑘𐑨𐑙	1
fragment-spec	chope	VVI	UNC	-ɒp	-𐑪𐑐	tʃəʊp	𐑗𐑴𐑐	89
fragment-spec	choriogenesis	NN1	UNC	-nɪ-	-𐑯𐑦-	kɔrioʊdʒenəsɪs	𐑒𐑷𐑮𐑦𐑴𐑡𐑧𐑯𐑩𐑕𐑦𐑕	1
fragment-spec	chut pattern	VVI	UNC	tsʰ-	𐑑𐑕ʰ-	tʃut̚ petəRn	𐑗𐑫𐑑̚ 𐑐𐑧𐑑𐑼𐑯	1
fragment-spec	chwee kueh	NN1	UNC	ˌts˭w-	𐑑𐑕˭𐑢-	ˌtʃwiː ˈkweɪ	𐑗𐑢𐑰 𐑒𐑢𐑱	1
fragment-spec	circumstance	NN1	UNC	-aːns	-𐑨ː𐑯𐑕	sɜːRkəmstæns	𐑕𐑻𐑒𐑩𐑥𐑕𐑑𐑨𐑯𐑕	1
fragment-spec	circumstance	VVI	UNC	-aːns	-𐑨ː𐑯𐑕	sɜːRkəmstæns	𐑕𐑻𐑒𐑩𐑥𐑕𐑑𐑨𐑯𐑕	1
fragment-spec	cleanliness	NN1	UNC	ˈklin-	𐑒𐑤𐑦𐑯-	ˈklenlines	𐑒𐑤𐑧𐑯𐑤𐑦𐑯𐑧𐑕	89
fragment-spec	COBOL	NP0	UNC	-bɔːl	-𐑚𐑷𐑤	ˈkoʊbɒl	𐑒𐑴𐑚𐑪𐑤	89
fragment-spec	cockanathan	NN1	UNC	-ðən	-𐑞𐑩𐑯	ˌkɒkəˈnɑdən	𐑒𐑪𐑒𐑩𐑯ɑ𐑛𐑩𐑯	89
fragment-spec	coelum empireum	NN1	UNC	siːləm ɪm-	𐑕𐑰𐑤𐑩𐑥 𐑦𐑥-	siːləm empaɪriəRm	𐑕𐑰𐑤𐑩𐑥 𐑧𐑥𐑐𐑲𐑮𐑦𐑼𐑥	1
fragment-spec	Coetzee	NP0	UNC	-ˈsi-	-𐑕𐑦-	kutˈseɪə	𐑒𐑫𐑑𐑕𐑱𐑩	89
fragment-spec	Coetzeean	AJ0	UNC	-ˈsi-	-𐑕𐑦-	kutˈseɪən	𐑒𐑫𐑑𐑕𐑱𐑩𐑯	89
fragment-spec	CoffeeScript	NP0	UNC	kɒf-	𐑒𐑪𐑓-	kɒfiː skɾipʈ	𐑒𐑪𐑓𐑰 𐑕𐑒ɾ𐑦𐑐ʈ	1
fragment-spec	cognitohazard	NN1	UNC	-tə-	-𐑑𐑩-	kɑɡnitoʊhæzərd	𐑒ɑ𐑜𐑯𐑦𐑑𐑴𐑣𐑨𐑟𐑼𐑛	1
fragment-spec	cognitohazard	NN1	UNC	-ɾoʊ-	-ɾ𐑴-	kɑɡnitoʊhæzərd	𐑒ɑ𐑜𐑯𐑦𐑑𐑴𐑣𐑨𐑟𐑼𐑛	1
fragment-spec	cognitohazard	NN1	UNC	-ɾə-	-ɾ𐑩-	kɑɡnitoʊhæzərd	𐑒ɑ𐑜𐑯𐑦𐑑𐑴𐑣𐑨𐑟𐑼𐑛	1
fragment-spec	coliseum	NN1	UNC	-ʊm	-𐑫𐑥	kɒləˈsiːəm	𐑒𐑪𐑤𐑩𐑕𐑰𐑩𐑥	89
fragment-spec	colonial	AJ0	UNC	kə-	𐑒𐑩-	kɔˈlonɪjəl	𐑒𐑷𐑤𐑪𐑯𐑦𐑘𐑩𐑤	89
fragment-spec	colonial	NN1	UNC	kə-	𐑒𐑩-	kɔˈlonɪjəl	𐑒𐑷𐑤𐑪𐑯𐑦𐑘𐑩𐑤	89
fragment-spec	Colossians	NP0	UNC	-siənz	-𐑕𐑦𐑩𐑯𐑟	kəˈlɑʃənz	𐑒𐑩𐑤ɑ𐑖𐑩𐑯𐑟	89
fragment-spec	Colossians	NN1	UNC	-siənz	-𐑕𐑦𐑩𐑯𐑟	kəˈlɑʃənz	𐑒𐑩𐑤ɑ𐑖𐑩𐑯𐑟	89
fragment-spec	Comodoro Rivadavia	NP0	UNC	-viːə	-𐑝𐑰𐑩	koʊməRdoʊroʊ rivədɑvjə	𐑒𐑴𐑥𐑼𐑛𐑴𐑮𐑴 𐑮𐑦𐑝𐑩𐑛ɑ𐑝𐑘𐑩	1
fragment-spec	composite	AJ0	UNC	-zaɪʈ	-𐑟𐑲ʈ	ˈkɒmpəzɪt	𐑒𐑪𐑥𐑐𐑩𐑟𐑦𐑑	1
fragment-spec	composite	NN1	UNC	-zaɪʈ	-𐑟𐑲ʈ	ˈkɒmpəzɪt	𐑒𐑪𐑥𐑐𐑩𐑟𐑦𐑑	1
fragment-spec	composite	VVI	UNC	-zaɪʈ	-𐑟𐑲ʈ	ˈkɒmpəzɪt	𐑒𐑪𐑥𐑐𐑩𐑟𐑦𐑑	1
fragment-spec	comrade	NN1	UNC	-reːd	-𐑮𐑧ː𐑛	kɒmreɪd	𐑒𐑪𐑥𐑮𐑱𐑛	1
fragment-spec	comrade	VVI	UNC	-reːd	-𐑮𐑧ː𐑛	kɒmreɪd	𐑒𐑪𐑥𐑮𐑱𐑛	1
fragment-spec	congestion	NN1	UNC	-ˈdʒeʃdʒən	-𐑡𐑧𐑖𐑡𐑩𐑯	kənˈdʒestʃən	𐑒𐑩𐑯𐑡𐑧𐑕𐑗𐑩𐑯	89
fragment-spec	congratulate	VVI	UNC	-tʃə-	-𐑗𐑩-	kənɡrætʃʊleɪt	𐑒𐑩𐑯𐑜𐑮𐑨𐑗𐑫𐑤𐑱𐑑	1
fragment-spec	conspiracy theorist	NN1	UNC	- θiːərəRst	- 𐑔𐑰𐑼𐑼𐑕𐑑	kəRnspɪrəRsiː θɪərəRst	𐑒𐑼𐑯𐑕𐑐𐑦𐑮𐑼𐑕𐑰 𐑔𐑽𐑼𐑕𐑑	89
fragment-spec	conspiracy theorist	NN1	UNC	- θiːɘrɘst	- 𐑔𐑰ɘ𐑮ɘ𐑕𐑑	kəRnspɪrəRsiː θɪərəRst	𐑒𐑼𐑯𐑕𐑐𐑦𐑮𐑼𐑕𐑰 𐑔𐑽𐑼𐑕𐑑	1
fragment-spec	conspiracy theory	NN1	UNC	- θiːəriː	- 𐑔𐑰𐑼𐑰	kənspɪrəRsiː θɪəriː	𐑒𐑩𐑯𐑕𐑐𐑦𐑮𐑼𐑕𐑰 𐑔𐑽𐑰	30
fragment-spec	conspiracy theory	NN1	UNC	- θiːɘriː	- 𐑔𐑰ɘ𐑮𐑰	kənspɪrəRsiː θɪəriː	𐑒𐑩𐑯𐑕𐑐𐑦𐑮𐑼𐑕𐑰 𐑔𐑽𐑰	1
fragment-spec	contango	NN1	UNC	kɒn-	𐑒𐑪𐑯-	kənˈtæŋɡoʊ	𐑒𐑩𐑯𐑑𐑨𐑙𐑜𐑴	89
fragment-spec	contango	VVI	UNC	kɒn-	𐑒𐑪𐑯-	kənˈtæŋɡoʊ	𐑒𐑩𐑯𐑑𐑨𐑙𐑜𐑴	89
fragment-spec	continue	VVI	UNC	-ɲu	-ɲ𐑫	kənˈtɪn juː	𐑒𐑩𐑯𐑑𐑦𐑯 𐑿	1
fragment-spec	continue	NN1	UNC	-ɲu	-ɲ𐑫	kənˈtɪn juː	𐑒𐑩𐑯𐑑𐑦𐑯 𐑿	1
fragment-spec	continuous	AJ0	UNC	-jɪuəs	-𐑘𐑦𐑫𐑩𐑕	kənˈtɪnjuːəs	𐑒𐑩𐑯𐑑𐑦𐑯𐑿𐑩𐑕	89
fragment-spec	continuum	NN1	UNC	-jɪuəm	-𐑘𐑦𐑫𐑩𐑥	kənˈtɪnjuəm	𐑒𐑩𐑯𐑑𐑦𐑯𐑘𐑫𐑩𐑥	89
fragment-spec	contractant	NN1	UNC	kɒn-	𐑒𐑪𐑯-	kəntræktənt	𐑒𐑩𐑯𐑑𐑮𐑨𐑒𐑑𐑩𐑯𐑑	1
fragment-spec	contractant	NN1	UNC	kɑn-	𐑒ɑ𐑯-	kəntræktənt	𐑒𐑩𐑯𐑑𐑮𐑨𐑒𐑑𐑩𐑯𐑑	1
fragment-spec	contractant	NN1	UNC	kɔn-	𐑒𐑷𐑯-	kəntræktənt	𐑒𐑩𐑯𐑑𐑮𐑨𐑒𐑑𐑩𐑯𐑑	1
fragment-spec	contractants	NN1	UNC	kɒn-	𐑒𐑪𐑯-	kəntræktənts	𐑒𐑩𐑯𐑑𐑮𐑨𐑒𐑑𐑩𐑯𐑑𐑕	1
fragment-spec	contractants	NN1	UNC	kɑn-	𐑒ɑ𐑯-	kəntræktənts	𐑒𐑩𐑯𐑑𐑮𐑨𐑒𐑑𐑩𐑯𐑑𐑕	1
fragment-spec	contractants	NN1	UNC	kɔn-	𐑒𐑷𐑯-	kəntræktənts	𐑒𐑩𐑯𐑑𐑮𐑨𐑒𐑑𐑩𐑯𐑑𐑕	1
fragment-spec	conversation	NN1	UNC	-zeʃən	-𐑟𐑧𐑖𐑩𐑯	kɔnvərseʃən	𐑒𐑷𐑯𐑝𐑼𐑕𐑧𐑖𐑩𐑯	1
fragment-spec	conversation	VVI	UNC	-zeʃən	-𐑟𐑧𐑖𐑩𐑯	kɔnvərseʃən	𐑒𐑷𐑯𐑝𐑼𐑕𐑧𐑖𐑩𐑯	1
fragment-spec	copper	NN1	UNC	kɒ-	𐑒𐑪-	kɒpəR	𐑒𐑪𐑐𐑼	1
fragment-spec	copper	AJ0	UNC	kɒ-	𐑒𐑪-	kɒpəR	𐑒𐑪𐑐𐑼	1
fragment-spec	copper	VVI	UNC	kɒ-	𐑒𐑪-	kɒpəR	𐑒𐑪𐑐𐑼	1
fragment-spec	coquelicot	NN1	UNC	ˈkoʊk-	𐑒𐑴𐑒-	ˈkɑkləˌkoʊ	𐑒ɑ𐑒𐑤𐑩𐑒𐑴	89
fragment-spec	coquelicot	NN1	UNC	-lɪ-	-𐑤𐑦-	ˈkɑkləˌkoʊ	𐑒ɑ𐑒𐑤𐑩𐑒𐑴	89
fragment-spec	coquelicot	AJ0	UNC	ˈkoʊk-	𐑒𐑴𐑒-	ˈkɑkləˌkoʊ	𐑒ɑ𐑒𐑤𐑩𐑒𐑴	89
fragment-spec	coquelicot	AJ0	UNC	-lɪ-	-𐑤𐑦-	ˈkɑkləˌkoʊ	𐑒ɑ𐑒𐑤𐑩𐑒𐑴	89
fragment-spec	cordiality	NN1	UNC	-dʒiːæl-	-𐑡𐑰𐑨𐑤-	kordʒalɪti	𐑒𐑪𐑮𐑡𐑨𐑤𐑦𐑑𐑦	1
fragment-spec	cordiality	NN1	UNC	-diːæl-	-𐑛𐑰𐑨𐑤-	kordʒalɪti	𐑒𐑪𐑮𐑡𐑨𐑤𐑦𐑑𐑦	1
fragment-spec	cordiality	NN1	UNC	-dʒiːel-	-𐑡𐑰𐑧𐑤-	kordʒalɪti	𐑒𐑪𐑮𐑡𐑨𐑤𐑦𐑑𐑦	1
fragment-spec	cordiality	NN1	UNC	-diːel-	-𐑛𐑰𐑧𐑤-	kordʒalɪti	𐑒𐑪𐑮𐑡𐑨𐑤𐑦𐑑𐑦	1
fragment-spec	cordiality	NN1	UNC	-dʒial-	-𐑡𐑦𐑨𐑤-	kordʒalɪti	𐑒𐑪𐑮𐑡𐑨𐑤𐑦𐑑𐑦	1
fragment-spec	cordiality	NN1	UNC	-dial-	-𐑛𐑦𐑨𐑤-	kordʒalɪti	𐑒𐑪𐑮𐑡𐑨𐑤𐑦𐑑𐑦	1
fragment-spec	cordiality	NN1	UNC	-ɖiːæl-	-ɖ𐑰𐑨𐑤-	kordʒalɪti	𐑒𐑪𐑮𐑡𐑨𐑤𐑦𐑑𐑦	1
fragment-spec	couturière	NN1	UNC	-ier	-𐑦𐑧𐑮	kutʊriər	𐑒𐑫𐑑𐑫𐑮𐑦𐑼	30
fragment-spec	creativity	NN1	UNC	-ɾi	-ɾ𐑦	krieɪtɪvᵻti	𐑒𐑮𐑦𐑱𐑑𐑦𐑝ᵻ𐑑𐑦	1
fragment-spec	croissant	NN1	UNC	kwə-	𐑒𐑢𐑩-	krəsɔnt	𐑒𐑮𐑩𐑕𐑷𐑯𐑑	1
fragment-spec	croissant	NN1	UNC	krə-	𐑒𐑮𐑩-	krəsɔnt	𐑒𐑮𐑩𐑕𐑷𐑯𐑑	89
fragment-spec	cuprine	AJ0	UNC	kup-	𐑒𐑫𐑐-	kjuprɪn	𐑒𐑘𐑫𐑐𐑮𐑦𐑯	1
fragment-spec	cuprine	AJ0	UNC	-raɪn	-𐑮𐑲𐑯	kjuprɪn	𐑒𐑘𐑫𐑐𐑮𐑦𐑯	89
fragment-spec	cuprine	AJ0	UNC	-rin	-𐑮𐑦𐑯	kjuprɪn	𐑒𐑘𐑫𐑐𐑮𐑦𐑯	89
fragment-spec	curry	NN1	UNC	-ɾi	-ɾ𐑦	kʌri	𐑒𐑳𐑮𐑦	1
fragment-spec	curry	VVI	UNC	-ɾi	-ɾ𐑦	kʌri	𐑒𐑳𐑮𐑦	1
fragment-spec	cusimanse	NN1	UNC	-ˈmɑn-	-𐑥ɑ𐑯-	ˌkusəˈmænsə	𐑒𐑫𐑕𐑩𐑥𐑨𐑯𐑕𐑩	1
fragment-spec	cusimanse	NN1	UNC	-si	-𐑕𐑦	ˌkusəˈmænsə	𐑒𐑫𐑕𐑩𐑥𐑨𐑯𐑕𐑩	89
fragment-spec	Dabancheng	NP0	UNC	-tʃʌŋ	-𐑗𐑳𐑙	ˈdɑbɑntʃɒŋ	𐑛ɑ𐑚ɑ𐑯𐑗𐑪𐑙	89
fragment-spec	Dabancheng	NP0	UNC	-tʃeŋ	-𐑗𐑧𐑙	ˈdɑbɑntʃɒŋ	𐑛ɑ𐑚ɑ𐑯𐑗𐑪𐑙	89
fragment-spec	Daimler	NP0	UNC	deɪm-	𐑛𐑱𐑥-	daɪmlər	𐑛𐑲𐑥𐑤𐑼	1
fragment-spec	Daimler	NN1	UNC	deɪm-	𐑛𐑱𐑥-	daɪmlər	𐑛𐑲𐑥𐑤𐑼	1
fragment-spec	Daliu	NP0	UNC	-liˈu	-𐑤𐑦𐑫	ˌdɑ liˈoʊ	𐑛ɑ 𐑤𐑦𐑴	89
fragment-spec	Danfeng	NP0	UNC	dæn-	𐑛𐑨𐑯-	ˈdɑnˈfʌŋ	𐑛ɑ𐑯𐑓𐑳𐑙	89
fragment-spec	Danfeng	NP0	UNC	-feŋ	-𐑓𐑧𐑙	ˈdɑnˈfʌŋ	𐑛ɑ𐑯𐑓𐑳𐑙	89
fragment-spec	Danjiangkou	NP0	UNC	dæn-	𐑛𐑨𐑯-	ˈdɑnˈdʒɑŋˈkoʊ	𐑛ɑ𐑯𐑡ɑ𐑙𐑒𐑴	89
fragment-spec	Danjiangkou	NP0	UNC	dʒæŋ-	𐑡𐑨𐑙-	ˈdɑnˈdʒɑŋˈkoʊ	𐑛ɑ𐑯𐑡ɑ𐑙𐑒𐑴	89
fragment-spec	Danzhou	NP0	UNC	dæn-	𐑛𐑨𐑯-	dɑnˈdʒoʊ	𐑛ɑ𐑯𐑡𐑴	89
fragment-spec	Daozang	NP0	UNC	-tsæŋ	-𐑑𐑕𐑨𐑙	ˌdaʊˈzæŋ	𐑛𐑬𐑟𐑨𐑙	89
fragment-spec	database	NN1	UNC	ˈɖaː-	ɖ𐑨ː-	ˈdæːtəˌbeːs	𐑛𐑨ː𐑑𐑩𐑚𐑧ː𐑕	1
fragment-spec	database	NN1	UNC	ˈɖæ-	ɖ𐑨-	ˈdæːtəˌbeːs	𐑛𐑨ː𐑑𐑩𐑚𐑧ː𐑕	1
fragment-spec	database	VVI	UNC	ˈɖaː-	ɖ𐑨ː-	ˈdæːtəˌbeːs	𐑛𐑨ː𐑑𐑩𐑚𐑧ː𐑕	1
fragment-spec	database	VVI	UNC	ˈɖæ-	ɖ𐑨-	ˈdæːtəˌbeːs	𐑛𐑨ː𐑑𐑩𐑚𐑧ː𐑕	1
fragment-spec	Dauphin	NN1	UNC	-ˈfæn	-𐑓𐑨𐑯	doʊˈfen	𐑛𐑴𐑓𐑧𐑯	89
fragment-spec	Dauphin	NP0	UNC	-ˈfæn	-𐑓𐑨𐑯	doʊˈfen	𐑛𐑴𐑓𐑧𐑯	89
fragment-spec	De'ang	NN1	UNC	-æŋ	-𐑨𐑙	dəˈɑŋ	𐑛𐑩ɑ𐑙	89
fragment-spec	debuccalization	NN1	UNC	dɪ-	𐑛𐑦-	diːˌbʌkəlaɪˈzeɪʃən	𐑛𐑰𐑚𐑳𐑒𐑩𐑤𐑲𐑟𐑱𐑖𐑩𐑯	89
fragment-spec	debuccalization	NN1	UNC	-ˌbʊ-	-𐑚𐑫-	diːˌbʌkəlaɪˈzeɪʃən	𐑛𐑰𐑚𐑳𐑒𐑩𐑤𐑲𐑟𐑱𐑖𐑩𐑯	89
fragment-spec	debut	NN1	UNC	də-	𐑛𐑩-	deˈbjuː	𐑛𐑧𐑚𐑿	89
fragment-spec	debut	NN1	UNC	-bjɪu	-𐑚𐑘𐑦𐑫	deˈbjuː	𐑛𐑧𐑚𐑿	89
fragment-spec	debut	VVI	UNC	də-	𐑛𐑩-	deˈbjuː	𐑛𐑧𐑚𐑿	89
fragment-spec	debut	VVI	UNC	-bjɪu	-𐑚𐑘𐑦𐑫	deˈbjuː	𐑛𐑧𐑚𐑿	89
fragment-spec	Ded Moroz	NP0	UNC	mə-	𐑥𐑩-	ded mɑroʊs	𐑛𐑧𐑛 𐑥ɑ𐑮𐑴𐑕	1
fragment-spec	Ded Moroz	NP0	UNC	-rɔs	-𐑮𐑷𐑕	ded mɑroʊs	𐑛𐑧𐑛 𐑥ɑ𐑮𐑴𐑕	89
fragment-spec	dedovshchina	NN1	UNC	-dəf-	-𐑛𐑩𐑓-	dɪdəvˈʃːinə	𐑛𐑦𐑛𐑩𐑝𐑖ː𐑦𐑯𐑩	89
fragment-spec	dehort	VVI	UNC	diː-	𐑛𐑰-	dɪhɔːRt	𐑛𐑦𐑣𐑹𐑑	1
fragment-spec	Deism	NN1	UNC	ˈdeɪ-	𐑛𐑱-	ˈdiːɪzəm	𐑛𐑰𐑦𐑟𐑩𐑥	89
fragment-spec	deism	NN1	UNC	ˈdeɪ-	𐑛𐑱-	ˈdiːɪzəm	𐑛𐑰𐑦𐑟𐑩𐑥	89
fragment-spec	deity	NN1	UNC	ˈdiː-	𐑛𐑰-	ˈɖejɪʈi	ɖ𐑧𐑘𐑦ʈ𐑦	89
fragment-spec	deity	NN1	UNC	-tɪ	-𐑑𐑦	ˈɖejɪʈi	ɖ𐑧𐑘𐑦ʈ𐑦	89
fragment-spec	deity	NN1	UNC	-tɪj	-𐑑𐑦𐑘	ˈɖejɪʈi	ɖ𐑧𐑘𐑦ʈ𐑦	89
fragment-spec	denaskulo	NN1	UNC	ˌdeɪ-	𐑛𐑱-	ˌdenɑsˈkuːləʊ	𐑛𐑧𐑯ɑ𐑕𐑒𐑵𐑤𐑴	89
fragment-spec	denaskulo	NN1	UNC	də-	𐑛𐑩-	ˌdenɑsˈkuːləʊ	𐑛𐑧𐑯ɑ𐑕𐑒𐑵𐑤𐑴	89
fragment-spec	denaskulo	NN1	UNC	-nəs-	-𐑯𐑩𐑕-	ˌdenɑsˈkuːləʊ	𐑛𐑧𐑯ɑ𐑕𐑒𐑵𐑤𐑴	89
fragment-spec	dengue	NN1	UNC	-ɡi	-𐑜𐑦	ˈɖeŋɡu	ɖ𐑧𐑙𐑜𐑫	89
fragment-spec	depender	NN1	UNC	dəR-	𐑛𐑼-	dɪpendər	𐑛𐑦𐑐𐑧𐑯𐑛𐑼	89
fragment-spec	depender	NN1	UNC	di-	𐑛𐑦-	dɪpendər	𐑛𐑦𐑐𐑧𐑯𐑛𐑼	1
fragment-spec	depending	VVI	UNC	də-	𐑛𐑩-	dɪˈpendɪŋ	𐑛𐑦𐑐𐑧𐑯𐑛𐑦𐑙	89
fragment-spec	depending	VVI	UNC	di-	𐑛𐑦-	dɪˈpendɪŋ	𐑛𐑦𐑐𐑧𐑯𐑛𐑦𐑙	89
fragment-spec	depending	AJ0	UNC	də-	𐑛𐑩-	dɪˈpendɪŋ	𐑛𐑦𐑐𐑧𐑯𐑛𐑦𐑙	89
fragment-spec	depending	AJ0	UNC	di-	𐑛𐑦-	dɪˈpendɪŋ	𐑛𐑦𐑐𐑧𐑯𐑛𐑦𐑙	89
fragment-spec	Depsang Plains	NP0	UNC	-sæŋ-	-𐑕𐑨𐑙-	depsɑŋ pleɪnz	𐑛𐑧𐑐𐑕ɑ𐑙 𐑐𐑤𐑱𐑯𐑟	89
fragment-spec	derangement	NN1	UNC	-mənt	-𐑥𐑩𐑯𐑑	dɪreɪndʒmənt	𐑛𐑦𐑮𐑱𐑯𐑡𐑥𐑩𐑯𐑑	1
fragment-spec	derech	NN1	UNC	-ɪx	-𐑦x	derex	𐑛𐑧𐑮𐑧x	1
fragment-spec	desensitize	VVI	UNC	-ətaɪz	-𐑩𐑑𐑲𐑟	diːˈsensɪtaɪz	𐑛𐑰𐑕𐑧𐑯𐑕𐑦𐑑𐑲𐑟	89
fragment-spec	designable	AJ0	UNC	ˈdes-	𐑛𐑧𐑕-	dɪˈzaɪnəbəl	𐑛𐑦𐑟𐑲𐑯𐑩𐑚𐑩𐑤	89
fragment-spec	detachedly	AV0	UNC	dəˈ-	𐑛𐑩-	dɪˈtætʃƏdli	𐑛𐑦𐑑𐑨𐑗𐑩𐑛𐑤𐑦	89
fragment-spec	Deutschland	NP0	UNC	-lɑːnd	-𐑤𐑭𐑯𐑛	ˈdɔɪtʃlænd	𐑛𐑶𐑗𐑤𐑨𐑯𐑛	89
fragment-spec	di lo	AJ0	UNC	-˦˧	-˦˧	ˌt˭iː˨ ˈloː˦	𐑑˭𐑰˨ 𐑤𐑪ː˦	1
fragment-spec	diasporism	NN1	UNC	di-	𐑛𐑦-	daɪæspərɪzm	𐑛𐑲𐑨𐑕𐑐𐑼𐑦𐑟𐑥	1
fragment-spec	dicer	NN1	UNC	ɖɑːj-	ɖ𐑭𐑘-	dɑesəR	𐑛ɑ𐑧𐑕𐑼	1
fragment-spec	dicer	NN1	UNC	-əɾ	-𐑩ɾ	dɑesəR	𐑛ɑ𐑧𐑕𐑼	1
fragment-spec	dijon	NN1	UNC	dɪ-	𐑛𐑦-	diːʒjɒn	𐑛𐑰𐑠𐑘𐑪𐑯	89
fragment-spec	dijon	NN1	UNC	-ɔ̃ː	-𐑷̃ː	diːʒjɒn	𐑛𐑰𐑠𐑘𐑪𐑯	1
fragment-spec	diocese	NN1	UNC	-siz	-𐑕𐑦𐑟	ˈdaɪəsɪs	𐑛𐑲𐑩𐑕𐑦𐑕	89
fragment-spec	Dionysiac	AJ0	UNC	diːə-	𐑛𐑰𐑩-	daɪəˈnɪziæk	𐑛𐑲𐑩𐑯𐑦𐑟𐑦𐑨𐑒	89
fragment-spec	disassociation	NN1	UNC	-ʃiˈeɪʃən	-𐑖𐑦𐑱𐑖𐑩𐑯	ˌdɪsəˌsəʊsiˈeɪʃən	𐑛𐑦𐑕𐑩𐑕𐑴𐑕𐑦𐑱𐑖𐑩𐑯	89
fragment-spec	dishabille	NN1	UNC	-ˈbɪl	-𐑚𐑦𐑤	dɪsəˈbiːl	𐑛𐑦𐑕𐑩𐑚𐑰𐑤	89
fragment-spec	disjecta membra	NN1	UNC	dəs-	𐑛𐑩𐑕-	dɪsdʒektə membrə	𐑛𐑦𐑕𐑡𐑧𐑒𐑑𐑩 𐑥𐑧𐑥𐑚𐑮𐑩	1
fragment-spec	dispensable	AJ0	UNC	-bəl	-𐑚𐑩𐑤	dɪsˈpensəbəl	𐑛𐑦𐑕𐑐𐑧𐑯𐑕𐑩𐑚𐑩𐑤	89
fragment-spec	dispensable	NN1	UNC	-bəl	-𐑚𐑩𐑤	dɪsˈpensəbəl	𐑛𐑦𐑕𐑐𐑧𐑯𐑕𐑩𐑚𐑩𐑤	89
fragment-spec	dissimulate	VVI	UNC	-jə-	-𐑘𐑩-	dɪˈsɪmjəˌleɪt	𐑛𐑦𐑕𐑦𐑥𐑘𐑩𐑤𐑱𐑑	89
fragment-spec	Dixiecrat	NN1	UNC	dɪksi-	𐑛𐑦𐑒𐑕𐑦-	dɪksɪkræt	𐑛𐑦𐑒𐑕𐑦𐑒𐑮𐑨𐑑	1
fragment-spec	dogwhistle	NN1	UNC	-ˌʍɪsəl	-𐑢𐑦𐑕𐑩𐑤	ˈdɔɡˌwɪsəl	𐑛𐑷𐑜𐑢𐑦𐑕𐑩𐑤	89
fragment-spec	dogwhistle	NN1	UNC	-səl	-𐑕𐑩𐑤	ˈdɔɡˌwɪsəl	𐑛𐑷𐑜𐑢𐑦𐑕𐑩𐑤	89
fragment-spec	dolmen	NN1	UNC	ˈdɒl-	𐑛𐑪𐑤-	ˈdolmən	𐑛𐑪𐑤𐑥𐑩𐑯	89
fragment-spec	dolmen	NN1	UNC	ˈdɔl-	𐑛𐑷𐑤-	ˈdolmən	𐑛𐑪𐑤𐑥𐑩𐑯	89
fragment-spec	dolmen	NN1	UNC	ˈɖɔl-	ɖ𐑷𐑤-	ˈdolmən	𐑛𐑪𐑤𐑥𐑩𐑯	1
fragment-spec	dolorific	AJ0	UNC	doʊlə-	𐑛𐑴𐑤𐑩-	dɒlərɪfɪk	𐑛𐑪𐑤𐑼𐑦𐑓𐑦𐑒	1
fragment-spec	domestic	AJ0	UNC	-stək	-𐑕𐑑𐑩𐑒	dəˈmestɪk	𐑛𐑩𐑥𐑧𐑕𐑑𐑦𐑒	89
fragment-spec	domestic	NN1	UNC	-stək	-𐑕𐑑𐑩𐑒	dəˈmestɪk	𐑛𐑩𐑥𐑧𐑕𐑑𐑦𐑒	89
fragment-spec	domesticate	VVI	UNC	-stə-	-𐑕𐑑𐑩-	dəˈmestɪkeɪt	𐑛𐑩𐑥𐑧𐑕𐑑𐑦𐑒𐑱𐑑	89
fragment-spec	domesticate	NN1	UNC	-stə-	-𐑕𐑑𐑩-	dəˈmestɪkeɪt	𐑛𐑩𐑥𐑧𐑕𐑑𐑦𐑒𐑱𐑑	89
fragment-spec	domesticate	NN1	UNC	-kɪt	-𐑒𐑦𐑑	dəˈmestɪkeɪt	𐑛𐑩𐑥𐑧𐑕𐑑𐑦𐑒𐑱𐑑	89
fragment-spec	Dong'an	NP0	UNC	dɒŋ-	𐑛𐑪𐑙-	ˈdɔŋˌæn	𐑛𐑷𐑙𐑨𐑯	89
fragment-spec	Dong'an	NP0	UNC	-ɑn	-ɑ𐑯	ˈdɔŋˌæn	𐑛𐑷𐑙𐑨𐑯	1
fragment-spec	Dongbao	NP0	UNC	dɒŋ-	𐑛𐑪𐑙-	dɔŋbaʊ	𐑛𐑷𐑙𐑚𐑬	89
fragment-spec	Donggang	NP0	UNC	dɒŋ-	𐑛𐑪𐑙-	dɔŋɡæŋ	𐑛𐑷𐑙𐑜𐑨𐑙	89
fragment-spec	Donggang	NP0	UNC	-ɡɑŋ	-𐑜ɑ𐑙	dɔŋɡæŋ	𐑛𐑷𐑙𐑜𐑨𐑙	1
fragment-spec	Dongjin	NP0	UNC	dɒŋ-	𐑛𐑪𐑙-	dɔŋdʒɪn	𐑛𐑷𐑙𐑡𐑦𐑯	89
fragment-spec	Dongning	NP0	UNC	dɒŋ-	𐑛𐑪𐑙-	dɔŋnɪŋ	𐑛𐑷𐑙𐑯𐑦𐑙	89
fragment-spec	Dongsha	NP0	UNC	dɒŋ-	𐑛𐑪𐑙-	dɔŋʃɑ	𐑛𐑷𐑙𐑖ɑ	89
fragment-spec	Dongsheng	NP0	UNC	dɒŋ-	𐑛𐑪𐑙-	dɔŋʃeŋ	𐑛𐑷𐑙𐑖𐑧𐑙	89
fragment-spec	Dongsheng	NP0	UNC	-ʃʌŋ	-𐑖𐑳𐑙	dɔŋʃeŋ	𐑛𐑷𐑙𐑖𐑧𐑙	89
fragment-spec	Dongting	NP0	UNC	dɒŋ-	𐑛𐑪𐑙-	dɔŋtɪŋ	𐑛𐑷𐑙𐑑𐑦𐑙	89
fragment-spec	Dongxiang	NN1	UNC	dɒŋ-	𐑛𐑪𐑙-	dɔŋʃɒŋ	𐑛𐑷𐑙𐑖𐑪𐑙	89
fragment-spec	Dongxiang	NN1	UNC	-ʃæŋ	-𐑖𐑨𐑙	dɔŋʃɒŋ	𐑛𐑷𐑙𐑖𐑪𐑙	89
fragment-spec	Dongxiang	NP0	UNC	dɒŋ-	𐑛𐑪𐑙-	dɔŋʃɒŋ	𐑛𐑷𐑙𐑖𐑪𐑙	89
fragment-spec	Dongxiang	NP0	UNC	-ʃæŋ	-𐑖𐑨𐑙	dɔŋʃɒŋ	𐑛𐑷𐑙𐑖𐑪𐑙	89
fragment-spec	Dongyin	NP0	UNC	dɒŋ-	𐑛𐑪𐑙-	dɔŋjɪn	𐑛𐑷𐑙𐑘𐑦𐑯	89
fragment-spec	Dongying	NP0	UNC	dɒŋ-	𐑛𐑪𐑙-	dɔŋjɪŋ	𐑛𐑷𐑙𐑘𐑦𐑙	89
fragment-spec	dossière	NN1	UNC	dɑs-	𐑛ɑ𐑕-	dɔsjeər	𐑛𐑷𐑕𐑘𐑺	1
fragment-spec	dossière	NN1	UNC	doʊs-	𐑛𐑴𐑕-	dɔsjeər	𐑛𐑷𐑕𐑘𐑺	1
fragment-spec	dramatist	NN1	UNC	dʒr-	𐑡𐑮-	dræmətɪst	𐑛𐑮𐑨𐑥𐑩𐑑𐑦𐑕𐑑	89
fragment-spec	drink from the furry cup	VVI	UNC	-frʌm-	-𐑓𐑮𐑳𐑥-	drɪŋk frəm ðə fɜːRiː kʌp	𐑛𐑮𐑦𐑙𐑒 𐑓𐑮𐑩𐑥 𐑞𐑩 𐑓𐑻𐑰 𐑒𐑳𐑐	30
fragment-spec	drink from the furry cup	VVI	UNC	-frɑm-	-𐑓𐑮ɑ𐑥-	drɪŋk frəm ðə fɜːRiː kʌp	𐑛𐑮𐑦𐑙𐑒 𐑓𐑮𐑩𐑥 𐑞𐑩 𐑓𐑻𐑰 𐑒𐑳𐑐	1
fragment-spec	drink from the furry cup	VVI	UNC	-fʌri	-𐑓𐑳𐑮𐑦	drɪŋk frəm ðə fɜːRiː kʌp	𐑛𐑮𐑦𐑙𐑒 𐑓𐑮𐑩𐑥 𐑞𐑩 𐑓𐑻𐑰 𐑒𐑳𐑐	30
fragment-spec	drink from the furry cup	VVI	UNC	-frɒm-	-𐑓𐑮𐑪𐑥-	drɪŋk frəm ðə fɜːRiː kʌp	𐑛𐑮𐑦𐑙𐑒 𐑓𐑮𐑩𐑥 𐑞𐑩 𐑓𐑻𐑰 𐑒𐑳𐑐	30
fragment-spec	drink from the furry cup	VVI	UNC	-frɔm-	-𐑓𐑮𐑷𐑥-	drɪŋk frəm ðə fɜːRiː kʌp	𐑛𐑮𐑦𐑙𐑒 𐑓𐑮𐑩𐑥 𐑞𐑩 𐑓𐑻𐑰 𐑒𐑳𐑐	30
fragment-spec	drink from the furry cup	VVI	UNC	-fʌriː	-𐑓𐑳𐑮𐑰	drɪŋk frəm ðə fɜːRiː kʌp	𐑛𐑮𐑦𐑙𐑒 𐑓𐑮𐑩𐑥 𐑞𐑩 𐑓𐑻𐑰 𐑒𐑳𐑐	30
fragment-spec	drink from the furry cup	VVI	UNC	-fɾəRm-	-𐑓ɾ𐑼𐑥-	drɪŋk frəm ðə fɜːRiː kʌp	𐑛𐑮𐑦𐑙𐑒 𐑓𐑮𐑩𐑥 𐑞𐑩 𐑓𐑻𐑰 𐑒𐑳𐑐	1
fragment-spec	drink from the furry cup	VVI	UNC	-fɾɔm-	-𐑓ɾ𐑷𐑥-	drɪŋk frəm ðə fɜːRiː kʌp	𐑛𐑮𐑦𐑙𐑒 𐑓𐑮𐑩𐑥 𐑞𐑩 𐑓𐑻𐑰 𐑒𐑳𐑐	1
fragment-spec	drink from the furry cup	VVI	UNC	-fəɾiː	-𐑓𐑩ɾ𐑰	drɪŋk frəm ðə fɜːRiː kʌp	𐑛𐑮𐑦𐑙𐑒 𐑓𐑮𐑩𐑥 𐑞𐑩 𐑓𐑻𐑰 𐑒𐑳𐑐	1
fragment-spec	duct of Wirsung	NN1	UNC	-sʊŋ	-𐑕𐑫𐑙	vɪrsʌŋ	𐑝𐑦𐑮𐑕𐑳𐑙	1
fragment-spec	Dumfries	NP0	UNC	-friːz	-𐑓𐑮𐑰𐑟	dʊmfriːs	𐑛𐑫𐑥𐑓𐑮𐑰𐑕	89
fragment-spec	duplicity	NN1	UNC	dju-	𐑛𐑘𐑫-	duˈplɪsɪti	𐑛𐑫𐑐𐑤𐑦𐑕𐑦𐑑𐑦	89
fragment-spec	eager	AJ0	UNC	-ɑ	-ɑ	iɡəR	𐑦𐑜𐑼	1
fragment-spec	eager	VVI	UNC	-ɑ	-ɑ	iɡəR	𐑦𐑜𐑼	1
fragment-spec	eager	NN1	UNC	-ɑ	-ɑ	iɡəR	𐑦𐑜𐑼	1
fragment-spec	echelon	NN1	UNC	ˈeɪ-	𐑱-	ˈekəlɒn	𐑧𐑒𐑩𐑤𐑪𐑯	89
fragment-spec	echelon	VVI	UNC	ˈeɪ-	𐑱-	ˈekəlɒn	𐑧𐑒𐑩𐑤𐑪𐑯	89
fragment-spec	echelon	AJ0	UNC	ˈeɪ-	𐑱-	ˈekəlɒn	𐑧𐑒𐑩𐑤𐑪𐑯	89
fragment-spec	eggplant	NN1	UNC	-plɑːnt	-𐑐𐑤𐑭𐑯𐑑	ˈeɡplænt	𐑧𐑜𐑐𐑤𐑨𐑯𐑑	89
fragment-spec	Einsatzgruppe	NN1	UNC	-zæts-	-𐑟𐑨𐑑𐑕-	aɪnzɑːtsɡrʊpə	𐑲𐑯𐑟𐑭𐑑𐑕𐑜𐑮𐑫𐑐𐑩	1
fragment-spec	ejection	NN1	UNC	-tʃən	-𐑗𐑩𐑯	əˈdʒekʃən	𐑩𐑡𐑧𐑒𐑖𐑩𐑯	89
fragment-spec	ejection	NN1	UNC	-ɪn	-𐑦𐑯	əˈdʒekʃən	𐑩𐑡𐑧𐑒𐑖𐑩𐑯	89
fragment-spec	elastic	AJ0	UNC	i-	𐑦-	ɪˈlæstɪk	𐑦𐑤𐑨𐑕𐑑𐑦𐑒	89
fragment-spec	elastic	NN1	UNC	i-	𐑦-	ɪˈlæstɪk	𐑦𐑤𐑨𐑕𐑑𐑦𐑒	89
fragment-spec	elenchi	NN1	UNC	-ki	-𐑒𐑦	ɪˈleŋkaɪ	𐑦𐑤𐑧𐑙𐑒𐑲	89
fragment-spec	elephantry	NN1	UNC	elə-	𐑧𐑤𐑩-	elɪfəntri	𐑧𐑤𐑦𐑓𐑩𐑯𐑑𐑮𐑦	1
fragment-spec	Elissa	NP0	UNC	ɪˈ-	𐑦-	əˈlɪsə	𐑩𐑤𐑦𐑕𐑩	89
fragment-spec	elixir	NN1	UNC	əR-	𐑼-	ɪlɪksər	𐑦𐑤𐑦𐑒𐑕𐑼	89
fragment-spec	elixir	NN1	UNC	-ɪər	-𐑽	ɪlɪksər	𐑦𐑤𐑦𐑒𐑕𐑼	89
fragment-spec	embellish	VVI	UNC	em-	𐑧𐑥-	ɪmˈbelɪʃ	𐑦𐑥𐑚𐑧𐑤𐑦𐑖	89
fragment-spec	emboss	VVI	UNC	em-	𐑧𐑥-	əmˈbɑs	𐑩𐑥𐑚ɑ𐑕	89
fragment-spec	emboss	NN1	UNC	em-	𐑧𐑥-	əmˈbɑs	𐑩𐑥𐑚ɑ𐑕	89
fragment-spec	empanoply	VVI	UNC	em-	𐑧𐑥-	ɪmˈpænəpli	𐑦𐑥𐑐𐑨𐑯𐑩𐑐𐑤𐑦	89
fragment-spec	emphatic	AJ0	UNC	ɪm-	𐑦𐑥-	emˈfætɪk	𐑧𐑥𐑓𐑨𐑑𐑦𐑒	89
fragment-spec	emphatic	NN1	UNC	ɪm-	𐑦𐑥-	emˈfætɪk	𐑧𐑥𐑓𐑨𐑑𐑦𐑒	89
fragment-spec	employees	NN1	UNC	ɪm-	𐑦𐑥-	ˌemplɔɪˈiːz	𐑧𐑥𐑐𐑤𐑶𐑰𐑟	89
fragment-spec	encamp	VVI	UNC	en-	𐑧𐑯-	ɪnˈkæmp	𐑦𐑯𐑒𐑨𐑥𐑐	89
fragment-spec	encamp	VVI	UNC	ɪŋ-	𐑦𐑙-	ɪnˈkæmp	𐑦𐑯𐑒𐑨𐑥𐑐	89
fragment-spec	encamp	VVI	UNC	eŋ-	𐑧𐑙-	ɪnˈkæmp	𐑦𐑯𐑒𐑨𐑥𐑐	89
fragment-spec	encephalon	NN1	UNC	ɪn-	𐑦𐑯-	enˈsefələn	𐑧𐑯𐑕𐑧𐑓𐑩𐑤𐑩𐑯	89
fragment-spec	encephalon	NN1	UNC	-ˈsefəlɑn	-𐑕𐑧𐑓𐑩𐑤ɑ𐑯	enˈsefələn	𐑧𐑯𐑕𐑧𐑓𐑩𐑤𐑩𐑯	1
fragment-spec	encumbrance	NN1	UNC	en-	𐑧𐑯-	ɪnkʌmbrəns	𐑦𐑯𐑒𐑳𐑥𐑚𐑮𐑩𐑯𐑕	1
fragment-spec	encumbrance	NN1	UNC	-brənts	-𐑚𐑮𐑩𐑯𐑑𐑕	ɪnkʌmbrəns	𐑦𐑯𐑒𐑳𐑥𐑚𐑮𐑩𐑯𐑕	89
fragment-spec	encumbrance	VVI	UNC	en-	𐑧𐑯-	ɪnkʌmbrəns	𐑦𐑯𐑒𐑳𐑥𐑚𐑮𐑩𐑯𐑕	1
fragment-spec	encumbrance	VVI	UNC	-brənts	-𐑚𐑮𐑩𐑯𐑑𐑕	ɪnkʌmbrəns	𐑦𐑯𐑒𐑳𐑥𐑚𐑮𐑩𐑯𐑕	89
fragment-spec	encyclopaedia	NN1	UNC	en-	𐑧𐑯-	ɪnˌsaɪkləˈpiːdiə	𐑦𐑯𐑕𐑲𐑒𐑤𐑩𐑐𐑰𐑛𐑦𐑩	89
fragment-spec	encyclopaediae	NN1	UNC	en-	𐑧𐑯-	ɪnˌsaɪkləˈpiːdiaɪ	𐑦𐑯𐑕𐑲𐑒𐑤𐑩𐑐𐑰𐑛𐑦𐑲	89
fragment-spec	encyclopediae	NN1	UNC	en-	𐑧𐑯-	ɪnˌsaɪkləˈpiːdiaɪ	𐑦𐑯𐑕𐑲𐑒𐑤𐑩𐑐𐑰𐑛𐑦𐑲	89
fragment-spec	enforce	VVI	UNC	-foːrs	-𐑓𐑪ː𐑮𐑕			1
fragment-spec	enforce	VVI	UNC	-foəRs	-𐑓𐑪𐑼𐑕			89
fragment-spec	enforced	VVI	UNC	-foːrst	-𐑓𐑪ː𐑮𐑕𐑑			1
fragment-spec	enforced	VVI	UNC	-foəRst	-𐑓𐑪𐑼𐑕𐑑			89
fragment-spec	enlightenment	NN1	UNC	-laɪtmənt	-𐑤𐑲𐑑𐑥𐑩𐑯𐑑	ɪnˈlaɪtənmənt	𐑦𐑯𐑤𐑲𐑑𐑩𐑯𐑥𐑩𐑯𐑑	89
fragment-spec	ensanguine	VVI	UNC	ɪn-	𐑦𐑯-	enˈsæŋɡwən	𐑧𐑯𐑕𐑨𐑙𐑜𐑢𐑩𐑯	89
fragment-spec	enshittification	NN1	UNC	en-	𐑧𐑯-	ɪnˌʃɪtɪfɪˈkeɪʃən	𐑦𐑯𐑖𐑦𐑑𐑦𐑓𐑦𐑒𐑱𐑖𐑩𐑯	89
fragment-spec	enthetic	AJ0	UNC	ɪnˈ-	𐑦𐑯-	enˈθetɪk	𐑧𐑯𐑔𐑧𐑑𐑦𐑒	89
fragment-spec	enthusiasm	NN1	UNC	-θɪu-	-𐑔𐑦𐑫-	ɪnˈθuziæzəm	𐑦𐑯𐑔𐑫𐑟𐑦𐑨𐑟𐑩𐑥	89
fragment-spec	enthusiasm	NN1	UNC	en-	𐑧𐑯-	ɪnˈθuziæzəm	𐑦𐑯𐑔𐑫𐑟𐑦𐑨𐑟𐑩𐑥	89
fragment-spec	enthusiast	NN1	UNC	en-	𐑧𐑯-	ənˈθʉːziˌəst	𐑩𐑯𐑔ʉː𐑟𐑦𐑩𐑕𐑑	89
fragment-spec	enthusiast	NN1	UNC	-æst	-𐑨𐑕𐑑	ənˈθʉːziˌəst	𐑩𐑯𐑔ʉː𐑟𐑦𐑩𐑕𐑑	89
fragment-spec	enthusiast	NN1	UNC	-tʰjuː-	-𐑑ʰ𐑿-	ənˈθʉːziˌəst	𐑩𐑯𐑔ʉː𐑟𐑦𐑩𐑕𐑑	1
fragment-spec	enthusiast	NN1	UNC	-θjʉː-	-𐑔𐑘ʉː-	ənˈθʉːziˌəst	𐑩𐑯𐑔ʉː𐑟𐑦𐑩𐑕𐑑	1
fragment-spec	equation	NN1	UNC	-dʒən	-𐑡𐑩𐑯	ɪˈkwæɪʒən	𐑦𐑒𐑢𐑨𐑦𐑠𐑩𐑯	89
fragment-spec	equiaxial	AJ0	UNC	ˌekwi-	𐑧𐑒𐑢𐑦-	ˌiːkwiˈæksiəl	𐑰𐑒𐑢𐑦𐑨𐑒𐑕𐑦𐑩𐑤	89
fragment-spec	equinox	NN1	UNC	ˈiː-	𐑰-	ˈekwɪˌnɑks	𐑧𐑒𐑢𐑦𐑯ɑ𐑒𐑕	89
fragment-spec	equinox	NN1	UNC	ˌi-	𐑦-	ˈekwɪˌnɑks	𐑧𐑒𐑢𐑦𐑯ɑ𐑒𐑕	89
fragment-spec	Erlian	NP0	UNC	er-	𐑧𐑮-	ɜrlien	ɜ𐑮𐑤𐑦𐑧𐑯	89
fragment-spec	Erlian	NP0	UNC	-liən	-𐑤𐑦𐑩𐑯	ɜrlien	ɜ𐑮𐑤𐑦𐑧𐑯	1
fragment-spec	escheatery	NN1	UNC	əs-	𐑩𐑕-	ɪstʃiːtəri	𐑦𐑕𐑗𐑰𐑑𐑼𐑦	1
fragment-spec	escheatery	NN1	UNC	es-	𐑧𐑕-	ɪstʃiːtəri	𐑦𐑕𐑗𐑰𐑑𐑼𐑦	1
fragment-spec	Europe	NP0	UNC	jo-	𐑘𐑪-	jəərəp	𐑘𐑩𐑼𐑩𐑐	1
fragment-spec	evaporate	VVI	UNC	i-	𐑦-	ɪvæpəreɪt	𐑦𐑝𐑨𐑐𐑼𐑱𐑑	1
fragment-spec	evaporate	AJ0	UNC	i-	𐑦-	ɪvæpəreɪt	𐑦𐑝𐑨𐑐𐑼𐑱𐑑	1
fragment-spec	evaporation	NN1	UNC	i-	𐑦-	ɪvæpəreɪʃən	𐑦𐑝𐑨𐑐𐑼𐑱𐑖𐑩𐑯	1
fragment-spec	everybody and their dog	PNP	UNC	-vrə-	-𐑝𐑮𐑩-	evribɑdi ən ðer dɔɡ	𐑧𐑝𐑮𐑦𐑚ɑ𐑛𐑦 𐑩𐑯 𐑞𐑧𐑮 𐑛𐑷𐑜	30
fragment-spec	everybody and their dog	PNP	UNC	-ðər-	-𐑞𐑼-	evribɑdi ən ðer dɔɡ	𐑧𐑝𐑮𐑦𐑚ɑ𐑛𐑦 𐑩𐑯 𐑞𐑧𐑮 𐑛𐑷𐑜	30
fragment-spec	everybody and their dog	PNP	UNC	-dɑɡ	-𐑛ɑ𐑜	evribɑdi ən ðer dɔɡ	𐑧𐑝𐑮𐑦𐑚ɑ𐑛𐑦 𐑩𐑯 𐑞𐑧𐑮 𐑛𐑷𐑜	1
fragment-spec	ex nihilo	UNC	UNC	-ˈnʌɪ-	-𐑯𐑳𐑦-	eks ˈniəˌlo	𐑧𐑒𐑕 𐑯𐑦𐑩𐑤𐑪	89
fragment-spec	ex nihilo	UNC	UNC	-ˈnʌi-	-𐑯𐑳𐑦-	eks ˈniəˌlo	𐑧𐑒𐑕 𐑯𐑦𐑩𐑤𐑪	89
fragment-spec	ex nihilo	UNC	UNC	-ˈnɑe-	-𐑯ɑ𐑧-	eks ˈniəˌlo	𐑧𐑒𐑕 𐑯𐑦𐑩𐑤𐑪	1
fragment-spec	ex nihilo	UNC	UNC	-ˈnɪ-	-𐑯𐑦-	eks ˈniəˌlo	𐑧𐑒𐑕 𐑯𐑦𐑩𐑤𐑪	89
fragment-spec	ex nihilo	UNC	UNC	-ˈnaɪ-	-𐑯𐑲-	eks ˈniəˌlo	𐑧𐑒𐑕 𐑯𐑦𐑩𐑤𐑪	89
fragment-spec	ex nihilo	UNC	UNC	-ˈnə-	-𐑯𐑩-	eks ˈniəˌlo	𐑧𐑒𐑕 𐑯𐑦𐑩𐑤𐑪	89
fragment-spec	ex nihilo	UNC	UNC	-ˈnəi-	-𐑯𐑩𐑦-	eks ˈniəˌlo	𐑧𐑒𐑕 𐑯𐑦𐑩𐑤𐑪	89
fragment-spec	ex nihilo	UNC	UNC	-ˈnaj-	-𐑯𐑨𐑘-	eks ˈniəˌlo	𐑧𐑒𐑕 𐑯𐑦𐑩𐑤𐑪	89
fragment-spec	exact	AJ0	UNC	eɡ-	𐑧𐑜-	ɪɡˈzækt	𐑦𐑜𐑟𐑨𐑒𐑑	89
fragment-spec	exact	VVI	UNC	eɡ-	𐑧𐑜-	ɪɡˈzækt	𐑦𐑜𐑟𐑨𐑒𐑑	89
fragment-spec	exact	AV0	UNC	eɡ-	𐑧𐑜-	ɪɡˈzækt	𐑦𐑜𐑟𐑨𐑒𐑑	89
fragment-spec	exaggerated	AJ0	UNC	eɡ-	𐑧𐑜-	ɪɡzædʒəreɪtƏd	𐑦𐑜𐑟𐑨𐑡𐑼𐑱𐑑𐑩𐑛	1
fragment-spec	exaggerated	VVI	UNC	eɡ-	𐑧𐑜-	ɪɡzædʒəreɪtƏd	𐑦𐑜𐑟𐑨𐑡𐑼𐑱𐑑𐑩𐑛	1
fragment-spec	exceptional	AJ0	UNC	ɪ-	𐑦-	ɪkˈsepʃənəl	𐑦𐑒𐑕𐑧𐑐𐑖𐑩𐑯𐑩𐑤	89
fragment-spec	exceptional	AJ0	UNC	e-	𐑧-	ɪkˈsepʃənəl	𐑦𐑒𐑕𐑧𐑐𐑖𐑩𐑯𐑩𐑤	89
fragment-spec	exceptional	NN1	UNC	ɪ-	𐑦-	ɪkˈsepʃənəl	𐑦𐑒𐑕𐑧𐑐𐑖𐑩𐑯𐑩𐑤	89
fragment-spec	exceptional	NN1	UNC	e-	𐑧-	ɪkˈsepʃənəl	𐑦𐑒𐑕𐑧𐑐𐑖𐑩𐑯𐑩𐑤	89
fragment-spec	exceptionally	AV0	UNC	ek-	𐑧𐑒-	ɪkˈseptʃənəli	𐑦𐑒𐑕𐑧𐑐𐑗𐑩𐑯𐑩𐑤𐑦	89
fragment-spec	exceptionally	AV0	UNC	ək-	𐑩𐑒-	ɪkˈseptʃənəli	𐑦𐑒𐑕𐑧𐑐𐑗𐑩𐑯𐑩𐑤𐑦	89
fragment-spec	exemplary	AJ0	UNC	eɡ-	𐑧𐑜-	ɪɡzempləri	𐑦𐑜𐑟𐑧𐑥𐑐𐑤𐑼𐑦	1
fragment-spec	exemplary	NN1	UNC	eɡ-	𐑧𐑜-	ɪɡzempləri	𐑦𐑜𐑟𐑧𐑥𐑐𐑤𐑼𐑦	1
fragment-spec	expenny	AJ0	UNC	ek-	𐑧𐑒-	ɪkˈspeni	𐑦𐑒𐑕𐑐𐑧𐑯𐑦	89
fragment-spec	expensiveness	NN1	UNC	ɪk-	𐑦𐑒-	ekˈspensɪvnəs	𐑧𐑒𐑕𐑐𐑧𐑯𐑕𐑦𐑝𐑯𐑩𐑕	89
fragment-spec	expensiveness	NN1	UNC	-ˈspɪnsɪvˌnəs	-𐑕𐑐𐑦𐑯𐑕𐑦𐑝𐑯𐑩𐑕	ekˈspensɪvnəs	𐑧𐑒𐑕𐑐𐑧𐑯𐑕𐑦𐑝𐑯𐑩𐑕	89
fragment-spec	expensiveness	NN1	UNC	-ɪvˌnəs	-𐑦𐑝𐑯𐑩𐑕	ekˈspensɪvnəs	𐑧𐑒𐑕𐑐𐑧𐑯𐑕𐑦𐑝𐑯𐑩𐑕	89
fragment-spec	expertise	NN1	UNC	-aɪz	-𐑲𐑟	ekspɜːRtiːz	𐑧𐑒𐑕𐑐𐑻𐑑𐑰𐑟	1
fragment-spec	expertise	VVI	UNC	-aɪz	-𐑲𐑟	ekspɜːRtiːz	𐑧𐑒𐑕𐑐𐑻𐑑𐑰𐑟	1
fragment-spec	expressedly	AV0	UNC	ek-	𐑧𐑒-	ɪkspresƏdli	𐑦𐑒𐑕𐑐𐑮𐑧𐑕𐑩𐑛𐑤𐑦	1
fragment-spec	expunction	NN1	UNC	ek-	𐑧𐑒-	ɪkˈspʌŋkʃən	𐑦𐑒𐑕𐑐𐑳𐑙𐑒𐑖𐑩𐑯	89
fragment-spec	exsqueeze me	UNC	UNC	ɪksˈ-	𐑦𐑒𐑕-	eksˈkwiːz mi	𐑧𐑒𐑕𐑒𐑢𐑰𐑟 𐑥𐑦	89
fragment-spec	extinct	AJ0	UNC	ek-	𐑧𐑒-	ɪkˈstɪŋkt	𐑦𐑒𐑕𐑑𐑦𐑙𐑒𐑑	89
fragment-spec	extinct	VVI	UNC	ek-	𐑧𐑒-	ɪkˈstɪŋkt	𐑦𐑒𐑕𐑑𐑦𐑙𐑒𐑑	89
fragment-spec	extinct	NN1	UNC	ek-	𐑧𐑒-	ɪkˈstɪŋkt	𐑦𐑒𐑕𐑑𐑦𐑙𐑒𐑑	89
fragment-spec	extrapolate	VVI	UNC	ɪk-	𐑦𐑒-	ekstræpəleɪt	𐑧𐑒𐑕𐑑𐑮𐑨𐑐𐑩𐑤𐑱𐑑	1
fragment-spec	extrude	VVI	UNC	ek-	𐑧𐑒-	ɪkstruːd	𐑦𐑒𐑕𐑑𐑮𐑵𐑛	1
fragment-spec	fagcent	NN1	UNC	-sent	-𐑕𐑧𐑯𐑑	ˈfæɡsənt	𐑓𐑨𐑜𐑕𐑩𐑯𐑑	89
fragment-spec	fantastic	AJ0	UNC	fæn-	𐑓𐑨𐑯-	fænˈtæstɪk	𐑓𐑨𐑯𐑑𐑨𐑕𐑑𐑦𐑒	89
fragment-spec	fantastic	AJ0	UNC	fən-	𐑓𐑩𐑯-	fænˈtæstɪk	𐑓𐑨𐑯𐑑𐑨𐑕𐑑𐑦𐑒	89
fragment-spec	fantastic	NN1	UNC	fæn-	𐑓𐑨𐑯-	fænˈtæstɪk	𐑓𐑨𐑯𐑑𐑨𐑕𐑑𐑦𐑒	89
fragment-spec	fantastic	NN1	UNC	fən-	𐑓𐑩𐑯-	fænˈtæstɪk	𐑓𐑨𐑯𐑑𐑨𐑕𐑑𐑦𐑒	89
fragment-spec	farbrengen	NN1	UNC	fɑr-	𐑓ɑ𐑮-	fərbreŋɡən	𐑓𐑼𐑚𐑮𐑧𐑙𐑜𐑩𐑯	1
fragment-spec	farbrengen	NN1	UNC	-ən	-𐑩𐑯	fərbreŋɡən	𐑓𐑼𐑚𐑮𐑧𐑙𐑜𐑩𐑯	1
fragment-spec	fasciculate	AJ0	UNC	fæˈsɪk-	𐑓𐑨𐑕𐑦𐑒-	fəˈsɪkjəlɪt	𐑓𐑩𐑕𐑦𐑒𐑘𐑩𐑤𐑦𐑑	89
fragment-spec	fasciculate	AJ0	UNC	-ˌlət	-𐑤𐑩𐑑	fəˈsɪkjəlɪt	𐑓𐑩𐑕𐑦𐑒𐑘𐑩𐑤𐑦𐑑	89
fragment-spec	fasciculate	AJ0	UNC	-ˌleɪt	-𐑤𐑱𐑑	fəˈsɪkjəlɪt	𐑓𐑩𐑕𐑦𐑒𐑘𐑩𐑤𐑦𐑑	89
fragment-spec	fasciculate	NN1	UNC	fæˈsɪk-	𐑓𐑨𐑕𐑦𐑒-	fəˈsɪkjəlɪt	𐑓𐑩𐑕𐑦𐑒𐑘𐑩𐑤𐑦𐑑	89
fragment-spec	fasciculate	NN1	UNC	-ˌlət	-𐑤𐑩𐑑	fəˈsɪkjəlɪt	𐑓𐑩𐑕𐑦𐑒𐑘𐑩𐑤𐑦𐑑	89
fragment-spec	fasciculate	NN1	UNC	-ˌleɪt	-𐑤𐑱𐑑	fəˈsɪkjəlɪt	𐑓𐑩𐑕𐑦𐑒𐑘𐑩𐑤𐑦𐑑	89
fragment-spec	fasciculate	VVI	UNC	fæˈsɪk-	𐑓𐑨𐑕𐑦𐑒-	fəˈsɪkjəlɪt	𐑓𐑩𐑕𐑦𐑒𐑘𐑩𐑤𐑦𐑑	89
fragment-spec	fasciculate	VVI	UNC	-ˌlət	-𐑤𐑩𐑑	fəˈsɪkjəlɪt	𐑓𐑩𐑕𐑦𐑒𐑘𐑩𐑤𐑦𐑑	89
fragment-spec	fasciculate	VVI	UNC	-ˌleɪt	-𐑤𐑱𐑑	fəˈsɪkjəlɪt	𐑓𐑩𐑕𐑦𐑒𐑘𐑩𐑤𐑦𐑑	89
fragment-spec	fascioliasis	NN1	UNC	-ˌsaɪ-	-𐑕𐑲-	fəˌsi əˈlaɪ ə sɪs	𐑓𐑩𐑕𐑦 𐑩𐑤𐑲 𐑩 𐑕𐑦𐑕	89
fragment-spec	February	NP0	UNC	fɪb-	𐑓𐑦𐑚-	febrəri	𐑓𐑧𐑚𐑮𐑼𐑦	1
fragment-spec	fellow	NN1	UNC	-ɔʊ	-𐑷𐑫	ˈfeloʊ	𐑓𐑧𐑤𐑴	89
fragment-spec	fellow	VVI	UNC	-ɔʊ	-𐑷𐑫	ˈfeloʊ	𐑓𐑧𐑤𐑴	89
fragment-spec	feng shui	NN1	UNC	fʊŋ-	𐑓𐑫𐑙-	fʌŋˈʃweɪ	𐑓𐑳𐑙𐑖𐑢𐑱	89
fragment-spec	feng shui	NN1	UNC	feŋ-	𐑓𐑧𐑙-	fʌŋˈʃweɪ	𐑓𐑳𐑙𐑖𐑢𐑱	89
fragment-spec	feng shui	VVI	UNC	fʊŋ-	𐑓𐑫𐑙-	fʌŋˈʃweɪ	𐑓𐑳𐑙𐑖𐑢𐑱	89
fragment-spec	feng shui	VVI	UNC	feŋ-	𐑓𐑧𐑙-	fʌŋˈʃweɪ	𐑓𐑳𐑙𐑖𐑢𐑱	89
fragment-spec	festivity	NN1	UNC	fɪ-	𐑓𐑦-	feˈstɪvəti	𐑓𐑧𐑕𐑑𐑦𐑝𐑩𐑑𐑦	89
fragment-spec	filet mignon	NN1	UNC	-ɒn	-𐑪𐑯	ˌfiːleɪ ˈmiːnjɒ̃	𐑓𐑰𐑤𐑱 𐑥𐑰𐑯𐑘𐑪̃	89
fragment-spec	fin de siècle	AJ0	UNC	-siˈekəl	-𐑕𐑦𐑧𐑒𐑩𐑤	ˌfæn də siˈeklə	𐑓𐑨𐑯 𐑛𐑩 𐑕𐑦𐑧𐑒𐑤𐑩	89
fragment-spec	fin de siècle	AJ0	UNC	-ˈsjeklə	-𐑕𐑘𐑧𐑒𐑤𐑩	ˌfæn də siˈeklə	𐑓𐑨𐑯 𐑛𐑩 𐑕𐑦𐑧𐑒𐑤𐑩	89
fragment-spec	fin de siècle	AJ0	UNC	-ˈsjekəl	-𐑕𐑘𐑧𐑒𐑩𐑤	ˌfæn də siˈeklə	𐑓𐑨𐑯 𐑛𐑩 𐑕𐑦𐑧𐑒𐑤𐑩	89
fragment-spec	fin de siècle	NN1	UNC	-siˈekəl	-𐑕𐑦𐑧𐑒𐑩𐑤	ˌfæn də siˈeklə	𐑓𐑨𐑯 𐑛𐑩 𐑕𐑦𐑧𐑒𐑤𐑩	89
fragment-spec	fin de siècle	NN1	UNC	-ˈsjeklə	-𐑕𐑘𐑧𐑒𐑤𐑩	ˌfæn də siˈeklə	𐑓𐑨𐑯 𐑛𐑩 𐑕𐑦𐑧𐑒𐑤𐑩	89
fragment-spec	fin de siècle	NN1	UNC	-ˈsjekəl	-𐑕𐑘𐑧𐑒𐑩𐑤	ˌfæn də siˈeklə	𐑓𐑨𐑯 𐑛𐑩 𐑕𐑦𐑧𐑒𐑤𐑩	89
fragment-spec	finality	NN1	UNC	fɪ-	𐑓𐑦-	faɪˈnælɪti	𐑓𐑲𐑯𐑨𐑤𐑦𐑑𐑦	89
fragment-spec	Finvenkism	NN1	UNC	fɪn-	𐑓𐑦𐑯-	finˈvenkɪzəm	𐑓𐑦𐑯𐑝𐑧𐑯𐑒𐑦𐑟𐑩𐑥	89
fragment-spec	fit to be tied	AJ0	UNC	-ˈtʌɪd	-𐑑𐑳𐑦𐑛	ˌfət tə biː ˈtaɪd	𐑓𐑩𐑑 𐑑𐑩 𐑚𐑰 𐑑𐑲𐑛	89
fragment-spec	fit to be tied	AJ0	UNC	-ˈtʌid	-𐑑𐑳𐑦𐑛	ˌfət tə biː ˈtaɪd	𐑓𐑩𐑑 𐑑𐑩 𐑚𐑰 𐑑𐑲𐑛	89
fragment-spec	fit to be tied	AJ0	UNC	-ˈtəid	-𐑑𐑩𐑦𐑛	ˌfət tə biː ˈtaɪd	𐑓𐑩𐑑 𐑑𐑩 𐑚𐑰 𐑑𐑲𐑛	89
fragment-spec	Florida	NP0	UNC	flɔ-	𐑓𐑤𐑷-	flɑrɪdə	𐑓𐑤ɑ𐑮𐑦𐑛𐑩	1
fragment-spec	Fongshan	NP0	UNC	-ˈʃæn	-𐑖𐑨𐑯	fɔŋˈʃɑn	𐑓𐑷𐑙𐑖ɑ𐑯	89
fragment-spec	for good	UNC	UNC	foːr-	𐑓𐑪ː𐑮-	fə ɡʊd	𐑓𐑩 𐑜𐑫𐑛	1
fragment-spec	for good	UNC	UNC	for-	𐑓𐑪𐑮-	fə ɡʊd	𐑓𐑩 𐑜𐑫𐑛	89
fragment-spec	for good	UNC	UNC	foːɾ-	𐑓𐑪ːɾ-	fə ɡʊd	𐑓𐑩 𐑜𐑫𐑛	1
fragment-spec	forbade	VVI	UNC	fɔr-	𐑓𐑷𐑮-	fərbæd	𐑓𐑼𐑚𐑨𐑛	89
fragment-spec	forcené	AJ0	UNC	fɔr-	𐑓𐑷𐑮-			89
fragment-spec	foreign	AJ0	UNC	-ejn	-𐑧𐑘𐑯	fɔrən	𐑓𐑷𐑮𐑩𐑯	1
fragment-spec	foreign	NN1	UNC	-ejn	-𐑧𐑘𐑯	fɔrən	𐑓𐑷𐑮𐑩𐑯	1
fragment-spec	foreshadow	VVI	UNC	fə-	𐑓𐑩-	fɔːRʃædəʊ	𐑓𐑹𐑖𐑨𐑛𐑴	1
fragment-spec	foreshadow	VVI	UNC	fər-	𐑓𐑼-	fɔːRʃædəʊ	𐑓𐑹𐑖𐑨𐑛𐑴	89
fragment-spec	foreshadow	NN1	UNC	fə-	𐑓𐑩-	fɔːRʃædəʊ	𐑓𐑹𐑖𐑨𐑛𐑴	1
fragment-spec	foreshadow	NN1	UNC	fər-	𐑓𐑼-	fɔːRʃædəʊ	𐑓𐑹𐑖𐑨𐑛𐑴	89
fragment-spec	formative	AJ0	UNC	-ɾɪv	-ɾ𐑦𐑝	foːmətɪv	𐑓𐑪ː𐑥𐑩𐑑𐑦𐑝	1
fragment-spec	formative	AJ0	UNC	-ɾəv	-ɾ𐑩𐑝	foːmətɪv	𐑓𐑪ː𐑥𐑩𐑑𐑦𐑝	1
fragment-spec	formative	NN1	UNC	-ɾɪv	-ɾ𐑦𐑝	foːmətɪv	𐑓𐑪ː𐑥𐑩𐑑𐑦𐑝	1
fragment-spec	formative	NN1	UNC	-ɾəv	-ɾ𐑩𐑝	foːmətɪv	𐑓𐑪ː𐑥𐑩𐑑𐑦𐑝	1
fragment-spec	formulae	NN1	UNC	-leɪ	-𐑤𐑱	fɔːrmjəli	𐑓𐑹𐑥𐑘𐑩𐑤𐑦	1
fragment-spec	formulae	NN1	UNC	-laɪ	-𐑤𐑲	fɔːrmjəli	𐑓𐑹𐑥𐑘𐑩𐑤𐑦	1
fragment-spec	fornicatory	AJ0	UNC	-toʊri	-𐑑𐑴𐑮𐑦	fɔrnɪkəRtɔri	𐑓𐑷𐑮𐑯𐑦𐑒𐑼𐑑𐑷𐑮𐑦	30
fragment-spec	fortuitous	AJ0	UNC	-tjʉːɘtɘs	-𐑑𐑘ʉːɘ𐑑ɘ𐑕	foːtʃʉːɘtɘs	𐑓𐑪ː𐑗ʉːɘ𐑑ɘ𐑕	1
fragment-spec	Frankenstein	NP0	UNC	-kɪn-	-𐑒𐑦𐑯-	fræŋkənstaɪn	𐑓𐑮𐑨𐑙𐑒𐑩𐑯𐑕𐑑𐑲𐑯	1
fragment-spec	Frankenstein	NN1	UNC	-kɪn-	-𐑒𐑦𐑯-	fræŋkənstaɪn	𐑓𐑮𐑨𐑙𐑒𐑩𐑯𐑕𐑑𐑲𐑯	1
fragment-spec	Frankenstein	VVI	UNC	-kɪn-	-𐑒𐑦𐑯-	fræŋkənstaɪn	𐑓𐑮𐑨𐑙𐑒𐑩𐑯𐑕𐑑𐑲𐑯	1
fragment-spec	frazil	NN1	UNC	-zɪl	-𐑟𐑦𐑤	fræzəl	𐑓𐑮𐑨𐑟𐑩𐑤	1
fragment-spec	Friday	NN1	UNC	-di	-𐑛𐑦	fraɪdeɪ	𐑓𐑮𐑲𐑛𐑱	1
fragment-spec	Friday	AV0	UNC	-di	-𐑛𐑦	fraɪdeɪ	𐑓𐑮𐑲𐑛𐑱	1
fragment-spec	Fu'an	NP0	UNC	-æn	-𐑨𐑯	ˈfuˌɑn	𐑓𐑫ɑ𐑯	89
fragment-spec	fulminous	AJ0	UNC	ˈfʊl-	𐑓𐑫𐑤-	ˈfʌlmɪnəs	𐑓𐑳𐑤𐑥𐑦𐑯𐑩𐑕	89
fragment-spec	fung shui	NN1	UNC	-ˈsui	-𐑕𐑫𐑦	fʊŋ səi	𐑓𐑫𐑙 𐑕𐑩𐑦	89
fragment-spec	fung shui	NN1	UNC	-ˈʃui	-𐑖𐑫𐑦	fʊŋ səi	𐑓𐑫𐑙 𐑕𐑩𐑦	89
fragment-spec	fuscine	NN1	UNC	-ɪn	-𐑦𐑯	ˈfʌsin	𐑓𐑳𐑕𐑦𐑯	89
fragment-spec	galamah	NN1	UNC	ˌɡɑ-	𐑜ɑ-	ˌɡæləˈmɑ	𐑜𐑨𐑤𐑩𐑥ɑ	1
fragment-spec	galimatias	NN1	UNC	-ˈmætiəs	-𐑥𐑨𐑑𐑦𐑩𐑕	ˌɡæləˈmeɪʃiəs	𐑜𐑨𐑤𐑩𐑥𐑱𐑖𐑦𐑩𐑕	89
fragment-spec	gangion	NN1	UNC	-dʒən	-𐑡𐑩𐑯	ˈɡændʒiən	𐑜𐑨𐑯𐑡𐑦𐑩𐑯	89
fragment-spec	ganzfeld	NN1	UNC	ˈɡænsˌ-	𐑜𐑨𐑯𐑕-	ˈɡɑːnsˌfeld	𐑜𐑭𐑯𐑕𐑓𐑧𐑤𐑛	89
fragment-spec	gao dim	VVI	UNC	- ˌt˭ɪm˨˩	- 𐑑˭𐑦𐑥˨˩	ˈk˭aʊ˨˦ ˌt˭ɪm˨	𐑒˭𐑬˨˦ 𐑑˭𐑦𐑥˨	1
fragment-spec	gao dim	VVI	UNC	- ˌt˭iːm˨	- 𐑑˭𐑰𐑥˨	ˈk˭aʊ˨˦ ˌt˭ɪm˨	𐑒˭𐑬˨˦ 𐑑˭𐑦𐑥˨	1
fragment-spec	gao dim	ITJ	UNC	- ˌt˭ɪm˨˩	- 𐑑˭𐑦𐑥˨˩	ˈk˭aʊ˨˦ ˌt˭ɪm˨	𐑒˭𐑬˨˦ 𐑑˭𐑦𐑥˨	1
fragment-spec	gao dim	ITJ	UNC	- ˌt˭iːm˨	- 𐑑˭𐑰𐑥˨	ˈk˭aʊ˨˦ ˌt˭ɪm˨	𐑒˭𐑬˨˦ 𐑑˭𐑦𐑥˨	1
fragment-spec	gazoz	NN1	UNC	ɡə-	𐑜𐑩-	ɡɑːˈzoʊz	𐑜𐑭𐑟𐑴𐑟	89
fragment-spec	genetics	NN1	UNC	dʒɪ-	𐑡𐑦-	dʒəˈnetɪks	𐑡𐑩𐑯𐑧𐑑𐑦𐑒𐑕	89
fragment-spec	genitalia	NN1	UNC	ˌdʒenə-	𐑡𐑧𐑯𐑩-	ˌdʒenɪˈteɪlijə	𐑡𐑧𐑯𐑦𐑑𐑱𐑤𐑦𐑘𐑩	89
fragment-spec	gentlemen	NN1	UNC	-ən	-𐑩𐑯	ˈdʒentəlmɪn	𐑡𐑧𐑯𐑑𐑩𐑤𐑥𐑦𐑯	89
fragment-spec	gentlemen	NN1	UNC	-en	-𐑧𐑯	ˈdʒentəlmɪn	𐑡𐑧𐑯𐑑𐑩𐑤𐑥𐑦𐑯	89
fragment-spec	gepik	NN1	UNC	ɡæ-	𐑜𐑨-	ɡəˈpik	𐑜𐑩𐑐𐑦𐑒	89
fragment-spec	gerrymandering	NN1	UNC	ɡe-	𐑜𐑧-	dʒerimændərɪŋ	𐑡𐑧𐑮𐑦𐑥𐑨𐑯𐑛𐑼𐑦𐑙	1
fragment-spec	gerrymandering	VVI	UNC	ɡe-	𐑜𐑧-	dʒerimændərɪŋ	𐑡𐑧𐑮𐑦𐑥𐑨𐑯𐑛𐑼𐑦𐑙	1
fragment-spec	gezellig	AJ0	UNC	he-	𐑣𐑧-	ɡəˈzelɪɡ	𐑜𐑩𐑟𐑧𐑤𐑦𐑜	89
fragment-spec	gezellig	AJ0	UNC	-lɪk	-𐑤𐑦𐑒	ɡəˈzelɪɡ	𐑜𐑩𐑟𐑧𐑤𐑦𐑜	89
fragment-spec	gheada	NN1	UNC	xeɪ-	x𐑱-	heɪˈɑːdə	𐑣𐑱𐑭𐑛𐑩	1
fragment-spec	gheada	NN1	UNC	ɡeɪ-	𐑜𐑱-	heɪˈɑːdə	𐑣𐑱𐑭𐑛𐑩	89
fragment-spec	glycerine	NN1	UNC	-riːn	-𐑮𐑰𐑯	ɡlɪsərɪn	𐑜𐑤𐑦𐑕𐑼𐑦𐑯	89
fragment-spec	glyphosate	NN1	UNC	ˈɡlaɪfə-	𐑜𐑤𐑲𐑓𐑩-	ˈɡlɪfəseɪt	𐑜𐑤𐑦𐑓𐑩𐑕𐑱𐑑	89
fragment-spec	gochujang	NN1	UNC	ɡɒ-	𐑜𐑪-	ˈɡoʊtʃudʒæŋ	𐑜𐑴𐑗𐑫𐑡𐑨𐑙	89
fragment-spec	gochujang	NN1	UNC	-dʒu-	-𐑡𐑫-	ˈɡoʊtʃudʒæŋ	𐑜𐑴𐑗𐑫𐑡𐑨𐑙	89
fragment-spec	gochujang	NN1	UNC	-dʒɑŋ	-𐑡ɑ𐑙	ˈɡoʊtʃudʒæŋ	𐑜𐑴𐑗𐑫𐑡𐑨𐑙	1
fragment-spec	going	VVI	UNC	-ɪŋɡ	-𐑦𐑙𐑜	ˈɡænɪn	𐑜𐑨𐑯𐑦𐑯	89
fragment-spec	going	NN1	UNC	-ɪŋɡ	-𐑦𐑙𐑜	ˈɡænɪn	𐑜𐑨𐑯𐑦𐑯	89
fragment-spec	going	AJ0	UNC	-ɪŋɡ	-𐑦𐑙𐑜	ˈɡænɪn	𐑜𐑨𐑯𐑦𐑯	89
fragment-spec	goitrogen	NN1	UNC	-dʒen	-𐑡𐑧𐑯	ɡɔɪtrədʒən	𐑜𐑶𐑑𐑮𐑩𐑡𐑩𐑯	1
fragment-spec	gonfanon	NN1	UNC	-nən	-𐑯𐑩𐑯	ˈɡɑːnfəˌnɑːn	𐑜𐑭𐑯𐑓𐑩𐑯𐑭𐑯	89
fragment-spec	Gong'an	NP0	UNC	-æn	-𐑨𐑯	ˈɡɔŋˌɑn	𐑜𐑷𐑙ɑ𐑯	89
fragment-spec	gookland	NN1	UNC	ˈɡʊk-	𐑜𐑫𐑒-	ˈɡuːkˌlænd	𐑜𐑵𐑒𐑤𐑨𐑯𐑛	89
fragment-spec	gradationally	AV0	UNC	ɡreɪ-	𐑜𐑮𐑱-	ɡrədeɪʃənəli	𐑜𐑮𐑩𐑛𐑱𐑖𐑩𐑯𐑩𐑤𐑦	89
fragment-spec	Grauniad	NP0	UNC	-əd	-𐑩𐑛	ɡrɔːniæd	𐑜𐑮𐑷𐑯𐑦𐑨𐑛	1
fragment-spec	Greenwich	NP0	UNC	ɡrɪn-	𐑜𐑮𐑦𐑯-	ɡrenɪtʃ	𐑜𐑮𐑧𐑯𐑦𐑗	89
fragment-spec	Greenwich	NP0	UNC	-ɪdʒ	-𐑦𐑡	ɡrenɪtʃ	𐑜𐑮𐑧𐑯𐑦𐑗	1
fragment-spec	Griswold	NP0	UNC	-wəld	-𐑢𐑩𐑤𐑛	ɡrɪzwɔːld	𐑜𐑮𐑦𐑟𐑢𐑷𐑤𐑛	1
fragment-spec	grocery	NN1	UNC	ɡrɔ-	𐑜𐑮𐑷-	ɡrosəri	𐑜𐑮𐑪𐑕𐑼𐑦	30
fragment-spec	grocery	NN1	UNC	-ʃəri	-𐑖𐑼𐑦	ɡrosəri	𐑜𐑮𐑪𐑕𐑼𐑦	30
fragment-spec	grocery	VVI	UNC	ɡrɔ-	𐑜𐑮𐑷-	ɡrosəri	𐑜𐑮𐑪𐑕𐑼𐑦	30
fragment-spec	grocery	VVI	UNC	-ʃəri	-𐑖𐑼𐑦	ɡrosəri	𐑜𐑮𐑪𐑕𐑼𐑦	30
fragment-spec	grounded	AJ0	UNC	-dəd	-𐑛𐑩𐑛	ɡraʊndƏd	𐑜𐑮𐑬𐑯𐑛𐑩𐑛	1
fragment-spec	grounded	VVI	UNC	-dəd	-𐑛𐑩𐑛	ɡraʊndƏd	𐑜𐑮𐑬𐑯𐑛𐑩𐑛	1
fragment-spec	Gwynedd	NP0	UNC	-d	-𐑛	ˈɡwɪneð	𐑜𐑢𐑦𐑯𐑧𐑞	89
fragment-spec	gyroi	NN1	UNC	dʒɪər-	𐑡𐑽-	ɡɪəri	𐑜𐑽𐑦	89
fragment-spec	gyroi	NN1	UNC	jɪər-	𐑘𐑽-	ɡɪəri	𐑜𐑽𐑦	89
fragment-spec	gyros	NN1	UNC	jɪər-	𐑘𐑽-	ɡɪərəʊs	𐑜𐑽𐑴𐑕	89
fragment-spec	gyros	NN1	UNC	dʒɪər-	𐑡𐑽-	ɡɪərəʊs	𐑜𐑽𐑴𐑕	89
fragment-spec	gyros	NN1	UNC	dʒaɪr-	𐑡𐑲𐑮-	ɡɪərəʊs	𐑜𐑽𐑴𐑕	89
fragment-spec	habis	VVI	UNC	-ɪs	-𐑦𐑕	ˈhɑbes	𐑣ɑ𐑚𐑧𐑕	89
fragment-spec	haemophilia	NN1	UNC	-ˈfiːliə	-𐑓𐑰𐑤𐑦𐑩	ˌhiːməˈfɪliə	𐑣𐑰𐑥𐑩𐑓𐑦𐑤𐑦𐑩	89
fragment-spec	hah	AV0	UNC	-˧˨	-˧˨	hɑː	𐑣𐑭	1
fragment-spec	hah	ITJ	UNC	-˧˨	-˧˨	hɑː	𐑣𐑭	1
fragment-spec	Hai'an	NP0	UNC	-æn	-𐑨𐑯	ˈhaɪˌɑn	𐑣𐑲ɑ𐑯	89
fragment-spec	Hakadosh Baruch Hu	NP0	UNC	-bərʊx-	-𐑚𐑼𐑫x-	həkədoʊʃ bərʊhuː	𐑣𐑩𐑒𐑩𐑛𐑴𐑖 𐑚𐑼𐑫𐑣𐑵	1
fragment-spec	halitzah	NN1	UNC	h-	𐑣-	xəˈliːtsə	x𐑩𐑤𐑰𐑑𐑕𐑩	89
fragment-spec	hallelujah	ITJ	UNC	-ɪ-	-𐑦-	ˌhæləˈljuːjə	𐑣𐑨𐑤𐑩𐑤𐑿𐑘𐑩	89
fragment-spec	hallelujah	NN1	UNC	-ɪ-	-𐑦-	ˌhæləˈljuːjə	𐑣𐑨𐑤𐑩𐑤𐑿𐑘𐑩	89
fragment-spec	hallelujah	VVI	UNC	-ɪ-	-𐑦-	ˌhæləˈljuːjə	𐑣𐑨𐑤𐑩𐑤𐑿𐑘𐑩	89
fragment-spec	hanukkiah	NN1	UNC	h-	𐑣-	ˌxɑːnʊˈkiːə	x𐑭𐑯𐑫𐑒𐑰𐑩	89
fragment-spec	hanukkiah	NN1	UNC	-əˈ-	-𐑩-	ˌxɑːnʊˈkiːə	x𐑭𐑯𐑫𐑒𐑰𐑩	89
fragment-spec	hanukkiah	NN1	UNC	xə-	x𐑩-	ˌxɑːnʊˈkiːə	x𐑭𐑯𐑫𐑒𐑰𐑩	1
fragment-spec	harassment	NN1	UNC	-mənt	-𐑥𐑩𐑯𐑑	həræsmənt	𐑣𐑼𐑨𐑕𐑥𐑩𐑯𐑑	1
fragment-spec	hard Brexit	NP0	UNC	-breɡzɘt	-𐑚𐑮𐑧𐑜𐑟ɘ𐑑	hʌːd breksɘt	𐑣𐑳ː𐑛 𐑚𐑮𐑧𐑒𐑕ɘ𐑑	1
fragment-spec	Haredi	NN1	UNC	h-	𐑣-	xəreɪdi	x𐑼𐑱𐑛𐑦	1
fragment-spec	Haredi	AJ0	UNC	h-	𐑣-	xəreɪdi	x𐑼𐑱𐑛𐑦	1
fragment-spec	heavy machine gun	NN1	UNC	- ɡan	- 𐑜𐑨𐑯	ˈheviː məˈʃiːn ɡʌn	𐑣𐑧𐑝𐑰 𐑥𐑩𐑖𐑰𐑯 𐑜𐑳𐑯	89
fragment-spec	heck-care	AJ0	UNC	-˦˧	-˦˧	hek kɜːR	𐑣𐑧𐑒 𐑒𐑻	1
fragment-spec	hematin	NN1	UNC	ˈhem-	𐑣𐑧𐑥-	ˈhiːməˌtɪn	𐑣𐑰𐑥𐑩𐑑𐑦𐑯	89
fragment-spec	Hezbollah	NP0	UNC	-bɒ-	-𐑚𐑪-	ˈhezbələ	𐑣𐑧𐑟𐑚𐑩𐑤𐑩	89
fragment-spec	Hibernicize	VVI	UNC	haɪ-	𐑣𐑲-	hɪbɜːrnɪsaɪz	𐑣𐑦𐑚𐑻𐑯𐑦𐑕𐑲𐑟	1
fragment-spec	hinterland	NN1	UNC	-ləRnd	-𐑤𐑼𐑯𐑛	hɪntərlænd	𐑣𐑦𐑯𐑑𐑼𐑤𐑨𐑯𐑛	89
fragment-spec	hobbit	NN1	UNC	-ɪʔ	-𐑦ʔ	ˈhɒbɪt	𐑣𐑪𐑚𐑦𐑑	1
fragment-spec	holocaust	NN1	UNC	ˈhoʊlə-	𐑣𐑴𐑤𐑩-	ˈhɑləˌkɑst	𐑣ɑ𐑤𐑩𐑒ɑ𐑕𐑑	89
fragment-spec	holocaust	VVI	UNC	ˈhoʊlə-	𐑣𐑴𐑤𐑩-	ˈhɑləˌkɑst	𐑣ɑ𐑤𐑩𐑒ɑ𐑕𐑑	89
fragment-spec	Hotan	NP0	UNC	-tæn	-𐑑𐑨𐑯	ˈhoʊtɑn	𐑣𐑴𐑑ɑ𐑯	89
fragment-spec	houngan	NN1	UNC	-ɡæn	-𐑜𐑨𐑯	ˈhuŋɡən	𐑣𐑫𐑙𐑜𐑩𐑯	89
fragment-spec	Houston County	NP0	UNC	ˈhjustən-	𐑣𐑘𐑫𐑕𐑑𐑩𐑯-	ˈhaʊstən ˈkaʊnti	𐑣𐑬𐑕𐑑𐑩𐑯 𐑒𐑬𐑯𐑑𐑦	89
fragment-spec	Hsin-chiang	NP0	UNC	ˈʃin-	𐑖𐑦𐑯-	ˈʃɪnˈtʃjɑŋ	𐑖𐑦𐑯𐑗𐑘ɑ𐑙	89
fragment-spec	Hsin-chiang	NP0	UNC	ˈsin-	𐑕𐑦𐑯-	ˈʃɪnˈtʃjɑŋ	𐑖𐑦𐑯𐑗𐑘ɑ𐑙	89
fragment-spec	Hsin-chiang	NP0	UNC	-ˈtʃjæŋ	-𐑗𐑘𐑨𐑙	ˈʃɪnˈtʃjɑŋ	𐑖𐑦𐑯𐑗𐑘ɑ𐑙	89
fragment-spec	Hsinchiang	NP0	UNC	ˈʃin-	𐑖𐑦𐑯-	ˈʃɪnˈtʃjɑŋ	𐑖𐑦𐑯𐑗𐑘ɑ𐑙	89
fragment-spec	Hsinchiang	NP0	UNC	ˈsin-	𐑕𐑦𐑯-	ˈʃɪnˈtʃjɑŋ	𐑖𐑦𐑯𐑗𐑘ɑ𐑙	89
fragment-spec	Hsinchiang	NP0	UNC	-ˈtʃjæŋ	-𐑗𐑘𐑨𐑙	ˈʃɪnˈtʃjɑŋ	𐑖𐑦𐑯𐑗𐑘ɑ𐑙	89
fragment-spec	Huai'an	NP0	UNC	-æn	-𐑨𐑯	ˈhwaɪˌɑn	𐑣𐑢𐑲ɑ𐑯	89
fragment-spec	Huanglong	NP0	UNC	-lɒŋ	-𐑤𐑪𐑙	ˈhwɑŋ lɔŋ	𐑣𐑢ɑ𐑙 𐑤𐑷𐑙	89
fragment-spec	Huangshi	NP0	UNC	-ʃə	-𐑖𐑩	ˈhwɑŋ ʃi	𐑣𐑢ɑ𐑙 𐑖𐑦	89
fragment-spec	Hubin	NP0	UNC	-bɪn	-𐑚𐑦𐑯	hubin	𐑣𐑫𐑚𐑦𐑯	89
fragment-spec	Hui'an	NP0	UNC	-æn	-𐑨𐑯	ˈhweɪˈɑn	𐑣𐑢𐑱ɑ𐑯	89
fragment-spec	Hunjiang	NP0	UNC	-dʒiæŋ	-𐑡𐑦𐑨𐑙	hunˈdʒæŋ	𐑣𐑫𐑯𐑡𐑨𐑙	89
fragment-spec	Hunsrik	NP0	UNC	hʌns-	𐑣𐑳𐑯𐑕-	hunsrik	𐑣𐑫𐑯𐑕𐑮𐑦𐑒	1
fragment-spec	Hunsrik	NP0	UNC	hʌnz-	𐑣𐑳𐑯𐑟-	hunsrik	𐑣𐑫𐑯𐑕𐑮𐑦𐑒	1
fragment-spec	hypantrum	NN1	UNC	hɪ-	𐑣𐑦-	haɪpæntrəm	𐑣𐑲𐑐𐑨𐑯𐑑𐑮𐑩𐑥	1
fragment-spec	Hyperionian	AJ0	UNC	haɪpər-	𐑣𐑲𐑐𐑼-	hɪpəraɪoʊniən	𐑣𐑦𐑐𐑼𐑲𐑴𐑯𐑦𐑩𐑯	89
fragment-spec	hypodigm	NN1	UNC	-dɪm	-𐑛𐑦𐑥	ˈhaɪpəʊˌdaɪm	𐑣𐑲𐑐𐑴𐑛𐑲𐑥	89
fragment-spec	Iapetian	AJ0	UNC	-ʃiən	-𐑖𐑦𐑩𐑯	aɪəˈpiːʃən	𐑲𐑩𐑐𐑰𐑖𐑩𐑯	89
fragment-spec	Iberville Parish	NP0	UNC	per-	𐑐𐑧𐑮-	ərbərvɪl pærɪʃ	𐑼𐑚𐑼𐑝𐑦𐑤 𐑐𐑨𐑮𐑦𐑖	30
fragment-spec	idea	NN1	UNC	-ˈdeə	-𐑛𐑺	aɪˈdiə	𐑲𐑛𐑦𐑩	89
fragment-spec	ideas	NN1	UNC	-ˈdeəz	-𐑛𐑺𐑟	aɪˈdiːz	𐑲𐑛𐑰𐑟	89
fragment-spec	idiosyncratic	AJ0	UNC	-sɪŋ-	-𐑕𐑦𐑙-	ɪdiəʉsɪŋkrætɪk	𐑦𐑛𐑦𐑩ʉ𐑕𐑦𐑙𐑒𐑮𐑨𐑑𐑦𐑒	1
fragment-spec	idiosyncratic	AJ0	UNC	-səŋ-	-𐑕𐑩𐑙-	ɪdiəʉsɪŋkrætɪk	𐑦𐑛𐑦𐑩ʉ𐑕𐑦𐑙𐑒𐑮𐑨𐑑𐑦𐑒	1
fragment-spec	IKEA	NP0	UNC	i-	𐑦-	aɪˈkiːə	𐑲𐑒𐑰𐑩	89
fragment-spec	illusory	AJ0	UNC	-zəriː	-𐑟𐑼𐑰	ɪlʉːsəriː	𐑦𐑤ʉː𐑕𐑼𐑰	89
fragment-spec	illusory	AJ0	UNC	-zəri	-𐑟𐑼𐑦	ɪlʉːsəriː	𐑦𐑤ʉː𐑕𐑼𐑰	89
fragment-spec	illusory	AJ0	UNC	-zoɾiː	-𐑟𐑪ɾ𐑰	ɪlʉːsəriː	𐑦𐑤ʉː𐑕𐑼𐑰	1
fragment-spec	imagery	NN1	UNC	-ədʒri	-𐑩𐑡𐑮𐑦	ɪmɪdʒri	𐑦𐑥𐑦𐑡𐑮𐑦	89
fragment-spec	imaginative	AJ0	UNC	-ənətɪv	-𐑩𐑯𐑩𐑑𐑦𐑝	ɪˈmædʒɪnətɪv	𐑦𐑥𐑨𐑡𐑦𐑯𐑩𐑑𐑦𐑝	89
fragment-spec	immediacy	NN1	UNC	əˈ-	𐑩-	ɪˈmiːdiəsi	𐑦𐑥𐑰𐑛𐑦𐑩𐑕𐑦	89
fragment-spec	important	AJ0	UNC	-por-	-𐑐𐑪𐑮-	ɪmpoəRtənt	𐑦𐑥𐑐𐑪𐑼𐑑𐑩𐑯𐑑	89
fragment-spec	in the cold light of day	UNC	UNC	-ˌlʌɪt-	-𐑤𐑳𐑦𐑑-	ˌɪn ðə ˈkold ˌlaɪt əv ˈde	𐑦𐑯 𐑞𐑩 𐑒𐑪𐑤𐑛 𐑤𐑲𐑑 𐑩𐑝 𐑛𐑧	89
fragment-spec	in the cold light of day	UNC	UNC	-ˌlʌit-	-𐑤𐑳𐑦𐑑-	ˌɪn ðə ˈkold ˌlaɪt əv ˈde	𐑦𐑯 𐑞𐑩 𐑒𐑪𐑤𐑛 𐑤𐑲𐑑 𐑩𐑝 𐑛𐑧	89
fragment-spec	in the cold light of day	UNC	UNC	-ˌləit-	-𐑤𐑩𐑦𐑑-	ˌɪn ðə ˈkold ˌlaɪt əv ˈde	𐑦𐑯 𐑞𐑩 𐑒𐑪𐑤𐑛 𐑤𐑲𐑑 𐑩𐑝 𐑛𐑧	89
fragment-spec	inconsiderate	AJ0	UNC	ɪŋ-	𐑦𐑙-	ɪnkənsɪdərɪt	𐑦𐑯𐑒𐑩𐑯𐑕𐑦𐑛𐑼𐑦𐑑	1
fragment-spec	incumbent	AJ0	UNC	ɪŋ-	𐑦𐑙-	ɪnˈkʊmbən	𐑦𐑯𐑒𐑫𐑥𐑚𐑩𐑯	89
fragment-spec	incumbent	NN1	UNC	ɪŋ-	𐑦𐑙-	ɪnˈkʊmbən	𐑦𐑯𐑒𐑫𐑥𐑚𐑩𐑯	89
fragment-spec	incumbrance	NN1	UNC	-brənts	-𐑚𐑮𐑩𐑯𐑑𐑕	ɪnkʌmbrəns	𐑦𐑯𐑒𐑳𐑥𐑚𐑮𐑩𐑯𐑕	89
fragment-spec	indecipherable	AJ0	UNC	ɪndə-	𐑦𐑯𐑛𐑩-	ɪndɪsaɪfərəRbəl	𐑦𐑯𐑛𐑦𐑕𐑲𐑓𐑼𐑼𐑚𐑩𐑤	1
fragment-spec	indefatigable	AJ0	UNC	ˌɪndə-	𐑦𐑯𐑛𐑩-	ˌɪndɪfəˈtiɡəbəl	𐑦𐑯𐑛𐑦𐑓𐑩𐑑𐑦𐑜𐑩𐑚𐑩𐑤	89
fragment-spec	individually	AV0	UNC	ˌɪndə-	𐑦𐑯𐑛𐑩-	ˌɪndɪˈvɪdʒuəli	𐑦𐑯𐑛𐑦𐑝𐑦𐑡𐑫𐑩𐑤𐑦	89
fragment-spec	inflatophilia	NN1	UNC	-ˈfiːliə	-𐑓𐑰𐑤𐑦𐑩	ɪnfleɪtəˈfɪliə	𐑦𐑯𐑓𐑤𐑱𐑑𐑩𐑓𐑦𐑤𐑦𐑩	89
fragment-spec	influencer	NN1	UNC	-ensər	-𐑧𐑯𐑕𐑼	ɪnfluənsər	𐑦𐑯𐑓𐑤𐑫𐑩𐑯𐑕𐑼	89
fragment-spec	initial	AJ0	UNC	-sɪjal	-𐑕𐑦𐑘𐑨𐑤	ɪˈnɪʃəl	𐑦𐑯𐑦𐑖𐑩𐑤	89
fragment-spec	initial	NN1	UNC	-sɪjal	-𐑕𐑦𐑘𐑨𐑤	ɪˈnɪʃəl	𐑦𐑯𐑦𐑖𐑩𐑤	89
fragment-spec	initial	VVI	UNC	-sɪjal	-𐑕𐑦𐑘𐑨𐑤	ɪˈnɪʃəl	𐑦𐑯𐑦𐑖𐑩𐑤	89
fragment-spec	inland	AJ0	UNC	-lænd	-𐑤𐑨𐑯𐑛	ˈɪnlənd	𐑦𐑯𐑤𐑩𐑯𐑛	89
fragment-spec	inland	NN1	UNC	-lænd	-𐑤𐑨𐑯𐑛	ˈɪnlənd	𐑦𐑯𐑤𐑩𐑯𐑛	89
fragment-spec	inland	AV0	UNC	-lænd	-𐑤𐑨𐑯𐑛	ˈɪnlənd	𐑦𐑯𐑤𐑩𐑯𐑛	89
fragment-spec	interferase	NN1	UNC	-æɪz	-𐑨𐑦𐑟	ɪntərfires	𐑦𐑯𐑑𐑼𐑓𐑦𐑮𐑧𐑕	1
fragment-spec	interferase	NN1	UNC	-ez	-𐑧𐑟	ɪntərfires	𐑦𐑯𐑑𐑼𐑓𐑦𐑮𐑧𐑕	1
fragment-spec	interferase	NN1	UNC	-eːz	-𐑧ː𐑟	ɪntərfires	𐑦𐑯𐑑𐑼𐑓𐑦𐑮𐑧𐑕	1
fragment-spec	invasive	AJ0	UNC	-zɪv	-𐑟𐑦𐑝	ɪnˈveɪsɪv	𐑦𐑯𐑝𐑱𐑕𐑦𐑝	89
fragment-spec	invasive	NN1	UNC	-zɪv	-𐑟𐑦𐑝	ɪnˈveɪsɪv	𐑦𐑯𐑝𐑱𐑕𐑦𐑝	89
fragment-spec	inventory	NN1	UNC	ɪn-	𐑦𐑯-	ɪnvəntri	𐑦𐑯𐑝𐑩𐑯𐑑𐑮𐑦	1
fragment-spec	inventory	VVI	UNC	ɪn-	𐑦𐑯-	ɪnvəntri	𐑦𐑯𐑝𐑩𐑯𐑑𐑮𐑦	1
fragment-spec	iodine	NN1	UNC	-dɪn	-𐑛𐑦𐑯	ˈaɪəˌdaɪn	𐑲𐑩𐑛𐑲𐑯	89
fragment-spec	iodine	NN1	UNC	-diːn	-𐑛𐑰𐑯	ˈaɪəˌdaɪn	𐑲𐑩𐑛𐑲𐑯	89
fragment-spec	iodine	VVI	UNC	-dɪn	-𐑛𐑦𐑯	ˈaɪəˌdaɪn	𐑲𐑩𐑛𐑲𐑯	89
fragment-spec	iodine	VVI	UNC	-diːn	-𐑛𐑰𐑯	ˈaɪəˌdaɪn	𐑲𐑩𐑛𐑲𐑯	89
fragment-spec	Iridian	AJ0	UNC	aɪ-	𐑲-	ɪrɪdiən	𐑦𐑮𐑦𐑛𐑦𐑩𐑯	1
fragment-spec	Islamist	NN1	UNC	-ˈlɑːmɪst	-𐑤𐑭𐑥𐑦𐑕𐑑	ˈɪsləmɪst	𐑦𐑕𐑤𐑩𐑥𐑦𐑕𐑑	89
fragment-spec	Islamist	NN1	UNC	-ˈlæmɪst	-𐑤𐑨𐑥𐑦𐑕𐑑	ˈɪsləmɪst	𐑦𐑕𐑤𐑩𐑥𐑦𐑕𐑑	89
fragment-spec	Islamist	AJ0	UNC	-ˈlɑːmɪst	-𐑤𐑭𐑥𐑦𐑕𐑑	ˈɪsləmɪst	𐑦𐑕𐑤𐑩𐑥𐑦𐑕𐑑	89
fragment-spec	Islamist	AJ0	UNC	-ˈlæmɪst	-𐑤𐑨𐑥𐑦𐑕𐑑	ˈɪsləmɪst	𐑦𐑕𐑤𐑩𐑥𐑦𐑕𐑑	89
fragment-spec	isogloss	NN1	UNC	ˈʌɪ-	𐑳𐑦-	ˈaɪsoɡlɒs	𐑲𐑕𐑪𐑜𐑤𐑪𐑕	89
fragment-spec	isogloss	NN1	UNC	-sə-	-𐑕𐑩-	ˈaɪsoɡlɒs	𐑲𐑕𐑪𐑜𐑤𐑪𐑕	89
fragment-spec	Ixion	NP0	UNC	-ɒn	-𐑪𐑯	ɪkˈsaɪən	𐑦𐑒𐑕𐑲𐑩𐑯	89
fragment-spec	jalapeño	NN1	UNC	-pen-	-𐑐𐑧𐑯-	dʒəˈlæpənoʊ	𐑡𐑩𐑤𐑨𐑐𐑩𐑯𐑴	89
fragment-spec	jalapeño	NN1	UNC	-peɪn-	-𐑐𐑱𐑯-	dʒəˈlæpənoʊ	𐑡𐑩𐑤𐑨𐑐𐑩𐑯𐑴	89
fragment-spec	Japetian	AJ0	UNC	-ʃiən	-𐑖𐑦𐑩𐑯	dʒəˈpiːʃən	𐑡𐑩𐑐𐑰𐑖𐑩𐑯	89
fragment-spec	Ji'an	NP0	UNC	-æn	-𐑨𐑯	ˈdʒiˌɑn	𐑡𐑦ɑ𐑯	89
fragment-spec	jiak kentang	VVI	UNC	ˌtɕ˭j-	𐑑ɕ˭𐑘-	ˌts˭jaʔ˨˩ ˈk˭ən˧t˭aŋ˦	𐑑𐑕˭𐑘𐑨ʔ˨˩ 𐑒˭𐑩𐑯˧𐑑˭𐑨𐑙˦	1
fragment-spec	jiak kentang	VVI	UNC	- ˈk˭an-	- 𐑒˭𐑨𐑯-	ˌts˭jaʔ˨˩ ˈk˭ən˧t˭aŋ˦	𐑑𐑕˭𐑘𐑨ʔ˨˩ 𐑒˭𐑩𐑯˧𐑑˭𐑨𐑙˦	1
fragment-spec	jiak kentang	AJ0	UNC	ˌtɕ˭j-	𐑑ɕ˭𐑘-	ˌts˭jaʔ˨˩ ˈk˭ən˧t˭aŋ˦	𐑑𐑕˭𐑘𐑨ʔ˨˩ 𐑒˭𐑩𐑯˧𐑑˭𐑨𐑙˦	1
fragment-spec	jiak kentang	AJ0	UNC	- ˈk˭an-	- 𐑒˭𐑨𐑯-	ˌts˭jaʔ˨˩ ˈk˭ən˧t˭aŋ˦	𐑑𐑕˭𐑘𐑨ʔ˨˩ 𐑒˭𐑩𐑯˧𐑑˭𐑨𐑙˦	1
fragment-spec	jialat	AJ0	UNC	ˌtʃj-	𐑗𐑘-	ˌts˭jɑːˈlʌt	𐑑𐑕˭𐑘𐑭𐑤𐑳𐑑	89
fragment-spec	jialat	AJ0	UNC	ˌtɕ˭j-	𐑑ɕ˭𐑘-	ˌts˭jɑːˈlʌt	𐑑𐑕˭𐑘𐑭𐑤𐑳𐑑	1
fragment-spec	Jiang	NP0	UNC	-ɒŋ	-𐑪𐑙	dʒæŋ	𐑡𐑨𐑙	89
fragment-spec	Jinan	NP0	UNC	ˈdʒɪ-	𐑡𐑦-	ˈdʒiːˌnɑːn	𐑡𐑰𐑯𐑭𐑯	89
fragment-spec	Jinan	NP0	UNC	-ˌnæn	-𐑯𐑨𐑯	ˈdʒiːˌnɑːn	𐑡𐑰𐑯𐑭𐑯	89
fragment-spec	Jingbian	NP0	UNC	-bien	-𐑚𐑦𐑧𐑯	ˈdʒɪŋbiæn	𐑡𐑦𐑙𐑚𐑦𐑨𐑯	89
fragment-spec	Jingmen	NP0	UNC	tʃiŋ-	𐑗𐑦𐑙-	ˈdʒɪŋmen	𐑡𐑦𐑙𐑥𐑧𐑯	89
fragment-spec	Jingmen	NP0	UNC	-mən	-𐑥𐑩𐑯	ˈdʒɪŋmen	𐑡𐑦𐑙𐑥𐑧𐑯	89
fragment-spec	Jingxin	NP0	UNC	-ʃɪn	-𐑖𐑦𐑯	ˌdʒɪŋˈʃiːn	𐑡𐑦𐑙𐑖𐑰𐑯	89
fragment-spec	Jinmen	NP0	UNC	tʃin-	𐑗𐑦𐑯-	ˈdʒɪnˌmen	𐑡𐑦𐑯𐑥𐑧𐑯	89
fragment-spec	Jinmen	NP0	UNC	-mən	-𐑥𐑩𐑯	ˈdʒɪnˌmen	𐑡𐑦𐑯𐑥𐑧𐑯	89
fragment-spec	Jinsha Jiang	NP0	UNC	-dʒiæŋ	-𐑡𐑦𐑨𐑙	dʒɪnˈʃɑː ˈdʒjɑŋ	𐑡𐑦𐑯𐑖𐑭 𐑡𐑘ɑ𐑙	89
fragment-spec	Jinshan	NP0	UNC	dʒin-	𐑡𐑦𐑯-	dʒɪnʃɑn	𐑡𐑦𐑯𐑖ɑ𐑯	89
fragment-spec	Jinshan	NP0	UNC	-ʃæn	-𐑖𐑨𐑯	dʒɪnʃɑn	𐑡𐑦𐑯𐑖ɑ𐑯	89
fragment-spec	Jinzhai	NP0	UNC	dʒin-	𐑡𐑦𐑯-	dʒɪnˈdʒaɪ	𐑡𐑦𐑯𐑡𐑲	89
fragment-spec	Jinzhai	NP0	UNC	-tʃaɪ	-𐑗𐑲	dʒɪnˈdʒaɪ	𐑡𐑦𐑯𐑡𐑲	89
fragment-spec	jio	VVI	UNC	-˦˨	-˦˨	tsjoː˦	𐑑𐑕𐑘𐑪ː˦	1
fragment-spec	Jishan	NP0	UNC	-ʃæn	-𐑖𐑨𐑯	dʒiˈʃɑn	𐑡𐑦𐑖ɑ𐑯	89
fragment-spec	jjigae	NN1	UNC	-ɡeɪ	-𐑜𐑱	ˈdʒiːɡe	𐑡𐑰𐑜𐑧	89
fragment-spec	jjigae	NN1	UNC	ˈdʒɪ-	𐑡𐑦-	ˈdʒiːɡe	𐑡𐑰𐑜𐑧	89
fragment-spec	joj	ITJ	UNC	-dʒ	-𐑡	dʒɒʒ	𐑡𐑪𐑠	89
fragment-spec	joj	ITJ	UNC	-ʒd̚	-𐑠𐑛̚	dʒɒʒ	𐑡𐑪𐑠	1
fragment-spec	jota	NN1	UNC	-ɑ	-ɑ	ˈhoʊtə	𐑣𐑴𐑑𐑩	1
fragment-spec	jus gentium	NN1	UNC	-ti-	-𐑑𐑦-	jəs ˈdʒensiəm	𐑘𐑩𐑕 𐑡𐑧𐑯𐑕𐑦𐑩𐑥	89
fragment-spec	jus gentium	NN1	UNC	-tsi-	-𐑑𐑕𐑦-	jəs ˈdʒensiəm	𐑘𐑩𐑕 𐑡𐑧𐑯𐑕𐑦𐑩𐑥	89
fragment-spec	jus gentium	NN1	UNC	-ʊm	-𐑫𐑥	jəs ˈdʒensiəm	𐑘𐑩𐑕 𐑡𐑧𐑯𐑕𐑦𐑩𐑥	89
fragment-spec	jus sanguinis	NN1	UNC	juːs-	𐑿𐑕-	dʒʌs ˈsæŋɡwɪnɪs	𐑡𐑳𐑕 𐑕𐑨𐑙𐑜𐑢𐑦𐑯𐑦𐑕	89
fragment-spec	Jörmungandr	NP0	UNC	-mʊn-	-𐑥𐑫𐑯-	jɔrmunɡɑndr	𐑘𐑷𐑮𐑥𐑫𐑯𐑜ɑ𐑯𐑛𐑮	1
fragment-spec	Jörmungandr	NP0	UNC	-ɡænd-	-𐑜𐑨𐑯𐑛-	jɔrmunɡɑndr	𐑘𐑷𐑮𐑥𐑫𐑯𐑜ɑ𐑯𐑛𐑮	1
fragment-spec	kairos	NN1	UNC	-oʊs	-𐑴𐑕	kaɪrɒs	𐑒𐑲𐑮𐑪𐑕	1
fragment-spec	kairos	NN1	UNC	keəR-	𐑒𐑺-	kaɪrɒs	𐑒𐑲𐑮𐑪𐑕	89
fragment-spec	kalanchoe	NN1	UNC	-æn-	-𐑨𐑯-	ˌkælənˈkoʊɪ	𐑒𐑨𐑤𐑩𐑯𐑒𐑴𐑦	89
fragment-spec	kampung	NN1	UNC	ˈkɑm-	𐑒ɑ𐑥-	ˈkʌmpɔŋ	𐑒𐑳𐑥𐑐𐑷𐑙	1
fragment-spec	kampung	NN1	UNC	-oŋ	-𐑪𐑙	ˈkʌmpɔŋ	𐑒𐑳𐑥𐑐𐑷𐑙	89
fragment-spec	kampung spirit	NN1	UNC	-oŋ	-𐑪𐑙	kʌmpɔŋ spɪrɪt	𐑒𐑳𐑥𐑐𐑷𐑙 𐑕𐑐𐑦𐑮𐑦𐑑	1
fragment-spec	kan cheong	AJ0	UNC	- ˈtɕ˭j-	- 𐑑ɕ˭𐑘-	ˌk˭än˧ ˈtʃ˭jɔŋ˦	𐑒˭ä𐑯˧ 𐑗˭𐑘𐑷𐑙˦	1
fragment-spec	Kangchenjunga	NP0	UNC	ˌkʌn-	𐑒𐑳𐑯-	ˌkʌŋtʃənˈdʒʌŋɡə	𐑒𐑳𐑙𐑗𐑩𐑯𐑡𐑳𐑙𐑜𐑩	89
fragment-spec	Kangchenjunga	NP0	UNC	-ˈdʒʊŋ-	-𐑡𐑫𐑙-	ˌkʌŋtʃənˈdʒʌŋɡə	𐑒𐑳𐑙𐑗𐑩𐑯𐑡𐑳𐑙𐑜𐑩	89
fragment-spec	Kangding	NP0	UNC	kɑŋ-	𐑒ɑ𐑙-	kɒŋdɪŋ	𐑒𐑪𐑙𐑛𐑦𐑙	1
fragment-spec	Kanghui	NP0	UNC	kɑŋ-	𐑒ɑ𐑙-	kɒŋhwi	𐑒𐑪𐑙𐑣𐑢𐑦	1
fragment-spec	kapok tree	NN1	UNC	kɑːpəʊʔ-	𐑒𐑭𐑐𐑴ʔ-	kɑːpəʊk triː	𐑒𐑭𐑐𐑴𐑒 𐑑𐑮𐑰	1
fragment-spec	karung guni	NN1	UNC	-rɒŋ -	-𐑮𐑪𐑙 -	kɑːrəRŋ ɡuːni	𐑒𐑸𐑼𐑙 𐑜𐑵𐑯𐑦	89
fragment-spec	karung guni	NN1	UNC	-ɾaŋ -	-ɾ𐑨𐑙 -	kɑːrəRŋ ɡuːni	𐑒𐑸𐑼𐑙 𐑜𐑵𐑯𐑦	1
fragment-spec	Kashmiri	NN1	UNC	kæʃ-	𐑒𐑨𐑖-	kaʃmiri	𐑒𐑨𐑖𐑥𐑦𐑮𐑦	1
fragment-spec	Kashmiri	NN1	UNC	kæʒ-	𐑒𐑨𐑠-	kaʃmiri	𐑒𐑨𐑖𐑥𐑦𐑮𐑦	1
fragment-spec	Kashmiri	NN1	UNC	kaʒ-	𐑒𐑨𐑠-	kaʃmiri	𐑒𐑨𐑖𐑥𐑦𐑮𐑦	1
fragment-spec	Kashmiri	NN1	UNC	keʒ-	𐑒𐑧𐑠-	kaʃmiri	𐑒𐑨𐑖𐑥𐑦𐑮𐑦	1
fragment-spec	Kashmiri	NP0	UNC	kæʃ-	𐑒𐑨𐑖-	kaʃmiri	𐑒𐑨𐑖𐑥𐑦𐑮𐑦	1
fragment-spec	Kashmiri	NP0	UNC	kæʒ-	𐑒𐑨𐑠-	kaʃmiri	𐑒𐑨𐑖𐑥𐑦𐑮𐑦	1
fragment-spec	Kashmiri	NP0	UNC	kaʒ-	𐑒𐑨𐑠-	kaʃmiri	𐑒𐑨𐑖𐑥𐑦𐑮𐑦	1
fragment-spec	Kashmiri	NP0	UNC	keʒ-	𐑒𐑧𐑠-	kaʃmiri	𐑒𐑨𐑖𐑥𐑦𐑮𐑦	1
fragment-spec	Kashmiri	AJ0	UNC	kæʃ-	𐑒𐑨𐑖-	kaʃmiri	𐑒𐑨𐑖𐑥𐑦𐑮𐑦	1
fragment-spec	Kashmiri	AJ0	UNC	kæʒ-	𐑒𐑨𐑠-	kaʃmiri	𐑒𐑨𐑖𐑥𐑦𐑮𐑦	1
fragment-spec	Kashmiri	AJ0	UNC	kaʒ-	𐑒𐑨𐑠-	kaʃmiri	𐑒𐑨𐑖𐑥𐑦𐑮𐑦	1
fragment-spec	Kashmiri	AJ0	UNC	keʒ-	𐑒𐑧𐑠-	kaʃmiri	𐑒𐑨𐑖𐑥𐑦𐑮𐑦	1
fragment-spec	kaya	NN1	UNC	-ə	-𐑩	ˈkæjə	𐑒𐑨𐑘𐑩	89
fragment-spec	kaya	NN1	UNC	ˈkʰ-	𐑒ʰ-	ˈkæjə	𐑒𐑨𐑘𐑩	1
fragment-spec	kaya	NN1	UNC	ˈk-	𐑒-	ˈkæjə	𐑒𐑨𐑘𐑩	89
fragment-spec	ke belakang pusing	VVI	UNC	-ˈblɑkɑn -	-𐑚𐑤ɑ𐑒ɑ𐑯 -	kəˈblɑkɑŋ ˌpuseŋ	𐑒𐑩𐑚𐑤ɑ𐑒ɑ𐑙 𐑐𐑫𐑕𐑧𐑙	1
fragment-spec	ke belakang pusing	VVI	UNC	-ˈblak˭an -	-𐑚𐑤𐑨𐑒˭𐑨𐑯 -	kəˈblɑkɑŋ ˌpuseŋ	𐑒𐑩𐑚𐑤ɑ𐑒ɑ𐑙 𐑐𐑫𐑕𐑧𐑙	1
fragment-spec	ke belakang pusing	NN1	UNC	-ˈblɑkɑn -	-𐑚𐑤ɑ𐑒ɑ𐑯 -	kəˈblɑkɑŋ ˌpuseŋ	𐑒𐑩𐑚𐑤ɑ𐑒ɑ𐑙 𐑐𐑫𐑕𐑧𐑙	1
fragment-spec	ke belakang pusing	NN1	UNC	-ˈblak˭an -	-𐑚𐑤𐑨𐑒˭𐑨𐑯 -	kəˈblɑkɑŋ ˌpuseŋ	𐑒𐑩𐑚𐑤ɑ𐑒ɑ𐑙 𐑐𐑫𐑕𐑧𐑙	1
fragment-spec	keitloa	NN1	UNC	ˈkeɪt-	𐑒𐑱𐑑-	ˈkaɪtloʊə	𐑒𐑲𐑑𐑤𐑴𐑩	89
fragment-spec	kena sai	VVI	UNC	ˈkɑ-	𐑒ɑ-	ˈkənɑ ˈsaɪ˦˨	𐑒𐑩𐑯ɑ 𐑕𐑲˦˨	1
fragment-spec	kena sai	ITJ	UNC	ˈkɑ-	𐑒ɑ-	ˈkənɑ ˈsaɪ˦˨	𐑒𐑩𐑯ɑ 𐑕𐑲˦˨	1
fragment-spec	keropok	NN1	UNC	k˭ər-	𐑒˭𐑼-	k˭ərop˭oʔ	𐑒˭𐑼𐑪𐑐˭𐑪ʔ	1
fragment-spec	kettle	NN1	UNC	-əl	-𐑩𐑤	ˈketəl	𐑒𐑧𐑑𐑩𐑤	89
fragment-spec	kettle	VVI	UNC	-əl	-𐑩𐑤	ˈketəl	𐑒𐑧𐑑𐑩𐑤	89
fragment-spec	Khrushchev	NP0	UNC	kruːʃ-	𐑒𐑮𐑵𐑖-	krʊʃtʃɒf	𐑒𐑮𐑫𐑖𐑗𐑪𐑓	89
fragment-spec	Khrushchev	NP0	UNC	-tʃɒv	-𐑗𐑪𐑝	krʊʃtʃɒf	𐑒𐑮𐑫𐑖𐑗𐑪𐑓	1
fragment-spec	Khrushchev	NP0	UNC	-tʃev	-𐑗𐑧𐑝	krʊʃtʃɒf	𐑒𐑮𐑫𐑖𐑗𐑪𐑓	1
fragment-spec	khubani ka meetha	NN1	UNC	xuː-	x𐑵-	kuˈbɑːniː kə ˈmiːtə	𐑒𐑫𐑚𐑭𐑯𐑰 𐑒𐑩 𐑥𐑰𐑑𐑩	1
fragment-spec	kia ora	ITJ	UNC	kiːʌ-	𐑒𐑰𐑳-	kiːaoːra	𐑒𐑰𐑨𐑪ː𐑮𐑨	1
fragment-spec	kia ora	ITJ	UNC	-oːɾa	-𐑪ːɾ𐑨	kiːaoːra	𐑒𐑰𐑨𐑪ː𐑮𐑨	1
fragment-spec	kiasu	AJ0	UNC	-u˦˧	-𐑫˦˧	ˈkjɑːsuː	𐑒𐑘𐑭𐑕𐑵	1
fragment-spec	kiasu	NN1	UNC	-u˦˧	-𐑫˦˧	ˈkjɑːsuː	𐑒𐑘𐑭𐑕𐑵	1
fragment-spec	kibbutz	NN1	UNC	kiː-	𐑒𐑰-	kɪˈbʊts	𐑒𐑦𐑚𐑫𐑑𐑕	89
fragment-spec	klappvisier	NN1	UNC	klɑp-	𐑒𐑤ɑ𐑐-	klæpvɪzɪr	𐑒𐑤𐑨𐑐𐑝𐑦𐑟𐑦𐑮	1
fragment-spec	kleptomania	NN1	UNC	-ˈmeɪnjə	-𐑥𐑱𐑯𐑘𐑩	ˌkleptəˈmeɪniə	𐑒𐑤𐑧𐑐𐑑𐑩𐑥𐑱𐑯𐑦𐑩	89
fragment-spec	klobasnek	NN1	UNC	-nɪk	-𐑯𐑦𐑒	kloʊˈbɑznek	𐑒𐑤𐑴𐑚ɑ𐑟𐑯𐑧𐑒	89
fragment-spec	Knesset	NP0	UNC	ˈknes-	𐑒𐑯𐑧𐑕-	kəˈnesət	𐑒𐑩𐑯𐑧𐑕𐑩𐑑	89
fragment-spec	Knesset	NP0	UNC	ˈnes-	𐑯𐑧𐑕-	kəˈnesət	𐑒𐑩𐑯𐑧𐑕𐑩𐑑	89
fragment-spec	Koine Greek	NP0	UNC	koɪnæɪ-	𐑒𐑪𐑦𐑯𐑨𐑦-	koɪnæɪ ɡriːk	𐑒𐑪𐑦𐑯𐑨𐑦 𐑜𐑮𐑰𐑒	1
fragment-spec	Koine Greek	NP0	UNC	kɔɪne-	𐑒𐑶𐑯𐑧-	koɪnæɪ ɡriːk	𐑒𐑪𐑦𐑯𐑨𐑦 𐑜𐑮𐑰𐑒	1
fragment-spec	Koine Greek	NP0	UNC	kɔjneː-	𐑒𐑷𐑘𐑯𐑧ː-	koɪnæɪ ɡriːk	𐑒𐑪𐑦𐑯𐑨𐑦 𐑜𐑮𐑰𐑒	1
fragment-spec	koksaghyz	NN1	UNC	ˌkɑk-	𐑒ɑ𐑒-	ˌkoʊksəˈɡiz	𐑒𐑴𐑒𐑕𐑩𐑜𐑦𐑟	1
fragment-spec	koksaghyz	NN1	UNC	-ˈɡƏz	-𐑜𐑩𐑟	ˌkoʊksəˈɡiz	𐑒𐑴𐑒𐑕𐑩𐑜𐑦𐑟	89
fragment-spec	kolkhoz	NN1	UNC	kɒl-	𐑒𐑪𐑤-	kəlˈkɒz	𐑒𐑩𐑤𐑒𐑪𐑟	89
fragment-spec	kolkhoz	NN1	UNC	kol-	𐑒𐑪𐑤-	kəlˈkɒz	𐑒𐑩𐑤𐑒𐑪𐑟	89
fragment-spec	kolkhoz	NN1	UNC	kɔːl-	𐑒𐑷𐑤-	kəlˈkɒz	𐑒𐑩𐑤𐑒𐑪𐑟	89
fragment-spec	kolkhoz	NN1	UNC	-kɔz	-𐑒𐑷𐑟	kəlˈkɒz	𐑒𐑩𐑤𐑒𐑪𐑟	89
fragment-spec	kolkhoz	NN1	UNC	-kɒs	-𐑒𐑪𐑕	kəlˈkɒz	𐑒𐑩𐑤𐑒𐑪𐑟	89
fragment-spec	kolkhoz	NN1	UNC	-kɔs	-𐑒𐑷𐑕	kəlˈkɒz	𐑒𐑩𐑤𐑒𐑪𐑟	89
fragment-spec	kolkhozy	NN1	UNC	kɒl-	𐑒𐑪𐑤-	kəlˈkɒzɪ	𐑒𐑩𐑤𐑒𐑪𐑟𐑦	89
fragment-spec	kolkhozy	NN1	UNC	kol-	𐑒𐑪𐑤-	kəlˈkɒzɪ	𐑒𐑩𐑤𐑒𐑪𐑟𐑦	89
fragment-spec	kolkhozy	NN1	UNC	kɔːl-	𐑒𐑷𐑤-	kəlˈkɒzɪ	𐑒𐑩𐑤𐑒𐑪𐑟𐑦	89
fragment-spec	kolkhozy	NN1	UNC	-kɔzɪ	-𐑒𐑷𐑟𐑦	kəlˈkɒzɪ	𐑒𐑩𐑤𐑒𐑪𐑟𐑦	89
fragment-spec	kolkhozy	NN1	UNC	-kɒsɪ	-𐑒𐑪𐑕𐑦	kəlˈkɒzɪ	𐑒𐑩𐑤𐑒𐑪𐑟𐑦	89
fragment-spec	kolkhozy	NN1	UNC	-kɔsɪ	-𐑒𐑷𐑕𐑦	kəlˈkɒzɪ	𐑒𐑩𐑤𐑒𐑪𐑟𐑦	89
fragment-spec	konjac	NN1	UNC	ˈkɒn-	𐑒𐑪𐑯-	ˈkəʊnjæk	𐑒𐑴𐑯𐑘𐑨𐑒	89
fragment-spec	konjac	NN1	UNC	-dʒæk	-𐑡𐑨𐑒	ˈkəʊnjæk	𐑒𐑴𐑯𐑘𐑨𐑒	89
fragment-spec	kopi	NN1	UNC	ˈk˭ɔ-	𐑒˭𐑷-	ˈk˭op˭i	𐑒˭𐑪𐑐˭𐑦	1
fragment-spec	kopitiam	NN1	UNC	-ɪtjam	-𐑦𐑑𐑘𐑨𐑥	ˈkopitjam	𐑒𐑪𐑐𐑦𐑑𐑘𐑨𐑥	89
fragment-spec	kosong	AJ0	UNC	-oŋ	-𐑪𐑙	ˈk˭osɔŋ	𐑒˭𐑪𐑕𐑷𐑙	89
fragment-spec	Kraken	NP0	UNC	-kɪn	-𐑒𐑦𐑯	krækən	𐑒𐑮𐑨𐑒𐑩𐑯	1
fragment-spec	ku ku bird	NN1	UNC	k˭u˨ k˭u˨˦ -	𐑒˭𐑫˨ 𐑒˭𐑫˨˦ -	k˭u˨ k˭u˧ bəːd˦	𐑒˭𐑫˨ 𐑒˭𐑫˧ 𐑚𐑩ː𐑛˦	1
fragment-spec	ku ku jiao	NN1	UNC	ˌk˭u˨ ˌk˭u˨˦ -	𐑒˭𐑫˨ 𐑒˭𐑫˨˦ -	ˌk˭u˨ ˌk˭u˧ ˈtsjɑʊ˦˨	𐑒˭𐑫˨ 𐑒˭𐑫˧ 𐑑𐑕𐑘ɑ𐑫˦˨	1
fragment-spec	ku ku jiao	NN1	UNC	- tɕjɑʊ˦˨	- 𐑑ɕ𐑘ɑ𐑫˦˨	ˌk˭u˨ ˌk˭u˧ ˈtsjɑʊ˦˨	𐑒˭𐑫˨ 𐑒˭𐑫˧ 𐑑𐑕𐑘ɑ𐑫˦˨	1
fragment-spec	kueh pie tee	NN1	UNC	-ˈtiː˦	-𐑑𐑰˦	ˌkweɪ ˌpaɪ ˈtiː	𐑒𐑢𐑱 𐑐𐑲 𐑑𐑰	1
fragment-spec	Kung Hei Fat Choi	UNC	UNC	ɡʊŋ-	𐑜𐑫𐑙-	kʊŋ heɪ fat tʃɔɪ	𐑒𐑫𐑙 𐑣𐑱 𐑓𐑨𐑑 𐑗𐑶	89
fragment-spec	kuspuk	NN1	UNC	ˈkʌs-	𐑒𐑳𐑕-	ˈɡʌspʌk	𐑜𐑳𐑕𐑐𐑳𐑒	89
fragment-spec	kway chap	NN1	UNC	-eː˨˦ -	-𐑧ː˨˦ -	ˈk˭weː˦ˌts˭äp̚˨	𐑒˭𐑢𐑧ː˦𐑑𐑕˭ä𐑐̚˨	1
fragment-spec	Lachesian	AJ0	UNC	-ʒən	-𐑠𐑩𐑯	læˈkiːʃiən	𐑤𐑨𐑒𐑰𐑖𐑦𐑩𐑯	89
fragment-spec	lackadaisical	AJ0	UNC	læksə-	𐑤𐑨𐑒𐑕𐑩-	ˌlækəˈdeɪzɪkəl	𐑤𐑨𐑒𐑩𐑛𐑱𐑟𐑦𐑒𐑩𐑤	89
fragment-spec	lacustrine	AJ0	UNC	-aɪn	-𐑲𐑯	ləkʌstrɪn	𐑤𐑩𐑒𐑳𐑕𐑑𐑮𐑦𐑯	1
fragment-spec	Lauretta	NP0	UNC	lɔ-	𐑤𐑷-	ləretə	𐑤𐑼𐑧𐑑𐑩	1
fragment-spec	lavalier	NN1	UNC	lɑv-	𐑤ɑ𐑝-	lævəlɪr	𐑤𐑨𐑝𐑩𐑤𐑦𐑮	1
fragment-spec	lavaliere	NN1	UNC	lɑv-	𐑤ɑ𐑝-	lævəRlɪr	𐑤𐑨𐑝𐑼𐑤𐑦𐑮	1
fragment-spec	lavaliere	AJ0	UNC	lɑv-	𐑤ɑ𐑝-	lævəRlɪr	𐑤𐑨𐑝𐑼𐑤𐑦𐑮	1
fragment-spec	Leachman	NP0	UNC	-mən	-𐑥𐑩𐑯	ˈliːtʃmæn	𐑤𐑰𐑗𐑥𐑨𐑯	89
fragment-spec	Lebanon	NP0	UNC	-ɒn	-𐑪𐑯	ˈlebənɔn	𐑤𐑧𐑚𐑩𐑯𐑷𐑯	89
fragment-spec	legative	AJ0	UNC	-ɾɪv	-ɾ𐑦𐑝	ˈleɡətɪv	𐑤𐑧𐑜𐑩𐑑𐑦𐑝	1
fragment-spec	legerity	NN1	UNC	-ɪti	-𐑦𐑑𐑦	lɪdʒerəRti	𐑤𐑦𐑡𐑧𐑮𐑼𐑑𐑦	1
fragment-spec	legislative	AJ0	UNC	-slæɪ-	-𐑕𐑤𐑨𐑦-	ˈledʒɪslətɪv	𐑤𐑧𐑡𐑦𐑕𐑤𐑩𐑑𐑦𐑝	89
fragment-spec	legislative	NN1	UNC	-slæɪ-	-𐑕𐑤𐑨𐑦-	ˈledʒɪslətɪv	𐑤𐑧𐑡𐑦𐑕𐑤𐑩𐑑𐑦𐑝	89
fragment-spec	letter	NN1	UNC	-ɾəR	-ɾ𐑼	letəR	𐑤𐑧𐑑𐑼	1
fragment-spec	letter	VVI	UNC	-ɾəR	-ɾ𐑼	letəR	𐑤𐑧𐑑𐑼	1
fragment-spec	Lhotse	NP0	UNC	ˈlɒt-	𐑤𐑪𐑑-	ˈloʊtˈseɪ	𐑤𐑴𐑑𐑕𐑱	89
fragment-spec	Lhotse	NP0	UNC	-si	-𐑕𐑦	ˈloʊtˈseɪ	𐑤𐑴𐑑𐑕𐑱	89
fragment-spec	libertarian	NN1	UNC	-rj-	-𐑮𐑘-	lɪbɪteːrɪən	𐑤𐑦𐑚𐑦𐑑𐑧ː𐑮𐑾𐑯	30
fragment-spec	libertarian	AJ0	UNC	-rj-	-𐑮𐑘-	lɪbɪteːrɪən	𐑤𐑦𐑚𐑦𐑑𐑧ː𐑮𐑾𐑯	30
fragment-spec	Libertarian	NN1	UNC	-rj-	-𐑮𐑘-	lɪbɪteːrɪən	𐑤𐑦𐑚𐑦𐑑𐑧ː𐑮𐑾𐑯	30
fragment-spec	Libertarian	AJ0	UNC	-rj-	-𐑮𐑘-	lɪbɪteːrɪən	𐑤𐑦𐑚𐑦𐑑𐑧ː𐑮𐑾𐑯	30
fragment-spec	Likert	NP0	UNC	lɑe-	𐑤ɑ𐑧-	lɪkəRt	𐑤𐑦𐑒𐑼𐑑	1
fragment-spec	Likert	NP0	UNC	laɪ-	𐑤𐑲-	lɪkəRt	𐑤𐑦𐑒𐑼𐑑	1
fragment-spec	Lin'an	NP0	UNC	-æn	-𐑨𐑯	ˈlɪnˌɑn	𐑤𐑦𐑯ɑ𐑯	89
fragment-spec	lingerie	NN1	UNC	-ri	-𐑮𐑦	lɔndʒəræɪ	𐑤𐑷𐑯𐑡𐑼𐑨𐑦	89
fragment-spec	Liu'an	NP0	UNC	ˈlioʊ-	𐑤𐑦𐑴-	ˈliuɑn	𐑤𐑦𐑫ɑ𐑯	89
fragment-spec	Liu'an	NP0	UNC	-æn	-𐑨𐑯	ˈliuɑn	𐑤𐑦𐑫ɑ𐑯	89
fragment-spec	Llano Estacado	NP0	UNC	ˌlɑnoʊ -	𐑤ɑ𐑯𐑴 -	ˌlænoʊ estəˈkɑdoʊ	𐑤𐑨𐑯𐑴 𐑧𐑕𐑑𐑩𐑒ɑ𐑛𐑴	1
fragment-spec	Llewellyn	NP0	UNC	ɬə-	ɬ𐑩-	ləˈwelɪn	𐑤𐑩𐑢𐑧𐑤𐑦𐑯	1
fragment-spec	Llewellyn	NP0	UNC	hlə-	𐑣𐑤𐑩-	ləˈwelɪn	𐑤𐑩𐑢𐑧𐑤𐑦𐑯	89
fragment-spec	Llewellyn	NP0	UNC	klə-	𐑒𐑤𐑩-	ləˈwelɪn	𐑤𐑩𐑢𐑧𐑤𐑦𐑯	89
fragment-spec	Long'an	NP0	UNC	-æn	-𐑨𐑯	ˈlɔŋˌɑn	𐑤𐑷𐑙ɑ𐑯	89
fragment-spec	longkang	NN1	UNC	-˦˧	-˦˧	ˈlɔŋ˧kaŋ˦	𐑤𐑷𐑙˧𐑒𐑨𐑙˦	1
fragment-spec	Loretta	NP0	UNC	lɔ-	𐑤𐑷-	ləretə	𐑤𐑼𐑧𐑑𐑩	1
fragment-spec	Los Angeles	NP0	UNC	- ˈændʒəlƏz	- 𐑨𐑯𐑡𐑩𐑤𐑩𐑟	lɔs ˈændʒəliːz	𐑤𐑷𐑕 𐑨𐑯𐑡𐑩𐑤𐑰𐑟	89
fragment-spec	Los Angeles	NP0	UNC	- ˈændʒələs	- 𐑨𐑯𐑡𐑩𐑤𐑩𐑕	lɔs ˈændʒəliːz	𐑤𐑷𐑕 𐑨𐑯𐑡𐑩𐑤𐑰𐑟	89
fragment-spec	Los Angeles	NP0	UNC	lɒs-	𐑤𐑪𐑕-	lɔs ˈændʒəliːz	𐑤𐑷𐑕 𐑨𐑯𐑡𐑩𐑤𐑰𐑟	89
fragment-spec	Los Angeles	NN1	UNC	- ˈændʒəlƏz	- 𐑨𐑯𐑡𐑩𐑤𐑩𐑟	lɔs ˈændʒəliːz	𐑤𐑷𐑕 𐑨𐑯𐑡𐑩𐑤𐑰𐑟	89
fragment-spec	Los Angeles	NN1	UNC	- ˈændʒələs	- 𐑨𐑯𐑡𐑩𐑤𐑩𐑕	lɔs ˈændʒəliːz	𐑤𐑷𐑕 𐑨𐑯𐑡𐑩𐑤𐑰𐑟	89
fragment-spec	Los Angeles	NN1	UNC	lɒs-	𐑤𐑪𐑕-	lɔs ˈændʒəliːz	𐑤𐑷𐑕 𐑨𐑯𐑡𐑩𐑤𐑰𐑟	89
fragment-spec	loveth	VVI	UNC	-ɪθ	-𐑦𐑔	ˈlʌvəθ	𐑤𐑳𐑝𐑩𐑔	89
fragment-spec	Lu'an	NP0	UNC	ˈlioʊ-	𐑤𐑦𐑴-	ˈluˌɑn	𐑤𐑫ɑ𐑯	89
fragment-spec	Lu'an	NP0	UNC	-æn	-𐑨𐑯	ˈluˌɑn	𐑤𐑫ɑ𐑯	89
fragment-spec	lumpenproletariat	NN1	UNC	lʌm-	𐑤𐑳𐑥-	lʊmpənprəʊlətɜːriəRt	𐑤𐑫𐑥𐑐𐑩𐑯𐑐𐑮𐑴𐑤𐑩𐑑𐑻𐑦𐑼𐑑	1
fragment-spec	lycanthropy	NN1	UNC	lʌi-	𐑤𐑳𐑦-	laɪkanθrəpi	𐑤𐑲𐑒𐑨𐑯𐑔𐑮𐑩𐑐𐑦	1
fragment-spec	lycanthropy	NN1	UNC	ləi-	𐑤𐑩𐑦-	laɪkanθrəpi	𐑤𐑲𐑒𐑨𐑯𐑔𐑮𐑩𐑐𐑦	1
fragment-spec	lycanthropy	NN1	UNC	-θrʌ-	-𐑔𐑮𐑳-	laɪkanθrəpi	𐑤𐑲𐑒𐑨𐑯𐑔𐑮𐑩𐑐𐑦	89
fragment-spec	lycanthropy	NN1	UNC	lɑːj-	𐑤𐑭𐑘-	laɪkanθrəpi	𐑤𐑲𐑒𐑨𐑯𐑔𐑮𐑩𐑐𐑦	1
fragment-spec	macam	PRP	UNC	-˦˧	-˦˧	ˈmatʃam	𐑥𐑨𐑗𐑨𐑥	1
fragment-spec	Mahanian	AJ0	UNC	-ˈhɑn-	-𐑣ɑ𐑯-	məˈhæniən	𐑥𐑩𐑣𐑨𐑯𐑦𐑩𐑯	1
fragment-spec	Mahanian	AJ0	UNC	-ˈheɪn-	-𐑣𐑱𐑯-	məˈhæniən	𐑥𐑩𐑣𐑨𐑯𐑦𐑩𐑯	89
fragment-spec	Mahanian	NN1	UNC	-ˈhɑn-	-𐑣ɑ𐑯-	məˈhæniən	𐑥𐑩𐑣𐑨𐑯𐑦𐑩𐑯	1
fragment-spec	Mahanian	NN1	UNC	-ˈheɪn-	-𐑣𐑱𐑯-	məˈhæniən	𐑥𐑩𐑣𐑨𐑯𐑦𐑩𐑯	89
fragment-spec	malediction	NN1	UNC	-ɪˈ-	-𐑦-	ˌmæləˈdɪkʃən	𐑥𐑨𐑤𐑩𐑛𐑦𐑒𐑖𐑩𐑯	89
fragment-spec	malleable	AJ0	UNC	-bɯ	-𐑚ɯ	ˈmæliːəbəl	𐑥𐑨𐑤𐑰𐑩𐑚𐑩𐑤	1
fragment-spec	Malvinas	NP0	UNC	mɑl-	𐑥ɑ𐑤-	mælˈviːnəz	𐑥𐑨𐑤𐑝𐑰𐑯𐑩𐑟	1
fragment-spec	Malvinas	NP0	UNC	məl-	𐑥𐑩𐑤-	mælˈviːnəz	𐑥𐑨𐑤𐑝𐑰𐑯𐑩𐑟	89
fragment-spec	manchet	NN1	UNC	-ət	-𐑩𐑑	ˈmæntʃɪt	𐑥𐑨𐑯𐑗𐑦𐑑	89
fragment-spec	mangal	NN1	UNC	-ˌɡæl	-𐑜𐑨𐑤	ˈmæŋɡəl	𐑥𐑨𐑙𐑜𐑩𐑤	89
fragment-spec	mangal	NN1	UNC	-ˌɡɑːl	-𐑜𐑭𐑤	ˈmæŋɡəl	𐑥𐑨𐑙𐑜𐑩𐑤	89
fragment-spec	mangal	NN1	UNC	mɑŋ-	𐑥ɑ𐑙-	ˈmæŋɡəl	𐑥𐑨𐑙𐑜𐑩𐑤	1
fragment-spec	mangal	NN1	UNC	-ˈɡɑl	-𐑜ɑ𐑤	ˈmæŋɡəl	𐑥𐑨𐑙𐑜𐑩𐑤	1
fragment-spec	manicotti	NN1	UNC	-oʊt̚	-𐑴𐑑̚	ˌmænəˈkɑt̚	𐑥𐑨𐑯𐑩𐑒ɑ𐑑̚	1
fragment-spec	manifer	NN1	UNC	mænəR-	𐑥𐑨𐑯𐑼-	mænɪfɝ	𐑥𐑨𐑯𐑦𐑓ɝ	89
fragment-spec	manifer	NN1	UNC	-feɚ	-𐑓𐑧ɚ	mænɪfɝ	𐑥𐑨𐑯𐑦𐑓ɝ	1
fragment-spec	Maorification	NN1	UNC	-ɘfɘkæeʃɘn	-ɘ𐑓ɘ𐑒𐑨𐑧𐑖ɘ𐑯	mæʊrifɘkæeʃɘn	𐑥𐑨𐑫𐑮𐑦𐑓ɘ𐑒𐑨𐑧𐑖ɘ𐑯	1
fragment-spec	Maorify	VVI	UNC	-ɘfɑe	-ɘ𐑓ɑ𐑧	mæʊrifɑe	𐑥𐑨𐑫𐑮𐑦𐑓ɑ𐑧	1
fragment-spec	mappa mundi	NN1	UNC	-aɪ	-𐑲	ˌmæpəˈmʊndi	𐑥𐑨𐑐𐑩𐑥𐑫𐑯𐑛𐑦	89
fragment-spec	Marine Parade	NP0	UNC	-ed˦˧	-𐑧𐑛˦˧	mə˨rin˦ pə˨red˦	𐑥𐑩˨𐑮𐑦𐑯˦ 𐑐𐑩˨𐑮𐑧𐑛˦	1
fragment-spec	Marinette	NP0	UNC	mer-	𐑥𐑧𐑮-	mærɪnet	𐑥𐑨𐑮𐑦𐑯𐑧𐑑	89
fragment-spec	Marinette	NP0	UNC	-inet	-𐑦𐑯𐑧𐑑	mærɪnet	𐑥𐑨𐑮𐑦𐑯𐑧𐑑	1
fragment-spec	Mariolatrous	AJ0	UNC	meəri-	𐑥𐑺𐑦-	mæriɒlətrəs	𐑥𐑨𐑮𐑦𐑪𐑤𐑩𐑑𐑮𐑩𐑕	30
fragment-spec	Mariupol	NP0	UNC	-pəl	-𐑐𐑩𐑤	mɑːriuːpoʊl	𐑥𐑸𐑦𐑵𐑐𐑴𐑤	1
fragment-spec	Mariupol	NP0	UNC	-pɑl	-𐑐ɑ𐑤	mɑːriuːpoʊl	𐑥𐑸𐑦𐑵𐑐𐑴𐑤	1
fragment-spec	Mariupol	NP0	UNC	mæriu-	𐑥𐑨𐑮𐑦𐑫-	mɑːriuːpoʊl	𐑥𐑸𐑦𐑵𐑐𐑴𐑤	89
fragment-spec	Mariupol	NP0	UNC	meriu-	𐑥𐑧𐑮𐑦𐑫-	mɑːriuːpoʊl	𐑥𐑸𐑦𐑵𐑐𐑴𐑤	89
fragment-spec	market	NN1	UNC	-keʈ	-𐑒𐑧ʈ	mɑrkeʈ	𐑥ɑ𐑮𐑒𐑧ʈ	1
fragment-spec	market	NN1	UNC	-kəʈ	-𐑒𐑩ʈ	mɑrkeʈ	𐑥ɑ𐑮𐑒𐑧ʈ	1
fragment-spec	market	VVI	UNC	-keʈ	-𐑒𐑧ʈ	mɑrkeʈ	𐑥ɑ𐑮𐑒𐑧ʈ	1
fragment-spec	market	VVI	UNC	-kəʈ	-𐑒𐑩ʈ	mɑrkeʈ	𐑥ɑ𐑮𐑒𐑧ʈ	1
fragment-spec	Maryborough	NP0	UNC	-brə	-𐑚𐑮𐑩	meribərə	𐑥𐑧𐑮𐑦𐑚𐑼𐑩	30
fragment-spec	masquerade	NN1	UNC	mʌːs-	𐑥𐑳ː𐑕-	mæskəræɪd	𐑥𐑨𐑕𐑒𐑼𐑨𐑦𐑛	1
fragment-spec	masquerade	VVI	UNC	mʌːs-	𐑥𐑳ː𐑕-	mæskəræɪd	𐑥𐑨𐑕𐑒𐑼𐑨𐑦𐑛	1
fragment-spec	massive	AJ0	UNC	-z-	-𐑟-	ˈmæsɪv	𐑥𐑨𐑕𐑦𐑝	89
fragment-spec	massive	NN1	UNC	-z-	-𐑟-	ˈmæsɪv	𐑥𐑨𐑕𐑦𐑝	89
fragment-spec	Mato Grosso	NP0	UNC	mætu-	𐑥𐑨𐑑𐑫-	mætoʊ ɡroʊsoʊ	𐑥𐑨𐑑𐑴 𐑜𐑮𐑴𐑕𐑴	1
fragment-spec	Mato Grosso	NP0	UNC	mætə-	𐑥𐑨𐑑𐑩-	mætoʊ ɡroʊsoʊ	𐑥𐑨𐑑𐑴 𐑜𐑮𐑴𐑕𐑴	1
fragment-spec	Mato Grosso	NP0	UNC	-ɡrɒ-	-𐑜𐑮𐑪-	mætoʊ ɡroʊsoʊ	𐑥𐑨𐑑𐑴 𐑜𐑮𐑴𐑕𐑴	89
fragment-spec	Mato Grosso do Sul	NP0	UNC	mætu-	𐑥𐑨𐑑𐑫-	mætoʊ ɡroʊsoʊ doʊ sul	𐑥𐑨𐑑𐑴 𐑜𐑮𐑴𐑕𐑴 𐑛𐑴 𐑕𐑫𐑤	1
fragment-spec	Mato Grosso do Sul	NP0	UNC	mætə-	𐑥𐑨𐑑𐑩-	mætoʊ ɡroʊsoʊ doʊ sul	𐑥𐑨𐑑𐑴 𐑜𐑮𐑴𐑕𐑴 𐑛𐑴 𐑕𐑫𐑤	1
fragment-spec	Mato Grosso do Sul	NP0	UNC	-ɡrɑ-	-𐑜𐑮ɑ-	mætoʊ ɡroʊsoʊ doʊ sul	𐑥𐑨𐑑𐑴 𐑜𐑮𐑴𐑕𐑴 𐑛𐑴 𐑕𐑫𐑤	1
fragment-spec	Mato Grosso do Sul	NP0	UNC	-də-	-𐑛𐑩-	mætoʊ ɡroʊsoʊ doʊ sul	𐑥𐑨𐑑𐑴 𐑜𐑮𐑴𐑕𐑴 𐑛𐑴 𐑕𐑫𐑤	1
fragment-spec	Mato Grosso do Sul	NP0	UNC	-sʌl	-𐑕𐑳𐑤	mætoʊ ɡroʊsoʊ doʊ sul	𐑥𐑨𐑑𐑴 𐑜𐑮𐑴𐑕𐑴 𐑛𐑴 𐑕𐑫𐑤	1
fragment-spec	matrilineal	AJ0	UNC	mætrɪ-	𐑥𐑨𐑑𐑮𐑦-	meɪtrɪlɪnɪəl	𐑥𐑱𐑑𐑮𐑦𐑤𐑦𐑯𐑾𐑤	89
fragment-spec	Matthew	NP0	UNC	-jɪu	-𐑘𐑦𐑫	ˈmæθjuː	𐑥𐑨𐑔𐑿	89
fragment-spec	mayonnaise	NN1	UNC	ˈmeən-	𐑥𐑺𐑯-	ˈmeɪəneɪz	𐑥𐑱𐑩𐑯𐑱𐑟	89
fragment-spec	mayonnaise	NN1	UNC	-niz	-𐑯𐑦𐑟	ˈmeɪəneɪz	𐑥𐑱𐑩𐑯𐑱𐑟	89
fragment-spec	mayonnaise	VVI	UNC	ˈmeən-	𐑥𐑺𐑯-	ˈmeɪəneɪz	𐑥𐑱𐑩𐑯𐑱𐑟	89
fragment-spec	mayonnaise	VVI	UNC	-niz	-𐑯𐑦𐑟	ˈmeɪəneɪz	𐑥𐑱𐑩𐑯𐑱𐑟	89
fragment-spec	McDo	NP0	UNC	-dəʊ	-𐑛𐑴	məkˈdoʊ	𐑥𐑩𐑒𐑛𐑴	89
fragment-spec	McDo	NP0	UNC	ˈmæk-	𐑥𐑨𐑒-	məkˈdoʊ	𐑥𐑩𐑒𐑛𐑴	89
fragment-spec	Mechelen	NP0	UNC	ˈmex-	𐑥𐑧x-	ˈmekələn	𐑥𐑧𐑒𐑩𐑤𐑩𐑯	1
fragment-spec	Mechelen	NP0	UNC	-ə	-𐑩	ˈmekələn	𐑥𐑧𐑒𐑩𐑤𐑩𐑯	89
fragment-spec	medicinal	AJ0	UNC	-sə-	-𐑕𐑩-	məˈdɪsɪnəl	𐑥𐑩𐑛𐑦𐑕𐑦𐑯𐑩𐑤	89
fragment-spec	medicinal	NN1	UNC	-sə-	-𐑕𐑩-	məˈdɪsɪnəl	𐑥𐑩𐑛𐑦𐑕𐑦𐑯𐑩𐑤	89
fragment-spec	medium machine gun	NN1	UNC	- ɡan	- 𐑜𐑨𐑯	ˈmiːdiːəm məˈʃiːn ɡʌn	𐑥𐑰𐑛𐑰𐑩𐑥 𐑥𐑩𐑖𐑰𐑯 𐑜𐑳𐑯	89
fragment-spec	melange	NN1	UNC	meɪ-	𐑥𐑱-	məˈlɑnʒ	𐑥𐑩𐑤ɑ𐑯𐑠	89
fragment-spec	melange	NN1	UNC	-ˈlɑndʒ	-𐑤ɑ𐑯𐑡	məˈlɑnʒ	𐑥𐑩𐑤ɑ𐑯𐑠	1
fragment-spec	mentality	NN1	UNC	-ɪti	-𐑦𐑑𐑦	menˈtæləti	𐑥𐑧𐑯𐑑𐑨𐑤𐑩𐑑𐑦	89
fragment-spec	merit badge	NN1	UNC	-rət-	-𐑮𐑩𐑑-	merɪt bædʒ	𐑥𐑧𐑮𐑦𐑑 𐑚𐑨𐑡	89
fragment-spec	merlion	NN1	UNC	mə-	𐑥𐑩-	mɜːRlaɪən	𐑥𐑻𐑤𐑲𐑩𐑯	1
fragment-spec	merveilleuse	NN1	UNC	-juz	-𐑘𐑫𐑟	mɜːRveɪjɜːRz	𐑥𐑻𐑝𐑱𐑘𐑻𐑟	1
fragment-spec	merveilleux	NN1	UNC	-ju	-𐑘𐑫	merveɪjə	𐑥𐑧𐑮𐑝𐑱𐑘𐑩	1
fragment-spec	merveilleux	NN1	UNC	-joʊ	-𐑘𐑴	merveɪjə	𐑥𐑧𐑮𐑝𐑱𐑘𐑩	1
fragment-spec	meson	NN1	UNC	ˈ-sɒn	-𐑕𐑪𐑯	ˈmesɒn	𐑥𐑧𐑕𐑪𐑯	89
fragment-spec	meson	NN1	UNC	ˈme-	𐑥𐑧-	ˈmesɒn	𐑥𐑧𐑕𐑪𐑯	89
fragment-spec	mesothelioma	NN1	UNC	ˌmezoʊ-	𐑥𐑧𐑟𐑴-	ˌmesoʊˌθiliˈoʊmə	𐑥𐑧𐑕𐑴𐑔𐑦𐑤𐑦𐑴𐑥𐑩	89
fragment-spec	mesothelioma	NN1	UNC	ˌmesə-	𐑥𐑧𐑕𐑩-	ˌmesoʊˌθiliˈoʊmə	𐑥𐑧𐑕𐑴𐑔𐑦𐑤𐑦𐑴𐑥𐑩	89
fragment-spec	mesothelioma	NN1	UNC	ˌmezə-	𐑥𐑧𐑟𐑩-	ˌmesoʊˌθiliˈoʊmə	𐑥𐑧𐑕𐑴𐑔𐑦𐑤𐑦𐑴𐑥𐑩	89
fragment-spec	mesothelioma	NN1	UNC	ˌmis-	𐑥𐑦𐑕-	ˌmesoʊˌθiliˈoʊmə	𐑥𐑧𐑕𐑴𐑔𐑦𐑤𐑦𐑴𐑥𐑩	89
fragment-spec	mesothelioma	NN1	UNC	ˌmiz-	𐑥𐑦𐑟-	ˌmesoʊˌθiliˈoʊmə	𐑥𐑧𐑕𐑴𐑔𐑦𐑤𐑦𐑴𐑥𐑩	89
fragment-spec	metepa	NN1	UNC	me-	𐑥𐑧-	məˈtipə	𐑥𐑩𐑑𐑦𐑐𐑩	89
fragment-spec	metropolitan	NN1	UNC	-ɾən	-ɾ𐑩𐑯	metrəpɒlɪtən	𐑥𐑧𐑑𐑮𐑩𐑐𐑪𐑤𐑦𐑑𐑩𐑯	1
fragment-spec	metropolitan	AJ0	UNC	-ɾən	-ɾ𐑩𐑯	metrəpɒlɪtən	𐑥𐑧𐑑𐑮𐑩𐑐𐑪𐑤𐑦𐑑𐑩𐑯	1
fragment-spec	mezuzah	NN1	UNC	me-	𐑥𐑧-	məˈzʊzə	𐑥𐑩𐑟𐑫𐑟𐑩	89
fragment-spec	middle	NN1	UNC	ˈmɪ̝ɾ-	𐑥𐑦̝ɾ-	ˈmɪdəl	𐑥𐑦𐑛𐑩𐑤	1
fragment-spec	middle	NN1	UNC	ˈməɾ-	𐑥𐑩ɾ-	ˈmɪdəl	𐑥𐑦𐑛𐑩𐑤	1
fragment-spec	middle	AJ0	UNC	ˈmɪ̝ɾ-	𐑥𐑦̝ɾ-	ˈmɪdəl	𐑥𐑦𐑛𐑩𐑤	1
fragment-spec	middle	AJ0	UNC	ˈməɾ-	𐑥𐑩ɾ-	ˈmɪdəl	𐑥𐑦𐑛𐑩𐑤	1
fragment-spec	middle	VVI	UNC	ˈmɪ̝ɾ-	𐑥𐑦̝ɾ-	ˈmɪdəl	𐑥𐑦𐑛𐑩𐑤	1
fragment-spec	middle	VVI	UNC	ˈməɾ-	𐑥𐑩ɾ-	ˈmɪdəl	𐑥𐑦𐑛𐑩𐑤	1
fragment-spec	minimax	NN1	UNC	-əˌ-	-𐑩-	ˈmɪnɪˌmæks	𐑥𐑦𐑯𐑦𐑥𐑨𐑒𐑕	89
fragment-spec	minimax	VVI	UNC	-əˌ-	-𐑩-	ˈmɪnɪˌmæks	𐑥𐑦𐑯𐑦𐑥𐑨𐑒𐑕	89
fragment-spec	ministerial	AJ0	UNC	-stɪər-	-𐑕𐑑𐑽-	mɪnəstɪriəl	𐑥𐑦𐑯𐑩𐑕𐑑𐑦𐑮𐑦𐑩𐑤	89
fragment-spec	ministerial	NN1	UNC	-stɪər-	-𐑕𐑑𐑽-	mɪnəstɪriəl	𐑥𐑦𐑯𐑩𐑕𐑑𐑦𐑮𐑦𐑩𐑤	89
fragment-spec	minute	AJ0	UNC	məj-	𐑥𐑩𐑘-	ˈmɪnɪt	𐑥𐑦𐑯𐑦𐑑	89
fragment-spec	minuteness	NN1	UNC	-nəs	-𐑯𐑩𐑕	maɪˈnjuːtnəs	𐑥𐑲𐑯𐑿𐑑𐑯𐑩𐑕	89
fragment-spec	miscarriage of justice	NN1	UNC	mɪskerɪdʒ-	𐑥𐑦𐑕𐑒𐑧𐑮𐑦𐑡-			30
fragment-spec	missingness	NN1	UNC	-nəs	-𐑯𐑩𐑕	ˈmɪsɪŋnəs	𐑥𐑦𐑕𐑦𐑙𐑯𐑩𐑕	89
fragment-spec	missingness	NN1	UNC	-nes	-𐑯𐑧𐑕	ˈmɪsɪŋnəs	𐑥𐑦𐑕𐑦𐑙𐑯𐑩𐑕	89
fragment-spec	Mizbeach	NP0	UNC	mɪz-	𐑥𐑦𐑟-	miːzˈbeɪɑx	𐑥𐑰𐑟𐑚𐑱ɑx	89
fragment-spec	Mizrahi	AJ0	UNC	-xi	-x𐑦	mɪzrɑːhi	𐑥𐑦𐑟𐑮𐑭𐑣𐑦	1
fragment-spec	Mizrahi	NN1	UNC	-xi	-x𐑦	mɪzrɑːhi	𐑥𐑦𐑟𐑮𐑭𐑣𐑦	1
fragment-spec	mobilism	NN1	UNC	ˈmʌʉ-	𐑥𐑳ʉ-	ˈmobilˌɪzəm	𐑥𐑪𐑚𐑦𐑤𐑦𐑟𐑩𐑥	1
fragment-spec	momentum	NN1	UNC	mʊ-	𐑥𐑫-	ˌməʉˈmentəm	𐑥𐑩ʉ𐑥𐑧𐑯𐑑𐑩𐑥	89
fragment-spec	momoir	NN1	UNC	mɒm-	𐑥𐑪𐑥-	mɑmwɑːr	𐑥ɑ𐑥𐑢𐑸	1
fragment-spec	Monongahela	NN1	UNC	-ˈheɪ-	-𐑣𐑱-	məˌnɒŋɡəˈhiːlə	𐑥𐑩𐑯𐑪𐑙𐑜𐑩𐑣𐑰𐑤𐑩	89
fragment-spec	Monongahela	NP0	UNC	-ˈheɪ-	-𐑣𐑱-	məˌnɒŋɡəˈhiːlə	𐑥𐑩𐑯𐑪𐑙𐑜𐑩𐑣𐑰𐑤𐑩	89
fragment-spec	Montenegrin	AJ0	UNC	-neɪɡrɪn	-𐑯𐑱𐑜𐑮𐑦𐑯	mɒntɪneɡrɪn	𐑥𐑪𐑯𐑑𐑦𐑯𐑧𐑜𐑮𐑦𐑯	89
fragment-spec	Montenegrin	AJ0	UNC	-niːɡrɪn	-𐑯𐑰𐑜𐑮𐑦𐑯	mɒntɪneɡrɪn	𐑥𐑪𐑯𐑑𐑦𐑯𐑧𐑜𐑮𐑦𐑯	89
fragment-spec	Montenegrin	NN1	UNC	-neɪɡrɪn	-𐑯𐑱𐑜𐑮𐑦𐑯	mɒntɪneɡrɪn	𐑥𐑪𐑯𐑑𐑦𐑯𐑧𐑜𐑮𐑦𐑯	89
fragment-spec	Montenegrin	NN1	UNC	-niːɡrɪn	-𐑯𐑰𐑜𐑮𐑦𐑯	mɒntɪneɡrɪn	𐑥𐑪𐑯𐑑𐑦𐑯𐑧𐑜𐑮𐑦𐑯	89
fragment-spec	morbillion	CRD	UNC	-bɪljən	-𐑚𐑦𐑤𐑘𐑩𐑯	mɔːrbɪliən	𐑥𐑹𐑚𐑦𐑤𐑦𐑩𐑯	1
fragment-spec	moron	NN1	UNC	-ɑn	-ɑ𐑯	moːrɒn	𐑥𐑪ː𐑮𐑪𐑯	1
fragment-spec	moshav shitufi	NN1	UNC	- ʃiː-	- 𐑖𐑰-	moʊˈʃɑːv ʃɪtuˈfiː	𐑥𐑴𐑖𐑭𐑝 𐑖𐑦𐑑𐑫𐑓𐑰	89
fragment-spec	mosquito	NN1	UNC	-t̞ə	-𐑑̞𐑩	məsˈkitə	𐑥𐑩𐑕𐑒𐑦𐑑𐑩	1
fragment-spec	mosquito	VVI	UNC	-t̞ə	-𐑑̞𐑩	məsˈkitə	𐑥𐑩𐑕𐑒𐑦𐑑𐑩	1
fragment-spec	mousquetaire	NN1	UNC	-kəR-	-𐑒𐑼-	muːskɪteər	𐑥𐑵𐑕𐑒𐑦𐑑𐑺	89
fragment-spec	much as	CJC	UNC	-əz	-𐑩𐑟	ˈmʌtʃ ˌæz	𐑥𐑳𐑗 𐑨𐑟	89
fragment-spec	mulga wire	NN1	UNC	-wɑeəR	-𐑢ɑ𐑺	mʌlɡəR waɪəR	𐑥𐑳𐑤𐑜𐑼 𐑢𐑲𐑼	1
fragment-spec	multifur	NN1	UNC	-taɪ-	-𐑑𐑲-	mʌltiːfɜːR	𐑥𐑳𐑤𐑑𐑰𐑓𐑻	1
fragment-spec	mundane	AJ0	UNC	mən-	𐑥𐑩𐑯-	mʌnˈdeɪn	𐑥𐑳𐑯𐑛𐑱𐑯	89
fragment-spec	mundane	AJ0	UNC	mʊn-	𐑥𐑫𐑯-	mʌnˈdeɪn	𐑥𐑳𐑯𐑛𐑱𐑯	89
fragment-spec	mundane	NN1	UNC	mən-	𐑥𐑩𐑯-	mʌnˈdeɪn	𐑥𐑳𐑯𐑛𐑱𐑯	89
fragment-spec	mundane	NN1	UNC	mʊn-	𐑥𐑫𐑯-	mʌnˈdeɪn	𐑥𐑳𐑯𐑛𐑱𐑯	89
fragment-spec	muqallid	NN1	UNC	mʊ-	𐑥𐑫-	muˈkʌlƏd	𐑥𐑫𐑒𐑳𐑤𐑩𐑛	89
fragment-spec	Mussorgsky	NP0	UNC	-zoːrɡ-	-𐑟𐑪ː𐑮𐑜-	mʊsoːrɡskiː	𐑥𐑫𐑕𐑪ː𐑮𐑜𐑕𐑒𐑰	1
fragment-spec	Mussorgsky	NP0	UNC	-zorɡ-	-𐑟𐑪𐑮𐑜-	mʊsoːrɡskiː	𐑥𐑫𐑕𐑪ː𐑮𐑜𐑕𐑒𐑰	89
fragment-spec	Mussorgsky	NP0	UNC	-zoːɾɡ-	-𐑟𐑪ːɾ𐑜-	mʊsoːrɡskiː	𐑥𐑫𐑕𐑪ː𐑮𐑜𐑕𐑒𐑰	1
fragment-spec	mydriasis	NN1	UNC	maɪ-	𐑥𐑲-	mɪdraɪ ə sɪs	𐑥𐑦𐑛𐑮𐑲 𐑩 𐑕𐑦𐑕	1
fragment-spec	myeloproliferative	AJ0	UNC	-ətɪv	-𐑩𐑑𐑦𐑝	maɪələprəlɪfəreɪtɪv	𐑥𐑲𐑩𐑤𐑩𐑐𐑮𐑩𐑤𐑦𐑓𐑼𐑱𐑑𐑦𐑝	1
fragment-spec	Nabonidus	NP0	UNC	-bə-	-𐑚𐑩-	ˌnæboʊˈnʌɪdəs	𐑯𐑨𐑚𐑴𐑯𐑳𐑦𐑛𐑩𐑕	89
fragment-spec	Naiadian	AJ0	UNC	naɪ-	𐑯𐑲-	neɪˈædiən	𐑯𐑱𐑨𐑛𐑦𐑩𐑯	89
fragment-spec	nationality	NN1	UNC	-ˈnæləti	-𐑯𐑨𐑤𐑩𐑑𐑦	ˌnæʃəˈnælɪti	𐑯𐑨𐑖𐑩𐑯𐑨𐑤𐑦𐑑𐑦	89
fragment-spec	nationality	NN1	UNC	-ˈnælti	-𐑯𐑨𐑤𐑑𐑦	ˌnæʃəˈnælɪti	𐑯𐑨𐑖𐑩𐑯𐑨𐑤𐑦𐑑𐑦	89
fragment-spec	negative	AJ0	UNC	-ɾɪv	-ɾ𐑦𐑝	ˈneɡətɪv	𐑯𐑧𐑜𐑩𐑑𐑦𐑝	1
fragment-spec	negative	NN1	UNC	-ɾɪv	-ɾ𐑦𐑝	ˈneɡətɪv	𐑯𐑧𐑜𐑩𐑑𐑦𐑝	1
fragment-spec	negative	VVI	UNC	-ɾɪv	-ɾ𐑦𐑝	ˈneɡətɪv	𐑯𐑧𐑜𐑩𐑑𐑦𐑝	1
fragment-spec	negative	ITJ	UNC	-ɾɪv	-ɾ𐑦𐑝	ˈneɡətɪv	𐑯𐑧𐑜𐑩𐑑𐑦𐑝	1
fragment-spec	New Jersey	NP0	UNC	-dʒerzɪ	-𐑡𐑧𐑮𐑟𐑦	njʉː dʒɜːRzi	𐑯𐑘ʉː 𐑡𐑻𐑟𐑦	89
fragment-spec	New Jersey	NP0	UNC	-dʒerzi	-𐑡𐑧𐑮𐑟𐑦	njʉː dʒɜːRzi	𐑯𐑘ʉː 𐑡𐑻𐑟𐑦	89
fragment-spec	New Zealand	NP0	UNC	- ˈziː-	- 𐑟𐑰-	njʉː ˈzɪələnd	𐑯𐑘ʉː 𐑟𐑾𐑤𐑩𐑯𐑛	89
fragment-spec	New Zealand	NP0	UNC	-ˈzeə-	-𐑟𐑺-	njʉː ˈzɪələnd	𐑯𐑘ʉː 𐑟𐑾𐑤𐑩𐑯𐑛	89
fragment-spec	New Zealand	NN1	UNC	- ˈziː-	- 𐑟𐑰-	njʉː ˈzɪələnd	𐑯𐑘ʉː 𐑟𐑾𐑤𐑩𐑯𐑛	89
fragment-spec	New Zealand	NN1	UNC	-ˈzeə-	-𐑟𐑺-	njʉː ˈzɪələnd	𐑯𐑘ʉː 𐑟𐑾𐑤𐑩𐑯𐑛	89
fragment-spec	Nganhwei	NP0	UNC	nɑn-	𐑯ɑ𐑯-	əŋɑnˈhweɪ	𐑩𐑙ɑ𐑯𐑣𐑢𐑱	1
fragment-spec	Nicomachean	AJ0	UNC	ˌnɪ-	𐑯𐑦-	ˌnaɪkɒməˈkiən	𐑯𐑲𐑒𐑪𐑥𐑩𐑒𐑦𐑩𐑯	89
fragment-spec	nihil	NN1	UNC	-əl	-𐑩𐑤	ˈnɪhɪl	𐑯𐑦𐑣𐑦𐑤	89
fragment-spec	Nikkei index	NN1	UNC	ˈnɪkeɪ-	𐑯𐑦𐑒𐑱-	ˈniːkeɪ ˈɪndeks	𐑯𐑰𐑒𐑱 𐑦𐑯𐑛𐑧𐑒𐑕	89
fragment-spec	Nobel	NP0	UNC	-bəl	-𐑚𐑩𐑤	nəʊˈbel	𐑯𐑴𐑚𐑧𐑤	89
fragment-spec	Nobel	NN1	UNC	-bəl	-𐑚𐑩𐑤	nəʊˈbel	𐑯𐑴𐑚𐑧𐑤	89
fragment-spec	noli me tangere	NN1	UNC	-meɪ tɑndʒəreɪ	-𐑥𐑱 𐑑ɑ𐑯𐑡𐑼𐑱	noʊli mi tɑndʒəri	𐑯𐑴𐑤𐑦 𐑥𐑦 𐑑ɑ𐑯𐑡𐑼𐑦	1
fragment-spec	nomenclature	NN1	UNC	nɔməRn-	𐑯𐑷𐑥𐑼𐑯-	nomənkletʃər	𐑯𐑪𐑥𐑩𐑯𐑒𐑤𐑧𐑗𐑼	89
fragment-spec	notif	NN1	UNC	ˈnʌʉ-	𐑯𐑳ʉ-	ˈnotɪf	𐑯𐑪𐑑𐑦𐑓	1
fragment-spec	nuance	NN1	UNC	-ɔns	-𐑷𐑯𐑕	ˈnjʉːʌːns	𐑯𐑘ʉː𐑳ː𐑯𐑕	89
fragment-spec	nuance	NN1	UNC	-ans	-𐑨𐑯𐑕	ˈnjʉːʌːns	𐑯𐑘ʉː𐑳ː𐑯𐑕	89
fragment-spec	nuance	VVI	UNC	-ɔns	-𐑷𐑯𐑕	ˈnjʉːʌːns	𐑯𐑘ʉː𐑳ː𐑯𐑕	89
fragment-spec	nuance	VVI	UNC	-ans	-𐑨𐑯𐑕	ˈnjʉːʌːns	𐑯𐑘ʉː𐑳ː𐑯𐑕	89
fragment-spec	nul points	NN1	UNC	nʌl-	𐑯𐑳𐑤-	nʊl ˈpwɑːn	𐑯𐑫𐑤 𐑐𐑢𐑭𐑯	89
fragment-spec	nullifidian	NN1	UNC	nul-	𐑯𐑫𐑤-	ˌnʌləˈfɪdiən	𐑯𐑳𐑤𐑩𐑓𐑦𐑛𐑦𐑩𐑯	89
fragment-spec	nullifidian	AJ0	UNC	nul-	𐑯𐑫𐑤-	ˌnʌləˈfɪdiən	𐑯𐑳𐑤𐑩𐑓𐑦𐑛𐑦𐑩𐑯	89
fragment-spec	nuncio	NN1	UNC	-siˌoʊ	-𐑕𐑦𐑴	ˈnʌnʃiˌoʊ	𐑯𐑳𐑯𐑖𐑦𐑴	89
fragment-spec	nut out	VVI	UNC	-ˌæʊt	-𐑨𐑫𐑑	ˈnʌt aʊt	𐑯𐑳𐑑 𐑬𐑑	89
fragment-spec	Nyasaland	NP0	UNC	-ˌlænd	-𐑤𐑨𐑯𐑛	naɪˈæsələnd	𐑯𐑲𐑨𐑕𐑩𐑤𐑩𐑯𐑛	89
fragment-spec	Nyingchi	NP0	UNC	-tʃə	-𐑗𐑩	ˈnjɪŋtʃi	𐑯𐑘𐑦𐑙𐑗𐑦	89
fragment-spec	Nyonya chang	NN1	UNC	ˈnjo˨˩njɑ˨ -	𐑯𐑘𐑪˨˩𐑯𐑘ɑ˨ -	ˈnjo˧njɑ˦ ˌts˭ɑŋ˨˩	𐑯𐑘𐑪˧𐑯𐑘ɑ˦ 𐑑𐑕˭ɑ𐑙˨˩	1
fragment-spec	obesity	NN1	UNC	-ɾi	-ɾ𐑦	oʊˈbezɪti	𐑴𐑚𐑧𐑟𐑦𐑑𐑦	1
fragment-spec	obliterated	AJ0	UNC	-ɾə-	-ɾ𐑩-	əblɪtəræɪtƏd	𐑩𐑚𐑤𐑦𐑑𐑼𐑨𐑦𐑑𐑩𐑛	1
fragment-spec	obliterated	AJ0	UNC	-ɾɪd	-ɾ𐑦𐑛	əblɪtəræɪtƏd	𐑩𐑚𐑤𐑦𐑑𐑼𐑨𐑦𐑑𐑩𐑛	1
fragment-spec	obliterated	VVI	UNC	-ɾə-	-ɾ𐑩-	əblɪtəræɪtƏd	𐑩𐑚𐑤𐑦𐑑𐑼𐑨𐑦𐑑𐑩𐑛	1
fragment-spec	obliterated	VVI	UNC	-ɾɪd	-ɾ𐑦𐑛	əblɪtəræɪtƏd	𐑩𐑚𐑤𐑦𐑑𐑼𐑨𐑦𐑑𐑩𐑛	1
fragment-spec	Oceania	NP0	UNC	-njə	-𐑯𐑘𐑩	ˌoʊʃiˈænə	𐑴𐑖𐑦𐑨𐑯𐑩	89
fragment-spec	ombudsman	NN1	UNC	ˈʔom-	ʔ𐑪𐑥-	ʔomˈbʊdsmʌn	ʔ𐑪𐑥𐑚𐑫𐑛𐑕𐑥𐑳𐑯	1
fragment-spec	onomatopoeic	AJ0	UNC	-ˈpæeək	-𐑐𐑨𐑺𐑒	ˌɒnəmætəˈpiːɪk	𐑪𐑯𐑩𐑥𐑨𐑑𐑩𐑐𐑰𐑦𐑒	89
fragment-spec	opportunities	NN1	UNC	-tʃuː-	-𐑗𐑵-	ɔpəRtjuːnɪtiz	𐑷𐑐𐑼𐑑𐑿𐑯𐑦𐑑𐑦𐑟	1
fragment-spec	opportunities	NN1	UNC	-ɾiz	-ɾ𐑦𐑟	ɔpəRtjuːnɪtiz	𐑷𐑐𐑼𐑑𐑿𐑯𐑦𐑑𐑦𐑟	1
fragment-spec	opportunity	NN1	UNC	-tʃuː-	-𐑗𐑵-	ɔpəRtjuːnɪti	𐑷𐑐𐑼𐑑𐑿𐑯𐑦𐑑𐑦	1
fragment-spec	opportunity	NN1	UNC	-ɾi	-ɾ𐑦	ɔpəRtjuːnɪti	𐑷𐑐𐑼𐑑𐑿𐑯𐑦𐑑𐑦	1
fragment-spec	Orang Laut	NN1	UNC	ɔːr-	𐑹-	oʊrəRŋ lɑːuːt	𐑴𐑮𐑼𐑙 𐑤𐑭𐑵𐑑	89
fragment-spec	oreddy	AV0	UNC	ɔ-	𐑷-	o˨re˧di˦	𐑪˨𐑮𐑧˧𐑛𐑦˦	1
fragment-spec	oxyamphetamine	NN1	UNC	-miːn	-𐑥𐑰𐑯	ˌɒksiæmˈfetəmɪn	𐑪𐑒𐑕𐑦𐑨𐑥𐑓𐑧𐑑𐑩𐑥𐑦𐑯	89
fragment-spec	pachypod	NN1	UNC	-i-	-𐑦-	ˈpækɪˌpɑd	𐑐𐑨𐑒𐑦𐑐ɑ𐑛	89
fragment-spec	paddock	NN1	UNC	-dɪk	-𐑛𐑦𐑒	ˈpædək	𐑐𐑨𐑛𐑩𐑒	89
fragment-spec	paddock	VVI	UNC	-dɪk	-𐑛𐑦𐑒	ˈpædək	𐑐𐑨𐑛𐑩𐑒	89
fragment-spec	pajamas	NN1	UNC	pɑːj-	𐑐𐑭𐑘-	pəˈdʒæməz	𐑐𐑩𐑡𐑨𐑥𐑩𐑟	89
fragment-spec	pajamas	NN1	UNC	pɜː-	𐑐𐑻-	pəˈdʒæməz	𐑐𐑩𐑡𐑨𐑥𐑩𐑟	89
fragment-spec	paktor	VVI	UNC	pʰɑk̚-	𐑐ʰɑ𐑒̚-	pʰɑʔtʰɔːR	𐑐ʰɑʔ𐑑ʰ𐑹	1
fragment-spec	pancreata	NN1	UNC	pæn-	𐑐𐑨𐑯-	pæŋkriɑːtə	𐑐𐑨𐑙𐑒𐑮𐑦𐑭𐑑𐑩	1
fragment-spec	pang jio	VVI	UNC	- ˌlj-	- 𐑤𐑘-	ˈp˭aŋ˦˨ ˌdjoː˨	𐑐˭𐑨𐑙˦˨ 𐑛𐑘𐑪ː˨	89
fragment-spec	pang jio	VVI	UNC	- ˌɺj-	- ɺ𐑘-	ˈp˭aŋ˦˨ ˌdjoː˨	𐑐˭𐑨𐑙˦˨ 𐑛𐑘𐑪ː˨	1
fragment-spec	pang jio	VVI	UNC	- ˌdʑj-	- 𐑛ʑ𐑘-	ˈp˭aŋ˦˨ ˌdjoː˨	𐑐˭𐑨𐑙˦˨ 𐑛𐑘𐑪ː˨	1
fragment-spec	pantanal	NN1	UNC	ˈpæn-	𐑐𐑨𐑯-	ˈpɑntəˌnɑl	𐑐ɑ𐑯𐑑𐑩𐑯ɑ𐑤	89
fragment-spec	pantanal	NN1	UNC	-næl	-𐑯𐑨𐑤	ˈpɑntəˌnɑl	𐑐ɑ𐑯𐑑𐑩𐑯ɑ𐑤	89
fragment-spec	Pantanal	NP0	UNC	ˈpæn-	𐑐𐑨𐑯-	ˈpɑntəˌnɑl	𐑐ɑ𐑯𐑑𐑩𐑯ɑ𐑤	89
fragment-spec	Pantanal	NP0	UNC	-næl	-𐑯𐑨𐑤	ˈpɑntəˌnɑl	𐑐ɑ𐑯𐑑𐑩𐑯ɑ𐑤	89
fragment-spec	Panyu	NP0	UNC	ˌpɑn-	𐑐ɑ𐑯-	ˌpænˈju	𐑐𐑨𐑯𐑘𐑫	1
fragment-spec	parabola	NN1	UNC	-bolɑ	-𐑚𐑪𐑤ɑ	pəræbələ	𐑐𐑼𐑨𐑚𐑩𐑤𐑩	1
fragment-spec	parental	AJ0	UNC	pe-	𐑐𐑧-	pərentəl	𐑐𐑼𐑧𐑯𐑑𐑩𐑤	1
fragment-spec	parental	NN1	UNC	pe-	𐑐𐑧-	pərentəl	𐑐𐑼𐑧𐑯𐑑𐑩𐑤	1
fragment-spec	partheneia	NN1	UNC	-naɪə	-𐑯𐑲𐑩	pɑːrθəniːə	𐑐𐑸𐑔𐑩𐑯𐑰𐑩	1
fragment-spec	partheneia	NN1	UNC	-neɪə	-𐑯𐑱𐑩	pɑːrθəniːə	𐑐𐑸𐑔𐑩𐑯𐑰𐑩	1
fragment-spec	partisan	NN1	UNC	-zən	-𐑟𐑩𐑯	pʌːtɪzæn	𐑐𐑳ː𐑑𐑦𐑟𐑨𐑯	1
fragment-spec	partisan	NN1	UNC	-ɾɪ	-ɾ𐑦	pʌːtɪzæn	𐑐𐑳ː𐑑𐑦𐑟𐑨𐑯	1
fragment-spec	partisan	NN1	UNC	-ɾə	-ɾ𐑩	pʌːtɪzæn	𐑐𐑳ː𐑑𐑦𐑟𐑨𐑯	1
fragment-spec	partisan	AJ0	UNC	-zən	-𐑟𐑩𐑯	pʌːtɪzæn	𐑐𐑳ː𐑑𐑦𐑟𐑨𐑯	1
fragment-spec	partisan	AJ0	UNC	-ɾɪ	-ɾ𐑦	pʌːtɪzæn	𐑐𐑳ː𐑑𐑦𐑟𐑨𐑯	1
fragment-spec	partisan	AJ0	UNC	-ɾə	-ɾ𐑩	pʌːtɪzæn	𐑐𐑳ː𐑑𐑦𐑟𐑨𐑯	1
fragment-spec	Pasir Ris	NP0	UNC	-seɪ -	-𐑕𐑱 -	pɑːsə rɪs	𐑐𐑭𐑕𐑩 𐑮𐑦𐑕	1
fragment-spec	paternity	NN1	UNC	-ɾi	-ɾ𐑦	pətɜːRnɪti	𐑐𐑩𐑑𐑻𐑯𐑦𐑑𐑦	1
fragment-spec	pavonine	AJ0	UNC	-nɪn	-𐑯𐑦𐑯	ˈpævəˌnaɪn	𐑐𐑨𐑝𐑩𐑯𐑲𐑯	89
fragment-spec	pavonine	NN1	UNC	-nɪn	-𐑯𐑦𐑯	ˈpævəˌnaɪn	𐑐𐑨𐑝𐑩𐑯𐑲𐑯	89
fragment-spec	pejoration	NN1	UNC	pe-	𐑐𐑧-	piːdʒəreɪʃən	𐑐𐑰𐑡𐑼𐑱𐑖𐑩𐑯	1
fragment-spec	pek chek	AJ0	UNC	- ˌtʃʰ-	- 𐑗ʰ-	ˈpek̚˦ ˌtsʰek̚˧˨	𐑐𐑧𐑒̚˦ 𐑑𐑕ʰ𐑧𐑒̚˧˨	1
fragment-spec	people	NN1	UNC	-ʌl	-𐑳𐑤	ˈpipol	𐑐𐑦𐑐𐑪𐑤	89
fragment-spec	people	VVI	UNC	-ʌl	-𐑳𐑤	ˈpipol	𐑐𐑦𐑐𐑪𐑤	89
fragment-spec	Peranakan	NN1	UNC	-ɑkɑːn	-ɑ𐑒𐑭𐑯	pərɑːnəkɑːn	𐑐𐑼𐑭𐑯𐑩𐑒𐑭𐑯	1
fragment-spec	permission	NN1	UNC	pɜːR-	𐑐𐑻-	pərmɪʃən	𐑐𐑼𐑥𐑦𐑖𐑩𐑯	89
fragment-spec	permission	VVI	UNC	pɜːR-	𐑐𐑻-	pərmɪʃən	𐑐𐑼𐑥𐑦𐑖𐑩𐑯	89
fragment-spec	person	NN1	UNC	-zəRn	-𐑟𐑼𐑯	pərsən	𐑐𐑼𐑕𐑩𐑯	89
fragment-spec	person	NN1	UNC	pɜːR-	𐑐𐑻-	pərsən	𐑐𐑼𐑕𐑩𐑯	89
fragment-spec	person	VVI	UNC	-zəRn	-𐑟𐑼𐑯	pərsən	𐑐𐑼𐑕𐑩𐑯	89
fragment-spec	person	VVI	UNC	pɜːR-	𐑐𐑻-	pərsən	𐑐𐑼𐑕𐑩𐑯	89
fragment-spec	personal	AJ0	UNC	pɜːR-	𐑐𐑻-	pərsᵊnəl	𐑐𐑼𐑕ᵊ𐑯𐑩𐑤	89
fragment-spec	personal	NN1	UNC	pɜːR-	𐑐𐑻-	pərsᵊnəl	𐑐𐑼𐑕ᵊ𐑯𐑩𐑤	89
fragment-spec	personnel	NN1	UNC	-el	-𐑧𐑤	pɵːsɘnel	𐑐ɵː𐑕ɘ𐑯𐑧𐑤	1
fragment-spec	phakomatosis	NN1	UNC	ˌfæk-	𐑓𐑨𐑒-	ˌfeɪkəʊməˈtəʊsɪs	𐑓𐑱𐑒𐑴𐑥𐑩𐑑𐑴𐑕𐑦𐑕	89
fragment-spec	phenetic	AJ0	UNC	feˈ-	𐑓𐑧-	fəˈnetɪk	𐑓𐑩𐑯𐑧𐑑𐑦𐑒	89
fragment-spec	phenetics	NN1	UNC	feˈ-	𐑓𐑧-	fəˈnetɪks	𐑓𐑩𐑯𐑧𐑑𐑦𐑒𐑕	89
fragment-spec	phenomenon	NN1	UNC	-nən	-𐑯𐑩𐑯	fəˈnɔmənɔn	𐑓𐑩𐑯𐑷𐑥𐑩𐑯𐑷𐑯	89
fragment-spec	philoxenia	NN1	UNC	ˌfiloʊ-	𐑓𐑦𐑤𐑴-	ˌfɪloʊˈziːniə	𐑓𐑦𐑤𐑴𐑟𐑰𐑯𐑦𐑩	89
fragment-spec	philoxenia	NN1	UNC	ˌfaɪloʊ-	𐑓𐑲𐑤𐑴-	ˌfɪloʊˈziːniə	𐑓𐑦𐑤𐑴𐑟𐑰𐑯𐑦𐑩	89
fragment-spec	philoxenia	NN1	UNC	-ˈzeniə	-𐑟𐑧𐑯𐑦𐑩	ˌfɪloʊˈziːniə	𐑓𐑦𐑤𐑴𐑟𐑰𐑯𐑦𐑩	89
fragment-spec	phosphatidyl	NN1	UNC	-aɪl	-𐑲𐑤	fɒsˈfætɪdɪl	𐑓𐑪𐑕𐑓𐑨𐑑𐑦𐑛𐑦𐑤	89
fragment-spec	photo	NN1	UNC	ˈf-	𐑓-	ˈpʰoːʈoː	𐑐ʰ𐑪ːʈ𐑪ː	89
fragment-spec	photo	VVI	UNC	ˈf-	𐑓-	ˈpʰoːʈoː	𐑐ʰ𐑪ːʈ𐑪ː	89
fragment-spec	pi sai	NN1	UNC	ˌpiː˨ -	𐑐𐑰˨ -	ˌpiː˨˩ ˈsaɪ˦˨	𐑐𐑰˨˩ 𐑕𐑲˦˨	1
fragment-spec	pi sai	NN1	UNC	ˌp˭-	𐑐˭-	ˌpiː˨˩ ˈsaɪ˦˨	𐑐𐑰˨˩ 𐑕𐑲˦˨	1
fragment-spec	pi sai	NN1	UNC	ˌpʰ-	𐑐ʰ-	ˌpiː˨˩ ˈsaɪ˦˨	𐑐𐑰˨˩ 𐑕𐑲˦˨	1
fragment-spec	pillowbeer	NN1	UNC	-bɜːr	-𐑚𐑻			89
fragment-spec	Ping'an	NP0	UNC	-æn	-𐑨𐑯	ˈpɪŋˌɑn	𐑐𐑦𐑙ɑ𐑯	89
fragment-spec	Pingcheng	NP0	UNC	-tʃʌŋ	-𐑗𐑳𐑙	pɪŋtʃeŋ	𐑐𐑦𐑙𐑗𐑧𐑙	89
fragment-spec	Pingshun	NP0	UNC	-ʃun	-𐑖𐑫𐑯	pɪŋʃʌn	𐑐𐑦𐑙𐑖𐑳𐑯	89
fragment-spec	piperonyl	NN1	UNC	paɪ-	𐑐𐑲-	pɪperəRnɪl	𐑐𐑦𐑐𐑧𐑮𐑼𐑯𐑦𐑤	1
fragment-spec	Pittsylvania	NP0	UNC	-njə	-𐑯𐑘𐑩	ˌpɪtsɪlˈveɪniə	𐑐𐑦𐑑𐑕𐑦𐑤𐑝𐑱𐑯𐑦𐑩	89
fragment-spec	Pleistocene	AJ0	UNC	-toʊ-	-𐑑𐑴-	ˈplaɪstəˌsiːn	𐑐𐑤𐑲𐑕𐑑𐑩𐑕𐑰𐑯	89
fragment-spec	Pleistocene	NP0	UNC	-toʊ-	-𐑑𐑴-	ˈplaɪstəˌsiːn	𐑐𐑤𐑲𐑕𐑑𐑩𐑕𐑰𐑯	89
fragment-spec	plushophilia	NN1	UNC	-ˈfiːliə	-𐑓𐑰𐑤𐑦𐑩	ˌplʌʃəˈfɪliə	𐑐𐑤𐑳𐑖𐑩𐑓𐑦𐑤𐑦𐑩	89
fragment-spec	podcast	NN1	UNC	-ˌkæːst	-𐑒𐑨ː𐑕𐑑	ˈpʰäd̥̚ˌkʰeəs	𐑐ʰä𐑛̥̚𐑒ʰ𐑺𐑕	1
fragment-spec	podcast	VVI	UNC	-ˌkæːst	-𐑒𐑨ː𐑕𐑑	ˈpʰäd̥̚ˌkʰeəs	𐑐ʰä𐑛̥̚𐑒ʰ𐑺𐑕	1
fragment-spec	pogrom	NN1	UNC	poʊ-	𐑐𐑴-	pəɡrʌm	𐑐𐑩𐑜𐑮𐑳𐑥	1
fragment-spec	pogrom	VVI	UNC	poʊ-	𐑐𐑴-	pəɡrʌm	𐑐𐑩𐑜𐑮𐑳𐑥	1
fragment-spec	Pokémon	NP0	UNC	-kə-	-𐑒𐑩-	poˈkemon	𐑐𐑪𐑒𐑧𐑥𐑪𐑯	89
fragment-spec	Pokémon	NN1	UNC	-kə-	-𐑒𐑩-	poˈkemon	𐑐𐑪𐑒𐑧𐑥𐑪𐑯	89
fragment-spec	portfolio	NN1	UNC	-ʌʉljʌʉ	-𐑳ʉ𐑤𐑘𐑳ʉ	poːtfəʉliəʉ	𐑐𐑪ː𐑑𐑓𐑩ʉ𐑤𐑦𐑩ʉ	1
fragment-spec	poteen	NN1	UNC	-tjiːn	-𐑑𐑘𐑰𐑯	pəˈtiːn	𐑐𐑩𐑑𐑰𐑯	89
fragment-spec	poteen	NN1	UNC	-tʃiːn	-𐑗𐑰𐑯	pəˈtiːn	𐑐𐑩𐑑𐑰𐑯	89
fragment-spec	potent	AJ0	UNC	-ənʔ	-𐑩𐑯ʔ	ˈpəʉtənt	𐑐𐑩ʉ𐑑𐑩𐑯𐑑	1
fragment-spec	potent	NN1	UNC	-ənʔ	-𐑩𐑯ʔ	ˈpəʉtənt	𐑐𐑩ʉ𐑑𐑩𐑯𐑑	1
fragment-spec	precedent	NN1	UNC	pres-	𐑐𐑮𐑧𐑕-	presɪdənt	𐑐𐑮𐑧𐑕𐑦𐑛𐑩𐑯𐑑	89
fragment-spec	precedent	NN1	UNC	priː-	𐑐𐑮𐑰-	presɪdənt	𐑐𐑮𐑧𐑕𐑦𐑛𐑩𐑯𐑑	89
fragment-spec	precedent	AJ0	UNC	pres-	𐑐𐑮𐑧𐑕-	presɪdənt	𐑐𐑮𐑧𐑕𐑦𐑛𐑩𐑯𐑑	89
fragment-spec	precedent	AJ0	UNC	priː-	𐑐𐑮𐑰-	presɪdənt	𐑐𐑮𐑧𐑕𐑦𐑛𐑩𐑯𐑑	89
fragment-spec	precedent	VVI	UNC	pres-	𐑐𐑮𐑧𐑕-	presɪdənt	𐑐𐑮𐑧𐑕𐑦𐑛𐑩𐑯𐑑	89
fragment-spec	precedent	VVI	UNC	priː-	𐑐𐑮𐑰-	presɪdənt	𐑐𐑮𐑧𐑕𐑦𐑛𐑩𐑯𐑑	89
fragment-spec	premonition	NN1	UNC	pre-	𐑐𐑮𐑧-	priːmənɪʃən	𐑐𐑮𐑰𐑥𐑩𐑯𐑦𐑖𐑩𐑯	89
fragment-spec	priceless	AJ0	UNC	-ləs	-𐑤𐑩𐑕	praɪsləs	𐑐𐑮𐑲𐑕𐑤𐑩𐑕	1
fragment-spec	prima facie	AV0	UNC	praɪ-	𐑐𐑮𐑲-	priːmə feɪsiː	𐑐𐑮𐑰𐑥𐑩 𐑓𐑱𐑕𐑰	89
fragment-spec	prima facie	AV0	UNC	-ʃiː	-𐑖𐑰	priːmə feɪsiː	𐑐𐑮𐑰𐑥𐑩 𐑓𐑱𐑕𐑰	1
fragment-spec	prima facie	AV0	UNC	-ʃə	-𐑖𐑩	priːmə feɪsiː	𐑐𐑮𐑰𐑥𐑩 𐑓𐑱𐑕𐑰	1
fragment-spec	prima facie	AV0	UNC	prɑɪ-	𐑐𐑮ɑ𐑦-	priːmə feɪsiː	𐑐𐑮𐑰𐑥𐑩 𐑓𐑱𐑕𐑰	1
fragment-spec	prima facie	AJ0	UNC	praɪ-	𐑐𐑮𐑲-	priːmə feɪsiː	𐑐𐑮𐑰𐑥𐑩 𐑓𐑱𐑕𐑰	89
fragment-spec	prima facie	AJ0	UNC	-ʃiː	-𐑖𐑰	priːmə feɪsiː	𐑐𐑮𐑰𐑥𐑩 𐑓𐑱𐑕𐑰	1
fragment-spec	prima facie	AJ0	UNC	-ʃə	-𐑖𐑩	priːmə feɪsiː	𐑐𐑮𐑰𐑥𐑩 𐑓𐑱𐑕𐑰	1
fragment-spec	prima facie	AJ0	UNC	prɑɪ-	𐑐𐑮ɑ𐑦-	priːmə feɪsiː	𐑐𐑮𐑰𐑥𐑩 𐑓𐑱𐑕𐑰	1
fragment-spec	primary school	NN1	UNC	praɪmeri-	𐑐𐑮𐑲𐑥𐑧𐑮𐑦-	praɪməri skuːl	𐑐𐑮𐑲𐑥𐑼𐑦 𐑕𐑒𐑵𐑤	89
fragment-spec	primeval	AJ0	UNC	prʌi-	𐑐𐑮𐑳𐑦-	prɑemiːvəl	𐑐𐑮ɑ𐑧𐑥𐑰𐑝𐑩𐑤	89
fragment-spec	primeval	AJ0	UNC	prəi-	𐑐𐑮𐑩𐑦-	prɑemiːvəl	𐑐𐑮ɑ𐑧𐑥𐑰𐑝𐑩𐑤	89
fragment-spec	primeval	AJ0	UNC	-vʌl	-𐑝𐑳𐑤	prɑemiːvəl	𐑐𐑮ɑ𐑧𐑥𐑰𐑝𐑩𐑤	1
fragment-spec	primeval	AJ0	UNC	pɾaj-	𐑐ɾ𐑨𐑘-	prɑemiːvəl	𐑐𐑮ɑ𐑧𐑥𐑰𐑝𐑩𐑤	1
fragment-spec	process	NN1	UNC	pro-	𐑐𐑮𐑪-	prɔsəs	𐑐𐑮𐑷𐑕𐑩𐑕	89
fragment-spec	process	VVI	UNC	pro-	𐑐𐑮𐑪-	prɔsəs	𐑐𐑮𐑷𐑕𐑩𐑕	89
fragment-spec	protoplast	AJ0	UNC	prʌʉ-	𐑐𐑮𐑳ʉ-	protəplast	𐑐𐑮𐑪𐑑𐑩𐑐𐑤𐑨𐑕𐑑	1
fragment-spec	protoplast	NN1	UNC	prʌʉ-	𐑐𐑮𐑳ʉ-	protəplast	𐑐𐑮𐑪𐑑𐑩𐑐𐑤𐑨𐑕𐑑	1
fragment-spec	provocate	VVI	UNC	-vo-	-𐑝𐑪-	prŏvɒkeʈ	𐑐𐑮ŏ𐑝𐑪𐑒𐑧ʈ	1
fragment-spec	Punggol	NP0	UNC	ˈpʊŋ-	𐑐𐑫𐑙-	ˈpɒŋɡəʊl	𐑐𐑪𐑙𐑜𐑴𐑤	89
fragment-spec	pure laine	AJ0	UNC	-len	-𐑤𐑧𐑯	pjər leɪn	𐑐𐑘𐑼 𐑤𐑱𐑯	1
fragment-spec	pure laine	NN1	UNC	-len	-𐑤𐑧𐑯	pjər leɪn	𐑐𐑘𐑼 𐑤𐑱𐑯	1
fragment-spec	Purim	NP0	UNC	pjəər-	𐑐𐑘𐑩𐑼-	pʊərɪm	𐑐𐑫𐑼𐑦𐑥	89
fragment-spec	Purim	NP0	UNC	-im	-𐑦𐑥	pʊərɪm	𐑐𐑫𐑼𐑦𐑥	1
fragment-spec	pursuit	NN1	UNC	pər-	𐑐𐑼-	pɜːrsjuːt	𐑐𐑻𐑕𐑿𐑑	89
fragment-spec	pursuit	NN1	UNC	-sɪut	-𐑕𐑦𐑫𐑑	pɜːrsjuːt	𐑐𐑻𐑕𐑿𐑑	1
fragment-spec	Putinstan	NP0	UNC	-stæn	-𐑕𐑑𐑨𐑯	ˈpuːtɪnstɑːn	𐑐𐑵𐑑𐑦𐑯𐑕𐑑𐑭𐑯	89
fragment-spec	Putinstan	NP0	UNC	-ˈstæn	-𐑕𐑑𐑨𐑯	ˈpuːtɪnstɑːn	𐑐𐑵𐑑𐑦𐑯𐑕𐑑𐑭𐑯	89
fragment-spec	pyjamas	NN1	UNC	pɑːj-	𐑐𐑭𐑘-	pəjdʒɑmɑs	𐑐𐑩𐑘𐑡ɑ𐑥ɑ𐑕	89
fragment-spec	pyjamas	NN1	UNC	pɜː-	𐑐𐑻-	pəjdʒɑmɑs	𐑐𐑩𐑘𐑡ɑ𐑥ɑ𐑕	89
fragment-spec	qapik	NN1	UNC	ɡɑ-	𐑜ɑ-	kɑˈpik	𐑒ɑ𐑐𐑦𐑒	1
fragment-spec	qapik	NN1	UNC	-pɪk	-𐑐𐑦𐑒	kɑˈpik	𐑒ɑ𐑐𐑦𐑒	89
fragment-spec	Qibin	NP0	UNC	-bin	-𐑚𐑦𐑯	ˈtʃibɪn	𐑗𐑦𐑚𐑦𐑯	89
fragment-spec	Qin'an	NP0	UNC	-æn	-𐑨𐑯	ˈtʃɪnˈɑn	𐑗𐑦𐑯ɑ𐑯	89
fragment-spec	qingtuan	NN1	UNC	-tuɑn	-𐑑𐑫ɑ𐑯	tʃɪŋtwɑn	𐑗𐑦𐑙𐑑𐑢ɑ𐑯	1
fragment-spec	quaintrelle	NN1	UNC	-tʃrel	-𐑗𐑮𐑧𐑤	kweɪntrel	𐑒𐑢𐑱𐑯𐑑𐑮𐑧𐑤	89
fragment-spec	quale	NN1	UNC	-li	-𐑤𐑦	ˈkwɑːleɪ	𐑒𐑢𐑭𐑤𐑱	89
fragment-spec	quale	NN1	UNC	ˈkweɪ-	𐑒𐑢𐑱-	ˈkwɑːleɪ	𐑒𐑢𐑭𐑤𐑱	89
fragment-spec	qualia	NN1	UNC	ˈkweɪ-	𐑒𐑢𐑱-	ˈkwɑːliə	𐑒𐑢𐑭𐑤𐑦𐑩	89
fragment-spec	quasi-solid	NN1	UNC	-ˈsɔːlƏd	-𐑕𐑷𐑤𐑩𐑛	ˌkweɪzaɪˈsɒlƏd	𐑒𐑢𐑱𐑟𐑲𐑕𐑪𐑤𐑩𐑛	89
fragment-spec	quasi-solid	NN1	UNC	ˌkwɒzi-	𐑒𐑢𐑪𐑟𐑦-	ˌkweɪzaɪˈsɒlƏd	𐑒𐑢𐑱𐑟𐑲𐑕𐑪𐑤𐑩𐑛	89
fragment-spec	quasi-solid	NN1	UNC	ˌkwɑzi-	𐑒𐑢ɑ𐑟𐑦-	ˌkweɪzaɪˈsɒlƏd	𐑒𐑢𐑱𐑟𐑲𐑕𐑪𐑤𐑩𐑛	1
fragment-spec	quasi-solid	NN1	UNC	ˌkweɪzʌɪ-	𐑒𐑢𐑱𐑟𐑳𐑦-	ˌkweɪzaɪˈsɒlƏd	𐑒𐑢𐑱𐑟𐑲𐑕𐑪𐑤𐑩𐑛	89
fragment-spec	quasi-solid	NN1	UNC	-ˈsɑlƏd	-𐑕ɑ𐑤𐑩𐑛	ˌkweɪzaɪˈsɒlƏd	𐑒𐑢𐑱𐑟𐑲𐑕𐑪𐑤𐑩𐑛	1
fragment-spec	quasi-solid	NN1	UNC	ˌkwʌːziː-	𐑒𐑢𐑳ː𐑟𐑰-	ˌkweɪzaɪˈsɒlƏd	𐑒𐑢𐑱𐑟𐑲𐑕𐑪𐑤𐑩𐑛	1
fragment-spec	quasi-solid	NN1	UNC	ˌkwazi-	𐑒𐑢𐑨𐑟𐑦-	ˌkweɪzaɪˈsɒlƏd	𐑒𐑢𐑱𐑟𐑲𐑕𐑪𐑤𐑩𐑛	89
fragment-spec	quasi-solid	NN1	UNC	ˌkwaːziː-	𐑒𐑢𐑨ː𐑟𐑰-	ˌkweɪzaɪˈsɒlƏd	𐑒𐑢𐑱𐑟𐑲𐑕𐑪𐑤𐑩𐑛	1
fragment-spec	Queenslander	NN1	UNC	-læn-	-𐑤𐑨𐑯-	kwiːnzləRndəR	𐑒𐑢𐑰𐑯𐑟𐑤𐑼𐑯𐑛𐑼	1
fragment-spec	question	NN1	UNC	ˈkʋɵ-	𐑒ʋɵ-	ˈkwestʃən	𐑒𐑢𐑧𐑕𐑗𐑩𐑯	1
fragment-spec	question	VVI	UNC	ˈkʋɵ-	𐑒ʋɵ-	ˈkwestʃən	𐑒𐑢𐑧𐑕𐑗𐑩𐑯	1
fragment-spec	rabak	AJ0	UNC	-k	-𐑒	rɑbɑʔ	𐑮ɑ𐑚ɑʔ	1
fragment-spec	rabak	AJ0	UNC	-˦˧	-˦˧	rɑbɑʔ	𐑮ɑ𐑚ɑʔ	1
fragment-spec	really	AV0	UNC	rʷiə-	𐑮ʷ𐑦𐑩-	rɪəliː	𐑮𐑾𐑤𐑰	1
fragment-spec	really	ITJ	UNC	rʷiə-	𐑮ʷ𐑦𐑩-	rɪəliː	𐑮𐑾𐑤𐑰	1
fragment-spec	recrudesce	VVI	UNC	ri-	𐑮𐑦-	rekruːdes	𐑮𐑧𐑒𐑮𐑵𐑛𐑧𐑕	30
fragment-spec	refill	NN1	UNC	-fɪo	-𐑓𐑦𐑪	riːfɪl	𐑮𐑰𐑓𐑦𐑤	1
fragment-spec	refill	NN1	UNC	-fɪʊ	-𐑓𐑦𐑫	riːfɪl	𐑮𐑰𐑓𐑦𐑤	1
fragment-spec	refudiate	VVI	UNC	rə-	𐑮𐑩-	rɪfjuːdieɪt	𐑮𐑦𐑓𐑿𐑛𐑦𐑱𐑑	89
fragment-spec	relativity	NN1	UNC	-ɾi	-ɾ𐑦	relətɪvɪti	𐑮𐑧𐑤𐑩𐑑𐑦𐑝𐑦𐑑𐑦	1
fragment-spec	residua	NN1	UNC	rɪ-	𐑮𐑦-	rezɪdjuə	𐑮𐑧𐑟𐑦𐑛𐑘𐑫𐑩	89
fragment-spec	residua	NN1	UNC	-zɪdʒuə	-𐑟𐑦𐑡𐑫𐑩	rezɪdjuə	𐑮𐑧𐑟𐑦𐑛𐑘𐑫𐑩	1
fragment-spec	residuum	NN1	UNC	rɪ-	𐑮𐑦-	rezɪdjuʌm	𐑮𐑧𐑟𐑦𐑛𐑘𐑫𐑳𐑥	89
fragment-spec	residuum	NN1	UNC	-zɪdʒu-	-𐑟𐑦𐑡𐑫-	rezɪdjuʌm	𐑮𐑧𐑟𐑦𐑛𐑘𐑫𐑳𐑥	1
fragment-spec	retrieve	VVI	UNC	rə-	𐑮𐑩-	rɪtriːv	𐑮𐑦𐑑𐑮𐑰𐑝	30
fragment-spec	retrieve	VVI	UNC	ri-	𐑮𐑦-	rɪtriːv	𐑮𐑦𐑑𐑮𐑰𐑝	30
fragment-spec	retrieve	VVI	UNC	reʈ-	𐑮𐑧ʈ-	rɪtriːv	𐑮𐑦𐑑𐑮𐑰𐑝	1
fragment-spec	retrieve	VVI	UNC	-rajv	-𐑮𐑨𐑘𐑝	rɪtriːv	𐑮𐑦𐑑𐑮𐑰𐑝	30
fragment-spec	retrieve	NN1	UNC	rə-	𐑮𐑩-	rɪtriːv	𐑮𐑦𐑑𐑮𐑰𐑝	30
fragment-spec	retrieve	NN1	UNC	ri-	𐑮𐑦-	rɪtriːv	𐑮𐑦𐑑𐑮𐑰𐑝	30
fragment-spec	retrieve	NN1	UNC	reʈ-	𐑮𐑧ʈ-	rɪtriːv	𐑮𐑦𐑑𐑮𐑰𐑝	1
fragment-spec	retrieve	NN1	UNC	-rajv	-𐑮𐑨𐑘𐑝	rɪtriːv	𐑮𐑦𐑑𐑮𐑰𐑝	30
fragment-spec	rheostat	NN1	UNC	-əʉ-	-𐑩ʉ-	riːəstæt	𐑮𐑰𐑩𐑕𐑑𐑨𐑑	1
fragment-spec	rheostat	NN1	UNC	-ʌʉ-	-𐑳ʉ-	riːəstæt	𐑮𐑰𐑩𐑕𐑑𐑨𐑑	1
fragment-spec	rheostat	NN1	UNC	-o-	-𐑪-	riːəstæt	𐑮𐑰𐑩𐑕𐑑𐑨𐑑	1
fragment-spec	rheostat	NN1	UNC	-oː-	-𐑪ː-	riːəstæt	𐑮𐑰𐑩𐑕𐑑𐑨𐑑	1
fragment-spec	rhubarb	NN1	UNC	rɪu-	𐑮𐑦𐑫-	ruːbarb	𐑮𐑵𐑚𐑨𐑮𐑚	30
fragment-spec	rhubarb	AJ0	UNC	rɪu-	𐑮𐑦𐑫-	ruːbarb	𐑮𐑵𐑚𐑨𐑮𐑚	30
fragment-spec	rhubarb	VVI	UNC	rɪu-	𐑮𐑦𐑫-	ruːbarb	𐑮𐑵𐑚𐑨𐑮𐑚	30
fragment-spec	rifle cartridge	NN1	UNC	- kaː-	- 𐑒𐑨ː-	raɪfəRl kartrɪdʒ	𐑮𐑲𐑓𐑼𐑤 𐑒𐑨𐑮𐑑𐑮𐑦𐑡	1
fragment-spec	rifle cartridge	NN1	UNC	rʌi-	𐑮𐑳𐑦-	raɪfəRl kartrɪdʒ	𐑮𐑲𐑓𐑼𐑤 𐑒𐑨𐑮𐑑𐑮𐑦𐑡	30
fragment-spec	rifle cartridge	NN1	UNC	rəi-	𐑮𐑩𐑦-	raɪfəRl kartrɪdʒ	𐑮𐑲𐑓𐑼𐑤 𐑒𐑨𐑮𐑑𐑮𐑦𐑡	30
fragment-spec	right	AJ0	UNC	-ʔ	-ʔ	riːt	𐑮𐑰𐑑	1
fragment-spec	right	AJ0	UNC	-ɾ̥	-ɾ̥	riːt	𐑮𐑰𐑑	1
fragment-spec	right	AV0	UNC	-ʔ	-ʔ	riːt	𐑮𐑰𐑑	1
fragment-spec	right	AV0	UNC	-ɾ̥	-ɾ̥	riːt	𐑮𐑰𐑑	1
fragment-spec	right	ITJ	UNC	-ʔ	-ʔ	riːt	𐑮𐑰𐑑	1
fragment-spec	right	ITJ	UNC	-ɾ̥	-ɾ̥	riːt	𐑮𐑰𐑑	1
fragment-spec	right	NN1	UNC	-ʔ	-ʔ	riːt	𐑮𐑰𐑑	1
fragment-spec	right	NN1	UNC	-ɾ̥	-ɾ̥	riːt	𐑮𐑰𐑑	1
fragment-spec	right	VVI	UNC	-ʔ	-ʔ	riːt	𐑮𐑰𐑑	1
fragment-spec	right	VVI	UNC	-ɾ̥	-ɾ̥	riːt	𐑮𐑰𐑑	1
fragment-spec	Risa	NP0	UNC	rɪ-	𐑮𐑦-	riːzə	𐑮𐑰𐑟𐑩	89
fragment-spec	roman à clef	NN1	UNC	rə-	𐑮𐑩-	rəʊmɑnəkleɪ	𐑮𐑴𐑥ɑ𐑯𐑩𐑒𐑤𐑱	89
fragment-spec	roman à clef	NN1	UNC	-mɑnɑ-	-𐑥ɑ𐑯ɑ-	rəʊmɑnəkleɪ	𐑮𐑴𐑥ɑ𐑯𐑩𐑒𐑤𐑱	1
fragment-spec	roman à clef	NN1	UNC	-klef	-𐑒𐑤𐑧𐑓	rəʊmɑnəkleɪ	𐑮𐑴𐑥ɑ𐑯𐑩𐑒𐑤𐑱	1
fragment-spec	roofstone	NN1	UNC	rʊf-	𐑮𐑫𐑓-	rʉːfstəʉn	𐑮ʉː𐑓𐑕𐑑𐑩ʉ𐑯	89
fragment-spec	roofstone	NN1	UNC	rʉf-	𐑮ʉ𐑓-	rʉːfstəʉn	𐑮ʉː𐑓𐑕𐑑𐑩ʉ𐑯	1
fragment-spec	roofstone	NN1	UNC	ɾʊf-	ɾ𐑫𐑓-	rʉːfstəʉn	𐑮ʉː𐑓𐑕𐑑𐑩ʉ𐑯	1
fragment-spec	runway	NN1	UNC	rən-	𐑮𐑩𐑯-	rʌnweɪ	𐑮𐑳𐑯𐑢𐑱	89
fragment-spec	sabretache	NN1	UNC	sæ-	𐑕𐑨-	saɪbərtæʃ	𐑕𐑲𐑚𐑼𐑑𐑨𐑖	1
fragment-spec	sabretache	NN1	UNC	-brə-	-𐑚𐑮𐑩-	saɪbərtæʃ	𐑕𐑲𐑚𐑼𐑑𐑨𐑖	89
fragment-spec	sadhu	NN1	UNC	-djuː	-𐑛𐑿	ˈsɑːduː	𐑕𐑭𐑛𐑵	89
fragment-spec	Saint Vincent and the Grenadines	NP0	UNC	- ɡrenədiːnz	- 𐑜𐑮𐑧𐑯𐑩𐑛𐑰𐑯𐑟	seɪnt vɪntsənt ən ðə ɡrenədiːnz	𐑕𐑱𐑯𐑑 𐑝𐑦𐑯𐑑𐑕𐑩𐑯𐑑 𐑩𐑯 𐑞𐑩 𐑜𐑮𐑧𐑯𐑩𐑛𐑰𐑯𐑟	89
fragment-spec	Sakhalin	NP0	UNC	ˌsæx-	𐑕𐑨x-	ˌsækəˈliːn	𐑕𐑨𐑒𐑩𐑤𐑰𐑯	1
fragment-spec	salted egg	NN1	UNC	ˈsɔl-	𐑕𐑷𐑤-	ˈsɒltɪd eɡ	𐑕𐑪𐑤𐑑𐑦𐑛 𐑧𐑜	89
fragment-spec	Sandoval	NP0	UNC	-vəl	-𐑝𐑩𐑤	ˈsændəˌvɑl	𐑕𐑨𐑯𐑛𐑩𐑝ɑ𐑤	89
fragment-spec	Saskatonian	NN1	UNC	-ˈtʌʉ-	-𐑑𐑳ʉ-	ˌsaskəˈtoniən	𐑕𐑨𐑕𐑒𐑩𐑑𐑪𐑯𐑦𐑩𐑯	1
fragment-spec	Saskatonian	AJ0	UNC	-ˈtʌʉ-	-𐑑𐑳ʉ-	ˌsaskəˈtoniən	𐑕𐑨𐑕𐑒𐑩𐑑𐑪𐑯𐑦𐑩𐑯	1
fragment-spec	Sassoon	NP0	UNC	səˈ-	𐑕𐑩-	sæˈsuːn	𐑕𐑨𐑕𐑵𐑯	89
fragment-spec	Saturday	NN1	UNC	sæ-	𐑕𐑨-	sætəRdæɪ	𐑕𐑨𐑑𐑼𐑛𐑨𐑦	1
fragment-spec	Saturday	AV0	UNC	sæ-	𐑕𐑨-	sætəRdæɪ	𐑕𐑨𐑑𐑼𐑛𐑨𐑦	1
fragment-spec	Saturday	VVI	UNC	sæ-	𐑕𐑨-	sætəRdæɪ	𐑕𐑨𐑑𐑼𐑛𐑨𐑦	1
fragment-spec	sayang	NN1	UNC	ˈsa-	𐑕𐑨-	ˈsaɪjaŋ	𐑕𐑲𐑘𐑨𐑙	89
fragment-spec	sayang	VVI	UNC	ˈsa-	𐑕𐑨-	ˈsaɪjaŋ	𐑕𐑲𐑘𐑨𐑙	89
fragment-spec	sayang	AJ0	UNC	ˈsa-	𐑕𐑨-	ˈsaɪjaŋ	𐑕𐑲𐑘𐑨𐑙	89
fragment-spec	sayang	ITJ	UNC	ˈsa-	𐑕𐑨-	ˈsaɪjaŋ	𐑕𐑲𐑘𐑨𐑙	89
fragment-spec	scytale	NN1	UNC	ˈskɪt-	𐑕𐑒𐑦𐑑-	ˈsɪtəliː	𐑕𐑦𐑑𐑩𐑤𐑰	89
fragment-spec	security service	NN1	UNC	səRkjoː-	𐑕𐑼𐑒𐑘𐑪ː-	səRkjʉːəəRtiː søːvəRs	𐑕𐑼𐑒𐑘ʉː𐑩𐑼𐑑𐑰 𐑕øː𐑝𐑼𐑕	1
fragment-spec	security service	NN1	UNC	sɪkjuːɾ-	𐑕𐑦𐑒𐑿ɾ-	səRkjʉːəəRtiː søːvəRs	𐑕𐑼𐑒𐑘ʉː𐑩𐑼𐑑𐑰 𐑕øː𐑝𐑼𐑕	1
fragment-spec	security service	NN1	UNC	-seɾvɪs	-𐑕𐑧ɾ𐑝𐑦𐑕	səRkjʉːəəRtiː søːvəRs	𐑕𐑼𐑒𐑘ʉː𐑩𐑼𐑑𐑰 𐑕øː𐑝𐑼𐑕	1
fragment-spec	security service	NN1	UNC	-səɾvɪs	-𐑕𐑩ɾ𐑝𐑦𐑕	səRkjʉːəəRtiː søːvəRs	𐑕𐑼𐑒𐑘ʉː𐑩𐑼𐑑𐑰 𐑕øː𐑝𐑼𐑕	1
fragment-spec	self-made man	NN1	UNC	ˌself-	𐑕𐑧𐑤𐑓-	ˌselfˈmeɪd mæn	𐑕𐑧𐑤𐑓𐑥𐑱𐑛 𐑥𐑨𐑯	89
fragment-spec	self-made man	NN1	UNC	-man	-𐑥𐑨𐑯	ˌselfˈmeɪd mæn	𐑕𐑧𐑤𐑓𐑥𐑱𐑛 𐑥𐑨𐑯	89
fragment-spec	semi-solid	AJ0	UNC	-ˈsɑlƏd	-𐑕ɑ𐑤𐑩𐑛	ˌsemiˈsɒlƏd	𐑕𐑧𐑥𐑦𐑕𐑪𐑤𐑩𐑛	1
fragment-spec	semi-solid	AJ0	UNC	ˌsemaɪ-	𐑕𐑧𐑥𐑲-	ˌsemiˈsɒlƏd	𐑕𐑧𐑥𐑦𐑕𐑪𐑤𐑩𐑛	89
fragment-spec	semi-solid	AJ0	UNC	ˌsemʌɪ-	𐑕𐑧𐑥𐑳𐑦-	ˌsemiˈsɒlƏd	𐑕𐑧𐑥𐑦𐑕𐑪𐑤𐑩𐑛	89
fragment-spec	semi-solid	AJ0	UNC	ˌsemʌi-	𐑕𐑧𐑥𐑳𐑦-	ˌsemiˈsɒlƏd	𐑕𐑧𐑥𐑦𐑕𐑪𐑤𐑩𐑛	89
fragment-spec	semi-solid	AJ0	UNC	ˌsemɑe-	𐑕𐑧𐑥ɑ𐑧-	ˌsemiˈsɒlƏd	𐑕𐑧𐑥𐑦𐑕𐑪𐑤𐑩𐑛	1
fragment-spec	semi-solid	AJ0	UNC	ˌseməi-	𐑕𐑧𐑥𐑩𐑦-	ˌsemiˈsɒlƏd	𐑕𐑧𐑥𐑦𐑕𐑪𐑤𐑩𐑛	89
fragment-spec	semi-solid	AJ0	UNC	ˌsemaj-	𐑕𐑧𐑥𐑨𐑘-	ˌsemiˈsɒlƏd	𐑕𐑧𐑥𐑦𐑕𐑪𐑤𐑩𐑛	89
fragment-spec	semi-solid	NN1	UNC	-ˈsɑlƏd	-𐑕ɑ𐑤𐑩𐑛	ˌsemiˈsɒlƏd	𐑕𐑧𐑥𐑦𐑕𐑪𐑤𐑩𐑛	1
fragment-spec	semi-solid	NN1	UNC	ˌsemaɪ-	𐑕𐑧𐑥𐑲-	ˌsemiˈsɒlƏd	𐑕𐑧𐑥𐑦𐑕𐑪𐑤𐑩𐑛	89
fragment-spec	semi-solid	NN1	UNC	ˌsemʌɪ-	𐑕𐑧𐑥𐑳𐑦-	ˌsemiˈsɒlƏd	𐑕𐑧𐑥𐑦𐑕𐑪𐑤𐑩𐑛	89
fragment-spec	semi-solid	NN1	UNC	ˌsemʌi-	𐑕𐑧𐑥𐑳𐑦-	ˌsemiˈsɒlƏd	𐑕𐑧𐑥𐑦𐑕𐑪𐑤𐑩𐑛	89
fragment-spec	semi-solid	NN1	UNC	ˌsemɑe-	𐑕𐑧𐑥ɑ𐑧-	ˌsemiˈsɒlƏd	𐑕𐑧𐑥𐑦𐑕𐑪𐑤𐑩𐑛	1
fragment-spec	semi-solid	NN1	UNC	ˌseməi-	𐑕𐑧𐑥𐑩𐑦-	ˌsemiˈsɒlƏd	𐑕𐑧𐑥𐑦𐑕𐑪𐑤𐑩𐑛	89
fragment-spec	semi-solid	NN1	UNC	ˌsemaj-	𐑕𐑧𐑥𐑨𐑘-	ˌsemiˈsɒlƏd	𐑕𐑧𐑥𐑦𐑕𐑪𐑤𐑩𐑛	89
fragment-spec	semipermeable	AJ0	UNC	semaɪ-	𐑕𐑧𐑥𐑲-	semipɜːrmiəbəl	𐑕𐑧𐑥𐑦𐑐𐑻𐑥𐑦𐑩𐑚𐑩𐑤	1
fragment-spec	semula	VVI	UNC	-lɑ	-𐑤ɑ	ˈsəmulə	𐑕𐑩𐑥𐑫𐑤𐑩	1
fragment-spec	senget	AJ0	UNC	-t̚	-𐑑̚	ˈseŋet	𐑕𐑧𐑙𐑧𐑑	1
fragment-spec	sensational	AJ0	UNC	sən-	𐑕𐑩𐑯-	senˈseɪʃənəl	𐑕𐑧𐑯𐑕𐑱𐑖𐑩𐑯𐑩𐑤	89
fragment-spec	sensationally	AV0	UNC	sən-	𐑕𐑩𐑯-	senˈseɪʃənəli	𐑕𐑧𐑯𐑕𐑱𐑖𐑩𐑯𐑩𐑤𐑦	89
fragment-spec	service	NN1	UNC	səː-	𐑕𐑩ː-	sərvɪs	𐑕𐑼𐑝𐑦𐑕	1
fragment-spec	service	VVI	UNC	səː-	𐑕𐑩ː-	sərvɪs	𐑕𐑼𐑝𐑦𐑕	1
fragment-spec	severe	AJ0	UNC	-vɪr	-𐑝𐑦𐑮	sɪviːr	𐑕𐑦𐑝𐑰𐑮	89
fragment-spec	shaffron	NN1	UNC	-ɑn	-ɑ𐑯	ʃæfrən	𐑖𐑨𐑓𐑮𐑩𐑯	1
fragment-spec	shalom aleichem	ITJ	UNC	ˌʃoʊləm-	𐑖𐑴𐑤𐑩𐑥-	ˌʃɔləm əˈleɪkəm	𐑖𐑷𐑤𐑩𐑥 𐑩𐑤𐑱𐑒𐑩𐑥	89
fragment-spec	shalom aleichem	ITJ	UNC	-əˈleɪxəm	-𐑩𐑤𐑱x𐑩𐑥	ˌʃɔləm əˈleɪkəm	𐑖𐑷𐑤𐑩𐑥 𐑩𐑤𐑱𐑒𐑩𐑥	1
fragment-spec	shampoo	NN1	UNC	ˈʃɑ-	𐑖ɑ-	ˈʃampu	𐑖𐑨𐑥𐑐𐑫	1
fragment-spec	shampoo	VVI	UNC	ˈʃɑ-	𐑖ɑ-	ˈʃampu	𐑖𐑨𐑥𐑐𐑫	1
fragment-spec	Shandong	NP0	UNC	ʃɑn-	𐑖ɑ𐑯-	ʃænˈdɔŋ	𐑖𐑨𐑯𐑛𐑷𐑙	1
fragment-spec	Shandong	NP0	UNC	-ˈdɒŋ	-𐑛𐑪𐑙	ʃænˈdɔŋ	𐑖𐑨𐑯𐑛𐑷𐑙	89
fragment-spec	Shanyang	NP0	UNC	ʃɑn-	𐑖ɑ𐑯-	ʃænˈjæŋ	𐑖𐑨𐑯𐑘𐑨𐑙	1
fragment-spec	shee shee	VVI	UNC	- ʃiː˨˦˧	- 𐑖𐑰˨˦˧	ʃiː˨ ʃiː˨˦	𐑖𐑰˨ 𐑖𐑰˨˦	1
fragment-spec	shee shee	NN1	UNC	- ʃiː˨˦˧	- 𐑖𐑰˨˦˧	ʃiː˨ ʃiː˨˦	𐑖𐑰˨ 𐑖𐑰˨˦	1
fragment-spec	Shehecheyanu	NP0	UNC	ʃə-	𐑖𐑩-	ʃeˌhexiˈjɑːnuː	𐑖𐑧𐑣𐑧x𐑦𐑘𐑭𐑯𐑵	89
fragment-spec	Shehecheyanu	NP0	UNC	-xə-	-x𐑩-	ʃeˌhexiˈjɑːnuː	𐑖𐑧𐑣𐑧x𐑦𐑘𐑭𐑯𐑵	1
fragment-spec	Shimabukuro	NP0	UNC	ʃɪ-	𐑖𐑦-	ʃɪməbukuroʊ	𐑖𐑦𐑥𐑩𐑚𐑫𐑒𐑫𐑮𐑴	1
fragment-spec	Shimabukuro	NP0	UNC	-kə-	-𐑒𐑩-	ʃɪməbukuroʊ	𐑖𐑦𐑥𐑩𐑚𐑫𐑒𐑫𐑮𐑴	1
fragment-spec	shiok	AJ0	UNC	-oʔ	-𐑪ʔ	ʃjok̚	𐑖𐑘𐑪𐑒̚	1
fragment-spec	sia	AV0	UNC	-˨˧	-˨˧	sjʌ	𐑕𐑘𐑳	1
fragment-spec	sibeh	AV0	UNC	-peː˨	-𐑐𐑧ː˨	ˈsiː˨˦beː˨	𐑕𐑰˨˦𐑚𐑧ː˨	1
fragment-spec	Siderian	AJ0	UNC	sɪ-	𐑕𐑦-	saɪdɪəriən	𐑕𐑲𐑛𐑽𐑦𐑩𐑯	1
fragment-spec	Siderian	NP0	UNC	sɪ-	𐑕𐑦-	saɪdɪəriən	𐑕𐑲𐑛𐑽𐑦𐑩𐑯	1
fragment-spec	siew mai	NN1	UNC	ˈʃj-	𐑖𐑘-	ˈsjuː˦ ˌmaɪ˨˦	𐑕𐑿˦ 𐑥𐑲˨˦	89
fragment-spec	Sikhism	NP0	UNC	ˈsɪk-	𐑕𐑦𐑒-	ˈsiːkɪzəm	𐑕𐑰𐑒𐑦𐑟𐑩𐑥	89
fragment-spec	silliness	NN1	UNC	-nəs	-𐑯𐑩𐑕	ˈsɪlinəs	𐑕𐑦𐑤𐑦𐑯𐑩𐑕	89
fragment-spec	Silurian	AJ0	UNC	saɪ-	𐑕𐑲-	səRlʊɚiən	𐑕𐑼𐑤𐑫ɚ𐑦𐑩𐑯	1
fragment-spec	Silurian	NN1	UNC	saɪ-	𐑕𐑲-	səRlʊɚiən	𐑕𐑼𐑤𐑫ɚ𐑦𐑩𐑯	1
fragment-spec	Silurian	NP0	UNC	saɪ-	𐑕𐑲-	səRlʊɚiən	𐑕𐑼𐑤𐑫ɚ𐑦𐑩𐑯	1
fragment-spec	Singapore	NP0	UNC	sɪŋʌ-	𐑕𐑦𐑙𐑳-	sɪŋəRpɔːR	𐑕𐑦𐑙𐑼𐑐𐑹	1
fragment-spec	Singapore	NP0	UNC	-por	-𐑐𐑪𐑮	sɪŋəRpɔːR	𐑕𐑦𐑙𐑼𐑐𐑹	89
fragment-spec	Singapore	NN1	UNC	sɪŋʌ-	𐑕𐑦𐑙𐑳-	sɪŋəRpɔːR	𐑕𐑦𐑙𐑼𐑐𐑹	1
fragment-spec	Singapore	NN1	UNC	-por	-𐑐𐑪𐑮	sɪŋəRpɔːR	𐑕𐑦𐑙𐑼𐑐𐑹	89
fragment-spec	siong	AJ0	UNC	ɕj-	ɕ𐑘-	sjɔŋ˦	𐑕𐑘𐑷𐑙˦	1
fragment-spec	Slovenian	AJ0	UNC	-njən	-𐑯𐑘𐑩𐑯	sləˈviːniən	𐑕𐑤𐑩𐑝𐑰𐑯𐑦𐑩𐑯	89
fragment-spec	Slovenian	NN1	UNC	-njən	-𐑯𐑘𐑩𐑯	sləˈviːniən	𐑕𐑤𐑩𐑝𐑰𐑯𐑦𐑩𐑯	89
fragment-spec	smatter	VVI	UNC	-ɾəR	-ɾ𐑼	smætəR	𐑕𐑥𐑨𐑑𐑼	1
fragment-spec	smatter	NN1	UNC	-ɾəR	-ɾ𐑼	smætəR	𐑕𐑥𐑨𐑑𐑼	1
fragment-spec	soft Brexit	NP0	UNC	-breɡzɘt	-𐑚𐑮𐑧𐑜𐑟ɘ𐑑	sɔft breksɘt	𐑕𐑷𐑓𐑑 𐑚𐑮𐑧𐑒𐑕ɘ𐑑	1
fragment-spec	software	NN1	UNC	-wer	-𐑢𐑧𐑮	sɒftwer	𐑕𐑪𐑓𐑑𐑢𐑧𐑮	89
fragment-spec	solifidian	NN1	UNC	sɑl-	𐑕ɑ𐑤-	ˌsoʊləˈfɪdiən	𐑕𐑴𐑤𐑩𐑓𐑦𐑛𐑦𐑩𐑯	1
fragment-spec	solifidian	NN1	UNC	sɒl-	𐑕𐑪𐑤-	ˌsoʊləˈfɪdiən	𐑕𐑴𐑤𐑩𐑓𐑦𐑛𐑦𐑩𐑯	89
fragment-spec	solifidian	AJ0	UNC	sɑl-	𐑕ɑ𐑤-	ˌsoʊləˈfɪdiən	𐑕𐑴𐑤𐑩𐑓𐑦𐑛𐑦𐑩𐑯	1
fragment-spec	solifidian	AJ0	UNC	sɒl-	𐑕𐑪𐑤-	ˌsoʊləˈfɪdiən	𐑕𐑴𐑤𐑩𐑓𐑦𐑛𐑦𐑩𐑯	89
fragment-spec	Sophia	NP0	UNC	-pʰ-	-𐑐ʰ-	ˈsofɪjɑ	𐑕𐑪𐑓𐑦𐑘ɑ	1
fragment-spec	Sophia	NN1	UNC	-pʰ-	-𐑐ʰ-	ˈsofɪjɑ	𐑕𐑪𐑓𐑦𐑘ɑ	1
fragment-spec	soyjak	NN1	UNC	-jɑːk	-𐑘𐑭𐑒	ˈsɔɪdʒæk	𐑕𐑶𐑡𐑨𐑒	89
fragment-spec	soyjak	VVI	UNC	-jɑːk	-𐑘𐑭𐑒	ˈsɔɪdʒæk	𐑕𐑶𐑡𐑨𐑒	89
fragment-spec	spatulous	AJ0	UNC	-tʃʊ-	-𐑗𐑫-	ˈspætjələs	𐑕𐑐𐑨𐑑𐑘𐑩𐑤𐑩𐑕	89
fragment-spec	spikenel	NN1	UNC	ˈspaɪk-	𐑕𐑐𐑲𐑒-	ˈspɪknəl	𐑕𐑐𐑦𐑒𐑯𐑩𐑤	89
fragment-spec	spinescent	AJ0	UNC	spʌɪ-	𐑕𐑐𐑳𐑦-	spaɪˈnesənt	𐑕𐑐𐑲𐑯𐑧𐑕𐑩𐑯𐑑	89
fragment-spec	spinescent	AJ0	UNC	spʌi-	𐑕𐑐𐑳𐑦-	spaɪˈnesənt	𐑕𐑐𐑲𐑯𐑧𐑕𐑩𐑯𐑑	89
fragment-spec	spinescent	AJ0	UNC	-ˈnes-	-𐑯𐑧𐑕-	spaɪˈnesənt	𐑕𐑐𐑲𐑯𐑧𐑕𐑩𐑯𐑑	89
fragment-spec	spinescent	AJ0	UNC	spəi-	𐑕𐑐𐑩𐑦-	spaɪˈnesənt	𐑕𐑐𐑲𐑯𐑧𐑕𐑩𐑯𐑑	89
fragment-spec	spinescent	AJ0	UNC	-ʌnt	-𐑳𐑯𐑑	spaɪˈnesənt	𐑕𐑐𐑲𐑯𐑧𐑕𐑩𐑯𐑑	89
fragment-spec	split infinitive	NN1	UNC	-nə-	-𐑯𐑩-	splɪt ɪnˈfɪnɪtɪv	𐑕𐑐𐑤𐑦𐑑 𐑦𐑯𐑓𐑦𐑯𐑦𐑑𐑦𐑝	89
fragment-spec	statesmen	NN1	UNC	-men	-𐑥𐑧𐑯	ˈsteɪtsmən	𐑕𐑑𐑱𐑑𐑕𐑥𐑩𐑯	89
fragment-spec	stereotypical	AJ0	UNC	stɪəR-	𐑕𐑑𐑽-	steriːəRtɪpɪkəl	𐑕𐑑𐑧𐑮𐑰𐑼𐑑𐑦𐑐𐑦𐑒𐑩𐑤	89
fragment-spec	stereotypical	AJ0	UNC	stiːə-	𐑕𐑑𐑰𐑩-	steriːəRtɪpɪkəl	𐑕𐑑𐑧𐑮𐑰𐑼𐑑𐑦𐑐𐑦𐑒𐑩𐑤	1
fragment-spec	stereotypical	AJ0	UNC	stir-	𐑕𐑑𐑦𐑮-	steriːəRtɪpɪkəl	𐑕𐑑𐑧𐑮𐑰𐑼𐑑𐑦𐑐𐑦𐑒𐑩𐑤	89
fragment-spec	stereotypical	AJ0	UNC	sʈɪjəʳ-	𐑕ʈ𐑦𐑘𐑩ʳ-	steriːəRtɪpɪkəl	𐑕𐑑𐑧𐑮𐑰𐑼𐑑𐑦𐑐𐑦𐑒𐑩𐑤	1
fragment-spec	stereotypical	AJ0	UNC	sʈiːɾ-	𐑕ʈ𐑰ɾ-	steriːəRtɪpɪkəl	𐑕𐑑𐑧𐑮𐑰𐑼𐑑𐑦𐑐𐑦𐑒𐑩𐑤	1
fragment-spec	stereotypy	NN1	UNC	stɪər-	𐑕𐑑𐑽-	steriəRtaɪpi	𐑕𐑑𐑧𐑮𐑦𐑼𐑑𐑲𐑐𐑦	89
fragment-spec	stereotypy	NN1	UNC	-ioʊ-	-𐑦𐑴-	steriəRtaɪpi	𐑕𐑑𐑧𐑮𐑦𐑼𐑑𐑲𐑐𐑦	1
fragment-spec	stomach	NN1	UNC	ʂʈʌ-	ʂʈ𐑳-	ˈstʌmək	𐑕𐑑𐑳𐑥𐑩𐑒	1
fragment-spec	stomach	VVI	UNC	ʂʈʌ-	ʂʈ𐑳-	ˈstʌmək	𐑕𐑑𐑳𐑥𐑩𐑒	1
fragment-spec	stravaig	VVI	UNC	st̪rə-	𐑕𐑑̪𐑮𐑩-	strəveɪɡ	𐑕𐑑𐑮𐑩𐑝𐑱𐑜	1
fragment-spec	stravaig	NN1	UNC	st̪rə-	𐑕𐑑̪𐑮𐑩-	strəveɪɡ	𐑕𐑑𐑮𐑩𐑝𐑱𐑜	1
fragment-spec	stroopwafel	NN1	UNC	struːp-	𐑕𐑑𐑮𐑵𐑐-			89
fragment-spec	subspecies	NN1	UNC	-ʃƏz	-𐑖𐑩𐑟	ˈsʌbspiːʃiːz	𐑕𐑳𐑚𐑕𐑐𐑰𐑖𐑰𐑟	89
fragment-spec	subspecies	NN1	UNC	-siːz	-𐑕𐑰𐑟	ˈsʌbspiːʃiːz	𐑕𐑳𐑚𐑕𐑐𐑰𐑖𐑰𐑟	89
fragment-spec	suka-suka	AV0	UNC	-sukə-	-𐑕𐑫𐑒𐑩-	ˈsuka ˌsuka	𐑕𐑫𐑒𐑨 𐑕𐑫𐑒𐑨	89
fragment-spec	summit	PNP	UNC	ˈsʊ-	𐑕𐑫-	ˈsʌmɪt	𐑕𐑳𐑥𐑦𐑑	89
fragment-spec	summon auntie	NN1	UNC	-i˦˧	-𐑦˦˧	ˈsʌmən ˈɑnti	𐑕𐑳𐑥𐑩𐑯 ɑ𐑯𐑑𐑦	1
fragment-spec	sumpah	VVI	UNC	ˈsum˨˧-	𐑕𐑫𐑥˨˧-	ˈsumpa	𐑕𐑫𐑥𐑐𐑨	1
fragment-spec	sundry	AV0	UNC	sʌn-	𐑕𐑳𐑯-	sʌndri	𐑕𐑳𐑯𐑛𐑮𐑦	1
fragment-spec	superior	AJ0	UNC	səR-	𐑕𐑼-	sʉːpɪəriːəR	𐑕ʉː𐑐𐑽𐑰𐑼	30
fragment-spec	superior	NN1	UNC	səR-	𐑕𐑼-	sʉːpɪəriːəR	𐑕ʉː𐑐𐑽𐑰𐑼	30
fragment-spec	Susan	NP0	UNC	ˈsjuː-	𐑕𐑿-	ˈsuːzən	𐑕𐑵𐑟𐑩𐑯	89
fragment-spec	suspensible	AJ0	UNC	-əbəl	-𐑩𐑚𐑩𐑤	səsˈpensɪbəl	𐑕𐑩𐑕𐑐𐑧𐑯𐑕𐑦𐑚𐑩𐑤	89
fragment-spec	Suzanne	NP0	UNC	-zɑːn	-𐑟𐑭𐑯	suːˈzæn	𐑕𐑵𐑟𐑨𐑯	89
fragment-spec	swadeshi	NN1	UNC	-ˈdeɪ-	-𐑛𐑱-	swəˈdeʃi	𐑕𐑢𐑩𐑛𐑧𐑖𐑦	89
fragment-spec	swee	AJ0	UNC	swi˨˦ -	𐑕𐑢𐑦˨˦ -	swi˦˨	𐑕𐑢𐑦˦˨	1
fragment-spec	syncretic	AJ0	UNC	sɪŋ-	𐑕𐑦𐑙-	sɪnkretɪk	𐑕𐑦𐑯𐑒𐑮𐑧𐑑𐑦𐑒	1
fragment-spec	syncretic	AJ0	UNC	siŋ-	𐑕𐑦𐑙-	sɪnkretɪk	𐑕𐑦𐑯𐑒𐑮𐑧𐑑𐑦𐑒	1
fragment-spec	syscovery	NN1	UNC	-kʌvri	-𐑒𐑳𐑝𐑮𐑦	sɪskʌvəri	𐑕𐑦𐑕𐑒𐑳𐑝𐑼𐑦	89
fragment-spec	Szechwan	NP0	UNC	ˈsʊ-	𐑕𐑫-	ˈseˌtʃwɑn	𐑕𐑧𐑗𐑢ɑ𐑯	89
fragment-spec	table	NN1	UNC	-äl	-ä𐑤	ˈteɪbəl	𐑑𐑱𐑚𐑩𐑤	1
fragment-spec	table	VVI	UNC	-äl	-ä𐑤	ˈteɪbəl	𐑑𐑱𐑚𐑩𐑤	1
fragment-spec	table d'hôte	NN1	UNC	ˌtɑːbəl -	𐑑𐑭𐑚𐑩𐑤 -	ˌtɑːblə ˈdəʊt	𐑑𐑭𐑚𐑤𐑩 𐑛𐑴𐑑	89
fragment-spec	table d'hôte	AJ0	UNC	ˌtɑːbəl -	𐑑𐑭𐑚𐑩𐑤 -	ˌtɑːblə ˈdəʊt	𐑑𐑭𐑚𐑤𐑩 𐑛𐑴𐑑	89
fragment-spec	tachygraphy	NN1	UNC	tə-	𐑑𐑩-	tækɪɡrəfi	𐑑𐑨𐑒𐑦𐑜𐑮𐑩𐑓𐑦	1
fragment-spec	tahina	NN1	UNC	tə-	𐑑𐑩-	tɑːˈhiːnə	𐑑𐑭𐑣𐑰𐑯𐑩	89
fragment-spec	tai ji	NN1	UNC	- tɕ˭-	- 𐑑ɕ˭-	ˈt˭aɪ˩ ts˭iː˩	𐑑˭𐑲˩ 𐑑𐑕˭𐑰˩	1
fragment-spec	Tai'an	NP0	UNC	-æn	-𐑨𐑯	ˈtaɪˌɑn	𐑑𐑲ɑ𐑯	89
fragment-spec	Taichung	NP0	UNC	-tʃʌŋ	-𐑗𐑳𐑙	ˈtaɪˈdʒʊŋ	𐑑𐑲𐑡𐑫𐑙	89
fragment-spec	Tajikistan	NP0	UNC	tɑː-	𐑑𐑭-	təˈdʒiːkɪˌstɑːn	𐑑𐑩𐑡𐑰𐑒𐑦𐑕𐑑𐑭𐑯	89
fragment-spec	Tajikistan	NP0	UNC	tæ-	𐑑𐑨-	təˈdʒiːkɪˌstɑːn	𐑑𐑩𐑡𐑰𐑒𐑦𐑕𐑑𐑭𐑯	89
fragment-spec	Tajikistan	NP0	UNC	-stæn	-𐑕𐑑𐑨𐑯	təˈdʒiːkɪˌstɑːn	𐑑𐑩𐑡𐑰𐑒𐑦𐑕𐑑𐑭𐑯	89
fragment-spec	Tanakh	NP0	UNC	tə-	𐑑𐑩-	tɑˈnɑx	𐑑ɑ𐑯ɑx	89
fragment-spec	Tangshan	NP0	UNC	tɑŋ-	𐑑ɑ𐑙-	tæŋˈʃæn	𐑑𐑨𐑙𐑖𐑨𐑯	1
fragment-spec	Tangshan	NP0	UNC	-ˈʃɑn	-𐑖ɑ𐑯	tæŋˈʃæn	𐑑𐑨𐑙𐑖𐑨𐑯	1
fragment-spec	target	NN1	UNC	-dʒeʈ	-𐑡𐑧ʈ	tʌːɡɪt	𐑑𐑳ː𐑜𐑦𐑑	1
fragment-spec	target	VVI	UNC	-dʒeʈ	-𐑡𐑧ʈ	tʌːɡɪt	𐑑𐑳ː𐑜𐑦𐑑	1
fragment-spec	Taroko	NP0	UNC	tɑ-	𐑑ɑ-	təroʊkoʊ	𐑑𐑼𐑴𐑒𐑴	1
fragment-spec	tartan	NN1	UNC	tær-	𐑑𐑨𐑮-	tɑrtən	𐑑ɑ𐑮𐑑𐑩𐑯	89
fragment-spec	tartan	AJ0	UNC	tær-	𐑑𐑨𐑮-	tɑrtən	𐑑ɑ𐑮𐑑𐑩𐑯	89
fragment-spec	tartan	VVI	UNC	tær-	𐑑𐑨𐑮-	tɑrtən	𐑑ɑ𐑮𐑑𐑩𐑯	89
fragment-spec	tartans	NN1	UNC	tær-	𐑑𐑨𐑮-	tɑrtənz	𐑑ɑ𐑮𐑑𐑩𐑯𐑟	89
fragment-spec	tartans	VVI	UNC	tær-	𐑑𐑨𐑮-	tɑrtənz	𐑑ɑ𐑮𐑑𐑩𐑯𐑟	89
fragment-spec	tastevin	NN1	UNC	-væn	-𐑝𐑨𐑯	ˈtæstəˌven	𐑑𐑨𐑕𐑑𐑩𐑝𐑧𐑯	89
fragment-spec	technopreneur	NN1	UNC	-nʊər	-𐑯𐑫𐑼	teknəʊprənɜːr	𐑑𐑧𐑒𐑯𐑴𐑐𐑮𐑩𐑯𐑻	30
fragment-spec	teh tarik	NN1	UNC	- tarɪk	- 𐑑𐑨𐑮𐑦𐑒	teɪ tɑːrɪk	𐑑𐑱 𐑑𐑸𐑦𐑒	89
fragment-spec	tekiah	NN1	UNC	tɪ-	𐑑𐑦-	tekiˈɑː	𐑑𐑧𐑒𐑦𐑭	89
fragment-spec	Telok Blangah	NP0	UNC	-a˦˧	-𐑨˦˧	ˌtə˧loʔ ˈblaŋ˧a˦	𐑑𐑩˧𐑤𐑪ʔ 𐑚𐑤𐑨𐑙˧𐑨˦	1
fragment-spec	teocalli	NN1	UNC	ˌti-	𐑑𐑦-	ˌteɪəˈkɑli	𐑑𐑱𐑩𐑒ɑ𐑤𐑦	89
fragment-spec	teocalli	NN1	UNC	-oʊ-	-𐑴-	ˌteɪəˈkɑli	𐑑𐑱𐑩𐑒ɑ𐑤𐑦	89
fragment-spec	teocalli	NN1	UNC	-kæ-	-𐑒𐑨-	ˌteɪəˈkɑli	𐑑𐑱𐑩𐑒ɑ𐑤𐑦	89
fragment-spec	terbalik	AJ0	UNC	t˭o˨-	𐑑˭𐑪˨-	t˭əRbɑ˧leʔ˦	𐑑˭𐑼𐑚ɑ˧𐑤𐑧ʔ˦	1
fragment-spec	terrapin	NN1	UNC	-ən	-𐑩𐑯	tærəRpɪn	𐑑𐑨𐑮𐑼𐑐𐑦𐑯	1
fragment-spec	terrazzo	NN1	UNC	te-	𐑑𐑧-	tərɑːtsoʊ	𐑑𐑼𐑭𐑑𐑕𐑴	1
fragment-spec	terrazzo	NN1	UNC	-ræ-	-𐑮𐑨-	tərɑːtsoʊ	𐑑𐑼𐑭𐑑𐑕𐑴	30
fragment-spec	terrazzo	NN1	UNC	-zoʊ	-𐑟𐑴	tərɑːtsoʊ	𐑑𐑼𐑭𐑑𐑕𐑴	1
fragment-spec	teshuva	NN1	UNC	tɪ-	𐑑𐑦-	teˈʃuːvə	𐑑𐑧𐑖𐑵𐑝𐑩	89
fragment-spec	tetraptych	NN1	UNC	te-	𐑑𐑧-	tətræptɪk	𐑑𐑩𐑑𐑮𐑨𐑐𐑑𐑦𐑒	1
fragment-spec	therianthrope	NN1	UNC	θiːr-	𐑔𐑰𐑮-	θeriəRnθroʊp	𐑔𐑧𐑮𐑦𐑼𐑯𐑔𐑮𐑴𐑐	30
fragment-spec	therianthrope	NN1	UNC	-æn-	-𐑨𐑯-	θeriəRnθroʊp	𐑔𐑧𐑮𐑦𐑼𐑯𐑔𐑮𐑴𐑐	1
fragment-spec	thermodynamics	NN1	UNC	-məʊ-	-𐑥𐑴-	θɜːrmoʊdaɪnæmɪks	𐑔𐑻𐑥𐑴𐑛𐑲𐑯𐑨𐑥𐑦𐑒𐑕	1
fragment-spec	thermodynamics	NN1	UNC	-mə-	-𐑥𐑩-	θɜːrmoʊdaɪnæmɪks	𐑔𐑻𐑥𐑴𐑛𐑲𐑯𐑨𐑥𐑦𐑒𐑕	1
fragment-spec	thermodynamics	NN1	UNC	-dɪ-	-𐑛𐑦-	θɜːrmoʊdaɪnæmɪks	𐑔𐑻𐑥𐑴𐑛𐑲𐑯𐑨𐑥𐑦𐑒𐑕	1
fragment-spec	Thomas	NN1	UNC	ˈʈʰ-	ʈʰ-	ˈt̪ʰɔməs	𐑑̪ʰ𐑷𐑥𐑩𐑕	1
fragment-spec	Thomas	NP0	UNC	ˈʈʰ-	ʈʰ-	ˈt̪ʰɔməs	𐑑̪ʰ𐑷𐑥𐑩𐑕	1
fragment-spec	thrapple	NN1	UNC	θrɔ-	𐑔𐑮𐑷-	θræpəl	𐑔𐑮𐑨𐑐𐑩𐑤	89
fragment-spec	thrapple	VVI	UNC	θrɔ-	𐑔𐑮𐑷-	θræpəl	𐑔𐑮𐑨𐑐𐑩𐑤	89
fragment-spec	Tibetic	AJ0	UNC	təˈ-	𐑑𐑩-	tɪˈbetɪk	𐑑𐑦𐑚𐑧𐑑𐑦𐑒	89
fragment-spec	tic douloureux	NN1	UNC	-rø	-𐑮ø	tɪk duːləruː	𐑑𐑦𐑒 𐑛𐑵𐑤𐑼𐑵	1
fragment-spec	tikam-tikam	NN1	UNC	ˈt˭i-	𐑑˭𐑦-	ˈt˭ɪk˭am ˌt˭ɪk˭am	𐑑˭𐑦𐑒˭𐑨𐑥 𐑑˭𐑦𐑒˭𐑨𐑥	1
fragment-spec	tikam-tikam	VVI	UNC	ˈt˭i-	𐑑˭𐑦-	ˈt˭ɪk˭am ˌt˭ɪk˭am	𐑑˭𐑦𐑒˭𐑨𐑥 𐑑˭𐑦𐑒˭𐑨𐑥	1
fragment-spec	tikam-tikam	AJ0	UNC	ˈt˭i-	𐑑˭𐑦-	ˈt˭ɪk˭am ˌt˭ɪk˭am	𐑑˭𐑦𐑒˭𐑨𐑥 𐑑˭𐑦𐑒˭𐑨𐑥	1
fragment-spec	tikkun	NN1	UNC	tɪ-	𐑑𐑦-	tiːˈkuːn	𐑑𐑰𐑒𐑵𐑯	89
fragment-spec	Toa Payoh	NP0	UNC	ˌtoː-	𐑑𐑪ː-	ˌtwɔː ˈpaː˧joː˦	𐑑𐑢𐑷 𐑐𐑨ː˧𐑘𐑪ː˦	1
fragment-spec	Toa Payoh	NP0	UNC	-joː˦˧	-𐑘𐑪ː˦˧	ˌtwɔː ˈpaː˧joː˦	𐑑𐑢𐑷 𐑐𐑨ː˧𐑘𐑪ː˦	1
fragment-spec	tomato	NN1	UNC	tʰɵ-	𐑑ʰɵ-	tʰəˈmeɪɾo	𐑑ʰ𐑩𐑥𐑱ɾ𐑪	1
fragment-spec	tomato	NN1	UNC	-ma-	-𐑥𐑨-	tʰəˈmeɪɾo	𐑑ʰ𐑩𐑥𐑱ɾ𐑪	89
fragment-spec	tomato	AJ0	UNC	tʰɵ-	𐑑ʰɵ-	tʰəˈmeɪɾo	𐑑ʰ𐑩𐑥𐑱ɾ𐑪	1
fragment-spec	tomato	AJ0	UNC	-ma-	-𐑥𐑨-	tʰəˈmeɪɾo	𐑑ʰ𐑩𐑥𐑱ɾ𐑪	89
fragment-spec	tomato	VVI	UNC	tʰɵ-	𐑑ʰɵ-	tʰəˈmeɪɾo	𐑑ʰ𐑩𐑥𐑱ɾ𐑪	1
fragment-spec	tomato	VVI	UNC	-ma-	-𐑥𐑨-	tʰəˈmeɪɾo	𐑑ʰ𐑩𐑥𐑱ɾ𐑪	89
fragment-spec	tombalik	AJ0	UNC	t˭ɔm-	𐑑˭𐑷𐑥-	t˭omˈbɑleʔ	𐑑˭𐑪𐑥𐑚ɑ𐑤𐑧ʔ	1
fragment-spec	tomorrow	AV0	UNC	tʊ-	𐑑𐑫-	ðəRmɒræ	𐑞𐑼𐑥𐑪𐑮𐑨	1
fragment-spec	tomorrow	NN1	UNC	tʊ-	𐑑𐑫-	ðəRmɒræ	𐑞𐑼𐑥𐑪𐑮𐑨	1
fragment-spec	tonguely	AJ0	UNC	-ɡli	-𐑜𐑤𐑦	ˈtʌŋli	𐑑𐑳𐑙𐑤𐑦	89
fragment-spec	tonguely	AV0	UNC	-ɡli	-𐑜𐑤𐑦	ˈtʌŋli	𐑑𐑳𐑙𐑤𐑦	89
fragment-spec	toujours perdrix	UNC	UNC	-ʒur-	-𐑠𐑫𐑮-	tuʒʊr perdri	𐑑𐑫𐑠𐑫𐑮 𐑐𐑧𐑮𐑛𐑮𐑦	30
fragment-spec	tourtière	NN1	UNC	tor-	𐑑𐑪𐑮-	tʊɚtjeɚ	𐑑𐑫ɚ𐑑𐑘𐑧ɚ	30
fragment-spec	transpacific	AJ0	UNC	-trænz-	-𐑑𐑮𐑨𐑯𐑟-	trænspəsɪfɪk	𐑑𐑮𐑨𐑯𐑕𐑐𐑩𐑕𐑦𐑓𐑦𐑒	89
fragment-spec	transparency	NN1	UNC	trænz-	𐑑𐑮𐑨𐑯𐑟-	trænsperəRnsi	𐑑𐑮𐑨𐑯𐑕𐑐𐑧𐑮𐑼𐑯𐑕𐑦	30
fragment-spec	transparent	AJ0	UNC	trænz-	𐑑𐑮𐑨𐑯𐑟-	trænspærəRnt	𐑑𐑮𐑨𐑯𐑕𐑐𐑨𐑮𐑼𐑯𐑑	30
fragment-spec	transparent	NN1	UNC	trænz-	𐑑𐑮𐑨𐑯𐑟-	trænspærəRnt	𐑑𐑮𐑨𐑯𐑕𐑐𐑨𐑮𐑼𐑯𐑑	30
fragment-spec	transphonologization	NN1	UNC	-rə-	-𐑮𐑩-	trænsfənɒlədʒaɪzeɪʃən	𐑑𐑮𐑨𐑯𐑕𐑓𐑩𐑯𐑪𐑤𐑩𐑡𐑲𐑟𐑱𐑖𐑩𐑯	89
fragment-spec	transphonologization	NN1	UNC	-rɪ-	-𐑮𐑦-	trænsfənɒlədʒaɪzeɪʃən	𐑑𐑮𐑨𐑯𐑕𐑓𐑩𐑯𐑪𐑤𐑩𐑡𐑲𐑟𐑱𐑖𐑩𐑯	89
fragment-spec	transrhenane	AJ0	UNC	trɑːnz-	𐑑𐑮𐑭𐑯𐑟-	trænzreneɪn	𐑑𐑮𐑨𐑯𐑟𐑮𐑧𐑯𐑱𐑯	30
fragment-spec	transrhenane	AJ0	UNC	-riːneɪn	-𐑮𐑰𐑯𐑱𐑯	trænzreneɪn	𐑑𐑮𐑨𐑯𐑟𐑮𐑧𐑯𐑱𐑯	30
fragment-spec	Transylvania	NP0	UNC	-njə	-𐑯𐑘𐑩	trænsəlveɪniə	𐑑𐑮𐑨𐑯𐑕𐑩𐑤𐑝𐑱𐑯𐑦𐑩	1
fragment-spec	tringle	NN1	UNC	-ɡəl	-𐑜𐑩𐑤	tʃrɪŋɡəl	𐑗𐑮𐑦𐑙𐑜𐑩𐑤	1
fragment-spec	triose	NN1	UNC	-oʊz	-𐑴𐑟	traɪoʊs	𐑑𐑮𐑲𐑴𐑕	1
fragment-spec	tuchus	NN1	UNC	-k-	-𐑒-	ˈtʊxəs	𐑑𐑫x𐑩𐑕	89
fragment-spec	Tudela	NP0	UNC	tə-	𐑑𐑩-	tʊˈdelə	𐑑𐑫𐑛𐑧𐑤𐑩	89
fragment-spec	Tudela	NP0	UNC	tu-	𐑑𐑫-	tʊˈdelə	𐑑𐑫𐑛𐑧𐑤𐑩	89
fragment-spec	Turdetani	NN1	UNC	tɝ-	𐑑ɝ-	tʊərdetɑni	𐑑𐑫𐑼𐑛𐑧𐑑ɑ𐑯𐑦	1
fragment-spec	turn a blind eye	VVI	UNC	tɜːRn æɪ-	𐑑𐑻𐑯 𐑨𐑦-	tʌrn ə blaɪnd aɪ	𐑑𐑳𐑮𐑯 𐑩 𐑚𐑤𐑲𐑯𐑛 𐑲	89
fragment-spec	turn a blind eye	VVI	UNC	tøːn æɪ-	𐑑øː𐑯 𐑨𐑦-	tʌrn ə blaɪnd aɪ	𐑑𐑳𐑮𐑯 𐑩 𐑚𐑤𐑲𐑯𐑛 𐑲	1
fragment-spec	turn a blind eye	VVI	UNC	tʌrn e-	𐑑𐑳𐑮𐑯 𐑧-	tʌrn ə blaɪnd aɪ	𐑑𐑳𐑮𐑯 𐑩 𐑚𐑤𐑲𐑯𐑛 𐑲	89
fragment-spec	turn a blind eye	VVI	UNC	ʈəːʳn eː-	ʈ𐑩ːʳ𐑯 𐑧ː-	tʌrn ə blaɪnd aɪ	𐑑𐑳𐑮𐑯 𐑩 𐑚𐑤𐑲𐑯𐑛 𐑲	1
fragment-spec	tutelage	NN1	UNC	-ədʒ	-𐑩𐑡	ˈtjuːtɪlɪdʒ	𐑑𐑿𐑑𐑦𐑤𐑦𐑡	89
fragment-spec	tzaraath	NN1	UNC	tsə-	𐑑𐑕𐑩-	tsɑːrɑːRt	𐑑𐑕𐑸𐑸𐑑	1
fragment-spec	tzaraath	NN1	UNC	s-	𐑕-	tsɑːrɑːRt	𐑑𐑕𐑸𐑸𐑑	1
fragment-spec	tzaraath	NN1	UNC	-θ	-𐑔	tsɑːrɑːRt	𐑑𐑕𐑸𐑸𐑑	1
fragment-spec	ultimate	AJ0	UNC	-ɪt	-𐑦𐑑	ˈʌltɪmət	𐑳𐑤𐑑𐑦𐑥𐑩𐑑	89
fragment-spec	ultimate	NN1	UNC	-ɪt	-𐑦𐑑	ˈʌltɪmət	𐑳𐑤𐑑𐑦𐑥𐑩𐑑	89
fragment-spec	ultimate	VVI	UNC	-ɪt	-𐑦𐑑	ˈʌltɪmət	𐑳𐑤𐑑𐑦𐑥𐑩𐑑	89
fragment-spec	unbelievable	AJ0	UNC	bi-	𐑚𐑦-	ˌʌnbɪˈliːvəbəl	𐑳𐑯𐑚𐑦𐑤𐑰𐑝𐑩𐑚𐑩𐑤	89
fragment-spec	unbelievable	AJ0	UNC	bə-	𐑚𐑩-	ˌʌnbɪˈliːvəbəl	𐑳𐑯𐑚𐑦𐑤𐑰𐑝𐑩𐑚𐑩𐑤	89
fragment-spec	uncleanness	NN1	UNC	ʌŋ-	𐑳𐑙-	ʌnˈklinnəs	𐑳𐑯𐑒𐑤𐑦𐑯𐑯𐑩𐑕	89
fragment-spec	unconscionability	NN1	UNC	-əti	-𐑩𐑑𐑦	ʌnˌkɒnʃənəˈbɪlɪti	𐑳𐑯𐑒𐑪𐑯𐑖𐑩𐑯𐑩𐑚𐑦𐑤𐑦𐑑𐑦	89
fragment-spec	undecipherable	AJ0	UNC	ʌndə-	𐑳𐑯𐑛𐑩-	ʌndɪsaɪfərəRbəl	𐑳𐑯𐑛𐑦𐑕𐑲𐑓𐑼𐑼𐑚𐑩𐑤	1
fragment-spec	undefeatability	NN1	UNC	-ɪti	-𐑦𐑑𐑦	ʌndəˌfiːtəˈbɪləti	𐑳𐑯𐑛𐑩𐑓𐑰𐑑𐑩𐑚𐑦𐑤𐑩𐑑𐑦	89
fragment-spec	unique	AJ0	UNC	jəˈ-	𐑘𐑩-	juːˈniːk	𐑿𐑯𐑰𐑒	89
fragment-spec	unique	AJ0	UNC	-nɪk	-𐑯𐑦𐑒	juːˈniːk	𐑿𐑯𐑰𐑒	89
fragment-spec	unique	NN1	UNC	jəˈ-	𐑘𐑩-	juːˈniːk	𐑿𐑯𐑰𐑒	89
fragment-spec	unique	NN1	UNC	-nɪk	-𐑯𐑦𐑒	juːˈniːk	𐑿𐑯𐑰𐑒	89
fragment-spec	United Nations	NP0	UNC	jə-	𐑘𐑩-	juˌnaɪtɪd ˈneɪʃənz	𐑘𐑫𐑯𐑲𐑑𐑦𐑛 𐑯𐑱𐑖𐑩𐑯𐑟	89
fragment-spec	unprecedented	AJ0	UNC	-pres-	-𐑐𐑮𐑧𐑕-	ʌnpresɪdentƏd	𐑳𐑯𐑐𐑮𐑧𐑕𐑦𐑛𐑧𐑯𐑑𐑩𐑛	89
fragment-spec	unprecedented	AJ0	UNC	-priː-	-𐑐𐑮𐑰-	ʌnpresɪdentƏd	𐑳𐑯𐑐𐑮𐑧𐑕𐑦𐑛𐑧𐑯𐑑𐑩𐑛	89
fragment-spec	unprecedented	AJ0	UNC	-tɘd	-𐑑ɘ𐑛	ʌnpresɪdentƏd	𐑳𐑯𐑐𐑮𐑧𐑕𐑦𐑛𐑧𐑯𐑑𐑩𐑛	1
fragment-spec	urheimat	NN1	UNC	ɜːr-	𐑻-	ʊərhaɪmɑːt	𐑫𐑼𐑣𐑲𐑥𐑭𐑑	89
fragment-spec	urheimat	NN1	UNC	-mæt	-𐑥𐑨𐑑	ʊərhaɪmɑːt	𐑫𐑼𐑣𐑲𐑥𐑭𐑑	1
fragment-spec	urheimat	NN1	UNC	-mət	-𐑥𐑩𐑑	ʊərhaɪmɑːt	𐑫𐑼𐑣𐑲𐑥𐑭𐑑	1
fragment-spec	Urim and Thummim	NN1	UNC	-ənd-	-𐑩𐑯𐑛-	jərəRm ænd θəmməm	𐑘𐑼𐑼𐑥 𐑨𐑯𐑛 𐑔𐑩𐑥𐑥𐑩𐑥	1
fragment-spec	Ushpizin	NN1	UNC	ʊʃ-	𐑫𐑖-	uːʃˈpɪzɪn	𐑵𐑖𐑐𐑦𐑟𐑦𐑯	89
fragment-spec	Ushpizin	NN1	UNC	-ən	-𐑩𐑯	uːʃˈpɪzɪn	𐑵𐑖𐑐𐑦𐑟𐑦𐑯	89
fragment-spec	usquebaugh	NN1	UNC	ˈuːʃ-	𐑵𐑖-	ˈuːskəbæhə	𐑵𐑕𐑒𐑩𐑚𐑨𐑣𐑩	89
fragment-spec	usufructuary	AJ0	UNC	-tjə-	-𐑑𐑘𐑩-	juːzjəfrʌktʃʊəri	𐑿𐑟𐑘𐑩𐑓𐑮𐑳𐑒𐑗𐑫𐑼𐑦	1
fragment-spec	usufructuary	NN1	UNC	-tjə-	-𐑑𐑘𐑩-	juːzjəfrʌktʃʊəri	𐑿𐑟𐑘𐑩𐑓𐑮𐑳𐑒𐑗𐑫𐑼𐑦	1
fragment-spec	usurpation	NN1	UNC	-zər-	-𐑟𐑼-	juːsərpeɪʃən	𐑿𐑕𐑼𐑐𐑱𐑖𐑩𐑯	89
fragment-spec	Uyghuristan	NP0	UNC	uːɪ-	𐑵𐑦-	wiɡərɪstɑːn	𐑢𐑦𐑜𐑼𐑦𐑕𐑑𐑭𐑯	1
fragment-spec	Uyghuristan	NP0	UNC	-stæn	-𐑕𐑑𐑨𐑯	wiɡərɪstɑːn	𐑢𐑦𐑜𐑼𐑦𐑕𐑑𐑭𐑯	1
fragment-spec	valkyrie	NN1	UNC	vɑl-	𐑝ɑ𐑤-	vælkɪri	𐑝𐑨𐑤𐑒𐑦𐑮𐑦	1
fragment-spec	variability	NN1	UNC	-ɪti	-𐑦𐑑𐑦	veriəbɪləti	𐑝𐑧𐑮𐑦𐑩𐑚𐑦𐑤𐑩𐑑𐑦	1
fragment-spec	vase	NN1	UNC	-s	-𐑕	væes	𐑝𐑨𐑧𐑕	89
fragment-spec	vase	VVI	UNC	-s	-𐑕	væes	𐑝𐑨𐑧𐑕	89
fragment-spec	veni, vidi, vici	UNC	UNC	ˈve-	𐑝𐑧-	ˈveɪni ˈviːdi ˈviːtʃi	𐑝𐑱𐑯𐑦 𐑝𐑰𐑛𐑦 𐑝𐑰𐑗𐑦	89
fragment-spec	veni, vidi, vici	UNC	UNC	ˈw- ˈw- ˈw-k-	𐑢- 𐑢- 𐑢-𐑒-	ˈveɪni ˈviːdi ˈviːtʃi	𐑝𐑱𐑯𐑦 𐑝𐑰𐑛𐑦 𐑝𐑰𐑗𐑦	89
fragment-spec	vertical kampong	NN1	UNC	-oŋ	-𐑪𐑙	vɜːRtɪkəl kʌmpɔŋ	𐑝𐑻𐑑𐑦𐑒𐑩𐑤 𐑒𐑳𐑥𐑐𐑷𐑙	1
fragment-spec	video conference	NN1	UNC	- kɒnfrəRns	- 𐑒𐑪𐑯𐑓𐑮𐑼𐑯𐑕	vɪdiəʊ kɒnfərəRns	𐑝𐑦𐑛𐑦𐑴 𐑒𐑪𐑯𐑓𐑼𐑼𐑯𐑕	89
fragment-spec	video conference	VVI	UNC	- kɒnfrəRns	- 𐑒𐑪𐑯𐑓𐑮𐑼𐑯𐑕	vɪdiəʊ kɒnfərəRns	𐑝𐑦𐑛𐑦𐑴 𐑒𐑪𐑯𐑓𐑼𐑼𐑯𐑕	89
fragment-spec	vieux riche	NN1	UNC	-ɻ-	-ɻ-	vjoʊ riʃ	𐑝𐑘𐑴 𐑮𐑦𐑖	1
fragment-spec	vigesimal	AJ0	UNC	vaɪ-	𐑝𐑲-	vɪˈdʒesɪməl	𐑝𐑦𐑡𐑧𐑕𐑦𐑥𐑩𐑤	89
fragment-spec	vigesimal	AJ0	UNC	-sə-	-𐑕𐑩-	vɪˈdʒesɪməl	𐑝𐑦𐑡𐑧𐑕𐑦𐑥𐑩𐑤	89
fragment-spec	vigesimal	NN1	UNC	vaɪ-	𐑝𐑲-	vɪˈdʒesɪməl	𐑝𐑦𐑡𐑧𐑕𐑦𐑥𐑩𐑤	89
fragment-spec	vigesimal	NN1	UNC	-sə-	-𐑕𐑩-	vɪˈdʒesɪməl	𐑝𐑦𐑡𐑧𐑕𐑦𐑥𐑩𐑤	89
fragment-spec	visa	NN1	UNC	-sə	-𐑕𐑩	ˈviːzə	𐑝𐑰𐑟𐑩	89
fragment-spec	visa	VVI	UNC	-sə	-𐑕𐑩	ˈviːzə	𐑝𐑰𐑟𐑩	89
fragment-spec	vitality	NN1	UNC	vɪ-	𐑝𐑦-	vaɪˈtælɪti	𐑝𐑲𐑑𐑨𐑤𐑦𐑑𐑦	89
fragment-spec	vocabulary	NN1	UNC	və-	𐑝𐑩-	vokjabɪlerɪ	𐑝𐑪𐑒𐑘𐑨𐑚𐑦𐑤𐑧𐑮𐑦	1
fragment-spec	volte-face	NN1	UNC	-ˈfɑːs	-𐑓𐑭𐑕	vɒltˈfæs	𐑝𐑪𐑤𐑑𐑓𐑨𐑕	89
fragment-spec	wananish	NN1	UNC	ˌwɑnɑ-	𐑢ɑ𐑯ɑ-	ˌwɑnəˈniʃ	𐑢ɑ𐑯𐑩𐑯𐑦𐑖	1
fragment-spec	wananish	NN1	UNC	-ˈnɪʃ	-𐑯𐑦𐑖	ˌwɑnəˈniʃ	𐑢ɑ𐑯𐑩𐑯𐑦𐑖	89
fragment-spec	Wangan	NP0	UNC	wæŋ-	𐑢𐑨𐑙-	ˈwɒŋən	𐑢𐑪𐑙𐑩𐑯	89
fragment-spec	Wangan	NP0	UNC	-ɑn	-ɑ𐑯	ˈwɒŋən	𐑢𐑪𐑙𐑩𐑯	1
fragment-spec	wanna	UNC	UNC	-nuː	-𐑯𐑵	ˈwʌnə	𐑢𐑳𐑯𐑩	89
fragment-spec	wanna	UNC	UNC	-nə	-𐑯𐑩	ˈwʌnə	𐑢𐑳𐑯𐑩	89
fragment-spec	Wartofsky	NP0	UNC	-tɒfski	-𐑑𐑪𐑓𐑕𐑒𐑦			1
fragment-spec	Wartofsky	NP0	UNC	-tɑfski	-𐑑ɑ𐑓𐑕𐑒𐑦			1
fragment-spec	water	NN1	UNC	-ɑ	-ɑ	wɔtər	𐑢𐑷𐑑𐑼	1
fragment-spec	water	VVI	UNC	-ɑ	-ɑ	wɔtər	𐑢𐑷𐑑𐑼	1
fragment-spec	weather-gaw	NN1	UNC	-ɡɑː	-𐑜𐑭	weðərɡõː	𐑢𐑧𐑞𐑼𐑜õː	1
fragment-spec	weltanschauung	NN1	UNC	-æn-	-𐑨𐑯-	ˈveltɑːnˌʃaʊʊŋ	𐑝𐑧𐑤𐑑𐑭𐑯𐑖𐑬𐑫𐑙	89
fragment-spec	weltanschauung	NN1	UNC	-əŋ	-𐑩𐑙	ˈveltɑːnˌʃaʊʊŋ	𐑝𐑧𐑤𐑑𐑭𐑯𐑖𐑬𐑫𐑙	89
fragment-spec	whataboutery	NN1	UNC	wʌt-	𐑢𐑳𐑑-	wɒtəbaʊtəri	𐑢𐑪𐑑𐑩𐑚𐑬𐑑𐑼𐑦	1
fragment-spec	Wheel of Fortune	NP0	UNC	ʍiːl-	𐑢𐑰𐑤-	wiːləv fɔːRtʃuːn	𐑢𐑰𐑤𐑩𐑝 𐑓𐑹𐑗𐑵𐑯	1
fragment-spec	wheel of fortune	NN1	UNC	ʍiːl-	𐑢𐑰𐑤-	wiːləv fɔːRtʃuːn	𐑢𐑰𐑤𐑩𐑝 𐑓𐑹𐑗𐑵𐑯	1
fragment-spec	wheel of fortune	NP0	UNC	ʍiːl-	𐑢𐑰𐑤-	wiːləv fɔːRtʃuːn	𐑢𐑰𐑤𐑩𐑝 𐑓𐑹𐑗𐑵𐑯	1
fragment-spec	where got	UNC	UNC	hw-	𐑣𐑢-	wɜːR ɡɒt	𐑢𐑻 𐑜𐑪𐑑	1
fragment-spec	whitewash	NN1	UNC	ˈwʌɪt-	𐑢𐑳𐑦𐑑-	ˈwaɪtwɒʃ	𐑢𐑲𐑑𐑢𐑪𐑖	89
fragment-spec	whitewash	VVI	UNC	ˈwʌɪt-	𐑢𐑳𐑦𐑑-	ˈwaɪtwɒʃ	𐑢𐑲𐑑𐑢𐑪𐑖	89
fragment-spec	Whitman	NP0	UNC	ˈʍ-	𐑢-	ˈwɪtmən	𐑢𐑦𐑑𐑥𐑩𐑯	89
fragment-spec	Whittington	NP0	UNC	ˈʍ-	𐑢-	ˈwɪtɪŋtən	𐑢𐑦𐑑𐑦𐑙𐑑𐑩𐑯	89
fragment-spec	whopperjawed	AJ0	UNC	ʍ-	𐑢-	wɑpɚdʒɑd	𐑢ɑ𐑐ɚ𐑡ɑ𐑛	1
fragment-spec	Wicklow	NP0	UNC	-oʊ	-𐑴	ˈwɪkləʊ	𐑢𐑦𐑒𐑤𐑴	89
fragment-spec	wifelet	NN1	UNC	-lɪt	-𐑤𐑦𐑑	ˈwaɪflət	𐑢𐑲𐑓𐑤𐑩𐑑	89
fragment-spec	withcall	VVI	UNC	ˌwɪθ-	𐑢𐑦𐑔-	ˌwɪðˈkɒl	𐑢𐑦𐑞𐑒𐑪𐑤	89
fragment-spec	withcall	VVI	UNC	ˌwəθ-	𐑢𐑩𐑔-	ˌwɪðˈkɒl	𐑢𐑦𐑞𐑒𐑪𐑤	89
fragment-spec	withcall	VVI	UNC	ˌwit̪-	𐑢𐑦𐑑̪-	ˌwɪðˈkɒl	𐑢𐑦𐑞𐑒𐑪𐑤	1
fragment-spec	withcall	NN1	UNC	ˌwɪθ-	𐑢𐑦𐑔-	ˌwɪðˈkɒl	𐑢𐑦𐑞𐑒𐑪𐑤	89
fragment-spec	withcall	NN1	UNC	ˌwəθ-	𐑢𐑩𐑔-	ˌwɪðˈkɒl	𐑢𐑦𐑞𐑒𐑪𐑤	89
fragment-spec	withcall	NN1	UNC	ˌwit̪-	𐑢𐑦𐑑̪-	ˌwɪðˈkɒl	𐑢𐑦𐑞𐑒𐑪𐑤	1
fragment-spec	without	AV0	UNC	-əut	-𐑩𐑫𐑑	wɪθˈʌʊt	𐑢𐑦𐑔𐑳𐑫𐑑	89
fragment-spec	without	AV0	UNC	-ʌʊt	-𐑳𐑫𐑑	wɪθˈʌʊt	𐑢𐑦𐑔𐑳𐑫𐑑	89
fragment-spec	without	PRP	UNC	-əut	-𐑩𐑫𐑑	wɪθˈʌʊt	𐑢𐑦𐑔𐑳𐑫𐑑	89
fragment-spec	without	PRP	UNC	-ʌʊt	-𐑳𐑫𐑑	wɪθˈʌʊt	𐑢𐑦𐑔𐑳𐑫𐑑	89
fragment-spec	without	CJC	UNC	-əut	-𐑩𐑫𐑑	wɪθˈʌʊt	𐑢𐑦𐑔𐑳𐑫𐑑	89
fragment-spec	without	CJC	UNC	-ʌʊt	-𐑳𐑫𐑑	wɪθˈʌʊt	𐑢𐑦𐑔𐑳𐑫𐑑	89
fragment-spec	wodgil	NN1	UNC	-əl	-𐑩𐑤	ˈwɑdʒɪl	𐑢ɑ𐑡𐑦𐑤	89
fragment-spec	Wojak	NN1	UNC	-jɑːk	-𐑘𐑭𐑒	ˈwoʊdʒæk	𐑢𐑴𐑡𐑨𐑒	89
fragment-spec	Wojcicki	NP0	UNC	wuː-	𐑢𐑵-	vʊɪˈtʃɪtski	𐑝𐑫𐑦𐑗𐑦𐑑𐑕𐑒𐑦	89
fragment-spec	wokeist	NN1	UNC	-kəst	-𐑒𐑩𐑕𐑑	ˈwokɪst	𐑢𐑪𐑒𐑦𐑕𐑑	89
fragment-spec	Worimi	NP0	UNC	wor-	𐑢𐑪𐑮-	wɑrɪmaɪ	𐑢ɑ𐑮𐑦𐑥𐑲	89
fragment-spec	worship the ground someone walks on	VVI	UNC	-wɒks ɒn	-𐑢𐑪𐑒𐑕 𐑪𐑯	wʌrʃɪp ðə ɡrʌʊnd sʌmwʌn wɔks ɔn	𐑢𐑳𐑮𐑖𐑦𐑐 𐑞𐑩 𐑜𐑮𐑳𐑫𐑯𐑛 𐑕𐑳𐑥𐑢𐑳𐑯 𐑢𐑷𐑒𐑕 𐑷𐑯	1
fragment-spec	worship the ground someone walks on	VVI	UNC	-sʌmwən-	-𐑕𐑳𐑥𐑢𐑩𐑯-	wʌrʃɪp ðə ɡrʌʊnd sʌmwʌn wɔks ɔn	𐑢𐑳𐑮𐑖𐑦𐑐 𐑞𐑩 𐑜𐑮𐑳𐑫𐑯𐑛 𐑕𐑳𐑥𐑢𐑳𐑯 𐑢𐑷𐑒𐑕 𐑷𐑯	1
fragment-spec	worship the ground someone walks on	VVI	UNC	-oːn	-𐑪ː𐑯	wʌrʃɪp ðə ɡrʌʊnd sʌmwʌn wɔks ɔn	𐑢𐑳𐑮𐑖𐑦𐑐 𐑞𐑩 𐑜𐑮𐑳𐑫𐑯𐑛 𐑕𐑳𐑥𐑢𐑳𐑯 𐑢𐑷𐑒𐑕 𐑷𐑯	1
fragment-spec	wrinkliness	NN1	UNC	-nəs	-𐑯𐑩𐑕	rɪŋkəlinəs	𐑮𐑦𐑙𐑒𐑩𐑤𐑦𐑯𐑩𐑕	1
fragment-spec	WU	NP0	UNC	-jə-	-𐑘𐑩-	ˈwuː	𐑢𐑵	89
fragment-spec	WU	NP0	UNC	-jʉ-	-𐑘ʉ-	ˈwuː	𐑢𐑵	1
fragment-spec	x-cat-ik	NN1	UNC	ˈʃkæt-	𐑖𐑒𐑨𐑑-	ˈʃkɑtik	𐑖𐑒ɑ𐑑𐑦𐑒	89
fragment-spec	x-cat-ik	NN1	UNC	-ɪk	-𐑦𐑒	ˈʃkɑtik	𐑖𐑒ɑ𐑑𐑦𐑒	89
fragment-spec	xalam	NN1	UNC	xɑ-	xɑ-	kɑˈlɑm	𐑒ɑ𐑤ɑ𐑥	1
fragment-spec	xalam	NN1	UNC	zɑ-	𐑟ɑ-	kɑˈlɑm	𐑒ɑ𐑤ɑ𐑥	1
fragment-spec	xenoengineering	NN1	UNC	zenə-	𐑟𐑧𐑯𐑩-	zinoʊendʒɪnɪərɪŋ	𐑟𐑦𐑯𐑴𐑧𐑯𐑡𐑦𐑯𐑽𐑦𐑙	1
fragment-spec	Xin'an	NP0	UNC	-æn	-𐑨𐑯	ˈʃɪnˈɑn	𐑖𐑦𐑯ɑ𐑯	89
fragment-spec	Xinan	NP0	UNC	-nɑn	-𐑯ɑ𐑯	ʃiˈnæn	𐑖𐑦𐑯𐑨𐑯	1
fragment-spec	Xindian	NP0	UNC	ʃin-	𐑖𐑦𐑯-	ʃɪnˈdiæn	𐑖𐑦𐑯𐑛𐑦𐑨𐑯	89
fragment-spec	Xindian	NP0	UNC	-ˈdien	-𐑛𐑦𐑧𐑯	ʃɪnˈdiæn	𐑖𐑦𐑯𐑛𐑦𐑨𐑯	89
fragment-spec	Xinfeng	NP0	UNC	ʃin-	𐑖𐑦𐑯-	ʃɪnˈfeŋ	𐑖𐑦𐑯𐑓𐑧𐑙	89
fragment-spec	Xinfeng	NP0	UNC	-ˈfʌŋ	-𐑓𐑳𐑙	ʃɪnˈfeŋ	𐑖𐑦𐑯𐑓𐑧𐑙	89
fragment-spec	Xinfu	NP0	UNC	ʃin-	𐑖𐑦𐑯-	ʃɪnˈfu	𐑖𐑦𐑯𐑓𐑫	89
fragment-spec	Xingcheng	NP0	UNC	-tʃʌŋ	-𐑗𐑳𐑙	ʃɪŋˈtʃeŋ	𐑖𐑦𐑙𐑗𐑧𐑙	89
fragment-spec	Xingshan	NP0	UNC	-ʃæn	-𐑖𐑨𐑯	ʃɪŋˈʃɑn	𐑖𐑦𐑙𐑖ɑ𐑯	89
fragment-spec	Xinjiang	NP0	UNC	ˈʃin-	𐑖𐑦𐑯-	ˈʃɪnˈtʃjɑŋ	𐑖𐑦𐑯𐑗𐑘ɑ𐑙	89
fragment-spec	Xinjiang	NP0	UNC	ˈsin-	𐑕𐑦𐑯-	ˈʃɪnˈtʃjɑŋ	𐑖𐑦𐑯𐑗𐑘ɑ𐑙	89
fragment-spec	Xinjiang	NP0	UNC	-ˈtʃjæŋ	-𐑗𐑘𐑨𐑙	ˈʃɪnˈtʃjɑŋ	𐑖𐑦𐑯𐑗𐑘ɑ𐑙	89
fragment-spec	Xinjiang	NP0	UNC	-ˈdʒjæŋ	-𐑡𐑘𐑨𐑙	ˈʃɪnˈtʃjɑŋ	𐑖𐑦𐑯𐑗𐑘ɑ𐑙	89
fragment-spec	Xitler	NP0	UNC	zɪt-	𐑟𐑦𐑑-	ʃɪtləR	𐑖𐑦𐑑𐑤𐑼	1
fragment-spec	Yangzi	NP0	UNC	ˈjɑŋ-	𐑘ɑ𐑙-	ˈjæŋzi	𐑘𐑨𐑙𐑟𐑦	1
fragment-spec	Yangzi	NP0	UNC	-tsi	-𐑑𐑕𐑦	ˈjæŋzi	𐑘𐑨𐑙𐑟𐑦	89
fragment-spec	Yangzi	NP0	UNC	-tsə	-𐑑𐑕𐑩	ˈjæŋzi	𐑘𐑨𐑙𐑟𐑦	89
fragment-spec	Yanzi	NP0	UNC	ˈjɑn-	𐑘ɑ𐑯-	ˈjænzi	𐑘𐑨𐑯𐑟𐑦	1
fragment-spec	Yanzi	NP0	UNC	ˈjen-	𐑘𐑧𐑯-	ˈjænzi	𐑘𐑨𐑯𐑟𐑦	89
fragment-spec	Yanzi	NP0	UNC	-tsi	-𐑑𐑕𐑦	ˈjænzi	𐑘𐑨𐑯𐑟𐑦	89
fragment-spec	Yanzi	NP0	UNC	-tsə	-𐑑𐑕𐑩	ˈjænzi	𐑘𐑨𐑯𐑟𐑦	89
fragment-spec	yaoi hole	NN1	UNC	- hol	- 𐑣𐑪𐑤	ˈjaʊi ˌhoʊl	𐑘𐑬𐑦 𐑣𐑴𐑤	89
fragment-spec	Yarlung Tsangpo	NP0	UNC	- tsɑːRŋpəʊ	- 𐑑𐑕𐑸𐑙𐑐𐑴	jɑːrlʊŋ tsæŋpəʊ	𐑘𐑸𐑤𐑫𐑙 𐑑𐑕𐑨𐑙𐑐𐑴	89
fragment-spec	yasher koach	ITJ	UNC	-ɑːx	-𐑭x	jɑːʃər koʊəRx	𐑘𐑭𐑖𐑼 𐑒𐑴𐑼x	1
fragment-spec	yassify	VVI	UNC	ˈjæs-	𐑘𐑨𐑕-	ˈjɑːsɪfaɪ	𐑘𐑭𐑕𐑦𐑓𐑲	89
fragment-spec	yaya papaya	AJ0	UNC	- pɑˈpɑjɑ	- 𐑐ɑ𐑐ɑ𐑘ɑ	ˈjɑː˦ˈjɑː˦pəˈpɑjɑ	𐑘𐑭˦𐑘𐑭˦𐑐𐑩𐑐ɑ𐑘ɑ	1
fragment-spec	yellow	NN1	UNC	-əw	-𐑩𐑢	ˈjeləʊ	𐑘𐑧𐑤𐑴	89
fragment-spec	yellow	AJ0	UNC	-əw	-𐑩𐑢	ˈjeləʊ	𐑘𐑧𐑤𐑴	89
fragment-spec	yellow	VVI	UNC	-əw	-𐑩𐑢	ˈjeləʊ	𐑘𐑧𐑤𐑴	89
fragment-spec	yellow	ITJ	UNC	-əw	-𐑩𐑢	ˈjeləʊ	𐑘𐑧𐑤𐑴	89
fragment-spec	yichud	NN1	UNC	-əd	-𐑩𐑛	ˈjɪxʊd	𐑘𐑦x𐑫𐑛	89
fragment-spec	Yom Kippur	NP0	UNC	joʊm-	𐑘𐑴𐑥-	jɑm kɪpʊr	𐑘ɑ𐑥 𐑒𐑦𐑐𐑫𐑮	1
fragment-spec	Yu'an	NP0	UNC	-æn	-𐑨𐑯	ˈjuˌɑn	𐑘𐑫ɑ𐑯	89
fragment-spec	zanzhi	NN1	UNC	tsæn-	𐑑𐑕𐑨𐑯-	zænˈdʒi	𐑟𐑨𐑯𐑡𐑦	89
fragment-spec	zanzhi	NN1	UNC	-dʒə	-𐑡𐑩	zænˈdʒi	𐑟𐑨𐑯𐑡𐑦	89
fragment-spec	Zaporizhzhia	NP0	UNC	zæpə-	𐑟𐑨𐑐𐑩-	zɑːRpəriːʒiə	𐑟𐑸𐑐𐑼𐑰𐑠𐑦𐑩	1
fragment-spec	Zaporizhzhia	NP0	UNC	-riːʒə	-𐑮𐑰𐑠𐑩	zɑːRpəriːʒiə	𐑟𐑸𐑐𐑼𐑰𐑠𐑦𐑩	89
fragment-spec	Zaporizhzhia	NP0	UNC	-riːʒʒiə	-𐑮𐑰𐑠𐑠𐑦𐑩	zɑːRpəriːʒiə	𐑟𐑸𐑐𐑼𐑰𐑠𐑦𐑩	89
fragment-spec	Zhangqiao	NP0	UNC	ˈdʒæŋ-	𐑡𐑨𐑙-	ˈdʒɑŋtʃɑʊ	𐑡ɑ𐑙𐑗ɑ𐑫	89
fragment-spec	Zhangqiao	NP0	UNC	-tʃiɑʊ	-𐑗𐑦ɑ𐑫	ˈdʒɑŋtʃɑʊ	𐑡ɑ𐑙𐑗ɑ𐑫	1
fragment-spec	Zhanjiang	NP0	UNC	ˈdʒæn-	𐑡𐑨𐑯-	dʒanˈdʒjaŋ	𐑡𐑨𐑯𐑡𐑘𐑨𐑙	89
fragment-spec	Zhanjiang	NP0	UNC	-dʒiɑŋ	-𐑡𐑦ɑ𐑙	dʒanˈdʒjaŋ	𐑡𐑨𐑯𐑡𐑘𐑨𐑙	1
fragment-spec	Zhanjiang	NP0	UNC	-dʒæŋ	-𐑡𐑨𐑙	dʒanˈdʒjaŋ	𐑡𐑨𐑯𐑡𐑘𐑨𐑙	89
fragment-spec	Zhanjiang	NP0	UNC	-dʒiæŋ	-𐑡𐑦𐑨𐑙	dʒanˈdʒjaŋ	𐑡𐑨𐑯𐑡𐑘𐑨𐑙	89
fragment-spec	Zhen'an	NP0	UNC	-æn	-𐑨𐑯	ˈdʒenˌɑn	𐑡𐑧𐑯ɑ𐑯	89
fragment-spec	Zhenbao	NP0	UNC	zen-	𐑟𐑧𐑯-	ˈdʒenbaʊ	𐑡𐑧𐑯𐑚𐑬	89
fragment-spec	Zhenbao	NP0	UNC	dʒən-	𐑡𐑩𐑯-	ˈdʒenbaʊ	𐑡𐑧𐑯𐑚𐑬	89
fragment-spec	zhuangyuan	NN1	UNC	-ɑːn	-𐑭𐑯	dʒwɑːŋjuˈæn	𐑡𐑢𐑭𐑙𐑘𐑫𐑨𐑯	89
fragment-spec	zhuangyuan	NN1	UNC	-en	-𐑧𐑯	dʒwɑːŋjuˈæn	𐑡𐑢𐑭𐑙𐑘𐑫𐑨𐑯	89
fragment-spec	zhun	AJ0	UNC	-˨˩	-˨˩	ts˭wən˨˩	𐑑𐑕˭𐑢𐑩𐑯˨˩	1
fragment-spec	Zipfian	AJ0	UNC	ˈzɪf-	𐑟𐑦𐑓-	ˈzɪpfiːən	𐑟𐑦𐑐𐑓𐑰𐑩𐑯	89
fragment-spec	zugzwang	NN1	UNC	ˈzʊɡ-	𐑟𐑫𐑜-	ˈzʌɡzwæŋ	𐑟𐑳𐑜𐑟𐑢𐑨𐑙	89
fragment-spec	zugzwang	NN1	UNC	ˈzuːɡ-	𐑟𐑵𐑜-	ˈzʌɡzwæŋ	𐑟𐑳𐑜𐑟𐑢𐑨𐑙	89
fragment-spec	zugzwang	NN1	UNC	-swæŋ	-𐑕𐑢𐑨𐑙	ˈzʌɡzwæŋ	𐑟𐑳𐑜𐑟𐑢𐑨𐑙	89
fragment-spec	zugzwang	NN1	UNC	-zwɑŋ	-𐑟𐑢ɑ𐑙	ˈzʌɡzwæŋ	𐑟𐑳𐑜𐑟𐑢𐑨𐑙	1
fragment-spec	zugzwang	NN1	UNC	-swɑŋ	-𐑕𐑢ɑ𐑙	ˈzʌɡzwæŋ	𐑟𐑳𐑜𐑟𐑢𐑨𐑙	1
fragment-spec	zugzwang	NN1	UNC	-tsvɑŋ	-𐑑𐑕𐑝ɑ𐑙	ˈzʌɡzwæŋ	𐑟𐑳𐑜𐑟𐑢𐑨𐑙	1
fragment-spec	zugzwang	VVI	UNC	ˈzʊɡ-	𐑟𐑫𐑜-	ˈzʌɡzwæŋ	𐑟𐑳𐑜𐑟𐑢𐑨𐑙	89
fragment-spec	zugzwang	VVI	UNC	ˈzuːɡ-	𐑟𐑵𐑜-	ˈzʌɡzwæŋ	𐑟𐑳𐑜𐑟𐑢𐑨𐑙	89
fragment-spec	zugzwang	VVI	UNC	-swæŋ	-𐑕𐑢𐑨𐑙	ˈzʌɡzwæŋ	𐑟𐑳𐑜𐑟𐑢𐑨𐑙	89
fragment-spec	zugzwang	VVI	UNC	-zwɑŋ	-𐑟𐑢ɑ𐑙	ˈzʌɡzwæŋ	𐑟𐑳𐑜𐑟𐑢𐑨𐑙	1
fragment-spec	zugzwang	VVI	UNC	-swɑŋ	-𐑕𐑢ɑ𐑙	ˈzʌɡzwæŋ	𐑟𐑳𐑜𐑟𐑢𐑨𐑙	1
fragment-spec	zugzwang	VVI	UNC	-tsvɑŋ	-𐑑𐑕𐑝ɑ𐑙	ˈzʌɡzwæŋ	𐑟𐑳𐑜𐑟𐑢𐑨𐑙	1
