word	our_shaw	our_ipa	var	confidence	readlex_shaw	readlex_ipa	notes
abattoir	𐑨𐑚𐑩𐑑𐑢𐑭	æbətwɑː	RRP	1	𐑨𐑚𐑩𐑑𐑢𐑸	ˈæbətwɑːR	r_gap:spelling=1,ipa=0; missing_r:spelling_has_r_but_shaw_has_none; shave_says:𐑨𐑚𐑩𐑑𐑢𐑸
accordion	𐑩𐑒𐑷𐑛𐑦𐑩𐑯	əkɔdiən	RRP	1	𐑩𐑒𐑹𐑛𐑾𐑯	əˈkɔːRdɪən	r_gap:spelling=1,ipa=0; missing_r:spelling_has_r_but_shaw_has_none; shave_says:𐑩𐑒𐑹𐑛𐑾𐑯
acquirement	𐑩𐑒𐑢𐑲𐑩𐑥𐑩𐑯𐑑	əkwaɪəmənt	RRP	1	𐑩𐑒𐑢𐑲𐑼𐑥𐑩𐑯𐑑	əˈkwaɪəRmənt	r_gap:spelling=1,ipa=0; missing_r:spelling_has_r_but_shaw_has_none; shave_says:𐑩𐑒𐑢𐑲𐑼𐑥𐑩𐑯𐑑
acres	𐑱𐑒𐑩𐑟	eɪkəz	RRP	1	𐑱𐑒𐑼𐑟	ˈeɪkəRz	r_gap:spelling=1,ipa=0; missing_r:spelling_has_r_but_shaw_has_none; shave_says:𐑱𐑒𐑼𐑟
alteration	𐑪𐑤𐑑𐑩𐑱𐑖𐑩𐑯	ɒltəeɪʃən	RRP	1	𐑷𐑤𐑑𐑼𐑱𐑖𐑩𐑯	ˌɔːltəˈreɪʃən	r_gap:spelling=1,ipa=0; missing_r:spelling_has_r_but_shaw_has_none; shave_says:𐑷𐑤𐑑𐑼𐑱𐑖𐑩𐑯
atelier	𐑨𐑑𐑩𐑤𐑘𐑱	ætəljeɪ	RRP	1	𐑨𐑑𐑧𐑤𐑦𐑱	æˈtelieɪ	r_gap:spelling=1,ipa=0; missing_r:spelling_has_r_but_shaw_has_none; shave_says:𐑭𐑑𐑧𐑤𐑦𐑱
boudoir	𐑚𐑵𐑛𐑢𐑭	buːdwɑː	RRP	1	𐑚𐑵𐑛𐑢𐑸	ˈbuːdwɑːR	r_gap:spelling=1,ipa=0; missing_r:spelling_has_r_but_shaw_has_none; shave_says:𐑚𐑵𐑛𐑢𐑸
clerk	𐑒𐑤𐑭𐑒	klɑːk	RRP	1	𐑒𐑤𐑸𐑒	klɑːRk	r_gap:spelling=1,ipa=0; missing_r:spelling_has_r_but_shaw_has_none; shave_says:𐑒𐑤𐑸𐑒
cornpone	𐑒𐑷𐑯𐑐𐑴𐑯	kɔnpəʊn	RRP	1	𐑒𐑹𐑯𐑐𐑴𐑯	ˈkɔːRnpəʊn	r_gap:spelling=1,ipa=0; missing_r:spelling_has_r_but_shaw_has_none; shave_says:𐑒𐑹𐑯𐑐𐑴𐑯
derby	𐑛𐑭𐑚𐑦	dɑːbi	RRP	1	𐑛𐑸𐑚𐑦, 𐑛𐑻𐑚𐑦	ˈdɑːRbi	r_gap:spelling=1,ipa=0; missing_r:spelling_has_r_but_shaw_has_none; shave_says:𐑛𐑸𐑚𐑦
differentiable	𐑛𐑦𐑓𐑩𐑧𐑯𐑖𐑩𐑚𐑩𐑤	dɪfəenʃəbəl	RRP	1	𐑛𐑦𐑓𐑼𐑧𐑯𐑖𐑦𐑩𐑚𐑩𐑤	ˌdɪfəˈrenʃiəbəl	r_gap:spelling=1,ipa=0; missing_r:spelling_has_r_but_shaw_has_none; shave_says:𐑛𐑦𐑓𐑼𐑩𐑯𐑑𐑾𐑚𐑩𐑤
entirely	𐑦𐑯𐑑𐑲𐑩𐑤𐑦	ɪntaɪəli	RRP	1	𐑦𐑯𐑑𐑲𐑼𐑤𐑦	ɪnˈtaɪəRli	r_gap:spelling=1,ipa=0; missing_r:spelling_has_r_but_shaw_has_none; shave_says:𐑦𐑯𐑑𐑲𐑼𐑤𐑦
fibreglass	𐑓𐑲𐑚𐑩𐑜𐑤𐑭𐑕	faɪbəɡlɑːs	RRP	1	𐑓𐑲𐑚𐑼𐑜𐑤𐑨𐑕, 𐑓𐑲𐑚𐑼𐑜𐑤𐑭𐑕	ˈfaɪbəRɡlⱭːs	r_gap:spelling=1,ipa=0; missing_r:spelling_has_r_but_shaw_has_none; shave_says:𐑓𐑲𐑚𐑼𐑜𐑤𐑭𐑕
fireball	𐑓𐑲𐑩𐑚𐑷𐑤	faɪəbɔːl	RRP	1	𐑓𐑲𐑼𐑚𐑷𐑤	ˈfaɪəRbɔːl	r_gap:spelling=1,ipa=0; missing_r:spelling_has_r_but_shaw_has_none; shave_says:𐑓𐑲𐑼𐑚𐑷𐑤
firelight	𐑓𐑲𐑩𐑤𐑲𐑑	faɪəlaɪt	RRP	1	𐑓𐑲𐑼𐑤𐑲𐑑	ˈfaɪəRlaɪt	r_gap:spelling=1,ipa=0; missing_r:spelling_has_r_but_shaw_has_none; shave_says:𐑓𐑲𐑼𐑤𐑲𐑑
fireman	𐑓𐑲𐑩𐑥𐑩𐑯	faɪəmən	RRP	1	𐑓𐑲𐑼𐑥𐑩𐑯	ˈfaɪəRmən	r_gap:spelling=1,ipa=0; missing_r:spelling_has_r_but_shaw_has_none; shave_says:𐑓𐑲𐑼𐑥𐑩𐑯
fireplace	𐑓𐑲𐑩𐑐𐑤𐑱𐑕	faɪəpleɪs	RRP	1	𐑓𐑲𐑼𐑐𐑤𐑱𐑕	ˈfaɪəRpleɪs	r_gap:spelling=1,ipa=0; missing_r:spelling_has_r_but_shaw_has_none; shave_says:𐑓𐑲𐑼𐑐𐑤𐑱𐑕
firewood	𐑓𐑲𐑩𐑢𐑫𐑛	faɪəwʊd	RRP	1	𐑓𐑲𐑼𐑢𐑫𐑛	ˈfaɪəRwʊd	r_gap:spelling=1,ipa=0; missing_r:spelling_has_r_but_shaw_has_none; shave_says:𐑓𐑲𐑼𐑢𐑫𐑛
hireling	𐑣𐑲𐑩𐑤𐑦𐑙	haɪəlɪŋ	RRP	1	𐑣𐑲𐑼𐑤𐑦𐑙	ˈhaɪəRlɪŋ	r_gap:spelling=1,ipa=0; missing_r:spelling_has_r_but_shaw_has_none; shave_says:𐑣𐑲𐑼𐑤𐑦𐑙
horny	𐑣𐑷𐑯𐑦	hɔni	RRP	1	𐑣𐑹𐑯𐑦	ˈhɔːRni	r_gap:spelling=1,ipa=0; missing_r:spelling_has_r_but_shaw_has_none; shave_says:𐑣𐑹𐑯𐑦
hyperactive	𐑣𐑲𐑐𐑩𐑨𐑒𐑑𐑦𐑝	haɪpəæktɪv	RRP	1	𐑣𐑲𐑐𐑼𐑨𐑒𐑑𐑦𐑝	ˌhaɪpərˈæktɪv	r_gap:spelling=1,ipa=0; missing_r:spelling_has_r_but_shaw_has_none; shave_says:𐑣𐑲𐑐𐑼𐑨𐑒𐑑𐑦𐑝
iron	𐑲𐑩𐑯	aɪən	RRP	1	𐑲𐑼𐑯	ˈaɪəRn	r_gap:spelling=1,ipa=0; missing_r:spelling_has_r_but_shaw_has_none; shave_says:𐑲𐑼𐑯
irons	𐑲𐑩𐑯𐑟	aɪənz	RRP	1	𐑲𐑼𐑯𐑟	ˈaɪəRnz	r_gap:spelling=1,ipa=0; missing_r:spelling_has_r_but_shaw_has_none; shave_says:𐑲𐑼𐑯𐑟
latter-day	𐑤𐑨𐑑𐑩 𐑛𐑱	lætə deɪ	RRP	1	𐑤𐑨𐑑𐑼-𐑛𐑱	ˈlætəR-deɪ	r_gap:spelling=1,ipa=0; missing_r:spelling_has_r_but_shaw_has_none; shave_says:𐑤𐑨𐑑𐑼-𐑛𐑱
memoir	𐑥𐑧𐑥𐑢𐑭	memwɑː	RRP	1	𐑥𐑧𐑥𐑢𐑸	ˈmemwɑːR	r_gap:spelling=1,ipa=0; missing_r:spelling_has_r_but_shaw_has_none; shave_says:𐑥𐑧𐑥𐑢𐑸
modern	𐑥𐑪𐑛𐑯	mɒdn	RRP	1	𐑥𐑪𐑛𐑼𐑯	ˈmɒdəRn	r_gap:spelling=1,ipa=0; missing_r:spelling_has_r_but_shaw_has_none; shave_says:𐑥𐑪𐑛𐑼𐑯
mrs	𐑥𐑦𐑕𐑩𐑟	mɪsƏz	RRP	1	𐑥𐑕𐑟	ˈmɪsɪz	r_gap:spelling=1,ipa=0; missing_r:spelling_has_r_but_shaw_has_none; shave_says:𐑥𐑕𐑟
namer	𐑯𐑱𐑥𐑧	neɪme	RRP	1	𐑯𐑱𐑥𐑼	ˈneɪməR	r_gap:spelling=1,ipa=0; missing_r:spelling_has_r_but_shaw_has_none; shave_says:𐑯𐑱𐑥𐑼
nirvana	𐑯𐑾𐑝𐑭𐑯𐑩	nɪəvɑːnə	RRP	1	𐑯𐑽𐑝𐑭𐑯𐑩	nɪəRˈvɑːnə	r_gap:spelling=1,ipa=0; missing_r:spelling_has_r_but_shaw_has_none; shave_says:𐑯𐑼𐑝𐑭𐑯𐑩
o'er	𐑷	ɔː	RRP	1	𐑴𐑼	ˈəʊəR	r_gap:spelling=1,ipa=0; missing_r:spelling_has_r_but_shaw_has_none; shave_says:𐑴𐑼
pattern	𐑐𐑨𐑑𐑯	patn	RRP	1	𐑐𐑨𐑑𐑼𐑯	ˈpætəRn	r_gap:spelling=1,ipa=0; missing_r:spelling_has_r_but_shaw_has_none; shave_says:𐑐𐑨𐑑𐑼𐑯
postern	𐑐𐑪𐑕𐑑𐑯	pɒstn	RRP	1	𐑐𐑪𐑕𐑑𐑼𐑯	ˈpɒstəRn	r_gap:spelling=1,ipa=0; missing_r:spelling_has_r_but_shaw_has_none; shave_says:𐑐𐑪𐑕𐑑𐑼𐑯
purely	𐑐𐑘𐑷𐑤𐑦	pjɔːli	RRP	1	𐑐𐑘𐑫𐑼𐑤𐑦	ˈpjʊəRli	r_gap:spelling=1,ipa=0; missing_r:spelling_has_r_but_shaw_has_none; shave_says:𐑐𐑘𐑫𐑼𐑤𐑦
sergeant	𐑕𐑭𐑡𐑩𐑯𐑑	sɑːdʒənt	RRP	1	𐑕𐑸𐑡𐑩𐑯𐑑	ˈsɑːRdʒənt	r_gap:spelling=1,ipa=0; missing_r:spelling_has_r_but_shaw_has_none; shave_says:𐑕𐑸𐑡𐑩𐑯𐑑
sister-in-law	𐑕𐑦𐑕𐑑𐑩𐑦𐑯𐑤𐑷	sɪstəɪnlɔː	RRP	1	𐑕𐑦𐑕𐑑𐑼-𐑦𐑯-𐑤𐑷	ˈsɪstər-ɪn-lɔː	r_gap:spelling=1,ipa=0; missing_r:spelling_has_r_but_shaw_has_none; shave_says:𐑕𐑦𐑕𐑑𐑼-𐑦𐑯-𐑤𐑷
sorghum	𐑕𐑷𐑜𐑩𐑥	sɔɡəm	RRP	1	𐑕𐑹𐑜𐑩𐑥	ˈsɔːRɡəm	r_gap:spelling=1,ipa=0; missing_r:spelling_has_r_but_shaw_has_none; shave_says:𐑕𐑹𐑜𐑩𐑥
sortie	𐑕𐑷𐑑𐑦	sɔti	RRP	1	𐑕𐑹𐑑𐑦	ˈsɔːRti	r_gap:spelling=1,ipa=0; missing_r:spelling_has_r_but_shaw_has_none; shave_says:𐑕𐑹𐑑𐑦
tiresome	𐑑𐑲𐑩𐑕𐑩𐑥	taɪəsəm	RRP	1	𐑑𐑲𐑼𐑕𐑩𐑥	ˈtaɪəRsəm	r_gap:spelling=1,ipa=0; missing_r:spelling_has_r_but_shaw_has_none; shave_says:𐑑𐑲𐑼𐑕𐑩𐑥
underhand	𐑳𐑯𐑛𐑩𐑨𐑯𐑛	ʌndəænd	RRP	1	𐑳𐑯𐑛𐑼𐑣𐑨𐑯𐑛	ˈʌndəRhænd	r_gap:spelling=1,ipa=0; missing_r:spelling_has_r_but_shaw_has_none; shave_says:𐑳𐑯𐑛𐑼𐑣𐑨𐑯𐑛
wireless	𐑢𐑲𐑩𐑤𐑩𐑕	waɪələs	RRP	1	𐑢𐑲𐑼𐑤𐑩𐑕	ˈwaɪəRləs	r_gap:spelling=1,ipa=0; missing_r:spelling_has_r_but_shaw_has_none; shave_says:𐑢𐑲𐑼𐑤𐑩𐑕
diarrhea	𐑛𐑲𐑼𐑰𐑩	daɪəriːə	RRP	3	𐑛𐑲𐑼𐑾	ˌdaɪəˈrɪə	ml_disagrees:𐑛𐑲𐑼𐑦ː𐑩; r_gap:spelling=2,ipa=1; shave_says:𐑛𐑲𐑼𐑾
actually	𐑨𐑒𐑖𐑫𐑼𐑤𐑦	ˈakʃʊəli	RRP	5	𐑨𐑒𐑗𐑫𐑩𐑤𐑦	ˈæktʃuəli	ml_disagrees:𐑨𐑒𐑖𐑫𐑩𐑤𐑦; shave_says:𐑨𐑒𐑑𐑵𐑤𐑦
annually	𐑨𐑯𐑘𐑩𐑩𐑤𐑦	ˈænjəəli	RRP	5	𐑨𐑯𐑘𐑫𐑩𐑤𐑦	ˈænjuəli	ml_disagrees:𐑨𐑯𐑘𐑫𐑩𐑤𐑦; shave_says:𐑨𐑯𐑿𐑤𐑦
bayonet	𐑚𐑱𐑩𐑯𐑦𐑑	ˈbeɪənɪt	RRP	5	𐑚𐑱𐑩𐑯𐑧𐑑	ˈbeɪənet	ml_disagrees:𐑚𐑱𐑩𐑯𐑩𐑑; shave_says:𐑚𐑱𐑩𐑯𐑧𐑑
casually	𐑒𐑨𐑠𐑫𐑼𐑤𐑦	ˈkæʒʊəli	RRP	5	𐑒𐑨𐑠𐑫𐑩𐑤𐑦	ˈkæʒuəli	ml_disagrees:𐑒𐑨𐑠𐑫𐑩𐑤𐑦; shave_says:𐑒𐑨𐑠𐑵𐑤𐑦
comprehensible	𐑒𐑪𐑥𐑐𐑮𐑩𐑣𐑧𐑯𐑕𐑦𐑚𐑩𐑤	kɒmprəhensɪbəl	RRP	5	𐑒𐑪𐑥𐑐𐑮𐑦𐑣𐑧𐑯𐑕𐑩𐑚𐑩𐑤	ˌkɒmprɪˈhensəbəl	ml_disagrees:𐑒𐑪𐑥𐑐𐑮𐑩𐑣𐑧𐑯𐑕𐑩𐑚𐑩𐑤; shave_says:𐑒𐑪𐑥𐑐𐑮𐑦𐑣𐑧𐑯𐑕𐑩𐑚𐑩𐑤
continuation	𐑒𐑩𐑯𐑑𐑦𐑯𐑘𐑩𐑱𐑖𐑯	kəntɪnjəˈeɪʃn	RRP	5	𐑒𐑩𐑯𐑑𐑦𐑯𐑘𐑫𐑱𐑖𐑩𐑯	kənˌtɪnjuˈeɪʃən	ml_disagrees:𐑒𐑩𐑯𐑑𐑦𐑯𐑘𐑫𐑱𐑖𐑯; shave_says:𐑒𐑩𐑯𐑑𐑦𐑯𐑿𐑱𐑖𐑩𐑯
curate	𐑒𐑘𐑩𐑼𐑩𐑑	kjəərət	RRP	5	𐑒𐑘𐑫𐑼𐑩𐑑	ˈkjʊərət	ml_disagrees:𐑒𐑘𐑫𐑼𐑩𐑑; shave_says:[𐑒𐑘𐑫𐑼𐑩𐑑 / 𐑒𐑘𐑫𐑼𐑱𐑑]
cure-all	𐑒𐑘𐑩𐑼𐑷𐑤	kjəərɔːl	RRP	5	𐑒𐑘𐑫𐑼-𐑷𐑤	ˈkjʊər-ɔːl	ml_disagrees:𐑒𐑘𐑫𐑼𐑷𐑤; shave_says:𐑒𐑘𐑫𐑼-𐑷𐑤
curious	𐑒𐑘𐑩𐑼𐑦𐑩𐑕	kjəəriəs	RRP	5	𐑒𐑘𐑫𐑼𐑾𐑕	ˈkjʊərɪəs	ml_disagrees:𐑒𐑘𐑫𐑼𐑦𐑩𐑕; shave_says:𐑒𐑘𐑫𐑼𐑾𐑕
curiously	𐑒𐑘𐑩𐑼𐑦𐑩𐑕𐑤𐑦	kjəəriəsli	RRP	5	𐑒𐑘𐑫𐑼𐑾𐑕𐑤𐑦	ˈkjʊərɪəsli	ml_disagrees:𐑒𐑘𐑫𐑼𐑦𐑩𐑕𐑤𐑦; shave_says:𐑒𐑘𐑫𐑼𐑾𐑕𐑤𐑦
davit	𐑛𐑱𐑝𐑦𐑑	ˈdeɪvɪt	RRP	5	𐑛𐑨𐑝𐑦𐑑	ˈdævɪt	ml_disagrees:𐑛𐑱𐑝𐑩𐑑; shave_says:𐑛𐑨𐑝𐑦𐑑
debenture	𐑛𐑦𐑚𐑧𐑯𐑑𐑘𐑩𐑼	dɪbentjəəR	RRP	5	𐑛𐑦𐑚𐑧𐑯𐑗𐑼	dɪˈbentʃəR	ml_disagrees:𐑛𐑦𐑚𐑧𐑯𐑑𐑘ː𐑼; shave_says:𐑛𐑦𐑚𐑧𐑯𐑗𐑼
deciduous	𐑛𐑦𐑕𐑦𐑡𐑫𐑼𐑕	dɪˈsɪdʒʊəs	RRP	5	𐑛𐑦𐑕𐑦𐑛𐑘𐑫𐑩𐑕	dɪˈsɪdjuəs	ml_disagrees:𐑛𐑦𐑕𐑦𐑡𐑫𐑩𐑕; shave_says:𐑛𐑦𐑕𐑦𐑛𐑿𐑩𐑕
emporium	𐑧𐑥𐑐𐑹𐑦𐑩𐑥	empɔːriəm	RRP	5	𐑦𐑥𐑐𐑹𐑾𐑥	ɪmˈpɔːrɪəm	ml_disagrees:𐑦𐑥𐑐𐑹𐑦𐑩𐑥; shave_says:𐑧𐑥𐑐𐑹𐑾𐑥
empress	𐑧𐑥𐑐𐑮𐑩𐑕	emprəs	RRP	5	𐑧𐑥𐑐𐑮𐑧𐑕	ˈempres	ml_disagrees:𐑦𐑥𐑐𐑮𐑩𐑕; shave_says:𐑧𐑥𐑐𐑮𐑧𐑕
empyrean	𐑧𐑥𐑐𐑲𐑮𐑰𐑩𐑯	empaɪriːən	RRP	5	𐑧𐑥𐑐𐑲𐑼𐑾𐑯	ˌempaɪəˈriən	ml_disagrees:𐑦𐑥𐑐𐑲𐑮𐑰𐑩𐑯; shave_says:𐑧𐑥𐑐𐑽𐑾𐑯
enquiry	𐑧𐑯𐑒𐑢𐑲𐑮𐑦	enkwaɪri	RRP	5	𐑦𐑯𐑒𐑢𐑲𐑼𐑦	ɪnˈkwaɪəri	ml_disagrees:𐑦𐑯𐑒𐑢𐑲𐑮𐑦; shave_says:𐑦𐑯𐑒𐑢𐑲𐑼𐑦
epicurean	𐑧𐑐𐑦𐑒𐑘𐑩𐑼𐑰𐑩𐑯	epɪkjəəriːən	RRP	5	𐑧𐑐𐑦𐑒𐑘𐑫𐑼𐑾𐑯	ˌepɪkjʊəˈriən	ml_disagrees:𐑧𐑐𐑦𐑒𐑘𐑫𐑼𐑦ː𐑩𐑯; shave_says:𐑧𐑐𐑦𐑒𐑘𐑫𐑼𐑾𐑯
european	𐑘𐑩𐑼𐑼𐑐𐑰𐑩𐑯	jəərəRpiːən	RRP	5	𐑘𐑫𐑼𐑩𐑐𐑾𐑯	ˌjʊərəˈpiən	ml_disagrees:𐑘𐑫𐑼𐑼𐑐𐑰𐑩𐑯; shave_says:𐑘𐑫𐑼𐑩𐑐𐑩𐑯
eventual	𐑦𐑝𐑧𐑯𐑖𐑫𐑼𐑤	ɪˈvenʃʊəl	RRP	5	𐑦𐑝𐑧𐑯𐑗𐑫𐑩𐑤	ɪˈventʃuəl	ml_disagrees:𐑦𐑝𐑧𐑯𐑖𐑫𐑩𐑤; shave_says:𐑦𐑝𐑧𐑯𐑑𐑵𐑩𐑤
extenuation	𐑧𐑒𐑕𐑑𐑧𐑯𐑘𐑩𐑱𐑖𐑩𐑯	eksˌtenjəˈeɪʃən	RRP	5	𐑦𐑒𐑕𐑑𐑧𐑯𐑘𐑫𐑱𐑖𐑩𐑯	ɪkˌstenjuˈeɪʃən	ml_disagrees:𐑧𐑒𐑕𐑑𐑧𐑯𐑘𐑫𐑱𐑖𐑩𐑯; shave_says:𐑦𐑒𐑕𐑑𐑧𐑯𐑿𐑱𐑖𐑩𐑯
factual	𐑓𐑨𐑒𐑖𐑫𐑼𐑤	ˈfakʃʊəl	RRP	5	𐑓𐑨𐑒𐑗𐑫𐑩𐑤	ˈfæktʃuəl	ml_disagrees:𐑓𐑨𐑒𐑖𐑫𐑩𐑤; shave_says:𐑓𐑨𐑒𐑑𐑵𐑩𐑤
flibbertigibbet	𐑓𐑤𐑦𐑚𐑼𐑑𐑦𐑡𐑦𐑚𐑦𐑑	flɪbəRtidʒɪbɪt	RRP	5	𐑓𐑤𐑦𐑚𐑼𐑑𐑦𐑡𐑦𐑚𐑩𐑑	ˌflɪbəRtiˈdʒɪbIt	ml_disagrees:𐑓𐑤𐑦𐑚𐑼𐑑𐑦𐑡𐑩𐑚𐑦𐑑; shave_says:𐑓𐑤𐑦𐑚𐑼𐑑𐑦𐑡𐑦𐑚𐑩𐑑
florid	𐑓𐑤𐑪𐑮𐑩𐑛	flɒrƏd	RRP	5	𐑓𐑤𐑪𐑮𐑦𐑛	ˈflɒrɪd	ml_disagrees:𐑓𐑤𐑪𐑮𐑦𐑛; shave_says:𐑓𐑤𐑹𐑦𐑛
gibbet	𐑡𐑦𐑚𐑦𐑑	ˈdʒɪbɪt	RRP	5	𐑡𐑦𐑚𐑩𐑑	ˈdʒɪbIt	ml_disagrees:𐑡𐑩𐑚𐑦𐑑; shave_says:𐑡𐑦𐑚𐑩𐑑
gibraltarian	𐑡𐑦𐑚𐑮𐑹𐑤𐑑𐑺𐑦𐑼𐑯	dʒɪbrɔːRlteəriəRn	RRP	5	𐑡𐑦𐑚𐑮𐑷𐑤𐑑𐑺𐑾𐑯	ˌdʒɪbrɔːlˈteərɪən	ml_disagrees:𐑡𐑩𐑚𐑮𐑹𐑤𐑑𐑺𐑦𐑼𐑯; shave_says:𐑡𐑦𐑚𐑮𐑷𐑤𐑑𐑺𐑾𐑯
habitual	𐑣𐑩𐑚𐑦𐑗𐑫𐑼𐑤	həˈbɪtʃʊəl	RRP	5	𐑣𐑩𐑚𐑦𐑗𐑫𐑩𐑤	həˈbɪtʃuəl	ml_disagrees:𐑣𐑩𐑚𐑦𐑗𐑫𐑩𐑤; shave_says:𐑣𐑩𐑚𐑦𐑗𐑵𐑩𐑤
hydrogenate	𐑣𐑲𐑛𐑮𐑪𐑡𐑩𐑯𐑱𐑑	haɪdrɒdʒəneɪt	RRP	5	𐑣𐑲𐑛𐑮𐑪𐑡𐑦𐑯𐑱𐑑	haɪˈdrɒdʒɪneɪt	ml_disagrees:𐑣𐑲𐑛𐑮𐑪𐑡𐑦𐑯𐑱𐑑; shave_says:[𐑣𐑲𐑛𐑮𐑪𐑡𐑩𐑯𐑩𐑑 / 𐑣𐑲𐑛𐑮𐑪𐑡𐑩𐑯𐑱𐑑]
immature	𐑦𐑥𐑩𐑑𐑘𐑩𐑼	ɪmətjəəR	RRP	5	𐑦𐑥𐑩𐑗𐑫𐑼	ˌɪməˈtʃʊəR	ml_disagrees:𐑦𐑥𐑩𐑑𐑘ː𐑼; shave_says:𐑦𐑥𐑩𐑗𐑫𐑼
incurable	𐑦𐑯𐑒𐑘𐑩𐑼𐑩𐑚𐑤	ɪnkjəərəbl	RRP	5	𐑦𐑯𐑒𐑘𐑫𐑼𐑩𐑚𐑩𐑤	ɪnˈkjʊərəbəl	ml_disagrees:𐑦𐑯𐑒𐑘𐑫𐑼𐑩𐑚𐑤; shave_says:𐑦𐑯𐑒𐑘𐑫𐑼𐑩𐑚𐑩𐑤
individual	𐑦𐑯𐑛𐑦𐑝𐑦𐑡𐑫𐑼𐑤	ˌɪndɪˈvɪdʒʊəl	RRP	5	𐑦𐑯𐑛𐑦𐑝𐑦𐑡𐑫𐑩𐑤	ˌɪndɪˈvɪdʒuəl	ml_disagrees:𐑦𐑯𐑛𐑦𐑝𐑦𐑡𐑫𐑩𐑤; shave_says:𐑦𐑯𐑛𐑦𐑝𐑦𐑡𐑵𐑩𐑤
intangible	𐑦𐑯𐑑𐑨𐑯𐑡𐑦𐑚𐑤	ɪnˈtandʒɪbl	RRP	5	𐑦𐑯𐑑𐑨𐑯𐑡𐑩𐑚𐑩𐑤	ɪnˈtændʒəbəl	ml_disagrees:𐑦𐑯𐑑𐑨𐑯𐑡𐑩𐑚𐑤; shave_says:𐑦𐑯𐑑𐑨𐑯𐑡𐑩𐑚𐑩𐑤
intellectual	𐑦𐑯𐑑𐑩𐑤𐑧𐑒𐑖𐑫𐑼𐑤	ˌɪntəˈlekʃʊəl	RRP	5	𐑦𐑯𐑑𐑩𐑤𐑧𐑒𐑗𐑫𐑩𐑤	ˌɪntəˈlektʃuəl	ml_disagrees:𐑦𐑯𐑑𐑩𐑤𐑧𐑒𐑖𐑫𐑩𐑤; shave_says:𐑦𐑯𐑑𐑩𐑤𐑧𐑒𐑑𐑵𐑩𐑤
interior	𐑦𐑯𐑑𐑽𐑰𐑼	ɪntɪəriːəR	RRP	5	𐑦𐑯𐑑𐑽𐑽	ɪnˈtɪərɪəR	ml_disagrees:𐑦𐑯𐑑𐑽𐑦ː𐑼; shave_says:𐑦𐑯𐑑𐑽𐑽
korea	𐑒𐑼𐑰𐑩	kəriːə	RRP	5	𐑒𐑼𐑾	kəˈrɪə	ml_disagrees:𐑒𐑼𐑦ː𐑩; shave_says:𐑒𐑼𐑾
mutually	𐑥𐑿𐑗𐑫𐑼𐑤𐑦	ˈmjuːtʃʊəli	RRP	5	𐑥𐑿𐑗𐑫𐑩𐑤𐑦	ˈmjuːtʃuəli	ml_disagrees:𐑥𐑿𐑗𐑫𐑩𐑤𐑦; shave_says:𐑥𐑿𐑑𐑵𐑤𐑦
neural	𐑯𐑘𐑩𐑼𐑼𐑤	njəərəRl	RRP	5	𐑯𐑘𐑫𐑼𐑩𐑤	ˈnjʊərəl	ml_disagrees:𐑯𐑘𐑫𐑼𐑼𐑤; shave_says:𐑯𐑘𐑫𐑼𐑩𐑤
neurasthenia	𐑯𐑘𐑩𐑼𐑼𐑕𐑔𐑰𐑯𐑦𐑩	njəərəRsθiːniə	RRP	5	𐑯𐑘𐑫𐑼𐑩𐑕𐑔𐑰𐑯𐑾	ˌnjʊərəsˈθiːnɪə	ml_disagrees:𐑯𐑘𐑫𐑼𐑼𐑕𐑔𐑰𐑯𐑦𐑩; shave_says:𐑯𐑘𐑫𐑼𐑩𐑕𐑔𐑰𐑯𐑾
neurasthenic	𐑯𐑘𐑩𐑼𐑼𐑕𐑔𐑧𐑯𐑦𐑒	njəərəRsθenɪk	RRP	5	𐑯𐑘𐑫𐑼𐑩𐑕𐑔𐑧𐑯𐑦𐑒	ˌnjʊərəsˈθenɪk	ml_disagrees:𐑯𐑘𐑫𐑼𐑼𐑕𐑔𐑧𐑯𐑦𐑒; shave_says:𐑯𐑘𐑫𐑼𐑩𐑕𐑔𐑰𐑯𐑦𐑒
overture	𐑴𐑝𐑼𐑑𐑘𐑩𐑼	əʊvəRtjəəR	RRP	5	𐑴𐑝𐑼𐑗𐑫𐑼	ˈəʊvəRtʃʊəR	ml_disagrees:𐑴𐑝𐑼𐑑𐑘ː𐑼; shave_says:𐑴𐑝𐑼𐑗𐑫𐑼
pizzeria	𐑐𐑰𐑑𐑕𐑼𐑰𐑩	piːtsəriːə	RRP	5	𐑐𐑰𐑑𐑕𐑼𐑾	ˌpiːtsəˈriːə	ml_disagrees:𐑐𐑰𐑑𐑕𐑼𐑦ː𐑩; shave_says:𐑐𐑰𐑑𐑕𐑼𐑾
portraiture	𐑐𐑹𐑑𐑮𐑦𐑑𐑘𐑩𐑼	pɔːRtrɪtjəəR	RRP	5	𐑐𐑹𐑑𐑮𐑦𐑗𐑼	ˈpɔːRtrɪtʃəR	ml_disagrees:𐑐𐑹𐑑𐑮𐑦𐑑𐑘ː𐑼; shave_says:𐑐𐑹𐑑𐑮𐑦𐑗𐑼
postman	𐑐𐑴𐑕𐑥𐑩𐑯	ˈpəʊsmən	RRP	5	𐑐𐑴𐑕𐑑𐑥𐑩𐑯	ˈpəʊstmən	ml_disagrees:𐑐𐑴𐑕𐑥𐑧𐑯; shave_says:𐑐𐑴𐑕𐑑𐑥𐑩𐑯
premature	𐑐𐑮𐑧𐑥𐑩𐑑𐑘𐑩𐑼	premətjəəR	RRP	5	𐑐𐑮𐑧𐑥𐑩𐑗𐑫𐑼	ˈpremətʃʊəR	ml_disagrees:𐑐𐑮𐑧𐑥𐑩𐑑𐑘ː𐑼; shave_says:𐑐𐑮𐑧𐑥𐑩𐑗𐑫𐑼
seamstress	𐑕𐑧𐑥𐑕𐑑𐑮𐑦𐑕	semstrɪs	RRP	5	𐑕𐑰𐑥𐑕𐑑𐑮𐑩𐑕	ˈsiːmstrƏs	ml_disagrees:𐑕𐑧𐑥𐑕𐑑𐑮𐑩𐑕; shave_says:𐑕𐑰𐑥𐑕𐑑𐑮𐑩𐑕
secure	𐑕𐑩𐑒𐑘𐑩𐑼	səkjəəR	RRP	5	𐑕𐑦𐑒𐑘𐑫𐑼	sɪˈkjʊəR	ml_disagrees:𐑕𐑩𐑒𐑘𐑫𐑼; shave_says:𐑕𐑦𐑒𐑘𐑫𐑼
securely	𐑕𐑼𐑒𐑘𐑩𐑼𐑤𐑦	səRkjəəRli	RRP	5	𐑕𐑦𐑒𐑘𐑫𐑼𐑤𐑦	sɪˈkjʊəRli	ml_disagrees:𐑕𐑼𐑒𐑘𐑫𐑼𐑤𐑦; shave_says:𐑕𐑦𐑒𐑘𐑫𐑼𐑤𐑦
security	𐑕𐑦𐑒𐑘𐑩𐑼𐑼𐑑𐑦	sɪkjəərəRti	RRP	5	𐑕𐑦𐑒𐑘𐑫𐑼𐑦𐑑𐑦	sɪˈkjʊərɪti	ml_disagrees:𐑕𐑦𐑒𐑘𐑫𐑼𐑼𐑑𐑦; shave_says:𐑕𐑦𐑒𐑘𐑫𐑼𐑦𐑑𐑦
serial	𐑕𐑽𐑰𐑩𐑤	sɪəriːəl	RRP	5	𐑕𐑽𐑾𐑤	ˈsɪərɪəl	ml_disagrees:𐑕𐑽𐑦ː𐑩𐑤; shave_says:𐑕𐑽𐑾𐑤
sibylline	𐑕𐑦𐑚𐑦𐑤𐑲𐑯	ˈsɪbɪlaɪn	RRP	5	𐑕𐑦𐑚𐑩𐑤𐑲𐑯	ˈsɪbəlaɪn	ml_disagrees:𐑕𐑩𐑚𐑦𐑤𐑲𐑯; shave_says:𐑕𐑦𐑚𐑩𐑤𐑲𐑯
statuesque	𐑕𐑑𐑨𐑑𐑘𐑩𐑧𐑕𐑒	statjəˈesk	RRP	5	𐑕𐑑𐑨𐑗𐑫𐑧𐑕𐑒	ˌstætʃuˈesk	ml_disagrees:𐑕𐑑𐑨𐑑𐑘𐑫𐑧𐑕𐑒; shave_says:𐑕𐑑𐑨𐑗𐑵𐑧𐑕𐑒
tangible	𐑑𐑨𐑯𐑠𐑦𐑚𐑤	ˈtænʒɪbl	RRP	5	𐑑𐑨𐑯𐑡𐑩𐑚𐑩𐑤	ˈtændʒəbəl	ml_disagrees:𐑑𐑨𐑯𐑠𐑩𐑚𐑤; shave_says:𐑑𐑨𐑯𐑡𐑩𐑚𐑩𐑤
tearful	𐑑𐑽𐑓𐑫𐑤	tɪəRfʊl	RRP	5	𐑑𐑽𐑓𐑩𐑤	ˈtɪəRfəl	ml_disagrees:𐑑𐑺𐑓𐑫𐑤; shave_says:𐑑𐑽𐑓𐑩𐑤
usual	𐑿𐑠𐑫𐑼𐑤	ˈjuːʒʊəl	RRP	5	𐑿𐑠𐑫𐑩𐑤	ˈjuːʒuəl	ml_disagrees:𐑿𐑠𐑫𐑩𐑤; shave_says:𐑿𐑠𐑵𐑩𐑤
venturesome	𐑝𐑧𐑯𐑑𐑘𐑩𐑼𐑕𐑳𐑥	ventjəəRsʌm	RRP	5	𐑝𐑧𐑯𐑗𐑼𐑕𐑩𐑥	ˈventʃəRsəm	ml_disagrees:𐑝𐑧𐑯𐑑𐑘ː𐑼𐑕𐑳𐑥; shave_says:𐑝𐑧𐑯𐑗𐑼𐑕𐑩𐑥
visual	𐑝𐑦𐑠𐑫𐑼𐑤	ˈvɪʒʊəl	RRP	5	𐑝𐑦𐑠𐑫𐑩𐑤	ˈvɪʒuəl	ml_disagrees:𐑝𐑦𐑠𐑫𐑩𐑤; shave_says:𐑝𐑦𐑠𐑵𐑩𐑤
visualise	𐑝𐑦𐑠𐑫𐑼𐑤𐑲𐑟	ˈvɪʒʊəlaɪz	RRP	5	𐑝𐑦𐑠𐑫𐑩𐑤𐑲𐑟	ˈvɪʒuəlaɪz	ml_disagrees:𐑝𐑦𐑠𐑫𐑩𐑤𐑲𐑟; shave_says:𐑝𐑦𐑠𐑵𐑩𐑤𐑲𐑟
visualization	𐑝𐑦𐑠𐑫𐑼𐑤𐑲𐑟𐑱𐑖𐑩𐑯	ˌvɪʒʊəlaɪˈzeɪʃən	RRP	5	𐑝𐑦𐑠𐑫𐑩𐑤𐑲𐑟𐑱𐑖𐑩𐑯	ˌvɪʒuəlaɪˈzeɪʃən	ml_disagrees:𐑝𐑦𐑠𐑫𐑩𐑤𐑲𐑟𐑱𐑖𐑩𐑯; shave_says:𐑝𐑦𐑠𐑵𐑩𐑤𐑲𐑟𐑱𐑖𐑩𐑯
arrowroot	𐑨𐑮𐑼𐑵𐑑	ærəruːt	RRP	30	𐑨𐑮𐑴𐑮𐑵𐑑	ˈærəʊruːt	r_gap:spelling=3,ipa=2; shave_says:𐑨𐑮𐑴𐑮𐑵𐑑
barrier	𐑚𐑨𐑮𐑦𐑼	bæriəR	RRP	30	𐑚𐑨𐑮𐑽	ˈbærɪəR	r_gap:spelling=3,ipa=2; shave_says:𐑚𐑨𐑮𐑽
berkshire	𐑚𐑭𐑒𐑖𐑼	bɑːkʃəR	RRP	30	𐑚𐑸𐑒𐑖𐑼	ˈbɑːRkʃər	r_gap:spelling=2,ipa=1; shave_says:𐑚𐑸𐑒𐑖𐑼
bilberry	𐑚𐑦𐑤𐑚𐑮𐑦	bɪlbrɪ	RRP	30	𐑚𐑦𐑤𐑚𐑼𐑦	ˈbɪlbəri	r_gap:spelling=2,ipa=1; shave_says:𐑚𐑦𐑤𐑚𐑼𐑦
blaeberry	𐑚𐑤𐑱𐑚𐑮𐑦	bleɪbri	RRP	30	𐑚𐑤𐑱𐑚𐑼𐑦	ˈbleɪbəri	r_gap:spelling=2,ipa=1; shave_says:𐑚𐑤𐑱𐑚𐑼𐑦
borrower	𐑚𐑷𐑮𐑩𐑫𐑼	bɔrəuəR	RRP	30	𐑚𐑪𐑮𐑴𐑼	ˈbɒrəʊəR	r_gap:spelling=3,ipa=2; shave_says:𐑚𐑪𐑮𐑴𐑼
carrion	𐑒𐑨𐑮𐑦𐑩𐑯	kæriən	RRP	30	𐑒𐑨𐑮𐑾𐑯	ˈkærɪən	r_gap:spelling=2,ipa=1; shave_says:𐑒𐑨𐑮𐑾𐑯
carry	𐑒𐑧𐑮𐑦	keri	RRP	30	𐑒𐑨𐑮𐑦	ˈkæri	r_gap:spelling=2,ipa=1; shave_says:𐑒𐑨𐑮𐑦
chaparral	𐑖𐑨𐑐𐑼𐑨𐑤	ʃæpəræl	RRP	30	𐑗𐑨𐑐𐑼𐑨𐑤	ˌtʃæpəˈræl	r_gap:spelling=2,ipa=1; shave_says:𐑗𐑨𐑐𐑼𐑨𐑤
correctly	𐑒𐑼𐑧𐑒𐑤𐑦	kərekli	RRP	30	𐑒𐑼𐑧𐑒𐑑𐑤𐑦	kəˈrektli	r_gap:spelling=2,ipa=1; shave_says:𐑒𐑼𐑧𐑒𐑑𐑤𐑦
cranberry	𐑒𐑮𐑨𐑯𐑚𐑮𐑦	krænbrɪ	RRP	30	𐑒𐑮𐑨𐑯𐑚𐑼𐑦	ˈkrænbəri	r_gap:spelling=3,ipa=2; shave_says:𐑒𐑮𐑨𐑯𐑚𐑼𐑦
derring-do	𐑛𐑧𐑮𐑦𐑙𐑛𐑵	derɪŋduː	RRP	30	𐑛𐑧𐑮𐑦𐑙-𐑛𐑵	ˌderɪŋ-ˈduː	r_gap:spelling=2,ipa=1; shave_says:𐑛𐑧𐑮𐑦𐑙-𐑛𐑵
earring	𐑽𐑦𐑙	ɪərɪŋ	RRP	30	𐑽𐑮𐑦𐑙	ˈɪəRrɪŋ	r_gap:spelling=2,ipa=1; shave_says:𐑽𐑮𐑦𐑙
equerry	𐑦𐑒𐑢𐑧𐑮𐑦	ɪkweri	RRP	30	𐑧𐑒𐑢𐑼𐑦	eˈkwəri	r_gap:spelling=2,ipa=1; shave_says:𐑧𐑒𐑢𐑼𐑦
escritoire	𐑧𐑕𐑒𐑮𐑦𐑑𐑢𐑭	eskritwɑː	RRP	30	𐑧𐑕𐑒𐑮𐑦𐑑𐑢𐑸	ˌeskrɪˈtwɑːR	r_gap:spelling=2,ipa=1; shave_says:𐑧𐑕𐑒𐑮𐑦𐑑𐑢𐑸
extraterrestrial	𐑧𐑒𐑕𐑑𐑮𐑩𐑑𐑼𐑧𐑕𐑑𐑮𐑦𐑩𐑤	ekstrətərestriəl	RRP	30	𐑧𐑒𐑕𐑑𐑮𐑩𐑑𐑦𐑮𐑧𐑕𐑑𐑮𐑾𐑤	ˌekstrətɪˈrestriəl	r_gap:spelling=4,ipa=3; shave_says:𐑧𐑒𐑕𐑑𐑮𐑩𐑑𐑼𐑧𐑕𐑑𐑮𐑾𐑤
farrago	𐑓𐑼𐑱𐑜𐑴	fəreɪɡoʊ	RRP	30	𐑓𐑼𐑭𐑜𐑴	fəˈrɑːɡəʊ	r_gap:spelling=2,ipa=1; shave_says:𐑓𐑼𐑭𐑜𐑴
farrier	𐑓𐑨𐑮𐑦𐑼	færiəR	RRP	30	𐑓𐑨𐑮𐑽	ˈfærɪəR	r_gap:spelling=3,ipa=2; shave_says:𐑓𐑨𐑮𐑽
ferrule	𐑓𐑧𐑮𐑤	ferl	RRP	30	𐑓𐑧𐑮𐑵𐑤	ˈferuːl	r_gap:spelling=2,ipa=1; shave_says:𐑓𐑧𐑮𐑵𐑤
firebrand	𐑓𐑲𐑩𐑚𐑮𐑨𐑯𐑛	faɪəbrænd	RRP	30	𐑓𐑲𐑼𐑚𐑮𐑨𐑯𐑛	ˈfaɪəRbrænd	r_gap:spelling=2,ipa=1; shave_says:𐑓𐑲𐑼𐑚𐑮𐑨𐑯𐑛
firefighter	𐑓𐑲𐑩𐑓𐑲𐑑𐑼	faɪəfaɪtəR	RRP	30	𐑓𐑲𐑼𐑓𐑲𐑑𐑼	ˈfaɪəRfaɪtəR	r_gap:spelling=2,ipa=1; shave_says:𐑓𐑲𐑼𐑓𐑲𐑑𐑼
garret	𐑜𐑨𐑮𐑦𐑑	ɡærɪt	RRP	30	𐑜𐑨𐑮𐑩𐑑	ˈɡærət	r_gap:spelling=2,ipa=1; shave_says:𐑜𐑨𐑮𐑩𐑑
garrulity	𐑜𐑼𐑫𐑤𐑦𐑑𐑦	ɡərulɪti	RRP	30	𐑜𐑨𐑮𐑵𐑤𐑦𐑑𐑦	ɡæˈruːlɪti	r_gap:spelling=2,ipa=1; shave_says:𐑜𐑨𐑮𐑵𐑤𐑦𐑑𐑦
garrulous	𐑜𐑨𐑮𐑫𐑤𐑩𐑕	ɡærʊləs	RRP	30	𐑜𐑨𐑮𐑩𐑤𐑩𐑕	ˈɡærələs	r_gap:spelling=2,ipa=1; shave_says:𐑜𐑨𐑮𐑤𐑩𐑕
gonorrhea	𐑜𐑪𐑯𐑼𐑦𐑩	ɡɒnəriə	RRP	30	𐑜𐑪𐑯𐑼𐑾	ˌɡɒnəˈrɪə	r_gap:spelling=2,ipa=1; shave_says:𐑜𐑪𐑯𐑼𐑾
gooseberry	𐑜𐑫𐑟𐑚𐑮𐑦	ɡʊzbri	RRP	30	𐑜𐑫𐑟𐑚𐑼𐑦	ˈɡʊzbəri	r_gap:spelling=2,ipa=1; shave_says:𐑜𐑫𐑟𐑚𐑼𐑦
hemorrhage	𐑣𐑧𐑥𐑮𐑦𐑡	hemrɪdʒ	RRP	30	𐑣𐑧𐑥𐑼𐑦𐑡	ˈhemərɪdʒ	r_gap:spelling=2,ipa=1; shave_says:𐑣𐑧𐑥𐑼𐑦𐑡
huckleberry	𐑣𐑳𐑒𐑩𐑤𐑚𐑮𐑦	hʌkəlbri	RRP	30	𐑣𐑳𐑒𐑩𐑤𐑚𐑼𐑦	ˈhʌkəlbəri	r_gap:spelling=2,ipa=1; shave_says:𐑣𐑳𐑒𐑩𐑤𐑚𐑼𐑦
interracial	𐑦𐑯𐑑𐑼𐑱𐑖𐑩𐑤	ɪntəreɪʃəl	RRP	30	𐑦𐑯𐑑𐑼𐑮𐑱𐑖𐑩𐑤	ˌɪntəRˈreɪʃəl	r_gap:spelling=2,ipa=1; shave_says:𐑦𐑯𐑑𐑼𐑮𐑱𐑖𐑩𐑤
ironmonger	𐑲𐑩𐑯𐑥𐑳𐑙𐑜𐑼	aɪənmʌŋɡəR	RRP	30	𐑲𐑼𐑯𐑥𐑳𐑙𐑜𐑼	ˈaɪəRnmʌŋɡəR	r_gap:spelling=2,ipa=1; shave_says:𐑲𐑼𐑯𐑥𐑳𐑙𐑜𐑼
irrational	𐑦𐑮𐑨𐑖𐑯𐑩𐑤	ɪræʃnəl	RRP	30	𐑦𐑮𐑨𐑖𐑩𐑯𐑩𐑤	ɪˈræʃənəl	r_gap:spelling=2,ipa=1; shave_says:𐑦𐑮𐑨𐑖𐑩𐑯𐑩𐑤
irresponsible	𐑦𐑮𐑦𐑕𐑐𐑪𐑯𐑕𐑩𐑚𐑤	ɪrɪspɒnsəbl	RRP	30	𐑦𐑮𐑦𐑕𐑐𐑪𐑯𐑕𐑩𐑚𐑩𐑤	ˌɪrɪˈspɒnsəbəl	r_gap:spelling=2,ipa=1; shave_says:𐑦𐑮𐑦𐑕𐑐𐑪𐑯𐑕𐑩𐑚𐑩𐑤
irrevocable	𐑦𐑮𐑧𐑝𐑩𐑒𐑩𐑚𐑤	ɪrevəkəbl	RRP	30	𐑦𐑮𐑧𐑝𐑩𐑒𐑩𐑚𐑩𐑤	ɪˈrevəkəbəl	r_gap:spelling=2,ipa=1; shave_says:𐑦𐑮𐑧𐑝𐑩𐑒𐑩𐑚𐑩𐑤
irritable	𐑦𐑮𐑦𐑑𐑩𐑚𐑤	ɪrɪtəbl	RRP	30	𐑦𐑮𐑦𐑑𐑩𐑚𐑩𐑤	ˈɪrɪtəbəl	r_gap:spelling=2,ipa=1; shave_says:𐑦𐑮𐑦𐑑𐑩𐑚𐑩𐑤
itinerary	𐑲𐑑𐑦𐑯𐑼𐑦	aɪtɪnəri	RRP	30	𐑲𐑑𐑦𐑯𐑼𐑼𐑦	aɪˈtɪnərəri	r_gap:spelling=2,ipa=1; shave_says:𐑲𐑑𐑦𐑯𐑼𐑼𐑦
library	𐑤𐑲𐑚𐑮𐑦	laɪbri	RRP	30	𐑤𐑲𐑚𐑮𐑼𐑦	ˈlaɪbrəri	r_gap:spelling=2,ipa=1; shave_says:𐑤𐑲𐑚𐑮𐑼𐑦
merry-go-round	𐑥𐑧𐑮𐑦𐑜𐑴𐑮𐑬𐑯𐑛	meriɡoʊraʊnd	RRP	30	𐑥𐑧𐑮𐑦-𐑜𐑴-𐑮𐑬𐑯𐑛	ˈmeri-ɡəʊ-raʊnd	r_gap:spelling=3,ipa=2; shave_says:𐑥𐑧𐑮𐑦-𐑜𐑴-𐑮𐑬𐑯𐑛
overrate	𐑴𐑝𐑼𐑱𐑑	əʊvəreɪt	RRP	30	𐑴𐑝𐑼𐑮𐑱𐑑	ˌəʊvəRˈreɪt	r_gap:spelling=2,ipa=1; shave_says:𐑴𐑝𐑼𐑮𐑱𐑑
overreach	𐑴𐑝𐑼𐑰𐑗	əʊvəriːtʃ	RRP	30	𐑴𐑝𐑼𐑮𐑰𐑗	ˌəʊvəRˈriːtʃ	r_gap:spelling=2,ipa=1; shave_says:𐑴𐑝𐑼𐑮𐑰𐑗
override	𐑴𐑝𐑼𐑲𐑛	əʊvəraɪd	RRP	30	𐑴𐑝𐑼𐑮𐑲𐑛	ˌəʊvəRˈraɪd	r_gap:spelling=2,ipa=1; shave_says:𐑴𐑝𐑼𐑮𐑲𐑛
overrule	𐑴𐑝𐑼𐑵𐑤	əʊvəruːl	RRP	30	𐑴𐑝𐑼𐑮𐑵𐑤	ˌəʊvəRˈruːl	r_gap:spelling=2,ipa=1; shave_says:𐑴𐑝𐑼𐑮𐑵𐑤
overrun	𐑴𐑝𐑼𐑳𐑯	əʊvərʌn	RRP	30	𐑴𐑝𐑼𐑮𐑳𐑯	ˌəʊvəRˈrʌn	r_gap:spelling=2,ipa=1; shave_says:𐑴𐑝𐑼𐑮𐑳𐑯
overwrought	𐑴𐑝𐑼𐑷𐑑	əʊvərɔːt	RRP	30	𐑴𐑝𐑼𐑮𐑷𐑑	ˌəʊvəRˈrɔːt	r_gap:spelling=2,ipa=1; shave_says:𐑴𐑝𐑼𐑮𐑷𐑑
potpourri	𐑐𐑴𐑐𐑼𐑰	pəʊpəriː	RRP	30	𐑐𐑴𐑐𐑫𐑼𐑰	ˌpəʊˈpʊəriː	r_gap:spelling=2,ipa=1; shave_says:𐑐𐑴𐑐𐑫𐑼𐑰
pyorrhoea	𐑐𐑳𐑽𐑾	pʌɪərɪə	RRP	30	𐑐𐑲𐑼𐑾	ˌpaɪəˈrɪə	r_gap:spelling=2,ipa=1; shave_says:𐑐𐑲𐑼𐑾
quarryman	𐑒𐑢𐑷𐑮𐑦𐑥𐑩𐑯	kwɔrimən	RRP	30	𐑒𐑢𐑪𐑮𐑦𐑥𐑩𐑯	ˈkwɒrɪmən	r_gap:spelling=2,ipa=1; shave_says:𐑒𐑢𐑪𐑮𐑦𐑥𐑩𐑯
rentier	𐑮𐑪𐑯𐑑𐑦𐑱	rɒntɪeɪ	RRP	30	𐑮𐑭𐑯𐑑𐑦𐑱	ˈrɑːntieɪ	r_gap:spelling=2,ipa=1; shave_says:𐑮𐑭𐑯𐑑𐑦𐑱
repertoire	𐑮𐑧𐑐𐑼𐑑𐑢𐑭	repəRtwɑː	RRP	30	𐑮𐑧𐑐𐑼𐑑𐑢𐑸	ˈrepəRtwɑːR	r_gap:spelling=3,ipa=2; shave_says:𐑮𐑧𐑐𐑼𐑑𐑢𐑸
requirement	𐑮𐑦𐑒𐑢𐑳𐑾𐑥𐑯𐑑	rɪkwʌɪəmnt	RRP	30	𐑮𐑦𐑒𐑢𐑲𐑼𐑥𐑩𐑯𐑑	rɪˈkwaɪəRmənt	r_gap:spelling=2,ipa=1; shave_says:𐑮𐑦𐑒𐑢𐑲𐑼𐑥𐑩𐑯𐑑
reservoir	𐑮𐑧𐑟𐑼𐑝𐑢𐑭	rezəRvwɑː	RRP	30	𐑮𐑧𐑟𐑼𐑝𐑢𐑸	ˈrezəRvwɑːR	r_gap:spelling=3,ipa=2; shave_says:𐑮𐑧𐑟𐑼𐑝𐑢𐑸
retiree	𐑮𐑩𐑑𐑲𐑩𐑰	rətaɪəiː	RRP	30	𐑮𐑦𐑑𐑲𐑼𐑰	rɪˌtaɪəˈriː	r_gap:spelling=2,ipa=1; shave_says:𐑮𐑦𐑑𐑲𐑼𐑰
retirement	𐑮𐑩𐑑𐑲𐑩𐑥𐑩𐑯𐑑	rətaɪəmənt	RRP	30	𐑮𐑦𐑑𐑲𐑼𐑥𐑩𐑯𐑑	rɪˈtaɪəRmənt	r_gap:spelling=2,ipa=1; shave_says:𐑮𐑦𐑑𐑲𐑼𐑥𐑩𐑯𐑑
savoir-faire	𐑕𐑨𐑝𐑢𐑭𐑓𐑺	sævwɑːfeəR	RRP	30	𐑕𐑨𐑝𐑢𐑸-𐑓𐑺	ˌsævwɑːR-ˈfeəR	r_gap:spelling=2,ipa=1; shave_says:𐑕𐑨𐑝𐑢𐑸-𐑓𐑺
scurrilous	𐑕𐑒𐑳𐑮𐑩𐑤𐑩𐑕	skʌrələs	RRP	30	𐑕𐑒𐑳𐑮𐑦𐑤𐑩𐑕	ˈskʌrɪləs	r_gap:spelling=2,ipa=1; shave_says:𐑕𐑒𐑳𐑮𐑦𐑤𐑩𐑕
strawberry	𐑕𐑑𐑮𐑷𐑚𐑮𐑦	strɔːbri	RRP	30	𐑕𐑑𐑮𐑷𐑚𐑼𐑦	ˈstrɔːbəri	r_gap:spelling=3,ipa=2; shave_says:𐑕𐑑𐑮𐑷𐑚𐑼𐑦
subterranean	𐑕𐑳𐑚𐑑𐑼𐑱𐑯𐑦𐑩𐑯	sʌbtəreɪniən	RRP	30	𐑕𐑳𐑚𐑑𐑼𐑱𐑯𐑾𐑯	ˌsʌbtəˈreɪnɪən	r_gap:spelling=2,ipa=1; shave_says:𐑕𐑳𐑚𐑑𐑼𐑱𐑯𐑾𐑯
superiority	𐑕𐑫𐑫𐑐𐑾𐑦𐑪𐑮𐑦𐑑𐑦	sʊupɪəiɒrɪti	RRP	30	𐑕𐑵𐑐𐑽𐑦𐑪𐑮𐑦𐑑𐑦	suːˌpɪərɪˈɒrɪti	r_gap:spelling=2,ipa=1; shave_says:𐑕𐑵𐑐𐑽𐑦𐑪𐑮𐑦𐑑𐑦
surreal	𐑕𐑼𐑰𐑤	səriːl	RRP	30	𐑕𐑼𐑾𐑤	səˈrɪəl	r_gap:spelling=2,ipa=1; shave_says:𐑕𐑼𐑾𐑤
surrealism	𐑕𐑼𐑰𐑤𐑦𐑟𐑩𐑥	səriːlɪzəm	RRP	30	𐑕𐑼𐑾𐑤𐑦𐑟𐑩𐑥	səˈrɪəlɪzəm	r_gap:spelling=2,ipa=1; shave_says:𐑕𐑼𐑾𐑤𐑦𐑟𐑩𐑥
surrealistic	𐑕𐑼𐑰𐑤𐑦𐑕𐑑𐑦𐑒	səriːlɪstɪk	RRP	30	𐑕𐑼𐑾𐑤𐑦𐑕𐑑𐑦𐑒	sərɪəˈlɪstɪk	r_gap:spelling=2,ipa=1; shave_says:𐑕𐑼𐑾𐑤𐑦𐑕𐑑𐑦𐑒
surreptitious	𐑕𐑳𐑮𐑦𐑐𐑑𐑦𐑖𐑩𐑕	sʌrɪptɪʃəs	RRP	30	𐑕𐑳𐑮𐑩𐑐𐑑𐑦𐑖𐑩𐑕	ˌsʌrəpˈtɪʃəs	r_gap:spelling=2,ipa=1; shave_says:𐑕𐑳𐑮𐑩𐑐𐑑𐑦𐑖𐑩𐑕
surrogate	𐑕𐑳𐑮𐑩𐑜𐑦𐑑	sʌrəɡɪt	RRP	30	𐑕𐑳𐑮𐑩𐑜𐑩𐑑	ˈsʌrəɡət	r_gap:spelling=2,ipa=1; shave_says:𐑕𐑳𐑮𐑩𐑜𐑩𐑑
terrestrial	𐑑𐑼𐑧𐑕𐑑𐑮𐑦𐑩𐑤	tərestriəl	RRP	30	𐑑𐑦𐑮𐑧𐑕𐑑𐑮𐑾𐑤	tɪˈrestrɪəl	r_gap:spelling=3,ipa=2; shave_says:𐑑𐑼𐑧𐑕𐑑𐑮𐑾𐑤
territorial	𐑑𐑧𐑮𐑦𐑑𐑹𐑦𐑩𐑤	terɪtɔːriəl	RRP	30	𐑑𐑧𐑮𐑦𐑑𐑹𐑾𐑤	ˌterɪˈtɔːrɪəl	r_gap:spelling=3,ipa=2; shave_says:𐑑𐑧𐑮𐑦𐑑𐑹𐑾𐑤
territory	𐑑𐑧𐑮𐑦𐑑𐑮𐑦	terɪtri	RRP	30	𐑑𐑧𐑮𐑦𐑑𐑼𐑦	ˈterɪtəri	r_gap:spelling=3,ipa=2; shave_says:𐑑𐑧𐑮𐑦𐑑𐑼𐑦
torrential	𐑑𐑼𐑧𐑯𐑗𐑩𐑤	tərentʃəl	RRP	30	𐑑𐑼𐑧𐑯𐑖𐑩𐑤	təˈrenʃəl	r_gap:spelling=2,ipa=1; shave_says:𐑑𐑼𐑧𐑯𐑖𐑩𐑤
turret	𐑑𐑳𐑮𐑦𐑑	tʌrɪt	RRP	30	𐑑𐑳𐑮𐑩𐑑	ˈtʌrIt	r_gap:spelling=2,ipa=1; shave_says:𐑑𐑳𐑮𐑩𐑑
undercurrent	𐑳𐑯𐑛𐑼𐑒𐑳𐑮𐑯𐑑	ʌndəRkʌrnt	RRP	30	𐑳𐑯𐑛𐑼𐑒𐑳𐑮𐑩𐑯𐑑	ˈʌndəRkʌrənt	r_gap:spelling=3,ipa=2; shave_says:𐑳𐑯𐑛𐑼𐑒𐑳𐑮𐑩𐑯𐑑
underwrite	𐑳𐑯𐑛𐑼𐑲𐑑	ʌndəraɪt	RRP	30	𐑳𐑯𐑛𐑼𐑮𐑲𐑑	ˌʌndəRˈraɪt	r_gap:spelling=2,ipa=1; shave_says:𐑳𐑯𐑛𐑼𐑮𐑲𐑑
verruca	𐑝𐑧𐑮𐑵𐑒𐑩	veruːkə	RRP	30	𐑝𐑼𐑵𐑒𐑩	vəˈruːkə	r_gap:spelling=2,ipa=1; shave_says:𐑝𐑼𐑵𐑒𐑩
abbess	𐑨𐑚𐑦𐑕	ˈæbɪs	RRP	89	𐑨𐑚𐑧𐑕	ˈæbes	
abdication	𐑨𐑚𐑛𐑩𐑒𐑱𐑖𐑩𐑯	ˌæbdəˈkeɪʃən	RRP	89	𐑨𐑚𐑛𐑦𐑒𐑱𐑖𐑩𐑯	ˌæbdɪˈkeɪʃən	
abdominal	𐑨𐑚𐑛𐑪𐑥𐑩𐑯𐑩𐑤	æbˈdɒmənəl	RRP	89	𐑨𐑚𐑛𐑪𐑥𐑦𐑯𐑩𐑤	æbˈdɒmɪnəl	
abduct	𐑨𐑚𐑛𐑳𐑒𐑑	æbˈdʌkt	RRP	89	𐑩𐑚𐑛𐑳𐑒𐑑	əbˈdʌkt	
aberrant	𐑼𐑚𐑧𐑮𐑼𐑯𐑑	əRberəRnt	RRP	89	𐑨𐑚𐑧𐑮𐑩𐑯𐑑	æˈberənt	
abhorrent	𐑨𐑚𐑪𐑮𐑼𐑯𐑑	æbɒrəRnt	RRP	89	𐑩𐑚𐑣𐑪𐑮𐑩𐑯𐑑	əbˈhɒrənt	
ability	𐑩𐑚𐑦𐑤𐑩𐑑𐑦	əˈbɪləti	RRP	89	𐑩𐑚𐑦𐑤𐑦𐑑𐑦	əˈbɪlɪti	
abjuration	𐑨𐑚𐑡𐑫𐑮𐑱𐑖𐑩𐑯	æbdʒʊreɪʃən	RRP	89	𐑨𐑚𐑡𐑼𐑱𐑖𐑩𐑯	ˌæbdʒəˈreɪʃən	
abjure	𐑨𐑚𐑡𐑫𐑮	æbdʒʊr	RRP	89	𐑩𐑚𐑡𐑫𐑼	əbˈdʒʊəR	
abnormal	𐑨𐑚𐑯𐑷𐑮𐑥𐑩𐑤	æbnɔrməl	RRP	89	𐑨𐑚𐑯𐑹𐑥𐑩𐑤	æbˈnɔːRməl	
abnormality	𐑨𐑚𐑯𐑷𐑮𐑥𐑨𐑤𐑩𐑑𐑦	æbnɔrmæləti	RRP	89	𐑨𐑚𐑯𐑹𐑥𐑨𐑤𐑦𐑑𐑦	ˌæbnɔːRˈmælɪti	
abnormally	𐑨𐑚𐑯𐑷𐑮𐑥𐑩𐑤𐑦	æbnɔrməli	RRP	89	𐑨𐑚𐑯𐑹𐑥𐑩𐑤𐑦	æbˈnɔːRməli	
abominate	𐑩𐑚𐑪𐑥𐑩𐑯𐑩𐑦𐑑	əˈbɒməˌnəɪt	RRP	89	𐑩𐑚𐑪𐑥𐑦𐑯𐑱𐑑	əˈbɒmɪneɪt	
aboriginal	𐑨𐑚𐑼𐑦𐑡𐑩𐑯𐑩𐑤	æbərɪdʒənəl	RRP	89	𐑨𐑚𐑼𐑦𐑡𐑦𐑯𐑩𐑤	ˌæbəˈrɪdʒɪnəl	
aborigine	𐑨𐑚𐑼𐑦𐑡𐑩𐑯𐑦	æbərɪdʒəni	RRP	89	𐑨𐑚𐑼𐑦𐑡𐑦𐑯𐑦	ˌæbəˈrɪdʒɪni	
abortion	𐑼𐑚𐑷𐑮𐑖𐑩𐑯	əRbɔrʃən	RRP	89	𐑩𐑚𐑹𐑖𐑩𐑯	əˈbɔːRʃən	
abortionist	𐑼𐑚𐑷𐑮𐑖𐑩𐑯𐑦𐑕𐑑	əRbɔrʃənɪst	RRP	89	𐑩𐑚𐑹𐑖𐑩𐑯𐑦𐑕𐑑	əˈbɔːRʃənɪst	
abortive	𐑼𐑚𐑹𐑑𐑦𐑝	əRbɔːRtɪv	RRP	89	𐑩𐑚𐑹𐑑𐑦𐑝	əˈbɔːRtɪv	
abortively	𐑼𐑚𐑷𐑮𐑑𐑦𐑝𐑤𐑦	əRbɔrtɪvli	RRP	89	𐑩𐑚𐑹𐑑𐑦𐑝𐑤𐑦	əˈbɔːRtɪvli	
about	𐑩 𐑚𐑬𐑑	əˈ baʊt	RRP	89	𐑩𐑚𐑬𐑑	əˈbaʊt	
about-face	𐑩𐑚𐑬𐑑𐑓𐑱𐑕	əˈbaʊtˌfeɪs	RRP	89	𐑩𐑚𐑬𐑑-𐑓𐑱𐑕	əˌbaʊt-ˈfeɪs	
above-mentioned	𐑩𐑚𐑳𐑝𐑥𐑧𐑯𐑖𐑩𐑯𐑛	əˈbʌvˌmenʃənd	RRP	89	𐑩𐑚𐑳𐑝-𐑥𐑧𐑯𐑖𐑩𐑯𐑛	ˌəbʌv-ˈmenʃənd	
above-named	𐑩𐑚𐑳𐑝𐑯𐑱𐑥𐑛	əˈbʌvˌneɪmd	RRP	89	𐑩𐑚𐑳𐑝-𐑯𐑱𐑥𐑛	ˌəbʌv-ˈneɪmd	
abrogate	𐑨𐑚𐑮𐑩𐑜𐑩𐑑	æbrəɡət	RRP	89	𐑨𐑚𐑮𐑩𐑜𐑱𐑑	ˈæbrəɡeɪt	
abruptly	𐑩𐑚𐑮𐑳𐑐𐑤𐑦	əbrʌpli	RRP	89	𐑩𐑚𐑮𐑳𐑐𐑑𐑤𐑦	əˈbrʌptli	
abruptness	𐑩𐑚𐑮𐑳𐑐𐑯𐑩𐑕	əbrʌpnəs	RRP	89	𐑩𐑚𐑮𐑳𐑐𐑑𐑯𐑩𐑕	əˈbrʌptnəs	
absent	𐑨𐑚𐑕𐑧𐑯𐑑	æbˈsent	RRP	89	𐑨𐑚𐑕𐑩𐑯𐑑, 𐑩𐑚𐑕𐑧𐑯𐑑	ˈæbsənt	
absentee	𐑨𐑚𐑕𐑩𐑯𐑑𐑦	ˌæbsənˈti	RRP	89	𐑨𐑚𐑕𐑩𐑯𐑑𐑰	ˌæbsənˈtiː	
absolution	𐑨𐑚𐑕𐑩𐑤𐑿𐑖𐑩𐑯	æbsəˈljuːʃən	RRP	89	𐑨𐑚𐑕𐑩𐑤𐑵𐑖𐑩𐑯	ˌæbsəˈluːʃən	
absorbed	𐑨𐑚𐑕𐑷𐑮𐑚𐑛	æbsɔrbd	RRP	89	𐑩𐑚𐑕𐑹𐑚𐑛	əbˈsɔːRbd	
abstemious	𐑨𐑚𐑕𐑑𐑰𐑥𐑾𐑕	æbˈstiːmɪəs	RRP	89	𐑩𐑚𐑕𐑑𐑰𐑥𐑾𐑕	əbˈstiːmɪəs	
abstemiously	𐑨𐑚𐑕𐑑𐑦𐑥𐑦𐑩𐑕𐑤𐑦	æbˈstimiəsli	RRP	89	𐑩𐑚𐑕𐑑𐑰𐑥𐑾𐑕𐑤𐑦	əbˈstiːmɪəsli	
abstemiousness	𐑨𐑚𐑕𐑑𐑦𐑥𐑦𐑩𐑕𐑯𐑩𐑕	æbˈstimiəsnəs	RRP	89	𐑩𐑚𐑕𐑑𐑰𐑥𐑾𐑕𐑯𐑩𐑕	əbˈstiːmɪəsnəs	
abstruse	𐑩𐑚𐑕𐑑𐑮𐑵𐑕	əbstruːs	RRP	89	𐑨𐑚𐑕𐑑𐑮𐑵𐑕	æbˈstruːs	
abstrusely	𐑩𐑚𐑕𐑑𐑮𐑵𐑕𐑤𐑦	əbstruːsli	RRP	89	𐑨𐑚𐑕𐑑𐑮𐑵𐑕𐑤𐑦	æbˈstruːsli	
abstruseness	𐑩𐑚𐑕𐑑𐑮𐑵𐑕𐑯𐑩𐑕	əbstruːsnəs	RRP	89	𐑨𐑚𐑕𐑑𐑮𐑵𐑕𐑯𐑩𐑕	æbˈstruːsnəs	
absurd	𐑩𐑚𐑟𐑻𐑛	əbzɜːRd	RRP	89	𐑩𐑚𐑕𐑻𐑛	əbˈsɜːRd	
academically	𐑨𐑒𐑩𐑛𐑧𐑥𐑦𐑒𐑩𐑤𐑦	ˌækəˈdemɪkəli	RRP	89	𐑨𐑒𐑩𐑛𐑧𐑥𐑦𐑒𐑤𐑦	ˌækəˈdemɪkli	
accent	𐑨𐑒𐑕𐑧𐑯𐑑	ækˈsent	RRP	89	𐑨𐑒𐑕𐑩𐑯𐑑, 𐑩𐑒𐑕𐑧𐑯𐑑	ˈæksənt	
accentuation	𐑨𐑒𐑕𐑧𐑯𐑗𐑩𐑢𐑱𐑖𐑩𐑯	ˌækˌsentʃəˈweɪʃən	RRP	89	𐑩𐑒𐑕𐑧𐑯𐑗𐑫𐑱𐑖𐑩𐑯	əkˌsentʃuˈeɪʃən	
acceptability	𐑨𐑒𐑕𐑧𐑐𐑑𐑩𐑚𐑦𐑤𐑩𐑑𐑦	ˌækˌseptəˈbɪləti	RRP	89	𐑩𐑒𐑕𐑧𐑐𐑑𐑩𐑚𐑦𐑤𐑦𐑑𐑦	əkˌseptəˈbɪlɪti	
acceptable	𐑨𐑒𐑕𐑧𐑐𐑑𐑩𐑚𐑩𐑤	ækˈseptəbəl	RRP	89	𐑩𐑒𐑕𐑧𐑐𐑑𐑩𐑚𐑩𐑤	əkˈseptəbəl	
acceptably	𐑨𐑒𐑕𐑧𐑐𐑑𐑩𐑚𐑤𐑦	ækˈseptəbli	RRP	89	𐑩𐑒𐑕𐑧𐑐𐑑𐑩𐑚𐑤𐑦	əkˈseptəbli	
accepted	𐑨𐑒𐑕𐑧𐑐𐑑𐑩𐑛	ækˈseptƏd	RRP	89	𐑩𐑒𐑕𐑧𐑐𐑑𐑩𐑛	əkˈseptƏd	
accessary	𐑩𐑒𐑕𐑧𐑕𐑮𐑦	əksesri	RRP	89	𐑩𐑒𐑕𐑧𐑕𐑼𐑦	əkˈsesəri	
accessibility	𐑨𐑒𐑕𐑧𐑕𐑩𐑚𐑦𐑤𐑩𐑑𐑦	ækˌsesəˈbɪləti	RRP	89	𐑩𐑒𐑕𐑧𐑕𐑩𐑚𐑦𐑤𐑦𐑑𐑦	əkˌsesəˈbɪlɪti	
accession	𐑨𐑒𐑕𐑧𐑖𐑩𐑯	ækˈseʃən	RRP	89	𐑩𐑒𐑕𐑧𐑖𐑩𐑯	əkˈseʃən	
accidence	𐑨𐑒𐑕𐑩𐑛𐑩𐑯𐑕	ˈæksədəns	RRP	89	𐑨𐑒𐑕𐑦𐑛𐑩𐑯𐑕	ˈæksɪdəns	
accident	𐑨𐑒𐑕𐑩𐑛𐑩𐑯𐑑	ˈæksədənt	RRP	89	𐑨𐑒𐑕𐑦𐑛𐑩𐑯𐑑	ˈæksɪdənt	
accidentally	𐑨𐑒𐑕𐑩𐑛𐑧𐑯𐑑𐑤𐑦	ˌæksəˈdentli	RRP	89	𐑨𐑒𐑕𐑦𐑛𐑧𐑯𐑑𐑩𐑤𐑦	ˌæksɪˈdentəli	
acclimate	𐑩𐑒𐑤𐑲𐑥𐑩𐑑	əˈklaɪmət	RRP	89	𐑨𐑒𐑤𐑦𐑥𐑱𐑑	ˈæklɪmeɪt	
acclimation	𐑨𐑒𐑤𐑩𐑥𐑱𐑖𐑩𐑯	ækləˈmeɪʃən	RRP	89	𐑨𐑒𐑤𐑦𐑥𐑱𐑖𐑩𐑯	ˌæklɪˈmeɪʃən	
acclimatization	𐑩𐑒𐑤𐑲𐑥𐑩𐑑𐑩𐑟𐑱𐑖𐑩𐑯	əˌklaɪmətəˈzeɪʃən	RRP	89	𐑩𐑒𐑤𐑲𐑥𐑩𐑑𐑲𐑟𐑱𐑖𐑩𐑯	əˌklaɪmətaɪˈzeɪʃən	
acclivity	𐑩𐑒𐑤𐑦𐑝𐑩𐑑𐑦	əˈklɪvəti	RRP	89	𐑩𐑒𐑤𐑦𐑝𐑦𐑑𐑦	əˈklɪvɪti	
accompanist	𐑩𐑒𐑳𐑥𐑐𐑯𐑦𐑕𐑑	əˈkʌmpnɪst	RRP	89	𐑩𐑒𐑳𐑥𐑐𐑩𐑯𐑦𐑕𐑑	əˈkʌmpənɪst	
accompanying	𐑩𐑒𐑳𐑥𐑐𐑯𐑦𐑦𐑙	əˈkʌmpniɪŋ	RRP	89	𐑩𐑒𐑳𐑥𐑐𐑩𐑯𐑦𐑦𐑙	əˈkʌmpəniɪŋ	
accomplished	𐑩𐑒𐑪𐑥𐑐𐑤𐑦𐑖𐑑	əˈkɒmplɪʃt	RRP	89	𐑩𐑒𐑳𐑥𐑐𐑤𐑦𐑖𐑑	əˈkʌmplɪʃt	
accordance	𐑩𐑒𐑷𐑮𐑛𐑩𐑯𐑕	əkɔrdəns	RRP	89	𐑩𐑒𐑹𐑛𐑩𐑯𐑕	əˈkɔːRdəns	
accouchement	𐑩𐑒𐑵𐑖𐑥𐑩𐑯𐑑	əˈkuːʃmənt	RRP	89	𐑩𐑒𐑵𐑖𐑥𐑭𐑙	əˈkuːʃmɑːŋ	
accountability	𐑩𐑒𐑬𐑯𐑑𐑩𐑚𐑦𐑤𐑩𐑑𐑦	əˌkaʊntəˈbɪləti	RRP	89	𐑩𐑒𐑬𐑯𐑑𐑩𐑚𐑦𐑤𐑦𐑑𐑦	əˌkaʊntəˈbɪlɪti	
accretion	𐑩𐑒𐑮𐑦𐑖𐑩𐑯	əkriʃən	RRP	89	𐑩𐑒𐑮𐑰𐑖𐑩𐑯	əˈkriːʃən	
accumulative	𐑩𐑒𐑘𐑫𐑥𐑘𐑩𐑤𐑱𐑑𐑦𐑝	əˈkjumjəˌleɪtɪv	RRP	89	𐑩𐑒𐑿𐑥𐑘𐑩𐑤𐑩𐑑𐑦𐑝	əˈkjuːmjələtɪv	
accurate	𐑨𐑒𐑘𐑼𐑼𐑑	ækjərəRt	RRP	89	𐑨𐑒𐑘𐑼𐑩𐑑	ˈækjərət	
accurately	𐑨𐑒𐑘𐑼𐑦𐑑𐑤𐑦	ækjərɪtli	RRP	89	𐑨𐑒𐑘𐑼𐑩𐑑𐑤𐑦	ˈækjərətli	
accurst	𐑨𐑒𐑻𐑕𐑑	ækɜːRst	RRP	89	𐑩𐑒𐑻𐑕𐑑	əˈkɜːRst	
accused	𐑩𐑒𐑘𐑫𐑟𐑛	əˈkjuzd	RRP	89	𐑩𐑒𐑿𐑟𐑛	əˈkjuːzd	
accusingly	𐑩𐑒𐑘𐑫𐑟𐑦𐑙𐑤𐑦	əˈkjuzɪŋli	RRP	89	𐑩𐑒𐑿𐑟𐑦𐑙𐑤𐑦	əˈkjuːzɪŋli	
acetylene	𐑩 𐑕𐑧𐑑 𐑩𐑤 𐑦𐑯	ə ˈset əl ˌin	RRP	89	𐑩𐑕𐑧𐑑𐑦𐑤𐑰𐑯	əˈsetɪliːn	
achievable	𐑩𐑗𐑦𐑝𐑩𐑚𐑩𐑤	əˈtʃivəbəl	RRP	89	𐑩𐑗𐑰𐑝𐑩𐑚𐑩𐑤	əˈtʃiːvəbəl	
acid	𐑨𐑕𐑩𐑛	ˈæsƏd	RRP	89	𐑨𐑕𐑦𐑛	ˈæsɪd	
acquiescence	𐑨𐑒𐑢𐑰𐑧𐑕𐑩𐑯𐑕	ˌækwiːˈesəns	RRP	89	𐑨𐑒𐑢𐑦𐑧𐑕𐑩𐑯𐑕	ˌækwɪˈesəns	
acquittal	𐑩𐑒𐑢𐑦𐑑𐑤	əˈkwɪtl	RRP	89	𐑩𐑒𐑢𐑦𐑑𐑩𐑤	əˈkwɪtəl	
acreage	𐑱𐑒𐑮𐑦𐑡	eɪkrɪdʒ	RRP	89	𐑱𐑒𐑼𐑦𐑡	ˈeɪkərɪdʒ	
actual	𐑨𐑒𐑖𐑘𐑩𐑤	ˈakʃjəl	RRP	89	𐑨𐑒𐑗𐑫𐑩𐑤	ˈæktʃuəl	
actuality	𐑨𐑒𐑑𐑘𐑫𐑨𐑤𐑦𐑑𐑦	ˌæktjuˈælɪti	RRP	89	𐑨𐑒𐑗𐑫𐑨𐑤𐑦𐑑𐑦	ˌæktʃuˈælɪti	
actuarial	𐑨𐑒𐑑𐑘𐑫𐑺𐑦𐑩𐑤	æktjueəriəl	RRP	89	𐑨𐑒𐑗𐑫𐑺𐑾𐑤	ˌæktʃuˈeərɪəl	
adenoid	𐑨𐑛 𐑯𐑶𐑛	ˈæd nˌɔɪd	RRP	89	𐑨𐑛𐑩𐑯𐑶𐑛	ˈædənɔɪd	
adhere	𐑨𐑛𐑣𐑦𐑮	ædhir	RRP	89	𐑩𐑛𐑣𐑽	ədˈhɪəR	
adherent	𐑨𐑛𐑽𐑼𐑯𐑑	ædɪərəRnt	RRP	89	𐑩𐑛𐑣𐑽𐑩𐑯𐑑	ədˈhɪərənt	
adhesive	𐑨𐑛𐑣𐑦𐑕𐑦𐑝	ædˈhisɪv	RRP	89	𐑩𐑛𐑣𐑰𐑕𐑦𐑝	ədˈhiːsɪv	
adjectival	𐑨𐑡𐑧𐑒𐑑𐑲𐑝𐑩𐑤	ˌædʒekˈtaɪvəl	RRP	89	𐑨𐑡𐑦𐑒𐑑𐑲𐑝𐑩𐑤	ˌædʒɪkˈtaɪvəl	
adjective	𐑨𐑡𐑧𐑒𐑑𐑦𐑝	ˈædʒektɪv	RRP	89	𐑨𐑡𐑦𐑒𐑑𐑦𐑝	ˈædʒɪktɪv	
adjudicate	𐑩𐑡𐑫𐑛𐑦𐑒𐑱𐑑	əˈdʒudɪˌkeɪt	RRP	89	𐑩𐑡𐑵𐑛𐑦𐑒𐑱𐑑	əˈdʒuːdɪkeɪt	
adjudication	𐑩𐑡𐑫𐑛𐑦𐑒𐑱𐑖𐑩𐑯	əˌdʒudɪˈkeɪʃən	RRP	89	𐑩𐑡𐑵𐑛𐑦𐑒𐑱𐑖𐑩𐑯	əˌdʒuːdɪˈkeɪʃən	
adjudicator	𐑨𐑡𐑫𐑛𐑦𐑒𐑱𐑑𐑷𐑮	ædʒudɪkeɪtɔr	RRP	89	𐑩𐑡𐑵𐑛𐑦𐑒𐑱𐑑𐑼	ˈədʒuːdɪkeɪtəR	
adjure	𐑩𐑛𐑡𐑫𐑼	əddʒʊəR	RRP	89	𐑩𐑡𐑫𐑼	əˈdʒʊəR	
adjutant	𐑨𐑡𐑩𐑑𐑩𐑯𐑑	ˈædʒətənt	RRP	89	𐑨𐑡𐑫𐑑𐑩𐑯𐑑	ˈædʒʊtənt	
administration	𐑩𐑛𐑥𐑦𐑯𐑩𐑕𐑑𐑮𐑱𐑖𐑩𐑯	ədmɪnəstreɪʃən	RRP	89	𐑩𐑛𐑥𐑦𐑯𐑦𐑕𐑑𐑮𐑱𐑖𐑩𐑯	ədˌmɪnɪˈstreɪʃən	
admirable	𐑨𐑛𐑥𐑼𐑼𐑚𐑩𐑤	ædmərəRbəl	RRP	89	𐑨𐑛𐑥𐑼𐑩𐑚𐑩𐑤	ˈædmərəbəl	
admirably	𐑨𐑛𐑥𐑦𐑮𐑼𐑚𐑤𐑦	ædmɪrəRbli	RRP	89	𐑨𐑛𐑥𐑼𐑩𐑚𐑤𐑦	ˈædmərəbli	
admiral	𐑨𐑛𐑥𐑼𐑼𐑤	ædmərəRl	RRP	89	𐑨𐑛𐑥𐑼𐑩𐑤	ˈædmərəl	
admiralty	𐑨𐑛𐑥𐑦𐑮𐑼𐑤𐑑𐑦	ædmɪrəRlti	RRP	89	𐑨𐑛𐑥𐑼𐑩𐑤𐑑𐑦	ˈædmərəlti	
admission	𐑨𐑛𐑥𐑦𐑖𐑩𐑯	ædˈmɪʃən	RRP	89	𐑩𐑛𐑥𐑦𐑖𐑩𐑯	ədˈmɪʃən	
admixture	𐑩𐑛𐑥𐑦𐑒𐑕𐑗𐑼	ədmɪkstʃəR	RRP	89	𐑨𐑛𐑥𐑦𐑒𐑕𐑗𐑼	ædˈmɪkstʃəR	
adorable	𐑩𐑛𐑹𐑼𐑚𐑩𐑤	ədɔːrəRbəl	RRP	89	𐑩𐑛𐑹𐑩𐑚𐑩𐑤	əˈdɔːrəbəl	
adorably	𐑼𐑛𐑷𐑮𐑼𐑚𐑤𐑦	əRdɔrəRbli	RRP	89	𐑩𐑛𐑹𐑩𐑚𐑤𐑦	əˈdɔːrəbli	
adore	𐑼𐑛𐑹	əRdɔːR	RRP	89	𐑩𐑛𐑹	əˈdɔːR	
adorn	𐑼𐑛𐑹𐑯	əRdɔːRn	RRP	89	𐑩𐑛𐑹𐑯	əˈdɔːRn	
adorned	𐑼𐑛𐑹𐑯𐑛	əRdɔːRnd	RRP	89	𐑩𐑛𐑹𐑯𐑛	əˈdɔːRnd	
adulation	𐑨𐑡𐑫𐑤𐑱𐑖𐑩𐑯	ˌædʒʊˈleɪʃən	RRP	89	𐑨𐑡𐑩𐑤𐑱𐑖𐑩𐑯	ˌædʒəˈleɪʃən	
adult	𐑩𐑛𐑳𐑤𐑑	əˈdʌlt	RRP	89	𐑨𐑛𐑳𐑤𐑑	ˈædʌlt	
adulterate	𐑩𐑛𐑳𐑤𐑑𐑼𐑼𐑑	ədʌltərəRt	RRP	89	𐑩𐑛𐑳𐑤𐑑𐑼𐑱𐑑	əˈdʌltəreɪt	
advancement	𐑨𐑛𐑝𐑨𐑯𐑕𐑥𐑧𐑯𐑑	ædˈvænsment	RRP	89	𐑩𐑛𐑝𐑨𐑯𐑕𐑥𐑩𐑯𐑑, 𐑩𐑛𐑝𐑭𐑯𐑕𐑥𐑩𐑯𐑑	ədˈvⱭːnsmənt	
adventitious	𐑨𐑛𐑝𐑩𐑯𐑑𐑦𐑖𐑩𐑕	ˌædvənˈtɪʃəs	RRP	89	𐑨𐑛𐑝𐑧𐑯𐑑𐑦𐑖𐑩𐑕	ˌædvenˈtɪʃəs	
adventuress	𐑩𐑛𐑝𐑧𐑯𐑗𐑼𐑦𐑕	ədventʃərɪs	RRP	89	𐑩𐑛𐑝𐑧𐑯𐑗𐑼𐑧𐑕	ədˈventʃəres	
adverbial	𐑩𐑛𐑝𐑻𐑚𐑦𐑩𐑤	ədvɜːRbiəl	RRP	89	𐑨𐑛𐑝𐑻𐑚𐑾𐑤	ædˈvɜːRbɪəl	
adversary	𐑨𐑛𐑝𐑼𐑕𐑮𐑦	ædvəRsri	RRP	89	𐑨𐑛𐑝𐑼𐑕𐑼𐑦	ˈædvəRsəri	
adverse	𐑨𐑛𐑝𐑼𐑕	ædvəRs	RRP	89	𐑨𐑛𐑝𐑻𐑕	ˈædvɜːRs	
adversity	𐑨𐑛𐑝𐑻𐑕𐑦𐑑𐑦	ædvɜːRsɪti	RRP	89	𐑩𐑛𐑝𐑻𐑕𐑦𐑑𐑦	ədˈvɜːRsɪti	
advertisement	𐑼𐑛𐑝𐑻𐑑𐑦𐑕𐑥𐑩𐑯𐑑	əRdvɜːRtɪsmənt	RRP	89	𐑩𐑛𐑝𐑻𐑑𐑦𐑕𐑥𐑩𐑯𐑑	ədˈvɜːRtɪsmənt	
advisability	𐑨𐑛𐑝𐑲𐑟𐑩𐑚𐑦𐑤𐑩𐑑𐑦	ædˌvaɪzəˈbɪləti	RRP	89	𐑩𐑛𐑝𐑲𐑟𐑩𐑚𐑦𐑤𐑦𐑑𐑦	ədˌvaɪzəˈbɪlɪti	
advowson	𐑩𐑛𐑝𐑬𐑟𐑯	ədˈvaʊzn	RRP	89	𐑩𐑛𐑝𐑬𐑟𐑩𐑯	ˌədˈvaʊzən	
aerial	𐑻𐑾𐑤	ɜːrɪəl	RRP	89	𐑺𐑾𐑤	ˈeərɪəl	
aerobic	𐑧𐑮𐑴𐑚𐑦𐑒	eroʊbɪk	RRP	89	𐑺𐑴𐑚𐑦𐑒	eəˈrəʊbɪk	
aerolite	𐑺𐑼𐑤𐑲𐑑	eərəRlaɪt	RRP	89	𐑺𐑩𐑤𐑲𐑑	ˈeərəlaɪt	
aeronaut	𐑺𐑼𐑯𐑷𐑑	eərəRnɔːt	RRP	89	𐑺𐑩𐑯𐑷𐑑	ˈeərənɔːt	
aeroplane	𐑺𐑼𐑐𐑤𐑱𐑯	eərəRpleɪn	RRP	89	𐑺𐑩𐑐𐑤𐑱𐑯	ˈeərəpleɪn	
aerosol	𐑺𐑼𐑕𐑪𐑤	eərəRsɒl	RRP	89	𐑺𐑩𐑕𐑪𐑤	ˈeərəsɒl	
aery	𐑧𐑮𐑰	eriː	RRP	89	𐑽𐑦	ˈɪəri	
aesthete	𐑧𐑕𐑔𐑰𐑑	ˈesθiːt	RRP	89	𐑰𐑕𐑔𐑰𐑑	ˈiːsθiːt	
aesthetic	𐑦𐑕𐑔𐑧𐑑𐑦𐑒	ɪsˈθetɪk	RRP	89	𐑰𐑕𐑔𐑧𐑑𐑦𐑒	iːsˈθetɪk	
aesthetics	𐑧𐑕𐑔𐑧𐑑𐑦𐑒𐑕	esˈθetɪks	RRP	89	𐑰𐑕𐑔𐑧𐑑𐑦𐑒𐑕	iːsˈθetɪks	
afar	𐑼𐑓𐑸	əRfɑːR	RRP	89	𐑩𐑓𐑸	əˈfɑːR	
afferent	𐑨𐑓𐑻𐑼𐑯𐑑	æfɜːRəRnt	RRP	89	𐑨𐑓𐑼𐑩𐑯𐑑	ˈæfərənt	
affiliate	𐑩𐑓𐑦𐑤𐑦𐑧𐑑	əˈfɪliet	RRP	89	𐑩𐑓𐑦𐑤𐑦𐑱𐑑	əˈfɪlieɪt	
affordable	𐑩𐑓𐑹𐑛𐑼𐑚𐑩𐑤	əfɔːRdəRbəl	RRP	89	𐑩𐑓𐑹𐑛𐑩𐑚𐑩𐑤	əˈfɔːRdəbəl	
aforesaid	𐑼𐑓𐑷𐑮𐑕𐑧𐑛	əRfɔrsed	RRP	89	𐑩𐑓𐑹𐑕𐑧𐑛	əˈfɔːRsed	
aforethought	𐑼𐑓𐑹𐑔𐑹𐑑	əRfɔːRθɔːRt	RRP	89	𐑩𐑓𐑹𐑔𐑷𐑑	əˈfɔːRθɔːt	
afresh	𐑳𐑓𐑮𐑧𐑖	ʌfreʃ	RRP	89	𐑩𐑓𐑮𐑧𐑖	əˈfreʃ	
afrikaans	𐑭𐑓𐑮𐑦𐑒𐑭𐑯𐑟	ɑːfrɪkɑːnz	RRP	89	𐑨𐑓𐑮𐑦𐑒𐑭𐑯𐑕	ˌæfrɪˈkɑːns	
aftercare	𐑸𐑓𐑑𐑼𐑒𐑺	ɑːRftəRkeəR	RRP	89	𐑨𐑓𐑑𐑼𐑒𐑺, 𐑭𐑓𐑑𐑼𐑒𐑺	ˈⱭːftəRkeəR	
aftermath	𐑭𐑓𐑑𐑼𐑥𐑭𐑔	ɑːftəRmɑːθ	RRP	89	𐑨𐑓𐑑𐑼𐑥𐑨𐑔, 𐑭𐑓𐑑𐑼𐑥𐑨𐑔	ˈⱭːftəRmæθ	
afterward	𐑸𐑓𐑑𐑼𐑢𐑼𐑛	ɑːRftəRwəRd	RRP	89	𐑨𐑓𐑑𐑼𐑢𐑼𐑛, 𐑭𐑓𐑑𐑼𐑢𐑼𐑛	ˈⱭːftəRwəRd	
afterwards	𐑸𐑓𐑑𐑼𐑢𐑼𐑛𐑟	ɑːRftəRwəRdz	RRP	89	𐑨𐑓𐑑𐑼𐑢𐑼𐑛𐑟, 𐑭𐑓𐑑𐑼𐑢𐑼𐑛𐑟	ˈⱭːftəRwəRdz	
agape	𐑩𐑜𐑭𐑐𐑱	əˈɡɑːpeɪ	RRP	89	𐑩𐑜𐑱𐑐	əˈɡeɪp	
agave	𐑩𐑜𐑭𐑝𐑱	əˈɡɑːveɪ	RRP	89	𐑩𐑜𐑭𐑝𐑦	əˈɡɑːvi	
agglomerate	𐑩𐑜𐑤𐑪𐑥𐑮𐑼𐑑	əɡlɒmrəRt	RRP	89	𐑩𐑜𐑤𐑪𐑥𐑼𐑩𐑑, 𐑩𐑜𐑤𐑪𐑥𐑼𐑱𐑑	əˈɡlɒmərət	
aggregation	𐑨𐑜𐑮𐑩𐑜𐑱𐑖𐑩𐑯	æɡrəɡeɪʃən	RRP	89	𐑨𐑜𐑮𐑦𐑜𐑱𐑖𐑩𐑯	ˌæɡrɪˈɡeɪʃən	
aggrieve	𐑩𐑜𐑮𐑦𐑝	əɡriv	RRP	89	𐑩𐑜𐑮𐑰𐑝	əˈɡriːv	
agitation	𐑨𐑡𐑦𐑑𐑱𐑖𐑯	adʒɪˈteɪʃn	RRP	89	𐑨𐑡𐑦𐑑𐑱𐑖𐑩𐑯	ˌædʒɪˈteɪʃən	
agnosia	𐑨𐑜𐑯𐑴𐑠𐑩	æɡˈnoʊʒə	RRP	89	𐑨𐑜𐑯𐑴𐑟𐑾	æɡˈnəʊziə	
agony	𐑨𐑜𐑩𐑯𐑰	ˈæɡəniː	RRP	89	𐑨𐑜𐑩𐑯𐑦	ˈæɡəni	
agoraphobia	𐑨𐑜𐑼𐑼𐑓𐑴𐑚𐑦𐑩	æɡərəRfoʊbiə	RRP	89	𐑨𐑜𐑼𐑩𐑓𐑴𐑚𐑾	ˌæɡərəˈfəʊbɪə	
agra	𐑩𐑜𐑮𐑭	əɡrɑː	RRP	89	𐑭𐑜𐑮𐑩	ˈɑːɡrə	
agrarian	𐑩𐑜𐑮𐑧𐑮𐑦𐑩𐑯	əɡreriən	RRP	89	𐑩𐑜𐑮𐑺𐑾𐑯	əˈɡreərɪən	
agreeable	𐑩𐑜𐑮𐑰𐑩𐑚𐑤	əɡriːəbl	RRP	89	𐑩𐑜𐑮𐑰𐑩𐑚𐑩𐑤	əˈɡriː+əbəl	
agricultural	𐑨𐑜𐑮𐑦𐑒𐑳𐑤𐑑𐑘𐑩𐑼𐑼𐑤	æɡrɪkʌltjəərəRl	RRP	89	𐑨𐑜𐑮𐑦𐑒𐑳𐑤𐑗𐑼𐑩𐑤	ˌæɡrɪˈkʌltʃərəl	
ague	𐑱𐑜𐑘𐑫	ˈeɪɡju	RRP	89	𐑱𐑜𐑿	ˈeɪɡjuː	
aide-de-camp	𐑱𐑛 𐑛𐑦 𐑒𐑨𐑥𐑐	ˌeɪd dɪ ˈkæmp	RRP	89	𐑱𐑛-𐑛𐑩-𐑒𐑭𐑥	ˌeɪd-də-ˈkɑːm	
aigrette	𐑱𐑜𐑮𐑦𐑑	eɪɡrɪt	RRP	89	𐑱𐑜𐑮𐑧𐑑	ˈeɪɡret	
airedale	𐑻𐑛𐑱𐑤	ɜːRdeɪl	RRP	89	𐑺𐑛𐑱𐑤	ˈeəRdeɪl	
airframe	𐑧𐑮𐑓𐑮𐑧𐑥	erfrem	RRP	89	𐑺𐑓𐑮𐑱𐑥	ˈeəRfreɪm	
airily	𐑧𐑮𐑼𐑤𐑦	erəRli	RRP	89	𐑺𐑦𐑤𐑦	ˈeərɪli	
airman	𐑺𐑥𐑼𐑯	eəRməRn	RRP	89	𐑺𐑥𐑩𐑯	ˈeəRmən	
alabaster	𐑨𐑤𐑩𐑚𐑭𐑕𐑑𐑼	æləbɑːstəR	RRP	89	𐑨𐑤𐑩𐑚𐑨𐑕𐑑𐑼	ˈæləbæstəR	
alarm	𐑼𐑤𐑸𐑥	əRlɑːRm	RRP	89	𐑩𐑤𐑸𐑥	əˈlɑːRm	
alarmed	𐑼𐑤𐑸𐑥𐑛	əRlɑːRmd	RRP	89	𐑩𐑤𐑸𐑥𐑛	əˈlɑːRmd	
alarming	𐑼𐑤𐑸𐑥𐑦𐑙	əRlɑːRmɪŋ	RRP	89	𐑩𐑤𐑸𐑥𐑦𐑙	əˈlɑːRmɪŋ	
alarmingly	𐑼𐑤𐑸𐑥𐑦𐑙𐑤𐑦	əRlɑːRmɪŋli	RRP	89	𐑩𐑤𐑸𐑥𐑦𐑙𐑤𐑦	əˈlɑːRmɪŋli	
albanian	𐑨𐑤𐑚𐑱𐑯𐑦𐑩𐑯	ælˈbeɪniən	RRP	89	𐑨𐑤𐑚𐑱𐑯𐑾𐑯	ælˈbeɪnɪən	
albumen	𐑨𐑤𐑚𐑘𐑩𐑥𐑩𐑯	ˈælbjəmən	RRP	89	𐑨𐑤𐑚𐑘𐑫𐑥𐑩𐑯	ˈælbjʊmən	
alchemist	𐑨𐑤𐑒𐑩𐑥𐑦𐑕𐑑	ˈælkəmɪst	RRP	89	𐑨𐑤𐑒𐑧𐑥𐑦𐑕𐑑	ˈælkemɪst	
alchemy	𐑨𐑤𐑒𐑩𐑥𐑦	ˈælkəmi	RRP	89	𐑨𐑤𐑒𐑧𐑥𐑦	ˈælkemi	
alexia	𐑩𐑤𐑧𐑒𐑕𐑦𐑩	əˈleksiə	RRP	89	𐑩𐑤𐑧𐑒𐑕𐑾	əˈleksɪə	
algae	𐑨𐑤𐑡𐑦	ˈældʒi	RRP	89	𐑨𐑤𐑜𐑰	ˈælɡiː	
algerian	𐑨𐑤𐑡𐑦𐑮𐑦𐑩𐑯	ældʒɪriən	RRP	89	𐑨𐑤𐑡𐑽𐑾𐑯	ælˈdʒɪərɪən	
alias	𐑱𐑤𐑦𐑩𐑕	ˈeɪliəs	RRP	89	𐑱𐑤𐑾𐑕	ˈeɪlɪəs	
alibi	𐑨𐑤𐑩𐑚𐑲	ˈæləbaɪ	RRP	89	𐑨𐑤𐑦𐑚𐑲	ˈælɪbaɪ	
alien	𐑱𐑤𐑦𐑩𐑯	ˈeɪliən	RRP	89	𐑱𐑤𐑾𐑯	ˈeɪlɪən	
alienate	𐑱𐑤𐑦𐑩𐑯𐑱𐑑	ˈeɪliəneɪt	RRP	89	𐑱𐑤𐑾𐑯𐑱𐑑	ˈeɪlɪəneɪt	
alimentary	𐑨𐑤𐑦𐑥𐑧𐑯𐑑𐑮𐑦	ælɪmentri	RRP	89	𐑨𐑤𐑦𐑥𐑧𐑯𐑑𐑼𐑦	ˌælɪˈmentəri	
allah	𐑩𐑤𐑭	əˈlɑː	RRP	89	𐑨𐑤𐑩	ˈælə	
allegorical	𐑨𐑤𐑦𐑜𐑷𐑮𐑦𐑒𐑩𐑤	ælɪɡɔrɪkəl	RRP	89	𐑨𐑤𐑦𐑜𐑪𐑮𐑦𐑒𐑩𐑤	ˌælɪˈɡɒrɪkəl	
allegro	𐑩𐑤𐑱𐑜𐑮𐑴	əleɪɡroʊ	RRP	89	𐑩𐑤𐑧𐑜𐑮𐑴	əˈleɡrəʊ	
alleviate	𐑩𐑤𐑦𐑝𐑦𐑱𐑑	əˈlivieɪt	RRP	89	𐑩𐑤𐑰𐑝𐑦𐑱𐑑	əˈliːvieɪt	
allometry	𐑨𐑤𐑩𐑥𐑧𐑑𐑮𐑦	æləmetrɪ	RRP	89	𐑩𐑤𐑪𐑥𐑩𐑑𐑮𐑦	əˈlɒmətri	
allophone	𐑨𐑤𐑩𐑓𐑴𐑯	ˈaləˌfəʊn	RRP	89	𐑨𐑤𐑴𐑓𐑴𐑯	ˈæləʊfəʊn	
allotment	𐑩𐑤𐑷𐑑𐑥𐑧𐑯𐑑	əˈlɔtment	RRP	89	𐑩𐑤𐑪𐑑𐑥𐑩𐑯𐑑	əˈlɒtmənt	
allusion	𐑩𐑤𐑫𐑠𐑩𐑯	əˈluʒən	RRP	89	𐑩𐑤𐑵𐑠𐑩𐑯	əˈluːʒən	
alluvial	𐑩𐑤𐑵𐑝𐑦𐑩𐑤	əˈluːviəl	RRP	89	𐑩𐑤𐑵𐑝𐑾𐑤	əˈluːvɪəl	
aloe	𐑩𐑤𐑴𐑦	əˈləʊi	RRP	89	𐑨𐑤𐑴	ˈæləʊ	
altar	𐑹𐑤𐑑𐑼	ɔːRltəR	RRP	89	𐑷𐑤𐑑𐑼	ˈɔːltəR	
alternate	𐑪𐑤𐑑𐑻𐑯𐑩𐑑	ɒltɜːRnət	RRP	89	𐑷𐑤𐑑𐑻𐑯𐑩𐑑, 𐑷𐑤𐑑𐑼𐑯𐑱𐑑	ɔːlˈtɜːRnət	
alternation	𐑪𐑤𐑑𐑼𐑯𐑱𐑖𐑩𐑯	ɒltəRneɪʃən	RRP	89	𐑷𐑤𐑑𐑼𐑯𐑱𐑖𐑩𐑯	ˌɔːltəRˈneɪʃən	
alternative	𐑪𐑤𐑑𐑻𐑯𐑩𐑑𐑦𐑝	ɒltɜːRnətɪv	RRP	89	𐑷𐑤𐑑𐑻𐑯𐑩𐑑𐑦𐑝	ɔːlˈtɜːRnətɪv	
alternatively	𐑪𐑤𐑑𐑻𐑯𐑩𐑑𐑦𐑝𐑤𐑦	ɒltɜːRnətɪvli	RRP	89	𐑷𐑤𐑑𐑻𐑯𐑩𐑑𐑦𐑝𐑤𐑦	ɔːlˈtɜːRnətɪvli	
altogether	𐑷𐑤𐑑𐑫𐑜𐑧𐑞𐑼	ɔːltʊɡeðəR	RRP	89	𐑷𐑤𐑑𐑩𐑜𐑧𐑞𐑼	ˌɔːltəˈɡeðəR	
altruistic	𐑨𐑤𐑑𐑮𐑫𐑦𐑕𐑑𐑦𐑒	æltruɪstɪk	RRP	89	𐑨𐑤𐑑𐑮𐑵𐑦𐑕𐑑𐑦𐑒	ˌæltruːˈɪstɪk	
aluminium	𐑨𐑤𐑫𐑥𐑦𐑯𐑦𐑩𐑥	ˌælʊˈmɪniəm	RRP	89	𐑨𐑤𐑘𐑩𐑥𐑦𐑯𐑾𐑥	ˌæljəˈmɪnɪəm	
aluminum	𐑨𐑤𐑫𐑥𐑦𐑯𐑘𐑩𐑥	ˌælʊˈmɪnjəm	RRP	89	𐑩𐑤𐑵𐑥𐑦𐑯𐑩𐑥	əˈluːmɪnəm	
alveolar	𐑨𐑤𐑝𐑰𐑼𐑤𐑼	alviːəRləR	RRP	89	𐑨𐑤𐑝𐑦𐑴𐑤𐑼	ælˈviəʊləR	
always	𐑷𐑢𐑱𐑟	ˈɔːweɪz	RRP	89	𐑷𐑤𐑢𐑱𐑟	ˈɔːlweɪz	
amateur	𐑨𐑥𐑩𐑑𐑼	æmətəR	RRP	89	𐑨𐑥𐑩𐑗𐑼	ˈæmətʃəR	
amatory	𐑨𐑥𐑼𐑑𐑼𐑦	aməRtəri	RRP	89	𐑨𐑥𐑩𐑑𐑼𐑦	ˈæmətəri	
ambassadorial	𐑨𐑥𐑚𐑨𐑕𐑼𐑛𐑪𐑮𐑦𐑳𐑤	æmbæsəRdoriʌl	RRP	89	𐑨𐑥𐑚𐑨𐑕𐑩𐑛𐑹𐑾𐑤	æmˌbæsəˈdɔːrɪəl	
ambergris	𐑨𐑥𐑚𐑼𐑜𐑮𐑦𐑕	æmbəRɡrɪs	RRP	89	𐑨𐑥𐑚𐑼𐑜𐑮𐑰𐑕	ˈæmbəRɡriːs	
ambiance	𐑨𐑥𐑚𐑦𐑩𐑯𐑕	ˈæmbiəns	RRP	89	𐑨𐑥𐑚𐑾𐑯𐑕	ˈæmbiəns	
ambience	𐑨𐑥𐑚𐑦𐑩𐑯𐑕	ˈæmbiəns	RRP	89	𐑨𐑥𐑚𐑾𐑯𐑕	ˈæmbɪəns	
ambient	𐑨𐑥𐑚𐑰𐑩𐑯𐑑	ˈæmbiːənt	RRP	89	𐑨𐑥𐑚𐑾𐑯𐑑	ˈæmbɪənt	
ambrosia	𐑨𐑥𐑚𐑮𐑴𐑠𐑩	æmbroʊʒə	RRP	89	𐑨𐑥𐑚𐑮𐑴𐑟𐑾	æmˈbrəʊzɪə	
ameliorate	𐑩𐑥𐑰𐑤𐑦𐑼𐑱𐑑	əmiːliəreɪt	RRP	89	𐑩𐑥𐑰𐑤𐑽𐑱𐑑	əˈmiːlɪəreɪt	
amelioration	𐑩𐑥𐑰𐑤𐑦𐑼𐑱𐑖𐑩𐑯	əmiːliəreɪʃən	RRP	89	𐑩𐑥𐑰𐑤𐑽𐑱𐑖𐑩𐑯	əˌmiːlɪəˈreɪʃən	
amen	𐑱𐑥𐑧𐑯	eɪˈmen	RRP	89	𐑭𐑥𐑧𐑯	ɑːˈmen	
amenable	𐑩𐑥𐑰𐑯𐑩𐑚𐑤	əˈmiːnəbl	RRP	89	𐑩𐑥𐑰𐑯𐑩𐑚𐑩𐑤	əˈmiːnəbəl	
amends	𐑳𐑥𐑧𐑯𐑛𐑕	ʌˈmends	RRP	89	𐑩𐑥𐑧𐑯𐑛𐑟	əˈmendz	
amenities	𐑩𐑥𐑧𐑯𐑩𐑑𐑰𐑟	əˈmenətiːz	RRP	89	𐑩𐑥𐑰𐑯𐑦𐑑𐑦𐑟	əˈmiːnɪtiz	
amenity	𐑩𐑥𐑰𐑯𐑩𐑑𐑦	əˈmiːnəti	RRP	89	𐑩𐑥𐑰𐑯𐑦𐑑𐑦	əˈmiːnɪti	
american	𐑼𐑥𐑧𐑮𐑦𐑒𐑩𐑯	əRmerɪkən	RRP	89	𐑩𐑥𐑧𐑮𐑦𐑒𐑩𐑯	əˈmerɪkən	
amiability	𐑱𐑥𐑦𐑳𐑚𐑦𐑤𐑩𐑑𐑦	eɪmiʌˈbɪləti	RRP	89	𐑱𐑥𐑾𐑚𐑦𐑤𐑦𐑑𐑦	ˌeɪmɪəˈbɪlɪti	
amiable	𐑱𐑥𐑦𐑩𐑚𐑩𐑤	ˈeɪmiəbəl	RRP	89	𐑱𐑥𐑾𐑚𐑩𐑤	ˈeɪmɪəbəl	
ammonia	𐑩𐑥𐑴𐑯𐑘𐑩	əˈmoʊnjə	RRP	89	𐑩𐑥𐑴𐑯𐑾	əˈməʊnɪə	
ammonium	𐑩𐑥𐑴𐑯𐑦𐑩𐑥	əˈmoʊniəm	RRP	89	𐑩𐑥𐑴𐑯𐑾𐑥	əˈməʊniəm	
ammunition	𐑨𐑥𐑘𐑫𐑯𐑦𐑖𐑩𐑯	ˌæmjuˈnɪʃən	RRP	89	𐑨𐑥𐑘𐑩𐑯𐑦𐑖𐑩𐑯	ˌæmjəˈnɪʃən	
amnesia	𐑨𐑥𐑯𐑰𐑠𐑩	æmˈniːʒə	RRP	89	𐑨𐑥𐑯𐑰𐑟𐑾	æmˈniːzɪə	
amnesty	𐑨𐑥𐑯𐑦𐑕𐑑𐑦	ˈæmnɪsti	RRP	89	𐑨𐑥𐑯𐑩𐑕𐑑𐑦	ˈæmnəsti	
amorous	𐑨𐑥𐑮𐑼𐑕	æmrəRs	RRP	89	𐑨𐑥𐑼𐑩𐑕	ˈæmərəs	
amorously	𐑨𐑥𐑼𐑼𐑕𐑤𐑦	æmərəRsli	RRP	89	𐑨𐑥𐑼𐑩𐑕𐑤𐑦	ˈæmərəsli	
amorphous	𐑼𐑥𐑷𐑮𐑓𐑩𐑕	əRmɔrfəs	RRP	89	𐑩𐑥𐑹𐑓𐑩𐑕	əˈmɔːRfəs	
amortization	𐑼𐑥𐑹𐑑𐑼𐑟𐑱𐑖𐑩𐑯	əRmɔːRtəRzeɪʃən	RRP	89	𐑩𐑥𐑹𐑑𐑦𐑟𐑱𐑖𐑩𐑯	əˌmɔːRtɪˈzeɪʃən	
amortize	𐑼𐑥𐑹𐑑𐑲𐑟	əRmɔːRtaɪz	RRP	89	𐑩𐑥𐑹𐑑𐑲𐑟	əˈmɔːRtaɪz	
amphitheatre	𐑨𐑥𐑓𐑦𐑔𐑰𐑩𐑑𐑼	æmfɪθiːətəR	RRP	89	𐑨𐑥𐑓𐑦𐑔𐑾𐑑𐑼	ˈæmfɪθɪətəR	
amplifier	𐑨𐑥𐑐𐑤𐑩𐑓𐑲𐑼	æmpləfaɪəR	RRP	89	𐑨𐑥𐑐𐑤𐑦𐑓𐑲𐑼	ˈæmplɪfaɪəR	
amplitude	𐑨𐑥𐑐𐑤𐑦𐑑𐑫𐑛	ˈæmplɪtud	RRP	89	𐑨𐑥𐑐𐑤𐑦𐑑𐑵𐑛, 𐑨𐑥𐑐𐑤𐑦𐑑𐑿𐑛	ˈæmplɪtjuːd	
amulet	𐑨𐑥𐑘𐑩𐑤𐑦𐑑	ˈæmjəlɪt	RRP	89	𐑨𐑥𐑘𐑩𐑤𐑩𐑑	ˈæmjələt	
amusement	𐑩𐑥𐑘𐑫𐑟𐑥𐑩𐑯𐑑	əˈmjuzmənt	RRP	89	𐑩𐑥𐑿𐑟𐑥𐑩𐑯𐑑	əˈmjuːzmənt	
amusingly	𐑩𐑥𐑫𐑟𐑦𐑙𐑤𐑦	əˈmuzɪŋli	RRP	89	𐑩𐑥𐑿𐑟𐑦𐑙𐑤𐑦	əˈmjuːzɪŋli	
anachronism	𐑩𐑯𐑨𐑒𐑮𐑩𐑯𐑦𐑟𐑥	ənækrənɪzm	RRP	89	𐑩𐑯𐑨𐑒𐑮𐑩𐑯𐑦𐑟𐑩𐑥	əˈnækrənɪzəm	
anagrams	𐑨𐑯𐑩𐑜𐑮𐑨𐑥𐑕	ænəɡræms	RRP	89	𐑨𐑯𐑩𐑜𐑮𐑨𐑥𐑟	ˈænəɡræmz	
analgesia	𐑨𐑯𐑩𐑤𐑡𐑰𐑟𐑦𐑩	ˌænəlˈdʒiːziə	RRP	89	𐑨𐑯𐑩𐑤𐑡𐑰𐑟𐑾	ˌænəlˈdʒiːzɪə	
analysis	𐑩𐑯𐑨𐑤𐑦𐑕𐑦𐑕	əˈnælɪsɪs	RRP	89	𐑩𐑯𐑨𐑤𐑩𐑕𐑦𐑕	əˈnæləsɪs	
analytical	𐑨𐑯𐑩𐑤𐑦𐑑𐑩𐑒𐑩𐑤	ænəˈlɪtəkəl	RRP	89	𐑨𐑯𐑩𐑤𐑦𐑑𐑦𐑒𐑩𐑤	ˌænəˈlɪtɪkəl	
analytically	𐑨𐑯𐑩𐑤𐑦𐑑𐑦𐑒𐑩𐑤𐑤𐑦	ænəˈlɪtɪkəlli	RRP	89	𐑨𐑯𐑩𐑤𐑦𐑑𐑦𐑒𐑤𐑦	ˌænəˈlɪtɪkli	
anarchic	𐑨𐑯𐑸𐑒𐑦𐑒	ænɑːRkɪk	RRP	89	𐑩𐑯𐑸𐑒𐑦𐑒	əˈnɑːRkɪk	
ancestral	𐑨𐑯𐑕𐑧𐑕𐑑𐑼𐑩𐑤	ænsestərəl	RRP	89	𐑨𐑯𐑕𐑧𐑕𐑑𐑮𐑩𐑤	ænˈsestrəl	
anchovy	𐑨𐑯𐑗𐑩𐑝𐑦	ˈæntʃəvi	RRP	89	𐑨𐑯𐑗𐑴𐑝𐑦	ˈæntʃəʊvi	
ancillary	𐑨𐑯𐑕𐑩𐑤𐑧𐑮𐑰	ænsəleriː	RRP	89	𐑨𐑯𐑕𐑦𐑤𐑼𐑦	ænˈsɪləri	
anemometer	𐑨𐑯𐑦𐑥𐑪𐑥𐑼𐑑𐑼	ænɪmɒməRtəR	RRP	89	𐑨𐑯𐑦𐑥𐑪𐑥𐑦𐑑𐑼	ˌænɪˈmɒmɪtəR	
anesthesia	𐑨𐑯𐑩𐑕𐑔𐑰𐑟𐑦𐑩	ˈænəsθiːziə	RRP	89	𐑨𐑯𐑩𐑕𐑔𐑰𐑠𐑩	ˌænəsˈθiːʒə	
angina	𐑨𐑯𐑡𐑦𐑯𐑩	ˈændʒɪnə	RRP	89	𐑨𐑯𐑡𐑲𐑯𐑩	ænˈdʒaɪnə	
anglicism	𐑨𐑙𐑜𐑤𐑩𐑕𐑦𐑟𐑩𐑥	ˈæŋɡləˌsɪzəm	RRP	89	𐑨𐑙𐑜𐑤𐑦𐑕𐑦𐑟𐑩𐑥	ˈæŋɡlɪsɪzəm	
anglo-saxon	𐑨𐑙𐑜𐑤𐑴𐑕𐑨𐑒𐑕𐑩𐑯	ˌæŋɡloʊˈsæksən	RRP	89	𐑨𐑙𐑜𐑤𐑴-𐑕𐑨𐑒𐑕𐑩𐑯	ˌæŋɡləʊ-ˈsæksən	
angrily	𐑨𐑙𐑜𐑮𐑩𐑤𐑦	æŋɡrəli	RRP	89	𐑨𐑙𐑜𐑮𐑦𐑤𐑦	ˈæŋɡrɪli	
animadvert	𐑨𐑯𐑦𐑥𐑩𐑛𐑝𐑻𐑑	ænɪmədvɜːRt	RRP	89	𐑨𐑯𐑦𐑥𐑨𐑛𐑝𐑻𐑑	ˌænɪmædˈvɜːRt	
animation	𐑨𐑯𐑩𐑥𐑱𐑖𐑩𐑯	ænəˈmeɪʃən	RRP	89	𐑨𐑯𐑦𐑥𐑱𐑖𐑩𐑯	ˌænɪˈmeɪʃən	
anion	𐑨𐑯𐑲𐑪𐑯	ˈænˌaɪɒn	RRP	89	𐑨𐑯𐑲𐑩𐑯	ˈænaɪən	
anise	𐑩𐑯𐑰𐑟	əˈniːz	RRP	89	𐑨𐑯𐑰𐑕	ˈæniːs	
aniseed	𐑨𐑯𐑦𐑕𐑦𐑛	ˈænɪsid	RRP	89	𐑨𐑯𐑦𐑕𐑰𐑛	ˈænɪsiːd	
anniversary	𐑨𐑯𐑦𐑝𐑻𐑕𐑮𐑦	ænɪvɜːRsri	RRP	89	𐑨𐑯𐑦𐑝𐑻𐑕𐑼𐑦	ˌænɪˈvɜːRsəri	
announce	𐑨𐑯𐑬𐑯𐑕	ˈænaʊns	RRP	89	𐑩𐑯𐑬𐑯𐑕	əˈnaʊns	
announcement	𐑩𐑯𐑬𐑯𐑕𐑥𐑧𐑯𐑑	əˈnaʊnsment	RRP	89	𐑩𐑯𐑬𐑯𐑕𐑥𐑩𐑯𐑑	əˈnaʊnsmənt	
annuity	𐑩𐑯𐑫𐑦𐑑𐑦	əˈnuɪti	RRP	89	𐑩𐑯𐑵𐑦𐑑𐑦, 𐑩𐑯𐑿𐑦𐑑𐑦	əˈnjuːɪti	
annular	𐑨𐑯𐑘𐑼𐑤𐑼	ænjəRləR	RRP	89	𐑨𐑯𐑘𐑩𐑤𐑼	ˈænjələR	
anonymous	𐑩𐑯𐑪𐑯𐑩𐑥𐑩𐑕	əˈnɒnəməs	RRP	89	𐑩𐑯𐑪𐑯𐑦𐑥𐑩𐑕	əˈnɒnɪməs	
anonymously	𐑩𐑯𐑪𐑯𐑩𐑥𐑩𐑕𐑤𐑦	əˈnɒnəməsli	RRP	89	𐑩𐑯𐑪𐑯𐑦𐑥𐑩𐑕𐑤𐑦	əˈnɒnɪməsli	
anoxic	𐑨𐑯𐑭𐑒𐑕𐑦𐑒	ˌæˈnɑːksɪk	RRP	89	𐑨𐑯𐑪𐑒𐑕𐑦𐑒	ænˈɒksɪk	
answerable	𐑭𐑯𐑕𐑼𐑼𐑚𐑤	ɑːnsərəRbl	RRP	89	𐑨𐑯𐑕𐑼𐑩𐑚𐑩𐑤, 𐑭𐑯𐑕𐑼𐑩𐑚𐑩𐑤	ˈⱭːnsərəbəl	
anterior	𐑨𐑯𐑑𐑽𐑦𐑼	antɪəriəR	RRP	89	𐑨𐑯𐑑𐑽𐑽	ænˈtɪərɪəR	
anteroom	𐑨𐑯𐑑𐑦𐑮𐑫𐑥	æntirʊm	RRP	89	𐑨𐑯𐑑𐑦𐑮𐑵𐑥	ˈæntiruːm	
anti-semitic	𐑨𐑯𐑑𐑰𐑕𐑩𐑥𐑦𐑑𐑦𐑒	ˌæntiːsəˈmɪtɪk	RRP	89	𐑨𐑯𐑑𐑦-𐑕𐑩𐑥𐑦𐑑𐑦𐑒	ˌænti-səˈmɪtɪk	
anti-semitism	𐑨𐑯𐑑𐑦𐑕𐑧𐑥𐑦𐑑𐑦𐑟𐑩𐑥	ˌæntɪˈsemɪˌtɪzəm	RRP	89	𐑨𐑯𐑑𐑦-𐑕𐑧𐑥𐑦𐑑𐑦𐑟𐑩𐑥	ˌænti-ˈsemɪtɪzəm	
antidote	𐑨𐑯𐑑𐑩𐑛𐑪𐑑	ˈæntədot	RRP	89	𐑨𐑯𐑑𐑦𐑛𐑴𐑑	ˈæntɪdəʊt	
antimony	𐑨𐑯𐑑𐑦𐑥𐑩𐑯𐑰	ˈæntɪməniː	RRP	89	𐑨𐑯𐑑𐑦𐑥𐑩𐑯𐑦	ˈæntɪməni	
antipodes	𐑨𐑯𐑑𐑦𐑐𐑩𐑛𐑦𐑟	ænˈtɪpəˌdiz	RRP	89	𐑨𐑯𐑑𐑦𐑐𐑩𐑛𐑰𐑟	ænˈtɪpədiːz	
antiquarian	𐑨𐑯𐑑𐑦𐑒𐑢𐑧𐑮𐑦𐑩𐑯	æntɪkweriən	RRP	89	𐑨𐑯𐑑𐑦𐑒𐑢𐑺𐑾𐑯	ˌæntɪˈkweərɪən	
anxious	𐑨𐑙𐑖𐑩𐑕	ˈaŋʃəs	RRP	89	𐑨𐑙𐑒𐑖𐑩𐑕	ˈæŋkʃəs	
anxiously	𐑨𐑙𐑖𐑩𐑕𐑤𐑦	ˈæŋʃəsli	RRP	89	𐑨𐑙𐑒𐑖𐑩𐑕𐑤𐑦	ˈæŋkʃəsli	
aortic	𐑧𐑪𐑮𐑑𐑦𐑒	eortɪk	RRP	89	𐑱𐑹𐑑𐑦𐑒	eɪˈɔːRtɪk	
apart	𐑼𐑐𐑸𐑑	əRpɑːRt	RRP	89	𐑩𐑐𐑸𐑑	əˈpɑːRt	
apartment	𐑼𐑐𐑸𐑑𐑥𐑩𐑯𐑑	əRpɑːRtmənt	RRP	89	𐑩𐑐𐑸𐑑𐑥𐑩𐑯𐑑	əˈpɑːRtmənt	
aphasia	𐑩𐑓𐑱𐑟𐑾	əˈfeɪzɪə	RRP	89	𐑩𐑓𐑱𐑠𐑩	əˈfeɪʒə	
aphid	𐑱𐑓𐑩𐑛	ˈeɪfƏd	RRP	89	𐑱𐑓𐑦𐑛	ˈeɪfɪd	
aphrodisiac	𐑨𐑓𐑮𐑴𐑛𐑦𐑟𐑦𐑨𐑒	æfroʊdiziæk	RRP	89	𐑨𐑓𐑮𐑩𐑛𐑦𐑟𐑦𐑨𐑒	ˌæfrəˈdɪzɪæk	
apiary	𐑱𐑐𐑦𐑼𐑦	eɪpiəri	RRP	89	𐑱𐑐𐑽𐑦	ˈeɪpɪəri	
aplomb	𐑩𐑐𐑤𐑳𐑥	əˈplʌm	RRP	89	𐑩𐑐𐑤𐑪𐑥	əˈplɒm	
apogee	𐑨𐑐𐑩𐑡𐑦	ˈæpədʒi	RRP	89	𐑨𐑐𐑩𐑡𐑰	ˈæpədʒiː	
apothecary	𐑩𐑐𐑪𐑔𐑩𐑒𐑼𐑦	əpɒθəkəri	RRP	89	𐑩𐑐𐑪𐑔𐑦𐑒𐑼𐑦	əˈpɒθɪkəri	
apotheosis	𐑩𐑐𐑪𐑔𐑰𐑴𐑕𐑦𐑕	əˌpɒθiːˈəʊsɪs	RRP	89	𐑩𐑐𐑪𐑔𐑦𐑴𐑕𐑦𐑕	əˌpɒθiˈəʊsɪs	
apparel	𐑩𐑐𐑨𐑮𐑼𐑤	əpærəRl	RRP	89	𐑩𐑐𐑨𐑮𐑩𐑤	əˈpærəl	
apparent	𐑩𐑐𐑨𐑮𐑼𐑯𐑑	əpærəRnt	RRP	89	𐑩𐑐𐑨𐑮𐑩𐑯𐑑	əˈpærənt	
apparently	𐑩𐑐𐑨𐑮𐑼𐑯𐑑𐑤𐑦	əparəRntli	RRP	89	𐑩𐑐𐑨𐑮𐑩𐑯𐑑𐑤𐑦	əˈpærəntli	
appearance	𐑩𐑐𐑽𐑼𐑯𐑕	əpɪərəRns	RRP	89	𐑩𐑐𐑽𐑩𐑯𐑕	əˈpɪərəns	
appendicitis	𐑩𐑐𐑧𐑯𐑛𐑦𐑕𐑲𐑑𐑩𐑕	əˈpendɪsaɪtəs	RRP	89	𐑩𐑐𐑧𐑯𐑛𐑦𐑕𐑲𐑑𐑦𐑕	əˌpendɪˈsaɪtɪs	
appetite	𐑨𐑐𐑦𐑑𐑲𐑑	ˈæpɪtaɪt	RRP	89	𐑨𐑐𐑩𐑑𐑲𐑑	ˈæpətaɪt	
applicable	𐑨𐑐𐑤𐑦𐑒𐑩𐑚𐑩𐑤	ˈæplɪkəbəl	RRP	89	𐑩𐑐𐑤𐑦𐑒𐑩𐑚𐑩𐑤	əˈplɪkəbəl	
applicant	𐑨𐑐𐑤𐑩𐑒𐑦𐑯𐑑	ˈæpləkɪnt	RRP	89	𐑨𐑐𐑤𐑦𐑒𐑩𐑯𐑑	ˈæplɪkənt	
applique	𐑩𐑐𐑤𐑰𐑒𐑱	əˈpliːkeɪ	RRP	89	𐑨𐑐𐑤𐑰𐑒𐑱	æˈpliːkeɪ	
appointee	𐑩𐑐𐑪𐑦𐑯𐑑𐑰	əˌpoɪnˈtiː	RRP	89	𐑩𐑐𐑶𐑯𐑑𐑰	əpɔɪnˈtiː	
appointment	𐑩𐑐𐑶𐑯𐑑𐑥𐑧𐑯𐑑	əˈpɔɪntment	RRP	89	𐑩𐑐𐑶𐑯𐑑𐑥𐑩𐑯𐑑	əˈpɔɪntmənt	
appreciable	𐑩𐑐𐑮𐑰𐑖𐑩𐑚𐑤	əpriːʃəbl	RRP	89	𐑩𐑐𐑮𐑰𐑖𐑩𐑚𐑩𐑤	əˈpriːʃəbəl	
appreciatively	𐑳𐑐𐑮𐑦𐑖𐑩𐑑𐑦𐑝𐑤𐑦	ʌpriʃətɪvli	RRP	89	𐑩𐑐𐑮𐑰𐑖𐑩𐑑𐑦𐑝𐑤𐑦	əˈpriːʃətɪvli	
approbation	𐑨𐑐𐑮𐑴𐑚𐑱𐑖𐑩𐑯	æprəʊbeɪʃən	RRP	89	𐑨𐑐𐑮𐑩𐑚𐑱𐑖𐑩𐑯	ˌæprəˈbeɪʃən	
appropriate	𐑩𐑐𐑮𐑴𐑐𐑮𐑰𐑦𐑑	əprəʊpriːɪt	RRP	89	𐑩𐑐𐑮𐑴𐑐𐑮𐑦𐑱𐑑, 𐑩𐑐𐑮𐑴𐑐𐑮𐑾𐑑	əˈprəʊprɪət	
approving	𐑳𐑐𐑮𐑫𐑝𐑦𐑙	ʌpruvɪŋ	RRP	89	𐑩𐑐𐑮𐑵𐑝𐑦𐑙	əˈpruːvɪŋ	
approximation	𐑩𐑐𐑮𐑪𐑒𐑕𐑦𐑥𐑱𐑖𐑯	əprɒksɪmeɪʃn	RRP	89	𐑩𐑐𐑮𐑪𐑒𐑕𐑦𐑥𐑱𐑖𐑩𐑯	əˌprɒksɪˈmeɪʃən	
april	𐑱𐑐𐑮𐑦𐑤	eɪprɪl	RRP	89	𐑱𐑐𐑮𐑩𐑤	ˈeɪprəl	
aptly	𐑨𐑐𐑤𐑦	ˈæpli	RRP	89	𐑨𐑐𐑑𐑤𐑦	ˈæptli	
aquamarine	𐑨𐑒𐑢𐑼𐑥𐑼𐑰𐑯	ækwəRməriːn	RRP	89	𐑨𐑒𐑢𐑩𐑥𐑼𐑰𐑯	ˌækwəməˈriːn	
aquarium	𐑩𐑒𐑢𐑧𐑮𐑦𐑩𐑥	əkweriəm	RRP	89	𐑩𐑒𐑢𐑺𐑾𐑥	əˈkweərɪəm	
aquatic	𐑩𐑒𐑢𐑪𐑑𐑦𐑒	əˈkwɒtɪk	RRP	89	𐑩𐑒𐑢𐑨𐑑𐑦𐑒	əˈkwætɪk	
aquavit	𐑨𐑒𐑢𐑩𐑝𐑰𐑑	ˌækwəˈviːt	RRP	89	𐑨𐑒𐑢𐑩𐑝𐑦𐑑	ˈækwəvɪt	
aqueous	𐑨𐑒𐑢𐑦𐑩𐑕	ˈækwiəs	RRP	89	𐑱𐑒𐑢𐑾𐑕	ˈeɪkwɪəs	
arab	𐑨𐑮𐑼𐑚	ærəRb	RRP	89	𐑨𐑮𐑩𐑚	ˈærəb	
arabesque	𐑨𐑮𐑼𐑚𐑧𐑕𐑒	ærəRbesk	RRP	89	𐑨𐑮𐑩𐑚𐑧𐑕𐑒	ˌærəˈbesk	
arabian	𐑼𐑱𐑚𐑦𐑩𐑯	əreɪbiən	RRP	89	𐑼𐑱𐑚𐑾𐑯	əˈreɪbɪən	
arabic	𐑨𐑮𐑼𐑚𐑦𐑒	ærəRbɪk	RRP	89	𐑨𐑮𐑩𐑚𐑦𐑒	ˈærəbɪk	
arabist	𐑨𐑮𐑼𐑚𐑦𐑕𐑑	arəRbɪst	RRP	89	𐑨𐑮𐑩𐑚𐑦𐑕𐑑	ˈærəbɪst	
arable	𐑨𐑮𐑼𐑚𐑩𐑤	ærəRbəl	RRP	89	𐑨𐑮𐑩𐑚𐑩𐑤	ˈærəbəl	
arachnid	𐑼𐑨𐑒𐑯𐑩𐑛	əræknƏd	RRP	89	𐑼𐑨𐑒𐑯𐑦𐑛	əˈræknɪd	
archivist	𐑸𐑒𐑩𐑝𐑦𐑕𐑑	ɑːRkəvɪst	RRP	89	𐑸𐑒𐑦𐑝𐑦𐑕𐑑	ˈɑːRkɪvɪst	
arctic	𐑸𐑑𐑦𐑒	ɑːRtɪk	RRP	89	𐑸𐑒𐑑𐑦𐑒	ˈɑːRktɪk	
arduous	𐑸𐑛𐑿𐑩𐑕	ɑːRdjuːəs	RRP	89	𐑸𐑡𐑫𐑩𐑕	ˈɑːRdʒuəs	
are	𐑺	eəR	RRP	89	𐑸	ɑːR	
ares	𐑺𐑰𐑟	eəriːz	RRP	89	𐑸𐑟	ɑːRz	
arete	𐑨𐑮𐑦𐑑𐑰	ærɪtiː	RRP	89	𐑨𐑮𐑧𐑑	æˈret	
argentine	𐑸𐑡𐑩𐑯𐑑𐑰𐑯	ɑːRdʒəntiːn	RRP	89	𐑸𐑡𐑩𐑯𐑑𐑲𐑯	ˈɑːRdʒəntaɪn	
arguable	𐑸𐑜𐑘𐑫𐑩𐑚𐑤	ɑːRɡjuəbl	RRP	89	𐑸𐑜𐑘𐑫𐑩𐑚𐑩𐑤	ˈɑːRɡjuəbəl	
arguing	𐑸𐑜𐑘𐑫𐑦𐑙	ɑːRɡjuɪŋ	RRP	89	𐑸𐑜𐑿𐑦𐑙	ˈɑːRɡjuːɪŋ	
arithmetician	𐑼𐑦𐑔𐑥𐑩𐑑𐑦𐑖𐑯	ərɪθmətɪʃn	RRP	89	𐑼𐑦𐑔𐑥𐑩𐑑𐑦𐑖𐑩𐑯	əˌrɪθməˈtɪʃən	
armada	𐑸𐑥𐑸𐑛𐑩	ɑːRmɑːRdə	RRP	89	𐑸𐑥𐑭𐑛𐑩	ɑːRˈmɑːdə	
army	𐑸𐑥𐑰	ɑːRmiː	RRP	89	𐑸𐑥𐑦	ˈɑːRmi	
aromatic	𐑨𐑮𐑼𐑥𐑨𐑑𐑦𐑒	ærəRmætɪk	RRP	89	𐑨𐑮𐑩𐑥𐑨𐑑𐑦𐑒	ˌærəˈmætɪk	
arrant	𐑨𐑮𐑼𐑯𐑑	ærəRnt	RRP	89	𐑨𐑮𐑩𐑯𐑑	ˈærənt	
arras	𐑨𐑮𐑼𐑕	ærəRs	RRP	89	𐑨𐑮𐑩𐑕	ˈærəs	
arrogance	𐑨𐑮𐑼𐑜𐑩𐑯𐑕	ærəRɡəns	RRP	89	𐑨𐑮𐑩𐑜𐑩𐑯𐑕	ˈærəɡəns	
arrogant	𐑨𐑮𐑼𐑜𐑩𐑯𐑑	ærəRɡənt	RRP	89	𐑨𐑮𐑩𐑜𐑩𐑯𐑑	ˈærəɡənt	
arrogate	𐑨𐑮𐑼𐑜𐑱𐑑	ærəRɡeɪt	RRP	89	𐑨𐑮𐑩𐑜𐑱𐑑	ˈærəɡeɪt	
artesian	𐑸𐑑𐑰𐑠𐑩𐑯	ɑːRtiːʒən	RRP	89	𐑸𐑑𐑰𐑟𐑾𐑯	ɑːRˈtiːzɪən	
artificial	𐑸𐑑𐑩𐑓𐑦𐑖𐑩𐑤	ɑːRtəfɪʃəl	RRP	89	𐑸𐑑𐑦𐑓𐑦𐑖𐑩𐑤	ˌɑːRtɪˈfɪʃəl	
artisan	𐑸𐑑𐑦𐑟𐑩𐑯	ɑːRtɪzən	RRP	89	𐑸𐑑𐑦𐑟𐑨𐑯	ˌɑːRtɪˈzæn	
arum	𐑧𐑮𐑼𐑥	erəRm	RRP	89	𐑺𐑩𐑥	ˈeərəm	
aryan	𐑺𐑦𐑩𐑯	eəriən	RRP	89	𐑺𐑾𐑯	ˈeərɪən	
as	𐑨𐑕	ˈæs	RRP	89	𐑨𐑟	æz	
asap	𐑱𐑧𐑕𐑱𐑐𐑦	ˌeɪeseɪˈpi	RRP	89	𐑱𐑧𐑕𐑱𐑐𐑰	ˌeɪˌesˌeɪˈpiː	
asbestos	𐑨𐑕𐑚𐑧𐑕𐑑𐑪𐑕	æsˈbestɒs	RRP	89	𐑨𐑟𐑚𐑧𐑕𐑑𐑪𐑕	æzˈbestɒs	
asceticism	𐑩𐑕𐑧𐑑𐑩𐑕𐑦𐑟𐑩𐑥	əˈsetəˌsɪzəm	RRP	89	𐑩𐑕𐑧𐑑𐑦𐑕𐑦𐑟𐑩𐑥	əˈsetɪsɪzəm	
aseptic	𐑩𐑕𐑧𐑐𐑑𐑦𐑒	əˈseptɪk	RRP	89	𐑱𐑕𐑧𐑐𐑑𐑦𐑒	ˌeɪˈseptɪk	
asparagus	𐑩𐑕𐑐𐑨𐑮𐑼𐑜𐑩𐑕	əspærəRɡəs	RRP	89	𐑩𐑕𐑐𐑨𐑮𐑩𐑜𐑩𐑕	əˈspærəɡəs	
aspectual	𐑨𐑕𐑐𐑧𐑒𐑑𐑘𐑩𐑩𐑤	ˌæˈspektjəəl	RRP	89	𐑩𐑕𐑐𐑧𐑒𐑗𐑫𐑩𐑤	əˈspektʃuəl	
asperity	𐑩𐑕𐑐𐑧𐑮𐑦𐑑𐑦	əsperɪti	RRP	89	𐑨𐑕𐑐𐑧𐑮𐑦𐑑𐑦	æˈsperɪti	
asphalt	𐑨𐑕𐑓𐑨𐑤𐑑	ˈæsfælt	RRP	89	𐑨𐑕𐑓𐑷𐑤𐑑, 𐑨𐑖𐑓𐑧𐑤𐑑	ˈæsfɔːlt	
aspirant	𐑨𐑕𐑐𐑼𐑼𐑯𐑑	æspərəRnt	RRP	89	𐑨𐑕𐑐𐑼𐑩𐑯𐑑	ˈæspərənt	
aspirate	𐑨𐑕𐑐𐑼𐑼𐑑	æspərəRt	RRP	89	𐑨𐑕𐑐𐑼𐑩𐑑, 𐑨𐑕𐑐𐑼𐑱𐑑	ˈæspərət	
aspirin	𐑨𐑕𐑐𐑮𐑦𐑯	æsprɪn	RRP	89	𐑨𐑕𐑐𐑼𐑦𐑯	ˈæspərɪn	
assay	𐑨𐑕𐑱	ˈæseɪ	RRP	89	𐑩𐑕𐑱	əˈseɪ	
asset	𐑨𐑕𐑦𐑑	ˈæsɪt	RRP	89	𐑨𐑕𐑧𐑑	ˈæset	
assiduous	𐑩𐑕𐑦𐑛𐑿𐑩𐑕	əˈsɪdjuːəs	RRP	89	𐑩𐑕𐑦𐑡𐑫𐑩𐑕	əˈsɪdʒuəs	
assimilate	𐑩𐑕𐑦𐑥𐑦𐑤𐑱𐑑	əˈsɪmɪleɪt	RRP	89	𐑩𐑕𐑦𐑥𐑩𐑤𐑱𐑑	əˈsɪməleɪt	
associative	𐑩𐑕𐑴𐑖𐑦𐑩𐑑𐑦𐑝	əˈsoʊʃiətɪv	RRP	89	𐑩𐑕𐑴𐑖𐑾𐑑𐑦𐑝	əˈsəʊʃiətɪv	
assume	𐑩𐑕𐑵𐑥	əˈsuːm	RRP	89	𐑩𐑕𐑿𐑥	əˈsjuːm	
assurance	𐑩𐑖𐑫𐑼𐑼𐑯𐑕	əʃʊərəRns	RRP	89	𐑩𐑖𐑫𐑼𐑩𐑯𐑕	əˈʃʊərəns	
asthmatic	𐑨𐑕𐑔𐑥𐑨𐑑𐑦𐑒	æsˈθmætɪk	RRP	89	𐑨𐑕𐑥𐑨𐑑𐑦𐑒	æsˈmætɪk	
astronomer	𐑩𐑕𐑑𐑮𐑪𐑯𐑼𐑥𐑼	əstrɒnəRməR	RRP	89	𐑩𐑕𐑑𐑮𐑪𐑯𐑩𐑥𐑼	əˈstrɒnəməR	
asymmetry	𐑱𐑕𐑦𐑥𐑦𐑑𐑮𐑦	eɪsɪmɪtri	RRP	89	𐑱𐑕𐑦𐑥𐑩𐑑𐑮𐑦	eɪˈsɪmətri	
asymptote	𐑨𐑕𐑦𐑥𐑐𐑑𐑴𐑑	ˈæsɪmptoʊt	RRP	89	𐑨𐑕𐑦𐑥𐑑𐑴𐑑	ˈæsɪmtəʊt	
asymptotic	𐑨𐑕𐑩𐑥𐑑𐑪𐑑𐑦𐑒	ˌæsəmˈtɒtɪk	RRP	89	𐑨𐑕𐑦𐑥𐑑𐑪𐑑𐑦𐑒	ˌæsɪmˈtɒtɪk	
athenian	𐑩𐑔𐑰𐑯𐑦𐑩𐑯	əˈθiːniən	RRP	89	𐑩𐑔𐑰𐑯𐑾𐑯	əˈθiːnɪən	
atrabilious	𐑨𐑑𐑮𐑩𐑚𐑦𐑤𐑦𐑩𐑕	ætrəbɪliəs	RRP	89	𐑨𐑑𐑮𐑩𐑚𐑦𐑤𐑾𐑕	ˌætrəˈbɪlɪəs	
attache	𐑨𐑑𐑨𐑖𐑧	ætæˈʃe	RRP	89	𐑩𐑑𐑨𐑖𐑱	əˈtæʃeɪ	
attainable	𐑩𐑑𐑱𐑯𐑩𐑚𐑤	əˈteɪnəbl	RRP	89	𐑩𐑑𐑱𐑯𐑩𐑚𐑩𐑤	əˈteɪnəbəl	
attenuate	𐑩𐑑𐑧𐑯𐑿𐑱𐑑	əˈtenjuːeɪt	RRP	89	𐑩𐑑𐑧𐑯𐑘𐑫𐑩𐑑, 𐑩𐑑𐑧𐑯𐑘𐑫𐑱𐑑	əˈtenjuət	
attributable	𐑩𐑑𐑮𐑦𐑚𐑿𐑑𐑩𐑚𐑩𐑤	ətrɪbjuːtəbəl	RRP	89	𐑩𐑑𐑮𐑦𐑚𐑘𐑩𐑑𐑩𐑚𐑩𐑤	əˈtrɪbjətəbəl	
attributive	𐑩𐑑𐑮𐑦𐑚𐑘𐑫𐑑𐑦𐑝	ətrɪbjutɪv	RRP	89	𐑩𐑑𐑮𐑦𐑚𐑘𐑩𐑑𐑦𐑝	əˈtrɪbjətɪv	
attributively	𐑩𐑑𐑮𐑦𐑚𐑘𐑫𐑑𐑦𐑝𐑤𐑦	ətrɪbjutɪvli	RRP	89	𐑩𐑑𐑮𐑦𐑚𐑘𐑩𐑑𐑦𐑝𐑤𐑦	əˈtrɪbjətɪvli	
audible	𐑷𐑛𐑦𐑚𐑩𐑤	ˈɔːdɪbəl	RRP	89	𐑷𐑛𐑩𐑚𐑩𐑤	ˈɔːdəbəl	
audience	𐑷𐑛𐑦𐑩𐑯𐑕	ˈɔːdiəns	RRP	89	𐑷𐑛𐑾𐑯𐑕	ˈɔːdɪəns	
auditor	𐑹𐑛𐑦𐑑𐑼	ɔːRdɪtəR	RRP	89	𐑷𐑛𐑦𐑑𐑼	ˈɔːdɪtəR	
auditorium	𐑹𐑛𐑦𐑑𐑹𐑦𐑩𐑥	ɔːRdɪtɔːriəm	RRP	89	𐑷𐑛𐑦𐑑𐑹𐑾𐑥	ˌɔːdɪˈtɔːrɪəm	
aunt	𐑷𐑯𐑑	ɔnt	RRP	89	𐑨𐑯𐑑, 𐑭𐑯𐑑	Ɑːnt	
aureate	𐑹𐑰𐑩𐑑	ɔːriːət	RRP	89	𐑹𐑾𐑑	ˈɔːriət	
aureole	𐑹𐑰𐑴𐑤	ɔːriːəʊl	RRP	89	𐑹𐑦𐑴𐑤	ˈɔːriəʊl	
auriferous	𐑹𐑦𐑓𐑼𐑼𐑕	ɔːrɪfərəRs	RRP	89	𐑹𐑦𐑓𐑼𐑩𐑕	ɔːˈrɪfərəs	
aurora	𐑼𐑹𐑩	ərɔːrə	RRP	89	𐑹𐑹𐑩	ɔːˈrɔːrə	
auroral	𐑹𐑷𐑼𐑼𐑤	ɔːrɔərəRl	RRP	89	𐑹𐑹𐑩𐑤	ɔːˈrɔːrəl	
austere	𐑪𐑕𐑑𐑽	ɒstɪəR	RRP	89	𐑷𐑕𐑑𐑽	ɔːˈstɪəR	
austerely	𐑷𐑕𐑑𐑦𐑼𐑤𐑦	ɔstiərli	RRP	89	𐑷𐑕𐑑𐑽𐑤𐑦	ɔːˈstɪəRli	
australian	𐑪𐑕𐑑𐑮𐑱𐑤𐑰𐑩𐑯	ɒstreɪliːən	RRP	89	𐑪𐑕𐑑𐑮𐑱𐑤𐑾𐑯	ɒˈstreɪlɪən	
austrian	𐑪𐑕𐑑𐑮𐑦𐑩𐑯	ɒstriən	RRP	89	𐑪𐑕𐑑𐑮𐑾𐑯	ˈɒstrɪən	
autarchy	𐑹𐑑𐑸𐑒𐑦	ɔːRtɑːRki	RRP	89	𐑷𐑑𐑸𐑒𐑦	ˈɔːtɑːRki	
author	𐑹𐑔𐑼	ɔːRθəR	RRP	89	𐑷𐑔𐑼	ˈɔːθəR	
authoritarian	𐑹𐑔𐑪𐑮𐑦𐑑𐑻𐑾𐑯	ɔːRθɒrɪtɜːrɪən	RRP	89	𐑷𐑔𐑪𐑮𐑦𐑑𐑺𐑾𐑯	ɔːˌθɒrɪˈteərɪən	
authoritative	𐑹𐑔𐑪𐑮𐑦𐑑𐑱𐑑𐑦𐑝	ɔːRθɒrɪteɪtɪv	RRP	89	𐑷𐑔𐑪𐑮𐑦𐑑𐑩𐑑𐑦𐑝	ɔːˈθɒrɪtətɪv	
authority	𐑹𐑔𐑪𐑮𐑼𐑑𐑦	ɔːRθɒrəRti	RRP	89	𐑷𐑔𐑪𐑮𐑦𐑑𐑦	ɔːˈθɒrɪti	
authorize	𐑹𐑔𐑼𐑲𐑟	ɔːRθəraɪz	RRP	89	𐑷𐑔𐑼𐑲𐑟	ˈɔːθəraɪz	
authorized	𐑹𐑔𐑼𐑲𐑟𐑛	ɔːRθəraɪzd	RRP	89	𐑷𐑔𐑼𐑲𐑟𐑛	ˈɔːθəraɪzd	
autobahn	𐑬𐑑𐑪𐑚𐑭𐑯	ˈaʊtoˌbɑːn	RRP	89	𐑷𐑑𐑴𐑚𐑭𐑯	ˈɔːtəʊbɑːn	
autobiographic	𐑷𐑑𐑴𐑚𐑲𐑩𐑜𐑮𐑨𐑓𐑦𐑒𐑩𐑤	ɔːtəʊbaɪəɡræfɪkəl	RRP	89	𐑷𐑑𐑩𐑚𐑲𐑩𐑜𐑮𐑨𐑓𐑦𐑒	ˌɔːtəbaɪəˈɡræfɪk	
autocratically	𐑷𐑑𐑩𐑒𐑮𐑨𐑑𐑦𐑒𐑤𐑰	ɔːtəkrætɪkliː	RRP	89	𐑷𐑑𐑩𐑒𐑮𐑨𐑑𐑦𐑒𐑤𐑦	ˌɔːtəˈkrætɪkli	
automate	𐑷𐑑𐑴𐑥𐑱𐑑	ˈɔtoʊˌmeɪt	RRP	89	𐑷𐑑𐑩𐑥𐑱𐑑	ˈɔːtəmeɪt	
automatically	𐑷𐑑𐑴𐑥𐑨𐑑𐑦𐑒𐑤𐑦	ˈɔːtəʊˌmætɪkli	RRP	89	𐑷𐑑𐑩𐑥𐑨𐑑𐑦𐑒𐑤𐑦	ˌɔːtəˈmætɪkli	
automobile	𐑷𐑑𐑴𐑥𐑴𐑚𐑲𐑤	ˌɔːtəʊˈməʊbaɪl	RRP	89	𐑷𐑑𐑩𐑥𐑩𐑚𐑰𐑤	ˈɔːtəməbiːl	
autopsy	𐑷𐑑𐑪𐑐𐑕𐑰	ˈɔːtɒpsiː	RRP	89	𐑷𐑑𐑪𐑐𐑕𐑦	ˈɔːtɒpsi	
auxiliary	𐑹𐑒𐑕𐑦𐑤𐑘𐑼𐑦	ɔːRksɪljəri	RRP	89	𐑷𐑜𐑟𐑦𐑤𐑽𐑦	ɔːɡˈzɪlɪəri	
available	𐑩𐑝𐑱𐑤𐑩𐑚𐑤	əˈveɪləbl	RRP	89	𐑩𐑝𐑱𐑤𐑩𐑚𐑩𐑤	əˈveɪləbəl	
avalanche	𐑨𐑝𐑩𐑤𐑭𐑯𐑖	ˈævəlɑːnʃ	RRP	89	𐑨𐑝𐑩𐑤𐑨𐑯𐑗, 𐑨𐑝𐑩𐑤𐑭𐑯𐑗	ˈævəlⱭːntʃ	
avatar	𐑨𐑝𐑼𐑑𐑸	ævəRtɑːR	RRP	89	𐑨𐑝𐑩𐑑𐑸	ˌævəˈtɑːR	
averse	𐑼𐑝𐑻𐑕	əRvɜːRs	RRP	89	𐑩𐑝𐑻𐑕	əˈvɜːRs	
aversion	𐑼𐑝𐑻𐑖𐑯	əRvɜːRʃn	RRP	89	𐑩𐑝𐑻𐑠𐑩𐑯	əˈvɜːRʒən	
avian	𐑱𐑝𐑦𐑩𐑯	ˈeɪviən	RRP	89	𐑱𐑝𐑾𐑯	ˈeɪviən	
avid	𐑨𐑝𐑩𐑛	ævƏd	RRP	89	𐑨𐑝𐑦𐑛	ˈævɪd	
avoirdupois	𐑨𐑝𐑼𐑛𐑼𐑐𐑶𐑟	ævəRdəRpɔɪz	RRP	89	𐑨𐑝𐑼𐑛𐑩𐑐𐑶𐑟	ˌævəRdəˈpɔɪz	
award	𐑼𐑢𐑹𐑛	əRwɔːRd	RRP	89	𐑩𐑢𐑹𐑛	əˈwɔːRd	
aware	𐑼𐑢𐑺	əRweəR	RRP	89	𐑩𐑢𐑺	əˈweəR	
awareness	𐑼𐑢𐑺𐑯𐑩𐑕	əRweəRnəs	RRP	89	𐑩𐑢𐑺𐑯𐑩𐑕	əˈweəRnəs	
awful	𐑷𐑓𐑫𐑤	ˈɔːfʊl	RRP	89	𐑷𐑓𐑩𐑤	ˈɔːfəl	
awfully	𐑷𐑓𐑫𐑤𐑦	ˈɔːfʊli	RRP	89	𐑷𐑓𐑩𐑤𐑦	ˈɔːfəli	
awkward	𐑹𐑒𐑢𐑼𐑛	ɔːRkwəRd	RRP	89	𐑷𐑒𐑢𐑼𐑛	ˈɔːkwəRd	
awol	𐑱𐑢𐑷𐑤	ˈeɪwɔl	RRP	89	𐑱𐑢𐑪𐑤	ˈeɪwɒl	
axiomatic	𐑨𐑒𐑕𐑦𐑩𐑥𐑨𐑑𐑦𐑒	ˌæksiəˈmætɪk	RRP	89	𐑨𐑒𐑕𐑾𐑥𐑨𐑑𐑦𐑒	ˌæksɪəˈmætɪk	
azalea	𐑩𐑟𐑱𐑤𐑦𐑩	əˈzeɪliə	RRP	89	𐑩𐑟𐑱𐑤𐑾	əˈzeɪlɪə	
baby-faced	𐑚𐑱𐑚𐑦𐑓𐑱𐑕𐑑	ˈbeɪbiˌfeɪst	RRP	89	𐑚𐑱𐑚𐑦-𐑓𐑱𐑕𐑑	ˈbeɪbi-feɪst	
baccarat	𐑚𐑨𐑒𐑼𐑸	bækərɑːR	RRP	89	𐑚𐑨𐑒𐑼𐑭	ˈbækərɑː	
bacchanal	𐑚𐑨𐑒𐑩𐑯𐑩𐑤	ˈbækənəl	RRP	89	𐑚𐑨𐑒𐑩𐑯𐑨𐑤	ˈbækənæl	
bachelor	𐑚𐑨𐑗𐑼𐑤𐑼	bætʃəRləR	RRP	89	𐑚𐑨𐑗𐑩𐑤𐑼	ˈbætʃələR	
bacillus	𐑚𐑨𐑕𐑦𐑤𐑩𐑕	bæˈsɪləs	RRP	89	𐑚𐑩𐑕𐑦𐑤𐑩𐑕	bəˈsɪləs	
bafflement	𐑚𐑨𐑓𐑤𐑥𐑩𐑯𐑑	ˈbaflmənt	RRP	89	𐑚𐑨𐑓𐑩𐑤𐑥𐑩𐑯𐑑	ˈbæfəlmənt	
bagel	𐑚𐑧𐑜𐑩𐑤	ˈbeɡəl	RRP	89	𐑚𐑱𐑜𐑩𐑤	ˈbeɪɡəl	
bagnio	𐑚𐑨𐑯𐑦𐑷	ˈbænɪɔ	RRP	89	𐑚𐑨𐑯𐑘𐑴	ˈbænjəʊ	
baklava	𐑚𐑨𐑒𐑤𐑩𐑝𐑩	ˈbækləvə	RRP	89	𐑚𐑨𐑒𐑤𐑩𐑝𐑭	ˈbækləvɑː	
bald	𐑚𐑴𐑤𐑛	bəʊld	RRP	89	𐑚𐑷𐑤𐑛	bɔːld	
baltimore	𐑚𐑹𐑤𐑑𐑦𐑥𐑹	bɔːRltɪmɔːR	RRP	89	𐑚𐑷𐑤𐑑𐑦𐑥𐑹	ˈbɔːltɪmɔːR	
baluster	𐑚𐑨𐑤𐑳𐑕𐑑𐑮	bælʌstr	RRP	89	𐑚𐑨𐑤𐑩𐑕𐑑𐑼	ˈbæləstəR	
bambino	𐑚𐑨𐑥𐑚𐑦𐑯𐑴	bæmˈbinoʊ	RRP	89	𐑚𐑨𐑥𐑚𐑰𐑯𐑴	bæmˈbiːnəʊ	
bamboo	𐑚𐑨𐑥𐑚𐑫	bæmˈbu	RRP	89	𐑚𐑨𐑥𐑚𐑵	bæmˈbuː	
bankrupt	𐑚𐑨𐑙𐑒𐑮𐑩𐑐𐑑	bæŋkrəpt	RRP	89	𐑚𐑨𐑙𐑒𐑮𐑳𐑐𐑑	ˈbæŋkrʌpt	
banquet	𐑚𐑨𐑙𐑒𐑢𐑦𐑑	ˈbæŋkwɪt	RRP	89	𐑚𐑨𐑙𐑒𐑢𐑩𐑑	ˈbæŋkwIt	
bantu	𐑚𐑨𐑯𐑑𐑫	ˈbæntu	RRP	89	𐑚𐑨𐑯𐑑𐑵	bænˈtuː	
banyan	𐑚𐑨𐑯𐑘𐑩𐑯	ˈbænjən	RRP	89	𐑚𐑨𐑯𐑘𐑨𐑯	ˈbænjæn	
barbadian	𐑚𐑸𐑚𐑱𐑛𐑦𐑩𐑯	bɑːRbeɪdiən	RRP	89	𐑚𐑸𐑚𐑱𐑛𐑾𐑯	bɑːRˈbeɪdɪən	
barbarian	𐑚𐑸𐑚𐑺𐑦𐑩𐑯	bɑːRbeəriən	RRP	89	𐑚𐑸𐑚𐑺𐑾𐑯	bɑːRˈbeərɪən	
barbarism	𐑚𐑸𐑚𐑼𐑦𐑟𐑥	bɑːRbərɪzm	RRP	89	𐑚𐑸𐑚𐑼𐑦𐑟𐑩𐑥	ˈbɑːRbərɪzəm	
barbarous	𐑚𐑸𐑚𐑼𐑼𐑕	bɑːRbərəRs	RRP	89	𐑚𐑸𐑚𐑼𐑩𐑕	ˈbɑːRbərəs	
bardolatry	𐑚𐑸𐑛𐑪𐑤𐑩𐑑𐑮𐑰	bɑːRdɒlətriː	RRP	89	𐑚𐑸𐑛𐑪𐑤𐑩𐑑𐑮𐑦	bɑːRˈdɒlətri	
barefooted	𐑚𐑻𐑓𐑫𐑑𐑩𐑛	bɜːRfʊtƏd	RRP	89	𐑚𐑺𐑓𐑫𐑑𐑩𐑛	beəRˈfʊtƏd	
bargain	𐑚𐑸𐑜𐑩𐑯	bɑːRɡən	RRP	89	𐑚𐑸𐑜𐑦𐑯	ˈbɑːRɡɪn	
bargee	𐑚𐑸𐑡𐑦	bɑːRdʒi	RRP	89	𐑚𐑸𐑡𐑰	bɑːRˈdʒiː	
barometer	𐑚𐑼𐑪𐑥𐑼𐑑𐑼	bərɒməRtəR	RRP	89	𐑚𐑼𐑪𐑥𐑦𐑑𐑼	bəˈrɒmɪtəR	
barometric	𐑚𐑨𐑮𐑼𐑥𐑧𐑑𐑮𐑦𐑒	bærəRmetrɪk	RRP	89	𐑚𐑨𐑮𐑩𐑥𐑧𐑑𐑮𐑦𐑒	ˌbærəˈmetrɪk	
baron	𐑚𐑨𐑮𐑼𐑯	bærəRn	RRP	89	𐑚𐑨𐑮𐑩𐑯	ˈbærən	
baronage	𐑚𐑨𐑮𐑼𐑯𐑦𐑡	bærəRnɪdʒ	RRP	89	𐑚𐑨𐑮𐑩𐑯𐑦𐑡	ˈbærənɪdʒ	
baroness	𐑚𐑨𐑮𐑼𐑯𐑧𐑕	bærəRnes	RRP	89	𐑚𐑨𐑮𐑩𐑯𐑧𐑕	ˈbærənes	
baronet	𐑚𐑨𐑮𐑼𐑯𐑧𐑑	bærəRnet	RRP	89	𐑚𐑨𐑮𐑩𐑯𐑧𐑑	ˈbærənet	
barony	𐑚𐑨𐑮𐑼𐑯𐑦	bærəRni	RRP	89	𐑚𐑨𐑮𐑩𐑯𐑦	ˈbærəni	
barouche	𐑚𐑨𐑮𐑵𐑖	bæruːʃ	RRP	89	𐑚𐑼𐑵𐑖	bəˈruːʃ	
barracuda	𐑚𐑨𐑮𐑼𐑒𐑵𐑛𐑩	bærəRkuːdə	RRP	89	𐑚𐑨𐑮𐑩𐑒𐑵𐑛𐑩	ˌbærəˈkuːdə	
barrage	𐑚𐑨𐑮𐑸𐑠	bærɑːRʒ	RRP	89	𐑚𐑨𐑮𐑭𐑠	ˈbærɑːʒ	
barrel	𐑚𐑨𐑮𐑼𐑤	bærəRl	RRP	89	𐑚𐑨𐑮𐑩𐑤	ˈbærəl	
barren	𐑚𐑨𐑮𐑼𐑯	bærəRn	RRP	89	𐑚𐑨𐑮𐑩𐑯	ˈbærən	
basalt	𐑚𐑨𐑕𐑪𐑤𐑑	ˈbæsɒlt	RRP	89	𐑚𐑨𐑕𐑷𐑤𐑑	ˈbæsɔːlt	
basilica	𐑚𐑩𐑕𐑦𐑤𐑦𐑒𐑩	bəˈsɪlɪkə	RRP	89	𐑚𐑩𐑟𐑦𐑤𐑦𐑒𐑩	bəˈzɪlɪkə	
basin	𐑚𐑱𐑕𐑦𐑯	ˈbeɪsɪn	RRP	89	𐑚𐑱𐑕𐑩𐑯	ˈbeɪsən	
basket	𐑚𐑭𐑕𐑒𐑦𐑑	ˈbɑːskɪt	RRP	89	𐑚𐑨𐑕𐑒𐑩𐑑, 𐑚𐑭𐑕𐑒𐑩𐑑	ˈbⱭːskIt	
basketball	𐑚𐑭𐑕𐑒𐑦𐑑𐑚𐑷𐑤	ˈbɑːskɪtbɔːl	RRP	89	𐑚𐑨𐑕𐑒𐑩𐑑𐑚𐑷𐑤, 𐑚𐑭𐑕𐑒𐑩𐑑𐑚𐑷𐑤	ˈbⱭːskItbɔːl	
bast	𐑚𐑭𐑕𐑑	bɑːst	RRP	89	𐑚𐑨𐑕𐑑	bæst	
bastard	𐑚𐑸𐑕𐑑𐑼𐑛	bɑːRstəRd	RRP	89	𐑚𐑨𐑕𐑑𐑼𐑛, 𐑚𐑭𐑕𐑑𐑼𐑛	ˈbⱭːstəRd	
bastion	𐑚𐑨𐑕𐑑𐑦𐑩𐑯	ˈbæstiən	RRP	89	𐑚𐑨𐑕𐑑𐑾𐑯	ˈbæstɪən	
batik	𐑚𐑩𐑑𐑰𐑒	bəˈtiːk	RRP	89	𐑚𐑨𐑑𐑰𐑒	bæˈtiːk	
batiste	𐑚𐑩𐑑𐑰𐑕𐑑	bəˈtiːst	RRP	89	𐑚𐑨𐑑𐑰𐑕𐑑	bæˈtiːst	
baton	𐑚𐑨𐑑𐑪𐑯	ˈbætɒn	RRP	89	𐑚𐑨𐑑𐑩𐑯	ˈbætən	
battue	𐑚𐑩𐑑𐑵	bəˈtuː	RRP	89	𐑚𐑨𐑑𐑵	bæˈtuː	
bc	𐑚𐑰𐑕𐑰	biːˈsiː	RRP	89	⸰⁠𐑚𐑒	ˌbiːˈsiː	
be	𐑚𐑦	bi	RRP	89	𐑚𐑰	biː	
bearable	𐑚𐑺𐑼𐑚𐑩𐑤	beərəRbəl	RRP	89	𐑚𐑺𐑩𐑚𐑩𐑤	ˈbeərəbəl	
beaten	𐑚𐑦𐑑𐑯	ˈbitn	RRP	89	𐑚𐑰𐑑𐑩𐑯	ˈbiːtən	
beatify	𐑚𐑰𐑨𐑑𐑦𐑓𐑲	biːˈætɪfaɪ	RRP	89	𐑚𐑦𐑨𐑑𐑦𐑓𐑲	bɪˈætɪfaɪ	
beatitude	𐑚𐑰𐑨𐑑𐑦𐑑𐑿𐑛	biːˈætɪtjuːd	RRP	89	𐑚𐑦𐑨𐑑𐑦𐑑𐑵𐑛, 𐑚𐑦𐑨𐑑𐑦𐑑𐑿𐑛	bɪˈætɪtjuːd	
beautifully	𐑚𐑿𐑑𐑦𐑓𐑤𐑦	ˈbjuːtɪfli	RRP	89	𐑚𐑿𐑑𐑦𐑓𐑩𐑤𐑦	ˈbjuːtɪfəli	
bedouin	𐑚𐑧𐑛𐑢𐑦𐑯	ˈbedwɪn	RRP	89	𐑚𐑧𐑛𐑫𐑦𐑯	ˈbeduɪn	
bedroom	𐑚𐑧𐑛𐑮𐑫𐑥	bedrum	RRP	89	𐑚𐑧𐑛𐑮𐑵𐑥	ˈbedruːm	
beeswax	𐑚𐑦𐑟𐑢𐑨𐑒𐑕	ˈbizwæks	RRP	89	𐑚𐑰𐑟𐑢𐑨𐑒𐑕	ˈbiːzwæks	
befitting	𐑚𐑰𐑓𐑦𐑑𐑦𐑙	biːˈfɪtɪŋ	RRP	89	𐑚𐑦𐑓𐑦𐑑𐑦𐑙	bɪˈfɪtɪŋ	
begonia	𐑚𐑩𐑜𐑴𐑯𐑰𐑩	ˈbəɡəʊniːə	RRP	89	𐑚𐑦𐑜𐑴𐑯𐑾	bɪˈɡəʊnɪə	
behavioural	𐑚𐑦𐑣𐑱𐑝𐑘𐑼𐑼𐑤	bɪheɪvjərəRl	RRP	89	𐑚𐑦𐑣𐑱𐑝𐑘𐑼𐑩𐑤	bɪˈheɪvjərəl	
behemoth	𐑚𐑩𐑣𐑦𐑥𐑩𐑔	bəˈhiməθ	RRP	89	𐑚𐑦𐑣𐑰𐑥𐑪𐑔	bɪˈhiːmɒθ	
belay	𐑚𐑰𐑤𐑱	ˈbiːleɪ	RRP	89	𐑚𐑦𐑤𐑱	bɪˈleɪ	
belles-lettres	𐑚𐑧𐑤𐑤𐑧𐑑𐑮	belletr	RRP	89	𐑚𐑧𐑤-𐑤𐑧𐑑𐑮𐑩	ˌbel-ˈletrə	
belligerent	𐑚𐑩𐑤𐑦𐑡𐑮𐑼𐑯𐑑	bəlɪdʒrəRnt	RRP	89	𐑚𐑦𐑤𐑦𐑡𐑼𐑩𐑯𐑑	bɪˈlɪdʒərənt	
beloved	𐑚𐑦𐑤𐑳𐑝𐑛	bɪˈlʌvd	RRP	89	𐑚𐑦𐑤𐑳𐑝𐑩𐑛	bɪˈlʌvƏd	
benediction	𐑚𐑧𐑯𐑩𐑛𐑦𐑒𐑖𐑩𐑯	ˌbenəˈdɪkʃən	RRP	89	𐑚𐑧𐑯𐑦𐑛𐑦𐑒𐑖𐑩𐑯	ˌbenɪˈdɪkʃən	
benefaction	𐑚𐑧𐑯𐑦𐑓𐑨𐑒𐑖𐑯	benɪˈfakʃn	RRP	89	𐑚𐑧𐑯𐑦𐑓𐑨𐑒𐑖𐑩𐑯	ˌbenɪˈfækʃən	
benefactor	𐑚𐑧𐑯𐑩𐑓𐑨𐑒𐑑𐑼	benəfaktəR	RRP	89	𐑚𐑧𐑯𐑦𐑓𐑨𐑒𐑑𐑼	ˈbenɪfæktəR	
beneficence	𐑚𐑩𐑯𐑧𐑓𐑦𐑕𐑩𐑯𐑕	bəˈnefɪsəns	RRP	89	𐑚𐑦𐑯𐑧𐑓𐑦𐑕𐑩𐑯𐑕	bɪˈnefɪsəns	
beneficent	𐑚𐑩𐑯𐑧𐑓𐑦𐑕𐑩𐑯𐑑	bəˈnefɪsənt	RRP	89	𐑚𐑦𐑯𐑧𐑓𐑦𐑕𐑩𐑯𐑑	bɪˈnefɪsənt	
beneficial	𐑚𐑧𐑯𐑩𐑓𐑦𐑖𐑩𐑤	ˌbenəˈfɪʃəl	RRP	89	𐑚𐑧𐑯𐑦𐑓𐑦𐑖𐑩𐑤	ˌbenɪˈfɪʃəl	
benevolence	𐑚𐑩𐑯𐑧𐑝𐑩𐑤𐑩𐑯𐑕	bəˈnevələns	RRP	89	𐑚𐑦𐑯𐑧𐑝𐑩𐑤𐑩𐑯𐑕	bɪˈnevələns	
benevolent	𐑚𐑩𐑯𐑧𐑝𐑩𐑤𐑩𐑯𐑑	bəˈnevələnt	RRP	89	𐑚𐑦𐑯𐑧𐑝𐑩𐑤𐑩𐑯𐑑	bɪˈnevələnt	
benignant	𐑚𐑩𐑯𐑦𐑜𐑯𐑩𐑯𐑑	bəˈnɪɡnənt	RRP	89	𐑚𐑦𐑯𐑦𐑜𐑯𐑩𐑯𐑑	bɪˈnɪɡnənt	
benignity	𐑚𐑩𐑯𐑦𐑜𐑯𐑩𐑑𐑦	bəˈnɪɡnəti	RRP	89	𐑚𐑦𐑯𐑦𐑜𐑯𐑦𐑑𐑦	bɪˈnɪɡnɪti	
bequeath	𐑚𐑦𐑒𐑢𐑰𐑔	bɪˈkwiːθ	RRP	89	𐑚𐑦𐑒𐑢𐑰𐑞	bɪˈkwiːð	
bereft	𐑚𐑼𐑧𐑓𐑑	bəreft	RRP	89	𐑚𐑦𐑮𐑧𐑓𐑑	bɪˈreft	
berlin	𐑚𐑼𐑤𐑦𐑯	bəRlɪn	RRP	89	𐑚𐑻𐑤𐑦𐑯	bɜːRˈlɪn	
berserk	𐑚𐑼𐑟𐑻𐑒	bəRzɜːRk	RRP	89	𐑚𐑼𐑕𐑻𐑒	bəRˈsɜːRk	
beryl	𐑚𐑧𐑮𐑼𐑤	berəRl	RRP	89	𐑚𐑧𐑮𐑩𐑤	ˈberəl	
besides	𐑚𐑩𐑕𐑲𐑛𐑟	bəˈsaɪdz	RRP	89	𐑚𐑦𐑕𐑲𐑛𐑟	bɪˈsaɪdz	
besiege	𐑚𐑩𐑕𐑰𐑡	bəˈsiːdʒ	RRP	89	𐑚𐑦𐑕𐑰𐑡	bɪˈsiːdʒ	
bestial	𐑚𐑧𐑕𐑑𐑦𐑩𐑤	ˈbestiəl	RRP	89	𐑚𐑧𐑕𐑑𐑾𐑤	ˈbestɪəl	
bestiality	𐑚𐑧𐑕𐑗𐑩𐑤𐑤𐑦𐑑𐑦	ˈbestʃəlˌlɪtɪ	RRP	89	𐑚𐑧𐑕𐑑𐑦𐑨𐑤𐑦𐑑𐑦	ˌbestɪˈælɪti	
bestride	𐑚𐑩𐑕𐑑𐑮𐑲𐑛	bəstraɪd	RRP	89	𐑚𐑦𐑕𐑑𐑮𐑲𐑛	bɪˈstraɪd	
betray	𐑚𐑩𐑑𐑮𐑱	bətreɪ	RRP	89	𐑚𐑦𐑑𐑮𐑱	bɪˈtreɪ	
betroth	𐑚𐑩𐑑𐑮𐑴𐑞	bətroʊð	RRP	89	𐑚𐑦𐑑𐑮𐑴𐑞	bɪˈtrəʊð	
beware	𐑚𐑼𐑢𐑺	bəRweər	RRP	89	𐑚𐑦𐑢𐑺	bɪˈweəR	
bewildered	𐑚𐑩𐑢𐑦𐑤𐑛𐑼𐑛	bəwɪldəRd	RRP	89	𐑚𐑦𐑢𐑦𐑤𐑛𐑼𐑛	bɪˈwɪldəRd	
bewilderment	𐑚𐑦𐑢𐑦𐑤𐑛𐑼𐑥𐑼𐑯𐑑	bɪwɪldəRməRnt	RRP	89	𐑚𐑦𐑢𐑦𐑤𐑛𐑼𐑥𐑩𐑯𐑑	bɪˈwɪldəRmənt	
bewitch	𐑚𐑩𐑢𐑦𐑗	bəˈwɪtʃ	RRP	89	𐑚𐑦𐑢𐑦𐑗	bɪˈwɪtʃ	
bewitching	𐑚𐑩𐑢𐑦𐑗𐑦𐑙	bəˈwɪtʃɪŋ	RRP	89	𐑚𐑦𐑢𐑦𐑗𐑦𐑙	bɪˈwɪtʃɪŋ	
bicameral	𐑚𐑳𐑦𐑒𐑨𐑥𐑼𐑼𐑤	bʌɪkamərəRl	RRP	89	𐑚𐑲𐑒𐑨𐑥𐑼𐑩𐑤	ˌbaɪˈkæmərəl	
bifurcate	𐑚𐑳𐑦𐑓𐑼𐑒𐑱𐑑	bʌɪfəRkeɪt	RRP	89	𐑚𐑲𐑓𐑼𐑒𐑱𐑑	ˈbaɪfəRkeɪt	
bilateral	𐑚𐑲𐑤𐑨𐑑𐑼𐑼𐑤	baɪlætərəRl	RRP	89	𐑚𐑲𐑤𐑨𐑑𐑼𐑩𐑤	ˌbaɪˈlætərəl	
bilious	𐑚𐑦𐑤𐑦𐑩𐑕	ˈbɪliəs	RRP	89	𐑚𐑦𐑤𐑾𐑕	ˈbɪlɪəs	
billionaire	𐑚𐑦𐑤𐑦𐑩𐑯𐑺	bɪliəneəR	RRP	89	𐑚𐑦𐑤𐑘𐑩𐑯𐑺	ˌbɪljəˈneəR	
billionth	𐑚𐑦𐑤𐑦𐑩𐑯𐑔	ˈbɪliənθ	RRP	89	𐑚𐑦𐑤𐑘𐑩𐑯𐑔	ˈbɪljənθ	
bimetallic	𐑚𐑲𐑥𐑦𐑑𐑨𐑤𐑦𐑒	baɪmɪˈtælɪk	RRP	89	𐑚𐑲𐑥𐑩𐑑𐑨𐑤𐑦𐑒	ˌbaɪməˈtælɪk	
binomial	𐑚𐑲𐑯𐑴𐑥𐑦𐑩𐑤	baɪˈnəʊmiəl	RRP	89	𐑚𐑲𐑯𐑴𐑥𐑾𐑤	baɪˈnəʊmɪəl	
biodegradable	𐑚𐑲𐑴𐑛𐑩𐑜𐑮𐑱𐑛𐑩𐑚𐑩𐑤	baɪoʊdəɡreɪdəbəl	RRP	89	𐑚𐑲𐑴𐑛𐑦𐑜𐑮𐑱𐑛𐑩𐑚𐑩𐑤	ˌbaɪəʊdɪˈɡreɪdəbəl	
biomedical	𐑚𐑲𐑴𐑥𐑧𐑛𐑦𐑒𐑤	ˌbaɪəʊˈmedɪkl	RRP	89	𐑚𐑲𐑴𐑥𐑧𐑛𐑦𐑒𐑩𐑤	ˌbaɪəʊˈmedɪkəl	
bionic	𐑚𐑦𐑪𐑯𐑦𐑒	ˈbɪˌɒnɪk	RRP	89	𐑚𐑲𐑪𐑯𐑦𐑒	baɪˈɒnɪk	
biotechnology	𐑚𐑲𐑴𐑑𐑧𐑒𐑯𐑪𐑤𐑴𐑡𐑦	ˈbaɪəʊˌteknɒləʊdʒi	RRP	89	𐑚𐑲𐑴𐑑𐑧𐑒𐑯𐑪𐑤𐑩𐑡𐑦	ˌbaɪəʊtekˈnɒlədʒi	
bisexual	𐑚𐑲𐑕𐑧𐑒𐑕𐑘𐑫𐑩𐑤	baɪˈseksjuəl	RRP	89	𐑚𐑲𐑕𐑧𐑒𐑖𐑫𐑩𐑤	ˌbaɪˈsekʃuəl	
bitumen	𐑚𐑦𐑑𐑘𐑩𐑥𐑦𐑯	ˈbɪtjəmɪn	RRP	89	𐑚𐑦𐑗𐑩𐑥𐑩𐑯	ˈbɪtʃəmən	
biz	𐑚𐑩𐑟	bƏz	RRP	89	𐑚𐑦𐑟	bɪz	
blackguard	𐑚𐑤𐑨𐑜𐑼𐑛	blæɡəRd	RRP	89	𐑚𐑤𐑨𐑜𐑸𐑛	ˈblæɡɑːRd	
blamelessly	𐑚𐑤𐑱𐑥𐑤𐑧𐑕𐑤𐑰	ˈbleɪmlesliː	RRP	89	𐑚𐑤𐑱𐑥𐑤𐑩𐑕𐑤𐑦	ˈbleɪmləsli	
blandishment	𐑚𐑤𐑨𐑯𐑛𐑦𐑖𐑥𐑯𐑑	ˈblændɪʃmnt	RRP	89	𐑚𐑤𐑨𐑯𐑛𐑦𐑖𐑥𐑩𐑯𐑑	ˈblændɪʃmənt	
blanket	𐑚𐑤𐑨𐑙𐑒𐑦𐑑	ˈblæŋkɪt	RRP	89	𐑚𐑤𐑨𐑙𐑒𐑩𐑑	ˈblæŋkIt	
blenheim	𐑚𐑤𐑧𐑯𐑩𐑥	ˈblenəm	RRP	89	𐑚𐑤𐑧𐑯𐑦𐑥	ˈblenɪm	
blessedness	𐑚𐑤𐑧𐑕𐑦𐑛𐑯𐑩𐑕	ˈblesɪdnəs	RRP	89	𐑚𐑤𐑧𐑕𐑩𐑛𐑯𐑩𐑕	ˈblesƏdnəs	
blooming	𐑚𐑤𐑫𐑥𐑦𐑙	ˈblʊmɪŋ	RRP	89	𐑚𐑤𐑵𐑥𐑦𐑙	ˈbluːmɪŋ	
blouse	𐑚𐑤𐑬𐑕	blaʊs	RRP	89	𐑚𐑤𐑬𐑟	blaʊz	
boardroom	𐑚𐑷𐑮𐑛𐑮𐑵𐑥	bɔrdruːm	RRP	89	𐑚𐑹𐑛𐑮𐑵𐑥	ˈbɔːRdruːm	
boardwalk	𐑚𐑹𐑛𐑢𐑹𐑒	bɔːRdwɔːRk	RRP	89	𐑚𐑹𐑛𐑢𐑷𐑒	ˈbɔːRdwɔːk	
bohemia	𐑚𐑴𐑣𐑦𐑥𐑦𐑩	boʊˈhimiə	RRP	89	𐑚𐑴𐑣𐑰𐑥𐑾	bəʊˈhiːmiə	
bohemian	𐑚𐑴𐑣𐑦𐑥𐑦𐑩𐑯	boʊˈhimiən	RRP	89	𐑚𐑴𐑣𐑰𐑥𐑾𐑯	bəʊˈhiːmɪən	
boisterous	𐑚𐑶𐑕𐑑𐑼𐑼𐑕	bɔɪstərəRs	RRP	89	𐑚𐑶𐑕𐑑𐑼𐑩𐑕	ˈbɔɪstərəs	
bolivian	𐑚𐑩𐑤𐑦𐑝𐑦𐑩𐑯	bəˈlɪviən	RRP	89	𐑚𐑩𐑤𐑦𐑝𐑾𐑯	bəˈlɪviən	
boll	𐑚𐑪𐑤	bɒl	RRP	89	𐑚𐑴𐑤	bəʊl	
bonhomie	𐑚𐑴𐑯𐑩𐑥𐑰	boʊnəˈmiː	RRP	89	𐑚𐑪𐑯𐑩𐑥𐑦	ˈbɒnəmi	
bonnet	𐑚𐑪𐑯𐑦𐑑	ˈbɒnɪt	RRP	89	𐑚𐑪𐑯𐑩𐑑	ˈbɒnIt	
boogie-woogie	𐑚𐑫𐑜𐑦𐑢𐑫𐑜𐑦	ˌbʊɡiˈwʊɡi	RRP	89	𐑚𐑵𐑜𐑦-𐑢𐑵𐑜𐑦	ˌbuːɡi-ˈwuːɡi	
boone	𐑚𐑫𐑯	bun	RRP	89	𐑚𐑵𐑯	buːn	
bootee	𐑚𐑵𐑑𐑦	ˈbuːti	RRP	89	𐑚𐑵𐑑𐑰	buːˈtiː	
bosom	𐑚𐑫𐑟𐑥	ˈbʊzm	RRP	89	𐑚𐑫𐑟𐑩𐑥	ˈbʊzəm	
botulism	𐑚𐑪𐑑𐑘𐑩𐑤𐑦𐑟𐑩𐑥	ˈbɒtjəlɪzəm	RRP	89	𐑚𐑪𐑗𐑩𐑤𐑦𐑟𐑩𐑥	ˈbɒtʃəlɪzəm	
boucle	𐑚𐑫𐑒𐑤	bukl	RRP	89	𐑚𐑵𐑒𐑤𐑱	ˈbuːkleɪ	
boulevard	𐑚𐑵𐑤𐑼𐑝𐑸𐑛	buːləRvɑːRd	RRP	89	𐑚𐑵𐑤𐑩𐑝𐑸𐑛	ˈbuːləvɑːRd	
bounden	𐑚𐑬𐑯𐑛𐑯	ˈbaʊndn	RRP	89	𐑚𐑬𐑯𐑛𐑩𐑯	ˈbaʊndən	
bounteous	𐑚𐑬𐑯𐑑𐑦𐑩𐑕	ˈbaʊntiəs	RRP	89	𐑚𐑬𐑯𐑑𐑾𐑕	ˈbaʊntɪəs	
bouquet	𐑚𐑴𐑒𐑱	boʊˈkeɪ	RRP	89	𐑚𐑵𐑒𐑱	buːˈkeɪ	
bourgeois	𐑚𐑹𐑠𐑢𐑸	bɔːRʒwɑːR	RRP	89	𐑚𐑫𐑼𐑠𐑢𐑭	ˈbʊəRʒwɑː	
bourgeoisie	𐑚𐑫𐑼𐑠𐑢𐑸𐑟𐑰	bʊəRʒwɑːRziː	RRP	89	𐑚𐑫𐑼𐑠𐑢𐑭𐑟𐑰	ˌbʊəRʒwɑːˈziː	
braggart	𐑚𐑮𐑨𐑜𐑸𐑑	bræɡɑːRt	RRP	89	𐑚𐑮𐑨𐑜𐑼𐑑	ˈbræɡəRt	
brassard	𐑚𐑮𐑩𐑕𐑸𐑛	brəsɑːRd	RRP	89	𐑚𐑮𐑨𐑕𐑸𐑛	ˈbræsɑːRd	
brassiere	𐑚𐑮𐑨𐑕𐑦𐑺	bræsɪeəR	RRP	89	𐑚𐑮𐑨𐑟𐑽	ˈbræzɪəR	
bravado	𐑚𐑮𐑭𐑝𐑭𐑛𐑴	brɑːvɑːdoʊ	RRP	89	𐑚𐑮𐑩𐑝𐑭𐑛𐑴	brəˈvɑːdəʊ	
brazen-faced	𐑚𐑮𐑱𐑟𐑩𐑯𐑓𐑱𐑕𐑑	breɪzənfeɪst	RRP	89	𐑚𐑮𐑱𐑟𐑩𐑯-𐑓𐑱𐑕𐑑	ˈbreɪzən-feɪst	
brazier	𐑚𐑮𐑱𐑠𐑼	breɪʒər	RRP	89	𐑚𐑮𐑱𐑟𐑽	ˈbreɪzɪəR	
breakable	𐑚𐑮𐑱𐑒𐑩𐑚𐑤	breɪkəbl	RRP	89	𐑚𐑮𐑱𐑒𐑩𐑚𐑩𐑤	ˈbreɪkəbəl	
breastfeed	𐑚𐑮𐑧𐑕𐑓𐑰𐑛	bresfiːd	RRP	89	𐑚𐑮𐑧𐑕𐑑𐑓𐑰𐑛	ˈbrestfiːd	
breathed	𐑚𐑮𐑧𐑔𐑑	breθt	RRP	89	𐑚𐑮𐑰𐑞𐑛	briːðd	
brevet	𐑚𐑮𐑧𐑝𐑦𐑑	brevɪt	RRP	89	𐑚𐑮𐑧𐑝𐑩𐑑	ˈbrevIt	
breviary	𐑚𐑮𐑧𐑝𐑽𐑦	brevɪəri	RRP	89	𐑚𐑮𐑰𐑝𐑽𐑦	ˈbriːvɪəri	
brevity	𐑚𐑮𐑧𐑝𐑩𐑑𐑦	brevəti	RRP	89	𐑚𐑮𐑧𐑝𐑦𐑑𐑦	ˈbrevɪti	
bric-a-brac	𐑚𐑮𐑦𐑒𐑩𐑚𐑮𐑨𐑒	brɪkəbræk	RRP	89	𐑚𐑮𐑦𐑒-𐑩-𐑚𐑮𐑨𐑒	ˈbrɪk-ə-bræk	
bridget	𐑚𐑮𐑦𐑡𐑦𐑑	brɪdʒɪt	RRP	89	𐑚𐑮𐑦𐑡𐑩𐑑	ˈbrɪdʒIt	
brilliance	𐑚𐑮𐑦𐑤𐑘𐑩𐑯𐑕	brɪljəns	RRP	89	𐑚𐑮𐑦𐑤𐑾𐑯𐑕	ˈbrɪlɪəns	
brilliancy	𐑚𐑮𐑦𐑤𐑘𐑩𐑯𐑕𐑦	brɪljənsi	RRP	89	𐑚𐑮𐑦𐑤𐑾𐑯𐑕𐑦	ˈbrɪlɪənsi	
brilliant	𐑚𐑮𐑦𐑤𐑘𐑩𐑯𐑑	brɪljənt	RRP	89	𐑚𐑮𐑦𐑤𐑾𐑯𐑑	ˈbrɪlɪənt	
brisket	𐑚𐑮𐑦𐑕𐑒𐑦𐑑	brɪskɪt	RRP	89	𐑚𐑮𐑦𐑕𐑒𐑩𐑑	ˈbrɪskIt	
brocade	𐑚𐑮𐑩𐑒𐑱𐑛	brəkeɪd	RRP	89	𐑚𐑮𐑴𐑒𐑱𐑛	brəʊˈkeɪd	
bronchial	𐑚𐑮𐑭𐑯𐑒𐑦𐑩𐑤	brɑːnkiəl	RRP	89	𐑚𐑮𐑪𐑙𐑒𐑾𐑤	ˈbrɒŋkɪəl	
broomstick	𐑚𐑮𐑫𐑥𐑕𐑑𐑦𐑒	brumstɪk	RRP	89	𐑚𐑮𐑵𐑥𐑕𐑑𐑦𐑒	ˈbruːmstɪk	
brother-in-law	𐑚𐑮𐑳𐑞𐑼 𐑦𐑯 𐑤𐑷	brʌðər ɪn lɔː	RRP	89	𐑚𐑮𐑳𐑞𐑼-𐑦𐑯-𐑤𐑷	ˈbrʌðər-ɪn-lɔː	
bucket	𐑚𐑳𐑒𐑦𐑑	ˈbʌkɪt	RRP	89	𐑚𐑳𐑒𐑩𐑑	ˈbʌkIt	
budget	𐑚𐑳𐑡𐑦𐑑	ˈbʌdʒɪt	RRP	89	𐑚𐑳𐑡𐑩𐑑	ˈbʌdʒət	
buffet	𐑚𐑳𐑓𐑦𐑑	ˈbʌfɪt	RRP	89	𐑚𐑫𐑓𐑱, 𐑚𐑳𐑓𐑩𐑑	ˈbʊfeɪ	
bulgarian	𐑚𐑳𐑤𐑜𐑧𐑮𐑦𐑩𐑯	bʌlɡeriən	RRP	89	𐑚𐑳𐑤𐑜𐑺𐑾𐑯	bʌlˈɡeərɪən	
bullet	𐑚𐑫𐑤𐑦𐑑	ˈbʊlɪt	RRP	89	𐑚𐑫𐑤𐑩𐑑	ˈbʊlIt	
bulletin	𐑚𐑫𐑤𐑦𐑑𐑦𐑯	ˈbʊlɪtɪn	RRP	89	𐑚𐑫𐑤𐑩𐑑𐑦𐑯	ˈbʊlətɪn	
bulletproof	𐑚𐑫𐑤𐑦𐑑𐑐𐑮𐑵𐑓	bʊlɪtpruːf	RRP	89	𐑚𐑫𐑤𐑩𐑑𐑐𐑮𐑵𐑓	ˈbʊlItpruːf	
bullion	𐑚𐑫𐑤𐑘𐑩𐑯	ˈbʊljən	RRP	89	𐑚𐑫𐑤𐑾𐑯	ˈbʊlɪən	
bumblebee	𐑚𐑳𐑥𐑚𐑩𐑤𐑚𐑦	ˈbʌmbəlbi	RRP	89	𐑚𐑳𐑥𐑚𐑩𐑤𐑚𐑰	ˈbʌmbəlbiː	
bundle	𐑚𐑳𐑯𐑛𐑤	ˈbʌndl	RRP	89	𐑚𐑳𐑯𐑛𐑩𐑤	ˈbʌndəl	
bungle	𐑚𐑳𐑙𐑜𐑤	ˈbʌŋɡl	RRP	89	𐑚𐑳𐑙𐑜𐑩𐑤	ˈbʌŋɡəl	
buoy	𐑚𐑫𐑦	ˈbui	RRP	89	𐑚𐑶	bɔɪ	
burden	𐑚𐑻𐑛𐑯	bɜːRdn	RRP	89	𐑚𐑻𐑛𐑩𐑯	ˈbɜːRdən	
bureau	𐑚𐑘𐑼𐑴	bjərəʊ	RRP	89	𐑚𐑘𐑫𐑼𐑴	ˈbjʊərəʊ	
burlesque	𐑚𐑼𐑤𐑧𐑕𐑒	bəRlesk	RRP	89	𐑚𐑻𐑤𐑧𐑕𐑒	bɜːRˈlesk	
bye-bye	𐑚𐑲𐑚𐑲	baɪˈbaɪ	RRP	89	𐑚𐑲-𐑚𐑲	ˌbaɪ-ˈbaɪ	
byword	𐑚𐑲𐑢𐑼𐑛	baɪwəRd	RRP	89	𐑚𐑲𐑢𐑻𐑛	ˈbaɪwɜːRd	
cabal	𐑒𐑩𐑚𐑭𐑤	kəˈbɑːl	RRP	89	𐑒𐑩𐑚𐑨𐑤	kəˈbæl	
cabinet	𐑒𐑨𐑚𐑦𐑯𐑦𐑑	ˈkæbɪnɪt	RRP	89	𐑒𐑨𐑚𐑦𐑯𐑩𐑑	ˈkæbɪnət	
cable	𐑒𐑱𐑚𐑤	keɪbl	RRP	89	𐑒𐑱𐑚𐑩𐑤	ˈkeɪbəl	
cabriolet	𐑒𐑨𐑚𐑮𐑦𐑩𐑤𐑱	kæbriəleɪ	RRP	89	𐑒𐑨𐑚𐑮𐑾𐑤𐑱	ˈkæbriəleɪ	
cacao	𐑒𐑩𐑒𐑭𐑴	kəˈkɑːəʊ	RRP	89	𐑒𐑩𐑒𐑬	kəˈkaʊ	
cacophonous	𐑒𐑩𐑒𐑪𐑓𐑩𐑯𐑩𐑕	kəˈkɒfənəs	RRP	89	𐑒𐑨𐑒𐑪𐑓𐑩𐑯𐑩𐑕	kæˈkɒfənəs	
cacophony	𐑒𐑩𐑒𐑪𐑓𐑩𐑯𐑦	kəˈkɒfəni	RRP	89	𐑒𐑨𐑒𐑪𐑓𐑩𐑯𐑦	kæˈkɒfəni	
cadmium	𐑒𐑨𐑛𐑥𐑦𐑩𐑥	ˈkædmiəm	RRP	89	𐑒𐑨𐑛𐑥𐑾𐑥	ˈkædmɪəm	
cadre	𐑒𐑭𐑛𐑼	kɑːdəR	RRP	89	𐑒𐑨𐑛𐑮𐑩, 𐑒𐑭𐑛𐑮𐑩	ˈkⱭːdrə	
caesura	𐑕𐑦𐑟𐑘𐑩𐑼𐑩	sɪzjəərə	RRP	89	𐑕𐑦𐑟𐑘𐑫𐑼𐑩	sɪˈzjʊərə	
caisson	𐑒𐑱𐑕𐑯	ˈkeɪsn	RRP	89	𐑒𐑱𐑕𐑪𐑯	ˈkeɪsɒn	
calcine	𐑒𐑨𐑤𐑕𐑦𐑯	ˈkælsɪn	RRP	89	𐑒𐑨𐑤𐑕𐑲𐑯	ˈkælsaɪn	
calcium	𐑒𐑨𐑤𐑕𐑦𐑩𐑥	ˈkælsiəm	RRP	89	𐑒𐑨𐑤𐑕𐑾𐑥	ˈkælsɪəm	
calculation	𐑒𐑨𐑤𐑒𐑘𐑫𐑤𐑱𐑖𐑩𐑯	kælkjuˈleɪʃən	RRP	89	𐑒𐑨𐑤𐑒𐑘𐑩𐑤𐑱𐑖𐑩𐑯	ˌkælkjəˈleɪʃən	
calendar	𐑒𐑨𐑤𐑩𐑯𐑛𐑼	kæləndəR	RRP	89	𐑒𐑨𐑤𐑦𐑯𐑛𐑼	ˈkælɪndəR	
calk	𐑒𐑨𐑤𐑒	kælk	RRP	89	𐑒𐑷𐑒	kɔːk	
calvinist	𐑒𐑨𐑤𐑝𐑩𐑯𐑦𐑕𐑑	ˈkælvənɪst	RRP	89	𐑒𐑨𐑤𐑝𐑦𐑯𐑦𐑕𐑑	ˈkælvɪnɪst	
calyx	𐑒𐑨𐑤𐑦𐑒𐑕	ˈkælɪks	RRP	89	𐑒𐑱𐑤𐑦𐑒𐑕	ˈkeɪlɪks	
camaraderie	𐑒𐑨𐑥𐑼𐑸𐑛𐑼𐑦	kæmərɑːRdəri	RRP	89	𐑒𐑨𐑥𐑼𐑭𐑛𐑼𐑦	ˌkæməˈrɑːdəri	
camellia	𐑒𐑩𐑥𐑧𐑤𐑾	kəˈmelɪə	RRP	89	𐑒𐑩𐑥𐑰𐑤𐑾	kəˈmiːlɪə	
camembert	𐑒𐑨𐑥𐑪𐑥𐑚𐑺	kæmɒmbeəR	RRP	89	𐑒𐑨𐑥𐑩𐑥𐑚𐑺	ˈkæməmbeəR	
cameo	𐑒𐑨𐑥𐑰𐑴	ˈkæmiːəʊ	RRP	89	𐑒𐑨𐑥𐑦𐑴	ˈkæmiəʊ	
campanile	𐑒𐑨𐑥𐑐𐑩𐑯𐑰𐑤𐑱	kæmpəˈniːleɪ	RRP	89	𐑒𐑨𐑥𐑐𐑩𐑯𐑰𐑤𐑦	ˌkæmpəˈniːli	
campion	𐑒𐑨𐑥𐑐𐑦𐑩𐑯	ˈkæmpiən	RRP	89	𐑒𐑨𐑥𐑐𐑾𐑯	ˈkæmpɪən	
canalisation	𐑒𐑨𐑯𐑩𐑤𐑩𐑟𐑱𐑖𐑩𐑯	ˌkænələˈzeɪʃən	RRP	89	𐑒𐑨𐑯𐑩𐑤𐑲𐑟𐑱𐑖𐑩𐑯	ˌkænəlaɪˈzeɪʃən	
canard	𐑒𐑼𐑯𐑸𐑛	kəRnɑːRd	RRP	89	𐑒𐑨𐑯𐑸𐑛	kæˈnɑːRd	
cancerous	𐑒𐑨𐑯𐑕𐑼𐑼𐑕	kænsərəRs	RRP	89	𐑒𐑨𐑯𐑕𐑼𐑩𐑕	ˈkænsərəs	
candelabrum	𐑒𐑨𐑯𐑛𐑦𐑤𐑭𐑚𐑮𐑩𐑥	kændɪlɑːbrəm	RRP	89	𐑒𐑨𐑯𐑛𐑩𐑤𐑭𐑚𐑮𐑩𐑥	ˌkændəˈlɑːbrəm	
candid	𐑒𐑨𐑯𐑛𐑩𐑛	ˈkændƏd	RRP	89	𐑒𐑨𐑯𐑛𐑦𐑛	ˈkændɪd	
candidly	𐑒𐑨𐑯𐑛𐑩𐑛𐑤𐑦	ˈkændƏdli	RRP	89	𐑒𐑨𐑯𐑛𐑦𐑛𐑤𐑦	ˈkændɪdli	
candied	𐑒𐑨𐑯𐑛𐑰𐑛	ˈkændiːd	RRP	89	𐑒𐑨𐑯𐑛𐑦𐑛	ˈkændid	
candlelight	𐑒𐑨𐑯𐑛𐑤𐑤𐑲𐑑	ˈkændllaɪt	RRP	89	𐑒𐑨𐑯𐑛𐑩𐑤𐑤𐑲𐑑	ˈkændəl+laɪt	
cantankerous	𐑒𐑨𐑯𐑑𐑨𐑙𐑒𐑼𐑼𐑕	kæntæŋkərəRs	RRP	89	𐑒𐑨𐑯𐑑𐑨𐑙𐑒𐑼𐑩𐑕	kænˈtæŋkərəs	
cantata	𐑒𐑩𐑯𐑑𐑭𐑑𐑩	kənˈtɑːtə	RRP	89	𐑒𐑨𐑯𐑑𐑭𐑑𐑩	kænˈtɑːtə	
canton	𐑒𐑨𐑯𐑑𐑩𐑯	ˈkæntən	RRP	89	𐑒𐑨𐑯𐑑𐑪𐑯	ˈkæntɒn	
cantonment	𐑒𐑨𐑯𐑑𐑵𐑯𐑥𐑩𐑯𐑑	kanˈtuːnmənt	RRP	89	𐑒𐑨𐑯𐑑𐑪𐑯𐑥𐑩𐑯𐑑	kænˈtɒnmənt	
capability	𐑒𐑱𐑐𐑩𐑚𐑦𐑤𐑩𐑑𐑦	keɪpəˈbɪləti	RRP	89	𐑒𐑱𐑐𐑩𐑚𐑦𐑤𐑦𐑑𐑦	ˌkeɪpəˈbɪlɪti	
capillary	𐑒𐑨𐑐𐑦𐑤𐑧𐑮𐑦	kæpɪleri	RRP	89	𐑒𐑩𐑐𐑦𐑤𐑼𐑦	kəˈpɪləri	
capitalism	𐑒𐑨𐑐𐑦𐑑𐑤𐑦𐑟𐑥	ˈkapɪtlɪzm	RRP	89	𐑒𐑨𐑐𐑦𐑑𐑩𐑤𐑦𐑟𐑩𐑥	ˈkæpɪtəlɪzəm	
capitalize	𐑒𐑨𐑐𐑩𐑑𐑩𐑤𐑲𐑟	ˈkæpətəˌlaɪz	RRP	89	𐑒𐑨𐑐𐑦𐑑𐑩𐑤𐑲𐑟	ˈkæpɪtəlaɪz	
capitulate	𐑒𐑩𐑐𐑦𐑑𐑘𐑩𐑤𐑱𐑑	kəˈpɪtjəleɪt	RRP	89	𐑒𐑩𐑐𐑦𐑗𐑩𐑤𐑱𐑑	kəˈpɪtʃəleɪt	
caprice	𐑒𐑩𐑐𐑮𐑦𐑕	kəpris	RRP	89	𐑒𐑩𐑐𐑮𐑰𐑕	kəˈpriːs	
capsule	𐑒𐑨𐑐𐑕𐑤	ˈkæpsl	RRP	89	𐑒𐑨𐑐𐑕𐑿𐑤	ˈkæpsjuːl	
caracole	𐑒𐑨𐑮𐑼𐑒𐑴𐑤	kærəRkəʊl	RRP	89	𐑒𐑨𐑮𐑩𐑒𐑴𐑤	ˈkærəkəʊl	
caramel	𐑒𐑨𐑮𐑼𐑥𐑩𐑤	kærəRməl	RRP	89	𐑒𐑨𐑮𐑩𐑥𐑩𐑤	ˈkærəməl	
carapace	𐑒𐑧𐑮𐑼𐑐𐑱𐑕	kerəRpeɪs	RRP	89	𐑒𐑨𐑮𐑩𐑐𐑱𐑕	ˈkærəpeɪs	
carat	𐑒𐑨𐑮𐑼𐑑	kærəRt	RRP	89	𐑒𐑨𐑮𐑩𐑑	ˈkærət	
caravan	𐑒𐑨𐑮𐑼𐑝𐑨𐑯	kærəRvæn	RRP	89	𐑒𐑨𐑮𐑩𐑝𐑨𐑯	ˈkærəvæn	
caravanserai	𐑒𐑨𐑮𐑼𐑝𐑨𐑯𐑕𐑼𐑳𐑦	karəRvansərʌɪ	RRP	89	𐑒𐑨𐑮𐑩𐑝𐑨𐑯𐑕𐑼𐑲	ˌkærəˈvænsəraɪ	
caraway	𐑒𐑨𐑮𐑼𐑢𐑱	kærəRweɪ	RRP	89	𐑒𐑨𐑮𐑩𐑢𐑱	ˈkærəweɪ	
carbonate	𐑒𐑸𐑚𐑩𐑯𐑩𐑑	kɑːRbənət	RRP	89	𐑒𐑸𐑚𐑩𐑯𐑱𐑑	ˈkɑːRbəneɪt	
carbonated	𐑒𐑸𐑚𐑪𐑯𐑱𐑑𐑩𐑛	kɑːRbɒneɪtəd	RRP	89	𐑒𐑸𐑚𐑩𐑯𐑱𐑑𐑩𐑛	ˈkɑːRbəneɪtƏd	
careful	𐑒𐑻𐑓𐑩𐑤	kɜːRfəl	RRP	89	𐑒𐑺𐑓𐑩𐑤	ˈkeəRfəl	
carefully	𐑒𐑻𐑓𐑩𐑤𐑦	kɜːRfəli	RRP	89	𐑒𐑺𐑓𐑩𐑤𐑦	ˈkeəRfəli	
careworn	𐑒𐑻𐑢𐑹𐑯	kɜːRwɔːRn	RRP	89	𐑒𐑺𐑢𐑹𐑯	ˈkeəRwɔːRn	
caribbean	𐑒𐑨𐑮𐑦𐑚𐑰𐑩𐑯	kærɪbiːən	RRP	89	𐑒𐑨𐑮𐑦𐑚𐑾𐑯	kærɪˈbiən	
caribou	𐑒𐑧𐑮𐑼𐑚𐑫	kerəRbu	RRP	89	𐑒𐑨𐑮𐑦𐑚𐑵	ˈkærɪbuː	
caricaturist	𐑒𐑨𐑮𐑦𐑒𐑼𐑗𐑫𐑼𐑦𐑕𐑑	kærɪkəRtʃʊərɪst	RRP	89	𐑒𐑨𐑮𐑦𐑒𐑩𐑗𐑫𐑼𐑦𐑕𐑑	ˈkærɪkətʃʊərɪst	
caries	𐑒𐑺𐑰𐑟	keəriːz	RRP	89	𐑒𐑺𐑦𐑟	ˈkeəriz	
carious	𐑒𐑺𐑦𐑩𐑕	keəriəs	RRP	89	𐑒𐑺𐑾𐑕	ˈkeərɪəs	
carnival	𐑒𐑨𐑮𐑯𐑦𐑝𐑩𐑤	kærnɪvəl	RRP	89	𐑒𐑸𐑯𐑦𐑝𐑩𐑤	ˈkɑːRnɪvəl	
carol	𐑒𐑨𐑮𐑼𐑤	kærəRl	RRP	89	𐑒𐑨𐑮𐑩𐑤	ˈkærəl	
caroline	𐑒𐑨𐑮𐑼𐑤𐑲𐑯	kærəRlaɪn	RRP	89	𐑒𐑨𐑮𐑩𐑤𐑲𐑯	ˈkærəlaɪn	
carousel	𐑒𐑨𐑮𐑼𐑕𐑧𐑤	kærəRsel	RRP	89	𐑒𐑨𐑮𐑩𐑕𐑧𐑤	ˌkærəˈsel	
carpet	𐑒𐑸𐑐𐑦𐑑	kɑːRpɪt	RRP	89	𐑒𐑸𐑐𐑩𐑑	ˈkɑːRpIt	
carpetbagger	𐑒𐑸𐑐𐑦𐑑𐑚𐑨𐑜𐑼	kɑːRpɪtbaɡəR	RRP	89	𐑒𐑸𐑐𐑩𐑑𐑚𐑨𐑜𐑼	ˈkɑːRpItbæɡəR	
carrot	𐑒𐑨𐑮𐑼𐑑	kærəRt	RRP	89	𐑒𐑨𐑮𐑩𐑑	ˈkærət	
cartilage	𐑒𐑸𐑑𐑦𐑤𐑦𐑡	kɑːRtɪlɪdʒ	RRP	89	𐑒𐑸𐑑𐑩𐑤𐑦𐑡	ˈkɑːRtəlɪdʒ	
cartilaginous	𐑒𐑸𐑑𐑦𐑤𐑨𐑡𐑦𐑯𐑩𐑕	kɑːRtɪladʒɪnəs	RRP	89	𐑒𐑸𐑑𐑩𐑤𐑨𐑡𐑦𐑯𐑩𐑕	ˌkɑːRtəˈlædʒɪnəs	
casein	𐑒𐑱𐑕𐑰𐑦𐑯	ˈkeɪsiːɪn	RRP	89	𐑒𐑱𐑕𐑰𐑯	ˈkeɪsiːn	
cashier	𐑒𐑩𐑖𐑽	kəʃɪəR	RRP	89	𐑒𐑨𐑖𐑽	kæˈʃɪəR	
casino	𐑒𐑨𐑕𐑦𐑯𐑴	kæˈsinoʊ	RRP	89	𐑒𐑩𐑕𐑰𐑯𐑴	kəˈsiːnəʊ	
casket	𐑒𐑨𐑕𐑒𐑦𐑑	ˈkæskɪt	RRP	89	𐑒𐑨𐑕𐑒𐑩𐑑, 𐑒𐑭𐑕𐑒𐑩𐑑	ˈkⱭːskIt	
cassowary	𐑒𐑨𐑕𐑩𐑢𐑧𐑮𐑦	kæsəweri	RRP	89	𐑒𐑨𐑕𐑩𐑢𐑺𐑦	ˈkæsəweəri	
castilian	𐑒𐑩𐑕𐑑𐑦𐑤𐑘𐑩𐑯	kəˈstɪljən	RRP	89	𐑒𐑨𐑕𐑑𐑦𐑤𐑾𐑯	kæsˈtɪliən	
castling	𐑒𐑭𐑕𐑩𐑤𐑦𐑙	ˈkɑːsəlɪŋ	RRP	89	𐑒𐑨𐑕𐑤𐑦𐑙, 𐑒𐑭𐑕𐑤𐑦𐑙	ˈkⱭːslɪŋ	
castor	𐑒𐑸𐑕𐑑𐑼	kɑːRstəR	RRP	89	𐑒𐑨𐑕𐑑𐑼, 𐑒𐑭𐑕𐑑𐑼	ˈkⱭːstəR	
casualty	𐑒𐑨𐑠𐑩𐑤𐑑𐑦	ˈkaʒəlti	RRP	89	𐑒𐑨𐑠𐑫𐑩𐑤𐑑𐑦	ˈkæʒuəlti	
casuist	𐑒𐑨𐑟𐑿𐑦𐑕𐑑	ˈkæzjuːɪst	RRP	89	𐑒𐑨𐑠𐑫𐑦𐑕𐑑	ˈkæʒuɪst	
casuistic	𐑒𐑨𐑟𐑘𐑫𐑦𐑕𐑑𐑦𐑒	ˌkæzjuˈɪstɪk	RRP	89	𐑒𐑨𐑠𐑫𐑦𐑕𐑑𐑦𐑒	ˌkæʒuˈɪstɪk	
casuistry	𐑒𐑨𐑠𐑵𐑦𐑕𐑑𐑮𐑦	kæʒuːɪstri	RRP	89	𐑒𐑨𐑠𐑫𐑦𐑕𐑑𐑮𐑦	ˈkæʒuɪstri	
catacomb	𐑒𐑨𐑑𐑨𐑒𐑴𐑥	ˈkætakoʊm	RRP	89	𐑒𐑨𐑑𐑩𐑒𐑵𐑥	ˈkætəkuːm	
catamaran	𐑒𐑨𐑑𐑼𐑥𐑼𐑨𐑯	kætəRməræn	RRP	89	𐑒𐑨𐑑𐑩𐑥𐑼𐑨𐑯	ˌkætəməˈræn	
catechism	𐑒𐑨𐑑𐑦𐑒𐑦𐑟𐑩𐑥	ˈkætɪˌkɪzəm	RRP	89	𐑒𐑨𐑑𐑩𐑒𐑦𐑟𐑩𐑥	ˈkætəkɪzəm	
catechize	𐑒𐑨𐑑𐑦𐑒𐑲𐑟	ˈkatɪkaɪz	RRP	89	𐑒𐑨𐑑𐑩𐑒𐑲𐑟	ˈkætəkaɪz	
categorical	𐑒𐑨𐑑𐑼𐑜𐑷𐑮𐑦𐑒𐑤	kætəRɡɔrɪkl	RRP	89	𐑒𐑨𐑑𐑩𐑜𐑪𐑮𐑦𐑒𐑩𐑤	ˌkætəˈɡɒrɪkəl	
categorically	𐑒𐑨𐑑𐑼𐑜𐑪𐑮𐑦𐑒𐑤𐑦	kætəRɡɒrɪkli	RRP	89	𐑒𐑨𐑑𐑩𐑜𐑪𐑮𐑦𐑒𐑤𐑦	ˌkætəˈɡɒrɪkli	
category	𐑒𐑨𐑑𐑦𐑜𐑮𐑦	kætɪɡri	RRP	89	𐑒𐑨𐑑𐑩𐑜𐑼𐑦	ˈkætəɡəri	
catering	𐑒𐑱𐑑𐑮𐑦𐑙	keɪtrɪŋ	RRP	89	𐑒𐑱𐑑𐑼𐑦𐑙	ˈkeɪtərɪŋ	
catholic	𐑒𐑨𐑔𐑤𐑦𐑒	ˈkaθlɪk	RRP	89	𐑒𐑨𐑔𐑩𐑤𐑦𐑒	ˈkæθəlɪk	
catholicism	𐑒𐑩𐑔𐑪𐑤𐑦𐑕𐑦𐑟𐑥	kəˈθɒlɪsɪzm	RRP	89	𐑒𐑩𐑔𐑪𐑤𐑦𐑕𐑦𐑟𐑩𐑥	kəˈθɒlɪsɪzəm	
cattle	𐑒𐑨𐑑𐑤	ˈkætl	RRP	89	𐑒𐑨𐑑𐑩𐑤	ˈkætəl	
caution	𐑒𐑷𐑖𐑯	ˈkɔːʃn	RRP	89	𐑒𐑷𐑖𐑩𐑯	ˈkɔːʃən	
cavort	𐑒𐑼𐑝𐑹𐑑	kəRvɔːRt	RRP	89	𐑒𐑩𐑝𐑹𐑑	kəˈvɔːRt	
cayenne	𐑒𐑲𐑧𐑯	kaɪˈen	RRP	89	𐑒𐑱𐑧𐑯	keɪˈen	
celebrate	𐑕𐑧𐑤𐑦𐑚𐑮𐑱𐑑	selɪbreɪt	RRP	89	𐑕𐑧𐑤𐑩𐑚𐑮𐑱𐑑	ˈseləbreɪt	
celebrated	𐑕𐑧𐑤𐑦𐑚𐑮𐑱𐑑𐑩𐑛	selɪbreɪtƏd	RRP	89	𐑕𐑧𐑤𐑩𐑚𐑮𐑱𐑑𐑩𐑛	ˈseləbreɪtƏd	
celebration	𐑕𐑧𐑤𐑦𐑚𐑮𐑧𐑦𐑖𐑩𐑯	selɪbreiʃən	RRP	89	𐑕𐑧𐑤𐑩𐑚𐑮𐑱𐑖𐑩𐑯	ˌseləˈbreɪʃən	
celebrity	𐑕𐑦𐑤𐑧𐑚𐑮𐑦𐑑𐑦	sɪlebrɪti	RRP	89	𐑕𐑩𐑤𐑧𐑚𐑮𐑦𐑑𐑦	səˈlebrɪti	
celerity	𐑕𐑦𐑤𐑧𐑮𐑦𐑑𐑦	sɪlerɪti	RRP	89	𐑕𐑩𐑤𐑧𐑮𐑦𐑑𐑦	səˈlerɪti	
celibacy	𐑕𐑧𐑤𐑩𐑚𐑩𐑕𐑦	ˈseləbəsi	RRP	89	𐑕𐑧𐑤𐑦𐑚𐑩𐑕𐑦	ˈselɪbəsi	
cellulose	𐑕𐑧𐑤𐑘𐑩𐑤𐑴𐑟	ˈseljələʊz	RRP	89	𐑕𐑧𐑤𐑘𐑩𐑤𐑴𐑕	ˈseljələʊs	
celsius	𐑕𐑧𐑤𐑕𐑰𐑩𐑕	ˈselsiːəs	RRP	89	𐑕𐑧𐑤𐑕𐑾𐑕	ˈselsɪəs	
cement	𐑕𐑩𐑥𐑧𐑯𐑑	səˈment	RRP	89	𐑕𐑦𐑥𐑧𐑯𐑑	sɪˈment	
cemetery	𐑕𐑧𐑥𐑦𐑑𐑮𐑦	semɪtri	RRP	89	𐑕𐑧𐑥𐑩𐑑𐑼𐑦	ˈsemətəri	
cenotaph	𐑕𐑧𐑯𐑴𐑑𐑨𐑓	ˈsenəʊtæf	RRP	89	𐑕𐑧𐑯𐑩𐑑𐑨𐑓, 𐑕𐑧𐑯𐑩𐑑𐑭𐑓	ˈsenətⱭːf	
censorious	𐑕𐑧𐑯𐑕𐑷𐑮𐑦𐑩𐑕	sensɔriəs	RRP	89	𐑕𐑧𐑯𐑕𐑹𐑾𐑕	senˈsɔːrɪəs	
centenarian	𐑕𐑧𐑯𐑑𐑦𐑯𐑺𐑦𐑩𐑯	sentɪneəriən	RRP	89	𐑕𐑧𐑯𐑑𐑩𐑯𐑺𐑾𐑯	ˌsentəˈneərɪən	
centipede	𐑕𐑧𐑯𐑑𐑦𐑐𐑦𐑛	ˈsentɪpid	RRP	89	𐑕𐑧𐑯𐑑𐑦𐑐𐑰𐑛	ˈsentɪpiːd	
centrifugal	𐑕𐑧𐑯𐑑𐑮𐑦𐑓𐑩𐑜𐑩𐑤	sentrɪfəɡəl	RRP	89	𐑕𐑧𐑯𐑑𐑮𐑦𐑓𐑿𐑜𐑩𐑤	senˈtrɪfjuːɡəl	
centurion	𐑕𐑧𐑯𐑑𐑘𐑼𐑦𐑩𐑯	sentjəriən	RRP	89	𐑕𐑧𐑯𐑑𐑘𐑫𐑼𐑾𐑯	senˈtjʊərɪən	
century	𐑕𐑧𐑯𐑗𐑼𐑰	sentʃəriː	RRP	89	𐑕𐑧𐑯𐑗𐑼𐑦	ˈsentʃəri	
ceremonial	𐑕𐑧𐑮𐑦𐑥𐑴𐑯𐑦𐑩𐑤	serɪmoʊniəl	RRP	89	𐑕𐑧𐑮𐑦𐑥𐑴𐑯𐑾𐑤	ˌserɪˈməʊnɪəl	
cerulean	𐑕𐑼𐑵𐑤𐑦𐑩𐑯	səruːliən	RRP	89	𐑕𐑦𐑮𐑵𐑤𐑾𐑯	sɪˈruːlɪən	
chairman	𐑗𐑻𐑥𐑩𐑯	tʃɜːRmən	RRP	89	𐑗𐑺𐑥𐑩𐑯	ˈtʃeəRmən	
chamberlain	𐑗𐑱𐑥𐑚𐑼𐑤𐑦𐑯	tʃeɪmbəRlɪn	RRP	89	𐑗𐑱𐑥𐑚𐑼𐑤𐑩𐑯	ˈtʃeɪmbəRlIn	
chameleon	𐑒𐑩𐑥𐑰𐑤𐑘𐑩𐑯	kəˈmiːljən	RRP	89	𐑒𐑩𐑥𐑰𐑤𐑾𐑯	kəˈmiːlɪən	
champion	𐑗𐑨𐑥𐑐𐑦𐑩𐑯	ˈtʃæmpiən	RRP	89	𐑗𐑨𐑥𐑐𐑾𐑯	ˈtʃæmpɪən	
championship	𐑗𐑨𐑥𐑐𐑦𐑩𐑯𐑖𐑦𐑐	ˈtʃæmpiənʃɪp	RRP	89	𐑗𐑨𐑥𐑐𐑾𐑯𐑖𐑦𐑐	ˈtʃæmpɪənʃɪp	
chancellery	𐑗𐑭𐑯𐑑𐑕𐑼𐑤𐑮𐑦	tʃɑːntsəRlri	RRP	89	𐑗𐑨𐑯𐑕𐑩𐑤𐑼𐑦, 𐑗𐑭𐑯𐑕𐑩𐑤𐑼𐑦	ˈtʃⱭːnsələri	
chancellor	𐑗𐑸𐑯𐑕𐑼𐑤𐑼	tʃɑːRnsəRləR	RRP	89	𐑗𐑨𐑯𐑕𐑩𐑤𐑼, 𐑗𐑭𐑯𐑕𐑩𐑤𐑼	ˈtʃⱭːnsələR	
changeling	𐑗𐑱𐑯𐑠𐑤𐑦𐑙	ˈtʃeɪnʒlɪŋ	RRP	89	𐑗𐑱𐑯𐑡𐑤𐑦𐑙	ˈtʃeɪndʒlɪŋ	
charabanc	𐑖𐑨𐑮𐑼𐑚𐑨𐑙	ʃærəRbæŋ	RRP	89	𐑖𐑨𐑮𐑩𐑚𐑨𐑙	ˈʃærəbæŋ	
character	𐑒𐑨𐑮𐑼𐑒𐑑𐑼	kærəRktəR	RRP	89	𐑒𐑨𐑮𐑩𐑒𐑑𐑼	ˈkærəktəR	
characteristic	𐑒𐑨𐑮𐑼𐑒𐑑𐑼𐑦𐑕𐑑𐑦𐑒	kærəRktərɪstɪk	RRP	89	𐑒𐑨𐑮𐑩𐑒𐑑𐑼𐑦𐑕𐑑𐑦𐑒	ˌkærəktəˈrɪstɪk	
characterize	𐑒𐑨𐑮𐑼𐑒𐑑𐑼𐑲𐑟	kærəRktəraɪz	RRP	89	𐑒𐑨𐑮𐑩𐑒𐑑𐑼𐑲𐑟	ˈkærəktəraɪz	
charade	𐑖𐑼𐑸𐑛	ʃərɑːRd	RRP	89	𐑖𐑼𐑨𐑛, 𐑖𐑼𐑭𐑛	ʃəˈrⱭːd	
charlatan	𐑖𐑸𐑤𐑼𐑑𐑩𐑯	ʃɑːRləRtən	RRP	89	𐑖𐑸𐑤𐑩𐑑𐑩𐑯	ˈʃɑːRlətən	
chasm	𐑒𐑨𐑟𐑥	ˈkæzm	RRP	89	𐑒𐑨𐑟𐑩𐑥	ˈkæzəm	
chassis	𐑗𐑨𐑕𐑦	ˈtʃæsi	RRP	89	𐑖𐑨𐑕𐑦	ˈʃæsi	
chastisement	𐑗𐑨𐑕𐑑𐑩𐑟𐑥𐑩𐑯𐑑	ˈtʃæstəzmənt	RRP	89	𐑗𐑨𐑕𐑑𐑲𐑟𐑥𐑩𐑯𐑑	tʃæˈstaɪzmənt	
chauffeur	𐑖𐑪𐑓𐑻	ʃɒfɜːR	RRP	89	𐑖𐑴𐑓𐑼	ˈʃəʊfəR	
cheerful	𐑗𐑽𐑓𐑼𐑤	tʃɪəRfəRl	RRP	89	𐑗𐑽𐑓𐑩𐑤	ˈtʃɪəRfəl	
cheerfulness	𐑗𐑽𐑓𐑼𐑤𐑯𐑩𐑕	tʃɪəRfəRlnəs	RRP	89	𐑗𐑽𐑓𐑩𐑤𐑯𐑩𐑕	ˈtʃɪəRfəlnəs	
cheroot	𐑗𐑼𐑵𐑑	tʃəruːt	RRP	89	𐑖𐑼𐑵𐑑	ʃəˈruːt	
cherub	𐑗𐑧𐑮𐑼𐑚	tʃerəRb	RRP	89	𐑗𐑧𐑮𐑩𐑚	ˈtʃerəb	
cherubic	𐑗𐑦𐑮𐑵𐑚𐑦𐑒	tʃɪruːbɪk	RRP	89	𐑗𐑼𐑵𐑚𐑦𐑒	tʃəˈruːbɪk	
chestnut	𐑗𐑧𐑕𐑯𐑳𐑑	ˈtʃesnʌt	RRP	89	𐑗𐑧𐑕𐑑𐑯𐑳𐑑	ˈtʃestnʌt	
chiaroscuro	𐑒𐑦𐑸𐑼𐑕𐑒𐑫𐑼𐑴	kɪɑːrəRskʊərəʊ	RRP	89	𐑒𐑦𐑸𐑩𐑕𐑒𐑫𐑼𐑴	kɪˌɑːrəˈskʊərəʊ	
chicanery	𐑖𐑦𐑒𐑱𐑯𐑮𐑦	ʃɪkeɪnri	RRP	89	𐑖𐑦𐑒𐑱𐑯𐑼𐑦	ʃɪˈkeɪnəri	
chichi	𐑖𐑦𐑖𐑦	ˈʃiʃi	RRP	89	𐑖𐑰𐑖𐑰	ˈʃiːʃiː	
chichi	𐑗𐑦𐑗𐑦	ˈtʃitʃi	RRP	89	𐑖𐑰𐑖𐑰	ˈʃiːʃiː	
chignon	𐑖𐑦𐑯𐑘𐑪𐑯	ʃɪnˈjɒn	RRP	89	𐑖𐑰𐑯𐑘𐑪𐑯	ˈʃiːnjɒn	
chilean	𐑗𐑦𐑤𐑦𐑩𐑯	ˈtʃɪliən	RRP	89	𐑗𐑦𐑤𐑾𐑯	ˈtʃɪlɪən	
chimera	𐑒𐑳𐑦𐑥𐑽𐑩	kʌɪmɪərə	RRP	89	𐑒𐑲𐑥𐑽𐑩	kaɪˈmɪərə	
chimerical	𐑒𐑦𐑥𐑧𐑮𐑦𐑒𐑩𐑤	kɪmerɪkəl	RRP	89	𐑒𐑲𐑥𐑧𐑮𐑦𐑒𐑩𐑤	kaɪˈmerɪkəl	
chimpanzee	𐑗𐑦𐑥𐑐𐑨𐑯𐑟𐑦	tʃɪmˈpænzi	RRP	89	𐑗𐑦𐑥𐑐𐑨𐑯𐑟𐑰	ˌtʃɪmpænˈziː	
chiropractor	𐑒𐑲𐑮𐑼𐑐𐑮𐑨𐑒𐑑𐑼	kaɪrəRpræktəR	RRP	89	𐑒𐑲𐑮𐑴𐑐𐑮𐑨𐑒𐑑𐑼	ˈkaɪrəʊpræktəR	
chivalrous	𐑖𐑦𐑝𐑩𐑤𐑮𐑳𐑕	ʃɪvəlrʌs	RRP	89	𐑖𐑦𐑝𐑩𐑤𐑮𐑩𐑕	ˈʃɪvəlrəs	
chlamydia	𐑒𐑤𐑩𐑥𐑦𐑛𐑦𐑩	kləˈmɪdiə	RRP	89	𐑒𐑤𐑩𐑥𐑦𐑛𐑾	kləˈmɪdiə	
chlorinate	𐑒𐑤𐑪𐑮𐑦𐑯𐑱𐑑	klɒrɪneɪt	RRP	89	𐑒𐑤𐑹𐑦𐑯𐑱𐑑	ˈklɔːrɪneɪt	
chlorination	𐑒𐑤𐑪𐑮𐑦𐑯𐑱𐑖𐑩𐑯	klɒrɪneɪʃən	RRP	89	𐑒𐑤𐑹𐑦𐑯𐑱𐑖𐑩𐑯	ˌklɔːrɪˈneɪʃən	
chloroform	𐑒𐑤𐑹𐑼𐑓𐑹𐑥	klɔːrəRfɔːRm	RRP	89	𐑒𐑤𐑹𐑩𐑓𐑹𐑥	ˈklɔːrəfɔːRm	
chocolate	𐑗𐑪𐑒𐑤𐑦𐑑	ˈtʃɒklɪt	RRP	89	𐑗𐑪𐑒𐑩𐑤𐑩𐑑	ˈtʃɒkələt	
choleric	𐑒𐑪𐑤𐑮𐑦𐑒	kɒlrɪk	RRP	89	𐑒𐑪𐑤𐑼𐑦𐑒	ˈkɒlərɪk	
choral	𐑒𐑹𐑼𐑤	kɔːrəRl	RRP	89	𐑒𐑹𐑩𐑤	ˈkɔːrəl	
choral	𐑒𐑪𐑮𐑸𐑤	kɒrɑːRl	RRP	89	𐑒𐑹𐑩𐑤	ˈkɔːrəl	
chorale	𐑒𐑹𐑸𐑤	kɔːrɑːRl	RRP	89	𐑒𐑼𐑨𐑤, 𐑒𐑼𐑭𐑤	kəˈrⱭːl	
choreography	𐑒𐑷𐑮𐑦𐑪𐑜𐑮𐑩𐑓𐑦	kɔriɒɡrəfi	RRP	89	𐑒𐑪𐑮𐑦𐑪𐑜𐑮𐑩𐑓𐑦	ˌkɒrɪˈɒɡrəfi	
chortle	𐑗𐑷𐑮𐑑𐑩𐑤	tʃɔrtəl	RRP	89	𐑗𐑹𐑑𐑩𐑤	ˈtʃɔːRtəl	
chorus	𐑒𐑹𐑼𐑕	kɔːrəRs	RRP	89	𐑒𐑹𐑩𐑕	ˈkɔːrəs	
christian	𐑒𐑮𐑦𐑖𐑗𐑩𐑯	krɪʃtʃən	RRP	89	𐑒𐑮𐑦𐑕𐑗𐑩𐑯	ˈkrɪstʃən	
chromium	𐑒𐑮𐑴𐑥𐑦𐑩𐑥	kroʊmiəm	RRP	89	𐑒𐑮𐑴𐑥𐑾𐑥	ˈkrəʊmɪəm	
chronometer	𐑒𐑮𐑩𐑯𐑪𐑥𐑩𐑑𐑼	krənɒmətəR	RRP	89	𐑒𐑮𐑩𐑯𐑪𐑥𐑦𐑑𐑼	krəˈnɒmɪtəR	
cicada	𐑕𐑦𐑒𐑱𐑛𐑩	sɪˈkeɪdə	RRP	89	𐑕𐑦𐑒𐑭𐑛𐑩	sɪˈkɑːdə	
cid	𐑕𐑩𐑛	sƏd	RRP	89	𐑕𐑰𐑲𐑛𐑰	ˌsiːˌaɪˈdiː	
cincture	𐑕𐑦𐑙𐑒𐑖𐑼	sɪŋkʃəR	RRP	89	𐑕𐑦𐑙𐑒𐑗𐑼	ˈsɪŋktʃəR	
cinema	𐑕𐑦𐑯𐑦𐑥𐑩	ˈsɪnɪmə	RRP	89	𐑕𐑦𐑯𐑩𐑥𐑩	ˈsɪnəmə	
cinematography	𐑕𐑦𐑯𐑩𐑥𐑩𐑑𐑪𐑜𐑮𐑩𐑓𐑰	sɪnəmətɒɡrəfiː	RRP	89	𐑕𐑦𐑯𐑩𐑥𐑩𐑑𐑪𐑜𐑮𐑩𐑓𐑦	ˌsɪnəməˈtɒɡrəfi	
circadian	𐑕𐑼𐑒𐑱𐑛𐑦𐑩𐑯	sərkeɪdiən	RRP	89	𐑕𐑻𐑒𐑱𐑛𐑾𐑯	sɜːRˈkeɪdiən	
circassian	𐑕𐑼𐑒𐑨𐑕𐑦𐑩𐑯	səRkæsiən	RRP	89	𐑕𐑻𐑒𐑨𐑕𐑾𐑯	sɜːRˈkæsiən	
circuitous	𐑕𐑻𐑒𐑿𐑦𐑑𐑩𐑕	sɜːRkjuːɪtəs	RRP	89	𐑕𐑼𐑒𐑿𐑦𐑑𐑩𐑕	səRˈkjuːɪtəs	
circular	𐑕𐑻𐑒𐑘𐑼𐑤𐑼	sɜːRkjəRləR	RRP	89	𐑕𐑻𐑒𐑘𐑩𐑤𐑼	ˈsɜːRkjələR	
circumference	𐑕𐑻𐑒𐑳𐑥𐑓𐑮𐑼𐑯𐑕	sɜːRkʌmfrəRns	RRP	89	𐑕𐑻𐑒𐑳𐑥𐑓𐑼𐑩𐑯𐑕	sɜːRˈkʌmfərəns	
circumlocution	𐑕𐑻𐑒𐑼𐑥𐑤𐑩𐑒𐑿𐑖𐑩𐑯	sɜːRkəRmləkjuːʃən	RRP	89	𐑕𐑻𐑒𐑩𐑥𐑤𐑩𐑒𐑿𐑖𐑩𐑯	ˌsɜːRkəmləˈkjuːʃən	
circumnavigate	𐑕𐑼𐑒𐑼𐑥𐑯𐑨𐑝𐑦𐑜𐑱𐑑	səRkəRmnævɪɡeɪt	RRP	89	𐑕𐑻𐑒𐑩𐑥𐑯𐑨𐑝𐑦𐑜𐑱𐑑	ˌsɜːRkəmˈnævɪɡeɪt	
circumscribe	𐑕𐑻𐑒𐑼𐑥𐑕𐑒𐑮𐑲𐑚	sɜːRkəRmskraɪb	RRP	89	𐑕𐑻𐑒𐑩𐑥𐑕𐑒𐑮𐑲𐑚	ˈsɜːRkəmskraɪb	
circumstances	𐑕𐑻𐑒𐑩𐑥𐑕𐑑𐑯𐑕𐑩𐑟	sɜːRkəmstnsƏz	RRP	89	𐑕𐑻𐑒𐑩𐑥𐑕𐑑𐑨𐑯𐑕𐑩𐑟	ˈsɜːRkəmstænsƏz	
circumstantially	𐑕𐑻𐑒𐑼𐑥𐑕𐑑𐑨𐑯𐑖𐑩𐑤𐑰	sɜːrkəRmstænʃəliː	RRP	89	𐑕𐑻𐑒𐑩𐑥𐑕𐑑𐑨𐑯𐑖𐑩𐑤𐑦	ˌsɜːRkəmˈstænʃəli	
cirrus	𐑕𐑦𐑮𐑼𐑕	sɪrəRs	RRP	89	𐑕𐑦𐑮𐑩𐑕	ˈsɪrəs	
citadel	𐑕𐑦𐑑𐑩𐑛𐑩𐑤	ˈsɪtədəl	RRP	89	𐑕𐑦𐑑𐑩𐑛𐑧𐑤	ˈsɪtədel	
civilian	𐑕𐑦𐑝𐑦𐑤𐑘𐑩𐑯	sɪˈvɪljən	RRP	89	𐑕𐑦𐑝𐑦𐑤𐑾𐑯	sɪˈvɪlɪən	
civvies	𐑕𐑦𐑝𐑦𐑕	ˈsɪvis	RRP	89	𐑕𐑦𐑝𐑦𐑟	ˈsɪviz	
clamorous	𐑒𐑤𐑨𐑥𐑼𐑼𐑕	klæmərəRs	RRP	89	𐑒𐑤𐑨𐑥𐑼𐑩𐑕	ˈklæmərəs	
claret	𐑒𐑤𐑻𐑼𐑑	klɜːrəRt	RRP	89	𐑒𐑤𐑨𐑮𐑩𐑑	ˈklærət	
clarion	𐑒𐑤𐑨𐑮𐑦𐑩𐑯	klæriən	RRP	89	𐑒𐑤𐑨𐑮𐑾𐑯	ˈklærɪən	
classroom	𐑒𐑤𐑭𐑕𐑮𐑫𐑥	klɑːsrʊm	RRP	89	𐑒𐑤𐑨𐑕𐑮𐑵𐑥, 𐑒𐑤𐑭𐑕𐑮𐑵𐑥	ˈklⱭːsruːm	
clean-limbed	𐑒𐑤𐑰𐑯𐑤𐑦𐑥𐑛	ˌkliːnˈlɪmd	RRP	89	𐑒𐑤𐑰𐑯-𐑤𐑦𐑥𐑛	kliːn-ˈlɪmd	
clearance	𐑒𐑤𐑽𐑼𐑯𐑕	klɪərəRns	RRP	89	𐑒𐑤𐑽𐑩𐑯𐑕	ˈklɪərəns	
cliche	𐑒𐑤𐑦𐑖𐑱	kliˈʃeɪ	RRP	89	𐑒𐑤𐑰𐑖𐑱	ˈkliːʃeɪ	
client	𐑒𐑤𐑳𐑾𐑯𐑑	ˈklʌɪənt	RRP	89	𐑒𐑤𐑲𐑩𐑯𐑑	ˈklaɪənt	
clientele	𐑒𐑤𐑲𐑩𐑯𐑑𐑧𐑤	klaɪənˈtel	RRP	89	𐑒𐑤𐑰𐑭𐑯𐑑𐑧𐑤	ˌkliːɑːnˈtel	
climacteric	𐑒𐑤𐑳𐑦𐑥𐑨𐑒𐑑𐑧𐑮𐑦𐑒	klʌɪmakterɪk	RRP	89	𐑒𐑤𐑲𐑥𐑨𐑒𐑑𐑼𐑦𐑒	klaɪˈmæktərɪk	
clinker-built	𐑒𐑤𐑦𐑙𐑒𐑼𐑚𐑦𐑤𐑑	klɪŋkəRbɪlt	RRP	89	𐑒𐑤𐑦𐑙𐑒𐑼-𐑚𐑦𐑤𐑑	ˈklɪŋkəR-bɪlt	
cloakroom	𐑒𐑤𐑴𐑒𐑮𐑫𐑥	kləʊkrʊm	RRP	89	𐑒𐑤𐑴𐑒𐑮𐑵𐑥	ˈkləʊkruːm	
close-up	𐑒𐑤𐑴𐑕𐑳𐑐	kləʊsˈʌp	RRP	89	𐑒𐑤𐑴𐑕-𐑳𐑐	ˈkləʊs-ʌp	
closely	𐑒𐑤𐑴𐑕𐑤𐑰	ˈkləʊsliː	RRP	89	𐑒𐑤𐑴𐑕𐑤𐑦	ˈkləʊsli	
closet	𐑒𐑤𐑪𐑟𐑦𐑑	ˈklɒzɪt	RRP	89	𐑒𐑤𐑪𐑟𐑩𐑑	ˈklɒzIt	
clothes	𐑒𐑤𐑴𐑟	kləʊz	RRP	89	𐑒𐑤𐑴𐑞𐑟	kləʊðz	
clothier	𐑒𐑤𐑴𐑞𐑦𐑼	kloʊðiəR	RRP	89	𐑒𐑤𐑴𐑞𐑽	ˈkləʊðɪəR	
cloud-cuckoo-land	𐑒𐑤𐑬𐑛𐑒𐑫𐑒𐑵𐑤𐑨𐑯𐑛	klaʊdˈkʊkuːlænd	RRP	89	𐑒𐑤𐑬𐑛-𐑒𐑫𐑒𐑵-𐑤𐑨𐑯𐑛	ˌklaʊd-ˈkʊkuː-lænd	
co-ed	𐑒𐑴𐑧𐑛	ˈkoʊˌed	RRP	89	𐑒𐑴-𐑧𐑛	ˈkəʊ-ed	
co-op	𐑒𐑴𐑪𐑐	ˈkoʊˌɒp	RRP	89	𐑒𐑴-𐑪𐑐	kəʊ-ˈɒp	
coarsen	𐑒𐑹𐑕𐑼𐑯	kɔːRsəRn	RRP	89	𐑒𐑹𐑕𐑩𐑯	ˈkɔːRsən	
coax	𐑒𐑴𐑨𐑒𐑕	ˈkəʊæks	RRP	89	𐑒𐑴𐑒𐑕	kəʊks	
cobalt	𐑒𐑴𐑚𐑪𐑤𐑑	ˈkəʊbɒlt	RRP	89	𐑒𐑴𐑚𐑷𐑤𐑑	ˈkəʊbɔːlt	
cocaine	𐑒𐑩𐑒𐑱𐑯	kəˈkeɪn	RRP	89	𐑒𐑴𐑒𐑱𐑯	kəʊˈkeɪn	
cochlea	𐑒𐑪𐑒𐑤𐑦𐑩	ˈkɒkliə	RRP	89	𐑒𐑪𐑒𐑤𐑾	ˈkɒklɪə	
cock-a-doodle-doo	𐑒𐑪𐑒𐑩𐑛𐑵𐑛𐑩𐑤𐑛𐑵	ˌkɒkəˌduːdəlˈduː	RRP	89	𐑒𐑪𐑒-𐑩-𐑛𐑵𐑛𐑩𐑤-𐑛𐑵	ˌkɒk-ə-ˌduːdəl-ˈduː	
cockerel	𐑒𐑪𐑒𐑼𐑼𐑤	kɒkərəRl	RRP	89	𐑒𐑪𐑒𐑼𐑩𐑤	ˈkɒkərəl	
codicil	𐑒𐑪𐑛𐑦𐑕𐑦𐑤	ˈkɒdɪsɪl	RRP	89	𐑒𐑴𐑛𐑦𐑕𐑦𐑤	ˈkəʊdɪsɪl	
cogitate	𐑒𐑴𐑡𐑦𐑑𐑱𐑑	ˈkəʊdʒɪteɪt	RRP	89	𐑒𐑪𐑡𐑦𐑑𐑱𐑑	ˈkɒdʒɪteɪt	
cognitively	𐑒𐑪𐑜𐑯𐑩𐑑𐑦𐑝𐑤𐑦	ˈkɒɡnətɪvli	RRP	89	𐑒𐑪𐑜𐑯𐑦𐑑𐑦𐑝𐑤𐑦	ˈkɒɡnɪtɪvli	
cohere	𐑒𐑴𐑣𐑦𐑮	koʊhɪr	RRP	89	𐑒𐑴𐑣𐑽	kəʊˈhɪəR	
coherent	𐑒𐑴𐑣𐑽𐑼𐑯𐑑	kəʊhɪərəRnt	RRP	89	𐑒𐑴𐑣𐑽𐑩𐑯𐑑	ˌkəʊˈhɪərənt	
cohesion	𐑒𐑴𐑣𐑦𐑠𐑩𐑯	koʊˈhiʒən	RRP	89	𐑒𐑴𐑣𐑰𐑠𐑩𐑯	kəʊˈhiːʒən	
coition	𐑒𐑴𐑦𐑖𐑯	kəʊˈɪʃn	RRP	89	𐑒𐑴𐑦𐑖𐑩𐑯	kəʊˈɪʃən	
cold-blooded	𐑒𐑴𐑤𐑛𐑚𐑤𐑳𐑛𐑩𐑛	ˈkoʊldˈblʌdƏd	RRP	89	𐑒𐑴𐑤𐑛-𐑚𐑤𐑳𐑛𐑩𐑛	kəʊld-ˈblʌdƏd	
coliseum	𐑒𐑪𐑤𐑩𐑕𐑰𐑩𐑥	kɒləˈsiːəm	RRP	89	𐑒𐑪𐑤𐑦𐑕𐑾𐑥	ˌkɒlɪˈsiːəm	
collate	𐑒𐑪𐑤𐑱𐑑	kɒˈleɪt	RRP	89	𐑒𐑩𐑤𐑱𐑑	kəˈleɪt	
collateral	𐑒𐑩𐑤𐑨𐑑𐑼𐑼𐑤	kəlætərəRl	RRP	89	𐑒𐑩𐑤𐑨𐑑𐑼𐑩𐑤	kəˈlætərəl	
collect	𐑒𐑪𐑤𐑦𐑒𐑑	ˈkɒlɪkt	RRP	89	𐑒𐑩𐑤𐑧𐑒𐑑, 𐑒𐑪𐑤𐑧𐑒𐑑	kəˈlekt	
collegial	𐑒𐑩𐑤𐑰𐑡𐑩𐑤	kəˈliːdʒəl	RRP	89	𐑒𐑩𐑤𐑰𐑡𐑾𐑤	kəˈliːdʒiəl	
collegiate	𐑒𐑩𐑤𐑰𐑡𐑦𐑩𐑑	kəˈliːdʒiət	RRP	89	𐑒𐑩𐑤𐑰𐑡𐑾𐑑	kəˈliːdʒɪət	
colloquialism	𐑒𐑩𐑤𐑴𐑒𐑢𐑦𐑩𐑤𐑦𐑟𐑩𐑥	kəˈləʊkwiəˌlɪzəm	RRP	89	𐑒𐑩𐑤𐑴𐑒𐑢𐑾𐑤𐑦𐑟𐑩𐑥	kəˈləʊkwɪəlɪzəm	
colonial	𐑒𐑩𐑤𐑴𐑯𐑦𐑩𐑤	kəˈləʊniəl	RRP	89	𐑒𐑩𐑤𐑴𐑯𐑾𐑤	kəˈləʊnɪəl	
colonialism	𐑒𐑩𐑤𐑴𐑯𐑘𐑩𐑤𐑦𐑟𐑩𐑥	kəˈləʊnjəlɪzəm	RRP	89	𐑒𐑩𐑤𐑴𐑯𐑾𐑤𐑦𐑟𐑩𐑥	kəˈləʊnɪəlɪzəm	
coloratura	𐑒𐑪𐑤𐑼𐑼𐑑𐑘𐑼𐑩	kɒlərəRtjərə	RRP	89	𐑒𐑪𐑤𐑼𐑩𐑑𐑫𐑼𐑩	ˌkɒlərəˈtʊərə	
colorful	𐑒𐑳𐑤𐑼𐑓𐑼𐑤	kʌləRfəRl	RRP	89	𐑒𐑳𐑤𐑼𐑓𐑩𐑤	ˈkʌləRfəl	
columnist	𐑒𐑪𐑤𐑩𐑥𐑦𐑕𐑑	ˈkɒləmɪst	RRP	89	𐑒𐑪𐑤𐑩𐑥𐑯𐑦𐑕𐑑	ˈkɒləmnɪst	
combatant	𐑒𐑪𐑥𐑚𐑩𐑑𐑩𐑯𐑑	ˈkɒmbətənt	RRP	89	𐑒𐑩𐑥𐑚𐑨𐑑𐑩𐑯𐑑	ˈkəmbætənt	
combative	𐑒𐑪𐑥𐑚𐑩𐑑𐑦𐑝	ˈkɒmbətɪv	RRP	89	𐑒𐑩𐑥𐑚𐑨𐑑𐑦𐑝	ˈkəmbætɪv	
combustible	𐑒𐑩𐑥𐑚𐑳𐑕𐑑𐑦𐑚𐑩𐑤	kəmˈbʌstɪbəl	RRP	89	𐑒𐑩𐑥𐑚𐑳𐑕𐑑𐑩𐑚𐑩𐑤	kəmˈbʌstəbəl	
come-on	𐑒𐑳𐑥𐑪𐑯	ˈkʌmˌɒn	RRP	89	𐑒𐑳𐑥-𐑪𐑯	ˈkʌm-ɒn	
comedian	𐑒𐑩𐑥𐑰𐑛𐑦𐑩𐑯	kəˈmiːdiən	RRP	89	𐑒𐑩𐑥𐑰𐑛𐑾𐑯	kəˈmiːdɪən	
comfortable	𐑒𐑳𐑥𐑓𐑑𐑼𐑚𐑩𐑤	kʌmftəRbəl	RRP	89	𐑒𐑳𐑥𐑓𐑼𐑑𐑩𐑚𐑩𐑤	ˈkʌmfəRtəbəl	
comfortably	𐑒𐑳𐑥𐑓𐑑𐑼𐑚𐑤𐑦	kʌmftəRbli	RRP	89	𐑒𐑳𐑥𐑓𐑼𐑑𐑩𐑚𐑤𐑦	ˈkʌmfəRtəbli	
commandant	𐑒𐑪𐑥𐑩𐑯𐑛𐑭𐑯𐑑	ˈkɒməndɑːnt	RRP	89	𐑒𐑪𐑥𐑩𐑯𐑛𐑨𐑯𐑑	ˌkɒmənˈdænt	
commendation	𐑒𐑪𐑥𐑩𐑯𐑛𐑱𐑖𐑩𐑯	ˌkɒmənˈdeɪʃən	RRP	89	𐑒𐑪𐑥𐑧𐑯𐑛𐑱𐑖𐑩𐑯	ˌkɒmenˈdeɪʃən	
commensurate	𐑒𐑩𐑥𐑧𐑯𐑖𐑼𐑼𐑑	kəmenʃərəRt	RRP	89	𐑒𐑩𐑥𐑧𐑯𐑖𐑼𐑩𐑑	kəˈmenʃərət	
commerce	𐑒𐑪𐑥𐑼𐑕	kɒməRs	RRP	89	𐑒𐑪𐑥𐑻𐑕	ˈkɒmɜːRs	
commissary	𐑒𐑪𐑥𐑦𐑕𐑮𐑦	kɒmɪsri	RRP	89	𐑒𐑪𐑥𐑦𐑕𐑼𐑦	ˈkɒmɪsəri	
commissioner	𐑒𐑩𐑥𐑦𐑖𐑼𐑯𐑼	kəmɪʃəRnəR	RRP	89	𐑒𐑩𐑥𐑦𐑖𐑩𐑯𐑼	kəˈmɪʃənəR	
commodity	𐑒𐑩𐑥𐑪𐑛𐑩𐑑𐑦	kəˈmɒdəti	RRP	89	𐑒𐑩𐑥𐑪𐑛𐑦𐑑𐑦	kəˈmɒdɪti	
commodore	𐑒𐑪𐑥𐑼𐑛𐑹	kɒməRdɔːR	RRP	89	𐑒𐑪𐑥𐑩𐑛𐑹	ˈkɒmədɔːR	
communal	𐑒𐑩𐑥𐑿𐑯𐑩𐑤	kəˈmjuːnəl	RRP	89	𐑒𐑪𐑥𐑘𐑫𐑯𐑩𐑤	ˈkɒmjʊnəl	
communism	𐑒𐑪𐑥𐑘𐑫𐑯𐑦𐑟𐑩𐑥	ˈkɒmjuˌnɪzəm	RRP	89	𐑒𐑪𐑥𐑘𐑩𐑯𐑦𐑟𐑩𐑥	ˈkɒmjənɪzəm	
company	𐑒𐑳𐑥𐑐𐑯𐑦	ˈkʌmpni	RRP	89	𐑒𐑳𐑥𐑐𐑩𐑯𐑦	ˈkʌmpəni	
comparability	𐑒𐑪𐑥𐑐𐑮𐑼𐑚𐑦𐑤𐑦𐑑𐑦	kɒmprəRbɪlɪti	RRP	89	𐑒𐑪𐑥𐑐𐑼𐑩𐑚𐑦𐑤𐑦𐑑𐑦	ˌkɒmpərəˈbɪlɪti	
comparable	𐑒𐑪𐑥𐑐𐑮𐑼𐑚𐑩𐑤	kɒmprəRbəl	RRP	89	𐑒𐑪𐑥𐑐𐑼𐑩𐑚𐑩𐑤	ˈkɒmpərəbəl	
comparative	𐑒𐑩𐑥𐑐𐑨𐑮𐑼𐑑𐑦𐑝	kəmpærəRtɪv	RRP	89	𐑒𐑩𐑥𐑐𐑨𐑮𐑩𐑑𐑦𐑝	kəmˈpærətɪv	
comparatively	𐑒𐑼𐑥𐑐𐑨𐑮𐑼𐑑𐑦𐑝𐑤𐑦	kəRmpærəRtɪvli	RRP	89	𐑒𐑩𐑥𐑐𐑨𐑮𐑩𐑑𐑦𐑝𐑤𐑦	kəmˈpærətɪvli	
compartmentalize	𐑒𐑪𐑥𐑐𐑸𐑑𐑥𐑧𐑯𐑑𐑤𐑲𐑟	kɒmpɑːRtmentlaɪz	RRP	89	𐑒𐑪𐑥𐑐𐑸𐑑𐑥𐑧𐑯𐑑𐑩𐑤𐑲𐑟	ˌkɒmpɑːRtˈmentəlaɪz	
compatibility	𐑒𐑩𐑥𐑐𐑨𐑑𐑦𐑚𐑦𐑤𐑦𐑑𐑦	kəmˌpætɪˈbɪlɪti	RRP	89	𐑒𐑩𐑥𐑐𐑨𐑑𐑩𐑚𐑦𐑤𐑦𐑑𐑦	kəmˌpætəˈbɪlɪti	
compatriot	𐑒𐑩𐑥𐑐𐑱𐑑𐑮𐑦𐑩𐑑	kəmpeɪtriət	RRP	89	𐑒𐑩𐑥𐑐𐑱𐑑𐑮𐑾𐑑	kəmˈpeɪtrɪət	
compeer	𐑒𐑩𐑥𐑐𐑽	kəmpɪəR	RRP	89	𐑒𐑪𐑥𐑐𐑽	ˈkɒmpɪəR	
competence	𐑒𐑪𐑥𐑐𐑩𐑑𐑩𐑯𐑕	ˈkɒmpətəns	RRP	89	𐑒𐑪𐑥𐑐𐑦𐑑𐑩𐑯𐑕	ˈkɒmpɪtəns	
competency	𐑒𐑪𐑥𐑐𐑩𐑑𐑩𐑯𐑕𐑦	ˈkɒmpətənsi	RRP	89	𐑒𐑪𐑥𐑐𐑦𐑑𐑩𐑯𐑕𐑦	ˈkɒmpɪtənsi	
competent	𐑒𐑪𐑥𐑐𐑩𐑑𐑩𐑯𐑑	ˈkɒmpətənt	RRP	89	𐑒𐑪𐑥𐑐𐑦𐑑𐑩𐑯𐑑	ˈkɒmpɪtənt	
competitive	𐑒𐑩𐑥𐑐𐑧𐑑𐑦𐑑𐑦𐑝	kəmˈpetɪtɪv	RRP	89	𐑒𐑩𐑥𐑐𐑧𐑑𐑩𐑑𐑦𐑝	kəmˈpetətɪv	
competitively	𐑒𐑩𐑥𐑐𐑧𐑑𐑦𐑑𐑦𐑝𐑤𐑦	kəmˈpetɪtɪvli	RRP	89	𐑒𐑩𐑥𐑐𐑧𐑑𐑩𐑑𐑦𐑝𐑤𐑦	kəmˈpetətɪvli	
competitiveness	𐑒𐑩𐑥𐑐𐑧𐑑𐑦𐑑𐑦𐑝𐑯𐑩𐑕	kəmˈpetɪtɪvnəs	RRP	89	𐑒𐑩𐑥𐑐𐑧𐑑𐑩𐑑𐑦𐑝𐑯𐑩𐑕	kəmˈpetətɪvnəs	
compile	𐑒𐑩𐑥𐑐𐑳𐑦𐑤	kəmpʌɪl	RRP	89	𐑒𐑩𐑥𐑐𐑲𐑤	kəmˈpaɪl	
complaisant	𐑒𐑩𐑥𐑐𐑤𐑱𐑕𐑩𐑯𐑑	kəmˈpleɪsənt	RRP	89	𐑒𐑩𐑥𐑐𐑤𐑱𐑟𐑩𐑯𐑑	kəmˈpleɪzənt	
complement	𐑒𐑪𐑥𐑐𐑤𐑩𐑥𐑩𐑯𐑑	ˈkɒmpləmənt	RRP	89	𐑒𐑪𐑥𐑐𐑤𐑦𐑥𐑧𐑯𐑑, 𐑒𐑪𐑥𐑐𐑤𐑦𐑥𐑩𐑯𐑑	ˈkɒmplɪmənt	
complex	𐑒𐑩𐑥𐑐𐑤𐑧𐑒𐑕	kəmˈpleks	RRP	89	𐑒𐑪𐑥𐑐𐑤𐑧𐑒𐑕	ˈkɒmpleks	
compliant	𐑒𐑩𐑥𐑐𐑤𐑳𐑾𐑯𐑑	kəmˈplʌɪənt	RRP	89	𐑒𐑩𐑥𐑐𐑤𐑲𐑩𐑯𐑑	kəmˈplaɪənt	
component	𐑒𐑳𐑥𐑐𐑴𐑯𐑩𐑯𐑑	kʌmˈpoʊnənt	RRP	89	𐑒𐑩𐑥𐑐𐑴𐑯𐑩𐑯𐑑	kəmˈpəʊnənt	
compression	𐑒𐑪𐑥𐑐𐑮𐑧𐑖𐑩𐑯	kɒmpreʃən	RRP	89	𐑒𐑩𐑥𐑐𐑮𐑧𐑖𐑩𐑯	kəmˈpreʃən	
concave	𐑒𐑪𐑙𐑒𐑱𐑝	ˈkɒŋkeɪv	RRP	89	𐑒𐑪𐑯𐑒𐑱𐑝	ˈkɒnkeɪv	
concavity	𐑒𐑩𐑙𐑒𐑨𐑝𐑦𐑑𐑦	kəŋkævɪti	RRP	89	𐑒𐑪𐑯𐑒𐑨𐑝𐑦𐑑𐑦	ˌkɒnˈkævɪti	
conceptual	𐑒𐑩𐑯𐑕𐑧𐑐𐑑𐑘𐑩𐑩𐑤	kənˈseptjəəl	RRP	89	𐑒𐑩𐑯𐑕𐑧𐑐𐑗𐑫𐑩𐑤	kənˈseptʃuəl	
concerto	𐑒𐑩𐑯𐑗𐑧𐑮𐑑𐑴	kəntʃertoʊ	RRP	89	𐑒𐑩𐑯𐑗𐑺𐑑𐑴	kənˈtʃeəRtəʊ	
concessionaire	𐑒𐑩𐑯𐑕𐑧𐑖𐑼𐑯𐑧𐑮	kənseʃəRner	RRP	89	𐑒𐑩𐑯𐑕𐑧𐑖𐑩𐑯𐑺	kənˌseʃəˈneəR	
conciliatory	𐑒𐑩𐑯𐑕𐑦𐑤𐑦𐑼𐑑𐑷𐑮𐑦	kənsɪliəRtɔri	RRP	89	𐑒𐑩𐑯𐑕𐑦𐑤𐑾𐑑𐑼𐑦	kənˈsɪlɪətəri	
concord	𐑒𐑪𐑯𐑒𐑷𐑮𐑛	kɒnkɔrd	RRP	89	𐑒𐑪𐑯𐑒𐑹𐑛	ˈkɒnkɔːRd	
concord	𐑒𐑩𐑯𐑒𐑷𐑮𐑛	kənkɔrd	RRP	89	𐑒𐑪𐑯𐑒𐑹𐑛	ˈkɒnkɔːRd	
concourse	𐑒𐑪𐑙𐑒𐑹𐑕	kɒŋkɔːRs	RRP	89	𐑒𐑪𐑯𐑒𐑹𐑕	ˈkɒnkɔːRs	
condescending	𐑒𐑷𐑯𐑛𐑦𐑕𐑧𐑯𐑛𐑦𐑙	ˈkɔndɪsendɪŋ	RRP	89	𐑒𐑪𐑯𐑛𐑦𐑕𐑧𐑯𐑛𐑦𐑙	ˌkɒndɪˈsendɪŋ	
conduce	𐑒𐑩𐑯𐑛𐑿𐑕	kənˈdjuːs	RRP	89	𐑒𐑩𐑯𐑡𐑵𐑕	kənˈdʒuːs	
conducive	𐑒𐑩𐑯𐑛𐑿𐑕𐑦𐑝	kənˈdjuːsɪv	RRP	89	𐑒𐑩𐑯𐑡𐑵𐑕𐑦𐑝	kənˈdʒuːsɪv	
confederacy	𐑒𐑩𐑯𐑓𐑧𐑛𐑼𐑼𐑕𐑦	kənfedərəRsi	RRP	89	𐑒𐑩𐑯𐑓𐑧𐑛𐑼𐑩𐑕𐑦	kənˈfedərəsi	
conference	𐑒𐑪𐑯𐑓𐑮𐑼𐑯𐑕	kɒnfrəRns	RRP	89	𐑒𐑪𐑯𐑓𐑼𐑩𐑯𐑕	ˈkɒnfərəns	
confidential	𐑒𐑭𐑯𐑓𐑦𐑛𐑧𐑯𐑖𐑤	ˌkɑːnfɪˈdenʃl	RRP	89	𐑒𐑪𐑯𐑓𐑦𐑛𐑧𐑯𐑖𐑩𐑤	ˌkɒnfɪˈdenʃəl	
conformance	𐑒𐑩𐑯𐑓𐑹𐑥𐑯𐑕	kənfɔːRmns	RRP	89	𐑒𐑩𐑯𐑓𐑹𐑥𐑩𐑯𐑕	kənˈfɔːRməns	
conformist	𐑒𐑩𐑯𐑓𐑷𐑮𐑥𐑦𐑕𐑑	kənfɔrmɪst	RRP	89	𐑒𐑩𐑯𐑓𐑹𐑥𐑦𐑕𐑑	kənˈfɔːRmɪst	
congeries	𐑒𐑪𐑯𐑡𐑼𐑰𐑟	kɒndʒəriːz	RRP	89	𐑒𐑩𐑯𐑡𐑽𐑦𐑟	kənˈdʒɪəriz	
conglomerate	𐑒𐑩𐑯𐑜𐑤𐑪𐑥𐑮𐑼𐑑	kənɡlɒmrəRt	RRP	89	𐑒𐑩𐑯𐑜𐑤𐑪𐑥𐑼𐑩𐑑, 𐑒𐑩𐑯𐑜𐑤𐑪𐑥𐑼𐑱𐑑	kənˈɡlɒmərət	
congratulate	𐑒𐑩𐑯𐑜𐑮𐑨𐑗𐑫𐑤𐑱𐑑	kənɡrætʃʊleɪt	RRP	89	𐑒𐑩𐑯𐑜𐑮𐑨𐑗𐑩𐑤𐑱𐑑	kənˈɡrætʃəleɪt	
congratulation	𐑒𐑩𐑯𐑜𐑮𐑨𐑑𐑘𐑩𐑤𐑱𐑖𐑯	kənɡrætjəleɪʃn	RRP	89	𐑒𐑩𐑯𐑜𐑮𐑨𐑗𐑩𐑤𐑱𐑖𐑩𐑯	kənˌɡrætʃəˈleɪʃən	
congratulations	𐑒𐑩𐑯𐑜𐑮𐑨𐑗𐑩𐑤𐑱𐑖𐑯𐑟	kənɡratʃəleɪʃnz	RRP	89	𐑒𐑩𐑯𐑜𐑮𐑨𐑗𐑩𐑤𐑱𐑖𐑩𐑯𐑟	kənˌɡrætʃəˈleɪʃənz	
congratulatory	𐑒𐑪𐑙𐑜𐑮𐑨𐑗𐑵𐑤𐑱𐑑𐑼𐑰	kɒŋɡrætʃuːleɪtəriː	RRP	89	𐑒𐑩𐑯𐑜𐑮𐑨𐑗𐑩𐑤𐑩𐑑𐑼𐑦	kənˈɡrætʃələtəri	
congregate	𐑒𐑪𐑙𐑜𐑮𐑩𐑜𐑱𐑑	kɒŋɡrəɡeɪt	RRP	89	𐑒𐑪𐑙𐑜𐑮𐑦𐑜𐑱𐑑	ˈkɒŋɡrɪɡeɪt	
congregational	𐑒𐑪𐑙𐑜𐑮𐑩𐑜𐑱𐑖𐑩𐑯𐑩𐑤	kɒŋɡrəɡeɪʃənəl	RRP	89	𐑒𐑪𐑙𐑜𐑮𐑦𐑜𐑱𐑖𐑩𐑯𐑩𐑤	ˌkɒŋɡrɪˈɡeɪʃənəl	
congressional	𐑒𐑩𐑙𐑜𐑮𐑧𐑖𐑩𐑯𐑩𐑤	kəŋɡreʃənəl	RRP	89	𐑒𐑩𐑯𐑜𐑮𐑧𐑖𐑩𐑯𐑩𐑤	kənˈɡreʃənəl	
conjugal	𐑒𐑪𐑯𐑡𐑫𐑜𐑩𐑤	ˈkɒndʒʊɡəl	RRP	89	𐑒𐑪𐑯𐑡𐑩𐑜𐑩𐑤	ˈkɒndʒəɡəl	
conjuration	𐑒𐑳𐑯𐑡𐑼𐑱𐑖𐑩𐑯	kʌndʒəreɪʃən	RRP	89	𐑒𐑪𐑯𐑡𐑫𐑼𐑱𐑖𐑩𐑯	ˌkɒndʒʊəˈreɪʃən	
conquistador	𐑒𐑩𐑯𐑒𐑦𐑕𐑑𐑼𐑛𐑷𐑮	kənkistəRdɔr	RRP	89	𐑒𐑪𐑯𐑒𐑢𐑦𐑕𐑑𐑩𐑛𐑹	kɒnˈkwɪstədɔːR	
consecrate	𐑒𐑪𐑯𐑕𐑩𐑒𐑮𐑱𐑑	kɒnsəkreɪt	RRP	89	𐑒𐑪𐑯𐑕𐑦𐑒𐑮𐑱𐑑	ˈkɒnsɪkreɪt	
consecutive	𐑒𐑪𐑯𐑕𐑧𐑒𐑘𐑩𐑑𐑦𐑝	kɒnsekjətɪv	RRP	89	𐑒𐑩𐑯𐑕𐑧𐑒𐑘𐑩𐑑𐑦𐑝	kənˈsekjətɪv	
consequence	𐑒𐑪𐑯𐑕𐑦𐑒𐑢𐑧𐑯𐑕	ˈkɒnsɪkwens	RRP	89	𐑒𐑪𐑯𐑕𐑦𐑒𐑢𐑩𐑯𐑕	ˈkɒnsɪkwəns	
consequential	𐑒𐑪𐑯𐑕𐑩𐑒𐑢𐑧𐑯𐑖𐑩𐑤	ˌkɒnsəˈkwenʃəl	RRP	89	𐑒𐑪𐑯𐑕𐑦𐑒𐑢𐑧𐑯𐑖𐑩𐑤	ˌkɒnsɪˈkwenʃəl	
consequently	𐑒𐑪𐑯𐑕𐑦𐑒𐑢𐑧𐑯𐑑𐑤𐑦	ˈkɒnsɪˌkwentli	RRP	89	𐑒𐑪𐑯𐑕𐑦𐑒𐑢𐑩𐑯𐑑𐑤𐑦	ˈkɒnsɪkwəntli	
conservative	𐑒𐑼𐑯𐑕𐑻𐑝𐑩𐑑𐑦𐑝	kəRnsɜːRvətɪv	RRP	89	𐑒𐑩𐑯𐑕𐑻𐑝𐑩𐑑𐑦𐑝	kənˈsɜːRvətɪv	
conserve	𐑒𐑪𐑯𐑕𐑻𐑝	kɒnsɜːRv	RRP	89	𐑒𐑩𐑯𐑕𐑻𐑝	kənˈsɜːRv	
considerable	𐑒𐑩𐑯𐑕𐑦𐑛𐑼𐑼𐑚𐑩𐑤	kənsɪdərəRbəl	RRP	89	𐑒𐑩𐑯𐑕𐑦𐑛𐑼𐑩𐑚𐑩𐑤	kənˈsɪdərəbəl	
considerably	𐑒𐑩𐑯𐑕𐑦𐑛𐑼𐑼𐑚𐑤𐑦	kənsɪdərəRbli	RRP	89	𐑒𐑩𐑯𐑕𐑦𐑛𐑼𐑩𐑚𐑤𐑦	kənˈsɪdərəbli	
considerate	𐑒𐑩𐑯𐑕𐑦𐑛𐑼𐑼𐑑	kənsɪdərəRt	RRP	89	𐑒𐑩𐑯𐑕𐑦𐑛𐑼𐑩𐑑	kənˈsɪdərət	
consistence	𐑒𐑩𐑯𐑕𐑦𐑕𐑑𐑯𐑕	kənˈsɪstns	RRP	89	𐑒𐑩𐑯𐑕𐑦𐑕𐑑𐑩𐑯𐑕	kənˈsɪstəns	
consolatory	𐑒𐑩𐑯𐑕𐑪𐑤𐑼𐑑𐑮𐑦	kənsɒləRtri	RRP	89	𐑒𐑩𐑯𐑕𐑪𐑤𐑩𐑑𐑼𐑦	kənˈsɒlətəri	
consolingly	𐑒𐑪𐑯𐑕𐑴𐑤𐑦𐑙𐑤𐑰	ˈkɒnˌsəʊlɪŋliː	RRP	89	𐑒𐑩𐑯𐑕𐑴𐑤𐑦𐑙𐑤𐑦	kənˈsəʊlɪŋli	
consortium	𐑒𐑩𐑯𐑕𐑹𐑖𐑩𐑥	kənsɔːRʃəm	RRP	89	𐑒𐑩𐑯𐑕𐑹𐑑𐑾𐑥	kənˈsɔːRtɪəm	
conspiracy	𐑒𐑩𐑯𐑕𐑐𐑦𐑮𐑼𐑕𐑦	kənspɪrəRsi	RRP	89	𐑒𐑩𐑯𐑕𐑐𐑦𐑮𐑩𐑕𐑦	kənˈspɪrəsi	
conspirator	𐑒𐑩𐑯𐑕𐑐𐑦𐑮𐑼𐑑𐑼	kənspɪrəRtəR	RRP	89	𐑒𐑩𐑯𐑕𐑐𐑦𐑮𐑩𐑑𐑼	kənˈspɪrətəR	
conspiratorial	𐑒𐑩𐑯𐑕𐑐𐑦𐑮𐑼𐑑𐑹𐑾𐑤	kənspɪrəRtɔːrɪəl	RRP	89	𐑒𐑩𐑯𐑕𐑐𐑦𐑮𐑩𐑑𐑹𐑾𐑤	kənˌspɪrəˈtɔːrɪəl	
constipated	𐑒𐑪𐑯𐑕𐑑𐑩𐑐𐑱𐑑𐑩𐑛	ˈkɒnstəpeɪtəd	RRP	89	𐑒𐑪𐑯𐑕𐑑𐑦𐑐𐑱𐑑𐑩𐑛	ˈkɒnstɪpeɪtƏd	
constituent	𐑒𐑩𐑯𐑕𐑑𐑦𐑑𐑘𐑫𐑩𐑯𐑑	kənˈstɪtjuənt	RRP	89	𐑒𐑩𐑯𐑕𐑑𐑦𐑗𐑫𐑩𐑯𐑑	kənˈstɪtʃuənt	
constitution	𐑒𐑪𐑯𐑕𐑑𐑦𐑑𐑿𐑖𐑯	ˌkɒnstɪˈtjuːʃn	RRP	89	𐑒𐑪𐑯𐑕𐑑𐑦𐑑𐑵𐑖𐑩𐑯, 𐑒𐑪𐑯𐑕𐑑𐑦𐑑𐑿𐑖𐑩𐑯	ˌkɒnstɪˈtjuːʃən	
constitutional	𐑒𐑪𐑯𐑕𐑑𐑦𐑑𐑿𐑖𐑯𐑤	ˌkɒnstɪˈtjuːʃnl	RRP	89	𐑒𐑪𐑯𐑕𐑑𐑦𐑑𐑵𐑖𐑩𐑯𐑩𐑤, 𐑒𐑪𐑯𐑕𐑑𐑦𐑑𐑿𐑖𐑩𐑯𐑩𐑤	ˌkɒnstɪˈtjuːʃənəl	
constitutionally	𐑒𐑪𐑯𐑕𐑑𐑦𐑑𐑿𐑖𐑩𐑯𐑤𐑦	kɒnstɪˈtjuːʃənli	RRP	89	𐑒𐑪𐑯𐑕𐑑𐑦𐑑𐑵𐑖𐑩𐑯𐑩𐑤𐑦, 𐑒𐑪𐑯𐑕𐑑𐑦𐑑𐑿𐑖𐑩𐑯𐑩𐑤𐑦	ˌkɒnstɪˈtjuːʃənəli	
construct	𐑒𐑪𐑯𐑕𐑑𐑮𐑳𐑒𐑑	kɒnstrʌkt	RRP	89	𐑒𐑩𐑯𐑕𐑑𐑮𐑳𐑒𐑑	kənˈstrʌkt	
consubstantiation	𐑒𐑷𐑯𐑕𐑳𐑚𐑕𐑑𐑩𐑯𐑖𐑦𐑱𐑖𐑩𐑯	kɔnsʌbstənʃiˈeɪʃən	RRP	89	𐑒𐑪𐑯𐑕𐑩𐑚𐑕𐑑𐑨𐑯𐑖𐑦𐑱𐑖𐑩𐑯	ˌkɒnsəbˌstænʃɪˈeɪʃən	
consult	𐑒𐑪𐑯𐑕𐑳𐑤𐑑	ˈkɒnsʌlt	RRP	89	𐑒𐑩𐑯𐑕𐑳𐑤𐑑	kənˈsʌlt	
consume	𐑒𐑩𐑯𐑕𐑫𐑥	kənˈsum	RRP	89	𐑒𐑩𐑯𐑕𐑿𐑥	kənˈsjuːm	
contemporaneous	𐑒𐑩𐑯𐑑𐑧𐑥𐑐𐑼𐑱𐑯𐑦𐑩𐑕	kəntempəreɪniəs	RRP	89	𐑒𐑩𐑯𐑑𐑧𐑥𐑐𐑼𐑱𐑯𐑾𐑕	kənˌtempəˈreɪnɪəs	
contemporaneously	𐑒𐑩𐑯𐑑𐑧𐑥𐑐𐑼𐑱𐑯𐑦𐑩𐑕𐑤𐑦	kəntempəreɪniəsli	RRP	89	𐑒𐑩𐑯𐑑𐑧𐑥𐑐𐑼𐑱𐑯𐑾𐑕𐑤𐑦	kənˌtempəˈreɪnɪəsli	
contemporary	𐑒𐑩𐑯𐑑𐑧𐑥𐑐𐑮𐑼𐑦	kəntemprəri	RRP	89	𐑒𐑩𐑯𐑑𐑧𐑥𐑐𐑼𐑼𐑦	kənˈtempərəri	
contemptuous	𐑒𐑩𐑯𐑑𐑧𐑥𐑗𐑫𐑩𐑕	kənˈtemtʃuəs	RRP	89	𐑒𐑩𐑯𐑑𐑧𐑥𐑐𐑗𐑫𐑩𐑕	kənˈtemptʃuəs	
context	 𐑒𐑪𐑯𐑑𐑧𐑒𐑕𐑑	ˈ kɒntekst	RRP	89	𐑒𐑪𐑯𐑑𐑧𐑒𐑕𐑑	ˈkɒntekst	
continuance	𐑒𐑩𐑯𐑑𐑦𐑯𐑘𐑩𐑩𐑯𐑕	kənˈtɪnjəəns	RRP	89	𐑒𐑩𐑯𐑑𐑦𐑯𐑘𐑫𐑩𐑯𐑕	kənˈtɪnjuəns	
continuity	𐑒𐑪𐑯𐑑𐑦𐑯𐑿𐑩𐑑𐑦	ˌkɒntɪˈnjuːəti	RRP	89	𐑒𐑪𐑯𐑑𐑦𐑯𐑿𐑦𐑑𐑦	ˌkɒntɪˈnjuːɪti	
continuous	𐑒𐑩𐑯𐑑𐑦𐑯𐑿𐑩𐑕	kənˈtɪnjuːəs	RRP	89	𐑒𐑩𐑯𐑑𐑦𐑯𐑘𐑫𐑩𐑕	kənˈtɪnjuəs	
contraction	𐑒𐑪𐑯𐑑𐑮𐑨𐑒𐑖𐑩𐑯	kɒntrækʃən	RRP	89	𐑒𐑩𐑯𐑑𐑮𐑨𐑒𐑖𐑩𐑯	kənˈtrækʃən	
contradictory	𐑒𐑪𐑯𐑑𐑮𐑩𐑛𐑦𐑒𐑑𐑮𐑦	kɒntrədɪktri	RRP	89	𐑒𐑪𐑯𐑑𐑮𐑩𐑛𐑦𐑒𐑑𐑼𐑦	ˌkɒntrəˈdɪktəri	
contralto	𐑒𐑪𐑯𐑑𐑮𐑨𐑤𐑑𐑴	kɒntræltəʊ	RRP	89	𐑒𐑩𐑯𐑑𐑮𐑨𐑤𐑑𐑴	kənˈtræltəʊ	
contrariety	𐑒𐑪𐑯𐑑𐑮𐑼𐑳𐑾𐑑𐑦	kɒntrərʌɪəti	RRP	89	𐑒𐑪𐑯𐑑𐑮𐑼𐑲𐑩𐑑𐑦	ˌkɒntrəˈraɪəti	
contumacious	𐑒𐑪𐑯𐑑𐑘𐑩𐑥𐑱𐑖𐑩𐑕	ˌkɒntjəˈmeɪʃəs	RRP	89	𐑒𐑪𐑯𐑑𐑵𐑥𐑱𐑖𐑩𐑕, 𐑒𐑪𐑯𐑑𐑿𐑥𐑱𐑖𐑩𐑕	ˌkɒntjuːˈmeɪʃəs	
contumacy	𐑒𐑪𐑯𐑑𐑘𐑩𐑥𐑩𐑕𐑦	ˈkɒntjəməsi	RRP	89	𐑒𐑪𐑯𐑑𐑵𐑥𐑩𐑕𐑦, 𐑒𐑪𐑯𐑑𐑿𐑥𐑩𐑕𐑦	ˈkɒntjuːməsi	
contumelious	𐑒𐑪𐑯𐑑𐑘𐑩𐑥𐑰𐑤𐑦𐑩𐑕	ˌkɒntjəˈmiːliəs	RRP	89	𐑒𐑪𐑯𐑑𐑘𐑫𐑥𐑰𐑤𐑾𐑕	ˌkɒntjʊˈmiːlɪəs	
conurbation	𐑒𐑪𐑯𐑼𐑚𐑱𐑖𐑩𐑯	kɒnəRbeɪʃən	RRP	89	𐑒𐑪𐑯𐑻𐑚𐑱𐑖𐑩𐑯	ˌkɒnɜːRˈbeɪʃən	
convene	𐑒𐑪𐑯𐑝𐑰𐑯	ˈkɒnviːn	RRP	89	𐑒𐑩𐑯𐑝𐑰𐑯	kənˈviːn	
convenient	𐑒𐑩𐑯𐑝𐑰𐑯𐑦𐑩𐑯𐑑	kənˈviːniənt	RRP	89	𐑒𐑩𐑯𐑝𐑰𐑯𐑾𐑯𐑑	kənˈviːnɪənt	
convent	𐑒𐑪𐑯𐑝𐑧𐑯𐑑	ˈkɒnvent	RRP	89	𐑒𐑪𐑯𐑝𐑩𐑯𐑑	ˈkɒnvənt	
conventicle	𐑒𐑩𐑯𐑝𐑧𐑯𐑑𐑦𐑒𐑤	kənˈventɪkl	RRP	89	𐑒𐑩𐑯𐑝𐑧𐑯𐑑𐑦𐑒𐑩𐑤	kənˈventɪkəl	
conversion	𐑒𐑩𐑯𐑝𐑻𐑖𐑯	kənvɜːRʃn	RRP	89	𐑒𐑩𐑯𐑝𐑻𐑠𐑩𐑯	kənˈvɜːRʒən	
convert	𐑒𐑪𐑯𐑝𐑼𐑑	kɒnvəRt	RRP	89	𐑒𐑩𐑯𐑝𐑻𐑑, 𐑒𐑪𐑯𐑝𐑻𐑑	ˈkɒnvɜːRt	
convivial	𐑒𐑩𐑯𐑝𐑦𐑝𐑦𐑩𐑤	kənˈvɪviəl	RRP	89	𐑒𐑩𐑯𐑝𐑦𐑝𐑾𐑤	kənˈvɪvɪəl	
coolly	𐑒𐑵𐑤𐑦	ˈkuːli	RRP	89	𐑒𐑵𐑤𐑤𐑦	ˈkuːl+li	
coon	𐑒𐑫𐑯	kun	RRP	89	𐑒𐑵𐑯	kuːn	
coordinate	𐑒𐑴𐑹𐑛𐑦𐑯𐑦𐑑	kəʊɔːRdɪnɪt	RRP	89	𐑒𐑴𐑹𐑛𐑦𐑯𐑩𐑑, 𐑒𐑴𐑹𐑛𐑦𐑯𐑱𐑑	ˌkəʊˈɔːRdɪnət	
coordination	𐑒𐑴𐑷𐑮𐑛𐑦𐑯𐑱𐑖𐑩𐑯	koʊɔrdɪneɪʃən	RRP	89	𐑒𐑴𐑹𐑛𐑦𐑯𐑱𐑖𐑩𐑯	ˌkəʊˌɔːRdɪnˈeɪʃən	
copious	𐑒𐑴𐑐𐑦𐑩𐑕	ˈkoʊpiəs	RRP	89	𐑒𐑴𐑐𐑾𐑕	ˈkəʊpɪəs	
coquetry	𐑒𐑪𐑒𐑦𐑑𐑮𐑦	kɒkɪtri	RRP	89	𐑒𐑪𐑒𐑩𐑑𐑮𐑦	ˈkɒkətri	
coral	𐑒𐑪𐑮𐑼𐑤	kɒrəRl	RRP	89	𐑒𐑪𐑮𐑩𐑤	ˈkɒrəl	
corinthian	𐑒𐑼𐑦𐑯𐑔𐑦𐑩𐑯	kərɪnθiən	RRP	89	𐑒𐑼𐑦𐑯𐑔𐑾𐑯	kəˈrɪnθɪən	
cormorant	𐑒𐑹𐑥𐑼𐑼𐑯𐑑	kɔːRmərəRnt	RRP	89	𐑒𐑹𐑥𐑼𐑩𐑯𐑑	ˈkɔːRmərənt	
cornea	𐑒𐑹𐑯𐑦𐑩	kɔːRniə	RRP	89	𐑒𐑹𐑯𐑾	ˈkɔːRnɪə	
cornucopia	𐑒𐑹𐑯𐑼𐑒𐑴𐑐𐑦𐑩	kɔːRnəRkəʊpiə	RRP	89	𐑒𐑹𐑯𐑘𐑩𐑒𐑴𐑐𐑾	ˌkɔːRnjəˈkəʊpɪə	
corollary	𐑒𐑪𐑮𐑪𐑤𐑼𐑦	kɒrɒləri	RRP	89	𐑒𐑼𐑪𐑤𐑼𐑦	kəˈrɒləri	
coronary	𐑒𐑪𐑮𐑼𐑯𐑮𐑦	kɒrəRnri	RRP	89	𐑒𐑪𐑮𐑩𐑯𐑼𐑦	ˈkɒrənəri	
coronation	𐑒𐑪𐑮𐑼𐑯𐑱𐑖𐑩𐑯	kɒrəRneɪʃən	RRP	89	𐑒𐑪𐑮𐑩𐑯𐑱𐑖𐑩𐑯	ˌkɒrəˈneɪʃən	
coronavirus	𐑒𐑼𐑴𐑯𐑩𐑝𐑲𐑮𐑼𐑕	kərəʊnəvaɪrəRs	RRP	89	𐑒𐑼𐑴𐑯𐑩𐑝𐑲𐑮𐑩𐑕	kəˈrəʊnəˌvaɪrəs	
coroner	𐑒𐑪𐑮𐑼𐑯𐑼	kɒrəRnəR	RRP	89	𐑒𐑪𐑮𐑩𐑯𐑼	ˈkɒrənəR	
coronet	𐑒𐑪𐑮𐑼𐑯𐑦𐑑	kɒrəRnɪt	RRP	89	𐑒𐑪𐑮𐑩𐑯𐑧𐑑	ˈkɒrənet	
corporate	𐑒𐑹𐑐𐑼𐑼𐑑	kɔːRpərəRt	RRP	89	𐑒𐑹𐑐𐑼𐑩𐑑	ˈkɔːRpərət	
correlate	𐑒𐑪𐑮𐑼𐑤𐑱𐑑	kɒrəRleɪt	RRP	89	𐑒𐑪𐑮𐑩𐑤𐑱𐑑	ˈkɒrəleɪt	
correlation	𐑒𐑪𐑮𐑼𐑤𐑱𐑖𐑩𐑯	kɒrəRleɪʃən	RRP	89	𐑒𐑪𐑮𐑩𐑤𐑱𐑖𐑩𐑯	ˌkɒrəˈleɪʃən	
correspond	𐑒𐑪𐑮𐑼𐑕𐑐𐑪𐑯𐑛	kɒrəRspɒnd	RRP	89	𐑒𐑪𐑮𐑦𐑕𐑐𐑪𐑯𐑛	ˌkɒrɪˈspɒnd	
corrugation	𐑒𐑷𐑮𐑼𐑜𐑱𐑖𐑩𐑯	kɔrəRɡeɪʃən	RRP	89	𐑒𐑪𐑮𐑩𐑜𐑱𐑖𐑩𐑯	ˌkɒrəˈɡeɪʃən	
corsage	𐑒𐑹𐑕𐑸𐑠	kɔːRsɑːRʒ	RRP	89	𐑒𐑹𐑕𐑭𐑠	kɔːRˈsɑːʒ	
corsair	𐑒𐑹𐑕𐑻	kɔːRsɜːR	RRP	89	𐑒𐑹𐑕𐑺	ˈkɔːRseəR	
corset	𐑒𐑹𐑕𐑦𐑑	kɔːRsɪt	RRP	89	𐑒𐑹𐑕𐑩𐑑	ˈkɔːRsət	
cortege	𐑒𐑷𐑮𐑑𐑧𐑠	kɔrteʒ	RRP	89	𐑒𐑹𐑑𐑱𐑠	kɔːRˈteɪʒ	
cortisol	𐑒𐑹𐑑𐑦𐑕𐑪𐑤	kɔːRtɪsɒl	RRP	89	𐑒𐑹𐑑𐑦𐑟𐑴𐑤	ˈkɔːRtɪzəʊl	
coruscate	𐑒𐑪𐑮𐑼𐑕𐑒𐑱𐑑	kɒrəRskeɪt	RRP	89	𐑒𐑪𐑮𐑩𐑕𐑒𐑱𐑑	ˈkɒrəskeɪt	
counselor	𐑒𐑬𐑯𐑕𐑼𐑤𐑼	kaʊnsəRləR	RRP	89	𐑒𐑬𐑯𐑕𐑩𐑤𐑼	ˈkaʊnsələR	
counterattraction	𐑒𐑬𐑯𐑑𐑼𐑼𐑑𐑮𐑨𐑒𐑖𐑩𐑯	kaʊntərəRtrakʃən	RRP	89	𐑒𐑬𐑯𐑑𐑼𐑩𐑑𐑮𐑨𐑒𐑖𐑩𐑯	ˌkaʊntərəˈtrækʃən	
counterintuitive	𐑒𐑬𐑯𐑑𐑼𐑦𐑯𐑑𐑫𐑦𐑑𐑦𐑝	kaʊntərɪntuɪtɪv	RRP	89	𐑒𐑬𐑯𐑑𐑼𐑦𐑯𐑑𐑵𐑦𐑑𐑦𐑝, 𐑒𐑬𐑯𐑑𐑼𐑦𐑯𐑑𐑿𐑦𐑑𐑦𐑝	ˈkaʊntərɪntˌjuːɪtɪv	
countrified	𐑒𐑳𐑯𐑑𐑮𐑦𐑓𐑳𐑦𐑛	kʌntrɪfʌɪd	RRP	89	𐑒𐑳𐑯𐑑𐑮𐑦𐑓𐑲𐑛	ˈkʌntrɪfaɪd	
coupe	𐑒𐑵𐑐	kuːp	RRP	89	𐑒𐑵𐑐𐑱	ˈkuːpeɪ	
courgette	𐑒𐑫𐑼𐑠𐑧𐑑	kʊəRʒet	RRP	89	𐑒𐑹𐑠𐑧𐑑	kɔːRˈʒet	
courteous	𐑒𐑻𐑑𐑦𐑩𐑕	kɜːRtiəs	RRP	89	𐑒𐑻𐑑𐑾𐑕	ˈkɜːRtɪəs	
courtesan	𐑒𐑷𐑮𐑑𐑦𐑟𐑩𐑯	kɔrtɪzən	RRP	89	𐑒𐑹𐑑𐑦𐑟𐑨𐑯	ˌkɔːRtɪˈzæn	
courtship	𐑒𐑹𐑗𐑦𐑐	kɔːRtʃɪp	RRP	89	𐑒𐑹𐑑𐑖𐑦𐑐	ˈkɔːRt+ʃɪp	
covet	𐑒𐑳𐑝𐑦𐑑	ˈkʌvɪt	RRP	89	𐑒𐑳𐑝𐑩𐑑	ˈkʌvət	
coveted	𐑒𐑳𐑝𐑦𐑑𐑩𐑛	ˈkʌvɪtƏd	RRP	89	𐑒𐑳𐑝𐑩𐑑𐑩𐑛	ˈkʌvətƏd	
coyness	𐑒𐑶𐑯𐑧𐑕	kɔɪnes	RRP	89	𐑒𐑶𐑯𐑩𐑕	ˈkɔɪnəs	
coyote	𐑒𐑶𐑴𐑑	kɔɪˈəʊt	RRP	89	𐑒𐑲𐑴𐑑𐑦	kaɪˈəʊti	
cranial	𐑒𐑮𐑱𐑯𐑦𐑩𐑤	kreɪniəl	RRP	89	𐑒𐑮𐑱𐑯𐑾𐑤	ˈkreɪnɪəl	
cranium	𐑒𐑮𐑱𐑯𐑦𐑩𐑥	kreɪniəm	RRP	89	𐑒𐑮𐑱𐑯𐑾𐑥	ˈkreɪnɪəm	
crawfish	𐑒𐑮𐑪𐑓𐑦𐑖	krɒfɪʃ	RRP	89	𐑒𐑮𐑷𐑓𐑦𐑖	ˈkrɔːfɪʃ	
crayon	𐑒𐑮𐑱𐑩𐑯	kreɪən	RRP	89	𐑒𐑮𐑱𐑪𐑯	ˈkreɪɒn	
create	𐑒𐑮𐑰𐑱𐑑	kriːeɪt	RRP	89	𐑒𐑮𐑦𐑱𐑑	kriˈeɪt	
creation	𐑒𐑮𐑰𐑱𐑖𐑩𐑯	kriːeɪʃən	RRP	89	𐑒𐑮𐑦𐑱𐑖𐑩𐑯	kriˈeɪʃən	
creator	𐑒𐑮𐑰𐑱𐑑𐑼	kriːeɪtəR	RRP	89	𐑒𐑮𐑦𐑱𐑑𐑼	kriˈeɪtəR	
credited	𐑒𐑮𐑧𐑛𐑦𐑑	kredɪt	RRP	89	𐑒𐑮𐑧𐑛𐑦𐑑𐑩𐑛	ˈkredɪtƏd	
credo	𐑒𐑮𐑦𐑛𐑴	kridoʊ	RRP	89	𐑒𐑮𐑰𐑛𐑴	ˈkriːdəʊ	
creole	𐑒𐑮𐑦𐑴𐑤	kriəʊl	RRP	89	𐑒𐑮𐑰𐑴𐑤	ˈkriːəʊl	
creosote	𐑒𐑮𐑰𐑩𐑕𐑴𐑑	kriːəsəʊt	RRP	89	𐑒𐑮𐑾𐑕𐑴𐑑	ˈkrɪəsəʊt	
crepe	𐑒𐑮𐑧𐑐	krep	RRP	89	𐑒𐑮𐑱𐑐	kreɪp	
crescent	𐑒𐑮𐑧𐑟𐑩𐑯𐑑	krezənt	RRP	89	𐑒𐑮𐑧𐑕𐑩𐑯𐑑	ˈkresənt	
cretaceous	𐑒𐑮𐑩𐑑𐑱𐑖𐑩𐑕	krəteɪʃəs	RRP	89	𐑒𐑮𐑦𐑑𐑱𐑖𐑩𐑕	krɪˈteɪʃəs	
crevasse	𐑒𐑮𐑩𐑝𐑨𐑕	krəvæs	RRP	89	𐑒𐑮𐑦𐑝𐑨𐑕	krɪˈvæs	
cricketer	𐑒𐑮𐑦𐑒𐑦𐑑𐑼	krɪkɪtəR	RRP	89	𐑒𐑮𐑦𐑒𐑩𐑑𐑼	ˈkrɪkItəR	
criminal	𐑒𐑮𐑦𐑥𐑩𐑯𐑩𐑤	krɪmənəl	RRP	89	𐑒𐑮𐑦𐑥𐑦𐑯𐑩𐑤	ˈkrɪmɪnəl	
cripple	𐑒𐑮𐑦𐑐𐑤	krɪpl	RRP	89	𐑒𐑮𐑦𐑐𐑩𐑤	ˈkrɪpəl	
criterion	𐑒𐑮𐑲𐑑𐑽𐑦𐑩𐑯	kraɪtɪəriən	RRP	89	𐑒𐑮𐑲𐑑𐑽𐑾𐑯	kraɪˈtɪərɪən	
critically	𐑒𐑮𐑦𐑑𐑦𐑒𐑩𐑤𐑦	krɪtɪkəli	RRP	89	𐑒𐑮𐑦𐑑𐑦𐑒𐑤𐑦	ˈkrɪtɪkli	
crosier	𐑒𐑮𐑴𐑟𐑦𐑼	krəʊziəR	RRP	89	𐑒𐑮𐑴𐑟𐑽	ˈkrəʊzɪəR	
crossbreed	𐑒𐑮𐑭𐑕𐑚𐑮𐑰𐑛	krɑːsbriːd	RRP	89	𐑒𐑮𐑪𐑕𐑚𐑮𐑰𐑛	ˈkrɒsbriːd	
crosswind	𐑒𐑮𐑭𐑕𐑢𐑦𐑯𐑛	krɑːswɪnd	RRP	89	𐑒𐑮𐑪𐑕𐑢𐑦𐑯𐑛	ˈkrɒswɪnd	
crotchet	𐑒𐑮𐑪𐑗𐑦𐑑	krɒtʃɪt	RRP	89	𐑒𐑮𐑪𐑗𐑩𐑑	ˈkrɒtʃət	
cruelty	𐑒𐑮𐑵𐑤𐑑𐑦	kruːlti	RRP	89	𐑒𐑮𐑵𐑩𐑤𐑑𐑦	ˈkruːəlti	
crumpet	𐑒𐑮𐑳𐑥𐑐𐑦𐑑	krʌmpɪt	RRP	89	𐑒𐑮𐑳𐑥𐑐𐑩𐑑	ˈkrʌmpIt	
cruse	𐑒𐑮𐑵𐑕	kruːs	RRP	89	𐑒𐑮𐑵𐑟	kruːz	
cubicle	𐑒𐑘𐑫𐑚𐑦𐑒𐑩𐑤	ˈkjubɪkəl	RRP	89	𐑒𐑿𐑚𐑦𐑒𐑩𐑤	ˈkjuːbɪkəl	
culinary	𐑒𐑳𐑤𐑦𐑯𐑮𐑦	kʌlɪnri	RRP	89	𐑒𐑳𐑤𐑦𐑯𐑼𐑦	ˈkʌlɪnəri	
culpability	𐑒𐑳𐑤𐑐𐑩𐑚𐑦𐑤𐑩𐑑𐑦	ˌkʌlpəˈbɪləti	RRP	89	𐑒𐑳𐑤𐑐𐑩𐑚𐑦𐑤𐑦𐑑𐑦	ˌkʌlpəˈbɪlɪti	
cultural	𐑒𐑳𐑤𐑗𐑼𐑼𐑤	kʌltʃərəRl	RRP	89	𐑒𐑳𐑤𐑗𐑼𐑩𐑤	ˈkʌltʃərəl	
cupid	𐑒𐑿𐑐𐑩𐑛	ˈkjuːpƏd	RRP	89	𐑒𐑿𐑐𐑦𐑛	ˈkjuːpɪd	
cupidity	𐑒𐑿𐑐𐑦𐑛𐑩𐑑𐑦	kjuːˈpɪdəti	RRP	89	𐑒𐑿𐑐𐑦𐑛𐑦𐑑𐑦	kjuːˈpɪdɪti	
curlew	𐑒𐑻𐑤𐑘𐑫	kɜːRlju	RRP	89	𐑒𐑻𐑤𐑵, 𐑒𐑻𐑤𐑿	ˈkɜːRljuː	
currant	𐑒𐑳𐑮𐑼𐑯𐑑	kʌrəRnt	RRP	89	𐑒𐑳𐑮𐑩𐑯𐑑	ˈkʌrənt	
currency	𐑒𐑳𐑮𐑼𐑯𐑕𐑦	kʌrəRnsi	RRP	89	𐑒𐑳𐑮𐑩𐑯𐑕𐑦	ˈkʌrənsi	
current	𐑒𐑳𐑮𐑼𐑯𐑑	kʌrəRnt	RRP	89	𐑒𐑳𐑮𐑩𐑯𐑑	ˈkʌrənt	
currently	𐑒𐑳𐑮𐑼𐑯𐑑𐑤𐑦	kʌrəRntli	RRP	89	𐑒𐑳𐑮𐑩𐑯𐑑𐑤𐑦	ˈkʌrəntli	
cussed	𐑒𐑳𐑕𐑑	kʌst	RRP	89	𐑒𐑳𐑕𐑩𐑛	ˈkʌsƏd	
custody	𐑒𐑳𐑕𐑑𐑩𐑛𐑰	ˈkʌstədiː	RRP	89	𐑒𐑳𐑕𐑑𐑩𐑛𐑦	ˈkʌstədi	
customary	𐑒𐑳𐑕𐑑𐑼𐑥𐑮𐑦	kʌstəRmri	RRP	89	𐑒𐑳𐑕𐑑𐑩𐑥𐑼𐑦	ˈkʌstəməri	
customer	𐑒𐑳𐑕𐑑𐑼𐑥𐑼	kʌstəRməR	RRP	89	𐑒𐑳𐑕𐑑𐑩𐑥𐑼	ˈkʌstəməR	
cyclopaedia	𐑕𐑲𐑒𐑤𐑴𐑐𐑰𐑛𐑦𐑩	saɪkləʊˈpiːdiə	RRP	89	𐑕𐑲𐑒𐑤𐑩𐑐𐑰𐑛𐑾	ˌsaɪkləˈpiːdɪə	
cyclopean	𐑕𐑲𐑒𐑤𐑴𐑐𐑦𐑩𐑯	ˈsaɪkləʊpiən	RRP	89	𐑕𐑲𐑒𐑤𐑴𐑐𐑾𐑯	saɪˈkləʊpɪən	
cynosure	𐑕𐑦𐑯𐑩𐑟𐑘𐑩𐑼	sɪnəzjəəR	RRP	89	𐑕𐑦𐑯𐑩𐑖𐑫𐑼	ˈsɪnəˌʃʊəR	
cypriot	𐑕𐑦𐑐𐑮𐑦𐑩𐑑	sɪpriət	RRP	89	𐑕𐑦𐑐𐑮𐑾𐑑	ˈsɪprɪət	
cyril	𐑕𐑦𐑮𐑼𐑤	sɪrəRl	RRP	89	𐑕𐑦𐑮𐑩𐑤	ˈsɪrəl	
czar	𐑟𐑸	zɑːR	RRP	89	𐑑𐑕𐑸	tsɑːR	
czechoslovakian	𐑗𐑧𐑒𐑩𐑟𐑤𐑩𐑝𐑨𐑒𐑦𐑩𐑯	ˈtʃekəzləvækiən	RRP	89	𐑗𐑧𐑒𐑴𐑕𐑤𐑩𐑝𐑨𐑒𐑾𐑯	ˌtʃekəʊsləˈvækɪən	
dabble	𐑛𐑨𐑚𐑤	ˈdæbl	RRP	89	𐑛𐑨𐑚𐑩𐑤	ˈdæbəl	
dachshund	𐑛𐑭𐑒𐑕𐑣𐑫𐑯𐑛	ˈdɑːksˌhʊnd	RRP	89	𐑛𐑨𐑒𐑕𐑣𐑫𐑯𐑛	ˈdækshʊnd	
daguerreotype	𐑛𐑼𐑜𐑧𐑮𐑴𐑑𐑲𐑐	dəRɡerəʊtaɪp	RRP	89	𐑛𐑩𐑜𐑧𐑮𐑩𐑑𐑲𐑐	dəˈɡerətaɪp	
dahlia	𐑛𐑭𐑤𐑾	ˈdɑːlɪə	RRP	89	𐑛𐑱𐑤𐑾	ˈdeɪlɪə	
dalton	𐑛𐑷𐑤𐑑𐑩𐑯	ˈdɔːltən	RRP	89	𐑛𐑪𐑤𐑑𐑩𐑯	ˈdɒltən	
dangerous	𐑛𐑱𐑯𐑠𐑮𐑼𐑕	deɪnʒrəRs	RRP	89	𐑛𐑱𐑯𐑡𐑼𐑩𐑕	ˈdeɪndʒərəs	
dangling	𐑛𐑨𐑙𐑜𐑩𐑤𐑦𐑙	ˈdæŋɡəlɪŋ	RRP	89	𐑛𐑨𐑙𐑜𐑤𐑦𐑙	ˈdæŋɡlɪŋ	
daniel	𐑛𐑨𐑯𐑘𐑩𐑤	ˈdænjəl	RRP	89	𐑛𐑨𐑯𐑾𐑤	ˈdænɪəl	
darkling	𐑛𐑸𐑒𐑩𐑤𐑦𐑙	dɑːRkəlɪŋ	RRP	89	𐑛𐑸𐑒𐑤𐑦𐑙	ˈdɑːRklɪŋ	
darwinian	𐑛𐑸𐑢𐑦𐑯𐑦𐑩𐑯	dɑːRwɪniən	RRP	89	𐑛𐑸𐑢𐑦𐑯𐑾𐑯	dɑːRˈwɪniən	
dastard	𐑛𐑸𐑕𐑑𐑼𐑛	dɑːRstəRd	RRP	89	𐑛𐑨𐑕𐑑𐑼𐑛	ˈdæstəRd	
dastardly	𐑛𐑸𐑕𐑑𐑼𐑛𐑤𐑦	dɑːRstəRdli	RRP	89	𐑛𐑨𐑕𐑑𐑼𐑛𐑤𐑦	ˈdæstəRdli	
dazzling	𐑛𐑨𐑟𐑩𐑤𐑦𐑙	ˈdæzəlɪŋ	RRP	89	𐑛𐑨𐑟𐑤𐑦𐑙	ˈdæzlɪŋ	
de-escalate	𐑛𐑰𐑧𐑕𐑒𐑩𐑤𐑱𐑑	diːˈeskəleɪt	RRP	89	𐑛𐑰-𐑧𐑕𐑒𐑩𐑤𐑱𐑑	ˌdiː-ˈeskəleɪt	
de-escalation	𐑛𐑰𐑧𐑕𐑒𐑩𐑤𐑱𐑖𐑩𐑯	diːˌeskəˈleɪʃən	RRP	89	𐑛𐑰-𐑧𐑕𐑒𐑩𐑤𐑱𐑖𐑩𐑯	diː-ˌeskəˈleɪʃən	
de-ice	𐑛𐑰𐑲𐑕	diːˈaɪs	RRP	89	𐑛𐑰-𐑲𐑕	ˌdiː-ˈaɪs	
dearest	𐑛𐑽𐑦𐑕𐑑	dɪərɪst	RRP	89	𐑛𐑽𐑩𐑕𐑑	ˈdɪərəst	
debar	𐑛𐑦𐑚𐑸	dɪbɑːR	RRP	89	𐑛𐑰𐑚𐑸	diːˈbɑːR	
debark	𐑛𐑦𐑚𐑸𐑒	dɪbɑːRk	RRP	89	𐑛𐑰𐑚𐑸𐑒	diːˈbɑːRk	
debauchee	𐑛𐑦𐑚𐑷𐑗𐑦	dɪbɔːˈtʃi	RRP	89	𐑛𐑦𐑚𐑷𐑗𐑰	dɪˌbɔːˈtʃiː	
debouch	𐑛𐑦𐑚𐑵𐑖	dɪˈbuːʃ	RRP	89	𐑛𐑦𐑚𐑬𐑗	dɪˈbaʊtʃ	
debris	𐑛𐑧𐑚𐑮𐑰	debriː	RRP	89	𐑛𐑱𐑚𐑮𐑰	ˈdeɪbriː	
debut	𐑛𐑧𐑚𐑿	ˈdebjuː	RRP	89	𐑛𐑱𐑚𐑿	ˈdeɪbjuː	
debutante	𐑛𐑧𐑚𐑿𐑑𐑭𐑯𐑑	ˌdebjuːˈtɑːnt	RRP	89	𐑛𐑧𐑚𐑘𐑫𐑑𐑭𐑯𐑑	ˈdebjʊtɑːnt	
decamp	𐑛𐑰𐑒𐑨𐑥𐑐	diːˈkæmp	RRP	89	𐑛𐑦𐑒𐑨𐑥𐑐	dɪˈkæmp	
decant	𐑛𐑩𐑒𐑨𐑯𐑑	dəˈkænt	RRP	89	𐑛𐑦𐑒𐑨𐑯𐑑	dɪˈkænt	
deceitful	𐑛𐑦𐑕𐑰𐑑𐑓𐑫𐑤	dɪˈsiːtfʊl	RRP	89	𐑛𐑦𐑕𐑰𐑑𐑓𐑩𐑤	dɪˈsiːtfəl	
deceitfully	𐑛𐑦𐑕𐑰𐑑𐑓𐑤𐑦	dɪˈsiːtfli	RRP	89	𐑛𐑦𐑕𐑰𐑑𐑓𐑩𐑤𐑦	dɪˈsiːtfəli	
declamatory	𐑛𐑦𐑒𐑤𐑨𐑥𐑼𐑑𐑮𐑦	dɪklæməRtri	RRP	89	𐑛𐑦𐑒𐑤𐑨𐑥𐑩𐑑𐑼𐑦	dɪˈklæmətəri	
decode	𐑛𐑦𐑒𐑴𐑛	dɪˈkəʊd	RRP	89	𐑛𐑰𐑒𐑴𐑛	ˌdiːˈkəʊd	
decoder	𐑛𐑦𐑒𐑴𐑛𐑼	dɪkəʊdəR	RRP	89	𐑛𐑰𐑒𐑴𐑛𐑼	ˌdiːˈkəʊdəR	
decoding	𐑛𐑦𐑒𐑴𐑛𐑦𐑙	dɪˈkəʊdɪŋ	RRP	89	𐑛𐑰𐑒𐑴𐑛𐑦𐑙	ˌdiːˈkəʊdɪŋ	
decollete	𐑛𐑦𐑒𐑪𐑤𐑩𐑑𐑱	dɪˈkɒləteɪ	RRP	89	𐑛𐑱𐑒𐑪𐑤𐑑𐑱	deɪˈkɒlteɪ	
decorative	𐑛𐑧𐑒𐑮𐑼𐑑𐑦𐑝	dekrəRtɪv	RRP	89	𐑛𐑧𐑒𐑼𐑩𐑑𐑦𐑝	ˈdekərətɪv	
decorous	𐑛𐑧𐑒𐑼𐑼𐑕	dekərəRs	RRP	89	𐑛𐑧𐑒𐑼𐑩𐑕	ˈdekərəs	
decorously	𐑛𐑧𐑒𐑮𐑼𐑕𐑤𐑦	dekrəRsli	RRP	89	𐑛𐑧𐑒𐑼𐑩𐑕𐑤𐑦	ˈdekərəsli	
decorum	𐑛𐑦𐑒𐑹𐑼𐑥	dɪkɔːrəRm	RRP	89	𐑛𐑦𐑒𐑹𐑩𐑥	dɪˈkɔːrəm	
decrepitude	𐑛𐑦𐑒𐑮𐑧𐑐𐑦𐑗𐑵𐑛	dɪkrepɪtʃuːd	RRP	89	𐑛𐑦𐑒𐑮𐑧𐑐𐑦𐑑𐑵𐑛, 𐑛𐑦𐑒𐑮𐑧𐑐𐑦𐑑𐑿𐑛	dɪˈkrepɪtjuːd	
deduce	𐑛𐑦𐑡𐑵𐑕	dɪˈdʒuːs	RRP	89	𐑛𐑦𐑛𐑵𐑕, 𐑛𐑦𐑛𐑿𐑕	dɪˈdjuːs	
defamatory	𐑛𐑦𐑓𐑨𐑥𐑼𐑑𐑮𐑦	dɪfæməRtri	RRP	89	𐑛𐑦𐑓𐑨𐑥𐑩𐑑𐑼𐑦	dɪˈfæmətəri	
defecate	𐑛𐑧𐑓𐑦𐑒𐑱𐑑	ˈdefɪkeɪt	RRP	89	𐑛𐑧𐑓𐑩𐑒𐑱𐑑	ˈdefəkeɪt	
defecation	𐑛𐑧𐑓𐑦𐑒𐑱𐑖𐑩𐑯	ˌdefɪˈkeɪʃən	RRP	89	𐑛𐑧𐑓𐑩𐑒𐑱𐑖𐑩𐑯	ˌdefəˈkeɪʃən	
deference	𐑛𐑧𐑓𐑼𐑼𐑯𐑕	defərəRns	RRP	89	𐑛𐑧𐑓𐑼𐑩𐑯𐑕	ˈdefərəns	
deferentially	𐑛𐑧𐑓𐑼𐑼𐑯𐑖𐑩𐑤𐑦	defərəRnʃəli	RRP	89	𐑛𐑧𐑓𐑼𐑧𐑯𐑖𐑩𐑤𐑦	ˌdefəˈrenʃəli	
defilement	𐑛𐑦𐑓𐑲𐑩𐑤𐑥𐑩𐑯𐑑	dɪˈfaɪəlmənt	RRP	89	𐑛𐑦𐑓𐑲𐑤𐑥𐑩𐑯𐑑	dɪˈfaɪlmənt	
defined	𐑛𐑦𐑓𐑳𐑦𐑯𐑛	dɪˈfʌɪnd	RRP	89	𐑛𐑦𐑓𐑲𐑯𐑛	dɪˈfaɪnd	
definition	𐑛𐑧𐑓𐑦𐑯𐑦𐑖𐑯	ˌdefɪˈnɪʃn	RRP	89	𐑛𐑧𐑓𐑦𐑯𐑦𐑖𐑩𐑯	ˌdefɪˈnɪʃən	
deflate	𐑛𐑰𐑓𐑤𐑱𐑑	diːˈfleɪt	RRP	89	𐑛𐑦𐑓𐑤𐑱𐑑	dɪˈfleɪt	
deflationary	𐑛𐑦𐑓𐑤𐑱𐑖𐑼𐑯𐑮𐑦	dɪfleɪʃəRnri	RRP	89	𐑛𐑦𐑓𐑤𐑱𐑖𐑩𐑯𐑼𐑦	ˌdɪˈfleɪʃənəri	
deflower	𐑛𐑦𐑓𐑤𐑬𐑼	dɪflaʊəR	RRP	89	𐑛𐑰𐑓𐑤𐑬𐑼	diːˈflaʊəR	
defoliate	𐑛𐑰𐑓𐑴𐑤𐑰𐑱𐑑	diːˈfəʊliːeɪt	RRP	89	𐑛𐑰𐑓𐑴𐑤𐑦𐑱𐑑	ˌdiːˈfəʊlieɪt	
defoliation	𐑛𐑰𐑓𐑴𐑤𐑰𐑱𐑖𐑩𐑯	diːˌfəʊliːˈeɪʃən	RRP	89	𐑛𐑰𐑓𐑴𐑤𐑦𐑱𐑖𐑩𐑯	ˌdiːfəʊlɪˈeɪʃən	
deforest	𐑛𐑦𐑓𐑪𐑮𐑦𐑕𐑑	dɪfɒrɪst	RRP	89	𐑛𐑰𐑓𐑪𐑮𐑦𐑕𐑑	ˌdiːˈfɒrɪst	
deforestation	𐑛𐑦𐑓𐑪𐑮𐑦𐑕𐑑𐑱𐑖𐑩𐑯	dɪfɒrɪsteɪʃən	RRP	89	𐑛𐑰𐑓𐑪𐑮𐑦𐑕𐑑𐑱𐑖𐑩𐑯	diːˌfɒrɪˈsteɪʃən	
degeneracy	𐑛𐑦𐑡𐑧𐑯𐑼𐑼𐑕𐑦	dɪdʒenərəRsi	RRP	89	𐑛𐑦𐑡𐑧𐑯𐑼𐑩𐑕𐑦	dɪˈdʒenərəsi	
degenerative	𐑛𐑦𐑡𐑧𐑯𐑮𐑼𐑑𐑦𐑝	dɪdʒenrəRtɪv	RRP	89	𐑛𐑦𐑡𐑧𐑯𐑼𐑩𐑑𐑦𐑝	dɪˈdʒenərətɪv	
deify	𐑛𐑱𐑦𐑓𐑲	ˈdeɪɪfaɪ	RRP	89	𐑛𐑰𐑦𐑓𐑲	ˈdiːɪfaɪ	
delaware	𐑛𐑧𐑤𐑼𐑢𐑺	deləRweəR	RRP	89	𐑛𐑧𐑤𐑩𐑢𐑺	ˈdeləweəR	
deleterious	𐑛𐑧𐑤𐑦𐑑𐑽𐑦𐑩𐑕	delɪtɪəriəs	RRP	89	𐑛𐑧𐑤𐑦𐑑𐑽𐑾𐑕	ˌdelɪˈtɪərɪəs	
deliberate	𐑛𐑦𐑤𐑦𐑚𐑼𐑼𐑑	dɪlɪbərəRt	RRP	89	𐑛𐑦𐑤𐑦𐑚𐑼𐑩𐑑, 𐑛𐑦𐑤𐑦𐑚𐑼𐑱𐑑	dɪˈlɪbərət	
deliberately	𐑛𐑦𐑤𐑦𐑚𐑮𐑼𐑑𐑤𐑦	dɪlɪbrəRtli	RRP	89	𐑛𐑦𐑤𐑦𐑚𐑼𐑩𐑑𐑤𐑦	dɪˈlɪbərətli	
delight	𐑛𐑩𐑤𐑲𐑑	dəˈlaɪt	RRP	89	𐑛𐑦𐑤𐑲𐑑	dɪˈlaɪt	
delineate	𐑛𐑦𐑤𐑦𐑯𐑰𐑱𐑑	dɪˈlɪniːeɪt	RRP	89	𐑛𐑦𐑤𐑦𐑯𐑦𐑱𐑑	dɪˈlɪnieɪt	
delineation	𐑛𐑰𐑤𐑦𐑯𐑦𐑱𐑖𐑩𐑯	diːlɪniˈeɪʃən	RRP	89	𐑛𐑦𐑤𐑦𐑯𐑦𐑱𐑖𐑩𐑯	dɪˌlɪnɪˈeɪʃən	
delirium	𐑛𐑦𐑤𐑦𐑮𐑦𐑩𐑥	dɪlɪriəm	RRP	89	𐑛𐑦𐑤𐑦𐑮𐑾𐑥	dɪˈlɪrɪəm	
deliverance	𐑛𐑦𐑤𐑦𐑝𐑮𐑼𐑯𐑕	dɪlɪvrəRns	RRP	89	𐑛𐑦𐑤𐑦𐑝𐑼𐑩𐑯𐑕	dɪˈlɪvərəns	
delivery	𐑛𐑦𐑤𐑦𐑝𐑮𐑦	dɪlɪvri	RRP	89	𐑛𐑦𐑤𐑦𐑝𐑼𐑦	dɪˈlɪvəri	
delusion	𐑛𐑦𐑤𐑵𐑠𐑯	dɪˈluːʒn	RRP	89	𐑛𐑦𐑤𐑵𐑠𐑩𐑯	dɪˈluːʒən	
demarcate	𐑛𐑧𐑥𐑸𐑒𐑱𐑑	demɑːRkeɪt	RRP	89	𐑛𐑰𐑥𐑸𐑒𐑱𐑑	ˈdiːmɑːRkeɪt	
demarcation	𐑛𐑧𐑥𐑸𐑒𐑱𐑖𐑩𐑯	demɑːRkeɪʃən	RRP	89	𐑛𐑰𐑥𐑸𐑒𐑱𐑖𐑩𐑯	ˌdiːmɑːRˈkeɪʃən	
demerit	𐑛𐑦𐑥𐑧𐑮𐑦𐑑	dɪmerɪt	RRP	89	𐑛𐑰𐑥𐑧𐑮𐑦𐑑	diːˈmerɪt	
demilitarize	𐑛𐑦𐑥𐑦𐑤𐑦𐑑𐑼𐑲𐑟	dɪmɪlɪtəraɪz	RRP	89	𐑛𐑰𐑥𐑦𐑤𐑦𐑑𐑼𐑲𐑟	ˌdiːˈmɪlɪtəraɪz	
demimonde	𐑛𐑧𐑥𐑰𐑥𐑪𐑯𐑛	ˈdemiːmɒnd	RRP	89	𐑛𐑧𐑥𐑦𐑥𐑪𐑯𐑛	ˌdemɪˈmɒnd	
demob	𐑛𐑦𐑥𐑪𐑚	diˈmɒb	RRP	89	𐑛𐑰𐑥𐑪𐑚	ˌdiːˈmɒb	
demobilization	𐑛𐑰𐑥𐑴𐑚𐑦𐑤𐑲𐑟𐑱𐑖𐑩𐑯	diːˌməʊbɪlaɪˈzeɪʃən	RRP	89	𐑛𐑰𐑥𐑴𐑚𐑩𐑤𐑲𐑟𐑱𐑖𐑩𐑯	diːˌməʊbəlaɪˈzeɪʃən	
demobilize	𐑛𐑰𐑥𐑴𐑚𐑦𐑤𐑲𐑟	diːˈməʊbɪlaɪz	RRP	89	𐑛𐑰𐑥𐑴𐑚𐑩𐑤𐑲𐑟	diːˈməʊbəlaɪz	
democratically	𐑛𐑧𐑥𐑩𐑒𐑮𐑨𐑑𐑦𐑒𐑩𐑤𐑦	deməkrætɪkəli	RRP	89	𐑛𐑧𐑥𐑩𐑒𐑮𐑨𐑑𐑦𐑒𐑤𐑦	ˌdeməˈkrætɪkli	
demolish	𐑛𐑩𐑥𐑪𐑤𐑦𐑖	dəˈmɒlɪʃ	RRP	89	𐑛𐑦𐑥𐑪𐑤𐑦𐑖	dɪˈmɒlɪʃ	
demonetise	𐑛𐑰𐑥𐑳𐑯𐑩𐑑𐑲𐑟	diːˈmʌnətaɪz	RRP	89	𐑛𐑰𐑥𐑳𐑯𐑦𐑑𐑲𐑟	ˌdiːˈmʌnɪtaɪz	
demonetization	𐑛𐑰𐑥𐑳𐑯𐑩𐑑𐑲𐑟𐑱𐑖𐑩𐑯	diːˌmʌnətaɪˈzeɪʃən	RRP	89	𐑛𐑰𐑥𐑳𐑯𐑦𐑑𐑲𐑟𐑱𐑖𐑩𐑯	diːˌmʌnɪtaɪˈzeɪʃən	
demonetize	𐑛𐑰𐑥𐑳𐑯𐑩𐑑𐑲𐑟	diːˈmʌnətaɪz	RRP	89	𐑛𐑰𐑥𐑳𐑯𐑦𐑑𐑲𐑟	ˌdiːˈmʌnɪtaɪz	
demonic	𐑛𐑦𐑥𐑪𐑯𐑦𐑒	dɪˈmɒnɪk	RRP	89	𐑛𐑰𐑥𐑪𐑯𐑦𐑒	diːˈmɒnɪk	
demonstrable	𐑛𐑧𐑥𐑩𐑯𐑕𐑑𐑮𐑩𐑚𐑩𐑤	demənstrəbəl	RRP	89	𐑛𐑦𐑥𐑪𐑯𐑕𐑑𐑮𐑩𐑚𐑩𐑤	dɪˈmɒnstrəbəl	
demoralising	𐑛𐑦𐑥𐑪𐑮𐑼𐑤𐑲𐑟𐑦𐑙	dɪmɒrəRlaɪzɪŋ	RRP	89	𐑛𐑦𐑥𐑪𐑮𐑩𐑤𐑲𐑟𐑦𐑙	dɪˈmɒrəlaɪzɪŋ	
demoralization	𐑛𐑦𐑥𐑪𐑮𐑼𐑤𐑲𐑟𐑱𐑖𐑩𐑯	dɪmɒrəRlaɪzeɪʃən	RRP	89	𐑛𐑦𐑥𐑪𐑮𐑩𐑤𐑲𐑟𐑱𐑖𐑩𐑯	dɪˌmɒrəlaɪˈzeɪʃən	
demoralize	𐑛𐑦𐑥𐑪𐑮𐑼𐑤𐑲𐑟	dɪmɒrəRlaɪz	RRP	89	𐑛𐑦𐑥𐑪𐑮𐑩𐑤𐑲𐑟	dɪˈmɒrəlaɪz	
demure	𐑛𐑦𐑥𐑘𐑩𐑼	dɪmjəəR	RRP	89	𐑛𐑦𐑥𐑘𐑫𐑼	dɪˈmjʊəR	
denationalization	𐑛𐑰𐑯𐑨𐑖𐑯𐑩𐑤𐑲𐑟𐑱𐑖𐑩𐑯	diːˌnæʃnəlaɪˈzeɪʃən	RRP	89	𐑛𐑰𐑯𐑨𐑖𐑩𐑯𐑩𐑤𐑲𐑟𐑱𐑖𐑩𐑯	ˌdiːˌnæʃənəlaɪˈzeɪʃən	
denationalize	𐑛𐑰𐑯𐑨𐑖𐑯𐑩𐑤𐑲𐑟	diːˈnæʃnəlaɪz	RRP	89	𐑛𐑰𐑯𐑨𐑖𐑩𐑯𐑩𐑤𐑲𐑟	ˌdiːˈnæʃənəlaɪz	
denture	𐑛𐑧𐑯𐑑𐑘𐑼	dentjəR	RRP	89	𐑛𐑧𐑯𐑗𐑼	ˈdentʃəR	
deodar	𐑛𐑰𐑴𐑛𐑸	diːəʊdɑːR	RRP	89	𐑛𐑾𐑛𐑸	ˈdɪədɑːR	
deodorant	𐑛𐑦𐑴𐑛𐑼𐑼𐑯𐑑	diəʊdərəRnt	RRP	89	𐑛𐑰𐑴𐑛𐑼𐑩𐑯𐑑	diːˈəʊdərənt	
department	𐑛𐑦𐑐𐑸𐑑𐑥𐑯𐑑	dɪpɑːRtmnt	RRP	89	𐑛𐑦𐑐𐑸𐑑𐑥𐑩𐑯𐑑	dɪˈpɑːRtmənt	
departure	𐑛𐑦𐑐𐑸𐑑𐑘𐑼	dɪpɑːRtjəR	RRP	89	𐑛𐑦𐑐𐑸𐑗𐑼	dɪˈpɑːRtʃəR	
deplorable	𐑛𐑦𐑐𐑤𐑹𐑼𐑚𐑩𐑤	dɪplɔːrəRbəl	RRP	89	𐑛𐑦𐑐𐑤𐑹𐑩𐑚𐑩𐑤	dɪˈplɔːrəbəl	
deportee	𐑛𐑦𐑐𐑹𐑑𐑦	dɪpɔːRti	RRP	89	𐑛𐑰𐑐𐑹𐑑𐑰	ˌdiːpɔːRˈtiː	
depository	𐑛𐑦𐑐𐑪𐑟𐑦𐑑𐑮𐑦	dɪpɒzɪtri	RRP	89	𐑛𐑦𐑐𐑪𐑟𐑦𐑑𐑼𐑦	dɪˈpɒzɪtəri	
depravity	𐑛𐑩𐑐𐑮𐑨𐑝𐑦𐑑𐑦	dəprævɪti	RRP	89	𐑛𐑦𐑐𐑮𐑨𐑝𐑦𐑑𐑦	dɪˈprævɪti	
deprecate	𐑛𐑧𐑐𐑮𐑦𐑒𐑱𐑑	deprɪkeɪt	RRP	89	𐑛𐑧𐑐𐑮𐑩𐑒𐑱𐑑	ˈdeprəkeɪt	
deprecation	𐑛𐑧𐑐𐑮𐑦𐑒𐑱𐑖𐑩𐑯	deprɪkeɪʃən	RRP	89	𐑛𐑧𐑐𐑮𐑩𐑒𐑱𐑖𐑩𐑯	ˌdeprəˈkeɪʃən	
deputation	𐑛𐑧𐑐𐑿𐑑𐑱𐑖𐑩𐑯	ˌdepjuːˈteɪʃən	RRP	89	𐑛𐑧𐑐𐑘𐑩𐑑𐑱𐑖𐑩𐑯	ˌdepjəˈteɪʃən	
derail	𐑛𐑼𐑱𐑤	dəreɪl	RRP	89	𐑛𐑦𐑮𐑱𐑤	dɪˈreɪl	
derelict	𐑛𐑧𐑮𐑼𐑤𐑦𐑒𐑑	derəRlɪkt	RRP	89	𐑛𐑧𐑮𐑩𐑤𐑦𐑒𐑑	ˈderəlɪkt	
dereliction	𐑛𐑧𐑮𐑦𐑤𐑦𐑒𐑖𐑩𐑯	derɪlɪkʃən	RRP	89	𐑛𐑧𐑮𐑩𐑤𐑦𐑒𐑖𐑩𐑯	ˌderəˈlɪkʃən	
derisory	𐑛𐑦𐑮𐑲𐑟𐑼𐑦	dɪraɪzəri	RRP	89	𐑛𐑦𐑮𐑲𐑕𐑼𐑦	dɪˈraɪsəri	
derivation	𐑛𐑧𐑮𐑦𐑝𐑱𐑖𐑯	derɪveɪʃn	RRP	89	𐑛𐑧𐑮𐑦𐑝𐑱𐑖𐑩𐑯	ˌderɪˈveɪʃən	
derive	𐑛𐑼𐑲𐑝	dəraɪv	RRP	89	𐑛𐑦𐑮𐑲𐑝	dɪˈraɪv	
dermatologist	𐑛𐑻𐑥𐑼𐑑𐑪𐑤𐑩𐑡𐑦𐑕𐑑	dɜːRməRtɒlədʒɪst	RRP	89	𐑛𐑻𐑥𐑩𐑑𐑪𐑤𐑩𐑡𐑦𐑕𐑑	ˌdɜːRməˈtɒlədʒɪst	
derogate	𐑛𐑧𐑮𐑼𐑜𐑱𐑑	derəRɡeɪt	RRP	89	𐑛𐑧𐑮𐑩𐑜𐑱𐑑	ˈderəɡeɪt	
derogation	𐑛𐑧𐑮𐑼𐑜𐑱𐑖𐑩𐑯	derəRɡeɪʃən	RRP	89	𐑛𐑧𐑮𐑩𐑜𐑱𐑖𐑩𐑯	ˌderəˈɡeɪʃən	
derogatory	𐑛𐑦𐑮𐑪𐑜𐑼𐑑𐑮𐑦	dɪrɒɡəRtri	RRP	89	𐑛𐑦𐑮𐑪𐑜𐑩𐑑𐑼𐑦	dɪˈrɒɡətəri	
describe	𐑛𐑩𐑕𐑒𐑮𐑲𐑚	dəskraɪb	RRP	89	𐑛𐑦𐑕𐑒𐑮𐑲𐑚	dɪˈskraɪb	
desegregate	𐑛𐑰𐑕𐑧𐑜𐑮𐑩𐑜𐑱𐑑	diːseɡrəɡeɪt	RRP	89	𐑛𐑰𐑕𐑧𐑜𐑮𐑦𐑜𐑱𐑑	ˌdiːˈseɡrɪɡeɪt	
desensitize	𐑛𐑦𐑕𐑧𐑯𐑕𐑦𐑑𐑲𐑟	dɪˈsensɪtaɪz	RRP	89	𐑛𐑰𐑕𐑧𐑯𐑕𐑦𐑑𐑲𐑟	ˌdiːˈsensɪtaɪz	
deserted	𐑛𐑦𐑟𐑻𐑑𐑼𐑛	dɪzɜːRtəRd	RRP	89	𐑛𐑦𐑟𐑻𐑑𐑩𐑛	dɪˈzɜːRtƏd	
deshabille	𐑛𐑧𐑟𐑩𐑚𐑾𐑤	ˈdezəbɪəl	RRP	89	𐑛𐑱𐑟𐑨𐑚𐑰𐑱	ˌdeɪzæˈbiːeɪ	
desideratum	𐑛𐑦𐑕𐑦𐑛𐑼𐑭𐑑𐑩𐑥	dɪsɪdərɑːtəm	RRP	89	𐑛𐑦𐑟𐑦𐑛𐑼𐑭𐑑𐑩𐑥	dɪˌzɪdəˈrɑːtəm	
designate	𐑛𐑧𐑟𐑦𐑜𐑯𐑩𐑑	ˈdezɪɡnət	RRP	89	𐑛𐑧𐑟𐑦𐑜𐑯𐑱𐑑	ˈdezɪɡneɪt	
desirable	𐑛𐑦𐑟𐑲𐑼𐑼𐑚𐑩𐑤	dɪzaɪərəRbəl	RRP	89	𐑛𐑦𐑟𐑲𐑼𐑩𐑚𐑩𐑤	dɪˈzaɪərəbəl	
desist	𐑛𐑦𐑕𐑦𐑕𐑑	dɪˈsɪst	RRP	89	𐑛𐑦𐑟𐑦𐑕𐑑	dɪˈzɪst	
desperate	𐑛𐑧𐑕𐑐𐑮𐑼𐑑	desprəRt	RRP	89	𐑛𐑧𐑕𐑐𐑼𐑩𐑑	ˈdespərət	
desperately	𐑛𐑧𐑕𐑐𐑮𐑼𐑑𐑤𐑦	desprəRtli	RRP	89	𐑛𐑧𐑕𐑐𐑼𐑩𐑑𐑤𐑦	ˈdespərətli	
despotic	𐑛𐑦𐑕𐑐𐑪𐑑𐑦𐑒	disˈpɒtɪk	RRP	89	𐑛𐑧𐑕𐑐𐑪𐑑𐑦𐑒	deˈspɒtɪk	
destructible	𐑛𐑦𐑕𐑑𐑮𐑳𐑒𐑑𐑦𐑚𐑩𐑤	dɪstrʌktɪbəl	RRP	89	𐑛𐑦𐑕𐑑𐑮𐑳𐑒𐑑𐑩𐑚𐑩𐑤	dɪˈstrʌktəbəl	
desuetude	𐑛𐑧𐑕𐑢𐑦𐑑𐑿𐑛	ˈdeswɪtjuːd	RRP	89	𐑛𐑦𐑕𐑵𐑦𐑑𐑵𐑛, 𐑛𐑦𐑕𐑿𐑦𐑑𐑿𐑛	dɪˈsjuːɪtjuːd	
desultory	𐑛𐑧𐑕𐑩𐑤𐑑𐑮𐑦	desəltri	RRP	89	𐑛𐑧𐑕𐑩𐑤𐑑𐑼𐑦	ˈdesəltəri	
detachable	𐑛𐑩𐑑𐑨𐑗𐑩𐑚𐑩𐑤	dətætʃəbəl	RRP	89	𐑛𐑦𐑑𐑨𐑗𐑩𐑚𐑩𐑤	dɪˈtætʃəbəl	
detailed	𐑛𐑦𐑑𐑱𐑤𐑛	dɪˈteɪld	RRP	89	𐑛𐑰𐑑𐑱𐑤𐑛	ˈdiːteɪld	
detainee	𐑛𐑦𐑑𐑱𐑯𐑰	ˌdɪteɪˈniː	RRP	89	𐑛𐑰𐑑𐑱𐑯𐑰	ˌdiːteɪˈniː	
detection	𐑛𐑩𐑑𐑧𐑒𐑖𐑩𐑯	dəˈtekʃən	RRP	89	𐑛𐑦𐑑𐑧𐑒𐑖𐑩𐑯	dɪˈtekʃən	
deterrent	𐑛𐑦𐑑𐑧𐑮𐑼𐑯𐑑	dɪterəRnt	RRP	89	𐑛𐑦𐑑𐑧𐑮𐑩𐑯𐑑	dɪˈterənt	
detrain	𐑛𐑦𐑑𐑮𐑱𐑯	ditreɪn	RRP	89	𐑛𐑰𐑑𐑮𐑱𐑯	ˌdiːˈtreɪn	
deuced	𐑛𐑵𐑕𐑩𐑛	ˈduːsƏd	RRP	89	𐑛𐑵𐑕𐑑, 𐑛𐑿𐑕𐑑	djuːst	
developer	𐑛𐑦𐑝𐑧𐑤𐑼𐑐𐑼	dɪveləRpəR	RRP	89	𐑛𐑦𐑝𐑧𐑤𐑩𐑐𐑼	dɪˈveləpəR	
deviant	𐑛𐑰𐑝𐑦𐑩𐑯𐑑	ˈdiːviənt	RRP	89	𐑛𐑰𐑝𐑾𐑯𐑑	ˈdiːvɪənt	
deviation	𐑛𐑦𐑝𐑦𐑱𐑖𐑩𐑯	diviˈeɪʃən	RRP	89	𐑛𐑰𐑝𐑦𐑱𐑖𐑩𐑯	ˌdiːvɪˈeɪʃən	
device	𐑛𐑩𐑝𐑲𐑕	dəˈvaɪs	RRP	89	𐑛𐑦𐑝𐑲𐑕	dɪˈvaɪs	
devilment	𐑛𐑧𐑝𐑦𐑤𐑥𐑩𐑯𐑑	ˈdevɪlmənt	RRP	89	𐑛𐑧𐑝𐑩𐑤𐑥𐑩𐑯𐑑	ˈdevəlmənt	
devious	𐑛𐑰𐑝𐑦𐑩𐑕	ˈdiːviəs	RRP	89	𐑛𐑰𐑝𐑾𐑕	ˈdiːvɪəs	
dexterous	𐑛𐑧𐑒𐑕𐑑𐑮𐑼𐑕	dekstrəRs	RRP	89	𐑛𐑧𐑒𐑕𐑑𐑮𐑩𐑕	ˈdekstrəs	
dexterously	𐑛𐑧𐑒𐑕𐑑𐑮𐑼𐑕𐑤𐑦	dekstrəRsli	RRP	89	𐑛𐑧𐑒𐑕𐑑𐑮𐑩𐑕𐑤𐑦	ˈdekstrəsli	
diaeresis	𐑛𐑲𐑧𐑮𐑦𐑕𐑦𐑕	daɪerɪsɪs	RRP	89	𐑛𐑲𐑧𐑮𐑩𐑕𐑦𐑕	daɪˈerəsɪs	
diagonally	𐑛𐑲𐑨𐑜𐑯𐑩𐑤𐑦	ˈdaɪæɡnəli	RRP	89	𐑛𐑲𐑨𐑜𐑩𐑯𐑩𐑤𐑦	daɪˈæɡənəli	
diaper	𐑛𐑲𐑐𐑼	daɪpəR	RRP	89	𐑛𐑲𐑩𐑐𐑼	ˈdaɪəpəR	
dietary	𐑛𐑲𐑩𐑑𐑮𐑦	daɪətri	RRP	89	𐑛𐑲𐑩𐑑𐑼𐑦	ˈdaɪətəri	
difference	𐑛𐑦𐑓𐑮𐑼𐑯𐑕	dɪfrəRns	RRP	89	𐑛𐑦𐑓𐑼𐑩𐑯𐑕	ˈdɪfərəns	
different	𐑛𐑦𐑓𐑮𐑼𐑯𐑑	dɪfrəRnt	RRP	89	𐑛𐑦𐑓𐑼𐑩𐑯𐑑	ˈdɪfərənt	
differently	𐑛𐑦𐑓𐑮𐑼𐑯𐑑𐑤𐑦	difrəRntli	RRP	89	𐑛𐑦𐑓𐑼𐑩𐑯𐑑𐑤𐑦	ˈdɪfərəntli	
dignitary	𐑛𐑦𐑜𐑯𐑦𐑑𐑮𐑦	dɪɡnɪtri	RRP	89	𐑛𐑦𐑜𐑯𐑦𐑑𐑼𐑦	ˈdɪɡnɪtəri	
digression	𐑛𐑳𐑦𐑜𐑮𐑧𐑖𐑩𐑯	dʌɪɡreʃən	RRP	89	𐑛𐑲𐑜𐑮𐑧𐑖𐑩𐑯	daɪˈɡreʃən	
dilapidation	𐑛𐑩𐑤𐑨𐑐𐑩𐑛𐑱𐑖𐑩𐑯	dəˌlæpəˈdeɪʃən	RRP	89	𐑛𐑦𐑤𐑨𐑐𐑦𐑛𐑱𐑖𐑩𐑯	dɪˌlæpɪˈdeɪʃən	
dilatory	𐑛𐑦𐑤𐑼𐑑𐑮𐑦	dɪləRtri	RRP	89	𐑛𐑦𐑤𐑩𐑑𐑼𐑦	ˈdɪlətəri	
dilemma	𐑛𐑲𐑤𐑧𐑥𐑩	daɪˈlemə	RRP	89	𐑛𐑦𐑤𐑧𐑥𐑩	dɪˈlemə	
dilettante	𐑛𐑦𐑤𐑩𐑑𐑪𐑯𐑑𐑦	dɪləˈtɒnti	RRP	89	𐑛𐑦𐑤𐑦𐑑𐑨𐑯𐑑𐑦	ˌdɪlɪˈtænti	
dilly-dally	𐑛𐑦𐑤𐑦𐑛𐑨𐑤𐑦	ˈdɪliˌdæli	RRP	89	𐑛𐑦𐑤𐑦-𐑛𐑨𐑤𐑦	ˈdɪli-dæli	
dilute	𐑛𐑲𐑤𐑿𐑑	daɪˈljuːt	RRP	89	𐑛𐑲𐑤𐑵𐑑	daɪˈluːt	
dilution	𐑛𐑲𐑤𐑿𐑖𐑩𐑯	daɪˈljuːʃən	RRP	89	𐑛𐑲𐑤𐑵𐑖𐑩𐑯	daɪˈluːʃən	
dimension	𐑛𐑲𐑥𐑧𐑯𐑖𐑩𐑯	daɪˈmenʃən	RRP	89	𐑛𐑦𐑥𐑧𐑯𐑖𐑩𐑯	dɪˈmenʃən	
diminuendo	𐑛𐑦𐑥𐑦𐑯𐑿𐑧𐑯𐑛𐑴	dɪˌmɪnjuːˈendəʊ	RRP	89	𐑛𐑦𐑥𐑦𐑯𐑘𐑫𐑧𐑯𐑛𐑴	dɪˌmɪnjuˈendəʊ	
diminution	𐑛𐑦𐑥𐑦𐑯𐑿𐑖𐑯	dɪmɪˈnjuːʃn	RRP	89	𐑛𐑦𐑥𐑦𐑯𐑵𐑖𐑩𐑯, 𐑛𐑦𐑥𐑦𐑯𐑿𐑖𐑩𐑯	ˌdɪmɪˈnjuːʃən	
dinghy	𐑛𐑦𐑙𐑦	ˈdɪŋi	RRP	89	𐑛𐑦𐑙𐑜𐑦	ˈdɪŋɡi	
dinosaur	𐑛𐑲𐑯𐑼𐑕𐑹	daɪnəRsɔːR	RRP	89	𐑛𐑲𐑯𐑩𐑕𐑹	ˈdaɪnəsɔːR	
diocesan	𐑛𐑳𐑦𐑪𐑕𐑦𐑕𐑩𐑯	dʌɪˈɒsɪsən	RRP	89	𐑛𐑲𐑪𐑕𐑦𐑕𐑩𐑯	daɪˈɒsɪsən	
diphthong	𐑛𐑦𐑓𐑔𐑷𐑙	ˈdɪfθɔŋ	RRP	89	𐑛𐑦𐑓𐑔𐑪𐑙	ˈdɪfθɒŋ	
dipsomania	𐑛𐑦𐑐𐑕𐑩𐑥𐑱𐑯𐑾	ˌdɪpsəˈmeɪnɪə	RRP	89	𐑛𐑦𐑐𐑕𐑴𐑥𐑱𐑯𐑾	ˌdɪpsəʊˈmeɪnɪə	
dipsomaniac	𐑛𐑦𐑐𐑕𐑩𐑥𐑱𐑯𐑦𐑨𐑒	dɪpsəˈmeɪniæk	RRP	89	𐑛𐑦𐑐𐑕𐑴𐑥𐑱𐑯𐑦𐑨𐑒	ˌdɪpsəʊˈmeɪnɪæk	
directive	𐑛𐑲𐑮𐑧𐑒𐑑𐑦𐑝	daɪrektɪv	RRP	89	𐑛𐑦𐑮𐑧𐑒𐑑𐑦𐑝	dɪˈrektɪv	
directly	𐑛𐑦𐑮𐑧𐑒𐑤𐑦	dɪrekli	RRP	89	𐑛𐑦𐑮𐑧𐑒𐑑𐑤𐑦	dɪˈrektli	
directorate	𐑛𐑲𐑮𐑧𐑒𐑑𐑼𐑩𐑑	daɪrektərət	RRP	89	𐑛𐑦𐑮𐑧𐑒𐑑𐑼𐑩𐑑	dɪˈrektərət	
disambiguation	𐑛𐑦𐑕𐑨𐑥𐑚𐑦𐑜𐑿𐑱𐑖𐑩𐑯	dɪsæmˌbɪɡjuːˈeɪʃən	RRP	89	𐑛𐑦𐑕𐑨𐑥𐑚𐑦𐑜𐑘𐑫𐑱𐑖𐑩𐑯	ˌdɪsæmbɪɡjuˈeɪʃən	
disappearance	𐑛𐑦𐑕𐑩𐑐𐑽𐑼𐑯𐑕	dɪsəpɪərəRns	RRP	89	𐑛𐑦𐑕𐑩𐑐𐑽𐑩𐑯𐑕	ˌdɪsəˈpɪərəns	
disapproval	𐑛𐑦𐑕𐑩𐑐𐑮𐑫𐑝𐑩𐑤	dɪsəpruvəl	RRP	89	𐑛𐑦𐑕𐑩𐑐𐑮𐑵𐑝𐑩𐑤	ˌdɪsəˈpruːvəl	
discernible	𐑛𐑦𐑕𐑻𐑯𐑦𐑚𐑩𐑤	dɪsɜːRnɪbəl	RRP	89	𐑛𐑦𐑕𐑻𐑯𐑩𐑚𐑩𐑤	dɪˈsɜːRnəbəl	
disconcerted	𐑛𐑦𐑕𐑒𐑩𐑯𐑕𐑻𐑑𐑼𐑛	dɪskənsɜːRtəRd	RRP	89	𐑛𐑦𐑕𐑒𐑩𐑯𐑕𐑻𐑑𐑩𐑛	ˌdɪskənˈsɜːRtƏd	
disconcerting	𐑛𐑦𐑕𐑒𐑼𐑯𐑕𐑻𐑑𐑦𐑙	dɪskəRnsɜːRtɪŋ	RRP	89	𐑛𐑦𐑕𐑒𐑩𐑯𐑕𐑻𐑑𐑦𐑙	ˌdɪskənˈsɜːRtɪŋ	
disconcertingly	𐑛𐑦𐑕𐑒𐑼𐑯𐑕𐑻𐑑𐑦𐑙𐑤𐑦	dɪskəRnsɜːRtɪŋli	RRP	89	𐑛𐑦𐑕𐑒𐑩𐑯𐑕𐑻𐑑𐑦𐑙𐑤𐑦	ˌdɪskənˈsɜːRtɪŋli	
disconsolate	𐑛𐑦𐑕𐑒𐑪𐑯𐑕𐑩𐑤𐑦𐑑	dɪsˈkɒnsəlɪt	RRP	89	𐑛𐑦𐑕𐑒𐑪𐑯𐑕𐑩𐑤𐑩𐑑	dɪsˈkɒnsələt	
discontented	𐑛𐑦𐑕𐑒𐑩𐑯𐑑𐑧𐑯𐑑𐑧𐑛	ˌdɪskənˈtented	RRP	89	𐑛𐑦𐑕𐑒𐑩𐑯𐑑𐑧𐑯𐑑𐑩𐑛	ˌdɪskənˈtentƏd	
discontinue	𐑛𐑦𐑕𐑒𐑩𐑯𐑑𐑦𐑯𐑘𐑫	dɪskənˈtɪnju	RRP	89	𐑛𐑦𐑕𐑒𐑩𐑯𐑑𐑦𐑯𐑿	ˌdɪskənˈtɪnjuː	
discountenance	𐑛𐑦𐑕𐑒𐑬𐑯𐑑𐑩𐑯𐑩𐑯𐑕	dɪsˈkaʊntənəns	RRP	89	𐑛𐑦𐑕𐑒𐑬𐑯𐑑𐑦𐑯𐑩𐑯𐑕	dɪsˈkaʊntɪnəns	
discourtesy	𐑛𐑦𐑕𐑒𐑻𐑑𐑩𐑟𐑦	dɪskɜːRtəzi	RRP	89	𐑛𐑦𐑕𐑒𐑻𐑑𐑩𐑕𐑦	dɪsˈkɜːRtəsi	
discretionary	𐑛𐑦𐑕𐑒𐑮𐑧𐑖𐑼𐑯𐑮𐑦	dɪskreʃəRnri	RRP	89	𐑛𐑦𐑕𐑒𐑮𐑧𐑖𐑩𐑯𐑼𐑦	dɪˈskreʃənəri	
discriminatory	𐑛𐑦𐑕𐑒𐑮𐑦𐑥𐑦𐑯𐑼𐑑𐑮𐑦	dɪskrɪmɪnəRtrɪ	RRP	89	𐑛𐑦𐑕𐑒𐑮𐑦𐑥𐑦𐑯𐑩𐑑𐑼𐑦	dɪˈskrɪmɪnətəri	
disembodied	𐑛𐑦𐑕𐑦𐑥𐑚𐑪𐑛𐑰𐑛	dɪsɪmˈbɒdiːd	RRP	89	𐑛𐑦𐑕𐑦𐑥𐑚𐑪𐑛𐑦𐑛	ˌdɪsɪmˈbɒdid	
disengage	𐑛𐑦𐑕𐑦𐑙𐑜𐑱𐑡	ˌdɪsɪŋˈɡeɪdʒ	RRP	89	𐑛𐑦𐑕𐑦𐑯𐑜𐑱𐑡	ˌdɪsɪnˈɡeɪdʒ	
disengagement	𐑛𐑦𐑕𐑦𐑙𐑜𐑱𐑡𐑥𐑩𐑯𐑑	ˌdɪsɪŋˈɡeɪdʒmənt	RRP	89	𐑛𐑦𐑕𐑦𐑯𐑜𐑱𐑡𐑥𐑩𐑯𐑑	ˌdɪsɪnˈɡeɪdʒmənt	
disgusting	𐑛𐑦𐑕𐑒𐑳𐑕𐑑𐑦𐑙	dɪsˈkʌstɪŋ	RRP	89	𐑛𐑦𐑕𐑜𐑳𐑕𐑑𐑦𐑙	dɪsˈɡʌstɪŋ	
dishabille	𐑛𐑦𐑕𐑩𐑚𐑰𐑤	dɪsəˈbiːl	RRP	89	𐑛𐑦𐑕𐑨𐑚𐑰𐑤	ˌdɪsæˈbiːl	
disharmonious	𐑛𐑦𐑕𐑣𐑸𐑥𐑴𐑯𐑦𐑩𐑕	dɪshɑːRməʊniəs	RRP	89	𐑛𐑦𐑕𐑣𐑸𐑥𐑴𐑯𐑾𐑕	ˌdɪshɑːRˈməʊnɪəs	
dishearten	𐑛𐑦𐑕𐑣𐑸𐑑𐑼𐑯	dɪshɑːRtəRn	RRP	89	𐑛𐑦𐑕𐑣𐑸𐑑𐑩𐑯	dɪsˈhɑːRtən	
disillusionment	𐑛𐑦𐑕𐑦𐑤𐑫𐑠𐑩𐑯𐑥𐑩𐑯𐑑	dɪsɪˈluʒənmənt	RRP	89	𐑛𐑦𐑕𐑦𐑤𐑵𐑠𐑩𐑯𐑥𐑩𐑯𐑑	ˌdɪsɪˈluːʒənmənt	
disinclined	𐑛𐑦𐑕𐑦𐑙𐑒𐑤𐑲𐑯𐑛	dɪsɪŋˈklaɪnd	RRP	89	𐑛𐑦𐑕𐑦𐑯𐑒𐑤𐑲𐑯𐑛	ˌdɪsɪnˈklaɪnd	
disinformation	𐑛𐑦𐑕𐑦𐑯𐑓𐑼𐑥𐑱𐑖𐑯	dɪsɪnfəRmeɪʃn	RRP	89	𐑛𐑦𐑕𐑦𐑯𐑓𐑼𐑥𐑱𐑖𐑩𐑯	dɪsˈɪnfəRmeɪʃən	
disinterested	𐑛𐑦𐑕𐑦𐑯𐑑𐑮𐑧𐑕𐑑𐑩𐑛	dɪsɪntrestƏd	RRP	89	𐑛𐑦𐑕𐑦𐑯𐑑𐑮𐑩𐑕𐑑𐑩𐑛	dɪsˈɪntrəstƏd	
disinterestedly	𐑛𐑦𐑕𐑦𐑯𐑑𐑮𐑧𐑕𐑑𐑩𐑛𐑤𐑦	dɪsɪntrestƏdli	RRP	89	𐑛𐑦𐑕𐑦𐑯𐑑𐑮𐑩𐑕𐑑𐑩𐑛𐑤𐑦	dɪsˈɪntrəstƏdli	
dislocate	𐑛𐑦𐑕𐑤𐑴𐑒𐑱𐑑	dɪsləʊˈkeɪt	RRP	89	𐑛𐑦𐑕𐑤𐑩𐑒𐑱𐑑	ˈdɪsləkeɪt	
dislocation	𐑛𐑦𐑕𐑤𐑴𐑒𐑱𐑖𐑩𐑯	dɪsləʊˈkeɪʃən	RRP	89	𐑛𐑦𐑕𐑤𐑩𐑒𐑱𐑖𐑩𐑯	ˌdɪsləˈkeɪʃən	
dismission	𐑛𐑦𐑕𐑥𐑦𐑖𐑯	dɪsˈmɪʃn	RRP	89	𐑛𐑦𐑕𐑥𐑦𐑖𐑩𐑯	dɪsˈmɪʃən	
disobedience	𐑛𐑦𐑕𐑩𐑚𐑰𐑛𐑾𐑯𐑕	dɪsəˈbiːdɪəns	RRP	89	𐑛𐑦𐑕𐑴𐑚𐑰𐑛𐑾𐑯𐑕	ˌdɪsəʊˈbiːdɪəns	
disobedient	𐑛𐑦𐑕𐑩𐑚𐑰𐑛𐑾𐑯𐑑	dɪsəˈbiːdɪənt	RRP	89	𐑛𐑦𐑕𐑴𐑚𐑰𐑛𐑾𐑯𐑑	ˌdɪsəʊˈbiːdɪənt	
disobey	𐑛𐑦𐑕𐑩𐑚𐑱	dɪsəˈbeɪ	RRP	89	𐑛𐑦𐑕𐑴𐑚𐑱	ˌdɪsəʊˈbeɪ	
disorganised	𐑛𐑦𐑕𐑹𐑜𐑼𐑯𐑲𐑟𐑛	dɪsɔːRɡəRnaɪzd	RRP	89	𐑛𐑦𐑕𐑹𐑜𐑩𐑯𐑲𐑟𐑛	ˌdɪsˈɔːRɡənaɪzd	
disorganization	𐑛𐑦𐑕𐑹𐑜𐑼𐑯𐑲𐑟𐑱𐑖𐑩𐑯	dɪsɔːRɡəRnaɪzeɪʃən	RRP	89	𐑛𐑦𐑕𐑹𐑜𐑩𐑯𐑲𐑟𐑱𐑖𐑩𐑯	dɪsˌɔːRɡənaɪˈzeɪʃən	
disorganized	𐑛𐑦𐑕𐑹𐑜𐑼𐑯𐑲𐑟𐑛	dɪsɔːRɡəRnaɪzd	RRP	89	𐑛𐑦𐑕𐑹𐑜𐑩𐑯𐑲𐑟𐑛	ˌdɪsˈɔːRɡənaɪzd	
disorient	𐑛𐑦𐑕𐑹𐑦𐑩𐑯𐑑	dɪsɔːriənt	RRP	89	𐑛𐑦𐑕𐑹𐑾𐑯𐑑	dɪsˈɔːrɪənt	
disorientation	𐑛𐑦𐑕𐑹𐑾𐑯𐑑𐑱𐑖𐑩𐑯	dɪsɔːrɪənteɪʃən	RRP	89	𐑛𐑦𐑟𐑹𐑾𐑯𐑑𐑱𐑖𐑩𐑯	dɪzˌɔːrɪənˈteɪʃən	
disparate	𐑛𐑦𐑕𐑐𐑮𐑼𐑑	dɪsprəRt	RRP	89	𐑛𐑦𐑕𐑐𐑼𐑩𐑑	ˈdɪspərət	
dispossess	𐑛𐑦𐑕𐑐𐑩𐑟𐑩𐑕	dɪspəˈzəs	RRP	89	𐑛𐑦𐑕𐑐𐑩𐑟𐑧𐑕	ˌdɪspəˈzes	
disproportion	𐑛𐑦𐑕𐑐𐑮𐑩𐑐𐑹𐑖𐑼𐑯	dɪsprəpɔːRʃəRn	RRP	89	𐑛𐑦𐑕𐑐𐑮𐑩𐑐𐑹𐑖𐑩𐑯	ˌdɪsprəˈpɔːRʃən	
disproportionate	𐑛𐑦𐑕𐑐𐑮𐑩𐑐𐑹𐑖𐑼𐑯𐑩𐑑	dɪsprəpɔːRʃəRnət	RRP	89	𐑛𐑦𐑕𐑐𐑮𐑩𐑐𐑹𐑖𐑩𐑯𐑩𐑑	ˌdɪsprəˈpɔːRʃənət	
disputatious	𐑛𐑦𐑕𐑐𐑘𐑩𐑑𐑱𐑖𐑩𐑕	ˌdɪspjəˈteɪʃəs	RRP	89	𐑛𐑦𐑕𐑐𐑿𐑑𐑱𐑖𐑩𐑕	ˌdɪspjuːˈteɪʃəs	
disquisition	𐑛𐑦𐑕𐑒𐑢𐑦𐑟𐑦𐑖𐑯	ˌdɪskwɪˈzɪʃn	RRP	89	𐑛𐑦𐑕𐑒𐑢𐑦𐑟𐑦𐑖𐑩𐑯	ˌdɪskwɪˈzɪʃən	
disservice	𐑛𐑦𐑕𐑻𐑝𐑦𐑕	dɪsɜːRvɪs	RRP	89	𐑛𐑦𐑕𐑕𐑻𐑝𐑦𐑕	dɪsˈsɜːRvɪs	
dissever	𐑛𐑦𐑕𐑧𐑝𐑼	dɪsevəR	RRP	89	𐑛𐑦𐑕𐑕𐑧𐑝𐑼	dɪsˈsevəR	
dissociation	𐑛𐑦𐑕𐑴𐑖𐑰𐑱𐑖𐑩𐑯	ˈdɪˌsəʊʃiːeɪʃən	RRP	89	𐑛𐑦𐑕𐑴𐑖𐑦𐑱𐑖𐑩𐑯	dɪˌsəʊʃɪˈeɪʃən	
dissolute	𐑛𐑦𐑕𐑩𐑤𐑿𐑑	ˈdɪsəljuːt	RRP	89	𐑛𐑦𐑕𐑩𐑤𐑵𐑑	ˈdɪsəluːt	
distance	𐑛𐑦𐑕𐑑𐑦𐑯𐑕	ˈdɪstɪns	RRP	89	𐑛𐑦𐑕𐑑𐑩𐑯𐑕	ˈdɪstəns	
distinctiveness	𐑛𐑦𐑕𐑑𐑦𐑙𐑑𐑦𐑝𐑯𐑩𐑕	dɪsˈtɪŋtɪvnəs	RRP	89	𐑛𐑦𐑕𐑑𐑦𐑙𐑒𐑑𐑦𐑝𐑯𐑩𐑕	dɪˈstɪŋktɪvnəs	
distraction	𐑛𐑦𐑕𐑑𐑮𐑨𐑒𐑖𐑯	dɪstrækʃn	RRP	89	𐑛𐑦𐑕𐑑𐑮𐑨𐑒𐑖𐑩𐑯	dɪˈstrækʃən	
distribution	𐑛𐑦𐑕𐑑𐑮𐑩𐑚𐑿𐑖𐑩𐑯	dɪstrəbjuːʃən	RRP	89	𐑛𐑦𐑕𐑑𐑮𐑦𐑚𐑿𐑖𐑩𐑯	ˌdɪstrɪˈbjuːʃən	
disuse	𐑛𐑦𐑕𐑘𐑫𐑕	dɪsˈjus	RRP	89	𐑛𐑦𐑕𐑿𐑕	dɪsˈjuːs	
divers	𐑛𐑲𐑝𐑻𐑟	daɪvɜːRz	RRP	89	𐑛𐑲𐑝𐑼𐑟	ˈdaɪvəRz	
diverted	𐑛𐑲𐑝𐑻𐑑𐑼𐑛	daɪvɜːRtəRd	RRP	89	𐑛𐑲𐑝𐑻𐑑𐑩𐑛	daɪˈvɜːRtƏd	
dna	𐑛𐑰 𐑧𐑯 𐑱	ˌdiː ˌen ˈeɪ	RRP	89	⸰⁠𐑛𐑯𐑨	diːeneɪ	
doctrinal	𐑛𐑪𐑒𐑑𐑮𐑦𐑯𐑩𐑤	dɒktrɪnəl	RRP	89	𐑛𐑪𐑒𐑑𐑮𐑲𐑯𐑩𐑤	dɒkˈtraɪnəl	
documentary	𐑛𐑪𐑒𐑘𐑩𐑥𐑧𐑯𐑑𐑮𐑦	dɒkjəmentri	RRP	89	𐑛𐑪𐑒𐑘𐑩𐑥𐑧𐑯𐑑𐑼𐑦	ˌdɒkjəˈmentəri	
documentation	𐑛𐑪𐑒𐑘𐑩𐑥𐑩𐑯𐑑𐑱𐑖𐑩𐑯	ˌdɒkjəmənˈteɪʃən	RRP	89	𐑛𐑪𐑒𐑘𐑩𐑥𐑧𐑯𐑑𐑱𐑖𐑩𐑯	ˌdɒkjəmenˈteɪʃən	
doggerel	𐑛𐑪𐑜𐑼𐑼𐑤	dɒɡərəRl	RRP	89	𐑛𐑪𐑜𐑼𐑩𐑤	ˈdɒɡərəl	
dolt	𐑛𐑪𐑤𐑑	dɒlt	RRP	89	𐑛𐑴𐑤𐑑	dəʊlt	
domain	𐑛𐑩𐑥𐑱𐑯	dəˈmeɪn	RRP	89	𐑛𐑴𐑥𐑱𐑯	dəʊˈmeɪn	
domiciliary	𐑛𐑪𐑥𐑦𐑕𐑦𐑤𐑦𐑼𐑦	dɒmɪsɪliəri	RRP	89	𐑛𐑪𐑥𐑦𐑕𐑦𐑤𐑽𐑦	ˌdɒmɪˈsɪlɪəri	
dominate	𐑛𐑪𐑥𐑩𐑯𐑱𐑑	ˈdɒməˌneɪt	RRP	89	𐑛𐑪𐑥𐑦𐑯𐑱𐑑	ˈdɒmɪneɪt	
domination	𐑛𐑪𐑥𐑩𐑯𐑱𐑖𐑩𐑯	ˌdɒməˈneɪʃən	RRP	89	𐑛𐑪𐑥𐑦𐑯𐑱𐑖𐑩𐑯	ˌdɒmɪˈneɪʃən	
domineer	𐑛𐑭𐑥𐑦𐑯𐑦𐑮	dɑːmɪnɪr	RRP	89	𐑛𐑪𐑥𐑦𐑯𐑽	ˌdɒmɪˈnɪəR	
dominion	𐑛𐑩𐑥𐑦𐑯𐑘𐑩𐑯	dəˈmɪnjən	RRP	89	𐑛𐑩𐑥𐑦𐑯𐑾𐑯	dəˈmɪnɪən	
donut	𐑛𐑴𐑯𐑩𐑑	ˈdoʊnət	RRP	89	𐑛𐑴𐑯𐑳𐑑	ˈdəʊnʌt	
dormitory	𐑛𐑷𐑮𐑥𐑦𐑑𐑷𐑮𐑦	dɔrmɪtɔri	RRP	89	𐑛𐑹𐑥𐑦𐑑𐑼𐑦	ˈdɔːRmɪtəri	
dos	𐑛𐑪𐑕	dɒs	RRP	89	𐑛𐑵𐑟	duːz	
double-dealing	𐑛𐑳𐑚𐑩𐑤𐑛𐑰𐑤𐑦𐑙	ˌdʌbəlˈdiːlɪŋ	RRP	89	𐑛𐑳𐑚𐑩𐑤-𐑛𐑰𐑤𐑦𐑙	ˌdʌbəl-ˈdiːlɪŋ	
dovecote	𐑛𐑳𐑝𐑒𐑪𐑑	ˈdʌvkɒt	RRP	89	𐑛𐑳𐑝𐑒𐑩𐑑	ˈdʌvkət	
dowager	𐑛𐑬𐑼𐑡𐑼	daʊəRdʒəR	RRP	89	𐑛𐑬𐑩𐑡𐑼	ˈdaʊədʒəR	
dowse	𐑛𐑬𐑕	daʊs	RRP	89	𐑛𐑬𐑟	daʊz	
dowser	𐑛𐑨𐑫𐑟𐑼	dæʊzəR	RRP	89	𐑛𐑬𐑟𐑼	ˈdaʊzəR	
drain	𐑡𐑮𐑱𐑯	dʒreɪn	RRP	89	𐑛𐑮𐑱𐑯	dreɪn	
drainage	𐑛𐑮𐑱𐑯𐑩𐑡	dreɪnədʒ	RRP	89	𐑛𐑮𐑱𐑯𐑦𐑡	ˈdreɪnɪdʒ	
drastic	𐑛𐑮𐑭𐑕𐑑𐑦𐑒	drɑːstɪk	RRP	89	𐑛𐑮𐑨𐑕𐑑𐑦𐑒	ˈdræstɪk	
dreadful	𐑛𐑮𐑧𐑛𐑓𐑫𐑤	dredfʊl	RRP	89	𐑛𐑮𐑧𐑛𐑓𐑩𐑤	ˈdredfəl	
dreadfully	𐑛𐑮𐑧𐑛𐑓𐑫𐑤𐑦	dredfʊli	RRP	89	𐑛𐑮𐑧𐑛𐑓𐑩𐑤𐑦	ˈdredfəli	
drizzle	𐑛𐑮𐑦𐑟𐑤	drɪzl	RRP	89	𐑛𐑮𐑦𐑟𐑩𐑤	ˈdrɪzəl	
dromedary	𐑛𐑮𐑪𐑥𐑦𐑛𐑼𐑦	drɒmɪdəri	RRP	89	𐑛𐑮𐑪𐑥𐑩𐑛𐑼𐑦	ˈdrɒmədəri	
drugget	𐑛𐑮𐑳𐑜𐑦𐑑	drʌɡɪt	RRP	89	𐑛𐑮𐑳𐑜𐑩𐑑	ˈdrʌɡIt	
dryad	𐑛𐑮𐑲𐑩𐑛	draɪəd	RRP	89	𐑛𐑮𐑲𐑨𐑛	ˈdraɪæd	
dubious	𐑛𐑿𐑚𐑦𐑩𐑕	ˈdjuːbiəs	RRP	89	𐑛𐑵𐑚𐑾𐑕, 𐑛𐑿𐑚𐑾𐑕	ˈdjuːbɪəs	
ductility	𐑛𐑳𐑒𐑑𐑦𐑤𐑦𐑛𐑦	dʌkˈtɪlɪdi	RRP	89	𐑛𐑳𐑒𐑑𐑦𐑤𐑦𐑑𐑦	dʌkˈtɪlɪti	
duenna	𐑛𐑫𐑧𐑯𐑩	duˈenə	RRP	89	𐑛𐑵𐑧𐑯𐑩, 𐑛𐑿𐑧𐑯𐑩	djuːˈenə	
duet	𐑛𐑘𐑫𐑧𐑑	djuˈet	RRP	89	𐑛𐑵𐑧𐑑, 𐑛𐑿𐑧𐑑	djuːˈet	
dugong	𐑛𐑿𐑜𐑪𐑙	ˈdjuːɡɒŋ	RRP	89	𐑛𐑵𐑜𐑪𐑙	ˈduːɡɒŋ	
dulcet	𐑛𐑳𐑤𐑕𐑦𐑑	ˈdʌlsɪt	RRP	89	𐑛𐑳𐑤𐑕𐑩𐑑	ˈdʌlsIt	
duma	𐑛𐑫𐑥𐑩	ˈdumə	RRP	89	𐑛𐑵𐑥𐑩	ˈduːmə	
duodenum	𐑛𐑿𐑩𐑛𐑰𐑯𐑩𐑥	ˌdjuːəˈdiːnəm	RRP	89	𐑛𐑵𐑴𐑛𐑰𐑯𐑩𐑥, 𐑛𐑿𐑴𐑛𐑰𐑯𐑩𐑥	ˌdjuːəʊˈdiːnəm	
duplex	𐑛𐑫𐑐𐑤𐑧𐑒𐑕	ˈdupleks	RRP	89	𐑛𐑵𐑐𐑤𐑧𐑒𐑕, 𐑛𐑿𐑐𐑤𐑧𐑒𐑕	ˈdjuːpleks	
durable	𐑛𐑫𐑼𐑼𐑚𐑩𐑤	dʊərəRbəl	RRP	89	𐑛𐑘𐑫𐑼𐑩𐑚𐑩𐑤	ˈdjʊərəbəl	
durance	𐑡𐑫𐑼𐑩𐑯𐑕	dʒʊərəns	RRP	89	𐑛𐑘𐑫𐑼𐑩𐑯𐑕	ˈdjʊərəns	
duration	𐑛𐑘𐑼𐑱𐑖𐑩𐑯	djəreɪʃən	RRP	89	𐑛𐑘𐑫𐑼𐑱𐑖𐑩𐑯	djʊəˈreɪʃən	
duress	𐑛𐑘𐑼𐑧𐑕	djəres	RRP	89	𐑛𐑘𐑫𐑼𐑧𐑕	djʊəˈres	
durham	𐑛𐑳𐑮𐑼𐑥	dʌrəRm	RRP	89	𐑛𐑳𐑮𐑩𐑥	ˈdʌrəm	
durum	𐑛𐑿𐑮𐑼𐑥	djuːrəRm	RRP	89	𐑛𐑘𐑫𐑼𐑩𐑥	ˈdjʊərəm	
duteous	𐑛𐑿𐑑𐑦𐑩𐑕	ˈdjuːtiəs	RRP	89	𐑛𐑵𐑑𐑾𐑕, 𐑛𐑿𐑑𐑾𐑕	ˈdjuːtɪəs	
dynast	𐑛𐑲𐑯𐑨𐑕𐑑	ˈdaɪnæst	RRP	89	𐑛𐑦𐑯𐑩𐑕𐑑	ˈdɪnəst	
dynastic	𐑛𐑲𐑯𐑨𐑕𐑑𐑦𐑒	daɪˈnæstɪk	RRP	89	𐑛𐑦𐑯𐑨𐑕𐑑𐑦𐑒	dɪˈnæstɪk	
dyne	𐑛𐑳𐑦𐑯	dʌɪn	RRP	89	𐑛𐑲𐑯	daɪn	
dyslexia	𐑛𐑦𐑕𐑤𐑧𐑒𐑕𐑦𐑩	dɪsˈleksiə	RRP	89	𐑛𐑦𐑕𐑤𐑧𐑒𐑕𐑾	dɪsˈleksɪə	
dyspepsia	𐑛𐑦𐑕𐑐𐑧𐑐𐑕𐑦𐑩	dɪsˈpepsiə	RRP	89	𐑛𐑦𐑕𐑐𐑧𐑐𐑕𐑾	dɪsˈpepsɪə	
dysphoria	𐑛𐑦𐑕𐑓𐑹𐑦𐑩	dɪsfɔːriə	RRP	89	𐑛𐑦𐑕𐑓𐑹𐑾	dɪsˈfɔːriə	
dyspnea	𐑛𐑦𐑕𐑐𐑯𐑦𐑩	ˈdɪspniə	RRP	89	𐑛𐑦𐑕𐑐𐑯𐑾	dɪspˈniːə	
dystopian	𐑛𐑦𐑕𐑑𐑴𐑐𐑦𐑩𐑯	dɪsˈtoʊpiən	RRP	89	𐑛𐑦𐑕𐑑𐑴𐑐𐑾𐑯	dɪsˈtəʊpiən	
earldom	𐑼𐑤𐑛𐑩𐑥	ərldəm	RRP	89	𐑻𐑤𐑛𐑩𐑥	ˈɜːRldəm	
earlier	𐑻𐑤𐑽	ɜːRlɪəR	RRP	89	𐑻𐑤𐑦𐑼	ˈɜːRlɪəR	
earliest	𐑻𐑤𐑦𐑦𐑕𐑑	ɜːRliɪst	RRP	89	𐑻𐑤𐑦𐑩𐑕𐑑	ˈɜːRliəst	
earnestly	𐑻𐑯𐑦𐑕𐑑𐑤𐑦	ɜːRnɪstli	RRP	89	𐑻𐑯𐑩𐑕𐑑𐑤𐑦	ˈɜːRnəstli	
earnestness	𐑻𐑯𐑦𐑕𐑑𐑯𐑩𐑕	ɜːRnɪstnəs	RRP	89	𐑻𐑯𐑩𐑕𐑑𐑯𐑩𐑕	ˈɜːRnəstnəs	
easel	𐑰𐑟𐑤	ˈiːzl	RRP	89	𐑰𐑟𐑩𐑤	ˈiːzəl	
ebullience	𐑦𐑚𐑫𐑤𐑦𐑩𐑯𐑕	ɪˈbʊliəns	RRP	89	𐑦𐑚𐑳𐑤𐑾𐑯𐑕	ɪˈbʌlɪəns	
ebullient	𐑦𐑚𐑫𐑤𐑘𐑩𐑯𐑑	ɪˈbʊljənt	RRP	89	𐑦𐑚𐑳𐑤𐑾𐑯𐑑	ɪˈbʌlɪənt	
ecarte	𐑧𐑒𐑳𐑮𐑑𐑧	ekʌrte	RRP	89	𐑱𐑒𐑸𐑑𐑱	eɪˈkɑːRteɪ	
ecclesiastic	𐑩𐑒𐑤𐑦𐑟𐑦𐑨𐑕𐑑𐑦𐑒	əkliziˈæstɪk	RRP	89	𐑦𐑒𐑤𐑰𐑟𐑦𐑨𐑕𐑑𐑦𐑒	ɪˌkliːzɪˈæstɪk	
ecclesiastical	𐑩𐑒𐑤𐑰𐑟𐑦𐑨𐑕𐑑𐑦𐑒𐑩𐑤	əˈkliːziˌæstɪkəl	RRP	89	𐑦𐑒𐑤𐑰𐑟𐑦𐑨𐑕𐑑𐑦𐑒𐑩𐑤	ɪˌkliːzɪˈæstɪkəl	
eclectic	𐑧𐑒𐑤𐑧𐑒𐑑𐑦𐑒	ekˈlektɪk	RRP	89	𐑦𐑒𐑤𐑧𐑒𐑑𐑦𐑒	ɪˈklektɪk	
ecology	𐑧𐑒𐑪𐑤𐑩𐑡𐑦	eˈkɒlədʒi	RRP	89	𐑰𐑒𐑪𐑤𐑩𐑡𐑦	iːˈkɒlədʒi	
economical	𐑧𐑒𐑩𐑯𐑪𐑥𐑦𐑒𐑩𐑤	ˌekəˈnɒmɪkəl	RRP	89	𐑰𐑒𐑩𐑯𐑪𐑥𐑦𐑒𐑩𐑤	ˌiːkəˈnɒmɪkəl	
economist	𐑰𐑒𐑪𐑯𐑩𐑥𐑦𐑕𐑑	iːˈkɒnəmɪst	RRP	89	𐑦𐑒𐑪𐑯𐑩𐑥𐑦𐑕𐑑	ɪˈkɒnəmɪst	
economy	𐑰𐑒𐑪𐑯𐑩𐑥𐑦	iːˈkɒnəmi	RRP	89	𐑦𐑒𐑪𐑯𐑩𐑥𐑦	ɪˈkɒnəmi	
ecstatic	𐑧𐑒𐑕𐑑𐑨𐑑𐑦𐑒	ekˈstætɪk	RRP	89	𐑦𐑒𐑕𐑑𐑨𐑑𐑦𐑒	ɪkˈstætɪk	
ectoplasm	𐑧𐑒𐑑𐑩𐑐𐑤𐑨𐑟𐑩𐑥	ˈektəˌplæzəm	RRP	89	𐑧𐑒𐑑𐑴𐑐𐑤𐑨𐑟𐑩𐑥	ˈektəʊplæzəm	
ecumenical	𐑰𐑒𐑘𐑩𐑥𐑧𐑯𐑦𐑒𐑩𐑤	ˌiːkjəˈmenɪkəl	RRP	89	𐑰𐑒𐑿𐑥𐑧𐑯𐑦𐑒𐑩𐑤	ˌiːkjuːˈmenɪkəl	
edible	𐑧𐑛𐑦𐑚𐑩𐑤	ˈedɪbəl	RRP	89	𐑧𐑛𐑩𐑚𐑩𐑤	ˈedəbəl	
educated	𐑧𐑛𐑿𐑒𐑱𐑑𐑩𐑛	ˈedjuːkeɪtƏd	RRP	89	𐑧𐑡𐑩𐑒𐑱𐑑𐑩𐑛	ˈedʒəkeɪtƏd	
education	𐑧𐑡𐑫𐑒𐑱𐑖𐑩𐑯	ˌedʒʊˈkeɪʃən	RRP	89	𐑧𐑡𐑩𐑒𐑱𐑖𐑩𐑯	ˌedʒəˈkeɪʃən	
educational	𐑧𐑡𐑫𐑒𐑱𐑖𐑩𐑯𐑩𐑤	ˌedʒʊˈkeɪʃənəl	RRP	89	𐑧𐑡𐑩𐑒𐑱𐑖𐑩𐑯𐑩𐑤	ˌedʒəˈkeɪʃənəl	
educator	𐑧𐑡𐑫𐑒𐑱𐑑𐑼	edʒʊkeɪtəR	RRP	89	𐑧𐑡𐑩𐑒𐑱𐑑𐑼	ˈedʒəkeɪtəR	
efface	𐑩𐑓𐑱𐑕	əˈfeɪs	RRP	89	𐑦𐑓𐑱𐑕	ɪˈfeɪs	
effigy	𐑧𐑓𐑩𐑡𐑦	ˈefədʒi	RRP	89	𐑧𐑓𐑦𐑡𐑦	ˈefɪdʒi	
effulgent	𐑦𐑓𐑳𐑤𐑡𐑯𐑑	ɪˈfʌldʒnt	RRP	89	𐑦𐑓𐑳𐑤𐑡𐑩𐑯𐑑	ɪˈfʌldʒənt	
egalitarian	𐑦𐑜𐑨𐑤𐑦𐑑𐑺𐑦𐑩𐑯	ɪɡælɪteəriən	RRP	89	𐑦𐑜𐑨𐑤𐑦𐑑𐑺𐑾𐑯	ɪˌɡælɪˈteərɪən	
egress	𐑦𐑜𐑮𐑧𐑕	ɪɡres	RRP	89	𐑰𐑜𐑮𐑧𐑕	ˈiːɡres	
egret	𐑦𐑜𐑮𐑦𐑑	iɡrɪt	RRP	89	𐑰𐑜𐑮𐑩𐑑	ˈiːɡrət	
eightieth	𐑱𐑑𐑦𐑩𐑔	ˈeɪtiəθ	RRP	89	𐑱𐑑𐑾𐑔	ˈeɪtɪəθ	
ejaculation	𐑦𐑡𐑨𐑒𐑘𐑫𐑤𐑱𐑖𐑩𐑯	iˌdʒækjuˈleɪʃən	RRP	89	𐑦𐑡𐑨𐑒𐑘𐑩𐑤𐑱𐑖𐑩𐑯	ɪˌdʒækjəˈleɪʃən	
ejection	𐑩𐑡𐑧𐑒𐑖𐑩𐑯	əˈdʒekʃən	RRP	89	𐑦𐑡𐑧𐑒𐑖𐑩𐑯	ɪˈdʒekʃən	
eldest	𐑧𐑤𐑛𐑦𐑕𐑑	ˈeldɪst	RRP	89	𐑧𐑤𐑛𐑩𐑕𐑑	ˈeldəst	
election	𐑦𐑤𐑧𐑒𐑖𐑯	ɪˈlekʃn	RRP	89	𐑦𐑤𐑧𐑒𐑖𐑩𐑯	ɪˈlekʃən	
electioneering	𐑦𐑤𐑧𐑒𐑖𐑼𐑯𐑽𐑦𐑙	ɪlekʃəRnɪərɪŋ	RRP	89	𐑦𐑤𐑧𐑒𐑖𐑩𐑯𐑽𐑦𐑙	ɪˌlekʃəˈnɪərɪŋ	
electorate	𐑦𐑤𐑧𐑒𐑑𐑼𐑼𐑑	ɪlektərəRt	RRP	89	𐑦𐑤𐑧𐑒𐑑𐑼𐑩𐑑	ɪˈlektərət	
electricity	𐑰𐑤𐑧𐑒𐑑𐑮𐑦𐑕𐑦𐑑𐑦	iːlektrɪsɪti	RRP	89	𐑦𐑤𐑧𐑒𐑑𐑮𐑦𐑕𐑦𐑑𐑦	ɪˌlekˈtrɪsɪti	
electrode	𐑩𐑤𐑧𐑒𐑑𐑮𐑴𐑛	əlektrəʊd	RRP	89	𐑦𐑤𐑧𐑒𐑑𐑮𐑴𐑛	ɪˈlektrəʊd	
electronic	𐑧𐑤𐑧𐑒𐑑𐑮𐑪𐑯𐑦𐑒	elektrɒnɪk	RRP	89	𐑦𐑤𐑧𐑒𐑑𐑮𐑪𐑯𐑦𐑒	ˌɪlekˈtrɒnɪk	
electronically	𐑧𐑤𐑧𐑒𐑑𐑮𐑪𐑯𐑦𐑒𐑤𐑦	elektrɒnɪkli	RRP	89	𐑦𐑤𐑧𐑒𐑑𐑮𐑪𐑯𐑦𐑒𐑤𐑦	ˌɪlekˈtrɒnɪkli	
elegant	𐑧𐑤𐑩𐑜𐑩𐑯𐑑	ˈeləɡənt	RRP	89	𐑧𐑤𐑦𐑜𐑩𐑯𐑑	ˈelɪɡənt	
elegiac	𐑧𐑤𐑩𐑡𐑲𐑩𐑒	ˌeləˈdʒaɪək	RRP	89	𐑧𐑤𐑦𐑡𐑲𐑩𐑒	ˌelɪˈdʒaɪək	
elephant	𐑧𐑤𐑩𐑓𐑩𐑯𐑑	ˈeləfənt	RRP	89	𐑧𐑤𐑦𐑓𐑩𐑯𐑑	ˈelɪfənt	
elephantine	𐑧𐑤𐑩𐑓𐑨𐑯𐑑𐑦𐑯	eləˈfæntin	RRP	89	𐑧𐑤𐑦𐑓𐑩𐑯𐑑𐑲𐑯	ˌelɪˈfəntaɪn	
elevate	𐑧𐑤𐑩𐑝𐑱𐑑	ˈeləveɪt	RRP	89	𐑧𐑤𐑦𐑝𐑱𐑑	ˈelɪveɪt	
elevated	𐑧𐑤𐑩𐑝𐑱𐑑𐑩𐑛	ˈeləveɪtƏd	RRP	89	𐑧𐑤𐑦𐑝𐑱𐑑𐑩𐑛	ˈelɪveɪtƏd	
elevator	𐑧𐑤𐑩𐑝𐑱𐑑𐑼	eləveɪtəR	RRP	89	𐑧𐑤𐑦𐑝𐑱𐑑𐑼	ˈelɪveɪtəR	
eligible	𐑧𐑤𐑦𐑡𐑩𐑚𐑤	ˈelɪdʒəbl	RRP	89	𐑧𐑤𐑦𐑡𐑩𐑚𐑩𐑤	ˈelɪdʒəbəl	
eliminate	𐑦𐑤𐑦𐑥𐑩𐑯𐑱𐑑	ɪˈlɪməneɪt	RRP	89	𐑦𐑤𐑦𐑥𐑦𐑯𐑱𐑑	ɪˈlɪmɪneɪt	
elongate	𐑦𐑤𐑷𐑙𐑜𐑱𐑑	ɪˈlɔŋˌɡeɪt	RRP	89	𐑰𐑤𐑪𐑙𐑜𐑱𐑑	ˈiːlɒŋɡeɪt	
elsewhere	𐑧𐑤𐑕𐑢𐑻𐑼	elsʍɜːRəR	RRP	89	𐑧𐑤𐑕𐑢𐑺	ˌelsˈʍeəR	
elucidate	𐑩𐑤𐑵𐑕𐑦𐑛𐑱𐑑	əˈluːsɪdeɪt	RRP	89	𐑦𐑤𐑵𐑕𐑦𐑛𐑱𐑑	ɪˈluːsɪdeɪt	
elucidation	𐑦𐑤𐑫𐑕𐑦𐑛𐑱𐑖𐑩𐑯	ɪˌlusɪˈdeɪʃən	RRP	89	𐑦𐑤𐑵𐑕𐑦𐑛𐑱𐑖𐑩𐑯	ɪˌluːsɪˈdeɪʃən	
elysian	𐑦𐑤𐑦𐑟𐑦𐑩𐑯	ɪˈlɪziən	RRP	89	𐑦𐑤𐑦𐑟𐑾𐑯	ɪˈlɪzɪən	
elysium	𐑦𐑤𐑦𐑠𐑦𐑩𐑥	ɪˈliʒiəm	RRP	89	𐑦𐑤𐑦𐑟𐑾𐑥	ɪˈlɪzɪəm	
emaciated	𐑩𐑥𐑱𐑖𐑦𐑱𐑑𐑩𐑛	əˈmeɪʃieɪtƏd	RRP	89	𐑦𐑥𐑱𐑖𐑦𐑱𐑑𐑩𐑛	ɪˈmeɪʃieɪtƏd	
embarrassment	𐑦𐑥𐑚𐑨𐑮𐑼𐑕𐑥𐑩𐑯𐑑	ɪmbærəRsmənt	RRP	89	𐑦𐑥𐑚𐑨𐑮𐑩𐑕𐑥𐑩𐑯𐑑	ɪmˈbærəsmənt	
embezzle	𐑩𐑥𐑚𐑧𐑟𐑩𐑤	əmˈbezəl	RRP	89	𐑦𐑥𐑚𐑧𐑟𐑩𐑤	ɪmˈbezəl	
emerald	𐑧𐑥𐑮𐑼𐑤𐑛	emrəRld	RRP	89	𐑧𐑥𐑼𐑩𐑤𐑛	ˈemərəld	
emergence	𐑦𐑥𐑻𐑡𐑯𐑕	ɪmɜːRdʒns	RRP	89	𐑦𐑥𐑻𐑡𐑩𐑯𐑕	ɪˈmɜːRdʒəns	
emetic	𐑩𐑥𐑧𐑑𐑦𐑒	əˈmetɪk	RRP	89	𐑦𐑥𐑧𐑑𐑦𐑒	ɪˈmetɪk	
emirate	𐑧𐑥𐑼𐑼𐑑	emərəRt	RRP	89	𐑧𐑥𐑦𐑮𐑩𐑑	eˈmɪrət	
emissary	𐑧𐑥𐑦𐑕𐑧𐑮𐑦	emɪseri	RRP	89	𐑧𐑥𐑦𐑕𐑼𐑦	ˈemɪsəri	
emitter	𐑩𐑥𐑦𐑑𐑼	əmɪtəR	RRP	89	𐑦𐑥𐑦𐑑𐑼	ɪˈmɪtəR	
emmet	𐑧𐑥𐑦𐑑	ˈemɪt	RRP	89	𐑧𐑥𐑩𐑑	ˈemIt	
emolument	𐑦𐑥𐑪𐑤𐑘𐑩𐑥𐑯𐑑	ɪˈmɒljəmnt	RRP	89	𐑦𐑥𐑪𐑤𐑘𐑩𐑥𐑩𐑯𐑑	ɪˈmɒljəmənt	
emphatically	𐑧𐑥𐑓𐑨𐑑𐑦𐑒𐑤𐑦	emˈfætɪkli	RRP	89	𐑦𐑥𐑓𐑨𐑑𐑦𐑒𐑤𐑦	ɪmˈfætɪkli	
emulsifier	𐑰𐑥𐑳𐑤𐑕𐑦𐑓𐑲𐑼	iːmʌlsɪfaɪəR	RRP	89	𐑦𐑥𐑳𐑤𐑕𐑦𐑓𐑲𐑼	ɪˈmʌlsɪfaɪəR	
enclosed	𐑩𐑯𐑒𐑤𐑴𐑟𐑛	ənˈkləʊzd	RRP	89	𐑦𐑯𐑒𐑤𐑴𐑟𐑛	ɪnˈkləʊzd	
encomium	𐑧𐑙𐑒𐑴𐑥𐑾𐑥	eŋˈkəʊmɪəm	RRP	89	𐑦𐑯𐑒𐑴𐑥𐑾𐑥	ɪnˈkəʊmɪəm	
encroach	𐑦𐑙𐑒𐑮𐑴𐑗	ɪŋkrəʊtʃ	RRP	89	𐑦𐑯𐑒𐑮𐑴𐑗	ɪnˈkrəʊtʃ	
encroachment	𐑦𐑙𐑒𐑮𐑴𐑗𐑥𐑩𐑯𐑑	ɪŋkroʊtʃmənt	RRP	89	𐑦𐑯𐑒𐑮𐑴𐑗𐑥𐑩𐑯𐑑	ɪnˈkrəʊtʃmənt	
encyclical	𐑧𐑯𐑕𐑦𐑒𐑤𐑦𐑒𐑩𐑤	enˈsɪklɪkəl	RRP	89	𐑦𐑯𐑕𐑦𐑒𐑤𐑦𐑒𐑩𐑤	ɪnˈsɪklɪkəl	
encyclopaedia	𐑦𐑯𐑕𐑲𐑒𐑤𐑩𐑐𐑦𐑛𐑦𐑩	ɪnˌsaɪkləˈpidiə	RRP	89	𐑦𐑯𐑕𐑲𐑒𐑤𐑩𐑐𐑰𐑛𐑾	ɪnˌsaɪkləˈpiːdɪə	
encyclopedia	𐑦𐑯𐑕𐑲𐑒𐑤𐑩𐑐𐑦𐑛𐑦𐑩	ɪnˌsaɪkləˈpidiə	RRP	89	𐑦𐑯𐑕𐑲𐑒𐑤𐑩𐑐𐑰𐑛𐑾	ɪnˌsaɪkləˈpiːdɪə	
endanger	𐑩𐑯𐑛𐑱𐑯𐑡𐑼	əndeɪndʒəR	RRP	89	𐑦𐑯𐑛𐑱𐑯𐑡𐑼	ɪnˈdeɪndʒəR	
endocrine	𐑧𐑯𐑛𐑩𐑒𐑮𐑲𐑯	endəkraɪn	RRP	89	𐑧𐑯𐑛𐑴𐑒𐑮𐑲𐑯	ˈendəʊkraɪn	
endorse	𐑦𐑯𐑛𐑷𐑮𐑕	ɪndɔrs	RRP	89	𐑦𐑯𐑛𐑹𐑕	ɪnˈdɔːRs	
enema	𐑧𐑯𐑩𐑥𐑩	ˈenəmə	RRP	89	𐑧𐑯𐑦𐑥𐑩	ˈenɪmə	
enfranchise	𐑧𐑯𐑓𐑮𐑨𐑯𐑗𐑲𐑟	enfræntʃaɪz	RRP	89	𐑦𐑯𐑓𐑮𐑨𐑯𐑗𐑲𐑟	ɪnˈfræntʃaɪz	
englishman	𐑦𐑙𐑤𐑦𐑖𐑥𐑩𐑯	ˈɪŋlɪʃmən	RRP	89	𐑦𐑙𐑜𐑤𐑦𐑖𐑥𐑩𐑯	ˈɪŋɡlɪʃmən	
engraft	𐑦𐑙𐑜𐑮𐑨𐑓𐑑	ɪŋɡræft	RRP	89	𐑦𐑯𐑜𐑮𐑨𐑓𐑑, 𐑦𐑯𐑜𐑮𐑭𐑓𐑑	ɪnˈɡrⱭːft	
engrossed	𐑧𐑯𐑜𐑮𐑴𐑕𐑑	enɡroʊst	RRP	89	𐑦𐑯𐑜𐑮𐑴𐑕𐑑	ɪnˈɡrəʊst	
engrossing	𐑧𐑯𐑜𐑮𐑴𐑕𐑦𐑙	enɡrəʊsɪŋ	RRP	89	𐑦𐑯𐑜𐑮𐑴𐑕𐑦𐑙	ɪnˈɡrəʊsɪŋ	
enjoin	𐑧𐑯𐑡𐑶𐑯	enˈdʒɔɪn	RRP	89	𐑦𐑯𐑡𐑶𐑯	ɪnˈdʒɔɪn	
enjoyable	𐑧𐑯𐑡𐑶𐑘𐑩𐑚𐑩𐑤	enˈdʒɔɪjəbəl	RRP	89	𐑦𐑯𐑡𐑶𐑩𐑚𐑩𐑤	ɪnˈdʒɔɪəbəl	
enjoyment	𐑧𐑯𐑡𐑶𐑥𐑩𐑯𐑑	enˈdʒɔɪmənt	RRP	89	𐑦𐑯𐑡𐑶𐑥𐑩𐑯𐑑	ɪnˈdʒɔɪmənt	
enlightened	𐑩𐑯𐑤𐑲𐑑𐑩𐑯𐑛	ənˈlaɪtənd	RRP	89	𐑦𐑯𐑤𐑲𐑑𐑩𐑯𐑛	ɪnˈlaɪtənd	
enliven	𐑧𐑯𐑤𐑲𐑝𐑩𐑯	enˈlaɪvən	RRP	89	𐑦𐑯𐑤𐑲𐑝𐑩𐑯	ɪnˈlaɪvən	
enquire	𐑦𐑙𐑒𐑢𐑲𐑼	ɪŋkwaɪəR	RRP	89	𐑦𐑯𐑒𐑢𐑲𐑼	ɪnˈkwaɪəR	
ensconce	𐑧𐑯𐑕𐑒𐑪𐑯𐑕	enˈskɒns	RRP	89	𐑦𐑯𐑕𐑒𐑪𐑯𐑕	ɪnˈskɒns	
enshrine	𐑦𐑯𐑖𐑮𐑳𐑦𐑯	ɪnʃrʌɪn	RRP	89	𐑦𐑯𐑖𐑮𐑲𐑯	ɪnˈʃraɪn	
ensign	𐑧𐑯𐑕𐑲𐑯	ˈensaɪn	RRP	89	𐑧𐑯𐑕𐑩𐑯	ˈensən	
ensnare	𐑧𐑯𐑕𐑯𐑺	ensneəR	RRP	89	𐑦𐑯𐑕𐑯𐑺	ɪnˈsneəR	
ensue	𐑧𐑯𐑖𐑵	enˈʃuː	RRP	89	𐑦𐑯𐑕𐑿	ɪnˈsjuː	
entangle	𐑧𐑯𐑑𐑨𐑙𐑜𐑩𐑤	enˈtaŋɡəl	RRP	89	𐑦𐑯𐑑𐑨𐑙𐑜𐑩𐑤	ɪnˈtæŋɡəl	
enthuse	𐑧𐑯𐑔𐑿𐑟	enˈθjuːz	RRP	89	𐑦𐑯𐑔𐑿𐑟	ɪnˈθjuːz	
enthusiasm	𐑦𐑯𐑔𐑿𐑟𐑦𐑨𐑟𐑥	ɪnˈθjuːzɪæzm	RRP	89	𐑦𐑯𐑔𐑿𐑟𐑦𐑨𐑟𐑩𐑥	ɪnˈθjuːzɪæzəm	
entitle	𐑩𐑯𐑑𐑲𐑑𐑩𐑤	ənˈtaɪtəl	RRP	89	𐑦𐑯𐑑𐑲𐑑𐑩𐑤	ɪnˈtaɪtəl	
entitlement	𐑩𐑯𐑑𐑲𐑑𐑩𐑤𐑥𐑩𐑯𐑑	ənˈtaɪtəlmənt	RRP	89	𐑦𐑯𐑑𐑲𐑑𐑩𐑤𐑥𐑩𐑯𐑑	ɪnˈtaɪtəlmənt	
entourage	𐑪𐑯𐑑𐑫𐑮𐑸𐑠	ɒntʊrɑːRʒ	RRP	89	𐑪𐑯𐑑𐑫𐑮𐑭𐑠	ˌɒntuˈrɑːʒ	
entrance	𐑧𐑯𐑑𐑮𐑨𐑯𐑕	entræns	RRP	89	𐑦𐑯𐑑𐑮𐑨𐑯𐑕, 𐑦𐑯𐑑𐑮𐑭𐑯𐑕, 𐑧𐑯𐑑𐑮𐑩𐑯𐑕	ˈentrəns	
entranced	𐑧𐑯𐑑𐑮𐑭𐑯𐑕𐑑	entrɑːnst	RRP	89	𐑦𐑯𐑑𐑮𐑨𐑯𐑕𐑑, 𐑦𐑯𐑑𐑮𐑭𐑯𐑕𐑑	ɪnˈtrⱭːnst	
entrepreneurial	𐑪𐑯𐑑𐑮𐑩𐑐𐑮𐑩𐑯𐑻𐑦𐑼𐑤	ɒntrəprənɜːriəRl	RRP	89	𐑪𐑯𐑑𐑮𐑩𐑐𐑮𐑩𐑯𐑻𐑾𐑤	ˌɒntrəprəˈnɜːrɪəl	
envelop	𐑧𐑯𐑝𐑧𐑤𐑩𐑐	enˈveləp	RRP	89	𐑦𐑯𐑝𐑧𐑤𐑩𐑐	ɪnˈveləp	
enviable	𐑧𐑯𐑝𐑦𐑩𐑚𐑩𐑤	ˈenviəbəl	RRP	89	𐑧𐑯𐑝𐑾𐑚𐑩𐑤	ˈenvɪəbəl	
environ	𐑦𐑯𐑝𐑲𐑮𐑼𐑯	ɪnvaɪrəRn	RRP	89	𐑦𐑯𐑝𐑲𐑮𐑩𐑯	ɪnˈvaɪrən	
environment	𐑦𐑯𐑝𐑲𐑮𐑩𐑥𐑩𐑯𐑑	ɪnvaɪrəmənt	RRP	89	𐑦𐑯𐑝𐑲𐑮𐑩𐑯𐑥𐑩𐑯𐑑	ɪnˈvaɪrənmənt	
envisage	𐑧𐑯𐑝𐑦𐑟𐑦𐑡	enˈvɪzɪdʒ	RRP	89	𐑦𐑯𐑝𐑦𐑟𐑦𐑡	ɪnˈvɪzɪdʒ	
eon	𐑰𐑩𐑯	ˈiːən	RRP	89	𐑰𐑪𐑯	ˈiːɒn	
epee	𐑧𐑐𐑱	ˈepeɪ	RRP	89	𐑱𐑐𐑱	eɪˈpeɪ	
epenthetic	𐑧𐑐𐑩𐑯𐑔𐑧𐑑𐑦𐑒	ˌepənˈθetɪk	RRP	89	𐑧𐑐𐑧𐑯𐑔𐑧𐑑𐑦𐑒	ˌepenˈθetɪk	
ephemeral	𐑧𐑓𐑧𐑥𐑼𐑼𐑤	efemərəRl	RRP	89	𐑦𐑓𐑧𐑥𐑼𐑩𐑤	ɪˈfemərəl	
epidemiology	𐑧𐑐𐑦𐑛𐑰𐑥𐑰𐑪𐑤𐑩𐑡𐑦	ˈepɪdiːmiːɒlədʒi	RRP	89	𐑧𐑐𐑦𐑛𐑰𐑥𐑦𐑪𐑤𐑩𐑡𐑦	ˌepɪdiːmɪˈɒlədʒi	
epidiascope	𐑧𐑐𐑦𐑛𐑳𐑾𐑕𐑒𐑴𐑐	epɪˈdʌɪəskəʊp	RRP	89	𐑧𐑐𐑦𐑛𐑲𐑩𐑕𐑒𐑴𐑐	ˌepɪˈdaɪəskəʊp	
episcopal	𐑩𐑐𐑦𐑕𐑒𐑩𐑐𐑩𐑤	əˈpɪskəpəl	RRP	89	𐑦𐑐𐑦𐑕𐑒𐑩𐑐𐑩𐑤	ɪˈpɪskəpəl	
episcopalian	𐑩𐑐𐑦𐑕𐑒𐑩𐑐𐑱𐑤𐑦𐑩𐑯	əˌpɪskəˈpeɪliən	RRP	89	𐑦𐑐𐑦𐑕𐑒𐑩𐑐𐑱𐑤𐑾𐑯	ɪˌpɪskəˈpeɪlɪən	
epistle	𐑦𐑐𐑦𐑕𐑤	ɪˈpɪsl	RRP	89	𐑦𐑐𐑦𐑕𐑩𐑤	ɪˈpɪsəl	
epistolary	𐑦𐑐𐑦𐑕𐑑𐑤𐑼𐑦	ɪpɪstləri	RRP	89	𐑦𐑐𐑦𐑕𐑑𐑩𐑤𐑼𐑦	ɪˈpɪstələri	
epitome	𐑩𐑐𐑦𐑑𐑩𐑥𐑦	əˈpɪtəmi	RRP	89	𐑦𐑐𐑦𐑑𐑩𐑥𐑦	ɪˈpɪtəmi	
epitomize	𐑩𐑐𐑦𐑑𐑩𐑥𐑲𐑟	əˈpɪtəˌmaɪz	RRP	89	𐑦𐑐𐑦𐑑𐑩𐑥𐑲𐑟	ɪˈpɪtəmaɪz	
equanimity	𐑧𐑒𐑢𐑩𐑯𐑦𐑥𐑦𐑑𐑰	ˌekwəˈnɪmɪtiː	RRP	89	𐑧𐑒𐑢𐑩𐑯𐑦𐑥𐑦𐑑𐑦	ˌekwəˈnɪmɪti	
equation	𐑦𐑒𐑢𐑱𐑖𐑩𐑯	ɪˈkweɪʃən	RRP	89	𐑦𐑒𐑢𐑱𐑠𐑩𐑯	ɪˈkweɪʒən	
equatorial	𐑧𐑒𐑢𐑩𐑑𐑹𐑦𐑩𐑤	ekwətɔːriəl	RRP	89	𐑧𐑒𐑢𐑩𐑑𐑹𐑾𐑤	ˌekwəˈtɔːrɪəl	
equidistant	𐑦𐑒𐑢𐑩𐑛𐑦𐑕𐑑𐑩𐑯𐑑	ikwəˈdɪstənt	RRP	89	𐑰𐑒𐑢𐑦𐑛𐑦𐑕𐑑𐑩𐑯𐑑	ˌiːkwɪˈdɪstənt	
equilibrium	𐑧𐑒𐑢𐑦𐑤𐑦𐑚𐑮𐑾𐑥	ekwɪlɪbrɪəm	RRP	89	𐑰𐑒𐑢𐑦𐑤𐑦𐑚𐑮𐑾𐑥	ˌiːkwɪˈlɪbrɪəm	
equinoctial	𐑧𐑒𐑢𐑦𐑯𐑪𐑒𐑖𐑩𐑤	ekwɪˈnɒkʃəl	RRP	89	𐑰𐑒𐑢𐑦𐑯𐑪𐑒𐑖𐑩𐑤	ˌiːkwɪˈnɒkʃəl	
equinox	𐑧𐑒𐑢𐑦𐑯𐑪𐑒𐑕	ˈekwɪˌnoks	RRP	89	𐑰𐑒𐑢𐑦𐑯𐑪𐑒𐑕	ˈiːkwɪnɒks	
equivocal	𐑩𐑒𐑢𐑦𐑝𐑩𐑒𐑩𐑤	əˈkwɪvəkəl	RRP	89	𐑦𐑒𐑢𐑦𐑝𐑩𐑒𐑩𐑤	ɪˈkwɪvəkəl	
er	𐑻	ɜːR	RRP	89	𐑩𐑩, 𐑼	ˈəə	
erectile	𐑼𐑧𐑒𐑑𐑲𐑤	ərektaɪl	RRP	89	𐑦𐑮𐑧𐑒𐑑𐑲𐑤	ɪˈrektaɪl	
erogenous	𐑼𐑪𐑡𐑦𐑯𐑩𐑕	ərɒdʒɪnəs	RRP	89	𐑦𐑮𐑪𐑡𐑩𐑯𐑩𐑕	ɪˈrɒdʒənəs	
eros	𐑽𐑪𐑕	ɪərɒs	RRP	89	𐑧𐑮𐑪𐑕	ˈerɒs	
erosion	𐑼𐑴𐑠𐑩𐑯	ərəʊʒən	RRP	89	𐑦𐑮𐑴𐑠𐑩𐑯	ɪˈrəʊʒən	
errand	𐑧𐑮𐑼𐑯𐑛	erəRnd	RRP	89	𐑧𐑮𐑩𐑯𐑛	ˈerənd	
errant	𐑧𐑮𐑼𐑯𐑑	erəRnt	RRP	89	𐑧𐑮𐑩𐑯𐑑	ˈerənt	
escapee	𐑧𐑕𐑒𐑩𐑐𐑰	ˈeskəpiː	RRP	89	𐑦𐑕𐑒𐑱𐑐𐑰	ɪˌskeɪˈpiː	
eschew	𐑧𐑕𐑗𐑵	esˈtʃuː	RRP	89	𐑦𐑕𐑗𐑵	ɪˈstʃuː	
esophageal	𐑦𐑕𐑪𐑓𐑩𐑡𐑰𐑩𐑤	ɪˌsɒfəˈdʒiːəl	RRP	89	𐑦𐑕𐑪𐑓𐑩𐑡𐑾𐑤	ɪˌsɒfəˈdʒiːəl	
esoteric	𐑰𐑕𐑴𐑑𐑧𐑮𐑦𐑒	iːsəʊterɪk	RRP	89	𐑧𐑕𐑴𐑑𐑧𐑮𐑦𐑒	ˌesəʊˈterɪk	
espalier	𐑦𐑕𐑐𐑨𐑤𐑽	ɪspalɪəR	RRP	89	𐑦𐑕𐑐𐑨𐑤𐑦𐑱	ɪˈspælieɪ	
especial	𐑧𐑕𐑐𐑧𐑖𐑩𐑤	esˈpeʃəl	RRP	89	𐑦𐑕𐑐𐑧𐑖𐑩𐑤	ɪˈspeʃəl	
especially	𐑦𐑕𐑐𐑧𐑖𐑤𐑦	ɪˈspeʃli	RRP	89	𐑦𐑕𐑐𐑧𐑖𐑩𐑤𐑦	ɪˈspeʃəli	
espionage	𐑧𐑕𐑐𐑦𐑩𐑯𐑭𐑠	ˈespiəˌnɑːʒ	RRP	89	𐑧𐑕𐑐𐑾𐑯𐑭𐑠	ˈespɪənɑːʒ	
esplanade	𐑧𐑕𐑐𐑤𐑩𐑯𐑱𐑛	ˈespləˌneɪd	RRP	89	𐑧𐑕𐑐𐑤𐑩𐑯𐑭𐑛	ˌespləˈnɑːd	
estuary	𐑧𐑕𐑑𐑘𐑩𐑼𐑦	estjəəri	RRP	89	𐑧𐑕𐑗𐑫𐑼𐑦	ˈestʃuəri	
eta	𐑧𐑑𐑩	ˈetə	RRP	89	𐑰𐑑𐑰𐑱	ˌiːˌtiːˈeɪ	
eta	𐑰𐑑𐑩	ˈiːtə	RRP	89	𐑰𐑑𐑰𐑱	ˌiːˌtiːˈeɪ	
eternity	𐑦𐑑𐑻𐑯𐑩𐑑𐑦	ɪtɜːRnəti	RRP	89	𐑦𐑑𐑻𐑯𐑦𐑑𐑦	ɪˈtɜːRnɪti	
ethereal	𐑦𐑔𐑽𐑦𐑩𐑤	ɪθɪəriəl	RRP	89	𐑦𐑔𐑽𐑾𐑤	ɪˈθɪərɪəl	
ethiopian	𐑰𐑔𐑦𐑴𐑐𐑦𐑩𐑯	ˌiːθiˈəʊpiən	RRP	89	𐑰𐑔𐑦𐑴𐑐𐑾𐑯	ˌiːθɪˈəʊpɪən	
ethyl	𐑧𐑔𐑲𐑤	ˈeθaɪl	RRP	89	𐑧𐑔𐑦𐑤	ˈeθɪl	
euphemism	𐑿𐑓𐑩𐑥𐑦𐑟𐑥	ˈjuːfəˌmɪzm	RRP	89	𐑿𐑓𐑩𐑥𐑦𐑟𐑩𐑥	ˈjuːfəmɪzəm	
euphoria	𐑿𐑓𐑹𐑦𐑩	juːfɔːriə	RRP	89	𐑿𐑓𐑹𐑾	juːˈfɔːrɪə	
eureka	𐑘𐑫𐑮𐑦𐑒𐑩	jurikə	RRP	89	𐑘𐑫𐑼𐑰𐑒𐑩	jʊəˈriːkə	
eusebius	𐑘𐑫𐑕𐑦𐑚𐑦𐑩𐑕	juˈsibiəs	RRP	89	𐑿𐑕𐑰𐑚𐑾𐑕	juːˈsiːbiəs	
evanescent	𐑧𐑝𐑩𐑯𐑧𐑕𐑯𐑑	evəˈnesnt	RRP	89	𐑧𐑝𐑩𐑯𐑧𐑕𐑩𐑯𐑑	ˌevəˈnesənt	
even	𐑩𐑝𐑧𐑯	əˈven	RRP	89	𐑰𐑝𐑩𐑯	ˈiːvən	
eventually	𐑦𐑝𐑧𐑯𐑗𐑵𐑩𐑤𐑦	ɪˈventʃuːəli	RRP	89	𐑦𐑝𐑧𐑯𐑗𐑫𐑩𐑤𐑦	ɪˈventʃuəli	
evolution	𐑰𐑝𐑩𐑤𐑵𐑖𐑯	ˌiːvəˈluːʃn	RRP	89	𐑰𐑝𐑩𐑤𐑵𐑖𐑩𐑯	ˌiːvəˈluːʃən	
evolutionary	𐑰𐑝𐑩𐑤𐑵𐑖𐑼𐑯𐑮𐑦	iːvəluːʃəRnri	RRP	89	𐑰𐑝𐑩𐑤𐑵𐑖𐑩𐑯𐑮𐑦	ˌiːvəˈluːʃənri	
exactly	𐑦𐑜𐑟𐑨𐑒𐑤𐑦	ɪɡˈzækli	RRP	89	𐑦𐑜𐑟𐑨𐑒𐑑𐑤𐑦	ɪɡˈzæktli	
exaggerate	𐑧𐑜𐑟𐑨𐑡𐑼𐑱𐑑	eɡzædʒəreɪt	RRP	89	𐑦𐑜𐑟𐑨𐑡𐑼𐑱𐑑	ɪɡˈzædʒəreɪt	
exasperate	𐑦𐑜𐑟𐑨𐑕𐑐𐑮𐑱𐑑	ɪɡzæspreɪt	RRP	89	𐑦𐑜𐑟𐑨𐑕𐑐𐑼𐑱𐑑	ɪɡˈzæspəreɪt	
exception	𐑩𐑒𐑕𐑧𐑐𐑖𐑩𐑯	əkˈsepʃən	RRP	89	𐑦𐑒𐑕𐑧𐑐𐑖𐑩𐑯	ɪkˈsepʃən	
excess	𐑩𐑒𐑕𐑧𐑕	əkˈses	RRP	89	𐑦𐑒𐑕𐑧𐑕, 𐑧𐑒𐑕𐑧𐑕	ˈekses	
exclaim	𐑧𐑒𐑕𐑒𐑤𐑱𐑥	ekˈskleɪm	RRP	89	𐑦𐑒𐑕𐑒𐑤𐑱𐑥	ɪkˈskleɪm	
exclamation	𐑧𐑒𐑕𐑒𐑤𐑩𐑥𐑱𐑖𐑯	ˌekskləˈmeɪʃn	RRP	89	𐑧𐑒𐑕𐑒𐑤𐑩𐑥𐑱𐑖𐑩𐑯	ˌekskləˈmeɪʃən	
exclamatory	𐑧𐑒𐑕𐑒𐑤𐑨𐑥𐑼𐑑𐑷𐑮𐑦	eksklæməRtɔri	RRP	89	𐑦𐑒𐑕𐑒𐑤𐑨𐑥𐑩𐑑𐑼𐑦	ɪkˈsklæmətəri	
exclusive	𐑦𐑒𐑕𐑒𐑤𐑫𐑕𐑦𐑝	ɪkˈsklusɪv	RRP	89	𐑦𐑒𐑕𐑒𐑤𐑵𐑕𐑦𐑝	ɪkˈskluːsɪv	
excommunicate	𐑧𐑒𐑕𐑒𐑩𐑥𐑿𐑯𐑦𐑒𐑩𐑑	ˌekskəˈmjuːnɪkət	RRP	89	𐑧𐑒𐑕𐑒𐑩𐑥𐑿𐑯𐑦𐑒𐑱𐑑	ˌekskəˈmjuːnɪkeɪt	
excoriate	𐑦𐑒𐑕𐑒𐑷𐑮𐑦𐑱𐑑	ɪkskɔrieɪt	RRP	89	𐑦𐑒𐑕𐑒𐑹𐑦𐑱𐑑	ɪkˈskɔːrieɪt	
excoriation	𐑧𐑒𐑕𐑒𐑷𐑮𐑦𐑱𐑖𐑩𐑯	ekskɔrieɪʃən	RRP	89	𐑦𐑒𐑕𐑒𐑹𐑦𐑱𐑖𐑩𐑯	ɪkˌskɔːrɪˈeɪʃən	
excrescence	𐑧𐑒𐑕𐑒𐑮𐑧𐑕𐑩𐑯𐑕	ekskresəns	RRP	89	𐑦𐑒𐑕𐑒𐑮𐑧𐑕𐑩𐑯𐑕	ɪkˈskresəns	
excrete	𐑧𐑒𐑕𐑒𐑮𐑰𐑑	ekskriːt	RRP	89	𐑦𐑒𐑕𐑒𐑮𐑰𐑑	ɪkˈskriːt	
excruciating	𐑧𐑒𐑕𐑒𐑮𐑵𐑖𐑰𐑱𐑑𐑦𐑙	ekskruːʃiːeɪtɪŋ	RRP	89	𐑦𐑒𐑕𐑒𐑮𐑵𐑖𐑦𐑱𐑑𐑦𐑙	ɪkˈskruːʃieɪtɪŋ	
excruciatingly	𐑧𐑒𐑕𐑒𐑮𐑵𐑖𐑰𐑱𐑑𐑦𐑙𐑤𐑦	ekskruːʃiːeɪtɪŋli	RRP	89	𐑦𐑒𐑕𐑒𐑮𐑵𐑖𐑦𐑱𐑑𐑦𐑙𐑤𐑦	ɪkˈskruːʃieɪtɪŋli	
exculpate	𐑧𐑒𐑕𐑒𐑩𐑤𐑐𐑱𐑑	ˈekskəlpeɪt	RRP	89	𐑧𐑒𐑕𐑒𐑳𐑤𐑐𐑱𐑑	ˈekskʌlpeɪt	
excursion	𐑧𐑒𐑕𐑒𐑻𐑠𐑩𐑯	ekskɜːRʒən	RRP	89	𐑦𐑒𐑕𐑒𐑻𐑠𐑩𐑯	ɪkˈskɜːRʒən	
execrable	𐑧𐑒𐑕𐑦𐑒𐑮𐑩𐑚𐑤	eksɪkrəbl	RRP	89	𐑧𐑒𐑕𐑦𐑒𐑮𐑩𐑚𐑩𐑤	ˈeksɪkrəbəl	
exemplary	𐑧𐑜𐑟𐑧𐑥𐑐𐑤𐑼𐑦	eɡzempləri	RRP	89	𐑦𐑜𐑟𐑧𐑥𐑐𐑤𐑼𐑦	ɪɡˈzempləri	
exemplify	𐑧𐑜𐑟𐑧𐑥𐑐𐑤𐑦𐑓𐑲	eɡˈzemplɪfaɪ	RRP	89	𐑦𐑜𐑟𐑧𐑥𐑐𐑤𐑦𐑓𐑲	ɪɡˈzemplɪfaɪ	
exhaustive	𐑧𐑜𐑟𐑷𐑕𐑑𐑦𐑝	eɡˈzɔːstɪv	RRP	89	𐑦𐑜𐑟𐑷𐑕𐑑𐑦𐑝	ɪɡˈzɔːstɪv	
exhaustively	𐑧𐑜𐑟𐑷𐑕𐑑𐑦𐑝𐑤𐑦	eɡˈzɔːstɪvli	RRP	89	𐑦𐑜𐑟𐑷𐑕𐑑𐑦𐑝𐑤𐑦	ɪɡˈzɔːstɪvli	
exhort	𐑧𐑜𐑟𐑹𐑑	eɡzɔːRt	RRP	89	𐑦𐑜𐑟𐑹𐑑	ɪɡˈzɔːRt	
exhume	𐑧𐑒𐑕𐑿𐑥	eksˈjuːm	RRP	89	𐑧𐑒𐑕𐑣𐑿𐑥	eksˈhjuːm	
exigent	𐑧𐑒𐑕𐑦𐑡𐑩𐑯𐑑	ˈeksɪdʒənt	RRP	89	𐑧𐑜𐑟𐑦𐑡𐑩𐑯𐑑	ˈeɡzɪdʒənt	
exiguous	𐑦𐑜𐑟𐑦𐑜𐑘𐑫𐑩𐑕	ɪɡˈzɪɡjuəs	RRP	89	𐑧𐑜𐑟𐑦𐑜𐑘𐑫𐑩𐑕	eɡˈzɪɡjuəs	
exile	𐑧𐑜𐑟𐑲𐑤	ˈeɡˌzaɪl	RRP	89	𐑧𐑒𐑕𐑲𐑤	ˈeksaɪl	
existence	𐑧𐑜𐑟𐑦𐑕𐑑𐑩𐑯𐑕	eɡˈzɪstəns	RRP	89	𐑦𐑜𐑟𐑦𐑕𐑑𐑩𐑯𐑕	ɪɡˈzɪstəns	
exordium	𐑧𐑜𐑟𐑹𐑛𐑾𐑥	eɡzɔːRdɪəm	RRP	89	𐑧𐑒𐑕𐑹𐑛𐑾𐑥	ekˈsɔːRdiəm	
expand	𐑧𐑒𐑕𐑐𐑨𐑯𐑛	ekˈspænd	RRP	89	𐑦𐑒𐑕𐑐𐑨𐑯𐑛	ɪkˈspænd	
expedience	𐑧𐑒𐑕𐑐𐑰𐑛𐑾𐑯𐑕	ekspiːdɪəns	RRP	89	𐑦𐑒𐑕𐑐𐑰𐑛𐑾𐑯𐑕	ɪkˈspiːdɪəns	
expediency	𐑧𐑒𐑕𐑐𐑰𐑛𐑾𐑯𐑕𐑦	ekˈspiːdɪənsi	RRP	89	𐑦𐑒𐑕𐑐𐑰𐑛𐑾𐑯𐑕𐑦	ɪkˈspiːdɪənsi	
expedient	𐑦𐑒𐑕𐑐𐑰𐑛𐑦𐑩𐑯𐑑	ɪkˈspiːdiənt	RRP	89	𐑦𐑒𐑕𐑐𐑰𐑛𐑾𐑯𐑑	ɪkˈspiːdɪənt	
expedite	𐑧𐑒𐑕𐑐𐑩𐑛𐑲𐑑	ˈekspəˌdaɪt	RRP	89	𐑧𐑒𐑕𐑐𐑦𐑛𐑲𐑑	ˈekspɪdaɪt	
expedition	𐑧𐑒𐑕𐑐𐑩𐑛𐑦𐑖𐑩𐑯	ekspəˈdɪʃən	RRP	89	𐑧𐑒𐑕𐑐𐑦𐑛𐑦𐑖𐑩𐑯	ˌekspɪˈdɪʃən	
expeditiously	𐑧𐑒𐑕𐑐𐑩𐑛𐑦𐑖𐑩𐑕𐑤𐑦	ekspəˈdɪʃəsli	RRP	89	𐑧𐑒𐑕𐑐𐑦𐑛𐑦𐑖𐑩𐑕𐑤𐑦	ˌekspɪˈdɪʃəsli	
expenditure	𐑧𐑒𐑕𐑐𐑧𐑯𐑛𐑦𐑗𐑼	ekspendɪtʃəR	RRP	89	𐑦𐑒𐑕𐑐𐑧𐑯𐑛𐑦𐑗𐑼	ɪkˈspendɪtʃəR	
expertise	𐑧𐑒𐑕𐑐𐑼𐑑𐑰𐑟	ekspəRtiːz	RRP	89	𐑧𐑒𐑕𐑐𐑻𐑑𐑰𐑟	ˌekspɜːRˈtiːz	
explanatory	𐑦𐑒𐑕𐑐𐑤𐑨𐑯𐑼𐑑𐑮𐑦	ɪksplanəRtri	RRP	89	𐑦𐑒𐑕𐑐𐑤𐑨𐑯𐑩𐑑𐑼𐑦	ɪkˈsplænətəri	
explicable	𐑦𐑒𐑕𐑐𐑤𐑦𐑒𐑩𐑚𐑩𐑤	ɪkˈsplɪkəbəl	RRP	89	𐑧𐑒𐑕𐑐𐑤𐑦𐑒𐑩𐑚𐑩𐑤	ekˈsplɪkəbəl	
explorer	𐑧𐑒𐑕𐑐𐑤𐑹𐑼	eksplɔːrəR	RRP	89	𐑦𐑒𐑕𐑐𐑤𐑹𐑼	ɪkˈsplɔːrəR	
exponent	𐑧𐑒𐑕𐑐𐑴𐑯𐑩𐑯𐑑	ekˈspəʊnənt	RRP	89	𐑦𐑒𐑕𐑐𐑴𐑯𐑩𐑯𐑑	ɪkˈspəʊnənt	
exponential	𐑧𐑒𐑕𐑐𐑴𐑯𐑧𐑯𐑗𐑩𐑤	ˌekspəʊˈnentʃəl	RRP	89	𐑧𐑒𐑕𐑐𐑩𐑯𐑧𐑯𐑖𐑩𐑤	ˌekspəˈnenʃəl	
expunge	𐑧𐑒𐑕𐑐𐑳𐑯𐑡	eksˈpʌndʒ	RRP	89	𐑦𐑒𐑕𐑐𐑳𐑯𐑡	ɪkˈspʌndʒ	
extemporaneous	𐑧𐑒𐑕𐑑𐑧𐑥𐑐𐑻𐑱𐑯𐑦𐑩𐑕	ekstempɜːReɪniəs	RRP	89	𐑦𐑒𐑕𐑑𐑧𐑥𐑐𐑼𐑱𐑯𐑾𐑕	ɪkˌstempəˈreɪnɪəs	
extempore	𐑧𐑒𐑕𐑑𐑧𐑥𐑐𐑼𐑦	ekstempəri	RRP	89	𐑦𐑒𐑕𐑑𐑧𐑥𐑐𐑼𐑦	ɪkˈstempəri	
extemporise	𐑩𐑒𐑕𐑑𐑧𐑥𐑐𐑼𐑲𐑟	əkstempəraɪz	RRP	89	𐑦𐑒𐑕𐑑𐑧𐑥𐑐𐑼𐑲𐑟	ɪkˈstempəraɪz	
extend	𐑧𐑒𐑕𐑑𐑧𐑯𐑛	ekˈstend	RRP	89	𐑦𐑒𐑕𐑑𐑧𐑯𐑛	ɪkˈstend	
extended	𐑧𐑒𐑕𐑑𐑧𐑯𐑛𐑩𐑛	ekˈstendƏd	RRP	89	𐑦𐑒𐑕𐑑𐑧𐑯𐑛𐑩𐑛	ɪkˈstendƏd	
extensive	𐑧𐑒𐑕𐑑𐑧𐑯𐑕𐑦𐑝	eksˈtensɪv	RRP	89	𐑦𐑒𐑕𐑑𐑧𐑯𐑕𐑦𐑝	ɪkˈstensɪv	
exteriorize	𐑦𐑒𐑕𐑑𐑦𐑮𐑦𐑼𐑲𐑟	ɪkstɪriəraɪz	RRP	89	𐑦𐑒𐑕𐑑𐑽𐑽𐑲𐑟	ɪksˈtɪərɪəraɪz	
extinguish	𐑦𐑒𐑕𐑑𐑦𐑙𐑜𐑢𐑦𐑖	ɪkˈstɪŋɡwɪʃ	RRP	89	𐑦𐑒𐑕𐑑𐑦𐑙𐑢𐑦𐑖	ɪkˈstɪŋwɪʃ	
extortion	𐑦𐑒𐑕𐑑𐑹𐑖𐑯	ɪkstɔːRʃn	RRP	89	𐑦𐑒𐑕𐑑𐑹𐑖𐑩𐑯	ɪkˈstɔːRʃən	
extortionate	𐑧𐑒𐑕𐑑𐑹𐑖𐑩𐑯𐑩𐑑	ekstɔːRʃənət	RRP	89	𐑦𐑒𐑕𐑑𐑹𐑖𐑩𐑯𐑩𐑑	ɪkˈstɔːRʃənət	
extraneous	𐑧𐑒𐑕𐑑𐑮𐑱𐑯𐑦𐑩𐑕	ekstreɪniəs	RRP	89	𐑦𐑒𐑕𐑑𐑮𐑱𐑯𐑾𐑕	ɪkˈstreɪnɪəs	
extraordinary	𐑦𐑒𐑕𐑑𐑮𐑹𐑛𐑦𐑯𐑼𐑦	ɪkstrɔːRdɪnəri	RRP	89	𐑦𐑒𐑕𐑑𐑮𐑹𐑛𐑩𐑯𐑼𐑦	ɪkˈstrɔːRdənəri	
extrapolate	𐑧𐑒𐑕𐑑𐑮𐑨𐑐𐑩𐑤𐑱𐑑	ekstræpəleɪt	RRP	89	𐑦𐑒𐑕𐑑𐑮𐑨𐑐𐑩𐑤𐑱𐑑	ɪkˈstræpəleɪt	
extraterritorial	𐑧𐑒𐑕𐑑𐑮𐑩𐑑𐑧𐑮𐑦𐑑𐑹𐑦𐑼𐑤	ekstrəterɪtɔːriəRl	RRP	89	𐑧𐑒𐑕𐑑𐑮𐑩𐑑𐑧𐑮𐑦𐑑𐑹𐑾𐑤	ˌekstrəˌterɪˈtɔːrɪəl	
extrinsic	𐑧𐑒𐑕𐑑𐑮𐑦𐑯𐑟𐑦𐑒	ekstrɪnzɪk	RRP	89	𐑧𐑒𐑕𐑑𐑮𐑦𐑯𐑕𐑦𐑒	ekˈstrɪnsɪk	
exuberance	𐑧𐑒𐑕𐑿𐑚𐑻𐑩𐑯𐑕	eksjuːbɜːrəns	RRP	89	𐑦𐑜𐑟𐑵𐑚𐑼𐑩𐑯𐑕	ɪɡˈzuːbərəns	
exuberant	𐑦𐑜𐑟𐑵𐑚𐑼𐑼𐑯𐑑	ɪɡzuːbərəRnt	RRP	89	𐑦𐑜𐑟𐑵𐑚𐑼𐑩𐑯𐑑	ɪɡˈzuːbərənt	
exude	𐑦𐑜𐑟𐑿𐑛	ɪɡˈzjuːd	RRP	89	𐑦𐑜𐑟𐑵𐑛	ɪɡˈzuːd	
eyelid	𐑲𐑤𐑩𐑛	ˈaɪlƏd	RRP	89	𐑲𐑤𐑦𐑛	ˈaɪlɪd	
eyrie	𐑽𐑦	ɪəri	RRP	89	𐑺𐑦	ˈeəri	
fabian	𐑓𐑱𐑚𐑦𐑩𐑯	ˈfeɪbiən	RRP	89	𐑓𐑱𐑚𐑾𐑯	ˈfeɪbɪən	
facet	𐑓𐑨𐑕𐑦𐑑	ˈfæsɪt	RRP	89	𐑓𐑨𐑕𐑩𐑑	ˈfæsIt	
facile	𐑓𐑨𐑕𐑳𐑦𐑤	ˈfasʌɪl	RRP	89	𐑓𐑨𐑕𐑲𐑤	ˈfæsaɪl	
facsimile	𐑓𐑨𐑒𐑕𐑦𐑥𐑩𐑤𐑦	fækˈsɪməli	RRP	89	𐑓𐑨𐑒𐑕𐑦𐑥𐑦𐑤𐑦	fækˈsɪmɪli	
fahrenheit	𐑓𐑸𐑩𐑯𐑣𐑲𐑑	fɑːrənhaɪt	RRP	89	𐑓𐑨𐑮𐑩𐑯𐑣𐑲𐑑	ˈfærənhaɪt	
fail-safe	𐑓𐑱𐑤𐑕𐑱𐑓	ˈfeɪlˌseɪf	RRP	89	𐑓𐑱𐑤-𐑕𐑱𐑓	ˈfeɪl-seɪf	
fair-minded	𐑓𐑻𐑥𐑲𐑯𐑛𐑩𐑛	fɜːRmaɪndƏd	RRP	89	𐑓𐑺-𐑥𐑲𐑯𐑛𐑩𐑛	feəR-ˈmaɪndƏd	
fakir	𐑓𐑼𐑒𐑦𐑮	fəRkir	RRP	89	𐑓𐑭𐑒𐑽	ˈfɑːkɪəR	
falcon	𐑓𐑷𐑒𐑩𐑯	ˈfɔːkən	RRP	89	𐑓𐑷𐑤𐑒𐑩𐑯	ˈfɔːlkən	
falconer	𐑓𐑪𐑤𐑒𐑼𐑯𐑼	fɒlkəRnəR	RRP	89	𐑓𐑷𐑤𐑒𐑩𐑯𐑼	ˈfɔːlkənəR	
falsehood	𐑓𐑪𐑤𐑕𐑣𐑫𐑛	ˈfɒlsˌhʊd	RRP	89	𐑓𐑷𐑤𐑕𐑣𐑫𐑛	ˈfɔːlshʊd	
falsify	𐑓𐑪𐑤𐑕𐑦𐑓𐑲	ˈfɒlsɪfaɪ	RRP	89	𐑓𐑷𐑤𐑕𐑦𐑓𐑲	ˈfɔːlsɪfaɪ	
familial	𐑓𐑩𐑥𐑦𐑤𐑘𐑩𐑤	fəˈmɪljəl	RRP	89	𐑓𐑩𐑥𐑦𐑤𐑾𐑤	fəˈmɪliəl	
familiar	𐑓𐑩𐑥𐑦𐑤𐑦𐑼	fəmɪliəR	RRP	89	𐑓𐑩𐑥𐑦𐑤𐑽	fəˈmɪlɪəR	
family	𐑓𐑨𐑥𐑤𐑦	ˈfæmli	RRP	89	𐑓𐑨𐑥𐑦𐑤𐑦	ˈfæmɪli	
fang	𐑓𐑪𐑙	ˈfɒŋ	RRP	89	𐑓𐑨𐑙	fæŋ	
farinaceous	𐑓𐑨𐑮𐑼𐑯𐑱𐑖𐑩𐑕	færəRneɪʃəs	RRP	89	𐑓𐑨𐑮𐑦𐑯𐑱𐑖𐑩𐑕	ˌfærɪˈneɪʃəs	
farmhouse	𐑓𐑸𐑥𐑣𐑨𐑫𐑕	fɑːRmhaus	RRP	89	𐑓𐑸𐑥𐑣𐑬𐑕	ˈfɑːRmhaʊs	
farthest	𐑓𐑸𐑞𐑦𐑕𐑑	fɑːRðɪst	RRP	89	𐑓𐑸𐑞𐑩𐑕𐑑	ˈfɑːRðəst	
fascia	𐑓𐑨𐑖𐑩	ˈfæʃə	RRP	89	𐑓𐑱𐑖𐑩	ˈfeɪʃə	
fascism	𐑓𐑨𐑖𐑦𐑟𐑥	ˈfæʃɪzm	RRP	89	𐑓𐑨𐑖𐑦𐑟𐑩𐑥	ˈfæʃɪzəm	
fastener	𐑓𐑭𐑕𐑼𐑯𐑼	fɑːsəRnəR	RRP	89	𐑓𐑨𐑕𐑩𐑯𐑼, 𐑓𐑭𐑕𐑩𐑯𐑼	ˈfⱭːsənəR	
fastidious	𐑓𐑨𐑕𐑑𐑦𐑛𐑦𐑩𐑕	fæˈstɪdiəs	RRP	89	𐑓𐑩𐑕𐑑𐑦𐑛𐑾𐑕	fəˈstɪdɪəs	
fatality	𐑓𐑩𐑑𐑨𐑤𐑩𐑑𐑦	fəˈtælətɪ	RRP	89	𐑓𐑩𐑑𐑨𐑤𐑦𐑑𐑦	fəˈtælɪti	
father-in-law	𐑓𐑭𐑞𐑼𐑦𐑯𐑤𐑷	fɑːðərɪnlɔː	RRP	89	𐑓𐑭𐑞𐑼-𐑦𐑯-𐑤𐑷	ˈfɑːðər-ɪn-lɔː	
fatigues	𐑓𐑩𐑑𐑦-𐑜𐑟	fəˈti-ɡz	RRP	89	𐑓𐑩𐑑𐑰𐑜𐑟	fəˈtiːɡz	
fattening	𐑓𐑨𐑑𐑯𐑦𐑙	ˈfætnɪŋ	RRP	89	𐑓𐑨𐑑𐑩𐑯𐑦𐑙	ˈfætənɪŋ	
fatuity	𐑓𐑩𐑑𐑿𐑩𐑑𐑦	fəˈtjuːəti	RRP	89	𐑓𐑩𐑗𐑵𐑦𐑑𐑦	fəˈtʃuːɪti	
fatuous	𐑓𐑨𐑑𐑘𐑫𐑩𐑕	ˈfætjuəs	RRP	89	𐑓𐑨𐑗𐑫𐑩𐑕	ˈfætʃuəs	
fatuously	𐑓𐑨𐑑𐑘𐑫𐑩𐑕𐑤𐑦	ˈfætjuəsli	RRP	89	𐑓𐑨𐑗𐑫𐑩𐑕𐑤𐑦	ˈfætʃuəsli	
faucet	𐑓𐑷𐑕𐑦𐑑	ˈfɔːsɪt	RRP	89	𐑓𐑷𐑕𐑩𐑑	ˈfɔːsIt	
favorite	𐑓𐑱𐑝𐑮𐑦𐑑	feɪvrɪt	RRP	89	𐑓𐑱𐑝𐑼𐑦𐑑	ˈfeɪvərɪt	
favourable	𐑓𐑱𐑝𐑮𐑼𐑚𐑩𐑤	feɪvrəRbəl	RRP	89	𐑓𐑱𐑝𐑼𐑩𐑚𐑩𐑤	ˈfeɪvərəbəl	
favourite	𐑓𐑱𐑝𐑮𐑦𐑑	feɪvrɪt	RRP	89	𐑓𐑱𐑝𐑼𐑦𐑑	ˈfeɪvərɪt	
fbi	𐑧𐑓𐑚𐑰𐑲	ˈefbiːaɪ	RRP	89	⸰⁠𐑓𐑚𐑦	ˌefbɪˈaɪ	
fearful	𐑓𐑽𐑓𐑼𐑤	fɪəRfəRl	RRP	89	𐑓𐑽𐑓𐑩𐑤	ˈfɪəRfəl	
fearlessness	𐑓𐑽𐑤𐑦𐑕𐑯𐑩𐑕	fɪəRlɪsnəs	RRP	89	𐑓𐑽𐑤𐑩𐑕𐑯𐑩𐑕	ˈfɪəRləsnəs	
federal	𐑓𐑧𐑛𐑼𐑼𐑤	fedərəRl	RRP	89	𐑓𐑧𐑛𐑼𐑩𐑤	ˈfedərəl	
federalist	𐑓𐑧𐑛𐑼𐑼𐑤𐑦𐑕𐑑	fedərəRlɪst	RRP	89	𐑓𐑧𐑛𐑼𐑩𐑤𐑦𐑕𐑑	ˈfedərəlɪst	
felicity	𐑓𐑦𐑤𐑦𐑕𐑦𐑑𐑦	fɪˈlɪsɪti	RRP	89	𐑓𐑩𐑤𐑦𐑕𐑦𐑑𐑦	fəˈlɪsɪti	
fellowship	𐑓𐑧𐑤𐑩𐑖𐑦𐑐	ˈfeləʃɪp	RRP	89	𐑓𐑧𐑤𐑴𐑖𐑦𐑐	ˈfeləʊʃɪp	
feminine	𐑓𐑧𐑥𐑦𐑯𐑦𐑯	ˈfemɪnɪn	RRP	89	𐑓𐑧𐑥𐑩𐑯𐑦𐑯	ˈfemənɪn	
femininity	𐑓𐑧𐑥𐑦𐑯𐑦𐑯𐑦𐑑𐑦	femɪˈnɪnɪti	RRP	89	𐑓𐑧𐑥𐑩𐑯𐑦𐑯𐑦𐑑𐑦	ˌfeməˈnɪnɪti	
feminism	𐑓𐑧𐑥𐑦𐑯𐑦𐑟𐑥	ˈfemɪnɪzm	RRP	89	𐑓𐑧𐑥𐑦𐑯𐑦𐑟𐑩𐑥	ˈfemɪnɪzəm	
feminist	𐑓𐑧𐑥𐑩𐑯𐑦𐑕𐑑	ˈfemənɪst	RRP	89	𐑓𐑧𐑥𐑦𐑯𐑦𐑕𐑑	ˈfemɪnɪst	
feral	𐑓𐑧𐑮𐑼𐑤	ferəRl	RRP	89	𐑓𐑧𐑮𐑩𐑤	ˈferəl	
fermentation	𐑓𐑻𐑥𐑼𐑯𐑑𐑱𐑖𐑩𐑯	fɜːRməRnteɪʃən	RRP	89	𐑓𐑻𐑥𐑧𐑯𐑑𐑱𐑖𐑩𐑯	ˌfɜːRmenˈteɪʃən	
fertilize	𐑓𐑻𐑑𐑦𐑤𐑲𐑟	fɜːRtɪlaɪz	RRP	89	𐑓𐑻𐑑𐑩𐑤𐑲𐑟	ˈfɜːRtəlaɪz	
fervid	𐑓𐑻𐑝𐑩𐑛	fɜːRvƏd	RRP	89	𐑓𐑻𐑝𐑦𐑛	ˈfɜːRvɪd	
festival	𐑓𐑧𐑕𐑑𐑩𐑝𐑩𐑤	ˈfestəvəl	RRP	89	𐑓𐑧𐑕𐑑𐑦𐑝𐑩𐑤	ˈfestɪvəl	
fetal	𐑓𐑦𐑑𐑩𐑤	ˈfitəl	RRP	89	𐑓𐑰𐑑𐑩𐑤	ˈfiːtəl	
fetid	𐑓𐑧𐑑𐑩𐑛	ˈfetƏd	RRP	89	𐑓𐑧𐑑𐑦𐑛	ˈfetɪd	
feudalism	𐑓𐑘𐑫𐑛𐑩𐑤𐑦𐑟𐑩𐑥	ˈfjudəlɪzəm	RRP	89	𐑓𐑿𐑛𐑩𐑤𐑦𐑟𐑩𐑥	ˈfjuːdəlɪzəm	
feudatory	𐑓𐑿𐑛𐑼𐑑𐑼𐑦	fjuːdəRtərɪ	RRP	89	𐑓𐑿𐑛𐑩𐑑𐑼𐑦	ˈfjuːdətəri	
fiddle	𐑓𐑦𐑛𐑤	ˈfɪdl	RRP	89	𐑓𐑦𐑛𐑩𐑤	ˈfɪdəl	
fiddler	𐑓𐑦𐑛𐑼𐑤𐑼	fɪdəRləR	RRP	89	𐑓𐑦𐑛𐑤𐑼	ˈfɪdləR	
fidget	𐑓𐑦𐑡𐑦𐑑	ˈfɪdʒɪt	RRP	89	𐑓𐑦𐑡𐑩𐑑	ˈfɪdʒIt	
fidgety	𐑓𐑦𐑡𐑦𐑑𐑦	ˈfɪdʒɪti	RRP	89	𐑓𐑦𐑡𐑩𐑑𐑦	ˈfɪdʒIti	
fiftieth	𐑓𐑦𐑓𐑑𐑦𐑩𐑔	ˈfɪftiəθ	RRP	89	𐑓𐑦𐑓𐑑𐑾𐑔	ˈfɪftɪəθ	
figurative	𐑓𐑦𐑜𐑼𐑼𐑑𐑦𐑝	fɪɡərəRtɪv	RRP	89	𐑓𐑦𐑜𐑘𐑼𐑩𐑑𐑦𐑝	ˈfɪɡjərətɪv	
figurehead	𐑓𐑦𐑜𐑘𐑼𐑣𐑧𐑛	fɪɡjərhed	RRP	89	𐑓𐑦𐑜𐑼𐑣𐑧𐑛	ˈfɪɡəRhed	
fijian	𐑓𐑰𐑡𐑰𐑩𐑯	fiːˈdʒiːən	RRP	89	𐑓𐑰𐑡𐑾𐑯	ˌfiːˈdʒɪən	
filet	𐑓𐑦𐑤𐑦𐑑	ˈfɪlɪt	RRP	89	𐑓𐑦𐑤𐑱	ˈfɪleɪ	
filial	𐑓𐑦𐑤𐑦𐑩𐑤	ˈfɪliəl	RRP	89	𐑓𐑦𐑤𐑾𐑤	ˈfɪlɪəl	
filipino	𐑓𐑦𐑤𐑦𐑐𐑦𐑯𐑴	fɪlɪˈpinoʊ	RRP	89	𐑓𐑦𐑤𐑦𐑐𐑰𐑯𐑴	ˌfɪlɪˈpiːnəʊ	
fillet	𐑓𐑦𐑤𐑦𐑑	ˈfɪlɪt	RRP	89	𐑓𐑦𐑤𐑩𐑑	ˈfɪlIt	
financier	𐑓𐑦𐑯𐑨𐑯𐑕𐑽	fɪnænsɪəR	RRP	89	𐑓𐑲𐑯𐑨𐑯𐑕𐑽	faɪˈnænsɪəR	
firing	𐑓𐑲𐑮𐑦𐑙	faɪrɪŋ	RRP	89	𐑓𐑲𐑼𐑦𐑙	ˈfaɪərɪŋ	
firmament	𐑓𐑻𐑥𐑩𐑥𐑯𐑑	fɜːRməmnt	RRP	89	𐑓𐑻𐑥𐑩𐑥𐑩𐑯𐑑	ˈfɜːRməmənt	
fisherman	𐑓𐑦𐑖𐑼𐑥𐑼𐑯	fɪʃəRməRn	RRP	89	𐑓𐑦𐑖𐑼𐑥𐑩𐑯	ˈfɪʃəRmən	
fissiparous	𐑓𐑦𐑕𐑦𐑐𐑼𐑼𐑕	fɪsɪpərəRs	RRP	89	𐑓𐑦𐑕𐑦𐑐𐑼𐑩𐑕	fɪˈsɪpərəs	
fistula	𐑓𐑦𐑕𐑑𐑘𐑩𐑤𐑩	ˈfɪstjələ	RRP	89	𐑓𐑦𐑕𐑗𐑩𐑤𐑩	ˈfɪstʃələ	
fizz	𐑓𐑩𐑟	fƏz	RRP	89	𐑓𐑦𐑟	fɪz	
fjord	𐑓𐑰𐑹𐑛	fiːɔːRd	RRP	89	𐑓𐑘𐑹𐑛	fjɔːRd	
flaccid	𐑓𐑤𐑨𐑒𐑕𐑩𐑛	ˈflæksƏd	RRP	89	𐑓𐑤𐑨𐑒𐑕𐑦𐑛	ˈflæksɪd	
flageolet	𐑓𐑤𐑨𐑠𐑩𐑤𐑱	ˈflæʒəleɪ	RRP	89	𐑓𐑤𐑨𐑡𐑴𐑤𐑧𐑑	ˌflædʒəʊˈlet	
flaky	𐑓𐑤𐑱𐑒𐑰	ˈfleɪkiː	RRP	89	𐑓𐑤𐑱𐑒𐑦	ˈfleɪki	
flatulence	𐑓𐑤𐑨𐑗𐑩𐑤𐑩𐑯𐑕	ˈflætʃələns	RRP	89	𐑓𐑤𐑨𐑑𐑘𐑩𐑤𐑩𐑯𐑕	ˈflætjələns	
fleur-de-lis	𐑓𐑤𐑻𐑛𐑼𐑤𐑰𐑕	flɜːRdəRliːs	RRP	89	𐑓𐑤𐑻-𐑛𐑩-𐑤𐑰	ˌflɜːR-də-ˈliː	
floral	𐑓𐑤𐑹𐑼𐑤	flɔːrəRl	RRP	89	𐑓𐑤𐑹𐑩𐑤	ˈflɔːrəl	
florence	𐑓𐑤𐑪𐑮𐑼𐑯𐑕	flɒrəRns	RRP	89	𐑓𐑤𐑪𐑮𐑩𐑯𐑕	ˈflɒrəns	
florentine	𐑓𐑤𐑪𐑮𐑼𐑯𐑑𐑲𐑯	flɒrəRntaɪn	RRP	89	𐑓𐑤𐑪𐑮𐑩𐑯𐑑𐑲𐑯	ˈflɒrəntaɪn	
florist	𐑓𐑤𐑹𐑦𐑕𐑑	flɔːrɪst	RRP	89	𐑓𐑤𐑪𐑮𐑦𐑕𐑑	ˈflɒrɪst	
flotilla	𐑓𐑤𐑴𐑑𐑦𐑤𐑩	floʊˈtɪlə	RRP	89	𐑓𐑤𐑩𐑑𐑦𐑤𐑩	fləˈtɪlə	
floury	𐑓𐑤𐑬𐑮𐑦	flaʊri	RRP	89	𐑓𐑤𐑬𐑼𐑦	ˈflaʊəri	
flower	𐑓𐑤𐑴𐑼	fləʊəR	RRP	89	𐑓𐑤𐑬𐑼	ˈflaʊəR	
fluctuation	𐑓𐑤𐑳𐑒𐑗𐑵𐑱𐑖𐑩𐑯	flʌktʃuːˈeɪʃən	RRP	89	𐑓𐑤𐑳𐑒𐑗𐑫𐑱𐑖𐑩𐑯	ˌflʌktʃuˈeɪʃən	
fluorescence	𐑓𐑤𐑫𐑮𐑧𐑕𐑩𐑯𐑕	flʊresəns	RRP	89	𐑓𐑤𐑫𐑼𐑧𐑕𐑩𐑯𐑕	flʊəˈresəns	
fluorine	𐑓𐑤𐑹𐑰𐑯	flɔːriːn	RRP	89	𐑓𐑤𐑫𐑼𐑰𐑯	ˈflʊəriːn	
flyleaf	𐑓𐑤𐑲𐑤𐑦𐑓	ˈflaɪˌlif	RRP	89	𐑓𐑤𐑲𐑤𐑰𐑓	ˈflaɪliːf	
folio	𐑓𐑴𐑤𐑾𐑫	ˈfəʊlɪəʊ	RRP	89	𐑓𐑴𐑤𐑦𐑴	ˈfəʊliəʊ	
fomentation	𐑓𐑴𐑥𐑩𐑯𐑑𐑱𐑖𐑯	fəʊmənˈteɪʃn	RRP	89	𐑓𐑴𐑥𐑧𐑯𐑑𐑱𐑖𐑩𐑯	ˌfəʊmenˈteɪʃən	
fondle	𐑓𐑪𐑯𐑛𐑤	ˈfɒndl	RRP	89	𐑓𐑪𐑯𐑛𐑩𐑤	ˈfɒndəl	
foolproof	𐑓𐑵𐑤 𐑐𐑮𐑵𐑓	fuːl pruːf	RRP	89	𐑓𐑵𐑤𐑐𐑮𐑵𐑓	ˈfuːlpruːf	
forbearance	𐑓𐑹𐑚𐑻𐑼𐑯𐑕	fɔːRbɜːrəRns	RRP	89	𐑓𐑹𐑚𐑺𐑩𐑯𐑕	fɔːRˈbeərəns	
forbid	𐑓𐑼𐑚𐑩𐑛	fəRbƏd	RRP	89	𐑓𐑼𐑚𐑦𐑛	fəRˈbɪd	
forceful	𐑓𐑷𐑮𐑕𐑓𐑩𐑤	fɔrsfəl	RRP	89	𐑓𐑹𐑕𐑓𐑩𐑤	ˈfɔːRsfəl	
fordable	𐑓𐑹𐑛𐑩𐑚𐑤	fɔːRdəbl	RRP	89	𐑓𐑹𐑛𐑩𐑚𐑩𐑤	ˈfɔːRdəbəl	
forecast	𐑓𐑹𐑒𐑸𐑕𐑑	fɔːRkɑːRst	RRP	89	𐑓𐑹𐑒𐑨𐑕𐑑, 𐑓𐑹𐑒𐑭𐑕𐑑	ˈfɔːRkⱭːst	
forefather	𐑓𐑹𐑓𐑸𐑞𐑼	fɔːRfɑːRðəR	RRP	89	𐑓𐑹𐑓𐑭𐑞𐑼	ˈfɔːRfɑːðəR	
foregone	𐑓𐑪𐑮𐑜𐑷𐑯	forɡɔn	RRP	89	𐑓𐑹𐑜𐑪𐑯	fɔːRˈɡɒn	
forensic	𐑓𐑼𐑧𐑯𐑟𐑦𐑒	fərenzɪk	RRP	89	𐑓𐑼𐑧𐑯𐑕𐑦𐑒	fəˈrensɪk	
forepaw	𐑓𐑹𐑐𐑹	fɔːRpɔːR	RRP	89	𐑓𐑹𐑐𐑷	fɔːRˈpɔː	
forestall	𐑓𐑹𐑕𐑑𐑹𐑤	fɔːRstɔːRl	RRP	89	𐑓𐑹𐑕𐑑𐑷𐑤	fɔːRˈstɔːl	
foretell	𐑓𐑷𐑮𐑑𐑧𐑤	fɔrtel	RRP	89	𐑓𐑹𐑑𐑧𐑤	fɔːRˈtel	
forgather	𐑓𐑼𐑜𐑨𐑞𐑼	fəRɡaðəR	RRP	89	𐑓𐑹𐑜𐑨𐑞𐑼	fɔːRˈɡæðəR	
forget-me-not	𐑓𐑼𐑜𐑧𐑑𐑥𐑰𐑯𐑪𐑑	fəRɡetmiːnɒt	RRP	89	𐑓𐑼𐑜𐑧𐑑-𐑥𐑰-𐑯𐑪𐑑	fəRˈɡet-miː-nɒt	
forgetfulness	𐑓𐑼𐑜𐑧𐑑𐑓𐑫𐑤𐑯𐑩𐑕	fəRɡetfʊlnəs	RRP	89	𐑓𐑼𐑜𐑧𐑑𐑓𐑩𐑤𐑯𐑩𐑕	fəRˈɡetfəlnəs	
formalism	𐑓𐑹𐑥𐑩𐑤𐑦𐑟𐑥	fɔːRməlɪzm	RRP	89	𐑓𐑹𐑥𐑩𐑤𐑦𐑟𐑩𐑥	ˈfɔːRməlɪzəm	
formation	𐑓𐑼𐑥𐑱𐑖𐑩𐑯	fəRmeɪʃən	RRP	89	𐑓𐑹𐑥𐑱𐑖𐑩𐑯	fɔːRˈmeɪʃən	
formatting	𐑓𐑷𐑮𐑥𐑨𐑑𐑦𐑙	fɔrmætiŋ	RRP	89	𐑓𐑹𐑥𐑨𐑑𐑦𐑙	ˈfɔːRmætɪŋ	
fornicate	𐑓𐑹𐑯𐑦𐑒𐑩𐑑	fɔːRnɪkət	RRP	89	𐑓𐑹𐑯𐑦𐑒𐑱𐑑	ˈfɔːRnɪkeɪt	
fornication	𐑓𐑷𐑮𐑯𐑦𐑒𐑱𐑖𐑩𐑯	fɔrnɪkeɪʃən	RRP	89	𐑓𐑹𐑯𐑦𐑒𐑱𐑖𐑩𐑯	ˌfɔːRnɪˈkeɪʃən	
forsake	𐑓𐑹𐑕𐑱𐑒	fɔːRseɪk	RRP	89	𐑓𐑼𐑕𐑱𐑒	fəRˈseɪk	
forsooth	𐑓𐑷𐑮𐑕𐑫𐑔	fɔrsuθ	RRP	89	𐑓𐑹𐑕𐑵𐑔	fɔːRˈsuːθ	
forswear	𐑓𐑼𐑕𐑢𐑺	fəRsweəR	RRP	89	𐑓𐑹𐑕𐑢𐑺	fɔːRˈsweəR	
forthwith	𐑓𐑹𐑔𐑢𐑦𐑞	fɔːRθwɪð	RRP	89	𐑓𐑹𐑔𐑢𐑦𐑔	ˌfɔːRθˈwɪθ	
fortieth	𐑓𐑹𐑑𐑦𐑩𐑔	fɔːRtiəθ	RRP	89	𐑓𐑹𐑑𐑾𐑔	ˈfɔːRtɪəθ	
fortunately	𐑓𐑹𐑗𐑩𐑯𐑦𐑑𐑤𐑦	fɔːRtʃənɪtli	RRP	89	𐑓𐑹𐑗𐑩𐑯𐑩𐑑𐑤𐑦	ˈfɔːRtʃənətli	
forty	𐑓𐑷𐑮𐑑𐑦	fɔrti	RRP	89	𐑓𐑹𐑑𐑦	ˈfɔːRti	
forum	𐑓𐑹𐑼𐑥	fɔːrəRm	RRP	89	𐑓𐑹𐑩𐑥	ˈfɔːrəm	
fossilize	𐑓𐑪𐑕𐑦𐑤𐑲𐑟	ˈfɒsɪlaɪz	RRP	89	𐑓𐑪𐑕𐑩𐑤𐑲𐑟	ˈfɒsəlaɪz	
foulness	𐑓𐑬𐑩𐑤𐑯𐑩𐑕	ˈfaʊəlnəs	RRP	89	𐑓𐑬𐑤𐑯𐑩𐑕	ˈfaʊlnəs	
fount	𐑓𐑪𐑯𐑑	fɒnt	RRP	89	𐑓𐑬𐑯𐑑	faʊnt	
foursquare	𐑓𐑹𐑕𐑒𐑢𐑻	fɔːRskwɜːR	RRP	89	𐑓𐑹𐑕𐑒𐑢𐑺	ˈfɔːRskweəR	
fragile	𐑓𐑮𐑨𐑡𐑩𐑤	frædʒəl	RRP	89	𐑓𐑮𐑨𐑡𐑲𐑤	ˈfrædʒaɪl	
frankness	𐑓𐑮𐑨𐑙𐑒𐑯𐑧𐑕	fræŋknes	RRP	89	𐑓𐑮𐑨𐑙𐑒𐑯𐑩𐑕	ˈfræŋknəs	
frappe	𐑓𐑮𐑨𐑐	fræp	RRP	89	𐑓𐑮𐑨𐑐𐑱	ˈfræpeɪ	
fraudulent	𐑓𐑮𐑷𐑡𐑫𐑤𐑩𐑯𐑑	frɔːdʒʊlənt	RRP	89	𐑓𐑮𐑷𐑡𐑩𐑤𐑩𐑯𐑑	ˈfrɔːdʒələnt	
free-for-all	𐑓𐑮𐑰𐑓𐑼𐑹𐑤	friːfərɔːRl	RRP	89	𐑓𐑮𐑰-𐑓-𐑷𐑤	ˈfriː-F-ɔːl	
freesia	𐑓𐑮𐑦𐑠𐑩	friʒə	RRP	89	𐑓𐑮𐑰𐑠𐑩	ˈfriːʒə	
freeway	𐑓𐑮𐑰𐑢𐑧𐑦	friːwei	RRP	89	𐑓𐑮𐑰𐑢𐑱	ˈfriːweɪ	
freudian	𐑓𐑮𐑶𐑛𐑦𐑩𐑯	frɔɪdiən	RRP	89	𐑓𐑮𐑶𐑛𐑾𐑯	ˈfrɔɪdɪən	
fricassee	𐑓𐑮𐑦𐑒𐑩𐑕𐑦	frɪkəsi	RRP	89	𐑓𐑮𐑦𐑒𐑩𐑕𐑰	ˈfrɪkəsiː	
friction	𐑓𐑮𐑦𐑒𐑖𐑩𐑩𐑯	frɪkʃəən	RRP	89	𐑓𐑮𐑦𐑒𐑖𐑩𐑯	ˈfrɪkʃən	
frigid	𐑓𐑮𐑦𐑡𐑩𐑛	frɪdʒƏd	RRP	89	𐑓𐑮𐑦𐑡𐑦𐑛	ˈfrɪdʒɪd	
fructose	𐑓𐑮𐑳𐑒𐑑𐑴𐑟	frʌktəʊz	RRP	89	𐑓𐑮𐑳𐑒𐑑𐑴𐑕	ˈfrʌktəʊs	
frugality	𐑓𐑮𐑵𐑜𐑨𐑤𐑩𐑑𐑦	fruːɡæləti	RRP	89	𐑓𐑮𐑵𐑜𐑨𐑤𐑦𐑑𐑦	fruːˈɡælɪti	
frustrate	𐑓𐑮𐑩𐑕𐑑𐑮𐑱𐑑	frəstreɪt	RRP	89	𐑓𐑮𐑳𐑕𐑑𐑮𐑱𐑑	frʌˈstreɪt	
frustrated	𐑓𐑮𐑩𐑕𐑑𐑮𐑱𐑑𐑩𐑛	frəstreɪtƏd	RRP	89	𐑓𐑮𐑳𐑕𐑑𐑮𐑱𐑑𐑩𐑛	frʌˈstreɪtƏd	
fuddy-duddy	𐑓𐑳𐑛𐑦𐑛𐑳𐑛𐑦	ˈfʌdiˌdʌdi	RRP	89	𐑓𐑳𐑛𐑦-𐑛𐑳𐑛𐑦	ˈfʌdi-dʌdi	
fugitive	𐑓𐑿𐑡𐑦𐑑𐑦𐑝	ˈfjuːdʒɪtɪv	RRP	89	𐑓𐑿𐑡𐑩𐑑𐑦𐑝	ˈfjuːdʒətɪv	
fulcrum	𐑓𐑳𐑤𐑒𐑮𐑩𐑥	fʌlkrəm	RRP	89	𐑓𐑫𐑤𐑒𐑮𐑩𐑥	ˈfʊlkrəm	
function	𐑓𐑳𐑙𐑖𐑩𐑯	ˈfʌŋʃən	RRP	89	𐑓𐑳𐑙𐑒𐑖𐑩𐑯	ˈfʌŋkʃən	
funeral	𐑓𐑿𐑯𐑼𐑼𐑤	fjuːnərəRl	RRP	89	𐑓𐑿𐑯𐑼𐑩𐑤	ˈfjuːnərəl	
funereal	𐑓𐑿𐑯𐑽𐑽𐑤	fjuːnɪərɪəRl	RRP	89	𐑓𐑿𐑯𐑽𐑾𐑤	fjuːˈnɪərɪəl	
fungi	𐑓𐑳𐑯𐑡𐑲	ˈfʌndʒaɪ	RRP	89	𐑓𐑳𐑙𐑜𐑲	ˈfʌŋɡaɪ	
funnily	𐑓𐑳𐑯𐑩𐑤𐑦	ˈfʌnəli	RRP	89	𐑓𐑳𐑯𐑦𐑤𐑦	ˈfʌnɪli	
furious	𐑓𐑘𐑩𐑼𐑾𐑕	fjəərɪəs	RRP	89	𐑓𐑘𐑫𐑼𐑾𐑕	ˈfjʊərɪəs	
furiously	𐑓𐑘𐑩𐑼𐑦𐑩𐑕𐑤𐑦	fjəəriəsli	RRP	89	𐑓𐑘𐑫𐑼𐑾𐑕𐑤𐑦	ˈfjʊərɪəsli	
furore	𐑓𐑘𐑩𐑼𐑹𐑦	fjəərɔːri	RRP	89	𐑓𐑘𐑫𐑼𐑹𐑦	fjʊəˈrɔːri	
furtherance	𐑓𐑻𐑞𐑼𐑼𐑯𐑕	fɜːRðərəRns	RRP	89	𐑓𐑻𐑞𐑼𐑩𐑯𐑕	ˈfɜːRðərəns	
furthest	𐑓𐑻𐑞𐑦𐑕𐑑	fɜːRðɪst	RRP	89	𐑓𐑻𐑞𐑩𐑕𐑑	ˈfɜːRðəst	
fury	𐑓𐑘𐑩𐑼𐑦	fjəəri	RRP	89	𐑓𐑘𐑫𐑼𐑦	ˈfjʊəri	
fusilier	𐑓𐑿𐑟𐑦𐑤𐑽	fjuːzɪlɪəR	RRP	89	𐑓𐑿𐑟𐑩𐑤𐑽	ˌfjuːzəˈlɪəR	
fusillade	𐑓𐑿𐑕𐑦𐑤𐑱𐑛	ˈfjuːsɪˌleɪd	RRP	89	𐑓𐑿𐑟𐑦𐑤𐑱𐑛	ˌfjuːzɪˈleɪd	
fustian	𐑓𐑳𐑕𐑗𐑩𐑯	ˈfʌstʃən	RRP	89	𐑓𐑳𐑕𐑑𐑾𐑯	ˈfʌstɪən	
futurity	𐑓𐑿𐑑𐑘𐑩𐑼𐑦𐑑𐑦	fjuːtjəərɪti	RRP	89	𐑓𐑿𐑗𐑫𐑼𐑦𐑑𐑦	fjuːˈtʃʊərɪti	
gadget	𐑜𐑨𐑡𐑦𐑑	ɡædʒɪt	RRP	89	𐑜𐑨𐑡𐑩𐑑	ˈɡædʒIt	
gaelic	𐑜𐑨𐑤𐑦𐑒	ˈɡælɪk	RRP	89	𐑜𐑱𐑤𐑦𐑒	ˈɡeɪlɪk	
gaiety	𐑜𐑱𐑩𐑑𐑦	ˈɡeɪəti	RRP	89	𐑜𐑱𐑦𐑑𐑦	ˈɡeɪɪti	
galleon	𐑜𐑨𐑤𐑦𐑩𐑯	ˈɡæliən	RRP	89	𐑜𐑨𐑤𐑾𐑯	ˈɡælɪən	
galore	𐑜𐑼𐑤𐑹	ɡəRlɔːR	RRP	89	𐑜𐑩𐑤𐑹	ɡəˈlɔːR	
gambling	𐑜𐑨𐑥𐑚𐑩𐑤𐑦𐑙	ˈɡæmbəlɪŋ	RRP	89	𐑜𐑨𐑥𐑚𐑤𐑦𐑙	ˈɡæmblɪŋ	
gamboge	𐑜𐑨𐑥𐑚𐑵𐑠	ɡæmˈbuːʒ	RRP	89	𐑜𐑨𐑥𐑚𐑴𐑠	ɡæmˈbəʊʒ	
ganglion	𐑜𐑨𐑙𐑜𐑤𐑦𐑩𐑯	ˈɡæŋɡliən	RRP	89	𐑜𐑨𐑙𐑜𐑤𐑾𐑯	ˈɡæŋɡlɪən	
gannet	𐑜𐑨𐑯𐑦𐑑	ˈɡænɪt	RRP	89	𐑜𐑨𐑯𐑩𐑑	ˈɡænIt	
garage	𐑜𐑼𐑸𐑠	ɡərɑːRʒ	RRP	89	𐑜𐑨𐑮𐑭𐑠	ˈɡærɑːʒ	
gardener	𐑜𐑸𐑛𐑼𐑯𐑼	ɡɑːRdəRnəR	RRP	89	𐑜𐑸𐑛𐑩𐑯𐑼	ˈɡɑːRdənəR	
gardenia	𐑜𐑸𐑛𐑰𐑯𐑘𐑩	ɡɑːRdiːnjə	RRP	89	𐑜𐑸𐑛𐑰𐑯𐑾	ɡɑːRˈdiːnɪə	
gaseous	𐑜𐑨𐑖𐑩𐑕	ˈɡæʃəs	RRP	89	𐑜𐑨𐑕𐑾𐑕	ˈɡæsɪəs	
gasket	𐑜𐑨𐑕𐑒𐑦𐑑	ˈɡæskɪt	RRP	89	𐑜𐑨𐑕𐑒𐑩𐑑	ˈɡæskIt	
gasoline	𐑜𐑨𐑕𐑩𐑤𐑦𐑯	ˈɡæsəlin	RRP	89	𐑜𐑨𐑕𐑩𐑤𐑰𐑯	ˈɡæsəliːn	
gasometer	𐑜𐑨𐑕𐑪𐑥𐑦𐑑𐑼	ɡæsɒmɪtəR	RRP	89	𐑜𐑩𐑕𐑪𐑥𐑦𐑑𐑼	ɡəˈsɒmɪtəR	
gaucherie	𐑜𐑴𐑖𐑼𐑰	ɡoʊʃəriː	RRP	89	𐑜𐑴𐑖𐑼𐑦	ˈɡəʊʃəri	
gee-gee	𐑡𐑰𐑡𐑰	ˈdʒiːˌdʒiː	RRP	89	𐑡𐑰-𐑡𐑰	ˈdʒiː-dʒiː	
gelatinous	𐑡𐑩𐑤𐑨𐑑𐑦𐑯𐑩𐑕	dʒəˈlætɪnəs	RRP	89	𐑡𐑦𐑤𐑨𐑑𐑦𐑯𐑩𐑕	dʒɪˈlætɪnəs	
geminate	𐑡𐑧𐑥𐑦𐑯𐑩𐑑	ˈdʒemɪnət	RRP	89	𐑡𐑧𐑥𐑦𐑯𐑱𐑑	ˈdʒemɪneɪt	
genealogist	𐑡𐑰𐑯𐑰𐑨𐑤𐑩𐑡𐑦𐑕𐑑	ˈdʒiːniːˌælədʒɪst	RRP	89	𐑡𐑰𐑯𐑦𐑨𐑤𐑩𐑡𐑦𐑕𐑑	ˌdʒiːnɪˈælədʒɪst	
general	𐑡𐑧𐑯𐑮𐑼𐑤	dʒenrəRl	RRP	89	𐑡𐑧𐑯𐑼𐑩𐑤	ˈdʒenərəl	
generic	𐑡𐑦𐑯𐑧𐑮𐑦𐑒	dʒɪnerɪk	RRP	89	𐑡𐑩𐑯𐑧𐑮𐑦𐑒	dʒəˈnerɪk	
generous	𐑡𐑧𐑯𐑮𐑼𐑕	dʒenrəRs	RRP	89	𐑡𐑧𐑯𐑼𐑩𐑕	ˈdʒenərəs	
genetics	𐑡𐑧𐑯𐑧𐑑𐑦𐑒𐑕	dʒeˈnetɪks	RRP	89	𐑡𐑦𐑯𐑧𐑑𐑦𐑒𐑕	dʒɪˈnetɪks	
genial	𐑡𐑦𐑯𐑳𐑾𐑤	dʒɪˈnʌɪəl	RRP	89	𐑡𐑰𐑯𐑾𐑤	ˈdʒiːnɪəl	
genially	𐑡𐑰𐑯𐑦𐑩𐑤𐑦	ˈdʒiːniəli	RRP	89	𐑡𐑰𐑯𐑾𐑤𐑦	ˈdʒiːnɪəli	
genital	𐑡𐑧𐑯𐑩𐑑𐑩𐑤	ˈdʒenətəl	RRP	89	𐑡𐑧𐑯𐑦𐑑𐑩𐑤	ˈdʒenɪtəl	
genitalia	𐑡𐑧𐑯𐑦𐑑𐑱𐑤𐑦𐑩	ˈdʒenɪˈteɪliə	RRP	89	𐑡𐑧𐑯𐑦𐑑𐑱𐑤𐑾	ˌdʒenɪˈteɪlɪə	
genre	𐑠𐑪𐑯𐑮𐑼	ʒɒnrəR	RRP	89	𐑠𐑭𐑯𐑮𐑩	ˈʒɑːnrə	
genuine	𐑡𐑧𐑯𐑿𐑦𐑯	ˈdʒenjuːˌɪn	RRP	89	𐑡𐑧𐑯𐑘𐑫𐑦𐑯	ˈdʒenjuɪn	
geographer	𐑡𐑰𐑪𐑜𐑮𐑼𐑓𐑼	dʒiːɒɡrəRfəR	RRP	89	𐑡𐑦𐑪𐑜𐑮𐑩𐑓𐑼	dʒɪˈɒɡrəfəR	
geographic	𐑡𐑦𐑩𐑜𐑮𐑨𐑓𐑦𐑒	dʒiəɡræfɪk	RRP	89	𐑡𐑾𐑜𐑮𐑨𐑓𐑦𐑒	ˌdʒɪəˈɡræfɪk	
geographical	𐑡𐑦𐑩𐑜𐑮𐑨𐑓𐑦𐑒𐑩𐑤	dʒiəɡræfɪkəl	RRP	89	𐑡𐑾𐑜𐑮𐑨𐑓𐑦𐑒𐑩𐑤	ˌdʒɪəˈɡræfɪkəl	
geological	𐑡𐑰𐑩𐑤𐑪𐑡𐑦𐑒𐑩𐑤	ˌdʒiːəˈlɒdʒɪkəl	RRP	89	𐑡𐑾𐑤𐑪𐑡𐑦𐑒𐑩𐑤	ˌdʒɪəˈlɒdʒɪkəl	
geometric	𐑡𐑰𐑴𐑥𐑧𐑑𐑮𐑦𐑒	dʒiːəʊmetrɪk	RRP	89	𐑡𐑾𐑥𐑧𐑑𐑮𐑦𐑒	ˌdʒɪəˈmetrɪk	
geometry	𐑡𐑰𐑪𐑥𐑦𐑑𐑮𐑦	dʒiːɒmɪtri	RRP	89	𐑡𐑦𐑪𐑥𐑩𐑑𐑮𐑦	dʒɪˈɒmətri	
germane	𐑡𐑻𐑥𐑱𐑯	dʒɜːRmeɪn	RRP	89	𐑡𐑼𐑥𐑱𐑯	dʒəRˈmeɪn	
germanic	𐑡𐑻𐑥𐑨𐑯𐑦𐑒	dʒɜːRmænɪk	RRP	89	𐑡𐑼𐑥𐑨𐑯𐑦𐑒	dʒəRˈmænɪk	
gerund	𐑡𐑧𐑮𐑼𐑯𐑛	dʒerəRnd	RRP	89	𐑡𐑧𐑮𐑩𐑯𐑛	ˈdʒerənd	
gestalt	𐑜𐑩𐑖𐑑𐑨𐑤𐑑	ɡəˈʃtælt	RRP	89	𐑜𐑩𐑖𐑑𐑷𐑤𐑑	ɡəˈʃtɑːlt	
geum	𐑡𐑰𐑩𐑥	ˈdʒiːəm	RRP	89	𐑡𐑾𐑥	dʒiːəm	
geyser	𐑜𐑰𐑟𐑼	ɡiːzəR	RRP	89	𐑜𐑲𐑟𐑼	ˈɡaɪzəR	
ghana	𐑭𐑯𐑩	ˈɑːnə	RRP	89	𐑜𐑨𐑯𐑩, 𐑜𐑭𐑯𐑩	ˈɡⱭːnə	
ghastly	𐑜𐑭𐑕𐑤𐑦	ˈɡɑːsli	RRP	89	𐑜𐑨𐑕𐑑𐑤𐑦, 𐑜𐑭𐑕𐑑𐑤𐑦	ˈɡⱭːstli	
ghat	𐑜𐑷𐑑	ɡɔːt	RRP	89	𐑜𐑭𐑑	ɡɑːt	
gi	𐑜𐑰	ɡiː	RRP	89	𐑡𐑰𐑲	ˌdʒiːˈaɪ	
gibbous	𐑜𐑦𐑚𐑩𐑕	ˈɡɪbəs	RRP	89	𐑡𐑦𐑚𐑩𐑕	ˈdʒɪbəs	
giggle	𐑜𐑦𐑜𐑤	ˈɡɪɡl	RRP	89	𐑜𐑦𐑜𐑩𐑤	ˈɡɪɡəl	
gigolo	𐑠𐑦𐑜𐑩𐑤𐑴	ˈʒɪɡələʊ	RRP	89	𐑡𐑦𐑜𐑩𐑤𐑴	ˈdʒɪɡələʊ	
gimbal	𐑡𐑦𐑥𐑚𐑩𐑤	ˈdʒɪmbəl	RRP	89	𐑜𐑦𐑥𐑚𐑩𐑤	ˈɡɪmbəl	
gingerbread	𐑡𐑦𐑯𐑠𐑼𐑚𐑮𐑧𐑛	dʒɪnʒəRbred	RRP	89	𐑡𐑦𐑯𐑡𐑼𐑚𐑮𐑧𐑛	ˈdʒɪndʒəRbred	
glacial	𐑜𐑤𐑱𐑕𐑾𐑤	ˈɡleɪsɪəl	RRP	89	𐑜𐑤𐑱𐑖𐑩𐑤	ˈɡleɪʃəl	
glacier	𐑜𐑤𐑨𐑕𐑘𐑼	ɡlæsjəR	RRP	89	𐑜𐑤𐑨𐑕𐑽	ˈɡlæsɪəR	
gladiolus	𐑜𐑤𐑨𐑛𐑾𐑫𐑤𐑩𐑕	ɡlædɪˈəʊləs	RRP	89	𐑜𐑤𐑨𐑛𐑦𐑴𐑤𐑩𐑕	ˌɡlædɪˈəʊləs	
glamorous	𐑜𐑤𐑨𐑥𐑼𐑼𐑕	ɡlamərəRs	RRP	89	𐑜𐑤𐑨𐑥𐑼𐑩𐑕	ˈɡlæmərəs	
glandular	𐑜𐑤𐑨𐑯𐑛𐑘𐑩𐑤𐑼	ɡlandjələR	RRP	89	𐑜𐑤𐑨𐑯𐑡𐑩𐑤𐑼	ˈɡlændʒələR	
glazier	𐑜𐑤𐑱𐑟𐑘𐑼	ɡleɪzjəR	RRP	89	𐑜𐑤𐑱𐑟𐑽	ˈɡleɪzɪəR	
glorify	𐑜𐑤𐑷𐑮𐑦𐑓𐑲	ɡlɔrɪfaɪ	RRP	89	𐑜𐑤𐑹𐑦𐑓𐑲	ˈɡlɔːrɪfaɪ	
glorious	𐑜𐑤𐑹𐑦𐑩𐑕	ɡlɔːriəs	RRP	89	𐑜𐑤𐑹𐑾𐑕	ˈɡlɔːrɪəs	
glucose	𐑜𐑤𐑵𐑒𐑴𐑟	ˈɡluːkoʊz	RRP	89	𐑜𐑤𐑵𐑒𐑴𐑕	ˈɡluːkəʊs	
glutton	𐑜𐑤𐑳𐑑𐑯	ˈɡlʌtn	RRP	89	𐑜𐑤𐑳𐑑𐑩𐑯	ˈɡlʌtən	
gluttonous	𐑜𐑤𐑳𐑑𐑯𐑩𐑕	ˈɡlʌtnəs	RRP	89	𐑜𐑤𐑳𐑑𐑩𐑯𐑩𐑕	ˈɡlʌtənəs	
glycerine	𐑜𐑤𐑦𐑕𐑼𐑦𐑯	ɡlɪsərɪn	RRP	89	𐑜𐑤𐑦𐑕𐑼𐑰𐑯	ˈɡlɪsəriːn	
gnu	𐑯𐑿	njuː	RRP	89	𐑯𐑵	nuː	
gobbet	𐑜𐑪𐑚𐑦𐑑	ˈɡɒbɪt	RRP	89	𐑜𐑪𐑚𐑩𐑑	ˈɡɒbIt	
godforsaken	𐑜𐑪𐑛𐑓𐑼𐑕𐑱𐑒𐑦𐑯	ɡɒdfəRseɪkɪn	RRP	89	𐑜𐑪𐑛𐑓𐑼𐑕𐑱𐑒𐑩𐑯	ˈɡɒdfəRseɪkən	
godown	𐑜𐑪𐑛𐑬𐑯	ˈɡodaʊn	RRP	89	𐑜𐑴𐑛𐑬𐑯	ˈɡəʊdaʊn	
good-looking	𐑜𐑫𐑛𐑤𐑫𐑒𐑦𐑙	ɡʊdˈlʊkɪŋ	RRP	89	𐑜𐑫𐑛-𐑤𐑫𐑒𐑦𐑙	ɡʊd-ˈlʊkɪŋ	
good-natured	𐑜𐑫𐑛𐑯𐑱𐑗𐑼𐑛	ɡʊdneɪtʃəRd	RRP	89	𐑜𐑫𐑛-𐑯𐑱𐑗𐑼𐑛	ɡʊd-ˈneɪtʃəRd	
gourmand	𐑜𐑫𐑼𐑥𐑼𐑯𐑛	ɡʊəRməRnd	RRP	89	𐑜𐑫𐑼𐑥𐑭𐑯𐑛	ˈɡʊəRmɑːnd	
governess	𐑜𐑳𐑝𐑼𐑯𐑩𐑕	ɡʌvəRnəs	RRP	89	𐑜𐑳𐑝𐑼𐑯𐑧𐑕	ˈɡʌvəRnes	
government	𐑜𐑳𐑝𐑼𐑥𐑩𐑯𐑑	ɡʌvəRmənt	RRP	89	𐑜𐑳𐑝𐑼𐑯𐑥𐑩𐑯𐑑	ˈɡʌvəRnmənt	
graceful	𐑜𐑮𐑱𐑕𐑓𐑫𐑤	ɡreɪsfʊl	RRP	89	𐑜𐑮𐑱𐑕𐑓𐑩𐑤	ˈɡreɪsfəl	
gradient	𐑜𐑮𐑱𐑛𐑦𐑩𐑯𐑑	ɡreɪdiənt	RRP	89	𐑜𐑮𐑱𐑛𐑾𐑯𐑑	ˈɡreɪdɪənt	
graduate	𐑜𐑮𐑨𐑛𐑘𐑫𐑩𐑑	ɡrædjuət	RRP	89	𐑜𐑮𐑨𐑡𐑫𐑩𐑑, 𐑜𐑮𐑨𐑡𐑫𐑱𐑑	ˈɡrædʒuət	
graduation	𐑜𐑮𐑨𐑛𐑘𐑫𐑱𐑖𐑩𐑯	ɡrædjueɪʃən	RRP	89	𐑜𐑮𐑨𐑡𐑫𐑱𐑖𐑩𐑯	ˌɡrædʒuˈeɪʃən	
graffito	𐑜𐑮𐑩𐑓𐑦𐑑𐑴	ɡrəfitoʊ	RRP	89	𐑜𐑮𐑩𐑓𐑰𐑑𐑴	ɡrəˈfiːtəʊ	
gram	𐑜𐑮𐑺𐑥	ɡreəRm	RRP	89	𐑜𐑮𐑨𐑥	ɡræm	
grandma	𐑜𐑮𐑨𐑯𐑥𐑭	ɡrænmɑː	RRP	89	𐑜𐑮𐑨𐑯𐑛𐑥𐑭	ˈɡrændmɑː	
grandmother	𐑜𐑮𐑨𐑯𐑥𐑳𐑞𐑼	ɡrænmʌðəR	RRP	89	𐑜𐑮𐑨𐑯𐑛𐑥𐑳𐑞𐑼	ˈɡrændmʌðəR	
grandpa	𐑜𐑮𐑨𐑥𐑐𐑭	ɡræmpɑː	RRP	89	𐑜𐑮𐑨𐑯𐑛𐑐𐑭	ˈɡrændpɑː	
grandparent	𐑜𐑮𐑨𐑯𐑐𐑺𐑼𐑯𐑑	ɡrænpeərəRnt	RRP	89	𐑜𐑮𐑨𐑯𐑛𐑐𐑺𐑩𐑯𐑑	ˈɡrændpeərənt	
grandson	𐑜𐑮𐑨𐑯𐑕𐑳𐑯	ɡrænsʌn	RRP	89	𐑜𐑮𐑨𐑯𐑛𐑕𐑳𐑯	ˈɡrændsʌn	
granular	𐑜𐑮𐑨𐑯𐑘𐑼𐑤𐑼	ɡrænjəRləR	RRP	89	𐑜𐑮𐑨𐑯𐑘𐑩𐑤𐑼	ˈɡrænjələR	
gratitude	𐑜𐑮𐑨𐑑𐑦𐑑𐑫𐑛	ɡrætɪtud	RRP	89	𐑜𐑮𐑨𐑑𐑦𐑑𐑵𐑛, 𐑜𐑮𐑨𐑑𐑦𐑑𐑿𐑛	ˈɡrætɪtjuːd	
gratuity	𐑜𐑮𐑩𐑑𐑿𐑩𐑑𐑦	ɡrətjuːətɪ	RRP	89	𐑜𐑮𐑩𐑑𐑵𐑦𐑑𐑦, 𐑜𐑮𐑩𐑑𐑿𐑦𐑑𐑦	ɡrəˈtjuːɪti	
gravid	𐑜𐑮𐑨𐑝𐑩𐑛	ɡrævƏd	RRP	89	𐑜𐑮𐑨𐑝𐑦𐑛	ˈɡrævɪd	
gravitas	𐑜𐑮𐑨𐑝𐑦𐑑𐑭𐑕	ɡrævɪtɑːs	RRP	89	𐑜𐑮𐑨𐑝𐑦𐑑𐑨𐑕	ˈɡrævɪtæs	
gravitate	𐑜𐑮𐑨𐑝𐑦𐑑𐑧𐑦𐑑	ɡrævɪteit	RRP	89	𐑜𐑮𐑨𐑝𐑦𐑑𐑱𐑑	ˈɡrævɪteɪt	
grazier	𐑜𐑮𐑱𐑟𐑦𐑼	ɡreɪziəR	RRP	89	𐑜𐑮𐑱𐑟𐑽	ˈɡreɪzɪəR	
greatest	𐑜𐑮𐑱𐑑𐑧𐑕𐑑	ɡreɪtest	RRP	89	𐑜𐑮𐑱𐑑𐑩𐑕𐑑	ˈɡreɪtəst	
grecian	𐑜𐑮𐑦𐑖𐑩𐑯	ɡriʃən	RRP	89	𐑜𐑮𐑰𐑖𐑩𐑯	ˈɡriːʃən	
greed	𐑜𐑮𐑦𐑛	ɡrid	RRP	89	𐑜𐑮𐑰𐑛	ɡriːd	
greengrocer	𐑜𐑮𐑦𐑯𐑜𐑮𐑴𐑕𐑼	ɡrinɡrəʊsəR	RRP	89	𐑜𐑮𐑰𐑯𐑜𐑮𐑴𐑕𐑼	ˈɡriːnɡrəʊsəR	
gregorian	𐑜𐑮𐑦𐑜𐑹𐑦𐑩𐑯	ɡrɪɡɔːriən	RRP	89	𐑜𐑮𐑦𐑜𐑹𐑾𐑯	ɡrɪˈɡɔːrɪən	
grippe	𐑜𐑮𐑦𐑐	ɡrɪp	RRP	89	𐑜𐑮𐑰𐑐	ɡriːp	
grocery	𐑜𐑮𐑴𐑕𐑮𐑦	ɡrəʊsri	RRP	89	𐑜𐑮𐑴𐑕𐑼𐑦	ˈɡrəʊsəri	
gruel	𐑜𐑮𐑵𐑤	ɡruːl	RRP	89	𐑜𐑮𐑵𐑩𐑤	ˈɡruːəl	
gruelling	𐑜𐑮𐑫𐑼𐑤𐑦𐑙	ɡrʊəRlɪŋ	RRP	89	𐑜𐑮𐑵𐑩𐑤𐑦𐑙	ˈɡruːəlɪŋ	
guarantee	𐑜𐑨𐑮𐑼𐑯𐑑𐑰	ɡærəRntiː	RRP	89	𐑜𐑨𐑮𐑩𐑯𐑑𐑰	ˌɡærənˈtiː	
guarantor	𐑜𐑨𐑮𐑼𐑯𐑑𐑼	ɡærəRntəR	RRP	89	𐑜𐑨𐑮𐑩𐑯𐑑𐑹	ˌɡærənˈtɔːR	
guaranty	𐑜𐑨𐑮𐑼𐑯𐑑𐑦	ɡærəRnti	RRP	89	𐑜𐑨𐑮𐑩𐑯𐑑𐑦	ˈɡærənti	
gubernatorial	𐑜𐑿𐑚𐑼𐑯𐑧𐑑𐑹𐑦𐑼𐑤	ɡjuːbəRnetɔːriəRl	RRP	89	𐑜𐑵𐑚𐑼𐑯𐑩𐑑𐑹𐑾𐑤	ˌɡuːbəRnəˈtɔːriəl	
guesstimate	𐑜𐑧𐑕𐑑𐑩𐑥𐑩𐑑	ˈɡestəmət	RRP	89	𐑜𐑧𐑕𐑑𐑦𐑥𐑩𐑑	ˈɡestɪmət	
gullet	𐑜𐑳𐑤𐑦𐑑	ˈɡʌlɪt	RRP	89	𐑜𐑳𐑤𐑩𐑑	ˈɡʌlət	
gullible	𐑜𐑳𐑤𐑦𐑚𐑩𐑤	ˈɡʌlɪbəl	RRP	89	𐑜𐑳𐑤𐑩𐑚𐑩𐑤	ˈɡʌləbəl	
gunfire	𐑜𐑳𐑯𐑓𐑳𐑽	ɡʌnfʌɪəR	RRP	89	𐑜𐑳𐑯𐑓𐑲𐑼	ˈɡʌnfaɪəR	
gunmetal	𐑜𐑳𐑯𐑥𐑧𐑑𐑤	ˈɡʌnmetl	RRP	89	𐑜𐑳𐑯𐑥𐑧𐑑𐑩𐑤	ˈɡʌnmetəl	
guru	𐑜𐑫𐑮𐑵	ɡʊruː	RRP	89	𐑜𐑵𐑮𐑵	ˈɡuːruː	
gusset	𐑜𐑳𐑕𐑦𐑑	ˈɡʌsɪt	RRP	89	𐑜𐑳𐑕𐑩𐑑	ˈɡʌsIt	
gutta-percha	𐑜𐑳𐑑𐑩𐑐𐑻𐑗𐑩	ɡʌtəpɜːRtʃə	RRP	89	𐑜𐑳𐑑𐑩-𐑐𐑻𐑗𐑩	ˌɡʌtə-ˈpɜːRtʃə	
guttural	𐑜𐑳𐑑𐑼𐑼𐑤	ɡʌtərəRl	RRP	89	𐑜𐑳𐑑𐑼𐑩𐑤	ˈɡʌtərəl	
gymnasium	𐑡𐑦𐑥𐑯𐑱𐑟𐑦𐑩𐑥	dʒɪmˈneɪziəm	RRP	89	𐑡𐑦𐑥𐑯𐑱𐑟𐑾𐑥	dʒɪmˈneɪzɪəm	
haberdasher	𐑣𐑨𐑚𐑻𐑛𐑨𐑖𐑼	hæbɜːRdæʃəR	RRP	89	𐑣𐑨𐑚𐑼𐑛𐑨𐑖𐑼	ˈhæbəRdæʃəR	
habitually	𐑣𐑩𐑚𐑦𐑑𐑘𐑫𐑩𐑤𐑦	həˈbɪtjuəli	RRP	89	𐑣𐑩𐑚𐑦𐑗𐑫𐑩𐑤𐑦	həˈbɪtʃuəli	
hackneyed	𐑣𐑨𐑒𐑯𐑰𐑛	ˈhækniːd	RRP	89	𐑣𐑨𐑒𐑯𐑦𐑛	ˈhæknid	
haemophilia	𐑣𐑰𐑥𐑩𐑓𐑦𐑤𐑦𐑩	ˌhiːməˈfɪliə	RRP	89	𐑣𐑰𐑥𐑩𐑓𐑦𐑤𐑾	ˌhiːməˈfɪlɪə	
hairline	𐑣𐑧𐑮𐑤𐑲𐑯	herlaɪn	RRP	89	𐑣𐑺𐑤𐑲𐑯	ˈheəRlaɪn	
hairnet	𐑣𐑧𐑮𐑯𐑧𐑑	hernet	RRP	89	𐑣𐑺𐑯𐑧𐑑	ˈheəRnet	
hairpin	𐑣𐑱𐑮𐑐𐑦𐑯	heɪrpɪn	RRP	89	𐑣𐑺𐑐𐑦𐑯	ˈheəRpɪn	
halcyon	𐑣𐑨𐑤𐑕𐑰𐑩𐑯	ˈhælsiːən	RRP	89	𐑣𐑨𐑤𐑕𐑾𐑯	ˈhælsɪən	
half-timbered	𐑣𐑭𐑓 𐑑𐑦𐑥𐑚𐑼𐑛	hɑːf tɪmbəRd	RRP	89	𐑣𐑨𐑓-𐑑𐑦𐑥𐑚𐑼𐑛, 𐑣𐑭𐑓-𐑑𐑦𐑥𐑚𐑼𐑛	hⱭːf-ˈtɪmbəRd	
halfpennyworth	𐑣𐑱𐑐𐑯𐑦𐑢𐑼𐑔	heɪpnɪwəRθ	RRP	89	𐑣𐑱𐑐𐑯𐑦𐑢𐑻𐑔	ˈheɪpnɪwɜːRθ	
halide	𐑣𐑱𐑤𐑲𐑛	ˈheɪlaɪd	RRP	89	𐑣𐑨𐑤𐑲𐑛	ˈhælaɪd	
hallmark	𐑣𐑹𐑤𐑥𐑸𐑒	hɔːRlmɑːRk	RRP	89	𐑣𐑷𐑤𐑥𐑸𐑒	ˈhɔːlmɑːRk	
halloween	𐑣𐑨𐑤𐑩𐑢𐑰𐑯	ˌhaləˈwiːn	RRP	89	𐑣𐑨𐑤𐑴𐑰𐑯	ˌhæləʊˈiːn	
hallucinatory	𐑣𐑩𐑤𐑵𐑕𐑦𐑯𐑼𐑑𐑼𐑦	həluːsɪnəRtəri	RRP	89	𐑣𐑩𐑤𐑵𐑕𐑦𐑯𐑩𐑑𐑼𐑦	həˈluːsɪnətəri	
hallucinogen	𐑣𐑨𐑤𐑵𐑕𐑦𐑯𐑩𐑡𐑩𐑯	ˌhæluːˈsɪnədʒən	RRP	89	𐑣𐑩𐑤𐑵𐑕𐑦𐑯𐑩𐑡𐑧𐑯	həˈluːsɪnədʒen	
hallucinogenic	𐑣𐑨𐑤𐑵𐑕𐑦𐑯𐑩𐑡𐑩𐑯𐑦𐑒	ˌhæluːˈsɪnədʒənɪk	RRP	89	𐑣𐑩𐑤𐑵𐑕𐑦𐑯𐑩𐑡𐑧𐑯𐑦𐑒	həˌluːsɪnəˈdʒenɪk	
hamadryad	𐑣𐑨𐑥𐑩𐑛𐑮𐑲𐑨𐑛	hæmədraɪæd	RRP	89	𐑣𐑨𐑥𐑩𐑛𐑮𐑲𐑩𐑛	ˌhæməˈdraɪəd	
handful	𐑣𐑨𐑯𐑓𐑫𐑤	ˈhænfʊl	RRP	89	𐑣𐑨𐑯𐑛𐑓𐑫𐑤	ˈhændfʊl	
handkerchief	𐑣𐑨𐑙𐑒𐑼𐑗𐑰𐑓	hæŋkəRtʃiːf	RRP	89	𐑣𐑨𐑙𐑒𐑼𐑗𐑦𐑓	ˈhæŋkəRtʃɪf	
hands	𐑣𐑨𐑯𐑟	hænz	RRP	89	𐑣𐑨𐑯𐑛𐑟	hændz	
handset	𐑣𐑨𐑯𐑕𐑧𐑑	ˈhænset	RRP	89	𐑣𐑨𐑯𐑛𐑕𐑧𐑑	ˈhændset	
handsome	𐑣𐑨𐑯𐑕𐑩𐑥	ˈhænsəm	RRP	89	𐑣𐑨𐑯𐑛𐑕𐑩𐑥	ˈhændsəm	
handsomely	𐑣𐑨𐑯𐑕𐑩𐑥𐑤𐑦	ˈhænsəmli	RRP	89	𐑣𐑨𐑯𐑛𐑕𐑩𐑥𐑤𐑦	ˈhændsəmli	
hansard	𐑣𐑨𐑯𐑕𐑼𐑛	hænsəRd	RRP	89	𐑣𐑨𐑯𐑕𐑸𐑛	ˈhænsɑːRd	
happily	𐑣𐑨𐑐𐑩𐑤𐑦	ˈhapəli	RRP	89	𐑣𐑨𐑐𐑦𐑤𐑦	ˈhæpɪli	
happy	𐑣𐑨𐑐𐑰	ˈhæpiː	RRP	89	𐑣𐑨𐑐𐑦	ˈhæpi	
harass	𐑣𐑨𐑮𐑼𐑕	hærəRs	RRP	89	𐑣𐑼𐑨𐑕	həˈræs	
harlequinade	𐑣𐑸𐑤𐑼𐑒𐑢𐑦𐑯𐑱𐑛	hɑːRləRkwɪneɪd	RRP	89	𐑣𐑸𐑤𐑦𐑒𐑢𐑦𐑯𐑱𐑛	ˌhɑːRlɪkwɪˈneɪd	
harum-scarum	𐑣𐑺𐑼𐑥𐑕𐑒𐑺𐑼𐑥	heərəRmskeərəRm	RRP	89	𐑣𐑺𐑩𐑥-𐑕𐑒𐑺𐑩𐑥	ˌheərəm-ˈskeərəm	
has-been	𐑣𐑨𐑟𐑚𐑰𐑯	ˈhæzbiːn	RRP	89	𐑣𐑨𐑟-𐑚𐑦𐑯, 𐑣𐑨𐑟-𐑚𐑰𐑯	ˈhæz-biːn	
hashish	𐑣𐑩𐑖𐑰𐑖	həˈʃiːʃ	RRP	89	𐑣𐑨𐑖𐑰𐑖	ˈhæʃiːʃ	
hassle	𐑣𐑨𐑕𐑤	ˈhæsl	RRP	89	𐑣𐑨𐑕𐑩𐑤	ˈhæsəl	
hatchet	𐑣𐑨𐑗𐑦𐑑	ˈhætʃɪt	RRP	89	𐑣𐑨𐑗𐑩𐑑	ˈhætʃIt	
haulage	𐑣𐑷𐑤𐑩𐑡	hɔːlədʒ	RRP	89	𐑣𐑷𐑤𐑦𐑡	ˈhɔːlɪdʒ	
haulm	𐑣𐑪𐑥	hɒm	RRP	89	𐑣𐑷𐑥	hɔːm	
hautboy	𐑣𐑴𐑚𐑶	ˈhəʊˌbɔɪ	RRP	89	𐑴𐑚𐑶	ˈəʊbɔɪ	
hauteur	𐑷𐑑𐑻	ɔːtɜːR	RRP	89	𐑴𐑑𐑻	əʊˈtɜːR	
hawthorn	𐑣𐑹𐑔𐑹𐑯	hɔːRθɔːRn	RRP	89	𐑣𐑷𐑔𐑹𐑯	ˈhɔːθɔːRn	
he	𐑣𐑦	hi	RRP	89	𐑣𐑰	hiː	
he-man	𐑣𐑰𐑥𐑨𐑯	ˈhiːmæn	RRP	89	𐑣𐑰-𐑥𐑨𐑯	ˈhiː-mæn	
hearken	𐑣𐑸𐑒𐑯	hɑːRkn	RRP	89	𐑣𐑸𐑒𐑩𐑯	ˈhɑːRkən	
hearten	𐑣𐑸𐑑𐑼𐑯	hɑːRtəRn	RRP	89	𐑣𐑸𐑑𐑩𐑯	ˈhɑːRtən	
heartlessness	𐑣𐑸𐑑𐑤𐑦𐑕𐑯𐑩𐑕	hɑːRtlɪsnəs	RRP	89	𐑣𐑸𐑑𐑤𐑩𐑕𐑯𐑩𐑕	ˈhɑːRtləsnəs	
hedonism	𐑣𐑧𐑛𐑩𐑯𐑦𐑟𐑩𐑥	ˈhedənɪzəm	RRP	89	𐑣𐑰𐑛𐑩𐑯𐑦𐑟𐑩𐑥	ˈhiːdənɪzəm	
hedonist	𐑣𐑧𐑛𐑩𐑯𐑦𐑕𐑑	ˈhedənɪst	RRP	89	𐑣𐑰𐑛𐑩𐑯𐑦𐑕𐑑	ˈhiːdənɪst	
hedonistic	𐑣𐑧𐑛𐑩𐑯𐑦𐑕𐑑𐑦𐑒	ˈhedənɪstɪk	RRP	89	𐑣𐑰𐑛𐑩𐑯𐑦𐑕𐑑𐑦𐑒	ˌhiːdəˈnɪstɪk	
heliotrope	𐑣𐑰𐑤𐑦𐑩𐑑𐑮𐑴𐑐	hiːliətroʊp	RRP	89	𐑣𐑰𐑤𐑾𐑑𐑮𐑴𐑐	ˈhiːlɪətrəʊp	
heliport	𐑣𐑧𐑤𐑦𐑐𐑪𐑮𐑑	helɪport	RRP	89	𐑣𐑧𐑤𐑦𐑐𐑹𐑑	ˈhelɪpɔːRt	
helium	𐑣𐑰𐑤𐑦𐑩𐑥	ˈhiːliəm	RRP	89	𐑣𐑰𐑤𐑾𐑥	ˈhiːlɪəm	
hello	𐑣𐑩𐑤𐑴	həˈləʊ	RRP	89	𐑣𐑧𐑤𐑴	heˈləʊ	
helmet	𐑣𐑧𐑤𐑥𐑦𐑑	ˈhelmɪt	RRP	89	𐑣𐑧𐑤𐑥𐑩𐑑	ˈhelmət	
helpful	𐑣𐑧𐑤𐑐𐑓𐑫𐑤	ˈhelpfʊl	RRP	89	𐑣𐑧𐑤𐑐𐑓𐑩𐑤	ˈhelpfəl	
helter-skelter	𐑣𐑧𐑤𐑑𐑼𐑕𐑒𐑧𐑤𐑑𐑼	heltəRskeltəR	RRP	89	𐑣𐑧𐑤𐑑𐑼-𐑕𐑒𐑧𐑤𐑑𐑼	ˌheltəR-ˈskeltəR	
henceforth	𐑣𐑧𐑯𐑕𐑓𐑷𐑮𐑔	hensfɔrθ	RRP	89	𐑣𐑧𐑯𐑕𐑓𐑹𐑔	hensˈfɔːRθ	
heptagon	𐑣𐑧𐑐𐑑𐑩𐑜𐑩𐑯	ˈheptəɡən	RRP	89	𐑣𐑧𐑐𐑑𐑩𐑜𐑪𐑯	ˈheptəɡɒn	
heraldry	𐑣𐑧𐑮𐑼𐑤𐑛𐑮𐑦	herəRldri	RRP	89	𐑣𐑧𐑮𐑩𐑤𐑛𐑮𐑦	ˈherəldri	
herbaceous	𐑣𐑼𐑚𐑱𐑖𐑩𐑕	həRbeɪʃəs	RRP	89	𐑣𐑻𐑚𐑱𐑖𐑩𐑕	hɜːRˈbeɪʃəs	
herculean	𐑣𐑻𐑒𐑿𐑤𐑦𐑩𐑯	hɜːrkjuːliən	RRP	89	𐑣𐑻𐑒𐑘𐑩𐑤𐑾𐑯	ˌhɜːRkjəˈliən	
hereby	𐑣𐑽𐑚𐑳𐑦	hɪəRbʌɪ	RRP	89	𐑣𐑽𐑚𐑲	hɪəRˈbaɪ	
hereditament	𐑣𐑦𐑮𐑧𐑛𐑦𐑑𐑩𐑥𐑩𐑯𐑑	hɪredɪtəmənt	RRP	89	𐑣𐑧𐑮𐑩𐑛𐑦𐑑𐑩𐑥𐑩𐑯𐑑	ˌherəˈdɪtəmənt	
hereditary	𐑣𐑼𐑧𐑛𐑦𐑑𐑮𐑦	həredɪtri	RRP	89	𐑣𐑼𐑧𐑛𐑦𐑑𐑼𐑦	həˈredɪtəri	
heredity	𐑣𐑦𐑮𐑧𐑛𐑦𐑑𐑦	hɪredɪti	RRP	89	𐑣𐑼𐑧𐑛𐑦𐑑𐑦	həˈredɪti	
heresy	𐑣𐑧𐑮𐑼𐑕𐑦	herəRsi	RRP	89	𐑣𐑧𐑮𐑩𐑕𐑦	ˈherəsi	
heretical	𐑣𐑼𐑧𐑑𐑦𐑒𐑩𐑤	həretɪkəl	RRP	89	𐑣𐑦𐑮𐑧𐑑𐑦𐑒𐑩𐑤	hɪˈretɪkəl	
hereto	𐑣𐑦𐑮𐑑𐑵	hɪrtuː	RRP	89	𐑣𐑽𐑑𐑵	hɪəRˈtuː	
heretofore	𐑣𐑽𐑑𐑼𐑓𐑹	hɪəRtəRfɔːR	RRP	89	𐑣𐑽𐑑𐑵𐑓𐑹	ˌhɪəRtuːˈfɔːR	
hermetic	𐑣𐑼𐑥𐑧𐑑𐑦𐑒	həRmetɪk	RRP	89	𐑣𐑻𐑥𐑧𐑑𐑦𐑒	hɜːRˈmetɪk	
heron	𐑣𐑧𐑮𐑼𐑯	herəRn	RRP	89	𐑣𐑧𐑮𐑩𐑯	ˈherən	
heterodox	𐑣𐑧𐑑𐑧𐑮𐑼𐑛𐑪𐑒𐑕	heterəRdɒks	RRP	89	𐑣𐑧𐑑𐑼𐑩𐑛𐑪𐑒𐑕	ˈhetərədɒks	
heterodoxy	𐑣𐑧𐑑𐑧𐑮𐑼𐑛𐑪𐑒𐑕𐑦	heterəRdɒksi	RRP	89	𐑣𐑧𐑑𐑼𐑩𐑛𐑪𐑒𐑕𐑦	ˈhetərədɒksi	
heterogeneous	𐑣𐑧𐑑𐑼𐑼𐑡𐑰𐑯𐑰𐑩𐑕	hetərəRdʒiːniːəs	RRP	89	𐑣𐑧𐑑𐑼𐑩𐑡𐑰𐑯𐑾𐑕	ˌhetərəˈdʒiːnɪəs	
heteronym	𐑣𐑧𐑑𐑼𐑼𐑯𐑦𐑥	hetərəRnɪm	RRP	89	𐑣𐑧𐑑𐑼𐑩𐑯𐑦𐑥	ˈhetərənɪm	
heterosexual	𐑣𐑧𐑑𐑼𐑼𐑕𐑧𐑒𐑖𐑫𐑩𐑤	hetərəRsekʃuəl	RRP	89	𐑣𐑧𐑑𐑼𐑩𐑕𐑧𐑒𐑖𐑫𐑩𐑤	ˌhetərəˈsekʃuəl	
heuristic	𐑣𐑘𐑫𐑮𐑦𐑕𐑑𐑦𐑒	hjurɪstɪk	RRP	89	𐑣𐑘𐑫𐑼𐑦𐑕𐑑𐑦𐑒	hjʊəˈrɪstɪk	
hexagon	𐑣𐑧𐑒𐑕𐑩𐑜𐑩𐑯	ˈheksəɡən	RRP	89	𐑣𐑧𐑒𐑕𐑩𐑜𐑪𐑯	ˈheksəɡɒn	
hi-fi	𐑣𐑲𐑓𐑲	ˈhaɪˌfaɪ	RRP	89	𐑣𐑲-𐑓𐑲	ˌhaɪ-ˈfaɪ	
hiccough	𐑣𐑦𐑒𐑩𐑐	ˈhɪkəp	RRP	89	𐑣𐑦𐑒𐑳𐑐	ˈhɪkʌp	
hiccup	𐑣𐑦𐑒𐑩𐑐	ˈhɪkəp	RRP	89	𐑣𐑦𐑒𐑳𐑐	ˈhɪkʌp	
hickory	𐑣𐑦𐑒𐑼𐑰	hɪkəriː	RRP	89	𐑣𐑦𐑒𐑼𐑦	ˈhɪkəri	
hidden	𐑣𐑦𐑛𐑯	ˈhɪdn	RRP	89	𐑣𐑦𐑛𐑩𐑯	ˈhɪdən	
hideous	𐑣𐑦𐑛𐑰𐑳𐑕	ˈhɪdiːʌs	RRP	89	𐑣𐑦𐑛𐑾𐑕	ˈhɪdɪəs	
hieroglyph	𐑣𐑲𐑮𐑼𐑜𐑤𐑦𐑓	haɪrəRɡlɪf	RRP	89	𐑣𐑲𐑮𐑩𐑜𐑤𐑦𐑓	ˈhaɪrəɡlɪf	
hieroglyphic	𐑣𐑲𐑮𐑼𐑜𐑤𐑦𐑓𐑦𐑒	haɪrəRɡlɪfɪk	RRP	89	𐑣𐑲𐑮𐑩𐑜𐑤𐑦𐑓𐑦𐑒	ˌhaɪrəˈɡlɪfɪk	
hilarious	𐑣𐑦𐑤𐑺𐑦𐑩𐑕	hɪleəriəs	RRP	89	𐑣𐑦𐑤𐑺𐑾𐑕	hɪˈleərɪəs	
hinder	𐑣𐑲𐑯𐑛𐑼	haɪndəR	RRP	89	𐑣𐑦𐑯𐑛𐑼	ˈhɪndəR	
historic	𐑦𐑕𐑑𐑪𐑮𐑦𐑒	ɪstɒrɪk	RRP	89	𐑣𐑦𐑕𐑑𐑪𐑮𐑦𐑒	hɪˈstɒrɪk	
history	𐑣𐑦𐑕𐑑𐑮𐑦	hɪstri	RRP	89	𐑣𐑦𐑕𐑑𐑼𐑦	ˈhɪstəri	
histrionic	𐑣𐑦𐑕𐑑𐑮𐑰𐑪𐑯𐑦𐑒	hɪstriːɒnɪk	RRP	89	𐑣𐑦𐑕𐑑𐑮𐑦𐑪𐑯𐑦𐑒	ˌhɪstrɪˈɒnɪk	
hocus-pocus	𐑣𐑴𐑒𐑩𐑕 𐑐𐑴𐑒𐑩𐑕	ˌhəʊkəs ˈpəʊkəs	RRP	89	𐑣𐑴𐑒𐑩𐑕-𐑐𐑴𐑒𐑩𐑕	ˌhəʊkəs-ˈpəʊkəs	
hoity-toity	𐑣𐑶𐑑𐑦𐑑𐑶𐑑𐑦	ˌhɔɪtiˈtɔɪti	RRP	89	𐑣𐑶𐑑𐑦-𐑑𐑶𐑑𐑦	ˌhɔɪti-ˈtɔɪti	
holster	𐑣𐑪𐑤𐑕𐑑𐑼	hɒlstəR	RRP	89	𐑣𐑴𐑤𐑕𐑑𐑼	ˈhəʊlstəR	
home	𐑴𐑥	əʊm	RRP	89	𐑣𐑴𐑥	həʊm	
homogeneity	𐑣𐑪𐑥𐑩𐑡𐑩𐑯𐑰𐑩𐑑𐑦	ˌhɒmədʒəˈniːəti	RRP	89	𐑣𐑴𐑥𐑴𐑡𐑩𐑯𐑱𐑦𐑑𐑦	ˌhəʊməʊdʒəˈneɪɪti	
homogeneous	𐑣𐑪𐑥𐑩𐑡𐑰𐑯𐑾𐑕	ˌhɒməˈdʒiːnɪəs	RRP	89	𐑣𐑴𐑥𐑩𐑡𐑰𐑯𐑾𐑕	ˌhəʊməˈdʒiːnɪəs	
homogenise	𐑣𐑩𐑥𐑪𐑡𐑩𐑯𐑲𐑟	həˈmɒdʒənaɪz	RRP	89	𐑣𐑩𐑥𐑪𐑡𐑦𐑯𐑲𐑟	həˈmɒdʒɪnaɪz	
homogenize	𐑣𐑩𐑥𐑪𐑡𐑩𐑯𐑲𐑟	həˈmɒdʒənaɪz	RRP	89	𐑣𐑩𐑥𐑪𐑡𐑦𐑯𐑲𐑟	həˈmɒdʒɪnaɪz	
homosexual	𐑣𐑪𐑥𐑴𐑕𐑧𐑒𐑕𐑿𐑩𐑤	ˌhɒməʊˈseksjuːəl	RRP	89	𐑣𐑴𐑥𐑴𐑕𐑧𐑒𐑖𐑫𐑩𐑤	ˌhəʊməʊˈsekʃuəl	
honeycomb	𐑣𐑳𐑯𐑰𐑒𐑴𐑥	ˈhʌniːkəʊm	RRP	89	𐑣𐑳𐑯𐑦𐑒𐑴𐑥	ˈhʌnɪkəʊm	
honeymoon	𐑣𐑳𐑯𐑦𐑥𐑫𐑯	ˈhʌniˌmun	RRP	89	𐑣𐑳𐑯𐑦𐑥𐑵𐑯	ˈhʌnɪmuːn	
honeysuckle	𐑣𐑳𐑯𐑦𐑕𐑳𐑒𐑤	ˈhʌnɪsʌkl	RRP	89	𐑣𐑳𐑯𐑦𐑕𐑳𐑒𐑩𐑤	ˈhʌnɪsʌkəl	
honorable	𐑪𐑯𐑼𐑼𐑚𐑩𐑤	ɒnərəRbəl	RRP	89	𐑪𐑯𐑼𐑩𐑚𐑩𐑤	ˈɒnərəbəl	
honorarium	𐑪𐑯𐑼𐑧𐑮𐑦𐑼𐑥	ɒnəreriəRm	RRP	89	𐑪𐑯𐑼𐑺𐑾𐑥	ˌɒnəˈreərɪəm	
honourably	𐑪𐑯𐑼𐑼𐑚𐑤𐑦	ɒnərəRbli	RRP	89	𐑪𐑯𐑼𐑩𐑚𐑤𐑦	ˈɒnərəbli	
hoof	𐑣𐑫𐑓	hʊf	RRP	89	𐑣𐑵𐑓	huːf	
hopelessly	𐑣𐑴𐑐𐑤𐑦𐑕𐑤𐑦	ˈhəʊplɪsli	RRP	89	𐑣𐑴𐑐𐑤𐑩𐑕𐑤𐑦	ˈhəʊpləsli	
horchata	𐑹𐑗𐑸𐑑𐑩	ɔːrtʃɑːRtə	RRP	89	𐑣𐑹𐑗𐑭𐑑𐑩	hɔːRˈtʃɑːtə	
hormonal	𐑣𐑷𐑮𐑥𐑴𐑯𐑩𐑤	hɔrmoʊnəl	RRP	89	𐑣𐑹𐑥𐑴𐑯𐑩𐑤	hɔːRˈməʊnəl	
hornet	𐑣𐑹𐑯𐑦𐑑	hɔːRnɪt	RRP	89	𐑣𐑹𐑯𐑩𐑑	ˈhɔːRnIt	
horoscope	𐑣𐑪𐑮𐑼𐑕𐑒𐑴𐑐	hɒrəRskəʊp	RRP	89	𐑣𐑪𐑮𐑩𐑕𐑒𐑴𐑐	ˈhɒrəskəʊp	
hosier	𐑣𐑴𐑠𐑼	həʊʒəR	RRP	89	𐑣𐑴𐑟𐑽	ˈhəʊzɪəR	
hosiery	𐑣𐑴𐑠𐑼𐑦	hoʊʒəri	RRP	89	𐑣𐑴𐑟𐑽𐑦	ˈhəʊzɪəri	
hostess	𐑣𐑴𐑕𐑑𐑩𐑕	ˈhəʊstəs	RRP	89	𐑣𐑴𐑕𐑑𐑧𐑕	ˈhəʊstes	
hotel	𐑴𐑑𐑧𐑤	əʊˈtel	RRP	89	𐑣𐑴𐑑𐑧𐑤	həʊˈtel	
hotelier	𐑣𐑴𐑑𐑧𐑤𐑦𐑼	həʊteliəR	RRP	89	𐑣𐑴𐑑𐑧𐑤𐑽	həʊˈtelɪəR	
hourglass	𐑬𐑼𐑜𐑤𐑸𐑕	aʊəRɡlɑːRs	RRP	89	𐑬𐑼𐑜𐑤𐑨𐑕, 𐑬𐑼𐑜𐑤𐑭𐑕	ˈaʊəRɡlⱭːs	
hoverboard	𐑣𐑪𐑝𐑼𐑚𐑷𐑮𐑛	hɒvəRbɔrd	RRP	89	𐑣𐑪𐑝𐑼𐑚𐑹𐑛	ˈhɒvərbɔːRd	
hue	𐑣𐑢𐑱	ˈhweɪ	RRP	89	𐑣𐑿	hjuː	
hugger-mugger	𐑣𐑳𐑜𐑼𐑥𐑳𐑜𐑼	hʌɡəRmʌɡəR	RRP	89	𐑣𐑳𐑜𐑼-𐑥𐑳𐑜𐑼	ˈhʌɡəR-mʌɡəR	
hugo	𐑣𐑘𐑫𐑜𐑴	ˈhjuɡoʊ	RRP	89	𐑣𐑿𐑜𐑴	ˈhjuːɡəʊ	
hullo	𐑣𐑳𐑤𐑴	hʌˈləʊ	RRP	89	𐑣𐑩𐑤𐑴	həˈləʊ	
human	𐑿𐑥𐑩𐑯	ˈjuːmən	RRP	89	𐑣𐑿𐑥𐑩𐑯	ˈhjuːmən	
humanism	𐑣𐑿𐑥𐑩𐑯𐑦𐑟𐑥	ˈhjuːmənɪzm	RRP	89	𐑣𐑿𐑥𐑩𐑯𐑦𐑟𐑩𐑥	ˈhjuːmənɪzəm	
humanitarian	𐑣𐑘𐑩𐑥𐑨𐑯𐑦𐑑𐑻𐑾𐑯	hjəmænɪtɜːrɪən	RRP	89	𐑣𐑿𐑥𐑨𐑯𐑦𐑑𐑺𐑾𐑯	hjuːˌmænɪˈteərɪən	
humanities	𐑣𐑘𐑫𐑥𐑨𐑯𐑦𐑑𐑦𐑟	hjuˈmænɪtiz	RRP	89	𐑣𐑿𐑥𐑨𐑯𐑦𐑑𐑦𐑟	hjuːˈmænɪtiz	
humanity	𐑣𐑘𐑫𐑥𐑨𐑯𐑦𐑑𐑦	hjuˈmænɪti	RRP	89	𐑣𐑿𐑥𐑨𐑯𐑦𐑑𐑦	hjuːˈmænɪti	
humbug	𐑣𐑩𐑥𐑚𐑩𐑜	ˈhəmˌbəɡ	RRP	89	𐑣𐑳𐑥𐑚𐑳𐑜	ˈhʌmbʌɡ	
humerus	𐑣𐑿𐑥𐑼𐑼𐑕	hjuːmərəRs	RRP	89	𐑣𐑿𐑥𐑼𐑩𐑕	ˈhjuːmərəs	
humid	𐑣𐑿𐑥𐑩𐑛	ˈhjuːmƏd	RRP	89	𐑣𐑿𐑥𐑦𐑛	ˈhjuːmɪd	
hungarian	𐑣𐑳𐑙𐑜𐑺𐑦𐑩𐑯	hʌŋɡeəriən	RRP	89	𐑣𐑳𐑙𐑜𐑺𐑾𐑯	ˌhʌŋˈɡeərɪən	
hurdy-gurdy	𐑣𐑻𐑛𐑦𐑜𐑻𐑛𐑦	hɜːRdiɡɜːRdi	RRP	89	𐑣𐑻𐑛𐑦-𐑜𐑻𐑛𐑦	ˈhɜːRdi-ɡɜːRdi	
hurtle	𐑣𐑻𐑑𐑤	hɜːRtl	RRP	89	𐑣𐑻𐑑𐑩𐑤	ˈhɜːRtəl	
husbandman	𐑣𐑩𐑟𐑚𐑩𐑯𐑛𐑥𐑩𐑯	ˈhəzbəndmən	RRP	89	𐑣𐑳𐑟𐑚𐑩𐑯𐑛𐑥𐑩𐑯	ˈhʌzbəndmən	
husbandry	𐑣𐑳𐑟𐑚𐑯𐑛𐑮𐑦	hʌzbndri	RRP	89	𐑣𐑳𐑟𐑚𐑩𐑯𐑛𐑮𐑦	ˈhʌzbəndri	
hydraulic	𐑣𐑲𐑛𐑮𐑪𐑤𐑦𐑒	haɪdrɒlɪk	RRP	89	𐑣𐑲𐑛𐑮𐑷𐑤𐑦𐑒	haɪˈdrɔːlɪk	
hydraulics	𐑣𐑲𐑛𐑮𐑪𐑤𐑦𐑒𐑕	haɪdrɒlɪks	RRP	89	𐑣𐑲𐑛𐑮𐑷𐑤𐑦𐑒𐑕	haɪˈdrɔːlɪks	
hydrogen	𐑣𐑲𐑛𐑮𐑩𐑡𐑯	haɪdrədʒn	RRP	89	𐑣𐑲𐑛𐑮𐑩𐑡𐑩𐑯	ˈhaɪdrədʒən	
hydrophobia	𐑣𐑳𐑦𐑛𐑮𐑩𐑓𐑴𐑚𐑾	hʌɪdrəfəʊbɪə	RRP	89	𐑣𐑲𐑛𐑮𐑴𐑓𐑴𐑚𐑾	ˌhaɪdrəʊˈfəʊbɪə	
hydroponics	𐑣𐑲𐑛𐑮𐑩𐑐𐑪𐑯𐑦𐑒𐑕	haɪdrəpɒnɪks	RRP	89	𐑣𐑲𐑛𐑮𐑴𐑐𐑪𐑯𐑦𐑒𐑕	ˌhaɪdrəʊˈpɒnɪks	
hyphenate	𐑣𐑳𐑦𐑓𐑯𐑱𐑑	ˈhʌɪfneɪt	RRP	89	𐑣𐑲𐑓𐑩𐑯𐑱𐑑	ˈhaɪfəneɪt	
hypodermic	𐑣𐑲𐑐𐑼𐑛𐑻𐑥𐑦𐑒	haɪpəRdɜːRmɪk	RRP	89	𐑣𐑲𐑐𐑩𐑛𐑻𐑥𐑦𐑒	ˌhaɪpəˈdɜːRmɪk	
hypothecate	𐑣𐑳𐑦𐑐𐑪𐑔𐑦𐑒𐑱𐑑	hʌɪˈpɒθɪkeɪt	RRP	89	𐑣𐑲𐑐𐑪𐑔𐑦𐑒𐑱𐑑	haɪˈpɒθɪkeɪt	
hypothermia	𐑣𐑲𐑐𐑴𐑔𐑻𐑥𐑦𐑩	haɪpəʊθɜːRmiə	RRP	89	𐑣𐑲𐑐𐑴𐑔𐑻𐑥𐑾	ˌhaɪpəʊˈθɜːRmɪə	
hypothetical	𐑣𐑲𐑐𐑩𐑔𐑧𐑑𐑦𐑒𐑤	ˌhaɪpəˈθetɪkl	RRP	89	𐑣𐑲𐑐𐑴𐑔𐑧𐑑𐑦𐑒𐑩𐑤	ˌhaɪpəʊˈθetɪkəl	
iamb	𐑲𐑩𐑥	ˈaɪəm	RRP	89	𐑲𐑨𐑥	ˈaɪæm	
icebox	𐑳𐑦𐑕𐑚𐑪𐑒𐑕	ˈʌɪsbɒks	RRP	89	𐑲𐑕𐑚𐑪𐑒𐑕	ˈaɪsbɒks	
icon	𐑲𐑒𐑩𐑯	ˈaɪkən	RRP	89	𐑲𐑒𐑪𐑯	ˈaɪkɒn	
id	𐑲𐑛𐑰	aɪˈdiː	RRP	89	𐑦𐑛	ɪd	
ideally	𐑳𐑦𐑛𐑾𐑤𐑦	ʌɪˈdɪəli	RRP	89	𐑲𐑛𐑾𐑤𐑦	aɪˈdɪəli	
identical	𐑦𐑛𐑧𐑯𐑑𐑦𐑒𐑩𐑤	ɪˈdentɪkəl	RRP	89	𐑲𐑛𐑧𐑯𐑑𐑦𐑒𐑩𐑤	aɪˈdentɪkəl	
identification	𐑦𐑛𐑧𐑯𐑑𐑦𐑓𐑦𐑒𐑱𐑖𐑩𐑯	ɪˌdentɪfɪˈkeɪʃən	RRP	89	𐑲𐑛𐑧𐑯𐑑𐑦𐑓𐑦𐑒𐑱𐑖𐑩𐑯	aɪˌdentɪfɪˈkeɪʃən	
identity	𐑲𐑛𐑧𐑯𐑑𐑩𐑑𐑦	aɪˈdentəti	RRP	89	𐑲𐑛𐑧𐑯𐑑𐑦𐑑𐑦	aɪˈdentɪti	
ideogram	𐑦𐑛𐑦𐑩𐑜𐑮𐑨𐑥	ɪdiəɡræm	RRP	89	𐑦𐑛𐑦𐑴𐑜𐑮𐑨𐑥	ˈɪdɪəʊɡræm	
ideology	𐑲𐑛𐑰𐑪𐑤𐑩𐑡𐑰	ˌaɪdiːˈɒlədʒiː	RRP	89	𐑲𐑛𐑦𐑪𐑤𐑩𐑡𐑦	ˌaɪdɪˈɒlədʒi	
idiocy	𐑦𐑛𐑦𐑩𐑕𐑦	ˈɪdiəsi	RRP	89	𐑦𐑛𐑾𐑕𐑦	ˈɪdɪəsi	
idiomatic	𐑦𐑛𐑦𐑩𐑥𐑨𐑑𐑦𐑒	ˌɪdiəˈmætɪk	RRP	89	𐑦𐑛𐑦𐑴𐑥𐑨𐑑𐑦𐑒	ˌɪdɪəʊˈmætɪk	
idiosyncrasy	𐑦𐑛𐑾𐑕𐑦𐑙𐑒𐑮𐑩𐑕𐑦	ɪdɪəsɪŋkrəsi	RRP	89	𐑦𐑛𐑦𐑴𐑕𐑦𐑙𐑒𐑮𐑩𐑕𐑦	ˌɪdɪəʊˈsɪŋkrəsi	
idiot	𐑦𐑛𐑦𐑦𐑑	ˈɪdiɪt	RRP	89	𐑦𐑛𐑾𐑑	ˈɪdɪət	
idle	𐑲𐑛𐑤	ˈaɪdl	RRP	89	𐑲𐑛𐑩𐑤	ˈaɪdəl	
idol	𐑲𐑛𐑤	ˈaɪdl	RRP	89	𐑲𐑛𐑩𐑤	ˈaɪdəl	
idolatry	𐑲𐑛𐑪𐑤𐑩𐑑𐑮𐑰	aɪdɒlətriː	RRP	89	𐑲𐑛𐑪𐑤𐑩𐑑𐑮𐑦	aɪˈdɒlətri	
igneous	𐑦𐑜𐑯𐑦𐑩𐑕	ˈɪɡniəs	RRP	89	𐑦𐑜𐑯𐑾𐑕	ˈɪɡnɪəs	
ignorance	𐑦𐑜𐑯𐑼𐑼𐑯𐑕	ɪɡnərəRns	RRP	89	𐑦𐑜𐑯𐑼𐑩𐑯𐑕	ˈɪɡnərəns	
ignorant	𐑦𐑜𐑯𐑼𐑼𐑯𐑑	ɪɡnərəRnt	RRP	89	𐑦𐑜𐑯𐑼𐑩𐑯𐑑	ˈɪɡnərənt	
iguana	𐑦𐑜𐑘𐑫𐑭𐑯𐑩	ɪɡjuˈɑːnə	RRP	89	𐑦𐑜𐑢𐑭𐑯𐑩	ɪˈɡwɑːnə	
illinois	𐑦𐑤𐑩𐑯𐑶	ˌɪləˈnɔɪ	RRP	89	𐑦𐑤𐑦𐑯𐑶	ˌɪlɪˈnɔɪ	
illiteracy	𐑦𐑤𐑦𐑑𐑼𐑼𐑕𐑦	ɪlɪtərəRsi	RRP	89	𐑦𐑤𐑦𐑑𐑼𐑩𐑕𐑦	ɪˈlɪtərəsi	
illiterate	𐑦𐑤𐑦𐑑𐑼𐑼𐑑	ɪlɪtərəRt	RRP	89	𐑦𐑤𐑦𐑑𐑼𐑩𐑑	ɪˈlɪtərət	
illuminate	𐑦𐑤𐑫𐑥𐑦𐑯𐑱𐑑	ɪˈlumɪneɪt	RRP	89	𐑦𐑤𐑵𐑥𐑦𐑯𐑱𐑑	ɪˈluːmɪneɪt	
illumination	𐑦𐑤𐑫𐑥𐑦𐑯𐑱𐑖𐑩𐑯	ɪˌlumɪˈneɪʃən	RRP	89	𐑦𐑤𐑵𐑥𐑦𐑯𐑱𐑖𐑩𐑯	ɪˌluːmɪˈneɪʃən	
illusion	𐑦𐑤𐑵𐑠𐑯	ɪˈluːʒn	RRP	89	𐑦𐑤𐑵𐑠𐑩𐑯	ɪˈluːʒən	
illusory	𐑦𐑤𐑵𐑕𐑮𐑦	ɪluːsri	RRP	89	𐑦𐑤𐑵𐑕𐑼𐑦	ɪˈluːsəri	
illustrative	𐑦𐑤𐑳𐑕𐑑𐑮𐑩𐑑𐑦𐑝	ɪlʌstrətɪv	RRP	89	𐑦𐑤𐑩𐑕𐑑𐑮𐑩𐑑𐑦𐑝	ˈɪləstrətɪv	
imagery	𐑦𐑥𐑦𐑡𐑮𐑦	ɪmɪdʒri	RRP	89	𐑦𐑥𐑦𐑡𐑼𐑦	ˈɪmɪdʒəri	
imaginary	𐑦𐑥𐑨𐑡𐑦𐑯𐑮𐑦	ɪmædʒɪnri	RRP	89	𐑦𐑥𐑨𐑡𐑦𐑯𐑼𐑦	ɪˈmædʒɪnəri	
imam	𐑰𐑥𐑭𐑥	ˈiːmɑːm	RRP	89	𐑦𐑥𐑨𐑥, 𐑦𐑥𐑭𐑥	ɪˈmⱭːm	
imbroglio	𐑦𐑥𐑚𐑮𐑴𐑤𐑘𐑴	ɪmbrəʊljəʊ	RRP	89	𐑦𐑥𐑚𐑮𐑴𐑤𐑦𐑴	ɪmˈbrəʊliəʊ	
immaculate	𐑦𐑥𐑨𐑒𐑘𐑩𐑤𐑦𐑑	ɪˈmækjəlɪt	RRP	89	𐑦𐑥𐑨𐑒𐑘𐑩𐑤𐑩𐑑	ɪˈmækjələt	
immaterial	𐑦𐑥𐑩𐑑𐑦𐑮𐑦𐑼𐑤	ɪmətɪriəRl	RRP	89	𐑦𐑥𐑩𐑑𐑽𐑾𐑤	ˌɪməˈtɪərɪəl	
immaturity	𐑦𐑥𐑩𐑗𐑫𐑮𐑦𐑑𐑦	ɪmətʃʊrɪti	RRP	89	𐑦𐑥𐑩𐑗𐑫𐑼𐑦𐑑𐑦	ˌɪməˈtʃʊərɪti	
immeasurable	𐑦𐑥𐑧𐑠𐑼𐑼𐑚𐑼𐑤	ɪmeʒərəRbəRl	RRP	89	𐑦𐑥𐑧𐑠𐑼𐑩𐑚𐑩𐑤	ɪˈmeʒərəbəl	
immediacy	𐑦𐑥𐑰𐑛𐑦𐑩𐑕𐑦	ɪˈmiːdiəsi	RRP	89	𐑦𐑥𐑰𐑛𐑾𐑕𐑦	ɪˈmiːdɪəsi	
immediately	𐑦𐑥𐑰𐑛𐑦𐑩𐑑𐑤𐑦	ɪˈmiːdiətli	RRP	89	𐑦𐑥𐑰𐑛𐑾𐑑𐑤𐑦	ɪˈmiːdɪətli	
immemorial	𐑦𐑥𐑩𐑥𐑹𐑦𐑩𐑤	ɪməmɔːriəl	RRP	89	𐑦𐑥𐑩𐑥𐑹𐑾𐑤	ˌɪməˈmɔːrɪəl	
immigration	𐑦𐑥𐑦𐑜𐑮𐑱𐑖𐑯	ɪmɪɡreɪʃn	RRP	89	𐑦𐑥𐑦𐑜𐑮𐑱𐑖𐑩𐑯	ˌɪmɪˈɡreɪʃən	
immolate	𐑦𐑥𐑴𐑤𐑱𐑑	ˈɪməʊleɪt	RRP	89	𐑦𐑥𐑩𐑤𐑱𐑑	ˈɪməleɪt	
immoral	𐑦𐑥𐑪𐑮𐑼𐑤	ɪmɒrəRl	RRP	89	𐑦𐑥𐑪𐑮𐑩𐑤	ɪˈmɒrəl	
immortal	𐑦𐑥𐑹𐑑𐑼𐑤	ɪmɔːRtəRl	RRP	89	𐑦𐑥𐑹𐑑𐑩𐑤	ɪˈmɔːRtəl	
immortalise	𐑦𐑥𐑹𐑑𐑼𐑤𐑲𐑟	ɪmɔːRtəRlaɪz	RRP	89	𐑦𐑥𐑹𐑑𐑩𐑤𐑲𐑟	ɪˈmɔːRtəlaɪz	
immortality	𐑦𐑥𐑹𐑑𐑨𐑤𐑩𐑑𐑦	ɪmɔːRtæləti	RRP	89	𐑦𐑥𐑹𐑑𐑨𐑤𐑦𐑑𐑦	ˌɪmɔːRˈtælɪti	
immortalize	𐑦𐑥𐑹𐑑𐑼𐑤𐑲𐑟	ɪmɔːRtəRlaɪz	RRP	89	𐑦𐑥𐑹𐑑𐑩𐑤𐑲𐑟	ɪˈmɔːRtəlaɪz	
immovable	𐑦𐑥𐑵𐑝𐑩𐑚𐑤	ɪˈmuːvəbl	RRP	89	𐑦𐑥𐑵𐑝𐑩𐑚𐑩𐑤	ɪˈmuːvəbəl	
immunity	𐑦𐑥𐑿𐑯𐑩𐑑𐑦	ɪˈmjuːnəti	RRP	89	𐑦𐑥𐑿𐑯𐑦𐑑𐑦	ɪˈmjuːnɪti	
immure	𐑦𐑥𐑘𐑩𐑼	ɪmjəəR	RRP	89	𐑦𐑥𐑘𐑫𐑼	ɪˈmjʊəR	
impasse	𐑨𐑥𐑐𐑭𐑕	ˈæmpɑːs	RRP	89	𐑦𐑥𐑐𐑨𐑕	ˈɪmpæs	
impecunious	𐑦𐑥𐑐𐑩𐑒𐑿𐑯𐑦𐑩𐑕	ˌɪmpəˈkjuːniəs	RRP	89	𐑦𐑥𐑐𐑦𐑒𐑿𐑯𐑾𐑕	ˌɪmpɪˈkjuːnɪəs	
impenetrable	𐑦𐑥𐑐𐑧𐑯𐑩𐑑𐑮𐑩𐑚𐑩𐑤	ɪmpenətrəbəl	RRP	89	𐑦𐑥𐑐𐑧𐑯𐑦𐑑𐑮𐑩𐑚𐑩𐑤	ɪmˈpenɪtrəbəl	
imperative	𐑦𐑥𐑐𐑧𐑮𐑼𐑑𐑦𐑝	ɪmperəRtɪv	RRP	89	𐑦𐑥𐑐𐑧𐑮𐑩𐑑𐑦𐑝	ɪmˈperətɪv	
imperial	𐑦𐑥𐑐𐑦𐑮𐑦𐑩𐑤	ɪmpɪriəl	RRP	89	𐑦𐑥𐑐𐑽𐑾𐑤	ɪmˈpɪərɪəl	
imperialism	𐑦𐑥𐑐𐑦𐑮𐑦𐑼𐑤𐑦𐑟𐑩𐑥	ɪmpɪriəRlɪzəm	RRP	89	𐑦𐑥𐑐𐑽𐑾𐑤𐑦𐑟𐑩𐑥	ɪmˈpɪərɪəlɪzəm	
imperialist	𐑦𐑥𐑐𐑽𐑦𐑩𐑤𐑦𐑕𐑑	ɪmpɪəriəlɪst	RRP	89	𐑦𐑥𐑐𐑽𐑾𐑤𐑦𐑕𐑑	ɪmˈpɪərɪəlɪst	
imperialistic	𐑦𐑥𐑐𐑽𐑦𐑼𐑤𐑦𐑕𐑑𐑦𐑒	ɪmpɪəriəRlɪstɪk	RRP	89	𐑦𐑥𐑐𐑽𐑾𐑤𐑦𐑕𐑑𐑦𐑒	ɪmˌpɪərɪəˈlɪstɪk	
imperil	𐑦𐑥𐑐𐑧𐑮 𐑼𐑤	ɪmper əRl	RRP	89	𐑦𐑥𐑐𐑧𐑮𐑩𐑤	ɪmˈperəl	
imperious	𐑦𐑥𐑐𐑽𐑦𐑩𐑕	ɪmpɪəriəs	RRP	89	𐑦𐑥𐑐𐑽𐑾𐑕	ɪmˈpɪərɪəs	
imperturbable	𐑦𐑥𐑐𐑼𐑑𐑻𐑚𐑼𐑚𐑩𐑤	ɪmpəRtɜːRbəRbəl	RRP	89	𐑦𐑥𐑐𐑼𐑑𐑻𐑚𐑩𐑚𐑩𐑤	ˌɪmpəRˈtɜːRbəbəl	
impervious	𐑦𐑥𐑐𐑻𐑝𐑦𐑩𐑕	ɪmpɜːRviəs	RRP	89	𐑦𐑥𐑐𐑻𐑝𐑾𐑕	ɪmˈpɜːRvɪəs	
impetus	𐑦𐑥𐑐𐑩𐑑𐑩𐑕	ˈɪmpətəs	RRP	89	𐑦𐑥𐑐𐑦𐑑𐑩𐑕	ˈɪmpɪtəs	
impious	𐑦𐑥𐑐𐑦𐑩𐑕	ˈɪmpiəs	RRP	89	𐑦𐑥𐑐𐑲𐑩𐑕	ˈɪmpaɪəs	
implacable	𐑦𐑥𐑐𐑤𐑨𐑒𐑩𐑚𐑤	ɪmˈplækəbl	RRP	89	𐑦𐑥𐑐𐑤𐑨𐑒𐑩𐑚𐑩𐑤	ɪmˈplækəbəl	
implantation	𐑦𐑥𐑐𐑤𐑭𐑯𐑑𐑱𐑖𐑯	ɪmplɑːnˈteɪʃn	RRP	89	𐑦𐑥𐑐𐑤𐑨𐑯𐑑𐑱𐑖𐑩𐑯, 𐑦𐑥𐑐𐑤𐑭𐑯𐑑𐑱𐑖𐑩𐑯	ˌɪmplⱭːnˈteɪʃən	
implement	𐑦𐑥𐑐𐑤𐑩𐑥𐑩𐑯𐑑	ˈɪmpləmənt	RRP	89	𐑦𐑥𐑐𐑤𐑦𐑥𐑧𐑯𐑑, 𐑦𐑥𐑐𐑤𐑦𐑥𐑩𐑯𐑑	ˈɪmplɪmənt	
implement	𐑦𐑥𐑐𐑤𐑩𐑥𐑧𐑯𐑑	ˈɪmpləment	RRP	89	𐑦𐑥𐑐𐑤𐑦𐑥𐑧𐑯𐑑, 𐑦𐑥𐑐𐑤𐑦𐑥𐑩𐑯𐑑	ˈɪmplɪmənt	
implementation	𐑦𐑥𐑐𐑤𐑦𐑥𐑩𐑯𐑑𐑱𐑖𐑯	ˌɪmplɪmənˈteɪʃn	RRP	89	𐑦𐑥𐑐𐑤𐑦𐑥𐑧𐑯𐑑𐑱𐑖𐑩𐑯	ˌɪmplɪmenˈteɪʃən	
implication	𐑦𐑥𐑐𐑤𐑩𐑒𐑱𐑖𐑩𐑯	ˌɪmpləˈkeɪʃən	RRP	89	𐑦𐑥𐑐𐑤𐑦𐑒𐑱𐑖𐑩𐑯	ˌɪmplɪˈkeɪʃən	
impolitic	𐑦𐑥𐑐𐑪𐑤𐑦𐑑𐑦𐑒	ɪmˈpɒlɪtɪk	RRP	89	𐑦𐑥𐑐𐑪𐑤𐑩𐑑𐑦𐑒	ɪmˈpɒlətɪk	
imponderable	𐑦𐑥𐑐𐑪𐑯𐑛𐑼𐑼𐑚𐑤	ɪmpɒndərəRbl	RRP	89	𐑦𐑥𐑐𐑪𐑯𐑛𐑼𐑩𐑚𐑩𐑤	ɪmˈpɒndərəbəl	
importunate	𐑦𐑥𐑐𐑹𐑑𐑘𐑩𐑯𐑩𐑑	ɪmpɔːRtjənət	RRP	89	𐑦𐑥𐑐𐑹𐑗𐑩𐑯𐑩𐑑	ɪmˈpɔːRtʃənət	
importune	𐑦𐑥𐑐𐑹𐑑𐑿𐑯	ɪmpɔːRtjuːn	RRP	89	𐑦𐑥𐑐𐑼𐑑𐑵𐑯, 𐑦𐑥𐑐𐑼𐑑𐑿𐑯	ˌɪmpəRˈtjuːn	
importunity	𐑦𐑥𐑐𐑹𐑑𐑿𐑯𐑦𐑑𐑦	ɪmpɔːRtjuːnɪti	RRP	89	𐑦𐑥𐑐𐑼𐑑𐑵𐑯𐑦𐑑𐑦, 𐑦𐑥𐑐𐑼𐑑𐑿𐑯𐑦𐑑𐑦	ˌɪmpəRˈtjuːnɪti	
impoverished	𐑦𐑥𐑐𐑪𐑝𐑮𐑦𐑖𐑑	ɪmpɒvrɪʃt	RRP	89	𐑦𐑥𐑐𐑪𐑝𐑼𐑦𐑖𐑑	ɪmˈpɒvərɪʃt	
impracticable	𐑦𐑥𐑐𐑮𐑨𐑒𐑑𐑦𐑒𐑩𐑚𐑤	ɪmpraktɪkəbl	RRP	89	𐑦𐑥𐑐𐑮𐑨𐑒𐑑𐑦𐑒𐑩𐑚𐑩𐑤	ɪmˈpræktɪkəbəl	
imprecate	𐑦𐑥𐑐𐑮𐑩𐑒𐑱𐑑	ɪmprəkeɪt	RRP	89	𐑦𐑥𐑐𐑮𐑦𐑒𐑱𐑑	ˈɪmprɪkeɪt	
imprimatur	𐑦𐑥𐑐𐑮𐑦𐑥𐑱𐑑𐑼	ɪmprɪmeɪtəR	RRP	89	𐑦𐑥𐑐𐑮𐑦𐑥𐑭𐑑𐑼	ˌɪmprɪˈmɑːtəR	
impromptu	𐑦𐑥𐑐𐑮𐑪𐑥𐑐𐑑𐑘𐑫	ɪmprɒmptju	RRP	89	𐑦𐑥𐑐𐑮𐑪𐑥𐑐𐑑𐑵, 𐑦𐑥𐑐𐑮𐑪𐑥𐑐𐑑𐑿	ɪmˈprɒmptjuː	
imprudent	𐑦𐑥𐑐𐑮𐑫𐑛𐑩𐑯𐑑	ɪmprudənt	RRP	89	𐑦𐑥𐑐𐑮𐑵𐑛𐑩𐑯𐑑	ɪmˈpruːdənt	
inaccurate	𐑦𐑯𐑨𐑒𐑘𐑼𐑼𐑑	ɪnækjərəRt	RRP	89	𐑦𐑯𐑨𐑒𐑘𐑼𐑩𐑑	ɪnˈækjərət	
inadequate	𐑦𐑯𐑨𐑛𐑩𐑒𐑢𐑦𐑑	ɪnˈædəkwɪt	RRP	89	𐑦𐑯𐑨𐑛𐑦𐑒𐑢𐑩𐑑	ɪnˈædɪkwət	
inappropriate	𐑦𐑯𐑩𐑐𐑮𐑴𐑐𐑮𐑦𐑩𐑑	ɪnəprəʊpriət	RRP	89	𐑦𐑯𐑩𐑐𐑮𐑴𐑐𐑮𐑾𐑑	ˌɪnəˈprəʊprɪət	
inauguration	𐑦𐑯𐑷𐑜𐑫𐑮𐑱𐑖𐑩𐑯	ɪnɔːɡʊreɪʃən	RRP	89	𐑦𐑯𐑷𐑜𐑘𐑼𐑱𐑖𐑩𐑯	ɪˌnɔːɡjəˈreɪʃən	
incarnadine	𐑦𐑯𐑒𐑸𐑯𐑩𐑛𐑰𐑯	ɪnkɑːRnədiːn	RRP	89	𐑦𐑯𐑒𐑸𐑯𐑩𐑛𐑲𐑯	ɪnˈkɑːRnədaɪn	
incarnation	𐑦𐑙𐑒𐑸𐑯𐑱𐑖𐑩𐑯	ɪŋkɑːRneɪʃən	RRP	89	𐑦𐑯𐑒𐑸𐑯𐑱𐑖𐑩𐑯	ˌɪnkɑːRˈneɪʃən	
incendiarism	𐑦𐑯𐑕𐑧𐑯𐑛𐑽𐑦𐑟𐑥	ɪnsendɪərɪzm	RRP	89	𐑦𐑯𐑕𐑧𐑯𐑛𐑽𐑦𐑟𐑩𐑥	ɪnˈsendɪərɪzəm	
inchoate	𐑦𐑯𐑒𐑴𐑩𐑑	ɪnˈkəʊət	RRP	89	𐑦𐑯𐑒𐑴𐑱𐑑	ɪnˈkəʊeɪt	
incipient	𐑦𐑯𐑕𐑦𐑐𐑦𐑩𐑯𐑑	ɪnˈsɪpiənt	RRP	89	𐑦𐑯𐑕𐑦𐑐𐑾𐑯𐑑	ɪnˈsɪpɪənt	
incisively	𐑦𐑯𐑕𐑲𐑕𐑩𐑝𐑤𐑦	ˌɪnˈsaɪsəvli	RRP	89	𐑦𐑯𐑕𐑲𐑕𐑦𐑝𐑤𐑦	ɪnˈsaɪsɪvli	
incognito	𐑦𐑯𐑒𐑪𐑜𐑯𐑦𐑑𐑴	ˌɪnˈkɒɡnitoʊ	RRP	89	𐑦𐑯𐑒𐑪𐑜𐑯𐑰𐑑𐑴	ˌɪnkɒɡˈniːtəʊ	
incombustible	𐑦𐑙𐑒𐑩𐑥𐑚𐑳𐑕𐑑𐑦𐑚𐑩𐑤	ˌɪŋkəmˈbʌstɪbəl	RRP	89	𐑦𐑯𐑒𐑩𐑥𐑚𐑳𐑕𐑑𐑩𐑚𐑩𐑤	ˌɪnkəmˈbʌstəbəl	
incommensurable	𐑦𐑯𐑒𐑩𐑥𐑧𐑯𐑖𐑮𐑼𐑚𐑼𐑤	ɪnkəmenʃrəRbəRl	RRP	89	𐑦𐑯𐑒𐑩𐑥𐑧𐑯𐑖𐑼𐑩𐑚𐑩𐑤	ˌɪnkəˈmenʃərəbəl	
incomparable	𐑦𐑙𐑒𐑪𐑥𐑐𐑮𐑼𐑚𐑼𐑤	ɪŋkɒmprəRbəRl	RRP	89	𐑦𐑯𐑒𐑪𐑥𐑐𐑼𐑩𐑚𐑩𐑤	ɪnˈkɒmpərəbəl	
incompatibility	𐑦𐑯𐑒𐑩𐑥𐑐𐑨𐑑𐑦𐑚𐑦𐑤𐑦𐑑𐑦	ˌɪnkəmˌpætɪˈbɪlɪti	RRP	89	𐑦𐑯𐑒𐑩𐑥𐑐𐑨𐑑𐑩𐑚𐑦𐑤𐑦𐑑𐑦	ˌɪnkəmˌpætəˈbɪlɪti	
incompatible	𐑦𐑙𐑒𐑩𐑥𐑐𐑨𐑑𐑦𐑚𐑩𐑤	ˌɪŋkəmˈpætɪbəl	RRP	89	𐑦𐑯𐑒𐑩𐑥𐑐𐑨𐑑𐑩𐑚𐑩𐑤	ˌɪnkəmˈpætəbəl	
inconceivable	𐑦𐑙𐑒𐑩𐑯𐑕𐑰𐑝𐑩𐑚𐑤	ɪŋkənˈsiːvəbl	RRP	89	𐑦𐑯𐑒𐑩𐑯𐑕𐑰𐑝𐑩𐑚𐑩𐑤	ˌɪnkənˈsiːvəbəl	
incongruous	𐑦𐑯𐑒𐑪𐑯𐑜𐑮𐑫𐑫𐑳𐑕	ɪnkɒnɡrʊuʌs	RRP	89	𐑦𐑯𐑒𐑪𐑙𐑜𐑮𐑫𐑩𐑕	ɪnˈkɒŋɡruəs	
inconsequential	𐑦𐑯𐑒𐑪𐑯𐑕𐑩𐑒𐑢𐑧𐑯𐑖𐑩𐑤	ɪnˌkɒnsəˈkwenʃəl	RRP	89	𐑦𐑯𐑒𐑪𐑯𐑕𐑦𐑒𐑢𐑧𐑯𐑖𐑩𐑤	ɪnˌkɒnsɪˈkwenʃəl	
inconsistency	𐑦𐑯𐑒𐑩𐑯𐑕𐑦𐑕𐑑𐑯𐑕𐑦	ˌɪnkənˈsɪstnsi	RRP	89	𐑦𐑯𐑒𐑩𐑯𐑕𐑦𐑕𐑑𐑩𐑯𐑕𐑦	ˌɪnkənˈsɪstənsi	
incontrovertible	𐑦𐑙𐑒𐑪𐑯𐑑𐑮𐑩𐑝𐑻𐑑𐑼𐑚𐑩𐑤	ɪŋkɒntrəvɜːRtəRbəl	RRP	89	𐑦𐑯𐑒𐑪𐑯𐑑𐑮𐑩𐑝𐑻𐑑𐑩𐑚𐑩𐑤	ɪnˌkɒntrəˈvɜːRtəbəl	
incorporate	𐑦𐑙𐑒𐑹𐑐𐑼𐑱𐑑	ɪŋkɔːRpəreɪt	RRP	89	𐑦𐑯𐑒𐑹𐑐𐑼𐑩𐑑, 𐑦𐑯𐑒𐑹𐑐𐑼𐑱𐑑	ɪnˈkɔːRpərət	
incorporated	𐑦𐑙𐑒𐑹𐑐𐑼𐑱𐑑𐑩𐑛	ɪŋkɔːRpəreɪtƏd	RRP	89	𐑦𐑯𐑒𐑹𐑐𐑼𐑱𐑑𐑩𐑛	ɪnˈkɔːRpəreɪtƏd	
incorporation	𐑦𐑙𐑒𐑷𐑮𐑐𐑼𐑱𐑖𐑩𐑯	ɪŋkɔrpəreɪʃən	RRP	89	𐑦𐑯𐑒𐑹𐑐𐑼𐑱𐑖𐑩𐑯	ɪnˌkɔːRpəˈreɪʃən	
incorporeal	𐑦𐑙𐑒𐑹𐑐𐑹𐑦𐑩𐑤	ɪŋkɔːRpɔːriəl	RRP	89	𐑦𐑯𐑒𐑹𐑐𐑹𐑾𐑤	ˌɪnkɔːRˈpɔːrɪəl	
incredible	𐑦𐑙𐑒𐑮𐑧𐑛𐑦𐑚𐑩𐑤	ɪŋkredɪbəl	RRP	89	𐑦𐑯𐑒𐑮𐑧𐑛𐑩𐑚𐑩𐑤	ɪnˈkredəbəl	
incredibly	𐑦𐑙𐑒𐑮𐑧𐑛𐑦𐑚𐑤𐑦	ɪŋkredɪbli	RRP	89	𐑦𐑯𐑒𐑮𐑧𐑛𐑩𐑚𐑤𐑦	ɪnˈkredəbli	
incredulous	𐑦𐑯𐑒𐑮𐑧𐑛𐑘𐑩𐑤𐑩𐑕	ɪnkredjələs	RRP	89	𐑦𐑯𐑒𐑮𐑧𐑡𐑩𐑤𐑩𐑕	ɪnˈkredʒələs	
increment	𐑦𐑙𐑒𐑮𐑦𐑥𐑩𐑯𐑑	ɪŋkrɪmənt	RRP	89	𐑦𐑯𐑒𐑮𐑩𐑥𐑩𐑯𐑑	ˈɪnkrəmənt	
incriminate	𐑦𐑙𐑒𐑮𐑦𐑥𐑦𐑯𐑱𐑑	ɪŋkrɪmɪneɪt	RRP	89	𐑦𐑯𐑒𐑮𐑦𐑥𐑦𐑯𐑱𐑑	ɪnˈkrɪmɪneɪt	
incubate	𐑦𐑙𐑒𐑘𐑩𐑚𐑱𐑑	ˈɪŋkjəbeɪt	RRP	89	𐑦𐑯𐑒𐑘𐑩𐑚𐑱𐑑	ˈɪnkjəbeɪt	
incubation	𐑦𐑯𐑒𐑿𐑚𐑱𐑖𐑩𐑯	ɪnkjuːˈbeɪʃən	RRP	89	𐑦𐑯𐑒𐑘𐑩𐑚𐑱𐑖𐑩𐑯	ˌɪnkjəˈbeɪʃən	
incubator	𐑦𐑯𐑒𐑿𐑚𐑱𐑑𐑼	ɪnkjuːbeɪtəR	RRP	89	𐑦𐑯𐑒𐑘𐑩𐑚𐑱𐑑𐑼	ˈɪnkjəbeɪtəR	
incumbency	𐑦𐑙𐑒𐑳𐑥𐑚𐑩𐑯𐑕𐑦	ɪŋˈkʌmbənsi	RRP	89	𐑦𐑯𐑒𐑳𐑥𐑚𐑩𐑯𐑕𐑦	ɪnˈkʌmbənsi	
indebtedness	𐑦𐑯𐑛𐑧𐑑𐑦𐑛𐑯𐑩𐑕	ɪnˈdetɪdnəs	RRP	89	𐑦𐑯𐑛𐑧𐑑𐑩𐑛𐑯𐑩𐑕	ɪnˈdetƏdnəs	
indecipherable	𐑦𐑯𐑛𐑦𐑕𐑲𐑓𐑼𐑼𐑚𐑩𐑤	ɪndɪsaɪfərəRbəl	RRP	89	𐑦𐑯𐑛𐑦𐑕𐑲𐑓𐑼𐑩𐑚𐑩𐑤	ˌɪndɪˈsaɪfərəbəl	
indecision	𐑦𐑯𐑛𐑦𐑕𐑦𐑠𐑯	ɪndɪˈsɪʒn	RRP	89	𐑦𐑯𐑛𐑦𐑕𐑦𐑠𐑩𐑯	ˌɪndɪˈsɪʒən	
indefatigable	𐑦𐑯𐑛𐑦𐑓𐑨𐑑𐑦𐑜𐑩𐑚𐑤	ˌɪndɪˈfætɪɡəbl	RRP	89	𐑦𐑯𐑛𐑦𐑓𐑨𐑑𐑦𐑜𐑩𐑚𐑩𐑤	ˌɪndɪˈfætɪɡəbəl	
indefatigably	𐑦𐑯𐑛𐑩𐑓𐑨𐑑𐑩𐑜𐑩𐑚𐑤𐑦	ˌɪndəˈfætəɡəbli	RRP	89	𐑦𐑯𐑛𐑦𐑓𐑨𐑑𐑦𐑜𐑩𐑚𐑤𐑦	ɪndɪˈfætɪɡəbli	
indelible	𐑦𐑯𐑛𐑧𐑤𐑩𐑚𐑤	ɪnˈdeləbl	RRP	89	𐑦𐑯𐑛𐑧𐑤𐑩𐑚𐑩𐑤	ɪnˈdeləbəl	
india	𐑦𐑯𐑛𐑦𐑩	ˈɪndiə	RRP	89	𐑦𐑯𐑛𐑾	ˈɪndɪə	
indifference	𐑦𐑯𐑛𐑦𐑓𐑮𐑼𐑯𐑕	ɪndɪfrəRns	RRP	89	𐑦𐑯𐑛𐑦𐑓𐑼𐑩𐑯𐑕	ɪnˈdɪfərəns	
indifferent	𐑦𐑯𐑛𐑦𐑓𐑮𐑼𐑯𐑑	ɪndɪfrəRnt	RRP	89	𐑦𐑯𐑛𐑦𐑓𐑼𐑩𐑯𐑑	ɪnˈdɪfərənt	
indignity	𐑦𐑯𐑛𐑦𐑜𐑯𐑩𐑑𐑦	ɪnˈdɪɡnəti	RRP	89	𐑦𐑯𐑛𐑦𐑜𐑯𐑦𐑑𐑦	ɪnˈdɪɡnɪti	
indirect	𐑦𐑯𐑛𐑲𐑮𐑧𐑒𐑑	ɪndaɪrekt	RRP	89	𐑦𐑯𐑛𐑦𐑮𐑧𐑒𐑑	ˌɪndɪˈrekt	
indo-european	𐑦𐑯𐑛𐑴𐑘𐑩𐑼𐑼𐑐𐑰𐑩𐑯	ɪndəʊjəərəRpiːən	RRP	89	𐑦𐑯𐑛𐑴-𐑘𐑫𐑼𐑩𐑐𐑾𐑯	ˌɪndəʊ-ˌjʊərəˈpiən	
industrious	𐑦𐑯𐑛𐑳𐑕𐑑𐑮𐑦𐑩𐑕	ɪndʌstriəs	RRP	89	𐑦𐑯𐑛𐑳𐑕𐑑𐑮𐑾𐑕	ɪnˈdʌstrɪəs	
inelastic	𐑦𐑯𐑩𐑤𐑨𐑕𐑑𐑦𐑒	ˌɪnəˈlæstɪk	RRP	89	𐑦𐑯𐑦𐑤𐑨𐑕𐑑𐑦𐑒	ˌɪnɪˈlæstɪk	
inestimable	𐑦𐑯𐑻𐑕𐑑𐑦𐑥𐑩𐑚𐑩𐑤	ɪˈnɜːstɪməbəl	RRP	89	𐑦𐑯𐑧𐑕𐑑𐑦𐑥𐑩𐑚𐑩𐑤	ɪnˈestɪməbəl	
inexhaustible	𐑦𐑯𐑦𐑜𐑟𐑷𐑕𐑑𐑦𐑚𐑩𐑤	ɪnɪɡˈzɔːstɪbəl	RRP	89	𐑦𐑯𐑦𐑜𐑟𐑷𐑕𐑑𐑩𐑚𐑩𐑤	ˌɪnɪɡˈzɔːstəbəl	
inexorable	𐑦𐑯𐑧𐑒𐑕𐑷𐑮𐑼𐑚𐑩𐑤	ɪneksɔrəRbəl	RRP	89	𐑦𐑯𐑧𐑒𐑕𐑼𐑩𐑚𐑩𐑤	ˌɪnˈeksərəbəl	
inexperienced	𐑦𐑯𐑩𐑒𐑕𐑐𐑽𐑦𐑩𐑯𐑕𐑑	ɪnəkspɪəriənst	RRP	89	𐑦𐑯𐑦𐑒𐑕𐑐𐑽𐑾𐑯𐑕𐑑	ˌɪnɪkˈspɪərɪənst	
infallible	𐑦𐑯𐑓𐑨𐑤𐑦𐑚𐑤	ɪnˈfalɪbl	RRP	89	𐑦𐑯𐑓𐑨𐑤𐑩𐑚𐑩𐑤	ɪnˈfæləbəl	
infantilism	𐑦𐑯𐑓𐑨𐑯𐑑𐑦𐑤𐑦𐑟𐑥	ɪnˈfæntɪlɪzm	RRP	89	𐑦𐑯𐑓𐑨𐑯𐑑𐑦𐑤𐑦𐑟𐑩𐑥	ɪnˈfæntɪlɪzəm	
inference	𐑦𐑯𐑓𐑼𐑼𐑯𐑕	ɪnfərəRns	RRP	89	𐑦𐑯𐑓𐑼𐑩𐑯𐑕	ˈɪnfərəns	
inferior	𐑦𐑯𐑓𐑽𐑦𐑼	ɪnfɪəriəR	RRP	89	𐑦𐑯𐑓𐑽𐑽	ɪnˈfɪərɪəR	
infidel	𐑦𐑯𐑓𐑩𐑛𐑩𐑤	ˈɪnfədəl	RRP	89	𐑦𐑯𐑓𐑦𐑛𐑩𐑤	ˈɪnfɪdəl	
inflorescence	𐑦𐑯𐑓𐑤𐑼𐑧𐑕𐑩𐑯𐑕	ɪnfləresəns	RRP	89	𐑦𐑯𐑓𐑤𐑹𐑧𐑕𐑩𐑯𐑕	ˌɪnflɔːˈresəns	
influencer	𐑦𐑯𐑓𐑤𐑫𐑩𐑯𐑕𐑼	ɪnfluənsəR	RRP	89	𐑦𐑯𐑓𐑤𐑫𐑧𐑯𐑕𐑼	ˈɪnfluənsəR	
informal	𐑦𐑯𐑓𐑹𐑥𐑤	ɪnfɔːRml	RRP	89	𐑦𐑯𐑓𐑹𐑥𐑩𐑤	ɪnˈfɔːRməl	
informative	𐑦𐑯𐑓𐑷𐑮𐑥𐑩𐑑𐑦𐑝	ɪnfɔrmətɪv	RRP	89	𐑦𐑯𐑓𐑹𐑥𐑩𐑑𐑦𐑝	ɪnˈfɔːRmətɪv	
infuriate	𐑦𐑯𐑓𐑘𐑩𐑼𐑾𐑑	ɪnfjəərɪət	RRP	89	𐑦𐑯𐑓𐑘𐑫𐑼𐑦𐑱𐑑	ɪnˈfjʊərieɪt	
infuse	𐑦𐑯𐑓𐑘𐑫𐑟	ɪnˈfjuz	RRP	89	𐑦𐑯𐑓𐑿𐑟	ɪnˈfjuːz	
ingenious	𐑦𐑯𐑡𐑰𐑯𐑘𐑩𐑕	ɪnˈdʒiːnjəs	RRP	89	𐑦𐑯𐑡𐑰𐑯𐑾𐑕	ɪnˈdʒiːnɪəs	
ingenue	𐑨𐑯𐑠𐑱𐑯𐑿	ˌænʒeɪˈnjuː	RRP	89	𐑨𐑯𐑠𐑩𐑯𐑵, 𐑨𐑯𐑠𐑩𐑯𐑿	ˈænʒənjuː	
ingenuity	𐑦𐑯𐑡𐑩𐑯𐑵𐑩𐑑𐑦	ˌɪndʒəˈnuːəti	RRP	89	𐑦𐑯𐑡𐑦𐑯𐑵𐑦𐑑𐑦, 𐑦𐑯𐑡𐑦𐑯𐑿𐑦𐑑𐑦	ˌɪndʒɪˈnjuːɪti	
ingenuously	𐑦𐑯𐑡𐑧𐑯𐑿𐑩𐑕𐑤𐑦	ɪnˈdʒenjuːəsli	RRP	89	𐑦𐑯𐑡𐑧𐑯𐑘𐑫𐑩𐑕𐑤𐑦	ɪnˈdʒenjuəsli	
inglorious	𐑦𐑯𐑜𐑤𐑷𐑮𐑦𐑩𐑕	ɪnɡlɔriəs	RRP	89	𐑦𐑯𐑜𐑤𐑹𐑾𐑕	ɪnˈɡlɔːrɪəs	
ingredient	𐑦𐑯𐑜𐑮𐑰𐑛𐑦𐑩𐑯𐑑	ɪnɡriːdiənt	RRP	89	𐑦𐑯𐑜𐑮𐑰𐑛𐑾𐑯𐑑	ɪnˈɡriːdɪənt	
inherent	𐑦𐑯𐑣𐑽𐑼𐑯𐑑	ɪnhɪərəRnt	RRP	89	𐑦𐑯𐑣𐑧𐑮𐑩𐑯𐑑	ɪnˈherənt	
inherently	𐑦𐑯𐑣𐑧𐑮𐑼𐑯𐑑𐑤𐑦	ɪnherəRntli	RRP	89	𐑦𐑯𐑣𐑧𐑮𐑩𐑯𐑑𐑤𐑦	ɪnˈherəntli	
inheritance	𐑦𐑯𐑣𐑧𐑮𐑼𐑑𐑩𐑯𐑕	ɪnherəRtəns	RRP	89	𐑦𐑯𐑣𐑧𐑮𐑦𐑑𐑩𐑯𐑕	ɪnˈherɪtəns	
injudicious	𐑦𐑯𐑡𐑫𐑛𐑦𐑖𐑩𐑕	ˌɪndʒʊˈdɪʃəs	RRP	89	𐑦𐑯𐑡𐑵𐑛𐑦𐑖𐑩𐑕	ˌɪndʒuːˈdɪʃəs	
injudiciously	𐑦𐑯𐑡𐑫𐑛𐑦𐑖𐑩𐑕𐑤𐑦	ˌɪndʒʊˈdɪʃəslɪ	RRP	89	𐑦𐑯𐑡𐑵𐑛𐑦𐑖𐑩𐑕𐑤𐑦	ˌɪndʒuːˈdɪʃəsli	
injunction	𐑦𐑯𐑡𐑳𐑯𐑒𐑖𐑩𐑯	ɪnˈdʒʌnkʃən	RRP	89	𐑦𐑯𐑡𐑳𐑙𐑒𐑖𐑩𐑯	ɪnˈdʒʌŋkʃən	
inlet	𐑦𐑯𐑤𐑩𐑑	ˈɪnlət	RRP	89	𐑦𐑯𐑤𐑧𐑑	ˈɪnlet	
innovative	𐑦𐑯𐑯𐑪𐑝𐑩𐑑𐑦𐑝	ɪnˈnɒvətɪv	RRP	89	𐑦𐑯𐑩𐑝𐑩𐑑𐑦𐑝	ˈˌɪnəvətɪv	
innumerable	𐑦𐑯𐑿𐑥𐑼𐑼𐑚𐑩𐑤	ɪnjuːmərəRbəl	RRP	89	𐑦𐑯𐑵𐑥𐑼𐑩𐑚𐑩𐑤, 𐑦𐑯𐑿𐑥𐑼𐑩𐑚𐑩𐑤	ɪˈnjuːmərəbəl	
inoculate	𐑦𐑯𐑪𐑒𐑘𐑫𐑤𐑱𐑑	ɪˈnɒkjuleɪt	RRP	89	𐑦𐑯𐑪𐑒𐑘𐑩𐑤𐑩𐑑, 𐑦𐑯𐑪𐑒𐑘𐑩𐑤𐑱𐑑	ɪˈnɒkjələt	
inordinate	𐑦𐑯𐑹𐑛𐑦𐑯𐑦𐑑	ɪnɔːRdɪnɪt	RRP	89	𐑦𐑯𐑹𐑛𐑦𐑯𐑩𐑑	ɪˈnɔːRdɪnət	
inquest	𐑦𐑙𐑒𐑢𐑧𐑕𐑑	ˈɪŋkwest	RRP	89	𐑦𐑯𐑒𐑢𐑧𐑕𐑑	ˈɪnkwest	
inquirer	𐑦𐑯𐑒𐑢𐑲𐑮𐑼	ɪnkwaɪrəR	RRP	89	𐑦𐑯𐑒𐑢𐑲𐑼𐑼	ɪnˈkwaɪərəR	
inquisition	𐑦𐑙𐑒𐑢𐑦𐑟𐑦𐑖𐑩𐑯	ˌɪŋkwɪˈzɪʃən	RRP	89	𐑦𐑯𐑒𐑢𐑦𐑟𐑦𐑖𐑩𐑯	ˌɪnkwɪˈzɪʃən	
inquisitive	𐑦𐑙𐑒𐑢𐑦𐑟𐑩𐑑𐑦𐑝	ɪŋˈkwɪzətɪv	RRP	89	𐑦𐑯𐑒𐑢𐑦𐑟𐑩𐑑𐑦𐑝	ɪnˈkwɪzətɪv	
inquisitor	𐑦𐑯𐑒𐑢𐑦𐑟𐑼𐑑𐑼	ɪnkwɪzəRtər	RRP	89	𐑦𐑯𐑒𐑢𐑦𐑟𐑦𐑑𐑼	ɪnˈkwɪzɪtəR	
insectivorous	𐑦𐑯𐑕𐑧𐑒𐑑𐑦𐑝𐑮𐑼𐑕	ɪnsektɪvrəRs	RRP	89	𐑦𐑯𐑕𐑧𐑒𐑑𐑦𐑝𐑼𐑩𐑕	ˌɪnsekˈtɪvərəs	
insensate	𐑦𐑯𐑕𐑧𐑯𐑕𐑩𐑑	ɪnˈsensət	RRP	89	𐑦𐑯𐑕𐑧𐑯𐑕𐑱𐑑	ɪnˈsenseɪt	
insensitive	𐑦𐑯𐑕𐑧𐑯𐑕𐑦𐑑𐑦𐑝	ɪnˈsensɪtɪv	RRP	89	𐑦𐑯𐑕𐑧𐑯𐑕𐑩𐑑𐑦𐑝	ɪnˈsensətɪv	
inseparable	𐑦𐑯𐑕𐑧𐑐𐑮𐑼𐑚𐑤	inseprəRbl	RRP	89	𐑦𐑯𐑕𐑧𐑐𐑼𐑩𐑚𐑩𐑤	ɪnˈsepərəbəl	
inside-out	𐑦𐑯𐑕𐑲𐑛𐑬𐑑	ˌɪnsaɪdˈaʊt	RRP	89	𐑦𐑯𐑕𐑲𐑛-𐑬𐑑	ˈɪnsaɪd-ˌaʊt	
insidious	𐑦𐑯𐑕𐑦𐑛𐑦𐑩𐑕	ɪnˈsɪdiəs	RRP	89	𐑦𐑯𐑕𐑦𐑛𐑾𐑕	ɪnˈsɪdɪəs	
insidiously	𐑦𐑯𐑕𐑦𐑛𐑦𐑩𐑕𐑤𐑦	ɪnˈsɪdiəsli	RRP	89	𐑦𐑯𐑕𐑦𐑛𐑾𐑕𐑤𐑦	ɪnˈsɪdɪəsli	
insignia	𐑦𐑯𐑕𐑦𐑜𐑯𐑦𐑩	ɪnˈsɪɡniə	RRP	89	𐑦𐑯𐑕𐑦𐑜𐑯𐑾	ɪnˈsɪɡnɪə	
insipid	𐑦𐑯𐑕𐑦𐑐𐑩𐑛	ɪnˈsɪpƏd	RRP	89	𐑦𐑯𐑕𐑦𐑐𐑦𐑛	ɪnˈsɪpɪd	
insomnia	𐑦𐑯𐑕𐑪𐑥𐑯𐑦𐑩	ɪnˈsɒmniə	RRP	89	𐑦𐑯𐑕𐑪𐑥𐑯𐑾	ɪnˈsɒmnɪə	
insouciance	𐑦𐑯𐑕𐑵𐑕𐑦𐑩𐑯𐑕	ɪnˈsuːsiəns	RRP	89	𐑦𐑯𐑕𐑵𐑕𐑾𐑯𐑕	ɪnˈsuːsɪəns	
inspiring	𐑦𐑯𐑕𐑐𐑲𐑮𐑦𐑙	ɪnspaɪrɪŋ	RRP	89	𐑦𐑯𐑕𐑐𐑲𐑼𐑦𐑙	ɪnˈspaɪərɪŋ	
instantaneous	𐑦𐑯𐑕𐑑𐑩𐑯𐑑𐑱𐑯𐑦𐑩𐑕	ɪnstənˈteɪniəs	RRP	89	𐑦𐑯𐑕𐑑𐑩𐑯𐑑𐑱𐑯𐑾𐑕	ˌɪnstənˈteɪnɪəs	
instigate	𐑦𐑯𐑕𐑑𐑩𐑜𐑱𐑑	ˈɪnstəɡeɪt	RRP	89	𐑦𐑯𐑕𐑑𐑦𐑜𐑱𐑑	ˈɪnstɪɡeɪt	
institutional	𐑦𐑯𐑕𐑑𐑦𐑑𐑘𐑫𐑖𐑩𐑯𐑩𐑤	ˌɪnstɪˈtjuʃənəl	RRP	89	𐑦𐑯𐑕𐑑𐑦𐑑𐑵𐑖𐑩𐑯𐑩𐑤, 𐑦𐑯𐑕𐑑𐑦𐑑𐑿𐑖𐑩𐑯𐑩𐑤	ˌɪnstɪˈtjuːʃənəl	
institutionally	𐑦𐑯𐑕𐑑𐑦𐑑𐑘𐑫𐑖𐑩𐑯𐑩𐑤𐑦	ˌɪnstɪˈtjuʃənəli	RRP	89	𐑦𐑯𐑕𐑑𐑦𐑑𐑵𐑖𐑩𐑯𐑩𐑤𐑦, 𐑦𐑯𐑕𐑑𐑦𐑑𐑿𐑖𐑩𐑯𐑩𐑤𐑦	ˌɪnstɪˈtjuːʃənəli	
instrumentality	𐑦𐑯𐑕𐑑𐑮𐑫𐑥𐑧𐑯𐑑𐑨𐑤𐑦𐑑𐑦	ɪnstrʊmentalɪti	RRP	89	𐑦𐑯𐑕𐑑𐑮𐑩𐑥𐑧𐑯𐑑𐑨𐑤𐑦𐑑𐑦	ˌɪnstrəmenˈtælɪti	
insular	𐑦𐑯𐑕𐑘𐑼𐑤𐑼	ɪnsjəRləR	RRP	89	𐑦𐑯𐑕𐑘𐑩𐑤𐑼	ˈɪnsjələR	
insuperable	𐑦𐑯𐑕𐑫𐑐𐑮𐑼𐑚𐑤	ɪnsuprəRbl	RRP	89	𐑦𐑯𐑕𐑵𐑐𐑼𐑩𐑚𐑩𐑤	ɪnˈsuːpərəbəl	
intaglio	𐑦𐑯𐑑𐑨𐑤𐑾𐑫	ɪnˈtælɪəʊ	RRP	89	𐑦𐑯𐑑𐑭𐑤𐑦𐑴	ɪnˈtɑːliəʊ	
integrate	𐑦𐑯𐑑𐑩𐑜𐑮𐑱𐑑	ɪntəɡreɪt	RRP	89	𐑦𐑯𐑑𐑦𐑜𐑮𐑱𐑑	ˈɪntɪɡreɪt	
integration	𐑦𐑯𐑑𐑩𐑜𐑮𐑱𐑖𐑩𐑯	ɪntəɡreɪʃən	RRP	89	𐑦𐑯𐑑𐑦𐑜𐑮𐑱𐑖𐑩𐑯	ˌɪntɪˈɡreɪʃən	
integrity	𐑦𐑯𐑑𐑧𐑜𐑮𐑩𐑑𐑦	ɪnteɡrəti	RRP	89	𐑦𐑯𐑑𐑧𐑜𐑮𐑦𐑑𐑦	ɪnˈteɡrɪti	
intelligible	𐑦𐑯𐑑𐑧𐑤𐑩𐑡𐑩𐑚𐑩𐑤	ɪnˈtelədʒəbəl	RRP	89	𐑦𐑯𐑑𐑧𐑤𐑦𐑡𐑩𐑚𐑩𐑤	ɪnˈtelɪdʒəbəl	
intemperance	𐑦𐑯𐑑𐑧𐑥𐑐𐑧𐑮𐑼𐑯𐑕	ɪntemperəRns	RRP	89	𐑦𐑯𐑑𐑧𐑥𐑐𐑼𐑩𐑯𐑕	ɪnˈtempərəns	
interbreed	𐑦𐑯𐑑𐑧𐑮𐑚𐑮𐑦𐑛	ɪnterbrid	RRP	89	𐑦𐑯𐑑𐑼𐑚𐑮𐑰𐑛	ˌɪntəRˈbriːd	
intercommunication	𐑦𐑯𐑑𐑼𐑒𐑼𐑥𐑿𐑯𐑦𐑒𐑱𐑖𐑯	ɪntəRkəRmjuːnɪkeɪʃn	RRP	89	𐑦𐑯𐑑𐑼𐑒𐑩𐑥𐑿𐑯𐑦𐑒𐑱𐑖𐑩𐑯	ˌɪntəRkəˌmjuːnɪˈkeɪʃən	
interest	𐑦𐑯𐑑𐑼𐑦𐑕𐑑	ɪntərɪst	RRP	89	𐑦𐑯𐑑𐑮𐑩𐑕𐑑	ˈɪntrəst	
interested	𐑦𐑯𐑑𐑮𐑼𐑕𐑑𐑩𐑛	ɪntrəRstƏd	RRP	89	𐑦𐑯𐑑𐑮𐑩𐑕𐑑𐑩𐑛	ˈɪntrəstƏd	
interesting	𐑦𐑯𐑑𐑮𐑼𐑕𐑑𐑦𐑙	ɪntrəRstɪŋ	RRP	89	𐑦𐑯𐑑𐑮𐑩𐑕𐑑𐑦𐑙	ˈɪntrəstɪŋ	
international	𐑦𐑯𐑑𐑼𐑯𐑨𐑖𐑯𐑤	ɪntəRnæʃnl	RRP	89	𐑦𐑯𐑑𐑼𐑯𐑨𐑖𐑩𐑯𐑩𐑤	ˌɪntəRˈnæʃənəl	
internationalization	𐑦𐑯𐑑𐑼𐑯𐑨𐑖𐑯𐑤𐑩𐑟𐑱𐑖𐑩𐑯	ɪntəRnæʃnləzeɪʃən	RRP	89	𐑦𐑯𐑑𐑼𐑯𐑨𐑖𐑩𐑯𐑩𐑤𐑲𐑟𐑱𐑖𐑩𐑯	ˌɪntəRˌnæʃənəlaɪˈzeɪʃən	
interoperability	𐑦𐑯𐑑𐑼𐑪𐑐𐑼𐑼𐑚𐑦𐑤𐑩𐑑𐑦	ɪntərɒpərəRbɪləti	RRP	89	𐑦𐑯𐑑𐑼𐑪𐑐𐑼𐑩𐑚𐑦𐑤𐑦𐑑𐑦	ɪntərɒpərəˈbɪlɪti	
interpellate	𐑦𐑯𐑑𐑼𐑐𐑧𐑤𐑱𐑑	ɪntərpeleɪt	RRP	89	𐑦𐑯𐑑𐑻𐑐𐑩𐑤𐑱𐑑	ɪnˈtɜːRpəleɪt	
interpolation	𐑦𐑯𐑑𐑻𐑐𐑼𐑤𐑱𐑖𐑩𐑯	ɪntɜːRpəRleɪʃən	RRP	89	𐑦𐑯𐑑𐑻𐑐𐑩𐑤𐑱𐑖𐑩𐑯	ɪnˌtɜːRpəˈleɪʃən	
interpretation	𐑦𐑯𐑑𐑼𐑐𐑮𐑼𐑑𐑱𐑖𐑩𐑯	ɪntəRprəRteɪʃən	RRP	89	𐑦𐑯𐑑𐑻𐑐𐑮𐑩𐑑𐑱𐑖𐑩𐑯	ɪnˌtɜːRprəˈteɪʃən	
interpreter	𐑦𐑯𐑑𐑻𐑐𐑮𐑦𐑑𐑼	ɪntɜːRprɪtəR	RRP	89	𐑦𐑯𐑑𐑻𐑐𐑮𐑩𐑑𐑼	ɪnˈtɜːRprətəR	
interrogation	𐑦𐑯𐑑𐑧𐑮𐑼𐑜𐑱𐑖𐑩𐑯	ɪnterəRɡeɪʃən	RRP	89	𐑦𐑯𐑑𐑧𐑮𐑩𐑜𐑱𐑖𐑩𐑯	ɪnˌterəˈɡeɪʃən	
interval	𐑦𐑯𐑑𐑼𐑝𐑼𐑤	ɪntəRvəRl	RRP	89	𐑦𐑯𐑑𐑼𐑝𐑩𐑤	ˈɪntəRvəl	
intimation	𐑦𐑯𐑑𐑩𐑥𐑱𐑖𐑩𐑯	ˌɪntəˈmeɪʃən	RRP	89	𐑦𐑯𐑑𐑦𐑥𐑱𐑖𐑩𐑯	ˌɪntɪˈmeɪʃən	
intolerable	𐑦𐑯𐑑𐑪𐑤𐑼𐑼𐑚𐑩𐑤	ɪntɒlərəRbəl	RRP	89	𐑦𐑯𐑑𐑪𐑤𐑼𐑩𐑚𐑩𐑤	ɪnˈtɒlərəbəl	
intransigent	𐑦𐑯𐑑𐑮𐑨𐑯𐑕𐑩𐑡𐑩𐑯𐑑	ɪntrænsədʒənt	RRP	89	𐑦𐑯𐑑𐑮𐑨𐑯𐑕𐑦𐑡𐑩𐑯𐑑	ɪnˈtrænsɪdʒənt	
intrepid	𐑦𐑯𐑑𐑮𐑧𐑐𐑩𐑛	ɪntrepƏd	RRP	89	𐑦𐑯𐑑𐑮𐑧𐑐𐑦𐑛	ɪnˈtrepɪd	
intrinsic	𐑦𐑯𐑑𐑮𐑦𐑯𐑟𐑦𐑒	ɪntrɪnzɪk	RRP	89	𐑦𐑯𐑑𐑮𐑦𐑯𐑕𐑦𐑒	ɪnˈtrɪnsɪk	
introspective	𐑦𐑯𐑑𐑮𐑴𐑕𐑐𐑧𐑒𐑑𐑦𐑝	ɪntroʊspektɪv	RRP	89	𐑦𐑯𐑑𐑮𐑩𐑕𐑐𐑧𐑒𐑑𐑦𐑝	ˌɪntrəˈspektɪv	
introversion	𐑦𐑯𐑑𐑮𐑴𐑝𐑻𐑖𐑩𐑯	ɪntrəʊvɜːRʃən	RRP	89	𐑦𐑯𐑑𐑮𐑩𐑝𐑻𐑠𐑩𐑯	ˌɪntrəˈvɜːRʒən	
intuition	𐑦𐑯𐑑𐑘𐑩𐑦𐑖𐑩𐑯	ˌɪntjəˈɪʃən	RRP	89	𐑦𐑯𐑑𐑘𐑫𐑦𐑖𐑩𐑯	ˌɪntjuˈɪʃən	
inundate	𐑦𐑯𐑩𐑯𐑛𐑱𐑑	ˈɪnəndeɪt	RRP	89	𐑦𐑯𐑳𐑯𐑛𐑱𐑑	ˈɪnʌndeɪt	
inure	𐑦𐑯𐑘𐑩𐑼	ɪnjəəR	RRP	89	𐑦𐑯𐑘𐑫𐑼	ɪˈnjʊəR	
invalid	𐑦𐑯𐑝𐑨𐑤𐑩𐑛	ɪnˈvælƏd	RRP	89	𐑦𐑯𐑝𐑨𐑤𐑦𐑛, 𐑦𐑯𐑝𐑩𐑤𐑦𐑛	ɪnˈvælɪd	
invalid	𐑦𐑯𐑝𐑩𐑤𐑩𐑛	ˈɪnvəlƏd	RRP	89	𐑦𐑯𐑝𐑨𐑤𐑦𐑛, 𐑦𐑯𐑝𐑩𐑤𐑦𐑛	ɪnˈvælɪd	
inventory	𐑦𐑯𐑝𐑩𐑯𐑑𐑮𐑦	ɪnvəntri	RRP	89	𐑦𐑯𐑝𐑩𐑯𐑑𐑼𐑦	ˈɪnvəntəri	
inversion	𐑦𐑯𐑝𐑻𐑖𐑩𐑯	ɪnvɜːRʃən	RRP	89	𐑦𐑯𐑝𐑻𐑠𐑩𐑯	ɪnˈvɜːRʒən	
investigation	𐑦𐑯𐑝𐑧𐑕𐑑𐑩𐑜𐑱𐑖𐑩𐑯	ɪnˌvestəˈɡeɪʃən	RRP	89	𐑦𐑯𐑝𐑧𐑕𐑑𐑦𐑜𐑱𐑖𐑩𐑯	ɪnˌvestɪˈɡeɪʃən	
invidious	𐑦𐑯𐑝𐑦𐑛𐑦𐑩𐑕	ɪnˈvɪdiəs	RRP	89	𐑦𐑯𐑝𐑦𐑛𐑾𐑕	ɪnˈvɪdɪəs	
invisible	𐑦𐑯𐑝𐑦𐑟𐑩𐑚𐑤	ɪnˈvɪzəbl	RRP	89	𐑦𐑯𐑝𐑦𐑟𐑩𐑚𐑩𐑤	ɪnˈvɪzəbəl	
involuntarily	𐑦𐑯𐑝𐑪𐑤𐑼𐑯𐑑𐑮𐑦𐑤𐑦	ɪnvɒləRntrɪli	RRP	89	𐑦𐑯𐑝𐑪𐑤𐑩𐑯𐑑𐑼𐑩𐑤𐑦	ɪnˈvɒləntərəli	
involuntary	𐑦𐑯𐑝𐑪𐑤𐑩𐑯𐑑𐑮𐑦	ɪnvɒləntri	RRP	89	𐑦𐑯𐑝𐑪𐑤𐑩𐑯𐑑𐑼𐑦	ɪnˈvɒləntəri	
ionization	𐑲𐑩𐑯𐑦𐑟𐑱𐑖𐑩𐑯	ˌaɪənɪˈzeɪʃən	RRP	89	𐑲𐑩𐑯𐑲𐑟𐑱𐑖𐑩𐑯	ˌaɪənaɪˈzeɪʃən	
iranian	𐑦𐑮𐑱𐑯𐑦𐑩𐑯	ɪreɪniən	RRP	89	𐑦𐑮𐑱𐑯𐑾𐑯	ɪˈreɪnɪən	
iridium	𐑦𐑮𐑦𐑛𐑦𐑩𐑥	ɪrɪdiəm	RRP	89	𐑦𐑮𐑦𐑛𐑾𐑥	ɪˈrɪdɪəm	
irony	𐑲𐑼𐑼𐑯𐑦	aɪərəRni	RRP	89	𐑲𐑮𐑩𐑯𐑦	ˈaɪrəni	
irredeemable	𐑦𐑮𐑼𐑛𐑰𐑥𐑩𐑚𐑩𐑤	ɪrəRdiːməbəl	RRP	89	𐑦𐑮𐑦𐑛𐑰𐑥𐑩𐑚𐑩𐑤	ˌɪrɪˈdiːməbəl	
irregularity	𐑦𐑮𐑧𐑜𐑘𐑼𐑤𐑨𐑮𐑼𐑑𐑦	ɪreɡjəRlærəRti	RRP	89	𐑦𐑮𐑧𐑜𐑘𐑩𐑤𐑨𐑮𐑦𐑑𐑦	ɪˌreɡjəˈlærɪti	
irreparable	𐑦𐑮𐑧𐑐𐑮𐑼𐑚𐑩𐑤	ɪreprəRbəl	RRP	89	𐑦𐑮𐑧𐑐𐑼𐑩𐑚𐑩𐑤	ɪˈrepərəbəl	
irrigate	𐑦𐑮𐑼𐑜𐑱𐑑	ɪrəRɡeɪt	RRP	89	𐑦𐑮𐑦𐑜𐑱𐑑	ˈɪrɪɡeɪt	
irrigation	𐑦𐑮𐑼𐑜𐑱𐑖𐑩𐑯	ɪrəRɡeɪʃən	RRP	89	𐑦𐑮𐑦𐑜𐑱𐑖𐑩𐑯	ˌɪrɪˈɡeɪʃən	
islam	𐑦𐑕𐑤𐑭𐑥	ɪsˈlɑːm	RRP	89	𐑦𐑟𐑤𐑨𐑥, 𐑦𐑟𐑤𐑭𐑥	ɪzˈlⱭːm	
islamic	𐑦𐑕𐑤𐑭𐑥𐑦𐑒	ɪsˈlɑːmɪk	RRP	89	𐑦𐑟𐑤𐑨𐑥𐑦𐑒, 𐑦𐑟𐑤𐑭𐑥𐑦𐑒	ɪzˈlⱭːmɪk	
isomorphic	𐑲𐑕𐑼𐑥𐑹𐑓𐑦𐑒	aɪsəRmɔːRfɪk	RRP	89	𐑲𐑕𐑴𐑥𐑹𐑓𐑦𐑒	ˌaɪsəʊˈmɔːRfɪk	
israel	𐑦𐑟𐑮𐑱𐑩𐑤	ɪzreɪəl	RRP	89	𐑦𐑟𐑮𐑱𐑤	ˈɪzreɪl	
issue	𐑦𐑕𐑿	ˈɪsjuː	RRP	89	𐑦𐑖𐑵	ˈɪʃuː	
italian	𐑦𐑑𐑨𐑤𐑘𐑩𐑯	ɪˈtæljən	RRP	89	𐑦𐑑𐑨𐑤𐑾𐑯	ɪˈtælɪən	
ivied	𐑲𐑝𐑰𐑛	ˈaɪviːd	RRP	89	𐑲𐑝𐑦𐑛	ˈaɪvid	
ivory	𐑲𐑝𐑮𐑦	aɪvri	RRP	89	𐑲𐑝𐑼𐑦	ˈaɪvəri	
jack-o'-lantern	𐑡𐑨𐑒𐑴𐑤𐑨𐑯𐑑𐑼𐑯	dʒækəʊlæntəRn	RRP	89	𐑡𐑨𐑒-𐑩-𐑤𐑨𐑯𐑑𐑼𐑯	dʒæk-ə-ˈlæntəRn	
jacobean	𐑡𐑨𐑒𐑩𐑚𐑦𐑩𐑯	ˈdʒækəˌbiən	RRP	89	𐑡𐑨𐑒𐑩𐑚𐑾𐑯	ˌdʒækəˈbɪən	
jaguar	𐑡𐑨𐑜𐑘𐑩𐑼	dʒæɡjəəR	RRP	89	𐑡𐑨𐑜𐑘𐑫𐑼	ˈdʒæɡjuəR	
janissary	𐑡𐑨𐑯𐑦𐑟𐑼𐑦	dʒanɪzəri	RRP	89	𐑡𐑨𐑯𐑦𐑕𐑼𐑦	ˈdʒænɪsəri	
jehovah	𐑡𐑩𐑣𐑴𐑝𐑩	dʒəˈhoʊvə	RRP	89	𐑡𐑦𐑣𐑴𐑝𐑩	dʒɪˈhəʊvə	
jejune	𐑡𐑩𐑡𐑵𐑯	dʒəˈdʒuːn	RRP	89	𐑡𐑦𐑡𐑵𐑯	dʒɪˈdʒuːn	
jeremiad	𐑡𐑧𐑮𐑼𐑥𐑲𐑼𐑛	dʒerəRmaɪəRd	RRP	89	𐑡𐑧𐑮𐑦𐑥𐑲𐑨𐑛	ˌdʒerɪˈmaɪæd	
jeremiah	𐑡𐑧𐑮𐑼𐑥𐑲𐑼	dʒerəRmaɪəR	RRP	89	𐑡𐑧𐑮𐑦𐑥𐑲𐑩	ˌdʒerɪˈmaɪə	
jesuit	𐑡𐑧𐑟𐑫𐑦𐑑	ˈdʒezuɪt	RRP	89	𐑡𐑧𐑟𐑘𐑫𐑦𐑑	ˈdʒezjuɪt	
jewellery	𐑡𐑵𐑼𐑤𐑮𐑦	dʒuːəRlri	RRP	89	𐑡𐑵𐑩𐑤𐑮𐑦	ˈdʒuːəlri	
jiggery-pokery	𐑡𐑦𐑜𐑼𐑦𐑐𐑴𐑒𐑼𐑦	dʒɪɡəripəʊkəri	RRP	89	𐑡𐑦𐑜𐑼𐑦-𐑐𐑴𐑒𐑼𐑦	ˌdʒɪɡəri-ˈpəʊkəri	
jingoism	𐑡𐑦𐑙𐑜𐑴𐑦𐑟𐑥	ˈdʒɪŋɡəʊɪzm	RRP	89	𐑡𐑦𐑙𐑜𐑴𐑦𐑟𐑩𐑥	ˈdʒɪŋɡəʊɪzəm	
jittery	𐑡𐑦𐑑𐑮𐑦	dʒɪtri	RRP	89	𐑡𐑦𐑑𐑼𐑦	ˈdʒɪtəri	
jocose	𐑡𐑩𐑒𐑴𐑕	dʒəˈkəʊs	RRP	89	𐑡𐑴𐑒𐑴𐑕	dʒəʊˈkəʊs	
jocund	𐑡𐑪𐑒𐑩𐑯𐑛	ˈdʒɒkənd	RRP	89	𐑡𐑴𐑒𐑩𐑯𐑛	ˈdʒəʊkənd	
jolty	𐑡𐑪𐑤𐑑𐑦	ˈdʒɒlti	RRP	89	𐑡𐑴𐑤𐑑𐑦	ˈdʒəʊlti	
jonquil	𐑡𐑪𐑙𐑒𐑢𐑩𐑤	ˈdʒɒŋkwəl	RRP	89	𐑡𐑪𐑙𐑒𐑢𐑦𐑤	ˈdʒɒŋkwɪl	
joseph	𐑡𐑴𐑟𐑩𐑓	ˈdʒəʊzəf	RRP	89	𐑡𐑴𐑕𐑩𐑓	ˈdʒəʊsəf	
joshua	𐑡𐑪𐑖𐑵𐑩	ˈdʒɒʃuːə	RRP	89	𐑡𐑪𐑖𐑫𐑩	ˈdʒɒʃuə	
journalism	𐑡𐑻𐑯𐑤𐑦𐑟𐑩𐑥	dʒɜːRnlɪzəm	RRP	89	𐑡𐑻𐑯𐑩𐑤𐑦𐑟𐑩𐑥	ˈdʒɜːRnəlɪzəm	
journalistic	𐑡𐑻𐑯𐑼𐑤𐑦𐑕𐑑𐑦𐑒	dʒɜːRnəRlɪstɪk	RRP	89	𐑡𐑻𐑯𐑩𐑤𐑦𐑕𐑑𐑦𐑒	ˌdʒɜːRnəˈlɪstɪk	
jubilant	𐑡𐑫𐑚𐑩𐑤𐑩𐑯𐑑	ˈdʒubələnt	RRP	89	𐑡𐑵𐑚𐑦𐑤𐑩𐑯𐑑	ˈdʒuːbɪlənt	
judaic	𐑡𐑫𐑛𐑱𐑦𐑒	dʒuˈdeɪɪk	RRP	89	𐑡𐑵𐑛𐑱𐑦𐑒	dʒuːˈdeɪɪk	
judicature	𐑡𐑵𐑛𐑦𐑒𐑼𐑗𐑼	dʒuːdɪkəRtʃəR	RRP	89	𐑡𐑵𐑛𐑦𐑒𐑩𐑗𐑼	ˈdʒuːdɪkətʃəR	
judicial	𐑡𐑫𐑛𐑦𐑖𐑩𐑤	dʒuˈdɪʃəl	RRP	89	𐑡𐑵𐑛𐑦𐑖𐑩𐑤	dʒuːˈdɪʃəl	
judicious	𐑡𐑫𐑛𐑦𐑖𐑩𐑕	dʒuˈdɪʃəs	RRP	89	𐑡𐑵𐑛𐑦𐑖𐑩𐑕	dʒuːˈdɪʃəs	
juggler	𐑡𐑳𐑜𐑼𐑤𐑼	dʒʌɡəRləR	RRP	89	𐑡𐑳𐑜𐑤𐑼	ˈdʒʌɡləR	
juicy	𐑡𐑫𐑕𐑦	ˈdʒusi	RRP	89	𐑡𐑵𐑕𐑦	ˈdʒuːsi	
julep	𐑡𐑵𐑤𐑧𐑐	ˈdʒuːlep	RRP	89	𐑡𐑵𐑤𐑦𐑐	ˈdʒuːlɪp	
julian	𐑡𐑵𐑤𐑦𐑩𐑯	ˈdʒuːliən	RRP	89	𐑡𐑵𐑤𐑾𐑯	ˈdʒuːlɪən	
jungle	𐑡𐑳𐑙𐑜𐑤	ˈdʒʌŋɡl	RRP	89	𐑡𐑳𐑙𐑜𐑩𐑤	ˈdʒʌŋɡəl	
juniper	𐑡𐑫𐑯𐑦𐑐𐑼	dʒunɪpəR	RRP	89	𐑡𐑵𐑯𐑦𐑐𐑼	ˈdʒuːnɪpəR	
junket	𐑡𐑳𐑙𐑒𐑦𐑑	ˈdʒʌŋkɪt	RRP	89	𐑡𐑳𐑙𐑒𐑩𐑑	ˈdʒʌŋkIt	
junta	𐑡𐑳𐑯𐑑𐑩	ˈdʒʌntə	RRP	89	𐑣𐑫𐑯𐑑𐑩	ˈhʊntə	
juridical	𐑡𐑫𐑮𐑦𐑛𐑦𐑒𐑩𐑤	dʒʊrɪdɪkəl	RRP	89	𐑡𐑫𐑼𐑦𐑛𐑦𐑒𐑩𐑤	dʒʊəˈrɪdɪkəl	
karat	𐑒𐑨𐑮𐑼𐑑	kærəRt	RRP	89	𐑒𐑨𐑮𐑩𐑑	ˈkærət	
karate	𐑒𐑼𐑸𐑑𐑦	kərɑːRti	RRP	89	𐑒𐑼𐑭𐑑𐑦	kəˈrɑːti	
karen	𐑒𐑼𐑧𐑯	kəren	RRP	89	𐑒𐑨𐑮𐑩𐑯	ˈkærən	
kashmiri	𐑒𐑨𐑖𐑥𐑦𐑮𐑦	kæʃmiri	RRP	89	𐑒𐑨𐑖𐑥𐑽𐑦	kæʃˈmɪəri	
kebab	𐑒𐑦𐑚𐑨𐑚	kɪˈbæb	RRP	89	𐑒𐑩𐑚𐑨𐑚	kəˈbæb	
kedgeree	𐑒𐑧𐑡𐑼𐑦	kedʒəri	RRP	89	𐑒𐑧𐑡𐑼𐑰	ˈkedʒəriː	
kepi	𐑒𐑧𐑐𐑦	ˈkepi	RRP	89	𐑒𐑱𐑐𐑦	ˈkeɪpi	
kerosene	𐑒𐑧𐑮𐑼𐑕𐑰𐑯	kerəRsiːn	RRP	89	𐑒𐑧𐑮𐑩𐑕𐑰𐑯	ˈkerəsiːn	
keyboard	𐑒𐑦𐑚𐑷𐑮𐑛	kibɔrd	RRP	89	𐑒𐑰𐑚𐑹𐑛	ˈkiːbɔːRd	
kiln	𐑒𐑦𐑤	kɪl	RRP	89	𐑒𐑦𐑤𐑯	kɪln	
kimono	𐑒𐑩𐑥𐑴𐑯𐑴	kəˈmoʊnoʊ	RRP	89	𐑒𐑦𐑥𐑴𐑯𐑴	kɪˈməʊnəʊ	
kinda	𐑒𐑦𐑯𐑛𐑩	ˈkɪndə	RRP	89	𐑒𐑲𐑯𐑛𐑩	ˈkaɪndə	
kindergarten	𐑒𐑦𐑯𐑛𐑼𐑜𐑸𐑑𐑯	kɪndəRɡɑːRtn	RRP	89	𐑒𐑦𐑯𐑛𐑼𐑜𐑸𐑑𐑩𐑯	ˈkɪndəRɡɑːRtən	
kitchen	𐑒𐑦𐑗𐑩𐑯	ˈkɪtʃən	RRP	89	𐑒𐑦𐑗𐑦𐑯	ˈkɪtʃɪn	
kitchenette	𐑒𐑦𐑗𐑩𐑯𐑧𐑑	ˌkɪtʃəˈnet	RRP	89	𐑒𐑦𐑗𐑦𐑯𐑧𐑑	ˌkɪtʃɪˈnet	
kiwi	𐑒𐑰𐑢𐑦	ˈkiːwi	RRP	89	𐑒𐑰𐑢𐑰	ˈkiːwiː	
klaxon	𐑒𐑤𐑨𐑒𐑕𐑯	ˈklæksn	RRP	89	𐑒𐑤𐑨𐑒𐑕𐑩𐑯	ˈklæksən	
kleenex	𐑒𐑤𐑦𐑯𐑧𐑒𐑕	ˈklineks	RRP	89	𐑒𐑤𐑰𐑯𐑧𐑒𐑕	ˈkliːneks	
kleptomania	𐑒𐑤𐑧𐑐𐑑𐑩𐑥𐑱𐑯𐑦𐑩	ˌkleptəˈmeɪniə	RRP	89	𐑒𐑤𐑧𐑐𐑑𐑩𐑥𐑱𐑯𐑾	ˌkleptəˈmeɪnɪə	
know-how	𐑯𐑴𐑣𐑬	ˈnəʊhaʊ	RRP	89	𐑯𐑴-𐑣𐑬	ˈnəʊ-haʊ	
ko	𐑒𐑴	ˈkəʊ	RRP	89	𐑒𐑱𐑴	ˌkeɪˈəʊ	
kookaburra	𐑒𐑫𐑒𐑼𐑚𐑳𐑮𐑩	kʊkəRbʌrə	RRP	89	𐑒𐑫𐑒𐑩𐑚𐑳𐑮𐑩	ˈkʊkəbʌrə	
kvass	𐑒𐑝𐑭𐑕	kvɑːs	RRP	89	𐑒𐑝𐑨𐑕	kvæs	
la	𐑧𐑤 𐑱	ˌel ˈeɪ	RRP	89	⸰⁠𐑤𐑨, 𐑤𐑭	lɑː	
labial	𐑤𐑱𐑚𐑦𐑩𐑤	ˈleɪbiəl	RRP	89	𐑤𐑱𐑚𐑾𐑤	ˈleɪbɪəl	
laboratory	𐑤𐑼𐑚𐑪𐑮𐑼𐑑𐑮𐑰	ləRbɒrəRtriː	RRP	89	𐑤𐑨𐑚𐑮𐑩𐑑𐑹𐑦, 𐑤𐑩𐑚𐑪𐑮𐑩𐑑𐑼𐑦	ləˈbɒrətəri	
laborious	𐑤𐑼𐑚𐑹𐑦𐑩𐑕	ləRbɔːriəs	RRP	89	𐑤𐑩𐑚𐑹𐑾𐑕	ləˈbɔːrɪəs	
laboriously	𐑤𐑼𐑚𐑹𐑦𐑩𐑕𐑤𐑦	ləRbɔːriəslɪ	RRP	89	𐑤𐑩𐑚𐑹𐑾𐑕𐑤𐑦	ləˈbɔːrɪəsli	
labyrinthine	𐑤𐑨𐑚𐑼𐑦𐑯𐑔𐑳𐑦𐑯	labərɪnθʌɪn	RRP	89	𐑤𐑨𐑚𐑼𐑦𐑯𐑔𐑲𐑯	ˌlæbəˈrɪnθaɪn	
lackadaisical	𐑤𐑨𐑒𐑕𐑩-	læksə-	RRP	89	𐑤𐑨𐑒𐑩𐑛𐑱𐑟𐑦𐑒𐑩𐑤	ˌlækəˈdeɪzɪkəl	
lady-in-waiting	𐑤𐑱𐑛𐑦 𐑦𐑯 𐑢𐑱𐑑𐑦𐑙	ˌleɪdɪ ɪn ˈweɪtɪŋ	RRP	89	𐑤𐑱𐑛𐑦-𐑦𐑯-𐑢𐑱𐑑𐑦𐑙	ˌleɪdi-ɪn-ˈweɪtɪŋ	
laird	𐑤𐑻𐑛	lɜːRd	RRP	89	𐑤𐑺𐑛	leəRd	
laity	𐑤𐑱𐑩𐑑𐑦	ˈleɪəti	RRP	89	𐑤𐑱𐑦𐑑𐑦	ˈleɪɪti	
lamasery	𐑤𐑩𐑥𐑭𐑕𐑼𐑦	ləmɑːsəri	RRP	89	𐑤𐑭𐑥𐑩𐑕𐑼𐑦	ˈlɑːməsəri	
lambaste	𐑤𐑨𐑥𐑚𐑨𐑕𐑑	læmˈbæst	RRP	89	𐑤𐑨𐑥𐑚𐑱𐑕𐑑	læmˈbeɪst	
lamentable	𐑤𐑩𐑥𐑧𐑯𐑑𐑩𐑚𐑩𐑤	ləˈmentəbəl	RRP	89	𐑤𐑨𐑥𐑩𐑯𐑑𐑩𐑚𐑩𐑤	ˈlæməntəbəl	
lamentation	𐑤𐑨𐑥𐑩𐑯𐑑𐑱𐑖𐑩𐑯	ˌlæmənˈteɪʃən	RRP	89	𐑤𐑨𐑥𐑧𐑯𐑑𐑱𐑖𐑩𐑯	ˌlæmenˈteɪʃən	
lancashire	𐑤𐑨𐑙𐑒𐑼𐑖𐑼	læŋkəRʃəR	RRP	89	𐑤𐑨𐑙𐑒𐑩𐑖𐑼	ˈlæŋkəʃəR	
lancet	𐑤𐑭𐑯𐑕𐑦𐑑	lɑːnsɪt	RRP	89	𐑤𐑨𐑯𐑕𐑩𐑑, 𐑤𐑭𐑯𐑕𐑩𐑑	ˈlⱭːnsIt	
languorous	𐑤𐑨𐑙𐑜𐑼𐑼𐑕	læŋɡərəRs	RRP	89	𐑤𐑨𐑙𐑜𐑼𐑩𐑕	ˈlæŋɡərəs	
laos	𐑤𐑬𐑟	laʊz	RRP	89	𐑤𐑬𐑕	ˈlaʊs	
largesse	𐑤𐑸𐑠𐑧𐑕	lɑːRʒes	RRP	89	𐑤𐑸𐑡𐑧𐑕	lɑːRˈdʒes	
laryngitis	𐑤𐑨𐑮𐑦𐑯𐑡𐑨𐑘𐑑𐑦𐑕	lærɪndʒajtɪs	RRP	89	𐑤𐑨𐑮𐑦𐑯𐑡𐑲𐑑𐑦𐑕	ˌlærɪnˈdʒaɪtɪs	
lasagne	𐑤𐑩𐑟𐑨𐑯𐑘𐑩	ləˈzænjə	RRP	89	𐑤𐑩𐑟𐑭𐑯𐑘𐑩	ləˈzɑːnjə	
lateral	𐑤𐑨𐑑𐑼𐑼𐑤	lætərəRl	RRP	89	𐑤𐑨𐑑𐑼𐑩𐑤	ˈlætərəl	
laterite	𐑤𐑨𐑑𐑼𐑳𐑦𐑑	latərʌɪt	RRP	89	𐑤𐑨𐑑𐑼𐑲𐑑	ˈlætəraɪt	
lathi	𐑤𐑳𐑑𐑰	lʌˈtiː	RRP	89	𐑤𐑨𐑑𐑦, 𐑤𐑭𐑑𐑦	ˈlⱭːti	
latino	𐑤𐑩𐑑𐑦𐑯𐑴	ləˈtinoʊ	RRP	89	𐑤𐑩𐑑𐑰𐑯𐑴	ləˈtiːnəʊ	
latitudinarian	𐑤𐑨𐑑𐑦𐑑𐑿𐑛𐑦𐑯𐑻𐑾𐑯	latɪtjuːdɪnɜːrɪən	RRP	89	𐑤𐑨𐑑𐑦𐑑𐑵𐑛𐑦𐑯𐑺𐑾𐑯, 𐑤𐑨𐑑𐑦𐑑𐑿𐑛𐑦𐑯𐑺𐑾𐑯	ˌlætɪtjuːdɪˈneərɪən	
laudable	𐑤𐑷𐑛𐑩𐑚𐑤	ˈlɔːdəbl	RRP	89	𐑤𐑷𐑛𐑩𐑚𐑩𐑤	ˈlɔːdəbəl	
laudably	𐑤𐑷𐑛𐑦𐑚𐑤𐑦	ˈlɔːdɪbli	RRP	89	𐑤𐑷𐑛𐑩𐑚𐑤𐑦	ˈlɔːdəbli	
laudatory	𐑤𐑹𐑛𐑼𐑑𐑮𐑦	lɔːRdəRtri	RRP	89	𐑤𐑷𐑛𐑩𐑑𐑼𐑦	ˈlɔːdətəri	
laureate	𐑤𐑪𐑮𐑦𐑩𐑑	lɒriət	RRP	89	𐑤𐑹𐑾𐑑	ˈlɔːrɪət	
laurel	𐑤𐑪𐑮𐑼𐑤	lɒrəRl	RRP	89	𐑤𐑪𐑮𐑩𐑤	ˈlɒrəl	
lavatory	𐑤𐑨𐑝𐑼𐑑𐑮𐑦	lævəRtri	RRP	89	𐑤𐑨𐑝𐑩𐑑𐑼𐑦	ˈlævətəri	
lawful	𐑤𐑷𐑓𐑫𐑤	ˈlɔːfʊl	RRP	89	𐑤𐑷𐑓𐑩𐑤	ˈlɔːfəl	
lawsuit	𐑤𐑷𐑕𐑫𐑑	ˈlɔˌsut	RRP	89	𐑤𐑷𐑕𐑵𐑑	ˈlɔːsuːt	
lazar	𐑤𐑱𐑟𐑼	leɪzəR	RRP	89	𐑤𐑨𐑟𐑼	ˈlæzəR	
lazarus	𐑤𐑨𐑟𐑼𐑼𐑕	læzərəRs	RRP	89	𐑤𐑨𐑟𐑼𐑩𐑕	ˈlæzərəs	
leaflet	𐑤𐑰𐑓𐑤𐑦𐑑	ˈliːflɪt	RRP	89	𐑤𐑰𐑓𐑤𐑩𐑑	ˈliːflət	
lean-to	𐑤𐑦𐑯𐑑𐑫	lintu	RRP	89	𐑤𐑰𐑯-𐑑𐑵	ˈliːn-tuː	
leased	𐑤𐑦𐑕𐑑	list	RRP	89	𐑤𐑰𐑕𐑑	liːst	
lecherous	𐑤𐑧𐑗𐑼𐑼𐑕	letʃərəRs	RRP	89	𐑤𐑧𐑗𐑼𐑩𐑕	ˈletʃərəs	
led	𐑧𐑤𐑰𐑛𐑰	eliːˈdiː	RRP	89	𐑤𐑧𐑛	led	
legate	𐑤𐑧𐑜𐑦𐑑	ˈleɡɪt	RRP	89	𐑤𐑧𐑜𐑩𐑑	ˈleɡIt	
leghorn	𐑤𐑧𐑜𐑣𐑹𐑯	leɡhɔːRn	RRP	89	𐑤𐑧𐑜𐑹𐑯	leˈɡɔːRn	
legible	𐑤𐑧𐑡𐑩𐑚𐑤	ˈledʒəbl	RRP	89	𐑤𐑧𐑡𐑩𐑚𐑩𐑤	ˈledʒəbəl	
legislature	𐑤𐑧𐑡𐑦𐑕𐑤𐑩𐑗𐑫𐑼	ledʒɪslətʃʊəR	RRP	89	𐑤𐑧𐑡𐑦𐑕𐑤𐑱𐑗𐑼	ˈledʒɪsleɪtʃəR	
legitimacy	𐑤𐑩𐑡𐑦𐑑𐑦𐑥𐑩𐑕𐑦	ləˈdʒɪtɪməsi	RRP	89	𐑤𐑦𐑡𐑦𐑑𐑦𐑥𐑩𐑕𐑦	lɪˈdʒɪtɪməsi	
legume	𐑤𐑦𐑜𐑿𐑥	lɪˈɡjuːm	RRP	89	𐑤𐑧𐑜𐑿𐑥	ˈleɡjuːm	
lenient	𐑤𐑰𐑯𐑦𐑩𐑯𐑑	ˈliːniənt	RRP	89	𐑤𐑰𐑯𐑾𐑯𐑑	ˈliːnɪənt	
lesbian	𐑤𐑧𐑟𐑚𐑦𐑩𐑯	ˈlezbiən	RRP	89	𐑤𐑧𐑟𐑚𐑾𐑯	ˈlezbɪən	
lethargic	𐑤𐑩𐑔𐑸𐑡𐑦𐑒	ləθɑːRdʒɪk	RRP	89	𐑤𐑦𐑔𐑸𐑡𐑦𐑒	lɪˈθɑːRdʒɪk	
levant	𐑤𐑧𐑝𐑩𐑯𐑑	ˈlevənt	RRP	89	𐑤𐑩𐑝𐑨𐑯𐑑	ləˈvænt	
levant	𐑤𐑦𐑝𐑨𐑯𐑑	lɪˈvænt	RRP	89	𐑤𐑩𐑝𐑨𐑯𐑑	ləˈvænt	
leverage	𐑤𐑧𐑝𐑮𐑦𐑡	levrɪdʒ	RRP	89	𐑤𐑧𐑝𐑼𐑦𐑡	ˈlevərɪdʒ	
leviathan	𐑤𐑩𐑝𐑲𐑩𐑔𐑩𐑯	ləˈvaɪəθən	RRP	89	𐑤𐑦𐑝𐑲𐑩𐑔𐑩𐑯	lɪˈvaɪəθən	
lexicon	𐑤𐑧𐑒𐑕𐑦𐑒𐑩𐑯	ˈleksɪkən	RRP	89	𐑤𐑧𐑒𐑕𐑦𐑒𐑪𐑯	ˈleksɪkɒn	
liaise	𐑤𐑰𐑱𐑟	liːˈeɪz	RRP	89	𐑤𐑦𐑱𐑟	lɪˈeɪz	
liberal	𐑤𐑦𐑚𐑮𐑼𐑤	lɪbrəRl	RRP	89	𐑤𐑦𐑚𐑼𐑩𐑤	ˈlɪbərəl	
liberalize	𐑤𐑦𐑚𐑼𐑼𐑤𐑲𐑟	lɪbərəRlaɪz	RRP	89	𐑤𐑦𐑚𐑼𐑩𐑤𐑲𐑟	ˈlɪbərəlaɪz	
libertarian	𐑤𐑦𐑚𐑼𐑑𐑺𐑘𐑩𐑯	lɪbəRteərjən	RRP	89	𐑤𐑦𐑚𐑼𐑑𐑺𐑾𐑯	ˌlɪbəRˈteəriən	
libra	𐑤𐑨𐑦𐑚𐑮𐑩	laibrə	RRP	89	𐑤𐑰𐑚𐑮𐑩	ˈliːbrə	
librarian	𐑤𐑲𐑚𐑮𐑧𐑮𐑦𐑩𐑯	laɪbreriən	RRP	89	𐑤𐑲𐑚𐑮𐑺𐑾𐑯	laɪˈbreərɪən	
libyan	𐑤𐑦𐑚𐑦𐑩𐑯	ˈlɪbiən	RRP	89	𐑤𐑦𐑚𐑾𐑯	ˈlɪbɪən	
licentiate	𐑤𐑲𐑕𐑧𐑯𐑖𐑦𐑩𐑑	laɪˈsenʃiət	RRP	89	𐑤𐑲𐑕𐑧𐑯𐑖𐑾𐑑	laɪˈsenʃɪət	
lid	𐑤𐑩𐑛	lƏd	RRP	89	𐑤𐑦𐑛	lɪd	
lido	𐑤𐑲𐑛𐑴	ˈlaɪdəʊ	RRP	89	𐑤𐑰𐑛𐑴	ˈliːdəʊ	
lied	𐑤𐑰𐑛	liːd	RRP	89	𐑤𐑰𐑑, 𐑤𐑲𐑛	laɪd	
lieutenant	𐑤𐑫𐑑𐑧𐑯𐑩𐑯𐑑	luˈtenənt	RRP	89	𐑤𐑧𐑓𐑑𐑧𐑯𐑩𐑯𐑑	lefˈtenənt	
lilliputian	𐑤𐑦𐑤𐑦𐑐𐑘𐑫𐑖𐑩𐑯	ˌlɪlɪˈpjuʃən	RRP	89	𐑤𐑦𐑤𐑦𐑐𐑿𐑖𐑩𐑯	ˌlɪlɪˈpjuːʃən	
lima	𐑤𐑲𐑥𐑩	ˈlaɪmə	RRP	89	𐑤𐑰𐑥𐑩	ˈliːmə	
limpet	𐑤𐑦𐑥𐑐𐑦𐑑	ˈlɪmpɪt	RRP	89	𐑤𐑦𐑥𐑐𐑩𐑑	ˈlɪmpIt	
limpid	𐑤𐑦𐑥𐑐𐑩𐑛	ˈlɪmpƏd	RRP	89	𐑤𐑦𐑥𐑐𐑦𐑛	ˈlɪmpɪd	
lineal	𐑤𐑦𐑯𐑰𐑩𐑤	ˈlɪniːəl	RRP	89	𐑤𐑦𐑯𐑾𐑤	ˈlɪnɪəl	
linear	𐑤𐑦𐑯𐑦𐑼	lɪniəR	RRP	89	𐑤𐑦𐑯𐑽	ˈlɪnɪəR	
lingerie	𐑤𐑨𐑯𐑠𐑼𐑦	lænʒəri	RRP	89	𐑤𐑪𐑯𐑡𐑼𐑱	ˈlɒndʒəreɪ	
liniment	𐑤𐑦𐑯𐑩𐑥𐑩𐑯𐑑	ˈlɪnəmənt	RRP	89	𐑤𐑦𐑯𐑦𐑥𐑩𐑯𐑑	ˈlɪnɪmənt	
linnet	𐑤𐑦𐑯𐑦𐑑	ˈlɪnɪt	RRP	89	𐑤𐑦𐑯𐑩𐑑	ˈlɪnIt	
linocut	𐑤𐑳𐑦𐑯𐑴𐑒𐑳𐑑	ˈlʌɪnəʊkʌt	RRP	89	𐑤𐑲𐑯𐑴𐑒𐑳𐑑	ˈlaɪnəʊkʌt	
linoleum	𐑤𐑦𐑯𐑴𐑤𐑦𐑩𐑥	lɪˈnəʊliəm	RRP	89	𐑤𐑦𐑯𐑴𐑤𐑾𐑥	lɪˈnəʊlɪəm	
liquid	𐑤𐑦𐑒𐑢𐑩𐑛	ˈlɪkwƏd	RRP	89	𐑤𐑦𐑒𐑢𐑦𐑛	ˈlɪkwɪd	
liquidate	𐑤𐑦𐑒𐑢𐑩𐑛𐑱𐑑	ˈlɪkwədeɪt	RRP	89	𐑤𐑦𐑒𐑢𐑦𐑛𐑱𐑑	ˈlɪkwɪdeɪt	
liquidation	𐑤𐑦𐑒𐑢𐑩𐑛𐑱𐑖𐑩𐑯	ˌlɪkwəˈdeɪʃən	RRP	89	𐑤𐑦𐑒𐑢𐑦𐑛𐑱𐑖𐑩𐑯	ˌlɪkwɪˈdeɪʃən	
liquidity	𐑤𐑦𐑒𐑢𐑦𐑛𐑩𐑑𐑦	lɪkˈwɪdəti	RRP	89	𐑤𐑦𐑒𐑢𐑦𐑛𐑦𐑑𐑦	lɪˈkwɪdɪti	
listener	𐑤𐑦𐑕𐑯𐑼	lɪsnəR	RRP	89	𐑤𐑦𐑕𐑩𐑯𐑼	ˈlɪsənəR	
litchi	𐑤𐑰𐑗𐑰	ˈliːtʃiː	RRP	89	𐑤𐑲𐑗𐑰	ˈlaɪtʃiː	
literacy	𐑤𐑦𐑑𐑮𐑼𐑕𐑦	lɪtrəRsi	RRP	89	𐑤𐑦𐑑𐑼𐑩𐑕𐑦	ˈlɪtərəsi	
literal	𐑤𐑦𐑑𐑮𐑼𐑤	lɪtrəRl	RRP	89	𐑤𐑦𐑑𐑼𐑩𐑤	ˈlɪtərəl	
literally	𐑤𐑦𐑑𐑼𐑼𐑤𐑦	lɪtərəRli	RRP	89	𐑤𐑦𐑑𐑼𐑩𐑤𐑦	ˈlɪtərəli	
literary	𐑤𐑦𐑑𐑼𐑧𐑮𐑦	lɪtəreri	RRP	89	𐑤𐑦𐑑𐑼𐑼𐑦	ˈlɪtərəri	
literate	𐑤𐑦𐑑𐑼𐑼𐑑	lɪtərəRt	RRP	89	𐑤𐑦𐑑𐑼𐑩𐑑	ˈlɪtərət	
literati	𐑤𐑦𐑑𐑼𐑭𐑑𐑰	lɪtərɑːtiː	RRP	89	𐑤𐑦𐑑𐑼𐑭𐑑𐑦	ˌlɪtəˈrɑːti	
literature	𐑤𐑦𐑑𐑼𐑼𐑗𐑼	lɪtərəRtʃəR	RRP	89	𐑤𐑦𐑑𐑼𐑩𐑗𐑼	ˈlɪtərətʃəR	
lithium	𐑤𐑦𐑔𐑦𐑩𐑥	ˈlɪθiəm	RRP	89	𐑤𐑦𐑔𐑾𐑥	ˈlɪθiəm	
littoral	𐑤𐑦𐑑𐑼𐑼𐑤	lɪtərəRl	RRP	89	𐑤𐑦𐑑𐑼𐑩𐑤	ˈlɪtərəl	
livery	𐑤𐑦𐑝𐑮𐑦	lɪvrɪ	RRP	89	𐑤𐑦𐑝𐑼𐑦	ˈlɪvəri	
lividly	𐑤𐑦𐑝𐑦𐑛𐑤𐑰	ˈlɪvɪdliː	RRP	89	𐑤𐑦𐑝𐑦𐑛𐑤𐑦	ˈlɪvɪdli	
locomotive	𐑤𐑴𐑒𐑴𐑥𐑴𐑑𐑦𐑝	ˌləʊkəʊˈməʊtiv	RRP	89	𐑤𐑴𐑒𐑩𐑥𐑴𐑑𐑦𐑝	ˌləʊkəˈməʊtɪv	
locution	𐑤𐑴𐑒𐑘𐑫𐑖𐑩𐑯	loʊˈkjuʃən	RRP	89	𐑤𐑩𐑒𐑿𐑖𐑩𐑯	ləˈkjuːʃən	
loess	𐑤𐑻𐑕	lɜːs	RRP	89	𐑤𐑴𐑧𐑕	ˈləʊes	
loggia	𐑤𐑪𐑡𐑩	ˈlɒdʒə	RRP	89	𐑤𐑪𐑡𐑾	ˈlɒdʒɪə	
logos	𐑤𐑪𐑜𐑪𐑕	ˈlɒɡɒs	RRP	89	𐑤𐑴𐑜𐑴𐑟	ˈləʊɡəʊz	
londoner	𐑤𐑳𐑯𐑛𐑼𐑯𐑼	lʌndəRnəR	RRP	89	𐑤𐑳𐑯𐑛𐑩𐑯𐑼	ˈlʌndənəR	
long-lived	𐑤𐑪𐑙𐑤𐑲𐑝𐑛	ˈlɒŋˈlaɪvd	RRP	89	𐑤𐑪𐑙-𐑤𐑦𐑝𐑛	lɒŋ-ˈlɪvd	
longevity	𐑤𐑪𐑙𐑡𐑧𐑝𐑦𐑑𐑦	lɒŋˈdʒevɪti	RRP	89	𐑤𐑪𐑯𐑡𐑧𐑝𐑦𐑑𐑦	lɒnˈdʒevɪti	
longitudinal	𐑤𐑪𐑙𐑜𐑦𐑑𐑿𐑛𐑦𐑯𐑤	ˌlɒŋɡɪˈtjuːdɪnl	RRP	89	𐑤𐑪𐑯𐑡𐑦𐑑𐑵𐑛𐑦𐑯𐑩𐑤, 𐑤𐑪𐑯𐑡𐑦𐑑𐑿𐑛𐑦𐑯𐑩𐑤	ˌlɒndʒɪˈtjuːdɪnəl	
longitudinally	𐑤𐑪𐑙𐑡𐑦𐑑𐑿𐑛𐑦𐑯𐑤𐑦	ˌlɒŋdʒɪˈtjuːdɪnli	RRP	89	𐑤𐑪𐑯𐑡𐑦𐑑𐑵𐑛𐑦𐑯𐑩𐑤𐑦, 𐑤𐑪𐑯𐑡𐑦𐑑𐑿𐑛𐑦𐑯𐑩𐑤𐑦	ˌlɒndʒɪˈtjuːdɪnəli	
loquacious	𐑤𐑴𐑒𐑢𐑱𐑖𐑩𐑕	ləʊˈkweɪʃəs	RRP	89	𐑤𐑩𐑒𐑢𐑱𐑖𐑩𐑕	ləˈkweɪʃəs	
lorgnette	𐑤𐑪𐑮𐑯𐑘𐑧𐑑	lɒrnjet	RRP	89	𐑤𐑹𐑯𐑘𐑧𐑑	lɔːRˈnjet	
lory	𐑤𐑪𐑮𐑦	lɒri	RRP	89	𐑤𐑹𐑦	ˈlɔːri	
loth	𐑤𐑴𐑑	ləʊt	RRP	89	𐑤𐑴𐑔	ləʊθ	
low-down	𐑤𐑴𐑛𐑬𐑯	ˈləʊdaʊn	RRP	89	𐑤𐑴-𐑛𐑬𐑯	ləʊ-ˈdaʊn	
lowering	𐑤𐑴𐑮𐑦𐑙	loʊrɪŋ	RRP	89	𐑤𐑬𐑼𐑦𐑙, 𐑤𐑴𐑼𐑦𐑙	ˈlaʊərɪŋ	
lubrication	𐑤𐑫𐑚𐑮𐑦𐑒𐑱𐑖𐑩𐑯	lubrɪkeɪʃən	RRP	89	𐑤𐑵𐑚𐑮𐑦𐑒𐑱𐑖𐑩𐑯	ˌluːbrɪˈkeɪʃən	
lucid	𐑤𐑵𐑕𐑩𐑛	ˈluːsƏd	RRP	89	𐑤𐑵𐑕𐑦𐑛	ˈluːsɪd	
lucidly	𐑤𐑵𐑕𐑩𐑛𐑤𐑦	ˈluːsƏdli	RRP	89	𐑤𐑵𐑕𐑦𐑛𐑤𐑦	ˈluːsɪdli	
lugubrious	𐑤𐑩𐑜𐑵𐑚𐑮𐑦𐑩𐑕	ləɡuːbriəs	RRP	89	𐑤𐑩𐑜𐑵𐑚𐑮𐑾𐑕	ləˈɡuːbrɪəs	
lumbar	𐑤𐑳𐑥𐑚𐑸	lʌmbɑːR	RRP	89	𐑤𐑳𐑥𐑚𐑼	ˈlʌmbəR	
luminary	𐑤𐑵𐑥𐑦𐑯𐑮𐑦	luːmɪnri	RRP	89	𐑤𐑵𐑥𐑦𐑯𐑼𐑦	ˈluːmɪnəri	
lutheran	𐑤𐑵𐑔𐑼𐑯	luːθərn	RRP	89	𐑤𐑵𐑔𐑼𐑩𐑯	ˈluːθərən	
luxuriant	𐑤𐑳𐑜𐑟𐑘𐑩𐑼𐑦𐑩𐑯𐑑	lʌɡzjəəriənt	RRP	89	𐑤𐑳𐑜𐑠𐑫𐑼𐑾𐑯𐑑	lʌɡˈʒʊərɪənt	
luxurious	𐑤𐑳𐑜𐑠𐑫𐑮𐑦𐑩𐑕	lʌɡʒʊriəs	RRP	89	𐑤𐑳𐑜𐑠𐑫𐑼𐑾𐑕	lʌɡˈʒʊərɪəs	
lyceum	𐑤𐑲𐑕𐑰𐑩𐑥	laɪˈsiːəm	RRP	89	𐑤𐑲𐑕𐑾𐑥	laɪˈsiːəm	
ma'am	𐑥𐑭𐑥	mɑːm	RRP	89	𐑥𐑨𐑥	mæm	
macabre	𐑥𐑩𐑒𐑭𐑚𐑮𐑼	məkɑːbrəR	RRP	89	𐑥𐑩𐑒𐑭𐑚𐑮𐑩	məˈkɑːbrə	
macedonian	𐑥𐑨𐑕𐑩𐑛𐑴𐑯𐑾𐑯	mæsəˈdəʊnɪən	RRP	89	𐑥𐑨𐑕𐑦𐑛𐑴𐑯𐑾𐑯	ˌmæsɪˈdəʊnɪən	
mach	𐑥𐑭𐑒	mɑːk	RRP	89	𐑥𐑨𐑒	mæk	
machiavellian	𐑥𐑨𐑒𐑦𐑩𐑝𐑧𐑤𐑦𐑩𐑯	ˌmækiəˈveliən	RRP	89	𐑥𐑨𐑒𐑾𐑝𐑧𐑤𐑾𐑯	ˌmækɪəˈvelɪən	
machine	𐑥𐑩𐑖𐑦𐑯	məˈʃin	RRP	89	𐑥𐑩𐑖𐑰𐑯	məˈʃiːn	
machinist	𐑥𐑩𐑖𐑦𐑯𐑦𐑕𐑑	məˈʃinɪst	RRP	89	𐑥𐑩𐑖𐑰𐑯𐑦𐑕𐑑	məˈʃiːnɪst	
machismo	𐑥𐑩𐑒𐑦𐑟𐑥𐑴	məˈkɪzməʊ	RRP	89	𐑥𐑩𐑗𐑦𐑟𐑥𐑴	məˈtʃɪzməʊ	
mafia	𐑥𐑨𐑓𐑦𐑩	ˈmæfiə	RRP	89	𐑥𐑨𐑓𐑾, 𐑥𐑭𐑓𐑾	ˈmⱭːfɪə	
magi	𐑥𐑨𐑡𐑲	mædʒaɪ	RRP	89	𐑥𐑱𐑡𐑲	ˈmeɪdʒaɪ	
magnesia	𐑥𐑨𐑜𐑯𐑦𐑠𐑩	ˌmæɡˈniʒə	RRP	89	𐑥𐑨𐑜𐑯𐑰𐑖𐑩	mæɡˈniːʃə	
magnesium	𐑥𐑨𐑜𐑯𐑰𐑟𐑦𐑩𐑥	ˌmæɡˈniːziəm	RRP	89	𐑥𐑨𐑜𐑯𐑰𐑟𐑾𐑥	mæɡˈniːzɪəm	
magnetism	𐑥𐑨𐑜𐑯𐑩𐑑𐑦𐑟𐑩𐑥	ˈmæɡnəˌtɪzəm	RRP	89	𐑥𐑨𐑜𐑯𐑦𐑑𐑦𐑟𐑩𐑥	ˈmæɡnɪtɪzəm	
magnetosphere	𐑥𐑨𐑜𐑯𐑦𐑑𐑼𐑕𐑓𐑦𐑮	mæɡnitəRsfɪr	RRP	89	𐑥𐑨𐑜𐑯𐑰𐑑𐑴𐑕𐑓𐑽	mæɡˈniːtəʊsfiəR	
magnificent	𐑥𐑨𐑜𐑯𐑦𐑓𐑩𐑕𐑩𐑯𐑑	mæɡˈnɪfəsənt	RRP	89	𐑥𐑨𐑜𐑯𐑦𐑓𐑦𐑕𐑩𐑯𐑑	mæɡˈnɪfɪsənt	
magnolia	𐑥𐑨𐑜𐑯𐑴𐑤𐑦𐑩	ˌmæɡˈnoʊliə	RRP	89	𐑥𐑨𐑜𐑯𐑴𐑤𐑾	mæɡˈnəʊlɪə	
magyar	𐑥𐑨𐑜𐑘𐑪𐑮	mæɡjɒr	RRP	89	𐑥𐑨𐑜𐑘𐑸	ˈmæɡjɑːR	
maidenhair	𐑥𐑱𐑛𐑩𐑯𐑣𐑻	meɪdənhɜːR	RRP	89	𐑥𐑱𐑛𐑩𐑯𐑣𐑺	ˈmeɪdənheəR	
maidenhood	𐑥𐑱𐑛𐑯𐑣𐑫𐑛	ˈmeɪdnhʊd	RRP	89	𐑥𐑱𐑛𐑩𐑯𐑣𐑫𐑛	ˈmeɪdənhʊd	
mailman	𐑥𐑱𐑤𐑥𐑩𐑯	ˈmeɪlmən	RRP	89	𐑥𐑱𐑤𐑥𐑨𐑯	ˈmeɪlmæn	
maintenance	𐑥𐑱𐑯𐑑𐑯𐑩𐑯𐑕	ˈmeɪntnəns	RRP	89	𐑥𐑱𐑯𐑑𐑩𐑯𐑩𐑯𐑕	ˈmeɪntənəns	
malaise	𐑥𐑨𐑤𐑱𐑟	mæˈleɪz	RRP	89	𐑥𐑩𐑤𐑱𐑟	məˈleɪz	
malaria	𐑥𐑩𐑤𐑺𐑦𐑩	məleəriə	RRP	89	𐑥𐑩𐑤𐑺𐑾	məˈleərɪə	
malaysian	𐑥𐑩𐑤𐑱𐑟𐑦𐑩𐑯	məˈleɪziən	RRP	89	𐑥𐑩𐑤𐑱𐑠𐑩𐑯	məˈleɪʒən	
mall	𐑥𐑨𐑤	mæl	RRP	89	𐑥𐑷𐑤	mɔːl	
malleable	𐑥𐑨𐑤𐑦𐑩𐑚𐑩𐑤	ˈmæliəbəl	RRP	89	𐑥𐑨𐑤𐑾𐑚𐑩𐑤	ˈmælɪəbəl	
mallet	𐑥𐑨𐑤𐑦𐑑	ˈmælɪt	RRP	89	𐑥𐑨𐑤𐑩𐑑	ˈmælIt	
maltese	𐑥𐑪𐑤𐑑𐑰𐑟	mɒlˈtiːz	RRP	89	𐑥𐑷𐑤𐑑𐑰𐑟	mɔːlˈtiːz	
mamma	𐑥𐑨𐑥𐑩	ˈmæmə	RRP	89	𐑥𐑩𐑥𐑭	məˈmɑː	
mammalian	𐑥𐑩𐑥𐑱𐑤𐑘𐑩𐑯	məˈmeɪljən	RRP	89	𐑥𐑩𐑥𐑱𐑤𐑾𐑯	məˈmeɪliən	
man-of-war	𐑥𐑨𐑯𐑩𐑢𐑹	manəwɔːR	RRP	89	𐑥𐑨𐑯-𐑝-𐑢𐑹	ˌmæn-V-ˈwɔːR	
manacle	𐑥𐑨𐑯𐑩𐑒𐑤	ˈmænəkl	RRP	89	𐑥𐑨𐑯𐑩𐑒𐑩𐑤	ˈmænəkəl	
mandatary	𐑥𐑨𐑯𐑛𐑱𐑑𐑼𐑦	mændeɪtəri	RRP	89	𐑥𐑨𐑯𐑛𐑩𐑑𐑼𐑦	ˈmændətəri	
mandatory	𐑥𐑨𐑯𐑛𐑼𐑑𐑮𐑦	mændəRtri	RRP	89	𐑥𐑨𐑯𐑛𐑩𐑑𐑼𐑦	ˈmændətəri	
mania	𐑥𐑱𐑯𐑦𐑩	ˈmeɪniə	RRP	89	𐑥𐑱𐑯𐑾	ˈmeɪnɪə	
maniacal	𐑥𐑩𐑯𐑲𐑩𐑒𐑤	məˈnaɪəkl	RRP	89	𐑥𐑩𐑯𐑲𐑩𐑒𐑩𐑤	məˈnaɪəkəl	
manicure	𐑥𐑨𐑯𐑦𐑒𐑘𐑼	mænɪkjər	RRP	89	𐑥𐑨𐑯𐑦𐑒𐑘𐑫𐑼	ˈmænɪkjʊəR	
manipulation	𐑥𐑩𐑯𐑦𐑐𐑘𐑫𐑤𐑱𐑖𐑩𐑯	məˌnɪpjuˈleɪʃən	RRP	89	𐑥𐑩𐑯𐑦𐑐𐑘𐑩𐑤𐑱𐑖𐑩𐑯	məˌnɪpjəˈleɪʃən	
manlike	𐑥𐑨𐑯𐑤𐑳𐑦𐑒	ˈmanlʌɪk	RRP	89	𐑥𐑨𐑯𐑤𐑲𐑒	ˈmænlaɪk	
mannequin	𐑥𐑨𐑯𐑩𐑒𐑦𐑯	ˈmænəˌkɪn	RRP	89	𐑥𐑨𐑯𐑦𐑒𐑦𐑯	ˈmænɪkɪn	
mantelpiece	𐑥𐑨𐑯𐑑𐑤𐑐𐑰𐑕	ˈmæntlpiːs	RRP	89	𐑥𐑨𐑯𐑑𐑩𐑤𐑐𐑰𐑕	ˈmæntəlpiːs	
manufactory	𐑥𐑨𐑯𐑘𐑩𐑓𐑨𐑒𐑑𐑮𐑦	manjəfaktri	RRP	89	𐑥𐑨𐑯𐑘𐑩𐑓𐑨𐑒𐑗𐑼𐑦	ˌmænjəˈfæktʃəri	
manure	𐑥𐑩𐑯𐑘𐑩𐑼	mənjəəR	RRP	89	𐑥𐑩𐑯𐑘𐑫𐑼	məˈnjʊəR	
marabou	𐑥𐑨𐑮𐑼𐑚𐑵	mærəRbuː	RRP	89	𐑥𐑨𐑮𐑩𐑚𐑵	ˈmærəbuː	
maraschino	𐑥𐑨𐑮𐑼𐑖𐑰𐑯𐑴	mærəRʃiːnəʊ	RRP	89	𐑥𐑨𐑮𐑩𐑕𐑒𐑰𐑯𐑴	ˌmærəˈskiːnəʊ	
marathon	𐑥𐑨𐑮𐑼𐑔𐑩𐑯	mærəRθən	RRP	89	𐑥𐑨𐑮𐑩𐑔𐑩𐑯	ˈmærəθən	
maraud	𐑥𐑼𐑹𐑛	mərɔːRd	RRP	89	𐑥𐑼𐑷𐑛	məˈrɔːd	
marauder	𐑥𐑼𐑹𐑛𐑼	mərɔːRdəR	RRP	89	𐑥𐑼𐑷𐑛𐑼	məˈrɔːdəR	
margarine	𐑥𐑸𐑡𐑼𐑦𐑯	mɑːRdʒərɪn	RRP	89	𐑥𐑸𐑡𐑼𐑰𐑯	ˌmɑːRdʒəˈriːn	
maria	𐑥𐑧𐑮𐑦𐑩	meriə	RRP	89	𐑥𐑼𐑾	məˈrɪə	
marian	𐑥𐑺𐑦𐑩𐑯	meəriən	RRP	89	𐑥𐑨𐑮𐑾𐑯	ˈmærɪən	
marijuana	𐑥𐑨𐑮𐑦𐑢𐑸𐑯𐑩	mærɪwɑːRnə	RRP	89	𐑥𐑨𐑮𐑩𐑢𐑭𐑯𐑩	ˌmærəˈwɑːnə	
marina	𐑥𐑼𐑦𐑯𐑩	mərinə	RRP	89	𐑥𐑼𐑰𐑯𐑩	məˈriːnə	
marjoram	𐑥𐑸𐑡𐑮𐑼𐑥	mɑːRdʒrəRm	RRP	89	𐑥𐑸𐑡𐑼𐑩𐑥	ˈmɑːRdʒərəm	
marked	𐑥𐑸𐑒𐑩𐑛	mɑːRkƏd	RRP	89	𐑥𐑸𐑒𐑑	mɑːRkt	
marocain	𐑥𐑨𐑮𐑼𐑒𐑱𐑯	mærəRkeɪn	RRP	89	𐑥𐑨𐑮𐑩𐑒𐑱𐑯	ˈmærəkeɪn	
marquess	𐑥𐑸𐑒𐑢𐑦𐑕	mɑːRkwɪs	RRP	89	𐑥𐑸𐑒𐑢𐑩𐑕	ˈmɑːRkwƏs	
marquetry	𐑥𐑸𐑒𐑦𐑑𐑮𐑦	mɑːRkɪtri	RRP	89	𐑥𐑸𐑒𐑩𐑑𐑮𐑦	ˈmɑːRkItri	
marseillaise	𐑥𐑸𐑕𐑱𐑘𐑧𐑟	mɑːRseɪjez	RRP	89	𐑥𐑸𐑕𐑱𐑘𐑱𐑟	ˌmɑːRseɪˈjeɪz	
marsupial	𐑥𐑸𐑕𐑵𐑐𐑦𐑩𐑤	mɑːRsuːpiəl	RRP	89	𐑥𐑸𐑕𐑵𐑐𐑾𐑤	mɑːRˈsuːpɪəl	
martyrdom	𐑥𐑸𐑑𐑼𐑛𐑼𐑥	mɑːRtəRdəRm	RRP	89	𐑥𐑸𐑑𐑼𐑛𐑩𐑥	ˈmɑːRtəRdəm	
mary	𐑥𐑧𐑮𐑦	meri	RRP	89	𐑥𐑺𐑦	ˈmeəri	
mascara	𐑥𐑩𐑕𐑒𐑸𐑩	məskɑːrə	RRP	89	𐑥𐑨𐑕𐑒𐑸𐑩	mæˈskɑːrə	
masonry	𐑥𐑱𐑕𐑩𐑯𐑮𐑦	meɪsənri	RRP	89	𐑥𐑱𐑕𐑩𐑯𐑼𐑦	ˈmeɪsənəri	
masseur	𐑥𐑩𐑕𐑻	məsɜːR	RRP	89	𐑥𐑨𐑕𐑻	mæˈsɜːR	
masterfully	𐑥𐑭𐑕𐑑𐑼𐑓𐑫𐑤𐑦	mɑːstəRfʊli	RRP	89	𐑥𐑨𐑕𐑑𐑼𐑓𐑩𐑤𐑦, 𐑥𐑭𐑕𐑑𐑼𐑓𐑩𐑤𐑦	ˈmⱭːstəRfəli	
mastermind	𐑥𐑭𐑕𐑑𐑼𐑥𐑳𐑦𐑯𐑛	mɑːstəRmʌɪnd	RRP	89	𐑥𐑨𐑕𐑑𐑼𐑥𐑲𐑯𐑛, 𐑥𐑭𐑕𐑑𐑼𐑥𐑲𐑯𐑛	ˈmⱭːstəRmaɪnd	
mastery	𐑥𐑭𐑕𐑑𐑮𐑦	mɑːstri	RRP	89	𐑥𐑨𐑕𐑑𐑼𐑦, 𐑥𐑭𐑕𐑑𐑼𐑦	ˈmⱭːstəri	
masturbation	𐑥𐑨𐑕𐑑𐑼𐑚𐑱𐑖𐑯	mæstəRbeɪʃn	RRP	89	𐑥𐑨𐑕𐑑𐑼𐑚𐑱𐑖𐑩𐑯	ˌmæstəRˈbeɪʃən	
matador	𐑥𐑨𐑑𐑼𐑛𐑷𐑮	mætəRdɔr	RRP	89	𐑥𐑨𐑑𐑩𐑛𐑹	ˈmætədɔːR	
materialism	𐑥𐑩𐑑𐑽𐑦𐑼𐑤𐑦𐑟𐑩𐑥	mətɪəriəRlɪzəm	RRP	89	𐑥𐑩𐑑𐑽𐑾𐑤𐑦𐑟𐑩𐑥	məˈtɪərɪəlɪzəm	
materialist	𐑥𐑩𐑑𐑰𐑮𐑾𐑤𐑦𐑕𐑑	mətiːrɪəlɪst	RRP	89	𐑥𐑩𐑑𐑽𐑾𐑤𐑦𐑕𐑑	məˈtɪərɪəlɪst	
materialistic	𐑥𐑼𐑑𐑽𐑦𐑼𐑤𐑦𐑕𐑑𐑦𐑒	məRtɪəriəRlɪstɪk	RRP	89	𐑥𐑩𐑑𐑽𐑾𐑤𐑦𐑕𐑑𐑦𐑒	məˌtɪərɪəˈlɪstɪk	
mathematician	𐑥𐑨𐑔𐑥𐑩𐑑𐑦𐑖𐑩𐑯	ˈmæθˌmətɪʃən	RRP	89	𐑥𐑨𐑔𐑩𐑥𐑩𐑑𐑦𐑖𐑩𐑯	ˌmæθəməˈtɪʃən	
mathematics	𐑥𐑨𐑔𐑥𐑨𐑑𐑦𐑒𐑕	mæθˈmætɪks	RRP	89	𐑥𐑨𐑔𐑩𐑥𐑨𐑑𐑦𐑒𐑕	ˌmæθəˈmætɪks	
maturate	𐑥𐑨𐑑𐑘𐑼𐑱𐑑	mætjəreɪt	RRP	89	𐑥𐑨𐑗𐑼𐑱𐑑	ˈmætʃəreɪt	
maturity	𐑥𐑩𐑗𐑫𐑼𐑼𐑑𐑦	mətʃʊərəRti	RRP	89	𐑥𐑩𐑗𐑫𐑼𐑦𐑑𐑦	məˈtʃʊərɪti	
matutinal	𐑥𐑩𐑑𐑘𐑫𐑑𐑦𐑯𐑩𐑤	məˈtjutɪnəl	RRP	89	𐑥𐑩𐑑𐑵𐑑𐑦𐑯𐑩𐑤, 𐑥𐑩𐑑𐑿𐑑𐑦𐑯𐑩𐑤	məˈtjuːtɪnəl	
mausoleum	𐑥𐑷𐑟𐑩𐑤𐑰𐑩𐑥	ˌmɔːzəˈliːəm	RRP	89	𐑥𐑷𐑕𐑩𐑤𐑾𐑥	ˌmɔːsəˈliːəm	
maximise	𐑥𐑨𐑒𐑕𐑩𐑥𐑲𐑟	ˈmæksəmaɪz	RRP	89	𐑥𐑨𐑒𐑕𐑦𐑥𐑲𐑟	ˈmæksɪmaɪz	
maximize	𐑥𐑨𐑒𐑕𐑩𐑥𐑲𐑟	ˈmæksəmaɪz	RRP	89	𐑥𐑨𐑒𐑕𐑦𐑥𐑲𐑟	ˈmæksɪmaɪz	
maybe	𐑥𐑱𐑚𐑦	ˈmeɪbi	RRP	89	𐑥𐑱𐑚𐑰	ˈmeɪbiː	
mayoral	𐑥𐑱𐑹𐑼𐑤	meɪɔːrəRl	RRP	89	𐑥𐑺𐑩𐑤	ˈmeərəl	
mayoralty	𐑥𐑱𐑹𐑼𐑤𐑑𐑦	meɪɔːrəRlti	RRP	89	𐑥𐑺𐑩𐑤𐑑𐑦	ˈmeərəlti	
mazurka	𐑥𐑼𐑟𐑫𐑼𐑒𐑩	məRzʊəRkə	RRP	89	𐑥𐑩𐑟𐑻𐑒𐑩	məˈzɜːRkə	
meaningful	𐑥𐑦𐑯𐑦𐑙𐑓𐑫𐑤	ˈminɪŋfʊl	RRP	89	𐑥𐑰𐑯𐑦𐑙𐑓𐑩𐑤	ˈmiːnɪŋfəl	
measurable	𐑥𐑧𐑠𐑼𐑼𐑚𐑩𐑤	meʒərəRbəl	RRP	89	𐑥𐑧𐑠𐑼𐑩𐑚𐑩𐑤	ˈmeʒərəbəl	
mechanic	𐑥𐑩𐑒𐑨𐑯𐑦𐑒	məˈkænɪk	RRP	89	𐑥𐑦𐑒𐑨𐑯𐑦𐑒	mɪˈkænɪk	
mechanical	𐑥𐑦𐑒𐑨𐑯𐑦𐑒𐑤	mɪˈkænɪkl	RRP	89	𐑥𐑦𐑒𐑨𐑯𐑦𐑒𐑩𐑤	mɪˈkænɪkəl	
mechanically	𐑥𐑩𐑒𐑨𐑯𐑦𐑒𐑤𐑦	məˈkænɪkli	RRP	89	𐑥𐑦𐑒𐑨𐑯𐑦𐑒𐑤𐑦	mɪˈkænɪkli	
mechanism	𐑥𐑧𐑒𐑩𐑯𐑦𐑟𐑥	ˈmekənɪzm	RRP	89	𐑥𐑧𐑒𐑩𐑯𐑦𐑟𐑩𐑥	ˈmekənɪzəm	
medallion	𐑥𐑩𐑛𐑨𐑤𐑘𐑩𐑯	məˈdæljən	RRP	89	𐑥𐑦𐑛𐑨𐑤𐑾𐑯	mɪˈdælɪən	
mediaeval	𐑥𐑦𐑛𐑦𐑝𐑩𐑤	mɪdˈivəl	RRP	89	𐑥𐑧𐑛𐑦𐑰𐑝𐑩𐑤	ˌmedɪˈiːvəl	
medial	𐑥𐑰𐑛𐑦𐑩𐑤	ˈmiːdiəl	RRP	89	𐑥𐑰𐑛𐑾𐑤	ˈmiːdɪəl	
medially	𐑥𐑰𐑛𐑦𐑩𐑤𐑦	ˈmiːdiəli	RRP	89	𐑥𐑰𐑛𐑾𐑤𐑦	ˈmiːdɪəli	
mediate	𐑥𐑦𐑛𐑦𐑱𐑑	ˈmidieɪt	RRP	89	𐑥𐑰𐑛𐑦𐑱𐑑	ˈmiːdieɪt	
mediation	𐑥𐑦𐑛𐑦𐑱𐑖𐑩𐑯	midiˈeɪʃən	RRP	89	𐑥𐑰𐑛𐑦𐑱𐑖𐑩𐑯	ˌmiːdɪˈeɪʃən	
medicament	𐑥𐑧𐑛𐑦𐑒𐑩𐑥𐑩𐑯𐑑	ˈmedɪkəmənt	RRP	89	𐑥𐑦𐑛𐑦𐑒𐑩𐑥𐑩𐑯𐑑	mɪˈdɪkəmənt	
medicinal	𐑥𐑩𐑛𐑦𐑕𐑩𐑯𐑩𐑤	məˈdɪsənəl	RRP	89	𐑥𐑦𐑛𐑦𐑕𐑯𐑩𐑤	mɪˈdɪsnəl	
medicine	𐑥𐑧𐑛𐑕𐑦𐑯	ˈmedsɪn	RRP	89	𐑥𐑧𐑛𐑦𐑕𐑩𐑯	ˈmedɪsən	
megalomania	𐑥𐑧𐑜𐑩𐑤𐑴𐑥𐑱𐑯𐑦𐑩	ˌmeɡəloʊˈmeɪniə	RRP	89	𐑥𐑧𐑜𐑩𐑤𐑩𐑥𐑱𐑯𐑾	ˌmeɡələˈmeɪnɪə	
melancholy	𐑥𐑧𐑤𐑩𐑯𐑒𐑩𐑤𐑦	ˈmelənkəli	RRP	89	𐑥𐑧𐑤𐑩𐑯𐑒𐑪𐑤𐑦	ˈmelənkɒli	
melee	𐑥𐑧𐑤𐑱	ˈmeˌleɪ	RRP	89	𐑥𐑱𐑤𐑱	ˈmeɪleɪ	
meliorate	𐑥𐑰𐑤𐑦𐑼𐑱𐑑	miːliəreɪt	RRP	89	𐑥𐑰𐑤𐑽𐑱𐑑	ˈmiːlɪəreɪt	
meliorism	𐑥𐑰𐑤𐑽𐑦𐑟𐑥	miːlɪərɪzm	RRP	89	𐑥𐑰𐑤𐑽𐑦𐑟𐑩𐑥	ˈmiːlɪərɪzəm	
mellifluous	𐑥𐑩𐑤𐑦𐑓𐑤𐑫𐑩𐑕	məˈlɪfluəs	RRP	89	𐑥𐑧𐑤𐑦𐑓𐑤𐑫𐑩𐑕	meˈlɪfluəs	
melodious	𐑥𐑩𐑤𐑴𐑛𐑦𐑩𐑕	məˈləʊdiəs	RRP	89	𐑥𐑦𐑤𐑴𐑛𐑾𐑕	mɪˈləʊdɪəs	
memento	𐑥𐑩𐑥𐑧𐑯𐑑𐑴	məˈmentoʊ	RRP	89	𐑥𐑦𐑥𐑧𐑯𐑑𐑴	mɪˈmentəʊ	
memorable	𐑥𐑧𐑥𐑮𐑼𐑚𐑩𐑤	memrəRbəl	RRP	89	𐑥𐑧𐑥𐑼𐑩𐑚𐑩𐑤	ˈmemərəbəl	
memorial	𐑥𐑩𐑥𐑹𐑦𐑩𐑤	məmɔːriəl	RRP	89	𐑥𐑩𐑥𐑹𐑾𐑤	məˈmɔːrɪəl	
memory	𐑥𐑧𐑥𐑮𐑦	memri	RRP	89	𐑥𐑧𐑥𐑼𐑦	ˈmeməri	
menacing	𐑥𐑧𐑯𐑦𐑕𐑦𐑙	ˈmenɪsɪŋ	RRP	89	𐑥𐑧𐑯𐑩𐑕𐑦𐑙	ˈmenəsɪŋ	
mendacity	𐑥𐑧𐑯𐑛𐑨𐑕𐑩𐑑𐑦	menˈdæsəti	RRP	89	𐑥𐑧𐑯𐑛𐑨𐑕𐑦𐑑𐑦	menˈdæsɪti	
menial	𐑥𐑰𐑯𐑦𐑩𐑤	ˈmiːniəl	RRP	89	𐑥𐑰𐑯𐑾𐑤	ˈmiːnɪəl	
menstruation	𐑥𐑧𐑯𐑕𐑑𐑮𐑫𐑱𐑖𐑯	menstrʊeɪʃn	RRP	89	𐑥𐑧𐑯𐑕𐑑𐑮𐑫𐑱𐑖𐑩𐑯	ˌmenstruˈeɪʃən	
mensurable	𐑥𐑧𐑯𐑖𐑼𐑼𐑚𐑩𐑤	menʃərəRbəl	RRP	89	𐑥𐑧𐑯𐑖𐑼𐑩𐑚𐑩𐑤	ˈmenʃərəbəl	
mentality	𐑥𐑧𐑯𐑑𐑨𐑤𐑩𐑑𐑦	menˈtæləti	RRP	89	𐑥𐑧𐑯𐑑𐑨𐑤𐑦𐑑𐑦	menˈtælɪti	
mercenary	𐑥𐑻𐑕𐑼𐑯𐑼𐑦	mɜːRsəRnəri	RRP	89	𐑥𐑻𐑕𐑦𐑯𐑼𐑦	ˈmɜːRsɪnəri	
merchandise	𐑥𐑻𐑗𐑩𐑯𐑛𐑲𐑕	mɜːRtʃəndaɪs	RRP	89	𐑥𐑻𐑗𐑩𐑯𐑛𐑲𐑟	ˈmɜːRtʃəndaɪz	
meridional	𐑥𐑦𐑮𐑦𐑛𐑾𐑯𐑩𐑤	mɪrɪdɪənəl	RRP	89	𐑥𐑼𐑦𐑛𐑾𐑯𐑩𐑤	məˈrɪdɪənəl	
merino	𐑥𐑼𐑦𐑯𐑴	mərinoʊ	RRP	89	𐑥𐑼𐑰𐑯𐑴	məˈriːnəʊ	
meritorious	𐑥𐑧𐑮𐑦𐑑𐑷𐑮𐑦𐑩𐑕	merɪtɔriəs	RRP	89	𐑥𐑧𐑮𐑦𐑑𐑹𐑾𐑕	ˌmerɪˈtɔːrɪəs	
messenger	𐑥𐑧𐑕𐑩𐑯𐑡𐑼	mesəndʒəR	RRP	89	𐑥𐑧𐑕𐑦𐑯𐑡𐑼	ˈmesɪndʒəR	
messiah	𐑥𐑩𐑕𐑲𐑩	məˈsaɪə	RRP	89	𐑥𐑦𐑕𐑲𐑩	mɪˈsaɪə	
metallic	𐑥𐑩𐑑𐑨𐑤𐑦𐑒	məˈtælɪk	RRP	89	𐑥𐑦𐑑𐑨𐑤𐑦𐑒	mɪˈtælɪk	
metallurgy	𐑥𐑧𐑑𐑨𐑤𐑼𐑡𐑦	metæləRdʒi	RRP	89	𐑥𐑦𐑑𐑨𐑤𐑼𐑡𐑦	mɪˈtæləRdʒi	
metamorphose	𐑥𐑧𐑑𐑼𐑥𐑹𐑓𐑴𐑟	metəRmɔːRfəʊz	RRP	89	𐑥𐑧𐑑𐑩𐑥𐑹𐑓𐑴𐑟	ˌmetəˈmɔːRfəʊz	
metamorphosis	𐑥𐑧𐑑𐑼𐑥𐑹𐑓𐑼𐑕𐑦𐑕	metəRmɔːRfəRsɪs	RRP	89	𐑥𐑧𐑑𐑩𐑥𐑹𐑓𐑩𐑕𐑦𐑕	ˌmetəˈmɔːRfəsɪs	
metaphor	𐑥𐑧𐑑𐑩𐑓𐑼	metəfəR	RRP	89	𐑥𐑧𐑑𐑩𐑓𐑹	ˈmetəfɔːR	
metaphorical	𐑥𐑧𐑑𐑼𐑓𐑪𐑮𐑦𐑒𐑼𐑤	metəRfɒrɪkəRl	RRP	89	𐑥𐑧𐑑𐑩𐑓𐑪𐑮𐑦𐑒𐑩𐑤	ˌmetəˈfɒrɪkəl	
meteor	𐑥𐑰𐑑𐑽	miːtɪəR	RRP	89	𐑥𐑰𐑑𐑦𐑹	ˈmiːtɪɔːR	
meteorological	𐑥𐑰𐑑𐑽𐑼𐑤𐑪𐑡𐑦𐑒𐑩𐑤	miːtɪərəRlɒdʒɪkəl	RRP	89	𐑥𐑰𐑑𐑽𐑩𐑤𐑪𐑡𐑦𐑒𐑩𐑤	ˌmiːtɪərəˈlɒdʒɪkəl	
methamphetamine	𐑥𐑧𐑔𐑨𐑥𐑓𐑧𐑑𐑩𐑥𐑦𐑯	ˌmeθæmˈfetəˌmin	RRP	89	𐑥𐑧𐑔𐑨𐑥𐑓𐑧𐑑𐑩𐑥𐑰𐑯	ˌmeθæmˈfetəmiːn	
methyl	𐑥𐑧𐑔𐑲𐑤	ˈmeθaɪl	RRP	89	𐑥𐑧𐑔𐑦𐑤	ˈmeθɪl	
metropolis	𐑥𐑦𐑑𐑮𐑪𐑐𐑩𐑤𐑦𐑕	mɪtrɒpəlɪs	RRP	89	𐑥𐑩𐑑𐑮𐑪𐑐𐑩𐑤𐑦𐑕	məˈtrɒpəlɪs	
miasma	𐑥𐑦𐑨𐑟𐑥𐑩	miˈæzmə	RRP	89	𐑥𐑲𐑨𐑟𐑥𐑩	maɪˈæzmə	
mickle	𐑥𐑦𐑒𐑤	ˈmɪkl	RRP	89	𐑥𐑦𐑒𐑩𐑤	ˈmɪkəl	
microbial	𐑥𐑲𐑒𐑮𐑴𐑚𐑦𐑩𐑤	maɪkroʊbiəl	RRP	89	𐑥𐑲𐑒𐑮𐑴𐑚𐑾𐑤	maɪˈkrəʊbiəl	
microcosm	𐑥𐑲𐑒𐑮𐑩𐑒𐑪𐑟𐑩𐑥	maɪkrəkɒzəm	RRP	89	𐑥𐑲𐑒𐑮𐑴𐑒𐑪𐑟𐑩𐑥	ˈmaɪkrəʊkɒzəm	
microwave	𐑥𐑲𐑒𐑮𐑩𐑢𐑱𐑝	maɪkrəweɪv	RRP	89	𐑥𐑲𐑒𐑮𐑴𐑢𐑱𐑝	ˈmaɪkrəʊweɪv	
middle-aged	𐑥𐑦𐑛𐑩𐑤𐑱𐑡𐑛	ˌmɪdəlˈeɪdʒd	RRP	89	𐑥𐑦𐑛𐑩𐑤-𐑱𐑡𐑛	ˌmɪdəl-ˈeɪdʒd	
midnight	𐑥𐑦𐑛𐑯𐑳𐑦𐑑	ˈmɪdnʌɪt	RRP	89	𐑥𐑦𐑛𐑯𐑲𐑑	ˈmɪdnaɪt	
midterm	𐑥𐑦𐑛𐑑𐑼𐑥	mɪdtərm	RRP	89	𐑥𐑦𐑛𐑑𐑻𐑥	ˌmɪdˈtɜːRm	
mifepristone	𐑥𐑦𐑓𐑧𐑐𐑮𐑦𐑕𐑑𐑴𐑯	mɪfeprɪstəʊn	RRP	89	𐑥𐑦𐑓𐑩𐑐𐑮𐑦𐑕𐑑𐑴𐑯	ˌmɪfəˈprɪˌstəʊn	
migration	𐑥𐑲𐑜𐑮𐑱𐑖𐑯	maɪɡreɪʃn	RRP	89	𐑥𐑲𐑜𐑮𐑱𐑖𐑩𐑯	maɪˈɡreɪʃən	
migratory	𐑥𐑲𐑜𐑮𐑱𐑑𐑼𐑦	maɪɡreɪtəri	RRP	89	𐑥𐑲𐑜𐑮𐑩𐑑𐑼𐑦	ˈmaɪɡrətəri	
military	𐑥𐑦𐑤𐑦𐑑𐑮𐑦	mɪlɪtri	RRP	89	𐑥𐑦𐑤𐑦𐑑𐑼𐑦	ˈmɪlɪtəri	
militia	𐑥𐑩𐑤𐑦𐑖𐑩	məˈlɪʃə	RRP	89	𐑥𐑦𐑤𐑦𐑖𐑩	mɪˈlɪʃə	
millenarian	𐑥𐑦𐑤𐑦𐑯𐑻𐑾𐑯	mɪlɪnɜːrɪən	RRP	89	𐑥𐑦𐑤𐑦𐑯𐑺𐑾𐑯	ˌmɪlɪˈneərɪən	
millennial	𐑥𐑦𐑤𐑧𐑯𐑦𐑩𐑤	mɪˈleniəl	RRP	89	𐑥𐑦𐑤𐑧𐑯𐑾𐑤	mɪˈlenɪəl	
millet	𐑥𐑦𐑤𐑦𐑑	ˈmɪlɪt	RRP	89	𐑥𐑦𐑤𐑩𐑑	ˈmɪlIt	
milliard	𐑥𐑦𐑤𐑦𐑸𐑛	mɪlɪɑːRd	RRP	89	𐑥𐑦𐑤𐑘𐑸𐑛	ˈmɪljɑːRd	
millionaire	𐑥𐑦𐑤𐑦𐑩𐑯𐑺	mɪliəneəR	RRP	89	𐑥𐑦𐑤𐑘𐑩𐑯𐑺	ˌmɪljəˈneəR	
millipede	𐑥𐑦𐑤𐑩𐑐𐑦𐑛	ˈmɪləpid	RRP	89	𐑥𐑦𐑤𐑦𐑐𐑰𐑛	ˈmɪlɪpiːd	
mimosa	𐑥𐑦𐑥𐑴𐑕𐑩	mɪˈməʊsə	RRP	89	𐑥𐑦𐑥𐑴𐑟𐑩	mɪˈməʊzə	
mind-boggling	𐑥𐑲𐑯𐑛𐑚𐑪𐑜𐑤𐑦𐑙	ˈmaɪndˌbɒɡlɪŋ	RRP	89	𐑥𐑲𐑯𐑛-𐑚𐑪𐑜𐑤𐑦𐑙	ˈmaɪnd-bɒɡlɪŋ	
mindful	𐑥𐑳𐑦𐑯𐑛𐑓𐑩𐑤	ˈmʌɪndfəl	RRP	89	𐑥𐑲𐑯𐑛𐑓𐑩𐑤	ˈmaɪndfəl	
mineral	𐑥𐑦𐑯𐑼𐑼𐑤	mɪnərəRl	RRP	89	𐑥𐑦𐑯𐑼𐑩𐑤	ˈmɪnərəl	
mineralogy	𐑥𐑦𐑯𐑼𐑪𐑤𐑩𐑡𐑦	mɪnərɒlədʒi	RRP	89	𐑥𐑦𐑯𐑼𐑨𐑤𐑩𐑡𐑦	ˌmɪnəˈrælədʒi	
miniature	𐑥𐑦𐑯𐑩𐑗𐑼	mɪnətʃəR	RRP	89	𐑥𐑦𐑯𐑦𐑗𐑼	ˈmɪnɪtʃəR	
ministerial	𐑥𐑦𐑯𐑩𐑕𐑑𐑦𐑮𐑦𐑩𐑤	mɪnəstiriəl	RRP	89	𐑥𐑦𐑯𐑦𐑕𐑑𐑽𐑾𐑤	ˌmɪnɪˈstɪərɪəl	
minuscule	𐑥𐑦𐑯𐑫𐑕𐑒𐑿𐑤	ˈmɪnʊˌskjuːl	RRP	89	𐑥𐑦𐑯𐑩𐑕𐑒𐑿𐑤	ˈmɪnəskjuːl	
minutia	𐑥𐑲𐑯𐑵𐑖𐑩	maɪˈnuːʃə	RRP	89	𐑥𐑦𐑯𐑵𐑖𐑾, 𐑥𐑲𐑯𐑿𐑖𐑾	maɪˈnjuːʃɪə	
miracle	𐑥𐑦𐑮𐑼𐑒𐑩𐑤	mɪrəRkəl	RRP	89	𐑥𐑦𐑮𐑩𐑒𐑩𐑤	ˈmɪrəkəl	
miraculous	𐑥𐑼𐑨𐑒𐑘𐑩𐑤𐑩𐑕	mərækjələs	RRP	89	𐑥𐑦𐑮𐑨𐑒𐑘𐑩𐑤𐑩𐑕	mɪˈrækjələs	
mirage	𐑥𐑦𐑮𐑭𐑡	mɪrɑːdʒ	RRP	89	𐑥𐑦𐑮𐑭𐑠	ˈmɪrɑːʒ	
miry	𐑥𐑲𐑮𐑦	maɪri	RRP	89	𐑥𐑲𐑼𐑦	ˈmaɪəri	
misbehaviour	𐑥𐑦𐑕𐑚𐑩𐑣𐑱𐑝𐑘𐑼	mɪsbəheɪvjəR	RRP	89	𐑥𐑦𐑕𐑚𐑦𐑣𐑱𐑝𐑘𐑼	ˌmɪsbɪˈheɪvjəR	
miscreant	𐑥𐑦𐑕𐑒𐑮𐑦𐑩𐑯𐑑	mɪskriənt	RRP	89	𐑥𐑦𐑕𐑒𐑮𐑾𐑯𐑑	ˈmɪskrɪənt	
miserable	𐑥𐑦𐑟𐑮𐑼𐑚𐑩𐑤	mɪzrəRbəl	RRP	89	𐑥𐑦𐑟𐑼𐑩𐑚𐑩𐑤	ˈmɪzərəbəl	
misery	𐑥𐑦𐑟𐑮𐑦	mɪzrɪ	RRP	89	𐑥𐑦𐑟𐑼𐑦	ˈmɪzəri	
misogynist	𐑥𐑦𐑕𐑪𐑡𐑩𐑯𐑦𐑕𐑑	mɪˈsɒdʒənɪst	RRP	89	𐑥𐑦𐑕𐑪𐑡𐑦𐑯𐑦𐑕𐑑	mɪˈsɒdʒɪnɪst	
misogynistic	𐑥𐑦𐑕𐑪𐑡𐑩𐑯𐑦𐑕𐑑𐑦𐑒	ˈmɪsɒdʒənɪstɪk	RRP	89	𐑥𐑦𐑕𐑪𐑡𐑦𐑯𐑦𐑕𐑑𐑦𐑒	mɪsɒdʒənˈɪstɪk	
missionary	𐑥𐑦𐑖𐑩𐑯𐑮𐑦	mɪʃənrɪ	RRP	89	𐑥𐑦𐑖𐑩𐑯𐑼𐑦	ˈmɪʃənəri	
missus	𐑥𐑦𐑕𐑩𐑟	ˈmɪsəz	RRP	89	𐑥𐑦𐑕𐑦𐑟	ˈmɪsɪz	
mistletoe	𐑥𐑦𐑕𐑤𐑑𐑴	ˈmɪsltəʊ	RRP	89	𐑥𐑦𐑕𐑩𐑤𐑑𐑴	ˈmɪsəltəʊ	
mistral	𐑥𐑦𐑕𐑑𐑮𐑭𐑤	mɪstrɑːl	RRP	89	𐑥𐑦𐑕𐑑𐑮𐑩𐑤	ˈmɪstrəl	
mnemonic	𐑯𐑩𐑥𐑭𐑯𐑦𐑒	nəˈmɑːnɪk	RRP	89	𐑯𐑦𐑥𐑪𐑯𐑦𐑒	nɪˈmɒnɪk	
mnemonics	𐑯𐑩𐑥𐑪𐑯𐑦𐑒𐑕	nəˈmɒnɪks	RRP	89	𐑯𐑦𐑥𐑪𐑯𐑦𐑒𐑕	nɪˈmɒnɪks	
mobility	𐑥𐑩𐑚𐑦𐑤𐑦𐑑𐑦	məˈbɪlɪti	RRP	89	𐑥𐑴𐑚𐑦𐑤𐑦𐑑𐑦	məʊˈbɪlɪti	
mock-up	𐑥𐑪𐑒𐑳𐑐	ˈmɒkʌp	RRP	89	𐑥𐑪𐑒-𐑳𐑐	ˈmɒk-ʌp	
modem	𐑥𐑴𐑛𐑩𐑥	ˈməʊdəm	RRP	89	𐑥𐑴𐑛𐑧𐑥	ˈməʊdem	
modernization	𐑥𐑪𐑛𐑼𐑯𐑦𐑟𐑱𐑖𐑩𐑯	mɒdəRnɪzeɪʃən	RRP	89	𐑥𐑪𐑛𐑼𐑯𐑲𐑟𐑱𐑖𐑩𐑯	ˌmɒdəRnaɪˈzeɪʃən	
modulate	𐑥𐑭𐑡𐑩𐑤𐑱𐑑	ˈmɑːdʒəˌleɪt	RRP	89	𐑥𐑪𐑛𐑘𐑩𐑤𐑱𐑑	ˈmɒdjəleɪt	
module	𐑥𐑪𐑛𐑿𐑤	ˈmɒdjuːl	RRP	89	𐑥𐑪𐑡𐑵𐑤	ˈmɒdʒuːl	
moiety	𐑥𐑶𐑩𐑑𐑦	ˈmɔɪəti	RRP	89	𐑥𐑶𐑦𐑑𐑦	ˈmɔɪɪti	
molecule	𐑥𐑪𐑤𐑩𐑒𐑿𐑤	ˈmɒləkjuːl	RRP	89	𐑥𐑪𐑤𐑦𐑒𐑿𐑤	ˈmɒlɪkjuːl	
molestation	𐑥𐑴𐑤𐑦𐑕𐑑𐑱𐑖𐑩𐑯	ˌməʊlɪˈsteɪʃən	RRP	89	𐑥𐑴𐑤𐑩𐑕𐑑𐑱𐑖𐑩𐑯	ˌməʊləˈsteɪʃən	
molten	𐑥𐑪𐑤𐑑𐑩𐑯	ˈmɒltən	RRP	89	𐑥𐑴𐑤𐑑𐑩𐑯	ˈməʊltən	
molybdenum	𐑥𐑩𐑤𐑦𐑚𐑛𐑦𐑯𐑩𐑥	məˈlɪbdɪnəm	RRP	89	𐑥𐑩𐑤𐑦𐑚𐑛𐑩𐑯𐑩𐑥	məˈlɪbdənəm	
momentarily	𐑥𐑴𐑥𐑩𐑯𐑑𐑧𐑮𐑦𐑤𐑰	məʊmənterɪliː	RRP	89	𐑥𐑴𐑥𐑩𐑯𐑑𐑼𐑩𐑤𐑦	ˈməʊməntərəli	
momentary	𐑥𐑴𐑥𐑼𐑯𐑑𐑮𐑦	məʊməRntri	RRP	89	𐑥𐑴𐑥𐑩𐑯𐑑𐑼𐑦	ˈməʊməntəri	
momentous	𐑥𐑴𐑥𐑧𐑯𐑑𐑩𐑕	məʊˈmentəs	RRP	89	𐑥𐑩𐑥𐑧𐑯𐑑𐑩𐑕	məˈmentəs	
monad	𐑥𐑪𐑯𐑨𐑛	ˈmɒnæd	RRP	89	𐑥𐑴𐑯𐑨𐑛	ˈməʊnæd	
monarchical	𐑥𐑼𐑯𐑸𐑒𐑦𐑒𐑤	məRnɑːRkɪkl	RRP	89	𐑥𐑪𐑯𐑸𐑒𐑦𐑒𐑩𐑤	mɒnˈɑːRkɪkəl	
monetary	𐑥𐑳𐑯𐑦𐑑𐑮𐑦	mʌnɪtri	RRP	89	𐑥𐑳𐑯𐑦𐑑𐑼𐑦	ˈmʌnɪtəri	
mongolian	𐑥𐑪𐑙𐑜𐑴𐑤𐑦𐑩𐑯	mɒŋˈɡoʊliən	RRP	89	𐑥𐑪𐑙𐑜𐑴𐑤𐑾𐑯	mɒŋˈɡəʊlɪən	
monorail	𐑥𐑪𐑯𐑼𐑱𐑤	mɒnəreɪl	RRP	89	𐑥𐑪𐑯𐑴𐑮𐑱𐑤	ˈmɒnəʊreɪl	
monosyllabic	𐑥𐑪𐑯𐑩𐑕𐑦𐑤𐑨𐑚𐑦𐑒	ˌmɒnəsɪˈlabɪk	RRP	89	𐑥𐑪𐑯𐑴𐑕𐑦𐑤𐑨𐑚𐑦𐑒	ˌmɒnəʊsɪˈlæbɪk	
monotheistic	𐑥𐑪𐑯𐑩𐑔𐑦𐑦𐑕𐑑𐑦𐑒	ˌmɒnəθɪˈɪstɪk	RRP	89	𐑥𐑪𐑯𐑴𐑔𐑰𐑦𐑕𐑑𐑦𐑒	ˌmɒnəʊθiːˈɪstɪk	
moo-cow	𐑥𐑵𐑒𐑬	ˈmuːkaʊ	RRP	89	𐑥𐑵-𐑒𐑬	ˈmuː-kaʊ	
moonbeam	𐑥𐑫𐑯𐑚𐑦𐑥	ˈmunbim	RRP	89	𐑥𐑵𐑯𐑚𐑰𐑥	ˈmuːnbiːm	
moonlight	𐑥𐑫𐑯𐑤𐑲𐑑	ˈmunˌlaɪt	RRP	89	𐑥𐑵𐑯𐑤𐑲𐑑	ˈmuːnlaɪt	
moor	𐑥𐑹	mɔːR	RRP	89	𐑥𐑫𐑼	mʊəR	
moore	𐑥𐑹	mɔːR	RRP	89	𐑥𐑫𐑼	mʊəR	
moorhen	𐑥𐑫𐑮𐑣𐑧𐑯	murhen	RRP	89	𐑥𐑫𐑼𐑣𐑧𐑯	ˈmʊəRhen	
moot	𐑥𐑫𐑑	ˈmʊt	RRP	89	𐑥𐑵𐑑	muːt	
moquette	𐑥𐑪𐑒𐑧𐑑	mɒˈket	RRP	89	𐑥𐑴𐑒𐑧𐑑	məʊˈket	
moraine	𐑥𐑼𐑱𐑯	məreɪn	RRP	89	𐑥𐑪𐑮𐑱𐑯	mɒˈreɪn	
moral	𐑥𐑪𐑮𐑼𐑤	mɒrəRl	RRP	89	𐑥𐑪𐑮𐑩𐑤	ˈmɒrəl	
morale	𐑥𐑼𐑸𐑤	mərɑːRl	RRP	89	𐑥𐑼𐑨𐑤, 𐑥𐑼𐑭𐑤	məˈrⱭːl	
moralize	𐑥𐑪𐑮𐑼𐑤𐑲𐑟	mɒrəRlaɪz	RRP	89	𐑥𐑪𐑮𐑩𐑤𐑲𐑟	ˈmɒrəlaɪz	
morally	𐑥𐑪𐑮𐑼𐑤𐑦	mɒrəRli	RRP	89	𐑥𐑪𐑮𐑩𐑤𐑦	ˈmɒrəli	
morals	𐑥𐑪𐑮𐑼𐑤𐑟	mɒrəRlz	RRP	89	𐑥𐑪𐑮𐑩𐑤𐑟	ˈmɒrəlz	
moratorium	𐑥𐑪𐑮𐑼𐑑𐑹𐑾𐑥	mɒrəRtɔːrɪəm	RRP	89	𐑥𐑪𐑮𐑩𐑑𐑹𐑾𐑥	ˌmɒrəˈtɔːrɪəm	
moray	𐑥𐑪𐑮𐑱	mɒreɪ	RRP	89	𐑥𐑹𐑱	ˈmɔːreɪ	
morbid	𐑥𐑹𐑚𐑩𐑛	mɔːRbƏd	RRP	89	𐑥𐑹𐑚𐑦𐑛	ˈmɔːRbɪd	
moribund	𐑥𐑹𐑦𐑚𐑳𐑯𐑛	mɔːrɪbʌnd	RRP	89	𐑥𐑪𐑮𐑦𐑚𐑳𐑯𐑛	ˈmɒrɪbʌnd	
moronic	𐑥𐑹𐑪𐑯𐑦𐑒	mɔːrɒnɪk	RRP	89	𐑥𐑼𐑪𐑯𐑦𐑒	məˈrɒnɪk	
morphological	𐑥𐑹𐑓𐑼𐑤𐑪𐑡𐑦𐑒𐑩𐑤	mɔːRfəRlɒdʒɪkəl	RRP	89	𐑥𐑹𐑓𐑩𐑤𐑪𐑡𐑦𐑒𐑩𐑤	ˌmɔːRfəˈlɒdʒɪkəl	
mortality	𐑥𐑷𐑮𐑑𐑨𐑤𐑦𐑑𐑦	mɔrtælɪti	RRP	89	𐑥𐑹𐑑𐑨𐑤𐑦𐑑𐑦	mɔːRˈtælɪti	
mosaic	𐑥𐑴𐑟𐑱𐑒	məʊˈzeɪk	RRP	89	𐑥𐑴𐑟𐑱𐑦𐑒	məʊˈzeɪɪk	
moses	𐑥𐑴𐑟𐑦𐑕	ˈməʊzɪs	RRP	89	𐑥𐑴𐑟𐑩𐑟	ˈməʊzƏz	
mosquito	𐑥𐑪𐑕𐑒𐑰𐑑𐑴	mɒsˈkiːtəʊ	RRP	89	𐑥𐑩𐑕𐑒𐑰𐑑𐑴	məˈskiːtəʊ	
moss-grown	𐑥𐑪𐑕𐑜𐑮𐑴𐑯	mɒsɡrəʊn	RRP	89	𐑥𐑪𐑕-𐑜𐑮𐑴𐑯	ˈmɒs-ɡrəʊn	
mother-in-law	𐑥𐑳𐑞𐑼𐑦𐑯𐑤𐑷	mʌðərɪnlɔː	RRP	89	𐑥𐑳𐑞𐑼-𐑦𐑯-𐑤𐑷	ˈmʌðər-ɪn-lɔː	
motionless	𐑥𐑴𐑖𐑩𐑯𐑤𐑧𐑕	ˈməʊʃənles	RRP	89	𐑥𐑴𐑖𐑩𐑯𐑤𐑩𐑕	ˈməʊʃənləs	
motorcycle	𐑥𐑴𐑑𐑼𐑕𐑨𐑦𐑒𐑩𐑤	məʊtəRsaikəl	RRP	89	𐑥𐑴𐑑𐑼𐑕𐑲𐑒𐑩𐑤	ˈməʊtəRsaɪkəl	
moult	𐑥𐑪𐑤𐑑	mɒlt	RRP	89	𐑥𐑴𐑤𐑑	məʊlt	
mountain	𐑥𐑬𐑯𐑑𐑦𐑯	ˈmaʊntɪn	RRP	89	𐑥𐑬𐑯𐑑𐑩𐑯	ˈmaʊntən	
mountaineer	𐑥𐑬𐑯𐑑𐑦𐑯𐑽	maʊntɪnɪəR	RRP	89	𐑥𐑬𐑯𐑑𐑩𐑯𐑽	ˌmaʊntəˈnɪəR	
mountainous	𐑥𐑬𐑯𐑑𐑦𐑯𐑩𐑕	ˈmaʊntɪnəs	RRP	89	𐑥𐑬𐑯𐑑𐑩𐑯𐑩𐑕	ˈmaʊntənəs	
mountebank	𐑥𐑬𐑯𐑑𐑩𐑚𐑨𐑙𐑒	ˈmaʊntəˌbæŋk	RRP	89	𐑥𐑬𐑯𐑑𐑦𐑚𐑨𐑙𐑒	ˈmaʊntɪbæŋk	
mourn	𐑥𐑫𐑼𐑯	mʊəRn	RRP	89	𐑥𐑹𐑯	mɔːRn	
mourning	𐑥𐑫𐑼𐑯𐑦𐑙	mʊəRnɪŋ	RRP	89	𐑥𐑹𐑯𐑦𐑙	ˈmɔːRnɪŋ	
mr.	𐑥𐑦𐑕𐑑𐑼	mɪstər	RRP	89	𐑥𐑼.	ˈmɪstəR	
ms	𐑥𐑩𐑟	mƏz	RRP	89	𐑥𐑦𐑟, 𐑥𐑨𐑯𐑘𐑩𐑕𐑒𐑮𐑦𐑐𐑑	mɪz	
muezzin	𐑥𐑫𐑧𐑟𐑦𐑯	muˈezɪn	RRP	89	𐑥𐑵𐑧𐑟𐑦𐑯	muːˈezɪn	
mujahid	𐑥𐑫𐑡𐑭𐑣𐑩𐑛	mʊˈdʒɑːhƏd	RRP	89	𐑥𐑵𐑡𐑩𐑣𐑦𐑛	ˈˌmuːdʒəhɪd	
mulatto	𐑥𐑫𐑤𐑨𐑑𐑴	mʊˈlætəʊ	RRP	89	𐑥𐑿𐑤𐑨𐑑𐑴	mjuːˈlætəʊ	
multifarious	𐑥𐑳𐑤𐑑𐑦𐑓𐑺𐑦𐑩𐑕	mʌltɪfeəriəs	RRP	89	𐑥𐑳𐑤𐑑𐑦𐑓𐑺𐑾𐑕	ˌmʌltɪˈfeərɪəs	
multimedia	𐑥𐑳𐑤𐑑𐑦𐑥𐑰𐑛𐑦𐑩	mʌltiˈmiːdiə	RRP	89	𐑥𐑳𐑤𐑑𐑦𐑥𐑰𐑛𐑾	ˌmʌltɪˈmiːdɪə	
multiply	𐑥𐑳𐑤𐑑𐑦𐑐𐑤𐑦	ˈmʌltɪpli	RRP	89	𐑥𐑳𐑤𐑑𐑦𐑐𐑤𐑲	ˈmʌltɪplaɪ	
municipal	𐑥𐑘𐑫𐑯𐑦𐑕𐑦𐑐𐑩𐑤	mjuˈnɪsɪpəl	RRP	89	𐑥𐑿𐑯𐑦𐑕𐑦𐑐𐑩𐑤	mjuːˈnɪsɪpəl	
municipality	𐑥𐑘𐑩𐑯𐑦𐑕𐑦𐑐𐑨𐑤𐑦𐑑𐑦	mjəˌnɪsɪˈpælɪti	RRP	89	𐑥𐑿𐑯𐑦𐑕𐑦𐑐𐑨𐑤𐑦𐑑𐑦	mjuːˌnɪsɪˈpælɪti	
mural	𐑥𐑘𐑩𐑼𐑼𐑤	mjəərəRl	RRP	89	𐑥𐑘𐑫𐑼𐑩𐑤	ˈmjʊərəl	
muscular	𐑥𐑳𐑕𐑒𐑘𐑼𐑤𐑼	mʌskjəRləR	RRP	89	𐑥𐑳𐑕𐑒𐑘𐑩𐑤𐑼	ˈmʌskjələR	
museum	𐑥𐑿𐑟𐑰𐑩𐑥	mjuːˈziːəm	RRP	89	𐑥𐑿𐑟𐑾𐑥	mjuːˈzɪəm	
musical	𐑥𐑘𐑫𐑟𐑦𐑒𐑩𐑤	ˈmjuzɪkəl	RRP	89	𐑥𐑿𐑟𐑦𐑒𐑩𐑤	ˈmjuːzɪkəl	
musician	𐑥𐑘𐑫𐑟𐑦𐑖𐑩𐑯	mjuˈzɪʃən	RRP	89	𐑥𐑿𐑟𐑦𐑖𐑩𐑯	mjuːˈzɪʃən	
muslim	𐑥𐑳𐑟𐑤𐑦𐑥	ˈmʌzlɪm	RRP	89	𐑥𐑫𐑟𐑤𐑦𐑥	ˈmʊzlɪm	
mutation	𐑥𐑘𐑫𐑑𐑱𐑖𐑩𐑯	mjuˈteɪʃən	RRP	89	𐑥𐑿𐑑𐑱𐑖𐑩𐑯	mjuːˈteɪʃən	
myriad	𐑥𐑦𐑮𐑦𐑨𐑛	mɪriæd	RRP	89	𐑥𐑦𐑮𐑾𐑛	ˈmɪrɪəd	
myrmidon	𐑥𐑻𐑥𐑦𐑛𐑯	mɜːRmɪdn	RRP	89	𐑥𐑻𐑥𐑦𐑛𐑩𐑯	ˈmɜːRmɪdən	
mysterious	𐑥𐑦𐑕𐑑𐑽𐑦𐑩𐑕	mɪstɪəriəs	RRP	89	𐑥𐑦𐑕𐑑𐑽𐑾𐑕	mɪˈstɪərɪəs	
mysticism	𐑥𐑦𐑕𐑑𐑦𐑕𐑦𐑟𐑩𐑩𐑥	ˈmɪstɪˌsɪzəəm	RRP	89	𐑥𐑦𐑕𐑑𐑦𐑕𐑦𐑟𐑩𐑥	ˈmɪstɪsɪzəm	
nacelle	𐑯𐑩𐑕𐑧𐑤	nəˈsel	RRP	89	𐑯𐑨𐑕𐑧𐑤	næˈsel	
naiad	𐑯𐑱𐑨𐑛	ˈneɪæd	RRP	89	𐑯𐑲𐑨𐑛	ˈnaɪæd	
naively	𐑯𐑲𐑦𐑝𐑤𐑦	naɪˈivli	RRP	89	𐑯𐑲𐑰𐑝𐑤𐑦	naɪˈiːvli	
naivety	𐑯𐑭𐑰𐑝𐑑𐑦	nɑːˈiːvti	RRP	89	𐑯𐑲𐑰𐑝𐑦𐑑𐑦	naɪˈiːvɪti	
narcissism	𐑯𐑸𐑕𐑩𐑕𐑦𐑟𐑥	nɑːRsəsɪzm	RRP	89	𐑯𐑸𐑕𐑦𐑕𐑦𐑟𐑩𐑥	ˈnɑːRsɪsɪzəm	
nascent	𐑯𐑱𐑕𐑩𐑯𐑑	ˈneɪsənt	RRP	89	𐑯𐑨𐑕𐑩𐑯𐑑	ˈnæsənt	
nasturtium	𐑯𐑨𐑕𐑑𐑻𐑖𐑩𐑥	nastɜːRʃəm	RRP	89	𐑯𐑩𐑕𐑑𐑻𐑖𐑩𐑥	nəˈstɜːRʃəm	
national	𐑯𐑨𐑖𐑩𐑯𐑤	ˈnaʃənl	RRP	89	𐑯𐑨𐑖𐑩𐑯𐑩𐑤	ˈnæʃənəl	
natural	𐑯𐑨𐑗𐑼𐑼𐑤	nætʃərəRl	RRP	89	𐑯𐑨𐑗𐑼𐑩𐑤	ˈnætʃərəl	
naturalize	𐑯𐑨𐑗𐑼𐑼𐑤𐑲𐑟	nætʃərəRlaɪz	RRP	89	𐑯𐑨𐑗𐑼𐑩𐑤𐑲𐑟	ˈnætʃərəlaɪz	
naturally	𐑯𐑨𐑗𐑮𐑼𐑤𐑦	nætʃrəRli	RRP	89	𐑯𐑨𐑗𐑼𐑩𐑤𐑦	ˈnætʃərəli	
ne'er-do-well	𐑯𐑺𐑛𐑫𐑢𐑧𐑤	neəRduwel	RRP	89	𐑯𐑺-𐑛𐑵-𐑢𐑧𐑤	ˈneəR-duː-wel	
neapolitan	𐑯𐑰𐑩𐑐𐑪𐑤𐑦𐑑𐑩𐑯	ˌniːəˈpɒlɪtən	RRP	89	𐑯𐑾𐑐𐑪𐑤𐑦𐑑𐑩𐑯	nɪəˈpɒlɪtən	
necessarily	𐑯𐑧𐑕𐑩𐑕𐑧𐑮𐑼𐑤𐑦	nesəserəRli	RRP	89	𐑯𐑧𐑕𐑩𐑕𐑧𐑮𐑦𐑤𐑦	ˌnesəˈserɪli	
necessary	𐑯𐑧𐑕𐑼𐑕𐑮𐑦	nesəRsrɪ	RRP	89	𐑯𐑧𐑕𐑩𐑕𐑼𐑦	ˈnesəsəri	
necessitous	𐑯𐑩𐑕𐑧𐑕𐑩𐑑𐑩𐑕	nəˈsesətəs	RRP	89	𐑯𐑦𐑕𐑧𐑕𐑦𐑑𐑩𐑕	nɪˈsesɪtəs	
necessity	𐑯𐑦𐑕𐑧𐑕𐑩𐑑𐑦	nɪˈsesəti	RRP	89	𐑯𐑦𐑕𐑧𐑕𐑦𐑑𐑦	nɪˈsesɪti	
necklace	𐑯𐑧𐑒𐑤𐑦𐑕	ˈneklɪs	RRP	89	𐑯𐑧𐑒𐑤𐑩𐑕	ˈnekləs	
necromancer	𐑯𐑧𐑒𐑮𐑩𐑥𐑨𐑯𐑕𐑼	nekrəmænsəR	RRP	89	𐑯𐑧𐑒𐑮𐑴𐑥𐑨𐑯𐑕𐑼	ˈnekrəʊmænsəR	
necromancy	𐑯𐑧𐑒𐑮𐑩𐑥𐑨𐑯𐑕𐑦	nekrəmænsi	RRP	89	𐑯𐑧𐑒𐑮𐑴𐑥𐑨𐑯𐑕𐑦	ˈnekrəʊmænsi	
necropolis	𐑯𐑧𐑒𐑮𐑪𐑐𐑩𐑤𐑦𐑕	nekrɒpəlɪs	RRP	89	𐑯𐑦𐑒𐑮𐑪𐑐𐑩𐑤𐑦𐑕	nɪˈkrɒpəlɪs	
nectarine	𐑯𐑧𐑒𐑑𐑼𐑦𐑯	nektərin	RRP	89	𐑯𐑧𐑒𐑑𐑼𐑰𐑯	ˈnektəriːn	
needle	𐑯𐑰𐑛𐑤	ˈniːdl	RRP	89	𐑯𐑰𐑛𐑩𐑤	ˈniːdəl	
nefarious	𐑯𐑧𐑓𐑺𐑦𐑩𐑕	nefeəriəs	RRP	89	𐑯𐑦𐑓𐑺𐑾𐑕	nɪˈfeərɪəs	
negation	𐑯𐑩𐑜𐑱𐑖𐑩𐑯	nəˈɡeɪʃən	RRP	89	𐑯𐑦𐑜𐑱𐑖𐑩𐑯	nɪˈɡeɪʃən	
negotiable	𐑯𐑦𐑜𐑴𐑖𐑦𐑩𐑚𐑩𐑤	nɪˈɡəʊʃiəbəl	RRP	89	𐑯𐑦𐑜𐑴𐑖𐑾𐑚𐑩𐑤	nɪˈɡəʊʃɪəbəl	
negotiate	𐑯𐑩𐑜𐑴𐑖𐑦𐑱𐑑	nəˈɡəʊʃieɪt	RRP	89	𐑯𐑦𐑜𐑴𐑖𐑦𐑱𐑑	nɪˈɡəʊʃieɪt	
neodymium	𐑯𐑾𐑛𐑦𐑥𐑾𐑥	nɪəˈdɪmɪəm	RRP	89	𐑯𐑰𐑴𐑛𐑦𐑥𐑾𐑥	ˌniːəʊˈdɪmiəm	
neolithic	𐑯𐑦𐑩𐑤𐑦𐑔𐑦𐑒	ˌniəˈlɪθɪk	RRP	89	𐑯𐑰𐑴𐑤𐑦𐑔𐑦𐑒	ˌniːəʊˈlɪθɪk	
neon	𐑯𐑦𐑪𐑯	ˈniɒn	RRP	89	𐑯𐑰𐑪𐑯	ˈniːɒn	
neophyte	𐑯𐑦𐑩𐑓𐑲𐑑	ˈniəˌfaɪt	RRP	89	𐑯𐑰𐑴𐑓𐑲𐑑	ˈniːəʊfaɪt	
nepali	𐑯𐑩𐑐𐑷𐑤𐑦	nəˈpɔːli	RRP	89	𐑯𐑦𐑐𐑷𐑤𐑦	nɪˈpɔːli	
nephew	𐑯𐑧𐑓𐑘𐑫	ˈnefju	RRP	89	𐑯𐑧𐑓𐑿	ˈnefjuː	
netherlands	𐑯𐑧𐑞𐑼𐑤𐑼𐑯𐑛𐑟	neðəRləRndz	RRP	89	𐑯𐑧𐑞𐑼𐑤𐑩𐑯𐑛𐑟	ˈneðəRləndz	
nettle	𐑯𐑧𐑑𐑤	ˈnetl	RRP	89	𐑯𐑧𐑑𐑩𐑤	ˈnetəl	
neurology	𐑯𐑫𐑮𐑪𐑤𐑩𐑡𐑦	nurɒlədʒi	RRP	89	𐑯𐑘𐑫𐑼𐑪𐑤𐑩𐑡𐑦	njʊəˈrɒlədʒi	
neutrality	𐑯𐑿𐑑𐑮𐑨𐑤𐑩𐑑𐑦	njuːtræləti	RRP	89	𐑯𐑵𐑑𐑮𐑨𐑤𐑦𐑑𐑦, 𐑯𐑿𐑑𐑮𐑨𐑤𐑦𐑑𐑦	njuːˈtrælɪti	
newfoundland	𐑯𐑿𐑓𐑬𐑯𐑛𐑤𐑩𐑯𐑛	ˈnjuːˌfaʊndlənd	RRP	89	𐑯𐑵𐑓𐑩𐑯𐑤𐑩𐑯𐑛, 𐑯𐑿𐑓𐑩𐑯𐑤𐑩𐑯𐑛	ˈnjuːfənlənd	
newspaper	𐑯𐑿𐑕𐑐𐑱𐑐𐑼	njuːspeɪpəR	RRP	89	𐑯𐑵𐑟𐑐𐑱𐑐𐑼, 𐑯𐑿𐑟𐑐𐑱𐑐𐑼	ˈnjuːzpeɪpəR	
niagara	𐑯𐑲𐑨𐑜𐑮𐑩	naɪæɡrə	RRP	89	𐑯𐑲𐑨𐑜𐑼𐑩	naɪˈæɡərə	
nicely	𐑯𐑳𐑦𐑕𐑤𐑦	ˈnʌɪsli	RRP	89	𐑯𐑲𐑕𐑤𐑦	ˈnaɪsli	
niche	𐑯𐑦𐑗	nɪtʃ	RRP	89	𐑯𐑰𐑖	niːʃ	
niger	𐑯𐑲𐑡𐑼	naɪdʒəR	RRP	89	𐑯𐑰𐑠𐑺	niːˈʒeəR	
nigerien	𐑯𐑰𐑠𐑺𐑦𐑩𐑯	niːʒeəriən	RRP	89	𐑯𐑰𐑠𐑺𐑾𐑯	niːˈʒeərɪən	
nightshade	𐑯𐑲𐑗𐑱𐑛	ˈnaɪtʃeɪd	RRP	89	𐑯𐑲𐑑𐑖𐑱𐑛	ˈnaɪt+ʃeɪd	
nihilism	𐑯𐑲𐑦𐑤𐑦𐑟𐑥	ˈnaɪɪlɪzm	RRP	89	𐑯𐑲𐑦𐑤𐑦𐑟𐑩𐑥	ˈnaɪɪlɪzəm	
ninetieth	𐑯𐑲𐑯𐑑𐑦𐑩𐑔	ˈnaɪntiəθ	RRP	89	𐑯𐑲𐑯𐑑𐑾𐑔	ˈnaɪntɪəθ	
niobe	𐑯𐑳𐑾𐑚𐑦	ˈnʌɪəbi	RRP	89	𐑯𐑲𐑴𐑚𐑦	ˈnaɪəʊbi	
nipple	𐑯𐑦𐑐𐑤	ˈnɪpl	RRP	89	𐑯𐑦𐑐𐑩𐑤	ˈnɪpəl	
nitty-gritty	𐑯𐑦𐑑𐑦𐑜𐑮𐑦𐑑𐑦	nɪtiɡrɪti	RRP	89	𐑯𐑦𐑑𐑦-𐑜𐑮𐑦𐑑𐑦	ˌnɪti-ˈɡrɪti	
noblesse	𐑯𐑩𐑚𐑤𐑧𐑕	nəˈbles	RRP	89	𐑯𐑴𐑚𐑤𐑧𐑕	nəʊˈbles	
nobody	𐑯𐑴𐑚𐑩𐑛𐑦	ˈnəʊbədi	RRP	89	𐑯𐑴𐑚𐑪𐑛𐑦	ˈnəʊbɒdi	
nodule	𐑯𐑪𐑛𐑿𐑤	ˈnɒdjuːl	RRP	89	𐑯𐑪𐑡𐑵𐑤	ˈnɒdʒuːl	
noel	𐑯𐑴𐑤	ˈnəʊl	RRP	89	𐑯𐑴𐑩𐑤	ˈnəʊəl	
nomenclature	𐑯𐑴𐑥𐑧𐑯𐑒𐑤𐑼𐑗𐑼	nəʊmenkləRtʃəR	RRP	89	𐑯𐑴𐑥𐑧𐑯𐑒𐑤𐑩𐑗𐑼	nəʊˈmenklətʃəR	
non-u	𐑯𐑪𐑯𐑿	nɒnˈjuː	RRP	89	𐑯𐑪𐑯-𐑿	ˈnɒn-juː	
nonagenarian	𐑯𐑪𐑯𐑨𐑡𐑧𐑯𐑻𐑾𐑯	nɒnædʒenɜːrɪən	RRP	89	𐑯𐑪𐑯𐑩𐑡𐑦𐑯𐑺𐑾𐑯	ˌnɒnədʒɪˈneərɪən	
none	𐑯𐑴𐑯	nəʊn	RRP	89	𐑯𐑳𐑯	nʌn	
nonpareil	𐑯𐑪𐑯𐑐𐑼𐑱	nɒnpəreɪ	RRP	89	𐑯𐑪𐑯𐑐𐑼𐑱𐑤	ˌnɒnpəˈreɪl	
normalcy	𐑯𐑷𐑮𐑥𐑩𐑤𐑕𐑦	nɔrməlsi	RRP	89	𐑯𐑹𐑥𐑩𐑤𐑕𐑦	ˈnɔːRməlsi	
normative	𐑯𐑷𐑮𐑥𐑩𐑑𐑦𐑝	nɔrmətɪv	RRP	89	𐑯𐑹𐑥𐑩𐑑𐑦𐑝	ˈnɔːRmətɪv	
nostril	𐑯𐑪𐑕𐑑𐑮𐑦𐑤	nɒstrɪl	RRP	89	𐑯𐑪𐑕𐑑𐑮𐑩𐑤	ˈnɒstrəl	
nosy	𐑯𐑴𐑟𐑰	ˈnəʊziː	RRP	89	𐑯𐑴𐑟𐑦	ˈnəʊzi	
notoriously	𐑯𐑼𐑑𐑹𐑾𐑕𐑤𐑦	nəRtɔːrɪəsli	RRP	89	𐑯𐑴𐑑𐑹𐑾𐑕𐑤𐑦	nəʊˈtɔːrɪəsli	
nougat	𐑯𐑳𐑜𐑦𐑑	ˈnʌɡɪt	RRP	89	𐑯𐑵𐑜𐑭	ˈnuːɡɑː	
novella	𐑯𐑩𐑝𐑧𐑤𐑩	nəˈvelə	RRP	89	𐑯𐑴𐑝𐑧𐑤𐑩	nəʊˈvelə	
novitiate	𐑯𐑩𐑝𐑦𐑖𐑦𐑩𐑑	nəˈvɪʃiət	RRP	89	𐑯𐑩𐑝𐑦𐑖𐑾𐑑	nəˈvɪʃɪət	
nucleus	𐑯𐑿𐑒𐑤𐑦𐑩𐑕	ˈnjuːkliəs	RRP	89	𐑯𐑵𐑒𐑤𐑾𐑕, 𐑯𐑿𐑒𐑤𐑾𐑕	ˈnjuːklɪəs	
nudist	𐑯𐑫𐑛𐑦𐑕𐑑	ˈnudɪst	RRP	89	𐑯𐑵𐑛𐑦𐑕𐑑, 𐑯𐑿𐑛𐑦𐑕𐑑	ˈnjuːdɪst	
nudity	𐑯𐑘𐑫𐑛𐑦𐑑𐑦	ˈnjudɪˌti	RRP	89	𐑯𐑵𐑛𐑦𐑑𐑦, 𐑯𐑿𐑛𐑦𐑑𐑦	ˈnjuːdɪti	
nugatory	𐑯𐑿𐑜𐑼𐑑𐑷𐑮𐑦	njuːɡəRtɔri	RRP	89	𐑯𐑵𐑜𐑩𐑑𐑼𐑦, 𐑯𐑿𐑜𐑩𐑑𐑼𐑦	ˈnjuːɡətəri	
numeral	𐑯𐑿𐑥𐑼𐑼𐑤	njuːmərəRl	RRP	89	𐑯𐑵𐑥𐑼𐑩𐑤, 𐑯𐑿𐑥𐑼𐑩𐑤	ˈnjuːmərəl	
numerate	𐑯𐑿𐑥𐑼𐑱𐑑	njuːməreɪt	RRP	89	𐑯𐑵𐑥𐑼𐑩𐑑, 𐑯𐑿𐑥𐑼𐑩𐑑	ˈnjuːmərət	
numerical	𐑯𐑫𐑥𐑧𐑮𐑦𐑒𐑩𐑤	numerɪkəl	RRP	89	𐑯𐑵𐑥𐑧𐑮𐑦𐑒𐑩𐑤, 𐑯𐑿𐑥𐑧𐑮𐑦𐑒𐑩𐑤	njuːˈmerɪkəl	
nuncio	𐑯𐑳𐑯𐑖𐑦𐑴	ˈnʌnʃiˌoʊ	RRP	89	𐑯𐑳𐑯𐑕𐑦𐑴	ˈnʌnsiəʊ	
nuptials	𐑯𐑳𐑐𐑖𐑤𐑕	ˈnʌpʃls	RRP	89	𐑯𐑳𐑐𐑖𐑩𐑤𐑟	ˈnʌpʃəlz	
nutrient	𐑯𐑿𐑑𐑮𐑦𐑩𐑯𐑑	njuːtriənt	RRP	89	𐑯𐑵𐑑𐑮𐑾𐑯𐑑, 𐑯𐑿𐑑𐑮𐑾𐑯𐑑	ˈnjuːtrɪənt	
nutritive	𐑯𐑿𐑑𐑮𐑩𐑑𐑦𐑝	njuːtrətɪv	RRP	89	𐑯𐑵𐑑𐑮𐑦𐑑𐑦𐑝, 𐑯𐑿𐑑𐑮𐑦𐑑𐑦𐑝	ˈnjuːtrɪtɪv	
nutshell	𐑯𐑳𐑗𐑧𐑤	ˈnʌtʃel	RRP	89	𐑯𐑳𐑑𐑖𐑧𐑤	ˈnʌt+ʃel	
obdurate	𐑪𐑚𐑡𐑫𐑮𐑦𐑑	ɒbdʒʊrɪt	RRP	89	𐑪𐑚𐑛𐑘𐑫𐑼𐑩𐑑	ˈɒbdjʊərət	
obedience	𐑩𐑚𐑰𐑛𐑾𐑯𐑕	əˈbiːdɪəns	RRP	89	𐑴𐑚𐑰𐑛𐑾𐑯𐑕	əʊˈbiːdɪəns	
obedient	𐑩𐑚𐑰𐑛𐑾𐑯𐑑	əˈbiːdɪənt	RRP	89	𐑴𐑚𐑰𐑛𐑾𐑯𐑑	əʊˈbiːdɪənt	
obfuscate	𐑪𐑚𐑓𐑳𐑕𐑒𐑱𐑑	ˈɒbfʌskeɪt	RRP	89	𐑪𐑚𐑓𐑩𐑕𐑒𐑱𐑑	ˈɒbfəskeɪt	
obituary	𐑩𐑚𐑦𐑑𐑘𐑩𐑼𐑦	əbɪtjəərɪ	RRP	89	𐑴𐑚𐑦𐑗𐑫𐑼𐑦	əʊˈbɪtʃʊəri	
objective	𐑪𐑚𐑡𐑧𐑒𐑑𐑦𐑝	ɒbˈdʒektɪv	RRP	89	𐑩𐑚𐑡𐑧𐑒𐑑𐑦𐑝	əbˈdʒektɪv	
oblation	𐑴𐑚𐑤𐑱𐑖𐑩𐑯	əʊˈbleɪʃən	RRP	89	𐑩𐑚𐑤𐑱𐑖𐑩𐑯	əˈbleɪʃən	
obligatory	𐑩𐑚𐑤𐑦𐑜𐑼𐑑𐑮𐑦	əblɪɡəRtri	RRP	89	𐑩𐑚𐑤𐑦𐑜𐑩𐑑𐑼𐑦	əˈblɪɡətəri	
oblivious	𐑩𐑚𐑤𐑦𐑝𐑦𐑩𐑕	əˈblɪviəs	RRP	89	𐑩𐑚𐑤𐑦𐑝𐑾𐑕	əˈblɪvɪəs	
obsequious	𐑩𐑚𐑕𐑰𐑒𐑢𐑦𐑩𐑕	əbˈsiːkwiəs	RRP	89	𐑩𐑚𐑕𐑰𐑒𐑢𐑾𐑕	əbˈsiːkwɪəs	
observation	𐑪𐑚𐑟𐑼𐑝𐑱𐑖𐑯	ɒbzəRveɪʃn	RRP	89	𐑪𐑚𐑟𐑼𐑝𐑱𐑖𐑩𐑯	ˌɒbzəRˈveɪʃən	
obsidian	𐑪𐑚𐑕𐑦𐑛𐑦𐑩𐑯	ˌɒbˈsɪdiən	RRP	89	𐑩𐑚𐑕𐑦𐑛𐑾𐑯	əbˈsɪdɪən	
obstreperous	𐑩𐑚𐑕𐑑𐑮𐑧𐑐𐑼𐑼𐑕	əbstrepərəRs	RRP	89	𐑩𐑚𐑕𐑑𐑮𐑧𐑐𐑼𐑩𐑕	əbˈstrepərəs	
obstructionism	𐑩𐑚𐑕𐑑𐑮𐑳𐑒𐑖𐑩𐑯𐑦𐑟𐑥	əbstrʌkʃənɪzm	RRP	89	𐑩𐑚𐑕𐑑𐑮𐑳𐑒𐑖𐑩𐑯𐑦𐑟𐑩𐑥	əbˈstrʌkʃənɪzəm	
obviously	𐑪𐑝𐑾𐑕𐑤𐑦	ˈɒvɪəsli	RRP	89	𐑪𐑚𐑝𐑾𐑕𐑤𐑦	ˈɒbvɪəsli	
obviousness	𐑪𐑝𐑦𐑩𐑕𐑯𐑩𐑕	ˈɒviəsnəs	RRP	89	𐑪𐑚𐑝𐑾𐑕𐑯𐑩𐑕	ˈɒbvɪəsnəs	
occasional	𐑩𐑒𐑱𐑠𐑯𐑩𐑤	əˈkeɪʒnəl	RRP	89	𐑩𐑒𐑱𐑠𐑩𐑯𐑩𐑤	əˈkeɪʒənəl	
occidental	𐑪𐑒𐑕𐑩𐑛𐑧𐑯𐑑𐑩𐑤	ˌɒksəˈdentəl	RRP	89	𐑪𐑒𐑕𐑦𐑛𐑧𐑯𐑑𐑩𐑤	ˌɒksɪˈdentəl	
octagon	𐑪𐑒𐑑𐑩𐑜𐑯	ˈɒktəɡn	RRP	89	𐑪𐑒𐑑𐑩𐑜𐑪𐑯	ˈɒktəɡɒn	
octopus	𐑪𐑒𐑑𐑩𐑐𐑫𐑕	ˈɒktəpʊs	RRP	89	𐑪𐑒𐑑𐑩𐑐𐑩𐑕	ˈɒktəpəs	
ocular	𐑪𐑒𐑘𐑼𐑤𐑼	ɒkjəRləR	RRP	89	𐑪𐑒𐑘𐑩𐑤𐑼	ˈɒkjələR	
odalisque	𐑴𐑛𐑤𐑦𐑕𐑒	ˈəʊdlɪsk	RRP	89	𐑴𐑛𐑩𐑤𐑦𐑕𐑒	ˈəʊdəlɪsk	
odious	𐑴𐑛𐑦𐑩𐑕	ˈəʊdiəs	RRP	89	𐑴𐑛𐑾𐑕	ˈəʊdɪəs	
odium	𐑴𐑛𐑦𐑩𐑥	ˈəʊdiəm	RRP	89	𐑴𐑛𐑾𐑥	ˈəʊdɪəm	
oesophagus	𐑰𐑕𐑪𐑓𐑩𐑜𐑩𐑕	iːˈsɒfəɡəs	RRP	89	𐑦𐑕𐑪𐑓𐑩𐑜𐑩𐑕	ɪˈsɒfəɡəs	
offertory	𐑪𐑓𐑼𐑑𐑮𐑦	ɒfəRtri	RRP	89	𐑪𐑓𐑼𐑑𐑼𐑦	ˈɒfəRtəri	
offhand	𐑷𐑓𐑣𐑨𐑯𐑛	ˌɔfˈhænd	RRP	89	𐑪𐑓𐑣𐑨𐑯𐑛	ˌɒfˈhænd	
ogle	𐑪𐑜𐑩𐑤	ˈɒɡəl	RRP	89	𐑴𐑜𐑩𐑤	ˈəʊɡəl	
ogress	𐑴𐑜𐑮𐑧𐑕	əʊɡres	RRP	89	𐑴𐑜𐑮𐑩𐑕	ˈəʊɡrƏs	
ointment	𐑶𐑯𐑑𐑥𐑯𐑑	ˈɔɪntmnt	RRP	89	𐑶𐑯𐑑𐑥𐑩𐑯𐑑	ˈɔɪntmənt	
okapi	𐑩𐑒𐑭𐑐𐑦	əˈkɑːpi	RRP	89	𐑴𐑒𐑭𐑐𐑦	əʊˈkɑːpi	
old-fashioned	𐑴𐑤𐑛𐑓𐑨𐑖𐑩𐑯𐑛	əʊldˈfæʃənd	RRP	89	𐑴𐑤𐑛-𐑓𐑨𐑖𐑩𐑯𐑛	əʊld-ˈfæʃənd	
olympic	𐑴𐑤𐑦𐑥𐑐𐑦𐑒	oʊˈlɪmpɪk	RRP	89	𐑩𐑤𐑦𐑥𐑐𐑦𐑒	əˈlɪmpɪk	
ombudsman	𐑪𐑥𐑚𐑩𐑛𐑟𐑥𐑩𐑯	ˈɒmbədzmən	RRP	89	𐑪𐑥𐑚𐑫𐑛𐑟𐑥𐑩𐑯	ˈɒmbʊdzmən	
omelette	𐑪𐑥𐑤𐑦𐑑	ˈɒmlɪt	RRP	89	𐑪𐑥𐑤𐑩𐑑	ˈɒmlət	
omission	𐑩𐑥𐑦𐑖𐑩𐑯	əˈmɪʃən	RRP	89	𐑴𐑥𐑦𐑖𐑩𐑯	əʊˈmɪʃən	
omniscience	𐑪𐑥𐑯𐑦𐑖𐑩𐑯𐑕	ɒmˈnɪʃəns	RRP	89	𐑪𐑥𐑯𐑦𐑕𐑾𐑯𐑕	ɒmˈnɪsɪəns	
one-armed	𐑢𐑳𐑯𐑸𐑥𐑛	wʌnɑːRmd	RRP	89	𐑢𐑳𐑯-𐑸𐑥𐑛	ˈwʌn-ɑːRmd	
one-upmanship	𐑢𐑳𐑯𐑳𐑐𐑥𐑩𐑯𐑖𐑦𐑐	wʌnˈʌpmənʃɪp	RRP	89	𐑢𐑳𐑯-𐑳𐑐𐑥𐑩𐑯𐑖𐑦𐑐	wʌn-ˈʌpmənʃɪp	
onerous	𐑪𐑯𐑼𐑼𐑕	ɒnərəRs	RRP	89	𐑴𐑯𐑼𐑩𐑕	ˈəʊnərəs	
onomatopoeia	𐑪𐑯𐑩𐑥𐑨𐑑𐑩𐑐𐑰𐑩	ˌɒnəˌmætəˈpiːə	RRP	89	𐑪𐑯𐑩𐑥𐑨𐑑𐑩𐑐𐑾	ˌɒnəˌmætəˈpiːə	
opacity	𐑴𐑐𐑨𐑕𐑦𐑑𐑰	oʊˈpæsɪtiː	RRP	89	𐑴𐑐𐑨𐑕𐑦𐑑𐑦	əʊˈpæsɪti	
opener	𐑴𐑐𐑼𐑯𐑼	əʊpəRnəR	RRP	89	𐑴𐑐𐑩𐑯𐑼	ˈəʊpənəR	
operable	𐑪𐑐𐑼𐑼𐑚𐑩𐑤	ɒpərəRbəl	RRP	89	𐑪𐑐𐑼𐑩𐑚𐑩𐑤	ˈɒpərəbəl	
operative	𐑪𐑐𐑼𐑼𐑑𐑦𐑝	ɒpərəRtɪv	RRP	89	𐑪𐑐𐑼𐑩𐑑𐑦𐑝	ˈɒpərətɪv	
ophthalmia	𐑪𐑓𐑔𐑨𐑤𐑥𐑦𐑩	ɒfˈθælmiə	RRP	89	𐑪𐑓𐑔𐑨𐑤𐑥𐑾	ɒfˈθælmɪə	
opiate	𐑴𐑐𐑦𐑩𐑑	ˈəʊpiət	RRP	89	𐑴𐑐𐑾𐑑	ˈəʊpɪət	
opium	𐑴𐑐𐑦𐑩𐑥	ˈəʊpiəm	RRP	89	𐑴𐑐𐑾𐑥	ˈəʊpɪəm	
opprobrious	𐑩𐑐𐑮𐑴𐑚𐑮𐑦𐑩𐑕	əprəʊbriəs	RRP	89	𐑩𐑐𐑮𐑴𐑚𐑮𐑾𐑕	əˈprəʊbrɪəs	
opprobrium	𐑩𐑐𐑮𐑴𐑚𐑮𐑦𐑩𐑥	əproʊbriəm	RRP	89	𐑩𐑐𐑮𐑴𐑚𐑮𐑾𐑥	əˈprəʊbrɪəm	
oracle	𐑷𐑮𐑼𐑒𐑩𐑤	ɔrəRkəl	RRP	89	𐑪𐑮𐑩𐑒𐑩𐑤	ˈɒrəkəl	
oracular	𐑪𐑮𐑨𐑒𐑿𐑤𐑼	ɒrækjuːləR	RRP	89	𐑼𐑨𐑒𐑘𐑩𐑤𐑼	əˈrækjələR	
oral	𐑹𐑼𐑤	ɔːrəRl	RRP	89	𐑹𐑩𐑤	ˈɔːrəl	
orate	𐑹𐑱𐑑	ɔːreɪt	RRP	89	𐑪𐑮𐑱𐑑	ɒˈreɪt	
oration	𐑷𐑮𐑱𐑖𐑩𐑯	ɔreɪʃən	RRP	89	𐑪𐑮𐑱𐑖𐑩𐑯	ɒˈreɪʃən	
orator	𐑪𐑮𐑼𐑑𐑼	ɒrəRtəR	RRP	89	𐑪𐑮𐑩𐑑𐑼	ˈɒrətəR	
orchestra	𐑹𐑒𐑩𐑕𐑑𐑮𐑩	ɔːRkəstrə	RRP	89	𐑹𐑒𐑦𐑕𐑑𐑮𐑩	ˈɔːRkɪstrə	
orchestral	𐑷𐑮𐑒𐑧𐑕𐑑𐑮𐑩𐑤	ɔrkestrəl	RRP	89	𐑹𐑒𐑧𐑕𐑑𐑮𐑩𐑤	ɔːRˈkestrəl	
orchestrate	𐑹𐑒𐑩𐑕𐑑𐑮𐑱𐑑	ɔːRkəstreɪt	RRP	89	𐑹𐑒𐑦𐑕𐑑𐑮𐑱𐑑	ˈɔːRkɪstreɪt	
orchid	𐑹𐑒𐑩𐑛	ɔːRkƏd	RRP	89	𐑹𐑒𐑦𐑛	ˈɔːRkɪd	
ordinance	𐑹𐑛𐑯𐑩𐑯𐑕	ɔːRdnəns	RRP	89	𐑹𐑛𐑦𐑯𐑩𐑯𐑕	ˈɔːRdɪnəns	
ordinarily	𐑹𐑛𐑦𐑯𐑨𐑮𐑦𐑤𐑦	ɔːRdɪnærɪli	RRP	89	𐑹𐑛𐑦𐑯𐑼𐑦𐑤𐑦	ˈɔːRdɪnərɪli	
ordure	𐑹𐑛𐑘𐑼	ɔːRdjəR	RRP	89	𐑹𐑛𐑘𐑫𐑼	ˈɔːRdjʊəR	
oregano	𐑪𐑮𐑦𐑜𐑸𐑯𐑴	ɒrɪɡɑːRnəʊ	RRP	89	𐑪𐑮𐑦𐑜𐑭𐑯𐑴	ˌɒrɪˈɡɑːnəʊ	
organisation	𐑹𐑜𐑼𐑯𐑲𐑟𐑱𐑖𐑩𐑯	ɔːRɡəRnaɪzeɪʃən	RRP	89	𐑹𐑜𐑩𐑯𐑲𐑟𐑱𐑖𐑩𐑯	ˌɔːRɡənaɪˈzeɪʃən	
organism	𐑹𐑜𐑼𐑯𐑦𐑟𐑩𐑥	ɔːRɡəRnɪzəm	RRP	89	𐑹𐑜𐑩𐑯𐑦𐑟𐑩𐑥	ˈɔːRɡənɪzəm	
organization	𐑹𐑜𐑼𐑯𐑲𐑟𐑱𐑖𐑩𐑯	ɔːRɡəRnaɪzeɪʃən	RRP	89	𐑹𐑜𐑩𐑯𐑲𐑟𐑱𐑖𐑩𐑯	ˌɔːRɡənaɪˈzeɪʃən	
organs	𐑷𐑮𐑜𐑩𐑯𐑟	ɔrɡənz	RRP	89	𐑹𐑜𐑩𐑯𐑟	ˈɔːRɡənz	
orgasm	𐑹𐑜𐑨𐑟𐑥	ɔːRɡazm	RRP	89	𐑹𐑜𐑨𐑟𐑩𐑥	ˈɔːRɡæzəm	
orgiastic	𐑷𐑮𐑡𐑦𐑨𐑕𐑑𐑦𐑒	ɔrdʒiæstɪk	RRP	89	𐑹𐑡𐑦𐑨𐑕𐑑𐑦𐑒	ˌɔːRdʒɪˈæstɪk	
oriel	𐑹𐑦𐑩𐑤	ɔːriəl	RRP	89	𐑹𐑾𐑤	ˈɔːrɪəl	
orientalist	𐑷𐑮𐑦𐑧𐑯𐑑𐑩𐑤𐑦𐑕𐑑	ɔrientəlɪst	RRP	89	𐑹𐑦𐑧𐑯𐑑𐑩𐑤𐑦𐑕𐑑	ˌɔːrɪˈentəlɪst	
orientation	𐑷𐑮𐑦𐑧𐑯𐑑𐑱𐑖𐑩𐑯	ɔrienteɪʃən	RRP	89	𐑹𐑾𐑯𐑑𐑱𐑖𐑩𐑯	ˌɔːrɪənˈteɪʃən	
origami	𐑪𐑮𐑦𐑜𐑸𐑥𐑦	ɒrɪɡɑːRmɪ	RRP	89	𐑪𐑮𐑦𐑜𐑭𐑥𐑦	ɒrɪˈɡɑːmi	
oriole	𐑹𐑰𐑴𐑤	ɔːriːəʊl	RRP	89	𐑹𐑦𐑴𐑤	ˈɔːriəʊl	
orison	𐑪𐑮𐑦𐑕𐑩𐑯	ɒrɪsən	RRP	89	𐑪𐑮𐑦𐑟𐑩𐑯	ˈɒrɪzən	
orleans	𐑷𐑮𐑤𐑦𐑩𐑯𐑟	ɔrliənz	RRP	89	𐑹𐑤𐑾𐑯𐑟	ɔːRˈlɪənz	
ormolu	𐑹𐑥𐑼𐑤𐑵	ɔːRməRluː	RRP	89	𐑹𐑥𐑩𐑤𐑵	ˈɔːRməluː	
ornamental	𐑹𐑯𐑩𐑥𐑧𐑯𐑑𐑤	ɔːRnəmentl	RRP	89	𐑹𐑯𐑩𐑥𐑧𐑯𐑑𐑩𐑤	ˌɔːRnəˈmentəl	
ornate	𐑷𐑮𐑯𐑱𐑑	ɔrneɪt	RRP	89	𐑹𐑯𐑱𐑑	ɔːRˈneɪt	
orotund	𐑹𐑼𐑑𐑳𐑯𐑛	ɔːrəRtʌnd	RRP	89	𐑹𐑴𐑑𐑳𐑯𐑛	ˈɔːrəʊtʌnd	
orthographic	𐑹𐑔𐑼𐑜𐑮𐑨𐑓𐑦𐑒	ɔːRθəRɡræfɪk	RRP	89	𐑹𐑔𐑩𐑜𐑮𐑨𐑓𐑦𐑒	ˌɔːRθəˈɡræfɪk	
oscilloscope	𐑩𐑕𐑦𐑤𐑦𐑕𐑒𐑴𐑐	əˈsɪlɪskəʊp	RRP	89	𐑩𐑕𐑦𐑤𐑩𐑕𐑒𐑴𐑐	əˈsɪləskəʊp	
osprey	𐑪𐑕𐑐𐑮𐑱	ɒspreɪ	RRP	89	𐑪𐑕𐑐𐑮𐑦	ˈɒspri	
ostentation	𐑪𐑕𐑑𐑩𐑯𐑑𐑱𐑖𐑩𐑯	ˌɒstənˈteɪʃən	RRP	89	𐑪𐑕𐑑𐑧𐑯𐑑𐑱𐑖𐑩𐑯	ˌɒstenˈteɪʃən	
ostracism	𐑪𐑕𐑑𐑮𐑩𐑕𐑦𐑟𐑥	ɒstrəsɪzm	RRP	89	𐑪𐑕𐑑𐑮𐑩𐑕𐑦𐑟𐑩𐑥	ˈɒstrəsɪzəm	
outbid	𐑬𐑑𐑚𐑩𐑛	aʊtˈbƏd	RRP	89	𐑬𐑑𐑚𐑦𐑛	aʊtˈbɪd	
outdo	𐑬𐑑𐑛𐑫	aʊtˈdu	RRP	89	𐑬𐑑𐑛𐑵	aʊtˈduː	
outlawry	𐑬𐑑𐑤𐑹𐑦	aʊtlɔːri	RRP	89	𐑬𐑑𐑤𐑷𐑮𐑦	ˈaʊtlɔː+ri	
outshine	𐑬𐑗𐑲𐑯	aʊtˈʃaɪn	RRP	89	𐑬𐑑𐑖𐑲𐑯	ˌaʊt+ˈʃaɪn	
outwork	𐑬𐑑𐑢𐑹𐑒	aʊtwɔːRk	RRP	89	𐑬𐑑𐑢𐑻𐑒	ˈaʊtwɜːRk	
overbear	𐑴𐑝𐑼𐑚𐑻	əʊvəRbɜːR	RRP	89	𐑴𐑝𐑼𐑚𐑺	ˌəʊvəRˈbeəR	
overbid	𐑴𐑝𐑼𐑚𐑩𐑛	əʊvəRbƏd	RRP	89	𐑴𐑝𐑼𐑚𐑦𐑛	ˈəʊvəRbɪd	
overdo	𐑴𐑝𐑼𐑛𐑫	əʊvəRdu	RRP	89	𐑴𐑝𐑼𐑛𐑵	ˌəʊvəRˈduː	
overdone	𐑪𐑝𐑼𐑛𐑳𐑯	ovərdʌn	RRP	89	𐑴𐑝𐑼𐑛𐑳𐑯	ˌəʊvəRˈdʌn	
overdue	𐑴𐑝𐑼𐑛𐑘𐑫	əʊvəRdju	RRP	89	𐑴𐑝𐑼𐑛𐑵, 𐑴𐑝𐑼𐑛𐑿	ˌəʊvəRˈdjuː	
overt	𐑩𐑝𐑻𐑑	əvɜːRt	RRP	89	𐑴𐑝𐑻𐑑	əʊˈvɜːRt	
packet	𐑐𐑨𐑒𐑦𐑑	ˈpakɪt	RRP	89	𐑐𐑨𐑒𐑩𐑑	ˈpækIt	
paean	𐑐𐑰𐑩𐑯	ˈpiːən	RRP	89	𐑐𐑾𐑯	piːən	
paillasse	𐑐𐑨𐑤𐑘𐑭𐑕	pælˈjɑːs	RRP	89	𐑐𐑨𐑤𐑦𐑨𐑕	ˈpælɪæs	
painstakingly	𐑐𐑱𐑯𐑕𐑑𐑱𐑒𐑦𐑙𐑤𐑦	ˈpeɪnˌsteɪkɪŋli	RRP	89	𐑐𐑱𐑯𐑟𐑑𐑱𐑒𐑦𐑙𐑤𐑦	ˈpeɪnzteɪkɪŋli	
palace	𐑐𐑨𐑤𐑦𐑕	ˈpælɪs	RRP	89	𐑐𐑨𐑤𐑩𐑕	ˈpæləs	
palanquin	𐑐𐑨𐑤𐑩𐑙𐑒𐑰𐑯	ˌpæləŋˈkiːn	RRP	89	𐑐𐑨𐑤𐑩𐑯𐑒𐑰𐑯	ˌpælənˈkiːn	
paleolithic	𐑐𐑱𐑤𐑰𐑴𐑤𐑦𐑔𐑦𐑒	ˈpeɪliːəʊˌlɪθɪk	RRP	89	𐑐𐑨𐑤𐑦𐑴𐑤𐑦𐑔𐑦𐑒	ˌpæliəʊˈlɪθɪk	
palette	𐑐𐑨𐑤𐑦𐑑	ˈpælɪt	RRP	89	𐑐𐑨𐑤𐑩𐑑	ˈpælət	
palliasse	𐑐𐑨𐑤𐑘𐑭𐑕	pælˈjɑːs	RRP	89	𐑐𐑨𐑤𐑦𐑨𐑕	ˈpælɪæs	
pallid	𐑐𐑨𐑤𐑩𐑛	ˈpælƏd	RRP	89	𐑐𐑨𐑤𐑦𐑛	ˈpælɪd	
paltry	𐑐𐑪𐑤𐑑𐑮𐑦	pɒltri	RRP	89	𐑐𐑷𐑤𐑑𐑮𐑦	ˈpɔːltri	
pamphlet	𐑐𐑨𐑥𐑓𐑤𐑦𐑑	ˈpæmflɪt	RRP	89	𐑐𐑨𐑥𐑓𐑤𐑩𐑑	ˈpæmflət	
pamphleteer	𐑐𐑨𐑥𐑓𐑤𐑩𐑑𐑦𐑮	pæmflətɪr	RRP	89	𐑐𐑨𐑥𐑓𐑤𐑩𐑑𐑽	ˌpæmfləˈtɪəR	
panacea	𐑐𐑨𐑯𐑩𐑕𐑰𐑩	ˌpænəˈsiːə	RRP	89	𐑐𐑨𐑯𐑩𐑕𐑾	ˌpænəˈsɪə	
panamanian	𐑐𐑨𐑯𐑩𐑥𐑱𐑯𐑦𐑩𐑯	pænəˈmeɪniən	RRP	89	𐑐𐑨𐑯𐑩𐑥𐑱𐑯𐑾𐑯	ˌpænəˈmeɪnɪən	
pantile	𐑐𐑨𐑯𐑑𐑳𐑦𐑤	ˈpantʌɪl	RRP	89	𐑐𐑨𐑯𐑑𐑲𐑤	ˈpæntaɪl	
pantomime	𐑐𐑨𐑯𐑑𐑩𐑥𐑳𐑦𐑥	ˈpantəˌmʌɪm	RRP	89	𐑐𐑨𐑯𐑑𐑩𐑥𐑲𐑥	ˈpæntəmaɪm	
papyrus	𐑐𐑩𐑐𐑲𐑮𐑼𐑕	pəpaɪrəRs	RRP	89	𐑐𐑩𐑐𐑲𐑮𐑩𐑕	pəˈpaɪrəs	
parachute	𐑐𐑨𐑮𐑼𐑖𐑵𐑑	pærəRʃuːt	RRP	89	𐑐𐑨𐑮𐑩𐑖𐑵𐑑	ˈpærəʃuːt	
paradigm	𐑐𐑨𐑮𐑼𐑛𐑲𐑥	pærəRdaɪm	RRP	89	𐑐𐑨𐑮𐑩𐑛𐑲𐑥	ˈpærədaɪm	
paradise	𐑐𐑨𐑮𐑼𐑛𐑲𐑕	pærəRdaɪs	RRP	89	𐑐𐑨𐑮𐑩𐑛𐑲𐑕	ˈpærədaɪs	
paradisiac	𐑐𐑨𐑮𐑼𐑛𐑦𐑟𐑦𐑨𐑒	pærəRdɪziæk	RRP	89	𐑐𐑨𐑮𐑩𐑛𐑦𐑕𐑦𐑨𐑒	ˌpærəˈdɪsɪæk	
paradisiacal	𐑐𐑨𐑮𐑼𐑛𐑦𐑕𐑲𐑩𐑒𐑩𐑤	pærəRdɪsaɪəkəl	RRP	89	𐑐𐑨𐑮𐑩𐑛𐑦𐑕𐑲𐑩𐑒𐑩𐑤	ˌpærədɪˈsaɪəkəl	
paradox	𐑐𐑨𐑮𐑼𐑛𐑪𐑒𐑕	parəRdɒks	RRP	89	𐑐𐑨𐑮𐑩𐑛𐑪𐑒𐑕	ˈpærədɒks	
paradoxical	𐑐𐑨𐑮𐑼𐑛𐑪𐑒𐑕𐑦𐑒𐑩𐑤	pærəRdɒksɪkəl	RRP	89	𐑐𐑨𐑮𐑩𐑛𐑪𐑒𐑕𐑦𐑒𐑩𐑤	ˌpærəˈdɒksɪkəl	
paraffin	𐑐𐑨𐑮𐑼𐑓𐑦𐑯	pærəRfɪn	RRP	89	𐑐𐑨𐑮𐑩𐑓𐑦𐑯	ˈpærəfɪn	
paragon	𐑐𐑨𐑮𐑼𐑜𐑩𐑯	pærəRɡən	RRP	89	𐑐𐑨𐑮𐑩𐑜𐑩𐑯	ˈpærəɡən	
paragraph	𐑐𐑨𐑮𐑼𐑜𐑮𐑸𐑓	pærəRɡrɑːRf	RRP	89	𐑐𐑨𐑮𐑩𐑜𐑮𐑨𐑓	ˈpærəɡræf	
parakeet	𐑐𐑨𐑮𐑼𐑒𐑰𐑑	parəRkiːt	RRP	89	𐑐𐑨𐑮𐑩𐑒𐑰𐑑	ˈpærəkiːt	
parallel	𐑐𐑨𐑮𐑼𐑤𐑧𐑤	pærəRlel	RRP	89	𐑐𐑨𐑮𐑩𐑤𐑧𐑤	ˈpærəlel	
parallelism	𐑐𐑨𐑮𐑼𐑤𐑧𐑤𐑦𐑟𐑥	parəRlelɪzm	RRP	89	𐑐𐑨𐑮𐑩𐑤𐑧𐑤𐑦𐑟𐑩𐑥	ˈpærəlelɪzəm	
parallelogram	𐑐𐑨𐑮𐑼𐑤𐑧𐑤𐑩𐑜𐑮𐑨𐑥	pærəRleləɡræm	RRP	89	𐑐𐑨𐑮𐑩𐑤𐑧𐑤𐑩𐑜𐑮𐑨𐑥	ˌpærəˈleləɡræm	
paralysis	𐑐𐑼𐑨𐑤𐑩𐑕𐑩𐑕	pəræləsəs	RRP	89	𐑐𐑼𐑨𐑤𐑩𐑕𐑦𐑕	pəˈræləsɪs	
paralytic	𐑐𐑨𐑮𐑼𐑤𐑦𐑑𐑦𐑒	pærəRlɪtɪk	RRP	89	𐑐𐑨𐑮𐑩𐑤𐑦𐑑𐑦𐑒	ˌpærəˈlɪtɪk	
paramilitary	𐑐𐑧𐑮𐑼𐑥𐑦𐑤𐑦𐑑𐑧𐑮𐑦	perəRmɪlɪteri	RRP	89	𐑐𐑨𐑮𐑩𐑥𐑦𐑤𐑦𐑑𐑼𐑦	ˌpærəˈmɪlɪtəri	
paramount	𐑐𐑨𐑮𐑼𐑥𐑬𐑯𐑑	pærəRmaʊnt	RRP	89	𐑐𐑨𐑮𐑩𐑥𐑬𐑯𐑑	ˈpærəmaʊnt	
paramountcy	𐑐𐑨𐑮𐑼𐑥𐑬𐑯𐑕𐑦	parəRmaʊnsi	RRP	89	𐑐𐑨𐑮𐑩𐑥𐑬𐑯𐑑𐑕𐑦	ˈpærəmaʊntsi	
paramour	𐑐𐑨𐑮𐑼𐑥𐑫𐑼	pærəRmʊəR	RRP	89	𐑐𐑨𐑮𐑩𐑥𐑫𐑼	ˈpærəmʊəR	
paranoia	𐑐𐑨𐑮𐑼𐑯𐑶𐑩	pærəRnɔɪə	RRP	89	𐑐𐑨𐑮𐑩𐑯𐑶𐑩	ˌpærəˈnɔɪə	
paranoid	𐑐𐑨𐑮𐑼𐑯𐑶𐑛	pærəRnɔɪd	RRP	89	𐑐𐑨𐑮𐑩𐑯𐑶𐑛	ˈpærənɔɪd	
parapet	𐑐𐑨𐑮𐑼𐑐𐑦𐑑	pærəRpɪt	RRP	89	𐑐𐑨𐑮𐑩𐑐𐑧𐑑	ˈpærəpet	
paraphernalia	𐑐𐑨𐑮𐑼𐑓𐑼𐑯𐑱𐑤𐑦𐑩	pærəRfəRneɪliə	RRP	89	𐑐𐑨𐑮𐑩𐑓𐑼𐑯𐑱𐑤𐑾	ˌpærəfəRˈneɪlɪə	
paraplegic	𐑐𐑧𐑮𐑼𐑐𐑤𐑦𐑡𐑦𐑒	perəRplidʒɪk	RRP	89	𐑐𐑨𐑮𐑩𐑐𐑤𐑰𐑡𐑦𐑒	ˌpærəˈpliːdʒɪk	
parasite	𐑐𐑨𐑮𐑼𐑕𐑲𐑑	pærəRsaɪt	RRP	89	𐑐𐑨𐑮𐑩𐑕𐑲𐑑	ˈpærəsaɪt	
parasitic	𐑐𐑨𐑮𐑼𐑕𐑦𐑑𐑦𐑒	pærəRsɪtɪk	RRP	89	𐑐𐑨𐑮𐑩𐑕𐑦𐑑𐑦𐑒	ˌpærəˈsɪtɪk	
parasol	𐑐𐑨𐑮𐑼𐑕𐑪𐑤	pærəRsɒl	RRP	89	𐑐𐑨𐑮𐑩𐑕𐑪𐑤	ˈpærəsɒl	
paregoric	𐑐𐑨𐑮𐑦𐑜𐑪𐑮𐑦𐑒	pærɪɡɒrɪk	RRP	89	𐑐𐑨𐑮𐑩𐑜𐑪𐑮𐑦𐑒	ˌpærəˈɡɒrɪk	
parent	𐑐𐑺𐑼𐑯𐑑	peərəRnt	RRP	89	𐑐𐑺𐑩𐑯𐑑	ˈpeərənt	
parenthetical	𐑐𐑨𐑮𐑼𐑯𐑔𐑧𐑑𐑦𐑒𐑩𐑤	pærəRnθetɪkəl	RRP	89	𐑐𐑨𐑮𐑩𐑯𐑔𐑧𐑑𐑦𐑒𐑩𐑤	ˌpærənˈθetɪkəl	
parenthetically	𐑐𐑨𐑮𐑼𐑯𐑔𐑧𐑑𐑦𐑒𐑤𐑦	pærəRnθetɪkli	RRP	89	𐑐𐑨𐑮𐑩𐑯𐑔𐑧𐑑𐑦𐑒𐑤𐑦	ˌpærənˈθetɪkli	
parliamentarian	𐑐𐑸𐑤𐑼𐑥𐑩𐑯𐑑𐑺𐑦𐑼𐑯	pɑːRləRmənteəriəRn	RRP	89	𐑐𐑸𐑤𐑩𐑥𐑩𐑯𐑑𐑺𐑾𐑯	ˌpɑːRləmənˈteərɪən	
parliamentary	𐑐𐑸𐑤𐑼𐑥𐑧𐑯𐑑𐑮𐑦	pɑːRləRmentri	RRP	89	𐑐𐑸𐑤𐑩𐑥𐑧𐑯𐑑𐑼𐑦	ˌpɑːRləˈmentəri	
parody	𐑐𐑨𐑮𐑼𐑛𐑦	pærəRdi	RRP	89	𐑐𐑨𐑮𐑩𐑛𐑦	ˈpærədi	
paroxysm	𐑐𐑨𐑮𐑼𐑒𐑕𐑦𐑟𐑩𐑥	pærəRksɪzəm	RRP	89	𐑐𐑨𐑮𐑩𐑒𐑕𐑦𐑟𐑩𐑥	ˈpærəksɪzəm	
parrot	𐑐𐑨𐑮𐑼𐑑	pærəRt	RRP	89	𐑐𐑨𐑮𐑩𐑑	ˈpærət	
parson	𐑐𐑸𐑕𐑯	pɑːRsn	RRP	89	𐑐𐑸𐑕𐑩𐑯	ˈpɑːRsən	
parthenogenesis	𐑐𐑸𐑔𐑦𐑯𐑴𐑡𐑧𐑯𐑦𐑕𐑦𐑕	pɑːRθɪnəʊdʒenɪsɪs	RRP	89	𐑐𐑸𐑔𐑦𐑯𐑴𐑡𐑧𐑯𐑩𐑕𐑦𐑕	ˌpɑːRθɪnəʊˈdʒenəsɪs	
particle	𐑐𐑸𐑑𐑦𐑒𐑤	pɑːRtɪkl	RRP	89	𐑐𐑸𐑑𐑦𐑒𐑩𐑤	ˈpɑːRtɪkəl	
particularity	𐑐𐑼𐑑𐑦𐑒𐑘𐑫𐑤𐑨𐑮𐑦𐑑𐑦	pəRtɪkjulærɪti	RRP	89	𐑐𐑼𐑑𐑦𐑒𐑘𐑩𐑤𐑨𐑮𐑦𐑑𐑦	pəRˌtɪkjəˈlærɪti	
particularize	𐑐𐑼𐑑𐑦𐑒𐑘𐑩𐑤𐑼𐑳𐑦𐑟	pəRtɪkjələrʌɪz	RRP	89	𐑐𐑼𐑑𐑦𐑒𐑘𐑩𐑤𐑼𐑲𐑟	pəRˈtɪkjələraɪz	
parturition	𐑐𐑸𐑑𐑘𐑼𐑦𐑖𐑩𐑯	pɑːRtjərɪʃən	RRP	89	𐑐𐑸𐑗𐑫𐑼𐑦𐑖𐑩𐑯	ˌpɑːRtʃʊəˈrɪʃən	
parvenu	𐑐𐑸𐑝𐑼𐑯𐑿	pɑːRvəRnjuː	RRP	89	𐑐𐑸𐑝𐑩𐑯𐑵	ˈpɑːRvənuː	
pascal	𐑐𐑨𐑕𐑒𐑩𐑤	ˈpæskəl	RRP	89	𐑐𐑨𐑕𐑒𐑭𐑤	ˈpæskɑːl	
pashto	𐑐𐑨𐑖𐑑𐑴	ˈpæʃtəʊ	RRP	89	𐑐𐑭𐑖𐑑𐑴	ˈpɑːʃtəʊ	
passport	𐑐𐑸𐑕𐑐𐑹𐑑	pɑːRspɔːRt	RRP	89	𐑐𐑨𐑕𐑐𐑹𐑑, 𐑐𐑭𐑕𐑐𐑹𐑑	ˈpⱭːspɔːRt	
pastor	𐑐𐑸𐑕𐑑𐑼	pɑːRstəR	RRP	89	𐑐𐑨𐑕𐑑𐑼, 𐑐𐑭𐑕𐑑𐑼	ˈpⱭːstəR	
pastoral	𐑐𐑨𐑕𐑑𐑼𐑼𐑤	pæstərəRl	RRP	89	𐑐𐑨𐑕𐑑𐑼𐑩𐑤, 𐑐𐑭𐑕𐑑𐑼𐑩𐑤	ˈpⱭːstərəl	
pasture	𐑐𐑭𐑕𐑑𐑘𐑼	pɑːstjəR	RRP	89	𐑐𐑨𐑕𐑗𐑼, 𐑐𐑭𐑕𐑗𐑼	ˈpⱭːstʃəR	
patchouli	𐑐𐑩𐑗𐑫𐑤𐑦	pəˈtʃuli	RRP	89	𐑐𐑨𐑗𐑵𐑤𐑦	ˈpætʃuːli	
paternoster	𐑐𐑭𐑑𐑼𐑯𐑪𐑕𐑑𐑼	pɑːtəRnɒstəR	RRP	89	𐑐𐑨𐑑𐑼𐑯𐑪𐑕𐑑𐑼	ˌpætəRˈnɒstəR	
patina	𐑐𐑨𐑑𐑦𐑯𐑩	ˈpætɪnə	RRP	89	𐑐𐑩𐑑𐑰𐑯𐑩	ˈpətiːnə	
patriot	𐑐𐑨𐑑𐑮𐑦𐑩𐑑	pætriət	RRP	89	𐑐𐑱𐑑𐑮𐑾𐑑	ˈpeɪtrɪət	
patriotic	𐑐𐑨𐑑𐑮𐑦𐑪𐑑𐑦𐑒	pætriɒtɪk	RRP	89	𐑐𐑱𐑑𐑮𐑦𐑪𐑑𐑦𐑒	ˌpeɪtrɪˈɒtɪk	
patriotism	𐑐𐑨𐑑𐑮𐑦𐑩𐑑𐑦𐑟𐑩𐑥	pætriətɪzəm	RRP	89	𐑐𐑱𐑑𐑮𐑾𐑑𐑦𐑟𐑩𐑥	ˈpeɪtrɪətɪzəm	
patronage	𐑐𐑱𐑑𐑮𐑩𐑯𐑦𐑡	peɪtrənɪdʒ	RRP	89	𐑐𐑨𐑑𐑮𐑩𐑯𐑦𐑡	ˈpætrənɪdʒ	
patroness	𐑐𐑱𐑑𐑮𐑩𐑯𐑩𐑕	peɪtrənəs	RRP	89	𐑐𐑱𐑑𐑮𐑩𐑯𐑧𐑕	ˈpeɪtrənes	
patten	𐑐𐑨𐑑𐑯	ˈpatn	RRP	89	𐑐𐑨𐑑𐑩𐑯	ˈpætən	
pauline	𐑐𐑷𐑤𐑲𐑯	ˈpɔːˌlaɪn	RRP	89	𐑐𐑷𐑤𐑰𐑯	ˈpɔːliːn	
pc	𐑐𐑰 𐑕𐑰	ˌpiː ˈsiː	RRP	89	𐑐𐑰𐑕𐑰	ˌpiːˈsiː	
pe	𐑐𐑱	peɪ	RRP	89	𐑐𐑰𐑰	ˌpiːˈiː	
peaceable	𐑐𐑰𐑕𐑩𐑚𐑤	ˈpiːsəbl	RRP	89	𐑐𐑰𐑕𐑩𐑚𐑩𐑤	ˈpiːsəbəl	
peaked	𐑐𐑰𐑒𐑩𐑛	ˈpiːkƏd	RRP	89	𐑐𐑰𐑒𐑑	piːkt	
pearmain	𐑐𐑻𐑥𐑱𐑯	pɜːRmeɪn	RRP	89	𐑐𐑺𐑥𐑱𐑯	ˈpeəRmeɪn	
peaty	𐑐𐑰𐑑𐑰	ˈpiːtiː	RRP	89	𐑐𐑰𐑑𐑦	ˈpiːti	
pectoral	𐑐𐑧𐑒𐑑𐑼𐑼𐑤	pektərəRl	RRP	89	𐑐𐑧𐑒𐑑𐑼𐑩𐑤	ˈpektərəl	
peculiar	𐑐𐑩𐑒𐑿𐑤𐑘𐑩𐑼	pəkjuːljəər	RRP	89	𐑐𐑦𐑒𐑿𐑤𐑽	pɪˈkjuːlɪəR	
peculiarly	𐑐𐑦𐑒𐑿𐑤𐑘𐑼𐑤𐑦	pɪkjuːljəRli	RRP	89	𐑐𐑦𐑒𐑿𐑤𐑽𐑤𐑦	pɪˈkjuːlɪəRli	
pecuniary	𐑐𐑦𐑒𐑿𐑯𐑮𐑦	pɪkjuːnri	RRP	89	𐑐𐑦𐑒𐑿𐑯𐑽𐑦	pɪˈkjuːnɪəri	
pedagogy	𐑐𐑧𐑛𐑩𐑜𐑴𐑡𐑦	ˈpedəˌɡoʊdʒi	RRP	89	𐑐𐑧𐑛𐑩𐑜𐑪𐑡𐑦	ˈpedəɡɒdʒi	
pedantic	𐑐𐑩𐑛𐑨𐑯𐑑𐑦𐑒	pəˈdæntɪk	RRP	89	𐑐𐑦𐑛𐑨𐑯𐑑𐑦𐑒	pɪˈdæntɪk	
pederast	𐑐𐑧𐑛𐑧𐑮𐑼𐑕𐑑	pederəRst	RRP	89	𐑐𐑧𐑛𐑼𐑨𐑕𐑑	ˈpedəræst	
pederasty	𐑐𐑧𐑛𐑼𐑼𐑕𐑑𐑦	pedərəRsti	RRP	89	𐑐𐑧𐑛𐑼𐑨𐑕𐑑𐑦	ˈpedəræsti	
pedestrian	𐑐𐑩𐑛𐑧𐑕𐑑𐑮𐑦𐑩𐑯	pədestriən	RRP	89	𐑐𐑦𐑛𐑧𐑕𐑑𐑮𐑾𐑯	pɪˈdestrɪən	
pedigree	𐑐𐑧𐑛𐑦𐑜𐑮𐑦	pedɪɡri	RRP	89	𐑐𐑧𐑛𐑦𐑜𐑮𐑰	ˈpedɪɡriː	
pedometer	𐑐𐑦𐑛𐑪𐑥𐑼𐑑𐑼	pɪdɒməRtəR	RRP	89	𐑐𐑦𐑛𐑪𐑥𐑦𐑑𐑼	pɪˈdɒmɪtəR	
pedophilia	𐑐𐑰𐑛𐑩𐑓𐑦𐑤𐑦𐑩	ˌpiːdəˈfɪliə	RRP	89	𐑐𐑰𐑛𐑴𐑓𐑦𐑤𐑾	ˌpiːdəʊˈfɪliə	
pelisse	𐑐𐑩𐑤𐑰𐑕	pəˈliːs	RRP	89	𐑐𐑧𐑤𐑰𐑕	peˈliːs	
pell-mell	𐑐𐑧𐑤𐑥𐑧𐑤	ˈpelˈmel	RRP	89	𐑐𐑧𐑤-𐑥𐑧𐑤	ˌpel-ˈmel	
pellet	𐑐𐑧𐑤𐑦𐑑	ˈpelɪt	RRP	89	𐑐𐑧𐑤𐑩𐑑	ˈpelət	
pellucid	𐑐𐑩𐑤𐑵𐑕𐑩𐑛	pəˈluːsƏd	RRP	89	𐑐𐑩𐑤𐑵𐑕𐑦𐑛	pəˈluːsɪd	
penchant	𐑐𐑪𐑯𐑖𐑪𐑯	ˈpɒnʃɒn	RRP	89	𐑐𐑭𐑯𐑖𐑭𐑯	ˈpɑːnʃɑːn	
pendant	𐑐𐑧𐑯𐑛𐑯𐑑	ˈpendnt	RRP	89	𐑐𐑧𐑯𐑛𐑩𐑯𐑑	ˈpendənt	
penetrable	𐑐𐑧𐑯𐑩𐑑𐑮𐑩𐑚𐑩𐑤	penətrəbəl	RRP	89	𐑐𐑧𐑯𐑦𐑑𐑮𐑩𐑚𐑩𐑤	ˈpenɪtrəbəl	
penetration	𐑐𐑧𐑯𐑦𐑑𐑮𐑱𐑖𐑯	penɪtreɪʃn	RRP	89	𐑐𐑧𐑯𐑦𐑑𐑮𐑱𐑖𐑩𐑯	ˌpenɪˈtreɪʃən	
pension	𐑐𐑧𐑯𐑖𐑯	ˈpenʃn	RRP	89	𐑐𐑧𐑯𐑖𐑩𐑯, 𐑐𐑪𐑯𐑕𐑦𐑪𐑯	ˈpenʃən	
pent-up	𐑐𐑧𐑯𐑑 𐑳𐑐	pent ʌp	RRP	89	𐑐𐑧𐑯𐑑-𐑳𐑐	ˌpent-ˈʌp	
pentagon	𐑐𐑧𐑯𐑑𐑩𐑜𐑩𐑯	ˈpentəɡən	RRP	89	𐑐𐑧𐑯𐑑𐑩𐑜𐑪𐑯	ˈpentəɡɒn	
penthouse	𐑐𐑧𐑯𐑑𐑬𐑕	ˈpentaʊs	RRP	89	𐑐𐑧𐑯𐑑𐑣𐑬𐑕	ˈpenthaʊs	
penultimate	𐑐𐑦𐑯𐑳𐑤𐑑𐑦𐑥𐑩𐑑	pɪˈnʌltɪmət	RRP	89	𐑐𐑧𐑯𐑳𐑤𐑑𐑦𐑥𐑩𐑑	penˈʌltɪmət	
penumbra	𐑐𐑩𐑯𐑳𐑥𐑚𐑮𐑩	pənʌmbrə	RRP	89	𐑐𐑦𐑯𐑳𐑥𐑚𐑮𐑩	pɪˈnʌmbrə	
penury	𐑐𐑧𐑯𐑘𐑼𐑦	penjəri	RRP	89	𐑐𐑧𐑯𐑘𐑫𐑼𐑦	ˈpenjʊəri	
peon	𐑐𐑰𐑩𐑯	ˈpiːən	RRP	89	𐑐𐑾𐑯	piːən	
peonage	𐑐𐑰𐑩𐑯𐑦𐑡	ˈpiːənɪdʒ	RRP	89	𐑐𐑾𐑯𐑦𐑡	ˈpiːənɪdʒ	
peony	𐑐𐑰𐑩𐑯𐑦	ˈpiːəni	RRP	89	𐑐𐑾𐑯𐑦	ˈpiːəni	
perceptible	𐑐𐑼𐑕𐑧𐑐𐑑𐑦𐑚𐑩𐑤	pəRseptɪbəl	RRP	89	𐑐𐑼𐑕𐑧𐑐𐑑𐑩𐑚𐑩𐑤	pəRˈseptəbəl	
perception	𐑐𐑼𐑕𐑧𐑐𐑖𐑯	pəRsepʃn	RRP	89	𐑐𐑼𐑕𐑧𐑐𐑖𐑩𐑯	pəRˈsepʃən	
perchance	𐑐𐑻𐑗𐑭𐑯𐑕	pɜːRtʃɑːns	RRP	89	𐑐𐑼𐑗𐑨𐑯𐑕, 𐑐𐑼𐑗𐑭𐑯𐑕	pəRˈtʃⱭːns	
perdition	𐑐𐑻𐑛𐑦𐑖𐑩𐑯	pɜːRdɪʃən	RRP	89	𐑐𐑼𐑛𐑦𐑖𐑩𐑯	pəRˈdɪʃən	
peremptorily	𐑐𐑼𐑧𐑥𐑐𐑑𐑮𐑼𐑤𐑦	pəremptrəRli	RRP	89	𐑐𐑼𐑧𐑥𐑐𐑑𐑼𐑩𐑤𐑦	pəˈremptərəli	
perennial	𐑐𐑼𐑧𐑯𐑦𐑩𐑤	pəreniəl	RRP	89	𐑐𐑼𐑧𐑯𐑾𐑤	pəˈrenɪəl	
perfidious	𐑐𐑼𐑓𐑦𐑛𐑦𐑩𐑕	pəRfɪdiəs	RRP	89	𐑐𐑼𐑓𐑦𐑛𐑾𐑕	pəRˈfɪdɪəs	
performance	𐑐𐑼𐑓𐑷𐑮𐑥𐑩𐑯𐑕	pərfɔrməns	RRP	89	𐑐𐑼𐑓𐑹𐑥𐑩𐑯𐑕	pəRˈfɔːRməns	
perfumer	𐑐𐑼𐑓𐑿𐑥𐑼	pəRfjuːməR	RRP	89	𐑐𐑻𐑓𐑿𐑥𐑼	ˈpɜːRfjuːməR	
perfunctorily	𐑐𐑼𐑓𐑳𐑙𐑒𐑑𐑮𐑦𐑤𐑦	pərfʌŋktrɪli	RRP	89	𐑐𐑼𐑓𐑳𐑙𐑒𐑑𐑼𐑦𐑤𐑦	pəRˈfʌŋktərɪli	
perfunctory	𐑐𐑼𐑓𐑳𐑙𐑒𐑑𐑮𐑦	pəRfʌŋktrɪ	RRP	89	𐑐𐑼𐑓𐑳𐑙𐑒𐑑𐑼𐑦	pəRˈfʌŋktəri	
peril	𐑐𐑧𐑮𐑦𐑤	perɪl	RRP	89	𐑐𐑧𐑮𐑩𐑤	ˈperəl	
perilous	𐑐𐑧𐑮𐑦𐑤𐑩𐑕	perɪləs	RRP	89	𐑐𐑧𐑮𐑩𐑤𐑩𐑕	ˈperələs	
periodic	𐑐𐑦𐑮𐑦𐑪𐑛𐑦𐑒	pɪriɒdɪk	RRP	89	𐑐𐑽𐑦𐑪𐑛𐑦𐑒	ˌpɪərɪˈɒdɪk	
peripheral	𐑐𐑼𐑦𐑓𐑮𐑤	pərɪfrl	RRP	89	𐑐𐑼𐑦𐑓𐑼𐑩𐑤	pəˈrɪfərəl	
perjurer	𐑐𐑼𐑡𐑼𐑼	pərdʒərər	RRP	89	𐑐𐑻𐑡𐑼𐑼	ˈpɜːRdʒərəR	
permeability	𐑐𐑻𐑥𐑦𐑩𐑚𐑦𐑤𐑦𐑑𐑦	pɜːRmiəbɪlɪti	RRP	89	𐑐𐑻𐑥𐑾𐑚𐑦𐑤𐑦𐑑𐑦	ˌpɜːRmɪəˈbɪlɪti	
permeable	𐑐𐑻𐑥𐑦𐑩𐑚𐑩𐑤	pɜːRmiəbəl	RRP	89	𐑐𐑻𐑥𐑾𐑚𐑩𐑤	ˈpɜːRmɪəbəl	
pernickety	𐑐𐑻𐑯𐑦𐑒𐑦𐑑𐑦	pɜːRnɪkɪti	RRP	89	𐑐𐑼𐑯𐑦𐑒𐑩𐑑𐑦	pəRˈnɪkəti	
peroration	𐑐𐑧𐑮𐑪𐑮𐑱𐑖𐑩𐑯	perɒreɪʃən	RRP	89	𐑐𐑧𐑮𐑼𐑱𐑖𐑩𐑯	ˌperəˈreɪʃən	
perpendicular	𐑐𐑻𐑐𐑼𐑯𐑛𐑦𐑒𐑘𐑼𐑤𐑼	pɜːRpəRndɪkjəRləR	RRP	89	𐑐𐑻𐑐𐑩𐑯𐑛𐑦𐑒𐑘𐑩𐑤𐑼	ˌpɜːRpənˈdɪkjələR	
perpetrator	𐑐𐑻𐑐𐑦𐑑𐑮𐑱𐑑𐑼	pɜːRpɪtreɪtəR	RRP	89	𐑐𐑻𐑐𐑩𐑑𐑮𐑱𐑑𐑼	ˈpɜːRpətreɪtəR	
perpetual	𐑐𐑼𐑐𐑧𐑗𐑫𐑼𐑤	pəRpetʃʊəRl	RRP	89	𐑐𐑼𐑐𐑧𐑗𐑫𐑩𐑤	pəRˈpetʃuəl	
perpetually	𐑐𐑼𐑐𐑧𐑗𐑫𐑼𐑤𐑦	pəRpetʃʊəRli	RRP	89	𐑐𐑼𐑐𐑧𐑗𐑫𐑩𐑤𐑦	pəRˈpetʃuəli	
perpetuate	𐑐𐑼𐑐𐑧𐑑𐑘𐑫𐑱𐑑	pəRpetjueɪt	RRP	89	𐑐𐑼𐑐𐑧𐑗𐑫𐑱𐑑	pəRˈpetʃueɪt	
persecution	𐑐𐑻𐑕𐑩𐑒𐑿𐑖𐑩𐑯	pɜːRsəkjuːʃən	RRP	89	𐑐𐑻𐑕𐑦𐑒𐑿𐑖𐑩𐑯	ˌpɜːRsɪˈkjuːʃən	
perseverance	𐑐𐑻𐑕𐑼𐑝𐑽𐑼𐑯𐑕	pɜːRsəRvɪərəRns	RRP	89	𐑐𐑻𐑕𐑩𐑝𐑽𐑩𐑯𐑕	ˌpɜːRsəˈvɪərəns	
persimmon	𐑐𐑻𐑕𐑦𐑥𐑩𐑯	pɜːRsɪmən	RRP	89	𐑐𐑼𐑕𐑦𐑥𐑩𐑯	pəRˈsɪmən	
persistence	𐑐𐑼𐑕𐑦𐑕𐑑𐑯𐑕	pəRsɪstns	RRP	89	𐑐𐑼𐑕𐑦𐑕𐑑𐑩𐑯𐑕	pəRˈsɪstəns	
persona	𐑐𐑻𐑕𐑴𐑯𐑩	pɜːRsəʊnə	RRP	89	𐑐𐑼𐑕𐑴𐑯𐑩	pəRˈsəʊnə	
personality	𐑐𐑻𐑕𐑩𐑯𐑨𐑤𐑩𐑑𐑦	pɜːRsənælətɪ	RRP	89	𐑐𐑻𐑕𐑩𐑯𐑨𐑤𐑦𐑑𐑦	ˌpɜːRsəˈnælɪti	
personally	𐑐𐑻𐑕𐑯𐑩𐑤𐑦	pɜːRsnəli	RRP	89	𐑐𐑻𐑕𐑩𐑯𐑩𐑤𐑦	ˈpɜːRsənəli	
perspicacity	𐑐𐑻𐑕𐑐𐑦𐑒𐑨𐑕𐑩𐑑𐑰	pɜːRspɪkæsətiː	RRP	89	𐑐𐑻𐑕𐑐𐑦𐑒𐑨𐑕𐑦𐑑𐑦	ˌpɜːRspɪˈkæsɪti	
perspicuous	𐑐𐑼𐑕𐑐𐑦𐑒𐑿𐑩𐑕	pəRspɪkjuːəs	RRP	89	𐑐𐑼𐑕𐑐𐑦𐑒𐑘𐑫𐑩𐑕	pəRˈspɪkjuəs	
persuasion	𐑐𐑼𐑕𐑢𐑱𐑠𐑯	pəRsweɪʒn	RRP	89	𐑐𐑼𐑕𐑢𐑱𐑠𐑩𐑯	pəRˈsweɪʒən	
pertinaciously	𐑐𐑻𐑑𐑩𐑯𐑱𐑖𐑩𐑕𐑤𐑦	pɜːRtəneɪʃəsli	RRP	89	𐑐𐑻𐑑𐑦𐑯𐑱𐑖𐑩𐑕𐑤𐑦	ˌpɜːRtɪˈneɪʃəsli	
peruvian	𐑐𐑼𐑵𐑝𐑦𐑩𐑯	pəruːviən	RRP	89	𐑐𐑼𐑵𐑝𐑾𐑯	pəˈruːvɪən	
pervade	𐑐𐑻𐑝𐑱𐑛	pɜːRveɪd	RRP	89	𐑐𐑼𐑝𐑱𐑛	pəRˈveɪd	
pessimistic	𐑐𐑧𐑕𐑩𐑥𐑦𐑕𐑑𐑦𐑒	ˌpesəˈmɪstɪk	RRP	89	𐑐𐑧𐑕𐑦𐑥𐑦𐑕𐑑𐑦𐑒	ˌpesɪˈmɪstɪk	
pestiferous	𐑐𐑧𐑕𐑑𐑦𐑓𐑼𐑼𐑕	pestɪfərəRs	RRP	89	𐑐𐑧𐑕𐑑𐑦𐑓𐑼𐑩𐑕	peˈstɪfərəs	
pestilence	𐑐𐑧𐑕𐑑𐑩𐑤𐑩𐑯𐑕	ˈpestələns	RRP	89	𐑐𐑧𐑕𐑑𐑦𐑤𐑩𐑯𐑕	ˈpestɪləns	
pestilent	𐑐𐑧𐑕𐑑𐑩𐑤𐑩𐑯𐑑	ˈpestələnt	RRP	89	𐑐𐑧𐑕𐑑𐑦𐑤𐑩𐑯𐑑	ˈpestɪlənt	
petrify	𐑐𐑧𐑑𐑮𐑩𐑓𐑲	petrəfaɪ	RRP	89	𐑐𐑧𐑑𐑮𐑦𐑓𐑲	ˈpetrɪfaɪ	
petroleum	𐑐𐑩𐑑𐑮𐑴𐑤𐑦𐑩𐑥	pətroʊliəm	RRP	89	𐑐𐑩𐑑𐑮𐑴𐑤𐑾𐑥	pəˈtrəʊlɪəm	
petrology	𐑐𐑧𐑑𐑮𐑪𐑤𐑩𐑡𐑦	petrɒlədʒi	RRP	89	𐑐𐑩𐑑𐑮𐑪𐑤𐑩𐑡𐑦	pəˈtrɒlədʒi	
petulant	𐑐𐑧𐑗𐑩𐑤𐑩𐑯𐑑	ˈpetʃələnt	RRP	89	𐑐𐑧𐑑𐑘𐑩𐑤𐑩𐑯𐑑	ˈpetjələnt	
petunia	𐑐𐑩𐑑𐑵𐑯𐑘𐑩	pəˈtuːnjə	RRP	89	𐑐𐑩𐑑𐑵𐑯𐑾, 𐑐𐑩𐑑𐑿𐑯𐑾	pəˈtjuːnɪə	
peyote	𐑐𐑱𐑘𐑴𐑑𐑦	peɪˈjoʊti	RRP	89	𐑐𐑱𐑴𐑑𐑦	peɪˈəʊti	
pfennig	𐑐𐑓𐑧𐑯𐑦𐑜	ˈpfenɪɡ	RRP	89	𐑓𐑧𐑯𐑦𐑜	ˈfenɪɡ	
phalanx	𐑓𐑱𐑤𐑨𐑙𐑒𐑕	ˈfeɪˌlæŋks	RRP	89	𐑓𐑨𐑤𐑨𐑙𐑒𐑕	ˈfælæŋks	
phantasmagoria	𐑓𐑨𐑯𐑑𐑨𐑟𐑥𐑼𐑜𐑪𐑮𐑦𐑩	fæntæzməRɡɒriə	RRP	89	𐑓𐑨𐑯𐑑𐑨𐑟𐑥𐑩𐑜𐑪𐑮𐑾	ˌfæntæzməˈɡɒrɪə	
pharisaic	𐑓𐑧𐑮𐑦𐑕𐑱𐑘𐑦𐑒	ferɪseɪjɪk	RRP	89	𐑓𐑨𐑮𐑦𐑕𐑱𐑦𐑒	ˌfærɪˈseɪɪk	
pharisaical	𐑓𐑨𐑮𐑦𐑕𐑱𐑒𐑤	farɪseɪkl	RRP	89	𐑓𐑨𐑮𐑦𐑕𐑱𐑦𐑒𐑩𐑤	ˌfærɪˈseɪɪkəl	
pharisee	𐑓𐑧𐑮𐑦𐑕𐑰	ferɪsiː	RRP	89	𐑓𐑨𐑮𐑦𐑕𐑰	ˈfærɪsiː	
pharmaceutical	𐑓𐑸𐑥𐑼𐑕𐑵𐑑𐑦𐑒𐑩𐑤	fɑːRməRsuːtɪkəl	RRP	89	𐑓𐑸𐑥𐑩𐑕𐑵𐑑𐑦𐑒𐑩𐑤	ˌfɑːRməˈsuːtɪkəl	
pharmacopoeia	𐑓𐑸𐑥𐑼𐑒𐑩𐑐𐑰𐑩	fɑːRməRkəpiːə	RRP	89	𐑓𐑸𐑥𐑩𐑒𐑴𐑐𐑾	ˌfɑːRməkəʊˈpiːə	
pharmacy	𐑓𐑸𐑥𐑼𐑕𐑦	fɑːRməRsi	RRP	89	𐑓𐑸𐑥𐑩𐑕𐑦	ˈfɑːRməsi	
phenol	𐑓𐑰𐑯𐑩𐑤	ˈfiːnəl	RRP	89	𐑓𐑰𐑯𐑪𐑤	ˈfiːnɒl	
phenomenon	𐑓𐑦𐑯𐑪𐑥𐑩𐑯𐑪𐑯	fɪˈnɒmənɒn	RRP	89	𐑓𐑦𐑯𐑪𐑥𐑦𐑯𐑩𐑯	fɪˈnɒmɪnən	
phenotype	𐑓𐑰𐑯𐑩𐑑𐑲𐑐	ˈfiːnəˌtaɪp	RRP	89	𐑓𐑰𐑯𐑴𐑑𐑲𐑐	ˈfiːnəʊtaɪp	
philanthropy	𐑓𐑦𐑤𐑨𐑯𐑔𐑮𐑩𐑐𐑰	fɪlænθrəpiː	RRP	89	𐑓𐑦𐑤𐑨𐑯𐑔𐑮𐑩𐑐𐑦	fɪˈlænθrəpi	
philatelist	𐑓𐑦𐑤𐑨𐑑𐑩𐑤𐑦𐑕𐑑	fɪˈlætəlɪst	RRP	89	𐑓𐑰𐑤𐑨𐑑𐑩𐑤𐑦𐑕𐑑	fiːˈlætəlɪst	
philharmonic	𐑓𐑦𐑤𐑣𐑸𐑥𐑪𐑯𐑦𐑒	fɪlhɑːRmɒnɪk	RRP	89	𐑓𐑦𐑤𐑼𐑥𐑪𐑯𐑦𐑒	ˌfɪləRˈmɒnɪk	
philippines	𐑓𐑦𐑤𐑦𐑐𐑦𐑯𐑟	ˈfɪlɪpinz	RRP	89	𐑓𐑦𐑤𐑦𐑐𐑰𐑯𐑟	ˈfɪlɪpiːnz	
phobia	𐑓𐑴𐑚𐑦𐑩	ˈfəʊbiə	RRP	89	𐑓𐑴𐑚𐑾	ˈfəʊbɪə	
phonemics	𐑓𐑩𐑯𐑧𐑥𐑦𐑒𐑕	fəˈnemɪks	RRP	89	𐑓𐑩𐑯𐑰𐑥𐑦𐑒𐑕	fəˈniːmɪks	
phonetician	𐑓𐑴𐑯𐑦𐑑𐑦𐑖𐑯	ˌfəʊnɪˈtɪʃn	RRP	89	𐑓𐑴𐑯𐑩𐑑𐑦𐑖𐑩𐑯	ˌfəʊnəˈtɪʃən	
phosgene	𐑓𐑪𐑕𐑡𐑰𐑯	ˈfɒsdʒiːn	RRP	89	𐑓𐑪𐑟𐑡𐑰𐑯	ˈfɒzdʒiːn	
phosphorus	𐑓𐑪𐑕𐑓𐑼𐑼𐑕	fɒsfərəRs	RRP	89	𐑓𐑪𐑕𐑓𐑼𐑩𐑕	ˈfɒsfərəs	
phthisis	𐑑𐑲𐑕𐑦𐑕	ˈtaɪsɪs	RRP	89	𐑔𐑲𐑕𐑦𐑕	ˈθaɪsɪs	
pianist	𐑐𐑦𐑩𐑯𐑦𐑕𐑑	ˈpiənɪst	RRP	89	𐑐𐑾𐑯𐑦𐑕𐑑	ˈpɪənɪst	
pickerel	𐑐𐑦𐑒𐑮𐑼𐑤	pɪkrəRl	RRP	89	𐑐𐑦𐑒𐑼𐑩𐑤	ˈpɪkərəl	
picket	𐑐𐑦𐑒𐑦𐑑	ˈpɪkɪt	RRP	89	𐑐𐑦𐑒𐑩𐑑	ˈpɪkIt	
pictorial	𐑐𐑦𐑒𐑑𐑷𐑮𐑦𐑩𐑤	pɪktɔriəl	RRP	89	𐑐𐑦𐑒𐑑𐑹𐑾𐑤	pɪkˈtɔːrɪəl	
picturesquely	𐑐𐑦𐑒𐑑𐑘𐑩𐑼𐑧𐑕𐑒𐑤𐑦	pɪktjəəreskli	RRP	89	𐑐𐑦𐑒𐑗𐑼𐑧𐑕𐑒𐑤𐑦	ˌpɪktʃəˈreskli	
piddle	𐑐𐑦𐑛𐑤	ˈpɪdl	RRP	89	𐑐𐑦𐑛𐑩𐑤	ˈpɪdəl	
piddling	𐑐𐑦𐑛𐑩𐑤𐑦𐑙	ˈpɪdəlɪŋ	RRP	89	𐑐𐑦𐑛𐑤𐑦𐑙	ˈpɪdlɪŋ	
piety	𐑐𐑲𐑦𐑑𐑦	ˈpaɪɪti	RRP	89	𐑐𐑲𐑩𐑑𐑦	ˈpaɪəti	
piezoelectricity	𐑐𐑳𐑦𐑰𐑟𐑴𐑦𐑤𐑧𐑒𐑑𐑮𐑦𐑕𐑦𐑑𐑦	pʌɪiːzəʊɪlektrɪsɪti	RRP	89	𐑐𐑰𐑟𐑴𐑦𐑤𐑧𐑒𐑑𐑮𐑦𐑕𐑦𐑑𐑦	ˌpiːzəʊɪlekˈtrɪsɪti	
pilferage	𐑐𐑦𐑤𐑓𐑮𐑦𐑡	pɪlfrɪdʒ	RRP	89	𐑐𐑦𐑤𐑓𐑼𐑦𐑡	ˈpɪlfərɪdʒ	
pillbox	𐑐𐑦𐑤 𐑚𐑪𐑒𐑕	ˈpɪl bɒks	RRP	89	𐑐𐑦𐑤𐑚𐑪𐑒𐑕	ˈpɪlbɒks	
pillion	𐑐𐑦𐑤𐑦𐑘𐑩𐑯	ˈpɪlɪjən	RRP	89	𐑐𐑦𐑤𐑾𐑯	ˈpɪlɪən	
pimple	𐑐𐑦𐑥𐑐𐑤	ˈpɪmpl	RRP	89	𐑐𐑦𐑥𐑐𐑩𐑤	ˈpɪmpəl	
pinafore	𐑐𐑦𐑯𐑼𐑓𐑷	pɪnəRfɔ	RRP	89	𐑐𐑦𐑯𐑩𐑓𐑹	ˈpɪnəfɔːR	
pince-nez	𐑐𐑨𐑯𐑕𐑯𐑱	pænsˈneɪ	RRP	89	𐑐𐑨𐑯𐑕-𐑯𐑱	ˈpæns-neɪ	
pineal	𐑐𐑦𐑯𐑾𐑤	ˈpɪnɪəl	RRP	89	𐑐𐑲𐑯𐑾𐑤	ˈpaɪnɪəl	
pinnate	𐑐𐑦𐑯𐑯𐑱𐑑	pɪnˈneɪt	RRP	89	𐑐𐑦𐑯𐑱𐑑	ˈpɪneɪt	
pion	𐑐𐑲𐑪𐑯	ˈpaɪɒn	RRP	89	𐑐𐑲𐑩𐑯	ˈpaɪən	
pioneer	𐑐𐑲𐑼𐑯𐑽	paɪəRnɪər	RRP	89	𐑐𐑲𐑩𐑯𐑽	ˌpaɪəˈnɪəR	
piquant	𐑐𐑰𐑒𐑩𐑯𐑑	ˈpiːkənt	RRP	89	𐑐𐑰𐑒𐑭𐑯𐑑	ˈpiːkɑːnt	
pique	𐑐𐑰𐑒𐑱	ˈpiːkeɪ	RRP	89	𐑐𐑰𐑒	piːk	
piracy	𐑐𐑲𐑮𐑼𐑕𐑦	paɪrəRsi	RRP	89	𐑐𐑲𐑮𐑩𐑕𐑦	ˈpaɪrəsi	
pirate	𐑐𐑲𐑮𐑦𐑑	paɪrɪt	RRP	89	𐑐𐑲𐑮𐑩𐑑	ˈpaɪrət	
pirouette	𐑐𐑦𐑮𐑫𐑧𐑑	pɪrʊet	RRP	89	𐑐𐑦𐑮𐑵𐑧𐑑	ˌpɪruːˈet	
pitchfork	𐑐𐑦𐑗𐑓𐑷𐑮𐑒	pɪtʃfɔrk	RRP	89	𐑐𐑦𐑗𐑓𐑹𐑒	ˈpɪtʃfɔːRk	
pitiable	𐑐𐑦𐑑𐑦𐑩𐑚𐑩𐑤	ˈpɪtiəbəl	RRP	89	𐑐𐑦𐑑𐑾𐑚𐑩𐑤	ˈpɪtɪəbəl	
pituitary	𐑐𐑦𐑑𐑿𐑦𐑑𐑮𐑦	pɪtjuːɪtri	RRP	89	𐑐𐑦𐑑𐑵𐑦𐑑𐑼𐑦, 𐑐𐑦𐑑𐑿𐑦𐑑𐑼𐑦	pɪˈtjuːɪtəri	
placeman	𐑐𐑤𐑱𐑕𐑥𐑨𐑯	ˈpleɪsman	RRP	89	𐑐𐑤𐑱𐑕𐑥𐑩𐑯	ˈpleɪsmən	
placid	𐑐𐑤𐑨𐑕𐑩𐑛	ˈplæsƏd	RRP	89	𐑐𐑤𐑨𐑕𐑦𐑛	ˈplæsɪd	
placidity	𐑐𐑤𐑩𐑕𐑦𐑛𐑩𐑑𐑦	pləˈsɪdəti	RRP	89	𐑐𐑤𐑩𐑕𐑦𐑛𐑦𐑑𐑦	pləˈsɪdɪti	
plagiarism	𐑐𐑤𐑱𐑡𐑼𐑦𐑟𐑥	pleɪdʒərɪzm	RRP	89	𐑐𐑤𐑱𐑡𐑼𐑦𐑟𐑩𐑥	ˈpleɪdʒərɪzəm	
plait	𐑐𐑤𐑱𐑑	pleɪt	RRP	89	𐑐𐑤𐑨𐑑	plæt	
planet	𐑐𐑤𐑨𐑯𐑦𐑑	ˈplænɪt	RRP	89	𐑐𐑤𐑨𐑯𐑩𐑑	ˈplænIt	
planetarium	𐑐𐑤𐑨𐑯𐑦𐑑𐑻𐑾𐑥	plænɪtɜːrɪəm	RRP	89	𐑐𐑤𐑨𐑯𐑩𐑑𐑺𐑾𐑥	ˌplænIˈteərɪəm	
planetary	𐑐𐑤𐑨𐑯𐑼𐑑𐑧𐑮𐑦	plænəRteri	RRP	89	𐑐𐑤𐑨𐑯𐑩𐑑𐑼𐑦	ˈplænItəri	
platinum	𐑐𐑤𐑨𐑑𐑯𐑩𐑥	ˈplætnəm	RRP	89	𐑐𐑤𐑨𐑑𐑦𐑯𐑩𐑥	ˈplætɪnəm	
platypus	𐑐𐑤𐑨𐑑𐑦𐑐𐑩𐑕	ˈplætɪpəs	RRP	89	𐑐𐑤𐑨𐑑𐑦𐑐𐑫𐑕	ˈplætɪpʊs	
pleasurable	𐑐𐑤𐑧𐑠𐑼𐑼𐑚𐑩𐑤	pleʒərəRbəl	RRP	89	𐑐𐑤𐑧𐑠𐑼𐑩𐑚𐑩𐑤	ˈpleʒərəbəl	
plebeian	𐑐𐑤𐑦𐑚𐑰𐑩𐑯	pliˈbiːən	RRP	89	𐑐𐑤𐑦𐑚𐑾𐑯	plɪˈbiːən	
plenipotentiary	𐑐𐑤𐑧𐑯𐑦𐑐𐑴𐑑𐑧𐑯𐑖𐑼𐑦	plenɪpəʊtenʃəri	RRP	89	𐑐𐑤𐑧𐑯𐑦𐑐𐑩𐑑𐑧𐑯𐑖𐑼𐑦	ˌplenɪpəˈtenʃəri	
plenteous	𐑐𐑤𐑧𐑯𐑑𐑦𐑩𐑕	ˈplentiəs	RRP	89	𐑐𐑤𐑧𐑯𐑑𐑾𐑕	ˈplentɪəs	
pleonasm	𐑐𐑤𐑰𐑩𐑯𐑨𐑟𐑩𐑥	ˈpliːənæzəm	RRP	89	𐑐𐑤𐑾𐑯𐑨𐑟𐑩𐑥	ˈplɪənæzəm	
plesiosaur	𐑐𐑤𐑰𐑕𐑦𐑩𐑕𐑹	pliːsiəsɔːr	RRP	89	𐑐𐑤𐑰𐑕𐑦𐑴𐑕𐑹	ˈpliːsiəʊsɔːR	
pleurisy	𐑐𐑤𐑫𐑼𐑦𐑕𐑦	plʊərɪsi	RRP	89	𐑐𐑤𐑫𐑼𐑩𐑕𐑦	ˈplʊərəsi	
plug-in	𐑐𐑤𐑳𐑜𐑦𐑯	ˈplʌɡɪn	RRP	89	𐑐𐑤𐑳𐑜-𐑦𐑯	ˈplʌɡ-ɪn	
pluperfect	𐑐𐑤𐑵𐑐𐑻𐑓𐑧𐑒𐑑	pluːpɜːRfekt	RRP	89	𐑐𐑤𐑵𐑐𐑻𐑓𐑦𐑒𐑑	ˌpluːˈpɜːRfɪkt	
plural	𐑐𐑤𐑫𐑼𐑼𐑤	plʊərəRl	RRP	89	𐑐𐑤𐑫𐑼𐑩𐑤	ˈplʊərəl	
plutonium	𐑐𐑤𐑵𐑑𐑴𐑯𐑦𐑩𐑥	pluːˈtoʊniəm	RRP	89	𐑐𐑤𐑵𐑑𐑴𐑯𐑾𐑥	pluːˈtəʊnɪəm	
pm	𐑐𐑰 𐑧𐑥	ˌpiː ˈem	RRP	89	𐑐𐑰𐑧𐑥	ˌpiːˈem	
pneumatic	𐑯𐑫𐑥𐑨𐑑𐑦𐑒	nʊˈmætɪk	RRP	89	𐑯𐑵𐑥𐑨𐑑𐑦𐑒, 𐑯𐑿𐑥𐑨𐑑𐑦𐑒	njuːˈmætɪk	
pneumonia	𐑯𐑘𐑫𐑥𐑴𐑯𐑦𐑩	njuˈməʊniə	RRP	89	𐑯𐑵𐑥𐑴𐑯𐑾, 𐑯𐑿𐑥𐑴𐑯𐑾	njuːˈməʊnɪə	
podium	𐑐𐑴𐑛𐑰𐑳𐑥	ˈpəʊdiːʌm	RRP	89	𐑐𐑴𐑛𐑾𐑥	ˈpəʊdɪəm	
poem	𐑐𐑴𐑦𐑥	ˈpəʊɪm	RRP	89	𐑐𐑴𐑩𐑥	ˈpəʊəm	
poesy	𐑐𐑴𐑦𐑟𐑦	ˈpəʊɪzi	RRP	89	𐑐𐑴𐑩𐑟𐑦	ˈpəʊəzi	
poet	𐑐𐑴𐑦𐑑	ˈpəʊɪt	RRP	89	𐑐𐑴𐑩𐑑	ˈpəʊət	
poetess	𐑐𐑴𐑦𐑑𐑧𐑕	ˌpəʊɪˈtes	RRP	89	𐑐𐑴𐑩𐑑𐑧𐑕	ˈpəʊətes	
poetry	𐑐𐑴𐑦𐑑𐑮𐑦	pəʊɪtri	RRP	89	𐑐𐑴𐑩𐑑𐑮𐑦	ˈpəʊətri	
poison	𐑐𐑶𐑟𐑯	ˈpɔɪzn	RRP	89	𐑐𐑶𐑟𐑩𐑯	ˈpɔɪzən	
poke	𐑐𐑴𐑒𐑱	ˈpoʊkeɪ	RRP	89	𐑐𐑴𐑒	pəʊk	
polarity	𐑐𐑼𐑤𐑨𐑮𐑦𐑑𐑦	pəRlærɪti	RRP	89	𐑐𐑩𐑤𐑨𐑮𐑦𐑑𐑦	pəˈlærɪti	
polarization	𐑐𐑴𐑤𐑼𐑦𐑟𐑱𐑖𐑩𐑯	poʊlərɪzeɪʃən	RRP	89	𐑐𐑴𐑤𐑼𐑲𐑟𐑱𐑖𐑩𐑯	ˌpəʊləraɪˈzeɪʃən	
polio	𐑐𐑴𐑤𐑘𐑴	ˈpəʊljəʊ	RRP	89	𐑐𐑴𐑤𐑦𐑴	ˈpəʊliəʊ	
poliomyelitis	𐑐𐑪𐑤𐑾𐑫𐑥𐑲𐑩𐑤𐑲𐑑𐑦𐑕	ˌpɒlɪəʊmaɪəˈlaɪtɪs	RRP	89	𐑐𐑴𐑤𐑦𐑴𐑥𐑲𐑩𐑤𐑲𐑑𐑦𐑕	ˌpəʊliəʊˌmaɪəˈlaɪtɪs	
politics	𐑐𐑪𐑤𐑦𐑑𐑦𐑒𐑕	ˈpɒlɪtɪks	RRP	89	𐑐𐑪𐑤𐑩𐑑𐑦𐑒𐑕	ˈpɒlətɪks	
polo-neck	𐑐𐑴𐑤𐑴 𐑯𐑧𐑒	ˈpəʊləʊ ˌnek	RRP	89	𐑐𐑴𐑤𐑴-𐑯𐑧𐑒	ˈpəʊləʊ-nek	
polyglot	𐑐𐑪𐑤𐑰𐑜𐑤𐑪𐑑	ˈpɒliːɡlɒt	RRP	89	𐑐𐑪𐑤𐑦𐑜𐑤𐑪𐑑	ˈpɒlɪɡlɒt	
polygon	𐑐𐑪𐑤𐑦𐑜𐑩𐑯	ˈpɒlɪɡən	RRP	89	𐑐𐑪𐑤𐑦𐑜𐑪𐑯	ˈpɒlɪɡɒn	
polymorphism	𐑐𐑪𐑤𐑦𐑥𐑹𐑓𐑦𐑟𐑥	pɒlɪmɔːRfɪzm	RRP	89	𐑐𐑪𐑤𐑦𐑥𐑹𐑓𐑦𐑟𐑩𐑥	ˌpɒliˈmɔːRfɪzəm	
pomegranate	𐑐𐑪𐑥𐑦𐑜𐑮𐑨𐑯𐑦𐑑	pɒmɪɡrænɪt	RRP	89	𐑐𐑪𐑥𐑦𐑜𐑮𐑨𐑯𐑩𐑑	ˈpɒmɪɡrænət	
pomelo	𐑐𐑪𐑥𐑦𐑤𐑴	ˈpɒmɪləʊ	RRP	89	𐑐𐑪𐑥𐑩𐑤𐑴	ˈpɒmələʊ	
ponderous	𐑐𐑪𐑯𐑛𐑼𐑼𐑕	pɒndərəRs	RRP	89	𐑐𐑪𐑯𐑛𐑼𐑩𐑕	ˈpɒndərəs	
pony-trekking	𐑐𐑴𐑯𐑦𐑑𐑮𐑧𐑒𐑦𐑙	pəʊnitrekɪŋ	RRP	89	𐑐𐑴𐑯𐑦-𐑑𐑮𐑧𐑒𐑦𐑙	ˈpəʊni-trekɪŋ	
poof	𐑐𐑫𐑓	pʊf	RRP	89	𐑐𐑵𐑓	puːf	
pooh-pooh	𐑐𐑵𐑐𐑵	ˌpuːˈpuː	RRP	89	𐑐𐑵-𐑐𐑵	ˌpuː-ˈpuː	
poppet	𐑐𐑪𐑐𐑦𐑑	ˈpɒpɪt	RRP	89	𐑐𐑪𐑐𐑩𐑑	ˈpɒpIt	
popularity	𐑐𐑪𐑐𐑘𐑼𐑤𐑨𐑮𐑦𐑑𐑦	pɒpjəRlærɪti	RRP	89	𐑐𐑪𐑐𐑘𐑩𐑤𐑨𐑮𐑦𐑑𐑦	ˌpɒpjəˈlærɪti	
porcine	𐑐𐑴𐑮𐑕𐑦𐑯	poʊrsin	RRP	89	𐑐𐑹𐑕𐑲𐑯	ˈpɔːRsaɪn	
porphyry	𐑐𐑷𐑮𐑓𐑦𐑮𐑦	pɔrfɪri	RRP	89	𐑐𐑹𐑓𐑦𐑮𐑦	ˈpɔːRfɪri	
portrait	𐑐𐑹𐑑𐑮𐑱𐑑	pɔːRtreɪt	RRP	89	𐑐𐑹𐑑𐑮𐑦𐑑	ˈpɔːRtrɪt	
portray	𐑐𐑷𐑮𐑑𐑮𐑱	pɔrtreɪ	RRP	89	𐑐𐑹𐑑𐑮𐑱	pɔːRˈtreɪ	
portrayal	𐑐𐑷𐑮𐑑𐑮𐑱𐑩𐑤	pɔrtreɪəl	RRP	89	𐑐𐑹𐑑𐑮𐑱𐑩𐑤	pɔːRˈtreɪəl	
poseur	𐑐𐑴𐑟𐑫𐑼	poʊzʊər	RRP	89	𐑐𐑴𐑟𐑻	pəʊˈzɜːR	
posh	𐑐𐑴𐑖	pəʊʃ	RRP	89	𐑐𐑪𐑖	pɒʃ	
position	𐑐𐑩𐑟𐑦𐑖𐑯	pəˈzɪʃn	RRP	89	𐑐𐑩𐑟𐑦𐑖𐑩𐑯	pəˈzɪʃən	
positively	𐑐𐑪𐑟𐑦𐑑𐑦𐑝𐑤𐑦	ˈpɒzɪtɪvli	RRP	89	𐑐𐑪𐑟𐑩𐑑𐑦𐑝𐑤𐑦	ˈpɒzətɪvli	
positiveness	𐑐𐑪𐑟𐑦𐑑𐑦𐑝𐑯𐑩𐑕	ˈpɒzɪtɪvnəs	RRP	89	𐑐𐑪𐑟𐑩𐑑𐑦𐑝𐑯𐑩𐑕	ˈpɒzətɪvnəs	
positivism	𐑐𐑪𐑟𐑦𐑑𐑦𐑝𐑦𐑟𐑥	ˈpɒzɪtɪvˌɪzm	RRP	89	𐑐𐑪𐑟𐑦𐑑𐑦𐑝𐑦𐑟𐑩𐑥	ˈpɒzɪtɪvɪzəm	
possessor	𐑐𐑪𐑟𐑧𐑕𐑹	pɒzesɔːR	RRP	89	𐑐𐑩𐑟𐑧𐑕𐑼	pəˈzesəR	
posset	𐑐𐑪𐑕𐑦𐑑	ˈpɒsɪt	RRP	89	𐑐𐑪𐑕𐑩𐑑	ˈpɒsIt	
post-haste	𐑐𐑴𐑕𐑑𐑣𐑱𐑕𐑑	ˌpəʊstˈheɪst	RRP	89	𐑐𐑴𐑕𐑑-𐑣𐑱𐑕𐑑	pəʊst-ˈheɪst	
postcode	𐑐𐑴𐑕𐑒𐑴𐑛	ˈpəʊskəʊd	RRP	89	𐑐𐑴𐑕𐑑𐑒𐑴𐑛	ˈpəʊstkəʊd	
posterior	𐑐𐑪𐑕𐑑𐑽𐑦𐑼	pɒstɪəriəR	RRP	89	𐑐𐑪𐑕𐑑𐑽𐑽	pɒˈstɪərɪəR	
posthumous	𐑐𐑪𐑕𐑗𐑩𐑥𐑩𐑕	ˈpɒstʃəməs	RRP	89	𐑐𐑪𐑕𐑑𐑘𐑩𐑥𐑩𐑕	ˈpɒstjəməs	
postilion	𐑐𐑪𐑕𐑑𐑦𐑤𐑾𐑯	pɒˈstɪlɪən	RRP	89	𐑐𐑪𐑕𐑑𐑦𐑤𐑘𐑩𐑯	pɒˈstɪljən	
postprandial	𐑐𐑴𐑕𐑐𐑮𐑨𐑯𐑛𐑾𐑤	pəʊsprandɪəl	RRP	89	𐑐𐑴𐑕𐑑𐑐𐑮𐑨𐑯𐑛𐑾𐑤	ˌpəʊstˈprændɪəl	
postulant	𐑐𐑪𐑕𐑑𐑘𐑩𐑤𐑩𐑯𐑑	ˈpɒstjələnt	RRP	89	𐑐𐑪𐑕𐑗𐑩𐑤𐑩𐑯𐑑	ˈpɒstʃələnt	
postulate	𐑐𐑪𐑕𐑑𐑘𐑩𐑤𐑩𐑑	ˈpɒstjələt	RRP	89	𐑐𐑪𐑕𐑗𐑩𐑤𐑱𐑑	ˈpɒstʃəleɪt	
postural	𐑐𐑪𐑕𐑗𐑼𐑼𐑤	pɒstʃərəRl	RRP	89	𐑐𐑪𐑕𐑗𐑼𐑩𐑤	ˈpɒstʃərəl	
potassium	𐑐𐑩𐑑𐑨𐑕𐑦𐑩𐑥	pəˈtæsiəm	RRP	89	𐑐𐑩𐑑𐑨𐑕𐑾𐑥	pəˈtæsɪəm	
poteen	𐑐𐑩𐑗𐑰𐑯	pəˈtʃiːn	RRP	89	𐑐𐑪𐑑𐑰𐑯	pɒˈtiːn	
potent	𐑐𐑴𐑑𐑯𐑑	ˈpəʊtnt	RRP	89	𐑐𐑴𐑑𐑩𐑯𐑑	ˈpəʊtənt	
potentially	𐑐𐑩𐑑𐑧𐑯𐑖𐑤𐑦	pəˈtenʃli	RRP	89	𐑐𐑩𐑑𐑧𐑯𐑖𐑩𐑤𐑦	pəˈtenʃəli	
pother	𐑐𐑳𐑞𐑼	pʌðəR	RRP	89	𐑐𐑪𐑞𐑼	ˈpɒðəR	
potsherd	𐑐𐑪𐑗𐑻𐑛	pɒtʃɜːRd	RRP	89	𐑐𐑪𐑑𐑖𐑻𐑛	ˈpɒt+ʃɜːRd	
poultry	𐑐𐑪𐑤𐑑𐑮𐑦	pɒltri	RRP	89	𐑐𐑴𐑤𐑑𐑮𐑦	ˈpəʊltri	
powerful	𐑐𐑬𐑼𐑓𐑼𐑤	paʊəRfəRl	RRP	89	𐑐𐑬𐑼𐑓𐑩𐑤	ˈpaʊəRfəl	
powerfully	𐑐𐑬𐑼𐑓𐑤𐑦	paʊəRfli	RRP	89	𐑐𐑬𐑼𐑓𐑩𐑤𐑦	ˈpaʊəRfəli	
practitioner	𐑐𐑮𐑨𐑒𐑑𐑦𐑖𐑼𐑯𐑼	præktɪʃəRnəR	RRP	89	𐑐𐑮𐑨𐑒𐑑𐑦𐑖𐑩𐑯𐑼	prækˈtɪʃənəR	
praetor	𐑐𐑮𐑰𐑑𐑹	priːtɔːR	RRP	89	𐑐𐑮𐑰𐑑𐑼	ˈpriːtəR	
prayerful	𐑐𐑮𐑻𐑓𐑫𐑤	prɜːRfʊl	RRP	89	𐑐𐑮𐑺𐑓𐑩𐑤	ˈpreəRfəl	
precaution	𐑐𐑮𐑰𐑒𐑷𐑖𐑩𐑯	priːkɔːʃən	RRP	89	𐑐𐑮𐑦𐑒𐑷𐑖𐑩𐑯	prɪˈkɔːʃən	
precede	𐑐𐑮𐑩𐑕𐑰𐑛	prəsiːd	RRP	89	𐑐𐑮𐑦𐑕𐑰𐑛	prɪˈsiːd	
precedence	𐑐𐑮𐑧𐑕𐑦𐑛𐑯𐑕	presɪdns	RRP	89	𐑐𐑮𐑧𐑕𐑦𐑛𐑩𐑯𐑕	ˈpresɪdəns	
precedent	𐑐𐑮𐑦𐑕𐑰𐑛𐑩𐑯𐑑	prɪsiːdənt	RRP	89	𐑐𐑮𐑧𐑕𐑦𐑛𐑩𐑯𐑑	ˈpresɪdənt	
preceptor	𐑐𐑮𐑰𐑕𐑧𐑐𐑑𐑼	priːseptər	RRP	89	𐑐𐑮𐑦𐑕𐑧𐑐𐑑𐑼	prɪˈseptəR	
precinct	𐑐𐑮𐑦𐑕𐑦𐑙𐑒𐑑	prisɪŋkt	RRP	89	𐑐𐑮𐑰𐑕𐑦𐑙𐑒𐑑	ˈpriːsɪŋkt	
preciosity	𐑐𐑮𐑧𐑖𐑦𐑪𐑕𐑩𐑑𐑦	preʃiɒsəti	RRP	89	𐑐𐑮𐑧𐑖𐑦𐑪𐑕𐑦𐑑𐑦	ˌpreʃɪˈɒsɪti	
precision	𐑐𐑮𐑦𐑕𐑦𐑠𐑯	prɪsɪʒn	RRP	89	𐑐𐑮𐑦𐑕𐑦𐑠𐑩𐑯	prɪˈsɪʒən	
precocious	𐑐𐑮𐑩𐑒𐑴𐑖𐑩𐑕	prəkəʊʃəs	RRP	89	𐑐𐑮𐑦𐑒𐑴𐑖𐑩𐑕	prɪˈkəʊʃəs	
predator	𐑐𐑮𐑧𐑛𐑼𐑑𐑼	predəRtər	RRP	89	𐑐𐑮𐑧𐑛𐑩𐑑𐑼	ˈpredətəR	
predatory	𐑐𐑮𐑧𐑛𐑼𐑑𐑼𐑦	predəRtəri	RRP	89	𐑐𐑮𐑧𐑛𐑩𐑑𐑼𐑦	ˈpredətəri	
predecease	𐑐𐑮𐑰𐑛𐑩𐑕𐑰𐑕	priːdəsiːs	RRP	89	𐑐𐑮𐑰𐑛𐑦𐑕𐑰𐑕	ˌpriːdɪˈsiːs	
predestination	𐑐𐑮𐑦𐑛𐑧𐑕𐑑𐑦𐑯𐑱𐑖𐑧𐑯	pridestɪneɪʃen	RRP	89	𐑐𐑮𐑰𐑛𐑧𐑕𐑑𐑦𐑯𐑱𐑖𐑩𐑯	ˌpriːdestɪˈneɪʃən	
predestine	𐑐𐑮𐑦𐑛𐑧𐑕𐑑𐑦𐑯	pridestɪn	RRP	89	𐑐𐑮𐑰𐑛𐑧𐑕𐑑𐑦𐑯	ˌpriːˈdestɪn	
predicative	𐑐𐑮𐑧𐑛𐑦𐑒𐑩𐑑𐑦𐑝	predɪkətɪv	RRP	89	𐑐𐑮𐑦𐑛𐑦𐑒𐑩𐑑𐑦𐑝	prɪˈdɪkətɪv	
prediction	𐑐𐑮𐑦𐑛𐑦𐑒𐑖𐑯	prɪdɪkʃn	RRP	89	𐑐𐑮𐑦𐑛𐑦𐑒𐑖𐑩𐑯	prɪˈdɪkʃən	
predilection	𐑐𐑮𐑰𐑛𐑩𐑤𐑧𐑒𐑖𐑩𐑯	priːdəlekʃən	RRP	89	𐑐𐑮𐑰𐑛𐑦𐑤𐑧𐑒𐑖𐑩𐑯	ˌpriːdɪˈlekʃən	
predominance	𐑐𐑮𐑩𐑛𐑪𐑥𐑦𐑯𐑩𐑯𐑕	prədɒmɪnəns	RRP	89	𐑐𐑮𐑦𐑛𐑪𐑥𐑦𐑯𐑩𐑯𐑕	prɪˈdɒmɪnəns	
preface	𐑐𐑮𐑧𐑓𐑩𐑕	prefəs	RRP	89	𐑐𐑮𐑧𐑓𐑦𐑕	ˈprefɪs	
preferable	𐑐𐑮𐑧𐑓𐑮𐑼𐑚𐑤	prefrəRbl	RRP	89	𐑐𐑮𐑧𐑓𐑼𐑩𐑚𐑩𐑤	ˈprefərəbəl	
preference	𐑐𐑮𐑧𐑓𐑮𐑯𐑕	prefrns	RRP	89	𐑐𐑮𐑧𐑓𐑼𐑩𐑯𐑕	ˈprefərəns	
preferential	𐑐𐑮𐑧𐑓𐑻𐑧𐑯𐑖𐑩𐑤	prefɜːRenʃəl	RRP	89	𐑐𐑮𐑧𐑓𐑼𐑧𐑯𐑖𐑩𐑤	ˌprefəˈrenʃəl	
preferentially	𐑐𐑮𐑧𐑓𐑻𐑧𐑯𐑖𐑩𐑤𐑦	prefɜːRenʃəli	RRP	89	𐑐𐑮𐑧𐑓𐑼𐑧𐑯𐑖𐑩𐑤𐑦	ˌprefərˈenʃəli	
prehensile	𐑐𐑮𐑦𐑣𐑧𐑯𐑕𐑲𐑤	prɪhensaɪl	RRP	89	𐑐𐑮𐑰𐑣𐑧𐑯𐑕𐑲𐑤	ˌpriːˈhensaɪl	
prelude	𐑐𐑮𐑧𐑤𐑵𐑛	preluːd	RRP	89	𐑐𐑮𐑧𐑤𐑿𐑛, 𐑐𐑮𐑱𐑤𐑵𐑛	ˈpreljuːd	
premier	𐑐𐑮𐑧𐑥𐑦𐑻	premiɜːR	RRP	89	𐑐𐑮𐑧𐑥𐑽	ˈpremɪəR	
premiere	𐑐𐑮𐑧𐑥𐑘𐑺	premjeəR	RRP	89	𐑐𐑮𐑧𐑥𐑦𐑺	ˈpremɪeəR	
premium	𐑐𐑮𐑦𐑥𐑦𐑩𐑥	primiəm	RRP	89	𐑐𐑮𐑰𐑥𐑾𐑥	ˈpriːmɪəm	
preoccupy	𐑐𐑮𐑦𐑪𐑒𐑘𐑫𐑐𐑲	prɪɒkjupaɪ	RRP	89	𐑐𐑮𐑰𐑪𐑒𐑘𐑩𐑐𐑲	priːˈɒkjəpaɪ	
preparative	𐑐𐑮𐑩𐑐𐑨𐑮𐑼𐑑𐑦𐑝	prəpærəRtɪv	RRP	89	𐑐𐑮𐑦𐑐𐑨𐑮𐑩𐑑𐑦𐑝	prɪˈpærətɪv	
preparatory	𐑐𐑮𐑧𐑐𐑮𐑼𐑑𐑮𐑦	preprəRtri	RRP	89	𐑐𐑮𐑦𐑐𐑨𐑮𐑩𐑑𐑼𐑦	prɪˈpærətəri	
preponderance	𐑐𐑮𐑦𐑐𐑪𐑯𐑛𐑼𐑼𐑯𐑕	prɪpɒndərəRns	RRP	89	𐑐𐑮𐑦𐑐𐑪𐑯𐑛𐑼𐑩𐑯𐑕	prɪˈpɒndərəns	
preposterous	𐑐𐑮𐑦𐑐𐑪𐑕𐑑𐑼𐑼𐑕	prɪpɒstərəRs	RRP	89	𐑐𐑮𐑦𐑐𐑪𐑕𐑑𐑼𐑩𐑕	prɪˈpɒstərəs	
preposterously	𐑐𐑮𐑦𐑐𐑪𐑕𐑑𐑮𐑼𐑕𐑤𐑦	prɪpɒstrəRsli	RRP	89	𐑐𐑮𐑦𐑐𐑪𐑕𐑑𐑼𐑩𐑕𐑤𐑦	prɪˈpɒstərəsli	
presbytery	𐑐𐑮𐑧𐑟𐑚𐑦𐑑𐑧𐑮𐑦	prezbɪteri	RRP	89	𐑐𐑮𐑧𐑟𐑚𐑦𐑑𐑼𐑦	ˈprezbɪtəri	
prescription	𐑐𐑮𐑩𐑕𐑒𐑮𐑦𐑐𐑖𐑩𐑯	prəskrɪpʃən	RRP	89	𐑐𐑮𐑦𐑕𐑒𐑮𐑦𐑐𐑖𐑩𐑯	prɪˈskrɪpʃən	
presentable	𐑐𐑮𐑩𐑟𐑧𐑯𐑑𐑩𐑚𐑩𐑤	prəzentəbəl	RRP	89	𐑐𐑮𐑦𐑟𐑧𐑯𐑑𐑩𐑚𐑩𐑤	prɪˈzentəbəl	
preserve	𐑐𐑮𐑩𐑟𐑻𐑝	prəzɜːRv	RRP	89	𐑐𐑮𐑦𐑟𐑻𐑝	prɪˈzɜːRv	
presidential	𐑐𐑮𐑧𐑟𐑦𐑛𐑧𐑯𐑖𐑤	prezɪdenʃl	RRP	89	𐑐𐑮𐑧𐑟𐑦𐑛𐑧𐑯𐑖𐑩𐑤	ˌprezɪˈdenʃəl	
presidium	𐑐𐑮𐑦𐑕𐑦𐑛𐑦𐑩𐑥	prɪsɪdiəm	RRP	89	𐑐𐑮𐑦𐑕𐑦𐑛𐑾𐑥	prɪˈsɪdɪəm	
prestige	𐑐𐑮𐑧𐑕𐑑𐑦𐑠	prestiʒ	RRP	89	𐑐𐑮𐑧𐑕𐑑𐑰𐑠	preˈstiːʒ	
presumably	𐑐𐑮𐑦𐑟𐑵𐑥𐑩𐑚𐑤𐑦	prɪzuːməbli	RRP	89	𐑐𐑮𐑦𐑟𐑿𐑥𐑩𐑚𐑤𐑦	prɪˈzjuːməbli	
presumptuous	𐑐𐑮𐑩𐑟𐑳𐑥𐑐𐑗𐑵𐑩𐑕	prəzʌmptʃuːəs	RRP	89	𐑐𐑮𐑦𐑟𐑳𐑥𐑐𐑗𐑫𐑩𐑕	prɪˈzʌmptʃuəs	
presupposition	𐑐𐑮𐑰𐑕𐑳𐑐𐑩𐑟𐑦𐑖𐑯	priːsʌpəzɪʃn	RRP	89	𐑐𐑮𐑰𐑕𐑳𐑐𐑩𐑟𐑦𐑖𐑩𐑯	ˌpriːsʌpəˈzɪʃən	
pretense	𐑐𐑮𐑰𐑑𐑧𐑯𐑕	priːtens	RRP	89	𐑐𐑮𐑦𐑑𐑧𐑯𐑕	prɪˈtens	
pretentiously	𐑐𐑮𐑦𐑑𐑧𐑯𐑖𐑩𐑕𐑤𐑰	prɪtenʃəsliː	RRP	89	𐑐𐑮𐑦𐑑𐑧𐑯𐑖𐑩𐑕𐑤𐑦	prɪˈtenʃəsli	
preterite	𐑐𐑮𐑧𐑑𐑼𐑼𐑑	pretərəRt	RRP	89	𐑐𐑮𐑧𐑑𐑼𐑦𐑑	ˈpretərɪt	
preternatural	𐑐𐑮𐑰𐑑𐑼𐑯𐑨𐑗𐑮𐑼𐑤	priːtəRnætʃrəRl	RRP	89	𐑐𐑮𐑰𐑑𐑼𐑯𐑨𐑗𐑼𐑩𐑤	ˌpriːtəRˈnætʃərəl	
pretrial	𐑐𐑮𐑦𐑑𐑮𐑲𐑩𐑤	prɪtraɪəl	RRP	89	𐑐𐑮𐑰𐑑𐑮𐑲𐑩𐑤	ˌpriːˈtraɪəl	
prettify	𐑐𐑮𐑦𐑑𐑦𐑓𐑳𐑦	prɪtɪfʌɪ	RRP	89	𐑐𐑮𐑦𐑑𐑦𐑓𐑲	ˈprɪtɪfaɪ	
previously	𐑐𐑮𐑰𐑝𐑦𐑩𐑕𐑤𐑦	priːviəsli	RRP	89	𐑐𐑮𐑰𐑝𐑾𐑕𐑤𐑦	ˈpriːvɪəsli	
prevision	𐑐𐑮𐑦𐑝𐑦𐑠𐑯	prɪvɪʒn	RRP	89	𐑐𐑮𐑰𐑝𐑦𐑠𐑩𐑯	ˌpriːˈvɪʒən	
primarily	𐑐𐑮𐑲𐑥𐑧𐑮𐑼𐑤𐑦	praɪmerəRli	RRP	89	𐑐𐑮𐑲𐑥𐑼𐑩𐑤𐑦	ˈpraɪmərəli	
primeval	𐑐𐑮𐑲𐑥𐑦𐑝𐑩𐑤	praɪmivəl	RRP	89	𐑐𐑮𐑲𐑥𐑰𐑝𐑩𐑤	praɪˈmiːvəl	
primordial	𐑐𐑮𐑲𐑥𐑹𐑛𐑦𐑩𐑤	praɪmɔːRdiəl	RRP	89	𐑐𐑮𐑲𐑥𐑹𐑛𐑾𐑤	praɪˈmɔːRdɪəl	
prioritize	𐑐𐑮𐑲𐑪𐑮𐑼𐑑𐑲𐑟	praɪɒrəRtaɪz	RRP	89	𐑐𐑮𐑲𐑪𐑮𐑦𐑑𐑲𐑟	praɪˈɒrɪtaɪz	
prisoner	𐑐𐑮𐑦𐑟𐑼𐑯𐑼	prɪzəRnəR	RRP	89	𐑐𐑮𐑦𐑟𐑩𐑯𐑼	ˈprɪzənəR	
privately	𐑐𐑮𐑲𐑝𐑦𐑑𐑤𐑦	praɪvɪtli	RRP	89	𐑐𐑮𐑲𐑝𐑩𐑑𐑤𐑦	ˈpraɪvətli	
privilege	𐑐𐑮𐑦𐑝𐑤𐑦𐑡	prɪvlɪdʒ	RRP	89	𐑐𐑮𐑦𐑝𐑩𐑤𐑦𐑡	ˈprɪvəlɪdʒ	
privileged	𐑐𐑮𐑦𐑝𐑤𐑦𐑡𐑛	prɪvlɪdʒd	RRP	89	𐑐𐑮𐑦𐑝𐑩𐑤𐑦𐑡𐑛	ˈprɪvəlɪdʒd	
probation	𐑐𐑮𐑴𐑚𐑱𐑖𐑩𐑯	proʊbeɪʃən	RRP	89	𐑐𐑮𐑩𐑚𐑱𐑖𐑩𐑯	prəˈbeɪʃən	
proboscis	𐑐𐑮𐑴𐑚𐑪𐑕𐑦𐑕	proʊbɒsɪs	RRP	89	𐑐𐑮𐑩𐑚𐑪𐑕𐑦𐑕	prəˈbɒsɪs	
proceeds	𐑐𐑮𐑴𐑕𐑦𐑛𐑟	proʊsidz	RRP	89	𐑐𐑮𐑩𐑕𐑰𐑛𐑟, 𐑐𐑮𐑴𐑕𐑰𐑛𐑟	prəˈsiːdz	
proclaim	𐑐𐑮𐑴𐑒𐑤𐑱𐑥	proʊkleɪm	RRP	89	𐑐𐑮𐑩𐑒𐑤𐑱𐑥	prəˈkleɪm	
product	𐑐𐑮𐑪𐑛𐑩𐑒𐑑	prɒdəkt	RRP	89	𐑐𐑮𐑪𐑛𐑳𐑒𐑑	ˈprɒdʌkt	
productivity	𐑐𐑮𐑪𐑛𐑳𐑒𐑑𐑦𐑝𐑩𐑑𐑦	prɒdʌktɪvəti	RRP	89	𐑐𐑮𐑪𐑛𐑳𐑒𐑑𐑦𐑝𐑦𐑑𐑦	ˌprɒdʌkˈtɪvɪti	
profanation	𐑐𐑮𐑪𐑓𐑩𐑯𐑱𐑖𐑯	prɒfəneɪʃn	RRP	89	𐑐𐑮𐑪𐑓𐑩𐑯𐑱𐑖𐑩𐑯	ˌprɒfəˈneɪʃən	
profligate	𐑐𐑮𐑭𐑓𐑤𐑦𐑜𐑩𐑑	prɑːflɪɡət	RRP	89	𐑐𐑮𐑪𐑓𐑤𐑦𐑜𐑩𐑑	ˈprɒflɪɡət	
profusely	𐑐𐑮𐑩𐑓𐑘𐑫𐑕𐑤𐑦	prəfjusli	RRP	89	𐑐𐑮𐑩𐑓𐑿𐑕𐑤𐑦	prəˈfjuːsli	
profuseness	𐑐𐑮𐑴𐑓𐑘𐑫𐑕𐑯𐑩𐑕	proʊfjusnəs	RRP	89	𐑐𐑮𐑩𐑓𐑿𐑕𐑯𐑩𐑕	prəˈfjuːsnəs	
programming	𐑐𐑮𐑴𐑜𐑮𐑩𐑥𐑦𐑙	prəʊɡrəmɪŋ	RRP	89	𐑐𐑮𐑴𐑜𐑮𐑨𐑥𐑦𐑙	ˈprəʊɡræmɪŋ	
projectile	𐑐𐑮𐑩𐑡𐑧𐑒𐑑𐑳𐑦𐑤	prədʒektʌɪl	RRP	89	𐑐𐑮𐑩𐑡𐑧𐑒𐑑𐑲𐑤	prəˈdʒektaɪl	
proletariat	𐑐𐑮𐑴𐑤𐑦𐑑𐑻𐑾𐑑	prəʊlɪtɜːrɪət	RRP	89	𐑐𐑮𐑴𐑤𐑦𐑑𐑺𐑾𐑑	ˌprəʊlɪˈteərɪət	
prolixity	𐑐𐑮𐑩𐑤𐑦𐑒𐑕𐑦𐑑𐑦	prəlɪksɪti	RRP	89	𐑐𐑮𐑴𐑤𐑦𐑒𐑕𐑦𐑑𐑦	prəʊˈlɪksɪti	
prolong	𐑐𐑮𐑴𐑤𐑪𐑙	prəʊlɒŋ	RRP	89	𐑐𐑮𐑩𐑤𐑪𐑙	prəˈlɒŋ	
prolonged	𐑐𐑮𐑴𐑤𐑪𐑙𐑛	prəʊlɒŋd	RRP	89	𐑐𐑮𐑩𐑤𐑪𐑙𐑛	prəˈlɒŋd	
promiscuous	𐑐𐑮𐑩𐑥𐑦𐑕𐑒𐑿𐑩𐑕	prəmɪskjuːəs	RRP	89	𐑐𐑮𐑩𐑥𐑦𐑕𐑒𐑘𐑫𐑩𐑕	prəˈmɪskjuəs	
promontory	𐑐𐑮𐑪𐑥𐑩𐑯𐑑𐑮𐑦	prɒməntri	RRP	89	𐑐𐑮𐑪𐑥𐑩𐑯𐑑𐑼𐑦	ˈprɒməntəri	
pronunciation	𐑐𐑮𐑩𐑯𐑬𐑯𐑕𐑦𐑱𐑖𐑩𐑯	prənaʊnsieɪʃən	RRP	89	𐑐𐑮𐑩𐑯𐑳𐑯𐑕𐑦𐑱𐑖𐑩𐑯	prəˌnʌnsɪˈeɪʃən	
prophesy	𐑐𐑮𐑪𐑓𐑦𐑕𐑲	prɒfɪsaɪ	RRP	89	𐑐𐑮𐑪𐑓𐑩𐑕𐑲	ˈprɒfəsaɪ	
prophet	𐑐𐑮𐑪𐑓𐑦𐑑	prɒfɪt	RRP	89	𐑐𐑮𐑪𐑓𐑩𐑑	ˈprɒfIt	
prophetess	𐑐𐑮𐑪𐑓𐑦𐑑𐑧𐑕	prɒfɪtes	RRP	89	𐑐𐑮𐑪𐑓𐑩𐑑𐑧𐑕	ˈprɒfItes	
prophets	𐑐𐑮𐑪𐑓𐑦𐑑𐑕	prɒfɪts	RRP	89	𐑐𐑮𐑪𐑓𐑩𐑑𐑕	ˈprɒfIts	
prophylactic	𐑐𐑮𐑪𐑓𐑩𐑤𐑨𐑒𐑑𐑦𐑒	prɒfəlæktɪk	RRP	89	𐑐𐑮𐑪𐑓𐑦𐑤𐑨𐑒𐑑𐑦𐑒	ˌprɒfɪˈlæktɪk	
propinquity	𐑐𐑮𐑩𐑐𐑦𐑙𐑒𐑢𐑦𐑑𐑦	prəpɪŋkwɪti	RRP	89	𐑐𐑮𐑴𐑐𐑦𐑙𐑒𐑢𐑦𐑑𐑦	prəʊˈpɪŋkwɪti	
propitiatory	𐑐𐑮𐑴𐑐𐑦𐑖𐑾𐑑𐑼𐑦	prəʊpɪʃɪətərɪ	RRP	89	𐑐𐑮𐑩𐑐𐑦𐑖𐑾𐑑𐑼𐑦	prəˈpɪʃɪətəri	
propitious	𐑐𐑮𐑴𐑐𐑦𐑖𐑩𐑕	proʊpɪʃəs	RRP	89	𐑐𐑮𐑩𐑐𐑦𐑖𐑩𐑕	prəˈpɪʃəs	
proportionality	𐑐𐑮𐑩𐑐𐑷𐑮𐑖𐑼𐑯𐑨𐑤𐑩𐑑𐑦	prəpɔrʃəRnæləti	RRP	89	𐑐𐑮𐑩𐑐𐑹𐑖𐑩𐑯𐑨𐑤𐑦𐑑𐑦	prəˌpɔːRʃəˈnælɪti	
prorogation	𐑐𐑮𐑴𐑮𐑼𐑜𐑱𐑖𐑩𐑯	prəʊrəRɡeɪʃən	RRP	89	𐑐𐑮𐑴𐑮𐑩𐑜𐑱𐑖𐑩𐑯	ˌprəʊrəˈɡeɪʃən	
prorogue	𐑐𐑮𐑼𐑴𐑜	prərəʊɡ	RRP	89	𐑐𐑮𐑴𐑮𐑴𐑜	prəʊˈrəʊɡ	
prosaic	𐑐𐑮𐑴𐑟𐑱𐑦𐑒	prəʊzeɪɪk	RRP	89	𐑐𐑮𐑩𐑟𐑱𐑦𐑒	prəˈzeɪɪk	
proscenium	𐑐𐑮𐑴𐑕𐑰𐑯𐑦𐑩𐑥	prəʊsiːniəm	RRP	89	𐑐𐑮𐑩𐑕𐑰𐑯𐑾𐑥	prəˈsiːnɪəm	
proscribe	𐑐𐑮𐑩𐑕𐑒𐑮𐑲𐑚	prəskraɪb	RRP	89	𐑐𐑮𐑴𐑕𐑒𐑮𐑲𐑚	prəʊˈskraɪb	
proscription	𐑐𐑮𐑩𐑕𐑒𐑮𐑦𐑐𐑖𐑩𐑯	prəskrɪpʃən	RRP	89	𐑐𐑮𐑴𐑕𐑒𐑮𐑦𐑐𐑖𐑩𐑯	prəʊˈskrɪpʃən	
proselyte	𐑐𐑮𐑪𐑕𐑦𐑤𐑲𐑑	prɒsɪlaɪt	RRP	89	𐑐𐑮𐑪𐑕𐑩𐑤𐑲𐑑	ˈprɒsəlaɪt	
prosody	𐑐𐑮𐑪𐑟𐑩𐑛𐑦	prɒzədi	RRP	89	𐑐𐑮𐑪𐑕𐑩𐑛𐑦	ˈprɒsədi	
prosperous	𐑐𐑮𐑪𐑕𐑐𐑮𐑼𐑕	prɒsprəRs	RRP	89	𐑐𐑮𐑪𐑕𐑐𐑼𐑩𐑕	ˈprɒspərəs	
protective	𐑐𐑮𐑧𐑑𐑧𐑒𐑑𐑦𐑝	pretektɪv	RRP	89	𐑐𐑮𐑩𐑑𐑧𐑒𐑑𐑦𐑝	prəˈtektɪv	
protein	𐑐𐑮𐑴𐑑𐑦𐑦𐑯	prəʊtiɪn	RRP	89	𐑐𐑮𐑴𐑑𐑰𐑯	ˈprəʊtiːn	
protestation	𐑐𐑮𐑪𐑑𐑦𐑕𐑑𐑱𐑖𐑩𐑯	prɒtɪsteɪʃən	RRP	89	𐑐𐑮𐑪𐑑𐑧𐑕𐑑𐑱𐑖𐑩𐑯	ˌprɒteˈsteɪʃən	
prototype	𐑐𐑮𐑴𐑑𐑩𐑑𐑳𐑦𐑐	prəʊtətʌɪp	RRP	89	𐑐𐑮𐑴𐑑𐑴𐑑𐑲𐑐	ˈprəʊtəʊtaɪp	
protuberance	𐑐𐑮𐑴𐑑𐑿𐑚𐑼𐑼𐑯𐑕	prəʊtjuːbərəRns	RRP	89	𐑐𐑮𐑩𐑑𐑵𐑚𐑼𐑩𐑯𐑕, 𐑐𐑮𐑩𐑑𐑿𐑚𐑼𐑩𐑯𐑕	prəˈtjuːbərəns	
provost	𐑐𐑮𐑴𐑝𐑴	prəʊvəʊ	RRP	89	𐑐𐑮𐑪𐑝𐑩𐑕𐑑	ˈprɒvəst	
prowess	𐑐𐑮𐑬𐑦𐑕	praʊɪs	RRP	89	𐑐𐑮𐑬𐑧𐑕	ˈpraʊes	
prudential	𐑐𐑮𐑵𐑛𐑧𐑯𐑖𐑤	pruːdenʃl	RRP	89	𐑐𐑮𐑵𐑛𐑧𐑯𐑖𐑩𐑤	pruːˈdenʃəl	
prurience	𐑐𐑮𐑫𐑼𐑦𐑩𐑯𐑕	prʊəriəns	RRP	89	𐑐𐑮𐑫𐑼𐑾𐑯𐑕	ˈprʊərɪəns	
prurient	𐑐𐑮𐑫𐑼𐑦𐑩𐑯𐑑	prʊəriənt	RRP	89	𐑐𐑮𐑫𐑼𐑾𐑯𐑑	ˈprʊərɪənt	
psephology	𐑕𐑦𐑓𐑪𐑤𐑩𐑡𐑦	sɪˈfɒlədʒi	RRP	89	𐑕𐑧𐑓𐑪𐑤𐑩𐑡𐑦	seˈfɒlədʒi	
pseudo	𐑕𐑵𐑛𐑴	ˈsuːdəʊ	RRP	89	𐑕𐑿𐑛𐑴	ˈsjuːdəʊ	
pseudonym	𐑕𐑵𐑛𐑴𐑯𐑦𐑥	ˈsuːdəʊnɪm	RRP	89	𐑕𐑿𐑛𐑩𐑯𐑦𐑥	ˈsjuːdənɪm	
pseudonymous	𐑕𐑵𐑛𐑩𐑯𐑦𐑥𐑩𐑕	ˈsuːdəˌnɪməs	RRP	89	𐑕𐑿𐑛𐑪𐑯𐑦𐑥𐑩𐑕	sjuːˈdɒnɪməs	
psilocybin	𐑕𐑳𐑦𐑤𐑩𐑕𐑳𐑦𐑚𐑦𐑯	ˌsʌɪləˈsʌɪbɪn	RRP	89	𐑕𐑲𐑤𐑩𐑕𐑲𐑚𐑦𐑯	ˌsaɪləˈsaɪbɪn	
psychedelic	𐑕𐑲𐑒𐑩𐑛𐑧𐑤𐑦𐑒	ˈsaɪkəˌdelɪk	RRP	89	𐑕𐑲𐑒𐑦𐑛𐑧𐑤𐑦𐑒	ˌsaɪkɪˈdelɪk	
psychical	𐑕𐑳𐑦𐑒𐑦𐑒𐑤	ˈsʌɪkɪkl	RRP	89	𐑕𐑲𐑒𐑦𐑒𐑩𐑤	ˈsaɪkɪkəl	
psychological	𐑕𐑲𐑒𐑩𐑤𐑪𐑡𐑦𐑒𐑤	ˌsaɪkəˈlɒdʒɪkl	RRP	89	𐑕𐑲𐑒𐑩𐑤𐑪𐑡𐑦𐑒𐑩𐑤	ˌsaɪkəˈlɒdʒɪkəl	
psychotherapy	𐑕𐑲𐑒𐑴𐑔𐑧𐑮𐑼𐑐𐑦	saɪkoʊθerəRpi	RRP	89	𐑕𐑲𐑒𐑴𐑔𐑧𐑮𐑩𐑐𐑦	ˌsaɪkəʊˈθerəpi	
pterodactyl	𐑑𐑧𐑮𐑼𐑛𐑨𐑒𐑑𐑩𐑤	terəRdæktəl	RRP	89	𐑑𐑧𐑮𐑩𐑛𐑨𐑒𐑑𐑦𐑤	ˌterəˈdæktɪl	
pudendum	𐑐𐑘𐑩𐑛𐑧𐑯𐑛𐑩𐑥	pjəˈdendəm	RRP	89	𐑐𐑿𐑛𐑧𐑯𐑛𐑩𐑥	pjuːˈdendəm	
puerile	𐑐𐑘𐑩𐑼𐑲𐑤	pjəəraɪl	RRP	89	𐑐𐑘𐑫𐑼𐑲𐑤	ˈpjʊəraɪl	
pugilist	𐑐𐑿𐑡𐑩𐑤𐑦𐑕𐑑	ˈpjuːdʒəlɪst	RRP	89	𐑐𐑿𐑡𐑦𐑤𐑦𐑕𐑑	ˈpjuːdʒɪlɪst	
pugnacity	𐑐𐑳𐑜𐑯𐑨𐑕𐑩𐑑𐑦	pʌɡˈnæsəti	RRP	89	𐑐𐑳𐑜𐑯𐑨𐑕𐑦𐑑𐑦	pʌɡˈnæsɪti	
puissance	𐑐𐑿𐑦𐑕𐑯𐑕	ˈpjuːɪsns	RRP	89	𐑐𐑢𐑰𐑕𐑭𐑯𐑕	ˈpwiːsɑːns	
puissant	𐑐𐑢𐑦𐑕𐑯𐑑	ˈpwɪsnt	RRP	89	𐑐𐑢𐑰𐑕𐑩𐑯𐑑	ˈpwiːsənt	
pull-up	𐑐𐑫𐑤𐑳𐑐	ˈpʊlʌp	RRP	89	𐑐𐑫𐑤-𐑳𐑐	ˈpʊl-ʌp	
pullet	𐑐𐑫𐑤𐑦𐑑	ˈpʊlɪt	RRP	89	𐑐𐑫𐑤𐑩𐑑	ˈpʊlət	
pulp	𐑐𐑩𐑤𐑐	pəlp	RRP	89	𐑐𐑳𐑤𐑐	pʌlp	
pulque	𐑐𐑫𐑤𐑒𐑱	ˈpʊlkeɪ	RRP	89	𐑐𐑵𐑤𐑒𐑱	ˈpuːlkeɪ	
puma	𐑐𐑵𐑥𐑩	puːmə	RRP	89	𐑐𐑿𐑥𐑩	ˈpjuːmə	
punch-up	𐑐𐑳𐑯𐑗𐑳𐑐	ˈpʌntʃˌʌp	RRP	89	𐑐𐑳𐑯𐑗-𐑳𐑐	ˈpʌntʃ-ʌp	
punctilious	𐑐𐑳𐑙𐑒𐑑𐑦𐑤𐑦𐑩𐑕	pʌŋkˈtɪliəs	RRP	89	𐑐𐑳𐑙𐑒𐑑𐑦𐑤𐑾𐑕	pʌŋkˈtɪlɪəs	
punctual	𐑐𐑳𐑙𐑒𐑑𐑘𐑩𐑩𐑤	ˈpʌŋktjəəl	RRP	89	𐑐𐑳𐑙𐑒𐑗𐑫𐑩𐑤	ˈpʌŋktʃuəl	
punctuate	𐑐𐑳𐑙𐑒𐑑𐑿𐑱𐑑	ˈpʌŋktjuːeɪt	RRP	89	𐑐𐑳𐑙𐑒𐑗𐑫𐑱𐑑	ˈpʌŋktʃueɪt	
punitive	𐑐𐑘𐑫𐑯𐑦𐑑𐑦𐑝	pjunɪtɪv	RRP	89	𐑐𐑿𐑯𐑦𐑑𐑦𐑝	ˈpjuːnɪtɪv	
punkah	𐑐𐑳𐑙𐑒𐑭	ˈpʌŋkɑː	RRP	89	𐑐𐑳𐑙𐑒𐑩	ˈpʌŋkə	
punnet	𐑐𐑳𐑯𐑦𐑑	ˈpʌnɪt	RRP	89	𐑐𐑳𐑯𐑩𐑑	ˈpʌnIt	
puppet	𐑐𐑳𐑐𐑦𐑑	ˈpʌpɪt	RRP	89	𐑐𐑳𐑐𐑩𐑑	ˈpʌpIt	
puppetry	𐑐𐑩𐑐𐑩𐑑𐑮𐑦	pəpətri	RRP	89	𐑐𐑳𐑐𐑩𐑑𐑮𐑦	ˈpʌpətri	
pure	𐑐𐑘𐑩𐑼	pjəəR	RRP	89	𐑐𐑘𐑫𐑼	pjʊəR	
puree	𐑐𐑘𐑩𐑼𐑱	pjəəreɪ	RRP	89	𐑐𐑘𐑫𐑼𐑱	ˈpjʊəreɪ	
purgatory	𐑐𐑻𐑜𐑼𐑑𐑮𐑦	pɜːRɡəRtri	RRP	89	𐑐𐑻𐑜𐑩𐑑𐑼𐑦	ˈpɜːRɡətəri	
purification	𐑐𐑘𐑩𐑼𐑦𐑓𐑦𐑒𐑱𐑖𐑩𐑯	pjəərɪfɪkeɪʃən	RRP	89	𐑐𐑘𐑫𐑼𐑦𐑓𐑦𐑒𐑱𐑖𐑩𐑯	ˌpjʊərɪfɪˈkeɪʃən	
purify	𐑐𐑘𐑩𐑼𐑦𐑓𐑲	pjəərɪfaɪ	RRP	89	𐑐𐑘𐑫𐑼𐑦𐑓𐑲	ˈpjʊərɪfaɪ	
puritan	𐑐𐑘𐑩𐑼𐑦𐑑𐑩𐑯	pjəərɪtən	RRP	89	𐑐𐑘𐑫𐑼𐑦𐑑𐑩𐑯	ˈpjʊərɪtən	
puritanical	𐑐𐑘𐑩𐑼𐑦𐑑𐑨𐑯𐑦𐑒𐑩𐑤	pjəərɪtænɪkəl	RRP	89	𐑐𐑘𐑫𐑼𐑦𐑑𐑨𐑯𐑦𐑒𐑩𐑤	ˌpjʊərɪˈtænɪkəl	
purity	𐑐𐑘𐑩𐑼𐑦𐑑𐑦	pjəərɪti	RRP	89	𐑐𐑘𐑫𐑼𐑦𐑑𐑦	ˈpjʊərɪti	
purportedly	𐑐𐑼𐑐𐑹𐑑𐑼𐑛𐑤𐑦	pəRpɔːRtəRdli	RRP	89	𐑐𐑼𐑐𐑹𐑑𐑩𐑛𐑤𐑦	pəRˈpɔːRtƏdli	
purulence	𐑐𐑘𐑩𐑼𐑫𐑤𐑩𐑯𐑕	pjəərʊləns	RRP	89	𐑐𐑘𐑫𐑼𐑩𐑤𐑩𐑯𐑕	ˈpjʊərələns	
purulent	𐑐𐑘𐑩𐑼𐑫𐑤𐑩𐑯𐑑	pjəərʊlənt	RRP	89	𐑐𐑘𐑫𐑼𐑩𐑤𐑩𐑯𐑑	ˈpjʊərələnt	
pushful	𐑐𐑫𐑖𐑓𐑫𐑤	ˈpʊʃfʊl	RRP	89	𐑐𐑫𐑖𐑓𐑩𐑤	ˈpʊʃfəl	
pussy	𐑐𐑳𐑕𐑦	ˈpʌsi	RRP	89	𐑐𐑫𐑕𐑦	ˈpʊsi	
putative	𐑐𐑘𐑫𐑑𐑩𐑑𐑦𐑝	ˈpjutətɪv	RRP	89	𐑐𐑿𐑑𐑩𐑑𐑦𐑝	ˈpjuːtətɪv	
putrefaction	𐑐𐑿𐑑𐑮𐑩𐑓𐑨𐑒𐑖𐑩𐑯	pjuːtrəfækʃən	RRP	89	𐑐𐑿𐑑𐑮𐑦𐑓𐑨𐑒𐑖𐑩𐑯	ˌpjuːtrɪˈfækʃən	
putrefy	𐑐𐑘𐑫𐑑𐑮𐑩𐑓𐑲	pjutrəfaɪ	RRP	89	𐑐𐑿𐑑𐑮𐑦𐑓𐑲	ˈpjuːtrɪfaɪ	
puttee	𐑐𐑳𐑑𐑰	ˈpʌtiː	RRP	89	𐑐𐑳𐑑𐑦	ˈpʌti	
putter	𐑐𐑫𐑑𐑼	pʊtəR	RRP	89	𐑐𐑳𐑑𐑼	ˈpʌtəR	
pygmalion	𐑐𐑦𐑜𐑥𐑱𐑤𐑦𐑩𐑯	pɪɡˈmeɪliən	RRP	89	𐑐𐑦𐑜𐑥𐑱𐑤𐑾𐑯	pɪɡˈmeɪliən	
pygmy	𐑐𐑦𐑜𐑥𐑰	pɪɡmiː	RRP	89	𐑐𐑦𐑜𐑥𐑦	ˈpɪɡmi	
pyramid	𐑐𐑦𐑮𐑼𐑥𐑩𐑛	pɪrəRmƏd	RRP	89	𐑐𐑦𐑮𐑩𐑥𐑦𐑛	ˈpɪrəmɪd	
pyramidal	𐑐𐑦𐑮𐑨𐑥𐑦𐑛𐑩𐑤	pɪræmɪdəl	RRP	89	𐑐𐑦𐑮𐑩𐑥𐑦𐑛𐑩𐑤	pɪrəˈmɪdəl	
pyrotechnics	𐑐𐑲𐑮𐑼𐑑𐑧𐑒𐑯𐑩𐑒𐑕	paɪrəRteknəks	RRP	89	𐑐𐑲𐑮𐑴𐑑𐑧𐑒𐑯𐑦𐑒𐑕	ˌpaɪrəʊˈteknɪks	
qatari	𐑒𐑩𐑑𐑸𐑦	kətɑːri	RRP	89	𐑒𐑳𐑑𐑸𐑦	kʌˈtɑːri	
quadrilateral	𐑒𐑢𐑪𐑛𐑮𐑩𐑤𐑨𐑑𐑼𐑼𐑤	kwɒdrəlætərəRl	RRP	89	𐑒𐑢𐑪𐑛𐑮𐑦𐑤𐑨𐑑𐑼𐑩𐑤	ˌkwɒdrɪˈlætərəl	
quadruple	𐑒𐑢𐑪𐑛𐑮𐑫𐑐𐑤	kwɒdrʊpl	RRP	89	𐑒𐑢𐑪𐑛𐑮𐑵𐑐𐑩𐑤	ˈkwɒdruːpəl	
quagga	𐑒𐑢𐑨𐑜𐑩	ˈkwaɡə	RRP	89	𐑒𐑢𐑪𐑜𐑩	ˈkwɒɡə	
quagmire	𐑒𐑢𐑪𐑜𐑥𐑲𐑼	kwɒɡmaɪəR	RRP	89	𐑒𐑢𐑨𐑜𐑥𐑲𐑼	ˈkwæɡmaɪəR	
quantify	𐑒𐑢𐑭𐑯𐑑𐑩𐑓𐑲	ˈkwɑːntəfaɪ	RRP	89	𐑒𐑢𐑪𐑯𐑑𐑦𐑓𐑲	ˈkwɒntɪfaɪ	
quantitative	𐑒𐑢𐑪𐑯𐑑𐑩𐑑𐑦𐑝	ˈkwɒntətɪv	RRP	89	𐑒𐑢𐑪𐑯𐑑𐑦𐑑𐑩𐑑𐑦𐑝	ˈkwɒntɪtətɪv	
quarterstaff	𐑒𐑢𐑷𐑮𐑑𐑼𐑕𐑑𐑨𐑓	kwɔrtərstæf	RRP	89	𐑒𐑢𐑹𐑑𐑼𐑕𐑑𐑨𐑓, 𐑒𐑢𐑹𐑑𐑼𐑕𐑑𐑭𐑓	ˈkwɔːRtəRstⱭːf	
quartz	𐑒𐑹𐑑𐑕	kɔːRts	RRP	89	𐑒𐑢𐑹𐑑𐑕	kwɔːRts	
quebec	𐑒𐑢𐑦𐑚𐑧𐑒	kwɪˈbek	RRP	89	𐑒𐑢𐑩𐑚𐑧𐑒	kwəˈbek	
querulous	𐑒𐑢𐑧𐑮𐑫𐑤𐑩𐑕	kwerʊləs	RRP	89	𐑒𐑢𐑧𐑮𐑩𐑤𐑩𐑕	ˈkwerələs	
querulously	𐑒𐑢𐑧𐑮𐑫𐑤𐑩𐑕𐑤𐑦	kwerʊləsli	RRP	89	𐑒𐑢𐑧𐑮𐑩𐑤𐑩𐑕𐑤𐑦	ˈkwerələsli	
questionnaire	𐑒𐑧𐑕𐑗𐑩𐑯𐑺	kestʃəneəR	RRP	89	𐑒𐑢𐑧𐑕𐑗𐑩𐑯𐑺	ˌkwestʃəˈneəR	
quetzal	𐑒𐑧𐑑𐑕𐑩𐑤	ˈketsəl	RRP	89	𐑒𐑢𐑧𐑑𐑕𐑩𐑤	ˈkwetsəl	
quiescence	𐑒𐑢𐑦𐑧𐑕𐑩𐑯𐑕	kwiˈesəns	RRP	89	𐑒𐑢𐑲𐑧𐑕𐑩𐑯𐑕	kwaɪˈesəns	
quiet	𐑒𐑢𐑲𐑦𐑑	ˈkwaɪɪt	RRP	89	𐑒𐑢𐑲𐑩𐑑	ˈkwaɪət	
quietist	𐑒𐑢𐑳𐑾𐑑𐑦𐑕𐑑	ˈkwʌɪətɪst	RRP	89	𐑒𐑢𐑲𐑩𐑑𐑦𐑕𐑑	ˈkwaɪətɪst	
quietly	𐑒𐑢𐑲𐑦𐑑𐑤𐑦	ˈkwaɪɪtli	RRP	89	𐑒𐑢𐑲𐑩𐑑𐑤𐑦	ˈkwaɪətli	
quin	𐑒𐑦𐑯	kin	RRP	89	𐑒𐑢𐑦𐑯	kwɪn	
quiz	𐑒𐑢𐑩𐑟	kwƏz	RRP	89	𐑒𐑢𐑦𐑟	kwɪz	
quorum	𐑒𐑢𐑹𐑼𐑥	kwɔːrəRm	RRP	89	𐑒𐑢𐑹𐑩𐑥	ˈkwɔːrəm	
quotidian	𐑒𐑢𐑩𐑑𐑦𐑛𐑾𐑯	kwəˈtɪdɪən	RRP	89	𐑒𐑢𐑴𐑑𐑦𐑛𐑾𐑯	kwəʊˈtɪdɪən	
rabbinical	𐑮𐑩𐑚𐑦𐑯𐑩𐑒𐑩𐑤	rəbɪnəkəl	RRP	89	𐑮𐑩𐑚𐑦𐑯𐑦𐑒𐑩𐑤	rəˈbɪnɪkəl	
rabid	𐑮𐑨𐑚𐑩𐑛	ræbƏd	RRP	89	𐑮𐑨𐑚𐑦𐑛	ˈræbɪd	
radial	𐑮𐑱𐑛𐑦𐑩𐑤	reɪdiəl	RRP	89	𐑮𐑱𐑛𐑾𐑤	ˈreɪdɪəl	
radiance	𐑮𐑱𐑛𐑦𐑩𐑯𐑕	reɪdiəns	RRP	89	𐑮𐑱𐑛𐑾𐑯𐑕	ˈreɪdɪəns	
radiant	𐑮𐑱𐑛𐑦𐑩𐑯𐑑	reɪdiənt	RRP	89	𐑮𐑱𐑛𐑾𐑯𐑑	ˈreɪdɪənt	
radiologist	𐑮𐑱𐑛𐑰𐑪𐑤𐑩𐑡𐑦𐑕𐑑	reɪdiːɒlədʒɪst	RRP	89	𐑮𐑱𐑛𐑦𐑪𐑤𐑩𐑡𐑦𐑕𐑑	ˌreɪdɪˈɒlədʒɪst	
radius	𐑮𐑱𐑛𐑦𐑩𐑕	reɪdiəs	RRP	89	𐑮𐑱𐑛𐑾𐑕	ˈreɪdɪəs	
raffia	𐑮𐑨𐑓𐑦𐑩	ræfiə	RRP	89	𐑮𐑨𐑓𐑾	ˈræfɪə	
rambunctious	𐑮𐑨𐑥𐑚𐑳𐑙𐑖𐑩𐑕	ræmbʌŋʃəs	RRP	89	𐑮𐑨𐑥𐑚𐑳𐑙𐑒𐑖𐑩𐑕	ræmˈbʌŋkʃəs	
ranch	𐑮𐑭𐑯𐑗	rɑːntʃ	RRP	89	𐑮𐑨𐑯𐑗	ræntʃ	
rancid	𐑮𐑨𐑯𐑕𐑩𐑛	rænsƏd	RRP	89	𐑮𐑨𐑯𐑕𐑦𐑛	ˈrænsɪd	
rancorous	𐑮𐑨𐑙𐑒𐑼𐑼𐑕	ræŋkərəRs	RRP	89	𐑮𐑨𐑙𐑒𐑼𐑩𐑕	ˈræŋkərəs	
ranking	𐑮𐑨𐑯𐑒𐑦𐑙	rænkɪŋ	RRP	89	𐑮𐑨𐑙𐑒𐑦𐑙	ˈræŋkɪŋ	
rapid	𐑮𐑨𐑐𐑩𐑛	ræpƏd	RRP	89	𐑮𐑨𐑐𐑦𐑛	ˈræpɪd	
rapidly	𐑮𐑨𐑐𐑩𐑛𐑤𐑦	ræpƏdli	RRP	89	𐑮𐑨𐑐𐑦𐑛𐑤𐑦	ˈræpɪdli	
rapine	𐑮𐑨𐑐𐑲𐑯	ræpaɪn	RRP	89	𐑮𐑨𐑐𐑦𐑯	ˈræpɪn	
rapport	𐑮𐑨𐑐𐑷𐑮	ræpɔr	RRP	89	𐑮𐑨𐑐𐑹	ræˈpɔːR	
rapscallion	𐑮𐑨𐑐𐑕𐑒𐑨𐑤𐑘𐑩𐑯	ræpskæljən	RRP	89	𐑮𐑨𐑐𐑕𐑒𐑨𐑤𐑾𐑯	ræpˈskælɪən	
rarely	𐑮𐑻𐑤𐑦	rɜːRli	RRP	89	𐑮𐑺𐑤𐑦	ˈreəRli	
rarity	𐑮𐑺𐑼𐑑𐑦	reərəRtɪ	RRP	89	𐑮𐑺𐑦𐑑𐑦	ˈreərɪti	
ratiocination	𐑮𐑨𐑑𐑦𐑪𐑕𐑦𐑯𐑱𐑖𐑩𐑯	rætɪɒsɪneɪʃən	RRP	89	𐑮𐑨𐑖𐑦𐑪𐑕𐑦𐑯𐑱𐑖𐑩𐑯	ˌræʃɪˌɒsɪˈneɪʃən	
rationalise	𐑮𐑨𐑖𐑩𐑯𐑩𐑤𐑱𐑟	ræʃənəleɪz	RRP	89	𐑮𐑨𐑖𐑩𐑯𐑩𐑤𐑲𐑟	ˈræʃənəlaɪz	
rattler	𐑮𐑨𐑑𐑼𐑤𐑼	rætəRləR	RRP	89	𐑮𐑨𐑑𐑤𐑼	ˈrætləR	
raven	𐑮𐑨𐑝𐑩𐑯	rævən	RRP	89	𐑮𐑱𐑝𐑩𐑯	ˈreɪvən	
react	𐑮𐑰𐑨𐑒𐑑	riːækt	RRP	89	𐑮𐑦𐑨𐑒𐑑	rɪˈækt	
reactionary	𐑮𐑦𐑨𐑒𐑖𐑼𐑯𐑮𐑦	riækʃəRnri	RRP	89	𐑮𐑦𐑨𐑒𐑖𐑩𐑯𐑼𐑦	rɪˈækʃənəri	
reactive	𐑮𐑰𐑨𐑒𐑑𐑦𐑝	riːæktɪv	RRP	89	𐑮𐑦𐑨𐑒𐑑𐑦𐑝	rɪˈæktɪv	
reactor	𐑮𐑰𐑨𐑒𐑑𐑼	riːæktəR	RRP	89	𐑮𐑦𐑨𐑒𐑑𐑼	rɪˈæktəR	
read	𐑮𐑦𐑛	rid	RRP	89	𐑮𐑧𐑛, 𐑮𐑰𐑛	riːd	
reagent	𐑮𐑦𐑱𐑡𐑧𐑯𐑑	rieɪdʒent	RRP	89	𐑮𐑰𐑱𐑡𐑩𐑯𐑑	riːˈeɪdʒənt	
real	𐑮𐑰𐑩𐑤	riːəl	RRP	89	𐑮𐑱𐑭𐑤, 𐑮𐑾𐑤	rɪəl	
realism	𐑮𐑦𐑩𐑤𐑦𐑟𐑥	riəlɪzm	RRP	89	𐑮𐑾𐑤𐑦𐑟𐑩𐑥	ˈrɪəlɪzəm	
realizable	𐑮𐑾𐑤𐑲𐑟𐑩𐑚𐑤	rɪəlaɪzəbl	RRP	89	𐑮𐑾𐑤𐑲𐑟𐑩𐑚𐑩𐑤	ˌrɪəˈlaɪzəbəl	
realty	𐑮𐑦𐑩𐑤𐑑𐑦	riəlti	RRP	89	𐑮𐑾𐑤𐑑𐑦	ˈrɪəlti	
reanimate	𐑮𐑦𐑨𐑯𐑦𐑥𐑱𐑑	riænɪmeɪt	RRP	89	𐑮𐑰𐑨𐑯𐑦𐑥𐑱𐑑	riːˈænɪmeɪt	
reassure	𐑮𐑦𐑩𐑖𐑫𐑼	riəʃʊəR	RRP	89	𐑮𐑰𐑩𐑖𐑫𐑼	ˌriː+əˈʃʊəR	
reassuring	𐑮𐑰𐑼𐑖𐑹𐑦𐑙	riːəRʃɔːrɪŋ	RRP	89	𐑮𐑰𐑩𐑖𐑫𐑼𐑦𐑙	ˌriː+əˈʃʊərɪŋ	
rebellion	𐑮𐑦𐑚𐑧𐑤𐑦𐑩𐑯	rɪbeliən	RRP	89	𐑮𐑦𐑚𐑧𐑤𐑘𐑩𐑯	rɪˈbeljən	
rebellious	𐑮𐑩𐑚𐑧𐑤𐑦𐑩𐑕	rəbeliəs	RRP	89	𐑮𐑦𐑚𐑧𐑤𐑘𐑩𐑕	rɪˈbeljəs	
rebind	𐑮𐑦𐑚𐑲𐑯𐑛	ribaɪnd	RRP	89	𐑮𐑰𐑚𐑲𐑯𐑛	ˌriːˈbaɪnd	
rebirth	𐑮𐑦𐑚𐑻𐑔	ribɜːRθ	RRP	89	𐑮𐑰𐑚𐑻𐑔	ˌriːˈbɜːRθ	
recant	𐑮𐑩𐑒𐑨𐑯𐑑	rəkænt	RRP	89	𐑮𐑦𐑒𐑨𐑯𐑑	rɪˈkænt	
recapitulation	𐑮𐑰𐑒𐑩𐑐𐑦𐑑𐑘𐑩𐑤𐑱𐑖𐑯	riːkəpɪtjəleɪʃn	RRP	89	𐑮𐑰𐑒𐑩𐑐𐑦𐑗𐑩𐑤𐑱𐑖𐑩𐑯	ˌriːkəˌpɪtʃəˈleɪʃən	
recipe	𐑮𐑧𐑕𐑦𐑐𐑦	resɪpi	RRP	89	𐑮𐑧𐑕𐑩𐑐𐑦	ˈresəpi	
recipient	𐑮𐑩𐑕𐑦𐑐𐑦𐑩𐑯𐑑	rəsɪpiənt	RRP	89	𐑮𐑦𐑕𐑦𐑐𐑾𐑯𐑑	rɪˈsɪpɪənt	
reciprocal	𐑮𐑦𐑕𐑦𐑐𐑮𐑩𐑒𐑤	rɪsɪprəkl	RRP	89	𐑮𐑦𐑕𐑦𐑐𐑮𐑩𐑒𐑩𐑤	rɪˈsɪprəkəl	
recitation	𐑮𐑧𐑕𐑩𐑑𐑱𐑖𐑩𐑯	resəteɪʃən	RRP	89	𐑮𐑧𐑕𐑦𐑑𐑱𐑖𐑩𐑯	ˌresɪˈteɪʃən	
recognise	𐑮𐑧𐑒𐑩𐑯𐑲𐑟	rekənaɪz	RRP	89	𐑮𐑧𐑒𐑩𐑜𐑯𐑲𐑟	ˈrekəɡnaɪz	
reconciliation	𐑮𐑧𐑒𐑯𐑕𐑦𐑤𐑦𐑱𐑖𐑯	reknsɪlɪeɪʃn	RRP	89	𐑮𐑧𐑒𐑩𐑯𐑕𐑦𐑤𐑦𐑱𐑖𐑩𐑯	ˌrekənˌsɪlɪˈeɪʃən	
recondite	𐑮𐑧𐑒𐑯𐑛𐑲𐑑	rekndaɪt	RRP	89	𐑮𐑧𐑒𐑩𐑯𐑛𐑲𐑑	ˈrekəndaɪt	
reconnaissance	𐑮𐑦𐑒𐑪𐑯𐑩𐑕𐑩𐑯𐑕	rɪkɒnəsəns	RRP	89	𐑮𐑦𐑒𐑪𐑯𐑦𐑕𐑩𐑯𐑕	rɪˈkɒnɪsəns	
recount	𐑮𐑰𐑒𐑬𐑯𐑑	riːkaʊnt	RRP	89	𐑮𐑦𐑒𐑬𐑯𐑑	rɪˈkaʊnt	
recrimination	𐑮𐑦𐑒𐑮𐑦𐑥𐑩𐑯𐑱𐑖𐑩𐑯	rikrɪməneɪʃən	RRP	89	𐑮𐑦𐑒𐑮𐑦𐑥𐑦𐑯𐑱𐑖𐑩𐑯	rɪˌkrɪmɪˈneɪʃən	
recrudescence	𐑮𐑰𐑒𐑮𐑵𐑛𐑧𐑕𐑯𐑕	riːkruːdesns	RRP	89	𐑮𐑰𐑒𐑮𐑵𐑛𐑧𐑕𐑩𐑯𐑕	ˌriːkruːˈdesəns	
rectify	𐑮𐑧𐑒𐑑𐑩𐑓𐑲	rektəfaɪ	RRP	89	𐑮𐑧𐑒𐑑𐑦𐑓𐑲	ˈrektɪfaɪ	
recurve	𐑮𐑦𐑒𐑻𐑝	rɪkɜːRv	RRP	89	𐑮𐑰𐑒𐑻𐑝	ˌriːˈkɜːRv	
recusant	𐑮𐑧𐑒𐑘𐑩𐑟𐑩𐑯𐑑	rekjəzənt	RRP	89	𐑮𐑦𐑒𐑿𐑟𐑩𐑯𐑑	ˈrɪkjuːzənt	
recycle	𐑮𐑩𐑕𐑲𐑒𐑩𐑤	rəsaɪkəl	RRP	89	𐑮𐑰𐑕𐑲𐑒𐑩𐑤	ˌriːˈsaɪkəl	
redaction	𐑮𐑩𐑛𐑨𐑒𐑖𐑩𐑯	rədækʃən	RRP	89	𐑮𐑦𐑛𐑨𐑒𐑖𐑩𐑯	rɪˈdækʃən	
redistribution	𐑮𐑰𐑛𐑦𐑕𐑑𐑮𐑩𐑚𐑿𐑖𐑩𐑯	riːdɪstrəbjuːʃən	RRP	89	𐑮𐑰𐑛𐑦𐑕𐑑𐑮𐑦𐑚𐑿𐑖𐑩𐑯	ˌriːdɪstrɪˈbjuːʃən	
redline	𐑮𐑧𐑛 𐑤𐑲𐑯	red laɪn	RRP	89	𐑮𐑧𐑛𐑤𐑲𐑯	ˈredlaɪn	
redolence	𐑮𐑧𐑛𐑩𐑤𐑩𐑯𐑑𐑕	redələnts	RRP	89	𐑮𐑧𐑛𐑩𐑤𐑩𐑯𐑕	ˈredələns	
redundancy	𐑮𐑦𐑛𐑳𐑯𐑛𐑯𐑕𐑦	rɪdʌndnsi	RRP	89	𐑮𐑦𐑛𐑳𐑯𐑛𐑩𐑯𐑕𐑦	rɪˈdʌndənsi	
refectory	𐑮𐑦𐑓𐑧𐑒𐑑𐑮𐑦	rɪfektri	RRP	89	𐑮𐑦𐑓𐑧𐑒𐑑𐑼𐑦	rɪˈfektəri	
reference	𐑮𐑧𐑓𐑮𐑼𐑯𐑕	refrəRns	RRP	89	𐑮𐑧𐑓𐑼𐑩𐑯𐑕	ˈrefərəns	
referent	𐑮𐑧𐑓𐑮𐑼𐑯𐑑	refrəRnt	RRP	89	𐑮𐑧𐑓𐑼𐑩𐑯𐑑	ˈrefərənt	
refined	𐑮𐑰𐑓𐑲𐑯𐑛	riːfaɪnd	RRP	89	𐑮𐑦𐑓𐑲𐑯𐑛	rɪˈfaɪnd	
refinement	𐑮𐑩𐑓𐑲𐑯𐑥𐑩𐑯𐑑	rəfaɪnmənt	RRP	89	𐑮𐑦𐑓𐑲𐑯𐑥𐑩𐑯𐑑	rɪˈfaɪnmənt	
reflexion	𐑮𐑦𐑓𐑤𐑧𐑒𐑖𐑯	rɪflekʃn	RRP	89	𐑮𐑦𐑓𐑤𐑧𐑒𐑖𐑩𐑯	rɪˈflekʃən	
reflexive	𐑮𐑩𐑓𐑤𐑧𐑒𐑕𐑦𐑝	rəfleksɪv	RRP	89	𐑮𐑦𐑓𐑤𐑧𐑒𐑕𐑦𐑝	rɪˈfleksɪv	
reform	𐑮𐑰𐑓𐑹𐑥	riːfɔːRm	RRP	89	𐑮𐑦𐑓𐑹𐑥	rɪˈfɔːRm	
refraction	𐑮𐑩𐑓𐑮𐑨𐑒𐑖𐑩𐑯	rəfrækʃən	RRP	89	𐑮𐑦𐑓𐑮𐑨𐑒𐑖𐑩𐑯	rɪˈfrækʃən	
refreshing	𐑮𐑩𐑓𐑮𐑧𐑖𐑦𐑙	rəfreʃɪŋ	RRP	89	𐑮𐑦𐑓𐑮𐑧𐑖𐑦𐑙	rɪˈfreʃɪŋ	
refugee	𐑮𐑧𐑓𐑘𐑩𐑡𐑰	refjədʒiː	RRP	89	𐑮𐑧𐑓𐑘𐑫𐑡𐑰	ˌrefjʊˈdʒiː	
refulgence	𐑮𐑦𐑓𐑳𐑤𐑡𐑩𐑯𐑑𐑕	rɪfʌldʒənts	RRP	89	𐑮𐑦𐑓𐑳𐑤𐑡𐑩𐑯𐑕	rɪˈfʌldʒəns	
refulgent	𐑮𐑩𐑓𐑳𐑤𐑡𐑩𐑯𐑑	rəfʌldʒənt	RRP	89	𐑮𐑦𐑓𐑳𐑤𐑡𐑩𐑯𐑑	rɪˈfʌldʒənt	
regain	𐑮𐑰𐑜𐑱𐑯	riːɡeɪn	RRP	89	𐑮𐑦𐑜𐑱𐑯	rɪˈɡeɪn	
regalia	𐑮𐑩𐑜𐑱𐑤𐑦𐑩	rəɡeɪliə	RRP	89	𐑮𐑦𐑜𐑱𐑤𐑾	rɪˈɡeɪlɪə	
regardful	𐑮𐑦𐑜𐑸𐑛𐑓𐑫𐑤	rɪɡɑːRdfʊl	RRP	89	𐑮𐑦𐑜𐑸𐑛𐑓𐑩𐑤	rɪˈɡɑːRdfəl	
regenerate	𐑮𐑰𐑡𐑧𐑯𐑼𐑱𐑑	riːdʒenəreɪt	RRP	89	𐑮𐑦𐑡𐑧𐑯𐑼𐑩𐑑, 𐑮𐑦𐑡𐑧𐑯𐑼𐑱𐑑	rɪˈdʒenərət	
regicide	𐑮𐑧𐑡𐑩𐑕𐑲𐑛	redʒəsaɪd	RRP	89	𐑮𐑧𐑡𐑦𐑕𐑲𐑛	ˈredʒɪsaɪd	
regime	𐑮𐑩𐑠𐑰𐑥	rəʒiːm	RRP	89	𐑮𐑱𐑠𐑰𐑥	reɪˈʒiːm	
regression	𐑮𐑰𐑜𐑮𐑧𐑖𐑩𐑯	riːɡreʃən	RRP	89	𐑮𐑦𐑜𐑮𐑧𐑖𐑩𐑯	rɪˈɡreʃən	
regroup	𐑮𐑦𐑜𐑮𐑵𐑐	riɡruːp	RRP	89	𐑮𐑰𐑜𐑮𐑵𐑐	ˌriːˈɡruːp	
regularity	𐑮𐑧𐑜𐑘𐑫𐑤𐑨𐑮𐑼𐑑𐑦	reɡjulærəRti	RRP	89	𐑮𐑧𐑜𐑘𐑩𐑤𐑨𐑮𐑦𐑑𐑦	ˌreɡjəˈlærɪti	
regulatory	𐑮𐑧𐑜𐑘𐑩𐑤𐑼𐑑𐑮𐑦	reɡjələRtri	RRP	89	𐑮𐑧𐑜𐑘𐑩𐑤𐑩𐑑𐑼𐑦	ˈreɡjələtəri	
reiterate	𐑮𐑦𐑦𐑑𐑼𐑱𐑑	riɪtəreɪt	RRP	89	𐑮𐑰𐑦𐑑𐑼𐑱𐑑	riːˈɪtəreɪt	
rejection	𐑮𐑩𐑡𐑧𐑒𐑖𐑩𐑯	rədʒekʃən	RRP	89	𐑮𐑦𐑡𐑧𐑒𐑖𐑩𐑯	rɪˈdʒekʃən	
rejig	𐑮𐑦𐑡𐑦𐑜	ridʒɪɡ	RRP	89	𐑮𐑰𐑡𐑦𐑜	ˌriːˈdʒɪɡ	
relationship	𐑮𐑦𐑤𐑱𐑖𐑯𐑖𐑦𐑐	rɪleɪʃnʃɪp	RRP	89	𐑮𐑦𐑤𐑱𐑖𐑩𐑯𐑖𐑦𐑐	rɪˈleɪʃənʃɪp	
relativistic	𐑮𐑧𐑤𐑩𐑑𐑩𐑝𐑦𐑕𐑑𐑦𐑒	relətəvɪstɪk	RRP	89	𐑮𐑧𐑤𐑩𐑑𐑦𐑝𐑦𐑕𐑑𐑦𐑒	ˌrelətɪˈvɪstɪk	
relaxation	𐑮𐑦𐑤𐑨𐑒𐑕𐑱𐑖𐑩𐑯	rilækseɪʃən	RRP	89	𐑮𐑰𐑤𐑨𐑒𐑕𐑱𐑖𐑩𐑯	ˌriːlækˈseɪʃən	
relevancy	𐑮𐑧𐑤𐑦𐑝𐑩𐑯𐑕𐑦	relɪvənsi	RRP	89	𐑮𐑧𐑤𐑩𐑝𐑩𐑯𐑕𐑦	ˈreləvənsi	
reliquary	𐑮𐑧𐑤𐑦𐑒𐑢𐑧𐑮𐑦	relɪkweri	RRP	89	𐑮𐑧𐑤𐑦𐑒𐑢𐑼𐑦	ˈrelɪkwəri	
remembering	𐑮𐑦𐑥𐑧𐑥𐑚𐑮𐑦𐑙	rɪmembrɪŋ	RRP	89	𐑮𐑦𐑥𐑧𐑥𐑚𐑼𐑦𐑙	rɪˈmembərɪŋ	
remind	𐑮𐑩𐑥𐑲𐑯𐑛	rəmaɪnd	RRP	89	𐑮𐑦𐑥𐑲𐑯𐑛	rɪˈmaɪnd	
reminisce	𐑮𐑧𐑥𐑩𐑯𐑦𐑕	remənɪs	RRP	89	𐑮𐑧𐑥𐑦𐑯𐑦𐑕	ˌremɪˈnɪs	
reminiscence	𐑮𐑧𐑥𐑩𐑯𐑦𐑕𐑩𐑯𐑕	remənɪsəns	RRP	89	𐑮𐑧𐑥𐑦𐑯𐑦𐑕𐑩𐑯𐑕	ˌremɪˈnɪsəns	
reminiscent	𐑮𐑧𐑥𐑩𐑯𐑦𐑕𐑯𐑑	remənɪsnt	RRP	89	𐑮𐑧𐑥𐑦𐑯𐑦𐑕𐑩𐑯𐑑	ˌremɪˈnɪsənt	
remiss	𐑮𐑩𐑥𐑦𐑕	rəmɪs	RRP	89	𐑮𐑦𐑥𐑦𐑕	rɪˈmɪs	
remission	𐑮𐑦𐑥𐑦𐑖𐑯	rɪmɪʃn	RRP	89	𐑮𐑦𐑥𐑦𐑖𐑩𐑯	rɪˈmɪʃən	
remorseful	𐑮𐑦𐑥𐑹𐑕𐑓𐑫𐑤	rɪmɔːRsfʊl	RRP	89	𐑮𐑦𐑥𐑹𐑕𐑓𐑩𐑤	rɪˈmɔːRsfəl	
removal	𐑮𐑩𐑥𐑵𐑝𐑩𐑤	rəmuːvəl	RRP	89	𐑮𐑦𐑥𐑵𐑝𐑩𐑤	rɪˈmuːvəl	
remunerative	𐑮𐑦𐑥𐑿𐑯𐑮𐑼𐑑𐑦𐑝	rɪmjuːnrəRtɪv	RRP	89	𐑮𐑦𐑥𐑿𐑯𐑼𐑩𐑑𐑦𐑝	rɪˈmjuːnərətɪv	
renaissance	𐑮𐑩𐑯𐑱𐑕𐑯𐑕	rəneɪsns	RRP	89	𐑮𐑦𐑯𐑱𐑕𐑩𐑯𐑕	rɪˈneɪsəns	
renascence	𐑮𐑦𐑯𐑱𐑕𐑯𐑕	rɪneɪsns	RRP	89	𐑮𐑦𐑯𐑱𐑕𐑩𐑯𐑕	rɪˈneɪsəns	
renascent	𐑮𐑦𐑯𐑨𐑕𐑩𐑯𐑑	rɪnæsənt	RRP	89	𐑮𐑦𐑯𐑱𐑕𐑩𐑯𐑑	rɪˈneɪsənt	
rendezvous	𐑮𐑪𐑯𐑛𐑦𐑝𐑵	rɒndɪvuː	RRP	89	𐑮𐑪𐑯𐑛𐑱𐑝𐑵	ˈrɒndeɪvuː	
rendition	𐑮𐑧𐑯𐑛𐑦𐑖𐑯	rendɪʃn	RRP	89	𐑮𐑧𐑯𐑛𐑦𐑖𐑩𐑯	renˈdɪʃən	
renegade	𐑮𐑧𐑯𐑩𐑜𐑱𐑛	renəɡeɪd	RRP	89	𐑮𐑧𐑯𐑦𐑜𐑱𐑛	ˈrenɪɡeɪd	
renege	𐑮𐑦𐑯𐑱𐑜	rɪneɪɡ	RRP	89	𐑮𐑦𐑯𐑧𐑜	rɪˈneɡ	
renovate	𐑮𐑧𐑯𐑴𐑝𐑱𐑑	renəʊveɪt	RRP	89	𐑮𐑧𐑯𐑩𐑝𐑱𐑑	ˈrenəveɪt	
reparable	𐑮𐑧𐑐𐑮𐑼𐑚𐑤	reprəRbl	RRP	89	𐑮𐑧𐑐𐑼𐑩𐑚𐑩𐑤	ˈrepərəbəl	
repatriate	𐑮𐑰𐑐𐑱𐑑𐑮𐑦𐑱𐑑	riːpeɪtrieɪt	RRP	89	𐑮𐑰𐑐𐑨𐑑𐑮𐑦𐑱𐑑	riːˈpætrieɪt	
repeal	𐑮𐑩𐑐𐑰𐑤	rəpiːl	RRP	89	𐑮𐑦𐑐𐑰𐑤	rɪˈpiːl	
repellent	𐑮𐑩𐑐𐑧𐑤𐑩𐑯𐑑	rəpelənt	RRP	89	𐑮𐑦𐑐𐑧𐑤𐑩𐑯𐑑	rɪˈpelənt	
repertory	𐑮𐑧𐑐𐑼𐑑𐑮𐑦	repəRtri	RRP	89	𐑮𐑧𐑐𐑼𐑑𐑼𐑦	ˈrepəRtəri	
repetition	𐑮𐑧𐑐𐑩𐑑𐑦𐑖𐑩𐑯	repətɪʃən	RRP	89	𐑮𐑧𐑐𐑦𐑑𐑦𐑖𐑩𐑯	ˌrepɪˈtɪʃən	
repetitious	𐑮𐑧𐑐𐑩𐑑𐑦𐑖𐑩𐑕	repətɪʃəs	RRP	89	𐑮𐑧𐑐𐑦𐑑𐑦𐑖𐑩𐑕	ˌrepɪˈtɪʃəs	
replicate	𐑮𐑧𐑐𐑤𐑩𐑒𐑱𐑑	repləkeɪt	RRP	89	𐑮𐑧𐑐𐑤𐑦𐑒𐑱𐑑	ˈreplɪkeɪt	
reportage	𐑮𐑦𐑐𐑹𐑑𐑦𐑡	rɪpɔːRtɪdʒ	RRP	89	𐑮𐑧𐑐𐑹𐑑𐑭𐑠	ˌrepɔːRˈtɑːʒ	
representation	𐑮𐑧𐑐𐑮𐑩𐑟𐑧𐑯𐑑𐑱𐑖𐑩𐑯	reprəzenteɪʃən	RRP	89	𐑮𐑧𐑐𐑮𐑦𐑟𐑧𐑯𐑑𐑱𐑖𐑩𐑯	ˌreprɪzenˈteɪʃən	
representative	𐑮𐑧𐑐𐑮𐑦𐑟𐑧𐑯𐑑𐑦𐑝	reprɪzentɪv	RRP	89	𐑮𐑧𐑐𐑮𐑦𐑟𐑧𐑯𐑑𐑩𐑑𐑦𐑝	ˌreprɪˈzentətɪv	
repress	𐑮𐑩𐑐𐑮𐑧𐑕	rəpres	RRP	89	𐑮𐑦𐑐𐑮𐑧𐑕	rɪˈpres	
reprobate	𐑮𐑧𐑐𐑮𐑩𐑚𐑩𐑑	reprəbət	RRP	89	𐑮𐑧𐑐𐑮𐑩𐑚𐑱𐑑	ˈreprəbeɪt	
reproduce	𐑮𐑦𐑐𐑮𐑴𐑛𐑘𐑫𐑕	riproʊdjus	RRP	89	𐑮𐑰𐑐𐑮𐑩𐑛𐑵𐑕, 𐑮𐑰𐑐𐑮𐑩𐑛𐑿𐑕	ˌriːprəˈdjuːs	
reptile	𐑮𐑦𐑐𐑑𐑲𐑤	rɪptaɪl	RRP	89	𐑮𐑧𐑐𐑑𐑲𐑤	ˈreptaɪl	
reptilian	𐑮𐑧𐑐𐑑𐑦𐑤𐑦𐑩𐑯	reptɪliən	RRP	89	𐑮𐑧𐑐𐑑𐑦𐑤𐑾𐑯	repˈtɪlɪən	
requisite	𐑮𐑦𐑒𐑢𐑦𐑟𐑦𐑑	rɪkwɪzɪt	RRP	89	𐑮𐑧𐑒𐑢𐑦𐑟𐑦𐑑	ˈrekwɪzɪt	
reredos	𐑮𐑦𐑮𐑦𐑛𐑪𐑕	rirɪdɒs	RRP	89	𐑮𐑽𐑛𐑪𐑕	ˈrɪəRdɒs	
rerun	𐑮𐑦𐑮𐑳𐑯	rirʌn	RRP	89	𐑮𐑰𐑮𐑳𐑯	ˈriːˌrʌn	
resemblance	𐑮𐑩𐑟𐑧𐑥𐑚𐑤𐑩𐑯𐑕	rəzembləns	RRP	89	𐑮𐑦𐑟𐑧𐑥𐑚𐑤𐑩𐑯𐑕	rɪˈzembləns	
resemble	𐑮𐑦𐑟𐑧𐑥𐑚𐑤	rɪzembl	RRP	89	𐑮𐑦𐑟𐑧𐑥𐑚𐑩𐑤	rɪˈzembəl	
resident	𐑮𐑧𐑟𐑦𐑛𐑯𐑑	rezɪdnt	RRP	89	𐑮𐑧𐑟𐑦𐑛𐑩𐑯𐑑	ˈrezɪdənt	
residual	𐑮𐑦𐑟𐑦𐑡𐑫𐑼𐑤	rɪzɪdʒʊəRl	RRP	89	𐑮𐑦𐑟𐑦𐑡𐑫𐑩𐑤	rɪˈzɪdʒuəl	
resilience	𐑮𐑩𐑟𐑦𐑤𐑾𐑯𐑕	rəzɪlɪəns	RRP	89	𐑮𐑦𐑟𐑦𐑤𐑾𐑯𐑕	rɪˈzɪlɪəns	
resolution	𐑮𐑧𐑟𐑩𐑤𐑵𐑖𐑯	rezəluːʃn	RRP	89	𐑮𐑧𐑟𐑩𐑤𐑵𐑖𐑩𐑯	ˌrezəˈluːʃən	
resource	𐑮𐑦𐑕𐑹𐑕	rɪsɔːRs	RRP	89	𐑮𐑦𐑟𐑹𐑕	rɪˈzɔːRs	
respiratory	𐑮𐑦𐑕𐑐𐑦𐑮𐑼𐑑𐑮𐑦	rɪspɪrəRtri	RRP	89	𐑮𐑦𐑕𐑐𐑦𐑮𐑩𐑑𐑼𐑦	rɪˈspɪrətəri	
respite	𐑮𐑧𐑕𐑐𐑦𐑑	respɪt	RRP	89	𐑮𐑧𐑕𐑐𐑲𐑑	ˈrespaɪt	
respond	𐑮𐑩𐑕𐑐𐑪𐑯𐑛	rəspɒnd	RRP	89	𐑮𐑦𐑕𐑐𐑪𐑯𐑛	rɪˈspɒnd	
responder	𐑮𐑩𐑕𐑐𐑪𐑯𐑛𐑼	rəspɒndəR	RRP	89	𐑮𐑦𐑕𐑐𐑪𐑯𐑛𐑼	rɪˈspɒndəR	
restart	𐑮𐑦𐑕𐑑𐑸𐑑	rɪstɑːRt	RRP	89	𐑮𐑰𐑕𐑑𐑸𐑑	riːˈstɑːRt	
restful	𐑮𐑧𐑕𐑓𐑤	resfl	RRP	89	𐑮𐑧𐑕𐑑𐑓𐑩𐑤	ˈrestfəl	
restitution	𐑮𐑧𐑕𐑑𐑦𐑑𐑘𐑫𐑖𐑩𐑯	restɪtjuʃən	RRP	89	𐑮𐑧𐑕𐑑𐑦𐑑𐑵𐑖𐑩𐑯, 𐑮𐑧𐑕𐑑𐑦𐑑𐑿𐑖𐑩𐑯	ˌrestɪˈtjuːʃən	
restorative	𐑮𐑦𐑕𐑑𐑪𐑮𐑼𐑑𐑦𐑝	rɪstɒrəRtɪv	RRP	89	𐑮𐑦𐑕𐑑𐑹𐑩𐑑𐑦𐑝	rɪˈstɔːrətɪv	
resume	𐑮𐑧𐑟𐑫𐑥𐑱	rezʊmeɪ	RRP	89	𐑮𐑦𐑟𐑿𐑥, 𐑮𐑧𐑟𐑿𐑥𐑱	ˈrezjuːmeɪ	
retail	𐑮𐑦𐑑𐑱𐑤	riteɪl	RRP	89	𐑮𐑰𐑑𐑱𐑤	ˈriːteɪl	
retaliatory	𐑮𐑦𐑑𐑨𐑤𐑾𐑑𐑮𐑦	rɪtælɪətrɪ	RRP	89	𐑮𐑦𐑑𐑨𐑤𐑾𐑑𐑼𐑦	rɪˈtælɪətəri	
retell	𐑮𐑦𐑑𐑧𐑤	ritel	RRP	89	𐑮𐑰𐑑𐑧𐑤	ˌriːˈtel	
reticence	𐑮𐑧𐑑𐑦𐑕𐑯𐑕	retɪsns	RRP	89	𐑮𐑧𐑑𐑦𐑕𐑩𐑯𐑕	ˈretɪsəns	
retinal	𐑮𐑧𐑑𐑩𐑯𐑨𐑤	retənæl	RRP	89	𐑮𐑧𐑑𐑦𐑯𐑩𐑤	ˈretɪnəl	
retire	𐑮𐑩𐑑𐑲𐑼	rətaɪəR	RRP	89	𐑮𐑦𐑑𐑲𐑼	rɪˈtaɪəR	
retired	𐑮𐑦𐑑𐑳𐑽𐑛	rɪtʌɪəRd	RRP	89	𐑮𐑦𐑑𐑲𐑼𐑛	rɪˈtaɪəRd	
retiring	𐑮𐑩𐑑𐑲𐑮𐑦𐑙	rətaɪrɪŋ	RRP	89	𐑮𐑦𐑑𐑲𐑼𐑦𐑙	rɪˈtaɪərɪŋ	
retouch	𐑮𐑦𐑑𐑳𐑗	rɪtʌtʃ	RRP	89	𐑮𐑰𐑑𐑳𐑗	ˌriːˈtʌtʃ	
retract	𐑮𐑩𐑑𐑮𐑨𐑒𐑑	rətrækt	RRP	89	𐑮𐑦𐑑𐑮𐑨𐑒𐑑	rɪˈtrækt	
retractable	𐑮𐑦𐑑𐑮𐑨𐑒𐑑𐑦𐑚𐑩𐑤	ritræktɪbəl	RRP	89	𐑮𐑦𐑑𐑮𐑨𐑒𐑑𐑩𐑚𐑩𐑤	rɪˈtræktəbəl	
retreat	𐑮𐑩𐑑𐑮𐑰𐑑	rətriːt	RRP	89	𐑮𐑦𐑑𐑮𐑰𐑑	rɪˈtriːt	
retrench	𐑮𐑦𐑑𐑮𐑧𐑯𐑖	rɪtrenʃ	RRP	89	𐑮𐑦𐑑𐑮𐑧𐑯𐑗	rɪˈtrentʃ	
retribution	𐑮𐑧𐑑𐑮𐑦𐑚𐑘𐑫𐑖𐑩𐑯	retrɪbjuʃən	RRP	89	𐑮𐑧𐑑𐑮𐑦𐑚𐑿𐑖𐑩𐑯	ˌretrɪˈbjuːʃən	
retributive	𐑮𐑦𐑑𐑮𐑦𐑚𐑘𐑫𐑑𐑦𐑝	rɪtrɪbjutɪv	RRP	89	𐑮𐑦𐑑𐑮𐑦𐑚𐑘𐑩𐑑𐑦𐑝	rɪˈtrɪbjətɪv	
retrieve	𐑮𐑦𐑑𐑮𐑦𐑝	rɪtriv	RRP	89	𐑮𐑦𐑑𐑮𐑰𐑝	rɪˈtriːv	
retriever	𐑮𐑦𐑑𐑮𐑦𐑝𐑼	ritrivər	RRP	89	𐑮𐑦𐑑𐑮𐑰𐑝𐑼	rɪˈtriːvəR	
retrospect	𐑮𐑧𐑑𐑮𐑪𐑕𐑐𐑧𐑒𐑑	retrospekt	RRP	89	𐑮𐑧𐑑𐑮𐑩𐑕𐑐𐑧𐑒𐑑	ˈretrəspekt	
reveal	𐑮𐑩𐑝𐑰𐑤	rəviːl	RRP	89	𐑮𐑦𐑝𐑰𐑤	rɪˈviːl	
revealing	𐑮𐑩𐑝𐑰𐑤𐑦𐑙	rəviːlɪŋ	RRP	89	𐑮𐑦𐑝𐑰𐑤𐑦𐑙	rɪˈviːlɪŋ	
revengeful	𐑮𐑦𐑝𐑧𐑯𐑡𐑓𐑫𐑤	rɪvendʒfʊl	RRP	89	𐑮𐑦𐑝𐑧𐑯𐑡𐑓𐑩𐑤	rɪˈvendʒfəl	
reverberant	𐑮𐑦𐑝𐑻𐑚𐑼𐑼𐑯𐑑	rɪvɜːRbərəRnt	RRP	89	𐑮𐑦𐑝𐑻𐑚𐑼𐑩𐑯𐑑	rɪˈvɜːRbərənt	
revere	𐑮𐑩𐑝𐑰𐑮	rəviːr	RRP	89	𐑮𐑦𐑝𐑽	rɪˈvɪəR	
reverence	𐑮𐑧𐑝𐑼𐑼𐑯𐑕	revərəRns	RRP	89	𐑮𐑧𐑝𐑼𐑩𐑯𐑕	ˈrevərəns	
reverend	𐑮𐑧𐑝𐑮𐑼𐑯𐑛	revrəRnd	RRP	89	𐑮𐑧𐑝𐑼𐑩𐑯𐑛	ˈrevərənd	
reverent	𐑮𐑧𐑝𐑮𐑼𐑯𐑑	revrəRnt	RRP	89	𐑮𐑧𐑝𐑼𐑩𐑯𐑑	ˈrevərənt	
reversionary	𐑮𐑦𐑝𐑻𐑠𐑼𐑯𐑼𐑦	rɪvɜːRʒəRnəri	RRP	89	𐑮𐑦𐑝𐑻𐑠𐑩𐑯𐑼𐑦	rɪˈvɜːRʒənəri	
revertible	𐑮𐑦𐑝𐑻𐑑𐑦𐑚𐑩𐑤	rɪvɜːRtɪbəl	RRP	89	𐑮𐑦𐑝𐑻𐑑𐑩𐑚𐑩𐑤	rɪˈvɜːRtəbəl	
revile	𐑮𐑩𐑝𐑲𐑤	rəvaɪl	RRP	89	𐑮𐑦𐑝𐑲𐑤	rɪˈvaɪl	
revivify	𐑮𐑰𐑝𐑦𐑝𐑦𐑓𐑳𐑦	riːvɪvɪfʌɪ	RRP	89	𐑮𐑰𐑝𐑦𐑝𐑦𐑓𐑲	riːˈvɪvɪfaɪ	
revolutionary	𐑮𐑧𐑝𐑩𐑤𐑵𐑖𐑼𐑯𐑮𐑦	revəluːʃəRnri	RRP	89	𐑮𐑧𐑝𐑩𐑤𐑵𐑖𐑩𐑯𐑼𐑦	ˌrevəˈluːʃənəri	
revue	𐑮𐑩𐑝𐑿	rəvjuː	RRP	89	𐑮𐑦𐑝𐑿	rɪˈvjuː	
rhea	𐑮𐑰𐑩	riːə	RRP	89	𐑮𐑾	rɪə	
rheostat	𐑮𐑰𐑩𐑕𐑑𐑨𐑑	riːəstæt	RRP	89	𐑮𐑾𐑕𐑑𐑨𐑑	ˈriːəstæt	
rheumatism	𐑮𐑫𐑥𐑩𐑑𐑦𐑟𐑩𐑥	rumətɪzəm	RRP	89	𐑮𐑵𐑥𐑩𐑑𐑦𐑟𐑩𐑥	ˈruːmətɪzəm	
rhinoceros	𐑮𐑲𐑯𐑪𐑕𐑼𐑼𐑕	raɪnɒsərəRs	RRP	89	𐑮𐑲𐑯𐑪𐑕𐑼𐑩𐑕	raɪˈnɒsərəs	
rhythm	𐑮𐑦𐑞𐑥	rɪðm	RRP	89	𐑮𐑦𐑞𐑩𐑥	ˈrɪðəm	
rickets	𐑮𐑦𐑒𐑩𐑑𐑕	rɪkəts	RRP	89	𐑮𐑦𐑒𐑦𐑑𐑕	ˈrɪkɪts	
rickety	𐑮𐑦𐑒𐑦𐑑𐑦	rɪkɪti	RRP	89	𐑮𐑦𐑒𐑩𐑑𐑦	ˈrɪkəti	
rigid	𐑮𐑦𐑡𐑩𐑛	rɪdʒƏd	RRP	89	𐑮𐑦𐑡𐑦𐑛	ˈrɪdʒɪd	
rigorous	𐑮𐑦𐑜𐑼𐑼𐑕	rɪɡərəRs	RRP	89	𐑮𐑦𐑜𐑼𐑩𐑕	ˈrɪɡərəs	
riot	𐑮𐑲𐑦𐑑	raɪɪt	RRP	89	𐑮𐑲𐑩𐑑	ˈraɪət	
riparian	𐑮𐑳𐑦𐑐𐑻𐑾𐑯	rʌɪpɜːrɪən	RRP	89	𐑮𐑲𐑐𐑺𐑾𐑯	raɪˈpeərɪən	
riposte	𐑮𐑦𐑐𐑴𐑕𐑑	rɪpəʊst	RRP	89	𐑮𐑦𐑐𐑪𐑕𐑑	rɪˈpɒst	
rodomontade	𐑮𐑪𐑛𐑩𐑥𐑪𐑯𐑑𐑭𐑛	rɒdəmɒntɑːd	RRP	89	𐑮𐑪𐑛𐑩𐑥𐑪𐑯𐑑𐑱𐑛	ˌrɒdəmɒnˈteɪd	
roentgen	𐑮𐑻𐑯𐑑𐑜𐑩𐑯	rɜːRntɡən	RRP	89	𐑮𐑪𐑯𐑑𐑘𐑩𐑯	ˈrɒntjən	
roly-poly	𐑮𐑴𐑤𐑦𐑐𐑴𐑤𐑦	rəʊlɪpəʊli	RRP	89	𐑮𐑴𐑤𐑦-𐑐𐑴𐑤𐑦	ˌrəʊli-ˈpəʊli	
romanian	𐑮𐑴𐑥𐑱𐑯𐑦𐑩𐑯	roʊmeɪniən	RRP	89	𐑮𐑴𐑥𐑱𐑯𐑾𐑯	rəʊˈmeɪnɪən	
rooibos	𐑮𐑶𐑚𐑷𐑕	rɔɪbɔs	RRP	89	𐑮𐑶𐑚𐑪𐑕	ˈrɔɪbɒs	
rosin	𐑮𐑪𐑟𐑩𐑯	rɒzən	RRP	89	𐑮𐑪𐑟𐑦𐑯	ˈrɒzɪn	
rotarian	𐑮𐑴𐑑𐑺𐑦𐑩𐑯	rəʊteəriən	RRP	89	𐑮𐑴𐑑𐑺𐑾𐑯	rəʊˈteərɪən	
rotatory	𐑮𐑴𐑑𐑱𐑑𐑼𐑦	rəʊteɪtəri	RRP	89	𐑮𐑴𐑑𐑩𐑑𐑼𐑦	ˈrəʊtətəri	
rotunda	𐑮𐑩𐑑𐑳𐑯𐑛𐑩	rətʌndə	RRP	89	𐑮𐑴𐑑𐑳𐑯𐑛𐑩	rəʊˈtʌndə	
rowan	𐑮𐑴𐑼𐑯	rəʊəRn	RRP	89	𐑮𐑴𐑩𐑯	ˈrəʊən	
rowel	𐑮𐑴𐑼𐑤	roʊəRl	RRP	89	𐑮𐑬𐑩𐑤	ˈraʊəl	
rowlock	𐑮𐑳𐑤𐑩𐑒	rʌlək	RRP	89	𐑮𐑪𐑤𐑩𐑒	ˈrɒlək	
rubicund	𐑮𐑵𐑚𐑦𐑒𐑯𐑛	ruːbɪknd	RRP	89	𐑮𐑵𐑚𐑦𐑒𐑩𐑯𐑛	ˈruːbɪkənd	
ruffian	𐑮𐑳𐑓𐑦𐑩𐑯	rʌfiən	RRP	89	𐑮𐑳𐑓𐑾𐑯	ˈrʌfɪən	
rugger	𐑮𐑩𐑜𐑼	rəɡər	RRP	89	𐑮𐑳𐑜𐑼	ˈrʌɡəR	
ruined	𐑮𐑵𐑯𐑛	ruːnd	RRP	89	𐑮𐑵𐑦𐑯𐑛	ˈruːɪnd	
rumble	𐑮𐑳𐑥𐑚𐑤	rʌmbl	RRP	89	𐑮𐑳𐑥𐑚𐑩𐑤	ˈrʌmbəl	
ruminate	𐑮𐑫𐑥𐑦𐑯𐑱𐑑	rumɪneɪt	RRP	89	𐑮𐑵𐑥𐑦𐑯𐑱𐑑	ˈruːmɪneɪt	
runner-up	𐑮𐑳𐑯𐑼𐑳𐑐	rʌnərʌp	RRP	89	𐑮𐑳𐑯𐑼-𐑳𐑐	ˌrʌnər-ˈʌp	
rural	𐑮𐑫𐑼𐑼𐑤	rʊərəRl	RRP	89	𐑮𐑫𐑼𐑩𐑤	ˈrʊərəl	
ruritanian	𐑮𐑫𐑼𐑦𐑑𐑱𐑯𐑦𐑩𐑯	rʊərɪteɪniən	RRP	89	𐑮𐑫𐑼𐑦𐑑𐑱𐑯𐑾𐑯	ˌrʊərɪˈteɪnɪən	
russet	𐑮𐑳𐑕𐑦𐑑	rʌsɪt	RRP	89	𐑮𐑳𐑕𐑩𐑑	ˈrʌsIt	
russian	𐑮𐑳𐑖𐑯	rʌʃn	RRP	89	𐑮𐑳𐑖𐑩𐑯	ˈrʌʃən	
rwanda	𐑮𐑵𐑨𐑯𐑛𐑩	ruːændə	RRP	89	𐑮𐑫𐑨𐑯𐑛𐑩	ruˈændə	
sacrilegious	𐑕𐑨𐑒𐑮𐑩𐑤𐑦𐑡𐑩𐑕	sækrəlɪdʒəs	RRP	89	𐑕𐑨𐑒𐑮𐑦𐑤𐑦𐑡𐑩𐑕	ˌsækrɪˈlɪdʒəs	
sadhu	𐑕𐑭𐑛𐑣𐑵	ˈsɑːdhuː	RRP	89	𐑕𐑭𐑛𐑵	ˈsɑːduː	
sagacity	𐑕𐑩𐑜𐑨𐑕𐑩𐑑𐑦	səˈɡæsəti	RRP	89	𐑕𐑩𐑜𐑨𐑕𐑦𐑑𐑦	səˈɡæsɪti	
salience	𐑕𐑱𐑤𐑰𐑧𐑯𐑕	ˈseɪlˌiːens	RRP	89	𐑕𐑱𐑤𐑾𐑯𐑕	ˈseɪlɪəns	
salient	𐑕𐑱𐑤𐑦𐑩𐑯𐑑	ˈseɪliənt	RRP	89	𐑕𐑱𐑤𐑾𐑯𐑑	ˈseɪlɪənt	
salinity	𐑕𐑱𐑤𐑦𐑯𐑩𐑑𐑦	seɪˈlɪnəti	RRP	89	𐑕𐑩𐑤𐑦𐑯𐑦𐑑𐑦	səˈlɪnɪti	
salivary	𐑕𐑨𐑤𐑦𐑝𐑧𐑮𐑦	sælɪveri	RRP	89	𐑕𐑨𐑤𐑦𐑝𐑼𐑦	ˈsælɪvəri	
salon	𐑕𐑩𐑤𐑪𐑯	səˈlɒn	RRP	89	𐑕𐑨𐑤𐑪𐑯	ˈsælɒn	
saloon	𐑕𐑩𐑤𐑫𐑯	səˈlun	RRP	89	𐑕𐑩𐑤𐑵𐑯	səˈluːn	
salt	𐑕𐑪𐑤𐑑	sɒlt	RRP	89	𐑕𐑷𐑤𐑑	sɔːlt	
salty	𐑕𐑪𐑤𐑑𐑦	ˈsɒlti	RRP	89	𐑕𐑷𐑤𐑑𐑦	ˈsɔːlti	
salubrious	𐑕𐑩𐑤𐑵𐑚𐑮𐑰𐑩𐑕	səluːbriːəs	RRP	89	𐑕𐑩𐑤𐑵𐑚𐑮𐑾𐑕	səˈluːbrɪəs	
salutation	𐑕𐑨𐑤𐑘𐑫𐑑𐑱𐑖𐑩𐑯	ˌsæljuˈteɪʃən	RRP	89	𐑕𐑨𐑤𐑿𐑑𐑱𐑖𐑩𐑯	ˌsæljuːˈteɪʃən	
samaritan	𐑕𐑼𐑥𐑨𐑮𐑦𐑑𐑩𐑯	səRmærɪtən	RRP	89	𐑕𐑩𐑥𐑨𐑮𐑦𐑑𐑩𐑯	səˈmærɪtən	
sanatorium	𐑕𐑨𐑯𐑼𐑑𐑷𐑮𐑦𐑩𐑥	sænəRtɔriəm	RRP	89	𐑕𐑨𐑯𐑩𐑑𐑹𐑾𐑥	ˌsænəˈtɔːrɪəm	
sanctimonious	𐑕𐑨𐑙𐑒𐑑𐑦𐑥𐑴𐑯𐑦𐑩𐑕	ˌsæŋktɪˈməʊniəs	RRP	89	𐑕𐑨𐑙𐑒𐑑𐑦𐑥𐑴𐑯𐑾𐑕	ˌsæŋktɪˈməʊnɪəs	
sanctuary	𐑕𐑨𐑙𐑒𐑑𐑘𐑩𐑼𐑦	sæŋktjəəri	RRP	89	𐑕𐑨𐑙𐑒𐑗𐑫𐑼𐑦	ˈsæŋktʃuəri	
sango	𐑕𐑨𐑙𐑴	ˈsæŋəʊ	RRP	89	𐑕𐑭𐑙𐑜𐑴	ˈsɑːŋɡəʊ	
sanitary	𐑕𐑨𐑯𐑦𐑑𐑮𐑦	sænɪtri	RRP	89	𐑕𐑨𐑯𐑦𐑑𐑼𐑦	ˈsænɪtəri	
sanity	𐑕𐑨𐑯𐑩𐑑𐑦	ˈsænəti	RRP	89	𐑕𐑨𐑯𐑦𐑑𐑦	ˈsænɪti	
saracen	𐑕𐑨𐑮𐑼𐑕𐑩𐑯	særəRsən	RRP	89	𐑕𐑨𐑮𐑩𐑕𐑩𐑯	ˈsærəsən	
sartorial	𐑕𐑸𐑑𐑹𐑦𐑩𐑤	sɑːRtɔːriəl	RRP	89	𐑕𐑸𐑑𐑹𐑾𐑤	sɑːRˈtɔːrɪəl	
sat	𐑧𐑕𐑱𐑑𐑦	ˌesˌeɪˈti	RRP	89	𐑕𐑨𐑑, 𐑕𐑨𐑑𐑼𐑛𐑱	ˈsætəRdeɪ	
satirical	𐑕𐑼𐑑𐑦𐑮𐑦𐑒𐑩𐑤	səRtɪrɪkəl	RRP	89	𐑕𐑩𐑑𐑦𐑮𐑦𐑒𐑩𐑤	səˈtɪrɪkəl	
satisfactorily	𐑕𐑨𐑑𐑦𐑕𐑓𐑨𐑒𐑑𐑮𐑦𐑤𐑦	sætɪsfæktrɪli	RRP	89	𐑕𐑨𐑑𐑦𐑕𐑓𐑨𐑒𐑑𐑼𐑦𐑤𐑦	ˌsætɪsˈfæktərɪli	
satisfactory	𐑕𐑨𐑑𐑦𐑕𐑓𐑨𐑒𐑑𐑮𐑦	sætɪsfæktri	RRP	89	𐑕𐑨𐑑𐑦𐑕𐑓𐑨𐑒𐑑𐑼𐑦	ˌsætɪsˈfæktəri	
satrap	𐑕𐑱𐑑𐑮𐑨𐑐	seɪtræp	RRP	89	𐑕𐑨𐑑𐑮𐑨𐑐	ˈsætræp	
saturnalia	𐑕𐑨𐑑𐑼𐑯𐑱𐑤𐑦𐑩	sætəRneɪliə	RRP	89	𐑕𐑨𐑑𐑼𐑯𐑱𐑤𐑾	ˌsætəRˈneɪlɪə	
saurian	𐑕𐑹𐑦𐑩𐑯	sɔːriən	RRP	89	𐑕𐑹𐑾𐑯	ˈsɔːrɪən	
sawhorse	𐑕𐑹𐑣𐑹𐑕	sɔːRhɔːRs	RRP	89	𐑕𐑷𐑣𐑹𐑕	ˈsɔːhɔːRs	
saxifrage	𐑕𐑨𐑒𐑕𐑩𐑓𐑮𐑦𐑡	sæksəfrɪdʒ	RRP	89	𐑕𐑨𐑒𐑕𐑦𐑓𐑮𐑦𐑡	ˈsæksɪfrɪdʒ	
scabies	𐑕𐑒𐑧𐑦𐑚𐑦𐑟	ˈskeibiz	RRP	89	𐑕𐑒𐑱𐑚𐑰𐑟	ˈskeɪbiːz	
scaffold	𐑕𐑒𐑨𐑓𐑩𐑤𐑛	ˈskæfəld	RRP	89	𐑕𐑒𐑨𐑓𐑴𐑤𐑛	ˈskæfəʊld	
scandinavian	𐑕𐑒𐑨𐑯𐑛𐑦𐑯𐑱𐑝𐑦𐑩𐑯	ˌskændɪˈneɪviən	RRP	89	𐑕𐑒𐑨𐑯𐑛𐑦𐑯𐑱𐑝𐑾𐑯	ˌskændɪˈneɪvɪən	
scarab	𐑕𐑒𐑨𐑮𐑼𐑚	skærəRb	RRP	89	𐑕𐑒𐑨𐑮𐑩𐑚	ˈskærəb	
scarlet	𐑕𐑒𐑸𐑤𐑦𐑑	skɑːRlɪt	RRP	89	𐑕𐑒𐑸𐑤𐑩𐑑	ˈskɑːRlət	
scavenger	𐑕𐑒𐑨𐑝𐑩𐑯𐑡𐑼	skævəndʒəR	RRP	89	𐑕𐑒𐑨𐑝𐑦𐑯𐑡𐑼	ˈskævɪndʒəR	
schedule	𐑖𐑧𐑛𐑿𐑤	ˈʃedjuːl	RRP	89	𐑕𐑒𐑧𐑡𐑵𐑤, 𐑖𐑧𐑡𐑵𐑤	ˈʃedʒuːl	
schizophrenia	𐑕𐑒𐑦𐑑𐑕𐑩𐑓𐑮𐑰𐑯𐑦𐑩	skɪtsəfriːniə	RRP	89	𐑕𐑒𐑦𐑑𐑕𐑴𐑓𐑮𐑰𐑯𐑾	ˌskɪtsəʊˈfriːnɪə	
schizophrenic	𐑕𐑒𐑦𐑑𐑕𐑩𐑓𐑮𐑧𐑯𐑦𐑒	skɪtsəfrenɪk	RRP	89	𐑕𐑒𐑦𐑑𐑕𐑴𐑓𐑮𐑧𐑯𐑦𐑒	ˌskɪtsəʊˈfrenɪk	
schoolchild	𐑕𐑒𐑫𐑩𐑤𐑗𐑲𐑤𐑛	ˈskuəltʃaɪld	RRP	89	𐑕𐑒𐑵𐑤𐑗𐑲𐑤𐑛	ˈskuːltʃaɪld	
sclerosis	𐑕𐑒𐑤𐑦𐑮𐑴𐑕𐑦𐑕	sklɪrəʊsɪs	RRP	89	𐑕𐑒𐑤𐑼𐑴𐑕𐑦𐑕	skləˈrəʊsɪs	
scone	𐑕𐑒𐑴𐑯	skəʊn	RRP	89	𐑕𐑒𐑪𐑯	skɒn	
scorpio	𐑕𐑒𐑹𐑐𐑾𐑫	skɔːRpɪəʊ	RRP	89	𐑕𐑒𐑹𐑐𐑦𐑴	ˈskɔːRpɪəʊ	
scorpion	𐑕𐑒𐑹𐑐𐑦𐑩𐑯	skɔːRpiən	RRP	89	𐑕𐑒𐑹𐑐𐑾𐑯	ˈskɔːRpɪən	
scourer	𐑕𐑒𐑬𐑮𐑼	skaʊrəR	RRP	89	𐑕𐑒𐑬𐑼𐑼	ˈskaʊərəR	
scribbler	𐑕𐑒𐑮𐑦𐑚𐑼𐑤𐑼	skrɪbəRləR	RRP	89	𐑕𐑒𐑮𐑦𐑚𐑤𐑼	ˈskrɪbləR	
scrivener	𐑕𐑒𐑮𐑦𐑝𐑯𐑼	skrɪvnəR	RRP	89	𐑕𐑒𐑮𐑦𐑝𐑩𐑯𐑼	ˈskrɪvənəR	
sculpture	𐑕𐑒𐑳𐑤𐑐𐑑𐑘𐑼	skʌlptjəR	RRP	89	𐑕𐑒𐑳𐑤𐑐𐑗𐑼	ˈskʌlptʃəR	
scutcheon	𐑕𐑒𐑳𐑗𐑯	ˈskʌtʃn	RRP	89	𐑕𐑒𐑳𐑗𐑩𐑯	ˈskʌtʃən	
scythe	𐑕𐑲𐑔	ˈsaɪθ	RRP	89	𐑕𐑲𐑞	saɪð	
secession	𐑕𐑩𐑕𐑧𐑖𐑩𐑯	səˈseʃən	RRP	89	𐑕𐑦𐑕𐑧𐑖𐑩𐑯	sɪˈseʃən	
seclude	𐑕𐑩𐑒𐑤𐑵𐑛	səˈkluːd	RRP	89	𐑕𐑦𐑒𐑤𐑵𐑛	sɪˈkluːd	
secluded	𐑕𐑩𐑒𐑤𐑵𐑛𐑩𐑛	səˈkluːdƏd	RRP	89	𐑕𐑦𐑒𐑤𐑵𐑛𐑩𐑛	sɪˈkluːdƏd	
seclusion	𐑕𐑩𐑒𐑤𐑵𐑠𐑩𐑯	səˈkluːʒən	RRP	89	𐑕𐑦𐑒𐑤𐑵𐑠𐑩𐑯	sɪˈkluːʒən	
second	𐑕𐑧𐑒𐑯𐑛	ˈseknd	RRP	89	𐑕𐑦𐑒𐑪𐑯𐑛, 𐑕𐑧𐑒𐑩𐑯𐑛	ˈsekənd	
secondary	𐑕𐑧𐑒𐑩𐑯𐑛𐑮𐑦	sekəndrɪ	RRP	89	𐑕𐑧𐑒𐑩𐑯𐑛𐑼𐑦	ˈsekəndəri	
secret	𐑕𐑰𐑒𐑮𐑦𐑑	siːkrɪt	RRP	89	𐑕𐑰𐑒𐑮𐑩𐑑	ˈsiːkrət	
secretly	𐑕𐑦𐑒𐑮𐑩𐑑𐑤𐑦	sikrətli	RRP	89	𐑕𐑰𐑒𐑮𐑩𐑑𐑤𐑦	ˈsiːkrətli	
sectarian	𐑕𐑧𐑒𐑑𐑺𐑦𐑩𐑯	sekteəriən	RRP	89	𐑕𐑧𐑒𐑑𐑺𐑾𐑯	sekˈteərɪən	
sectarianism	𐑕𐑧𐑒𐑑𐑺𐑦𐑼𐑯𐑦𐑟𐑩𐑥	sekteəriəRnɪzəm	RRP	89	𐑕𐑧𐑒𐑑𐑺𐑾𐑯𐑦𐑟𐑩𐑥	sekˈteərɪənɪzəm	
sedan	𐑕𐑩𐑛𐑨𐑯	səˈdæn	RRP	89	𐑕𐑦𐑛𐑨𐑯	sɪˈdæn	
sedentary	 𐑕𐑧𐑛𐑯𐑑𐑧𐑮𐑦	 sednteri	RRP	89	𐑕𐑧𐑛𐑩𐑯𐑑𐑼𐑦	ˈsedəntəri	
sedimentary	𐑕𐑧𐑛𐑩𐑥𐑧𐑯𐑑𐑼𐑦	sedəmentəri	RRP	89	𐑕𐑧𐑛𐑦𐑥𐑧𐑯𐑑𐑼𐑦	ˌsedɪˈmentəri	
sedition	𐑕𐑧𐑛𐑦𐑖𐑩𐑯	seˈdɪʃən	RRP	89	𐑕𐑦𐑛𐑦𐑖𐑩𐑯	sɪˈdɪʃən	
sedulous	𐑕𐑧𐑡𐑫𐑤𐑩𐑕	ˈsedʒʊləs	RRP	89	𐑕𐑧𐑛𐑘𐑩𐑤𐑩𐑕	ˈsedjələs	
segregate	𐑕𐑧𐑜𐑮𐑩𐑜𐑩𐑑	seɡrəɡət	RRP	89	𐑕𐑧𐑜𐑮𐑦𐑜𐑱𐑑	ˈseɡrɪɡeɪt	
segregation	𐑕𐑧𐑜𐑮𐑩𐑜𐑱𐑖𐑩𐑯	seɡrəɡeɪʃən	RRP	89	𐑕𐑧𐑜𐑮𐑦𐑜𐑱𐑖𐑩𐑯	ˌseɡrɪˈɡeɪʃən	
seizing	𐑕𐑦𐑟𐑦𐑙	ˈsizɪŋ	RRP	89	𐑕𐑰𐑟𐑦𐑙	ˈsiːzɪŋ	
selection	𐑕𐑩𐑤𐑧𐑒𐑖𐑩𐑯	səˈlekʃən	RRP	89	𐑕𐑦𐑤𐑧𐑒𐑖𐑩𐑯	sɪˈlekʃən	
selective	𐑕𐑩𐑤𐑧𐑒𐑑𐑦𐑝	səˈlektɪv	RRP	89	𐑕𐑦𐑤𐑧𐑒𐑑𐑦𐑝	sɪˈlektɪv	
selenium	𐑕𐑦𐑤𐑰𐑯𐑦𐑩𐑥	sɪˈliːniəm	RRP	89	𐑕𐑦𐑤𐑰𐑯𐑾𐑥	sɪˈliːnɪəm	
self-control	𐑕𐑧𐑤𐑓 𐑒𐑩𐑯𐑑𐑮𐑴𐑤	self kəntrəʊl	RRP	89	𐑕𐑧𐑤𐑓-𐑒𐑩𐑯𐑑𐑮𐑴𐑤	self-kənˈtrəʊl	
self-deprecating	𐑕𐑧𐑤𐑓𐑛𐑧𐑐𐑮𐑩𐑒𐑱𐑑𐑦𐑙	selfdeprəkeɪtɪŋ	RRP	89	𐑕𐑧𐑤𐑓-𐑛𐑧𐑐𐑮𐑩𐑒𐑱𐑑𐑦𐑙	ˌself-ˈdeprəkeɪtɪŋ	
self-esteem	𐑕𐑧𐑤𐑓𐑩𐑕𐑑𐑰𐑥	ˌselfəˈstiːm	RRP	89	𐑕𐑧𐑤𐑓-𐑦𐑕𐑑𐑰𐑥	self-ɪˈstiːm	
semaphore	𐑕𐑧𐑥𐑼𐑓𐑹	seməRfɔːR	RRP	89	𐑕𐑧𐑥𐑩𐑓𐑹	ˈseməfɔːR	
semiotic	𐑕𐑧𐑥𐑰𐑪𐑑𐑦𐑒	ˌsemiːˈɒtɪk	RRP	89	𐑕𐑧𐑥𐑦𐑪𐑑𐑦𐑒	ˌsemiˈɒtɪk	
semite	𐑕𐑰𐑥𐑲𐑑	ˈsiːmaɪt	RRP	89	𐑕𐑧𐑥𐑲𐑑	ˈsemaɪt	
semitic	𐑕𐑧𐑥𐑦𐑑𐑦𐑒	seˈmɪtɪk	RRP	89	𐑕𐑩𐑥𐑦𐑑𐑦𐑒	səˈmɪtɪk	
senate	𐑕𐑧𐑯𐑦𐑑	ˈsenɪt	RRP	89	𐑕𐑧𐑯𐑩𐑑	ˈsenət	
senator	𐑕𐑧𐑯𐑼𐑑𐑼	senəRtəR	RRP	89	𐑕𐑧𐑯𐑩𐑑𐑼	ˈsenətəR	
send-up	𐑕𐑧𐑯𐑛𐑳𐑐	ˈsendˌʌp	RRP	89	𐑕𐑧𐑯𐑛-𐑳𐑐	ˈsend-ʌp	
senegalese	𐑕𐑧𐑯𐑩𐑜𐑩𐑤𐑰𐑟	ˌsenəɡəˈliːz	RRP	89	𐑕𐑧𐑯𐑦𐑜𐑩𐑤𐑰𐑟	ˌsenɪɡəˈliːz	
seneschal	𐑕𐑧𐑯𐑩𐑖𐑩𐑤	ˈsenəʃəl	RRP	89	𐑕𐑧𐑯𐑦𐑖𐑩𐑤	ˈsenɪʃəl	
sensual	𐑕𐑧𐑯𐑕𐑿𐑩𐑤	ˈsensjuːəl	RRP	89	𐑕𐑧𐑯𐑖𐑫𐑩𐑤	ˈsenʃuəl	
sensuousness	𐑕𐑧𐑯𐑕𐑿𐑩𐑕𐑯𐑩𐑕	ˈsensjuːəsnəs	RRP	89	𐑕𐑧𐑯𐑖𐑫𐑩𐑕𐑯𐑩𐑕	ˈsenʃuəsnəs	
sentient	𐑕𐑧𐑯𐑑𐑦𐑩𐑯𐑑	ˈsentiənt	RRP	89	𐑕𐑧𐑯𐑖𐑩𐑯𐑑	ˈsenʃənt	
sepal	𐑕𐑧𐑐𐑤	ˈsepl	RRP	89	𐑕𐑰𐑐𐑩𐑤	ˈsiːpəl	
separately	𐑕𐑧𐑐𐑮𐑼𐑑𐑤𐑦	seprəRtli	RRP	89	𐑕𐑧𐑐𐑼𐑩𐑑𐑤𐑦	ˈsepərətli	
separatist	𐑕𐑧𐑐𐑼𐑼𐑑𐑦𐑕𐑑	sepərəRtɪst	RRP	89	𐑕𐑧𐑐𐑼𐑩𐑑𐑦𐑕𐑑	ˈsepərətɪst	
sepia	𐑕𐑰𐑐𐑦𐑩	ˈsiːpiə	RRP	89	𐑕𐑰𐑐𐑾	ˈsiːpɪə	
sepulchral	𐑕𐑩𐑐𐑳𐑤𐑒𐑮𐑩𐑤	səpʌlkrəl	RRP	89	𐑕𐑦𐑐𐑳𐑤𐑒𐑮𐑩𐑤	sɪˈpʌlkrəl	
sequestrate	𐑕𐑰𐑒𐑢𐑩𐑕𐑑𐑮𐑱𐑑	siːkwəstreɪt	RRP	89	𐑕𐑰𐑒𐑢𐑧𐑕𐑑𐑮𐑱𐑑	siːˈkwestreɪt	
sequoia	𐑕𐑩𐑒𐑢𐑶𐑩	səˈkwɔɪə	RRP	89	𐑕𐑦𐑒𐑢𐑶𐑩	sɪˈkwɔɪə	
seraglio	𐑕𐑼𐑨𐑤𐑘𐑴	səræljoʊ	RRP	89	𐑕𐑧𐑮𐑭𐑤𐑦𐑴	seˈrɑːliəʊ	
seraph	𐑕𐑧𐑮𐑼𐑓	serəRf	RRP	89	𐑕𐑧𐑮𐑩𐑓	ˈserəf	
seraphic	𐑕𐑼𐑨𐑓𐑦𐑒	səræfɪk	RRP	89	𐑕𐑧𐑮𐑨𐑓𐑦𐑒	seˈræfɪk	
serbian	𐑕𐑻𐑚𐑰𐑩𐑯	sɜːRbiːən	RRP	89	𐑕𐑻𐑚𐑾𐑯	ˈsɜːRbiən	
serbo-croat	𐑕𐑻𐑚𐑴𐑒𐑮𐑴𐑨𐑑	sɜːRbəʊkrəʊæt	RRP	89	𐑕𐑻𐑚𐑴-𐑒𐑮𐑴𐑨𐑑	ˌsɜːRbəʊ-ˈkrəʊæt	
serenade	𐑕𐑧𐑮𐑼𐑯𐑱𐑛	serəRneɪd	RRP	89	𐑕𐑧𐑮𐑩𐑯𐑱𐑛	ˌserəˈneɪd	
serendipity	𐑕𐑧𐑮𐑼𐑯𐑛𐑦𐑐𐑦𐑑𐑦	serəRndɪpɪti	RRP	89	𐑕𐑧𐑮𐑩𐑯𐑛𐑦𐑐𐑦𐑑𐑦	ˌserənˈdɪpɪti	
serialize	𐑕𐑽𐑦𐑩𐑤𐑲𐑟	sɪəriəlaɪz	RRP	89	𐑕𐑽𐑾𐑤𐑲𐑟	ˈsɪərɪəlaɪz	
serious	𐑕𐑽𐑦𐑩𐑕	sɪəriəs	RRP	89	𐑕𐑽𐑾𐑕	ˈsɪərɪəs	
seriously	𐑕𐑽𐑦𐑩𐑕𐑤𐑦	sɪəriəsli	RRP	89	𐑕𐑽𐑾𐑕𐑤𐑦	ˈsɪərɪəsli	
seriousness	𐑕𐑽𐑦𐑩𐑕𐑯𐑩𐑕	sɪəriəsnəs	RRP	89	𐑕𐑽𐑾𐑕𐑯𐑩𐑕	ˈsɪərɪəsnəs	
serum	𐑕𐑽𐑼𐑥	sɪərəRm	RRP	89	𐑕𐑽𐑩𐑥	ˈsɪərəm	
servility	𐑕𐑼𐑝𐑦𐑤𐑦𐑑𐑦	səRvɪlɪti	RRP	89	𐑕𐑻𐑝𐑦𐑤𐑦𐑑𐑦	sɜːRˈvɪlɪti	
servitude	𐑕𐑻𐑝𐑦𐑗𐑵𐑛	sɜːRvɪtʃuːd	RRP	89	𐑕𐑻𐑝𐑦𐑑𐑵𐑛, 𐑕𐑻𐑝𐑦𐑑𐑿𐑛	ˈsɜːRvɪtjuːd	
sesame	𐑕𐑧𐑟𐑩𐑥𐑦	ˈsezəmi	RRP	89	𐑕𐑧𐑕𐑩𐑥𐑦	ˈsesəmi	
sesotho	𐑕𐑩𐑕𐑫𐑑𐑫	səˈsutu	RRP	89	𐑕𐑦𐑕𐑵𐑑𐑵	sɪˈsuːtuː	
settlement	𐑕𐑧𐑑𐑤𐑥𐑩𐑯𐑑	ˈsetlmənt	RRP	89	𐑕𐑧𐑑𐑩𐑤𐑥𐑩𐑯𐑑	ˈsetəlmənt	
settling	𐑕𐑧𐑑𐑩𐑤𐑦𐑙	ˈsetəlɪŋ	RRP	89	𐑕𐑧𐑑𐑤𐑦𐑙	ˈsetlɪŋ	
seventieth	𐑕𐑧𐑝𐑯𐑑𐑦𐑩𐑔	ˈsevntiəθ	RRP	89	𐑕𐑧𐑝𐑩𐑯𐑑𐑾𐑔	ˈsevəntɪəθ	
several	𐑕𐑧𐑝𐑮𐑼𐑤	sevrəRl	RRP	89	𐑕𐑧𐑝𐑼𐑩𐑤	ˈsevərəl	
severally	𐑕𐑧𐑝𐑮𐑼𐑤𐑦	sevrəRli	RRP	89	𐑕𐑧𐑝𐑼𐑩𐑤𐑦	ˈsevərəli	
severance	𐑕𐑧𐑝𐑮𐑼𐑯𐑕	sevrəRns	RRP	89	𐑕𐑧𐑝𐑼𐑩𐑯𐑕	ˈsevərəns	
severe	𐑕𐑦𐑝𐑦𐑮	sɪvɪr	RRP	89	𐑕𐑦𐑝𐑽	sɪˈvɪəR	
severing	𐑕𐑧𐑝𐑮𐑦𐑙	sevrɪŋ	RRP	89	𐑕𐑧𐑝𐑼𐑦𐑙	ˈsevərɪŋ	
shaman	𐑖𐑭𐑥𐑩𐑯	ˈʃɑːmən	RRP	89	𐑖𐑱𐑥𐑩𐑯	ˈʃeɪmən	
sharpener	𐑖𐑸𐑐𐑼𐑯𐑼	ʃɑːRpəRnəR	RRP	89	𐑖𐑸𐑐𐑩𐑯𐑼	ˈʃɑːRpənəR	
shillelagh	𐑖𐑩𐑤𐑱𐑤𐑦	ʃəˈleɪli	RRP	89	𐑖𐑦𐑤𐑱𐑤𐑦	ʃɪˈleɪli	
shogi	𐑖𐑴𐑜𐑰	ˈʃoʊɡiː	RRP	89	𐑖𐑴𐑜𐑦	ˈʃəʊɡi	
short-lived	𐑖𐑷𐑮𐑑𐑤𐑦𐑝𐑛	ʃɔrtlɪvd	RRP	89	𐑖𐑹𐑑-𐑤𐑦𐑝𐑛	ʃɔːRt-ˈlɪvd	
short-winded	𐑖𐑹𐑑𐑢𐑦𐑯𐑛𐑩𐑛	ʃɔːRtwɪndƏd	RRP	89	𐑖𐑹𐑑-𐑢𐑦𐑯𐑛𐑩𐑛	ʃɔːRt-ˈwɪndƏd	
shorten	𐑖𐑹𐑑𐑼𐑯	ʃɔːRtəRn	RRP	89	𐑖𐑹𐑑𐑩𐑯	ˈʃɔːRtən	
showroom	𐑖𐑴𐑮𐑫𐑥	ʃoʊrum	RRP	89	𐑖𐑴𐑮𐑵𐑥	ˈʃəʊruːm	
shuffling	𐑖𐑳𐑓𐑩𐑤𐑦𐑙	ˈʃʌfəlɪŋ	RRP	89	𐑖𐑳𐑓𐑤𐑦𐑙	ˈʃʌflɪŋ	
sickening	𐑕𐑦𐑒𐑯𐑦𐑙	ˈsɪknɪŋ	RRP	89	𐑕𐑦𐑒𐑩𐑯𐑦𐑙	ˈsɪkənɪŋ	
sidereal	𐑕𐑲𐑛𐑽𐑦𐑩𐑤	saɪdɪəriəl	RRP	89	𐑕𐑲𐑛𐑽𐑾𐑤	saɪˈdɪərɪəl	
sidle	𐑕𐑲𐑛𐑤	ˈsaɪdl	RRP	89	𐑕𐑲𐑛𐑩𐑤	ˈsaɪdəl	
signatory	𐑕𐑦𐑜𐑯𐑼𐑑𐑮𐑦	sɪɡnəRtri	RRP	89	𐑕𐑦𐑜𐑯𐑩𐑑𐑼𐑦	ˈsɪɡnətəri	
signature	𐑕𐑦𐑜𐑯𐑼𐑗𐑼	sɪɡnəRtʃəR	RRP	89	𐑕𐑦𐑜𐑯𐑩𐑗𐑼	ˈsɪɡnətʃəR	
silhouette	𐑕𐑦𐑤𐑫𐑢𐑧𐑑	ˌsɪlʊˈwet	RRP	89	𐑕𐑦𐑤𐑵𐑧𐑑	ˌsɪluːˈet	
simian	𐑕𐑦𐑥𐑦𐑩𐑯	ˈsɪmiən	RRP	89	𐑕𐑦𐑥𐑾𐑯	ˈsɪmɪən	
similar	𐑕𐑦𐑥𐑼𐑤𐑼	sɪməRləR	RRP	89	𐑕𐑦𐑥𐑦𐑤𐑼	ˈsɪmɪləR	
similarly	𐑕𐑦𐑥𐑼𐑤𐑼𐑤𐑦	sɪməRləRli	RRP	89	𐑕𐑦𐑥𐑦𐑤𐑼𐑤𐑦	ˈsɪmɪləRli	
simile	𐑕𐑦𐑥𐑩𐑤𐑦	ˈsɪməli	RRP	89	𐑕𐑦𐑥𐑦𐑤𐑦	ˈsɪmɪli	
simony	𐑕𐑲𐑥𐑩𐑯𐑦	ˈsaɪməni	RRP	89	𐑕𐑦𐑥𐑩𐑯𐑦	ˈsɪməni	
simplification	𐑕𐑦𐑥𐑐𐑤𐑩𐑓𐑩𐑒𐑱𐑖𐑩𐑯	ˌsɪmpləfəˈkeɪʃən	RRP	89	𐑕𐑦𐑥𐑐𐑤𐑦𐑓𐑦𐑒𐑱𐑖𐑩𐑯	ˌsɪmplɪfɪˈkeɪʃən	
simultaneity	𐑕𐑦𐑥𐑩𐑤𐑑𐑩𐑯𐑰𐑦𐑑𐑦	ˌsɪməltəˈniːɪti	RRP	89	𐑕𐑦𐑥𐑩𐑤𐑑𐑩𐑯𐑱𐑦𐑑𐑦	ˌsɪməltəˈneɪɪti	
simultaneous	𐑕𐑦𐑥𐑩𐑤𐑑𐑱𐑯𐑦𐑩𐑕	sɪməlˈteɪniəs	RRP	89	𐑕𐑦𐑥𐑩𐑤𐑑𐑱𐑯𐑾𐑕	ˌsɪməlˈteɪnɪəs	
sincerity	𐑕𐑦𐑯𐑕𐑧𐑮𐑼𐑑𐑦	sɪnserəRti	RRP	89	𐑕𐑦𐑯𐑕𐑧𐑮𐑦𐑑𐑦	sɪnˈserɪti	
singaporean	𐑕𐑦𐑙𐑩𐑐𐑹𐑦𐑩𐑯	sɪŋəpɔːriən	RRP	89	𐑕𐑦𐑙𐑩𐑐𐑹𐑾𐑯	ˌsɪŋəˈpɔːrɪən	
singhalese	𐑕𐑦𐑙𐑜𐑩𐑤𐑰𐑟	ˌsɪŋɡəˈliːz	RRP	89	𐑕𐑦𐑙𐑣𐑩𐑤𐑰𐑟	ˌsɪŋhəˈliːz	
singlet	𐑕𐑦𐑙𐑜𐑤𐑦𐑑	ˈsɪŋɡlɪt	RRP	89	𐑕𐑦𐑙𐑜𐑤𐑩𐑑	ˈsɪŋɡlət	
singularity	𐑕𐑦𐑙𐑜𐑘𐑼𐑤𐑨𐑮𐑼𐑑𐑦	sɪŋɡjəRlærəRtɪ	RRP	89	𐑕𐑦𐑙𐑜𐑘𐑩𐑤𐑨𐑮𐑦𐑑𐑦	ˌsɪŋɡjəˈlærɪti	
sinhala	𐑕𐑦𐑯𐑣𐑩𐑤𐑩	ˈsɪnhələ	RRP	89	𐑕𐑦𐑯𐑣𐑭𐑤𐑩	sɪnˈhɑːlə	
siren	𐑕𐑲𐑼𐑼𐑯	saɪərəRn	RRP	89	𐑕𐑲𐑮𐑩𐑯	ˈsaɪrən	
sisal	𐑕𐑳𐑦𐑕𐑩𐑤	ˈsʌɪsəl	RRP	89	𐑕𐑲𐑕𐑩𐑤	ˈsaɪsəl	
sit-up	𐑕𐑦𐑑𐑳𐑐	ˈsɪtʌp	RRP	89	𐑕𐑦𐑑-𐑳𐑐	ˈsɪt-ʌp	
situation	𐑕𐑦𐑑𐑿𐑱𐑖𐑩𐑯	sɪtjuːˈeɪʃən	RRP	89	𐑕𐑦𐑗𐑫𐑱𐑖𐑩𐑯	ˌsɪtʃuˈeɪʃən	
sixth	𐑕𐑦𐑒𐑔	sɪkθ	RRP	89	𐑕𐑦𐑒𐑕𐑔	sɪksθ	
sixtieth	𐑕𐑦𐑒𐑕𐑑𐑦𐑩𐑔	ˈsɪkstiəθ	RRP	89	𐑕𐑦𐑒𐑕𐑑𐑾𐑔	ˈsɪkstɪəθ	
skeletal	𐑕𐑒𐑧𐑤𐑦𐑑𐑤	ˈskelɪtl	RRP	89	𐑕𐑒𐑧𐑤𐑦𐑑𐑩𐑤	ˈskelɪtəl	
skiing	𐑕𐑒𐑦𐑦𐑙	ˈskiɪŋ	RRP	89	𐑕𐑒𐑰𐑦𐑙	ˈskiːɪŋ	
skillet	𐑕𐑒𐑦𐑤𐑦𐑑	ˈskɪlɪt	RRP	89	𐑕𐑒𐑦𐑤𐑩𐑑	ˈskɪlət	
skylark	𐑕𐑒𐑳𐑦𐑤𐑸𐑒	skʌɪlɑːRk	RRP	89	𐑕𐑒𐑲𐑤𐑸𐑒	ˈskaɪlɑːRk	
slaver	𐑕𐑤𐑱𐑝𐑼	sleɪvəR	RRP	89	𐑕𐑤𐑨𐑝𐑼	ˈslævəR	
slip-up	𐑕𐑤𐑦𐑐𐑳𐑐	ˈslɪpʌp	RRP	89	𐑕𐑤𐑦𐑐-𐑳𐑐	ˈslɪp-ʌp	
slogan	𐑕𐑤𐑴𐑜𐑯	ˈsləʊɡn	RRP	89	𐑕𐑤𐑴𐑜𐑩𐑯	ˈsləʊɡən	
sloshed	𐑕𐑤𐑪𐑖𐑛	ˈslɒʃd	RRP	89	𐑕𐑤𐑪𐑖𐑑	slɒʃt	
slovak	𐑕𐑤𐑴𐑝𐑭𐑒	ˈsloʊvɑːk	RRP	89	𐑕𐑤𐑴𐑝𐑨𐑒	ˈsləʊvæk	
slovenian	𐑕𐑤𐑩𐑝𐑰𐑯𐑦𐑩𐑯	sləˈviːniən	RRP	89	𐑕𐑤𐑩𐑝𐑰𐑯𐑾𐑯	sləˈviːnɪən	
smithereens	𐑕𐑥𐑦𐑞𐑼𐑦𐑯𐑟	smɪðərinz	RRP	89	𐑕𐑥𐑦𐑞𐑼𐑰𐑯𐑟	ˌsmɪðəˈriːnz	
smithy	𐑕𐑥𐑦𐑔𐑦	ˈsmɪθi	RRP	89	𐑕𐑥𐑦𐑞𐑦	ˈsmɪði	
snippet	𐑕𐑯𐑦𐑐𐑦𐑑	ˈsnɪpɪt	RRP	89	𐑕𐑯𐑦𐑐𐑩𐑑	ˈsnɪpIt	
snort	𐑕𐑯𐑷𐑮𐑑	snɔrt	RRP	89	𐑕𐑯𐑹𐑑	snɔːRt	
snowshoe	𐑕𐑯𐑴𐑖𐑫	ˈsnoʊʃu	RRP	89	𐑕𐑯𐑴𐑖𐑵	ˈsnəʊʃuː	
so-called	𐑕𐑴𐑒𐑷𐑤𐑛	ˈsəʊˌkɔːld	RRP	89	𐑕𐑴-𐑒𐑷𐑤𐑛	səʊ-ˈkɔːld	
so-so	𐑕𐑴𐑕𐑴	ˈsəʊˌsəʊ	RRP	89	𐑕𐑴-𐑕𐑴	ˌsəʊ-ˈsəʊ	
sob	𐑧𐑕 𐑴 𐑚𐑦	ˌes oʊ ˈbi	RRP	89	𐑕𐑪𐑚	sɒb	
sobriety	𐑕𐑩𐑚𐑮𐑲𐑦𐑑𐑦	səbraɪɪti	RRP	89	𐑕𐑩𐑚𐑮𐑲𐑩𐑑𐑦	səˈbraɪəti	
sociology	𐑕𐑴𐑕𐑰𐑪𐑤𐑩𐑡𐑰	ˌsəʊsiːˈɒlədʒiː	RRP	89	𐑕𐑴𐑖𐑦𐑪𐑤𐑩𐑡𐑦	ˌsəʊʃɪˈɒlədʒi	
sociopath	𐑕𐑴𐑖𐑦𐑩𐑐𐑨𐑔	ˈsoʊʃiəˌpæθ	RRP	89	𐑕𐑴𐑖𐑦𐑴𐑐𐑨𐑔	ˈsəʊʃiəʊpæθ	
soft-spoken	𐑕𐑪𐑓𐑑𐑕𐑐𐑴𐑒𐑩𐑯	ˈsɒftˌspəʊkən	RRP	89	𐑕𐑪𐑓𐑑-𐑕𐑐𐑴𐑒𐑩𐑯	sɒft-ˈspəʊkən	
soilure	𐑕𐑶𐑤𐑘𐑩𐑼	sɔɪljəəR	RRP	89	𐑕𐑶𐑤𐑘𐑼	ˈsɔɪljəR	
sojourn	𐑕𐑪𐑡𐑻𐑯	sɒdʒɜːRn	RRP	89	𐑕𐑪𐑡𐑼𐑯	ˈsɒdʒəRn	
solarium	𐑕𐑩𐑤𐑺𐑦𐑩𐑥	səleəriəm	RRP	89	𐑕𐑴𐑤𐑺𐑾𐑥	səʊˈleərɪəm	
solder	𐑕𐑪𐑤𐑛𐑼	sɒldəR	RRP	89	𐑕𐑪𐑛𐑼, 𐑕𐑴𐑤𐑛𐑼	ˈsəʊldəR	
solid	𐑕𐑪𐑤𐑩𐑛	ˈsɒlƏd	RRP	89	𐑕𐑪𐑤𐑦𐑛	ˈsɒlɪd	
solidify	𐑕𐑩𐑤𐑦𐑛𐑩𐑓𐑲	səˈlɪdəˌfaɪ	RRP	89	𐑕𐑩𐑤𐑦𐑛𐑦𐑓𐑲	səˈlɪdɪfaɪ	
somebody	𐑕𐑳𐑥𐑚𐑩𐑛𐑦	ˈsʌmbədɪ	RRP	89	𐑕𐑳𐑥𐑚𐑪𐑛𐑦	ˈsʌmbɒdi	
somerset	𐑕𐑳𐑥𐑼𐑕𐑧𐑑	sʌməRset	RRP	89	𐑕𐑳𐑥𐑼𐑕𐑩𐑑	ˈsʌməRsət	
somewhere	𐑕𐑳𐑥𐑢𐑻	sʌmwɜːR	RRP	89	𐑕𐑳𐑥𐑢𐑺	ˈsʌmʍeəR	
somnambulate	𐑕𐑭𐑥𐑯𐑨𐑥𐑚𐑘𐑫𐑤𐑱𐑑	sɑːmˈnæmbjuˌleɪt	RRP	89	𐑕𐑪𐑥𐑯𐑨𐑥𐑚𐑘𐑩𐑤𐑱𐑑	sɒmˈnæmbjəleɪt	
son-in-law	𐑕𐑳𐑯𐑦𐑯𐑤𐑷	ˈsʌnɪnˌlɔː	RRP	89	𐑕𐑳𐑯-𐑦𐑯-𐑤𐑷	ˈsʌn-ɪn-lɔː	
sonnet	𐑕𐑪𐑯𐑦𐑑	ˈsɒnɪt	RRP	89	𐑕𐑪𐑯𐑩𐑑	ˈsɒnIt	
sonorous	𐑕𐑪𐑯𐑼𐑼𐑕	sɒnərəRs	RRP	89	𐑕𐑪𐑯𐑼𐑩𐑕	ˈsɒnərəs	
sophomore	𐑕𐑪𐑓𐑼𐑥𐑹	sɒfəRmɔːR	RRP	89	𐑕𐑪𐑓𐑩𐑥𐑹	ˈsɒfəmɔːR	
sordid	𐑕𐑹𐑛𐑩𐑛	sɔːRdƏd	RRP	89	𐑕𐑹𐑛𐑦𐑛	ˈsɔːRdɪd	
sough	𐑕𐑬	saʊ	RRP	89	𐑕𐑳𐑓	sʌf	
southerly	𐑕𐑳𐑞𐑼𐑤𐑰	sʌðəRliː	RRP	89	𐑕𐑳𐑞𐑼𐑤𐑦	ˈsʌðəRli	
sovereign	𐑕𐑪𐑝𐑮𐑦𐑯	sɒvrɪn	RRP	89	𐑕𐑪𐑝𐑮𐑩𐑯	ˈsɒvrən	
sovereignty	𐑕𐑪𐑝𐑮𐑼𐑯𐑑𐑦	sɒvrəRnti	RRP	89	𐑕𐑪𐑝𐑮𐑩𐑯𐑑𐑦	ˈsɒvrənti	
soviet	𐑕𐑴𐑝𐑦𐑩𐑑	ˈsəʊviət	RRP	89	𐑕𐑴𐑝𐑾𐑑	ˈsəʊvɪət	
spacefaring	𐑕𐑐𐑱𐑕𐑓𐑨𐑮𐑦𐑙	speɪsfærɪŋ	RRP	89	𐑕𐑐𐑱𐑕𐑓𐑺𐑦𐑙	ˈspeɪsˌfeəRɪŋ	
sparkling	𐑕𐑐𐑸𐑒𐑩𐑤𐑦𐑙	spɑːRkəlɪŋ	RRP	89	𐑕𐑐𐑸𐑒𐑤𐑦𐑙	ˈspɑːRklɪŋ	
spatula	𐑕𐑐𐑨𐑑𐑘𐑩𐑤𐑩	ˈspætjələ	RRP	89	𐑕𐑐𐑨𐑗𐑩𐑤𐑩	ˈspætʃələ	
specialization	𐑕𐑐𐑧𐑖𐑩𐑤𐑦𐑟𐑱𐑖𐑩𐑯	ˌspeʃəlɪˈzeɪʃən	RRP	89	𐑕𐑐𐑧𐑖𐑩𐑤𐑲𐑟𐑱𐑖𐑩𐑯	ˌspeʃəlaɪˈzeɪʃən	
specimen	𐑕𐑐𐑧𐑕𐑦𐑥𐑦𐑯	ˈspesɪmɪn	RRP	89	𐑕𐑐𐑧𐑕𐑩𐑥𐑩𐑯	ˈspesəmən	
speculative	𐑕𐑐𐑧𐑒𐑘𐑫𐑤𐑩𐑑𐑦𐑝	ˈspekjuləˌtɪv	RRP	89	𐑕𐑐𐑧𐑒𐑘𐑩𐑤𐑩𐑑𐑦𐑝	ˈspekjələtɪv	
speedboat	𐑕𐑐𐑦𐑛𐑚𐑴𐑑	ˈspidˌboʊt	RRP	89	𐑕𐑐𐑰𐑛𐑚𐑴𐑑	ˈspiːdbəʊt	
spendthrift	𐑕𐑐𐑧𐑯𐑔𐑮𐑦𐑓𐑑	spenθrɪft	RRP	89	𐑕𐑐𐑧𐑯𐑛𐑔𐑮𐑦𐑓𐑑	ˈspendθrɪft	
spermatozoon	𐑕𐑐𐑻𐑥𐑼𐑑𐑩𐑟𐑴𐑪𐑯	spɜːRməRtəzəʊɒn	RRP	89	𐑕𐑐𐑻𐑥𐑩𐑑𐑩𐑟𐑴𐑪𐑯	ˌspɜːRmətəˈzəʊɒn	
spinet	𐑕𐑐𐑦𐑯𐑦𐑑	ˈspɪnɪt	RRP	89	𐑕𐑐𐑦𐑯𐑧𐑑	spɪˈnet	
spiral	𐑕𐑐𐑲𐑮𐑼𐑤	spaɪrəRl	RRP	89	𐑕𐑐𐑲𐑮𐑩𐑤	ˈspaɪrəl	
spiritual	𐑕𐑐𐑦𐑮𐑦𐑗𐑫𐑼𐑤	spɪrɪtʃʊəRl	RRP	89	𐑕𐑐𐑦𐑮𐑦𐑗𐑫𐑩𐑤	ˈspɪrɪtʃuəl	
spiritualism	𐑕𐑐𐑦𐑮𐑦𐑑𐑘𐑫𐑩𐑤𐑦𐑟𐑩𐑥	spɪrɪtjuəlɪzəm	RRP	89	𐑕𐑐𐑦𐑮𐑦𐑗𐑫𐑩𐑤𐑦𐑟𐑩𐑥	ˈspɪrɪtʃuəlɪzəm	
spirituality	𐑕𐑐𐑦𐑮𐑼𐑗𐑫𐑨𐑤𐑩𐑑𐑦	spɪrəRtʃuælətɪ	RRP	89	𐑕𐑐𐑦𐑮𐑦𐑗𐑫𐑨𐑤𐑦𐑑𐑦	ˌspɪrɪtʃuˈælɪti	
splendid	𐑕𐑐𐑤𐑧𐑯𐑛𐑩𐑛	ˈsplendƏd	RRP	89	𐑕𐑐𐑤𐑧𐑯𐑛𐑦𐑛	ˈsplendɪd	
splendiferous	𐑕𐑐𐑤𐑧𐑯𐑛𐑦𐑓𐑼𐑼𐑕	splendɪfərəRs	RRP	89	𐑕𐑐𐑤𐑧𐑯𐑛𐑦𐑓𐑼𐑩𐑕	splenˈdɪfərəs	
splenetic	𐑕𐑐𐑤𐑩𐑯𐑧𐑑𐑦𐑒	spləˈnetɪk	RRP	89	𐑕𐑐𐑤𐑦𐑯𐑧𐑑𐑦𐑒	splɪˈnetɪk	
spondee	𐑕𐑐𐑪𐑯𐑛𐑦	ˈspɒndi	RRP	89	𐑕𐑐𐑪𐑯𐑛𐑰	ˈspɒndiː	
spontaneity	𐑕𐑐𐑪𐑯𐑑𐑩𐑯𐑱𐑩𐑑𐑦	ˈspɒntəneɪəti	RRP	89	𐑕𐑐𐑪𐑯𐑑𐑩𐑯𐑱𐑑𐑦	ˌspɒntəˈneɪɪti	
spontaneous	𐑕𐑐𐑪𐑯𐑑𐑱𐑯𐑦𐑩𐑕	spɒnˈteɪniəs	RRP	89	𐑕𐑐𐑪𐑯𐑑𐑱𐑯𐑾𐑕	spɒnˈteɪnɪəs	
spontaneously	𐑕𐑐𐑪𐑯𐑑𐑱𐑯𐑦𐑩𐑕𐑤𐑦	spɒnˈteɪniəsli	RRP	89	𐑕𐑐𐑪𐑯𐑑𐑱𐑯𐑾𐑕𐑤𐑦	spɒnˈteɪnɪəsli	
sporran	𐑕𐑐𐑪𐑮𐑼𐑯	spɒrəRn	RRP	89	𐑕𐑐𐑪𐑮𐑩𐑯	ˈspɒrən	
spurious	𐑕𐑐𐑘𐑩𐑼𐑦𐑩𐑕	spjəəriəs	RRP	89	𐑕𐑐𐑘𐑫𐑼𐑾𐑕	ˈspjʊərɪəs	
squabble	𐑕𐑒𐑢𐑪𐑚𐑤	ˈskwɒbl	RRP	89	𐑕𐑒𐑢𐑪𐑚𐑩𐑤	ˈskwɒbəl	
squad	𐑕𐑒𐑢𐑨𐑛	ˈskwæd	RRP	89	𐑕𐑒𐑢𐑪𐑛	skwɒd	
squalid	𐑕𐑒𐑢𐑪𐑤𐑩𐑛	ˈskwɒlƏd	RRP	89	𐑕𐑒𐑢𐑪𐑤𐑦𐑛	ˈskwɒlɪd	
squid	𐑕𐑒𐑢𐑩𐑛	skwƏd	RRP	89	𐑕𐑒𐑢𐑦𐑛	skwɪd	
stadium	𐑕𐑑𐑱𐑛𐑦𐑩𐑥	ˈsteɪdiəm	RRP	89	𐑕𐑑𐑱𐑛𐑾𐑥	ˈsteɪdɪəm	
staircase	𐑕𐑑𐑧𐑮𐑒𐑱𐑕	sterkeɪs	RRP	89	𐑕𐑑𐑺𐑒𐑱𐑕	ˈsteəRkeɪs	
stallion	𐑕𐑑𐑨𐑤𐑦𐑩𐑯	ˈstæliən	RRP	89	𐑕𐑑𐑨𐑤𐑘𐑩𐑯	ˈstæljən	
stalwart	𐑕𐑑𐑹𐑤𐑢𐑼𐑑	stɔːRlwəRt	RRP	89	𐑕𐑑𐑷𐑤𐑢𐑼𐑑	ˈstɔːlwəRt	
stanchion	𐑕𐑑𐑨𐑯𐑖𐑩𐑯	ˈstænʃən	RRP	89	𐑕𐑑𐑨𐑯𐑗𐑩𐑯	ˈstæntʃən	
starlet	𐑕𐑑𐑸𐑤𐑦𐑑	stɑːRlɪt	RRP	89	𐑕𐑑𐑸𐑤𐑩𐑑	ˈstɑːRlət	
startle	𐑕𐑑𐑸𐑑𐑤	stɑːRtl	RRP	89	𐑕𐑑𐑸𐑑𐑩𐑤	ˈstɑːRtəl	
startled	𐑕𐑑𐑸𐑑𐑼𐑤𐑛	stɑːRtəRld	RRP	89	𐑕𐑑𐑸𐑑𐑩𐑤𐑛	ˈstɑːRtəld	
startling	𐑕𐑑𐑸𐑑𐑩𐑤𐑦𐑙	stɑːRtəlɪŋ	RRP	89	𐑕𐑑𐑸𐑑𐑤𐑦𐑙	ˈstɑːRtlɪŋ	
stationary	𐑕𐑑𐑱𐑖𐑯𐑮𐑦	steɪʃnri	RRP	89	𐑕𐑑𐑱𐑖𐑩𐑯𐑼𐑦	ˈsteɪʃənəri	
statistically	𐑕𐑑𐑩𐑑𐑦𐑕𐑑𐑦𐑒𐑩𐑤𐑦	stəˈtɪstɪkəli	RRP	89	𐑕𐑑𐑩𐑑𐑦𐑕𐑑𐑦𐑒𐑤𐑦	stəˈtɪstɪkli	
statutory	𐑕𐑑𐑨𐑑𐑘𐑩𐑑𐑮𐑦	stætjətrɪ	RRP	89	𐑕𐑑𐑨𐑗𐑩𐑑𐑼𐑦	ˈstætʃətəri	
stele	𐑕𐑑𐑰𐑤	stiːl	RRP	89	𐑕𐑑𐑰𐑤𐑦	ˈstiːli	
stencil	𐑕𐑑𐑧𐑯𐑕𐑦𐑤	ˈstensɪl	RRP	89	𐑕𐑑𐑧𐑯𐑕𐑩𐑤	ˈstensəl	
stenography	𐑕𐑑𐑦𐑯𐑪𐑜𐑮𐑩𐑓𐑦	stɪnɒɡrəfi	RRP	89	𐑕𐑑𐑩𐑯𐑪𐑜𐑮𐑩𐑓𐑦	stəˈnɒɡrəfi	
stentorian	𐑕𐑑𐑧𐑯𐑑𐑹𐑦𐑩𐑯	stentɔːriən	RRP	89	𐑕𐑑𐑧𐑯𐑑𐑹𐑾𐑯	stenˈtɔːrɪən	
stereoscopic	𐑕𐑑𐑧𐑮𐑦𐑼𐑕𐑒𐑭𐑐𐑦𐑒	steriəRskɑːpɪk	RRP	89	𐑕𐑑𐑧𐑮𐑾𐑕𐑒𐑪𐑐𐑦𐑒	ˌsterɪəˈskɒpɪk	
stereotype	𐑕𐑑𐑧𐑮𐑦𐑩𐑑𐑲𐑐	steriətaɪp	RRP	89	𐑕𐑑𐑧𐑮𐑦𐑴𐑑𐑲𐑐	ˈsterɪəʊtaɪp	
stevedore	𐑕𐑑𐑰𐑝𐑼𐑛𐑹	stiːvəRdɔːR	RRP	89	𐑕𐑑𐑰𐑝𐑩𐑛𐑹	ˈstiːvədɔːR	
stipulate	𐑕𐑑𐑦𐑐𐑘𐑫𐑤𐑱𐑑	ˈstɪpjuˌleɪt	RRP	89	𐑕𐑑𐑦𐑐𐑘𐑩𐑤𐑱𐑑	ˈstɪpjəleɪt	
stirrup	𐑕𐑑𐑦𐑮𐑼𐑐	stɪrəRp	RRP	89	𐑕𐑑𐑦𐑮𐑩𐑐	ˈstɪrəp	
stoep	𐑕𐑑𐑵𐑐	stuːp	RRP	89	𐑕𐑑𐑫𐑐	stʊp	
stoically	𐑕𐑑𐑴𐑦𐑒𐑩𐑤𐑦	ˈstəʊɪkəli	RRP	89	𐑕𐑑𐑴𐑦𐑒𐑤𐑦	ˈstəʊɪkli	
stolid	𐑕𐑑𐑪𐑤𐑩𐑛	ˈstɒlƏd	RRP	89	𐑕𐑑𐑪𐑤𐑦𐑛	ˈstɒlɪd	
stormy	𐑕𐑑𐑷𐑮𐑥𐑦	stɔrmi	RRP	89	𐑕𐑑𐑹𐑥𐑦	ˈstɔːRmi	
strangle	𐑕𐑑𐑮𐑨𐑙𐑜𐑤	stræŋɡl	RRP	89	𐑕𐑑𐑮𐑨𐑙𐑜𐑩𐑤	ˈstræŋɡəl	
strategist	𐑕𐑑𐑮𐑨𐑑𐑩𐑡𐑦𐑕𐑑	strætədʒɪst	RRP	89	𐑕𐑑𐑮𐑨𐑑𐑦𐑡𐑦𐑕𐑑	ˈstrætɪdʒɪst	
strength	𐑕𐑑𐑮𐑧𐑙𐑒𐑔	streŋkθ	RRP	89	𐑕𐑑𐑮𐑧𐑙𐑔	streŋθ	
streptomycin	𐑕𐑑𐑮𐑧𐑐𐑑𐑩𐑥𐑳𐑦𐑕𐑦𐑯	streptəmʌɪsɪn	RRP	89	𐑕𐑑𐑮𐑧𐑐𐑑𐑩𐑥𐑲𐑕𐑦𐑯	ˌstreptəˈmaɪsɪn	
stridulate	𐑕𐑑𐑮𐑦𐑛𐑘𐑩𐑤𐑱𐑖𐑯	strɪdjəleɪʃn	RRP	89	𐑕𐑑𐑮𐑦𐑛𐑘𐑩𐑤𐑱𐑑	ˈstrɪdjəleɪt	
strontium	𐑕𐑑𐑮𐑪𐑯𐑑𐑦𐑩𐑥	strɒntiəm	RRP	89	𐑕𐑑𐑮𐑪𐑯𐑑𐑾𐑥	ˈstrɒntɪəm	
strumpet	𐑕𐑑𐑮𐑳𐑥𐑐𐑦𐑑	strʌmpɪt	RRP	89	𐑕𐑑𐑮𐑳𐑥𐑐𐑩𐑑	ˈstrʌmpIt	
stubbornness	𐑕𐑑𐑳𐑚𐑼𐑯𐑩𐑕	stʌbəRnəs	RRP	89	𐑕𐑑𐑳𐑚𐑼𐑯𐑯𐑩𐑕	ˈstʌbəRn+nəs	
studious	𐑕𐑑𐑵𐑛𐑦𐑩𐑕	ˈstuːdiəs	RRP	89	𐑕𐑑𐑵𐑛𐑾𐑕, 𐑕𐑑𐑿𐑛𐑾𐑕	ˈstjuːdɪəs	
studying	𐑕𐑑𐑳𐑛𐑰𐑦𐑙	ˈstʌdiːɪŋ	RRP	89	𐑕𐑑𐑳𐑛𐑦𐑦𐑙	ˈstʌdiɪŋ	
stupefy	𐑕𐑑𐑫𐑐𐑩𐑓𐑲	ˈstupəˌfaɪ	RRP	89	𐑕𐑑𐑵𐑐𐑦𐑓𐑲, 𐑕𐑑𐑿𐑐𐑦𐑓𐑲	ˈstjuːpɪfaɪ	
stupendous	𐑕𐑑𐑘𐑫𐑐𐑧𐑯𐑛𐑩𐑕	stjuˈpendəs	RRP	89	𐑕𐑑𐑵𐑐𐑧𐑯𐑛𐑩𐑕, 𐑕𐑑𐑿𐑐𐑧𐑯𐑛𐑩𐑕	stjuːˈpendəs	
stupid	𐑕𐑑𐑿𐑐𐑩𐑛	ˈstjuːpƏd	RRP	89	𐑕𐑑𐑵𐑐𐑦𐑛, 𐑕𐑑𐑿𐑐𐑦𐑛	ˈstjuːpɪd	
stygian	𐑕𐑑𐑦𐑡𐑦𐑩𐑯	ˈstɪdʒiən	RRP	89	𐑕𐑑𐑦𐑡𐑾𐑯	ˈstɪdʒɪən	
subclavian	𐑕𐑩𐑚𐑒𐑤𐑱𐑝𐑦𐑩𐑯	səbˈkleɪviən	RRP	89	𐑕𐑳𐑚𐑒𐑤𐑱𐑝𐑾𐑯	ˌsʌbˈkleɪviən	
subcommittee	𐑕𐑳𐑚𐑒𐑩𐑥𐑥𐑦𐑑𐑑𐑦	ˈsʌbkəmˌmɪtti	RRP	89	𐑕𐑳𐑚𐑒𐑩𐑥𐑦𐑑𐑦	ˈsʌbkəmɪti	
subjugate	𐑕𐑳𐑚𐑡𐑫𐑜𐑱𐑑	ˈsʌbdʒuɡeɪt	RRP	89	𐑕𐑳𐑚𐑡𐑩𐑜𐑱𐑑	ˈsʌbdʒəɡeɪt	
subjugation	𐑕𐑳𐑚𐑡𐑫𐑜𐑱𐑖𐑩𐑯	ˌsʌbdʒʊˈɡeɪʃən	RRP	89	𐑕𐑳𐑚𐑡𐑩𐑜𐑱𐑖𐑩𐑯	ˌsʌbdʒəˈɡeɪʃən	
submerge	𐑕𐑳𐑚𐑥𐑻𐑡	sʌbmɜːRdʒ	RRP	89	𐑕𐑩𐑚𐑥𐑻𐑡	səbˈmɜːRdʒ	
subordinate	𐑕𐑼𐑚𐑹𐑛𐑦𐑯𐑩𐑑	səRbɔːRdɪnət	RRP	89	𐑕𐑩𐑚𐑹𐑛𐑦𐑯𐑩𐑑, 𐑕𐑩𐑚𐑹𐑛𐑦𐑯𐑱𐑑	səˈbɔːRdɪnət	
subordination	𐑕𐑼𐑚𐑹𐑛𐑦𐑯𐑱𐑖𐑩𐑯	səRbɔːRdɪneɪʃən	RRP	89	𐑕𐑩𐑚𐑹𐑛𐑦𐑯𐑱𐑖𐑩𐑯	səˌbɔːRdɪˈneɪʃən	
subside	𐑕𐑳𐑚𐑕𐑲𐑛	sʌbˈsaɪd	RRP	89	𐑕𐑩𐑚𐑕𐑲𐑛	səbˈsaɪd	
subsidence	𐑕𐑳𐑚𐑕𐑦𐑛𐑩𐑯𐑕	ˈsʌbsɪdəns	RRP	89	𐑕𐑩𐑚𐑕𐑲𐑛𐑩𐑯𐑕	səbˈsaɪdəns	
subsidiary	𐑕𐑳𐑚𐑕𐑦𐑛𐑦𐑼𐑦	sʌbsɪdiəri	RRP	89	𐑕𐑩𐑚𐑕𐑦𐑛𐑽𐑦	səbˈsɪdɪəri	
substitute	𐑕𐑳𐑚𐑕𐑑𐑦𐑗𐑵𐑑	ˈsʌbstɪtʃuːt	RRP	89	𐑕𐑳𐑚𐑕𐑑𐑦𐑑𐑵𐑑, 𐑕𐑳𐑚𐑕𐑑𐑦𐑑𐑿𐑑	ˈsʌbstɪtjuːt	
subtend	𐑕𐑳𐑚𐑑𐑧𐑯𐑛	sʌbˈtend	RRP	89	𐑕𐑩𐑚𐑑𐑧𐑯𐑛	səbˈtend	
subterfuge	𐑕𐑳𐑚𐑑𐑼𐑓𐑿𐑠	sʌbtərfjuːʒ	RRP	89	𐑕𐑳𐑚𐑑𐑼𐑓𐑿𐑡	ˈsʌbtəRfjuːdʒ	
subtle	𐑕𐑳𐑑𐑤	ˈsʌtl	RRP	89	𐑕𐑳𐑑𐑩𐑤	ˈsʌtəl	
subtlety	𐑕𐑳𐑑𐑤𐑑𐑦	ˈsʌtlti	RRP	89	𐑕𐑳𐑑𐑩𐑤𐑑𐑦	ˈsʌtəlti	
subvention	𐑕𐑳𐑚𐑝𐑧𐑯𐑖𐑯	sʌbˈvenʃn	RRP	89	𐑕𐑩𐑚𐑝𐑧𐑯𐑖𐑩𐑯	səbˈvenʃən	
subvert	𐑕𐑩𐑚𐑝𐑻𐑑	səbvɜːRt	RRP	89	𐑕𐑳𐑚𐑝𐑻𐑑	sʌbˈvɜːRt	
succinct	𐑕𐑩𐑕𐑦𐑙𐑒𐑑	səˈsɪŋkt	RRP	89	𐑕𐑩𐑒𐑕𐑦𐑙𐑒𐑑	səkˈsɪŋkt	
sudanese	𐑕𐑵𐑛𐑧𐑯𐑰𐑟	suːdeniːz	RRP	89	𐑕𐑵𐑛𐑩𐑯𐑰𐑟	ˌsuːdəˈniːz	
suet	𐑕𐑵𐑦𐑑	suːɪt	RRP	89	𐑕𐑵𐑩𐑑	ˈsuːIt	
sufferance	𐑕𐑳𐑓𐑮𐑼𐑯𐑕	sʌfrəRns	RRP	89	𐑕𐑳𐑓𐑼𐑩𐑯𐑕	ˈsʌfərəns	
suffragette	𐑕𐑳𐑓𐑮𐑩𐑡𐑧𐑑	sʌfrədʒet	RRP	89	𐑕𐑳𐑓𐑮𐑦𐑡𐑧𐑑	ˌsʌfrɪˈdʒet	
suitable	𐑕𐑵𐑑𐑩𐑚𐑤	ˈsuːtəbl	RRP	89	𐑕𐑵𐑑𐑩𐑚𐑩𐑤	ˈsuːtəbəl	
suitcase	𐑕𐑿𐑑𐑒𐑱𐑕	ˈsjuːtkeɪs	RRP	89	𐑕𐑵𐑑𐑒𐑱𐑕	ˈsuːtkeɪs	
sultanate	𐑕𐑳𐑤𐑑𐑩𐑯𐑩𐑑	ˈsʌltənət	RRP	89	𐑕𐑳𐑤𐑑𐑩𐑯𐑱𐑑	ˈsʌltəneɪt	
summarily	𐑕𐑩𐑥𐑧𐑮𐑦𐑤𐑦	səmerɪli	RRP	89	𐑕𐑳𐑥𐑼𐑦𐑤𐑦	ˈsʌmərɪli	
summation	𐑕𐑳𐑥𐑱𐑖𐑩𐑯	sʌˈmeɪʃən	RRP	89	𐑕𐑩𐑥𐑱𐑖𐑩𐑯	səˈmeɪʃən	
sumptuary	𐑕𐑳𐑥𐑑𐑘𐑩𐑼𐑦	sʌmtjəəri	RRP	89	𐑕𐑳𐑥𐑐𐑗𐑫𐑼𐑦	ˈsʌmptʃʊəri	
superb	𐑕𐑿𐑐𐑻𐑚	sjuːpɜːRb	RRP	89	𐑕𐑵𐑐𐑻𐑚	suːˈpɜːRb	
supercilious	𐑕𐑿𐑐𐑼𐑕𐑦𐑤𐑦𐑩𐑕	sjuːpəRsɪliəs	RRP	89	𐑕𐑵𐑐𐑼𐑕𐑦𐑤𐑾𐑕	ˌsuːpəRˈsɪlɪəs	
superego	𐑕𐑫𐑐𐑧𐑮𐑦𐑜𐑴	superiɡoʊ	RRP	89	𐑕𐑵𐑐𐑼𐑰𐑜𐑴	ˈsuːpəriːɡəʊ	
supererogation	𐑕𐑵𐑐𐑼𐑧𐑮𐑼𐑜𐑱𐑖𐑯	suːpərerəRɡeɪʃn	RRP	89	𐑕𐑵𐑐𐑼𐑧𐑮𐑩𐑜𐑱𐑖𐑩𐑯	ˌsuːpəˌrerəˈɡeɪʃən	
superficies	𐑕𐑵𐑐𐑼𐑓𐑦𐑖𐑦𐑰𐑟	suːpəRfɪʃiiːz	RRP	89	𐑕𐑵𐑐𐑼𐑓𐑦𐑖𐑰𐑟	ˌsuːpəRˈfɪʃiːz	
superintendent	𐑕𐑿𐑐𐑼𐑦𐑯𐑑𐑧𐑯𐑛𐑩𐑯𐑑	sjuːpərɪntendənt	RRP	89	𐑕𐑵𐑐𐑼𐑦𐑯𐑑𐑧𐑯𐑛𐑩𐑯𐑑	ˌsuːpərɪnˈtendənt	
superior	𐑕𐑵𐑐𐑽𐑦𐑼	suːpɪəriəR	RRP	89	𐑕𐑵𐑐𐑽𐑽	suːˈpɪərɪəR	
supernatural	𐑕𐑵𐑐𐑼𐑯𐑨𐑗𐑮𐑼𐑤	suːpəRnatʃrəRl	RRP	89	𐑕𐑵𐑐𐑼𐑯𐑨𐑗𐑼𐑩𐑤	ˌsuːpəRˈnætʃərəl	
supernormal	𐑕𐑫 𐑐𐑼𐑯𐑷𐑮 𐑥𐑩𐑤	su pərnɔr məl	RRP	89	𐑕𐑵𐑐𐑼𐑯𐑹𐑥𐑩𐑤	ˌsuːpəRˈnɔːRməl	
supernumerary	𐑕𐑵𐑐𐑼𐑯𐑿𐑥𐑮𐑮𐑦	suːpəRnjuːmrri	RRP	89	𐑕𐑵𐑐𐑼𐑯𐑵𐑥𐑼𐑼𐑦, 𐑕𐑵𐑐𐑼𐑯𐑿𐑥𐑼𐑼𐑦	ˌsuːpəRˈnjuːmərəri	
superscribe	𐑕𐑵𐑐𐑼𐑕𐑒𐑮𐑳𐑦𐑚	suːpəRskrʌɪb	RRP	89	𐑕𐑵𐑐𐑼𐑕𐑒𐑮𐑲𐑚	ˈsuːpəRˌskraɪb	
superscription	𐑕𐑵𐑐𐑼𐑕𐑒𐑮𐑦𐑐𐑖𐑯	suːpəRskrɪpʃn	RRP	89	𐑕𐑵𐑐𐑼𐑕𐑒𐑮𐑦𐑐𐑖𐑩𐑯	ˌsuːpəRˈskrɪpʃən	
supersession	𐑕𐑵𐑐𐑼𐑕𐑧𐑖𐑯	suːpəRseʃn	RRP	89	𐑕𐑵𐑐𐑼𐑕𐑧𐑖𐑩𐑯	ˌsuːpəRˈseʃən	
supplement	𐑕𐑳𐑐𐑤𐑩𐑥𐑩𐑯𐑑	ˈsʌpləmənt	RRP	89	𐑕𐑳𐑐𐑤𐑦𐑥𐑧𐑯𐑑, 𐑕𐑳𐑐𐑤𐑦𐑥𐑩𐑯𐑑	ˈsʌplɪmənt	
suppliant	𐑕𐑳𐑐𐑤𐑦𐑩𐑯𐑑	ˈsʌpliənt	RRP	89	𐑕𐑳𐑐𐑤𐑾𐑯𐑑	ˈsʌplɪənt	
supremacy	𐑕𐑫𐑐𐑮𐑧𐑥𐑩𐑕𐑦	supreməsi	RRP	89	𐑕𐑵𐑐𐑮𐑧𐑥𐑩𐑕𐑦	suːˈpreməsi	
surety	𐑖𐑫𐑼𐑦𐑑𐑦	ʃʊərɪti	RRP	89	𐑖𐑫𐑼𐑩𐑑𐑦	ˈʃʊərəti	
surreptitiously	𐑕𐑳𐑮𐑼𐑐𐑑𐑦𐑖𐑩𐑕𐑤𐑦	sʌrəRptɪʃəsli	RRP	89	𐑕𐑳𐑮𐑩𐑐𐑑𐑦𐑖𐑩𐑕𐑤𐑦	ˌsʌrəpˈtɪʃəsli	
survive	𐑕𐑼𐑝𐑳𐑦𐑝	səRvʌɪv	RRP	89	𐑕𐑼𐑝𐑲𐑝	səRˈvaɪv	
susceptible	𐑕𐑩𐑕𐑧𐑐𐑑𐑦𐑚𐑩𐑤	səˈseptɪbəl	RRP	89	𐑕𐑩𐑕𐑧𐑐𐑑𐑩𐑚𐑩𐑤	səˈseptəbəl	
sustenance	𐑕𐑳𐑕𐑑𐑩𐑯𐑩𐑯𐑕	ˈsʌstənəns	RRP	89	𐑕𐑳𐑕𐑑𐑦𐑯𐑩𐑯𐑕	ˈsʌstɪnəns	
suture	𐑕𐑵𐑑𐑘𐑼	suːtjəR	RRP	89	𐑕𐑵𐑗𐑼	ˈsuːtʃəR	
suzerain	𐑕𐑫𐑟𐑮𐑼𐑯	suzrəRn	RRP	89	𐑕𐑵𐑟𐑼𐑱𐑯	ˈsuːzəreɪn	
suzerainty	𐑕𐑫𐑟𐑮𐑼𐑯𐑑𐑦	suzrəRnti	RRP	89	𐑕𐑵𐑟𐑼𐑩𐑯𐑑𐑦	ˈsuːzərənti	
swahili	𐑕𐑢𐑩𐑣𐑰𐑤𐑦	swəˈhiːli	RRP	89	𐑕𐑢𐑭𐑣𐑰𐑤𐑦	swɑːˈhiːli	
swarthy	𐑕𐑢𐑷𐑮𐑞𐑦	swɔrði	RRP	89	𐑕𐑢𐑹𐑞𐑦	ˈswɔːRði	
swindle	𐑕𐑢𐑦𐑯𐑛𐑤	ˈswɪndl	RRP	89	𐑕𐑢𐑦𐑯𐑛𐑩𐑤	ˈswɪndəl	
swingeing	𐑕𐑢𐑦𐑯𐑠𐑦𐑙	ˈswɪnʒɪŋ	RRP	89	𐑕𐑢𐑦𐑯𐑡𐑦𐑙	ˈswɪndʒɪŋ	
switzerland	𐑕𐑢𐑦𐑑𐑕𐑼𐑤𐑼𐑯𐑛	swɪtsəRləRnd	RRP	89	𐑕𐑢𐑦𐑑𐑕𐑼𐑤𐑩𐑯𐑛	ˈswɪtsəRlənd	
sycamore	𐑕𐑦𐑒𐑼𐑥𐑹	sɪkəRmɔːR	RRP	89	𐑕𐑦𐑒𐑩𐑥𐑹	ˈsɪkəmɔːR	
syllabary	𐑕𐑦𐑤𐑩𐑚𐑧𐑮𐑦	sɪləberi	RRP	89	𐑕𐑦𐑤𐑩𐑚𐑼𐑦	ˈsɪləbəri	
syllogism	𐑕𐑦𐑤𐑩𐑡𐑦𐑟𐑥	ˈsɪlədʒɪzm	RRP	89	𐑕𐑦𐑤𐑩𐑡𐑦𐑟𐑩𐑥	ˈsɪlədʒɪzəm	
symmetry	𐑕𐑦𐑥𐑦𐑑𐑮𐑦	sɪmɪtri	RRP	89	𐑕𐑦𐑥𐑩𐑑𐑮𐑦	ˈsɪmətri	
symposium	𐑕𐑦𐑥𐑐𐑴𐑟𐑦𐑩𐑥	sɪmˈpoʊziəm	RRP	89	𐑕𐑦𐑥𐑐𐑴𐑟𐑾𐑥	sɪmˈpəʊzɪəm	
symptom	𐑕𐑦𐑥𐑑𐑩𐑥	ˈsɪmtəm	RRP	89	𐑕𐑦𐑥𐑐𐑑𐑩𐑥	ˈsɪmptəm	
synchrotron	𐑕𐑦𐑙𐑒𐑮𐑩𐑑𐑮𐑪𐑯	sɪŋkrətrɒn	RRP	89	𐑕𐑦𐑙𐑒𐑮𐑴𐑑𐑮𐑪𐑯	ˈsɪŋkrəʊtrɒn	
synthesist	𐑕𐑦𐑯𐑔𐑦𐑕𐑦𐑕𐑑	ˈsɪnθɪsɪst	RRP	89	𐑕𐑦𐑯𐑔𐑩𐑕𐑦𐑕𐑑	ˈsɪnθəsɪst	
syracuse	𐑕𐑧𐑮𐑼𐑒𐑘𐑫𐑕	serəRkjus	RRP	89	𐑕𐑲𐑮𐑩𐑒𐑿𐑟	ˈsaɪrəkjuːz	
syrian	𐑕𐑦𐑮𐑦𐑩𐑯	sɪriən	RRP	89	𐑕𐑦𐑮𐑾𐑯	ˈsɪrɪən	
syrup	𐑕𐑦𐑮𐑼𐑐	sɪrəRp	RRP	89	𐑕𐑦𐑮𐑩𐑐	ˈsɪrəp	
syzygy	𐑕𐑦𐑟𐑦𐑡𐑦	ˈsɪzɪdʒi	RRP	89	𐑕𐑦𐑟𐑩𐑡𐑦	ˈsɪzədʒi	
t-shirt	𐑑𐑰𐑖𐑻𐑑	tiːʃɜːRt	RRP	89	𐑑𐑰-𐑖𐑻𐑑	ˈtiː-ʃɜːRt	
tachograph	𐑑𐑨𐑒𐑩𐑜𐑮𐑨𐑓	tækəɡræf	RRP	89	𐑑𐑨𐑒𐑴𐑜𐑮𐑨𐑓	ˈtækəʊɡræf	
taco	𐑑𐑨𐑒𐑴	ˈtækəʊ	RRP	89	𐑑𐑭𐑒𐑴	ˈtɑːkəʊ	
talisman	𐑑𐑨𐑤𐑦𐑕𐑥𐑨𐑯	ˈtælɪsˌmæn	RRP	89	𐑑𐑨𐑤𐑦𐑟𐑥𐑩𐑯	ˈtælɪzmən	
tangerine	𐑑𐑨𐑯𐑡𐑼𐑦𐑯	tændʒərin	RRP	89	𐑑𐑨𐑯𐑡𐑼𐑰𐑯	ˌtændʒəˈriːn	
tangy	𐑑𐑨𐑙𐑰	ˈtæŋiː	RRP	89	𐑑𐑨𐑙𐑦	ˈtæŋi	
tanzanian	𐑑𐑨𐑯𐑟𐑩𐑯𐑦𐑩𐑯	ˌtænzəˈniən	RRP	89	𐑑𐑨𐑯𐑟𐑩𐑯𐑾𐑯	ˌtænzəˈnɪən	
tapestry	𐑑𐑨𐑐𐑩𐑕𐑑𐑮𐑦	tæpəstri	RRP	89	𐑑𐑨𐑐𐑦𐑕𐑑𐑮𐑦	ˈtæpɪstri	
tapir	𐑑𐑱𐑐𐑰𐑼	teɪpiːəR	RRP	89	𐑑𐑱𐑐𐑼	ˈteɪpəR	
tara	𐑑𐑨𐑮𐑸	tærɑːR	RRP	89	𐑑𐑸𐑩	ˈtɑːrə	
tarantella	𐑑𐑨𐑮𐑼𐑯𐑑𐑧𐑤𐑩	tærəRntelə	RRP	89	𐑑𐑨𐑮𐑩𐑯𐑑𐑧𐑤𐑩	ˌtærənˈtelə	
tarantula	𐑑𐑼𐑨𐑯𐑗𐑫𐑤𐑩	təræntʃʊlə	RRP	89	𐑑𐑼𐑨𐑯𐑗𐑩𐑤𐑩	təˈræntʃələ	
target	𐑑𐑸𐑜𐑦𐑑	tɑːRɡɪt	RRP	89	𐑑𐑸𐑜𐑩𐑑	ˈtɑːRɡIt	
tariff	𐑑𐑧𐑮𐑦𐑓	terɪf	RRP	89	𐑑𐑨𐑮𐑦𐑓	ˈtærɪf	
taro	𐑑𐑨𐑮𐑴	tærəʊ	RRP	89	𐑑𐑸𐑴	ˈtɑːrəʊ	
tarradiddle	𐑑𐑨𐑮𐑼𐑛𐑦𐑛𐑩𐑤	tærəRdɪdəl	RRP	89	𐑑𐑨𐑮𐑩𐑛𐑦𐑛𐑩𐑤	ˈtærədɪdəl	
tarragon	𐑑𐑨𐑮𐑼𐑜𐑩𐑯	tærəRɡən	RRP	89	𐑑𐑨𐑮𐑩𐑜𐑩𐑯	ˈtærəɡən	
tasmania	𐑑𐑨𐑟𐑥𐑱𐑯𐑦𐑩	tæzˈmeɪniə	RRP	89	𐑑𐑨𐑟𐑥𐑱𐑯𐑾	tæzˈmeɪnɪə	
tat	𐑑𐑭𐑑	tɑːt	RRP	89	𐑑𐑨𐑑	tæt	
tatterdemalion	𐑑𐑨𐑑𐑼𐑛𐑼𐑥𐑱𐑤𐑦𐑪𐑯	tætəRdəRmeɪliɒn	RRP	89	𐑑𐑨𐑑𐑼𐑛𐑩𐑥𐑱𐑤𐑾𐑯	ˌtætəRdəˈmeɪlɪən	
tattle	𐑑𐑨𐑑𐑤	ˈtætl	RRP	89	𐑑𐑨𐑑𐑩𐑤	ˈtætəl	
tattler	𐑑𐑨𐑑𐑼𐑤𐑼	tætəRləR	RRP	89	𐑑𐑨𐑑𐑤𐑼	ˈtætləR	
taxis	𐑑𐑨𐑒𐑕𐑦𐑕	ˈtæksɪs	RRP	89	𐑑𐑨𐑒𐑕𐑦𐑟	ˈtæksiz	
tearaway	𐑑𐑺𐑼𐑢𐑱	teərəRweɪ	RRP	89	𐑑𐑺𐑩𐑢𐑱	ˈteərəweɪ	
technically	𐑑𐑧𐑒𐑯𐑦𐑒𐑩𐑤𐑦	ˈteknɪkəli	RRP	89	𐑑𐑧𐑒𐑯𐑦𐑒𐑤𐑦	ˈteknɪkli	
tedium	𐑑𐑰𐑛𐑦𐑩𐑥	ˈtiːdiəm	RRP	89	𐑑𐑰𐑛𐑾𐑥	ˈtiːdɪəm	
teetotaler	𐑑𐑰𐑑𐑴𐑑𐑼𐑤𐑼	tiːtəʊtəRləR	RRP	89	𐑑𐑰𐑑𐑴𐑑𐑩𐑤𐑼	tiːˈtəʊtələR	
telegram	𐑑𐑧𐑤𐑩𐑜𐑮𐑨𐑥	teləɡræm	RRP	89	𐑑𐑧𐑤𐑦𐑜𐑮𐑨𐑥	ˈtelɪɡræm	
telegraph	𐑑𐑧𐑤𐑩𐑜𐑮𐑨𐑓	teləɡræf	RRP	89	𐑑𐑧𐑤𐑦𐑜𐑮𐑨𐑓	ˈtelɪɡræf	
teleological	𐑑𐑧𐑤𐑰𐑩𐑤𐑪𐑡𐑦𐑒𐑤	teliːəˈlɒdʒɪkl	RRP	89	𐑑𐑧𐑤𐑾𐑤𐑪𐑡𐑦𐑒𐑩𐑤	ˌtelɪəˈlɒdʒɪkəl	
teleology	𐑑𐑰𐑤𐑦𐑪𐑤𐑩𐑡𐑦	ˈtiːliˌɒlədʒi	RRP	89	𐑑𐑧𐑤𐑦𐑪𐑤𐑩𐑡𐑦	ˌtelɪˈɒlədʒi	
telepathy	𐑑𐑧𐑤𐑧𐑐𐑩𐑔𐑦	teˈlepəθi	RRP	89	𐑑𐑦𐑤𐑧𐑐𐑩𐑔𐑦	tɪˈlepəθi	
telephone	 𐑑𐑧𐑤𐑦𐑓𐑴𐑯	ˈ telɪˌfəʊn	RRP	89	𐑑𐑧𐑤𐑦𐑓𐑴𐑯	ˈtelɪfəʊn	
telephony	𐑑𐑩𐑤𐑧𐑓𐑩𐑯𐑦	təˈlefəni	RRP	89	𐑑𐑦𐑤𐑧𐑓𐑩𐑯𐑦	tɪˈlefəni	
temerity	𐑑𐑦𐑥𐑧𐑮𐑼𐑑𐑦	tɪmerəRti	RRP	89	𐑑𐑦𐑥𐑧𐑮𐑦𐑑𐑦	tɪˈmerɪti	
temperament	𐑑𐑧𐑥𐑐𐑼𐑼𐑥𐑩𐑯𐑑	tempərəRmənt	RRP	89	𐑑𐑧𐑥𐑐𐑼𐑩𐑥𐑩𐑯𐑑	ˈtempərəmənt	
temperance	𐑑𐑧𐑥𐑐𐑼𐑼𐑯𐑕	tempərəRns	RRP	89	𐑑𐑧𐑥𐑐𐑼𐑩𐑯𐑕	ˈtempərəns	
temperate	𐑑𐑧𐑥𐑐𐑼𐑼𐑑	tempərəRt	RRP	89	𐑑𐑧𐑥𐑐𐑼𐑩𐑑	ˈtempərət	
temperature	𐑑𐑧𐑥𐑐𐑮𐑼𐑗𐑼	temprəRtʃəR	RRP	89	𐑑𐑧𐑥𐑐𐑼𐑩𐑗𐑼	ˈtempərətʃəR	
tempest	𐑑𐑧𐑥𐑐𐑩𐑕𐑑	ˈtempəst	RRP	89	𐑑𐑧𐑥𐑐𐑦𐑕𐑑	ˈtempɪst	
template	𐑑𐑧𐑥𐑐𐑤𐑦𐑑	ˈtemplɪt	RRP	89	𐑑𐑧𐑥𐑐𐑤𐑩𐑑	ˈtemplIt	
temporarily	𐑑𐑧𐑥𐑐𐑮𐑼𐑼𐑤𐑦	temprərəRli	RRP	89	𐑑𐑧𐑥𐑐𐑼𐑼𐑩𐑤𐑦	ˈtempərərəli	
tenacious	𐑑𐑩𐑯𐑱𐑖𐑩𐑕	təˈneɪʃəs	RRP	89	𐑑𐑦𐑯𐑱𐑖𐑩𐑕	tɪˈneɪʃəs	
tenaciously	𐑑𐑩𐑯𐑱𐑖𐑩𐑕𐑤𐑦	təˈneɪʃəsli	RRP	89	𐑑𐑦𐑯𐑱𐑖𐑩𐑕𐑤𐑦	tɪˈneɪʃəsli	
tenaciousness	𐑑𐑩𐑯𐑱𐑖𐑩𐑕𐑯𐑩𐑕	təˈneɪʃəsnəs	RRP	89	𐑑𐑦𐑯𐑱𐑖𐑩𐑕𐑯𐑩𐑕	tɪˈneɪʃəsnəs	
tenacity	𐑑𐑩𐑯𐑨𐑕𐑦𐑑𐑦	təˈnæsɪti	RRP	89	𐑑𐑦𐑯𐑨𐑕𐑦𐑑𐑦	tɪˈnæsɪti	
tenement	𐑑𐑧𐑯𐑦𐑥𐑩𐑯𐑑	ˈtenɪmənt	RRP	89	𐑑𐑧𐑯𐑩𐑥𐑩𐑯𐑑	ˈtenəmənt	
tenet	𐑑𐑧𐑯𐑦𐑑	ˈtenɪt	RRP	89	𐑑𐑧𐑯𐑩𐑑	ˈtenIt	
tennessee	𐑑𐑧𐑯𐑩𐑕𐑦	ˌtenəˈsi	RRP	89	𐑑𐑧𐑯𐑩𐑕𐑰	ˌtenəˈsiː	
tenuity	𐑑𐑩𐑯𐑿𐑦𐑑𐑦	təˈnjuːɪti	RRP	89	𐑑𐑦𐑯𐑵𐑦𐑑𐑦, 𐑑𐑦𐑯𐑿𐑦𐑑𐑦	tɪˈnjuːɪti	
tenure	𐑑𐑧𐑯𐑘𐑩𐑼	tenjəəR	RRP	89	𐑑𐑧𐑯𐑘𐑫𐑼	ˈtenjʊəR	
tepid	𐑑𐑧𐑐𐑩𐑛	ˈtepƏd	RRP	89	𐑑𐑧𐑐𐑦𐑛	ˈtepɪd	
terminology	𐑑𐑻𐑥𐑩𐑯𐑪𐑤𐑩𐑡𐑦	tɜːRmənɒlədʒi	RRP	89	𐑑𐑻𐑥𐑦𐑯𐑪𐑤𐑩𐑡𐑦	ˌtɜːRmɪˈnɒlədʒi	
terrapin	𐑑𐑧𐑮𐑼𐑐𐑦𐑯	terəRpɪn	RRP	89	𐑑𐑧𐑮𐑩𐑐𐑦𐑯	ˈterəpɪn	
terrible	𐑑𐑧𐑮𐑼𐑚𐑩𐑤	terəRbəl	RRP	89	𐑑𐑧𐑮𐑩𐑚𐑩𐑤	ˈterəbəl	
tertiary	𐑑𐑻𐑖𐑦𐑼𐑰	tɜːRʃiəriː	RRP	89	𐑑𐑻𐑖𐑼𐑦	ˈtɜːRʃəri	
textual	𐑑𐑧𐑒𐑕𐑑𐑘𐑫𐑩𐑤	ˈtekstjuəl	RRP	89	𐑑𐑧𐑒𐑕𐑗𐑫𐑩𐑤	ˈtekstʃʊəl	
theater	𐑔𐑰𐑼𐑑𐑼	θiːəRtəR	RRP	89	𐑔𐑾𐑑𐑼	ˈθɪətəR	
theism	𐑔𐑦𐑦𐑟𐑩𐑥	ˈθiɪzəm	RRP	89	𐑔𐑰𐑦𐑟𐑩𐑥	ˈθiːɪzəm	
theistic	𐑔𐑦𐑦𐑕𐑑𐑦𐑒	θiˈɪstɪk	RRP	89	𐑔𐑰𐑦𐑕𐑑𐑦𐑒	θiːˈɪstɪk	
theocracy	𐑔𐑰𐑪𐑒𐑮𐑩𐑕𐑦	θiːɒkrəsɪ	RRP	89	𐑔𐑦𐑪𐑒𐑮𐑩𐑕𐑦	θɪˈɒkrəsi	
theodolite	𐑔𐑰𐑪𐑛𐑩𐑤𐑲𐑑	θiːˈɒdəlaɪt	RRP	89	𐑔𐑦𐑪𐑛𐑩𐑤𐑲𐑑	θɪˈɒdəlaɪt	
theologian	𐑔𐑦𐑩𐑤𐑴𐑡𐑩𐑯	θiəˈloʊdʒən	RRP	89	𐑔𐑾𐑤𐑴𐑡𐑩𐑯	ˌθɪəˈləʊdʒən	
theological	𐑔𐑾𐑤𐑪𐑡𐑦𐑒𐑤	θɪəˈlɒdʒɪkl	RRP	89	𐑔𐑾𐑤𐑪𐑡𐑦𐑒𐑩𐑤	ˌθɪəˈlɒdʒɪkəl	
theorem	𐑔𐑰𐑼𐑼𐑥	θiːərəRm	RRP	89	𐑔𐑽𐑩𐑥	ˈθɪərəm	
theoretic	𐑔𐑰𐑼𐑧𐑑𐑦𐑒	θiːəretɪk	RRP	89	𐑔𐑽𐑧𐑑𐑦𐑒	θɪəˈretɪk	
theoretical	𐑔𐑦𐑼𐑧𐑑𐑦𐑒𐑩𐑤	θiəretɪkəl	RRP	89	𐑔𐑽𐑧𐑑𐑦𐑒𐑩𐑤	θɪəˈretɪkəl	
theory	𐑔𐑰𐑼𐑦	θiːəri	RRP	89	𐑔𐑽𐑦	ˈθɪəri	
theosophical	𐑔𐑰𐑩𐑕𐑪𐑓𐑦𐑒𐑩𐑤	ˌθiːəˈsɒfɪkəl	RRP	89	𐑔𐑾𐑕𐑪𐑓𐑦𐑒𐑩𐑤	ˌθiːəˈsɒfɪkəl	
therapeutic	𐑔𐑧𐑮𐑼𐑐𐑿𐑑𐑦𐑒	θerəRpjuːtɪk	RRP	89	𐑔𐑧𐑮𐑩𐑐𐑿𐑑𐑦𐑒	ˌθerəˈpjuːtɪk	
therapy	𐑔𐑧𐑮𐑼𐑐𐑦	θerəRpi	RRP	89	𐑔𐑧𐑮𐑩𐑐𐑦	ˈθerəpi	
thereabout	𐑞𐑺𐑼𐑚𐑬𐑑	ðeərəRbaʊt	RRP	89	𐑞𐑺𐑩𐑚𐑬𐑑	ˈðeərəbaʊt	
thermos	𐑔𐑻𐑥𐑪𐑕	θɜːRmɒs	RRP	89	𐑔𐑻𐑥𐑩𐑕	ˈθɜːRməs	
thesaurus	𐑔𐑦𐑕𐑹𐑼𐑕	θɪsɔːrəRs	RRP	89	𐑔𐑦𐑕𐑹𐑩𐑕	θɪˈsɔːrəs	
thespian	𐑔𐑧𐑕𐑐𐑦𐑩𐑯	ˈθespiən	RRP	89	𐑔𐑧𐑕𐑐𐑾𐑯	ˈθespɪən	
thicket	𐑔𐑦𐑒𐑦𐑑	ˈθɪkɪt	RRP	89	𐑔𐑦𐑒𐑩𐑑	ˈθɪkIt	
thievery	𐑔𐑰𐑝𐑮𐑦	θiːvri	RRP	89	𐑔𐑰𐑝𐑼𐑦	ˈθiːvəri	
thimble	𐑔𐑦𐑥𐑚𐑤	ˈθɪmbl	RRP	89	𐑔𐑦𐑥𐑚𐑩𐑤	ˈθɪmbəl	
thirtieth	𐑔𐑻𐑑𐑦𐑩𐑔	θɜːRtiəθ	RRP	89	𐑔𐑻𐑑𐑾𐑔	ˈθɜːRtɪəθ	
thorax	𐑔𐑷𐑮𐑨𐑒𐑕	θɔræks	RRP	89	𐑔𐑹𐑨𐑒𐑕	ˈθɔːræks	
thoroughfare	𐑔𐑳𐑮𐑼𐑓𐑻	θʌrəRfɜːR	RRP	89	𐑔𐑳𐑮𐑩𐑓𐑺	ˈθʌrəfeəR	
thoroughgoing	𐑔𐑳𐑮𐑼𐑜𐑴𐑦𐑙	θʌrəRɡəʊɪŋ	RRP	89	𐑔𐑳𐑮𐑩𐑜𐑴𐑦𐑙	ˈθʌrəɡəʊɪŋ	
thoroughly	𐑔𐑳𐑮𐑼𐑤𐑰	θʌrəRliː	RRP	89	𐑔𐑳𐑮𐑩𐑤𐑦	ˈθʌrəli	
thoroughness	𐑔𐑳𐑮𐑼𐑯𐑩𐑕	θʌrəRnəs	RRP	89	𐑔𐑳𐑮𐑩𐑯𐑩𐑕	ˈθʌrənəs	
thou	𐑔𐑬	θaʊ	RRP	89	𐑞𐑬	ðaʊ	
thoughtful	𐑔𐑷𐑑𐑓𐑫𐑤	ˈθɔːtfʊl	RRP	89	𐑔𐑷𐑑𐑓𐑩𐑤	ˈθɔːtfəl	
thoughtfully	𐑔𐑷𐑑𐑓𐑫𐑤𐑦	ˈθɔːtfʊli	RRP	89	𐑔𐑷𐑑𐑓𐑩𐑤𐑦	ˈθɔːtfəli	
thoughtfulness	𐑔𐑷𐑑𐑓𐑤𐑯𐑩𐑕	ˈθɔːtflnəs	RRP	89	𐑔𐑷𐑑𐑓𐑩𐑤𐑯𐑩𐑕	ˈθɔːtfəlnəs	
thoughtlessly	𐑔𐑷𐑑𐑤𐑦𐑕𐑤𐑦	ˈθɔtlɪsli	RRP	89	𐑔𐑷𐑑𐑤𐑩𐑕𐑤𐑦	ˈθɔːtləsli	
thousandth	𐑔𐑬𐑟𐑩𐑯𐑑𐑔	ˈθaʊzəntθ	RRP	89	𐑔𐑬𐑟𐑩𐑯𐑛𐑔	ˈθaʊzəndθ	
threepence	𐑔𐑮𐑳𐑐𐑩𐑯𐑕	θrʌpəns	RRP	89	𐑔𐑮𐑧𐑐𐑩𐑯𐑕	ˈθrepəns	
threepenny	𐑔𐑮𐑳𐑐𐑩𐑯𐑦	θrʌpəni	RRP	89	𐑔𐑮𐑧𐑐𐑩𐑯𐑦	ˈθrepəni	
threshold	𐑔𐑮𐑧𐑖𐑴𐑤𐑛	θreʃəʊld	RRP	89	𐑔𐑮𐑧𐑖𐑣𐑴𐑤𐑛	ˈθreʃhəʊld	
throughout	𐑔𐑮𐑫𐑳𐑫𐑑	θruʌʊt	RRP	89	𐑔𐑮𐑵𐑬𐑑	θruːˈaʊt	
thunderous	𐑔𐑳𐑯𐑛𐑼𐑼𐑕	θʌndərəRs	RRP	89	𐑔𐑳𐑯𐑛𐑼𐑩𐑕	ˈθʌndərəs	
thunderstorm	𐑔𐑳𐑯𐑼𐑕𐑑𐑹𐑥	θʌnəRstɔːRm	RRP	89	𐑔𐑳𐑯𐑛𐑼𐑕𐑑𐑹𐑥	ˈθʌndəRstɔːRm	
thurible	𐑔𐑘𐑩𐑼𐑦𐑚𐑩𐑤	θjəərɪbəl	RRP	89	𐑔𐑘𐑫𐑼𐑦𐑚𐑩𐑤	ˈθjʊərɪbəl	
ticket	𐑑𐑦𐑒𐑦𐑑	ˈtɪkɪt	RRP	89	𐑑𐑦𐑒𐑩𐑑	ˈtɪkIt	
tickler	𐑑𐑦𐑒𐑼𐑤𐑼	tɪkəRləR	RRP	89	𐑑𐑦𐑒𐑤𐑼	ˈtɪkləR	
tidal	𐑑𐑲𐑛𐑤	ˈtaɪdl	RRP	89	𐑑𐑲𐑛𐑩𐑤	ˈtaɪdəl	
timbre	𐑑𐑨𐑥𐑚𐑼	tæmbəR	RRP	89	𐑑𐑨𐑥𐑚𐑮𐑩	ˈtæmbrə	
timid	𐑑𐑦𐑥𐑩𐑛	ˈtɪmƏd	RRP	89	𐑑𐑦𐑥𐑦𐑛	ˈtɪmɪd	
timorous	𐑑𐑦𐑥𐑼𐑼𐑕	tɪmərəRs	RRP	89	𐑑𐑦𐑥𐑼𐑩𐑕	ˈtɪmərəs	
tincture	𐑑𐑦𐑙𐑗𐑼	tɪŋtʃəR	RRP	89	𐑑𐑦𐑙𐑒𐑗𐑼	ˈtɪŋktʃəR	
tinge	𐑑𐑦𐑯𐑠	tɪnʒ	RRP	89	𐑑𐑦𐑯𐑡	tɪndʒ	
tintinnabulation	𐑑𐑦𐑯𐑑𐑦𐑯𐑯𐑨𐑚𐑿𐑤𐑧𐑖𐑩𐑯	ˌtɪntɪnˌnæbjuːˈleʃən	RRP	89	𐑑𐑦𐑯𐑑𐑦𐑯𐑨𐑚𐑘𐑩𐑤𐑱𐑖𐑩𐑯	ˌtɪntɪnˌæbjəˈleɪʃən	
tippet	𐑑𐑦𐑐𐑦𐑑	ˈtɪpɪt	RRP	89	𐑑𐑦𐑐𐑩𐑑	ˈtɪpIt	
tissue	𐑑𐑦𐑕𐑿	ˈtɪsjuː	RRP	89	𐑑𐑦𐑖𐑵	ˈtɪʃuː	
titular	𐑑𐑦𐑑𐑘𐑩𐑤𐑼	tɪtjələR	RRP	89	𐑑𐑦𐑗𐑩𐑤𐑼	ˈtɪtʃələR	
together	𐑑𐑫𐑜𐑧𐑞𐑼	tʊɡeðəR	RRP	89	𐑑𐑩𐑜𐑧𐑞𐑼	təˈɡeðəR	
tolerable	𐑑𐑪𐑤𐑼𐑼𐑚𐑩𐑤	tɒlərəRbəl	RRP	89	𐑑𐑪𐑤𐑼𐑩𐑚𐑩𐑤	ˈtɒlərəbəl	
tolerably	𐑑𐑪𐑤𐑼𐑼𐑚𐑤𐑦	tɒlərəRbli	RRP	89	𐑑𐑪𐑤𐑼𐑩𐑚𐑤𐑦	ˈtɒlərəbli	
tolerance	𐑑𐑪𐑤𐑼𐑼𐑯𐑕	tɒlərəRns	RRP	89	𐑑𐑪𐑤𐑼𐑩𐑯𐑕	ˈtɒlərəns	
tolerant	𐑑𐑪𐑤𐑼𐑼𐑯𐑑	tɒlərəRnt	RRP	89	𐑑𐑪𐑤𐑼𐑩𐑯𐑑	ˈtɒlərənt	
tomorrow	𐑑𐑼𐑥𐑪𐑮𐑴	təRmɒrəʊ	RRP	89	𐑑𐑩𐑥𐑪𐑮𐑴	təˈmɒrəʊ	
tonne	𐑑𐑪𐑯	tɒn	RRP	89	𐑑𐑳𐑯	tʌn	
tonsil	𐑑𐑪𐑯𐑕𐑩𐑤	ˈtɒnsəl	RRP	89	𐑑𐑪𐑯𐑕𐑦𐑤	ˈtɒnsɪl	
tonsillitis	𐑑𐑪𐑯𐑕𐑩𐑤𐑲𐑑𐑦𐑕	tɒnsəˈlaɪtɪs	RRP	89	𐑑𐑪𐑯𐑕𐑦𐑤𐑲𐑑𐑦𐑕	ˌtɒnsɪˈlaɪtɪs	
toothache	𐑑𐑫𐑔𐑱𐑒	ˈtuθˌeɪk	RRP	89	𐑑𐑵𐑔𐑱𐑒	ˈtuːθeɪk	
topiary	𐑑𐑴𐑐𐑘𐑼𐑦	təʊpjəri	RRP	89	𐑑𐑴𐑐𐑽𐑦	ˈtəʊpɪəri	
tortilla	𐑑𐑹𐑑𐑦𐑘𐑩	tɔːRtijə	RRP	89	𐑑𐑹𐑑𐑰𐑘𐑩	tɔːRˈtiːjə	
tortoiseshell	𐑑𐑹𐑑𐑩𐑖𐑧𐑤	tɔːRtəʃel	RRP	89	𐑑𐑹𐑑𐑩𐑕𐑖𐑧𐑤	ˈtɔːRtəs+ʃel	
tortuous	𐑑𐑹𐑗𐑵𐑩𐑕	tɔːRtʃuːəs	RRP	89	𐑑𐑹𐑗𐑫𐑩𐑕	ˈtɔːRtʃuəs	
torus	𐑑𐑹𐑼𐑕	tɔːrəRs	RRP	89	𐑑𐑹𐑩𐑕	ˈtɔːRəs	
totalitarian	𐑑𐑴𐑑𐑩𐑤𐑦𐑑𐑧𐑮𐑦𐑼𐑯	təʊtəlɪteriəRn	RRP	89	𐑑𐑴𐑑𐑨𐑤𐑦𐑑𐑺𐑾𐑯	ˌtəʊtælɪˈteərɪən	
toucan	𐑑𐑵𐑒𐑩𐑯	ˈtuːkən	RRP	89	𐑑𐑵𐑒𐑨𐑯	ˈtuːkæn	
tourism	𐑑𐑹𐑦𐑟𐑥	tɔːrɪzm	RRP	89	𐑑𐑫𐑼𐑦𐑟𐑩𐑥	ˈtʊərɪzəm	
tournament	𐑑𐑫𐑼𐑯𐑼𐑥𐑩𐑯𐑑	tʊəRnəRmənt	RRP	89	𐑑𐑫𐑼𐑯𐑩𐑥𐑩𐑯𐑑	ˈtʊəRnəmənt	
towel	𐑑𐑬𐑤	taʊl	RRP	89	𐑑𐑬𐑩𐑤	ˈtaʊəl	
tower	𐑑𐑴𐑼	təʊəR	RRP	89	𐑑𐑬𐑼	ˈtaʊəR	
toxicity	𐑑𐑪𐑒𐑕𐑦𐑕𐑩𐑑𐑦	tɒkˈsɪsəti	RRP	89	𐑑𐑪𐑒𐑕𐑦𐑕𐑦𐑑𐑦	tɒkˈsɪsɪti	
trachea	𐑑𐑮𐑩𐑒𐑦𐑩	trəkiə	RRP	89	𐑑𐑮𐑩𐑒𐑾	trəˈkɪə	
tragedian	𐑑𐑮𐑩𐑡𐑦𐑛𐑦𐑩𐑯	trədʒidiən	RRP	89	𐑑𐑮𐑩𐑡𐑰𐑛𐑾𐑯	trəˈdʒiːdɪən	
tragedy	𐑑𐑮𐑨𐑡𐑧𐑛𐑦	trædʒedi	RRP	89	𐑑𐑮𐑨𐑡𐑩𐑛𐑦	ˈtrædʒədi	
trainee	𐑑𐑮𐑱𐑯𐑦	treɪni	RRP	89	𐑑𐑮𐑱𐑯𐑰	treɪˈniː	
traitorous	𐑑𐑮𐑱𐑑𐑼𐑼𐑕	treɪtərəRs	RRP	89	𐑑𐑮𐑱𐑑𐑼𐑩𐑕	ˈtreɪtərəs	
tranche	𐑑𐑮𐑭𐑯𐑖	trɑːnʃ	RRP	89	𐑑𐑮𐑨𐑯𐑗, 𐑑𐑮𐑭𐑯𐑗	trⱭːntʃ	
transfer	𐑑𐑮𐑭𐑯𐑕𐑓𐑻	trɑːnsfɜːR	RRP	89	𐑑𐑮𐑨𐑯𐑕𐑓𐑻	ˈtrænsfɜːR	
transference	𐑑𐑮𐑨𐑯𐑕𐑓𐑮𐑯𐑕	transfrns	RRP	89	𐑑𐑮𐑨𐑯𐑕𐑓𐑻𐑩𐑯𐑕	ˈtrænsfɜːrəns	
transgression	𐑑𐑮𐑨𐑯𐑕𐑜𐑮𐑧𐑖𐑩𐑯	trænsɡreʃən	RRP	89	𐑑𐑮𐑨𐑯𐑟𐑜𐑮𐑧𐑖𐑩𐑯	trænzˈɡreʃən	
transient	𐑑𐑮𐑨𐑯𐑟𐑦𐑩𐑯𐑑	trænziənt	RRP	89	𐑑𐑮𐑨𐑯𐑟𐑾𐑯𐑑	ˈtrænzɪənt	
transitive	𐑑𐑮𐑨𐑯𐑟𐑦𐑑𐑦𐑝	trænzɪtɪv	RRP	89	𐑑𐑮𐑨𐑯𐑕𐑦𐑑𐑦𐑝	ˈtrænsɪtɪv	
transitory	𐑑𐑮𐑨𐑯𐑟𐑦𐑑𐑮𐑦	trænzɪtrɪ	RRP	89	𐑑𐑮𐑨𐑯𐑕𐑦𐑑𐑼𐑦	ˈtrænsɪtəri	
translate	𐑑𐑮𐑭𐑯𐑟𐑤𐑱𐑑	trɑːnzleɪt	RRP	89	𐑑𐑮𐑨𐑯𐑟𐑤𐑱𐑑	trænzˈleɪt	
translation	𐑑𐑮𐑨𐑯𐑟𐑤𐑱𐑖𐑯	trænzleɪʃn	RRP	89	𐑑𐑮𐑨𐑯𐑟𐑤𐑱𐑖𐑩𐑯	trænzˈleɪʃən	
transmission	𐑑𐑮𐑨𐑯𐑕𐑥𐑦𐑖𐑩𐑯	trænsmɪʃən	RRP	89	𐑑𐑮𐑨𐑯𐑟𐑥𐑦𐑖𐑩𐑯	trænzˈmɪʃən	
transmit	𐑑𐑮𐑨𐑯𐑕𐑥𐑦𐑑	trænsmɪt	RRP	89	𐑑𐑮𐑨𐑯𐑟𐑥𐑦𐑑	trænzˈmɪt	
transmitted	𐑑𐑮𐑨𐑯𐑕𐑥𐑦𐑑𐑩𐑛	trænsmɪtƏd	RRP	89	𐑑𐑮𐑨𐑯𐑟𐑥𐑦𐑑𐑩𐑛	trænzˈmɪtƏd	
transparency	𐑑𐑮𐑨𐑯𐑕𐑐𐑨𐑮𐑼𐑯𐑕𐑦	trænspærəRnsi	RRP	89	𐑑𐑮𐑨𐑯𐑕𐑐𐑨𐑮𐑩𐑯𐑕𐑦	trænsˈpærənsi	
transparent	𐑑𐑮𐑨𐑯𐑕𐑐𐑨𐑮𐑼𐑯𐑑	trænspærəRnt	RRP	89	𐑑𐑮𐑨𐑯𐑕𐑐𐑨𐑮𐑩𐑯𐑑	trænsˈpærənt	
transplant	𐑑𐑮𐑭𐑯𐑟𐑐𐑤𐑭𐑯𐑑	trɑːnzplɑːnt	RRP	89	𐑑𐑮𐑨𐑯𐑕𐑐𐑤𐑨𐑯𐑑, 𐑑𐑮𐑨𐑯𐑕𐑐𐑤𐑭𐑯𐑑	ˈtrænsplⱭːnt	
transport	𐑑𐑮𐑨𐑯𐑟𐑐𐑹𐑑	trænzpɔːRt	RRP	89	𐑑𐑮𐑨𐑯𐑕𐑐𐑹𐑑	ˈtrænspɔːRt	
transportable	𐑑𐑮𐑨𐑯𐑕𐑐𐑹𐑑𐑼𐑚𐑤	trænspɔːRtəRbl	RRP	89	𐑑𐑮𐑨𐑯𐑕𐑐𐑹𐑑𐑩𐑚𐑩𐑤	trænˈspɔːRtəbəl	
transpose	𐑑𐑮𐑨𐑯𐑟𐑐𐑴𐑟	trænzpəʊz	RRP	89	𐑑𐑮𐑨𐑯𐑕𐑐𐑴𐑟	trænˈspəʊz	
transsexual	𐑑𐑮𐑨𐑯𐑕𐑧𐑒𐑖𐑫𐑩𐑤	trænsekʃuəl	RRP	89	𐑑𐑮𐑨𐑯𐑟𐑕𐑧𐑒𐑖𐑫𐑩𐑤	trænzˈsekʃuəl	
trapezium	𐑑𐑮𐑩𐑐𐑰𐑟𐑦𐑩𐑥	trəpiːziəm	RRP	89	𐑑𐑮𐑩𐑐𐑰𐑟𐑾𐑥	trəˈpiːzɪəm	
trapezoid	𐑑𐑮𐑨𐑐𐑩𐑟𐑶𐑛	træpəzɔɪd	RRP	89	𐑑𐑮𐑨𐑐𐑦𐑟𐑶𐑛	ˈtræpɪzɔɪd	
traveling	𐑑𐑮𐑨𐑝𐑤𐑦𐑙	trævlɪŋ	RRP	89	𐑑𐑮𐑨𐑝𐑩𐑤𐑦𐑙	ˈtrævəlɪŋ	
travelling	𐑑𐑮𐑨𐑝𐑤𐑦𐑙	trævlɪŋ	RRP	89	𐑑𐑮𐑨𐑝𐑩𐑤𐑦𐑙	ˈtrævəlɪŋ	
travesty	𐑑𐑮𐑨𐑝𐑦𐑕𐑑𐑦	trævɪsti	RRP	89	𐑑𐑮𐑨𐑝𐑩𐑕𐑑𐑦	ˈtrævəsti	
treacherous	𐑑𐑮𐑧𐑗𐑼𐑼𐑕	tretʃərəRs	RRP	89	𐑑𐑮𐑧𐑗𐑼𐑩𐑕	ˈtretʃərəs	
tremulous	𐑑𐑮𐑧𐑥𐑘𐑫𐑤𐑩𐑕	tremjuləs	RRP	89	𐑑𐑮𐑧𐑥𐑘𐑩𐑤𐑩𐑕	ˈtremjələs	
trenchant	𐑑𐑮𐑧𐑯𐑖𐑩𐑯𐑑	trenʃənt	RRP	89	𐑑𐑮𐑧𐑯𐑗𐑩𐑯𐑑	ˈtrentʃənt	
trephine	𐑑𐑮𐑦𐑓𐑲𐑯	trɪfaɪn	RRP	89	𐑑𐑮𐑦𐑓𐑰𐑯	trɪˈfiːn	
triangle	𐑑𐑮𐑲𐑩𐑙𐑜𐑩𐑤	traɪəŋɡəl	RRP	89	𐑑𐑮𐑲𐑨𐑙𐑜𐑩𐑤	ˈtraɪæŋɡəl	
triangular	𐑑𐑮𐑲𐑨𐑙𐑜𐑘𐑼𐑤𐑼	traɪæŋɡjəRləR	RRP	89	𐑑𐑮𐑲𐑨𐑙𐑜𐑘𐑩𐑤𐑼	traɪˈæŋɡjələR	
trillionth	𐑑𐑮𐑦𐑤𐑦𐑩𐑯𐑔	trɪliənθ	RRP	89	𐑑𐑮𐑦𐑤𐑘𐑩𐑯𐑔	ˈtrɪljənθ	
trinidadian	𐑑𐑮𐑦𐑯𐑦𐑛𐑨𐑛𐑰𐑩𐑯	trɪnɪdædiːən	RRP	89	𐑑𐑮𐑦𐑯𐑦𐑛𐑨𐑛𐑾𐑯	ˌtrɪnɪˈdædɪən	
trinket	𐑑𐑮𐑦𐑙𐑒𐑦𐑑	trɪŋkɪt	RRP	89	𐑑𐑮𐑦𐑙𐑒𐑩𐑑	ˈtrɪŋkIt	
trio	𐑑𐑮𐑦𐑴	triəʊ	RRP	89	𐑑𐑮𐑰𐑴	ˈtriːəʊ	
triumvir	𐑑𐑮𐑲𐑳𐑥𐑝𐑼	traɪʌmvəR	RRP	89	𐑑𐑮𐑲𐑳𐑥𐑝𐑽	traɪˈʌmvɪəR	
trivial	𐑑𐑮𐑦𐑝𐑦𐑩𐑤	trɪviəl	RRP	89	𐑑𐑮𐑦𐑝𐑾𐑤	ˈtrɪvɪəl	
triviality	𐑑𐑮𐑦𐑝𐑦𐑨𐑤𐑩𐑑𐑦	trɪviæləti	RRP	89	𐑑𐑮𐑦𐑝𐑦𐑨𐑤𐑦𐑑𐑦	ˌtrɪvɪˈælɪti	
trochee	𐑑𐑮𐑴𐑒𐑦	trəʊki	RRP	89	𐑑𐑮𐑴𐑒𐑰	ˈtrəʊkiː	
trouble	𐑑𐑮𐑳𐑚𐑤	trʌbl	RRP	89	𐑑𐑮𐑳𐑚𐑩𐑤	ˈtrʌbəl	
trowel	𐑑𐑮𐑬𐑼𐑤	traʊəRl	RRP	89	𐑑𐑮𐑬𐑩𐑤	ˈtraʊəl	
trumpet	𐑑𐑮𐑳𐑥𐑐𐑦𐑑	trʌmpɪt	RRP	89	𐑑𐑮𐑳𐑥𐑐𐑩𐑑	ˈtrʌmpIt	
trumpeter	𐑑𐑮𐑳𐑥𐑐𐑦𐑑𐑼	trʌmpɪtəR	RRP	89	𐑑𐑮𐑳𐑥𐑐𐑩𐑑𐑼	ˈtrʌmpItəR	
truthful	𐑑𐑮𐑵𐑔𐑓𐑤	truːθfl	RRP	89	𐑑𐑮𐑵𐑔𐑓𐑩𐑤	ˈtruːθfəl	
truthfully	𐑑𐑮𐑵𐑔𐑓𐑤𐑤𐑦	truːθflli	RRP	89	𐑑𐑮𐑵𐑔𐑓𐑩𐑤𐑦	ˈtruːθfəli	
tsar	𐑕𐑸	sɑːR	RRP	89	𐑑𐑕𐑸	tsɑːR	
tsarina	𐑑𐑕𐑨𐑮𐑰𐑯𐑩	tsariːnə	RRP	89	𐑑𐑕𐑸𐑰𐑯𐑩	tsɑːˈriːnə	
tsarist	𐑕𐑸𐑦𐑕𐑑	sɑːrɪst	RRP	89	𐑑𐑕𐑸𐑦𐑕𐑑	ˈtsɑːrɪst	
tsunami	𐑕𐑵𐑯𐑭𐑥𐑦	suːˈnɑːmi	RRP	89	𐑑𐑕𐑫𐑯𐑭𐑥𐑦	tsuˈnɑːmi	
tuesday	𐑑𐑿𐑟𐑛𐑦	ˈtjuːzdɪ	RRP	89	𐑑𐑵𐑟𐑛𐑱, 𐑑𐑿𐑟𐑛𐑱	ˈtjuːzdeɪ	
tumbril	𐑑𐑳𐑥𐑚𐑮𐑦𐑤	tʌmbrɪl	RRP	89	𐑑𐑳𐑥𐑚𐑮𐑩𐑤	ˈtʌmbrəl	
tumescent	𐑑𐑫𐑥𐑧𐑕𐑩𐑯𐑑	tuˈmesənt	RRP	89	𐑑𐑵𐑥𐑧𐑕𐑩𐑯𐑑, 𐑑𐑿𐑥𐑧𐑕𐑩𐑯𐑑	tjuːˈmesənt	
tumid	𐑑𐑿𐑥𐑩𐑛	ˈtjuːmƏd	RRP	89	𐑑𐑵𐑥𐑦𐑛, 𐑑𐑿𐑥𐑦𐑛	ˈtjuːmɪd	
tumultuous	𐑑𐑘𐑩𐑥𐑳𐑤𐑑𐑘𐑩𐑩𐑕	tjəˈmʌltjəəs	RRP	89	𐑑𐑵𐑥𐑳𐑤𐑗𐑫𐑩𐑕, 𐑑𐑿𐑥𐑳𐑤𐑗𐑫𐑩𐑕	tjuːˈmʌltʃuəs	
tunnel	𐑑𐑳𐑯𐑤	ˈtʌnl	RRP	89	𐑑𐑳𐑯𐑩𐑤	ˈtʌnəl	
turbid	𐑑𐑻𐑚𐑩𐑛	tɜːRbƏd	RRP	89	𐑑𐑻𐑚𐑦𐑛	ˈtɜːRbɪd	
tureen	𐑑𐑼𐑰𐑯	təriːn	RRP	89	𐑑𐑘𐑫𐑼𐑰𐑯	tjʊəˈriːn	
turgid	𐑑𐑻𐑡𐑩𐑛	tɜːRdʒƏd	RRP	89	𐑑𐑻𐑡𐑦𐑛	ˈtɜːRdʒɪd	
turmeric	𐑑𐑻𐑥𐑮𐑦𐑒	tɜːRmrɪk	RRP	89	𐑑𐑻𐑥𐑼𐑦𐑒	ˈtɜːRmərɪk	
turntable	𐑑𐑻𐑯𐑑𐑱𐑚𐑤	tɜːRnteɪbl	RRP	89	𐑑𐑻𐑯𐑑𐑱𐑚𐑩𐑤	ˈtɜːRnteɪbəl	
turquoise	𐑑𐑻𐑒𐑶𐑟	tɜːRkɔɪz	RRP	89	𐑑𐑻𐑒𐑢𐑶𐑟	ˈtɜːRkwɔɪz	
tutti-frutti	𐑑𐑵𐑑𐑦𐑓𐑮𐑵𐑑𐑦	tuːtɪfruːtɪ	RRP	89	𐑑𐑵𐑑𐑦-𐑓𐑮𐑵𐑑𐑦	ˌtuːti-ˈfruːti	
twentieth	𐑑𐑢𐑧𐑯𐑑𐑦𐑩𐑔	ˈtwentiəθ	RRP	89	𐑑𐑢𐑧𐑯𐑑𐑾𐑔	ˈtwentɪəθ	
twenty-five	𐑑𐑢𐑧𐑯𐑑𐑦𐑓𐑲𐑝	ˌtwentiˈfaɪv	RRP	89	𐑑𐑢𐑧𐑯𐑑𐑦-𐑓𐑲𐑝	ˈtwenti-ˌfaɪv	
two-faced	𐑑𐑵𐑓𐑱𐑕𐑑	ˈtuːˈfeɪst	RRP	89	𐑑𐑵-𐑓𐑱𐑕𐑑	tuː-ˈfeɪst	
twopenny-halfpenny	𐑑𐑳𐑐𐑯𐑦 𐑣𐑱𐑐𐑯𐑦	ˌtʌpni ˈheɪpni	RRP	89	𐑑𐑳𐑐𐑩𐑯𐑦-𐑣𐑱𐑐𐑩𐑯𐑦	ˌtʌpəni-ˈheɪpəni	
typescript	𐑑𐑳𐑦𐑐𐑕𐑒𐑮𐑦𐑐𐑑	tʌɪpskrɪpt	RRP	89	𐑑𐑲𐑐𐑕𐑒𐑮𐑦𐑐𐑑	ˈtaɪpskrɪpt	
tyranny	𐑑𐑦𐑮𐑼𐑯𐑦	tɪrəRni	RRP	89	𐑑𐑦𐑮𐑩𐑯𐑦	ˈtɪrəni	
tyrant	𐑑𐑲𐑮𐑼𐑯𐑑	taɪrəRnt	RRP	89	𐑑𐑲𐑮𐑩𐑯𐑑	ˈtaɪrənt	
ubiquitous	𐑿𐑚𐑦𐑒𐑢𐑩𐑑𐑩𐑕	juːˈbɪkwətəs	RRP	89	𐑿𐑚𐑦𐑒𐑢𐑦𐑑𐑩𐑕	juːˈbɪkwɪtəs	
ubiquity	𐑘𐑫𐑚𐑦𐑒𐑢𐑦𐑑𐑦	juˈbɪkwɪti	RRP	89	𐑿𐑚𐑦𐑒𐑢𐑦𐑑𐑦	juːˈbɪkwɪti	
ukase	𐑿𐑒𐑱𐑟	juːˈkeɪz	RRP	89	𐑿𐑒𐑱𐑕	juːˈkeɪs	
ululate	𐑿𐑤𐑘𐑫𐑤𐑱𐑑	ˈjuːljuleɪt	RRP	89	𐑿𐑤𐑘𐑩𐑤𐑱𐑑	ˈjuːljəleɪt	
ululation	𐑿𐑤𐑘𐑩𐑤𐑱𐑖𐑯	juːljəˈleɪʃn	RRP	89	𐑿𐑤𐑘𐑩𐑤𐑱𐑖𐑩𐑯	ˌjuːljəˈleɪʃən	
unacceptable	𐑳𐑯𐑨𐑒𐑕𐑧𐑐𐑑𐑩𐑚𐑩𐑤	ˌʌnækˈseptəbəl	RRP	89	𐑳𐑯𐑩𐑒𐑕𐑧𐑐𐑑𐑩𐑚𐑩𐑤	ˌʌnəkˈseptəbəl	
unadorned	𐑩𐑯𐑳𐑛𐑹𐑯𐑛	ənʌdɔːRnd	RRP	89	𐑳𐑯𐑩𐑛𐑹𐑯𐑛	ˌʌnəˈdɔːRnd	
unanswerable	𐑳𐑯𐑭𐑯𐑕𐑼𐑼𐑚𐑤	ʌnɑːnsərəRbl	RRP	89	𐑳𐑯𐑨𐑯𐑕𐑼𐑩𐑚𐑩𐑤, 𐑳𐑯𐑭𐑯𐑕𐑼𐑩𐑚𐑩𐑤	ˌʌnˈⱭːnsərəbəl	
unaware	𐑳𐑯𐑼𐑢𐑺	ʌnəRweəR	RRP	89	𐑳𐑯𐑩𐑢𐑺	ˌʌnəˈweəR	
unawares	𐑳𐑯𐑼𐑢𐑺𐑟	ʌnəRweəRz	RRP	89	𐑳𐑯𐑩𐑢𐑺𐑟	ˌʌnəˈweəRz	
unbelievable	𐑳𐑯𐑚𐑩𐑤𐑰𐑝𐑩𐑚𐑩𐑤	ˌʌnbəˈliːvəbəl	RRP	89	𐑳𐑯𐑚𐑦𐑤𐑰𐑝𐑩𐑚𐑩𐑤	ˌʌnbɪˈliːvəbəl	
uncalled-for	𐑳𐑯𐑒𐑨𐑤𐑛𐑓𐑷𐑮	ʌnkaldfɔr	RRP	89	𐑳𐑯𐑒𐑷𐑤𐑛-𐑓	ʌnˈkɔːld-F	
uncannily	𐑳𐑙𐑒𐑨𐑯𐑦𐑤𐑦	ʌŋˈkænɪli	RRP	89	𐑳𐑯𐑒𐑨𐑯𐑦𐑤𐑦	ʌnˈkænɪli	
uncial	𐑳𐑯𐑕𐑦𐑩𐑤	ˈʌnsiəl	RRP	89	𐑳𐑯𐑕𐑾𐑤	ˈʌnsiəl	
uncomfortable	𐑳𐑯𐑒𐑳𐑥𐑓𐑑𐑼𐑚𐑩𐑤	ʌnkʌmftəRbəl	RRP	89	𐑳𐑯𐑒𐑳𐑥𐑓𐑼𐑑𐑩𐑚𐑩𐑤	ʌnˈkʌmfəRtəbəl	
unctuous	𐑳𐑯𐑒𐑗𐑫𐑩𐑕	ˈʌnktʃuəs	RRP	89	𐑳𐑙𐑒𐑗𐑫𐑩𐑕	ˈʌŋktʃuəs	
underneath	𐑳𐑯𐑛𐑼𐑯𐑦𐑔	ʌndəRniθ	RRP	89	𐑳𐑯𐑛𐑼𐑯𐑰𐑔	ˌʌndəRˈniːθ	
undervalue	𐑳𐑯𐑛𐑼𐑝𐑨𐑤𐑘𐑫	ʌndəRvælju	RRP	89	𐑳𐑯𐑛𐑼𐑝𐑨𐑤𐑿	ˌʌndəRˈvæljuː	
undistinguishable	𐑳𐑯𐑛𐑦𐑕𐑑𐑦𐑙𐑜𐑢𐑦𐑖𐑩𐑚𐑤	ˌʌndɪˈstɪŋɡwɪʃəbl	RRP	89	𐑳𐑯𐑛𐑦𐑕𐑑𐑦𐑙𐑜𐑢𐑦𐑖𐑩𐑚𐑩𐑤	ˌʌndɪˈstɪŋɡwɪʃəbəl	
undulant	𐑳𐑯𐑡𐑫𐑤𐑩𐑯𐑑	ˈʌndʒʊlənt	RRP	89	𐑳𐑯𐑡𐑩𐑤𐑩𐑯𐑑	ˈʌndʒələnt	
undulate	𐑳𐑯𐑛𐑘𐑩𐑤𐑱𐑑	ˈʌndjəleɪt	RRP	89	𐑳𐑯𐑡𐑩𐑤𐑱𐑑	ˈʌndʒəleɪt	
unenthusiastic	𐑳𐑯𐑧𐑯𐑔𐑿𐑟𐑦𐑨𐑕𐑑𐑦𐑒	ʌnenθjuːziˈæstɪk	RRP	89	𐑳𐑯𐑦𐑯𐑔𐑿𐑟𐑦𐑨𐑕𐑑𐑦𐑒	ˌʌnɪnˌθjuːzɪˈæstɪk	
uneven	𐑳𐑯𐑦𐑝𐑩𐑯	ʌnˈivən	RRP	89	𐑳𐑯𐑰𐑝𐑩𐑯	ʌnˈiːvən	
unevenly	𐑳𐑯𐑦𐑝𐑩𐑯𐑤𐑦	ʌnˈivənli	RRP	89	𐑳𐑯𐑰𐑝𐑩𐑯𐑤𐑦	ʌnˈiːvənli	
unfamiliar	𐑳𐑯𐑓𐑩𐑥𐑦𐑤𐑦𐑼	ʌnfəmɪliər	RRP	89	𐑳𐑯𐑓𐑩𐑥𐑦𐑤𐑽	ˌʌnfəˈmɪlɪəR	
unfortunate	𐑳𐑯𐑓𐑹𐑑𐑘𐑩𐑯𐑩𐑑	ʌnfɔːRtjənət	RRP	89	𐑳𐑯𐑓𐑹𐑗𐑩𐑯𐑩𐑑	ʌnˈfɔːRtʃənət	
unfortunately	𐑳𐑯𐑓𐑹𐑑𐑘𐑩𐑯𐑩𐑑𐑤𐑦	ʌnfɔːRtjənətli	RRP	89	𐑳𐑯𐑓𐑹𐑗𐑩𐑯𐑩𐑑𐑤𐑦	ʌnˈfɔːRtʃənətli	
unilateral	𐑿𐑯𐑦𐑤𐑨𐑑𐑼𐑼𐑤	juːnɪlætərəRl	RRP	89	𐑿𐑯𐑦𐑤𐑨𐑑𐑼𐑩𐑤	ˌjuːnɪˈlætərəl	
uninformed	𐑳𐑯𐑦𐑯𐑓𐑷𐑮𐑥𐑛	ʌnɪnfɔrmd	RRP	89	𐑳𐑯𐑦𐑯𐑓𐑹𐑥𐑛	ˌʌnɪnˈfɔːRmd	
unitary	𐑿𐑯𐑦𐑑𐑮𐑦	juːnɪtri	RRP	89	𐑿𐑯𐑦𐑑𐑼𐑦	ˈjuːnɪtəri	
unite	𐑘𐑫𐑯𐑲𐑑	juˈnaɪt	RRP	89	𐑿𐑯𐑲𐑑	juːˈnaɪt	
university	𐑿𐑯𐑦𐑝𐑻𐑕𐑩𐑑𐑦	juːnɪvɜːRsəti	RRP	89	𐑿𐑯𐑦𐑝𐑻𐑕𐑦𐑑𐑦	ˌjuːnɪˈvɜːRsɪti	
unleash	𐑳𐑯𐑤𐑦𐑖	ʌnˈliʃ	RRP	89	𐑳𐑯𐑤𐑰𐑖	ʌnˈliːʃ	
unnatural	𐑳𐑯𐑯𐑨𐑗𐑼𐑼𐑤	ʌnnætʃərəRl	RRP	89	𐑳𐑯𐑯𐑨𐑗𐑼𐑩𐑤	ʌnˈnætʃərəl	
unnecessary	𐑳𐑯𐑯𐑧𐑕𐑼𐑕𐑮𐑦	ʌnnesəRsrɪ	RRP	89	𐑳𐑯𐑯𐑧𐑕𐑩𐑕𐑼𐑦	ʌnˈnesəsəri	
unpleasantness	𐑳𐑯𐑐𐑤𐑧𐑟𐑯𐑑𐑯𐑩𐑕	ʌnˈplezntnəs	RRP	89	𐑳𐑯𐑐𐑤𐑧𐑟𐑩𐑯𐑑𐑯𐑩𐑕	ʌnˈplezəntnəs	
unpretentious	𐑳𐑯𐑐𐑮𐑩𐑑𐑧𐑯𐑖𐑩𐑕	ʌnprətenʃəs	RRP	89	𐑳𐑯𐑐𐑮𐑦𐑑𐑧𐑯𐑖𐑩𐑕	ˌʌnprɪˈtenʃəs	
unreal	𐑳𐑯𐑮𐑦𐑩𐑤	ʌnriəl	RRP	89	𐑳𐑯𐑮𐑾𐑤	ʌnˈrɪəl	
unreasonable	𐑳𐑯𐑮𐑰𐑟𐑯𐑩𐑚𐑩𐑤	ʌnriːznəbəl	RRP	89	𐑳𐑯𐑮𐑰𐑟𐑩𐑯𐑩𐑚𐑩𐑤	ʌnˈriːzənəbəl	
unsatisfactory	𐑳𐑯𐑕𐑨𐑑𐑦𐑕𐑓𐑨𐑒𐑑𐑮𐑦	ʌnsætɪsfæktri	RRP	89	𐑳𐑯𐑕𐑨𐑑𐑦𐑕𐑓𐑨𐑒𐑑𐑼𐑦	ˌʌnsætɪsˈfæktəri	
untoward	𐑳𐑯𐑑𐑫𐑢𐑹𐑛	ʌntʊwɔːRd	RRP	89	𐑳𐑯𐑑𐑩𐑢𐑹𐑛	ˌʌntəˈwɔːRd	
unutterable	𐑳𐑯𐑳𐑑𐑮𐑼𐑚𐑩𐑤	ʌnʌtrəRbəl	RRP	89	𐑳𐑯𐑳𐑑𐑼𐑩𐑚𐑩𐑤	ʌnˈʌtərəbəl	
unwieldy	𐑳𐑯𐑢𐑾𐑤𐑛𐑦	ˌʌnˈwɪəldi	RRP	89	𐑳𐑯𐑢𐑰𐑤𐑛𐑦	ʌnˈwiːldi	
unwonted	𐑳𐑯𐑢𐑪𐑯𐑑𐑩𐑛	ʌnˈwɒntƏd	RRP	89	𐑳𐑯𐑢𐑴𐑯𐑑𐑩𐑛	ʌnˈwəʊntƏd	
unwontedly	𐑫𐑯𐑢𐑴𐑯𐑑𐑩𐑛𐑤𐑦	ʊnˈwoʊntƏdli	RRP	89	𐑳𐑯𐑢𐑴𐑯𐑑𐑩𐑛𐑤𐑦	ʌnˈwəʊntƏdli	
up-to-date	𐑳𐑐 𐑑𐑩 𐑛𐑱𐑑	ˌʌp tə ˈdeɪt	RRP	89	𐑳𐑐-𐑑-𐑛𐑱𐑑	ˌʌp-T-ˈdeɪt	
upheaval	𐑳𐑐𐑣𐑦𐑝𐑩𐑤	ʌpˈhivəl	RRP	89	𐑳𐑐𐑣𐑰𐑝𐑩𐑤	ˌʌpˈhiːvəl	
uphold	𐑳𐑐𐑣𐑪𐑤𐑛	ˌʌpˈhold	RRP	89	𐑳𐑐𐑣𐑴𐑤𐑛	ˌʌpˈhəʊld	
upholster	𐑩𐑐𐑪𐑤𐑕𐑑𐑼	əpɒlstəR	RRP	89	𐑳𐑐𐑣𐑴𐑤𐑕𐑑𐑼	ˌʌpˈhəʊlstəR	
upholstery	𐑩𐑐𐑳𐑤𐑕𐑑𐑮𐑦	əpʌlstri	RRP	89	𐑳𐑐𐑣𐑴𐑤𐑕𐑑𐑼𐑦	ˌʌpˈhəʊlstəri	
upload	𐑩𐑐𐑤𐑴𐑛	əpˈləʊd	RRP	89	𐑳𐑐𐑤𐑴𐑛	ˈʌpləʊd	
uppity	𐑳𐑐𐑩𐑑𐑦	ˈʌpəti	RRP	89	𐑳𐑐𐑦𐑑𐑦	ˈʌpɪti	
uproarious	𐑳𐑐𐑮𐑹𐑦𐑩𐑕	ʌprɔːriəs	RRP	89	𐑳𐑐𐑮𐑹𐑾𐑕	ʌpˈrɔːrɪəs	
uranium	𐑘𐑼𐑱𐑯𐑦𐑩𐑥	jəreɪniəm	RRP	89	𐑘𐑫𐑼𐑱𐑯𐑾𐑥	jʊəˈreɪnɪəm	
uranus	𐑘𐑼𐑼𐑯𐑩𐑕	jərəRnəs	RRP	89	𐑘𐑫𐑼𐑩𐑯𐑩𐑕	jʊəˈrenəs	
uric	𐑘𐑼𐑦𐑒	jərɪk	RRP	89	𐑘𐑫𐑼𐑦𐑒	ˈjʊərɪk	
urinal	𐑿𐑮𐑲𐑯𐑩𐑤	juːraɪnəl	RRP	89	𐑘𐑫𐑼𐑦𐑯𐑩𐑤	jʊəˈrɪnəl	
uruguayan	𐑫𐑮𐑫𐑜𐑢𐑲𐑩𐑯	uruɡwaɪən	RRP	89	𐑘𐑫𐑼𐑩𐑜𐑢𐑲𐑩𐑯	ˌjʊərəˈɡwaɪən	
usa	𐑿 𐑧𐑕 𐑱	juː es ˈeɪ	RRP	89	⸰⁠𐑿𐑕𐑩	ˌjuːˌesˈeɪ	
usually	𐑿𐑠𐑤𐑦	ˈjuːʒli	RRP	89	𐑿𐑠𐑫𐑩𐑤𐑦	ˈjuːʒuəli	
usurious	𐑿𐑠𐑵𐑮𐑾𐑕	juːʒuːrɪəs	RRP	89	𐑿𐑠𐑫𐑼𐑾𐑕	juːˈʒʊərɪəs	
ut	𐑳𐑑	ʌt	RRP	89	𐑿𐑑.	ˈjuːtɑː	
utensil	𐑘𐑫𐑑𐑧𐑯𐑕𐑩𐑤	juˈtensəl	RRP	89	𐑿𐑑𐑧𐑯𐑕𐑩𐑤	juːˈtensəl	
uterine	𐑘𐑫𐑑𐑼𐑲𐑯	jutəraɪn	RRP	89	𐑿𐑑𐑼𐑲𐑯	ˈjuːtəraɪn	
uterus	𐑿𐑑𐑼𐑼𐑕	juːtərəRs	RRP	89	𐑿𐑑𐑼𐑩𐑕	ˈjuːtərəs	
utilitarian	𐑿𐑑𐑦𐑤𐑦𐑑𐑻𐑦𐑩𐑯	juːtɪlɪtɜːriən	RRP	89	𐑿𐑑𐑦𐑤𐑦𐑑𐑺𐑾𐑯	juːˌtɪlɪˈteərɪən	
utmost	𐑳𐑑𐑥𐑩𐑕𐑑	ˈʌtməst	RRP	89	𐑳𐑑𐑥𐑴𐑕𐑑	ˈʌtməʊst	
utopia	𐑿𐑑𐑴𐑐𐑦𐑩	juːˈtəʊpiə	RRP	89	𐑿𐑑𐑴𐑐𐑾	juːˈtəʊpɪə	
utopian	𐑘𐑫𐑑𐑴𐑐𐑦𐑩𐑯	juˈtoʊpiən	RRP	89	𐑿𐑑𐑴𐑐𐑾𐑯	juːˈtəʊpɪən	
uxorious	𐑳𐑒𐑕𐑹𐑦𐑩𐑕	ʌksɔːriəs	RRP	89	𐑳𐑒𐑕𐑹𐑾𐑕	ˌʌkˈsɔːrɪəs	
vacation	𐑝𐑩𐑒𐑱𐑖𐑯	vəˈkeɪʃn	RRP	89	𐑝𐑱𐑒𐑱𐑖𐑩𐑯	veɪˈkeɪʃən	
vacillate	𐑝𐑨𐑕𐑩𐑤𐑱𐑑	ˈvæsəleɪt	RRP	89	𐑝𐑨𐑕𐑦𐑤𐑱𐑑	ˈvæsɪleɪt	
vacuity	𐑝𐑨𐑒𐑿𐑦𐑑𐑦	væˈkjuːɪtɪ	RRP	89	𐑝𐑩𐑒𐑿𐑦𐑑𐑦	vəˈkjuːɪti	
vaginal	𐑝𐑩𐑡𐑲𐑯𐑩𐑤	vəˈdʒaɪnəl	RRP	89	𐑝𐑨𐑡𐑦𐑯𐑩𐑤	ˈvædʒɪnəl	
vainglorious	𐑝𐑱𐑯𐑜𐑤𐑹𐑦𐑩𐑕	veɪnɡlɔːriəs	RRP	89	𐑝𐑱𐑯𐑜𐑤𐑹𐑾𐑕	veɪnˈɡlɔːrɪəs	
valediction	𐑝𐑨𐑤𐑩𐑛𐑦𐑒𐑖𐑩𐑯	ˌvæləˈdɪkʃən	RRP	89	𐑝𐑨𐑤𐑦𐑛𐑦𐑒𐑖𐑩𐑯	ˌvælɪˈdɪkʃən	
valencia	𐑝𐑩𐑤𐑧𐑯𐑕𐑦𐑩	vəˈlensiə	RRP	89	𐑝𐑩𐑤𐑧𐑯𐑕𐑾	vəˈlensiə	
valetudinarian	𐑝𐑨𐑤𐑩𐑑𐑵𐑛𐑼𐑯𐑧𐑮𐑦𐑼𐑯	vælətuːdəRneriəRn	RRP	89	𐑝𐑨𐑤𐑦𐑑𐑵𐑛𐑦𐑯𐑺𐑾𐑯, 𐑝𐑨𐑤𐑦𐑑𐑿𐑛𐑦𐑯𐑺𐑾𐑯	ˌvælɪtjuːdɪˈneərɪən	
valiant	𐑝𐑨𐑤𐑘𐑩𐑯𐑑	ˈvæljənt	RRP	89	𐑝𐑨𐑤𐑾𐑯𐑑	ˈvælɪənt	
valid	𐑝𐑨𐑤𐑩𐑛	ˈvælƏd	RRP	89	𐑝𐑨𐑤𐑦𐑛	ˈvælɪd	
validation	𐑝𐑨𐑤𐑩𐑛𐑱𐑖𐑩𐑯	ˌvæləˈdeɪʃən	RRP	89	𐑝𐑨𐑤𐑦𐑛𐑱𐑖𐑩𐑯	ˌvælɪˈdeɪʃən	
valuable	𐑝𐑨𐑤𐑘𐑫𐑚𐑩𐑤	ˈvæljubəl	RRP	89	𐑝𐑨𐑤𐑘𐑫𐑩𐑚𐑩𐑤	ˈvæljuəbəl	
valuation	𐑝𐑨𐑤𐑿𐑱𐑖𐑩𐑯	ˌvæljuːˈeɪʃən	RRP	89	𐑝𐑨𐑤𐑘𐑫𐑱𐑖𐑩𐑯	ˌvæljuˈeɪʃən	
vapid	𐑝𐑨𐑐𐑩𐑛	ˈvæpƏd	RRP	89	𐑝𐑨𐑐𐑦𐑛	ˈvæpɪd	
variability	𐑝𐑺𐑦𐑩𐑚𐑦𐑤𐑩𐑑𐑦 	veəriəbɪləti 	RRP	89	𐑝𐑺𐑾𐑚𐑦𐑤𐑦𐑑𐑦	ˌveərɪəˈbɪlɪti	
variable	𐑝𐑺𐑦𐑩𐑚𐑩𐑤	veəriəbəl	RRP	89	𐑝𐑺𐑾𐑚𐑩𐑤	ˈveərɪəbəl	
variably	𐑝𐑺𐑦𐑩𐑚𐑤𐑦	veəriəbli	RRP	89	𐑝𐑺𐑾𐑚𐑤𐑦	ˈveərɪəbli	
variance	𐑝𐑻𐑦𐑩𐑯𐑕	vɜːriəns	RRP	89	𐑝𐑺𐑾𐑯𐑕	ˈveərɪəns	
variant	𐑝𐑺𐑦𐑩𐑯𐑑	veəriənt	RRP	89	𐑝𐑺𐑾𐑯𐑑	ˈveərɪənt	
variety	𐑝𐑼𐑲𐑦𐑑𐑦	vəraɪɪti	RRP	89	𐑝𐑼𐑲𐑩𐑑𐑦	vəˈraɪəti	
variorum	𐑝𐑻𐑦𐑹𐑼𐑥	vɜːrɪɔːrəRm	RRP	89	𐑝𐑺𐑦𐑹𐑩𐑥	ˈveərɪɔːrəm	
various	𐑝𐑺𐑦𐑩𐑕	veəriəs	RRP	89	𐑝𐑺𐑾𐑕	ˈveərɪəs	
vegetarian	𐑝𐑧𐑡𐑦𐑑𐑺𐑦𐑩𐑯	vedʒɪteəriən	RRP	89	𐑝𐑧𐑡𐑦𐑑𐑺𐑾𐑯	ˌvedʒɪˈteərɪən	
vegetation	𐑝𐑧𐑡𐑩𐑑𐑱𐑖𐑩𐑯	ˌvedʒəˈteɪʃən	RRP	89	𐑝𐑧𐑡𐑦𐑑𐑱𐑖𐑩𐑯	ˌvedʒɪˈteɪʃən	
vehemence	𐑝𐑰𐑩𐑥𐑩𐑯𐑕	ˈviːəməns	RRP	89	𐑝𐑾𐑥𐑩𐑯𐑕	ˈviːəməns	
vehement	𐑝𐑰𐑩𐑥𐑩𐑯𐑑	ˈviːəmənt	RRP	89	𐑝𐑾𐑥𐑩𐑯𐑑	ˈviːəmənt	
vehemently	𐑝𐑰𐑩𐑥𐑩𐑯𐑑𐑤𐑦	ˈviːəməntli	RRP	89	𐑝𐑾𐑥𐑩𐑯𐑑𐑤𐑦	ˈviːəməntli	
vehicular	𐑝𐑰𐑦𐑒𐑘𐑼𐑤𐑼	viːɪkjəRləR	RRP	89	𐑝𐑰𐑦𐑒𐑘𐑩𐑤𐑼	viːˈɪkjələR	
velocipede	𐑝𐑦𐑤𐑪𐑕𐑦𐑐𐑰𐑛	vɪˈlɒsɪpiːd	RRP	89	𐑝𐑩𐑤𐑪𐑕𐑦𐑐𐑰𐑛	vəˈlɒsɪpiːd	
velocity	𐑝𐑩𐑤𐑪𐑕𐑩𐑑𐑦	vəˈlɒsəti	RRP	89	𐑝𐑩𐑤𐑪𐑕𐑦𐑑𐑦	vəˈlɒsɪti	
velvet	𐑝𐑧𐑤𐑝𐑦𐑑	ˈvelvɪt	RRP	89	𐑝𐑧𐑤𐑝𐑩𐑑	ˈvelvIt	
veneer	𐑝𐑩𐑯𐑦𐑼	vəniəR	RRP	89	𐑝𐑩𐑯𐑽	vəˈnɪəR	
venerable	𐑝𐑧𐑯𐑼𐑼𐑚𐑤	venərəRbl	RRP	89	𐑝𐑧𐑯𐑼𐑩𐑚𐑩𐑤	ˈvenərəbəl	
venereal	𐑝𐑩𐑯𐑽𐑽𐑤	vənɪərɪəRl	RRP	89	𐑝𐑩𐑯𐑽𐑾𐑤	vəˈnɪərɪəl	
venetian	𐑝𐑦𐑯𐑰𐑖𐑩𐑯	vɪˈniːʃən	RRP	89	𐑝𐑩𐑯𐑰𐑖𐑩𐑯	vəˈniːʃən	
vengeful	𐑝𐑧𐑯𐑠𐑓𐑩𐑤	ˈvenʒfəl	RRP	89	𐑝𐑧𐑯𐑡𐑓𐑩𐑤	ˈvendʒfəl	
venial	𐑝𐑰𐑯𐑦𐑩𐑤	ˈviːniəl	RRP	89	𐑝𐑰𐑯𐑾𐑤	ˈviːnɪəl	
venison	𐑝𐑧𐑯𐑦𐑟𐑩𐑯	ˈvenɪzən	RRP	89	𐑝𐑧𐑯𐑦𐑕𐑩𐑯	ˈvenɪsən	
veracious	𐑝𐑧𐑮𐑱𐑖𐑩𐑕	vereɪʃəs	RRP	89	𐑝𐑼𐑱𐑖𐑩𐑕	vəˈreɪʃəs	
verbose	𐑝𐑼𐑚𐑴𐑕	vəRbəʊs	RRP	89	𐑝𐑻𐑚𐑴𐑕	vɜːRˈbəʊs	
verbosity	𐑝𐑼𐑚𐑪𐑕𐑩𐑑𐑦	vəRbɒsəti	RRP	89	𐑝𐑻𐑚𐑪𐑕𐑦𐑑𐑦	vɜːRˈbɒsɪti	
verily	𐑝𐑧𐑮𐑼𐑤𐑦	verəRli	RRP	89	𐑝𐑧𐑮𐑦𐑤𐑦	ˈverɪli	
veritable	𐑝𐑧𐑮𐑦𐑑𐑩𐑚𐑤	verɪtəbl	RRP	89	𐑝𐑧𐑮𐑦𐑑𐑩𐑚𐑩𐑤	ˈverɪtəbəl	
vermilion	𐑝𐑻𐑥𐑦𐑤𐑘𐑩𐑯	vɜːRmɪljən	RRP	89	𐑝𐑼𐑥𐑦𐑤𐑾𐑯	vəRˈmɪlɪən	
vermouth	𐑝𐑼𐑥𐑵𐑔	vəRmuːθ	RRP	89	𐑝𐑻𐑥𐑵𐑔	ˈvɜːRmuːθ	
vernacular	𐑝𐑼𐑯𐑨𐑒𐑘𐑼𐑤𐑼	vəRnækjəRləR	RRP	89	𐑝𐑼𐑯𐑨𐑒𐑘𐑩𐑤𐑼	vəRˈnækjələR	
vernal	𐑝𐑻𐑯𐑤	vɜːRnl	RRP	89	𐑝𐑻𐑯𐑩𐑤	ˈvɜːRnəl	
versatility	𐑝𐑼𐑕𐑩𐑑𐑦𐑤𐑦𐑑𐑦	vərsətɪlɪti	RRP	89	𐑝𐑻𐑕𐑩𐑑𐑦𐑤𐑦𐑑𐑦	ˌvɜːRsəˈtɪlɪti	
vertebrate	𐑝𐑧𐑮𐑑𐑦𐑚𐑮𐑱𐑑	vertɪbreɪt	RRP	89	𐑝𐑻𐑑𐑦𐑚𐑮𐑱𐑑	ˈvɜːRtɪbreɪt	
vestal	𐑝𐑧𐑕𐑑𐑤	ˈvestl	RRP	89	𐑝𐑧𐑕𐑑𐑩𐑤	ˈvestəl	
veteran	𐑝𐑧𐑑𐑼𐑼𐑯	vetərəRn	RRP	89	𐑝𐑧𐑑𐑼𐑩𐑯	ˈvetərən	
veterinarian	𐑝𐑧𐑑𐑮𐑼𐑯𐑧𐑮𐑦𐑼𐑯	vetrəRneriəRn	RRP	89	𐑝𐑧𐑑𐑼𐑦𐑯𐑺𐑾𐑯	ˌvetərɪˈneəriən	
veterinary	𐑝𐑧𐑑𐑮𐑦𐑯𐑧𐑮𐑦	vetrɪneri	RRP	89	𐑝𐑧𐑑𐑼𐑦𐑯𐑼𐑦	ˈvetərɪnəri	
vicarious	𐑝𐑦𐑒𐑺𐑦𐑩𐑕	vɪkeəriəs	RRP	89	𐑝𐑦𐑒𐑺𐑾𐑕	vɪˈkeərɪəs	
vicereine	𐑝𐑳𐑦𐑕𐑮𐑱𐑯	vʌɪsreɪn	RRP	89	𐑝𐑲𐑕𐑮𐑱𐑯	vaɪsˈreɪn	
vicinity	𐑝𐑩𐑕𐑦𐑯𐑩𐑑𐑦	vəˈsɪnəti	RRP	89	𐑝𐑦𐑕𐑦𐑯𐑦𐑑𐑦	vɪˈsɪnɪti	
victoria	𐑝𐑦𐑒𐑑𐑹𐑦𐑩	vɪktɔːriə	RRP	89	𐑝𐑦𐑒𐑑𐑹𐑾	vɪkˈtɔːrɪə	
victorian	𐑝𐑦𐑒𐑑𐑹𐑦𐑩𐑯	vɪktɔːriən	RRP	89	𐑝𐑦𐑒𐑑𐑹𐑾𐑯	vɪkˈtɔːrɪən	
victoriana	𐑝𐑦𐑒𐑑𐑷𐑮𐑦𐑨𐑯𐑩	vɪktɔriænə	RRP	89	𐑝𐑦𐑒𐑑𐑹𐑦𐑨𐑯𐑩, 𐑝𐑦𐑒𐑑𐑹𐑦𐑭𐑯𐑩	vɪkˌtɔːrɪˈⱭːnə	
victorious	𐑝𐑦𐑒𐑑𐑹𐑦𐑩𐑕	vɪktɔːriəs	RRP	89	𐑝𐑦𐑒𐑑𐑹𐑾𐑕	vɪkˈtɔːrɪəs	
victory	𐑝𐑦𐑒𐑑𐑮𐑦	vɪktri	RRP	89	𐑝𐑦𐑒𐑑𐑼𐑦	ˈvɪktəri	
vicuna	𐑝𐑦𐑒𐑵𐑯𐑘𐑩	vɪˈkuːnjə	RRP	89	𐑝𐑦𐑒𐑿𐑯𐑩	vɪˈkjuːnə	
videlicet	𐑝𐑦𐑛𐑧𐑤𐑦𐑕𐑧𐑑	vɪˈdelɪset	RRP	89	𐑝𐑦𐑛𐑰𐑤𐑦𐑕𐑧𐑑	vɪˈdiːlɪset	
vietnam	𐑝𐑘𐑧𐑑𐑯𐑭𐑥	vjetˈnɑːm	RRP	89	𐑝𐑦𐑧𐑑𐑯𐑭𐑥	ˌvɪetˈnɑːm	
vietnamese	𐑝𐑰𐑩𐑑𐑯𐑩𐑥𐑰𐑟	ˌviːətnəˈmiːz	RRP	89	𐑝𐑦𐑧𐑑𐑯𐑩𐑥𐑰𐑟	ˌvɪetnəˈmiːz	
vigil	𐑝𐑦𐑡𐑩𐑤	ˈvɪdʒəl	RRP	89	𐑝𐑦𐑡𐑦𐑤	ˈvɪdʒɪl	
vigilance	𐑝𐑦𐑡𐑦𐑤𐑦𐑯𐑕	ˈvɪdʒɪlɪns	RRP	89	𐑝𐑦𐑡𐑦𐑤𐑩𐑯𐑕	ˈvɪdʒɪləns	
vigorous	𐑝𐑦𐑜𐑼𐑼𐑕	vɪɡərəRs	RRP	89	𐑝𐑦𐑜𐑼𐑩𐑕	ˈvɪɡərəs	
vigorously	𐑝𐑦𐑜𐑼𐑼𐑕𐑤𐑦	vɪɡərəRsli	RRP	89	𐑝𐑦𐑜𐑼𐑩𐑕𐑤𐑦	ˈvɪɡərəsli	
villein	𐑝𐑦𐑤𐑩𐑯	ˈvɪlən	RRP	89	𐑝𐑦𐑤𐑱𐑯	ˈvɪleɪn	
vinaigrette	𐑝𐑦𐑯𐑩𐑜𐑮𐑧𐑑	vɪnəɡret	RRP	89	𐑝𐑦𐑯𐑦𐑜𐑮𐑧𐑑	ˌvɪnɪˈɡret	
vinegar	𐑝𐑦𐑯𐑼𐑜𐑼	vɪnəRɡəR	RRP	89	𐑝𐑦𐑯𐑦𐑜𐑼	ˈvɪnɪɡəR	
vinyl	𐑝𐑲𐑯𐑩𐑤	ˈvaɪnəl	RRP	89	𐑝𐑲𐑯𐑦𐑤	ˈvaɪnɪl	
viola	𐑝𐑰𐑩𐑤𐑩	ˈviːələ	RRP	89	𐑝𐑦𐑴𐑤𐑩, 𐑝𐑲𐑩𐑤𐑩	vɪˈəʊlə	
violently	𐑝𐑲𐑤𐑩𐑯𐑑𐑤𐑦	ˈvaɪləntli	RRP	89	𐑝𐑲𐑩𐑤𐑩𐑯𐑑𐑤𐑦	ˈvaɪələntli	
viral	𐑝𐑲𐑮𐑼𐑤	vaɪrəRl	RRP	89	𐑝𐑲𐑮𐑩𐑤	ˈvaɪrəl	
virile	𐑝𐑦𐑮𐑼𐑤	vɪrəRl	RRP	89	𐑝𐑦𐑮𐑲𐑤	ˈvɪraɪl	
virility	𐑝𐑼𐑦𐑤𐑦𐑑𐑦	vərɪlɪti	RRP	89	𐑝𐑦𐑮𐑦𐑤𐑦𐑑𐑦	vɪˈrɪlɪti	
virology	𐑝𐑳𐑦𐑮𐑪𐑤𐑩𐑡𐑦	vʌɪrɒlədʒi	RRP	89	𐑝𐑲𐑮𐑪𐑤𐑩𐑡𐑦	vaɪˈrɒlədʒi	
virtuous	𐑝𐑻𐑗𐑫𐑼𐑕	vɜːRtʃʊəRs	RRP	89	𐑝𐑻𐑗𐑫𐑩𐑕	ˈvɜːRtʃuəs	
virulence	𐑝𐑦𐑮𐑘𐑩𐑤𐑩𐑯𐑕	vɪrjələns	RRP	89	𐑝𐑦𐑮𐑩𐑤𐑩𐑯𐑕	ˈvɪrələns	
virulent	𐑝𐑦𐑮𐑫𐑤𐑯𐑑	vɪrʊlnt	RRP	89	𐑝𐑦𐑮𐑩𐑤𐑩𐑯𐑑	ˈvɪrələnt	
virus	𐑝𐑲𐑮𐑼𐑕	vaɪrəRs	RRP	89	𐑝𐑲𐑮𐑩𐑕	ˈvaɪrəs	
visceral	𐑝𐑦𐑕𐑼𐑼𐑤	vɪsərəRl	RRP	89	𐑝𐑦𐑕𐑼𐑩𐑤	ˈvɪsərəl	
visible	𐑝𐑦𐑟𐑩𐑚𐑤	ˈvɪzəbl	RRP	89	𐑝𐑦𐑟𐑩𐑚𐑩𐑤	ˈvɪzəbəl	
vision	𐑝𐑦𐑠𐑯	ˈvɪʒn	RRP	89	𐑝𐑦𐑠𐑩𐑯	ˈvɪʒən	
visionary	𐑝𐑦𐑠𐑼𐑯𐑮𐑦	vɪʒəRnri	RRP	89	𐑝𐑦𐑠𐑩𐑯𐑼𐑦	ˈvɪʒənəri	
vista	𐑝𐑰𐑕𐑑𐑩	ˈviːstə	RRP	89	𐑝𐑦𐑕𐑑𐑩	ˈvɪstə	
vitreous	𐑝𐑦𐑑𐑮𐑦𐑩𐑕	vɪtriəs	RRP	89	𐑝𐑦𐑑𐑮𐑾𐑕	ˈvɪtrɪəs	
vitriol	𐑝𐑦𐑑𐑮𐑦𐑩𐑤	vɪtriəl	RRP	89	𐑝𐑦𐑑𐑮𐑦𐑪𐑤	ˈvɪtrɪɒl	
vituperate	𐑝𐑦𐑗𐑵𐑐𐑼𐑱𐑑	vɪtʃuːpəreɪt	RRP	89	𐑝𐑦𐑑𐑵𐑐𐑼𐑱𐑑, 𐑝𐑦𐑑𐑿𐑐𐑼𐑱𐑑	vɪˈtjuːpəreɪt	
vituperative	𐑝𐑦𐑑𐑿𐑐𐑮𐑼𐑑𐑦𐑝	vɪtjuːprəRtɪv	RRP	89	𐑝𐑦𐑑𐑵𐑐𐑼𐑩𐑑𐑦𐑝, 𐑝𐑦𐑑𐑿𐑐𐑼𐑩𐑑𐑦𐑝	vɪˈtjuːpərətɪv	
vivacious	𐑝𐑲𐑝𐑱𐑖𐑩𐑕	vaɪˈveɪʃəs	RRP	89	𐑝𐑦𐑝𐑱𐑖𐑩𐑕	vɪˈveɪʃəs	
vividly	𐑝𐑦𐑝𐑩𐑛𐑤𐑦	ˈvɪvƏdli	RRP	89	𐑝𐑦𐑝𐑦𐑛𐑤𐑦	ˈvɪvɪdli	
viviparous	𐑝𐑦𐑝𐑦𐑐𐑼𐑼𐑕	vɪvɪpərəRs	RRP	89	𐑝𐑦𐑝𐑦𐑐𐑼𐑩𐑕	vɪˈvɪpərəs	
vocalization	𐑝𐑴𐑒𐑤𐑦𐑟𐑱𐑖𐑯	voʊklɪˈzeɪʃn	RRP	89	𐑝𐑴𐑒𐑩𐑤𐑲𐑟𐑱𐑖𐑩𐑯	ˌvəʊkəlaɪˈzeɪʃən	
vociferate	𐑝𐑴𐑕𐑦𐑓𐑼𐑱𐑑	vəʊsɪfəreɪt	RRP	89	𐑝𐑩𐑕𐑦𐑓𐑼𐑱𐑑	vəˈsɪfəreɪt	
vociferation	𐑝𐑴𐑕𐑦𐑓𐑼𐑱𐑖𐑩𐑯	vəʊsɪfəreɪʃən	RRP	89	𐑝𐑩𐑕𐑦𐑓𐑼𐑱𐑖𐑩𐑯	vəˌsɪfəˈreɪʃən	
vociferous	𐑝𐑴𐑕𐑦𐑓𐑼𐑩𐑕	vəʊsɪfərəs	RRP	89	𐑝𐑩𐑕𐑦𐑓𐑼𐑩𐑕	vəˈsɪfərəs	
volga	𐑝𐑴𐑤𐑜𐑩	ˈvoʊlɡə	RRP	89	𐑝𐑪𐑤𐑜𐑩	ˈvɒlɡə	
volition	𐑝𐑩𐑤𐑦𐑖𐑯	vəˈlɪʃn	RRP	89	𐑝𐑩𐑤𐑦𐑖𐑩𐑯	vəˈlɪʃən	
volt	𐑝𐑪𐑤𐑑	vɒlt	RRP	89	𐑝𐑴𐑤𐑑	vəʊlt	
volte-face	𐑝𐑪𐑤𐑑𐑓𐑨𐑕	vɒltˈfæs	RRP	89	𐑝𐑪𐑤𐑑-𐑓𐑭𐑕	ˌvɒlt-ˈfɑːs	
voluntarily	𐑝𐑪𐑤𐑩𐑯𐑑𐑮𐑦𐑤𐑦	vɒləntrɪli	RRP	89	𐑝𐑪𐑤𐑩𐑯𐑑𐑼𐑦𐑤𐑦	ˈvɒləntərɪli	
voluntary	𐑝𐑪𐑤𐑩𐑯𐑑𐑮𐑦	vɒləntri	RRP	89	𐑝𐑪𐑤𐑩𐑯𐑑𐑼𐑦	ˈvɒləntəri	
voracious	𐑝𐑹𐑱𐑖𐑩𐑕	vɔːreɪʃəs	RRP	89	𐑝𐑼𐑱𐑖𐑩𐑕	vəˈreɪʃəs	
vortex	𐑝𐑷𐑮𐑑𐑧𐑒𐑕	vɔrteks	RRP	89	𐑝𐑹𐑑𐑧𐑒𐑕	ˈvɔːRteks	
voyeurism	𐑝𐑢𐑭𐑘𐑻𐑦𐑟𐑥	vwɑːjɜːrɪzm	RRP	89	𐑝𐑢𐑭𐑘𐑻𐑦𐑟𐑩𐑥	vwɑːˈjɜːrɪzəm	
vulgarian	𐑝𐑳𐑤𐑜𐑺𐑦𐑩𐑯	vʌlɡeəriən	RRP	89	𐑝𐑳𐑤𐑜𐑺𐑾𐑯	vʌlˈɡeərɪən	
vulnerability	𐑝𐑳𐑤𐑯𐑼𐑼𐑚𐑦𐑤𐑦𐑑𐑦	vʌlnərəRbɪlɪti	RRP	89	𐑝𐑳𐑤𐑯𐑼𐑩𐑚𐑦𐑤𐑦𐑑𐑦	ˌvʌlnərəˈbɪlɪti	
vulnerable	𐑝𐑳𐑤𐑯𐑮𐑼𐑚𐑩𐑤	vʌlnrəRbəl	RRP	89	𐑝𐑳𐑤𐑯𐑼𐑩𐑚𐑩𐑤	ˈvʌlnərəbəl	
wacky	𐑢𐑨𐑒𐑰	ˈwækiː	RRP	89	𐑢𐑨𐑒𐑦	ˈwæki	
wagon	𐑢𐑨𐑜𐑯	ˈwæɡn	RRP	89	𐑢𐑨𐑜𐑩𐑯	ˈwæɡən	
wainscot	𐑢𐑱𐑯𐑕𐑒𐑪𐑑	ˈweɪnskɒt	RRP	89	𐑢𐑱𐑯𐑕𐑒𐑩𐑑	ˈweɪnskət	
wainscoted	𐑢𐑱𐑯𐑕𐑒𐑪𐑑𐑩𐑛	ˈweɪnskɒtƏd	RRP	89	𐑢𐑱𐑯𐑕𐑒𐑩𐑑𐑩𐑛	ˈweɪnskətƏd	
waistcoat	𐑢𐑱𐑕𐑒𐑴𐑑	ˈweɪskəʊt	RRP	89	𐑢𐑱𐑕𐑑𐑒𐑴𐑑	ˈweɪstkəʊt	
wallah	𐑢𐑭𐑤𐑩	ˈwɑːlə	RRP	89	𐑢𐑪𐑤𐑩	ˈwɒlə	
wallet	𐑢𐑪𐑤𐑦𐑑	ˈwɒlɪt	RRP	89	𐑢𐑪𐑤𐑩𐑑	ˈwɒlət	
wardress	𐑢𐑹𐑛𐑮𐑦𐑕	wɔːRdrɪs	RRP	89	𐑢𐑹𐑛𐑮𐑩𐑕	ˈwɔːRdrƏs	
warrant	𐑢𐑪𐑮𐑼𐑯𐑑	wɒrəRnt	RRP	89	𐑢𐑪𐑮𐑩𐑯𐑑	ˈwɒrənt	
warranty	𐑢𐑪𐑮𐑼𐑯𐑑𐑦	wɒrəRnti	RRP	89	𐑢𐑪𐑮𐑩𐑯𐑑𐑦	ˈwɒrənti	
warren	𐑢𐑪𐑮𐑼𐑯	wɒrəRn	RRP	89	𐑢𐑪𐑮𐑩𐑯	ˈwɒrən	
watchmaker	𐑢𐑷𐑗𐑥𐑱𐑒𐑼	wɔtʃmeɪkəR	RRP	89	𐑢𐑪𐑗𐑥𐑱𐑒𐑼	ˈwɒtʃmeɪkəR	
weaken	𐑢𐑦𐑒𐑩𐑯	ˈwikən	RRP	89	𐑢𐑰𐑒𐑩𐑯	ˈwiːkən	
weakened	𐑢𐑰𐑒𐑧𐑯𐑛	wiːˈkend	RRP	89	𐑢𐑰𐑒𐑩𐑯𐑛	ˈwiːkənd	
weakling	𐑢𐑦𐑘𐑒𐑤𐑦𐑙𐑜	ˈwijkˈlɪŋɡ	RRP	89	𐑢𐑰𐑒𐑤𐑦𐑙	ˈwiːklɪŋ	
wearable	𐑢𐑺𐑼𐑚𐑤	weərəRbl	RRP	89	𐑢𐑺𐑩𐑚𐑩𐑤	ˈweərəbəl	
weasel	𐑢𐑰𐑟𐑤	ˈwiːzl	RRP	89	𐑢𐑰𐑟𐑩𐑤	ˈwiːzəl	
weevil	𐑢𐑰𐑝𐑤	ˈwiːvl	RRP	89	𐑢𐑰𐑝𐑩𐑤	ˈwiːvəl	
welkin	𐑢𐑧𐑤𐑒𐑩𐑯	ˈwelkən	RRP	89	𐑢𐑧𐑤𐑒𐑦𐑯	ˈwelkɪn	
well-being	𐑢𐑧𐑤𐑚𐑰𐑦𐑙	welˈbiːɪŋ	RRP	89	𐑢𐑧𐑤-𐑚𐑰𐑦𐑙	wel-ˈbiːɪŋ	
well-known	𐑢𐑧𐑤𐑯𐑴𐑯	ˌwelˈnəʊn	RRP	89	𐑢𐑧𐑤-𐑯𐑴𐑯	ˈwel-nəʊn	
well-rounded	𐑢𐑧𐑤𐑮𐑬𐑯𐑛𐑩𐑛	welraʊndƏd	RRP	89	𐑢𐑧𐑤-𐑮𐑬𐑯𐑛𐑩𐑛	wel-ˈraʊndƏd	
well-to-do	𐑢𐑧𐑤𐑑𐑩𐑛𐑫	ˌweltəˈdu	RRP	89	𐑢𐑧𐑤-𐑑-𐑛𐑵	ˌwel-T-ˈduː	
werewolf	𐑢𐑻𐑢𐑫𐑤𐑓	wɜːRwʊlf	RRP	89	𐑢𐑺𐑢𐑫𐑤𐑓	ˈweəRwʊlf	
wesleyan	𐑢𐑧𐑟𐑤𐑦𐑩𐑯	ˈwezliən	RRP	89	𐑢𐑧𐑟𐑤𐑾𐑯	ˈwezlɪən	
wholehearted	𐑣𐑴𐑤𐑣𐑸𐑑𐑼𐑛	həʊlhɑːRtəRd	RRP	89	𐑣𐑴𐑤𐑣𐑸𐑑𐑩𐑛	ˌhəʊlˈhɑːRtƏd	
wholeheartedly	𐑣𐑴𐑤𐑣𐑸𐑑𐑼𐑛𐑤𐑦	həʊlhɑːRtəRdli	RRP	89	𐑣𐑴𐑤𐑣𐑸𐑑𐑩𐑛𐑤𐑦	ˌhəʊlˈhɑːRtƏdli	
wholly	𐑣𐑴𐑤𐑦	ˈhəʊli	RRP	89	𐑣𐑴𐑤𐑤𐑦	ˈhəʊl+li	
wi	𐑢𐑦	wɪ	RRP	89	⸰⁠𐑢𐑦	ˌdʌbəljuːˈaɪ	
wickedness	𐑢𐑦𐑒𐑦𐑛𐑯𐑩𐑕	ˈwɪkɪdnəs	RRP	89	𐑢𐑦𐑒𐑩𐑛𐑯𐑩𐑕	ˈwɪkƏdnəs	
wicket	𐑢𐑦𐑒𐑦𐑑	ˈwɪkɪt	RRP	89	𐑢𐑦𐑒𐑩𐑑	ˈwɪkIt	
width	𐑢𐑦𐑑𐑔	ˈwɪtθ	RRP	89	𐑢𐑦𐑛𐑔	wɪdθ	
wigwam	𐑢𐑦𐑜𐑢𐑭𐑥	ˈwɪɡwɑːm	RRP	89	𐑢𐑦𐑜𐑢𐑨𐑥	ˈwɪɡwæm	
wildebeest	𐑢𐑦𐑤𐑛𐑩𐑚𐑦𐑕𐑑	ˈwɪldəbist	RRP	89	𐑢𐑦𐑤𐑛𐑦𐑚𐑰𐑕𐑑	ˈwɪldɪbiːst	
wilful	𐑢𐑦𐑤𐑓𐑫𐑤	ˈwɪlfʊl	RRP	89	𐑢𐑦𐑤𐑓𐑩𐑤	ˈwɪlfəl	
willy-nilly	𐑢𐑦𐑤𐑦𐑯𐑦𐑤𐑦	ˌwɪliˈnɪli	RRP	89	𐑢𐑦𐑤𐑦-𐑯𐑦𐑤𐑦	ˌwɪli-ˈnɪli	
winchester	𐑢𐑦𐑯𐑗𐑧𐑕𐑑𐑼	wɪntʃestəR	RRP	89	𐑢𐑦𐑯𐑗𐑩𐑕𐑑𐑼	ˈwɪntʃəstəR	
windscreen	𐑢𐑦𐑯𐑕𐑒𐑮𐑰𐑯	wɪnskriːn	RRP	89	𐑢𐑦𐑯𐑛𐑕𐑒𐑮𐑰𐑯	ˈwɪndskriːn	
winsome	𐑢𐑦𐑯𐑕𐑥	ˈwɪnsm	RRP	89	𐑢𐑦𐑯𐑕𐑩𐑥	ˈwɪnsəm	
wiry	𐑢𐑲𐑮𐑦	waɪri	RRP	89	𐑢𐑲𐑼𐑦	ˈwaɪəri	
wishy-washy	𐑢𐑦𐑖𐑦𐑢𐑪𐑖𐑦	ˈwɪʃiˌwɒʃi	RRP	89	𐑢𐑦𐑖𐑦-𐑢𐑪𐑖𐑦	ˈwɪʃi-wɒʃi	
witch-hunt	𐑢𐑦𐑗𐑣𐑳𐑯𐑑	ˈwɪtʃhʌnt	RRP	89	𐑢𐑦𐑗-𐑣𐑳𐑯𐑑	ˈwɪtʃ-hʌnt	
withdrawal	𐑢𐑦𐑞𐑛𐑮𐑷𐑤	wɪðdrɔːl	RRP	89	𐑢𐑦𐑔𐑛𐑮𐑷𐑩𐑤, 𐑢𐑦𐑞𐑛𐑮𐑷𐑩𐑤	wɪðˈdrɔːəl	
womanlike	𐑢𐑫𐑥𐑩𐑯𐑤𐑳𐑦𐑒	ˈwʊmənlʌɪk	RRP	89	𐑢𐑫𐑥𐑩𐑯𐑤𐑲𐑒	ˈwʊmənlaɪk	
won	𐑢𐑪𐑯	wɒn	RRP	89	𐑢𐑳𐑯	wʌn	
wonderful	𐑢𐑳𐑯𐑛𐑼𐑓𐑤	wʌndəRfl	RRP	89	𐑢𐑳𐑯𐑛𐑼𐑓𐑩𐑤	ˈwʌndəRfəl	
wonderfully	𐑢𐑳𐑯𐑛𐑼𐑓𐑤𐑦	wʌndəRfli	RRP	89	𐑢𐑳𐑯𐑛𐑼𐑓𐑩𐑤𐑦	ˈwʌndəRfəli	
wonky	𐑢𐑷𐑙𐑒𐑦	ˈwɔːŋkɪ	RRP	89	𐑢𐑪𐑙𐑒𐑦	ˈwɒŋki	
world-weary	𐑢𐑻𐑤𐑛 𐑢𐑽𐑦	wɜːRld wɪəri	RRP	89	𐑢𐑻𐑤𐑛-𐑢𐑽𐑦	ˈwɜːRld-wɪəri	
wormwood	𐑢𐑼𐑥𐑢𐑫𐑛	wəRmwʊd	RRP	89	𐑢𐑻𐑥𐑢𐑫𐑛	ˈwɜːRmwʊd	
wrathful	𐑮𐑨𐑔𐑓𐑩𐑤	ræθfəl	RRP	89	𐑮𐑪𐑔𐑓𐑩𐑤	ˈrɒθfəl	
wrestling	𐑮𐑧𐑕𐑩𐑤𐑦𐑙	resəlɪŋ	RRP	89	𐑮𐑧𐑕𐑤𐑦𐑙	ˈreslɪŋ	
wretchedness	𐑮𐑧𐑗𐑦𐑛𐑯𐑩𐑕	retʃɪdnəs	RRP	89	𐑮𐑧𐑗𐑩𐑛𐑯𐑩𐑕	ˈretʃƏdnəs	
wristband	𐑮𐑦𐑕𐑚𐑨𐑯𐑛	rɪsbænd	RRP	89	𐑮𐑦𐑕𐑑𐑚𐑨𐑯𐑛	ˈrɪstbænd	
wristlet	𐑮𐑦𐑕𐑤𐑩𐑑	rɪslət	RRP	89	𐑮𐑦𐑕𐑑𐑤𐑩𐑑	ˈrɪstlət	
x-ray	𐑧𐑒𐑕 𐑮𐑱	eks reɪ	RRP	89	𐑧𐑒𐑕-𐑮𐑱	ˈeks-reɪ	
xerox	𐑟𐑧𐑮𐑪𐑒𐑕	zerɒks	RRP	89	𐑟𐑽𐑪𐑒𐑕	ˈzɪərɒks	
xmas	𐑒𐑮𐑦𐑕𐑥𐑩𐑕	ˈkrɪsməs	RRP	89	𐑧𐑒𐑕𐑥𐑩𐑕	ˈeksməs	
years	𐑘𐑦𐑼𐑟	jiəRz	RRP	89	𐑘𐑽𐑟	jɪəRz	
yo-yo	𐑘𐑴𐑘𐑴	ˈjəʊjəʊ	RRP	89	𐑘𐑴-𐑘𐑴	ˈjəʊ-jəʊ	
yoghurt	𐑘𐑪𐑜𐑼𐑑	jɒɡəRt	RRP	89	𐑘𐑴𐑜𐑼𐑑	ˈjəʊɡəRt	
yorkshire	𐑘𐑹𐑒𐑖𐑽	jɔːRkʃɪəR	RRP	89	𐑘𐑹𐑒𐑖𐑼	ˈjɔːRkʃəR	
zairean	𐑟𐑳𐑦𐑽𐑾𐑯	zʌɪɪərɪən	RRP	89	𐑟𐑲𐑽𐑾𐑯	zaɪˈɪərɪən	
zebra	𐑟𐑰𐑚𐑮𐑩	ziːbrə	RRP	89	𐑟𐑧𐑚𐑮𐑩	ˈzebrə	
zenith	𐑟𐑦𐑯𐑦𐑔	ˈzinɪθ	RRP	89	𐑟𐑧𐑯𐑦𐑔	ˈzenɪθ	
zeppelin	𐑟𐑧𐑐𐑤𐑦𐑯	ˈzeplɪn	RRP	89	𐑟𐑧𐑐𐑩𐑤𐑦𐑯	ˈzepəlɪn	
zero	𐑟𐑦𐑮𐑴	zɪroʊ	RRP	89	𐑟𐑽𐑴	ˈzɪərəʊ	
zucchini	𐑟𐑵𐑒𐑰𐑯𐑰	zuːˈkiːniː	RRP	89	𐑟𐑫𐑒𐑰𐑯𐑦	zʊˈkiːni	
carrier	𐑒𐑨𐑮𐑽	kærɪəR	RRP	95	𐑒𐑨𐑮𐑦𐑼	ˈkærɪəR	r_gap:spelling=3,ipa=2; shave_agrees
communion	𐑒𐑩𐑥𐑿𐑯𐑘𐑩𐑯	kəˈmjuːnjən	RRP	95	𐑒𐑩𐑥𐑿𐑯𐑾𐑯	kəˈmjuːnɪən	ml_disagrees:𐑒𐑩𐑥𐑿𐑯𐑾𐑯; shave_agrees
disciplinarian	𐑛𐑦𐑕𐑦𐑐𐑤𐑦𐑯𐑺𐑾𐑯	dɪsɪplɪneərɪən	RRP	95	𐑛𐑦𐑕𐑩𐑐𐑤𐑦𐑯𐑺𐑾𐑯	ˌdɪsəplɪˈneərɪən	ml_disagrees:𐑛𐑦𐑕𐑩𐑐𐑤𐑦𐑯𐑺𐑾𐑯; shave_agrees
disciplinary	𐑛𐑦𐑕𐑦𐑐𐑤𐑦𐑯𐑼𐑦	dɪsɪplɪnəri	RRP	95	𐑛𐑦𐑕𐑩𐑐𐑤𐑦𐑯𐑼𐑦	ˈdɪsəplɪnəri	ml_disagrees:𐑛𐑦𐑕𐑩𐑐𐑤𐑦𐑯𐑼𐑦; shave_agrees
disciplined	𐑛𐑦𐑕𐑦𐑐𐑤𐑦𐑯𐑛	ˈdɪsɪplɪnd	RRP	95	𐑛𐑦𐑕𐑩𐑐𐑤𐑦𐑯𐑛	ˈdɪsəplɪnd	ml_disagrees:𐑛𐑦𐑕𐑩𐑐𐑤𐑦𐑯𐑛; shave_agrees
graph	𐑜𐑮𐑭𐑓	ɡrɑːf	RRP	95	𐑜𐑮𐑨𐑓	ɡræf	ml_disagrees:𐑜𐑮ɑ𐑨𐑓; shave_agrees
homograph	𐑣𐑪𐑥𐑩𐑜𐑮𐑭𐑓	hɒməɡrɑːf	RRP	95	𐑣𐑪𐑥𐑩𐑜𐑮𐑨𐑓	ˈhɒməɡræf	ml_disagrees:𐑣𐑪𐑥𐑩𐑜𐑮ɑ𐑨𐑓; shave_agrees
horrible	𐑣𐑪𐑮𐑦𐑚𐑩𐑤	hɒrɪbəl	RRP	95	𐑣𐑪𐑮𐑩𐑚𐑩𐑤	ˈhɒrəbəl	r_gap:spelling=2,ipa=1; shave_agrees
miscegenation	𐑥𐑦𐑕𐑧𐑡𐑩𐑯𐑱𐑖𐑩𐑯	mɪˌsedʒəˈneɪʃən	RRP	95	𐑥𐑦𐑕𐑧𐑡𐑦𐑯𐑱𐑖𐑩𐑯	ˌmɪsedʒɪˈneɪʃən	ml_disagrees:𐑥𐑦𐑕𐑧𐑡𐑦𐑯𐑱𐑖𐑩𐑯; shave_agrees
pantograph	𐑐𐑨𐑯𐑑𐑩𐑜𐑮𐑭𐑓	pantəɡrɑːf	RRP	95	𐑐𐑨𐑯𐑑𐑩𐑜𐑮𐑨𐑓	ˈpæntəɡræf	ml_disagrees:𐑐𐑨𐑯𐑑𐑩𐑜𐑮ɑ𐑨𐑓; shave_agrees
phonograph	𐑓𐑴𐑯𐑩𐑜𐑮𐑭𐑓	fəʊnəɡrɑːf	RRP	95	𐑓𐑴𐑯𐑩𐑜𐑮𐑨𐑓	ˈfəʊnəɡræf	ml_disagrees:𐑓𐑴𐑯𐑩𐑜𐑮ɑ𐑨𐑓; shave_agrees
photograph	𐑓𐑴𐑑𐑩𐑜𐑮𐑭𐑓	fəʊtəɡrɑːf	RRP	95	𐑓𐑴𐑑𐑩𐑜𐑮𐑨𐑓	ˈfəʊtəɡræf	ml_disagrees:𐑓𐑴𐑑𐑩𐑜𐑮ɑ𐑨𐑓; shave_agrees
principal	𐑐𐑮𐑦𐑯𐑕𐑦𐑐𐑩𐑤	prɪnsɪpəl	RRP	95	𐑐𐑮𐑦𐑯𐑕𐑩𐑐𐑩𐑤	ˈprɪnsəpəl	ml_disagrees:𐑐𐑮𐑦𐑯𐑕𐑩𐑐𐑩𐑤; shave_agrees
respiration	𐑮𐑧𐑕𐑐𐑦𐑮𐑱𐑖𐑩𐑯	respɪreɪʃən	RRP	95	𐑮𐑧𐑕𐑐𐑼𐑱𐑖𐑩𐑯	ˌrespəˈreɪʃən	ml_disagrees:𐑮𐑧𐑕𐑐𐑼𐑱𐑖𐑩𐑯; shave_agrees
sierra	𐑕𐑦𐑧𐑮𐑩	sierə	RRP	95	𐑕𐑦𐑺𐑩	sɪˈeərə	r_gap:spelling=2,ipa=1; shave_agrees
terribly	𐑑𐑧𐑮𐑦𐑚𐑤𐑦	terɪbli	RRP	95	𐑑𐑧𐑮𐑩𐑚𐑤𐑦	ˈterəbli	r_gap:spelling=2,ipa=1; shave_agrees
crucible	𐑒𐑮𐑵𐑕𐑩𐑚𐑩𐑤	kruːsɪbəl	RRP	99	𐑒𐑮𐑵𐑕𐑦𐑚𐑩𐑤	ˈkruːsɪbəl	ml_disagrees:𐑒𐑮𐑵𐑕𐑩𐑚𐑩𐑤; overridden:was=𐑒𐑮𐑵𐑕𐑦𐑚𐑩𐑤; shave+ml_consensus
duchess	𐑛𐑳𐑗𐑩𐑕	ˈdʌtʃɪs	RRP	99	𐑛𐑳𐑗𐑧𐑕	ˈdʌtʃes	ml_disagrees:𐑛𐑳𐑗𐑩𐑕; overridden:was=𐑛𐑳𐑗𐑦𐑕; shave+ml_consensus
